15:47:30.452571 exec-cmd.c:266          trace: resolved executable dir: C:/Users/BSAGuest/AppData/Local/Programs/Git/mingw64/bin
15:47:30.464933 git.c:502               trace: built-in: git commit -m 'Archiving saved versions of ARPANet hacks from over two months ago - Github and MS tools (among everything else) are broken for a while - The Administration LLC / he has lost his damn mind in Hyde Park this year (after convenient for Administration/ARPANet LLC to block new unstated Github rules about 2.0GiB - note spelling of units - max push sizes - how convenient - nice to know now with the 25th anniversary of Porche 911, 2001 happening tomorrow) - VIII'
On branch porche911-summer2026-arpanet-recovery
Your branch is up to date with 'origin/porche911-summer2026-arpanet-recovery'.

You are in a sparse checkout with 11% of tracked files present.

Untracked files:
  (use "git add <file>..." to include in what will be committed)
	../porche704-v2/
	TODO-android-local-hints-at-setups/
	TODO-macos-screenshots-to-annotate/
	TODO-macos-screenshots-to-annotate2/
	TODO-macos-screenshots-to-annotate3/
	democrats-sold-into-slavery-notes/
	local-binenc-scripts/binary-analysis/-System-Volumes-Data-opt-local-bin-2to3-2.7.tar.bz2
	local-binenc-scripts/binary-analysis/-System-Volumes-Data-opt-local-bin-2to3-3.12.tar.bz2
	local-binenc-scripts/binary-analysis/-System-Volumes-Data-opt-local-bin-4channels.tar.bz2
	local-binenc-scripts/binary-analysis/-System-Volumes-Data-opt-local-bin-Magick++-config.tar.bz2
	local-binenc-scripts/binary-analysis/-System-Volumes-Data-opt-local-bin-Magick-config.tar.bz2
	local-binenc-scripts/binary-analysis/-System-Volumes-Data-opt-local-bin-MagickCore-config.tar.bz2
	local-binenc-scripts/binary-analysis/-System-Volumes-Data-opt-local-bin-MagickWand-config.tar.bz2
	local-binenc-scripts/binary-analysis/-System-Volumes-Data-opt-local-bin-SvtAv1EncApp.tar.bz2
	local-binenc-scripts/binary-analysis/-System-Volumes-Data-opt-local-bin-Wand-config.tar.bz2
	local-binenc-scripts/binary-analysis/-System-Volumes-Data-opt-local-bin-a2ping.tar.bz2
	local-binenc-scripts/binary-analysis/-System-Volumes-Data-opt-local-bin-a5toa4.tar.bz2
	local-binenc-scripts/binary-analysis/-System-Volumes-Data-opt-local-bin-aclocal-1.18.tar.bz2
	local-binenc-scripts/binary-analysis/-System-Volumes-Data-opt-local-bin-aclocal.tar.bz2
	local-binenc-scripts/binary-analysis/-System-Volumes-Data-opt-local-bin-addbuiltin.tar.bz2
	local-binenc-scripts/binary-analysis/-System-Volumes-Data-opt-local-bin-adhocfilelist.tar.bz2
	local-binenc-scripts/binary-analysis/-System-Volumes-Data-opt-local-bin-adig.tar.bz2
	local-binenc-scripts/binary-analysis/-System-Volumes-Data-opt-local-bin-afm2tfm.tar.bz2
	local-binenc-scripts/binary-analysis/-System-Volumes-Data-opt-local-bin-ahost.tar.bz2
	local-binenc-scripts/binary-analysis/-System-Volumes-Data-opt-local-bin-allcm.tar.bz2
	local-binenc-scripts/binary-analysis/-System-Volumes-Data-opt-local-bin-allec.tar.bz2
	local-binenc-scripts/binary-analysis/-System-Volumes-Data-opt-local-bin-allneeded.tar.bz2
	local-binenc-scripts/binary-analysis/-System-Volumes-Data-opt-local-bin-amstex.tar.bz2
	local-binenc-scripts/binary-analysis/-System-Volumes-Data-opt-local-bin-analyze-build-mp-13.tar.bz2
	local-binenc-scripts/binary-analysis/-System-Volumes-Data-opt-local-bin-animate.tar.bz2
	local-binenc-scripts/binary-analysis/-System-Volumes-Data-opt-local-bin-annotate.tar.bz2
	local-binenc-scripts/binary-analysis/-System-Volumes-Data-opt-local-bin-antlr-config.tar.bz2
	local-binenc-scripts/binary-analysis/-System-Volumes-Data-opt-local-bin-antlr.tar.bz2
	local-binenc-scripts/binary-analysis/-System-Volumes-Data-opt-local-bin-any2djvu.tar.bz2
	local-binenc-scripts/binary-analysis/-System-Volumes-Data-opt-local-bin-aomdec.tar.bz2
	local-binenc-scripts/binary-analysis/-System-Volumes-Data-opt-local-bin-aomenc.tar.bz2
	local-binenc-scripts/binary-analysis/-System-Volumes-Data-opt-local-bin-ar.tar.bz2
	local-binenc-scripts/binary-analysis/-System-Volumes-Data-opt-local-bin-arara.tar.bz2
	local-binenc-scripts/binary-analysis/-System-Volumes-Data-opt-local-bin-arlatex.tar.bz2
	local-binenc-scripts/binary-analysis/-System-Volumes-Data-opt-local-bin-as.tar.bz2
	local-binenc-scripts/binary-analysis/-System-Volumes-Data-opt-local-bin-ascii-xfr.tar.bz2
	local-binenc-scripts/binary-analysis/-System-Volumes-Data-opt-local-bin-asn1Coding.tar.bz2
	local-binenc-scripts/binary-analysis/-System-Volumes-Data-opt-local-bin-asn1Decoding.tar.bz2
	local-binenc-scripts/binary-analysis/-System-Volumes-Data-opt-local-bin-asn1Parser.tar.bz2
	local-binenc-scripts/binary-analysis/-System-Volumes-Data-opt-local-bin-atob.tar.bz2
	local-binenc-scripts/binary-analysis/-System-Volumes-Data-opt-local-bin-authorindex.tar.bz2
	local-binenc-scripts/binary-analysis/-System-Volumes-Data-opt-local-bin-autoconf.tar.bz2
	local-binenc-scripts/binary-analysis/-System-Volumes-Data-opt-local-bin-autoheader.tar.bz2
	local-binenc-scripts/binary-analysis/-System-Volumes-Data-opt-local-bin-autom4te.tar.bz2
	local-binenc-scripts/binary-analysis/-System-Volumes-Data-opt-local-bin-automake-1.18.tar.bz2
	local-binenc-scripts/binary-analysis/-System-Volumes-Data-opt-local-bin-automake.tar.bz2
	local-binenc-scripts/binary-analysis/-System-Volumes-Data-opt-local-bin-autopoint.tar.bz2
	local-binenc-scripts/binary-analysis/-System-Volumes-Data-opt-local-bin-autoreconf.tar.bz2
	local-binenc-scripts/binary-analysis/-System-Volumes-Data-opt-local-bin-autoscan.tar.bz2
	local-binenc-scripts/binary-analysis/-System-Volumes-Data-opt-local-bin-autoupdate.tar.bz2
	local-binenc-scripts/binary-analysis/-System-Volumes-Data-opt-local-bin-avrdude.tar.bz2
	local-binenc-scripts/binary-analysis/-System-Volumes-Data-opt-local-bin-axohelp.tar.bz2
	local-binenc-scripts/binary-analysis/-System-Volumes-Data-opt-local-bin-baddbdir.tar.bz2
	local-binenc-scripts/binary-analysis/-System-Volumes-Data-opt-local-bin-bash.tar.bz2
	local-binenc-scripts/binary-analysis/-System-Volumes-Data-opt-local-bin-bashbug.tar.bz2
	local-binenc-scripts/binary-analysis/-System-Volumes-Data-opt-local-bin-bcwipe.tar.bz2
	local-binenc-scripts/binary-analysis/-System-Volumes-Data-opt-local-bin-bdftogd.tar.bz2
	local-binenc-scripts/binary-analysis/-System-Volumes-Data-opt-local-bin-bibtex.tar.bz2
	local-binenc-scripts/binary-analysis/-System-Volumes-Data-opt-local-bin-bibtex8.tar.bz2
	local-binenc-scripts/binary-analysis/-System-Volumes-Data-opt-local-bin-bibtexu.tar.bz2
	local-binenc-scripts/binary-analysis/-System-Volumes-Data-opt-local-bin-bison.tar.bz2
	local-binenc-scripts/binary-analysis/-System-Volumes-Data-opt-local-bin-bitcode-strip.tar.bz2
	local-binenc-scripts/binary-analysis/-System-Volumes-Data-opt-local-bin-bjam.tar.bz2
	local-binenc-scripts/binary-analysis/-System-Volumes-Data-opt-local-bin-bjoentegaard.tar.bz2
	local-binenc-scripts/binary-analysis/-System-Volumes-Data-opt-local-bin-block-rate-estim.tar.bz2
	local-binenc-scripts/binary-analysis/-System-Volumes-Data-opt-local-bin-bltest.tar.bz2
	local-binenc-scripts/binary-analysis/-System-Volumes-Data-opt-local-bin-bookshelf-listallfonts.tar.bz2
	local-binenc-scripts/binary-analysis/-System-Volumes-Data-opt-local-bin-bookshelf-mkfontsel.tar.bz2
	local-binenc-scripts/binary-analysis/-System-Volumes-Data-opt-local-bin-brotli.tar.bz2
	local-binenc-scripts/binary-analysis/-System-Volumes-Data-opt-local-bin-bsdcat.tar.bz2
	local-binenc-scripts/binary-analysis/-System-Volumes-Data-opt-local-bin-bsdcpio.tar.bz2
	local-binenc-scripts/binary-analysis/-System-Volumes-Data-opt-local-bin-bsdtar.tar.bz2
	local-binenc-scripts/binary-analysis/-System-Volumes-Data-opt-local-bin-bsdunzip.tar.bz2
	local-binenc-scripts/binary-analysis/-System-Volumes-Data-opt-local-bin-btoa.tar.bz2
	local-binenc-scripts/binary-analysis/-System-Volumes-Data-opt-local-bin-bugpoint-mp-12.tar.bz2
	local-binenc-scripts/binary-analysis/-System-Volumes-Data-opt-local-bin-bugpoint-mp-13.tar.bz2
	local-binenc-scripts/binary-analysis/-System-Volumes-Data-opt-local-bin-bundledoc.tar.bz2
	local-binenc-scripts/binary-analysis/-System-Volumes-Data-opt-local-bin-bunzip2.tar.bz2
	local-binenc-scripts/binary-analysis/-System-Volumes-Data-opt-local-bin-bzcat.tar.bz2
	local-binenc-scripts/binary-analysis/-System-Volumes-Data-opt-local-bin-bzcmp.tar.bz2
	local-binenc-scripts/binary-analysis/-System-Volumes-Data-opt-local-bin-bzdiff.tar.bz2
	local-binenc-scripts/binary-analysis/-System-Volumes-Data-opt-local-bin-bzegrep.tar.bz2
	local-binenc-scripts/binary-analysis/-System-Volumes-Data-opt-local-bin-bzfgrep.tar.bz2
	local-binenc-scripts/binary-analysis/-System-Volumes-Data-opt-local-bin-bzgrep.tar.bz2
	local-binenc-scripts/binary-analysis/-System-Volumes-Data-opt-local-bin-bzip2.tar.bz2
	local-binenc-scripts/binary-analysis/-System-Volumes-Data-opt-local-bin-bzip2recover.tar.bz2
	local-binenc-scripts/binary-analysis/-System-Volumes-Data-opt-local-bin-bzless.tar.bz2
	local-binenc-scripts/binary-analysis/-System-Volumes-Data-opt-local-bin-bzmore.tar.bz2
	local-binenc-scripts/binary-analysis/-System-Volumes-Data-opt-local-bin-bzz.tar.bz2
	local-binenc-scripts/binary-analysis/-System-Volumes-Data-opt-local-bin-c-index-test-mp-13.tar.bz2
	local-binenc-scripts/binary-analysis/-System-Volumes-Data-opt-local-bin-c44.tar.bz2
	local-binenc-scripts/binary-analysis/-System-Volumes-Data-opt-local-bin-c_rehash-1.1.tar.bz2
	local-binenc-scripts/binary-analysis/-System-Volumes-Data-opt-local-bin-c_rehash-3.tar.bz2
	local-binenc-scripts/binary-analysis/-System-Volumes-Data-opt-local-bin-c_rehash.tar.bz2
	local-binenc-scripts/binary-analysis/-System-Volumes-Data-opt-local-bin-cachepic.tar.bz2
	local-binenc-scripts/binary-analysis/-System-Volumes-Data-opt-local-bin-cairo-sphinx.tar.bz2
	local-binenc-scripts/binary-analysis/-System-Volumes-Data-opt-local-bin-cairo-trace.tar.bz2
	local-binenc-scripts/binary-analysis/-System-Volumes-Data-opt-local-bin-captoinfo.tar.bz2
	local-binenc-scripts/binary-analysis/-System-Volumes-Data-opt-local-bin-ccache-swig.tar.bz2
	local-binenc-scripts/binary-analysis/-System-Volumes-Data-opt-local-bin-ccmake.tar.bz2
	local-binenc-scripts/binary-analysis/-System-Volumes-Data-opt-local-bin-certutil.tar.bz2
	local-binenc-scripts/binary-analysis/-System-Volumes-Data-opt-local-bin-checklistings.tar.bz2
	local-binenc-scripts/binary-analysis/-System-Volumes-Data-opt-local-bin-chkdvifont.tar.bz2
	local-binenc-scripts/binary-analysis/-System-Volumes-Data-opt-local-bin-chklref.tar.bz2
	local-binenc-scripts/binary-analysis/-System-Volumes-Data-opt-local-bin-chktest.tar.bz2
	local-binenc-scripts/binary-analysis/-System-Volumes-Data-opt-local-bin-chktex.tar.bz2
	local-binenc-scripts/binary-analysis/-System-Volumes-Data-opt-local-bin-chkweb.tar.bz2
	local-binenc-scripts/binary-analysis/-System-Volumes-Data-opt-local-bin-cjb2.tar.bz2
	local-binenc-scripts/binary-analysis/-System-Volumes-Data-opt-local-bin-cjpeg.tar.bz2
	local-binenc-scripts/binary-analysis/-System-Volumes-Data-opt-local-bin-clang++-mp-13.tar.bz2
	local-binenc-scripts/binary-analysis/-System-Volumes-Data-opt-local-bin-clang-apply-replacements-mp-13.tar.bz2
	local-binenc-scripts/binary-analysis/-System-Volumes-Data-opt-local-bin-clang-change-namespace-mp-13.tar.bz2
	local-binenc-scripts/binary-analysis/-System-Volumes-Data-opt-local-bin-clang-check-mp-13.tar.bz2
	local-binenc-scripts/binary-analysis/-System-Volumes-Data-opt-local-bin-clang-cl-mp-13.tar.bz2
	local-binenc-scripts/binary-analysis/-System-Volumes-Data-opt-local-bin-clang-cpp-mp-13.tar.bz2
	local-binenc-scripts/binary-analysis/-System-Volumes-Data-opt-local-bin-clang-doc-mp-13.tar.bz2
	local-binenc-scripts/binary-analysis/-System-Volumes-Data-opt-local-bin-clang-extdef-mapping-mp-13.tar.bz2
	local-binenc-scripts/binary-analysis/-System-Volumes-Data-opt-local-bin-clang-format-mp-13.tar.bz2
	local-binenc-scripts/binary-analysis/-System-Volumes-Data-opt-local-bin-clang-include-fixer-mp-13.tar.bz2
	local-binenc-scripts/binary-analysis/-System-Volumes-Data-opt-local-bin-clang-move-mp-13.tar.bz2
	local-binenc-scripts/binary-analysis/-System-Volumes-Data-opt-local-bin-clang-mp-13.tar.bz2
	local-binenc-scripts/binary-analysis/-System-Volumes-Data-opt-local-bin-clang-offload-bundler-mp-13.tar.bz2
	local-binenc-scripts/binary-analysis/-System-Volumes-Data-opt-local-bin-clang-offload-wrapper-mp-13.tar.bz2
	local-binenc-scripts/binary-analysis/-System-Volumes-Data-opt-local-bin-clang-query-mp-13.tar.bz2
	local-binenc-scripts/binary-analysis/-System-Volumes-Data-opt-local-bin-clang-refactor-mp-13.tar.bz2
	local-binenc-scripts/binary-analysis/-System-Volumes-Data-opt-local-bin-clang-rename-mp-13.tar.bz2
	local-binenc-scripts/binary-analysis/-System-Volumes-Data-opt-local-bin-clang-reorder-fields-mp-13.tar.bz2
	local-binenc-scripts/binary-analysis/-System-Volumes-Data-opt-local-bin-clang-repl-mp-13.tar.bz2
	local-binenc-scripts/binary-analysis/-System-Volumes-Data-opt-local-bin-clang-scan-deps-mp-13.tar.bz2
	local-binenc-scripts/binary-analysis/-System-Volumes-Data-opt-local-bin-clang-tidy-mp-13.tar.bz2
	local-binenc-scripts/binary-analysis/-System-Volumes-Data-opt-local-bin-clangd-mp-13.tar.bz2
	local-binenc-scripts/binary-analysis/-System-Volumes-Data-opt-local-bin-clangd-xpc-test-client-mp-13.tar.bz2
	local-binenc-scripts/binary-analysis/-System-Volumes-Data-opt-local-bin-clear.tar.bz2
	local-binenc-scripts/binary-analysis/-System-Volumes-Data-opt-local-bin-cllualatex.tar.bz2
	local-binenc-scripts/binary-analysis/-System-Volumes-Data-opt-local-bin-cluttex.tar.bz2
	local-binenc-scripts/binary-analysis/-System-Volumes-Data-opt-local-bin-clxelatex.tar.bz2
	local-binenc-scripts/binary-analysis/-System-Volumes-Data-opt-local-bin-cmake.tar.bz2
	local-binenc-scripts/binary-analysis/-System-Volumes-Data-opt-local-bin-cmsutil.tar.bz2
	local-binenc-scripts/binary-analysis/-System-Volumes-Data-opt-local-bin-compare.tar.bz2
	local-binenc-scripts/binary-analysis/-System-Volumes-Data-opt-local-bin-compile-et.pl.tar.bz2
	local-binenc-scripts/binary-analysis/-System-Volumes-Data-opt-local-bin-compile_et.tar.bz2
	local-binenc-scripts/binary-analysis/-System-Volumes-Data-opt-local-bin-composite.tar.bz2
	local-binenc-scripts/binary-analysis/-System-Volumes-Data-opt-local-bin-conflict.tar.bz2
	local-binenc-scripts/binary-analysis/-System-Volumes-Data-opt-local-bin-conjure.tar.bz2
	local-binenc-scripts/binary-analysis/-System-Volumes-Data-opt-local-bin-convert.tar.bz2
	local-binenc-scripts/binary-analysis/-System-Volumes-Data-opt-local-bin-convertfilestopdf.tar.bz2
	local-binenc-scripts/binary-analysis/-System-Volumes-Data-opt-local-bin-convertfilestops.tar.bz2
	local-binenc-scripts/binary-analysis/-System-Volumes-Data-opt-local-bin-convertformat.tar.bz2
	local-binenc-scripts/binary-analysis/-System-Volumes-Data-opt-local-bin-convertsegfilestopdf.tar.bz2
	local-binenc-scripts/binary-analysis/-System-Volumes-Data-opt-local-bin-convertsegfilestops.tar.bz2
	local-binenc-scripts/binary-analysis/-System-Volumes-Data-opt-local-bin-converttopdf.tar.bz2
	local-binenc-scripts/binary-analysis/-System-Volumes-Data-opt-local-bin-converttops.tar.bz2
	local-binenc-scripts/binary-analysis/-System-Volumes-Data-opt-local-bin-corelist-5.34.tar.bz2
	local-binenc-scripts/binary-analysis/-System-Volumes-Data-opt-local-bin-corelist.tar.bz2
	local-binenc-scripts/binary-analysis/-System-Volumes-Data-opt-local-bin-cpack.tar.bz2
	local-binenc-scripts/binary-analysis/-System-Volumes-Data-opt-local-bin-cpaldjvu.tar.bz2
	local-binenc-scripts/binary-analysis/-System-Volumes-Data-opt-local-bin-cpan-5.34.tar.bz2
	local-binenc-scripts/binary-analysis/-System-Volumes-Data-opt-local-bin-cpan.tar.bz2
	local-binenc-scripts/binary-analysis/-System-Volumes-Data-opt-local-bin-crlutil.tar.bz2
	local-binenc-scripts/binary-analysis/-System-Volumes-Data-opt-local-bin-crmftest.tar.bz2
	local-binenc-scripts/binary-analysis/-System-Volumes-Data-opt-local-bin-csepdjvu.tar.bz2
	local-binenc-scripts/binary-analysis/-System-Volumes-Data-opt-local-bin-ctan-o-mat.tar.bz2
	local-binenc-scripts/binary-analysis/-System-Volumes-Data-opt-local-bin-ctanbib.tar.bz2
	local-binenc-scripts/binary-analysis/-System-Volumes-Data-opt-local-bin-ctangle.tar.bz2
	local-binenc-scripts/binary-analysis/-System-Volumes-Data-opt-local-bin-ctanify.tar.bz2
	local-binenc-scripts/binary-analysis/-System-Volumes-Data-opt-local-bin-ctanupload.tar.bz2
	local-binenc-scripts/binary-analysis/-System-Volumes-Data-opt-local-bin-ctest.tar.bz2
	local-binenc-scripts/binary-analysis/-System-Volumes-Data-opt-local-bin-ctie.tar.bz2
	local-binenc-scripts/binary-analysis/-System-Volumes-Data-opt-local-bin-ctwill-proofsort.tar.bz2
	local-binenc-scripts/binary-analysis/-System-Volumes-Data-opt-local-bin-ctwill-refsort.tar.bz2
	local-binenc-scripts/binary-analysis/-System-Volumes-Data-opt-local-bin-ctwill-twinx.tar.bz2
	local-binenc-scripts/binary-analysis/-System-Volumes-Data-opt-local-bin-ctwill.tar.bz2
	local-binenc-scripts/binary-analysis/-System-Volumes-Data-opt-local-bin-curl-config.tar.bz2
	local-binenc-scripts/binary-analysis/-System-Volumes-Data-opt-local-bin-curl.tar.bz2
	local-binenc-scripts/binary-analysis/-System-Volumes-Data-opt-local-bin-cvtsudoers.tar.bz2
	local-binenc-scripts/binary-analysis/-System-Volumes-Data-opt-local-bin-cweave.tar.bz2
	local-binenc-scripts/binary-analysis/-System-Volumes-Data-opt-local-bin-cwebp.tar.bz2
	local-binenc-scripts/binary-analysis/-System-Volumes-Data-opt-local-bin-cxpm.tar.bz2
	local-binenc-scripts/binary-analysis/-System-Volumes-Data-opt-local-bin-cygdb-3.13.tar.bz2
	local-binenc-scripts/binary-analysis/-System-Volumes-Data-opt-local-bin-cython-3.13.tar.bz2
	local-binenc-scripts/binary-analysis/-System-Volumes-Data-opt-local-bin-cythonize-3.13.tar.bz2
	local-binenc-scripts/binary-analysis/-System-Volumes-Data-opt-local-bin-daemondo.tar.bz2
	local-binenc-scripts/binary-analysis/-System-Volumes-Data-opt-local-bin-dav1d.tar.bz2
	local-binenc-scripts/binary-analysis/-System-Volumes-Data-opt-local-bin-db48_archive.tar.bz2
	local-binenc-scripts/binary-analysis/-System-Volumes-Data-opt-local-bin-db48_checkpoint.tar.bz2
	local-binenc-scripts/binary-analysis/-System-Volumes-Data-opt-local-bin-db48_deadlock.tar.bz2
	local-binenc-scripts/binary-analysis/-System-Volumes-Data-opt-local-bin-db48_dump.tar.bz2
	local-binenc-scripts/binary-analysis/-System-Volumes-Data-opt-local-bin-db48_hotbackup.tar.bz2
	local-binenc-scripts/binary-analysis/-System-Volumes-Data-opt-local-bin-db48_load.tar.bz2
	local-binenc-scripts/binary-analysis/-System-Volumes-Data-opt-local-bin-db48_printlog.tar.bz2
	local-binenc-scripts/binary-analysis/-System-Volumes-Data-opt-local-bin-db48_recover.tar.bz2
	local-binenc-scripts/binary-analysis/-System-Volumes-Data-opt-local-bin-db48_sql.tar.bz2
	local-binenc-scripts/binary-analysis/-System-Volumes-Data-opt-local-bin-db48_stat.tar.bz2
	local-binenc-scripts/binary-analysis/-System-Volumes-Data-opt-local-bin-db48_upgrade.tar.bz2
	local-binenc-scripts/binary-analysis/-System-Volumes-Data-opt-local-bin-db48_verify.tar.bz2
	local-binenc-scripts/binary-analysis/-System-Volumes-Data-opt-local-bin-dbilogstrip-5.34.tar.bz2
	local-binenc-scripts/binary-analysis/-System-Volumes-Data-opt-local-bin-dbiprof-5.34.tar.bz2
	local-binenc-scripts/binary-analysis/-System-Volumes-Data-opt-local-bin-dbiproxy-5.34.tar.bz2
	local-binenc-scripts/binary-analysis/-System-Volumes-Data-opt-local-bin-dbtest.tar.bz2
	local-binenc-scripts/binary-analysis/-System-Volumes-Data-opt-local-bin-dbtool.tar.bz2
	local-binenc-scripts/binary-analysis/-System-Volumes-Data-opt-local-bin-dbus-cleanup-sockets.tar.bz2
	local-binenc-scripts/binary-analysis/-System-Volumes-Data-opt-local-bin-dbus-daemon.tar.bz2
	local-binenc-scripts/binary-analysis/-System-Volumes-Data-opt-local-bin-dbus-launch.tar.bz2
	local-binenc-scripts/binary-analysis/-System-Volumes-Data-opt-local-bin-dbus-monitor.tar.bz2
	local-binenc-scripts/binary-analysis/-System-Volumes-Data-opt-local-bin-dbus-run-session.tar.bz2
	local-binenc-scripts/binary-analysis/-System-Volumes-Data-opt-local-bin-dbus-send.tar.bz2
	local-binenc-scripts/binary-analysis/-System-Volumes-Data-opt-local-bin-dbus-test-tool.tar.bz2
	local-binenc-scripts/binary-analysis/-System-Volumes-Data-opt-local-bin-dbus-update-activation-environment.tar.bz2
	local-binenc-scripts/binary-analysis/-System-Volumes-Data-opt-local-bin-dbus-uuidgen.tar.bz2
	local-binenc-scripts/binary-analysis/-System-Volumes-Data-opt-local-bin-dcraw_emu.tar.bz2
	local-binenc-scripts/binary-analysis/-System-Volumes-Data-opt-local-bin-dcraw_half.tar.bz2
	local-binenc-scripts/binary-analysis/-System-Volumes-Data-opt-local-bin-ddjvu.tar.bz2
	local-binenc-scripts/binary-analysis/-System-Volumes-Data-opt-local-bin-de-macro.tar.bz2
	local-binenc-scripts/binary-analysis/-System-Volumes-Data-opt-local-bin-depythontex.tar.bz2
	local-binenc-scripts/binary-analysis/-System-Volumes-Data-opt-local-bin-derb.tar.bz2
	local-binenc-scripts/binary-analysis/-System-Volumes-Data-opt-local-bin-derdump.tar.bz2
	local-binenc-scripts/binary-analysis/-System-Volumes-Data-opt-local-bin-dertimetest.tar.bz2
	local-binenc-scripts/binary-analysis/-System-Volumes-Data-opt-local-bin-detex.tar.bz2
	local-binenc-scripts/binary-analysis/-System-Volumes-Data-opt-local-bin-deweb.tar.bz2
	local-binenc-scripts/binary-analysis/-System-Volumes-Data-opt-local-bin-dfu-programmer.tar.bz2
	local-binenc-scripts/binary-analysis/-System-Volumes-Data-opt-local-bin-diagtool-mp-13.tar.bz2
	local-binenc-scripts/binary-analysis/-System-Volumes-Data-opt-local-bin-diff-highlight.tar.bz2
	local-binenc-scripts/binary-analysis/-System-Volumes-Data-opt-local-bin-digest.tar.bz2
	local-binenc-scripts/binary-analysis/-System-Volumes-Data-opt-local-bin-digestif.tar.bz2
	local-binenc-scripts/binary-analysis/-System-Volumes-Data-opt-local-bin-dirmngr-client.tar.bz2
	local-binenc-scripts/binary-analysis/-System-Volumes-Data-opt-local-bin-dirmngr.tar.bz2
	local-binenc-scripts/binary-analysis/-System-Volumes-Data-opt-local-bin-display.tar.bz2
	local-binenc-scripts/binary-analysis/-System-Volumes-Data-opt-local-bin-djpeg.tar.bz2
	local-binenc-scripts/binary-analysis/-System-Volumes-Data-opt-local-bin-djvm.tar.bz2
	local-binenc-scripts/binary-analysis/-System-Volumes-Data-opt-local-bin-djvmcvt.tar.bz2
	local-binenc-scripts/binary-analysis/-System-Volumes-Data-opt-local-bin-djvudigital.tar.bz2
	local-binenc-scripts/binary-analysis/-System-Volumes-Data-opt-local-bin-djvudump.tar.bz2
	local-binenc-scripts/binary-analysis/-System-Volumes-Data-opt-local-bin-djvuextract.tar.bz2
	local-binenc-scripts/binary-analysis/-System-Volumes-Data-opt-local-bin-djvumake.tar.bz2
	local-binenc-scripts/binary-analysis/-System-Volumes-Data-opt-local-bin-djvups.tar.bz2
	local-binenc-scripts/binary-analysis/-System-Volumes-Data-opt-local-bin-djvused.tar.bz2
	local-binenc-scripts/binary-analysis/-System-Volumes-Data-opt-local-bin-djvuserve.tar.bz2
	local-binenc-scripts/binary-analysis/-System-Volumes-Data-opt-local-bin-djvutoxml.tar.bz2
	local-binenc-scripts/binary-analysis/-System-Volumes-Data-opt-local-bin-djvutxt.tar.bz2
	local-binenc-scripts/binary-analysis/-System-Volumes-Data-opt-local-bin-djvuxmlparser.tar.bz2
	local-binenc-scripts/binary-analysis/-System-Volumes-Data-opt-local-bin-dm_date-5.34.tar.bz2
	local-binenc-scripts/binary-analysis/-System-Volumes-Data-opt-local-bin-dm_zdump-5.34.tar.bz2
	local-binenc-scripts/binary-analysis/-System-Volumes-Data-opt-local-bin-double.tar.bz2
	local-binenc-scripts/binary-analysis/-System-Volumes-Data-opt-local-bin-doxygen.tar.bz2
	local-binenc-scripts/binary-analysis/-System-Volumes-Data-opt-local-bin-dsymutil-mp-12.tar.bz2
	local-binenc-scripts/binary-analysis/-System-Volumes-Data-opt-local-bin-dsymutil-mp-13.tar.bz2
	local-binenc-scripts/binary-analysis/-System-Volumes-Data-opt-local-bin-dt2dv.tar.bz2
	local-binenc-scripts/binary-analysis/-System-Volumes-Data-opt-local-bin-dtxgen.tar.bz2
	local-binenc-scripts/binary-analysis/-System-Volumes-Data-opt-local-bin-dumpsexp.tar.bz2
	local-binenc-scripts/binary-analysis/-System-Volumes-Data-opt-local-bin-dv2dt.tar.bz2
	local-binenc-scripts/binary-analysis/-System-Volumes-Data-opt-local-bin-dvi2fax.tar.bz2
	local-binenc-scripts/binary-analysis/-System-Volumes-Data-opt-local-bin-dviasm.tar.bz2
	local-binenc-scripts/binary-analysis/-System-Volumes-Data-opt-local-bin-dvibook.tar.bz2
	local-binenc-scripts/binary-analysis/-System-Volumes-Data-opt-local-bin-dviconcat.tar.bz2
	local-binenc-scripts/binary-analysis/-System-Volumes-Data-opt-local-bin-dvicopy.tar.bz2
	local-binenc-scripts/binary-analysis/-System-Volumes-Data-opt-local-bin-dvidvi.tar.bz2
	local-binenc-scripts/binary-analysis/-System-Volumes-Data-opt-local-bin-dvigif.tar.bz2
	local-binenc-scripts/binary-analysis/-System-Volumes-Data-opt-local-bin-dvihp.tar.bz2
	local-binenc-scripts/binary-analysis/-System-Volumes-Data-opt-local-bin-dviinfox.tar.bz2
	local-binenc-scripts/binary-analysis/-System-Volumes-Data-opt-local-bin-dvilj.tar.bz2
	local-binenc-scripts/binary-analysis/-System-Volumes-Data-opt-local-bin-dvilj2p.tar.bz2
	local-binenc-scripts/binary-analysis/-System-Volumes-Data-opt-local-bin-dvilj4.tar.bz2
	local-binenc-scripts/binary-analysis/-System-Volumes-Data-opt-local-bin-dvilj4l.tar.bz2
	local-binenc-scripts/binary-analysis/-System-Volumes-Data-opt-local-bin-dvilj6.tar.bz2
	local-binenc-scripts/binary-analysis/-System-Volumes-Data-opt-local-bin-dvilualatex-dev.tar.bz2
	local-binenc-scripts/binary-analysis/-System-Volumes-Data-opt-local-bin-dvilualatex.tar.bz2
	local-binenc-scripts/binary-analysis/-System-Volumes-Data-opt-local-bin-dviluatex.tar.bz2
	local-binenc-scripts/binary-analysis/-System-Volumes-Data-opt-local-bin-dvipdf.tar.bz2
	local-binenc-scripts/binary-analysis/-System-Volumes-Data-opt-local-bin-dvipdfm.tar.bz2
	local-binenc-scripts/binary-analysis/-System-Volumes-Data-opt-local-bin-dvipdfmx.tar.bz2
	local-binenc-scripts/binary-analysis/-System-Volumes-Data-opt-local-bin-dvipdft.tar.bz2
	local-binenc-scripts/binary-analysis/-System-Volumes-Data-opt-local-bin-dvipng.tar.bz2
	local-binenc-scripts/binary-analysis/-System-Volumes-Data-opt-local-bin-dvipos.tar.bz2
	local-binenc-scripts/binary-analysis/-System-Volumes-Data-opt-local-bin-dvips.tar.bz2
	local-binenc-scripts/binary-analysis/-System-Volumes-Data-opt-local-bin-dvired.tar.bz2
	local-binenc-scripts/binary-analysis/-System-Volumes-Data-opt-local-bin-dviselect.tar.bz2
	local-binenc-scripts/binary-analysis/-System-Volumes-Data-opt-local-bin-dvispc.tar.bz2
	local-binenc-scripts/binary-analysis/-System-Volumes-Data-opt-local-bin-dvisvgm.tar.bz2
	local-binenc-scripts/binary-analysis/-System-Volumes-Data-opt-local-bin-dvitodvi.tar.bz2
	local-binenc-scripts/binary-analysis/-System-Volumes-Data-opt-local-bin-dvitype.tar.bz2
	local-binenc-scripts/binary-analysis/-System-Volumes-Data-opt-local-bin-dwebp.tar.bz2
	local-binenc-scripts/binary-analysis/-System-Volumes-Data-opt-local-bin-e2pall.tar.bz2
	local-binenc-scripts/binary-analysis/-System-Volumes-Data-opt-local-bin-ebb.tar.bz2
	local-binenc-scripts/binary-analysis/-System-Volumes-Data-opt-local-bin-ecperf.tar.bz2
	local-binenc-scripts/binary-analysis/-System-Volumes-Data-opt-local-bin-edtx2dtx.tar.bz2
	local-binenc-scripts/binary-analysis/-System-Volumes-Data-opt-local-bin-elf2tag.tar.bz2
	local-binenc-scripts/binary-analysis/-System-Volumes-Data-opt-local-bin-elinks.tar.bz2
	local-binenc-scripts/binary-analysis/-System-Volumes-Data-opt-local-bin-enc2xs-5.34.tar.bz2
	local-binenc-scripts/binary-analysis/-System-Volumes-Data-opt-local-bin-enc2xs.tar.bz2
	local-binenc-scripts/binary-analysis/-System-Volumes-Data-opt-local-bin-encguess-5.34.tar.bz2
	local-binenc-scripts/binary-analysis/-System-Volumes-Data-opt-local-bin-encodeinttest.tar.bz2
	local-binenc-scripts/binary-analysis/-System-Volumes-Data-opt-local-bin-envsubst.tar.bz2
	local-binenc-scripts/binary-analysis/-System-Volumes-Data-opt-local-bin-eolang.tar.bz2
	local-binenc-scripts/binary-analysis/-System-Volumes-Data-opt-local-bin-eps2eps.tar.bz2
	local-binenc-scripts/binary-analysis/-System-Volumes-Data-opt-local-bin-epspdf.tar.bz2
	local-binenc-scripts/binary-analysis/-System-Volumes-Data-opt-local-bin-epspdftk.tar.bz2
	local-binenc-scripts/binary-analysis/-System-Volumes-Data-opt-local-bin-etex.tar.bz2
	local-binenc-scripts/binary-analysis/-System-Volumes-Data-opt-local-bin-ettercap-pkexec.tar.bz2
	local-binenc-scripts/binary-analysis/-System-Volumes-Data-opt-local-bin-ettercap.tar.bz2
	local-binenc-scripts/binary-analysis/-System-Volumes-Data-opt-local-bin-etterfilter.tar.bz2
	local-binenc-scripts/binary-analysis/-System-Volumes-Data-opt-local-bin-etterlog.tar.bz2
	local-binenc-scripts/binary-analysis/-System-Volumes-Data-opt-local-bin-event_rpcgen.py.tar.bz2
	local-binenc-scripts/binary-analysis/-System-Volumes-Data-opt-local-bin-exceltex.tar.bz2
	local-binenc-scripts/binary-analysis/-System-Volumes-Data-opt-local-bin-explcheck.tar.bz2
	local-binenc-scripts/binary-analysis/-System-Volumes-Data-opt-local-bin-exr2aces.tar.bz2
	local-binenc-scripts/binary-analysis/-System-Volumes-Data-opt-local-bin-exrenvmap.tar.bz2
	local-binenc-scripts/binary-analysis/-System-Volumes-Data-opt-local-bin-exrheader.tar.bz2
	local-binenc-scripts/binary-analysis/-System-Volumes-Data-opt-local-bin-exrinfo.tar.bz2
	local-binenc-scripts/binary-analysis/-System-Volumes-Data-opt-local-bin-exrmakepreview.tar.bz2
	local-binenc-scripts/binary-analysis/-System-Volumes-Data-opt-local-bin-exrmaketiled.tar.bz2
	local-binenc-scripts/binary-analysis/-System-Volumes-Data-opt-local-bin-exrmanifest.tar.bz2
	local-binenc-scripts/binary-analysis/-System-Volumes-Data-opt-local-bin-exrmultipart.tar.bz2
	local-binenc-scripts/binary-analysis/-System-Volumes-Data-opt-local-bin-exrmultiview.tar.bz2
	local-binenc-scripts/binary-analysis/-System-Volumes-Data-opt-local-bin-exrstdattr.tar.bz2
	local-binenc-scripts/binary-analysis/-System-Volumes-Data-opt-local-bin-extractbb.tar.bz2
	local-binenc-scripts/binary-analysis/-System-Volumes-Data-opt-local-bin-fax2ps.tar.bz2
	local-binenc-scripts/binary-analysis/-System-Volumes-Data-opt-local-bin-fax2tiff.tar.bz2
	local-binenc-scripts/binary-analysis/-System-Volumes-Data-opt-local-bin-fbectest.tar.bz2
	local-binenc-scripts/binary-analysis/-System-Volumes-Data-opt-local-bin-fc-cache.tar.bz2
	local-binenc-scripts/binary-analysis/-System-Volumes-Data-opt-local-bin-fc-cat.tar.bz2
	local-binenc-scripts/binary-analysis/-System-Volumes-Data-opt-local-bin-fc-conflist.tar.bz2
	local-binenc-scripts/binary-analysis/-System-Volumes-Data-opt-local-bin-fc-list.tar.bz2
	local-binenc-scripts/binary-analysis/-System-Volumes-Data-opt-local-bin-fc-match.tar.bz2
	local-binenc-scripts/binary-analysis/-System-Volumes-Data-opt-local-bin-fc-pattern.tar.bz2
	local-binenc-scripts/binary-analysis/-System-Volumes-Data-opt-local-bin-fc-query.tar.bz2
	local-binenc-scripts/binary-analysis/-System-Volumes-Data-opt-local-bin-fc-scan.tar.bz2
	local-binenc-scripts/binary-analysis/-System-Volumes-Data-opt-local-bin-fc-validate.tar.bz2
	local-binenc-scripts/binary-analysis/-System-Volumes-Data-opt-local-bin-fftw-wisdom-to-conf.tar.bz2
	local-binenc-scripts/binary-analysis/-System-Volumes-Data-opt-local-bin-fftw-wisdom.tar.bz2
	local-binenc-scripts/binary-analysis/-System-Volumes-Data-opt-local-bin-fig4latex.tar.bz2
	local-binenc-scripts/binary-analysis/-System-Volumes-Data-opt-local-bin-filan.tar.bz2
	local-binenc-scripts/binary-analysis/-System-Volumes-Data-opt-local-bin-fileinfo.tar.bz2
	local-binenc-scripts/binary-analysis/-System-Volumes-Data-opt-local-bin-find-all-symbols-mp-13.tar.bz2
	local-binenc-scripts/binary-analysis/-System-Volumes-Data-opt-local-bin-findhyph.tar.bz2
	local-binenc-scripts/binary-analysis/-System-Volumes-Data-opt-local-bin-fipstest.tar.bz2
	local-binenc-scripts/binary-analysis/-System-Volumes-Data-opt-local-bin-flex++.tar.bz2
	local-binenc-scripts/binary-analysis/-System-Volumes-Data-opt-local-bin-flex.tar.bz2
	local-binenc-scripts/binary-analysis/-System-Volumes-Data-opt-local-bin-fmtutil-sys.tar.bz2
	local-binenc-scripts/binary-analysis/-System-Volumes-Data-opt-local-bin-fmtutil-user.tar.bz2
	local-binenc-scripts/binary-analysis/-System-Volumes-Data-opt-local-bin-fmtutil.tar.bz2
	local-binenc-scripts/binary-analysis/-System-Volumes-Data-opt-local-bin-fragmaster.tar.bz2
	local-binenc-scripts/binary-analysis/-System-Volumes-Data-opt-local-bin-freetype-config.tar.bz2
	local-binenc-scripts/binary-analysis/-System-Volumes-Data-opt-local-bin-fribidi.tar.bz2
	local-binenc-scripts/binary-analysis/-System-Volumes-Data-opt-local-bin-ftdi_eeprom.tar.bz2
	local-binenc-scripts/binary-analysis/-System-Volumes-Data-opt-local-bin-g-ir-annotation-tool.tar.bz2
	local-binenc-scripts/binary-analysis/-System-Volumes-Data-opt-local-bin-g-ir-compiler.tar.bz2
	local-binenc-scripts/binary-analysis/-System-Volumes-Data-opt-local-bin-g-ir-doc-tool.tar.bz2
	local-binenc-scripts/binary-analysis/-System-Volumes-Data-opt-local-bin-g-ir-generate.tar.bz2
	local-binenc-scripts/binary-analysis/-System-Volumes-Data-opt-local-bin-g-ir-inspect.tar.bz2
	local-binenc-scripts/binary-analysis/-System-Volumes-Data-opt-local-bin-g-ir-scanner.tar.bz2
	local-binenc-scripts/binary-analysis/-System-Volumes-Data-opt-local-bin-g[.tar.bz2
	local-binenc-scripts/binary-analysis/-System-Volumes-Data-opt-local-bin-gaddr2line.tar.bz2
	local-binenc-scripts/binary-analysis/-System-Volumes-Data-opt-local-bin-gar.tar.bz2
	local-binenc-scripts/binary-analysis/-System-Volumes-Data-opt-local-bin-gawk-5.3.2.tar.bz2
	local-binenc-scripts/binary-analysis/-System-Volumes-Data-opt-local-bin-gawk.tar.bz2
	local-binenc-scripts/binary-analysis/-System-Volumes-Data-opt-local-bin-gawkbug.tar.bz2
	local-binenc-scripts/binary-analysis/-System-Volumes-Data-opt-local-bin-gb2sum.tar.bz2
	local-binenc-scripts/binary-analysis/-System-Volumes-Data-opt-local-bin-gbase32.tar.bz2
	local-binenc-scripts/binary-analysis/-System-Volumes-Data-opt-local-bin-gbase64.tar.bz2
	local-binenc-scripts/binary-analysis/-System-Volumes-Data-opt-local-bin-gbasename.tar.bz2
	local-binenc-scripts/binary-analysis/-System-Volumes-Data-opt-local-bin-gbasenc.tar.bz2
	local-binenc-scripts/binary-analysis/-System-Volumes-Data-opt-local-bin-gc++filt.tar.bz2
	local-binenc-scripts/binary-analysis/-System-Volumes-Data-opt-local-bin-gcat.tar.bz2
	local-binenc-scripts/binary-analysis/-System-Volumes-Data-opt-local-bin-gchcon.tar.bz2
	local-binenc-scripts/binary-analysis/-System-Volumes-Data-opt-local-bin-gchgrp.tar.bz2
	local-binenc-scripts/binary-analysis/-System-Volumes-Data-opt-local-bin-gchmod.tar.bz2
	local-binenc-scripts/binary-analysis/-System-Volumes-Data-opt-local-bin-gchown.tar.bz2
	local-binenc-scripts/binary-analysis/-System-Volumes-Data-opt-local-bin-gchroot.tar.bz2
	local-binenc-scripts/binary-analysis/-System-Volumes-Data-opt-local-bin-gcksum.tar.bz2
	local-binenc-scripts/binary-analysis/-System-Volumes-Data-opt-local-bin-gcomm.tar.bz2
	local-binenc-scripts/binary-analysis/-System-Volumes-Data-opt-local-bin-gcp.tar.bz2
	local-binenc-scripts/binary-analysis/-System-Volumes-Data-opt-local-bin-gcsplit.tar.bz2
	local-binenc-scripts/binary-analysis/-System-Volumes-Data-opt-local-bin-gd2copypal.tar.bz2
	local-binenc-scripts/binary-analysis/-System-Volumes-Data-opt-local-bin-gd2togif.tar.bz2
	local-binenc-scripts/binary-analysis/-System-Volumes-Data-opt-local-bin-gd2topng.tar.bz2
	local-binenc-scripts/binary-analysis/-System-Volumes-Data-opt-local-bin-gdate.tar.bz2
	local-binenc-scripts/binary-analysis/-System-Volumes-Data-opt-local-bin-gdbm_dump.tar.bz2
	local-binenc-scripts/binary-analysis/-System-Volumes-Data-opt-local-bin-gdbm_load.tar.bz2
	local-binenc-scripts/binary-analysis/-System-Volumes-Data-opt-local-bin-gdbmtool.tar.bz2
	local-binenc-scripts/binary-analysis/-System-Volumes-Data-opt-local-bin-gdbus-codegen.tar.bz2
	local-binenc-scripts/binary-analysis/-System-Volumes-Data-opt-local-bin-gdbus.tar.bz2
	local-binenc-scripts/binary-analysis/-System-Volumes-Data-opt-local-bin-gdcmpgif.tar.bz2
	local-binenc-scripts/binary-analysis/-System-Volumes-Data-opt-local-bin-gdd.tar.bz2
	local-binenc-scripts/binary-analysis/-System-Volumes-Data-opt-local-bin-gdf.tar.bz2
	local-binenc-scripts/binary-analysis/-System-Volumes-Data-opt-local-bin-gdir.tar.bz2
	local-binenc-scripts/binary-analysis/-System-Volumes-Data-opt-local-bin-gdircolors.tar.bz2
	local-binenc-scripts/binary-analysis/-System-Volumes-Data-opt-local-bin-gdirname.tar.bz2
	local-binenc-scripts/binary-analysis/-System-Volumes-Data-opt-local-bin-gdk-pixbuf-csource.tar.bz2
	local-binenc-scripts/binary-analysis/-System-Volumes-Data-opt-local-bin-gdk-pixbuf-pixdata.tar.bz2
	local-binenc-scripts/binary-analysis/-System-Volumes-Data-opt-local-bin-gdk-pixbuf-query-loaders.tar.bz2
	local-binenc-scripts/binary-analysis/-System-Volumes-Data-opt-local-bin-gdk-pixbuf-thumbnailer.tar.bz2
	local-binenc-scripts/binary-analysis/-System-Volumes-Data-opt-local-bin-gdparttopng.tar.bz2
	local-binenc-scripts/binary-analysis/-System-Volumes-Data-opt-local-bin-gdtopng.tar.bz2
	local-binenc-scripts/binary-analysis/-System-Volumes-Data-opt-local-bin-gdu.tar.bz2
	local-binenc-scripts/binary-analysis/-System-Volumes-Data-opt-local-bin-gecho.tar.bz2
	local-binenc-scripts/binary-analysis/-System-Volumes-Data-opt-local-bin-gedi-5.34.tar.bz2
	local-binenc-scripts/binary-analysis/-System-Volumes-Data-opt-local-bin-gegrep.tar.bz2
	local-binenc-scripts/binary-analysis/-System-Volumes-Data-opt-local-bin-gelfedit.tar.bz2
	local-binenc-scripts/binary-analysis/-System-Volumes-Data-opt-local-bin-gen-enc-table.tar.bz2
	local-binenc-scripts/binary-analysis/-System-Volumes-Data-opt-local-bin-genbrk.tar.bz2
	local-binenc-scripts/binary-analysis/-System-Volumes-Data-opt-local-bin-gencfu.tar.bz2
	local-binenc-scripts/binary-analysis/-System-Volumes-Data-opt-local-bin-gencnval.tar.bz2
	local-binenc-scripts/binary-analysis/-System-Volumes-Data-opt-local-bin-gendict.tar.bz2
	local-binenc-scripts/binary-analysis/-System-Volumes-Data-opt-local-bin-genrb.tar.bz2
	local-binenc-scripts/binary-analysis/-System-Volumes-Data-opt-local-bin-genv.tar.bz2
	local-binenc-scripts/binary-analysis/-System-Volumes-Data-opt-local-bin-geoiplookup.tar.bz2
	local-binenc-scripts/binary-analysis/-System-Volumes-Data-opt-local-bin-geoiplookup6.tar.bz2
	local-binenc-scripts/binary-analysis/-System-Volumes-Data-opt-local-bin-getmapdl.tar.bz2
	local-binenc-scripts/binary-analysis/-System-Volumes-Data-opt-local-bin-gettext.sh.tar.bz2
	local-binenc-scripts/binary-analysis/-System-Volumes-Data-opt-local-bin-gettext.tar.bz2
	local-binenc-scripts/binary-analysis/-System-Volumes-Data-opt-local-bin-gettextize.tar.bz2
	local-binenc-scripts/binary-analysis/-System-Volumes-Data-opt-local-bin-gexpand.tar.bz2
	local-binenc-scripts/binary-analysis/-System-Volumes-Data-opt-local-bin-gexpr.tar.bz2
	local-binenc-scripts/binary-analysis/-System-Volumes-Data-opt-local-bin-gfactor.tar.bz2
	local-binenc-scripts/binary-analysis/-System-Volumes-Data-opt-local-bin-gfalse.tar.bz2
	local-binenc-scripts/binary-analysis/-System-Volumes-Data-opt-local-bin-gfgrep.tar.bz2
	local-binenc-scripts/binary-analysis/-System-Volumes-Data-opt-local-bin-gfmt.tar.bz2
	local-binenc-scripts/binary-analysis/-System-Volumes-Data-opt-local-bin-gfold.tar.bz2
	local-binenc-scripts/binary-analysis/-System-Volumes-Data-opt-local-bin-gftodvi.tar.bz2
	local-binenc-scripts/binary-analysis/-System-Volumes-Data-opt-local-bin-gftopk.tar.bz2
	local-binenc-scripts/binary-analysis/-System-Volumes-Data-opt-local-bin-gftype.tar.bz2
	local-binenc-scripts/binary-analysis/-System-Volumes-Data-opt-local-bin-ggrep.tar.bz2
	local-binenc-scripts/binary-analysis/-System-Volumes-Data-opt-local-bin-ggroups.tar.bz2
	local-binenc-scripts/binary-analysis/-System-Volumes-Data-opt-local-bin-ghead.tar.bz2
	local-binenc-scripts/binary-analysis/-System-Volumes-Data-opt-local-bin-ghostid.tar.bz2
	local-binenc-scripts/binary-analysis/-System-Volumes-Data-opt-local-bin-gid.tar.bz2
	local-binenc-scripts/binary-analysis/-System-Volumes-Data-opt-local-bin-gif2rgb.tar.bz2
	local-binenc-scripts/binary-analysis/-System-Volumes-Data-opt-local-bin-gif2webp.tar.bz2
	local-binenc-scripts/binary-analysis/-System-Volumes-Data-opt-local-bin-gifasm.tar.bz2
	local-binenc-scripts/binary-analysis/-System-Volumes-Data-opt-local-bin-gifbg.tar.bz2
	local-binenc-scripts/binary-analysis/-System-Volumes-Data-opt-local-bin-gifburst.tar.bz2
	local-binenc-scripts/binary-analysis/-System-Volumes-Data-opt-local-bin-gifclip.tar.bz2
	local-binenc-scripts/binary-analysis/-System-Volumes-Data-opt-local-bin-gifclrmp.tar.bz2
	local-binenc-scripts/binary-analysis/-System-Volumes-Data-opt-local-bin-gifcolor.tar.bz2
	local-binenc-scripts/binary-analysis/-System-Volumes-Data-opt-local-bin-gifcomb.tar.bz2
	local-binenc-scripts/binary-analysis/-System-Volumes-Data-opt-local-bin-gifcompose.tar.bz2
	local-binenc-scripts/binary-analysis/-System-Volumes-Data-opt-local-bin-giffiltr.tar.bz2
	local-binenc-scripts/binary-analysis/-System-Volumes-Data-opt-local-bin-giffix.tar.bz2
	local-binenc-scripts/binary-analysis/-System-Volumes-Data-opt-local-bin-gifflip.tar.bz2
	local-binenc-scripts/binary-analysis/-System-Volumes-Data-opt-local-bin-gifhisto.tar.bz2
	local-binenc-scripts/binary-analysis/-System-Volumes-Data-opt-local-bin-gifinfo.tar.bz2
	local-binenc-scripts/binary-analysis/-System-Volumes-Data-opt-local-bin-gifinter.tar.bz2
	local-binenc-scripts/binary-analysis/-System-Volumes-Data-opt-local-bin-gifinto.tar.bz2
	local-binenc-scripts/binary-analysis/-System-Volumes-Data-opt-local-bin-giflib5.tar.bz2
	local-binenc-scripts/binary-analysis/-System-Volumes-Data-opt-local-bin-gifovly.tar.bz2
	local-binenc-scripts/binary-analysis/-System-Volumes-Data-opt-local-bin-gifpos.tar.bz2
	local-binenc-scripts/binary-analysis/-System-Volumes-Data-opt-local-bin-gifrotat.tar.bz2
	local-binenc-scripts/binary-analysis/-System-Volumes-Data-opt-local-bin-gifrsize.tar.bz2
	local-binenc-scripts/binary-analysis/-System-Volumes-Data-opt-local-bin-gifspnge.tar.bz2
	local-binenc-scripts/binary-analysis/-System-Volumes-Data-opt-local-bin-giftext.tar.bz2
	local-binenc-scripts/binary-analysis/-System-Volumes-Data-opt-local-bin-giftogd2.tar.bz2
	local-binenc-scripts/binary-analysis/-System-Volumes-Data-opt-local-bin-gifwedge.tar.bz2
	local-binenc-scripts/binary-analysis/-System-Volumes-Data-opt-local-bin-ginstall.tar.bz2
	local-binenc-scripts/binary-analysis/-System-Volumes-Data-opt-local-bin-gio-querymodules.tar.bz2
	local-binenc-scripts/binary-analysis/-System-Volumes-Data-opt-local-bin-gio.tar.bz2
	local-binenc-scripts/binary-analysis/-System-Volumes-Data-opt-local-bin-git-clang-format-mp-13.tar.bz2
	local-binenc-scripts/binary-analysis/-System-Volumes-Data-opt-local-bin-git-cvsserver.tar.bz2
	local-binenc-scripts/binary-analysis/-System-Volumes-Data-opt-local-bin-git-latexdiff.tar.bz2
	local-binenc-scripts/binary-analysis/-System-Volumes-Data-opt-local-bin-git-receive-pack.tar.bz2
	local-binenc-scripts/binary-analysis/-System-Volumes-Data-opt-local-bin-git-shell.tar.bz2
	local-binenc-scripts/binary-analysis/-System-Volumes-Data-opt-local-bin-git-upload-archive.tar.bz2
	local-binenc-scripts/binary-analysis/-System-Volumes-Data-opt-local-bin-git-upload-pack.tar.bz2
	local-binenc-scripts/binary-analysis/-System-Volumes-Data-opt-local-bin-git.tar.bz2
	local-binenc-scripts/binary-analysis/-System-Volumes-Data-opt-local-bin-gitk.tar.bz2
	local-binenc-scripts/binary-analysis/-System-Volumes-Data-opt-local-bin-gjoin.tar.bz2
	local-binenc-scripts/binary-analysis/-System-Volumes-Data-opt-local-bin-gkill.tar.bz2
	local-binenc-scripts/binary-analysis/-System-Volumes-Data-opt-local-bin-glib-compile-resources.tar.bz2
	local-binenc-scripts/binary-analysis/-System-Volumes-Data-opt-local-bin-glib-compile-schemas.tar.bz2
	local-binenc-scripts/binary-analysis/-System-Volumes-Data-opt-local-bin-glib-genmarshal.tar.bz2
	local-binenc-scripts/binary-analysis/-System-Volumes-Data-opt-local-bin-glib-gettextize.tar.bz2
	local-binenc-scripts/binary-analysis/-System-Volumes-Data-opt-local-bin-glib-mkenums.tar.bz2
	local-binenc-scripts/binary-analysis/-System-Volumes-Data-opt-local-bin-glibtool.tar.bz2
	local-binenc-scripts/binary-analysis/-System-Volumes-Data-opt-local-bin-glibtoolize.tar.bz2
	local-binenc-scripts/binary-analysis/-System-Volumes-Data-opt-local-bin-glink.tar.bz2
	local-binenc-scripts/binary-analysis/-System-Volumes-Data-opt-local-bin-gln.tar.bz2
	local-binenc-scripts/binary-analysis/-System-Volumes-Data-opt-local-bin-glogname.tar.bz2
	local-binenc-scripts/binary-analysis/-System-Volumes-Data-opt-local-bin-gls.tar.bz2
	local-binenc-scripts/binary-analysis/-System-Volumes-Data-opt-local-bin-gm4.tar.bz2
	local-binenc-scripts/binary-analysis/-System-Volumes-Data-opt-local-bin-gmd5sum.tar.bz2
	local-binenc-scripts/binary-analysis/-System-Volumes-Data-opt-local-bin-gmkdir.tar.bz2
	local-binenc-scripts/binary-analysis/-System-Volumes-Data-opt-local-bin-gmkfifo.tar.bz2
	local-binenc-scripts/binary-analysis/-System-Volumes-Data-opt-local-bin-gmknod.tar.bz2
	local-binenc-scripts/binary-analysis/-System-Volumes-Data-opt-local-bin-gmktemp.tar.bz2
	local-binenc-scripts/binary-analysis/-System-Volumes-Data-opt-local-bin-gmv.tar.bz2
	local-binenc-scripts/binary-analysis/-System-Volumes-Data-opt-local-bin-gnice.tar.bz2
	local-binenc-scripts/binary-analysis/-System-Volumes-Data-opt-local-bin-gnl.tar.bz2
	local-binenc-scripts/binary-analysis/-System-Volumes-Data-opt-local-bin-gnm.tar.bz2
	local-binenc-scripts/binary-analysis/-System-Volumes-Data-opt-local-bin-gnohup.tar.bz2
	local-binenc-scripts/binary-analysis/-System-Volumes-Data-opt-local-bin-gnproc.tar.bz2
	local-binenc-scripts/binary-analysis/-System-Volumes-Data-opt-local-bin-gnucut.tar.bz2
	local-binenc-scripts/binary-analysis/-System-Volumes-Data-opt-local-bin-gnumfmt.tar.bz2
	local-binenc-scripts/binary-analysis/-System-Volumes-Data-opt-local-bin-gnupg-key-manage.tar.bz2
	local-binenc-scripts/binary-analysis/-System-Volumes-Data-opt-local-bin-gnutls-certtool.tar.bz2
	local-binenc-scripts/binary-analysis/-System-Volumes-Data-opt-local-bin-gnutls-cli-debug.tar.bz2
	local-binenc-scripts/binary-analysis/-System-Volumes-Data-opt-local-bin-gnutls-cli.tar.bz2
	local-binenc-scripts/binary-analysis/-System-Volumes-Data-opt-local-bin-gnutls-serv.tar.bz2
	local-binenc-scripts/binary-analysis/-System-Volumes-Data-opt-local-bin-gobjcopy.tar.bz2
	local-binenc-scripts/binary-analysis/-System-Volumes-Data-opt-local-bin-gobjdump.tar.bz2
	local-binenc-scripts/binary-analysis/-System-Volumes-Data-opt-local-bin-gobject-query.tar.bz2
	local-binenc-scripts/binary-analysis/-System-Volumes-Data-opt-local-bin-god.tar.bz2
	local-binenc-scripts/binary-analysis/-System-Volumes-Data-opt-local-bin-gpaste.tar.bz2
	local-binenc-scripts/binary-analysis/-System-Volumes-Data-opt-local-bin-gpathchk.tar.bz2
	local-binenc-scripts/binary-analysis/-System-Volumes-Data-opt-local-bin-gpg-agent.tar.bz2
	local-binenc-scripts/binary-analysis/-System-Volumes-Data-opt-local-bin-gpg-authcode-sign.sh.tar.bz2
	local-binenc-scripts/binary-analysis/-System-Volumes-Data-opt-local-bin-gpg-card.tar.bz2
	local-binenc-scripts/binary-analysis/-System-Volumes-Data-opt-local-bin-gpg-connect-agent.tar.bz2
	local-binenc-scripts/binary-analysis/-System-Volumes-Data-opt-local-bin-gpg-error-config.tar.bz2
	local-binenc-scripts/binary-analysis/-System-Volumes-Data-opt-local-bin-gpg-error.tar.bz2
	local-binenc-scripts/binary-analysis/-System-Volumes-Data-opt-local-bin-gpg-mail-tube.tar.bz2
	local-binenc-scripts/binary-analysis/-System-Volumes-Data-opt-local-bin-gpg-wks-client.tar.bz2
	local-binenc-scripts/binary-analysis/-System-Volumes-Data-opt-local-bin-gpg-wks-server.tar.bz2
	local-binenc-scripts/binary-analysis/-System-Volumes-Data-opt-local-bin-gpg.tar.bz2
	local-binenc-scripts/binary-analysis/-System-Volumes-Data-opt-local-bin-gpg2.tar.bz2
	local-binenc-scripts/binary-analysis/-System-Volumes-Data-opt-local-bin-gpgconf.tar.bz2
	local-binenc-scripts/binary-analysis/-System-Volumes-Data-opt-local-bin-gpgme-config.tar.bz2
	local-binenc-scripts/binary-analysis/-System-Volumes-Data-opt-local-bin-gpgme-json.tar.bz2
	local-binenc-scripts/binary-analysis/-System-Volumes-Data-opt-local-bin-gpgme-tool.tar.bz2
	local-binenc-scripts/binary-analysis/-System-Volumes-Data-opt-local-bin-gpgparsemail.tar.bz2
	local-binenc-scripts/binary-analysis/-System-Volumes-Data-opt-local-bin-gpgrt-config.tar.bz2
	local-binenc-scripts/binary-analysis/-System-Volumes-Data-opt-local-bin-gpgscm.tar.bz2
	local-binenc-scripts/binary-analysis/-System-Volumes-Data-opt-local-bin-gpgsm.tar.bz2
	local-binenc-scripts/binary-analysis/-System-Volumes-Data-opt-local-bin-gpgsplit.tar.bz2
	local-binenc-scripts/binary-analysis/-System-Volumes-Data-opt-local-bin-gpgtar.tar.bz2
	local-binenc-scripts/binary-analysis/-System-Volumes-Data-opt-local-bin-gpgv.tar.bz2
	local-binenc-scripts/binary-analysis/-System-Volumes-Data-opt-local-bin-gpinky.tar.bz2
	local-binenc-scripts/binary-analysis/-System-Volumes-Data-opt-local-bin-gpr.tar.bz2
	local-binenc-scripts/binary-analysis/-System-Volumes-Data-opt-local-bin-gprintenv.tar.bz2
	local-binenc-scripts/binary-analysis/-System-Volumes-Data-opt-local-bin-gprintf.tar.bz2
	local-binenc-scripts/binary-analysis/-System-Volumes-Data-opt-local-bin-gptx.tar.bz2
	local-binenc-scripts/binary-analysis/-System-Volumes-Data-opt-local-bin-gpwd.tar.bz2
	local-binenc-scripts/binary-analysis/-System-Volumes-Data-opt-local-bin-gr2fonttest.tar.bz2
	local-binenc-scripts/binary-analysis/-System-Volumes-Data-opt-local-bin-granlib.tar.bz2
	local-binenc-scripts/binary-analysis/-System-Volumes-Data-opt-local-bin-graph.tar.bz2
	local-binenc-scripts/binary-analysis/-System-Volumes-Data-opt-local-bin-greadelf.tar.bz2
	local-binenc-scripts/binary-analysis/-System-Volumes-Data-opt-local-bin-greadlink.tar.bz2
	local-binenc-scripts/binary-analysis/-System-Volumes-Data-opt-local-bin-grealpath.tar.bz2
	local-binenc-scripts/binary-analysis/-System-Volumes-Data-opt-local-bin-gresource.tar.bz2
	local-binenc-scripts/binary-analysis/-System-Volumes-Data-opt-local-bin-grm.tar.bz2
	local-binenc-scripts/binary-analysis/-System-Volumes-Data-opt-local-bin-grmdir.tar.bz2
	local-binenc-scripts/binary-analysis/-System-Volumes-Data-opt-local-bin-gruncon.tar.bz2
	local-binenc-scripts/binary-analysis/-System-Volumes-Data-opt-local-bin-gs.tar.bz2
	local-binenc-scripts/binary-analysis/-System-Volumes-Data-opt-local-bin-gsbj.tar.bz2
	local-binenc-scripts/binary-analysis/-System-Volumes-Data-opt-local-bin-gsc.tar.bz2
	local-binenc-scripts/binary-analysis/-System-Volumes-Data-opt-local-bin-gsdj.tar.bz2
	local-binenc-scripts/binary-analysis/-System-Volumes-Data-opt-local-bin-gsdj500.tar.bz2
	local-binenc-scripts/binary-analysis/-System-Volumes-Data-opt-local-bin-gsed.tar.bz2
	local-binenc-scripts/binary-analysis/-System-Volumes-Data-opt-local-bin-gseq.tar.bz2
	local-binenc-scripts/binary-analysis/-System-Volumes-Data-opt-local-bin-gsettings.tar.bz2
	local-binenc-scripts/binary-analysis/-System-Volumes-Data-opt-local-bin-gsftopk.tar.bz2
	local-binenc-scripts/binary-analysis/-System-Volumes-Data-opt-local-bin-gsha1sum.tar.bz2
	local-binenc-scripts/binary-analysis/-System-Volumes-Data-opt-local-bin-gsha224sum.tar.bz2
	local-binenc-scripts/binary-analysis/-System-Volumes-Data-opt-local-bin-gsha256sum.tar.bz2
	local-binenc-scripts/binary-analysis/-System-Volumes-Data-opt-local-bin-gsha384sum.tar.bz2
	local-binenc-scripts/binary-analysis/-System-Volumes-Data-opt-local-bin-gsha512sum.tar.bz2
	local-binenc-scripts/binary-analysis/-System-Volumes-Data-opt-local-bin-gshred.tar.bz2
	local-binenc-scripts/binary-analysis/-System-Volumes-Data-opt-local-bin-gshuf.tar.bz2
	local-binenc-scripts/binary-analysis/-System-Volumes-Data-opt-local-bin-gsize.tar.bz2
	local-binenc-scripts/binary-analysis/-System-Volumes-Data-opt-local-bin-gsleep.tar.bz2
	local-binenc-scripts/binary-analysis/-System-Volumes-Data-opt-local-bin-gslj.tar.bz2
	local-binenc-scripts/binary-analysis/-System-Volumes-Data-opt-local-bin-gslp.tar.bz2
	local-binenc-scripts/binary-analysis/-System-Volumes-Data-opt-local-bin-gsnd.tar.bz2
	local-binenc-scripts/binary-analysis/-System-Volumes-Data-opt-local-bin-gsort.tar.bz2
	local-binenc-scripts/binary-analysis/-System-Volumes-Data-opt-local-bin-gsplit.tar.bz2
	local-binenc-scripts/binary-analysis/-System-Volumes-Data-opt-local-bin-gss-client.tar.bz2
	local-binenc-scripts/binary-analysis/-System-Volumes-Data-opt-local-bin-gstat.tar.bz2
	local-binenc-scripts/binary-analysis/-System-Volumes-Data-opt-local-bin-gstdbuf.tar.bz2
	local-binenc-scripts/binary-analysis/-System-Volumes-Data-opt-local-bin-gstrings.tar.bz2
	local-binenc-scripts/binary-analysis/-System-Volumes-Data-opt-local-bin-gstrip.tar.bz2
	local-binenc-scripts/binary-analysis/-System-Volumes-Data-opt-local-bin-gstty.tar.bz2
	local-binenc-scripts/binary-analysis/-System-Volumes-Data-opt-local-bin-gsum.tar.bz2
	local-binenc-scripts/binary-analysis/-System-Volumes-Data-opt-local-bin-gsx.tar.bz2
	local-binenc-scripts/binary-analysis/-System-Volumes-Data-opt-local-bin-gsync.tar.bz2
	local-binenc-scripts/binary-analysis/-System-Volumes-Data-opt-local-bin-gtac.tar.bz2
	local-binenc-scripts/binary-analysis/-System-Volumes-Data-opt-local-bin-gtail.tar.bz2
	local-binenc-scripts/binary-analysis/-System-Volumes-Data-opt-local-bin-gtee.tar.bz2
	local-binenc-scripts/binary-analysis/-System-Volumes-Data-opt-local-bin-gtest.tar.bz2
	local-binenc-scripts/binary-analysis/-System-Volumes-Data-opt-local-bin-gtester-report.tar.bz2
	local-binenc-scripts/binary-analysis/-System-Volumes-Data-opt-local-bin-gtester.tar.bz2
	local-binenc-scripts/binary-analysis/-System-Volumes-Data-opt-local-bin-gtimeout.tar.bz2
	local-binenc-scripts/binary-analysis/-System-Volumes-Data-opt-local-bin-gtk-builder-tool.tar.bz2
	local-binenc-scripts/binary-analysis/-System-Volumes-Data-opt-local-bin-gtk-encode-symbolic-svg.tar.bz2
	local-binenc-scripts/binary-analysis/-System-Volumes-Data-opt-local-bin-gtk-launch.tar.bz2
	local-binenc-scripts/binary-analysis/-System-Volumes-Data-opt-local-bin-gtk-query-immodules-3.0.tar.bz2
	local-binenc-scripts/binary-analysis/-System-Volumes-Data-opt-local-bin-gtk-query-settings.tar.bz2
	local-binenc-scripts/binary-analysis/-System-Volumes-Data-opt-local-bin-gtk-update-icon-cache.tar.bz2
	local-binenc-scripts/binary-analysis/-System-Volumes-Data-opt-local-bin-gtkdoc-check.tar.bz2
	local-binenc-scripts/binary-analysis/-System-Volumes-Data-opt-local-bin-gtkdoc-depscan.tar.bz2
	local-binenc-scripts/binary-analysis/-System-Volumes-Data-opt-local-bin-gtkdoc-fixxref.tar.bz2
	local-binenc-scripts/binary-analysis/-System-Volumes-Data-opt-local-bin-gtkdoc-mkdb.tar.bz2
	local-binenc-scripts/binary-analysis/-System-Volumes-Data-opt-local-bin-gtkdoc-mkhtml.tar.bz2
	local-binenc-scripts/binary-analysis/-System-Volumes-Data-opt-local-bin-gtkdoc-mkhtml2.tar.bz2
	local-binenc-scripts/binary-analysis/-System-Volumes-Data-opt-local-bin-gtkdoc-mkman.tar.bz2
	local-binenc-scripts/binary-analysis/-System-Volumes-Data-opt-local-bin-gtkdoc-mkpdf.tar.bz2
	local-binenc-scripts/binary-analysis/-System-Volumes-Data-opt-local-bin-gtkdoc-rebase.tar.bz2
	local-binenc-scripts/binary-analysis/-System-Volumes-Data-opt-local-bin-gtkdoc-scan.tar.bz2
	local-binenc-scripts/binary-analysis/-System-Volumes-Data-opt-local-bin-gtkdoc-scangobj.tar.bz2
	local-binenc-scripts/binary-analysis/-System-Volumes-Data-opt-local-bin-gtkdocize.tar.bz2
	local-binenc-scripts/binary-analysis/-System-Volumes-Data-opt-local-bin-gtouch.tar.bz2
	local-binenc-scripts/binary-analysis/-System-Volumes-Data-opt-local-bin-gtr.tar.bz2
	local-binenc-scripts/binary-analysis/-System-Volumes-Data-opt-local-bin-gtrue.tar.bz2
	local-binenc-scripts/binary-analysis/-System-Volumes-Data-opt-local-bin-gtruncate.tar.bz2
	local-binenc-scripts/binary-analysis/-System-Volumes-Data-opt-local-bin-gtsort.tar.bz2
	local-binenc-scripts/binary-analysis/-System-Volumes-Data-opt-local-bin-gtty.tar.bz2
	local-binenc-scripts/binary-analysis/-System-Volumes-Data-opt-local-bin-guname.tar.bz2
	local-binenc-scripts/binary-analysis/-System-Volumes-Data-opt-local-bin-gunexpand.tar.bz2
	local-binenc-scripts/binary-analysis/-System-Volumes-Data-opt-local-bin-guniq.tar.bz2
	local-binenc-scripts/binary-analysis/-System-Volumes-Data-opt-local-bin-gunlink.tar.bz2
	local-binenc-scripts/binary-analysis/-System-Volumes-Data-opt-local-bin-guptime.tar.bz2
	local-binenc-scripts/binary-analysis/-System-Volumes-Data-opt-local-bin-gusers.tar.bz2
	local-binenc-scripts/binary-analysis/-System-Volumes-Data-opt-local-bin-gvdir.tar.bz2
	local-binenc-scripts/binary-analysis/-System-Volumes-Data-opt-local-bin-gwc.tar.bz2
	local-binenc-scripts/binary-analysis/-System-Volumes-Data-opt-local-bin-gwho.tar.bz2
	local-binenc-scripts/binary-analysis/-System-Volumes-Data-opt-local-bin-gwhoami.tar.bz2
	local-binenc-scripts/binary-analysis/-System-Volumes-Data-opt-local-bin-gyes.tar.bz2
	local-binenc-scripts/binary-analysis/-System-Volumes-Data-opt-local-bin-h2ph-5.34.tar.bz2
	local-binenc-scripts/binary-analysis/-System-Volumes-Data-opt-local-bin-h2ph.tar.bz2
	local-binenc-scripts/binary-analysis/-System-Volumes-Data-opt-local-bin-h2xs-5.34.tar.bz2
	local-binenc-scripts/binary-analysis/-System-Volumes-Data-opt-local-bin-h2xs.tar.bz2
	local-binenc-scripts/binary-analysis/-System-Volumes-Data-opt-local-bin-half_mt.tar.bz2
	local-binenc-scripts/binary-analysis/-System-Volumes-Data-opt-local-bin-hb-info.tar.bz2
	local-binenc-scripts/binary-analysis/-System-Volumes-Data-opt-local-bin-hb-shape.tar.bz2
	local-binenc-scripts/binary-analysis/-System-Volumes-Data-opt-local-bin-hb-subset.tar.bz2
	local-binenc-scripts/binary-analysis/-System-Volumes-Data-opt-local-bin-hb-view.tar.bz2
	local-binenc-scripts/binary-analysis/-System-Volumes-Data-opt-local-bin-heif-convert.tar.bz2
	local-binenc-scripts/binary-analysis/-System-Volumes-Data-opt-local-bin-heif-dec.tar.bz2
	local-binenc-scripts/binary-analysis/-System-Volumes-Data-opt-local-bin-heif-enc.tar.bz2
	local-binenc-scripts/binary-analysis/-System-Volumes-Data-opt-local-bin-heif-info.tar.bz2
	local-binenc-scripts/binary-analysis/-System-Volumes-Data-opt-local-bin-heif-thumbnailer.tar.bz2
	local-binenc-scripts/binary-analysis/-System-Volumes-Data-opt-local-bin-help2man.tar.bz2
	local-binenc-scripts/binary-analysis/-System-Volumes-Data-opt-local-bin-hersheydemo.tar.bz2
	local-binenc-scripts/binary-analysis/-System-Volumes-Data-opt-local-bin-hmac256.tar.bz2
	local-binenc-scripts/binary-analysis/-System-Volumes-Data-opt-local-bin-hmaptool-mp-13.tar.bz2
	local-binenc-scripts/binary-analysis/-System-Volumes-Data-opt-local-bin-ht.tar.bz2
	local-binenc-scripts/binary-analysis/-System-Volumes-Data-opt-local-bin-htlatex.tar.bz2
	local-binenc-scripts/binary-analysis/-System-Volumes-Data-opt-local-bin-htmex.tar.bz2
	local-binenc-scripts/binary-analysis/-System-Volumes-Data-opt-local-bin-htmltree-5.34.tar.bz2
	local-binenc-scripts/binary-analysis/-System-Volumes-Data-opt-local-bin-httex.tar.bz2
	local-binenc-scripts/binary-analysis/-System-Volumes-Data-opt-local-bin-httexi.tar.bz2
	local-binenc-scripts/binary-analysis/-System-Volumes-Data-opt-local-bin-httpserv.tar.bz2
	local-binenc-scripts/binary-analysis/-System-Volumes-Data-opt-local-bin-htxelatex.tar.bz2
	local-binenc-scripts/binary-analysis/-System-Volumes-Data-opt-local-bin-htxetex.tar.bz2
	local-binenc-scripts/binary-analysis/-System-Volumes-Data-opt-local-bin-hyperxmp-add-bytecount.tar.bz2
	local-binenc-scripts/binary-analysis/-System-Volumes-Data-opt-local-bin-icon2gif.tar.bz2
	local-binenc-scripts/binary-analysis/-System-Volumes-Data-opt-local-bin-iconv.tar.bz2
	local-binenc-scripts/binary-analysis/-System-Volumes-Data-opt-local-bin-icu-config.tar.bz2
	local-binenc-scripts/binary-analysis/-System-Volumes-Data-opt-local-bin-icuexportdata.tar.bz2
	local-binenc-scripts/binary-analysis/-System-Volumes-Data-opt-local-bin-icuinfo.tar.bz2
	local-binenc-scripts/binary-analysis/-System-Volumes-Data-opt-local-bin-identify.tar.bz2
	local-binenc-scripts/binary-analysis/-System-Volumes-Data-opt-local-bin-idle2.7.tar.bz2
	local-binenc-scripts/binary-analysis/-System-Volumes-Data-opt-local-bin-idle3.12.tar.bz2
	local-binenc-scripts/binary-analysis/-System-Volumes-Data-opt-local-bin-idle3.13.tar.bz2
	local-binenc-scripts/binary-analysis/-System-Volumes-Data-opt-local-bin-idle3.14.tar.bz2
	local-binenc-scripts/binary-analysis/-System-Volumes-Data-opt-local-bin-idn.tar.bz2
	local-binenc-scripts/binary-analysis/-System-Volumes-Data-opt-local-bin-idn2.tar.bz2
	local-binenc-scripts/binary-analysis/-System-Volumes-Data-opt-local-bin-ifnames.tar.bz2
	local-binenc-scripts/binary-analysis/-System-Volumes-Data-opt-local-bin-ifstat.tar.bz2
	local-binenc-scripts/binary-analysis/-System-Volumes-Data-opt-local-bin-imagetops.tar.bz2
	local-binenc-scripts/binary-analysis/-System-Volumes-Data-opt-local-bin-img2webp.tar.bz2
	local-binenc-scripts/binary-analysis/-System-Volumes-Data-opt-local-bin-imgcmp.tar.bz2
	local-binenc-scripts/binary-analysis/-System-Volumes-Data-opt-local-bin-imginfo.tar.bz2
	local-binenc-scripts/binary-analysis/-System-Volumes-Data-opt-local-bin-import.tar.bz2
	local-binenc-scripts/binary-analysis/-System-Volumes-Data-opt-local-bin-info.tar.bz2
	local-binenc-scripts/binary-analysis/-System-Volumes-Data-opt-local-bin-infocmp.tar.bz2
	local-binenc-scripts/binary-analysis/-System-Volumes-Data-opt-local-bin-infotocap.tar.bz2
	local-binenc-scripts/binary-analysis/-System-Volumes-Data-opt-local-bin-inimf.tar.bz2
	local-binenc-scripts/binary-analysis/-System-Volumes-Data-opt-local-bin-initex.tar.bz2
	local-binenc-scripts/binary-analysis/-System-Volumes-Data-opt-local-bin-install-info.tar.bz2
	local-binenc-scripts/binary-analysis/-System-Volumes-Data-opt-local-bin-installfont-tl.tar.bz2
	local-binenc-scripts/binary-analysis/-System-Volumes-Data-opt-local-bin-instmodsh-5.34.tar.bz2
	local-binenc-scripts/binary-analysis/-System-Volumes-Data-opt-local-bin-instmodsh.tar.bz2
	local-binenc-scripts/binary-analysis/-System-Volumes-Data-opt-local-bin-intercept-build-mp-13.tar.bz2
	local-binenc-scripts/binary-analysis/-System-Volumes-Data-opt-local-bin-itstool.tar.bz2
	local-binenc-scripts/binary-analysis/-System-Volumes-Data-opt-local-bin-jasper.tar.bz2
	local-binenc-scripts/binary-analysis/-System-Volumes-Data-opt-local-bin-jbgtopbm.tar.bz2
	local-binenc-scripts/binary-analysis/-System-Volumes-Data-opt-local-bin-jbig2dec.tar.bz2
	local-binenc-scripts/binary-analysis/-System-Volumes-Data-opt-local-bin-jiv.tar.bz2
	local-binenc-scripts/binary-analysis/-System-Volumes-Data-opt-local-bin-jpegtran.tar.bz2
	local-binenc-scripts/binary-analysis/-System-Volumes-Data-opt-local-bin-jpgicc.tar.bz2
	local-binenc-scripts/binary-analysis/-System-Volumes-Data-opt-local-bin-js.tar.bz2
	local-binenc-scripts/binary-analysis/-System-Volumes-Data-opt-local-bin-jscpucfg.tar.bz2
	local-binenc-scripts/binary-analysis/-System-Volumes-Data-opt-local-bin-json_pp-5.34.tar.bz2
	local-binenc-scripts/binary-analysis/-System-Volumes-Data-opt-local-bin-json_pp.tar.bz2
	local-binenc-scripts/binary-analysis/-System-Volumes-Data-opt-local-bin-k5srvutil.tar.bz2
	local-binenc-scripts/binary-analysis/-System-Volumes-Data-opt-local-bin-kadmin.tar.bz2
	local-binenc-scripts/binary-analysis/-System-Volumes-Data-opt-local-bin-kbxutil.tar.bz2
	local-binenc-scripts/binary-analysis/-System-Volumes-Data-opt-local-bin-kdestroy.tar.bz2
	local-binenc-scripts/binary-analysis/-System-Volumes-Data-opt-local-bin-ketcindy.tar.bz2
	local-binenc-scripts/binary-analysis/-System-Volumes-Data-opt-local-bin-kinit.tar.bz2
	local-binenc-scripts/binary-analysis/-System-Volumes-Data-opt-local-bin-klist.tar.bz2
	local-binenc-scripts/binary-analysis/-System-Volumes-Data-opt-local-bin-koi8rxterm.tar.bz2
	local-binenc-scripts/binary-analysis/-System-Volumes-Data-opt-local-bin-kpasswd.tar.bz2
	local-binenc-scripts/binary-analysis/-System-Volumes-Data-opt-local-bin-kpseaccess.tar.bz2
	local-binenc-scripts/binary-analysis/-System-Volumes-Data-opt-local-bin-kpsepath.tar.bz2
	local-binenc-scripts/binary-analysis/-System-Volumes-Data-opt-local-bin-kpsereadlink.tar.bz2
	local-binenc-scripts/binary-analysis/-System-Volumes-Data-opt-local-bin-kpsestat.tar.bz2
	local-binenc-scripts/binary-analysis/-System-Volumes-Data-opt-local-bin-kpsetool.tar.bz2
	local-binenc-scripts/binary-analysis/-System-Volumes-Data-opt-local-bin-kpsewhere.tar.bz2
	local-binenc-scripts/binary-analysis/-System-Volumes-Data-opt-local-bin-kpsewhich.tar.bz2
	local-binenc-scripts/binary-analysis/-System-Volumes-Data-opt-local-bin-kpsexpand.tar.bz2
	local-binenc-scripts/binary-analysis/-System-Volumes-Data-opt-local-bin-krb5-config.tar.bz2
	local-binenc-scripts/binary-analysis/-System-Volumes-Data-opt-local-bin-ksba-config.tar.bz2
	local-binenc-scripts/binary-analysis/-System-Volumes-Data-opt-local-bin-ksu.tar.bz2
	local-binenc-scripts/binary-analysis/-System-Volumes-Data-opt-local-bin-kswitch.tar.bz2
	local-binenc-scripts/binary-analysis/-System-Volumes-Data-opt-local-bin-ktutil.tar.bz2
	local-binenc-scripts/binary-analysis/-System-Volumes-Data-opt-local-bin-kvazaar.tar.bz2
	local-binenc-scripts/binary-analysis/-System-Volumes-Data-opt-local-bin-kvno.tar.bz2
	local-binenc-scripts/binary-analysis/-System-Volumes-Data-opt-local-bin-l3build.tar.bz2
	local-binenc-scripts/binary-analysis/-System-Volumes-Data-opt-local-bin-l3sys-query.tar.bz2
	local-binenc-scripts/binary-analysis/-System-Volumes-Data-opt-local-bin-l4p-tmpl-5.34.tar.bz2
	local-binenc-scripts/binary-analysis/-System-Volumes-Data-opt-local-bin-lacheck.tar.bz2
	local-binenc-scripts/binary-analysis/-System-Volumes-Data-opt-local-bin-latex-dev.tar.bz2
	local-binenc-scripts/binary-analysis/-System-Volumes-Data-opt-local-bin-latex-git-log.tar.bz2
	local-binenc-scripts/binary-analysis/-System-Volumes-Data-opt-local-bin-latex-papersize.tar.bz2
	local-binenc-scripts/binary-analysis/-System-Volumes-Data-opt-local-bin-latex.tar.bz2
	local-binenc-scripts/binary-analysis/-System-Volumes-Data-opt-local-bin-latex2man.tar.bz2
	local-binenc-scripts/binary-analysis/-System-Volumes-Data-opt-local-bin-latex2nemeth.tar.bz2
	local-binenc-scripts/binary-analysis/-System-Volumes-Data-opt-local-bin-latexdef.tar.bz2
	local-binenc-scripts/binary-analysis/-System-Volumes-Data-opt-local-bin-latexdiff-fast.tar.bz2
	local-binenc-scripts/binary-analysis/-System-Volumes-Data-opt-local-bin-latexdiff-so.tar.bz2
	local-binenc-scripts/binary-analysis/-System-Volumes-Data-opt-local-bin-latexdiff-vc.tar.bz2
	local-binenc-scripts/binary-analysis/-System-Volumes-Data-opt-local-bin-latexdiff.tar.bz2
	local-binenc-scripts/binary-analysis/-System-Volumes-Data-opt-local-bin-latexfileversion.tar.bz2
	local-binenc-scripts/binary-analysis/-System-Volumes-Data-opt-local-bin-latexindent.tar.bz2
	local-binenc-scripts/binary-analysis/-System-Volumes-Data-opt-local-bin-latexminted.tar.bz2
	local-binenc-scripts/binary-analysis/-System-Volumes-Data-opt-local-bin-latexmk.tar.bz2
	local-binenc-scripts/binary-analysis/-System-Volumes-Data-opt-local-bin-latexpand.tar.bz2
	local-binenc-scripts/binary-analysis/-System-Volumes-Data-opt-local-bin-latexrevise.tar.bz2
	local-binenc-scripts/binary-analysis/-System-Volumes-Data-opt-local-bin-ld-classic-xcode.tar.bz2
	local-binenc-scripts/binary-analysis/-System-Volumes-Data-opt-local-bin-ld-classic.tar.bz2
	local-binenc-scripts/binary-analysis/-System-Volumes-Data-opt-local-bin-ld-xcode.tar.bz2
	local-binenc-scripts/binary-analysis/-System-Volumes-Data-opt-local-bin-ld.lld-mp-13.tar.bz2
	local-binenc-scripts/binary-analysis/-System-Volumes-Data-opt-local-bin-ld.tar.bz2
	local-binenc-scripts/binary-analysis/-System-Volumes-Data-opt-local-bin-ld64.lld-mp-13.tar.bz2
	local-binenc-scripts/binary-analysis/-System-Volumes-Data-opt-local-bin-ld64.lld.darwinnew-mp-13.tar.bz2
	local-binenc-scripts/binary-analysis/-System-Volumes-Data-opt-local-bin-ld64.lld.darwinold-mp-13.tar.bz2
	local-binenc-scripts/binary-analysis/-System-Volumes-Data-opt-local-bin-ldapadd.tar.bz2
	local-binenc-scripts/binary-analysis/-System-Volumes-Data-opt-local-bin-ldapcompare.tar.bz2
	local-binenc-scripts/binary-analysis/-System-Volumes-Data-opt-local-bin-ldapdelete.tar.bz2
	local-binenc-scripts/binary-analysis/-System-Volumes-Data-opt-local-bin-ldapexop.tar.bz2
	local-binenc-scripts/binary-analysis/-System-Volumes-Data-opt-local-bin-ldapmodify.tar.bz2
	local-binenc-scripts/binary-analysis/-System-Volumes-Data-opt-local-bin-ldapmodrdn.tar.bz2
	local-binenc-scripts/binary-analysis/-System-Volumes-Data-opt-local-bin-ldappasswd.tar.bz2
	local-binenc-scripts/binary-analysis/-System-Volumes-Data-opt-local-bin-ldapsearch.tar.bz2
	local-binenc-scripts/binary-analysis/-System-Volumes-Data-opt-local-bin-ldapurl.tar.bz2
	local-binenc-scripts/binary-analysis/-System-Volumes-Data-opt-local-bin-ldapvc.tar.bz2
	local-binenc-scripts/binary-analysis/-System-Volumes-Data-opt-local-bin-ldapwhoami.tar.bz2
	local-binenc-scripts/binary-analysis/-System-Volumes-Data-opt-local-bin-libassuan-config.tar.bz2
	local-binenc-scripts/binary-analysis/-System-Volumes-Data-opt-local-bin-libdeflate-gunzip.tar.bz2
	local-binenc-scripts/binary-analysis/-System-Volumes-Data-opt-local-bin-libdeflate-gzip.tar.bz2
	local-binenc-scripts/binary-analysis/-System-Volumes-Data-opt-local-bin-libftdi1-config.tar.bz2
	local-binenc-scripts/binary-analysis/-System-Volumes-Data-opt-local-bin-libgcrypt-config.tar.bz2
	local-binenc-scripts/binary-analysis/-System-Volumes-Data-opt-local-bin-libifstat-config.tar.bz2
	local-binenc-scripts/binary-analysis/-System-Volumes-Data-opt-local-bin-libnet-config.tar.bz2
	local-binenc-scripts/binary-analysis/-System-Volumes-Data-opt-local-bin-libnetcfg-5.34.tar.bz2
	local-binenc-scripts/binary-analysis/-System-Volumes-Data-opt-local-bin-libnetcfg.tar.bz2
	local-binenc-scripts/binary-analysis/-System-Volumes-Data-opt-local-bin-libpng-config.tar.bz2
	local-binenc-scripts/binary-analysis/-System-Volumes-Data-opt-local-bin-libpng16-config.tar.bz2
	local-binenc-scripts/binary-analysis/-System-Volumes-Data-opt-local-bin-libtool.tar.bz2
	local-binenc-scripts/binary-analysis/-System-Volumes-Data-opt-local-bin-libusb-config.tar.bz2
	local-binenc-scripts/binary-analysis/-System-Volumes-Data-opt-local-bin-linkicc.tar.bz2
	local-binenc-scripts/binary-analysis/-System-Volumes-Data-opt-local-bin-lipo.tar.bz2
	local-binenc-scripts/binary-analysis/-System-Volumes-Data-opt-local-bin-listings-ext.sh.tar.bz2
	local-binenc-scripts/binary-analysis/-System-Volumes-Data-opt-local-bin-listsuites.tar.bz2
	local-binenc-scripts/binary-analysis/-System-Volumes-Data-opt-local-bin-llc-mp-12.tar.bz2
	local-binenc-scripts/binary-analysis/-System-Volumes-Data-opt-local-bin-llc-mp-13.tar.bz2
	local-binenc-scripts/binary-analysis/-System-Volumes-Data-opt-local-bin-lld-link-mp-13.tar.bz2
	local-binenc-scripts/binary-analysis/-System-Volumes-Data-opt-local-bin-lld-mp-13.tar.bz2
	local-binenc-scripts/binary-analysis/-System-Volumes-Data-opt-local-bin-lli-mp-12.tar.bz2
	local-binenc-scripts/binary-analysis/-System-Volumes-Data-opt-local-bin-lli-mp-13.tar.bz2
	local-binenc-scripts/binary-analysis/-System-Volumes-Data-opt-local-bin-llmk.tar.bz2
	local-binenc-scripts/binary-analysis/-System-Volumes-Data-opt-local-bin-llvm-addr2line-mp-12.tar.bz2
	local-binenc-scripts/binary-analysis/-System-Volumes-Data-opt-local-bin-llvm-addr2line-mp-13.tar.bz2
	local-binenc-scripts/binary-analysis/-System-Volumes-Data-opt-local-bin-llvm-ar-mp-12.tar.bz2
	local-binenc-scripts/binary-analysis/-System-Volumes-Data-opt-local-bin-llvm-ar-mp-13.tar.bz2
	local-binenc-scripts/binary-analysis/-System-Volumes-Data-opt-local-bin-llvm-as-mp-12.tar.bz2
	local-binenc-scripts/binary-analysis/-System-Volumes-Data-opt-local-bin-llvm-as-mp-13.tar.bz2
	local-binenc-scripts/binary-analysis/-System-Volumes-Data-opt-local-bin-llvm-bcanalyzer-mp-12.tar.bz2
	local-binenc-scripts/binary-analysis/-System-Volumes-Data-opt-local-bin-llvm-bcanalyzer-mp-13.tar.bz2
	local-binenc-scripts/binary-analysis/-System-Volumes-Data-opt-local-bin-llvm-bitcode-strip-mp-12.tar.bz2
	local-binenc-scripts/binary-analysis/-System-Volumes-Data-opt-local-bin-llvm-bitcode-strip-mp-13.tar.bz2
	local-binenc-scripts/binary-analysis/-System-Volumes-Data-opt-local-bin-llvm-c-test-mp-12.tar.bz2
	local-binenc-scripts/binary-analysis/-System-Volumes-Data-opt-local-bin-llvm-c-test-mp-13.tar.bz2
	local-binenc-scripts/binary-analysis/-System-Volumes-Data-opt-local-bin-llvm-cat-mp-12.tar.bz2
	local-binenc-scripts/binary-analysis/-System-Volumes-Data-opt-local-bin-llvm-cat-mp-13.tar.bz2
	local-binenc-scripts/binary-analysis/-System-Volumes-Data-opt-local-bin-llvm-cfi-verify-mp-12.tar.bz2
	local-binenc-scripts/binary-analysis/-System-Volumes-Data-opt-local-bin-llvm-cfi-verify-mp-13.tar.bz2
	local-binenc-scripts/binary-analysis/-System-Volumes-Data-opt-local-bin-llvm-config-mp-12.tar.bz2
	local-binenc-scripts/binary-analysis/-System-Volumes-Data-opt-local-bin-llvm-config-mp-13.tar.bz2
	local-binenc-scripts/binary-analysis/-System-Volumes-Data-opt-local-bin-llvm-cov-mp-12.tar.bz2
	local-binenc-scripts/binary-analysis/-System-Volumes-Data-opt-local-bin-llvm-cov-mp-13.tar.bz2
	local-binenc-scripts/binary-analysis/-System-Volumes-Data-opt-local-bin-llvm-cvtres-mp-12.tar.bz2
	local-binenc-scripts/binary-analysis/-System-Volumes-Data-opt-local-bin-llvm-cvtres-mp-13.tar.bz2
	local-binenc-scripts/binary-analysis/-System-Volumes-Data-opt-local-bin-llvm-cxxdump-mp-12.tar.bz2
	local-binenc-scripts/binary-analysis/-System-Volumes-Data-opt-local-bin-llvm-cxxdump-mp-13.tar.bz2
	local-binenc-scripts/binary-analysis/-System-Volumes-Data-opt-local-bin-llvm-cxxfilt-mp-12.tar.bz2
	local-binenc-scripts/binary-analysis/-System-Volumes-Data-opt-local-bin-llvm-cxxfilt-mp-13.tar.bz2
	local-binenc-scripts/binary-analysis/-System-Volumes-Data-opt-local-bin-llvm-cxxmap-mp-12.tar.bz2
	local-binenc-scripts/binary-analysis/-System-Volumes-Data-opt-local-bin-llvm-cxxmap-mp-13.tar.bz2
	local-binenc-scripts/binary-analysis/-System-Volumes-Data-opt-local-bin-llvm-diff-mp-12.tar.bz2
	local-binenc-scripts/binary-analysis/-System-Volumes-Data-opt-local-bin-llvm-diff-mp-13.tar.bz2
	local-binenc-scripts/binary-analysis/-System-Volumes-Data-opt-local-bin-llvm-dis-mp-12.tar.bz2
	local-binenc-scripts/binary-analysis/-System-Volumes-Data-opt-local-bin-llvm-dis-mp-13.tar.bz2
	local-binenc-scripts/binary-analysis/-System-Volumes-Data-opt-local-bin-llvm-dlltool-mp-12.tar.bz2
	local-binenc-scripts/binary-analysis/-System-Volumes-Data-opt-local-bin-llvm-dlltool-mp-13.tar.bz2
	local-binenc-scripts/binary-analysis/-System-Volumes-Data-opt-local-bin-llvm-dwarfdump-mp-12.tar.bz2
	local-binenc-scripts/binary-analysis/-System-Volumes-Data-opt-local-bin-llvm-dwarfdump-mp-13.tar.bz2
	local-binenc-scripts/binary-analysis/-System-Volumes-Data-opt-local-bin-llvm-dwp-mp-12.tar.bz2
	local-binenc-scripts/binary-analysis/-System-Volumes-Data-opt-local-bin-llvm-dwp-mp-13.tar.bz2
	local-binenc-scripts/binary-analysis/-System-Volumes-Data-opt-local-bin-llvm-elfabi-mp-12.tar.bz2
	local-binenc-scripts/binary-analysis/-System-Volumes-Data-opt-local-bin-llvm-exegesis-mp-12.tar.bz2
	local-binenc-scripts/binary-analysis/-System-Volumes-Data-opt-local-bin-llvm-exegesis-mp-13.tar.bz2
	local-binenc-scripts/binary-analysis/-System-Volumes-Data-opt-local-bin-llvm-extract-mp-12.tar.bz2
	local-binenc-scripts/binary-analysis/-System-Volumes-Data-opt-local-bin-llvm-extract-mp-13.tar.bz2
	local-binenc-scripts/binary-analysis/-System-Volumes-Data-opt-local-bin-llvm-gsymutil-mp-12.tar.bz2
	local-binenc-scripts/binary-analysis/-System-Volumes-Data-opt-local-bin-llvm-gsymutil-mp-13.tar.bz2
	local-binenc-scripts/binary-analysis/-System-Volumes-Data-opt-local-bin-llvm-ifs-mp-12.tar.bz2
	local-binenc-scripts/binary-analysis/-System-Volumes-Data-opt-local-bin-llvm-ifs-mp-13.tar.bz2
	local-binenc-scripts/binary-analysis/-System-Volumes-Data-opt-local-bin-llvm-install-name-tool-mp-12.tar.bz2
	local-binenc-scripts/binary-analysis/-System-Volumes-Data-opt-local-bin-llvm-install-name-tool-mp-13.tar.bz2
	local-binenc-scripts/binary-analysis/-System-Volumes-Data-opt-local-bin-llvm-jitlink-mp-12.tar.bz2
	local-binenc-scripts/binary-analysis/-System-Volumes-Data-opt-local-bin-llvm-jitlink-mp-13.tar.bz2
	local-binenc-scripts/binary-analysis/-System-Volumes-Data-opt-local-bin-llvm-lib-mp-12.tar.bz2
	local-binenc-scripts/binary-analysis/-System-Volumes-Data-opt-local-bin-llvm-lib-mp-13.tar.bz2
	local-binenc-scripts/binary-analysis/-System-Volumes-Data-opt-local-bin-llvm-libtool-darwin-mp-12.tar.bz2
	local-binenc-scripts/binary-analysis/-System-Volumes-Data-opt-local-bin-llvm-libtool-darwin-mp-13.tar.bz2
	local-binenc-scripts/binary-analysis/-System-Volumes-Data-opt-local-bin-llvm-link-mp-12.tar.bz2
	local-binenc-scripts/binary-analysis/-System-Volumes-Data-opt-local-bin-llvm-link-mp-13.tar.bz2
	local-binenc-scripts/binary-analysis/-System-Volumes-Data-opt-local-bin-llvm-lipo-mp-12.tar.bz2
	local-binenc-scripts/binary-analysis/-System-Volumes-Data-opt-local-bin-llvm-lipo-mp-13.tar.bz2
	local-binenc-scripts/binary-analysis/-System-Volumes-Data-opt-local-bin-llvm-lto-mp-12.tar.bz2
	local-binenc-scripts/binary-analysis/-System-Volumes-Data-opt-local-bin-llvm-lto-mp-13.tar.bz2
	local-binenc-scripts/binary-analysis/-System-Volumes-Data-opt-local-bin-llvm-lto2-mp-12.tar.bz2
	local-binenc-scripts/binary-analysis/-System-Volumes-Data-opt-local-bin-llvm-lto2-mp-13.tar.bz2
	local-binenc-scripts/binary-analysis/-System-Volumes-Data-opt-local-bin-llvm-mc-mp-12.tar.bz2
	local-binenc-scripts/binary-analysis/-System-Volumes-Data-opt-local-bin-llvm-mc-mp-13.tar.bz2
	local-binenc-scripts/binary-analysis/-System-Volumes-Data-opt-local-bin-llvm-mca-mp-12.tar.bz2
	local-binenc-scripts/binary-analysis/-System-Volumes-Data-opt-local-bin-llvm-mca-mp-13.tar.bz2
	local-binenc-scripts/binary-analysis/-System-Volumes-Data-opt-local-bin-llvm-ml-mp-12.tar.bz2
	local-binenc-scripts/binary-analysis/-System-Volumes-Data-opt-local-bin-llvm-ml-mp-13.tar.bz2
	local-binenc-scripts/binary-analysis/-System-Volumes-Data-opt-local-bin-llvm-modextract-mp-12.tar.bz2
	local-binenc-scripts/binary-analysis/-System-Volumes-Data-opt-local-bin-llvm-modextract-mp-13.tar.bz2
	local-binenc-scripts/binary-analysis/-System-Volumes-Data-opt-local-bin-llvm-mt-mp-12.tar.bz2
	local-binenc-scripts/binary-analysis/-System-Volumes-Data-opt-local-bin-llvm-mt-mp-13.tar.bz2
	local-binenc-scripts/binary-analysis/-System-Volumes-Data-opt-local-bin-llvm-nm-mp-12.tar.bz2
	local-binenc-scripts/binary-analysis/-System-Volumes-Data-opt-local-bin-llvm-nm-mp-13.tar.bz2
	local-binenc-scripts/binary-analysis/-System-Volumes-Data-opt-local-bin-llvm-objcopy-mp-12.tar.bz2
	local-binenc-scripts/binary-analysis/-System-Volumes-Data-opt-local-bin-llvm-objcopy-mp-13.tar.bz2
	local-binenc-scripts/binary-analysis/-System-Volumes-Data-opt-local-bin-llvm-objdump-mp-12.tar.bz2
	local-binenc-scripts/binary-analysis/-System-Volumes-Data-opt-local-bin-llvm-objdump-mp-13.tar.bz2
	local-binenc-scripts/binary-analysis/-System-Volumes-Data-opt-local-bin-llvm-opt-report-mp-12.tar.bz2
	local-binenc-scripts/binary-analysis/-System-Volumes-Data-opt-local-bin-llvm-opt-report-mp-13.tar.bz2
	local-binenc-scripts/binary-analysis/-System-Volumes-Data-opt-local-bin-llvm-otool-mp-13.tar.bz2
	local-binenc-scripts/binary-analysis/-System-Volumes-Data-opt-local-bin-llvm-pdbutil-mp-12.tar.bz2
	local-binenc-scripts/binary-analysis/-System-Volumes-Data-opt-local-bin-llvm-pdbutil-mp-13.tar.bz2
	local-binenc-scripts/binary-analysis/-System-Volumes-Data-opt-local-bin-llvm-profdata-mp-12.tar.bz2
	local-binenc-scripts/binary-analysis/-System-Volumes-Data-opt-local-bin-llvm-profdata-mp-13.tar.bz2
	local-binenc-scripts/binary-analysis/-System-Volumes-Data-opt-local-bin-llvm-profgen-mp-12.tar.bz2
	local-binenc-scripts/binary-analysis/-System-Volumes-Data-opt-local-bin-llvm-profgen-mp-13.tar.bz2
	local-binenc-scripts/binary-analysis/-System-Volumes-Data-opt-local-bin-llvm-ranlib-mp-12.tar.bz2
	local-binenc-scripts/binary-analysis/-System-Volumes-Data-opt-local-bin-llvm-ranlib-mp-13.tar.bz2
	local-binenc-scripts/binary-analysis/-System-Volumes-Data-opt-local-bin-llvm-rc-mp-12.tar.bz2
	local-binenc-scripts/binary-analysis/-System-Volumes-Data-opt-local-bin-llvm-rc-mp-13.tar.bz2
	local-binenc-scripts/binary-analysis/-System-Volumes-Data-opt-local-bin-llvm-readelf-mp-12.tar.bz2
	local-binenc-scripts/binary-analysis/-System-Volumes-Data-opt-local-bin-llvm-readelf-mp-13.tar.bz2
	local-binenc-scripts/binary-analysis/-System-Volumes-Data-opt-local-bin-llvm-readobj-mp-12.tar.bz2
	local-binenc-scripts/binary-analysis/-System-Volumes-Data-opt-local-bin-llvm-readobj-mp-13.tar.bz2
	local-binenc-scripts/binary-analysis/-System-Volumes-Data-opt-local-bin-llvm-reduce-mp-12.tar.bz2
	local-binenc-scripts/binary-analysis/-System-Volumes-Data-opt-local-bin-llvm-reduce-mp-13.tar.bz2
	local-binenc-scripts/binary-analysis/-System-Volumes-Data-opt-local-bin-llvm-rtdyld-mp-12.tar.bz2
	local-binenc-scripts/binary-analysis/-System-Volumes-Data-opt-local-bin-llvm-rtdyld-mp-13.tar.bz2
	local-binenc-scripts/binary-analysis/-System-Volumes-Data-opt-local-bin-llvm-sim-mp-13.tar.bz2
	local-binenc-scripts/binary-analysis/-System-Volumes-Data-opt-local-bin-llvm-size-mp-12.tar.bz2
	local-binenc-scripts/binary-analysis/-System-Volumes-Data-opt-local-bin-llvm-size-mp-13.tar.bz2
	local-binenc-scripts/binary-analysis/-System-Volumes-Data-opt-local-bin-llvm-split-mp-12.tar.bz2
	local-binenc-scripts/binary-analysis/-System-Volumes-Data-opt-local-bin-llvm-split-mp-13.tar.bz2
	local-binenc-scripts/binary-analysis/-System-Volumes-Data-opt-local-bin-llvm-stress-mp-12.tar.bz2
	local-binenc-scripts/binary-analysis/-System-Volumes-Data-opt-local-bin-llvm-stress-mp-13.tar.bz2
	local-binenc-scripts/binary-analysis/-System-Volumes-Data-opt-local-bin-llvm-strings-mp-12.tar.bz2
	local-binenc-scripts/binary-analysis/-System-Volumes-Data-opt-local-bin-llvm-strings-mp-13.tar.bz2
	local-binenc-scripts/binary-analysis/-System-Volumes-Data-opt-local-bin-llvm-strip-mp-12.tar.bz2
	local-binenc-scripts/binary-analysis/-System-Volumes-Data-opt-local-bin-llvm-strip-mp-13.tar.bz2
	local-binenc-scripts/binary-analysis/-System-Volumes-Data-opt-local-bin-llvm-symbolizer-mp-12.tar.bz2
	local-binenc-scripts/binary-analysis/-System-Volumes-Data-opt-local-bin-llvm-symbolizer-mp-13.tar.bz2
	local-binenc-scripts/binary-analysis/-System-Volumes-Data-opt-local-bin-llvm-tapi-diff-mp-13.tar.bz2
	local-binenc-scripts/binary-analysis/-System-Volumes-Data-opt-local-bin-llvm-tblgen-mp-12.tar.bz2
	local-binenc-scripts/binary-analysis/-System-Volumes-Data-opt-local-bin-llvm-tblgen-mp-13.tar.bz2
	local-binenc-scripts/binary-analysis/-System-Volumes-Data-opt-local-bin-llvm-undname-mp-12.tar.bz2
	local-binenc-scripts/binary-analysis/-System-Volumes-Data-opt-local-bin-llvm-undname-mp-13.tar.bz2
	local-binenc-scripts/binary-analysis/-System-Volumes-Data-opt-local-bin-llvm-windres-mp-13.tar.bz2
	local-binenc-scripts/binary-analysis/-System-Volumes-Data-opt-local-bin-llvm-xray-mp-12.tar.bz2
	local-binenc-scripts/binary-analysis/-System-Volumes-Data-opt-local-bin-llvm-xray-mp-13.tar.bz2
	local-binenc-scripts/binary-analysis/-System-Volumes-Data-opt-local-bin-lprsetup.sh.tar.bz2
	local-binenc-scripts/binary-analysis/-System-Volumes-Data-opt-local-bin-lsusb.tar.bz2
	local-binenc-scripts/binary-analysis/-System-Volumes-Data-opt-local-bin-ltxfileinfo.tar.bz2
	local-binenc-scripts/binary-analysis/-System-Volumes-Data-opt-local-bin-ltximg.tar.bz2
	local-binenc-scripts/binary-analysis/-System-Volumes-Data-opt-local-bin-luahbtex.tar.bz2
	local-binenc-scripts/binary-analysis/-System-Volumes-Data-opt-local-bin-lualatex-dev.tar.bz2
	local-binenc-scripts/binary-analysis/-System-Volumes-Data-opt-local-bin-lualatex.tar.bz2
	local-binenc-scripts/binary-analysis/-System-Volumes-Data-opt-local-bin-luatex.tar.bz2
	local-binenc-scripts/binary-analysis/-System-Volumes-Data-opt-local-bin-luit.tar.bz2
	local-binenc-scripts/binary-analysis/-System-Volumes-Data-opt-local-bin-lwarpmk.tar.bz2
	local-binenc-scripts/binary-analysis/-System-Volumes-Data-opt-local-bin-lwp-download-5.34.tar.bz2
	local-binenc-scripts/binary-analysis/-System-Volumes-Data-opt-local-bin-lwp-dump-5.34.tar.bz2
	local-binenc-scripts/binary-analysis/-System-Volumes-Data-opt-local-bin-lwp-mirror-5.34.tar.bz2
	local-binenc-scripts/binary-analysis/-System-Volumes-Data-opt-local-bin-lwp-request-5.34.tar.bz2
	local-binenc-scripts/binary-analysis/-System-Volumes-Data-opt-local-bin-lz4.tar.bz2
	local-binenc-scripts/binary-analysis/-System-Volumes-Data-opt-local-bin-lz4c.tar.bz2
	local-binenc-scripts/binary-analysis/-System-Volumes-Data-opt-local-bin-lz4cat.tar.bz2
	local-binenc-scripts/binary-analysis/-System-Volumes-Data-opt-local-bin-lzcat.tar.bz2
	local-binenc-scripts/binary-analysis/-System-Volumes-Data-opt-local-bin-lzcmp.tar.bz2
	local-binenc-scripts/binary-analysis/-System-Volumes-Data-opt-local-bin-lzdiff.tar.bz2
	local-binenc-scripts/binary-analysis/-System-Volumes-Data-opt-local-bin-lzegrep.tar.bz2
	local-binenc-scripts/binary-analysis/-System-Volumes-Data-opt-local-bin-lzfgrep.tar.bz2
	local-binenc-scripts/binary-analysis/-System-Volumes-Data-opt-local-bin-lzgrep.tar.bz2
	local-binenc-scripts/binary-analysis/-System-Volumes-Data-opt-local-bin-lzless.tar.bz2
	local-binenc-scripts/binary-analysis/-System-Volumes-Data-opt-local-bin-lzma.tar.bz2
	local-binenc-scripts/binary-analysis/-System-Volumes-Data-opt-local-bin-lzma_alone.tar.bz2
	local-binenc-scripts/binary-analysis/-System-Volumes-Data-opt-local-bin-lzmadec.tar.bz2
	local-binenc-scripts/binary-analysis/-System-Volumes-Data-opt-local-bin-lzmainfo.tar.bz2
	local-binenc-scripts/binary-analysis/-System-Volumes-Data-opt-local-bin-lzmore.tar.bz2
	local-binenc-scripts/binary-analysis/-System-Volumes-Data-opt-local-bin-make4ht.tar.bz2
	local-binenc-scripts/binary-analysis/-System-Volumes-Data-opt-local-bin-makeconv.tar.bz2
	local-binenc-scripts/binary-analysis/-System-Volumes-Data-opt-local-bin-makedtx.tar.bz2
	local-binenc-scripts/binary-analysis/-System-Volumes-Data-opt-local-bin-makeglossaries-lite.tar.bz2
	local-binenc-scripts/binary-analysis/-System-Volumes-Data-opt-local-bin-makeglossaries.tar.bz2
	local-binenc-scripts/binary-analysis/-System-Volumes-Data-opt-local-bin-makeindex.tar.bz2
	local-binenc-scripts/binary-analysis/-System-Volumes-Data-opt-local-bin-makeinfo.tar.bz2
	local-binenc-scripts/binary-analysis/-System-Volumes-Data-opt-local-bin-makepqg.tar.bz2
	local-binenc-scripts/binary-analysis/-System-Volumes-Data-opt-local-bin-mako-render-3.13.tar.bz2
	local-binenc-scripts/binary-analysis/-System-Volumes-Data-opt-local-bin-mangle.tar.bz2
	local-binenc-scripts/binary-analysis/-System-Volumes-Data-opt-local-bin-markdown2tex.tar.bz2
	local-binenc-scripts/binary-analysis/-System-Volumes-Data-opt-local-bin-markdown_py-3.13.tar.bz2
	local-binenc-scripts/binary-analysis/-System-Volumes-Data-opt-local-bin-match_parens.tar.bz2
	local-binenc-scripts/binary-analysis/-System-Volumes-Data-opt-local-bin-mathspic.tar.bz2
	local-binenc-scripts/binary-analysis/-System-Volumes-Data-opt-local-bin-mdb_copy.tar.bz2
	local-binenc-scripts/binary-analysis/-System-Volumes-Data-opt-local-bin-mdb_dump.tar.bz2
	local-binenc-scripts/binary-analysis/-System-Volumes-Data-opt-local-bin-mdb_load.tar.bz2
	local-binenc-scripts/binary-analysis/-System-Volumes-Data-opt-local-bin-mdb_stat.tar.bz2
	local-binenc-scripts/binary-analysis/-System-Volumes-Data-opt-local-bin-mech-dump-5.34.tar.bz2
	local-binenc-scripts/binary-analysis/-System-Volumes-Data-opt-local-bin-mem_image.tar.bz2
	local-binenc-scripts/binary-analysis/-System-Volumes-Data-opt-local-bin-memoize-clean.pl.tar.bz2
	local-binenc-scripts/binary-analysis/-System-Volumes-Data-opt-local-bin-memoize-clean.py.tar.bz2
	local-binenc-scripts/binary-analysis/-System-Volumes-Data-opt-local-bin-memoize-extract.pl.tar.bz2
	local-binenc-scripts/binary-analysis/-System-Volumes-Data-opt-local-bin-memoize-extract.py.tar.bz2
	local-binenc-scripts/binary-analysis/-System-Volumes-Data-opt-local-bin-meson-3.14.tar.bz2
	local-binenc-scripts/binary-analysis/-System-Volumes-Data-opt-local-bin-meson.tar.bz2
	local-binenc-scripts/binary-analysis/-System-Volumes-Data-opt-local-bin-mf-nowin.tar.bz2
	local-binenc-scripts/binary-analysis/-System-Volumes-Data-opt-local-bin-mf.tar.bz2
	local-binenc-scripts/binary-analysis/-System-Volumes-Data-opt-local-bin-mflua-nowin.tar.bz2
	local-binenc-scripts/binary-analysis/-System-Volumes-Data-opt-local-bin-mflua.tar.bz2
	local-binenc-scripts/binary-analysis/-System-Volumes-Data-opt-local-bin-mfluajit-nowin.tar.bz2
	local-binenc-scripts/binary-analysis/-System-Volumes-Data-opt-local-bin-mfluajit.tar.bz2
	local-binenc-scripts/binary-analysis/-System-Volumes-Data-opt-local-bin-mft.tar.bz2
	local-binenc-scripts/binary-analysis/-System-Volumes-Data-opt-local-bin-minicom.tar.bz2
	local-binenc-scripts/binary-analysis/-System-Volumes-Data-opt-local-bin-mk4ht.tar.bz2
	local-binenc-scripts/binary-analysis/-System-Volumes-Data-opt-local-bin-mkbitmap.tar.bz2
	local-binenc-scripts/binary-analysis/-System-Volumes-Data-opt-local-bin-mkindex.tar.bz2
	local-binenc-scripts/binary-analysis/-System-Volumes-Data-opt-local-bin-mkjobtexmf.tar.bz2
	local-binenc-scripts/binary-analysis/-System-Volumes-Data-opt-local-bin-mkocp.tar.bz2
	local-binenc-scripts/binary-analysis/-System-Volumes-Data-opt-local-bin-mkofm.tar.bz2
	local-binenc-scripts/binary-analysis/-System-Volumes-Data-opt-local-bin-mkpic.tar.bz2
	local-binenc-scripts/binary-analysis/-System-Volumes-Data-opt-local-bin-mktexfmt.tar.bz2
	local-binenc-scripts/binary-analysis/-System-Volumes-Data-opt-local-bin-mktexlsr.tar.bz2
	local-binenc-scripts/binary-analysis/-System-Volumes-Data-opt-local-bin-mktexmf.tar.bz2
	local-binenc-scripts/binary-analysis/-System-Volumes-Data-opt-local-bin-mktexpk.tar.bz2
	local-binenc-scripts/binary-analysis/-System-Volumes-Data-opt-local-bin-mktextfm.tar.bz2
	local-binenc-scripts/binary-analysis/-System-Volumes-Data-opt-local-bin-modularize-mp-13.tar.bz2
	local-binenc-scripts/binary-analysis/-System-Volumes-Data-opt-local-bin-modutil.tar.bz2
	local-binenc-scripts/binary-analysis/-System-Volumes-Data-opt-local-bin-mogrify.tar.bz2
	local-binenc-scripts/binary-analysis/-System-Volumes-Data-opt-local-bin-montage.tar.bz2
	local-binenc-scripts/binary-analysis/-System-Volumes-Data-opt-local-bin-mpicalc.tar.bz2
	local-binenc-scripts/binary-analysis/-System-Volumes-Data-opt-local-bin-mptopdf.tar.bz2
	local-binenc-scripts/binary-analysis/-System-Volumes-Data-opt-local-bin-msgattrib.tar.bz2
	local-binenc-scripts/binary-analysis/-System-Volumes-Data-opt-local-bin-msgcat.tar.bz2
	local-binenc-scripts/binary-analysis/-System-Volumes-Data-opt-local-bin-msgcmp.tar.bz2
	local-binenc-scripts/binary-analysis/-System-Volumes-Data-opt-local-bin-msgcomm.tar.bz2
	local-binenc-scripts/binary-analysis/-System-Volumes-Data-opt-local-bin-msgconv.tar.bz2
	local-binenc-scripts/binary-analysis/-System-Volumes-Data-opt-local-bin-msgen.tar.bz2
	local-binenc-scripts/binary-analysis/-System-Volumes-Data-opt-local-bin-msgexec.tar.bz2
	local-binenc-scripts/binary-analysis/-System-Volumes-Data-opt-local-bin-msgfilter.tar.bz2
	local-binenc-scripts/binary-analysis/-System-Volumes-Data-opt-local-bin-msgfmt.tar.bz2
	local-binenc-scripts/binary-analysis/-System-Volumes-Data-opt-local-bin-msggrep.tar.bz2
	local-binenc-scripts/binary-analysis/-System-Volumes-Data-opt-local-bin-msginit.tar.bz2
	local-binenc-scripts/binary-analysis/-System-Volumes-Data-opt-local-bin-msgmerge.tar.bz2
	local-binenc-scripts/binary-analysis/-System-Volumes-Data-opt-local-bin-msgunfmt.tar.bz2
	local-binenc-scripts/binary-analysis/-System-Volumes-Data-opt-local-bin-msguniq.tar.bz2
	local-binenc-scripts/binary-analysis/-System-Volumes-Data-opt-local-bin-multinit.tar.bz2
	local-binenc-scripts/binary-analysis/-System-Volumes-Data-opt-local-bin-multirender_test.tar.bz2
	local-binenc-scripts/binary-analysis/-System-Volumes-Data-opt-local-bin-mupdf-gl.tar.bz2
	local-binenc-scripts/binary-analysis/-System-Volumes-Data-opt-local-bin-muraster.tar.bz2
	local-binenc-scripts/binary-analysis/-System-Volumes-Data-opt-local-bin-mutool.tar.bz2
	local-binenc-scripts/binary-analysis/-System-Volumes-Data-opt-local-bin-nbtscan.tar.bz2
	local-binenc-scripts/binary-analysis/-System-Volumes-Data-opt-local-bin-nbtstat.tar.bz2
	local-binenc-scripts/binary-analysis/-System-Volumes-Data-opt-local-bin-ncat.tar.bz2
	local-binenc-scripts/binary-analysis/-System-Volumes-Data-opt-local-bin-ncurses6-config.tar.bz2
	local-binenc-scripts/binary-analysis/-System-Volumes-Data-opt-local-bin-ncursesw6-config.tar.bz2
	local-binenc-scripts/binary-analysis/-System-Volumes-Data-opt-local-bin-nettle-hash.tar.bz2
	local-binenc-scripts/binary-analysis/-System-Volumes-Data-opt-local-bin-nettle-lfib-stream.tar.bz2
	local-binenc-scripts/binary-analysis/-System-Volumes-Data-opt-local-bin-nettle-pbkdf2.tar.bz2
	local-binenc-scripts/binary-analysis/-System-Volumes-Data-opt-local-bin-nfc-anticol.tar.bz2
	local-binenc-scripts/binary-analysis/-System-Volumes-Data-opt-local-bin-nfc-dep-initiator.tar.bz2
	local-binenc-scripts/binary-analysis/-System-Volumes-Data-opt-local-bin-nfc-dep-target.tar.bz2
	local-binenc-scripts/binary-analysis/-System-Volumes-Data-opt-local-bin-nfc-emulate-forum-tag2.tar.bz2
	local-binenc-scripts/binary-analysis/-System-Volumes-Data-opt-local-bin-nfc-emulate-forum-tag4.tar.bz2
	local-binenc-scripts/binary-analysis/-System-Volumes-Data-opt-local-bin-nfc-emulate-tag.tar.bz2
	local-binenc-scripts/binary-analysis/-System-Volumes-Data-opt-local-bin-nfc-emulate-uid.tar.bz2
	local-binenc-scripts/binary-analysis/-System-Volumes-Data-opt-local-bin-nfc-jewel.tar.bz2
	local-binenc-scripts/binary-analysis/-System-Volumes-Data-opt-local-bin-nfc-list.tar.bz2
	local-binenc-scripts/binary-analysis/-System-Volumes-Data-opt-local-bin-nfc-mfclassic.tar.bz2
	local-binenc-scripts/binary-analysis/-System-Volumes-Data-opt-local-bin-nfc-mfsetuid.tar.bz2
	local-binenc-scripts/binary-analysis/-System-Volumes-Data-opt-local-bin-nfc-mfultralight.tar.bz2
	local-binenc-scripts/binary-analysis/-System-Volumes-Data-opt-local-bin-nfc-poll.tar.bz2
	local-binenc-scripts/binary-analysis/-System-Volumes-Data-opt-local-bin-nfc-read-forum-tag3.tar.bz2
	local-binenc-scripts/binary-analysis/-System-Volumes-Data-opt-local-bin-nfc-relay-picc.tar.bz2
	local-binenc-scripts/binary-analysis/-System-Volumes-Data-opt-local-bin-nfc-relay.tar.bz2
	local-binenc-scripts/binary-analysis/-System-Volumes-Data-opt-local-bin-nfc-scan-device.tar.bz2
	local-binenc-scripts/binary-analysis/-System-Volumes-Data-opt-local-bin-ngettext.tar.bz2
	local-binenc-scripts/binary-analysis/-System-Volumes-Data-opt-local-bin-ninja.tar.bz2
	local-binenc-scripts/binary-analysis/-System-Volumes-Data-opt-local-bin-nm-classic.tar.bz2
	local-binenc-scripts/binary-analysis/-System-Volumes-Data-opt-local-bin-nm.tar.bz2
	local-binenc-scripts/binary-analysis/-System-Volumes-Data-opt-local-bin-nmap.tar.bz2
	local-binenc-scripts/binary-analysis/-System-Volumes-Data-opt-local-bin-nonspr10.tar.bz2
	local-binenc-scripts/binary-analysis/-System-Volumes-Data-opt-local-bin-nping.tar.bz2
	local-binenc-scripts/binary-analysis/-System-Volumes-Data-opt-local-bin-nspr-config.tar.bz2
	local-binenc-scripts/binary-analysis/-System-Volumes-Data-opt-local-bin-nss-config.tar.bz2
	local-binenc-scripts/binary-analysis/-System-Volumes-Data-opt-local-bin-nss-policy-check.tar.bz2
	local-binenc-scripts/binary-analysis/-System-Volumes-Data-opt-local-bin-nssdefaults.tar.bz2
	local-binenc-scripts/binary-analysis/-System-Volumes-Data-opt-local-bin-ntp-keygen.tar.bz2
	local-binenc-scripts/binary-analysis/-System-Volumes-Data-opt-local-bin-ntpq.tar.bz2
	local-binenc-scripts/binary-analysis/-System-Volumes-Data-opt-local-bin-ntpstat.tar.bz2
	local-binenc-scripts/binary-analysis/-System-Volumes-Data-opt-local-bin-objdump.tar.bz2
	local-binenc-scripts/binary-analysis/-System-Volumes-Data-opt-local-bin-ocspclnt.tar.bz2
	local-binenc-scripts/binary-analysis/-System-Volumes-Data-opt-local-bin-ocspresp.tar.bz2
	local-binenc-scripts/binary-analysis/-System-Volumes-Data-opt-local-bin-ocsptool.tar.bz2
	local-binenc-scripts/binary-analysis/-System-Volumes-Data-opt-local-bin-ode.tar.bz2
	local-binenc-scripts/binary-analysis/-System-Volumes-Data-opt-local-bin-oidcalc.tar.bz2
	local-binenc-scripts/binary-analysis/-System-Volumes-Data-opt-local-bin-openssl-1.1.tar.bz2
	local-binenc-scripts/binary-analysis/-System-Volumes-Data-opt-local-bin-openssl-3.tar.bz2
	local-binenc-scripts/binary-analysis/-System-Volumes-Data-opt-local-bin-openssl.tar.bz2
	local-binenc-scripts/binary-analysis/-System-Volumes-Data-opt-local-bin-opj_compress.tar.bz2
	local-binenc-scripts/binary-analysis/-System-Volumes-Data-opt-local-bin-opj_decompress.tar.bz2
	local-binenc-scripts/binary-analysis/-System-Volumes-Data-opt-local-bin-opj_dump.tar.bz2
	local-binenc-scripts/binary-analysis/-System-Volumes-Data-opt-local-bin-opt-mp-12.tar.bz2
	local-binenc-scripts/binary-analysis/-System-Volumes-Data-opt-local-bin-opt-mp-13.tar.bz2
	local-binenc-scripts/binary-analysis/-System-Volumes-Data-opt-local-bin-optexcount.tar.bz2
	local-binenc-scripts/binary-analysis/-System-Volumes-Data-opt-local-bin-otool.tar.bz2
	local-binenc-scripts/binary-analysis/-System-Volumes-Data-opt-local-bin-p11-kit.tar.bz2
	local-binenc-scripts/binary-analysis/-System-Volumes-Data-opt-local-bin-p11tool.tar.bz2
	local-binenc-scripts/binary-analysis/-System-Volumes-Data-opt-local-bin-p7content.tar.bz2
	local-binenc-scripts/binary-analysis/-System-Volumes-Data-opt-local-bin-p7env.tar.bz2
	local-binenc-scripts/binary-analysis/-System-Volumes-Data-opt-local-bin-p7sign.tar.bz2
	local-binenc-scripts/binary-analysis/-System-Volumes-Data-opt-local-bin-p7verify.tar.bz2
	local-binenc-scripts/binary-analysis/-System-Volumes-Data-opt-local-bin-package-stash-conflicts-5.34.tar.bz2
	local-binenc-scripts/binary-analysis/-System-Volumes-Data-opt-local-bin-pagelayoutapi.tar.bz2
	local-binenc-scripts/binary-analysis/-System-Volumes-Data-opt-local-bin-pal2rgb.tar.bz2
	local-binenc-scripts/binary-analysis/-System-Volumes-Data-opt-local-bin-pamphletangler.tar.bz2
	local-binenc-scripts/binary-analysis/-System-Volumes-Data-opt-local-bin-pango-list.tar.bz2
	local-binenc-scripts/binary-analysis/-System-Volumes-Data-opt-local-bin-pango-segmentation.tar.bz2
	local-binenc-scripts/binary-analysis/-System-Volumes-Data-opt-local-bin-pango-view.tar.bz2
	local-binenc-scripts/binary-analysis/-System-Volumes-Data-opt-local-bin-patgen.tar.bz2
	local-binenc-scripts/binary-analysis/-System-Volumes-Data-opt-local-bin-pbmtojbg.tar.bz2
	local-binenc-scripts/binary-analysis/-System-Volumes-Data-opt-local-bin-pcap-config.tar.bz2
	local-binenc-scripts/binary-analysis/-System-Volumes-Data-opt-local-bin-pcre-config.tar.bz2
	local-binenc-scripts/binary-analysis/-System-Volumes-Data-opt-local-bin-pcre2-config.tar.bz2
	local-binenc-scripts/binary-analysis/-System-Volumes-Data-opt-local-bin-pcre2grep.tar.bz2
	local-binenc-scripts/binary-analysis/-System-Volumes-Data-opt-local-bin-pcre2test.tar.bz2
	local-binenc-scripts/binary-analysis/-System-Volumes-Data-opt-local-bin-pcregrep.tar.bz2
	local-binenc-scripts/binary-analysis/-System-Volumes-Data-opt-local-bin-pcretest.tar.bz2
	local-binenc-scripts/binary-analysis/-System-Volumes-Data-opt-local-bin-pdf2dsc.tar.bz2
	local-binenc-scripts/binary-analysis/-System-Volumes-Data-opt-local-bin-pdf2ps.tar.bz2
	local-binenc-scripts/binary-analysis/-System-Volumes-Data-opt-local-bin-pdfannotextractor.tar.bz2
	local-binenc-scripts/binary-analysis/-System-Volumes-Data-opt-local-bin-pdfatfi.tar.bz2
	local-binenc-scripts/binary-analysis/-System-Volumes-Data-opt-local-bin-pdfattach.tar.bz2
	local-binenc-scripts/binary-analysis/-System-Volumes-Data-opt-local-bin-pdfbook2.tar.bz2
	local-binenc-scripts/binary-analysis/-System-Volumes-Data-opt-local-bin-pdfclose.tar.bz2
	local-binenc-scripts/binary-analysis/-System-Volumes-Data-opt-local-bin-pdfcrop.tar.bz2
	local-binenc-scripts/binary-analysis/-System-Volumes-Data-opt-local-bin-pdfdetach.tar.bz2
	local-binenc-scripts/binary-analysis/-System-Volumes-Data-opt-local-bin-pdfetex.tar.bz2
	local-binenc-scripts/binary-analysis/-System-Volumes-Data-opt-local-bin-pdffonts.tar.bz2
	local-binenc-scripts/binary-analysis/-System-Volumes-Data-opt-local-bin-pdfimages.tar.bz2
	local-binenc-scripts/binary-analysis/-System-Volumes-Data-opt-local-bin-pdfinfo.tar.bz2
	local-binenc-scripts/binary-analysis/-System-Volumes-Data-opt-local-bin-pdfjam.tar.bz2
	local-binenc-scripts/binary-analysis/-System-Volumes-Data-opt-local-bin-pdflatex-dev.tar.bz2
	local-binenc-scripts/binary-analysis/-System-Volumes-Data-opt-local-bin-pdflatex.tar.bz2
	local-binenc-scripts/binary-analysis/-System-Volumes-Data-opt-local-bin-pdflatexpicscale.tar.bz2
	local-binenc-scripts/binary-analysis/-System-Volumes-Data-opt-local-bin-pdfopen.tar.bz2
	local-binenc-scripts/binary-analysis/-System-Volumes-Data-opt-local-bin-pdfseparate.tar.bz2
	local-binenc-scripts/binary-analysis/-System-Volumes-Data-opt-local-bin-pdfsig.tar.bz2
	local-binenc-scripts/binary-analysis/-System-Volumes-Data-opt-local-bin-pdftex-quiet.tar.bz2
	local-binenc-scripts/binary-analysis/-System-Volumes-Data-opt-local-bin-pdftex.tar.bz2
	local-binenc-scripts/binary-analysis/-System-Volumes-Data-opt-local-bin-pdftexi2dvi.tar.bz2
	local-binenc-scripts/binary-analysis/-System-Volumes-Data-opt-local-bin-pdftocairo.tar.bz2
	local-binenc-scripts/binary-analysis/-System-Volumes-Data-opt-local-bin-pdftohtml.tar.bz2
	local-binenc-scripts/binary-analysis/-System-Volumes-Data-opt-local-bin-pdftoppm.tar.bz2
	local-binenc-scripts/binary-analysis/-System-Volumes-Data-opt-local-bin-pdftops.tar.bz2
	local-binenc-scripts/binary-analysis/-System-Volumes-Data-opt-local-bin-pdftosrc.tar.bz2
	local-binenc-scripts/binary-analysis/-System-Volumes-Data-opt-local-bin-pdftotext.tar.bz2
	local-binenc-scripts/binary-analysis/-System-Volumes-Data-opt-local-bin-pdfunite.tar.bz2
	local-binenc-scripts/binary-analysis/-System-Volumes-Data-opt-local-bin-pdfxup.tar.bz2
	local-binenc-scripts/binary-analysis/-System-Volumes-Data-opt-local-bin-perl.tar.bz2
	local-binenc-scripts/binary-analysis/-System-Volumes-Data-opt-local-bin-perl5.34.3.tar.bz2
	local-binenc-scripts/binary-analysis/-System-Volumes-Data-opt-local-bin-perl5.34.tar.bz2
	local-binenc-scripts/binary-analysis/-System-Volumes-Data-opt-local-bin-perl5.tar.bz2
	local-binenc-scripts/binary-analysis/-System-Volumes-Data-opt-local-bin-perlbug-5.34.tar.bz2
	local-binenc-scripts/binary-analysis/-System-Volumes-Data-opt-local-bin-perlbug.tar.bz2
	local-binenc-scripts/binary-analysis/-System-Volumes-Data-opt-local-bin-perldoc-5.34.tar.bz2
	local-binenc-scripts/binary-analysis/-System-Volumes-Data-opt-local-bin-perldoc.tar.bz2
	local-binenc-scripts/binary-analysis/-System-Volumes-Data-opt-local-bin-perlivp-5.34.tar.bz2
	local-binenc-scripts/binary-analysis/-System-Volumes-Data-opt-local-bin-perlivp.tar.bz2
	local-binenc-scripts/binary-analysis/-System-Volumes-Data-opt-local-bin-perltex.tar.bz2
	local-binenc-scripts/binary-analysis/-System-Volumes-Data-opt-local-bin-perlthanks-5.34.tar.bz2
	local-binenc-scripts/binary-analysis/-System-Volumes-Data-opt-local-bin-perlthanks.tar.bz2
	local-binenc-scripts/binary-analysis/-System-Volumes-Data-opt-local-bin-pf2afm.tar.bz2
	local-binenc-scripts/binary-analysis/-System-Volumes-Data-opt-local-bin-pfarrei.tar.bz2
	local-binenc-scripts/binary-analysis/-System-Volumes-Data-opt-local-bin-pfbtopfa.tar.bz2
	local-binenc-scripts/binary-analysis/-System-Volumes-Data-opt-local-bin-pic2plot.tar.bz2
	local-binenc-scripts/binary-analysis/-System-Volumes-Data-opt-local-bin-piconv-5.34.tar.bz2
	local-binenc-scripts/binary-analysis/-System-Volumes-Data-opt-local-bin-piconv.tar.bz2
	local-binenc-scripts/binary-analysis/-System-Volumes-Data-opt-local-bin-pk11ectest.tar.bz2
	local-binenc-scripts/binary-analysis/-System-Volumes-Data-opt-local-bin-pk11gcmtest.tar.bz2
	local-binenc-scripts/binary-analysis/-System-Volumes-Data-opt-local-bin-pk11importtest.tar.bz2
	local-binenc-scripts/binary-analysis/-System-Volumes-Data-opt-local-bin-pk11mode.tar.bz2
	local-binenc-scripts/binary-analysis/-System-Volumes-Data-opt-local-bin-pk12util.tar.bz2
	local-binenc-scripts/binary-analysis/-System-Volumes-Data-opt-local-bin-pk1sign.tar.bz2
	local-binenc-scripts/binary-analysis/-System-Volumes-Data-opt-local-bin-pkcs1-conv.tar.bz2
	local-binenc-scripts/binary-analysis/-System-Volumes-Data-opt-local-bin-pkfix-helper.tar.bz2
	local-binenc-scripts/binary-analysis/-System-Volumes-Data-opt-local-bin-pkfix.tar.bz2
	local-binenc-scripts/binary-analysis/-System-Volumes-Data-opt-local-bin-pkg-config.tar.bz2
	local-binenc-scripts/binary-analysis/-System-Volumes-Data-opt-local-bin-pkgdata.tar.bz2
	local-binenc-scripts/binary-analysis/-System-Volumes-Data-opt-local-bin-pkix-errcodes.tar.bz2
	local-binenc-scripts/binary-analysis/-System-Volumes-Data-opt-local-bin-pktogf.tar.bz2
	local-binenc-scripts/binary-analysis/-System-Volumes-Data-opt-local-bin-pktype.tar.bz2
	local-binenc-scripts/binary-analysis/-System-Volumes-Data-opt-local-bin-pl2pm-5.34.tar.bz2
	local-binenc-scripts/binary-analysis/-System-Volumes-Data-opt-local-bin-pl2pm.tar.bz2
	local-binenc-scripts/binary-analysis/-System-Volumes-Data-opt-local-bin-plot.tar.bz2
	local-binenc-scripts/binary-analysis/-System-Volumes-Data-opt-local-bin-plotfont.tar.bz2
	local-binenc-scripts/binary-analysis/-System-Volumes-Data-opt-local-bin-pn2pdf.tar.bz2
	local-binenc-scripts/binary-analysis/-System-Volumes-Data-opt-local-bin-pn53x-diagnose.tar.bz2
	local-binenc-scripts/binary-analysis/-System-Volumes-Data-opt-local-bin-pn53x-sam.tar.bz2
	local-binenc-scripts/binary-analysis/-System-Volumes-Data-opt-local-bin-pn53x-tamashell.tar.bz2
	local-binenc-scripts/binary-analysis/-System-Volumes-Data-opt-local-bin-png-fix-itxt.tar.bz2
	local-binenc-scripts/binary-analysis/-System-Volumes-Data-opt-local-bin-pngfix.tar.bz2
	local-binenc-scripts/binary-analysis/-System-Volumes-Data-opt-local-bin-pngtogd.tar.bz2
	local-binenc-scripts/binary-analysis/-System-Volumes-Data-opt-local-bin-pngtogd2.tar.bz2
	local-binenc-scripts/binary-analysis/-System-Volumes-Data-opt-local-bin-pod2html-5.34.tar.bz2
	local-binenc-scripts/binary-analysis/-System-Volumes-Data-opt-local-bin-pod2html.tar.bz2
	local-binenc-scripts/binary-analysis/-System-Volumes-Data-opt-local-bin-pod2man-5.34.tar.bz2
	local-binenc-scripts/binary-analysis/-System-Volumes-Data-opt-local-bin-pod2man.tar.bz2
	local-binenc-scripts/binary-analysis/-System-Volumes-Data-opt-local-bin-pod2texi.tar.bz2
	local-binenc-scripts/binary-analysis/-System-Volumes-Data-opt-local-bin-pod2text-5.34.tar.bz2
	local-binenc-scripts/binary-analysis/-System-Volumes-Data-opt-local-bin-pod2text.tar.bz2
	local-binenc-scripts/binary-analysis/-System-Volumes-Data-opt-local-bin-pod2usage-5.34.tar.bz2
	local-binenc-scripts/binary-analysis/-System-Volumes-Data-opt-local-bin-pod2usage.tar.bz2
	local-binenc-scripts/binary-analysis/-System-Volumes-Data-opt-local-bin-podchecker-5.34.tar.bz2
	local-binenc-scripts/binary-analysis/-System-Volumes-Data-opt-local-bin-podchecker.tar.bz2
	local-binenc-scripts/binary-analysis/-System-Volumes-Data-opt-local-bin-pooltype.tar.bz2
	local-binenc-scripts/binary-analysis/-System-Volumes-Data-opt-local-bin-port-tclsh.tar.bz2
	local-binenc-scripts/binary-analysis/-System-Volumes-Data-opt-local-bin-port.tar.bz2
	local-binenc-scripts/binary-analysis/-System-Volumes-Data-opt-local-bin-portf.tar.bz2
	local-binenc-scripts/binary-analysis/-System-Volumes-Data-opt-local-bin-portindex.tar.bz2
	local-binenc-scripts/binary-analysis/-System-Volumes-Data-opt-local-bin-portmirror.tar.bz2
	local-binenc-scripts/binary-analysis/-System-Volumes-Data-opt-local-bin-postprocessing_benchmark.tar.bz2
	local-binenc-scripts/binary-analysis/-System-Volumes-Data-opt-local-bin-potrace.tar.bz2
	local-binenc-scripts/binary-analysis/-System-Volumes-Data-opt-local-bin-pp-trace-mp-13.tar.bz2
	local-binenc-scripts/binary-analysis/-System-Volumes-Data-opt-local-bin-pp.tar.bz2
	local-binenc-scripts/binary-analysis/-System-Volumes-Data-opt-local-bin-pphs.tar.bz2
	local-binenc-scripts/binary-analysis/-System-Volumes-Data-opt-local-bin-ppm2tiff.tar.bz2
	local-binenc-scripts/binary-analysis/-System-Volumes-Data-opt-local-bin-ppmcheckpdf.tar.bz2
	local-binenc-scripts/binary-analysis/-System-Volumes-Data-opt-local-bin-prerr.properties.tar.bz2
	local-binenc-scripts/binary-analysis/-System-Volumes-Data-opt-local-bin-printafm.tar.bz2
	local-binenc-scripts/binary-analysis/-System-Volumes-Data-opt-local-bin-procan.tar.bz2
	local-binenc-scripts/binary-analysis/-System-Volumes-Data-opt-local-bin-prove-5.34.tar.bz2
	local-binenc-scripts/binary-analysis/-System-Volumes-Data-opt-local-bin-prove.tar.bz2
	local-binenc-scripts/binary-analysis/-System-Volumes-Data-opt-local-bin-proxy.tar.bz2
	local-binenc-scripts/binary-analysis/-System-Volumes-Data-opt-local-bin-ps2ascii.tar.bz2
	local-binenc-scripts/binary-analysis/-System-Volumes-Data-opt-local-bin-ps2epsi.tar.bz2
	local-binenc-scripts/binary-analysis/-System-Volumes-Data-opt-local-bin-ps2frag.tar.bz2
	local-binenc-scripts/binary-analysis/-System-Volumes-Data-opt-local-bin-ps2pdf.tar.bz2
	local-binenc-scripts/binary-analysis/-System-Volumes-Data-opt-local-bin-ps2pdf12.tar.bz2
	local-binenc-scripts/binary-analysis/-System-Volumes-Data-opt-local-bin-ps2pdf13.tar.bz2
	local-binenc-scripts/binary-analysis/-System-Volumes-Data-opt-local-bin-ps2pdf14.tar.bz2
	local-binenc-scripts/binary-analysis/-System-Volumes-Data-opt-local-bin-ps2pdfwr.tar.bz2
	local-binenc-scripts/binary-analysis/-System-Volumes-Data-opt-local-bin-ps2ps.tar.bz2
	local-binenc-scripts/binary-analysis/-System-Volumes-Data-opt-local-bin-ps2ps2.tar.bz2
	local-binenc-scripts/binary-analysis/-System-Volumes-Data-opt-local-bin-psicc.tar.bz2
	local-binenc-scripts/binary-analysis/-System-Volumes-Data-opt-local-bin-psktool.tar.bz2
	local-binenc-scripts/binary-analysis/-System-Volumes-Data-opt-local-bin-psl-make-dafsa.tar.bz2
	local-binenc-scripts/binary-analysis/-System-Volumes-Data-opt-local-bin-psl.tar.bz2
	local-binenc-scripts/binary-analysis/-System-Volumes-Data-opt-local-bin-pslatex.tar.bz2
	local-binenc-scripts/binary-analysis/-System-Volumes-Data-opt-local-bin-pstoedit.tar.bz2
	local-binenc-scripts/binary-analysis/-System-Volumes-Data-opt-local-bin-ptar-5.34.tar.bz2
	local-binenc-scripts/binary-analysis/-System-Volumes-Data-opt-local-bin-ptar.tar.bz2
	local-binenc-scripts/binary-analysis/-System-Volumes-Data-opt-local-bin-ptardiff-5.34.tar.bz2
	local-binenc-scripts/binary-analysis/-System-Volumes-Data-opt-local-bin-ptardiff.tar.bz2
	local-binenc-scripts/binary-analysis/-System-Volumes-Data-opt-local-bin-ptargrep-5.34.tar.bz2
	local-binenc-scripts/binary-analysis/-System-Volumes-Data-opt-local-bin-ptargrep.tar.bz2
	local-binenc-scripts/binary-analysis/-System-Volumes-Data-opt-local-bin-pth-config.tar.bz2
	local-binenc-scripts/binary-analysis/-System-Volumes-Data-opt-local-bin-ptked-5.34.tar.bz2
	local-binenc-scripts/binary-analysis/-System-Volumes-Data-opt-local-bin-ptksh-5.34.tar.bz2
	local-binenc-scripts/binary-analysis/-System-Volumes-Data-opt-local-bin-purifyeps.tar.bz2
	local-binenc-scripts/binary-analysis/-System-Volumes-Data-opt-local-bin-pwdecrypt.tar.bz2
	local-binenc-scripts/binary-analysis/-System-Volumes-Data-opt-local-bin-pydoc2.7.tar.bz2
	local-binenc-scripts/binary-analysis/-System-Volumes-Data-opt-local-bin-pydoc3.12.tar.bz2
	local-binenc-scripts/binary-analysis/-System-Volumes-Data-opt-local-bin-pydoc3.13.tar.bz2
	local-binenc-scripts/binary-analysis/-System-Volumes-Data-opt-local-bin-pydoc3.14.tar.bz2
	local-binenc-scripts/binary-analysis/-System-Volumes-Data-opt-local-bin-pygmentex.tar.bz2
	local-binenc-scripts/binary-analysis/-System-Volumes-Data-opt-local-bin-pygmentize-3.13.tar.bz2
	local-binenc-scripts/binary-analysis/-System-Volumes-Data-opt-local-bin-pyproject-build-3.13.tar.bz2
	local-binenc-scripts/binary-analysis/-System-Volumes-Data-opt-local-bin-python2.7-config.tar.bz2
	local-binenc-scripts/binary-analysis/-System-Volumes-Data-opt-local-bin-python2.7.tar.bz2
	local-binenc-scripts/binary-analysis/-System-Volumes-Data-opt-local-bin-python3.12-config.tar.bz2
	local-binenc-scripts/binary-analysis/-System-Volumes-Data-opt-local-bin-python3.12.tar.bz2
	local-binenc-scripts/binary-analysis/-System-Volumes-Data-opt-local-bin-python3.13-config.tar.bz2
	local-binenc-scripts/binary-analysis/-System-Volumes-Data-opt-local-bin-python3.13.tar.bz2
	local-binenc-scripts/binary-analysis/-System-Volumes-Data-opt-local-bin-python3.14-config.tar.bz2
	local-binenc-scripts/binary-analysis/-System-Volumes-Data-opt-local-bin-python3.14.tar.bz2
	local-binenc-scripts/binary-analysis/-System-Volumes-Data-opt-local-bin-pythontex.tar.bz2
	local-binenc-scripts/binary-analysis/-System-Volumes-Data-opt-local-bin-pythonw2.7.tar.bz2
	local-binenc-scripts/binary-analysis/-System-Volumes-Data-opt-local-bin-qstat.tar.bz2
	local-binenc-scripts/binary-analysis/-System-Volumes-Data-opt-local-bin-ranlib.tar.bz2
	local-binenc-scripts/binary-analysis/-System-Volumes-Data-opt-local-bin-raw-identify.tar.bz2
	local-binenc-scripts/binary-analysis/-System-Volumes-Data-opt-local-bin-raw2gif.tar.bz2
	local-binenc-scripts/binary-analysis/-System-Volumes-Data-opt-local-bin-raw2tiff.tar.bz2
	local-binenc-scripts/binary-analysis/-System-Volumes-Data-opt-local-bin-rawtextdump.tar.bz2
	local-binenc-scripts/binary-analysis/-System-Volumes-Data-opt-local-bin-rb.tar.bz2
	local-binenc-scripts/binary-analysis/-System-Volumes-Data-opt-local-bin-rclock.tar.bz2
	local-binenc-scripts/binary-analysis/-System-Volumes-Data-opt-local-bin-rd-curves.tar.bz2
	local-binenc-scripts/binary-analysis/-System-Volumes-Data-opt-local-bin-rdjpgcom.tar.bz2
	local-binenc-scripts/binary-analysis/-System-Volumes-Data-opt-local-bin-recode-sr-latin.tar.bz2
	local-binenc-scripts/binary-analysis/-System-Volumes-Data-opt-local-bin-remtest.tar.bz2
	local-binenc-scripts/binary-analysis/-System-Volumes-Data-opt-local-bin-reset.tar.bz2
	local-binenc-scripts/binary-analysis/-System-Volumes-Data-opt-local-bin-resize.tar.bz2
	local-binenc-scripts/binary-analysis/-System-Volumes-Data-opt-local-bin-rgb2gif.tar.bz2
	local-binenc-scripts/binary-analysis/-System-Volumes-Data-opt-local-bin-rpdfcrop.tar.bz2
	local-binenc-scripts/binary-analysis/-System-Volumes-Data-opt-local-bin-rrdcached.tar.bz2
	local-binenc-scripts/binary-analysis/-System-Volumes-Data-opt-local-bin-rrdcgi.tar.bz2
	local-binenc-scripts/binary-analysis/-System-Volumes-Data-opt-local-bin-rrdcreate.tar.bz2
	local-binenc-scripts/binary-analysis/-System-Volumes-Data-opt-local-bin-rrdinfo.tar.bz2
	local-binenc-scripts/binary-analysis/-System-Volumes-Data-opt-local-bin-rrdtool.tar.bz2
	local-binenc-scripts/binary-analysis/-System-Volumes-Data-opt-local-bin-rrdupdate.tar.bz2
	local-binenc-scripts/binary-analysis/-System-Volumes-Data-opt-local-bin-rsaperf.tar.bz2
	local-binenc-scripts/binary-analysis/-System-Volumes-Data-opt-local-bin-rsapoptst.tar.bz2
	local-binenc-scripts/binary-analysis/-System-Volumes-Data-opt-local-bin-rsync-ssl.tar.bz2
	local-binenc-scripts/binary-analysis/-System-Volumes-Data-opt-local-bin-rsync.tar.bz2
	local-binenc-scripts/binary-analysis/-System-Volumes-Data-opt-local-bin-run-clang-tidy-mp-13.tar.bz2
	local-binenc-scripts/binary-analysis/-System-Volumes-Data-opt-local-bin-rungs.tar.bz2
	local-binenc-scripts/binary-analysis/-System-Volumes-Data-opt-local-bin-runscript.tar.bz2
	local-binenc-scripts/binary-analysis/-System-Volumes-Data-opt-local-bin-runtexshebang.tar.bz2
	local-binenc-scripts/binary-analysis/-System-Volumes-Data-opt-local-bin-rx.tar.bz2
	local-binenc-scripts/binary-analysis/-System-Volumes-Data-opt-local-bin-rxvt-2.7.10.tar.bz2
	local-binenc-scripts/binary-analysis/-System-Volumes-Data-opt-local-bin-rxvt.tar.bz2
	local-binenc-scripts/binary-analysis/-System-Volumes-Data-opt-local-bin-rz.tar.bz2
	local-binenc-scripts/binary-analysis/-System-Volumes-Data-opt-local-bin-sancov-mp-12.tar.bz2
	local-binenc-scripts/binary-analysis/-System-Volumes-Data-opt-local-bin-sancov-mp-13.tar.bz2
	local-binenc-scripts/binary-analysis/-System-Volumes-Data-opt-local-bin-sanstats-mp-12.tar.bz2
	local-binenc-scripts/binary-analysis/-System-Volumes-Data-opt-local-bin-sanstats-mp-13.tar.bz2
	local-binenc-scripts/binary-analysis/-System-Volumes-Data-opt-local-bin-sb.tar.bz2
	local-binenc-scripts/binary-analysis/-System-Volumes-Data-opt-local-bin-scalar.tar.bz2
	local-binenc-scripts/binary-analysis/-System-Volumes-Data-opt-local-bin-scan-build-mp-13.tar.bz2
	local-binenc-scripts/binary-analysis/-System-Volumes-Data-opt-local-bin-scan-build-py-mp-13.tar.bz2
	local-binenc-scripts/binary-analysis/-System-Volumes-Data-opt-local-bin-scan-view-mp-13.tar.bz2
	local-binenc-scripts/binary-analysis/-System-Volumes-Data-opt-local-bin-sclient.tar.bz2
	local-binenc-scripts/binary-analysis/-System-Volumes-Data-opt-local-bin-sdbthreadtst.tar.bz2
	local-binenc-scripts/binary-analysis/-System-Volumes-Data-opt-local-bin-sdrtest.tar.bz2
	local-binenc-scripts/binary-analysis/-System-Volumes-Data-opt-local-bin-secmodtest.tar.bz2
	local-binenc-scripts/binary-analysis/-System-Volumes-Data-opt-local-bin-segedit.tar.bz2
	local-binenc-scripts/binary-analysis/-System-Volumes-Data-opt-local-bin-selfserv.tar.bz2
	local-binenc-scripts/binary-analysis/-System-Volumes-Data-opt-local-bin-set-xcode-analyzer-mp-13.tar.bz2
	local-binenc-scripts/binary-analysis/-System-Volumes-Data-opt-local-bin-sexp-conv.tar.bz2
	local-binenc-scripts/binary-analysis/-System-Volumes-Data-opt-local-bin-shasum-5.34.tar.bz2
	local-binenc-scripts/binary-analysis/-System-Volumes-Data-opt-local-bin-shasum.tar.bz2
	local-binenc-scripts/binary-analysis/-System-Volumes-Data-opt-local-bin-shlibsign.tar.bz2
	local-binenc-scripts/binary-analysis/-System-Volumes-Data-opt-local-bin-signtool.tar.bz2
	local-binenc-scripts/binary-analysis/-System-Volumes-Data-opt-local-bin-signver.tar.bz2
	local-binenc-scripts/binary-analysis/-System-Volumes-Data-opt-local-bin-sim_client.tar.bz2
	local-binenc-scripts/binary-analysis/-System-Volumes-Data-opt-local-bin-simpdftex.tar.bz2
	local-binenc-scripts/binary-analysis/-System-Volumes-Data-opt-local-bin-simple_dcraw.tar.bz2
	local-binenc-scripts/binary-analysis/-System-Volumes-Data-opt-local-bin-size-classic.tar.bz2
	local-binenc-scripts/binary-analysis/-System-Volumes-Data-opt-local-bin-size.tar.bz2
	local-binenc-scripts/binary-analysis/-System-Volumes-Data-opt-local-bin-smicache.tar.bz2
	local-binenc-scripts/binary-analysis/-System-Volumes-Data-opt-local-bin-smidiff.tar.bz2
	local-binenc-scripts/binary-analysis/-System-Volumes-Data-opt-local-bin-smidump.tar.bz2
	local-binenc-scripts/binary-analysis/-System-Volumes-Data-opt-local-bin-smilint.tar.bz2
	local-binenc-scripts/binary-analysis/-System-Volumes-Data-opt-local-bin-smiquery.tar.bz2
	local-binenc-scripts/binary-analysis/-System-Volumes-Data-opt-local-bin-smistrip.tar.bz2
	local-binenc-scripts/binary-analysis/-System-Volumes-Data-opt-local-bin-smixlate.tar.bz2
	local-binenc-scripts/binary-analysis/-System-Volumes-Data-opt-local-bin-smtpd2.7.py.tar.bz2
	local-binenc-scripts/binary-analysis/-System-Volumes-Data-opt-local-bin-sntp.tar.bz2
	local-binenc-scripts/binary-analysis/-System-Volumes-Data-opt-local-bin-socat-broker.sh.tar.bz2
	local-binenc-scripts/binary-analysis/-System-Volumes-Data-opt-local-bin-socat-chain.sh.tar.bz2
	local-binenc-scripts/binary-analysis/-System-Volumes-Data-opt-local-bin-socat-mux.sh.tar.bz2
	local-binenc-scripts/binary-analysis/-System-Volumes-Data-opt-local-bin-socat.tar.bz2
	local-binenc-scripts/binary-analysis/-System-Volumes-Data-opt-local-bin-socat1.tar.bz2
	local-binenc-scripts/binary-analysis/-System-Volumes-Data-opt-local-bin-spix.tar.bz2
	local-binenc-scripts/binary-analysis/-System-Volumes-Data-opt-local-bin-splain-5.34.tar.bz2
	local-binenc-scripts/binary-analysis/-System-Volumes-Data-opt-local-bin-splain.tar.bz2
	local-binenc-scripts/binary-analysis/-System-Volumes-Data-opt-local-bin-spline.tar.bz2
	local-binenc-scripts/binary-analysis/-System-Volumes-Data-opt-local-bin-split-file-mp-12.tar.bz2
	local-binenc-scripts/binary-analysis/-System-Volumes-Data-opt-local-bin-split-file-mp-13.tar.bz2
	local-binenc-scripts/binary-analysis/-System-Volumes-Data-opt-local-bin-splitindex.tar.bz2
	local-binenc-scripts/binary-analysis/-System-Volumes-Data-opt-local-bin-sqlite3.tar.bz2
	local-binenc-scripts/binary-analysis/-System-Volumes-Data-opt-local-bin-sqltex.tar.bz2
	local-binenc-scripts/binary-analysis/-System-Volumes-Data-opt-local-bin-srcredact.tar.bz2
	local-binenc-scripts/binary-analysis/-System-Volumes-Data-opt-local-bin-srptool.tar.bz2
	local-binenc-scripts/binary-analysis/-System-Volumes-Data-opt-local-bin-ssltap.tar.bz2
	local-binenc-scripts/binary-analysis/-System-Volumes-Data-opt-local-bin-stream.tar.bz2
	local-binenc-scripts/binary-analysis/-System-Volumes-Data-opt-local-bin-streamzip-5.34.tar.bz2
	local-binenc-scripts/binary-analysis/-System-Volumes-Data-opt-local-bin-strings.tar.bz2
	local-binenc-scripts/binary-analysis/-System-Volumes-Data-opt-local-bin-strip.tar.bz2
	local-binenc-scripts/binary-analysis/-System-Volumes-Data-opt-local-bin-strsclnt.tar.bz2
	local-binenc-scripts/binary-analysis/-System-Volumes-Data-opt-local-bin-stunnel.tar.bz2
	local-binenc-scripts/binary-analysis/-System-Volumes-Data-opt-local-bin-stunnel3.tar.bz2
	local-binenc-scripts/binary-analysis/-System-Volumes-Data-opt-local-bin-sty2dtx.tar.bz2
	local-binenc-scripts/binary-analysis/-System-Volumes-Data-opt-local-bin-sudo.tar.bz2
	local-binenc-scripts/binary-analysis/-System-Volumes-Data-opt-local-bin-sudoedit.tar.bz2
	local-binenc-scripts/binary-analysis/-System-Volumes-Data-opt-local-bin-sudoreplay.tar.bz2
	local-binenc-scripts/binary-analysis/-System-Volumes-Data-opt-local-bin-sudosh-replay.tar.bz2
	local-binenc-scripts/binary-analysis/-System-Volumes-Data-opt-local-bin-sudosh.tar.bz2
	local-binenc-scripts/binary-analysis/-System-Volumes-Data-opt-local-bin-svn-multi.tar.bz2
	local-binenc-scripts/binary-analysis/-System-Volumes-Data-opt-local-bin-svtav1dec.tar.bz2
	local-binenc-scripts/binary-analysis/-System-Volumes-Data-opt-local-bin-svtav1enc.tar.bz2
	local-binenc-scripts/binary-analysis/-System-Volumes-Data-opt-local-bin-swig.tar.bz2
	local-binenc-scripts/binary-analysis/-System-Volumes-Data-opt-local-bin-sx.tar.bz2
	local-binenc-scripts/binary-analysis/-System-Volumes-Data-opt-local-bin-sxpm.tar.bz2
	local-binenc-scripts/binary-analysis/-System-Volumes-Data-opt-local-bin-symkeyutil.tar.bz2
	local-binenc-scripts/binary-analysis/-System-Volumes-Data-opt-local-bin-synctex.tar.bz2
	local-binenc-scripts/binary-analysis/-System-Volumes-Data-opt-local-bin-sz.tar.bz2
	local-binenc-scripts/binary-analysis/-System-Volumes-Data-opt-local-bin-t4ht.tar.bz2
	local-binenc-scripts/binary-analysis/-System-Volumes-Data-opt-local-bin-tabs.tar.bz2
	local-binenc-scripts/binary-analysis/-System-Volumes-Data-opt-local-bin-tangle.tar.bz2
	local-binenc-scripts/binary-analysis/-System-Volumes-Data-opt-local-bin-tcpdump.4.99.6.tar.bz2
	local-binenc-scripts/binary-analysis/-System-Volumes-Data-opt-local-bin-tcpdump.tar.bz2
	local-binenc-scripts/binary-analysis/-System-Volumes-Data-opt-local-bin-tcptraceroute.tar.bz2
	local-binenc-scripts/binary-analysis/-System-Volumes-Data-opt-local-bin-tek2plot.tar.bz2
	local-binenc-scripts/binary-analysis/-System-Volumes-Data-opt-local-bin-tesseract.tar.bz2
	local-binenc-scripts/binary-analysis/-System-Volumes-Data-opt-local-bin-tests.tar.bz2
	local-binenc-scripts/binary-analysis/-System-Volumes-Data-opt-local-bin-tex.tar.bz2
	local-binenc-scripts/binary-analysis/-System-Volumes-Data-opt-local-bin-tex4ebook.tar.bz2
	local-binenc-scripts/binary-analysis/-System-Volumes-Data-opt-local-bin-tex4ht.tar.bz2
	local-binenc-scripts/binary-analysis/-System-Volumes-Data-opt-local-bin-texaccents.tar.bz2
	local-binenc-scripts/binary-analysis/-System-Volumes-Data-opt-local-bin-texblend.tar.bz2
	local-binenc-scripts/binary-analysis/-System-Volumes-Data-opt-local-bin-texconfig-dialog.tar.bz2
	local-binenc-scripts/binary-analysis/-System-Volumes-Data-opt-local-bin-texconfig-sys.tar.bz2
	local-binenc-scripts/binary-analysis/-System-Volumes-Data-opt-local-bin-texconfig.tar.bz2
	local-binenc-scripts/binary-analysis/-System-Volumes-Data-opt-local-bin-texcount.tar.bz2
	local-binenc-scripts/binary-analysis/-System-Volumes-Data-opt-local-bin-texdef.tar.bz2
	local-binenc-scripts/binary-analysis/-System-Volumes-Data-opt-local-bin-texdiff.tar.bz2
	local-binenc-scripts/binary-analysis/-System-Volumes-Data-opt-local-bin-texdirflatten.tar.bz2
	local-binenc-scripts/binary-analysis/-System-Volumes-Data-opt-local-bin-texdoc.tar.bz2
	local-binenc-scripts/binary-analysis/-System-Volumes-Data-opt-local-bin-texdoctk.tar.bz2
	local-binenc-scripts/binary-analysis/-System-Volumes-Data-opt-local-bin-texfot.tar.bz2
	local-binenc-scripts/binary-analysis/-System-Volumes-Data-opt-local-bin-texhash.tar.bz2
	local-binenc-scripts/binary-analysis/-System-Volumes-Data-opt-local-bin-texi2any.tar.bz2
	local-binenc-scripts/binary-analysis/-System-Volumes-Data-opt-local-bin-texi2dvi.tar.bz2
	local-binenc-scripts/binary-analysis/-System-Volumes-Data-opt-local-bin-texi2pdf.tar.bz2
	local-binenc-scripts/binary-analysis/-System-Volumes-Data-opt-local-bin-texindex.tar.bz2
	local-binenc-scripts/binary-analysis/-System-Volumes-Data-opt-local-bin-texlinks.tar.bz2
	local-binenc-scripts/binary-analysis/-System-Volumes-Data-opt-local-bin-texliveonfly.tar.bz2
	local-binenc-scripts/binary-analysis/-System-Volumes-Data-opt-local-bin-texloganalyser.tar.bz2
	local-binenc-scripts/binary-analysis/-System-Volumes-Data-opt-local-bin-texlogfilter.tar.bz2
	local-binenc-scripts/binary-analysis/-System-Volumes-Data-opt-local-bin-texlogsieve.tar.bz2
	local-binenc-scripts/binary-analysis/-System-Volumes-Data-opt-local-bin-texlua.tar.bz2
	local-binenc-scripts/binary-analysis/-System-Volumes-Data-opt-local-bin-texluac.tar.bz2
	local-binenc-scripts/binary-analysis/-System-Volumes-Data-opt-local-bin-texosquery-jre5.tar.bz2
	local-binenc-scripts/binary-analysis/-System-Volumes-Data-opt-local-bin-texosquery-jre8.tar.bz2
	local-binenc-scripts/binary-analysis/-System-Volumes-Data-opt-local-bin-texosquery.tar.bz2
	local-binenc-scripts/binary-analysis/-System-Volumes-Data-opt-local-bin-texplate.tar.bz2
	local-binenc-scripts/binary-analysis/-System-Volumes-Data-opt-local-bin-text2gif.tar.bz2
	local-binenc-scripts/binary-analysis/-System-Volumes-Data-opt-local-bin-textestvis.tar.bz2
	local-binenc-scripts/binary-analysis/-System-Volumes-Data-opt-local-bin-thumbpdf.tar.bz2
	local-binenc-scripts/binary-analysis/-System-Volumes-Data-opt-local-bin-tic.tar.bz2
	local-binenc-scripts/binary-analysis/-System-Volumes-Data-opt-local-bin-tie.tar.bz2
	local-binenc-scripts/binary-analysis/-System-Volumes-Data-opt-local-bin-tiff2bw.tar.bz2
	local-binenc-scripts/binary-analysis/-System-Volumes-Data-opt-local-bin-tiff2pdf.tar.bz2
	local-binenc-scripts/binary-analysis/-System-Volumes-Data-opt-local-bin-tiff2ps.tar.bz2
	local-binenc-scripts/binary-analysis/-System-Volumes-Data-opt-local-bin-tiff2rgba.tar.bz2
	local-binenc-scripts/binary-analysis/-System-Volumes-Data-opt-local-bin-tiffcmp.tar.bz2
	local-binenc-scripts/binary-analysis/-System-Volumes-Data-opt-local-bin-tiffcp.tar.bz2
	local-binenc-scripts/binary-analysis/-System-Volumes-Data-opt-local-bin-tiffcrop.tar.bz2
	local-binenc-scripts/binary-analysis/-System-Volumes-Data-opt-local-bin-tiffdither.tar.bz2
	local-binenc-scripts/binary-analysis/-System-Volumes-Data-opt-local-bin-tiffdump.tar.bz2
	local-binenc-scripts/binary-analysis/-System-Volumes-Data-opt-local-bin-tiffinfo.tar.bz2
	local-binenc-scripts/binary-analysis/-System-Volumes-Data-opt-local-bin-tiffmedian.tar.bz2
	local-binenc-scripts/binary-analysis/-System-Volumes-Data-opt-local-bin-tiffset.tar.bz2
	local-binenc-scripts/binary-analysis/-System-Volumes-Data-opt-local-bin-tiffsplit.tar.bz2
	local-binenc-scripts/binary-analysis/-System-Volumes-Data-opt-local-bin-tificc.tar.bz2
	local-binenc-scripts/binary-analysis/-System-Volumes-Data-opt-local-bin-tikztosvg.tar.bz2
	local-binenc-scripts/binary-analysis/-System-Volumes-Data-opt-local-bin-tjbench.tar.bz2
	local-binenc-scripts/binary-analysis/-System-Volumes-Data-opt-local-bin-tkjpeg-5.34.tar.bz2
	local-binenc-scripts/binary-analysis/-System-Volumes-Data-opt-local-bin-tlcockpit.tar.bz2
	local-binenc-scripts/binary-analysis/-System-Volumes-Data-opt-local-bin-tlshell.tar.bz2
	local-binenc-scripts/binary-analysis/-System-Volumes-Data-opt-local-bin-toe.tar.bz2
	local-binenc-scripts/binary-analysis/-System-Volumes-Data-opt-local-bin-tpic2pdftex.tar.bz2
	local-binenc-scripts/binary-analysis/-System-Volumes-Data-opt-local-bin-tput.tar.bz2
	local-binenc-scripts/binary-analysis/-System-Volumes-Data-opt-local-bin-transicc.tar.bz2
	local-binenc-scripts/binary-analysis/-System-Volumes-Data-opt-local-bin-trust.tar.bz2
	local-binenc-scripts/binary-analysis/-System-Volumes-Data-opt-local-bin-tset.tar.bz2
	local-binenc-scripts/binary-analysis/-System-Volumes-Data-opt-local-bin-tstclnt.tar.bz2
	local-binenc-scripts/binary-analysis/-System-Volumes-Data-opt-local-bin-twill-refsort.tar.bz2
	local-binenc-scripts/binary-analysis/-System-Volumes-Data-opt-local-bin-twill.tar.bz2
	local-binenc-scripts/binary-analysis/-System-Volumes-Data-opt-local-bin-type1afm.tar.bz2
	local-binenc-scripts/binary-analysis/-System-Volumes-Data-opt-local-bin-typeoutfileinfo.tar.bz2
	local-binenc-scripts/binary-analysis/-System-Volumes-Data-opt-local-bin-typog-grep.tar.bz2
	local-binenc-scripts/binary-analysis/-System-Volumes-Data-opt-local-bin-uconv.tar.bz2
	local-binenc-scripts/binary-analysis/-System-Volumes-Data-opt-local-bin-ulqda.tar.bz2
	local-binenc-scripts/binary-analysis/-System-Volumes-Data-opt-local-bin-unix-lpr.sh.tar.bz2
	local-binenc-scripts/binary-analysis/-System-Volumes-Data-opt-local-bin-unlz4.tar.bz2
	local-binenc-scripts/binary-analysis/-System-Volumes-Data-opt-local-bin-unlzma.tar.bz2
	local-binenc-scripts/binary-analysis/-System-Volumes-Data-opt-local-bin-unprocessed_raw.tar.bz2
	local-binenc-scripts/binary-analysis/-System-Volumes-Data-opt-local-bin-unxz.tar.bz2
	local-binenc-scripts/binary-analysis/-System-Volumes-Data-opt-local-bin-unzip-mem.tar.bz2
	local-binenc-scripts/binary-analysis/-System-Volumes-Data-opt-local-bin-unzstd.tar.bz2
	local-binenc-scripts/binary-analysis/-System-Volumes-Data-opt-local-bin-unzzip-big.tar.bz2
	local-binenc-scripts/binary-analysis/-System-Volumes-Data-opt-local-bin-unzzip-mem.tar.bz2
	local-binenc-scripts/binary-analysis/-System-Volumes-Data-opt-local-bin-unzzip-mix.tar.bz2
	local-binenc-scripts/binary-analysis/-System-Volumes-Data-opt-local-bin-unzzip.tar.bz2
	local-binenc-scripts/binary-analysis/-System-Volumes-Data-opt-local-bin-update-mime-database-real.tar.bz2
	local-binenc-scripts/binary-analysis/-System-Volumes-Data-opt-local-bin-update-mime-database.tar.bz2
	local-binenc-scripts/binary-analysis/-System-Volumes-Data-opt-local-bin-updmap-sys.tar.bz2
	local-binenc-scripts/binary-analysis/-System-Volumes-Data-opt-local-bin-updmap-user.tar.bz2
	local-binenc-scripts/binary-analysis/-System-Volumes-Data-opt-local-bin-updmap.tar.bz2
	local-binenc-scripts/binary-analysis/-System-Volumes-Data-opt-local-bin-upmendex.tar.bz2
	local-binenc-scripts/binary-analysis/-System-Volumes-Data-opt-local-bin-uriparse.tar.bz2
	local-binenc-scripts/binary-analysis/-System-Volumes-Data-opt-local-bin-uuclient.tar.bz2
	local-binenc-scripts/binary-analysis/-System-Volumes-Data-opt-local-bin-uxterm.tar.bz2
	local-binenc-scripts/binary-analysis/-System-Volumes-Data-opt-local-bin-validation.tar.bz2
	local-binenc-scripts/binary-analysis/-System-Volumes-Data-opt-local-bin-verify-uselistorder-mp-12.tar.bz2
	local-binenc-scripts/binary-analysis/-System-Volumes-Data-opt-local-bin-verify-uselistorder-mp-13.tar.bz2
	local-binenc-scripts/binary-analysis/-System-Volumes-Data-opt-local-bin-vfychain.tar.bz2
	local-binenc-scripts/binary-analysis/-System-Volumes-Data-opt-local-bin-vfyserv.tar.bz2
	local-binenc-scripts/binary-analysis/-System-Volumes-Data-opt-local-bin-vpe.tar.bz2
	local-binenc-scripts/binary-analysis/-System-Volumes-Data-opt-local-bin-vwebp.tar.bz2
	local-binenc-scripts/binary-analysis/-System-Volumes-Data-opt-local-bin-wasm-ld-mp-13.tar.bz2
	local-binenc-scripts/binary-analysis/-System-Volumes-Data-opt-local-bin-watchgnupg.tar.bz2
	local-binenc-scripts/binary-analysis/-System-Volumes-Data-opt-local-bin-wcurl.tar.bz2
	local-binenc-scripts/binary-analysis/-System-Volumes-Data-opt-local-bin-weave.tar.bz2
	local-binenc-scripts/binary-analysis/-System-Volumes-Data-opt-local-bin-webpinfo.tar.bz2
	local-binenc-scripts/binary-analysis/-System-Volumes-Data-opt-local-bin-webpmux.tar.bz2
	local-binenc-scripts/binary-analysis/-System-Volumes-Data-opt-local-bin-webpng.tar.bz2
	local-binenc-scripts/binary-analysis/-System-Volumes-Data-opt-local-bin-webquiz.tar.bz2
	local-binenc-scripts/binary-analysis/-System-Volumes-Data-opt-local-bin-wget.tar.bz2
	local-binenc-scripts/binary-analysis/-System-Volumes-Data-opt-local-bin-wheel-3.13.tar.bz2
	local-binenc-scripts/binary-analysis/-System-Volumes-Data-opt-local-bin-widget-5.34.tar.bz2
	local-binenc-scripts/binary-analysis/-System-Volumes-Data-opt-local-bin-woff2_compress.tar.bz2
	local-binenc-scripts/binary-analysis/-System-Volumes-Data-opt-local-bin-woff2_decompress.tar.bz2
	local-binenc-scripts/binary-analysis/-System-Volumes-Data-opt-local-bin-woff2_info.tar.bz2
	local-binenc-scripts/binary-analysis/-System-Volumes-Data-opt-local-bin-wordcount.tar.bz2
	local-binenc-scripts/binary-analysis/-System-Volumes-Data-opt-local-bin-wrjpgcom.tar.bz2
	local-binenc-scripts/binary-analysis/-System-Volumes-Data-opt-local-bin-x265.tar.bz2
	local-binenc-scripts/binary-analysis/-System-Volumes-Data-opt-local-bin-xar.tar.bz2
	local-binenc-scripts/binary-analysis/-System-Volumes-Data-opt-local-bin-xdvi.tar.bz2
	local-binenc-scripts/binary-analysis/-System-Volumes-Data-opt-local-bin-xdvipdfmx.tar.bz2
	local-binenc-scripts/binary-analysis/-System-Volumes-Data-opt-local-bin-xev.tar.bz2
	local-binenc-scripts/binary-analysis/-System-Volumes-Data-opt-local-bin-xgettext.tar.bz2
	local-binenc-scripts/binary-analysis/-System-Volumes-Data-opt-local-bin-xhlatex.tar.bz2
	local-binenc-scripts/binary-analysis/-System-Volumes-Data-opt-local-bin-xindex.tar.bz2
	local-binenc-scripts/binary-analysis/-System-Volumes-Data-opt-local-bin-xkbcli.tar.bz2
	local-binenc-scripts/binary-analysis/-System-Volumes-Data-opt-local-bin-xkbcomp.tar.bz2
	local-binenc-scripts/binary-analysis/-System-Volumes-Data-opt-local-bin-xminicom.tar.bz2
	local-binenc-scripts/binary-analysis/-System-Volumes-Data-opt-local-bin-xml2-config.tar.bz2
	local-binenc-scripts/binary-analysis/-System-Volumes-Data-opt-local-bin-xmlcatalog.tar.bz2
	local-binenc-scripts/binary-analysis/-System-Volumes-Data-opt-local-bin-xmlcatmgr.tar.bz2
	local-binenc-scripts/binary-analysis/-System-Volumes-Data-opt-local-bin-xmllint.tar.bz2
	local-binenc-scripts/binary-analysis/-System-Volumes-Data-opt-local-bin-xmlwf.tar.bz2
	local-binenc-scripts/binary-analysis/-System-Volumes-Data-opt-local-bin-xslt-config.tar.bz2
	local-binenc-scripts/binary-analysis/-System-Volumes-Data-opt-local-bin-xsltproc.tar.bz2
	local-binenc-scripts/binary-analysis/-System-Volumes-Data-opt-local-bin-xsubpp-5.34.tar.bz2
	local-binenc-scripts/binary-analysis/-System-Volumes-Data-opt-local-bin-xsubpp.tar.bz2
	local-binenc-scripts/binary-analysis/-System-Volumes-Data-opt-local-bin-xterm.tar.bz2
	local-binenc-scripts/binary-analysis/-System-Volumes-Data-opt-local-bin-xtractprotos.tar.bz2
	local-binenc-scripts/binary-analysis/-System-Volumes-Data-opt-local-bin-xz.tar.bz2
	local-binenc-scripts/binary-analysis/-System-Volumes-Data-opt-local-bin-xzcat.tar.bz2
	local-binenc-scripts/binary-analysis/-System-Volumes-Data-opt-local-bin-xzcmp.tar.bz2
	local-binenc-scripts/binary-analysis/-System-Volumes-Data-opt-local-bin-xzdec.tar.bz2
	local-binenc-scripts/binary-analysis/-System-Volumes-Data-opt-local-bin-xzdiff.tar.bz2
	local-binenc-scripts/binary-analysis/-System-Volumes-Data-opt-local-bin-xzegrep.tar.bz2
	local-binenc-scripts/binary-analysis/-System-Volumes-Data-opt-local-bin-xzfgrep.tar.bz2
	local-binenc-scripts/binary-analysis/-System-Volumes-Data-opt-local-bin-xzgrep.tar.bz2
	local-binenc-scripts/binary-analysis/-System-Volumes-Data-opt-local-bin-xzless.tar.bz2
	local-binenc-scripts/binary-analysis/-System-Volumes-Data-opt-local-bin-xzmore.tar.bz2
	local-binenc-scripts/binary-analysis/-System-Volumes-Data-opt-local-bin-yacc.tar.bz2
	local-binenc-scripts/binary-analysis/-System-Volumes-Data-opt-local-bin-yat2m.tar.bz2
	local-binenc-scripts/binary-analysis/-System-Volumes-Data-opt-local-bin-yplan.tar.bz2
	local-binenc-scripts/binary-analysis/-System-Volumes-Data-opt-local-bin-yuv-distortion.tar.bz2
	local-binenc-scripts/binary-analysis/-System-Volumes-Data-opt-local-bin-zipcmp.tar.bz2
	local-binenc-scripts/binary-analysis/-System-Volumes-Data-opt-local-bin-zipdetails-5.34.tar.bz2
	local-binenc-scripts/binary-analysis/-System-Volumes-Data-opt-local-bin-zipdetails.tar.bz2
	local-binenc-scripts/binary-analysis/-System-Volumes-Data-opt-local-bin-zipmerge.tar.bz2
	local-binenc-scripts/binary-analysis/-System-Volumes-Data-opt-local-bin-ziptool.tar.bz2
	local-binenc-scripts/binary-analysis/-System-Volumes-Data-opt-local-bin-zstd.tar.bz2
	local-binenc-scripts/binary-analysis/-System-Volumes-Data-opt-local-bin-zstdcat.tar.bz2
	local-binenc-scripts/binary-analysis/-System-Volumes-Data-opt-local-bin-zstdgrep.tar.bz2
	local-binenc-scripts/binary-analysis/-System-Volumes-Data-opt-local-bin-zstdless.tar.bz2
	local-binenc-scripts/binary-analysis/-System-Volumes-Data-opt-local-bin-zstdmt.tar.bz2
	local-binenc-scripts/binary-analysis/-System-Volumes-Data-opt-local-bin-zzcat.tar.bz2
	local-binenc-scripts/binary-analysis/-System-Volumes-Data-opt-local-bin-zzdir.tar.bz2
	local-binenc-scripts/binary-analysis/-System-Volumes-Data-opt-local-bin-zzxorcat.tar.bz2
	local-binenc-scripts/binary-analysis/-System-Volumes-Data-opt-local-bin-zzxorcopy.tar.bz2
	local-binenc-scripts/binary-analysis/-System-Volumes-Data-opt-local-bin-zzxordir.tar.bz2
	local-binenc-scripts/binary-analysis/-System-Volumes-Data-opt-local-sbin-addgnupghome.tar.bz2
	local-binenc-scripts/binary-analysis/-System-Volumes-Data-opt-local-sbin-applygnupgdefaults.tar.bz2
	local-binenc-scripts/binary-analysis/-System-Volumes-Data-opt-local-sbin-darkstat.tar.bz2
	local-binenc-scripts/binary-analysis/-System-Volumes-Data-opt-local-sbin-escapesrc.tar.bz2
	local-binenc-scripts/binary-analysis/-System-Volumes-Data-opt-local-sbin-genccode.tar.bz2
	local-binenc-scripts/binary-analysis/-System-Volumes-Data-opt-local-sbin-gencmn.tar.bz2
	local-binenc-scripts/binary-analysis/-System-Volumes-Data-opt-local-sbin-gennorm2.tar.bz2
	local-binenc-scripts/binary-analysis/-System-Volumes-Data-opt-local-sbin-gensprep.tar.bz2
	local-binenc-scripts/binary-analysis/-System-Volumes-Data-opt-local-sbin-gss-server.tar.bz2
	local-binenc-scripts/binary-analysis/-System-Volumes-Data-opt-local-sbin-icupkg.tar.bz2
	local-binenc-scripts/binary-analysis/-System-Volumes-Data-opt-local-sbin-kadmin.local.tar.bz2
	local-binenc-scripts/binary-analysis/-System-Volumes-Data-opt-local-sbin-kadmind.tar.bz2
	local-binenc-scripts/binary-analysis/-System-Volumes-Data-opt-local-sbin-kdb5_util.tar.bz2
	local-binenc-scripts/binary-analysis/-System-Volumes-Data-opt-local-sbin-kprop.tar.bz2
	local-binenc-scripts/binary-analysis/-System-Volumes-Data-opt-local-sbin-kpropd.tar.bz2
	local-binenc-scripts/binary-analysis/-System-Volumes-Data-opt-local-sbin-kproplog.tar.bz2
	local-binenc-scripts/binary-analysis/-System-Volumes-Data-opt-local-sbin-krb5-send-pr.tar.bz2
	local-binenc-scripts/binary-analysis/-System-Volumes-Data-opt-local-sbin-krb5kdc.tar.bz2
	local-binenc-scripts/binary-analysis/-System-Volumes-Data-opt-local-sbin-ntp-wait.tar.bz2
	local-binenc-scripts/binary-analysis/-System-Volumes-Data-opt-local-sbin-ntpd.tar.bz2
	local-binenc-scripts/binary-analysis/-System-Volumes-Data-opt-local-sbin-ntpdate.tar.bz2
	local-binenc-scripts/binary-analysis/-System-Volumes-Data-opt-local-sbin-ntpdc.tar.bz2
	local-binenc-scripts/binary-analysis/-System-Volumes-Data-opt-local-sbin-ntptime.tar.bz2
	local-binenc-scripts/binary-analysis/-System-Volumes-Data-opt-local-sbin-ntptrace.tar.bz2
	local-binenc-scripts/binary-analysis/-System-Volumes-Data-opt-local-sbin-pluginviewer.tar.bz2
	local-binenc-scripts/binary-analysis/-System-Volumes-Data-opt-local-sbin-pwcheck.tar.bz2
	local-binenc-scripts/binary-analysis/-System-Volumes-Data-opt-local-sbin-safe_finger.tar.bz2
	local-binenc-scripts/binary-analysis/-System-Volumes-Data-opt-local-sbin-saslauthd.tar.bz2
	local-binenc-scripts/binary-analysis/-System-Volumes-Data-opt-local-sbin-sasldblistusers2.tar.bz2
	local-binenc-scripts/binary-analysis/-System-Volumes-Data-opt-local-sbin-saslpasswd2.tar.bz2
	local-binenc-scripts/binary-analysis/-System-Volumes-Data-opt-local-sbin-sim_server.tar.bz2
	local-binenc-scripts/binary-analysis/-System-Volumes-Data-opt-local-sbin-slapacl.tar.bz2
	local-binenc-scripts/binary-analysis/-System-Volumes-Data-opt-local-sbin-slapadd.tar.bz2
	local-binenc-scripts/binary-analysis/-System-Volumes-Data-opt-local-sbin-slapauth.tar.bz2
	local-binenc-scripts/binary-analysis/-System-Volumes-Data-opt-local-sbin-slapcat.tar.bz2
	local-binenc-scripts/binary-analysis/-System-Volumes-Data-opt-local-sbin-slapdn.tar.bz2
	local-binenc-scripts/binary-analysis/-System-Volumes-Data-opt-local-sbin-slapindex.tar.bz2
	local-binenc-scripts/binary-analysis/-System-Volumes-Data-opt-local-sbin-slapmodify.tar.bz2
	local-binenc-scripts/binary-analysis/-System-Volumes-Data-opt-local-sbin-slappasswd.tar.bz2
	local-binenc-scripts/binary-analysis/-System-Volumes-Data-opt-local-sbin-slapschema.tar.bz2
	local-binenc-scripts/binary-analysis/-System-Volumes-Data-opt-local-sbin-slaptest.tar.bz2
	local-binenc-scripts/binary-analysis/-System-Volumes-Data-opt-local-sbin-sserver.tar.bz2
	local-binenc-scripts/binary-analysis/-System-Volumes-Data-opt-local-sbin-sudo_logsrvd.tar.bz2
	local-binenc-scripts/binary-analysis/-System-Volumes-Data-opt-local-sbin-sudo_sendlog.tar.bz2
	local-binenc-scripts/binary-analysis/-System-Volumes-Data-opt-local-sbin-tcpdchk.tar.bz2
	local-binenc-scripts/binary-analysis/-System-Volumes-Data-opt-local-sbin-tcpdmatch.tar.bz2
	local-binenc-scripts/binary-analysis/-System-Volumes-Data-opt-local-sbin-testsaslauthd.tar.bz2
	local-binenc-scripts/binary-analysis/-System-Volumes-Data-opt-local-sbin-traceroute.tar.bz2
	local-binenc-scripts/binary-analysis/-System-Volumes-Data-opt-local-sbin-try-from.tar.bz2
	local-binenc-scripts/binary-analysis/-System-Volumes-Data-opt-local-sbin-update-leap.tar.bz2
	local-binenc-scripts/binary-analysis/-System-Volumes-Data-opt-local-sbin-uuserver.tar.bz2
	local-binenc-scripts/binary-analysis/-System-Volumes-Data-opt-local-sbin-visudo.tar.bz2
	local-binenc-scripts/binary-analysis/-System-Volumes-Data-opt-local-sbin-wireshark-chmodbpf.tar.bz2
	local-binenc-scripts/binary-analysis/-System-Volumes-Data-opt-local-x86_64-apple-darwin21.6.0-bin-ar.tar.bz2
	local-binenc-scripts/binary-analysis/-System-Volumes-Data-opt-local-x86_64-apple-darwin21.6.0-bin-nm.tar.bz2
	local-binenc-scripts/binary-analysis/-System-Volumes-Data-opt-local-x86_64-apple-darwin21.6.0-bin-objcopy.tar.bz2
	local-binenc-scripts/binary-analysis/-System-Volumes-Data-opt-local-x86_64-apple-darwin21.6.0-bin-objdump.tar.bz2
	local-binenc-scripts/binary-analysis/-System-Volumes-Data-opt-local-x86_64-apple-darwin21.6.0-bin-ranlib.tar.bz2
	local-binenc-scripts/binary-analysis/-System-Volumes-Data-opt-local-x86_64-apple-darwin21.6.0-bin-readelf.tar.bz2
	local-binenc-scripts/binary-analysis/-System-Volumes-Data-opt-local-x86_64-apple-darwin21.6.0-bin-strip.tar.bz2
	local-binenc-scripts/binary-analysis/Library-Apple-usr-bin-rvictl.tar.bz2
	local-binenc-scripts/binary-analysis/bin-[.tar.bz2
	local-binenc-scripts/binary-analysis/bin-bash.tar.bz2
	local-binenc-scripts/binary-analysis/bin-cat.tar.bz2
	local-binenc-scripts/binary-analysis/bin-chmod.tar.bz2
	local-binenc-scripts/binary-analysis/bin-cp.tar.bz2
	local-binenc-scripts/binary-analysis/bin-csh.tar.bz2
	local-binenc-scripts/binary-analysis/bin-dash.tar.bz2
	local-binenc-scripts/binary-analysis/bin-date.tar.bz2
	local-binenc-scripts/binary-analysis/bin-dd.tar.bz2
	local-binenc-scripts/binary-analysis/bin-df.tar.bz2
	local-binenc-scripts/binary-analysis/bin-echo.tar.bz2
	local-binenc-scripts/binary-analysis/bin-ed.tar.bz2
	local-binenc-scripts/binary-analysis/bin-expr.tar.bz2
	local-binenc-scripts/binary-analysis/bin-hostname.tar.bz2
	local-binenc-scripts/binary-analysis/bin-kill.tar.bz2
	local-binenc-scripts/binary-analysis/bin-ksh.tar.bz2
	local-binenc-scripts/binary-analysis/bin-launchctl.tar.bz2
	local-binenc-scripts/binary-analysis/bin-link.tar.bz2
	local-binenc-scripts/binary-analysis/bin-ln.tar.bz2
	local-binenc-scripts/binary-analysis/bin-ls.tar.bz2
	local-binenc-scripts/binary-analysis/bin-mkdir.tar.bz2
	local-binenc-scripts/binary-analysis/bin-mv.tar.bz2
	local-binenc-scripts/binary-analysis/bin-pax.tar.bz2
	local-binenc-scripts/binary-analysis/bin-ps.tar.bz2
	local-binenc-scripts/binary-analysis/bin-pwd.tar.bz2
	local-binenc-scripts/binary-analysis/bin-rm.tar.bz2
	local-binenc-scripts/binary-analysis/bin-rmdir.tar.bz2
	local-binenc-scripts/binary-analysis/bin-sh.tar.bz2
	local-binenc-scripts/binary-analysis/bin-sleep.tar.bz2
	local-binenc-scripts/binary-analysis/bin-stty.tar.bz2
	local-binenc-scripts/binary-analysis/bin-sync.tar.bz2
	local-binenc-scripts/binary-analysis/bin-tcsh.tar.bz2
	local-binenc-scripts/binary-analysis/bin-test.tar.bz2
	local-binenc-scripts/binary-analysis/bin-unlink.tar.bz2
	local-binenc-scripts/binary-analysis/bin-wait4path.tar.bz2
	local-binenc-scripts/binary-analysis/bin-zsh.tar.bz2
	local-binenc-scripts/binary-analysis/opt-local-bin-2to3-2.7.tar.bz2
	local-binenc-scripts/binary-analysis/opt-local-bin-2to3-3.12.tar.bz2
	local-binenc-scripts/binary-analysis/opt-local-bin-4channels.tar.bz2
	local-binenc-scripts/binary-analysis/opt-local-bin-Magick++-config.tar.bz2
	local-binenc-scripts/binary-analysis/opt-local-bin-Magick-config.tar.bz2
	local-binenc-scripts/binary-analysis/opt-local-bin-MagickCore-config.tar.bz2
	local-binenc-scripts/binary-analysis/opt-local-bin-MagickWand-config.tar.bz2
	local-binenc-scripts/binary-analysis/opt-local-bin-SvtAv1EncApp.tar.bz2
	local-binenc-scripts/binary-analysis/opt-local-bin-Wand-config.tar.bz2
	local-binenc-scripts/binary-analysis/opt-local-bin-c-index-test-mp-13.tar.bz2
	local-binenc-scripts/binary-analysis/opt-local-bin-c44.tar.bz2
	local-binenc-scripts/binary-analysis/opt-local-bin-c_rehash-1.1.tar.bz2
	local-binenc-scripts/binary-analysis/opt-local-bin-c_rehash-3.tar.bz2
	local-binenc-scripts/binary-analysis/opt-local-bin-c_rehash.tar.bz2
	local-binenc-scripts/binary-analysis/opt-local-bin-cachepic.tar.bz2
	local-binenc-scripts/binary-analysis/opt-local-bin-cairo-sphinx.tar.bz2
	local-binenc-scripts/binary-analysis/opt-local-bin-cairo-trace.tar.bz2
	local-binenc-scripts/binary-analysis/opt-local-bin-captoinfo.tar.bz2
	local-binenc-scripts/binary-analysis/opt-local-bin-ccache-swig.tar.bz2
	local-binenc-scripts/binary-analysis/opt-local-bin-ccmake.tar.bz2
	local-binenc-scripts/binary-analysis/opt-local-bin-certutil.tar.bz2
	local-binenc-scripts/binary-analysis/opt-local-bin-checklistings.tar.bz2
	local-binenc-scripts/binary-analysis/opt-local-bin-chkdvifont.tar.bz2
	local-binenc-scripts/binary-analysis/opt-local-bin-chklref.tar.bz2
	local-binenc-scripts/binary-analysis/opt-local-bin-chktest.tar.bz2
	local-binenc-scripts/binary-analysis/opt-local-bin-chktex.tar.bz2
	local-binenc-scripts/binary-analysis/opt-local-bin-chkweb.tar.bz2
	local-binenc-scripts/binary-analysis/opt-local-bin-cjb2.tar.bz2
	local-binenc-scripts/binary-analysis/opt-local-bin-cjpeg.tar.bz2
	local-binenc-scripts/binary-analysis/opt-local-bin-clang++-mp-13.tar.bz2
	local-binenc-scripts/binary-analysis/opt-local-bin-clang-apply-replacements-mp-13.tar.bz2
	local-binenc-scripts/binary-analysis/opt-local-bin-clang-change-namespace-mp-13.tar.bz2
	local-binenc-scripts/binary-analysis/opt-local-bin-clang-check-mp-13.tar.bz2
	local-binenc-scripts/binary-analysis/opt-local-bin-clang-cl-mp-13.tar.bz2
	local-binenc-scripts/binary-analysis/opt-local-bin-clang-cpp-mp-13.tar.bz2
	local-binenc-scripts/binary-analysis/opt-local-bin-clang-doc-mp-13.tar.bz2
	local-binenc-scripts/binary-analysis/opt-local-bin-clang-extdef-mapping-mp-13.tar.bz2
	local-binenc-scripts/binary-analysis/opt-local-bin-clang-format-mp-13.tar.bz2
	local-binenc-scripts/binary-analysis/opt-local-bin-clang-include-fixer-mp-13.tar.bz2
	local-binenc-scripts/binary-analysis/opt-local-bin-clang-move-mp-13.tar.bz2
	local-binenc-scripts/binary-analysis/opt-local-bin-clang-mp-13.tar.bz2
	local-binenc-scripts/binary-analysis/opt-local-bin-clang-offload-bundler-mp-13.tar.bz2
	local-binenc-scripts/binary-analysis/opt-local-bin-clang-offload-wrapper-mp-13.tar.bz2
	local-binenc-scripts/binary-analysis/opt-local-bin-clang-query-mp-13.tar.bz2
	local-binenc-scripts/binary-analysis/opt-local-bin-clang-refactor-mp-13.tar.bz2
	local-binenc-scripts/binary-analysis/opt-local-bin-clang-rename-mp-13.tar.bz2
	local-binenc-scripts/binary-analysis/opt-local-bin-clang-reorder-fields-mp-13.tar.bz2
	local-binenc-scripts/binary-analysis/opt-local-bin-clang-repl-mp-13.tar.bz2
	local-binenc-scripts/binary-analysis/opt-local-bin-clang-scan-deps-mp-13.tar.bz2
	local-binenc-scripts/binary-analysis/opt-local-bin-clang-tidy-mp-13.tar.bz2
	local-binenc-scripts/binary-analysis/opt-local-bin-clangd-mp-13.tar.bz2
	local-binenc-scripts/binary-analysis/opt-local-bin-clangd-xpc-test-client-mp-13.tar.bz2
	local-binenc-scripts/binary-analysis/opt-local-bin-clear.tar.bz2
	local-binenc-scripts/binary-analysis/opt-local-bin-cllualatex.tar.bz2
	local-binenc-scripts/binary-analysis/opt-local-bin-cluttex.tar.bz2
	local-binenc-scripts/binary-analysis/opt-local-bin-clxelatex.tar.bz2
	local-binenc-scripts/binary-analysis/opt-local-bin-cmake.tar.bz2
	local-binenc-scripts/binary-analysis/opt-local-bin-cmsutil.tar.bz2
	local-binenc-scripts/binary-analysis/opt-local-bin-compare.tar.bz2
	local-binenc-scripts/binary-analysis/opt-local-bin-compile-et.pl.tar.bz2
	local-binenc-scripts/binary-analysis/opt-local-bin-compile_et.tar.bz2
	local-binenc-scripts/binary-analysis/opt-local-bin-composite.tar.bz2
	local-binenc-scripts/binary-analysis/opt-local-bin-conflict.tar.bz2
	local-binenc-scripts/binary-analysis/opt-local-bin-conjure.tar.bz2
	local-binenc-scripts/binary-analysis/opt-local-bin-convert.tar.bz2
	local-binenc-scripts/binary-analysis/opt-local-bin-convertfilestopdf.tar.bz2
	local-binenc-scripts/binary-analysis/opt-local-bin-convertfilestops.tar.bz2
	local-binenc-scripts/binary-analysis/opt-local-bin-convertformat.tar.bz2
	local-binenc-scripts/binary-analysis/opt-local-bin-convertsegfilestopdf.tar.bz2
	local-binenc-scripts/binary-analysis/opt-local-bin-convertsegfilestops.tar.bz2
	local-binenc-scripts/binary-analysis/opt-local-bin-converttopdf.tar.bz2
	local-binenc-scripts/binary-analysis/opt-local-bin-converttops.tar.bz2
	local-binenc-scripts/binary-analysis/opt-local-bin-corelist-5.34.tar.bz2
	local-binenc-scripts/binary-analysis/opt-local-bin-corelist.tar.bz2
	local-binenc-scripts/binary-analysis/opt-local-bin-cpack.tar.bz2
	local-binenc-scripts/binary-analysis/opt-local-bin-cpaldjvu.tar.bz2
	local-binenc-scripts/binary-analysis/opt-local-bin-cpan-5.34.tar.bz2
	local-binenc-scripts/binary-analysis/opt-local-bin-cpan.tar.bz2
	local-binenc-scripts/binary-analysis/opt-local-bin-crlutil.tar.bz2
	local-binenc-scripts/binary-analysis/opt-local-bin-crmftest.tar.bz2
	local-binenc-scripts/binary-analysis/opt-local-bin-csepdjvu.tar.bz2
	local-binenc-scripts/binary-analysis/opt-local-bin-ctan-o-mat.tar.bz2
	local-binenc-scripts/binary-analysis/opt-local-bin-ctanbib.tar.bz2
	local-binenc-scripts/binary-analysis/opt-local-bin-ctangle.tar.bz2
	local-binenc-scripts/binary-analysis/opt-local-bin-ctanify.tar.bz2
	local-binenc-scripts/binary-analysis/opt-local-bin-ctanupload.tar.bz2
	local-binenc-scripts/binary-analysis/opt-local-bin-ctest.tar.bz2
	local-binenc-scripts/binary-analysis/opt-local-bin-ctie.tar.bz2
	local-binenc-scripts/binary-analysis/opt-local-bin-ctwill-proofsort.tar.bz2
	local-binenc-scripts/binary-analysis/opt-local-bin-ctwill-refsort.tar.bz2
	local-binenc-scripts/binary-analysis/opt-local-bin-ctwill-twinx.tar.bz2
	local-binenc-scripts/binary-analysis/opt-local-bin-ctwill.tar.bz2
	local-binenc-scripts/binary-analysis/opt-local-bin-curl-config.tar.bz2
	local-binenc-scripts/binary-analysis/opt-local-bin-curl.tar.bz2
	local-binenc-scripts/binary-analysis/opt-local-bin-cvtsudoers.tar.bz2
	local-binenc-scripts/binary-analysis/opt-local-bin-cweave.tar.bz2
	local-binenc-scripts/binary-analysis/opt-local-bin-cwebp.tar.bz2
	local-binenc-scripts/binary-analysis/opt-local-bin-cxpm.tar.bz2
	local-binenc-scripts/binary-analysis/opt-local-bin-cygdb-3.13.tar.bz2
	local-binenc-scripts/binary-analysis/opt-local-bin-cython-3.13.tar.bz2
	local-binenc-scripts/binary-analysis/opt-local-bin-cythonize-3.13.tar.bz2
	local-binenc-scripts/binary-analysis/opt-local-bin-daemondo.tar.bz2
	local-binenc-scripts/binary-analysis/opt-local-bin-dav1d.tar.bz2
	local-binenc-scripts/binary-analysis/opt-local-bin-db48_archive.tar.bz2
	local-binenc-scripts/binary-analysis/opt-local-bin-db48_checkpoint.tar.bz2
	local-binenc-scripts/binary-analysis/opt-local-bin-db48_deadlock.tar.bz2
	local-binenc-scripts/binary-analysis/opt-local-bin-db48_dump.tar.bz2
	local-binenc-scripts/binary-analysis/opt-local-bin-db48_hotbackup.tar.bz2
	local-binenc-scripts/binary-analysis/opt-local-bin-db48_load.tar.bz2
	local-binenc-scripts/binary-analysis/opt-local-bin-db48_printlog.tar.bz2
	local-binenc-scripts/binary-analysis/opt-local-bin-db48_recover.tar.bz2
	local-binenc-scripts/binary-analysis/opt-local-bin-db48_sql.tar.bz2
	local-binenc-scripts/binary-analysis/opt-local-bin-db48_stat.tar.bz2
	local-binenc-scripts/binary-analysis/opt-local-bin-db48_upgrade.tar.bz2
	local-binenc-scripts/binary-analysis/opt-local-bin-db48_verify.tar.bz2
	local-binenc-scripts/binary-analysis/opt-local-bin-dbilogstrip-5.34.tar.bz2
	local-binenc-scripts/binary-analysis/opt-local-bin-dbiprof-5.34.tar.bz2
	local-binenc-scripts/binary-analysis/opt-local-bin-dbiproxy-5.34.tar.bz2
	local-binenc-scripts/binary-analysis/opt-local-bin-dbtest.tar.bz2
	local-binenc-scripts/binary-analysis/opt-local-bin-dbtool.tar.bz2
	local-binenc-scripts/binary-analysis/opt-local-bin-dbus-cleanup-sockets.tar.bz2
	local-binenc-scripts/binary-analysis/opt-local-bin-dbus-daemon.tar.bz2
	local-binenc-scripts/binary-analysis/opt-local-bin-dbus-launch.tar.bz2
	local-binenc-scripts/binary-analysis/opt-local-bin-dbus-monitor.tar.bz2
	local-binenc-scripts/binary-analysis/opt-local-bin-dbus-run-session.tar.bz2
	local-binenc-scripts/binary-analysis/opt-local-bin-dbus-send.tar.bz2
	local-binenc-scripts/binary-analysis/opt-local-bin-dbus-test-tool.tar.bz2
	local-binenc-scripts/binary-analysis/opt-local-bin-dbus-update-activation-environment.tar.bz2
	local-binenc-scripts/binary-analysis/opt-local-bin-dbus-uuidgen.tar.bz2
	local-binenc-scripts/binary-analysis/opt-local-bin-dcraw_emu.tar.bz2
	local-binenc-scripts/binary-analysis/opt-local-bin-dcraw_half.tar.bz2
	local-binenc-scripts/binary-analysis/opt-local-bin-ddjvu.tar.bz2
	local-binenc-scripts/binary-analysis/opt-local-bin-de-macro.tar.bz2
	local-binenc-scripts/binary-analysis/opt-local-bin-depythontex.tar.bz2
	local-binenc-scripts/binary-analysis/opt-local-bin-derb.tar.bz2
	local-binenc-scripts/binary-analysis/opt-local-bin-derdump.tar.bz2
	local-binenc-scripts/binary-analysis/opt-local-bin-dertimetest.tar.bz2
	local-binenc-scripts/binary-analysis/opt-local-bin-detex.tar.bz2
	local-binenc-scripts/binary-analysis/opt-local-bin-deweb.tar.bz2
	local-binenc-scripts/binary-analysis/opt-local-bin-dfu-programmer.tar.bz2
	local-binenc-scripts/binary-analysis/opt-local-bin-diagtool-mp-13.tar.bz2
	local-binenc-scripts/binary-analysis/opt-local-bin-diff-highlight.tar.bz2
	local-binenc-scripts/binary-analysis/opt-local-bin-digest.tar.bz2
	local-binenc-scripts/binary-analysis/opt-local-bin-digestif.tar.bz2
	local-binenc-scripts/binary-analysis/opt-local-bin-dirmngr-client.tar.bz2
	local-binenc-scripts/binary-analysis/opt-local-bin-dirmngr.tar.bz2
	local-binenc-scripts/binary-analysis/opt-local-bin-display.tar.bz2
	local-binenc-scripts/binary-analysis/opt-local-bin-djpeg.tar.bz2
	local-binenc-scripts/binary-analysis/opt-local-bin-djvm.tar.bz2
	local-binenc-scripts/binary-analysis/opt-local-bin-djvmcvt.tar.bz2
	local-binenc-scripts/binary-analysis/opt-local-bin-djvudigital.tar.bz2
	local-binenc-scripts/binary-analysis/opt-local-bin-djvudump.tar.bz2
	local-binenc-scripts/binary-analysis/opt-local-bin-djvuextract.tar.bz2
	local-binenc-scripts/binary-analysis/opt-local-bin-djvumake.tar.bz2
	local-binenc-scripts/binary-analysis/opt-local-bin-djvups.tar.bz2
	local-binenc-scripts/binary-analysis/opt-local-bin-djvused.tar.bz2
	local-binenc-scripts/binary-analysis/opt-local-bin-djvuserve.tar.bz2
	local-binenc-scripts/binary-analysis/opt-local-bin-djvutoxml.tar.bz2
	local-binenc-scripts/binary-analysis/opt-local-bin-djvutxt.tar.bz2
	local-binenc-scripts/binary-analysis/opt-local-bin-djvuxmlparser.tar.bz2
	local-binenc-scripts/binary-analysis/opt-local-bin-dm_date-5.34.tar.bz2
	local-binenc-scripts/binary-analysis/opt-local-bin-dm_zdump-5.34.tar.bz2
	local-binenc-scripts/binary-analysis/opt-local-bin-double.tar.bz2
	local-binenc-scripts/binary-analysis/opt-local-bin-doxygen.tar.bz2
	local-binenc-scripts/binary-analysis/opt-local-bin-dsymutil-mp-12.tar.bz2
	local-binenc-scripts/binary-analysis/opt-local-bin-dsymutil-mp-13.tar.bz2
	local-binenc-scripts/binary-analysis/opt-local-bin-dt2dv.tar.bz2
	local-binenc-scripts/binary-analysis/opt-local-bin-dtxgen.tar.bz2
	local-binenc-scripts/binary-analysis/opt-local-bin-dumpsexp.tar.bz2
	local-binenc-scripts/binary-analysis/opt-local-bin-dv2dt.tar.bz2
	local-binenc-scripts/binary-analysis/opt-local-bin-dvi2fax.tar.bz2
	local-binenc-scripts/binary-analysis/opt-local-bin-dviasm.tar.bz2
	local-binenc-scripts/binary-analysis/opt-local-bin-dvibook.tar.bz2
	local-binenc-scripts/binary-analysis/opt-local-bin-dviconcat.tar.bz2
	local-binenc-scripts/binary-analysis/opt-local-bin-dvicopy.tar.bz2
	local-binenc-scripts/binary-analysis/opt-local-bin-dvidvi.tar.bz2
	local-binenc-scripts/binary-analysis/opt-local-bin-dvigif.tar.bz2
	local-binenc-scripts/binary-analysis/opt-local-bin-dvihp.tar.bz2
	local-binenc-scripts/binary-analysis/opt-local-bin-dviinfox.tar.bz2
	local-binenc-scripts/binary-analysis/opt-local-bin-dvilj.tar.bz2
	local-binenc-scripts/binary-analysis/opt-local-bin-dvilj2p.tar.bz2
	local-binenc-scripts/binary-analysis/opt-local-bin-dvilj4.tar.bz2
	local-binenc-scripts/binary-analysis/opt-local-bin-dvilj4l.tar.bz2
	local-binenc-scripts/binary-analysis/opt-local-bin-dvilj6.tar.bz2
	local-binenc-scripts/binary-analysis/opt-local-bin-dvilualatex-dev.tar.bz2
	local-binenc-scripts/binary-analysis/opt-local-bin-dvilualatex.tar.bz2
	local-binenc-scripts/binary-analysis/opt-local-bin-dviluatex.tar.bz2
	local-binenc-scripts/binary-analysis/opt-local-bin-dvipdf.tar.bz2
	local-binenc-scripts/binary-analysis/opt-local-bin-dvipdfm.tar.bz2
	local-binenc-scripts/binary-analysis/opt-local-bin-dvipdfmx.tar.bz2
	local-binenc-scripts/binary-analysis/opt-local-bin-dvipdft.tar.bz2
	local-binenc-scripts/binary-analysis/opt-local-bin-dvipng.tar.bz2
	local-binenc-scripts/binary-analysis/opt-local-bin-dvipos.tar.bz2
	local-binenc-scripts/binary-analysis/opt-local-bin-dvips.tar.bz2
	local-binenc-scripts/binary-analysis/opt-local-bin-dvired.tar.bz2
	local-binenc-scripts/binary-analysis/opt-local-bin-dviselect.tar.bz2
	local-binenc-scripts/binary-analysis/opt-local-bin-dvispc.tar.bz2
	local-binenc-scripts/binary-analysis/opt-local-bin-dvisvgm.tar.bz2
	local-binenc-scripts/binary-analysis/opt-local-bin-dvitodvi.tar.bz2
	local-binenc-scripts/binary-analysis/opt-local-bin-dvitype.tar.bz2
	local-binenc-scripts/binary-analysis/opt-local-bin-dwebp.tar.bz2
	local-binenc-scripts/binary-analysis/opt-local-bin-e2pall.tar.bz2
	local-binenc-scripts/binary-analysis/opt-local-bin-ebb.tar.bz2
	local-binenc-scripts/binary-analysis/opt-local-bin-ecperf.tar.bz2
	local-binenc-scripts/binary-analysis/opt-local-bin-edtx2dtx.tar.bz2
	local-binenc-scripts/binary-analysis/opt-local-bin-elf2tag.tar.bz2
	local-binenc-scripts/binary-analysis/opt-local-bin-elinks.tar.bz2
	local-binenc-scripts/binary-analysis/opt-local-bin-enc2xs-5.34.tar.bz2
	local-binenc-scripts/binary-analysis/opt-local-bin-enc2xs.tar.bz2
	local-binenc-scripts/binary-analysis/opt-local-bin-encguess-5.34.tar.bz2
	local-binenc-scripts/binary-analysis/opt-local-bin-encodeinttest.tar.bz2
	local-binenc-scripts/binary-analysis/opt-local-bin-envsubst.tar.bz2
	local-binenc-scripts/binary-analysis/opt-local-bin-eolang.tar.bz2
	local-binenc-scripts/binary-analysis/opt-local-bin-eps2eps.tar.bz2
	local-binenc-scripts/binary-analysis/opt-local-bin-epspdf.tar.bz2
	local-binenc-scripts/binary-analysis/opt-local-bin-epspdftk.tar.bz2
	local-binenc-scripts/binary-analysis/opt-local-bin-etex.tar.bz2
	local-binenc-scripts/binary-analysis/opt-local-bin-ettercap-pkexec.tar.bz2
	local-binenc-scripts/binary-analysis/opt-local-bin-ettercap.tar.bz2
	local-binenc-scripts/binary-analysis/opt-local-bin-etterfilter.tar.bz2
	local-binenc-scripts/binary-analysis/opt-local-bin-etterlog.tar.bz2
	local-binenc-scripts/binary-analysis/opt-local-bin-event_rpcgen.py.tar.bz2
	local-binenc-scripts/binary-analysis/opt-local-bin-exceltex.tar.bz2
	local-binenc-scripts/binary-analysis/opt-local-bin-explcheck.tar.bz2
	local-binenc-scripts/binary-analysis/opt-local-bin-exr2aces.tar.bz2
	local-binenc-scripts/binary-analysis/opt-local-bin-exrenvmap.tar.bz2
	local-binenc-scripts/binary-analysis/opt-local-bin-exrheader.tar.bz2
	local-binenc-scripts/binary-analysis/opt-local-bin-exrinfo.tar.bz2
	local-binenc-scripts/binary-analysis/opt-local-bin-exrmakepreview.tar.bz2
	local-binenc-scripts/binary-analysis/opt-local-bin-exrmaketiled.tar.bz2
	local-binenc-scripts/binary-analysis/opt-local-bin-exrmanifest.tar.bz2
	local-binenc-scripts/binary-analysis/opt-local-bin-exrmultipart.tar.bz2
	local-binenc-scripts/binary-analysis/opt-local-bin-exrmultiview.tar.bz2
	local-binenc-scripts/binary-analysis/opt-local-bin-exrstdattr.tar.bz2
	local-binenc-scripts/binary-analysis/opt-local-bin-extractbb.tar.bz2
	local-binenc-scripts/binary-analysis/opt-local-bin-fax2ps.tar.bz2
	local-binenc-scripts/binary-analysis/opt-local-bin-fax2tiff.tar.bz2
	local-binenc-scripts/binary-analysis/opt-local-bin-fbectest.tar.bz2
	local-binenc-scripts/binary-analysis/opt-local-bin-fc-cache.tar.bz2
	local-binenc-scripts/binary-analysis/opt-local-bin-fc-cat.tar.bz2
	local-binenc-scripts/binary-analysis/opt-local-bin-fc-conflist.tar.bz2
	local-binenc-scripts/binary-analysis/opt-local-bin-fc-list.tar.bz2
	local-binenc-scripts/binary-analysis/opt-local-bin-fc-match.tar.bz2
	local-binenc-scripts/binary-analysis/opt-local-bin-fc-pattern.tar.bz2
	local-binenc-scripts/binary-analysis/opt-local-bin-fc-query.tar.bz2
	local-binenc-scripts/binary-analysis/opt-local-bin-fc-scan.tar.bz2
	local-binenc-scripts/binary-analysis/opt-local-bin-fc-validate.tar.bz2
	local-binenc-scripts/binary-analysis/opt-local-bin-fftw-wisdom-to-conf.tar.bz2
	local-binenc-scripts/binary-analysis/opt-local-bin-fftw-wisdom.tar.bz2
	local-binenc-scripts/binary-analysis/opt-local-bin-fig4latex.tar.bz2
	local-binenc-scripts/binary-analysis/opt-local-bin-filan.tar.bz2
	local-binenc-scripts/binary-analysis/opt-local-bin-fileinfo.tar.bz2
	local-binenc-scripts/binary-analysis/opt-local-bin-find-all-symbols-mp-13.tar.bz2
	local-binenc-scripts/binary-analysis/opt-local-bin-findhyph.tar.bz2
	local-binenc-scripts/binary-analysis/opt-local-bin-fipstest.tar.bz2
	local-binenc-scripts/binary-analysis/opt-local-bin-flex++.tar.bz2
	local-binenc-scripts/binary-analysis/opt-local-bin-flex.tar.bz2
	local-binenc-scripts/binary-analysis/opt-local-bin-fmtutil-sys.tar.bz2
	local-binenc-scripts/binary-analysis/opt-local-bin-fmtutil-user.tar.bz2
	local-binenc-scripts/binary-analysis/opt-local-bin-fmtutil.tar.bz2
	local-binenc-scripts/binary-analysis/opt-local-bin-fragmaster.tar.bz2
	local-binenc-scripts/binary-analysis/opt-local-bin-freetype-config.tar.bz2
	local-binenc-scripts/binary-analysis/opt-local-bin-fribidi.tar.bz2
	local-binenc-scripts/binary-analysis/opt-local-bin-ftdi_eeprom.tar.bz2
	local-binenc-scripts/binary-analysis/opt-local-bin-g-ir-annotation-tool.tar.bz2
	local-binenc-scripts/binary-analysis/opt-local-bin-g-ir-compiler.tar.bz2
	local-binenc-scripts/binary-analysis/opt-local-bin-g-ir-doc-tool.tar.bz2
	local-binenc-scripts/binary-analysis/opt-local-bin-g-ir-generate.tar.bz2
	local-binenc-scripts/binary-analysis/opt-local-bin-g-ir-inspect.tar.bz2
	local-binenc-scripts/binary-analysis/opt-local-bin-g-ir-scanner.tar.bz2
	local-binenc-scripts/binary-analysis/opt-local-bin-g[.tar.bz2
	local-binenc-scripts/binary-analysis/opt-local-bin-gaddr2line.tar.bz2
	local-binenc-scripts/binary-analysis/opt-local-bin-gar.tar.bz2
	local-binenc-scripts/binary-analysis/opt-local-bin-gawk-5.3.2.tar.bz2
	local-binenc-scripts/binary-analysis/opt-local-bin-gawk.tar.bz2
	local-binenc-scripts/binary-analysis/opt-local-bin-gawkbug.tar.bz2
	local-binenc-scripts/binary-analysis/opt-local-bin-gb2sum.tar.bz2
	local-binenc-scripts/binary-analysis/opt-local-bin-gbase32.tar.bz2
	local-binenc-scripts/binary-analysis/opt-local-bin-gbase64.tar.bz2
	local-binenc-scripts/binary-analysis/opt-local-bin-gbasename.tar.bz2
	local-binenc-scripts/binary-analysis/opt-local-bin-gbasenc.tar.bz2
	local-binenc-scripts/binary-analysis/opt-local-bin-gc++filt.tar.bz2
	local-binenc-scripts/binary-analysis/opt-local-bin-gcat.tar.bz2
	local-binenc-scripts/binary-analysis/opt-local-bin-gchcon.tar.bz2
	local-binenc-scripts/binary-analysis/opt-local-bin-gchgrp.tar.bz2
	local-binenc-scripts/binary-analysis/opt-local-bin-gchmod.tar.bz2
	local-binenc-scripts/binary-analysis/opt-local-bin-gchown.tar.bz2
	local-binenc-scripts/binary-analysis/opt-local-bin-gchroot.tar.bz2
	local-binenc-scripts/binary-analysis/opt-local-bin-gcksum.tar.bz2
	local-binenc-scripts/binary-analysis/opt-local-bin-gcomm.tar.bz2
	local-binenc-scripts/binary-analysis/opt-local-bin-gcp.tar.bz2
	local-binenc-scripts/binary-analysis/opt-local-bin-gcsplit.tar.bz2
	local-binenc-scripts/binary-analysis/opt-local-bin-gd2copypal.tar.bz2
	local-binenc-scripts/binary-analysis/opt-local-bin-gd2togif.tar.bz2
	local-binenc-scripts/binary-analysis/opt-local-bin-gd2topng.tar.bz2
	local-binenc-scripts/binary-analysis/opt-local-bin-gdate.tar.bz2
	local-binenc-scripts/binary-analysis/opt-local-bin-gdbm_dump.tar.bz2
	local-binenc-scripts/binary-analysis/opt-local-bin-gdbm_load.tar.bz2
	local-binenc-scripts/binary-analysis/opt-local-bin-gdbmtool.tar.bz2
	local-binenc-scripts/binary-analysis/opt-local-bin-gdbus-codegen.tar.bz2
	local-binenc-scripts/binary-analysis/opt-local-bin-gdbus.tar.bz2
	local-binenc-scripts/binary-analysis/opt-local-bin-gdcmpgif.tar.bz2
	local-binenc-scripts/binary-analysis/opt-local-bin-gdd.tar.bz2
	local-binenc-scripts/binary-analysis/opt-local-bin-gdf.tar.bz2
	local-binenc-scripts/binary-analysis/opt-local-bin-gdir.tar.bz2
	local-binenc-scripts/binary-analysis/opt-local-bin-gdircolors.tar.bz2
	local-binenc-scripts/binary-analysis/opt-local-bin-gdirname.tar.bz2
	local-binenc-scripts/binary-analysis/opt-local-bin-gdk-pixbuf-csource.tar.bz2
	local-binenc-scripts/binary-analysis/opt-local-bin-gdk-pixbuf-pixdata.tar.bz2
	local-binenc-scripts/binary-analysis/opt-local-bin-gdk-pixbuf-query-loaders.tar.bz2
	local-binenc-scripts/binary-analysis/opt-local-bin-gdk-pixbuf-thumbnailer.tar.bz2
	local-binenc-scripts/binary-analysis/opt-local-bin-gdparttopng.tar.bz2
	local-binenc-scripts/binary-analysis/opt-local-bin-gdtopng.tar.bz2
	local-binenc-scripts/binary-analysis/opt-local-bin-gdu.tar.bz2
	local-binenc-scripts/binary-analysis/opt-local-bin-gecho.tar.bz2
	local-binenc-scripts/binary-analysis/opt-local-bin-gedi-5.34.tar.bz2
	local-binenc-scripts/binary-analysis/opt-local-bin-gegrep.tar.bz2
	local-binenc-scripts/binary-analysis/opt-local-bin-gelfedit.tar.bz2
	local-binenc-scripts/binary-analysis/opt-local-bin-gen-enc-table.tar.bz2
	local-binenc-scripts/binary-analysis/opt-local-bin-genbrk.tar.bz2
	local-binenc-scripts/binary-analysis/opt-local-bin-gencfu.tar.bz2
	local-binenc-scripts/binary-analysis/opt-local-bin-gencnval.tar.bz2
	local-binenc-scripts/binary-analysis/opt-local-bin-gendict.tar.bz2
	local-binenc-scripts/binary-analysis/opt-local-bin-genrb.tar.bz2
	local-binenc-scripts/binary-analysis/opt-local-bin-genv.tar.bz2
	local-binenc-scripts/binary-analysis/opt-local-bin-geoiplookup.tar.bz2
	local-binenc-scripts/binary-analysis/opt-local-bin-geoiplookup6.tar.bz2
	local-binenc-scripts/binary-analysis/opt-local-bin-getmapdl.tar.bz2
	local-binenc-scripts/binary-analysis/opt-local-bin-gettext.sh.tar.bz2
	local-binenc-scripts/binary-analysis/opt-local-bin-gettext.tar.bz2
	local-binenc-scripts/binary-analysis/opt-local-bin-gettextize.tar.bz2
	local-binenc-scripts/binary-analysis/opt-local-bin-gexpand.tar.bz2
	local-binenc-scripts/binary-analysis/opt-local-bin-gexpr.tar.bz2
	local-binenc-scripts/binary-analysis/opt-local-bin-gfactor.tar.bz2
	local-binenc-scripts/binary-analysis/opt-local-bin-gfalse.tar.bz2
	local-binenc-scripts/binary-analysis/opt-local-bin-gfgrep.tar.bz2
	local-binenc-scripts/binary-analysis/opt-local-bin-gfmt.tar.bz2
	local-binenc-scripts/binary-analysis/opt-local-bin-gfold.tar.bz2
	local-binenc-scripts/binary-analysis/opt-local-bin-gftodvi.tar.bz2
	local-binenc-scripts/binary-analysis/opt-local-bin-gftopk.tar.bz2
	local-binenc-scripts/binary-analysis/opt-local-bin-gftype.tar.bz2
	local-binenc-scripts/binary-analysis/opt-local-bin-ggrep.tar.bz2
	local-binenc-scripts/binary-analysis/opt-local-bin-ggroups.tar.bz2
	local-binenc-scripts/binary-analysis/opt-local-bin-ghead.tar.bz2
	local-binenc-scripts/binary-analysis/opt-local-bin-ghostid.tar.bz2
	local-binenc-scripts/binary-analysis/opt-local-bin-gid.tar.bz2
	local-binenc-scripts/binary-analysis/opt-local-bin-gif2rgb.tar.bz2
	local-binenc-scripts/binary-analysis/opt-local-bin-gif2webp.tar.bz2
	local-binenc-scripts/binary-analysis/opt-local-bin-gifasm.tar.bz2
	local-binenc-scripts/binary-analysis/opt-local-bin-gifbg.tar.bz2
	local-binenc-scripts/binary-analysis/opt-local-bin-gifburst.tar.bz2
	local-binenc-scripts/binary-analysis/opt-local-bin-gifclip.tar.bz2
	local-binenc-scripts/binary-analysis/opt-local-bin-gifclrmp.tar.bz2
	local-binenc-scripts/binary-analysis/opt-local-bin-gifcolor.tar.bz2
	local-binenc-scripts/binary-analysis/opt-local-bin-gifcomb.tar.bz2
	local-binenc-scripts/binary-analysis/opt-local-bin-gifcompose.tar.bz2
	local-binenc-scripts/binary-analysis/opt-local-bin-giffiltr.tar.bz2
	local-binenc-scripts/binary-analysis/opt-local-bin-giffix.tar.bz2
	local-binenc-scripts/binary-analysis/opt-local-bin-gifflip.tar.bz2
	local-binenc-scripts/binary-analysis/opt-local-bin-gifhisto.tar.bz2
	local-binenc-scripts/binary-analysis/opt-local-bin-gifinfo.tar.bz2
	local-binenc-scripts/binary-analysis/opt-local-bin-gifinter.tar.bz2
	local-binenc-scripts/binary-analysis/opt-local-bin-gifinto.tar.bz2
	local-binenc-scripts/binary-analysis/opt-local-bin-giflib5.tar.bz2
	local-binenc-scripts/binary-analysis/opt-local-bin-gifovly.tar.bz2
	local-binenc-scripts/binary-analysis/opt-local-bin-gifpos.tar.bz2
	local-binenc-scripts/binary-analysis/opt-local-bin-gifrotat.tar.bz2
	local-binenc-scripts/binary-analysis/opt-local-bin-gifrsize.tar.bz2
	local-binenc-scripts/binary-analysis/opt-local-bin-gifspnge.tar.bz2
	local-binenc-scripts/binary-analysis/opt-local-bin-giftext.tar.bz2
	local-binenc-scripts/binary-analysis/opt-local-bin-giftogd2.tar.bz2
	local-binenc-scripts/binary-analysis/opt-local-bin-gifwedge.tar.bz2
	local-binenc-scripts/binary-analysis/opt-local-bin-ginstall.tar.bz2
	local-binenc-scripts/binary-analysis/opt-local-bin-gio-querymodules.tar.bz2
	local-binenc-scripts/binary-analysis/opt-local-bin-gio.tar.bz2
	local-binenc-scripts/binary-analysis/opt-local-bin-git-clang-format-mp-13.tar.bz2
	local-binenc-scripts/binary-analysis/opt-local-bin-git-cvsserver.tar.bz2
	local-binenc-scripts/binary-analysis/opt-local-bin-git-latexdiff.tar.bz2
	local-binenc-scripts/binary-analysis/opt-local-bin-git-receive-pack.tar.bz2
	local-binenc-scripts/binary-analysis/opt-local-bin-git-shell.tar.bz2
	local-binenc-scripts/binary-analysis/opt-local-bin-git-upload-archive.tar.bz2
	local-binenc-scripts/binary-analysis/opt-local-bin-git-upload-pack.tar.bz2
	local-binenc-scripts/binary-analysis/opt-local-bin-git.tar.bz2
	local-binenc-scripts/binary-analysis/opt-local-bin-gitk.tar.bz2
	local-binenc-scripts/binary-analysis/opt-local-bin-gjoin.tar.bz2
	local-binenc-scripts/binary-analysis/opt-local-bin-gkill.tar.bz2
	local-binenc-scripts/binary-analysis/opt-local-bin-glib-compile-resources.tar.bz2
	local-binenc-scripts/binary-analysis/opt-local-bin-glib-compile-schemas.tar.bz2
	local-binenc-scripts/binary-analysis/opt-local-bin-glib-genmarshal.tar.bz2
	local-binenc-scripts/binary-analysis/opt-local-bin-glib-gettextize.tar.bz2
	local-binenc-scripts/binary-analysis/opt-local-bin-glib-mkenums.tar.bz2
	local-binenc-scripts/binary-analysis/opt-local-bin-glibtool.tar.bz2
	local-binenc-scripts/binary-analysis/opt-local-bin-glibtoolize.tar.bz2
	local-binenc-scripts/binary-analysis/opt-local-bin-glink.tar.bz2
	local-binenc-scripts/binary-analysis/opt-local-bin-gln.tar.bz2
	local-binenc-scripts/binary-analysis/opt-local-bin-glogname.tar.bz2
	local-binenc-scripts/binary-analysis/opt-local-bin-gls.tar.bz2
	local-binenc-scripts/binary-analysis/opt-local-bin-gm4.tar.bz2
	local-binenc-scripts/binary-analysis/opt-local-bin-gmd5sum.tar.bz2
	local-binenc-scripts/binary-analysis/opt-local-bin-gmkdir.tar.bz2
	local-binenc-scripts/binary-analysis/opt-local-bin-gmkfifo.tar.bz2
	local-binenc-scripts/binary-analysis/opt-local-bin-gmknod.tar.bz2
	local-binenc-scripts/binary-analysis/opt-local-bin-gmktemp.tar.bz2
	local-binenc-scripts/binary-analysis/opt-local-bin-gmv.tar.bz2
	local-binenc-scripts/binary-analysis/opt-local-bin-gnice.tar.bz2
	local-binenc-scripts/binary-analysis/opt-local-bin-gnl.tar.bz2
	local-binenc-scripts/binary-analysis/opt-local-bin-gnm.tar.bz2
	local-binenc-scripts/binary-analysis/opt-local-bin-gnohup.tar.bz2
	local-binenc-scripts/binary-analysis/opt-local-bin-gnproc.tar.bz2
	local-binenc-scripts/binary-analysis/opt-local-bin-gnucut.tar.bz2
	local-binenc-scripts/binary-analysis/opt-local-bin-gnumfmt.tar.bz2
	local-binenc-scripts/binary-analysis/opt-local-bin-gnupg-key-manage.tar.bz2
	local-binenc-scripts/binary-analysis/opt-local-bin-gnutls-certtool.tar.bz2
	local-binenc-scripts/binary-analysis/opt-local-bin-gnutls-cli-debug.tar.bz2
	local-binenc-scripts/binary-analysis/opt-local-bin-gnutls-cli.tar.bz2
	local-binenc-scripts/binary-analysis/opt-local-bin-gnutls-serv.tar.bz2
	local-binenc-scripts/binary-analysis/opt-local-bin-gobjcopy.tar.bz2
	local-binenc-scripts/binary-analysis/opt-local-bin-gobjdump.tar.bz2
	local-binenc-scripts/binary-analysis/opt-local-bin-gobject-query.tar.bz2
	local-binenc-scripts/binary-analysis/opt-local-bin-god.tar.bz2
	local-binenc-scripts/binary-analysis/opt-local-bin-gpaste.tar.bz2
	local-binenc-scripts/binary-analysis/opt-local-bin-gpathchk.tar.bz2
	local-binenc-scripts/binary-analysis/opt-local-bin-gpg-agent.tar.bz2
	local-binenc-scripts/binary-analysis/opt-local-bin-gpg-authcode-sign.sh.tar.bz2
	local-binenc-scripts/binary-analysis/opt-local-bin-gpg-card.tar.bz2
	local-binenc-scripts/binary-analysis/opt-local-bin-gpg-connect-agent.tar.bz2
	local-binenc-scripts/binary-analysis/opt-local-bin-gpg-error-config.tar.bz2
	local-binenc-scripts/binary-analysis/opt-local-bin-gpg-error.tar.bz2
	local-binenc-scripts/binary-analysis/opt-local-bin-gpg-mail-tube.tar.bz2
	local-binenc-scripts/binary-analysis/opt-local-bin-gpg-wks-client.tar.bz2
	local-binenc-scripts/binary-analysis/opt-local-bin-gpg-wks-server.tar.bz2
	local-binenc-scripts/binary-analysis/opt-local-bin-gpg.tar.bz2
	local-binenc-scripts/binary-analysis/opt-local-bin-gpg2.tar.bz2
	local-binenc-scripts/binary-analysis/opt-local-bin-gpgconf.tar.bz2
	local-binenc-scripts/binary-analysis/opt-local-bin-gpgme-config.tar.bz2
	local-binenc-scripts/binary-analysis/opt-local-bin-gpgme-json.tar.bz2
	local-binenc-scripts/binary-analysis/opt-local-bin-gpgme-tool.tar.bz2
	local-binenc-scripts/binary-analysis/opt-local-bin-gpgparsemail.tar.bz2
	local-binenc-scripts/binary-analysis/opt-local-bin-gpgrt-config.tar.bz2
	local-binenc-scripts/binary-analysis/opt-local-bin-gpgscm.tar.bz2
	local-binenc-scripts/binary-analysis/opt-local-bin-gpgsm.tar.bz2
	local-binenc-scripts/binary-analysis/opt-local-bin-gpgsplit.tar.bz2
	local-binenc-scripts/binary-analysis/opt-local-bin-gpgtar.tar.bz2
	local-binenc-scripts/binary-analysis/opt-local-bin-gpgv.tar.bz2
	local-binenc-scripts/binary-analysis/opt-local-bin-gpinky.tar.bz2
	local-binenc-scripts/binary-analysis/opt-local-bin-gpr.tar.bz2
	local-binenc-scripts/binary-analysis/opt-local-bin-gprintenv.tar.bz2
	local-binenc-scripts/binary-analysis/opt-local-bin-gprintf.tar.bz2
	local-binenc-scripts/binary-analysis/opt-local-bin-gptx.tar.bz2
	local-binenc-scripts/binary-analysis/opt-local-bin-gpwd.tar.bz2
	local-binenc-scripts/binary-analysis/opt-local-bin-gr2fonttest.tar.bz2
	local-binenc-scripts/binary-analysis/opt-local-bin-granlib.tar.bz2
	local-binenc-scripts/binary-analysis/opt-local-bin-graph.tar.bz2
	local-binenc-scripts/binary-analysis/opt-local-bin-greadelf.tar.bz2
	local-binenc-scripts/binary-analysis/opt-local-bin-greadlink.tar.bz2
	local-binenc-scripts/binary-analysis/opt-local-bin-grealpath.tar.bz2
	local-binenc-scripts/binary-analysis/opt-local-bin-gresource.tar.bz2
	local-binenc-scripts/binary-analysis/opt-local-bin-grm.tar.bz2
	local-binenc-scripts/binary-analysis/opt-local-bin-grmdir.tar.bz2
	local-binenc-scripts/binary-analysis/opt-local-bin-gruncon.tar.bz2
	local-binenc-scripts/binary-analysis/opt-local-bin-gs.tar.bz2
	local-binenc-scripts/binary-analysis/opt-local-bin-gsbj.tar.bz2
	local-binenc-scripts/binary-analysis/opt-local-bin-gsc.tar.bz2
	local-binenc-scripts/binary-analysis/opt-local-bin-gsdj.tar.bz2
	local-binenc-scripts/binary-analysis/opt-local-bin-gsdj500.tar.bz2
	local-binenc-scripts/binary-analysis/opt-local-bin-gsed.tar.bz2
	local-binenc-scripts/binary-analysis/opt-local-bin-gseq.tar.bz2
	local-binenc-scripts/binary-analysis/opt-local-bin-gsettings.tar.bz2
	local-binenc-scripts/binary-analysis/opt-local-bin-gsftopk.tar.bz2
	local-binenc-scripts/binary-analysis/opt-local-bin-gsha1sum.tar.bz2
	local-binenc-scripts/binary-analysis/opt-local-bin-gsha224sum.tar.bz2
	local-binenc-scripts/binary-analysis/opt-local-bin-gsha256sum.tar.bz2
	local-binenc-scripts/binary-analysis/opt-local-bin-gsha384sum.tar.bz2
	local-binenc-scripts/binary-analysis/opt-local-bin-gsha512sum.tar.bz2
	local-binenc-scripts/binary-analysis/opt-local-bin-gshred.tar.bz2
	local-binenc-scripts/binary-analysis/opt-local-bin-gshuf.tar.bz2
	local-binenc-scripts/binary-analysis/opt-local-bin-gsize.tar.bz2
	local-binenc-scripts/binary-analysis/opt-local-bin-gsleep.tar.bz2
	local-binenc-scripts/binary-analysis/opt-local-bin-gslj.tar.bz2
	local-binenc-scripts/binary-analysis/opt-local-bin-gslp.tar.bz2
	local-binenc-scripts/binary-analysis/opt-local-bin-gsnd.tar.bz2
	local-binenc-scripts/binary-analysis/opt-local-bin-gsort.tar.bz2
	local-binenc-scripts/binary-analysis/opt-local-bin-gsplit.tar.bz2
	local-binenc-scripts/binary-analysis/opt-local-bin-gss-client.tar.bz2
	local-binenc-scripts/binary-analysis/opt-local-bin-gstat.tar.bz2
	local-binenc-scripts/binary-analysis/opt-local-bin-gstdbuf.tar.bz2
	local-binenc-scripts/binary-analysis/opt-local-bin-gstrings.tar.bz2
	local-binenc-scripts/binary-analysis/opt-local-bin-gstrip.tar.bz2
	local-binenc-scripts/binary-analysis/opt-local-bin-gstty.tar.bz2
	local-binenc-scripts/binary-analysis/opt-local-bin-gsum.tar.bz2
	local-binenc-scripts/binary-analysis/opt-local-bin-gsx.tar.bz2
	local-binenc-scripts/binary-analysis/opt-local-bin-gsync.tar.bz2
	local-binenc-scripts/binary-analysis/opt-local-bin-gtac.tar.bz2
	local-binenc-scripts/binary-analysis/opt-local-bin-gtail.tar.bz2
	local-binenc-scripts/binary-analysis/opt-local-bin-gtee.tar.bz2
	local-binenc-scripts/binary-analysis/opt-local-bin-gtest.tar.bz2
	local-binenc-scripts/binary-analysis/opt-local-bin-gtester-report.tar.bz2
	local-binenc-scripts/binary-analysis/opt-local-bin-gtester.tar.bz2
	local-binenc-scripts/binary-analysis/opt-local-bin-gtimeout.tar.bz2
	local-binenc-scripts/binary-analysis/opt-local-bin-gtk-builder-tool.tar.bz2
	local-binenc-scripts/binary-analysis/opt-local-bin-gtk-encode-symbolic-svg.tar.bz2
	local-binenc-scripts/binary-analysis/opt-local-bin-gtk-launch.tar.bz2
	local-binenc-scripts/binary-analysis/opt-local-bin-gtk-query-immodules-3.0.tar.bz2
	local-binenc-scripts/binary-analysis/opt-local-bin-gtk-query-settings.tar.bz2
	local-binenc-scripts/binary-analysis/opt-local-bin-gtk-update-icon-cache.tar.bz2
	local-binenc-scripts/binary-analysis/opt-local-bin-gtkdoc-check.tar.bz2
	local-binenc-scripts/binary-analysis/opt-local-bin-gtkdoc-depscan.tar.bz2
	local-binenc-scripts/binary-analysis/opt-local-bin-gtkdoc-fixxref.tar.bz2
	local-binenc-scripts/binary-analysis/opt-local-bin-gtkdoc-mkdb.tar.bz2
	local-binenc-scripts/binary-analysis/opt-local-bin-gtkdoc-mkhtml.tar.bz2
	local-binenc-scripts/binary-analysis/opt-local-bin-gtkdoc-mkhtml2.tar.bz2
	local-binenc-scripts/binary-analysis/opt-local-bin-gtkdoc-mkman.tar.bz2
	local-binenc-scripts/binary-analysis/opt-local-bin-gtkdoc-mkpdf.tar.bz2
	local-binenc-scripts/binary-analysis/opt-local-bin-gtkdoc-rebase.tar.bz2
	local-binenc-scripts/binary-analysis/opt-local-bin-gtkdoc-scan.tar.bz2
	local-binenc-scripts/binary-analysis/opt-local-bin-gtkdoc-scangobj.tar.bz2
	local-binenc-scripts/binary-analysis/opt-local-bin-gtkdocize.tar.bz2
	local-binenc-scripts/binary-analysis/opt-local-bin-gtouch.tar.bz2
	local-binenc-scripts/binary-analysis/opt-local-bin-gtr.tar.bz2
	local-binenc-scripts/binary-analysis/opt-local-bin-gtrue.tar.bz2
	local-binenc-scripts/binary-analysis/opt-local-bin-gtruncate.tar.bz2
	local-binenc-scripts/binary-analysis/opt-local-bin-gtsort.tar.bz2
	local-binenc-scripts/binary-analysis/opt-local-bin-gtty.tar.bz2
	local-binenc-scripts/binary-analysis/opt-local-bin-guname.tar.bz2
	local-binenc-scripts/binary-analysis/opt-local-bin-gunexpand.tar.bz2
	local-binenc-scripts/binary-analysis/opt-local-bin-guniq.tar.bz2
	local-binenc-scripts/binary-analysis/opt-local-bin-gunlink.tar.bz2
	local-binenc-scripts/binary-analysis/opt-local-bin-guptime.tar.bz2
	local-binenc-scripts/binary-analysis/opt-local-bin-gusers.tar.bz2
	local-binenc-scripts/binary-analysis/opt-local-bin-gvdir.tar.bz2
	local-binenc-scripts/binary-analysis/opt-local-bin-gwc.tar.bz2
	local-binenc-scripts/binary-analysis/opt-local-bin-gwho.tar.bz2
	local-binenc-scripts/binary-analysis/opt-local-bin-gwhoami.tar.bz2
	local-binenc-scripts/binary-analysis/opt-local-bin-gyes.tar.bz2
	local-binenc-scripts/binary-analysis/opt-local-bin-h2ph-5.34.tar.bz2
	local-binenc-scripts/binary-analysis/opt-local-bin-h2ph.tar.bz2
	local-binenc-scripts/binary-analysis/opt-local-bin-h2xs-5.34.tar.bz2
	local-binenc-scripts/binary-analysis/opt-local-bin-h2xs.tar.bz2
	local-binenc-scripts/binary-analysis/opt-local-bin-half_mt.tar.bz2
	local-binenc-scripts/binary-analysis/opt-local-bin-hb-info.tar.bz2
	local-binenc-scripts/binary-analysis/opt-local-bin-hb-shape.tar.bz2
	local-binenc-scripts/binary-analysis/opt-local-bin-hb-subset.tar.bz2
	local-binenc-scripts/binary-analysis/opt-local-bin-hb-view.tar.bz2
	local-binenc-scripts/binary-analysis/opt-local-bin-heif-convert.tar.bz2
	local-binenc-scripts/binary-analysis/opt-local-bin-heif-dec.tar.bz2
	local-binenc-scripts/binary-analysis/opt-local-bin-heif-enc.tar.bz2
	local-binenc-scripts/binary-analysis/opt-local-bin-heif-info.tar.bz2
	local-binenc-scripts/binary-analysis/opt-local-bin-heif-thumbnailer.tar.bz2
	local-binenc-scripts/binary-analysis/opt-local-bin-help2man.tar.bz2
	local-binenc-scripts/binary-analysis/opt-local-bin-hersheydemo.tar.bz2
	local-binenc-scripts/binary-analysis/opt-local-bin-hmac256.tar.bz2
	local-binenc-scripts/binary-analysis/opt-local-bin-hmaptool-mp-13.tar.bz2
	local-binenc-scripts/binary-analysis/opt-local-bin-ht.tar.bz2
	local-binenc-scripts/binary-analysis/opt-local-bin-htlatex.tar.bz2
	local-binenc-scripts/binary-analysis/opt-local-bin-htmex.tar.bz2
	local-binenc-scripts/binary-analysis/opt-local-bin-htmltree-5.34.tar.bz2
	local-binenc-scripts/binary-analysis/opt-local-bin-httex.tar.bz2
	local-binenc-scripts/binary-analysis/opt-local-bin-httexi.tar.bz2
	local-binenc-scripts/binary-analysis/opt-local-bin-httpserv.tar.bz2
	local-binenc-scripts/binary-analysis/opt-local-bin-htxelatex.tar.bz2
	local-binenc-scripts/binary-analysis/opt-local-bin-htxetex.tar.bz2
	local-binenc-scripts/binary-analysis/opt-local-bin-hyperxmp-add-bytecount.tar.bz2
	local-binenc-scripts/binary-analysis/opt-local-bin-icon2gif.tar.bz2
	local-binenc-scripts/binary-analysis/opt-local-bin-iconv.tar.bz2
	local-binenc-scripts/binary-analysis/opt-local-bin-icu-config.tar.bz2
	local-binenc-scripts/binary-analysis/opt-local-bin-icuexportdata.tar.bz2
	local-binenc-scripts/binary-analysis/opt-local-bin-icuinfo.tar.bz2
	local-binenc-scripts/binary-analysis/opt-local-bin-identify.tar.bz2
	local-binenc-scripts/binary-analysis/opt-local-bin-idle2.7.tar.bz2
	local-binenc-scripts/binary-analysis/opt-local-bin-idle3.12.tar.bz2
	local-binenc-scripts/binary-analysis/opt-local-bin-idle3.13.tar.bz2
	local-binenc-scripts/binary-analysis/opt-local-bin-idle3.14.tar.bz2
	local-binenc-scripts/binary-analysis/opt-local-bin-idn.tar.bz2
	local-binenc-scripts/binary-analysis/opt-local-bin-idn2.tar.bz2
	local-binenc-scripts/binary-analysis/opt-local-bin-ifnames.tar.bz2
	local-binenc-scripts/binary-analysis/opt-local-bin-ifstat.tar.bz2
	local-binenc-scripts/binary-analysis/opt-local-bin-imagetops.tar.bz2
	local-binenc-scripts/binary-analysis/opt-local-bin-img2webp.tar.bz2
	local-binenc-scripts/binary-analysis/opt-local-bin-imgcmp.tar.bz2
	local-binenc-scripts/binary-analysis/opt-local-bin-imginfo.tar.bz2
	local-binenc-scripts/binary-analysis/opt-local-bin-import.tar.bz2
	local-binenc-scripts/binary-analysis/opt-local-bin-info.tar.bz2
	local-binenc-scripts/binary-analysis/opt-local-bin-infocmp.tar.bz2
	local-binenc-scripts/binary-analysis/opt-local-bin-infotocap.tar.bz2
	local-binenc-scripts/binary-analysis/opt-local-bin-inimf.tar.bz2
	local-binenc-scripts/binary-analysis/opt-local-bin-initex.tar.bz2
	local-binenc-scripts/binary-analysis/opt-local-bin-install-info.tar.bz2
	local-binenc-scripts/binary-analysis/opt-local-bin-installfont-tl.tar.bz2
	local-binenc-scripts/binary-analysis/opt-local-bin-instmodsh-5.34.tar.bz2
	local-binenc-scripts/binary-analysis/opt-local-bin-instmodsh.tar.bz2
	local-binenc-scripts/binary-analysis/opt-local-bin-intercept-build-mp-13.tar.bz2
	local-binenc-scripts/binary-analysis/opt-local-bin-itstool.tar.bz2
	local-binenc-scripts/binary-analysis/opt-local-bin-jasper.tar.bz2
	local-binenc-scripts/binary-analysis/opt-local-bin-jbgtopbm.tar.bz2
	local-binenc-scripts/binary-analysis/opt-local-bin-jbig2dec.tar.bz2
	local-binenc-scripts/binary-analysis/opt-local-bin-jiv.tar.bz2
	local-binenc-scripts/binary-analysis/opt-local-bin-jpegtran.tar.bz2
	local-binenc-scripts/binary-analysis/opt-local-bin-jpgicc.tar.bz2
	local-binenc-scripts/binary-analysis/opt-local-bin-js.tar.bz2
	local-binenc-scripts/binary-analysis/opt-local-bin-jscpucfg.tar.bz2
	local-binenc-scripts/binary-analysis/opt-local-bin-json_pp-5.34.tar.bz2
	local-binenc-scripts/binary-analysis/opt-local-bin-json_pp.tar.bz2
	local-binenc-scripts/binary-analysis/opt-local-bin-k5srvutil.tar.bz2
	local-binenc-scripts/binary-analysis/opt-local-bin-kadmin.tar.bz2
	local-binenc-scripts/binary-analysis/opt-local-bin-kbxutil.tar.bz2
	local-binenc-scripts/binary-analysis/opt-local-bin-kdestroy.tar.bz2
	local-binenc-scripts/binary-analysis/opt-local-bin-ketcindy.tar.bz2
	local-binenc-scripts/binary-analysis/opt-local-bin-kinit.tar.bz2
	local-binenc-scripts/binary-analysis/opt-local-bin-klist.tar.bz2
	local-binenc-scripts/binary-analysis/opt-local-bin-koi8rxterm.tar.bz2
	local-binenc-scripts/binary-analysis/opt-local-bin-kpasswd.tar.bz2
	local-binenc-scripts/binary-analysis/opt-local-bin-kpseaccess.tar.bz2
	local-binenc-scripts/binary-analysis/opt-local-bin-kpsepath.tar.bz2
	local-binenc-scripts/binary-analysis/opt-local-bin-kpsereadlink.tar.bz2
	local-binenc-scripts/binary-analysis/opt-local-bin-kpsestat.tar.bz2
	local-binenc-scripts/binary-analysis/opt-local-bin-kpsetool.tar.bz2
	local-binenc-scripts/binary-analysis/opt-local-bin-kpsewhere.tar.bz2
	local-binenc-scripts/binary-analysis/opt-local-bin-kpsewhich.tar.bz2
	local-binenc-scripts/binary-analysis/opt-local-bin-kpsexpand.tar.bz2
	local-binenc-scripts/binary-analysis/opt-local-bin-krb5-config.tar.bz2
	local-binenc-scripts/binary-analysis/opt-local-bin-ksba-config.tar.bz2
	local-binenc-scripts/binary-analysis/opt-local-bin-ksu.tar.bz2
	local-binenc-scripts/binary-analysis/opt-local-bin-kswitch.tar.bz2
	local-binenc-scripts/binary-analysis/opt-local-bin-ktutil.tar.bz2
	local-binenc-scripts/binary-analysis/opt-local-bin-kvazaar.tar.bz2
	local-binenc-scripts/binary-analysis/opt-local-bin-kvno.tar.bz2
	local-binenc-scripts/binary-analysis/opt-local-bin-make4ht.tar.bz2
	local-binenc-scripts/binary-analysis/opt-local-bin-makeconv.tar.bz2
	local-binenc-scripts/binary-analysis/opt-local-bin-makedtx.tar.bz2
	local-binenc-scripts/binary-analysis/opt-local-bin-makeglossaries-lite.tar.bz2
	local-binenc-scripts/binary-analysis/opt-local-bin-makeglossaries.tar.bz2
	local-binenc-scripts/binary-analysis/opt-local-bin-makeindex.tar.bz2
	local-binenc-scripts/binary-analysis/opt-local-bin-makeinfo.tar.bz2
	local-binenc-scripts/binary-analysis/opt-local-bin-makepqg.tar.bz2
	local-binenc-scripts/binary-analysis/opt-local-bin-mako-render-3.13.tar.bz2
	local-binenc-scripts/binary-analysis/opt-local-bin-mangle.tar.bz2
	local-binenc-scripts/binary-analysis/opt-local-bin-markdown2tex.tar.bz2
	local-binenc-scripts/binary-analysis/opt-local-bin-markdown_py-3.13.tar.bz2
	local-binenc-scripts/binary-analysis/opt-local-bin-match_parens.tar.bz2
	local-binenc-scripts/binary-analysis/opt-local-bin-mathspic.tar.bz2
	local-binenc-scripts/binary-analysis/opt-local-bin-mdb_copy.tar.bz2
	local-binenc-scripts/binary-analysis/opt-local-bin-mdb_dump.tar.bz2
	local-binenc-scripts/binary-analysis/opt-local-bin-mdb_load.tar.bz2
	local-binenc-scripts/binary-analysis/opt-local-bin-mdb_stat.tar.bz2
	local-binenc-scripts/binary-analysis/opt-local-bin-mech-dump-5.34.tar.bz2
	local-binenc-scripts/binary-analysis/opt-local-bin-mem_image.tar.bz2
	local-binenc-scripts/binary-analysis/opt-local-bin-memoize-clean.pl.tar.bz2
	local-binenc-scripts/binary-analysis/opt-local-bin-memoize-clean.py.tar.bz2
	local-binenc-scripts/binary-analysis/opt-local-bin-memoize-extract.pl.tar.bz2
	local-binenc-scripts/binary-analysis/opt-local-bin-memoize-extract.py.tar.bz2
	local-binenc-scripts/binary-analysis/opt-local-bin-meson-3.14.tar.bz2
	local-binenc-scripts/binary-analysis/opt-local-bin-meson.tar.bz2
	local-binenc-scripts/binary-analysis/opt-local-bin-mf-nowin.tar.bz2
	local-binenc-scripts/binary-analysis/opt-local-bin-mf.tar.bz2
	local-binenc-scripts/binary-analysis/opt-local-bin-mflua-nowin.tar.bz2
	local-binenc-scripts/binary-analysis/opt-local-bin-mflua.tar.bz2
	local-binenc-scripts/binary-analysis/opt-local-bin-mfluajit-nowin.tar.bz2
	local-binenc-scripts/binary-analysis/opt-local-bin-mfluajit.tar.bz2
	local-binenc-scripts/binary-analysis/opt-local-bin-mft.tar.bz2
	local-binenc-scripts/binary-analysis/opt-local-bin-minicom.tar.bz2
	local-binenc-scripts/binary-analysis/opt-local-bin-mk4ht.tar.bz2
	local-binenc-scripts/binary-analysis/opt-local-bin-mkbitmap.tar.bz2
	local-binenc-scripts/binary-analysis/opt-local-bin-mkindex.tar.bz2
	local-binenc-scripts/binary-analysis/opt-local-bin-mkjobtexmf.tar.bz2
	local-binenc-scripts/binary-analysis/opt-local-bin-mkocp.tar.bz2
	local-binenc-scripts/binary-analysis/opt-local-bin-mkofm.tar.bz2
	local-binenc-scripts/binary-analysis/opt-local-bin-mkpic.tar.bz2
	local-binenc-scripts/binary-analysis/opt-local-bin-mktexfmt.tar.bz2
	local-binenc-scripts/binary-analysis/opt-local-bin-mktexlsr.tar.bz2
	local-binenc-scripts/binary-analysis/opt-local-bin-mktexmf.tar.bz2
	local-binenc-scripts/binary-analysis/opt-local-bin-mktexpk.tar.bz2
	local-binenc-scripts/binary-analysis/opt-local-bin-mktextfm.tar.bz2
	local-binenc-scripts/binary-analysis/opt-local-bin-modularize-mp-13.tar.bz2
	local-binenc-scripts/binary-analysis/opt-local-bin-modutil.tar.bz2
	local-binenc-scripts/binary-analysis/opt-local-bin-mogrify.tar.bz2
	local-binenc-scripts/binary-analysis/opt-local-bin-montage.tar.bz2
	local-binenc-scripts/binary-analysis/opt-local-bin-mpicalc.tar.bz2
	local-binenc-scripts/binary-analysis/opt-local-bin-mptopdf.tar.bz2
	local-binenc-scripts/binary-analysis/opt-local-bin-msgattrib.tar.bz2
	local-binenc-scripts/binary-analysis/opt-local-bin-msgcat.tar.bz2
	local-binenc-scripts/binary-analysis/opt-local-bin-msgcmp.tar.bz2
	local-binenc-scripts/binary-analysis/opt-local-bin-msgcomm.tar.bz2
	local-binenc-scripts/binary-analysis/opt-local-bin-msgconv.tar.bz2
	local-binenc-scripts/binary-analysis/opt-local-bin-msgen.tar.bz2
	local-binenc-scripts/binary-analysis/opt-local-bin-msgexec.tar.bz2
	local-binenc-scripts/binary-analysis/opt-local-bin-msgfilter.tar.bz2
	local-binenc-scripts/binary-analysis/opt-local-bin-msgfmt.tar.bz2
	local-binenc-scripts/binary-analysis/opt-local-bin-msggrep.tar.bz2
	local-binenc-scripts/binary-analysis/opt-local-bin-msginit.tar.bz2
	local-binenc-scripts/binary-analysis/opt-local-bin-msgmerge.tar.bz2
	local-binenc-scripts/binary-analysis/opt-local-bin-msgunfmt.tar.bz2
	local-binenc-scripts/binary-analysis/opt-local-bin-msguniq.tar.bz2
	local-binenc-scripts/binary-analysis/opt-local-bin-multinit.tar.bz2
	local-binenc-scripts/binary-analysis/opt-local-bin-multirender_test.tar.bz2
	local-binenc-scripts/binary-analysis/opt-local-bin-mupdf-gl.tar.bz2
	local-binenc-scripts/binary-analysis/opt-local-bin-muraster.tar.bz2
	local-binenc-scripts/binary-analysis/opt-local-bin-mutool.tar.bz2
	local-binenc-scripts/binary-analysis/opt-local-bin-nbtscan.tar.bz2
	local-binenc-scripts/binary-analysis/opt-local-bin-nbtstat.tar.bz2
	local-binenc-scripts/binary-analysis/opt-local-bin-ncat.tar.bz2
	local-binenc-scripts/binary-analysis/opt-local-bin-ncurses6-config.tar.bz2
	local-binenc-scripts/binary-analysis/opt-local-bin-ncursesw6-config.tar.bz2
	local-binenc-scripts/binary-analysis/opt-local-bin-nettle-hash.tar.bz2
	local-binenc-scripts/binary-analysis/opt-local-bin-nettle-lfib-stream.tar.bz2
	local-binenc-scripts/binary-analysis/opt-local-bin-nettle-pbkdf2.tar.bz2
	local-binenc-scripts/binary-analysis/opt-local-bin-nfc-anticol.tar.bz2
	local-binenc-scripts/binary-analysis/opt-local-bin-nfc-dep-initiator.tar.bz2
	local-binenc-scripts/binary-analysis/opt-local-bin-nfc-dep-target.tar.bz2
	local-binenc-scripts/binary-analysis/opt-local-bin-nfc-emulate-forum-tag2.tar.bz2
	local-binenc-scripts/binary-analysis/opt-local-bin-nfc-emulate-forum-tag4.tar.bz2
	local-binenc-scripts/binary-analysis/opt-local-bin-nfc-emulate-tag.tar.bz2
	local-binenc-scripts/binary-analysis/opt-local-bin-nfc-emulate-uid.tar.bz2
	local-binenc-scripts/binary-analysis/opt-local-bin-nfc-jewel.tar.bz2
	local-binenc-scripts/binary-analysis/opt-local-bin-nfc-list.tar.bz2
	local-binenc-scripts/binary-analysis/opt-local-bin-nfc-mfclassic.tar.bz2
	local-binenc-scripts/binary-analysis/opt-local-bin-nfc-mfsetuid.tar.bz2
	local-binenc-scripts/binary-analysis/opt-local-bin-nfc-mfultralight.tar.bz2
	local-binenc-scripts/binary-analysis/opt-local-bin-nfc-poll.tar.bz2
	local-binenc-scripts/binary-analysis/opt-local-bin-nfc-read-forum-tag3.tar.bz2
	local-binenc-scripts/binary-analysis/opt-local-bin-nfc-relay-picc.tar.bz2
	local-binenc-scripts/binary-analysis/opt-local-bin-nfc-relay.tar.bz2
	local-binenc-scripts/binary-analysis/opt-local-bin-nfc-scan-device.tar.bz2
	local-binenc-scripts/binary-analysis/opt-local-bin-ngettext.tar.bz2
	local-binenc-scripts/binary-analysis/opt-local-bin-ninja.tar.bz2
	local-binenc-scripts/binary-analysis/opt-local-bin-nm-classic.tar.bz2
	local-binenc-scripts/binary-analysis/opt-local-bin-nm.tar.bz2
	local-binenc-scripts/binary-analysis/opt-local-bin-nmap.tar.bz2
	local-binenc-scripts/binary-analysis/opt-local-bin-nonspr10.tar.bz2
	local-binenc-scripts/binary-analysis/opt-local-bin-nping.tar.bz2
	local-binenc-scripts/binary-analysis/opt-local-bin-nspr-config.tar.bz2
	local-binenc-scripts/binary-analysis/opt-local-bin-nss-config.tar.bz2
	local-binenc-scripts/binary-analysis/opt-local-bin-nss-policy-check.tar.bz2
	local-binenc-scripts/binary-analysis/opt-local-bin-nssdefaults.tar.bz2
	local-binenc-scripts/binary-analysis/opt-local-bin-ntp-keygen.tar.bz2
	local-binenc-scripts/binary-analysis/opt-local-bin-ntpq.tar.bz2
	local-binenc-scripts/binary-analysis/opt-local-bin-ntpstat.tar.bz2
	local-binenc-scripts/binary-analysis/opt-local-bin-objdump.tar.bz2
	local-binenc-scripts/binary-analysis/opt-local-bin-ocspclnt.tar.bz2
	local-binenc-scripts/binary-analysis/opt-local-bin-ocspresp.tar.bz2
	local-binenc-scripts/binary-analysis/opt-local-bin-ocsptool.tar.bz2
	local-binenc-scripts/binary-analysis/opt-local-bin-ode.tar.bz2
	local-binenc-scripts/binary-analysis/opt-local-bin-oidcalc.tar.bz2
	local-binenc-scripts/binary-analysis/opt-local-bin-openssl-1.1.tar.bz2
	local-binenc-scripts/binary-analysis/opt-local-bin-openssl-3.tar.bz2
	local-binenc-scripts/binary-analysis/opt-local-bin-openssl.tar.bz2
	local-binenc-scripts/binary-analysis/opt-local-bin-opj_compress.tar.bz2
	local-binenc-scripts/binary-analysis/opt-local-bin-opj_decompress.tar.bz2
	local-binenc-scripts/binary-analysis/opt-local-bin-opj_dump.tar.bz2
	local-binenc-scripts/binary-analysis/opt-local-bin-opt-mp-12.tar.bz2
	local-binenc-scripts/binary-analysis/opt-local-bin-opt-mp-13.tar.bz2
	local-binenc-scripts/binary-analysis/opt-local-bin-optexcount.tar.bz2
	local-binenc-scripts/binary-analysis/opt-local-bin-otool.tar.bz2
	local-binenc-scripts/binary-analysis/opt-local-bin-p11-kit.tar.bz2
	local-binenc-scripts/binary-analysis/opt-local-bin-p11tool.tar.bz2
	local-binenc-scripts/binary-analysis/opt-local-bin-p7content.tar.bz2
	local-binenc-scripts/binary-analysis/opt-local-bin-p7env.tar.bz2
	local-binenc-scripts/binary-analysis/opt-local-bin-p7sign.tar.bz2
	local-binenc-scripts/binary-analysis/opt-local-bin-p7verify.tar.bz2
	local-binenc-scripts/binary-analysis/opt-local-bin-package-stash-conflicts-5.34.tar.bz2
	local-binenc-scripts/binary-analysis/opt-local-bin-pagelayoutapi.tar.bz2
	local-binenc-scripts/binary-analysis/opt-local-bin-pal2rgb.tar.bz2
	local-binenc-scripts/binary-analysis/opt-local-bin-pamphletangler.tar.bz2
	local-binenc-scripts/binary-analysis/opt-local-bin-pango-list.tar.bz2
	local-binenc-scripts/binary-analysis/opt-local-bin-pango-segmentation.tar.bz2
	local-binenc-scripts/binary-analysis/opt-local-bin-pango-view.tar.bz2
	local-binenc-scripts/binary-analysis/opt-local-bin-patgen.tar.bz2
	local-binenc-scripts/binary-analysis/opt-local-bin-pbmtojbg.tar.bz2
	local-binenc-scripts/binary-analysis/opt-local-bin-pcap-config.tar.bz2
	local-binenc-scripts/binary-analysis/opt-local-bin-pcre-config.tar.bz2
	local-binenc-scripts/binary-analysis/opt-local-bin-pcre2-config.tar.bz2
	local-binenc-scripts/binary-analysis/opt-local-bin-pcre2grep.tar.bz2
	local-binenc-scripts/binary-analysis/opt-local-bin-pcre2test.tar.bz2
	local-binenc-scripts/binary-analysis/opt-local-bin-pcregrep.tar.bz2
	local-binenc-scripts/binary-analysis/opt-local-bin-pcretest.tar.bz2
	local-binenc-scripts/binary-analysis/opt-local-bin-pdf2dsc.tar.bz2
	local-binenc-scripts/binary-analysis/opt-local-bin-pdf2ps.tar.bz2
	local-binenc-scripts/binary-analysis/opt-local-bin-pdfannotextractor.tar.bz2
	local-binenc-scripts/binary-analysis/opt-local-bin-pdfatfi.tar.bz2
	local-binenc-scripts/binary-analysis/opt-local-bin-pdfattach.tar.bz2
	local-binenc-scripts/binary-analysis/opt-local-bin-pdfbook2.tar.bz2
	local-binenc-scripts/binary-analysis/opt-local-bin-pdfclose.tar.bz2
	local-binenc-scripts/binary-analysis/opt-local-bin-pdfcrop.tar.bz2
	local-binenc-scripts/binary-analysis/opt-local-bin-pdfdetach.tar.bz2
	local-binenc-scripts/binary-analysis/opt-local-bin-pdfetex.tar.bz2
	local-binenc-scripts/binary-analysis/opt-local-bin-pdffonts.tar.bz2
	local-binenc-scripts/binary-analysis/opt-local-bin-pdfimages.tar.bz2
	local-binenc-scripts/binary-analysis/opt-local-bin-pdfinfo.tar.bz2
	local-binenc-scripts/binary-analysis/opt-local-bin-pdfjam.tar.bz2
	local-binenc-scripts/binary-analysis/opt-local-bin-pdflatex-dev.tar.bz2
	local-binenc-scripts/binary-analysis/opt-local-bin-pdflatex.tar.bz2
	local-binenc-scripts/binary-analysis/opt-local-bin-pdflatexpicscale.tar.bz2
	local-binenc-scripts/binary-analysis/opt-local-bin-pdfopen.tar.bz2
	local-binenc-scripts/binary-analysis/opt-local-bin-pdfseparate.tar.bz2
	local-binenc-scripts/binary-analysis/opt-local-bin-pdfsig.tar.bz2
	local-binenc-scripts/binary-analysis/opt-local-bin-pdftex-quiet.tar.bz2
	local-binenc-scripts/binary-analysis/opt-local-bin-pdftex.tar.bz2
	local-binenc-scripts/binary-analysis/opt-local-bin-pdftexi2dvi.tar.bz2
	local-binenc-scripts/binary-analysis/opt-local-bin-pdftocairo.tar.bz2
	local-binenc-scripts/binary-analysis/opt-local-bin-pdftohtml.tar.bz2
	local-binenc-scripts/binary-analysis/opt-local-bin-pdftoppm.tar.bz2
	local-binenc-scripts/binary-analysis/opt-local-bin-pdftops.tar.bz2
	local-binenc-scripts/binary-analysis/opt-local-bin-pdftosrc.tar.bz2
	local-binenc-scripts/binary-analysis/opt-local-bin-pdftotext.tar.bz2
	local-binenc-scripts/binary-analysis/opt-local-bin-pdfunite.tar.bz2
	local-binenc-scripts/binary-analysis/opt-local-bin-pdfxup.tar.bz2
	local-binenc-scripts/binary-analysis/opt-local-bin-perl.tar.bz2
	local-binenc-scripts/binary-analysis/opt-local-bin-perl5.34.3.tar.bz2
	local-binenc-scripts/binary-analysis/opt-local-bin-perl5.34.tar.bz2
	local-binenc-scripts/binary-analysis/opt-local-bin-perl5.tar.bz2
	local-binenc-scripts/binary-analysis/opt-local-bin-perlbug-5.34.tar.bz2
	local-binenc-scripts/binary-analysis/opt-local-bin-perlbug.tar.bz2
	local-binenc-scripts/binary-analysis/opt-local-bin-perldoc-5.34.tar.bz2
	local-binenc-scripts/binary-analysis/opt-local-bin-perldoc.tar.bz2
	local-binenc-scripts/binary-analysis/opt-local-bin-perlivp-5.34.tar.bz2
	local-binenc-scripts/binary-analysis/opt-local-bin-perlivp.tar.bz2
	local-binenc-scripts/binary-analysis/opt-local-bin-perltex.tar.bz2
	local-binenc-scripts/binary-analysis/opt-local-bin-perlthanks-5.34.tar.bz2
	local-binenc-scripts/binary-analysis/opt-local-bin-perlthanks.tar.bz2
	local-binenc-scripts/binary-analysis/opt-local-bin-pf2afm.tar.bz2
	local-binenc-scripts/binary-analysis/opt-local-bin-pfarrei.tar.bz2
	local-binenc-scripts/binary-analysis/opt-local-bin-pfbtopfa.tar.bz2
	local-binenc-scripts/binary-analysis/opt-local-bin-pic2plot.tar.bz2
	local-binenc-scripts/binary-analysis/opt-local-bin-piconv-5.34.tar.bz2
	local-binenc-scripts/binary-analysis/opt-local-bin-piconv.tar.bz2
	local-binenc-scripts/binary-analysis/opt-local-bin-pk11ectest.tar.bz2
	local-binenc-scripts/binary-analysis/opt-local-bin-pk11gcmtest.tar.bz2
	local-binenc-scripts/binary-analysis/opt-local-bin-pk11importtest.tar.bz2
	local-binenc-scripts/binary-analysis/opt-local-bin-pk11mode.tar.bz2
	local-binenc-scripts/binary-analysis/opt-local-bin-pk12util.tar.bz2
	local-binenc-scripts/binary-analysis/opt-local-bin-pk1sign.tar.bz2
	local-binenc-scripts/binary-analysis/opt-local-bin-pkcs1-conv.tar.bz2
	local-binenc-scripts/binary-analysis/opt-local-bin-pkfix-helper.tar.bz2
	local-binenc-scripts/binary-analysis/opt-local-bin-pkfix.tar.bz2
	local-binenc-scripts/binary-analysis/opt-local-bin-pkg-config.tar.bz2
	local-binenc-scripts/binary-analysis/opt-local-bin-pkgdata.tar.bz2
	local-binenc-scripts/binary-analysis/opt-local-bin-pkix-errcodes.tar.bz2
	local-binenc-scripts/binary-analysis/opt-local-bin-pktogf.tar.bz2
	local-binenc-scripts/binary-analysis/opt-local-bin-pktype.tar.bz2
	local-binenc-scripts/binary-analysis/opt-local-bin-pl2pm-5.34.tar.bz2
	local-binenc-scripts/binary-analysis/opt-local-bin-pl2pm.tar.bz2
	local-binenc-scripts/binary-analysis/opt-local-bin-plot.tar.bz2
	local-binenc-scripts/binary-analysis/opt-local-bin-plotfont.tar.bz2
	local-binenc-scripts/binary-analysis/opt-local-bin-pn2pdf.tar.bz2
	local-binenc-scripts/binary-analysis/opt-local-bin-pn53x-diagnose.tar.bz2
	local-binenc-scripts/binary-analysis/opt-local-bin-pn53x-sam.tar.bz2
	local-binenc-scripts/binary-analysis/opt-local-bin-pn53x-tamashell.tar.bz2
	local-binenc-scripts/binary-analysis/opt-local-bin-png-fix-itxt.tar.bz2
	local-binenc-scripts/binary-analysis/opt-local-bin-pngfix.tar.bz2
	local-binenc-scripts/binary-analysis/opt-local-bin-pngtogd.tar.bz2
	local-binenc-scripts/binary-analysis/opt-local-bin-pngtogd2.tar.bz2
	local-binenc-scripts/binary-analysis/opt-local-bin-pod2html-5.34.tar.bz2
	local-binenc-scripts/binary-analysis/opt-local-bin-pod2html.tar.bz2
	local-binenc-scripts/binary-analysis/opt-local-bin-pod2man-5.34.tar.bz2
	local-binenc-scripts/binary-analysis/opt-local-bin-pod2man.tar.bz2
	local-binenc-scripts/binary-analysis/opt-local-bin-pod2texi.tar.bz2
	local-binenc-scripts/binary-analysis/opt-local-bin-pod2text-5.34.tar.bz2
	local-binenc-scripts/binary-analysis/opt-local-bin-pod2text.tar.bz2
	local-binenc-scripts/binary-analysis/opt-local-bin-pod2usage-5.34.tar.bz2
	local-binenc-scripts/binary-analysis/opt-local-bin-pod2usage.tar.bz2
	local-binenc-scripts/binary-analysis/opt-local-bin-podchecker-5.34.tar.bz2
	local-binenc-scripts/binary-analysis/opt-local-bin-podchecker.tar.bz2
	local-binenc-scripts/binary-analysis/opt-local-bin-pooltype.tar.bz2
	local-binenc-scripts/binary-analysis/opt-local-bin-port-tclsh.tar.bz2
	local-binenc-scripts/binary-analysis/opt-local-bin-port.tar.bz2
	local-binenc-scripts/binary-analysis/opt-local-bin-portf.tar.bz2
	local-binenc-scripts/binary-analysis/opt-local-bin-portindex.tar.bz2
	local-binenc-scripts/binary-analysis/opt-local-bin-portmirror.tar.bz2
	local-binenc-scripts/binary-analysis/opt-local-bin-postprocessing_benchmark.tar.bz2
	local-binenc-scripts/binary-analysis/opt-local-bin-potrace.tar.bz2
	local-binenc-scripts/binary-analysis/opt-local-bin-pp-trace-mp-13.tar.bz2
	local-binenc-scripts/binary-analysis/opt-local-bin-pp.tar.bz2
	local-binenc-scripts/binary-analysis/opt-local-bin-pphs.tar.bz2
	local-binenc-scripts/binary-analysis/opt-local-bin-ppm2tiff.tar.bz2
	local-binenc-scripts/binary-analysis/opt-local-bin-ppmcheckpdf.tar.bz2
	local-binenc-scripts/binary-analysis/opt-local-bin-prerr.properties.tar.bz2
	local-binenc-scripts/binary-analysis/opt-local-bin-printafm.tar.bz2
	local-binenc-scripts/binary-analysis/opt-local-bin-procan.tar.bz2
	local-binenc-scripts/binary-analysis/opt-local-bin-prove-5.34.tar.bz2
	local-binenc-scripts/binary-analysis/opt-local-bin-prove.tar.bz2
	local-binenc-scripts/binary-analysis/opt-local-bin-proxy.tar.bz2
	local-binenc-scripts/binary-analysis/opt-local-bin-ps2ascii.tar.bz2
	local-binenc-scripts/binary-analysis/opt-local-bin-ps2epsi.tar.bz2
	local-binenc-scripts/binary-analysis/opt-local-bin-ps2frag.tar.bz2
	local-binenc-scripts/binary-analysis/opt-local-bin-ps2pdf.tar.bz2
	local-binenc-scripts/binary-analysis/opt-local-bin-ps2pdf12.tar.bz2
	local-binenc-scripts/binary-analysis/opt-local-bin-ps2pdf13.tar.bz2
	local-binenc-scripts/binary-analysis/opt-local-bin-ps2pdf14.tar.bz2
	local-binenc-scripts/binary-analysis/opt-local-bin-ps2pdfwr.tar.bz2
	local-binenc-scripts/binary-analysis/opt-local-bin-ps2ps.tar.bz2
	local-binenc-scripts/binary-analysis/opt-local-bin-ps2ps2.tar.bz2
	local-binenc-scripts/binary-analysis/opt-local-bin-psicc.tar.bz2
	local-binenc-scripts/binary-analysis/opt-local-bin-psktool.tar.bz2
	local-binenc-scripts/binary-analysis/opt-local-bin-psl-make-dafsa.tar.bz2
	local-binenc-scripts/binary-analysis/opt-local-bin-psl.tar.bz2
	local-binenc-scripts/binary-analysis/opt-local-bin-pslatex.tar.bz2
	local-binenc-scripts/binary-analysis/opt-local-bin-pstoedit.tar.bz2
	local-binenc-scripts/binary-analysis/opt-local-bin-ptar-5.34.tar.bz2
	local-binenc-scripts/binary-analysis/opt-local-bin-ptar.tar.bz2
	local-binenc-scripts/binary-analysis/opt-local-bin-ptardiff-5.34.tar.bz2
	local-binenc-scripts/binary-analysis/opt-local-bin-ptardiff.tar.bz2
	local-binenc-scripts/binary-analysis/opt-local-bin-ptargrep-5.34.tar.bz2
	local-binenc-scripts/binary-analysis/opt-local-bin-ptargrep.tar.bz2
	local-binenc-scripts/binary-analysis/opt-local-bin-pth-config.tar.bz2
	local-binenc-scripts/binary-analysis/opt-local-bin-ptked-5.34.tar.bz2
	local-binenc-scripts/binary-analysis/opt-local-bin-ptksh-5.34.tar.bz2
	local-binenc-scripts/binary-analysis/opt-local-bin-purifyeps.tar.bz2
	local-binenc-scripts/binary-analysis/opt-local-bin-pwdecrypt.tar.bz2
	local-binenc-scripts/binary-analysis/opt-local-bin-pydoc2.7.tar.bz2
	local-binenc-scripts/binary-analysis/opt-local-bin-pydoc3.12.tar.bz2
	local-binenc-scripts/binary-analysis/opt-local-bin-pydoc3.13.tar.bz2
	local-binenc-scripts/binary-analysis/opt-local-bin-pydoc3.14.tar.bz2
	local-binenc-scripts/binary-analysis/opt-local-bin-pygmentex.tar.bz2
	local-binenc-scripts/binary-analysis/opt-local-bin-pygmentize-3.13.tar.bz2
	local-binenc-scripts/binary-analysis/opt-local-bin-pyproject-build-3.13.tar.bz2
	local-binenc-scripts/binary-analysis/opt-local-bin-python2.7-config.tar.bz2
	local-binenc-scripts/binary-analysis/opt-local-bin-python2.7.tar.bz2
	local-binenc-scripts/binary-analysis/opt-local-bin-python3.12-config.tar.bz2
	local-binenc-scripts/binary-analysis/opt-local-bin-python3.12.tar.bz2
	local-binenc-scripts/binary-analysis/opt-local-bin-python3.13-config.tar.bz2
	local-binenc-scripts/binary-analysis/opt-local-bin-python3.13.tar.bz2
	local-binenc-scripts/binary-analysis/opt-local-bin-python3.14-config.tar.bz2
	local-binenc-scripts/binary-analysis/opt-local-bin-python3.14.tar.bz2
	local-binenc-scripts/binary-analysis/opt-local-bin-pythontex.tar.bz2
	local-binenc-scripts/binary-analysis/opt-local-bin-pythonw2.7.tar.bz2
	local-binenc-scripts/binary-analysis/opt-local-bin-qstat.tar.bz2
	local-binenc-scripts/binary-analysis/opt-local-bin-ranlib.tar.bz2
	local-binenc-scripts/binary-analysis/opt-local-bin-raw-identify.tar.bz2
	local-binenc-scripts/binary-analysis/opt-local-bin-raw2gif.tar.bz2
	local-binenc-scripts/binary-analysis/opt-local-bin-raw2tiff.tar.bz2
	local-binenc-scripts/binary-analysis/opt-local-bin-rawtextdump.tar.bz2
	local-binenc-scripts/binary-analysis/opt-local-bin-rb.tar.bz2
	local-binenc-scripts/binary-analysis/opt-local-bin-rclock.tar.bz2
	local-binenc-scripts/binary-analysis/opt-local-bin-rd-curves.tar.bz2
	local-binenc-scripts/binary-analysis/opt-local-bin-rdjpgcom.tar.bz2
	local-binenc-scripts/binary-analysis/opt-local-bin-recode-sr-latin.tar.bz2
	local-binenc-scripts/binary-analysis/opt-local-bin-remtest.tar.bz2
	local-binenc-scripts/binary-analysis/opt-local-bin-reset.tar.bz2
	local-binenc-scripts/binary-analysis/opt-local-bin-resize.tar.bz2
	local-binenc-scripts/binary-analysis/opt-local-bin-rgb2gif.tar.bz2
	local-binenc-scripts/binary-analysis/opt-local-bin-rpdfcrop.tar.bz2
	local-binenc-scripts/binary-analysis/opt-local-bin-rrdcached.tar.bz2
	local-binenc-scripts/binary-analysis/opt-local-bin-rrdcgi.tar.bz2
	local-binenc-scripts/binary-analysis/opt-local-bin-rrdcreate.tar.bz2
	local-binenc-scripts/binary-analysis/opt-local-bin-rrdinfo.tar.bz2
	local-binenc-scripts/binary-analysis/opt-local-bin-rrdtool.tar.bz2
	local-binenc-scripts/binary-analysis/opt-local-bin-rrdupdate.tar.bz2
	local-binenc-scripts/binary-analysis/opt-local-bin-rsaperf.tar.bz2
	local-binenc-scripts/binary-analysis/opt-local-bin-rsapoptst.tar.bz2
	local-binenc-scripts/binary-analysis/opt-local-bin-rsync-ssl.tar.bz2
	local-binenc-scripts/binary-analysis/opt-local-bin-rsync.tar.bz2
	local-binenc-scripts/binary-analysis/opt-local-bin-run-clang-tidy-mp-13.tar.bz2
	local-binenc-scripts/binary-analysis/opt-local-bin-rungs.tar.bz2
	local-binenc-scripts/binary-analysis/opt-local-bin-runscript.tar.bz2
	local-binenc-scripts/binary-analysis/opt-local-bin-runtexshebang.tar.bz2
	local-binenc-scripts/binary-analysis/opt-local-bin-rx.tar.bz2
	local-binenc-scripts/binary-analysis/opt-local-bin-rxvt-2.7.10.tar.bz2
	local-binenc-scripts/binary-analysis/opt-local-bin-rxvt.tar.bz2
	local-binenc-scripts/binary-analysis/opt-local-bin-rz.tar.bz2
	local-binenc-scripts/binary-analysis/opt-local-bin-sancov-mp-12.tar.bz2
	local-binenc-scripts/binary-analysis/opt-local-bin-sancov-mp-13.tar.bz2
	local-binenc-scripts/binary-analysis/opt-local-bin-sanstats-mp-12.tar.bz2
	local-binenc-scripts/binary-analysis/opt-local-bin-sanstats-mp-13.tar.bz2
	local-binenc-scripts/binary-analysis/opt-local-bin-sb.tar.bz2
	local-binenc-scripts/binary-analysis/opt-local-bin-scalar.tar.bz2
	local-binenc-scripts/binary-analysis/opt-local-bin-scan-build-mp-13.tar.bz2
	local-binenc-scripts/binary-analysis/opt-local-bin-scan-build-py-mp-13.tar.bz2
	local-binenc-scripts/binary-analysis/opt-local-bin-scan-view-mp-13.tar.bz2
	local-binenc-scripts/binary-analysis/opt-local-bin-sclient.tar.bz2
	local-binenc-scripts/binary-analysis/opt-local-bin-sdbthreadtst.tar.bz2
	local-binenc-scripts/binary-analysis/opt-local-bin-sdrtest.tar.bz2
	local-binenc-scripts/binary-analysis/opt-local-bin-secmodtest.tar.bz2
	local-binenc-scripts/binary-analysis/opt-local-bin-segedit.tar.bz2
	local-binenc-scripts/binary-analysis/opt-local-bin-selfserv.tar.bz2
	local-binenc-scripts/binary-analysis/opt-local-bin-set-xcode-analyzer-mp-13.tar.bz2
	local-binenc-scripts/binary-analysis/opt-local-bin-sexp-conv.tar.bz2
	local-binenc-scripts/binary-analysis/opt-local-bin-shasum-5.34.tar.bz2
	local-binenc-scripts/binary-analysis/opt-local-bin-shasum.tar.bz2
	local-binenc-scripts/binary-analysis/opt-local-bin-shlibsign.tar.bz2
	local-binenc-scripts/binary-analysis/opt-local-bin-signtool.tar.bz2
	local-binenc-scripts/binary-analysis/opt-local-bin-signver.tar.bz2
	local-binenc-scripts/binary-analysis/opt-local-bin-sim_client.tar.bz2
	local-binenc-scripts/binary-analysis/opt-local-bin-simpdftex.tar.bz2
	local-binenc-scripts/binary-analysis/opt-local-bin-simple_dcraw.tar.bz2
	local-binenc-scripts/binary-analysis/opt-local-bin-size-classic.tar.bz2
	local-binenc-scripts/binary-analysis/opt-local-bin-size.tar.bz2
	local-binenc-scripts/binary-analysis/opt-local-bin-smicache.tar.bz2
	local-binenc-scripts/binary-analysis/opt-local-bin-smidiff.tar.bz2
	local-binenc-scripts/binary-analysis/opt-local-bin-smidump.tar.bz2
	local-binenc-scripts/binary-analysis/opt-local-bin-smilint.tar.bz2
	local-binenc-scripts/binary-analysis/opt-local-bin-smiquery.tar.bz2
	local-binenc-scripts/binary-analysis/opt-local-bin-smistrip.tar.bz2
	local-binenc-scripts/binary-analysis/opt-local-bin-smixlate.tar.bz2
	local-binenc-scripts/binary-analysis/opt-local-bin-smtpd2.7.py.tar.bz2
	local-binenc-scripts/binary-analysis/opt-local-bin-sntp.tar.bz2
	local-binenc-scripts/binary-analysis/opt-local-bin-socat-broker.sh.tar.bz2
	local-binenc-scripts/binary-analysis/opt-local-bin-socat-chain.sh.tar.bz2
	local-binenc-scripts/binary-analysis/opt-local-bin-socat-mux.sh.tar.bz2
	local-binenc-scripts/binary-analysis/opt-local-bin-socat.tar.bz2
	local-binenc-scripts/binary-analysis/opt-local-bin-socat1.tar.bz2
	local-binenc-scripts/binary-analysis/opt-local-bin-spix.tar.bz2
	local-binenc-scripts/binary-analysis/opt-local-bin-splain-5.34.tar.bz2
	local-binenc-scripts/binary-analysis/opt-local-bin-splain.tar.bz2
	local-binenc-scripts/binary-analysis/opt-local-bin-spline.tar.bz2
	local-binenc-scripts/binary-analysis/opt-local-bin-split-file-mp-12.tar.bz2
	local-binenc-scripts/binary-analysis/opt-local-bin-split-file-mp-13.tar.bz2
	local-binenc-scripts/binary-analysis/opt-local-bin-splitindex.tar.bz2
	local-binenc-scripts/binary-analysis/opt-local-bin-sqlite3.tar.bz2
	local-binenc-scripts/binary-analysis/opt-local-bin-sqltex.tar.bz2
	local-binenc-scripts/binary-analysis/opt-local-bin-srcredact.tar.bz2
	local-binenc-scripts/binary-analysis/opt-local-bin-srptool.tar.bz2
	local-binenc-scripts/binary-analysis/opt-local-bin-ssltap.tar.bz2
	local-binenc-scripts/binary-analysis/opt-local-bin-stream.tar.bz2
	local-binenc-scripts/binary-analysis/opt-local-bin-streamzip-5.34.tar.bz2
	local-binenc-scripts/binary-analysis/opt-local-bin-strings.tar.bz2
	local-binenc-scripts/binary-analysis/opt-local-bin-strip.tar.bz2
	local-binenc-scripts/binary-analysis/opt-local-bin-strsclnt.tar.bz2
	local-binenc-scripts/binary-analysis/opt-local-bin-stunnel.tar.bz2
	local-binenc-scripts/binary-analysis/opt-local-bin-stunnel3.tar.bz2
	local-binenc-scripts/binary-analysis/opt-local-bin-sty2dtx.tar.bz2
	local-binenc-scripts/binary-analysis/opt-local-bin-sudo.tar.bz2
	local-binenc-scripts/binary-analysis/opt-local-bin-sudoedit.tar.bz2
	local-binenc-scripts/binary-analysis/opt-local-bin-sudoreplay.tar.bz2
	local-binenc-scripts/binary-analysis/opt-local-bin-sudosh-replay.tar.bz2
	local-binenc-scripts/binary-analysis/opt-local-bin-sudosh.tar.bz2
	local-binenc-scripts/binary-analysis/opt-local-bin-svn-multi.tar.bz2
	local-binenc-scripts/binary-analysis/opt-local-bin-svtav1dec.tar.bz2
	local-binenc-scripts/binary-analysis/opt-local-bin-svtav1enc.tar.bz2
	local-binenc-scripts/binary-analysis/opt-local-bin-swig.tar.bz2
	local-binenc-scripts/binary-analysis/opt-local-bin-sx.tar.bz2
	local-binenc-scripts/binary-analysis/opt-local-bin-sxpm.tar.bz2
	local-binenc-scripts/binary-analysis/opt-local-bin-symkeyutil.tar.bz2
	local-binenc-scripts/binary-analysis/opt-local-bin-synctex.tar.bz2
	local-binenc-scripts/binary-analysis/opt-local-bin-sz.tar.bz2
	local-binenc-scripts/binary-analysis/opt-local-bin-t4ht.tar.bz2
	local-binenc-scripts/binary-analysis/opt-local-bin-tabs.tar.bz2
	local-binenc-scripts/binary-analysis/opt-local-bin-tangle.tar.bz2
	local-binenc-scripts/binary-analysis/opt-local-bin-tcpdump.4.99.6.tar.bz2
	local-binenc-scripts/binary-analysis/opt-local-bin-tcpdump.tar.bz2
	local-binenc-scripts/binary-analysis/opt-local-bin-tcptraceroute.tar.bz2
	local-binenc-scripts/binary-analysis/opt-local-bin-tek2plot.tar.bz2
	local-binenc-scripts/binary-analysis/opt-local-bin-tesseract.tar.bz2
	local-binenc-scripts/binary-analysis/opt-local-bin-tests.tar.bz2
	local-binenc-scripts/binary-analysis/opt-local-bin-tex.tar.bz2
	local-binenc-scripts/binary-analysis/opt-local-bin-tex4ebook.tar.bz2
	local-binenc-scripts/binary-analysis/opt-local-bin-tex4ht.tar.bz2
	local-binenc-scripts/binary-analysis/opt-local-bin-texaccents.tar.bz2
	local-binenc-scripts/binary-analysis/opt-local-bin-texblend.tar.bz2
	local-binenc-scripts/binary-analysis/opt-local-bin-texconfig-dialog.tar.bz2
	local-binenc-scripts/binary-analysis/opt-local-bin-texconfig-sys.tar.bz2
	local-binenc-scripts/binary-analysis/opt-local-bin-texconfig.tar.bz2
	local-binenc-scripts/binary-analysis/opt-local-bin-texcount.tar.bz2
	local-binenc-scripts/binary-analysis/opt-local-bin-texdef.tar.bz2
	local-binenc-scripts/binary-analysis/opt-local-bin-texdiff.tar.bz2
	local-binenc-scripts/binary-analysis/opt-local-bin-texdirflatten.tar.bz2
	local-binenc-scripts/binary-analysis/opt-local-bin-texdoc.tar.bz2
	local-binenc-scripts/binary-analysis/opt-local-bin-texdoctk.tar.bz2
	local-binenc-scripts/binary-analysis/opt-local-bin-texfot.tar.bz2
	local-binenc-scripts/binary-analysis/opt-local-bin-texhash.tar.bz2
	local-binenc-scripts/binary-analysis/opt-local-bin-texi2any.tar.bz2
	local-binenc-scripts/binary-analysis/opt-local-bin-texi2dvi.tar.bz2
	local-binenc-scripts/binary-analysis/opt-local-bin-texi2pdf.tar.bz2
	local-binenc-scripts/binary-analysis/opt-local-bin-texindex.tar.bz2
	local-binenc-scripts/binary-analysis/opt-local-bin-texlinks.tar.bz2
	local-binenc-scripts/binary-analysis/opt-local-bin-texliveonfly.tar.bz2
	local-binenc-scripts/binary-analysis/opt-local-bin-texloganalyser.tar.bz2
	local-binenc-scripts/binary-analysis/opt-local-bin-texlogfilter.tar.bz2
	local-binenc-scripts/binary-analysis/opt-local-bin-texlogsieve.tar.bz2
	local-binenc-scripts/binary-analysis/opt-local-bin-texlua.tar.bz2
	local-binenc-scripts/binary-analysis/opt-local-bin-texluac.tar.bz2
	local-binenc-scripts/binary-analysis/opt-local-bin-texosquery-jre5.tar.bz2
	local-binenc-scripts/binary-analysis/opt-local-bin-texosquery-jre8.tar.bz2
	local-binenc-scripts/binary-analysis/opt-local-bin-texosquery.tar.bz2
	local-binenc-scripts/binary-analysis/opt-local-bin-texplate.tar.bz2
	local-binenc-scripts/binary-analysis/opt-local-bin-text2gif.tar.bz2
	local-binenc-scripts/binary-analysis/opt-local-bin-textestvis.tar.bz2
	local-binenc-scripts/binary-analysis/opt-local-bin-thumbpdf.tar.bz2
	local-binenc-scripts/binary-analysis/opt-local-bin-tic.tar.bz2
	local-binenc-scripts/binary-analysis/opt-local-bin-tie.tar.bz2
	local-binenc-scripts/binary-analysis/opt-local-bin-tiff2bw.tar.bz2
	local-binenc-scripts/binary-analysis/opt-local-bin-tiff2pdf.tar.bz2
	local-binenc-scripts/binary-analysis/opt-local-bin-tiff2ps.tar.bz2
	local-binenc-scripts/binary-analysis/opt-local-bin-tiff2rgba.tar.bz2
	local-binenc-scripts/binary-analysis/opt-local-bin-tiffcmp.tar.bz2
	local-binenc-scripts/binary-analysis/opt-local-bin-tiffcp.tar.bz2
	local-binenc-scripts/binary-analysis/opt-local-bin-tiffcrop.tar.bz2
	local-binenc-scripts/binary-analysis/opt-local-bin-tiffdither.tar.bz2
	local-binenc-scripts/binary-analysis/opt-local-bin-tiffdump.tar.bz2
	local-binenc-scripts/binary-analysis/opt-local-bin-tiffinfo.tar.bz2
	local-binenc-scripts/binary-analysis/opt-local-bin-tiffmedian.tar.bz2
	local-binenc-scripts/binary-analysis/opt-local-bin-tiffset.tar.bz2
	local-binenc-scripts/binary-analysis/opt-local-bin-tiffsplit.tar.bz2
	local-binenc-scripts/binary-analysis/opt-local-bin-tificc.tar.bz2
	local-binenc-scripts/binary-analysis/opt-local-bin-tikztosvg.tar.bz2
	local-binenc-scripts/binary-analysis/opt-local-bin-tjbench.tar.bz2
	local-binenc-scripts/binary-analysis/opt-local-bin-tkjpeg-5.34.tar.bz2
	local-binenc-scripts/binary-analysis/opt-local-bin-tlcockpit.tar.bz2
	local-binenc-scripts/binary-analysis/opt-local-bin-tlshell.tar.bz2
	local-binenc-scripts/binary-analysis/opt-local-bin-toe.tar.bz2
	local-binenc-scripts/binary-analysis/opt-local-bin-tpic2pdftex.tar.bz2
	local-binenc-scripts/binary-analysis/opt-local-bin-tput.tar.bz2
	local-binenc-scripts/binary-analysis/opt-local-bin-transicc.tar.bz2
	local-binenc-scripts/binary-analysis/opt-local-bin-trust.tar.bz2
	local-binenc-scripts/binary-analysis/opt-local-bin-tset.tar.bz2
	local-binenc-scripts/binary-analysis/opt-local-bin-tstclnt.tar.bz2
	local-binenc-scripts/binary-analysis/opt-local-bin-twill-refsort.tar.bz2
	local-binenc-scripts/binary-analysis/opt-local-bin-twill.tar.bz2
	local-binenc-scripts/binary-analysis/opt-local-bin-type1afm.tar.bz2
	local-binenc-scripts/binary-analysis/opt-local-bin-typeoutfileinfo.tar.bz2
	local-binenc-scripts/binary-analysis/opt-local-bin-typog-grep.tar.bz2
	local-binenc-scripts/binary-analysis/opt-local-bin-uconv.tar.bz2
	local-binenc-scripts/binary-analysis/opt-local-bin-ulqda.tar.bz2
	local-binenc-scripts/binary-analysis/opt-local-bin-unix-lpr.sh.tar.bz2
	local-binenc-scripts/binary-analysis/opt-local-bin-unlz4.tar.bz2
	local-binenc-scripts/binary-analysis/opt-local-bin-unlzma.tar.bz2
	local-binenc-scripts/binary-analysis/opt-local-bin-unprocessed_raw.tar.bz2
	local-binenc-scripts/binary-analysis/opt-local-bin-unxz.tar.bz2
	local-binenc-scripts/binary-analysis/opt-local-bin-unzip-mem.tar.bz2
	local-binenc-scripts/binary-analysis/opt-local-bin-unzstd.tar.bz2
	local-binenc-scripts/binary-analysis/opt-local-bin-unzzip-big.tar.bz2
	local-binenc-scripts/binary-analysis/opt-local-bin-unzzip-mem.tar.bz2
	local-binenc-scripts/binary-analysis/opt-local-bin-unzzip-mix.tar.bz2
	local-binenc-scripts/binary-analysis/opt-local-bin-unzzip.tar.bz2
	local-binenc-scripts/binary-analysis/opt-local-bin-update-mime-database-real.tar.bz2
	local-binenc-scripts/binary-analysis/opt-local-bin-update-mime-database.tar.bz2
	local-binenc-scripts/binary-analysis/opt-local-bin-updmap-sys.tar.bz2
	local-binenc-scripts/binary-analysis/opt-local-bin-updmap-user.tar.bz2
	local-binenc-scripts/binary-analysis/opt-local-bin-updmap.tar.bz2
	local-binenc-scripts/binary-analysis/opt-local-bin-upmendex.tar.bz2
	local-binenc-scripts/binary-analysis/opt-local-bin-uriparse.tar.bz2
	local-binenc-scripts/binary-analysis/opt-local-bin-uuclient.tar.bz2
	local-binenc-scripts/binary-analysis/opt-local-bin-uxterm.tar.bz2
	local-binenc-scripts/binary-analysis/opt-local-bin-validation.tar.bz2
	local-binenc-scripts/binary-analysis/opt-local-bin-verify-uselistorder-mp-12.tar.bz2
	local-binenc-scripts/binary-analysis/opt-local-bin-verify-uselistorder-mp-13.tar.bz2
	local-binenc-scripts/binary-analysis/opt-local-bin-vfychain.tar.bz2
	local-binenc-scripts/binary-analysis/opt-local-bin-vfyserv.tar.bz2
	local-binenc-scripts/binary-analysis/opt-local-bin-vpe.tar.bz2
	local-binenc-scripts/binary-analysis/opt-local-bin-vwebp.tar.bz2
	local-binenc-scripts/binary-analysis/opt-local-bin-wasm-ld-mp-13.tar.bz2
	local-binenc-scripts/binary-analysis/opt-local-bin-watchgnupg.tar.bz2
	local-binenc-scripts/binary-analysis/opt-local-bin-wcurl.tar.bz2
	local-binenc-scripts/binary-analysis/opt-local-bin-weave.tar.bz2
	local-binenc-scripts/binary-analysis/opt-local-bin-webpinfo.tar.bz2
	local-binenc-scripts/binary-analysis/opt-local-bin-webpmux.tar.bz2
	local-binenc-scripts/binary-analysis/opt-local-bin-webpng.tar.bz2
	local-binenc-scripts/binary-analysis/opt-local-bin-webquiz.tar.bz2
	local-binenc-scripts/binary-analysis/opt-local-bin-wget.tar.bz2
	local-binenc-scripts/binary-analysis/opt-local-bin-wheel-3.13.tar.bz2
	local-binenc-scripts/binary-analysis/opt-local-bin-widget-5.34.tar.bz2
	local-binenc-scripts/binary-analysis/opt-local-bin-woff2_compress.tar.bz2
	local-binenc-scripts/binary-analysis/opt-local-bin-woff2_decompress.tar.bz2
	local-binenc-scripts/binary-analysis/opt-local-bin-woff2_info.tar.bz2
	local-binenc-scripts/binary-analysis/opt-local-bin-wordcount.tar.bz2
	local-binenc-scripts/binary-analysis/opt-local-bin-wrjpgcom.tar.bz2
	local-binenc-scripts/binary-analysis/opt-local-bin-x265.tar.bz2
	local-binenc-scripts/binary-analysis/opt-local-bin-xar.tar.bz2
	local-binenc-scripts/binary-analysis/opt-local-bin-xdvi.tar.bz2
	local-binenc-scripts/binary-analysis/opt-local-bin-xdvipdfmx.tar.bz2
	local-binenc-scripts/binary-analysis/opt-local-bin-xev.tar.bz2
	local-binenc-scripts/binary-analysis/opt-local-bin-xgettext.tar.bz2
	local-binenc-scripts/binary-analysis/opt-local-bin-xhlatex.tar.bz2
	local-binenc-scripts/binary-analysis/opt-local-bin-xindex.tar.bz2
	local-binenc-scripts/binary-analysis/opt-local-bin-xkbcli.tar.bz2
	local-binenc-scripts/binary-analysis/opt-local-bin-xkbcomp.tar.bz2
	local-binenc-scripts/binary-analysis/opt-local-bin-xminicom.tar.bz2
	local-binenc-scripts/binary-analysis/opt-local-bin-xml2-config.tar.bz2
	local-binenc-scripts/binary-analysis/opt-local-bin-xmlcatalog.tar.bz2
	local-binenc-scripts/binary-analysis/opt-local-bin-xmlcatmgr.tar.bz2
	local-binenc-scripts/binary-analysis/opt-local-bin-xmllint.tar.bz2
	local-binenc-scripts/binary-analysis/opt-local-bin-xmlwf.tar.bz2
	local-binenc-scripts/binary-analysis/opt-local-bin-xslt-config.tar.bz2
	local-binenc-scripts/binary-analysis/opt-local-bin-xsltproc.tar.bz2
	local-binenc-scripts/binary-analysis/opt-local-bin-xsubpp-5.34.tar.bz2
	local-binenc-scripts/binary-analysis/opt-local-bin-xsubpp.tar.bz2
	local-binenc-scripts/binary-analysis/opt-local-bin-xterm.tar.bz2
	local-binenc-scripts/binary-analysis/opt-local-bin-xtractprotos.tar.bz2
	local-binenc-scripts/binary-analysis/opt-local-bin-xz.tar.bz2
	local-binenc-scripts/binary-analysis/opt-local-bin-xzcat.tar.bz2
	local-binenc-scripts/binary-analysis/opt-local-bin-xzcmp.tar.bz2
	local-binenc-scripts/binary-analysis/opt-local-bin-xzdec.tar.bz2
	local-binenc-scripts/binary-analysis/opt-local-bin-xzdiff.tar.bz2
	local-binenc-scripts/binary-analysis/opt-local-bin-xzegrep.tar.bz2
	local-binenc-scripts/binary-analysis/opt-local-bin-xzfgrep.tar.bz2
	local-binenc-scripts/binary-analysis/opt-local-bin-xzgrep.tar.bz2
	local-binenc-scripts/binary-analysis/opt-local-bin-xzless.tar.bz2
	local-binenc-scripts/binary-analysis/opt-local-bin-xzmore.tar.bz2
	local-binenc-scripts/binary-analysis/opt-local-bin-yacc.tar.bz2
	local-binenc-scripts/binary-analysis/opt-local-bin-yat2m.tar.bz2
	local-binenc-scripts/binary-analysis/opt-local-bin-yplan.tar.bz2
	local-binenc-scripts/binary-analysis/opt-local-bin-yuv-distortion.tar.bz2
	local-binenc-scripts/binary-analysis/opt-local-bin-zipcmp.tar.bz2
	local-binenc-scripts/binary-analysis/opt-local-bin-zipdetails-5.34.tar.bz2
	local-binenc-scripts/binary-analysis/opt-local-bin-zipdetails.tar.bz2
	local-binenc-scripts/binary-analysis/opt-local-bin-zipmerge.tar.bz2
	local-binenc-scripts/binary-analysis/opt-local-bin-ziptool.tar.bz2
	local-binenc-scripts/binary-analysis/opt-local-bin-zstd.tar.bz2
	local-binenc-scripts/binary-analysis/opt-local-bin-zstdcat.tar.bz2
	local-binenc-scripts/binary-analysis/opt-local-bin-zstdgrep.tar.bz2
	local-binenc-scripts/binary-analysis/opt-local-bin-zstdless.tar.bz2
	local-binenc-scripts/binary-analysis/opt-local-bin-zstdmt.tar.bz2
	local-binenc-scripts/binary-analysis/opt-local-bin-zzcat.tar.bz2
	local-binenc-scripts/binary-analysis/opt-local-bin-zzdir.tar.bz2
	local-binenc-scripts/binary-analysis/opt-local-bin-zzxorcat.tar.bz2
	local-binenc-scripts/binary-analysis/opt-local-bin-zzxorcopy.tar.bz2
	local-binenc-scripts/binary-analysis/opt-local-bin-zzxordir.tar.bz2
	local-binenc-scripts/binary-analysis/opt-local-sbin-addgnupghome.tar.bz2
	local-binenc-scripts/binary-analysis/opt-local-sbin-applygnupgdefaults.tar.bz2
	local-binenc-scripts/binary-analysis/opt-local-sbin-darkstat.tar.bz2
	local-binenc-scripts/binary-analysis/opt-local-sbin-escapesrc.tar.bz2
	local-binenc-scripts/binary-analysis/opt-local-sbin-genccode.tar.bz2
	local-binenc-scripts/binary-analysis/opt-local-sbin-gencmn.tar.bz2
	local-binenc-scripts/binary-analysis/opt-local-sbin-gennorm2.tar.bz2
	local-binenc-scripts/binary-analysis/opt-local-sbin-gensprep.tar.bz2
	local-binenc-scripts/binary-analysis/opt-local-sbin-gss-server.tar.bz2
	local-binenc-scripts/binary-analysis/opt-local-sbin-icupkg.tar.bz2
	local-binenc-scripts/binary-analysis/opt-local-sbin-kadmin.local.tar.bz2
	local-binenc-scripts/binary-analysis/opt-local-sbin-kadmind.tar.bz2
	local-binenc-scripts/binary-analysis/opt-local-sbin-kdb5_util.tar.bz2
	local-binenc-scripts/binary-analysis/opt-local-sbin-kprop.tar.bz2
	local-binenc-scripts/binary-analysis/opt-local-sbin-kpropd.tar.bz2
	local-binenc-scripts/binary-analysis/opt-local-sbin-kproplog.tar.bz2
	local-binenc-scripts/binary-analysis/opt-local-sbin-krb5-send-pr.tar.bz2
	local-binenc-scripts/binary-analysis/opt-local-sbin-krb5kdc.tar.bz2
	local-binenc-scripts/binary-analysis/opt-local-sbin-ntp-wait.tar.bz2
	local-binenc-scripts/binary-analysis/opt-local-sbin-ntpd.tar.bz2
	local-binenc-scripts/binary-analysis/opt-local-sbin-ntpdate.tar.bz2
	local-binenc-scripts/binary-analysis/opt-local-sbin-ntpdc.tar.bz2
	local-binenc-scripts/binary-analysis/opt-local-sbin-ntptime.tar.bz2
	local-binenc-scripts/binary-analysis/opt-local-sbin-ntptrace.tar.bz2
	local-binenc-scripts/binary-analysis/opt-local-sbin-pluginviewer.tar.bz2
	local-binenc-scripts/binary-analysis/opt-local-sbin-pwcheck.tar.bz2
	local-binenc-scripts/binary-analysis/opt-local-sbin-safe_finger.tar.bz2
	local-binenc-scripts/binary-analysis/opt-local-sbin-saslauthd.tar.bz2
	local-binenc-scripts/binary-analysis/opt-local-sbin-sasldblistusers2.tar.bz2
	local-binenc-scripts/binary-analysis/opt-local-sbin-saslpasswd2.tar.bz2
	local-binenc-scripts/binary-analysis/opt-local-sbin-sim_server.tar.bz2
	local-binenc-scripts/binary-analysis/opt-local-sbin-slapacl.tar.bz2
	local-binenc-scripts/binary-analysis/opt-local-sbin-slapadd.tar.bz2
	local-binenc-scripts/binary-analysis/opt-local-sbin-slapauth.tar.bz2
	local-binenc-scripts/binary-analysis/opt-local-sbin-slapcat.tar.bz2
	local-binenc-scripts/binary-analysis/opt-local-sbin-slapdn.tar.bz2
	local-binenc-scripts/binary-analysis/opt-local-sbin-slapindex.tar.bz2
	local-binenc-scripts/binary-analysis/opt-local-sbin-slapmodify.tar.bz2
	local-binenc-scripts/binary-analysis/opt-local-sbin-slappasswd.tar.bz2
	local-binenc-scripts/binary-analysis/opt-local-sbin-slapschema.tar.bz2
	local-binenc-scripts/binary-analysis/opt-local-sbin-slaptest.tar.bz2
	local-binenc-scripts/binary-analysis/opt-local-sbin-sserver.tar.bz2
	local-binenc-scripts/binary-analysis/opt-local-sbin-sudo_logsrvd.tar.bz2
	local-binenc-scripts/binary-analysis/opt-local-sbin-sudo_sendlog.tar.bz2
	local-binenc-scripts/binary-analysis/opt-local-sbin-tcpdchk.tar.bz2
	local-binenc-scripts/binary-analysis/opt-local-sbin-tcpdmatch.tar.bz2
	local-binenc-scripts/binary-analysis/opt-local-sbin-testsaslauthd.tar.bz2
	local-binenc-scripts/binary-analysis/opt-local-sbin-traceroute.tar.bz2
	local-binenc-scripts/binary-analysis/opt-local-sbin-try-from.tar.bz2
	local-binenc-scripts/binary-analysis/opt-local-sbin-update-leap.tar.bz2
	local-binenc-scripts/binary-analysis/opt-local-sbin-uuserver.tar.bz2
	local-binenc-scripts/binary-analysis/opt-local-sbin-visudo.tar.bz2
	local-binenc-scripts/binary-analysis/opt-local-sbin-wireshark-chmodbpf.tar.bz2
	local-binenc-scripts/binary-analysis/opt-local-x86_64-apple-darwin21.6.0-bin-ar.tar.bz2
	local-binenc-scripts/binary-analysis/opt-local-x86_64-apple-darwin21.6.0-bin-nm.tar.bz2
	local-binenc-scripts/binary-analysis/opt-local-x86_64-apple-darwin21.6.0-bin-objcopy.tar.bz2
	local-binenc-scripts/binary-analysis/opt-local-x86_64-apple-darwin21.6.0-bin-objdump.tar.bz2
	local-binenc-scripts/binary-analysis/opt-local-x86_64-apple-darwin21.6.0-bin-ranlib.tar.bz2
	local-binenc-scripts/binary-analysis/opt-local-x86_64-apple-darwin21.6.0-bin-readelf.tar.bz2
	local-binenc-scripts/binary-analysis/opt-local-x86_64-apple-darwin21.6.0-bin-strip.tar.bz2
	local-binenc-scripts/binary-analysis/sbin-apfs_hfs_convert.tar.bz2
	local-binenc-scripts/binary-analysis/sbin-apfs_unlockfv.tar.bz2
	local-binenc-scripts/binary-analysis/sbin-disklabel.tar.bz2
	local-binenc-scripts/binary-analysis/sbin-dmesg.tar.bz2
	local-binenc-scripts/binary-analysis/sbin-dynamic_pager.tar.bz2
	local-binenc-scripts/binary-analysis/sbin-emond.tar.bz2
	local-binenc-scripts/binary-analysis/sbin-fibreconfig.tar.bz2
	local-binenc-scripts/binary-analysis/sbin-fsck.tar.bz2
	local-binenc-scripts/binary-analysis/sbin-fsck_apfs.tar.bz2
	local-binenc-scripts/binary-analysis/sbin-fsck_cs.tar.bz2
	local-binenc-scripts/binary-analysis/sbin-fsck_exfat.tar.bz2
	local-binenc-scripts/binary-analysis/sbin-fsck_hfs.tar.bz2
	local-binenc-scripts/binary-analysis/sbin-fsck_msdos.tar.bz2
	local-binenc-scripts/binary-analysis/sbin-fsck_udf.tar.bz2
	local-binenc-scripts/binary-analysis/sbin-fstyp.tar.bz2
	local-binenc-scripts/binary-analysis/sbin-fstyp_hfs.tar.bz2
	local-binenc-scripts/binary-analysis/sbin-fstyp_msdos.tar.bz2
	local-binenc-scripts/binary-analysis/sbin-fstyp_ntfs.tar.bz2
	local-binenc-scripts/binary-analysis/sbin-fstyp_udf.tar.bz2
	local-binenc-scripts/binary-analysis/sbin-halt.tar.bz2
	local-binenc-scripts/binary-analysis/sbin-ifconfig.tar.bz2
	local-binenc-scripts/binary-analysis/sbin-kextload.tar.bz2
	local-binenc-scripts/binary-analysis/sbin-kextunload.tar.bz2
	local-binenc-scripts/binary-analysis/sbin-launchd.tar.bz2
	local-binenc-scripts/binary-analysis/sbin-md5.tar.bz2
	local-binenc-scripts/binary-analysis/sbin-mknod.tar.bz2
	local-binenc-scripts/binary-analysis/sbin-mount.tar.bz2
	local-binenc-scripts/binary-analysis/sbin-mount_9p.tar.bz2
	local-binenc-scripts/binary-analysis/sbin-mount_acfs.tar.bz2
	local-binenc-scripts/binary-analysis/sbin-mount_afp.tar.bz2
	local-binenc-scripts/binary-analysis/sbin-mount_apfs.tar.bz2
	local-binenc-scripts/binary-analysis/sbin-mount_cd9660.tar.bz2
	local-binenc-scripts/binary-analysis/sbin-mount_cddafs.tar.bz2
	local-binenc-scripts/binary-analysis/sbin-mount_devfs.tar.bz2
	local-binenc-scripts/binary-analysis/sbin-mount_exfat.tar.bz2
	local-binenc-scripts/binary-analysis/sbin-mount_fdesc.tar.bz2
	local-binenc-scripts/binary-analysis/sbin-mount_ftp.tar.bz2
	local-binenc-scripts/binary-analysis/sbin-mount_hfs.tar.bz2
	local-binenc-scripts/binary-analysis/sbin-mount_lifs.tar.bz2
	local-binenc-scripts/binary-analysis/sbin-mount_msdos.tar.bz2
	local-binenc-scripts/binary-analysis/sbin-mount_nfs.tar.bz2
	local-binenc-scripts/binary-analysis/sbin-mount_ntfs.tar.bz2
	local-binenc-scripts/binary-analysis/sbin-mount_smbfs.tar.bz2
	local-binenc-scripts/binary-analysis/sbin-mount_tmpfs.tar.bz2
	local-binenc-scripts/binary-analysis/sbin-mount_udf.tar.bz2
	local-binenc-scripts/binary-analysis/sbin-mount_webdav.tar.bz2
	local-binenc-scripts/binary-analysis/sbin-mpioutil.tar.bz2
	local-binenc-scripts/binary-analysis/sbin-newfs_apfs.tar.bz2
	local-binenc-scripts/binary-analysis/sbin-newfs_exfat.tar.bz2
	local-binenc-scripts/binary-analysis/sbin-newfs_hfs.tar.bz2
	local-binenc-scripts/binary-analysis/sbin-newfs_msdos.tar.bz2
	local-binenc-scripts/binary-analysis/sbin-newfs_udf.tar.bz2
	local-binenc-scripts/binary-analysis/sbin-nfsd.tar.bz2
	local-binenc-scripts/binary-analysis/sbin-nfsiod.tar.bz2
	local-binenc-scripts/binary-analysis/sbin-nologin.tar.bz2
	local-binenc-scripts/binary-analysis/sbin-pfctl.tar.bz2
	local-binenc-scripts/binary-analysis/sbin-ping.tar.bz2
	local-binenc-scripts/binary-analysis/sbin-ping6.tar.bz2
	local-binenc-scripts/binary-analysis/sbin-quotacheck.tar.bz2
	local-binenc-scripts/binary-analysis/sbin-reboot.tar.bz2
	local-binenc-scripts/binary-analysis/sbin-route.tar.bz2
	local-binenc-scripts/binary-analysis/sbin-shutdown.tar.bz2
	local-binenc-scripts/binary-analysis/sbin-umount.tar.bz2
	local-binenc-scripts/binary-analysis/usr-bin-AssetCacheLocatorUtil.tar.bz2
	local-binenc-scripts/binary-analysis/usr-bin-AssetCacheManagerUtil.tar.bz2
	local-binenc-scripts/binary-analysis/usr-bin-AssetCacheTetheratorUtil.tar.bz2
	local-binenc-scripts/binary-analysis/usr-bin-DeRez.tar.bz2
	local-binenc-scripts/binary-analysis/usr-bin-GetFileInfo.tar.bz2
	local-binenc-scripts/binary-analysis/usr-bin-IOAccelMemory.tar.bz2
	local-binenc-scripts/binary-analysis/usr-bin-IOMFB_FDR_Loader.tar.bz2
	local-binenc-scripts/binary-analysis/usr-bin-ResMerger.tar.bz2
	local-binenc-scripts/binary-analysis/usr-bin-Rez.tar.bz2
	local-binenc-scripts/binary-analysis/usr-bin-SafeEjectGPU.tar.bz2
	local-binenc-scripts/binary-analysis/usr-bin-SetFile.tar.bz2
	local-binenc-scripts/binary-analysis/usr-bin-SplitForks.tar.bz2
	local-binenc-scripts/binary-analysis/usr-bin-a2p.tar.bz2
	local-binenc-scripts/binary-analysis/usr-bin-aa.tar.bz2
	local-binenc-scripts/binary-analysis/usr-bin-actool.tar.bz2
	local-binenc-scripts/binary-analysis/usr-bin-addftinfo.tar.bz2
	local-binenc-scripts/binary-analysis/usr-bin-aea.tar.bz2
	local-binenc-scripts/binary-analysis/usr-bin-afclip.tar.bz2
	local-binenc-scripts/binary-analysis/usr-bin-afconvert.tar.bz2
	local-binenc-scripts/binary-analysis/usr-bin-afhash.tar.bz2
	local-binenc-scripts/binary-analysis/usr-bin-afida.tar.bz2
	local-binenc-scripts/binary-analysis/usr-bin-afinfo.tar.bz2
	local-binenc-scripts/binary-analysis/usr-bin-afktool.tar.bz2
	local-binenc-scripts/binary-analysis/usr-bin-afmtodit.tar.bz2
	local-binenc-scripts/binary-analysis/usr-bin-afplay.tar.bz2
	local-binenc-scripts/binary-analysis/usr-bin-afscexpand.tar.bz2
	local-binenc-scripts/binary-analysis/usr-bin-agentxtrap.tar.bz2
	local-binenc-scripts/binary-analysis/usr-bin-agvtool.tar.bz2
	local-binenc-scripts/binary-analysis/usr-bin-alias.tar.bz2
	local-binenc-scripts/binary-analysis/usr-bin-app-sso.tar.bz2
	local-binenc-scripts/binary-analysis/usr-bin-applesingle.tar.bz2
	local-binenc-scripts/binary-analysis/usr-bin-appletviewer.tar.bz2
	local-binenc-scripts/binary-analysis/usr-bin-apply.tar.bz2
	local-binenc-scripts/binary-analysis/usr-bin-apropos.tar.bz2
	local-binenc-scripts/binary-analysis/usr-bin-apt.tar.bz2
	local-binenc-scripts/binary-analysis/usr-bin-ar.tar.bz2
	local-binenc-scripts/binary-analysis/usr-bin-arch.tar.bz2
	local-binenc-scripts/binary-analysis/usr-bin-as.tar.bz2
	local-binenc-scripts/binary-analysis/usr-bin-asa.tar.bz2
	local-binenc-scripts/binary-analysis/usr-bin-assetutil.tar.bz2
	local-binenc-scripts/binary-analysis/usr-bin-at.tar.bz2
	local-binenc-scripts/binary-analysis/usr-bin-atos.tar.bz2
	local-binenc-scripts/binary-analysis/usr-bin-atq.tar.bz2
	local-binenc-scripts/binary-analysis/usr-bin-atrm.tar.bz2
	local-binenc-scripts/binary-analysis/usr-bin-atsutil.tar.bz2
	local-binenc-scripts/binary-analysis/usr-bin-automationmodetool.tar.bz2
	local-binenc-scripts/binary-analysis/usr-bin-automator.tar.bz2
	local-binenc-scripts/binary-analysis/usr-bin-auval.tar.bz2
	local-binenc-scripts/binary-analysis/usr-bin-auvaltool.tar.bz2
	local-binenc-scripts/binary-analysis/usr-bin-avbdiagnose.tar.bz2
	local-binenc-scripts/binary-analysis/usr-bin-avbutil.tar.bz2
	local-binenc-scripts/binary-analysis/usr-bin-avconvert.tar.bz2
	local-binenc-scripts/binary-analysis/usr-bin-avmediainfo.tar.bz2
	local-binenc-scripts/binary-analysis/usr-bin-avmetareadwrite.tar.bz2
	local-binenc-scripts/binary-analysis/usr-bin-awk.tar.bz2
	local-binenc-scripts/binary-analysis/usr-bin-banner.tar.bz2
	local-binenc-scripts/binary-analysis/usr-bin-base64.tar.bz2
	local-binenc-scripts/binary-analysis/usr-bin-basename.tar.bz2
	local-binenc-scripts/binary-analysis/usr-bin-bashbug.tar.bz2
	local-binenc-scripts/binary-analysis/usr-bin-batch.tar.bz2
	local-binenc-scripts/binary-analysis/usr-bin-bc.tar.bz2
	local-binenc-scripts/binary-analysis/usr-bin-bg.tar.bz2
	local-binenc-scripts/binary-analysis/usr-bin-biff.tar.bz2
	local-binenc-scripts/binary-analysis/usr-bin-binhex.pl.tar.bz2
	local-binenc-scripts/binary-analysis/usr-bin-binhex.tar.bz2
	local-binenc-scripts/binary-analysis/usr-bin-binhex5.18.pl.tar.bz2
	local-binenc-scripts/binary-analysis/usr-bin-binhex5.30.pl.tar.bz2
	local-binenc-scripts/binary-analysis/usr-bin-bioutil.tar.bz2
	local-binenc-scripts/binary-analysis/usr-bin-bison.tar.bz2
	local-binenc-scripts/binary-analysis/usr-bin-bitesize.d.tar.bz2
	local-binenc-scripts/binary-analysis/usr-bin-bputil.tar.bz2
	local-binenc-scripts/binary-analysis/usr-bin-brctl.tar.bz2
	local-binenc-scripts/binary-analysis/usr-bin-bsdtar.tar.bz2
	local-binenc-scripts/binary-analysis/usr-bin-bspatch.tar.bz2
	local-binenc-scripts/binary-analysis/usr-bin-bundle.tar.bz2
	local-binenc-scripts/binary-analysis/usr-bin-bundler.tar.bz2
	local-binenc-scripts/binary-analysis/usr-bin-bunzip2.tar.bz2
	local-binenc-scripts/binary-analysis/usr-bin-bzcat.tar.bz2
	local-binenc-scripts/binary-analysis/usr-bin-bzcmp.tar.bz2
	local-binenc-scripts/binary-analysis/usr-bin-bzdiff.tar.bz2
	local-binenc-scripts/binary-analysis/usr-bin-bzegrep.tar.bz2
	local-binenc-scripts/binary-analysis/usr-bin-bzfgrep.tar.bz2
	local-binenc-scripts/binary-analysis/usr-bin-bzgrep.tar.bz2
	local-binenc-scripts/binary-analysis/usr-bin-bzip2.tar.bz2
	local-binenc-scripts/binary-analysis/usr-bin-bzip2recover.tar.bz2
	local-binenc-scripts/binary-analysis/usr-bin-bzless.tar.bz2
	local-binenc-scripts/binary-analysis/usr-bin-bzmore.tar.bz2
	local-binenc-scripts/binary-analysis/usr-bin-c++.tar.bz2
	local-binenc-scripts/binary-analysis/usr-bin-c++filt.tar.bz2
	local-binenc-scripts/binary-analysis/usr-bin-c2ph.tar.bz2
	local-binenc-scripts/binary-analysis/usr-bin-c89.tar.bz2
	local-binenc-scripts/binary-analysis/usr-bin-c99.tar.bz2
	local-binenc-scripts/binary-analysis/usr-bin-caffeinate.tar.bz2
	local-binenc-scripts/binary-analysis/usr-bin-cal.tar.bz2
	local-binenc-scripts/binary-analysis/usr-bin-calendar.tar.bz2
	local-binenc-scripts/binary-analysis/usr-bin-cancel.tar.bz2
	local-binenc-scripts/binary-analysis/usr-bin-cap_mkdb.tar.bz2
	local-binenc-scripts/binary-analysis/usr-bin-captoinfo.tar.bz2
	local-binenc-scripts/binary-analysis/usr-bin-cc.tar.bz2
	local-binenc-scripts/binary-analysis/usr-bin-cd.tar.bz2
	local-binenc-scripts/binary-analysis/usr-bin-certtool.tar.bz2
	local-binenc-scripts/binary-analysis/usr-bin-checknr.tar.bz2
	local-binenc-scripts/binary-analysis/usr-bin-chflags.tar.bz2
	local-binenc-scripts/binary-analysis/usr-bin-chfn.tar.bz2
	local-binenc-scripts/binary-analysis/usr-bin-chgrp.tar.bz2
	local-binenc-scripts/binary-analysis/usr-bin-chpass.tar.bz2
	local-binenc-scripts/binary-analysis/usr-bin-chsh.tar.bz2
	local-binenc-scripts/binary-analysis/usr-bin-cksum.tar.bz2
	local-binenc-scripts/binary-analysis/usr-bin-clang++.tar.bz2
	local-binenc-scripts/binary-analysis/usr-bin-clang.tar.bz2
	local-binenc-scripts/binary-analysis/usr-bin-clangd.tar.bz2
	local-binenc-scripts/binary-analysis/usr-bin-clear.tar.bz2
	local-binenc-scripts/binary-analysis/usr-bin-cmp.tar.bz2
	local-binenc-scripts/binary-analysis/usr-bin-cmpdylib.tar.bz2
	local-binenc-scripts/binary-analysis/usr-bin-codecctl.tar.bz2
	local-binenc-scripts/binary-analysis/usr-bin-codesign.tar.bz2
	local-binenc-scripts/binary-analysis/usr-bin-codesign_allocate.tar.bz2
	local-binenc-scripts/binary-analysis/usr-bin-col.tar.bz2
	local-binenc-scripts/binary-analysis/usr-bin-colcrt.tar.bz2
	local-binenc-scripts/binary-analysis/usr-bin-colldef.tar.bz2
	local-binenc-scripts/binary-analysis/usr-bin-colrm.tar.bz2
	local-binenc-scripts/binary-analysis/usr-bin-column.tar.bz2
	local-binenc-scripts/binary-analysis/usr-bin-comm.tar.bz2
	local-binenc-scripts/binary-analysis/usr-bin-command.tar.bz2
	local-binenc-scripts/binary-analysis/usr-bin-compress.tar.bz2
	local-binenc-scripts/binary-analysis/usr-bin-compression_tool.tar.bz2
	local-binenc-scripts/binary-analysis/usr-bin-config_data.tar.bz2
	local-binenc-scripts/binary-analysis/usr-bin-config_data5.30.tar.bz2
	local-binenc-scripts/binary-analysis/usr-bin-corelist.tar.bz2
	local-binenc-scripts/binary-analysis/usr-bin-corelist5.18.tar.bz2
	local-binenc-scripts/binary-analysis/usr-bin-corelist5.30.tar.bz2
	local-binenc-scripts/binary-analysis/usr-bin-cpan.tar.bz2
	local-binenc-scripts/binary-analysis/usr-bin-cpan2dist.tar.bz2
	local-binenc-scripts/binary-analysis/usr-bin-cpan5.18.tar.bz2
	local-binenc-scripts/binary-analysis/usr-bin-cpan5.30.tar.bz2
	local-binenc-scripts/binary-analysis/usr-bin-cpanp-run-perl.tar.bz2
	local-binenc-scripts/binary-analysis/usr-bin-cpanp.tar.bz2
	local-binenc-scripts/binary-analysis/usr-bin-cpio.tar.bz2
	local-binenc-scripts/binary-analysis/usr-bin-cpp.tar.bz2
	local-binenc-scripts/binary-analysis/usr-bin-cpu_profiler.d.tar.bz2
	local-binenc-scripts/binary-analysis/usr-bin-cpuctl.tar.bz2
	local-binenc-scripts/binary-analysis/usr-bin-cpuwalk.d.tar.bz2
	local-binenc-scripts/binary-analysis/usr-bin-crc32.tar.bz2
	local-binenc-scripts/binary-analysis/usr-bin-crc325.18.tar.bz2
	local-binenc-scripts/binary-analysis/usr-bin-crc325.30.tar.bz2
	local-binenc-scripts/binary-analysis/usr-bin-creatbyproc.d.tar.bz2
	local-binenc-scripts/binary-analysis/usr-bin-crlrefresh.tar.bz2
	local-binenc-scripts/binary-analysis/usr-bin-crontab.tar.bz2
	local-binenc-scripts/binary-analysis/usr-bin-csplit.tar.bz2
	local-binenc-scripts/binary-analysis/usr-bin-csreq.tar.bz2
	local-binenc-scripts/binary-analysis/usr-bin-csrutil.tar.bz2
	local-binenc-scripts/binary-analysis/usr-bin-ctags.tar.bz2
	local-binenc-scripts/binary-analysis/usr-bin-ctf_insert.tar.bz2
	local-binenc-scripts/binary-analysis/usr-bin-cu.tar.bz2
	local-binenc-scripts/binary-analysis/usr-bin-cups-config.tar.bz2
	local-binenc-scripts/binary-analysis/usr-bin-cupstestppd.tar.bz2
	local-binenc-scripts/binary-analysis/usr-bin-curl-config.tar.bz2
	local-binenc-scripts/binary-analysis/usr-bin-curl.tar.bz2
	local-binenc-scripts/binary-analysis/usr-bin-cut.tar.bz2
	local-binenc-scripts/binary-analysis/usr-bin-cvaffinity.tar.bz2
	local-binenc-scripts/binary-analysis/usr-bin-cvcp.tar.bz2
	local-binenc-scripts/binary-analysis/usr-bin-cvmkdir.tar.bz2
	local-binenc-scripts/binary-analysis/usr-bin-cvmkfile.tar.bz2
	local-binenc-scripts/binary-analysis/usr-bin-dappprof.tar.bz2
	local-binenc-scripts/binary-analysis/usr-bin-dapptrace.tar.bz2
	local-binenc-scripts/binary-analysis/usr-bin-db_archive.tar.bz2
	local-binenc-scripts/binary-analysis/usr-bin-db_checkpoint.tar.bz2
	local-binenc-scripts/binary-analysis/usr-bin-db_codegen.tar.bz2
	local-binenc-scripts/binary-analysis/usr-bin-db_deadlock.tar.bz2
	local-binenc-scripts/binary-analysis/usr-bin-db_dump.tar.bz2
	local-binenc-scripts/binary-analysis/usr-bin-db_hotbackup.tar.bz2
	local-binenc-scripts/binary-analysis/usr-bin-db_load.tar.bz2
	local-binenc-scripts/binary-analysis/usr-bin-db_printlog.tar.bz2
	local-binenc-scripts/binary-analysis/usr-bin-db_recover.tar.bz2
	local-binenc-scripts/binary-analysis/usr-bin-db_stat.tar.bz2
	local-binenc-scripts/binary-analysis/usr-bin-db_upgrade.tar.bz2
	local-binenc-scripts/binary-analysis/usr-bin-db_verify.tar.bz2
	local-binenc-scripts/binary-analysis/usr-bin-dbicadmin.tar.bz2
	local-binenc-scripts/binary-analysis/usr-bin-dbicadmin5.18.tar.bz2
	local-binenc-scripts/binary-analysis/usr-bin-dbicadmin5.30.tar.bz2
	local-binenc-scripts/binary-analysis/usr-bin-dbilogstrip.tar.bz2
	local-binenc-scripts/binary-analysis/usr-bin-dbilogstrip5.18.tar.bz2
	local-binenc-scripts/binary-analysis/usr-bin-dbilogstrip5.30.tar.bz2
	local-binenc-scripts/binary-analysis/usr-bin-dbiprof.tar.bz2
	local-binenc-scripts/binary-analysis/usr-bin-dbiprof5.18.tar.bz2
	local-binenc-scripts/binary-analysis/usr-bin-dbiprof5.30.tar.bz2
	local-binenc-scripts/binary-analysis/usr-bin-dbiproxy.tar.bz2
	local-binenc-scripts/binary-analysis/usr-bin-dbiproxy5.18.tar.bz2
	local-binenc-scripts/binary-analysis/usr-bin-dbiproxy5.30.tar.bz2
	local-binenc-scripts/binary-analysis/usr-bin-dc.tar.bz2
	local-binenc-scripts/binary-analysis/usr-bin-debinhex.pl.tar.bz2
	local-binenc-scripts/binary-analysis/usr-bin-debinhex5.18.pl.tar.bz2
	local-binenc-scripts/binary-analysis/usr-bin-debinhex5.30.pl.tar.bz2
	local-binenc-scripts/binary-analysis/usr-bin-defaults.tar.bz2
	local-binenc-scripts/binary-analysis/usr-bin-delv.tar.bz2
	local-binenc-scripts/binary-analysis/usr-bin-demandoc.tar.bz2
	local-binenc-scripts/binary-analysis/usr-bin-derq.tar.bz2
	local-binenc-scripts/binary-analysis/usr-bin-desdp.tar.bz2
	local-binenc-scripts/binary-analysis/usr-bin-diagnose-fu.tar.bz2
	local-binenc-scripts/binary-analysis/usr-bin-diff.tar.bz2
	local-binenc-scripts/binary-analysis/usr-bin-diff3.tar.bz2
	local-binenc-scripts/binary-analysis/usr-bin-diffstat.tar.bz2
	local-binenc-scripts/binary-analysis/usr-bin-dig.tar.bz2
	local-binenc-scripts/binary-analysis/usr-bin-dirname.tar.bz2
	local-binenc-scripts/binary-analysis/usr-bin-dispqlen.d.tar.bz2
	local-binenc-scripts/binary-analysis/usr-bin-ditto.tar.bz2
	local-binenc-scripts/binary-analysis/usr-bin-dmc.tar.bz2
	local-binenc-scripts/binary-analysis/usr-bin-dns-sd.tar.bz2
	local-binenc-scripts/binary-analysis/usr-bin-drutil.tar.bz2
	local-binenc-scripts/binary-analysis/usr-bin-dscacheutil.tar.bz2
	local-binenc-scripts/binary-analysis/usr-bin-dscl.tar.bz2
	local-binenc-scripts/binary-analysis/usr-bin-dserr.tar.bz2
	local-binenc-scripts/binary-analysis/usr-bin-dsexport.tar.bz2
	local-binenc-scripts/binary-analysis/usr-bin-dsimport.tar.bz2
	local-binenc-scripts/binary-analysis/usr-bin-dsmemberutil.tar.bz2
	local-binenc-scripts/binary-analysis/usr-bin-dsymutil.tar.bz2
	local-binenc-scripts/binary-analysis/usr-bin-dtruss.tar.bz2
	local-binenc-scripts/binary-analysis/usr-bin-du.tar.bz2
	local-binenc-scripts/binary-analysis/usr-bin-dwarfdump.tar.bz2
	local-binenc-scripts/binary-analysis/usr-bin-dyld_info.tar.bz2
	local-binenc-scripts/binary-analysis/usr-bin-egrep.tar.bz2
	local-binenc-scripts/binary-analysis/usr-bin-enc2xs.tar.bz2
	local-binenc-scripts/binary-analysis/usr-bin-enc2xs5.18.tar.bz2
	local-binenc-scripts/binary-analysis/usr-bin-enc2xs5.30.tar.bz2
	local-binenc-scripts/binary-analysis/usr-bin-encguess.tar.bz2
	local-binenc-scripts/binary-analysis/usr-bin-encode_keychange.tar.bz2
	local-binenc-scripts/binary-analysis/usr-bin-env.tar.bz2
	local-binenc-scripts/binary-analysis/usr-bin-eqn.tar.bz2
	local-binenc-scripts/binary-analysis/usr-bin-erb.tar.bz2
	local-binenc-scripts/binary-analysis/usr-bin-errinfo.tar.bz2
	local-binenc-scripts/binary-analysis/usr-bin-ex.tar.bz2
	local-binenc-scripts/binary-analysis/usr-bin-execsnoop.tar.bz2
	local-binenc-scripts/binary-analysis/usr-bin-expand.tar.bz2
	local-binenc-scripts/binary-analysis/usr-bin-expect.tar.bz2
	local-binenc-scripts/binary-analysis/usr-bin-extcheck.tar.bz2
	local-binenc-scripts/binary-analysis/usr-bin-eyapp.tar.bz2
	local-binenc-scripts/binary-analysis/usr-bin-eyapp5.18.tar.bz2
	local-binenc-scripts/binary-analysis/usr-bin-eyapp5.30.tar.bz2
	local-binenc-scripts/binary-analysis/usr-bin-false.tar.bz2
	local-binenc-scripts/binary-analysis/usr-bin-fc.tar.bz2
	local-binenc-scripts/binary-analysis/usr-bin-fddist.tar.bz2
	local-binenc-scripts/binary-analysis/usr-bin-fdesetup.tar.bz2
	local-binenc-scripts/binary-analysis/usr-bin-fg.tar.bz2
	local-binenc-scripts/binary-analysis/usr-bin-fgrep.tar.bz2
	local-binenc-scripts/binary-analysis/usr-bin-file.tar.bz2
	local-binenc-scripts/binary-analysis/usr-bin-filebyproc.d.tar.bz2
	local-binenc-scripts/binary-analysis/usr-bin-fileproviderctl.tar.bz2
	local-binenc-scripts/binary-analysis/usr-bin-filtercalltree.tar.bz2
	local-binenc-scripts/binary-analysis/usr-bin-find.tar.bz2
	local-binenc-scripts/binary-analysis/usr-bin-find2perl.tar.bz2
	local-binenc-scripts/binary-analysis/usr-bin-findrule.tar.bz2
	local-binenc-scripts/binary-analysis/usr-bin-findrule5.18.tar.bz2
	local-binenc-scripts/binary-analysis/usr-bin-findrule5.30.tar.bz2
	local-binenc-scripts/binary-analysis/usr-bin-finger.tar.bz2
	local-binenc-scripts/binary-analysis/usr-bin-fixproc.tar.bz2
	local-binenc-scripts/binary-analysis/usr-bin-flex++.tar.bz2
	local-binenc-scripts/binary-analysis/usr-bin-flex.tar.bz2
	local-binenc-scripts/binary-analysis/usr-bin-fmt.tar.bz2
	local-binenc-scripts/binary-analysis/usr-bin-fold.tar.bz2
	local-binenc-scripts/binary-analysis/usr-bin-fontrestore.tar.bz2
	local-binenc-scripts/binary-analysis/usr-bin-footprint.tar.bz2
	local-binenc-scripts/binary-analysis/usr-bin-format-sql.tar.bz2
	local-binenc-scripts/binary-analysis/usr-bin-format-sql5.18.tar.bz2
	local-binenc-scripts/binary-analysis/usr-bin-from.tar.bz2
	local-binenc-scripts/binary-analysis/usr-bin-fs_usage.tar.bz2
	local-binenc-scripts/binary-analysis/usr-bin-funzip.tar.bz2
	local-binenc-scripts/binary-analysis/usr-bin-fuser.tar.bz2
	local-binenc-scripts/binary-analysis/usr-bin-fwkdp.tar.bz2
	local-binenc-scripts/binary-analysis/usr-bin-fwkpfv.tar.bz2
	local-binenc-scripts/binary-analysis/usr-bin-g++.tar.bz2
	local-binenc-scripts/binary-analysis/usr-bin-gatherheaderdoc.tar.bz2
	local-binenc-scripts/binary-analysis/usr-bin-gcc.tar.bz2
	local-binenc-scripts/binary-analysis/usr-bin-gcore.tar.bz2
	local-binenc-scripts/binary-analysis/usr-bin-gcov.tar.bz2
	local-binenc-scripts/binary-analysis/usr-bin-gdiffmk.tar.bz2
	local-binenc-scripts/binary-analysis/usr-bin-gem.tar.bz2
	local-binenc-scripts/binary-analysis/usr-bin-gen_bridge_metadata.tar.bz2
	local-binenc-scripts/binary-analysis/usr-bin-gencat.tar.bz2
	local-binenc-scripts/binary-analysis/usr-bin-genstrings.tar.bz2
	local-binenc-scripts/binary-analysis/usr-bin-getconf.tar.bz2
	local-binenc-scripts/binary-analysis/usr-bin-getopt.tar.bz2
	local-binenc-scripts/binary-analysis/usr-bin-getopts.tar.bz2
	local-binenc-scripts/binary-analysis/usr-bin-git-receive-pack.tar.bz2
	local-binenc-scripts/binary-analysis/usr-bin-git-shell.tar.bz2
	local-binenc-scripts/binary-analysis/usr-bin-git-upload-archive.tar.bz2
	local-binenc-scripts/binary-analysis/usr-bin-git-upload-pack.tar.bz2
	local-binenc-scripts/binary-analysis/usr-bin-git.tar.bz2
	local-binenc-scripts/binary-analysis/usr-bin-gm4.tar.bz2
	local-binenc-scripts/binary-analysis/usr-bin-gnumake.tar.bz2
	local-binenc-scripts/binary-analysis/usr-bin-gperf.tar.bz2
	local-binenc-scripts/binary-analysis/usr-bin-grep.tar.bz2
	local-binenc-scripts/binary-analysis/usr-bin-grn.tar.bz2
	local-binenc-scripts/binary-analysis/usr-bin-grodvi.tar.bz2
	local-binenc-scripts/binary-analysis/usr-bin-groff.tar.bz2
	local-binenc-scripts/binary-analysis/usr-bin-groffer.tar.bz2
	local-binenc-scripts/binary-analysis/usr-bin-grog.tar.bz2
	local-binenc-scripts/binary-analysis/usr-bin-grolbp.tar.bz2
	local-binenc-scripts/binary-analysis/usr-bin-grolj4.tar.bz2
	local-binenc-scripts/binary-analysis/usr-bin-grops.tar.bz2
	local-binenc-scripts/binary-analysis/usr-bin-grotty.tar.bz2
	local-binenc-scripts/binary-analysis/usr-bin-groups.tar.bz2
	local-binenc-scripts/binary-analysis/usr-bin-gunzip.tar.bz2
	local-binenc-scripts/binary-analysis/usr-bin-gzcat.tar.bz2
	local-binenc-scripts/binary-analysis/usr-bin-gzexe.tar.bz2
	local-binenc-scripts/binary-analysis/usr-bin-gzip.tar.bz2
	local-binenc-scripts/binary-analysis/usr-bin-h2ph.tar.bz2
	local-binenc-scripts/binary-analysis/usr-bin-h2ph5.18.tar.bz2
	local-binenc-scripts/binary-analysis/usr-bin-h2ph5.30.tar.bz2
	local-binenc-scripts/binary-analysis/usr-bin-h2xs.tar.bz2
	local-binenc-scripts/binary-analysis/usr-bin-h2xs5.18.tar.bz2
	local-binenc-scripts/binary-analysis/usr-bin-h2xs5.30.tar.bz2
	local-binenc-scripts/binary-analysis/usr-bin-hash.tar.bz2
	local-binenc-scripts/binary-analysis/usr-bin-hdid.tar.bz2
	local-binenc-scripts/binary-analysis/usr-bin-hdiutil.tar.bz2
	local-binenc-scripts/binary-analysis/usr-bin-hdxml2manxml.tar.bz2
	local-binenc-scripts/binary-analysis/usr-bin-head.tar.bz2
	local-binenc-scripts/binary-analysis/usr-bin-headerdoc2html.tar.bz2
	local-binenc-scripts/binary-analysis/usr-bin-heap.tar.bz2
	local-binenc-scripts/binary-analysis/usr-bin-hexdump.tar.bz2
	local-binenc-scripts/binary-analysis/usr-bin-hidutil.tar.bz2
	local-binenc-scripts/binary-analysis/usr-bin-hiutil.tar.bz2
	local-binenc-scripts/binary-analysis/usr-bin-host.tar.bz2
	local-binenc-scripts/binary-analysis/usr-bin-hostinfo.tar.bz2
	local-binenc-scripts/binary-analysis/usr-bin-hotspot.d.tar.bz2
	local-binenc-scripts/binary-analysis/usr-bin-hpftodit.tar.bz2
	local-binenc-scripts/binary-analysis/usr-bin-hpmdiagnose.tar.bz2
	local-binenc-scripts/binary-analysis/usr-bin-htmltree.tar.bz2
	local-binenc-scripts/binary-analysis/usr-bin-htmltree5.18.tar.bz2
	local-binenc-scripts/binary-analysis/usr-bin-htmltree5.30.tar.bz2
	local-binenc-scripts/binary-analysis/usr-bin-ibtool.tar.bz2
	local-binenc-scripts/binary-analysis/usr-bin-iconutil.tar.bz2
	local-binenc-scripts/binary-analysis/usr-bin-iconv.tar.bz2
	local-binenc-scripts/binary-analysis/usr-bin-ictool.tar.bz2
	local-binenc-scripts/binary-analysis/usr-bin-id.tar.bz2
	local-binenc-scripts/binary-analysis/usr-bin-idlj.tar.bz2
	local-binenc-scripts/binary-analysis/usr-bin-imptrace.tar.bz2
	local-binenc-scripts/binary-analysis/usr-bin-indent.tar.bz2
	local-binenc-scripts/binary-analysis/usr-bin-indxbib.tar.bz2
	local-binenc-scripts/binary-analysis/usr-bin-info.tar.bz2
	local-binenc-scripts/binary-analysis/usr-bin-infocmp.tar.bz2
	local-binenc-scripts/binary-analysis/usr-bin-infokey.tar.bz2
	local-binenc-scripts/binary-analysis/usr-bin-infotocap.tar.bz2
	local-binenc-scripts/binary-analysis/usr-bin-install-info.tar.bz2
	local-binenc-scripts/binary-analysis/usr-bin-install.tar.bz2
	local-binenc-scripts/binary-analysis/usr-bin-install_name_tool.tar.bz2
	local-binenc-scripts/binary-analysis/usr-bin-instmodsh.tar.bz2
	local-binenc-scripts/binary-analysis/usr-bin-instmodsh5.18.tar.bz2
	local-binenc-scripts/binary-analysis/usr-bin-instmodsh5.30.tar.bz2
	local-binenc-scripts/binary-analysis/usr-bin-iofile.d.tar.bz2
	local-binenc-scripts/binary-analysis/usr-bin-iofileb.d.tar.bz2
	local-binenc-scripts/binary-analysis/usr-bin-iopattern.tar.bz2
	local-binenc-scripts/binary-analysis/usr-bin-iopending.tar.bz2
	local-binenc-scripts/binary-analysis/usr-bin-iosnoop.tar.bz2
	local-binenc-scripts/binary-analysis/usr-bin-iotop.tar.bz2
	local-binenc-scripts/binary-analysis/usr-bin-ip2cc.tar.bz2
	local-binenc-scripts/binary-analysis/usr-bin-ip2cc5.18.tar.bz2
	local-binenc-scripts/binary-analysis/usr-bin-ip2cc5.30.tar.bz2
	local-binenc-scripts/binary-analysis/usr-bin-ipcount.tar.bz2
	local-binenc-scripts/binary-analysis/usr-bin-ipcount5.18.tar.bz2
	local-binenc-scripts/binary-analysis/usr-bin-ipcount5.30.tar.bz2
	local-binenc-scripts/binary-analysis/usr-bin-ipcrm.tar.bz2
	local-binenc-scripts/binary-analysis/usr-bin-ipcs.tar.bz2
	local-binenc-scripts/binary-analysis/usr-bin-ippeveprinter.tar.bz2
	local-binenc-scripts/binary-analysis/usr-bin-ippfind.tar.bz2
	local-binenc-scripts/binary-analysis/usr-bin-ipptool.tar.bz2
	local-binenc-scripts/binary-analysis/usr-bin-iptab.tar.bz2
	local-binenc-scripts/binary-analysis/usr-bin-iptab5.18.tar.bz2
	local-binenc-scripts/binary-analysis/usr-bin-iptab5.30.tar.bz2
	local-binenc-scripts/binary-analysis/usr-bin-irb.tar.bz2
	local-binenc-scripts/binary-analysis/usr-bin-jar.tar.bz2
	local-binenc-scripts/binary-analysis/usr-bin-jarsigner.tar.bz2
	local-binenc-scripts/binary-analysis/usr-bin-java.tar.bz2
	local-binenc-scripts/binary-analysis/usr-bin-javac.tar.bz2
	local-binenc-scripts/binary-analysis/usr-bin-javadoc.tar.bz2
	local-binenc-scripts/binary-analysis/usr-bin-javah.tar.bz2
	local-binenc-scripts/binary-analysis/usr-bin-javap.tar.bz2
	local-binenc-scripts/binary-analysis/usr-bin-javapackager.tar.bz2
	local-binenc-scripts/binary-analysis/usr-bin-javaws.tar.bz2
	local-binenc-scripts/binary-analysis/usr-bin-jcmd.tar.bz2
	local-binenc-scripts/binary-analysis/usr-bin-jconsole.tar.bz2
	local-binenc-scripts/binary-analysis/usr-bin-jcontrol.tar.bz2
	local-binenc-scripts/binary-analysis/usr-bin-jdb.tar.bz2
	local-binenc-scripts/binary-analysis/usr-bin-jdeps.tar.bz2
	local-binenc-scripts/binary-analysis/usr-bin-jhat.tar.bz2
	local-binenc-scripts/binary-analysis/usr-bin-jhsdb.tar.bz2
	local-binenc-scripts/binary-analysis/usr-bin-jimage.tar.bz2
	local-binenc-scripts/binary-analysis/usr-bin-jinfo.tar.bz2
	local-binenc-scripts/binary-analysis/usr-bin-jjs.tar.bz2
	local-binenc-scripts/binary-analysis/usr-bin-jlink.tar.bz2
	local-binenc-scripts/binary-analysis/usr-bin-jmap.tar.bz2
	local-binenc-scripts/binary-analysis/usr-bin-jmc.tar.bz2
	local-binenc-scripts/binary-analysis/usr-bin-jobs.tar.bz2
	local-binenc-scripts/binary-analysis/usr-bin-join.tar.bz2
	local-binenc-scripts/binary-analysis/usr-bin-jot.tar.bz2
	local-binenc-scripts/binary-analysis/usr-bin-jpackage.tar.bz2
	local-binenc-scripts/binary-analysis/usr-bin-jps.tar.bz2
	local-binenc-scripts/binary-analysis/usr-bin-jrunscript.tar.bz2
	local-binenc-scripts/binary-analysis/usr-bin-jsadebugd.tar.bz2
	local-binenc-scripts/binary-analysis/usr-bin-jshell.tar.bz2
	local-binenc-scripts/binary-analysis/usr-bin-json_pp.tar.bz2
	local-binenc-scripts/binary-analysis/usr-bin-json_pp5.18.tar.bz2
	local-binenc-scripts/binary-analysis/usr-bin-json_pp5.30.tar.bz2
	local-binenc-scripts/binary-analysis/usr-bin-json_xs.tar.bz2
	local-binenc-scripts/binary-analysis/usr-bin-json_xs5.30.tar.bz2
	local-binenc-scripts/binary-analysis/usr-bin-jstack.tar.bz2
	local-binenc-scripts/binary-analysis/usr-bin-jstat.tar.bz2
	local-binenc-scripts/binary-analysis/usr-bin-jstatd.tar.bz2
	local-binenc-scripts/binary-analysis/usr-bin-jvisualvm.tar.bz2
	local-binenc-scripts/binary-analysis/usr-bin-kcc.tar.bz2
	local-binenc-scripts/binary-analysis/usr-bin-kdestroy.tar.bz2
	local-binenc-scripts/binary-analysis/usr-bin-kextutil.tar.bz2
	local-binenc-scripts/binary-analysis/usr-bin-keytool.tar.bz2
	local-binenc-scripts/binary-analysis/usr-bin-kgetcred.tar.bz2
	local-binenc-scripts/binary-analysis/usr-bin-kill.d.tar.bz2
	local-binenc-scripts/binary-analysis/usr-bin-killall.tar.bz2
	local-binenc-scripts/binary-analysis/usr-bin-kinit.tar.bz2
	local-binenc-scripts/binary-analysis/usr-bin-klist.tar.bz2
	local-binenc-scripts/binary-analysis/usr-bin-kmutil.tar.bz2
	local-binenc-scripts/binary-analysis/usr-bin-kpasswd.tar.bz2
	local-binenc-scripts/binary-analysis/usr-bin-krb5-config.tar.bz2
	local-binenc-scripts/binary-analysis/usr-bin-kswitch.tar.bz2
	local-binenc-scripts/binary-analysis/usr-bin-ktrace.tar.bz2
	local-binenc-scripts/binary-analysis/usr-bin-lam.tar.bz2
	local-binenc-scripts/binary-analysis/usr-bin-last.tar.bz2
	local-binenc-scripts/binary-analysis/usr-bin-lastcomm.tar.bz2
	local-binenc-scripts/binary-analysis/usr-bin-lastwords.tar.bz2
	local-binenc-scripts/binary-analysis/usr-bin-latency.tar.bz2
	local-binenc-scripts/binary-analysis/usr-bin-layerutil.tar.bz2
	local-binenc-scripts/binary-analysis/usr-bin-ld.tar.bz2
	local-binenc-scripts/binary-analysis/usr-bin-ldapadd.tar.bz2
	local-binenc-scripts/binary-analysis/usr-bin-ldapcompare.tar.bz2
	local-binenc-scripts/binary-analysis/usr-bin-ldapdelete.tar.bz2
	local-binenc-scripts/binary-analysis/usr-bin-ldapexop.tar.bz2
	local-binenc-scripts/binary-analysis/usr-bin-ldapmodify.tar.bz2
	local-binenc-scripts/binary-analysis/usr-bin-ldapmodrdn.tar.bz2
	local-binenc-scripts/binary-analysis/usr-bin-ldappasswd.tar.bz2
	local-binenc-scripts/binary-analysis/usr-bin-ldapsearch.tar.bz2
	local-binenc-scripts/binary-analysis/usr-bin-ldapurl.tar.bz2
	local-binenc-scripts/binary-analysis/usr-bin-ldapwhoami.tar.bz2
	local-binenc-scripts/binary-analysis/usr-bin-leaks.tar.bz2
	local-binenc-scripts/binary-analysis/usr-bin-leave.tar.bz2
	local-binenc-scripts/binary-analysis/usr-bin-less.tar.bz2
	local-binenc-scripts/binary-analysis/usr-bin-lessecho.tar.bz2
	local-binenc-scripts/binary-analysis/usr-bin-lex.tar.bz2
	local-binenc-scripts/binary-analysis/usr-bin-libnetcfg.tar.bz2
	local-binenc-scripts/binary-analysis/usr-bin-libnetcfg5.18.tar.bz2
	local-binenc-scripts/binary-analysis/usr-bin-libnetcfg5.30.tar.bz2
	local-binenc-scripts/binary-analysis/usr-bin-libtool.tar.bz2
	local-binenc-scripts/binary-analysis/usr-bin-lipo.tar.bz2
	local-binenc-scripts/binary-analysis/usr-bin-lkbib.tar.bz2
	local-binenc-scripts/binary-analysis/usr-bin-lldb.tar.bz2
	local-binenc-scripts/binary-analysis/usr-bin-llvm-g++.tar.bz2
	local-binenc-scripts/binary-analysis/usr-bin-llvm-gcc.tar.bz2
	local-binenc-scripts/binary-analysis/usr-bin-loads.d.tar.bz2
	local-binenc-scripts/binary-analysis/usr-bin-locale.tar.bz2
	local-binenc-scripts/binary-analysis/usr-bin-localedef.tar.bz2
	local-binenc-scripts/binary-analysis/usr-bin-locate.tar.bz2
	local-binenc-scripts/binary-analysis/usr-bin-lockstat.tar.bz2
	local-binenc-scripts/binary-analysis/usr-bin-log.tar.bz2
	local-binenc-scripts/binary-analysis/usr-bin-logger.tar.bz2
	local-binenc-scripts/binary-analysis/usr-bin-login.tar.bz2
	local-binenc-scripts/binary-analysis/usr-bin-logname.tar.bz2
	local-binenc-scripts/binary-analysis/usr-bin-look.tar.bz2
	local-binenc-scripts/binary-analysis/usr-bin-lookbib.tar.bz2
	local-binenc-scripts/binary-analysis/usr-bin-lorder.tar.bz2
	local-binenc-scripts/binary-analysis/usr-bin-lp.tar.bz2
	local-binenc-scripts/binary-analysis/usr-bin-lpoptions.tar.bz2
	local-binenc-scripts/binary-analysis/usr-bin-lpq.tar.bz2
	local-binenc-scripts/binary-analysis/usr-bin-lpr.tar.bz2
	local-binenc-scripts/binary-analysis/usr-bin-lprm.tar.bz2
	local-binenc-scripts/binary-analysis/usr-bin-lpstat.tar.bz2
	local-binenc-scripts/binary-analysis/usr-bin-lsappinfo.tar.bz2
	local-binenc-scripts/binary-analysis/usr-bin-lsbom.tar.bz2
	local-binenc-scripts/binary-analysis/usr-bin-lskq.tar.bz2
	local-binenc-scripts/binary-analysis/usr-bin-lsm.tar.bz2
	local-binenc-scripts/binary-analysis/usr-bin-lsmp.tar.bz2
	local-binenc-scripts/binary-analysis/usr-bin-lsvfs.tar.bz2
	local-binenc-scripts/binary-analysis/usr-bin-lwp-download.tar.bz2
	local-binenc-scripts/binary-analysis/usr-bin-lwp-download5.18.tar.bz2
	local-binenc-scripts/binary-analysis/usr-bin-lwp-download5.30.tar.bz2
	local-binenc-scripts/binary-analysis/usr-bin-lwp-dump.tar.bz2
	local-binenc-scripts/binary-analysis/usr-bin-lwp-dump5.18.tar.bz2
	local-binenc-scripts/binary-analysis/usr-bin-lwp-dump5.30.tar.bz2
	local-binenc-scripts/binary-analysis/usr-bin-lwp-mirror.tar.bz2
	local-binenc-scripts/binary-analysis/usr-bin-lwp-mirror5.18.tar.bz2
	local-binenc-scripts/binary-analysis/usr-bin-lwp-mirror5.30.tar.bz2
	local-binenc-scripts/binary-analysis/usr-bin-lwp-request.tar.bz2
	local-binenc-scripts/binary-analysis/usr-bin-lwp-request5.18.tar.bz2
	local-binenc-scripts/binary-analysis/usr-bin-lwp-request5.30.tar.bz2
	local-binenc-scripts/binary-analysis/usr-bin-m4.tar.bz2
	local-binenc-scripts/binary-analysis/usr-bin-macbinary.tar.bz2
	local-binenc-scripts/binary-analysis/usr-bin-macerror.tar.bz2
	local-binenc-scripts/binary-analysis/usr-bin-macerror5.18.tar.bz2
	local-binenc-scripts/binary-analysis/usr-bin-macerror5.30.tar.bz2
	local-binenc-scripts/binary-analysis/usr-bin-machine.tar.bz2
	local-binenc-scripts/binary-analysis/usr-bin-mail.tar.bz2
	local-binenc-scripts/binary-analysis/usr-bin-mailq.tar.bz2
	local-binenc-scripts/binary-analysis/usr-bin-mailx.tar.bz2
	local-binenc-scripts/binary-analysis/usr-bin-make.tar.bz2
	local-binenc-scripts/binary-analysis/usr-bin-makeinfo.tar.bz2
	local-binenc-scripts/binary-analysis/usr-bin-malloc_history.tar.bz2
	local-binenc-scripts/binary-analysis/usr-bin-man.tar.bz2
	local-binenc-scripts/binary-analysis/usr-bin-mandoc.tar.bz2
	local-binenc-scripts/binary-analysis/usr-bin-mandoc_soelim.tar.bz2
	local-binenc-scripts/binary-analysis/usr-bin-manpath.tar.bz2
	local-binenc-scripts/binary-analysis/usr-bin-mcxquery.tar.bz2
	local-binenc-scripts/binary-analysis/usr-bin-mcxrefresh.tar.bz2
	local-binenc-scripts/binary-analysis/usr-bin-mddiagnose.tar.bz2
	local-binenc-scripts/binary-analysis/usr-bin-mdfind.tar.bz2
	local-binenc-scripts/binary-analysis/usr-bin-mdimport.tar.bz2
	local-binenc-scripts/binary-analysis/usr-bin-mdls.tar.bz2
	local-binenc-scripts/binary-analysis/usr-bin-mdutil.tar.bz2
	local-binenc-scripts/binary-analysis/usr-bin-memory_pressure.tar.bz2
	local-binenc-scripts/binary-analysis/usr-bin-mesg.tar.bz2
	local-binenc-scripts/binary-analysis/usr-bin-mg.tar.bz2
	local-binenc-scripts/binary-analysis/usr-bin-mib2c-update.tar.bz2
	local-binenc-scripts/binary-analysis/usr-bin-mib2c.tar.bz2
	local-binenc-scripts/binary-analysis/usr-bin-mig.tar.bz2
	local-binenc-scripts/binary-analysis/usr-bin-mkbom.tar.bz2
	local-binenc-scripts/binary-analysis/usr-bin-mkfifo.tar.bz2
	local-binenc-scripts/binary-analysis/usr-bin-mklocale.tar.bz2
	local-binenc-scripts/binary-analysis/usr-bin-mktemp.tar.bz2
	local-binenc-scripts/binary-analysis/usr-bin-mmroff.tar.bz2
	local-binenc-scripts/binary-analysis/usr-bin-mnthome.tar.bz2
	local-binenc-scripts/binary-analysis/usr-bin-moo-outdated.tar.bz2
	local-binenc-scripts/binary-analysis/usr-bin-moo-outdated5.18.tar.bz2
	local-binenc-scripts/binary-analysis/usr-bin-moose-outdated.tar.bz2
	local-binenc-scripts/binary-analysis/usr-bin-moose-outdated5.18.tar.bz2
	local-binenc-scripts/binary-analysis/usr-bin-moose-outdated5.30.tar.bz2
	local-binenc-scripts/binary-analysis/usr-bin-more.tar.bz2
	local-binenc-scripts/binary-analysis/usr-bin-mp2bug.tar.bz2
	local-binenc-scripts/binary-analysis/usr-bin-msgs.tar.bz2
	local-binenc-scripts/binary-analysis/usr-bin-nano.tar.bz2
	local-binenc-scripts/binary-analysis/usr-bin-native2ascii.tar.bz2
	local-binenc-scripts/binary-analysis/usr-bin-nbdst.tar.bz2
	local-binenc-scripts/binary-analysis/usr-bin-nc.tar.bz2
	local-binenc-scripts/binary-analysis/usr-bin-ncal.tar.bz2
	local-binenc-scripts/binary-analysis/usr-bin-ncctl.tar.bz2
	local-binenc-scripts/binary-analysis/usr-bin-ncdestroy.tar.bz2
	local-binenc-scripts/binary-analysis/usr-bin-ncinit.tar.bz2
	local-binenc-scripts/binary-analysis/usr-bin-nclist.tar.bz2
	local-binenc-scripts/binary-analysis/usr-bin-ncurses5.4-config.tar.bz2
	local-binenc-scripts/binary-analysis/usr-bin-neqn.tar.bz2
	local-binenc-scripts/binary-analysis/usr-bin-net-server.tar.bz2
	local-binenc-scripts/binary-analysis/usr-bin-net-server5.18.tar.bz2
	local-binenc-scripts/binary-analysis/usr-bin-net-server5.30.tar.bz2
	local-binenc-scripts/binary-analysis/usr-bin-net-snmp-cert.tar.bz2
	local-binenc-scripts/binary-analysis/usr-bin-net-snmp-config.tar.bz2
	local-binenc-scripts/binary-analysis/usr-bin-net-snmp-create-v3-user.tar.bz2
	local-binenc-scripts/binary-analysis/usr-bin-nettop.tar.bz2
	local-binenc-scripts/binary-analysis/usr-bin-networkQuality.tar.bz2
	local-binenc-scripts/binary-analysis/usr-bin-newaliases.tar.bz2
	local-binenc-scripts/binary-analysis/usr-bin-newgrp.tar.bz2
	local-binenc-scripts/binary-analysis/usr-bin-newproc.d.tar.bz2
	local-binenc-scripts/binary-analysis/usr-bin-nfsstat.tar.bz2
	local-binenc-scripts/binary-analysis/usr-bin-nice.tar.bz2
	local-binenc-scripts/binary-analysis/usr-bin-nl.tar.bz2
	local-binenc-scripts/binary-analysis/usr-bin-nm.tar.bz2
	local-binenc-scripts/binary-analysis/usr-bin-nmedit.tar.bz2
	local-binenc-scripts/binary-analysis/usr-bin-nohup.tar.bz2
	local-binenc-scripts/binary-analysis/usr-bin-notifyutil.tar.bz2
	local-binenc-scripts/binary-analysis/usr-bin-nroff.tar.bz2
	local-binenc-scripts/binary-analysis/usr-bin-nscurl.tar.bz2
	local-binenc-scripts/binary-analysis/usr-bin-nslookup.tar.bz2
	local-binenc-scripts/binary-analysis/usr-bin-nsupdate.tar.bz2
	local-binenc-scripts/binary-analysis/usr-bin-objdump.tar.bz2
	local-binenc-scripts/binary-analysis/usr-bin-ocspcheck.tar.bz2
	local-binenc-scripts/binary-analysis/usr-bin-od.tar.bz2
	local-binenc-scripts/binary-analysis/usr-bin-odutil.tar.bz2
	local-binenc-scripts/binary-analysis/usr-bin-open.tar.bz2
	local-binenc-scripts/binary-analysis/usr-bin-opendiff.tar.bz2
	local-binenc-scripts/binary-analysis/usr-bin-opensnoop.tar.bz2
	local-binenc-scripts/binary-analysis/usr-bin-openssl.tar.bz2
	local-binenc-scripts/binary-analysis/usr-bin-orbd.tar.bz2
	local-binenc-scripts/binary-analysis/usr-bin-osacompile.tar.bz2
	local-binenc-scripts/binary-analysis/usr-bin-osadecompile.tar.bz2
	local-binenc-scripts/binary-analysis/usr-bin-osalang.tar.bz2
	local-binenc-scripts/binary-analysis/usr-bin-osascript.tar.bz2
	local-binenc-scripts/binary-analysis/usr-bin-otool.tar.bz2
	local-binenc-scripts/binary-analysis/usr-bin-pack200.tar.bz2
	local-binenc-scripts/binary-analysis/usr-bin-package-stash-conflicts.tar.bz2
	local-binenc-scripts/binary-analysis/usr-bin-package-stash-conflicts5.18.tar.bz2
	local-binenc-scripts/binary-analysis/usr-bin-package-stash-conflicts5.30.tar.bz2
	local-binenc-scripts/binary-analysis/usr-bin-pagesize.tar.bz2
	local-binenc-scripts/binary-analysis/usr-bin-pagestuff.tar.bz2
	local-binenc-scripts/binary-analysis/usr-bin-par.pl.tar.bz2
	local-binenc-scripts/binary-analysis/usr-bin-par5.30.pl.tar.bz2
	local-binenc-scripts/binary-analysis/usr-bin-parl.tar.bz2
	local-binenc-scripts/binary-analysis/usr-bin-parl5.30.tar.bz2
	local-binenc-scripts/binary-analysis/usr-bin-parldyn.tar.bz2
	local-binenc-scripts/binary-analysis/usr-bin-parldyn5.30.tar.bz2
	local-binenc-scripts/binary-analysis/usr-bin-passwd.tar.bz2
	local-binenc-scripts/binary-analysis/usr-bin-paste.tar.bz2
	local-binenc-scripts/binary-analysis/usr-bin-patch.tar.bz2
	local-binenc-scripts/binary-analysis/usr-bin-pathchk.tar.bz2
	local-binenc-scripts/binary-analysis/usr-bin-pathopens.d.tar.bz2
	local-binenc-scripts/binary-analysis/usr-bin-pbcopy.tar.bz2
	local-binenc-scripts/binary-analysis/usr-bin-pbpaste.tar.bz2
	local-binenc-scripts/binary-analysis/usr-bin-pcap-config.tar.bz2
	local-binenc-scripts/binary-analysis/usr-bin-pcsctest.tar.bz2
	local-binenc-scripts/binary-analysis/usr-bin-perl.tar.bz2
	local-binenc-scripts/binary-analysis/usr-bin-perl5.18.tar.bz2
	local-binenc-scripts/binary-analysis/usr-bin-perl5.30.tar.bz2
	local-binenc-scripts/binary-analysis/usr-bin-perlbug.tar.bz2
	local-binenc-scripts/binary-analysis/usr-bin-perlbug5.18.tar.bz2
	local-binenc-scripts/binary-analysis/usr-bin-perlbug5.30.tar.bz2
	local-binenc-scripts/binary-analysis/usr-bin-perldoc.tar.bz2
	local-binenc-scripts/binary-analysis/usr-bin-perldoc5.18.tar.bz2
	local-binenc-scripts/binary-analysis/usr-bin-perldoc5.30.tar.bz2
	local-binenc-scripts/binary-analysis/usr-bin-perlivp.tar.bz2
	local-binenc-scripts/binary-analysis/usr-bin-perlivp5.18.tar.bz2
	local-binenc-scripts/binary-analysis/usr-bin-perlivp5.30.tar.bz2
	local-binenc-scripts/binary-analysis/usr-bin-perlthanks.tar.bz2
	local-binenc-scripts/binary-analysis/usr-bin-perlthanks5.18.tar.bz2
	local-binenc-scripts/binary-analysis/usr-bin-perlthanks5.30.tar.bz2
	local-binenc-scripts/binary-analysis/usr-bin-pfbtops.tar.bz2
	local-binenc-scripts/binary-analysis/usr-bin-pgrep.tar.bz2
	local-binenc-scripts/binary-analysis/usr-bin-pic.tar.bz2
	local-binenc-scripts/binary-analysis/usr-bin-pico.tar.bz2
	local-binenc-scripts/binary-analysis/usr-bin-piconv.tar.bz2
	local-binenc-scripts/binary-analysis/usr-bin-piconv5.18.tar.bz2
	local-binenc-scripts/binary-analysis/usr-bin-piconv5.30.tar.bz2
	local-binenc-scripts/binary-analysis/usr-bin-pidpersec.d.tar.bz2
	local-binenc-scripts/binary-analysis/usr-bin-pip3.tar.bz2
	local-binenc-scripts/binary-analysis/usr-bin-pkgbuild.tar.bz2
	local-binenc-scripts/binary-analysis/usr-bin-pkill.tar.bz2
	local-binenc-scripts/binary-analysis/usr-bin-pl.tar.bz2
	local-binenc-scripts/binary-analysis/usr-bin-pl2pm.tar.bz2
	local-binenc-scripts/binary-analysis/usr-bin-pl2pm5.18.tar.bz2
	local-binenc-scripts/binary-analysis/usr-bin-pl2pm5.30.tar.bz2
	local-binenc-scripts/binary-analysis/usr-bin-plockstat.tar.bz2
	local-binenc-scripts/binary-analysis/usr-bin-pluginkit.tar.bz2
	local-binenc-scripts/binary-analysis/usr-bin-plutil.tar.bz2
	local-binenc-scripts/binary-analysis/usr-bin-pmset.tar.bz2
	local-binenc-scripts/binary-analysis/usr-bin-pod2html.tar.bz2
	local-binenc-scripts/binary-analysis/usr-bin-pod2html5.18.tar.bz2
	local-binenc-scripts/binary-analysis/usr-bin-pod2html5.30.tar.bz2
	local-binenc-scripts/binary-analysis/usr-bin-pod2latex.tar.bz2
	local-binenc-scripts/binary-analysis/usr-bin-pod2man.tar.bz2
	local-binenc-scripts/binary-analysis/usr-bin-pod2man5.18.tar.bz2
	local-binenc-scripts/binary-analysis/usr-bin-pod2man5.30.tar.bz2
	local-binenc-scripts/binary-analysis/usr-bin-pod2readme.tar.bz2
	local-binenc-scripts/binary-analysis/usr-bin-pod2readme5.18.tar.bz2
	local-binenc-scripts/binary-analysis/usr-bin-pod2readme5.30.tar.bz2
	local-binenc-scripts/binary-analysis/usr-bin-pod2text.tar.bz2
	local-binenc-scripts/binary-analysis/usr-bin-pod2text5.18.tar.bz2
	local-binenc-scripts/binary-analysis/usr-bin-pod2text5.30.tar.bz2
	local-binenc-scripts/binary-analysis/usr-bin-pod2usage.tar.bz2
	local-binenc-scripts/binary-analysis/usr-bin-pod2usage5.18.tar.bz2
	local-binenc-scripts/binary-analysis/usr-bin-pod2usage5.30.tar.bz2
	local-binenc-scripts/binary-analysis/usr-bin-podchecker.tar.bz2
	local-binenc-scripts/binary-analysis/usr-bin-podchecker5.18.tar.bz2
	local-binenc-scripts/binary-analysis/usr-bin-podchecker5.30.tar.bz2
	local-binenc-scripts/binary-analysis/usr-bin-podselect.tar.bz2
	local-binenc-scripts/binary-analysis/usr-bin-podselect5.18.tar.bz2
	local-binenc-scripts/binary-analysis/usr-bin-podselect5.30.tar.bz2
	local-binenc-scripts/binary-analysis/usr-bin-policytool.tar.bz2
	local-binenc-scripts/binary-analysis/usr-bin-post-grohtml.tar.bz2
	local-binenc-scripts/binary-analysis/usr-bin-power_report.sh.tar.bz2
	local-binenc-scripts/binary-analysis/usr-bin-powermetrics.tar.bz2
	local-binenc-scripts/binary-analysis/usr-bin-pp.tar.bz2
	local-binenc-scripts/binary-analysis/usr-bin-pp5.30.tar.bz2
	local-binenc-scripts/binary-analysis/usr-bin-ppdc.tar.bz2
	local-binenc-scripts/binary-analysis/usr-bin-ppdhtml.tar.bz2
	local-binenc-scripts/binary-analysis/usr-bin-ppdi.tar.bz2
	local-binenc-scripts/binary-analysis/usr-bin-ppdmerge.tar.bz2
	local-binenc-scripts/binary-analysis/usr-bin-ppdpo.tar.bz2
	local-binenc-scripts/binary-analysis/usr-bin-pr.tar.bz2
	local-binenc-scripts/binary-analysis/usr-bin-pre-grohtml.tar.bz2
	local-binenc-scripts/binary-analysis/usr-bin-priclass.d.tar.bz2
	local-binenc-scripts/binary-analysis/usr-bin-pridist.d.tar.bz2
	local-binenc-scripts/binary-analysis/usr-bin-printenv.tar.bz2
	local-binenc-scripts/binary-analysis/usr-bin-printf.tar.bz2
	local-binenc-scripts/binary-analysis/usr-bin-procsystime.tar.bz2
	local-binenc-scripts/binary-analysis/usr-bin-productbuild.tar.bz2
	local-binenc-scripts/binary-analysis/usr-bin-productsign.tar.bz2
	local-binenc-scripts/binary-analysis/usr-bin-profiles.tar.bz2
	local-binenc-scripts/binary-analysis/usr-bin-prove.tar.bz2
	local-binenc-scripts/binary-analysis/usr-bin-prove5.18.tar.bz2
	local-binenc-scripts/binary-analysis/usr-bin-prove5.30.tar.bz2
	local-binenc-scripts/binary-analysis/usr-bin-psed.tar.bz2
	local-binenc-scripts/binary-analysis/usr-bin-psm.tar.bz2
	local-binenc-scripts/binary-analysis/usr-bin-pstopdf.tar.bz2
	local-binenc-scripts/binary-analysis/usr-bin-pstruct.tar.bz2
	local-binenc-scripts/binary-analysis/usr-bin-ptar.tar.bz2
	local-binenc-scripts/binary-analysis/usr-bin-ptar5.18.tar.bz2
	local-binenc-scripts/binary-analysis/usr-bin-ptar5.30.tar.bz2
	local-binenc-scripts/binary-analysis/usr-bin-ptardiff.tar.bz2
	local-binenc-scripts/binary-analysis/usr-bin-ptardiff5.18.tar.bz2
	local-binenc-scripts/binary-analysis/usr-bin-ptardiff5.30.tar.bz2
	local-binenc-scripts/binary-analysis/usr-bin-ptargrep.tar.bz2
	local-binenc-scripts/binary-analysis/usr-bin-ptargrep5.18.tar.bz2
	local-binenc-scripts/binary-analysis/usr-bin-ptargrep5.30.tar.bz2
	local-binenc-scripts/binary-analysis/usr-bin-pwhich.tar.bz2
	local-binenc-scripts/binary-analysis/usr-bin-pwhich5.18.tar.bz2
	local-binenc-scripts/binary-analysis/usr-bin-pwpolicy.tar.bz2
	local-binenc-scripts/binary-analysis/usr-bin-python3.tar.bz2
	local-binenc-scripts/binary-analysis/usr-bin-qlmanage.tar.bz2
	local-binenc-scripts/binary-analysis/usr-bin-quota.tar.bz2
	local-binenc-scripts/binary-analysis/usr-bin-rails.tar.bz2
	local-binenc-scripts/binary-analysis/usr-bin-rake.tar.bz2
	local-binenc-scripts/binary-analysis/usr-bin-ranlib.tar.bz2
	local-binenc-scripts/binary-analysis/usr-bin-rdoc.tar.bz2
	local-binenc-scripts/binary-analysis/usr-bin-read.tar.bz2
	local-binenc-scripts/binary-analysis/usr-bin-readlink.tar.bz2
	local-binenc-scripts/binary-analysis/usr-bin-refer.tar.bz2
	local-binenc-scripts/binary-analysis/usr-bin-renice.tar.bz2
	local-binenc-scripts/binary-analysis/usr-bin-reset.tar.bz2
	local-binenc-scripts/binary-analysis/usr-bin-resolveLinks.tar.bz2
	local-binenc-scripts/binary-analysis/usr-bin-rev.tar.bz2
	local-binenc-scripts/binary-analysis/usr-bin-ri.tar.bz2
	local-binenc-scripts/binary-analysis/usr-bin-rmic.tar.bz2
	local-binenc-scripts/binary-analysis/usr-bin-rmid.tar.bz2
	local-binenc-scripts/binary-analysis/usr-bin-rmiregistry.tar.bz2
	local-binenc-scripts/binary-analysis/usr-bin-rpcgen.tar.bz2
	local-binenc-scripts/binary-analysis/usr-bin-rs.tar.bz2
	local-binenc-scripts/binary-analysis/usr-bin-rsync.tar.bz2
	local-binenc-scripts/binary-analysis/usr-bin-ruby.tar.bz2
	local-binenc-scripts/binary-analysis/usr-bin-rview.tar.bz2
	local-binenc-scripts/binary-analysis/usr-bin-rvim.tar.bz2
	local-binenc-scripts/binary-analysis/usr-bin-rwbypid.d.tar.bz2
	local-binenc-scripts/binary-analysis/usr-bin-rwbytype.d.tar.bz2
	local-binenc-scripts/binary-analysis/usr-bin-rwsnoop.tar.bz2
	local-binenc-scripts/binary-analysis/usr-bin-s2p.tar.bz2
	local-binenc-scripts/binary-analysis/usr-bin-safaridriver.tar.bz2
	local-binenc-scripts/binary-analysis/usr-bin-sample.tar.bz2
	local-binenc-scripts/binary-analysis/usr-bin-sampleproc.tar.bz2
	local-binenc-scripts/binary-analysis/usr-bin-sandbox-exec.tar.bz2
	local-binenc-scripts/binary-analysis/usr-bin-say.tar.bz2
	local-binenc-scripts/binary-analysis/usr-bin-sc_usage.tar.bz2
	local-binenc-scripts/binary-analysis/usr-bin-scandeps.pl.tar.bz2
	local-binenc-scripts/binary-analysis/usr-bin-scandeps5.18.pl.tar.bz2
	local-binenc-scripts/binary-analysis/usr-bin-scandeps5.30.pl.tar.bz2
	local-binenc-scripts/binary-analysis/usr-bin-schemagen.tar.bz2
	local-binenc-scripts/binary-analysis/usr-bin-scp.tar.bz2
	local-binenc-scripts/binary-analysis/usr-bin-screen.tar.bz2
	local-binenc-scripts/binary-analysis/usr-bin-script.tar.bz2
	local-binenc-scripts/binary-analysis/usr-bin-sdef.tar.bz2
	local-binenc-scripts/binary-analysis/usr-bin-sdiff.tar.bz2
	local-binenc-scripts/binary-analysis/usr-bin-sdp.tar.bz2
	local-binenc-scripts/binary-analysis/usr-bin-sdx.tar.bz2
	local-binenc-scripts/binary-analysis/usr-bin-security.tar.bz2
	local-binenc-scripts/binary-analysis/usr-bin-sed.tar.bz2
	local-binenc-scripts/binary-analysis/usr-bin-seeksize.d.tar.bz2
	local-binenc-scripts/binary-analysis/usr-bin-segedit.tar.bz2
	local-binenc-scripts/binary-analysis/usr-bin-seq.tar.bz2
	local-binenc-scripts/binary-analysis/usr-bin-serialver.tar.bz2
	local-binenc-scripts/binary-analysis/usr-bin-servertool.tar.bz2
	local-binenc-scripts/binary-analysis/usr-bin-setregion.tar.bz2
	local-binenc-scripts/binary-analysis/usr-bin-setuids.d.tar.bz2
	local-binenc-scripts/binary-analysis/usr-bin-sfltool.tar.bz2
	local-binenc-scripts/binary-analysis/usr-bin-sftp.tar.bz2
	local-binenc-scripts/binary-analysis/usr-bin-shar.tar.bz2
	local-binenc-scripts/binary-analysis/usr-bin-shasum.tar.bz2
	local-binenc-scripts/binary-analysis/usr-bin-shasum5.18.tar.bz2
	local-binenc-scripts/binary-analysis/usr-bin-shasum5.30.tar.bz2
	local-binenc-scripts/binary-analysis/usr-bin-shlock.tar.bz2
	local-binenc-scripts/binary-analysis/usr-bin-shortcuts.tar.bz2
	local-binenc-scripts/binary-analysis/usr-bin-showmount.tar.bz2
	local-binenc-scripts/binary-analysis/usr-bin-sigdist.d.tar.bz2
	local-binenc-scripts/binary-analysis/usr-bin-sips.tar.bz2
	local-binenc-scripts/binary-analysis/usr-bin-size.tar.bz2
	local-binenc-scripts/binary-analysis/usr-bin-slogin.tar.bz2
	local-binenc-scripts/binary-analysis/usr-bin-smbutil.tar.bz2
	local-binenc-scripts/binary-analysis/usr-bin-snfsdefrag.tar.bz2
	local-binenc-scripts/binary-analysis/usr-bin-snmp-bridge-mib.tar.bz2
	local-binenc-scripts/binary-analysis/usr-bin-snmpbulkget.tar.bz2
	local-binenc-scripts/binary-analysis/usr-bin-snmpbulkwalk.tar.bz2
	local-binenc-scripts/binary-analysis/usr-bin-snmpconf.tar.bz2
	local-binenc-scripts/binary-analysis/usr-bin-snmpdelta.tar.bz2
	local-binenc-scripts/binary-analysis/usr-bin-snmpdf.tar.bz2
	local-binenc-scripts/binary-analysis/usr-bin-snmpget.tar.bz2
	local-binenc-scripts/binary-analysis/usr-bin-snmpgetnext.tar.bz2
	local-binenc-scripts/binary-analysis/usr-bin-snmpinform.tar.bz2
	local-binenc-scripts/binary-analysis/usr-bin-snmpnetstat.tar.bz2
	local-binenc-scripts/binary-analysis/usr-bin-snmpset.tar.bz2
	local-binenc-scripts/binary-analysis/usr-bin-snmpstatus.tar.bz2
	local-binenc-scripts/binary-analysis/usr-bin-snmptable.tar.bz2
	local-binenc-scripts/binary-analysis/usr-bin-snmptest.tar.bz2
	local-binenc-scripts/binary-analysis/usr-bin-snmptranslate.tar.bz2
	local-binenc-scripts/binary-analysis/usr-bin-snmptrap.tar.bz2
	local-binenc-scripts/binary-analysis/usr-bin-snmpusm.tar.bz2
	local-binenc-scripts/binary-analysis/usr-bin-snmpvacm.tar.bz2
	local-binenc-scripts/binary-analysis/usr-bin-snmpwalk.tar.bz2
	local-binenc-scripts/binary-analysis/usr-bin-sntp.tar.bz2
	local-binenc-scripts/binary-analysis/usr-bin-soelim.tar.bz2
	local-binenc-scripts/binary-analysis/usr-bin-sort.tar.bz2
	local-binenc-scripts/binary-analysis/usr-bin-sourcekit-lsp.tar.bz2
	local-binenc-scripts/binary-analysis/usr-bin-spfd.tar.bz2
	local-binenc-scripts/binary-analysis/usr-bin-spfd5.18.tar.bz2
	local-binenc-scripts/binary-analysis/usr-bin-spfd5.30.tar.bz2
	local-binenc-scripts/binary-analysis/usr-bin-spfquery.tar.bz2
	local-binenc-scripts/binary-analysis/usr-bin-spfquery5.18.tar.bz2
	local-binenc-scripts/binary-analysis/usr-bin-spfquery5.30.tar.bz2
	local-binenc-scripts/binary-analysis/usr-bin-splain.tar.bz2
	local-binenc-scripts/binary-analysis/usr-bin-splain5.18.tar.bz2
	local-binenc-scripts/binary-analysis/usr-bin-splain5.30.tar.bz2
	local-binenc-scripts/binary-analysis/usr-bin-split.tar.bz2
	local-binenc-scripts/binary-analysis/usr-bin-sqlite3.tar.bz2
	local-binenc-scripts/binary-analysis/usr-bin-ssh-add.tar.bz2
	local-binenc-scripts/binary-analysis/usr-bin-ssh-agent.tar.bz2
	local-binenc-scripts/binary-analysis/usr-bin-ssh-copy-id.tar.bz2
	local-binenc-scripts/binary-analysis/usr-bin-ssh-keygen.tar.bz2
	local-binenc-scripts/binary-analysis/usr-bin-ssh-keyscan.tar.bz2
	local-binenc-scripts/binary-analysis/usr-bin-ssh.tar.bz2
	local-binenc-scripts/binary-analysis/usr-bin-stapler.tar.bz2
	local-binenc-scripts/binary-analysis/usr-bin-stat.tar.bz2
	local-binenc-scripts/binary-analysis/usr-bin-stringdups.tar.bz2
	local-binenc-scripts/binary-analysis/usr-bin-strings.tar.bz2
	local-binenc-scripts/binary-analysis/usr-bin-strip.tar.bz2
	local-binenc-scripts/binary-analysis/usr-bin-stty.pl.tar.bz2
	local-binenc-scripts/binary-analysis/usr-bin-stty5.18.pl.tar.bz2
	local-binenc-scripts/binary-analysis/usr-bin-su.tar.bz2
	local-binenc-scripts/binary-analysis/usr-bin-sudo.tar.bz2
	local-binenc-scripts/binary-analysis/usr-bin-sum.tar.bz2
	local-binenc-scripts/binary-analysis/usr-bin-sw_vers.tar.bz2
	local-binenc-scripts/binary-analysis/usr-bin-swcutil.tar.bz2
	local-binenc-scripts/binary-analysis/usr-bin-swift.tar.bz2
	local-binenc-scripts/binary-analysis/usr-bin-swiftc.tar.bz2
	local-binenc-scripts/binary-analysis/usr-bin-symbols.tar.bz2
	local-binenc-scripts/binary-analysis/usr-bin-symbolscache.tar.bz2
	local-binenc-scripts/binary-analysis/usr-bin-syscallbypid.d.tar.bz2
	local-binenc-scripts/binary-analysis/usr-bin-syscallbyproc.d.tar.bz2
	local-binenc-scripts/binary-analysis/usr-bin-syscallbysysc.d.tar.bz2
	local-binenc-scripts/binary-analysis/usr-bin-syscapturediags.tar.bz2
	local-binenc-scripts/binary-analysis/usr-bin-sysdiagnose.tar.bz2
	local-binenc-scripts/binary-analysis/usr-bin-syslog.tar.bz2
	local-binenc-scripts/binary-analysis/usr-bin-systemextensionsctl.tar.bz2
	local-binenc-scripts/binary-analysis/usr-bin-tab2space.tar.bz2
	local-binenc-scripts/binary-analysis/usr-bin-tabs.tar.bz2
	local-binenc-scripts/binary-analysis/usr-bin-tail.tar.bz2
	local-binenc-scripts/binary-analysis/usr-bin-tailspin.tar.bz2
	local-binenc-scripts/binary-analysis/usr-bin-talk.tar.bz2
	local-binenc-scripts/binary-analysis/usr-bin-tar.tar.bz2
	local-binenc-scripts/binary-analysis/usr-bin-taskinfo.tar.bz2
	local-binenc-scripts/binary-analysis/usr-bin-tbl.tar.bz2
	local-binenc-scripts/binary-analysis/usr-bin-tbtdiagnose.tar.bz2
	local-binenc-scripts/binary-analysis/usr-bin-tccutil.tar.bz2
	local-binenc-scripts/binary-analysis/usr-bin-tclsh.tar.bz2
	local-binenc-scripts/binary-analysis/usr-bin-tclsh8.5.tar.bz2
	local-binenc-scripts/binary-analysis/usr-bin-tee.tar.bz2
	local-binenc-scripts/binary-analysis/usr-bin-test-yaml.tar.bz2
	local-binenc-scripts/binary-analysis/usr-bin-test-yaml5.30.tar.bz2
	local-binenc-scripts/binary-analysis/usr-bin-texi2dvi.tar.bz2
	local-binenc-scripts/binary-analysis/usr-bin-texi2pdf.tar.bz2
	local-binenc-scripts/binary-analysis/usr-bin-texindex.tar.bz2
	local-binenc-scripts/binary-analysis/usr-bin-textutil.tar.bz2
	local-binenc-scripts/binary-analysis/usr-bin-tfmtodit.tar.bz2
	local-binenc-scripts/binary-analysis/usr-bin-tftp.tar.bz2
	local-binenc-scripts/binary-analysis/usr-bin-thermal.tar.bz2
	local-binenc-scripts/binary-analysis/usr-bin-tic.tar.bz2
	local-binenc-scripts/binary-analysis/usr-bin-tidy.tar.bz2
	local-binenc-scripts/binary-analysis/usr-bin-tidy_changelog.tar.bz2
	local-binenc-scripts/binary-analysis/usr-bin-tidy_changelog5.30.tar.bz2
	local-binenc-scripts/binary-analysis/usr-bin-tiff2icns.tar.bz2
	local-binenc-scripts/binary-analysis/usr-bin-tiffutil.tar.bz2
	local-binenc-scripts/binary-analysis/usr-bin-time.tar.bz2
	local-binenc-scripts/binary-analysis/usr-bin-timer_analyser.d.tar.bz2
	local-binenc-scripts/binary-analysis/usr-bin-timerfires.tar.bz2
	local-binenc-scripts/binary-analysis/usr-bin-timesyncanalyse.tar.bz2
	local-binenc-scripts/binary-analysis/usr-bin-tkcon.tar.bz2
	local-binenc-scripts/binary-analysis/usr-bin-tkmib.tar.bz2
	local-binenc-scripts/binary-analysis/usr-bin-tkpp.tar.bz2
	local-binenc-scripts/binary-analysis/usr-bin-tkpp5.30.tar.bz2
	local-binenc-scripts/binary-analysis/usr-bin-tmdiagnose.tar.bz2
	local-binenc-scripts/binary-analysis/usr-bin-tmutil.tar.bz2
	local-binenc-scripts/binary-analysis/usr-bin-tnameserv.tar.bz2
	local-binenc-scripts/binary-analysis/usr-bin-toe.tar.bz2
	local-binenc-scripts/binary-analysis/usr-bin-top.tar.bz2
	local-binenc-scripts/binary-analysis/usr-bin-tops.tar.bz2
	local-binenc-scripts/binary-analysis/usr-bin-topsyscall.tar.bz2
	local-binenc-scripts/binary-analysis/usr-bin-topsysproc.tar.bz2
	local-binenc-scripts/binary-analysis/usr-bin-touch.tar.bz2
	local-binenc-scripts/binary-analysis/usr-bin-tput.tar.bz2
	local-binenc-scripts/binary-analysis/usr-bin-tr.tar.bz2
	local-binenc-scripts/binary-analysis/usr-bin-trace.tar.bz2
	local-binenc-scripts/binary-analysis/usr-bin-traptoemail.tar.bz2
	local-binenc-scripts/binary-analysis/usr-bin-treereg.tar.bz2
	local-binenc-scripts/binary-analysis/usr-bin-treereg5.18.tar.bz2
	local-binenc-scripts/binary-analysis/usr-bin-treereg5.30.tar.bz2
	local-binenc-scripts/binary-analysis/usr-bin-trimforce.tar.bz2
	local-binenc-scripts/binary-analysis/usr-bin-troff.tar.bz2
	local-binenc-scripts/binary-analysis/usr-bin-true.tar.bz2
	local-binenc-scripts/binary-analysis/usr-bin-trustcachectl.tar.bz2
	local-binenc-scripts/binary-analysis/usr-bin-tset.tar.bz2
	local-binenc-scripts/binary-analysis/usr-bin-tsort.tar.bz2
	local-binenc-scripts/binary-analysis/usr-bin-tty.tar.bz2
	local-binenc-scripts/binary-analysis/usr-bin-type.tar.bz2
	local-binenc-scripts/binary-analysis/usr-bin-ul.tar.bz2
	local-binenc-scripts/binary-analysis/usr-bin-ulimit.tar.bz2
	local-binenc-scripts/binary-analysis/usr-bin-umask.tar.bz2
	local-binenc-scripts/binary-analysis/usr-bin-umtool.tar.bz2
	local-binenc-scripts/binary-analysis/usr-bin-unalias.tar.bz2
	local-binenc-scripts/binary-analysis/usr-bin-uname.tar.bz2
	local-binenc-scripts/binary-analysis/usr-bin-uncompress.tar.bz2
	local-binenc-scripts/binary-analysis/usr-bin-unexpand.tar.bz2
	local-binenc-scripts/binary-analysis/usr-bin-unifdef.tar.bz2
	local-binenc-scripts/binary-analysis/usr-bin-unifdefall.tar.bz2
	local-binenc-scripts/binary-analysis/usr-bin-uniq.tar.bz2
	local-binenc-scripts/binary-analysis/usr-bin-units.tar.bz2
	local-binenc-scripts/binary-analysis/usr-bin-unpack200.tar.bz2
	local-binenc-scripts/binary-analysis/usr-bin-unvis.tar.bz2
	local-binenc-scripts/binary-analysis/usr-bin-unzip.tar.bz2
	local-binenc-scripts/binary-analysis/usr-bin-unzipsfx.tar.bz2
	local-binenc-scripts/binary-analysis/usr-bin-update_dyld_shared_cache.tar.bz2
	local-binenc-scripts/binary-analysis/usr-bin-update_mcdp29xx.tar.bz2
	local-binenc-scripts/binary-analysis/usr-bin-uptime.tar.bz2
	local-binenc-scripts/binary-analysis/usr-bin-usbcfwflasher.tar.bz2
	local-binenc-scripts/binary-analysis/usr-bin-users.tar.bz2
	local-binenc-scripts/binary-analysis/usr-bin-uttype.tar.bz2
	local-binenc-scripts/binary-analysis/usr-bin-uucp.tar.bz2
	local-binenc-scripts/binary-analysis/usr-bin-uudecode.tar.bz2
	local-binenc-scripts/binary-analysis/usr-bin-uuencode.tar.bz2
	local-binenc-scripts/binary-analysis/usr-bin-uuidgen.tar.bz2
	local-binenc-scripts/binary-analysis/usr-bin-uulog.tar.bz2
	local-binenc-scripts/binary-analysis/usr-bin-uuname.tar.bz2
	local-binenc-scripts/binary-analysis/usr-bin-uupick.tar.bz2
	local-binenc-scripts/binary-analysis/usr-bin-uustat.tar.bz2
	local-binenc-scripts/binary-analysis/usr-bin-uuto.tar.bz2
	local-binenc-scripts/binary-analysis/usr-bin-uux.tar.bz2
	local-binenc-scripts/binary-analysis/usr-bin-vi.tar.bz2
	local-binenc-scripts/binary-analysis/usr-bin-view.tar.bz2
	local-binenc-scripts/binary-analysis/usr-bin-vim.tar.bz2
	local-binenc-scripts/binary-analysis/usr-bin-vimdiff.tar.bz2
	local-binenc-scripts/binary-analysis/usr-bin-vimtutor.tar.bz2
	local-binenc-scripts/binary-analysis/usr-bin-vis.tar.bz2
	local-binenc-scripts/binary-analysis/usr-bin-vm_stat.tar.bz2
	local-binenc-scripts/binary-analysis/usr-bin-vmmap.tar.bz2
	local-binenc-scripts/binary-analysis/usr-bin-vtool.tar.bz2
	local-binenc-scripts/binary-analysis/usr-bin-w.tar.bz2
	local-binenc-scripts/binary-analysis/usr-bin-wait.tar.bz2
	local-binenc-scripts/binary-analysis/usr-bin-wall.tar.bz2
	local-binenc-scripts/binary-analysis/usr-bin-wc.tar.bz2
	local-binenc-scripts/binary-analysis/usr-bin-wdutil.tar.bz2
	local-binenc-scripts/binary-analysis/usr-bin-what.tar.bz2
	local-binenc-scripts/binary-analysis/usr-bin-whatis.tar.bz2
	local-binenc-scripts/binary-analysis/usr-bin-whereis.tar.bz2
	local-binenc-scripts/binary-analysis/usr-bin-which.tar.bz2
	local-binenc-scripts/binary-analysis/usr-bin-who.tar.bz2
	local-binenc-scripts/binary-analysis/usr-bin-whoami.tar.bz2
	local-binenc-scripts/binary-analysis/usr-bin-whois.tar.bz2
	local-binenc-scripts/binary-analysis/usr-bin-wish.tar.bz2
	local-binenc-scripts/binary-analysis/usr-bin-wish8.5.tar.bz2
	local-binenc-scripts/binary-analysis/usr-bin-write.tar.bz2
	local-binenc-scripts/binary-analysis/usr-bin-wsgen.tar.bz2
	local-binenc-scripts/binary-analysis/usr-bin-wsimport.tar.bz2
	local-binenc-scripts/binary-analysis/usr-bin-xar.tar.bz2
	local-binenc-scripts/binary-analysis/usr-bin-xargs.tar.bz2
	local-binenc-scripts/binary-analysis/usr-bin-xattr.tar.bz2
	local-binenc-scripts/binary-analysis/usr-bin-xcdebug.tar.bz2
	local-binenc-scripts/binary-analysis/usr-bin-xcode-select.tar.bz2
	local-binenc-scripts/binary-analysis/usr-bin-xcodebuild.tar.bz2
	local-binenc-scripts/binary-analysis/usr-bin-xcrun.tar.bz2
	local-binenc-scripts/binary-analysis/usr-bin-xcscontrol.tar.bz2
	local-binenc-scripts/binary-analysis/usr-bin-xcsdiagnose.tar.bz2
	local-binenc-scripts/binary-analysis/usr-bin-xctrace.tar.bz2
	local-binenc-scripts/binary-analysis/usr-bin-xed.tar.bz2
	local-binenc-scripts/binary-analysis/usr-bin-xgettext.pl.tar.bz2
	local-binenc-scripts/binary-analysis/usr-bin-xgettext5.18.pl.tar.bz2
	local-binenc-scripts/binary-analysis/usr-bin-xgettext5.30.pl.tar.bz2
	local-binenc-scripts/binary-analysis/usr-bin-xip.tar.bz2
	local-binenc-scripts/binary-analysis/usr-bin-xjc.tar.bz2
	local-binenc-scripts/binary-analysis/usr-bin-xml2-config.tar.bz2
	local-binenc-scripts/binary-analysis/usr-bin-xml2man.tar.bz2
	local-binenc-scripts/binary-analysis/usr-bin-xmlcatalog.tar.bz2
	local-binenc-scripts/binary-analysis/usr-bin-xmllint.tar.bz2
	local-binenc-scripts/binary-analysis/usr-bin-xpath.tar.bz2
	local-binenc-scripts/binary-analysis/usr-bin-xpath5.18.tar.bz2
	local-binenc-scripts/binary-analysis/usr-bin-xpath5.30.tar.bz2
	local-binenc-scripts/binary-analysis/usr-bin-xslt-config.tar.bz2
	local-binenc-scripts/binary-analysis/usr-bin-xsltproc.tar.bz2
	local-binenc-scripts/binary-analysis/usr-bin-xsubpp.tar.bz2
	local-binenc-scripts/binary-analysis/usr-bin-xsubpp5.18.tar.bz2
	local-binenc-scripts/binary-analysis/usr-bin-xsubpp5.30.tar.bz2
	local-binenc-scripts/binary-analysis/usr-bin-xxd.tar.bz2
	local-binenc-scripts/binary-analysis/usr-bin-yaa.tar.bz2
	local-binenc-scripts/binary-analysis/usr-bin-yacc.tar.bz2
	local-binenc-scripts/binary-analysis/usr-bin-yamlpp-events.tar.bz2
	local-binenc-scripts/binary-analysis/usr-bin-yamlpp-events5.30.tar.bz2
	local-binenc-scripts/binary-analysis/usr-bin-yamlpp-highlight.tar.bz2
	local-binenc-scripts/binary-analysis/usr-bin-yamlpp-highlight5.30.tar.bz2
	local-binenc-scripts/binary-analysis/usr-bin-yamlpp-load-dump.tar.bz2
	local-binenc-scripts/binary-analysis/usr-bin-yamlpp-load-dump5.30.tar.bz2
	local-binenc-scripts/binary-analysis/usr-bin-yamlpp-load.tar.bz2
	local-binenc-scripts/binary-analysis/usr-bin-yamlpp-load5.30.tar.bz2
	local-binenc-scripts/binary-analysis/usr-bin-yamlpp-parse-emit.tar.bz2
	local-binenc-scripts/binary-analysis/usr-bin-yamlpp-parse-emit5.30.tar.bz2
	local-binenc-scripts/binary-analysis/usr-bin-yapp.tar.bz2
	local-binenc-scripts/binary-analysis/usr-bin-yapp5.30.tar.bz2
	local-binenc-scripts/binary-analysis/usr-bin-yes.tar.bz2
	local-binenc-scripts/binary-analysis/usr-bin-zcat.tar.bz2
	local-binenc-scripts/binary-analysis/usr-bin-zcmp.tar.bz2
	local-binenc-scripts/binary-analysis/usr-bin-zdiff.tar.bz2
	local-binenc-scripts/binary-analysis/usr-bin-zegrep.tar.bz2
	local-binenc-scripts/binary-analysis/usr-bin-zfgrep.tar.bz2
	local-binenc-scripts/binary-analysis/usr-bin-zforce.tar.bz2
	local-binenc-scripts/binary-analysis/usr-bin-zgrep.tar.bz2
	local-binenc-scripts/binary-analysis/usr-bin-zip.tar.bz2
	local-binenc-scripts/binary-analysis/usr-bin-zipcloak.tar.bz2
	local-binenc-scripts/binary-analysis/usr-bin-zipdetails.tar.bz2
	local-binenc-scripts/binary-analysis/usr-bin-zipdetails5.18.tar.bz2
	local-binenc-scripts/binary-analysis/usr-bin-zipdetails5.30.tar.bz2
	local-binenc-scripts/binary-analysis/usr-bin-zipgrep.tar.bz2
	local-binenc-scripts/binary-analysis/usr-bin-zipinfo.tar.bz2
	local-binenc-scripts/binary-analysis/usr-bin-zipnote.tar.bz2
	local-binenc-scripts/binary-analysis/usr-bin-zipsplit.tar.bz2
	local-binenc-scripts/binary-analysis/usr-bin-zless.tar.bz2
	local-binenc-scripts/binary-analysis/usr-bin-zmore.tar.bz2
	local-binenc-scripts/binary-analysis/usr-bin-znew.tar.bz2
	local-binenc-scripts/binary-analysis/usr-bin-zprint.tar.bz2
	local-binenc-scripts/binary-analysis/usr-local-bin-Kinfold.tar.bz2
	local-binenc-scripts/binary-analysis/usr-local-bin-RNA2Dfold.tar.bz2
	local-binenc-scripts/binary-analysis/usr-local-bin-RNALalifold.tar.bz2
	local-binenc-scripts/binary-analysis/usr-local-bin-RNALfold.tar.bz2
	local-binenc-scripts/binary-analysis/usr-local-bin-RNAPKplex.tar.bz2
	local-binenc-scripts/binary-analysis/usr-local-bin-RNAaliduplex.tar.bz2
	local-binenc-scripts/binary-analysis/usr-local-bin-RNAalifold.tar.bz2
	local-binenc-scripts/binary-analysis/usr-local-bin-RNAcofold.tar.bz2
	local-binenc-scripts/binary-analysis/usr-local-bin-RNAdistance.tar.bz2
	local-binenc-scripts/binary-analysis/usr-local-bin-RNAdos.tar.bz2
	local-binenc-scripts/binary-analysis/usr-local-bin-RNAduplex.tar.bz2
	local-binenc-scripts/binary-analysis/usr-local-bin-RNAeval.tar.bz2
	local-binenc-scripts/binary-analysis/usr-local-bin-RNAfold.tar.bz2
	local-binenc-scripts/binary-analysis/usr-local-bin-RNAforester.tar.bz2
	local-binenc-scripts/binary-analysis/usr-local-bin-RNAheat.tar.bz2
	local-binenc-scripts/binary-analysis/usr-local-bin-RNAinverse.tar.bz2
	local-binenc-scripts/binary-analysis/usr-local-bin-RNAlocmin.tar.bz2
	local-binenc-scripts/binary-analysis/usr-local-bin-RNApaln.tar.bz2
	local-binenc-scripts/binary-analysis/usr-local-bin-RNAparconv.tar.bz2
	local-binenc-scripts/binary-analysis/usr-local-bin-RNApdist.tar.bz2
	local-binenc-scripts/binary-analysis/usr-local-bin-RNAplex.tar.bz2
	local-binenc-scripts/binary-analysis/usr-local-bin-RNAplfold.tar.bz2
	local-binenc-scripts/binary-analysis/usr-local-bin-RNAplot.tar.bz2
	local-binenc-scripts/binary-analysis/usr-local-bin-RNApvmin.tar.bz2
	local-binenc-scripts/binary-analysis/usr-local-bin-RNAsnoop.tar.bz2
	local-binenc-scripts/binary-analysis/usr-local-bin-RNAsubopt.tar.bz2
	local-binenc-scripts/binary-analysis/usr-local-bin-RNAup.tar.bz2
	local-binenc-scripts/binary-analysis/usr-local-bin-aclocal-1.18.tar.bz2
	local-binenc-scripts/binary-analysis/usr-local-bin-aclocal.tar.bz2
	local-binenc-scripts/binary-analysis/usr-local-bin-adb.tar.bz2
	local-binenc-scripts/binary-analysis/usr-local-bin-antlr.tar.bz2
	local-binenc-scripts/binary-analysis/usr-local-bin-ascii-xfr.tar.bz2
	local-binenc-scripts/binary-analysis/usr-local-bin-autoconf.tar.bz2
	local-binenc-scripts/binary-analysis/usr-local-bin-autoheader.tar.bz2
	local-binenc-scripts/binary-analysis/usr-local-bin-autom4te.tar.bz2
	local-binenc-scripts/binary-analysis/usr-local-bin-automake-1.18.tar.bz2
	local-binenc-scripts/binary-analysis/usr-local-bin-automake.tar.bz2
	local-binenc-scripts/binary-analysis/usr-local-bin-autopoint.tar.bz2
	local-binenc-scripts/binary-analysis/usr-local-bin-autoreconf.tar.bz2
	local-binenc-scripts/binary-analysis/usr-local-bin-autoscan.tar.bz2
	local-binenc-scripts/binary-analysis/usr-local-bin-autoupdate.tar.bz2
	local-binenc-scripts/binary-analysis/usr-local-bin-avr-addr2line.tar.bz2
	local-binenc-scripts/binary-analysis/usr-local-bin-avr-ar.tar.bz2
	local-binenc-scripts/binary-analysis/usr-local-bin-avr-as.tar.bz2
	local-binenc-scripts/binary-analysis/usr-local-bin-avr-c++.tar.bz2
	local-binenc-scripts/binary-analysis/usr-local-bin-avr-c++filt.tar.bz2
	local-binenc-scripts/binary-analysis/usr-local-bin-avr-cpp.tar.bz2
	local-binenc-scripts/binary-analysis/usr-local-bin-avr-elfedit.tar.bz2
	local-binenc-scripts/binary-analysis/usr-local-bin-avr-g++.tar.bz2
	local-binenc-scripts/binary-analysis/usr-local-bin-avr-gcc-9.5.0.tar.bz2
	local-binenc-scripts/binary-analysis/usr-local-bin-avr-gcc-ar.tar.bz2
	local-binenc-scripts/binary-analysis/usr-local-bin-avr-gcc-nm.tar.bz2
	local-binenc-scripts/binary-analysis/usr-local-bin-avr-gcc-ranlib.tar.bz2
	local-binenc-scripts/binary-analysis/usr-local-bin-avr-gcc.tar.bz2
	local-binenc-scripts/binary-analysis/usr-local-bin-avr-gcov-dump.tar.bz2
	local-binenc-scripts/binary-analysis/usr-local-bin-avr-gcov-tool.tar.bz2
	local-binenc-scripts/binary-analysis/usr-local-bin-avr-gcov.tar.bz2
	local-binenc-scripts/binary-analysis/usr-local-bin-avr-gprof.tar.bz2
	local-binenc-scripts/binary-analysis/usr-local-bin-avr-ld.bfd.tar.bz2
	local-binenc-scripts/binary-analysis/usr-local-bin-avr-ld.tar.bz2
	local-binenc-scripts/binary-analysis/usr-local-bin-avr-man.tar.bz2
	local-binenc-scripts/binary-analysis/usr-local-bin-avr-nm.tar.bz2
	local-binenc-scripts/binary-analysis/usr-local-bin-avr-objcopy.tar.bz2
	local-binenc-scripts/binary-analysis/usr-local-bin-avr-objdump.tar.bz2
	local-binenc-scripts/binary-analysis/usr-local-bin-avr-ranlib.tar.bz2
	local-binenc-scripts/binary-analysis/usr-local-bin-avr-readelf.tar.bz2
	local-binenc-scripts/binary-analysis/usr-local-bin-avr-size.tar.bz2
	local-binenc-scripts/binary-analysis/usr-local-bin-avr-strings.tar.bz2
	local-binenc-scripts/binary-analysis/usr-local-bin-avr-strip.tar.bz2
	local-binenc-scripts/binary-analysis/usr-local-bin-avrdude.tar.bz2
	local-binenc-scripts/binary-analysis/usr-local-bin-b2ct.tar.bz2
	local-binenc-scripts/binary-analysis/usr-local-bin-b2sum.tar.bz2
	local-binenc-scripts/binary-analysis/usr-local-bin-base32.tar.bz2
	local-binenc-scripts/binary-analysis/usr-local-bin-basenc.tar.bz2
	local-binenc-scripts/binary-analysis/usr-local-bin-bin.tar.bz2
	local-binenc-scripts/binary-analysis/usr-local-bin-bomtool.tar.bz2
	local-binenc-scripts/binary-analysis/usr-local-bin-brew.tar.bz2
	local-binenc-scripts/binary-analysis/usr-local-bin-brotli.tar.bz2
	local-binenc-scripts/binary-analysis/usr-local-bin-c_rehash.tar.bz2
	local-binenc-scripts/binary-analysis/usr-local-bin-cairo-trace.tar.bz2
	local-binenc-scripts/binary-analysis/usr-local-bin-ccache-swig.tar.bz2
	local-binenc-scripts/binary-analysis/usr-local-bin-ccmake.tar.bz2
	local-binenc-scripts/binary-analysis/usr-local-bin-cjpeg.tar.bz2
	local-binenc-scripts/binary-analysis/usr-local-bin-cmake.tar.bz2
	local-binenc-scripts/binary-analysis/usr-local-bin-cpack.tar.bz2
	local-binenc-scripts/binary-analysis/usr-local-bin-ct2db.tar.bz2
	local-binenc-scripts/binary-analysis/usr-local-bin-ctest.tar.bz2
	local-binenc-scripts/binary-analysis/usr-local-bin-djpeg.tar.bz2
	local-binenc-scripts/binary-analysis/usr-local-bin-elf2tag.tar.bz2
	local-binenc-scripts/binary-analysis/usr-local-bin-envsubst.tar.bz2
	local-binenc-scripts/binary-analysis/usr-local-bin-etc1tool.tar.bz2
	local-binenc-scripts/binary-analysis/usr-local-bin-factor.tar.bz2
	local-binenc-scripts/binary-analysis/usr-local-bin-fastboot.tar.bz2
	local-binenc-scripts/binary-analysis/usr-local-bin-fax2ps.tar.bz2
	local-binenc-scripts/binary-analysis/usr-local-bin-fax2tiff.tar.bz2
	local-binenc-scripts/binary-analysis/usr-local-bin-fc-cache.tar.bz2
	local-binenc-scripts/binary-analysis/usr-local-bin-fc-cat.tar.bz2
	local-binenc-scripts/binary-analysis/usr-local-bin-fc-conflist.tar.bz2
	local-binenc-scripts/binary-analysis/usr-local-bin-fc-list.tar.bz2
	local-binenc-scripts/binary-analysis/usr-local-bin-fc-match.tar.bz2
	local-binenc-scripts/binary-analysis/usr-local-bin-fc-pattern.tar.bz2
	local-binenc-scripts/binary-analysis/usr-local-bin-fc-query.tar.bz2
	local-binenc-scripts/binary-analysis/usr-local-bin-fc-scan.tar.bz2
	local-binenc-scripts/binary-analysis/usr-local-bin-fc-validate.tar.bz2
	local-binenc-scripts/binary-analysis/usr-local-bin-fltk-config.tar.bz2
	local-binenc-scripts/binary-analysis/usr-local-bin-fluid.tar.bz2
	local-binenc-scripts/binary-analysis/usr-local-bin-freetype-config.tar.bz2
	local-binenc-scripts/binary-analysis/usr-local-bin-ftdi_eeprom.tar.bz2
	local-binenc-scripts/binary-analysis/usr-local-bin-g-ir-annotation-tool.tar.bz2
	local-binenc-scripts/binary-analysis/usr-local-bin-g-ir-compiler.tar.bz2
	local-binenc-scripts/binary-analysis/usr-local-bin-g-ir-doc-tool.tar.bz2
	local-binenc-scripts/binary-analysis/usr-local-bin-g-ir-generate.tar.bz2
	local-binenc-scripts/binary-analysis/usr-local-bin-g-ir-inspect.tar.bz2
	local-binenc-scripts/binary-analysis/usr-local-bin-g-ir-scanner.tar.bz2
	local-binenc-scripts/binary-analysis/usr-local-bin-g[.tar.bz2
	local-binenc-scripts/binary-analysis/usr-local-bin-gb2sum.tar.bz2
	local-binenc-scripts/binary-analysis/usr-local-bin-gbase32.tar.bz2
	local-binenc-scripts/binary-analysis/usr-local-bin-gbase64.tar.bz2
	local-binenc-scripts/binary-analysis/usr-local-bin-gbasename.tar.bz2
	local-binenc-scripts/binary-analysis/usr-local-bin-gbasenc.tar.bz2
	local-binenc-scripts/binary-analysis/usr-local-bin-gcat.tar.bz2
	local-binenc-scripts/binary-analysis/usr-local-bin-gchgrp.tar.bz2
	local-binenc-scripts/binary-analysis/usr-local-bin-gchmod.tar.bz2
	local-binenc-scripts/binary-analysis/usr-local-bin-gchown.tar.bz2
	local-binenc-scripts/binary-analysis/usr-local-bin-gchroot.tar.bz2
	local-binenc-scripts/binary-analysis/usr-local-bin-gcksum.tar.bz2
	local-binenc-scripts/binary-analysis/usr-local-bin-gcomm.tar.bz2
	local-binenc-scripts/binary-analysis/usr-local-bin-gcp.tar.bz2
	local-binenc-scripts/binary-analysis/usr-local-bin-gcsplit.tar.bz2
	local-binenc-scripts/binary-analysis/usr-local-bin-gcut.tar.bz2
	local-binenc-scripts/binary-analysis/usr-local-bin-gdate.tar.bz2
	local-binenc-scripts/binary-analysis/usr-local-bin-gdbus-codegen.tar.bz2
	local-binenc-scripts/binary-analysis/usr-local-bin-gdbus.tar.bz2
	local-binenc-scripts/binary-analysis/usr-local-bin-gdd.tar.bz2
	local-binenc-scripts/binary-analysis/usr-local-bin-gdf.tar.bz2
	local-binenc-scripts/binary-analysis/usr-local-bin-gdir.tar.bz2
	local-binenc-scripts/binary-analysis/usr-local-bin-gdircolors.tar.bz2
	local-binenc-scripts/binary-analysis/usr-local-bin-gdirname.tar.bz2
	local-binenc-scripts/binary-analysis/usr-local-bin-gdu.tar.bz2
	local-binenc-scripts/binary-analysis/usr-local-bin-gecho.tar.bz2
	local-binenc-scripts/binary-analysis/usr-local-bin-gegrep.tar.bz2
	local-binenc-scripts/binary-analysis/usr-local-bin-genv.tar.bz2
	local-binenc-scripts/binary-analysis/usr-local-bin-gettext.sh.tar.bz2
	local-binenc-scripts/binary-analysis/usr-local-bin-gettext.tar.bz2
	local-binenc-scripts/binary-analysis/usr-local-bin-gettextize.tar.bz2
	local-binenc-scripts/binary-analysis/usr-local-bin-gexpand.tar.bz2
	local-binenc-scripts/binary-analysis/usr-local-bin-gexpr.tar.bz2
	local-binenc-scripts/binary-analysis/usr-local-bin-gfactor.tar.bz2
	local-binenc-scripts/binary-analysis/usr-local-bin-gfalse.tar.bz2
	local-binenc-scripts/binary-analysis/usr-local-bin-gfgrep.tar.bz2
	local-binenc-scripts/binary-analysis/usr-local-bin-gfmt.tar.bz2
	local-binenc-scripts/binary-analysis/usr-local-bin-gfold.tar.bz2
	local-binenc-scripts/binary-analysis/usr-local-bin-ggrep.tar.bz2
	local-binenc-scripts/binary-analysis/usr-local-bin-ggroups.tar.bz2
	local-binenc-scripts/binary-analysis/usr-local-bin-ghead.tar.bz2
	local-binenc-scripts/binary-analysis/usr-local-bin-ghostid.tar.bz2
	local-binenc-scripts/binary-analysis/usr-local-bin-gi-compile-repository.tar.bz2
	local-binenc-scripts/binary-analysis/usr-local-bin-gi-decompile-typelib.tar.bz2
	local-binenc-scripts/binary-analysis/usr-local-bin-gi-inspect-typelib.tar.bz2
	local-binenc-scripts/binary-analysis/usr-local-bin-gid.tar.bz2
	local-binenc-scripts/binary-analysis/usr-local-bin-gif2rgb.tar.bz2
	local-binenc-scripts/binary-analysis/usr-local-bin-gifbuild.tar.bz2
	local-binenc-scripts/binary-analysis/usr-local-bin-gifclrmp.tar.bz2
	local-binenc-scripts/binary-analysis/usr-local-bin-giffix.tar.bz2
	local-binenc-scripts/binary-analysis/usr-local-bin-giftext.tar.bz2
	local-binenc-scripts/binary-analysis/usr-local-bin-giftool.tar.bz2
	local-binenc-scripts/binary-analysis/usr-local-bin-ginstall.tar.bz2
	local-binenc-scripts/binary-analysis/usr-local-bin-gio-querymodules.tar.bz2
	local-binenc-scripts/binary-analysis/usr-local-bin-gio.tar.bz2
	local-binenc-scripts/binary-analysis/usr-local-bin-git-cvsserver.tar.bz2
	local-binenc-scripts/binary-analysis/usr-local-bin-git-receive-pack.tar.bz2
	local-binenc-scripts/binary-analysis/usr-local-bin-git-shell.tar.bz2
	local-binenc-scripts/binary-analysis/usr-local-bin-git-upload-archive.tar.bz2
	local-binenc-scripts/binary-analysis/usr-local-bin-git-upload-pack.tar.bz2
	local-binenc-scripts/binary-analysis/usr-local-bin-git.tar.bz2
	local-binenc-scripts/binary-analysis/usr-local-bin-gjoin.tar.bz2
	local-binenc-scripts/binary-analysis/usr-local-bin-gkill.tar.bz2
	local-binenc-scripts/binary-analysis/usr-local-bin-glib-compile-resources.tar.bz2
	local-binenc-scripts/binary-analysis/usr-local-bin-glib-compile-schemas.tar.bz2
	local-binenc-scripts/binary-analysis/usr-local-bin-glib-genmarshal.tar.bz2
	local-binenc-scripts/binary-analysis/usr-local-bin-glib-gettextize.tar.bz2
	local-binenc-scripts/binary-analysis/usr-local-bin-glib-mkenums.tar.bz2
	local-binenc-scripts/binary-analysis/usr-local-bin-glibtool.tar.bz2
	local-binenc-scripts/binary-analysis/usr-local-bin-glibtoolize.tar.bz2
	local-binenc-scripts/binary-analysis/usr-local-bin-glink.tar.bz2
	local-binenc-scripts/binary-analysis/usr-local-bin-gln.tar.bz2
	local-binenc-scripts/binary-analysis/usr-local-bin-glogname.tar.bz2
	local-binenc-scripts/binary-analysis/usr-local-bin-gls.tar.bz2
	local-binenc-scripts/binary-analysis/usr-local-bin-gmd5sum.tar.bz2
	local-binenc-scripts/binary-analysis/usr-local-bin-gmkdir.tar.bz2
	local-binenc-scripts/binary-analysis/usr-local-bin-gmkfifo.tar.bz2
	local-binenc-scripts/binary-analysis/usr-local-bin-gmknod.tar.bz2
	local-binenc-scripts/binary-analysis/usr-local-bin-gmktemp.tar.bz2
	local-binenc-scripts/binary-analysis/usr-local-bin-gmv.tar.bz2
	local-binenc-scripts/binary-analysis/usr-local-bin-gnice.tar.bz2
	local-binenc-scripts/binary-analysis/usr-local-bin-gnl.tar.bz2
	local-binenc-scripts/binary-analysis/usr-local-bin-gnohup.tar.bz2
	local-binenc-scripts/binary-analysis/usr-local-bin-gnproc.tar.bz2
	local-binenc-scripts/binary-analysis/usr-local-bin-gnumfmt.tar.bz2
	local-binenc-scripts/binary-analysis/usr-local-bin-gobject-query.tar.bz2
	local-binenc-scripts/binary-analysis/usr-local-bin-god.tar.bz2
	local-binenc-scripts/binary-analysis/usr-local-bin-gpaste.tar.bz2
	local-binenc-scripts/binary-analysis/usr-local-bin-gpathchk.tar.bz2
	local-binenc-scripts/binary-analysis/usr-local-bin-gpinky.tar.bz2
	local-binenc-scripts/binary-analysis/usr-local-bin-gpr.tar.bz2
	local-binenc-scripts/binary-analysis/usr-local-bin-gprintenv.tar.bz2
	local-binenc-scripts/binary-analysis/usr-local-bin-gprintf.tar.bz2
	local-binenc-scripts/binary-analysis/usr-local-bin-gptx.tar.bz2
	local-binenc-scripts/binary-analysis/usr-local-bin-gpwd.tar.bz2
	local-binenc-scripts/binary-analysis/usr-local-bin-gr2fonttest.tar.bz2
	local-binenc-scripts/binary-analysis/usr-local-bin-greadlink.tar.bz2
	local-binenc-scripts/binary-analysis/usr-local-bin-grealpath.tar.bz2
	local-binenc-scripts/binary-analysis/usr-local-bin-gresource.tar.bz2
	local-binenc-scripts/binary-analysis/usr-local-bin-grm.tar.bz2
	local-binenc-scripts/binary-analysis/usr-local-bin-grmdir.tar.bz2
	local-binenc-scripts/binary-analysis/usr-local-bin-grun.tar.bz2
	local-binenc-scripts/binary-analysis/usr-local-bin-gsed.tar.bz2
	local-binenc-scripts/binary-analysis/usr-local-bin-gseq.tar.bz2
	local-binenc-scripts/binary-analysis/usr-local-bin-gsettings.tar.bz2
	local-binenc-scripts/binary-analysis/usr-local-bin-gsha1sum.tar.bz2
	local-binenc-scripts/binary-analysis/usr-local-bin-gsha224sum.tar.bz2
	local-binenc-scripts/binary-analysis/usr-local-bin-gsha256sum.tar.bz2
	local-binenc-scripts/binary-analysis/usr-local-bin-gsha384sum.tar.bz2
	local-binenc-scripts/binary-analysis/usr-local-bin-gsha512sum.tar.bz2
	local-binenc-scripts/binary-analysis/usr-local-bin-gshred.tar.bz2
	local-binenc-scripts/binary-analysis/usr-local-bin-gshuf.tar.bz2
	local-binenc-scripts/binary-analysis/usr-local-bin-gsl-config.tar.bz2
	local-binenc-scripts/binary-analysis/usr-local-bin-gsl-histogram.tar.bz2
	local-binenc-scripts/binary-analysis/usr-local-bin-gsl-randist.tar.bz2
	local-binenc-scripts/binary-analysis/usr-local-bin-gsleep.tar.bz2
	local-binenc-scripts/binary-analysis/usr-local-bin-gsort.tar.bz2
	local-binenc-scripts/binary-analysis/usr-local-bin-gsplit.tar.bz2
	local-binenc-scripts/binary-analysis/usr-local-bin-gstat.tar.bz2
	local-binenc-scripts/binary-analysis/usr-local-bin-gstdbuf.tar.bz2
	local-binenc-scripts/binary-analysis/usr-local-bin-gstty.tar.bz2
	local-binenc-scripts/binary-analysis/usr-local-bin-gsum.tar.bz2
	local-binenc-scripts/binary-analysis/usr-local-bin-gsync.tar.bz2
	local-binenc-scripts/binary-analysis/usr-local-bin-gtac.tar.bz2
	local-binenc-scripts/binary-analysis/usr-local-bin-gtail.tar.bz2
	local-binenc-scripts/binary-analysis/usr-local-bin-gtee.tar.bz2
	local-binenc-scripts/binary-analysis/usr-local-bin-gtest.tar.bz2
	local-binenc-scripts/binary-analysis/usr-local-bin-gtester-report.tar.bz2
	local-binenc-scripts/binary-analysis/usr-local-bin-gtester.tar.bz2
	local-binenc-scripts/binary-analysis/usr-local-bin-gtimeout.tar.bz2
	local-binenc-scripts/binary-analysis/usr-local-bin-gtouch.tar.bz2
	local-binenc-scripts/binary-analysis/usr-local-bin-gtr.tar.bz2
	local-binenc-scripts/binary-analysis/usr-local-bin-gtrue.tar.bz2
	local-binenc-scripts/binary-analysis/usr-local-bin-gtruncate.tar.bz2
	local-binenc-scripts/binary-analysis/usr-local-bin-gtsort.tar.bz2
	local-binenc-scripts/binary-analysis/usr-local-bin-gtty.tar.bz2
	local-binenc-scripts/binary-analysis/usr-local-bin-guname.tar.bz2
	local-binenc-scripts/binary-analysis/usr-local-bin-gunexpand.tar.bz2
	local-binenc-scripts/binary-analysis/usr-local-bin-guniq.tar.bz2
	local-binenc-scripts/binary-analysis/usr-local-bin-gunlink.tar.bz2
	local-binenc-scripts/binary-analysis/usr-local-bin-guptime.tar.bz2
	local-binenc-scripts/binary-analysis/usr-local-bin-gusers.tar.bz2
	local-binenc-scripts/binary-analysis/usr-local-bin-gvdir.tar.bz2
	local-binenc-scripts/binary-analysis/usr-local-bin-gwc.tar.bz2
	local-binenc-scripts/binary-analysis/usr-local-bin-gwho.tar.bz2
	local-binenc-scripts/binary-analysis/usr-local-bin-gwhoami.tar.bz2
	local-binenc-scripts/binary-analysis/usr-local-bin-gyes.tar.bz2
	local-binenc-scripts/binary-analysis/usr-local-bin-hb-info.tar.bz2
	local-binenc-scripts/binary-analysis/usr-local-bin-hb-shape.tar.bz2
	local-binenc-scripts/binary-analysis/usr-local-bin-hb-subset.tar.bz2
	local-binenc-scripts/binary-analysis/usr-local-bin-hb-vector.tar.bz2
	local-binenc-scripts/binary-analysis/usr-local-bin-hb-view.tar.bz2
	local-binenc-scripts/binary-analysis/usr-local-bin-hidtest.tar.bz2
	local-binenc-scripts/binary-analysis/usr-local-bin-hostid.tar.bz2
	local-binenc-scripts/binary-analysis/usr-local-bin-hprof-conv.tar.bz2
	local-binenc-scripts/binary-analysis/usr-local-bin-idle3.13.tar.bz2
	local-binenc-scripts/binary-analysis/usr-local-bin-idle3.14.tar.bz2
	local-binenc-scripts/binary-analysis/usr-local-bin-idle3.tar.bz2
	local-binenc-scripts/binary-analysis/usr-local-bin-idn2.tar.bz2
	local-binenc-scripts/binary-analysis/usr-local-bin-ifnames.tar.bz2
	local-binenc-scripts/binary-analysis/usr-local-bin-jpegtran.tar.bz2
	local-binenc-scripts/binary-analysis/usr-local-bin-jpgicc.tar.bz2
	local-binenc-scripts/binary-analysis/usr-local-bin-libftdi1-config.tar.bz2
	local-binenc-scripts/binary-analysis/usr-local-bin-libpng-config.tar.bz2
	local-binenc-scripts/binary-analysis/usr-local-bin-libpng16-config.tar.bz2
	local-binenc-scripts/binary-analysis/usr-local-bin-libusb-config.tar.bz2
	local-binenc-scripts/binary-analysis/usr-local-bin-linkicc.tar.bz2
	local-binenc-scripts/binary-analysis/usr-local-bin-lsnfc.tar.bz2
	local-binenc-scripts/binary-analysis/usr-local-bin-lsusb.tar.bz2
	local-binenc-scripts/binary-analysis/usr-local-bin-lua-5.5.tar.bz2
	local-binenc-scripts/binary-analysis/usr-local-bin-lua.tar.bz2
	local-binenc-scripts/binary-analysis/usr-local-bin-lua5.5.tar.bz2
	local-binenc-scripts/binary-analysis/usr-local-bin-luac-5.5.tar.bz2
	local-binenc-scripts/binary-analysis/usr-local-bin-luac.tar.bz2
	local-binenc-scripts/binary-analysis/usr-local-bin-luac5.5.tar.bz2
	local-binenc-scripts/binary-analysis/usr-local-bin-lz4.tar.bz2
	local-binenc-scripts/binary-analysis/usr-local-bin-lz4c.tar.bz2
	local-binenc-scripts/binary-analysis/usr-local-bin-lz4cat.tar.bz2
	local-binenc-scripts/binary-analysis/usr-local-bin-lzcat.tar.bz2
	local-binenc-scripts/binary-analysis/usr-local-bin-lzcmp.tar.bz2
	local-binenc-scripts/binary-analysis/usr-local-bin-lzdiff.tar.bz2
	local-binenc-scripts/binary-analysis/usr-local-bin-lzegrep.tar.bz2
	local-binenc-scripts/binary-analysis/usr-local-bin-lzfgrep.tar.bz2
	local-binenc-scripts/binary-analysis/usr-local-bin-lzgrep.tar.bz2
	local-binenc-scripts/binary-analysis/usr-local-bin-lzip.tar.bz2
	local-binenc-scripts/binary-analysis/usr-local-bin-lzless.tar.bz2
	local-binenc-scripts/binary-analysis/usr-local-bin-lzma.tar.bz2
	local-binenc-scripts/binary-analysis/usr-local-bin-lzmadec.tar.bz2
	local-binenc-scripts/binary-analysis/usr-local-bin-lzmainfo.tar.bz2
	local-binenc-scripts/binary-analysis/usr-local-bin-lzmore.tar.bz2
	local-binenc-scripts/binary-analysis/usr-local-bin-make_f2fs.tar.bz2
	local-binenc-scripts/binary-analysis/usr-local-bin-make_f2fs_casefold.tar.bz2
	local-binenc-scripts/binary-analysis/usr-local-bin-md5sum.tar.bz2
	local-binenc-scripts/binary-analysis/usr-local-bin-meson.tar.bz2
	local-binenc-scripts/binary-analysis/usr-local-bin-mifare-classic-format.tar.bz2
	local-binenc-scripts/binary-analysis/usr-local-bin-mifare-classic-read-ndef.tar.bz2
	local-binenc-scripts/binary-analysis/usr-local-bin-mifare-classic-write-ndef.tar.bz2
	local-binenc-scripts/binary-analysis/usr-local-bin-mifare-desfire-access.tar.bz2
	local-binenc-scripts/binary-analysis/usr-local-bin-mifare-desfire-create-ndef.tar.bz2
	local-binenc-scripts/binary-analysis/usr-local-bin-mifare-desfire-ev1-configure-ats.tar.bz2
	local-binenc-scripts/binary-analysis/usr-local-bin-mifare-desfire-ev1-configure-default-key.tar.bz2
	local-binenc-scripts/binary-analysis/usr-local-bin-mifare-desfire-ev1-configure-random-uid.tar.bz2
	local-binenc-scripts/binary-analysis/usr-local-bin-mifare-desfire-format.tar.bz2
	local-binenc-scripts/binary-analysis/usr-local-bin-mifare-desfire-info.tar.bz2
	local-binenc-scripts/binary-analysis/usr-local-bin-mifare-desfire-read-ndef.tar.bz2
	local-binenc-scripts/binary-analysis/usr-local-bin-mifare-desfire-write-ndef.tar.bz2
	local-binenc-scripts/binary-analysis/usr-local-bin-mifare-ultralight-info.tar.bz2
	local-binenc-scripts/binary-analysis/usr-local-bin-minicom.tar.bz2
	local-binenc-scripts/binary-analysis/usr-local-bin-mke2fs.tar.bz2
	local-binenc-scripts/binary-analysis/usr-local-bin-msgattrib.tar.bz2
	local-binenc-scripts/binary-analysis/usr-local-bin-msgcat.tar.bz2
	local-binenc-scripts/binary-analysis/usr-local-bin-msgcmp.tar.bz2
	local-binenc-scripts/binary-analysis/usr-local-bin-msgcomm.tar.bz2
	local-binenc-scripts/binary-analysis/usr-local-bin-msgconv.tar.bz2
	local-binenc-scripts/binary-analysis/usr-local-bin-msgen.tar.bz2
	local-binenc-scripts/binary-analysis/usr-local-bin-msgexec.tar.bz2
	local-binenc-scripts/binary-analysis/usr-local-bin-msgfilter.tar.bz2
	local-binenc-scripts/binary-analysis/usr-local-bin-msgfmt.tar.bz2
	local-binenc-scripts/binary-analysis/usr-local-bin-msggrep.tar.bz2
	local-binenc-scripts/binary-analysis/usr-local-bin-msginit.tar.bz2
	local-binenc-scripts/binary-analysis/usr-local-bin-msgmerge.tar.bz2
	local-binenc-scripts/binary-analysis/usr-local-bin-msgpre.tar.bz2
	local-binenc-scripts/binary-analysis/usr-local-bin-msgunfmt.tar.bz2
	local-binenc-scripts/binary-analysis/usr-local-bin-msguniq.tar.bz2
	local-binenc-scripts/binary-analysis/usr-local-bin-nasm.tar.bz2
	local-binenc-scripts/binary-analysis/usr-local-bin-ncat.tar.bz2
	local-binenc-scripts/binary-analysis/usr-local-bin-ndiff.tar.bz2
	local-binenc-scripts/binary-analysis/usr-local-bin-ndisasm.tar.bz2
	local-binenc-scripts/binary-analysis/usr-local-bin-nfc-anticol.tar.bz2
	local-binenc-scripts/binary-analysis/usr-local-bin-nfc-barcode.tar.bz2
	local-binenc-scripts/binary-analysis/usr-local-bin-nfc-dep-initiator.tar.bz2
	local-binenc-scripts/binary-analysis/usr-local-bin-nfc-dep-target.tar.bz2
	local-binenc-scripts/binary-analysis/usr-local-bin-nfc-emulate-forum-tag2.tar.bz2
	local-binenc-scripts/binary-analysis/usr-local-bin-nfc-emulate-forum-tag4.tar.bz2
	local-binenc-scripts/binary-analysis/usr-local-bin-nfc-emulate-tag.tar.bz2
	local-binenc-scripts/binary-analysis/usr-local-bin-nfc-emulate-uid.tar.bz2
	local-binenc-scripts/binary-analysis/usr-local-bin-nfc-jewel.tar.bz2
	local-binenc-scripts/binary-analysis/usr-local-bin-nfc-list.tar.bz2
	local-binenc-scripts/binary-analysis/usr-local-bin-nfc-mfclassic.tar.bz2
	local-binenc-scripts/binary-analysis/usr-local-bin-nfc-mfsetuid.tar.bz2
	local-binenc-scripts/binary-analysis/usr-local-bin-nfc-mfultralight.tar.bz2
	local-binenc-scripts/binary-analysis/usr-local-bin-nfc-poll.tar.bz2
	local-binenc-scripts/binary-analysis/usr-local-bin-nfc-read-forum-tag3.tar.bz2
	local-binenc-scripts/binary-analysis/usr-local-bin-nfc-relay-picc.tar.bz2
	local-binenc-scripts/binary-analysis/usr-local-bin-nfc-relay.tar.bz2
	local-binenc-scripts/binary-analysis/usr-local-bin-nfc-scan-device.tar.bz2
	local-binenc-scripts/binary-analysis/usr-local-bin-nfc-st25tb.tar.bz2
	local-binenc-scripts/binary-analysis/usr-local-bin-ngettext.tar.bz2
	local-binenc-scripts/binary-analysis/usr-local-bin-ninja.tar.bz2
	local-binenc-scripts/binary-analysis/usr-local-bin-nmap.tar.bz2
	local-binenc-scripts/binary-analysis/usr-local-bin-nping.tar.bz2
	local-binenc-scripts/binary-analysis/usr-local-bin-nproc.tar.bz2
	local-binenc-scripts/binary-analysis/usr-local-bin-numfmt.tar.bz2
	local-binenc-scripts/binary-analysis/usr-local-bin-openssl.tar.bz2
	local-binenc-scripts/binary-analysis/usr-local-bin-pal2rgb.tar.bz2
	local-binenc-scripts/binary-analysis/usr-local-bin-pcre2-config.tar.bz2
	local-binenc-scripts/binary-analysis/usr-local-bin-pcre2grep.tar.bz2
	local-binenc-scripts/binary-analysis/usr-local-bin-pcre2test.tar.bz2
	local-binenc-scripts/binary-analysis/usr-local-bin-pinky.tar.bz2
	local-binenc-scripts/binary-analysis/usr-local-bin-pip3.13.tar.bz2
	local-binenc-scripts/binary-analysis/usr-local-bin-pip3.14.tar.bz2
	local-binenc-scripts/binary-analysis/usr-local-bin-pip3.tar.bz2
	local-binenc-scripts/binary-analysis/usr-local-bin-pkg-config.tar.bz2
	local-binenc-scripts/binary-analysis/usr-local-bin-pkgconf.tar.bz2
	local-binenc-scripts/binary-analysis/usr-local-bin-pn53x-diagnose.tar.bz2
	local-binenc-scripts/binary-analysis/usr-local-bin-pn53x-sam.tar.bz2
	local-binenc-scripts/binary-analysis/usr-local-bin-pn53x-tamashell.tar.bz2
	local-binenc-scripts/binary-analysis/usr-local-bin-png-fix-itxt.tar.bz2
	local-binenc-scripts/binary-analysis/usr-local-bin-pngfix.tar.bz2
	local-binenc-scripts/binary-analysis/usr-local-bin-po-fetch.tar.bz2
	local-binenc-scripts/binary-analysis/usr-local-bin-popt.tar.bz2
	local-binenc-scripts/binary-analysis/usr-local-bin-ppm2tiff.tar.bz2
	local-binenc-scripts/binary-analysis/usr-local-bin-predict.tar.bz2
	local-binenc-scripts/binary-analysis/usr-local-bin-printf_gettext.tar.bz2
	local-binenc-scripts/binary-analysis/usr-local-bin-printf_ngettext.tar.bz2
	local-binenc-scripts/binary-analysis/usr-local-bin-psicc.tar.bz2
	local-binenc-scripts/binary-analysis/usr-local-bin-ptx.tar.bz2
	local-binenc-scripts/binary-analysis/usr-local-bin-pydoc3.13.tar.bz2
	local-binenc-scripts/binary-analysis/usr-local-bin-pydoc3.14.tar.bz2
	local-binenc-scripts/binary-analysis/usr-local-bin-pydoc3.tar.bz2
	local-binenc-scripts/binary-analysis/usr-local-bin-python3-config.tar.bz2
	local-binenc-scripts/binary-analysis/usr-local-bin-python3.13-config.tar.bz2
	local-binenc-scripts/binary-analysis/usr-local-bin-python3.13.tar.bz2
	local-binenc-scripts/binary-analysis/usr-local-bin-python3.14-config.tar.bz2
	local-binenc-scripts/binary-analysis/usr-local-bin-python3.14.tar.bz2
	local-binenc-scripts/binary-analysis/usr-local-bin-python3.tar.bz2
	local-binenc-scripts/binary-analysis/usr-local-bin-pzstd.tar.bz2
	local-binenc-scripts/binary-analysis/usr-local-bin-qprofdiff.tar.bz2
	local-binenc-scripts/binary-analysis/usr-local-bin-raw2tiff.tar.bz2
	local-binenc-scripts/binary-analysis/usr-local-bin-rdjpgcom.tar.bz2
	local-binenc-scripts/binary-analysis/usr-local-bin-realpath.tar.bz2
	local-binenc-scripts/binary-analysis/usr-local-bin-recode-sr-latin.tar.bz2
	local-binenc-scripts/binary-analysis/usr-local-bin-rtmpdump.tar.bz2
	local-binenc-scripts/binary-analysis/usr-local-bin-rtmpgw.tar.bz2
	local-binenc-scripts/binary-analysis/usr-local-bin-rtmpsrv.tar.bz2
	local-binenc-scripts/binary-analysis/usr-local-bin-rtmpsuck.tar.bz2
	local-binenc-scripts/binary-analysis/usr-local-bin-runscript.tar.bz2
	local-binenc-scripts/binary-analysis/usr-local-bin-sage.tar.bz2
	local-binenc-scripts/binary-analysis/usr-local-bin-scalar.tar.bz2
	local-binenc-scripts/binary-analysis/usr-local-bin-sha1sum.tar.bz2
	local-binenc-scripts/binary-analysis/usr-local-bin-sha224sum.tar.bz2
	local-binenc-scripts/binary-analysis/usr-local-bin-sha256sum.tar.bz2
	local-binenc-scripts/binary-analysis/usr-local-bin-sha384sum.tar.bz2
	local-binenc-scripts/binary-analysis/usr-local-bin-sha512sum.tar.bz2
	local-binenc-scripts/binary-analysis/usr-local-bin-shred.tar.bz2
	local-binenc-scripts/binary-analysis/usr-local-bin-shuf.tar.bz2
	local-binenc-scripts/binary-analysis/usr-local-bin-spit.tar.bz2
	local-binenc-scripts/binary-analysis/usr-local-bin-stdbuf.tar.bz2
	local-binenc-scripts/binary-analysis/usr-local-bin-swig.tar.bz2
	local-binenc-scripts/binary-analysis/usr-local-bin-tac.tar.bz2
	local-binenc-scripts/binary-analysis/usr-local-bin-tiff2bw.tar.bz2
	local-binenc-scripts/binary-analysis/usr-local-bin-tiff2pdf.tar.bz2
	local-binenc-scripts/binary-analysis/usr-local-bin-tiff2ps.tar.bz2
	local-binenc-scripts/binary-analysis/usr-local-bin-tiff2rgba.tar.bz2
	local-binenc-scripts/binary-analysis/usr-local-bin-tiffcmp.tar.bz2
	local-binenc-scripts/binary-analysis/usr-local-bin-tiffcp.tar.bz2
	local-binenc-scripts/binary-analysis/usr-local-bin-tiffcrop.tar.bz2
	local-binenc-scripts/binary-analysis/usr-local-bin-tiffdither.tar.bz2
	local-binenc-scripts/binary-analysis/usr-local-bin-tiffdump.tar.bz2
	local-binenc-scripts/binary-analysis/usr-local-bin-tiffinfo.tar.bz2
	local-binenc-scripts/binary-analysis/usr-local-bin-tiffmedian.tar.bz2
	local-binenc-scripts/binary-analysis/usr-local-bin-tiffset.tar.bz2
	local-binenc-scripts/binary-analysis/usr-local-bin-tiffsplit.tar.bz2
	local-binenc-scripts/binary-analysis/usr-local-bin-tificc.tar.bz2
	local-binenc-scripts/binary-analysis/usr-local-bin-timeout.tar.bz2
	local-binenc-scripts/binary-analysis/usr-local-bin-tjbench.tar.bz2
	local-binenc-scripts/binary-analysis/usr-local-bin-train.tar.bz2
	local-binenc-scripts/binary-analysis/usr-local-bin-transicc.tar.bz2
	local-binenc-scripts/binary-analysis/usr-local-bin-truncate.tar.bz2
	local-binenc-scripts/binary-analysis/usr-local-bin-unlz4.tar.bz2
	local-binenc-scripts/binary-analysis/usr-local-bin-unlzma.tar.bz2
	local-binenc-scripts/binary-analysis/usr-local-bin-unxz.tar.bz2
	local-binenc-scripts/binary-analysis/usr-local-bin-unzstd.tar.bz2
	local-binenc-scripts/binary-analysis/usr-local-bin-wget.tar.bz2
	local-binenc-scripts/binary-analysis/usr-local-bin-wheel3.13.tar.bz2
	local-binenc-scripts/binary-analysis/usr-local-bin-wheel3.14.tar.bz2
	local-binenc-scripts/binary-analysis/usr-local-bin-wheel3.tar.bz2
	local-binenc-scripts/binary-analysis/usr-local-bin-wrjpgcom.tar.bz2
	local-binenc-scripts/binary-analysis/usr-local-bin-xgettext.tar.bz2
	local-binenc-scripts/binary-analysis/usr-local-bin-xminicom.tar.bz2
	local-binenc-scripts/binary-analysis/usr-local-bin-xz.tar.bz2
	local-binenc-scripts/binary-analysis/usr-local-bin-xzcat.tar.bz2
	local-binenc-scripts/binary-analysis/usr-local-bin-xzcmp.tar.bz2
	local-binenc-scripts/binary-analysis/usr-local-bin-xzdec.tar.bz2
	local-binenc-scripts/binary-analysis/usr-local-bin-xzdiff.tar.bz2
	local-binenc-scripts/binary-analysis/usr-local-bin-xzegrep.tar.bz2
	local-binenc-scripts/binary-analysis/usr-local-bin-xzfgrep.tar.bz2
	local-binenc-scripts/binary-analysis/usr-local-bin-xzgrep.tar.bz2
	local-binenc-scripts/binary-analysis/usr-local-bin-xzless.tar.bz2
	local-binenc-scripts/binary-analysis/usr-local-bin-xzmore.tar.bz2
	local-binenc-scripts/binary-analysis/usr-local-bin-z3.tar.bz2
	local-binenc-scripts/binary-analysis/usr-local-bin-zstd.tar.bz2
	local-binenc-scripts/binary-analysis/usr-local-bin-zstdcat.tar.bz2
	local-binenc-scripts/binary-analysis/usr-local-bin-zstdgrep.tar.bz2
	local-binenc-scripts/binary-analysis/usr-local-bin-zstdless.tar.bz2
	local-binenc-scripts/binary-analysis/usr-local-bin-zstdmt.tar.bz2
	local-binenc-scripts/binary-analysis/usr-sbin-BTLEServer.tar.bz2
	local-binenc-scripts/binary-analysis/usr-sbin-BTLEServerAgent.tar.bz2
	local-binenc-scripts/binary-analysis/usr-sbin-BlueTool.tar.bz2
	local-binenc-scripts/binary-analysis/usr-sbin-BootCacheControl.tar.bz2
	local-binenc-scripts/binary-analysis/usr-sbin-DevToolsSecurity.tar.bz2
	local-binenc-scripts/binary-analysis/usr-sbin-DirectoryService.tar.bz2
	local-binenc-scripts/binary-analysis/usr-sbin-KernelEventAgent.tar.bz2
	local-binenc-scripts/binary-analysis/usr-sbin-PasswordService.tar.bz2
	local-binenc-scripts/binary-analysis/usr-sbin-WirelessRadioManagerd.tar.bz2
	local-binenc-scripts/binary-analysis/usr-sbin-ab.tar.bz2
	local-binenc-scripts/binary-analysis/usr-sbin-ac.tar.bz2
	local-binenc-scripts/binary-analysis/usr-sbin-accton.tar.bz2
	local-binenc-scripts/binary-analysis/usr-sbin-amt.tar.bz2
	local-binenc-scripts/binary-analysis/usr-sbin-apachectl.tar.bz2
	local-binenc-scripts/binary-analysis/usr-sbin-applecamerad.tar.bz2
	local-binenc-scripts/binary-analysis/usr-sbin-appleh13camerad.tar.bz2
	local-binenc-scripts/binary-analysis/usr-sbin-appsleepd.tar.bz2
	local-binenc-scripts/binary-analysis/usr-sbin-arp.tar.bz2
	local-binenc-scripts/binary-analysis/usr-sbin-aslmanager.tar.bz2
	local-binenc-scripts/binary-analysis/usr-sbin-asr.tar.bz2
	local-binenc-scripts/binary-analysis/usr-sbin-audit.tar.bz2
	local-binenc-scripts/binary-analysis/usr-sbin-auditd.tar.bz2
	local-binenc-scripts/binary-analysis/usr-sbin-auditreduce.tar.bz2
	local-binenc-scripts/binary-analysis/usr-sbin-authserver.tar.bz2
	local-binenc-scripts/binary-analysis/usr-sbin-automount.tar.bz2
	local-binenc-scripts/binary-analysis/usr-sbin-avbdeviced.tar.bz2
	local-binenc-scripts/binary-analysis/usr-sbin-bless.tar.bz2
	local-binenc-scripts/binary-analysis/usr-sbin-bluetoothd.tar.bz2
	local-binenc-scripts/binary-analysis/usr-sbin-bnepd.tar.bz2
	local-binenc-scripts/binary-analysis/usr-sbin-cfprefsd.tar.bz2
	local-binenc-scripts/binary-analysis/usr-sbin-chat.tar.bz2
	local-binenc-scripts/binary-analysis/usr-sbin-checkgid.tar.bz2
	local-binenc-scripts/binary-analysis/usr-sbin-chown.tar.bz2
	local-binenc-scripts/binary-analysis/usr-sbin-chroot.tar.bz2
	local-binenc-scripts/binary-analysis/usr-sbin-ckksctl.tar.bz2
	local-binenc-scripts/binary-analysis/usr-sbin-coreaudiod.tar.bz2
	local-binenc-scripts/binary-analysis/usr-sbin-createhomedir.tar.bz2
	local-binenc-scripts/binary-analysis/usr-sbin-cron.tar.bz2
	local-binenc-scripts/binary-analysis/usr-sbin-cupsaccept.tar.bz2
	local-binenc-scripts/binary-analysis/usr-sbin-cupsctl.tar.bz2
	local-binenc-scripts/binary-analysis/usr-sbin-cupsd.tar.bz2
	local-binenc-scripts/binary-analysis/usr-sbin-cupsdisable.tar.bz2
	local-binenc-scripts/binary-analysis/usr-sbin-cupsenable.tar.bz2
	local-binenc-scripts/binary-analysis/usr-sbin-cupsfilter.tar.bz2
	local-binenc-scripts/binary-analysis/usr-sbin-cupsreject.tar.bz2
	local-binenc-scripts/binary-analysis/usr-sbin-cvadmin.tar.bz2
	local-binenc-scripts/binary-analysis/usr-sbin-cvdb.tar.bz2
	local-binenc-scripts/binary-analysis/usr-sbin-cvdbset.tar.bz2
	local-binenc-scripts/binary-analysis/usr-sbin-cvfsck.tar.bz2
	local-binenc-scripts/binary-analysis/usr-sbin-cvfsdb.tar.bz2
	local-binenc-scripts/binary-analysis/usr-sbin-cvfsid.tar.bz2
	local-binenc-scripts/binary-analysis/usr-sbin-cvgather.tar.bz2
	local-binenc-scripts/binary-analysis/usr-sbin-cvlabel.tar.bz2
	local-binenc-scripts/binary-analysis/usr-sbin-cvmkfs.tar.bz2
	local-binenc-scripts/binary-analysis/usr-sbin-cvupdatefs.tar.bz2
	local-binenc-scripts/binary-analysis/usr-sbin-cvversions.tar.bz2
	local-binenc-scripts/binary-analysis/usr-sbin-dbmmanage.tar.bz2
	local-binenc-scripts/binary-analysis/usr-sbin-ddns-confgen.tar.bz2
	local-binenc-scripts/binary-analysis/usr-sbin-dev_mkdb.tar.bz2
	local-binenc-scripts/binary-analysis/usr-sbin-disktool.tar.bz2
	local-binenc-scripts/binary-analysis/usr-sbin-diskutil.tar.bz2
	local-binenc-scripts/binary-analysis/usr-sbin-distnoted.tar.bz2
	local-binenc-scripts/binary-analysis/usr-sbin-dnctl.tar.bz2
	local-binenc-scripts/binary-analysis/usr-sbin-dot_clean.tar.bz2
	local-binenc-scripts/binary-analysis/usr-sbin-dsconfigad.tar.bz2
	local-binenc-scripts/binary-analysis/usr-sbin-dsconfigldap.tar.bz2
	local-binenc-scripts/binary-analysis/usr-sbin-dseditgroup.tar.bz2
	local-binenc-scripts/binary-analysis/usr-sbin-dsenableroot.tar.bz2
	local-binenc-scripts/binary-analysis/usr-sbin-dtrace.tar.bz2
	local-binenc-scripts/binary-analysis/usr-sbin-edquota.tar.bz2
	local-binenc-scripts/binary-analysis/usr-sbin-envvars-std.tar.bz2
	local-binenc-scripts/binary-analysis/usr-sbin-envvars.tar.bz2
	local-binenc-scripts/binary-analysis/usr-sbin-fcgistarter.tar.bz2
	local-binenc-scripts/binary-analysis/usr-sbin-fdisk.tar.bz2
	local-binenc-scripts/binary-analysis/usr-sbin-filecoordinationd.tar.bz2
	local-binenc-scripts/binary-analysis/usr-sbin-firmwarepasswd.tar.bz2
	local-binenc-scripts/binary-analysis/usr-sbin-gpt.tar.bz2
	local-binenc-scripts/binary-analysis/usr-sbin-graphicssession.tar.bz2
	local-binenc-scripts/binary-analysis/usr-sbin-gssd.tar.bz2
	local-binenc-scripts/binary-analysis/usr-sbin-hdik.tar.bz2
	local-binenc-scripts/binary-analysis/usr-sbin-htcacheclean.tar.bz2
	local-binenc-scripts/binary-analysis/usr-sbin-htdbm.tar.bz2
	local-binenc-scripts/binary-analysis/usr-sbin-htdigest.tar.bz2
	local-binenc-scripts/binary-analysis/usr-sbin-htpasswd.tar.bz2
	local-binenc-scripts/binary-analysis/usr-sbin-httpd-wrapper.tar.bz2
	local-binenc-scripts/binary-analysis/usr-sbin-httpd.tar.bz2
	local-binenc-scripts/binary-analysis/usr-sbin-httxt2dbm.tar.bz2
	local-binenc-scripts/binary-analysis/usr-sbin-iRATBW.mlmodelc.tar.bz2
	local-binenc-scripts/binary-analysis/usr-sbin-installer.tar.bz2
	local-binenc-scripts/binary-analysis/usr-sbin-ioalloccount.tar.bz2
	local-binenc-scripts/binary-analysis/usr-sbin-ioclasscount.tar.bz2
	local-binenc-scripts/binary-analysis/usr-sbin-ioreg.tar.bz2
	local-binenc-scripts/binary-analysis/usr-sbin-iostat.tar.bz2
	local-binenc-scripts/binary-analysis/usr-sbin-ipconfig.tar.bz2
	local-binenc-scripts/binary-analysis/usr-sbin-kadmin.local.tar.bz2
	local-binenc-scripts/binary-analysis/usr-sbin-kadmin.tar.bz2
	local-binenc-scripts/binary-analysis/usr-sbin-kcditto.tar.bz2
	local-binenc-scripts/binary-analysis/usr-sbin-kdcsetup.tar.bz2
	local-binenc-scripts/binary-analysis/usr-sbin-kextcache.tar.bz2
	local-binenc-scripts/binary-analysis/usr-sbin-kextfind.tar.bz2
	local-binenc-scripts/binary-analysis/usr-sbin-kextlibs.tar.bz2
	local-binenc-scripts/binary-analysis/usr-sbin-kextstat.tar.bz2
	local-binenc-scripts/binary-analysis/usr-sbin-klist_cdhashes.tar.bz2
	local-binenc-scripts/binary-analysis/usr-sbin-krbservicesetup.tar.bz2
	local-binenc-scripts/binary-analysis/usr-sbin-ktutil.tar.bz2
	local-binenc-scripts/binary-analysis/usr-sbin-languagesetup.tar.bz2
	local-binenc-scripts/binary-analysis/usr-sbin-localemanager.tar.bz2
	local-binenc-scripts/binary-analysis/usr-sbin-logresolve.tar.bz2
	local-binenc-scripts/binary-analysis/usr-sbin-lpadmin.tar.bz2
	local-binenc-scripts/binary-analysis/usr-sbin-lpc.tar.bz2
	local-binenc-scripts/binary-analysis/usr-sbin-lpinfo.tar.bz2
	local-binenc-scripts/binary-analysis/usr-sbin-lpmove.tar.bz2
	local-binenc-scripts/binary-analysis/usr-sbin-lsof.tar.bz2
	local-binenc-scripts/binary-analysis/usr-sbin-mDNSResponder.tar.bz2
	local-binenc-scripts/binary-analysis/usr-sbin-mDNSResponderHelper.tar.bz2
	local-binenc-scripts/binary-analysis/usr-sbin-mkextunpack.tar.bz2
	local-binenc-scripts/binary-analysis/usr-sbin-mkfile.tar.bz2
	local-binenc-scripts/binary-analysis/usr-sbin-mkpassdb.tar.bz2
	local-binenc-scripts/binary-analysis/usr-sbin-mtree.tar.bz2
	local-binenc-scripts/binary-analysis/usr-sbin-ndp.tar.bz2
	local-binenc-scripts/binary-analysis/usr-sbin-netbiosd.tar.bz2
	local-binenc-scripts/binary-analysis/usr-sbin-netstat.tar.bz2
	local-binenc-scripts/binary-analysis/usr-sbin-networksetup.tar.bz2
	local-binenc-scripts/binary-analysis/usr-sbin-newsyslog.tar.bz2
	local-binenc-scripts/binary-analysis/usr-sbin-nfs4mapid.tar.bz2
	local-binenc-scripts/binary-analysis/usr-sbin-nlcontrol.tar.bz2
	local-binenc-scripts/binary-analysis/usr-sbin-notifyd.tar.bz2
	local-binenc-scripts/binary-analysis/usr-sbin-nvram.tar.bz2
	local-binenc-scripts/binary-analysis/usr-sbin-ocspd.tar.bz2
	local-binenc-scripts/binary-analysis/usr-sbin-otctl.tar.bz2
	local-binenc-scripts/binary-analysis/usr-sbin-pdisk.tar.bz2
	local-binenc-scripts/binary-analysis/usr-sbin-periodic.tar.bz2
	local-binenc-scripts/binary-analysis/usr-sbin-pkgutil.tar.bz2
	local-binenc-scripts/binary-analysis/usr-sbin-postalias.tar.bz2
	local-binenc-scripts/binary-analysis/usr-sbin-postcat.tar.bz2
	local-binenc-scripts/binary-analysis/usr-sbin-postconf.tar.bz2
	local-binenc-scripts/binary-analysis/usr-sbin-postdrop.tar.bz2
	local-binenc-scripts/binary-analysis/usr-sbin-postfix.tar.bz2
	local-binenc-scripts/binary-analysis/usr-sbin-postkick.tar.bz2
	local-binenc-scripts/binary-analysis/usr-sbin-postlock.tar.bz2
	local-binenc-scripts/binary-analysis/usr-sbin-postlog.tar.bz2
	local-binenc-scripts/binary-analysis/usr-sbin-postmap.tar.bz2
	local-binenc-scripts/binary-analysis/usr-sbin-postmulti.tar.bz2
	local-binenc-scripts/binary-analysis/usr-sbin-postqueue.tar.bz2
	local-binenc-scripts/binary-analysis/usr-sbin-postsuper.tar.bz2
	local-binenc-scripts/binary-analysis/usr-sbin-pppd.tar.bz2
	local-binenc-scripts/binary-analysis/usr-sbin-praudit.tar.bz2
	local-binenc-scripts/binary-analysis/usr-sbin-purge.tar.bz2
	local-binenc-scripts/binary-analysis/usr-sbin-pwd_mkdb.tar.bz2
	local-binenc-scripts/binary-analysis/usr-sbin-quotaoff.tar.bz2
	local-binenc-scripts/binary-analysis/usr-sbin-quotaon.tar.bz2
	local-binenc-scripts/binary-analysis/usr-sbin-racoon.tar.bz2
	local-binenc-scripts/binary-analysis/usr-sbin-rarpd.tar.bz2
	local-binenc-scripts/binary-analysis/usr-sbin-repairHomePermissions.tar.bz2
	local-binenc-scripts/binary-analysis/usr-sbin-repquota.tar.bz2
	local-binenc-scripts/binary-analysis/usr-sbin-rotatelogs.tar.bz2
	local-binenc-scripts/binary-analysis/usr-sbin-rpc.lockd.tar.bz2
	local-binenc-scripts/binary-analysis/usr-sbin-rpc.statd.tar.bz2
	local-binenc-scripts/binary-analysis/usr-sbin-rpcbind.tar.bz2
	local-binenc-scripts/binary-analysis/usr-sbin-rpcinfo.tar.bz2
	local-binenc-scripts/binary-analysis/usr-sbin-rtadvd.tar.bz2
	local-binenc-scripts/binary-analysis/usr-sbin-sa.tar.bz2
	local-binenc-scripts/binary-analysis/usr-sbin-sc_auth.tar.bz2
	local-binenc-scripts/binary-analysis/usr-sbin-screencapture.tar.bz2
	local-binenc-scripts/binary-analysis/usr-sbin-scselect.tar.bz2
	local-binenc-scripts/binary-analysis/usr-sbin-scutil.tar.bz2
	local-binenc-scripts/binary-analysis/usr-sbin-securityd.tar.bz2
	local-binenc-scripts/binary-analysis/usr-sbin-sendmail.tar.bz2
	local-binenc-scripts/binary-analysis/usr-sbin-serverinfo.tar.bz2
	local-binenc-scripts/binary-analysis/usr-sbin-setkey.tar.bz2
	local-binenc-scripts/binary-analysis/usr-sbin-setquota.tar.bz2
	local-binenc-scripts/binary-analysis/usr-sbin-sharing.tar.bz2
	local-binenc-scripts/binary-analysis/usr-sbin-skywalkctl.tar.bz2
	local-binenc-scripts/binary-analysis/usr-sbin-slapacl.tar.bz2
	local-binenc-scripts/binary-analysis/usr-sbin-slapadd.tar.bz2
	local-binenc-scripts/binary-analysis/usr-sbin-slapauth.tar.bz2
	local-binenc-scripts/binary-analysis/usr-sbin-slapcat.tar.bz2
	local-binenc-scripts/binary-analysis/usr-sbin-slapconfig.tar.bz2
	local-binenc-scripts/binary-analysis/usr-sbin-slapdn.tar.bz2
	local-binenc-scripts/binary-analysis/usr-sbin-slapindex.tar.bz2
	local-binenc-scripts/binary-analysis/usr-sbin-slappasswd.tar.bz2
	local-binenc-scripts/binary-analysis/usr-sbin-slapschema.tar.bz2
	local-binenc-scripts/binary-analysis/usr-sbin-slaptest.tar.bz2
	local-binenc-scripts/binary-analysis/usr-sbin-smbd.tar.bz2
	local-binenc-scripts/binary-analysis/usr-sbin-smbdiagnose.tar.bz2
	local-binenc-scripts/binary-analysis/usr-sbin-sndiskmove.tar.bz2
	local-binenc-scripts/binary-analysis/usr-sbin-snmpd.tar.bz2
	local-binenc-scripts/binary-analysis/usr-sbin-snmptrapd.tar.bz2
	local-binenc-scripts/binary-analysis/usr-sbin-snquota.tar.bz2
	local-binenc-scripts/binary-analysis/usr-sbin-sntpd.tar.bz2
	local-binenc-scripts/binary-analysis/usr-sbin-softwareupdate.tar.bz2
	local-binenc-scripts/binary-analysis/usr-sbin-spctl.tar.bz2
	local-binenc-scripts/binary-analysis/usr-sbin-spindump.tar.bz2
	local-binenc-scripts/binary-analysis/usr-sbin-spray.tar.bz2
	local-binenc-scripts/binary-analysis/usr-sbin-sshd.tar.bz2
	local-binenc-scripts/binary-analysis/usr-sbin-sso_util.tar.bz2
	local-binenc-scripts/binary-analysis/usr-sbin-sysadminctl.tar.bz2
	local-binenc-scripts/binary-analysis/usr-sbin-sysctl.tar.bz2
	local-binenc-scripts/binary-analysis/usr-sbin-syslogd.tar.bz2
	local-binenc-scripts/binary-analysis/usr-sbin-system_profiler.tar.bz2
	local-binenc-scripts/binary-analysis/usr-sbin-systemkeychain.tar.bz2
	local-binenc-scripts/binary-analysis/usr-sbin-systemsetup.tar.bz2
	local-binenc-scripts/binary-analysis/usr-sbin-systemsoundserverd.tar.bz2
	local-binenc-scripts/binary-analysis/usr-sbin-systemstats.tar.bz2
	local-binenc-scripts/binary-analysis/usr-sbin-taskpolicy.tar.bz2
	local-binenc-scripts/binary-analysis/usr-sbin-tcpdump.tar.bz2
	local-binenc-scripts/binary-analysis/usr-sbin-traceroute.tar.bz2
	local-binenc-scripts/binary-analysis/usr-sbin-traceroute6.tar.bz2
	local-binenc-scripts/binary-analysis/usr-sbin-tsig-keygen.tar.bz2
	local-binenc-scripts/binary-analysis/usr-sbin-uasysdiagnose.tar.bz2
	local-binenc-scripts/binary-analysis/usr-sbin-universalaccessd.tar.bz2
	local-binenc-scripts/binary-analysis/usr-sbin-unsetpassword.tar.bz2
	local-binenc-scripts/binary-analysis/usr-sbin-usernoted.tar.bz2
	local-binenc-scripts/binary-analysis/usr-sbin-uuchk.tar.bz2
	local-binenc-scripts/binary-analysis/usr-sbin-uucico.tar.bz2
	local-binenc-scripts/binary-analysis/usr-sbin-uuconv.tar.bz2
	local-binenc-scripts/binary-analysis/usr-sbin-uusched.tar.bz2
	local-binenc-scripts/binary-analysis/usr-sbin-uuxqt.tar.bz2
	local-binenc-scripts/binary-analysis/usr-sbin-vifs.tar.bz2
	local-binenc-scripts/binary-analysis/usr-sbin-vipw.tar.bz2
	local-binenc-scripts/binary-analysis/usr-sbin-visudo.tar.bz2
	local-binenc-scripts/binary-analysis/usr-sbin-vpnd.tar.bz2
	local-binenc-scripts/binary-analysis/usr-sbin-vsdbutil.tar.bz2
	local-binenc-scripts/binary-analysis/usr-sbin-weakpass_edit.tar.bz2
	local-binenc-scripts/binary-analysis/usr-sbin-wfsctl.tar.bz2
	local-binenc-scripts/binary-analysis/usr-sbin-xartutil.tar.bz2
	local-binenc-scripts/binary-analysis/usr-sbin-xsanctl.tar.bz2
	local-binenc-scripts/binary-analysis/usr-sbin-xscertadmin.tar.bz2
	local-binenc-scripts/binary-analysis/usr-sbin-zdump.tar.bz2
	local-binenc-scripts/binary-analysis/usr-sbin-zic.tar.bz2
	macos-screenshots/
	maxieds-Desktop.DS_Store
	misc-docs/
	misc-hints/HintsAtDylibLoaders/
	misc-hints/Library/
	misc-hints/System-Library/
	misc-hints/System-Volumes-Data-Previous_content-boot/
	misc-hints/System-Volumes-Data-boot/
	misc-hints/System-Volumes-Data-dot_PreviousSystemInformation/
	misc-hints/System-Volumes-Data-opt-local-Library-Frameworks/
	misc-hints/System-Volumes-Data-opt-local-Library-Java/
	misc-hints/System-Volumes-Data-opt-local-include/
	misc-hints/System-Volumes-Data-opt-local-share-man/
	misc-hints/System-Volumes-Preboot/
	misc-hints/System-Volumes-Update/
	misc-hints/System-Volumes-VM/
	../../git-restart-logs/_dot_git-pre_911_25th_new_github_2GiB_note_fileSizeSpelling_push_limits_how_convenient/
	../../git-restart-logs/git-commit-pre_porche911_rem-files-list.out
	../../git-restart-logs/git-fsck-rpc-hangup-resolution-attempt.1.out
	../../git-restart-logs/git-gc-rpc-hangup-resolution-attempt.1.out
	../../git-restart-logs/git-push-debugging.1.out
	../../git-restart-logs/git-push-debugging.2.out
	../../git-restart-logs/git-push-debugging.3.out
	../../git-restart-logs/git-push-partial-debug.0.out_dot_swp

nothing added to commit but untracked files present (use "git add" to track)
