:02000004FF00FB
:204000004252434D63666744000000008B3F01000301F401C8242100020301020103010129
:2040200003010101030202010707010103020102030102010103010202030201030302023A
:204040000000000000000000191B0D00000000000000000000000000F91A0D0000000000FF
:204060007D750A008F750A00331B0D000000000059650D000D00060079650D000400060008
:2040800091650D00040006001D0100000000000000000000000000003F00010000000000B5
:2040A0000000000000000000DB000001000000000000000000000000AF0000000100000074
:2040C000000000000000000039000000000100000000000000000000910200000000010012
:2040E0000000000000000000950000000000000100000000000000001B000000000000000F
:2041000001000000000000000301F401B82521000906000000000000000100000000000097
:20412000150200000000000000000100000000003B0100000000000000000001000000002A
:20414000DD0000000000000000000000010000009D040000000000000000000000010000DF
:204160004F010000000000000000000000000100E700000000000000000000000000000106
:204180008FB06CBF9B8B92CFD418D2ABA075E200EFEFF6CF58C2187FB359763DF6E30100E1
:2041A0008B8019195A0A03B13A6C6CF6BE010000D96A73D37F4617DE6999B86A010000007B
:2041C00047527155EC50DA91320663010000000011834654C06CAA52932C00000000000028
:2041E00073A0F379E2FCFFF7B3000000000000002580ECC75B81ABA1000000000000000039
:204200000301F401A82621004DB0D81180C902000000000000000000BBA4F9248E05000076
:204220000000000000000000D72460A70C0000000000000000000000B9269C1C00000000D9
:204240000000000000000000E3D926000000000000000000000000007743000000000000C2
:204260000000000000000000890000000000000000000000000000000000005A000000005B
:204280000000000000000000000000000000000019400D0019400D00000000000000000052
:2042A000273F0D00000000000000000027400D0003410D0000000000273F0D000000000053
:2042C000393F0D000000000003410D0000000000273F0D0000000000393F0D000000000010
:2042E0000000000041410D00273F0D0000000000393F0D0055410D000301F40198272100BB
:204300000000000000000000273F0D0000000000393F0D0059410D000000000000000000FE
:20432000000000000100000028000000010000000100000000000000000000000000000052
:204340000000000080000000800000008000000080000000800000008000000080000000DD
:20436000800000000000000000000000000000000000580200000000000000000000000063
:2043800000000000000000000000000004040000200000000000000000000000FF000000F6
:2043A00000FF0000CEFF00000AF1B50000FF00C00000C000020301000000010101010100F7
:2043C0000000000000000000000000000000000000000000000000000000000000000000DD
:2043E000000000000000000000000000000000000301F40188282100FFFFFFFFFFFFFFFFFB
:20440000FFFFFFFFFFFFFFFFFFFFFFFFFFFFFFFFFFFFFFFFFFFFFFFFFFFFFFFFFFFFFFFFBC
:20442000FFFFFFFFFFFFFFFFFFFFFFFFFFFFFFFFFFFFFFFFFFFFFFFFFFFFFFFFFFFFFFFF9C
:20444000FFFFFFFFFFFFFFFFFFFFFFFFFFFFFFFFFFFFFFFFFFFFFFFFFFFFFFFFFFFFFFFF7C
:20446000FFFFFFFFFFFFFFFFFFFFFFFFFFFFFFFFFFFFFFFFFFFFFFFFFFFFFFFFFFFFFFFF5C
:20448000FFFFFFFFFFFFFFFFFFFFFFFFFFFFFFFFFFFFFFFFFFFFFFFFFFFFFFFFFFFFFFFF3C
:2044A000FFFFFFFFFFFFFFFFFFFFFFFFFFFFFFFFFFFFFFFFFFFFFFFFFFFFFFFFFFFFFFFF1C
:2044C000FFFFFFFFFFFFFFFFFFFFFFFFFFFFFFFFFFFFFFFFFFFFFFFFFFFFFFFFFFFFFFFFFC
:2044E000FFFFFFFFFFFFFFFF0301F40178292100FFFFFFFFFFFFFFFFFFFFFFFFFFFFFFFF19
:20450000FFFFFFFFFFFFFFFF000000006E0000000E00000040420F0073990D00D81E0C007B
:204520006ACD0A00ADA00900A5940800C3A50700DCD006001B130600FD69050044D30400C8
:20454000EE4C040035D50300806A0300660B0300A4B60200196B0200C6270200C5EB01002D
:204560004AB60100000000005F4A3E342D28232034302D282623211F7F604E4138322D2818
:20458000413C38322F2D2A28A1785F50443D3731504A443D3A373331E39D7A64564B433E65
:2045A000645C564B4743413EFEB488705F53494270685F534D494542FFFBB18C76665A5046
:2045C0008C847666605A55502D2A272522201E1C23211F1D1B1918173935312E2B28262424
:2045E0000301F401682A21002C29272523211F1D49443F3A3734312F3835322F2D2B2825AA
:204600005F59514C47433F3C4844403D3A3734316C686057504E4845534F4B47433F3C3881
:20462000847E726A615C5752645E5A52504A47435F4A3E342D28232034302D282623211FAF
:204640007F604E4138322D28413C38322F2D2A28A1785F50443D3731504A443D3A373331F7
:20466000E39D7A64564B433E645C564B4743413EFEB488705F53494270685F534D494542C2
:20468000FFFBB18C76665A508C847666605A55502D2A272522201E1C23211F1D1B19181710
:2046A0003935312E2B2826242C29272523211F1D49443F3A3734312F3835322F2D2B28252B
:2046C0005F59514C47433F3C4844403D3A3734316C686057504E48450301F401582B21004E
:2046E000534F4B47433F3C38847E726A615C5752645E5A52504A47435640362E2925211F32
:204700002D2B282623221F1E785A4D423A35302D413D3A3733312E2CA67D6B5C524B44408C
:204720005B56514D4845413EEFB59B86786E645E857E76716A65605BFFC8AC95857A6F695E
:20474000938B837D75716A66FFFFDCBFAB9D8F87BDB3A9A1979189835640362E2925211F18
:204760002D2B282623221F1E785A4D423A35302D413D3A3733312E2CA67D6B5C524B44402C
:204780005B56514D4845413EEFB59B86786E645E857E76716A65605BFFC8AC95857A6F69FE
:2047A000938B837D75716A66FFFFDCBFAB9D8F87BDB3A9A197918983FF0000000100000040
:2047C000010000000000000000000000000000000301F401482C210000000000000000004A
:2047E0000000000000000000000000000000000000000000000000000000000001000000B8
:2048000000000000010000000D610D000000080055620D0008000800B1620D00D100070048
:204820004161070000000000DF620D0005000700E7B80D000000580011630D0000000600EA
:204840002F630D0000000F00556E0D0003000000A9650D0011000600C3650D0000000F0061
:20486000816E0D000D000000DD650D0005005400A1670D0004005600BD6C0D000A000600D2
:2048800031680D000400060085680D0006000600AF680D000000000091DE0D0000000600BC
:2048A000A36A0D0006000600000000000000000000000000000000000000000000000000D2
:2048C00030000000415353450301F401382D210052543A206C6D5F636D6448616E646C6545
:2048E000725461626C655B6C6D5F637572436D642E69645D20213D204E554C4C0A00000032
:20490000000000000000000000000000000000000000000000000000000000000000000097
:20492000000000000000000000000000000000000000000000000000000000000000000077
:20494000000000000000000000000000000000000000000000000000000000000000000057
:20496000000000000000000000000000000000000000000000000000000000000000000037
:20498000000000000000000000000000000000000000000000000000000000000000000017
:2049A0000000000000000000000000000000000000000000000000000000000000000000F7
:2049C0000301F401282E21000000000000000000B0000000544F444F000000000000000081
:2049E0000000000000000000000000000000000000000000000000000000000000000000B7
:204A0000000000000000000000000000000000000000000000000000000000000000000096
:204A2000000000000000000000000000000000000000000000000000000000000000000076
:204A4000000000000000000000000000000000000000000000000000000000000000000056
:204A6000000000000000000000000000000000000000000000000000000000000000000036
:204A8000000000000000000000000000000000000000000000000000000000000000000016
:204AA0000000000000000000000000000000000000000000000000000301F401182F210095
:204AC000000000000000000000000000000000000000000000000000B0000000556E68619A
:204AE0006E646C6564206D65737361676500000000000000000000000000000000000000AA
:204B0000000000000000000000000000000000000000000000000000000000000000000095
:204B2000000000000000000000000000000000000000000000000000000000000000000075
:204B4000000000000000000000000000000000000000000000000000000000000000000055
:204B6000000000000000000000000000000000000000000000000000000000000000000035
:204B8000000000000000000000000000000000000000000000000000000000000000000015
:204BA0000000000000000000000000000000000003012C083021000000000000000000006C
:204BC0000000000000000000000000000000000000000000000000000000000000000003D2
:204BE00001F40140302100000000000000000000000000000000000000000000000000002E
:204C0000000000000000000000000000000000000000000000000000000000000000000094
:204C2000000000000000000000000000000000000000000000000000000000000000000074
:204C4000000000000000000000000000000000000000000000000000000000000000000054
:204C6000000000000000000000000000000000000000000000000000000000000000000034
:204C8000000000000000000000000000000000000000000000000000000000000000000014
:204CA0000000000000000000000000000000000000000000000000000000000000000000F4
:204CC00000000000000000000000000000000000000000000000000301F401303121000059
:204CE0000000000000000000000000000000000000000000000000000000000000000000B4
:204D0000000000000000000000000000000000000000000000000000000000000000000093
:204D2000000000000000000000000000000000000000000000000000000000000000000073
:204D4000000000000000000000000000000000000000000000000000000000000000000053
:204D6000000000000000000000000000000000000000000000000000000000000000000033
:204D8000000000000000000000000000000000000000000000000000000000000000000013
:204DA0000000000000000000000000000000000000000000000000000000000000000000F3
:204DC0000000000000000000000000000000000301F4012032210000000000000000000067
:204DE0000000000000000000000000000000000000000000000000000000000000000000B3
:204E0000000000000000000000000000000000000000000000000000000000000000000092
:204E2000000000000000000000000000000000000000000000000000000000000000000072
:204E4000000000000000000000000000000000000000000000000000000000000000000052
:204E6000000000000000000000000000000000000000000000000000000000000000000032
:204E8000000000000000000000000000000000000000000000000000000000000000000012
:204EA0000000000000000000000000000000000000000000000000000000000000000000F2
:204EC000000000000000000301F40110332100000000000000000000000000000000000075
:204EE0000000000000000000000000000000000000000000000000000000000000000000B2
:204F0000000000000000000000000000000000000000000000000000000000000000000091
:204F2000000000000000000000000000000000000000000000000000000000000000000071
:204F4000000000000000000000000000000000000000000000000000000000000000000051
:204F6000000000000000000000000000000000000000000000000000000000000000000031
:204F8000000000000000000000000000000000000000000000000000000000000000000011
:204FA0000000000000000000000000000000000000000000000000000000000000000003EE
:204FC00001F401003421000000000000000000000000000000000000000000000000000086
:204FE0000000000000000000000000000000000000000000000000000000000000000000B1
:20500000000000000000000000000000000000000000000000000000000000000000000090
:20502000000000000000000000000000000000000000000000000000000000000000000070
:20504000000000000000000000000000000000000000000000000000000000000000000050
:20506000000000000000000000000000000000000000000000000000000000000000000030
:20508000000000000000000000000000000000000000000000000000000000000000000010
:2050A00000000000000000000000000000000000000000000000000301F401F034210000B2
:2050C0000000000000000000000000000000000000000000000000000000000000000000D0
:2050E0000000000000000000000000000000000000000000000000000000000000000000B0
:2051000000000000000000000000000000000000000000000000000000000000000000008F
:2051200000000000000000000000000000000000000000000000000000000000000000006F
:2051400000000000000000000000000000000000000000000000000000000000000000004F
:2051600000000000000000000000000000000000000000000000000000000000000000002F
:2051800000000000000000000000000000000000000000000000000000000000000000000F
:2051A0000000000000000000000000000000000301F401E0352100000000000000000000C0
:2051C0000000000000000000000000000000000000000000000000000000000000000000CF
:2051E0000000000000000000000000000000000000000000000000000000000000000000AF
:2052000000000000000000000000000000000000000000000000000000000000000000008E
:2052200000000000000000000000000000000000000000000000000000000000000000006E
:2052400000000000000000000000000000000000000000000000000000000000000000004E
:2052600000000000000000000000000000000000000000000000000000000000000000002E
:2052800000000000000000000000000000000000000000000000000000000000000000000E
:2052A000000000000000000301F401D03621000000000000000000000000000000000000CE
:2052C0000000000000000000000000000000000000000000000000000000000000000000CE
:2052E0000000000000000000000000000000000000000000000000000000000000000000AE
:2053000000000000000000000000000000000000000000000000000000000000000000008D
:2053200000000000000000000000000000000000000000000000000000000000000000006D
:2053400000000000000000000000000000000000000000000000000000000000000000004D
:2053600000000000000000000000000000000000000000000000000000000000000000002D
:2053800000000000000000000000000000000000000000000000000000000000000000030A
:2053A00001B801C0372100000000000000000000000000000000000000000000000000001B
:2053C0000000000000000000000000000000000000000000000000000000000000000000CD
:2053E0000000000000000000000000000000000000000000000000000000000000000000AD
:2054000000000000000000000000000000000000000000000000000000000000000000008C
:2054200000000000000000000000000000000000000000000000000000000000000000006C
:205440000000000000000000000000000000000000000000000000000000000301063C30D6
:2054600021004D10030108383021000F000000030108343021005700540003010632302141
:2054800000570003010530302100B50301F40100030D0002B0BDE8F04100F021B9BDE8F086
:2054A0004100F0E7B9BDE8F04100F0DBBA000000F0DEFC70BD000001F02DFBBDE8F08FBDCF
:2054C000E81C4001F0B8BC01F0D8FC40F7FABBBDE8704001F0D9BC01B0BDE8F34F02F0B558
:2054E000BBBDE8704002F08EBC0000BDE8704002F0FDBF03F052F8F8BD03F0F2F8BDE8F0F9
:205500008F000003F0BEFA10BD0000BDE8F74F03F018BBBDE8F04F03F0FEBFBDE8F0410465
:20552000F024B9BDE8F04104F048BABDE8704004F08ABFBDE8384005F098B8BDE870400584
:20554000F021B905F041B9BDE8304005F0F8B9BDE8F04105F066BABDE8F04105F08BBABD1F
:20556000E8FC5F05F0D2BABDE8F04705F087BBBDE8F05F05F074BC2DE9F04703B406F0033E
:20558000FC03BC0301F401F0030D00CBF726BDBDE8104006F0ACBC06F05FFFBDE8FC9FBD0E
:2055A000E8F04707F048B9BDE8704007F0BAB9BDE8704007F0E6B9BDE8704007F018BABD4F
:2055C000E8704007F07CBBBDE87C4007F03ABCBDE8704008F030BA0AB0BDE8F04708F06191
:2055E000BBBDE8F04708F008BDBDE8FC4108F0A3BD0000BDE8104008F0F8BEBDE87040091C
:20560000F0B4B9BDE8F04109F0C8BB09F026FC70BD0000F0BC0BF0F1BC0BF011FEBDE8F0A0
:205620008100000CF02AF910BD00000CF0D3F9BDE8F081BDE8FE4F0CF066BCBDE8F84F0C17
:20564000F09DBD07B0BDE8FF4F0CF0ABBE00000DF061FA10BD0DF0D1FA70BD0DF0F4BABD6F
:20566000E8F0470DF0C4BEBDE8F0400DF0A1BF09B0BDE8F04F0EF037B800000301F401E0F7
:20568000040D00BDE8F0430EF0B0B900B532F721FD0EF0FFFC32F7FBBC000070B505460E67
:2056A000F009FB2846014990F7A6BE1E3A200005B420460EF05AFB014605BC11B129600115
:2056C0002005E0117809B14CF78EB94FF00000BDE8F883117801B1EAE74CF799B94BF7FBBB
:2056E000BF0000BDE870400EF07FBB0EF0FEBF2DE9F04182B0012042F71DFDFE48007800F8
:205700002818BF3DF774FFFC4EFD4800273168A9B1807C20B1FB4801682F2088F7D7FF34E9
:205720006820468BF746F8054620468BF7FDFA022812BF0E2DE07B012814D10CE0807D0029
:205740002804BF02B0BDE8F0810F2102B02D20BDE8F04188F7BBBF8AF7DCF8002804BF2038
:205760004676F71EF8092D04D0E07B80F0010075F742FE0301F401D0050D00204609F04F55
:20578000FF204675F7B0FE2068806940B3DFF88083D8F8000000281CBF016800290ED014F5
:2057A00021CDE900710C308AF7A8FCD8F80000002200F10C016B4610468AF72DFB86F83DE5
:2057C00070206881692046884796F83D0038B196F83900042818BF3AF753FC86F83D702069
:2057E000468AF752FF00281CBF96F83900042807D0E07B10B189F706FF10B1204686F71A65
:20580000FF092D04D1E07B80F0010075F7F8FDC0480068002804BF02B0BDE8F08102B0BDBF
:20582000E8F041004710B530F735FF002814BF0020012010BD2DE9F041B24890F83E00C018
:20584000F10300C0B235F7D7FCB34E05463468B44214BF4FF4C867BDE8F081201F54F8041B
:205860001C8A6A0021904700281CBF0301F401C0060D0090F82510002906D0C189828A69D6
:2058800043B1FBF7F1114481822468B442E9D1BDE8F0812DE9F0418FF72AFF002808BFBDE5
:2058A000E8F0819F486CF744FA002808BFBDE8F0818FF728FF30B99B486CF73AFA002808C2
:2058C000BFBDE8F08131F7F5F8002818BFBDE8F08196486CF72DFA002808BFBDE8F0818AD2
:2058E0004D8F4E95F83F00002838D195F83E4085F717FF98B395F83E00C0F10300C1B200A7
:205900002036F76EF895F83E00A04227D930466CF70FFA18BB95F83E00C0F10300C0B2354C
:20592000F76EFC34680546B44218BF4FF4C86715D054F8041C201F8A6A0021904700281C20
:20594000BF90F82510002906D0C189828A6943B1FBF7F1114481822468B442E9D170486C7E
:20596000F7E7F90301F401B0070D0090B170486CF7E3F970B170486CF7DFF950B10120889D
:20598000F7CFFE002818BFBDE8F081BDE8F04154F71BBD8FF7BBFE4FF6FF7570B18FF7B9DD
:2059A000FE00281CBF01688D4207D9002908BFBDE8F081BDE8F04190F73FB836F738F80017
:2059C0002808BFBDE8F0815B486CF7B6F9002808BFBDE8F08130F766FE002818BFBDE8F0E9
:2059E000813468201F1834807B8AF7ACFB2268014610468AF73AFB401E6FF07C414F4C4F9B
:205A0000F44616884228BFBDE8F08105E0A94203D1D6F88400BE2808D38AF769FC218888A1
:205A200042F4D1D6F88400BE28F0D888B2A84202D18AF75DFC2080BDE8F041002090F71C55
:205A4000B92DE9F041054600F11C04807B8AF768FB074605F11C06216840080301F401A03C
:205A6000080D008AF706FBF288B0FBF2F0022A08BF401C002808BF206805D002FB00F120DF
:205A8000688AF770F820603946BDE8F041400089F7B2BF2DE9F041064600F11C04807B8A86
:205AA000F743FB01464708207A10F0020F1ABF81F0006040083846A18800291CBFE2888ADF
:205AC000F7A3FB3168204A1268914206D0E188B0FBF1F201FB12000D1A14E0B16A1B4A91DA
:205AE000F8A41001EBC10102EB810111F8242D002A14BFC989E188B0FBF1F201FB12001817
:205B0000BFE1880D1AA07A58B3294638468AF72AF82060022D1BE0BC292000FC472000501F
:205B20006F2000A08631006C2C2000281F2000301F2000401F2000D81E2000481F2000389D
:205B40001F20001E1F2000882920000C32210003D9E1880301F40190090D008AF78EFA206C
:205B6000600220A072BDE8F08130468BF7DBFA78B930468BF7DDFA58B989F7B5F8B17B88BC
:205B80004202D1022D04D201E0042D01D2E08805442946384689F7EAFF2060BDE8F0812D3C
:205BA000E9F041044600268AF718FE102810D1A06A012690F8A40000EBC001564800EB8198
:205BC000002438C169012903D18169E1610021C16104F11C05A07B8AF7ABFA2A6801465250
:205BE00000104689F70CFF0546E07C032822D1B5F1006F1FD904F11C05A07B8AF799FA07A6
:205C000046A846296840088AF738FAB8F80610B0FBF1F0022908BF401C002808BF286804A1
:205C2000D04143286889F7A2FF28604000394689F7E6FE0546052D02D9B5F1006F3DD92011
:205C40004685F760FA354E3DB1B5F10301F401800A0D00006F04D8022D0CD83069A042099F
:205C6000D0032020753048807E30B10021692088F745FD01E0042020752068416800291CCA
:205C8000BF20468847022020753068A04218BFBDE8F08189F7CBFC002808BFBDE8F0819610
:205CA000F83900002818BFBDE8F081012086F839001E48022211460388BDE8F041104685A9
:205CC000F708BA0620B0EB550F16D320680021826A2046904701001CBF91F8250000280673
:205CE000D06A08204685F7A4F8204685F78CF92046BDE8F04185F755B96908204685F7B1B3
:205D0000F8002E08BFBDE8F081204608F050FF002808BFBDE8F081BDE8F04108F0D4BE0C62
:205D2000322100FC472000506F20001A1F20002DE9F05F8346444800260068800231D54263
:205D40004908680301F401700B0D0000287CD090F8A2008946002877D0002571E0D9F800E6
:205D60000005EB850700EB870100EBD50005F0070890F8A120897C22FA08F24C46D0075E45
:205D8000D0084684F713FAE8BB83F73DFD70B1002084F772FA824684F709FA48B156B12870
:205DA0004684F7BCFE584684F7E6FA4DE00D26F6E70926F4E72068A14600EB870282F812B9
:205DC000A080F8A3B0504684F761F9D9F80010044601EB87004289228182896281C289A404
:205DE000F85020028AA4F85220C288A4F848200289A4F84A200268A2658088A4F85C000150
:205E0000EBD50000E01BE090F8A00020FA08F000F0010084F85E00584684F738F990F85FB1
:205E20000084F85F002046C8F715F9204683F7EAF8B4F8CE004008E08020460301F40160B1
:205E40000C0D00D2F737FD6D1C05480078854289D33046BDE8F09FD8332000443320001D32
:205E600033200070B5144D04462868C10421D5C0060FD594F8D90010B11048007848B91003
:205E800020A4F84400E06B40F04000E0632046C7F713FAB4F8460140F00100A4F8460128A4
:205EA00068400206D52146BDE8704000220820D1F7C7BE70BD00008832200002322000703F
:205EC000B5FF49446891F90000002801DD401E087074B1217C2046012910D016295ED1F81B
:205EE00048D0F80C11204669B18847002856D138E0BDE8704008210420CAF767B8BDE87028
:205F0000405EF734BD6BF7F7FC0546214600206BF7B8FD95F82000EB4D84F8DA0100202839
:205F200080CAF72DFBE949E94A10B191F9000001E092F90301F401500D0D0000002880E6EB
:205F400048007840B1E648007810B191F9000001E092F90000288028881A214843288094D9
:205F6000F8DA11A1EB202084F8DA0194F8D10148B194F8D801062805D0206D04F5E871007D
:205F80008F80F710FAD748007E00280BD094F8D901BDE8704060F3070160F30F2189B23C41
:205FA0002088F76ABD70BD2DE9F041468807460579304684F773F8040038D0082D38D00F5A
:205FC0002D08D0112D10D0162D7DD03846BDE8F0417AF73BBAE06BC00228D5B4F846004018
:205FE000F40070A4F846006AE0BF484079000702D5BD481D3000E0BC480078C00616D5B460
:20600000F8440080050AD594F8DA00D2F78FFDB4F8440020F40070A4F8440050E0B4F846AF
:2060200000810503D520F40070A4F80301F401400E0D004600BDE8F081B4F8440020F00131
:2060400000A4F84400AC48006800030CD594F88C0148B1002084F88C0194F8D90018B900AF
:20606000213046D5F77FFFE06B80071AD530468CF789FD60B190F88B00C00608D594F8D9D3
:2060800000002528B900213046D5F76CFF00E0072529462046DEF7D1F8E06B20F00200E070
:2060A0006311E0954B187CC1070DD0944AE18812784900B1FBF2F502FB151121B920F001B8
:2060C00000187491F718FF2046BDE8F04100E001E079F7E2BF8B4803C895F7CEF901221162
:2060E000460320D5F7B3FEBDE8F04101210320CCF7C0BE2DE9F043541E4FF0010909FA0453
:20610000F700242646A2F1080C0DE010F8015B05FA0CF56C40002564003C4200D05C406D74
:206120001C082D0301F401300F0D00F8D3761C8E42EFD309FA02F0401E2040BDE8F083709F
:20614000B504460D4640F25B631822FFF7D6FF6055020A6119000C4A70887070BD2DE9F0CC
:206160004FD0F80880C17885B00646827808EB010000278B46019790F908100391407A63F6
:20618000490490029701200870624802F00F054FEA921A007830B15F48017819B1002101F6
:2061A0007001200190D1F736FA40B952480079C00704D15748007818B3019808B359462820
:2061C000467AF77CFFE0B1544CDFF85491217A99F80400814202D32046DDF787FEB9F80266
:2061E00000E8B199F8001089B1607A18B14D4834F7A3FCA0B100206072A072B9F802001B06
:20620000E05FEA080013D105B0BDE8F08F217A99B1444834F791FC10B140480301F4012005
:20622000100D00DDF766FE207A00903E480179009881420CD8404605B0BDE8F04F2FF768F3
:20624000BD00EB80000101384834F76FFCEBE734483179032D0268009800EBC01402F81407
:206260001022D0052D20D078F7E0FE00287DD078F7E5FE002879D00AF00101894640467FA5
:20628000F72EFB002872D0404678F789FF5FEA00096DD099F83A00C00767D0D1F726F901B7
:2062A0002871D003286FD07EE015480079C007ABD01C4F012101EB44013A68ABF106000291
:2062C000F801A03A68092101EB4401505439680A2000EB44000144D8F800200A6027E07F65
:2062E0003220001C6B2000601F2000E1242000E0242000B7242000B8242000506F2000BC2B
:206300007A2000F8BF200084312000F8E02000B03B20000301F40110110D007850200077AE
:206320003220001A2721001C27210038CB2000AC322000CC962000B8F80400888002203A8A
:206340006800EB44001044D8F806200260B8F80A2008F106018280052D09D138681022023E
:20636000EB44021044891DABF10C0269F792FDB06803E035E03FE034E009E0F1783A68081A
:20638000448179082000EB44000127115439E1012D0DD099F80700FF2809D199F83A0080D2
:2063A000077FF54CAFFA48007B00283FF447AFF8480068800423D4D9F80020C8F80020B9AC
:2063C000F80410A8F8041099F806A0B0780AF0010120F0400040EA8110B0704FF6FF703093
:2063E000800DE0D1F786F80128DFD0032807D1012D7FF424AF03E04146484678F70BFFE446
:20640000480AF001090068C1020CD50301F40100120D000821052090F7E8FB59464046FF30
:20642000F79AFE0821062090F7E0FB12E0DC49097801290AD069B9DA4900F4801209781123
:206440004303D1012D05D1C00505D5594640467BF720FC042D06D0B068F1780844D2498060
:20646000790968487230467BF7DBFB00283FF4D7AEDFF838A39AF8000020B9304600997A34
:20648000F7C5FF07463188A1F57F40FF3808D1C74909F102000A68012101EB44015054065B
:2064A000E0C3490A68012101EB440102F80190DFF8FC92022000EB4400D9F80010D8F80039
:2064C0002001440A60B8F804008880B548007858B1D9F8000008EB0B0100EB44007AF761E2
:2064E000FCC0B2FF2800D00027ABF10600C2B2AB4808F106010078C30714D0800701D5067E
:206500002300E00301F401F0120D000323C3F1F300904205D308E08B5C521C0B54D2B24099
:206520001CF328F8D3F32201E0D018C2B2012D26D0D9F80030092000EB44001A54D9F8004B
:20654000300A2000EB4400184469F7ABFCB068F178D9F800200844D1468179082000EB4429
:206560000011549AF80000022800D01FB130467BF780F9074699F80000012808D00CE0002E
:2065800021D9F80020092000EB44001154DEE7304600997AF73FFF0746884888490078093A
:2065A00078084305D1DAF7F3FB10B902F0FFFE50B12DB1022D03D0042D01D0062D03D130B1
:2065C000467BF713F80290029803280AD0012800D09FB17B49012008707B490978012904AE
:2065E000D00EE07748032101700AE077490978884077490A6882430A6002E00301F401E07A
:20660000130D0071490020087099F80000022804D1304600997AF702FF07462DB1022D039A
:20662000D0012D01D0062D06D15F48007B18B13046BDF7E0FD074660480078032804D130F2
:206640004600997AF7EBFE07466448007810B1019800B1012702F0AEFE00287FF4E5ADD7BB
:20666000B1574D287A401C2872C3F7BEFF40B12868012101EB4401039A435C43EA02124223
:20668000545748007838B12868049910F8142042EA011100F814104948017A454800798150
:2066A00042FFF4C2AD4648DDF734FCBDE52DE9F14F88B0002508980224AA4681684088C028
:2066C000F30520801F01903B480068C079012800D00020434A05900198127890420BDC0631
:2066E0002809DB01F1060B05269BF8000018B1019A411C0301F401D0140D00914202DD026E
:206700002009B099E59BF80110FF294FD19BF802104C29FAD19BF80310002947D10490D402
:20672000E00BEB06084FF0000918F8017C1F2F06D82F480068F840C00701D04FF00109017B
:206740002F59D0022F78D002F039FE00B302F026FFFF281CD087421AD1089808998068C9BC
:206760007801448979069008988078C0F3801200F00F00CDE9022048B2C3F7B7FF08F101AC
:2067800001009142B2DDE90210069B02F08FFE0F480078002872D01648007800286ED03ACC
:2067A0004640460899D7F724FD0546A2E091E053CB20008832200076322000AC322000D889
:2067C0003220007E32200038CB2000A5332000743D2000773220007C3220007D32200094B1
:2067E0003220001A272100713320000301F401C0150D004C3D200090322000723D2000DA12
:20680000F7D2FAD8B1BF480078C0B14046DAF72AFB0546022809D0B9F1000F01D0032409B8
:20682000E065B1012D01D1059840B1012C02D0032C00D000241136F6B24BE001E00124F999
:20684000E7B148007840B1B048007828B13A4640460899D7F7D1FC0546AD4F387838B1ACD8
:2068600048007820B140460899DCF78BFB8246A548007840B1A548007828B1022D0CD0019F
:206880002D0AD005E038E03878A8B3A148007890B3BAF1010F41D046E0BAF1010F3DD03853
:2068A0007860B19B48007848B1BAF1000F06D0BAF1020F38D0BAF1030F35D003E0B9F10157
:2068C0000F2BD036E098F80000C0F304003044801CC6B2049886427FF627AF9BF800000186
:2068E00099091A0301F401B0160D00491E49B20191002924DD0BF1010100EB010BFFE61CFC
:20690000E00124B9F1000F01D1042D01D14FF00109022D03D0012D01D0042D08D1B9F100E6
:206920000F01D00324D2E7022D07D0012D05D0012CCCD0032CCAD00024C8E70124C6E70255
:20694000F045FD00B100242046E2E62DE9FF5F06468078012500F00F04B0684FF0000900C1
:2069600090D0F7DFFD8046B068F178DFF8B0B10844DFF8B0A1C779002003909BF800004823
:20698000B9042C07D0D6F7D5FC20B1DAF80000002180F8FC11B8F1010F02D0B8F1030F0109
:2069A000D1F8076CD1D6F7C5FC002868D09BF8000038B9042C05D1DAF8000090F8FC0100FB
:2069C000287DD10021F7780098042C23D1DAF8000000F58171CDE90110017A0301F401A061
:2069E000170D00781C0844FA283AD8DDE900103A4669F76BFADAF8001001980A7A02993872
:206A000044093169F762FADAF8001091F8010181F8FB01087A3844C7B201F58170444A125C
:206A20006892071ED5B17841EA072201461046D6F790FB58B124B1062C02D0042C39D022B3
:206A4000E0DAF80000012180F8FC111CE0D0F70EFE01285CD10CB1062C59D130467AF7F0C8
:206A6000FE55E09BF8000070B13046D7F7BAF9C5B2304824B1062C02D0042C07D003E00581
:206A80007030467AF7DDFE012C0DD010E0007885421CD025EA000111F0030945EA00051539
:206AA000D0814506D112E030467AF7A2FCC0B1039860B15FEAC97009D01F48007A10B11DBB
:206AC00048DDF737FA00E007E07AF79FFE9BF8000010B10301F40190180D00E5B1E8071AF3
:206AE000D0012004B0BDE8F09FB8F1030F02D0B8F1020F09D1B078C109B068801D7EF7136D
:206B0000FF10B13046DDF792FB0B480068400502D53046CEF7C9F90020E3E7753D200074DA
:206B20003D2000723D2000A5332000A6332000183D20008C322000D83320008032200038B0
:206B4000CB20002DE9F04706460D4614464FF0000A087833F787FF80466178A0788142020F
:206B6000D00140A1706170C8B233F77CFF8146A07833F778FF0746287869780025884202C4
:206B8000D1B8F1010F1BD0B9F1010F03DD607830F74AFF6070012F03DDA07830F744FFA09C
:206BA00070607896F88411884200D16570A07896F88511884200D1A5705046BDE8F08760FC
:206BC00078A1788842ECD0A57065700301F40180190D00E9E72DE9F04F054687B08A46148A
:206BE0004690F8DA008BF7FEFF070019D04FF0000BC4F800B084F804B01820207022465117
:206C000046284630F7FAFE22465146284630F725FF8046414800683E2806D0402829D0474E
:206C2000E0072007B0BDE8F08F14223C496846CCF710F89AF800008DF814009AF801000080
:206C4000264FF005098DF81500EA460AEB8600022205A98BF732FFB8B3761C4E45F5DB2770
:206C6000E06070C87895F88511884200D10020A0701EE02A49142214316846CBF7EAFFE809
:206C80006B00264FF00509000312D595F880018DF8140095F881018DF81500EA460AEB8631
:206CA00000022205A98BF709FF70B1761C4E45F5DBB8F1000F12D084F801B084F802B01657
:206CC0004800680301F401701A0D003D281AD020E0FFE70AEB860195F8842188789042C3FC
:206CE000D10020C1E7607850B1B7F88E00A7F8980095F8DA00C6F786FDA4F80300E3E74F4F
:206D0000F01708E0E7B4F8030047F6FF710844A4F8030095F8DA0005222146D5F79BFD40BD
:206D20004683E7BC7A2000C824210001460020097C132905D0072906D00C2900D10448707B
:206D40004703482038704701481038704700001025210070B50546487C0C46122803D195CB
:206D6000F8DA00D1F71BFF21462846BDE87040C6F711BC70B504460D4690F8DA00D1F70EB1
:206D8000FF29462046BDE87040C6F7C6BB10B501F110010446487884F8C5004888A4F8C647
:206DA000008888A4F8C800E06B40F48070E063800501D4E06B07E0002120460301F4016041
:206DC0001B0D00DDF718FBE06B20F40070E06341060FD4000566D42046C6F7AEFA94F8DAF8
:206DE00000D1F703FFE8B394F8DA002021D1F7EBFE58E0010513D4B4F84610C9060FD520DC
:206E0000F04000E0632046C6F797FAB4F8460020F01000A4F84600204679F776F910E0948E
:206E2000F8DA00D1F7BFFEB4F8440020F01000A4F84400204679F768F9E06B20F04000E059
:206E400063B4F84601C1072DD02B490968C90429D520F00100A4F8460194F8C500082821D1
:206E6000D300E01FE02548007E08281BD3B4F8460040F00800A4F84600204679F745F994A3
:206E8000F8840194F8801108420CD1E06B40F40020E063B4F8460040F40050A4F8460020D7
:206EA0004679F732F9B4F8C6000F2803D194F8DA00C6F70301F401501C0D002FFA94F8D951
:206EC0000060B9B4F8C6000F2802D00E48007828B1E06BC00402D42046C6F70DFA0B488095
:206EE0007DC0070AD0B4F8460040F40040A4F846002046BDE8104079F70BB910BD00008848
:206F0000322000F8BF2000E03220009CCB20001CB50446002000900190E388A28861882095
:206F200088D0F7A2F970B1207A638898420AD800214FF6FF7204EB4100B0F80B0090420376
:206F4000D0984201D31E201CBD491C0629F2D300201CBD10B55EF783FDBDE8104001F06D5D
:206F6000BF70B50E4898F715FF04460D4D0E4E0DE03FF752F80B49094898F7AFFE29883005
:206F80002907D006EB8100016806488847641EEFD270BD6888C0B202F0DCF8F7E70000384B
:206FA0007A2000907A200084CE0B000301F401401D0D0070B50446244800684578D0F7CABC
:206FC000FF42F20E06022C04D0042C02D0032C2AD01AE0284682F716FD284683F7A3F88046
:206FE000B1042C02D0022C08D00BE000231A46194630463AF73AF8022100E008212846DDBB
:20700000F753F8284683F703FA062C04D010480078401E83F7CFFDD1F7DAFC012814D1BD66
:20702000E870405EF7C7BCD1F73CFD0028EED1084C20680028EAD000231A460C2130463ADA
:20704000F714F800202060E1E770BDF43C20001D332000A43220002DE9FC474B4E0F464B50
:207060004934688246154622880888824201D1002D71D18946C1B2534601AA2046009783C3
:20708000F7ABFA4FF0010CAAB24FF00608FF2816D0002D62D0316808EBC000CB68195A629F
:2070A000F388010301F401301E0D001952326821F47E41D2681152326821F00301D2681190
:2070C000520120BDE8FC87B9F800100198884246D2002DF5D0E168DAF8003001EBC0010BE4
:2070E00060BAF8040088803068C168019808EBC005485B62F3880048533168019A20F47E7F
:2071000040C96808EBC20288523168019A20F00300C96808EBC2028852019960684A0900AF
:20712000EB820001F01F0102680CFA01F39A4307F001038B401A4302600198A1684209011D
:20714000EB820100F01F000A680CFA00FC22EA0C0242EA0C020A602088401C17E0FFE7009F
:2071600020AFE7A268410902EB810200F01F0013680CFA00FC23EA0C031360606800EB8146
:2071800000016821EA0C0101602088401E208097E700003C332000223320000301F40120CC
:2071A0001F0D00006D90F89501002800D00120704770B50446E1B1012943D0022974D1C8D2
:2071C0001EF849F94D0860F748416841F080614160206DC16B21F00061C163206D90F8B9EA
:2071E00000800747D50120A8F711FB2868C0B262E0206DC16B41F00061C1638AF7BDFAD85D
:20720000B188F724FAA04217D1A07B88F7EDFF4108E06988F78EFF05280ED388F776F83007
:20722000B988F7E7FB18B1BDE8704087F7CEBF2046BDE870408AF7E8B82046BDE870408CE8
:20724000F7EFBA4FF448111020C865002084F84C01A4F80C02206DC9F7C4F82046D1F7A02B
:20726000FD2046BDF79CFF002848D12046BDE870407EF7D2BECE480078B8B1A7F772FA2832
:207280006884F8C301206D012190F8DA00A8F7C0F9206D0301F40110200D00012190F8DA96
:2072A00000A8F71DFA206D90F8D900012805D008E028E00020A8F7AEFA03E094F8C301A8FA
:2072C000F795FAE07B012803D1A06A08B1218FA18120463EF7F4FA89F723FF30B187F7E2CF
:2072E000FC2046BDE870408DF76EBFE07B10B900207FF780FA01205EF78EFBA07B88F78ACF
:20730000FFC4F8AC0070BD2DE9FE4F0446A94814380668B4F8A40000217EF775F980468CDB
:20732000F7C5FB074694F84E0140F0200084F84E01A248C07998B1B4F8A400002100F01F67
:20734000057EF761F960F3491594F8810060F38C25294615F4787F70D04E2087F72BFAB423
:20736000F8A400C043800708D0B8F1000F05D0206DD0F8E810491CC0F8E810206D90F820EB
:207380001121B1D0F80C11491CC0F80301F40100210D000C1120463EF768FAE07BE8B320B1
:2073A000468BF7F9FBB4F80C0200F10100A4F80C024FF0000084F83A014FF44610C06940C3
:2073C0000467D5B4F8A4204FF0000802F010000290B4F80E024546C346C24618B1B4F80C49
:2073E00012814256D2D4F8400138B1408C10F4C06F03D0C0F30100022858D0002110467ECD
:20740000F706F90246206D00218CF789FB3844019094F8A100E0B3206D00E014E001217EAB
:20742000F7F2FB814620468CF7C4FB8046401C3ED0414620468CF750FC0546401C3AD03A22
:20744000E0FFE74D208DE794F8810028BB012584F88150A07B88F7E2FE216DD1F8D41088E5
:20746000F770FE0746206D83F7ADFA564951F82010B8FBF1F0381A401C20F0010100290B0C
:20748000DD206D0301F401F0210D0081F7BAFE206DB0F8CC00208401E011E07BE084F825C8
:2074A0005094F83B01002878D1D4F82C0100F10100C4F82C0171E0C846454600E04D46B45E
:2074C000F8A400C00617D5206D00217EF7A0FB009030467EF76EFE5FEA000909D000217EEF
:2074E000F79AF883465FEAC96005D5DDF800A002E0009882468346206D424659468CF746F1
:20750000FB00EB0708206D2A4651468CF73FFB019A384402EB08010A1828482D4D00688222
:207520004218D92C4AF303136807D523F480131360EA8922F01002EA8106E023F010031317
:2075400060AA8922F01002AA81B4F8A42022F01002A4F8A42081421DD894F8A100029908CD
:207560004318D02046BDF7E4FBB8B9A87C000714D41948001D016821F400710301F401E01D
:20758000220D00016017480168174A01EA020101601648016821F40021016002E020468CB1
:2075A000F7DBF8204690F725FFE07B012802D120468BF7F9FAF0031AD594F84C0120F001F2
:2075C000001BE02C32200000042000C08B31006C2B2000506F200060332000A0952000688C
:2075E0008B310064833100FFFBFFFE608B3100700305D594F84C0140F0010084F84C0194F0
:20760000F82311B4F8A4008CF7A6F960B194F84C01010708D5C0F3400100F0010081420253
:20762000D1022084F8230194F84C0140F0040084F84C01206D90F8B91089070ED490F8DA2F
:20764000000121A7F7F5FF206D012190F8DA00A8F752F894F8C301A8F7D5F82046BDE8FEB7
:207660004FBDF791BE2DE9FC5F056D04464FF0000995F80301F401D0230D00DA60BDF7606F
:20768000FB8246D4F88400002780B14108D4F8AC0088F7DCFAC4F8AC00D4F88400CDE900FB
:2076A00007A07B694688F780FBC4F8847020468BF7ADFA94F88B00010720D58006B1B207BC
:2076C000D50E2078F737FD94F88B0020F02A0006E0082078F72FFD94F88B0020F00E008451
:2076E000F88B00FE4800210068826A2046904728B190F8250010B120468DF731F9D4F8B830
:207700003094F83311D4F8BC00591840F10000C4F8B810C4F8BC00D4F8C03094F83511D4E1
:20772000F8C400591840F10000C4F8C010C4F8C40084F8337184F83571BB4694F88100E8A7
:207740004F03286BD0A07B88F775FD8146D4F8A81088F703FD8046D4F8AC10484688F7FD46
:20776000FC8146B4F8A200C0B140450301F401C0240D0016D830468DF700FA032084F88116
:2077800000204689F7D7F9B1B2052078F7D7FCD748C07C002803D00021502087F71FF8BD30
:2077A000E8FC9F94F8810003283CD0B4F83811414503D920468DF7B9F980B1A07C86284EC6
:2077C000D8B879A074206DC16B090101D58621A174D0F80811491CC0F8081140E094F881F3
:2077E0000003281FD0A07B3BF72CFA30B1C149B5F8CE0009784843404503D920468DF758E7
:20780000F930B1A07C80282AD28020A074206DDFE794F8810030B9A07BB749085C03280126
:20782000D278791BE0BAF1000F01D0387916E0B248B34AB4F83811007812784843B14BB033
:20784000FBF2F01B785943B1FBF2F119B1894501D3F87803E078B181450DD3B878A074209B
:2078600046FFF70301F401B0250D00B7FC90B1206D90F89501012804D0022805D00AE078F4
:2078800078F0E7A17CA24801E0A17CA1480078814200D2A074204689F7FBFCC8B10226B557
:2078A000F8CE2094F82410B5F8CC00334681F79AFFA5F8CC0084F8A0B0B5F8CC002084B518
:2078C000F8CE00608484F82460012084F8250006E020468DF790F8014620468DF7D2F820C9
:2078E000468BF740FE5FE77CB50446012084F83401A07B694688F79BFCE069410000988865
:20790000F7F6F8401C45082046FFF767FC794E20B9206DB0F85000A84212D97E48006800F2
:207920000310D538F752F910B935F784FE18B1A07CB179884204D0A07C802801D08628017D
:20794000D13078A0744FF00040C4F83C017CBD70B5724D04462E68214600200301F401A005
:20796000260D006AF75CF86E4814300068800750D531462046BDF77DFC064694F834019862
:20798000BB9EF755FDE07B01282ED1A07B88F75EFC401CE16920F00106B14212D05848801C
:2079A0007D40B1304688F7EBFB002803DA2021322086F71CFFE069314688F7DBFB4000C435
:2079C000F88400204689F712FE206DBEF734F818B1206D2146BDF790FEA07B88F737FCE01B
:2079E0006220468CF7D5FE0646286800217DF727FE01462046D1F775FA16B120468BF7BC84
:207A0000FE94F88100012804D12046BDE870408CF79EBE70BD2DE9F84F4349002604460934
:207A200068090705D4207C00215DF78FF984F8DA014FF00008A4F88C8084F8A18094F83BB2
:207A400001401C84F83B0120468CF7AAFCE07B20B194F80301F40190270D003B010128099F
:207A6000D00DE020468BF7B3F8B4F80C02401CA4F80C0204E0D4F82C01401CC4F82C0120B4
:207A80006D90F8201121B1D0F81411491CC0F81411264814300568D4F8C40168B194F83B2F
:207AA00011012909D1A9074ED5690702D594F8DA1100E02A21A6F769FDDFF84CA04FF001EF
:207AC0000B9AF8070000284FEA857046D000283EDA16480768002138467DF7B5FD0090072D
:207AE000F01F09002138467DF7AEFD494660F34911C5F3800060F38A2194F8810019E01C1C
:207B000032200038322000506F200001322000D03B20000C3220000E3220000D3220000F00
:207B20003220001B27210084312000988B31008831200060F3CD21680701D5009828B14B4C
:207B40002086F758FE0BE02921B4E70301F40180280D004A20F8E794F88110492086F74E1A
:207B6000FE35E0002833DA94F83B01012821D1FE488078A8B994F8D801062811D194F9DA5F
:207B800001E8B384F8D9019AF8180048B194F8D91161F30700C1B201F5FE413C2086F72ED0
:207BA000FEF3480068000704D594F9DA11204678F7A2FEEF484268206D90F8DA100BFA0171
:207BC000F0024204D094F9DA21012078F784FF294620463DF7B2FE054656F753FE680737BA
:207BE000D5A07B88F73BFBC4F8A800D4F8841021B1490888F73FF8C4F8A800204600E00693
:207C0000E08CF7BEFB94F83B01012802D006E07F20B7E7D4F82801401CC4F8280120468B3B
:207C2000F751FFD4490860294620468CF755F9E07B29460028204608D08BF7F1FF002120EF
:207C4000467DF70301F40170290D00C7FD84F88A8041E08CF77FF8F5E70126E80700D08123
:207C600026C849A80781F844B0206D06D5D0F8FC1001F10101C0F8FC1005E0D0F8F8100107
:207C8000F10101C0F8F810206D90F8201161B1A90705D5D0F81C11491CC0F81C1104E0D05C
:207CA000F81811491CC0F8181184F83A812946204656F7BFFDA8070BD5B34994F88A00099E
:207CC00078884205D2E17B19B1401C84F88A0002E020468BF75DFD204656F7DBFD94F84C7C
:207CE0000120F0040084F84C0194F8C20170B1A648007858B9206D012190F8DA00A6F7D43D
:207D0000FE206D012190F8DA00A6F785FF206D324690F8DA1094F9DA01BDE8F84F90F703DE
:207D2000BE10B59B489A4C2C2204609A492046CAF7D4FFAFF62D302061AFF60301F40160E7
:207D40002A0D00E310E061AFF2D3302062AFF21930A06110BD70B50446056DC07B01280293
:207D6000D120468CF718FE95F8DA10012088408C490A6802430A60E17B01290CD08A490A9E
:207D80006810430860D5F8D400C4F8A800D5F8D400C4F8AC0070BD8449F1E72DE9F34F8107
:207DA000B004463BF7AFFC20B1206D90F8DA003AF7C2FF4FF44610C069400472D500263592
:207DC00046206D01217DF747FF80464FF0010A8BF799FE8146B4F80E0218B1B4F80C128134
:207DE000425FD272480068D4F8401171B1498C11F4C06F0AD000F00302C1F3C1218A420471
:207E0000D100217DF72CFC00287DD1B4F8A400DFF874B1C0060BD5204602997EF7D1F90626
:207E2000466448864203D1DBF800707F1C11E094F8A1000301F401502B0D0038B120468B5D
:207E4000F7E4FE0546401C01D145468246206D2A4631468BF7C3FE00EB0907DBF800008771
:207E60004273D894F8A10018B9B4F8A400C0066CD594F8A600002859D00026204602997EF8
:207E8000F746FAB4F8A400C00603D520467DF7ECFE0646BAF1000F09D0294620468BF7487B
:207EA000FF0546401C03D1002501E04EE0454694F8A10008B105B9454656EA050038D020ED
:207EC0006D2A4631468BF78AFE48440744DBF80000D846874206D8029903B02046BDE8F08C
:207EE0004F7EF7A0B926B3206D90F8B81089061FD500217DF7B4FE1B281AD9D8F800006A75
:207F0000463F1A206D00218BF716FE009900E00DE08E40BE420CD3F01BC84050EA05010711
:207F2000D0C4F84801204602997EF70301F401402C0D007CF9BDE8FE8F4FF44610C16921F9
:207F4000F48041C1611E483038016821F010110160F0E7012120467DF74CFC2046BDE8FE5C
:207F60004F8BF722BC70B50D460446002128467DF77EFB0146B4F8A400C5F3C002C0F380D0
:207F8000039A427BD1104EB27C1FE0D331200088312000747E20002C322000D46E20000438
:207FA0003220005C2B2000403021001C322000C4D60B00203220002832200024322000982A
:207FC0008B3100EFBEADDEA0952000120700D5D9B92E490968022902D1E943890714D080D2
:207FE000F00400A4F8A4002046BCF7CEFE88B1408C10F4C06F0DD025490868B4F8A42052B3
:208000000704D540F0041003E0002504E020F004100860A4F88C50002128467DF728FB0026
:20802000282CD00301F401302D0D0094F8E010890700D5001F02461848C1880C39914200B0
:20804000D20A46B0681649001DC4F723F994F8E000800717D594F8350100F1010084F8354F
:20806000011048006840040ED5206D90F8DA0082F79DF83D2180F8CB100120A4F888000025
:2080800020A4F88C0070BD2046BDE87040C6F795BD0000BC7A2000688B31003322200000B2
:2080A0000A3700AC8B31002DE9F04F8BB00446CDF7EAFEF748F84FC078F8B1F74800688003
:2080C000071BD594F8572081B2B4F84A0062F30301820962F30411000A60F34A1194F8608B
:2080E0000060F3CB2194F8610060F30C31432086F799FB4420396886F795FB94F86010043E
:20810000F15808D1B177F70DF8B8B194F85E10404645467DF760FC80B977F70301F4012015
:208120002E0D000CF868B194F85E00294677F7EEF838B190F83610012903D190F83B00C002
:208140000706D094F85200DFF85CA3022804D093E1204687F7F4F899E194F860000028F6C8
:20816000D094F8570008B10128F1D1256F94F861004FF0010B60B376F7D8FF002879D0769E
:20818000F7DDFF0028FAD0E86B002620F08060E86394F85E104046C1467DF721FCB0460058
:2081A0002868D094F82E00012865D0D5F87C71002F0DD097F82E0030B1062207F128014852
:2081C000468AF7D3FCE0B397F8360001286CD0C8E0214694F85E204346464608467EF7DB80
:2081E000FB002843D0A16DA965B4F85C00A5F85C0094F85E0085F85E00204694F85E2031C6
:2082000046D0F732F80028A2D0A848007848B1A74920460301F401102F0D00012381F800F4
:20822000B0B4F84A103A4678F7B7FC9AF80510A1740120D0F7EAFC0120D0F7CBFCCFF77176
:20824000F928B12946204600E030E07EF747FB9A48817909070ED5944940390A6822F40023
:20826000320A60914AD0F82D10383A1160111DB0F8310008600BB0BDE8F08F9DE048E04864
:208280004677F711F818B9484677F751FE30B1C179FF296AD00126C5F87C0166E02046B4C7
:2082A000F84A1004233A4678F777FC5EE001265CE07EF7EBF8E0BB04F15B00CDF80080CDED
:2082C000F80480CDF80880CDF80C8001788DF8001041788DF8011080788DF8020004AA6991
:2082E0004607F108007EF750F80322494604A88AF740FCE8B9A06DB862B4F85C00B885024F
:208300002087F82E00F879FF28D0D00301F40100300D005DF77DFBCDE794F82E00D5F87C9F
:2083200071012810D194F85E100023022248465DF742F9FF2807D000E01BE094F85E004958
:208340004676F7ECFF0746A7B1B87994F85E1088420FD10622494638468AF70FFC48B987BC
:20836000F82E80F8790126FF2801D05DF751FBC5F87C7194F8570001287BD10EB34C49D5FA
:20838000F87C610822091D04A8C3F78FFF49480DF1120914380068C0F3C017394648467D52
:2083A000F726FBF0B396F82F0030B1062206F1300148468AF7E2FB20B196F8370001280663
:2083C000D057E095F85F0068B301284ED051E07EF760F840BBCDF800809DF815008DF800DB
:2083E000009DF816008DF801009DF817008DF80200CDF80480CDF808804F46CDF80C800697
:20840000AA69460301F401F0300D0006F118007DF7C3FF0322394606A88AF7B3FB38B9DD49
:20842000F812003063BDF8160002E005E021E012E0B08686F82FB0C8E73EB196F837000123
:208440002803D196F83B00C00717D095F85F00022802D0032802D010E017B10EE0012F0CE2
:20846000D13946002082F78EF8062249468AF789FB18B9E86B40F08060E86394F82E000197
:208480002806D12046CFF786FEFF2801D05DF7C4FAA17C9AF80500814202D12046CFF7416C
:2084A000FD0320E0740BB02046BDE8F04F0121CDF787B8506F2000000A3700AC8B3100385E
:2084C0003220001A2721001C272100BC7A20000848006F80F737BE10B50848064C2C22044A
:2084E0006007492046CAF719FCAFF22340A06110BD0000F0E420006C3021000301F401E034
:20850000310D00A43C200068DE0B002DE9F04104462E480026007898B12D48006880050F6D
:20852000D52C48007860B194F8600048B194F8570008B1012804D12748056F94F8610020FA
:20854000B194F85200022834D03CE0A06DA865B4F85C00A5F85C0094F85E0085F85E00045E
:20856000F1580394F85E201F461B4920467EF723FA40B394F85E2039461748CFF785FE06BA
:208580000020D01548007848B11549012003460870B4F84A10134A204678F70AFB0120D0AF
:2085A000F740FBCEF7CAFF68B1294620467EF7A2F908E00C480068C00704D00B48016841C1
:2085C000F4801101603046BDE8F081AB3C20008832200081322000F0E420001A2721001C03
:2085E000272100000A3700E43320006C8B310070B5484C0301F401D0320D0002200322E0AB
:208600007447480168204688F7DEF9454D2868FF2802D15BF797FE28601320207400256556
:2086200074204656F73AFC01003F4801D0007800E04078A074E573A573204656F734FC8D80
:20864000F75BFC8EF7B5F80546204656F726FC48B104F1580088F749FE3449E06D0988878C
:20866000F77AFAE06528468EF7A7F88DF781FA2F4C002120687EF7C6FF2068BDE87040007E
:20868000217EF7BBBF70B557F7A1FA04460220E074234803220168204688F795F9214D28FA
:2086A00068FF2802D15BF74EFE2860132020740020607494F837201B49012A10D04978A1C3
:2086C00074E073A073204656F7EEFB8DF715FC8EF76FF8054694F83700012802D00BE009A6
:2086E00078EDE704F1580088F700FE0301F401C0330D000F49E06D098887F731FAE065281F
:20870000468EF75EF88DF738FA04F12800002104467EF77CFF2046BDE8704000217EF77148
:20872000BF0000C0952000F4312000F0312000E8312000EA312000CC322000F8B50F4604E7
:2087400046056D90F82311164638468BF74CF9002877D095F8C20030B995F8C30018B995A7
:20876000F8890100286DD0002138467CF7A0FF0100307866D0FE4A127891427FD220B101BA
:20878000284AD018285ED077E095F8C200002873D0B4F88E10B4F8940094F88B20081A80B5
:2087A000B242F0120284F88B20012865D9B4F89020521C1044ADF80000401AB5F8CE10800B
:2087C000B24143D4F81C0187F785FA01466A462846BBF7CFFF95F8DD1009B180F08060B55F
:2087E000F8D2200301F401B0340D00B5F8D01087F7C7FD0146B5F8D200B1FBF0F200FB1275
:2088000011401A40082883BDF800007081298B7180401EA4F89000B4F88E00A4F894002F8C
:20882000E095F8C30060B3B4F88E00B4F89610A4F89600411AB4F892000844A4F89200F034
:208840008014F88B0F40F0010019E01BE095F88901B0B1707808B9B07890B1B4F88E00B455
:20886000F89810A4F89800411AB4F836010844A4F83601A6F8030014F88B0F40F0400020F0
:20888000700120F8BD0020F8BD2DE9F04F04468BB0B0F8A40000217CF70EFF8246B4F8A4DE
:2088A00000266D00F003000990002730468CF795FF8146E07BE8B300208346B6F84400A5A8
:2088C0007C40F3800000F10108AC4800214078401EA074204688F703FBA5740301F401A09B
:2088E000350D000146B6F85200628C904200D31046022902D3884200D3084640F271220056
:20890000FB02F581420AD19F48A04900680988401A9F490988401A0544A5F239159D4805B9
:2089200060C4F84451D4F8400160B1408C10F4C06F05D0B8F1000FFBD000E001E0012772B6
:20894000E10120BDE79448006840035AD5B8F1000FF5D0BBF1000F57D094F84E01410653E7
:20896000D44FF000084D451DD294F820118B4A491CC9B284F820111278914245D3B6F844D5
:2089800010C9040CD4B6F84610C90408D440F0400084F84E0196F8DA10172077F717FC847E
:2089A000F8208131E07E49097809EB0100A84223D23046C2F7C1FC18B394F821017749408C
:2089C0001CC0B284F82101097888421DD3B6F84400C0040301F40190360D000ED4B6F846D8
:2089E00000C0040AD494F84E0140F0400084F84E0196F8DA10172077F7EDFB84F821810795
:208A0000E084F8208184F8218102E0B8F1000F9AD00020059006908BF7A9F8089020467D4E
:208A2000F753F9009001AA002130468BF7B4F8029007AA012130468BF7AEF8039020468B6C
:208A4000F714F98146401C04D1584890F800900120059007994A4609FA01F8514630468BE8
:208A6000F7EDF80490A84269D994F84E01800648D40998032845D00498401BBBF1000F0347
:208A8000D1804541D2A0EB0800D0B3019A0AFA02F1814202D9081AD04000E000208246B439
:208AA000F8A400002251467CF7E3FDA4F8A400BBF1000F29D00598002863D094F8A10000F5
:208AC000285FD1B9F1000F5CD007990301F40180370D0009FA01F0DDE902120A440899023D
:208AE000EB4101814251D2019A411A21FA02F0009A9042BFF429AF2F4B029A1B785A438A99
:208B00004243D8C4F848011FE7FFE7BBF1000F3CD194F8A600C8BBDDE9002104988A40132A
:208B2000180AFA01F0181AA8422FD9401B80452CD2B0EB08007FD082427DD9101AC840C4E4
:208B4000F8480178E077D2059830B9494620468BF723F98246401C04D1164890F800A0019A
:208B60002006905246304600998BF76CF80899084404990144A942C6D9079A0AFA02F04D75
:208B80001BDDE900218A40009217E054E000007E3320003832200048342000183220004AA1
:208BA00032200030322000883220004D3220004E3220004C322000D2312000BBF1000F0448
:208BC000D108EB0301F40170380D000002AA429ED22D1A002D9BD0009AAA420DD396F8B83A
:208BE0000080062CD5002130467DF771F81B2826D900980199401B20E0BBF1000F1FD0946D
:208C0000F8A120E2B959EA0A0219D0059A1AB14545B5D9A5EB0805069A8AB1BAF1000F0E06
:208C2000D08542ACD9009A281A824208D9064B101A029A1B785A43824201D2C84065E70B5A
:208C4000B03846BDE8F08FD231200070B5294E00213078CAF7C2F9012207213078CAF7FF0B
:208C6000F9254887F722FB244C254D207830B1012813D0022819D0032819D105E0214829ED
:208C8000688DF729FF012011E01E4829688DF723FF4FF080502DF7DBFF09E019488DF73501
:208CA000FF184829688DF717FF01E000202070002201213078D3F77EF9BDE80301F401606E
:208CC000390D007040FF21162077F790BA70B50F4C00212078CAF785F9084D00212878CA38
:208CE000F780F9002201212078D3F768F92878BDE8704000220121D3F761B9F52120007832
:208D0000502000F7212000FC2120008C502000F42120002DE9F74F887882B04FF00009C0A7
:208D2000F3801A8868DFF8C0B00F464C464E46009006EBC600C0EB8618594608EB010504C8
:208D40009895F83420824241D111F80800022816D003280AD12548007888B151460098D57B
:208D6000F766F9A0F57F41FF3909D11BF8081051452CD1691C0622009889F727FF00BB30A2
:208D8000460299D5F7A9FAD8B1B868F9784FF00109084490F90600C1F744FD7F2803D0953D
:208DA000F93310814205DB022C10D0012C0ED003240CE00301F401503A0D0095F83600C194
:208DC0000703D0022C06D0012404E040F0010085F836000224761CF6B2642EADD3B9F100AC
:208DE0000F00D1002405B02046BDE8F08F0000E5E72000733D200030B585B0054614216872
:208E000046C3F7D6F9FE4804687CB1FF2D0AD02078A84207D03020ADF80000ADF8025068F1
:208E2000463DF7D0F8207805B030BD0020FBE770B5F348046894B3CEF7A5FC012540B1F034
:208E400048006801682161416861618068A061A570ED4E30687EF778FBD0B1302204F11C6F
:208E600000316867F7C6F8E848E94E016821668088A4F86400307850B12CF751FFE065304D
:208E8000B13278311D67F7B5F8307884F86600E57004F168000BF0F1FA012070BDFFE700C8
:208EA00020FBE710B52CF7E8FFD5480301F401403B0D00001D4179491E417110BD70B5D190
:208EC0004D2D1D28792C680128EBD104E0204624680A21FFF7EAFF002CF8D100202860283C
:208EE00071DFE770B5C84D2C6854B9AC202CF75CFF0400D6D0AC218DF786FCC748C0F7C50E
:208F0000FEFFF7DCFF0020A070E0702071C4F80500C4F80900A4F80D0020616061A06130CF
:208F20002104F11C008DF76FFC102104F14C008DF76AFCFFF780FF0120FFF761FF01202C7B
:208F400060AFE7B04810B50468002C0AD0FF20FFF756FF002805D0FFF7C4FF0BF01BF900BD
:208F600020607010BDA84910B50C68ACB1417A99B10168C4F805104168C4F809100089A4C3
:208F8000F80D00B4F80710B4F80500CEF7E0F9002801D00120607010BD002010BD9A491023
:208FA000B509680301F401303C0D0061B170B1487800280AD0FF20FFF726FF022808D002E6
:208FC00020FFF721FF04E018B1002010BD0520F7E7012010BD8E480068002802D074308D67
:208FE000F7A4BD70478A4910B5096831B180B1894C20687EF7B1FA78B901E0002010BD01C9
:209000002120687EF71BFA7EF7D2F93AF76EFD03E07EF73BFA77F788F8012010BD2DE9F0D2
:209020004105467A480126046834B1CEF7B3FBA84204D10120BDE8F0810020FBE705B377D0
:20904000F716FFD8B18DF7DCFB07460020CEF7AEFBB4F8050020F00100CEF759FBB4F807B7
:209060000020F00100CEF74FFB0120CEF7B1FB0020CEF7A0FB38468DF7C7FB07E000260BE2
:20908000E0FFF720FF77F76CF877F737F82846CEF785FB284677F72CFE30460301F4012024
:2090A0003D0D00CBE770B504465B48006800280CD0E0B20546FFF7B6FF2846FFF797FF1C98
:2090C000B9FFF78CFFFFF702FF0120F2E62DE9FC41064650480221056800200090019068F6
:2090E00046CEF771F88DF790FB07464D4800990160BDF8041081800146072002F0F2FE47B0
:209100004C032120687EF798FA012120687EF798FA072120687EF796FAB5F8091020687E1E
:20912000F77EFAB5F8091020687EF77BFA002120687EF78AFA3C481022711D00F8042B6615
:20914000F764FF38468DF764FBBDE8FC812DE9F04131480468002C6CD0A078002618B30491
:20916000F110058DF751FB07463148007801284FD077F7DDFDC0B290B177F77DFE78B12660
:209180004829680068016069684160A96881602E606E600301F401103E0D00AE600120CE1C
:2091A000F705FBCEF76AFA38468DF736FBA670E07860B38DF72DFBDFF86C800546302204CB
:2091C000F11C01D8F8000066F724FF1748216E0160B4F86410818028468DF71EFB94F866C4
:2091E0005055B1124FE16D2A46381D66F712FF3D70E06D2CF751FEE6650121D8F800007E10
:20920000F725F97EF7DCF83AF778FCE67004F16800BDE8F0410BF048B976F79BFFAFE72009
:20922000272100D8322000CC3220004833200018C020009830210078322000FFE702E71079
:20924000B5040001D00BF001F94FF4001120460BF0B4F82046BDE8104007210BF0BDB80437
:2092600020D9E510B50020FFF7EAFFBDE810400320D1E570B50546FE480468002C17D02029
:2092800078A84214D000EB4001FA480301F401003F0D000C3000EBC10101EB85010E684EB6
:2092A000B1814207D38C30814204D80021284602F020FEB047257004E610B50020FFF7FA1B
:2092C000FE0BF017F9BDE8104048E710B5FFF7F4FFBDE810400020B6E710B54FF44814D4C9
:2092E000F8C00000060FD5E5480078C9F7BEFEE449C978C1F30001484005D08020C4F8C00F
:2093000000BDE81040B1E710BD10B5FF20FFF787FD032801D0022010BD002010BD10B5FFF9
:2093200020FFF77DFD022805D10105BDE8104000200BF047B810BD10B5FF20FFF770FD0272
:209340002802D10120FFF77FFFBDE81040DCE770B5CA480468002C27D0AFF22300C4F890EF
:2093600000AFF24500C4F894000025C4F88C5004F18C0031F7DFFBAFF27100C4F89C00C449
:20938000F8A0500301F401F03F0D00C4F89850002104F1980031F7CBFBAFF2B900C4F8A8B2
:2093A00000C4F8A45004F1A400BDE8704030F7A5B98BE510B5FFF7CFFFBDE810400BF04D54
:2093C000B810B50120FFF743FFFFF749FDB04800687EF7D2F818B17EF768F876F7B5FECE50
:2093E000F7E9F9002806D00020CEF7E8F9BDE81040CEF7A1B910BD70B50446A1480068002F
:20940000280CD02246AFF29711743005468DF7AEFB21462846BDE870408DF77DBB55E598C3
:209420004810B50068002805D074308DF7C2FB002800D0012010BD10B504000FD00BF04804
:20944000F804210BF08CF80BF043F862782146921C0BF0A3F80AF0C0FE012010BD002010DF
:20946000BD1CB50E228DF8002004228DF8012001228DF80220ADF803008DF80301F401E0ED
:20948000400D0005106846FFF7DAFF1CBD7F49096821B128B10078087101207047002070D7
:2094A0004708797047794810B50468FFF71FFD0AF049FE0020FFF7EAFF02284FF000010D72
:2094C000D00020FFF7D1FFFFF7AEFF08B1FFF796FDA07B7149BDE81040484390E740F603EC
:2094E00040EFE710B50020FFF7EDFD0BF00AF8BDE8104002209BE40120ADE6634810B504D6
:20950000680120FFF7A8FEFFF7AEFC04F11C007EF737F818B17DF7CDFF76F71AFECEF74E30
:20952000F9002806D00020CEF74DF9BDE81040CEF706B910BD10B5FF20FFF779FC03280148
:20954000D0002010BD012010BD6FF00040002170470068002806D0406847F2811188420145
:20956000D10BF079B8704770B5054630F8091F012908D00301F401D0410D00A1F57D414BBF
:209580003919D08F2902D0902910D114E00446FF20FFF751FC032809D1E078FFF73BFD203A
:2095A00079FFF754FD20880021FFF762FF2846BDE870402CF781BC0446FFF79CFD0120FFAF
:2095C000F785FDEFE710B5324C241D60791D2806D00A202CF7C4FB6179491C617110BD00DA
:2095E0002010BD70B52B4C0546241D07E006222946001D89F70EFB002817D024682068000F
:2096000028F4D123490120091D08712946062002F07CFC0A20FFF7D6FF30B129684160A981
:20962000880181002101602060012056E42DE9F041884607461CA18AB01E461548D1E900EF
:20964000310068CDE90831109C002580B390F90D10914259DA007B18B13046FFF7C2FF3829
:20966000B301250020FFF716FF01460301F401C0420D001B20022950D03E218DF80010021B
:20968000218DF802108DF8010001208DF804708DF803008DF8058030680FE020272100BC35
:2096A000212000981B2000CC32200040420F000201060CFF4C00002EE02AE0CDF80600B0F4
:2096C00088ADF80A0010208DF80C000898CDF80D00BDF82400ADF811009DF826008DF8133E
:2096E0000008208DF8140007208DF815002088ADF81600A0788DF81800E0788DF81900A03A
:2097000088ADF81A00A0798DF81C006846FFF79FFE28460AB0AAE40020FBE7FF218DF800AA
:20972000108921ADE70348006808B1C07A7047FF207047202721002DE9F04FDFF844A20529
:20974000460027DAF80000172600F12008287891B03946FF2801D10127297098F826003074
:20976000B104280301F401B0430D0004D02A26304611B0BDE8F08F009101910291039189C1
:20978000462878691C75F71EFE040005F1170B51D11022E91D684689F744FA58B1E81D7571
:2097A000F730FE38B12FB190F83A108A072BD51720DEE7002675F769FE04004FF0010078A7
:2097C000D0B8B3D5F801002060B5F80500A0802878A0711022E91D04F1080066F732FC10AD
:2097E00022594604F1180066F72CFC6848017894F83B0061F3000084F83B00C4F83C90C4CF
:20980000F8409037B113E041F0020180F83A100020AEE70023A1791A4620465BF720FFE0A6
:2098200071204675F713FE0146E0795BF777FE002634E0FFE704F108001022E91D109089EF
:20984000F7F0F938B11022E91D109866F7FAFB84F82E90002604F1180010220301F401A0D5
:20986000440D005946054689F7E0F938B110225946284666F7EAFB84F82F9000268FB994AD
:20988000F83A00C0070DD10023A1791A4620465BF7EAFEE071204675F7DDFD0146E0795BBC
:2098A000F741FEC6BB102204F10801684689F7BDF9012518B184F8365002E068E084F83610
:2098C00090102204F11801684689F7AFF910B184F8375001E084F8379098F8260010B1047F
:2098E0002827D048E0DAF80000C168A9B1A14215D0E16B09B1226C0A64216C09B1E26BCAA4
:2099000063C168C96B0C64C168C96BE163C1682164C168CC6302E02EE02464E46381884266
:2099200088891A491E2187C4600121204675F75BFF21E0DAF80000C168A14221D0096CA195
:209940004211D0E16B09B1226C0A64216C09B1E26BCA630301F40190450D00C168096C2187
:2099600064C168096CCC63C168E163C1680C6481884088081A401E2087022188F82610944B
:20998000F83A101FB1022002E00321F6E70120014384F83A10F3E60726F1E6CC332000CBBE
:2099A0003320002DE9F04104002FD0A07FFF282CD080F764FC0646A069002570B1BBF7E5BF
:2099C000F8A5618CF745FF0746318F002301222046BBF7C2F838468CF73FFF2046BBF79CAA
:2099E000F9204E628C3068C2F34033012290F830119A40914380F8301190F83121A2F10191
:209A00000280F8312103D0FF20A077BDE8F08196F7B3FA0446306830300AF054F930680AF6
:209A2000F053F931688C4204D30F4840880844A0420AD20D4F386818B13EF7BBFD3D600331
:209A4000E004F1080051F779FB30680301F40180460D00083051F775FB074835600178BDFF
:209A6000E8F04106208DF7A1B900009033200028222000943320008E3320002DE9F84F80D7
:209A8000468078002500F00F0098F80340D8F808700E46042823D116B3DFF890A0317ADA80
:209AA000F8000000F58179601C0844FA283AD822463946484666F7D1FA327A09EB04005230
:209AC0001C06F1090166F7C9FADAF8007096F8011187F8FB11307A07F581772044C4B298CC
:209AE000F80200DFF8489040EA042B0024DFF844A014E0032D08D1D9F8000004EB84010043
:209B0000EB8100007B012807D15B463246414620460097D4F78FF90543641CE4B29AF8007D
:209B2000008442E6D32846BDE8F88F8C322000243D2000173D200010B58CF732FA1D49035C
:209B40002008600301F40170470D001C4940F2022048611C4A1B4810601D4A1B48126810D1
:209B6000604FF448124FF000001066194A1A4B12681A60194A1268CA67086118490860181F
:209B80004A4FF08B01116017490860B9F773FB164948F202000860154942200860154815BC
:209BA00049008880B2086014481549008880B20860BDE810408CF734B80000E88A31001443
:209BC0008031007BFFFF019C8A310081030FFEE4272000D8272000108B310048342000A41C
:209BE000863100EC8A310024853100C00441005C044100603E2000E8064100623E20003C9E
:209C00000741002DE9F041514D80460C46C5F8E4014FF000076F662E6826F0007028604F4F
:209C2000F0020085F7D8FF2068C5F8F0016068C5F8EC0102206866032085F70301F401604F
:209C4000480D00CDFF2E60C5F8F071C5F8EC714248007C002808BFBDE8F081414651208496
:209C6000F755FE2068010C582084F750FE2168572084F74CFE6168BDE8F041592084F74626
:209C8000BE70B54FF446140646E56925F00070E061C4F80062D4F8040220F00400C4F80420
:209CA00002022085F79CFFD4F8040240F00400C4F80402032085F793FFE5612748007C003F
:209CC0002808BF70BD3146BDE87040542084F71EBE2DE9F0414FF446150746EE690C4626D0
:209CE000F00070E861C5F80072D5F8040220F00200C5F80402022085F772FF2068C5F80C84
:209D0000026068C5F80802D5F8040240F00200C5F80402032085F763FFEE610021C5F80CB0
:209D200012C5F808120D48007C002808BFBDE8F08139460301F40150490D00552084F7EA6C
:209D4000FD2068010C582084F7E5FD2168572084F7E1FD6168BDE8F041592084F7DBBD1CFC
:209D6000803100506F200030B54A680B68D41ACB68C51A8868181A6C4302FB004191FBF0BE
:209D8000F030BD2DE9FF410022DFF8F48313461146841C17464FF4004CFA4ED8F80450096F
:209DA000E0C6F800C0306837608004800C034400D1491C521CAA42F3D3A94203D2681AB374
:209DC000FBF0F000E000204FF47A7148431B21B0FBF1F0401D0A2190FBF1F09CF708FEA0FA
:209DE000F51C40403800EB8000800042F2107190FBF1F5E34F083F3E68386820F4704040C6
:209E0000F460403860DF483C380068DC490020203101E0401CC0B231F92020A24201D807A0
:209E200028F7D301EB800232F9043C0301F401404A0D00029331F92000039032F9020C001C
:209E400090B2F90200019069462046FFF790FF8030C11700EB11600212D8F80830A91A19BE
:209E6000443E60C8F81040C8E90552C8F81C1004B048B2BDE8F08110B590F839402046FF0D
:209E8000F784FF010004D02046BDE810409CF780BD10BD2DE9F047BD490868496880B2BD18
:209EA0004B8AB2BB491B6801EBC3014B880988DBB263F31F2101F00706C1F3C204C1F381B0
:209EC000134FEAD135E3B1012B21D0022B25D0C2F30321C2F30233D00BB04A02EB4606028A
:209EE000EB440402EB430302EB4101B6F97660B4F9AC70B3F988C0B1F99480A8B10021153E
:209F0000E000F00F01C0F30213C0F3C010E4E7C0F30321C0F30233C00BDEE702F00F01C238
:209F2000F302130301F401304B0D00C2F3C010D7E7B2F9861000204FF41B6A9146C0EBC0EA
:209F40000309EB4302D38803F516639BB2534513D814890DB1528900E0002222448C4C3281
:209F60004420343A44A3F51663624424F82030424404EB80030A445A80401CC0B20728DDAE
:209F8000D9BDE8F08710B50024601C87F714FD40B1C069C10205D5C0F3C400082801D301A5
:209FA0002010BD641C072CEFD3002010BD2DE9F34F7D4F89B0A7F1600000904FF0000B0122
:209FC0002005907948CDF81CB0CDF810B0D0F8F8205D465E4607F1500AD84622B1DDE909BC
:209FE000019047002808D07148006840B17148007828B109989BF73BFD0BB0BDE8F08F8C97
:20A00000F73FFCDFF8A091A9F1B00999F9CF428CF73BFC0023DFF8A0C189F80301F4012061
:20A020004C0D004332012089F8FF009CF90D00A042644801DA817900E0C17989F8C112003E
:20A04000203A5C1AF8001015440E441144414500D98846401C4F28F3D35948817A4145013F
:20A06000D989F8FF305848D0E9001280680191CDE90220484889F8EF3189F89F31C06820D0
:20A08000B1FFF784FF28B1002007905EF707FD10B106E00120F8E78BF72BFC08B10020057F
:20A0A00090002400200690ECB34E2C5DD0601E4C2811D83D5D1AF80460059860B1381910F6
:20A0C000F8011C4078084405440AEB040010F8011C40780844064409EB0400DFF8E0C090B3
:20A0E000F84432A9199CF809201944914223D399F8C112C1F1FF0201FB05F8724390454073
:20A10000D39CF813108B4204D93B5D1AF80410591837D00301F401104D0D00079979B19018
:20A12000450DD990F8A01121B1491E00E015E080F8A01190F8501181B3491E80F850119097
:20A14000F8500158B3214622489BF7D8FB30B399F8EF11491C89F8EF113FE005983D789A10
:20A16000F800600028BBD0787805449AF80100B5E7059897F84E509AF84E600028AFD09724
:20A18000F84D0005449AF84D00A8E70121069199F89F11491C89F89F11D1E722E01BE0BCC2
:20A1A000272100E8064100CC0041008C0A2000383021008A352000687020001C6B2000A0BE
:20A1C000282000B1282000612220005522200090CA0B0090282000069818B1214601A89BB5
:20A1E000F743FC641C4F2CFFF460AFDDE90001F94D4162029981620399C162687800072632
:20A20000D500240127696807FA04F00301F401004E0D0001421CD0D9F8B8124E460142174B
:20A22000D0F04800EB440110F814000988C1F3C512C0F3060105A89BF7C0FBDDE909020524
:20A24000A99BF7A5FB10F0FF0086F843027FF4E0AE641C202CDAD30999009800260A680213
:20A26000634A684263896881633446DC484168012000FA04F0014248D0D9F8B8120142447C
:20A28000D1D84800EB44056B78190626D510F81400C0F306012888C3F34115D24BC0F3C575
:20A2A000102B4442081B7A8F185D08A0EB0208A3EB050A01A805979BF7C5FB074642460195
:20A2C000A805999BF7BFFBAF421FD350451DD3049901263844884216D817E0298810F814C8
:20A2E00000C1F3C512C0F3060101A89BF7ABFB6978C1F34112BC491144097A814205D804CF
:20A300009901260301F401F04E0D00814201D2A3460490641C202CACD386B3B34F07EB4B63
:20A32000063088C0F3C51217F81B00C0F3060104A89BF747FB0125D9F8B80205FA0BF108BD
:20A3400043C9F8B802DDE909024C4604A99BF723FB84F8430217F81B00A5493288C0F30633
:20A3600000C2F3C5120979024403E02318401C83F8A0118242F9D884F8FF5016E0FFE7DDCA
:20A38000E9090201A99BF7D7FA994E4D4689F843020024214601A89BF7C3FA18B1291930BE
:20A3A0007981F8A001641C4F2CF3D3099900980A68C2634A680264896841642DE610B50CE6
:20A3C00046B0F8E610490706D48A480168216041686160806815E000685CF783F950F8B03D
:20A3E0001F2160416861608068A060002004EB8001401C0A68D2430A6003280301F401E08A
:20A400004F0D00F7D3A068C0F30E00A06010BD2DE9F04387B0794C8EF73FF9744D48B1685C
:20A4200078C00706D076488EF765F84F2174489BF727FB734F97F84F0001280BD068784FB4
:20A44000F00008000609D53DF780F987F84F8007B0BDE8F0833DF779F9F9E75EF72FFB2829
:20A46000B98BF756FA10B928784007F0D58EF714F918B16878C00700D0614C6248C0688803
:20A48000B3FFF794FD70BB2068009060680190A06807246D4603AEDFF8709102901DE06088
:20A4A0001C87F79DFAC0B1C169CA0215D5C1F3C401082911D3B0F8E61049070DD503A9FF11
:20A4C000F781FF002055F8201056F82020114045F82010401C0328F5D3641C99F800008438
:20A4E00042DDD36C464A482168016061684160A16881600301F401D0500D00012087F84FD3
:20A5000000206818B9606808B9A06838B13C4887F84F812146407860F746F99CE79CF7705A
:20A52000FB99E72DE9F0474FF000088CF7C1F9364F97F9CF528CF7C0F997F84F0100286CEA
:20A54000D1002D6AD02C4E96F90D00A84201DAF07B00E0307C87F8C0022D48C06820B1FF43
:20A56000F729FDC0B1002080460024DFF890908EF797F890B17078C0070FD0214622489BFD
:20A58000F7D7F950B13819002180F8A01180F850118020385549E00120E5E7B8F1000F0480
:20A5A000D021461C489BF7C4F920BB385799F905100144A94207DD96F90C10884203DD999E
:20A5C000F804103A1904E03A1992F8A01111B1491E82F8A01197F9C0120144A94203DD964E
:20A5E000F90C10884203DC96F914100301F401C0510D00884216DDB07B391918E019E06147
:20A60000222000C82820005522200090CA0B0090282000B86F2000BC272100681F2000C062
:20A6200030210009E0391991F8500110B1401E81F85001641C4F2C9ED3BEE410B5254C94F3
:20A64000F84F00012801D0002010BDFFF76EFF002084F84F0001209CF74AFA1E4890F83B5D
:20A660000000070AD51D480068400803D11C480078400702D5022084F84F003DF76EF8E2A8
:20A68000E770B501248EF710F8164D20B104F0A6FF287018B103E00120287000E00024200E
:20A6A0004670BDA0B1C169CA0211D5B0F8E60040070DD5C1F3C4000C2809D00D2807D009A9
:20A6C0002805D00A2801D1032801D00120704700207047B86F2000104A20009C6F20006181
:20A6E0002220000301F401B0520D00BC27210070B500255EF7EFF9304C60B114209BF7F042
:20A70000FB3CF715FD2E48216D01250160616D4160A16D81608BF708F920B19BF723FE9B6E
:20A72000F796FE00E03DB102209CF7E5F994F8FF0008B13CF77EFB224890F83B00000710F9
:20A74000D5214C2068400803D120480078400708D50122042100203CF7F4F8206840F001CF
:20A7600000206070BD0120704770B5456828465FF7B7FF284687F73FF900281CD0124C0171
:20A780002101FA05F122898A432281104A1288520708D5628A0A4205D08A43628290F84AD2
:20A7A0001196F79FF9207D002805D000202075BDE870403CF7BCBC70BD0000B86F2000A4FC
:20A7C0008F2000104A20009C6F200061222000A450200070B50E46C8B015460301F401A089
:20A7E000530D0001461C46202240A865F76EFC6846D9F7E3F9224631466846DCF7F1F806B7
:20A80000EB8401224608A8DCF7EBF8234640AA694618A8D9F76EFB082218A930A8DCF7E089
:20A82000F830A800EB8400082220A9DCF7D9F8214630A800F00AF8002805D0224618A928C3
:20A8400046DCF7CEF8012048B070BD2DE9F04198B08046082901D9082400E00C46082C08D9
:20A86000D02C4FA7F1440620362146DCF7DBF8F0BB03E0284FA7F14406F5E708EB840528E1
:20A88000462146DCF7CFF890BB224639464046DCF7B4F8002836DA224639462846DCF7AD2D
:20A8A000F800282FDA214610A8DCF78FF8224641466846DCF726F96946234642460846DC9D
:20A8C000F717F9032010902346424610A908A8DCF70FF90301F40190540D0069462346086F
:20A8E000AA0846DCF724F96946234632460846DCF715F9224600E009E0294608A8DCF70589
:20A90000F9224608A96846DCF77CF818B1002018B0BDE8F0810120FAE700001CE320000048
:20A92000E42000F8B5AD4C94F8AA00102873D2AB4904EB8000001D496810220D3165F7C9F4
:20A94000FB0020009020680023C18CC1F380023E217CF7CEF994F8AA00001D84F8AA0020EC
:20A960006888F706F818B994F8AA000C2808D2206887F7FEFF002860D094F8AA0010285CB8
:20A98000D3206887F7F5FF944D964E743570B10821201DFFF75EFFA0B1B6F8FE000007019D
:20A9A000D5914800E091488830082316E00621201DFFF74FFF28B1B6F8FE0000070AD589BB
:20A9C0004809E005221146206896F70301F40180550D0012F9BDE8F8408FF77CB885483039
:20A9E0003006232A46211DFFF700FF30B194F8AF0080070DD58FF704FD1AE00522114620B7
:20AA00006896F7FAF88FF766F8BDE8F8408CF7F0BB206887F7B1FF18B14022022102E0106A
:20AA2000E03022012101208FF7D3FC042084F8A800201DC8F7B1FD002803D0216813208122
:20AA4000F84F01F8BD70B506467CF74CF9654C054610222168C98CC1F3800141F07E0100DF
:20AA6000F80C1F401C314665F738FB206800683BF7D5FF18B9206800683BF75CFF2946207E
:20AA800068BDE8704056F70CBD5849B1F8FE10490701D4372336E0524A116809B18142055F
:20AAA000D155490B7C23B14968814201D12A2329E092F8A810012906D002291DD0A9B10379
:20AAC0002913D00301F40170560D0023231EE0C1690904FAD592F8AF1021F0020182F8AFCE
:20AAE00010818C41F004018184C18C21F00401C18406E0C169C1F3C401082901D218230589
:20AB0000E03B4949688B7B032B07D92023C16941F3C032521C99217CF736B902F190024228
:20AB2000F8900C887B5077087C9077C97BD07F61F300003149D07701F1A801087800F10177
:20AB40000008704FF008008FF720BF28484068817B032911D8254AAD321170017C5170C1DA
:20AB60007B907861F3000090702448A8300178491C017009208FF709BF704770B51D481A99
:20AB80004D1C4B90F8FD4095F8AF2095F8AD00B3F8FE30C4F30301D60701D1DE0707D02285
:20ABA000F00C0000F10800052185F8AF0013E095F8AE6046EA1414E40701D10301F4016052
:20ABC000570D0000200146104C04EBC10404EB400114F81000497860F3830285F8AF201851
:20ABE0000700D5032141F01000296881F84F0170BD0000BC8B2000907A2000104A20002062
:20AC0000D50B00848C2000047B2000C8D50B0030B595B004461546102827D00F2C23D81099
:20AC20002208A865F762FA1148102200EB041110390CA865F75AFA0D481022F03000EB04BC
:20AC400011103910A865F751FA0CAA08A96846DCF70BFC6A4610A904A8DCF7E1FB10220452
:20AC6000A9284665F742FA15B030BD1022F8E7382521002DE9F04780460D468BF735FE8148
:20AC800046404695F78BFA48B3184B012606FA08F41A6806FA05F1A2430A431A60144B1AB9
:20ACA00068144202D0A24311431960057028465BF73CFD0301F40150580D0088B180F81D68
:20ACC000615BF720FC284686F7AEFE0446404686F7AAFE00F5BA700022417A427284F87D70
:20ACE00011012400E0002448468BF706FE2046BDE8F0877C282000042821002DE9F0410E1E
:20AD000046002787F7F7FD05001ED02C688BF7F0FD0EE0617D032E41F00202627501D15132
:20AD20000702D542F001016175617D2468C1F30007002CEED1042E02D00FB10121A9756EA9
:20AD400075BDE8F0418BF7D8BDBDE8F0812DE9F041044687F7CFFD0500F6D0204686F7638F
:20AD6000FE0600F1D0601E4FF000080A2803D8E549214401F8018C012785F823708BF7B8B1
:20AD8000FDE249A7400A68BA430A608BF7B5FD2CB30C2C23D0012200233146284655F70610
:20ADA000FE284655F7F9FD697E39B10301F40140590D00B6F864004FF0FF3250F723F8850C
:20ADC000F81980D448C07C400703D514B1E0B298F790FD012120468DF7E6FF2046BDE8F00C
:20ADE0004160F794B90022DAE7B2E72DE9FC5F05460E46086887F782FD0746286887F77E9C
:20AE0000FD0446002F7DD0002C7BD08BF775FDC24A019030684FF00108126808FA00F11109
:20AE20004202D0296895F7DDF93068BC4B08FA00F21868024206D0904318602A6808FA02FD
:20AE4000F10143196024223946204665F756F9002085F8F5003168DFF8B8B208FA01F0C24D
:20AE600046DBF800108143CBF8001087F82380206800B9646004F1080000905FF7B5FA4F0A
:20AE8000F0030988B18046007B1321B1EB500F0BD194F82300022807D100985FF7ACFA40AC
:20AEA000462BF70301F401305A0D006EF884F8239004F10C0080465FF79BFA28B194F823CB
:20AEC00000022801D184F823902846009956F730FC4146284656F72CFC2868DBF800200AD0
:20AEE000FA00F18A434FF00009CBF80020C7F80890C7F80C9087F81490C7F800902068D8EB
:20AF00004628B9204655F7FEFD00E029E038B92968D8F800200AFA01F01043C8F80000F00A
:20AF200069C0F3C401E86961F3C700E8612020A6F86400B068A860C6F80890314628468F4F
:20AF4000F730FE01988BF7E0FC316828683BF78EFB28465EF7B4F82846BDE8FC5F56F7D0F7
:20AF6000B9BDE8FC9F2DE9F047044692460E46084686F761FD050074D095F8A300470960C3
:20AF80007840F0040060702078C0F3C301022906D23846BDE8F047012300220301F401206A
:20AFA0005B0D0050F77CB80122384650F74FF840B161884088C1F3C902824202D960F3CCA0
:20AFC000016180608841F6F878C0F30101032911D0DFF8609199F80A1039B1C0F3C9003134
:20AFE0004660F31F11092083F7E1FC61884E4A88070FD011E010EA080F0AD02078C0F3C32F
:20B0000000032801D0082803D1514628463BF7C8F880E0D07C00077DD5B5F8643000206370
:20B02000F30B0061F30D30C1F3C90161F31F402178490703D120F4404000F58040CAF80088
:20B0400000D07C000725D53B49488F401C48873A48007802280AD0042812D038480068A089
:20B06000B15146204656F756FC3EE04CE03548006840020AD420783349C0F3C300087045ED
:20B08000E051462046C1F754FF2EE0504656F73DFC2AE00301F401105C0D0092F83800025E
:20B0A0002838D02078400705D06088C0F38001284656F71BFC608810EA080F2FD0E969C1B3
:20B0C000F3C4010D292AD099F80A1041B1C0F3C900314660F31F114FF00A0083F76BFC60EB
:20B0E000880023C0F3C901091D1A465046A5F712FF60880123C0F3C9022078C0F3C301388E
:20B10000464FF7D1FF1348017841F002010170BDE8F08703E0504655F791FDE9E75046BDC8
:20B12000E8F047B8F7FEBA003221007C2D2000104A20007C282000A4312000506F2000E07B
:20B140008420000C302000742D20002C8B31000D302000CF3920002DE9F05FD0F80CA08167
:20B16000460026B346504686F76EFC0746504687F7D1FB05005AD02A68002A02D14FF001C2
:20B1800000A8754FF000081AD014680301F401005D0D00507D81070CD5C00706D041462800
:20B1A000464FF733FD761CF6B200E09046220003D109E09046220006D01468002AE9D1BB1B
:20B1C000F1000F00D1DAB9687D012804D002280AD0032812D10DE0B7F86200401CA7F862BC
:20B1E00000022085F8210046B1B7F8640036F797FB03E0B7F8640036F76EFE002068758EAC
:20B20000B101200D4E00FA0AF084B23068A0433060286820B905F108005FF7F0F810B9302E
:20B22000682043306048464FF7CBFA0020C9F80800C9F80C00BDE8F09F00007C2D20002D3A
:20B24000E9F04F8FB000F1090601A80C90B6F8035012205071FA49FF20144608704FF001DA
:20B26000084FF00009FF2D2DD071F75FFF00287ED00121284686F7BBFE050078D095F87108
:20B280000100280301F401F05D0D0075D028685BF768FA00286FD0707905F5BA77C0076CFB
:20B2A000D0EA480078002869D0404685F89E80C0B259F729F90146284687F72CFC87F809CB
:20B2C000807079E249C0F340000870E4E096F906000022012172F7DFFF054696F9070000AA
:20B2E00022012172F7D8FF0D90014696F90820284673F79CFF00287ED0D64805EB850100B2
:20B30000EBC100D44FD0F83210CDF81110D0F83610CDF8151090F83A108DF81910C07D8D2C
:20B32000F80500CD4897F802A000210078401CC0B271F785FF05007DD08BF7F2FA0E909D7C
:20B34000F80500C8F7F4FAC549096881F854009DF80500B870012003460090294608460C72
:20B360009AC9F7CEF8BF4EDFF8FC8296F800B0D8F80000009003E07AE077E00301F401E040
:20B380005E0D007FE07AE001203070C8F80050D5F89000012172F7BAF871F7A1FD86F8009A
:20B3A000B00098C8F80000504687F802A0C8F7C3FAAD49096881F854000D9800EB8001A667
:20B3C0004800EBC100D0F83210CDF81110D0F83610CDF8151090F83A108DF81910C07D8D47
:20B3E000F805009F4897F8028001210078401CC0B271F729FF05003AD09DF8050000E034A3
:20B40000E0C8F799FA9849096881F8540038469DF805108170012003460090294608460CFF
:20B420009AC9F772F8924F012096F800B0D7F800A030703D60D5F89000012100E017E07294
:20B44000F765F871F74CFD854986F800B0C7F800A0404681F80280C8F76EFA824909688127
:20B46000F854000E988BF764FA19E0072002E01F2000E00301F401D05F0D00832060710F21
:20B48000B0BDE8F08F484685F89E9018E7787A50B14E4685F89E90304659F73DF801462804
:20B4A0004687F740FB7E7284F80590E8E710B56B4CE4227149606894F746FC4FF480516078
:20B4C0006894F76EFC6068BDE81040E4226B4994F713BC2DE9FF4FFDB0884679A97B9177BA
:20B4E000A97C915E490026924649683EAC6D46374601F5807B01F5407980B101282CD1042B
:20B500002276A9484694F71FFC7698411C27D0010A809A000C401E117004B249E0042276C9
:20B52000A9584694F710FC7698411C18D08099000AD222087004F10C010BF1040094F703BB
:20B54000FC002120467B9A73F704FEFF218AF800109DF8E91188F800100DF5017D90E7110E
:20B560002088F80000F8E7032028730301F401C0600D007320704309EB4000A5F80D400004
:20B580001DE62205F10F0194F7E2FB002128467C9A73F76EFC641E761C9DF8E20124B2F647
:20B5A000B220B1401E012181403943CFB28AF800709DF8E11188F80010002CD8DAD0E72DFF
:20B5C000E9F84F00F10904274815464668FF20907137468246D071002006F5807607F540D2
:20B5E00077507167F737FE4FF01208B8B3E07838B1012876D002282FD12079002874D07964
:20B60000E020794FF01109D0B904226946304694F79EFB0098401C1DD1D222A11D301D94EB
:20B62000F76FFB94F905104FF4803040EA012021790422084300906946304694F761FB2002
:20B6400079012847D104226946384694F780FB0098401C18D085F80590BDE8F88F19E03094
:20B660002C21000301F401B0610D00F1242000FC272100F85F2000B9232000A92420000885
:20B680002420000225200024252000CC302100B4F8EC00B4F8EE10884202D885F80580DFD2
:20B6A000E7401A401EC0B27321484307EB4000001DE622A11D94F728FBB4F9EC00B4F8EE64
:20B6C0001061B994F90510000440EA012021790422084300906946384694F716FB6079A86A
:20B6E0007185F807A0BCE700E002E0FFF7E7FEB7E7AB1DEA1D691D0020FFF7F3FE207901E1
:20B7000028AED1AB1DEA1D691DFFF7EBFEA8E770B500F109051446E81C04F0E8FAA071E96D
:20B72000780025022904D003290AD004290ED001E0401C02D0E571657170BDFE4800781224
:20B74000E0FE480078E071FEF708FCF4E700F180010912A0EB0120A17140B20301F401A050
:20B76000620D0000EB8000802101EB40000012E071E5E710B514460930F34A002100EB4111
:20B7800003B3F8033022F81130491C89B26729F5D3FEF7E7FB66F79DFBA071002060711097
:20B7A000BD70B5E94D093000266E70C178A9701446EE7031B1007900F00F016970C0F30043
:20B7C00010E8700221FF20C4F738FF66716878A07170BD10B509301446C178012902D1DB6F
:20B7E0004A01791170C01C58F7F9F90020607110BD00215171006910F0FF0F05D0C1B20186
:20B800002902D0122050717047D249087070472DE9F04FB9B0CE2100F109053791914600EE
:20B820007BCD4A4FF000084FF0DC0A50287CD189F80600002089F8050028792E464C460170
:20B840002859D1C5484FF0E60C0368B3FBFCF00CFB10370301F40190630D0081B20FB949C8
:20B860001E89B2B6F80500884210D87BB1884237D14FF0730100FB01F002EB40014FF001FF
:20B88000084FF00000F7B1A7F1040C0DE00020A072E62104F10C008BF762F830E0231811B2
:20B8A000F8012B401C1A7300B26045F7DBAC49E019D1F814158160C7F1E6010C308BF74FE5
:20B8C000F8A7721CE02318401C11F8012B00B21A73E228F7DBA248D0F81405C4F8EE000CF3
:20B8E000E07321484302EB400100202318401C11F8012B00B21A73E628F7DB84F80AC0309A
:20B900007902284ED19848EB465F46016800914068019002A88E49379A64F71BFC37989257
:20B9200049083038440A68026089888180E62200E03EE09AFBF2F002FB10A781B20FB949AF
:20B940001E89B2B6F80500884218D80301F40180640D00854A1268AAB188421BD14FF0019D
:20B9600008C7B1732148430BEB40013A4604F10C0064F7F3FBE019C7F1E6010C308AF7F3DF
:20B98000FFA77212E00020A072E62104F1F2008AF7EAFF0AE0732148430BEB4001E62204C7
:20B9A000F10C0064F7DAFBE620A0723079E071B6F80500208184F80B80E87808B131281B60
:20B9C000D189F80600002089F805000146E8784C46122610B1312804D00EE0E81CC9F72731
:20B9E000F802E0E81CC8F73FFF010004D02A22E01D64F7B3FB00E06671E878022801D0052E
:20BA00002811D189F80600E878494602280BD1514A002001EB400432F81030401C00B2A499
:20BA2000F807306728F5DB39B03EE570B500F10905002014465071FDF704FBE81CFDF742E0
:20BA4000FB00280301F40170650D0001D11220607170BD10B5002151711446007BFDF75223
:20BA6000FB002801D10C20607110BD10B50021144651710C30FDF7A6FD002801D10C2060AC
:20BA80007110BD10B514463D4A002111703D4AB0F80910117056F7F6FD607110BD00215107
:20BAA000710069C0B2811E232902D83649087070471220507170472DE9F04786891220325D
:20BAC0004D144650714FF00009FF2E16D00121304686F7B1FA00280ED02E80012085F84E43
:20BAE000002B482FF737F995F84E0000287DD01F20607185F84E90BDE8F08705F12E05FF7E
:20BB00002005F82C0C2348007805F82B0C2248007805F8290C2148007805F82A0C20480029
:20BB200068204905F8280C0868E8754868287688686876C868A8760869E8760301F40160A4
:20BB4000660D00D1F8E8002877D1F8EC006877D1F8F000A877D1F8F400A1F5327127E03F7A
:20BB6000282100482821008A352000FC2721002C2D2100883D2000F85F2000142520004257
:20BB80002520003525200084282000A12020009C332000B0312100A086010002252000F2E8
:20BBA000242000F124200004833100C8026000E877A5F12E054FF0000001EB8002D2F86427
:20BBC0002105EB000300F10100C0B2DA710828F3D3DFF8F483DFF8F4C3002000EBC0020201
:20BBE000EB001208EB420600EBC00200212A44731800E019E05718491C93F89A31C9B2FBCD
:20BC0000730529F4D305210CEB800673185718491C93F83330C9B2FB730929F6D3401CC0CC
:20BC2000B20628DAD385F84E902888E080A8782072E8780301F40150670D0060722879A02A
:20BC4000726879E072A8792073E3483622D0F86B10C4F80D10D0F86F00DF49C4F81100734D
:20BC60003104F1150064F785FADB488030D0F82910C4F84B10D0F82D10C4F84F1090F831EB
:20BC80000084F8530084F805903DE770B500F1090512205071E878144606283DD2CF48CFAC
:20BCA0004E18220068801B000AA071E878E071E87806EB002000782072E87806EB00204001
:20BCC000786072E87806EB00208078A072E87806EB0020C078E072E87806EB0021091D0408
:20BCE000F10C0064F746FAE878182206EB00211C3104F1240064F73DFAE878182206EB007D
:20BD000021343104F13C0064F734FAFF2084F8540084F855000020607170BD2DE9F04100BE
:20BD20007B164600B3DFF8BC8200250301F40140680D000024A32105FB01F008EB4007A3DB
:20BD40002000FB047005F010FF641CE4B2022CF6D36D1CEDB2062DECD3A54D0024A3200050
:20BD6000FB045005F001FF641CE4B2052CF6D300207071BDE8F08170B500F109041546805A
:20BD8000897EF765FB50B1A178022905D0617980F895110020687170BD0021F8E71220F9E2
:20BDA000E72DE9F84F4FF0000B00F1090782F805B016468089012186F74AF905001AD0D5BA
:20BDC000F8FC004FF00C08400771D42868894A00EBC00102EB8104243C4BF790FA797901F0
:20BDE00022B2EB510F26D1834A844B0020126893F800C00EE0022070714EE4C0EBC0030219
:20BE0000EB4303DF7A042F03D1DB792F68BB4202D0401C6045F1DBB171C0EBC00002EB4050
:20BE2000010E220301F40130690D00F01D64F7A9F9012084F8200086F805B031E401F00131
:20BE400009E969C1F3C4020A2A35D195F8B5200323B3EBD20F2FD109042DD4217811B1B9AA
:20BE6000F1000F28D151EA090125D097F80680B7F807A0B7F809104FF0120E0091B9F101C1
:20BE80000F15D81BD1B8F1000F11D0BAF1000F0ED008F1010140F271235943C28EB5F85CD3
:20BEA0003040F2712C4A4303FB0CF39A4206D986F805E014E4FFE786F8058010E484F8008A
:20BEC00090B9F1000F02D04FF0010201E04FF00002627038D084F8028084F80380A4F8046C
:20BEE000A00099E180818E2181C18E08F1010801FB08F16181818EA181C08EE0812069580E
:20BF0000B94FF0180029F7D3FF206160B12A683D498AF7DCFE206930B14FF40301F4012054
:20BF20006A0D007A700AFB00F120698AF7A8FE606940B9182029F7BFFF606118B12A6833D3
:20BF4000498AF7C8FE0021284600F0B2F827E0028CA1898A4203D1428CE3899A420BD001D7
:20BF600084E1894184A1898186E189C186C4F81CB0012180F82510206930B18AF79AFE2032
:20BF8000692AF746F8C4F810B0606930B18AF791FE60692AF73DF8C4F814B084F820B07840
:20BFA00079B07131E770B500F1090415468089012186F755F870B100680121814015480093
:20BFC00068014209D062791348002A826807D01143816070BD122000E00C20687170BD8A8C
:20BFE00043826070BD000032152000182420004C31210024252000106520007F572000504A
:20C000005420000C322100482B2000402B200037960D000301F401106B0D007C282000FC14
:20C02000272100F8B5064600208DF80000F069C0F3C400082818D30422FF21062035F72176
:20C04000F9040011D004F108053068694668F717FA4920A870B6F86400A5F803009DF80081
:20C06000006871204635F709F8F8BD70B504460D460020FDF7BFFA00281DD00922FF210BA5
:20C080002035F7FFF80246083087218170A0F80340072C0BD0062C09D00021C0F80510A0C2
:20C0A000F80910BDE87040104634F7E7BF2968C0F80510A988F3E770BD70B504460D46009B
:20C0C000680E4900EBC00001EB800010F8040C012811D10422FF21062035F7D3F800280AD2
:20C0E000D0D0218172B4F86410A0F80B104573BDE8704034F7C2BF70BD00000C3221004133
:20C1000068034A914202D841F400110301F401006C0D0041607047DFEF3F0070B500F10981
:20C12000040020507120791546401E012816D80120D6F790FE6871002812D14648227941E7
:20C140006962F30601416161794174E1784900C17101218171BDE87040D6F7DEBE112050C2
:20C160007170BD70B500F10904C07B1646401E01282AD80020D6F76EFE7071002823D12068
:20C180007929F7A1FE344D2860C0B10020A871A179686961F306006861617929712179692F
:20C1A00071E1784900E971C0F306012079D6F71AFE28812846BDE87040D6F7AEBE0220D63D
:20C1C000F749FE0C20707170BD1120507170BDFEB500F10904002015460090019074F7BE52
:20C1E000FF08B10C202EE01C481D4E0727807E3178884201D36F71FEBD606800902089ADC2
:20C20000F804000301F401F06C0D00E17802AB0022684659F7D4FA3178884219D213490111
:20C22000EBC00081796FEA111252070ED00F4A27EA111102F5926392F890248A431A708118
:20C240007921F0F00170318171FEBD17206871FEBDE17807236846029A59F719FAFEBD6CF3
:20C26000962000B8BF20005833200000C620002DE9F04FADF2144D30B10DF2144D0020BD6D
:20C28000E8F04F8AF7E4BF01221021032035F701F800218146817233480468002C5CD04F4E
:20C2A000F482616846C0F75CF8D4F8A00104F58877009000260424FA202EF76CFD2B4A018D
:20C2C0002111604FF458150820C5F8840093468246E84612E0E86987F8900008F80400642A
:20C2E0001CA4B2FA202EF756FD0120CBF80000C5F884A040F20F4084422CD20301F401E057
:20C300006D0D00D5F884000007E8D527E0FF221146901C34F7C2FF070020D07520B87207BA
:20C32000F10805FE72FF21281D8AF745FBFD2C01D9FD2200E0224606EB4600C0EB062141B5
:20C3400044281D63F732FF384634F7A3FE761CF6B2FD2C01D9FD3C00E00024A4B2002CD5AE
:20C36000D10DF2144D4846BDE8F04F34F792BE601B20002C04360010B54CF7E0F80649036C
:20C380002008700549002008604860088188720349086010BD000084282000003221000460
:20C3A0002821002DE9F04700F109048089B4F80550B4F80780B4F80970B4F80B9001218599
:20C3C000F75EFE060018D0D6F8FC00400733D4A81F4AF6FA61884230D8B8F1060F2DD3B85A
:20C3E000F52F4F2AD84FB34FF400418F4225D2894523D20301F401D06E0D00E80702D02092
:20C40000E002251FE05FEAC8701BD1B7EB550F18D8B9EB550F15D8B6F85C0018B105EB47B4
:20C420000188420ED90022802130463AF74AF810F0FF0507D1F069C0F3C400082802D00CE4
:20C440002500E012252088294634F759FF002D06D121463046BDE8F047024A38F77AB9BDDE
:20C46000E8F08725CE06002DE9F041054600F190045448524ED0F800C096F921309CF80A0B
:20C480000083421FD030462279818B00274068022A53D12278C2F3C302012A4ED9491C865B
:20C4A000F822708AB2B2830168DFF81C81C1F3CE239B1DD8F800109A4205D90846B7F78130
:20C4C000F9C8F8007076E0407901282CD196F8200001F1040810BB3C480168204667F74D89
:20C4E000FDB5F89200C0F3C902B2610301F401C06F0D007068B2F57F7F0078C0F30001355C
:20C500004801802178C1F3C301418001D940F2FD3241467069BFF7D9FF2A2039F745FE0199
:20C520002086F82000207820F0780008302070A87B83F7B2FFB06096F8230028B386F823CA
:20C54000703CE096F82320FAB90068C0F3CE20801E81421ADAA87B83F79FFFB1680446408F
:20C560001AF16888422AD3716896F82100C978A0EB910040B286F82100002801DA86F82169
:20C58000702846D5F7F6FFB46018E096F82200401CC0B286F82200062810D35B1C58B286BA
:20C5A000F821009CF80A108842284605D15BF747FEBDE8F041D6F758B8D5F7DBFF2846BD8B
:20C5C000E8F0415BF73CBE10952000AC312000282920002C8B31003895200070B50C4681F6
:20C5E00078C31D0301F401B0700D000A46091F0125042A0AD371B1D0F803200E48824204E9
:20C60000D3481E0D4E1044B04201D9002502E01846C0F772F90E202070042060700120A06C
:20C62000704FF64C40A4F803000DB1002000E00C20607170BD000000030D0064240D002D60
:20C64000E9FF5F4FF0000904468DF80C90FE4A1168880702D510208DF80C0094F8A3004089
:20C660000932D0022830D000208246DFF8DCB3C8071BD0D4F8F8000107F54800680AD5DB52
:20C68000F820100A0706D5890404D5F1490978E9B184F87F910023524603A971F7ECF88408
:20C6A000F8A000EC48C07C400701D584F8A09094F89E60204672F737FE68B1E7484FF00292
:20C6C00008007830B101270AE00120CDE784F8A090E7E7002703E094F8A0700301F401A059
:20C6E000710D0094F84D81204686F7B7FA48B1DD4801254068807B48B101280ED002281BA2
:20C70000D116E020467AF7F2FBBDE8FF9F464502D0761C464510D103250EE0204672F70704
:20C72000FE50B9BE4202D0761EBE4205D1022503E0204672F7FCFD88B1C5480068800700AF
:20C7400028D4F8F8004FEA007016DA002825DADBF82000000721D5022D02D01EE03E46E5D5
:20C76000E7BD48016801EBCA003044022190F83400B1EB101F10D110E000280EDADBF820BC
:20C780000000070AD5022D08D1B348016801EBCA00304490F8340000B90125204672F7C7EC
:20C7A000FD00B10125BE4201D23E4603E04046464500D9064684F89E60304657F7F8FE0100
:20C7C00046204686F7FBF9A849002001260A7869464B460301F40190720D0006FA00F7172C
:20C7E0004202D041F8205001E041F82030401C0328F3D301980299800040EA01110098013C
:20C8000043204657F758FF83E72DE9F05F8246994801784078494240424FFA80FB4FFA8186
:20C82000F99AF8A40085F76FF90546504665F717FA04462846C3F7D1FE07468648006800D3
:20C840000702D494F9016026E05146002065F7CDFA97F82E00894A894B10B192F90000017C
:20C86000E093F90000874908808748007840B18648007810B192F9000001E093F9000008B5
:20C880008008881A2250430880E18AA1EB000000B2E0824FEA20267D48006840071CD57CC6
:20C8A000489AF8A4200121007895F8A08040429140794A40B2126811420ED086420CDA280A
:20C8C0004671F743FF40B985F89E800301F40180730D00404657F773FE0146284686F776EE
:20C8E000F94E4505DAD5F8100140F04000C5F810015E4504DD002E02DAD5F8100105E0D58B
:20C90000F8100120F08000C5F8100140F48070C5F8100152480068000740D5B4F91600409D
:20C920004205254FEAE079804687F83E5094F8200040B197F92E00B97C88420AD0D7F833F0
:20C940000038B12BE084F82060C4F81880C4F81C9024E0B4F91600002820DA691E01208812
:20C9600040A669E7698346C117301879412A46BFF700FD361A67EB01071BEB080049EBEB7B
:20C98000712A46BFF7F6FC30184F41A0610021000A40EA0160E761404284F8200094F8206D
:20C9A000108AF80F11BDE8F09FF8B5074685F7AFF80446384659F731FF65F755F92C4E0008
:20C9C0002580F80301F40170740D002050F07C000704D53548007808B958F774FB2046C377
:20C9E000F704FE324909688174384685F794F886F740F90028D4F8100120F0380002D020E2
:20CA0000F0070003E0303020F00700801DC4F810011D4920F4A07040F080008A780979623B
:20CA2000F3502061F35840C4F810018DF8005094F8A30040095DD002285BD00022F07C007D
:20CA40000707D40A4800236946006870F724FF84F89E001748007808B184F89E5094F89EA0
:20CA60000084F8A00027E088312000F048200024252000B9242000104A2000F124200090BD
:20CA80007A20005D1F2000E3222000E1242000E0242000601F2000B7242000B824200084D8
:20CAA0003120005C1F20007C282000D8232000BC24200064322000F07C40070301F40160E9
:20CAC000750D0003D584F89E5084F8A050642084F87C0184F87E5184F87F5194F89E005791
:20CAE000F776FD0146204686F779F80449086A020702D540F400500862F8BD0122A2E7F053
:20CB00004820002DE9F04105460E46C8071DD00024704F17E0601C85F702F890B1C169CA0A
:20CB2000020FD5B0F86420AA420BD1C1F3C401022907D30C2905D00D2903D090F8F51001FC
:20CB40002916D1641C38788442E4DBB00715D5614A0020C0EBC00101EB410102EB0111B15A
:20CB6000F8D030DB0406D5B1F8D230AB4202D10846BDE8F081401C0328EBDB0020F8E75692
:20CB8000480078010601D509207047410601D508207047810601D507207047C10601D5063E
:20CBA000207047810701D505207047410701D5042070470301F40150760D00C00701D00304
:20CBC0002070470220704746480078010601D509207047410601D508207047810601D50782
:20CBE000207047C10601D506207047810701D505207047410701D504207047C00701D00316
:20CC0000207047022070472DE9F04706000ED03248007886420AD8304684F785FF0400021C
:20CC2000D0E069C00204D4FF20BDE8F0872020FBE7B4F86490206D20B18AF76FF8206D2948
:20CC4000F71BFA204663F70DFA20463AF772FD206839F760FFE0694FF00008000407D42055
:20CC6000682149072801D2087001E081F800801E480068012817D1204685F70EFE01281286
:20CC8000D100252F46681C84F74EFF28B1A04203D085F702FE012806D06D1CEDB2072DF187
:20CCA000D30FB93AF72FFD4FF4C0710301F40140770D00204689F7A7FE0F49304609680180
:20CCC000EB860141F8048C85F722FC85F7D5FD00221146304659F76FFF85F734FA4846A7A5
:20CCE000E70000681F2000408620006A1F20006F1F20009C282000781F200070B50446055A
:20CD0000682E480088000402D52046FFF7BEF92B480068A04202D110208DF7C3FE284659F3
:20CD2000F755FD284639F7A1FE5BF773FF010024480ED0E169090406D4236810F8371F0143
:20CD4000229A40914301702046BDE8704038F7CDBA00F12E0000214172F4E770B5064620C2
:20CD6000F40045284684F7E3FE040025D0300401D5802000E0082084F8A200D4F8FC0040DF
:20CD80000704D5204663F7D0F8012815D0E069C0F3C4000A2802D1204695F758FB2046931A
:20CDA000F71DFE0301F40130780D00204693F7C2FD204693F742FD2846BDE8704085F7E8AE
:20CDC000BD70BDA4502000BC8B20009080200070B5C36C0446002B2ED0184E71688A7BF8BB
:20CDE0002A29D8487B904201D91E211FE0151A0E2D00DD0E25184409300F312A4663F70141
:20CE0000FA7068417B807B2944814204D22046BDE87040AEF7DCB9E069800206D52046BDC5
:20CE2000E870401322002193F77BBF00212046BDE8704034F7E2BC70BD0000907A20003E06
:20CE4000B5054684F778FE5E49002491F838203131535C022B0DD05B490978009401946963
:20CE6000B1002300F128011A46042002948EF75FF90BE05454002037F7CFFD06E000230017
:20CE8000F128011A46042035F776F96FF798F8284685F714FD85F7EDFB4C480301F4012057
:20CEA000790D0004703EBDF0B58FB005466FF73EF804466FF738F80346A07E8DF824006062
:20CEC00068CDF82500208BADF82900002009AF0DE004EBC001C0EBC0023A444E7FD671D142
:20CEE000F821609660B1F81F109181401C217F8142EED8374E3078D0B301208DF80000D42A
:20CF0000F81200CDF80100E08AADF805009DF824008DF80700BDF82900ADF80800CDF80A8E
:20CF200030DDF82500CDF80E004FF40050ADF81200FA2000278DF814008DF815704FF40083
:20CF400070ADF81600A0680690E0680790208AADF820003A46394668464EF7D3FF28B19D80
:20CF6000F8241004F1120035F7F8F8377022E0FFE7164890F838103130085C03281AD013B8
:20CF800048007868B1207FE17E401CCDE9001004F108020301F401107A0D00029704F11269
:20CFA0000100208EF7CCF809E0E07ECDE9000704F1080204F11201002035F7E5F836F7E3C3
:20CFC000FD6FF705F8284685F781FC85F75AFB0FB0F0BD90802000582D2000382820002DCB
:20CFE000E9F041027941792F4D0026B2B14088C4B2A4F10800C7B281B36EF7E9FF2046841E
:20D00000F7A2FD29492830012209684EF763FF28B3E81980F83960BDE8F08189B101204FC8
:20D02000F704F8012037F700FD95F83D000028F2D095F841000028EED0BDE8F0414AF778BA
:20D04000B895F83D0010B195F8410008B94AF770F885F82C604EF7EBFF20E016E085F83872
:20D060004089F77AF889F7D4FC0646204685F75BFA83F73EFA05EB840141F80C0C30468934
:20D08000F7CBFC88F7A5FE012009E00301F401007B0D006EF7ADFF28B16EF79DFF85F71AA4
:20D0A000FC85F7F3FA0020BDE8F04137F7C1BC90802000582B200070B504460D46C08CE1A8
:20D0C00069C0F30010C1F3C031884202D1206839F7DCFCA08C092120F01000A084206839F7
:20D0E000F700FDE069000405D594F8B5000321B1EBD00F02D8204660F735FFE06920F0F819
:20D10000004030E06120687BF712FA4DB194F8B500C00724D0082D22D0222D20D0132D1E9A
:20D12000D00023B4F864101A46284634F7A0FC384A92F82F0098B1E169090410D4236801FC
:20D1400021994008420BD0884382F82F0007D192F83D30B2F90710507A002237F7BAFD9446
:20D16000F8B5000E21C0F3400504F1A80089F75BFC206801F067FD4DB1E06920F0F80060DB
:20D1800030E0610301F401F07B0D002046BDE8704093F741BD2046BDE87040042194F7DF20
:20D1A000BC10B50446C08CE169C0F30010C1F3C031884202D1206839F76CFCA08C09212073
:20D1C000F01000A084206839F790FC204660F787FEB4F8B230B4F864100222002034F74B3D
:20D1E000FC94F8B50020F0F800183084F8B500B4F8B210206801F04EFD94F8B50080070572
:20D20000D52046BDE810400D2194F752BA2046BDE81040032194F7A3BC000090802000067A
:20D220004910B5097839B1054C0021216067F78AF8AFF213002060002010BDBC272100007D
:20D240006C20007CB505460E4690F8A40084F783FC040056D095F894103648012903D10174
:20D260007809B9002E4DD0012E4CD000260670B4F85A01401C82B2A4F85A210301F401E0BB
:20D280007C0D0095F89E0020B1B4F85801401CA4F85801B4F8540118B1B4F858118142060B
:20D2A000D2B4F86001D0B1B4F85C11814216D9D4F86811B4F85E01CDE90001B4F85C31B44F
:20D2C000F8581120465CF7FAFDA4F85A61A4F85861A4F85E61A4F85C61C4F86861B4F85656
:20D2E0000138B1B4F85A11814203D9A4F85A61A4F85861B4F86201002807D0B4F85E118138
:20D300004203D9A4F85E61A4F85C617CBD95F89000C0F3C3000228F8D90928F6D0B4F85E73
:20D3200001401CA4F85E01054800780828EDD1B4F85C01401CA4F85C017CBD803B200083ED
:20D340003B20002DE9F047FE4D0026A9682868884204D085F83D6085F83E60A86090F81D93
:20D3600011F94CF1B3F94A95F83D10DFF8E0831278DFF80301F401D07D0D00E093F84F915D
:20D38000421ED290F8151179B9D0F8F410D8F80020114203D090F89020120605D4D9F8009F
:20D3A000203B681A4311420BD0EE490978E9B390F8A40054F7E8FFC0B3286890F81D01A024
:20D3C000B12868D9F80020D0F8F410D8F8000010433A68104301420BD095F83E00E24940E3
:20D3E0001CC0B285F83E00097800E001E0884203D385F83D6085F83E606678286890F815C2
:20D400001119B1615CB14200D90E46D7490968090700D5E678D0F8EC10491C1ED0807B83EB
:20D42000F789F82968D1F8EC1000E009E083F71BF800280CDB29684FF0FF30C1F8EC000C09
:20D44000E095F83D00401C85F83D00A678D5E7286890F82F01B04200D9064628688674C386
:20D4600048007885F83C00BDE8F0870301F401C07E0D0010B55AF7F9F9BDE8104069E72D59
:20D48000E9F05F00F1A404207884F771FBBB49054620780860BA496078A4F1A4044FF00096
:20D4A000080860A4F80C8094F8940004F1900618B93146204666F797FC94F8A4003146994B
:20D4C000F7D4F9012684F8966094F81A0130B194F81711012902D1401E84F81A0194F894A1
:20D4E00000DFF8A0B2DFF8A0A2DFF87C92022836D09BF8040020B19AF80010002081F7EE45
:20D50000FAE07B70B194F82D01002809D09F490968C907FAD0401E10F0FF0084F82D010AD6
:20D52000D08EE1204683F7CEFF0028F9D10221204659F7C6FC84E1D4F8F420D9F8001091BB
:20D5400043C9F8001094F81D0100287ED0204692F7DFFE0028E4D0204692F797FF70E1A079
:20D560007B82F70301F401B07F0D00ECFF074694F8170103280CD0A07B35F7E7FC28B18517
:20D5800049B4F800010988884202D2022084F81701E07B48B136F722FA30B136F722FAA148
:20D5A0007B884201D135F792FDA06E48B194F89000C0F3C300401F022802D9204684F79229
:20D5C000F994F8900094F89810C0F30202C1F302018A427ED1204630F788F910B9E766A4B1
:20D5E000F804719BF8040070B1D4F8A00058B194F89100C00707D094F83001414660F348F7
:20D6000001652081F76FFA6449204666F78BFC204683F75CFF18B90221204659F755FC94E2
:20D62000F8940002286FD194F89000C0F3C300012839D8D4F8F420D9F8001020469143C964
:20D64000F8001084F8168183F741FF98B9E07B48BB00E0FFE04449D4F8F4000301F401A0A1
:20D66000800D000968084203D094F89000000608D4204684F8206102215AF74FF8E07B28F0
:20D68000B16CE094F8110108B984F8206194F8A40061F719FB50B994F8A40049F797FE90F7
:20D6A000F8430018B994F8A40001F033FA56E0032855D3D4F8F410D9F800201143C9F800B1
:20D6C00010E07BD0B9204683F705FFB0B994F81D01B8B1204692F724FE00E0A1E028B1317A
:20D6E00048017884F81A11304804E030480178304884F81A11017884F81B1194F818013858
:20D70000B112E02C48017884F81A112B48F2E786E094F89100C0F3400194F8A60081420317
:20D72000D184F81861A4F80671E07B78B994F8A40061F7C9FA50B994F8A40049F747FE90EB
:20D74000F8430018B994F8A40001F02EFA94F8961084F80301F40190810D00161184F812FA
:20D760006184F822612FE032E00000347E2000DC2A2000C52A20007C2D20000C292000D033
:20D780002A2000C72A2000C62A2000D0222000C32A20008C3B2000903B2000506F200083CB
:20D7A0003B20002C8B3100C2292000C4D20B00C02A2000C12A2000BE2A2000BF2A2000BC98
:20D7C0002A2000BD2A200094F8940002283BD1204683F784FE38BBFE4991F83B0018BBE08F
:20D7E0007B012801D0B0B12EE094F8160101282DD90868A04203D1B1F93410002926DCA094
:20D800004202D082F7CAF81EE090F82401F0B182F7C4F806E0B1F9340000281DDC0968A141
:20D82000421AD15AF76EFA0EE0410704D082F7B5F88AF8006007E0E749C0F3C300085C847B
:20D84000F89600401EA081E07B01280301F40180820D0005D184F82D8194F8A40061F78720
:20D86000FB94F81D0110B1204692F7E1FD20465AF76DFB28B120465AF729FB20465AF711DA
:20D88000FB2046217C8AF72DFFD648D649C07C0A684007002894F8A400C0EB001002EBC0EB
:20D8A0000002DB10F8770C0AE010F8772CD2B194F89020C2F3C302042A02D210F8750C881F
:20D8C000B1CA48007870B994F8A4000968C0EB001001EBC000002100F8766C94F8A4004071
:20D8E0001EA1F75EFAC248007830B195F8640118B1002120465CF710FBBE488068400713CF
:20D90000D594F8940002280FD194F8A400BA4FC05D60B1022808D094F8900000060FD5A0F9
:20D920007B82F71CFEC5F86C01BDE8F09FA07B82F715FEC5F86C0194F8A400C655F4E7AED6
:20D940004800680301F40170830D000028F0D0A07B82F708FED5F86C1182F797FDAA490949
:20D96000688842E5D914F8A41F0220C8552078BDE8F05F40F400410D2036F709B92DE9F87E
:20D980004F00250F460446012905D184F8975084F8115184F812516DF718FE68B1A07B8224
:20D9A000F7E1FD012182F7EAFAE17BA9B1002294F8A4105EF739FAC0B1B6F708F8DFF84C32
:20D9C000A260B1A581E07BDFF84492B8426FD0B5F73EFF854F80B90CE00122E8E79AF816B1
:20D9E0000018B11821322081F78DF8BDE8F84F81F7DCBFF87C000704D594F8980040F080AF
:20DA00000103E094F8980020F08001814884F89810007841080AD0C00794F8980002D040E8
:20DA2000F0800101E020F0800184F89810204637F7BDFEF87CB846010704F10301F40160C8
:20DA4000840D009000834601D44DF726FAD4F8A0000127C0B194F89000000614D5204683AA
:20DA6000F749FD60B9E07B012809D15F4890F83B1029B90068A04202D094F89E0018B13750
:20DA8000F7ABFE002867D0B4F898004FF0030B60F30F06E07B01280FD094F81001A0B3B487
:20DAA000F80001042847D394F81701022843D394F81A0150B33FE0C3E126F0780060F307EE
:20DAC00006C6F3072020F07C0060F30F2684F817B1204683F70FFDE8BB44490868A0423D5D
:20DAE000D14F4AD4F8F4001268104237D194F89400022833D194F89000C0F3C30001282DF2
:20DB0000D884F820714C6029E015E0FFE7A07B35F730FA28B14349B4F80001098888420AA8
:20DB2000D226F0780060F30706C6F3072084F817B120F00301F40150850D007C000DE02687
:20DB4000F0780000F1080060F30706C6F3072020F07C0084F8177100F1040001E002E02BB1
:20DB6000E060F30F263249B0B200968346086084F89C7098F81300000706D40023C6F3C3EE
:20DB8000011A4601204DF73FFB1F48007850B194F89800C0F3C300032804D9D4F8A000088F
:20DBA000B12448077084F825519AF8040000287ED04FEADB010120F9E0E07B08B984F81715
:20DBC0007194F89F0058B104F19904A571207880F002002070E07AA4F199048CF70DF894B6
:20DBE000F89E00044E38B394F83001401C84F8300122E0347E2000D4D20B00104A20006825
:20DC00002B20005C2B2000AE3B2000A4502000FF312100981F2000941F2000506F2000D04B
:20DC20008631009B2E20007C2D20000301F40140860D00C2292000CC8A3100803B20001131
:20DC4000E0022084F8250194F89800D349C0F3C300305C0968884209D9204659F7B7FA005A
:20DC6000287DD103E084F8305184F8257184F89E70CB4884F8117184F821710068C0030563
:20DC8000D5C848D4F8F42001689143016098F81300C00602D5204695F766FDC249B4F8983D
:20DCA00000ADF800000860091DB4F89A0008605846B5F76AFE00E07FE094F8A40061F71BEF
:20DCC000F850B994F8A40049F799FB90F8430018B994F8A40000F00DFF94F89800C0F3C3DD
:20DCE00000305C84F89C00401EA081E07BC0B9204683F708FCA0B994F81D0188B320469213
:20DD0000F727FB28B1A948007884F81A01A84804E0A848007884F81A01A748007884F81B40
:20DD2000019AF80301F40130870D000400554690B1B4F89800B4F89A10C0F3C60040EAC1B5
:20DD400011032080F7EFFE94F82501022803D00121652080F7E7FE287A08B3B4F89A00C016
:20DD6000F30100032801E08CE001E006D017E09448007884F81A019348D3E794F825010255
:20DD8000280DD0D4F8A0007F220178B2EB510F02D14178433100E049085D2080F7C3FEA86D
:20DDA0007A70B1B4F89A00C0F30101032908D094F8A410C0F3C90060F31F110D2080F7B234
:20DDC000FEE07B01280DD18049D4F8F4000968084207D094F89900C00703D07C4800788449
:20DDE000F82D0198F81300000702D5204695F7A9FE7848407A20B194F8A500009966F7D69B
:20DE0000FB204637F7D1FD94F85E0060B1B4F89A0041F6FB7108400128D9F80301F4012066
:20DE2000880D000010484618D021F0010101606B480078002829D094F89800C0F3C30194D8
:20DE4000F8A5005CF702F900281FD094F8A40083F7B6FEBDE8F84F5CF7EEB841F00101E565
:20DE6000E784F8945084F89550B5F758FD94F85E0028B1D9F8001021F00101C9F80010A0D1
:20DE80006E002802D0B4F87800A081BDE8F88FAFF6C31153480162AFF2F541C16070477013
:20DEA000B558F713FD04003DD088F792F988F7ECFD0546204683F72EFB38BB94F81D01409A
:20DEC000B14948007828B14849D4F8F4000968084221D0204683F735FBB8B983F74BF9A0D3
:20DEE0004219D0204683F710FB78B9204683F7EAFA58B9204682F74DFC38B920466DF779AA
:20DF0000FB20B10021204658F754FD04E00120E07420460301F40110890D0083F739FC28D9
:20DF20004688F7BAFDBDE8704087F792BF70BD2DE9F0470E469046054658F7CBFC04003503
:20DF4000D088F7A6FD8146284692F7FCF92A4A012707FA05F1136896B11943116010B9929F
:20DF6000F701FAC8B1002205704260B8F1000F03D04770022181700FE0427087700CE08B98
:20DF80004313601B4A13688B4313601B4A13688B43136008B1FF21017084F81D6120465887
:20DFA000F781FB4846BDE8F04788F776BDBDE8F0870000D82A200084312000D42A2000CCD5
:20DFC0008A3100C02A2000C12A2000BE2A2000BF2A2000BC2A2000BD2A2000D02A2000C277
:20DFE0002A2000886F2000AE3B2000EC2A2000C42A2000042821007C2820000C2920002DE0
:20E00000E9F047804691460F463C4C0301F401008A0D00084683F7DBFD01260546E674B8B2
:20E02000F1FF0F02D1B84684F848600C2020744D20A0740020E073404684F7B9FA10F0FF85
:20E0400000A07301D184F84860F8B204F8420F84F7AEFA6070E869C0F30200A070E88DA49E
:20E06000F14204010403D520F40040800060632548008808B120871EE0B5F8E60081070F78
:20E08000D0C0F30100C0012087A07B1F490E5C002084F70CFB38B1012084F7DBFA10B102E8
:20E0A000E02687F1E7761C701E022804D2208FC6F104014843DEE74FEA49002063BBF7CF9A
:20E0C000FEC0B2283020F00100A087283504F11C012846B5F7B0F988F783F80C48E978015E
:20E0E000700C49098BC16187F7B7FE0A4801220168204682F70BFE35F74EFEBDE8F0473721
:20E10000F7A3B90301F401F08A0D00247720004C292000D03B20004C803100104A200050EA
:20E120002920002DE9F0478AB0044682F724FA85B2A18C284682F791FAF949098888427447
:20E14000D383F72FFADFF8DC83002730B194F83700FD2806D0FE2838D068E0B4F920502793
:20E1600084A5E0E18C284682F778FAEE490978884202D384F83670E584EC4994F9360009ED
:20E1800078884263DAEA4A92F9003098425EDDE84A091A1278914200DD1146E64A4DB219CE
:20E1A0001A92F90020914200DA11464AB2B4F92010A94204DC914201DA154600E00D46496D
:20E1C0001B2184284484F836005BE0B4F92000642802DA10F1640F29DCD8480068000725C4
:20E1E000D536F7E8FE10B336F7C6FEF8B1B4F92000002801DC00F2E24007A90301F401E06B
:20E200008B0D0082F74BF907A882F784F92721ADF8081040F27122B0FBF2F102FB1100ADF1
:20E22000F80C008DF80B1002A838F728F82784002528E00FE098F80000464670B180F77F47
:20E24000FF58B9204683F78DF938B981F7A2FD20B13020A0740AB0BDE8F087BA49B4F92065
:20E26000000D78A84205DCB84991F90050A84200DB0546317831B1E18F21B9A4F84200822E
:20E28000F77EF96064208C401B2084208C98B198F8000010B1E08F401CE087678482F76F56
:20E2A000F9A084002DD6D083F780F9D8B3002D53DDCDE9007558E098F800004FF0010980D7
:20E2C000B3A06DA8B1DFF888A20126A16D09FA06F0014206D0304684F7D5FBBAF80010A0BA
:20E2E000F80011761C082EF0D39A491720C870A76584F80301F401D08C0D003D9082F743C5
:20E30000F920656765A4F84050E08F80B1B4F94210002900DC404205EB8000401AA0648211
:20E32000F732F9616C82F7D9F8E06402E004E0E764A76484F83890B4E7002D04DD69462880
:20E340004682F7B0F814E002A9684282F7ABF80022009702AB69461046019781F79CFF07D4
:20E36000E06FF070400090002081F7A1FD28440190684681F788FE684682F731FB0020814B
:20E38000F7FEFE98F80000002890D0A77466E72DE9F0416748724C86B0007800286FD094AD
:20E3A000F83D0001286BD1204634F756FE002866D0DFF8B081656D98F8000041428D4201C3
:20E3C000DD854248DB5AF781FC074660F7ABFC00F0FE00002687420CD0634994F83C000927
:20E3E0007888424CD200B96684C0B20301F401C08D0D00401C84F83C0001E084F83C6098B0
:20E40000F800004746854203DBCDE900602D1A0DE0404285420ADC6FF070400090FE20811B
:20E42000F74AFD01463878091A054401916684684681F72DFE684682F7D6FA04AA02A9001E
:20E440002082F7D7F8606D002805DA059A0399891A01F00F014518002081F795FE656582CD
:20E46000F796F80546A06C88B12846216D82F739F8A16C4143E06C91FBF0F0002803D0613C
:20E480006D0844C4E9145006B0BDE8F0812565FAE72DE9F0473748006800284AD15AF7199A
:20E4A000FC074659F787F906463348007820B30025DFF8C880DFF8C89013E0284684F78260
:20E4C000FD04000DD082F7FDFA50B1E07B40B9206DB8F80010B0F8CE208A422AD80089401F
:20E4E000BB6D1C0301F401B08E0D0099F800008542E7D387F719FB074387F713FB064302CF
:20E50000E087F712FBC8B9C7B1BEB10D480078F0BB60F710FC10F0FE0F3DD0012425461A89
:20E520004E60F708FC05FA04F1084231D0204660F704FCC08E318888422AD9002097E6C203
:20E54000292000BC292000B8292000B6292000B7292000B4292000B5292000D0222000B2AE
:20E56000292000B3292000C82A2000DC2A200000782000BF292000C0292000D4292000BA9E
:20E58000292000CA29200019332000C829200002E0641C082CC4D3012069E610B5AF4C2025
:20E5A0004682F793FA002815D094F83D00012811D104F122040020E076A0832080A07520A5
:20E5C00076617DA4F12204FD2902D0012184F8391084F83C0010BD7CB5A04C0301F401A012
:20E5E0008F0D00A04D94F83700FE2828D0694682F716F894F83B000028009803D00221817D
:20E60000F736FC009000F00300009094F83A00002600286CD084F8386094F93A000028501B
:20E62000DD701E2084684681F785FF218C48432084009802285AD354D003284DD054E08A2C
:20E6400048016821F070410091C168C1F3080101914FF40071C160834B4FF0000203F178EE
:20E66000036946104681F751FC0098C5F8A00001987D4B0022C5F8A40080336946104681BB
:20E68000F744FC00988007009805D540F00300012181F7EDFB01E020F0030094F83A1040F3
:20E6A0000809B9A1F73FFC009800F003000090684681F740FFA0F2E2404042694681F7FEE2
:20E6C000FE97E7684681F736FFA0F2E2404042208400980301F40190900D0001284CD8037B
:20E6E000D101989C2848D803E010B901989C2843D384F83A6040E094F83B10012011B19429
:20E70000F8391039B1297CB9B15B49009A3AB1032A0AD021E00099E1B103291AD01CE00948
:20E7200078019A8A4215D917E00978019AA1F2371149428A420DD20FE0009911B10329046E
:20E74000D00AE00199022904D906E00199B1F59A7F02D984F8380001E084F8386000988082
:20E7600007684606D581F7EAFEA0F2E2404042404201E081F7E3FE2084404D287850B13FA6
:20E7800049B4F920000988884202DC4942884201DAFFF70BFF208C58B1204682F7D9FE3857
:20E7A000B1287810B194F83D0028B9204682F79FF8287800281DD094F83D00012819D19402
:20E7C000F83800002815D1E06CA0B10301F40180910D00B4F920002C49002804DD91F90072
:20E7E00010A06C084405E005DA91F90010A06CA0EB0100A064208CA4F840007CBD81F7D7A7
:20E80000FE616C81F77EFEE064B4F92000B4F94010EDE72DE9F04105461A480078A8B1A8EA
:20E820006D98B101241A4F2646A86D06FA04F1084205D0204684F73EF93988A0F800116419
:20E840001C082CF1D313491720C8702846BDE8F0415C2188F748B910B510480E4C2C2204CF
:20E86000600F492046C4F7F5FBAFF25700A06010BD0000007820009C782000C8833100BB07
:20E88000292000BC2920000A282100BD292000C82A2000DC2A200098332100D0292000583C
:20E8A000CE0B0010B5044602290BD0042918D190F83C00002814D0C4F78DFCBDE81040C487
:20E8C000F7ADBC0301F40170920D000C2189F758FF80F751FCA073002084F83800C4F7F76F
:20E8E000FBBDE81040C4F709BC10BD044903482C2208600349C4F7B1BB0000C433210010F2
:20E90000292000A0CC0B00044903482C2208600349C4F7A3BB0000F0332100C42E200060CE
:20E92000D40B00044903482C2208600349C4F795BB00001C342100D02E200094D40B002D24
:20E94000E9F84F05460C4616469846184683F763F9834688F7C5F84FF0010909FA08F7DF4D
:20E96000F808854FF0000A0090012E06D0042E04D0022E45D0032E7AD047E0288CA18988E1
:20E980004203D1688CE18988420BD085F82590C4F81CA0688CE189884203D000215846FDFD
:20E9A000F733FC206988F731FA284682F722FC10BB09E0A0892884E08968840301F40160C2
:20E9C000930D00A089A886E08960E0667021E0284682F700FE18B9284682F708FC60B19579
:20E9E000F825000028F1D06670A0892884E0896884A089A886E0895FE0284682F7E5FD95B4
:20EA0000F825000028E1D0D8E76078032806D0022804D00098BDE8F84F88F76AB8288C2170
:20EA200089884203D1688C618988420BD085F82590C4F81CA0688C6189884203D00121588D
:20EA400046FDF7E6FB6078032810D1E188A1B14FF47A704143206988F7C2F9BBF85C004039
:20EA6000F2712148434108606988F7B9F9284682F7C4FB98BB0CE036E02069FE49EBE72087
:20EA8000892884608968842089A8866089E8869CE7284682F79FFD18B9284682F7A7FBC01E
:20EAA000B195F82500002890D0667020892884608968840301F40150940D002089A886604A
:20EAC00089E886009888F718F8D8F800000742284643D0BDE8F84F82F78BBE284682F77871
:20EAE000FD0028D8D095F825000028CCD171E7206988F793F9606988F790F9288CA18988AF
:20EB00004203D1688CE18988420BD085F82590C4F81CA0688CE189884203D000215846FD7B
:20EB2000F77BFB95F825000028B5D0284682F769FB00287FF46CAF284682F750FD18B928DB
:20EB40004682F758FB68B1A0892884E0896884A089A886E089E8866670B3E7BDE8F84F8254
:20EB6000F7EDBD284682F734FD2BE770B5064648F781FC0546C34906EBC60001EB8004C15E
:20EB8000492868243C0968884216D187F7B1FF217871B187F7B1FF60698168490701D588A3
:20EBA000F73CF9334621462846BDE80301F40140950D0070400422CEE6BDE8704087F7A05E
:20EBC000BF70BD2DE9F041064683F731F80746304648F754FC0546AC4906EBC60001EB805E
:20EBE00004AB492868243C0968884228D187F784FF217891B187F784FFB7F85C0040F2716E
:20EC00002148434108606988F7F2F86078012808D0042812D0022814D017E0BDE8F0418784
:20EC2000F76FBF20698168490709D4A188BDE8F0414FF47A72514388F7DAB801206070BD8F
:20EC4000E8F08102213846FDF7EBFA334621462846BDE8F04102227EE670B5064648F70E77
:20EC6000FC0546894906EBC60001EB800488492868243C0968884216D187F73EFF217871AC
:20EC8000B187F73EFF60698168490701D588F7C9F8334621462846BDE8704001225BE6BD2C
:20ECA000E870400301F40130960D0087F72DBF70BD70B5064648F7E6FB0546754906EBC608
:20ECC0000001EB800474492868243C096888422CD187F716FF217851B187F716FF20698114
:20ECE00068490701D588F7A1F8E08820B106E0BDE8704087F709BF607802280CD06069818C
:20ED000068490701D588F791F8334621462846BDE87040032223E6606980684007F4D520AB
:20ED200069BDE870405A4988F766B870BD70B5584900EBC00001EB8004243C87F7E1FE0604
:20ED4000462069002528B188F770F8206927F71CFA2561606928B188F768F8606927F71440
:20ED6000FA6561207808B1257065703046BDE8704087F7CABE70B50D46464900EBC0000194
:20ED8000EB8004243C87F7BCFE002121706170E581BDE8704087F7B8BE2DE90301F401200B
:20EDA000970D00FF47012680460027DFF8F49049E0304648F76BFB0400384906EBC6000179
:20EDC000EB8005A5F124053CD0204681F7A2FEC0B3A17B414535D194F824008DF809002001
:20EDE0008CADF80000608CADF80200684678F77CFF2084A08EADF80000E08EADF8020068C3
:20EE00004678F772FFA08694F8430048B1208FADF80000608FADF80200684678F765FF2053
:20EE200087287860B12889ADF800006889ADF80200684678F759FF2881A08EA881EF618463
:20EE4000F82470761C99F80000401C8642B0D3BDE8FF8770B50446806A1049022690F8A42B
:20EE600000E28E00EBC00001EB8005243D94F82410A08E33467AF79AFEA08694F843003808
:20EE8000B1628F94F82410208F33467AF78FFE208709E00301F40110980D007C2D2000D013
:20EEA0001213000C32210088292000681F2000287848B16A8994F82410288933467AF77AF5
:20EEC000FE2881A08EA881628C94F82410208C33467AF770FE208404F8246F01206070005E
:20EEE00020E86170BD2DE9F0410446806A0F46E04990F8A40000EBC00001EB8006243E20B8
:20EF0000467DF781F8062020752068416831B120468847207D062801D00D2811D101216185
:20EF200075E269B261F16104F11C05F869022181F77DF82860391D201DBDE8F04163F75981
:20EF4000B989E62DE9F04115461C460646884681F7F4FA07462946304681F7EFFA064641E5
:20EF600046284681F7EAFAA04207D2B7FBF4F0B6FBF4F1884201D001206DE600206BE62DED
:20EF8000E9F041BC4863F740F900280301F40100990D006BD1DFF8ECE2B84EBA4CDEF80036
:20EFA00010886A90F8A40000EBC00006EB8007243F2760DEF80420906A90F8A40000EBC04B
:20EFC0000006EB8005243D6560DEF80800836A93F8A43003EBC30306EB830CACF1240CC4A6
:20EFE000F808C03B78012B1FD0CB8E2E78012E1DD0D68E9CF80050012D1AD0C58EB342358B
:20F00000D1AE4233D11C311C321C30E160C4E904207646126809680068FFF797FF58B1315D
:20F0200068B068BDE8F04161E7FB89DEE7EE89E0E7BCF80E50E2E76068C069012816D120AF
:20F040006901686069006881F77CFAA8420ED9606821698069086061680020C86170687CE5
:20F06000F7D6FF7068BDE8F0417CF7DDBAF7E52DE9F05F804601688448002634460068B315
:20F080004681420301F401F0990D0056D1D8F82800DFF8F0A190F8A40000EBC0010AEB8103
:20F0A00007243F784863F7B8F80028EED17648056834E0281F814681F7F8FD10282DD1D96C
:20F0C000F82810484691F8A41001EBC1020AEB82013A7824390AB1FA8901E0B8F836200BCF
:20F0E000780BB1CB8900E0C38E9A4216D1032C08D0684A0368126893420FD1497802290352
:20F10000D007E00020BDE8F09F60490C3941F82600761C5D4941F82400641C2D685A4885C6
:20F1200042C7D1032C01D14FF0010B7878022804D1574C022E02D0032E46D098E0534E0CA9
:20F140003E3168886A90F8A40000EBC0000AEB8002243A22607068856A95F8A45005EBC5BB
:20F16000050AEB8503243B636052895B899A427ED11C311C30C4E9031009680301F401E05E
:20F180009A0D00006881F7E5F9042874D96068C189206900680FE00146284681F7DAF9049B
:20F1A0002806D82069056070687CF739FF706860E06068C189284681F7CCF90546E0680070
:20F1C00068A842E8D3294681F7C4F90428E9D952E0304F0C3F3B68986A90F8A40000EBC018
:20F1E000000AEB8005243D25607868806A90F8A40000EBC0000AEB8006243E6660BA6890B9
:20F200006A90F8A40000EBC0000AEB80002438A06069897589A9422ED1408985422BD11C5A
:20F22000331C32E36062611968106881F792F9042821D9A068C1896069006808E00146284B
:20F240004681F787F904280ED9A068C189284681F780F90546E0680068A842EFD329468115
:20F26000F778F9042807D860690560B8687CF7D7FEB8680301F401D09B0D007CF7E0F95850
:20F280004648E7054807490C302C2208600649C3F70CBF0C322100301F2000543421000C13
:20F2A000282100882920002CCE0B002DE9F047294E3168002940D090F87C00274FDFF8A0A8
:20F2C000804FF0000905283FD026480468001F0568B4F783FAC5F3C30069031BD561031948
:20F2E000D521490C4216D103280AD0042808D00A2809D00B2807D00E2805D00F2803D0095E
:20F30000E0C4F3441004E0C4F34C10F02800D3F0203168C8803068D8F8082041460260B8FE
:20F32000F80C208280C088002898F8170006D040F00200C87503203870BDE8F08720F00252
:20F3400000C87587F80090F7E798F8171021F0020188F81710F5E7DC292000D92920006C82
:20F360007820002C8B3100110040000301F401C09C0D0070B50546002490F8A40083F7DE42
:20F38000FB002807D0FE490968C90404D5807E012800D8002070BD0068F0B1018A8268C18A
:20F3A000EB1241002901DD022400E00124006810B1641CE4B2FAE7E87B012802D0012C0A28
:20F3C000D00AE0284681F7B6FB30B189F710FA18B9641EE4B200E00024204670BD70B50DBF
:20F3E00046017C0446012910D16CF793FA08B104200AE094F8A40083F7A1FB002805D051AA
:20F40000F79DFC002801D11820286070BDDD480078002817D04FF4CA00416EDA48DB4A4185
:20F4200060C1F303301278C1F300612AB1D848D84A0078127802B1012118B10E2801D80119
:20F440002901D0002070470120704710B5FFF7DEFF012801D0012010BD002010BD0146004F
:20F460002089780301F401B09D0D00022903D0062900D1012070474FF4CA01496EC44A511E
:20F4800060704770B5054681F720FC0446002128462EF7E4F8132C3AD0C148006840021B60
:20F4A000D56CF7E3FA28B1062C03D1BD480078022812D06CF7DAFA08B1102C16D06CF7D585
:20F4C000FA28B30F2C23D0062C21D0082C1FD00A2C1DD0162C12D015E000206CF714FA7F97
:20F4E000F75EFE284681F75EFB11E000206CF70BFA7FF755FE284682F7A3F908E0AA4901D9
:20F500002081F8380000206CF7FEF980F7BEFA012070BD70B5A54DA5492868401C286009A1
:20F520007861B128280AD9B0FBF1F201FB120028B9032100202EF792F82EF751F89D48004B
:20F5400024017829B12968032902D104702DF7AAF99949087808B1401E08700301F401A0DF
:20F560009E0D00974928684FF4CA050978B0FBF1F201FB1200D8B9934B03EB400251789940
:20F58000B1491E11F0FF0151700ED1696EC1F30336C1F3001131B113F81010B14202D10551
:20F5A00021517001E003F81040401C0328E4D36869A96908420ED087F7C7FA04468348019F
:20F5C0006829B17348007810B1896901B18847204687F7BEFA012070BD7048007810B16F38
:20F5E00048007870476C484068C0F303307047027C0021012A0CD1C27B52B9744AD0F8F432
:20F60000001268104204D0724A1268104200D0012108467047F8B506466F480D4600EB4598
:20F62000006E4C008800902068694620F4800020603046FFF7DBFE0099042924D0022D027D
:20F64000D0012D05D011E0206840F4800020600CE0B07C0301F401909F0D006F2803D32050
:20F660006840F4800020605F48007810B1B07C4128EDD2206801F03F0120F0706020F47C91
:20F680001040EA014059492060086060684860F8BD2DE9F8430446524D0020009028687F47
:20F6A00027C0F305408846052872D094B194F90F6194F8A40082F7E7FA18B1002155F79A52
:20F6C000FA074630462DF7D9F92246314638462DF766FA424901EB480069460088009020F0
:20F6E00046FFF788FE0098042853D1A07C6F2803D3286840F480002860204689F7E5F80642
:20F700004694F8A40083F726FADFF8E48048B151F721FB30B9761C98F80000F6B2864200C6
:20F72000D206462046FFF767FFF8B194F8A40083F711FA0746286840F08050286016B94017
:20F74000F0005028608FB1386878B10301F40180A00D00A07B80F782FF3968C96821F0704C
:20F760004180F70FFF25494A68904203D3487803E0064603E098F800008642F9D30F2E00C8
:20F78000D90F26286806F00F0120F0706040EA016020F47C10009932E03BE035E00000AC33
:20F7A0002B2000B01F20003C202000FE272100FD272100FF272100B4803100B62E2000FC5C
:20F7C0004720001C202000E31F2000E21F2000E61F2000E11F200024202000882020007C36
:20F7E00028200004282100702C200044202000EC1F200060016500B31F20002428210001E3
:20F80000F03F0140EA0140286093482968016069684160BDE8F8832DE9F0410027044601AD
:20F820002A02D0022A06D026E0102924D18C498A48086020E010291ED1A06AE0B1894E30BD
:20F8400068C0F30301F40170A10D00C050B8B9E08E3F21B1EB500F12D98548A025008841E6
:20F860001E084200D0502580F7E6FEA16980F78DFEAD1EA84203D3306840F4000030603855
:20F8800046BDE8F0814FF4CA00006E79490860C00701D00020704701207047764910B5009C
:20F8A00020087075490870754908702DF7C3F870484068C0F3001008B12DF716FD4FF4CA45
:20F8C0000001210164D0F880114FF204021143C0F8801110BD2DE9F05F6A484FF4CA080764
:20F8E00078D8F81440D8F81850DFF89CB14FF0FF39DA46DBF8000080024BD5A80249D5A09C
:20F900000247D54FF40011C8F81410D8F85060F00701D0C8F8E090B00733D5D8F8E420C8BE
:20F92000F8E4900120C8F84000D8F88031D8F8641000201A404FF610631A420301F401608E
:20F94000A20D0000D00120524BDB69DB0603D5930601D540F0020012F4700F05D04E4BC118
:20F96000F3035140F004001970910701D040F00800510701D540F01000D10101D540F0207C
:20F980000018B1002202212CF77EFFF00301D5C8F82091B00301D5C8F82491DAF800005659
:20F9A0004680060CD5A8060AD5A00608D52021C8F81410D8F8A401012205212CF764FFDF42
:20F9C000F8D8A09AF80000F0B13068C0040DD5E8040BD5E00409D54FF48051C8F8141000C0
:20F9E000202DF749FB9AF8000068B1306840040AD5680408D5600406D54FF48041C8F814B9
:20FA00001000202DF738FB7F1E04D0D8F814402C427FF472AFBDE8F09F2149012008702071
:20FA2000491820087020482049006888B1AFF28B1202600301F40150A30D00AFF20F220AE6
:20FA400065AFF241424262AFF20D42C260AFF29D320261AFF271128261AFF217508865AFE9
:20FA6000F2AF50C1F8C800AFF2D5504865704760016500FFFF0F00202020004420200086AD
:20FA80002920003C202000FD272100FE272100FF27210024282100F81F2000A7222000E45E
:20FAA0001F2000D31F2000A12B2000E11F2000882020001C6B200010B54FF4C0030021C3CB
:20FAC000F8C813C3F8CC13264900220C78C3F8D0434C78C3F8D0438C78C91CC3F8D0432865
:20FAE000B10C78824204D944F0800403E00C7801E004F07F04C3F8D043491C521C5A2AE4B0
:20FB0000D310BD10B588F764FE174A1168814213D00E2806D0431E0D2B05D200EB8001C96E
:20FB20001D05E0542103E0002906D00301F40140A40D00002108461060BDE810400846BEA2
:20FB4000E710BD10B587F718F80A4A00210446116007484FF0FF010160FFF7D7FF2046BD90
:20FB6000E8104087F70DB8D0E7000008630B002C2821000401600010B586F7A2FBF94801E2
:20FB80006941F001010161016841F0010101604FF4C0014FF00100C1F8BC01F2484FF0CF68
:20FBA0000181604FF00F0101614FF0300141604FF0C0010160ED4A1068ED494880ED48035B
:20FBC000688B80D0F81032CB80136823F060031360026822F4C0620260D0F8102222F400E5
:20FBE00072C0F8102250F8A40C0861E24801684FF6BF7201EA02010160E0494FF40040083C
:20FC00006010BD70B5D94D0021683D286884B244F480702860D94B343B1868C0F30E021A40
:20FC20006008460301F40130A50D0042F400461E601A68C2F30E021A60401CC2F30D02C0A0
:20FC4000B211446428F3D332316426B1FBF6F0C9494039C8644FF47A7148431C21B0FBF183
:20FC6000F0401D0A2190FBF1F062F757FAA0F50040A0F5E25000EB8000800001D53238002F
:20FC8000E0323090FBF6F024F4807100B2296070BD2DE9FF4FDFF8E0B20546ABF1400B81C0
:20FCA000B09BF819109BF818001C46084440B24FF00A080090FFF7A9FFDFF8CC92B9F80028
:20FCC0001003292FD19BF90810123101EBC10202EB0111B0EB810F25DAAA48703801681FFF
:20FCE000FA81FA2AF0FC0141F03001016014202BF741F900273E46FFF788FF761C76B2073C
:20FD0000444645F8DB08EBD870A7EB600191FBF8F69C497039C1F800A014200301F4012065
:20FD2000A60D002BF72BF9A6F5E16630B2DDE90F1211436FF01806DFF858E2029B05FB069A
:20FD4000F24FF0010C5BB199B10E99411A29F814100EF804C00A2300280FDA401F0EE01162
:20FD6000B129F81400F6E700EB820229F81420EFE70E9900EB8202511AE8E7401D90FBF3FB
:20FD8000F001B282480088032812D09BF9080000EB8000B1EB400F06DB9BF9090000EB8086
:20FDA00000B1EB400F70DD4FF0FF3005B0BDE8F08F9BF908909BF9098009EB8900C1EB4012
:20FDC0000002B2C8F1000000EB800001EB4000039EDA4600B226B99AF81A705646012F11D4
:20FDE000D0BAF936605746B24201DCB04263DD002A4BDD4E1F96FBF3FCACEB0906AD1B3E5F
:20FE00007B354450E096F9127007EB8707B1EB470F03DA0301F40110A70D004F1F97FBF3AE
:20FE2000F7B77496F9137007EB8707B1EB470F07DD002901DA4F1F00E04F1D97FBF3F7F707
:20FE400074002A04DD86F81BC086F817C00CE0002803DD86F81CC086F817C0F77E012F032A
:20FE6000D0377F012F09D02AE0F77C96F819C0A8EB0707A7EB0C073D4407E096F812C00001
:20FE80009FACEB090CACEB0707ED1B8AF80B5016E052E000280CDD002901DA4E1F00E04EB5
:20FEA0001D96FBF3F6A6EB0806AD1B3E7BAD1BFD72824202DDAAF8362001E0AAF836009A66
:20FEC000F90B6000275546002E01DDEF7205E06FF0630C664501DA85F80BC0039E06BBAEFE
:20FEE0007E012E02D0EE7D012E1AD195F9156006EB8606B1EB460F03DA4E1F96FBF3F66E5B
:20FF00007595F9166006EB8606B1EB0301F40100A80D00460F08DD002901DA491F00E049D2
:20FF20001D91FBF3F18AF81610002A01DC002807DD1B4847F6FF7120F814100EF804703A79
:20FF4000E700203AE72DE9F04F89B0017806914178049190F9021003914FF0FF3590F80360
:20FF6000B090F804904FF0000A0699AC010226CDF820A0CDF81CA0012915D0022964D0FD87
:20FF8000E300006001650088016400340641007428210070014100280441001C0741008A86
:20FFA000352000AC3421000020C3F73AFEF64D287F40F001002877C3F72DFF287F4FF0FF54
:20FFC0003220F001002877F0480021FF234271817103704170817080F8241080F82510C1F0
:20FFE00070017181724274C186C17301748174C47441758475C17201248476C1760177C1E8
:02000004FF01FA
:200000007522210301F401F0A80D00E24886F7CFFDE1486721683886F7CAFDCE21DF4886E6
:20002000F7C6FDDD48DC49DD4A683906800C701268C2F307224280DA4A4C70128882808CD0
:2000400070FFF7ADFD4FF4C8702AF7A4FF0125FEE3D04800220146C286C276027742758495
:2000600075C272837A0978012B0ED0027490F90D40039BA34203DC90F90E40A34215DA01F5
:2000800021C173881F09B09DE6049B8B4206D1BBF1040F03D190F91140A14502D06FF0035E
:2000A00000F0E7827201230374E0E70022C273BBF1040F0FD0B94A1680B64A90F9053012B5
:2000C0006D072B0BDDB8490A604FF0010181706FF00100D7E7B14A03231380EDE7B9F100AC
:2000E0000F11D1049C8C420ED090F8244044B1AD490A604FF0010180F825100301F401E0BB
:20010000A90D006FF00200C1E7012280F82420049AA2488A4203D1007C012817D04CE00160
:200120007CA1B95B1CA34C43710020206019202AF735FF0498801C40F080019E4801604F22
:20014000F4C04020604FF4C8702AF728FFB9F1000F03D0B9F1020F04D018E08F48002181DC
:200160007114E08D4991F9050050B18A79012A07D000F0FF0ABAF1000F08D0CAEBCA00079E
:20018000E0401C00F0FF0A01208871F3E783490020824A81F82B0092F82B00C01CC0B23B9C
:2001A0002808D204997F4B891C23F810107C4B0121683B1954049810707A48008803280468
:2001C000D1B9F1000F01D1022008900024079835E3744B1888032802D1079800F0FF0B72C6
:2001E0004801886D4841870021C1700171012205926A480301F401D0AA0D0000212630C1C9
:2002000070017069480088022800D10024BBF1000F0FD0ABF10100022872D8614A002082AD
:20022000F83000D078117950EA01036AD0012869D015E15B4D4FF4820C10356A8D15F80929
:200240001C02F00700C840E875C2F3C208C2F3801385F81880EB779E46C2F3C3132B77C213
:20026000F3C2266E77C2F38031A977D70BAF76DCF8CC2003EB061302F47F4203EBC111EA09
:2002800085114300EBC80000EBC7304D4A298680B2A885C2F800E0CCF8CC104A4908601402
:2002A000202AF780FE15F80D0C15F80C1CA5F1100550EA010202D0012813D013E03A4B9551
:2002C000F905C0883BCAEBCA0733F81C60374B042203EB47035E82334E783E36F81C601EB1
:2002E0008201E081B1052295F82B300301F401C0AB0D002F461A44D5B2B9F1010F48D02C91
:200300004E3288032A05D007E0A3E0A3E0AAE05F22EDE73B7C012B03D0254A32F91A200B72
:20032000E0FA7D012A05D036F91530A3F5FE42FF3A0DD11E4B33F91A20CDE9002002912BA0
:20034000464A4659460398FFF7BFFC204444B2F878397950EA010202D0012806D006E01359
:200360004836F8152020F81A2006E091B3104836F8152000EB4A00428236F91500A0F5FECB
:2003800042FF3A05D00202642092FBF0F026F8150097F803C097F8048049EA0C0039465072
:2003A000EA08001CD041E0F048200034282100143521008A352000EC03410048292100CC92
:2003C000004100FC044100040160007804600020074100FFE7FE4836F815100182CCE7112C
:2003E000F8272F0301F401B0AC0D00FB4F08793B320244F84DD2B20026683D27F8126001A9
:2004000023AB544A7856320244D2B227F81260AB544A794A320244D2B227F81260AB548AF3
:2004200079A1F1270102F144021044C0B227F810602B54BCF1010F10D1B8F1000FFBD11149
:20044000F8280FE54AC9785F300844C0B2002122F81010E04A0121683A11549BE1E0480B53
:20046000EB4B0100EB011030F8300C03E021B1DB48C030C08D108781E1D948C0308088F9C5
:20048000E702F11002518D12F8093C01F0070525FA03F5D575C1F3C2051576C1F38015D5C1
:2004A00077C1F3C3151577C1F3C2255577C1F3803595774FEAD1359576884201D9411A0088
:2004C000E0091A1FFA81F8C5490128A1F1540102D0022802D004E0897F00E00301F401A036
:2004E000AD0D00C97F00297ED0B8F1000F7BD0BD490022543981F82620BC4A1568EDB245A5
:20050000F003051560956805F0CF0545F01005956052F8E05C05F07F0542F8E05CA2F5C09D
:200520007201280CD0022822D0B8F1070F7DD800F00707DF403B2681F8277000253CE0D273
:20054000F8800100F0FC00401CC2F88001D2F8880140F03000C2F8880191F82000012804D3
:20056000D152F8A00F40F080001060062695E001F113010120C874D2F80C018877D2F818D5
:2005800001C87702F58672887B1060D06800F0DD03C87B00F0020543EA051300F0010043FE
:2005A000EA4000D06011F80F0C4FF007064FF00007A1F11301C0B355464FF4820CDCF8CC06
:2005C0000000F47F4288482E3802838179C37901EB03110301F40190AE0D00037A01EBC305
:2005E00011114341834278837802EBC30200E0ABE0C37802EB8312037802EB8332037902A8
:20060000EBC33292B2C282437A7B480360CCF8CC107A48026014202AF7D5FCB9F1000F43A9
:20062000D0B9F1010F42D0B9F1020F42D08CE000E030E0B8F1380F09D8C0F3C20781F82807
:2006400070C87808B15F2625E0562623E0B8F1400F05D8C0F3801081F82F005E2619E0B833
:20066000F5F06F05D8C0F3C31781F82C704A2611E0B8F5605F05D8C0F3C22781F82D704407
:200680002608E0B8F5804F08D8C0F3803081F82E00432600274879C5B292E7C00B81F82A37
:2006A0000005260027087989E700250AE05FEA48704AD135B14E48C5EBC501543880F823B3
:2006C0001004E04A490020543981F80301F40180AF0D0023004849F019543991F823201012
:2006E00044C6B2C878012803D00A79012A02D004E0082502E00AF10902D5B23D4F3A8803B1
:200700002A0BD10A7C012A08D1CA7D012A05D037F91630A3F5FE42FF3A0ED10A7934493369
:200720004631F915100091CDE901024A4659460398FFF7DAFA204444B237F91600A0F5FE13
:2007400042FF3A05D00202642092FBF0F027F81600294B543B93F83000401CC0B283F830E8
:2007600000D9781A7951EA020502D001290AD00AE021490BEB4B0201EB021101EB4000308B
:20078000F8300C06E0DAB1C0F117011A48C03030F811001887184A543A108FA0F57F41FFDE
:2007A0003904D092F830101829FFF476AE0598401EC0B2059059EA0B0007D011E0D7E00D2E
:2007C00049C0310301F40170B00D0001EB40008088E3E70A48C0308088A0F57F41FF3903E1
:2007E000D0074954390A7992B1B9F1020F19D0B9F1000F16D036E0143521008A352000885C
:2008000028210080016400780460002007410048870598401CC0B20590C87808BB0120C8AB
:200820007020E0BBF1000F06D0BBF1010F1AD1FE48C078012816D1FD48C08DA0F57F41FF9C
:200840003910D0F949CA78012A03D14FF0000B81F803B048870598401CC0B205900879D066
:20086000B14FF0010B059800287FF4DEAC0798401C40B20790089988427FF7C6AC002C14A3
:20088000DAEC480088032809D00121E74800E055E141708D1E6FE001200871E3E7E348011C
:2008A000218D1E80F81190817213E00021E24A0846135C401C1944C0B2C9B20301F4016064
:2008C000B10D006728F8D3672905D00125DB480088032802D053E00025F8E7B9F1000F419C
:2008E000D1D44CA07E012802D0E07D01283AD1607D217A401A42B2607AA17D401A41B20052
:2009000020002A2CDB00292ADB94F91830561A5F1CBE4206DC0AE0401E521E491C40B25255
:20092000B249B2CE18761C9642F5DB18E08E1A9E4206DC0FE0401C521C491E40B252B24929
:20094000B2CE189642F6DC0AE0401C40B20244091A52B249B2012902DD4B1C9A42F4DD0395
:200960009908442075B349887E59EA000200D1CA75B9F1000F03D1012801D10020887606FA
:200980009803287DD1DFF8ACE200239EF905A00AF101012FE003F101081C4608F0FF02DF3F
:2009A000F898C210E0C2EBC200C4EBC4050CEB40000CEB0301F40150B20D004505B0F906DF
:2009C00000B5F90650A84200DA1446521CD2B28A42ECDB0020C4EBC406C3EBC3073A1834D9
:2009E000180CEB42030CEB4404DA88E588401CDD80C0B2E2800728F1D308F0FF035345CDB6
:200A0000DB7446CAB280238E4806E0C2EBC20500EB4505521CEB80D2B2082AF6D394F81EBB
:200A200080B8F1010F47D1854A1388C3F3C31604F82C6FC3F3C2276770C3F3803C84F8026F
:200A4000C0D38DC3F3C315E571C3F3C2222272C3F38033637200EB450500EB4202B5F89481
:200A600050B2F8882000EB43032A44B3F8863000EB47051A4400EB4603B5F88850B3F89447
:200A8000302B4400EB4C0500E05DE0B5F886502B44D21A15B2A583A4F12C044FF000020883
:200AA000E0C2EBC20300EB4303521C0301F40140B30D009E89D2B22E449E818A42F4DBE095
:200AC0007F634B4044C01C48432F30C2B2002108461D5C401C2944C0B2C9B26728F8D391A2
:200AE0004201D1012504E009B1002501E04FF0FF356078012800D1C51EA078012800D105D9
:200B00001F94F82500012800D1451FA07A012800D1851FE07B012800D1C51FBBF1040F01F6
:200B2000D0002020754B480026066019202AF75EFA49480660484834F8421FE83801604684
:200B40004861880160A188C0F81012C9F788F80698042807D03B48016D41480160284609CD
:200B6000B0BDE8F08F0020C3F78BF8FFF744F84FF44810016E41F4003101664FF48206D69A
:200B8000F8E413DFF8BCB04FF6F97001409BF81D0041EA800040F00200C6F8E4032D4CE8A1
:200BA0003420680301F40130B40D0020F0400020602A489838016801F07F0A01684FF6806C
:200BC00072114001602648002101600498801C40F0800125480160B9F1040F10D000200B82
:200BE000F5A27201E0401CC0B2135603998B4201DD1728F7D340F040011848D43801601630
:200C0000494FF4C04008604FF4C8702AF7F3F91248E830016841F04001016028202AF7EA57
:200C2000F90021084661F7A9F90746B0F5FE4F4ED0B7F5D85F4BD0B9F1040F48D0D6F8F85C
:200C4000030FFA80F80548CC3811E034282100482921008A352000AC342100FC0441001C82
:200C600007410070014100CC00410004016000016841F080010160DFF8CC90D9F80010C1B7
:200C8000F30E01C9F800100A202AF7B4F900252C46D9F8001041F40041C9F80301F40120C1
:200CA000B50D000010D9F80010C1F30E01C9F8001001202AF7A3F9D6F8F803641C80B2E4B0
:200CC000B20544642CE8D332356420B5FBF0F0A7EB0801084407B21E48016821F080010151
:200CE000601D48016821F04001016019480024CC30046019202AF782F91648343001684FDF
:200D0000F68072114041EA0A0101601148083804601248016921F001010161016821F00152
:200D20000101604FF44810016E21F4003101660BF142000A4902880A604188C6F87011BB52
:200D4000F84600C6F88003C8F792FF38460FE7E806410030044100E4054100600165003488
:200D60000641002DE9F04180460E46084661F793F8044629488078C2F74EFF284D0746001F
:200D80002028802146404661F7FCF8E0826FF070404FF40301F40110B60D00D851B0EB16F8
:200DA0001F09D0307C162806D1A079012803D1A068800600D5E182B4F91600B0F5FE4F1CCD
:200DC000D088421AD0A178491E0E2909D21749174A91F9001092F9002011442A8811442972
:200DE00080E17801F0070104290BD011492A88C9571144298089B2401AE082B8F1000F043C
:200E0000D101E00C49F2E7B61C04D10B49E08A09880844E082E08A8030001284F82000BDC9
:200E2000E8F081B9232000623520005C352000583520006A352000763520001827210070EE
:200E4000B5002801DB002004E06FF07601884200DC08460A2290FBF2F102FB110040420BD6
:200E6000314AB2FA4940B251F83000002108E00A23A0FB034601FB0361002500FB051120C7
:200E8000461300A2F1010252B2F1D10301F40100B70D0070BD70B550EA010202D16FF076A9
:200EA0000070BDEC4E0024356805E0641C64B20A220023A7F7DEFD00222B1A8A41F5D30BC2
:200EC0003C65B2002201E0521C52B256F82230C31A71F10003F7D3501005EB8501C0EB41DC
:200EE0000040B270BD10B58468C168A21809E0036844685B1C44F1000403604460D74CD78E
:200F00004B12195941D54BD54C5B428260E443D31AC16071EB0403EAD2002010BD2DE9F0BA
:200F20005F81460C460068CE49D9F80430A0FB017503FB015140F6181200FB02152246007A
:200F40002338462946A7F795FDA0FB043601FB0466002200FB0262FB1A65EB0205C24A001D
:200F600027A0FB026C01FB02C100FB071810463946A3FB00A705FB007003FB010BD9F808FB
:200F800070D9F80301F401F0B70D000C502246002338462946A7F771FD16EB000948EB0145
:200FA0000817EB0A02A0FB046701FB0471002300FB031345EB0B05901B65EB030106460DD8
:200FC0004622460023A7F759FDA0FB042701FB0471002300FB0313B01A65EB0301012C1383
:200FE000D96208801A71F100010ED32246002330462946A7F742FD10EB090041EB0801400A
:201000001C41F10001BDE8F09F2246002330462946A7F733FD10EB090041EB0801F2E710ED
:20102000B585F7A2F99348016941F001010161016841F0010101608F484FF00101C167C00D
:20104000F8BC118D484FF0CF0181604FF0300141604FF0C00101608948016821F07F0101C8
:20106000608848016821F4004101608648016821F4004101608548016841F40301F401E0EE
:20108000B80D00C041016010BD2DE9F04F99B000F10904B0F81100019060894FF0000ACD77
:2010A000F828A0009078487B4E3C38154600680C9078483C38006813904FF44810006E1428
:2010C00090714800680D90744800680E906F4800680F906E48006810906E48006811906E57
:2010E000485038006812904FF4C000D0F8FC0215906448016816914168179180681890E02B
:2011000078022810D078B1606840B1DDE90012914204D3217BFF2909D0162907D912206893
:201120007119B0BDE8F08F0C205071F9E700998F1A7F1C5A497843884202D391FBF7F060D7
:201140006061F737F80020C2F7B3FDDFF8548198F81C0040F0010188F81C10C2F7A3FE98F7
:20116000F81C0020F0010188F81C10C8F790FD002169710301F401D0B90D000120A870206E
:2011800088A5F80300E078A8712F7208462A18401C51724F28FADB207BFF2819D040F040FF
:2011A000013B483C3801600020CDE90200CDE904003A483C38016821F4E04141F4804101B8
:2011C000604FF44810016E41F400310166019FC5E02F483C38016821F04001E3E7A7F51671
:2011E00060C0B240F0800131480160FFF720FF0020CDE90600CDE90800814686E027480146
:201200006841F4C0410160DFF864B0ABF1080BDBF8000029F707FF22485038016841F04070
:20122000010160DBF8040029F7FDFE1A499C39086840F4404008600868C0F30E000860C03D
:20124000F30D00082802D26FF0770038E04FF0FF3B5946012060F757FE5946012060F7F5AB
:20126000FEB6F91600002824DD10300301F401C0BA0D0023E000009C29210000009C584C99
:20128000491FF200A0724EA086010060016500400160008801640064044100F007410084B4
:2012A000074100FC04410098D120003406410040B56400F0482000040160001038F08200D1
:2012C000B200121B2814DA0A9909F10109491C00B20A91FFF7C8FD834602460B4602A80BEE
:2012E00091FFF710FE5A4606A80B9BFFF70BFE01E04FF07F0A3B48016821F40051016038D2
:2013000048E830016821F0400101609FF746FF08F101006168804641453FF674AF5FEA09BD
:20132000000BD0014606A8FFF709FEFFF7C3FD2D4991F9071001EB000A02E0142029F77671
:20134000FE2A48016921F001010161016821F0010101600199A7EB0101294407F101078145
:20136000F809A00301F401B0BB0D00BFB2009887427FF63CAF1D490C98D43908601B491333
:20138000983C3908604FF448111498086617490D989839086018480E99016017490F98086D
:2013A00060164810996C380160104911980860114912985039086011491598086011481684
:2013C00099016017994160189981600A9830B1014602A8FFF7B7FDFFF771FD82460448C1D9
:2013E0007901EB0A00E871A7E60000FC044100E32220006001650034064100F0074100FCBD
:20140000026000880164002DE9F34F81B04FF0000A81468DF800A0D046FD4E30684078000E
:201420000601D54FF00208DFF8E8B30027384679F71DF9C16BC90759D0418F012956D100A4
:20144000F5CC7490F99A11E27890F8B801454628B1002520FA09F0C00700D00301F401A0BC
:20146000BC0D000225B9F1000F12D022713268002002EBC502131893F91C308B4203DD40F0
:201480001C40B20728F6DB1118097FA170E07018E0207964280CD33268072002EBC50213A8
:2014A0001893F91C308B4203DA401E40B20028F6DCE0703168C0B208441C2101EBC5014072
:2014C0005CA070D648007858B18DF800A000232A46694630686CF713FBE178814200D2E0C3
:2014E000709BF8000030B1306800EBC500007FA07084F803A07F1C7FB2102F9BDB00275713
:20150000E0781C80F73CFC040050D0E26994F8A310C2F3C40049094FF0000501D0022900EF
:20152000D10125D10242D5082801D00A283ED1029994F89F2001EB850194F89E00D1F880BD
:2015400010B9F1000F11F9028038D084F87C0120466DF70301F40190BD0D0037FA48B1945A
:20156000F89E00012801D801205CE002280ED3022058E0316801EB8502D2F880100B564307
:201580004550DD401C40B20728F6DB4BE09BF8000008B184F89EA094F89E0053F74CF901A0
:2015A00046204681F74FFC94F89E0053F744F90121BEF7DDFE7F1C7FB29C4800788742A3C5
:2015C000DBBDE8FE8F94F87C01642816D320466DF7FCF928B194F89E00022810D302200C83
:2015E000E03168072001EB8501D1F880201356434503DA401E40B20028F6DC84F89E0089B5
:2016000048007848B18DF800A000232A46694630686CF779FA84F8A00094F89E1094F8A0BA
:20162000008142B3D284F89E00B0E72DE9F0417F4B1B685B075FD57E4B794F7E4D19703B67
:2016400068012946D1D20744D0806F0301F40180BE0D007B4E7C4C0168C6F802108088F0FF
:2016600080586AC4F80200188DE080D86BC5F80200B3F84000E8807448007868B16BF7F56C
:20168000FE807830706BF7F1FE90F90500801020706BF7EBFEC0780CE06BF7E7FE00783057
:2016A000706BF7E3FE90F90400801020706BF7DDFE407828706BF7D9FE807870706BF7D5F5
:2016C000FE90F90500801060706BF7CFFEC078687039685B48C1F884400AE000EB810003C5
:2016E000F12401406FC3F88410D96B2960196C696057490860BDE8F041FF216BF780BEBD60
:20170000E8F0812DE9F0414B4F0546002638680C4690464007F3D54E488068017C4E4800B6
:20172000782A18132909D044495FEAC873097801F003010BD0012904D008E092F8440001C3
:201740002622E00301F40170BF0D0058B101280DD002280FD0364B1B685B781B0613D40233
:20176000290AD010E06BF785FE407811E06BF781FEC0780DE000200BE03A4B1B78012B0291
:20178000D092F8340004E005EBC101084490F834003968344F890703D5344900090870048F
:2017A000E000F00F0038706CF7D6F8012C07D0022CA9D141463046BDE8F0416BF72EBF970C
:2017C000F800800020387000243878E1B205EB8000D0F88C006CF736F8641C032CF4DB6B24
:2017E000F71AFD3878401CC0B238700228EBD387F800800021DEE786E770B506460D4600B7
:20180000246BF737FE90F90600B04201DA022D33D36BF72FFE90F90600B04201DB022D263B
:20182000D0022D2AD2FDF7A5FE00B126E024E02425200064322000B92420000301F40160E6
:20184000C00D00681F200088312000F22420006A2520005A25200062252000F124200028B3
:20186000252000FC472000032520007033200002252000EC242000FDF780FE10B1012400E6
:20188000E00224204670BD2DE9F041F84E3068400774D5F848DFF8DC83007898F80050002C
:2018A000F00100401C6BF76FFE002868D0F349F34A097812781143F24A127811437AD1F17E
:2018C0004AF24C817811702060F148007802282ED9F048007808B1EF4900E0EF494FF4C0E8
:2018E000024878030620D40B78F3B180F08000801CC2F82803012008E00B1802EB80075B96
:20190000789B1CC7F82833401CC0B20B788342F3D8D8B2FF2105E002EB8003C3F828134068
:201920001CC0B20928F7D302E07F20C2F82803DB4F012D0301F40150C10D000BD120683AAB
:20194000784FF000034178090601D4002100E002216CF79AF8D548D54DC07C000703D49826
:20196000F80000012812D13068297880070028206800EBC1003978084490F8340004DA00B0
:2019800009CC4902E01AE01AE0CB490870CB4ECB4F307838B10022012120686CF700F800DC
:2019A00020307004E03A78022120686BF7F8FF3A78297820686BF768FDD2F74BFA0120AA52
:2019C000E630B5B34A00F0010101EB8101126802EB81014C3100B14020BA4A1368946803EA
:2019E000F080030D7804F0800405F03F0545EA000545EA03051560487800F03F0040EA0441
:201A000000906030BD2DE9FF5FDFF8BC92DFF8BCA26BF7E5FC01906BF7F0FC029001200046
:201A200090AB480078022827D140F20301F40140C20D002F32A94950465EF71FFD6022A7CC
:201A400049A8485EF71AFDA5496022C031A6485EF714FDA24960226031A4485EF70EFD6082
:201A600022A349A3485EF709FDA14960226031A1485EF703FD9E496022C0319F485EF7FD44
:201A8000FCDFF8FC81D8F80000400770D59C4D9C4E4FF0010B2878F0B9002406EB04274FA4
:201AA000F48072984938465EF7E8FC6010787004F00100641CB870062CEFDB854F0024A31C
:201AC0002104FB01700A4681495EF7D7FC641C052CF5DB85F800B00022114648466BF7D745
:201AE000FB02244FF00708654F3868810701D5C00703D0042C05D3012504E044F300056D70
:201B00001C00E0002506EB052106EB0420091D001D82225EF7B2FC06EB04200121017039AD
:201B2000688A070301F40130C30D0001D5C90723D06D1C45F08001417004F00101641C8133
:201B400070E4B280F80380062CD1D35948584902680A6042684A6000890881487802062545
:201B6000D40A781AB380F080004FF4C002801CC2F8280301200DE075E1C4F3410141F080BE
:201B800001D9E70B1802EB80045B789B1CC4F82833401C0B788342F4DCD8B2FF2104E0024B
:201BA000EB8003C3F82813401C0928F8DBDFF8F4B0002555485E4600EB0520CBF8000001AC
:201BC00078CA075FD0890706D5417801F03F0250490A708078009000240127306807FA04B3
:201BE000F2C178114248D000EBC401091D224628466BF7DDFB20B1316801EB840148670ED1
:201C0000E0306800EBC40100EB840201F1040151674178090603D4022C01D10301F40120C4
:201C2000C40D00011DC167306800EBC4011C3100EB8400641CC0F88010032CD2DB0024378A
:201C400049A32205FB02F0B34601EB4008DBF80000C4EBC40200EB8202FF2182F89C10005A
:201C6000EB8401C1F88C90C1F894A004EB840100EB81062B4806F14C060178C90753D056CE
:201C8000E000EB8400019941670299D2E7CCE08831200070332000A9242000C5232000D84A
:201CA000232000E4232000F124200024252000C42320003B252000305220008C262000031E
:201CC000252000104A2000F2242000EC24200002252000F6242000ED24200008016400724E
:201CE00025200050542000742C210036352100F0292100FA362000BA3720005A3720001032
:201D00002B21001A3820007A382000DA382000EE2420000301F40110C50D00106520002C33
:201D20007B0B00EF2420007F5720002C0D2000317921F0030131710078800703D43079209B
:201D4000F004003071B278574612B305215C486BF73DFC070019D0DBF80000012100EB84A9
:201D600000C0F89470B27848466BF730FC28B9B2780C2153486BF72AFC50B1DBF80010071B
:201D80004601EB8401C1F88C0002E000204F463071A32204FB02F008EB000603903946301E
:201DA000465EF777FBDBF80000A20100EB84015F46C1F88C608378407842EA031200F03FC3
:201DC00000024342F08000039A08F80200D1F88C00002201216BF767FA3B48012200210446
:201DE00070386800EB8400D0F88C006BF75CFA641C022CFFF62FAF334E002096F8008030F8
:201E00007000243178386800EB81000301F40100C60D002146D0F88C006BF730FD641CE4FF
:201E2000B2032CF2D36BF713FA3078401CC0B230700228E9D386F800806D1C062DFFF6C51D
:201E4000AE24490020CBF8000008702249087022480068800702D521490098087021480016
:201E60009900786BF773FF6BF768FF1E49012008701E480078800701D46BF7C2FB1C4900F6
:201E80002081F84E00BDE8FF9F70B500228118CC7C91F8495091F87F60002101E002290831
:201EA000D001EBC103034413445C7083F8375083F86D60491CC9B20629F0D3521CD2B20921
:201EC0002AE4D370BD0000505420007F57200002252000F22420000325200088312000F1AB
:201EE000242000EF242000F324200028152000B031210010B55FF79BFFF8F7DBF90548050B
:201F00004900780301F401F0C60D000875C7F780FFBDE81040CAF733BE0000303021006101
:201F20002220002DE9F84300208DF8000005462BF7FEFDDFF8E883FA4E002788F800007858
:201F40001C7FF749FFC1690446C1F3C400C90233D5082801D00A282FD198F80000E8B31476
:201F6000F89E0F4FF0000284F8E000A07884F8E1006079A4F19E04400901D0022800D10184
:201F8000220023694630686BF7E6FD84F8A00094F89E10814201D284F89E0094F89E0052EE
:201FA000F772FC0146204680F775FF94F89E0052F76AFC0121BEF703FA7F1CFFB20B2FBE33
:201FC000D9D948006A000743D50027384678F77EFBC16BC90738D0418F00E002E00129072A
:201FE000D032E094F87F0184F8A00094F87E01D2E700F5CC7490F8B80130B10301F401E0E3
:20200000C70D00CB49097820FA01F0C00704D104E030684078000600D50225607800281B5F
:20202000D030684178090617D4002D15D198F8001059B114F8031F0023A1770121E1771ACB
:202040004669466BF78CFD207002E094F82100E0707F1CFFB2102FBCD3BDE8F8832DE9F0F1
:202060005FB54800252F4604682E46002C6ED0207CA846162805D00F2803D0062801D00179
:202080002857D1DFF8B492DFF8B4B2DFF8B4A299F80010DBF8002011439AF800201143A9D2
:2020A0004A127811437AD00F2804D0062802D0012803D024E0A56C0DB921E0254695F8A42F
:2020C000007FF78DFE07007ED095F8A4007FF787FE6DF79DFA98B19C49812008709C480058
:2020E0007801280CD1FDF769FA48B9022087F89E0052F70301F401D0C80D00CDFB0146389D
:202100004680F7D0FE01269AF80010DBF80000DA46014320D0914C2078FF280FD099F80038
:202120001009B189F8008003212078BEF771FBDAF80010002609B1CAF8008033E0002DF2C1
:20214000D095F8A4007FF74FFE0746BEF7B6FB807C2070E8E73EE099F8001041B1804889AB
:20216000F8008003210078BEF753FB00261AE0774D2878B8B1207C0F2801D0062800D1A414
:202180006C94F8A4007FF72FFE0746BEF796FB38B1D0F8331021B1807C0321BEF739FB009E
:2021A0002685F800806F4981F800809EB16E4997F89E0008706D490A6822F0FF0242EA0039
:2021C000020A606A480078C1B26A48007800E002E06BF7C8FD0020BDE8F09F2DE9F84F4FE3
:2021E000F000090446FF250126584F0301F401C0C90D00DFF86CB1C0F3C010CA468DF8000F
:2022000090C8464A46012955D0022906D004F00304B9B1012948D08ABBEEE02BF794FC458F
:202220004AC0B21178884204D1464909784140C90775D01070012802D00024002035E0013F
:2022400024FBE7DFF83881032CD8F8001064F31F21C8F800100CD0022C03D149480078FF8C
:202260002806D0E5B24846BEF798FA022C07D00DE045484FF001090068C5B2F3E715E03D41
:2022800048007808B1414800E03E480578680809D18BF800503E70D8F8001001F47F4129D0
:2022A00043C8F80010BDE8F88F22B1384904F001020A7003E0374904F001020A70344909C0
:2022C0007801B10121344A12780AB10028EAD1DFF8A48001F0010C98F90020944501D001B7
:2022E0002400E00301F401B0CA0D0000241C4A0023137024B11670174A4FF0010A16601F8F
:202300004ADFF88480022382F800C0D8F80020B3EB122F49D190B939B11E480578FF2D0509
:20232000D08BF8005005E073E01848F6E74FF0010904B13E704846BEF734FA3FE031E0B97F
:2023400024200024252000F0482000F1242000FC472000AC242000C4242000A4242000AB55
:20236000242000ED24200002252000A9242000AD242000AE2420000325200004833100AA27
:2023800024200001252000C0242000A5242000BC242000A6242000B0242000AF242000A451
:2023A0002120005CB13E7009E00320B0EB122F03D10120BEF7F6F9F4E7C2F3002568080774
:2023C000D13E70D8F8001001F47F412943C8F800108BF80050BAF1000F3FF40301F401A054
:2023E000CB0D0068AF05F001002C4E2C4D401C346829786BF7F8F82A4982780A7030602182
:202400004628786CF726FB55E7022905D00429FAD12046BEF709FA4DE768462BF78CFB2154
:2024200049224A0B78984204D19DF800301478A34201D04FF0010808709DF800001070B821
:20244000F1000FE0D03E7035E710B590F8A400A0F10E0102290AD8C0EBC000144900EB4071
:202460000001EB0010A0F5935090F8D7007FF7C7FCBEF72FFA0F49097811B10E490968818E
:20248000740E480078002806D00D4803210078BDE81040BEF7C9B910BD000024252000AAFF
:2024A000242000F1242000B7242000B824200040862000A8242000BC242000A4242000A949
:2024C0002420002DE9F047002086B0C027DFF8DC8001900301F40190CC0D0002904FF00136
:2024E0000A102504460DF10C09039002AB01AA51462846CDF8009093F76CFA01460198101B
:20250000B9029AFE2A51D00D4407284AD10298012823D12BF71AF9C0B252F7A7F9064601EE
:202520002304AA5146284693F7A2F89DF8100052F79CF9C0B28DF8100098F8001046EA0146
:2025400011C9B2814206D1002251462846B8F722FC44F040040198072823D1029802282049
:20256000D12BF7F3F8C0B252F780F90646012304AA5146284693F77BF89DF8100052F775C6
:20258000F9C0B28DF8100098F8001046EA0111C9B2814206D1012251462846B8F7FBFB4433
:2025A000F080040398BC4205449FD106B02046BDE8F087742C21002DE9FE4F00270646B9CD
:2025C0004676F793F800280DD0F1790301F40180CD0D00DFF830844FF0010A0AFA01F0D859
:2025E000F80010084204D08143C8F80010BDE8FE8F76F78DF8032802D2F17A042904D00290
:202600002805D2F07A042802D0C8F80090EEE70024DFF8F8B327E0FD494FF0FF3002900932
:2026200068C4EBC40001EB4005E87AD8B1B54219D0284676F75EF8A8B16988708828F7B77A
:20264000FD034602280ED902A9CDE9001A4A462946304675F71AFE0299084301D17F1CFF5D
:20266000B2022F05D0641C9BF800008442D3DBBDE7C8F8009076F70FF8B8E7F0B5B1F8AC1A
:2026800020E44C4FEA42424FEA124282802468B1F8AE50B1F8B230B1F8AC60A4022BD40B7B
:2026A000B9B1F8AA30DC4C2479E40623D4DB4C247904B3DA4C2478A3421CD34C6BA70701C1
:2026C000D505240301F40170CE0D0004E0E40701D0032400E00124B1F866100F0B01D06181
:2026E0001D05E011F4706F01D0E11C00E0611C994200D3991E8A4200D9114681803DB13247
:2027000046032E06D27219032A0BD9032209E000210FE0B3EB021F04D97219B3EB021F00CA
:20272000D21A09911BFF22B2EB410F01D88271F0BD49008171F0BD2DE9FF5F00252E462F4D
:20274000464FF0010ADFF8CCB203953BE0B249C7EBC700096801EB4004E07AB8B3052830AA
:20276000D0608870B340282CD820880190A0880290207A38B1CDF800A002AA01A920460378
:202780009B75F7A2FCB4F80290019C029AA4EB09001044002805DD0AFA00F1491E0D434635
:2027A000EAE1760AFA02F84FEAE871B8F1010041F1FF3122468CF7B7FF05430301F40160FA
:2027C000CF0D000E434C44402CF1DB7F1C9BF800008742BFD30024A04627463A4601200063
:2027E000218CF7A5FF28403140084301D1641C04E01CB1444500D9A04600247F1C402FEC08
:20280000D3444500D9A04604B04046BDE8F09F30B5834A00211368804A14780FE0C1EBC12F
:202820000203EB4202D57A042D06D1157A25B95288824201D1012030BD491CC9B2A142ED72
:20284000D3002030BD2DE9F84F00F1D8050C46AF7892461E4607F11E074FF00E012046DD0A
:20286000F828B084F748FA0820E0724FF0010984F80C90E77128782072002727806780763B
:20288000F7E1FA60726878A5F1D80550B1002E78D0B5F8D0002080B5F8D200608095F8DDE4
:2028A0000077E04FF001082CF7F8FF20B131F7EAF908B90301F40150D00D004FF00008E86D
:2028C0006B800204D5B5F83C0108B1608009E0B5F84A0043464200B5F848004100204676F2
:2028E000F7D4FB6088012809D954494968401EB1FBF0F200FB121020F0010020805A462156
:2029000046284676F7BDFD95F8DA002146B2F74FF930BBE86B800218D5B5F83C01A8B1022B
:202920002229462046009276F7D5FDC8B94A4629462046CDF8009076F7CDFD88B93A462973
:20294000462046009776F7C6FD50B96A462146504685F7C4FC20B92780B5F84A00400060FB
:2029600080208846B1A5F8D0006088A5F8D200607A85F8DD001BE0A5F8CC006088A5F8CE89
:2029800000607A85F8DC000FE0FFE7B5F8CC002080B5F8CE00608095F8DC0060725A4621BF
:2029A00046284676F76DFD16B9A0790301F40140D10D0085F8DE0095F8D900012806D1606C
:2029C00088FFF72DFF002801D0FBF703FFBDE8F88F2DE9FE430546D07A0026DDF82890880D
:2029E000461F46042847D1F87A042844D1184675F766FA01907C88B8880290387A38B10009
:202A00002000904B4602AA01A9384675F769FB019874B3029A8118A9421CD3B1FBF4F2046C
:202A2000FB12161AE00000502B2000402B2000482B200084312000BC7A2000762220004499
:202A40002B200000A03200291AB1FBF4F189B101FB040086188118A942F5D3A84201D34063
:202A60004503D3AE4207D9464505D80120BDE8FE8301E02044EDE70020F8E72DE9FF4F87B9
:202A8000B0054693464FF0000A149C75F718FA0490A8880590287A039438B100200090239D
:202AA0004605AA0301F40130D20D0004A9284675F71BFB002089E06988049A08FB0120053B
:202AC0009981460290084401900898A0B3297B007B814230D8BBF1000F10D1284676F705CE
:202AE000F860B1089876F701F840B1284675F7EBFF0446089875F7E7FF84421CD003980089
:202B000090DDE901102A46089BFFF766FF044601A902A8039B089A75F794FFDDE9010181BA
:202B20004251D2F4BB5A462846089975F76AFF10B10299494547D1002438E08749C4EBC47C
:202B400000096801EB4006F07A60B3AE422DD0287B317B884229D8BBF1000F10D1284675CF
:202B6000F7C4FF60B1304675F7C0FF40B1284675F7AAFF0746304675F7A6FF874215D032C1
:202B80004601A902A8039B75F75CFFDDE90101814219D25A462846089975F70301F401208C
:202BA000D30D0033FF10B1029901E010E001E049450DD1641C6C4800788442C2D30A990AD5
:202BC000F1010A8A4503D300200BB0BDE8F08F08F101006549804609788842FFF470AF0288
:202BE00020F2E7F0B58BB0044631F70DFA94F8BE00C10771D194F8BD10CA07FAD100286BA7
:202C0000D0801E814268DC206808A976F738F8544F05000FD008983968C0EBC00001EB400A
:202C2000060E22314604A85DF770FC0E21304684F772F804E008A876F70EF800284AD09414
:202C4000F8D7007FF7FCF80646B4F8D000400401D5032000E002208DF80B0002208DF80CF1
:202C60000020688DF8070020687FF7D9FD04F1BC048DF808006078ADF80000A078ADF802EE
:202C80000014F8BC098DF8090004F1B801684675F798FC0301F40110D40D00304676F7EAC2
:202CA000FEF069000405D5012609A9684676F7C8FE1FE009A9684676F7A0F9060002D002E6
:202CC0002E0FD016E04DB108983968C0EBC00001EB40000E2204A95DF71CFC30460BB0F0B1
:202CE000BD41E0BDF8000084F8BD009DF8090084F8BC0008983968C0EBC00001EB40000E4C
:202D00002269465DF706FC96F761FB88B10998022809D218480088000505D575F714FD027E
:202D20002801D375F7D4FC76F7BAFA58F796FED4E755B108983968C0EBC00001EB40000EB0
:202D40002204A95DF7E6FB0EE004F1BC0400206070207008983968C0EBC00001EB40004F25
:202D6000F00E0183F7DCFF0020B8E7482B2000402B20003B2B2000A450200070B50C4D0604
:202D8000E02C6820465FF73BFB20460301F40100D50D0023F705FB07485FF73AFB0028F37D
:202DA000D014210548B9F798FC0549002008600449087070BD0000B83B2000F8E02000B4F6
:202DC0003B2000B23B200010B5E949E94C012811D0E9488168E6480B7C82884088222B2740
:202DE000D00ADC012B0FD0062B12D0102B1ED0212B25D120E0088822E0282B0ED02A2B126A
:202E0000D02B2B1CD112E091F8A51016E0226010BD91F83D100329F9D011E0C98F43F206DB
:202E2000331942F3D10BE091F8601006E0896AEAE791F8651001E091F859100129E6D020E1
:202E40006010BD2DE9F14FCC490025CA480D702C4686682F46A846307CAA464FF001090F6F
:202E60002819D0062817D0012815D0102813D00E2811D002280FD0C148007820B1C1480385
:202E80002100780301F401F0D50D00BDF7F9FC0098FFF79DFF0098012824D0BC4823E081BE
:202EA000F800900F2809D0062809D010280BD096F81D013546012808D00DE0B56C0BE0B58A
:202EC0006C96F87E0003E0B56A05E095F82501022801D14FF001082846BDF737FFAD4981CD
:202EE000F80090D4E7AC48006860F7D0FE307C162823D08DB395F8A4007EF7ADFF04466AEB
:202F0000F733FE84F8710195F8A4007EF7A4FF6CF7BAFB08B3812795F8A4007EF79CFF9EF8
:202F20004E04464FF0020B3078002894F89E0014D0022815D384F89EB016E0306D90F8B820
:202F40000150B196490968897811B1C0F3400001E000F0010040F080073CE00228EAD203DB
:202F6000E0012801D884F89E90B8F1000F11D08C48007870B1FCF75DFB58B10301F401E092
:202F8000D60D00307800B1012084F89E0051F7BFFC014620467FF7C2FF20E094F89E109504
:202FA000F90F016CF776FB02281FD0012821D0A8B17F48007890B17E4E94F89E0031788801
:202FC000420CD06AF7BAFA90F9062095F90F11B4F864002FF720FB94F89E00307076487612
:202FE000490078B8B181F800A016E0584684F89EB009E0307818B1484684F89E9002E0506C
:203000004684F89EA0C0B251F782FC014620467FF785FFCDE781F800903946009851F7A411
:20302000FB3CB9002D6FD095F8A4007EF718FF040069D0624A92F84E00012864D1614800AF
:2030400078012860D1B4F86410138899425BD115B195F80F1100E0FF2191705A4902F12EA4
:2030600002097802F82B1C02F8290C4D48007802F82A0C0301F401D0D70D00554800685519
:203080004902F8280C0868D0754868107688685076C86890760869D076D1F8E8001077D122
:2030A000F8EC005077D1F8F0009077D1F8F400D077A1F53271A2F12E024FF0000001EB80FA
:2030C00003D3F8643102EB000400F10100C0B2E3710828F3D3414C414D002000EBC0030302
:2030E000EB001300EBC00104EB43031144D3F89A61C1F80F6093F89E31CB7405EB80034062
:203100001C9B6BC0B24B610628E7D382F84EA0BDE8F88F1C481D4940880860704770B5FC21
:20312000F771FAC4B285F734FC2E490978002917D02D4B401E2C49503B80252B4A0E2801DC
:20314000D2012C0ED021480078022815D045F6217008601560186820F03F0040F02F0018B3
:203160006070BD47F22140086018680301F401C0D80D0020F03F0040F0270018601560709F
:20318000BD45F61B700860E6201060E7E7000032302100D4066000FC47200017082000A4FD
:2031A000242000A92420003C082000AE24200044082000F124200024252000FC2721009AA0
:2031C000202000302C2100C523200015082000B0312100F22420000225200004833100C8EE
:2031E0000260003215200018242000B01F200034074100F40541005A490A685A4842615A51
:203200004A126882618A68C261594A12684262584A12688262584A1268C262574A126802D4
:2032200063574A12684263496F0162704710B50446FFF7E1FFA41CE0B240F080014B48B866
:2032400038BDF7FBFD4C48001F0068464900F03F00C86048483C380068C0F3850042112072
:20326000F020000301F401B0D90D008860012A04D180F01F00401C4042886040485030006A
:2032800068C0F30330C21020F008000861012A04D180F00700401C40420861354A0120101F
:2032A000603248026842F0CF0202604FF00F0282604FF01C0242673448026942F00102020F
:2032C00061026842F0010202602B4A47F2C10010602A4A4FF4C0401060294802684BF6FF6B
:2032E0007302EA03020B6842EA83320260264A106820F07F03486843EA8011244B1B684199
:20330000EA030111601F4910B14FF4C54001E046F29620086010BD00207047144813494208
:20332000690A60C2698A604FF4C0038269C3F8BC21114B426A1A60104B826A1A60104BC2BC
:203340006A1A600F4B026B1A600F4B426B1A60006A48670D48016921F001010301F401A043
:20336000DA0D000161016821F00101016070477047000090016400342C2100BC01600060C6
:20338000044100FC044100E80641005804410028044100600165003830210070B53E480173
:2033A0006A21F470010162016A41F400010162D0F8E81021F47F41C0F8E810D0F8E8104170
:2033C000F44071C0F8E810416821F47F414160416841F4A0614160016A21F4704101620164
:2033E0006821F07F410160016841F0407101602A4C4FF0000211462078C0F7E5F8284D00D8
:203400002211462878C0F7DFF8002201212078C0F7DAF8002201212878C0F7D5F800220214
:20342000212078C0F7D0F8002202212878C0F7CBF8002203212078C0F7C6F8002203212834
:2034400078C0F7C1F817492078C0F777F816492878C0F70301F40190DB0D0073F800212093
:2034600078C0F773F801212878C0F76FF8012211462078C9F757F8012211462878C9F75285
:20348000F80D490B484FF0805208600B490C4883F705FEBDE870400121094883F718BE686D
:2034A000003200F4212000F5212000AB6F0A00DB700A006B390D000022200053710A008CA9
:2034C00050200010B504284DD16D496B4808606D486C4901606E496C4808606D486E490092
:2034E0008808836D48016841F4001101606C491B200870FFF71EFE6A480078C0070BD000AE
:20350000231A4619460120F8F7F4F900231A4619461846F8F7EEF96349644B272008701884
:203520006841F21001624A08430521116020F4041260488478417824F00104847021F04765
:2035400001417001214177017742F40301F40180DC0D00841018605948826842F00402827E
:2035600060584A4FF4FA50106057480160002010BDF8B556495548086000F0EFFEAFF2B3DD
:20358000005449086026F719FC022488B1524B6A460421DC2026F7DDFB9DF800004F496D98
:2035A0002802D0752802D003E00C7001E003200870FEF7CFFF42480122504B01885A264172
:2035C000F02001018046490920504D0870454845490270482048704448454902700020082B
:2035E0006044490870444908604549CB66454B1E80454B6B60474D454B2B60464B41F88030
:203600003C464BC1F81031454BC1F8EC30454B1025A3F80150444D2C70444D2A70444D28BC
:2036200070444D28616861A860E860424D28616861A860E860414807250570457004258529
:2036400070C5700301F40170DD0D00D420D8712020D8721220D8733B48DC7402703B48C89E
:20366000673B4808673B4848663B483B490260462048703A4972204FF4C6720870394800B0
:20368000210670384882F771FFF8BD29E10D005C312000B9E00D00002A200097DE0D0074CB
:2036A0003C20003C302100F0482000D8332000D2312000FC1B2000B23C200088322000D884
:2036C0002A2000F8BF2000A4502000941F2000981F200074382100A00520006842200000AF
:2036E000106500742C2100C52A2000C62A2000E8312000BA2E2000C0242000A9242000BC87
:203700002420005DDA0D009C6B20004A3220006DEA0D007C4020009DEA0D00B04020006515
:20372000470D00D11A0D00557A0D006C1B20007E3220001A2721001C2721000301F40160CB
:20374000DE0D00E40C20000C0D2000DA3B2000BC29200009520D004F520D00857C0D00E8EF
:203760002E2000383220000F3220001B2721000C3221000C2050717047F0B400240C6083F3
:203780004C052B71D006DC012B6ED0022B09D0032B6AD10CE0062B67D0082B0ED03F2B637F
:2037A000D111E0032A60D1A56D0D60E46D76E0032A5AD1256C0D60646C70E0112A54D125C8
:2037C0006F0D60646F6AE0714E00F1090580364FF0070CB2F5D47F79D022DCE22A51D00CB0
:2037E000DC4C2A04D004DC0A2A01D00C2A3CD1C4E0522A01D0562A37D1A3E040F21D17A277
:20380000F21D16BA424CD006DCFF2A74D0A2F580761B3E29D14CE0012E46D06B2E24D166D7
:20382000E0B2F5F27F6FD013DC5A4DB2F5E97F6CD007DC0301F40150DF0D00B2F5E17F2031
:20384000D0A2F58075CF3D7DD183E0A2F58074D33C63D0012C76D164E0B2F5F57F53D0A2EA
:20386000F58077F93F05D0012F07D00D2F6AD178E068E0256E0D60646E14E0A56E0D60E407
:203880006E10E025680D6064680CE0D5F803501C2D05D0272D56D1A56B0D60E46B02E0258C
:2038A0006D0D60646D4C604AE0A5680D60E468F9E725690D606469F5E7A6690E60E4694C27
:2038C00060EC7804263CB1312C05D0502C0DD08E80D52433E041E03124CC80EC78312C01E4
:2038E000D08E802CE008248C8029E0F224CC80A1F804C024E003E0256A0D60646AD2E7A5CF
:203900006A0D60E46ACEE7256B0D60646BCAE73CE0FFE72C680C606C68C4E7AC680C60EC63
:2039200068C0E7C47A012C03D02C690301F40140E00D000C606C69B9E71B4C0C60C47AE4A9
:203940001C8C800624CC800C68002C26D1F0BC37F74CBEA56C0D60E46CA8E7A56F0D60E48C
:203960006FA4E734680C607468A0E70C4F6C7901258837B5EB540F02D11424FC8001E0A7AB
:20398000F806C0B4680C60F46890E734690C6074698CE7B4690C60F46988E7F0BC70477885
:2039A0002C21002025210091650D002DE9F041064601292FD1F0042DD525488CF72EFD047F
:2039C00046244F244D22E032F76BFE214920488CF7C8FC38880B2806D0302808D005EB80A7
:2039E00000006848B10CE01A48F2F761FE0EE07888C0B2F5F7F2FE09E01849302083F77709
:203A0000FE388805EB8000016812488847641EDAD226F480563046BDE8F08110B50446210C
:203A2000B101290301F40130E10D0011D002290DD00EE060000CD50B48B6F76FFC4168A1C7
:203A4000F5E242823A04D1F6F73AF801E030F7E9FB204610BD0000387A2000907A200084FE
:203A6000CE0B00302D21009830210000207047002070472DE9F0470446087806260527DF0A
:203A8000F8BC800D46022832D328F7CDFA4FF00109022815D02878022829D32948611CDF9F
:203AA000F8A4A000684FF0000118D027F7EBFE98F8001006460844A04205D385F800901B19
:203AC000E085F8009016E00021DAF8000027F7DAFE074698F800003044241A08E027F7D2B3
:203AE000FE06460021DAF8000027F7CCFE0746287801280ED1601C0CD098F800107E1C40DA
:203B0000463944A14202D30020BDE8F08700783844241A0D480088844204D20301F401202A
:203B2000E20D002878032801D3022028702878022801D3012100E000213B4632462046C855
:203B4000F777FC0120E4E7051E2000901B2000941B2000281E20002DE9F05F394C2078202A
:203B6000F00100207038485FF751FD002863D0354ADFF8DCA0DFF8D490DFF8D8B0967813B8
:203B80007855780021AAF1060EAAF1050CAAF10408C1EBC10212F80E7087421FD112F80CF7
:203BA000709F421BD112F80870AF4217D1284FFF1ED75DB74212D1254BC1EBC1009B1EC370
:203BC0005C89F8003012F80A208BF80020207820F0080040F005002070617023E0491CC98A
:203BE000B20B29D5D3BF2B15D00C206070C0B2C0EBC0011F2B11F80A108BF8001006F00F89
:203C00000189F80010207820F0080040F02500207002D00301F40110E30D0005E00B20E8BA
:203C2000E7432D06D0442D04D05FF79CFE0120BDE8F09F0A48017841F001010170F6E7047D
:203C4000208CF7D7F80020F2E70000FC1B2000F41B2000DD1B2000A6C60B00DC1B2000A14C
:203C60001B20002DE9FC4183F793F8804643F75DFFF84E6846346843F79EFFB8B3871FBD20
:203C8000F80200B91C401C20F00102121DA01C5FF7CAFFBDF802006946401C20F001000504
:203CA00019AD1DB81D43F74AFF044617E0BDF80200A11F401C20F00102921D28465FF7B37C
:203CC000FFBDF802006946401C20F001000544AD1D204643F733FF04469DF70BFB002CE538
:203CE000D127B10222394630685FF79DFFDA4C43F7A9FD9DF7FEFA308A3168401C20F0019C
:203D000002606A5FF790FF0021606A0301F40100E40D007182318A0844706143F70AFF40CF
:203D20004683F73EF8BDE8FC81F0B587B007460C46154691F7D6FD002812D0C94E30780170
:203D40002805D15FF71CFC5FF7B5FC002808D047F6FE70874203D814B1B4F5803F02D3009F
:203D60002007B0F0BD3078012820D0BE4E307800972118491DB1FBF0F08DF81400684644FD
:203D8000F76DFA0028ECD0B548BDF812103278406A01FB020086B247F40040ADF80400A2BD
:203DA000B20021ADF806208DF808101BE0384644F711FB2A462146384644F786FA0446A608
:203DC00048418A39B341690068A0F20510814221D3FFF74BFF1EE09DF808306F5C491C3BFE
:203DE000448DF80830A142F6D39DF80810104481F0550108448DF8081080F055008DF80912
:203E00000006220301F401F0E40D0001A930468CF7ABF922462946B01D8CF7A6F92046A38A
:203E2000E77CB504460E46154691F75FFD002819D08E480078012805D15FF7A5FB5FF73EA5
:203E4000FC00280FD06946204644F7EFF8002809D0BDF80240B44200D93446224629468C84
:203E6000F7AAF920467CBD2DE9F04F89B000208046029018217B48B8F773FC91F736FD002E
:203E80002876D0794E3078012805D15FF77CFB5FF715FC00286CD0734C724DE16A606A0813
:203EA0004428603178012901D005290DD1022208A98CF781F9BDF82010A1F57F40FF380142
:203EC000D043F744FF606A686100200390049005900690FF2022F7FBF95FEA000B01D183BB
:203EE000F7EBFB307802280ED16148E16A0078B1FBF0F0C01C8708002138460301F401E059
:203F0000E50D0043F7F1FE3946029082F754FF5748446A82E00622694620468CF750F9549D
:203F2000480078012801D0052808D1BDF80010A1F57F40FF3802D14C48446173E0BDF8005C
:203F4000104FF0000A080449D5BDF802009DF804200144114481F055019DF80520C9B29147
:203F6000423CD1A11D4218404909688A4236D8002704F10609C5B215E0D7E0042D01D22E86
:203F80004600E004263246594648468CF718F9002003E01BF80010401C0F44B042F9D3A85D
:203FA0001BC5B2B144002DE8D187F055009DF80410C0B2814212D1BDF8000003ABC0F30EE3
:203FC0000101F01F02012090404A0953F82210014204D1014343F822104FF0010A2548008D
:203FE00078012833D0052831D0BAF1000F5AD0214DBDF80301F401D0E60D00022028784129
:204000001D1144B1FBF0F0C3B28DF81C3001224146029843F7B7FB9DF81C00297880440016
:20402000FB014413480068A0423FF678AF584622F703FA1148007801284AD0052848D00D25
:204040004800252C46C16A0D482F462E460078B1FBF0F857E0BDF80200401C20F00105ADFF
:204060001D0448BAF1000F0CD0018A2944018217E00000F81621008C062000E0062000E503
:20408000402000418A29444182BDF80000000407D50020ADF800000222694620468CF76C43
:2040A000F805F1010525F001000444BAE7BDF80000000407D50020ADF800000222694620C0
:2040C000468CF75AF8284808F1010800780444A8E72648408A60B3FFF7D4FD29E00246079A
:2040E000AB3146029843F7E0FB00280301F401C0E70D009DF81C0003D0844205D2044603AC
:20410000E0854200D205460744C0B2064440464645E8D3A54205D2E0B2029943F766FC2859
:20412000B907E0012C05D9B5EB570F02D2029843F707FC029843F70FFB012009B0BDE8F0D6
:204140008F10B5044691F7DDFB00280FD00A480078012805D15FF723FA5FF7BCFA002805E5
:20416000D0204644F747F9002800D0012010BDE5402000F8162100E00620002DE9F043C124
:20418000B00E4691461C46052B05DA04210620BCF7C4FA83F79DFA042340AA49463046915F
:2041A000F7DAFA361D241F4098C5F744FF68B140982044C5F73FFF40B123464946304640D9
:2041C0009A91F7C9FA41B0BDE8F08340982043800705D008210620BCF7A0FA83F779FA4F82
:2041E000F480780301F401B0E80D006F46002CEDD0FF2C01D8254600E045462B466A464953
:2042000046304691F7ACFA0020409905E001EB800357F820201A60401CB0EB950FF6D348B2
:20422000192E44641B4090E1E710B109B1B8F7EBBB0020704700F051B800F001B800002D66
:20424000E9F041044682F7BCFD0146204800270268521E02602760A06A1E4AA04201D117F2
:204260006009E0E36AC362E36AA06A98621068A04201D1A06A1060174E3068401C3060089B
:204280004682F7A2FD256A4FF00108606A10E082F797FDAF663168491C316082F795FDC5AE
:2042A000F884802D6F686FCEF720FA606A401E60620028ECD182F784FD3168491E316082D4
:2042C000F783FD67F772FA0020BDE8F0810000702720006C2720002C1C20000301F401A0FC
:2042E000E90D002DE9F041044682F76EFD0146204800270268521E02602760206B1E4AA027
:204300004201D1176009E0636B4363636B206B18631068A04201D1206B1060174E3068407D
:204320001C3060084682F754FDA56A4FF00108E06A10E082F749FDAF663168491C31608243
:20434000F747FDC5F884802D6F686FCEF7D2F9E06A401EE0620028ECD182F736FD31684901
:204360001E316082F735FD67F724FA0020BDE8F081000058272000542720002C1C2000701F
:20438000B5094C094D606858B900F035F8606040B100212A6882F71DF96068A060002801E3
:2043A000D02868206070BDC4D720001C22200010B5002809D03FF755F9012801D100F0FDA5
:2043C000FCBDE8104040F792BE10BD10B53FF749F901280301F40190EA0D0003D1BDE81029
:2043E0004000F0EFBC10BD10B540F7C6FF3FF73DF9012803D1BDE8104000F0FBBC10BD7012
:20440000B5394D0024286838BB38480068C00714D03848364B0021006803EB810200EB81C0
:204420000612887688D21C22F003020C322434491C02FB0644C9B20429EED32E4800682030
:2044400030844200D2044620463BF712F82860002803D00020C5E90104286870BD2DE9FC83
:20446000472148DFF89490DFF8888005680020A9F17007044638671BE0D8F800000023003D
:20448000EB840221461088C01C20F0030650880C36464305F12400CDE90006284670F7CD9C
:2044A000FF2946484671F749F835442435641CE4B2F86FA042E0DCBDE8FC8770B504460DC6
:2044C00046FFF79DFF084BD3E900010301F40180EB0D0008442188C91C21F0030261880C9E
:2044E000324A432A60596824311144596070BD182D2100FE3920009C4020000C4120001CE0
:20450000222000E8002100034803210170417006218170704700002CD4200070B505460060
:20452000F1080410484068C0061AD42078172807D00E2815D1B4F80300A0F580610B390F88
:20454000D1102021F7E0FE58B185604AF2020141602178172902D00449C16070BD0449FB08
:20456000E7002070BD0000FE392000D5C601003DC6010070B504460D4616463EF7EBFC478F
:20458000F6FC739C4201D3002070BD324629462046BDE8704043F77ABF10B504463EF7DA84
:2045A000FC2046BDE8104043F7E0BF70B5C11700EBD1614C1121F01F01451A82F70DFC4FF3
:2045C000F0E0220301F40170EC0D00012102EB8402A940C2F88011BDE8704082F705BC4FE0
:2045E000F454110028886A20F04000886206D0886A40F04000886230205EF7B0BF3020D8B0
:20460000E703EB5203B3FBF2F310B5F54CA24203D95A420A7000210CE00022A2EB13120A16
:204620007003F00F014A0801F0010303EB510141EA0211017010BD37B5EB4C9DF800009DAF
:20464000F80410084314D0D4F8200220F00800C4F82002D4F81C0220F00100C4F81C029DC9
:20466000F80400C4F804029DF80000C4F800023EBDDC4DDD4BD4F82002D4F81C12AA420207
:20468000D940F0080001E020F008009A4202D341F0010101E021F00101C4F82002C4F81C82
:2046A00012D34B01A96846FFF7ABFFD8E7D148016821F47F010160016841F40301F40160A4
:2046C000ED0D0040310160D0F8981021F47061C0F89810D0F8981041F43061C0F8981001C1
:2046E0006821F07F410160016841F060510160D0F8981021F4704140F8981F016841F43081
:20470000410160704770B5FFF7D5FF00F0DAF9BB4C0025C4F800514FF06800206060680066
:20472000F09F0040F081006060B64A29462846FFF786FF0420A061D4F8001141F00401C425
:20474000F80011C4F8FC0001212161A4F5077403E0D4F82023C4F81803D4F818235207F7C0
:20476000D404F5287444F8741CE06F40F00400E06744F8705C4FF00200A067BDE870404F46
:20478000F0010030E700F0C1B99F49086820F00100086070479C49086840F00100086070C1
:2047A000479A48416821F0020141604FF00201016041680301F40150EE0D0041F00201416D
:2047C00060704710B58C4B58B1002203E0D3F820438454521C8A42F9D310BDD3F8202340F1
:2047E0001C8842FAD310BD30B50023824C0EE0D4F82452C5F38105022DF9D110B1C4F8205F
:20480000030020CD5CC4F820535B1CDBB29342EED330BD7F48016801F008010160006800A3
:204820000701D500207047012070477249D1F82422C2F38102022AF9D1C1F8200370471051
:20484000B50446FFF7E6FF012801D0002010BD6948D0F820032070012010BD1CB50020FF8D
:20486000F7C6FE644CD4F81C03400720D5D4F8180340071CD5D4F81C0320F00400C4F81CB0
:20488000036846FFF7DCFF012828D000F006F900F0B4F918B147F2811000F081FA0420C403
:2048A000F81803D4F81C0340F004000301F40140EF0D00C4F81C03D4F81C0380072BD5D470
:2048C000F81803800727D504F54674606820F0020060604FF00200206000F0E6F800F091E5
:2048E000F9C4B213E0F5F70EF90028CDD000F0D9F89DF8001000F01FF9C6E700F0D5F801C5
:20490000A900F04EF99DF80400FFF793FF2000A4F10104E4B2F1D10120FFF76DFE1CBD1019
:20492000B50446FFF77AFF012801D0002010BD3B480068C1B221700846FFF77BFF01201044
:20494000BD324810B5016821F47F010160016841F440310160D0F8981021F47061C0F898E6
:2049600010D0F8981041F43061C0F89810016821F07F410160016841F060510160D0F898EA
:204980001021F4704140F8981F016841F4304101604FF008014FF0000082F7D7FCBDE8105A
:2049A00040B8E60301F40130F00D0070B505460C4641EA4400C7F7AAFD002D04D06000BD3F
:2049C000E87040C7F79DBD70BD70B504000D460BD0002201212846BEF752FE01220221287E
:2049E00046BEF74DFE114905E0012207212846BEF746FE00212846BEF7FCFDC4B101211795
:204A0000E0000060E3160000203500689D290000366E01100132001C223500C0C62D0020AC
:204A20002235001823350020233500D93E0D0000212846BDE87040BEF7E0BD1A4810B501B5
:204A40006821F47F010160016841F440310160016821F07F410160016841F0605140F898D2
:204A60001B016821F47F4101604FF0000211464FF00700BEF704FE4FF400110120FFF795E7
:204A8000FF0721BDE8104001209EE706490A680260D1F898104160704703490301F4012003
:204AA000F10D0002680A604068C1F89800704710013200CD4800687047CC4840687047CBBF
:204AC000480E2182F7A8B900290AD0002808D00160C1608160531E194441604282002101CA
:204AE0008270472DE9F041C04E4FF48A774FF48078D6E900451CB9384621F71DFC04464295
:204B00004604F5C8712046FFF7DEFF1DB9384621F712FC0546424605F5C8712846FFF7D32D
:204B2000FFC6E90045BDE8F041C9E7AF4910B5D1E9000408B121F7ACFC14B1204621F7A81D
:204B4000FCBDE81040BBE770B504460D46008A618A884201D1002070BD82F756F90246E0B2
:204B6000680570E0686168884201D0401C00E02068E060208A401C2082104682F749F901EE
:204B80002070BD70B506460D46408A318A1446401AA0420301F40110F20D0009DA0020706E
:204BA000BD29783046FFF7D3FF20B1641EA4B26D1C002CF5D1012070BD70B50446008A0DE1
:204BC00046002814D082F724F90246A06800782870A0686168884201D0401C00E02068A0BD
:204BE00060208A401E2082104682F716F9012070BD70B50646008A14460D46A04209D2001A
:204C00002070BD29463046FFF7D7FF20B1641EA4B26D1C002CF5D1012070BD008A704710D3
:204C2000B500280BD001467448B5F744FBBDE8104000224FF0804171483DF75BB810BD2DBD
:204C4000E9F84FDFF8ACB100276B4CDBF800004FF003080526058A8DF8007047F28219472B
:204C6000F2831A92E06946DBF80000FFF7A5FF002816D02078062813D2DFE800F0030A1684
:204C80001A57769DF80000607004280301F40100F30D007CD8012006E09DF80000A0706043
:204CA00078042802D00220207071E084F800806EE09DF80000E070F8E76078012804D00494
:204CC0002819D0022830D062E09DF800000C3021F77BFB6060E8B36188A0F809109DF8006E
:204CE00000A0816168C87210B160680B3014E06168C1F8049062E09DF800000A3021F76435
:204D0000FB606030B3A17801729DF80000A0816168487220B160680930401CA06026E027D5
:204D2000706168C1F804A049E09DF80000A0810420B9E7A0899DF8001040EA0120A081619F
:204D400078022924D10C3081B2608846F725FD606000E01CE050B1618801816168A08948C3
:204D600081A08918B160680C30A060267026700EE0607803280BD0A089401EA081A1689D76
:204D8000F800000301F401F0F30D000870A08948B1A068401CA0606D1EADB2002D7FF46A40
:204DA000AFBDE8F88F27706078012805D0022805D00428F0D1504603E0484601E047F2821C
:204DC00000616848606068FFF732FF2770E3E770B5054645F7AAFE0446082021F7B8FA0181
:204DE000000DD04D6004F1D800B5F76CFA45F79DFEBDE87040B430002201213CF782BF7012
:204E0000BD0000242D210065382100983021003892200010B545F789FE70B190F8B01001E0
:204E20002901D002290CD10023BDE810401A46194600F5887025F756BBBDE8104082F77C95
:204E4000BC10BD10B545F771FE70B190F8B010012901D002290CD13C235A22BDE81040011C
:204E60002100F5887025F73EBBBDE8104082F764BC10BD38B5044626F77EFA0301F401E00F
:204E8000F40D007148C4F8000120F751FF024604F1B4000090012304F58871002054F7C171
:204EA000F96B4826F74CF969486A490025C0E90115012126F740F9684867494160684981F1
:204EC0006026F740F984F8A551102084F8A6014FF416726349204621F785FE62480570625E
:204EE000480560BDE8384022F733BA60490A686FF30F0241F8902905281BD2DFE800F0157C
:204F0000150315150001F17C01086C40F6014240EA02000864486948F6880240EA0200486E
:204F2000614FF0BB30086004E05248C8675248C1F8100100207047002110B561F30F2040ED
:204F4000F0030004468AF760FE0121204661F30F2020F001008AF758FE002010BD86F702D6
:204F6000BFF8B504460E46C80761D004F1D8000746B5F70301F401D0F50D0027FA00250050
:204F80009057E0486847F24303C21A98421FD00CDC3C4A80181BD03B4A80181ED0A0F5DE07
:204FA00040EE3831D002280BD111E0312A0FD0412A0DD0B2F59F7F31D0A2F53C52C43A0622
:204FC000D04FF400610A20BBF7E4FB2F490EE0002204F5887026F7EDF91EE094F8A50111E5
:204FE0002808D010210A20BBF7D4FB2849B02082F7DAFB16E0002104F5887054F797FA2042
:2050000046009924F7ECFBF8BD093104F5887022F700FF009821F750FA009506E06846F4A0
:20502000F79BFD009808B121F747FA3846B5F7CDF900900100A5D1F00301D586F797FE3134
:2050400046204622F720FE31462046BDE8F84022F714BDD52400004C5020007B1A0000AFD0
:205060001C00005C952000C11900000301F401C0F60D006B120000BE212000C83120009048
:20508000003200BBB8BBB8BD3DBBB87B8FFF7F34700080302F2100302E21002DE9F0410792
:2050A000460D4645F74EFD06465D480078A8B14122FF2143202CF739FB04460830B42181F9
:2050C00070402D00DD40252A463946C01C5BF7B5FA2046BDE8F0412CF724BA482021F743E5
:2050E000F93F21044600F8081F3F2D00DD0D462A463946401C5BF7A1FA0020206047F243FE
:20510000006060384621F7DCF921463046BDE8F041002221F704BE2DE9F0470C464149800C
:205120004647F241090878F0B38A46C00737D0B4B3606804F10805A0F5E041843912D16EF0
:205140008806F1090021F70FF907463246291D09305BF773FA47F23F00786045F7F2FC39F1
:205160004621F70301E001B0F70D0084FD6168494519D17DF784F9070015D02878132812AC
:20518000D06878801D46F7C0FA6978A0F10806891C418020F8047B6A782946921C5BF751AC
:2051A000FA304621F73BFC9AF80000400700E005E004D52046BDE8F04721F786B91C4D684F
:2051C0007988B1687860B181F7DBFE19490860E878400605D5184D286810B981F7D1FE2864
:2051E00060012021F77EFD002C1BD0D8F8FC0012490968884208D3D8F8FC00104909688829
:20520000420AD26168494507D145F79FFC20B12046BDE8F04721F752BD0A480168491C010F
:2052200060C7E7BDE8F0872C2D2100BF212000981B2000C0212000C8312000D8212000D4F0
:205240002120007C31200003031F42434D34333535433120486177616969204F6C796D7060
:20526000696320284D46472900160302DA0414010FC0C62D0000C2010059013C00050000E9
:205280000D01070100090300010003050F010000001800008007001900000000020508000C
:2052A0000006010501000017030412000C000A0304803E0000030108843120000FFF2000C7
:2052C000030108883120000D000000050315001B2850FFFF3F0005031F64AEBA0A0500FFEE
:2052E000FFFFB90201AC0800003200700F000060080000700064008000000080000000ACA7
:20530000003200FFFFFF0100002F00281532000000000200000002000032000F0000000278
:205320000000009801640003000000030000007C006400FFFFFFFF0000000044066000FFE5
:20534000FFFFFF000000008C00320000F0FF0F0010110178003200FFFFFFFFB9B8B8B87C6F
:20536000003200FFFFFFFFBBB9BBB95C3720000100000000000000080060000400000004F3
:20538000000000B8004100FFFFFFFFC5DA0000E4044100FFFFFFFF0D480000EC004100FFD3
:2053A000FFFFFF0DC90000DC044100FFFFFFFF11C80000D0044100FFFFFFFF11C90000C475
:2053C000004100FFFFFFFF19490000E0044100FFFFFFFF1A470000CC044100FFFFFFFF1B84
:2053E000450000F8054100FFFFFFFF1B4A0000A0066000FFFFFFFF1F000000DC006400FF69
:20540000FFFFFF4200000064016000FFFFFFFF0000000068016000FFFFFFFF050000006C56
:20542000016000FFFFFFFF0A00000070016000FFFFFFFF0F00000074016000FFFFFFFF1444
:2054400000000078016000FFFFFFFF190000007C016000FFFFFFFF1E00000084016000FF83
:20546000FFFFFF2300000088016000FFFFFFFF2E0000008C016000FFFFFFFF2F0000009051
:20548000016000FFFFFFFF3000000098016000FFFFFFFF3100000040014100FFFFFFFF10CB
:2054A00005000050034100FFFFFFFF1005000044014100FFFFFFFF090900004C014100FF21
:2054C000FFFFFF0908000050014100FFFFFFFF0F07000054014100FFFFFFFF050800005C1F
:2054E000014100FFFFFFFF0E09000060014100FFFFFFFF0509000064014100FFFFFFFF10F9
:205500000A00009C006400FFFFFFFF2A000000A0006400FFFFFFFF7400000050066000FF32
:20552000FFFFFF6F00000054066000FFFFFFFF0300000060064100FFFF0000330300006407
:20554000064100FFFF0000293A000064064100FFFF0000293A000068064100FFFF00006882
:205560000500006C064100FFFF0000A830000070064100FFFF0000E83E000074064100FF08
:20558000FF00001C32000078064100FFFF0000BB3300007C064100FFFF0000300900009C7D
:2055A000016000FFFFFFFF0100000088044100FFFF00000004000050034100FFFF0000101C
:2055C00005000054034100FFFF0000090900005C034100FFFF00000908000060034100FFCC
:2055E000FF00000F07000064034100FFFF0000050800006C034100FFFF00000E09000074AA
:20560000034100FFFF00000509000078034100FFFF0000100A0000D8044100FFFF00003318
:2056200084000048014100FFFF00002E03000058034100FFFF00002E03000050066000FFAD
:205640000000006F0000005C0660000F00000001000000CC004100FFFF0000A3B30000D0D8
:20566000004100FFFF0000C3530000E0064100000F00000000000034074100FFFF00002104
:205680005F0000E40641003F000000290000001C064100FFFFFFFF3C40000020064100FFD7
:2056A000FFFFFF0040000024064100FFFFFFFF0040000028064100FFFFFFFF804300002CAC
:2056C000064100FFFFFFFF3C400000D4066000FFFF000054000000E0066000FFFF0000003B
:2056E0000000008C034100FFFF0000776C0000F0074100FFFF000039800000F4074100FFCF
:20570000FF000039F6000030044100007F00000004000002030BFB000801FB00080108083B
:2057200008090104020F00002203020100030106563120008007030105B8392000000301C4
:2057400010A45020001E2E802401000000000000000301056A1F2000F7F001400400000056
:2057600020153200FFFFFAFFD9033EFE2815320000007FFE341028026C0164000E0000007A
:205780000800000090016400E3000000D3000000640064000100000001000000F00140015A
:2057A00000000020153200FFFFFAFFDD033EFE2815320000007FFE3410380290016400E32D
:2057C00000000010000000900064003E0000000C000000600064000E0000000D000000F0AC
:2057E00001400200000020153200FFFFFAFFD9033EFE2815320000007FFE34102802900105
:205800006400E3000000D3000000900064003E0000003E000000600064000E00000001002B
:205820000000F001400500000020153200FFFFFAFFC00304002815320000007FFE341000DD
:20584000006C0164000E0000000C00000090016400E3000000F300000064006400010000C9
:205860000000000000F001B801030000001015320000000000F0F0F00014153200000000F9
:2058800000F0F0F0001815320000000000FF00FFFF1C153200000000004C4C00002015327A
:2058A00000FFFFFAFFDD033EFE2415320000000000000000002815320000007FFE34103802
:2058C000023415320000000000F00000003815320000000000000000005015320000000045
:2058E00000CA0600006C0164000E0000000800000090016400E30000001000000090006415
:20590000003E0000000C000000600064000E0000000D000000640064000100000001000094
:20592000000107CC0300060A233C5A6E7D0565038603A203B603B103C403E90302043404E3
:205940001004E803F203150447041A0442045E0470047C047504A504CA04D504030504055B
:20596000E404FE04E3043D05170514FF14FF14FF14FF14FF14FF640411049705C604C904D6
:205980000F050905520540055B05410537058205AA059605AF05B605EC05EA051D06B90566
:2059A000C005EC0504062806BE05BB05FB050A062D0614FF14FF14FF14FF14FF14FF0700BA
:2059C00000006000059C02FFA002FFA402FFA802FFAC02FF0000600005C802FFCC02FFD05E
:2059E00002FFD402FFD802FF00006000058803FF8C03FF9003FF9403FF9803FF0000600059
:205A0000059C03FFA003FFA403FFA803FFAC03FF00006000058003FF8403FFA006FFB4027B
:205A2000FF3807FF0000600004A406FFE806FF9806FF8007FF0000640001DC00FF38363826
:205A400035344342423F4042424242424242424242A7F61A05FA6503CC0442454444424282
:205A60005453524D4F42424242424242424242A6F51A04FA6603CC0442504D4D4C4A5F5D93
:205A80005C595A42424242424242424242A6F51F04FA6603CC054263615F5B6D69665F5ABC
:205AA0005F42424242424242424242A6F51F04FA6603CC054273716D6B6D85847F7A8041D3
:205AC000414141414141414141A6F51F05FA6724CC07428582797B7B908E89838941414138
:205AE00041414141414141A6F51F05FA6724FF07420107CC0302060A233C5A6E7D05650359
:205B00008603A203B603B103C403E903020434041004E803F203150447041A0442045E04DB
:205B200070047C047504A504CA04D50403050405E404FE04E3043D05170514FF14FF14FF2F
:205B400014FF14FF14FF640411049705C604C9040F050905520540055B0541053705820535
:205B6000AA059605AF05B605EC05EA051D06B905C005EC0504062806BE05BB05FB050A062A
:205B80002D0614FF14FF14FF14FF14FF14FF070000006000059C02FFA002FFA402FFA80267
:205BA000FFAC02FF0000600005C802FFCC02FFD002FFD402FFD802FF00006000058803FFD0
:205BC0008C03FF9003FF9403FF9803FF00006000059C03FFA003FFA403FFA803FFAC03FFD2
:205BE00000006000058003FF8403FFA006FFB402FF3807FF0000600004A406FFE806FF980E
:205C000006FF8007FF0000640001DC00FF38363835344342423F4024242424242424242420
:205C200024A7F61A05FA6503CC044345444442425453524D4F24242424242424242424A61B
:205C4000F51A04FA6603CC0443504D4D4C4A5F5D5C595A24242424242424242424A6F51F4E
:205C600004FA6603CC054363615F5B6D69665F5A5F24242424242424242424A6F51F04FAB7
:205C80006603CC054373716D6B6D85847F7A8024242424242424242424A5F41F05FA672432
:205CA000CC07438582797B7B908E89838924242424242424242424A5F41F05FA6724FF07F5
:205CC000430107CC0305060A233C5A6E7D0565038603A203B603B103C403E90302043404F8
:205CE0001004E803F203150447041A0442045E0470047C047504A504CA04D50403050405B8
:205D0000E404FE04E3043D05170514FF14FF14FF14FF14FF14FF640411049705C604C90432
:205D20000F050905520540055B05410537058205AA059605AF05B605EC05EA051D06B905C2
:205D4000C005EC0504062806BE05BB05FB050A062D0614FF14FF14FF14FF14FF14FF070016
:205D600000006000059C02FFA002FFA402FFA802FFAC02FF0000600005C802FFCC02FFD0BA
:205D800002FFD402FFD802FF00006000058803FF8C03FF9003FF9403FF9803FF00006000B5
:205DA000059C03FFA003FFA403FFA803FFAC03FF00006000058003FF8403FFA006FFB402D8
:205DC000FF3807FF0000600004A406FFE806FF9806FF8007FF0000640001DC00FF38363883
:205DE00035344342423F4043434343434343434343A7F61A05FA6503CC04424544444242D5
:205E00005453524D4F43434343434343434343A6F51A04FA6603CC0442504D4D4C4A5F5DE5
:205E20005C595A43434343434343434343A6F51F04FA6603CC054263615F5B6D69665F5A0E
:205E40005F43434343434343434343A6F51F04FA6603CC054273716D6B6D85847F7A804224
:205E6000424242424242424242A6F51F05FA6724CC07428582797B7B908E89838942424288
:205E800042424242424242A6F51F05FA6724FF07420107CC0320060A233C5A6E7D05650390
:205EA0008603A203B603B103C403E903020434041004E803F203150447041A0442045E0438
:205EC00070047C047504A504CA04D50403050405E404FE04E3043D05170514FF14FF14FF8C
:205EE00014FF14FF14FF640411049705C604C9040F050905520540055B0541053705820592
:205F0000AA059605AF05B605EC05EA051D06B905C005EC0504062806BE05BB05FB050A0686
:205F20002D0614FF14FF14FF14FF14FF14FF070000006000059C02FFA002FFA402FFA802C3
:205F4000FFAC02FF0000600005C802FFCC02FFD002FFD402FFD802FF00006000058803FF2C
:205F60008C03FF9003FF9403FF9803FF00006000059C03FFA003FFA403FFA803FFAC03FF2E
:205F800000006000058003FF8403FFA006FFB402FF3807FF0000600004A406FFE806FF986A
:205FA00006FF8007FF0000640001DC00FF38363835344342423F404242424242424242426F
:205FC00042AAF91A05FA6503CC044245444442425453524D4F42424242424242424242AA25
:205FE000F81A04FA6603CC0442504D4D4C4A5F5D5C595A42424242424242424242A7F71F7A
:2060000004FA6603CC054263615F5B6D69665F5A5F42424242424242424242A6F61F04FAE7
:206020006603CC054273716D6B6D85847F7A8042424242424242424242A6F61F05FA670381
:20604000CC07428582797B7B908E89838942424242424242424242A6F61F05FA6723FF0724
:20606000420107CC0322060A233C5A6E7D0565038603A203B603B103C403E9030204340438
:206080001004E803F203150447041A0442045E0470047C047504A504CA04D5040305040514
:2060A000E404FE04E3043D05170514FF14FF14FF14FF14FF14FF640411049705C604C9048F
:2060C0000F050905520540055B05410537058205AA059605AF05B605EC05EA051D06B9051F
:2060E000C005EC0504062806BE05BB05FB050A062D0614FF14FF14FF14FF14FF14FF070073
:2061000000006000059C02FFA002FFA402FFA802FFAC02FF0000600005C802FFCC02FFD016
:2061200002FFD402FFD802FF00006000058803FF8C03FF9003FF9403FF9803FF0000600011
:20614000059C03FFA003FFA403FFA803FFAC03FF00006000058003FF8403FFA006FFB40234
:20616000FF3807FF0000600004A406FFE806FF9806FF8007FF0000640001DC00FF383638DF
:2061800035344342423F4042424242424242424242A9FA1A05FA6503CC0443454444424234
:2061A0005453524D4F42424242424242424242AAFA1A04FA6603CC0443504D4D4C4A5F5D42
:2061C0005C595A42424242424242424242A8F91F04FA6603CC054363615F5B6D69665F5A6E
:2061E0005F42424242424242424242A7F81F04FA6603CC054373716D6B6D85847F7A804286
:20620000424242424242424242A7F81F05FA6703CC07438582797B7B908E89838942424200
:2062200042424242424242A7F81F05FA6723FF07430107CC0325060A233C5A6E7D056503E3
:206240008603A203B603B103C403E903020434041004E803F203150447041A0442045E0494
:2062600070047C047504A504CA04D50403050405E404FE04E3043D05170514FF14FF14FFE8
:2062800014FF14FF14FF640411049705C604C9040F050905520540055B05410537058205EE
:2062A000AA059605AF05B605EC05EA051D06B905C005EC0504062806BE05BB05FB050A06E3
:2062C0002D0614FF14FF14FF14FF14FF14FF070000006000059C02FFA002FFA402FFA80220
:2062E000FFAC02FF0000600005C802FFCC02FFD002FFD402FFD802FF00006000058803FF89
:206300008C03FF9003FF9403FF9803FF00006000059C03FFA003FFA403FFA803FFAC03FF8A
:2063200000006000058003FF8403FFA006FFB402FF3807FF0000600004A406FFE806FF98C6
:2063400006FF8007FF0000640001DC00FF38363835344342423F40434343434343434343C2
:2063600043AAF91A05FA6503CC044245444442425453524D4F43434343434343434343AA76
:20638000F81A04FA6603CC0442504D4D4C4A5F5D5C595A43434343434343434343A7F71FCC
:2063A00004FA6603CC054263615F5B6D69665F5A5F43434343434343434343A6F61F04FA3A
:2063C0006603CC054273716D6B6D85847F7A8043434343434343434343A6F61F05FA6703D4
:2063E000CC07428582797B7B908E89838943434343434343434343A6F61F05FA6723FF0777
:206400004202077F00060565038603A203B603B103C403E903020434041004E803F20315AA
:206420000447041A0442045E0470047C047504A504CA04D50403050405E404FE04E3043D6B
:2064400005170514FF14FF14FF14FF14FF14FF010000006000059C02FFA002FFA402FFA8B8
:2064600002FFAC02FF38363835344544444242504D4D4C4A63615F5B5C73716D6B6D858284
:20648000797B7B02077F02060565038603A203B603B103C403E903020434041004E803F213
:2064A00003150447041A0442045E0470047C047504A504CA04D50403050405E404FE04E314
:2064C000043D05170514FF14FF14FF14FF14FF14FF010000006000059C02FFA002FFA4029E
:2064E000FFA802FFAC02FF38363835344544444242504D4D4C4A63615F5B5C73716D6B6D64
:206500008582797B7B02077F05060565038603A203B603B103C403E903020434041004E87D
:2065200003F203150447041A0442045E0470047C047504A504CA04D50403050405E404FE85
:2065400004E3043D05170514FF14FF14FF14FF14FF14FF010000006000059C02FFA002FFDC
:20656000A402FFA802FFAC02FF38363835344544444242504D4D4C4A63615F5B5C73716D15
:206580006B6D8582797B7B0007041F0000000301D2018A35200001004A0012580200C2272D
:2065A00080EC00000000000000001000C2276FEC00000000000000001A00C2277EEC0000AE
:2065C0000000000000002D00802771EC0000000000000000410051274DEC00000000000098
:2065E0000000500021274DEC000000000000000080000000000000000000000000008000CA
:20660000000000000000000000000000F4F9E7FC00000003EE05F008F30BE10E9101C6EF88
:2066200015F51FFA0000CA05210C000031FF79FE9AFD7BFC22FBC8F92CF858F688F467F261
:2066400034F0A9F762FB0000C0028F054208330BFA0DE9FF03F87BFB0000C702A6055E0801
:206660005C0B260E0301C4018C0A200009098080242408080A0A8080282808080B0B80800C
:206680002C2C08080C0C8080303008080D0D8080343408085A5A8080383808086262808080
:2066A0006C6C0909636380808C8C090964648080909009099C9C808094940909ABAB80803E
:2066C00058580A0ADBDB808078780A0AE3E3808054540B0BEBEB808074740B0BF3F38080FE
:2066E00094940B0BF4F4808098980B0BF5F58080B8B80B0BD3D30000D8D80B0BD4D40000AA
:2067000050500303D5D5000070700303E4E4000074740303ECEC0000FCFC0303F4F40000CF
:2067200098980303F4F40000989803030301644C0B2000C080000BC080000BC080000BC085
:2067400080000BC080000BC080000BC080000BC080000BC180040BC280080BC3800C0BCBB8
:20676000802C0BCC80300BCD80340BD480500BDC80700BE480900BE580940BED80B40BF5A5
:2067800080D40BFD80F40BFE80F80BFF80FC0BFF80FC0B03013A0C0C200001000001000019
:2067A0000500000D00001D00000E00001E00003E00000F00001F00003F00007F0000FF0055
:2067C00000FF0000FF0000FF0000FF0000FF000003072A050000000D000000140A00040056
:2067E00000000000000A00FE0BE4FE1C01E4FE1C010A00FE0BF1FF0F00F1FF0F000F03283D
:206800000278147F5A001402141E000203001EAA331905CF00800A9200000000070000A217
:206820000000000000000000030105EE24200001030105EF2420000003010E8C26200009F3
:2068400000081018283840484E03017810652000078000070005090D1115191D0005090DA1
:206860001115191D00000000000000000B0602FEFAF6F2EE0702FEFAF6F2EEEA0B0B0B0BEE
:206880000B0B0B0B0000000000000000000000000000000000000000000000003818A500D7
:2068A000000000000000000000000000000000007818A100000000000000000000000000A7
:2068C000000000000301781066200007800107090E0005090D11150C0F0005090D11150063
:2068E00000000000000000110D080400FCF8F40A0704FFFBF7F3EF0808080808080808015D
:2069000001000000000000010100000000000000000000000000003818A50000000000007F
:2069200000000000000000000000007818A100000000000000000000000000000000000323
:2069400001ED0350542000056F54575043494D4E4F86686C61555B626467987F8272676F24
:20696000777984987F8272676F7779849D91907E77808687A0B2A4A58E8A8F97A2C85B462A
:2069800049453A3E424444705C5F5B4D53595C5D7F6D70685C646B6C707F6D70685C646B35
:2069A0006C707F7070685E656B6C787F7070685E656B6C786F54575043494D4E4F86686C0F
:2069C00061555B626467987F8272676F777984987F8272676F7779849D91907E778086878F
:2069E000A0B2A4A58E8A8F97A2C8A56F54575043494D4E4F86686C61555B626467987F829E
:206A000072676F777984987F8272676F7779849D91907E77808687A0B2A4A58E8A8F97A2AA
:206A2000C85B4649453A3E424444705C5F5B4D53595C5D7F6D70685C646B6C707F6D706856
:206A40005C646B6C707F7070685E656B6C787F7070685E656B6C786F54575043494D4E4F9D
:206A600086686C61555B626467987F8272676F777984987F8272676F7779849D91907E7721
:206A8000808687A0B2A4A58E8A8F97A2C8A1231F1E1D1E1D2022222A2625252526272C2E03
:206AA000342F2E2F2F3033393B403B3A3B3A3D41484C4B45454643454850555B5554554F9C
:206AC0005356636D221F1F1C1E1F2022252B27262727282B2E30363131303133353B3E418B
:206AE0003E3D3B3E3F43494D474443414244484E5351524F4D4E50525B61231F1E1D1E1D69
:206B00002022222A2625252526272C2E342F2E2F2F3033393B403B3A3B3A3D41484C4B4519
:206B2000454643454850555B5554554F5356636D0301ED0336352100056258504B4F4B4977
:206B40004F57766A5E5B615C5C646B988576748376798D9D988576748376798D9D9B8A7E25
:206B60007D887E8599AFA8978889978C96ADCA524A443E4040404247665F56525755555A16
:206B80005F7B7267656B676871797B7267656B676871797B7267656B676871797B72676546
:206BA0006B676871796258504B4F4B494F57766A5E5B615C5C646B988576748376798D9DAF
:206BC000988576748376798D9D9B8A7E7D887E8599AFA8978889978C96ADCAA56258504BA5
:206BE0004F4B494F57766A5E5B615C5C646B988576748376798D9D988576748376798D9D45
:206C00009B8A7E7D887E8599AFA8978889978C96ADCA524A443E4040404247665F565257D6
:206C200055555A5F7B7267656B676871797B7267656B676871797B7267656B676871797BDF
:206C40007267656B676871796258504B4F4B494F57766A5E5B615C5C646B98857674837673
:206C6000798D9D988576748376798D9D9B8A7E7D887E8599AFA8978889978C96ADCAA12397
:206C80001F221F20222322252A2826272927292E3036312F313432363C40433C3A3E3F3D20
:206CA00044494F4D47464A4B4A5159625B5352585857616C76212020211F1F2225272C2966
:206CC00027282C2A2D31343834313338363A4144443E3C3F4442464E534C4745484C4A510F
:206CE000596159534E565755606C71231F221F20222322252A2826272927292E3036312F66
:206D0000313432363C40433C3A3E3F3D44494F4D47464A4B4A5159625B5352585857616C42
:206D2000760301065C3520000000030105583520000003010559352000FF03010552282112
:206D4000000003010553282100000301055428210001030105552821000103010556282197
:206D60000001030134482921001258FFFF164006400E4016401E4026402E4036403E40FF7B
:206D8000FFFFFFFFFFFFFFFFFFFFFFFFFFFFFFFFFF020001001AE01A600301C401882821F3
:206DA000001058115812581358145815581658175802580A5812581A5822582A5832583A1F
:206DC000585258126012681218FFFFFFFFFFFFFFFF1258925812599259125A925A125B92A2
:206DE0005B125C925C125D925D124812501258124012D8FFFFFFFFFFFFFFFFFFFFFFFFFF29
:206E0000FFFFFFFFFFFFFFFFFFFFFFFFFFFFFFFFFFFFFFFFFFFFFFFFFFFFFFFFFFFFFFFF92
:206E2000FFFFFFFFFFFFFFFFFFFFFFFFFFFFFFFFFFFFFFFFFFFFFFFFFFFFFFFFFFFFFFFF72
:206E4000FFFFFFFFFFFFFFFFFFFFFFFFFFFFFFFFFFFFFFFFFFFFFFFFFFFFFFFFFFFFFFFF52
:206E6000FF03011C78292100E2DFDCD9D6D3D0CECCCAC8C6C4C2C0BEBCBAB8B6B4B29C97CF
:206E800003010A7635200000000000000003010A6A35200000000000000003011458362086
:206EA00000CBFFCBFFCBFFCBFFCBFFCAFFCAFFCAFF0301148C34210000000000000000008C
:206EC00000000000000000000301149C3421000000000000000000000000000000000003A6
:206EE000011468362000D3FFD4FFD4FFD2FFD2FFD2FFD2FFD2FF03010C82352000000E1825
:206F00002B3F4EFFFF0301055A352000010301053C282100CE0301053D282100FF0301050F
:206F200041282100F103010542282100B5030105402821000A0301054D2821000303010546
:206F40004C282100020301055128210000030106182721005C0003010506252000010301D8
:206F60007C102E200000000000000000000000000000000000000000000000000000000037
:206F80000000000000000000000000000041004E00FFFF000063007900FFFF000041004EFB
:206FA00000A900B80063007900000116010000000000000000C700F300FFFF0000C700F30A
:206FC00000FE012B0200000000000000002A016E01FFFF00002A016E010103430303010500
:206FE000B436200001030164FA36200086645349423C3632675D554F49443F3B9C7461562C
:207000004D46403B776C635C564F4A45B58771645A524B458B7E746C645D5751D6A086777A
:207020006B625A52A5958A80776F6861EFB39685786E655DB8A79A90857C746DFFC9A9960D
:20704000877C7269CFBCAEA2968C837A0301645A37200086645349423C3632675D554F4922
:20706000443F3B9C7461564D46403B776C635C564F4A45B58771645A524B458B7E746C640D
:207080005D5751D6A086776B625A52A5958A80776F6861EFB39685786E655DB8A79A908599
:2070A0007C746DFFC9A996877C7269CFBCAEA2968C837A030164BA37200086645349423C17
:2070C0003632675D554F49443F3B9C7461564D46403B776C635C564F4A45B58771645A5271
:2070E0004B458B7E746C645D5751D6A086776B625A52A5958A80776F6861EFB39685786E2C
:20710000655DB8A79A90857C746DFFC9A996877C7269CFBCAEA2968C837A0301641A382089
:207120000086645349423C3632675D554F49443F3B9C7461564D46403B776C635C564F4A0E
:2071400045B58771645A524B458B7E746C645D5751D6A086776B625A52A5958A80776F68CD
:2071600061EFB39685786E655DB8A79A90857C746DFFC9A996877C7269CFBCAEA2968C8379
:207180007A0301647A3820002E221D1916141312201E1B19171613123F2F28231F1D1B1979
:2071A0002C2A2623211F1C19554137312C2926243D3A35312E2B272473594B433D39353266
:2071C000534F49433F3B363296746359504B46436D685F59534E4843C69983766B645E591E
:2071E000908A7F766F696059030164DA3820002E221D1916141312201E1B19171613123F7D
:207200002F28231F1D1B192C2A2623211F1C19554137312C2926243D3A35312E2B272473DF
:20722000594B433D393532534F49433F3B363296746359504B46436D685F59534E4843C611
:207240009983766B645E59908A7F766F6960590301143A39200002020202020202020707AD
:207260000707070707070301144A39200002020202020202020707070707070707030114C9
:207280005A39200008080808080808080D0D0D0D0D0D0D0D030114733920000000000000AF
:2072A000000000050505050505050503011483392000000000000000000005050505050594
:2072C00005050301149339200008080808080808080D0D0D0D0D0D0D0D030164F029210056
:2072E0007E605148403A35305F565049433E3A3692705E544B443E396F645D564F49443F9E
:20730000AA826E625850494381756D645C55504AC99A8375695F5750998B82776E655F58BA
:20732000E1AD9283766B625AAB9C91857B726B63FDC2A59385796F66C1AFA3968A8079708F
:20734000030164502A21007E605148403A35305F565049433E3A3692705E544B443E396F6C
:20736000645D564F49443FAA826E625850494381756D645C55504AC99A8375695F57509936
:207380008B82776E655F58E1AD9283766B625AAB9C91857B726B63FDC2A59385796F66C1FC
:2073A000AFA3968A807970030164B02A21007E605148403A35305F565049433E3A369270F8
:2073C0005E544B443E396F645D564F49443FAA826E625850494381756D645C55504AC99AAF
:2073E0008375695F5750998B82776E655F58E1AD9283766B625AAB9C91857B726B63FDC268
:20740000A59385796F66C1AFA3968A807970030164102B21007E605148403A35305F5650A6
:2074200049433E3A3692705E544B443E396F645D564F49443FAA826E625850494381756D24
:20744000645C55504AC99A8375695F5750998B82776E655F58E1AD9283766B625AAB9C91F4
:20746000857B726B63FDC2A59385796F66C1AFA3968A807970030164702B21002B1B1613D3
:2074800011100E0D1817141311100F0D3D27211C1A18161424221F1C1B19171550342C2669
:2074A00023211E1C302D292624221F1D6D483D35312F2B28433F393533302C29895B4E4428
:2074C0003F3C3733544F4944413D3835B97C6A5D56524B47736C635D58544E49030164D05C
:2074E0002B21002B1B161311100E0D1817141311100F0D3D27211C1A18161424221F1C1B69
:2075000019171550342C2623211E1C302D292624221F1D6D483D35312F2B28433F393533A7
:20752000302C29895B4E443F3C3733544F4944413D3835B97C6A5D56524B47736C635D5823
:20754000544E4904030C1401140014141A660A150000030113B826200003030202B0080F57
:2075600032020C030000040010010F00A86A050079F02ABC000000030D0010010F01F465B4
:20758000050079F089BE00000A030D0010010F02DC6F050000BF00BF00000000000010011B
:2075A0000F03EC6005007AF011B9000012030D0010010F04945F05007AF01EBD0000D409D4
:2075C0000D0010010F05D8200A002EF040BD00005C0B0D0010010F06DCB70A0025F050BA06
:2075E0000000800C0D0010010F075CB6040084F05EBE00001C030D0010010F08A0CA040063
:2076000084F05FBA0000620F0D0010010F09D0C3040085F05BB800008A140D0010010F0A42
:2076200058C6040085F05AB8000010170D0010010F0B08280000CFF076B80000F8180D0008
:2076400010010F0C98280000CDF044BD000024030D0010010F0D94160A002EF04ABE000045
:207660002C030D0010010F0E2C0B0100BFF002BC000034030D0010010F0FF00D0100BFF0DB
:20768000A4BA00003C030D0010010F103C380A002EF080BA0000401D0D0010010F11045447
:2076A00005007CF0EEBC0000E41D0D0010010F12FCF8050072F061BD0000C2230D001001F3
:2076C0000F1304D9050074F092BE00002C260D00060104462A0D0010010F14ECF60500737D
:2076E000F0C1B90000722A0D0010010F1580EA050071F060BC000044030D0010010F16D4F8
:20770000EC050071F03BBB00004E030D0010010F17082D0A0030F054BA0000B4310D000627
:207720000104BC310D0010010F18B4060A0032F098BD0000E8310D0010010F19E89B0200F3
:20774000A9F070BB0000CC320D0010010F1A28A90200A5F016BD000058030D0010010F1B42
:20776000780705007FF0F2BD000060030D0010010F1CC00905007FF0D1BC000066030D007B
:2077800010010F1DDC700A0029F048B9000070030D0010010F1ECC8F0A0027F0D4B9000075
:2077A00078030D0010010F1F04A6040085F0BCBE000080030D0010010F20D0F9080040F094
:2077C000DABC000088030D0010010F21A08B0A002BF082BD0000A8460D0010010F227CAA48
:2077E000050075F088BC000090030D0010010F2354AB050079F0A3BE00009E480D00100126
:207800000F24ACAB050079F09FBE0000EE480D0010010F25A416070063F0EEB90000844A02
:207820000D0010010F26CC06070064F071BA0000B24B0D0010010F27B413070063F01ABE53
:207840000000EC4F0D0010010F284805070064F092BE000070520D0010010F298C220100D9
:20786000BEF084B8000098030D0010010F2AFC210100C3F097B800002E530D0010010F2B33
:20788000945006006BF084B90000A0030D0010010F2C084A06006BF0CEBC0000A8030D0075
:2078A00010010F2D145806006AF0CCBD0000B0030D0010010F2EC45806006FF014BF0000C4
:2078C000F0560D0010010F2FBC52060070F030BA000020570D0010010F3048200B001EF053
:2078E000B4B90000B4030D0010010F3170AD06006AF04EBD000010580D0010010F3270C285
:207900000200A4F0A4B80000BC030D0010010F33ECC10200A4F0EAB80000C4030D0010018C
:207920000F342CC80200A3F0CEBD0000CC030D0010010F35C0C40200A3F088BF0000D40388
:207940000D0010010F36CC570200AAF006BE0000DC030D0010010F37688207005DF0A0BD63
:207960000000AC5D0D0010010F384061070060F004B900004C630D0010010F393CBE0900CC
:2079800034F0D2BA0000E4030D0010010F3A781E090044F0C6BE0000086C0D0010010F3BB6
:2079A000C01E090044F0C6BE0000506C0D0010010F3C50C40000C3F0D0BF0000F4030D00A9
:2079C00010010F3D78D10A0029F0E0BE00003C6F0D0010010F3E887409003FF00EBE00002A
:2079E000A8700D0010010F3F98F10200A7F0B4BF000004710D0010010F4090F70200A0F073
:207A000034BE0000FC030D0010010F41DCFB0200A7F03BBC000056740D0010010F425CCB40
:207A200005007AF020BD0000A0750D0010010F4368C905007AF058BE00001C760D0010010F
:207A40000F44A0C905007AF05CBE00005C760D0010010F4548D3050073F05CB800000404FE
:207A60000D0010010F46BCB3060065F026B800000C040D0010010F47E4B8060064F096BD1E
:207A8000000014040D0010010F48C05D08004AF02CBB00001C040D0010010F492C6C0200E3
:207AA000B0F04ABE0000C4780D0010010F4A886C0200B0F04CBE000024790D0010010F4BB6
:207AC000F4C6060063F096BE000024040D0010010F4CBCC706006BF023BA0000067C0D004E
:207AE00010010F4D484903009BF070BD00002C040D0010010F4EE0240300A5F0EEBC0000DC
:207B0000C07E0D000601048C880D0010010F4F1C1403009FF00AB8000034040D0010010F96
:207B20005044160300A7F06EB9000024890D0010010F5184B609003DF0B6B90000F4890D46
:207B40000010010F52B8DF0000C2F040BA00003C040D0010010F534CE40000CAF08ABC0080
:207B600000648D0D0010010F54B4DD0000C2F047BB000046040D0010010F5518DB0000C2CD
:207B8000F099BC00004E040D0006010404920D0010010F56FC5903009AF02CBD00005804F6
:207BA0000D0006010490920D00060104AC920D00060104C8920D0010010F5770860300A1A5
:207BC000F055B800001E970D0010010F58CC87030097F048BE000060040D00060104D89B9C
:207BE0000D0010010F5928550200AAF09EBF000068040D0010010F5A10FA090030F02EBD78
:207C0000000070040D0006010436A30D0010010F5BA0C803009EF09EBE0000E0B50D001070
:207C2000010F5C1092040092F01CBD00004CBC0D0010010F5DA07C040088F0EABB00007890
:207C4000040D0010010F5EB481040093F0BCBE000030BF0D0010010F5FF09D040092F015BC
:207C6000B900001EC00D0010010F604085040087F09DBF00007E040D0010010F617C810433
:207C80000094F02BB80000D6C10D0010010F626486040093F0D9BD00001AC20D0010010F47
:207CA00063FCC6030093F0C4BE000088040D0010010F64C8B0090035F0E2B9000090040D98
:207CC0000010010F6578B1090041F01ABC0000B0C90D0010010F66B0B4090041F0A9BB00D8
:207CE0000006CC0D0010010F67F02E05007DF0D2BA000098040D0010010F68782D05008A9D
:207D0000F056B8000028CE0D0010010F69B846050088F010BC0000DCCE0D0010010F6ACC85
:207D20003C05007CF0E8BB0000A0040D0010010F6B903205007DF00AB90000A8040D0010F7
:207D4000010F6C2C42050089F098B8000060D30D0010010F6D8C2206007BF030B90000F0A6
:207D6000D40D0010010F6EF0EE0200AEF05EBB0000B0D50D0010010F6F14EB0200AEF0AD90
:207D8000BE000072D80D0010010F7074DA09003FF066BF000044D90D0010010F71D8DA091D
:207DA0000032F0ECBC0000B4040D0010010F7284DB090032F099BC0000BA040D0010010FD8
:207DC00073CCDB090032F078BC0000C0040D0010010F740C1B0B002BF0E4BF0000D8DA0D16
:207DE000000601049EDC0D0010010F7508540000D8F0B6BE000078E10D0010010F76ACDD3F
:207E0000030092F08ABB0000C4040D0010010F773C2B0200ADF0C6BC0000CC040D001001B6
:207E20000F7844270200BBF0DFBE000006E50D0010010F7964240200AEF036B80000D40487
:207E40000D0010010F7A182C0200BBF0F9BD00000EE80D0010010F7BD84C0000CBF002BC99
:207E60000000E0040D0010010F7C00010000E9040D0000000000000010010F7D5C59000028
:207E8000D8F0C7BF0000EEE80D0010010F7E5C310100CBF06EBC00003CEA0D0010010F7FCE
:207EA000D8FB04008EF0CABF000070EB0D0010010F80B04F0300A9F000BE0000B4EB0D00D7
:207EC00010010F81501206006FF052B90000F8040D0010010F823CC80100B3F066BE0000B8
:207EE0000C050D0010010F8340C80100B3F076BE000030050D0010010F842CC50100B4F065
:207F000005B800003A050D0010010F8544D60100C1F0ECBA000020EC0D0010010F86A8D604
:207F20000100B2F04ABF000040050D0010010F87A4250000DCF098BF0000D8F40D001001C6
:207F40000F889CA3060066F0D4B8000048050D0010010F8970A3060075F010B9000094F590
:207F60000D0010010F8AD4240000DDF073B80000BEF50D0010010F8B04BA070063F070BEA9
:207F80000000E8F60D0010010F8C6C130000DEF0FAB9000064F70D00FE0000FFFFFFFFFFE9
