:02000004FF00FB
:204000004252434D6366674400000000638502000301F401B4F1210000000000000000005F
:204020004F92080000000000000000000F420B00A191080000000000000000000000000001
:20404000AD91080000000000000000004F420B00B99108000000000000000000000000002C
:2040600000000000000000000000000000000000651E240000000000000000000000000099
:20408000871E24000000000000000000000000000000000000000000BD5E0600411C1000C9
:2040A0002730100000000000B71C100000000000E12510009F2B1000A32810009B670600E3
:2040C000AB58060000000000131BEA2A2636DE3EFD45034C3A51D455F159AA5D1161316480
:2040E0001667C8694D6CAC6EE77004730575ED76BE787A7A247CBC7D447FBE802A828883D9
:20410000DB842386618795880301F401A4F22100BF89E18AFB8B0D8D178E1B8F18900F9178
:204120000092EC92D193B2948E95659638970698D0989699589A169BD19B899C3D9DEE9D0A
:204140009C9E479FEF9F94A037A1D7A174A20FA3A8A33EA4D3A465A5F4A582A60EA798A702
:2041600020A8A6A82BA9AEA92FAAAEAA2CABA8AB23AC9CAC14AD8AADFFAD73AEE5AE56AF2F
:20418000C6AF34B0A1B00DB178B1E2B14BB2B3B219B37FB3E3B347B4A9B40BB56BB5CBB54D
:2041A0002AB688B6E5B641B79CB7F7B750B8A9B801B959B9AFB905BA5ABAAFBA02BB55BBA7
:2041C000A8BBF9BB4ABC9BBCEABC39BD88BDD6BD23BE6FBEBCBE07BF52BF9CBFE6BF2FC0A9
:2041E00078C0C0C008C14FC196C1DCC122C267C2ACC2F0C234C377C3BAC3FCC33EC480C45A
:204200000301F40194F32100C1C402C542C582C5C1C501C63FC67EC6BBC6F9C636C773C756
:20422000AFC7EBC727C862C89DC8D8C812C94CC986C9BFC9F8C931CA69CAA1CAD9CA10CB99
:2042400048CB7ECBB5CBEBCB21CC57CC8CCCC1CCF6CC2ACD5ECD92CDC6CDF9CD2DCE60CE12
:2042600092CEC5CEF7CE29CF5ACF8CCFBDCFEECF1ED04FD07FD0AFD0DFD00ED13DD16CD10D
:204280009BD1CAD1F8D126D254D282D2B0D2DDD20AD337D364D391D3BDD3E9D315D441D4DF
:2042A0006CD498D4C3D4EED419D543D56ED598D5C2D5ECD516D63FD669D692D6BBD6E4D6F8
:2042C0000DD735D75ED786D7AED7D6D7FED725D84DD874D8010000070005090D1115191D68
:2042E0000005090D1115191D00000000000000000B0602FEF6F2F0EE0301F40184F42100DE
:204300000702FEFAF6F2EEEA0B0602FEF6F2F0EE0000000000000000000000000000000005
:2043200000000000000000000509A500000000000000000000000000000000002509A500F7
:2043400000000000000000000000000000000000000000000000000000000000000000005D
:2043600000000000000000000000000000000000000000000000000000000000000000003D
:2043800000000000000000000000000000000000000000000000000000000000000000001D
:2043A0000000000000000000000000000000000000000000000000000000000000000000FD
:2043C00000000000000000000000000000000000000000000000000000000000E53D1000AB
:2043E0000D000600053E1000040006001D3E10000301F40174F521000400060005422500E9
:20440000FE0000001D0100000000000000000000000000003F000100000000000000000040
:2044200000000000DB000001000000000000000000000000AF0000000100000000000000F0
:2044400000000000390000000001000000000000000000009102000000000100000000008E
:2044600000000000950000000000000100000000000000001B00000000000000010000008A
:204480000000000009060000000000000001000000000000150200000000000000000100F4
:2044A000000000003B010000000000000000000100000000DD0000000000000000000000E2
:2044C000010000009D0400000000000000000000000100004F0100000000000000000000E9
:2044E00000000100E70000000301F40164F621000000000000000000000000018FB06CBFF5
:204500009B8B92CFD418D2ABA075E200EFEFF6CF58C2187FB359763DF6E301008B8019198A
:204520005A0A03B13A6C6CF6BE010000D96A73D37F4617DE6999B86A0100000047527155D5
:20454000EC50DA91320663010000000011834654C06CAA52932C00000000000073A0F37984
:20456000E2FCFFF7B3000000000000002580ECC75B81ABA100000000000000004DB0D8114E
:2045800080C902000000000000000000BBA4F9248E0500000000000000000000D72460A7BF
:2045A0000C0000000000000000000000B9269C1C000000000000000000000000E3D9260076
:2045C000000000000000000000000000774300000000000000000000000000008900000098
:2045E0000301F40154F7210000000000000000000000000000000000000000000000000056
:20460000000000000000000001020000000000000000000000000000D0D1000000000000F6
:2046200000000000D79808000200000000000000000000009F1F240000000000000000001F
:2046400000000000CF1E2400020000000000000000000000CF1E240000000000E5410B0005
:20466000F7410B00B51D240000000000E8092200080100004E4CE802FFFFFFFF0000000065
:204680005A005A000000000000000000000000000000000000000000000000000000000066
:2046A000010000000000000000000000000000000000000000000000356324003563240081
:2046C0000000000000000000436224000000000000000000436324000301F40144F82100F1
:2046E0001B64240000000000436224000000000055622400000000001B64240000000000D0
:2047000043622400000000005562240000000000000000005964240043622400000000004B
:20472000556224006D642400000000000000000043622400000000008D66240071642400D0
:2047400000000000000000000000000000000100430053000000000066007F0000000000DD
:2047600043005300AA00BB0066007F0002011B01CC00FD00000000003401800100000000BB
:20478000CC00FF0005023702350180010903550300000000000000000000000000000000F3
:2047A0000000000000000000000000000000000000000000000000000000000000000000F9
:2047C000000000000000000000000000000000000301F40134F92100000000000000000092
:2047E0000000000000000000000000000000000000000000000000000000000000000000B9
:204800000000000000000000FFFFFFFFFFFFFFFFFFFFFFFFFFFFFFFFFFFFFFFF00000000AC
:20482000000000000000000000000000000000000000000000000000000000000000000078
:204840000000000040420F0073990D00D81E0C006ACD0A00ADA00900A5940800C3A5070065
:20486000DCD006001B130600FD69050044D30400EE4C040035D50300806A0300660B030020
:20488000A4B60200196B0200C6270200C5EB01004AB60100DFEFBF004000000000010100C6
:2048A00088632000CC28200000000000803E0000000000000000000000000000000000001B
:2048C00000000000000000000301F40124FA210000000000000000000000000000000000A0
:2048E0001700191318141A1501021200580200000400040000000000200000000000000083
:2049000000000000000201030101010101000100FFFFFFFFFFFFFFFFFFFFFFFFFFFFFFFF9B
:20492000FFFFFFFFFFFFFFFFFFFFFFFFFFFFFFFFFFFFFFFFFFFFFFFFFFFFFFFFFFFFFFFF97
:20494000FFFFFFFFFFFFFFFFFFFFFFFFFFFFFFFFFFFFFFFFFFFFFFFFFFFFFFFFFFFFFFFF77
:20496000FFFFFFFFFFFFFFFFFFFFFFFFFFFFFFFFFFFFFFFFFFFFFFFFFFFFFFFFFFFFFFFF57
:20498000FFFFFFFFFFFFFFFFFFFFFFFFFFFFFFFFFFFFFFFFFFFFFFFFFFFFFFFFFFFFFFFF37
:2049A000FFFFFFFFFFFFFFFFFFFFFFFFFFFFFFFFFFFFFFFFFFFFFFFFFFFFFFFFFFFFFFFF17
:2049C0000301F40114FB2100FFFFFFFFFFFFFFFFFFFFFFFFFFFFFFFFFFFFFFFFFFFFFFFFC6
:2049E000FFFFFFFFFFFFFFFFFFFFFFFFFFFFFFFFFFFFFFFFFFFFFFFFFFFFFFFFFFFFFFFFD7
:204A0000FFFFFFFFFFFFFFFF0BFF0000FF00D6FF00000A00ECB50000FF00C00A0005040142
:204A20000001DD00000000000000000000000000000000001E001C000E0000000000000050
:204A4000800902000000000000000000000000000000000000000000E2DFDCD9D6D3D0CE0E
:204A6000CCCAC8C6C4C2C0BEBCBAB8B6B4B29C970000000000000000000000000000000091
:204A8000000000000000000000002101050100010801000000010532001401050001010888
:204AA000000100040000020000000000000000FF00000000000000000301F40104FC2100D6
:204AC0000008080800000000000000000000000000000000180360001C0360002003600041
:204AE00024036000B0036000B4036000B8036000BC0360004A4A4A4A5757575766666666AF
:204B000079797979878787879D9D9D9D414141414D4D4D4D5D5D5D5D707070707B7B7B7BC9
:204B20008C8C8C8C180360001C03600020036000240360004A4A4A4A575757576666666625
:204B400079797979878787879D9D9D9D0000000000000000060102003200005F040C000037
:204B60000C0601000000010000000050010000000000000000000100FF00010500000000CA
:204B8000C0010003600033FF000000000000000100000000000000000000000000000000BE
:204BA000000000000000000000000000000000000301F401F4FC21000000000000000000EB
:204BC0000000000000000000E8C9000061500000B732000049280000E8230000E521000008
:204BE000EF200000772000003B2000001E2000000F20000007200000D8C4A60A04000800C8
:204C000004001400000203000000000034FD2100000000000000000000000000000000FF26
:204C20007818F8983818B898000000000100010001000000000000000000000000000000B1
:204C4000000000000000000004070C12180000000000000000000000000000000000000013
:204C600000000000000000000000000000000000000000A54442454441403F3F3F4F4C4F58
:204C80004E4C4B4A4A4A5B595B5B59575555566B696A696A676567677975777577737375E0
:204CA000758A8888868684840301F401E4FD210084854B484C4A47464444445A565A585594
:204CC000545252536864686664636262637C787C7A78767474768D898B8B8987858587A25C
:204CE0009FA1A1A19D9B9B9F4442454441403F3F3F4F4C4F4E4C4B4A4A4A5B595B5B5957AC
:204D00005555566B696A696A676567677975777577737375758A8888868684848485A55219
:204D200052525252525252526060606060606060606F6F6F6F6F6E6E6E6E7B7B7B7B7B7BBE
:204D40007B7B7B8A8A8A8A8A8A8A8A8A909090909090909090575757575757575757626225
:204D6000606060606060606F6F6F6F6E6E6E6E6E7A7A7A7A7A7A7A7A7A82828282828282D9
:204D800082828D8D8D8D8D8D8D8D8D5252525252525252526060606060606060606F6F6F8B
:204DA0000301F401D4FE21006F6F6E6E6E6E7B7B7B7B7B7B7B7B7B8A8A8A8A8A8A8A8A8A44
:204DC000909090909090909090A556565656545454545466666666656565656575757575BD
:204DE00074737373737F7F7F7F7E7E7E7E7E8E8E8E8E8E8E8E8E8E939393939393939393D8
:204E00005858585857575757576767676666666666667777777675757575757E7E7E7D7D4E
:204E20007D7D7D7D8D8D8D8D8D8D8D8D8D93939393939393939356565656545454545466FC
:204E400066666665656565657575757574737373737F7F7F7F7E7E7E7E7E8E8E8E8E8E8E4D
:204E60008E8E8E93939393939393939309000A131D28313A444E0000640160006801600067
:204E80006C0160007001600074016000780160007C016000840160000301F401C4FF210027
:204EA00004060305109000000000000001000000000000000000000000000000000000003F
:204EC0000000000000000000000000000000000000000000000000000000000000000000D2
:204EE0000000000000000000000000000000000000005F4A3E342D28232034302D282623FD
:204F0000211F7F604E4138322D28413C38322F2D2A28A1785F50443D3731504A443D3A3752
:204F20003331E39D7A64564B433E645C564B4743413EFEB488705F53494270685F534D491C
:204F40004542FFFBB18C76665A508C847666605A55502D2A272522201E1C23211F1D1B19EF
:204F600018173935312E2B2826242C29272523211F1D49443F3A3734312F3835322F2D2B80
:204F800028255F59514C47433F3C4844403D3A370301F401B400220034316C686057504E93
:204FA0004845534F4B47433F3C38847E726A615C5752645E5A52504A47435F4A3E342D28F4
:204FC000232034302D282623211F7F604E4138322D28413C38322F2D2A28A1785F50443D41
:204FE0003731504A443D3A373331E39D7A64564B433E645C564B4743413EFEB488705F5313
:20500000494270685F534D494542FFFBB18C76665A508C847666605A55502D2A2725222071
:205020001E1C23211F1D1B1918173935312E2B2826242C29272523211F1D49443F3A373457
:20504000312F3835322F2D2B28255F59514C47433F3C4844403D3A3734316C686057504E1B
:205060004845534F4B47433F3C38847E726A615C5752645E5A52504A47435640362E29255B
:20508000211F2D2B282623220301F401A40122001F1E785A4D423A35302D413D3A37333168
:2050A0002E2CA67D6B5C524B44405B56514D4845413EEFB59B86786E645E857E76716A650A
:2050C000605BFFC8AC95857A6F69938B837D75716A66FFFFDCBFAB9D8F87BDB3A9A1979189
:2050E00089835640362E2925211F2D2B282623221F1E785A4D423A35302D413D3A37333174
:205100002E2CA67D6B5C524B44405B56514D4845413EEFB59B86786E645E857E76716A65A9
:20512000605BFFC8AC95857A6F69938B837D75716A66FFFFDCBFAB9D8F87BDB3A9A1979128
:2051400089835640362E2925211F2D2B282623221F1E785A4D423A35302D413D3A37333113
:205160002E2CA67D6B5C524B44405B56514D4845413EEFB59B86786E645E857E76716A6549
:205180000301F40194022200605BFFC8AC95857A6F69938B837D75716A66FFFFDCBFAB9D0F
:2051A0008F87BDB3A9A1979189835640362E2925211F2D2B282623221F1E785A4D423A356B
:2051C000302D413D3A3733312E2CA67D6B5C524B44405B56514D4845413EEFB59B86786EB4
:2051E000645E857E76716A65605BFFC8AC95857A6F69938B837D75716A66FFFFDCBFAB9DE5
:205200008F87BDB3A9A197918983020202020202020202020202020202020202020202025E
:2052200002020202020202020202020202020202020202020202020202020202020202022E
:20524000020202020202020202020000000000000000050505050505050500000000000012
:205260000000050505050505050500000000000000000505050505050301F4018403220046
:20528000050500000000000000000505050505050505081A2A3A4A7F7F7F7F002F840B0052
:2052A000BD0525005B840B0079840B00CF05250051062500B1062500ED860B000000000046
:2052C0000000000000000000000103020400000079020000790200007902000079020000D8
:2052E0000400000000000000000000000000000000000000000000000000000000000000AA
:2053000001404040404040404040400100000000010000000F0000000000000000010000FA
:2053200094803100B0000000D804410031840000000000000000000094803100C20000009F
:20534000D8044100588200000000000000000000C9252500BCBCBCBC434343430000000047
:20536000FC0260000D000000FF000000000000000301F40174042200BC0160000100000012
:20538000FF0000000000000097790000BCBCBCBC43434343000000000C0160000000000095
:2053A000FF00000000000000177D0000BCBCBCBC434343430000000020006000BE00000020
:2053C000FF000000000000001C006000FF000000FF00000000000000180060000F000000CD
:2053E000FF0000000000000014006000FF000000FF0000000000000024006000FF000000B9
:20540000FF000000000000002C00600030000000FF00000000000000DC046000080000008A
:20542000FF00000000000000E804410002C20000FF0000000000000064044100BA400000DA
:20544000FFFF0000000000003406410000480000FFFF000000000000E802600045000000FE
:20546000FFFF0000000000000301F40164052200117B0000BCBCBCBC434343430000000022
:205480003B7B0000BCBCBCBC4343434300000000BD7B0000BCBCBCBC434343430000000026
:2054A000037C0000BCBCBCBC4343434300000000F006600000000000020000000000000019
:2054C000E97A0000BCBCBCBC434343430000000011262500BCBCBCBC434343430000000015
:2054E000377D0000BCBCBCBC4343434300000000B3262500BCBCBCBC434343430000000002
:20550000677B0000BCBCBCBC434343430000000000000000000000000000000000000000AD
:20552000000000000000000000000000010000000100000000000000000000000000000069
:2055400000000000000000000000000000000000000000000000000000000000000000004B
:205560000301F4015406220000000000000000000100000000000D0000D00700010F0300BE
:2055800000000000000000010203040000000000010000009F050700130006007B39100078
:2055A000050007001D96240006000600B996240007000600B5912400040006005D7C24000B
:2055C00000000F000D9E10000400F2005395100008000700939024002A00000019E2240074
:2055E00004000600679424000A0006000D962400060006000F922400060006000998240009
:2056000003004600572C25000400060055010700030007008D2C250007000600412D2500AA
:20562000080006006D8A240006000000CF90240005000600737C240000000F005192240084
:205640001C0000003B9224000B0006006930100005000600CF7924000301F40144072200A6
:20566000080008001D7A2400D100070099862400000058008B30100000000F00BD1524001C
:2056800006000900331624000600280045182400060006009B18240004000600C1182400F5
:2056A000040006000F1924000600060099192400040006007D79240007000700977924004C
:2056C00004000700AB79240003000700BB7924002D000600C51924000A000600477A2400EB
:2056E00005001700C57A24000D0007000B7B24001A000700D77B2400120007009583240081
:2057000003000000D5341000EC00070095381000D5000600AD3A100000000800B1371000CB
:2057200000000F00CD3B1000040024004B952400120006000D3C10000B0006009D3D1000AA
:205740000B000600F33C100011000600353E10000301F4013408220000000F005B3E100050
:2057600000000F006F3E100000000F007F3E100006000600D184100000000000ED3F1000D4
:205780000000070039401000000008001D98240017000000B1982400180000003F4010006D
:2057A000040006009140100006000600BB40100000000000E3962400030000003B97240051
:2057C000000006005B9724000A000600379024000000000003431000070008002F441000CA
:2057E00004000E00CB2D25000000060057441000060006000F9224000700060099951000AD
:205800000A000F000000FF01000000000000000001000000280000001E0000000000000028
:20582000000000000000000000000000000000000000000000000000000000000000000068
:2058400000000000000000000301F4014809220000000000000000000000000000000000DC
:20586000000000000000000000000000000000000000000000000000000000000000000028
:20588000000000000000000000000000000000000000000000000000000000000000000008
:2058A0000000000000000000000000000000000000000000000000000000000000000000E8
:2058C0000000000000000000000000000000000000000000000000000000000000000000C8
:2058E0000000000000000000000000000000000000000000000000000000000000000000A8
:20590000000000000000000000000000000000000000000000000000000000000000000087
:20592000000000000000000000000000000000000000000000000000000000000000000067
:205940000301F401380A2200000000000000000000000000000000000000000000000000EA
:20596000000000000000000000000000000000000000000000000000000000000000000027
:20598000000000000000000000000000000000000000000000000000000000000000000007
:2059A0000000000000000000000000000000000000000000000000000000000000000000E7
:2059C0000000000000000000000000000000000000000000000000000000000000000000C7
:2059E0000000000000000000000000000000000000000000000000000000000000000000A7
:205A0000000000000000000000000000000000000000000000000000000000000000000086
:205A20000000000000000000000000000000000000000000000000000301F401280B220018
:205A4000000000000000000000000000000000000000000000000000000000000000000046
:205A6000000000000000000000000000000000000000000000000000000000000000000026
:205A8000000000000000000000000000000000000000000000000000000000000000000006
:205AA0000000000000000000000000000000000000000000000000000000000000000000E6
:205AC0000000000000000000000000000000000000000000000000000000000000000000C6
:205AE0000000000000000000000000000000000000000000000000000000000000000000A6
:205B0000000000000000000000000000000000000000000000000000000000000000000085
:205B2000000000000000000000000000000000000301F401180C2200000000000000000026
:205B4000000000000000000000000000000000000000000000000000000000000000000045
:205B6000000000000000000000000000000000000000000000000000000000000000000025
:205B8000000000000000000000000000000000000000000000000000000000000000000005
:205BA0000000000000000000000000000000000000000000000000000000000000000000E5
:205BC0000000000000000000000000000000000000000000000000000000000000000000C5
:205BE0000000000000000000000000000000000000000000000000000000000000000000A5
:205C0000000000000000000000000000000000000000000000000000000000000000000084
:205C200000000000000000000301F401080D22000000000000000000000000000000000034
:205C4000000000000000000000000000000000000000000000000000000000000000000044
:205C6000000000000000000000000000000000000000000000000000000000000000000024
:205C8000000000000000000000000000000000000000000000000000000000000000000004
:205CA0000000000000000000000000000000000000000000000000000000000000000000E4
:205CC0000000000000000000000000000000000000000000000000000000000000000000C4
:205CE0000000000000000000000000000000000000000000000000000000000000000000A4
:205D0000000000000000000000000000000000000000000000000000000000000000000083
:205D20000301F401F80D220000000000000000000000000000000000000000000000000043
:205D4000000000000000000000000000000000000000000000000000000000000000000043
:205D6000000000000000000000000000000000000000000000000000000000000000000023
:205D8000000000000000000000000000000000000000000000000000000000000000000003
:205DA0000000000000000000000000000000000000000000000000000000000000000000E3
:205DC0000000000000000000000000000000000000000000000000000000000000000000C3
:205DE0000000000000000000000000000000000000000000000000000000000000000000A3
:205E00000000000000000000000000000000000000000000000000000301F401E80E220071
:205E2000000000000000000000000000000000000000000000000000000000000000000062
:205E4000000000000000000000000000000000000000000000000000000000000000000042
:205E6000000000000000000000000000000000000000000000000000000000000000000022
:205E8000000000000000000000000000000000000000000000000000000000000000000002
:205EA0000000000000000000000000000000000000000000000000000000000000000000E2
:205EC0000000000000000000000000000000000000000000000000000000000000000000C2
:205EE0000000000000000000000000000000000000000000000000000000000000000000A2
:205F0000000000000000000000000000000000000301F401D80F220000000000000000007F
:205F2000000000000000000000000000000000000000000000000000000000000000000061
:205F4000000000000000000000000000000000000000000000000000000000000000000041
:205F6000000000000000000000000000000000000000000000000000000000000000000021
:205F8000000000000000000000000000000000000000000000000000000000000000000001
:205FA0000000000000000000000000000000000000000000000000000000000000000000E1
:205FC0000000000000000000000000000000000000000000000000000000000000000000C1
:205FE0000000000000000000000000000000000000000000000000000000000000000000A1
:2060000000000000000000000301F401C8102200000000000000000000000000000000008D
:20602000000000000000000000000000000000000000000000000000000000000000000060
:20604000000000000000000000000000000000000000000000000000000000000000000040
:20606000000000000000000000000000000000000000000000000000000000000000000020
:20608000000000000000000000000000000000000000000000000000000000000000000000
:2060A0000000000000000000000000000000000000000000000000000000000000000000E0
:2060C0000000000000000000000000000000000000000000000000000000000000000000C0
:2060E0000000000000000000000000000000000000000000000000000000000000000000A0
:206100000301F401B81122000000000000000000000000000000000000000000000000009B
:2061200000000000000000000000000000000000000000000000000000000000000000005F
:2061400000000000000000000000000000000000000000000000000000000000000000003F
:2061600000000000000000000000000000000000000000000000000000000000000000001F
:206180000000000000000000000000000000000000000000000000000000000000000000FF
:2061A0000000000000000000000000000000000000000000000000000000000000000000DF
:2061C0000000000000000000000000000000000000000000000000000000000000000000BF
:2061E0000000000000000000000000000000000000000000000000000301F401A8122200CA
:2062000000000000000000000000000000000000000000000000000000000000000000007E
:2062200000000000000000000000000000000000000000000000000000000000000000005E
:2062400000000000000000000000000000000000000000000000000000000000000000003E
:2062600000000000000000000000000000000000000000000000000000000000000000001E
:206280000000000000000000000000000000000000000000000000000000000000000000FE
:2062A0000000000000000000000000000000000000000000000000000000000000000000DE
:2062C0000000000000000000000000000000000000000000000000000000000000000000BE
:2062E000000000000000000000000000000000000301F401981322000000000000000000D8
:2063000000000000000000000000000000000000000000000000000000000000000000007D
:2063200000000000000000000000000000000000000000000000000000000000000000005D
:2063400000000000000000000000000000000000000000000000000000000000000000003D
:2063600000000000000000000000000000000000000000000000000000000000000000001D
:206380000000000000000000000000000000000000000000000000000000000000000000FD
:2063A0000000000000000000000000000000000000000000000000000000000000000000DD
:2063C0000000000000000000000000000000000000000000000000000000000000000000BD
:2063E00000000000000000000301F4018814220000000000000000000000000000000000E6
:2064000000000000000000000000000000000000000000000000000000000000000000007C
:2064200000000000000000000000000000000000000000000000000000000000000000005C
:2064400000000000000000000000000000000000000000000000000000000000000000003C
:2064600000000000000000000000000000000000000000000000000000000000000000001C
:206480000000000000000000000000000000000000000000000000000000000000000000FC
:2064A0000000000000000000000000000000000000000000000000000000000000000000DC
:2064C0000000000000000000000000000000000000000000000000000000000000000000BC
:2064E0000301F40178152200000000000000000000000000000000000000000000000000F4
:2065000000000000000000000000000000000000000000000000000000000000000000007B
:2065200000000000000000000000000000000000000000000000000000000000000000005B
:2065400000000000000000000000000000000000000000000000000000000000000000003B
:2065600000000000000000000000000000000000000000000000000000000000000000001B
:206580000000000000000000000000000000000000000000000000000000000000000000FB
:2065A0000000000000000000000000000000000000000000000000000000000000000000DB
:2065C0000000000000000000000000000000000000000000000000000301F4016816220022
:2065E00000000000000000000000000000000000000000000000000000000000000000009B
:2066000000000000000000000000000000000000000000000000000000000000000000007A
:2066200000000000000000000000000000000000000000000000000000000000000000005A
:2066400000000000000000000000000000000000000000000000000000000000000000003A
:2066600000000000000000000000000000000000000000000000000000000000000000001A
:206680000000000000000000000000000000000000000000000000000000000000000000FA
:2066A0000000000000000000000000000000000000000000000000000000000000000000DA
:2066C000000000000000000000000000000000000301F40158172200000000000000000030
:2066E00000000000000000000000000000000000000000000000000000000000000000009A
:20670000000000000000000000000000000000000000000000000000000000000000000079
:20672000000000000000000000000000000000000000000000000000000000000000000059
:20674000000000000000000000000000000000000000000000000000000000000000000039
:20676000000000000000000000000000000000000000000000000000000000000000000019
:206780000000000000000000000000000000000000000000000000000000000000000000F9
:2067A0000000000000000000000000000000000000000000000000000000000000000000D9
:2067C00000000000000000000301F40148182200000000000000000000000000000000003E
:2067E000000000000000000000000000000000000000000000000000000000000000000099
:20680000000000000000000000000000000000000000000000000000000000000000000078
:20682000000000000000000000000000000000000000000000000000000000000000000058
:20684000000000000000000000000000000000000000000000000000000000000000000038
:20686000000000000000000000000000000000000000000000000000000000000000000018
:206880000000000000000000000000000000000000000000000000000000000000000000F8
:2068A0000000000000000000000000000000000000000000000000000000000000000000D8
:2068C0000301F401381922000000000000000000000000000000000000000000000000004C
:2068E000000000000000000000000000000000000000000000000000000000000000000098
:20690000000000000000000000000000000000000000000000000000000000000000000077
:20692000000000000000000000000000000000000000000000000000000000000000000057
:20694000000000000000000000000000000000000000000000000000000000000000000037
:20696000000000000000000000000000000000000000000000000000000000000000000017
:206980000000000000000000000000000000000000000000000000000000000000000000F7
:2069A0000000000000000000000000000000000000000000000000000301F401281A22007A
:2069C0000000000000000000000000000000000000000000000000000000000000000000B7
:2069E000000000000000000000000000000000000000000000000000000000000000000097
:206A0000000000000000000000000000000000000000000000000000000000000000000076
:206A2000000000000000000000000000000000000000000000000000000000000000000056
:206A4000000000000000000000000000000000000000000000000000000000000000000036
:206A6000000000000000000000000000000000000000000000000000000000000000000016
:206A80000000000000000000000000000000000000000000000000000000000000000000F6
:206AA000000000000000000000000000000000000301F401181B2200000000000000000088
:206AC0000000000000000000000000000000000000000000000000000000000000000000B6
:206AE000000000000000000000000000000000000000000000000000000000000000000096
:206B0000000000000000000000000000000000000000000000000000000000000000000075
:206B2000000000000000000000000000000000000000000000000000000000000000000055
:206B4000000000000000000000000000000000000000000000000000000000000000000035
:206B6000000000000000000000000000000000000000000000000000000000000000000015
:206B80000000000000000000000000000000000000000000000000000000000000000000F5
:206BA00000000000000000000301F401081C22000000000000000000000000000000000096
:206BC0000000000000000000000000000000000000000000000000000000000000000000B5
:206BE000000000000000000000000000000000000000000000000000000000000000000095
:206C0000000000000000000000000000000000000000000000000000000000000000000074
:206C2000000000000000000000000000000000000000000000000000000000000000000054
:206C4000000000000000000000000000000000000000000000000000000000000000000034
:206C6000000000000000000000000000000000000000000000000000000000000000000014
:206C80000000000000000000000000000000000000000000000000000000000000000000F4
:206CA0000301F401F81C2200000000000000000000000000000000000000000000000000A5
:206CC0000000000000000000000000000000000000000000000000000000000000000000B4
:206CE000000000000000000000000000000000000000000000000000000000000000000094
:206D0000000000000000000000000000000000000000000000000000000000000000000073
:206D2000000000000000000000000000000000000000000000000000000000000000000053
:206D4000000000000000000000000000000000000000000000000000000000000000000033
:206D6000000000000000000000000000000000000000000000000000000000000000000013
:206D80000000000000000000000000000000000000000000000000000301F401E81D2200D3
:206DA0000000000000000000000000000000000000000000000000000000000000000000D3
:206DC0000000000000000000000000000000000000000000000000000000000000000000B3
:206DE000000000000000000000000000000000000000000000000000000000000000000093
:206E0000000000000000000000000000000000000000000000000000000000000000000072
:206E2000000000000000000000000000000000000000000000000000000000000000000052
:206E4000000000000000000000000000000000000000000000000000000000000000000032
:206E6000000000000000000000000000000000000000000000000000000000000000000012
:206E8000000000000000000000000000000000000301F401D81E22000000000000000000E1
:206EA0000000000000000000000000000000000000000000000000000000000000000000D2
:206EC0000000000000000000000000000000000000000000000000000000000000000000B2
:206EE000000000000000000000000000000000000000000000000000000000000000000092
:206F0000000000000000000000000000000000000000000000000000000000000000000071
:206F2000000000000000000000000000000000000000000000000000000000000000000051
:206F4000000000000000000000000000000000000000000000000000000000000000000031
:206F6000000000000000000000000000000000000000000000000000000000000000000011
:206F800000000000000000000301F401C81F220000000000000000000000000000000000EF
:206FA0000000000000000000000000000000000000000000000000000000000000000000D1
:206FC0000000000000000000000000000000000000000000000000000000000000000000B1
:206FE000000000000000000000000000000000000000000000000000000000000000000091
:20700000000000000000000000000000000000000000000000000000000000000000000070
:20702000000000000000000000000000000000000000000000000000000000000000000050
:20704000000000000000000000000000000000000000000000000000000000000000000030
:20706000000000000000000000000000000000000000000000000000000000000000000010
:207080000301F401B8202200000000000000000000000000000000000000000000000000FD
:2070A0000000000000000000000000000000000000000000000000000000000000000000D0
:2070C0000000000000000000000000000000000000000000000000000000000000000000B0
:2070E000000000000000000000000000000000000000000000000000000000000000000090
:2071000000000000000000000000000000000000000000000000000000000000000000006F
:2071200000000000000000000000000000000000000000000000000000000000000000004F
:2071400000000000000000000000000000000000000000000000000000000000000000002F
:207160000000000000000000000000000000000000000000000000000301F401A82122002B
:207180000000000000000000000000000000000000000000000000000000000000000000EF
:2071A0000000000000000000000000000000000000000000000000000000000000000000CF
:2071C0000000000000000000000000000000000000000000000000000000000000000000AF
:2071E00000000000000000000000000000000000000000000000000000000000000000008F
:2072000000000000000000000000000000000000000000000000000000000000000000006E
:2072200000000000000000000000000000000000000000000000000000000000000000004E
:2072400000000000000000000000000000000000000000000000000000000000000000002E
:20726000000000000000000000000000000000000301F40198222200000000000000000039
:207280000000000000000000000000000000000000000000000000000000000000000000EE
:2072A0000000000000000000000000000000000000000000000000000000000000000000CE
:2072C0000000000000000000000000000000000000000000000000000000000000000000AE
:2072E00000000000000000000000000000000000000000000000000000000000000000008E
:2073000000000000000000000000000000000000000000000000000000000000000000006D
:2073200000000000000000000000000000000000000000000000000000000000000000004D
:2073400000000000000000000000000000000000000000000000000000000000000000002D
:2073600000000000000000000301F401882322000000000000000000000000000000000047
:207380000000000000000000000000000000000000000000000000000000000000000000ED
:2073A0000000000000000000000000000000000000000000000000000000000000000000CD
:2073C0000000000000000000000000000000000000000000000000000000000000000000AD
:2073E00000000000000000000000000000000000000000000000000000000000000000008D
:2074000000000000000000000000000000000000000000000000000000000000000000006C
:2074200000000000000000000000000000000000000000000000000000000000000000004C
:2074400000000000000000000000000000000000000000000000000000000000000000002C
:207460000301F4017824220000000000000000000000000000000000000000000000000055
:207480000000000000000000000000000000000000000000000000000000000000000000EC
:2074A0000000000000000000000000000000000000000000000000000000000000000000CC
:2074C0000000000000000000000000000000000000000000000000000000000000000000AC
:2074E00000000000000000000000000000000000000000000000000000000000000000008C
:2075000000000000000000000000000000000000000000000000000000000000000000006B
:2075200000000000000000000000000000000000000000000000000000000000000000004B
:207540000000000000000000000000000000000000000000000000000301F4016825220083
:2075600000000000000000000000000000000000000000000000000000000000000000000B
:207580000000000000000000000000000000000000000000000000000000000000000000EB
:2075A0000000000000000000000000000000000000000000000000000000000000000000CB
:2075C0000000000000000000000000000000000000000000000000000000000000000000AB
:2075E00000000000000000000000000000000000000000000000000000000000000000008B
:2076000000000000000000000000000000000000000000000000000000000000000000006A
:2076200000000000000000000000000000000000000000000000000000000000000000004A
:20764000000000000000000000000000000000000301F40158262200000000000000000091
:2076600000000000000000000000000000000000000000000000000000000000000000000A
:207680000000000000000000000000000000000000000000000000000000000000000000EA
:2076A0000000000000000000000000000000000000000000000000000000000000000000CA
:2076C0000000000000000000000000000000000000000000000000000000000000000000AA
:2076E00000000000000000000000000000000000000000000000000000000000000000008A
:20770000000000000000000000000000000000000000000000000000000000000000000069
:20772000000000000000000000000000000000000000000000000000000000000000000049
:2077400000000000000000000301F40148272200000000000000000000000000000000009F
:20776000000000000000000000000000000000000000000000000000000000000000000009
:207780000000000000000000000000000000000000000000000000000000000000000000E9
:2077A0000000000000000000000000000000000000000000000000000000000000000000C9
:2077C0000000000000000000000000000000000000000000000000000000000000000000A9
:2077E000000000000000000000000000000000000000000000000000000000000000000089
:20780000000000000000000000000000000000000000000000000000000000000000000068
:20782000000000000000000000000000000000000000000000000000000000000000000048
:207840000301F40138282200000000000000000000000000000000000000000000000000AD
:20786000000000000000000000000000000000000000000000000000000000000000000008
:207880000000000000000000000000000000000000000000000000000000000000000000E8
:2078A0000000000000000000000000000000000000000000000000000000000000000000C8
:2078C0000000000000000000000000000000000000000000000000000000000000000000A8
:2078E000000000000000000000000000000000000000000000000000000000000000000088
:20790000000000000000000000000000000000000000000000000000000000000000000067
:207920000000000000000000000000000000000000000000000000000301F40128292200DB
:20794000000000000000000000000000000000000000000000000000000000000000000027
:20796000000000000000000000000000000000000000000000000000000000000000000007
:207980000000000000000000000000000000000000000000000000000000000000000000E7
:2079A0000000000000000000000000000000000000000000000000000000000000000000C7
:2079C0000000000000000000000000000000000000000000000000000000000000000000A7
:2079E000000000000000000000000000000000000000000000000000000000000000000087
:207A0000000000000000000000000000000000000000000000000000000000000000000066
:207A2000000000000000000000000000000000000301F401182A22000000000000000000E9
:207A4000000000000000000000000000000000000000000000000000000000000000000026
:207A6000000000000000000000000000000000000000000000000000000000000000000006
:207A80000000000000000000000000000000000000000000000000000000000000000000E6
:207AA0000000000000000000000000000000000000000000000000000000000000000000C6
:207AC0000000000000000000000000000000000000000000000000000000000000000000A6
:207AE000000000000000000000000000000000000000000000000000000000000000000086
:207B0000000000000000000000000000000000000000000000000000000000000000000065
:207B200000000000000000000301F401082B220000000000000000000000000000000000F7
:207B4000000000000000000000000000000000000000000000000000000000000000000025
:207B6000000000000000000000000000000000000000000000000000000000000000000005
:207B80000000000000000000000000000000000000000000000000000000000000000000E5
:207BA0000000000000000000000000000000000000000000000000000000000000000000C5
:207BC0000000000000000000000000000000000000000000000000000000000000000000A5
:207BE000000000000000000000000000000000000000000000000000000000000000000085
:207C0000000000000000000000000000000000000000000000000000000000000000000064
:207C20000301F401F82B220000000000000000000000000000000000000000000000000006
:207C4000000000000000000000000000000000000000000000000000000000000000000024
:207C6000000000000000000000000000000000000000000000000000000000000000000004
:207C80000000000000000000000000000000000000000000000000000000000000000000E4
:207CA0000000000000000000000000000000000000000000000000000000000000000000C4
:207CC0000000000000000000000000000000000000000000000000000000000000000000A4
:207CE000000000000000000000000000000000000000000000000000000000000000000084
:207D00000000000000000000000000000000000000000000000000000301F401E82C220034
:207D2000000000000000000000000000000000000000000000000000000000000000000043
:207D4000000000000000000000000000000000000000000000000000000000000000000023
:207D6000000000000000000000000000000000000000000000000000000000000000000003
:207D80000000000000000000000000000000000000000000000000000000000000000000E3
:207DA0000000000000000000000000000000000000000000000000000000000000000000C3
:207DC0000000000000000000000000000000000000000000000000000000000000000000A3
:207DE000000000000000000000000000000000000000000000000000000000000000000083
:207E0000000000000000000000000000000000000301F401D82D2200000000000000000042
:207E2000000000000000000000000000000000000000000000000000000000000000000042
:207E4000000000000000000000000000000000000000000000000000000000000000000022
:207E6000000000000000000000000000000000000000000000000000000000000000000002
:207E80000000000000000000000000000000000000000000000000000000000000000000E2
:207EA0000000000000000000000000000000000000000000000000000000000000000000C2
:207EC0000000000000000000000000000000000000000000000000000000000000000000A2
:207EE000000000000000000000000000000000000000000000000000000000000000000082
:207F000000000000000000000301F401C82E22000000000000000000000000000000000050
:207F2000000000000000000000000000000000000000000000000000000000000000000041
:207F4000000000000000000000000000000000000000000000000000000000000000000021
:207F6000000000000000000000000000000000000000000000000000000000000000000001
:207F80000000000000000000000000000000000000000000000000000000000000000000E1
:207FA0000000000000000000000000000000000000000000000000000000000000000000C1
:207FC0000000000000000000000000000000000000000000000000000000000000000000A1
:207FE000000000000000000000000000000000000000000000000000000000000000000081
:208000000301F401B82F22000000000000000000000000000000000000000000000000005E
:20802000000000000000000000000000000000000000000000000000000000000000000040
:20804000000000000000000000000000000000000000000000000000000000000000000020
:20806000000000000000000000000000000000000000000000000000000000000000000000
:208080000000000000000000000000000000000000000000000000000000000000000000E0
:2080A0000000000000000000000000000000000000000000000000000000000000000000C0
:2080C0000000000000000000000000000000000000000000000000000000000000000000A0
:2080E0000000000000000000000000000000000000000000000000000301F401A83022008D
:2081000000000000000000000000000000000000000000000000000000000000000000005F
:2081200000000000000000000000000000000000000000000000000000000000000000003F
:2081400000000000000000000000000000000000000000000000000000000000000000001F
:208160000000000000000000000000000000000000000000000000000000000000000000FF
:208180000000000000000000000000000000000000000000000000000000000000000000DF
:2081A0000000000000000000000000000000000000000000000000000000000000000000BF
:2081C00000000000000000000000000000000000000000000000000000000000000000009F
:2081E000000000000000000000000000000000000301F4019831220000000000000000009B
:2082000000000000000000000000000000000000000000000000000000000000000000005E
:2082200000000000000000000000000000000000000000000000000000000000000000003E
:2082400000000000000000000000000000000000000000000000000000000000000000001E
:208260000000000000000000000000000000000000000000000000000000000000000000FE
:208280000000000000000000000000000000000000000000000000000000000000000000DE
:2082A0000000000000000000000000000000000000000000000000000000000000000000BE
:2082C00000000000000000000000000000000000000000000000000000000000000000009E
:2082E00000000000000000000301F4018832220000000000000000000000000000000000A9
:2083000000000000000000000000000000000000000000000000000000000000000000005D
:2083200000000000000000000000000000000000000000000000000000000000000000003D
:2083400000000000000000000000000000000000000000000000000000000000000000001D
:208360000000000000000000000000000000000000000000000000000000000000000000FD
:208380000000000000000000000000000000000000000000000000000000000000000000DD
:2083A0000000000000000000000000000000000000000000000000000000000000000000BD
:2083C00000000000000000000000000000000000000000000000000000000000000000009D
:2083E0000301F40178332200000000000000000000000000000000000000000000000000B7
:2084000000000000000000000000000000000000000000000000000000000000000000005C
:2084200000000000000000000000000000000000000000000000000000000000000000003C
:2084400000000000000000000000000000000000000000000000000000000000000000001C
:208460000000000000000000000000000000000000000000000000000000000000000000FC
:208480000000000000000000000000000000000000000000000000000000000000000000DC
:2084A0000000000000000000000000000000000000000000000000000000000000000000BC
:2084C0000000000000000000000000000000000000000000000000000301F40168342200E5
:2084E00000000000000000000000000000000000000000000000000000000000000000007C
:2085000000000000000000000000000000000000000000000000000000000000000000005B
:2085200000000000000000000000000000000000000000000000000000000000000000003B
:2085400000000000000000000000000000000000000000000000000000000000000000001B
:208560000000000000000000000000000000000000000000000000000000000000000000FB
:208580000000000000000000000000000000000000000000000000000000000000000000DB
:2085A0000000000000000000000000000000000000000000000000000000000000000000BB
:2085C000000000000000000000000000000000000301F401583522000000000000000000F3
:2085E00000000000000000000000000000000000000000000000000000000000000000007B
:2086000000000000000000000000000000000000000000000000000000000000000000005A
:2086200000000000000000000000000000000000000000000000000000000000000000003A
:2086400000000000000000000000000000000000000000000000000000000000000000001A
:208660000000000000000000000000000000000000000000000000000000000000000000FA
:208680000000000000000000000000000000000000000000000000000000000000000000DA
:2086A0000000000000000000000000000000000000000000000000000000000000000000BA
:2086C00000000000000000000301F401483622000000000000000000000000000000000001
:2086E00000000000000000000000000000000000000000000000000000000000000000007A
:20870000000000000000000000000000000000000000000000000000000000000000000059
:20872000000000000000000000000000000000000000000000000000000000000000000039
:20874000000000000000000000000000000000000000000000000000000000000000000019
:208760000000000000000000000000000000000000000000000000000000000000000000F9
:208780000000000000000000000000000000000000000000000000000000000000000000D9
:2087A0000000000000000000000000000000000000000000000000000000000000000000B9
:2087C0000301F401383722000000000000000000000000000000000000000000000000000F
:2087E000000000000000000000000000000000000000000000000000000000000000000079
:20880000000000000000000000000000000000000000000000000000000000000000000058
:20882000000000000000000000000000000000000000000000000000000000000000000038
:20884000000000000000000000000000000000000000000000000000000000000000000018
:208860000000000000000000000000000000000000000000000000000000000000000000F8
:208880000000000000000000000000000000000000000000000000000000000000000000D8
:2088A0000000000000000000000000000000000000000000000000000301F401283822003D
:2088C000000000000000000000000000000000000000000000000000000000000000000098
:2088E000000000000000000000000000000000000000000000000000000000000000000078
:20890000000000000000000000000000000000000000000000000000000000000000000057
:20892000000000000000000000000000000000000000000000000000000000000000000037
:20894000000000000000000000000000000000000000000000000000000000000000000017
:208960000000000000000000000000000000000000000000000000000000000000000000F7
:208980000000000000000000000000000000000000000000000000000000000000000000D7
:2089A000000000000000000000000000000000000301F4011839220000000000000000004B
:2089C000000000000000000000000000000000000000000000000000000000000000000097
:2089E000000000000000000000000000000000000000000000000000000000000000000077
:208A0000000000000000000000000000000000000000000000000000000000000000000056
:208A2000000000000000000000000000000000000000000000000000000000000000000036
:208A4000000000000000000000000000000000000000000000000000000000000000000016
:208A60000000000000000000000000000000000000000000000000000000000000000000F6
:208A80000000000000000000000000000000000000000000000000000000000000000000D6
:208AA00000000000000000000301F401083A22000000000000000000000000000000000059
:208AC000000000000000000000000000000000000000000000000000000000000000000096
:208AE000000000000000000000000000000000000000000000000000000000000000000076
:208B0000000000000000000000000000000000000000000000000000000000000000000055
:208B2000000000000000000000000000000000000000000000000000000000000000000035
:208B4000000000000000000000000000000000000000000000000000000000000000000015
:208B60000000000000000000000000000000000000000000000000000000000000000000F5
:208B80000000000000000000000000000000000000000000000000000000000000000000D5
:208BA0000301F401F83A220000000000000000000000000000000000000000000000000068
:208BC000000000000000000000000000000000000000000000000000000000000000000095
:208BE000000000000000000000000000000000000000000000000000000000000000000075
:208C0000000000000000000000000000000000000000000000000000000000000000000054
:208C2000000000000000000000000000000000000000000000000000000000000000000034
:208C4000000000000000000000000000000000000000000000000000000000000000000014
:208C60000000000000000000000000000000000000000000000000000000000000000000F4
:208C80000000000000000000000000000000000000000000000000000301F401E83B220096
:208CA0000000000000000000000000000000000000000000000000000000000000000000B4
:208CC000000000000000000000000000000000000000000000000000000000000000000094
:208CE000000000000000000000000000000000000000000000000000000000000000000074
:208D0000000000000000000000000000000000000000000000000000000000000000000053
:208D2000000000000000000000000000000000000000000000000000000000000000000033
:208D4000000000000000000000000000000000000000000000000000000000000000000013
:208D60000000000000000000000000000000000000000000000000000000000000000000F3
:208D8000000000000000000000000000000000000301F401D83C22000000000000000000A4
:208DA0000000000000000000000000000000000000000000000000000000000000000000B3
:208DC000000000000000000000000000000000000000000000000000000000000000000093
:208DE000000000000000000000000000000000000000000000000000000000000000000073
:208E0000000000000000000000000000000000000000000000000000000000000000000052
:208E2000000000000000000000000000000000000000000000000000000000000000000032
:208E4000000000000000000000000000000000000000000000000000000000000000000012
:208E60000000000000000000000000000000000000000000000000000000000000000000F2
:208E800000000000000000000301F401C83D220000000000000000000000000000000000B2
:208EA0000000000000000000000000000000000000000000000000000000000000000000B2
:208EC000000000000000000000000000000000000000000000000000000000000000000092
:208EE000000000000000000000000000000000000000000000000000000000000000000072
:208F0000000000000000000000000000000000000000000000000000000000000000000051
:208F2000000000000000000000000000000000000000000000000000000000000000000031
:208F4000000000000000000000000000000000000000000000000000000000000000000011
:208F60000000000000000000000000000000000000000000000000000000000000000000F1
:208F80000301F401B83E2200000000000000000000000000000000000000000000000000C0
:208FA0000000000000000000000000000000000000000000000000000000000000000000B1
:208FC000000000000000000000000000000000000000000000000000000000000000000091
:208FE000000000000000000000000000000000000000000000000000000000000000000071
:20900000000000000000000000000000000000000000000000000000000000000000000050
:20902000000000000000000000000000000000000000000000000000000000000000000030
:20904000000000000000000000000000000000000000000000000000000000000000000010
:209060000000000000000000000000000000000000000000000000000301F401A83F2200EE
:209080000000000000000000000000000000000000000000000000000000000000000000D0
:2090A0000000000000000000000000000000000000000000000000000000000000000000B0
:2090C000000000000000000000000000000000000000000000000000000000000000000090
:2090E000000000000000000000000000000000000000000000000000000000000000000070
:2091000000000000000000000000000000000000000000000000000000000000000000004F
:2091200000000000000000000000000000000000000000000000000000000000000000002F
:2091400000000000000000000000000000000000000000000000000000000000000000000F
:20916000000000000000000000000000000000000301F401984022000000000000000000FC
:209180000000000000000000000000000000000000000000000000000000000000000000CF
:2091A0000000000000000000000000000000000000000000000000000000000000000000AF
:2091C00000000000000000000000000000000000000000000000000000000000000000008F
:2091E00000000000000000000000000000000000000000000000000000000000000000006F
:2092000000000000000000000000000000000000000000000000000000000000000000004E
:2092200000000000000000000000000000000000000000000000000000000000000000002E
:2092400000000000000000000000000000000000000000000000000000000000000000000E
:2092600000000000000000000301F40188412200000000000000000000000000000000000A
:209280000000000000000000000000000000000000000000000000000000000000000000CE
:2092A0000000000000000000000000000000000000000000000000000000000000000000AE
:2092C00000000000000000000000000000000000000000000000000000000000000000008E
:2092E00000000000000000000000000000000000000000000000000000000000000000006E
:2093000000000000000000000000000000000000000000000000000000000000000000004D
:2093200000000000000000000000000000000000000000000000000000000000000000002D
:2093400000000000000000000000000000000000000000000000000000000000000000000D
:209360000301F4017842220000000000000000000000000000000000000000000000000018
:209380000000000000000000000000000000000000000000000000000000000000000000CD
:2093A0000000000000000000000000000000000000000000000000000000000000000000AD
:2093C00000000000000000000000000000000000000000000000000000000000000000008D
:2093E00000000000000000000000000000000000000000000000000000000000000000006D
:2094000000000000000000000000000000000000000000000000000000000000000000004C
:2094200000000000000000000000000000000000000000000000000000000000000000002C
:209440000000000000000000000000000000000000000000000000000301F4016843220046
:209460000000000000000000000000000000000000000000000000000000000000000000EC
:209480000000000000000000000000000000000000000000000000000000000000000000CC
:2094A0000000000000000000000000000000000000000000000000000000000000000000AC
:2094C00000000000000000000000000000000000000000000000000000000000000000008C
:2094E00000000000000000000000000000000000000000000000000000000000000000006C
:2095000000000000000000000000000000000000000000000000000000000000000000004B
:2095200000000000000000000000000000000000000000000000000000000000000000002B
:20954000000000000000000000000000000000000301F40158442200000000000000000054
:209560000000000000000000000000000000000000000000000000000000000000000000EB
:209580000000000000000000000000000000000000000000000000000000000000000000CB
:2095A0000000000000000000000000000000000000000000000000000000000000000000AB
:2095C00000000000000000000000000000000000000000000000000000000000000000008B
:2095E00000000000000000000000000000000000000000000000000000000000000000006B
:2096000000000000000000000000000000000000000000000000000000000000000000004A
:2096200000000000000000000000000000000000000000000000000000000000000000002A
:2096400000000000000000000301F401484522000000000000000000000000000000000062
:209660000000000000000000000000000000000000000000000000000000000000000000EA
:209680000000000000000000000000000000000000000000000000000000000000000000CA
:2096A0000000000000000000000000000000000000000000000000000000000000000000AA
:2096C00000000000000000000000000000000000000000000000000000000000000000008A
:2096E00000000000000000000000000000000000000000000000000000000000000000006A
:20970000000000000000000000000000000000000000000000000000000000000000000049
:20972000000000000000000000000000000000000000000000000000000000000000000029
:209740000301F4013846220000000000000000000000000000000000000000000000000070
:209760000000000000000000000000000000000000000000000000000000000000000000E9
:209780000000000000000000000000000000000000000000000000000000000000000000C9
:2097A0000000000000000000000000000000000000000000000000000000000000000000A9
:2097C000000000000000000000000000000000000000000000000000000000000000000089
:2097E000000000000000000000000000000000000000000000000000000000000000000069
:20980000000000000000000000000000000000000000000000000000000000000000000048
:209820000000000000000000000000000000000000000000000000000301F401284722009E
:20984000000000000000000000000000000000000000000000000000000000000000000008
:209860000000000000000000000000000000000000000000000000000000000000000000E8
:209880000000000000000000000000000000000000000000000000000000000000000000C8
:2098A0000000000000000000000000000000000000000000000000000000000000000000A8
:2098C000000000000000000000000000000000000000000000000000000000000000000088
:2098E000000000000000000000000000000000000000000000000000000000000000000068
:20990000000000000000000000000000000000000000000000000000000000000000000047
:20992000000000000000000000000000000000000301F401184822000000000000000000AC
:20994000000000000000000000000000000000000000000000000000000000000000000007
:209960000000000000000000000000000000000000000000000000000000000000000000E7
:209980000000000000000000000000000000000000000000000000000000000000000000C7
:2099A0000000000000000000000000000000000000000000000000000000000000000000A7
:2099C000000000000000000000000000000000000000000000000000000000000000000087
:2099E000000000000000000000000000000000000000000000000000000000000000000067
:209A0000000000000000000000000000000000000000000000000000000000000000000046
:209A200000000000000000000301F4010849220000000000000000000000000000000000BA
:209A4000000000000000000000000000000000000000000000000000000000000000000006
:209A60000000000000000000000000000000000000000000000000000000000000000000E6
:209A80000000000000000000000000000000000000000000000000000000000000000000C6
:209AA0000000000000000000000000000000000000000000000000000000000000000000A6
:209AC000000000000000000000000000000000000000000000000000000000000000000086
:209AE000000000000000000000000000000000000000000000000000000000000000000066
:209B0000000000000000000000000000000000000000000000000000000000000000000045
:209B20000301F401F8492200000000000000000000000000000000000000000000000000C9
:209B4000000000000000000000000000000000000000000000000000000000000000000005
:209B60000000000000000000000000000000000000000000000000000000000000000000E5
:209B80000000000000000000000000000000000000000000000000000000000000000000C5
:209BA0000000000000000000000000000000000000000000000000000000000000000000A5
:209BC000000000000000000000000000000000000000000000000000000000000000000085
:209BE000000000000000000000000000000000000000000000000000000000000000000065
:209C00000000000000000000000000000000000000000000000000000301F401E84A2200F7
:209C2000000000000000000000000000000000000000000000000000000000000000000024
:209C4000000000000000000000000000000000000000000000000000000000000000000004
:209C60000000000000000000000000000000000000000000000000000000000000000000E4
:209C80000000000000000000000000000000000000000000000000000000000000000000C4
:209CA0000000000000000000000000000000000000000000000000000000000000000000A4
:209CC000000000000000000000000000000000000000000000000000000000000000000084
:209CE000000000000000000000000000000000000000000000000000000000000000000064
:209D0000000000000000000000000000000000000301EC01D84B220000000000000000000D
:209D2000000000000000000000000000000000000000000000000000000000000000000023
:209D4000000000000000000000000000000000000000000000000000000000000000000003
:209D60000000000000000000000000000000000000000000000000000000000000000000E3
:209D80000000000000000000000000000000000000000000000000000000000000000000C3
:209DA0000000000000000000000000000000000000000000000000000000000000000000A3
:209DC000000000000000000000000000000000000000000000000000000000000000000083
:209DE000000000000000000000000000000000000000000000000000000000000000000063
:209E0000030106440922007510030108400922000D000000030108360922005700520003A7
:209E200001063409220057000301083C092200030002000301063A09220003000301052C46
:209E40000922000B030108300922002800000003010C240922001B00000029000000030196
:209E6000F4010003100050F11AFC9AF772BCBDE8704001F045BCBDE8F04701F04DBD02F0B4
:209E8000BBFB70BD0000BDE8F84004F0B1BC05F01BFABDE8F08705F0A4FB10BDBDE8F0473E
:209EA00005F074BC000070B5F849446891F90000002801DD401E0870002C3AD0217C2046CC
:209EC00001290AD0162934D1F148D0F80811204639B1884700282CD10EE0BDE8704049F15F
:209EE00090BB4EF16AFA0546214600204EF188FAE88A001284F8C20194F8B90148B194F853
:209F0000C001062805D0606D04F5DC71008F64F77AFCDF48007E00280BD094F8C101BDE86F
:209F2000704060F3070160F30F2189B23C2061F783BF70BD10B50446D44886B090F900103B
:209F400003290FDC491C017020464EF136FA616DB1F84A1041840301F401F00310000C2081
:209F6000ADF800000194684660F719F806B010BD2DE9F35FC1784768884639448278C97937
:209F8000DFF81C93DFF81CA302F00F06C2F380154FF0000489064FF0010B43D4D9F800103F
:209FA000097A01293ED19AF8001001293AD1012E02D19BF788F8A0B3BB480078012808D02B
:209FC000294638469AF79CFC042E1CD0FF281FD022E0B54A01980223116800EBC01003EB56
:209FE00040030B443C681C60B988998013680BEB40015D54116801EB400007EB08019BF7C0
:20A0000044FA04464CE09AF79EFC07E0012447E0294638469AF7E3FC9AF7C5FC0028F5D191
:20A020003EE0FFE7A248007858B3DFF88482042E15D0D9F8000005F00101012390F90A201C
:20A0400038469BF7AFF958B33868C8F810000301F401E0041000B888A8F8140045F0800037
:20A0600088F81600D6E7944806223946103063F7D6FCC8B998F8160000F00F01A94213D1A8
:20A08000010611D520F08000EAE78C480068C00504D58B4D012E0AD00020E8709AF80000AD
:20A0A000012817D00328B5D02046BDE8FC9FE87838B107EB08010322824863F7B0FC0028D9
:20A0C000F2D007EB080085F803B0018829808078A8709FE7D9F80000007A01289AD1E3E723
:20A0E0002DE9F14F88B0002508980224AA4641684088C0F30520801F01906A480068007AEA
:20A10000012800D000206F4A05900198127890420BDC062809DB01F1060B05269BF8000029
:20A1200018B1019A411C914203DD022009B0BDE8F08F9BF80110FF296FD19BF802104C2986
:20A14000FAD19BF803100301F401D0051000002967D10490D3E00BEB06084FF0000918F8AC
:20A16000017C1F2F06D852484068F840C00701D04FF00109012F34D0022F53D045F150FFCE
:20A1800000B346F13BF8FF281CD087421AD1089808994068C978014489790690089880783C
:20A1A000C0F3801200F00F00CDE9022048B29BF78DFE08F10101009142B2DDE90210069B73
:20A1C00045F1A6FF43480078002868D042480078002864D03A464046089944F16BFF054652
:20A1E000A0E0B0F710FCD0B13C480078B8B14046B0F768FC0546022809D0B9F1000F01D0DD
:20A20000032409E05DB1012D01D1059838B1012C02D0032C00D000241136F6B26FE0012415
:20A22000FAE770E02B48007840B12A48007828B13A464046089944F13DFF0546284F030170
:20A24000F401C0061000387838B12748007820B140460899B0F7C8FD82461F48007838B1BF
:20A260001F48007820B1022D0BD0012D09D004E03878C8B11D480078B0B1BAF1010F63D0E4
:20A2800068E0BAF1010F5FD0387880B31748007868B3BAF1000F2BD0BAF1020F5AD0BAF171
:20A2A000030F57D028E040E05AE0D3302000005A2000C05F2000143D200074F72100CF302B
:20A2C000200020962000743120007C7C2000E0302000EC3020007C3F2000874020008540B8
:20A2E0002000884020009B4020009C402000FFE7B9F1010F28D033E098F80000C0F304006D
:20A300003044801CC6B2049886427FF628AF9BF800000199091A491E49B20191002921DD9A
:20A320000BF1010100EB010BFFE60124B9F1000F01D1042D01D10301F401B00710004FF091
:20A340000109022D01D0012D08D1B9F1000F01D00324D5E7022D07D0012D05D0012CCFD0AA
:20A36000032CCDD00024CBE70124C9E745F160FE00B100242046E5E62DE9FF5F0646807814
:20A38000012500F00F0470684FF0000900905FF77FF88046002003907068F1784FF0000A14
:20A3A0000844C779B80601D54FF00008FE48DFF8F8B3007848B9042C07D0A0F7D3FF20B1B4
:20A3C000DBF80000002180F8FC11B8F1010F02D0B8F1030F01D1F8077CD1A0F7C3FF00281F
:20A3E00078D0F048007838B9042C05D1DBF8000090F8FC0100286DD10021F7780098042C58
:20A4000023D1DBF8000000F58171CDE90110017A781C0844FA283DD8DDE900103A466CF77C
:20A42000A4F9DBF8001001980A7A029938440301F401A008100009316CF79BF9DBF80010A3
:20A4400091F8010181F8FB01087A3844C7B201F58170D84A1268920721D5B17841EA0722F6
:20A4600001461046A0F78EFE70B124B1062C02D0042C06D032E0DBF80000012180F8FC1190
:20A480002CE04FF0010A29E05FF7AAF8012805D10CB1062C02D130469AF7D4FD8CE0C34855
:20A4A0000078D8B13046A1F7E1FCC5B2C34824B1062C02D0042C05D010E0057030469AF7E4
:20A4C000C1FD0BE00078854208D025EA000111F0030945EA000501D08145D2D1B64F38688C
:20A4E000C00509D5009838B1B548807AC00603D530469AF720FE5FE0012C03D130469AF737
:20A50000F6FDB8B1AF4FBAF1000F36D05FF784F860B15FF78CF848B15FEA897006D5A9495C
:20A52000DBF8000078F70301F40190091000D4F8012003905FEAC9701BD116E0B8F1030F98
:20A5400002D0B8F1020F09D1B078C1097068801D63F7B1FD10B13046B8F78FFF38684005CD
:20A560002ED53046AFF7A3FA2AE0039848B1387838B19748007A10B19648B8F733FE9AF77F
:20A58000A0FD8C480078B8B1D5B100245FF748F868B15FF750F850B1A80708D530469AF7DE
:20A5A00055FD8A49DBF8000078F796F80124E80702D12CB1387818B1012004B0BDE8F09F60
:20A5C0000020FAE72DE9F041834D0746286880B10024814E0AE0286804EB440100EB410088
:20A5E0000622394663F72FFA30B1641C30788442F1D30020BDE8F081286804EB440100EBB9
:20A6000041000021016081800120F3E72DE9F04107460024724D724E0CE004EB84000301E1
:20A62000F401800A100000EBC4002844801C0622394663F70CFA30B1641CE4B23078844268
:20A64000EFD30020DAE704EB840000EBC40028440D216AF7B2FE0120D0E76449097801295A
:20A6600000D0B3E7D6E77CB5466880783346C0F3801000905F4801AA0088C1B25E4868F73E
:20A680005BFE0546FF2815D05B4800EBC504E08820F47E40E080C0F3010060B1022809D150
:20A6A0003046FFF7DAFFE08840F00300E0802846AFF7C1F97CBD3046FFF7CFFFE08820F0A1
:20A6C0000300401CF2E72DE9F041054680786E68E97800F00F0031440428CC791AD0DFF8DB
:20A6E000E480D8F8000040070DD5434F787850B1284699F79BFF30B9387820B15EF778FFAC
:20A7000008B924F00104D8F80000000702D52846FFF7A9FF68F70301F401700B100068FF5B
:20A7200010B128469AF728FFA0F72CFE08B924F010041CB916B1304668F735FA204661E73A
:20A740002DE9F043541E4FF0010909FA04F700242646A2F1080C0DE010F8015B05FA0CF56F
:20A760006C40002564003C4200D05C406D1C082DF8D3761C8E42EFD309FA02F0401E20405A
:20A78000BDE8F08370B504460D4640F25B631822FFF7D6FF6055020A6119000C4A708870F1
:20A7A00070BD2DE9FF5F4768817890F803A0064607EB0A0001F00F054FEA91194FF00008AE
:20A7C00090F908101FE0483F2000E430200078312000D4302000DC3F2000C4402000DC30A6
:20A7E0002000209620007C7C2000CC302000A27D2000D1302000CF30200024312000288A89
:20A800002000443120000291407A039002200301F401600C1000F8490190012008705EF74C
:20A82000E2FEF64C60B95EF792FE48B92079C00706D1F3488068000709D5F248007830B125
:20A84000F248405D062806D0052804D006E0002F7DD1BDE8FF9F2079C007F8D05146284649
:20A860009AF712FB002873D0E94CDFF8A4B3217A9BF80400814202D32046B8F7BFFCBBF81F
:20A880000200B8B19BF8001059B1607A18B1E14806F740FE70B100206072A072BBF80200BF
:20A8A00039E0217AB1B3DB4806F734FE10B1D748B8F7A4FC207A0090D648017900988142E2
:20A8C00045D9D148032D415DD1480268009800EBC01402F8141025D0052D23D050F7B7F86B
:20A8E00000287ED050F7BCF800287AD009F00101384663F7ECFB002873D0384650F72EF964
:20A900005FEA000B73D00301F401500D10005EF7D7FD01284ED003284CD051E0FFE700EB81
:20A9200080000101BE4806F7E7FDC7E7DFF8E882012101EB4401D8F80020AAF10600434652
:20A9400002F80190D8F80020082101EB44015054D8F8001001E056E0B2E1092000EB44009C
:20A96000084439680160B988818002201A6800EB44001044D7F806200260B91D7A898280EE
:20A98000052D0AD1D8F800200F2000EB44001044891DAAF10C026BF700FF7068F178D8F847
:20A9A00000200844817940F2011000EB44001154012046E1012D03D09BF80700FF2822D05E
:20A9C00098480068800424D4DBF800203A60BBF80400B8809BF80690B07809F0010120F0DB
:20A9E000400040EA8110B07001E012E003E04FF6FF7030800DE05EF763FD012803D0030180
:20AA0000F401400E1000032807D1012D05D004B03846BDE8F05F68F7D2B88348DFF810B26A
:20AA200009F001090068C1020CD5082104206BF711F851463846FFF7B1FE082105206BF7E5
:20AA400009F80FE09BF80010012907D051B97449097819B9012D05D1C00505D55146384690
:20AA60009AF774FE042D06D07068F178084470498079096888723046FFF735FE00283FF428
:20AA8000F0AE20283FF4EBAE6048407820B930460099FFF799FA80463188A1F57F40FF3828
:20AAA00008D15E4909F102000A68012101EB4401505406E05A490A68012101EB440102F869
:20AAC0000190DFF85891022000EB4400D9F800103A6801440A60B88888805148007860B138
:20AAE000D9F8000007EB0A0100EB44009AF718F8C0B2FF2801D00301F401300F10004FF0C7
:20AB00000008AAF10601CAB29BF8001007F10600CB0714D0890701D5062300E00323C3F16F
:20AB2000F301914205D308E0835C521C4354D2B2491CF329F8D3F32201E0D118CAB2012D51
:20AB40002CD0D9F80030082101EB44015A54D9F80030092101EB44010B44014618466BF73E
:20AB600024FE7068F178D9F800200844DFF8A490817940F2011000EB4400115499F80100C7
:20AB8000022802D0B8F1000F03D03046FFF714FC804699F80100012808D00CE00020D9F87C
:20ABA0000020082101EB44015054DAE730460099FFF70EFA804621482249007809780843CB
:20ABC00005D1AFF748FF10B945F152FA50B12DB1022D03D0042D01D0062D03D13046FFF711
:20ABE000ABFA0190019828B1012803D002280301F4012010100004D0032808D189F80000F5
:20AC000005E0B8F1000F22D0012189F8001099F8010002281DD021E0000074F721008868CC
:20AC2000200004212200F2F72100F630200020962000F0302000947C2000E0302000CE30E9
:20AC40002000143D20009B402000874020000020D4E730460099FFF7BFF98046C74840785C
:20AC6000032804D130460099FFF7B6F98046C3488068000704D5C248007808B14FF0010804
:20AC800045F1FAF900287FF4F2ADB8F1000F1AD0BD4D287A401C28729BF72CF940B12868D5
:20ACA000012101EB4401029A435C43EA02124254B648007838B12868039910F8142042EA3C
:20ACC000011100F81410AF48017AB0480079814202D3AC48B8F7A2FA17B1384667F777FF72
:20ACE000A848017800290301F401101110003FF4C4AD00210170C0E52DE9F04104460D46D9
:20AD00001F461AB194F8DA00AAF7D2FB002684F87861E06BC0F3C031294306D020F400402F
:20AD2000E06339462046B8F714FDB4F8440020F40050A4F8440094F8D900384306D1964862
:20AD4000017821F00101017085F72DFF4DB194F87E0130B100222146082090F754FC84F860
:20AD60007E612046BDE8F04199F747B82DE9F04781468A48DFF82C820078012814D058F7EA
:20AD800017F804468DF779FA844234D158F710F870B34B4641F204026F2140466BF709F9DA
:20ADA00048468CF7F3FC26E000247E4D1BE020468DF7AEFA07462030824658F72DF80646EC
:20ADC00038468DF7B2FA86420BD1504658F724F820B1494638468DF7CAFA02E03846030196
:20ADE000F401001210008DF7B2FA641CE4B22878401C8442DFD302E0FFE78CF75CFC5EF78A
:20AE00000AFC04469CF7D2FC844216D15EF703FC50B14B4641F211026F2140466BF7CDF86B
:20AE200048469BF784FE08E0002341F216026F2140466BF7C2F89BF741FE5EF7A0FB0446DD
:20AE40005C4866F734FB18B15A4867F721F880B101218C4218D15EF792FB60B14B464FF40F
:20AE600081526F2140466BF7A8F848469FF765FC0AE00021EDE7002341F225026F214046F0
:20AE80006BF79BF89FF72EFCA6F755FA80B1A6F776F9002858D04B4641F22F026F21404679
:20AEA0006BF78BF84946BDE8F0470120A6F7E0B9364CA068002847D0A6F754F960B1002304
:20AEC00041F243026F2140466BF777F8A5F712FDBDE8F0473AF70301F401F0121000C5B9D2
:20AEE00037484FF00005006880051ED5354E3078D8B16AF734FA6AF7B9FA4FF44611D1F8F5
:20AF00004023D20705D0D1F8402322F00102C1F8402335706AF7AEFA6AF789F8002341F2DD
:20AF200069026F2140466BF74CF8A560A6F766FA022804D0BDE8F0470420A6F704BABDE8EA
:20AF4000F04700231A460C2142F20E0001F75BB9BDE8F0872DE9F041478804460679384643
:20AF600067F7B0FF0546204699F722F9002D0DD00C2E0BD1384663F736FF040006D0288FAA
:20AF800050F113FCA17D60F3C601A175BDE8F081000074F7210004212200F2F7210020966A
:20AFA000200054312000F030200038602000F03C2000080001001C31200098CE2000E0307C
:20AFC0002000D5302000406D90F8470100280301F401E013100000D0012070477CB5044668
:20AFE000012084F81101A07B694662F704FAE0694100009861F7DEFE401C45082046FFF726
:20B00000E6FF38B9606DB0F85000A84202D8FE480078A0744FF00040C4F82C017CBD2DE948
:20B02000FC5F456D04464FF0000995F8DA608AF7FEFC8246D4F88800002780B14108D4F8A6
:20B04000AC0061F77EFFC4F8AC00D4F88800CDE90007A07B694662F724F8C4F8887020469D
:20B0600063F7A4FE94F88F00010720D58006B1B207D50E2098F7C1FE94F88F0020F02A0026
:20B0800006E0082098F7B9FE94F88F0020F00E0084F88F00DE4800210068826A2046904740
:20B0A00028B190F8280010B1204665F7ABF9D4F8B03094F82311D4F8B400591840F1000052
:20B0C000C4F8B010C4F80301F401D0141000B400D4F8B83094F82411D4F8BC00591840F1F8
:20B0E0000000C4F8B810C4F8BC0084F8237184F82471BB4694F88500C64F032858D0A07B9E
:20B1000062F70FFB8146D4F8A81062F788FA8046D4F8AC10484662F782FA8146B4F8A200E0
:20B12000C0B1404516D8304665F777FA032084F88500204666F790FBB1B2052098F761FE00
:20B14000B648C07C002803D00021502060F736FDBDE8FC9F94F88500032829D0B4F8281145
:20B16000414512D9A07B6DF757FE30B1AC49B5F8CE0009784843404507D9204665F738FAD4
:20B1800018B9204665F7EAF940B1B879A074606DD0F80811491CC0F8081126E094F8850008
:20B1A00030B9A07B9F49085C032801D278791BE0BAF1000F01D0387916E09A489B4A030158
:20B1C000F401C0151000B4F82811007812784843994BB0FBF2F01B785943B1FBF2F119B12A
:20B1E000894501D3F87803E080B181450ED3B878A0742046FFF7F3FE90B1606D8F4990F883
:20B200004701012804D0022805D009E07878EFE7A27C087801E0A27C4878824200D2A07434
:20B22000204666F7BFFEC8B10226B5F8CE2094F82410B5F8CC00334659F764FEA5F8CC0085
:20B2400084F8A0B0B5F8CC002084B5F8CE00608484F82460012084F8250006E0204665F73C
:20B2600024F90146204665F762F9204664F719FA72E770B504468AF7E2FB0146606DB0F897
:20B280004420520731D471B1B0F85210B0F8CE00814200D3014640F27120414368480088EE
:20B2A000B1FBF0F022E0A57C2046FFF798FE10B95A480078A0740301F401B0161000002106
:20B2C000204666F748FCA574626DB2F8CE108B1E834200DC881EB2F85210814200DC08460E
:20B2E0005A49088040F271214143204664F762F900B901205649088270BD70B5564D04467D
:20B3000054482860606DA1F7D5F8616D08B1012000E00020A1F7D2F894F8870062F762FC03
:20B32000606D4C490068383120F07F4008604748807C000703D5286840F400702860606DB0
:20B34000002190F8DA004DF1B3FF424900200C39086094F8F1018EF7F2FD05468EF715FC4F
:20B36000002D08D0687C002805D0E17B2846BDE870408EF7E1BB70BD2DE9F0410446406D3C
:20B38000A1F798F800B1402040F008060021204666F7C1FC051E03DABDE8F04161F70DB9A1
:20B3A00094F8850048B9A07B62F7C3F9616D0301F401A0171000D1F8D41062F740F9002856
:20B3C0000EDC274800680C280AD00D2803D194F88500022804D094F8850030B1002D04DD86
:20B3E0002046BDE8F04164F75DBAE17B012903D110B9012084F8850094F87E001A4940F0BD
:20B400008000086094F8D80070B1174D184F28883978401A28803146052060F7E1FE28880F
:20B4200039780844288028E023E0C4302000B4302000C05F20009930200060AC2000A5301B
:20B440002000A7302000A6302000E0F72100AA302000B23020008CCC2000402100016C8B1A
:20B46000310088682000A4863100522720009B3020003146052060F7B3FE61F7A6FA0028E8
:20B4800032D163F7FAFB1421F84867F75AF9F64D0320A8742046FFF7F4FE64F76BF8A87C82
:20B4A000000706D5606D0301F40190181000D0F8041101F10101C0F80411B4F8920060B937
:20B4C000ED48007848B194F83601800705D463F7D8FBA87C40F00800A874002084F88E00D4
:20B4E0002046FFF712FF2046BDE8F04162F724BCBDE8F08109B144F148BA44F11DBA2DE941
:20B50000F04705468846B0F8A4409146406D0021FFF7F0FFB9F1000F0ED0D5F8E06004F02D
:20B520000C0181F00804F268A2EB0807002F34DD874204D907460BE0D5F8DC60EFE7B9F1E4
:20B54000000F10D0686D90F8DA0003F7D1FA08B144F0100400223946A0B262F7A4FBB8F16B
:20B56000000F06D010E0D5F8E000C0680028EFDCF0E77168B268914206D1347C314604434C
:20B58000284665F785F901E040F00104BB480068042804D184F0080401E044F00104030143
:20B5A000F40180191000B748B84E8568B54216D08046BD4211D204F00307032F0DD0002247
:20B5C0002946A0B262F773FB40F01004022F04D11DB924F0030040F00104C8F808602046E9
:20B5E000BDE8F0877CB5D0F8DC50D0F8E040406D69468DF73AF8A86828B9284603F758F867
:20B60000A86800280ED0A06848B1207C022801D0012807D1BDF80000E168884202DD20466E
:20B6200003F746F87CBD2DE9F0410446FFF7DAFF20468AF7DFFB934E94480127B06094F8F7
:20B64000A600002570B1002211462046FFF75BFFA4F8A400757384F8A65084F82A5184F8C2
:20B6600037710CE0B4F8A400002162F74CFB10B184F82A7101E084F82A5184F83751B4F8C5
:20B68000A40020F01000A4F8A40035E770B5044690F8850001250301F401701A100060BB3A
:20B6A0000320E07484F8255094F88F00C0F3420003280FD1606DC08B0001A4F8A200A07B95
:20B6C00062F747F8C4F8A80094F88F0040F0080084F88F00E06994F8241009B180F08060FD
:20B6E000618C31F771FD218C814206D02084616DA1F8D000616DA1F8CC00204666F79AFB1B
:20B7000020B1204665F7D6F900285CD0D4F80C11E06961F79CFF616DB1F8CE10B0FBF1F16C
:20B72000204663F7D4FC204665F790F9E069C4F80C01606D8EF752FF2046FFF778FF002086
:20B7400084F8110184F82B01606DC06B00051FD451480068C0061BD594F88500C0B1E07B2F
:20B76000012815D1A07B61F7F4FF616DD1F8D41061F76DFF0146606D484BB0F8CE201B7845
:20B780005A438A4204D890F8DA10122098F70301F401601B100051FB204665F7A8FE58B1F0
:20B7A000A07B61F7B9FF4108E06961F754FF052802D23C4880F88C503C48C079002806D08D
:20B7C000B4F89210BDE870404C2060F713BA70BD70B50446456D90F8850088B1204666F7DF
:20B7E000A4FB60B30221204666F7A9FA616DB1F8521081422CDC204666F7ADFBA0B127E0A7
:20B80000A07B61F7AAFF0646D5F8D41061F727FF00281DDDD5F8D410304661F71CFFE97874
:20B82000B0EB410F11DA13E02048807D18B11A212D2060F7DFF9204660F7FEFE05E001219A
:20B84000204666F77CFA002802DD204664F73AF894F8D80080070DD5606DB0F844004007E8
:20B8600008D41248EB88032201782046BDE870408DF71CBC70BD10B5044666F770F9002840
:20B88000204616D0BDE80301F401501C1000104008E78CCC2000A430200088682000580B24
:20B8A0002200EFBEADDEE03020009A302000185F2000C05F2000A830200066F749FB00287D
:20B8C000204609D0FFF7CFFB94F82420218C608CBDE8104002F728BA66F7C2FA002804D01B
:20B8E0002046BDE8104064F7D4BD10BDFA49F8480860704770B5044651B1002501292AD0D8
:20B9000002293BD0042972D1BDE870404BF79FBF66F7CCFDD8B161F729F8A04217D1A07B7F
:20B9200061F7FEFE4108E06961F799FE05280ED360F7BEFE30B961F78FF918B1BDE870402A
:20B9400060F721BE2046BDE8704066F719BC2046BDE8704028E54FF448111020C86584F887
:20B9600034512046A5F7D0FD20468AF7C6FA00283DD12046BDE8704043F109B8D7490301C2
:20B98000F401401D10004FF0FF304860606D012190F8DA004CF74CFF606D012190F8DA00FF
:20B9A0004CF7A9FF606D90F8D910012903D190F8DA004DF727F8E07B012804D1A06A10B177
:20B9C000B4F84610A181204643F76DFA66F73AFA18B1BDE8704060F79FBBE07B08B963F766
:20B9E00016F984F8105101209DF737FDA07B61F7BCFEC4F8AC0070BD2DE9F84F00270546E1
:20BA00008DF8007090F8DA00B74A00EB80014FF00208B94602EBC10663F711FA04007ED0AF
:20BA20004FF4FC7169F719FD242105F1E80069F714FD142105F5867069F70FFD85F82071AD
:20BA400016202074677495F8DA004DF114FBDFF898C2DFF898A24FF0640BDCF80000417810
:20BA600009061FD5A349096AA1B14B4602226946E14607F058F80301F401301E1000F07089
:20BA8000D9F80010D1F88810085CB0709AF8000008B3D9F8000090F82C001AE0F770DCF8D9
:20BAA0000000D0F888000078B07014E04B4600226946E14607F03BF8F070D9F80010D1F8ED
:20BAC0008010085CB0709AF8000020B1D9F80000007FB070F770894986F804B0B0788876EE
:20BAE00088480168F27821F0FF0141EA02010160A07B8449095C8448032901D2407900E052
:20BB00004078A07495F8D800A07395F8D900E073B5F8CC002084B5F8CE00608495F8DC0043
:20BB200084F8240000E0A2E0D5F8D410204663F7CBF8656584F87F704FF00209744884F818
:20BB40007E9084F887700178012011B984F8A6000820A4F8A400E07B012808D1B5F8CE108E
:20BB6000A5F852106B48616D0088A1F850000301F401201F100095F8DA0084F8F50095F827
:20BB8000DA0084F8090104F1E400C4F8DC0014306349C4F8E000608C09784843A4F8A20012
:20BBA000204663F7ECFAEA68297C204663F75CFA4FF6FF76A4F89260D5F8D400C4F80C0120
:20BBC0000121204663F797FA5649606D098FA0F8741195F8D900012802D1284658F7A2FD13
:20BBE00084F8B9717F2084F8C101A62084F8C2018007C4F82C0195F8D900012804D1494858
:20BC0000007808B14FF00308394842460168204665F79DFD84F8C871062084F8C001A4F827
:20BC200020614020414E84F8A7000622311D05F1580061F764FF70B995F8DA00306086F854
:20BC40000D9000206FF07F013218401C82F838100728F9D33773204643F7EEF803F76AF958
:20BC6000FF2084F8F1010301F4011020100095F8DA0001214BF70DFF606D80F84771BDE885
:20BC8000F88F2DE9F0410446406D0E461C4990F8DA0000EB800001EBC005B4F8A400002137
:20BCA00062F74DF8C6F3001184F8A110B4F8A410C6F38006C1F3C00720B11E48006803280B
:20BCC00000D13E4694F83601810704D41EB140F0020084F8360120468AF726FA002845D0F4
:20BCE0000021A869B74248D0002826DD401EA86124E034F22100B4302000E0F7210068318F
:20BD000022007CFD210064F72100D8522000108820000483310060AC2000C4302000A3301E
:20BD20002000B0302000A1302000D0872000A2302000507B200088682000A96194F83601C1
:20BD4000C00705D0606D012190F8DA0064F798F894F8A600002809D1F748008A01280301E1
:20BD6000F4010021100006D8E07B012803D0012084F81001A9E42046BDE8F041012163F775
:20BD80000DB84FF6FE72904201DA801C01E04FF6FF70A86184F82A1197E470B50546E84870
:20BDA000046828462146FFF770FF28468AF7ACF92146284602F7B5FF002805D121462846F4
:20BDC000BDE8704063F7E3BF70BDDE4800889830704770B50E4614460546A0F797FB03214D
:20BDE00050B116B1012E03D006E095F8760101E095F87701022801D0502001E02C200221EE
:20BE0000216070BD2DE9F843054688461446002690F8DA0063F723F807461DB36A4641465F
:20BE20002846FFF7D6FF0646CCB1D7F83001B0B9B8F1000F03D0B8F1010F08D00FE0288FD5
:20BE400065F7AAF990F8D800C00707D107E0288F65F7A2F990F80301F401F0211000D800D5
:20BE6000800700D5241D0098844026443046BDE8F88370B5040016464FF000000FD00A46D6
:20BE800000212046FFF7C2FF0546324601212046FFF7BCFF2918AD4800889830084470BD69
:20BEA00070B5AB4C4FF0FF35406D0121FFF74AFB217B032904D16188814200D20846054635
:20BEC000284670BD2DE9F047044689466DF705FC30B16DF705FCA17B884201D14AF1B1FB17
:20BEE00094F8A600E8B399484FF000084646058849469835204643F11FF8B4F8A4000021B6
:20BF000061F725FF0246606D0021FFF77FFF00EB0507B4F8A400C00603D5204642F1D5FBAD
:20BF2000804694F8A10050B12046FFF7B9FF0646401C04D1606D0121FFF704FB0646606D7F
:20BF400032464146FFF795FF8349284438440301F401E0221000496888420FD894F8A1000A
:20BF600028B9B4F8A400C00600E007E006D57749022008824946204642F1DCFD7948006892
:20BF8000000710D594F8850002280CD194F83601800708D5B4F89000002161F7DCFE20B116
:20BFA000002084F8A000BDE8F0870120F9E770B50D46694C4FF0FF36406D0121FFF7C6FA02
:20BFC000217B032907D16188A94204D9491B814200D208460646304670BD2DE9F34F81B051
:20BFE00004466DF77EFB20B1606D90F8DA004AF198FEDFF858B1BBF8100018B1A0F101004B
:20C00000ABF810004FF44610C06940047DD500273D46606D0121FFF799FA06464E484FF0D2
:20C02000010A008800F19809B4F8A400C0060BD52046029942F156FF07464A48874203D1E0
:20C0400047484068401C0301F401D023100010E094F8A10038B12046FFF72AFF0546401C1F
:20C0600001D135468246606D2A463946FFF709FF48443C498046496888427AD894F8A10020
:20C0800018B9B4F8A400C00673D594F8A600002851D000272046029942F156FFB4F8A400F6
:20C0A000C00603D5204642F118FB0746BAF1000F08D029462046FFF77EFF0546401C02D195
:20C0C000002500E0354694F8A10008B105B9354657EA050031D0606D2A463946FFF7D1FEF9
:20C0E00021494844404449684FF00208884208D8ABF81080029903B02046BDE8F04F42F124
:20C100001DBDD7B1461A606D6A460021FFF76DFE00E02EE000998F40B7420ED3B81BC84053
:20C1200050EA050109D00E49ABF8108088602046029942F103FDBDE8FE8F4FF44610030171
:20C14000F401C0241000C16921F48041C16104483038016821F010110160F0E700008CCCF5
:20C160002000988B3100AC302000580B2200E0F7210084312000EFBEADDE0121204661F7E5
:20C180003EFF2046BDE8FE4F63F7C4BB2DE9F0410746B0F89000FD4C00F00306002161F7AA
:20C1A000E2FD0546384689F78AFC002D29D0032E27D0042D05D997F8D810890701D500B9DE
:20C1C0002D1F207B0021F24B022250B1012803D0022806D0032814D1022E18D0012E21D0B1
:20C1E00013E0022E11D1042D0FD918682D1F80B2A84207D9A0EB05006080207B00F101005C
:20C200002073C7E501D12273C4E52173C2E52173042DF6D918682D1F80B2A842F1D901212C
:20C22000217302E06088A84203D9A0EB05006080B0E5EAD1E7E70301F401B02510001CB59D
:20C24000D749C0690A680092496801914FEA4001104660F7FBFD0090684661F744FAD04942
:20C260008968814201D9081A1CBD00201CBD2DE9F05F04460026A4F8906080F8A16090F8DA
:20C280002B01B046401CC0B284F82B01E17B11B1012804D008E02046FEF7ECFE04E0D4F80E
:20C2A0001C01401CC4F81C01606D90F8201121B1D0F81411491CC0F81411E07B012803D14D
:20C2C000012120464BF10CFBB7480568D4F8AC0168B194F82B11012909D1A90736D569079E
:20C2E00002D594F8C21100E02A2150F7B2FFDFF8B8A29AF8070000284FEA857033D000289A
:20C300002BDAA848143807680021384661F72FFD834607F01F090021384661F728FD0146FF
:20C320004846C5F3410261F34910032A10D00301F401A026100020F48061204694F885007F
:20C3400060F3CD2102D1BBF1000F08D04B205FF781FC0EE02921CCE740F48061EDE74A20BA
:20C36000F5E794F8851049205FF774FC3CE000283ADA94F82B0101281CD18E488078C8B91C
:20C3800094F8C001062815D194F9C20110B184F8C10102E07F2184F8C1119AF8180048B17A
:20C3A00094F8C11161F30700C1B201F5FE413C205FF750FC814A507B022815D1606D116832
:20C3C00090F8DA0081420FD1137B02F1380194F8C2015854107B401C0721B0FBF1F301FB09
:20C3E0001300107382F83F802946204642F79DFD0546204689F74EFE02F7D6FDC5F3410084
:20C4000003280CD06E49012081F88C00A807606D38D5D0F8FC10491CC0F8FC1038E0A07B7F
:20C4200061F7CBF9C4F80301F40190271000A800D4F8881021B1490860F7D7FDC4F8A800A6
:20C440002046FFF7C6FC94F82B01012804D1D4F81801401CC4F818012046FFF7F8FE544903
:20C46000486029462046FFF79DFEE07B29460028204608D0FFF73EFD0021204661F7CBFDA6
:20C4800084F88E8033E0FFF7BCFDF5E7D0F8F81001F10101C0F8F810606D90F8201179B140
:20C4A000A90705D5D0F81C11491CC0F81C1104E0D0F81811491CC0F81811012605B1812614
:20C4C00084F82A812946204602F716FDA8070BD53E4994F88E000978884205D2E17B19B1DC
:20C4E000401C84F88E0002E0204663F71FFA204602F762FD94F8340120F0040184F83411C6
:20C5000094F8AA0170B13148007858B9606D012190F8DA004BF7DBFB606D012190F80301DD
:20C52000F40180281000DA004BF78CFC606D324690F8DA1094F9C2014DF115F82046BDE84D
:20C54000F05F01214FF1A6BA2DE9F0411C4F0446143F38681A49FF200D68E90301D5002002
:20C5600002E0690300D501201C490978C9B110B1012802D015E0194800E01948007880B11B
:20C58000194E3078142801D10020307061F7EEF80146154A307802EB800200F10100116060
:20C5A0003070A80779D52146002020E00000580B2200000A370070823100E0F72100AC8B3F
:20C5C0003100C05F20001B3C2000507B2000185F20009D302000D4292000163C2000183C22
:20C5E0002000193C20001A3C2000A0CC20004CF114F994F9C2112046FDF73CFD204689F781
:20C6000028FD054694F8110190BB84F74CFCE07B01282DD1A07B0301F4017029100061F767
:20C62000D8F8E16920F00105A94212D0FD48807D40B1284661F74FF8002803DA2021322025
:20C640005FF714FBE069294661F741F84000C4F88800204665F778FE606D95F76BFB18B1E8
:20C66000606D214695F7BFF9A07B61F7B2F8E062204663F727FE05463868002161F787FB18
:20C6800001462046A4F7F9FF15B1204663F756F994F88500012804D12046BDE8F04163F7E0
:20C6A000FCBDC2E570B5064662F7FDFB04002CD0656D304689F7C2F8002826D168F7AFFEAB
:20C6C00068F734FF0646E07B012817D1204665F785FC98B1608CB5F8CE1088420ED0002045
:20C6E00084F8A000B5F8CC002084B5F8CE006084012084F82500204665F77AFD304668F7D2
:20C7000019FFBDE8704068F7F2BC70BD70B50301F401602A1000D0F8DC400546E06800281B
:20C7200011DC606800280ED0204602F72FF8D5F8DC100020E0606060A060D5F8E000C5F875
:20C74000DC00C5F8E01070BD70B504460E46B0F8A400002161F71FFB616D91F8202122B116
:20C76000D1F81021521CC1F81021F0B3D4F8DC10CA68121ACA60B4F8A410C943890705D0B3
:20C78000616DD1F8EC20521CC1F8EC20D4F8DC20D168002921DD116895684A688B6802EB93
:20C7A0001342521B0FE0904201D2034600E01346C01A002805DD096839B18A684D68120C9D
:20C7C000F1E71D4430B10029EDD140F6AD317D2069F79FFED4F8DC00856094F8D800C007F2
:20C7E00006D094F82301401C00E001E084F82301012084F8A6002046FFF78CFF002E04D0CA
:20C800002046BDE870400301F401502B1000FEF735BF70BD2DE9F041040017D00021FEF77B
:20C82000B9FE85B201212046FEF7B4FE86B268F785FE0746324629462046FFF742FBA4F858
:20C840007C013846BDE8F04168F77CBEF5E410B1B0F87C0170477748408870472DE9F14F64
:20C86000764884B0049C06687548012545737048C07998B1B4F8A400002100F01F0761F704
:20C880008EFA60F3491794F8850060F38C27394617F4787F63D04E205FF7F0F9B4F8A40095
:20C8A000C143890709D0002161F779FA28B1606DD0F8E810491CC0F8E810606D90F820111E
:20C8C00021B1D0F80C11491CC0F80C11204642F7F8FAE07BE0B32046FEF7E4FBDFF86481F2
:20C8E000002084F82A01B8F8100018B1A0F10100A8F810004FF44610C069400472D5030155
:20C90000F401402C10004FF000095048CDF800904D460788B4F8A400CB4600F01001039159
:20C920009837494661F73FFA0246606D0021FFF799FA3844029094F8A100C8B3606D0121A4
:20C94000FEF72CFE82462046FFF7D6FA8146401C2FD04946204600E007E0FFF750FB05465A
:20C96000401C29D029E04D209AE794F88500A0B984F88550A07B60F738FF616DD1F8D4108C
:20C9800060F7B1FE010008D0606D58F775F8606DB0F8CC00208484F8255094F82B01002879
:20C9A00005D1D4F81C0100F10100C4F81C0184E003E0D1464D4600E05546B4F8A400C0066B
:20C9C00018D5606D0021FEF7E9FD0190304642F1CEFA5FEA000A0AD0002161F7E4F900908C
:20C9E0005FEACA6006D5DDF804B003E062E0019800908346606D0301F401302D10004A4686
:20CA00000099FFF766FA00EB0709606D2A465946FFF75FFA029AC11902EB090042180949E9
:20CA200049688A422AD90C4AF303136817D523F480131360B8F80E3023F01003A8F80E30B4
:20CA400016E0C05F2000E0F72100AC8B3100580B22008CCC2000AC302000688B310023F011
:20CA600010031360B8F80C3023F01003A8F80C30B4F8A42022F01002A4F8A42088421DD88F
:20CA800094F8A1000399084318D098F8120000070FD49E48026822F4007202609D48026885
:20CAA0009D4B02EA030202609C48026822F4002202604FF00200A8F8100002E0204662F7C1
:20CAC0004DFF204676F7B9F8E07B012802D12046FEF7F0FAF00304D594F8340120F001004C
:20CAE00005E0700305D594F8340140F001000301F401202E100084F8340194F81301012841
:20CB00000FD8B4F8A400C04380070AD194F83401C0F3400100F00100814202D1FF2084F8A2
:20CB2000130194F83401012140F0040084F83401606D90F8DA004BF7C3FE606D012190F870
:20CB4000DA004BF720FF606D90F8DA004BF7A2FF7548016811B14168491C4160049805B0A0
:20CB60000121BDE8F04F4EF190BF70B50546446D62F7D4FDB4F8CE00218B00EB4101E86932
:20CB800060F74FFAC4F8D4000146284662F7E0F895F88F0040F0040085F88F00B4F8D21095
:20CBA000D4F8D40060F7A7FDC5F80C01B4F8D000A4F8CC002884B4F8D200A4F8CE006884AC
:20CBC00094F8DD0084F8DC0085F82400E87B012804D1E07D40F2E2414843A862E07DE0709E
:20CBE000208BA080E1880301F401102F1000608B814207D16189E28B914203D12189A28B5E
:20CC0000914208D0E080E08B6081A08B2081E06B40F00200E0632846BDE8704062F7F3BA68
:20CC200070B50D4604460021284661F7C8F80146B4F8A400C5F3C002C0F380039A425BD13C
:20CC40003C4EB27C120700D5E1B93A490968022902D1E943890715D080F00400A4F8A4004D
:20CC6000204688F758FF90B1408C10F4C06F0ED02B49091F0868B4F8A420520704D540F07C
:20CC8000041003E0002504E020F004100860A4F890500021284661F792F800282CD094F86B
:20CCA000D810890700D5001F02462348C1880C39914200D20A46B0682149001D96F793F81B
:20CCC00094F8D800800717D594F8240100F1010084F824011B48006840040ED5606D030176
:20CCE000F4010030100090F8DA0066F767F93D2180F8CB100120A4F88C000020A4F890009A
:20CD000070BD2046BDE870408CF78BBA10B5416D044619B191F8CB104EF162FF2046BDE8CD
:20CD2000104062F7E2BB6C8B310064833100FFFBFFFE608B3100102122008CCC200088689F
:20CD40002000DB212000000A3700AC8B310070B5144600F10905FEF609FE012802D0122048
:20CD6000607170BDFF49B5F8030008800020F7E710B501691446C8B2C1F307214DF1AEF973
:20CD80000020607110BD2DE9F0478046154600F10904002666F7D8F868B1F249607E1227AB
:20CDA0000978884209D840B156F79AF8814656F7B7F848B904E0072007E06F71BDE8F087C5
:20CDC000484656F7ABF810B10C206871F6E7E6480078002894F90301F401F03010001A0094
:20CDE00003D046305A2803D903E015301E2800D80126607A0328E4D8A0882028E1D3E188D1
:20CE0000B1F5804FDDD88842DBD8E17D4907D8D0002ED6D0217A022901D0032901D1A028E4
:20CE2000CFD368F7A3FB0646217A484656F794F8617A484656F792F8607A18B1607E04F14F
:20CE40000A0104E0002066F7B1FA0146607E56F787F8E17D484656F78EF8A08820F00101D1
:20CE6000484656F78AF8E08820F00101484656F786F894F91A10484656F790F8207A08F1D5
:20CE80001A05012807D0042805D0607A02280CD003280AD011E0217C484656F776F8294647
:20CEA000484656F774F8002108E0217C484656F76CF82946484656F76AF8217E484656F720
:20CEC0006BF83046BDE8F04768F754BB70B50301F401E031100004461046A84D00230CE04C
:20CEE000E25C50400022C60702D085EA500000E04008521C082AF6D35B1C8B42F0D370BD1F
:20CF00002DE9F84F9F4F0024054697F80C9097F87220861DA34622B3797807F1680841B15F
:20CF20004146B86869F7D5FC97F87210B8680844B860787B97F8721007EB8000426C4046DA
:20CF4000FFF7C8FF797B07EB81014864B88897F87210401AB88087F872B00A21404665F76F
:20CF600060FC97F801C0BA8882B1387BE6287ED2BCF1000F04D0B968835D01F8013BB960A0
:20CF8000521E401CBA803873641CECE7797BB84607EB810ADAF83000022830D04D44E1B2CE
:20CFA0004646A81D0C46DAF84420FFF793FFC043070E707B214606EB8000426CA81DFFF7CC
:20CFC00089FF4FF47F010301F401D03210008143707B47EA112706EB80002146426CA81D98
:20CFE000FFF77CFF4FF47F418143707B47EA012706EB80002146426CA81DFFF76FFFC04303
:20D0000047EA00604FE0002088F8010098F80C70E02F1ED805EB0900A41D801DE1B2DAF8E2
:20D020004420FFF75BFF98F80D1008EB8101486498F80D10C04308EB810100BA486498F853
:20D040000C0051493044243902684A61808808832DE0012088F801004C481038C8F808005E
:20D060000090E62F0ED2C7F1E600834602464648B919103800E02EE069F72FFC0099594425
:20D08000C8F80810E03FA8F80470002088F80C00E01B801DC1B205EB09004646801DDAF8DA
:20D0A0004420FFF71BFF717B06EB8101486498F80D10404608EB8101096B012909D10301CD
:20D0C000F401C03310004178002906D0D8F80810314851F8041CC0F81415BDE8F88F787BD6
:20D0E000E1B207EB8000426C05EB0900801DFFF7F9FE797B07EB81014864EEE72DE9F047C4
:20D10000244D06462946687B0F7B05EB800991F87240D9F830004FF00008012804D0022853
:20D1200017D085F8018059E6F078C00705D0A7EB04003044807B687001E085F801801548AE
:20D14000A86068780028EED01249A8882439886044E6F078800702D50120687001E085F8EA
:20D1600001800D48A8600A486830824624B101462246723869F7B5FBB61DC4F10802B9197D
:20D180000DE0EE0822001C312000503D20002083B8ED24F92100FC452200902F2200F84866
:20D1A000204469F79EFB0821F648D9F84420FFF799FE697B05EB0301F401B03410008101A6
:20D1C0004864287B95F87210401A0830287385F872800A21504665F730FBA8880E38A8806F
:20D1E00000E62DE9F05FDFF8A0834FF0000982F8069008F10A0882F8059098F8021000F1E5
:20D200000905481C88F80200A888144628B198F8030020F0010088F80300DFF86CB30BF19E
:20D220004A0B71B198F80C00E62803D898F8721000296AD0E63888F80C002846FFF762FF0E
:20D2400067E0A87D464688F80000042801D904203070002014E000EB800105EB810106EBA9
:20D260008002D1F822301361D1F81E301362D1F81A301363D1F82610401C09BAC0B2916502
:20D2800031788142E7D8D5F80E0000BA7065306A326C0C38C1B205F112008246FFF726FE20
:20D2A000C043070E306A326C0C38C1B250460301F401A0351000FFF71DFE4FF47F0181435B
:20D2C000306A47EA11270C38C1B25046326CFFF711FE4FF47F418143306A47EA01270C385D
:20D2E000C1B25046326CFFF705FEC04347EA00603064726D0121904207D1326AA81D104406
:20D300000088B0803369984201D0A1717BE0327397E7E62801D388F80C9098F80360F00796
:20D320000DD09B4874210A3065F78BFAFF22282158469BF700FE88F80360BDE8F09F284660
:20D34000FFF7EEFDB8F80400002829D198F80D00022708EB80000326016B0229816D406C83
:20D3600003D081420CD0A7714DE0814201D0A67149E04BF14FFC98F80C00801D88F80C00D6
:20D3800098F80D00401CC1B288F80D1098F80000814206D198F8030040F0010088F8030013
:20D3A0007CE008EB81000301F40190361000026B022A15D9491C88F80D10A88848B9764856
:20D3C00074210A3065F741FAFF22282158469BF7B6FD98F8030040F0010088F80300B0E7BC
:20D3E00000694FF0E60A82B2A8F8042098F80C00DC2842D8A91D08440088824213D0A6718B
:20D4000098F80D0008EB8000006B0128AFD0624874210A3065F719FA5846BDE8F05FFF224E
:20D4200028219BF78CBD2846FFF774FE98F80300C00702D12846FFF777FDB8F8040030B950
:20D4400098F80D0008EB8000016B022907D098F80C00E62826D9E63888F80C0022E0816D0B
:20D46000406C814287D14BF1D9FB88F80CA098F80D00401C88F80D0090E7E62812D2A91DF4
:20D4800001440B889A42BAD1C0F1E6024348723069F733FA98F80C00C0F1E60088F8030143
:20D4A000F40180371000720088F80CA0A88878B93C4874210A3065F7CCF9FF222821584635
:20D4C0009BF741FD98F8030040F0010088F8030084F8059039E72DE9FE4F00F10906314828
:20D4E0003249154690F80090097800204FF01008FF2900D08946D6F80710DFF8B0A0CA07A2
:20D5000040D0274AC1F303210A328AF80010D278D24392070FD1264B01EB41016A4603EBCF
:20D5200081010B189B7C1354401CC0B20C28F8D3104606F084FE022404F00101600808EBB6
:20D54000010705F048F8417801F07F014170D6F8072022FA07F2D20700D080221143417059
:20D56000090602D500F1140100E0011D641CE4B2C167062CE0D34946002005F007FC08B936
:20D58000122068719AF80000A8710A4800684078C009E87100200301F40170381000A86068
:20D5A000A881A873BDE8FE8F00001AF9210057FD21005BFD210064FD2100284B22007CFD43
:20D5C00021002DE9F04100F10904804617461222E11CFE4869F799F9FD4D0022002000EBE2
:20D5E0000213191900EB400305EB83031344401C497DC0B299741028F1D3521CD2B20C2A24
:20D60000ECD3F3480026C17841F00201C170C4F80360F048C4F80700F149EF48D1F80A20CE
:20D620000260D1F80E204260498A018101220621EC489BF78CFC0021084604F0D0FFA97CAB
:20D6400089080177297D890880F824100121002004F0C5FFE97C002289080177697D8908DD
:20D6600080F8241011464046FFF739FF0021084604F0B5FF04460021012004F0B0FF014666
:20D6800000792071087B20730121002004F00301F40160391000A7FF04460021022004F06B
:20D6A000A2FF01792171007B20737E71BDE8F08110B5C94B09300024243B1C70C178597087
:20D6C00019B1007900F00F00187054711878907110BD10B5C14C5022243CC449E06847F726
:20D6E0000DFB40F6FF71E06847F7D8FAE068BDE810405022BE4947F7F2B92DE9FF4FFDB074
:20D70000884679A97B9177A97C91B349002624399246C9683EAC6D46374601F5807B01F557
:20D72000407980B101282CD1042276A9484647F7E5FA7698411C28D0010A809A000C401EF7
:20D74000117004B24AE0042276A9584647F7D6FA7698411C19D08099000AD222087004F19F
:20D760000C010BF1040047F7C9FA002120467B9AFFF72BFFFF218AF800109DF8E91188F81E
:20D7800000100DF5017D0301F401503A1000BDE8F08F112088F80000F7E703202873732062
:20D7A000704309EB4000A5F80D40001DE62205F10F0147F7A7FA002128467C9AFFF729FDCD
:20D7C000641E761C9DF8E20124B2F6B220B1401E012181403943CFB28AF800709DF8E111B7
:20D7E00088F80010002CD8DACFE72DE9F84F00F109047B4815462438C668FF209071374665
:20D800008246D071002006F5807607F54077507146F7BBFF47F73DF84FF01208B0B3E078FC
:20D8200038B101285FD002282FD1207900285DD062E020794FF01109D0B904226946304687
:20D8400047F760FA0098401C1DD1D222A11D301D47F749F994F905104FF4803040EA0120EF
:20D8600021790422084300906946304647F73BF92079012832D104226946384647F703011C
:20D88000F401403B100042FA0098401C03D085F8059042E405E0B4F8EC00B4F8EE108842DC
:20D8A00002D885F8058038E4401A401EC0B27321484307EB4000001DE622A11D47F717F9C4
:20D8C000B4F9EC00B4F8EE1061B994F90510000440EA012021790422084300906946384632
:20D8E00047F705F96079A87185F807A015E4FFF7F8FE12E4AB1DEA1D691D0020FFF705FF8C
:20D9000020790128C5D1AB1DEA1D691DFFF7FDFE03E4007B1221012803D002280FD051710D
:20D920007047012090710C20D07134481838036893604368D3608068106151707047304850
:20D940000221006A91710421D17190600A20507070472DE9F04100F109042A4815460078B6
:20D96000012802D001205071A8E665F71DFB40B1E078122618B10301F401303C100024499C
:20D980000978884204D96E719CE60720687199E655F719FA0C2730B1E07855F7D5FA8046D3
:20D9A00055F7F2FA08B16F718CE6404655F7EAFA0028F8D1A0882028E5D3E188B1F5804F77
:20D9C000E1D88842DFD8607A4007DCD0207A0128E9D00428E7D067F7F9FD0546217A404621
:20D9E00055F7EAFA617A404655F7F5FA13E0284B220024F9210001000300D02E2200FC4530
:20DA0000220098FD21001C212200D8522000F03C20001C312000A08820F00101404655F7C0
:20DA2000DCFAE08820F00101404655F7D8FAA17A404655F7E1FA2846BDE8F04167F7CABD01
:20DA40001120507170472DE9F74F06001746C2EBC70000EB0711FF484FF000084FF0120AFE
:20DA6000026802EB8105A5F13C0528D0297B0301F401203D1000B14225D100248146DFF845
:20DA8000E0B315E0C4EBC40000EB0411D9F8000000EB81002030C17CC90708D0017B55F751
:20DAA00065FA01460622019860F7A9F858B1641C9BF800008442E5D3E87CC00716D0287BB9
:20DAC000012802D012E0504680E5012E0ED167F781FDE44A07EB4701126802EB8102019988
:20DAE0000B6813608988918067F778FD08F0FF006CE570B500F10905DC48144600780128C0
:20DB000002D00120507170BD65F756FA40B1E87818B1D3490978884204D91220607170BDEA
:20DB20000720FBE755F753F928B1EA782879691DFFF78DFFF2E70C20F0E770B500F1090560
:20DB400000201446507142F128F8E81C42F161F8002801D11220607170BD10B500215171D5
:20DB60001446007B42F10301F401103E1000AAF8002801D10C20607110BD10B500211446A0
:20DB800051710C3042F1ECFA002801D10C20607110BD70B500F110051446008A65F7B4FA91
:20DBA000010004D02A460F208DF7EDFD00E0022060712888E08070BD10B5144600F1100251
:20DBC000002110208DF7DFFD607110BD10B51446002111208DF7D7FD607110BD1FB5A54CCA
:20DBE0000930236823F07E0343F00103236000238DF80C30B0F80330ADF80D3040798DF834
:20DC00000F0068467BF771FA1FBD2DE9FF4700F1090517468089052166F758FA0646B5F8FF
:20DC2000030065F771FA824695F905407BF796FD034600216EB9BAF1000F0AD1B5F80300A4
:20DC4000FE2803D0FF2803D0022049E0012100E002218948C07C000701D5112040E0030122
:20DC6000F401003F1000DFF81C92EC4699F8020088B199F8035099F804200CEB45052A7069
:20DC800099F8050068708048814A007801284FF0000004D012E0012289F80220F3E7D2F873
:20DCA000008008EB000292F824500CEB400215705070401CC0B20828F3D30CE0D2F8008079
:20DCC00008EB0002157F0CEB400215705070401CC0B20828F4D39DF90000A04203DB9DF98C
:20DCE0000E00A04203DD30207871BDE8FF87002001E0401CC0B20CEB400292F90020A24259
:20DD000001DB9842F5D3401EC2B20CEB420089F8032090F9003089F8043090F801C089F89E
:20DD200005C0C578E71AA5EB0C057D4390F902700470FB1A95FBF3F3634443702EB186F8CE
:20DD4000A02030687BF7E7FCCFE7504665F745FDCBE770B5494B0301F401F03F100000F198
:20DD6000090415461B78012B01D0012017E0E378062B13D2DFE803F0120306090C0FFFF733
:20DD800046F80DE06EF78EF90AE06EF760F907E06EF737F904E06EF79BF801E01220687180
:20DDA000E078A87170BD114643F190BF2DE9F041007B164600B3DFF8E08000250024A321D6
:20DDC00005FB01F008EB4007A32000FB047006F03FFB641CE4B2022CF6D36D1CEDB2062D4E
:20DDE000ECD32E4D0024A32000FB045006F030FB641CE4B2052CF6D30020707172E470B506
:20DE000000F109041546808965F786F950B1A178022905D0617980F847110020687170BDDB
:20DE20000021F8E71220F9E72DE9F84F4FF0000B00F1090782F805B016468089012166F715
:20DE40004DF9050035D0D5F8FC004FF00C080301F401E040100040077CD42868134AC0EBFE
:20DE6000C00102EB0114703C71F7AAF879790122B2EB510F41D10D4A0020126819E05C3C83
:20DE800020001C312000603C2000F03C200000F82100F853200000F9210058FD21007CFD60
:20DEA0002100573822002835220098222200903A2000D64B93F800C00EE00220707100E509
:20DEC000C0EBC00302EB4303DF7A042F03D1DB792F68BB4202D0401C6045F1DBB171C0EBED
:20DEE000C00002EB40010E22F01D68F732FD012084F86C0086F805B0E3E401F00109E96919
:20DF0000C1F3C4020A2A37D195F8B5200323B3EBD20F31D109042FD494F84C1011B1B9F1DE
:20DF2000000F29D151EA090126D097F80680B7F807A0B7F809104FF0120E0091B9F1010FC0
:20DF400017D81CD1B8F10301F401D0411000000F13D0BAF1000F10D0C28E00E010E008F17D
:20DF6000010140F271235943B5F85C3040F2712C4A4303FB0CF39A4205D986F805E0A4E406
:20DF800086F80580A1E484F84C90B9F1000F02D04FF0010201E04FF0000284F84D203FD0BA
:20DFA00084F84E8084F84F80A4F850A00099A4F85210818EA4F85410C18E08F1010801FB4D
:20DFC00008F1A4F85610818EA4F85810C08EA4F85A0084F86DB0E06D58B94FF0200064F73E
:20DFE000C7FDE06560B12A688C4967F7C9FBE06D30B14FF47A700AFB00F1E06D67F777FD0E
:20E00000206E40B9202064F7B3FD206618B12A68824967F7B5FB0021284643F147FF2CE05F
:20E02000028CB4F858108A4204D1428CB4F85A309A420ED00184B4F85A104184B4F80301CF
:20E04000F401C042100058108186B4F85A10C186C4F868B0012180F82510E06D30B167F7BE
:20E0600065FDE06D64F78BFEC4F85CB0206E30B167F75CFD206E64F782FEC4F860B084F86E
:20E080006CB07879B07124E42DE9F04700F1090617468089012166F72DF80500B6F803003D
:20E0A000F8804FF0000179714FF00C0224D028685D4BC0EBC00003EB0014703C1CD0A1801F
:20E0C0008846E180617C584821F001016174A4F80880A4F80A80C4F81480007878B15348D6
:20E0E000007860B1B079DFF848915249A8B3707998B34878142805D37A71BDE8F087012098
:20E100007871FAE7A07E30B901EB80025268DAB1401C1428F8DB7079A07670790870B07987
:20E12000C0008870204646F107FC284646F1BCFBA07EC10712D00301F401B0431000032143
:20E1400021744FF6FF7121806180A181E1810BE001EB80002A684260487800F1010048707A
:20E16000DDE709E084F81080800702D5B079C00021E089F80080C4E7A07E90B1002001EB87
:20E1800080022B6852689A4208D101EB8000C0F80480487828B1401E487002E0401C14282A
:20E1A000EDDB84F8108084F81A804A784046002AA7D18870087089F80000A2E7204B09306D
:20E1C0005C3BC178196049B15968C2F806109968C2F80A10C07808B1022802D100205860D0
:20E1E0009860704770B500F1090415468089012165F784FF70B100680121814011480068BB
:20E20000014209D062790F48002A026907D01143016170BD122000E00C20687170BD8A4350
:20E22000026170BD0000883A200039BC24000301F401A044100098222200FAF92100F9F984
:20E24000210045FA21006C212200F027200000F9210010B504464BF1EEF90100FB4894F83B
:20E26000A81000EB011006D050F80C1C491C40F80C1CF64805E050F8081C491C40F8081C8F
:20E28000F4480168491C016094F82101022809D0012843D1D4F8FC00401CC4F8FC00401CED
:20E2A0000DD010E0D4F8F800401CC4F8F800401C34D194F8A800BDE810402AF763BF94F864
:20E2C000A8002AF75FFF94F82201002826D0E148D4F8FC100088B1FBF0F200FB12100028EE
:20E2E0001CD1D4F8F8002CF751FC94F82211814202D294F823217AB181420FD994F8230151
:20E3000000280BD0002084F8230194F8A810BDE81040212036F79DBF0120F4E710BD30B48A
:20E32000D9B9CD4A12780301F40190451000C2B1CD4BCD4C5A78521C52B25A7094F900404D
:20E34000A2420EDB1A78C94C521C52B21A7094F90040A24202DC30BC5EF7F7B900221A7021
:20E360005A7030BC2CF7CFB82DE9F05FC14F3868807B5FF7A6FA05463868C16E28465FF759
:20E380001EFA396804460026B1F8020138B3A04225D2084663F722FE08BB386863F701F866
:20E3A000E8B9386890F8A80065F7C1FB90F8A200082814D03868A0F8026163F71DFB3868E9
:20E3C00090F8A8100D2036F748FFAA48C07C002870D0BDE8F05F002150205DF7BFBC3868D2
:20E3E00090F8141169B1B0F80611A8B25FF7A8FAA04206D33868B0F80611A8B25FF7A0FAE1
:20E4000004463868D0F8A41069B1B0F80811A8B25FF796FAA04206D33868B0F8081103015B
:20E42000F40180461000A8B25FF78EFA04463868B0F80411A8B25FF787FA0546AC4200D8F0
:20E4400004463868B0F80011091FA94205D890F81321022A01D380F81361894A1388A3422E
:20E4600006D3A94201D8032106E080F8116148E05188A14203D3042180F8111141E0918858
:20E4800090464FF00509A14202D380F8119138E090F8A80076F771FE06004FF0060A4FF0CF
:20E4A000070B03D063F796F90F2808D0B8F80600A04218D3396881F811A122E02EE0714867
:20E4C0004188A14203D3396881F8119119E080883968A04204D381F811A17520B07410E0CF
:20E4E00081F811B10DE0386880F811B1C27B012A07D1B8F80610A94203D290F8A8006FF7BE
:20E5000095FA386890F81811012907D190F81111091F032902D20301F40170471000032163
:20E5200080F81111BDE8F09F2DE9FC5F04460F46002590F8A80065F702FB30B10068544969
:20E54000C0EBC00001EB0015703D0026012F05D184F89B6084F80D6184F80E617EF769FC50
:20E56000DFF824A150B1A681E07BDFF82891B84276D07EF79AFB484F70B90AE09AF8160050
:20E5800018B1182132205DF7F1FBBDE8FC5F5EF7ADBAF87C000704D594F89C0040F08001FE
:20E5A00003E094F89C0020F080013C4884F89C10007841080AD0C00794F89C0002D040F087
:20E5C000800101E020F0800184F89C10204640F7EDFAF87CB846010704F19400019001D433
:20E5E00000F792FED4F8A400012700B394F8940000061CD594F8A81007FA01F01E49C96864
:20E60000084214D1204663F72DFD60B9E07B0301F40160481000012809D11B4890F8371087
:20E6200029B90068A04202D094F8A20018B140F7D3FA002879D0B4F89C005D4660F30F051E
:20E64000E07B4FF0030B012830D094F80C0160B3B4F8000104286AD394F81301022866D324
:20E6600094F81601E8B362E0C7E1E83322004CFD210050FD21008E292000B1F8210004FABE
:20E680002100B2F82100B0F82100286C2000C05F2000A0292000002D200098222200D0866A
:20E6A0003100F8532000D43A200040E025F0780060F30705C5F3072020F07C0060F30F2592
:20E6C00084F813B1204663F7D1FC78BBF8490868A0423CD1F74AD4F8F4001268104236D1C6
:20E6E00000E00DE094F89800022830D194F89400C0F3C30001282AD884F81C714C6026E082
:20E70000A07B6AF765FC0301F4015049100028B1EB49B4F80001098888420CD225F07800FA
:20E7200060F30705C5F3072084F813B120F07C000FE02EE00FE025F0780000F1080060F30A
:20E740000705C5F3072020F07C0084F8137100F1040060F30F25DA49A8B200958346086083
:20E7600084F8A07098F81300000706D40023C5F3C3011A46012000F787FF84F821619AF85C
:20E780000400002804D04FEADB0101205DF7F6FAF3E0E07B28B984F8137184F8986084F800
:20E7A000996094F8A30038B104F19D04A671207880F0020004F89D0994F8A200D8B194F8AC
:20E7C000A80065F7C4F95DB1E87CC00708D084F8286184F82171E87C20F00100E8740EE095
:20E7E00094F8280100F1010084F828014FF0020084F8210103E084F8286184F821710301F4
:20E80000F401404A100084F8A27084F80D71AF4884F81D71D4F8F42001699143016198F8D0
:20E820001300C00602D5204683F75FFFA749B4F89C00ADF800000860091DB4F89E000860CD
:20E8400001987EF7D4FA94F8A8007CF742FB50B994F8A80070F7DCFB90F8430018B994F855
:20E86000A80047F106F894F89C009949C0F3C300085C84F8A000401EA081E07BC0B9204601
:20E8800063F7FCFBA0B994F8190188B320464AF723FE28B19048007884F816018F4804E0AE
:20E8A0008F48007884F816018E48007884F817019AF80400564690B1B4F89C00B4F89E107F
:20E8C000C0F3C60040EAC11103205DF75BFA94F82101022803D0012165205DF753FA307A5A
:20E8E000F8B1B4F89E00C0F30100032807D018E0FFE77C4800780301F401304B100084F855
:20E9000016017B48D5E794F8210102280DD0D4F8A4007F220178B2EB510F02D14178433125
:20E9200000E049085D205DF731FAB07A70B1B4F89E00C0F30101032908D094F8A810C0F365
:20E94000C90060F31F110D205DF720FAEDB169480078D0B194F89C00C0F3C30194F8A900B4
:20E9600046F16EFB30B1D4F8A40018B1A87C40F00800A87494F89C00C0F3C300022804D9C0
:20E98000D4F8A40008B15C480770E07B01280DD15B49D4F8F4000968084207D094F89D00B2
:20E9A000C00703D05748007884F8250198F81300000702D520466FF753FD5248407A20B142
:20E9C00094F8A90000992EF7FEFB204640F7ECF994F85E0060B1B4F89E0041F6FB71084099
:20E9E0000128D9F80010484610D021F001010301F401204C100001604648007800282DD08B
:20EA000045480078002829D02046BDE8FC5F012146F1F1B841F00101EDE784F8986084F871
:20EA200099607EF7ACF994F85E0028B1D9F8001021F00101C9F80010A06E10B1B4F886003A
:20EA4000A08194F89C00C0F3C300022806D932480168002902D04168491C4160BDE8FC9F21
:20EA6000F8B50446D0F8A4001D4D012638B36946204663F754F994F89C10194AC1F3C301E8
:20EA8000515C814294F8A80006FA00F6E86802DD0643EE6001E0B043E860D4F8A400002862
:20EAA00072D10B49D4F8F400096808426CD094F89400000668D5E07B012830D03DE094F878
:20EAC000A8008640E868B043E860EAE70000286C2000E02B200086282000CC8A310004FA3A
:20EAE00021008C090D000301F401104D100084292000852920008229200083292000802912
:20EB0000200081292000F9F92100F8F921009429200086292000F85F2000FAF921006C2122
:20EB2000220010212200FE4890F8371049B994F81D1131B10168A14274D1B0F9300000281B
:20EB400070DD6946204663F7EEF8E67B0146B6B1009818B1A27B807B824200D0891E00232D
:20EB6000002918DC94F80F01EF4900F10100C0B284F80F010978884254D9012130E094F87E
:20EB80009D00C00705D194F8120110B1091AE6E748E0491EE3E7A27BE448805CF6B9E34F8C
:20EBA000D4F8F4603F683E4218D0032816D24FF0FF3606EB4000884210D1009870B1807B0F
:20EBC00082420BD194F81001401CC0B284F81001042803D30828D0D384F8103100290301DE
:20EBE000F401004E100021DDD4480088000703D5D348006800B1012184F80F3104F19400A6
:20EC000027F752FED4F8A40000280FD0A07B5EF781FEA4F80801B4F89E00C0F30100022853
:20EC200004D1D4F8F400296908432861F8BD70B5BE4D2C68B4B1204663F772F890B194F804
:20EC4000190178B1D4F8A40060B1BD49D4F8F4000969084206D1BB49B5F9300009784942A9
:20EC6000884207DCB94C002020602BF769FAAFF243002060012070BD2DE9F047044690F8EC
:20EC8000A80064F778FF00287CD00068B049C0EBC00001EB001694F89800703E18B920688D
:20ECA000016A20468847AA480568D4F8E80090B1A9071BD594F89810022909D1690307D53F
:20ECC000207C00217AF795FEC1B2D4F8E80000E02A214EF76AFB0301F401F04E10007EF7BB
:20ECE0002EF801274FF0000830B194F8980002280BD08FE02921F0E704F8997F207920F028
:20ED000001012171A4F1990484E0E07B68B96AF7A4FD50B194F89400C0F3C300401F03282A
:20ED200003D394F8A8006AF7F8F904F19400294681462EF726FB94F8940094F89C10C0F367
:20ED40000202C1F302018A4250D18449C97CC9060DD58349C0F3C30009680968C1F3C3317C
:20ED6000884204D12946204683F7E5FB52E0B4F896004EF207010840A4F8960000232A46FC
:20ED800004F1280148462EF736F800E0A6E094F899107448012915D084F81F710079F0B1E8
:20EDA00094F89400C0F3C3000128B4F89400C0F3C60101D8022010E0B4F8960041EAC011B1
:20EDC00004200AE0007950B16849B4F894000301F401E04F10000978C0F3C60040EAC1118C
:20EDE00005205CF7E7FF94F89D00C00716D084F8148113E0400711D194F89D0020F0010177
:20EE000084F89D10680309D515F4601F06D1022184F89910294648462DF783FF20463FF79A
:20EE20001CFFE07B012820D194F8980001281AD002281AD194F8940010F0780F02D1D4F8B0
:20EE4000A41081B1C0F3C30101290AD1D4F8A41039B9484AD4F8F4101268114201D00106D7
:20EE600001D4400701D15DF7A1FC94F89B0020B9204684F89B702AF7FBFE3F48007830B1CC
:20EE80002EB1307C18B10121204645F133FE3B4D94F8A8002A68C0EB001102EBC10111F86D
:20EEA000772C7AB111F8761C61B1401E002149F771F894F8A8002A68C0EB001002EBC00081
:20EEC00000F8768C2F480301F401D0501000007830B12E48007818B11021204645F19FFE1E
:20EEE0002046BDE8F04700214CF180BEBDE8F08710B504467DF7CFFF08B17DF791FF1A49A7
:20EF000000205039086094F8170140B1E17B31B994F81311032902D1401E84F817012046FE
:20EF20002BF76FFE20463FF7B8FE20463FF714FF3FF770FF94F8A8000021401E49F754FD58
:20EF400027E0286C20007929200060AC200094292000042122009820200004FA21007E2946
:20EF60002000D05A2000982222002C8B3100F85320006C3B2000C05F2000B2282000E02BED
:20EF80002000F9F92100E0292000FAF921006C21220094F8A8000021401E49F788FDFE4894
:20EFA000007860B1FE48007848B1FD480068C0F3C300012803D00221204645F130FE030101
:20EFC000F401C05110002046BDE8104000214CF1F4BD2DE9F05F044690F8A80064F7DBFD9F
:20EFE00005007ED02868F149C0EBC00001EB0010F049A0F1700894F8A8000860EE4894F8ED
:20F00000A9104FF000090160A4F80C9094F8980004F1940618B9314620462DF7B4FD94F894
:20F02000A800314682F753F8012684F89A6094F8160130B194F81311012902D1401E84F845
:20F04000160194F89800DFF870B3DFF870A3022837D0DB48007920B19BF8001000205CF7DD
:20F06000B1FEE07B78B194F8250100280AD0CE4960310968C907F9D0401E10F0FF0084F81E
:20F0800025010AD053E1204663F718F80028F9D1022120462AF7C4FA49E1D4F8F420DAF836
:20F0A00000109143CAF8001094F8190100287ED020464AF731FA0301F401B0521000002879
:20F0C000E4D020464AF7D3FA35E1A07B5EF731FC074694F8130103280ED0A07B69F7A4FF41
:20F0E00038B1B4F80001B94900E0C8E10988884202D2022084F81301E07B48B16AF7BDFBA1
:20F1000030B16AF7BDFBA17B884201D147F169FBA06E48B194F89400C0F3C300401F02287B
:20F1200002D9204663F7C0F994F8940094F89C10C0F30202C1F302018A427ED1204648F1FB
:20F140008CFA10B9E766A4F804719F48007970B1D4F8A40058B194F89500C00707D094F8BD
:20F160002801494660F3480165205CF72FFE984920462DF765FD204662F7A4FF18B9022113
:20F1800020462AF751FA94F8980002286FD194F89400C0F3C300012839D8D4F8F420DAF88D
:20F1A000001020469143CAF8001084F812910301F401A053100062F789FF98B900E0C4E062
:20F1C000E07B38BB8649D4F8F4000968084203D094F89400000608D4204684F81C61022140
:20F1E0002AF779FDE07B28B16DE094F80D0108B984F81C6194F8A8007BF793FE50B994F8D7
:20F20000A8006FF72DFF90F8430018B994F8A80046F189FB57E0032859D3D4F8F410DAF8F9
:20F2200000201143CAF80010E07BD0B9204662F74DFFB0B994F81901B8B120464AF774F90D
:20F2400000E071E028B16648017884F81611654804E065480178654884F81611017884F8DE
:20F26000171194F8140138B112E06148017884F816116048F2E756E094F89500C0F3400159
:20F2800094F8AA00814203D184F81461A4F80671E07B78B994F8A8007BF743FE50B994F895
:20F2A000A8006FF7DDFE0301F4019054100090F8430018B994F8A80046F19BFB04F1FF04E3
:20F2C00014F8651CE174E673E677A4F1FF0494F89800022832D1204662F7FCFE38BB484970
:20F2E00091F8370018BBE07B012801D0B0B125E094F81201012824D90868A04203D1B1F92B
:20F30000301000291DDCA04202D05DF727FC15E090F82001A8B15DF721FC06E0B1F9300038
:20F32000002810DC0968A1420DD12AF725FF05E0400703D05DF712FC8BF80060E07B01287A
:20F3400001D184F8259194F8190110B1204641F106FE20462AF7EEFF28B120462AF7B5FF1E
:20F3600020462AF79EFF2046217C73F7EEFC25482649C07C0A684007002894F8A800C0EB3A
:20F38000001002EBC00002DB10F8770C0AE010F8772C8AB194F89420C2F3C302042A03018C
:20F3A000F4018055100002D210F8750C40B11948007828B994F8A8000968C0EB00102CE0FF
:20F3C00035E0FAF921006C212200CC8A310098222200C0282000C4282000B2282000942927
:20F3E0002000C05F2000862820007C090D00E02B2000842920008529200082292000832911
:20F4000020008029200081292000286C2000F8532000E0292000D429200001EBC000002107
:20F4200000F8766C94F8A800401E48F714FDFE48007848B1B8F1000F06D098F8100018B162
:20F440000021204645F16EFBF948007830B1F848007818B10821204645F1F5FBF648806890
:20F46000400718D594F89800022814D194F8A800F24FA7F14F08C05D78B102280BD094F8EA
:20F480009400000615D5A07B5EF75FFA2A6808EB820141F8040C0301F40170561000BDE85A
:20F4A000F09FA07B5EF755FA2A6808EB820141F8040C94F8A800C655F1E7E24EB068002816
:20F4C000EDD0A07B5EF745FA2A6808EB820151F8041C5EF7BCF971688842E0D914F8A81F16
:20F4E0000220C8552078BDE8F05F40F400410D2035F7FBBE10B5044690F8A80064F75FFBC6
:20F5000020B190F8A21020464CF10EFC94F8A81001208840CC494A69824320464A6145F132
:20F52000CBFD2046BDE810402AF716B9C848C6490161AFF68D71C160AFF23F510162AFF23E
:20F540004D018160AFF22561C161AFF68D018161704710B5002490F8A80064F730FB58B1BF
:20F56000D0F8D41041B143F69822914204D890F8DF00022800D10124204610BD10B50C467A
:20F58000FFF7E7FF10B13F2C00D23F2420460301F4016057100010BD2DE9F047AF4D0026CC
:20F5A000A9682868884204D085F8396085F83A60A86090F81911A94CE9B3A94A95F83910CB
:20F5C000DFF8A4821278DFF8A092A84F91421ED290F8111179B9D0F8F410D8F800201142F6
:20F5E00003D090F89420120605D4D9F800203B681A4311420BD09E490978E9B390F8A800B8
:20F6000028F707FBC0B3286890F8190198B12868D9F80010D0F8F420D8F8000008433968D2
:20F62000084302420BD095F83A009249401CC0B285F83A0000E002E00978884203D385F8D9
:20F64000396085F83A606678286890F8111119B1615CB14200D90E4688490968090700D514
:20F66000E678D0F8EC10491C1ED0807B5EF775F92968D1F8EC1000E009E05EF7F0F80028D3
:20F680000CDB29684FF00301F40150581000FF30C1F8EC000CE095F83900401C85F839006A
:20F6A000A678D5E7286890F82701B04200D9064631462868FFF76AFF2968887472480078F4
:20F6C00085F8380032E42DE9F05F064665F76FFF304629F701FC070005D062F714F810B14F
:20F6E000384662F731FA304665F7E2F904007DD0304664F76CFA4FF0010A0546D04684F8AC
:20F7000013A052465649204662F7F0F884F810800220607454480078A074E869C0F3C0303A
:20F72000E073304664F73BFFA07384F8A86008FA06F0C4F8F40094F89C00E969534A61F3C1
:20F74000020084F89C00002184F815111288A4F80021B5F85C20A4F8022104F1940440F0D0
:20F760008000627A42F0020262722072E173207840F08000207084F8168095F8A3200301FF
:20F78000F40140591000A4F19404B8EB521F01D1022000E0012084F8A900C4F8B01095F867
:20F7A0009F0084F80A013B488946C8460078404284F80B0184F8C010102104F12C0065F747
:20F7C0004CFFC4F8288065F77DFF8346A07B5EF7CCF88046584665F779FFC4F86C80A4F829
:20F7E00004814FF0FF30C4F8EC00204629F768FB304600E064E0A4F726F8204661F72CFE4A
:20F8000065F741FD95F8F50010B9304627F704FB69F728FE304681F737FCDFF87C800622CE
:20F8200008F1040105F128005EF761FAB8BBC8F80060414688F80DA000206FF07F020B1892
:20F84000401C83F8382007282AE0F9F92100FAF921006C21220004212200A72B220004FA31
:20F86000210089451000A8292000286C200098292000892920000301F401305A1000E02B93
:20F880002000203A2000942920008B2920008A2920007C222000872920008C2920008F2236
:20F8A0002000507B200002E0CDD388F80C900021701E48F7E6F9B5F864004CF1A6F8B97DB0
:20F8C00060F3C601B9752046F9E570B504467DF76DFA014604F1940028F71BF8A44E012538
:20F8E00030B994F8A81005FA01F0716908421CD094F86100002818D0A06CE16C401C41F1F7
:20F900000001A064E1649A490860091DE06C0860A07B5EF70DF8A065002084F8640094F872
:20F92000A80085407069A843706170BD2DE9F04705460F4616464FF001084FF00009006857
:20F9400029F7C8FB04007ED099F799FB20B965F736FE65F7BBFE81462FB11022394604F183
:20F960002C0067F762F895F85700C0F3C0010301F401205B10004FEA8101C0F3800241EAAC
:20F98000C201C20603D5400701D5012000E0002041EA0010A06257B11EB13068E0637068FF
:20F9A00004E0D5F82801E063D5F82C01206495F85700C0F3C00084F8600095F85700C0F3E2
:20F9C000800084F85F00284665F7E0F80021E8B1A06A20F01000A0628FB1226D636D1A4348
:20F9E00000D08846002323656365A364E36484F8651026B9B8F1000F01D084F8661028B184
:20FA0000012084F85E0084F8631001E084F85E1099F739FBA8B162F71AFB054694F8A80027
:20FA20007BF79DFAA54202D038B1854205D15CF7CDFCBDE8F0475CF7E4BEBDE8F0475DF761
:20FA4000A9B8484665F74AFE65F725FC00E014E094F8A8007BF783FA050007D061F75FFE0E
:20FA600020B1284661F70301F401105C10000EFF102804D02046BDE8F04762F7CEBB2846CF
:20FA8000F9E72FE62DE9F0470E469046054629F729FB040035D065F721FE8146284649F772
:20FAA00055FD384A012707FA05F1136896B11943116010B949F75AFDC8B1002205704260B2
:20FAC000B8F1000F03D04770022181700FE0427087700CE08B4313602C4A13688B431360D9
:20FAE0002B4A13688B43136008B1FF21017084F81961204629F7F0F94846BDE8F04765F760
:20FB0000F1BDEFE570B529F7EDFA040035D065F7E5FD0546204662F7FDFAF8B994F8190198
:20FB200040B11B48007828B11849D4F8F4000968084213D0204662F70CFB78B962F717F901
:20FB4000A0420BD0204662F7DFFA38B9204662F7A5FA18B9204661F784FC20B128460301AF
:20FB6000F401005D1000BDE8704065F7BFBD0120E074284665F7BAFD2046BDE8704062F7EC
:20FB800013BC70BD000004FA2100EC893100F027200010F92100203A20008829200070B5D3
:20FBA000FF4D0021286884B244F480702860FC4B1868C0F30E021A60084642F400461E6016
:20FBC0001A68C2F30E021A60401CC2F30D02C0B211446428F3D332316426B1FBF6F0F14972
:20FBE000C8634FF47A7148431C21B0FBF1F0401D0A2190FBF1F049F1B4FAA0F50040A0F512
:20FC0000E25000EB8000800001D5323800E0323090FBF6F024F4807100B2296070BD2DE94D
:20FC2000F041DFF8848300263446B8F800003546374610F0FF0F1ED1DD480068D949C0F30E
:20FC40000420091F096801F03F06D54950310968C1F30334072C0301F401F05D100001DD4F
:20FC6000103C64B2D1493C390968C1F385051F2D01DD403D6DB20B3800EB400047B2FFF7C1
:20FC800092FF0A2190FBF1F0B8F8001000B211F0FF0F07D1B9192944611A01EB810100EBD0
:20FCA000410000B2BDE8F08110B565F798FCC2490120086008614FF4C001C1F8BC01BF4808
:20FCC0004FF0CF0181604FF00F0101614FF0300141604FF0C0010160BA490868B44A5086CA
:20FCE000B94803689386D0F81032D3860A6822F060020A60016821F4C0610160D0F81012E2
:20FD000021F40071C0F81012B0494FF4C0400860AF494FF000000860AE49086010BD2DE9FE
:20FD2000FF5F05460398002114464FF00A080170FFF739FFA0F132014FF0640B91FBFBF229
:20FD40009B4991F906108A422ADBA24988420301F401E05E100027DADFF858A2AAF13C0A9F
:20FD6000DAF800101FFA81F929F0FC0141F03001CAF80010142001F7FBFB00273E46FFF701
:20FD800016FF761C76B207444645F8DB08EBD870A7EB600191FBF8F6CAF80090142001F7C5
:20FDA000E7FBA6F5E16630B26FF01801DFF80CA2694300EB81022AF81420894A4FF0010E0F
:20FDC0000A2302F804E0002801DA401F00E0401D90FBF3F0DFF8E08101B2019E98F9079059
:20FDE00098F906C0C9F100000CEB8C0200EB8000C1EB420201EB400012B200B21EB998F809
:20FE00001760012E11D0B8F92A704646BA4201DCB84276DD002A5EDD491F91FBF3F1A1EB95
:20FE20000C01691AB57A294463E01826002A1DDD98F9127007EB8707B1EB470F61DD491FC6
:20FE400091FBF3F188F80301F401D05F100012108946A11E91FBF6F706FB171101EB4106F5
:20FE6000ACEB0901314498F815603144294488F809104AE0002848DD022C02D9671EFFB236
:20FE800000E0274698F913C00CEB8C0CB1EB4C0F21DA5549CE3931F91710002901DA3239CB
:20FEA00000E0323191FBFBF188F81310BF1E97FBF6F106FB1171C9B2C1F1160198F81370B4
:20FEC00001EB4106A7EB0901314498F815603144691A88F80910039D85F800E015E000282E
:20FEE0000CDD002901DA491F00E0491D91FBF3F7A7EB0901691AB57A491B7172824202DDB9
:20FF0000A8F82A2001E0A8F82A0098F90910002903DD002188F8091005E06FF06306B1423F
:20FF200001DA88F8096047F6FF75002A01DC002806DD2D492AF8145000200855401E03015F
:20FF4000F401C060100000E000203AF91410A94208D0002901DA491F00E0491D91FBF3F140
:20FF60002AF8141004B0BDE8F09F2DE9F05F0E46DDE90A7B1C49002591469A46A8460D60B3
:20FF80001A4A81B2121D1160C0F30A40111F40F400400860142001F7F3FA0A4C012E84F807
:20FFA00011804FF0010806D1084830F91700A0F5FE41FF3925D15B463A4651461BE0CC057B
:20FFC0004100E806410054FB2100902F220034044100600165008801640034064100700148
:20FFE0004100FC044100280441001C07410048F4FFFF342E22004846FFF79DFE054684F80A
:02000004FF01FA
:2000000011802846AFE72DE9F05F0E46DDE90A7BFC49002591469A46A8460D60FA4940F058
:2000200040000860142001F7ABFAF74C012E84F811804FF001080301F401B061100006D18F
:20004000F54830F91700A0F5FE41FF3908D15B463A4651464846FFF772FE054684F811803A
:20006000284684E72DE9F04FBBB0017835914178349190F90290C178369100793290E648A6
:200080004FF0FF344FF0000A0168379140683599DFF88CB3E04F389001297ED1002001F067
:2000A00094F9DF4C207F40F00100207701F049FC207FD74E20F0010020774FF0FF30307170
:2000C00000247471FF217170B470F47086F8264086F827404FF0010886F81D803472307418
:2000E0007485B473F473C020B0740A20F0747472F47286F8178074748DF8CC4086F81980F6
:20010000F4766721584665F7CCFACE21384665F7C8FAEA21C44865F7C4FAC3488BF8008063
:20012000032180783238C0B260F31F2139800301F401A0621000FFF7CBFD4FF4C87001F73F
:2001400027FABC480068C00402D586F81E8000E0B4770020F077014602A848F13EFD012142
:200160001AA848F13AFD002002AC1AAD54F8201055F82020914202D086F81F801820401C59
:2001800080B21828F2D3B07F012819D1F07FB8B90221204648F121FD03211AA848F11DFDED
:2001A00000E03BE00020424654F8201055F82030994201D0F2771820401C80B21828F3D3A2
:2001C000022048F1CCFD06F8200F032048F1C7FD3070002048F1C3FD182430707470A6F19E
:2001E000200618280CD1F07F01281BD148F1B7FD86F8210096F82010182901D1182811D0BA
:2002000000203076002048F195FD86F8220086F82340182809D086F82400012435980228D5
:200220000ED0EFE386F80301F401906310001880ECE7F07F012803D148F180FD86F8230066
:2002400016F8230F7070ECE776480021418541728DF8CC10027A012A0ED0C17390F90C3074
:20026000994503DC90F90D30994518DA01218173881F3BB0BDE8F08F4378349A9A4207D122
:20028000369A042A04D190F91030329A9A4202D06FF00300EDE701720122C273DEE7002161
:2002A0008173864690F904000090072804DD01208EF80300C01EDCE7329810B1022813D06E
:2002C0006BE09EF8012034997046914265D090F8261000294FF0010103D08EF82710081FB2
:2002E000C7E78EF8261058E09EF81D00012854D100209EF81F809EF81E403021B8F1000F09
:2003000002D0012C11D031E007EB40020BEB0005938893860122AA76012C27D107EB03012B
:20032000F4018064100041050BEB0103AE88AE869A7607EB410207EB4005B2F90430AE8899
:20034000AD8E9E1B4FFA86FC968E751B6DB217280BD2162802D1D6889B1BD3804CEA052319
:2003600093800BEB01050123AB70002393860BEB01029376401C491C80B2C9B21828C1D3AF
:2003800007F19407388F38804FF001008BF84A004FF0000038878BF86600A7F194078EF89E
:2003A0001D0021493498497888421F4803D1C07B012819D064E0C17BB1B900991A4C491C89
:2003C00001710020D4342060192001F7E9F83498801C40F080011C4801604FF4C040206050
:2003E0004FF4C87001F7DCF8329810B1022804D00CE00D48002141712FE00B4991F9040028
:2004000070B14A79012A22D000F0FF0ABAF1000F23D0054846210301F4017065100001EBB7
:200420008A0180F8251020E015E01C0741002804410054FB2100902F220010016400342E96
:200440002200D85220005E302200412320007001410004016000401C00F0FF0A01204871B6
:20046000D8E7FA49002081F82500F84A92F82500401CC0B2672805D2349927F81010012169
:200480000BF80010349850703298002547F6FF7810B102286ED0DEE2ED490020087781F8E3
:2004A0002800887F0028C87F07D058B10420824600EB4A00002639904BE108B10220F6E7CA
:2004C0000120F4E70320F2E7B01CC4B25EB11820B6FBF0F100FB1160DD49C8B1087FFF2850
:2004E00015D0401C0877D948007FFF280FD01BF80410F1B3D64800214174D448017E012912
:2005000076D0BAF1010F74D0BAF1020F72D00301F40160661000FAE091F82800401CC0B270
:2005200081F828008A7F012A05D1CA7F1AB901280ED003280CD0C74900200877C7490860BF
:20054000192001F735F8C348807F012805D013E0FF2017360877B6B2D9E0BE4890F8280080
:20056000022809D14FF44610416941F0004141614FF42F7001F71CF801E01DE046E1B54830
:20058000C17F012905D190F8280001280FD003280DD0B248016821F480510160AF494FF476
:2005A000C04008604FF4C87001F702F89FE7AB48016841F44051F0E7A749172805D191F859
:2005C0002820012A0CD0022A54D033AACDE900424A46C97B329BFFF72EFD284445B290E70B
:2005E0000BEB040212F8012C012A08D027F814804FF0FF316818F1E74FE05CE06BE0CA7E4D
:2006000092B1CB8D974A0301F40150671000136033AACDE9004291494A46329BC97BFFF7E5
:200620000EFD01468E4890F91B0018B1C9B121E08B8DEBE791B907EB440137F8142031F8B3
:20064000021C8A1A86490B7F07EB43039A80002227F814800BF80420401CC8764FF0FF3128
:2006600008E007EB440037F8142030F8020C801A27F814007D4A37981060BFE77C4A0B8EEB
:20068000136033AACDE900424A46C97B329BFFF7D6FC284445B24FF4C8013898C1F814019C
:2006A00033E7BAF1010F36D1017F02780AE0704931F914103239642291FBF2F124E0017F8F
:2006C00090F82020914226D137F91420424522D0417C01291FD1C17A0029E8D01BE0017F3D
:2006E00090F82120914216D137F91420424512D0417C01290FD1C17A69B95D4931F90301B2
:20070000F401406810001420323A642192FBF1F1C279521A02EB0901827D891AC1729DF890
:20072000CC0001281ED14F48017FFF291AD0FF210177601E182190FBF1F201FB120000F0F1
:20074000FF0C00205B46014609E0401CC0B222180CF1010C27F8128099540CF0FF0CBCF139
:20076000180FF2D3761C3998B6B2B6EBC00FFFF4B7AE3C4CA07F012809D14FF4461041690D
:2007800021F0004141614FF42F7000F719FFE07F012804D136490A6822F480520A60A17FB4
:2007A000012901D001280CD1304E00203060192000F706FF4FF4C04030604FF4C87000F790
:2007C000FFFE94F8240018280CD29BF86610662049B100206074B7F9CC10414502D0607C11
:2007E00001280CD039E133A9CDE900014A46E17B329BA06BFFF70301F40130691000D9FB17
:20080000284445B2EBE71E486421B0F9CC00323890FBF1F0E179091A01EB0900A17D401A83
:20082000E0721EE1DFF848A056469AF82000182853D296F82510C91CCCB21BF8041049B1AE
:200840000020707437F91400404525D0717C012919D021E033A9CDE90041401E4A46F17BA8
:20086000C0B2329BFFF7F3FB0546EBE7000054FB2100FC044100E0064100100164001401D6
:200880006400662D220096F8201007EB41014988401AC0B227F8140096F82500801CC4B2B8
:2008A0001BF8040048B10020707437F91400404502D0717C01290DD0AAE033A8CDE900403A
:2008C0004A46F17B96F82000329BFFF7C0FB284445B2EAE796F8201093E096F8210018289C
:2008E00072D29AF82500C01CC4B2FE4801680301F401206A100041F440510160FD4E0020D7
:200900003060192000F764FE4FF4C04030604FF4C87000F75DFE1BF8040058B100218AF852
:20092000111037F9140040451CD09AF81120012A0FD017E033A8CDE900409AF821004A4609
:20094000401E9AF80F10C0B2329BFFF784FB0546E7E79AF8211007EB41014988401AC0B227
:2009600027F814009AF825005646801CC4B21BF80400E0B100207074DD48016821F44051FF
:200980000160DB4900200860192000F721FED8494FF4C04008604FF4C87000F719FE37F976
:2009A0001400404538D0717C01290ED034E033A8CDE900404A46F17B96F82100329BFFF74E
:2009C0004AFB284445B2D7E702E096F821101CE096F82500801CC4B21BF8040048B100201F
:2009E000707437F914000301F401106B1000404516D0717C01290BD012E033A8CDE900402B
:200A00004A46F17B3078329BFFF729FB0546ECE7317807EB41018988401AC0B227F8140040
:200A20009AF824005646182823D296F82500001DC4B21BF8040050B10020707437F9140089
:200A4000404516D0717C01290DD012E04DE033A8CDE900404A46F17B329BB06BFFF7B1FAC2
:200A6000284445B2EAE7B7F89410401AC0B227F81400002D07DAA14832994FF0FF34017447
:200A8000012101720CE0002108465A46135C401C1944C0B2C9B26728F8D3672903D00124CF
:200AA000329810B121E00024FAE7012C02D19348C17A41729248417E012911D19BF8021092
:200AC00001290DD18F496422B1F90410323991FBF2F1827E521A02EB09010175002103011A
:200AE000F401006C10004176C17D012901D10021C175DFF808A235980AF13C0A03287ED134
:200B0000814C0020403404F108050AE048B107EBC00101F190018A88D3B20A8863F31F2299
:200B20000A80215C2B5CCAB207EBC00100F1010063F31F22C0B2A1F894200828E6D3714D09
:200B400095F82000182803D395F8211018290BD295F82410182901D204200CE0182807D3F7
:200B600095F82100182803D395F82400182801D2032000E00220A97F0029297901FB00F1E8
:200B800015D04A3195F82400CAB2182801D2521CD2B2002108465B461C5C401C2144C0B208
:200BA000C9B26728F8D3B7F8C83013B106E03231E8E7524B94331B68A7F8CC30914201D1B6
:200BC000012404E009B1002401E04FF0FF34A878012800D1C41E0301F401F06C1000E8781A
:200BE000012800D1041F95F82700012800D1441F287A012800D1841FA87B012800D1C41F88
:200C00003698042800E016E001D0002028753E4800260660192000F7E7FCCAF800603948AE
:200C2000698EAC3801603B48A98E0160E98EC0F8101292F7B4FC359804280FD0344A92F9F2
:200C4000090092F90C10884203DC92F90D10884200DA51723BB02046BDE8F08F002000F0A7
:200C6000E4FBFFF761F84FF00008CAF8008034984FF4C005801C40F08000C5F8040123496F
:200C80004046503101E0401CC0B20B564B4501DD1728F8D3DFF8749040F04001A9F1D40902
:200CA000C9F80010194E4FF4C04030604FF4C87000F79AFC1448B83000684FF4461100F0EB
:200CC0002000496900290BDA012807D00E480301F401E06D100000686FEA1030800701D02F
:200CE00002240AE0032408E001282FD0084800686FEA1030800729D000240548C838006803
:200D0000C0F3042BD5F8040100F07F0009E0E0064100FC04410054FB2100662D22007001C9
:200D20004100801E1FFA80FA4E488578323DFEF7BEFF0146388810F0FF0F09D053465A4666
:200D40002046009547F13DFC044602E00124D4E70C464546C6F80080192000F749FCC9F8CA
:200D6000005040484149428E0A604049828E0A60C08EC1F8100292F716FC6FE710B564F7AA
:200D800072FC3B490120086008614FF4C001C1F8BC0138484FF0CF0181604FF00F010161D4
:200DA0004FF0300141604FF0C00101602F490868324A10602E4803682B4A9386D0F8103274
:200DC000D3860A6822F00301F401D06E100060020A60016821F4C0610160D0F8101221F424
:200DE0000071C0F81012274801684FF6BF7201EA0201016025494FF40040086010BD10B520
:200E000064F735FC2248016821F0030101F10201016019494FF00100086008611D49C1F876
:200E2000BC01C8671C494FF030000860114908680F4A5086104803689386D0F81032D38652
:200E40000A6822F060020A60016821F4C0610160D0F8101221F40071C0F810120A494FF066
:200E6000000008600949086010BD4123200054FB2100340641007001410060016500880113
:200E80006400CC054100280441001C074100A08031004001600090006400F84B10B59A1C67
:200EA00001215B7803E0545C844202D8491C8B42F9DC491EC8B210BD70B504460846030194
:200EC000F401C06F1000E1B2F04C049E9A4234F81150C1B234F8111015D0B01A42F21076DB
:200EE00070439A1A90FBF2F205FB06F0491B02FB010090FBF6F1FF2034F810208A4202DD2C
:200F0000401EF9D5FF2070BD2DE9FC4104004FF00000DE4E8DF8050057D014F1110F54DD90
:200F2000112C52DA06F1290196F82830087891F9042049784FF00108151BA3B14FF47A7356
:200F40005A43009296F92E204FF47A776B437A43FFF7B6FF96F82A10C0B2884219D1002C21
:200F600016DD401C15E004EB840242F35D02104496F82B20904203DB96F82C20904200DDBE
:200F8000104606F8291F7070757106F8018C0FE0401E96F82B20904203DB96F82C209042E2
:200FA00002DD8DF8058005E006F8291F70707571A6F12906B16B0301F401B070100096F8BE
:200FC0002A00086096F82F10012905D1F16B086002E002208DF8050096F82A008DF804001F
:200FE000BDF80400BDE8FC81AC488078704710B5A94C606B002808D16C2061F781FE6063C7
:20100000BDE810406C2164F78CBB10BD2DE9F04F85B00446FFF7EBFF9F481CB1406B05B017
:20102000BDE8F08F9C48406B90F8681001297ED12A21984C2A3064F774FB616BDFF85CA290
:20104000087881F82A009AF8020081F82B008A7881F82C200A7B81F836208A7D81F840203A
:20106000FFF723FF616B451C052881F8540000D305258A486E1E01F12D09425D0192805D9F
:201080000090824906EB860001EBC00705EB8500002401EBC008381990F86D01029008EBB2
:2010A000040090F86D0103909AF8021068460301F401A07110007BF7EBFD09F80400641C58
:2010C000E4B2052CEBD37848006800061DD573490024443101EB860001EB850B04900498F8
:2010E000204490F8200002900BEB040090F8200003909AF8021068467BF7CAFD09EB040199
:20110000641CE4B24871042CE9D364480024406B00F13709381990F87201029008EB040093
:2011200090F8720103909AF8021068467BF7B0FD09F8040000E08BE0641CE4B2052CE9D35D
:201140005A48006800061DD555490024443101EB860001EB850B04900498204490F8380014
:2011600002900BEB040090F8380003909AF8021068467BF78DFD09EB0401641CE4B248717A
:20118000042CE9D3464849490024406B00F14109C6EB061008440490C5EB051000EB010BD6
:2011A0000498204490F80301F40190721000A20002900BEB040090F8A2000390029850B90E
:2011C000039840B9381990F86D01029008EB040090F86D0103909AF8021068467BF75CFD05
:2011E00009F80400641CE4B2052CDDD34FF4C007D7F8280300062FD52B480024943000EB9F
:20120000860600EB85053019007C02902819007C03909AF8021068467BF73EFD09EB04012E
:20122000641CE4B24871042CEDD31E4B596B91F8200081F84A004B31002008E080B107EBAF
:201240008002D2F82823921E0A54401CC0B25A6B92F84A208242F1D81348406B2A30E6E6A9
:20126000D7F8282382F08002921E0A70EDE74FF4C002D2F828130B0600F102014FD5D2F865
:201280002C0300F07F00884201D900207047D2F8300300F07F0088420FD90120704703013B
:2012A000F401807310003616200060F22100D4FB21004123200030162000280360000B19CE
:2012C0002000D2F8340300F07F00884201D90220E8E7D2F8380300F07F00884201D90320AE
:2012E000E0E7D2F83C0300F07F00884201D90420D8E7D2F8400300F07F00884201D90520E3
:20130000D0E7D2F8440300F07F00884201D90620C8E7D2F8480300F07F00884201D90720CE
:20132000C0E70820BEE73E28E1D8C1F30310B9E7F94A10B51268120648D560B102280AD0E7
:20134000F5486038092913D2DFE801F012282B2E3134373A3D00EF488C38092908D2DFE875
:2013600001F00705080B0E1114171A00EA48883810BDE848843810BDE748803810BDE548A0
:201380007C3810BDE448103810BDE2480C3810BDE148083810BD0301F40170741000DF4806
:2013A000001F10BDDE485C3810BDDC48583810BDDB48543810BDD948503810BDD84888306F
:2013C00010BDD6488C3010BDD548903010BDD348943010BDD34B01EB4102D11848B10128EB
:2013E0000CD0D048D0F84D401044B0F852002018EFD1D3F89B00B1F8A01003E0D3F8AF0042
:20140000B1F8B410084410BD10B5C74C0020A07140F2E2402081002099F7F4FBC4484FF45A
:201420004611026812B9D1F894200260BE20C1F89400607961F774FC206018B122796179B7
:2014400099F729FCBB490C200860BA48016941F001010161016841F00101016099F72CFC89
:20146000BDE81040B14899F7E7BBB34A1178C1F3000383420FD010B141F0010001E021F086
:201480000100AE491070086880F0040040F00301F401607510000100086092F75FB809E7E9
:2014A0002DE9F0410D46002678B101280DD00020FFF7DFFFA54F386890B39F48066099F795
:2014C000C5FB00244FF4805826E0A14AA04913684B6292880A859D4A0121243204239171DA
:2014E000D57113720F23937240F6FF73A2F80B30092353730D239373D67330B15672BDE8AE
:20150000F0419248243026F7B8BC5172F7E7386830B1012000F78CF82046641C4045F6DBE1
:20152000E80707D18348252106714171C571BDE8F0416DE7BDE8F081854B403303EB0111F1
:2015400001EB800001684FEA822000F5005000FB01F0801200D500200021B0F5005F01DD20
:20156000A0F500517C48D0F80A004843800AB0F5007F01DA00209DE6B0F57F3F01DDFF20D8
:2015800098E600F500700301F40150761000C0F3872093E62DE9FF47724E05460C46706B32
:2015A00091464078FFF799FC726B014682F85400401C052900D305204FF4C008A0F10101FF
:2015C000D8F828331B062BD5052C29D3654F443725B1012D0CD0022D16D057E007EB8003C2
:2015E0002344DB7E039307EB81032344DB7E4CE007EB8003234493F83330039307EB81035D
:20160000234493F8333040E0564B943303EB8007274403EB8103FF7A23440397DB7A34E0B8
:20162000444B25B1012D12D0022D20D02EE000EB800703EBC707274497F86D71039701EB7C
:20164000810703EBC703234493F86D311DE000EB800703EBC707274497F87271039701EB2C
:20166000810703EBC703234493F872310DE0314BC0EB00171F44274497F8A270039703015D
:20168000F40140771000C1EB01173B44234493F8A2300293364B185C0190585C009051785F
:2016A00068467BF70DFB0146D8F8280300060DD5052C0BD32DB1706B012D05D01730005D69
:2016C0000CE0706BC01CFAE70D30F8E7294A04EBC40002EB800202EB0900407D04B0083036
:2016E0000831800290FBF1F0A0F580608002801200F58060BDE8F0872DE9F0471D4DDFF8BB
:2017000038900E46022903D04FF0000496B170E00024022221463046FFF740FF04EBC401C7
:2017200005EB8101641C0862052CF2DB0025DFF80CA032E036E028036000361620000B1964
:20174000200048CF2000C8402000A0016400600165002C162000F022200018CF20009C2EDA
:2017600022008820200070112000D4FB210030162000D05820000301F40130781000C5EBDF
:201780000511002401EB0A0808EB0407022117F8A22F2046B0F721FC641C3870052CF3DBBF
:2017A0006D1C99F80100A842E9DC4CE0002221463046FFF7F7FE04EBC40105EB8101641CA3
:2017C0008861052CF2DB002512E005EB8501002409EBC10808EB0407002197F86D21204612
:2017E000B0F7FBFB641C87F86D01052CF2DB6D1C99F80110A942E8DC25E001222146304602
:20180000FFF7D0FE04EBC40105EB8101641CC861052CF2DB002512E005EB8501002409EB92
:20182000C10808EB0407012197F872212046B0F7D4FB641C87F87201052CF2DB6D1C99F837
:201840000110A942E8DCF748006800063FD5F648052400EB0615324621461046FFF7A2FECF
:2018600005EB8401641C41F8140C092CF3DB0301F401207910000025DFF8BC8327E000240F
:2018800026B1012E08D0022E1DD111E008EB8500071907F1200704E008EB8500071907F130
:2018A000380731463A782046FFF756FE38700AE0E1483146503000EB8500071920463A7CB2
:2018C000FFF74AFE3874641C042CD9DB6D1C99F80100A842D3DC15E72DE9F041D74BD74D7D
:2018E00000229C78AB5C9C4203D8531E062A04D206E0521CD2B2062AF4D30522042302E07C
:201900000AB901220023CE4E022804D0CA4F70B1012818D023E0C74F503707EB82000844F9
:20192000007CF06007EB83000844007C16E007EB8200084490F82000F06007EB830008442F
:2019400090F820000AE007EB8200084490F83800F06007EB8300084490F83800B060A85C90
:201960007060E85C30600301F401107A10002146B6487BF7B1F9FF2800D9FF20EEE52DE9A7
:20198000F05F8146AC480068000640D5DFF8B0A2DFF8BC82DFF8A8B200240AF1500AB9F128
:2019A000000F11D00AEB040598F8000095F82860C00629D521460220FFF792FFC0B2864286
:2019C00022D085F828001FE00BEB840635682868C7B298F80000400707D521460020FFF71B
:2019E0007FFFC0B2874200D0286035692868C6B298F80000000707D521460120FFF770FFD0
:201A0000C0B2B04200D02860641C042CC7DBBDE8F09F8E4810B500788E4CC0070FD130219F
:201A2000204663F7A6FE8B48016841F008010160204691F716FEBDE8104091F7F5BD10BD6D
:201A4000864B002103EB0122824203D0491C0629F8DB03E0062901DAC8B23FE4FF200301D8
:201A6000F401007B10003DE42DE9F0470C460546FFF7EAFFA32148437B4905EB840801EB81
:201A80004009A32104FB01F6D8F88C1009EB06078F4213D001B97349A322384665F751F8C4
:201AA000A978A00140EA4110697801F03F01084340F0800009F80600C8F88C702AE610B544
:201AC0000C461146012200F081FE002803D02146BDE81040C8E710BD4843800AB0F5007FBF
:201AE00001D2002014E4B0F57F3F01D9FF200FE400F50070C0F387200AE4083080024843BA
:201B0000810A0020B1F5005F01D9A1F5005007E470B54B49554E0C390844642390F901402C
:201B20000020012235780DE0B15C611A49B2002901DA494249B2994202DA501E0B46C0B2D3
:201B4000521CD2B29542EFD270BDA1F580618802801200F580600301F401F07B100003E40B
:201B60002DE9FF4105468846FFF771FA394EB078FFF7CBF93649441C44390528496B81F876
:201B8000540000D30524671E08F0FF00FFF7C4FF04EBC4012944095C039107EBC70129447F
:201BA000085C02902C48015D0191C05D0090B17868467BF799F804B0D8E410B50846144667
:201BC0001946FFF7CDFF08340830A102B1FBF0F010BD2DE9F84F1C4E002481468A46174695
:201BE0001D46403E3A5D2346514648460095FFF7E4FF01462A460020FFF7ABFF46F8240098
:201C0000641C092CEEDB0025B04605EBC507002407EB0A06E0B2FFF77FFF305C58F8241033
:201C2000FFF76FFF38B11349D1F80A10FFF758FF07EB09010855641C092CEBDB6D1C062D3B
:201C4000E3DBBDE8F88F28036000DC2E22000301F401E07C100018FC21004123200030167F
:201C60002000C05820002C162000AC592000F0222000FC3F22005738220098FF210070110C
:201C800020000099022B00EB8100D0F89410D0F88C0005D0012B07D0491CD21C401C9CE728
:201CA0006D3117326D30FAE737310D323730F6E770B505460020FFF7FCFBFE4C207F40F03E
:201CC00001002077FFF7B1FE207F20F00100207715B101209BF73EFCBDE8704091F7A3BC91
:201CE00030B50023CC5CD55C2C44C4545B1C052BF8DB30BD2DE9FE4FF04CFF25884684F887
:201D00002750FFF7A8F92A224146606B64F721FF616BEA480A6A42634A6A82630A8D82874C
:201D200091F82100000627D491F8200020B3213100204FF4C00207E078B10B5C02EB80061B
:201D40009B1CC6F828330301F401D07D1000401C636B93F820308342F2DC606B90F8200052
:201D60000BE00B7883F080039B1CC2F82833EEE702EB8001C1F82853401C0928F8DB02E07A
:201D8000D2487F21016098F8000000067DD5CF4902200125087098F80000C0F30019C0F359
:201DA00080108DF8040098F80000C0F34016C848761C855598F8001001F00F01455449462C
:201DC000304600F034FD07005FD02A22414607F1D40064F7C2FE98F80100FFF79EF8B8495E
:201DE0004A46496B81F85400BB488178029198F8011081709DF804103046FFF76CFE9DF89D
:201E000004600024AA468DF804600023224601A9384601F024F89DF80400022802D30020E9
:201E20008DF80400C0B239460090234642460846FFF72BFF9DF804000AFA04F200EB0301B7
:201E4000F401C07E1000800007EB8000641C10F84F1FE4B211430170032CD8D3DFF884B215
:201E600000225C46DBF8005001213846CBF8007000F030FF25603878400748D500269948E9
:201E80009DF8041000EB06252846FFF7FDFDBD4200E07AE038D02A2207F1D401404664F7EA
:201EA00060FE9DF80400002100EB800005EB80000C4680F850109DF8040000EB800105EB10
:201EC000810292F84F300AFA04F213420CD107EB810191F84F10114206D000902346424644
:201EE00039462846FFF7D5FE641CE4B2032CE2D3DBF800905C46002201212846CBF8005068
:201F000000F0E8FEC4F80090761C062EB7DB734902988870FFF705F86C4D734F0024696B93
:201F20005E4681F854003978306800EB8100E1B2D0F88C0000F00301F401B07F10004AFE24
:201F4000641C032CF3DB6B480078FFF7BDFE686B816D01291BD1684910F85C2F0A604278E9
:201F60004A6082788A60C278CA6002790A6142798A628279CA62C2790A63027A4A63427A2E
:201F80008A63827ACA63C27AA0F15C004A6580F868A0BDE8FE8F2DE9FF4F4D4E81B0044627
:201FA000376C88461D461FB1039AB84700286BD14FF0000A52485249DFF814B1012786F8BD
:201FC00010A04FF4C009402C0DD0412C5FD0442C7BD0FFF74CF847480021017004F00F0146
:201FE000022973D04CE137707770B2787274F27873791343B3743379F374B3793375727507
:20200000F279737A1343B375337AF375B37A3376727686F81A8008600020FFF756FA9BF89E
:202020001C005C4640F001008BF81C00FFF70301F401A080100009FD207F20F001002077A6
:20204000B27E09F54A7002F1820101604FF07F0141608160C160016141618161C1610162F4
:20206000B07C012807D0B07D012807D086F800A086F801A005E1F37E002101E0F37E0121DE
:20208000002047F1C6FC0021084601F073FCFF2005B0BDE8F08F377486F80B800020FFF795
:2020A00018FA9BF81C005C4640F001008BF81C00FFF7CBFC207F20F001002077F07A09F581
:2020C0004A74823020604FF07F006060A060E0601DE04CE0D7E0D8522000D4FB21009C2E6E
:2020E00022002803600056FD210098FD2100412320007CFD2100FC3F220065FD210067FDA7
:20210000210088026000DF99100074FD210020616061A061E0612062707B4C46012800D01E
:20212000002001F0BCF90301F40190811000307B022805D00128B07BC4F8640104D007E0E5
:20214000B07BC4F89C0103E0F07BC4F8C80202E0F07BC4F89C029DF790FC012026F764FAC4
:20216000F37EF27A317B012047F157FCD4F89C02C0B2F07390E737777777B27FF2770860D6
:202180000020FFF7AAF99BF81C005C4640F001008BF81C00FFF75DFC207F20F001002077CF
:2021A00096F82200012856D1C94809F54A74417882312160817801F102016160C17801F18B
:2021C0000201A160017901F10201E160417901F102012161817901F102016161C17901F13D
:2021E0000201A161017A01F10201E161407A00F10200206296F82000A4F54A74012804D0F7
:2022000096F8210001280DD025E004F50C7496F8230044F8CC0C4FF0010001F044F9030154
:20222000F4018082100096F824000BE004F50C7496F8250044F8CC0C4FF0000001F037F95A
:2022400096F82600E06620676067A067E067C4F8E800C4F8EC00C4F8F000C4F8F4009DF7AC
:2022600010FC012026F7E4F996F8200096F82110084306D00021F37EF27F084647F1D1FB54
:2022800003E086F81CA086F81DA00021084601F079FB002004E70770904804F00301CA46B0
:2022A00001708E4808F1820180F8274009F54A7001604FF07F0141608160C16001614161FD
:2022C0008161C16101624FF00000FFF70AF99BF81C005E4640F001008BF81C00FFF7BDFB8E
:2022E000307F022C20F00100307717D0002032F747FF4046FEF7FFFF814601462046FFF7F0
:2023000057F8064649460020FFF752F8DFF8D0B18146DBF834000301F40170831000816D23
:2023200039B124E0012032F72FFF01209BF72EF9E3E70AF522710A6800F85C2F4A684270A8
:202340008A688270CA68C2700A6902718A6A4271CA6A82710A6BC2714A6B02728A6B427207
:20236000CA6B8272496DC172A0F15C008765B4B1022C14D000F162000AF5227102780A6032
:2023800042784A6082788A60C278CA6002790A6140798862012C05D034B105D008E000F173
:2023A0005C00E9E7C9F8005050494FF4806008604D483130015D4FF4C80001674146204608
:2023C000FFF7AAF84FF47A7A5046FFF66DF965B33560DFF81881DBF834100BF1280798F84E
:2023E00002004870FEF7B1FDF968414B81F85400C7E90469BD707D7098F802103972FC71D5
:2024000003997971002107F828198CB1012C0301F4016084100014D0394901EB400212F8E0
:202420003F1F87F82B10527887F82C2021B11AB110E03068C5B2D0E703EB400000F1450038
:2024400003E003EB400000F18D00017807F82B1F407878705046FFF62BF9294800680028DB
:202460003FF494AE28490978022909D28DF800101E4900230A78694600F00DFD23490860D1
:202480003068C0B214E610B586B091F7ECF81F490024086820B14FF44612C2F894000C60AF
:2024A0001C48016821F0040101601A4804601A48016921F001010161016821F001010160F4
:2024C0004FF0020098F7E2FB10F0FF0FADF8024006D0684692F773FD9DF7DBFA06B010BDF1
:2024E00098F7F4FBF8E798FF210058FD2100D4FB21008804410041232000361620000B1980
:2025000020007CFD21000301F4015085100056FD210004833100C840200008402000A001C6
:2025200064006001650070B5FE4CA06A002866D0FD4A0021637C00EB0105002B02EB010346
:2025400093F8383102D085F8CB3001E085F8AF30491CC9B20529EDD3218B4FF4C005B9B114
:20256000D5F82813090613D5F04A0021637C00EB0106002B02EB010393F8283002D086F8E1
:20258000D03001E086F8B430491CC9B20429EDD30021627C002A05EB8102D2F89C6200EBDC
:2025A000010302D003F1B90301E003F19D031E70D2F8C82201F10101C9B25A720529E8D3BA
:2025C000218B00291BD0D5F82813090617D50021627C002A05EB8102D2F8186300EB010368
:2025E00002D003F1BE0301E003F1A2031E70D2F8B02301F10101C9B25A720429E8D3030188
:20260000F4014086100070BD70B5CB48CA4DC64C0078810708D5012128469AF7D6FD208BE5
:2026200010B10120FFF7DFF9002128469AF7CDFD208B10B10020FFF7D6F9FFF778FFBF4D36
:2026400000202870E07C002804D001209AF7AAFF0120287070BD2DE9F04FDFF8CC92B9F8EE
:202660001420002A4DD0B64A01294CD013780370DFF8BCB2DFF8D0E200239246C3EB03150C
:2026800005EB0B0703EB830503EBC30400220AEBC50C0444012939D00CEB0208A51898F85C
:2026A0006D616E7098F8726185F83760BE1896F8A26085F86D60521C052AEBDBB9F81820FB
:2026C000E2B1A14A1268120618D5994D002205EB83070EEB830C012929D00CEB0208A51812
:2026E00098F82060AE7198F8386085F83C60BE18367C85F872600301F40130871000521C65
:20270000042AECDB5B1C062BBCDBBDE8F08F03781370B1E7A5180CEB020695F8018086F883
:202720006D8195F8378086F87281BE1895F86D5086F8A250C3E7A5180CEB020695F80680ED
:2027400086F8208095F83C8086F83880BE1895F872503574D3E710B507E010F8013B11F85B
:20276000014BA34201D0002010BD521EF5D2012010BD2DE9F04780468A460025DFF8D891FD
:2027800013E0002409EB052707EB8400466F76B1082251463046FFF7DEFF10B13046BDE8CA
:2027A000F087641C032CEFDB6D1C4545E9DD0020F5E7694B0020A3F2052153F820201268C0
:2027C0000A54401C0828F8DB5A484B307047584A00206249533201EB40031B791354401CF0
:2027E0000828F8DB534853307047514A10B50301F40120881000928A002A08D0594AFF2907
:2028000006D0082903D252F821100078086010BD002110F8013B52F821402360491C08298B
:20282000F7DB10BD454A938A002B06D0117100EB8100FF21406FD062DBE77047F0B5474EAA
:20284000002306EB03242578EF0717D0012A04D0032A0BD0022A0BD010E0657805F03F05AF
:2028600085420BD1A4788C4205D007E06C0700E0AC07002C02DA06EB0320F0BD5B1C062B98
:20288000DFDB0020F0BD70B504460D460122FFF7D5FF002805D129462046BDE870400222B6
:2028A000CCE770BD10B500230AE0A3245C43045D944209D01AB114B11443240904D05B1C91
:2028C0008B42F2DB002010BDA32103FB010010BD2DE9F047194B00203533234A5C1D651D40
:2028E00000EBC00102EB0301F4011089100081014E7D1E548E7D2654C97D2954401C05280D
:20290000F2DB02244FF00108174F4FF0070903E0042C01DB012600E0002607EB062107EBA0
:202920000425091D281D702264F747F9761C85F8008046F08000687004F00100A8701AE0B2
:20294000000054FD21000B19200068FC2100AC5920002C162000860920003616200018FC86
:20296000210028036000FC3F2200A4FF2100BC1A2000D0582000641C85F80390062CC7DBE8
:2029800015E7F0B5FC4CA48A002C28D0FB4D0024DE0709D0F84E075D3536365D3E4404EBB9
:2029A000C40705EB87077E759E0709D5F24E0F5D3A36365D3E4404EBC40705EB8707BE75BC
:2029C0005E0709D5EC4E175D3F36365D3E4404EBC40705EB8707FE75641C052CD8DB030169
:2029E000F401008A1000F0BD2DE9F0470646E348808A002833D0E24D002431462046AFF7CC
:202A00000BFB04EBC40105EB810101EB8601641C8861052CF1DB0025DFF86C93DFF86CA3D0
:202A200019E0C5EB051000EB0A0805EB8500002409EBC007012E13D008EB040090F8A22034
:202A400031462046AFF715FB3919641C81F86D01052CEFDB6D1C99F80100A842E1DCAAE6DD
:202A6000381990F86D21EBE7C54A10B55379002B74D0D47C4FF4C003002C63D038B911B1A6
:202A8000C80704D131E0906A407800062DD50020517C0029916A014402D091F8CB1001E05A
:202AA00091F8AF1003EB8004C4F89C12401CC0B20528EDD3108B002816D0D3F82803000692
:202AC00012D50020517C0029916A014402D091F8D01001E091F80301F401F08A1000B410CD
:202AE00003EB8004C4F81813401CC0B20428EDD390E00020517C0029916A014402D091F8A2
:202B0000B91001E091F89D1003EB8004C4F89C12401CC0B20528EDD3108BE0B3D3F828031A
:202B2000000677D50020517C0029916A014402D091F8BE1001E091F8A21003EB8004C4F87A
:202B40001813401CC0B20428EDD363E0002011790129517C07D00029916A01440DD091F806
:202B6000B9100CE062E00029916A014402D091F8C21004E091F8A61001E091F89D1003EBA0
:202B80008004C4F89C12517C0029916A014403D091F8C21002E03DE091F8A61003EB800433
:202BA000C4F8C812401CC0B20528D0D3108B88B3D3F8280300062DD5002011790129517C6C
:202BC00006D00029916A01440CD091F8BE100301F401E08B10000BE00029916A014402D0E9
:202BE00091F8C71004E091F8AB1001E091F8A21003EB8004C4F81813517C0029916A0144A2
:202C000002D091F8C71001E091F8AB1003EB8004C4F8B013401CC0B20428D2D311795F4A9A
:202C200001294FF6C070116801EA000103D041F02C00106010BD41F01E00FAE72DE9F047A6
:202C4000DFF84C91B9F81420002A6BD0DFF848810278DFF84CA188F800200022002321B1E1
:202C600001290FD002291BD027E002EBC204044402EB82051C4408EBC5051D44647885F8E8
:202C80006D411AE002EBC204044402EB82051C4408EBC5051D4494F8374085F872410CE080
:202CA00002EBC2043D4E0444C2EB02151C4435441D4494F86D4085F8A2405B1C052BCEDBA8
:202CC000B9F818305BB30301F401D08C1000374B1B681B0627D5364E02EBC20400230AEB17
:202CE0008205044406EB820621B1012909D002290FD015E0E71805EB030CBF798CF820706E
:202D00000EE0E71805EB030C97F83C708CF8387006E0E71806EB030C97F872708CF8107006
:202D20005B1C042BE0DB521C062A9BDB4FE5194900F0010000EB8000896A01EB80001D4967
:202D400010F84C2F0A604078886070472DE9F047044619488846164600684FF000090D4D03
:202D6000C7B2A88A00286AD0154829468068897C007C6318132824D02846007900F003008D
:202D80000EB1022823D0AA6A5278120629D4022825D026E0000054FD2100D0582000361639
:202DA00020000B1920009404410018FC21002803600068FC210008016400403F2000030181
:202DC000F401C08D1000E051200093F8440068744FF001090FE0F00702D093F8440009E0EC
:202DE00093F8340006E0012FFAD104EBC000084490F834006874687CFFF79DFFB8F1010F71
:202E000007D0B8F1020F1ED131464846BDE8F0473AE66E7C002068740027687CF9B204EBA6
:202E20008000D0F88C00FFF711FF7F1C032FF4DBFFF70AFC687C401CC0B268740228EBD3AA
:202E40006E740021E1E7C6E4F94B1971F94B00EBC10111449B6809791B7C132B01D1104469
:202E6000017D4FF4C000C0F89C11F24A1278002A01D0C0F864117047ED4A0020012390714B
:202E8000EC488068017C222923D008DC01290DD006290ED010291AD0212922D11CE02829B6
:202EA0000CD02A2910D02B291BD110E090F8A90014E090F83D000301F401B08E1000032877
:202EC00012D012E0C08F43F2063108420CD10CE090F8640006E0806AECE790F8690001E0EF
:202EE00090F85D00012800D193719079704710B502F0030400EBC40202F1340200F1340072
:202F000013B1DB0705D007E0CB4B9B6A5B781B0602D4022C00D102460B780020145C9C4232
:202F200006D0401CC0B20828F8D310780870002010BD2DE9F84F051E8A464FF0000702DA93
:202F4000C5F3052401E005F03F04BA49886A002872D042784FF000091306B94A04D4137897
:202F6000022B01D182F80090CB8A002B78D088468978022909D21278022A06D88DF8001082
:202F800000236946FFF7B3FF044698F81300DFF8A8B2002638B10226BAF1000F08D05FEA87
:202FA000CA700FD012E0FFF76BFF78B101260301F401A08F10000DE0D8F828104978090659
:202FC00008D4DBF80810097C132903D0002688F8139001279E489E4900780978084343D100
:202FE000DBF80800007C132800D1012788F8124098F8130038434FF4461710D053462246D5
:203000003146D8F82800FFF727FFD7F80403002D02DA20F47F4010E020F0FF000DE05246EF
:203020003146D8F82800FFF71DFC002D09DAD7F8040320F47F4040EA0420C7F804030CE059
:2030400012E007F54177386820F0FF0040EA0400386038688049C0B2088252464FF0020116
:20306000D8F82800FFF77EFEBDE8F88F7448818A002902D0AFF23B110162704770B56F4C11
:20308000A08A002858D07448007800F00100401CFFF719FC002850D071496C4A0978127867
:2030A00011436B4A12780301F40190901000114346D1417801F03F0121748278E270A0621C
:2030C0006448007802282FD904F14400405C08B1664900E066494FF4C0024878030620D40C
:2030E0000B78F3B180F08000801CC2F82803012008E00B1802EB80055B789B1CC5F82833F8
:20310000401CC0B20B788342F3D8D8B2FF2105E002EB8003C3F82813401CC0B20928F7D310
:2031200002E07F20C2F8280300220221A06AFFF71DFE00221146A06AFFF798FB47F1FBF991
:20314000012070BD2DE9F04FDFF8FC9085B009F15B09DFF81CA1FFF754FB0190FFF75FFB1C
:2031600002900020009065F745FC32F7CDF80AF6D42504280AD10020A422A22305EB0021C6
:20318000401C01F84E2F06280B75F7DBFDF67DFBDFF8E48088B1384B03AA0421DC200301A9
:2031A000F4018091100001F069FB9DF80C006D2802D0752802D004E0022100E0032188F8A2
:2031C00000102248818A00297DD00078012600BB00244FF4807B05EB04275A462A4938468C
:2031E00063F70FFD6010787004F00100641CB870062CF0DB214F0024A32104FB01700A465F
:2032000013495B3163F7FDFC641C052CF4DB0F480670194898F80010A330022902D0032929
:2032200004D008E00A49A322FE3102E01249A322A33963F7E6FC002211464846FFF73BFA3F
:20324000FFF76EFB02244FF0070BA84621E054FD2100E051200065F72100FBFB2100E4FB73
:203260002100F0FB21001088200014042200D4FB2100D02E220098FF2100283522007C0666
:2032800022000010650060F42100042C01D3012600E0002608EB0301F401709210000621CC
:2032A00008EB0425091D281D702263F7AEFC01202870761C46F08000687004F00100641CA3
:2032C000A870E4B285F803B0062CE2D300E02FE1FE48FC49426C0A60826C4A60B0F84C000A
:2032E0000881487802061FD40A78EAB180F080004FF4C002801CC2F82803012007E00B18CC
:2033000002EB80045B789B1CC4F82833401C0B788342F4DCD8B2FF2104E002EB8003C3F86E
:203320002813401C0928F8DB0025E848E94E00EB0520B0620178CA077DD0890705D541788A
:2033400001F03F0171708078009000240127B06A07FA04F2C178114243D000EBC401091D01
:2033600022462846FFF735FA20B1B16A01EB840148670EE0B06A00EBC40100EB840201F12B
:20338000040151674178090603D4022C01D10301F40160931000011DC167B06A00EBC401C5
:2033A0001C3100EB8400641CC0F88010032CD2DB0024DFF82483C4EBC402FF21D8F828007E
:2033C00000EB820282F89C1000EB8401C1F88C90C1F894A004EB840100EB8106C04806F141
:2033E0004C060178C90706D009E000EB8400019941670299D7E7317921F003013171007890
:20340000800703D4307920F004003071B2780020574602B30521B248FFF774FA07001DD0DC
:20342000D8F82800012100EB8400C0F89470B2784846FFF767FA38B9B2780C2100E06AE0C6
:20344000A948FFF75FFA30B1D8F82810074601EB8401C1F88C00317929B903E000204F461C
:20346000307100E010BBA32105FB01F09E49A32201EB400104FB02FB01EB0B060491394665
:20348000304663F7C6FB0301F40150941000D8F8280000EB8401C1F88C6082784078A1014D
:2034A00041EA021100F03F00014341F08002049901F80B20D8F82800474600EB84000022D1
:2034C000D0F88C000121FFF702F97C74B86A012200EB84000021D0F88C00FFF7F8F897F8F7
:2034E0001180002078740026797CB86A00EB81003146D0F88C00FFF7C5FB761CF6B2032E9A
:20350000F2D3FFF7BDF8787C401CC0B278740228E9D3641C87F81180022CFFF64EAF6D1C6E
:20352000062DFFF60AAF6E4C0020A0622071A07460780099FFF7B6FDFFF7ACFD012060717E
:2035400005B0BDE8F08F10B5044600210846FFF7CEF904F0010101EB810100EB81006449DA
:2035600010F84C2F0A604078886010BD62488068007C1F280AD860490978022906D003018B
:20358000F401409510000121814011F4600000D0012070470020704770B5534D14460C302F
:2035A000E98A09B14178A9700179C078FFF77EFD90B100206071687C8101A86A827840788D
:2035C00041EA021100F03F00014341F08000A0714D490120087070BD12206071F8E72DE924
:2035E000F047414E00F109051446F079F778FF2800D00746D5F807004FF00008C10743D09A
:20360000C0F3032081460021FFF775F9417801F07F014170D5F807204FEA1242D20700D083
:20362000802211434170090602D500F1140100E0011DC16701214846FFF75DF9417801F02B
:203640007F014170D5F807204FEA5242D20700D0802211434170090602D500F1140100E05C
:20366000011DC16784F8058039464846FFF71EFD08B9122060710301F40130961000B06A38
:203680004178090602D500F1140100E0011DC167B06A417801F03F01A1714078C009E07177
:2036A000C4F80880A4F80C8084F80E80BDE8F087002211461148FFF712B870B50D490B4A16
:2036C00038B301280ED18B7B8C7ACD7BCE7A002002EB0021401C01F84C3F06280C754D70E1
:2036E0004E75F5DB70BDD02E220054FF2100FC3F220054FD210070112000283522005738F8
:20370000220008016400E0512000FBFB2100FCF82100FFE70B7B0C7A4D7B4E7A02EB00210D
:20372000401C01F84C3F06280C754D704E75F5DBD8E72DE9F05FFF4E80464FF00009B06A11
:203740004078000601D54FF002090024DFF8ECA3A34620465FF7E6FDC16BC9074DD0408F91
:2037600001284AD1F64904EB840001EBC0000301F401209710004A46C57890F9023090F8D7
:20378000241029B1002221FA08F1C90700D00222B8F1000F12D00571B56A002105EBC2051A
:2037A0006F1897F91C709F4203DD491C49B20729F6DB6B181B7F8370C17018E00179642904
:2037C0000CD3B56A072105EBC2056F1897F91C709F4203DA491E49B20029F6DCC170B36A00
:2037E000C9B219441C2303EBC203C95C81709AF8001031B1B16A01EBC201097F817080F8AA
:2038000003B0641C64B2102CA7DBDFF83C930027781C60F7E8FA0446C36994F8A310C3F39C
:20382000C4004A094FF0000101D0022A00D10121DA0256D5082801D00A2852D1C44A94F84A
:203840009E00B8F1000FD25721D0256809EB0513002503F8040CB06A00EB8100D0F8801051
:203860004957914203DD0301F401109810006D1C6DB2072DF6DB84F89E509AF8000008B1E2
:2038800084F89EB0284675F7F0FD0146204661F73CFB284624E0236809EB031010F8040C3F
:2038A00064280CD3B36A072003EB8101D1F880301B56934203DA401E40B20028F6DC84F887
:2038C0009E009AF8000008B184F89EB094F89E0075F7CBFD0146204661F717FB94F89E0096
:2038E00075F7C3FD012195F7D5FC7F1C7FB2142F92DDBDE8F09F10B5142196485FF745F9FF
:203900000024601C60F773FAC36990F8A310C3F3C4024FEA5111DB021DD5082A01D00A2ABF
:2039200019D1002209B1022900D1012286498B6A03EB820290F89F30D2F88020D25C854BAD
:203940001A55C97839B990F89E100068814A02EB001000F8041C641C64B2142CD1DD0301BF
:20396000F4010099100010BD70B57D4A784B002100EB01055C6A002C02EB010494F8384132
:2039800002D085F8CB4001E085F8AF40491CC9B20529EDD3198B4FF4C004B9B1D4F8281396
:2039A000090613D5704A00215D6A00EB0106002D02EB010595F8285002D086F8D05001E006
:2039C00086F8B450491CC9B20429EDD300215A6A52B104EB8102D2F89C62451805F8B96FF4
:2039E000D2F8C8226A7209E004EB8105D5F89C62421802F89D6FD5F8C8525572491CC9B220
:203A00000529E4D3198B00291BD0D4F82813090617D5002104EB81055A6AD5F81863002A3B
:203A200000EB010202D002F1BE0201E002F1A2021670D5F8B05301F10101C9B255720429E2
:203A4000E8D35BE670B5484E00254FF4C0043078012822D146480301F401F0991000017826
:203A600046480129007804D04549097801290AD016E0C4F89C0242480078012801D041485A
:203A800008E0414813E0C4F8C8024048007801280CD03F480078C4F864010020FFF76BFD99
:203AA00035703C4E3078012806D053E03B480078C4F864010120F1E7394839490078012844
:203AC00001D088B345E008783749097850EA01023FD0012802D001290CD03AE0334804F559
:203AE0000C74007844F8CC0C4FF00100FFF743FD2F480AE02F4804F50C74007844F8CC0C67
:203B00004FF00000FFF737FD2B480078E06620676067A067E067C4F8E800C4F8EC00C4F867
:203B2000F000C4F8F40014E0FFE70878012846D000210846FEF7F3FE044600220221FFF772
:203B40003DF9002211462046FEF7B8FE00200301F401E09A1000FFF712FD357031E054FDF6
:203B6000210064F7210068312200E8332200144B22000B19200068FC2100D5FB2100E6FB94
:203B80002100E5FB2100EAFB2100D7FB2100E8FB2100E7FB2100DBFB2100ECFB2100F1FB18
:203BA0002100EBFB2100F6FB2100F4FB2100F5FB2100F7FB2100F8FB2100F9FB2100FAFB79
:203BC00021000020A2E501210020FEF7ACFEFF49044610F8602F0A60407888604FF00002C8
:203BE0004FF002012046FFF7EDF8002211462046FEF768FEB1E770B5044601798078401C33
:203C0000C0B2FEF790FE00286FD0E178FF296FD020296CD201EB8102EE4901EBC202127D1C
:203C200000F8D42FE27802EB820201EBC202D27D4270E27802EB820201EBC202927D827091
:203C4000E27802EB82020301F401D09B100001EBC20292F82E200273E27802EB820201EB71
:203C6000C20292F823208275E278A0F1D40002EB820201EBC20300F18002D3F81A50C0F87B
:203C8000D750D3F81E50C0F8DB5093F8223080F8DF30E37803EB830301EBC303D3F83250AF
:203CA000C0F8E150D3F83650C0F8E55093F83A3080F8E930E37803EB830301EBC301D1F80F
:203CC0002530C2F86B30D1F82930C2F86F3091F82D1082F87310C049A1F15401D1F85E30B5
:203CE0005367D1F862309367B1F86610A2F87C1068E069E000E068E0A0782179401CC0B237
:203D0000FEF715FE61782279890141EA0211A27841EA421141F0800100F8D41FB049897830
:203D2000417010F8B81C8900817010F8B01C8900017310F8A81C890081756178A0F10301F2
:203D4000F401C09C1000D400C1EBC10100EB810101F18002D1F89D10C0F8D710D2F82110CF
:203D6000C0F8DB1092F8251080F8DF106178C1EBC10100EB810101F18002D1F8A610C0F81B
:203D8000E110D2F82A10C0F8E51092F82E1080F8E9106178C1EBC10100EB810101F1800220
:203DA000D1F8AF10C0F8EB10D2F83310C0F8EF1092F8371080F8F3108C490A68C0F8F420A5
:203DC0004A68C0F8F8200989A0F8FC1000F1D400A4E40020A2E430B58548447C816A84480F
:203DE000C4EBC40201EB82020068D2F89D5002F18003C0F82D50D2F8A150C0F8315092F896
:203E0000A52080F83520D3F82620C0F83720D3F82A20C0F83B2093F82E2080F83F20D3F84D
:203E20002F20C0F84120D3F83320C0F8452000F12A0093F837200301F401B09D1000C27753
:203E40008B784FEA841242EA03124B7803F03F0342EA030242F080020270644A9278427096
:203E60000A7F4FEA8202827091F824204FEA8202027391F82C104FEA810181755D49A0F15E
:203E80002A000A68C0F84A204A68C0F84E200989A0F8521000F12A0030BD2DE9F04FB9B03A
:203EA000CE2100F1090537919246007B4F4A4FF000094FF0DC0B50287CD18AF80600002085
:203EC0008AF8050028792E465446012859D14B484FF0E60C0368B3FBFCF00CFB103781B20F
:203EE0000FB9491E89B2B6F80500884212D88BB1884237D14FF0730100FB01F0DFF80481E8
:203F000002EB40014FF001094FF00000EFB1A7F1040C0DE00020A072E62104F1F20061F73E
:203F2000C0FC2EE0231811F8012B401C1A730301F401A09E100000B26045F7DBE019D8F825
:203F400068108160C7F1E6010C3061F7AEFCA7721BE02318401C11F8012B00B21A73E22802
:203F6000F7DBD8F86800C4F8EE000CE07321484302EB400100202318401C11F8012B00B2B6
:203F80001A73E628F7DB84F80AC03079022867D11F48E8464746016800914068019002A864
:203FA0001C49379A62F765FE37981A49083038440A68026089888180E62200E057E09BFB8E
:203FC000F2F002FB10B781B20FB9491E89B2B6F80500884230D80B4A12686AB3884234D15E
:203FE0004FF0010987B37321484316E0000008016400FC45220041232000D02E220054FD64
:20400000210008FC210008F92100A84A22001AF92100902F220014F9210008EB40013A462D
:2040200004F10C0062F70301F401909F100025FEE019C7F1E6010C3061F73BFCA77213E05C
:204040000020A072E62104F1F20061F732FC0BE0FFE77321484308EB4001E62204F10C008D
:2040600062F70BFEE620A0723079E071B6F80500208184F80B90E87808B131280BD18AF891
:20408000060000208AF805000146E87854461226C8B1312822D08AF8060000208AF8050007
:2040A000E878514602280BD1FB4A002001EB400432F81030401C00B2A4F807306728F5DBC4
:2040C00039B0BDE8F08FE81CFFF791FE09E02A22E01D62F7D2FDF3E76671F1E7E81CFFF76D
:2040E0009EFD0100F8D0F2E72DE9F74F0023EA4C99464FF07F081A4664259C464FF0010B13
:2041000094F809E056E003EB830604EBC604029E677D4FF0000AB7424AD1667E26B1030124
:20412000F40180A0100009B1022901D17F2843D094F830601EB1012901D17F283CD04FF010
:20414000000B21B1022902D0012913D01AE0A27D94F82360821A861B52B276B2002A00DAE3
:204160006422002E00DA6426B2420BDD32466FF07F0A07E094F82E20821A52B2002A01DA85
:20418000642200E00AB3424504DA43EA0A06904606F0FF0901291CD094F91660AE4202DAA1
:2041A00035464FFA83FC94F92340AC4204DA254643F080044FFA84FC5B1CDBB2B94C9E4529
:2041C000A5D8B8F1640F0CD00FE043EA0A03D8B20FE094F92E40AC42EEDA25464FFA83FCE4
:2041E000EAE77F2801D00CF0FF09BBF1000F01D0FF2081464846BDE8FE8F2DE9F04F93B0A8
:204200008046002701A80C9008F07F000C4616461D460D97B9460301F40170A110000E9782
:2042200000971190FCF7B3FF06F1010A29460AF0FF00FEF794FB054640780DF13C0E00F078
:20424000800141EA0A01697008F07F00974900EB800001EBC00C24B1012C40D0022C73D0D1
:20426000A9E05FEA08600CD59CF82300DCF82510CDF80710DCF82910CDF80B109CF82D10C9
:204280000BE09CF81600DCF81A10CDF80710DCF81E10CDF80B109CF822108DF80F10834997
:2042A000844A8B5D834202D19CF818109155DFF800829CF8181012F806B09A46002208F13E
:2042C000160818F802600AEB86030EF80230521CD2B2052AF5D39CF8192000922DE0754985
:2042E000744A9CF82E008B5D921C834202D19CF82F109155DFF8BC819CF82F1012F806B0B0
:204300009A46002208F1160818F802600AEB0301F40160A2100086030EF80230521CD2B25F
:20432000052AF5D39CF830200092DCF83220CDF81120DCF83620CDF815209CF83A208DF85D
:204340001920F4B3012C64D0022C2AD037E0FFE75FEA08600CD59CF82300DCF82510CDF8E0
:204360001B10DCF82910CDF81F109CF82D100BE09CF81600DCF81A10CDF81B10DCF81E10BB
:20438000CDF81F109CF822108DF823104D498A5D4A49091D824202D19CF818208A559CF89F
:2043A000181000221346860805EBC407B818521C01710677D2B280F83430082AF6D31198E0
:2043C00000E026E000EB80013A4800EBC100C07D8DF805000C984078FCF73BFEDFF8E880CF
:2043E0003A4F2346D8F8001081F854000C98BE7829464078B87008460C9AFDF7E2FCBE7001
:204400003046FCF726FE0301F40150A31000D8F8001081F8540013B063E6504571D99DF8E6
:204420003D2082426FD2002273469E5C864202D2561C06F0FF09521CD2B2042AF5D9A0EBC0
:204440000A02921C92104FFA82FC4A460DF1340E0EE09CFBF2F807EB08035FB2A9EB020650
:20446000521EACEB08030EF80670D2B24FFA83FC002AEED114E072B30EEB020313F8016CEA
:2044800005EBC40377181344C6EB90061F711E7705EBC40601231644521C86F83430D2B207
:2044A0004A45E8D30020C9F108064FEA9A07844605EBC40122E0902F2200FC45220098F99A
:2044C00021006EFD21009AF921009CF9210008FC210041232000FFE705EBC4038608197167
:2044E000D5E709EB00030B440BEB80021A71A7EB80021A77401C83F834C0C0B28642030109
:20450000F40140A41000F0DC61E72FE0FFE7009ACAB105EBC403800819711877012083F8A0
:20452000340000204FEA9A06074619180BEB80024A71A6EB8002401C4A77C0B281F83570DD
:204540000728F2D343E74FF0000C860805EBC407B81801EB82030371A6EB8203521C0377F6
:20456000D2B280F834C0082AF2D330E700229446860805EBC407B81801EB82030371A6EBB2
:204580008203521C0377D2B280F834C0082AF2D31DE710B50C46FFF7BBFD924AFF2804D126
:2045A000507A401EC0B240F0800054B1022C08D000F07F0000EB800002EBC00090F92E0068
:2045C00010BD010600F07F0000EB800002EBC00002D590F9230010BD90F9160010BD2DE9AE
:2045E000FF5F0025074690F900002A462946FFF7D0FF044697F90301F40130A51000020004
:2046000000220121FFF7C9FF064697F9040000220221FFF7C2FF009097F901000122002157
:20462000FFF7BBFF0190012297F903001146FFF7B4FF029097F9050001220221FFF7ADFF74
:204640000022039011467F20FFF7A7FF8046002201217F20FFF7A1FF8346012200217F2028
:20466000FFF79BFF8146012211467F20FFF795FF82464046444500DD044658465E4500DD24
:2046800006460098404501DDCDF800800198484501DDCDF804900298504501DDCDF808A0B7
:2046A0000398484501DDCDF80C905149524A524B0C701670009818700198487002985070F3
:2046C0000398587005F001000290062D01D3012000E000200190A0EB800005EB4000C0F348
:2046E000470602987C57002801D0484600E00301F40120A61000404601D0514600E059465D
:20470000414A127C52B9022E08D2844201DD06B904468C4202DD012E00D10C46844202DD1A
:20472000022E00D1044631462046029AFFF7F8FCFF2805D00094DDE901323146FFF775FD63
:204740006D1CEDB20C2DC1D32F4D0027B94695F811A000267F1C07F0FF0831464046FEF7D3
:2047600012F9A86285F811900024697CA86A00EB81002146D0F88C00FEF7D0FAA86A00EB08
:20478000C40100EB8400091D641CE4B24167032CEBD3FDF7C1FF687C401CC0B268740228A8
:2047A000E2D3761CF6B2022ED7D3FFB2022FD0D385F811A0BDE8FF9F70B500228118CC7C12
:2047C00091F8495091F87F60002101E0022908D001EBC103034413445C7083F8375083F8B3
:2047E0006D60491CC9B20301F40110A710000629F0D3521CD2B2092AE4D370BD0000FC4510
:20480000220098F921009AF921009CF9210054FD210070B5D849D8480A780378847862F334
:204820000003C2F3400262F3C3044A7862F341038A7862F38203C2F3400565F3C303C2F35E
:20484000800565F34514C2F3C005C2F3001665F3C713C2F34012457862F3041484704A68D4
:2048600002610A7A66F3000562F3061303704A7A62F3450545708B7AB0F8012063F38A123A
:20488000A0F80120CB7A027A63F301020B7B63F3830202724B7B028963F3881202818B7BA6
:2048A000427A63F34202CB7B63F3C40242720B7CB0F8092063F3C912A0F809204A7C037AFF
:2048C000C2F3400462F3041364F345130372C2F38004437AC2F3C00264F3451362F30301DA
:2048E000F40100A81000861343728B7C027B63F304020273CB7C828963F38A1282810B7D99
:20490000B0F80D2063F30812A0F80D204B7D827B63F3860282738B7DC27B63F30402C2731F
:20492000CB7D027963F303020B7E63F3071202714A7E417962F30301417170BD30B51844F3
:2049400083070AD550F8023C891E1B0C801C13701B0A537089B202F102024FEA91040DE0A6
:2049600050F8043B13704FEA132555704FEA134595704FEA1363D37002F104022300A4F1BE
:204980000104A4B2ECD1890703D500681070000A5070012030BD10B5012802D0042803D018
:2049A00049E047F155FC46E039F1E7FF77487549016077497648086047F163FD4AF12BF954
:2049C00076497448764CC1F8D001754920680A6820F4005042F00301F401F0A8100004021B
:2049E0000A6072490968724A116072490968724A40F4801011607149724A09881183714A81
:204A00004FF002011170704920604FF07B0008706F480078C0070BD000231A461946012094
:204A2000F9F747F800231A4619461846F9F741F8684901200870206840F4805020606548DB
:204A4000016821F0040101606448644902880A8082788A70C278CA7000790871002010BDC2
:204A600070B549F1E4FBAFF2CB005D494D4D08605D48286738F124F95D485B4941605C49DB
:204A800081605D495C48086060F7E9FE5D495B4888605D495C4808605E495C4808605E4908
:204AA0005D4808605F495D48086040F128FE47F1CCFB5C48016841F400110160FFF7B1FE85
:204AC0005B4959485C4A08605A48602100240301F401E0A91000C1712021C1721E21C17391
:204AE000082111701021A0F801105548E86755485749C5F8D0005448486056495548086094
:204B000056494FF448700880554856490460544808605549F7200870554804705548C5F837
:204B200004025448C5F854025448012505210560534805604FF4CA000164D0F8001241F0F6
:204B40008041C0F800124E4944204FF40C6248704D494220487000214C4856F754F84B48D5
:204B6000D822002104604A4805704A4805704A4804704A4804704A4856F745F80C22002131
:204B8000494856F740F84848057070BD0000600622002D342000D12D2500B03B20006933FA
:204BA0002500242F2000011D2400005A2000E030200050312000980164003C062200E80681
:204BC00041004C0622000301EC01D0AA100044092200D852200044282000302F20003C2481
:204BE0002000E83C2000DC3A2000042122004C222000B44A2000D51F2500990B25002823FB
:204C00002000010C25004B202500AC2120008D05250050332000A0032200C0332000D309B7
:204C20002500E02220002F082500C4332000C04C220008072000783120005B242500B8092F
:204C40002000B41B20001E312000D90C2400494E1000114125007C48200075422500A44803
:204C60002000EA28200078F721006DD52400343A20006E202000F2F721007B2C24008F2527
:204C800024000CFA2100082D2000C4302000563C2000982222007CF72100F9F92100FAF938
:204CA000210047FA2100F8F92100C021220010212200543120000301F40100082400BDE89A
:204CC000FC4100F09CB9BDE8F04100F002BCBDE8F04100F058BC00F0FDFD10BDBDE8F74F52
:204CE00000F0FEBD000001F01AF9BDE8F087BDE8FC4101F013BC01F000FD10BD000001F09B
:204D0000A2BD01F0ADBD01F0BDBD01F0C5BDBDE81C4002F0EBBBBDE8F04102F0E0BCBDE859
:204D2000704003F0BFBBBDE8104003F05DBCBDE8FF4F03F0E4BE30BC04F0B6BC0000BDE8D6
:204D4000304004F015BE04F0FAFE10BD04F0E1FFBDE8F087BDE8F04F05F05DB805F059B97E
:204D6000000005F086B9BDE8104005F015BABDE8F84F05F0EEBEBDE8F04705F048BF06F0EB
:204D8000A2F8BDE8F08106F022F9BDE8F081BDE8704006F0A1B9BDE8384006F088BA06F04C
:204DA00022BBBDE8304006F0D8BBBDE8F0470301F401F008240006F06EBEBDE8F04706F093
:204DC00033BFBDE8F04109F01EB82DE9F04109F048F81FF6D2BCBDE8704009F08CB8BDE8E2
:204DE000104009F01BB9BDE8104009F07CB9BDE8704009F088B909F09FFA70BD00007CB5F4
:204E00007FB409F01EFB7FBC044665F66CB8BDE8704009F07DBBBDE8704009F0F1BDBDE822
:204E2000F84F0AF018B82DE9F047B1E8F857A0E8F857283A282A00DBF7E7002A13DD02F1DB
:204E4000030222F00302102A05DBB1E80056A0E80056103AF7E7042A05DB51F8049B40F8F9
:204E6000049B121FF7E7BDE8F04770470000BDE870400AF0E0BDBDE870400BF026BABDE830
:204E800010400BF06ABCBDE810400BF077BCBDE8F05F0CF05DBCBDE8F0410CF09EBEBDE8A2
:204EA00070400CF004BF0301F401E00924000CF06ABFBDE8F0410DF0FCB9BDE8F0410DF0FD
:204EC0002DBDBDE8F0410FF006BABDE8F04010F05AB9BDE8FE4F10F070BABDE8FE4F10F05D
:204EE000A0BBBDE8F04010F0D5BC08B0BDE8F04710F0A5BDBDE8FE4F11F03CB8000000B55F
:204F000011F0E3FB00BDBDE8F04011F0DEBB11F000BD11F090BE10B512F035F810BD10B5F3
:204F200010BD12F0B9F870BD12F0DDB80000A12801D1C2F59CBD47F25F01701A47F25F01C6
:204F4000701AA32801D0C2F582BD606805F029FDC2F583BD000012F0D9FCBDE8F087BDE8C3
:204F6000104012F08DBD12F0BFBD12F076FF70BD0000BDE8F04013F00FB809B0BDE8F04F37
:204F800013F09EB80000BDE8F04113F00ABABDE8104013F0E2BBBDE8104013F0F8BB0301D7
:204FA000F401D00A2400BDE8104014F052B814F03FB903A805F0EEFC6868A0F5E04141F6B8
:204FC00092B910B50CF0BCFEF749F74A0C1F012802D0F6480078B8B10868126820F03F000C
:204FE000104308600CF0BEFE0F2806D20CF0BAFE18B1206840F4704004E0206820F4704016
:2050000040F46040206010BD0868526820F03F0010430860F1E72DE9FC41012003F689FE6F
:20502000E448007808B10CF069FCE24EE3480027316899B1807C20B1E14801682F2021F688
:2050400029FA3468204626F65DFF0546204627F6D4F902280BD00E2D09D011E0807D0028E9
:2050600061D0BDE8FC410F212D2021F613BAE07B012805D122F63CFA10B9204638F62EFD8C
:20508000092D04D0E07B80F0010038F63EFB20460DF047FCFFF70301F401C00B240095FFBB
:2050A0002068806920B3C849086880B1026872B11422CDE9007288460C3022F676FFD8F8A8
:2050C000001000226B460C31104622F692FC86F84070206881692046884796F8400038B128
:2050E00096F83B00042801D02EF686F986F84070204626F67FFE58B196F83B00042807D045
:20510000E07B10B122F6C9F810B120461DF608FC092D04D1E07B80F0010038F6FAFAAB4870
:205120000068002803D002B0BDE8F0410047BDE8FC81A74810B500604060A64800244421F0
:2051400000604060A54800604060A44800604060A44804609A4827F658FF984880F84240F6
:20516000A14804602AF6FAFD0446002022F621FD20462AF6F7FD9C4C01221146236810466E
:205180005B1D1CF675FA236803225B1D11460301F401B00C240000201CF66EFA02201CF6F0
:2051A0009EFE03201CF69BFE93482BF66FF800230122BDE810400321904833F692BE2DE95C
:2051C000FC47DFF8049200252C4699F8140070B121F657FC694622F686FD0098214660F3BC
:2051E0008301019860F30C112C2021F65BF902201CF63CFA10B102201CF671FE724F4FF09D
:20520000020A4FF0010887F83BA03868A8B327F697FA30B97868A8B33968807C897C8842A7
:2052200031D9386848B327F68BFA88B9386827F6ECF802280CD13868808948B1786838B1D3
:205240006F49807C0978884202D287F83B4051E1386890B1C17B012903D138F671FA3868FB
:2052600058B1017D022908D17969884205D10022012161487C61F0F54EFF7868B86087F8AE
:205280003F401CE0FFE70301F401A00D24003868808970B121F6BFFF10B187F83B802DE13B
:2052A00021F6E0FB99F8160018B106212D2021F6FDF83868817D090602D521F6B7FFC8E70C
:2052C000B86087F83F80B86880B127F63DFA68B13868002871D027F637FA18B1BC6087F8FF
:2052E0003F4003E03868B86087F83F8021F6CDFBC2B287F843204048B9684FF4461611B117
:205300008B7B934202D17C62BC620BE0FA6891424AD197F8391029B17C62BC620068A0F101
:20532000030000E00068C6F890003868A8B14FF445125168890710D587F83B80C2F804A07B
:205340001DF61FF9B8683968807C897C88427ED3F06980017BD421F678FB99F8160030B10A
:2053600021F6FEFD18B107212D2021F69FF8386820B101680A690AB103219047B868030108
:20538000F401900E2400E8B12249D1F8E01001B188470020B96821F65BFAB86890F90E10A4
:2053A000042950DD807B21F679FBFF283FD04AE0796A81B30329B9D1B96AB1F59A7FB5D970
:2053C000AEE76AE02CE0E40641002409220001F921003CFA2100E0512000C05F2000A08640
:2053E0003100F82A2000342020003C202000442020004C20200054202000842720002C208F
:20540000200048332000485220002452200010202000005A2000FFE7B96A022986D87FE7BF
:20542000002021F638FA002021F60EFD40E0B868807B22F6EAF80146FF2804D0B868807B2F
:2054400022F645FFBD68B8680168096909B321F680FDB86800E055E001680A690021904777
:2054600021F682FDF0B9B86827F672F950B1BE68BC6087F83F400301F401800F24003046E2
:205480001CF606FE30461CF62AFE0CE021F611FF20B1BC60204687F83F4005E021F605FFE2
:2054A00008B1BC60DDE6B86821F6D2FCB86818B915B1A87B21F641FAB86838F633F9032086
:2054C00087F83B0022F628F850B197F84300694622F615FC0098C04381077F4806D00FE080
:2054E0001DF60EF800201CF6F9FE0FE07C4B028801991B78D21A914202D32DF6ECFE05E077
:2055000003880322114602201CF6C2F80120BDE8FC872DE9F041064600F11C04807B22F696
:205520005FFD01464FEA5007207A800703D581F00060400800E03846A18811B1E28822F65B
:20554000C5FD674A31681268914201D0E1880EE0B16A644A91F8A810C1EBC10102EB011153
:20556000703991F84C20002AF0D0B1F85A100301F40170102400F2F593FAE1880D1AA07AD5
:2055800050B12946384622F664F92060022D1CD9E18822F6C8FC17E0304627F63DF978B9CE
:2055A000304627F640F958B921F67BFAB17B884202D1022D02D303E0042D01D2E08805441D
:2055C0002946384622F645F92060BDE8F0812DE9F0410446002626F6ADFC102810D1A06A53
:2055E0004349012690F8A800C0EBC00001EB00107038816E012903D1416EE16100218166D3
:2056000004F11C05A07B22F6EFFC01462868400022F658F80546E07C4FF00067032805D189
:20562000BD4203D920461CF67EF80546052D01D9BD422DD920461CF64BF82D4E35B1BD422A
:2056400004D8022D04D83069A04201D0032000E0042020752068416809B120468847022019
:2056600020753068A0420301F40160112400B0D121F62BFE0028ACD096F83B000028A8D1BE
:20568000012086F83B001D48022211460388BDE8F04110461CF604B80620B0EB550F14D3BF
:2056A00020680021826A2046904748B190F8280030B1690820461BF6EBFE20461BF690FFB7
:2056C0002046BDE8F0411BF667BF690820461BF6FFFE002E08D020460AF02CFF002803D0E6
:2056E000BDE8F0410AF0A1BE73E728202000112020005428200098222200E0512000262059
:205700002000104810B50421816081604FF001014160C1670D48016841F010010160016891
:2057200041F00C0101601DF668FCF1F59CFCEDF51CFF41F6E5FD10F6DDFE21F6AEFDBDE877
:20574000104003F0F2BF20003200808331002DE9F0410546407C8046C3F54AF904000301B8
:20576000F4015012240066D02668B068C0F30137404628F63BF8B1684FEA114804F058FD1C
:20578000696880B2002379B1E968814253D2411A002950D0206800284DD08068C0F3013043
:2057A000012848D12A6820E0C6490968090501D407B902272F742E607168A9606960404568
:2057C00002D9A0EB080100E00021306820603360607C401E6074A07C401CA074206800B9D3
:2057E0006460C5F80C80D3E7024610680028FBD11CE08668C6F30136012E1CD110608668DA
:205800000246360CB14201D9891B00E00021076827600360607C401E6074A07C401CA07499
:20582000206800B96460E8683044E860002902D020680028DDD1BDE8F0812DE9F041054656
:20584000407C804627F6D2FF07464046C3F5D4F80600F0D006F10301F4014013240008004C
:2058600027F61CFB040004D106F10C0027F616FB04462C6003202874207BE86004F110006D
:20588000A86068606168064609B138468847204672F6B3FE0028D2D0C0688007CFD597F8F1
:2058A000D9103078012901D10628C8D04046BDE8F04120216AF6ADBAC1E72DE9F04106003C
:2058C000BDD03468002CBAD0002527686068C4F532F8C2F584FD204627F61DFE6D1C3C00EF
:2058E000F3D13760707C27F685FF0400A7D0707CC3F586F80600A2D0B07C744A401BB07442
:20590000307C2844C1B23174208F1278C4F521F9377494E710B50446407CC3F571F8002811
:2059200007D090F91200002803DD2046BDE81040C3E710BD027C032A00D0BEE7C3F568BD1E
:205940002DE9F74F0D460098467C3046C3F50301F4013014240058F8040022D0207D0327A2
:20596000DFF878914FF000084FF0060A4FF0020B0A2816D2DFE800F005634C89193E2F755C
:20598000579625B1022D06D0052D0AD15BE00098FFF7E9FE32E00098FFF757FF4CE084F8E4
:2059A00014B0BDE8FE8F27758CE085B1012D04D0052DF6D105202075F3E70098FFF7AEFFE9
:2059C00094F912000028ECDC84F81480E9E70098BDE8FE4FC7E6032D02D0052DE1D144E017
:2059E0000098C3F51BF9EFE709203C49207501200860D6E7012D03D0062DD2D10420DAE728
:205A00000098FFF78BFF94F9120000281BDDC8E7022D04D0042DC6D0062DC2D1D4E700981D
:205A2000FFF713FF2AE0032D02D0062DB9D103E00098C3F5F3F80AE084F814A0B1E7022D96
:205A40000BD0052DE8D10301F40120152400D9F800004007ABD53046C3F5C9F80028A6D009
:205A6000A1E70098FFF7F5FE26E0032D0CD0052DDFD1D9F800004007BAD53046C3F5B7F8A5
:205A80000028B5D008209AE70098C3F5CBF8012095E7022D05D0062D9AD0072D85D102983B
:205AA0008DE70098FFF7D5FE092088E7032D05D0062DC5D0072D8DD1072080E70098C3F53C
:205AC000B1F8084827750068012896D103B0B1B2BDE8F04F092058F62CBE78312000E83CF1
:205AE0002000E030200060F721002DE9F04109301446B0F803604779D6800521304628F629
:205B0000CDFE1225012F29D828B139463EF6FBF92072BDE8F081304627F6DEFEF0B190F892
:205B2000DA10FD4B01EB810103EBC101002291F8243073B1FA4D2D78EB40DB0700D0030125
:205B4000F401101624000222F84DCB782D682B441C2505EBC2029A5C8A70897880F8DF1009
:205B60002172DAE76571D8E72DE9F05F002700F10906B0F80D00DFF8B4B31446B946B84666
:205B80003D46BA4608B3F17809BB27F6B6FF0028B0880CD027F6A4FE5FEA000915D099F805
:205BA000DA00DF4900EB800001EBC0050DE0032128F678FE070008D038681738022804D84E
:205BC00097F8D70028F67FFB0746F07860B37079D84940428BF80000307942428BF801201F
:205BE0000968087070794870B0798870F079C870308988807089C880B0890881F089488153
:205C0000307C0873707C4873B07C28B1CA4AC2F800A0C94AC2F800A007208873CA7822FA56
:205C200000F3DB076FD198E0B088E080B088BD49002876D057EA0301F40100172400090015
:205C400073D0BB48DDB32A782272AA7C62722A7CA2726A7CE272AA69A2816A79E273EA787A
:205C60002274EA69C4F812202A6AC4F8162095F824201C2372B10E7822FA06F2D20701D050
:205C80004FF00208EA780668164403EBC802B25CAA7005E002685278120601D54FF0020861
:205CA000EA780668164403EBC8023423B25CAA70A273EA780068024403EBC80032E0FFE7B0
:205CC00037B384F809A03B689F4A02EB031353F80C3CC4F812303B6802EB031252F8082C72
:205CE000C4F8162097F89E20227497F8A320530903D00223B3EB521F0BD1006817F89E2FFA
:205D000000F124033C30D25CA2733A780AE02EE00BE0006817F89E2F00F11C033430D25C41
:205D2000A2733A78105C84F82200844800680301F401F0172400C4F81A0083480068C4F875
:205D40001E0004F111049BF80020A2749BF80100E0747B48006882782275C2786275407BE2
:205D6000A075087804F811090BE0431E401E8B7301283FF75CAF91F90E00042801DD0420A0
:205D8000887384F805A0BDE8F09F70B500F10904808916460025F0B127F6B7FE0028B4F8BF
:205DA00003000AD027F6A4FDA8B190F8DA00604900EB800001EBC0050DE0032128F67AFD22
:205DC00048B101681739022909D890F8D70028F682FA002803D1607928700020707170BD71
:205DE00010B514465B4A017B91825A49007B08805A490B6823B1594A01211170002198477A
:205E00000020607110BDF0B5564B067B564CD3E9000100258EB100F40076666000F4802670
:205E2000A66001F080660301F401E0182400E660504E3040186021F080605860012020704A
:205E40000AE026783EB1D4E901673E4330431860E0680143596025705571F0BD2DE9F8439C
:205E600000F1090500278DF80070122050711646B5F8030027F64DFE90B3B5F8030027F690
:205E80003BFD68B390F8DA002C4900EB800001EBC00468792A4940F0800084F82400097898
:205EA00020FA01F000F001056178254831B1217821B11DB901684978090610D5804645F05F
:205EC0008003022269460068C7F6B1FAE070D8F8001008441C2101EBC501405CA07077719D
:205EE0007771BDE8F88330B5234B1F4C057B1868216A2DB140F01000186041F0080004E09E
:205F000020F01000186021F0080020620020507130BD70B515461549134A00264E7003015D
:205F2000F401D0192400167000F10904C37B007B032B02D30123137010B1012823D024E097
:205F40001FE06831220057FD21007CFD21008F22200048FD21004CFD210050FD2100E8334E
:205F600022001088200044FD210074FD210067FD2100D852200064F72100FFFDFBFFE03002
:205F800020004B7001E057F63EFEE01C10F0F7FE0748026812B1607A0021904705480068C8
:205FA0004FF4C001C1F80C016E7170BD704774FD2100048331002DE9F04781466D48884673
:205FC0004FF0150480684FF0010610F4007701D021240A2621463E20ECF560FE05006FD032
:205FE000E11EE81C29F6C1FEAE7085F80380484627F61CFC04005FD0208FA88094F8D90070
:20600000A8710026D4F87001002F5AD094F85E10A8B304F158000301F401C01A240022F6FA
:206020002AFD28B1D4F8700190F82E10022910D094F85E10E971A16DA960B4F85C10A981A5
:206040006E612E8394F85F00022811D003280FD01AE08079801CE871D4F870110A68AA600F
:206060008988A981A16D6961B4F85C102983E9E7D4F8700190F82F1031B1026BC5F80E203B
:20608000808E68820FE003E0C5F80E606E820AE0E971A16DA960B4F85C10A981C5F80E6053
:2060A0006E826E612E83E18869832189A9836189E98394F8D90020B1607C410985F82010E6
:2060C00029E085F8206026E034E080B194F85E1004F1580022F6CFFC48B128480068400430
:2060E00005D4D4F8700190F82E10022918D0A06DA860B4F85C00A88194F85E00E871E088C0
:20610000E881208928826089688294F8D9000301F401B01B240078B1607C4009287528464A
:20612000BDE8F04777F621BD0168A9608088A881D4F870018079E5E72E75F0E7BDE8F087FD
:2061400070B504460D4608213E20ECF5AFFD002816D0172D00D100250C218170C5703CB1E1
:20616000218F818094F87611817194F8771102E0002181808171C171BDE8704077F6F5BCBA
:2061800070BDD0872000E03020002DE9F0412D4980460A7810440A2801D2087038E00A2211
:2061A000B0FBF2F502FB150008708DB30024264E274F26E0204627F641FB08B3C16B4A037C
:2061C0001ED590F84320AA4217D8002280F8432021F48021C1633078022803D0204669F6C5
:2061E00054FE0DE001203070A1B20A2058F6BDFA69F61DFE1749087002E0511B80F84310B2
:20620000641C387884420301F401A01C2400D5D34146002027F61AFE1148007828B1104829
:20622000007810B140466FF6B7FB404617F6A4FC0D48007828B10C48006810B1404602F0BA
:2062400016FD4146BDE8F04101200FF629BD3E3D20003F3D20001D312000403D20009B40A5
:2062600020009D402000483F2000503F200002460020117C07290FD0FF2915D01A2937D24E
:20628000172923D021B3082925D00E2923D0092924D00C2925D027E0137B022B24D9917C8B
:2062A000002900D119487047137B022B20D3517C042901D2164818E0A1F1F002082AF2D281
:2062C000144800EB0110A0F570607047124870471148103070470F48203070470E483030D5
:2062E00070470C48403070470C4800EB01107047094B1B1F1A789142F9D35B7899420301F4
:20630000F401901D2400F6D8881A064901EB00107047E4C10C00A4C10C00B4F1210088F7DE
:20632000210014C00C004809220010B501F110010446487884F8C5004888A4F8C600888894
:20634000A4F8C800E06B40F48070E063800501D4E06B07E00021204677F654FEE06B20F4F6
:206360000070E06341060AD4000519D4204647F65AF894F8DA00202169F677FD10E094F868
:20638000DA0069F661FDB4F8440020F01000A4F84400204658F6FDF9E06B20F04000E063EE
:2063A000B4F8C6000F2803D194F8DA0047F628F894F8D90000280FD1B4F8C6000F2803D0B4
:2063C000F1480078002807D0E06BC00404D42046BDE8104047F602B810BD70B5064601F1A4
:2063E000100429F607FD054696F8DA10A0780DF03AFB2846BDE80301F401801E24007040DB
:2064000029F600BD90F8DA20887C11460DF0E1BB08B5FF238DF80030F52341EAC2028DF80A
:2064200001308DF802200322694672F6D8F908BD08B5FF228DF80020F6228DF801208DF8EC
:2064400002100322694672F6CAF908BD2DE9F041DFF840C304460E7C9CF8050001F11101D4
:20646000000702D50CF11D0200E0CA4A04F1B800002311F8015B12F8017B5B1C3D4000F887
:20648000015B082BF5D3E06B40F40050E063DCF80010082932D0092E05D02046BDE8F04134
:2064A000092146F638BF400507D50021204677F61FFDE06B20F48060E06394F8DA0069F607
:2064C000C7FCB4F8440020F00800A4F84400204658F663F9E06B810410D594F8B910C90727
:2064E0000CD094F87E11002908D094F876110301F401701F240094F87421114204D000207D
:2065000084F87E01BDE8F08140F40040E063B4F8460040F40050A4F846002046BDE8F0411F
:2065200058F63FB92DE9F84390F8DA9004460E4601F1100591F80C80484623F620F9070051
:2065400027D040464FF028080D2824D0B4F84400400504D53246052120465CF6A3FB698932
:20656000484646F69DFDA0B36889ADF800006878E07568882083A8886083E888A0832889AF
:20658000E0836946484623F698F91221384625F6A4FABDE8F883287BC007FAD06989484673
:2065A00046F67EFDA8B16889ADF800004020A4F844006878E07568882083A8886083E888AA
:2065C000A0832889E0836946484623F6E4F93221DCE7FFE784F8CB804846BDE8F8430121FE
:2065E00024F6E2B82DE90301F40160202400FF416E480127D0E90C10CDE900100C216846A0
:2066000044F636FB0D21684644F632FB1F21684644F62EFB0026DFF894816BE0304627F68B
:2066200021F9040065D0E06BC00762D094F8D90000285ED1608F00285BD0B4F8440008B11C
:20664000002756E094F8770102280AD1052204F10C01684621F6EFFE58B994F877010228BA
:206660003CD05148052204F10C01303021F6E3FE80B394F8DA0023F686F8050039D0022094
:20668000A4F8440094F8770102281CD0204647F610FAB5F89200A5F89A0002A9204647F68F
:2066A000F7F914F8DA0F02A925F63FF92078082202A972F69CF800284FF0010128460AD0DD
:2066C00025F60FFA15E0009820629DF8040084F82400DEE702E025F611FAB1E7218F030135
:2066E000F4015021240001204039884033490988084202D0204647F6EDF9761C98F80000DA
:2067000086428FD3384604B004E72DE9F047814649F608FD8046484623F639F804001FD049
:20672000274F274E284D788CE0B1606D296832680089401C02FB0012B8F1000F05D008469D
:2067400022490968884200D25200788C841847F6FF70844200D3441E484625F67CF92044A6
:20676000BDE8F0871A480068000501D5802002E0484625F612F92968CA01B2FBF0F2606D6A
:20678000346803894689C088F600B6FBF0F05B1C04FB0322824200D9024604FB03109042CF
:2067A000CAD90246C8E71C3D20008868200010882000D08720001D3120007631200084319D
:2067C0002000243D2000283D20002C3D2000E030200070B504460301F401402224000EF6E8
:2067E0002AFE002520B1207B02281BD0032819D06561204616F61EFF10B104205DF65AF9D7
:20680000A07C4CF6CBFAA07C16F605FF1A4978B1A07C0A6800EB400002EB800002893AB101
:20682000458170BDA07A211D0EF6C4FE6061E0E7A07C096800EB400001EB80004FF6FF72E5
:20684000428170BD70B500250446C573807C4CF6F1FA204616F6EEFE08B15DF685FA054A1B
:20686000A07C4FF6FF71126800EB400002EB80004181656170BD603C200030B52648006809
:20688000000714D5254B254A0020D3F8041114880BE000290BD0CA0705D003EBC002D588EB
:2068A00025F47E45D580401C4908A042F1D330BD1C480068002802D0412129F67ABA704735
:2068C0001849096891F840202AB101EBC0000301F40130232400C07908B10120704700201C
:2068E0007047114A0368126802EBC1010B6083888B80807988710120C87112F8400F401C70
:206900001070704709490022096801EBC0000260426011F8400F401E08707047000078311D
:206920002000288A200024312000D8F7210019494FF0553008601848091D8068086017493C
:20694000C043086060F624BA164840F20A51016040F23451C1601348144900680860134891
:206960004FF446110068C1F8940370470A481C38016841F4E02101600E49052008607047CD
:2069800005481C38016821F4E0210160094900200860704700003087310084312000708B2D
:2069A000310040034100A81B2000C08B3100A41B20004406600030B5C36BDF4D1C044B7818
:2069C00002D590F874410301F4012024240000E02C7F1C405470C36B1B0405D5097890F867
:2069E00075010140917030BD0878697F0840907030BDD4490978C90707D081070BD4C107E1
:206A000005D1400709D504207047C10701D0012070478107F5D502207047002070472DE917
:206A2000F05F80460D4614464FF0000B5078C5F50BF98146A078C5F507F982462878C5F509
:206A400003F96178A278914202D01140A170617029786A780027914201D1012828D0657822
:206A6000A678B9F1010F03DD2846FFF7C2FF0546BAF1010F03DDA078FFF7BBFF0646AE424F
:206A800005D046EA0500800701D502252E466570A670617898F87601814200D16770A178A5
:206AA00098F87701814200D1A7705846BDE8F09F6078A1788842ECD0A7706770E9E7030118
:206AC000F401102524002DE9F04105460E46144690F8DA0022F66BFE070020D04FF0000807
:206AE000C4F8008084F8048018202070224631462846FFF768FF224631462846FFF793FF13
:206B000006000ED084F8018084F8028095F8DA000522214671F67FFE3046BDE8F08107200A
:206B2000FBE7607860B1284600F08AF9B7F89210018295F8DA0046F688FEA4F80300E5E741
:206B40001726E3E72DE9FE430446002590F87801012701F111039846022620B1012870D0F9
:206B6000022803D1AAE012B1162A36D0C6E0B4F87401ADF800009DF80000C5F569F801283F
:206B800016D99DF80000FFF738FFC0B28DF801008DF8000094F87611814209D194F87721F3
:206BA000824205D102290DD08DF801608DF8006094F8DA006A460301F401002624001621D8
:206BC0006EF6EAF894F8D90028B107E08DF801708DF80070F0E784F8787193E084F878615B
:206BE00090E0414602A86EF6E5F8010001D016221AE094F8D90078B15648C06900909DF835
:206C0000000080072FD598F80110012918D002291CD003291FD026E0B4F8440040F2024199
:206C2000084205D016222A21204647F638F869E06A4602A92046FFF74AFF05002FD05BE057
:206C40008DF801708DF800700DE013E08DF801608DF8006007E098F800000128F0D0022814
:206C6000F4D00328F2D094F8DA006A4617216EF693F8B3E7172A06D0162A16D00D2A17D031
:206C8000112A15D01AE0194602A86EF693F80100CED01622204647F602F81E252CE094F893
:206CA000DA00694624F629FE95E7162223210301F401F0262400BBE70D2A01D08D7C1FE02D
:206CC0004D7C1DE0072A21D11A2519E0182A09D0162A33D00D2A39D0112AF3D18D7C232D9D
:206CE0000ED135E001F1100794F8DA0069F6D4F8787808B9B97819B1B978884209D0202541
:206D00002B4601220021204657F653FE0120BDE8FE83B7F8031094F8DA0046F6E1F928B15C
:206D200094F8DA00394624F6ECFD5BE7282004F8CB0F0121E07B23F657FDE7E794F8DA00ED
:206D400004F5BA7217216EF62BF8DFE74D7CC6E72321204677F6F1F9D8E710882000DDF7C7
:206D600021002DE9F047814600F5A874B0F86851B0F86A61B0F86C71B0F86E81B1F8010033
:206D8000A082B1F80300E082B1F805002082B1F8070060824FF0000A48464CF6CCF8208B59
:206DA000A84208D1608B0301F401E0272400B04205D1A08BB84202D1E18B414502D04846EF
:206DC00077F69DF920222146FE482AF6EEF95046BDE8F0872DE9F0410C464FF0000802F135
:206DE000100104282DD0012604F5A875052804D00B2817D00C282CD11BE052B30F4694F8EF
:206E0000DA0069F64DF839462046FFF7AEFF2E70B4F8440020F48050A4F84400204657F667
:206E2000E4FC16E020464CF68AF8687840F00100687094F8DA0069F633F820464CF67FF85A
:206E4000E5E72046FFF791FF18B9152120464EF6DEFD4046BDE8F081DB4A002101EB81039C
:206E600052F82330834203D0491CC9B20F29F5D30F2904D001EB810002EB80007047002040
:206E800070472DE9F04186B00D464FF0000801F5A87404281ED0082875D00A2873D1030109
:206EA000F401D02824002846FFF7DAFF061DA0882081E08860813088A0817088E0811421E8
:206EC00028464EF6A8FD042020702089B0806089F080A0893081E089708158E0E86B02F1C3
:206EE0001006C0F38031E089ADF80800A089ADF81000A388C1F103020DB1084600E0002036
:206F00000E301844904080B2ADF80C00E388834200D81846ADF80400D04005B90021401ACC
:206F20000E38ADF80C00AA48D0F8087237B102A8009004AB01AA03A92846B847A648BDF8EE
:206F400004100088814200D80146BDF80820ADF80410824200D91046ADF80800BDF80C209C
:206F60002281BDF81020A2816181E08131462846FFF7FFFE18B9152128464EF64CFD012028
:206F80002070B5F8460020F48050A5F84600404606B063E72DE90301F401C0292400F041D4
:206FA00086B00D464FF0000801F5A87404280CD00A2856D1142128464EF631FD04202070C5
:206FC000607840F0020060704BE002F11006EA6B2789ADF80C70C2F38030A389C0F1030137
:206FE000ADF81030002D01D0024601E04FF000023A4402F10E0202FA01F2ADF8042001D139
:207000004FF00000184400F10E0000FA01F0ADF808007148D0F8087237B102A8009004AB72
:2070200001AA03A92846B847BDF80C002081BDF81000A081BDF804006081BDF80800E0818C
:2070400031462846FFF799FE18B9152128464EF6E6FC01202070B5F8460020F48050A5F8FE
:207060004600404698E72DE9F04700270E4601F5A87401280BD004287CD0082802D00F2836
:207080000BD104E06078C00706D1022067E00301F401B02A2400002A72D06178C90701D074
:2070A0001A2779E015460F281BD04FF0000C4E48DFF83C814C494E4B0088B8F800800988CD
:2070C0001B885FEA0C090FD0B5F806C0844506D3C44504D82889884201D398420DD912278E
:2070E0005AE04FF0010CE2E7B2F805C08445F6D3C445F4D8B2F80700EDE73E4800680003F5
:2071000016D42089B2F80510884211D16089B2F8071088420CD1B9F1000F07D0A089E988F6
:20712000884205D1E0892989884201D1172733E0B2F80500A080B2F80700E0803046FFF75B
:2071400097FE001DB9F1000F08D0E9880180298941806888A080A888E08003E001890180F9
:207160004189418003202070B6F8460040F48050A6F84600304657F644FB0DE002E0FFE73E
:20718000022709E002F10301F401A02B240010013046FFF7FAFD18B9152130464EF647FC8A
:2071A000384625E670B5024600250846072A05D100F5A87403F051F801202070284670BDC6
:2071C000AFF21D010F480160AFF253114160AFF225218160AFF23331C160AFF2E931016187
:2071E0007047E4CF20002C0A2200005A20004C3D20004A3D2000483D20004E3D2000E03083
:207200002000083120007D4A002101EB810352F8233053B1491CC9B20F29F6D30F2909D00A
:2072200001EB810002EB8000DAE701EB810342F82300F3E70020D3E7714A002101EB8103E6
:2072400052F82330834205D101EB8101002042F82100C5E7491CC9B20F29EFD3C0E74FF49D
:207260009671664825F659BF2DE9F0410E4664491C464979090702D562491D3100E00301F6
:20728000F401902C240061494FF00008614B614DC4F8008001271B882D88DFF87CC10D28C9
:2072A00024D006DC022827D0032841D0062804D119E010283CD011281ED0002E73D0097842
:2072C000890671D506F5A8750C272978052972D2534B53F82130F3B3052866D0012868D0D7
:2072E0000F2866D069E04BF68DFE7BE00878800661D5D380158112E0097889065BD5112821
:2073000014D00020BCF82010D180BCF82230138190B3BCF82000D080BCF822001081BCF818
:2073200024005081BCF8260090815BE00120E9E7097889063FD5102813D0002739483949D8
:20734000008809887FB19688864208D39E4206D8D088884200E02EE001D3A8420DD912207F
:2073600039E00127EAE7B2F803608642F7D39E42F5D8B2F805000301F401802D2400ECE763
:2073800029E0B2F80300ACF82000B2F80500ACF8220007B39088ACF82400D088ACF8260042
:2073A0001088ACF820005088ACF822001EE02CE01EE0042911D0152214E0012901D0276010
:2073C00014E0092802D0042806D006E03046FFF73BFF85F8008009E019B1314698472060A2
:2073E00004E014222421304646F679FC012049E5042802D0052802D005E0142100E015218B
:20740000304645F629FE1120E9E70220E7E72C0A22008868200010882000483D20004E3D53
:207420002000E4CF2000083120004A3D20004C3D200010B5044618480068C1042CD5C0064D
:207440000FD594F8D90010B11548007848B91020A4F84400E06B40F04000E063204646F69C
:2074600026F894F8760194F87411084206D00301F401702E240021460022BDE81040082059
:207480004EF6D5BD012084F87E01B4F8460040F00800A4F846002046BDE8104057F6C1B9CC
:2074A00010BDE03020009A3020002DE9FC41044690F8D900002601F1100501281BD1B4F8F9
:2074C0004400410503D4B4F84610490513D520F48060A4F84400B4F8460020F48060A4F8BD
:2074E0004600E06B810706D520F00200E0632321204676F629FDB4F8440018B194F8D910D9
:20750000002972D0B4F8460040056ED46D1C28465BF6DCF9C8BB94F8D900012806D001AAD8
:20752000294620465AF6AFFF002874D0294620465BF65FFA010003D050488068800667D577
:207540002888A4F824016888A4F82601A888A083E888E083287A84F82801B5F80900A4F848
:207560002A01002005EB0301F401602F2400400204EB4003B2F80B20401CA3F83021062865
:20758000F4D34FF4806761B12946204676F62FFD08B1064638E0A4F84470042084F83E012F
:2075A00030E0A4F84470E06B40F00200E06394F8D90001281ED028F669FC0746B4F8522041
:2075C000B4F8501020465AF658FE2888A4F848006888A4F84A00A888A083E888E083384685
:2075E00028F658FC20465BF68BF8002084F83E0109E016E0E8880090AB886A8829882046E9
:207600005BF622F8012076B102B031462046BDE8F0410F2246F66BBB1A26F5E7FFE7202677
:20762000F2E72A26F0E7002806D094F8DA00BDE8FC41202168F665BCBDE8FC811CB5044607
:20764000002000900190E388A288618820885AF6F7FD70B1207A638898420AD800210301F8
:20766000F401503024004FF6FF7204EB4100B0F80B00904203D0984201D31E201CBD491C09
:207680000629F2D300201CBD0000D08720002DE9FC4105460E4690F8DA3017224FF47F7196
:2076A0003B4829F6A2F995F8DA0022F6B0F804006BD005F5A775687840F00400687028F607
:2076C000E9FBD4F80C81B4F8927028F6E7FBF07980082870616D7088381AB1F8CE1080B265
:2076E0004143404620F6A7FC01467068C0F31900400020F6A0FC054640000090002001901E
:20770000204624F65EFD28F63EFB28F6C3FB0646A07B694620F6D5F9304628F6BFFB28F6F5
:207720009AF9208C618C2844B0FBF1F201FB12002084606DB0F8CC10B0F8CE202944B1FB71
:20774000F2F302FB1311A0F8CC10606DB0F8D010B0F8D22029440301F40140312400B1FB19
:20776000F2F302FB1311A0F8D010012084F82500D4F80C01294620F6F8F8C4F80C01D4F8E6
:20778000A800294620F6F1F8C4F8A800204625F692F9BDE8FC810300010056495548086099
:2077A000564944380860554900200860704770B5044650480068457863F6BBFD42F20E06E4
:2077C000022C04D0042C02D0032C1CD029E0284618F6E7F9284626F68DF880B1042C02D0E3
:2077E000022C08D00BE000231A4619463046BFF522FA022100E00821284676F6C1FA284641
:2078000026F608FA0DE064F6B2FA50B93C4C206838B100231A460C213046BFF50CFA002055
:20782000206037480078401E26F62AFD64F638FA012803D1BDE870405CF6D6BA70BD2DE92D
:20784000F0412C4E044688463068407826F60301F4013032240052F8050008D02C4F84B1A3
:20786000052C38D04046BDE8F04163F691BD2848807D00283ED0BDE8F041292132201EF6A3
:20788000B1BE64F6CCF964F60FFA012802D102205CF654F9387878F668FB152057F6F6F849
:2078A0000028284607D063F6F7FC63F659FD19490120087001E063F627FD17480178012905
:2078C00018D1022101703068154940780978BDE8F04168F622BB387878F647FB64F6E4F954
:2078E000012802D102205CF629F92846BDE8F04163F60ABDBDE8F08100002CCE2000FC3C2A
:207900002000003D20007CF7210021312000CD302000C05F2000D53020003F3D2000403D4A
:2079200020002DE9F04105460E46406D25F6E6FF04007ED094F8D80001211FF68AFE94F893
:20794000D8004AF69EFE0301F40120332400804605F120000121074615F6B3FF012138465B
:2079600015F6B1FF0021384615F6D2FEFE480068A065FC48001D0068FC49A4F85C00F948D8
:2079800009680C30C1F3801184F85E1016B1C4F8706102E0696BC4F8701195F82C1084F87F
:2079A0005F100068F04D6063103520465FF688FAEE4814300068C00502D520465FF676FAC5
:2079C00014222946204655F6B6FEE08801254000A4F8CE00A0888100091D40461FF602FFFA
:2079E0004FEA5000C4F8D40041010BD5B4F8CE1080F08060B0FBF1F201FB1200A4F8CC006E
:207A0000022008E0B4F8CE10B0FBF1F201FB1200A4F8CC00002084F8DC00E07800B9E570F0
:207A2000D348407900280DD0E27881B2A08862F3030160F30F11482000E003E0BDE8030118
:207A4000F40110342400F0411EF6D4BDBDE8F0811CB51FF6FDFD002834D024F6E8FE807BD6
:207A6000694620F6E8F90098800717D0DDE9000100F00300C0EBC00202EB401001EBC0004A
:207A8000BE49096888421DD3BD48007800284FF0010007D0BB4981F83A0005E0019800F2D1
:207AA000E240EDE725F68DF9B348807D002809D00098102160F34611019860F3CF112D20AA
:207AC0001EF698FD1CBD2DE9F04700F1320490F82C60456B4FF0000A207826F628FB804606
:207AE000207826F630FB074614F8320930B115F6B2FD824694F82E0015F682FE002021F634
:207B000030F8DFF86C929F49A9F12C090843C9F800005FF662F95FF69BF994F8320010B18D
:207B2000504615F66DFE35B195F82F0018B105F13000012609E00301F40100352400022E16
:207B400001D0032E00D1B61E314604F1200015F681FE0168A1638188884AA18784F83E60DE
:207B6000243A01681160111D8088086098F8000010B387480078C0B194F83200A8B90021E4
:207B8000022020F6C5FE20F6BDFA824A0146A8F101001378184401608048127808F10301D9
:207BA000037853540178491C017098F8002008F104017A4855F6C7FD98F800100122891D6C
:207BC000002020F680FD804694F82B0001280AD0042808D0734B60B302283BD048F002002E
:207BE000012E4AD04BE001220C21002020F66BFD624940F0010018310A1D45B195F82E30F6
:207C00002BB1AB6A0B60E96A89B2116008E0636A0B60A16A89B2116094F82A10012901D170
:207C200040F08000D9F8002042F00802C9F80301F401F03524000020D6E73A781AB1391DB4
:207C4000184655F684FD39780122891D002020F63EFD40F0040148EA0140C5E73A781AB13E
:207C6000391D184655F673FD397848F00605891D0122002020F62BFD40F0040045EA0040D7
:207C8000B2E740F040103E493039086000F00F01062901D120F00F004FF47F4101EA102134
:207CA000C0B20143374814380160A07B00211FF6E0FC206D20F6B2FC3249E06C58310860AC
:207CC0003B483B49008A0860314C4FF001002070FFF7C6FE00202070BDE8F0872DE9F14F82
:207CE0008EB000200E9D01260D90B3466C6B07460DF6F5FB029022481430D0F800801F48B8
:207D0000006800901E48001D006880B2019095F82B10284801295ED04078DFF864A0A8747E
:207D2000DAF80090C9F30301F401E0362400801001460A90684620F616FF03901448407900
:207D4000E8B15FEA88701AD580B269F30300002161F304104FEA192161F34A10C8F3410122
:207D600003293ED020F40061C8F3C00060F30C3146201EF64BFC472000991EF647FCC8F376
:207D8000410003281DE0000A3700988B3100C05F2000203C2000F1F72100E051200040018F
:207DA000000D163C200030882000513C200000083700000937001088200004833100563C3E
:207DC000200062D1DAF80090FA4909F00F0AC9F3C010097871B1BAF1030F05D00AE0007876
:207DE0009FE740F40061BFE75FEA087102D4F14A01211160F14909680B91EF49091D096846
:207E00000C9195F83E10814207D106220DF12E0105F1380020F66FFB00B1002602980301D7
:207E2000F401D0372400002815D00398A0B1002E11D00DF665FB00280DD03CB115F6DCFCE2
:207E4000012829D015F6D8FC042825D068460DF6D5FB07005AD07AE0002E78D00DF650FB30
:207E600058B34AF64CF908B1204603E069460A980DF6FCFB08B390F83610012967D190F8B2
:207E80003B00C00763D10E981FF6E6F828464AF63AFA0FB0BDE8F08F94F83600012856D13C
:207EA00094F82E0030B10622694604F1280020F626FB18B121F6EBF928B148E0022084F899
:207EC0002E00274643E0002002900390049005909DF803008DF808009DF804008DF809002A
:207EE0009DF805008DF80A0006AA02A904F1080021F6D7F80322694606A820F600FB30BB9D
:207F00000098A062BDF80400A085D7E768460EF6B4F8070005D00301F401C0382400D4B157
:207F200097F83700012809D015E0A74A1FFA89F14023121F0E9857F65DF90CE094F8370074
:207F4000012808D1102204F1180107F1180020F6DAFA00B100270E985FEA087100F1200094
:207F600080461FD515F6C6FB40B1694648464AF677FB5FEA000B0D9017D136E030004FF03D
:207F8000000612D08CB14AF6BEF870B1A1790A9881420AD106226946204620F6B4FA20B971
:207FA000012602E08A4901200870BAF1050F1CD1404615F673FCC0B1BEB1BBF1000F14D021
:207FC00039462846FFF7C9FC0D9810B10E981FF647F828464AF68DF995F82B000128686DAF
:207FE00081B217D0032056F63CFC79480079C0073FF453AFBAF1050F03D0BAF1030F7FF4C8
:208000004CAF714A1FFA89F10123121F0E980301F401B039240057F6F1F842E70120E6E7C9
:2080200070B56C490446002008705EF6EEFE08B1402600E0002624F67FFC10B924F6B6FCF5
:2080400008B3002594F82B00314603281FD00C201EF6EEFD94F82B206248012A604902680E
:2080600002EA01020260016813D05E4A114301602DB1A07B20F689F820F00100E0612046BE
:20808000BDE8704037E523F614FF0125DAE70D20DEE741F08071EAE72DE9F041534D064644
:2080A0000C4629787F2006F12007012902D1384615F604FC4E490A6842F000520A604C49FE
:2080C000BCB1012C3CD0022C4BD0032C5DD0042C67D0052C78D196F82B00012874D03046D8
:2080E00024F65EFA00286FD03046BDE8F0414AF612B92A78012A0ED17F280CD00978C1B12E
:20810000C0F3031108290301F401A03A240006D100F00F006CF662FCC0B2F7F515FC24F651
:20812000DDFE68B11FF63AF9B04209D11FF6ACFA30B1BDE8F0411EF63EBF3049085CECE704
:208140003046BDE8F0416FE70878002840D0287801283DD1384615F6B5FBC0F303110829BD
:2081600036D100F00F0001212EE024F67FFB18B1BDE8F0411EF6E4BC384615F6C3FA10B1DB
:2081800004205BF6FFFC1E480078BDE8F0415BF66ABE297801291BD17F2819D01A48006831
:2081A000BDE8F041C0B2F7F5CFBB087800280FD0287801280CD1384615F684FBC0F3031006
:2081C000082805D100210846BDE8F0416CF6E5BB58E498242000A0242000040A3700543C81
:2081E000200088682000FFFF00FE9483310000000101F03C200000042000503D20000301E8
:20820000F401903B24006C3C20008C212000643C200010B52C22064907485BF60AFB0649CF
:2082200005480860AFF219518161AFF28511016110BDB41B0D00680B2200683C2000F8B554
:2082400005460E46FF200090174600241146304620F69DFC48B130460DF6E0F9040004D0B0
:2082600020683060A088B080A77932463B466946284663F692F90646009825F6EFFB60B17A
:20828000A86ED0F8700100B904B904462846009963F66AF9A86EC0F870413046F8BD2DE94C
:2082A000F0478EB0044659F647FDFE4F0822394608A855F664FAFC4EB4F84A00F178C0F3C1
:2082C0008015F1B1FA49096889071AD514F8572F89B262F30301820962F30411000A60F3BC
:2082E0004A11607860F3CB21A078A4F1570460F30C314FF043000301F401803C24001EF605
:208300009DF9442008991EF699F994F85800002820D00DF600F9A0B1294608A820F63BFC67
:2083200078B90DF601F960B108A928460DF6B2F938B190F83610012903D190F83B00C007F2
:2083400009D094F858000028E2D094F8570030B1012804D03FE120461EF692FE43E1A56E64
:208360007DB3684659F637FB804694F859004FF0010A38B30DF6CFF8002872D00DF6D4F8BB
:208380000028FAD000264146684620F604FCB146002867D094F82F0001284BD0D5F8707177
:2083A000002F0DD097F82E0030B1062207F12801684620F6B8F8E0B397F83600012854D0B1
:2083C000ACE000E009E0B07D002803D0272132201EF634F90EB0BDE8F08721466B464246CB
:2083E000084601F0EDF90028F4D00098A8650301F401703D2400BDF80400A5F85C0085F8CE
:208400005E80424669462046FFF721FF0028A5D0AC488068000709D5AB492046012381F876
:2084200000A0B4F84A103A4656F6F8FE012063F635FD012063F616FDD0E718E068460DF63B
:20844000F5F818B968460DF630FE30B1C179FF2968D00126C5F8700164E02046B4F84A10FF
:2084600004233A4656F6DAFE5CE09DE033E0012658E020F624FFF0BBCDF81490CDF808905C
:208480009DF803008DF808009DF804008DF809009DF805008DF80A00CDF80C90CDF81090A1
:2084A000E8460AAA02A907F1080020F612FE032241460AA820F63BF8E8B90098B862BDF85A
:2084C0000400B885022087F82E00F879FF28CED05BF69CFCCBE794F82F00D5F87071012829
:2084E0000ED1002302220301F401603E2400414668465BF688FAFF2806D0694600E015E012
:2085000040460DF6CFF8074687B1B97941450DD106226946384620F60EF838B987F82E9051
:20852000F8790126FF2801D05BF674FC94F8570001284ED1E6B361490DF11A06D5F87051D0
:208540000822091D06A855F626F95E4814380068C0F3C011304620F626FB48B395F82F0071
:2085600030B1062205F1300130461FF6E4FFF8B195F8370001282CD120F6A5FEC0B9CDF8D3
:2085800008909DF81D008DF808009DF81E008DF809009DF81F008DF80A00CDF80C90CDF85A
:2085A0001090CDF814900AAA02A905F1180000E00FE020F692FD032231460AA81FF6BBFFB4
:2085C00038B9DDF81A002863BDF81E00A88685F82FA094F82F00012805D162F6ABFF030123
:2085E000F401503F2400FF2801D05BF617FC3A49A07C4979884202D1204662F670FE01212B
:20860000204659F60EF8F1E610B504461EF644FD2E48C07850B1A26E81B2D378908863F3B9
:20862000030160F30F1145201EF614F8204623F65FFE2A4900200870A4F84C0094F86D1066
:20864000022056F62AF9A06E002190F8D8001FF638F8BDE81040022063F628BC10B52C224E
:20866000204920485BF6F5F820491E480860AFF26901C161AFF2B731816110BD70B51B4CC3
:208680000500A0663BD0012084F82E0095F85F0084F83100204658F610FF152020740020B4
:2086A0006074204662F61BFE022084F85A0001222221002020F633F840F00501216495F808
:2086C0005E00012815E0000A3700C05F2000AC8B3100042122000301F40140402400F2F769
:2086E0002100C4302000D5302000E01B0D00F80822007C3C2000C0CD20000ED002280CD08D
:2087000003280AD00CE00C48807D002814D0BDE870402A2132201DF6A1BF41F08000206471
:2087200095F85F00012803D0022801D0032803D1206C40F04000206470BDC05F20002DE955
:20874000FC410446F54800260078D0B36AF6E5FDB8B394F85800A0B394F8570008B101288B
:208760002FD1EE48856E684659F645F9074694F8590030BB0098A865BDF80400A5F85C0021
:2087800085F85E706B463A46E549204601F028F8B8B13A466946E148FFF765FD060010D0B9
:2087A000E0488068000709D5DF49012003460870B4F84A10DD4A204656F63CFD012063F628
:2087C00079FB3046BDE8FC8110B5D84C58F60301F40130412400C5FE10B1204623F639FD8F
:2087E000BDE8104017F618BA2DE9FC5F044600250126007C29463BF65CFD84F85F002046E8
:2088000059F6B2FA0822CA49684654F6D0FFCA49B4F84A004978C0F3801701B3C84909680F
:2088200089071CD514F8522F89B262F302016279000A62F3C60167F3C71160F30D21A079CA
:2088400060F38E31E079A4F1520460F3CF314FF041001DF607FF422000991DF603FF94F83A
:208860005200DFF8BC924FF00008012806D0022852D0032872D0042827D1FCE094F858009E
:20888000002822D02046FFF75EFFF8B10CF657FE002861D03946684620F691F9D8BB0CF64A
:2088A00057FEC0B3694638460CF608FF0028E8D090F836100129DFD190F83B00C007DBD1FC
:2088C00020461EF6F1FB0301F4012042240089F80080FDE089F800800CF635FEA0B13946CF
:2088E000684620F670F978B90CF636FE60B1694638460CF6E7FE38B190F83610012903D10A
:2089000090F83B00C007E4D094F85700002878D0062876D0022874D0012872D0D8E01FE0C2
:2089200094F858000028D4D00CF60DFEA0B13946684620F648F978B90CF60EFE60B16946A6
:2089400038460CF6BFFE38B190F83610012903D190F83B00C007B7D02046FFF7F8FE10B101
:208960000026B5E07DE089F8008094F8570008B10628CFD194F8590050B97348007838B16A
:2089800094F95F200023F9B2684657F6ABFA38B1204659F609F9054694F8590030B197E035
:2089A00020461EF685FB84F8588091E01BF6B8FB0646E80732D0DFF88CA1022EAAF1030124
:2089C000F40110432400100A0AF1040B01D0032E1DD10CF6BCFDD0B10CF6C2FDB8B1394632
:2089E000684620F6F4F818B168460CF637FE03E0694638460CF66AFE40B190F82F1029B10D
:208A0000026BCAF80020818E22E029E0B61E16B1012E18D006E04F480268CAF80020818869
:208A200058460160042184F852104B4848499C3990F8260008600026494858F6E8FF4749A9
:208A4000091F086048E046480268CAF800208188CBF800103E484438016841F04001E0E704
:208A6000204659F6A5F8054636E094F8580098B394F8570008B106282ED1B4F84800401EF9
:208A8000A4F8480028E094F85800F8B194F8570004281BD13248001F0068B84216D1062258
:208AA00069462E481FF65BFD80B901250CF64FFD60B10CF655FD0301F4010044240048B1B8
:208AC0003946684620F687F820B168460CF6CAFD00B90325204659F604F8204658F6A6FDA3
:208AE0006AF62BFC10B199F8000010B994F85E10A1745DB15CF633FB08B145F020052046BE
:208B0000B4F84A10EBB2104A56F6A4FB1EB10121204658F69AFD84F82680BDE8FC9F10B50A
:208B20002C22124913485AF6A8FE124911480860AFF23131816110BD0000823C2000C0CD02
:208B4000200004212200F2F72100000A370030CE2000C05F2000AC8B310074312000882031
:208B6000200084312000F8F721003C3120000C1C0D00940B2200903C200070B504466FF0B3
:208B80000105294601200AF054FB0646294600200AF0E2F9F08A8030001284F82C0005203D
:208BA000A0814B480068C0F34101032907D00301F401F044240081070BD4E1698A8902F199
:208BC00001028A810BE0E1694A8902F101024A8105E0410703D4E169CA89521CCA8100F074
:208BE00070F94FF448114FF41810C865206A002813D14FF446167569E07B01280CD170698B
:208C000020F0800070610220C3F5DAF8F06945F0800540F00070F061756170BD10B5044631
:208C2000C0694189491C41812D480068C3F5C8F84FF448114FF41810C8656CF6C5F8216AE7
:208C40004FF4461089B12649244A983A0968116025490968C0F8A01024490968C0F894132C
:208C6000BDE81040224823F608BC41694161204B1968C80716D0C1F34500401D2522B0FB83
:208C8000F2F402FB14000A284FEA400201D8921C00E0121D60F3460119601649D2B242F072
:208CA0008000086010BD0301F401E045240010B53021104824F6A1FA10480021016010BDF3
:208CC00010B52C220F490F485AF6DFFD0F490D480860AFF24B118161AFF2B501C16110BD6C
:208CE0000000AC8B3100B03C20004433200040332000901B200018CF200000F82100A486C1
:208D00003100681C0D00C00B2200B43C20002DE9FF4F814683B01D4601200CF6B1FA654957
:208D200020F07F4809EB890009684FF0000A01EB80060498CDF808A057468078D34600F00C
:208D40000F015D480068B0B15D4A12689AB100EBC904042913D025713DB302AA4846049904
:208D600067F6A0FB029800B3C0F8308090F8360002281BD029E0002007B0BDE8F08F2079D6
:208D80004DB148B9059820B1014602AA484667F614FC012700E020B102AA484604990301C4
:208DA000F401D046240067F681FB00202071002FDCD10EE002AA4146484667F625FA02A948
:208DC000CDE9001BB288717B4346484667F6A6FA82465046D4E72DE9F04F3948002787B03B
:208DE00000680028CCD0374800680028C8D036490878401CC0B208700428C1D3BA4681F822
:208E000000A0554655E02E482D4A05EB85010068CDF810A000EBC500029012688DF80CA0B5
:208E200002EB81064FF000093068F0B3307B01283ED10CF629FA20F07F400590029824F61B
:208E4000FCF890BB029824F603F904460DF10C0B05F0FF089DF80C1059EA010001D03C4680
:208E600000E0246804A940462768CDE9001B0494B288717B059B67F651FA9DF80C0020B973
:208E800004A9404667F6D1FA8146029824F6E0F8A04209D002980301F401C047240024F691
:208EA000DBF8B84204D0029824F6CBF80028D5D000E001E08DF80CA06D1C064800788542C5
:208EC000A5D361E70000543F2000F43F2000F83F2000ED3F2000473F20000D4A10B5917A5C
:208EE000022915D1918809B1491E9180C0F34100032802D1D088401CD0809088002807D108
:208F000002210D2055F6EDFCBDE8104066F6C8BE10BD20D2200070B50AF00BF8FE4D044660
:208F20000021A87818B3012821D002281FD1B4F92200411EFF2908D24FF4807191FBF0F021
:208F400000B200EBD070461000E00026287830B1B4F916000AF05CFDA06100202870B4F9DB
:208F60001610324604F118000CF06BF90146084670BD10B50121FF2024F620FAE749002892
:208F8000486005D1B221BDE81040852027F60301F401B0482400D5BF10BD2DE9F0410E1EE0
:208FA000E0490468D1F80480816800DC0026FF2E00DBFF266068A36800EB1340451A10E057
:208FC000AA4201D2104600E02846121AA5EB000502D10DB1014407E0246814B1A06861688E
:208FE000050C0AB1002CEBD1AE4201D8884612E0474686B17CB1AE4200D235462A46384618
:2090000028F65FF9761B06D024682F441CB1A0686168050CEFE74046BDE8F0812DE9F0410C
:2090200004460B46D843164680077DD1606D90F8C21019B990F8C300002875D00021184619
:209040001FF6C1FB0100307879D0B64A1278914275D220B101283DD018284DD06DE0656D26
:2090600095F8C200A8B3B4F89210B4F898003746081A80B2012860D9B4F89420521C10445F
:2090800086B2701AB5F80301F401A0492400CE1080B24143D4F80C011EF6CFFC95F8DD1095
:2090A00009B180F08060B5F8D220B5F8D0101FF605F90146B5F8D200B1FBF0F200FB1211F5
:2090C000401A400828837E81288B7880761EA4F89460B4F89200A4F8980032E0606D90F89C
:2090E000C30030B3B4F89200B4F89A10A4F89A00411AB4F896000844A4F89600F08020E075
:20910000606D90F87B11A1B1B6F8031019B9717809B9B17869B1FDF72FFFB4F89210028A9F
:209120000182B4F826018A1A1044A4F8260101E009E006E0A6F8030014F88F0F40F02000D3
:20914000207001206CE700206AE770B50546B0F8A40000211FF63BFB06460024686D2146C6
:20916000BCF630FFD5F8DC10C968B14201D98C1B05E0D5F8E010C968002900DD0C46030181
:20918000F401904A2400844200D2204670BD2DE9F04F04468BB0B0F8A40000211FF61BFB3F
:2091A0008146606D0190B4F8A400002500F003000A900198BEF667F80021204623F63FFA03
:2091C000E07B002854D00020824601980021B0F8440040F38006012008905748A77C761C94
:2091E0004078401EA074204623F629FA0146A7740198628CB0F85200904200D3104602299A
:2092000002D3884200D3084640F2712200FB02F781420AD14A484A4900680988401A49492D
:209220000988401A0744A7F239174748002E07604748476070D0002002900690BDF60DFB72
:2092400009902046FFF785FF009003AA00210198BDF607FB049007AA01210198BDF601FB3A
:2092600005902046BDF660FB8046401C02D006E00120A9E737480301F401804B240090F86B
:209280000080012002900798424608FA00F649460198BDF636FB8346B8427ED92E48407B25
:2092A000E8BB0A9803285AD094F83701B8B3ABEB0700BAF1000F02D1864253D2801B70B310
:2092C000039A09FA02F1814202D9081AD04000E000208146B4F8A400002249461FF653FA01
:2092E000A4F8A400BAF1000F3CD00298C0B194F8A100A8B9B8F1000F51D0079908FA01F063
:20930000DDE904120A44099902EB4101814246D2411A0398009A21FA00F0904201E01EE02B
:209320003DE007D2054B049A1B785A438A4236D80949886089E01B3C200004F82100803F49
:209340002000C430200048332000EEF72100ECF72100E8F72100580B2200F0F72100BAF1FC
:20936000000F17D194F8A600A0B9009A03990301F401704C24008A4002EB0B0309FA01F0A3
:20938000181AB8420AD9C01B864207D2801B05D0824203D9101AC840F74988601DB10220E8
:2093A00000E007E00890F449089808820BB02846BDE8F08FF7D2029830B941462046BDF6AE
:2093C0003EFB8146401C04D1ED4890F8009001200690DDE900104A46BDF697FA09990844C0
:2093E0005844B84235D9079A039B09FA02F1009AC01B9A40BAF1000F03D17718874228D265
:20940000401A30B3824201D3101A20E0BAF1000FC9D094F8A140002CC5D158EA0904C2D0EA
:20942000029C14B1B04214D9801B069C002CBAD0B9F1000FB7D088420BD9401A8242B2D960
:20944000101ACF4A0499127851438142ABD2D84072E70125A3E72DE9F843044690F8F10198
:209460004BF6E9FA06460301F401604D24002046FFF799FE0746B4F8A40000211FF6B7F93C
:2094800005464FF44610002F65D0D4F8E010C96800290BDCE17B012903D115B194F82A11A0
:2094A00021B1D4F8DC10C968A94205DDB4F8A41041F01001A4F8A410C16941F48041C161F0
:2094C000D4F8DC0000222946FFF77BFD804694F8130101280FD8B4F8A41042462046FFF72B
:2094E000B1FD40B194F8340120F0020084F83401FF2084F81301A549002000220870A44905
:209500000870A4490870B4F8A40041461FF699FC009694F8D800B4F8A41000F00103424617
:2095200000201FF63AFCE07B012801D0002F4BD0D4F8DC00C068A84217DC012200212046CA
:20954000BCF655FD074600211FF651F90146D4F8E000002216E0B4F8A41021F010010301A9
:20956000F401504E2400A4F8A410C16921F48041A9E7002229462046BCF63DFD0746002103
:209580001FF639F90146D4F8DC002A46FFF71DFD054694F8130101280BD82A4639462046C9
:2095A000FFF754FD28B194F8340140F0020084F834010122294638461FF647FC009694F85D
:2095C000D8002A4600F00103B9B201201FF6E9FBBDE8F8832DE9F84F04468A46B0F8A400E7
:2095E00000211FF608F90746002594F8F1014BF62AFA0646D4F8DC00C068B84248DC012282
:2096000000212046BCF6F7FC804600211FF6F3F80146D4F8E0000022FFF7D7FC814694F806
:209620001301012806D84A4641462046FFF70EFD00B10125002140461FF6DDF80746DFF805
:2096400060B15FEA8A3031D55048817C41F0010181742DB194F80301F401404F24003401E8
:2096600020F0020084F834010022494640461FF6F0FB009694F8D8004A4600F001031FFA59
:2096800088F100201FF691FB002F3BD0DBF80010584641F480112EE0002239462046BCF648
:2096A000AEFC804600211FF6AAF80146D4F8DC003A46B5E75FEA0A4024D52DB194F834012C
:2096C00040F0020084F834010122494640461FF6C0FB009694F8D8004A4600F001031FFA08
:2096E00088F101201FF661FB002F0BD0DBF80010584641F010010160B4F8A40040F01000A1
:20970000A4F8A400BDE8F88F2DE9FC41804627480025144600680E46000234D5254800683A
:2097200088B3244F386870B390F8400058B30CB1FF202060D8F800200092B8F80400ADF8AE
:20974000040040461FF677FA48B140460BF60301F40130502400BAFF28B101680091818847
:20976000ADF80410867900223146684624F67DFD1449097888420AD20646FDF765F930B153
:20978000386810F83600FF2801D0266001252846BDE8FC810000580B22008CCC2000F0F7D3
:2097A000210004F821001A3C2000183C2000193C2000688B31007831200038312000D8F7C7
:2097C0002100213120002DE9FF414FF446160346D6F840030125974F1C6800F001003C608A
:2097E0003C1D9B882360934B934C483B2C3C81B10028186806D040F480001860206840F42A
:20980000804016E040F040001860206840F040000FE00028186806D020F4800018602068B1
:2098200020F4804005E020F040001860206820F040002060D6F870020090D6F874020190AA
:2098400002A910461EF60301F401205124006FFB694602A81EF6BEFC08308C2805D31DF6FD
:2098600041FC002062F66EFB0025284604B089E42DE9F8438D6E064690469946012725B1CB
:2098800091F82F00012809D044E06D48807D18B1282132201CF62AFF0020A5E695F85F40C2
:2098A0006A4641461846FFF737FF50B166480099B27B006800EBC1035B1C10F8311018463D
:2098C00025E00BF680FE28B30BF686FE10B3414648461FF6B8F918B148460BF6FBFE03E0D2
:2098E000494640460BF62EFFC5F87001022C01D0032C0FD120B190F82F1009B1303004E053
:2099000004F00104204624F671FAB27B2146FFF75EFF0746384667E64C4B9B7CDB0601D5FF
:2099200000F0F5BC11F0030F0DD0D21CD31702EB9372921004E051F8043B40F8043B030143
:20994000F40110522400521E002AF8DC7047FBF7A2BB404802218170042141700121017013
:209960003E4838491031006808603C48016841F0800101603B484AF21F0101604FF01F0130
:20998000416038494FF0AA30086038493748086039493748086038483949008800F57670EE
:2099A0000860704730B40246364892F8A6205AB10022274B41F3C034641C997CA24205D178
:2099C000C9070AD1988904E00122F2E7890704D4D88930BC00211EF61EBF30BC70471C4A0B
:2099E00010B503460020917C5C0303D5C90700D1908910BDDB03FCD58907FAD4D08910BD3B
:209A0000F0B5134CB0F8A4200F04A37C02F004064FF0000505D5D9070AD180F8A650A28936
:209A200006E0890304D5990702D480F8A650E28902F00401B1420301F4010053240001D061
:209A400082F00402A0F8A42011484573F0BDB08B3100C05F2000D8F721008CCC20001B3C0A
:209A60002000941B20008083310044034100288731001A370200A01B20009578B002A81BAB
:209A800020009A1B2000203C2000EFBEADDE580B220070B5C64E054600242878012804EB38
:209AA000C40006D800EB400006EB4000352229460AE000EB400216F81200012807D906EBB1
:209AC0004200C01D2E22E91D1EF68DFD10B1641C642CE2D3E0B270BD70B50C680D4607211A
:209AE0006170B349097809B3B34E3178F1B1001DFFF7CFFF64281BD200EBC00000EB4001DF
:209B0000AB4800EB41053621284626F622FAE81DFF22162159F623FF3078401EC0B230703E
:209B2000C0F1640020726420E07170BD0C200301F401F053240000E012202968487170BD67
:209B400070B59C4D0446002202EBC20000EB400005EB400090F8340020B1521CD2B2642A74
:209B6000F2D370BD2078012802EBC2000CD900EB400605EB4600C01D2E22E11D27F6D1FB23
:209B8000207805F8160070BD00EB400005EB40002146BDE87040352227F6C3BB2DE9F0419D
:209BA0000C460E680546844907207070097839B1834F3978642905D321684871BDE8F08113
:209BC0000C20F9E795F83800012801D81220F3E7281DFFF762FF642801D01720ECE7281D5E
:209BE000FFF7AEFF3878401CC0B238706421F171C0F164003072E1E730B504468FB00220A6
:209C00000D468DF804002E22211D0DF10B0027F688FBE07829462228684603D0FFF760FF4A
:209C20000FB030BDFFF70301F401E0542400BAFFFAE770B50C78E20622D000EBC00000EB7E
:209C400040025E48C4F3040400EB420202F11D00D21D00239C4207D9CE1805787678354088
:209C60001678B54204D105E015781DB105780DB1002070BD5B1C401C521CDBB2162BE9D3F7
:209C8000012070BD2DE9F74F887882B04FF00009C0F3801A4868DFF824B10F464C464E467C
:209CA000009006EBC60000EB40080BEB4805049895F834205946824241D111F818000228AA
:209CC00016D003280AD14048007888B1514600986BF661FAA0F57F41FF3909D11BF81810D2
:209CE00051452CD1691C062200981EF684FC00BB30460299FFF79DFFD8B17868F9784FF081
:209D00000109084490F9060056F6C8FE7F2803D095F93310814205DB022C10D0012C03011F
:209D2000F401D05524000ED003240CE095F83500C10703D0022C06D0012404E040F0010059
:209D400085F835000224761CF6B2642EADD3B9F1000F00D1002405B02046BDE8F08F70B5CD
:209D60001A490120087041F21851164826F6FDF8154D002404EBC40000EB400005EB400048
:209D8000C01DFF22162159F6F6FD641CE4B2642CF0D30E490020087070BD70B50B480C68DB
:209DA0000D46007860B1FFF7DAFF6420E07107480078C0F16400207229680720487070BD18
:209DC00011206071F8E7EC0B2200844020008540200086402000002070472DE9F041FB4E73
:209DE000FC4C0025316801F158008860CD60217801EB0111890026F6B8F830680021FF2733
:209E000082680AE001EB011002EB8000A0F14403C363883303640301F401C0562400C77179
:209E2000491C20788142F1D3D563207800EB001002EB800040F8045C316820784870E748B6
:209E40000560BDE8F0812DE9F043DFF888938DB00026D9F8000000F114048169407F0096D0
:209E600001EBC005019602960396287900F00F08206890F8360001281AD16879D0B91FF6E8
:209E80008AFAA8B92F6809AAF9788DF8001039798DF8011078798DF802002068694608305E
:209EA0001FF683F90322394609A81EF6ACFB48B16879F0B328792F68C109BF1DB8F1010FED
:209EC0000CD03BE0206839688162B98881852168022081F82E0001206871EBE738461EF688
:209EE000CAFE38B3206890F83710012926D13030062239461EF687FBE0B11FF64CFAC8B92D
:209F0000286809AA417A8DF80010817A8DF80301F401B05724000110C07A8DF802002068B0
:209F2000694618301FF645F90322394609A81EF66EFB18B92068396801E007E002E00163FD
:209F4000B9888186687908B1266009E02068D9F80010006C09698842F6D02060002813D14D
:209F60000D20ADF810002868059028798DF81200E8888DF8130004A81AF60DFE1120ADF8FD
:209F8000100004A81AF607FE0DB0BDE8F08370B506469248944D0C46006810B10BF6A4FBD4
:209FA00008B10C2004E0314600200BF675FF10B10021296070BD2C6070BD70B58848002462
:209FC0002546026802F12001D068136D834252D191F826300126012B07D0022B2AD0032B9A
:209FE00033D0042B3DD02A2447E09388038791F82E30B6EB131F05D180F82F608B6A036316
:20A000008B8D838690F80301F401A05824002E305BB991F82E30C3F30303012B05D180F8F3
:20A020002E600B6A83628B8C8385006CD0606F4881F82650006820B3804722E0938803872E
:20A0400080F82F608B6A0363898D8186016CD160006C01210BF647FD25F6C8FF054649F6A4
:20A06000E7FB284625F6C6FF0BE09388038780F82F608B6A03638B8D8386006CD06081F888
:20A080002650204670BD2DE9F041064656480F4615460068002410B10BF62AFB08B10C247A
:20A0A0000FE0022D01D312240BE0394630460BF669FB28B110F83B1F65F30001017000E04E
:20A0C00002242046C5E62DE9F04FDFF8189117260546D9F8007091B0203797F8260030B17D
:20A0E000042804D02A2611B03046BDE8F08F2878691C0BF647FB040005F1170A4FF00301EF
:20A10000F40190592400000837D10BF688FB04004FF001006AD078B3D5F801002060B5F805
:20A120000500A0802878A0711022E91D04F1080027F60FF91022514604F1180027F609F9FA
:20A140002D480023001F1A46017894F83B0061F3000084F83B00C4F83C80C4F84080A1798F
:20A16000204659F6C4FCE07120460BF639FB0146E07959F658FC20E0FFE704F10800102226
:20A18000E91D83461EF64BFA38B11022E91D584627F6DFF884F82E8000265146554604F16D
:20A1A0001800102282461EF63AFA40B110222946504627F6CEF884F82F80002601E0002EDA
:20A1C00095D14546CDF80080CDF80480CDF80880102204F108016846CDF80C801EF61FFA57
:20A1E0004FF0010848B184F8368008E06BE0703120006C3120000301F401805A240010F83C
:20A20000210084F83650102204F1180168461EF60AFA10B184F8378001E084F8375097F8AE
:20A22000260020B30428CFD1D9F80000C168A1424BD0096CA14211D0E16B09B1226C0A6426
:20A24000216C09B1E26BCA63C168096C2164C168096CCC63C168E163C1680C648188408876
:20A26000081A401E2087022087F8260043E7D9F80000C168A1B1A14214D0E16B09B1226C1F
:20A280000A64216C09B1E26BCA63C168C96B0C64C168C96BE163C1682164C168CC6301E03A
:20A2A0002464E46381884288891A491E2187C460012120460BF61FFC25F6A0FE044649F640
:20A2C000BFFA204625F69EFE15E70320CCE7072611E7044810B50068002803D00BF658FEE6
:20A2E000C0F1190010BD70312000194909780301F401705B2400884206D2184AFF211044C3
:20A3000080F8101459F692BB704710B50C68898841EA02414FF4003242EA83421143104A82
:20A3200002EB80000460C0F800120268A242F9D1D0F800228A42F5D110BD094940F48072A9
:20A3400001EB80010860C1F800220B688342F9D1D1F800329342F5D170474C312000E890E9
:20A3600020000012370070B5D21CD31702EB937294100022064B07E051F8045B53F8046B25
:20A38000754040F8045B521CA242F5DB70BD94D120002DE9F041114F002611483D783E7014
:20A3A000DFF8448006703446C4EB041000EB4411414491F82E00820706D520F0020081F8E4
:20A3C0002E0020466BF6D0FB641CE4B21E2CEBD306480670064806703D70BDE8F0819B4079
:20A3E00020009D4020000301F401605C24008ED920009F402000A040200070B5514E0546D2
:20A4000000F5A874308C2081708C60812846FCF7CAFF318C0181718C41814A494A79D2069B
:20A420000DD5B1F82500A0811DB1E96BC1F3803100E000210844C0007030E08107E0B18C92
:20A44000A181F18CE181B18C8181F18CC1813E483F490088208209886182A082E18228465E
:20A46000BDE8704048F64BBE10B525F648FD3848016841F00301016025F6A9FB3348304AE8
:20A48000008810843248008850843248818832480088814200D20846908430480088D084FA
:20A4A000BDE81040FCF7ABBF1CB50446694648F690FE20465CF6BEFD30B194F87601022833
:20A4C00002D194F8780170B1BDF80210BDF800007039B0EBE10F00DBC8101B490988030127
:20A4E000F401505D2400884200D208461CBDBDF80210BDF800003C39B0EBA10FF1DB881033
:20A50000EFE71CB50446694648F667FE20465CF695FD30B194F87701022802D194F87801C7
:20A5200048B1BDF80610BDF804007039B0EBE10F00DBC8101CBDBDF80610BDF804003C39E5
:20A54000B0EBA10FF6DB88101CBDE4CF2000886820004A3D20004C3D200014873100DB2173
:20A560002000483D20004E3D200030B585B005461421684622F6A5FEFD4804687CB1FF2D5E
:20A580000AD02078A84207D02F20ADF80000ADF8025068461AF617FB207805B030BD002073
:20A5A000FBE710B523F6F3F8F148001D4179491E417110BD70B5ED4D2D1D28792C680128F3
:20A5C0000AD104E0204624680A21FFF7EAFF002CF8D1002028600301F401405E24002871CF
:20A5E00070BD70B5E44D2C683CB9A82022F6E3FF040020D0A82125F6DCFCFFF7DFFF0020E9
:20A60000A070E0702071C4F80500C4F80900A4F80D0020616061A061202104F11C0025F66A
:20A62000C8FC102104F13C0025F6C3FC0120FFF7A0FF01202C6070BDCF4810B50468002C16
:20A640000AD0FF20FFF795FF002805D0FFF7C9FF0EF001FB0020607010BDC64910B50C68BD
:20A66000ACB1417A99B10168C4F805104168C4F809100089A4F80D00B4F80710B4F805001A
:20A6800057F695FE002801D00120607010BD002010BD70B5B84804688CB319F698FD01259C
:20A6A00040B1B548006801682161416861618068A061A57013F65CF9D8B1B0482022016866
:20A6C00004F11C0026F659FEAE48AE4E01680301F401305F240021658088A4F854003078C9
:20A6E00050B122F659FFE06430B13278311D26F648FE307884F85600E57004F158000EF050
:20A7000024FC012070BDFFE70020FBE79C4910B5096871B180B1487800280CD0FF20FFF79C
:20A720002CFF02280AD0FFF7B8FF0220FFF725FF04E018B1002010BD0520F7E7012010BD76
:20A740008F480068002802D0683025F6FFBE70478B4910B5096821B168B113F60DF970B96C
:20A7600001E0002010BD012013F655F813F633F8F5F557FB03E013F6ABF854F6A1F8012091
:20A7800010BD2DE9F04105467D480126046834B119F621FDA84204D10120BDE8F0810020DA
:20A7A000FBE705B354F65DFFD8B125F63BFC0746002019F621FDB4F8050020F0010019F613
:20A7C000BAFCB4F807000301F4012060240020F0010019F6B0FC012019F626FD002019F625
:20A7E00013FD384625F626FC07E000260BE0FFF7EDFE54F682F854F650F8284619F6F3FCF3
:20A80000284654F679FE3046CBE770B504465D48006800280CD0E0B20546FFF7B6FF28466B
:20A82000FFF79AFF1CB9FFF78FFFFFF7CFFE01206CE77CB50546534800220221046800929F
:20A840006846019266F691F825F6F0FB514A064600981060BDF8040090801146072001F0A5
:20A86000F2FF032013F678F8012013F679F8072013F67EF8B4F8090013F64FF8B4F8090050
:20A8800013F653F8002013F677F842481022691D00F8042B26F679FD304625F6CBFB7CBD41
:20A8A0002DE9F04138480468002C5AD0A078002618B304F1100525F6B9FB0746374803015D
:20A8C000F40110612400007801284BD054F61EFEC0B290B154F6CDFE78B12D48296800686D
:20A8E000016069684160A96881602E606E60AE60012019F67CFC19F6E3FB384625F69EFB62
:20A90000A670E07840B325F695FB05462248202204F11C01006826F63CFD1F48216D01600F
:20A92000B4F854108180284625F688FB94F8565055B11A4FE16C2A46381D26F62AFD3D7057
:20A94000E06C22F634FFE664012012F66CFF12F64AFFF5F56EFAE67004F15800BDE8F04166
:20A960000EF002BB53F6C1FFB3E71EE710B5040001D00EF0CAFA4FF4001120460EF07EFAE8
:20A980002046BDE8104007210EF087BA000014F82100143D2000F43C20003C3120003088C2
:20A9A0002000CF3020000420EFE510B50020FFF7DDFFBDE810400301F40100622400032012
:20A9C000E7E570B50546FE480468002C17D02078A84214D000EB4001FA480C3000EBC101B9
:20A9E00001EB85010E684EB1814207D38C30814204D80021284601F02EFFB04725708DE6CC
:20AA000010B50020FFF709FF0EF0D3FABDE810404EE710B5FFF7F4FFBDE810400020A9E70B
:20AA200010B54FF44814D4F8C00000060FD5E548007822F61BFCE449C978C1F300014840BD
:20AA400005D08020C4F8C000BDE81040B1E710BD10B5FF20FFF79DFD032801D0022010BD4C
:20AA6000002010BD10B5FF20FFF793FD022805D10105BDE8104000200EF004BA10BD10B516
:20AA8000FF20FFF786FD022802D10120FFF772FFBDE81040DCE770B5CA480468002C27D01B
:20AAA000AFF22300C4F88C00AFF24500C4F80301F401F062240090000025C4F8885004F13B
:20AAC0008800C2F52CFAAFF27100C4F89800C4F89C50C4F89450002104F19400C2F518FAF0
:20AAE000AFF2B900C4F8A400C4F8A05004F1A000BDE87040C0F5D9B914E610B5FFF7CFFF3C
:20AB0000BDE810400EF009BA10B50120FFF736FFFFF7D3FD12F640FF18B112F6E9FE53F660
:20AB2000DFFE19F668FB002806D0002019F667FBBDE8104019F617BB10BD70B50446A2483B
:20AB4000006800280CD02246AFF293116830054625F63AFB21462846BDE8704025F6EBBCBD
:20AB6000E0E5994810B50068002805D0683025F624FD002800D0012010BD10B504000FD0A3
:20AB80000EF006FA04210EF04AFA0EF001FA62782146921C0EF061FA0EF07FF8012010BDAC
:20ABA000002010BD1CB50301F401E06324000E228DF8002004228DF8012001228DF802200C
:20ABC000ADF803008DF805106846FFF7DAFF1CBD8049096821B128B100780871012070472F
:20ABE00000207047087970477A4810B50468FFF7FDFC0EF008F80020FFF7EAFF02284FF0FE
:20AC000000010DD00020FFF7D1FFFFF7AEFF08B1FFF7AAFDA07B7149BDE81040484390E7AB
:20AC200040F60340EFE710B50020FFF7FEFD0EF0C8F9BDE810400220B3E40120A2E610B514
:20AC40000120FFF79FFEFFF73CFD12F6A9FE18B112F652FE53F648FE19F6D1FA002806D0DA
:20AC6000002019F6D0FABDE8104019F680BA10BD10B5FF20FFF795FC032801D0002010BD7C
:20AC8000012010BD4FF0FF30410870470068002806D0406847F20111884201D10EF0030161
:20ACA000F401D064240032BA704770B5054630F8091F012908D0A1F57D414B3919D08F2969
:20ACC00002D0902910D114E00446FF20FFF76DFC032809D1E078FFF753FD2079FFF769FDB4
:20ACE00020880021FFF766FF2846BDE8704022F66EBD0446FFF7B1FD0120FFF79AFDEFE7B8
:20AD000010B5354C241D60791D2806D00A2022F65BFC6179491C617110BD002010BD70B52F
:20AD20002E4C0546241D07E006222946001D1DF6A6FC002817D0246820680028F4D126493E
:20AD40000120091D08712946062001F090FD0A20FFF7D6FF30B129684160A9880181002144
:20AD6000016020600120E5E42DE9F041884607461EA18AB01E461848D1E900310068CDE9E0
:20AD80000831109C0025A0B390F90D10914257DA007B18B130460301F401C0652400FFF7BA
:20ADA000C2FF58B301250020FFF71AFF01461B2002294ED03E218DF8001002218DF80210F9
:20ADC0008DF8010001208DF804708DF803008DF805803068CDF80600B088ADF80A001020C7
:20ADE0000DE014F8210064212000E01B200040420F000201060CFF4C000028E024E08DF8F7
:20AE00000C000898CDF80D00BDF82400ADF811009DF826008DF8130008208DF814000720EA
:20AE20008DF815002088ADF81600A0788DF81800E0788DF81900A088ADF81A00A0798DF8E5
:20AE40001C006846FFF7A5FE28460AB0C1E40020FBE7FF218DF800108921AFE70448006817
:20AE600008B1C07A7047FF2070477047000014F821002DE9F84F80468078002500F00F002F
:20AE800098F80340D8F804700E46042823D10301F401B066240016B3DFF890A0317ADAF8A7
:20AEA000000000F58179601C0844FA283AD822463946484626F685FA327A09EB0400521C85
:20AEC00006F1090126F67DFADAF8007096F8011187F8FB11307A07F581772044C4B298F869
:20AEE0000200DFF8489040EA042B0024DFF844A014E0032D08D1D9F8000004EB840100EB3C
:20AF00008100007B012807D15B4632464146204600975BF60CFD0543641CE4B29AF800004D
:20AF20008442E6D32846BDE8F88FE4302000543F2000473F20002DE9F047414D4FF0000948
:20AF4000EC681CB1E07B012806D00BE0C5F8109085F80990BDE8F087A07B05EBC0001830E9
:20AF6000BFF50BFA287A374E012830681DD020F00100306020680021826A20469047DFF8F9
:20AF8000C8804FF446170301F401A0672400D0B190F82810B9B10168A9B11CF6DCF9297AAD
:20AFA00018F801000028F86906D040F00070F8612AE040F00100E0E720F00070F8613068B5
:20AFC00040F002001FE0F86920F00070F861297A214A18F8010060B1D5F88810C8060FD4C0
:20AFE0001E48490690F8260001D54FEA4000106006E0D5F88800C00602D418480068F6E7B3
:20B00000306820F00200306020680121826A20469047060009D01248C07C000705D4E17B72
:20B0200030461CF646F9306804E0002108461CF640F90020BFF59DF92C61287A6872C5F8E3
:20B040000C9085F8089089E70000185F2000A886310057030D00108B310084312000C81FEA
:20B060002000F853200000280FD0604B401C596853F8842907E0D3F88810D3F884100301D1
:20B08000F401906824008A4201D0401E0A460028F5D170477FB5054640B204281ADD2846AD
:20B0A0001BF67CFEFF2803D0054640B2042811DD00200090019002A928461CF6C7FE2A4613
:20B0C00002AB694610461CF620FE694628461CF6E8FD1AE04FF44614E66926F00070E061CD
:20B0E000C4F80052D4F8040220F00400C4F804020220FFF7BCFFD4F8040240F00400C4F805
:20B1000004020320FFF7B3FFE6613B48007C002806D004B02946BDE8704054201BF64ABB18
:20B120007FBD2DE9FF41064640B20D464FF00008042821DD30461BF631FEFF2803D006467F
:20B1400040B2042818DDCDF8008002A93046CDF804801CF67BFE324602AB694610461CF666
:20B16000D4FD2B46FE22694630461CF68DFC694630461CF696FD0301F4018069240024E0D9
:20B180004FF44614E76927F00070E061C4F80062D4F8040220F00200C4F804020220FFF71E
:20B1A0006AFF2868C4F80C026868C4F80802D4F8040240F00200C4F804020320FFF75BFFFD
:20B1C000E761C4F80C82C4F808820D48007C002813D0314655201BF6F1FA2868010C5820BE
:20B1E0001BF6ECFA296857201BF6E8FA696804B05920BDE8F0411BF6E1BABDE8FF818480B4
:20B200003100C05F20002DE9F0410021DFF868C10A4608460E464FF40047574DDCF804401E
:20B2200008E02F602B682E609B049B0C1A4400D1401C491CA142F4D36546A04203D2201AFA
:20B24000B2FBF0F000E000204FF47A7148431B21B0FBF1F0401D0A2190FBF1F040F6EDFDCC
:20B26000A0F50040A0F5E25000EB80004FEA0301F401706A2400800042F2107190FBF1F0F6
:20B2800041490968A0EB010140480068C0F10B0000EB400008443D490968A0EB01003C49FB
:20B2A000096808442978401801D54042404240B2BDE8F0813EB505463848364C90F83B00F3
:20B2C000400727D520680090606801902089ADF8080032F600FBB0B131484078C00712D006
:20B2E000304832F607FA4F212E483FF6FDFD2A462C4968463FF66DFDA4F1500110F0FF0081
:20B3000081F8330206D10098206001986060BDF8080020813EBD2DE9F0411E4D0446503D55
:20B320000026B5F8AC02C0B91C491A480A22091D074658F646FB1420FFF7BCFF05F18C01B6
:20B3400038463FF610FD05F1960138463FF60BFDFF20C5F8C46285F8C202641EB5F8AC12B5
:20B360000120A04001430301F401606B2400A5F8AC12291905EB440081F8D062A0F88462A6
:20B3800081F8AE6298E72C092200E806410028062200400922002C06220030062200E8A52B
:20B3A0002000F853200006222000F82720002DE9F0410F4604463FF622FD002810D0E069F0
:20B3C000C0F3C40108290BD3000409D4394D20680126298906FA00F2114203D085F8266003
:20B3E000BDE8F081E8F556FB0028F9D00A223946B4301DF660F90028F2D0204609F623F9B2
:20B4000080460246394620460BF640F90028E7D0216828898E40304328814246394620468F
:20B42000BDE8F04109F6DEB870B5456828460BF68DF9284623F6B3F8040039D009F686F81E
:20B4400070B9E069C1020BD5010409D4C0F3C400072805D8204609F666F820463BF6030114
:20B46000F401506C2400E9FB144E012000FA05F031898143318111490988490709D5B18C1B
:20B48000014206D08143B18494F8461120465EF6D0FE0B480068C00403D5B4F8640009F6C9
:20B4A0000CFC96F82600002806D0002086F82600BDE8704009F662B970BD0C6020004C2278
:20B4C00020007C22200070B50E46C8B0154601461C46202240A825F68CFF684677F6FDFFB2
:20B4E00022463146684679F6B5FD06EB8401224608A879F6AFFD234640AA694618A878F6C5
:20B5000092F9082218A930A879F6A4FD30A800EB8400082220A979F69DFD214630A800F05B
:20B520000AF8002805D0224618A9284679F692FD012048B070BD2DE9F04198B080460829AB
:20B5400001D9082400E00C46082C08D02C4FA7F14406203621460301F401406D240079F654
:20B560009FFDF0BB03E0284FA7F14406F5E708EB84052846214679F693FD90BB22463946EA
:20B58000404679F678FD002836DA22463946284679F671FD00282FDA214610A879F653FDC8
:20B5A00022464146684679F6EAFD694623464246084679F6DBFD032010902346424610A9F6
:20B5C00008A879F6D3FD6946234608AA084679F6E8FD694623463246084679F6D9FD224685
:20B5E00000E009E0294608A879F6C9FD224608A9684679F640FD18B1002018B0BDE8F081F4
:20B600000120FAE700008CB4200070B52000F8B5A34C94F8AA0010286ED2A14904EB8000E0
:20B62000001D496810220D3125F6E7FE0020009020680023C18CC1F380023E2118F6ADF9DB
:20B6400094F8AA00001D84F8AA00206823F60301F401306E240082FF18B994F8AA000C2859
:20B6600008D2206823F67AFF00286FD094F8AA0010286BD3206823F671FF8A4D8C4E743558
:20B68000D8B10821201DFFF75EFF08B3B6F8FE00000701D5874800E08748082388302A4653
:20B6A000211DFFF718FF20BB0522114620685EF63DFE3DF65FFB63212BE00621201DFFF759
:20B6C00042FF28B1B6F8FE0000070AD5794809E00522114620685EF629FEBDE8F8403DF683
:20B6E00049BB7448062330302A46211DFFF7F3FE38B194F8AF00800710D53DF6D1FF1CE0DD
:20B7000024E00522114620685EF610FE3DF632FB7921BDE8F840A72025F6B3BC206823F6F4
:20B720001DFF10B14022022101E03022012101203DF69EFF042084F8A800201D59F686F90E
:20B74000002803D021680301F401206F2400132081F8F200F8BD5749B1F8FE10490701D4EA
:20B76000372336E0524A116809B1814205D154490B7C23B14968814201D12A2329E092F8D3
:20B78000A810012906D002291DD0A9B1032913D023231EE0C1690904FAD592F8AF1021F0CC
:20B7A000020182F8AF10818C41F004018184C18C21F00401C18406E0C169C1F3C4010829A3
:20B7C00001D2182305E03A4949688B7B032B07D92023C16941F3C032521C992118F628B984
:20B7E00002F1900242F8900C887B5077087C9077C97BD07F61F300003149D07701F1A80156
:20B80000087800F1010008704FF008003EF60DBA28484068817B032911D8244AAD32117005
:20B82000017C5170C17B907861F3000090702348A8300178491C017009203EF6F6B9030190
:20B84000F40110702400704770B51C481A4D1B4B90F8FD4095F8AF2095F8AD00B3F8FE300E
:20B86000C4F30301D60701D1DE0707D022F00C0000F10800052185F8AF0013E095F8AE60AB
:20B8800046EA1414E40701D100200146104C04EBC10404EB400114F81000497860F3830237
:20B8A00085F8AF20180700D5032141F01000296881F8F20070BDF07420000C292000F85396
:20B8C0002000F00C0D00C0752000C0682000980D0D0030B595B004461546102827D00F2CB7
:20B8E00023D8102208A825F694FD1148102200EB041110390CA825F68CFD0D481022F030EC
:20B9000000EB0411103910A825F683FD0CAA08A9684677F66FF96A4610A904A877F645F9E1
:20B92000102204A9284625F674FD15B030BD1022F8E780F521000301F4010071240010B582
:20B9400004460D486060204623F614FE70B194F85700002220F0080040F0040084F85700B2
:20B960002046BDE810401146E8F583B92146BDE81040162019F6CDB90000894D090070B5D1
:20B98000044690F89800022806D0E07B00281ED0314800780C281AD194F8A80008F6C6FACA
:20B9A000002814D0417800250122002994F894100AD0C1F3C301284B032915D28178012926
:20B9C00008D0032908D009E0090601D4857070BD827070BD857001E0022181700078824059
:20B9E00018689043186070BD8270E16E416000788240186802431A6070BD2DE9F041074633
:20BA00000D4624F65BFB8046384608F68FFAD8B1134B012606FA07F4196806FA05F2A14333
:20BA2000114319600F4B19680C4202D0A1430301F401F07124000A431A6005702846E8F555
:20BA400045F818B180F81961E7F53AFF012400E00024404624F63AFB2046BDE8F081B22885
:20BA60002000203A2000F027200010F921002DE9F05F0446B0F80B004FF0010B40B9A07A0B
:20BA8000012805D9584623F617FD20F6B2FC1DE1FD4D4FF0000A012785F803A06F705646BC
:20BAA000AF7024F688FA002221463846E6F5FAFDF64AF6491670A07920B1012804D00228DC
:20BAC00008D00AE0504603E00F60F049E0790831086002E0C1F800A01770584622F67BFD99
:20BAE0000646617A90F8A30061F3471086F8A300584623F6F5FC08B1BEF55AFAE548B84695
:20BB0000016821F002010160E348A17A0170032971D396F8A300B4F80B7040090022BEF5AA
:20BB2000CEFA5FEA00090301F401E072240017D0B9F80200B84200D20746227A3946584610
:20BB4000E6F529FA99F80510D148491F001D0A2964D2DFE801F00A111625634855634D601C
:20BB600024F695F81120BDE8F09F0188B94255D8408841E0012210E00189B9424ED8408998
:20BB80003AE0018AB94249D8418AB942F2D2818AB9424BD8C08A0DE0022285F803800CE0EA
:20BBA000018BB9423AD8418BB942E3D2818BB9423CD8C08BB842EFD2032294F9110000B1DB
:20BBC000A870E878A0B3521C51B294F9102095F9020001FB102149B22970002937DB40B3ED
:20BBE0004000A8703CE0018CB94217D8408C03E0018DB94212D8408DB842BBD216E02AE0E4
:20BC0000018EB9420AD8418EB942B3D2818EB9420CD8C08ECEE7018FB94201D901220301EC
:20BC2000F401D0732400CCE7418FB942A6D2818FB94203D90222C4E702E00CE0C08FBDE73B
:20BC400094F9101095F9020002FB101149B22970002900DB40B985F801A0122087E7227A9E
:20BC600000215846E6F59BF99049904881F80080C0F800A04FF0840101608D4940F289607E
:20BC80000860607B072804D80006800D404240B206E0082802D0092805D009E094F90E00DD
:20BCA00038F617FC02E0E07B37F6DBFF86F89F00A17A5846E7F50AFD24F60CFA0546607A01
:20BCC00070B10021304623F6ADFC284624F606FA23F6E1FF30680021E8F50CF9002046E781
:20BCE0000121EFE72DE9F0470446B0F80B004FF0010840B9A07A012805D9404623F6E4FB22
:20BD000020F67FFB8BE024F65EF9002221464046E6F5D0FC614A0301F401C07424000027DE
:20BD200061491770A079012620B1012804D0022808D009E00F6007E00E605A49E0790831E0
:20BD4000086001E00F601670404622F650FC0546617A90F8A30061F3471085F8A300404619
:20BD600023F6CAFB08B1BEF52FF94F48B146016821F0020101604D48A17A017003292AD39B
:20BD800095F8A300B4F80B6040090022BEF5A3F9E0B14088B04200D20646227A31464046A0
:20BDA000E6F501F94349434881F8009007604FF084010160414940F289600860607B0728EB
:20BDC0000CD80006800D404240B20EE023F667FF1120BDE8F087227A0021E0E7082802D038
:20BDE000092805D009E094F90E0038F676FB02E0E07B37F63AFF85F89F00A17A4046E7F5DE
:20BE000069FC24F66BF90646607A70B100210301F401B0752400284623F60CFC304624F676
:20BE200065F923F640FF28680021E8F56BF80020D3E70121EFE72DE9F04707460D0044D0CE
:20BE4000214802682AB13846904710B1401EC0B2C3E7294638465CF67DFF012835D038681B
:20BE6000804623F64DFB040064D094F82300012860D0287B410805F10C0028D017F653FE17
:20BE80000646007968770020286024F62BF98146F07940073BD404F10800824621F695F928
:20BEA000C0B11EE00000B0F82100A23B200010843100E02B2000D52D2000D42D2000048294
:20BEC0003100D88A3100DC2B2000042085E75FF6C0FAD5E7404609F6D9F810B1F079800715
:20BEE00015D05146284621F650F9B148012101FA08F1026811430160484624F6F7F8F869D2
:20BF0000C0F3C4000A280301F401A07624000CD008280ED010E004F10C01284621F639F9B2
:20BF200029463846E5F509FDE3E7404638F62DFF02E04046E7F54DFE002052E7284621F61D
:20BF400092FCC6E72DE9F041044623F6DDFA05003CD0204622F653FB060037D0601E4FF07E
:20BF60000008132803D89549214401F8018C012785F8237024F6BAF89049A7400A68BA43A7
:20BF80000A6024F6B7F8FCB1152C1DD00122002331462846E4F54CFF2846E4F53FFF697ED8
:20BFA00039B1B6F864004FF0FF32BDF57AFF85F819808348C07C400708D5002C06D0E0B215
:20BFC000BDE8F0412CF638BF0022E0E7BDE8F0812DE9F047044691460E46084622F60FFB41
:20BFE000050077D095F8A3004709607840F0040060702078C0F3C301022906D23846030105
:20C00000F40190772400BDE8F04701230022BEF597B801223846BEF56AF840B16188408884
:20C02000C1F3C902824202D960F3CC0161806088C0F30101032911D0DFF8948198F80A10A1
:20C0400039B1C0F3C900314660F31F1109201AF6F1FB61885D4A88070CD00EE02078C0F327
:20C06000C300032801D0082803D14946284618F67FFE7BE0D07C000778D5B5F86430002019
:20C0800063F30B0061F30D30C1F3C90161F31F402178490703D120F4404000F58040C9F8B6
:20C0A0000000D07C00073BD54A484A49007820B14A48007898B1012816D0488F401C48874B
:20C0C00047480078022818D0042820D04548006810B349462046E5F555FE62E070E0494630
:20C0E0002046ECF512FB5CE0488F4A46401C48872146082040F60301F4018078240026FD21
:20C1000053E03A48006840020AD420783949C0F3C30008702AE04946204609F6B3FA44E00B
:20C120004846E5F52EFE40E092F8380002281DD02078400705D06088C0F380012846E5F55A
:20C140000CFE608841F6F871084213D0E869C0F3C4000D280ED0F8F53CFF80B16088C0F351
:20C16000C9014846F8F545FF1FE003E04846E4F55CFF1AE04846BDE8F0473BF610BB98F8A2
:20C180000A0048B160883146C0F3C90060F31F114FF00A001AF652FB60880023C0F3C90110
:20C1A000091D1A4648462DF61AF860880123C0F3C9022078C0F3C3013846BDF5C5FF0D4854
:20C1C000017841F00201017013E6E02B2000A82B2200F8532000C05F2000713B20005CB1A5
:20C1E0002000703B2000D42D2000D82B20000301F401707924002C8B3100D52D2000573475
:20C20000200010B51446C37B90F90E20417B007BC0F63DFBA0710020607110BD10B51446D7
:20C2200090F90C00BFF630FBA071000A607110BD10B51446BFF694FBA0710020607110BD9E
:20C2400010B500F10C0114460020C0F6DBF90020607110BD70B500F109051446E81CBEF623
:20C26000FDFBA071E9780022022904D0032909D004290AD001E0401C02D0E271627170BDC5
:20C28000A54800E0A548007809E0411F0A2391FBF3F1A171494201EB810100EB4100E071FE
:20C2A000ECE710B5144609309D4A002100EB4103B3F8033022F81130491C89B26729F5D3EB
:20C2C00007F060FAA0710020607110BD10B5002151711446417B0023007B1A46C0F6D7FAFB
:20C2E000A0718F489F490301F401607A24000078E0718E48007820728E48007860728D48D9
:20C300000078A0728D480078E0728C48007820738C48007860738B480078A0738B4800784D
:20C32000E0738A48007820748A480078607489480078A07489480078E074884800782075D7
:20C3400088480078607587480078A0750420087010BD10B514460C30854A81780023117034
:20C36000844AC1781170834A01791170834A41791170824A81791170824AB0F80710118002
:20C380007A4A417A1170417800781A46C0F683FAA0710020607110BD2DE9F84F0930017BF8
:20C3A000C37A994219D390F80DC0614515D3C47B057CA146AB46AC420FD8447D857DA6467A
:20C3C0000095AC4209D8857CC47CAA46A54204D8057E90F81980454503D912205071030104
:20C3E000F401507B240000203DE0684F06793E70684FB0F805603E80674FC6793E70664F5E
:20C4000006893E804B4F867A3E704A4E33704A4B19704A494B4B81F800C0817B1970494BB3
:20C4200083F80090494B83F800B0484B417C1970484B484983F800A0484B0C70017D197004
:20C44000474B83F800E0464B009919704649C07D0870454847490570454880F800800420BD
:20C460000870002050719071BDE8F88F2DE9F04109301446017A427A914205D8837A9A429C
:20C4800002D3C579142D03D912206071BDE8F081434F06793E70424FB0F805603E80414EA9
:20C4A0003570414D464E2970414D2A70414A424D1370404BC27A1A70037B2B70457B357088
:20C4C000404E857B35703F4EC57B35703F4E057C35703E4D407C0301F401407C240028704C
:20C4E00042EA43003D4A002310701A464420C0F6DAF900206071A071CCE70069C0B2811E27
:20C50000232902D836490870704712205071704770B5154600F1090417F6D9FE10B10C204E
:20C52000687170BD2F49D4F80700086070BD5DFB210068FB2100902F22009EFC2100D6FBAB
:20C5400021009FFC2100A0FC2100D7FB2100D8FB2100A1FC2100D9FB2100DAFB210098FC1D
:20C560002100DBFB2100DCFB2100A4FC2100DDFB2100DEFB2100A5FC2100EFFB2100E0FB4F
:20C580002100E1FB2100E2FB2100E3FB2100A6FC2100A8FC210099FC2100A2FC21009AFCED
:20C5A00021009CFC2100AAFC2100ACFC2100AEFC2100F2FB2100AFFC2100B0FC2100F4FBB0
:20C5C0002100F5FB2100F6FB2100F7FB21000301F401307D2400F8FB2100F9FB2100FAFB1C
:20C5E0002100B1FC2100F627200078F7210010B5BE4C2069BCF5B7F86069BCF5B4F8BB489E
:20C60000006821F64CF90120E6F592FCBA48B8490161B94981610421FF20E6F5E7FC33212D
:20C6200081700021C170E6F5C7FCB4484FF0FF31CA0CC0E90A1210BD2DE9F041054600F1C3
:20C640009404AA48A94ED0F800C096F921309CF80A0083421FD030462279818B00274068B3
:20C66000022A56D12278C2F3C302012A51D9491C86F822708AB2B2830168DFF88482C1F31E
:20C68000CE239B1DD8F800109A4205D908463BF69AF8C8F8007078E0407901282FD196F84E
:20C6A000200001F1040828BB082022F6ACFC954801682046EBF58DF8B5F89600C0F3C902BF
:20C6C000B2617068B2F50301F401207E24007F7F0078C0F300018E4801802178C1F3C3017B
:20C6E000418001D940F2FD324146706951F663F92B2018F601FB012086F82000207820F07F
:20C70000780008302070A87B1BF642FEB06096F8230028B386F823703BE096F82320FAB919
:20C720000068C0F3CE20801E81421ADAA87B1BF62FFEB1680446401AF168884229D3716885
:20C7400096F82100C978A0EB910040B286F82100002801DA86F82170284663F648F9B4600E
:20C7600017E096F82200401CC0B286F8220006280FD35B1C58B286F821009CF80A108842FC
:20C78000284604D1E8F593FCBDE8F04133E763F62EF92846BDE8F041E8F589BC70B50D469C
:20C7A000E7F5EBF804461FF658FE23F6BFFC0646A07B01211BF691F88720A07494F80301C3
:20C7C000F401107F24009C0065F3020084F89C0094F8940065F3020084F89400002084F87D
:20C7E0000C0121684E480861AFF2A110216888610021204620F6D8FB4FF48050A0663046E1
:20C8000023F69CFC204663F6F6F82046BDE870401FF65ABB2DE9F04700F1090508200C460F
:20C82000824622F6F8FBC6B2A87ADFF8D080DFF8C890002850D00027A771E771FB2020F625
:20C8400033FFFB222946C8F8000024F622FEB84689F821703349012789F8237002200870BE
:20C8600031484C463A460770E91C5046E5F552FF504621F6E8FE20602C4807602C4FC7F8C8
:20C88000048030461AF6EAFA38600420786001202CF67BFA40F2FD363046BBF543FF04226B
:20C8A000314620612CF68BF92249206908603046BBF538FF60610301F40100802400697AE0
:20C8C0005046FFF773FF23F639FC0546206800210068E7F543FB2846BDE8F04723F632BC45
:20C8E000D8F8000099F92120807A824201DA012000E00220A07199F82100E071BDE8F087A9
:20C90000000048B72000C43B200069070300A829200001080300F8532000182820002C8BE7
:20C92000310070B7200055B30A00D42D2000C03B20001084310000823100D82B200010B5D1
:20C940000122FF210320BAF583FA72228272BDE81040BAF574B970B504460D460020FEF715
:20C96000AFF900281DD00922FF210B20BAF570FA0246083087218170A0F80340072C0BD069
:20C98000062C09D00021C0F80510A0F80910BDE870401046BAF553B92968C0F80510A988F8
:20C9A000F3E770BDF8B5064600208DF800000301F401F0802400F069C0F3C400082818D35A
:20C9C0000422FF210620BAF547FA040011D004F1080530686946EBF546F94920A870B6F87F
:20C9E0006400A5F803009DF8000068712046BAF52AF9F8BD70B504460D4600689149C0EB29
:20CA0000C00001EB001010F8040C012811D10422FF210620BAF520FA00280AD0D02181721C
:20CA2000B4F86410A0F80B104573BDE87040BAF50AB970BD2DE9F0470746B422FF21B62011
:20CA4000BAF50AFA80463868E7F580F88246384606F6F7FE0646384602F0A9FC814638686A
:20CA60007849C0EBC00001EB0015703DB8F1000F7DD0002D7BD0882088F80A00724808F17A
:20CA800008048078C00888F80C00A87E88F80B00288BA8F80F00A87EC0075FD0B7F86400FC
:20CAA000A4F80500E86A0301F401E0812400698D90FBF1F0607295F82800A07295F8290054
:20CAC000E072686A698C90FBF1F040B2207318B9686A08B10120207395F82000607395F82F
:20CAE0002100A073288EA4F80F00688EA4F81B006869A4F81100E888A4F81300A888A4F88B
:20CB000015002889A4F817006889A4F81900A6B1B6F8D000400410D5B6F8D200A4F81D00BF
:20CB20001422494604F11F0024F6BFFC142209F1140104F1370024F6B8FC5FEA0A000BD0DA
:20CB4000D0F8B410C4F84F10D0F8B810C4F85310B0F8BC00A4F857004F223D4904F15900E3
:20CB600024F6A3FCCEB3A87E800736D53A48017899B3394800E035E0006828282DD9401CEC
:20CB8000B0FBF1F201FB120038BB344B0021B6F8D22013F8310090421BD103EBC100030119
:20CBA000F401D08224004278032A02D0192A09D010E082884588521BA4F833204288A4F8AC
:20CBC000352007E082884588521BA4F84B204288A4F84D20002282804280491CC9B20A2902
:20CBE000D9D34046BDE8F047BAF535B8BDE8F0872DE9F0470446DDE909A50E4617469846D5
:20CC000012201022FF21DDF82090BAF544F90100ECD0002CEAD000228D72CA72B4F86430DF
:20CC20008B81CA810A824A828A8201F10800C1F81620A22D07D1C6800781A0F80A80A0F821
:20CC40000C90C0F80EA0BDE8F0470846BAF503B8CCE7982222006C21220098A5200045FA64
:20CC60002100E8202000FC2C220070B5054626480024016809B10460547124494FF4806043
:20CC80000860234940F20A5008604FF000014FF0110042F6F5FD0301F401C08324001F494A
:20CCA0000020C1E90A00F3F563F922F67DFB10B91C48407E18B11B484079400608D50120B8
:20CCC000E6F552F9B5F809000021BAF5BDF801E018F6EBF84FF40C61144820F696FB27F651
:20CCE000D3FC1421124823F604FA1421114823F600FAF9F77DFF0F480460FDF7F4F80E48C1
:20CD0000007808B102F020FF09F0AFFB0C48046070BD744620008804410040034100F853D3
:20CD20002000D08720008868200098222200582B2200A82B22000C302000FAF9210010F95D
:20CD4000210070B5002801DB002004E06FF07601884200DC08460A2290FBF2F102FB110013
:20CD600040420B314AB2FE4940B251F83000002108E00A23A0FB034601FB0361002500FBAD
:20CD8000051120461300A2F1010252B2F1D10301F401B084240070BD70B550EA010202D1F5
:20CDA0006FF0760070BDF04E0024356805E0641C64B20A22002325F68CF900222B1A8A41D6
:20CDC000F5D30B3C65B2002201E0521C52B256F82230C31A71F10003F7D3501005EB850136
:20CDE000C0EB410040B270BD10B58468C168A21809E0036844685B1C44F1000403604460DD
:20CE0000DB4CDB4B12195941D94BD94C5B428260E443D31AC16071EB0403EAD2002010BDF7
:20CE20002DE9F05F81460C460068D249D9F80430A0FB017503FB015140F6181200FB021519
:20CE4000224600233846294625F643F9A0FB043601FB0466002200FB0262FB1A65EB0205DB
:20CE6000C64A0027A0FB026C01FB02C100FB071810463946A3FB00A705FB007003FB010B05
:20CE8000D9F80870D9F80301F401A08524000C50224600233846294625F61FF916EB000925
:20CEA00048EB010817EB0A02A0FB046701FB0471002300FB031345EB0B05901B65EB03013E
:20CEC00006460D462246002325F607F9A0FB042701FB0471002300FB0313B01A65EB030184
:20CEE000012C13D96208801A71F100010ED3224600233046294625F6F0F810EB090041EB2E
:20CF00000801401C41F10001BDE8F09F224600233046294625F6E1F810EB090041EB0801A8
:20CF2000F2E710B523F69BF89748016941F001010161016841F00101016093484FF00101B0
:20CF400001609248016821F07F010160914801684BF6FF7201EA020101608E48016821F4A4
:20CF6000004101608D48016821F4004101608B48016821F0080141F001010160894903015A
:20CF8000F401908624004FF4C040086010BD2DE9F04F99B000F10904B0F81100019060891B
:20CFA0004FF0000ACDF828A000907E481546383800680D907D4800680B90774800680E90E8
:20CFC0007648503800680C907748303800680F907148006810907148006811907148006835
:20CFE000129071483C38006813906B486838006814906C48006815906848443800681690FD
:20D000006848A438006817906648503800681890E078022813D090B1616859B1DDE90002EE
:20D02000904207D3207BA0F19702682A02D31738742807D21220687119B0BDE8F08F0C2030
:20D040005071F9E7DDE90002861A761C58487143814202D390FBF6F0606006F0CBFB00203C
:20D06000BEF6E7FE534F387F40F001003877BFF69CF9387F20F00301F401808724000100A8
:20D08000387750F694FF002169710120A8702088A5F80300E078A8712E7208462A18401C8F
:20D0A00051724F28FADB207BFF281ED0010622D53C4A443A116800F01F00404B00EB400071
:20D0C00021F4FE4103EB002001431160374A503A106820F07F01207B00F01F0000EB400051
:20D0E00003EB0020014311600AE030483838016821F0400103E040F040012C483838016047
:20D100000020CDE90200CDE90400019FDAE0A7F51660C0B240F080012A4801602A48016840
:20D1200021F4E04141F480410160FFF702FF4FF4BE70BEF561FF0020CDE90600CDE908004D
:20D14000814617485038016841F0400101600C20BEF552FF002082E01548016841F0080133
:20D1600001600F486838016841F4807101600301F401708824000E499C39086840F4404002
:20D1800008600868C0F30E0023E0A0F9210000009C584C491FF200A0724EA08601006001B7
:20D1A0006500BC0160006404410034064100F00741008407410060044100FC04410040B5EA
:20D1C0006400D852200000DFFFFF04016000C00441000860C0F30D00042802D26FF077005C
:20D1E00016E04FF0FF3B5946012006F046F906465946012005F0D4FFB6F91600002801DD2C
:20D20000401D00E0401FF08200B200121B2814DA0A9909F10109491C00B20A91FFF7A5FD1A
:20D22000064602468B460B4602A8FFF7EDFD32465B4606A8FFF7E8FD04E04FF07F0A0C2034
:20D24000BEF5DEFE4548016821F4807101604348016821F0080101600120BEF5D1FE2BF6AF
:20D26000B0FF08F101000301F401608924006168804641453FF678AF3B490B989C31086032
:20D2800038490C98183108605FEA09000BD0014606A8FFF7D9FDFFF793FD334991F9071027
:20D2A00001EB000A02E01420BEF5AEFE3048016921F001010161016821F0010101604FF090
:20D2C0001400BEF5A1FE0199791A29447F1C81F809A0BFB2009887427FF621AF22490D986A
:20D2E0003839086020490B989C3108601D490E98683108601B490C98183108601A490F9844
:20D300003039086018491098091D0860194911980860174912986C39086012491398603184
:20D3200008600F48149901600F49159808600C491698243108600F49179808600E4918987D
:20D34000543108600A9830B1014602A8FFF77CFDFFF736FD82460448C17901EB0A0003018C
:20D36000F401508A2400E87176E6CC054100600441008F22200060016500F0074100E00699
:20D380004100F8B500F109068089012121F67AFC777904004FF0000506D01849206809786F
:20D3A000884203D9122505E0022503E0A06B002800DB1A2530882946B9F5A4FD002D17D1C9
:20D3C000E069C00115D5606C08B9A06C08B1022306E0E06B08B9206C08B1012300E0002384
:20D3E00004F13C0000903A4600212046BAF5F9F9F8BD39462046BDE8F84062F667B96C2049
:20D40000200000B58BB000208DF80500684649F68CF94FF65550ADF8280002208DF82B0057
:20D4200069460AA849F684F86846B9F514FD0BB000BD00B58BB000208DF80500684649F664
:20D4400074F94FF6E940ADF8280002208DF82B0069460AA849F60301F401408B24006CF866
:20D460006846B9F5FCFCE6E7F0B5FA4F04468BB038680D46000208D5F848006828B108F6C7
:20D4800057FE192801D3072006E0217D04F115001BF6D1FC20B11220296848710BB0F0BDDA
:20D4A0002088C0F30900A0F58071553902D1AFF2A70601E0AFF27B063868C00705D008F696
:20D4C0007AF910B9012008F665FE207D8DF80000D4F81500CDF80100B4F81900ADF8050056
:20D4E0001022211D0DF1070024F607F810210DF1170022F61EFE3146684608F6CCFD2968A7
:20D5000010F0FF004871C9D12860C7E770B50C460D68C27A817A001D20F601FE10B92168DC
:20D520000C204871216805204870CC48CD490088E87191F80811401A287220684178891C19
:20D54000417070BD2DE9F04F87B00446D1F80301F401308C24000080002002900390207917
:20D560000490BE480D46006800020ED5DFF800A3DAF8000048B1DFF8E892D9F8000020B139
:20D5800052F6D9F920B10C2096E01120096894E0B4F81510B4F81300CDE90001B4F81130B4
:20D5A000B4F80F20B4F80D10B4F80B0054F6D4FF18B1B4F8150010B111E012207CE0002009
:20D5C0001CF67DFEAB49983091F82810484300F5EC7040F27121B0FBF1F0A4F81500B4F8B8
:20D5E000130018B9A4480188A4F81310D4F805100291B4F80900ADF80C0006AA02A8049942
:20D6000020F633FF9D4904F117024FF0070B09780092884279D20646F9F716FB0028DAF80E
:20D62000000006EB860700EB870004F10B0100F106004FF00C0233D01BF6C9F840B9D9F816
:20D640000000072200EB0301F401208D2400C60000991BF6C0F840B1DAF8000000EB87008F
:20D66000807C20F657FB10B129E0172028E0DAF80000D4F80B1000EB8700C0F80610D4F878
:20D680000F10C0F80A10D4F81310C0F80E10D9F80000D4F8171000EBC6000160B4F81B1027
:20D6A0008180617F817124E01BF695F8E8B1DAF8000000EB8700807C20F62CFB28B10B20DB
:20D6C0002968487107B0BDE8F08FDAF80000D4F80B1000EB8700C0F80610D4F80F10C0F889
:20D6E0000A10D4F81310C0F80E1031460098F9F7BCFAD9F80000634990F840000978081AAE
:20D7000088F8070088F80860296881F801B0D9E7FFE7069E8E421BD205AB002202A80499BF
:20D7200056F6C1FA59490978884201D2074608E0059F8F420CD207233A4602A804990301A5
:20D74000F401108E240056F661FA3B463246601D049920F6D3FECCE7296881F805B0B5E763
:20D760002DE9F04705460E460C6816F6FCFD08B95EF689FC22F61EFD3D4F44F210036A68D0
:20D7800039681A401940914208D04249096829B10C216171BDE8F04722F610BD22F60EFDD1
:20D7A0003868000706D56868000703D40121084620F630FD394968681125096888427AD871
:20D7C00040F400103860C00704D008F600F838B9012003E007F6FBFF10B1002008F6E6FC2F
:20D7E00038684FF00009800306D422F6E3FC2B4A82F8089022F6E2FC386800F004001BF6CB
:20D80000DBFF3868C00502D5012059F686FA38684FF00108C103224807D52249097811B162
:20D8200080F8008005E0657103E0007808B168F6B1F838681D490301F401008F2400420323
:20D8400007D51C4A127812B181F8008003E0657101E081F80090C1021848016802D541F009
:20D86000010101E021F001010160316805204870BDE8F08723E078312000D8F721002431AE
:20D880002000288A20003831200084312000B030200021312000DCF721004C312000B8304D
:20D8A0002000F0F92100707C20009B4020009A4020008740200084402000503120006571FB
:20D8C000D6E72DE9F0418CB001AD00F1090400958846007B1299002605278DF809608DF80E
:20D8E0000570884200D30020322832D004DC012820D01E2804D127E033282FD049281ED0C6
:20D9000003EB80006946026820469047009900290DD04879052826D0204648F61DFE009869
:20D92000417901B14770A84220D1B9F5A8FA0301F401F08F24000CB0BDE8F0816946204616
:20D94000FFF716FFE6E769462046FFF70FFEE1E769462046FCF719FBDCE769462046FCF728
:20D960001DFAD7E769462046FCF7BAF9D2E788F80060E0E70838B9F5A6F9DCE738B5037BFC
:20D98000302B06D04A230093064B1B68FFF79DFF38BD044C01232370BDE8384048F6EABDF2
:20D9A00000007C312000322F200010B504220E210620B9F591FA00280DD001228272002262
:20D9C000427342F22702A0F80B20BDE8104000F10801B9F578B910BD70B50546AFF2330192
:20D9E0000C30FCF7C4FB040013D004220E210620B9F572FA00280CD0012282724473B5F83E
:20DA00000920A0F80B20BDE8704000F10801B9F55AB970BD70B5154600F10904012616F62C
:20DA2000AAFC0146E0780301F401E0902400814265D0012815D12079012807D1F9480078BA
:20DA4000012807D051F62EFE060017D051F6DDFE18B105E051F615F8F6E7F248007868B992
:20DA600066B1E07816F68FFC207916F6A5FCE07851F612FEE078002638B13BE051F60DF8DD
:20DA800050F6DBFF0720687170BD51F606F850F6D4FFE5488068800702D5F9F7C6F803E0D7
:20DAA0000121084620F6C2FBE1480078800701D5E0480670E048007818B11021DF4822F6AE
:20DAC00050FBDE48007880B1DE4A002101EBC10000EB400002EB4000491C10F8353FC9B282
:20DAE00023F0010303706429F0D3D648007808B1FCF733FD20880C28C6D16E7170BD0C202F
:20DB0000C1E770B500F10904007B1546272802D91220507170BD012057F684FD10F0030127
:20DB2000F401D0912400FF006871F7D1E0784100C848C17101218171C7494FF446100A68C1
:20DB400012B9D0F894200A60BE21C0F89410002050F62FFAC1490C200860BDE87040BC4853
:20DB600057F67EBD30B40024BD4D5471447B2B68022C05D0012C06D01120507130BC704759
:20DB800043F0040301E023F004032B6030BCBCE710B509301446C378827A011D1846FCF738
:20DBA00066FB607110BD2DE9FC4700F10904407C002600F00107E07B02280CD003280AD0CF
:20DBC000002504F109018946384607F6CFFE5EF66AFA58B901E00125F3E7A14844F2100130
:20DBE0000068084204D05EF6A1FA08B10C2692E0B4F80510B4F8030054F6B5FC70B3618BD9
:20DC0000208BCDE90001E38AA28A618A208A54F6BBFC18B312F60301F401C09224009FF89A
:20DC200018B31DB107F6E7FD0028E3D0002020F612F98046FF281AD05DF62AFD40461FF662
:20DC4000F9FF0546E079A0B10020C5F8700122F6C5FA8146628B218B284654F6B6FCE0798F
:20DC600060B114E0FFE7122659E00D2657E0092655E04946384607F67DFEE6E785F85E70DD
:20DC8000D4F80900A865B4F80D00A5F85C00E07B85F85F00208AA5F84800608AA5F84A0059
:20DCA000208AA5F84C00608AA5F84E00A08A2881E08A6881284645F6BDFB484622F692FA43
:20DCC0002946204635F69EF900282ED1E079012804D1404654F6C5FC060020D101205EF632
:20DCE000D5F940465EF6CEF9B4F8050020F001005EF630FAB4F8030020F001005EF632FA35
:20DD0000E0795EF61FFA5949002051F680F80301F401B0932400002108465EF669F91AF627
:20DD20008EFB5549086020883146BDE8FC47B9F511B9BDE8FC87F0B50546002095F800E030
:20DD400003460246BEF1030F3ED86C78032C3BD8AD78032D38D8DFF824C15FEACE779CF8F2
:20DD60001C6003D19CB1344013D023465FEA8E7405D485B19CF81D4015EA040224D00028DA
:20DD80000AD153EA020408D05BB172B111E01220ECE71120EAE71220F0BD0E709CF81D2038
:20DDA00008E032B14A700A7005E013B14B700B7001E00B704A700A784B789A42ECD01A4038
:20DDC00002D04A700A70F0BD1120F0BD2DE9F04100F10906174680891FF69AFF040050D033
:20DDE000B4F84400800403D4B4F84600800401D5232547E004F5BA71701DFFF79CFF0500D6
:20DE000040D194F874010301F401A094240094F87611884207D194F8750194F8771188420A
:20DE200001D1172532E0E06B40F40040E063B4F8460040F40050A4F84600204650F6A5FE19
:20DE400024E0CF302000F030200004212200523C2000513C2000884020007ED92000854099
:20DE60002000EC0B22009C40200048CF2000C8402000A0016400084020007831200030CEDA
:20DE80002000443D2000108820000225002038703088022D0AD00021B9F560F8002D09D02C
:20DEA00029462046BDE8F04170F61BBB0221B9F555F8F5E7BDE8F08170B50646154600F1AE
:20DEC00009040FF63DFE10B90FF646FE08B10C2051E0B4F8031020294CD3B4F80500B0F550
:20DEE000804F47D8814245D8207C400742D0207A03283FD8607A01283CD822F677F90301E0
:20DF0000F401909524000546E0790FF609FE207A0FF60AFE207C0FF60FFEB4F8030020F0FF
:20DF200001000FF6DEFDB4F8050020F001000FF6E0FDE079133601280AD0042808D00FF6AE
:20DF40002EFD02280CD00FF62AFD032808D00DE0607A0FF6DDFD30460FF6CFFD002006E06E
:20DF6000607A0FF6D5FD30460FF6C7FD607C0FF6E7FD2846BDE8704022F640B9122068710D
:20DF800070BD10B5144671490C30FFF7DCFE607110BD2DE9F04100F109041546407B002155
:20DFA00034F617FF10B9E078272802D91220687184E7002057F64AFB10F0FF006871F7D10E
:20DFC00020791FF6D1FB624E0C27306050B36079307120797071E0784FF446114000F071CA
:20DFE0000020B07140F2E24030815A48026812B9D1F8942002600301F40180962400BE2014
:20E00000C1F8940000204FF6E8FF4FF4C800C0F8A071306862792179001D57F664FB57F670
:20E0200073FBBDE8F0414C4857F62EBB022057F611FB6F7146E730B40024494D5471C47BA8
:20E040002B68022C04D0012C05D011205071A9E543F0040301E023F004032B6030BC9CE77A
:20E0600010B504464048016844F2100001420DD05EF670F850B13C4800210068407870F652
:20E080002FF8BDE8104000205EF668B85EF61FF858B100205EF60AF8354901200860BDE83A
:20E0A00010403349102050F6C2BEB4F80900BDE810400C21B8F518BF10B5144651F667FC7A
:20E0C00010B10C20607110BD56F63FF81FF6C3FCBDE81040F8F7DCBD7CB5154600F1090457
:20E0E00051F655FC08B10C2030E0606800900301F401709724002089ADF804000023E17849
:20E100001A46684655F6FBFD1D490978884223D255F63DFE164E3068810201D4000218D53F
:20E1200018480068A8B1E1780022684620F6CDF904461448007884420BD2204620F631FA51
:20E140003068000205D51048006810B12046F8F7C9FD002068717CBD1220FBE700000888D9
:20E16000200048CF2000C84020000840200078312000FC3C20007CF7210030CE20004C3168
:20E1800020003831200021312000D8F7210010B51446CCF57DFF14F82D0F40F0040020700C
:20E1A00010BD2DE9FC5F00F1090480896179009194F80680D4F807A0D4F80BB0D4F80F6068
:20E1C000D4F813100191012120F694FD4FF000070500B94604D0B8F1020F03D912271BE00D
:20E1E000022719E000980301F4016098240085F8DE0085F8DF80C5F8D0B0C5F8D460019852
:20E20000C5F8D800BAF1000F02D13EB1761C05D0C5F8CCA0284601F05AFD01E04FF001097D
:20E2200020883946B8F5AAFEB9F1000F05D039462846BDE8FC5FB9F593B9BDE8FC9F2DE997
:20E24000F04700F109048089052120F657FD05006279A679E079A168D4F80C802369D4F8DF
:20E2600014C04FF000094F4605D0022801D8012E03D9122710E002270EE085F8DE2085F8D2
:20E28000DF00C5F8D030C5F8D4C0C5F8E08009B1012E0FD04FF0010920883946B8F56EFE23
:20E2A000B9F1000F10D031462846BDE8F0470022B9F5ABBAC5F8CC100121284621F682FA13
:20E2C000284601F004FDE7E7BDE8F087000070B50C468178C31D0A46091F0125042A0301D4
:20E2E000F401509924000AD371B1D0F803200E48824204D3481E0D4E1044B04201D900253B
:20E3000002E0184659F691F90E202070042060700120A0704FF64C40A4F803000DB10020B3
:20E3200000E00C20607170BD000000031000FF241000224900200870FCF77ABAFEB5456803
:20E340000446002D39D028681E49C0EBC00001EB0016703E307CC0070AD0E089A222216927
:20E360008DE80700A389628921892846FEF7A0FCE87EC10621D5317C89071ED520F01000EE
:20E3800040F00800E8762846E3F596FA686B410102D520F080606863707CC1070DD140F0A8
:20E3A00001007074E089A12221698DE80700A389628921892846FEF77BFCFEBD0000D330ED
:20E3C00020009822220070B5194E05467168487B8A7B904229D80301F401409A2400EB6CA8
:20E3E000002B26D0F82A24D8141A0E2C00DD0E24184409300F31224623F6BFF87068417BC6
:20E40000807B2144814204D22846BDE8704060F6F0BFE869800206D52846BDE87040132295
:20E4200000215CF63FB82846BDE870400021B8F5E3BF70BD00000C2920002DE9F047064624
:20E44000FC4801784078494240424FFA80F94FFA81F896F8A80020F66AF90446304604F053
:20E46000C8FE07463146002004F0E6FEB7F916004FEA2025F0480068400717D5EF4996F83D
:20E48000A8300122097894F8A00049429A40EB4B49B21B681A4209D08D4207DA84F89E00BC
:20E4A00035F683FC0146204621F6CFF9454505DAD4F80C0140F04000C4F80C014D4504DD38
:20E4C000002D02DAD4F80C0105E0D4F80C010301F401309B240020F08000C4F80C0140F427
:20E4E0008070C4F80C01B7F91610102207F1180007F00BF886F80B01BDE8F08730B504467C
:20E5000085B090F8A80020F616F92146002005F004F8CD49054691F90000032815DC401C96
:20E5200008700C20ADF800006846019416F653FC36F629F8C64A014694F8A8001268C0EBF7
:20E54000001002EBC00000F8741CB5F9160005B0001230BD2DE9F047BE49BE4EBF4F91F807
:20E5600000A096F8009000248846C4F380003070C4F3400088F8000004F00101401CBEF697
:20E580006AFE002538603178386800EB81002946D0F88C00BFF62AF86D1CEDB2032DF2D3EA
:20E5A000BEF622FD641CE4B2082CDED3AC4886F8009088F800A00078C1B2A9480078BDE872
:20E5C000F047BFF623BA0301F401209C2400A74810B5007808B9FFF7C1FFA549012008706F
:20E5E000A5480021808ABDE8104055F6FBBAF8B5054620F6A4F8A04E0446F07C000704D5E0
:20E600009B48007808B9FFF7A9FF284620F697F821F674F90028D4F80C0120F0380002D08E
:20E6200020F0070003E0303020F00700801DC4F80C01834920F4A07040F080008A780979DF
:20E6400062F3502061F358400025C4F80C018DF8005094F8A30040092DD002282BD000228A
:20E66000F07C000707D47E48002369460068BFF60EF984F89E008148007808B184F89E5012
:20E6800094F89E0084F8A000F07C400703D584F89E5084F8A05021687A4A642002EB011103
:20E6A00001F8040C94F89E0035F687FB0146204621F6D3F8F8BD0122D2E72DE9FF470301FA
:20E6C000F401109D24004FF0000904468DF80C9090F8A30040090BD0022809D00022D4F881
:20E6E000F80038B16A48006A20B184F8A09009E00122F4E75D48002303A90068BFF6CBF865
:20E7000084F8A0005F48C07C400701D584F8A09094F89E6094F8A07094F84981204621F638
:20E72000F1F848B15B4801254068807B48B101280ED0022812D127E0204615F67CFABDE8EB
:20E74000FF87464502D0761C464507D1032505E0BE4202D0761EBE4200D1022584F89E60FC
:20E76000304635F62EFB0146204621F67AF84949002001260A7869464B4606FA00F71742AE
:20E7800004D041F8205003E03E46E6E741F82030401C0328F1D301980299800040EA011104
:20E7A00000980143204635F694FBC8E751B190F8A01090F8A3000301F401009E24004FF04F
:20E7C0000002400905D0022803D003E090F89E10F3E701222748006800EB8200D0F880007A
:20E7E000405670472F4930B4D1F82011002009B130BC08471F4B244A01211B6892F9FC203D
:20E800005C18247F94420EDC5818C37E007F9B1A101A5BB240B2984202DC084630BC70476A
:20E82000491E48B2FAE7491C49B20729E8DDF5E770B503461C4800240078012837D012486D
:20E840001A4AC07C00074BD502F11400D57849E000008F2220001830200068202000F0277C
:20E860002000D3302000E02920001404220065FD21007CFD21000F04220064FD2100E4FB3F
:20E88000210067FD210010882000F853200064F72100E8332200D85220000C2920006020D7
:20E8A0002000005A200059FD2100BC1A20000301F401F09E2400214909680A18127F9A423C
:20E8C0000DDC0144CA7E097FD21A591A52B249B2914201DC044630E0401E44B22DE0401C15
:20E8E00040B20728E9DD28E09578101D90F900209A4221DB00EB450212F9022C9A4202DD48
:20E900006D1E6CB218E0012214E000EB420696F900609E420DDC00EB420010F8024C007859
:20E92000E41A181A64B240B2A04200DD521E54B202E0521CAA42E8D30C70204670BD7CFDEB
:20E9400021005A4900200870704770B5054620F4004630461FF6FFFE040028D0280404D551
:20E96000802084F8A200354602E0082084F8A200D4F8FC00400704D520465AF662FB012812
:20E9800015D0E069C0F3C4000A2802D120464AF657FB20465BF605FC20465BF6AAFB20465B
:20E9A0005BF62BFB28460301F401E09F2400BDE8704020F61EBE70BD70B5044605683E4800
:20E9C0000088000402D52046FEF774F83C480068A04202D110203BF6F8F92846E5F516F9C3
:20E9E000284606F698FBE6F572FF010035480ED0E169090406D4236810F86D1F01229A4025
:20EA0000914301702046BDE870402EF6F6B800F15B0000218174F4E770B5044615F68BF8EA
:20EA2000054620465BF6C1FB204620F66BFE70B194F8A300C0060AD5E069C0F3C4000A284C
:20EA400005D1204636F6C2F920680FF6D6FFE069C0F3C401082903D320F0F8006830E06188
:20EA60002046E3F58FF8E1691748C1F3C03141F00E01297394F8A110697368601348A86063
:20EA800029462046E3F5BEF820201EF699FE05000FD022460E4921F69BFC0D48B4F80301D2
:20EAA000F401D0A024009C1040F27122007850434143284621F647FE2565012070BDB1F882
:20EAC000210004212200F0742000E0AE2000D1580A00AB580A00D5570A00733A2000F8B5AC
:20EAE000044640480E46404D00681146C00614D56868007C022810D1606B10F4405F0AD155
:20EB0000A06BC20707D1820705D4820403D4420401D4000401D50D221FE0E069000424D422
:20EB200071B1204604F6F3FE0090A8B1216A09B1814203D1D0F8E400400223D523220CE086
:20EB4000206A0028FAD132466946204605F65CF80246009808B115E01E2268682B21007BF7
:20EB6000B1EB500F3AD0012139E0204604F6CFFE009078B1216A29B1814203D023222046C9
:20EB8000E0F581FF0099D1F8E400C0F30420072805D010E0206A0301F401C0A12400009077
:20EBA0000028D4D0F2E7D1F8B820C1F8C420D1F8BC20C1F8C820D1F8C000C1F8CC00B1F875
:20EBC000D000400406D56A68D07CC30701D000F0FE00D0742046E0F5D0F908210098E0F5C1
:20EBE0002CFEF8BD00212046DFF527FEF8BD183020000C2920007CB54588466804462B46DD
:20EC000066F31F434FF063024FF0C701604822F6D0F8272E19D2DFE806F0B61414141E22D7
:20EC200026192A2A2A3B972E3E4144484C5250575B5F63B6B6B6B6B6677A929A9EA2A9B670
:20EC4000B300314601205BF648F99CE031460120E9F5B6FB97E02846F1F5F1FC93E028469B
:20EC6000F1F58DFC8FE02846F1F562FC8BE0304646F6CCFF87E02846FFF773FE280406D5D9
:20EC800025F400406080606820F00D0060600301F401B0A224007AE03DF6B3FA77E006F69A
:20ECA00051F974E001F6B4F871E0284601F6BCF86DE0284601F6C6F869E0284601F6F2F8A1
:20ECC00065E0002100E00421284600F61BFF5EE0284601F69DF95AE0284601F670F956E0D4
:20ECE000284601F652F952E0284601F6DDF84EE02A480078E7F536F910B1002001F686F87F
:20ED0000274C20687030811DB6F57BFB2168002081F884003BE028461FF62DFD10B390F8E0
:20ED2000A310490733D440F65341ADF8001002218DF80210B0F86410ADF80310194A6946AA
:20ED400029F6DBFA23E038F6DDFE25F65BF91EE024F6C7FE1BE02846B6F5E1FD17E000205E
:20ED6000F1F5B1F813E028461FF605FD002301460B2205E028461FF6FEFC002301460C22FB
:20ED800000204EF627F80301F401A0A3240002E0284600F00CF8BDE87C4021F648B80200D2
:20EDA00001008A2B200024282000E353090010B51FF6E5FCC169CA020FD5C1F3C4010A2991
:20EDC0000BD190F8B5100322B2EBD10F05D1490703D4BDE810404AF604B90068BDE810401C
:20EDE00003F08AB82DE9F8439E4F0026DFF878829E4D0446062969D011DC01291BD1387859
:20EE0000D8B1E069000418D4206820F6A0F924F6FBFE90B1D8F81C0078B10C2126E009292B
:20EE200009D10096686800231821007BC0F30002204614F69AFEBDE8F88394F8B50040F06D
:20EE4000010084F8B500A4F8B060A4F8B260206820F67DF910F6F1F884F8B400B4F8BC008B
:20EE600048B1B4F8AA10884205D212212046BDE8F84349F60DBFE06920F0F8005030030139
:20EE8000F40190A42400E061204610F66EFE50B1A08C40F01000A084E0690004E08C0CD5E1
:20EEA00040F010000BE00D21204649F6F5FEE06920F0F8004030E061C1E720F01000E08433
:20EEC000204649F6DAFD14F8B50F20F0F80008302070B4E70422802116F696F8030004D043
:20EEE0006868007BC0F3000216E0E069C0F3C40108290CD13978B1B1000414D4206820F6B0
:20EF00002AF924F685FE70B1D8F81C0058B168680C23007BC0F3000201B02046BDE8F043FD
:20EF2000172114F669BE2046BDE8F84349F600BE70B504460D46006806F601F9A08C0921AF
:20EF400020F01000A084206806F628F9E069000405D594F8B5000321B1EBD00F02D8204681
:20EF600035F648FFE06920F0F8004030E06120680FF657FD4DB10301F40180A5240094F870
:20EF8000B500C00724D0082D22D0222D20D0132D1ED00023B4F864101A462846B8F581FB33
:20EFA000374A92F85C0098B1E169090410D423680121994008420BD0884382F85C0007D142
:20EFC00092F87C30B2F90710507A00222DF6F5FA94F8B5000E21C0F3400504F1A80021F61F
:20EFE00018F9206801F071FB4DB1E06920F0F8006030E0612046BDE870405BF6F8B92046D8
:20F00000BDE87040042149F6EABB10B50446006806F699F8A08C092120F01000A08420686C
:20F0200006F6C0F8204635F6A2FEB4F8B230B4F8641002220020B8F534FB94F8B50020F0CC
:20F04000F800183084F8B500B4F8B210206801F06AFB94F8B500800705D52046BDE81040F6
:20F060000D2149F665B92046BDE8104003210301F40170A6240049F6B6BB3CFA2100842C9C
:20F0800022000C292000E0AE200055480078010601D509207047410601D5082070478106F6
:20F0A00001D507207047C10601D506207047810701D505207047410701D504207047C00728
:20F0C00001D0032070470220704745480078010601D509207047410601D508207047810667
:20F0E00001D507207047C10601D506207047810701D505207047410701D504207047C007E8
:20F1000001D003207047022070472DE9F04706000ED03448007886420AD830461FF63BFBDB
:20F12000040002D0E069C00204D4FF20BDE8F0872020FBE7B4F86490206D20B121F636FB73
:20F14000206D1EF65CFC20465AF65AF8204605F67CFE206806F65AF8E0694FF00008000469
:20F1600007D4206821490301F40160A72400072801D2087001E081F800801E480068012853
:20F1800017D1204620F6D9F9012812D100252F46681C1FF604FB28B1A04203D020F6CDF991
:20F1A000012806D06D1CEDB2072DF1D30FB905F639FE4FF4A871204621F633F80F49304664
:20F1C000096801EB860141F8048C1FF6D0FF20F69AF930462AF676FE002211463046E4F523
:20F1E000C3FE1FF606FE4846A4E76E2020006C202000732020000C2820007C2020002DE9E9
:20F20000F05F21F643F856494FF0000A0D88A1F800A021F63FF8534E70682844052801D264
:20F22000706043E00522B0FBF2F902FB19007060B9F1000F3AD029F63FF90FF681FA4A480C
:20F2400090F8300008B138F69AFEDFF82081DFF820B101240120316800FA04F00142030143
:20F26000F40150A8240022D006EB0402137A03EB0901424B1B681B070DD5D8F800301842A1
:20F2800009D08343C8F800309BF8003099420DD95B1C137203E0302908D9312111723168D4
:20F2A0008143204631605BF684F900E01172641C1A2CD3D32846E8F516F80024574606EBEB
:20F2C000840090F8261049B1818CA94204D820F8247F05F6DCFF01E0491B8184641C082C8F
:20F2E000EDD3284635F612FB264CE07C400718D42548007858B124490888284480B2088096
:20F3000023490968884202D3152015F6A9FD204908782844C0B20870082802D30F70E1F5F2
:20F3200016F9E07C000702D4284635F68CF8284661F61BF81848007820B11748007808B157
:20F3400000F08BF92846BDE8F05F24F6C9B810B5134808F08AFE0301F40140A9240000286E
:20F3600005D1BDE8104010490F4821F610BA10BD00003C29200004692000706220001C3014
:20F3800020003829200018302000F85320007A2C2000782C20007C2C2000B0282000FAF9BC
:20F3A00021006C2122004869200048E801002DE9F84FFA4C8146A5681FF6F9F907007ED0A8
:20F3C00097F8A3006168460901EB0900A24690F8B043DFF8CC83012E15D09EB30126DAF807
:20F3E0000410012201EB0900214680F8B043F0B2BAF551FF002862D0F969C1F3C2210129F1
:20F400005AD8012158E0032C09D00A2C0FD00E2C19D00F2CE3D1287898F806101AE0287851
:20F4200098F80B108842DAD3E1F579FB16E0287898F809108842F7D298F80A108842CED874
:20F440000324CCE70CE0287898F8071088420301F40130AA240029D298F808108842C2D8D7
:20F46000E1F552FB0446BEE70A2C0AD00E2C0ED00F2CB8D1A87898F801108842B3D80E2446
:20F48000B1E7687898F805108842F8D2ABE7687898F8021088420CD369464846E8F593FC55
:20F4A00098F903009DF9001088429CDC0F249AE709E098F80410884295D80A2493E7103868
:20F4C00002788A42FBD8BDE8F88F10B500281DD00168B64AC1EBC10102EB0114703C15D0A3
:20F4E000002134F68CFF616A01446162618C491C618494F92110814201DC84F8210094F9A4
:20F50000201009B1814201DB84F8200010BD10B5A84B0021C1EB011202EB811203EB82026F
:20F52000B2F8D040E4040AD592F8D7200468A24205D101EBC1009F4901EBC00010BD491C30
:20F540000329E7D300200301F40120AB240010BD2DE9F0410646FFF7DEFF0546002E3DD004
:20F5600030689449C0EBC00001EB0014703C35D0A07E002832D0304604F617FA06002DD02E
:20F5800000272783A07EC00713D0182104F1200020F657FE6DB1B6F8D000400409D52F63C9
:20F5A0001421284620F64DFE142105F1140020F648FEA07E400711D504F1380014210446B5
:20F5C00020F63FFE002D09D0B6F8D000400405D52046BDE8F041142120F633BEBDE8F081A8
:20F5E000017C002909D000218180C180427C22F001024274018141814161704710B5FFF748
:20F600008AFF002834D0002303EB830100EB81010C884A8A944200D90A804C88944200D90F
:20F620004A808C88944200D98A80CC88944200D9CA800C89944200D90A814C899442030168
:20F64000F40110AC240000D94A81CC88944200D9CA80CC88944200D9CA80CC89944200D993
:20F66000CA818C89944200D98A810C8A944200D90A825B1C022BCBDB10BD2DE9F047524A9F
:20F680009078002835D051490968491CB1FBF0F300FB131000282CD15078002829D00027E3
:20F6A0003C46914609EB8408D8F80400F0B11FF68AF806001FD030684149C0EBC00001EBF7
:20F6C0000015703D17D0A87E80B17F1C3046FFF799FF3046FDF766FA2846FFF785FF304663
:20F6E000FFF73AFF99F80100B84202D0641C142CD8DBBDE8F0870022C8F8042099F8011046
:20F70000491E89F80110F1E770B586B03026DDE90A450190ADF80810ADF80C30ADF800601E
:20F72000ADF80A20ADF80E406846049515F69BFB06B070BD7CB50301F40100AD24000546F6
:20F740000E4690F8A8001FF642F8002836D001681D4AC1EBC10102EB0114703C2ED0174A5D
:20F76000117831432AD0012E37D000251570218811B1A2888A4204D2A18981B122898A42A8
:20F780000DD962696189CDE900122389E288A188FFF7BEFFE580A580658125816561608850
:20F7A00020B1E188814201D9E580A580E089002804D06189814201D9658125817CBDF8F946
:20F7C00021008322200098222200BC6F2000C02122006C212200E820200095F89400C0F36E
:20F7E000C3000228EAD90928E8D0A07C40F04000A074FE4909780829E0D140F08000A07462
:20F80000DCE710B5817CC288C1F300031A44C2808288C1F380031A448280028EC1F340039A
:20F820001A4402864269C1F3C0031A4442610301F401F0AD24004289C1F380131A444281D2
:20F84000028902EBD1120281C27CB0F84A30C2F340042344A0F84A3022F00202C27421F09B
:20F860000801817410BD2DE9F84305460E4690F8A8001FF698FC00F0FF0895F8A8001EF6B4
:20F88000AAFF070079D03868DC49C0EBC00001EB0014703C71D0208B30B9404618F644FEE8
:20F8A0004FF6FE710840208395F81901012864D1012E0FD0022E17D0082E57D0102E5CD1B7
:20F8C00000208DF8000038686946E8F58CFA012855D06AE0E87B18B9A07C20F0E700A074DE
:20F8E000A07C40F0200047E0E87B38B101282CD1C14800780C2828D00D2826D0C0480078AB
:20F90000012810D1A07C002240F00100A07401213846FFF7EAFD95F82101022803D1A07C14
:20F9200040F00400A0740301F401E0AE2400E87B01280ED1A07CC00605D42046FFF769FFEA
:20F94000E87B012805D1A17C608EC1F340110844608695F89C00C0F3C300022811D9D5F883
:20F96000A40000280DD03846BDE8F84300220121BFE506E0E87B012803D1A07C20F0E7003F
:20F98000A074BDE8F883E16A9DF900000144E162618D491C618594F9291009B1814201DA73
:20F9A00084F8290094F9281009B1814201DD84F8280095F89400000603D4E07C40F0020052
:20F9C000E074E87B0028DCD1A07CC00605D42046FFF71FFFE87B0028D3D1A17C608EC1F378
:20F9E000401108446086CCE700EB800201EB820201EB8000D38910F8281F03EBD111D181BB
:20FA000003789189C3F380131944918103789188C3F38003194491800378D188C3F30301D0
:20FA2000F401D0AF2400C0031944D18003781188C3F300031944118003785188C3F34003B5
:20FA40001944518003781189C3F300131944118103785189C3F34013194451814378518A88
:20FA6000C3F34003194451824078118AC0F30000084410827047002100EB8102491C12F8C4
:20FA8000283FC9B223F0FF0313705378022923F003035370F0D370472DE9F0470446806C1D
:20FAA0000F46002590F8A8001EF69DFE5FEA000977D0D9F800005449C0EBC00001EB00107F
:20FAC000A0F17008484603F684FF002869D04846FFF735FD060064D0A06C90F8A8001FF671
:20FAE0006AFBC0B2B8F1000F09D0B8F8181031B918F622FD4FF6FE710840A8F81800306B60
:20FB000094F86C10884200DD0125012F0CD0022F35D0DFF8F0800301F401C0B02400082FC3
:20FB20004FD0102F41D194F82C0002287AD0C3E0E07BA8B9012120461DF615F8306394F803
:20FB40006C10884201DC002500E001253046FFF796FF06EB850010F8291F41F002010170EB
:20FB600094F86E00002820D094F8700000281CD194F8300010F0780F17D02A464846BDE895
:20FB8000F0470021BDE494F86E0078B194F8700060B994F8300010F0780F07D006EB8500A4
:20FBA00010F8281F41F0800106E009E006EB850010F8281F41F040010170E07B01287ED0FB
:20FBC000ABE5E07B012815D1012120461CF6CBFF306394F86C10884201DC002500E001255A
:20FBE0003046FFF74CFF06EB850010F8291F41F00201017094F82C000228E1D098F80000C0
:20FC00000C28DDD106EB850010F8281F06E00301F401B0B12400B228200098222200F8F912
:20FC2000210003E041F0040101707AE598F800000C2826D094F8280094F83020C0F30201BA
:20FC4000C2F3020291421CD110F0780F06D106EB850010F8281F41F00801017094F82900A8
:20FC6000C00706EB850010F8281F07D041F00201017094F82C00022803D021E041F0010193
:20FC8000F6E794F8280094F83020C0F30201C2F30202914214D194F85910C0F3C30088429B
:20FCA0000ED194F82D00022806EB850010F8281F03D041F0100102E005E041F0200101701E
:20FCC000E07B0028B1D131462846BDE8F04797E654211A481DF65DBC012805D1042905D0DD
:20FCE0000A2903D00E2901D00020704701207047134A10B55178002920D011498B78002BBB
:20FD00001CD0497800290301F401A0B2240019D0002190F8A8000B4602EB8104646884420F
:20FD200006D102EB810043605078401E507002E0491C1429F0D35078002803D1044893709B
:20FD40001370037010BD6C212200F8F9210045FA210070B505460224D0F8CC008426B0B18A
:20FD6000401C06D02846E8F577F9D5F8CC10B0FBF1F4D5F8D40018B140F27121B0FBF1F69D
:20FD8000B44200D93446842C03D9842404E08424EFE7022C00D20224641C4FF6FE700440E7
:20FDA000A5F8DC402846BDE87040E8F53EB9D0E700002DE9FF5F04460D461646007D1EF63E
:20FDC0001EFD81462078804FC0F3C300804A4FF0020B012812D9411F02290FD909280DD0B9
:20FDE000D07C000727D5204629F673F918B304B031462046BDE8F05F29F6E0B961780301DE
:20FE0000F40190B32400A37DC1F34001994203D1617A21F0010161720321012802D884F85E
:20FE200005B009E0401F022802D8617104207EE0D07C0007DFD461713970BDE8FF9F204643
:20FE4000F9F553FE0028F8D16078A17DC0F340004FF001084FF0080A88422BD0F5B195F8F8
:20FE60003900D8B195F83A00C0B9286A696A50EA010208D1720306D4607A20F001006072F9
:20FE800084F8058046E0084308D1700306D5217D08FA01F051490A6810430860042060717C
:20FEA000607A4E4940F001006072888E00F101008886C2E7700307D525B195F8390008B16B
:20FEC000002E07DB700228D5F5B195F83900D8B1700319D5700217D4002E15DA15F83B0F7C
:20FEE000401CC0B2287003280AD00DD9207D1EF68AFC04B001460301F40180B42400BDE889
:20FF0000F05F222015F625B8217D1F20F0F515F884F80580607A20F00100607287F800A0BC
:20FF20008FE716F4601F08D084F80580607A20F0010060720920387083E7039850B9607D70
:20FF4000012807D12078C0F3C300032802D0E7F543FD48B131462046E7F527FD2078C0F358
:20FF6000C300032808D00AE084F80580607A20F0010060720A20DEE737F6DCFDC0B11A484B
:20FF80000078D8B1D9F81C00C0F3C400082815D22078C0F3C300012810D9608841F6F8713D
:20FFA00008420BD0810709D0C0F30100032805D084F80580607A20F0010004E084F805B006
:20FFC000607A40F0010060720520387004B02046BDE8F05FF9F580BD0000B2282000F853F9
:20FFE000200018FA21005CB12000DD2720000301F40170B5240070B52B4A0D46FF2111708D
:02000004FF02F9
:20000000E3F5A7FD04462848057020461CF611FB20F6F1F820F676F90546E17BA07B17F65E
:2000200048FD284620F672F920F66CF905468720A07494F89C0040F0070084F89C00002074
:2000400084F80C011A4801781A4809B11A4900E01A4901612060E07B012806D100212046B6
:200060001DF68AF84FF48050A066284620F64EF920461CF611F8BDE870401FF624BF10B574
:20008000E3F593FC0E480078002803D0BDE8104017F698BB10BDAFF21B010548C161064993
:2000A000016170470000353B2000343B2000A23B2000383B2000D9ED020089451000B1F829
:2000C00021002DE9F0410546846C1CF66AFC012808D1012128461CF65AFD002802DB284697
:2000E0001CF672FF688C0301F40160B62400022846D1A07B18F65DFAE16E18F6D8F9014620
:20010000B4F80201002648B1884207D228461CF6DDFD18B928461BF6BCFF70B1D4F8A40078
:200120000127B0B194F8A100002829D194F89C00C0F3C300032832D037E0A4F80261284698
:200140001CF6D2FA94F8A810BDE8F0410D20EFF5FCBE2149D4F8F4000968084210D095F88A
:200160005C0078B14FF0FF3104F19400E1F5F0F9D4F8A400002803D084F8A17085F85E7000
:20018000BDE8F0816FF0020104F19400E1F5E0F9D4F8A4000028F3D084F8A170F0E7B4F844
:2001A0009E00C0F301000328F6D0C4F8A46004F1A20467702670A079BDE8F041E1F590BE21
:2001C00010B50748064C2C2204600649204653F63CFDAFF20B10606210BDE02B2000030156
:2001E000F40150B72400BC2B2200F42C2000A80C0D0070B50446856A807B18F6DEF9E96E40
:2002000018F659F90646E08E94F8431009B1618F484300EB8001B5F802218900B1EB520FEE
:2002200000D951088E420CD900EB8000B1EB400F07D9A06AC17B012903D190F8A80028F60F
:200240006DFAB5F8020148B1B04207D220461CF641FD18B920461BF620FF08B1002070BDA0
:200260000020A5F8020120461CF642FA95F8A8100D20EFF56EFEF748C07C18B10021502073
:2002800016F6E8FB012070BD2DE9F84F05460C461646984618461EF6C6FA834620F63AF8AA
:2002A0004FF0010909FA08F7DFF8B0834FF0000A0090012E06D0042E04D0022E5BD0032E79
:2002C0007DD0B2E0288CB4F85810884204D1688CB4F85A1088420301F40140B824000CD013
:2002E00085F82590C4F868A0688CB4F85A10884203D000215846FCF769FC009820F612F892
:20030000E06D20F69FFA20F609F8814628461CF663FB18BB03E084F84D6048468AE02846E0
:200320001CF654FD18B928461CF64DFB98B195F825000028EFD084F84D60B4F85800288406
:20034000B4F85A006884B4F85800A886B4F85A00E88648468EE028461CF631FD95F82500A9
:200360000028D8D0B4F858002884B4F85A006884B4F85800A886B4F85A00E886CBE794F827
:200380004D00032801D0022853D1288CB4F85410884204D1688CB4F8561088420CD085F83A
:2003A0002590C4F868A0688CB4F85610884203D001215846FCF70AFC94F84D00032820D173
:2003C000B4F8520000E06AE0002800981ED00301F40130B924001FF6A9FFB4F852104FF433
:2003E0007A704143E06D20F616FA1FF69BFF1FF69DFFBBF85C0040F2712148434108206E87
:2004000020F609FA1FF68EFF009028461CF6E8FA98BB17E01FF68AFFE06D9449E3E7B4F8A7
:2004200054002884B4F856006884B4F85400A886B4F856008BE084F84D600098BDE8F84F86
:200440001FF674BF28461CF6C5FC18B928461CF6BEFAF0B195F825000028ECD084F84D60AA
:20046000B4F854002884B4F856006884B4F85400A886B4F85600E88655E00FE01FF656FFB6
:20048000D8F80000074228464FD0BDE8F84F1CF6ABBD28461CF697FC0028CCD095F82500C7
:2004A0000028C8D0BBE71FF641FFE06D20F6CEF9206E20F6CBF91FF635FF0090288CB4F8BA
:2004C0005810884204D10301F40120BA2400688CB4F85A1088420CD085F82590C4F868A078
:2004E000688CB4F85A10884203D000215846FCF775FB95F825000028A1D028461CF674FAFA
:20050000F0B928461CF66AFC18B928461CF663FA98B1B4F858002884B4F85A006884B4F807
:200520005800A886B4F85A00E88684F84D600098A8E7BDE8F84F1CF606BD28461CF647FCED
:20054000B4F858002884B4F85A006884B4F85800A886B4F85A00E88671E770B5064629F66B
:20056000CBFB05464549C6EBC60001EB001443492868703C096888421CD11FF6D7FE94F8FF
:200580004C10C1B11FF6D6FE206E8168490701D520F660F994F86D0000280BD1012084F8FE
:2005A0006D003346042221462846FFF779FE002084F86D0070BDBDE870401FF6BBBE0301D0
:2005C000F40110BB24002DE9F04180461EF63BF90746404629F694FB05462949C8EBC80029
:2005E00001EB001428492868703C096888422CD11FF6A0FE94F84C10A1B11FF69FFEB7F8C8
:200600005C0040F2712148434108206E20F60BF994F84D00012809D00126042813D0022803
:2006200015D018E0BDE8F0411FF688BEE06D816849070AD4B4F85010BDE8F0414FF47A7237
:20064000514320F6F0B884F84D60BDE8F08102213846FCF7C7FA94F86D000028F5D184F851
:200660006D604346022221462846FFF71DFE002084F86D00E9E7C05F2000E02B2000D012F5
:200680001300982222005428200070B5064629F637FB0546F949C6EBC60001EB0014F749C9
:2006A0002868703C096888421CD11FF643FE94F84C10C1B11FF60301F40100BC240042FEF8
:2006C000206E8168490701D520F6CCF894F86D0000280BD1012084F86D0002463346214674
:2006E0002846FFF7E5FD002084F86D0070BDBDE870401FF627BE70B5064629F605FB054654
:20070000E049C6EBC60001EB0014DE492868703C096888422ED11FF611FE94F84C1059B186
:200720001FF610FEE06D8168490701D520F69AF8B4F8520020B107E0BDE870401FF602BEB2
:2007400094F84D00022816D0206E8168490701D520F688F894F86D0000280BD1012084F8E3
:200760006D003346032221462846FFF7A1FD002084F86D0070BD206E80684007EAD5E06D06
:20078000BDE87040C14920F652B870B5BD49C0EBC00001EB0014703C1FF6D0FDE16D002543
:2007A00051B11FF6CFFDE06D20F65CF8E06D0301F401F0BC24001DF682F91FF6C3FDE565DC
:2007C000216E51B11FF6C2FD206E20F64FF8206E1DF675F91FF6B6FD256694F84C1011B1BD
:2007E00004F84C5F6570BDE870401FF6AFBD70B50D46A549C0EBC00001EB0014703C1FF615
:20080000A1FD002184F84C1084F84D10A4F85A50BDE870401FF69ABD2DE9FF470126DFF807
:20082000689280460027304629F672FAC6EBC60109EB01150400A5F1700541D020461BF6B7
:20084000A6FDE8B3A17B41453AD194F824008DF80900208CADF80000608CADF802006846DD
:200860000DF6A8FC2084A08EADF80000E08EADF8020068460DF69EFCA08694F8430048B10C
:20088000208FADF80000608FADF8020068460DF691FC208795F84C0080B1B5F85400ADF8D9
:2008A0000000B5F856000301F401E0BD2400ADF8020068460DF682FCA5F85400A08EA5F8E9
:2008C0005800AF6684F82470761C152EAFD3BDE8FF8770B50446806A6E49022690F8A800B1
:2008E000E28EC0EBC00001EB0015703D94F82410A08E33460FF66AFAA08694F8430038B1C1
:20090000628F94F82410208F33460FF65FFA208795F84C0068B1B5F8562094F82410B5F877
:20092000540033460FF652FAA5F85400A08EA5F85800628C94F82410208C33460FF646FA6D
:20094000208404F8246F012060700020A86670BD2DE9F0410446806A0F464D4990F8A80082
:20096000C0EBC00001EB0016703E204611F678FE062020752068416831B120468847207DD9
:20098000062801D00D2811D101216175E2697266B16604F11C05F869022117F63EFA03012C
:2009A000F401D0BE24002860391D201DBDE8F04105F612BE59E62DE9F04115461C46064645
:2009C000884617F698FD07462946304617F693FD06464146284617F68EFDA04207D2B7FB92
:2009E000F4F0B6FBF4F1884201D001203DE600203BE62DE9F0412B4805F6FCFD00287CD13A
:200A0000DFF8A8E0254E294CDEF80010886A90F8A800C0EBC00006EB0017703F2760DEF808
:200A20000420906A90F8A800C0EBC00006EB0015703D6560DEF80800836A93F8A830C3EBA9
:200A4000C30306EB031CACF1700CC4F808C097F84C30012B2DD0CB8E95F84C60012E2BD033
:200A6000D68E9CF84C50012D29D0C58EB34244D1AE4242D11C311C321C30E160C4E9042062
:200A80007646126809680068FFF795FFD0B13168B068BDE8F0410301F401C0BF24005FE7D3
:200AA00000009822220054282000D01213003C202000F42B22001CFA2100B7F85A30CFE7E6
:200AC000B5F85A60D1E7BCF85A50D3E76068806E012816D1206901686069006817F60FFDDD
:200AE000A8420ED960682169406E0860616800208866706811F6BCFD7068BDE8F04111F699
:200B00001DB9B6E52DE9F05F804601689348002634460068B34681425CD1D8F82800DFF835
:200B20003CA290F8A800C0EBC0010AEB0117703F8C4805F663FD0028EED18948056839E012
:200B4000281F81461BF6E2FC102832D1D9F82810484691F8A810C1EBC1020AEB021197F87F
:200B60004C20703912B1B7F85A2001E0B8F8362091F84C3013B1B1F85A3000E0C38E9A4284
:200B800017D1032C09D0744A0368126893420301F401B0C0240010D191F84D10022903D09B
:200BA00006E00020BDE8F09F714941F82600761C6F490C3141F82400641C2D686B4885426F
:200BC000C2D1032C01D14FF0010B97F84D000228A6D1674C022E02D0032E55D0B7E0634E66
:200BE0003168886A90F8A800C0EBC0000AEB0012703A22607068856A95F8A850C5EBC505D6
:200C00000AEB0513703B6360B2F85620B3F856309A4238D11C311C30C4E9031009680068F1
:200C200017F671FC04282ED9E06801682069006817F669FC6168B1F85A10B0FBF1F0414307
:200C40002069006817F65FFC0546E0680168A94212D2284617F657FC042806D820690560AA
:200C6000706811F609FD70686FE06068B0F85A10284617F648FC0546E0682946006817F658
:200C800042FC0428EAD90301F401A0C1240062E0394F3B68986A90F8A800C0EBC0000AEBAA
:200CA0000015703D25607868806A90F8A800C0EBC0000AEB0016703E6660BA68906A90F865
:200CC000A800C0EBC0000AEB00107038A060B5F85610B6F85650A9423DD1B0F8560085422F
:200CE00039D11C331C32E36062611968106817F60EFC04282FD9E06801686069006817F614
:200D000006FCA168B1F85A10B0FBF1F041436069006817F6FCFB0546E0680168A9420BD2AC
:200D2000284617F6F4FB04280DD9A068B0F85A10284617F6ECFB0546E0682946006817F644
:200D4000E6FB042807D860690560B86811F698FCB86810F6FBFF584628E70648034918300F
:200D60002C220860064952F6A0BF54282000982222003C202000E82B22001CFA2100030163
:200D8000F40190C2240010040D0010B5044606F620FE10B120461BF684FC94F858000028DA
:200DA00003D0BDE810400DF6BCBE10BD10B5044606F60FFE002804D02046BDE810401BF6A1
:200DC000C7BC10BD00002DE9F0478246044601211BF615FFFE4905460026086094F87500FC
:200DE00060B194F86C00A8426FDC94F86D00A84202DD20461BF611FB84F87560DFF8D483F1
:200E0000F54F002D7BDB20461BF6EFFF48B916F640F9A17B884204D094F86D00C01EA842E5
:200E200013DD94F86D00A8420FDD20461BF6DDFF20B9E07B10B994F8760030B194F86C00C8
:200E4000A8420BDAA08920B108E020461CF6F4F855E0294620462DF683FE50B194F86C00D6
:200E600001264FF00B09A84216D1E07B4A2530B10BE084F878600301F40180C32400204677
:200E80002DF6D5FAE5E7E4F5EBFD10B194F87B0018B1A57484F8786032E084F81290F9E7C5
:200EA00094F8341094F82E2011440A18AA4240D1E07B012807D1E4F5D3FD10B194F87B0047
:200EC00040B11920A07484F87860608C06280BD011E035E0C34884F812900178891E06FA3C
:200EE00001F084F87B00EEE794F86C00012802D1BD490220087098F8300020B1386810B1AF
:200F000020462DF694FA1BF688FD012818D198F83000002814D0B4480078002810D1504633
:200F20002DF67DFDB24938600860BDE8F04722F665BA00EB4100A842E5D184F87860DAE725
:200F4000BDE8F0872DE9F0410446856C90F8760000287ED104F12C04A649207C0860A54978
:200F6000607C086014F82C0904F1280618B90301F40170C4240031462046E6F584FC95F8E2
:200F8000A80031463AF623FF022120461BF63FFE07469B48002184F85F10007B0126D0B1AA
:200FA00094F82C0002281ED014F86E0F60F30001607860F34101A07860F38201E078A4F13C
:200FC0006E0460F3C3018F48007860F307114FF01A0015F677FD94F82C00022803D0E07BE6
:200FE00000286CD071E094F8280094F83010C0F30200C1F3020188421ED1394620462EF68E
:2010000050FB94F82C0002285FD194F85C0028BB95F8A80028F69CFE80461BF6D8F920B142
:2010200040461BF60DFD18B14FE084F85C604CE040461CF69CF8F8E795F89C10C1F30201B8
:20104000884239D1204601F084F918B9A87B17F6ECFAE8662946204601E09DE035E01CF659
:2010600024F948B1A16A0301F40160C52400C5F89410E06AC5F898002868016A28461DE0A7
:2010800095F8A80028F668FE80461BF6A4F9B8B140461BF653FA102812D1414620461CF6BC
:2010A00008F968B1A16AC5F89410E06AC5F8980088F82560D8F80000016A4046884708E08E
:2010C00016F6C4FB05E094F87B0040F0010184F87B1094F87B000028E07B06D0B0B9A07C3B
:2010E0000B2803D11921A17400E078B994F83000C0F3C300012803D994F82900C00703D003
:2011000094F82C00022801D04A21A17494F86C00B8420CDD94F87B0048B9E07B012806D15E
:2011200034480178891E06FA01F084F87B0094F82E0001280AD994F86C00B84206DD16F684
:20114000C4FB18B994F82E00401EA08195F8A800C0EB00112F48006800EBC10010F803013E
:20116000F40150C62400771C51B12C49097839B900F8766C95F8A8000021401E01F6E3FC5F
:201180002848007810B1204601F037FD26480078002809D025480078002805D02046BDE847
:2011A000F0410821FEF7D8BCBDE8F0812DE9F843002504460F46012901D184F82F5036F6FE
:2011C000ECFCDFF84C80B0B319480126C0F8AC62E07BB8427DD084F87D50012120461BF64F
:2011E0001EFD054694F87000124FC0BB2FE050FA210070622000EC2C2000E22C2000E02CD3
:201200002000AC202000D4202000C0282000C4282000C05F2000B2282000E0292000D4293B
:20122000200018212000FAF921006C21220000903100CC8A3100FFE798F8160018B11F2195
:20124000322015F647FCBDE8F84316F603BB94F86D0094F834100301F40140C72400401BFC
:20126000401C88420DDA14F8300F20F078002070607820F07C006070A4F13004208E3860BB
:2012800058E094F8730010B1204648F6AFFA206D40F6F0FF68B304F130046FF0020294F824
:2012A0002910207861F3C6002070617B7A48084494F8281002EB4101415C607861F3860087
:2012C0006070A4F13004208E386094F83400A0F10100A08184F86E6000E07DE094F8780031
:2012E000012802D084F87D6024E0022084F87D0020E094F86C106848A94228DB94F8341005
:201300000129016821F003011ED0891C016094F83400401EA08114F8300F20F0780020708F
:20132000607820F07C006070A4F13004208E386084F8706094F86F0078B194F83100C00776
:201340000BD084F871600BE0491C0160E3E70301F40130C82400016821F00301491C016091
:2013600085E794F8710048B194F8700030B120461BF676FB10B120461BF676FE4A48407A4E
:2013800038B1208EADF8000094F83D000099E6F5C6FD2046F8F5D8FB98F80C00A8B1208E48
:2013A000C0F3C60114F86E0F60F3C711607860F30821A07860F34921E078A4F16E0460F324
:2013C0008A214FF0170015F68DFB37480078B8B137480078A0B101212046FEF7C5FB0FE0A5
:2013E00094F87600002818D194F8730010B1204648F6E6F984F82C5084F82D5036F667FB18
:2014000094F83000C0F3C300022806D929480168002902D04168491C4160BDE8F88310B528
:2014200004462EF669F820490978002909D01F490878002805D02046BDE810401021FEF78B
:2014400093BB10BD10B50301F40120C9240004462EF60DFB17490978002909D0164908786E
:20146000002805D02046BDE810400221FEF780BB10BD10B51348114C2C2204601249204604
:2014800052F633FCAFF211502062AFF28F606062AFF2CD20E060AFF27300A061AFF251002A
:2014A000E06110BD000034FA2100088A3100F85F2000FAF921006C212200102122002C2C27
:2014C0002200E82C2000740C0D0070B5FC4CFC4D20461AF690FF002812D0687801280FD17B
:2014E00000206870688024F8220FA0752076617DA4F12204FD2902D0012184F83910287004
:2015000070BD2DE9FC41ED4CEE4DEE4E94F83700FE2828D0694616F635FE94F83B000028DD
:20152000009803D0022116F6DDFB009000F00300009094F83A00002700286CD084F8030155
:20154000F40110CA2400387094F93A00002850DD781E2084684617F61AF8218C48432084F1
:20156000009802285AD354D003284DD054E0D848016821F070410091C168C1F30801019188
:201580004FF40071C160D14B4FF0000203F198036946104616F618FC0098C6F8C0000198B6
:2015A000CB4B0022C6F8C400A0336946104616F60BFC00988007009805D540F003000121A0
:2015C00016F694FB01E020F0030094F83A10400809B936F6AFFC009800F0030000906846FC
:2015E00016F6D5FFA0F2E2404042694616F6D7FF97E7684616F6CBFFA0F2E2404042208468
:20160000009801284DD803D101989C2849D803E010B901989C2844D384F83A7041E094F89F
:201620003B10012011B194F8391041B196F83010B9B1A849009A0301F40100CB24003AB11F
:20164000032A0AD021E00099E1B103291AD01CE00978019A8A4215D917E00978019AA1F2C9
:20166000371149428A420DD20FE0009911B1032904D00AE00199022904D906E00199B1F5F0
:201680009A7F02D984F8380001E084F8387000988007684606D516F67EFFA0F2E240404236
:2016A000404201E016F677FF20848D4E307848B1B4F92000B188884202DC4942884201DA47
:2016C000FFF70BFF208C50B120461BF68DFB30B1307808B1687828B920461AF6B1FD30788F
:2016E00000281CD06878012819D194F83800002815D12869A8B1B4F92000B5F904108842CE
:2017000004DD96F90110E868084405E005DA96F90110E868A0EB0100E860208CA880BDE8AB
:20172000FC8116F678FFA96816F619FF28610301F401F0CB2400B4F92000B5F90410EDE7B0
:201740002DE9F04F89B00446644D16F668FF86B2A18C304616F6C8FF65490988884277D38C
:201760001BF694FBDFF884914FF0000830B194F83700FD2807D0FE2839D06AE0B4F9206050
:20178000A4F82080C6E0E18C304616F6ADFF58490978884202D384F83680E684564994F943
:2017A00036000978884264DA544A92F9002090425FDD524B091A1B78994200DD19464EB2A9
:2017C000111A4F4A92F90020914200DA11464AB2B4F92010B14204DC914201DA164600E000
:2017E0000E46891B2184304484F836005BE0B4F92000642802DA10F1640F2ADC424800684A
:20180000000726D52BF6A8F818B32BF686F800B3B4F92000002801DC00F2E24007A916F646
:20182000C6FE07A816F60301F401E0CC2400BBFE2721ADF8081040F27122B0FBF2F102FB52
:201840001100ADF80C008DF80B1002A813F697FBA4F82080002627E00FE099F800004F4663
:2018600070B115F642FC58B920461BF6EAFA38B916F67AF920B12E20A07409B0BDE8F08F12
:201880002449B4F920000E78B04205DC224991F90060B04200DB0646397829B1698819B9F9
:2018A000E88016F6C0FEA860208C801B2084208C98B399F8000010B16888401C68804546FB
:2018C000A4F8228016F6AFFEA084002ED5D01BF6E1FAF0B3002E76DDCDE900567BE014622D
:2018E0002000842C220070622000C8833100852820003CFA21008628200082282000802824
:201900002000812820007E2820007F2820007C2220007C2820007D282000FFE799F803018F
:20192000F401D0CD240000004FF0010AA0B3E869C0B1DFF818B40127E9690AFA07F0014237
:2019400006D038461DF640FFBBF80010A0F800117F1C082FF0D3152000E023E0FD49C8704A
:20196000C5F81C8085F801A016F661FE6861C5F81880AE806888414678B1B5F906100029AC
:2019800000DC404206EB8000401AE86016F64FFEA96816F6F0FD286101E02961E96084F8BA
:2019A00038A090E7002E04DD6946304616F607FE15E002A9704216F602FE0022009502ABD1
:2019C00069461046019516F650FB08E0FFE76FF070400090002016F6E2F9304401906846EE
:2019E00016F6BAFA68461AF6B2FC002016F61DFC99F8000000283FF444AFA57441E72DE940
:201A0000F05F044690F83700D34E4FF00009FE281AD1D14800680301F401C0CE2400800543
:201A200014D51BF62AF8012810D1FFF782FDE069401CE0611BF636FA40B9208C30B1E06915
:201A40000A2803D32E20A074C4F81C9036F63BFD94F837004FF0010AFD281ED11BF60DF819
:201A600001281AD10025DFF8FCB2D046E3F5F7FF6F1C08FA07F210420CD004EB4500018D4E
:201A8000491C89B20185BBF80000814202D9681C22F6FBF9FDB2072DE8D31AF6EEFF01287B
:201AA00079D094F8390038B194F83A0020B994F8380008B122F6FAFBDFF8B08298F800006D
:201AC000C0B394F8380010B194F83A0048B334F6C7F810F0FE0F21D07078F8B9012534F67D
:201AE000BFF80AFA05F7384210D0F06938420DD128461DF66DFEB8F80210A0F8001129465E
:201B00002620EEF58AFAF0693843F0616D1C0301F401B0CF2400082DE5D3F06910B19049EE
:201B20002B20C87098F8000040B17078B8B9204622F676F948B998F8000080B920461BF61A
:201B40008CF960B1A07C2E2809D1208C50B12046FFF706FE98F8000008B984F81290208C7B
:201B600000281CD194F83900002818D120461AF697FF002813D094F83700FE280AD098F810
:201B8000000010B17078002809D02046BDE8F05F1AF616BE7849C1F8009084F81290BDE890
:201BA000F09F2DE9F041804672486E4D0078A8B1E86998B10124694F2646E86906FA04F11A
:201BC000084205D020461DF607FE3988A0F80011641C082CF1D362491520C8703C2140468B
:201BE0001EF6CBFBBDE8F04120215E481BF651BD10B55C4C614820342C2204606049204604
:201C000052F68FF8AFF20301F401A0D02400F7106062AFF26B00A06010BD70B55C495A4CB5
:201C2000097800291CD008300122618C824058481143618490F830002E2590B15649B4F993
:201C400020000978884205DC4042884202DC94F83A000BE0204622F6E7F8002800D0A574EF
:201C600070BD454800780028FAD1208C0028F1D170BD2DE9F041444C01228240618C04EBE4
:201C80004000114361840026C6844148384D2E2790F8300058B13F49B4F920000978884297
:201CA0000ADC4042884207DC94F83A0003E03248007830B9208C20B1204622F6B5F800B132
:201CC000A774687801280BD1E3F5D1FE074633F6CFFF00F0FE004740608C874300D12E707F
:201CE000BDE8F0812DE9F04722F63BF800287BD1E3F5BDFE0646E2F5AFFE054608240301E4
:201D0000F40190D124004FF00108254F07E0204628F676F910B108FA04F08543641C387804
:201D200008308442F3D31B480078F8B10027DFF87490DFF874A011E0384618F618F80400DD
:201D40000BD01AF67CFB40B1E07B30B9606DB0F8CE10B9F8000081424AD87F1C9AF80000D6
:201D60008742E9D31AF67DF9064320E023E08C29200098292000842C2200D483310088284C
:201D800020003CFA2100EC2A2000902820003C040D00146220008428200070622000852870
:201DA0002000DD2220008E2820001D3120001AF655F9054302E01AF654F9C8B9C6B1BDB155
:201DC000BC480078D0B933F657FF10F0FE0F15D001244546B84E33F64FFF05FA04F1084222
:201DE00009D0204633F64BFFC08E3188884202D90020BDE8F0870301F40180D22400641C5A
:201E0000082CECD30120F8E72DE9F84FAD4CDFF8B4824FF0000994F837000090A74800786A
:201E200030B920461AF60FFB10B120461AF62CFDA6484FF0000B90F8300008B1FE200AE028
:201E400022F6A1F9002824D1A149086930B12084FD20C1F810B084F8370055E0FFF74AFF16
:201E600020B1FF264FF6FF77082543E09348007800280ED020461AF6E6FA10B120461AF67B
:201E800003FDA8F802B088F801B084F837B088F800B0BDE8F88FE3F5EFFD0146012000FADA
:201EA00005FA11EA0A0F03D0284628F6ADF850B188480078E8B1E81F18F60CFAC8B14FF056
:201EC00001092E461BE033F6DBFE10EA0A0F0AD0284633F6D8FEC08EB8420AD24FF00109C0
:201EE0002E46074605E0A7F57F40FF3801D10301F40170D3240081462E466D1C784800787C
:201F000008308542CBD3FF2E3FD0F61F84F837600121E1741920207484F812B084F80FB003
:201F200084F80EB084F838B084F83AB094F837006C4D5E46FD2832D084F83910FE282ED06D
:201F4000FD282CD05F4F3978C1B10099884210D020461AF67CFA10B120461AF699FCA8F8F4
:201F6000026088F8016084F83B9088F80060387820B120461AF66BFA00288ED1204629681D
:201F8000BDE8F84F03221AF655BB5648807D002883D0BDE8F84F1321322014F6D3BD204688
:201FA0002968BDE8F84F03221AF669BB2DE9F0434448454E464C007887B0002863D060786F
:201FC000012860D1304621F63BFF00285BD0A5696FF001094D4501DD022D40DBE3F553FD34
:201FE000074633F651FE0301F40160D4240000F0FE004FF00008874207D02078002846D11F
:20200000A6F822800120207001E084F80080022D04DB0220CDE90080AD1E0AE04D4508DC61
:202020006FF070400090FE2015F6D5FE801EAD1C0190A6F82280684615F6AAFF68461AF6AD
:20204000A2F904AA02A9002016F6A0F8A069002805DA039A0599511A01F00F014518002094
:2020600016F6FFF8A56116F6FEFA0546E06888B12846616916F69BFAE1684143206991FBCC
:20208000F0F0002803D0A1690844C4E9055007B0BDE8F0836561FAE770B50E4D012484402E
:2020A000E96921420ED01DF6ABFB11490988A0F80011E869A043E861002802D10E4915203C
:2020C000C87070BDE869F7E700003CFA21008C28200014622000842C2200706220000301E3
:2020E000F40150D52400E0AE200084282000DD22200090282000C05F20008C29200098295C
:2021000020002DE9FF47002704463E461AF6BDFE002871D015F64CFD00286DD194F836009E
:20212000022869D0594890F8300038B15848007820B935F6CCFEB0F51C7F5DD994F83600DC
:2021400058B9012004F8360FE072A078A4F1360455F6FDF955F624FA0126A07B02A916F630
:202160001AF902984B4D10F0030006D0012807D002280ED0032817D102E0012102980DE09B
:2021800028680399401D814206D20299CDE900100AE00298401C03E00221029815F6D6FD5C
:2021A00000902868401D0190A07B02AB0246694615F67BFF684616F61AFADFF8D880414649
:2021C0006EB18B78CA7898F80B101A440A4482420ED2801A19440301F40140D62400B0FBCB
:2021E000F1F0401C07E08A7898F80B101144814202D8B0FBF1F0C7B200254FF002092AE09E
:202200003EE094F8380004F12C0139F6F2FE801CC0B240F0800122484CF62BF946B198F885
:20222000021098F803000844BAF536F8002603E098F80200BAF530F820463AF621F894F823
:2022400038004E2805D984F83690204604F613FE03E06D1CEDB2BD42D3D394F84000401C67
:20226000C0B284F840004E280AD994F83600012806D184F83690204604F6FDFD3AF6EEF863
:20228000BDE8FF87094907482C220860084951F664BD70622000AC20200048332000062262
:2022A000200004016000D02C2200243A200018130D002DE9F04704462D48016811B18847BF
:2022C000002844D12B4E3068002840D094F80301F40130D724007C00294FDFF8A4804FF09A
:2022E000000905283FD027480468001F056835F636FBC5F3C30069031BD5610319D5224942
:202300000C4216D103280AD0042808D00A2809D00B2807D00E2805D00F2803D009E0C4F3B5
:20232000441004E0C4F34C10F02800D3F0203168C8803068D8F8082041460260B8F80C2021
:202340008280C088002898F8170006D040F00200C87503203870BDE8F08720F00200C875E9
:2023600087F80090F7E798F8171021F0020188F81710F5E70000683A2000643A2000613A07
:20238000200034AC20002C8B31001100400070B505460E46002490F8A8001DF651FA002846
:2023A00007D0FE490968C90404D5807E012800D8002070BD0068D0B1018A8268C1EB12413F
:2023C000002901DD02240301F40120D8240000E00124006810B1641CE4B2FAE7E87B01280A
:2023E00002D0012C06D006E0012E04D11CB1641EE4B200E00024204670BD01460020C97BF7
:20240000012908D14FF4CA010A6FD20703D0096EC90700D0012070474FF4CA00416EE248B1
:202420004160C1F30330C1F3006118B10E2801D8012901D00020704701207047DC480068F1
:2024400020B1DB49097809B1406A004700207047D948007810B1D84800787047D348406818
:20246000C0F303307047002100280CDAC0F1000040B2A0F10A004FF0050190FBF1F0C1B22E
:202480000F2900D90F21CD4A01F00F01506820F4F00040EAC14050607047027C0021012ACB
:2024A0000CD1C27B52B9C64AD0F8F4001268104204D0C44A1268104200D00121084603016D
:2024C000F40110D9240070472DE9F0410027C04E0446012A02D0022A05D049E0102947D105
:2024E000BD48306044E0B74D142906D0012911D0102917D0162934D03AE0B7480068800598
:2025000036D5B648007898B3286820F47C1040F4B01005E0807C61282AD3286840F4800020
:20252000286025E0A06A18B350203060AD480088411E08421CD02868C0F3C050C0B9E08EED
:202540003F21B1EB500F13D916F6A1F8A16916F642F83168891E88420AD3286840F4000094
:20256000DEE744B190F9C2017F2804D020F67EFA3846BDE8F0810020F8E738B505469948A0
:202580000C4600EB440069460088009028462BF630FB009904292AD08B4A012C02D0022C77
:2025A00003D006E0A87C612803D3106840F4800002E0106820F40301F40100DA24008000CE
:2025C00010608B48007840B1012C06D1A87C3F2803D3106840F480001060106801F03F01A5
:2025E00020F0706020F47C1040EA01408249106008605068486038BD2DE9F8430446734D9D
:202600000020009028687F27C0F30540884605286AD094B194F90B6194F8A8001CF697F993
:2026200018B1002131F6B7FF0746304620F622FA22463146384620F699FA6C4901EB4800EF
:2026400069460088009020462BF6D7FA0098042845D1A07C612803D3286840F4800028603A
:2026600020462BF6E2FA06462046FFF71EFFF8B194F8A8001DF6F0F80746286840F080507D
:20268000286016B940F0005028608FB1386878B1A07B16F626F83968C96821F0704115F6EE
:2026A0009EFF55498A68904203D3087803E00301F401F0DA2400064603E0524800788642F2
:2026C000F9D30F2E00D90F26286806F00F0120F0706040EA0160009920F47C1001F03F0178
:2026E00040EA0140286045482968016069684160BDE8F883014600208978022904D14FF42B
:20270000CA01496E2F4A516070472DE9F0473C484FF4CA088778D8F81450D8F818604FF0B6
:20272000FF39B0023BD5A80239D54FF40011C8F81410D8F85040E00701D0C8F8E090A007C0
:2027400025D5D8F8E400C8F8E490D8F8641000224FF61063184200D001222B4BDB69DB0691
:2027600003D5830601D542F0020210F4700F05D0274BC1F3035142F004021970C00101D5C2
:2027800042F020021AB10221002020F67FFCE00301D5C8F82091A00301D5C8F824917004BA
:2027A00007D5680405D50301F401E0DB24004FF48041C8F8141020F625FC7F1E2ED0D8F895
:2027C0001450354229E03C2A20000821200054212000182A200001F9210000F921001021E9
:2027E0002000F027200010F92100EC202000FFFF0F00E0302000D530200052282000FC2A0A
:202800002000B72020006001650044FA21001B2A200051222000AF20200086D1BDE8F08722
:202820002DE9F04780460F460026FE4D68780028F4D0032F21D0404619F6E0FEFB490F28E2
:202840000A68FA49C2F3054451D020DC01282ED00628E3D198F85A00C0EB001303EB801079
:2028600011EB800002D0B0F8D200C6B298F86C00E968884249DB03244CE0EE49ED480A68AC
:2028800002654A6842650989A0F85810C6E7102821D01628C2D1D8F8540008B1008F0301CF
:2028A000F401D0DC2400C6B2C2F34170012832D0022832D032E098F8A8001CF654F810B1B5
:2028C000B0F86400C6B2022C07D0032C05D0192C03D00D2C01D00E2C20D101241EE0D8F82B
:2028E000280090F8A8001CF63EF800289AD0B0F86400C6B212E098F85A00C0EB001202EB9C
:20290000801011EB800002D0B0F8D200C6B2022404E0192402E0642400E06524002E81D04E
:20292000DFF81893002519F83500B04223D109EBC5004078A0421ED127B1012F08D0022F71
:202940000CD01CE009EBC5004188491C418016E009EBC5008188491C818010E015F6A7FE39
:20296000D8F8181015F647FE09EBC501CA88824205D2C88003E06D1CEDB20A2DD3D30A2D01
:2029800088D10020494611F8302022B1401CC0B20A28F8D346E70301F401C0DD240001F858
:2029A000306009EBC0000121447037B1012F06D0022FF3D10021C18038E7418036E78180BA
:2029C00034E72DE9F041A049087808B1401E08709F4C984E2068401C20607178002571B138
:2029E00028280CD9B0FBF1F201FB120038B903210020FFF71DFFF07860B100F090FA9448F0
:202A000027684FF4CA040078B7FBF0F100FB117048B124E08B48502105654565A0F85850FA
:202A20001DF6E7FCEBE78B4E06EB4002517899B1491E11F0FF0151700ED1616EC1F30333EE
:202A4000C1F3001131B116F81010994202D10521517001E006F81050401C0328E4D37E48C9
:202A6000017891B1032F10D10570206E7C490860606E48607B49C969C90606D5800604D5E3
:202A800002221146002020F60DFB6069A1690301F401B0DE2400084210D01DF6E3FC044699
:202AA0007348016829B17248007810B1896901B188472046BDE8F0411DF6D8BC71E570B554
:202AC000054619F6A7FD044601281CD195F8A8001BF651FF002856D000686649C0EBC00032
:202AE00001EB001070380ED0817C41F010018174D5F8A41039B195F82111022903D0C17CBB
:202B000041F00101C174284600F08AF9132C3AD05A48006840021BD52BF644FA28B1062C7D
:202B200003D156480078022812D02BF63BFA08B1102C16D02BF636FA28B30F2C23D0062CE2
:202B400021D0082C1FD00A2C1DD0162C12D015E000202BF65EF914F601FB284619F6D5FC39
:202B600011E000202BF655F914F6F8FA28461AF6DBFA08E04349012081F83A0000202BF6FD
:202B800048F914F6CFFE0301F401A0DF2400012070BD70B53E480025012405703D485021D3
:202BA00005703C48047244722A481DF62AFC25483A494570502008601FF64AFF3848C16EBB
:202BC00021F44071C16640F8C44CC16F41F08071C16726484068C0F30010002803D0BDE8CD
:202BE000704020F6B1BB70BD70B5044621480D464FF00306C06980011CD520462CF6DFFF02
:202C0000012817D1E07B012814D1608C062811D194F86C0001280DD194F86D00052809D13F
:202C200013484068C0F3033121B1002184F8731084F86D6020462CF6C2FFA0B32E601848E5
:202C400090F8300030E044FA210010212000BC6F2000FC2C2200F8272000B1202000E8202F
:202C60002000AD202000F0202000AE202000082120005122200054212000182A2000030152
:202C8000F40190E0240098222200B4803100E02C2000E051200000F9210001F92100622B2B
:202CA0002000EC202000040165007062200011E000280ED04748007800280AD14648006875
:202CC000002806D01FF60BFC4449086840F00050086070BD19202860B5E770B5806C002832
:202CE0003DD090F90B017F2839D03C493E4B01240A79521C02F00F020A71394991F9005084
:202D00001988A84204DA384D95F90050A84204DA04FA02F08143198003E004FA02F00843B4
:202D200018801888B9F5BDFA31490A7822B1042805D80020087002E0082800D30C70264AB5
:202D40001068C0F30543192B09D10978012906D1284940F48000106008605068486070BDD6
:202D600010B5017C01290DD1234AD0F8F4101268114207D021490301F40180E124000968D3
:202D800031B190F8A8002DF624F908B1002010BD012010BD1C49182008701B481C49006808
:202DA00088B1AFF203220260AFF699028A64AFF26F628261AFF615124262AFF285720261C4
:202DC000AFF2FF72C260AFF29D60114A1060AFF2FB20C1F8C80070470000AC202000EC2C5E
:202DE00020001021200044FA2100B5202000BC202000B6202000B420200060016500F0274B
:202E00002000F82C2000AD20200054212000005A2000C020200010B5007B5B49C006000E9A
:202E20005B4C087002D00120207010BD502158481DF6EFFA0020F7E770B5064653480024E8
:202E4000007800283ED0304619F6F0FB52490F280A685149C2F3054535D017DC012824D062
:202E600006282FD196F85A00C0EB001202EB0301F40170E22400801011EB800002D0B0F89D
:202E8000D200C4B2484996F86C00096888422BDB03252EE0102812D0162817D1706D08B112
:202EA000008FC4B2C2F3417001281FD002281FD01FE096F8A80005E0B0F8640012E0B06A44
:202EC00090F8A8001BF667FD0028F5D170BD96F85A00C0EB001202EB801011EB8000F5D0CF
:202EE000B0F8D200C4B204E0192502E0642500E06525002CEAD02849002011F83020A24237
:202F00000AD101EBC0025278AA4205D101EBC00253885B1C538003E0401CC0B20A28ECD327
:202F20000A28D3D1002011F8302022B1401CC0B20A28F8D370BD01F8304001EBC000012140
:202F40004570418070BD70B51248007800281ED05122FF215320B4F536F9040017D07A205E
:202F600004F10805A0720301F40160E324001DF68DFA064650220A49E81C1EF636FC502177
:202F800008481DF64EFA30461DF684FA2046BDE87040B3F5FCBF70BD000045FA210047FA93
:202FA0002100FC2C220010212000BC6F200050FA210010B54FF4C0030021C3F8C813C3F862
:202FC000CC13A84900220C78C3F8D0434C78C3F8D0438C78C91CC3F8D04328B10C78824243
:202FE00004D944F0800403E00C7801E004F07F04C3F8D043491C521C5A2AE4D310BD10B50F
:20300000FFF74CFA994A1168814213D00E2806D0431E0D2B05D200EB8001C91D05E054214A
:2030200003E0002906D0002108461060BDE810400846BEE710BD10B51DF628FA8C4A002129
:203040000446116089484FF0FF010160FFF7D7FF2046BDE810401DF61DBAD0E72DE9030162
:20306000F40150E42400F04184480468002C58D02068002855D04FF445167068804F804D5F
:2030800080054FF0000803D4E07B51F69EFBF0B17D48C07D18B1217C5B2013F69BFDE07BD2
:2030A00008B901203870204619F6CEFA2068C16839B1406928B92868401C2860E07D401CF7
:2030C000E0754FF4007070600120BDE8F081E07B18B902212046FFF7C7FB464687F80080E9
:2030E00015F605FBA0612068C168D1B14069C0B9E07BB0B920462AF6AEFE08B1634800E035
:203100006348E17D0078401C884205D12868401C491C2860E17504E05E480168491C01604A
:20312000E6750020D1E72DE9F04104465A4800780228CAD1594E594F707A385C28B12046E0
:20314000BDE8F04100212AF693BEE57B012DBCD102212046FFF70301F40140E5240088FBA8
:20316000707A385C00B19DB1012DB2D12068C1680029AED040690028ABD14FF4451040683C
:203180008005A6D420462AF66AFE38B1414806E02046BDE8F0410121FFF76ABB3E48E17D8D
:2031A0000078401C884206D138480268521C491C0260E1758DE738480168491C01600020E2
:2031C000E07515F698FAA06183E72DE9F0410E460546002419F63AFA0746304800780028E0
:2031E00047D0002D45D028462AF6FDFE38B92E48007800283DD114F622FA002839D0012F51
:203200000CD195F8A8001BF6D2FB002831D000682749C0EBC00001EB0014703CEA7B012E12
:203220000FD0002E25D1012A1DD0002A21D101212846FFF71DFB00212846BDE8F0412AF634
:203240001BBE22B91CB1A07C20F01000A0740301F40130E624001848006880020DD4012A14
:203260000BD101212846FFF707FB0121E8E7002C03D0A07C20F01000A0742EE70000088D00
:203280000C0054FA210004016000482A2000302A2000542A2000C05F2000382A2000392A80
:2032A0002000502A2000312A2000185F200057030D00362A2000982222003C2A2000FE49B2
:2032C000096801F03F014177FC4954310968C1F303314175072901D910394175F749383901
:2032E0000968C1F3850181771F2901D94039817770472DE9FF5F0546F14891461C4600268A
:203300008078B8F65EFCDFF8B8E38246EE4FBEF9000010F0FF0F01D0001201E00E9840B215
:203320008346E948007801E0761C76B206EB860101EBC60137F91110A14201DC8642F3DBAE
:20334000E349761E70B20301F40120E72400495D494507D8182905D2032604214FF00708A0
:20336000082210E0DD49495D182907D2494505D9052606214FF00B080C2204E001260221E1
:203380004FF009080A2200EB800303EBC00307EB430037F913C030F91660A4EB0C0C002EE6
:2033A00006FB0CF601DA761F00E0761D4FF00A0C96FBFCF630F9111037F9133001EBC10CD9
:2033C0000CEB011106EB810130F91860A4EB0303002E4FF47A7C06FB03F602DAA6F5FA76F3
:2033E00001E006F5FA7696FBFCF330F912000E9A1844A2EB0B024243B948006800F00F003B
:2034000004282FD0B74B13F90A0000EBC00303EB001002EB800209F10200C3B225B3AA4C0F
:20342000C0B204EB4000012D21D0022D22D0B0F86030B0F93000C3F307235BB2184403014D
:20344000F40110E82400642300FB0311019804B000EBC00303EB0010C1EB8000801A32389C
:20346000642190FBF1F000B2BDE8F09FA04BCEE73EF91300E7E7B0F93000E4E7B0F8600011
:203480003EF9133040B21844DDE710B5994CA0B1411C07D0811C08D0017C012908D016293E
:2034A00008D00AE0934C2C3407E0914C583404E0C03001E000F5E47004463CB1207828B90D
:2034C0002C2120461CF6C1FF5A202070204610BD2DE9F34F83B080464FF0000B40F2F64A1D
:2034E0005E460498FFF7D1FF0446C07932380090207F00F07F00801E80B201902089B8F188
:20350000000FC0F3042702D02069C0F304276089C0F30D0000F08FFDA0F668304FF2D3011D
:20352000484380128030051215F5027F02DAB8F1000F07D0DFF80301F40100E924009CC177
:20354000BCF9001011F0FF0F03D013E04FF4FE40BBE0A7F10B00627FA37F00EB400040B2F2
:203560001A441044627D101A00EB800005EB40000FFA80FAA089C0F34012604890F88F0085
:2035800040B1032806D0012806D0042804D0052802D010E07AB10DE060884FF0010B4FEAC7
:2035A00010304FEAC07012B120B1032603E010B1022600E00126E14611F0FF0F07D03A4645
:2035C00029463046019BFFF7A0FE064600E05646B8F1000F16D1207D410604D5803800EB0F
:2035E0008000400000B2401B1E303C2190FBF1F000B2042826D0032826D0022826D00020B2
:20360000304406B25FEA0B00DFF8F8A04FF00A0B10D0701F90FBFBF29AF901309A4206DA00
:203620006D1F95FBFBF19AF90000814202DB0301F401F0E9240006F2EC4636B240F2F640DF
:2036400086420CDCB8F1000F06D009E0F020DBE7B420D9E77820D7E72D498E4200DA06461B
:203660002AF69DFA012826D194F824004FF4877100BB1948001F0068264B264DC0044FF4FA
:20368000C8024ED49AF8030087424AD3234BE08C1B8898420AD1B9F8920004E02B889842DD
:2036A00046D1B9F86200301A06B204E0D2F81421904200D00E4696FBFBF0000200B2E08273
:2036C0000499891C02D00499491C03D1144909880844E08205B0BDE8F08FE40641004123FC
:2036E0002000902F22005E302200D4FC2100D9FC2100D5FC2100C0076000FBFC2100F5FC10
:2037000021000C2F2200185F2000BCFC21000AFBFFFF80FB210082FB210084FB210080F767
:203720002100E08C1B880301F401E0EA24009842B8D1B9F83200BAE7D2F81021BCE70246A5
:20374000401A8A4201D200F59C7070470146002041F24102114200D0012042F2820211428C
:2037600001D040F0020044F20412114201D040F00400714A114201D040F00800704A11427E
:2037800001D040F010006E4A114201D040F020006D4A114201D040F040006B4A114201D0C8
:2037A00040F080006A4A114201D040F48070684A114201D040F40070002901DA40F48060CB
:2037C00070472DE9F84F634F804600240D462646B868FFF7BBFFB880A81C04D0B8F1000F22
:2037E00004D0601E03E06FF0010000E02846FFF758FE05462AF6D7F9002861D057494868B6
:2038000008680090B868DFF85481820503D0D8F80020C2F30904DFF848C1DFF848B103011C
:20382000F401D0EB240010EA0C0F05D0DBF80020C2F3090244EA82244E4ADFF838A11042A9
:2038400005D0DAF80030C3F3090344EA0354DFF82891830F03D0D9F8003044EA83740440EB
:203860004048416800680099FFF76DFF0146B8682246830503D0D8F80030C3F309043A4B42
:20388000184205D0DBF80030C3F3090344EA8324384B184205D0DAF80030C3F3090344EABB
:2038A0000354830F03D0D9F8003044EA83740440A24200D001260A29D2D385F824601EB957
:2038C0002046FFF747FFE8842D482D498078E871086828814FF4C000D0F8040128770868A6
:2038E000294A00F07F002875D2F8F002C0F3C010A87125480068254928610868C0F30E00F4
:2039000040F4004008600868C0F30E006881086020480068A8810301F401C0EC2400D06F48
:2039200068801E48008810F0FF0F07D1B878012804D12846FFF7DFFC0020B870174824385B
:203940000068E8812846BDE8F88F0882000110040102200802040000040800000810000008
:2039600050200000A040BCFC2100848031005004640000FC0F00540464000000F03F5804DF
:2039800064005C04640041232000EC054100F400410034044100E806410098074100902FCD
:2039A0002200F0B5DFF8A4E539B101292AD002294ED0032976D00020F0BD00210B460EEBDF
:2039C0004104091D2688628806F0070502F00707C6F3C40606EB4716C2F3C017A48805EB69
:2039E000C605C2F3801205EBC725C4F3400405EB023202EB443200EB83045B1C2260602963
:203A0000DDDB79E000210B460EEB4104091D0301F401B0ED24002288160A628806F007054F
:203A2000120A02F00707F60806EB4716A488D70905EBC605240AC2F3801205EBC725C4F34F
:203A4000400405EB023202EB443200EB83045B1C22606029DCDB53E000210C460EEB41030D
:203A6000091D9A885D88DB88C2F3421703F0030607EBC606C5F3C20506EB4515C2F3820CE1
:203A8000C3F3C0060CEBC505C3F3800305EBC625C2F3400205EB033303EB423200EB8403E4
:203AA000641C1A606029D9DB2AE0FFE700210C460EEB4103091D5A88150A9A88DB88120A67
:203AC0001B0A570903F0030607EBC606C5F3C20506EB4515C2F3820CC3F3C0060CEBC5055D
:203AE000C3F3800305EBC625C2F3400205EB033303EB423200EB8403641C1A606029D7DB8C
:203B00000120F0BD10B50301F401A0EE240098B0014600246846FFF74CFF684601E0641CB6
:203B2000E4B250F82410490BC90701D0182CF6D3204618B010BD10B598B001460024684650
:203B4000FFF737FF684601E0641CE4B200EB840250F824105268C1F30031C2F3003291424E
:203B600001D1172CF0D3641CE0B2E2E72DE9F04F002095B00546064681461090F848DFF8C3
:203B8000E0834FF00D0B007800286CD001200DF1440C38F91040002264B908EB40014B8859
:203BA00043B98B8813F0FF0F04D1031D672B04D2098911B1761C76B201220021DFF8A0E3DC
:203BC000C71C0B460EF10A0E4FFA87FA13E01EF80170A74209D1012812D00CF805A00CEBE8
:203BE00005036D1C19726DB20123491CC9B2082903D2012B01D0012AE9D0012804D003019E
:203C0000F40190EF240004E04A230CF80530EAE74720001DC0B26728BFD3B54236D100207C
:203C2000434620E00CEB0001D14A91F90810CD4F32F811201237D4B21CF900207F5C4A2A7C
:203C400067F31F2423F812400AD0C64C03EB42021A34615632F8024D61F31F24148000E0B3
:203C60008946401CC0B2B042DCDB012010904021684619F696FD0024012138F911004F288D
:203C800006DA08EB4100408820B901E00220EDE7012931D16A46002002EBC402012903D0EC
:203CA0000F1838F8173003E028B1032807D2002322F8103017E0B8F80230138013E0B8F81A
:203CC000943022F81030B5420DD166B1A64B02EB400C1A3313F80930DFB23CF8023C67F3C2
:203CE0001F232CF8023C401CC0B20428D6D3012900D14721641C0301F40180F02400E4B277
:203D0000091DC9B26729BCD30022A4F1010921E0551C1346E9B26E4608E036F9310036F991
:203D20003370B84200DA0B46491CC9B2A142F4D3002006EBC30106EBC20231F8106032F8E4
:203D4000103022F8106021F81030401CC0B20428F3D3EAB24A45DBDB00215BE0854D01EB85
:203D6000810202EBC102CE353DF931E06B4625F812E04FF0010C604605EB420203EBC1032E
:203D8000494524D003EB400533F810802F894FFA88F67DB2BA46AD1B4FF47A76B3F90870E6
:203DA0007543A7EB0E0695FBF6F5CAF30727C8F307287FB24FFA88F8A7EB08074FF47A7885
:203DC00007FB08F797FBF6F62DB237B201E000252F4633F8108022F81C500CF1010C0CF0DA
:203DE000FF054FFA88F622F815606D1CEDB20301F40170F12400C8F3072822F815706D1CB1
:203E0000EDB24FFA88F822F815806D1C401CC0B205F0FF0C0428B7D3491CC9B2A142A1D347
:203E2000564BCE33188828B3641CE4B2214613E001EB810202EBC102002003EB420207E09D
:203E400002EB400535F81A5C22F81050401CC0B25845F5D3491EC9B20029E9D119805980A9
:203E6000022005E0C2071CD023F81010401CC0B25845F7D3404E0025B61C371D2846FFF7D9
:203E800066FE70552846FFF74DFE78556D1CEDB2042DF3D338484470109815B0C0B2BDE8A6
:203EA000F08F03EB4002528B23F81020DEE72DE9FF4F304A0020014612780346002A54D000
:203EC000DFF8B89001206D4609EB4002B2F90280B8F1000F01D05B1C5BB20022DFF898A04E
:203EE000C71C14460AF10301F40160F224000A0A4FF04A0B4FFA87FC15E039F910601AF8FE
:203F00000270B61EB74208D101281CD005F801C06C18491C227249B20124521CD2B2082AF5
:203F200004D2012C02D0B8F1000FE6D1001DC0B23B28CDD399421ED1DFF84CC000204E464A
:203F40000CF1100712E005F801B0E1E7291891F908202956401C3CF8124026F8114006EB31
:203F6000410137F8122021F8022CC0B29842EDDB012004B097E70220FBE7380B2000D3FCBA
:203F80002100902F220048312200474AFF2802DC32F810007047FF2190FBF1F1642358434E
:203FA000C1EB012390FBF3F0B2F8C83032F8100032F81110C01AB2F8FE3119440844704789
:203FC0002DE9F0433A49884202DA3949884200DC084600F5DC4000B24FF4206190FB0301E3
:203FE000F40150F32400F1F401FB140C0021DFF8CC904FF47A700B224FF0010808FA02F377
:2040000013EA0C0F0ED0C2F10B0559F82530A3FB0067DD1705FB007003FB0101700B40EA33
:20402000C140490B521E52B2002AE7DA08E00A22A0FB023601FB0261002500FB05111846F2
:20404000641EF4D2BDE8F0834FF47A7210B5821A71F1000202D24FF47A700021194C06E09F
:2040600004F5206424B20A2200231EF60AFA42F21072821A71F10002F2D2FFF78AFF00EBA2
:204080008000400242F2107190FBF1F02044A0F5DC4000B210BD0021420801E0491C52089E
:2040A000002AFBD10A02C1F12001884042EA1060704718110D0000F6FFFF0089FFFF04FD5E
:2040C000210000E2FFFF70B5FC4E00EB800506EBC504282120460301F40140F4240019F637
:2040E00074FB002006F83500F748006A28B1F648007810B9012006F83500F448006841784C
:20410000090602D590F82C0000E0007FA07070BD10B54FF41671EA4819F657FBBDE8104052
:204120004FF4A071EB4819F650BBF8B504460020E74D0E468DF800000346024669462868EA
:20414000B9F61DFD020007D0286800EB8600D0F88010491C012015E00020F8BD91F900305A
:20416000A3420CDA0A7811F8011CA21A091B49B252B2002900DA00218A4205DCF8BD491C02
:20418000401CC0B29042E9D9401EC0B2F8BD2DE9F34F81B0002500F00708C708AA468DF847
:2041A0000050029819F6E6FE0298C54900EB800001EBC004C448006A00287DD094F82400C4
:2041C000C34930B1C44A127820FA02F0C0070301F40130F5240004D104E00868407800065E
:2041E00000D50225607800287DD0086889464078000678D4002D76D1BA4EB8F1010F08D020
:204200004FF0020BB8F1020F38D0B8F1040F6AD16CE0A0782946C01B40B2A070FFF789FF6B
:20422000E070D9F80010002308441A46007FA0706946D9F80000B9F6A6FCE17881420ED222
:20424000A178012000EB8100C1B20298F2F784FC7068007BA0B394F90210012041E0A078A3
:20426000032101EB8000C1B20298F2F775FC7068007B28B394F90210082032E0A0782946B9
:20428000384440B2A070FFF754FFE178814203D111B1491EE17000E0E070E178D9F8000093
:2042A000084490F91C00A07079B1012101EB8000C1B20298F2F750FC7068007B00B100E01F
:2042C00011E094F902100301F40120F6240002200BE00BEB8000C1B20298F2F741FC70688D
:2042E000007B20B194F902100420F2F70BFAE078BDE8FE8F84F803A0D9F80000007FA070B8
:20430000E7E700F0030200F0FC0040B2831001EB81006F4901EBC00000214371C27101721D
:204320004174816101747049496891F90D3049894B4343812AB1012A05D001209040C0B2DE
:2043400070470020704780790128FBD00220704770B50D46044619F615FE02464FF4461341
:204360001DB10020C3F8040370BD594804EB840100EBC100817882F8DF10D3F8041321F04A
:20438000FF01C3F804135849C078088070BD00B585B02D23ADF8003000238DF802308DF84F
:2043A000030002918DF80420684610F698FE05B000BD70B5474C01EB810304EBC304030120
:2043C000F40110F724000125A071D2B201280CD0022812D004281AD1E079022817D0207AD6
:2043E000002814D1002204200EE0E07903280ED0207A00280BD1012006E0E079022806D01C
:20440000207A002803D10220FFF7C5FF257270BD00B585B02D22ADF800208DF80D000122B3
:204420008DF802208DF80E10684610F65CFEC2E72DE9F047294B01EB810103EBC104294F21
:2044400094F824104FF0000531B1284B1B7821FA03F1C90704D104E039684978090600D592
:204460000225234E4FF01C084FF00009012804D002281BD0042845D14CE0A0782946801A58
:2044800040B2A070FFF75DFEE0703968014408EBC5000956A170E07807287068007B02D2BD
:2044A00048B301202CE030B3082029E0E07810B3A078294610440301F40100F8240040B2C3
:2044C000A070FFF742FEE0703968014408EBC5000956A170E07898B17068007B78B10220F9
:2044E00012E068312200D852200064F721007CFD2100E833220057FD210044FD210005E0B6
:204500007068007B10B10420FFF786FFC4F81090C4F81490C4F81890BDE8F087E07800282C
:20452000F4D084F80390386808EBC5014156A170E6E77C49496891F90020824201DA0120FA
:20454000704791F90220824201DD0320704791F90110814201DD02207047002070477248D6
:2045600073490068096890F83C0000F07F0001F07F01814201D101207047002070472DE9A8
:20458000F0410546884601EB88006949164601EBC004404619F6FEFCFFF7E1FF624F30B1A8
:2045A000E069401CE061B868401CB86005E00301F401F0F82400206A401C2062F868401C73
:2045C000F86094F91200002817DA7A6860692902937B40FA03F3C01A6061927B1141084471
:2045E000606100126FF07F01884204DB7F2801DD7F2100E041B2A17400E0A574207A002898
:2046000005D1B4F90A00002803DD401E6081BDE8F08160780028FAD020780028F7D04748D0
:20462000006A0028F3D094F91200FFF786FF0500207C12D0FF2801D2401C2074607C36B3D9
:20464000FE2801D2801C6074A0694FF6FE71884207DA310605D5801C04E00028EED0401EB4
:20466000EBE7401EA061786890F9002090F90110C078521A02EBD27201EB62014EB2217C25
:2046800081421DD9022D0FD0032D19D106E008B1401E6074A0690028E3DCE4E7607878B1AC
:2046A0000022414604200301F401E0F9240009E0A07C301A42B2202A00DB1F22607818B1ED
:2046C00041460220FFF785FE7868617CC27891420CD90078A17C401A42B2202A00DB1F22C0
:2046E000607818B141460220FFF773FE7968207CC978B0EB410F8ED9012D8CD1A07C801BB7
:2047000042B2202A00DB1F226078002883D04146BDE8F04101205CE60A4900EB800001EB82
:20472000C000012141707047064900EB800001EBC0004078704744FD21007CFD2100080155
:20474000640068312200D85220002DE9F0471546FF4CFD4ADFF8FC8326681660A48894801C
:20476000002651B1012908D0FB4F386878B351F639F900244FF480593DE001249471D571B4
:204780001372092353730D239373D67368B1F24800789072B8F80000A2F80B00A9B10301A3
:2047A000F401D0FA24005672EF480078012813D01BE041B1ED48567200789072EC48008873
:2047C000A2F80B00F0E7EA48547200789072E948F5E75472E8E716E004201072E748007806
:2047E0009072E6480088A2F80B00BDE8F047D848DEF513BA386830B10120B7F5E9FD204626
:20480000641C4845F6DBE80709D1DD480671B8F800104171C571BDE8F047B7F6C9BCBDE8FA
:20482000F08770B50546D7480021D74CC0E90A11A86840F2E246012802D0022822D04AE0BF
:204840000120DFF567FB002012F6EEFE3046B7F5BFFDC448012622780178CC480129037810
:204860000AD001210020FFF774FFC948002106700846B9F61FFF2EE000210846FFF769FF15
:20488000C548F3E70120DFF545FB002012F6CCFE3046B7F59DFD0301F401C0FB2400C0486E
:2048A000017889B1491E0170BF48BF4A0023007800F001011170BD4900F002001A4608707F
:2048C000BC480178442008E0BB48017839B1491E017000231A4621784020B8F604FA28463B
:2048E000BDE8704019F6F7B910B504460C2019F6EFF80100AFF2CB00B04A106108D047F28A
:20490000820048608C60BDE81040AC48FAF528BE10BD10B50220FFF7E7FFA94900200870A9
:20492000A9490870AA49A848086010BD10B5A84800240470A3480078012808D00220FFF72C
:20494000D3FFA048A2490470A048086010BD924901200870BDE81040C6E72DE9F0479948DD
:2049600000240078012873D19A489D4E9B4907789948337809780278994800781D18E8B24F
:204980004FF4C003012F04D08E4F3F78012F0301F401B0FC240035D05EE0954203D83070EB
:2049A000C3F89C0258E03170C3F89C129048914A05788F48012D0178107803D18F4F3D78BF
:2049C000012D02D0884234D319E08C4E8D4D32782D78AA4206D2521CD0B23070C3F8640196
:2049E000012009E0884A3C701278012A07D1884205D8C3F864010020B9F6F9FB2CE0FFF716
:204A000099FF29E0954203D83070C3F8C80223E03170C3F8C8127C487E4A05787C48012DEA
:204A20000178107803D17B4F3D78012D05D0884210D2401CC0B21070DBE7774E784D32782F
:204A40002D78AA42C7D3764A3C701278012A01D18842CED9FFF761FF474D287801283FD104
:204A6000DFF850C1704ADFF8C0A19CF80080DFF8BC91574E584F4F4B50496D48B8F1010F37
:204A800005D093F800C00301F401A0FD2400BCF1010F14D023E091F8008000781278404409
:204AA000904213D98CF8004099F8000008701878012814D13E490870FFF71EFF14E091F83E
:204AC00000C0007812786044904204D8C0B20870CAF8000008E01C7099F800000870022077
:204AE000FFF70AFF3E602C7055488068007C012800D000209FE62DE9F05F51484FF0000A97
:204B00004FF0050B504F504E514D4FF445148146C0F800A008E160683860E1683160D9F8BC
:204B200000100143C9F8001081070BD520F0020038600220606040050021FFF5F4FE1EF6FC
:204B400041FFF1E010F0780F0DD06068286000F0780161604FF4F04101EA00200021FFF5D2
:204B6000E2FE3B4977E07AE00000C02E220088202000A8FC210018CF2000A6FC21000301B5
:204B8000F40190FE2400F0FB21009AFC21009CFC210099FC2100A2FC2100AAFC2100ACFC0E
:204BA000210048CF2000F8532000EEFB2100EFFB2100D5FB2100F1FB2100AEFC2100B1FCA7
:204BC0002100F4FB2100F5FB2100F3FB21009EFC2100DC59200098792000EAFB2100D4FB6E
:204BE0002100258F100074FD2100E6FB21009FFC2100D6FB2100A0FC2100E5FB2100D7FBFE
:204C0000210098FC2100E8FB2100E9FB2100E7FB2100A1FC2100D9FB2100DBFB2100A5FC67
:204C20002100ECFB2100EDFB2100EBFB2100A4FC2100DDFB2100AFFC210018843100F2FBFB
:204C40002100B0FC2100E0512000CCFF21005023200054232000582320002C202000286868
:204C60000968084000E050462860810607D520F0200028601EF60301F40180FF24002BFF88
:204C80002868002858D03868326800F0050102F0070211433ED059463BEA00020DD0C1073C
:204CA00017D020F0010038600120606080020021FFF541FE1EF6BFFE18E020F00500386037
:204CC000616040F201400021FFF535FE1EF6D2FE0CE041070AD520F00400386004206060D1
:204CE00001200021FFF527FE1FF662F83068C1070ED020F001003060E06800F00708C4F808
:204D00000C800E200021FFF516FE40461EF633FE286888B1286810F0180F0DD0C00605D5E8
:204D20001EF67AFF286820F0100004E01EF6CFFF286820F008002860606840067FF4F3AE1E
:204D4000E068C007FAD1D9F80000400702D5BDE8F05F12E6BDE8F09F0000F0B50021DFF8CD
:204D6000F8C3FE4F0B4603EB830400220CEB0301F40170002500840502EB42042C44D5F8C5
:204D80009B60B4F8A040344418B1246847F8214002E057F821602660491C521C052AEBD327
:204DA0005B1C022BE3DBF0BD2DE9F74FEE4C82B05B3C01B11E3401EB8100E94BEB4EDFF8D0
:204DC000ACB3002203EB800A0090E54B02EB8205009F03EBC50303EB0709049B002003EBA6
:204DE000021300EB400C0AEB0C07B7F8A0C0DAF89B700CEB0708029FB7B109EB000797F8DA
:204E00006D7104F8017BDA4F3F786FB161B9C2EB0217DFF850C337440744ACF11F0CAC44F4
:204E200097F8A2700CF80070DBF81470019717F803C009EB000787F86DC1CD4F97F800E069
:204E4000BEF1000F09D041B9DBF81870C2EB021CB4448444FF5C8CF8A270C64FFF78974285
:204E60000DD1BEF1000F0301F4016001250006D029B9C34F3F7817B1DBF8187000E0019FF3
:204E8000FF56C8F80070401C0528AED3521C062A9FD305B0BDE8F08FB54ABA49643A38B111
:204EA000002051F8043B1354401C0928F9DB7047135C41F8043B401C0928F9DB7047B149D2
:204EC000B24A0020135C41F8043B401C0928F9DB70472DE9F05F83460D46AC4C1AF682F8B4
:204EE000A54E10B105211AF6C9F8DFF8A4924FF4461A4FF0010C4FF4C0077062BBF1000F74
:204F00002AD09C4A0020363202F1080804EB40014B791354497D08F80010401C0828F5D3A1
:204F2000706A38B100F19E008178B1710078707186F804C09049B9F8102001F130010A8002
:204F4000B9F812204A80B9F814008880D7F80C01B062DAF80403F062082D4FF00000030146
:204F6000F401500225003ED2804604EB4001401C81F8058081F815800828F6D3706A20B1B3
:204F800080F8A08000682FF69EFBA9F81080A9F81280A9F81480CAF80483C7F80C812A46B5
:204FA00000215846FFF708FF2A4601215846FFF703FFBBF1000F0BD0D7F89C01B060D7F82C
:204FC0006401F060D7F8680130610120FFF768FFF0694057C7F89C01072D0FD8306A40573D
:204FE000C7F8640112E0E04604EB4001401C81F8058081F815800828F6D3BFE7A5F10800A0
:20500000072803D8306A4057C7F86801BDE8F05F59E72DE9F04F574B5B3B00B11E335849C9
:20502000DFF854B1DFF84CE191F80090DFF84C81002200EB800AABF11F0B02EB82040EEB0A
:20504000C40504EB0B07C2EB021400215544444405EB010C1E780301F401400325008CF809
:205060006D61B9F1000F05D020B904EB010C7E5C8CF8A2605B1C491C0529EDD3521C062A37
:20508000DFD30FE770B5454C19F6B4FF052119F6FDFF3C4D05F136026862002002F1080320
:2050A00004EB4001165C4E711E5C401C4E750828F6D3696A69B1287958B101F19E01A879B4
:2050C0008870687908702FF630F80146686A1AF67CFD0020686228712B4831493030028836
:2050E0000A8242884A82808888824FF44611E86AC1F804034FF4C001A86AC1F80C011F498C
:2051000000205B39FFF789FF1D49BDE870403D39012082E72DE9F05FDFF86C800C4698F898
:20512000001000297DD0102C00D30F2498F802101D4F1D4EDFF87890DFF868A0DFF874B075
:205140000125C9B140B198F80300844271D00301F4013004250088F803402146002069E03F
:20516000002088F80200FFF791FF0020FFF709FE1348D8F808108163D8F80C10016020E076
:2051800038E036162000604C22000B192000D0FF2100800920004123200086092000280382
:2051A000600096032200BC1A200010882000403F20007CFD210067FD210074FD2100640171
:2051C0006000D8F8101041604FF00000FFF770FE3868C0B2012830D1306898F80110417015
:2051E00089F80050BAF81400DBF80020BDE8F05F00211047002820D088F802503868C0B2BD
:2052000001280ED13068417888F8011001F03F01417089F80050DBF80020BAF81400002117
:20522000904788F80340012000E006E0FFF7A9FD21460120BDE8F05F57E6BDE8F09F10B59F
:205240001EF65CFAC0B20301F401200525001749052819D001F146024A6160328A6101F264
:205260004632CA6140320A62124A1278012A0AD1052813D0104848616030886100F5A07032
:20528000C8614030086210BD0B4AC03A4A6160328A6102F5F872CA614032E4E70648C030C0
:2052A0004861603088619030C8614030EAE7D0FF210064FD210096012200074910B5002042
:2052C000086006480649064AC06801F1DC0148F6EDFE0449087010BD00000C016000B40E98
:2052E0002000E42220007C33200010B5CB4ACB49CC4848F6DBFECB49087010BDF0B5CA496F
:205300000020CB4C0870C448CB4DCB4EC378C748012BC17C827C23D03BB30246022BD17F4A
:20532000927F27D0B0F92870B0F926003B1A03EBD37300EB630323602970C04932700301B0
:20534000F4011006250080020860BF49C04BBA020A609B68111A5943BE4B891208441860C8
:20536000501ABC490860F0BDB0F91870B0F91600E0E7B0F91C70B0F91A00DBE7B0F92470FB
:20538000B0F92200D6E7B14910B5B0480A781430A44C50F822004860C0F580608860AC4895
:2053A000AE49006800F5007080120860E17867F69CFE64201BF656FA32F66AFBA849086014
:2053C000A548A749006800F5007080120860E17867F68BFE32F65CFBA3490860A34940F6F5
:2053E000FE30086010BD2DE9F84F8D48A04ADFF874A201789B4F02EBC106B43600219A4C39
:205400008E4D0091DAF800002168884202DA206039682960DFF848E22268DEF80010914231
:2054200003DA8D4A216012682A60DFF82CC23A68DCF80030D21A0301F4010007250000D5E2
:205440005242804B1B789A4201D8774C0EE07A4B1A78521CD2B21A707C4B1B789A4213D9FF
:20546000724CE078315C41F001013154E178286867F63FFEE178361D2868885532F60CFB06
:2054800079490860BDE8F88F814232DDDFF8CCB1714BDBF800109A685B684A434FEAA2299B
:2054A0006C4A12685A439312694A11606C4909EB0302D146D1F80080CBF800800A6008F59E
:2054C0000078CEF800004FEAA82002F50072CCF80000554990123860C97867F60AFE32F6BA
:2054E000DBFAC9F80000216888423ADA2060386836E0DFF868B1574ADFF86091DBF800301D
:205500009068984643439812514B52681B6853439A124346DFF83C811044C8F80030D9F838
:205520000030CBF80030C9F8000000F500700301F401F0072500CAF80010801203F500733E
:205540009912CCF8000039603A49F146E046C97867F6D3FD32F6A4FAC9F80000216888421B
:2055600003DA2060D8F800002860009800283FF451AF8BE72DE9F047424C2168002956D05E
:20558000414A117889B340494B68002B4FD00B68002B4CD08B68002B49D0C968002946D0D4
:2055A000244E2E4D91463070002005F10C072870387805F11401F07008686860C0F58060DE
:2055C0008846A8602068006800B180472068406800B1804799F80000002820680AD08068E2
:2055E00000B180472068C0680DE0FFE716490979C907D3E7006900B180472068406900B182
:2056000080472068806900B180472068C06900B180472878401CC0B22870395CF17058F865
:2056200020006860C0F50301F401E00825008060A8600429CAD3BDE8F087E4222000900F34
:20564000200054042200B8332000BC33200070112000E4332000BA332000BB332000CC33A4
:205660002000D8332000C0032200D0332000D4332000DC332000E8332000E0332000EC33F4
:205680002000F0332000D0582000C0332000B9332000349E20007148724902780A6042783C
:2056A0004A6082788A60C278CA6002790A614279CA6282790A63C2794A63027A8A63407AB8
:2056C000C86370476748026867490A7042684A7082688A70C268CA7002690A71C26A4A712C
:2056E000026B8A71426BCA71826B0A72C06B487270475C485B4902780A6042784A608278CB
:205700008A60C278CA6002790A614279CA6282790A63C2794A63027A8A63407AC8630301CC
:20572000F401D009250070472DE9FE4FDC21504818F6A7F8504A17685048D0F80080D0F859
:205740001C90D0F8B8A04D490B6800930B6901934FF4C003D3F828B3D0F89840494E029460
:205760003479E4075CD001240C600C6119464FF00204C1F8284311464FF048030B604FF410
:2057800046124FF0000111604FF448123E4B136611664FF006020260C4614FF00402C0F81F
:2057A000B820C0F898102F48A0F10100007818B1FFF78CFFFFF773FF67F637FC30798007BE
:2057C00002D50224012501E0002405252F490C703079C00704D001204870204667F626FC81
:2057E000641C6D1EF2D167F65AFE1E48401E007808B1FFF782FF2048C0F80080C0F81C90B6
:20580000C0F8B8A01C490F601D49009A0A60019A0A614FF4C0020301F401C00A2500C2F88D
:2058200028B30299C0F898103078C0071AD066F6C5FF3078400702D50224012501E0002402
:205840000525134F4FF000083C703078C00704D087F80180204666F638FF641C6D1EF3D1BE
:2058600067F6EEFABDE8FE4FB8F60CBB0000050422009C026000884C2200D0582000DC0435
:20588000600070006400600165007011200081030FFEE422200070B5132803D0142801D076
:2058A0007F2070BD4FF0FF3529460120FEF711F8044629460020FDF79FFEB4F916000012DC
:2058C00070BD30B512B153001BB200E001230468002901DD20120AE0A51895FBF3F5511AA0
:2058E00091FBF3F1641B2144016080310812404240B230BD00002DE9F0410746C44DC24818
:20590000C44E296801603068C0688047C1B20301F401B00B2500C14829700078800607D534
:20592000C048326800681269C0F3C0009047287031682878496988470446306880698047B4
:20594000E0B2A870A4F132016970B6490A6860F31F220A603068C16920468847022087F8F5
:205960002800BDE8F08170B5AB4CA9490546E078C870AD49A278C879824201D3052007E00B
:2059800001204B7807E00E18B678B24202D2401EE07002E0401C8342F5D8A44EA649306829
:2059A000C0F101003060A2480978007800F00100401CB7F630FE040008D03068002204EB15
:2059C00080000121D0F88C00B7F615FD0021284652F6CBFA0020B6F6D6FE904800788007FF
:2059E00006D50121284652F6C0FA0120B6F6CBFE34B12046B8F638FE00210846B7F6F4FE67
:205A00008848006800070301F401A00C250002D4284648F6A3FD284648F621FD8948017847
:205A2000491C017070BD2DE9F0437E49DFF81C9209788A07844991F800C05CD50022DFF87C
:205A40000C822BE002EB8206002108EB860420E001EB41032344D4F84D70B3F852303B44CE
:205A60001F6806EB08050D4485F8517180B1012A02D995F838510AE052B9D9F80050BCF101
:205A8000000F02D095F8CB5001E095F8AF501D60491C94F851308B42DAD8521C98F84B1049
:205AA0009142CFD8002221E002EB820403EB440702EBC20404EB0214002104EB080310E0DA
:205AC00003EB8104D3F88950B4F88E402C44266807EB4105A5F8606110B1B5F84751256016
:205AE000491C93F88D408C42EAD8521C98F84C1043469142D8D856490968090618D50301E3
:205B0000F401900D2500554D00214C4605EB8102126813686E1886F82C3050B12368BCF178
:205B2000000F0B4402D093F8D03001E093F8B4301360491C0429E9D3BDE8F083F0B53B4859
:205B40000078C1076CD080076AD50021424EDFF8FCC03F4F26E001EB8105002006EB850221
:205B60001BE000EB40031344D2F84D40B3F852300129234404D9AC19044494F851410AE09E
:205B800051B99CF80040002C3C6802D094F8B94001E094F89D401C60401C92F8513083420E
:205BA000DFD8491C96F84B008842D4D800211CE001EB810206EB420501EBC10202EB011207
:205BC000002032440CE002EB8003D2F88940B3F88E30234405EB4004B4F860411C60401C17
:205BE00092F88D308342EED8491C96F84C008842DED8194800680301F401800E2500000699
:205C000012D5184B9CF80040002003EB80010A683968014414B191F8BE1001E091F8A21047
:205C20001160401C0428F0D3F0BD4523200041232000B81A20002C162000F0222000EC037A
:205C400041003616200078FD21001404220057FD21004023200065FD21007CFD21000B198E
:205C600020002803600068FC21002DE9FE4F00270646B94609F61BF800280DD0F179DFF8C7
:205C80003C844FF0010A0AFA01F0D8F80010084204D08143C8F80010BDE8FE8F09F615F835
:205CA000032802D2F17A042904D0022805D2F07A042802D0C8F80090EEE70024DFF804B438
:205CC00029E04FF0FF300290C4EBC400FE49096801EB4005E87AE8B1B5421BD0284608F616
:205CE000E6FFB8B17088A8B1698899B148F60301F401700F25004DF9034602280ED902A9A4
:205D0000CDE9001A4A462946304608F6A0FD0299084301D17F1CFFB2022F05D0641C9BF886
:205D200000008442D1DBBBE7C8F8009008F695FFB6E72DE9F0470346E548DFF88C930025F2
:205D40002C46804699F8002001684AE0C4EBC40601EB4600C77ACFB3C7799F4240D1C4EB78
:205D6000C40201EB4201CD7ADA490988090501D508F6C6FFD8F8000000EB4600C17A042923
:205D800005D1D4490A68904201D100220A6047460E211AF602FC99F800103868491E17E005
:205DA000C1EBC10200EB4202D27A82B1C1EBC10400EB440100EB46000E221BF6D2FD386844
:205DC0000E2100EB44001AF6E8FB03E008E0491EA142E5D800220421104643F6D8FC02E014
:205DE000641C9442B2D30301F40160102500002D09D0052D07D0062D05D0072D03D0BDE877
:205E0000F047EAF5C1BFBDE8F0872DE9FF5F4FF00008DDE90101C1464FF0010B88425CD005
:205E2000C2460E464AE04FF6FF75002727E0A949C7EBC700096801EB4004E07AF0B1207B53
:205E4000E0B1DEB16188C9B10098E279C079824214D04FF0000B304648F69FF8039941B9C0
:205E6000E17A022901D0032903D19D490978884221D240451FD9A84200D205467F1C9448AC
:205E800000788742D3D3BBF1000F00D00225454511D9022D0BD8039800284FF00600B6FB2A
:205EA000F0F100FB116001D008B104E018B1A846B146B54209D00AF1010AB61E8A4909787B
:205EC0008A4502D201988642ADD2B9F1000F04D00099A1F80290BDE8FF9F00990298030174
:205EE000F401501125004880F9E72DE9FF5F4FF000084646DFF8E891DFF8E0A1CDF80C803F
:205F00003DE0D9F80000C6EBC60200EB4207F87AC8B3052832D1801F002402902AE0D9F899
:205F20000000C4EBC40100EB4105E87A30B305281FD06888E8B17988D9B148F632F8834616
:205F400008F6BCFDA8B16988B1FBFBF0401C14280FD8002102A8CDE900015B46394628461A
:205F6000039A08F67CFC20B902984FF001080028B5D0641C9AF800008442D0D3761C9AF807
:205F800000008642BDD3B8F1000FA8D0EAF57CFEA5E770B586B004460126EAF545FA002585
:205FA000206804A909F62AF920B1E069000406D5012504E004A809F60DF900287DD04C48CD
:205FC000007818B1E069000400D5012504208DF80B0001208DF80301F401401225000C0062
:205FE00020688DF80700206819F689FA8DF80800B4F8B000ADF80000B4F8B200ADF80200E0
:2060000094F8B4008DF809002146684608F6CBFDBDF80010C80705D1BDF8020058B1801E0F
:20602000814208DD4FF00000002D6FD1ADF800004FF0020602E00DB1012534E0BDF802008F
:20604000D8B92E48007828B9B4F8AA10B4F8A800814204D1B4F8A800ADF802000BE0B4F8FC
:20606000BC200AB1904200D802460123684609F6B6FABDF80200A4F8B20005A9684609F6B6
:2060800078FA050042D0022D02D0012D09D00AE0BDF80000A4F8B0009DF8090084F8B400B6
:2060A00001E0022E34D00F4E04980E223168C0EBC00001EB400069461BF65FFC0022042110
:2060C00000E023E0204643F66EFBD4F8FC000301F4013013250040011BD504983168C0EB9B
:2060E000C00012E00000983A2000883A2000903A200004212200943A2000853A20008A3A58
:206100002000873A2000893A200001EB4000F5490860284606B070BD0225BDE730B5B1F81F
:20612000AC2052008280B1F8AE50B1F8B230B1F8AC400BB9B1F8AA302246032C04D2621949
:20614000032A09D9032207E0B3EB021F04D96219B3EB021F00D21A09111BFF22B2EB410F1F
:2061600001D8827130BD4900817130BDF0B58BB00446EAF561F994F8BE00C1077DD194F8EF
:20618000BD10CA0779D1002877D0801E814274DC206808A909F63AF8D44F05000FD00898E6
:2061A0003968C0EBC00001EB40060E22314604A81BF6E7FB0E2130461AF6FFF904E008A81A
:2061C00009F610F800280301F401201425006CD094F8D70018F6B3FC0646B4F8D0004004D6
:2061E00001D5032000E002208DF80B0002208DF80C0020688DF80700206819F688F904F140
:20620000BC048DF808006078ADF80000A078ADF8020014F8BC098DF8090004F1B80168463A
:2062200008F6ADFCF069000405D5012609A9684609F698FD1CE009A9684609F6A2F9060069
:2062400002D0022E0CD013E075B308983968C0EBC00001EB40000E2204A91BF696FB23E0EB
:20626000BDF8000084F8BD009DF8090084F8BC0008983968C0EBC00001EB40000E226946A3
:2062800000E02FE01BF681FB43F690FB78B10998022809D298480088000505D508F62DFD80
:2062A000022801D308F6EDFC30460BB0F0BD55B108983968C0EBC00001EB40000E22030109
:2062C000F4011015250004A91BF663FB0EE004F1BC0400206070207008983968C0EBC00094
:2062E00001EB40004FF00E011AF66FF90020E0E730B5814A00211368824A14780FE0C1EB86
:20630000C10203EB4202D57A042D06D1157A25B95288824201D1012030BD491CC9B2A14283
:20632000EDD3002030BD2DE9F04788B0002604460696EAF589F894F8DA7004A92737384640
:2063400008F66CFFDFF8B4A105000AD00498C0EBC001DAF8000000EB41000E211AF635F956
:2063600003E004A808F646FFE8B308204FF001098DF80B008DF80C908DF8077094F8D8002E
:20638000ADF800608DF80800ADF8026009F639F88DF80900B4F850004FF00208401C20F0F5
:2063A000010080B2ADF80400022801D2ADF80480B4F85200BDF80301F401001625000410E0
:2063C000401C20F00100884201D9401A069094F8DA003EF6D5F906996FF001020844069071
:2063E000B4F8481002EB4102824203D800E013E04800801E8DF8060094F8D900B0B1002D93
:206400007CD0B4F8D000ADF80000B4F8D200ADF8020094F8DD0093E03D48807D002803D091
:206420000121322010F634FE08B004E5012729F6FAFE18B11EF6F9F900B90027E06B800353
:2064400005D5B4F83C0110B1ADF8020009E0B4F84A003B464200B4F848004100684609F68D
:20646000CEF8BDF8020001280AD929494968401EB1FBF0F200FB121020F00100ADF80000B1
:2064800094F8DA0006AA69463EF6ABF940BBE06B800319D5B4F83C01B0B1424621466846C1
:2064A000CDF8148009F6C7F9D0B94A4621460301F401F01625006846CDF8149009F6BFF952
:2064C00090B9324621466846059609F6B8F958B905A9684609F661F830B9ADF80060B4F83C
:2064E0004A004000ADF80200BDF80000BDB1A4F8D000BDF80200A4F8D2009DF8090084F89D
:20650000DD0023E016E0943A2000903A200004212200883A2000C05F200000A03200A4F8F7
:20652000CC00BDF80200A4F8CE009DF8090084F8DC000BE0B4F8CC00ADF80000B4F8CE00F6
:20654000ADF8020094F8DC008DF809000498DAF80010C0EBC00001EB400056460E2269460E
:206560001BF61FFA45B904983168C0EBC00001EB4000807984F8DE0094F8D90001287FF4D3
:2065800057AF04983168C0EBC00001EB40004088FFF7B6FE00283FF44BAFFBF7E2F847E768
:2065A0002DE9FE4305460301F401E0172500D07A0026DDF8289088461F46042835D1F87A50
:2065C000042832D1184607F66CFF01907C88B8880290387A38B1002000904B4602AA01A92D
:2065E000384608F670F80198FCB1029A8118A9420BD3B1FBF4F204FB121609E0291AB1FBE2
:20660000F4F181B101FB040086188118A942F5D3A84201D3404503D3AE4206D9464504D82A
:206620000120BDE8FE832044EEE70020F9E72DE9FF4F87B0054693464FF0000A149C07F625
:2066400030FF0490A8880590287A039438B100200090234605AA04A9284608F634F8002063
:2066600089E06988049A08FB0120059981460290084401900898A0B3297B007B814230D84D
:20668000BBF1000F10D1284608F60EFD60B1089808F60AFD40B1284608F6F3FC0446030197
:2066A000F401D0182500089808F6EFFC84421CD003980090DDE901102A46089BFFF778FF1B
:2066C000044601A902A8039B089A08F69CFCDDE90101814251D2F4BB5A462846089908F63C
:2066E00072FC10B10299494547D1002438E09549C4EBC400096801EB4006F07A60B3AE428D
:206700002DD0287B317B884229D8BBF1000F10D1284608F6CDFC60B1304608F6C9FC40B156
:20672000284608F6B2FC0746304608F6AEFC874215D0324601A902A8039B08F664FCDDE998
:206740000101814219D25A462846089908F63BFC10B1029901E010E001E049450DD1641CAB
:206760007A4800788442C2D30A990AF1010A8A4503D300200BB0BDE8F08F08F10100734981
:20678000804609788842FFF470AF0220F2E72DE9FF5F814600200301F401C01925008B46B8
:2067A000411E1446804607460391BBF1020F04D06A4900250978029146E06849F9E7634A98
:2067C000C5EBC501126802EB4106F17A81B3728872B3BBF1020F2CD1B9F8021019B110463A
:2067E00047F603FC00E00020824608F68BF900B35C48007810B92AF637F930B1F07A0528B3
:2068000003D199F80B0005280BD003A8CDE9000408F1010853463A464946304608F643F842
:206820000FE0CDE9007453463A4649463046F5E709E0CDE900745A4649463046029B08F6F2
:2068400048FC00280CD16D1C424909788D42B6D3B8F1000F09D0039939B1481C03D0084666
:2068600004B0BDE8F09F0220FAE799F80C100029F6D0CDE900745A4600214846029B08F67D
:2068800028FCEDE72DE9FE4F0027B846DFF80301F401B01A2500C0A0DFF8C0B0029051E04F
:2068A000DAF80000C8EBC80200EB4205E87AE8B308F101062CE0DAF80000C6EBC60100EB19
:2068C0004104E07A18B3287B08B3207BF8B1688820B1618811B147F68CFB00E000208146B5
:2068E00008F614F998B10020009001904B4621462846029A07F6DBFF48B1287B247BA0420D
:2069000000D90446022C24D0BC4200D92746761C9BF800008642CED3002001900298009085
:206920001348022200210378284600E008E008F6D4FB28B1287B022809D0B84200D907469A
:2069400008F101089BF800209045A9D33846BDE8FE8F0220FBE7903A2000883A2000833AF4
:206960002000813A2000803A2000863A2000823A200010B5FE4C606848B920780021C0EB4A
:206980004010800017F60301F401A01B25009EF86060002808D02078C0EB4010810060680F
:2069A000BDE8104019F62DBE10BDF24B10B55A68D2B100211B7815E0C1EB411412F82440BC
:2069C00024060DD4C1EB4113491C12F8234044F0800402F8234002EB83025080C8B210BD3C
:2069E000491CC9B29942E7D3002010BDE24A5168002910D000280ED0127890420BD8C0EB57
:206A0000401001EB800010F87C1C090603D57C387C2119F6F6BD7047D74A516889B180B124
:206A2000807D10F0780F0CD01278C0F3C300904207D8C0EB401201EB820212F87C2C12060E
:206A400001D400207047401EC0EB401001EB8000704702460020A9B1D2F8A410002921D0B4
:206A600092F89C1092F8A920C1F3C301012A0CD00B292CD023DC032913D0042925D00301AA
:206A8000F401901C25000A2910D10EE092F89410ECE7C91E0D2909D2DFE801F0070908085D
:206AA000080F080B1108080D130001207047062070470720704708207047092070470A20EF
:206AC00070470B2070470E29EFD00F29FAD105207047032070470420704779B1D0F8A410ED
:206AE00039B190F8A31099B990F89800012813D014E090F8980001280CD009E0A149097886
:206B00000C2907D090F89800012805D0082905D000207047032070470220704701207047E3
:206B2000994A126831B1406D90F876010BE002280DD003E0C2F34101032901D000207047CA
:206B4000406D90F877010128F1D102207047122070478C4910B50A688B4914390968C2F388
:206B60004102B0F8A400032A07D0002112F6B3F908B1022010BD0301F401801D2500032027
:206B800010BDC0F3C000C1F38001884201D1012010BD002010BD7D480068C0F341010329BB
:206BA00005D0800701D501207047032070470020704770B50E460546FFF736FF040014D043
:206BC00026B101212846FFF7AFFF03E028460121FFF747FF01462078C0F3060004EB400034
:206BE00010F8412F61F3C702027070BD2DE9F0410746674888460068801EC5B23846FCF762
:206C000028FD18B1B0F91600061200E000263846FFF70AFF04006DD04F2D00D900255D48CC
:206C20002178405DC1F306012144301A08712078B8F1000FC0F30600204480F8226020D0E4
:206C40003846FFF78AFF01462078C0F3060004EB400010F8412F61F3020202703846FFF7BA
:206C60009AFF01462078C0F3060004EB40000301F401701E250010F8402F61F302020270C7
:206C800000213846FFF754FF21E001213846FFF72CFF01462078C0F3060004EB400010F87B
:206CA000412F61F30202027000213846FFF71DFF01462078C0F3060004EB400010F8402FAB
:206CC00061F30202027000213846FFF7CEFE01462078C0F3060004EB400010F8402F61F3F7
:206CE000C70202702078C0F30601491C1E22B1FBF2F302FB131161F306002070BDE8F081B0
:206D00002DE9F0470D468246FFF792FE040061D0082D58D1B722FF21B920B0F53DFB5FEAFA
:206D2000000950D020780023C0F306019D2089F80A00608809F10802A9F80B0001259C46CD
:206D40004FF01E086718D0183E79467197F8226080F8236004EB410010F8406FC6F3020744
:206D600002EB0C0686F80301F401601F250041700778FF0886F87D704678C6F30207561968
:206D800086F841704078C00886F87D00491CB1FBF8F00AE0000018042200B2282000AC8BF7
:206DA0003100A086310098A5200008FB101120785B1CAD1C0CF1020CC0F30600DBB2EDB202
:206DC0000CF0FF0C8842C1D14846B0F5E0F99AF81600BDE8F047C0F3C30017E6BDE8F08731
:206DE000000070B50546584800220C4602705748114602705748FDF505FE19F6C0FB19F6C8
:206E000045FC064639F6C1F8304619F643FC10F6E0FE30F63CFFEEF724FE0CB1B3F56FFD1C
:206E2000DFF597FFDFF580FF11F6C7F885B119F60EFADAF52EFBB1F549FBFEF503FF0EF6A7
:206E40003EF9204617F6B9FEDCF5ABFBDCF525FC10F6CEF9012070BD10B53E4C2068030172
:206E6000F4015020250040F48020206001201BF6E1FE8020B5F54CFBB6F513F9206840F41F
:206E80008010206030F6C7FC00F053FAE8F5B0FD206840F400102060E8F5F4FEB3F5D1FCA2
:206EA000DCF541FCEFF7B1F817F6A2FFDCF597FB2C48417821F00301417000210846D7F5F6
:206EC00023FBB3F520FDE0F5E2FB4EF6AEF832F628FA2448017819B181784078FFF523FE74
:206EE0002248007808B1CFF5FFFEDAF546FAB1F5EEFA19F648FB0EF668F9B1F597FAAFF507
:206F0000B6FE19F6A8F9606840F008006060B1F5B2FE22F6E0FB2FF694FFD9F5A0FC0021C1
:206F2000084638F64DFF11480068400701D4B8F514FFE6F59FFE606840F480606060D9F50A
:206F400057FC0022BDE81040114606203FF677BC00009C2820000301F401402125008328D4
:206F60002000017C40000004200010882000D72220004C04200080013200F849F748086034
:206F8000F84918300860704770B5F348F64A001FF64B0078F64CF64D002168B101260128C2
:206FA0000CD002280FD0042810D0082803D11170197021702E7070BD117000E01670197006
:206FC0002170297070BD11701E70F9E7117019702670F6E770B5E74DE84AE84BE94C0128D2
:206FE00006D0022803D1188810602888206070BD10681880206828804878012803D043F61B
:207000000210106070BD43F632101060C820B5F583FA206820F00200E8E718B1042801D098
:20702000052800D1042070474FF446120146D2F80403D44B00F00F001970C749091F497824
:2070400019B9D2F8040340F000400021B6F60301F4013022250079BECD4AC0B21070CC4A8A
:207060001268002A0CD030B1CB484FF00043008843EA002003E0C848006800F00F00104794
:20708000704710B5C64C012809D0207800280ED0BF49002020700870BDE81040C8E70120CD
:2070A000FFF7DAFF2078002801D10120207010BDF0B5B54DB54EBA491C3D083E012812D09A
:2070C000B9488B884C89826848880989177C222F2BD00DDC012F12D0062F16D0102F22D055
:2070E000212F29D124E008882860C8883060F0BD282F0FD02A2F13D02B2F1DD113E092F866
:20710000A92017E02B603460F0BD92F83D20032AF8D011E0D28F43F206373A42F2D10BE019
:2071200092F8642006E0926AE9E792F8692001E092F85D20012AE5D028603160F0BD2DE9D8
:20714000F041074687480301F401202325000025001F2E464570954884683846FFF7ACFF2C
:20716000012F0AD08248006847F608F88948AC380660207C162805D01AE07D48006846F669
:20718000FDFFF6E7606D8A4990F8DA0000EB800001EBC00090F8240050B18649096889780F
:2071A00011B1C0F3400001E000F0010040F08005824801787C4809B1067001E001210170E8
:2071C00029463846BDE8F0415FE77748714A1C3A418811606F490089083908607047704744
:2071E00010B5764C2088012804D1FCF734FF2088401C20807349886840F0030088604FF092
:2072000000020A60A1F57771104634F91030C1F8E03300F101006728F7DB4FF4C800D0F8CF
:207220001431C3B1D0F8144101F578731C60D0F8100118601A604FF06A00C1F8E0230301E7
:20724000F4011024250000F101007C28F9DBD1F8E4034FF6FE721040C1F8E40310BDD0F88C
:207260001041E5E710B5FFF7BFFFFCF763FD47F6B5F9BDE8104030F626BC01464B480068FB
:20728000474A00F00F0011704FF00001B6F665BD40483830016821F03F0141F02901016069
:2072A0004B4844F6191101604CF60D118162484944F21B50086001F104014CF611100860D7
:2072C000454948F22850086001F104014CF61100086001F1040144F21A70086001F104013E
:2072E0004CF60C0008603C4944F61B200860704710B504280DD119F656F9E8F56FFCE8F56D
:2073000067FBE8F5E6FCFFF76FFFBDE8104018F6B2BF10BD10B5D8F5C8FF304A3149A0B901
:2073200017480078012810D01648007801280CD01548007801280301F4010025250008D079
:2073400014480078012804D0294810602948086010BD284810602848F9E7284810B500214F
:207360004160AFF26D018160B6F515F9254800680068BDE810400047000024042200A8094F
:207380002000B009200082092000830920008409200085092000720E2000AC064100700E31
:2073A0002000F006600067FD210074FD210044FD2100048331008609200034092200E051E7
:2073C0002000683122007CFD2100D4FB2100902F2200DC034100C4004100CC044100D80455
:2073E0004100F80541009009200094092000580C2000180D2000380B2000F80B2000B4583D
:207400002000B81A200010B5614C614A012807D0022804D14878012801D11068206010BDBE
:2074200048780128FBD120681060206820F40301F401F0252500005040F4804020603220BA
:2074400019F698FA206840F400502060BDE81040322019F68FBA2DE9F0414E4E504D0128B7
:207460001BD0022817D14878012814D02868316820F4007021F4005140F4807441F480470B
:207480002C603760322019F675FA24F4807027F4804128603160BDE8F0814878012816D017
:2074A0002868316820F4007040F4807021F4005141F480412860316040F4007041F400515C
:2074C00028603160C820BDE8F04119F653BA4FF48040306028684FF6FF41084028603220EF
:2074E00019F648FA4FF4C0403060286880B240F4407028603220E6E72DE9F041294A294BED
:207500000128127802EB820203EBC2024FF44813567D214A07D00228BDD148780128BAD1B6
:207520005068D865B7E70301F401E026250048780128B4D1D86D9846194C5060206820F452
:20754000C0402060164D20203C3D2860164F38684FF6FF4108403860322019F60FFA1448D7
:2075600006604FF0320019F609FA386880B240F44070386021262E60206840F4C0402060C3
:20758000322019F6FBF9002028604FF40071C8F85C102E60BDE8F041322019F6EFB9FC04A1
:2075A000410014062200E8074100E4222000B40E20000401600030B44FF6FF752A464FF461
:2075C000461461B1012902D0022919D10CE0D4F80423244B60F307020020187010E0D4F820
:2075E000042360F30F220BE0D4F8043360F30F23C4F80433D4F8043360F30703C4F8043327
:207600001A48036843B121B10020104330BC002118474FF00040F8E7AA4201D0C4F803011D
:20762000F401D0272500042330BC704770B5114A00240128117809D001290FD11470002092
:20764000E8F5F6FCBDE87040FEF7E8BA0B4D31B1287810B10120E8F5EBFC2C7070BD012005
:207660001070E8F5E5FC012050F6E4FEF5E767FD210074FD210086092000870920002DE91B
:20768000F84F0446002718F69EFF19F623F800909548222101609448002606604FF446114A
:2076A0004FF00400C1F804024FF448152E660E604FF03200B4F54CFF8D48E8654FF4451106
:2076C0008020C860C820B4F543FF8948016821F001010160DFF820B24FF00001CBF80010A5
:2076E00022788548DFF818A24FF480614FF4CA094FF4C005EAB10160C5F8BC61814806604B
:20770000D5F8FC0220F00C00C5F8FC02DAF8000058B109F5B0700301F401C028250002695D
:2077200022F001020261026822F001020260CAF80060009818F6D6FFD5E0E278032A01D145
:207740004FF490410160002046F6B7FE4FF0010809F5B070CAF80080016941F001010161FC
:20776000016841F0010101604FF44611C1F800624FF08000C1F80402E078012835D0022829
:2077800033D0D5F8FC0220F00C0040F00800C5F8FC025D48C0F8008060785B4A801E0832DA
:2077A00010606078801E121F10605848086000204FF47A734FF445120146401C994202D8F8
:2077C000D1680906F8D54FF448104FF400310166C820B4F5C1FEC5F8BC81009818F682FFAD
:2077E00020783346354628B17BE0D5F8FC0240F00C00CCE7E8B2A17840F0010060F30705CC
:20780000062919D2DFE801F003070E36393D0301F401B029250020F01C0018300EE0C5F3C1
:20782000072040F0010060F30F2509E0C5F3072141F0010161F30F2540F0020060F3070554
:207840004FF48201D1F8400320F00100C1F840035A46CBF80030E07803281AD004281FD02E
:20786000C5F3072160F3830161F30F252079072829D80006800D404240B22BE020F0E000FE
:20788000DCE720F0E0002030D8E720F0E000A030D4E7C5F3072020F00C0060F30F25E5E75D
:2078A000C5F3072040F00C0060F30F2501F5507140F20A500860086840F0010008604FF033
:2078C00005001060D2E7082802D0092805D008E094F905002DF605F902E0A0792CF6C9FCF5
:2078E0000746F9B20D4846F628FF024805600120BDE8F88F0000C004410000823100000222
:207900000C00400341000301F401A02A250044066000880441001C0622001084310001006E
:2079200080000483310058490A6858484261584A12688261584A12684262574A12688262FB
:20794000574A12680263564A12684263496F0162554909688163704710B50446FFF7E3FF3C
:20796000A41CE0B240F080014A48B83846F6E9FE4D480068464900F03F00C8604A4838387A
:207980000068C0F38500421120F020008860012A04D180F01F00401C404288604248543079
:2079A0000068C0F30330C21020F008000861012A04D180F00700401C40420861354A0120C8
:2079C00010603148026842F0CF0202604FF00F0282604FF01C0242673448026942F001029B
:2079E0000261026842F0010202602A4A47F2C1001060294A4FF4C04010602C48026803013D
:207A0000F401902B25004BF6FF7302EA03020B6842EA83320260244A106820F07F0348680F
:207A200043EA8011254B1B6841EA030111601D4910B14FF4C54001E046F29620086010BD82
:207A40001548134942690A60144B82691A60C2698A60124B426A1A60124B826A1A60154BD9
:207A6000C26A1A60104B026B1A600F4B426B1A60026A4A670E49806B08600D48016921F006
:207A800001010161016821F0010101607047704700009001640020062200BC016000600479
:207AA0004100FC0441005804410028044100E406410060016500E80641004009220010B5EA
:207AC00014460C30F4F7EBFA607110BD70B5F94C017BF94DE07C61F38610E074410603D5BD
:207AE000297809B901212970C0F380102FF626FAE07C400604D40301F401802C25002878FC
:207B0000012801D10020287070BDF0B50930ED4BC1781C78002902D04FF0010501E04FF042
:207B20000005E949CD7006790D78477966F341058E7867F387168E70867966F3C5050D70D4
:207B400002D044F0020101E024F002011970047914B141F0040101E021F00401DA4C19707D
:207B60000579A47815B144F0200401E024F020049C70047914B141F0800101E021F08001C1
:207B80001970CF490978012916D18079052813D2DFE800F00306090C0F004FF4FA300AE06C
:207BA0004FF47A3007E04FF4FA2004E04FF47A2001E04FF4FA10186100205071F0BD38B5B1
:207BC000C04909300978012935D1C17879BBBD4A8379117813B141F0040101E021F00401C8
:207BE000B94B117084799B7814B143F020030301F401702D250001E023F020039370C379C4
:207C000013B141F0800101E021F0800111700179052914D2DFE801F00306090C10004FF443
:207C2000FA310BE04FF47A3108E04FF4FA2105E04FF47A2102E002E04FF4FA111161C17979
:207C40000091837942790179C078FCF550FB38BD0C20507170472DE9F05F814600200860A1
:207C60009D489B465E4600F5807300F18004A0F18005BBF1050F72D009DC012E11D0022E00
:207C800015D0032E20D0BBF1040F68D128E0062EF1D0DFF844A2082E28D0BBF13F0FF4D13F
:207CA00080E01C2AF1D103690B6040695FE1072A02D0102AE9D103E0986E0860D86E56E1D7
:207CC000186F0860586F52E1032A05D02D2ADCD1036E0B60406E4AE1206E0860606E46E115
:207CE000022AD2D1A86E0301F401602E25000860E86E40E11E2A3FD010DC0E2A50D006DC97
:207D0000062A35D00C2A1AD00D2AC2D11FE0102A48D0122A48D01D2ABBD135E0322A1ED06D
:207D200006DC1F2A38D0272A0DD0312AB1D12FE0332A19D0342A23D04E2AAAD10BE0836995
:207D40000B60C06917E1286C0860686C13E1836A0B60C06A0FE1036B0B60406B0BE1286D5C
:207D60000860686D07E1F3E0286E0860686E02E1186908605869FEE0286908606869FAE028
:207D8000A8690860E869F6E0286A0860686AF2E0A86D0860E86DEEE0186D0860586DEAE089
:207DA000504684E75046CAE75046EAE04FF0130E4FF0060809F1090CB2F5A77F6FD042DC35
:207DC000E22A6DD01CDC252A6BD00CDC142A69D004DC0A2A01D00C2A87D1FEE11C2A0301DD
:207DE000F401502F250075D0242A92D18DE1542A7FD004DC4C2AF4D0512A8AD16EE16D2AE3
:207E000078D0C22A85D1A0E140F21717A2F21716BA4270D00EDCFF2A6ED004DCE92A6CD07A
:207E2000FE2A87D185E1A2F58070153875D0012887D104E1062E71D004DC012E6FD0042EE8
:207E4000CED11DE1072E6BD0332EC9D175E1B2F5D47F71D02BDC40F28917A2F28916BA4281
:207E60006BD013DC40F28516A2F28514B24271D007DCB2F5AA7F6ED0A2F58073793B6BD13E
:207E8000CFE0022C69D0032C66D14EE10E2E70D004DC012E6ED0032E5ED1EDE00F2E6AD0CA
:207EA000122E59D116E14CE148E032E10EE140F2D3160E4FA2F2D310B24272D025DCB2F53D
:207EC000E17F7DD01ADCA2F58070AB386BD0042842D13EE125E10301F40140302500F8531D
:207EE0002000413420002D3420009C222000000722008008220060F521005BE111E1A6E071
:207F00001AE017E0A2F58070CF3871D0032827D127E111286DD008DC01286BD00A281FD196
:207F20005FE155E0CEE097E0D0E0332878D03D2816D158E1504612E7036D0B60406D22E0B6
:207F400040E195E0DCF803401D2C22D00ADC0C2C0FD0132C14D01C2C02D116E080E025E1A2
:207F600079E081E0212C18D0222C1AD0232C72D11EE0836D0B60C06D05E01DE07CE01FE085
:207F8000186808605868486003E1A86A0860E86AF9E7036A0B60406AF5E7186B0860586BF5
:207FA000F1E7986B0860D86BEDE7DEE00CE0F9E0186C0860586CE6E7A06E0860E06EE2E7DA
:207FC000206F0860606FDEE7A06F0860E06F0301F40130312500DAE79CF80300402824D31A
:207FE00003D1206C0860606C14E0412807D0422809D044280BD00EE0E4E0FCE0BDE0A06CF8
:208000000860E06C06E0206D0860606D02E0A06D0860E06D48609CF803003038102875D23A
:20802000A86B0860E86BB2E7D2E0A0690860E069F0E799F80B40714B062C02D9A3F804E072
:2080400001E0A3F80480836E0B60C06E9FE7206A0860606A9BE7A06A0860E06A97E79FE019
:20806000206B0860606B92E7036F0B60406F8EE7836F0B60C06F8AE720680860606886E7A6
:20808000A0680860E06882E72069086060697EE75B4B9CF803000424B83B50B1312808D016
:2080A00050280ED09C80D520D880286B0860686B6DE73126DE80312801D09C80F5E70820E0
:2080C00002E0F220D8800301F4012032250007209880EEE7036C0B60406C5CE7836C0B60AD
:2080E000C06C58E7A06B0860E06B54E7836B0B60C06B50E7444899F80B30E838122B0AD0D2
:20810000424B0360A0F804E0A0F8068028680860686840E745E0AFF22363036015238380FC
:20812000F2E7286F0860686F35E7A86F0860E86F31E703680B6040682DE783680B60C06876
:2081400029E7A8680860E86825E798680860D86821E798690860D8691DE7186A0860586A31
:2081600019E7986A0860D86A15E7A86C0860E86C11E73868086078680DE7B8680860F868CB
:2081800009E799F80B00012803D038690860786901E71E48086099F80B00C01C8880A1F89E
:2081A0000680086800282CD15B464846BDE8F05FB6F563B8986C0860D86CECE6986D030130
:2081C000F401103325000860D86DE8E6186E0860586EE4E6986F0860D86FE0E65046ACE7A4
:2081E0009CF8053001240C48B4EB530F01D1142300E00723C3805046A3E75046BFE55046F6
:2082000078E750466AE750466CE7BDE8F09F680722009F0507001D3E10008808220070B57D
:20822000012940D12C4821F678FC08BB2B49294821F6BDFB0DF6E0F8284C20882D2807D06A
:208240002F2816D0264D05EB80000068D8B915E0A07810B1012806D025E02279E178A06837
:20826000EEF772FD1FE094F90E10607BEEF74EFB19E06088C0B2F2F720FF14E0FE2140F257
:20828000CE4019F646FA2088042810D00C2812D00D2814D0302816D00B2818D005EB8000D5
:2082A00001680D488847E8F51DFA012070BD0A48F6F70DFFF7E70301F40100342500084824
:2082C000ACF69DFFF3E70648ADF6F3FBEFE70448F6F7C8FAEBE70248ADF6A4FFE7E70C6832
:2082E00020000C29200060050D00002070470020704700BEFEE7401EFDD270472DE9F04715
:20830000994E07460D46032801D1FF2D0DD018F6E0FC044640F253294FF44818062F70D2D4
:20832000DFE807F0056F1B222B49B478F2E74FF440604146C8F8BC000122C8F8BC200A2086
:20834000401EFDD2C1F8B4400A20401EFDD2002D01D0C1F8B820BDE8F087042D51D29D212F
:20836000484619F6DAF94CE0B470FF2C4BD10921384618F6AEFCB070EDE7D8F80000444648
:20838000C00401D5092DE6D318F6D8F98146B078FF2803D1206800F00F00B0707078284490
:2083A000C1B27170092900D30921384618F60301F401F034250091FC0446484623E0D8F834
:2083C0000000C00401D5092DC9D318F6BBF982467078A84202D2002070702FE0401B10F097
:2083E000FF0070702AD0042804D240F21F11484619F697F97178092900D30921384618F66F
:208400006CFC0446504618F6A1F9FF2CA7D0D8F800104246C1F3031021F0FF01022F03D086
:20842000B3789C4200D31C46A04200D2204644EA001008434F49092D02D00BE0B478E1E7DC
:208440000B6843F007030B600B68DB435B07FBD140F480501060092D81D21068C0048FD5A5
:20846000106820F480501060086820F00700086008684007FCD172E72DE9F0413C4C3D4D0B
:20848000207818B92978E278914227D0297819BB002778B118F656F9074637484FF07042CF
:2084A000D0E900108A180301F401E035250040F10003344818F6ADF9F7F7A5F9334800268D
:2084C0008660C66003218160091F0160A321816018F660F9207818B12670384618F63AF940
:2084E0002878E070BDE8F08170B5274800248460C460224E0125357018F670FB34701D48F9
:2085000005701F48D0E90012491E42F10002C0E90012BDE8704040F21B2140F2532019F6E6
:2085200022B91A490022096804E0814201D1012202E009680029F8D1104670472DE9F04135
:2085400004000F46CED018F601F90646204618F651FBA06840F00400A06018F653FAC2199E
:2085600041F10003204618F654F93046BDE8F04118F6F0B8B6E7E0082200B8043200611CF1
:208580002000701C2000684E200000A03200681C200054495520086070472DE9F05F030129
:2085A000F401D036250006460C4691469A460A9D18F6D0F8834626B158214FF4207019F6CE
:2085C000B8F84B4F386820B15E214FF4207019F6B0F83C60C4F8009000276760A560267363
:2085E0006773A77384F858704348206440484038006800F00F00082804D08E214FF4207047
:2086000019F697F83A4854380760384E443E37603A4807604762A6F10408D8F80000C0F3F0
:208620004110032804D09F214FF4207019F681F8D8F8001041F06801C8F800104946204690
:2086400063F629FD3068000604D4A4214FF4207019F66FF82A490220F1F50FF824481038E1
:208660000760001F07600220207725482062224864628C38A0622763234961634BF2010176
:20868000A1631A4A03210C3A1160012284F868201E4AE26624670301F401C0372500A06719
:2086A000E7671C48C4F880004AF64100C4F8840011480838016000210846CEF53BFC002187
:2086C0000120CEF537FC2DB10F20ACF56FFF0F20ACF5C7FF3168BAF1000F01D0412000E06C
:2086E0000120014331600349552008605846BDE8F05F18F637B864043600281C20008F74C7
:208700000700A8003600D17207002174070000B04088CD74070000900984F8B5354C2078EB
:2087200020F0010020706846F7F539F9002859D0DFF8C4C0DFF8C4E09DF802609DF80030E9
:208740009DF801500021C1EBC10202F5502292F80E7287421FD192F80F729F421BD192F815
:208760001072AF4217D192F81172B74213D1C1EBC10000F5502090F812028CF8000092F838
:2087800014028EF80000207820F00C0040F00301F401B038250001002070617025E0491C87
:2087A000C9B20B29D3D3BF2B17D00C206070C0B2C0EBC00000F550201F2B90F814028EF8E7
:2087C000000006F00F008CF80000207820F00C0040F02100207002D005E00B20E6E7432D5C
:2087E00005D0442D03D0F7F550FA0120F8BD0548017841F001010170F7E73C242000352433
:20880000200034242000E71B200070B5374A0021354B14780DE003EB41129588854207D3DF
:20882000157C527CAA1A002A02DD03EB411070BD491C8C42EFD8392140F24F2018F663FF3B
:20884000002070BD70B50446002517F68BFF06462046FFF7DAFF040003D0012115F6F0F932
:208860000546304617F682FF204615F6E3F9284670BD70B50446002517F674FF06462046FB
:20888000FFF7C3FF04000301F401A039250004D0002115F6D9F9054604E0872140F24F20DB
:2088A00018F635FF304617F665FF204615F6C6F9284670BD70B505000F48046816D00CE005
:2088C0002946204615F6D7FA30B144B129462046BDE8704015F6DCBA2468002CF0D1BDE828
:2088E0007040CE2140F24F2018F611BF70BD18072000B41B2000140720002DE9FC4117F664
:2089000035FF8046CBF52FFAFB4E68463468CBF570FAB8B3871FBDF80200B91C401C20F0AE
:208920000102121DA01CF7F51BFBBDF802006946401C20F001000519AD1DB81DCBF51CFAE1
:20894000044617E0BDF80200A11F401C20F00102921D2846F7F504FBBDF802006946401C26
:2089600020F001000544AD1D2046CBF505FA044620F61BFF002CE5D127B1022239460301D3
:20898000F401903A25003068F7F5EEFADD4CCBF57BF820F60EFF308A3168401C20F0010246
:2089A000606AF7F5E1FA0021606A7182318A08447061CBF5DCF9404617F6E0FEBDE8FC8148
:2089C000F0B587B007460C461546F6F5BAFFF7F53CF800280CD0DEF5A8FB002808D047F646
:2089E000FE70874203D814B1B4F5803F02D3002007B0F0BDC4480078012820D0C34E307889
:208A000000972118491DB1FBF0F08DF814006846CBF53EFD0028EBD0BA48BDF812103278EC
:208A2000406A01FB020086B247F40040ADF80400A2B20021ADF806208DF808101BE03846DC
:208A4000CBF5E6FD2A4621463846CBF55BFD0446AB48418A39B341690068A0F20510814296
:208A600021D3FFF74EFF1EE09DF808306F5C491C3B448DF808300301F401803B2500A142CC
:208A8000F6D39DF80810104481F0550108448DF8081080F055008DF80900062201A93046C1
:208AA0002EF6F9FF22462946B01D2EF6F4FF2046A2E77CB504460E461546F6F546FFF6F5AB
:208AC000C8FF002813D0DEF534FB00280FD069462046CBF5C4FB002809D0BDF80240B44239
:208AE00000D93446224629462EF6FCFF20467CBD2DE9F04F89B0002080460290F6F525FF79
:208B0000F6F5A7FF002875D018217E4814F68DFFDEF50FFB00286DD07C4C7A4D7C4EE16ADC
:208B2000606A08442860317801290DD1022208A92EF6D8FFBDF82010A1F57F40FF3801D0D4
:208B4000CBF522FA606A686100200390049005900690FF2015F6CCF85FEA000B05D14FF4D9
:208B6000BB7140F24B2018F6F8FD307802280301F401703C25000ED16848E16A0078B1FB8F
:208B8000F0F0C01C870800213846CBF5CBF93946029017F6C2FD5E48446A7EE00622694601
:208BA00020462EF6A3FF5B480078012808D1BDF80010A1F57F40FF3802D15448446171E0B6
:208BC000BDF800104FF0000A080449D5BDF802009DF804200144114481F055019DF80520D2
:208BE000C9B291423CD1A11D4218484909688A4236D8002704F10609C5B215E0D2E0042DAC
:208C000001D22E4600E004263246594648462EF66DFF002003E01BF80010401C0F44B04207
:208C2000F9D3A81BC5B2B144002DE8D187F055009DF80410C0B2814212D1BDF8000003AB63
:208C4000C0F30E0101F01F02012090404A0953F82210014204D1014343F822104FF0010A6C
:208C60002D48007801280301F401603D25002FD0BAF1000F57D02A4DBDF802202878411DF7
:208C80001144B1FBF0F0C3B28DF81C30012241460298CAF595FE9DF81C002978804400FB06
:208CA00001441C480068A0423FF67CAF584615F62AF91A480078012847D0174800252C4685
:208CC000C16A17482F462E460078B1FBF0F856E0BDF80200401C20F00105AD1D0E48BAF1EB
:208CE000000F03D0018A294401820EE0418A29444182BDF80000000407D50020ADF80000D4
:208D00000222694620462EF6CEFE05F1010525F001000444C5E7C05D2000DC0720003008AC
:208D200020001C242000BDF80000000407D50020ADF800000222694620462EF6B4FE2648DC
:208D400008F1010800780444ABE72448408A60B3FFF7E3FD29E0024607AB31460298030188
:208D6000F401503E2500CAF5C1FE00289DF81C0003D0844205D2044603E0854200D2054673
:208D80000744C0B2064440464645E8D3A54205D2E0B20299CAF547FF28B907E0012C05D93D
:208DA000B5EB570F02D20298CAF5E8FE0298CAF5F0FD012009B0BDE8F08F10B50446DEF574
:208DC000C4F900280BD0F6F5CCFDF6F54EFE002805D02046CBF52CFC002800D0012010BDB7
:208DE00000001C242000C05D20002DE9F04104460D002BD00020286017F6CCFCE169074629
:208E00000029216A40F28D2004F1240601D089B90DE011B1272118F6ACFCE56125620121F1
:208E2000304617F6A4FC2046B1F5C7FF09E0352118F69FFC206A056025620121304617F63A
:208E400096FC3846BDE8F04117F6A8BCBDE8F08100F024BB00000301F401403F25000749E9
:208E600010B589880830814201D2FFF772FA034814F6FFFF002800D0083010BD0000649E9A
:208E800020003EB50278811C022A03D0222A01D02F2A64D1491C0DF10502002311F8014B1C
:208EA0005B1C02F80149062BF8DB0078022811D0891C0DF10A00002211F8013B521C00F8F6
:208EC0000139032AF8DB9DF80800402804D0802802D044E0C91CECE70024654D0CE004EB78
:208EE000C401084400F53370062269460FF66BFF002835D0641CE4B2286890F85C13A142D6
:208F0000EDD85C480022694600680BF6BAFEFF2825D12868032290F85C1301EBC101084433
:208F200000F2D22002A90CF629FD2868062290F85C1301EBC101084400F5337069460CF688
:208F40001DFD296891F85C03401CC0B281F80301F401304025005C03102804D3B22140F236
:208F6000393018F60EFC00203EBD70B501788CB0032947D18178054611B1052940D041E0D2
:208F80003E4E346804F5337406E006222146681D0FF61DFF30B10934306800F557708442B6
:208FA000F3D32FE02C22002168460CF644FDA01D09A9002210F8013B521C01F80139032AD9
:208FC000F8DB6B46581D2146002211F8015B521C00F80159062AF8DB1022FF21981D0CF6DE
:208FE0002AFD27488088800504D52448694600680BF62EFE0922002120460CF61CFD01E017
:20900000C3F5D1F90CB0002070BD70B505460C46C3F589FB2A78032A0AD0022A03D0222AD3
:2090200001D02F2A03D1AFF29F102060022070BDAFF2C700F9E710B5002813D0ADF5B6FDA6
:20904000012801D167F60301F4012041250004FEC9F51EFD0C4C0D4920680BF679FDAFF210
:209060004F012068BDE810400BF679BD10BD10B5ADF5A0FD012803D1BDE8104067F6ECBD23
:2090800010BD4C4F21007048200092342000CB41250070B500F47C41C0F309040D0ACAF5EC
:2090A00044FA00280AD1FC2D08D13A4A002102EBC1039B88A34202D152F8310070BD491C2F
:2090C000F5D070BD10B50446CAF552FA002804D1A4F57C41FE3900D1012010BD10B5C41C96
:2090E0000088FFF7D6FF010004D02046884708B1012010BD002010BD70B5054600880E4633
:2091000000F47C410C0AFFF7DDFF58B1FC2C04D12888C0F30900482809D0AFF24100306089
:20912000022070BD102C02D11C4901200870002070BD30B589B005780024242168460301D0
:20914000F4011042250014F68CFC16484FF6FE42042D007801D0C8B11DE00E218DF800107A
:20916000012100238DF802108DF80530ADF803208DF80800042207208DF806208DF8010086
:209180008DF8071068460BF60BFE03E00C211046B7F56DF8012409B0204630BD000078F566
:2091A0002100A04820005944200010B5C9F5B3FDADF504FD012803D1BDE8104067F66BBD7C
:2091C00010BD70B51E4A04461178080704D52046BDE87040C4F5F4BDA38804F108001844D1
:2091E0000388A3F54065033D02D141F0020111700BF6B7FDEBE710B551F67BF8114900205F
:20920000086010490860BDF573FE0CF613FDB4F524FBC5F536FBBDE810406CF69FB80A483D
:2092200010B500680024D0F80804002806D02046BDF534FE641C0301F40100432500E4B24A
:20924000052CF8D310BDBC3420008423200088232000C43520004FF454110028886A20F0B8
:209260004000886206D0886A40F0400088623020ACF527BA3020ACF53ABA03EB5203B3FBFA
:20928000F2F310B5F54CA24203D95A420A7000210CE00022A2EB13120A7003F00F014A085D
:2092A00001F0010303EB510141EA0211017010BD37B5EA4C9DF800009DF80410084314D06E
:2092C000D4F8200220F00800C4F82002D4F81C0220F00100C4F81C029DF80400C4F804027A
:2092E0009DF80000C4F800023EBDDB4DDD4BD4F82002D4F81C12AA4202D940F0080001E008
:2093000020F008009A4202D341F0010101E021F00101C4F82002C4F81C12D24B01A9684620
:20932000FFF7ABFFD8E7D048016821F47F010301F401F04325000160016841F44031016096
:20934000D0F8981021F47061C0F89810D0F8981041F43061C0F89810016821F07F41016026
:20936000016841F060510160D0F8981021F4704140F8981F016841F430410160704770B5D0
:20938000FFF7D5FF00F0D9F9BB4C0025C4F800514FF068002060606800F09F0040F08100D9
:2093A0006060B54A29462846FFF786FF0420A061D4F8001141F00401C4F80011C4F8FC00D9
:2093C00001212161A4F5077403E0D4F82023C4F81803D4F818235207F7D404F5287444F810
:2093E000741CE06F40F00400E06744F8705C4FF00200A067BDE870404FF001002FE700F028
:20940000C0B99E49086820F00100086070479B49086840F00100086070479948416821F00D
:20942000020141604FF00301F401E044250002010160416841F002014160704710B58B4BD3
:2094400058B1002203E0D3F820438454521C8A42F9D310BDD3F82023401C8842FAD310BD57
:2094600030B50023824C0EE0D4F82452C5F38105022DF9D110B1C4F820030020CD5CC4F80A
:2094800020535B1CDBB29342EED330BD7F48016801F0080101600068000701D5002070472B
:2094A000012070477249D1F82422C2F38102022AF9D1C1F82003704710B50446FFF7E6FF5F
:2094C000012801D0002010BD6948D0F820032070012010BD1CB50020FFF7C5FE644CD4F865
:2094E0001C03400720D5D4F8180340071CD5D4F81C0320F00400C4F81C036846FFF7DCFF99
:20950000012828D000F005F900F0B3F918B147F2011000F077FA0420C4F81803D4F8030161
:20952000F401D04525001C0340F00400C4F81C03D4F81C0380072BD5D4F81803800727D5F2
:2095400004F54674606820F0020060604FF00200206000F0E5F800F090F9C4B213E0F1F766
:209560004BFF0028CDD000F0D8F89DF8001000F01EF9C6E700F0D4F801A900F04DF99DF892
:209580000400FFF793FF2000A4F10104E4B2F1D10120FFF76CFE1CBD10B50446FFF77AFF55
:2095A000012801D0002010BD3B480068C1B221700846FFF77BFF012010BD314810B5016882
:2095C00021F47F010160016841F440310160D0F8981021F47061C0F89810D0F8981041F4CA
:2095E0003061C0F89810016821F07F410160016841F060510160D0F8981021F4704140F8C5
:20960000981F016841F4304101604FF008014FF0000017F6E7FB0301F401C0462500BDE8E4
:209620001040B8E670B505460C4641EA440044F6EBFD002D04D06000BDE8704044F6DEBD5E
:2096400070BD70B504000D460BD000220121284614F6F2F901220221284614F6EDF91049E2
:2096600005E001220721284614F6E6F90021284614F69CF9BCB1012116E060E31600002037
:209680003500689D290000366E01100132001C223500C0C62D00202235001823350020232F
:2096A0003500F561240000212846BDE8704014F681B91A4810B5016821F47F0101600168E4
:2096C00041F440310160016821F07F410160016841F0605140F8981B016821F47F41016013
:2096E0004FF0000211464FF0070014F6A5F94FF400110120FFF796FF0721BDE810400120A6
:209700009FE706490A680260D1F8981041600301F401B04725007047034902680A604068FA
:20972000C1F89800704710013200C54800687047C44840687047C3480E2117F61EB8002901
:209740000AD0002808D00160C1608160531E1944416042820021018270472DE9F041B84EF1
:209760004FF48A774FF48078D6E900451CB9384614F6F2FA0446424604F5C8712046FFF7BD
:20978000DEFF1DB9384614F6E7FA0546424605F5C8712846FFF7D3FFC6E90045BDE8F041A7
:2097A000C9E7A74910B5D1E9000408B114F6D7FB14B1204614F6D3FBBDE81040BBE770B532
:2097C00004460D46008A618A884201D1002070BD17F608F80246E0680570E06861688842A1
:2097E00001D0401C00E02068E060208A401C2082104616F6FBFF012070BD70B506460D467E
:20980000408A318A14460301F401A0482500401AA04209DA002070BD29783046FFF7D3FF18
:2098200020B1641EA4B26D1C002CF5D1012070BD70B50446008A0D46002814D016F6D6FF7D
:209840000246A06800782870A0686168884201D0401C00E02068A060208A401E2082104678
:2098600016F6C8FF012070BD70B50646008A14460D46A04209D2002070BD29463046FFF73A
:20988000D7FF20B1641EA4B26D1C002CF5D1012070BD008A7047002803D001466D48F5F55E
:2098A000A7BF70472DE9F84FDFF8A0B10027674CDBF800004FF003080526058A8DF8007060
:2098C00047F2021947F2031A92E06946DBF80000FFF7AEFF002816D02078062813D2DFE8C7
:2098E00000F0030A161A57769DF80000607004287CD8012006E09DF80000A0706078030101
:20990000F40190492500042802D00220207071E084F800806EE09DF80000E070F8E760786D
:20992000012804D0042819D0022830D062E09DF800000C3014F62BFA6060F0B36188A0F8C5
:2099400009109DF80000A0816168C87210B160680B3014E06168C1F8049062E09DF8000090
:209960000A3014F614FA606038B3A17801729DF80000A0816168487220B160680930401CF7
:20998000A06026E027706168C1F804A049E09DF80000A0810420B9E7A0899DF8001040EA69
:2099A0000120A0816178022924D10C3081B26088AFF57AFA606060B100E01BE061880181E6
:2099C0006168A0894881A08918B160680C30A060267026700EE0607803280BD0A089401E57
:2099E000A081A1689DF800000870A08948B1A068401CA0606D1E0301F401804A2500ADB2D8
:209A0000002D7FF46AAFBDE8F88F27706078012805D0022805D00428F0D1504603E0484601
:209A200001E047F28200616848606068FFF73BFF2770E3E770B5054618F60FFF04460820C2
:209A400014F696F9010006D04D6004F1B000BDE87040F5F5D5BE70BD0000E4082200924C59
:209A60002200987920000E4810B590F85C0098B10D4C207800F0040100F00100401E0143D2
:209A80000AD0FFF7F0FB207840F0080020700020BCF571FC012010BD0220BCF56CFC002024
:209AA00010BDE0172100BC342000F3F7A8BAC049002002464880AFF20F01BE4816F660BF4A
:209AC00010B5BB4C608800280ED0BA488068400702D5B84817F626F96188B748BDE81040BB
:209AE0004143B44817F603B910BDB24880680301F401704B2500400702D5B04817F616B9A3
:209B0000704770B5ADF5B9FAAC4D040005D0287830B9FFF7EEFF2C7002E0AA48007808B135
:209B2000002070BD287818B1FFF7CEFF00202870022070BD10B504462CF661FB002816D00A
:209B40000321082036F6F4F9A049002008704FF44811C86F40F00120C867C86F20F006205F
:209B6000C8679A49086820F060000860204610BD10B52CF644FB50B99548016841F0600151
:209B800001604FF44810C16F21F00121C16716F639FE0446ADF571FA48B10421082036F632
:209BA000C7F98A48001D016841F0200101608649012008702046BDE8104016F627BE38B539
:209BC000044666F683FF8248C4F8D800ABF5AFFB024604F1B0000090012304F1E801002016
:209BE000FEF737FD7C480301F401604C2500B3F577FD7A487B490025C0E901150121B3F55E
:209C00006BFDAFF2C90177484160AFF295018160B3F569FD84F88051102084F881014FF42D
:209C2000167271492046ADF503F9684805706F480560BDE8384042E770B5ADF522FA50B173
:209C40006548016841F0600101604FF44810C16F21F00121C16716F6D9FD0546ADF511FAFB
:209C60005D4C241D78B15A48007838B10421082036F662F9206840F0200020602846BDE88F
:209C8000704016F6C7BD51480078C006F6D4206820F02000F1E770B54D4C554D98B116F69E
:209CA000B5FD06462078012240F0020020700021287813F6D9FE4F48C078C0F34001287825
:209CC00013F6AEFE0BE016F6A1FD06462078002220F0020020701146287813F6C5FE0301CB
:209CE000F401504D25003046BDE8704016F696BD44490A686FF30F0241F89029052812D20E
:209D0000DFE800F00F0F030F0F0001F17C01486948F6880240EA020048614FF0BB300860FE
:209D200001E03848C86700207047002110B561F30F2040F00300044636F611F80121204619
:209D400061F30F2020F0010036F609F8002010BD70B505460C4616F6D6FC2288A2F57C40B8
:209D6000183804D1214628462CF67EFB29E0A2F57F40ED3805D104F11301284661F6D8FE50
:209D80001FE0A2F57C402E3803D1284661F6BAFE17E0A2F57C404E3804D1214628462CF61E
:209DA00048FB0EE0A2F57C414FF47170293904D140F23A2117F6FFFC03E040F23F2117F6AC
:209DC00036FDBDE8704016F606BBEC082200A04C220040420F000301F401404E2500662146
:209DE00020002C3020001C0436008B1C08005C58200079120800907B2000CB1E00003430E3
:209E0000200065212000E01B200090003200BBB9BBB92DE9F0470C463D49804647F2410949
:209E20000878F0B38A46C00737D0B4B3606804F10805A0F5E041843912D16E8806F10900E4
:209E400013F6A6FF07463246291D093017F695FE47F23F00786018F610FD3946ADF530F8BC
:209E60006168494519D115F605FA070015D02878132812D06878801DAEF5DDFF6978A0F180
:209E80000806891C418020F8047B6A782946921C17F673FE3046ACF5ADFE9AF8000040079F
:209EA00000E000E02BD41A4D687988B1687860B116F632FE18490860E878400605D5164D89
:209EC000286810B916F628FE28600120ADF5030158304F250019F8002C19D0D8F8D41011C1
:209EE000484268914207D3D8F8D4100068814209D26168494506D1214608F1B000BDE8F036
:209F000047F5F591BC2046BDE8F04714F647B8BDE8F087000067212000E01B2000682120F0
:209F20000034302000F008220003031E42434D34333634423020456B616E73204F6C796D77
:209F400070696320284D4647290010010F00DCDC0500E2F190BD00000008240010010F0130
:209F60004CD30500E3F15CBA00000808240010010F0264D20500E3F1D4BA000010082400A4
:209F800010010F03144F00003BF280BC00001808240010010F04084900003BF289BF0000A4
:209FA0001E08240010010F0568970B0087F15EB800002808240010010F06749B0B0088F18D
:209FC00031B80000DA1B240010010F0754B90A0096F166B90000241C240010010F08E8AB7C
:209FE000090065F08ABB00000003100010010F09ECA3090066F095BE00001A1110001001F5
:20A000000F0AE8B0090066F051B800008E11100010010F0B9C950800B7F148B90000300833
:20A02000240010010F0C94920800B8F16EBF00007421240010010F0D9C900500E7F1CCBB56
:20A0400000003808240010010F0E84940500E8F10FBF0000A622240010010F0F5C280A0001
:20A060009DF1F0BF00004008240010010F1094270A009EF156B800004408240010010F1104
:20A08000EC270A009EF12CB800004808240010010F12CC270A009EF13EB800004C08240090
:20A0A00010010F13E8FF0A0092F124BF0000342E240010010F142CE40900A4F13ABD0000B7
:20A0C000A42E240010010F15C8E20900A2F1C2BA00005008240010010F16EC750A009BF1EA
:20A0E000C6BD00007C31240010010F1758770A009BF11ABD00009031240010010F18907676
:20A100000A0099F1E2B800005808240010010F199C67060099F0B4BD00000803100006012F
:20A1200004AE1C100010010F1A605506009AF0D6BE00001003100010010F1BA45706009D32
:20A14000F027B90000F629100010010F1C385106009BF0EEB800001803100010010F1DDCC0
:20A160007306009BF0BBBB0000562B100010010F1EBC5A06009DF0EAB90000942E10001068
:20A18000010F1F286106009CF00BBF0000422F10000601049C3B2400060104C63F240010E0
:20A1A000010F20746C0A0099F1F4BD00006008240010010F21D8CE0900A3F1C6BC00006850
:20A1C0000824000601046044240010010F2274B50A0099F134B80000E0452400060104F24F
:20A1E00045240010010F23D8BF0A0094F14ABC00007008240010010F2478420600DCF1FE1C
:20A20000BA00007808240010010F25080D0B008FF1BABD00008008240010010F26880F05F6
:20A2200000EFF17EBC00008808240010010F27BC0E0500F4F1E2BB00008456240010010F9A
:20A240002824110500F4F1E0BA0000E856240010010F2978170500F4F156B8000028582447
:20A260000010010F2A00140500EFF145BA00008E08240010010F2B50150500EFF1A1B900F3
:20A28000009608240010010F2C24180500EFF13BB800009E08240010010F2DF4F30900A6EF
:20A2A000F1BABB00006C5B240010010F2E74F20900A6F186BC0000845B240010010F2F98CD
:20A2C000F20900A1F104BB0000A408240010010F3010EA0800B1F14ABF0000A80824001081
:20A2E000010F31DC220A009EF1E8BA0000B008240010010F32EC2B0600DDF164BE0000B8F1
:20A3000008240010010F33D4360600E3F1E3B800009E68240010010F3448370600E3F1F078
:20A32000B800002C69240010010F3570760800B9F126B90000C008240010010F36487208DC
:20A3400000B9F13EBB0000C808240010010F3794FE0400F6F184BE0000A06B240010010F01
:20A3600038F0040500F0F1EEB90000D008240010010F39604F0800BBF1BABC0000D80824F2
:20A380000010010F3AE4560800BBF1FCB80000E008240010010F3B94570800C1F125BC00D4
:20A3A00000E26F240010010F3C88510800C1F143BF00001270240010010F3D00E40B0082C3
:20A3C000F170BA0000E408240010010F3EA84D0900B2F1AAB900000071240010010F3F24D8
:20A3E000F70400F7F14ABD0000BC71240010010F4044DF020019F2A3BA00008E74240010FF
:20A40000010F41ECD0020013F2FEBB0000EC08240010010F4264D202001AF237BA0000D6EA
:20A4200076240010010F433CD5020013F2DAB90000F408240010010F446401070093F0A25F
:20A44000BE0000AC3E100010010F45241E0900B6F191BE00004A8B240010010F460820090E
:20A4600000B6F1F1BD0000EE8B240010010F47642D0A009DF1CABD0000FC08240010010F8B
:20A4800048B0020600E0F128BB00000409240010010F49C0AB0A0095F1A6BE0000100924D2
:20A4A0000010010F4AF0FB0700C0F192BE00001809240010010F4B8C0D0A009FF1C8BD00D7
:20A4C000002009240010010F4CD8FC0700C0F126BE00002809240010010F4D48F50700CA83
:20A4E000F1E0BB00000C9D240010010F4ED8F90700CAF10DBA0000F69D240010010F4FB065
:20A50000FD0700CAF139B80000269E240010010F5010FC0700C0F18EBE00003009240010B6
:20A52000010F511C5A0A009AF18CBF00003809240010010F522C570A00A4F15DBC0000EA68
:20A540009F240010010F53D8580A009BF136B800004809240010010F54DCB002001FF21475
:20A56000B8000008A1240010010F55CC420900B6F193B80000F6A3240010010F56103F094D
:20A5800000ACF11EBD00005009240010010F57D83F0900B6F118BB00000CA6240010010FBF
:20A5A000583CA10600E0F1A2BA000084A6240010010F5974A10600E0F1A6BA0000C4A62492
:20A5C0000010010F5A40AB0600DFF1E0BD000004A7240010010F5B18090500F9F16ABF0020
:20A5E00000F0A7240010010F5C24C1020014F218BC00005809240010010F5D08300300180E
:20A60000F29CB9000044B3240010010F5E040E0300D3F05ABB0000BC44100010010F5F20BE
:20A62000000300D4F0D3BA0000CA45100010010F601CF80200D0F080BD00002003100006DB
:20A640000104FE56100010010F6118FF0200D0F006BA00002803100010010F62CCF00200FC
:20A66000D6F0DCBB00008858100010010F637CFE0200D0F058BA00003003100010010F64F5
:20A6800034F40200D6F053BB0000DE5A100010010F6560F50200D0F0E9BE000036031000E8
:20A6A00010010F6664F30200D6F09FBC0000A65C100010010F6778EE020011F296BD000043
:20A6C000A809240006010432B7240010010F686C070800CAF1F6BF00005CB7240010010FC3
:20A6E000699C000800CBF159BE000052BD240010010F6AF8010800C0F1DABB0000B0092499
:20A70000000601046CC2240010010F6BE4310500EDF1E8BB0000B809240010010F6C04320F
:20A720000500EDF1DCBB0000C009240006010444C924000601048AD0240010010F6D2CF341
:20A740000600DDF1EABE000004D1240010010F6E24F60600D1F1D0B90000C809240006018F
:20A7600004E6D6240010010F6F34760700C9F1CCB90000D009240010010F7080FC0900A0C4
:20A78000F1AABE0000D809240010010F71B8DE0600D2F192BD0000E009240010010F72D0AD
:20A7A000EA0600D1F188BF0000E409240010010F7318D90600E0F16FBB0000FADF240010FD
:20A7C000010F7440920700D4F193BF00006AE1240006010496E1240010010F756092070062
:20A7E000C7F1C4BB0000EC09240010010F764C930700D5F1E0B8000010E5240010010F777F
:20A80000FC930700D5F1D6B80000ACE5240010010F7854B00800B5F1CEBC0000F4092400A4
:20A8200010010F79E0350A009DF10CBA0000FC09240010010F7A809F0500E6F140BD000051
:20A84000040A240010010F7B2CA00500F6F1BEBF0000AC0F250010010F7C40A80500F6F1A6
:20A860001CBC00007C10250010010F7D3C9D0500E6F166BE00000C0A240010010F7E74B1DC
:20A880000500F6F142B80000FC11250010010F7F089E0500F7F1B5BA000076132500100140
:20A8A0000F80ECAF0500E5F112BD0000140A240010010F81D4AA0500E5F1A2BF00001C0A01
:20A8C000240010010F82F4A20500F7F1B4BA00006018250010010F8378A60500F7F19EB91F
:20A8E0000000B819250010010F8428B30500E5F17DBB0000260A240010010F85BC7B0000A0
:20A900004AF2FBBA0000B621250010010F86ECB2030005F2A0BB0000300A240010010F87AC
:20A920004CB2030017F264B800001823250010010F8850B1030005F272BC0000380A24005A
:20A9400010010F89E4E9020023F223BD00002E24250010010F8ADCB1030005F230BC0000F6
:20A96000400A240010010F8B1CAC030017F25FBC0000DE24250010010F8C3CF20900A1F133
:20A9800002BC0000440A240010010F8D64F20900A1F1EEBB0000440A240010010F8E0CB262
:20A9A000030017F2E3BA0000D627250010010F8F58290A009EF176B80000480A240010014E
:20A9C0000F90B8290A00B0F197B80000EA2A250010010F910C2A0A009EF120B80000500A12
:20A9E000240010010F92682A0A009DF1F4BF0000540A240010010F93BC2A0A009DF1CDBF65
:20AA000000005A0A240006010472A9100010010F947C3500003DF270BA0000600A2400101C
:20AA2000010F9594BE0600D4F1F8BD0000880A240010010F96A8BB0600D4F172BF00009044
:20AA40000A240010010F97FCBC0600D4F1CCBE0000980A240010010F9870BD0600E7F17DFE
:20AA6000BC00006E36250010010F9954AB040008F272BE00003C38250010010F9AC08D06C5
:20AA800000EAF1B0BD00002439250010010F9B188E0600EAF1A1BD00005E39250010010F70
:20AAA0009CF48D0600D7F152BE00009C0A240010010F9DF88F0600EAF1E5BC0000C63925E7
:20AAC0000010010F9E94F7010021F286B90000A40A240010010F9F94F3010034F20EBC00D1
:20AAE00000B43B250010010FA0BCF0010021F2F6BC0000AC0A240010010FA170F8010034D8
:20AB0000F218BB0000A43E250010010FA288A80400F6F116B90000B80A240010010FA334E0
:20AB2000BA040008F281BA00003A3F250010010FA4983E000050F252B80000403F250010EA
:20AB4000010FA5640D0600DFF1ACBE0000C00A240010010FA6B80E0600DFF106BE0000C8B3
:20AB60000A240010010FA7A0B6000049F222BA0000E84A250010010FA82C120800BFF1500E
:20AB8000BC0000D00A240010010FA9341E0800D2F100BF0000384C250010010FAAB81E0805
:20ABA00000D2F1F7BE0000AA4C250010010FAB641F000052F2D0BE0000084D250010010F48
:20ABC000ACE01F08000022002100000000000010010FAD80AE0800B5F12ABE0000D80A24E8
:20ABE0000010010FAE54AE0800C9F19EBF0000944D250010010FAF0C1E0800BEF166BE008C
:20AC000000DC0A240010010FB098150800D3F10FBC0000BA4D250010010FB1A81F00005200
:20AC2000F264BF0000744E250016030250011301010114010FC0C62D0000C2010059013C66
:20AC4000000500000D01070100090300010017030412000C00050315001B2850FFFF3F00A3
:20AC600005031F64AEBA0A0500FFFFFFB903050F0100000018000080070019000000000448
:20AC8000050B060406032003000002020202050800000601050100000201C0070000320050
:20ACA000700F00006008000008023200FFFFFFFF2A00000044066000FF00000000000000A2
:20ACC0001C064100FFFF00003C40000020064100FFFF00000040000024064100FFFF000089
:20ACE0000040000028064100FFFF0000804300002C064100FFFF00003C400000AC00320019
:20AD0000FFFFFF0100002F0070006400FF00000008000000D8006400FF00000017000000D9
:20AD200008016400FF000000100000000C016400FF0000001000000010016400FF000000A3
:20AD40001000000014016400FF000000100000009C016400FFFFFFFF0100000048026400AF
:20AD6000FF000000000000004C026400FF0000000000000050026400FF000000000000006E
:20AD800054026400FF0000000000000058026400FF0000001800000064016000FF00000061
:20ADA0000800000068016000FF000000080000006C016000FF000000080000007001600016
:20ADC000FF0000000800000074016000FF0000000800000078016000FF00000008000000B0
:20ADE0007C016000FF0000000800000084016000FF0000000800000088016000FF0000009B
:20AE0000080000008C016000FF0000000800000090016000FF000000080000009801600045
:20AE2000FF0000000800000050066000FF0000006C0000005C0660000F0000000000000019
:20AE40007C036000FF000000ED000000E40341000400000004000000F005410000FF0000C2
:20AE60000021000034074100FFFF0000215F0000E0064100000F000000000000E406410056
:20AE80003F0000002700000040014100FFFF00001005000064014100FFFF0000100A0000F9
:20AEA00050034100FFFF00001005000078034100FFFF0000100A0000F00741003F000000A0
:20AEC00039000000F40741003F000000390000006800320000060000000000006C00320047
:20AEE0000006060600000000E40032000600000000000000000064000400000004000000B8
:20AF00000800600004000000040000002C044100FFFF0000CC0000003C064100FFFF000005
:20AF2000E8880000E4074100FFFF00006D6D00008C026000FF000000FF00000088026000C7
:20AF4000FF0000000B0000008C034100FFFFFFFFF76C000098026400FFFFFF031F02CE01CA
:20AF6000A4026400FFFF0000FF36000094026400371F0000100E0000B8004100FFFF00002F
:20AF8000C5E200009C026400FF0100004F000000A0026400FF0700004A040000AC0264004D
:20AFA000FFFF0000E4BD0000B0026400FF0000003A000000AC016400FF000000A3000000F0
:20AFC000D8044100FFFF00003384000048014100FFFF00002E03000058034100FFFF00004C
:20AFE0002E03000060014100FFFF00000509000074034100FFFF0000050900004C01410020
:20B00000FFFF0000090800005C034100FFFF00000908000044014100FFFF000009090000DC
:20B0200054034100FFFF00000909000050014100FFFF00000F07000060034100FFFF000020
:20B040000F0700005C014100FFFF00000E0900006C034100FFFF00000E0900000901040252
:20B060000F0000220302010002030BFB000801FB0008010F0F0F11030440010000F00128E2
:20B080000400000020153200FFFFFAFFD9033EFE2815320000007FFE3410280290016400E7
:20B0A00071000000D3000000F001280100000020153200FFFFFAFFDD033EFE900164007152
:20B0C00000000010000000900064003E0000000C000000F001280200000020153200FFFFA2
:20B0E000FAFFD9033EFE9001640071000000D3000000900064003E0000003E000000F001A5
:20B10000A001030000001015320000000000F0F0F0001415320000000000F0F0F00018150C
:20B12000320000000000F0F0F0001C153200000000004C4C000020153200FFFFFAFFDD03D4
:20B140003EFE2415320000000000000000002815320000007FFE3410280234153200000073
:20B160000000F00000003815320000000000000000005015320000000000CA0600006C018C
:20B1800064000E0000000C000000900164007100000010000000900064003E0000000C007D
:20B1A00000000107B503040614324B64758705D904D904D904D904D90431053105310531AB
:20B1C000053105CC05CC05CC05CC05CC05CE06CE06CE06CE06CE060F070F070F070F070F94
:20B1E000075307530753075307530714FF14FF14FF14FF14FF14FFE003E003E003E003E0A8
:20B2000003600460046004600460040A050A050A050A050A05080508050805080508053378
:20B220000533053305330533057805780578057805780514FF14FF14FF14FF14FF14FF0640
:20B240000000006000059C02FFA002FFA402FFA802FFAC02FF0000600005C802FFCC02FF55
:20B26000D002FFD402FFD802FF00006000058803FF8C03FF9003FF9403FF9803FF000060B0
:20B2800000059C03FFA003FFA403FFA803FFAC03FF00006000058003FF8403FFA006FFB4A5
:20B2A00002FF3807FF0000600003A406FFE806FF9806FF42424242423D3D3D3D3D43422198
:20B2C00021014342212101A7E81805FA65CCCC4B4B4B4B4B484848484843422121014342B5
:20B2E000212101A7E81F04FA66CCCC5A5A5A5A5A535353535343422121014342212101A7C9
:20B30000E81F04FA66CCCC6868686868616161616143422121014342212101A5E81F04FA03
:20B3200066CCCC76767676766C6C6C6C6C43422121014342212101A5E81F05FA67CCCC89E2
:20B3400089898989737373737343422121014342212101A5E81F05FA67CCCC0107B503028E
:20B360000614324B647587056B046B046B046B046B04EB04EB04EB04EB04EB0490059005D1
:20B38000900590059005CA05CA05CA05CA05CA0501060106010601060106450645064506DF
:20B3A0004506450614FF14FF14FF14FF14FF14FF7203720372037203720360046004600410
:20B3C00060046004A104A104A104A104A104B804B804B804B804B804CF04CF04CF04CF0474
:20B3E000CF042605260526052605260514FF14FF14FF14FF14FF14FF060000006000059C2A
:20B4000002FFA002FFA402FFA802FFAC02FF0000600005C802FFCC02FFD002FFD402FFD816
:20B4200002FF00006000058803FF8C03FF9003FF9403FF9803FF00006000059C03FFA00326
:20B44000FFA403FFA803FFAC03FF00006000058003FF8403FFA006FFB402FF3807FF0000EA
:20B46000600003A406FFE806FF9806FF4545454545201F1E1E1E43422121014342212101B4
:20B48000A7E81805FA6502CC4545454545242323222343422121014342212101A7E81F0489
:20B4A000FA6602CC4545454545302F2E2E2E43422121014342212101A7E81F04FA6602CCAC
:20B4C00045454545453E3E3E3D3E43422121014342212101A5E81F04FA6602CC454545455C
:20B4E00045484646464643422121014342212101A5E81F05FA6702CC45454545454F4C4CF7
:20B500004C4C43422121014342212101A5E81F05FA6702CC02077F040605D904D904D904F5
:20B52000D9046B043105310531053105EB04CC05CC05CC05CC059005CE06CE06CE06CE06CF
:20B54000CA050F070F070F070F0701065307530753075307450614FF14FF14FF14FF14FFAB
:20B5600014FF010000006000059C02FFA002FFA402FFA802FFAC02FF42424242424B4B4BEE
:20B580004B4B5A5A5A5A5A68686868687676767676898989898902077F020605D904D90401
:20B5A000D904D904D90431053105310531053105CC05CC05CC05CC05CC05CE06CE06CE0655
:20B5C000CE06CE060F070F070F070F070F075307530753075307530714FF14FF14FF14FF47
:20B5E00014FF14FF010000006000059C02FFA002FFA402FFA802FFAC02FF42424242424BF1
:20B600004B4B4B4B5A5A5A5A5A6868686868767676767689898989890007041F000000030C
:20B6200001D201902F220003191800F6FF130037005A007B009400B400D300F30010012EC0
:20B64000014C016C018C01A901C701E401060220023B02540272028F02D800F6FF14003375
:20B6600000560078009800B700DB00F90017013801550172019001AD01CC01EA01080218A6
:20B6800002320250026E028C02C5000000010100FE000000000001FFFF000000FF00010060
:20B6A000FE00FF000000000000FFFF000000000000FFFF000000000000D000CECE0000FF26
:20B6C000FF00CECECE0E00FFFF00CECECE2B0001FF01CECECE3F0002FF01CECECE4E0001FB
:20B6E000FD01CECECE000000000000000000000000000000000301C401380B2000FAFABF03
:20B70000BFE8E80B0BFBFBBFBFECEC0B0BFCFCBFBFF0F00B0BFDFDBFBFF4F40B0BFDFD9BAB
:20B720009BF4F40B0BFDFD8989F4F40B0BFDFD8080F4F40B0B7D7D8080F4F409093D3D8080
:20B7400080F4F408081D1D8080747408080D0D8080343408080505808014140808060680DF
:20B76000802C2C00001D1D0000303000000D0D0000343400003C3C4040F0F004041C1C407D
:20B7800040707004040C0C4040303004040202404008080404030340400C0C0404040440F7
:20B7A000401010040405054040141404040606404018180404060640401818040403016477
:20B7C000F80B2000F83FE003F83FE003F83FE003F93FE403FA3FE803FB3FEC03FA1BE8038C
:20B7E000FA09E803FA00E8037A00E8017B00EC017C00F0017D00F4013A40E8043B40EC04FB
:20B800003C40F0043D40F4041D4074040D40340444401005454014054640180506401804AD
:20B8200006401804030105820920000103010520042200020407980104321F00001C00008B
:20B840001A02001701001530001311001102000F10000E12000D03000B11000A02000902B6
:20B86000000830000701000714000622000500000504000507000587000407000477000316
:20B880002500030900032B00036C0003FB0002390002A900028C0002AE000122000135005F
:20B8A000012800016900012D0001CC0001DE0001FF00015F0101AF0101FF01016D02019DFA
:20B8C0000201CD0201CF02011C03010F03012F030407980102321F00001C00001A02001718
:20B8E00001001530001311001102000F10000E12000D03000B11000A020009020008300011
:20B9000007010007140006220005000005040005070005870004070004770003250003097C
:20B9200000032B00036C0003FB0002390002A900028C0002AE0001220001350001280001C5
:20B940006900012D0001CC0001DE0001FF00015F0101AF0101FF01016D02019D0201CD02B1
:20B9600001CF02011C03010F03012F0303072A0100000001000000140A0004000000000037
:20B98000000A00FE0BE4FE1C01E4FE1C010A00FE0BF1FF0F00F1FF0F000F03280278147F3E
:20B9A0005A001402141E000203001EAA331905CF00800A9200000000070000A20000000033
:20B9C00000000000030120600622000001000000D00700010F0300000000000000010101CD
:20B9E00000000000000000030110042122001E2E8024010000000C000000030144B4F821DA
:20BA00000041004E0000000000630079000000000041004E00A900B80063007900000116D8
:20BA200001C700F300000000002A016E0100000000C700F300FE012B022A016E01010343EA
:20BA40000303010554FD21000103010555FD210000030178FC3F2200018000070005090D6F
:20BA60001115191D0005090D1115191D00000000000000000A0602FEFAF6F2EE0703FFFB0F
:20BA8000F7F3EFEB0A0A0A0A0A0A0A0A000000000000000000000000000000000000000092
:20BAA000000000001010A500000000000000000000000000000000001010A1000000000000
:20BAC000000000000000000000000000030178FC402200058001070005090D1115191D0088
:20BAE00005090D1115191D00000000000000000A0602FEFAF6F2EE0703FFFBF7F3EFEB0A1D
:20BB00000A0A0A0A0A0A0A00000000000000000000000000000000000000000000000010CF
:20BB200010A500000000000000000000000000000000001010A1000000000000000000008F
:20BB4000000000000000000301B30628352200054442454441403F3F3F4F4C4F4E4C4B4A3E
:20BB60004A4A5B595B5B59575555566B696A696A676567677975777577737375758A8888B1
:20BB80008686848484854B484C4A47464444445A565A5855545252536864686664636262DF
:20BBA000637C787C7A78767474768D898B8B8987858587A29FA1A1A19D9B9B9F444245447A
:20BBC00041403F3F3F4F4C4F4E4C4B4A4A4A5B595B5B59575555566B696A696A67656767B5
:20BBE0007975777577737375758A8888868684848485A55656565654545454546666666634
:20BC000065656565657575757574737373737F7F7F7F7E7E7E7E7E8E8E8E8E8E8E8E8E8EA7
:20BC20009393939393939393935858585857575757576767676666666666667777777675DD
:20BC4000757575757E7E7E7D7D7D7D7D7D8D8D8D8D8D8D8D8D8D9393939393939393935632
:20BC600056565654545454546666666665656565657575757574737373737F7F7F7F7E7E81
:20BC80007E7E7E8E8E8E8E8E8E8E8E8E939393939393939393A11F1F1F1F1F1F1F1F1F3019
:20BCA0003333333333333333424243434646464444645C645D60605D60607E7E7E7E7E7E36
:20BCC0007E7E7EA19F9FA4A6A6A6AAB01D1E1F1F1F1F201E202C2C2C2C2C2C2C312E3E40F5
:20BCE000404343434345435758585B5B5B5B5D5D6D6D6D6D6D6D6D7272868B8D939090957E
:20BD00009393232221212121212222262726262626272829363432323233343638474745CA
:20BD200045454749494D585454545558585C5D68606060606468686AA4544F504D504946F8
:20BD40004543605B5C595D5752514E78737471756F6A69659893928F928C878682B2ADAB57
:20BD6000A8A89D989996CDC8C6C3C3B5B0B1AE44424041433F3C3B3A504C514C4D474847D4
:20BD800049625E5E5C5F5458515467616360655455484B726E6C6B6E66605B5F8884818151
:20BDA000837C77747858535451544D4A4A44625D5E5B5F5954514E78737471756F6A67634D
:20BDC00099949491928C878885AFAAA9A6A59D989996CAC0C4C1C2B6B1B2AFA21F1F1F1FF7
:20BDE0001F1F1F1F1F303333333333333333424243434646464444645C645D60605D60601E
:20BE00007E7E7E7E7E7E7E7E7EA19F9FA4A6A6A6AAB01D1E1F1F1F1F201E202C2C2C2C2CF4
:20BE20002C2C312E3E40404343434345435758585B5B5B5B5D5D6D6D6D6D6D6D6D72728667
:20BE40008B8D9390909593932322212121212122222627262626262728293634323232339E
:20BE600034363847474545454749494D585454545558585C5D68606060606468686A030101
:20BE8000A70152FE2100A5383B3B383235383838454545453D3F4145404C4E4E4C45494C8B
:20BEA0004C4C5D5F5D5D50535A5A556C6C6C6C60636C6C6C7A7D7D7D7070777A7A4E4F4EEA
:20BEC0004D48484A4A4A5E5E5E5E5A5A5E5E5E72727272696A6E7272808080807C7C808478
:20BEE000848A8E8E8E8A8A8A8E8EA3A5A5A59B9BA3A5A540404046463E3A404445454550B4
:20BF00005045454A504C4C4C4C47494C4C4C5D5D5D5D4A505A5A5077777780877373737AB8
:20BF20008181819090817E84900301A701F5FE2100A55656565654545454546666666665ED
:20BF4000656565657575757574737373737F7F7F7F7E7E7E7E7E8E8E8E8E8E8E8E8E8E9336
:20BF60009393939393939393585858585757575757676767666666666666777777767575B8
:20BF80007575757E7E7E7D7D7D7D7D7D8D8D8D8D8D8D8D8D8D93939393939393939356560E
:20BFA000565654545454546666666665656565657575757574737373737F7F7F7F7E7E7E16
:20BFC0007E7E8E8E8E8E8E8E8E8E8E93939393939393939303010E98FF2100090008101839
:20BFE000283840484E03010514042200000301050F04220000030106CAFC21000000030195
:20C0000005CCFC21000003010ACDFC2100EEEEEEEAE8EF030105BDFC2100F6030105BCFC15
:20C020002100FF0301055CFA2100000301055DFA2100000301055EFA2100010301055FFAFA
:20C0400021000103010562FA21000103013424FB21001258FFFF164006400E4016401E40B9
:20C0600026402E4036403E40FFFFFFFFFFFFFFFFFFFFFFFFFFFFFFFFFFFF020001001AE00D
:20C080001A600301C40164FA21001058115812581358145815581658175802580A5812585C
:20C0A0001A5822582A5832583A585258126012681218FFFFFFFFFFFFFFFF1258925812597F
:20C0C0009259125A925A125B925B125C925C125D925D124812501258124012D8FFFFFFFFAB
:20C0E000FFFFFFFFFFFFFFFFFFFFFFFFFFFFFFFFFFFFFFFFFFFFFFFFFFFFFFFFFFFFFFFF60
:20C10000FFFFFFFFFFFFFFFFFFFFFFFFFFFFFFFFFFFFFFFFFFFFFFFFFFFFFFFFFFFFFFFF3F
:20C12000FFFFFFFFFFFFFFFFFFFFFFFFFFFFFFFFFFFFFFFFFFFFFFFFFFFFFFFFFFFFFFFF1F
:20C14000FFFFFFFFFFFFFFFFFFFF03011CA4FB2100E2DFDCD9D6D3D0CECCCAC8C6C4C2C0E2
:20C16000BEBCBAB8B6B4B29C9703010AF5FC210000000000000003010AFBFC21000000003E
:20C1800000000003011448312200EBFFEBFFEBFFEBFFEBFFEBFFCE00CE0003010CE5FC21C2
:20C1A00000DCDCDCDCDDDDCECE03010CEDFC2100E9E9E9E8E9EACECE03011494FB210000C5
:20C1C000000000000000000000000000000000030114562D220000000000000000000000A2
:20C1E00000000000000003011458312200D3FFD4FFD4FFD2FFD2FFD2FFD2FFD2FF03010CDF
:20C20000DDFC2100000E182B3F4EFFFF030105D3FC2100010301055AFB2100CE0301055B9D
:20C22000FB2100FF03010560FB2100F103010561FB2100B50301055EFB21000A0301055B41
:20C24000FA21000303010559FA2100020301055AFA21000103010680F72100000003010517
:20C26000BFFC210005030105D0FF2100010301641600220076665D534A443E39645A50495B
:20C28000443E39358A776C615750494375695D564F48433E9F897D70655D554E87796C63BB
:20C2A0005C544E48B0988A7C70675E579586786E665D5750C5AA9B8B7E746A62A796867B62
:20C2C0007369625ACDB1A29183796F66AF9D8C81786E665E0301647600220076665D534A6B
:20C2E000443E39645A5049443E39358A776C615750494375695D564F48433E9F897D706518
:20C300005D554E87796C635C544E48B0988A7C70675E579586786E665D5750C5AA9B8B7EB0
:20C32000746A62A796867B7369625ACDB1A29183796F66AF9D8C81786E665E030164D60024
:20C34000220076665D534A443E39645A5049443E39358A776C615750494375695D564F48BA
:20C36000433E9F897D70655D554E87796C635C544E48B0988A7C70675E579586786E665D0F
:20C380005750C5AA9B8B7E746A62A796867B7369625ACDB1A29183796F66AF9D8C81786E0C
:20C3A000665E0301643601220076665D534A443E39645A5049443E39358A776C6157504962
:20C3C0004375695D564F48433E9F897D70655D554E87796C635C544E48B0988A7C70675E5F
:20C3E000579586786E665D5750C5AA9B8B7E746A62A796867B7369625ACDB1A29183796F36
:20C4000066AF9D8C81786E665E0301649601220076665D534A443E39645A5049443E3935BA
:20C420008A776C615750494375695D564F48433E9F897D70655D554E87796C635C544E48C3
:20C44000B0988A7C70675E579586786E665D5750C5AA9B8B7E746A62A796867B7369625A6E
:20C46000CDB1A29183796F66AF9D8C81786E665E030164F601220076665D534A443E3964C1
:20C480005A5049443E39358A776C615750494375695D564F48433E9F897D70655D554E870E
:20C4A000796C635C544E48B0988A7C70675E579586786E665D5750C5AA9B8B7E746A62A7AF
:20C4C00096867B7369625ACDB1A29183796F66AF9D8C81786E665E03011416032200000055
:20C4E0000000000000000505050505050505030114260322000000000000000000050505A2
:20C500000505050505030114360322000000000000000000050505050505050503011456F9
:20C5200003220000000000000000000505050505050505030114660322000000000000000B
:20C540000000050505050505050503011476032200000000000000000005050505050505DD
:20C560000504030C1401140014141A660A150000FE0000FFFFFFFFFFFFFFFFFFFFFFFFFFC2
