:02000004FF00FB
:204000000AFB0000B023001000000011000000120000001700191318141A150E04014CFC9C
:204020000C00001D0100000000000000000000000000003F00010000000000000000000016
:20404000000000DB000001000000000000000000000000AF000000010000000000000000D4
:20406000000000390000000001000000000000000000009102000000000100000000000072
:20408000000000950000000000000100000000000000001B0000000000000001000000006E
:2040A0000000000906000000000000000100000000000015020000000000000000010000D8
:2040C0000000003B010000000000000000000100000000DD000000000000000000000001C5
:2040E0000000009D0400000000000000000000000100004F010000000000000000000AFBC9
:2041000000F7B023000000000100E70000000000000000000000000000018FB06CBF9B8B5C
:2041200092CFD418D2ABA075E200EFEFF6CF58C2187FB359763DF6E301008B8019195A0A30
:2041400003B13A6C6CF6BE010000D96A73D37F4617DE6999B86A0100000047527155EC50E1
:20416000DA91320663010000000011834654C06CAA52932C00000000000073A0F379E2FCC6
:20418000FFF7B3000000000000002580ECC75B81ABA100000000000000004DB0D81180C9C7
:2041A00002000000000000000000BBA4F9248E0500000000000000000000D72460A70C00E0
:2041C00000000000000000000000B9269C1C000000000000000000000000E3D92600000066
:2041E000000000000000000000007743000000000000000000000000000089000AFB00EE89
:20420000B12300000000000000000000000000000000000000000000009400000000000036
:204220000000000000000000000100000000000000F7130900511B0D00271309005F1C0D26
:2042400000631A0900000000003D16090000000000C5160900A9180900151509000100009A
:204260000000000000580200000000000009EA0100BD380D000000000000000000000000EE
:2042800000000000000000000000000000FD360D0055E601000000000000000000000000A2
:2042A000000000000000000000000000000000000000000000000000000000000040420F6D
:2042C0000073990D00D81E0C006ACD0A00ADA00900A5940800C3A50700DCD006001B130696
:2042E00000FD69050044D30400EE4C040035D50300806A0300660B0300A40A8300E5B223A1
:2043000000B60200196B0200C6270200C5EB01004AB60100000000000000000000000000BE
:2043200000000000000000000000000000000000F0000000C0000000FFEFA7000000000038
:2043400000000000000000000000000000000000000000000000000000000000000000005D
:204360000000000000000000000000004E4C0000581B240008000100000001000000000002
:204380000AFB00E0030D006B48418821F02001418001210170418841F0100141804FF0FF1C
:2043A0003141606549C161704710B553F74EFB01280AD16248016841F0600101604FF448B7
:2043C00010C16F21F00121C16710BD4FF44810C16F41F00121C167C16F21F00621C1675748
:2043E00048016821F060010160704770B5564C5448C4F8E4005649544808615548C4F8B0D2
:20440000015548007810B95449402008603EF70DF95348C4F898010BF0FCF9FFF7B4FF5044
:204420004859F76EFC4F484F490025C0E90051AFF26701C0E90251AFF2910101614B4941BD
:204440006159F746FC01F053FB0CF013F84948474901654849C1654848C4F8A80149494717
:2044600048086009F024FC0BF015FD0BF0CFFE45480126067000F022FC01F0CDFF430AFB61
:2044800000D7040D0049252008704248C4F8CC0003F0C7FB41484249057040484FF4C672DB
:2044A00006600820087600213F489EF77EFC3E4A00203E4C642302EB8001096801EB810133
:2044C0000901B1FBF3F144F82010401C0328F2D370BD10B53748374A00219EF766FC364901
:2044E000002008700CF01FFA364934480860AFF2FF0034490860344944F62060086033480D
:20450000A9F7D7FC421C314932489EF7F9FB1149314808603149402008700C4C3048E062AE
:2045200055F784F92F48C4F890002E48C4F804022E49012008602D494420487010BD6435BF
:2045400020000DD70A001C0436002D0D0D00C4AF2000ADC80D00C436200009C70D00E9506B
:2045600021004C01320049860D00EC6C2000857C0200377C0200BD740D0068020A7A00CE95
:20458000050D00210037830D0039D20D00A5190D003C142000801E200048372000AD130DA4
:2045A0000052B323002814200008BD200088B4230084192000EC1B240064B3230094680015
:2045C00000FCB123008FC90D009436200068512100E01B20004886200064B32300E1C90DE8
:2045E00000481E200075650D004F110D00755E0D008C202000A03720000A0800FCB123005C
:20460000000000000A500044060D00F0B511490F480F4E48610020361D012756F8304062D2
:204620000951F8223004F01F0407FA04F52B4341F8223006EBC00252684B6942F001025224
:204640004203EB40031A80401CE7D0F0BD000000B2230084AF20000A100000B22300000076
:20466000000094000000000000000A180000020D0003B400F0BAFE03BC0446D0F89C008E1B
:20468000F746BF00000AFB0090060D002DE9F041044690F8A000FF4900270860FE4994F813
:2046A000A1000860A78194F8900004F18C0510B92846D3F763FC94F8A0002946C4F7F1FC84
:2046C000012684F8926094F8020130B194F8FF10012902D1401E84F8020194F8900002281A
:2046E00020460CD0C07B002808D12046EEF723FE0028F9D1022120468EF7CBFC09E1807B24
:20470000E2F7F0FA054694F8FF0003280CD0A07B4DF75AFD28B1E149B4F8EC00098888424D
:2047200002D2022184F8FF10E07B01280AD1DC48006838B1DA48A17B90F83300884201D18E
:204740004DF7A9FDA06E48B194F88C00C0F3C300401F022802D9204693F7BEFA94F88C00B6
:2047600094F89410C0F30202C1F302018A4271D1E566ADB2A4F8F050CA492046D3F74DFC7B
:204780002046EE0AFB0087070D00F7D8FD18B9022120468EF781FC94F890000228B1D194A1
:2047A000F88C00C0F3C301C14801293ED894F8A02006FA02F102688A43026084F8FE7020D3
:2047C00046EEF7BCFDA0B9E07B002878D194F8A01006FA01F0B7490968084203D094F88CFD
:2047E0000000061BD484F80861022120468EF777FFE07B002863D194F8A00083F717FE00E9
:20480000285DD194F8A000C1F7D2FE90F84200002855D194F8A00003F07CFB50E094F8F92B
:20482000000028E8D184F80861E5E703294BD394F8A02006FA02F1026811430160E07BA83B
:20484000B92046EEF77BFD88B994F8050130B19948017884F80211984805E057E098480162
:2048600078984884F80211017884F8031194F8000158B994F88D00C0F3400194F8A20081EE
:20488000420AFB007E080D0003D184F80061A4F8F250E07B78B994F8A00083F7CBFD50B9AC
:2048A00094F8A000C1F787FE90F8420018B994F8A00003F089FB94F8921084F8FE1084F81D
:2048C000FA6084F80A6194F89000022828D12046EEF738FD20BBE07B012821D17C4991F839
:2048E0003300E8B90868A04203D1B1F92C10002916DC94F8FE10012912D9A04202D08DF7D6
:2049000035FE0DE090F80C0150B18DF72FFE8FF7AAF805E0400703D08DF728FE6D48067034
:2049200094F8050110B12046C0F79EFA20468FF765F928B120468FF72BF920468FF71CF93B
:20494000217C2046C5F7C8F894F8A00095F7FDF8054694F89000022808D194F88C000006A3
:2049600006D5A07BE2F7C5F9C5F84C01BDE8F081594800680028F9D0A07BE2F7BAF9D50A0A
:20498000FB0075090D00F84C1199F750FC544909688842EED994F8A000BDE8F04140F4008B
:2049A000414FF480507FF7ABB82DE9F05F04460020012905D184F8930084F8F90084F8FA01
:2049C00000484A12686FEA0202920712D18046A081E07B4FF44616884265D0D3F70BFA4201
:2049E0004910B9C87C000710D594F8940040F080020FE0002340F2062240F217413B489C8E
:204A0000F794FEBDE8F05F8DF7B4BD94F8940020F08002374884F89420007842080AD0C067
:204A20000794F8940002D040F0800201E020F0800284F89420C87C8946010704F18C0B027F
:204A4000D45846BFF7D1FCD4F89C00DFF888A00127F8B194F88C0000061BD5264994F8A080
:204A600000096807FA00F0084213D12046EEF76DFC00287ED1E07B01287BD19AF80AFB0014
:204A80006C0A0D0033105046002977D10068A04274D094F89A00002870D1B4F894004FF0AD
:204AA000030B60F30F05E07B012855D128E028E1D4142000D81420002A152000B89F2000DC
:204AC000644F260048122000BC0E200037122000381220003512200036122000407D20001A
:204AE000C21420002814200024142000544131004087200007000200D81120000CB223006C
:204B000025F0780060F30705C5F3072020F07C0060F30F2584F8FFB02046EEF71AFC002803
:204B200054D1DAF800005146A0424FD194F8A02007FA02F0FC4A1268104247D194F8900060
:204B4000022843D194F88C00C0F3C30001283DD884F808714C6039E094F8F80030B3B4F87E
:204B6000EC00042822D394F8FF0002281ED394F80201D8B9ED48006801E03A0AFB00630B37
:204B80000D00E03DE0000714D4A07B4DF72EFB28B1E949B4F8EC00098888420AD225F0782D
:204BA0000060F30705C5F3072084F8FFB020F07C000DE025F0780000F1080060F30705C569
:204BC000F3072020F07C0084F8FF7000F1040060F30F25A8B2C6F8CC0A84F8987099F813B2
:204BE00000000706D40023C5F3C3011A460120BFF7C6FD84F80D816AE0E07B08B984F8FF50
:204C00007094F89B0040B104F1950484F80680207880F0020004F8950994F89A0050B1D4DD
:204C2000F8D80000F10100C4F8D8004FF0020084F80D0101E084F80D7184F89A7084F8F97D
:204C40007084F8097199F81300C00602D52046D4F7CFFEB4F89400C6F8CC0AB4F89600C6D3
:204C6000F8D00A5846D3F74FF994F8A00083F7ECFB50B994F8A000C1F70AFB005A0C0D00C0
:204C8000A8FC90F8420018B994F8A00003F023F914F8940FAB49C0F3C300085C2071A4F1F7
:204CA0009404A0F10100A081E07BA0B92046EEF757FB80B994F8050128B1A248007884F8D6
:204CC0000201A14804E0A148007884F80201A048007884F8030199F81300000702D520465C
:204CE000BFF7B0FF94F85E0000280FD0B4F8960041F6FB7108400128D6F8D00602D140F061
:204D0000010001E020F00100C6F8D006BDE8F09F84F8908084F89180D3F7B2F894F85E0061
:204D200028B1D6F8D00620F00100C6F8D006A06E0028EBD0B4F87E00A081E7E7AFF27F31F6
:204D4000854A8548D160C160AFF293611162016270472DE9FC41814F694601A83C688EF79F
:204D600005FE386054B1A04203D07D480078A07404E0009810B9200AFB00510D0D00468EE4
:204D8000F7E9FD38684FF00108002620B1A0420CD08EF7BAFD07E073484246103001680189
:204DA000B92AB94BF798F8386808B1009828B127F82C6FBE7187F8078052E097F833005880
:204DC000B1012587F830601CB194F8060184F80701386890F8061120E0019820B3634801B2
:204DE00025006810F4706F01D0614800E06148047897F83200A04213D8C4F749FFC04380B0
:204E00000702D187F8308001E087F83060B86A58B190F80711A14207D2891D80F8071103D9
:204E2000E087F8308000E0002587F8336015B187F83260BE6297F8300018B1042138688E7A
:204E4000F763FC386800F583708670C670067146718671017840780844C0B287F83100B8CC
:204E6000854FF00100BDE8FC8110B5002490F8A00094F77CFE0AFB00480E0D0058B1D0F8FC
:204E8000D41041B143F69822914204D890F8DF00022800D10124204610BD10B50C46FFF7D3
:204EA000E7FF10B13F2C00D23F24204610BD70B52E4E2F4D306890F80511E9B190F8FD10F6
:204EC00099B990F8A020012101FA02F11D4A1268114203D090F88C20120606D4284A294B15
:204EE00012681B681A43114206D090F8A00082F70DFC08B9AC7800E06C78306890F8FD10AF
:204F000019B1695CA14200D90C460F490968090700D5EC78D0F8DC10491C3BD0807BE1F7EB
:204F2000FDFE3168D1F8DC1099F79DF9164900282CDB32684FF0FF30C2F8DC003F200870FF
:204F400028E00000BC0E2000341820002A152000744F260037122000381220003512200071
:204F600036122000FC2020005C122000407D20004C12200A91003F0F0D0000441220003305
:204F8000122000321220003813200048122000341220000878844200D2044621463068FFD0
:204FA000F77FFFC1B2306892F79EFF1348007886F8340070BDF8B50446D0F89C00104E01DF
:204FC0002598B101226946204692F7D6F894F894100C4AC1F3C301515C814206DD94F8A057
:204FE000008540306805433560F8BD94F8A00085403068A8433060F8BD0000391220000C92
:20500000B22300744F26000A08000CB22300000000000A9C00CC0F0D002DE9F043002405DF
:20502000460E46224FA04627E0641C71084FEA3500401971414B084FEA30024FEA121040AD
:20504000EA0370801843EB13114FEA102545EA0165281841EB11214FEA104545EA0145283D
:205060001841EB11414FEAD00040EA41704FEAD101451C64B241F100063A68521B78EB0684
:2050800003D2D30A3C4FFA84F9002401E0641C64B257F82420A81A76EB0801F7D309EB89BB
:2050A00000C4EB400040B2BDE8F08300002C7426000A240014020D0000F026FFBDE8F081B5
:2050C000BDE8F04301F0DFB8BDE8704001F064B9BDE87C4001F040BA0AFB0064100D002D0E
:2050E000E9F04198F75EFE074698F75EFEFC48BAF7DCF9002863D0FA4C208820B9FA48BA8B
:20510000F7D4F900285BD000F0CCFB002857D1F648BAF7CBF9002852D0F548007801284E48
:20512000D8F448BAF7C2F950B1EF48BAF7BEF930B1F148BAF7BAF910B14AF7C2FE3FE020D0
:20514000884FF6FF7548B190F7A4F830B10168A94203D2A1B34AF713FE31E0E648BAF7A5AD
:20516000F968B3E3480068001F00F11804807B99F70CF94108206899F78EF8401E6FF07CAC
:2051800041DE4E4FF44614884219D205E0A84203D1D4F88400BE2809D399F702FD01463095
:2051A000888142F3D1D4F88410BE29EFD83088A84202D199F7F5FC308000204AF763FC3834
:2051C00046BDE8F04198F7F3BD2DE9FC5F02204CF748F910B1020AFB005B110D002090F775
:2051E00028FBC84E4FF0020A86F83BA00127DFF818B33068002498B34CF753F930B97068B1
:2052000098B33168807C897C88422FD9306838B34CF747F978B93068417C02290BD180893B
:2052200048B1706838B1B949807C0978884202D286F83B40F8E0306890B1C17B012903D1B3
:205240009FF7D7FA306858B1017D022908D17169884205D100220121AE48746167F709FBD9
:205260007068B06086F83F401BE0FFE73068808958B19BF8090070B9002340F205128D21DF
:20528000A5489CF78BFA8CF782FE3068817D29B18DF7A8F9CCE786F83B70C5E0B06086F862
:2052A0003F70B06880B14CF7FCF868B13068002872D04CF7F6F818B1B46086F83F4003E0B6
:2052C0003068B06086F83F704FF44615D5F82406B168C0F30AFB0052120D0002189048111F
:2052E000B18A7B424502D17462B4620BE0F268914256D196F8391029B17462B4620068A0CE
:20530000F1030000E00068C5F8900030684FF44519A8B1D9F830214946920710D586F83B8A
:2053200070C1F830A191F729FBB0683168807C897C88427CD3E869800179D48CF7FCFDDB86
:20534000F80C005D4630B100234FF4BE728D2173489CF727FA306820B101680A690AB1030F
:20536000219047B06880B30168096969B385F8444085F8454001680A6900219047E868606C
:20538000BBB0684CF791F8C0B1B568B46086F83F4028468FF74BFA28468FF771FA1AE01726
:2053A000E0716A19B9B16A0229ACD8A5E70329A9D1B16AB1F59A7FA5D99EE795F845002095
:2053C000B1B460204686F83F4005E095F8460008B1B40AFB0049130D006030E7B0688CF700
:2053E0005BFFB0689FF7EBF9032086F83B00D9F8380110F0100F05D191F742FA002091F77A
:2054000078F918E06946404698F7A9FF0098C0438107464809D1464B02881B780199D21AF8
:20542000914202D391F7DEFA05E003880322114602208FF776FD0120BDE8FC9F10B502F045
:2054400021F8344890F83B0003280CD13948006810F0100F07D191F713FA91F7E4F80120F2
:2054600091F747F901E091F7DEF891F78CF8012010BD2DE9F0430546407D85B00C4630B172
:20548000002340F21A228D2126489CF78EF901202875687528680021826A2846904730B1E7
:2054A00090F8200018B12146284690F78BFA1648BAF706F8144E40B130682D1D456028602B
:2054C0006E60356005B0BDE8F0834FF0FF3214210AFB0040140D006846CDF7AEFAA87B98BC
:2054E000F762FF4108A87B6F464DF8201028468FF739F98046B14634683EE008132000A046
:205500000F20006C0F200010132000CC1A2000F812200000132000B01920009C7E200050A8
:205520007E2000BD122000E07E2000070002004C292000DA122000BE12200038413100A07C
:205540007A261F57F82010491C05D198F72CFFB17B400847F82100B07B57F8201030468F95
:20556000F701F9804507D860682D1D01684D60296068600560A9E724684C45E0D12D1DD937
:20558000F804004946C9F80450F1E72DE9F0410446007C0026102810D1606AB24990F8A05A
:2055A00000012600EBC00001EB80002438C169012903D18169A1610021C161A0694500A00C
:2055C0007B98F7F1FE854201D32D1A02E0400AFB0037150D001BC0F18055E07C4FF00067CD
:2055E000032805D1BD4203D9204690F786FA0546052D01D9BD422CD920468FF7C4FC9C4E71
:2056000025B1022D04D83069A04201D0032000E0042020752068416809B12046884702205F
:2056200020753068A0423DD1934890F84400002838D096F83B00002834D1012086F83B00A6
:205640008E4802220388BDE8F041114610468FF76FBC0620B0EB550F14D320680021826AF0
:205660002046904748B190F8200030B16908204690F7AFF920468FF793F82046BDE8F041B2
:2056800090F726BA6908204690F7C2F9002E09D0204602F0C8FE10F0FF0F03D0BDE8F041AE
:2056A00002F045BEBDE8F08170B5054600F11804807B98F77CFE0146227A4FEA50000646A6
:2056C000920702D581F000604008A1880AFB002E160D0011B1E28898F7FBFD6A4A296812B8
:2056E00068914201D0E1880CE0696A624A91F8A01001EBC10102EB810111F8242D002AF1FF
:20570000D0C989EDF789FEE188091AA07A48B1701820F07840206002291DD9E18898F7D0A4
:20572000FD18E0287D0122062800D182B90D2800D16AB9554AA87B1268C2F3021290420270
:20574000D1022904D201E0042901D2E0880144701820F07840206070BD7FB54C48D0F8D884
:205760000010B18047002808D1434E002596F83A0020B18CF748FF86F83A507FBD34687433
:20578000B1607C012808D12068C268002AF5D096F83C10204690477FBD3848407A10B986FD
:2057A000F83D507FBD96F83C1020469FF7B7F838B1A58116F83C1F20469FF7B8F875707F1B
:2057C000BD3349A089087010B1400ADB0025170D001EA0817FBD314898F7C9FD8CF744FFB1
:2057E00010BB4FF44511D1F8380110F0080F04D0D1F8380110F0100F16D116F83C1F204681
:205800009FF798F87078401CC0B27070A6F13C060328DFD9002340F2F5328D2120489BF7EC
:20582000D2FF8CF7F4FEBEE786F83D502068C268F2B196F83C1020469047A07B6A4602A990
:2058400098F7A6FD0298C0070AD1A07B68B902A9684698F762FD40B1002098F75CFF07E075
:20586000104903980988884202D38CF7D0FE7FBD96F83C1020469FF75DF87FBD88B42300B1
:205880009C7E2000507E2000D81220006413200024863100C4AF20004E152000B850200026
:2058A00007000200D61220000A180034020D0001F0E2FA4FF0000850F703B8BDE8F047017F
:2058C000F0D9BB0AFB00FC170D0038B50020BD4C451E2060234601222946BB48009543F759
:2058E00096F8002301222946B84895F7EFF821680843206038BD10B54EF7E1FEB249096854
:20590000084300D0012010BD2DE9FC4144684588600110D5284694F77AF9C169090406D4EF
:20592000AB4C267B2573B9F770FC26739DE028467EF775FA99E020010DD5284694F767F9DE
:20594000C069000403D4294608204AF79DFD284694F794FE89E0032C04D12846BDE8FC4189
:2059600074F73AB9600703D021460120B9F7E0FC600603D5214601206AF7B9F8200702D5A5
:2059800028467EF7AAFAE00602D528467EF747FAA00602D528467EF71BFA14F4607F02D071
:2059A00020467EF7C7FFE0040DD5280408D525F400452846A1F733FF24F48054E00402D53A
:2059C000280AFB00F3180D0046A1F703FF600501D5C3F720FEA00401D57FF77CFCE0010442
:2059E000D50022022128467DF74DFBA00104D50022032128467DF746FBA0004FF000060893
:205A0000D5754F38686C30811D46F7DEFD386880F88060600016D5284694F7FCF890B190FA
:205A2000F8A31049070ED440F65341ADF8001002218DF80210B0F86410ADF80310674A6962
:205A4000464DF751F9002C03DAAEF71FFA4CF7AAFD20050DD5624890F8351049B190F8368B
:205A60001031B990F8340018B15E4806704CF794FBBDE8FC414AF716B82DE9F04105460135
:205A8000291ED1680520D5584895F76FF80446574E574F10E04EF7C2FB5449534895F72F7F
:205AA000F83088042803D15148FFF731FF03E057F820104E488847641EECD225F480650A68
:205AC000FB00EA190D0003E0022901D17DF7EEFF2846BDE8F0812DE9F04148480025484E64
:205AE00005607068401C7060052835D34DF7D1F98AF789FC394890F8340008B1AEF7E0FB7E
:205B00000124404FA0467560316808FA04F001421FD03D49096809070ED5396808420BD0A5
:205B2000FF2132193960117A491CC9B21172374A127891420DD906E03219117A491CC9B213
:205B40001172302905D93168814320463160A1F7F1FD641C112CD7D35DF7DDF9002406EB0B
:205B60008400017F41B1418B491E0904090C418302D11A305BF7C4FF641C082CEFD3C0F7B7
:205B8000D5FC234CE07C400718D42248007858B121490888401C80B2088020490968884297
:205BA00002D316204EF740FD1D490878401CC0B20870082802D30D709EF77AF8E00A6B004E
:205BC000E11A0D007C000701D4C0F7F9F9D6F790FDBDE8F04175F7C1B8000010B22300D8EA
:205BE000972000A0DC20000C152000793E0700B89F200052B22300FC972000641420001456
:205C000052260080202000BCDD20005C182000581820007C20200040872000420F2000401B
:205C20000F2000440F2000C01420000A080010B22300000000000AFB00481B0D00B749B6AC
:205C400048086070472DE9F0410446B34F007D012600253F1F032801D0042813D196B103CD
:205C60002804D11EB194F852003E5402E094F852003D54606CD3F7BBFBA06CD3F79CFB845A
:205C8000F8576061E0A649062809683AD1CEB394F8570018B9606C90F8270080B9084698AC
:205CA000F700FE012802D12046BFF781FB84F8575094F85A00032809D006280FD106E094C6
:205CC000F85A10206C032901D0062903D1E06D401CE0650EE090F89010012903D1206E4006
:205CE0001C206606E090F89100012802D1606E401C6066207D84F85A002046BDE8F041BFA9
:205D0000F78FBC052823D1002E21D094F8570018B9606C90F8270070B994F85200385C50E7
:205D2000B1084698F7BEFD012802D12046BFF73FFB94F8520AFB003F1C0D00003D54204686
:205D4000BFF772FC606CD3F756FBA06CD3F737FB207D84F85A00BDE8F0812DE9F05F734F80
:205D60000446DFF8BC81006C3A780126A8F108085AB198F8002045463AB96A88531E6B8050
:205D80001AB96B4A12886A802E700025012905D180F8935080F8F95080F8FA50654A12682D
:205DA0006FEA020292072CD1634AC2F8B062E27B8A4271D090F899104FF4461B29B390F8D4
:205DC0008C10090621D594F8531001B9EAB990F89B1039B100F195008571017881F0020150
:205DE00000F8951980F89A60B0F89420CBF8CC2AB0F89620CBF8D02ABDE8F05F8C30D2F7E2
:205E000019BCBDE8F05F8CF72ABCA18D01F00701A185B0F8940000F460700143A185A06C8D
:205E2000D3F7A5FB04F12C04A8B394F82510207861F30AFB00361D0D00C600207094F82460
:205E400000404951F82000617860F386013E48617090F83B00A4F12C04C00656D5206C90B1
:205E6000F8A00093F7EEFE7DF7BEFA0546B0F8D2000BF09BFAA16C43684969B1F84C200113
:205E800068002942D01A448A420AD3511A41600122B5F8D2001146BEF79AFB36E002E039D8
:205EA000E0426032E02078DFF8A0A020F0780020706078B94620F07C00607038789AF80012
:205EC00010A4F12C04084320D0206C90F8A00093F7B8FE7DF788FA0746B0F8D2000BF065A1
:205EE000FA064699F8000048B198F8000030B1B7F8D200002103F083FA88F800502EB19A06
:205F0000F8000010B1B068401CB060A18DCBF8CC1ABDE8F09F00F8905F4570D2F71FF88439
:205F2000F85350F5E700001CB223003C132000400A23002D1E0D00132000A4B223004CB21B
:205F40002300544131000090310000B0230040872000A5B223000A380014B2230001000037
:205F60000000000000F7130900511B0D00271309005F1C0D00631A0900000000003D1609E8
:205F80000000000000C5160900A9180900151509000AFB004C1E0D002DE9F05FF84F0446AE
:205FA0003878DFF8E0B3012350B19BF800005A4630B95088451E558010B990885080137042
:205FC0000025012901D184F82B50EF4800686FEA000080072AD1ED4A9946C2F8B032E07B22
:205FE00088427ED0AA4684F881500121204691F706FA064694F874004FF4461538B994F8D5
:20600000710094F83010801B401C884212DA14F82C0F20F078002070607820F07C00607003
:20602000A4F12C04A08DC5F8CC0AE0E0BDE8F05F8CF73DBB94F8770010B12046D3F7FDFBC0
:20604000A06CD3F7BCFA00286DD004F12C0494F8251020786FF0020261F3C6002070607BE9
:20606000CB49084494F8241002EB4101415C607861F386006070A4F12C04A08DC5F8CC0A2D
:2060800094F83000A0F10100A08184F87290940AFB00431F0D00F87C104846012903D102F9
:2060A0002084F88100A6E084F88100BB4890F83B00C006BDD5206C90F8A00093F7EAFD7D80
:2060C000F7BAF98046B0F8D2000BF097F90546A06C2E684069D5F804A0B0F84C70002E159D
:2060E000D098F8C300032800E0A1E010D1B3F7BCF968B10AEB0700B0EB960F02D3A0EB9666
:20610000000CE0002D76D068683844686072E0002D70D00AEB0700B042F5D3801B68600133
:2061200022B8F8D2001146BEF77AFA63E094F87000B04223DB94F830000128D5F8080A2028
:20614000F0030003D1401CC5F8080A06E0801CC5F8080A94F83000401EA08114F82C0F205A
:20616000F078002070607820F07C006070A4F12C04A08DC5F8CC0A84F8749014E0D5F80825
:206180000A20F00300401CC5F8080A14F80AFB003A200D002C0F20F078002070607820F004
:2061A0007C006070A4F12C04A08DC5F8CC0A7D4E38783178B846084320D0206C90F8A000FD
:2061C00093F76BFD7DF73BF90746B0F8D2000BF018F9054698F8000050B19BF80000D846C5
:2061E00030B1B7F8D200002103F035F988F800A025B1307810B1A868401CA86094F8730029
:2062000030B194F82D00C00702D084F8759003E094F8750000281FD094F8740000281BD0BC
:20622000217D4846022917D1002815D02046BDE8F05F90F744BE94F87A0000280CD194F898
:20624000770010B12046D3F7E1FA04F8285F6570BDE8F05FD1F7AEBEBDE8F09F2DE9F047FA
:2062600090F87A10056C044600297ED104F128044E4A217C11604D4A617C116014F82819E0
:2062800000F1240611B93046D1F7270AFB0031210D00FF95F8A0003146B146C2F7B4FF0248
:2062A00021204691F7B6F80646002084F8570094F82800012702287FD194F8240094F82C24
:2062C00010C0F30200C1F30201884224D1A87B98F7CFF84008E8663146204671F72BFA9476
:2062E000F82800022870D194F8540000286CD195F8A000C0F70BFA0546CDF7F8F810B98499
:20630000F8547061E0287D022801D1002F5CD1284691F7AEFDF3E795F89410C1F302018898
:206320004234D1A87B98F7A4F84008E8662946204691F7B7FE48B10822494605F18C009D4F
:20634000F747FC2868016A28461EE095F8A000C0F7DDF98046CDF7CAF8C0B198F810001075
:206360002814D14146204691F79CFE78B1082200E089E0494605F18C009DF72AFC88F821F9
:2063800070D8F80000016A40460AFB0028220D0088471DE08CF799F91AE011E0A4B223002B
:2063A00048B2230054413100009031000CB0230040872000A5B22300D4142000D8142000E5
:2063C000E07B28B994F87F0040F0010084F87F0094F87F000028E07B06D0B0B9A07C0B282E
:2063E00003D11920A07400E078B994F82C00C0F3C300012803D994F82500C00703D094F861
:206400002800022801D04A20A07494F87000B0420CDD94F87F0048B9E07B012806D17648DF
:206420000178891E07FA01F084F87F0094F87000B0421DDB94F82800012809D094F8240003
:2064400094F82C10C0F30200C1F3020188420FD02046BEF7E6FF58B194F8770040B194F8D6
:206460007600032804D084F876702046D3F7C6F994F82A0001280AD994F87010B14206DDB2
:206480005E4991F84410000AFB001F230D002901D1401EA081BDE8F0872DE9F05F8346045C
:2064A00046012190F7BDFF054694F879004FF0000860B194F87000A8427EDC94F87100A8A4
:2064C0004202DD20468EF76FFE84F87980DFF838A14E4F002D6BDB94F87100A84209DDDA67
:2064E000F800000126A04208D0E07B30B994F87A0018B9204690F7EDFC59E094F87000A8F5
:20650000420CDAA08950B92946204670F74CFC28B984F87C8020469EF7F8FCEAE794F87088
:20652000004FF00B08A8420FD1E07B4A2540B90BF064F828B194F87F0010B984F81280006A
:20654000E0A57484F87C602FE094F8301094F82A20DFF8BC9011440A18AA4238D1E07B014E
:206560002811D10BF04AF860B194F87F0048B9234884F812800178891E06FA01F084F87F32
:206580000001E019200AA60016240D00A07484F87C60E08B062806D194F87000012802D116
:2065A0001E490220087099F8340020B1386810B120469EF7AEFC9AF83C00012800D100E096
:2065C00010E0584670F756FB154938600860BDE8F05F74F7A8BB00EB4100A842EBD184F807
:2065E0007C60E0E746E610B50F480D4C04602C220E492046CCF798FAAFF281302062AFF21E
:206600006110606210BDAE132000507E20009C7E2000B8132000A0DC2000AC1320008C225D
:2066200020005CB42300B4132000AC5126000A1C008CD40D000348044900680968084300AE
:20664000D00120704748122000BC0E20000A0C0048B2230001000000000000000A54004854
:20666000020D00069DCFF725F83A4600214046CFF720F8C4F800806660DCF7BEB92046DCF2
:20668000F763FA6FF30B00216ADCF783BA0021816110BDA1F1010102F08CBBBDE8F04F021B
:2066A000F0A9BBBDE8FC4702F0F3BDBDE8FC5F02F0ABBE0AFB00B8240D0030B5FB4A002168
:2066C0001368FA4A14780FE001EB410203EB8202957A042D06D1157A25B95288824201D1EB
:2066E000012030BD491CC9B2A142EDD3002030BD2DE9F04786B00027044601977DF79BF968
:2067000094F8CE6002A91E3630468AF77EFCDFF898A305000AD0029800EB4001DAF80000C6
:2067200000EB81000C2194F720FA0CE002A88AF758FC40B90023B622BE21DD489BF7EEF840
:2067400006B0BDE8F08708208DF816004FF001098DF813608DF8179094F8CC00ADF80C70BE
:206760008DF814003E46ADF80E708AF74BF98DF81500B4F848004FF00208401C20F00100D0
:2067800080B2ADF81000022801D2ADF81080B4F84A00BDF81010401C20F00100884201D904
:2067A000401A019094F8CE00D8F727FA01996FF0010AFB00AF250D000208440190B4F844F5
:2067C0001002EB4102824201D84800801E8DF8120094F8CD0001280AD1BDF810109DF81286
:2067E00000C1F10801884200DB08468DF8120094F8CD00002879D10127BEF786FE18B1AFB0
:2068000048006800B90027B4F84000400505D5B4F8B60010B1ADF80E0009E0B4F846003BF1
:20682000464200B4F84400410003A88AF72BFCBDF80E0001280AD9A2494968401EB1FBF0E7
:20684000F200FB121020F00100ADF80C0094F8CE0001AA03A9D8F7FCF968BBB4F8400040A3
:20686000051ED5B4F8B60020B9694603A88AF743FD19E04246214603A8CDF800808AF71061
:20688000FDC8B94A46214603A8CDF800908AF708FD88B93246214603A800968AF701FD50CD
:2068A000B903A88AF7CCFB30B9ADF80C60B4F80AFB00A6260D0046004000ADF80E00BDF8BA
:2068C0000C0055B1A4F8C400BDF80E00A4F8C6009DF8150084F8D10023E0A4F8C000BDF816
:2068E0000E00A4F8C2009DF8150084F8D00018E0FFE755B1B4F8C400ADF80C00B4F8C600BF
:20690000ADF80E0094F8D10009E0B4F8C000ADF80C00B4F8C200ADF80E0094F8D0008DF85F
:2069200015000298DAF8001000EB400001EB800056460C2203A99DF7A3F945B90298316858
:2069400000EB400001EB8000807984F8D20094F8CD0001287FF4FBAE0298316800EB40005D
:2069600001EB80004088FFF7AFFE00283FF4EFAE00F02AFEEBE67FB504467DF763F80025ED
:20698000206869468AF748FB20B1E069000405D5012503E068468AF72BFB70B34B48007878
:2069A00018B1E069000400D5012504208D0AFB009D270D00F80E0001208DF80F0020688D6F
:2069C000F80B00206893F790FF8DF80C00B4F8B000ADF80400B4F8B200ADF8060094F8B434
:2069E000008DF80D00214601A889F742FEBDF80400C10704D1BDF80610891E884208DD15A9
:206A0000B1002004B070BD0020ADF80400022602E00DB1012534E0BDF80600D8B92E480037
:206A20007828B9B4F8AA10B4F8A800814204D1B4F8A800ADF806000BE0B4F8BC200AB190EE
:206A40004200D80246012301A88AF723FBBDF80600A4F8B20001A88AF79BFA05002CD0029D
:206A60002D08D1BDF80400A4F8B0009DF80D0084F8B40005E0012D03D1022E01D10225F039
:206A8000E70F4E0098316800EB400001EB80000C2201A99DF7F8F8002204212046A3F71D2A
:206AA000FF94F8FE00000607D500980AFB0094280D00316800EB400001EB8000094908601B
:206AC0002846A2E70000B0202000A820200007000200B89F200000A03200A7202000A920E5
:206AE0002000B42020002DE9FE4F0027064602974BF7E9FB00280DD0F1794FF0010BDFF85C
:206B000020A40BFA01F0DAF80010084204D08143CAF80010BDE8FE8F89F72AFEC0B20328AE
:206B200002D2B17A042904D0022806D2B07A042803D00020CAF80000ECE7002430E04FF002
:206B4000FF30F8490190096804EB440001EB8005A87A20B3B54222D028464BF7B4FBF0B141
:206B60007088E0B16988D1B1CCF705FD022816D9DFF8B88301ABD8F80090C8F800B000931A
:206B8000034629463046029A89F782FBC8F800900199084301D17F1CFFB2022F05D0641C55
:206BA000E34800788442CADBB40AFB008B290D00E70020CAF8000089F7B3FDAEE7491C2139
:206BC000F0010110B589B28180022901D202218180037A521C22F0010123B1082208290072
:206BE000D20A46114683888B4208D24288C91A941E8C4201D2921E00E00A46827110BD2D9D
:206C0000E9F04F8046408887B0B0FBF3F0401C109E0F46994615460190022801D2022002AE
:206C2000E0142801D914200190404689F776F9059098F80A00B8F802A0052804D1B97A0569
:206C40002901D1002401E098F80640B8F8041021440491BA7A052A06D1052804D002290238
:206C6000D9002402210491B4493A7A0A7098F80810069581B191420ED0B97A052901D005D7
:206C80002801D1012300E00023009304AA05A94046069B89F72EFA384689F73FF9039098B4
:206CA000F80A00B7F802B00AFB00822A0D00052804D1B87A052801D1002500E0BD79B88805
:206CC000284402909E4898F808100170387A48B1884207D00023009302AA03A93846069B3E
:206CE00089F70BFA96490520087048E0022C01D2022D20D398F80B20FB7A9A420CD1AC4271
:206D00000FD802D2891E029104E0801EA41E0490881E0290AD1E32E0022C06D30DB19A42F0
:206D200003D2801EA41E049029E0022D03D3002CE8D09342E6D398F80B30FA7A93420DD118
:206D4000022801D802291AD988420DD815D3A0F102000490A1F10200029010E0022806D935
:206D6000022901D0934202D2801E049007E0022905D9022801D09A4201D2891E02910299CD
:206D8000049842184A45B1D8BAF1000F02D0BBF1000F03D1022007B0BDE8F08F0020059D0B
:206DA000039C6EE0040AFB00792B0D00982844A04235D85EB3B97A052905D100E05044A0DD
:206DC00042FCD3001B1EE05D480068C0B9042901D0082914D198F80A00042801D008280E1A
:206DE000D1384689F777F930B989F784F938B904990298884203D202982044401B02E00468
:206E0000982844201A3168814200D93060601BB0FBFAF008B9554444E000FB0A5541E00264
:206E2000982118A94232D80EB3B87A052821D0A9421FD142490968D1B9042801D0082816D7
:206E4000D198F80A00042801D0082810D189F752F938B9384689F73EF948B9049902988808
:206E60004205D93068022804D90220306001E00020FBE7281BB0FBFBF018B95C4409F10179
:206E80000002E000FB0B44484481460AE0B87A052803D104982844001B80E702982044408E
:206EA0001B7CE70AFB00702C0D000199894580D3002077E72DE9FE430546907A0A9E0F46C4
:206EC0009846042839D198F80A00042835D1404689F72EF80290B8F80240B8F804000190DD
:206EE00098F8080038B100230093334601AA02A9404689F709F90298FCB1019A8118A9421E
:206F00000DD3B1FBF4F204FB12160BE0291AB1FBF4F109B9204401E001FB040086188118DB
:206F2000A942F3D3A84201D3B84203D3AE4204D9BE4202D80120BDE8FE830020FBE7BC2046
:206F40002000B0202000B8202000A8202000AC2020002DE9FF4F87B0054693464FF000094E
:206F6000149C88F7E5FF0590A8880490287A069438B100230093234604AA05A9284689F717
:206F8000C3F8002086E06888059908FB0010049982460390084402900898A8B3E97AC07AA1
:206FA000810AFB00672D0D004231D8BBF1000F10D1284689F7D4FD60B1089889F7D0FD40C6
:206FC000B1284689F7B9FD0446089889F7B5FD84421DD006980090DDE902102A46089BFF75
:206FE000F76CFF044602A903A8069B089A89F759FDDDE9021088424ED2002C4CD15A4628A3
:2070000046089989F72EFD10B10398504543D1002435E0E94904EB4400096801EB8006B0A8
:207020007A60B3AE422AD0E87AF17A884226D8BBF1000F10D1284689F792FD60B13046891B
:20704000F78EFD40B1284689F777FD0746304689F773FD874212D0324602A903A8069B8905
:20706000F720FDDDE90210884215D25A462846089989F7F7FC10B1039850450CD1641CCF34
:207080004800788442C5D30A9909F10109894502D300200BB08AE608F10100C94980460A61
:2070A000FB005E2E0D0009788842FFF473AF0220F3E7022801D901207047002070472DE917
:2070C000FC5F4FF00008C3464646DFF8F492DFF8F4A23AE0D9F8000006EB460200EB820717
:2070E000B87AB8B305282FD1801F00248A46019026E0D9F8001004EB440001EB8005A87AF5
:2071000010B305281BD06888C8B17988B9B1CCF747FA022813D96988B1FBF0F1491C142986
:207120000DD801AB009303465A463946284689F7C4F820B901984FF0010800280FD0641CD8
:207140009AF800008442D4D3761C9AF8000051468642BFD3B8F1000F01D07DF7FCF8BDE885
:20716000FC9F2DE9FF5FDDE901014FF00008C2464FF0010B884259D0C1460E464AE04FF6E1
:20718000FF75002727E08E4907EB4700096801EB8004A07AF0B1EEB16188D9B1E00AFB00AA
:2071A000552F0D007AC8B1009AE079D279904214D04FF0000B3046CCF7F6F9039941B9A1AE
:2071C0007A022901D0032903D182490978884221D240451FD9A84200D205467F1C7B48004E
:2071E000788742D3D3BBF1000F00D00225454511D9022D0BD8039800284FF00600B6FBF0C7
:20720000F100FB116001D028B900E018B1A846B246B54209D009F10109B61E6E4909788967
:207220004502D201988642ADD2BAF1000F01D0504600E0029800994880BDE8FF9F2DE9FC04
:207240005F804600208946411E064607460191B9F1020F01D1614900E06149002491F80022
:20726000A0DFF868B137E0574A04EB4401126802EB8105A97A71B36A8862B3B9F1020F1686
:20728000D1B8F8021021B31046CCF78DF902280ED95449097811B9534909680AFB004C3061
:2072A0000D0081B1A97A05290DD198F80A10052909D1002309E053464A46414628460097ED
:2072C00089F765FC08E0761C01AB009303463A464146284688F7F8FF00280AD1641C9BF8CA
:2072E00000108C42C3D33EB1019929B1481C01D008463BE7022039E798F80B100029F8D034
:2073000053464A4600214046009789F740FC2DE72DE9F84F4FF000084746DFF8B090834625
:20732000DFF8B0A04BE0D9F8002007EB470102EB8104A17A002941D07E1C824627E0D9F8CF
:20734000001006EB460001EB8005A87AF0B16088E0B16988D1B1E27AC2B1EA7AB2B1CCF76D
:2073600026F9022812D90023009303465A462946204688F7A9FF48B1E17AE87A814200D9EC
:207380000846022814D0404500D98046761C9AF800008642D3D31648CD0A910043310D0094
:2073A000F800B0037802220021204689F7F3FB40B1E07A022802D10220BDE8F88F40450076
:2073C000D980467F1C9AF8001050468F42AED34046F2E70000B0202000A8202000A32020CF
:2073E00000A5202000AA202000A0202000A1202000A620200040132000A22020000A490867
:207400002009784A060FD407208A060CD40620CA0609D405208A0706D404204A0703D4034F
:2074200020C90700D1022070470D1420000A0C0098020D0003F03AF8FEBD00000AFB00D0FF
:20744000310D002DE9F0410446007D0127032801D004287ED1002F7CD0266C002E79D0308D
:20746000684FF0000858B1E17B79B994F8451061B984F848702046BDE8F0418DF735BDC421
:20748000F8408020468DF730FD66E0826A032130469047054694F8270004F11C0100062E36
:2074A000D5E07B08BB94F84600F0B9E87A000616D40A22594928469CF714FCE87A20F07F3C
:2074C000004F30E87294F82600A87294F82700C109E87A61F3C710E87284F8477013E02954
:2074E0004620466EF761FD0EE0242228469CF7F9FB95F8220020F0040085F8220003E0248B
:207500002228469CF7EEFB15F8220F394620F001002870327D3846022A02D109B130460B92
:20752000E0F17C04290AD148B194F84400BDF7E5FF20B1C18B022901D18D0AF500C7320DE9
:2075400000F7B7FE20468FF7D7FD20468DF7D0FC94F84700002809D100E007E0C4F84080F1
:2075600094F84400BDE8F0417CF781BEBDE8F08110B52C222C492C48CBF758FB2C492A48A5
:207580000860AFF23B11416010BDFEB5064600F11C040D46086821680840009097F75EFA0E
:2075A0000746686861680840019097F757FA0744A868A1680840C0F30E00029097F74EFA58
:2075C0000744142F16D2286821680843009097F745FA0746686861680843019097F73EFAEC
:2075E0000744A868A1680843C0F30E00029097F735FA07440A22694628469CF776FBE87AD2
:2076000067F30600E87216F8260FA8727078C109E87A61F3C710E872012086F82100FEBD3F
:20762000000040692600D050260014B62300901320000A0C00A0020D0003F031FB7CBD0068
:20764000000AFB00B8330D0010B5FF4C2046CBF7E5FF002815D094F83800012811D1002015
:2076600004F11E04A076A0832080A0752076617DA4F11E04FD2902D0012184F83510F349C3
:20768000487010BDF0B5F04C87B094F8380001285CD120464BF740FA002857D0256D6FF011
:2076A0000106B54201DD022D3CDB4CF75DF8E8490027098801F0FE02E449904206D04878A1
:2076C000002843D1E7830120487000E04F70022D04DB0220CDE90170AD1E0AE0B54208DCA5
:2076E0006FF070400190052096F7B2FE801EAD1C0290E78301A897F7A2F801A88FF714FD14
:2077000003AA05A9002096F735FF206D002805DA069A0499511A01F00F014518002097F7E5
:20772000ECF8256596F737FF0546606C68B12846E16C96F7BBFE616C4143A06C91FBF00A04
:20774000FB00AF340D00F0002803D0216D08442065E56407B0F0BD2DE9F0410446BF488629
:20776000B000684FF0010810F0700F0DD1BC480068A04209D0BB48006810F0100F04D02E99
:2077800020A07406B0BDE8F08196F708FF85B2218C28464BF7ACF8B34909888842F1DB906A
:2077A000F793FA002618B9B4F91C50A68371E094F83300FD2833D1218C28464BF798F8AA3C
:2077C000490978884202DB84F832606584A84994F932000A789042D4DAA64991F90030984E
:2077E00042CFDDA449121A09788A4200DC11464DB2A2491A1A91F900108A4200DB11464A02
:20780000B2B4F91C10A94204DC914201DA154600E00D46491BA183284484F8320039E0FE1D
:207820002828D1B4F91C00642802DA10F1640F21DC4BF7C6FDF0B1B4F91C0000280AFB00E9
:20784000A6350D0001DC00F2E24002A996F772FF02A896F77AFF3021ADF8001040F271222B
:20786000B0FBF2F102FB1100ADF804008DF8031068464CF7ACFFA68300250BE08248B4F9DF
:207880001C500078854204DC804890F90000854200DA0546A08B401BA083608F20B9A08B84
:2078A000E08796F77FFE2064A08BB8BB606DD8B17849DFF8D8C10B8801204246616D02FAA8
:2078C00000F7394209D0C0EBC00101EB81010CEBC101A1F58C71A1F8EC30401C0828EDD336
:2078E0006D491520C8706665474684F8388096F759FEE0642665A587618F81B1B4F93E00ED
:20790000002800DC494205EB8101081A606496F749FE216C96F7D1FDA06402E004E0A664F0
:20792000666484F8347002E0608F401C6087E68396F738FE2084002D3FF4270AFB009D361A
:207940000D00AF90F7C8F998B9002D04DD04A9284696F7F3FE19E002A9684296F7EEFE0064
:2079600022049602AB04A91046059696F733FE0CE0002D02DDCDE9046507E06FF070400431
:2079800090002096F76FFD2844059004A896F761FF04A88FF7D3FB002096F7B9FFA674F72E
:2079A000E62DE9F047044690F83300DFF8C0800126FD281DD198F83C00012819D10025DF5B
:2079C000F8E0904BF7DBFE6F1C06FA07F108420CD004EB4500818C491C89B28184B9F800E4
:2079E00000814202D9681C4AF79FFDFDB2072DE8D398F83C0001287DD094F8350070B19432
:207A0000F8360058B994F8340070B1154D287818BBFF214FF400607CF7BCF92E7094F83428
:207A20000010B194F83600B8B10E48018811F0FE0F55D094F8381081B90AFB0094370D005D
:207A4000DFF85890DFF864A001258046B8F8000006FA05F738423ED0606D38423BD127E012
:207A600041E04EE0B89F200052B2230060132000248631009C7E2000384131002A15200068
:207A80002615200024152000251520002215200023152000201520002115200038712000B5
:207AA0003E1220004C1220002C15200034152000C5EBC50000EB800009EBC000A0F58C70E9
:207AC000BAF80010A0F8EC10294603207CF765F9606D384360656D1C082DB7D3606D10B10A
:207AE000FE492B20C87094F8380050B9A08B58B120464BF71FF820B1204600E016E0FFF7F9
:207B000035FEA08B002811D194F8350000280DD1207D02280AD1002E08D094F838000028A2
:207B200004D02046BDE8F0478DF7FBB9BDE8F08770B5EB4C0122E10AFB008B380D008B8299
:207B4000401143E183002504EB4000458494F8380001280BD14BF719FEE449098801F0FE41
:207B6000014840E18B884301D1E148457070BD70B5416DC9B1E04A0121DE4D13880C464275
:207B80006D04FA01F6324209D0C1EBC10202EB820205EBC202A2F58C72A2F8EC30491C08EA
:207BA00029EDD3CF4A1521D170582193F736F8CF48801E0021418070BD7CB5CA4C694694CD
:207BC000F8330096F7D8FD94F83700009900B903E0891C21F07041009101F003010091940E
:207BE000F836100026012551B384F8346094F9360000280EDDA81EA083684696F7B0FDA19F
:207C00008B4843A0830098022841D312D0032813D10AE0684696F7A3FDA0F2E2404042A0C9
:207C2000830098012833D803D101989C282FD803E010B901980AFB0082390D009C282AD3EA
:207C400084F8366027E038B194F8350020B9009870B103280FD10BE0009818B901980228AD
:207C600009D805E0032806D10198B0F59A7F02D984F8345001E084F834600098800768464C
:207C800006D596F770FDA0F2E2404042404201E096F769FDA0839749B4F91C00891E09887F
:207CA000884202DC4942884201DAFFF7E2FCA08B40B1207D30B92DB194F8380010B92046A5
:207CC0008CF7ACFF94F83800012818D194F83400002814D1A06C98B1B4F91C1089480029AB
:207CE00004DD90F90000616C084405E005DA90F90000616CA1EB00006064A08BA0877CBD0C
:207D000096F75EFC216C96F7E6FBA064B4F91C00B4F93C10401AEFE77B48006870472DE993
:207D2000F05F78480068B0BB4BF733FD05467648DFF8E00AFB00793A0D0081006800F4701D
:207D4000667448007858B37548016841B300248146DFF8CCA1DFF8CCB115E004EBC400D960
:207D6000F8001000EB441001EBC0073846CBF76EFC40B1F87B30B9B86CBAF80010B0F8C2C2
:207D800000884212D8641C9BF800008442E5D3D8F80000054364480068064304E005E0FF61
:207DA000E7D8F8000008B905B116B90020BDE8F09F0120FBE72DE9F05F4E4C4AF7C8FC006B
:207DC00028F4D15A494FF00009086930B1A083FD20C1F8109084F8330063E0FFF7A3FF90C6
:207DE000B92046CBF733FC10B120468DF7F9F804F13204A4F8089084F80690404984F80160
:207E00009081F80190D2E74FF6FF7AFF26DFF8E8B0574608253E4801680120A840014214A4
:207E2000D0BBF8001001420AD02846BEF71FFD408E0AFB00703B0D00B84215D24FF001089F
:207E40002E46074610E057450ED14FF000082E460AE03248007838B1E81FB4F7CBFE18B132
:207E60004FF001082E4602E06D1C0C2DD6D3FF2EA0D094F83300F61FB04216D02046CBF788
:207E8000E9FB10B120468DF7AFF884F8336084F83780BBF80000616D08406065A4F83A9076
:207EA000184984F8389081F801900121E1741920207484F8129084F80F9084F80E9084F800
:207EC000349084F8369094F833001B4DFD280CD084F835102046CBF7BDFB002896D12046DE
:207EE0002968BDE8F05F8CF720BF20462968BDE8F05F8CF74FBF00004C122000B89F20002A
:207F00006013200052B22300387120003E122000291520003C1520004412200027152000CD
:207F20009C3720008C37200032152000481E200A2100673C0D000098372000C8E1200038B3
:207F4000152000024901480860704754B22300381520000A340050B22300580200000000E6
:207F6000000009EA0100BD380D00000000000000000000000000000000000000000000000B
:207F80000000FD360D0055E601000AFB00843C0D002DE9F84F05460C461646984618469170
:207FA000F755FF834696F746F8009096F746F84FF0010909FA08F7DFF810864FF0000A0185
:207FC0002E01D0042E41D1A88BA189884203D1E88BE18988420BD085F82190C4F81CA0E853
:207FE0008BE189884203D00021584602F061FB20697DF7F5FE297D4846022900D100BB28DF
:2080000046EBF739FB18B92846DEF795FFB0B195F8210050B907E0A089A883E089E883A095
:20802000892886E08977E06670C3E06670A089A883E089E883A0892886E08958E0297D486C
:208040004695F821000028EED0E5E7022E71D16078032801D00228E7D1A88B2189884203A8
:20806000D1E88B618988420BD085F82190C4F81CA0E88B6189884203D00121584602F018C3
:20808000FB607803281AD1E00AFB007B3D0D008810B92069642107E04FF47A71484343F219
:2080A000D401B0FBF1F120697DF7BAFEBBF85C0040F27121484346F2A811B0FBF1F1606904
:2080C0007DF7AEFE297D4846022900D178BB2846EBF7D5FA18B92846DEF731FF08B395F872
:2080E00021000028A3D066702089A8836089E8832089288660896886009895F7A5FFD8F800
:2081000000000742284651D0BDE8F84F8EF7B4BF2089A8836089E88320892886608968864D
:2081200085E7297D48460D2981D10028F8D095F821000028ECD17AE7FFE7032E3DD1206985
:208140007DF751FE60697DF74EFEA88BA189884203D1E88BE18988420BD085F82190C4F86C
:208160001CA0E88BE189884203D00021584602F0A3FA95F821000028D2D0297D48460229A4
:2081800002D100287FF40AFB00723E0D0064AF2846EBF778FA18B92846DEF7D4FE68B1A03B
:2081A00089A883E089E883A0892886E08968866670A5E7BDE8F84F8DF755B94846297D31C4
:2081C000E70098BDE8F84F95F742BF2DE9F0410546BEF779FB064605EBC500FF4901EB8037
:2081E00004FF4930680968243C88421CD195F729FF074695F729FF20780028384603D1BD8F
:20820000E8F04195F724BF95F722FF606958F7C2FC10B160697DF7EAFD2B4621463046BD63
:20822000E8F0410422BBE6BDE8F0812DE9F041074691F713FE06463846BEF745FB0546E62B
:208240004907EBC70001EB8004E54928680968243C8842E8D195F7F5FE804695F7F5FE20B6
:20826000780028404603D1BDE8F04195F7F0BE95F7EEFEB6F85C0040F27121484346F2A843
:2082800011B0FBF10AFB00693F0D00F160697DF7CEFD6078012811D1206958F77FFC002820
:2082A000C5D1A0884FF47A71484343F2D401B0FBF1F12069BDE8F0417DF7B9BD042802D168
:2082C00001206070B3E7022803D10221304602F0FAF93B4621462846BDE8F041022262E6FF
:2082E0002DE9F0410546BEF7F2FA0646BD4905EBC50001EB8004BB4930680968243C88429D
:2083000095D195F7A2FE074695F7A2FE20780028384603D1BDE8F04195F79DBE95F79BFE5E
:20832000606958F73BFC10B160697DF763FD2B4621463046BDE8F041012234E677E72DE9BB
:20834000F0410546BEF7C3FA0646A54905EBC50001EB8004A44930680968243C884232D1AD
:2083600095F773FE074695F773FE20780028384603D1BDE8F04195F76EBE95F76CFE206997
:2083800058F70AFB0060400D000CFC10B120697DF734FDE08860B96078022809D160695867
:2083A000F700FC28B12069BDE8F04164217DF742BD606958F7F6FB10B160697DF71EFD2B4D
:2083C0004621463046BDE8F0410322EFE532E770B5854900EBC00001EB8004243C95F73860
:2083E000FE064695F738FE21694FF00005080005D07DF703FD206991F727FC2561606928A7
:20840000B17DF7FBFC606991F71FFC6561207808B1257065703046BDE8704095F71FBE70AF
:20842000B50D46714900EBC00001EB8004243C95F70FFE064695F70FFE002020706070E51C
:20844000813046BDE8704095F709BE2DE9FE430126DFF89491804600273046BEF73BFA04B2
:208460004606EBC60109EB81050068243DC0B3A17B414535D194F820008DF80900A08BAD8E
:208480000AFB0057410D00F80000E08BADF80200684687F7D5FDA083208EADF80000608EC6
:2084A000ADF80200684687F7CBFD208694F8420048B1A08EADF80000E08EADF8020068461E
:2084C00087F7BEFDA086287860B12889ADF800006889ADF80200684687F7B2FD2881208E6C
:2084E000A881EF6184F82070761C0C2EB8D3BDE8FE8370B50446406A3D4990F8A00002268B
:2085000000EBC00001EB8005243D628E94F82010208E334689F7ACFB208694F8420038B187
:20852000E28E94F82010A08E334689F7A1FBA086287848B16A8994F820102889334689F734
:2085400097FB2881208EA881E28B94F82010A08B334689F78DFBA08304F8206F0120607095
:208560000020E86170BD70B50446406A0D4690F8A0001F4900EBC00001EB8006243E0AFBE5
:20858000004E420D0020468CF7A8FA062020752068416831B120468847207D062801D00D07
:2085A0002810D101226275A369B361F261A969891C21F07841A16155F8040F241D4460205D
:2085C0006065602C6070BD2DE9F0410C480168814274D0DFF82CC0074EDCF80010634648C5
:2085E0006A094C90F8A00000EBC00006EB8007243F0BE0BC0E200088B4230064132000F84B
:208600001220004CB6230080B223002760DCF80400426A92F8A02002EBC20206EB8202240F
:208620003A62609B685D6A95F8A05005EBC50506EB8505243DA5603E78012E01D1FE89001E
:20864000E04E8E1778012F01D1D28900E0428E2F78012F01D1ED8900E05D8E96422ED1AA57
:20866000422CD118301833C4E904031831E16065460968006895F76DFF0428040AFB0045F4
:20868000430D00D12968A868BDE8F04172E76068C069012816D1206901686069006895F739
:2086A0005CFF02280ED9606821698069086061680020C86168688CF714FA6868BDE8F04192
:2086C0008DF78ABBC1E52DE9F05F814602687C480023D0F800C019469846624575D1D9F82B
:2086E0002400DFF8E0A190F8A00000EBC00276480AEB82050268243D824266D0DFF8D0B1D2
:2087000086462CE0147B101F102C27D1446A2E7894F8A04004EBC4040AEB8404243C0EB17C
:20872000EE8901E0B9F8326027780FB1E78900E0478EBE4212D1032902D10020BDE8F09FE4
:20874000066866450AD16478022C02D14BF823005B1C5E4C0C3444F82100491C126872458E
:20876000D0D1032901D14FF0010868780228B5D1584C022B48D1DBF800100AFB003C440D23
:20878000005E46486A90F8A00000EBC0000AEB8002243A2260DBF80400456A95F8A0500551
:2087A000EBC5050AEB8503243B636052895B899A420ED118311830C4E9031009680068952C
:2087C000F7CFFE04287ED96068C1892069006810E066E00146284695F7C3FE042806D820ED
:2087E00069056070688CF780F9706857E06068C189284695F7B5FE0546E06802681046AA0C
:2088000042E7D3294695F7ACFE0428E8D95AE0032B58D1DBF800305F46586A90F8A00000A7
:20882000EBC0000AEB8005243D2560DBF80400406A90F8A00000EBC0000AEB8006243E6696
:2088400060DBF80820506A90F8A00000EBC0000AEB80002438A06069897589A94232D14041
:208860008985422FD118331832E36062611968106895F776FE0428250A690033450D00D9F2
:20888000A068C1896069006808E00146284695F76BFE042813D9A068C189284695F764FEFD
:2088A000054602E08DF79FFA10E0E06802681046AA42EAD3294695F757FE042806D86069AA
:2088C0000560B8688CF714F9B868EBE740463CE76413200088B42300F812200040B62300AF
:2088E00080B223000A1C0080B22300000000000000000000000000000000000000000000A8
:208900000000000A0C00A8020D00BDE8704004F074B90AFB0098450D0070B504460D460063
:208920006859F7E3F9A08C092120F01000A084206859F707FAE069000405D594F8B50003C5
:2089400021B1EBD00F02D820467FF7C8FDE06920F0F8004030E061206888F732F84DB1943B
:20896000F8B500C00722D0082D20D0222D1ED0132D1CD00023B4F864101A46284648F79E15
:20898000F9334B187F90B1E16909040FD422680121914008420AD088431877C0B230B99365
:2089A000F82320B3F90710587A4AF7B2FC94F8B5000E21C0F3400504F1A80092F795F920BC
:2089C00068FFF731FD4DB1E06920F0F8006830E0612046BDE870409EF72BBF2046BDE8702E
:2089E00040042170F71FBE10B50446006859F77DF9A08C092120F01000A084206859F7A17E
:208A0000F920467FF720FDB4F8B230B4F86410020AFB008F460D0022002048F753F994F874
:208A2000B50020F0F800183084F8B500B4F8B2102068FFF724FD94F8B500800705D52046EB
:208A4000BDE810400D2170F7B2BB2046BDE81040032170F7EBBD0000C8E1200070B50E464F
:208A6000C8B0154601461C46202210A89BF7C4F930A8E5F7C7FF2246314630A8D1F7BDFA81
:208A800006EB8401224638A8D1F7B7FA234610AA30A918A8E6F750F9082218A96846D1F75C
:208AA000ACFA684600EB8400082220A9D1F7A5FA2146684600F00AF8002805D0224618A96C
:208AC0002846D1F79AFA012048B070BD2DE9F041082498B08046082900D80C46082C03D1A2
:208AE0002B4FA7F1440602E02A4FA7F14406203621464046D1F7A2FA002842D108EB84057F
:208B000028462146D1F79AFAD8BB224639460A8E0086470D004046D1F780FA002834DA2218
:208B20004639462846D1F779FA00282DDA214610A8D1F75BFA2246414608A8D1F7E0FA23F8
:208B400046424608A908A8D1F7D1FA032010902346424610A96846D1F7C9FA23466A46088C
:208B6000A908A8D1F7DEFA2346324608A908A8D1F7CFFA224629466846D1F7C1FA22466950
:208B80004608A8D1F74AFA18B1002018B0BDE8F0810120FAE70000A8A22000C4A120000A11
:208BA0001800B0020D00BDE8384004F0ACBA04F033BBBDE8704004F0A4BB0AFB0010480D73
:208BC00000F8B59A4C94F8AA0010287ED2984904EB80004968001D0D3110229BF721F9000A
:208BE0002300932068C18CC1F380023E2190F79FFB94F8AA00001D84F8AA00206891F7F1BA
:208C0000FE18B994F8AA000C2808D2206891F7E9FE00285DD094F8AA00102859D3254620D0
:208C20006891F7DFFE814F834E7437C0B10821281DFFF760FF08B9286809E0B6F8FE007E83
:208C40004C000700D47D4C0823204618E02068052211469EF78DFEBDE8F84078F737BB0631
:208C600021281DFFF747FF0028E5D0734CB6F8FE00583C000701D4714C583C204606233A80
:208C8000462C46291DFFF7FEFE0028DFD095F8AF00800702D578F787FF0EE0286891F7A1D7
:208CA000FE10B14022022101E030220121012078F762FF042085F8A80AFB0007490D00007F
:208CC0002C46281DA1F74FFC002805D01320216800E001E081F8F200F8BD5849B1F8FE1008
:208CE000490701D4372336E0524A116809B1814205D155490B7E23B1C968814201D12A2369
:208D000029E092F8A810012911D1C169090413D592F8AF1021F0020182F8AF10818C41F009
:208D200004018184C18C21F00401C1840DE002290BD019B1032901D023230CE0C169C1F3B7
:208D4000C401082901D2182305E03B4949688B7B032B07D92023C16941F3C032521C992126
:208D600090F72EBB02F1900242F8900C887B5077087C9077C97BD07F61F30000D07731482C
:208D800000F12000017801F1010101704FF0080079F7BFB928484068817B032911D8254A1D
:208DA000AD321170017C5170C17B907861F300002449907020310AFB00FE490D00087840A6
:208DC0001C0870092079F7A8B9704770B51D481A4C1C4B90F8FD5094F8AF2094F8AD10B3CB
:208DE000F8FE30C5F30300D60701D1DE0707D022F00C0101F10801052084F8AF1013E09426
:208E0000F8AE6046EA1515ED0701D100200146104D05EBC00505EB410015F811104078613B
:208E2000F3830284F8AF20190700D50320216840F0100081F8F20070BD000010A0200064C2
:208E400014200040872000206926005CA1200010DE20000059260070B5194E0446716848A7
:208E60007B8A7B90422AD8E36C002B27D0F82A25D80E25121A0E2A00DC1546184409300F9C
:208E8000312A469AF7D4FF7068417B807B2944814204D22046BDE87040AEF77BBEE06980D6
:208EA0000206D52046BDE87040132200219EF767BD2046BD0A3F00F54A0D00E8704000219A
:208EC00047F7E0BD70BD6414200010B504460748016819B120468847002805D16078062828
:208EE00003D2034901EBC00010BD002010BD8C162000905926000A1400C4020D00BDE8FC88
:208F00004104F032BCBDE8304004F09DBC0AFB00304B0D002DE9FC413C4F40887968097B34
:208F20004E0890F7FFFF04467868417B46B9228E0F2A01D0042903D10C3079F783FD02E0A8
:208F40000C3090F7B2FA054694F8F30000070FD5ADB3E879C0F30100C0070AD0206858F700
:208F6000F6FE94F8F30020F0080084F8F30000E02DB32946204690F7DEFA48B9244801682D
:208F800011B12046884758BB29682046884727E0232801D02A2814D1E169090411D500204A
:208FA000ADF8000005208DF80200786801900023184A694620464AF740F8BDE8FC81FFE7D4
:208FC00019207F2E03D17968497B41F0800679680346097B2046C1F30002314690F706FAB3
:208FE0007868214602B0BDE8F0418F230022ACF79EBC002219B9462806D2074902E023281A
:2090000002D2064901EBC0021046700A7D00274C0D0047641420007C142000D3520600E414
:209020005226001455260030B595B004461546102801D1102222E00F2C23D8102209A89A69
:20904000F70CFF1048102200EB0411103905A89AF704FF0C481022F03000EB04111039010A
:20906000A89AF7FBFE05AA09A911A8C7F7D5F811AA01A90DA8C7F7AEF810220DA928469AAB
:20908000F7ECFE15B030BD1CB023000A0C00D4020D00BDE8F04104F0E2BC0AC400A04C0D26
:2090A000002DE9F04704462848006810B18047002841D1264E306800283DD094F878002416
:2090C0004FDFF890804FF00009052836D0224844680568CFF719F8C5F3C30069031BD5614D
:2090E0000319D51E490C4216D1032801D0042802D1C4F344100DE00A2805D00B2803D00ED5
:209100002801D00F2807D1F020C4F34C11F02900D208463168C8800E490622083130689A1F
:20912000F7A7FE3068C08840B1F87D032140F00200F87588F80010BDE8F087F87D494620BA
:20914000F00200F875F5E70000E4202000E0202000CCDE2000DD202000288B310011004074
:20916000000A0C00DC020D00BDE8704004F03EBD0AFB00604D0D0070B5224C2249607A0013
:2091800025085C10B189F78DF82DE0606908B189F76EF8627A1D494FF44810012A1AD1D048
:2091A000F8042142F08072C0F80421026E42F010020266164A096813680B6012680A60D00A
:2091C000F8041121F08071C0F80411016E21F01001016605E00F4B09681A680A601A680A93
:2091E00060056689F738F84FF44610816921F470618161E56025616572012084F8440070B6
:20920000BD0000507E2000B04F26006C202000A0122000A4122000B8484178002913D10163
:20922000214170B648B94A0170B748B5490160B7490A60B74A126802F00F02042A03D1B5ED
:209240004A0260B54808607047B54A00231278012A03D1B1F80310B24A03E02AB9B1F80371
:2092600010B14A1180037001E012210170010AFB00574E0D0020704704F099B970B5054615
:209280000C467AF7BBF908B10C2003E0E078012802D91220287070BDA64A117860F304115B
:2092A000117070BD2DE9F047B0F801200546C2F3090002F47C42120A0024CF780E46042A24
:2092C00005D1282815D1284600F023FF10E0082A05D10728F6D1284600F033F99BE00C2AD9
:2092E0000FD1032806D02F28ECD12846FFF7C6FF0124F9E0904A00201070284602F045FA39
:20930000F6E7202A1ED1122818D007DC0C2811D01028EED1284605F0C7FFE9E7272805D009
:209320002B28E6D1284605F0A1FEE1E7284605F08DFEDDE7284605F0A7FED9E7284605F07C
:20934000C3FFD5E7FC2AD4D1FF2861D027DC4FF0010A4FF00C09522873D00ADC0A2805D021
:209360000C2803D0142843D04C286BD10AFB004E4F0D0048462870BEE7572867D0C2287459
:20938000D005F10808E2284BD0E928F1D1012F6DD0022F6CD0362F6BD0492FADD12846041D
:2093A000F00CFB96E040F27913A0F2791298421ED00DDCA0F58072053A69D0312A13D04532
:2093C0002A70D0492AD4D1284600F0BEF993E7222A5DD0282A61D02F2A6CD08D2A35D12806
:2093E0004600F0D4F987E7284602F0CDF883E7284604F0E0F87FE7284641F7FEF9F07800C8
:20940000288ED1414C84F800A0707ABCF75DFD6060B079A0606FE7284600F0D7FC04466605
:20942000E0D1F8032009260C4640460C2A0FD01C2A1FD01E2A29D10F2191F7A8FCDDF78815
:20944000FED8B185F800901CE04FE052E02EE00F2191F79CFCFFF7E6FED4F80700C0F30756
:2094600021C0B23EF73CF9EE70450AE30045500D00E714E02EE029E024E0284600F07AF8F7
:209480003DE73149D4F807000860EE700120BDE8F08700242FE02846FFF7E1FE2FE711209B
:2094A0006CE7284600F0EDF829E7FFE7284604F097F924E7284600F093FA20E7284600F0D3
:2094C000A7FA1CE7284604F003F906E0284604F040F914E7284604F0DEF995F830000124F3
:2094E000022808D188F80670287820B185F803A001E001F067FD2046C9E70A46294601F0E6
:209500008BFE8FE7AFF25520104908607047000098B223006C252000A02520007C252000FA
:209520000026200080252000C007600060262000C0262000E9502100FE1E20005CB3230085
:209540007B8720002CB3230030B32300381820000A100098B22300000000000000000000EA
:209560000000000AFB0024510D000246012382F83030D1F807200020002A07D1D1F80F2014
:20958000002A03D0521C01D0C1F8073070472DE9F04105460C4600F108080F21404691F7C5
:2095A00006FCD4F8030009271C2811D1D4F807000F21C6B2404691F7FAFBB61E232E04D805
:2095C000D4F80700FF49087001E012202870EF70EF70BDE8F0810021C0F80710FA490A78C4
:2095E00012B10122C0F80720497829B1D0F8071041F00201C0F80710F4490988002905D05D
:20960000D0F8071041F00401C0F80710704710B50621FF2047F765F800280AD0772181707E
:209620000221C170E94909888180BDE8104046F7CABF10BD70B506460D002ED01221FF20BC
:2096400047F74FF8040028D07720A0700120E070A68094F78CFD064694F78CFDDA484178FC
:20966000000AFB001B520D002031B9C4F80600C4F80A00C4F80E0008E02969C4F80610A91A
:2096800068C4F80A10E968C4F80E102861A860E860304694F775FD2046BDE8704046F79687
:2096A000BF70BD2DE9F041044600F10805C878A8710B462846FFF792FF002626700522E2CB
:2096C00070D878002888D001280FD1C0491879087058794A7808B122B900E012B1487008A5
:2096E000F046F82846BDE8F04178E7022816D1B3F80480404607F0FEFF07000DD0E278B4ED
:20970000F80100AB1D002147F7D0FA84F8306039464046BDE8F04190E7022013E0032803BE
:20972000D1AB4998880880DCE704280AD1B4F80100AB1D002147F7B9FA84F83060BDE8F0CA
:209740004168E71220207047E770B504460D460721FF2046F7C9FF002809D0772181700AE7
:20976000FB0012530D000021C17084808571BDE8704046F72FBF70BD70B5054697480C46E2
:209780000078012801D0012003E08EF743FF10B90720287070BDE07818B191490978884291
:2097A00001D91220F5E7C3F749FF08B90C20F0E7E2782079611D06F0E5FDEAE72DE9F05F7C
:2097C0004FF0000B054680F800B08846B1F80300012190F759FE060003D102202870BDE819
:2097E000F09FD6F8FC004FF00C0740075AD430687C4A00EBC00102EB8104243CBDF700F9C0
:2098000098F805100122B2EB510F34D1DFF8D891764800270278D9F800100BE007EB4700DA
:2098200001EB8000837A042B03D1C0793368984202D07F1C9742F1DB0E2090F781FA0600C6
:209840004FF0010084F82000C9D098F805003070D9F8001007EB470001EB80010C0AFB00C6
:2098600009540D0022B01C9AF730FB297833460E224FF6066047F720FA3046C3E001F0017C
:2098800009F169C1F3C4020A2A0FD196F8B5300322B2EBD30F09D1090407D4217811B1B9EA
:2098A000F1000F02D151EA090101D12F709AE798F80610B8F807A0B8F809804FF0120CB952
:2098C000F1010F0FD811D169B1BAF1000F0AD0428E4B1C40F271277B435A43B6F85C307BFF
:2098E000439A4202D985F800C07CE7B9F1000284F8009001D04FF00102627039D0A170E136
:2099000070A4F804A0A4F80680028E2281428E491C4A436281018EA181408EE081206958DC
:20992000B9142090F710FA206188B13268002331497CF7E9FA206950B14FF47A710AFB01A4
:20994000F043F2D401B0FBF1F120697CF70CFB606948B9142090F7F7F960610AFB000055ED
:209960000D0020B13268002325497CF7D0FA0021304600F048FF27E0828BA1898A4203D1F5
:20998000C28BE3899A420BD08183E189C183A1890186E1894186C4F81CB0012180F8211070
:2099A000206930B17CF7C6FA206990F7EAF9C4F810B0606930B17CF7BDFA606990F7E1F99D
:2099C000C4F814B084F820B0012090F7C0F904008ED084F8009029782346012211E090201E
:2099E0002000A4B223004CB2230028372000491E200088B42300B0202000A82020001D4013
:209A00000D004FF6066047F75BF9204690F7B9F985F830B0EAE670B505460C46B1F80300C2
:209A2000012190F738FD10B91220287070BDA178022901D1002100E061790068BDE87040DA
:209A4000002289F7EDBB70B505460C46B1F803008EF70AFF40B1A178020A5900F7550D00F8
:209A60002901D1002100E0617980F8171170BD1220287070BD30B488780B79001FC2B2C889
:209A80007840EA03204B7940EA03408B7940EA0360064B984208D38318054C5B1EA34203EC
:209AA000D830BCC91D9AF718BA30BC704700020D0064260D000A0800A4B2230000000000C5
:209AC0000AFB004C560D0010B5002801DB002004E06FF07601884200DC08460A2390FBF390
:209AE000F103FB110040420B314AB2FF4940B251F83000002103E0A3FB000403FB014114FF
:209B000000A2F1010252B2F6D110BD2DE9F047002306460F4659405840084303D16FF076E1
:209B200000BDE8F08700242546DFF8C08309E0641C64B200230A2239463046A4F746FB06BB
:209B4000460F46D8F80020921B75EB0703EFD30B3C4FFA84F80024DFF8949301E0641C64AE
:209B6000B259F82420B01A77EB0501F7D3611008EB8800C1EB400040B2D2E72DE9FF4100C9
:209B8000F10801044615461E4608220F4602A89AF7ACF9DDE9020140197141CDE9000108D0
:209BA00022694638469AF7A1F9D24DD24E24E00822214602A89AF799F9DDE90201400AFB7C
:209BC0000043570D001C41F10001CDE900010822694620469AF78DF90822394602A89AF79E
:209BE00088F9C64ADDE90201C44B52428018DB435941CDE900010822694638469AF779F907
:209C00000822394602A89AF774F9DDE90201801BA941D0D2002004B0BDE8F0812DE9F34FC1
:209C200085B00C460822684605999AF762F9DDE90003B34940F61815A0FB017203FB0121E5
:209C400000FB05184FF0000B22465B4641463846A4F7BFFA05460E46A4FB0001381AA94ABC
:209C600004FB061168EB0101A2FB0093A2FB058502FB013A059902FB0655083108226846E3
:209C800004919AF736F9DDE9000122465B46A4F7A0FA06460F4618EB00006941CDE9020163
:209CA000A4FB065004FB07060822684604999AF720F9DDE9002319EB02004AEB0AFB003A21
:209CC000580D000301451B61EB060622465B4631462846A4F781FA0F468046A4FB000104A0
:209CE000FB0711281A66EB0101012C0DD96408021B71EB0B0308D3DDE9022318EB020047A4
:209D0000EB03010023012203E0DDE90223404639468018594107B0BDE8F08F10B546F76BC1
:209D2000F97B48016941F001010161016841F00101016078494FF00100C1F8BC01C867764F
:209D4000484FF0CF0181604FF0300141604FF0C0010160724841684FF6807201EA02014190
:209D600060D0F8D4114BF6FF7201EA0201C0F8D411D0F8901321F40041C0F89013D0F82491
:209D80001321F40041C0F82413016E21F4E04141F480410166016841F00101016010BD603F
:209DA00048026860490A80D0F8D4204A80D0F80C228A80D0F8BC21CA80C20AFB0031590DEB
:209DC000006B0A81826B4A81D0F8C8238A81D0F85C23CA81D0F8B8220A82D0F8C8214A82DA
:209DE000D0F898208A82D0F8A401C88270474F494D480A8802604A88C0F8D4208A88C0F800
:209E00000C22CA88C0F8BC210A89C2634A8982638A89C0F8C823CA89C0F85C230A8AC0F831
:209E2000B8224A8AC0F8C8218A8AC0F89820C98AC0F8A41170472DE9F04F04468DB008896B
:209E40000C904889DFF8E8800B90D8F8340F0D464FF0000A374FD34638780190C8780228C2
:209E600000D008B90C200DE0686850B1DDE90B218A4206D3297BFF2906D001F07F0116297E
:209E800002D91220207067E10C99511A491C894648432949884202D391FBF9F06860582147
:209EA0000E2046F743FC060001D10720EAE721490020087074F723F90AFB00285A0D00000B
:209EC0002057F71BFE1F4F387F40F00100387757F7D8FE387F20F001003877002070710159
:209EE00020B0702888A6F80300E878B071002086F8089084F8300003463118401C4B724F74
:209F000028FADB20E00000B4182000A8B22300B3B6E00D000064A700A0724EA08601006093
:209F2000016500400160007C01640060FC310028FC310058B6230000F0310068222000401B
:209F4000B5640024862000FFF731FF287BFF2806D1D8F8281C21F04001C8F8281C23E001E9
:209F6000061DD50B3800EB4000D8F8F02D00F07F0122F4FE42C8F8F02DD8F8F02D42EA01D1
:209F800021C8F8F01DD8F8281C21F04001C8F8281CD8F8E01E41F44051C8F8E01E03E040F4
:209FA000F04000C8F8280C002006900790089009906D480168410AFB001F5B0D00F440518F
:209FC00001604FF0010001F088FC0C9FACE0A7F51660C0B2674940F080000860FFF7A8FE4C
:209FE000654C4FF4C04044F86C0C4FF4BE7094F792FEE06F40F04000E067002002900390E2
:20A000000490814605905CE05C4CD4F8600C40F00800C4F8600C0C2094F77DFED4F8CC0DFD
:20A0200040F48070C4F8CC0DD4F8E80E40F44040C4F8E80ED4F8E80EC0F30E00C4F8E80E0A
:20A04000C0F30D00042802D26FF0770010E00121084673F7CAFC4949B1F90000002801DD98
:20A06000401D00E0401F088000B20A2190FBF1F0D4F8CC1D21F48071C4F8CC1DD4F8601CCB
:20A0800021F00801C4F8601C1B2813DA09F101090BF1010B00B2FFF728FD02460A900C4631
:20A0A0000B4606A8FFF77BFD234602A80A9AFFF776FD04E00AE200165C0D004FF07F0A0CF0
:20A0C0002094F72CFE08F101008046686840459ED82D48002101604FF4804140F8E81C6584
:20A0E000F72DFEB9F1000F0BD0494602A8FFF7A7FDFFF720FD254991F9071001EB000A02BD
:20A10000E0142094F70BFE2248016921F001010161016821F0010101604FF0140094F7FE95
:20A12000FD0C99791A31447F1C81F809A0BFB20B9887427FF64FAFFFF764FE164901980810
:20A1400070BBF1000F06D0594606A8FFF778FDFFF7F1FC82460D48C17901EB0A00F0713085
:20A160004646F760FA57F7F9FC70F7F9FF01200DB0DFE50000E0FE31000401600068FD31B4
:20A180000000F03100D4332000E4FD3100B414200060016500682220000A5800A8B223002E
:20A1A00040420F0073990D00D81E0C006ACD0A00ADA00900A5940800C3A50700DCD00600FA
:20A1C0001B130600FD69050044D30400EE4C040035D50300806A0300660B0300A4B60200BD
:20A1E000196B0200C6270200C5EB01004AB60100000000000AFB00F45C0D002DE9FC5F065F
:20A2000046012000900C46B1F80300032190F795F9050001D102201CE028680C270E38030F
:20A220002805D3D5F8FC00400701D53770A2E021880120B1F5856F00D100205FEA00081554
:20A24000D1607CB4F80D10C01EFB2801D9042902D2122030708EE0608AA0F57F41FF3901F4
:20A26000D13F206082608A80F470706082286890F74BFD4FF0000B4FF00E0A28B3012802A6
:20A28000D0022877D123E0608A01AA05F1340194F7E4FC074601986082284690F74DFC3810
:20A2A000B195F8A300C00603D5608A10F47E7F28D02088394646F779FD86F830B0002F597C
:20A2C000D1FF4A2146284653E0B8F1000FADD095F8D7008FF7B8FE8146608A01AA09F134FD
:20A2E0000194F7BBFC074601986082484690F724FC480AFB00EB5D0D00B199F8A300C006D1
:20A3000005D5608A10F47E7F01D15046A5E7B8F1000F21D1B5F8D010B4F80F00C1F30B01D2
:20A32000884201D012271DE0D5F8F000401C07D0D4F80500411C03D0D5F800118142F1D1F8
:20A34000D5F8F400401C07D0D4F80900411C03D0D5F804118142E5D127B9D5F8E4004002D6
:20A3600000D523272088394646F723FD86F830B027B9D44A2146484648F7D2FE0098BDE89D
:20A38000FC9F2DE9FE4F0646012001900D46B1F80300032190F7D5F8B5F8392095F83D304A
:20A3A0005FEA000A05F1050401D1022009E0DAF800000E38032806D3DAF8FC00400702D566
:20A3C0000C2030705CE2DB1E1227FB2B7ED9042A7CD321686068814205D011B1002875D12E
:20A3E00001E0002872D0207A617B8842F7D1618A0AFB00E25E0D000029F7D0A18A0029F495
:20A40000D0D4F81620D4F81A108A4205D012B10029E8D101E00029E8D0A17F94F8232091EC
:20A4200042E0D194F83020FF2A04D1A94A92F83820002AD7D1022909D1022807D1A54A139F
:20A440007823F001031370A44B3C221A70DFF88C920528D9F80020C2F3C24807D1208D10AC
:20A460002804D1042902D10021012001E000210846AFF7D0F9D4F8160010B1D4F816000356
:20A48000E0D4F81A00C4F81600218D4FF4FA2CC908B0FBF1F0B0F5FA5F0BD1D9F8000020E5
:20A4A000F4400020F038000830C9F800004FF47A301FE0B0F57A5F0DD1D9F8000020F440BA
:20A4C0000000F5800020F038001030C9F8000060460FE0B7E0B0F57A6F84D1D9F8000020BE
:20A4E000F4400000F5000020F03800C9F8000AFB00D95F0D00004FF4FA3094F830107A4AE3
:20A500004FF0000B012905D1D9F80030494623F460137FE0042909D1D9F80000494620F4FD
:20A52000601040F0020040F480200AE006290ED1D9F80000494620F4601020F0020020F4A3
:20A54000802020F08070086082F800B083E00123082909D1D9F800104F4621F4601141F00A
:20A56000020141F480210AE00A290DD1D9F800104F4621F4601121F0020121F4802121F030
:20A5800080713960137049E0032907D1D9F80030494623F4601303F5C0133BE0052909D179
:20A5A000D9F80000494620F4601040F0020040F480200AE007290BD1D9F80000494620F447
:20A5C000601020F0020020F4802040F08070BAE7092909D1D9F800104F4621F4601141F04B
:20A5E000020141F480210AE00B290BD10AFB00D0600D00D9F800104F4621F4601121F00237
:20A600000121F4802141F08071BEE711BBD9F80030494623F4601303F500230B60117801C6
:20A62000291CD1D9F80010324AC1F300671368C1F3400167F3410361F3820361F355536148
:20A64000F3C7136045136023F4F82004D100F5804003E03846BFE600F5404010602046719A
:20A66000F7A1FE1E49A1F8600023480078A0BBD9F80000C0F3C240404542D04FF00008C87A
:20A68000EB081101EB88101C4901EB8007B7F8D000C0041CD5D7F8E400C0F3042007281657
:20A6A000D393F7D3FD009093F7D3FD3846CEF7FDFF0B48B0F86010B7F8D00061F30B00A754
:20A6C000F8D0003846CEF71CFE009893F7C4FD08F10108B8F1030F12E012E0E76E04004038
:20A6E000872000883520002C20200AFB00C7610D00003C202000A8242000B0242000781844
:20A700002000D8D82000BED3B5F83B00A0F57F41FF3902D13F20A5F83B00B5F83B0080F4DD
:20A720007070A5F83B00DAF8000090F7FFFA002871D0012822D002286CD157469AF8D7001E
:20A740008FF793FC8146B5F83B0002AA09F1340194F795FA80460298A5F83B00484690F7F3
:20A76000FDF900285ED099F8A300C0065AD5B5F83B0010F47E7F55D10E2030E6B5F83B0029
:20A7800002AA0AF1340194F77AFA07460298A5F83B00504690F7E2F940B19AF8A300C0063B
:20A7A00004D5B5F83B0010F47E7FE5D02888394646F70DFB86F830B0002F6FD1A07F022898
:20A7C0000AD1207A022807D13648017821F00101017034493C200870AFF732F870B1D9F874
:20A7E000000010F4400F09D00AFB00BE620D0010F4601F06D12E49086820F4F82000F58019
:20A800004005E02B49086820F4F82000F540400860284A2946504642E000E042E00C20302F
:20A820007000210846AFF704F83BE0204671F7C1FDB7F8D010C1F30B01814201D012201DBE
:20A84000E0D7F8F000401C06D02068411C03D0D7F800118142F2D1D7F8F400401C06D060B4
:20A8600068411C03D0D7F804118142E7D1B8F1000F09D1D7F8E400400205D5232080460077
:20A88000210846AEF7D5FF2888414646F7A3FA86F830B0B8F1000F04D1064A29464846483F
:20A8A000F750FC0198BDE8FE8F883520002C202000B0242000BF7D040010B50321FF2045C0
:20A8C000F785FF002805D072218170BDE8104045F7EFBE10BD70B504460D4600680D490051
:20A8E000EBC00001EB800A3700B5630D000010F8040C012810D10621FF2045F76BFF0028A5
:20A900000AD0D0218170B4F86410A0F803104571BDE8704045F7D0BE70BD000088B423004F
:20A920000A0C00E4020D00BDE8F04106F07EB80AFB00E8630D002DE9F041044600F18C059C
:20A940005648544FD0F800C097F921309CF80A0083421ED039462A79888B00264968022AC4
:20A9600056D12A78C2F3C302012A51D9401C87F8226082B2BA830868DFF82481C0F3CE23E1
:20A980009B1DD8F800009A4204D9CDF7E6FCC8F800607AE04979012930D100F1040897F8DD
:20A9A000200030BB082090F73BF93D4801682846CDF762FEB4F88E003B4AC0F3C900B861D5
:20A9C0007968B0F57F7F0978C1F3000111802978C1F3C301518040F2FD3200D8024641463A
:20A9E0007869C8F7DEFE2C204AF757F8012087F82000287820F0780008302870A07B93F7A2
:20AA00002EFFB86097F8230028B387F823603CE097F82320FAB90968C1F3CE21891E88423C
:20AA20001ADAA07B93F71BFFB9680546400A8100DF640D001AF96888422AD3796897F82109
:20AA400000C978A0EB910040B287F82100002801DA87F8216020463AF747F9BD6018E09781
:20AA6000F82200401CC0B287F82200062810D35B1C58B287F821009CF80A10884220460538
:20AA8000D189F7DDFCBDE8F0413AF776B93AF72CF92046BDE8F04189F7D2BC000074F02032
:20AAA0000000242000881220002C8B31009CF020000A4C00EC020D000448012200210068BB
:20AAC00081F798F80248816B59F79ABC741A2000201A2000034800220021006881F78AF89A
:20AAE00059F77CBC741A20003CB103B406F01CF903BC40F0005059F753BC59F74FBC000078
:20AB00000AFB005C650D005448016841F0600101604FF44810C16F21F00121C16770472D60
:20AB2000E9F0414E48006808B10068804745F7F4FA4C48416841F0800141604FF08001019A
:20AB4000604FF09E01416050F8A81F41F00301016052F7AFFCDFF810814FF4FA61A8F800D7
:20AB6000104249102008604FF44814C4F81C044FF00006C4F81C644FF00900C4F86C04C46E
:20AB8000F8E800206920F0100020613848017819B18178407852F774FC3648364F00780102
:20ABA0002500284ED0012094F79AF93868C00508D53BF717FF4FF47A71484305EBD030E0D8
:20ABC0006000E0E6602D4E306853F78DFC2C49086031686161E5612A4A12684A43B8F80060
:20ABE000104A43B2FBF0F0274A10606420414340F23110B1FBF0F000F105004FF00A0AA951
:20AC00000053660D0001B0FBF1F0214908806562C4F89C503868000601D445F7B2F91D48B9
:20AC2000007851F717FD1C481D49008800F10E0008801B480188C90603D51A49C0780968C8
:20AC4000C870BDE8F04152F7F7BB3BF7CEFE4FF47A7100FB01F6002094F745F93046B0E7D7
:20AC600000001C043600401A2000DC006400281A200010ED00E0A01A2000A0512100601A1F
:20AC80002000502420005C242000682420006C2420002A1A2000A81A20002C1A20002E1A10
:20ACA000200018862000C01A20000A0C0034030D0006F05CFA10BD00000AFB00F8660D00D9
:20ACC0002DE9FF419C48DFF874C203684FF4CA075B1C03609CF80000002440B1032B06D126
:20ACE0008CF80040386E96490860786E486095480078B3FBF0F100FB1130D8B9924E06EB93
:20AD00004002517899B1491E11F0FF0151700ED1796EC1F30335C1F3001131B116F810102E
:20AD2000A94202D10521517001E006F81040401C0328E4D38548006800021DD5282B1BD991
:20AD4000580719D17D4EBCF8043008367088BCF80620BCF802108DE80F00371D65467B889B
:20AD6000328839887AA0AAF708FF3C807C80348074806C80EC80AC80BDE8FF817D48007850
:20AD8000002818D07C49452008604FF4481050F86C1F21F47F4141F438410160C16921F480
:20ADA000700141F40001C16150F8B01F21F47F0141F400110160700AFB00EF670D00471048
:20ADC000B57048007800281BD0BFF751F9401E6D490E2808684FF4C00208D240F440500816
:20ADE000606A480068C2F85006694807E020F44050086067480068C2F850066648006848A0
:20AE00006510BD2DE9F041002504460E46022A35D1624F142E09D1DCF758FA012805D1389B
:20AE20006820F47C1040F4B01038603868C0F30541012905D1A17C5B2902D340F480003883
:20AE400060102E1BD1616AC9B142480068000215D553480088421E10423A4A02F10C0206E5
:20AE6000D091F8A030012199408843814203DA1088401C108002E05088401C50802846BDAE
:20AE8000E8F08138B5054646480C4630F81100009069462846BFF765F90099042921D03E52
:20AEA0004A012C106820F48000106003D1AB7C6B2B07D003E00AFB00E6680D00022C04D0F2
:20AEC000012C05D1AB7C5B2B02D340F48000106020F0F85020F47C1001F03F0140EA014035
:20AEE0003349106008605068486038BD1749012008702F48026842F008020260002001F11F
:20AF0000080210805080121D1080508048808880C8806FF798BD1A49012008700D491820DB
:20AF2000087024482549006840B1AFF241020260AFF22712CA65AFF2AF02C2602048C1F882
:20AF4000DC0070470000A0222000FCB22300B822200071222000B022200058222000636FA0
:20AF600065785F6465627567202564202564202564202564202564202564202564200000CF
:20AF80000000732220000084310068222000E0FE310018B32300AC22200014B32300A822FE
:20AFA0002000C0222000601320001441200060016500840A1300DD690D0022200010232018
:20AFC00000C4AF2000ED690D000A1400FCB22300000000000000000000000000000000008C
:20AFE0000AFB00EC690D002DE9F0470646077C4FF4CA05686EDFF8D090400646D4296ED9DF
:20B00000F800004B46020204D5304C228802F101022280C90739D09946000203D52C480105
:20B0200088491C0180D5F8EC0140F01000C5F8EC01DFF8A0800224D8F80000C0F3C002821A
:20B04000F0010220F0080040EAC200C8F80000C5F86001072093F70DFF286EC00704D0A489
:20B06000F1010414F0FF04E6D1D5F8EC0120F01000C5F8EC01D9F80000000206D5286EC094
:20B080000703D114490888401C0880102F18D1D9F80000000214D51048114A0088411E087E
:20B0A0004207D0716A91F8A030012199408843814203DA1088401C108002E05088401C50F3
:20B0C000800020BDE8F08758222000FEB2230002B32300C022200000B323006013200AF109
:20B0E00000E36A0D000004B3230010B500214FF4C003C3F8C813C3F8CC13324900220C78DF
:20B10000C3F8D0434C78C3F8D04311F8024FC3F8D043491C08B90C7807E00C78824202D9F3
:20B1200044F0800401E004F07F04C3F8D043491C521C5A2AE3D310BD10B593F7F6F80446D0
:20B1400093F7F6F80020FFF7D0FF1F49002048602046BDE8104093F7EEB81B4900200870DB
:20B16000704710B5BEF79DFF184A5168814213D00E2801D154210AE0431E0D2B03D200EB81
:20B180008001C91D03E0002906D0002108465060BDE810400846A8E710BD10B593F7C5F89C
:20B1A000044693F7C5F809490020086007494FF0FF004860FFF7D5FF2046BDE8104093F73F
:20B1C000BAB8CEE700003C2A20000CB32300040160000A0C000CB323000000000000000083
:20B1E000000A10003C030D0006F048FC00BD06F0B8BC00000AFB00D06B0D0070B55FF7C2FE
:20B20000FE474CD4F8E40E464900F03F000860D4F8AC0E444AC0F38500411120F0200010DB
:20B2200060012904D180F01F00401C40421060D4F8380F3D4AC0F30330C11020F008001059
:20B2400060012904D180F00700401C40421060374DCF20A8604FF001004FF4C001C1F8BC96
:20B26000014FF0300068604FF0C2002860A5F5BE75BEF72BFF08B10F2801D1FFF7B0FD2CD0
:20B2800048016941F001010161016841F0010101604FF0380045F8FC0F4FF02800A8604FED
:20B2A000F02000E86047F2C10004F62844A0634FF4C040C4F8D400D4F8C00280B240F4808C
:20B2C00040C4F8C00220681B4920F07F00096840EA010040F0400020604FF4C5402063706E
:20B2E000BD10B51549002001EBC00251F8303052681A0A5100C76C0D0060401C0C28F6DBC7
:20B30000BEF7E7FE08B10F2803D10121C0B26FF780FB0948016921F001010161016821F0B0
:20B320000101016010BD00F031003421200030212000382120007C016400600165002C2169
:20B340002000CC2920000A0C0048030D0006F011FDBDE8F0810AFB00146D0D003EB505465F
:20B3600030482F4C90F83B00000723D50A222146684698F7A1FE2C480078B0B12B48008861
:20B38000C00512D52A48BEF7A4FE4F212848BDF739FD2A4626496846BDF7BAFC10F0FF0078
:20B3A000A4F1500181F8530204D10A226946204698F782FE3EBD2DE9F041194D0446503D35
:20B3C000B5F8BA020026C0B9164915480A22091D0746C7F712FE1420FFF7C0FF05F18C01D0
:20B3E0003846BDF75DFC05F198013846BDF758FCFF20C5F8C86285F8C702641EB5F8BA1266
:20B400000120A0400143A5F8BA12281980F8D46205EB4401A1F8A46280F8BC62BDE8F0810F
:20B4200034DF200040872000402220003C212000942020002DE9F0470C461546B0F58A7F77
:20B4400079D9A0F58B700127DFF88CA14FF000094FF0020AFB000B6E0D000804F1080609B6
:20B46000286CD2DFE800F0051BBABABA22BA7CA500072130468FF79FFD95F9030000F0E043
:20B48000F8B071C0F30720E770012801D11F2002E0022801D130202070404684E007213028
:20B4A000468FF789FD00F04AF994E0E878002845D0012843D004281CD1C7210E2045F7153A
:20B4C000FA00283BD080F8059087702A88A0F80320EA788271434A84F83090002132F81154
:20B4E0003000EB4104491C09B2A4F807306029F5DB32E0D5210E2045F7F8F900286DD08058
:20B50000F8059087702A88A0F80320EA78827184F83090E978022904D003291BD1002131DF
:20B520004A0DE00021524632F8113000EB4104491C09B2A4F807306729F5DB0DE04DE032E1
:20B54000F8113000EB4104491C09B2A4F8073067290AFB00026F0D00F5DB01E01221217007
:20B5600045F739F925E0E81C3CF7ABFCB071E978022905D1411C01D0012813D11D4802E075
:20B58000032902D11C4800780DE004290AD1411F0A2291FBF2F1B171494201EB810100EBDA
:20B5A000410000E04846F071404684F8038084F830000120BDE8F087304607218FF7FFFCEE
:20B5C0000020514605EB4002B2F8032021F81020401C80B26728F5D372F7CEFCB071E770DC
:20B5E0005EE70020E6E724342000A42B200050042100FD342000083520005548406800B199
:20B600000047544A107801281DD1534954480B7803604B7843608B788360CB78C3600B7952
:20B620000361497981624E490B78C3624B7803638B784363CB7883630B79C36349794165B5
:20B640004FF00000107070472DE9FE4F0446400AFB00F96F0D00480169002029B120468873
:20B66000470190BDF804006EE0404E8DF80900002C61D014F1110F5EDD112C5CDA3E49DF39
:20B68000F8F0C03C4F91F9003031469CF800203878DFF8E890DFF8E8A0DFF8E88009784F25
:20B6A000F0010B1D1BA2B904EB840242F35D02104499F80020904203DB9AF80020904200B9
:20B6C000DD10463970307088F800508CF800B026E098F90020954222D04FF47A7C03FB0C27
:20B6E000F3009305FB0CF302FB0CF253F7B8F93178C0B2884204D1002C01DD401C00E0408F
:20B700001E99F80020904203DB9AF80020904202DD8DF809B003E03970307088F800501AF3
:20B720004930780968086019490978012906D118490968086002E002208DF8090030788D5A
:20B74000F80800BDF80800BDE8FE8F03480A5000F0700D00406900B10047104800787047C0
:20B760006802210095332000A833200088026000B0332000983320009633200097332000B0
:20B780009B332000993320009A3320009C332000A03320009D332000A4332000712D20005B
:20B7A0000A140050030D0006F040FFBDE8F08106F09CFFBDE8F0810AFB003C710D0010B595
:20B7C000AC4CAA4AFF21206853F7ABFF40F6FF71206854F706F82068BDE81040A44AFF21DF
:20B7E00053F7EDBEF8B504460D4653F733FE1221C8B1E878002710B94FF4807602E001284F
:20B800000BD146026A460421304653F78AFF0098401C0AD011202070F8BD022803D1FFF7AE
:20B82000CEFF2770F8BD2170F8BDB5F80510EA1D301D53F7C4FEEA1C0421304653F7BFFEDF
:20B84000002327701A4619464FF6365045F748FB84F83070F8BD30B48749D1F8F8100029A6
:20B8600055D185490A78022A53D38549844B0978062A194413D20278C2F3C3020E2A01D370
:20B88000052204E00A2A01D3032200E0012291F8A4301A44FE2A2DD281F8A4202AE00B2A0F
:20B8A00007D291F8F420FE2A24D2521C81F8F42020E0744B750AFB0033720D004C1B680C33
:20B8C0002A10D1744D2A7842B191F85422FE2A04D2521C81F854220021297073B1216849FD
:20B8E0001C21600AE091F8F420FE2A02D2521C81F8F42013B16168491C6160674909680059
:20B90000290AD00968002907D0007830BCC0F3C300A9F713BB30BC084730BC70472DE9F087
:20B92000415E48016840684FF008008FF716FA5C4C5C4F94F8AC1800F0FF083A7AC1F3C36D
:20B9400001D4F8A008914225D1B4F8AE18FA88C1F3C90191421ED1D2044D4E150CB26800C9
:20B960001D521CB26072692A4472613FF72FFF0004000C09D03169491C3161F1690144F1A0
:20B9800061B169281A084404E0F068401CF060B0692844B06144F72FFC404692F7FDFF05AA
:20B9A0004644F75AFB3968681A80B24FF47A7148434FF40AFB002A730D004861B0FBF1F07C
:20B9C00086B2D4F8A0088EF765FBB888B04210D82321FF2044F7AAFF06000AD00720B0704E
:20B9E00020222D49F01C98F78BFB304644F710FF3D60002084F87208BDE8F08170B5054675
:20BA00002B480024016811B1046085F8304029488462C4620463446378F754FA8FF7C1F88C
:20BA200030B92548407E18B9012049F718FC04E049F771F9042085F830004FF4C6711F486C
:20BA400096F7C0FB1E4D6869002816D028698EF721FB68698EF71EFB1A4800688EF7A8FAC2
:20BA60000020B9F728FB1848D0F8541741F00301C0F85417C4670748046070BD70B6230094
:20BA8000F0502100C4AF2000C2142000E4DE2000BE13200094182000D8AC2000BC1320008A
:20BAA00030182000288B310000102000CFAC2000C40AFB0021740D0023200040872000D00A
:20BAC000BC200088B4230074F0200000242000948331002DE9F0414FF448110028FC4CFCCC
:20BAE0004E51F86C0F4FF480454FF4C00720F47F4040F438400860C86920F47000C8614F0E
:20BB0000F001024FF000014FF005000FD079F7D7FF0021052079F7E8FFD4F8100140F4805B
:20BB200070C4F81001C4F8205270680EE079F7C7FF0121052079F7D8FFD4F8100120F4809F
:20BB400070C4F81001C4F820523068C7F85006BDE8F0812DE9F04FBBB001783991417838C3
:20BB60009190F90240C178379100793690DA4839990078DFF864B3DFF864A34FF0FF354F2F
:20BB8000F00009039001297ED1D34800250570284656F7B3F8D34E307F40F0010030775687
:20BBA000F770F9307FD04920F001003077681E0AFB0018750D000870CE4901270D70FF212C
:20BBC0008BF80010CC490D70CC490D70CC490D70CC490D70CC490F70CC490D70CC490870D7
:20BBE000CC48CE490580CB480570CB480570C0200870CB490A200870CB4867210570CA4855
:20BC00000570CA4807708AF80050C94804950770C94896F7DEFACE21C84896F7DAFACE216E
:20BC2000C74896F7D6FAEA21C64896F7D2FAC14803210770C448C04A00783238C0B260F3C5
:20BC40001F2111803BF77AFF4FF4C87093F763F9BE480068C004BD4801D5077000E005702E
:20BC60000020DFF8EC82014688F800001DA872F7D2F8012105A872F7CEF800201DAD05AE05
:20BC800055F8201056F82020914204D000E06CE088F800701820401C80B21828F0D3AB481A
:20BCA0000078012818D198F80000A8B9020AFB000F760D00211DA872F7B1F8032105A87235
:20BCC000F7ADF80020424655F8201056F82030994201D017701820401C80B21828F3D30006
:20BCE0002072F73BF99D499E4D087018262E700878182810D198F80000012809D172F72D98
:20BD0000F9287096480078182805D12878182802D19448077002E093490020087000207238
:20BD2000F738F99149914D08702E700878182807D198F80000012802D172F72BF92870289C
:20BD4000788B4908703698012806D1FFF7C9FE8948016841F4405108E00020FFF7C1FE8552
:20BD600048016821F4805141F4005101604FF001053998022879D10020FFF7B2FE66490046
:20BD80002008806A490870624904900978012918D19BF800203899914208D13799042905CB
:20BDA000D15C4A369992F9002091420AFB0006770D0004D06FF003003BB0BDE8F08F56494C
:20BDC000594A08700121117001E0574908706C4991F900108C4204DC6A4991F900108C4294
:20BDE00004DA504801210170881FE5E74D4900200870424890F90080B8F1070F04DD4249DB
:20BE000001200870C01ED7E7369870B99BF800103898884259D03D48017821B13C4901201A
:20BE20000870001FC8E701214EE002284DD1DFF8E4E09EF80000012847D1494A002092F875
:20BE400000C0464A30211278BCF1000F12D13E4F07EB40039D889D863A4D01232E18B376F4
:20BE6000012A1FD107EB4106B788B7860D44AB7602E0FCE3012A15D1334E06EB410306EB07
:20BE800040069D88B788B68EED1B9F8E6DB2BE1B45EA06259D802B4D01260D44AE700026DC
:20BEA0009E86AE76401C491C800AFB00FD770D00B2C9B21828CBD32548244A9430018F0138
:20BEC0008001214A321170002101871177704601709BF8001038985D4688421448DFF8B0A8
:20BEE000B0007856D1012875D16EE00060330014B3230068222000F5342000053520002448
:20BF0000862000F8342000F9342000F6342000F7342000193520001A35200010352000FC0F
:20BF2000342000043520001C35200002352000033520000635200007352000FD342000FF2D
:20BF40003420000B3520000D35200020052100243420005004210064032100712D200070E2
:20BF6000F93100113520001235200013352000143520000C352000153520001635200017AC
:20BF8000352000E0FE3100003520000135200018352000C8B9FF4808F1010880F80080FD66
:20BFA0004E002030604FF00AFB00F4780D00190092F7BFFF38984FF4C001801C40F0800046
:20BFC000C1F80401081230604FF4C87092F7B1FF369820B9F349002008701AE02AE002289C
:20BFE00010D1ED4890F9000018B1ED490978012906D1401C00F0FF09EA490120087001E020
:20C0000000F0FF09B9F1000F03D0462101EB890000E000208BF80000C0B2401CC0B267286E
:20C0200006D2E04A389922F81010DF4A01211154389828703698002600287CD1FFF75BFD24
:20C04000DB48016821F480510160D9494FF000000870D8490870D84800780028D848007843
:20C0600004D108B9012005E0022003E008B9032000E00420834600EB400000273A90F8E07A
:20C08000B81CC5B2002F70D01820B7FBF0F100FB1170002863D1DFF81C93C74999F800001C
:20C0A000401CC0B2890AFB00EB790D00F80000097801290CD1C349097849B9012801D003A7
:20C0C0002805D1FF20BC4917370870BFB2A9E0BA490020DFF8F4820870C8F8FC0C19209203
:20C0E000F72BFFB748007801280BD199F80000022801D0032805D14FF44610416941F000A2
:20C100004104E04FF44610416921F0004141614FF42F7092F711FFAB48007801280FD1993B
:20C12000F80000012801D0032809D10120FFF7E6FCD8F8E01E404641F4405108E00EE1001E
:20C1400020FFF7DCFCD8F8E01E404621F48051C0F8E01E4FF4C040C8F8FC0C4FF4C87092E9
:20C16000F7EBFE05E094490878FF285AD0401C0870DFF8448298F80000FF2852D08C4949E4
:20C180005D59B904ABCDE90053904922460978369B3BF7A0FE304446B202E000208AF80025
:20C1A000008B480AFB00E27A0D000078012858460FD1012839D1894998F80000097888423F
:20C1C00033D17C4830F91510A1F5FE40FF382CD015E0012803D198F80000814905E0BBF165
:20C1E000020F22D198F800007E49097888421CD1704830F91500A0F5FE41FF3915D09AF833
:20C200000000012811D17849087870B97748642230F91500323890FBF2F0754A1278101ADC
:20C22000744A20441278801A08709DF81000012823D163480178FF291FD0FF210170681E2C
:20C24000182190FBF1F201FB120000F0FF09002047F6FF72DFF86081564B84460AE0401CFA
:20C26000C0B2291823F8112008F801C009F1010101F0FF09B9F1180FF1D37F1C3A98BFB296
:20C28000B7EBC00FFFF403AF4F4D2878012809D14FF44610416921F0004141614FF42F7030
:20C2A000920AFB00D97B0D00F74EFE494F3878012807D10020FFF729FC4248016821F48037
:20C2C0005101602878012802D0387801280DD1384D002028604FF0190092F735FE4FF4C016
:20C2E0004028604FF4C87092F72EFE4449087818285BD2434D0F462978884202D10120FF89
:20C30000F704FC2E48662290F8660068B904ABCDE900233148224601783B48369B00683B40
:20C32000F7AFFD304446B202E000218AF800102248B0F9CC00A0F5FE41FF3913D09AF800F9
:20C340000001280FD12B486421B0F9CC00323890FBF1F028490978081A28492044097840E7
:20C360001A234908703878297882E1022878D11D4D2878182875D20020FFF7C7FB9BF8009C
:20C3800000DFF83C90C01C00F0FF0819F8080068B904ABCDE9008310482246017828780A22
:20C3A000FB00D07C0D00369B401E3BF79EFD46B232E066E12DE0F8342000FCFC3100F9342D
:20C3C00020002434200020052100E0FE31000F3520001B352000113520001235200000F0DF
:20C3E0003100033520000C352000F43420001335200014352000FF34200050042100FB3443
:20C4000020000A35200017352000163520002835200000218AF80010FE4F37F91800A0F56C
:20C42000FE41FF390BD09AF80010012907D1297807EB41014988401AC0B227F818009BF8CA
:20C440000000801C00F0FF0819F8080070B904ABCDE90083F048224601782878369B3BF763
:20C4600044FD304446B204E017E115E000208AF8000037F91800A0F5FE41FF390BD09AF8DB
:20C480000010012907D1297807EB41018988401AC0B227F81800B7E0E04D2878180AFB0020
:20C4A000C77D0D00287ED20120FFF736FB9BF80000DC4FC01C00F0FF08D7F8E40140F440B2
:20C4C00050C7F8E4014FF00009C7F800904FF0190092F740FD4FF4C04038604FF4C87092CB
:20C4E000F739FDD14F17F8080060B904ABCDE90083CA48224601782878369B401E3BF7F8EB
:20C50000FC46B201E08AF80090C34830F91800A0F5FE41FF390CD09AF80010012908D1BE9D
:20C52000492A7801EB42025288801AC0B221F818009BF80000801C00F0FF0817F80800602C
:20C54000B904ABCDE90083B548224601782878369B3BF7CEFC304446B201E08AF800900090
:20C5600020FFF7DAFAAF4FD7F8E40120F44050C7F8E401C7F800904FF0190092F7EBFC4F71
:20C58000F4C04038604FF4C87092F7E4FCA24931F91800A0F5FE42FF3A39D00AFB00BE7EA6
:20C5A0000D009AF80020012A35D100E008E02A7801EB42029288801AC0B221F818002AE090
:20C5C0009BF80000801CC5B29948405D60B904ABCDE900539348224601789648369B007883
:20C5E0003BF78AFC46B202E000218AF800108C4931F91500A0F5FE42FF3A0CD09AF8002046
:20C60000012A08D18B4A127801EB42029288801AC0B221F8150088490878182838D2874FC2
:20C6200088463978884202D10120FFF779FA9BF80000001DC5B27E48405D68B904ABCDE944
:20C6400000537848224601787D48369B00683BF722FC304446B202E000218AF800107049DE
:20C6600031F91500A0F5FE42FF3A09D09AF80020012A05D1B1F89420801AC0B221F815004A
:20C6800098F800003978884202D10020FFF748FA002E09DA6B493698080A5B00B57F0D0023
:20C6A000706B4901204FF0FF3508700FE033E00021614A0846135C401C1944C0B2C9B267B2
:20C6C00028F8D3672901D1002500E00125369810BB012D03D15F485F49007808705F490850
:20C6E00078012812D15448807801280ED15C486422B0F9040032380AFB000C800D0090FBB0
:20C70000F2F0594A1278101A594A204410700020087057480178012901D10021017039984A
:20C72000DFF854A1DFF854B103287ED10020534E544F3E4D0AE048B105EBC00101F19001D1
:20C740008A880B88D2B262F31F230B80315C3B5C05EBC002401C63F31F21C0B2A2F8941016
:20C760000828E8D348480078182803D33249097818290BD234490978182901D204200CE074
:20C78000182807D32C480078182803D32E480078182801D2032000E002203B490978002929
:20C7A0003B49097801FB00F101D1323100E04A312548CAB20078182801D2521CD2B2002170
:20C7C0001F4B08461E5C401C3144C0B2C9B26728F8D3B5F8C80020B92E48D0F8740FA5F863
:20C7E000CC00914201D1012504E009B1002501E04FF0FF35280AFB0003810D00480078010C
:20C800002800D1C51E26480078012800D1051F25480078012800D1451F10480078012800FC
:20C82000D1851F21480078012800D1C51F37983DE05FE00000243420000335200014352060
:20C8400000FCFC310020052100F434200017352000163520002835200004352000FC342024
:20C8600000FF342000FD3420000D352000500421000E352000083520000B3520001E3520AA
:20C88000002235200030352000383520001335200011352000F834200000F03100F634208A
:20C8A00000F73420001A35200002352000042802D0F04900200870F04E0027C6F8FC7C19E4
:20C8C0002092F756FBBAF80000C6F8300CC6F81C7FBBF80000C6F8340EE8480088C6F870C0
:20C8E00009E7480088C6F8800B55F761FAE549039808700AFB00FA810D003998042876D176
:20C90000E248002590F80090DD4F0570D7F8E00E6FEA1030800701D1012000E00020FFF749
:20C920000DF9002055F71EFA3BF739F9C7F81C5F38984FF4C006801C40F08000C6F80401E7
:20C940000020D34901E0401CC0B20A56A24201DD1728F8D340F04000C7F8280C4FF4C0401A
:20C96000C7F8FC0C4FF4C87092F706FBD7F8980F4FF446114969C0F3401000290BDA0128EF
:20C9800005D0D7F8E00E6FEA1030800701D103240CE002240AE0012805D0D7F8E00E6FEADC
:20C9A0001030800701D1012400E00024D7F8340CC0F304203590D6F8040100F07F00801E2A
:20C9C00086B2B44890F80080A8F132083BF794F801B2B148008810F0FF0F09D03346CDF831
:20C9E00000802046359A70F7E1FF064601E020E00E0AFB00F1820D0046C7F8FC5C19209253
:20CA0000F7BEFABAF80000C7F8300CC7F8285CBBF80000C7F8340E9C480088C7F870099B84
:20CA2000480088C7F8800B55F7C9F99949304681F800903BB0BDE8F08F2846FAE72DE9FFFA
:20CA40005F05460398002114464FF00A0801703BF70FF800B2A0F132014FF0640B91FBFB70
:20CA6000F2904991F900108A4228DB8E49884225DADFF814A2DAF8AC0E1FFA80F929F0FC22
:20CA80000040F03000CAF8AC0E142092F778FA00273E463AF7EDFF761C76B207444645F83B
:20CAA000DB08EBD870A7EB600191FBF8F6CAF8AC9E142092F764FAA6F5E16630B27B49DF65
:20CAC000F8DCE121F814006FF01801694300EB81012EF814100121754A0A231155002801FC
:20CAE000DA401F00E0401D90FBF3F0714A6D490AFB00E8830D0092F9002000B2914691F9A6
:20CB000000C052420CEB8C0102EB8202019EC0EB410100EB4202DFF8A4A109B212B2002E48
:20CB20005BD1674E3678012E57D1182600291EDDDFF8949199F9007007EB8707B0EB470F3E
:20CB400076DD401F90FBF3F8A01E90FBF6F706FB170000EB4000ACEB080630445B4E89F8F1
:20CB600000803678304428448AF8000060E0002A5EDD022C02D9671EFFB200E02746DFF81D
:20CB80004C8198F900C00CEB8C0CB0EB4C0F20DA484830F91700002801DA323800E0323079
:20CBA00090FBFBF088F80000B81E90FBF6F706FB1700C0B298F80060C0F1160000EB4000C5
:20CBC000A6EB09060644404800783044281A8AF800000398012505702AE03D4FB7F9006057
:20CBE000B14201DCB24223DDDFF8EC80000AF900DF840D002909DD401F90FBF3F0A0EB0C48
:20CC000000281A98F8005028440EE0002A0EDD002801DA401F00E0401D90FBF3F0A0EB09E2
:20CC200000281A98F80050401B8AF80000914201DD398000E03A802A4D9AF9000095F90059
:20CC4000505646A84204DC274D95F90050A84200DA357047F6FF75002901DC002A06DD1788
:20CC6000492EF8145000200855401E00E000203EF914107246A94208D0002901DA491F00C4
:20CC8000E0491D91FBF3F122F8141004B0BDE8F09F0835200000F031002435200026352046
:20CCA000006822200040352000712D200024342000FA34200048F4FFFF50042100200521BC
:20CCC00000FB342000FD3420000B3520000635200009352000073520001C352000FE34207C
:20CCE0000000352000013520000A0C0014B32300F0000000C00000000A0C0060030D00F063
:20CD0000BC08F037B900000A7800D4850D0030B40278C2F3C303427A092B05D04378C3F378
:20CD20004004837D9C4203D042F00102427212E0114C4D0305D422F0010242720822227018
:20CD400009E042F00102427283F0010282750522227000220276084A12683AB10278C2F35B
:20CD6000C302082A02D1054B01221A700222427130BCCBF777BDC2142000E08A3100D211BF
:20CD800020000A0C0068030D0008F029FABDE8FF9F0AFB0048860D0070B5044690F8CE00E2
:20CDA00088B000EBC00101EB4010F949096801EBC005E088B4F81811884222D3B4F81A111C
:20CDC00088421ED82089A18B88421AD16089E18B884216D1B4F8220110B9B4F8201149B194
:20CDE000B4F84810B4F8202191420AD1B4F84A10814206D115F8830F40F008002870002065
:20CE00004EE095F8830002AE20F0080085F883000F208DF80800B4F81801ADF80900B4F831
:20CE20001A01ADF80B00A08BADF80D00E08BADF80F00B4F81A21B4F8181194F8CE00731C86
:20CE40009FF788FF9DF8111019B9ADF80900ADF80B000146731C01AA20469FF716FF9DF8A8
:20CE6000110084F81C01BDF81200A4F81E01002006EB400104EB40028989401CA2F82811C2
:20CE80000628F5D394F8CE00182202A9CFF7AC0AFB003F870D00FE00280CD115F8830F4031
:20CEA000F008002870072084F81D0194F8CE100820BEF7D5FC08B070BD1CB50C46B749D130
:20CEC000F89C313BB10021019101AA2146984708B101981CBD002300930193E388A2886192
:20CEE000882088AEF7F4FD70B1207A638898420AD800204FF6FF7204EB4001B1F80B1091AF
:20CF00004203D0994201D31E201CBD401C0628F2D300201CBD2DE9FF5F8046B0F802A0402A
:20CF20006800F1100590F80C90077C50468BF7E0FD04460AEBCA0101EB4A10964909680146
:20CF4000EBC0069548D0F8701119B140468847002876D1002C75D0D8F804102046C2F7AF49
:20CF6000FA0028F7D0B9F11A0F6BD8FF2F0AD08B4907EB470001EB8000007A000702D55089
:20CF800046CFF7B3FE0C2F7DD00BDC4FF00AFB0036880D00280B0C2F79D2DFE807F0319618
:20CFA000B5FEFEFEFEFDFCFBFEFE4FF0000B132FD4D008DCA7F10D000628EDD2DFE800F077
:20CFC000AAEAFAF9AAEE162F7DD008DC142F7BD0152F5CD1D8F804202146052061E3172FB3
:20CFE000F2D0FF2FF5D16878DFF8C091F0380528D2D2DFE810F059037303E7031E0442048F
:20D00000B9F10D0F22D1287BC007A7D0698950469FF766FF002870D0688903904020A4F80B
:20D0200040006878E07568882083A8886083E888A0832889E08303A95046AFF796FE16F8A4
:20D04000830F40F01A0056E0F2E30AE2B4F84000400502D55046CFF74CFE698950469FF731
:20D060003FFFD0B1688903900120A4F840006878E07568882083A8886083E888A083288951
:20D08000E08303A95046AFF700FE010AFB002D890D00E0FBE024E316F8830F40F00A002DB5
:20D0A000E0206B800706D584F81DB194F8CE100820BEF7DCFBB4F84000410521D520F4807F
:20D0C0006080B220F00100A4F8400019E07AE274E2E98850469FF707FF90B10220A4F84044
:20D0E000000522691C04F1200097F774F829465046B1F7A0FB16F8830F40F001003070EDCF
:20D10000E384F8BFB001215046B1F7B6FBE6E3687884F8BF0027480168F5E7206B8006087F
:20D12000D53A4641462046C1F72EFF5046CFF7E4FDD4E3112F5BD168780F2854D1B4F84040
:20D140000020F48060A4F840005046CFF7D5FD94F8CD0098BBA8781A2834D15046CFF7CC96
:20D16000FD91F794F9064691F794F9B4F82221B4F820112046AEF7FAFCB4F81801A4F844CA
:20D1800000B4F81A01A4F846000AFB00248A0D00206B40F002002063304691F781F9204608
:20D1A00011E057E041E030E230E025E28C372000C4AF20000876260040872000AC372000F9
:20D1C00084E1A6E002E09FF7D3FB10E0B4F8400020F00100A4F84000206B800707D5A87847
:20D1E00084F81D011FFA8AF10820BEF743FB6878142888D106E00D2F85D1B4F84000B0F568
:20D20000805F87D1002221460C2051E23A4641462046C1F7BCFE062F8ED15046CFF770FDB3
:20D22000B4F8400020F0040039E26D1CFF4A04F1AC00002115F8013B12F8016B491C3340A8
:20D24000C9B200F8013B0829F4D313E040057ED5002119E26D1CF54A04F1AC00002115F8E9
:20D26000013B12F8016B491C3340C9B200F8013B0829F4D3206B092F40F480402063E5D08E
:20D2800094F8CE002021CF0AFB001B8B0D00F74AFD092120469FF717FE27E3687884F8B9D4
:20D2A000006888A4F8BA00A888A4F8BC00206B40F480702063800501D4206B07E000212061
:20D2C00046D5F78FF8206B20F40070206341060AD4000519D420469FF7D8FD94F8CE0020C1
:20D2E00021CFF720FD10E094F8CE00CFF70CFDB4F8400020F01000A4F840002046BEF7C945
:20D30000FA206B20F040002063B4F8BA000F28C3D120469FF7A3FDE8E294F8CD000026019E
:20D32000282AD1B4F84000410503D4B4F84210490522D520F00100A4F84000B4F842002083
:20D34000F00100A4F84200B4F8400020F48060A4F8400000E0A2E1B4F8420020F48060A459
:20D36000F84200206B800707D523212046D4F78BFF206B20F002002063B4F8400020B14069
:20D38000057AD50F220AFB00128C0D002321AAE0B4F8420040F20141084271D16D1C2946A4
:20D3A0002046FFF79BFD00286BD194F8CD00012806D003AA294620469FF7CFFB00287ED065
:20D3C000294620469FF756F9010003D09C488068800676D52888A4F818016888A4F81A0116
:20D3E000A888A083E888E083287A84F81C01B5F80900A4F81E01002005EB400204EB4003D7
:20D40000B2F80B20401CA3F828210628F4D384F81DB1B1B129462046D4F791FF38B10146F6
:20D420000F2220469FF7C1F9002E28D022E0B4F8400040F4806080B240F00100A4F840009E
:20D4400018E0B4F8400040F4806080B240F00100A4F84000206B40F00200206394F8CD00FC
:20D4600001280FD1EB880093AB886A88298820469FF7A2FC94F8CE002021CFF757FC38E25F
:20D4800028E0240AFB00098D0D00E091F70DF8064691F70DF8B4F84A20B4F848102046AE44
:20D4A000F773FB2888A4F844006888A4F84600A888A083E888E083304690F7FCFF20469F82
:20D4C000F761FA19E203E0FFE70F221A210EE00F2220210BE00F22014608E00F222A21059E
:20D4E000E094F8CD00012805D11022242120469FF75FF901E26D1C29462046FFF7F2FC06FE
:20D500004694F8CE00CFF706FCEEBBB4F818712888874200D80746B4F81A016988884200A5
:20D52000D308468146294620469FF744FB60B3287A84F81C01B5F80900A4F81E0100200575
:20D54000EB400104EB4002B1F80B10401CA2F828110628F4D34F4523D8A888A18B88421FB2
:20D56000D1E888E18B88421BD190F79EFF054690F79EFFB4F82221B4F820112046AEF704DA
:20D58000FB0AFB00008E0D00A4F8447001E00CE00AE0A4F84690284690F790FF20469FF7F7
:20D5A000F5F9002E91D000E01E261022314620469FF702F9206B800707D584F81D6194F8B6
:20D5C000CE100820BEF764F99AE1B4F8400020F0010080B220F48060A4F8400090E1D8F878
:20D5E00004202146042071E0162F03D12046B1F75AFF85E1206BC00407D549462846B1F775
:20D60000E8FD206B20F480502063B4F8400020F4807052E00C480078C00673D5132120469D
:20D620009FF7C1F86CE1B9F1020F11D9A87829460028C9D194F852000128C5D1C91C204670
:20D640008BF7EFFE5CE1000008BD2000D0BC200068780E281FD01228B6D0142833D0FF2862
:20D66000B2D194F83400FF28AED094F83610F12901D0F229A8D18CF727FE044650469F0A40
:20D68000FB00F78E0D00F73CF82068112154F760FDD1F720F8206876F7C9FE34E15046CF5A
:20D6A000F740FB206B400507D51A212046D4F711FE206B20F480602063B4F8400020F0080B
:20D6C00000A4F840002046BEF7F2F81CE1002221460B20B1F7F0FB16E1D5F8020080070BCD
:20D6E000D590F7E9FE064690F7E9FE01215046C4F775FD304690F7E5FED5F80200C007943E
:20D70000D0206B40F400302063FDE0F8E090F7D3FE824690F7D3FED6F8FC70B6F88690504C
:20D720004690F7CFFE206B20F400202063E879800884F837006988A9EB0100B4F8C21080ED
:20D74000B24143384691F731F901466868C0F31900400091F72AF905464000CDE9020B3017
:20D760004687F7E8FD42F7CAFD90F7A5FE074690F7A5FE94F8CC0002A991F71FFB0AFB00B5
:20D78000EE8F0D00384690F7A0FE42F7ECFCB08B4119F08BB1FBF0F200FB1210B083B06C31
:20D7A000B0F8C010B0F8C2202944B1FBF2F302FB1311A0F8C010B06CB0F8C410B0F8C620BA
:20D7C0002944B1FBF2F302FB1311A0F8C410012086F82100D6F8FC00284420F07840C6F842
:20D7E000FC00D6F89C00284420F07840C6F89C00304688F775F8C4F705FF88E001208DF707
:20D80000B9F8FF282BD084F835008CF764FD0446E87AE169C0F3020262F30201E161062231
:20D82000A91C04F1280096F7EEFC032205F1080104F1540096F7E7FCE06920F0F80120310F
:20D84000E1612146002047F7A4FAB9F85800C821B0FBF1F22068112154F75AFC57E00D21E3
:20D8600020469EF78EFF52E059E094F83400112154F772FCA87804F13404700AFB00E590D3
:20D880000D00B120788CF72AFDC069B9F81A300093C0F302022178244B3046CCF791FC3913
:20D8A000E02178112043F757F9207876F7F8FD94F89A009EF72CFF2DE00020C4F7C2FE01AB
:20D8C0002091F7A8FB0120C4F7BCFE6868C0F31B0002906888039042F718FD90F7F3FD05EA
:20D8E0004690F7F3FD14F8CC0F694691F7BEF8284690F7EEFD42F73AFC207802AB02466952
:20D900004691F7E4F86846D0F7C0FE03E0394620469EF7F0FED8F8040004B0BDE8F05F0063
:20D92000219EF711BEBDE8FF9FC57F07002DE9F047064600F108040D46888805218CF748EA
:20D94000FF0746E878DFF820844FF0000A002870D1282120468DF7D6FBA888E08098F800CA
:20D96000000422012803D1A27384F810A061E0DFF80094FE49FF4809F10AFB00DC910D0090
:20D980001408AFB9C37C1B0712D4087890B9A8888BF70BF910B190F8D30004E0CFF7E7FB95
:20D9A00018B9F748807EA07347E00220307044E00978B1B1F3480068207408EB400090F963
:20D9C0000010F148A173006878B3012805D0022803D0032831D1A2732FE0A1F10301A17361
:20D9E0002BE0C07C00070CD400213846B8F7C9FDA07317F89E0F207478791CE0A07BC01E9C
:20DA0000D1E701208CF76EFC424699F8033000210DE002EB41056D7890F89F70BD4205D162
:20DA200012F81120A273217403E006E0491C9942EFD390F8A3004009E0D086F800A02220B2
:20DA4000F0700120BDE8F08770B504460879022801D9122009E0CD4A126812790AB10C2017
:20DA600003E0CB4A127812B91120207070BDC94A012600250128030AFB00D3920D00D1C7D1
:20DA800048167005600BE008B9157008E0022806D14879C8214843C249086000F052FD252D
:20DAA00070E67070BD1CB500208DF80500D2F7F1FF8DF8070001208DF8010002228DF8065D
:20DAC000200DF1060300214FF6E94043F79DFA1CBD2DE9F041B44E054630688AB00C46002E
:20DAE0000208D5B148006828B1D2F7CBFF192801D3072007E004F11500217D80467CF7492D
:20DB0000F920B1122028700AB0BDE8F081AFF269073068C00705D0D2F71AFB10B90120D2C2
:20DB2000F7E6FF207D8DF800006E4606224146701C96F773FB1022211DF01D96F76EFB107A
:20DB4000210DF117008DF7E5FA3946684601F0E9FA10F0FF002870D6D185F83000D3E72D59
:20DB6000E9F041054692480C460078012801D0012003E08AF70AFB00CA930D00FAFE10B9ED
:20DB800007202870C4E7E078122618B18B490978884201D92E70BBE7BFF7FFFE0C2750B1A2
:20DBA000E078BFF7E7FD8046BFF704FE18B94046BFF7FEFD08B12F70AAE7A0882028E9D3D8
:20DBC000E188B1F5804FE5D88842E3D8607A4007E0D0207A0128EED090F77FFC054690F7FF
:20DBE0007FFC217A4046BFF7F3FD617A4046BFF7F1FDA08820F001014046BFF7EDFDE08816
:20DC000020F001014046BFF7E9FDA17A4046BFF7EBFD2846BDE8F04190F765BC2DE9F0415E
:20DC200004465D48624E00680D4600790C2718B963480068007848B13068696800F0200010
:20DC400001F02001884201D0277061E790F745FC804690F745FC44F21002306869681040E1
:20DC60001140884208D05648006828B127704046BDE8F00AFB00C1940D004190F737BC40BE
:20DC80004690F734FC3068000705D56868000702D401208BF7EEFA4D496868096811258841
:20DCA000424CD83060C00704D0D2F758FA38B9012003E0D2F753FA10B10020D2F71FFF30B5
:20DCC000684FF0000880030AD490F70AFC074690F70AFC3F49384681F8088090F707FC300C
:20DCE0006800F004007CF770FD30683A4AC0F340111170C00502D50120D0F752FF30684F8B
:20DD0000F00107C103344806D53449097809B1077005E0257003E0007808B1D1F79EFF309E
:20DD20006841032F4806D52F49097809B1077003E0257001E080F80080E770ECE62570EAC2
:20DD4000E610B1B0F8580170472748008870472DE9F04F0C4689B0054600F108074FF0004C
:20DD60000105A80A4606C0134894F804A0006800020AFB00B8950D0041D5DFF87890D9F8C5
:20DD8000000010B1DFF8388036E038E0F844200098B22300FA2C20004087200008BD20002A
:20DDA0009CB22300A0B2230030372000033720002CB3230034B3230040B32300F037200033
:20DDC00054B3230028372000491E200034372000943720001CB323001C1E210001372000F8
:20DDE00021392000203920001C3920001039200086372000601E2000D8F8000008B9112015
:20DE0000C9E0BEF7D9FA08B10C20C4E0B4F81530B4F81320CDE90023B4F81130B4F80F20D7
:20DE2000B4F80D10B4F80B00ADF786FE08B91220B1E0B4F8150078B90020FFF785FF57498A
:20DE4000983091F82810484300F5EC7040F27121B0FBF1F0A4F81500B4F8130018B9504834
:20DE60000188A4F813100622611D05A896F7E00AFB00AF960D00F904AA514605A88BF72AAC
:20DE8000FB4A4904F1170B0978884265D2064602F0ADFE002804F10B01D9F8000006EB8601
:20DEA0000400EB84004FF00B0A00F106004FF00C022AD0089195F701FB50B9D8F80000075C
:20DEC0002200EBC600594695F7F8FA08B9172065E0D9F8000000EB8400807C8AF74EFF8883
:20DEE000B9D9F800000C2200EB8400801D089996F7A2F9D8F80000072200EBC600594696B6
:20DF0000F79AF91BE0504649E0079195F7D6FA88B1D9F8000000EB8400807C8AF72EFF00A6
:20DF200028F0D1D9F800000C2200EB8400801D079996F781F93146584602F065FED8F8000C
:20DF4000001B4990F840000978081AF8713E720320E87009B0BDE8F08F049E4FF007098E02
:20DF6000421BD203AA514605A88BF714F80A4E00A6970D0011490978884201D2814609E029
:20DF8000039888420DD2814602460723514605A88BF73DF84B4632465146601D8BF7DFFA91
:20DFA000CCE748462870D8E7000004382000883720004C1E200058B323004A1E20000A083C
:20DFC000001CB32300FFEFA7000A0C0070030D0009F099FABDE8F0870AFB00F0970D0010D3
:20DFE000B54FF42F7153488DF7B6F8524B0020504A80211B6803E0C0EBC0041155401C9895
:20E0000042F9D34D490020087010BD2DE9F04107464A48007890B10024464D464E0BE0C41E
:20E02000EBC40028440722394695F75BFA10B92046BDE8F081641C30688442F0D34FF6FF12
:20E0400070F6E770B5064662F7C4F901464FF6FF70814201D2084670BD384D36492A780931
:20E06000688A42F8D20024324A11E0C4EBC403D35C802B0BD1C4EBC40010440722314696E8
:20E08000F7EEF82878401C2870204670BD641C8C42EBD370BD2DE9F041044600F10806278C
:20E0A000480D46007810B90C202070C1E72879122718B1012801D0052810D168790128016A
:20E0C000D92770B5E70520E07028794FF6FF78062824D2DFE8000AFB00E7980D00F00515DC
:20E0E0001923241C0420F2E7681D62F776F94746404501D2172005E0681DFFF7A6FFB8423F
:20E100000ED3072020700EE0681D62F7B1F905E062F751F907E0681D62F75FF9404501D2F4
:20E12000B07200E027702879F07104480549006830720978401A70727EE7F01E2100143902
:20E140002000123920001039200010B50446C9B9F34991F83F1061B1F2490A69A24208D1A9
:20E16000F14A126812F0100F03D0012081F8460010BDC17B807B7BF7FDFC2046BDE810404C
:20E18000CEF71EB8022936D1E8480068E84B1968814203D9E7490A68521C0A601860B4F829
:20E1A000460094F854100844401CA081B4F84400B4F84610401AA4F84400D9F79AF910B110
:20E1C000DD48E1F748FE606B0028D1D0D9F791F928B1D0F70AFB00DE990D0033FBD0F78967
:20E1E000FB002007E094F85200012801D1D0F781FBD3480078BDE81040D0F715BB0329BAFC
:20E20000D1D04800790028B6D0BDE81040D1F73EBC2DE9FC410446CC4800260078D8B3D984
:20E22000F76BF9C0B394F85000A8B394F84F1009B1012930D1C148856D6846CEF78DF8070F
:20E240004694F8510038BB0622694605F14C0096F70DF885F852706B463A46B84920460125
:20E26000F0FCFAC0B13A466946B448E1F7F5FB060011D0B6484FF001058068000708D5B4AA
:20E280004801230570B4F84210B24A2046BDF7E9FEB148006885703046BDE8FC812DE9FEA0
:20E2A0004F0026044601253746007C3146B8F749FB00902046CEF708FAB4F842000822C081
:20E2C000F38018A44901A8C5F7C3FB94F84A00DFF8780AFB00D59A0D00A24FF000090128EA
:20E2E00041D0DFF880B2022858D003287BD004282AD194F8500008B394F84F00042801D0A6
:20E300000A281BD1DBF80010414517D19548062201A9001D95F7F0F880B90126D1F744FFE3
:20E3200060B1D1F74BFF48B1414601A87BF75EFD20B101A8D1F7C3FF00B903262046CEF7B3
:20E340007CF82046CDF7F3FDD9F7DAF810B19AF8000010B994F85610A174002E79D0B4F847
:20E360004210F3B2C6E094F850000028ECD02046FFF752FFD0B98AF8009094F84F000028F5
:20E3800068D00628FCD00228FAD00128F8D00828DAD12046CEF7BBF80746D5E794F85000C8
:20E3A0000028D1D02046FFF737FF08B10025CBE78AF8009094F84F0008B1062873D194F8CE
:20E3C000510088B96848007870B1002308F0FF010AFB00CC9B0D0001A8009ABEF7A6FB3005
:20E3E000B9204684F786FB84F85090B0E767E02046CEF790F8064694F851000028A7D15CF0
:20E40000484FF446190068057AF0073ED0022D01D0032D24D1D1F7CBFE08B3D1F7D2FEF02D
:20E42000B1414601A87BF7E5FC18B101A8D1F74AFF03E001A94046D1F77DFF78B190F82FEE
:20E440001061B1026B09F668314A63808E8863086840F04000086018E040E02BE0AD1E3D7C
:20E46000B945480268C9F89C2B8088C9F8A00B0CE0012D0AD1414909F668300A684263893A
:20E48000888163016841F04001016004213C4884F84A1090F82610C9F8101B33480025000B
:20E4A0001DCDF761FFCBF8000051E7FFE7022801D001289AD12046CEF72DF8064647E7944D
:20E4C000F85000002891D094F84F0008B1060AFB00C39C0D00288CD1B4F84000401EA4F8F5
:20E4E000400038E78FB11C484079022806D0B4F84200FAB21D49D1F7F0FA06E0B4F84210CA
:20E50000FBB2194A2046BDF7B7FD002D03D001212046CDF722FDBDE8FE8F10B52C221A490A
:20E520001B48C4F74FFE1A4919480860AFF2C7310161AFF28321816110BD9C7E2000507E4D
:20E54000200038413100888031003CB3230038B32300841B21002E382000D81E21003E37C6
:20E5600020001886200052B32300000A37003437200020B32300EC372000303720000451B4
:20E580002100641E2000043820004475260070B723004C3720003A4A126812B1081A9042DB
:20E5A00001D801207047002070472DE9F05F3548006835494FF000050968DFF8D09040EAF5
:20E5C000017ADFF8CC804FF0010B54E00AD600BA9D0D00D8F80000E840C0074DD0C5EBC589
:20E5E0001609EB46074B46D7F8FA005146FFF7D6FF01283AD113F81600E82802D9E82003BD
:20E60000F8160013F8161099461631FF2042F752FA040031D0E920A0700D20E0702AF070CC
:20E62000406060D7F8FA001D4920F07040A06005EB850000EBC5000A5C2273084441786165
:20E6400073811C062204F10E0095F71EFE97F8F900207519F816006075C2B2791C04F116AA
:20E660000095F712FE2046D3F799FCD8F800100BFA05F29143C8F800106D1CEDB208480041
:20E68000788542A6D3BDE8F09F40B323008880310038B323009CB7230034B32300BE1521BD
:20E6A00000043720000A1C0078030D0009F0B6FDBDE8F08709F085FE10BD30460DF028F8AD
:20E6C000C7F787BA0AFB008C9E0D0030B5FB496FF07E438D6800205910F94C8D420FD10044
:20E6E00022C2EBC21104EB4101D1F8FA10994201D80B461046521CD2B2642AF1D330BD00E8
:20E700002125FA01F2D20709D1C1EBC11204EB4202D2F8FA209A4201D813460846491CC9F3
:20E72000B26429EDD330BD2DE9F34F81B0002401984FF0010A08304FF4461BE04DE14FDF45
:20E74000F88493A046DD4E009077E004EB840000EBC40038440822019994F7EBFE00286A4A
:20E76000D104EB840000EBC40038440746083081460322029994F7DDFE0028307823D001F4
:20E780002815D1C4EBC41005EB4005FA222846009995F78DFDDBF88800F16840EA0170C566
:20E7A000F8FA00B1680AFA04F00843B060747003224846029995F77BFDC448A7F80B80008F
:20E7C00078010AFB00839F0D002877D034E0012825D1B068E0400DD1C4EBC41005EB400021
:20E7E000FA22009995F767FDB1680AFA04F00843B06008E00198C4EBC41190F8010105EB89
:20E80000410181F8F900DBF88800F16840EA0170C4EBC41105EB4101C1F8FA007470AD48B3
:20E82000008848B1B7F80B104A1CA7F80B20814202D3A7F80B8041E00020BDE8FE8F641CA8
:20E84000E4B299F80000844283D399F800404846642C02D2611C017005E0307801282FD10E
:20E86000FFF737FF04463078012815D1C4EBC41005EB4005FA222846009995F71CFDDBF818
:20E880008800F16840EA0170C5F8FA00B1680AFA04F00843B060747004EB840000EBC400D3
:20E8A000C41908222046019995F705FD04F108000322029995F7FFFCA4F80B800120BCE794
:20E8C0000AFB007AA00D0086490C78601CC0B208706428E4D181F80080E1E710B540F21446
:20E8E000517B488CF767FC7B49002008707C49087075498860C8600861012010BDF0B501BA
:20E900002696400025B646774C083A0CE010F8017B97407C4000276400344200D05C407FE6
:20E920001C082FF8D36D1C8D42F0D3AEF101002040F0BD30B504460D4640F25B631822FF46
:20E94000F7DDFF6055020A61194A70000C887030BD2DE9F14F82B00298022447684088C07F
:20E96000F30520A0F1060960480068C079012800D000200190A9F106001A2809D2BF1DB99A
:20E98000F1000F78DD3878052610B1411C494501DD022055E77978FF296FD1B9784C297DE3
:20E9A000D1F97800297AD1834676E0B81910F8012C4FF000081F2A06D843494968D10AFBFB
:20E9C0000071A10D0040C90701D04FF00108012A20D18246D4F7ECFD90B14648007878B1E7
:20E9E0005046D4F743FE054602280BD0B8F1000F01D003240BE01DB1012D03D1019808B960
:20EA0000012404E0012C02D0032C00D000241136F6B245E082463848022A00784ED178B381
:20EA20003648007860B35046029961F7AEFE0546022801D0012D6CD13148007898B1314834
:20EA4000007880B150460299D1F754FA012D01D100285ED002285CD003285AD00324B8F1F5
:20EA6000010F16D014E0022D01D0012D51D1B8F1000F4CD1022D0BD0012D4AD108E04EE01E
:20EA800000E00FE01E48007810B11E480078D8BB01249AF80000C0F304003044801CC6B2A1
:20EAA0005E4586D93878A9EB0001491E4FFA81F9B9F1000F33DD7F1C074467E70AFB00687B
:20EAC000A20D0028B30F48007810B35046029961F75FFE0546CAE72CB323009CB72300BE02
:20EAE000152100043720000A37200010372000053720005555550030372000244520001C36
:20EB000039200011392000213920002239200003E00124ABE70324BFE7012CBDD0032CBB32
:20EB2000D00024B9E7204692E62DE9FC5F07464068F97880460844BA788946407A0090FE31
:20EB4000494FF000000870FD4802F00F0500684FEA92160179FB484FF0010B006861B90196
:20EB6000060AD4F8498968090702D5F749097819B9B8F1000F7DD0C5E0F549495D06290147
:20EB8000D0052901D10006F3D549462846BDF7B4FD00286FD0EF4CEF4920780979884202B5
:20EBA000D32046D3F74AFAEB48408800B3DFF8A8A39AF8001059B16078180AFB005FA30D8E
:20EBC00000B1E74890F792FBA8B100206070A070BAF8020001E0217831B900EB8000010163
:20EBE000E04890F778FB06E0DE4890F77FFB10B1DA48D3F726FAD84AD7491078D2F8032062
:20EC0000495D00EBC01402F81410032D03D0052D01D0092D41D1DFF840A30121DAF8030072
:20EC200001EB44014654DAF803100822A9F1060002EB44028854DAF80300092101EB44011B
:20EC400008440622414695F744FBDAF80300022101EB440108F1060608440622314695F749
:20EC600038FB052D0DD1B11DDAF803000F2202EB44021044A9F10C0201E0E2E019E295F724
:20EC800028FB7868F97840F2011208448179DAF8030002EB44028154F0E1D1F7B4FA70B32E
:20ECA000D1F7BBFA58B306F0010140467BF7CDF828B34046D1F732FB0AFB0056A40D005F56
:20ECC000EA000AA248006880791DD0012801D0032805D1012D03D09AF80700FF2819D0065D
:20ECE000225146404695F7F8FAB8789AF8066020F04000C0B206F0010140EA8110B8704F43
:20ED0000F6FF7038800AE0012803D0032806D1012D04D04046BDE8FC5F8BF736BA93480613
:20ED2000F0010A0078012809D060B98E48007828B9012D07D18E480068C00505D549464064
:20ED400046BEF71CF9042D06D07868F97808447F498079096848723846BEF7D6F800287377
:20ED6000D03846BDF77BFE06468248834900780978084302D1D4F726FC68B12DB1022D0309
:20ED8000D0042D01D0062D06D13846FFF7EFFD03280AD0012809D046B96E4880680007028A
:20EDA000D56D48007808B90020834668480068C17901295DD1BB0AFB004DA50D00F1010F3D
:20EDC0005AD170480078012843D1674E0221D6F8030001EB440108440622414695F780FAC0
:20EDE000D6F80310012202EB440201F802A049464046FFF7B0FDD6F803100822A9F10600DE
:20EE000002EB44028854D6F80300092101EB44010844A9F1060208F1060195F761FA786802
:20EE2000F97840F201120844D6F80310807902EB44028854D6F8030008EB090100EB4400EA
:20EE4000BDF70DFF06465048007801286AD149E042E151464046BDF7D2F9042D02D1BDF792
:20EE6000F1F907E0FF2803D151464046BDF71AFABDF7FCF9A0B331E0BBF1000F52D043496B
:20EE8000097871B3DFF808B1042D0BF11001019112D106224146019894F764FB002841D11E
:20EEA0009BF81600594600F00F0252453AD1020638D520F00AFB0044A60D00800010E09046
:20EEC000F909200AF0010101234046BDF764FE50B106224146019895F706FA4AF08000596C
:20EEE000468875012621E000E001E000261DE023480068C005F5D52848012D13D18346C056
:20EF00007830B108EB09010322244894F72EFB60B101208BF8030008EB090103221F489580
:20EF2000F7E2F9DEE70021C170DBE70D488068000737D50C48007868B11948806D90F852C9
:20EF40001051452ED14C300622414694F70EFB08B9012628E025E00937200030372000046D
:20EF60003820001886200052B323003875260034D4200020372000B412210002372000148D
:20EF8000372000213920001C392000033720002CB32300EC3720009C1221001C37200084C6
:20EFA0001B2100002E7ED03888A0F57F41FF3909D14C0AFB003BA70D00490122D1F80310EA
:20EFC0000AF1020002EB4402885407E047480122D0F8030002EB440200F802A0DFF80CA170
:20EFE0000221DAF8030001EB440108440622414695F77DF93E48007850B1DAF8030008EB24
:20F00000090100EB4400BDF7D6F9C0B2FF2855D1002E53D0A9F10600C2B2354808F1060193
:20F020000078C30714D0800701D5062300E00323C3F1F300904209D204E08B5C521C0B5432
:20F04000D2B2401CF328F8D3F32201E0D018C2B2012D07D10021DAF80300082202EB44023F
:20F0600081540DE0DAF80300082303EB4403C254DAF80300092303EB4403184495F737F935
:20F080007868F97840F201120844DAF80310807902EB440288544EB114490878401C0870F1
:20F0A0001548007810B1D1F8030000E006E010F80A520032A80D001410009A41EA021100E1
:20F0C000F814100B4801780B480079814202D30848D2F7C8FFB8F1000F02D040468BF76210
:20F0E000F807480178002901D000210170BDE8FC9F34D420002037200002372000D0372065
:20F100000052B323000A1C002CB3230000000000000000000000000000000000000000009F
:20F12000000000000A0C0090030D000AF0D9BA0AF030BC0AFB0080A80D002DE9F0478FF799
:20F1400050FA06468FF750FAE04D0024286800F158018160C4600461446130468FF747FAD2
:20F16000DB4E307800EB00108100286880688CF758F828683178417000218268FF270AE0F2
:20F1800001EB011002EB8000A0F14403C36388330364C771491C30788142F1D3D46330783A
:20F1A000A04600EB001002EB800040F8044C2868017FC9B18669477F0024DFF814930FE0A9
:20F1C00099F800103819B0FBF1F201FB120006EBC000417919B9006808B18AF7FEFF641C45
:20F1E0002868007FA042EBD8286880F81C8080F81D8080F81E80B748C0F80080BDE8F08739
:20F2000030B4B1480068037F002B10D0417FB04A491C12785B1EB1FBF2F402FB141141778E
:20F2200013F0FF01017702D030BCD1F710BA30BC700AFB0077A90D004770B50646A448A72A
:20F240004D00680C4610B1D1F784F808B10C2004E031460020D1F748FC10B100212960705B
:20F26000BD2C6070BD2DE9F047DFF864824FF00009D8F800004E46C468016D00F12005A111
:20F28000421AD14146096895F8262048310127012A16D0022A40D0032A4ED0042A51D1806D
:20F2A00088208784F82F70062204F1300095F740F8D8F80010206CC86085F826604846A02E
:20F2C000E78088208795F82E00B7EB101F06D184F82F70062204F1300095F72AF894F82E65
:20F2E0000070B995F82E00C0F30300012808D184F82E70062205F1200104F1280095F71858
:20F30000F8D8F80000216CC160744885F8266000680028D3D08047D1E78088208784F82FAC
:20F3200070062204F1300095F703F8D8F800100AFB006EAA0D00206CC860206C012101E03C
:20F3400001212046D1F707FABCE74FF02309B9E710B5002430B1012808D002280DD1FFF7E5
:20F3600085FF08E00846D1F7DAFA04E0D0F77EFF20B1D1F7AAFA044600E01F24204610BD32
:20F380002DE9F043544F002138688BB000F114048569407F07AE0A460B46884686E80E012E
:20F3A00005EBC005287900F00F06206890F83600012829D1687930BB7BF726F920BB2968C0
:20F3C00003AAC81C8946C9788DF81C1041788DF81D1080788DF81E00206807A908307BF7F3
:20F3E00015F80322494603A894F7E8F860B9206806222830494694F79FFF2168022081F839
:20F400002E000120687101E06879B0B32879C1092868012E00F106092DD148467AF748FD33
:20F4200048B3206890F83710012924D1300ABF0065AB0D00300622494694F7C3F8F0B17BFC
:20F44000F7E6F8D8B9286803AA417A8DF81C10817A8DF81D10C07A8DF81E00206807A918C3
:20F46000307AF7D7FF0322494603A894F7AAF828B9206806223030494694F761FF68792815
:20F48000B920683968006C0969884202D1C4F8008002E02060002813D10F20ADF804002865
:20F4A00068029028798DF80600E8888DF8070001A845F7A5FC1320ADF8040001A845F79F44
:20F4C000FC0BB0BDE8F0830020704710B504480068002803D0D1F767FBC0F1190010BD440D
:20F4E000392000403920004139200044B323000A080044B32300000000000AFB0020AC0D5C
:20F500000000231A46194642F2270041F718BE10B504460846AFF21701C01CFFF79DFE100D
:20F52000F0FF00207002D1052084F8300010BD10B500F108020446C8780123921D091DD1C7
:20F54000F749FB20700620E07010BD2DE9F041AD4F0546386801260279C8780C468242690E
:20F56000D001281CD1207901280AD1A7480078012802D1BEF704F901E0BCF75BFE060006FA
:20F58000D0BCF7EFFE10B9A148007800B93EB9BCF7D0F9BCF7A7F907202870BDE8F0813845
:20F5A00068E17801712179C171E078BCF73CFEE078B8BBBCF7BEF9BCF795F995488068804C
:20F5C0000702D589F7F5FF02E0012089F7E6FE2088C0F309000C2806D100231A46194642DF
:20F5E000F20C0041F7ACFD8B48007828B100218A480A460B460E464E0AFB0017AD0D00C03C
:20F600008848007888B1884A002000EBC001136801EB410103EB410111F8353F401C23F006
:20F620000103C0B20B706428EFD328780028B8D1E0780028B5D185F83000B2E70C20AFE72C
:20F640002DE9FC4706460D46B1F8030089F74FFB04004FF0020975D0206B010476D520F4BA
:20F6600000402063B5F80F30B5F80D20CDE90023B5F80B30B5F80920B5F80710B5F80500F4
:20F68000ACF7EEFA122100285ED0B5F80500A4F82401B5F80700A4F82601B4F81801B5F8FA
:20F6A0000520904200D810468046B4F81A71B5F80700874200D30746B84545D894F8CD0018
:20F6C00000BB8EF7A5FF82468EF7A5FFB5F80F20B5F80D102046ACF70BFBA4F84480A4F8A4
:20F6E000467050468EF79AFFB5F80900A083B5F80B00E083206B0AFB000EAE0D0040F00221
:20F7000000206320469DF7F5F909E0B5F80B300093B5F809303A46414620469DF707FC3000
:20F7200078122818D194F8CE00CDF7ABFBB4F840000F2220F4806080B220F00100A4F8403A
:20F74000003B2120469DF7EBF80FE00CE001E03170E8E70C20307094F8CD0030B994F8CEDC
:20F7600000CDF78FFB01E086F80090B5F80310F18186F80390BDE8FC8710B50446BCF7B36C
:20F78000FE38B989F7CBF989F763F9BDE8104001F048BA0C20207010BD7CB505460C46BC5F
:20F7A000F7A2FE08B10C202FE00622211D684694F7D6FDE1780022684689F780FC1D4909B8
:20F7C00078884223D289F7F4FC1B4E3068810201D4000218D519480068A8B1E17800226835
:20F7E0004689F70CFF16490446097888420BD2204689F7900A570005AF0D00FF3068000236
:20F8000005D51148006810B1204601F0AAFA002028707CBD1220FBE70000303720000337CB
:20F8200020002037200018862000244520002043210011392000183920004A1E2000F037DC
:20F840002000601E20004C1E200054B323000A0C0048B3230000000000000000000AFB00FD
:20F8600058AF0D0030B54FF446120446D2F840330120256803F00103C2F8B05BA488C2F81D
:20F88000B44B91B102F66832116833B141F480011160D16941F4804105E041F04001116019
:20F8A000D16941F04001D16130BD02F66832116833B121F480011160D16921F48041F2E79E
:20F8C00021F040011160D16921F04001EBE7012905D14079B1EB901F01D101207047002039
:20F8E00070472DE9FC4104465648002600680F461546000236D55448006898B35349086870
:20F9000080B390F84000884660B30DB1FF20286006222146684694F731FD39462046FFF7D5
:20F92000D6FF50B12046D0F74EFD040005D006222146684694F722FDA7790022394668464A
:20F9400089F76BFE4249097888420BD2044601F0F0F938B1D8F8000010F8340AFB004FB0EE
:20F960000D0000FF2801D02C6001263046BDE8FC812DE9F84306464FF44610D0F840039066
:20F98000469946012791F82A0001283BD18D6D6A4695F8534041464846FFF7A6FF48B12C93
:20F9A00048009A016801EBC20011F83210401CB27B25E0D0F780FC28B3D0F787FC10B34109
:20F9C0004648467AF79AFA18B14846D0F7FFFC03E049464046D0F732FDC5F85C01022C01FE
:20F9E000D0032C0FD120B190F82F1009B1303004E004F00104204689F7CDFAB27B2146FF59
:20FA0000F734FF07463846BDE8F88370B500248EF714FE05468EF714FE1048006810F4400B
:20FA20003F00D001240E48006850B101688A6A0121904728B1016819B190F8360000B10101
:20FA40002428468EF700FE204670BDF0372000601E200054B323004C1E0AFB0046B10D007C
:20FA60002000648331009C7E2000806C90F81701002800D00120704700B50146012081F822
:20FA800001010846FFF7F1FF80B9886C40F27122B0F848005043FF4A1288B0FBF2F091F8C2
:20FAA0001F21904202D8FC48007888744FF00040C1F8200100BD70B50446857CFFF7D5FF52
:20FAC00010B9F5480078A07401220021204687F7C3FFA574A16CB1F8C220824200DC104603
:20FAE000B1F84A20824200DC104640F271225043E94AB1F8401012884907B0FBF2F001D52C
:20FB0000012800D800B90120E549088270BD2DE9F041856C86B0044695F8CE60ADF747F9CE
:20FB200094F88300410720D5C006B1B207D50E20BBF777FF94F8830020F0160006E00820DB
:20FB4000BBF76FFF94F8830020F0060084F88300D44800210068820AFB003DB20D006A20AF
:20FB600046904728B190F8200010B12046AEF713FA04F1A0010822884602A894F709FC94B2
:20FB8000F81A01DDE902238018002747EB0301CDE9000108226946404694F7FAFB04F1A83F
:20FBA000010822884602A894F7F3FB94F81B01DDE90223801847EB0301CDE900010822697E
:20FBC00046404694F7E5FB84F81A7184F81B71E06F30B1CDE90407A07B04A98FF7B7F9E709
:20FBE0006794F87900DFF8B882032844D0A07BD7F70BFDD4F89C108EF7A1FFB4F8961089E0
:20FC0000B181420FD83046AEF7E1FA032084F87900204685F7C0FCB1B20520BBF705FF0699
:20FC2000B0BDE8F08194F87910032924D0B4F81C1181420BD9A07B42F759FF38B92046AE98
:20FC4000F7B0FA18B92046AEF781FA48B198F80300A074A06C0AFB0034B30D00D0F8F81037
:20FC6000491CC0F8F8100DE094F8790038B9A07B9049085C032802D298F8020001E098F822
:20FC80000100A0742046FFF7F7FE78B1A06C8A4990F81701012802D1A27C087803E00228AF
:20FCA00004D1A27C4878824200D2A074204688F79BFEC8B10226B5F8C22094F82010B5F8D0
:20FCC000C000334682F7D0FAA5F8C00084F89470B5F8C000A083B5F8C200E08384F820606D
:20FCE000012084F821002FE000262046BFF721FF20B12046C0F732FA064621E0E07B0128EA
:20FD00001ED1286B00031BD56C480068000717D594F89400A0B1D4F8DC0078B9D4F8F00059
:20FD200060B9B4F8800048B994F88300800705D1A07B42F7DFFE08B9A06C068984F8947004
:20FD400031462046AEF7EBF994F8030101283FF66AAF200AFB002BB40D0046AEF773F96569
:20FD6000E70123017D1A46032901D0042902D10AB1AEF73CBC1A46062901D102B1D1E60A70
:20FD80002903D1002B01D0AEF739B970472DE9F0410446002187F724FF4B4F051E4FF001CC
:20FDA0000602DA87F8456042E794F8790060B9A07BD7F731FCA16CD1F8C8108EF7D1FE00DE
:20FDC0002804DC94F8790030B1002D04DD2046BDE8F041ADF785BCE07B012804D194F879A8
:20FDE0000008B984F8796094F87200374940F0800008604FF008014FF0050082F731FD978D
:20FE0000F845000028CFD1ACF7EEFE1421294892F728FB274D0320A8742046FFF756FEADEC
:20FE2000F708FBA87C000705D5A06CD0F8F410491CC0F8F410B4F8860058B9244800784063
:20FE4000B194F8190128B9ACF7CEFEA87C40F008000AFB0022B50D00A874002084F882007C
:20FE60002046ADF7ACFA2046BDE8F04179F736BE2DE9F0414FF44615D5F8AC6B0446B0F877
:20FE80009800C14389070AD0000A002179F70CFE28B1A06CD0F8D810491CC0F8D810A06C11
:20FEA00090F8101121B1D0F8FC10491CC0F8FC1013E086372000A037200040D42000903708
:20FEC0002000D020200050B3230004382000507E2000A48631008337200094F80301012894
:20FEE00006D800EB4001FF4808444178491C4170E07BE0B994F8790000285DD1012584F8A5
:20FF00007950A07BD7F78BFBA16CD1F8C8108EF720FE002850D0A26C0146104681F713FFDB
:20FF2000A06CB0F8C000A08384F8215044E0B4F8980000F010032046FFF7ACFDEB4F388AD1
:20FF400008B1401E3882002084F81E01388A010AFB0019B60D002810D1E86920F48040E85B
:20FF600061D5F8680B20F01010C5F8680BB4F8980020F01000A4F8980000E0E8B194F8954E
:20FF800000184319D02046BFF7DEFDC0B9B87C000715D4D5F86C0B20F40070C5F86C0BD5B8
:20FFA000F86403D4490840C5F86403D5F8600B20F40020C5F8600B02E02046ADF798FB2026
:20FFC00046BAF746FAE07B012802D12046FFF765FDF00304D594F8160120F0010005E07000
:20FFE0000305D594F8160140F0010084F8160194F8150101280FD8B4F89800C04380070A33
:02000004FF01FA
:20000000D194F81601C0F3400100F00100814202D1FF2084F8150194F8160140F0040084E5
:20002000F816010BE670B50446007C0021B6F729FD84F802010026A4F8846084F8956094B7
:20004000F81F01401C84F81F01E07B10B90AFB0010B70D002046FFF724FDA06C90F8101161
:2000600029B1D0F8041101F10101C0F80411A4480568A80730D594F81F01012812D1A1485A
:20008000807850B994F82F01062806D194F9020100B97F2084F8300104E094F9021120461F
:2000A000BBF7AEFF984A507B022815D1A16C106891F8CE1088420FD1137B94F8020102F17E
:2000C00038015854107B401C0721B0FBF1F301FB1300107382F83F602046C0F729F8E0F7DD
:2000E000FCFBC5F34100032823D1A07BD7F79EFAC4F89C00E16F29B100EB510020F07840EA
:20010000C4F89C002046ADF7B7FD2046ADF7EAFCE07B29460028204602D1ADF7A0FC01E08D
:20012000ADF75FFC0021204679F706FE84F8826034E07649012081F84400A807A06C0BD51B
:20014000D0F8EC10491CC0F8EC10A00AFB0007B80D006CD0F80C11491CC0F80C110AE0D00C
:20016000F8E810491CC0F8E810A06CD0F80811491CC0F8081184F81E6129462046E0F77E32
:20018000FBA8070BD5644994F882000978884205D2E17B19B1401C84F8820002E02046AD83
:2001A000F7ADFA2046E0F7A0FB94F8160120F0040084F8160170BD10B52C2257495848C33C
:2001C000F79DF8574956480860AFF297118161AFF24D31C161AFF25941416010BD2DE9F0D2
:2001E00041054690F8CE0000EBC00101EB40104D49096801EBC0044FF4A47120468BF759E5
:20020000F8242105F1D8008BF754F8142105F1FC008BF74FF8002685F8106195F8CD00386F
:20022000B9B5F84400A5F82401B5F84600A5F82601162020746674A17B3C48415C3C480333
:200240002901D2807800E040780AFB00FEB80D00A07495F8CC00A07395F8CD00E073B5F870
:20026000C000A083B5F8C200E08395F8D00084F8200084F879604FF0020884F81380D5F856
:20028000C810A161A56404F17204667084F8008066722948A4F1720401784FF0010011B967
:2002A00084F89A000820A4F89800E07B012808D1B5F8C210A5F84A102148A16C0088A1F862
:2002C000480095F8CE0084F8E50095F8CE0084F8F90004F1D400C4F8CC001430C4F8D00029
:2002E0001849E08B09784843A4F896002046ACF7C3FEEA68297C2046ACF732FE4FF6FF7046
:2003000021E0A437200040D42000FFFBFFFEAC8B3100791E2000F0AD2000507E20007D3738
:200320002000CC752600D41A2400903720008C372000D0202000A0372000823720008837BB
:20034000200081372000A40AFB00F5B90D00F88600D5F8C800C4F8FC0001212046ACF74CFF
:20036000FE95F8CD00012802D1284681F797FB84F829617F2084F83001A62084F80201809A
:2003800007C4F82001B9F7CCFA4E480168204685F749F8062084F82F01FF2084F803014030
:2003A00020494F84F89B000622391D05F14C0093F74DF960B995F8CE00386087F80D806F57
:2003C000F07F02072107F13800C2F797FF3E73E0F78AFAA06C80F817613EE42DE9F0410490
:2003E000460D46080A002179F770FBB4F89810C5F3C003C1F3800293425ED1344E4FF44642
:2004000017B27C120700D530B931480068800304D5E843800701D100251BE081F00400A4C6
:20042000F898002046BFF79DFB88B12A48006890F8670060B1D7F8680BB4F898104907027D
:20044000D540F004100AA000ECBA0D0001E020F00410C7F8680BA4F88450280A002179F7BC
:2004600038FB00282CD094F8C810890700D5001F02461B4881880839914200D20A46B0683B
:200480001849001DC3F796FB94F8C800800717D594F81B0100F1010084F81B01D7F8AC0B14
:2004A00040040ED5A06C90F8CE0088F726FC3D2180F8BF100120A4F880000020A4F88400F0
:2004C0008AE42046BDE8F041BFF7E5B890372000F0AD200040D4200004382000743820001F
:2004E000D8372000000A37000A060050B323004E4C0A0C0098030D000BF0F6BB0BF018BC83
:200500000AFB0088BB0D0019490978884206D2184AFF21104480F81014CEF76ABB704710DE
:20052000B50C68898841EA02414FF4003242EA83421143104A02EB80000460C0F800120262
:2005400068A242F9D1D0F800228A42F5D110BD094940F4807201EB80010860C1F800220B09
:20056000688342F9D1D1F800329342F5D170474A1E20001CBF2000000B37002DE9F0438D9C
:20058000B00446CCF762F994F85000002876D094F84F0008B1012871D1A66D0BA8CBF79DD5
:2005A000FF804694F85100B74D60BB0BAB424621462046FFF713FA002821D006220BA90671
:2005C000F14C0093F714FF86F8528042460BA92046DFF703FB0028D9D0AC484FF0010680F0
:2005E00068000708D5AA4801230670B4F842102A462046BBF7F7FDA64800688670C60AFB92
:20060000007FBC0D00700DB0BDE8F083CFF78DFE00286FD0CFF793FE0028FAD0002741469E
:200620000BA879F7A4FC4FF00209002863D094F82A00012816D10BA8CFF702FF18B90BA88E
:20064000D0F71DFC30B1C179FF2979D00127C6F85C0175E0B4F8421004232A462046BBF7E9
:20066000C5FD6DE0D6F85C51002D69D095F82E0048B1062205F128010BA892F7FEFF10B98D
:2006800001275DE0B5E095F83600012858D17AF71AF8002854D1002107A80A460B4688463C
:2006A00080E80E019DF82F008DF81C009DF830008DF81D009DF831008DF81E000DF12C085C
:2006C00003AA07A905F1080079F7FFFE0322414603A892F7D2FF98BB06220BA905F1280054
:2006E00093F789FE85F82E90E879FF28C8D0CEF715F9C5E773E094F82A00D6F80AFB0076BD
:20070000BD0D005C5101280BD102220BA94046CEF74CFAFF2804D00BA94046CFF7CCFE052A
:20072000468DB1A97941450ED106220BA9284692F7A7FF40B9002085F82E00E8790127FFE9
:200740002801D0CEF7EEF894F84F0001284AD1002F48D050490DF12607D6F85C510822091D
:200760001D09A8C3F73DFA4F480068C0F3C011384679F700FCB0B395F82F0030B106220520
:20078000F13001384692F77CFF60B395F83700012828D179F79BFF28BB002105A80A460BA6
:2007A000460E464EC09DF829008DF814009DF82A008DF815009DF82B008DF8160001AA05D6
:2007C000A905F1180079F784FE0322394601A892F757FF38B90622394605F1300093F70EEE
:2007E000FE85F82F9094F82A00012805D1DFF78CF9FF2801D0CEF795F82B0AC7006DBE0D31
:200800000049A07C8978884202D12046DFF748F820460DB0BDE8F0430121CBF75FBC2DE949
:20082000FC4104461746FF2013460E460A46019001A92046DFF7ABF90546019888F784FBBB
:2008400018B120460199DFF788F93946304679F795FB98B1A46D6A4639463046FFF785F811
:2008600060B1009800EB80011248006800EB81010889E08048892081888960812846BDE8CC
:20088000FC8110B52C220C490C48C2F75CFD0C490A480860AFF20731816110BD000A370035
:2008A0001886200052B3230034372000988B3100A0372000601E2000A0752600001B240064
:2008C000783720000A060052B3230000000AFB0030BF0D002DE9F74F060002EB420000EB94
:2008E00002112748174602684FF0000802EB8105A5F130054FF0120B1CD0297BB14219D161
:2009000000248146DFF87CA018E004EB4400D9F8001000EB041001EB80001C30C17CC90729
:200920000BD0017BBDF72DF801460622019892F7B3FE10B95846BDE8FE8F641C9AF800009A
:200940008442E2D3E87CC00716D0287B012813D1012E11D18DF7BAFE04468DF7BAFE0A4935
:2009600007EB87000968062201EB4000019993F751FD20468DF7B0FE08F0FF00DBE7000076
:2009800064372000491E2000683720002DE9F14F90B000200C90C5484FF001080468C2463B
:2009A000109E2546CFF7D0FC4FF446110B90D1F8ACBBBF4802680D92406880B20E9096F811
:2009C0002720BC48012A01D10078000AFB0027C00D00E04078B074D1F8989B0DA8C9F380B5
:2009E000110F9179F7D6FA0A90CBF3410003287CD1B349AF4B0A68089249680991997AC9CC
:200A0000F3C01009F00F07814206D106220DF12201181D92F744FE08B14FF000080B98007E
:200A20002876D00A98002873D0B8F1000F70D0CFF798FC00286CD0F4B3A2480068C07A0151
:200A40002801D004283FD194F83600012839D194F82E00022550B106220DA904F1280092FD
:200A6000F71EFE18B984F82E50254651E079F73DFE38BB002104A80A460B468C4680E80EA8
:200A8000109DF837008DF810009DF838008DF811009DF839008DF812006A4604A904F108C3
:200AA0000079F725FD03220DA9684692F7F8FD40B906220DA900E006E004F1280093F7ADAC
:200AC000FCD0E7002524E00DA80AFB001EC10D00CFF7CCFC05001FD10DA8D0F7E6F90500B1
:200AE00008D11FFA89F12023754A1098BBF794FB12E08EE084B195F8370001280CD194F8B4
:200B00003700012808D1102204F1180105F1180092F7C9FD0028D8D1109C5FEA0B7004F1C9
:200B20001C040ED52046BCF7C9FE40B10DA94846BDF7F4FC5FEA000A0C9052D001E04FF0C8
:200B40000008052F4DD12046A346BCF735FF00284ED0B8F1000F4BD05846BCF7AFFE800767
:200B600002D5BAF1000F1ED196F742FBC0B10DA90F9896F73FFB0446401C39D05846BCF796
:200B80009DFE80070FD505AA06A9204696F72EFB30B306A9059879F7C6F9FF2828D002E076
:200BA000BAF1000F24D0706C88F7D0F804463046BDF7FBFC0CB1C4F85C510C9810B11098C6
:200BC00082F76BF83046BD0AFB0015C20D00F7E2FA96F827000128706C81B201D10120006A
:200BE000E00320BAF76DFF06E0092F04D13948807C08B1CFF761F83848006800060CD505B9
:200C00002F03D0032F01D0092F06D11FFA89F101232C4A1098BBF703FB11B0BDE8F08F1046
:200C2000B52C222E492E48C2F7A0FB2E492C480860AFF29321816110BD70B5BDF70EFF0231
:200C4000210446C17427480168204684F7E6FB132121740021617494F827201B48012A0139
:200C6000D1007800E04078A074E173A1732046BDF729F93FF758FC8DF733FD05468DF7339B
:200C8000FD94F8270001280AD104F1300087F706FC1549606B0988084420F070406063284A
:200CA000468DF724FD3FF770FB04F11C0000210446BCF79BFE2046BDE870400021BCF793BE
:200CC000BED41A21000AFB000CC30D00000A370060372000040A37002C372000C01E2100A7
:200CE00004382000747526002C1B24006C3720006237200054480068002802D041218AF7C1
:200D000013BB704770B53821504891F7F3FBF9214F4891F7EFFBF9214E4891F7EBFB4E48EB
:200D2000006830B14D494FF4B072097851438AF7FBFA87F75CFF454C00252068FF2220F09C
:200D4000030020601F20C4E90205052104F11400C2F707FB207EFF2220F0E00020760521C8
:200D600004F13000C2F7FDFA94F83400422120F0E00084F834003A4891F7BCFB394887F71B
:200D800023FF0721384891F7B5FB384887F723FF3748058037488069ABF7B3FB1C213548BB
:200DA00091F7A8FB0020CDF7FFFF334887F70CFFBEF7EFFEF921314891F79CFB0021304835
:200DC0000A460B0AC90003C40D00460EC0BCF74AFD2E480078012804D187F7D5FE08B18786
:200DE000F7E6FE87F7A1FEBDE8704086E71849096891F840202AB101EBC000C07908B10104
:200E00002070470020704770B5114C034620680D4600EBC1000722194693F70DFB2168012E
:200E20002001EBC501C871206810F8401F491C017070BD10B5064C216801EBC00008218AB6
:200E4000F776FA206810F8401F491E017010BD54B32300D0BC200024BD200020BE2000546E
:200E60001E2000481E2000B0C3200078D120006C1E200034CE2000EE37200080122100846A
:200E8000D22000F4C320001C1E2100283720000A0A0054B32300581B240008000A1800A010
:200EA000030D0000B50CF0DEF801BC00470CF0F3F853F761BC00000AFB00C8C40D00F9F7BB
:200EC0005EBF00203649034648800246AFF20F01344875F7E6BA10B5314C608800280FD093
:200EE000304850F7C5F910B12E4875F7EDFA6088BDE8104000EB80000101294875F701BB08
:200F000010BD10B5274850F7B3F9002804D0BDE81040234875F7D8BA10BD70B54DF73AFB18
:200F20001F4D040005D0287848B9FFF7EAFF2C7005E01C481D4900680968084301D001208B
:200F400070BD287818B1FFF7C6FF00202870032070BD401EFDD2704710B5144A4FF440604E
:200F600010604FF0010142F8BC194FF00A00401EFDD20F480478C2F8B4400A20401EFDD263
:200F8000C2F8B8100C48047010BD0B480078002804D00A48016841F02001016070475AB341
:200FA00023009C1B2400341B2000581A2000BC0032007951210A1100BFC50D00007A5121C1
:200FC00000FCB12300200436000A08005AB32300010000000A0C00B4030D000CF0E6F9BD32
:200FE000E8F0810AFB00CCC50D002DE9F047AC4BD40735D0D0B103F6A84353F81C4C4C600D
:2010000053F8184C0C601C6ECC605C6E8C609C6E4C61DC6E0C611C6FCC615C6F8C619C6F60
:201020004C62DC6FA3F6A8430C6219E04C6803F6A84343F81C4C0C6843F8184CCC681C66C8
:201040008C685C664C699C660C69DC66CC691C678C695C674C6A9C670C6ADC67A3F6A84306
:20106000940724D568B103F628531C688C625C68CC629C680C63DC684C6353F8903C8B6380
:2010800015E08C6A03F628531C60CC6A5C600C6B9C604C6BDC6053F8904D48F207058E6BB6
:2010A00004EA050426EA050644EA06041C60520737D5DFF8F091DFF8F0A10023C3EB03145D
:2010C00004EB0A0603EB8304002204EB010809EBC40780B107EB020C9CF86D5108EB020447
:2010E000040AFB00C3C60D00F83C5F9CF87251A577B51895F8A25084F83C500FE008EB0213
:201100000494F83CC0BD1885F86DC194F85AC085F872C194F87840B51885F8A240521C058A
:201120002ADADB5B1C062BCCDBBDE8F087F0B5614F00243878A7B02546E0B15F4E01AA345D
:2011400078982160207FF72AF818B19DF89A5044F40044307840070DD020040BD532F76C1D
:20116000F840B93078224620F00700307001A90020FFF73EFF51490020C1F8B00148F7193E
:20118000F8387868B120040BD4224601A90120FFF72FFF8DF89A5001AA982160207FF7FF6C
:2011A000F949F7DFF827B0F0BD2DE9F04701274FF4C009C9F80870424D3F49287F20F0080B
:2011C0000028770878C20703D02A7F42F008022A772A7F22F010022A77820703D52A7F0A4C
:2011E000F600BAC70D0042F010022A772A7F22F020022A77420703D52A7F42F020022A7749
:201200002A7F8A4622F040022A77000703D5287F40F04000287730212C4891F7A1F92B4E6B
:20122000304647F777FB287F746AC0F3C001C0F300121143C0F340121143C0F38010014396
:201240001DD0A760DFF88880224FD8F8000040B100688047387004E0D4F860014169304681
:201260008847D4F860018168204688470028F3D0D8F8000018B1397809B94068804747F7B0
:2012800075FB9AF80110504671B900210170287F20F00800C0B220F01000C0B220F02000F6
:2012A000C0B220F0400028770521C9F808103FE700F03100772D2000D0FF20005EB32300A0
:2012C0006A292000C4AF200024862000D0E42000D8242000C42420000A06005EB3230001C1
:2012E000000AFB00ACC80D003EB500240294042816D013281BD102AB0022CDE90023134681
:2013000001F108050A460121FF20AAF79FFAFF280AD0029910220831681C92F738FA09E0D4
:201320000020B0F71CFD05E041F6AA7402E06EF74DFC044620463EBDF0B59FB007460E46C3
:2013400015461C467C220021684692F775FA06223946684692F71BFA1022314602A892F79C
:2013600016FA032229461CA892F711FA9DF8730064F3000020F002008DF873001F48006839
:20138000D0F8E80001789DF8730061F383008DF873001B486946006895F7F5FF1FB0F0BDD7
:2013A00010B5040001D145F78DFA2046BDE810405AF7A7BA10B51348007808B945F782FAB1
:2013C000AFF223001049486010BD10B58DF75AFB08B945F777FA00220C490D488DF7470ACE
:2013E0006900A3C90D00FA00220C490C488DF742FA8DF74BFB082803D0BDE8104061F75616
:20140000BE10BD6465210078362000E95021008C362000D16E030074652100696F030088AE
:2014200065210010B561F7D8FE8DF72FFB20B945F746FA034901200870BDE8104002482AE2
:20144000F720BAFCB1230064B323000A1000BC030D000CF024BB37F7D8FD10BD00000AFB1B
:201460000008CA0D0010B5194C1A49A062012024F8080C1748086019491748086076F7A6AA
:20148000FEA07F401CA07700F031F800F081F91448806851F7CAF91348AFF714FF70F7D699
:2014A000F900F084F8B3F7BCF9AFF7DCFA52F75AFD00F084FA00F052FA67F7DEF90A49001A
:2014C000200870BDE8104057F74FB8000034602000ADF20600001120009BF20600041120D8
:2014E000000C1E200011F30600006221002DE9F0412A4F4FF4C86207F5C26560CD0021383F
:20150000467C6992F7A9F9052087F8280624483CB990F8A910602207F1140076F7C6FE0939
:20152000E07C6190F8A900002100EB40004201204692F792F91B4C35B92068F422017A1A2C
:201540004876F7B3FE09E0C7F8105620680021027AF4204243284692F77FF9460AFB00FFA0
:20156000CA0D00B920681F2290F86C101048001D76F79FFE0AE0C7F814662068002190F83B
:201580006C00C0EB4012304692F76AF991F72CF80420B0F737FEC4F78FFCBDE8F041AFF712
:2015A000A1BA000008562000A85F2000C4102000185C20002DE9F0436C4D99B04FF40272A1
:2015C00000212846AF6A2E6892F74AF91822002113A892F745F94822002101A892F740F92E
:2015E0000520634C85F82C004FF08008F6B92068B82210F85E1F40780144284676F759FEE2
:2016000000260BE0C6EBC60202EB0612286808EBC2021044082276F74CFE761C206810F89D
:201620005E1F40780844B042ECDC55E0DFF844912E60D9F8000048B92068042210F85E1FFB
:2016400040780144484676F734FE08E0216811F85E2F497811448A0000210AFB00F6CB0DC5
:201660000092F701F900200EE0C0EBC00202EB0012296808EBC2021144D9F800200968026C
:20168000EB80021160401C216811F85E2F497811448142E9DC206810F85E1F40780A18B8B4
:2016A0002042430021304692F7DEF800204646CC460EE0DCF80010C0EBC00303EB0013018F
:2016C000EB80012A6806EBC30309681A441160401C216811F85E2F497811448142E9DC47B5
:2016E000B92068602290F85E102248283076F7E4FD0AE0AF622068002190F85E0000EB406C
:20170000004201384692F7AFF81721E985281D92F767FC206810F85E1F4078081826D0170F
:2017200048139017481490174815904FF6FF70ADF85800002213A904209DF7D8FF4822002F
:201740002101A892F790F810480190104802901048039010480490100A4B00EDCC0D004891
:2017600005903020ADF81C0000231A4601A91F209DF731FE19B0BDE8F083485C2000C4101B
:20178000200060B3230025420B00F9410B00E7410B008D410B0001400B00D73F0B00AB3FD9
:2017A0000B00053F0B000A080060B32300000000000AFB0034CD0D002DE9F05FDFF8B48103
:2017C000D422D8E906A9D8E9046700214046D8F80C4092F755F8684D3CB995F8A910B0221C
:2017E00008F10C0076F775FD09E0C8F80C4095F8A920B02042430021204692F741F84FF4D9
:20180000947B3EB95B4895F8AA105A46103076F760FD0AE0C8F8106095F8AA204FF4947076
:2018200042430021304692F72BF83FB9514895F8A8105822143076F74CFD09E0C8F8147069
:2018400095F8A820582042430021384692F718F84A4CB9F1000F08D12068282290F8671005
:2018600044481C3076F735FD0BE0C8F81C902068002190F8670000EB8000C200484691F7BF
:20188000FFFFBAF1000F08D12068602290F868103848183076F71DFD0BE0C8F818A0206873
:2018A000002190F8680000EB400042015046910AFB002BCE0D00F7E7FF40F6FF70A8F8C095
:2018C00000002004275B460EE000EB800202EB401203EBC206D8F8101007EBC2020E4411C3
:2018E00044401C0E6000B295F8AA10491E8142EBDCD8F81010C8F8281095F8AA0000EB8066
:201900000202EB4010204A02EBC0000844C8F82C00002060230CE000EB400203EB4215D860
:20192000F8181007EB42120D441144401C0D6000B2216891F86810491E8142ECDCD8F818BC
:2019400000C8F8200021686FF05F0291F8681001EB410102EB41110844C8F8240000208818
:20196000F830000320A8F83400052088F80000702088F8BE00BDE8F09F0000645E2000A817
:201980005F2000C4102000D8FEFFFF70B5134D5822002128462C6D91F776FF104844B90087
:2019A00068202290F85E1005F1500076F70AF20022CF0D0095FC08E02C650068002190F8BF
:2019C0005E004201204691F762FF0748286207486862052085F82800BDE8704095F75FBB60
:2019E0000000E8102100C4102000956E03009B6E03002DE9F041274C7022D4E9196700211E
:201A00002046E56D91F743FF24483DB990F8AA10042204F15C0076F763FC07E0E56590F8A4
:201A2000AA0000218200284691F731FF1C4D46B92868A82290F863101748643076F750FCCA
:201A400009E066662868002190F86320A8204243304691F71CFF47B928687C2290F8621087
:201A60000D48683076F73CFC0AE0A7662868002190F86200C0EB40108200384691F707FFB9
:201A8000286890F8620004F8610F0520E072BDE8F04155F775B9385F2000A85F2000C410E7
:201AA00020000A0C00C8030D00BDE870400CF020BE0AFB0010D00D002DE9F0474FF0000467
:201AC00088460700264645D0234D3A7C4FF00109A96E09FA02F001423CD08DF709F8012838
:201AE00005D11E48007810B91D48007878BB397C09FA01F0B8F1020F05D1E96E8143E966B6
:201B0000296F014309E0E96EB8F1010F01D1014300E08143E966296F8143296711B1012414
:201B2000264602E0E86E20B1012401208DF713F801E08DF722F805EB860000F14800428863
:201B40000188E0B29DF72BF810F0FF0F02D10020BDE8F0870420FBE7CC65210068112000A5
:201B6000A01D20002DE9F84F06000F46154605D129463846BDE8F84F67F714BEF08B37499B
:201B8000C0F3810031F81080DFF8D490A8F57061FF3905D096F82400012801D1706970B9F3
:201BA0002946384667F7FEFD99F83B00C006520AFB0007D10D00D54046BDE8F84F01221196
:201BC00046B3F7DBB91FFA88F0824600F0C4F8DFF898B0040006D025609BF8000010B1208A
:201BE00069401C20617069B0F85000A842DBD38CF7F2FD00908CF7F2FD7069B0F84E10B033
:201C0000F850202944914202D9891ACFF7B7FA70692A463946CFF78DFB85421AD0291A38E5
:201C20004667F7C3FD99F83B00C00604D5012211464046B3F7A2F90D48007818B101215088
:201C400046F8F7B3F82CB19BF8000010B1E068401CE0600098BDE8F84F8CF7C3BDBDE8F86B
:201C60008F00003420200040872000A5B22300A4B2230010B58623344A012802D1C2F8687D
:201C80003F10BD324826248068017C222928D00CDC012911D0062915D010290CD02129EF77
:201CA000D190F851000128E9D109E028290AFB00FED10D000FD02A2913D02B29E4D1406AB4
:201CC00090F8A100F2E7C2F8684F10BD90F839000328F8D0D6E7408F43F206310842F2D10B
:201CE000D0E790F85800E1E790F85D00DEE700B5022902D1C0B2FFF7C0FF002000BD10B55F
:201D0000044669F735FD14484FF44611012C0FD1C222C1F894200178002918D10121017075
:201D2000084647F7FFFFBDE8104001204FF79ABFB022C1F894200178002908D00021017019
:201D4000084647F7EFFFBDE810404FF7DEBF10BD000000F031009C7E20002127200010B5DC
:201D6000254B0021C1EB011202EB811203EB8202B2F8D040E40409D5B2F8D220824205D16B
:201D800001EB81001D4901EB800010BD491C0329E8D3002010BD70B50021164D174C0A46A2
:201DA000C1EB011303EB811305EB830A5700F5D20D0003B3F8D060F6040DD5B3F8D230834F
:201DC0004209D101EB810344F8232004EB83035A609A60DA601A61491C0329E4DB70BD009D
:201DE00020074B024600EB800103EB81018A60CA60401C0A610328F5DB70470000D8D820F0
:201E000000B01B24000A1400D0030D00BDE830400CF0B8BFBDE870400CF0D2BF0AFB00481E
:201E2000D30D0070B54FF44614E569064625F00070E061C4F80062D4F8040220F00400C4D8
:201E4000F8040202208DF7E6F8D4F8040240F00400C4F8040230468DF721F9E56170BD2D84
:201E6000E9F0414FF44614E56906460F4625F00070E061C4F80062D4F8040220F00200C430
:201E8000F8040202208DF7C6F83868C4F80C027868C4F80802D4F8040240F00200C4F8040C
:201EA0000230468DF7FBF8E5610020C4F80C02C4F80802BDE8F0812DE9F04100210D4E0D57
:201EC0004F05460C4604EB440007EB0010C269AA4209D356F8243082689A4204D3294689B7
:201EE000F76CFB010002D1641C032CEBDB0846BDE8F081EC1B24004CAE200014490A68A81B
:201F0000B19179D2F8030061F31F601149884206D31149097808441049400A51003FD40D2E
:201F2000001E884202D906210F4801E006210E483CF72FBCD079001DC1B20E209070D1709C
:201F4000012010714D205071FC2090710020D071891C901CECE7E41F200000020D00DD1FE1
:201F6000200064260D0014B02300B46726000A0C0014B023000E04014CFC0C0000413300AA
:201F800042434D323037303341322047656E65726963205541525420554845204170706C18
:201FA000652034304D487A20776C6373705F7831303000C207003C862000026D225C0100DF
:201FC000003E2D0001000000800700190000000000020100010000000000000000000000F1
:201FE0000000000000000000000000000000000000570F00C0C62D0000C2010059013C006F
:2020000005000004080001AC0590820000006E060005010541000042120012010002FF01C2
:202020000140AC059082FFFF0102000153120012010002FE010040AC0507F0FFFF01020038
:202040000143DA000902D800040100E0000904000003FF010100070581031000010705825A
:2020600002400001070502024000010904010002E001010007058301000001070503010039
:2020800000010904010102E001010007058301090001070503010900010904010202E001A5
:2020A000010007058301110001070503011100010904010302E001010007058301190001BC
:2020C000070503011900010904010402E001010007058301210001070503012100010904EF
:2020E000010502E001010007058301310001070503013100010904020002FFFFFF000705D8
:202100008402200001070504022000010904030000FE0101000721078813400000004A047D
:2021200000040309044B1E001E03420072006F006100640063006F006D00200043006F0008
:20214000720070002E004C3C003C0342006C007500650074006F006F00740068002000557D
:202160000053004200200048006F0073007400200043006F006E00740072006F006C006C9F
:2021800000650072004412001201000200000008AC050A8200010000000145220009022222
:2021A00000010100E0000904000001030101000921110100012238000705850308000A47A6
:2021C00012001201000200000008AC050B8200010000000148220009022200010100E00017
:2021E0000904000001030102000921110100012234000705860308000A720700010009010D
:2022000000010068040012000C00710100017E040042000000930C001EAE50180100000028
:20222000080000001A2400FF010808090005010102FD03F904F505F106ED07090005010144
:2022400002FD03F904F505F106ED070A0500AB202000800301000382AC0104060A233C5A1D
:202260006E7D057E047E047E047E047E04D804D804D804D804D8042D052D052D052D052DA3
:2022800005C805C805C805C805C8053B063B063B063B063B0681068106810681068106143C
:2022A000FF14FF14FF14FF14FF14FF7E047E047E047E047E04D804D804D804D804D8042DBD
:2022C000052D052D052D052D05C805C805C805C805C8053B063B063B063B063B06810681E3
:2022E0000681068106810614FF14FF14FF14FF14FF14FF060000006000059C02FFA002FF28
:20230000A402FFA802FFAC02FF0000600005C802FFCC02FFD002FFD402FFD802FF000060E8
:2023200000058803FF8C03FF9003FF9403FF9803FF00006000059C03FFA003FFA403FFA8CB
:2023400003FFAC03FF0000600005B402FFA406FFA006FF3807FFE806FF000060000298063A
:20236000FF8007FF3D3D3D3D3D3D3D3D3D3DA6A6A6A6A6A6A6A6A6A603651AFA03AA044588
:20238000454545454545454545A6A6A6A6A6A6A6A6A6A603661AFA03AA0458585858585816
:2023A00058585858A6A6A6A6A6A6A6A6A6A603661FFA03BB0466666666666666666666A65B
:2023C000A6A6A6A6A6A6A6A6A603661FFA03BB0472727272727272727272A6A6A6A6A6A68B
:2023E000A6A6A6A603661FFB03BB0485858585858585858585A6A6A6A6A6A6A6A6A6A60250
:20240000661FFB23BB04B4C600040605520352035203520352039D039D039D039D039D0308
:20242000E803E803E803E803E8031A041A041A041A041A047E047E047E047E047E04CE0413
:20244000CE04CE04CE04CE0404FF04FF14FF14FF24FF24FF020100006000059C02FFA0021B
:20246000FFA402FFA802FFAC02FF00006000058803FF8C03FF9003FF9403FF9803FF000023
:2024800031000194FCFFFF4A4A4A4A4A838383838358585858588383838383646464646440
:2024A0008383838383747474747483838383838484848484838383838395959595958383A8
:2024C0008383836C026C026C026C026C026C02C0CC06B006600070000000500000008007F0
:2024E0006000FFFFFFFF010000008C006400FFFFFFFF0100000084066400FFFFFFFF300078
:2025000000008C066400FFFFFFFF01000000D81A2000FFFFFFFF0600000000003200F00092
:20252000000060000000C4F83100FFFF000019490000ECF83100FFFF00000DC90000CCFC3D
:202540003100FFFF00001B450000D0FC3100FFFF000011C90000DCFC3100FFFF000011C837
:202560000000E0FC3100FFFF00001A470000E4FC3100FFFF00000CC80000F8FD3100FFFFE8
:2025800000001B4A000088FC3100FFFF00000004000004006000FFFF0000010000000800B4
:2025A0006000FFFF00000500000060FE3100FFFF00003303000064FE3100FFFF0000293A01
:2025C000000068FE3100FFFF0000680500006CFE3100FFFF0000A830000070FE3100FFFFEB
:2025E0000000E83E000074FE3100FFFF00001C32000078FE3100FFFF0000BB3300007CFEB9
:202600003100FFFF000030090000E0FE3100FFFF000071200000840064003000000030006C
:2026200000008C0064000100000001000000B8F8310000F8000000A0000040F93100FFFFC7
:2026400000001005000050FB3100FFFF00001005000064F93100FFFF0000100A000078FBBD
:202660003100FFFF0000100A000000003200FF0000002000000038016000FFFFFFFF00002B
:2026800000003C016000FFFFFFFFF800000040016000FFFFFFFF0E00000044016000FFFF5B
:2026A000FFFF9A00000048016000FFFFFFFF1900000024016000FFFFFFFF0000000028011A
:2026C0006000FFFFFFFFF80000002C016000FFFFFFFF0E00000030016000FFFFFFFF9A00E8
:2026E000000034016000FFFFFFFF1900000088FF3100FFFFFFFF50A8000098F83100FFFFC5
:20270000FFFFEA7F00009CF83100FFFFFFFF94020000A0F83100FFFFFFFFCE7F0000A4F84D
:202720003100FFFFFFFF683600008CFF3100FFFFFFFF7F7F0000A8F83100FFFFFFFF00004B
:202740000000ACF83100FFFFFFFF00000000B0F83100FFFFFFFF00000000B4F83100FFFFF8
:20276000FFFF00000000F0F83100FFFFFFFF7F7F0000F8F83100FFFFFFFF00000000FCF837
:202780003100FFFFFFFF0000000000F93100FFFFFFFF0000000004F93100FFFFFFFF0000BC
:2027A0000000F4F83100FFFFFFFF7F7F000008F93100FFFFFFFF000000000CF93100FFFFA0
:2027C000FFFF0000000010F93100FFFFFFFF0000000014F93100FFFFFFFF00000000C001CA
:2027E0006000FFFFFFFFE0000000C4016000FFFFFFFF01000000C8016000FFFFFFFF28002E
:202800000000CC016000FFFFFFFF00000000D0016000FFFFFFFF50000000D4016000FFFFDF
:20282000FFFF00000000D8016000FFFFFFFF00000000DC016000FFFFFFFF5B000000E001F0
:202840006000FFFFFFFF09000000E4016000FFFFFFFF89000000E8016000FFFFFFFF0900FB
:202860000000EC016000FFFFFFFFD9000000F0016000FFFFFFFF01000000F4016000FFFF95
:20288000FFFF27000000F8016000FFFFFFFF0000000060066000FFFFFFFF00000000640692
:2028A0006000FFFFFFFF0A00000068066000FFFFFFFF700000006C066000FFFFFFFF2D007D
:2028C000000070066000FFFFFFFFF200000074066000FFFFFFFF3F00000078066000FFFF43
:2028E000FFFFA00000007C066000FFFFFFFF0100000080066000FFFFFFFFD9000000840616
:202900006000FFFFFFFF0000000094066000FFFFFFFF1800000068FF3100FFFFFFFF630056
:20292000000080036000FFFF0000A700000084036000FFFF0000F70000006C056000FFFF64
:20294000000029000000F4066000FFFF00000E00000080056000FFFF0000000000005C00A9
:202960006400FFFF0000020000003CFE3100FC000000E8000000D8FC3100FFFF00003384EA
:202980000000F4026000FFFF0000F6000000F8026000FFFF00008100000064066000FFFF4C
:2029A00000000F000000D4066000FFFF0000520000007C00320000000200000000009C0131
:2029C0006000FFFF0000010000006800320006060606000000006C00320006060606000030
:2029E0000000E4003200060006000000000010013200000006060000000040F93100FFFFFE
:202A0000FFFF1005000064F93100FFFFFFFF100A000064FB3100FFFFFFFF0508000074FBF7
:202A20003100FFFFFFFF050900005CFB3100FFFFFFFF0908000054FB3100FFFFFFFF090938
:202A400000006CFB3100FFFFFFFF0E09000060FB3100FFFFFFFF0F07000050FB3100FFFFB3
:202A6000FFFF1005000078FB3100FFFFFFFF100A000048F93100FFFFFFFF2805000058FB9B
:202A80003100FFFFFFFF28050000F0FD3100FFFFFFFF00210000F0FF3100FFFFFFFF3980CC
:202AA0000000F4FF3100FFFFFFFF39F6000050066000FFFFFFFFF000000060066000FFFF61
:202AC000FFFFDF00000064066000FFFFFFFF8F000000F4026000FFFFFFFF00000000F80278
:202AE0006000FFFFFFFF0000000034FF3100FFFF0000215F000084FB3100FFFF000047D2D1
:202B0000000088FB3100FFFF00003A40000060066000FFFF0000DF00000064066000FFFF1E
:202B200000008F00000030FC3100FFFFFFFF6D04000000FD3100FFFFFFFF6D02000070F93A
:202B40003100FFFFFFFF6A17000080FB3100FFFFFFFF6A130000E4FF3100FFFFFFFF6A6ABE
:202B60000000E4FE3100FFFFFFFF26A0000074FF3100FFFFFFFFF00000008CFB3100FFFF3A
:202B8000FFFF036C00007C036000FFFFFFFF2D0000005C066000FFFFFFFFE00000006902B7
:202BA00000E5000AC400A42B2000F8FB3F3FF8FB0505F9FC3F3FF9FC0505FAFD1B07FAFB85
:202BC0000505FBFE1B07FBFC0505FCFE1B01FCFD0505FCFE0900FCFE0505FC3D0000FC3D3D
:202BE0000505FD3E0000FD3E05053C0C00003C0C05053D0D00003D0D05050B0E00000B0EE1
:202C000005050C0600000C0605050D0700000D07050505FB000905FB050A06FC000906FC25
:202C2000050A07FD000907FD050AFAFE0909FAFE0A0AFBF60909FBF60A0AFCF70909FCF74F
:202C40000A0A1BC600091BC60A0A1C8500091C850A0A1D8600091D860A0A1E8700091E876C
:202C60000A0A1E8700091E870A0A0A6C013C2A20002C0600802C0E00852D0E00892E0E006B
:202C80008D2E0E02912F160295301602993016029C311602A0321E02A3321E02A7331E020D
:202CA000AA342602AE342604B1352604B4352604B7362E04BA372E04BD372E04C038360445
:202CC000C2393604C5393604C73A3E06CA3B3E06CC3B3E06CE3C3E06D13D4606D33D4606AA
:202CE000D53E4606D73F4E06D83F4E065A404E08DC415608DD415608DF425608E0435E08B1
:202D0000E2435E08E3445E08E4456608E5456608E646660AE7476E0AE8476E0AE9486E0ADA
:202D2000E949760AEA49762AEA4A7E0AEB4B7E0AEB4B7E0AEB4C860CEB4D860CEC4D860C78
:202D4000EB4E8E0CEB4F8E0CEB4F8E0CEB50960CEB51960CEA519E0CEA529E0EE9539E0E88
:202D6000E853A60EE854A60EE754AE0EE655AE0EE556AE0EE456B60EE357B60EE258BE108B
:202D8000E058BE10DF59BE10DD5AC6105C5AC610DA5BCE10D85CCE10D75CCE10D55DD61040
:202DA000D35ED612D15EDE12CF5FDE12CC60E612CA60E6124861E612C562EE12C362EE128A
:202DC000C063F612BE64F634BB64FE14B865FE14B5660615B2660615AF700400E80B00009D
:202DE0000A080014B32300F00000000A080018B32300F00000000A0800A8222000215F007B
:202E0000000A0800AC222000215F0000863F0007001E140102045C00FE0B01000A94FF6CBE
:202E2000000A94FF6C005C00FE0B04020AFA06020AFA0601140004000000000000000400EB
:202E4000000000000066023303C80000FF010A08003C1A2000010000000A0800A41A200093
:202E60000C000000970900FB00040108010F0F0F6F210002331905CF0000007D147F550059
:202E8000AA00800A92000000001400000000000002141E00B90400010000A3870C0014011B
:202EA000140014141A660A1500005A2000001B7823FFFF3F0005031F0CC2015050AE38BA94
:202EC0000A0500FFFFFFE33200B4A8C6FF0A050068252000000A06007825200002060A0510
:202EE000006C252000010A6400A02520005F4A3E342D28232034302D282623211F7F604EAB
:202F00004138322D28413C38322F2D2A28A1785F50443D3731504A443D3A373331E39D7A81
:202F200064564B433E645C564B4743413EFEB488705F53494270685F534D494542FFFBB168
:202F40008C76665A508C847666605A55500A6400002620005F4A3E342D28232034302D28F4
:202F60002623211F7F604E4138322D28413C38322F2D2A28A1785F50443D3731504A443D3A
:202F80003A373331E39D7A64564B433E645C564B4743413EFEB488705F53494270685F5301
:202FA0004D494542FFFBB18C76665A508C847666605A55500A640060262000675E57514B20
:202FC00046433F645E58514B46413C7D736A625B55514B787068615B55504B95887E756C30
:202FE000655F598F857C736D66605AB0A093877E756E67A99F948B837A746ECFBBAB9E9148
:20300000877E76C2B6AA9E958E847AEDD2BFB0A2968C82D7C8B9AA9F94887F0A6400C02650
:203020002000736A645D57514C476D665E57524D48438A827A726A645E58887F776F6861B3
:203040005B55A5988C847A726B649E92887E766F6861C3B3A5998E857C74B9AB9E948A817C
:20306000786FE5D0C1B2A5998E86DBCDBFB4ABA19890FFEAD6C6B7AAA096F4E2DDCEBFB450
:20308000A99E0B040024050D000B040044060D00080F0000F0F6050071F0C3BB00007A0ED5
:2030A0000D00080F000198F0050071F0B2B8000000020D000B0400160D0D00080F00020428
:2030C0005E09003BF0E2B80000CC0F0D00080F0003181406006EF0FCBE000014020D00084D
:2030E0000F0004781906006EF050BC00001C020D00080F00059C1A06006EF0C2BB000024BA
:20310000020D00080F00068C1B06006FF03DBD00000A160D00080F0007481E06006EF0F078
:20312000B900002C020D00080F00082C020200B0F002B8000034020D00080F0009ECDA02C7
:2031400000A2F0A8BB000040020D000B0400481B0D00080F000AD8C50A0023F036BE0000DD
:2031600048020D00080F000B70C70A0023F077BD000062020D00080F000C88CA0A0023F04B
:20318000F3BB000072020D00080F000D44D1050075F0D3B90000EE240D00080F000EB4D702
:2031A000050074F0D7BF000066270D00080F000F80C5050076F0A2B90000C8280D00080F31
:2031C0000010CCDB050072F054BB000078020D00080F001178C0050074F002B90000800235
:2031E0000D00080F001238C9050076F0EEB90000182D0D00080F001334C3050073F0A8BF44
:20320000000088020D00080F00147CCE050076F04DB800001A2F0D00080F00157CCA050065
:2032200073F008BC000090020D00080F001660D9050075F0ABBB0000BA300D00080F00176D
:203240005C5E06006DF0A0B90000A0310D00080F0018381D04008EF0AEBA000098020D0005
:203260000B0400F6320D00080F001984E20100B5F0FEBA000084380D00080F001A9CE2019D
:2032800000B2F000B80000A0020D00080F001BD0E40100B5F010BB0000F43A0D00080F007C
:2032A0001C0C3E050080F089B9000022410D00080F001D643F050080F02DB90000C2410D3F
:2032C00000080F001EDC5304008AF064BF0000A8020D00080F001FA05404008FF0E1B800EC
:2032E0000066460D00080F0020D0D8040082F0EEBC0000B0020D00080F00212CE00400828D
:20330000F044B90000B8020D00080F0022DCE0040086F07EBC0000DC490D00080F0023D014
:20332000DA040082F0F4BB0000BC020D00080F00243839080051F0AEB80000984A0D000871
:203340000F002560E6040086F050BA0000044B0D00080F0026005206006BF060B80000C447
:20336000020D00080F00273C4F06006BF0C6B90000CC020D00080F002870BE090038F0E438
:20338000BE00003C4C0D00080F00292469070059F0D6BC0000D4020D00080F002AB0DE0574
:2033A0000072F014BA0000DC020D000B0400D8500D00080F002B68660100BEF0D0BF000060
:2033C0000C560D00080F002C74080100BFF036BD0000E4020D00080F002D309C0200A6F081
:2033E0005CBB0000EC020D00080F002E0C9C0200A6F07CBB000008030D00080F002F683801
:20340000020000220021000000000000080F0030C89B0200A6F0A8BB00001C030D00080F7F
:203420000031786C04008FF03EBD0000F8660D00080F0032BC6C040089F03ABB0000340374
:203440000D000B040040690D00080F00330408070066F0DCB90000C06B0D00080F00347857
:2034600069030099F0E0BC00003C030D00080F0035506A030099F077BC000042030D000850
:203480000F0036285009003BF08EB9000048030D00080F0037C8430A002BF0C2BF0000504D
:2034A000030D00080F00389C710100B9F0DCB8000058030D00080F0039A80C09003FF05A64
:2034C000BB000060030D00080F003AA487070057F0E0BD000068030D00080F003BC0BB0312
:2034E000009DF016BE0000F0970D00080F003CE4BB03009DF01ABE00001C980D00080F00A5
:203500003DB8BC030094F05ABB000070030D000B0400089D0D00080F003EF483090037F021
:20352000C0BF000078030D00080F003FA08E090037F06EBA000080030D00080F0040348706
:20354000090041F0CBBD0000CEA20D00080F00419878090038F075BD000086030D00080FB4
:203560000042CCB90A002EF058BF000080A80D00080F00436CBE0A0024F090BA0000900391
:203580000D00080F004428C20A002EF02EBC000088AA0D00080F004538BC0A002EF03EBF13
:2035A0000000B8AA0D00080F004698BA0A0024F07CBC000094030D00080F0047E8C20A00E1
:2035C0002EF088BC0000FCAB0D00080F0048BC7F080052F0CCBE000058AD0D00080F0049F5
:2035E000405D050085F0DAB90000F8B00D00080F004A888E080052F0E9BA00005EB40D00E9
:20360000080F004B5887080053F09BB8000092B80D00080F004CB891080052F063BC00005F
:2036200082BA0D00080F004D849F0A0026F008BA000098030D00080F004EF89F0A0031F009
:20364000D2BD0000A0BB0D00080F004F1CA00A0026F0BEB900009C030D00080F00505CB299
:203660000B0020F015BE00008ABE0D000B0400EEBE0D00080F005188A1090042F07AB80041
:203680000080C20D000B040066C20D00080F00525C42060078F072B8000044C30D00080FCD
:2036A0000053883A0200B8F04CBD000024C50D00080F00547891040087F012B90000A003EF
:2036C0000D00080F0055683C0200ACF09FBB0000AA030D00080F0056A8460200ABF084BEE1
:2036E0000000B4030D00080F0057547B0300A4F0D2BE0000FCC80D00080F00582CF306003D
:2037000061F046B80000BC030D00080F0059BCF3060061F000B80000C0030D00080F005A1F
:20372000901805007EF09ABD0000C8030D00080F005B104D040098F0D4B90000BCD00D00BE
:20374000080F005C80520200B7F0E2BF000048D20D00080F005D6CA6060065F0B0BE000064
:20376000D0030D00080F005E94A6060065F0A0BE0000D8030D00080F005F9C980100C3F0BB
:20378000C0BD000020D40D00FE0000FFFFFFFFFFFFFFFFFFFFFFFFFFFFFFFFFFFFFFFFFFC2
