:02000004FF00FB
:204000004252434D636667440000000082F500000301F40168B9210008C12100085800000C
:204020000000000000000000493A0800493A0800333B08000000000085390800000000002E
:2040400000000000573A0800333B08000000000085390800000000009739080000000000B3
:20406000333B0800000000008539080000000000973908000000000000000000713B080078
:20408000853908000000000097390800853B080000000000000000008539080000000000F4
:2040A00065291000893B08000000000000000000000000005FEFBF00000000000000000089
:2040C0000000000000000000000000000000000024000000000000000000000004000400B4
:2040E000200000000B000005040001DD0000000000000000000000001E001C000E00000066
:2041000080090200000000000301F40158BA210000000000E2DFDCD9D6D3D0CECCCAC8C607
:20412000C4C2C0BEBCBAB8B6B4B29C970100000000000000000000000000000001FF0001FC
:204140000000000000000000000000000000000000000000000000000000600005000000FA
:20416000C00100030000000000000000060606B03132333435363738394142434445464700
:20418000484951525354555657585961626364656667686971727374757677787981828361
:2041A0008485868788895152535455565758594B484C4A47464444445A565A5855545252AA
:2041C000536864686664636262637C787C7A78767474768D898B8B8987858587A29FA1A17E
:2041E000A19D9B9B9F5152535455565758594442454441403F3F3F4F4C4F4E4C4B4A4A4AB5
:204200000301F40148BB21005B595B5B59575555566B696A696A67656767797577757773F8
:204220007375758A88888686848484855152535455565758594442454441403F3F3F4F4C85
:204240004F4E4C4B4A4A4A5B595B5B59575555566B696A696A676567677975777577737350
:2042600075758A88888686848484855152535455565758594442454441403F3F3F4F4C4F69
:204280004E4C4B4A4A4A5B595B5B59575555566B696A696A676567677975777577737375EA
:2042A000758A8888868684848485515253545556575859B031323334353637383941424382
:2042C000444546474849515253545556575859616263646566676869717273747576777809
:2042E000798182838485868788895152535455565758594B484C4A470301F40138BC21001D
:20430000464444445A565A5855545252536864686664636262637C787C7A78767474768D3E
:20432000898B8B8987858587A29FA1A1A19D9B9B9F5152535455565758594442454441401A
:204340003F3F3F4F4C4F4E4C4B4A4A4A5B595B5B59575555566B696A696A67656767797540
:20436000777577737375758A88888686848484855152535455565758594442454441403F87
:204380003F3F4F4C4F4E4C4B4A4A4A5B595B5B59575555566B696A696A67656767797577C8
:2043A0007577737375758A88888686848484855152535455565758594442454441403F3F7F
:2043C0003F4F4C4F4E4C4B4A4A4A5B595B5B59575555566B696A696A676567677975777552
:2043E00077737375758A888886868484848551520301F40128BD21005354555657585900C3
:2044000001000000F7050B00EFAE100023060B0041060B00BD060B0043070B0083070B00A9
:20442000AD080B004040404040404040404000000F000000000000000100000009BB100058
:20444000BCBCBCBC4343434300000000FC0260000D000000FF00000000000000BC016000D9
:2044600001000000FF0000000000000037390000BCBCBCBC43434343000000000C01600063
:2044800000000000FF000000000000009D3C0000BCBCBCBC434343430000000020006000C8
:2044A000BE000000FF000000000000001C006000FF000000FF00000000000000180060004D
:2044C0000F000000FF0000000000000014006000FF000000FF0000000000000024006000D8
:2044E000FF000000FF0000000301F40118BE2100000000002C00600030000000FF00000013
:2045000000000000DC04600008000000FF00000000000000E804410002C20000FF00000064
:204520000000000064044100BA400000FFFF0000000000003406410000480000FFFF000019
:2045400000000000E802600045000000FFFF0000000000007F3A0000BCBCBCBC4343434319
:2045600000000000AD3A0000BCBCBCBC4343434300000000333B0000BCBCBCBC43434343EE
:2045800000000000A73B0000BCBCBCBC4343434300000000F00660000000000002000000E5
:2045A00000000000553A0000BCBCBCBC434343430000000051BB1000BCBCBCBC4343434358
:2045C00000000000DB3A0000BCBCBCBC4343434300000000000000000000000000000000CA
:2045E0000301F40108BF210000000000000000000000000001000000D53E100003000E00A5
:2046000065341000000007008D3410002D000600C93410000800080017351000D100070095
:204620006D3F100000005800413510000400F2004939100006000600733910000000080088
:204640009F3A10000000060011431000430000000D44100003004600254410000300080096
:204660008544100018000000D3441000060000007F3B020000000600C5451000030000003D
:20468000D74A1000000000004543100000000600714310000A0006002F3E100004000600F0
:2046A000513E100000000800933E100004000E003945100006000000B73D100010000600B2
:2046C000773C10000600060071BF1000000006003344100003000D000301F401F8BF21005D
:2046E00001000000300000004153534552543A206C6D5F636D6448616E646C65725461621C
:204700006C655B6C6D5F637572436D642E69645D20213D204E554C4C0A000000000000009C
:20472000000000000000000000000000000000000000000000000000000000000000000079
:20474000000000000000000000000000000000000000000000000000000000000000000059
:20476000000000000000000000000000000000000000000000000000000000000000000039
:20478000000000000000000000000000000000000000000000000000000000000000000019
:2047A0000000000000000000000000000000000000000000000000000000000000000000F9
:2047C00000000000000000000000000000000000030118E8C02100000000000000000000F4
:2047E000000000000000000000000003010604C12100562003010CFCC02100270000002718
:204800000000000301F4010003100000F0CDF802B0BDE8F081BDE8F04100F06FB9BDE8106C
:204820004000F065BA0000BDE8F04100F0FABBBDE8FC4100F0BCBDBDE8F04700F00CBFBD0F
:20484000E8FC4100F078BFBDE8F84F01F0FFBABDE8FC5F01F0F4BDBDE8104001F026BFBD4C
:20486000E8704001F060BF02F00EF80BB0BDE8F08FBDE8704002F020BA0000BDE870400241
:20488000F0D6BABDE8FF4F02F096BBBDE8704002F0EABCBDE8104002F036BEBDE870400243
:2048A000F05CBEBDE8F04702F0EEBEBDE8F04102F0C1BFBDE8304004F020BCBDE8F0470467
:2048C000F054BC04F0C0BCBDE8F84004F011BFBDE8704005F0BDBBBDE8704005F083BCBDBF
:2048E000E8F04706F096BBBDE8F04106F043BFBDE8704006F0BABFBDE8F0410301F401F001
:204900000310000AF0B2BDBDE870400AF0C6BDBDE8F84F0AF0D8BD0BF042BA01703CF786AD
:20492000FA0CF034F93CF794BABDE810400CF033B90000BDE810400CF090B9BDE870400C5B
:20494000F0D5B9BDE870400CF0DAB90CF0EAB9BDE810400CF01CBABDE870400CF08ABABD3D
:20496000E8F8400CF0AFBA10B506F0F3FF04460EF763F8FD49FE4B0A1F012C0DD160B10F78
:20498000280AD208681B6820F03F0018430860106840F47040106010BD08685B6820F03FF3
:2049A0000018430860106820F4704040F46040F1E72DE9FC41012021F737F8ED48007808DC
:2049C000B112F78CFFEC4EEC480027316899B1807C20B1EA4801682F205BF7AAF9346820B2
:2049E000465DF703FE054620465DF7B8FC02280BD00E2D0301F401E004100009D011E080EC
:204A00007D002861D0BDE8FC410F212D205BF794B9E07B012805D15CF7FEFA10B920460DE1
:204A2000F755FC092D04D0E07B80F001000DF757FA204606F0A6FEFFF79AFF2068806920E3
:204A4000B3D249086880B1026872B11422CDE9007288460C305DF7A5F8D8F8001000226B94
:204A6000460C3110465CF769FD86F83D70206881692046884796F83D0038B196F839000453
:204A80002801D00AF7FBFE86F83D7020465DF721FD58B196F83900042807D0E07B10B15CD5
:204AA000F72DF910B1204659F7F7F8092D04D1E07B80F001000DF713FAB5480068002803FB
:204AC000D002B0BDE8F0410047BDE8FC8170B500F11C04807B5DF770F80546216840085DAF
:204AE000F710F8E188B0FBF1F002290301F401D005100000D1401C50B1414320685CF736F6
:204B0000FC20602946BDE8704040005CF766BB2068F7E72DE9F041064600F11C04807B5D3F
:204B2000F74FF801464FEA5007207A800703D581F00060400800E03846A18811B1E2885D3E
:204B4000F7ACF8954A31681268914205D0E188B0FBF1F201FB12000FE0B16A904A91F8A40A
:204B60001002EB411111F8202D002AEFD0C989B0FBF1F201FB1200E1880D1AA07A70B129C5
:204B80004638465CF7F3FB2060022D03D9E1885CF7BCFF20600220A072BDE8F08130465E70
:204BA000F736FA78B930465EF738FA58B95BF7D7FBB17B884202D1022D02D303E0042D0189
:204BC000D2E0880544294638465CF7D0FB2060E3E72DE9F041044600265DF70FFDDFF8C44B
:204BE0008110280301F401C006100012D1D8F8000000020ED5A06A6B49012690F8A4000183
:204C0000EB40102038C169012903D18169E1610021C16104F11C05A07B5CF7D6FF014628A2
:204C20006840005CF7DEFA0546E07C4FF00067032805D1BD4203D92046FFF750FF0546057D
:204C40002D01D9BD4235D9204657F78CFC504E35B1BD4204D8022D0CD83069A04209D0033B
:204C60002020754B48807E30B1002169205BF76CF801E0042020752068416809B12046883A
:204C800047022020753068A0428AD15CF73FF8002886D096F83900002882D1012086F8391F
:204CA000004348022211460388BDE8F041104657F73CBC0620B0EB550F15D32068002182B9
:204CC0006A20469047010009D091F8250030B16A08204657F7A1FA204657F70301F401B0A6
:204CE000071000C1FB2046BDE8F04157F797BB6908204657F7AEFAD8F8000000020AD50087
:204D00002E08D0204605F08AFB002803D0BDE8F04105F01ABB48E770B50546407D03281F6C
:204D2000D010B1284658F75EF9244E04206875346808E0A97CA27B201F914202D903F08134
:204D4000FA40B12468B442F4D1281DBDE870401A4977F72CBD6168281DBDE8704077F724D8
:204D6000BD70BD2DE9F84F0C484FF0000AD146007D18B101215A205AF7EBFF002426465B30
:204D8000F7F6FA80460E4807681BE0E4064100FCC02100B83B2000CC6A200088FD2000A0F0
:204DA000863100303F2000F0272000603B2000A0C1210098432000E02720001828200010A7
:204DC000282000DFF85CB124E0DBF800003D1FA8421ED00301F401A008100028465EF7E345
:204DE000F8D0B928465DF7D0FAB0B95CB1A87CA17C884209D9A27B424504D116B1B07C8156
:204E00004200D926462C4607E0AA7B424504D116B1B17C884200D92E463F6844488742D753
:204E2000D174B1A17B414562D0A07D40075FD400270097DBF8000000B3C27C032A04D01C72
:204E4000E00020CBF804005BE0827CA37C9A4214D900F11C08807B5CF7E4FE0546B8F80624
:204E600010D8F800005CF78EFA29465CF75AFE062803D80120DBF8007000902D4877F7A3DA
:204E8000FCE0B92B48D0F8008015E098F80E00A17CA8F1040588420CD967B3A97B51452DC0
:204EA000D1E86949465CF743FE002802DA2F46D7F81C90D8F800801E498845E6D1BFB1000E
:204EC0009807F11C0520B1E98828680301F401900910005CF75BFA28600023012239462098
:204EE0004657F795FCC7B2009820B1E98828685CF71CFE286037B1CBF8044005E02F4695D7
:204F0000F80EA0D8E7CBF804600D48007801280BD1DBF800005C4638B103F09BF920B1205D
:204F200068808908B10020606001218BF84110BDE8F88FCC6A2000102820000828200084C3
:204F4000C1210070B5414E0446707C58B134B3207C072160F30911207D60F38D2130205B1B
:204F6000F7B5F800E0D4B120465DF710FA022815D194F8A4005FF7F1FB05000FD020460395
:204F8000F068F958B1286848B131494A8E8168B2EB114F03D2408AB0EB114F53D365F7F0EA
:204FA000FA65F76AFF054654B1206840B1806A30B120465DF744F810B994F751FE58B1B04C
:204FC0007D18B10301F401800A10000F2131205AF7CBFE284665F758FF65F70DF936E0368E
:204FE000F780FA1D4E70690028F3D13068A042F0D1607D0328EDD1E07C0428EAD096F83906
:20500000000028E6D120465EF71CF80028204607D057F7F4FF204657F7B5FA02202075031F
:20502000E05DF72BFE0028D4D0012086F839000B48022211460388104657F787FA2846740F
:205040006165F722FF65F7D7F857F7F1FE012070BD000088FD20007C402000CC6A2000E005
:205060002720002DE9F0410546B422FF21B62017F7A8F88046286812F729FE074628461B81
:20508000F7EAF80646B8F1000F7DD0882088F80A007A4808F108048078C00888F80C00950C
:2050A000F85E0188F80B00B5F85C01A8F80F0095F85E01C0076DD0B5F864000301F40170EB
:2050C0000B1000A4F80500D5F87001B5F86E1190FBF1F0607295F86C01A07295F86D01E085
:2050E00072D5F86801B5F8661190FBF1F040B2207320B9D5F8680108B10120207395F86486
:2051000001607395F86501A073B5F87401A4F80F00B5F87601A4F81B00D5F85801A4F8113A
:2051200000B5F84A01A4F81300B5F84801A4F81500B5F84C01A4F81700B5F84E01A4F819C3
:2051400000AEB1B6F8D000400411D5B6F8D200A4F81D00142206F5827104F11F0066F7EB8F
:20516000FC142206F58C7104F1370066F7E4FC5FB1D7F8B000C4F84F00D7F8B400C4F85370
:2051800000B7F8B800A4F857004F223E4901E075E003E004F1590066F7CEFC95F85E014FF4
:2051A000F00007800735D5A6B33848017889B3374800680301F401600C100028282DD940E7
:2051C0001CB0FBF1F201FB120038BBDFF8CCC00021B6F8D2201CF8310090421AD10CEBC146
:2051E000004278032A02D0192A09D010E082884388D21AA4F833204288A4F8352007E08216
:20520000884388D21AA4F84B204288A4F84D2087804780491CC9B20A29DAD395F85E0140BB
:20522000072BD5B5F87C01A4F8A800B5F87E01A4F8AA00B5F88C01A4F8B200B5F88E01A41F
:20524000F8B400A5F88E71B5F88001A4F8AC00B5F88411B5F88201814202D9A4F8AE000135
:20526000E0A4F8AE10B5F88601B5F88211884202D2A4F8B01001E0A4F8B0004046BDE8F03E
:205280004116F7A3BEBDE8F0810000CC76200004FE200093282000D82820006F73200008C0
:2052A00048016821F4E021016007490301F401500D10000020086070470448016841F4E007
:2052C0002101600249052008607047148731004406600070B54949446891F9000000280131
:2052E000DD401E0870002C3AD0217C204601290AD0162934D14248D0F81011204639B1882F
:205300004700282CD10EE0BDE8704081F75CBB96F7ECFB05462146002008F0D0FAE88A00D5
:205320001284F8DA0194F8D10148B194F8D801062805D0206D04F5E671008F53F709F8305E
:2053400048007E00280BD094F8D901BDE8704060F3070160F30F2189B23C205AF7C7BE700E
:20536000BD70B504460E461D461AB194F8DE0010F767FB002084F89201E06BC0F3C041314D
:205380004306D020F40020E0632946204611F79CFA606C20F40050606494F8DD002843063C
:2053A000D194F80301F401400E100091010228204606D000F018F92046BDE870405FF7BA75
:2053C000BC00F0BAF8F7E72DE9F041478804460679384653F792FC054620465FF786FE00D1
:2053E0002D0DD00C2E0BD1384661F715FF040006D0288F0AF0FEFAA17D60F3C601A175BD15
:20540000E8F081C444200060F8200088FD20002DE9FF41D6480127D0E90B10CDE900100CAC
:2054200021684629F70FF90D21684629F70BF91F21684629F707F90026DFF8388374E0302B
:205440004653F75BFC04006ED0E06BC0076BD094F8DD00002867D1608F002864D094F8DE58
:205460000061F7D9FE05005ED0606C18B995F88B00C00701D0002756E094F8910102280ACE
:20548000D1052204F10C01684661F729FE58B994F8910102283CD0B54805220301F4013033
:2054A0000F100004F10C012C3061F71DFE98B30220606494F89101022817D0204610F749E6
:2054C000F8B5F88E00A5F8960002A9204610F730F894F8DE0002A964F7B6FC94F8DE000892
:2054E0002202A9ACF7C4F960B906E0009820629DF8040084F82400E3E70121284664F7ED8B
:20550000FC00279E480068412811D116222A2120460FF772FD0BE0FFE7218F0120403988CE
:205520004098490988084202D0204610F71FF8761C98F80000864286D304B03846BDE8F00F
:20554000811FB5040051D00020E16B41F30001491C084349D194F8DD00002845D1608F00D0
:205560002842D0606C00283FD18348D0E90B10CDE900100C21684629F769F80D2168462927
:20558000F765F81F21684629F761F8052204F10C0168460301F4012010100061F7A8FD0043
:2055A0002826D094F8DE0061F73EFE002820D090F88B10C9071CD102216164009921629D36
:2055C000F8041084F82410B0F88E10A0F8961002A920460FF7B1FF94F8DE0002A964F7371D
:2055E000FC002805D094F8DE00082202A9ACF743F91FBD0120ACE71CB5040042D00020E11C
:205600006B41F30001491C08433AD194F8DD00002836D1608F002833D0606C002830D15731
:2056200048052204F10C012C3061F761FD002827D094F8DE0061F7F7FD002821D090F88BE6
:2056400010C9071DD1022161644D49CA6A226291F8301084F82410B0F88E10A0F8961069E0
:205660004620460FF769FF94F8DE00694664F7EFFB002805D094F8DE0008226946ACF7FBD4
:20568000F81CBD0120BBE738B504460301F4011011100002208DF800008DF8012084F8CF7D
:2056A0001084F8CE20606C40F020006064B4F8A001C00702D0384865F7B1FD94F8DE0002B4
:2056C000226946ACF7DCF82046ACF76DF838BD2DE9F047824685F709FE8146504661F7A72B
:2056E000FD04002CD0DFF8B4802D4E2D4DB8F8220038B3206D296832680089401C02FB0056
:2057000013B9F1000F05D0274928680968884200D25B00B8F82200C51847F6FF708542005E
:20572000D3451E206D416CC90705D090F8CC0110B1A84200D20546504664F7BEFB2844BD64
:20574000E8F08719480068000501D5802002E0504664F7A8FB2A683668D101B1FBF0F3207F
:205760006D01894789C088FF00B7FBF0F0491C06FB0133834200D9034606FB01209842BF4D
:20578000D903460301F40100121000BDE70000607720002D2B2000A40E210016472000F079
:2057A0005C2100244720003C4520004045200044452000D44420002DE9FC47644E0F4664F6
:2057C0004934688246154622880888824201D1002D71D18946C1B2534601AA2046009753AC
:2057E000F7EEFC4FF0010CAAB24FF00608FF2816D0002D62D0316808EBC000CB68195A6213
:20580000F388011952326821F47E41D2681152326821F00301D26811520120BDE8FC87B948
:20582000F800100198884246D2002DF5D0E168DAF8003001EBC0010B60BAF80400888030A2
:2058400068C168019808EBC005485B62F3880048533168019A20F47E40C96808EBC20288D5
:20586000523168019A20F00300C96808EBC2028852019960684A0900EB82000301F401F0C2
:2058800012100001F01F0102680CFA01F39A4307F001038B401A4302600198A16842090121
:2058A000EB820100F01F000A680CFA00FC22EA0C0242EA0C020A602088401C17E0FFE70058
:2058C00020AFE7A268410902EB810200F01F0013680CFA00FC23EA0C031360606800EB81FF
:2058E00000016821EA0C0101602088401E208097E71B480068002802D0412165F7ECBA7009
:20590000471749096891F840202AB101EBC000C07908B10120704700207047104A03681287
:205920006802EBC1010B6083888B80807988710120C87112F8400F401C1070704708490046
:2059400022096801EBC0000260426011F8400F401E087070470000502B2000362B2000689B
:20596000B921002DE9F041244E044688463068407853F70301F401E0131000D7F905000809
:20598000D0214F84B1052C31D04046BDE8F041A5F788BE1D48807D002830D0BDE8F0412A98
:2059A0002132205AF709BA81F745FF3878B1F753FF15205FF703FB0028284607D0A5F70266
:2059C000FEA5F76BFE12490120087001E0A5F735FE10480178012911D10221017030680D0A
:2059E0004940780978BDE8F04110F757B83878B1F732FF2846BDE8F041A5F71FBEBDE8F05E
:205A000081000014452000B944200088FD2000C644200081512000825120002DE9F14F8ED7
:205A2000B001270E9EBB46F46B4AF7A7FC0290DC4825460460DC48D0F8008030466CF7CF05
:205A4000FE0100D94801D0007800E04078B074D5481438D0F80090DFF854A39AF80500B843
:205A6000B15FEA887014D581B269F30301F401D01410000301002060F304114FEA19206071
:205A8000F34A11C8F3800060F3CB21C8F3C00060F30C3146205AF794F95FEA48707DD5C6D6
:205AA0004800680090C548001D006880B20190C9F3801001460690684651F7C9FE0D909A34
:205AC000F8050018B1472000995AF77AF9B8481438D0F800A0BA490AF00F09CAF3C01009DD
:205AE00068442907D1B9F1030F04D1B04A383A1168491C1160B349097841B1B9F1030F057D
:205B0000D15FEA087102D4AF4A01211160AB49091D09680B91A949083109680C9196F8465C
:205B200010814207D106220DF12E0106F1400061F7F2FA00B100270298002848D00D98781B
:205B4000B1002F44D04AF726FC002840D034B330466DF760F810B394F83600012825D054A6
:205B6000E0002F0301F401C015100034D04AF716FC002830D030466DF751F808B120460374
:205B8000E0694606984AF7F4FC28B390F83610012976D190F83B00C00772D10E985AF7CEFB
:205BA000FE01E003E043E030466CF7F1FF0FB0BDE8F08F94F82E00022530B10622694604B7
:205BC000F1280061F7ACFA18B152F7C9FB20B120E084F82E50254653E00020029003900426
:205BE0009005909DF803008DF808009DF804008DF809009DF805008DF80A0007AA02A904AB
:205C0000F1080052F72BFB0322694607A861F787FA08B1002534E00098A062BDF80400A0DB
:205C20008584F82E500120254686F8490028E068464AF767FC5F490500086021D168464B38
:205C4000F734FA050005D0CCB195F83700012808D014E01FFA8AF140235A4A0301F401B0CB
:205C60001610000E985FF7E5FD0EE094F83700012808D1102204F1180105F1180061F75374
:205C8000FA00B100254D48056054480068400603D505B9F56B494805600E9D5FEA08700593
:205CA000F1280524D528464BF75FFB48B1694650466DF7F5F85FEA000B86F8490017D15DD4
:205CC000E096F8490098B938004FF000070FD074B130466CF7A7FF50B1A179069881420639
:205CE000D106226946204661F71EFA00B90127B9F1050F43D128464BF726FBD8B33448009B
:205D0000680E283BD0B7B3BBF1000F37D034480068800217D500226846069953F73EF81855
:205D2000B1408F00287FF446AF0D9858B168464AF7ECFB38B18179002253F72FF810B14058
:205D40008F0028EFD11D4C304621686DF70CF980B396F80301F401A0171000490010B10E62
:205D6000985AF7F4FD30466CF79AFE30466CF747FD0028F06E81B202D0012001E002E00349
:205D8000205EF7F2FF0F490020002F08603FF416AFBBF1000FFAD00F480079C007F6D0B9FB
:205DA000F1050F02D0B9F1030FC0D11FFA8AF10123084A0E985FF741FD00E7FFE70020206E
:205DC00060FCE614442000AC8B31000444200088FD2000000A3700A40E2100643920006C57
:205DE00039200060432000D444200070B504466FF001052946012095F7C8FE0646294600DE
:205E00002007F088FDF08A00F180004FEA202084F830004FF00500A081194800684107055B
:205E2000D5E1694A8902F101024A8109E08107E16903D48A89521C8A8102E0CA89521CCA24
:205E400081ABF738FF4FF448114FF40301F401901810001810C865206A002813D14FF446E4
:205E6000167569E07B01280CD1706920F080007061022001F7B7FFF06945F0800540F00080
:205E800070F061756170BDAC8B3100006D90F8CD01002800D0012070477CB5044601208423
:205EA000F83401A07B69465BF754FDE069410000985BF7E3F9401C46082046FFF7E6FFFE0F
:205EC0004D20B9206DB0F85400B04214D9FC480068000312D508F7E4FF10B906F72BFC18B7
:205EE000B1A07CE979884206D0A07CA979884202D0297A884201D12878A0744FF00040C4C3
:205F0000F83C017CBD2DE9F84F002705468DF8007000F5D2764FF00208B94690F8DE006103
:205F2000F7A6F9040074D04FF4047164F7ECFF242105F1EC0064F7E7FF142105F588706492
:205F4000F7E2FF0301F4018019100085F8247116202074677495F8DE0018F73DFEDFF86C18
:205F6000C3DFF86CA34FF0640BDCF800004178090620D5D749096A090714D54B460222698F
:205F800046E14647F778FDF070D9F80010D1F89C10085CB0709AF8000010B3D9F8000090F1
:205FA000F83C001BE0F770DCF80000D0F89C000078B07015E04B4600226946E14647F75B64
:205FC000FDF070D9F80010D1F89410085CB0709AF8000028B1D9F8000090F82C00B070F78B
:205FE0007086F804B0B0787071F07886F82100B94986F82270B0788876B8480168F27821C3
:20600000F0FF0141EA02010160A17BB448415CAC48032902D2407901E0B6E04078A07495C7
:20602000F8DC00A07395F8DD00E073B5F8D0002084B5F8D200608495F8E0000301F4017062
:206040001A100084F82400D5F8D810204661F7BAF8256584F87B704FF00209A34884F87A35
:206060009084F883700178012011B984F8A6000820A4F8A400E07B012808D1B5F8D210A5A2
:20608000F856109A48216D0088A1F8540095F8DE0084F8FD0095F8DE0084F8150104F1ECFB
:2060A00000C4F8E40018309249C4F8E800608C09784843A4F8A200204661F7CAFAEA682946
:2060C0007C204661F724FA4FF6FF76A4F88E60D5F8D800C4F81C010121204661F76EFA85D9
:2060E00049206D496BC0F88C1195F8DD00012802D1284655F73DF884F8D1717F2084F8D9BA
:2061000001A62084F8DA018007C4F83C0195F8DD00012804D17948007808B14FF0030877C6
:20612000484246016820465CF79CFB84F8E071062084F80301F401601B1000D801A4F8303E
:20614000617248724E0622007884F83201402084F8A700311D05F15C0060F7F9FF70B995E5
:20616000F8DE00306086F80D9000206FF07F013218401C82F838100728F9D33773204674B8
:20618000F703FF95F8DE0001211DF76FFC204661F787F9206D80F8CD71BDE8F88F2DE9F146
:2061A0004F5C4884B0049C06680021B4F8A40051F7BDF9804661F7E5FF074694F84E0140D1
:2061C000F0200084F84E015348C07998B1B4F8A400002100F01F0551F7A9F960F349159413
:2061E000F8810060F38C25294615F4787F54D04E2059F702FEB4F8A400C043800708D0B867
:20620000F1000F05D0206DD0F8EC10491CC0F8EC10206D90F8241121B1D0F81011491CC015
:20622000F81011204674F7C1FEE07B0301F401501C1000A0B3204660F7DCFF002084F83A24
:20624000014FF44610C06940046DD54FF00008B4F8A400454600F010010291C346C24641ED
:206260004651F768F90246206D002161F7C3FF3844019094F8A10070B3206D012151F74E7D
:20628000FC8146204662F705F88046401C65D04146204662F79CF80546401C61D061E00134
:2062A000E04D20A9E794F88100B0B9012584F88150A07B5BF70AFD216DD1F8D8105BF7858E
:2062C000FC0746206D53F783F9164951F82010B8FBF1F0381A28E044E034E06044200098C8
:2062E000432000A82D2000A8442000C46C2000A077200004833100A85721002A4420003617
:206300004420002844200060772000294420003C44200027442000EC272100AC8B310088BA
:20632000FD20000301F401401D1000742B20007BE0401C20F00101002908DD206D54F7D19B
:20634000FF206DB0F8D000208484F8255094F83B0100286CD1D4F82C0100F10100C4F82CA4
:206360000165E0C846454600E04D46B4F8A400C00617D5206D002151F7D5FB0090304651AC
:20638000F7DAFE5FEA000909D0002151F7D7F883465FEAC96005D5DDF800A002E000988245
:2063A000468346206D4246594661F760FF00EB0708206D2A46514661F759FF019A3844020C
:2063C000EB08010B18FE48FE4A0068834218D9FD4BF5031D6807D525F480151D60D38923AF
:2063E000F01003D38106E025F010051D60938923F010039381B4F8A43023F01003A4F8A47D
:2064000030814211D894F8A10002990843D4F8400101D098B10BE038B1408C0301F401309D
:206420001E100010F4C06F03D0C0F30100022802D0204661F7F1FC20460CF7A3FBE07B016A
:206440002815D017E0907C0007F5D4E048001D016821F400710160DE480168DE4A01EA0223
:20646000010160DD48016821F400210160E3E7204660F7C7FEF00304D594F84C0120F00193
:206480000005E0700305D594F84C0140F0010084F84C0194F82311B4F8A40061F7BBFDC017
:2064A000B194F84C01010714D5C0F3400100F0010081420ED1E07B48B994F82301012805A0
:2064C000D194F88B0040F0800084F88B00022084F8230194F84C0140F0040084F84C012065
:2064E0006D90F8BD1089070ED490F8DE0001211EF799F9206D012190F8DE001EF7E3F9949F
:20650000F8C3011EF773FA204685F7D6FCB448016811B10301F401201F10004168491C41CB
:2065200060049805B00121BDE8F04F09F0A0BB2DE9FC5F056D04464FF0000995F8DE60848C
:20654000F77DFF8246D4F88400002780B14108D4F8AC005AF777FFC4F8AC00D4F88400CD4B
:20656000E90007A07B69465BF71EF8C4F88470204660F781FE94F88B00010720D58006B1C2
:20658000B207D50E205EF710FC94F88B0020F02A0006E008205EF708FC94F88B0020F00EF1
:2065A0000084F88B00914800210068826A2046904728B190F8250010B1204662F77CFDD4F6
:2065C000F8B83094F83311D4F8BC00591840F10000C4F8B810C4F8BC00D4F8C03094F83568
:2065E00011D4F8C400591840F10000C4F8C010C4F8C40084F8337184F83571BB4694F881FC
:20660000007B4F03286CD0A07B5BF70301F401102010006BFB8146D4F8A8105BF7E6FA8040
:2066200046D4F8AC1048465BF7E0FA8146B4F8A200C0B1404516D8304662F746FE0320841F
:20664000F8810020465CF702FAB1B205205EF7B0FB6A48C07C002803D00021502059F7E0DA
:20666000FBBDE8FC9F94F8810003283DD0B4F83811414503D9204662F712FE88B1A07C39E6
:206680007A88424ED8F879A074206DC16B090101D5397AA174D0F80C11491CC0F80C11404B
:2066A000E094F8810003281FD0A07B10F7B9FB30B15349B5F8D20009784843404503D92074
:2066C0004662F79EFD30B1A17CB879814229D2A074206DDFE794F8810030B9A07B49490881
:2066E0005C032801D278791BE0BAF1000F01D0387916E04448454AB4F838110078127848C8
:2067000043434B0301F40100211000B0FBF2F01B785943B1FBF2F119B1894501D3F8780354
:20672000E078B181450DD3B878A0742046FFF7D1FB90B1206D90F8CD01012804D0022805EE
:20674000D00AE07878F0E7A17C344801E0A17C33480078814200D2A07420465CF70AFDC8FD
:20676000B10226B5F8D22094F82410B5F8D000334655F7B1F8A5F8D00084F8A0B0B5F8D040
:20678000002084B5F8D200608484F82460012084F8250006E0204662F7D6FC0146204662AA
:2067A000F718FD204661F73FFA5EE710B504469EF78FFC002812D14FF48200D0F8641289CB
:2067C000040CD5D0F89C03C00708D015480078221805485830016862F30701016010BD4CAA
:2067E0004420002C292100688B310064833100FFFBFFFE608B310078C121000301F401F02D
:206800002110003C4420006044200088FD200021442000A85721002C4420002E4420002D4A
:206820004420002F4420006DB92100E63D200070B50D4604460021284650F794FE0146B4B2
:20684000F8A400C5F3C002C0F380039A425CD1464EB27C120700D5D9B94549096802290275
:20686000D1E943890714D080F00400A4F8A400204684F7F0FD88B1408C10F4C06F0DD03CD4
:20688000490868B4F8A420520704D540F0041003E0002504E020F004100860A4F88C500069
:2068A00021284650F75FFE00282ED0042804DD94F8E010890700D5001F02462E48C1880C5F
:2068C00039914200D20A46B0682C49001DA0F7CDF994F8E000800717D594F8350100F101F0
:2068E0000084F835012648006840040ED5206D90F8DE000301F401E022100052F756FA3D15
:206900002180F8CF100120A4F888000020A4F88C0070BD2046BDE870403EF761BB10B50470
:206920004662F731F92046BDE81040012109F0CCB910B5016D044619B191F8CF1009F047A4
:20694000FA2046BDE8104061F779B810B510480E4C2C2204600F492046A6F77FF9AFF2813B
:2069600070E061AFF24900A061AFF23900A0603DE700002C292100A40E2100688B3100C749
:206980002B2000000A3700AC8B31004CC121003C44200048730C002DE9F04F8BB004469DF7
:2069A000F7BFFEFE4EDFF8FC93F07800B3FE48006880071CD594F85F2081B2B4F852006292
:2069C000F30301820962F30411000A60F34A1194F8680060F3CB2194F8690060F30C314318
:2069E0002059F72AFA4420D9F800100301F401D023100059F725FA94F8681004F16008D121
:206A0000B149F7FFFCB8B194F866104046454650F75EFF80B949F7FEFC68B194F8660029C3
:206A20004649F7E2FD38B190F83610012903D190F83B00C00706D094F85A00DFF874B302F6
:206A40002804D0A5E1204659F7B5FFABE194F868000028F6D094F85F0008B10128F1D1A5A8
:206A60006F95B394F869004FF0010A70B349F7C9FC00287ED049F7CEFC0028FAD0E86B0033
:206A80002720F08060E86394F866104046CDF8108050F71DFFB84600286CD094F82E000137
:206AA0002873D0D5F88861002E0DD096F82E0030B1062206F12801049860F76DFBE8B39639
:206AC000F8360001287BD0D8E000E009E0B07D002858D00BB02821BDE8F04F322059F7B0DC
:206AE000B921460301F401C024100094F8662043464646084651F7F6FE002847D0216EE921
:206B000065B4F86400A5F8600094F8660085F86200204694F866203146A4F7ADFF00289440
:206B2000D0A748007848B1A6492046012381F800A0B4F852104A465EF7B8FE9BF80510A1A1
:206B40007400E03EE0012080F7CAFF012080F7A7FFA8F72CFC18B12946204651F769FE9977
:206B6000488179090712D5934940390A6822F400320A60D0F82D108F4A02E0A9E055E008DD
:206B8000E0383A1160111DB0F8310008600BB0BDE8F08F049849F7F5FC18B904984AF7C5A4
:206BA000FA38B1C179FF296CD00127C5F8880168E009E02046B4F8521004234A465EF775C0
:206BC000FE5FE001275DE051F70AFCE8BB04F16300CDF80080CDF80480CDF80301F401B0CE
:206BE0002510000880CDF80C8001788DF8001041788DF8011080788DF80200DDF810900531
:206C0000AA694606F1080051F76DFB0322494605A860F7C9FAE0B9206EB062B4F86400B0F8
:206C200085022086F82E00F079FF28CED0A9F78EF8CBE794F82E00D5F8886101280FD194EE
:206C4000F8661002220498A8F781FEFF2807D000E01BE094F86600049949F7CEFC0646A684
:206C6000B1B07994F8661088420FD106223046049960F799FA48B986F82E80F0790127FFAC
:206C80002801D0A9F763F8C5F8886194F85F0001287BD10FB34949D5F888610822091D049C
:206CA000A89FF7F3FF46480DF1120914380068C0F3C0173946484650F712FEF0B396F82FFB
:206CC0000030B1062206F13001484660F76CFA20B196F80301F401A02610003700012806A4
:206CE000D057E095F8630068B301284ED051E051F77EFB40BBCDF800809DF815008DF800DA
:206D0000009DF816008DF801009DF817008DF80200CDF80480CDF808804F46CDF80C80068D
:206D2000AA694606F1180051F7E1FA0322394606A860F73DFA38B9DDF812003063BDF816B2
:206D40000002E005E021E012E0B08686F82FA0C8E73EB196F83700012803D196F83B00C00D
:206D60000717D095F86300022802D0032802D010E017B10EE0012F0CD13946002052F7F9A8
:206D8000F90622494660F713FA18B9E86B40F08060E86394F82E00012806D12046A4F77C29
:206DA000FDFF2801D0A8F7D6FFA17C9BF80500814202D12046A4F741FC0320E0740DE088F5
:206DC000FD2000000A3700AC8B31000301F4019027100060442000C0442000C1442000A47C
:206DE0000E21000BB02046BDE8F04F01219DF709B870B5224C0500A06727D0012684F82D82
:206E00006095F8630084F8300020469CF717FF15202074002060742046A4F713FCA687A4C9
:206E2000F85060022084F86A0001222221002050F786FB40F00501A16495F8620001280EF3
:206E4000D002280CD003280AD00CE00D48807D002814D0BDE870402B21322059F701B841D0
:206E6000F08000A06495F86300012803D0022801D0032803D1A06C40F04000A06470BD10FB
:206E80005B210088FD20004848704710B5FF2080F74EFE022804D0FF2080F749FE032816C7
:206EA000D14FF44814D4F8C000000610D54048007899F7BFFD3F49C978C1F3000148400693
:206EC000D080200301F40180281000C4F8C000BDE8104081F751B810BD70B53548046800C4
:206EE0002C2AD036480168002926D1012101603448C4F898003448C4F89C000025C4F894C9
:206F00005004F1940002F774FA3048C4F8A400C4F8A850C4F8A050002104F1A00002F75FEB
:206F2000FAAFF28F00C4F8B000C4F8AC5004F1AC00BDE8704001F709BA70BD1D4910B509F1
:206F40006871B180B1487800280CD0FF2080F7F3FD02280AD080F753FF022080F7ECFD04D9
:206F6000E018B1002010BD0520F7E7012010BD70B54088C4B20F480568002D17D02878A00F
:206F80004214D00E4900EB4000091D01EBC00000EB840006684EB1884207D38C318842046C
:206FA000D8002120462DF76CFFB0472C7070BD704700004C462000F82A20000301F401700F
:206FC0002910004C24200070B92100D5390800BB390800A73908002DE9FC418046894800BA
:206FE00025144600680E46000234D58648006888B3864F386870B390F8400058B30CB1FFB3
:20700000202060D8F800200092B8F80400ADF80400404650F774FC48B1404649F7C6FA280D
:20702000B1016800918188ADF80410867900223146684652F78AFB7549097888420AD206E4
:2070400046FEF7BEFC30B1386810F83600FF2801D0266001252846BDE8FC812DE9FF414FA3
:20706000F446160346D6F840030125694F1C6800F001003C603C1D9B882360654B654C48CF
:207080003B2C3C81B10028186806D040F480001860206840F4804016E040F04000186020F7
:2070A0006840F040000FE00028186806D020F4800018600301F401602A1000206820F480D0
:2070C0004005E020F040001860206820F040002060D6F870020090D6F87402019002A9100B
:2070E000465AF783FC694602A85AF7E8FD08308C2805D359F748FC002080F709FD002504CD
:20710000B02846BDE8F0812DE9F843064644488C6F904600689946012742488279520716DE
:20712000D53E4AD0F827101160B0F82B10101D01603A484838016821F04001016037482C48
:2071400038016821F0400101600120BDE8F883CCB191F82E00012802D0E06B40014ED59428
:20716000F863506A4641461846FFF739FF98B128480099B27B006800EBC1035B1C10F8315B
:2071800010184638E02848807D18B12921322058F773FE0020D9E749F750F978B349F756AD
:2071A000F960B34146484650F7AEFB0301F401502B100018B1484649F700FA0CE0494640EE
:2071C0004649F732FA1B490968490604D518B91949002049F729FAC4F88801022D01D00302
:2071E0002D07D120B190F82F1009B1303005E005F001052946002051F7D0FFB27B2946FFB7
:20720000F734FF0746E06B20F08060E0633846A0E7000018472000582B200068B9210030E0
:207220002B2000B08B310040833100A40E210088FD20006043200008472000044810B500E8
:2072400068002803D049F739FEC0F1190010BD044720007FB5054640B204281ADD284659F7
:20726000F723F9FF2803D0054640B2042811DD00200090019002A928465AF7B3FA2A4602E0
:20728000AB694610465AF7FDF9694628465AF7BFF91AE04FF44614E66926F00070E061C460
:2072A000F800520301F401402C1000D4F8040220F00400C4F8040202205AF713F8D4F80419
:2072C0000240F00400C4F8040203205AF70AF8E6613B48007C002806D004B02946BDE870C4
:2072E00040542058F7D1BD7FBD2DE9FF41064640B20D464FF00008042821DD304659F7D8CB
:20730000F8FF2803D0064640B2042818DDCDF8008002A93046CDF804805AF767FA32460241
:20732000AB694610465AF7B1F92B46FE22694630465AF753F8694630465AF76DF924E04F21
:20734000F44614E76927F00070E061C4F80062D4F8040220F00200C4F80402022059F7C1D0
:20736000FF2868C4F80C026868C4F80802D4F8040240F00200C4F80402032059F7B2FFE74D
:2073800061C4F80C82C4F808820D48007C002813D03146552058F778FD28680301F40130B7
:2073A0002D1000010C582058F773FD2968572058F76FFD696804B05920BDE8F04158F768FE
:2073C000BDBDE8FF81000088FD20000120704770B5456828461BF7CCFE28465CF7A5FA00D2
:2073E000281ED00F4C012101FA05F122898A4322810D4A1288520708D5E28C0A4205D08AAE
:2074000043E28490F83A11A3F732F994F82800002806D0002084F82800BDE8704019F79FB1
:20742000BE70BDD4FD2000A08220002DE9F843E84D286800685CF778FA04007ED095F8AA62
:207440000010287AD2E44905EB8000001D496810220D3164F700FC0020009028680023C152
:207460008CC1F380023E214FF7F1FB95F8AA00001D85F8AA0028685DF762FA18B995F8AAF6
:20748000000C2808D228685DF75AFA00285FD095F8AA000301F401202E100010285BD32833
:2074A000685DF751FADFF83493DFF8388309F1740920B301F0F2FACB4ECC4FC00716D00885
:2074C00021281DBAF726FB28B994F8370140F0200084F8370194F83701800649D4B8F8FEB6
:2074E00000000700D43E463046082327E0B8F8FE00000700D43E463046082335E001F0CD04
:20750000FAB94EB94FC007A6F15806A7F1580724D00621281DBAF7FDFA28B994F8370140C2
:20752000F0200084F8370194F83701800620D4B8F8FE00000700D43E46304606234A4629E4
:207540001D00E008E0A7F708FA90B994F8370140F0200084F83701BDE8F883B8F8FE0000C7
:207560000700D43E46304606234A46291DA7F7F4F995F8AF00800702D58BF743F80EE0283F
:20758000685DF7E1F910B1402202210301F401102F100001E03022012101208BF71EF804B5
:2075A0002085F8A800281DA7F73BF90028D7D02968132081F83F01D2E710B5894C8EB02072
:2075C0006800685CF7B9F940B190F83701800604D5042108A8A7F739F949E000200490053F
:2075E000900690079094F8AF00C0F38100D0B1012802D0022816D103E0D4F8A400049011DA
:20760000E020685DF7A4F90028784802D000F59A7001E000F1EC0090E80E00C068CDE90432
:2076200012CDE9063071490CAB01F1FC014878C0F303028DF8302049884FEA1010C1F300C1
:20764000018DF831108DF8320020686A4A08A9CDE90032634A00F1280002F16402CDE90200
:2076600001A2F1100104AB01F12000A7F735F808A88AF75BFC0A2084F8A8000EB010BD1068
:20768000B58AF70301F40100301000FDFA574C94F8AC0000B315F715FD94F8AF000222C0B9
:2076A000F34001206819F777FB206896F7E6FE2068002180F83F1100685CF742F928B190C3
:2076C000F8371121F0200180F837118AF7CCFABDE81040A7F73AB90520DCE770B5434E8E7F
:2076E000B0346820685CF72CF900285ED090F8370180065AD400250495059506950795964F
:20770000F8AF00C0F38100F0B1012802D002281AD103E0D6F8A400049015E020465DF71B2A
:20772000F9002896F8AF004FEAC07002D058B1344802E040B13348483890E80E00C068CDE2
:20774000E90412CDE9063016F8AD0F8DF83000B07808ABC0F300008DF8310070788DF832DC
:2077600000274A04F128010CA88DE80F001F4AA6F1AD0602F1540202F110010301F401F059
:2077800030100004AB01F11000A6F7AEFF20465DF7E6F8194910B101F58A7101E001F1BC73
:2077A0000196F8AF00800604D4102208A85FF72BFD58B1E08C0523C0F38002412120464FE4
:2077C000F799FA8AF76FFA0EB070BD0095E08C0023C0F38002412120464FF748FA96F8AF64
:2077E00000800702D58AF770FDEDE78AF7C0FBEAE70000C4232100780E2100E86D2000A098
:20780000720C00142521004C2820000C6F20002DE9F047044691460E4608465CF795F8056C
:207820000073D0607840F0040060702078C0F3C30195F8A70002294FEA501005D2BDE8F0B6
:2078400047012300220BF718BE824601220BF7EBFD40B161884088C1F3C902824202D960CE
:20786000F3CC016180608841F6F877C0F30101032911D00301F401E0311000DFF8F8819815
:20788000F80A1039B1C0F3C900314660F31F11092058F712FB6188784A88070ED010E038B1
:2078A000420AD02078C0F3C300032801D0082803D14946284617F750FE7FE0D07C00077C17
:2078C000D5B5F86430002063F30B0061F30D30C1F3C90161F31F402178490703D120F4403E
:2078E0004000F58040C9F80000D07C000725D56349488F401C48876248007802280AD004AD
:207900002812D060480068A0B14946204672F7BDF83DE04BE05D48006840020AD420785B81
:2079200049C0F3C300087044E0494620462BF74EFE2DE0484613F7C1FE29E092F838000258
:207940002837D02078400705D06088C0F38001284613F79FFE608838422FD0E969C1F3C4E8
:20796000010D292AD098F80A1041B10301F401D0321000C0F3C900314660F31F114FF00A70
:207980000058F79EFA60880023C0F3C901091D1A46484683F7EBF960880123C0F3C902205C
:2079A00078C0F3C30150460BF76FFD3B48017841F002010170BDE8F08703E0484612F7BCE1
:2079C000FFE9E74846BDE8F0470FF701B92DE9F04104465CF772FF06004FD020465BF7BCC0
:2079E000FF05004AD02E480178012908D14169A94202D08069A84202D1002000F05DFC60A1
:207A00001E4FF00008142803D82649214401F8018C012786F8237063F7DFFA2249A7400AC8
:207A200068BA430A6063F7DCFA2CB3162C23D0012200232946304612F747FE304612F73A01
:207A4000FE717E39B1B5F864004FF0FF320BF7D4FB86F819800B48C07C400703D514B1E093
:207A6000B285F70301F401C033100046FD012120461EF7ACFD2046BDE8F0414DF7C4BE0051
:207A800022DAE7BDE8F08188FD2000E86D2000001B2100F8412000D44020002C8B3100F929
:207AA000412000A74E200084C12100CC6B20003840200070B50C468178C31D0A46091F0132
:207AC00025042A0AD371B1D0F803200E48824204D3481E0D4E1044B04201D9002502E01878
:207AE00046ACF758F90E202070042060700120A0704FF64C40A4F803000DB1002000E00C2F
:207B000020607170BD000000031000FF24100070B509301446C578032D0AD2837990F90576
:207B2000200179284606F036F9A0710020607170BD1220507170BD10B500F10C01144600AC
:207B40002006F053FA0020607110BD10B5FA4C94B050226946206864F766FC0301F401B0A6
:207B600034100040F6FF71206864F730FC50226946206864F753FB14B010BD70B500F1090A
:207B8000051446E81C04F081FCA071E9780022022904D0032909D004290AD001E0401C0233
:207BA000D0E271627170BDE64800E0E648007809E0411F0A2391FBF3F1A171494201EB81FE
:207BC0000100EB4100E071ECE710B514460930DE4A002100EB4103B3F8033022F811304902
:207BE0001C89B26729F5D305F07DFCA0710020607110BD2DE9F04FDFF85483F9B09346DC38
:207C000021D8F800207591CE217691D14900F10909D148096B4FF0000A09BA7791302174D4
:207C2000918078012801D1E020759099F8030050287CD18BF8060000208BF8050099F8049C
:207C4000004D465C4601282FD1C448D0F800C0E620BCFB0301F401A0351000F0F300FB13A6
:207C6000C699B2B5F80500BF4B08B900271F700EB9491E89B2884214D8BCF1000F11D0887C
:207C8000423BD14FF0730100FB01F0197802EB4000A0EB01014FF0010A4FF00000F6B13349
:207CA0001F0DE00020A072E62104F10C0063F7A7F963E0271811F8012B401C3A7300B2987A
:207CC00042F7DBD8F80010A019D1F8901D8160C6F1E6010C3063F793F9A6724EE02318401F
:207CE0001C11F8012B00B21A73E228F7DBD8F80000D0F8900DC4F8EE003DE0732148439964
:207D00004902EB40000978471A0026D8F8000000F559618F4201D100F15C07B5F80510119C
:207D2000BB00F15C018F421ED14088012803D002280ED018E0E8E08B480C2101708B49A009
:207D4000190C360A68C2604A6802610301F401903610008968416109E0854820210A460175
:207D600070A0190C30834963F79EFF203636B2A119761C17F8010B36B20873E62EC9DBE635
:207D800020A072287902284ED177480DF1E808464601683A9140683B903CA86F49769A63D8
:207DA000F782FF76987449083030440A680260898881807598E62790FBF7F0759A81B20719
:207DC000FB10260EB9491E89B2B5F80500884218D8664A1268AAB188421BD14FF0010AC652
:207DE000B17321484308EB4001324604F10C0063F75AFFA019C6F1E6010C3063F704F9A6C3
:207E00007211E00020A072E62104F1F20063F7FBF809E07321484308EB4001E62204F10C4D
:207E20000063F741FFA77254480078F0B32879042867D152488179C9B3018F7498001D0802
:207E40004480B20301F40180371000E621B0FBF1F601FB1602B5F80510B14239D8434B1BD0
:207E6000884BB3ADF8C4117499ADF8C611ADF8CC61ADF8C8010027ADF8CE21E82168466265
:207E8000F7A8FCB5F80500B0422AD1694671A848F771FA064604F10C003246694663F70761
:207EA000FFA1197798361DC860B6B2C6F1E601A01902E02AE007E00BE00C3063F7A8F8A626
:207EC000724FF0010A21E00020A0724FF0010A01E00020A072E62104F1F20063F798F8146A
:207EE000E030B9214904F10C00749A63F7E0FE749F694671A848F73EFA0646E0190C303203
:207F000046694663F7D4FEB819A0722879E071B5F80500208184F80BA099F8030018B13163
:207F20002801D001280DD18BF8060000208BF8050099F803005C46122538B30301F401704F
:207F4000381000012826D031282AD099F803008BF8060099F80300594602282DD038E008D0
:207F60002A2000034A20000C4A2000FE482000A42D200058E82000C22D2000842D200088B5
:207F800029200019F82000B52D20006F2D20008CE82000FFE7E11DA2F7CDF8C8B965711765
:207FA000E0E11D09F10300A2F711F80100F6D03E22E01D63F780FE0BE0FF4A002001EB40C8
:207FC0000432F81030401C00B2A4F807306728F5DB99F8030051280CD199F803108BF806DC
:207FE0001000218BF80510FA22F4490BF1070063F762FE99F8030061280CD199F803108B79
:20800000F8061000218BF80510FA22EB490BF1070063F751FE79B0BDE8F08F70B500F10931
:20802000041546808950F772FF50B1A178022905D061790301F4016039100080F8CD110034
:2080400020687170BD0021F8E71220F9E72DE9F84F00F10904DC4815460668FF2090713749
:20806000468346D071002006F5807607F54077507163F7EFFE63F788FF4FF0120978B3E09E
:208080007838B1012866D0022836D12079002864D069E020794FF0110AE8B9042269463018
:2080A0004664F7D9F90098401C24D160794FF48038032815D0E622A11D301D64F7C3F894C3
:2080C000F90510042248EA01202179084300906946304664F7B7F82079012803D035E013B8
:2080E000E0FA22E8E704226946384664F7B4F90098401C03D085F805A0BDE8F88FB4F8ECAD
:2081000000B4F8EE10884202D885F80590F4E7401A401EC0B27321484307EB4000001DE6A6
:2081200022A11D64F78FF8B4F9EC000301F401503A1000B4F8EE1061B994F90510000440A7
:20814000EA012021790422084300906946384664F77DF86079A87185F807B0D1E768F70B34
:20816000FDCEE7AB1DEA1D691D002068F71DFD20790128C5D1AB1DEA1D691D68F715FDBF82
:20818000E72DE9F05F4FF0000A00F1090782F805A01546808901215BF702FF06000DD0303E
:2081A000688C4901EB4014203C09F776FDF1690C22C1F3C4030A2B33D103E002206871BD9C
:2081C000E8F09F96F8B930C3F3C303032B28D1090426D497F805C0217811B1BCF1000F1F7D
:2081E000D151EA0C011CD0B979B7F80790B7F809B04FF01208BCF1010F0FD813D169B1B9E6
:20820000F1000F0AD0C38E4A1C40F271277A435343B6F85C207A43934204D985F80580CE47
:20822000E76A710301F401403B1000CCE784F800C0BCF1000F02D04FF0010201E04FF00019
:2082400002627035D0A170E170A4F80490A4F806B0828E2281C28E01F1010102FB01F26218
:2082600081818EA181C08EE081206958B94FF01800FDF643FA206160B13268584963F793C2
:20828000F8206930B14FF47A7009FB00F1206963F75FF86069002896D11820FDF62EFA6015
:2082A00061002890D03268BDE8F05F4C4963F77BB8028CA1898A4203D1428CE3899A420BAC
:2082C000D00184E1894184A1898186E189C186C4F81CA0012180F82510206930B163F752DB
:2082E000F82069FDF6CAFAC4F810A0606900289AD063F748F86069FDF6C0FAC4F814A0629D
:20830000E770B5374C05462078012823D1606900680FF7C9FBA06900680FF70301F4013033
:208320003C1000C5FB2078012818D100216DB9607801280AD1606910B1A289A0F89C20A0BB
:208340006910B1E289A0F89C206170A078012805D12748026842F480320260A170BDE87003
:20836000401C21214862F749BA2DE9F041878900F109041646012138465BF719FE05001AE2
:20838000D06179286800220FF73DFF61790022284688F782FB1548017801292BD161790003
:2083A0002928D14169A94202D08069A84222D1BDE8F0410020A8E7384650F7B7FE1225F048
:2083C000B1384650F7B3FDD0B161790129C16B13D021F400010DE0FE482000E0D82000089A
:2083E0002A2000A0C1210043D0000084C1210098432000C163BDE8F08141F40001EAE77587
:2084000071F8E770B56A4C0546207801280FD1606900680301F401203D10005CF766FAA853
:208420004201D1606970BDA06900685CF75EFAA84201D1A06970BD002070BD70B5044680E8
:208440008801215BF7B8FD0546E08801215BF7B3FD3DB330B3A84224D02968012202FA0132
:20846000F3564909680B421CD003689A400A4218D021894FF40062914213D2618991421073
:20848000D2A18924290DD8E289242A0AD80623B1FBF3F403FB141121B9B2FBF3F103FB11BA
:2084A0002109B1002070BD4349C1E90550012070BD70B500F10904007B154670B32046FF3A
:2084C000F7BCFF70B33E493B4D4FF001060868C20303D5AE7020F4803008606869B0F89C06
:2084E00010A981AA69B2F89C10E9812389AB806189E980A0F89C30A2F89C106E70A189296A
:2085000081E1896981E178297000680301F401103E10000FF7CDFAA8690068BDE870400F2B
:20852000F7C7BABDE870400020F6E61220687170BD10B5007B2549C006000E244C087002CE
:20854000D00120207010BD5021224862F77CFD0020F7E770B504460D461646808901215B7E
:20856000F72EFD80B10021A0F84811A0F84A1190F8552122F0010280F85521A0F84C11A00D
:20858000F84E11C0F85811324629462046BDE8704068F759BF0A4B09300C3BC1781960497A
:2085A000B15968C2F806109968C2F80A10C07808B1022802D10020586098607047000084AB
:2085C000C121003C3A200098432000932820002DBA21006F73200010B514465BF7D3FBA064
:2085E000710748408BA4F807005BF7ECFB607204480088608104480088A08110BD0000C407
:208600006C20000301F401003F10005A28200004C1210010B562F798F8F248016941F0017A
:20862000010161016841F001010160EE484FF001010160ED48016821F07F010160EC48013D
:20864000684BF6FF7201EA02010160E948016821F400410160E848016821F400410160E62A
:2086600048016821F0080141F001010160E4494FF4C040086010BD2DE9F04F99B000F1095E
:2086800004B0F81100019060894FF0000ACDF828A00090D9481546383800680D90D848002C
:2086A000680B90D24800680E90D148503800680C90D248303800680F90CC4800681090CC81
:2086C0004800681190CC4800681290CC483C3800681390C648683800681490C74800681552
:2086E00090C348443800681690C348A43800681790C148503800681890E0780301F401F07D
:208700003F1000022813D090B1616859B1DDE90002904207D3207BA0F19702682A02D31732
:2087200038742807D21220687119B0BDE8F08F0C205071F9E7DDE90002861A761CB3487161
:2087400043814202D390FBF6F0606093F72EFC0020A0F7A5FFAE4F387F40F001003877A0CA
:20876000F787FF387F20F001003877A4F79EFF002169710120A8702088A5F80300E078A851
:20878000712E7208462A18401C51724F28FADB207BFF281ED0010622D5974A443A11680047
:2087A000F01F009B4B00EB400021F4FE4103EB002001431160924A503A106820F07F0120F4
:2087C0007B00F01F0000EB400003EB0020014311600AE08B483838016821F0400103E04016
:2087E000F040018748383801600020CDE90200CDE904000301F401E0401000019FB4E0A712
:20880000F51660C0B240F08001854801608548016821F4E04141F480410160FFF702FF4F93
:20882000F4BE70FFF68BFB0020CDE90600CDE90800814672485038016841F0400101600CB0
:2088400020FFF67CFB00205EE07048016841F0080101606A486838016841F48071016069C7
:20886000499C39086840F4404008600868C0F30E000860C0F30D00042802D26FF077001609
:20888000E04FF0FF3B5946012093F72FFA06465946012005F0EFF8B6F91600002801DD4019
:2088A0001D00E0401FF08200B200121B2814DA0A9909F10109491C00B20A91BAF7F4FE06F3
:2088C0004602468B460B4602A8BAF73CFF32465B4606A8BAF737FF04E04FF07F0A0C20FFCD
:2088E000F62DFB46486838016821F40301F401D0411000807101604648016821F008010130
:20890000600120FFF61FFB82F720FA08F101006168804641459CD83F490B9808603A490C8F
:2089200098503908605FEA09000BD0014606A8BAF729FFBAF7E3FE3D4991F9071001EB000E
:208940000A02E01420FFF6FEFA2C48016921F001010161016821F0010101604FF01400FF88
:20896000F6F1FA0199791A29447F1C81F809A0BFB2009887427FF647AF26490D98383908F5
:208980006025490B9808601F490E9808601E490C98503908601F490F98303908601949103A
:2089A0009808601949119808601949129808601E49139808601448149968380160154915D9
:2089C000980860104916984439086010491798A43908600E491898503908600A9830B101E2
:2089E0004602A80301F401C0421000BAF7CFFEBAF789FE82461048C17901EB0A00E8719F7E
:208A0000E6000060016500BC0160006404410034064100F00741008407410060044100FCC4
:208A200004410040B56400C46C200000DFFFFF04016000C0044100732C200010B500F10983
:208A40000488B008236A46E11C3648A5F7DDFF0028208808D0002113F7D2FC694600200D8F
:208A6000F7DBFF08B010BD122113F7C9FCF9E710B514465DF7DBF910B10C20607110BD00EC
:208A8000231A4619460220A6F71CFDA6F785FD50F7B0F8BDE81040FCF7F7BF7CB5154600E4
:208AA000F109045DF7C3F908B10C2035E0606800902089ADF80400E17800226846A6F7C27C
:208AC000FF064680282AD2E1780023221D0120A6F7F8FC3046A6F763FE134E0301F401B0BC
:208AE0004310003068810201D4000218D511480068A8B1E1780022684650F797FE04460DCE
:208B000048007884420BD2204650F7FBFE3068000205D50948006810B12046FCF7DFFF0027
:208B20002068717CBD1220FBE700008C3A210018472000582B2000302B200068B921001019
:208B4000B5144641F7ABF914F82F0F40F00800207010BD0120704701209071144890F84B22
:208B600001D0717047134810B50188D1801049144622310A782272007AA4F80900887D01C1
:208B80002811D186F7FAFC90F8B0000A280BD2DFE800F00A050A0A050505050A05B4F8095F
:208BA00000801EA4F809000120A4F80B0010BDE86D2000BC2B20002DE9F04100F10904E03C
:208BC0001C5BF75DF9050015D02F6A0021204621F73AFD0301F401A0441000064620883166
:208BE0004613F715FC002E0FD10321384635F7AFF92868BDE8F041052117F760B92088BD78
:208C0000E8F0410C2113F703BCBDE8F081F8B500F10906808901215BF7EEF9777904004FDB
:208C2000F0000506D0354920680978884203D9122505E0022503E0A06B002800DB1A253099
:208C400088294613F7E4FB002D0CD1E069C0010AD504F13C00009094F83C313A46002120C6
:208C60004614F7F1F8F8BD39462046BDE8F840A2F7A2B82DE9F041878900F10906857B00F9
:208C800024384650F776FA68B1384650F773F948B3418F39B3416C890618D42A4622210C93
:208CA000F7E6FB20E00F2138465BF7A5F960B10168183902290CD8D0F8E410490208D590F0
:208CC000F8A600162802D00EE002240301F401904510000CE017240AE0052D0ED0A5F1132A
:208CE0000102290AD91A2D08D0292D06D0122430882146BDE8F04113F78EBB2946A1F71F76
:208D0000FDF5E72C28200070B540F75AF8104C0025606998B120690AF77AFD60690AF77783
:208D2000FD0C480068FCF6D5FD002084F7CCFB0948016841F00301016008480560084805FA
:208D400070FCF7AEFEBDE8704006F027BF000058282100C4432000E88A310010843100C0E3
:208D60004320002DE9F04F87B00446D1F8008000200290039020790490FF48FF270D46003F
:208D80006800020ED5DFF8F4A3DAF8000048B1DFF8EC93D9F8000020B15DF754F820B10CD8
:208DA0002096E01120096894E0B4F81510B4F81300CDE90001B4F81130B4F80F20B4F80D3F
:208DC00010B4F80301F401804610000B00A6F77EFA18B1B4F8150010B111E012207CE0001E
:208DE0002061F73DF9E949983091F82810484300F5EC7040F27121B0FBF1F0A4F81500B479
:208E0000F8130018B9E2480188A4F81310D4F805100291B4F80900ADF80C0005AA02A804CD
:208E20009950F70FFDDB4904F117024FF0070B09780092884279D20646FCF73EFE0028DA1E
:208E4000F8000006EB860700EB870004F10B0100F106004FF00C0233D05EF731FA40B9D990
:208E6000F80000072200EBC60000995EF728FA40B1DAF8000000EB8700807C50F7BDF810D3
:208E8000B129E0172028E0DAF80000D4F80B1000EB8700C0F80610D4F80F10C0F80A10D44F
:208EA000F81310C0F80E10D9F80000D4F8171000EBC6000160B4F81B1081800301F40170AA
:208EC000471000617F817124E05EF7FDF9E8B1DAF8000000EB8700807C50F792F828B10B8C
:208EE000202968487107B0BDE8F08FDAF80000D4F80B1000EB8700C0F80610D4F80F10C089
:208F0000F80A10D4F81310C0F80E1031460098FCF7E4FDD9F80000A14990F840000978088B
:208F20001A88F8070088F80860296881F801B0D9E7FFE7059E8E4218D2002202A80499A6DB
:208F4000F795FD802801D2074608E09548807E80280BD2072202A80499A6F7AEFB3B46320F
:208F600046601D049950F7B2FCCFE7296881F805B0B8E72DE9F04705460E460C6862F7844B
:208F8000F8814F44F210026B68396813401140994208D08449096829B10C216171BDE8F04A
:208FA0004762F776B862F774F83868000706D5686800070301F4016048100003D40021011B
:208FC0002050F7CDFA7B4968681125096888426AD879493860096811B920F040003860DFC0
:208FE000F8D881D8F800000028386802D120F008003860C00704D047F7A0FA38B90120037D
:20900000E047F79BFA10B1002048F741F838684FF00009800306D462F73BF8684A82F8083F
:209020009062F73AF8D8F800000028386802D120F00400386000F004004FF7B8FB3868C0B1
:209040000502D5012072F75CFE38684FF00108C1035C4807D55C49097811B180F80080053F
:20906000E0657103E0007808B192F7A5FB38685649420307D5564A127812B181F8008003B4
:20908000E0657101E081F80090C1025148016802D541F0010101E021F0010101603168056E
:2090A000204870BDE8F0876571FBE70301F40150491000F0B5384F04468BB038680D4600BE
:2090C0000208D53648006828B147F777FF192801D3072006E0217D04F115004EF798FC207B
:2090E000B11220296848710BB0F0BD2088C0F30900A0F58071553901D1394E00E0394E386B
:2091000068C00705D047F71DFA10B9012047F7C3FF207D8DF80000D4F81500CDF80100B48F
:20912000F81900ADF805001022211D0DF1070062F70AFE10210DF1170061F7B5FF3146686D
:209140004647F7FAFE296810F0FF004871CBD12860C9E72DE9F0418CB000F10904CDF82808
:20916000D08846007B1299002705266D468DF805708DF80160884200D30020012846D00248
:20918000284ED0492847D003EB80000AA90268204690470A9927E018472000582B20006805
:2091A000B921000301F401404A10002447200036442000302B20006CB92100607720004025
:2091C00044200004BA2100542B2000502B2000402921002D4620002C462000C9512000C564
:2091E000512000702B200061310A0091310A0000290DD0487905281CD020469EF74FFA0AAD
:2092000098417901B14670A84216D113F7C1F80CB0BDE8F0810AA92046FFF7B7FEBDE70ABC
:20922000A92046FFF7B2FDB8E70AA92046FFF745FFB3E788F80070EAE7083812F7CEFFE631
:20924000E738B5037B302B06D04A230093064B1B68FFF783FF38BD044C01232370BDE83866
:20926000409EF726BA00001C4720006E29200030B512B153001BB200E0012304680029019D
:20928000DD20120AE0A51895FBF3F5511A91FBF3F1641B21440160803108120301F401308C
:2092A0004B1000404240B230BD2DE9F0470646424801784078494240424FFA80F94FFA8105
:2092C000F896F8A4005AF7B0FB0446304692F715FD07463146002004F0F9FBB7F916004F2C
:2092E000EA202536480068400717D5354996F8A4300122097894F8A40049429A40324B4947
:20930000B21B681A4209D08D4207DA84F8A2007CF7FEFF014620465BF72EFC454505DAD43F
:20932000F8000140F04000C4F800014D4504DD002D02DAD4F8000105E0D4F8000120F0807C
:2093400000C4F8000140F48070C4F80001B7F91610102207F11800FFF78EFF86F81301BD85
:20936000E8F08730B5044685B090F8A4005AF75CFB2146002092F7E5FC1449054691F90033
:2093800000032815DC401C08700C20ADF80000684601940301F401204C100016F7EBF87DE7
:2093A000F7CAFC0C4A014694F8A4001268C0EB001002EBC00000F8741CB5F9160005B00040
:2093C0001230BD732C200098432000202820003C3A2000C4442000F03D20002DE9F047060E
:2093E000000ED03048007886420AD830465AF720FB040002D0E069C00204D4FF20BDE8F0A6
:20940000872020FBE7B4F86490206D20B162F702F8206DFCF67AFA204618F784F9206816CF
:20942000F787FDE0694FF00008000407D420681E49072801D2087001E081F800801C48009B
:2094400068012817D120465BF7F9F9012812D100252F46681C5AF7ECFA28B1A04203D05B9F
:20946000F7EDF9012806D06D1CEDB2072DF1D30FB918F741F94FF4E671204661F720FE0C5D
:20948000493046096801EB860141F80301F401104D1000048C5BF70AF85BF7BAF90022116E
:2094A0004630460EF7F7FE5AF717FE4846AAE72C28200033282000603A2000402820003808
:2094C000B5044624484068817B012902D002290CD018E00169E16341692164C17B84F83CB1
:2094E00011E16941F08071E1610CE0016961644169A164C17B84F83C1194F8F71041F0809A
:209500000184F8F710E169C1F3C401082909D300F110010091C37B827B0021204613F7B7E1
:20952000FC38BD807B01280CD194F8F700000608D494F83C01022804D302212046A1F75F8A
:20954000FC02E02046A2F7EBF804F13C012046BDE8384013F7DAB9780E21002DE9F0410EFD
:2095600046B0F8D01000F1B8044A0413D4A279FF2303EB5203B0F8D41001229A4011427867
:20958000D190F80301F401004E1000D7005AF758FA10B1C069000473D50D2024E000F5AA9B
:2095A00075C1F301004200D220D040E27A00F00300904201D01D2016E06088C0B14FF4C8B4
:2095C00062A3794243B2FBF3F26B689A420AD122888AB14FF4C863A7795343B3FBF7F32F9C
:2095E00068BB420BD0202030600520BDE8F0816A68002AF7D1EBE72B68002BF3D1CB439B5F
:20960000070AD0890608D5A02801D96868B0BBA02A0CD9286890BB09E0AA2801D969681917
:20962000B9AA2A03D9296809B1F02834D1207A33F718FE6989084223D0607A33F712FE69D3
:209640008908421DD0607A07281CD026281AD0C8B1372817D00321207A072815D02628132B
:20966000D090B1372810D003200E18288933F729FBA179B1420AD10020B7E70301F401F0C3
:209680004E10000EE00BE0FFE70420B2E70121E6E70120EDE7E27911443144814201D90347
:2096A00020A7E70120A5E72DE9F05F10F792FF00287AD0FE48FF494FF000098078DFF8F843
:2096C000A3484340F27121B0FBF1F80125DFF8ECB347E028465AF7B8F9040041D0E069C1B2
:2096E000023ED581023CD4C0F3C400082801D00A2836D120465BF7B3F918B194F83701C060
:20970000072ED128460EF733FC404502D984F8669026E0E8B22146064614F702FD304614E8
:20972000F77AFC060066D028465AF7C8FEE449085CB0B10AEB0507717897F8EF0381420FCC
:20974000D097F8C30360B194F85700C00708D031792046A1F7D7FF87F8C393707887F8EFA8
:20976000036D1C9BF800008542B3D9DFF854B318244F460301F401E04F1000564604EBC441
:209780000000EB04110BEB0115A5F51655B5F8D000C00411D595F8D7000EF7EDFB404508B3
:2097A000D9D5F8E400C0F38140304480F8C07303E024E0E0B214F751FB641C1A2CDED9C37C
:2097C0004C2078C0B1D6F8B803B042BC4801D100F5DC704FF4DC71C6F8B80361F780FCBC09
:2097E00048D6F8BC13814200D124302421C6F8BC0361F775FC2770B74901200870BDE8F04C
:209800009F10B5B14B002101EBC10202EB011203EB0212B2F8D040E40408D592F8D7200412
:2098200068A24203D1AD4800EBC10010BD491C0329E9D3002010BD7CB505460E4690F8A464
:20984000005AF706F9040045D0A5490878304341D0012E40D000250D70B4F8440118B1B45E
:20986000F84811814206D2B4F850010301F401D0501000E0B1B4F84C11814218D9D4F85864
:2098800011B4F84E01CDE90001B4F84C31B4F84A21B4F84811204614F7D4FDA4F84A51A4A3
:2098A000F84851A4F84E51A4F84C51C4F85851B4F8460138B1B4F84A11814203D9A4F84AD6
:2098C00051A4F84851B4F85201002807D0B4F84E11814203D9A4F84E51A4F84C517CBD9518
:2098E000F89000C0F3C3000228F8D90928F6D094F856017D4940F0400084F8560109780803
:2099000029ECD140F0800084F856017CBD10B590F85611B0F84A21C1F300031A44A0F84AE7
:2099200021B0F84821C1F380031A44A0F84821B0F87421C1F340031A44A0F87421D0F85880
:2099400021C1F3C0031A44C0F85821B0F84E21C1F380131A44A0F84E21B0F84C2102EBD14A
:2099600012A0F80301F401C05110004C2190F85721B0F88E31C2F340042344A0F88E312276
:20998000F0020280F8572121F0080180F8561110BDF8B505460E4690F8A4005AF79BFDC7F5
:2099A000B295F8A4005AF75CF8040033D0B4F85C0138B9384658F748FA4FF6FE710840A46F
:2099C000F85C0195F821010021012824D0102E21D18DF800102068694697F7C1FE012819BA
:2099E000D1D4F870119DF900000144C4F87011B4F86E11491CA4F86E1194F96D1109B18140
:209A00004201DA84F86D0194F96C1109B1814201DD84F86C01F8BD012E10D0364F022E1A5E
:209A2000D0082E7DD0102EF5D18DF800100E462068694697F794FE01287CD095E0E87B281A
:209A4000B994F8560120F0E70084F8560194F8560140F020006BE0E87B38B10301F401B02D
:209A6000521000012850D1244800780C284CD00D284AD020480078012814D194F8560100E6
:209A80002240F0010084F856010121204614F7EDFD95F82901022805D194F8560140F00455
:209AA0000084F85601E87B01282ED194F85601C00605D42046FFF732FFE87B012824D19424
:209AC000F85611B4F87601C1F3401108441AE0642C200040420F00700921002C282000A8C2
:209AE000572100881D2100FA3B2000E00C2100FB3B200040C42100F43B2000F73B2000C9E1
:209B00004B200011E0A4F876013878012886D169F7C2FF04EB4001B1F87C21521CA1F87C8C
:209B20002184F85F01F8BD09E0E87B0128FAD194F8560120F0E70084F85601F3E7D4F87070
:209B4000119DF900000144C4F87011B4F86E11491CA4F80301F401A05310006E1194F96D3B
:209B60001109B1814201DA84F86D0194F96C1109B1814201DD84F86C0195F890000006051C
:209B8000D494F8570140F0020084F85701E87B88B994F85601C00604D42046FFF7C3FEE8DD
:209BA0007B40B994F85611B4F87601C1F340110844A4F8760138780128B8D195F89E00002A
:209BC00028B4F8820114D0B4F88611884201D9A4F88601B4F8841109B1884201D2A4F88488
:209BE00001B4F88001401CA4F88001A4F882619DE7401CA4F8820199E710B500EB8003018C
:209C0000EB830112F82040B1F8123103EBD413A1F8123112F82040B1F81031C4F38014230C
:209C200044A1F8103112F82040B1F80831C4F380042344A1F8083112F82040B1F80A31C434
:209C4000F3C0042344A1F80A3112F80301F401905410002040B1F80431C4F300042344A11A
:209C6000F8043112F82040B1F80631C4F340042344A1F8063112F82040B1F80C31C4F30034
:209C8000142344A1F80C3112F82040B1F80E31C4F34014234402EB8000A1F80E314278B1FF
:209CA000F81631C2F340021A44A1F816214078B1F81421C0F300001044A1F8140110BD0028
:209CC0002110F8212022F0FF0200F8212000EB8102491C5378C9B223F0030353700229EFBF
:209CE000D3704770B50546C3480C460078012820D169F7D9FE95F871100029B4F8821101CD
:209D0000D0491C12E0B4F88621914201D9A4F88611B4F884210AB1914201D2A4F88411B452
:209D2000F88011491CA4F880110021A4F8821184F85F0170BD2DE9F0470446806C8946005D
:209D40002590F80301F40180551000A40059F798FE07006FD016F7BFFB5FEA00086AD0381E
:209D600046FFF766FD06007CD0A06C90F8A4005AF7C1FBB7F85C11C0B231B958F775F84F2A
:209D8000F6FE710840A7F85C01D8F8000194F86C10884200DD0125B9F1010F0FD0B9F1022F
:209DA0000F38D0DFF85CA2B9F1080F5CD0B9F1100F57D194F82C0002287ED0C7E0E07BA8FF
:209DC000B90121204659F791F9C8F8000194F86C10884201DC002500E001253046FFF773EE
:209DE000FF06EB8500417841F00201417094F86F00002836D094F87100002832D194F83043
:209E00000010F0780F2DD02A463846BDE8F047002114F737BC94F86F0068B194F871005074
:209E2000B994F8300010F0780F05D016F8250040F0800004E015E016F825000301F40170F9
:209E400056100040F0400006F825006E480078012808D169F730FE07EB4000B0F87C11499B
:209E60001CA0F87C11E07B012877D0BDE8F087E07B012815D10121204659F73BF9C8F80084
:209E80000194F86C10884201DC002500E001253046FFF71DFF06EB8500417841F0020141BB
:209EA0007094F82C000228E0D09AF800000C28DCD116F8250040F0040006F82500D5E7FFE8
:209EC000E79AF800000C2824D094F8280094F83020C0F30201C2F3020291421AD110F078AC
:209EE0000F05D116F8250040F0080006F8250094F82900C00716F8250008D040F002000630
:209F0000F8250094F82C00022803D023E040F00100F5E794F8280094F83020C0F30201C257
:209F2000F30202914216D194F85910C0F3C300884210D10301F4016057100094F82D0002DF
:209F40002816F8250002D040F0100001E040F0200006F8250039462046FFF7CFFEE07B003D
:209F60002887D1324641462846BDE8F04754E610B516F7B9FA002303EB830100EB8101B1A6
:209F8000F80441B1F81621944201D9A1F80421B1F80641944201D9A1F80621B1F808419450
:209FA0004201D9A1F80821B1F80A41944201D9A1F80A21B1F80C41944201D9A1F80C21B13E
:209FC000F80E41944201D9A1F80E21B1F80A41944201D9A1F80A21B1F80A41944201D9A115
:209FE000F80A21B1F81241944201D9A1F81221B1F81041944201D9A1F81021B1F8144194C0
:20A000004201D9A1F814215B1C022BB4DB10BDC84B2000F73B200070472DE9F84F05460C66
:20A020004616469846184659F733FD0301F40150581000834661F770F84FF0010909FA0834
:20A04000F7DFF8E8844FF0000A0090012E06D0042E04D0022E3DD0032E76D03FE0288CA1BA
:20A0600089884203D1688CE189884203D085F82590C4F81CA0206961F701FA284658F74932
:20A08000FF10BB09E0A0892884E0896884A089A886E08957E0667021E0284659F724F91822
:20A0A000B9284658F7C5FA60B195F825000028F1D06670A0892884E0896884A089A886E088
:20A0C0008957E0284659F709F995F825000028E1D0D8E76078032806D0022804D00098BD8A
:20A0E000E8F84F61F71DB8288C2189884203D1688C6189884203D085F82590C4F81CA06083
:20A1000078032810D1E18899B14FF47A704143206961F79AF9BBF85C0040F2712148434144
:20A120000860690301F4014059100061F791F9284658F7F3FE98BB0CE02069FE49ECE7201A
:20A14000892884608968842089A8866089E886A5E72AE0284659F7CBF818B9284658F76CB6
:20A16000FAC0B195F82500002898D0667020892884608968842089A8866089E8860098600C
:20A18000F7D3FFD8F80000074228463BD0BDE8F84F58F759BA284659F7A4F80028D7D09558
:20A1A000F825000028CBD179E7206961F76BF9606961F768F9288CA189884203D1688CE146
:20A1C00089884203D085F82590C4F81CA095F825000028BCD0284658F7A0FE00287FF47CD7
:20A1E000AF284659F784F818B9284658F725FA68B1A0892884E0896884A089A886E089E8DE
:20A20000866670BBE7BDE8F84F59F738B9284659F768F83BE770B5064607F70301F401303B
:20A220005A1000C2FD0546C648C74900EB461428680968203C884216D160F776FF21787163
:20A24000B160F776FF60698168490701D561F71EF9334621462846BDE870400422E8E6BDE6
:20A26000E8704060F765BF70BD2DE9F041064659F71BFC0746304607F797FD0546B148B15A
:20A280004900EB461428680968203C88422CD160F74BFF2178B1B160F74BFFB7F85C004084
:20A2A000F2712148434108606961F7D6F8607801280CD0042816D0334621462846BDE8F085
:20A2C000410222B5E6BDE8F04160F732BF20698168490709D4A188BDE8F0414FF47A725142
:20A2E0004361F7BAB801206070BDE8F08170B5064607F75AFD05469248934900EB46142816
:20A30000680968203C884216D160F70EFF217871B160F70301F401205B10000EFF60698106
:20A3200068490701D561F7B6F8334621462846BDE87040012280E6BDE8704060F7FDBE7086
:20A34000BD70B5064607F734FD05467F48804900EB461428680968203C88422CD160F7E81D
:20A36000FE217851B160F7E8FE20698168490701D561F790F8E08820B106E0BDE8704060BB
:20A38000F7DBBE607802280CD060698168490701D561F780F8334621462846BDE870400301
:20A3A000224AE6606980684007F4D52069BDE87040654961F755B870BD70B5634901EB406F
:20A3C00014203C60F7B5FE06462069002528B161F761F82069FBF6D9FA2561606928B161A9
:20A3E000F759F86069FBF6D1FA6561207808B1257065703046BDE8704060F79EBE70B50D5F
:20A4000046524901EB4014203C60F70301F401105C100092FE002121706170E581BDE87065
:20A420004060F78EBE2DE9FF47012680460027DFF828914CE0304607F7BFFC04004548004D
:20A44000EB4615A5F1200541D0204658F7D8F8E8B3A17B41453AD194F824008DF8090020BF
:20A460008CADF80000608CADF8020068464FF74AFB2084A08EADF80000E08EADF8020068EB
:20A48000464FF740FBA08694F8430048B1208FADF80000608FADF8020068464FF733FB20DB
:20A4A0008795B1287880B12D48006800020CD52889ADF800006889ADF8020068464FF7223A
:20A4C000FB2881A08EA881EF6184F82470761C99F80000401C8642ADD3BDE8FF872DE9F029
:20A4E000410446806A1B49022690F8A400E28E01EB4015203D94F82410A08E334651F7E78B
:20A50000FAA0860301F401005D100094F8430038B1628F94F82410208F334651F7DCFA20E6
:20A5200087114F75B1287860B13868000209D56A8994F824102889334651F7CDFA2881A0A8
:20A540008EA881628C94F82410208C334651F7C3FA0BE038402000D0121300A0C121006012
:20A560003B20002C28200098432000208404F8246F01206070002D07D02878002804D03815
:20A5800068000201D50020E861BAE62DE9F0410446806A0F46D04990F8A40001EB401620FB
:20A5A0003E204652F78BFE062020752068416831B120468847207D062801D00D2811D1016E
:20A5C000216175E269B261F16104F11C05F869022157F740F82860391D201DBDE8F0417251
:20A5E000F74FBA8DE62DE9F04115461C460646884657F7FFFB0746294630460301F401F067
:20A600005D100057F7FAFB06464146284657F7F5FBA04207D2B7FBF4F0B6FBF4F188420159
:20A62000D0012071E600206FE62DE9F041AD4872F736FA002861D1DFF8ACC2A84BAB4CDC23
:20A64000F80010886A90F8A40003EB4016203E2660DCF80420906A90F8A40003EB4015202B
:20A660003D6560DCF80800876A97F8A47003EB4717203FA7603378012B1ED0CB8E2E7801F1
:20A680002E1CD0D68E3D78012D1AD0C58EB34234D1AE4232D11C311C321C30E160C4E90456
:20A6A000206646126809680068FFF7A0FF50B13168B068BDE8F0416CE7F389DFE7EE89E171
:20A6C000E7FD89E3E76068C069012816D1206901686069006857F791FBA8420ED96068218B
:20A6E000698069086061680020C861706852F7EAFD70680301F401E05E1000BDE8F041523F
:20A70000F7D6B805E62DE9F05F804601687A48002634460068B346814252D1D8F82800DFB5
:20A72000F8C4A190F8A41070480AEB4117203F72F7BAF90028F0D16C48056832E0281F811C
:20A740004658F7D7F810282BD1D9F82810484691F8A4200AEB42113A7820390AB1FA8901EB
:20A76000E0B8F836200B780BB1CB8900E0C38E9A4216D1032C08D05F4A0368126893420FF3
:20A78000D14978022903D007E00020BDE8F09F57490C3941F82600761C554941F8240064B9
:20A7A0001C2D6851488542C9D1032C01D14FF0010B7878022804D14E4C022E02D0032E42A4
:20A7C000D08EE04A4E0C3E3168886A90F8A4000AEB4012203A22607068856A95F8A4500A2D
:20A7E000EB4513203B636052895B890301F401D05F10009A4278D11C311C30C4E90310097A
:20A8000068006857F702FB04286ED96068C189206900680FE00146284657F7F7FA04280692
:20A82000D820690560706852F755FD70685AE06068C189284657F7E9FA0546E0680068A879
:20A8400042E8D3294657F7E1FA0428E9D94CE0294F0C3F3968886A90F8A4200AEB4213203D
:20A860003B23607A68926A92F8A4200AEB4215203D6560BA68966A96F8A4600AEB46102061
:20A8800038A0605B896D89AB422ED1408985422BD11C321C316261E1600968106857F7B5A3
:20A8A000FA042821D9A068C1896069006808E00146284657F7AAFA04280ED9A068C18928D9
:20A8C0004657F7A3FA0546E0680068A842EFD3294657F79BFA042807D860690560B86852A3
:20A8E000F7F9FC0301F401C0601000B86851F7E7FF584652E70000A0C121000028200064F0
:20A90000C4210008BA2100603B20002DE9FC5FFE48FD4DFE4F00682C68C00316D5ACB1203F
:20A920004658F71BFB88B194F8210170B1D4F8A00058B1F749D4F8F8000968084205D13921
:20A9400078B5F93400494288427DDC694601A80EF716FDDFF8C0932860ECB1A04216D099CF
:20A96000F800004E4601280DD1706900685AF755F8A04205D0B06900685AF74FF8A04201B2
:20A98000D1582001E0E5480078A07404E0009810B920460EF7E5FCDFF884B328684FF00165
:20A9A0000A4FF0000820B1A0420DD00EF7ACFC08E0D5481830064631F723F810B9304630BE
:20A9C000F7BDFF286808B10098E0B3A5F8348085F83A802868474690B300980301F401B027
:20A9E00061100080B399F800004E4601282BD1706900685AF716F82968884206D0B069007F
:20AA0000685AF70FF8296888421DD1A14202D191F8270140B1706900685AF703F82968882F
:20AA20004204D130890AE085F8397009E0B069006859F7F7FF2968884202D1708985F839A9
:20AA40000095F83900A88685F83BA001E009E081E09BF8060000287DD095F8390040F080FB
:20AA60000189E095F83B0058B1012685F838801CB194F8220184F82301286890F822111BBD
:20AA8000E0019810B301260EF752FA10B1A748077800E03F7895F83A00B84213D896F709FA
:20AAA000F8C04380070BD085F83880286B70B190F82311B9420AD2891D80F8231106E08500
:20AAC000F838A0F2E785F838A000E00026474685F83B800301F401A062100016B185F83A24
:20AAE000702F6395F8380018B1042128680EF70EFA28684E4690F8221190F82301084485A8
:20AB0000F8390099F8000001282BD17069006859F78CFF2968884201D1308907E0B069004C
:20AB20006859F783FF2968884202D1708985F83900BCB1A14215D191F8270190B9706900F5
:20AB40006859F773FF2968884206D0B069006859F76CFF2968884204D1062000E012E085B1
:20AB6000F83900286800F59270077047708770C770077195F83910A9869BF8060010B10EDC
:20AB80002055F76AFA0120BDE8FC9F2DE9F04158F7E8F90027604E01280DD07068002859D9
:20ABA000D03168884204D102210EF7B0F90EF7DEFC7760BDE8F0810024DFF87C810EE060AA
:20ABC0001C59F733FF050008D057F70301F4019063100035FD28B195F8210110B128460BBC
:20ABE000F751FC641C98F800008442ECD3306840B196F83A10891C86F83A1058F78BFB18C1
:20AC0000B10BE00EF7B7FC14E058F7ACF928B158F7A9F957F782FE012809D0444801780158
:20AC20002902D1C178012912D0B08E801EB0860EF70AFE30680028C0D016F83C0F801E402D
:20AC4000B230700028B9DCBDE8F0410EF768BB96F83A10891E86F83A10C770E8E7BDE8F005
:20AC6000410EF7F1BD70B5044657F712FDC8B1E1690122204618F76BFA294818300646301F
:20AC8000F7CBFE264D40B1AFF2F700286294F8A4006862304630F725FE286848B90EF76AB4
:20ACA000FC06E0204658F7F1FA10B120460EF718FD204658F7EAFA20B9204658F7F2FA00BE
:20ACC0002803D00301F401806410004FF0FF30C4F8F00070BD2DE9FC5F04460F4690F8A409
:20ACE0000058F70EFF00260546012F05D184F8976084F8156184F81661204690F76BFA7067
:20AD0000B1A07B57F716F9012156F7C4FCE17B69B3002294F8A4104BF7DCFE00287DD00C64
:20AD2000F7D7F812E000002C12210098432000B63C2000D83C200084C12100E43C2000888D
:20AD4000FD2000B73C20002C282000DFF80CA478B10DB185F89461A681E07BDFF80094B8CA
:20AD6000427CD00BF7F6FFFE4D80BB2CE00122D0E79AF81600574618B11821322055F77489
:20AD8000F994F89000400701D056F70BF9002D66D095F89401F449401CC0B285F89401098A
:20ADA0007888425CD985F89461B87D18B12721322055F75AF90021012058F70301F4017079
:20ADC00065100077FC2046BDE8FC5F55F70BBFE87C000704D594F8980040F0800103E0947F
:20ADE000F8980020F08001E24884F89810007841080AD0C00794F8980002D040F0800101DA
:20AE0000E020F0800184F89810204670F707F8E87CA846010704F19000019001D408F75439
:20AE2000FA00E026E02046FDF79CFB074694F8A40059F71BFED04D9FB390B3016881B34AC2
:20AE40007DD2072ED1CD4A538E8A68B3EB124F28D394F89E308BB10021204658F798F89429
:20AE6000F8981001E050E27AE1C1F3C301695C814217D9BDE8FC5F56F798B890F823300458
:20AE80002B0FD1498AB1EB124F0BD2C4F8A06001680A8A4B8AA2EB03020A8200684682E836
:20AEA000E7FFE7D4F8A0000127D0B194F89000000616D50301F4016066100094F83501987A
:20AEC000B9204658F71CFA60B9E07B012809D1AD4890F83B1029B90068A04202D094F89E87
:20AEE0000010B16FF7B1FFE8B3B4F898005D4660F30F05E07B4FF0030B01280ED094F81443
:20AF00000188B3B4F80401042849D394F81B01022845D394F81E0138B341E025F07800606E
:20AF2000F30705C5F3072020F07C0060F30F2584F81BB1204658F7E3F980BB92480168A128
:20AF4000423DD1914AD4F8F8101268114237D194F89410022933D194F89010C1F3C3010119
:20AF6000292DD802E049E01AE003E084F82471446025E0A07B0CF780F828B18449B4F80415
:20AF800001098888420BD225F0780060F30705C5F3072084F81BB120F07C000EE00FE025D7
:20AFA000F0780000F1080060F307050301F40150671000C5F3072020F07C0084F81B71009E
:20AFC000F1040060F30F257449A8B200958346086084F89C7098F81300000706D40023C524
:20AFE000F3C3011A46012008F72FFB84F829619AF80400002804D04FEADB01012055F74096
:20B00000F83BE1E07B28B984F81B7184F8946084F8956094F89F0058B104F19904A67120FA
:20B020007880F002002070E07AA4F199041CF726FA94F89E0070B394F8A40058F76DFD9011
:20B04000F85711C9070AD084F8346184F8297190F8571121F0010180F8571107E094F83435
:20B0600001401C84F83401022084F8290194F898004B49C0F3C300285C096888420FD99491
:20B08000F8A400183803280AD320460DF75AFC00286DD104E0FFE784F8346184F829718421
:20B0A000F89E700301F401406810003F4884F8157184F825710068C00305D53C49D4F8F8F0
:20B0C0002008689043086098F81300C00602D5204682F741F93349B4F89800ADF8000008DF
:20B0E00060091DB4F89A00086001980BF7D3FE94F8A40006F7D9F950B994F8A40006F790EB
:20B10000FE90F8430018B994F8A400FFF7C3F894F89800C0F3C300285C84F89C00401EA080
:20B1200081E07BC0B9204658F7F2F8A0B994F8210110B320460BF780F928B11D4800788436
:20B14000F81E011C4804E01C48007884F81E011B48007884F81F019AF80400554688B3B482
:20B16000F89800B4F89A10C0F3C60040EAC111032054F78AFF26E0F7E035E088FD2000D016
:20B18000863100E86D200020BA2100CA402000303D20007C4020002C1221000301F401306D
:20B1A00069100038402000C03B2000CC8A3100DC3C200098432000D83C2000BC3C2000BDA0
:20B1C0003C2000BA3C2000BB3C200007E094F82901022803D00121652054F75AFF287AF06F
:20B1E000B1B4F89A00C0F30100032806D017E0F948007884F81E01F848AEE794F8290102CB
:20B20000280DD0D4F8A0007F220178B2EB510F02D14178433100E049085D2054F739FFA8CD
:20B220007A70B1B4F89A00C0F30101032908D094F8A410C0F3C90060F31F110D2054F72895
:20B24000FFE748007808B394F89800C0F3C30194F8A50013F7F1F968B1D4F8A00050B194B3
:20B26000F8A40058F761FC28B190F8561141F0080180F8561194F89800C0F3C300022804DD
:20B28000D9D4F8A00008B1D6480770E07B01280DD1D5490301F401206A1000D4F8F800093B
:20B2A00068084207D094F89900C00703D0D148007884F8310198F81300000702D52046829E
:20B2C000F77EFACC48407A20B194F8A500009996F7CDFA20466FF7A4FE94F85E0060B1B425
:20B2E000F89A0041F6FB7108400128D9F8001048461BD021F001010160C048007830B1BFBA
:20B3000048007818B10121204613F72CFB94F89800C0F3C30003282FD3D4F8A00000282B65
:20B32000D02046BDE8FC5F24F742BB41F00101E2E784F8946084F895600BF776FD94F85E83
:20B340000028B1D9F8001021F00101C9F80010A06E10B1B4F87800A08194F89800C0F3C3A1
:20B3600000022809D9A7480168002905D0A649097819B18168491C816025E44168491C41AA
:20B380006021E42DE9F047A04D00260301F401106B1000A9682868884204D085F83D608586
:20B3A000F83E60A86090F821119B4CF1B39B4A95F83D10DFF868821278DFF868928E4F9161
:20B3C000421ED290F8191179B9D0F8F810D8F80020114203D090F89020120605D4D9F80077
:20B3E000203B681A4311420BD08F490978E9B390F8A40010F7FCFEC0B3286890F82101A090
:20B40000B12868D9F80020D0F8F810D8F8000010433A68104301420BD095F83E008349401D
:20B420001CC0B285F83E00097800E001E0884203D385F83D6085F83E606678286890F8199D
:20B440001119B1615CB14200D90E4678490968090700D5E678D0F8F010491C2DD0807B5644
:20B46000F784FD2968D1F8F01000E009E056F703FD00281BDB29684FF0FF30C1F8F0001B03
:20B48000E028680301F401006C100090F8A40058F757FB28B1B0F8680043F2063108420259
:20B4A000D12868C07B20B995F83D00401C85F83D00A678C6E7286890F83301B04200D9064F
:20B4C00046314628680DF780FD296806468874D1F8EC00002820DA584A594B12781B781A71
:20B4E000431AD020F0004791F8A40059F763F856F740FD394656F7BDFC5249096888420407
:20B50000D8514829680078887406E02868D0F8EC1021F00041C0F8EC102868FDF73EF82893
:20B52000B1A078B04200D90646286886744748007885F83C00BDE8F08770B505460CF766EC
:20B54000FD040049D05FF7C0F95FF73AFE0646204657F7EDFE98BB94F8210150B13C49D4EE
:20B56000F8F8000968084204D13A490878012805D028B3204657F7F2FE08BB0301F401F01F
:20B580006C100008E048690068A842F6D088690068A8421ED1F1E757F70AFDA04219D02034
:20B5A0004657F7C3FE78B9204657F79DFE58B9204656F7EDFE38B920468FF730FE20B1002B
:20B5C0002120460CF79BFD04E00120E074204657F78EF830465FF7FCFDBDE870405EF7AF98
:20B5E000BF70BD10B504460EF7CDFA2046BDE81040002104F0A5BCB83C2000B93C20002268
:20B600003C2000F43B2000D43C2000BE3C2000C0FD2000233C2000CC76200078C1210076A7
:20B620002D20002C122100E43C2000C13C20003840200024502000C33C2000C23C20006038
:20B640002C2000C53C2000C63C2000E03C2000C73C2000BF3C2000403A200084C121007071
:20B66000B504460BF763FC08B10BF727FCE07B002501280301F401E06D100011D194F8100F
:20B680000148B194F81101401E10F0FF0084F8110106D184F81051A07B56F778FCA4F80EED
:20B6A00001C348056094F81F1141B1E07B30B994F81B01032802D1491E84F81F1120460EFA
:20B6C000F710FF20466FF71DFC20466FF779FC6FF7D5FC94F8A4000021401E19F7F7F994C4
:20B6E000F8A4000021401E19F741FA94F82101012806D194F8290102281CD00020AD49084C
:20B7000070AD48AA4D0078103D28B3AB48AC4A007830B12868C0F3C30001280DD0002111AD
:20B7200070A848007860B12868C0F3C300012805D0012004E08020E1E70121F0E700201086
:20B7400070107840B1A048A049C07A0978884202D1012068F728FA9D48007858B19D4800EA
:20B760007840B12868C0F3C30001280301F401D06E100003D00221204613F708F92046BD60
:20B78000E87040002104F0C7BB10B5044690F8A40058F7E2F920B190F8A610204604F05B51
:20B7A000FC2046BDE810400DF754B82DE9F84F06465FF796F830460CF719FB070005D056D6
:20B7C000F76EFF10B1384657F7EFFA304659F761F904001ED0304658F7BFF9050019D04FC3
:20B7E000F0010884F8138042467D49204657F772F984F810804FF0020A84F811A030465882
:20B80000F7E5FE56F7C2FB7649C4F8EC00097849B902E00020BDE8F88F7349097851B19558
:20B82000F8AC1139B1714940F000400978A174C4F8EC0002E06E480078A074E869C0F3C019
:20B8400030E073304658F7C2FEA07384F8A46008FA06F0C4F8F80094F89800E969002361A7
:20B86000F302000301F401C06F1000634984F8980084F81D310988A4F80411B5F85C10A412
:20B88000F8061104F1900440F08000617A424641F0020161722072E3732078C14640F080BF
:20B8A000002070A27595F8A700A4F190044FEA5010012834D084F8A590C4F8AC3095F8A345
:20B8C0000084F812014E489B46D84600781021404284F8130184F8C03004F12C005FF7871F
:20B8E000FCC4F828805FF77CFC0090A07B56F751FB824600985FF778FCC4F86CA0A4F80840
:20B90000A1A4F80EA184F810814FF0FF30C4F8F00020460CF75FFA3A48007818B105E08426
:20B92000F8A5A0C9E7204656F744FD5EF714FE95F8F90010B930460FF704FD0BF77EFE3045
:20B940004623F7B0F9DFF8C080062208F1040105F128005BF764FD78B9C8F80301F401B036
:20B960007010000060414688F80D9000206FF07F020B18401C83F838200728F9D388F80C6A
:20B98000B00021701E18F7DDF930461AF755FFB5F8640004F0D2F9B97D60F3C601B975201A
:20B9A0004640E7AFF669411148C160AFF6D9414160AFF2AF318161AFF23B31C161AFF22599
:20B9C00021816070470000DC8A3100D04B2000BD4B200098292000BE4B20009929200008C0
:20B9E0004C2000BF4B2000233C2000CC762000F43C2000C53C2000C63C2000C73C2000E436
:20BA00003C2000CA3C2000732C2000304C2000EC27210010B5044601F7A2FD94F83000C0F3
:20BA2000F3C300022809D90D480168002905D00C49097819B18168491C816010BD416849FA
:20BA40001C416010BD10B50848074C2C220460074920460301F401A0711000A1F74EFAAFE3
:20BA6000F24700E06010BD78C12100762D200070C42100984120009C710C0010B54FF4C034
:20BA8000030021C3F8C813C3F8CC138C4900220C78C3F8D0434C78C3F8D0438C78C91CC3CB
:20BAA000F8D04328B10C78824204D944F0800403E00C7801E004F07F04C3F8D043491C5281
:20BAC0001C5A2AE4D310BD10B507F78AF97D4A1168814213D00E2806D0431E0D2B05D2009A
:20BAE000EB8001C91D05E0542103E0002906D0002108461060BDE810400846BEE710BD1014
:20BB0000B55FF776FB704A0021044611606D484FF0FF010160FFF7D7FF2046BDE810405F38
:20BB2000F76BBBD0E72DE9F05F68488B460468002C71D0206800286ED0204656F72AFF4F59
:20BB4000F4451A0546DAF80400DFF80301F401907210008481DFF88491614E80054FF0002B
:20BB60000704D4E07B594624F792F820B35D48C07D18B1217C5B2054F7B3FAE07B30B90174
:20BB80002088F80000012D01D189F80300204656F706FF2068C16839B1406928B9306840CC
:20BBA0001C3060E07D401CE0754FF40071CAF804100120BDE8F09FE07B50B90221204600FF
:20BBC000F7E0FB56F7C8F9A061012D01D189F8037045480068000702D5204600F76EFD886D
:20BBE000F800702068C168A1B1406990B9E07B80B9204606F74EFB08B13C4800E03C48E126
:20BC00007D0078401C884205D13068401C491C3060E17504E037480168491C0160E7750006
:20BC200020C7E72DE9F0410E460546002456F7B5FE074630480078002843D0002D41D0284E
:20BC40004606F70301F40180731000ECFB38B92C480078002839D155F71AF8002835D00123
:20BC60002F04D195F8A40057F78BFF0446E87B012E0FD0002E29D101281FD0002825D1019D
:20BC800021284600F782FB00212846BDE8F04106F71DBB30B92CB194F8561121F010018408
:20BCA000F856111849096889020FD401280DD10121284600F76AFB0121E6E7002C05D0946E
:20BCC000F8560120F0100084F85601BDE8F081D4FD0B0024BA210004016000783E20006096
:20BCE0003E200084C12100843E200088FD200064432000693E20006A3E2000803E20006263
:20BD00003E2000673E20006C3E2000FE480078002817D04FF4CA00416EFC48FC4A4160C1C1
:20BD2000F303301278C1F300612AB1F948FA4A0078127802B1012118B10E280301F401709F
:20BD400074100001D8012901D000207047012070472DE9F05FF3484FF4CA080778D8F814C4
:20BD600040D8F81850DFF8C0B34FF0FF39DA46DBF80000800253D5A80251D5A0024FD54F08
:20BD8000F40011C8F81410D8F85060F00701D0C8F8E090B0073BD5D8F8E420C8F8E4900172
:20BDA00020C8F84000D8F88031D8F8641000201A40130700D54020130101D540F080004FEC
:20BDC000F610631A4201D040F00100D74BDB69DB0603D5930601D540F0020012F4700F0552
:20BDE000D0D34BC1F3035140F004001970910701D040F00800510701D540F01000D10101AE
:20BE0000D540F0200018B100220221FEF63EFEF00301D5C8F82091B00301D5C8F82491DAAD
:20BE2000F80000564680060CD5A8060AD5A00608D520210301F40160751000C8F81410D81C
:20BE4000F8A40101220521FEF624FEDFF8ECA29AF80000F0B13068C0040DD5E8040BD5E064
:20BE60000409D54FF48051C8F814100020FFF654FD9AF8000068B1306840040AD5680408A8
:20BE8000D5600406D54FF48041C8F814100020FFF643FD7F1E04D0D8F814402C427FF46A71
:20BEA000AFBDE8F09F70B5A54DA6492868401C28600978002479B128280DD9B0FBF1F20191
:20BEC000FB120040B90321002000F767FA9748407848B100F70CFA9B489C4E0178C1B12952
:20BEE00068032909D014E09948502104604460048198485FF794F9EEE70470FEF60BFE7089
:20BF00007930B100F7E7F9012800D00020FFF670FF9149087808B1401E08708F4928680919
:20BF200078B0FBF1F201FB120008B90301F4015076100000F71FF92868000707D18A48000D
:20BF40007820B18948007808B100F737F97B48C069C00601D500F76AF9707908B100F7A54F
:20BF6000F94FF4CA014869896908420ED05FF754F904467E48016829B16948007810B18986
:20BF80006901B1884720465FF74BF9012070BD10B5FEF698FE63484068C0F30010002803D9
:20BFA000D0BDE81040FFF6A9BE10BD10B5044656F704FD012817D194F8A40057F7EDFD902D
:20BFC000B190F8561141F0100180F85611D4F8A01049B194F82911022905D090F857114133
:20BFE000F0010180F85711002010BD027C0021012A0CD1C27B52B95E4AD0F8F800126810A1
:20C000004204D05C4A1268104200D00121084670472DE9F8430446584D0020009028687FA2
:20C0200027C0F30301F4014077100005408846052877D094B194F9136194F8A40057F7B06B
:20C04000FD18B100217AF775FD07463046FEF66CFE224631463846FEF6F9FE4A4901EB48E6
:20C0600000694600880090204606F758FF0098042858D1A07C6F2803D3286840F48000285D
:20C0800060204606F763FF064694F8A40058F739FDDFF8F88048B10EF7DFFC30B9761C983F
:20C0A000F80000F6B2864200D206462046FFF7A1FFF8B194F8A40058F724FD074628684098
:20C0C000F08050286016B940F0005028608FB1386878B1A07B55F77DFF3968C96821F07002
:20C0E0004155F7F7FE15494A68904203D3887803E0064603E098F800008642F9D30F2E0093
:20C10000D90F26286806F00F0120F0706040EA0160009920F47C1001F03F010301F401307D
:20C1200078100040EA0140286035E03FE039E0283E20001C29200075292000762920007758
:20C140002920002CBA2100B4282000362C20009428200080282000D82820009328200092E0
:20C16000282000F6282000657320006F73200096282000912820009D2820009E2820006855
:20C180002920003C3A2000403A200024292000343F20002B3E200010480068000701D50FF1
:20C1A0004806800F482968016069684160BDE8F8830D48006840B1AFF21B210160AFF24DFC
:20C1C000418161AFF2A5110161AFF20D3107488165AFF21721C0F8CC10704764432000ACD8
:20C1E000282000600165006829200060F8200070B5FF4D0021286884B244F480702860FC04
:20C200004B1868C0F30E021A60084642F400461E601A680301F40120791000C2F30E021ACB
:20C2200060401CC2F30D02C0B211446428F3D332316426B1FBF6F0F14908604FF47A7148CE
:20C24000431C21B0FBF1F0401D0A2190FBF1F08FF7A8FFA0F50040A0F5E25000EB8000802A
:20C260000001D5323800E0323090FBF6F024F4807100B2296070BD2DE9F041DFF884830035
:20C28000263446B8F800003546374610F0FF0F1ED1DD480068D949C0F30420091F09680139
:20C2A000F03F06D54950310968C1F30334072C01DD103C64B2D1493C390968C1F385051F7E
:20C2C0002D01DD403D6DB20B3800EB400047B2FFF792FF0A2190FBF1F0B8F8001000B211AF
:20C2E000F0FF0F07D1B9192944611A01EB810100EB410000B2BDE8F08110B55EF71DFBC258
:20C30000490120086008614FF4C0010301F401107A1000C1F8BC01BF484FF0CF0181604F8F
:20C32000F00F0101614FF0300141604FF0C0010160BA490868BA4A5083BA480268BA4B1A54
:20C3400080D0F81022B94B1A800A6822F060020A60016821F4C0610160D0F8101221F40076
:20C3600071C0F81012B2494FF4C0400860B1494FF000000860B049086010BD2DE9FF5F0584
:20C38000460399002014464FF00A080870FFF737FFA0F13201642291FBF2F2DFF89CA29AE3
:20C3A000F900108A422ADBA549884227DADFF854B2ABF13C0BDBF800101FFA81F929F0FC9F
:20C3C0000141F03001CBF800101420FBF6ABFE00273E46FFF714FF761C76B207444645F81D
:20C3E000DB08EBD870A7EB600191FBF8F6CBF800901420FBF697FEA6F5E16630B26FF01872
:20C4000001DFF80301F401007B100008B2694300EB81012BF814108C4A01210A231155001B
:20C420002801DA401F00E0401D90FBF3F09AF900C001B20CEB8C00C1EB400002B28448DF1B
:20C44000F810A2019E90F90080C8F1000000EB800001EB400000B21EB97F4E3678012E12F5
:20C46000D07E4FB7F90060B24201DCB0427CDD7B4E002A64DD491F91FBF3F1A1EB0C0169E5
:20C480001A3578294469E01826DFF89CE1002A1EDDDFF8D09199F9007007EB8707B1EB47CB
:20C4A0000F62DD491F91FBF3F8A11E91FBF6F706FB171101EB4101ACEB080689F800800E0C
:20C4C000449EF80310314429448AF800104CE000284ADD022C02D9671EFFB200E02746DF15
:20C4E000F8849199F900C00CEB8C0CB1EB4C0F22DA5E4931F91710002901DA0301F401F076
:20C500007B1000323900E032314FF0640C91FBFCF189F80010BF1E97FBF6F106FB1171C987
:20C52000B2C1F1160199F8007001EB4106A7EB08010E449EF803103144691A8AF800100329
:20C540009D0121297014E000280DDD002901DA491F00E0491D91FBF3FCACEB0801691A35F8
:20C5600078491B8AF80010824201DD3A8000E038809AF90010002903DD00218AF8001005F5
:20C58000E06FF06306B14201DA8AF8006047F6FF75002A01DC002806DD2E492BF814500082
:20C5A000200855401E00E000203BF91410A94208D0002901DA491F00E0491D91FBF3F12B38
:20C5C000F8141004B0BDE8F09F2DE9F05F0E46DDE90A7B1B49002591469A46A8460D60199F
:20C5E0004A81B2121D1160C0F30A40111F40F4004008600301F401E07C10001420FBF69EED
:20C60000FD0D4C012E84F802804FF001083BD1044830F9170033E0CC054100E8064100382B
:20C620004A2000FE4820003404410060016500880164003406410034BA2100700141003092
:20C640004A2000324A2000FC044100280441001C074100004A200048F4FFFF0844210001B0
:20C660004A2000034A2000124A2000244A2000044A20000A4A20000B4A20009CC42100A061
:20C68000F5FE41FF3908D15B463A4651464846FFF780FE054684F80280284697E72DE9F060
:20C6A0005F0E46DDE90A7BF949002591469A46A8460D60F74940F0400008601420FBF63E88
:20C6C000FDF54C012E84F802804FF0010806D1F24830F91700A0F5FE41FF3908D15B463A96
:20C6E0004651464846FFF755FE05460301F401D07D100084F8028028466CE72DE9F04FBB16
:20C70000B0017835914178349190F90290C178369100793290E4484FF0FF344FF0000A006F
:20C720006837904FF4C800D0F814013599DFF87CB3DC4F389001297ED100209DF7B8F8DB63
:20C740004C207F40F0010020779DF79AF8207FD84920F0010020774FF0FF300870D6490093
:20C7600024D64A0C70FF211170D549CC4D01260C70D449DB4A0C70D3490C70D3490C70D3BD
:20C7800049AE720C70D3490870D3490C80D3490C70D3490C70C0211170D34A0A211170D24B
:20C7A0004AEC211170D24AD6211170D1490870D14867210470D1486C700670AC708DF8CC8E
:20C7C00040AE712C7258465EF74EFDCE2138465EF74AFDEA21CA485EF746FDC9488BF800CC
:20C7E0006003210301F401C07E100080783238C0B260F31F213980FFF797FD4FF4C870FB4E
:20C80000F6A5FCC2480068C00401D5EE7200E0EC7200202873014602A800F0C3FE01211A3E
:20C82000A800F0BFFE002002AC0DF1680854F8201058F82020914201D02E73182000E04FAF
:20C84000E0401C80B21828F1D3E87A012817D1287BA8B90221204600F0A4FE03211AA800EE
:20C86000F0A0FE00202A4654F8201058F82030994201D016731820401C80B21828F3D3027B
:20C880002000F051FF68732C46032000F04CFF6073002000F048FF18256073A57318280AF1
:20C8A000D1207B012811D100F03EFFA073617B182901D1182809D000206071002000F01E9A
:20C8C000FFE0732574182802D008E06671F5E7207B012802D100F012FF20740301F401B0EB
:20C8E0007F1000207C60740124359802287DD17D49002008808449087079498DF8CC000900
:20C9000078012912D07A4908707C4A92F90020914504DC814A92F9002091451DDA73480132
:20C92000210170881F3BB0BDE8F08F674A34991278914208D13699042905D1694A32999219
:20C94000F90020914202D06FF00300EBE764490122087066490A70D7E76448002101705820
:20C960004890F900000090072804DD594901200870C01ED7E7329810B1022810D06AE0523E
:20C980004834990078814265D05348017821B1524901200870001FC5E7012101705AE0431D
:20C9A0004A907A012856D1002092F80C80D47A30219646B8F1000F02D0012C11D033E00770
:20C9C000EB40020BEB0005938893860123AB76012C29D10301F401A080100007EB41050B23
:20C9E000EB0102AE88AE86937607EB4102B2F9043000E0BEE307EB4005AE88AD8E9E1B4F91
:20CA0000FA86FC968E751B6DB217280BD2162802D1D6889B1BD3804CEA052393800BEB01CB
:20CA20000301259D70002393860BEB01029376401C491C80B2C9B21828BFD307F194073877
:20CA40008F38804FF001008BF84A004FF0000038878BF86600A7F194078EF80A001D4C343B
:20CA600098217888422448007802D1012819D089E0B8B9154800990E4D491C01700020D4FD
:20CA80003528601920FBF66AFB3498801C40F08001254801604FF4C04028604FF4C870FB22
:20CAA000F65DFB329810B1022843D04CE03DE01C0741002804410034BA2100FE48200010C1
:20CAC00001640008442100C46C20000301F40190811000FD492000FE492000F8492000F9F3
:20CAE000492000FA4920001B4A20001C4A2000024A2000094A2000244A2000074A20000879
:20CB00004A20000A4A20000B4A2000054A2000004A2000014A2000034A2000124A20006A2B
:20CB2000C521008A48200070014100064A200004016000F8480021017017E0F74890F90005
:20CB40000060B1F4490978012908D000F0FF0ABAF1000F0AD0462101EB8A0007E0401C0057
:20CB6000F0FF0AEC4801210170F1E70020EC49087008460078401CC0B2672805D234992762
:20CB8000F8101001220BF80020349820703298002547F6FF7810B102286CD0DFE2E1490026
:20CBA0002048728874C87A0028087B07D058B10420824600EB4A000026399039E108B102ED
:20CBC00020F6E70301F401808210000120F4E70320F2E7B01CC4B25EB11820B6FBF0F1003A
:20CBE000FB1160D149C8B1487AFF2815D0401C4872CE48407AFF280FD01BF80410E9B3CAEF
:20CC00004900208870C9484179012974D0BAF1010F72D0BAF1020F70D0E8E0887C401CC099
:20CC2000B28874CA7A012A05D10A7B1AB901280ED003280CD0BD4900204872BC4908601935
:20CC400020FBF694FAB948C07A012805D012E0FF2017364872B6B2C9E0B448807C022809A8
:20CC6000D14FF44610416941F0004141614FF42F70FBF67CFAAD48017B01E01AE035E101E0
:20CC80002904D1807C01280FD003280DD0A948016821F480510160A5494FF4C04008604F01
:20CCA000F4C870FBF663FAA3E7A248016841F44051F0E7DFF874C2172805D10301F40170F5
:20CCC0008310009CF8121001290DD0022958D033A9CDE900419A494A46329B0978FFF7FA2D
:20CCE000FC284445B292E70BEB040111F8011C012908D027F814804FF0FF316818F1E7546B
:20CD0000E059E05BE09CF8081099B1BCF816208C490A6033A9CDE9004189494A46329B0995
:20CD200078FFF7D8FC0146824890F9080020B1D1B122E0BCF81420EAE791B907EB44013749
:20CD4000F8142031F8021C8A1A7A494B7A07EB43039A80002227F814800BF80420401C0882
:20CD6000724FF0FF3108E007EB440037F8142030F8020C801A27F81400724A37981060BC97
:20CD8000E77149BCF818200A6033A9CDE900416B494A46329B0978FFF79DFC284445B24FF6
:20CDA000F4C8013898C1F8140130E7BAF1010F21D1417A0301F40160841000027804E0410D
:20CDC0007A427B01E0417A827B914217D137F91420424513D08178012910D1417871B95CB7
:20CDE00049642231F91410323991FBF2F15A4A1278521A02EB09010279891A41709DF8CC7B
:20CE00000001281ED14D48417AFF291AD0FF214172601E182190FBF1F201FB120000F0FFA3
:20CE20000C00205B46014609E0401CC0B222180CF1010C27F8128099540CF0FF0CBCF11879
:20CE40000FF2D3761C3998B6B2B6EBC00FFFF4C9AE3A4CE07A012809D14FF4461041692112
:20CE6000F0004141614FF42F70FBF688F9207B012804D133490A6822F480520A60E17A0156
:20CE80002901D001280CD12D4E002030601920FBF675F94FF4C04030604FF4C870FBF66E22
:20CEA000F9607C18280CD29BF866100301F40150851000662049B10020A070B7F9CC10411B
:20CEC0004502D0A07801280DD04DE133A9CDE900011F484A46329B0178E069FFF79DFB2820
:20CEE0004445B2EAE71D486421B0F9CC00323890FBF1F01A490978091A20794944081A6042
:20CF00007031E1DFF83CA09AF80D00182863D20B490978C91CCCB21BF8041011B300208AFB
:20CF2000F8020037F914004646B04230D09AF80220012A23D02BE0FE492000FD492000F695
:20CF400049200034BA2100FC044100E0064100084A200010016400140164009CC42100010F
:20CF60004A200033A9CDE90041F949401E4A460978C0B2329BFFF7B6FB0546D2E79AF80D3A
:20CF80001007EB41014988401AC0B227F81400F0480078801CC4B21BF8040058B100208AF1
:20CFA000F802000301F4014086100037F91400B04203D09AF80220012A0ED0AFE033A8CDAB
:20CFC000E90040E4484A46329B01789AF80D00FFF78DFB284445B2E8E79AF80D1097E09A17
:20CFE000F80E001828DD48007871D2C01CC4B2DB48016841F440510160DA4E002030601915
:20D0000020FBF6C4F84FF4C04030604FF4C870FBF6BDF81BF804005E4658B100208AF802E7
:20D020000037F9140040451CD09AF80220012A0FD017E033A8CDE90040C7484A46329B0148
:20D04000789AF80E00401EC0B2FFF750FB0546E7E79AF80E1007EB41014988401AC0B227E6
:20D06000F81400BD480078801CC4B2305DE8B100208AF80200BA48016821F440510160B821
:20D080004E002030601920FBF681F84FF4C04030604FF4C870FBF67AF837F90301F40130E5
:20D0A000871000140040453DD09AF80220012A0ED038E033A8CDE90040A9484A46329B013E
:20D0C000789AF80E00FFF716FB284445B2D6E79AF80E1020E0FFE7801CC4B21BF8040058FA
:20D0E000B100208AF8020037F9140040451AD09AF80220012A0DD015E033A8CDE90040970F
:20D10000484A46329B01789AF80000FFF7F3FA0546E9E79AF8001007EB41018988401AC060
:20D12000B227F814009AF811005646182823D28C480078001DC4B21BF8040048B10020B0D7
:20D140007037F91400404516D0B17801290DD012E033A8CDE9004081484A46329B0178F02E
:20D1600069FFF762FA284445B2EAE7B7F89410401AC0B227F81400002D08DA7C4932984F81
:20D18000F0FF3408707B48012101700CE0002108465A460301F40120881000135C401C190E
:20D1A00044C0B2C9B26728F8D3672903D00124329810B124E00024FAE7012C03D1704841CE
:20D1C00078704801706E488179012912D19BF8021001290ED16C496422B1F904103239914E
:20D1E000FBF2F1C279521A02EB0901674A11700021817166480178012901D100210170DFDA
:20D20000F86CA135980AF13C0A03287ED15C4D0020604C20350AE048B107EBC00101F1909F
:20D22000018A88D3B20A8863F31F220A80215C2B5CCAB207EBC00100F1010063F31F22C027
:20D24000B2A1F894200828E6D34D4D687B182802D3A97B182909D2697C182901D204200AED
:20D26000E0182805D3A87B182802D3687C182801D2032000E00220E97A00294649097801C5
:20D28000FB00F114D04A31687CCAB20301F40110891000182801D2521CD2B2002108465B72
:20D2A000461C5C401C2144C0B2C9B26728F8D3B7F8C83013B106E03231E9E72E4B94331BC9
:20D2C00068A7F8CC30914201D1012404E009B1002401E04FF0FF3432480078012800D1C4BC
:20D2E0001E31480078012800D1041F2F480078012800D1441F23480078012800D1841F2B0B
:20D30000480078012800D1C41F3698042804D0002000E017E01F49087018480026066019C6
:20D3200020FAF640FFCAF800601348698BAC380160204801882048016020490988C0F8106C
:20D3400012A0F7EBFA359804283DD00F4A1C4992F9000091F90010884204DC194991F900C0
:20D3600010884200DA11703BB02046BDE8F08F084A2000F6492000E0064100FC04410009C1
:20D380004A20000301F401008A1000024A200034BA2100034A20009CC421000C4A2000129F
:20D3A0004A2000E8432100FD492000F9492000FA4920001C4A2000074A2000304A2000708B
:20D3C000014100324A2000054A2000064A200000209CF7A1FAFEF7D8FF4FF00008CAF8006D
:20D3E0008034984FF4C005801C40F08000C5F804014046744A01E0401CC0B213564B4501DE
:20D40000DD1728F8D3DFF8C49140F04001C9F800106E4E4FF4C040D43630604FF4C870FAA9
:20D42000F6C5FE6A4800684FF4461100F02000496900290CDA012808D06548B83800686F39
:20D44000EA1030800701D002240BE0032409E0012825D05E48B83800686FEA103080071ECF
:20D46000D0002459480C300068C0F3042BD5F8040100F07F00801E1FFA80FA0301F401F036
:20D480008A100055488578323DFEF741FF0146388810F0FF0F09D053465A46204600950092
:20D4A000F04CFB044602E00124DFE70C464546C6F800801920FAF67EFEC9F8005044482899
:20D4C00038418B46480160464801884648016046490988C0F81012A0F728FA4CE710B55D4B
:20D4E000F777FA42490120086008614FF4C001C1F8BC013F484FF0CF0181604FF00F010106
:20D50000614FF0300141604FF0C001016034490868394A106034480268324B1A80D0F81083
:20D5200022324B1A800A6822F060020A60016821F4C0610160D0F8101221F40071C0F8102A
:20D5400012244801684FF6BF7201EA020101602A494FF40040086010BD10B55DF739FA2781
:20D5600048016821F0030101F10201016020494FF001000301F401E08B100008600861227F
:20D5800049C1F8BC01C86721494FF03000086015490868104AA2F1280250831448026812CC
:20D5A0004B1A80D0F81022124B1A800A6822F060020A60016821F4C0610160D0F81012213A
:20D5C000F40071C0F8101204494FF0000008600C49086010BD00005CBA2100280441009852
:20D5E0000741008A48200034064100304A200070014100324A20006001650088016400CC0F
:20D600000541001C074100A08031004001600090006400F0B5DFF8B4E539B101292AD00255
:20D62000294ED0032976D00020F0BD00210B460EEB4104091D2688628806F0070502F007FB
:20D6400007C6F3C40606EB4716C2F3C017A48805EBC605C2F3801205EBC725C4F34004055C
:20D66000EB023202EB443200EB83040301F401D08C10005B1C22606029DDDB79E000210B92
:20D68000460EEB4104091D2288160A628806F00705120A02F00707F60806EB4716A488D7BF
:20D6A0000905EBC605240AC2F3801205EBC725C4F3400405EB023202EB443200EB83045B06
:20D6C0001C22606029DCDB53E000210C460EEB4103091D9A885D88DB88C2F3421703F003F5
:20D6E0000607EBC606C5F3C20506EB4515C2F3820CC3F3C0060CEBC505C3F3800305EBC62D
:20D7000025C2F3400205EB033303EB423200EB8403641C1A606029D9DB2AE0FFE700210C9F
:20D72000460EEB4103091D5A88150A9A88DB88120A1B0A570903F0030607EBC606C5F3C2E5
:20D740000506EB4515C2F3820CC3F3C0060CEBC505C3F3800305EBC625C2F3400205EB03FB
:20D760003303EB0301F401C08D1000423200EB8403641C1A606029D7DB0120F0BD10B598EC
:20D78000B0014600246846FFF74CFF684601E0641CE4B250F82410490BC90701D0182CF62F
:20D7A000D3204618B010BD10B598B0014600246846FFF737FF684601E0641CE4B200EB8435
:20D7C0000250F824105268C1F30031C2F30032914201D1172CF0D3641CE0B2E2E72DE9F0B9
:20D7E0004F002095B00546064681461090FC48DFF8F0834FF00D0B0078002869D001200D8B
:20D80000F1440C38F91040002264B908EB40014B8843B98B8813F0FF0F04D1031D672B0455
:20D82000D2098911B1761C76B201220021C71C0B46DFF8B4E34FFA87FA13E01EF80170A737
:20D840004209D1012812D00CF805A00CEB05036D1C19726DB20123491CC9B20301F401B019
:20D860008E1000082903D2012B01D0012AE9D0012804D004E04A230CF80530EAE747200064
:20D880001DC0B26728C1D3B54235D1002043461FE00CEB0001D74A91F90810D64F32F81116
:20D8A000207F5CD4B21CF9002067F31F244A2A23F812400AD0D04C03EB42020834615632E7
:20D8C000F8024D61F31F24148000E08946401CC0B2B042DDDB01201090402168465DF7ED9E
:20D8E000F80024012138F911004F2806DA08EB4100408820B901E00220EDE7012931D16A0F
:20D9000046002002EBC402012903D00F1838F8173003E028B1032807D2002322F8103017FF
:20D92000E0B8F80230138013E0B8F8943022F81030B5420DD166B1AF4B02EB400C08331364
:20D94000F80930DFB23CF8023C67F31F232CF8023C401C0301F401A08F1000C0B20428D68D
:20D96000D3012900D14721641CE4B2091DC9B26729BCD30022A4F1010921E0551C1346E926
:20D98000B26E4608E036F9310036F93370B84200DA0B46491CC9B2A142F4D3002006EBC384
:20D9A0000106EBC20231F8106032F8103022F8106021F81030401CC0B20428F3D3EAB24A25
:20D9C00045DBDB00215AE001EB81028D4D02EBC1023DF931E06B4625F812E04FF0010C6045
:20D9E0004605EB420203EBC103494524D003EB400533F810802F894FFA88F67DB2BA46AD30
:20DA00001B4FF47A76B3F908707543A7EB0E0695FBF6F5CAF30727C8F307287FB24FFA88E4
:20DA2000F8A7EB08074FF47A7807FB08F797FBF6F62DB237B201E000252F4633F810802279
:20DA4000F81C500CF1010C0CF0FF050301F401909010004FFA88F622F815606D1CEDB2C8E9
:20DA6000F3072822F815706D1CEDB24FFA88F822F815806D1C401CC0B205F0FF0C0428B70B
:20DA8000D3491CC9B2A142A2D3604B188828B3641CE4B2214613E001EB810202EBC10200C6
:20DAA0002003EB420207E002EB400535F81A5C22F81050401CC0B25845F5D3491EC9B200C9
:20DAC00029E9D119805980022005E0C2071FD023F81010401CC0B25845F7D34A4E002508FD
:20DAE0003E371D2846FFF76BFE70552846FFF752FE78556D1CEDB2042DF3D342480C38C4D0
:20DB0000708AF70BF9109815B0C0B2BDE8F08F03EB4002528B23F81020DBE7002142080187
:20DB2000E0491C5208002AFBD10A02C1F12001884042EA106070473549096801F03F0141F5
:20DB40007733490301F4018091100054310968C1F303314175072901D9103941752E49386C
:20DB6000390968C1F3850181771F2901D94039817770472DE9FF5F0546284891461C460017
:20DB80002680789CF71FF9DFF878E08246214FBEF9000010F0FF0F01D0001201E00E9840E6
:20DBA000B283461A480C38C07801E0761C76B206EB860101EBC60137F91110A14201DC86AF
:20DBC00042F3DB1249761E091F70B2495D494507D8182905D2032604214FF00708082223E8
:20DBE000E00B490839495D182919D2494517D9052606214FF00B080C2216E0EC0A2000CEB4
:20DC0000482000FE482000F6482000CC49200091BA21006AC52100E40641008A48200001C9
:20DC20002602214FF009080A2200EB800303EBC00307EB430037F913C030F90301F4017036
:20DC40009210001660A4EB0C0C002E06FB0CF601DA761F00E0761D4FF00A0C96FBFCF630E9
:20DC6000F9111037F9133001EBC10C0CEB011106EB810130F91860A4EB0303002E4FF47AC1
:20DC80007C06FB03F602DAA6F5FA7601E006F5FA7696FBFCF330F912000E9A1844A2EB0B84
:20DCA000024243A948006800F00F0004282FD0A74B13F90A0000EBC00303EB001002EB8039
:20DCC0000209F10200C3B225B3A24CC0B204EB4000012D21D0022D22D0B0F86030B0F93019
:20DCE00000C3F307235BB21844642300FB0311019804B000EBC00303EB0010C1EB800080A0
:20DD00001A3238642190FBF1F000B2BDE8F09F914BCEE73EF91300E7E7B0F93000E4E7B0AB
:20DD2000F860003EF9133040B21844DDE72DE9FC5F06460301F401609310004FF0000A8B72
:20DD40004640F2F648574608468EF70BF90446C07932380090207F00F07F00801E80B2013D
:20DD6000902089C0F3042916B12069C0F304296089C0F30D00FFF7DDFEA0F668304FF2D39E
:20DD800001484380128030051215F5027F00DA36B17248B0F9002012F0FF0F03D013E04FAA
:20DDA000F4FE4087E0A9F10B00617FA37F00EB400040B219440844617D081A00EB800005ED
:20DDC000EB40000FFA80F8A089C0F34011654890F8970040B1032806D0012806D00428047D
:20DDE000D0052802D010E079B10DE060884FF0010A4FEA10304FEAC07011B120B103270379
:20DE0000E010B1022700E0012712F0FF0F06D04A4629463846019BFFF7B4FE00E04046B66D
:20DE2000B9217D4A0604D5803901EB0301F401509410008101490009B2491B1E313C2291A8
:20DE4000FBF2F109B2042922D0032922D0022922D00021084400B20A22BAF1000F11D041A8
:20DE60001F91FBF2F1424F97F90130994206DA6D1F95FBF2F197F90030994202DB00F2ECB2
:20DE80004000B240F2F64188420ADC36B109E0F021DFE7B421DDE77821DBE7354B98420082
:20DEA000DA084690FBF2F0000200B2E0821BF1020101D0491E03D12F4909880844E082BD28
:20DEC000E8FC9F70B502460846891C34D00AB14FF0FF308EF74AF8044628488078E0712741
:20DEE00048016821814FF4C001D1F8041121770068244A00F07F002075D2F8F002C0F3C04C
:20DF000010A07120480068204920610868C0F30E0040F4004008600868C0F30E00608108FF
:20DF2000601B480301F401409510000068A081D06F60800D48008810F0FF0F03D00BE06F80
:20DF4000F00100CAE70C4DA878012804D12046FFF706FE0020A8700F4824380068E0812074
:20DF60004670BDC0076000DE482000FE482000EA482000B8FC200085BA21000AFBFFFFCE04
:20DF80004420008A482000EC054100F400410034044100E8064100980741002DE9F0410DE8
:20DFA00046002698B1012811D003280FD004280DD000209BF7E0FCF94F386878B3F94806A7
:20DFC0006097F7B8F900244FF4805823E0F74AF54913680B6092888A8001228A71CD710477
:20DFE000230B720F238B7240F6FF73A1F80B3009234B730D238B73CE7328B14E72BDE8F04F
:20E0000041E9486CF7ADB84A72F8E7386830B10120FAF6FCF82046641C40450301F4013011
:20E02000961000F6DBE80708D1E348252106714171C571BDE8F0419CF755BABDE8F0814FF4
:20E04000F4C002D2F828130B0600F1020141D5D2F82C0300F07F00884201D900207047D235
:20E06000F8300300F07F00884201D901207047D2F8340300F07F00884201D902207047D2CB
:20E08000F8380300F07F00884201D903207047D2F83C0300F07F00884201D904207047D297
:20E0A000F8400300F07F00884201D905207047D2F8440300F07F00884201D906207047D263
:20E0C000F8480300F07F00884201D907207047082070473E28E1D8C1F3031070472DE9FF7B
:20E0E0004F81B004461D469BF70FFFB34800214FF00109017004F00F01022901D180F80004
:20E1000090AF48AF4E4FF4C00804703470029908F54A700301F40120971000823101604FE3
:20E12000F07F0141608160C160016141618161C16101624FF000009BF726FCA44F387F4084
:20E14000F0010038779BF708FC387F4FF4461B20F001003877DBF80403002100F00F003F35
:20E16000F7C4FE0298FFF76FFF9A49012C0BD0022C0DD0032C05D0042C03D001EB80021667
:20E180006808E086F8009001EB8002566A02E001EB8002966C01EB8000876C3DB13560DFE0
:20E1A000F834A2DAF80000817819B11EE03068C5B2F5E708F522710A6802714A6842718AAF
:20E1C000688271CA68C2710A6902728A6A4272CA6A82720A6BC2724A6B02738A6B4273CA81
:20E1E0006B8273496DC17380F80290B4B1022C14D008F52271827A0A60C27A4A60027B8A71
:20E2000060427BCA60827B0A61C07B0301F401109810008862012C12D0032C10D0042C0E1D
:20E22000D00EE008F5227102790A6042794A6082798A60C279CA60027A0A61407AE9E73D4E
:20E24000602CB1012C03D0032C01D0042C03D164494FF4806008606348015D4FF4C8000130
:20E2600067022C05D15848416921F07F01491C416120460299FFF79DFE4FF47A70F9F6D2D1
:20E28000FFDFF8688198F802009BF7B8FDDAF8001008705648544906605648491E0760552A
:20E2A0004805705548057098F80200087054485449047003980870534900200870534904F1
:20E2C0002008705249FF2008705248006800280FD051490978022909D28DF800103C490030
:20E2E000230A7869463FF7E3FDCBF804033068C0B205B0BDE8F08F30B403EB830402990211
:20E30000EB44020301F4010099100000EB8100521CD0F8B010D0F8A800022B0AD0012B0B1A
:20E32000D0032B0CD0042B0DD0491C401C30BC9BF73DBE7F317F30F9E740314030F6E7BE02
:20E3400031BE30F3E7FD31FD30F0E72DE9F34F87B00D7807980F46022828D007F120040745
:20E36000F102084FF02A0903262E484FF0FF0B016803914168049100891849ADF814000565
:20E380009081F800B09BF7CCFD274821684FF4C00A0160616841602189018160780006612E
:20E3A000D4207858B1611C0020524646E007F1340407F102084FF03E090526D5E752E0902C
:20E3C0005B2100A00164002C4321004C282000C45B2100802D2000742D2000772D2000C442
:20E3E0006C2000A0412100C048200088044100B4BA21008A482000C44820000301F401F004
:20E40000991000C8482000BA482000B9482000BF482000BD482000B8482000BB482000BC95
:20E42000482000A82D2000722D20007C3820003AF3200098B10B5C02EB800C9B1CCCF828D3
:20E4400033401C23788342F4DC5946092811DA02EB8003C3F8281300F10100F6E70B788307
:20E46000F0800303F10203C2F82833E9E77F21CAF8281328067DD576490220C5F340140839
:20E4800070C5F38010C5F3001B8DF8040054EA000112D004EB8401890000EB800001EB40B3
:20E4A000006D4901446D4851F80A2C026051F8062C426031F8021C01816949012005F00F0E
:20E4C0000208558854594620463FF707FB050050D04A46394605F1B8005DF78DFD78789B79
:20E4E000F795FC5F495A46096808705E488178029179780301F401E09A100081709DF80433
:20E500001020469BF7D0FC00249DF80470A3464FF0010921E08DF804700023224601A92871
:20E52000463FF7D1FC9DF80400022802D358468DF804B0C0B229460090234642460846FF74
:20E54000F7E6FE9DF8040009FA04F2284410F87E1F1143641C0170E4B2B442DBD3287840DE
:20E56000072FD52F46002542489DF8041050F8250080469BF76EFCB84500E069E01ED00779
:20E58000F1BA000024069017E09DF8040008EB000191F87E2009FA04F10A420BD13A189267
:20E5A000F87E200A4206D00090234639464046069AFFF7ADFE641CE4B2B442E5D36D1C18FF
:20E5C0002DD1DB2A49029888709BF724FCDFF89C80294D294FD8F80010002208702E788525
:20E5E000F800B0012138683FF7D6FB0301F401D09B100085F800904C460022012138683F74
:20E60000F7CEFB19482E70039901600499416005990181D8F800008178012919D10AF522E2
:20E620007102790A6042794A6082798A60C279CA60027A0A61427A8A62827ACA62C27A0AD8
:20E6400063027B4A63427B8A63827BCA63C27B4A650799022902D0047409B05AE60221013B
:20E6600074FAE7722D200019F820007C382000BB2D2000C04820008A48200080D820007473
:20E680002D2000A82D20002DE9F84F3FF7B8F982463FF7C2F9002483462546FAF610F9FDED
:20E6A0004FFE4E58B1FE4B6A460421DC20FAF6C9F89DF800006D2807D075280BD0307802C8
:20E6C0002804D0032808D00DE0022030704FF49E72F44904E003203070F3494FF49E72388E
:20E6E000465DF70301F401C09C100091FCDFF8C4C3DFF8C483F14FF14EC5EB051101EB855C
:20E700001100200CEBC10106EBC503C0EB001202EB801201EB820243F82020401CB14602DA
:20E7200028F3DB08EB052047F825006D1CEDB2182DE2D3E449E3484FF000050860E3484FC7
:20E74000F480710068C0073DD04FF001080C2D01D3012600E00026FEB10C2D2ED057F825BC
:20E76000004FF48072DA495DF752FC57F82510A5F10C00887057F8251046F0800081F800CE
:20E780008057F82510487057F825101F206D1CEDB2C870182DDAD322E055B157F825004FDD
:20E7A000F48072CB495DF733FC57F825008570E1E74FF48072C8493868F4E74FF48072C6EF
:20E7C00049386BD0E7C44E884606EB052157F8250042465DF71CFC6D1CEDB20301F401B066
:20E7E0009D1000022DF4D3C048BF4902680A6042684A6000890881487802061FD40A78EA05
:20E80000B180F080004FF4C002801CC2F82803012007E00B1802EB80055B789B1CC5F828C5
:20E8200033401C0B788342F4DCD8B2FF2104E002EB8003C3F82813401C0928F8DBDFF8B056
:20E840008200259F48474650F82530C8F800301878C00767D000224FF0010CD9780CFA02BB
:20E86000F0014213D003EBC20103EB820001F10406C0F880605E78360604D4022A02D11EC6
:20E880001DC3F888602C31C0F8941005E003EB8200C0F880A0C0F894B0521C052ADDDBB8C9
:20E8A00046002609EBC507D8F80000304490F87C2062B105218F483FF72FF9040000D18CF5
:20E8C0004CD8F8000000EB8600C0F8B04034B157F826000301F401A09E10004FF49E7221EE
:20E8E000465DF79DFBD8F8000057F8261000EB8602C2F8A81082784078B10141EA0211000A
:20E90000F03F00014341F0800057F82610761C022E0870CCDB0026D8F8000000EB8600D036
:20E92000F8A8009AF7A0FF761C022EF4DB6D1C182D8BDB72490020C8F8000008707149086D
:20E9400070664870490068800704D56F4A087810706F4A107009786E4AC1F3810001241083
:20E96000706D4A24EA510010706C4A01F0010010706B48007800F001003FF76AFB3FF76319
:20E98000FB68480470BDE8F88F2DE9FC5F4FF0000BDFF8948182F806B082F805B098F80294
:20E9A0001000F10905481C88F80200A888144628B198F8030020F0010088F803005A48DF57
:20E9C000F8689140304FF0040A00900301F401909F100061B198F80C00E62803D898F87228
:20E9E00010002965D098F87210FF2962D0AFE0A87D464688F80000042801D986F800A00059
:20EA00002014E000EB800105EB810106EB8002D1F822301361D1F81E301362D1F81A301350
:20EA200063D1F82610401C09BAC0B2916531788142E7D8D5F80E0000BA7065306A326C0C14
:20EA400038C1B205F11200019040F72BFEC043070E306A326C0C38C1B2019840F722FE4FCC
:20EA6000F47F018143306A47EA11270C38C1B2326C019840F716FE4FF47F418143306A477A
:20EA8000EA01270C38C1B2326C019840F70AFEC04347EA00603064716D884207D1316AA84C
:20EAA0001D08440088B0803269904244D00120BCE061E04AE00000162F200014BF21000033
:20EAC0001065000301F40180A01000B7BA2100F3BB210080842000C0BF200080D82000C03C
:20EAE000D72000DCD92000A42D20009C432000083720000835200008342000083620003AAA
:20EB0000F320007C382000A82D2000DA2D2000742D20007F2D20006D2D2000732D2000B338
:20EB20004B2000B04B20007B2D2000B14B2000B24B2000752D2000083820008CE820003167
:20EB400073284640F72BFFFA48007878B340F7CAFF2CE088F872B0E63888F80C0028464088
:20EB6000F71DFFF348007808B398F80D0008EB8000006B04281AD1012089F80E0016E0E6F6
:20EB80002814D3EB4888F80CB0007878B198F80D0008EB8000006B042808D199F80E004EE9
:20EBA0004620B9284640F7FAFE0120B07398F80360F0070CD07421DF485BF70301F4017018
:20EBC000A11000CBFFFF222821009880F732FE88F80360BDE8FC9F284640F796FDD74E3061
:20EBE0007858B198F80D0008EB8000006B042804D141F7EAF808B1A0714BE0D048808800E9
:20EC0000287DD1DFF8388398F80D1008EB8101086B022807D04246012811D03378FBB10469
:20EC2000281ED064E0886D496C4746884268D1FEF729FE387B801D387359E0A0714AE1882C
:20EC40006D496C884201D00220F7E7BE49BD48D1F80A200260D1F80E204260498A01814662
:20EC6000E0107BE22825D8AB1D1844006800BA8865517B08EB8101496C88420ED084F806CF
:20EC8000A07421AE485BF769FFFF222821009880F7D0FDBDE8FC5F40F729BFAB490863418A
:20ECA000F70FFA89F808A0012189F8071089F809B01DE00301F40160A210004A6CA5490A81
:20ECC00063C0F1E60289F809B0D2B289F807B0494689F80820042A0AD981F808A04A7AAB69
:20ECE0001D8718FF5C9C4BD7544A7A521C4A724A7A0B7A9A42F2D398F80D004746401CC0CD
:20ED0000B288F80D0001E093E098E098F8001088421CD13078A8B199F80610484689B141E0
:20ED20007A04290ED18B49D9F80A000A6B00BA824204D084F806A040F7DDFECFE008634148
:20ED4000F7C3F9F87840F00100F870E6E007EB8002136B032B19D1042903D316D199F807A5
:20ED6000309BB100F101007873A88848B94FF0740175485BF7F6FEFF222821009880F75D7C
:20ED8000FDF87840F00100F87027E710696E4B82B2BA80387B68334FF0E6080193DC286D3F
:20EDA000D8AF1D38440088824210D00301F40150A310000320A0716548417B00EB810109F8
:20EDC0006B012901D10221A1713178B1B3417B00EB810083E0284640F7EDFD3078B2464888
:20EDE000B15B48417B00EB8100006B042802D1012089F80E00564EF078C00710D12846401B
:20EE0000F78BFC9AF8000050B1707B06EB8000006B042804D140F7E0FF00287FF4F4AEB016
:20EE20008828B9707B06EB8000016B022906D0307BE62876D9E638307373E053E0816D4023
:20EE40006C814201D0032000E78DF757FA707B401C70733078042806D286F80C80F078404B
:20EE6000F00100F0705DE0307BC0F1E602C11901985DF7E9F8307BC0F1E60086F872008660
:20EE8000F80C804EE0E6284CD8337823B1042902D199F8071079B1E62830D0A91D0144091B
:20EEA000888A420301F40140A410002BD00320A071787B07EB8000006B01280DD00EE0E23C
:20EEC00028EFD9A91DC0F1E602014401985DF7BFF8387BC0F1E60024E00220A07133B1781D
:20EEE0007B07EB8000006B04283FF42BAF742119485BF73FFE009802B0FF22BDE8F05F2875
:20EF00002180F7A3BCA91DC0F1E602014401985DF79EF8387BC0F1E60187F87210E6280277
:20EF2000D1FF2087F8720087F80C80A88868B9742109485BF71EFEFF222821009880F78542
:20EF4000FC0548C17841F00101C17084F805B04CE600006F2D2000083820003AF32000DC23
:20EF6000D9200058E8200096E82000FC4B10B5FA4A01215B7803E0545C844202D8491C8B32
:20EF800042F9DC491EC8B210BD2DE9FF4F00248DB01F20894604940B9405940301F40130E0
:20EFA000A510001E4627460C94069425460394CDF828D0A346A2460990B9F1020F01D913C0
:20EFC0002009909AF7E1FF31460F983EF7B6FD06464078DFF89CC300F080010F98014371FA
:20EFE000700F98B9F1050F00EB8008DF4808EB000EDF4808EB00010D9800F07F0000EB8007
:20F000000303EBC00076D2DFE809F0034B94E0FD000D9909060029DCF8001001EB80010C3D
:20F02000DA91F86B40D1F86D20CDF80120D1F87120CDF8052091F875100BE091F85E40D151
:20F04000F86220CDF80120D1F86620CDF8052091F86A108DF80910DCF80010C64B01EB8015
:20F060000CC3489CF8605007A910F808000690BE4810F8087000201A5C07EB82020A5440AF
:20F080001CC0B20528F7D39CF8610003909CF85F008DF80301F40120A6100000000D980077
:20F0A000062CD59CF86C0027E0DCF80020DFF8D0C202EB8002487892F8764092F87750061F
:20F0C000909EF80170002007A91CF8003007EB83030B54401CC0B20528F6D392F8780003E5
:20F0E00090D2F87A00CDF80100D2F87E00CDF8050002F17902B0E001E08DF80000B9F10254
:20F100000F57D0DFF87CE2BC427DD99DF81D00A0427BD2002007A90A5CA24202D2421CD231
:20F12000B20592401CC0B20428F5D9E01B801C80104FFA80FC0BA90598A2E00D9A12060040
:20F140002ADCF8002002EB800210DA92F86B40D2F86D30CDF80130D2F87130CDF8053092AF
:20F16000F875300FE092F860308B7011E092F85E40D2F86230CDF80130D2F86630CDF80559
:20F180003092F86A308DF809309EF80301F40110A710000230A342E9D0DCF8001092F86069
:20F1A0005001EB800090F86C108DF800100D99090603D490F85F008DF800000020A3080235
:20F1C0004606EBC9073918401C0D7181F82C30C0B281F854200828F5D366E1DCF80020DFB7
:20F1E000F8A4C102EB8002C87892F8834092F8845006909EF80370002007A91CF80030079E
:20F20000EB83030B54401CC0B20528F6D31BE01BE100E096E0DCF80020DFF86CC102EB80A8
:20F2200002087992F8834092F8845006909EF80470002007A91CF8003007EB83030B5440D5
:20F240001CC0B20528F6D392F885000390D2F88700CDF80100D2F88B00CDF8050002F186D9
:20F2600002507A8DF8090010784AE79CFBF0F8049A059B42441B1A52B20492CA54401EAC41
:20F28000EB08020301F40100A81000C0B24FFA82FC0028EED116E028B30A1812F8013C0668
:20F2A000EBC90203EB050C0244C3EB940382F804C082F82C3006EBC90301220344401C83F4
:20F2C000F85420C0B2059A9042E5D3069878B1012810D09EF900004FF0000C80466046C247
:20F2E000F1080E2DE006EBC902A3081571E0E79EF90200F0E79EF90100EDE7012823D0044A
:20F300002110B161444FFA81FC0699099A6144914208DC4FFA81FB41427AB202EB01118906
:20F32000104FFA81FA059A06EBC90302441A44002182F804B082F82CA0401C82F85410C06A
:20F34000B28645DADCB4E04146DBE70398A0B106EBC90CA0088CF804508CF82C0001208C0E
:20F36000F854000698B8B1012818D09EF90000002186460846884616E036E00301F401F094
:20F38000A81000181A20001E1A2000768420006C842000A42D2000B02D2000812D20009E87
:20F3A000F90200E8E79EF90100E5E701281ED0042208B1114449B2069A099B0A449A420863
:20F3C000DC4FFA82FB42427BB203EB021292104FFA82FA0CEB0002401C82F805B082F82D46
:20F3E000A0C0B282F855800728DFD365E07246E0E755B1012D0BD09EF9000000218646086C
:20F4000046884606EBC90C07E09EF90200F5E79EF90100F2E701281DD0042208B1114449B2
:20F42000B2099B6A189A4208DC4FFA82FB42427BB203EB021292104FFA82FA0CEB0002401B
:20F440001C82F804B082F82CA0C0B282F854800828E0D331E07246E1E74DB1012D0AD09E44
:20F46000F9003000210846884606EBC90C07E09EF902300301F401E0A91000F6E79EF901A9
:20F4800030F3E7012836D0042208B1114449B2099F6A18BA4208DC4FFA82FB424267B20790
:20F4A000EB021292104FFA82FA0CEB0002401C82F804B082F82CA0C0B282F854800828E04D
:20F4C000D39448007868B106EBC900A108057180F82C10039980F8541006EB8901001DC18E
:20F4E000F880008C480078E0B38C48C078C043800702D055E01A46C8E7894A907988B3886A
:20F5000049087A012802D060BB487A50BB92F83700854A00288549039824D00F9B00EB4350
:20F5200000C0B2C0EB001303EB801302EB8304039B06EB8303C3F8B0400B5C0BB901230B8C
:20F54000540398C0F101010F9801EB4000C0B2C0EB001303EB801006EB810102EB8000C1E7
:20F56000F8B0001DE0C0EB001303EB0301F401D0AA1000801002EB8003039806EB8000C0EB
:20F58000F8B0300398C0F10100C0EB001303EB801306EB800002EB8302C0F8B020039808F9
:20F5A0005C10B9039A01208854634D0A9895F8028000789AF773FC604F4A46396808700A51
:20F5C000980078A8703046039B0A993FF761F80398C0B10F9800EBC00101EB0010584901C0
:20F5E000EB400109EB890001EB400420789AF756FC396800234A4608702078A870214630A4
:20F60000463FF746F8404685F802809AF747FC3968087011B0BDE8F08F2DE9F047154648E9
:20F620004A4FF4C0044FF6C0761170464AD4F8FC7201292DD007F0F307C4F8FC72146834C1
:20F640004044F02C041460414C404ADFF8048126681660A4880026948002293ED0012494C3
:20F6600071D5710301F401C0AB10001372092353730D239373D6730523B8B1384800789050
:20F6800072B8F80000A2F80B00012915D0032915D0042913D0547212E047F00C07C4F8FCB9
:20F6A000721468344044F01E04D0E72D48405C90722D4830F81100E5E7567200E053722AB7
:20F6C000480078012808D10420107228480078907228480088A2F80B00BDE8F0471D486A90
:20F6E000F79FBD244F386870B195F784FE00244FF4805904E0386830B10120F8F6E7FD20BD
:20F7000046641C4845F6DBE80709D11B480671B8F800104171C571BDE8F0479AF73FBFBD52
:20F72000E8F087C14320006F2D2000083820008CE8200058E820004AEE20008C2D20008A7B
:20F74000482000C0482000F2E72000742D2000940441002C4321004C2820000301F401B0B9
:20F76000AC1000424C20003E4C2000444C2000724C2100204C2000224C2000404C20009090
:20F780005B2100C45B21008B4810B5006800B180478A4C2068016821F40041016009205B33
:20F7A000F7A3FE2068016841F40041016003205BF79BFE21680868C0F30D00B0F5005F001E
:20F7C000D300200A6822F400420A6010BD7C487C4902780A6042784A6082788A60C278CA7C
:20F7E0006002790A614279CA6282790A63C2794A63027A8A63407AC8637047724871490211
:20F80000780A6042784A6082788A60C278CA6002790A614279CA6282790A63C2794A63023B
:20F820007A8A63407AC86370476648026864490A7042684A7082688A70C268CA7002690A65
:20F8400071C26A4A71026B8A71426BCA71826B0A72C06B0301F401A0AD1000487270472D78
:20F86000E9FC5F5B4AD2F800805B49D1F80090D1F81CA0D1F8B8B04FF4C004D4F8280300A4
:20F8800090D1F89800554F01903879C30754D04E4C02238C342360482414604FF446140024
:20F8A0002222604FF448144D4D2566226606240C60CB610423C1F8B830C1F8982040070313
:20F8C000D5FFF7B6FFFFF79DFFA5F731FB3879800702D50224012501E000240525414E41F4
:20F8E000483470006800B180474048006800B180473879C00704D0012070702046A5F7186D
:20F90000FB641C6D1EEBD1A5F73FFD3879400701D5FFF760FF3048C0F80090C0F81CA0C036
:20F92000F8B8B02B4AC2F800804FF4C0020099C2F828130199C0F89810BDE8FC9F10B59A8C
:20F94000F769F9DC212A485BF73CF90301F40190AE10002048234C2438007818B1207940C4
:20F96000F0040020719DF789FF2079000701D5FFF77AFF9DF74EFF2079000701D4FFF77342
:20F98000FF9DF775FFBDE810403EF75DBCAFF249001A490860104819492038086014491879
:20F9A0004808601349184808601949174808607047064910B50D4ADC31164880F7D4F81565
:20F9C00049087010BD0000041A20008C12200054C621009C02600054BD2100DC0460007082
:20F9E0000064004815200081030FFEE02C2000081A20000C1A2000CC822000DC2C2000FC4F
:20FA000047200039BC100051BC100069BC1000101A20006CBD2100F447200070B5094C09B6
:20FA20004B002003EB800122180E6892F837503560496A92F876200A60401CC0B20928F06A
:20FA4000D370BD0301F40180AF1000DA2D2000A041210070B5132803D0142801D07F2070F6
:20FA6000BD4FF0FF35294601208CF717FB044629460020FEF7D7F9B4F91600001270BD2D64
:20FA8000E9FC5F0446C0F30047C0F3C0304FF000090190FF269048DFF840A20125DFF8406F
:20FAA000B28DF80090C8464A46012909D0022910D0E4B2F1B1012903D0052901D0002A7401
:20FAC000D0DFF8208204F00106002A72D088F800607BE0FCF6D4FE8349C0B20A7890427D68
:20FAE000D001220870012802D000240027E8E70124FBE77D49804FDFF800820A68042C648B
:20FB0000F31F220A607A49E2B20A707949096820D007DC64B1012C0AD0022C1AD0032C2FDE
:20FB2000D105E0052C15D0102C01D0112C28D1032C03D0104665F757F901460301F4017002
:20FB4000B01000CEB2704987F8009088F8009081F800906D49A1F8009016E0FF2202706AB2
:20FB600048CEB20088811F042902D83D7088F800900B38142803D888F8005087F800900494
:20FB80002C19D00020604908706148007810B1002064F76EFD8BF800608AF80050304665B7
:20FBA000F72DF953490A6802F47F4210430860BDE8FC9F73E001E00120E4E7019848B9545A
:20FBC00048C4F3820106705348017065F71EF952490870524800780028E9D198F80000DF38
:20FBE000F8409100E062E0DFF8088189F800000221D8F80000B1EB102F03D00521B1EB10C6
:20FC00002F10D19FBB4848007828B94148C4F382010670404801703D48007838B3002064F3
:20FC2000F727FD23E0B5EB102F07D21021B1EB102F03D00301F40160B110001121B1EB1017
:20FC40002F04D1C0F3072065F7D6F806E00321B1EB102F0FD12B480068C0B28BF800008A7D
:20FC6000F8005065F7CFF8D8F8001001F47F410843C8F800002F4E9BF800004C4600F001E6
:20FC80000099F8001035683DF78CFF2A493060807808702948C07C00078DD4294620783F99
:20FCA000F702FD88E7022905D0042984D1204665F72EF880E76846FCF6DAFD2049214A0BB8
:20FCC00078984204D19DF800301478A34201D04FF0010808709DF800001070B8F1000FE089
:20FCE000D08AF8005067E7CD4B2000B44B2000B24B2000B14B2000C34B2000DC4B2000C24D
:20FD00004B2000D84B2000C84B2000C94B2000B84B2000AC29200081292000D44B2000D5D8
:20FD20004B2000B04B2000E82A20000301F40150B21000B34B200084292000A82D200073AD
:20FD40002D2000E86D2000C44B2000C54B20002DE9FE430546D07A0026DDF8289088461FF6
:20FD600046042835D1F87A042832D118464AF72DF801907C88B8880290387A38B100200084
:20FD8000904B4602AA01A938464AF71EF90198FCB1029A8118A9420BD3B1FBF4F204FB122F
:20FDA0001609E0291AB1FBF4F181B101FB040086188118A942F5D3A84201D3404503D3AE8D
:20FDC0004206D9464504D80120BDE8FE832044EEE70020F9E72DE9FF4F87B0054693464F0D
:20FDE000F0000A149C49F7F1FF0490A8880590287A039438B100200090234605AA04A92811
:20FE0000464AF7E2F8002089E06988049A08FB0120059981460290084401900898A0B32955
:20FE20007B007B0301F40140B31000814230D8BBF1000F10D128464AF7FDFD60B108984AC5
:20FE4000F7F9FD40B128464AF7E3FD044608984AF7DFFD84421CD003980090DDE901102A50
:20FE600046089BFFF778FF044601A902A8039B089A4AF788FDDDE90101814251D2ECBB5AD9
:20FE800046284608994AF75EFD10B10299494547D1002438E02849C4EBC400096801EB40B2
:20FEA00006F07A58B3AE422DD0287B317B884229D8BBF1000F10D128464AF7BCFD60B1307B
:20FEC000464AF7B8FD40B128464AF7A2FD074630464AF79EFD874215D0324601A902A8038B
:20FEE0009B4AF750FDDDE90101814219D25A46284608994AF727FD08B101E011E002E002E0
:20FF00009949450DD1641C0C4800788442C2D30A990AF1010A8A4503D300200301F401309E
:20FF2000B410000BB0BDE8F08F08F101000649804609788842FFF470AF0220F2E70000C0F7
:20FF40003D2000B83D2000B33D200010B5FE4C606848B920780021C0EB40108000F5F62FF9
:20FF6000FD6060002808D02078C0EB401081006068BDE810405BF75FBA10BDF24B10B55A5F
:20FF800068D2B100211B7815E0C1EB411412F8244024060DD4C1EB4113491C12F82340443D
:20FFA000F0800402F8234002EB83025080C8B210BD491CC9B29942E7D3002010BDE24A5108
:20FFC00068002910D000280ED0127890420BD8C0EB401001EB800010F87C1C090603D57C01
:20FFE000387C215BF728BA7047D74A516889B180B1807D10F0780F0CD01278C0F3C300900C
:02000004FF01FA
:200000004207D8C0EB401201EB820212F87C2C120601D40301F40120B510000020704740BE
:200020001EC0EB401001EB8000704702460020A9B1D2F8A010002921D092F8981092F8A5CD
:2000400020C1F3C301012A0CD00B292CD023DC032913D0042925D00A2910D10EE092F89085
:2000600010ECE7C91E0D2909D2DFE801F007090808080F080B1108080D1300012070470684
:200080002070470720704708207047092070470A2070470B2070470E29EFD00F29FAD1052B
:2000A000207047032070470420704779B1D0F8A01039B190F89F1099B990F8940001281347
:2000C000D014E090F8940001280CD009E0A14909780C2907D090F89400012805D00829058B
:2000E000D000207047032070470220704701207047994A126831B1006D90F8900107E00220
:200100002809D00AE0510708D5006D0301F40110B6100090F891010128F5D102207047128F
:20012000207047002070478D4910B50A688C4914390968B0F8A400520707D4002147F78A08
:20014000FC08B1022010BD032010BDC0F3C000C1F38001884201D1012010BD002010BD7F6D
:20016000480068410705D4800701D501207047032070470020704770B50E460546FFF73CD2
:20018000FF040014D026B101212846FFF7B5FF03E028460121FFF74DFF01462078C0F3061A
:2001A0000004EB400010F8412F61F3C702027070BD2DE9F04107466A4888460068801EC5FD
:2001C000B238468BF762FFB0F9160006123846FFF713FF04006DD04F2D00D9002562482129
:2001E00078405DC1F306012144301A08712078B8F1000FC0F30600204480F8226020D03878
:2002000046FFF70301F40100B7100091FF01462078C0F3060004EB400010F8412F61F302BD
:200220000202703846FFF79FFF01462078C0F3060004EB400010F8402F61F3020202700030
:20024000213846FFF75DFF21E001213846FFF735FF01462078C0F3060004EB400010F841D2
:200260002F61F30202027000213846FFF726FF01462078C0F3060004EB400010F8402F612C
:20028000F30202027000213846FFF7D7FE01462078C0F3060004EB400010F8402F61F3C732
:2002A0000202702078C0F30601491C1E22B1FBF2F302FB131161F306002070BDE8F0812DF4
:2002C000E9F0470D468246FFF79BFE040060D0082D57D1B722FF21B9200CF753FA5FEA0058
:2002E000094FD020780023C0F306019D2089F80A00608809F10802A9F80B000301F401F098
:20030000B7100001259C464FF01E08D01867185B1C3E79467197F8226080F8236004EB4121
:2003200000491C10F8406FDBB2C6F3020702EB0C060CF1020C86F8417007780CF0FF0CFF94
:200340000886F87D704678C6F30207561986F841704078C00886F87D00B1FBF8F008FB10EA
:2003600011AD1CEDB209E060BD2100F73B2000AC8B3100A086310004FE20002078C0F30659
:20038000008842C2D148460CF7FCF89AF81600BDE8F047C0F3C30021E6BDE8F087000070EE
:2003A000B5824A804B00241178012809D01C70012913D11470BDE87040002108463DF738F4
:2003C000BC7B4D022028700120187021B91070002108463DF72DFC7648047070BD4FF44628
:2003E000120146D2F804036F4B00F00F001970714909780301F401E0B8100019B9D2F80415
:200400000340F0004000213DF700BE684A10F0FF00107006D06B484FF00042008842EA0067
:200420002003E06848006800F00F003DF7EEBD10B5604C012809D0207800280ED05C49000D
:200440002020700870BDE81040CCE70120FFF7DDFF2078002801D10120207010BD2DE9F0C3
:2004600041804659485649002480680C700125007C0F2803D0062801D0012800D10D70404B
:20048000462BF7A5FA4C4E514FB8F1010F11D03EF77DF8012815D034703C704D4800687FFD
:2004A000F776FB4C4804604C480178414861B104700BE04A4800687FF76AFB022030703806
:2004C00070F1E735703D70E8E705704046BDE8F0410021ACE770B542484AF21F01C0F880EB
:2004E000124FF01F01C0F884123F4B0301F401D0B9100045F621721A603E4C4AF21921C415
:20050000F8A4113C4D4FF057013C4E29704FF00305357044F6191505604CF60D15856240A7
:20052000F22E35C0F89452354E48F202053560344E44F21B55356006F104064CF611153514
:2005400060314E4CF61105356006F1040644F21A75356006F104064CF60C0535602B4E44CE
:20056000F61B2535601A60294A1160294A4FF0020111604FF00001E1674FF446124FF07E4C
:2005800041C2F89813244A4FF0AA01116002F104024FF0CA011160214A2049116002F1043C
:2005A000024FF0C65111601F4A1E49116040F23451C0F8881270BD802D2000380920007459
:2005C0002D20003909200068BD2100EE51200004833100CC6A20006A2D20005C0920004439
:2005E0000660000301F401C0BA1000304C200064092000C4004100340741001C0164002EB9
:2006000009200031092000C0044100CC044100DC044100F8054100D4066000E80660003C1E
:2006200086310040C07DC0D48931008A82B002C08B310010B55C4C5C4A012807D0022804BD
:20064000D14878012801D11068206010BD48780128FBD120681060206820F4005040F480FC
:2006600040206032205AF77CFF206840F400502060BDE8104032205AF773BF2DE9F0474BAE
:200680004A4C4B484C1278484F02EB820203EBC2023C3C557D484A434EDFF820814FF44831
:2006A00013012822D002281ED1487801281BD17868D86510882060D8F80000316820F4006C
:2006C0007021F4005140F4807441F48045C8F80040356032205AF744FF24F40301F401B0E6
:2006E000BB1000807025F48041C8F800003160BDE8F08748780128FAD1D86D994678602028
:20070000681080306820F4C040306020202060D8F800004FF6FF41084040F48070C8F80064
:200720000032205AF721FF274805604FF00A005AF71BFFD8F8000080B240F44070C8F800C8
:200740000021252560306840F4C040306096205AF70BFF002020604FF40071C9F85C1025BB
:2007600060BDE8F04732205AF7FFBE1748016941F0010101614FF0000101604FF096005AAF
:20078000F7F3BE1148016941F0010101614FF0010101604FF032005AF7E7BE0B4801692172
:2007A000F0010101614FF00001016070470000FC0441000CBF2100E02C20008C1220004C2A
:2007C000122000E8074100040160006001650038B501250301F401A0BC1000714C042861CA
:2007E000D1724870492C220160724970480860714972489CF7C2FC70487149816171490850
:2008000060F8F6E9F888B16F4B6A460421DC20F8F6A4F89DF800006C496D2802D07528020B
:20082000D003E0022000E003200870FFF763FE684867491C2201606749016367490920081D
:200840007067486749057048204870002166485AF720FA65480078C0070BD000231A461997
:2008600046012060F7CDFB00231A461946184660F7C7FB5E48102101605E49082008605ECC
:20088000495D4808605F495D4808605F495E48086060495E48086060495F480860E0784090
:2008A000F00800E0705E49086820F404100860607820F0400060705A4805705A4805700023
:2008C0002038BD59485A4A00215AF70301F40190BD1000E3B970B559495848086000F05249
:2008E000FCAFF20310574908604FF4CA0005210164D0F8001241F08041C0F8001253495125
:20090000480124486053495148086052494620487052495A2008705149582008705148516B
:2009200049047002200870504804705048047050480460FFF76BF83B484FF42872016841E9
:20094000F48051016000214B485AF7A7F94B49552008604A480721002501704170042181B4
:2009600070C170484947481822086047481021A0F80110D421C17145482946047045480483
:20098000704548057045485AF788F90C22002143485AF783F94348434905600F200870427A
:2009A0004804704248047070BD0000A0772000F9C110002C3C200077BF10001C512000F004
:2009C000720C000301F40180BE100060C6210081141000104420000010650014BF21000188
:2009E0000A100004F92000E1601000C13C2000C23C20000444200084C12100B4242000CCA2
:200A0000262000D02620003D581000783B2000775A10007C3B2000FB5A1000803B2000BF4B
:200A20005B1000843B2000035C1000883B2000D444200003472000BD3D200008C1210084F0
:200A40000500008CC62100AC062000E857200021C610008454200061C61000B8542000603B
:200A60004420002F4420006DB92100C0442000C2442000C8512000B83B200060282000A05A
:200A8000C12100640436008C5020009670B0021824200028242000223C2000233C20002D30
:200AA000BA210040C4210078C1210064BD210060BD2100443A2000814520000301F401706F
:200AC000BF10000C20507170472DE9F0410746002008609B480C4698461646414600F18020
:200AE00005052B72D009DC01290FD00229F9D003291DD0B8F1040F68D13DE0062954D00817
:200B00002959D0B8F13F0FF6D168E0062E0BD01C2E05D0292EEFD1816E2160C06E97E00122
:200B20006F2160406F93E0A86B2060E86B8FE0662E1DD00CDC622E1AD004DC032E10D06119
:200B40002E43D114E0642E12D0652E3ED10FE0672E0DD0692E0BD06A2E09D06B2E35D10660
:200B6000E00120F7F701FE2868206068686FE0816F2160C06F6BE0012E06D0022E08D0055B
:200B80002E0ED00C2E21D107E00168216040685EE0816D2160C06D5AE0016E2160406E569C
:200BA000E0A86D2060E86D52E0072EE0D0082EDED0092E0301F40160C010000AD1DBE71063
:200BC0002E08D0122E0AD0262E03D1016D2160406D41E076E02869206068693CE0A869208B
:200BE00060E86938E040F21D12A6F21D1196423BD018DCE92E71D008DC0A2E6FD00C2E6DD4
:200C0000D04C2E6BD0572E5CD17DE0FF2E34D0A6F58071153907F1090217D0032920D00629
:200C2000294FD12DE0C02974D008DC012920D08B2955D0922971D0A5297FD154E0E4295EA1
:200C4000D0E92954D0F32978D16BE0D178202974D281682160C0686060206890B3BDE8F054
:200C600081016921604069F6E781692160C069F2E7016A2160406AEEE7816A2160C06AEA2A
:200C8000E7D178314A0423303271B10D4631290BD0502911D0512915D0612915D0D5230254
:200CA0002916D0052D14D014E045250301F40150C11000D580312901D1082104E093800CEA
:200CC000E0F221D1800721918007E03AE0D92101E040F20111D180F1E7D380016B216040CE
:200CE0006BBDE726E029E0816B2160C06BB7E7016C2160406CB3E717490968090221D58119
:200D00006C2160C06CABE7286C2060686CA7E7A86C2060E86CA3E700E003E0A86A2060E803
:200D20006A9DE7286A2060686A99E7286B2060686B95E7A8682060E86891E7286D2060682A
:200D40006D8DE74346324621463846BDE8F04117F79EBD18BF2100984320002DE9F041064D
:200D600046012928D1F00426D51A487AF781FB0446194F194D1BE00EF79BFE164915487AE5
:200D8000F71BFB38880B2804D005EB8000006820B107E01048F4F713FE09E0104930205BAE
:200DA000F763F80301F40140C21000388805EB800001680A488847641EE1D226F4805630C7
:200DC00046BDE8F08110B5044629B1012903D0022901D122F75EF9204610BD200E2100786A
:200DE0000E2100BC6B0C00FCBF210000207047002070472DE9F05F0446D1480D464FF006A7
:200E00000800784FF00509CE49DFF840A30978DAF800204618CC48CD490778086882420F77
:200E2000D98B460021F9F61EF80644DAF80010DBF80000761C081A0021F9F614F8074405C3
:200E4000E00021F9F60FF8064406F10106C1484FF0010B0068400302D52878022824D02897
:200E60007802283DD3FEF68FFB02281DD02878022836D3B848611C4FF00001006827D0F844
:200E8000F6F1FF00EB060A8046A2450AD2B348018801EB080030443844A0420301F4013075
:200EA000C3100008D92878032805D385F800B020E085F800B01BE0AB4800210068F8F6D646
:200EC000FF81462878032803D30AEB0700241A0BE0A4EB0A0408E0F8F6C9FF8046A248009B
:200EE000210068F8F6C3FF8146287801280BD1601C09D009EB060009F10108A04202D30044
:200F000020BDE8F09F241A2878022801D3012100E000214B46424620469CF740FB0120EF21
:200F2000E72DE9F14F74F765FA132074F72DFA5AF76EFB0646F8F619FB040011D06FF00099
:200F400045AC420AD05AF763FB31465AF764FB401C241A85480068844202DB8448006810F8
:200F6000B174F755FA27E0824890F7D7F80028F7D0AC4205D020460021F8F678FF044601F6
:200F8000E04FF0FF34132074F7D8F95AF740FB054669460301F40120C410002046FFF73190
:200FA000FF40B17648406840070CD52220A4F70FFB8047C8E074F72FFA132074F702FA002F
:200FC00020BDE8F88F21469DF80000F8F6D3F9002600287ED09DF800008FF7D1FD9DF800F5
:200FE00000DFF8A091042807D1D9F8041021F0004141F08051C9F804108FF7E3FDDFF86436
:20100000A1614CDAF80000C00704D0206810B14268032190474E489DF80010007803290246
:20102000D34D49097808445849096808445749083909680F185AF7EFFA29465AF7F0FA9D22
:20104000F80010401C032901D3444A00E0444A1368834200D210604FF44815286DC00705AD
:20106000D0A86A000713D4E86AB84210D208468FF7D8FD9DF800008FF795FD9DF80000F88F
:20108000F65EF99CF786FA132074F70301F40110C510009BF96CE79CF7DEF8D5F8C0008017
:2010A0000402D43B480C3806603B484FF0010880F800809DF80000042805D1D9F804204298
:2010C000F00042C9F80420DAF800105746C90706D0216821B1D5F8C02000E02FE08A622EC3
:2010E000490A78002AFCD18FF7A0FD9DF800008FF75DFD2A4D85F800809DF800007EF769AF
:20110000FD2E70132074F761F974F789F99DF80000F8F619F93868C00719D02068B8B182F7
:20112000680321904720684FF0EF318162426803219047206803218268904708E09CF72DC8
:20114000FA132074F742F974F76AF98DF800609DF8000039E70000BD262000F8BF2100BEBB
:20116000262000CC262000D02620005824200044242000EC26200048242000242420006057
:201180002420000301F40100C61000B4652000184D2100000420002427200028043200BFD1
:2011A000262000BC262000A72720000E4A10B501211170002809D02FF7C8FC012801D1ABA8
:2011C000F7C4FCBDE8104030F7BEB810BD064910B5012008702FF7B9FC012803D1BDE810BF
:2011E00040ABF7B3BC10BDF9BF210010B530F7CAF92FF7ABFC012804D1ABF7BDFC2A4900B0
:2012000020087010BD2948002100682FF755BB10B5052809D24FF00003BDE810401A464F86
:20122000F00B01C0B22EF778BB08D120F7EFFE1F4801210068BDE8104059F7EEBE072816E4
:20124000D009282ED11B481B490078800708D01A48C2790868824211D1194AD27892060DEB
:20126000D4002008601748BDE8104059F75EBD0E48002100682FF720FB13480301F401F0EF
:20128000C61000F4E7401C0860124801680F4859F7C7FE10480078C00603D531F751FF3193
:2012A000F72DFDBDE8104031F796BE10BD0000F9BF21008054200080B5210079B52100C895
:2012C000B72100D24E200018562000F4B72100CCB72100E855200076B5210010B50949092F
:2012E0004C02200870206859F724FD074800682FF7C7FA20680021816200F82C1F417010E1
:20130000BD0000E154200080B521008054200070B5A8F753F90546A8F753F9044600262596
:20132000B12846F4F6FEFC0548066024B12046F4F6F8FC03480660BDE87040A8F744B9102C
:201340005220001452200070B504460D46164628F70DFA47F6FC739C4201D3002070BD3274
:201360004629462046BDE870402FF7BBB910B5044628F70301F401E0C71000FCF92046BD6D
:20138000E810402FF72ABA8D4910B5086840F0600008600021082074F745FB20B989480169
:2013A0006841F030010160012010BD86490A686FF30F0241F89029052818D2DFE800F0158B
:2013C000150315150001F17C01086C40F6014240EA02000864486948F6880240EA020048EA
:2013E000614FF0BB30086001E07848C86700207047002110B561F30F2040F00300044674F9
:20140000F713FA0121204661F30F2020F0010074F70BFA002010BD10B5044682F75FF9006F
:201420002816D00321082074F7FDFA6849002008704FF44811C86F40F00120C867C86F20FD
:20144000F00620C8675E49086820F060000860204610BD10B582F742F950B9584801684159
:20146000F0600101604FF44810C16F0301F401D0C8100021F00121C1675AF72EF80446F43E
:20148000F699F948B10421082074F7D0FA4E48001D016841F0200101604F49012008702029
:2014A00046BDE810405AF71CB810B5F4F683F950B14548016841F0600101604FF44810C15B
:2014C0006F21F00121C167F4F675F93E4C241D80B14248007800280BD13F480078002807BA
:2014E000D00421082074F7A2FA206840F02000206010BD3A480078C006FAD4206820F0205D
:2015000000F5E770B5364C364D98B159F7E5FF06462078012240F002002070002128788F2F
:20152000F74EFD3048C078C0F3400128788FF723FD0BE059F7D1FF06462078002220F0025C
:20154000002070114628788FF73AFD3046BDE8704059F7C6BF38B50446ABF7D5FA2348C4D0
:20156000F800010301AC01C0C91000F3F6EEFC024604F1B4000090012304F588710020A6F8
:20158000F70FFD1C48F8F6E0F91B481B490025C0E901150121F8F6D3F91A48184941601919
:2015A000498160F8F6D5F984F8A551102084F8A6014FF4167215492046F3F6AAFF0A480508
:2015C0007013480560BDE8384082F72AB800001C0436000C15320090003200BBB9BBB9D040
:2015E000432000F9BF2100FA2A2000F92A20004C24200095F508003877200043EB0800778A
:20160000ED0800E828210089EA08008F090000E043200006010488BD100003032042434DF6
:201620003433363442332048616E61756D61204F6C796D70696320284D4647290016030226
:201640006C0014010FC0C62D0000C2010059013C000500000D0107010009030001001703AC
:201660000412000C00050315001B2850FFFF3F0005031F64AEBA0A0500FFFFFFB903050F8C
:2016800001000000380000800700190000000004050B060406032003000002020202050812
:2016A0000000060105010000030108984320000010A000090104020F000022030201000B14
:2016C0000104B80B000002030BFB000801FB0008010F0F0F11030440010000F00128040087
:2016E000000020153200FFFFFAFFD9033EFE2815320000007FFE34102802900164007100B4
:201700000000D3000000F001280100000020153200FFFFFAFFDD033EFE90016400710000FC
:201720000010000000900064003E0000000C000000F001280200000020153200FFFFFAFFE2
:20174000D9033EFE9001640071000000D3000000900064003E0000003E000000F001A00136
:20176000030000001015320000000000F0F0F0001415320000000000F0F0F00018153200B5
:2017800000000000F0F0F0001C153200000000004C4C000020153200FFFFFAFFDD033EFE04
:2017A0002415320000000000000000002815320000007FFE341028023415320000000000E9
:2017C000F00000003815320000000000000000005015320000000000CA0600006C01640062
:2017E0000E0000000C000000900164007100000010000000900064003E0000000C0000001B
:20180000F001340900000020153200FFFFFAFF010106002815320000007FFE341020006C78
:201820000164000E0000000E0000009001640071000000D3000000F0012807000000201599
:201840003200FFFFFAFF05010606900164007100000010000000900064003E0000000C0099
:201860000000F001280800000020153200FFFFFAFF010106009001640071000000D30000A8
:2018800000900064003E0000003E0000000301089C4320000D0000000301820108342000DD
:2018A000078000070005090D1115191D0005090D1115191D00000000000000000005090D91
:2018C000111111110005090D111111110A0602FEFAF6F2EE0703FFFBF7F3EFEB0A0A0A0A95
:2018E0000A0A0A0A0703FFFBF7F3F3F30703FFFBF7F3F3F300000000000000000000000018
:2019000000000000000000000000000000000000000000000000000000000000A5A103017D
:20192000820108352000018001070005090D1115191D0005090D1115191D00000000000050
:2019400000000005090D111111110005090D111111110A0602FEFAF6F2EE0703FFFBF7F3FB
:20196000EFEB0A0A0A0A0A0A0A0A0703FFFBF7F3F3F30703FFFBF7F3F3F300000000000095
:20198000000000000000000000000000000000000000000000000000000000000000000047
:2019A0000000A5A103010E7C3820000900081018283840484E030105B24B2000000301055D
:2019C000B34B2000000107C00102060A233C5A6E7D040000006000058803FF8C03FF900356
:2019E000FF9403FF9803FF00006000059C03FFA003FFA403FFA803FFAC03FF0000600005B0
:201A00008003FF8403FFA006FFB402FF3807FF0000600003A406FFE806FF9806FF434221EA
:201A200021014342212101A7E81805FA6502CC43422121014342212101A7E81F04FA66023F
:201A4000CC43422121014342212101A7E81F04FA6602CC43422121014342212101A5E81F0E
:201A600004FA6602CC43422121014342212101A5E81F05FA6702CC43422121014342212135
:201A800001A5E81F05FA6702CC0301B00CDA2D2000054442454441403F3F3F4F4C4F4E4CA8
:201AA0004B4A4A4A5B595B5B59575555566B696A696A676567677975777577737375758A8D
:201AC00088888686848484855B595B5B59575555564B484C4A47464444445A565A58555432
:201AE0005252536864686664636262637C787C7A78767474768D898B8B8987858587A29F23
:201B0000A1A1A19D9B9B9F6864686664636262634442454441403F3F3F4F4C4F4E4C4B4A82
:201B20004A4A5B595B5B59575555566B696A696A676567677975777577737375758A888891
:201B40008686848484855B595B5B59575555564442454441403F3F3F4F4C4F4E4C4B4A4A9E
:201B60004A5B595B5B59575555566B696A696A676567677975777577737375758A88888615
:201B800086848484855B595B5B59575555564442454441403F3F3F4F4C4F4E4C4B4A4A4A9A
:201BA0005B595B5B59575555566B696A696A676567677975777577737375758A8888868699
:201BC000848484855B595B5B5957555556A5383B3B383235383838454545453D3F414540EA
:201BE0004C4E4E4C45494C4C4C5D5F5D5D50535A5A556C6C6C6C60636C6C6C7A7D7D7D7005
:201C000070777A7A4C4E4E4C45494C4C4C4E4F4E4D48484A4A4A5E5E5E5E5A5A5E5E5E72E5
:201C2000727272696A6E7272808080807C7C8084848A8E8E8E8A8A8A8E8EA3A5A5A59B9BF3
:201C4000A3A5A572727272696A6E727240404046463E3A4044454545505045454A504C4C37
:201C60004C4C47494C4C4C5D5D5D5D4A505A5A5077777780877373737A8181819090817E65
:201C800084904C4C4C4C47494C4C4C4442454441403F3F3F4F4C4F4E4C4B4A4A4A5B595B83
:201CA0005B59575555566B696A696A676567677975777577737375758A888886868484841B
:201CC000855B595B5B59575555564442454441403F3F3F4F4C4F4E4C4B4A4A4A5B595B5B01
:201CE00059575555566B696A696A676567677975777577737375758A8888868684848485B1
:201D0000888888888888888888A11F1F1F1F1F1F1F1F1F3033333333333333334242434371
:201D20004646464444645C645D60605D60607E7E7E7E7E7E7E7E7EA19F9FA4A6A6A6AAB0AE
:201D40004242434346464644441D1E1F1F1F1F201E202C2C2C2C2C2C2C312E3E4040434333
:201D6000434345435758585B5B5B5B5D5D6D6D6D6D6D6D6D7272868B8D9390909593933EFF
:201D8000404043434343454323222121212121222226272626262627282936343232323371
:201DA00034363847474545454749494D585454545558585C5D68606060606468686A3634FC
:201DC000323232333436384442454441403F3F3F4F4C4F4E4C4B4A4A4A5B595B5B5957552F
:201DE00055566B696A696A676567677975777577737375758A8888868684848485444444E9
:201E00004444444444444442454441403F3F3F4F4C4F4E4C4B4A4A4A5B595B5B595755556C
:201E2000566B696A696A676567677975777577737375758A888886868484848588888888A9
:201E40008888888888A4544F504D5049464543605B5C595D5752514E78737471756F6A69F3
:201E6000659893928F928C878682B2ADABA8A89D989996CDC8C6C3C3B5B0B1AE78737471D1
:201E8000756F6A696544424041433F3C3B3A504C514C4D47484749625E5E5C5F545851541D
:201EA00067616360655455484B726E6C6B6E66605B5F88848181837C777478625E5E5C5F08
:201EC0005458515458535451544D4A4A44625D5E5B5F5954514E78737471756F6A67639944
:201EE000949491928C878885AFAAA9A6A59D989996CAC0C4C1C2B6B1B2AF78737471756F79
:201F00006A67634442454441403F3F3F4F4C4F4E4C4B4A4A4A5B595B5B59575555566B69A5
:201F20006A696A676567677975777577737375758A88888686848484854444444444444416
:201F400044444442454441403F3F3F4F4C4F4E4C4B4A4A4A5B595B5B59575555566B696AA7
:201F6000696A676567677975777577737375758A88888686848484858888888888888888DC
:201F800088A21F1F1F1F1F1F1F1F1F303333333333333333424243434646464444645C64B0
:201FA0005D60605D60607E7E7E7E7E7E7E7E7EA19F9FA4A6A6A6AAB042424343464646448A
:201FC000441D1E1F1F1F1F201E202C2C2C2C2C2C2C312E3E40404343434345435758585B61
:201FE0005B5B5B5D5D6D6D6D6D6D6D6D7272868B8D9390909593933E4040434343434543D9
:20200000232221212121212222262726262626272829363432323233343638474745454503
:202020004749494D585454545558585C5D68606060606468686A36343232323334363844C9
:2020400042454441403F3F3F4F4C4F4E4C4B4A4A4A5B595B5B59575555566B696A696A6738
:202060006567677975777577737375758A888886868484848544444444444444444444426B
:20208000454441403F3F3F4F4C4F4E4C4B4A4A4A5B595B5B59575555566B696A696A6765D5
:2020A00067677975777577737375758A88888686848484858888888888888888880301C0EE
:2020C00002B7BA2100A5383B3B383235383838454545453D3F4145404C4E4E4C45494C4C22
:2020E0004C5D5F5D5D50535A5A556C6C6C6C60636C6C6C7A7D7D7D7070777A7A4C4E4E4C4B
:2021000045494C4C4C4E4F4E4D48484A4A4A5E5E5E5E5A5A5E5E5E72727272696A6E727274
:20212000808080807C7C8084848A8E8E8E8A8A8A8E8EA3A5A5A59B9BA3A5A572727272694B
:202140006A6E727240404046463E3A4044454545505045454A504C4C4C4C47494C4C4C5DE7
:202160005D5D5D4A505A5A5077777780877373737A8181819090817E84904C4C4C4C4749F5
:202180004C4C4C4442454441403F3F3F4F4C4F4E4C4B4A4A4A5B595B5B59575555566B6973
:2021A0006A696A676567677975777577737375758A88888686848484855B595B5B59575501
:2021C00055564442454441403F3F3F4F4C4F4E4C4B4A4A4A5B595B5B59575555566B696A02
:2021E000696A676567677975777577737375758A888886868484848588888888888888885A
:20220000880301C002F3BB2100A5565656565454545454666666666565656565757575759B
:2022200074737373737F7F7F7F7E7E7E7E7E8E8E8E8E8E8E8E8E8E939393939393939393C3
:2022400075757575747373737358585858575757575767676766666666666677777776756E
:20226000757575757E7E7E7D7D7D7D7D7D8D8D8D8D8D8D8D8D8D939393939393939393778B
:20228000777776757575757556565656545454545466666666656565656575757575747349
:2022A0007373737F7F7F7F7E7E7E7E7E8E8E8E8E8E8E8E8E8E939393939393939393757540
:2022C000757574737373734442454441403F3F3F4F4C4F4E4C4B4A4A4A5B595B5B5957556B
:2022E00055566B696A696A676567677975777577737375758A88888686848484855B595BA1
:202300005B59575555564442454441403F3F3F4F4C4F4E4C4B4A4A4A5B595B5B59575555F4
:20232000566B696A696A676567677975777577737375758A888886868484848588888888A4
:202340008888888888000704030000000201D80700003200700F000060080000AC003200EE
:20236000FFFFFF0100002F0008023200FFFFFFFF2A00000050034100FFFF00001005000027
:2023800054034100FFFF0000090900005C034100FFFF00000908000060034100FFFF000044
:2023A0000F0700006C034100FFFF00000E09000074034100FFFF00000509000078034100C2
:2023C000FFFF0000100A00001C064100FFFF00003C40000020064100FFFF00000040000063
:2023E00024064100FFFF00000040000028064100FFFF0000804300002C064100FFFF000093
:202400003C40000044066000FF0000000000000048026400FFFFFFFF000000006800320053
:2024200000060000000000006C0032000006060600000000E40032000600000000000000CA
:20244000B8004100FFFF0000C5E2000040014100FFFF00001005000044014100FFFF0000C5
:202460000909000048014100FFFF00002E0300004C014100FFFF0000090800005001410062
:20248000FFFF00000F0700005C014100FFFF00000E09000060014100FFFF000005090000C7
:2024A00064014100FFFF0000100A000040034100FFFF00000A0500008C034100FFFFFFFF01
:2024C000F76C0000E403410004000000040000002C044100FFFF0000CC000000D804410011
:2024E000FFFF000033840000F005410000FF0000002100003C064100FFFF0000E8880000E0
:20250000E0064100000F000000000000E40641003F00000027000000E4074100FFFF0000CA
:202520006D6D0000F00741003F00000039000000F40741003F0000003900000008006000F5
:20254000040000000400000064016000FF0000000800000068016000FF00000008000000D7
:202560006C016000FF0000000800000070016000FF0000000800000074016000FF000000DB
:202580000800000078016000FF000000080000007C016000FF00000008000000840160008A
:2025A000FF0000000800000088016000FF000000080000008C016000FF0000000800000030
:2025C00090016000FF0000000800000098016000FF0000000800000088026000FF0000001A
:2025E0000B0000008C026000FF000000FF0000007C036000FF000000ED0000005006600063
:20260000FF0000006C0000005C0660000F0000000000000000006400040000000400000012
:2026200070006400FF00000008000000D8006400FF0000001700000008016400FF00000001
:20264000100000000C016400FF0000001000000010016400FF0000001000000014016400ED
:20266000FF000000100000009C016400FFFFFFFF01000000AC016400FF000000A30000009A
:202680004C026400FF0000000000000050026400FF0000000000000054026400FF0000001B
:2026A0000000000058026400FF0000001800000094026400371F0000100E000098026400D9
:2026C000FFFFFF031F02CE01A4026400FFFF0000FF3600009C026400FF0100004F0000007C
:2026E000A0026400FF0700004A040000AC026400FFFF0000E4BD0000B0026400FF000000BA
:202700003A00000084074100FFFF00006580000070014100FFFF0000EB170000800341005A
:20272000FFFF0000EB1300000301D201FE48200003191800F6FF130037005A007B00940084
:20274000B400D300F30010012E014C016C018C01A901C701E401060220023B0254027202F0
:202760008F02D800F6FF14003300560078009800B700DB00F9001701380155017201900118
:20278000AD01CC01EA0108021802320250026E028C02C5000000010100FE00000000000165
:2027A000FFFF000000FF000100FE00FF000000000000FFFF000000000000FFFF0000000022
:2027C0000000D000CECE0000FFFF00CECECE0E00FFFF00CECECE2B0001FF01CECECE3F00DA
:2027E00002FF01CECECE4E0001FD01CECECE000000000000000000000000000000000301B2
:20280000C401EC0A2000FAFABFBFE8E80B0BFBFBBFBFECEC0B0BFCFCBFBFF0F00B0BFDFDBD
:20282000BFBFF4F40B0BFDFD9B9BF4F40B0BFDFD8989F4F40B0BFDFD8080F4F40B0B7D7DF2
:202840008080F4F409093D3D8080F4F408081D1D8080747408080D0D80803434080805053E
:2028600080801414080806068080181808081D1D00001C1C08080D0D0000F0F005053C3CD6
:202880004040F0F004041C1C4040707004040C0C404030300404020240400808040403038E
:2028A00040400C0C040404044040101004040505404014140404060640401818040406063E
:2028C000404018180404030164AC0B2000F83FE003F83FE003F83FE003F93FE403FA3FE873
:2028E00003FB3FEC03FA1BE803FA09E803FA00E8037A00E8017B00EC017C00F0017D00F430
:20290000013A40E8043B40EC043C40F0043D40F4041D4074040D4034044440100545401474
:202920000546401805064018040640180403010534092000010301053309200002040798BA
:202940000104321F00001C00001A02001701001530001311001102000F10000E12000D0306
:20296000000B11000A02000902000830000701000714000622000500000504000507000582
:202980008700040700047700032500030900032B00036C0003FB0002390002A900028C00E7
:2029A00002AE00012200013500012800016900012D0001CC0001DE0001FF00015F0101AF90
:2029C0000101FF01016D02019D0201CD0201CF02011C03010F03012F030407980102321FE6
:2029E00000001C00001A02001701001530001311001102000F10000E12000D03000B1100A0
:202A00000A020009020008300007010007140006220005000005040005070005870004076B
:202A200000047700032500030900032B00036C0003FB0002390002A900028C0002AE000127
:202A40002200013500012800016900012D0001CC0001DE0001FF00015F0101AF0101FF019E
:202A6000016D02019D0201CD0201CF02011C03010F03012F0303072A000000000100000009
:202A8000140A00040000000000000A00FE0BE4FE1C01E4FE1C010A00FE0BF1FF0F00F1FF01
:202AA0000F00030106D04820000000030105CC4820000003010AADBA2100EEEEEEEAE8EF67
:202AC00003010586BA2100F6030105CD482000FF030105164A200000030105174A20000046
:202AE000030105184A200001030105194A20000103010574BA210001030134004B200012AF
:202B000058FFFF164006400E4016401E4026402E4036403E40FFFFFFFFFFFFFFFFFFFFFF04
:202B2000FFFFFFFFFFFFFF020001001AE01A600301C401404A2000105811581258135814F8
:202B40005815581658175802580A5812581A5822582A5832583A585258126012681218FF64
:202B6000FFFFFFFFFFFFFF1258925812599259125A925A125B925B125C925C125D925D1234
:202B80004812501258124012D8FFFFFFFFFFFFFFFFFFFFFFFFFFFFFFFFFFFFFFFFFFFFFFFC
:202BA000FFFFFFFFFFFFFFFFFFFFFFFFFFFFFFFFFFFFFFFFFFFFFFFFFFFFFFFFFFFFFFFF35
:202BC000FFFFFFFFFFFFFFFFFFFFFFFFFFFFFFFFFFFFFFFFFFFFFFFFFFFFFFFFFFFFFFFF15
:202BE000FFFFFFFFFFFFFFFFFFFFFFFFFFFFFFFFFFFFFFFFFFFFFF03011C304B2000E2DF70
:202C0000DCD9D6D3D0CECCCAC8C6C4C2C0BEBCBAB8B6B4B29C9703010AEA482000000000B3
:202C200000000003010ADE482000000000000000030114CC492000EBFFEBFFEBFFEBFFEB60
:202C4000FFEBFFCE00CE0003010C91BA2100DCDCDCDCDDDDCECE03010C99BA2100E9E9E96E
:202C6000E8E9EACECE030114E843210000000000000000000000000000000000030114F889
:202C800043210000000000000000000000000000000000030114DC492000D3FFD4FFD4FFFB
:202CA000D2FFD2FFD2FFD2FFD2FF03010CF6482000000E182B3F4EFFFF030105CE48200076
:202CC00001030105004A2000CE030105014A2000FF030105054A2000F1030105064A20005D
:202CE000B5030105044A20000A030105114A200003030105104A200002030105154A20000A
:202D000001030106CE4420000000030109494C20000000000000030109584C2000000000E3
:202D200000000F03280278147F5A001402141E000203001EAA331905CF00800A92000000A1
:202D400000070000A20000000000000000030110A08220001E2E8024010000000C00000077
:202D6000030105804C200001030164A84C200076665D534A443E39645A5049443E39358A7F
:202D8000776C615750494375695D564F48433E9F897D70655D554E87796C635C544E48B0D4
:202DA000988A7C70675E579586786E665D5750C5AA9B8B7E746A62A796867B7369625ACD88
:202DC000B1A29183796F66AF9D8C81786E665E030164884D200076665D534A443E39645A8F
:202DE0005049443E39358A776C615750494375695D564F48433E9F897D70655D554E877926
:202E00006C635C544E48B0988A7C70675E579586786E665D5750C5AA9B8B7E746A62A796C8
:202E2000867B7369625ACDB1A29183796F66AF9D8C81786E665E030164084D200076665D5E
:202E4000534A443E39645A5049443E39358A776C615750494375695D564F48433E9F897D84
:202E600070655D554E87796C635C544E48B0988A7C70675E579586786E665D5750C5AA9B19
:202E80008B7E746A62A796867B7369625ACDB1A29183796F66AF9D8C81786E665E03016426
:202EA000E84D200076665D534A443E39645A5049443E39358A776C615750494375695D5653
:202EC0004F48433E9F897D70655D554E87796C635C544E48B0988A7C70675E579586786E70
:202EE000665D5750C5AA9B8B7E746A62A796867B7369625ACDB1A29183796F66AF9D8C8164
:202F0000786E665E030114484E200000000000000000000505050505050505030114584E53
:202F2000200000000000000000000505050505050505030114684D2000000000000000005C
:202F4000000505050505050505030114784D20000000000000000000050505050505050524
:202F600010010F00188C0500A7F072BB00000003100010010F01EC810500A8F08DB8000041
:202F80000A03100010010F0294800500A8F00BBB0000AE06100010010F03048B0500A7F069
:202FA00005BC00001203100010010F041C9F0500A6F088BC00003008100010010F05C0FE42
:202FC0000200D0F02CBA00001C03100010010F0688090A0060F0DCB90000440D1000100102
:202FE0000F0794090A0060F0DFB90000560D100010010F08800F06009FF0F6BE0000700D3C
:20300000100010010F0960090600A0F04DBA0000FE0D100010010F0A54100100EFF066B9C9
:2030200000002403100010010F0B340D0100F0F0EAB900000C11100010010F0C740D01008E
:20304000EFF0DABA00002C03100010010F0DD84C0500ABF02CBB00003403100010010F0E71
:20306000243308007EF054B80000D013100010010F0FB0CF0A0054F03EBC00003018100036
:2030800010010F10102C06009EF061BE0000D618100010010F11D03006009DF034B9000062
:2030A0003C03100010010F12004D06009BF020BB00004403100010010F13FC030200DFF07C
:2030C000A6BF00004C03100010010F14A84006009CF054B90000540310000601043023109C
:2030E0000010010F15C4740A0058F04ABF00005C03100010010F162C700A0059F09BB90020
:20310000006603100010010F17EC3908007EF04FBF00008E28100010010F18143608007F87
:20312000F06CB90000F028100010010F19403908007CF016BD00007003100010010F1AC4D8
:20314000420500ACF058B800007803100010010F1B68C80400B6F0B6B90000D82B1000104A
:20316000010F1C34D20500A5F0DCBC0000F02B100010010F1DC8D20500A5F0D9BC00007E3C
:203180002C100010010F1EE0CF0100E3F0CEB900008003100010010F1F6CE0080074F0A47D
:2031A000BE0000B82D100010010F20DCD8080075F02BBB0000362F100010010F2114D6086D
:2031C0000072F0B8BE00008803100010010F22D8DC080072F05ABB00009003100010010F44
:2031E0002330700100E9F0B2B900009803100010010F247C6D0100E9F010BB0000A0031097
:203200000010010F25B4F70A0053F028BE00000834100010010F2694C4060097F004B80058
:2032200000A034100010010F276424080082F067BB0000364B100010010F28CC2508007DF0
:20324000F0ECBE0000A803100010010F29DC000600A0F068B90000B003100010010F2A38F8
:20326000680A0059F0BEBD0000B803100010010F2B848B0300CCF028B90000D84D1000100E
:20328000010F2C389B0100EBF0ECB90000144F100010010F2DCC9C0100EBF0E6B900009C5F
:2032A00050100010010F2EECA00100E6F066B90000BC03100010010F2FF49E0100EBF03D15
:2032C000BB00007255100010010F3000A20100EBF0C8BA00009457100010010F3144D000AC
:2032E00000F3F0BEB90000C403100010010F3280BA0000FAF0CFB80000225C100010010FF2
:2033000033B0C10000F4F00CB90000CC03100010010F3458470100EBF03CBE0000D40310D1
:203320000010010F35D4380100F3F0EBB90000AE6C100010010F367C350100F3F0C4BC000F
:2033400000086F1000060104F07010000601049271100010010F3708DA0000F2F0E8BC008E
:2033600000DC03100010010F3890DB0000F2F028BC0000E4031000060104BE78100010017C
:203380000F39D075090071F086BF0000E094100010010F3A84970400C0F06EBA0000649C1C
:2033A000100010010F3B98B60400BEF059BC00004E9F100010010F3CFC530A0065F080B84E
:2033C000000000A5100010010F3D849C0400C0F04BBC00001EA5100010010F3EFC7B070051
:2033E00092F0BBBF000076AB100010010F3F0C8E0A0061F062BF0000D4AC100010010F403B
:2034000064510A005BF042B90000EC03100010010F416C79070088F042BD0000F4031000DD
:2034200010010F425803070090F050B80000FC03100010010F43645F0500B5F0C5B90000E3
:20344000F2B2100010010F44386E0300C9F0E4BA00000404100010010F45E46E0300D4F0BE
:203460002DBD000042B9100006010492BD100010010F46484A000007F1B1BC0000AEC3100F
:203480000010010F4738C90300C3F066BD00000804100010010F489CC60300C3F0BBBE00D6
:2034A000001604100010010F494CD10300C3F068B900002004100010010F4AA04A0B00579B
:2034C000F06CBE00007CC7100010010F4B184C0300D7F0CCBD0000B4C7100010010F4C7CEA
:2034E0004C0300CBF0D4BB00002804100010010F4D08EB080071F092BC000030041000108C
:20350000010F4EC40D08007FF038BB00003804100010010F4F980D08008BF05DBD000056BF
:20352000C8100010010F5078ED080071F060BB00003C04100010010F5188EA08007DF0169C
:20354000BF0000B8C8100010010F5244F708007DF0DFB8000006C9100010010F534C0A00BB
:2035600000FFF0FABC00004404100010010F542CF808000022002100000000000010010F4B
:20358000557CF6080070F0E6BE00004C041000FE0000FFFFFFFFFFFFFFFFFFFFFFFFFFFF08
