Processes: 343 total, 2 running, 6 stuck, 335 sleeping, 1063 threads 
2026/07/24 13:44:07
Load Avg: 1.54, 1.85, 1.90 
CPU usage: 7.69% user, 25.64% sys, 66.66% idle 
SharedLibs: 458M resident, 83M data, 37M linkedit.
MemRegions: 25393 total, 1170M resident, 179M private, 739M shared.
PhysMem: 6215M used (2231M wired), 1977M unused.
VM: 11T vsize, 3153M framework vsize, 0(0) swapins, 0(0) swapouts.
Networks: packets: 230/32K in, 236/32K out.
Disks: 702136/11G read, 244859/14G written.

PID   COMMAND          %CPU TIME     #TH   #WQ #PORTS MEM   PURG  CMPRS PGRP PPID STATE    BOOSTS   %CPU_ME %CPU_OTHRS UID FAULTS   COW  MSGSENT MSGRECV SYSBSD   SYSMACH CSW      PAGEINS IDLEW  POWER INSTRS CYCLES USER                   #MREGS RPRVT VPRVT VSIZE KPRVT KSHRD
1976  top              0.0  00:00.09 1/1   0   15     1256K 0B    0B    1976 1107 running  *0[1]    0.00000 0.00000    0   1012     106  75697   37848   1556     39991   54       0       0      0.0   0      0      root                   N/A    N/A   N/A   N/A   N/A   N/A  
1974  mdworker_shared  0.0  00:00.28 4     1   49     1144K 0B    0B    1974 1    sleeping *0[1]    0.00000 0.00000    501 14346    169  623     269     4663     1815    419      0       2      0.0   0      0      maxieds                N/A    N/A   N/A   N/A   N/A   N/A  
1973  mdworker_shared  0.0  00:00.29 4     1   48     1092K 0B    0B    1973 1    sleeping *0[1]    0.00000 0.00000    501 14169    169  634     273     4694     1836    475      0       2      0.0   0      0      maxieds                N/A    N/A   N/A   N/A   N/A   N/A  
1972  mdworker_shared  0.0  00:00.26 4     1   49     1124K 0B    0B    1972 1    sleeping *0[1]    0.00000 0.00000    501 12740    169  611     263     4176     1645    425      0       2      0.0   0      0      maxieds                N/A    N/A   N/A   N/A   N/A   N/A  
1971  mdworker_shared  0.0  00:00.29 4     1   49     1148K 0B    0B    1971 1    sleeping *0[1]    0.00000 0.00000    501 13214    169  607     263     4154     1640    389      0       2      0.0   0      0      maxieds                N/A    N/A   N/A   N/A   N/A   N/A  
1970  mdworker_shared  0.0  00:00.26 4     1   49     1132K 0B    0B    1970 1    sleeping *0[1]    0.00000 0.00000    501 12631    169  609     264     4161     1639    373      0       2      0.0   0      0      maxieds                N/A    N/A   N/A   N/A   N/A   N/A  
1969  mdworker_shared  0.0  00:00.26 4     1   49     1152K 0B    0B    1969 1    sleeping *0[1]    0.00000 0.00000    501 13092    169  608     263     4257     1626    382      0       2      0.0   0      0      maxieds                N/A    N/A   N/A   N/A   N/A   N/A  
1968  mdworker_shared  0.0  00:00.27 4     1   49     1144K 0B    0B    1968 1    sleeping *0[1]    0.00000 0.00000    501 12744    169  609     263     4204     1640    360      0       2      0.0   0      0      maxieds                N/A    N/A   N/A   N/A   N/A   N/A  
1967  mdworker_shared  0.0  00:00.27 4     1   49     1128K 0B    0B    1967 1    sleeping *0[1]    0.00000 0.00000    501 12752    169  610     263     4185     1646    396      0       2      0.0   0      0      maxieds                N/A    N/A   N/A   N/A   N/A   N/A  
1966  mdworker_shared  0.0  00:00.26 4     1   49     1128K 0B    0B    1966 1    sleeping *0[1]    0.00000 0.00000    501 12671    169  610     263     4363     1637    368      0       2      0.0   0      0      maxieds                N/A    N/A   N/A   N/A   N/A   N/A  
1965  mdworker_shared  0.0  00:00.28 4     1   49     1136K 0B    0B    1965 1    sleeping *0[1]    0.00000 0.00000    501 14218    169  628     269     4825     1831    435      0       3      0.0   0      0      maxieds                N/A    N/A   N/A   N/A   N/A   N/A  
1963  mdworker_shared  0.0  00:00.05 4     1   42     1024K 0B    0B    1963 1    sleeping *0[1]    0.00000 0.00000    89  3585     169  509     228     980      509     118      1       8      0.0   0      0      _spotlight             N/A    N/A   N/A   N/A   N/A   N/A  
1950  mdworker_shared  0.0  00:00.07 4     1   43     1096K 0B    0B    1950 1    sleeping *0[1]    0.00000 0.00000    89  3690     173  535     237     1104     561     305      5       13     0.0   0      0      _spotlight             N/A    N/A   N/A   N/A   N/A   N/A  
1949  mdworker_shared  0.0  00:00.07 4     1   42     1040K 0B    0B    1949 1    sleeping *0[1]    0.00000 0.00000    89  5225     169  526     233     1488     714     185      2       12     0.0   0      0      _spotlight             N/A    N/A   N/A   N/A   N/A   N/A  
1948  mdworker_shared  0.0  00:00.06 4     1   43     1096K 0B    0B    1948 1    sleeping *0[1]    0.00000 0.00000    89  3708     174  537     236     1099     574     236      5       16     0.0   0      0      _spotlight             N/A    N/A   N/A   N/A   N/A   N/A  
1918  mdworker_shared  0.0  00:00.13 4     1   43     1084K 0B    0B    1918 1    sleeping *0[1]    0.00000 0.00000    89  6482     169  595     242     1965     1030    504      3       48     0.0   0      0      _spotlight             N/A    N/A   N/A   N/A   N/A   N/A  
1913  mdworker_shared  0.0  00:00.13 4     1   42     1040K 0B    0B    1913 1    sleeping *0[1]    0.00000 0.00000    89  7226     174  600     242     1870     1099    485      16      44     0.0   0      0      _spotlight             N/A    N/A   N/A   N/A   N/A   N/A  
1856  mdworker_shared  0.0  00:00.13 4     1   42     1044K 0B    0B    1856 1    sleeping *0[1]    0.00000 0.00000    89  6825     169  615     240     2138     1173    533      3       60     0.0   0      0      _spotlight             N/A    N/A   N/A   N/A   N/A   N/A  
1749  wifip2pd         0.0  00:00.09 2     1   25     1168K 0B    0B    1749 1    sleeping *0[1]    0.00000 0.00000    0   2707     209  112     56      965      213     327      4       1      0.0   0      0      root                   N/A    N/A   N/A   N/A   N/A   N/A  
1742  VTDecoderXPCServ 0.0  00:00.19 2     1   71     13M   4460K 0B    1742 1    sleeping *0[21]   0.00000 0.00000    501 6566     170  1423    686     4289     1547    586      15      4      0.0   0      0      maxieds                N/A    N/A   N/A   N/A   N/A   N/A  
1695  CVMServer        0.0  00:00.03 2     1   33     544K  32K   0B    1695 1    sleeping *0[1]    0.00000 0.00000    0   1392     101  107     55      614      251     167      0       16     0.0   0      0      root                   N/A    N/A   N/A   N/A   N/A   N/A  
1515  keyboardservices 0.0  00:00.25 2     1   53     1784K 20K   0B    1515 1    sleeping *0[4]    0.00000 0.00000    501 2669     176  192     950     11118    2265    2650     11      3      0.0   0      0      maxieds                N/A    N/A   N/A   N/A   N/A   N/A  
1514  AppleSpell       0.0  00:00.29 2     1   100    5676K 80K   0B    1514 1    sleeping *0[1]    0.00000 0.00000    501 6999     329  502     145     5574     1325    1466     104     14     0.0   0      0      maxieds                N/A    N/A   N/A   N/A   N/A   N/A  
1513  LookupViewServic 0.0  00:00.38 4     2   200    6968K 12K   0B    1513 1    sleeping  0[7]    0.00000 0.00000    501 10349    400  1112    315     5778     2730    2275     280     7      0.0   0      0      maxieds                N/A    N/A   N/A   N/A   N/A   N/A  
1237  mdworker         0.0  00:00.04 2     1   50     1172K 0B    0B    1237 1    sleeping *0[1]    0.00000 0.00000    501 2526     181  149     44      892      324     102      0       1      0.0   0      0      maxieds                N/A    N/A   N/A   N/A   N/A   N/A  
1136  ls               0.0  01:15.18 1     0   22     2920K 0B    0B    1136 1135 stuck    *0[1]    0.00000 0.00000    0   1762     84   53      22      5924598  125     269048   0       0      0.0   0      0      root                   N/A    N/A   N/A   N/A   N/A   N/A  
1135  sudo             0.0  00:00.00 1     0   8      332K  0B    0B    1135 1134 sleeping *0[1]    0.00000 0.00000    0   183      89   12      6       45       16      4        0       0      0.0   0      0      root                   N/A    N/A   N/A   N/A   N/A   N/A  
1134  sudo             0.0  00:12.42 2     1   42     2356K 0B    0B    1134 1131 sleeping *0[16]   0.00000 0.00000    0   2363     372  149     81      5130438  499     325162   1       0      0.0   0      0      root                   N/A    N/A   N/A   N/A   N/A   N/A  
1131  bash             0.0  00:00.02 1     0   21     1316K 0B    0B    1131 1125 sleeping *0[1]    0.00000 0.00000    501 1147     276  56      22      914      113     133      6       0      0.0   0      0      maxieds                N/A    N/A   N/A   N/A   N/A   N/A  
1125  bash             0.0  00:00.01 1     0   21     1048K 0B    0B    1125 1124 sleeping *0[1]    0.00000 0.00000    501 1056     290  83      33      942      156     120      0       0      0.0   0      0      maxieds                N/A    N/A   N/A   N/A   N/A   N/A  
1124  login            0.0  00:00.03 2     1   32     1144K 0B    0B    1124 556  sleeping *0[9]    0.00000 0.00000    0   1514     188  83      33      4142     246     180      16      0      0.0   0      0      root                   N/A    N/A   N/A   N/A   N/A   N/A  
1117  distnoted        0.0  00:00.03 2     1   29     392K  0B    0B    1117 1    sleeping *0[1]    0.00000 0.00000    269 1200     86   99      35      377      212     53       0       0      0.0   0      0      _reportmemoryexception N/A    N/A   N/A   N/A   N/A   N/A  
1115  XprotectService  0.0  00:01.65 2     1   23     1160K 0B    0B    1115 1    sleeping *0[2]    0.00000 0.00000    0   56713    704  93      45      130307   430     1661     62      2      0.0   0      0      root                   N/A    N/A   N/A   N/A   N/A   N/A  
1107  bash             0.0  00:00.19 1     0   21     1380K 0B    0B    1107 1006 sleeping *0[1]    0.00000 0.00000    501 5967     3281 182     83      8279     175     1497     190     0      0.0   0      0      maxieds                N/A    N/A   N/A   N/A   N/A   N/A  
1101  deleted          0.0  00:00.15 2     1   39     844K  0B    0B    1101 1    sleeping  0[0]    0.00000 0.00000    501 2173     151  1368    632     2238     1473    419      21      1      0.0   0      0      maxieds                N/A    N/A   N/A   N/A   N/A   N/A  
1097  promotedcontentd 0.0  00:00.31 2     1   64     2176K 0B    0B    1097 1    sleeping *0[6]    0.00000 0.00000    501 4227     311  322     119     4806     771     1837     36      47     0.0   0      0      maxieds                N/A    N/A   N/A   N/A   N/A   N/A  
1096  com.apple.AppSto 0.0  00:00.06 2     1   27     3420K 0B    0B    1096 1    sleeping  0[0]    0.00000 0.00000    0   1561     115  86      37      460      173     127      0       3      0.0   0      0      root                   N/A    N/A   N/A   N/A   N/A   N/A  
1095  installcoordinat 0.0  00:00.05 2     1   42     920K  0B    0B    1095 1    sleeping *0[1]    0.00000 0.00000    274 2045     156  104     35      864      237     100      3       2      0.0   0      0      _installcoordinationd  N/A    N/A   N/A   N/A   N/A   N/A  
1094  ASPCarryLog      0.0  00:00.05 2     1   32     1056K 0B    0B    1094 1    sleeping *0[2]    0.00000 0.00000    0   1988     199  131     60      950      304     208      5       2      0.0   0      0      root                   N/A    N/A   N/A   N/A   N/A   N/A  
1093  appstoreagent    0.0  00:00.57 2     1   109    3384K 108K  0B    1093 1    sleeping *0[7]    0.00000 0.00000    501 6556     447  689     180     9196     2069    4229     30      310    0.0   0      0      maxieds                N/A    N/A   N/A   N/A   N/A   N/A  
1006  bash             0.0  00:00.10 1     0   21     1088K 0B    0B    1006 1005 sleeping *0[1]    0.00000 0.00000    501 1959     698  99      41      6035     164     744      0       0      0.0   0      0      maxieds                N/A    N/A   N/A   N/A   N/A   N/A  
1005  login            0.0  00:00.02 2     1   31     1120K 0B    0B    1005 556  sleeping *0[9]    0.00000 0.00000    0   1526     192  83      33      4121     246     126      0       0      0.0   0      0      root                   N/A    N/A   N/A   N/A   N/A   N/A  
856   cp               0.0  01:37.81 1     0   19     2560K 0B    0B    856  855  stuck    *0[1]    0.00000 0.00000    0   899      151  47      18      2933203  93      312063   61      0      0.0   0      0      root                   N/A    N/A   N/A   N/A   N/A   N/A  
855   sudo             0.0  00:00.00 1     0   8      324K  0B    0B    855  845  sleeping *0[1]    0.00000 0.00000    0   178      87   12      6       45       16      4        0       0      0.0   0      0      root                   N/A    N/A   N/A   N/A   N/A   N/A  
845   sudo             0.0  00:05.53 2     1   41     2320K 0B    0B    845  559  sleeping *0[16]   0.00000 0.00000    0   2330     369  153     83      1093715  502     122600   1       0      0.0   0      0      root                   N/A    N/A   N/A   N/A   N/A   N/A  
735   nfcd             0.0  00:00.12 2     1   48     1116K 0B    0B    735  1    sleeping *0[1]    0.00000 0.00000    260 2451     204  159     49      1029     347     367      36      3      0.0   0      0      _applepay              N/A    N/A   N/A   N/A   N/A   N/A  
733   progressd        0.0  00:00.38 2     1   51     1768K 0B    0B    733  1    sleeping *0[1]    0.00000 0.00000    501 5547     271  179     56      3902     1556    767      8       10     0.0   0      0      maxieds                N/A    N/A   N/A   N/A   N/A   N/A  
729   studentd         0.0  00:00.39 2     1   131    4972K 88K   0B    729  1    sleeping *0[1]    0.00000 0.00000    501 7220     472  892     230     8422     2095    2202     52      23     0.0   0      0      maxieds                N/A    N/A   N/A   N/A   N/A   N/A  
719   EscrowSecurityAl 0.0  00:00.07 2     1   46     1412K 12K   0B    719  1    sleeping  0[0]    0.00000 0.00000    501 2831     192  135     45      1236     305     426      0       7      0.0   0      0      maxieds                N/A    N/A   N/A   N/A   N/A   N/A  
697   followupd        0.0  00:00.03 2     1   44     1084K 16K   0B    697  1    sleeping *0[1]    0.00000 0.00000    501 1619     156  133     50      872      310     127      0       0      0.0   0      0      maxieds                N/A    N/A   N/A   N/A   N/A   N/A  
678   mobileactivation 0.0  00:00.06 2     1   44     664K  0B    0B    678  1    sleeping *0[1]    0.00000 0.00000    0   1477     117  103     45      589      237     137      0       0      0.0   0      0      root                   N/A    N/A   N/A   N/A   N/A   N/A  
677   lskdd            0.0  00:00.10 2     0   29     552K  0B    0B    677  1    sleeping *1[1]    0.00000 0.00000    265 1441     105  1490    739     1254     883     974      0       504    0.0   0      0      _fpsd                  N/A    N/A   N/A   N/A   N/A   N/A  
674   memoryanalyticsd 0.0  00:00.04 2     1   38     1028K 0B    0B    674  1    sleeping  0[0]    0.00000 0.00000    0   1150     120  112     47      828      251     172      1       2      0.0   0      0      root                   N/A    N/A   N/A   N/A   N/A   N/A  
672   online-authd     0.0  00:00.01 2     1   37     560K  0B    0B    672  1    sleeping *0[2]    0.00000 0.00000    0   712      103  105     51      424      215     100      0       2      0.0   0      0      root                   N/A    N/A   N/A   N/A   N/A   N/A  
626   mdworker         0.0  00:00.07 2     1   41     1044K 0B    0B    626  1    sleeping *0[1]    0.00000 0.00000    89  2427     180  138     44      905      302     111      2       2      0.0   0      0      _spotlight             N/A    N/A   N/A   N/A   N/A   N/A  
587   spindump_agent   0.0  00:00.02 2     1   42     832K  0B    0B    587  1    sleeping *0[5]    0.00000 0.00000    501 1160     132  184     57      598      389     174      0       2      0.0   0      0      maxieds                N/A    N/A   N/A   N/A   N/A   N/A  
586   spindump         0.0  00:00.09 2     1   41     920K  0B    0B    586  1    sleeping *0[1]    0.00000 0.00000    0   2493     156  159     77      5107     373     412      14      3      0.0   0      0      root                   N/A    N/A   N/A   N/A   N/A   N/A  
585   QuickLookSatelli 0.0  00:02.11 3     2   72     11M   576K  0B    585  1    sleeping *0[20]   0.00000 0.00000    501 8901     252  854     362     26675    1674    8552     58      49     0.0   0      0      maxieds                N/A    N/A   N/A   N/A   N/A   N/A  
584   mdwrite          0.0  00:00.04 2     1   32     732K  0B    0B    584  1    sleeping *0[1]    0.00000 0.00000    501 1263     127  156     138     1238     496     371      0       17     0.0   0      0      maxieds                N/A    N/A   N/A   N/A   N/A   N/A  
581   logd_helper      0.0  00:00.03 2     1   20     512K  0B    0B    581  1    sleeping *0[1]    0.00000 0.00000    0   1298     101  69      35      432      150     70       0       0      0.0   0      0      root                   N/A    N/A   N/A   N/A   N/A   N/A  
559   bash             0.0  00:00.08 1     0   21     1132K 0B    0B    559  557  sleeping *0[1]    0.00000 0.00000    501 1964     679  97      40      4711     163     1046     2       0      0.0   0      0      maxieds                N/A    N/A   N/A   N/A   N/A   N/A  
558   com.apple.audio. 0.0  00:00.05 2     1   21     3360K 0B    0B    558  1    sleeping *0[1]    0.00000 0.00000    0   1760     126  83      40      607      165     135      0       0      0.0   0      0      root                   N/A    N/A   N/A   N/A   N/A   N/A  
557   login            0.0  00:00.04 2     1   32     1164K 0B    0B    557  556  sleeping *0[9]    0.00000 0.00000    0   1505     179  83      33      2240     246     422      0       0      0.0   0      0      root                   N/A    N/A   N/A   N/A   N/A   N/A  
556   Terminal         0.0  04:26.46 9     3   417    333M  63M   0B    556  1    sleeping *0[842]  0.00000 0.00000    501 3162659  1233 810697  121545  5653220  3084666 1397053  7212    11943  0.0   0      0      maxieds                N/A    N/A   N/A   N/A   N/A   N/A  
536   CategoriesServic 0.0  00:00.02 2     1   35     840K  0B    0B    536  1    sleeping  0[0]    0.00000 0.00000    501 1529     121  145     50      683      347     105      0       0      0.0   0      0      maxieds                N/A    N/A   N/A   N/A   N/A   N/A  
535   photolibraryd    0.0  00:00.09 2     1   48     1252K 0B    0B    535  1    sleeping  0[0]    0.00000 0.00000    501 2484     199  157     53      860      335     217      97      1      0.0   0      0      maxieds                N/A    N/A   N/A   N/A   N/A   N/A  
534   suggestd         0.0  00:01.03 2     1   178    6316K 292K  0B    534  1    sleeping *0[5]    0.00000 0.00000    501 9537     434  954     268     14221    2665    3061     256     33     0.0   0      0      maxieds                N/A    N/A   N/A   N/A   N/A   N/A  
533   USBAgent         0.0  00:00.05 2     1   34     696K  0B    0B    533  1    sleeping  0[0]    0.00000 0.00000    501 1818     128  120     44      619      255     118      0       1      0.0   0      0      maxieds                N/A    N/A   N/A   N/A   N/A   N/A  
532   SubmitDiagInfo   0.0  00:00.38 2     1   55     1008K 0B    0B    532  1    sleeping  0[0]    0.00000 0.00000    0   5571     144  303     312     4543     1506    1648     4       7      0.0   0      0      root                   N/A    N/A   N/A   N/A   N/A   N/A  
531   CrashReporterSup 0.0  00:00.01 2     1   30     632K  0B    0B    531  1    sleeping  0[0]    0.00000 0.00000    0   882      103  79      35      430      168     69       0       1      0.0   0      0      root                   N/A    N/A   N/A   N/A   N/A   N/A  
530   amsengagementd   0.0  00:01.43 2     1   122    4220K 52K   0B    530  1    sleeping *0[23]   0.00000 0.00000    501 10844    399  1564    694     22610    5602    8397     111     411    0.0   0      0      maxieds                N/A    N/A   N/A   N/A   N/A   N/A  
529   SoftwareUpdateNo 0.0  00:00.15 3     1   177    3188K 0B    0B    529  1    sleeping *0[1]    0.00000 0.00000    501 4859     308  800     243     3465     1872    1245     8       6      0.0   0      0      maxieds                N/A    N/A   N/A   N/A   N/A   N/A  
528   com.apple.sbd    0.0  00:00.03 3     2   36     896K  0B    0B    528  1    sleeping  0[0]    0.00000 0.00000    501 1396     148  129     47      571      292     174      3       0      0.0   0      0      maxieds                N/A    N/A   N/A   N/A   N/A   N/A  
527   XProtectPluginSe 0.0  00:01.03 2     1   43     1196K 0B    0B    527  1    sleeping  0[0]    0.00000 0.00000    501 15143    166  403     130     33847    27746   2172     0       0      0.0   0      0      maxieds                N/A    N/A   N/A   N/A   N/A   N/A  
526   mdbulkimport     0.0  00:01.02 2     1   60     2736K 0B    0B    526  1    sleeping *0[1]    0.00000 0.00000    501 10866    202  406     159     17086    4779    1877     2       10     0.0   0      0      maxieds                N/A    N/A   N/A   N/A   N/A   N/A  
525   siriknowledged   0.0  00:00.10 2     1   49     2016K 132K  0B    525  1    sleeping *0[4]    0.00000 0.00000    501 3214     224  225     94      2043     543     602      31      14     0.0   0      0      maxieds                N/A    N/A   N/A   N/A   N/A   N/A  
524   adid             0.0  00:00.06 2     1   36     808K  0B    0B    524  1    sleeping *0[2]    0.00000 0.00000    265 1783     122  99      35      631      234     307      0       0      0.0   0      0      _fpsd                  N/A    N/A   N/A   N/A   N/A   N/A  
523   homed            0.0  00:00.99 2     1   138    4096K 72K   0B    523  1    sleeping *0[905]  0.00000 0.00000    501 8861     381  660     1188    18598    3775    7507     502     36     0.0   0      0      maxieds                N/A    N/A   N/A   N/A   N/A   N/A  
522   com.apple.siri.e 0.0  00:00.34 3     2   37     1960K 0B    0B    522  1    sleeping *0[3]    0.00000 0.00000    501 2711     190  298     84      3757     636     1109     4       0      0.0   0      0      maxieds                N/A    N/A   N/A   N/A   N/A   N/A  
521   akd              0.0  00:00.16 2     1   77     1660K 20K   0B    521  1    sleeping *0[4]    0.00000 0.00000    501 3779     235  349     126     2352     936     1452     7       22     0.0   0      0      maxieds                N/A    N/A   N/A   N/A   N/A   N/A  
520   iCloudNotificati 0.0  00:00.12 2     1   69     2900K 0B    0B    520  1    sleeping *0[1]    0.00000 0.00000    501 8440     256  357     160     2857     1006    826      12      14     0.0   0      0      maxieds                N/A    N/A   N/A   N/A   N/A   N/A  
518   assistantd       0.0  00:00.81 3     1   234    3832K 96K   0B    518  1    sleeping *0[4]    0.00000 0.00000    501 8141     573  1565    674     11465    2769    3299     203     15     0.0   0      0      maxieds                N/A    N/A   N/A   N/A   N/A   N/A  
517   corespotlightd   0.0  00:00.34 3     1   101    4020K 120K  0B    517  1    sleeping *0[3]    0.00000 0.00000    501 5756     297  1119    280     6404     2958    2806     44      61     0.0   0      0      maxieds                N/A    N/A   N/A   N/A   N/A   N/A  
516   networkservicepr 0.0  00:00.21 2     1   92     1844K 0B    0B    516  1    sleeping *0[3]    0.00000 0.00000    501 4863     238  656     246     3166     1413    665      37      11     0.0   0      0      maxieds                N/A    N/A   N/A   N/A   N/A   N/A  
515   SafeEjectGPUServ 0.0  00:00.03 2     1   57     1140K 0B    0B    515  1    sleeping *0[2]    0.00000 0.00000    501 1819     164  442     193     778      556     106      5       0      0.0   0      0      maxieds                N/A    N/A   N/A   N/A   N/A   N/A  
514   diagnosticextens 0.0  00:00.12 2     1   76     1336K 0B    0B    514  1    sleeping *0[2]    0.00000 0.00000    501 3366     189  290     109     1341     568     357      33      0      0.0   0      0      maxieds                N/A    N/A   N/A   N/A   N/A   N/A  
513   SafeEjectGPUAgen 0.0  00:00.01 2     1   34     868K  0B    0B    513  1    sleeping *0[2]    0.00000 0.00000    501 1159     130  125     46      585      294     68       0       0      0.0   0      0      maxieds                N/A    N/A   N/A   N/A   N/A   N/A  
511   commerce         0.0  00:00.10 2     1   33     1116K 0B    0B    511  1    sleeping *0[1]    0.00000 0.00000    501 3039     184  121     43      949      274     266      1       0      0.0   0      0      maxieds                N/A    N/A   N/A   N/A   N/A   N/A  
510   UsageTrackingAge 0.0  00:00.20 2     1   53     1596K 36K   0B    510  1    sleeping  0[0]    0.00000 0.00000    501 2576     173  569     146     2357     1955    1283     2       5      0.0   0      0      maxieds                N/A    N/A   N/A   N/A   N/A   N/A  
509   ndoagent         0.0  00:00.02 3     2   40     840K  0B    0B    509  1    sleeping *0[2]    0.00000 0.00000    501 1303     130  170     64      790      395     368      0       0      0.0   0      0      maxieds                N/A    N/A   N/A   N/A   N/A   N/A  
508   rtcreportingd    0.0  00:00.16 2     1   51     1468K 0B    0B    508  1    sleeping *0[1]    0.00000 0.00000    0   3405     192  563     341     2904     1118    780      1       21     0.0   0      0      root                   N/A    N/A   N/A   N/A   N/A   N/A  
507   neagent          0.0  00:00.09 2     1   47     1096K 0B    0B    507  1    sleeping *0[1]    0.00000 0.00000    501 3195     155  194     70      1165     591     299      0       0      0.0   0      0      maxieds                N/A    N/A   N/A   N/A   N/A   N/A  
506   CategoriesServic 0.0  00:00.14 2     1   41     1636K 0B    0B    506  1    sleeping *0[3]    0.00000 0.00000    501 2838     122  156     55      2324     2396    440      0       0      0.0   0      0      maxieds                N/A    N/A   N/A   N/A   N/A   N/A  
504   Keychain Circle  0.0  00:00.11 3     1   139    2820K 0B    0B    504  1    sleeping *0[1]    0.00000 0.00000    501 4629     289  868     399     2485     2647    1354     0       4      0.0   0      0      maxieds                N/A    N/A   N/A   N/A   N/A   N/A  
503   ProtectedCloudKe 0.0  00:00.12 2     1   52     1792K 8192B 0B    503  1    sleeping *0[41]   0.00000 0.00000    501 2761     162  285     180     2512     1157    763      5       25     0.0   0      0      maxieds                N/A    N/A   N/A   N/A   N/A   N/A  
502   cdpd             0.0  00:00.02 2     1   37     748K  0B    0B    502  1    sleeping *0[1]    0.00000 0.00000    501 1211     123  128     45      571      285     120      7       0      0.0   0      0      maxieds                N/A    N/A   N/A   N/A   N/A   N/A  
501   CategoriesServic 0.0  00:00.03 2     1   36     880K  0B    0B    501  1    sleeping *0[4]    0.00000 0.00000    501 1717     121  155     56      699      372     151      0       0      0.0   0      0      maxieds                N/A    N/A   N/A   N/A   N/A   N/A  
500   CategoriesServic 0.0  00:00.06 2     1   40     1156K 0B    0B    500  1    sleeping *0[4]    0.00000 0.00000    501 2183     127  161     58      1197     1426    262      0       0      0.0   0      0      maxieds                N/A    N/A   N/A   N/A   N/A   N/A  
499   CategoriesServic 0.0  00:00.57 2     1   41     2676K 0B    0B    499  1    sleeping *0[2]    0.00000 0.00000    501 5679     128  184     71      8059     7579    1777     0       0      0.0   0      0      maxieds                N/A    N/A   N/A   N/A   N/A   N/A  
498   lockoutagent     0.0  00:00.96 4     3   72     1388K 0B    0B    498  1    sleeping *0[1]    0.00000 0.00000    501 2741     153  4033    116     37113    15917   23137    1       2538   0.0   0      0      maxieds                N/A    N/A   N/A   N/A   N/A   N/A  
497   ContextService   0.0  00:00.49 2     1   53     4364K 0B    0B    497  1    sleeping *0[10]   0.00000 0.00000    501 5180     715  249     118     2224     610     1766     1171    1      0.0   0      0      maxieds                N/A    N/A   N/A   N/A   N/A   N/A  
496   mediaremoteagent 0.0  00:00.01 2     1   31     728K  0B    0B    496  1    sleeping *1[1]    0.00000 0.00000    501 1059     124  107     46      635      244     116      0       1      0.0   0      0      maxieds                N/A    N/A   N/A   N/A   N/A   N/A  
495   APFSUserAgent    0.0  00:00.02 2     1   44     680K  0B    0B    495  1    sleeping *0[1]    0.00000 0.00000    501 1056     115  303     133     488      436     160      0       0      0.0   0      0      maxieds                N/A    N/A   N/A   N/A   N/A   N/A  
494   WirelessRadioMan 0.0  00:00.05 2     1   48     1272K 0B    0B    494  1    sleeping *0[1]    0.00000 0.00000    0   1946     199  170     82      993      333     396      4       1      0.0   0      0      root                   N/A    N/A   N/A   N/A   N/A   N/A  
493   nsurlsessiond    0.0  00:00.78 5     4   105    2188K 0B    0B    493  1    sleeping *48[3]   0.00000 0.00000    501 6753     246  417     228     19348    1165    7453     0       494    0.0   0      0      maxieds                N/A    N/A   N/A   N/A   N/A   N/A  
492   CoreLocationAgen 0.0  00:00.11 3     1   155    2988K 0B    0B    492  1    sleeping *0[1]    0.00000 0.00000    501 4365     262  702     212     2239     1719    878      0       3      0.0   0      0      maxieds                N/A    N/A   N/A   N/A   N/A   N/A  
491   fmfd             0.0  00:00.17 2     1   73     1860K 0B    0B    491  1    sleeping *0[8]    0.00000 0.00000    501 4374     260  331     128     3315     941     915      2       14     0.0   0      0      maxieds                N/A    N/A   N/A   N/A   N/A   N/A  
490   com.apple.Ambien 0.0  00:00.13 4     1   78     1400K 0B    0B    490  1    sleeping *1[1]    0.00000 0.00000    0   1827     155  904     375     2599     1782    1346     1       4      0.0   0      0      root                   N/A    N/A   N/A   N/A   N/A   N/A  
489   com.apple.FaceTi 0.0  00:00.08 2     1   42     3860K 0B    0B    489  1    sleeping *0[4]    0.00000 0.00000    501 2629     154  143     54      1017     343     437      0       0      0.0   0      0      maxieds                N/A    N/A   N/A   N/A   N/A   N/A  
488   UIKitSystem      0.0  00:00.30 2     1   87     3908K 44K   0B    488  1    sleeping *0[38]   0.00000 0.00000    501 10934    299  1531    731     7141     2658    1928     47      78     0.0   0      0      maxieds                N/A    N/A   N/A   N/A   N/A   N/A  
487   com.apple.geod   0.0  00:00.45 3     2   75     2904K 72K   0B    487  1    sleeping *4[1]    0.00000 0.00000    501 4211     249  426     1090    16480    2960    5299     5       166    0.0   0      0      maxieds                N/A    N/A   N/A   N/A   N/A   N/A  
486   familycircled    0.0  00:00.05 2     1   48     1116K 0B    0B    486  1    sleeping *0[11]   0.00000 0.00000    501 2031     154  238     75      1512     637     537      3       3      0.0   0      0      maxieds                N/A    N/A   N/A   N/A   N/A   N/A  
485   WiFiAgent        0.0  00:00.22 4     1   192    3124K 0B    0B    485  1    sleeping *0[16]   0.00000 0.00000    501 4772     280  2279    1045    4194     6008    2961     13      109    0.0   0      0      maxieds                N/A    N/A   N/A   N/A   N/A   N/A  
484   CarbonComponentS 0.0  00:00.18 2     1   40     1140K 0B    0B    484  1    sleeping *0[1]    0.00000 0.00000    501 2417     131  151     49      7004     545     481      0       0      0.0   0      0      maxieds                N/A    N/A   N/A   N/A   N/A   N/A  
483   ScreenTimeAgent  0.0  00:01.06 2     1   111    5060K 804K  0B    483  1    sleeping *0[106]  0.00000 0.00000    501 7797     356  792     361     20611    9676    4272     20      22     0.0   0      0      maxieds                N/A    N/A   N/A   N/A   N/A   N/A  
482   ScreenTimeWidget 0.0  00:01.47 4     3/1 92     5760K 0B    0B    482  1    sleeping *4[12]   0.00000 0.00000    501 14520    663  1456    665     12635    2628    2603     1008    8      0.0   0      0      maxieds                N/A    N/A   N/A   N/A   N/A   N/A  
481   StocksWidget     0.0  00:02.61 6     5/2 98     8128K 156K  0B    481  1    sleeping *4[19]   0.00000 0.00000    501 18618    843  2406    1351    22115    5462    7275     863     25     0.0   0      0      maxieds                N/A    N/A   N/A   N/A   N/A   N/A  
480   WeatherWidget    0.0  00:00.52 7     6/2 98     4320K 12K   0B    480  1    sleeping *3[7]    0.00000 0.00000    501 11357    533  435     155     3574     1134    1928     701     2      0.0   0      0      maxieds                N/A    N/A   N/A   N/A   N/A   N/A  
479   coreauthd        0.0  00:00.04 2     1   48     1276K 0B    0B    479  1    sleeping *0[4]    0.00000 0.00000    501 2007     175  922     442     955      938     255      6       0      0.0   0      0      maxieds                N/A    N/A   N/A   N/A   N/A   N/A  
478   ctkd             0.0  00:00.05 2     1   20     656K  0B    0B    478  1    sleeping *0[7]    0.00000 0.00000    259 1544     121  83      36      559      175     169      0       0      0.0   0      0      _ctkd                  N/A    N/A   N/A   N/A   N/A   N/A  
477   AudioComponentRe 0.0  00:00.07 2     1   50     912K  28K   0B    477  1    sleeping *0[2]    0.00000 0.00000    501 2202     129  151     58      1066     374     217      0       0      0.0   0      0      maxieds                N/A    N/A   N/A   N/A   N/A   N/A  
476   NewsToday2       0.0  00:01.54 8     7/2 103    8416K 12K   0B    476  1    sleeping *4[18]   0.00000 0.00000    501 20566    812  1683    859     12479    3444    4876     1101    16     0.0   0      0      maxieds                N/A    N/A   N/A   N/A   N/A   N/A  
475   WorldClockWidget 0.0  00:03.98 7     6/1 88     5720K 0B    0B    475  1    sleeping *4[6]    0.00000 0.00000    501 15626    643  1145    508     26024    1714    7331     761     0      0.0   0      0      maxieds                N/A    N/A   N/A   N/A   N/A   N/A  
474   CommCenter       0.0  00:00.95 6     2   143    3816K 0B    0B    474  1    sleeping *0[1]    0.00000 0.00000    501 10324    524  1190    589     14030    4959    5985     108     365    0.0   0      0      maxieds                N/A    N/A   N/A   N/A   N/A   N/A  
473   dmd              0.0  00:00.36 2     1   73     2488K 24K   0B    473  1    sleeping *0[10]   0.00000 0.00000    501 3806     235  315     166     5991     1529    1909     76      3      0.0   0      0      maxieds                N/A    N/A   N/A   N/A   N/A   N/A  
472   IMDPersistenceAg 0.0  00:00.23 2     1   75     2488K 60K   0B    472  1    sleeping *0[2]    0.00000 0.00000    501 4148     241  300     88      3117     825     1235     29      4      0.0   0      0      maxieds                N/A    N/A   N/A   N/A   N/A   N/A  
471   CoreServicesUIAg 0.0  00:00.11 3     1   147    3496K 0B    0B    471  1    sleeping *0[25]   0.00000 0.00000    501 4254     268  715     229     2073     1696    1003     8       1      0.0   0      0      maxieds                N/A    N/A   N/A   N/A   N/A   N/A  
470   systemsoundserve 0.0  00:00.33 3     1   115    2280K 160K  0B    470  1    sleeping *0[1]    0.00000 0.00000    0   5813     449  1914    631     4046     4124    3292     181     54     0.0   0      0      root                   N/A    N/A   N/A   N/A   N/A   N/A  
469   ctkd             0.0  00:00.10 3     2   47     1016K 0B    0B    469  1    sleeping *0[22]   0.00000 0.00000    501 2439     152  3814    1914    1192     2931    430      2       1      0.0   0      0      maxieds                N/A    N/A   N/A   N/A   N/A   N/A  
468   parsec-fbf       0.0  00:00.12 2     1   39     1112K 0B    0B    468  1    sleeping  0[0]    0.00000 0.00000    501 2572     192  168     58      1024     354     646      4       0      0.0   0      0      maxieds                N/A    N/A   N/A   N/A   N/A   N/A  
467   CallHistoryPlugi 0.0  00:00.12 2     1   66     2676K 0B    0B    467  1    sleeping *0[4]    0.00000 0.00000    501 3197     211  229     65      2242     602     534      1       2      0.0   0      0      maxieds                N/A    N/A   N/A   N/A   N/A   N/A  
466   ctkahp           0.0  00:00.07 2     1   51     748K  0B    0B    466  1    sleeping *0[5]    0.00000 0.00000    501 1877     124  176     59      1022     444     287      3       1      0.0   0      0      maxieds                N/A    N/A   N/A   N/A   N/A   N/A  
465   com.apple.quickl 0.0  00:00.61 3     1   84     1996K 128K  0B    465  1    sleeping *0[31]   0.00000 0.00000    501 7439     218  1595    836     12712    3630    3107     705     36     0.0   0      0      maxieds                N/A    N/A   N/A   N/A   N/A   N/A  
464   pbs              0.0  00:00.06 2     1   41     988K  0B    0B    464  1    sleeping *0[6]    0.00000 0.00000    501 1657     121  215     98      2043     471     372      0       2      0.0   0      0      maxieds                N/A    N/A   N/A   N/A   N/A   N/A  
463   triald           0.0  00:01.23 2     1   61     1456K 180K  0B    463  1    sleeping *0[5]    0.00000 0.00000    501 4103     182  672     335     14578    3518    3282     67      14     0.0   0      0      maxieds                N/A    N/A   N/A   N/A   N/A   N/A  
461   TextInputSwitche 0.0  00:00.18 3     1   168    5680K 0B    0B    461  1    sleeping *0[1]    0.00000 0.00000    501 5514     274  971     327     2390     2203    1177     1       2      0.0   0      0      maxieds                N/A    N/A   N/A   N/A   N/A   N/A  
460   avconferenced    0.0  00:00.21 2     1   63     5148K 0B    0B    460  1    sleeping *0[1]    0.00000 0.00000    501 4561     233  551     236     2053     726     810      102     0      0.0   0      0      maxieds                N/A    N/A   N/A   N/A   N/A   N/A  
459   callservicesd    0.0  00:00.69 3     1   313    5736K 0B    0B    459  1    sleeping *2[1]    0.00000 0.00000    501 9310     624  1754    667     8839     3798    4764     183     47     0.0   0      0      maxieds                N/A    N/A   N/A   N/A   N/A   N/A  
458   BiomeAgent       0.0  00:00.07 2     1   31     836K  0B    0B    458  1    sleeping *0[1]    0.00000 0.00000    501 1735     122  130     70      739      358     192      6       1      0.0   0      0      maxieds                N/A    N/A   N/A   N/A   N/A   N/A  
457   ctkahp           0.0  00:00.06 2     1   33     704K  0B    0B    457  1    sleeping *0[5]    0.00000 0.00000    0   1652     119  106     51      678      270     222      0       1      0.0   0      0      root                   N/A    N/A   N/A   N/A   N/A   N/A  
455   amsaccountsd     0.0  00:00.30 3     2   89     2280K 40K   0B    455  1    sleeping *0[1]    0.00000 0.00000    501 4704     288  645     157     7318     2021    3581     4       350    0.0   0      0      maxieds                N/A    N/A   N/A   N/A   N/A   N/A  
454   remindd          0.0  00:00.84 3     2   100    3940K 148K  0B    454  1    sleeping *0[6]    0.00000 0.00000    501 7868     462  481     219     13548    2007    7657     96      1254   0.0   0      0      maxieds                N/A    N/A   N/A   N/A   N/A   N/A  
453   TextInputMenuAge 0.0  00:00.32 3     1   176    10M   0B    0B    453  1    sleeping *0[229]  0.00000 0.00000    501 7441     308  2478    594     3574     6370    3023     8       2      0.0   0      0      maxieds                N/A    N/A   N/A   N/A   N/A   N/A  
452   diagnostics_agen 0.0  00:00.21 2     1   64     1464K 0B    0B    452  1    sleeping  0[0]    0.00000 0.00000    501 6149     176  270     249     4498     1367    1367     1       22     0.0   0      0      maxieds                N/A    N/A   N/A   N/A   N/A   N/A  
451   cloudpaird       0.0  00:00.22 3     2   100    1772K 0B    0B    451  1    sleeping *0[7]    0.00000 0.00000    501 5167     288  366     123     2850     831     1333     10      14     0.0   0      0      maxieds                N/A    N/A   N/A   N/A   N/A   N/A  
450   imagent          0.0  00:00.35 2     1   97     2008K 0B    0B    450  1    sleeping *0[1]    0.00000 0.00000    501 5351     291  572     199     4219     1603    2186     130     15     0.0   0      0      maxieds                N/A    N/A   N/A   N/A   N/A   N/A  
449   AirPlayUIAgent   0.0  00:00.09 3     1   147    3144K 0B    0B    449  1    sleeping *0[14]   0.00000 0.00000    501 3370     261  715     208     1744     1658    892      2       1      0.0   0      0      maxieds                N/A    N/A   N/A   N/A   N/A   N/A  
448   sharingd         0.0  00:00.60 3     1   219    6336K 84K   0B    448  1    sleeping *0[1]    0.00000 0.00000    501 14393    573  1491    570     8217     3281    3087     91      19     0.0   0      0      maxieds                N/A    N/A   N/A   N/A   N/A   N/A  
446   askpermissiond   0.0  00:00.22 3     2   67     2036K 20K   0B    446  1    sleeping *0[1]    0.00000 0.00000    501 4130     244  528     111     5975     1737    3178     1       347    0.0   0      0      maxieds                N/A    N/A   N/A   N/A   N/A   N/A  
445   icdd             0.0  00:00.10 2     1   62     1048K 0B    0B    445  1    sleeping *0[1]    0.00000 0.00000    501 2242     166  499     218     1267     716     503      2       1      0.0   0      0      maxieds                N/A    N/A   N/A   N/A   N/A   N/A  
443   imklaunchagent   0.0  00:00.06 2     1   85     1600K 0B    0B    443  1    sleeping *0[1]    0.00000 0.00000    501 2585     188  338     122     1611     842     522      9       2      0.0   0      0      maxieds                N/A    N/A   N/A   N/A   N/A   N/A  
440   ContextStoreAgen 0.0  00:00.40 2     1   75     2348K 256K  0B    440  1    sleeping *0[4]    0.00000 0.00000    501 5285     239  430     216     5518     1455    1913     2       26     0.0   0      0      maxieds                N/A    N/A   N/A   N/A   N/A   N/A  
439   corespeechd      0.0  00:00.31 3     1   138    1732K 0B    0B    439  1    sleeping *0[1]    0.00000 0.00000    501 3586     301  738     2095    11098    3888    3984     29      1      0.0   0      0      maxieds                N/A    N/A   N/A   N/A   N/A   N/A  
438   fileproviderd    0.0  00:00.33 2     1   74     1844K 0B    0B    438  1    sleeping *0[40]   0.00000 0.00000    501 4831     269  661     316     5453     1426    1770     40      26     0.0   0      0      maxieds                N/A    N/A   N/A   N/A   N/A   N/A  
437   com.apple.dock.e 0.0  00:00.68 3     1   168    10M   0B    0B    437  1    sleeping *0[14]   0.00000 0.00000    501 12205    372  1388    643     22515    2266    3122     1956    4      0.0   0      0      maxieds                N/A    N/A   N/A   N/A   N/A   N/A  
436   useractivityd    0.0  00:00.15 2     1   81     1268K 0B    0B    436  1    sleeping *0[100]  0.00000 0.00000    501 3094     186  220     181     2763     774     1250     8       60     0.0   0      0      maxieds                N/A    N/A   N/A   N/A   N/A   N/A  
435   fontworker       0.0  00:01.01 2     1   41     1012K 0B    0B    435  1    sleeping *0[1]    0.00000 0.00000    501 3754     137  190     75      20824    476     3393     228     1      0.0   0      0      maxieds                N/A    N/A   N/A   N/A   N/A   N/A  
434   CalNCService     0.0  00:00.37 2     1   110    4912K 0B    0B    434  1    sleeping *0[27]   0.00000 0.00000    501 5500     296  758     279     4747     1667    2134     11      4      0.0   0      0      maxieds                N/A    N/A   N/A   N/A   N/A   N/A  
433   identityservices 0.0  00:00.64 6     1   179    3288K 20K   0B    433  1    sleeping *0[1]    0.00000 0.00000    501 11472    468  1260    630     12538    5004    4618     77      36     0.0   0      0      maxieds                N/A    N/A   N/A   N/A   N/A   N/A  
432   fontd            0.0  00:00.36 2     1   61     2856K 128K  0B    432  1    sleeping *0[15]   0.00000 0.00000    501 3937     138  253     118     4970     2232    1759     1       5      0.0   0      0      maxieds                N/A    N/A   N/A   N/A   N/A   N/A  
431   bird             0.0  00:00.22 2     1   59     1096K 0B    0B    431  1    sleeping *0[14]   0.00000 0.00000    501 3334     171  795     373     2947     1112    1051     68      4      0.0   0      0      maxieds                N/A    N/A   N/A   N/A   N/A   N/A  
430   iconservicesagen 0.0  00:00.20 2     1   76     11M   0B    0B    430  1    sleeping *0[10]   0.00000 0.00000    501 6124     204  605     279     10532    898     923      214     3      0.0   0      0      maxieds                N/A    N/A   N/A   N/A   N/A   N/A  
429   com.apple.hiserv 0.0  00:00.34 2     1   56     704K  0B    0B    429  1    sleeping *0[15]   0.00000 0.00000    501 1129     117  235     4709    5852     497     6804     0       3      0.0   0      0      maxieds                N/A    N/A   N/A   N/A   N/A   N/A  
428   parsecd          0.0  00:00.31 2     1   75     2860K 8192B 0B    428  1    sleeping *7[1]    0.00000 0.00000    501 5631     396  455     174     4526     1089    1637     38      103    0.0   0      0      maxieds                N/A    N/A   N/A   N/A   N/A   N/A  
427   AMPDeviceDiscove 0.0  00:00.10 4     2   242    1796K 0B    0B    427  1    sleeping *0[1]    0.00000 0.00000    501 2674     283  1237    609     1607     1539    702      51      6      0.0   0      0      maxieds                N/A    N/A   N/A   N/A   N/A   N/A  
426   NotificationCent 0.0  00:02.06 4     2   264    20M   0B    0B    426  1    sleeping *0[334]  0.00000 0.00000    501 14487    724  3977    1543    17051    11842   11810    446     116    0.0   0      0      maxieds                N/A    N/A   N/A   N/A   N/A   N/A  
425   routined         0.0  00:00.64 2     1   102    4492K 276K  0B    425  1    sleeping *0[6]    0.00000 0.00000    501 6091     272  531     181     9023     3060    2672     122     35     0.0   0      0      maxieds                N/A    N/A   N/A   N/A   N/A   N/A  
422   sharedfilelistd  0.0  00:00.16 3     2   62     1380K 0B    0B    422  1    sleeping *0[28]   0.00000 0.00000    501 2980     174  438     188     3208     1051    745      4       3      0.0   0      0      maxieds                N/A    N/A   N/A   N/A   N/A   N/A  
421   automountd       0.0  00:00.03 5     2   28     816K  0B    0B    421  1    sleeping *0[1]    0.00000 0.00000    0   1544     242  118     72      1107     424     295      0       17     0.0   0      0      root                   N/A    N/A   N/A   N/A   N/A   N/A  
420   donotdisturbd    0.0  00:00.44 2     1   105    3324K 0B    0B    420  1    sleeping *0[9]    0.00000 0.00000    501 6286     295  433     159     5067     2314    2223     72      4      0.0   0      0      maxieds                N/A    N/A   N/A   N/A   N/A   N/A  
419   AppSSOAgent      0.0  00:00.17 3     1   161    6040K 0B    0B    419  1    sleeping *0[16]   0.00000 0.00000    501 5109     273  748     258     2246     1745    1215     13      1      0.0   0      0      maxieds                N/A    N/A   N/A   N/A   N/A   N/A  
418   contactsd        0.0  00:00.31 2     1   77     1676K 0B    0B    418  1    sleeping *0[123]  0.00000 0.00000    501 3354     178  1066    672     6709     3752    2724     1       9      0.0   0      0      maxieds                N/A    N/A   N/A   N/A   N/A   N/A  
417   cloudd           0.0  00:00.92 2     1   99     2820K 104K  0B    417  1    sleeping *6[2]    0.00000 0.00000    501 10359    257  2345    1234    21731    7812    6162     119     153    0.0   0      0      maxieds                N/A    N/A   N/A   N/A   N/A   N/A  
416   rapportd         0.0  00:00.23 2     1   117    1768K 0B    0B    416  1    sleeping *0[1]    0.00000 0.00000    501 4479     249  574     231     2714     1451    1449     127     7      0.0   0      0      maxieds                N/A    N/A   N/A   N/A   N/A   N/A  
415   distnoted        0.0  00:00.04 2     1   29     404K  0B    0B    415  1    sleeping *0[1]    0.00000 0.00000    55  1218     86   98      62      511      278     140      0       0      0.0   0      0      _appleevents           N/A    N/A   N/A   N/A   N/A   N/A  
414   Spotlight        0.0  00:01.01 4     1   205    9684K 20K   0B    414  1    sleeping *0[52]   0.00000 0.00000    501 12970    484  2363    903     9091     6310    5834     389     91     0.0   0      0      maxieds                N/A    N/A   N/A   N/A   N/A   N/A  
413   CalendarAgent    0.0  00:01.03 2     1   137    6568K 332K  0B    413  1    sleeping *1[26]   0.00000 0.00000    501 9405     324  815     424     15360    3178    4743     185     16     0.0   0      0      maxieds                N/A    N/A   N/A   N/A   N/A   N/A  
412   usernoted        0.0  00:00.53 2     1   139    2132K 60K   0B    412  1    sleeping *0[1]    0.00000 0.00000    501 4912     236  542     414     8398     1738    2184     13      4      0.0   0      0      maxieds                N/A    N/A   N/A   N/A   N/A   N/A  
411   accountsd        0.0  00:00.59 2     1   52     1740K 104K  0B    411  1    sleeping *0[382]  0.00000 0.00000    501 2873     148  1290    1317    12143    6384    3740     114     28     0.0   0      0      maxieds                N/A    N/A   N/A   N/A   N/A   N/A  
410   containermanager 0.0  00:00.36 2     1   40     2952K 0B    0B    410  1    sleeping *0[166]  0.00000 0.00000    501 3996     164  922     605     6433     2290    2856     0       1      0.0   0      0      maxieds                N/A    N/A   N/A   N/A   N/A   N/A  
409   siriactionsd     0.0  00:00.47 2     1   98     2372K 64K   0B    409  1    sleeping *0[8]    0.00000 0.00000    501 6122     286  572     236     5425     2063    2374     215     19     0.0   0      0      maxieds                N/A    N/A   N/A   N/A   N/A   N/A  
408   filecoordination 0.0  00:00.16 2     1   60     1140K 0B    0B    408  1    sleeping *0[1]    0.00000 0.00000    0   2593     146  815     567     3960     2218    1225     3       16     0.0   0      0      root                   N/A    N/A   N/A   N/A   N/A   N/A  
407   syncdefaultsd    0.0  00:00.24 2     1   74     2908K 128K  0B    407  1    sleeping *0[17]   0.00000 0.00000    501 3755     215  590     320     5079     1714    1484     38      14     0.0   0      0      maxieds                N/A    N/A   N/A   N/A   N/A   N/A  
406   secinitd         0.0  00:00.22 2     1   37     1004K 0B    0B    406  1    sleeping *0[3]    0.00000 0.00000    501 2641     129  606     265     5747     1229    673      0       2      0.0   0      0      maxieds                N/A    N/A   N/A   N/A   N/A   N/A  
405   pkd              0.0  00:00.82 2     1   77     2100K 0B    0B    405  1    sleeping *0[26]   0.00000 0.00000    501 5480     165  1680    384     12155    3942    3795     0       30     0.0   0      0      maxieds                N/A    N/A   N/A   N/A   N/A   N/A  
404   QuickLookUIServi 0.0  00:00.11 3     1   146    2928K 0B    0B    404  1    sleeping  0[37]   0.00000 0.00000    501 4203     284  797     226     2175     1920    925      11      4      0.0   0      0      maxieds                N/A    N/A   N/A   N/A   N/A   N/A  
403   CloudKeychainPro 0.0  00:00.04 2     1   51     1148K 0B    0B    403  1    sleeping *0[1]    0.00000 0.00000    501 2031     150  182     71      990      402     269      6       0      0.0   0      0      maxieds                N/A    N/A   N/A   N/A   N/A   N/A  
401   pboard           0.0  00:00.11 2     1   57     668K  0B    0B    401  1    sleeping *0[1]    0.00000 0.00000    501 2286     115  510     414     3301     1396    1071     29      10     0.0   0      0      maxieds                N/A    N/A   N/A   N/A   N/A   N/A  
400   trustd           0.0  00:01.61 2     1   91     2896K 252K  0B    400  1    sleeping *0[229]  0.00000 0.00000    501 4507     187  844     723     20182    7802    4353     0       49     0.0   0      0      maxieds                N/A    N/A   N/A   N/A   N/A   N/A  
399   backgroundtaskma 0.0  00:00.04 2     1   50     1020K 0B    0B    399  1    sleeping *0[3]    0.00000 0.00000    501 1653     138  171     56      960      372     289      0       0      0.0   0      0      maxieds                N/A    N/A   N/A   N/A   N/A   N/A  
398   ViewBridgeAuxili 0.0  00:00.80 2     1   169    2060K 0B    0B    398  1    sleeping *0[4712] 0.00000 0.00000    501 2907     181  14429   5050    11635    43220   15289    0       23     0.0   0      0      maxieds                N/A    N/A   N/A   N/A   N/A   N/A  
397   itunescloudd     0.0  00:00.33 2     1   93     2392K 0B    0B    397  1    sleeping *1[1]    0.00000 0.00000    501 5472     285  878     247     3589     1635    2305     239     59     0.0   0      0      maxieds                N/A    N/A   N/A   N/A   N/A   N/A  
396   tccd             0.0  00:01.18 2     1   53     1292K 28K   0B    396  1    sleeping *0[165]  0.00000 0.00000    501 4506     164  1588    1498    43060    7145    4292     0       28     0.0   0      0      maxieds                N/A    N/A   N/A   N/A   N/A   N/A  
395   secd             0.0  00:00.38 2     1   129    2956K 340K  0B    395  1    sleeping *0[1]    0.00000 0.00000    501 4661     309  942     524     6903     2670    1951     63      22     0.0   0      0      maxieds                N/A    N/A   N/A   N/A   N/A   N/A  
394   csnameddatad     0.0  00:00.01 2     1   41     624K  0B    0B    394  1    sleeping *0[17]   0.00000 0.00000    501 811      104  137     72      544      293     93       0       1      0.0   0      0      maxieds                N/A    N/A   N/A   N/A   N/A   N/A  
391   Finder           0.0  00:12.87 4     2   307    25M   268K  0B    391  1    sleeping *0[129]  0.00000 0.00000    501 129694   877  26618   33921   133575   177800  68072    1022    293    0.0   0      0      maxieds                N/A    N/A   N/A   N/A   N/A   N/A  
390   lsd              0.0  00:00.64 2     1   278    1540K 0B    0B    390  1    sleeping *0[608]  0.00000 0.00000    501 9074     205  3229    2310    15420    8097    5474     1444    46     0.0   0      0      maxieds                N/A    N/A   N/A   N/A   N/A   N/A  
389   SystemUIServer   0.0  00:00.82 4     2   238    9552K 64K   0B    389  1    sleeping *0[101]  0.00000 0.00000    501 10813    435  5249    1978    22514    7937    4969     810     48     0.0   0      0      maxieds                N/A    N/A   N/A   N/A   N/A   N/A  
388   ControlCenter    0.0  00:07.14 4     1   481    33M   0B    0B    388  1    sleeping *0[266]  0.00000 0.00000    501 25969    968  27869   6045    25602    59633   31050    1002    1016   0.0   0      0      maxieds                N/A    N/A   N/A   N/A   N/A   N/A  
387   talagent         0.0  00:00.13 2     1   127    2932K 0B    0B    387  1    sleeping *0[1]    0.00000 0.00000    501 3989     266  911     388     2589     2357    1429     2       2      0.0   0      0      maxieds                N/A    N/A   N/A   N/A   N/A   N/A  
386   Dock             0.0  00:02.07 3     1   287    30M   3144K 0B    386  1    sleeping *1[178]  0.00000 0.00000    501 55693    495  5745    1103    17286    14685   14595    7121    106    0.0   0      0      maxieds                N/A    N/A   N/A   N/A   N/A   N/A  
385   knowledge-agent  0.0  00:01.30 2     1   125    5948K 500K  0B    385  1    sleeping *0[60]   0.00000 0.00000    501 10862    351  874     487     25791    5228    4866     17      34     0.0   0      0      maxieds                N/A    N/A   N/A   N/A   N/A   N/A  
384   universalaccessd 0.0  00:00.29 3     1   190    3104K 0B    0B    384  1    sleeping *1[35]   0.00000 0.00000    501 4033     256  3518    1261    6611     7970    6604     17      70     0.0   0      0      maxieds                N/A    N/A   N/A   N/A   N/A   N/A  
382   gamecontrollerd  0.0  00:00.28 3     2   59     1068K 0B    0B    382  1    sleeping *0[3]    0.00000 0.00000    247 2772     156  1186    199     8410     3851    5865     13      503    0.0   0      0      _gamecontrollerd       N/A    N/A   N/A   N/A   N/A   N/A  
381   UserEventAgent   0.0  00:00.66 2     1   370    2432K 0B    0B    381  1    sleeping *0[1]    0.00000 0.00000    501 5545     243  4450    2433    15309    6724    4224     5       24     0.0   0      0      maxieds                N/A    N/A   N/A   N/A   N/A   N/A  
380   securityd_servic 0.0  00:00.11 2     1   27     568K  0B    0B    380  1    sleeping *0[1]    0.00000 0.00000    0   1334     105  126     55      430      210     145      0       0      0.0   0      0      root                   N/A    N/A   N/A   N/A   N/A   N/A  
379   cfprefsd         0.0  00:03.70 2     1   311    756K  344K  0B    379  1    sleeping *0[1169] 0.00000 0.00000    501 4344     89   5794    6510    110947   20661   23380    0       133    0.0   0      0      maxieds                N/A    N/A   N/A   N/A   N/A   N/A  
378   distnoted        0.0  00:00.72 2     1   238    648K  0B    0B    378  1    sleeping *0[1]    0.00000 0.00000    501 1519     87   1398    5133    35330    11650   6181     0       0      0.0   0      0      maxieds                N/A    N/A   N/A   N/A   N/A   N/A  
376   coreauthd        0.0  00:00.06 2     1   41     1216K 0B    0B    376  1    sleeping *0[6]    0.00000 0.00000    0   1931     167  903     449     924      853     309      26      0      0.0   0      0      root                   N/A    N/A   N/A   N/A   N/A   N/A  
372   systemstats      0.0  00:00.05 3     1   123    1352K 0B    0B    108  108  sleeping  0[0]    0.00000 0.00000    0   1487     187  813     456     1200     1149    831      0       10     0.0   0      0      root                   N/A    N/A   N/A   N/A   N/A   N/A  
371   AppleCameraAssis 0.0  00:00.04 4     1   72     804K  0B    0B    371  1    sleeping *0[1]    0.00000 0.00000    262 1070     130  999     401     1164     1703    492      2       0      0.0   0      0      _cmiodalassistants     N/A    N/A   N/A   N/A   N/A   N/A  
370   GSSCred          0.0  00:00.04 3     2   37     884K  0B    0B    370  1    sleeping *0[1]    0.00000 0.00000    0   2152     141  112     55      1048     275     164      1       1      0.0   0      0      root                   N/A    N/A   N/A   N/A   N/A   N/A  
367   sysmond          0.0  00:00.99 2     1   17     580K  0B    0B    367  1    sleeping *0[18]   0.00000 0.00000    0   1163     105  62396   38061   60100    60487   15671    2       12     0.0   0      0      root                   N/A    N/A   N/A   N/A   N/A   N/A  
366   com.apple.hiserv 0.0  00:00.32 2     1   39     676K  0B    0B    366  1    sleeping *0[2]    0.00000 0.00000    0   1019     117  161     4679    5408     310     6987     0       2      0.0   0      0      root                   N/A    N/A   N/A   N/A   N/A   N/A  
365   symptomsd-diag   0.0  00:00.12 3     2   44     1320K 0B    0B    365  1    sleeping  0[0]    0.00000 0.00000    0   2530     167  127     48      1350     296     767      45      1      0.0   0      0      root                   N/A    N/A   N/A   N/A   N/A   N/A  
364   com.apple.Accoun 0.0  00:00.01 2     1   20     740K  0B    0B    364  1    sleeping *0[18]   0.00000 0.00000    0   961      107  129     105     865      422     150      1       4      0.0   0      0      root                   N/A    N/A   N/A   N/A   N/A   N/A  
362   bootinstalld     0.0  00:00.03 2     1   30     856K  0B    0B    362  1    sleeping *0[1]    0.00000 0.00000    0   2096     149  84      34      793      177     33       1       0      0.0   0      0      root                   N/A    N/A   N/A   N/A   N/A   N/A  
361   ViewBridgeAuxili 0.0  00:00.71 2     1   68     1748K 0B    0B    361  1    sleeping *0[4606] 0.00000 0.00000    0   2479     171  14189   4765    10406    42239   12733    0       15     0.0   0      0      root                   N/A    N/A   N/A   N/A   N/A   N/A  
360   locationd        0.0  00:00.48 3     1   166    2796K 44K   0B    360  1    sleeping *0[25]   0.00000 0.00000    205 4690     332  1406    362     12917    7621    6400     0       507    0.0   0      0      _locationd             N/A    N/A   N/A   N/A   N/A   N/A  
358   wifianalyticsd   0.0  00:00.13 5     4   59     1712K 0B    0B    358  1    sleeping *0[9]    0.00000 0.00000    0   3309     217  235     117     1770     664     743      5       0      0.0   0      0      root                   N/A    N/A   N/A   N/A   N/A   N/A  
357   appleeventsd     0.0  00:00.12 2     1   95     704K  0B    0B    357  1    sleeping *0[30]   0.00000 0.00000    55  2160     131  847     432     2644     2073    1189     0       17     0.0   0      0      _appleevents           N/A    N/A   N/A   N/A   N/A   N/A  
356   colorsyncd       0.0  00:00.05 2     1   30     672K  0B    0B    356  1    sleeping *0[37]   0.00000 0.00000    0   1619     116  113     73      1071     276     373      0       0      0.0   0      0      root                   N/A    N/A   N/A   N/A   N/A   N/A  
355   colorsync.displa 0.0  00:00.05 2     1   43     928K  0B    0B    355  1    sleeping *0[7]    0.00000 0.00000    0   1194     120  210     56      1334     543     1197     1       0      0.0   0      0      root                   N/A    N/A   N/A   N/A   N/A   N/A  
352   WiFiCloudAssetsX 0.0  00:00.02 2     1   25     996K  0B    0B    352  1    sleeping *0[1]    0.00000 0.00000    0   1729     155  96      45      748      198     190      0       0      0.0   0      0      root                   N/A    N/A   N/A   N/A   N/A   N/A  
351   secinitd         0.0  00:00.07 2     1   35     912K  0B    0B    351  1    sleeping *0[2]    0.00000 0.00000    0   1869     128  151     66      1192     320     181      0       0      0.0   0      0      root                   N/A    N/A   N/A   N/A   N/A   N/A  
350   distnoted        0.0  00:00.05 2     1   29     420K  0B    0B    350  1    sleeping *0[1]    0.00000 0.00000    88  1224     86   98      74      571      302     117      0       0      0.0   0      0      _windowserver          N/A    N/A   N/A   N/A   N/A   N/A  
348   hidd             0.0  00:00.03 2     1   30     660K  0B    0B    348  1    sleeping *0[1]    0.00000 0.00000    261 844      105  576     417     1727     2156    822      0       0      0.0   0      0      _hidd                  N/A    N/A   N/A   N/A   N/A   N/A  
347   BlueTool         0.0  00:00.02 2     1   31     704K  0B    0B    347  1    sleeping *0[3]    0.00000 0.00000    0   934      114  122     71      508      272     86       1       0      0.0   0      0      root                   N/A    N/A   N/A   N/A   N/A   N/A  
336   distnoted        0.0  00:00.04 2     1   29     412K  0B    0B    336  1    sleeping *0[1]    0.00000 0.00000    278 1216     86   99      74      572      302     172      0       0      0.0   0      0      _accessoryupdater      N/A    N/A   N/A   N/A   N/A   N/A  
334   siriinferenced   0.0  00:00.08 2     1   33     1196K 0B    0B    334  1    sleeping *0[2]    0.00000 0.00000    0   2588     192  98      49      903      204     381      162     3      0.0   0      0      root                   N/A    N/A   N/A   N/A   N/A   N/A  
333   com.apple.Mobile 0.0  00:00.17 2     1   34     944K  0B    0B    333  1    sleeping  0[0]    0.00000 0.00000    0   1519     163  6349    3165    1301     5309    434      3       6      0.0   0      0      root                   N/A    N/A   N/A   N/A   N/A   N/A  
332   UVCAssistant     0.0  00:00.07 2     1   59     1268K 0B    0B    332  1    sleeping *0[1]    0.00000 0.00000    262 2220     154  248     108     1209     553     326      23      2      0.0   0      0      _cmiodalassistants     N/A    N/A   N/A   N/A   N/A   N/A  
331   XProtectPluginSe 0.0  00:01.26 2     1   37     1156K 0B    0B    331  1    sleeping  0[0]    0.00000 0.00000    0   15064    165  369     130     33702    27684   4570     30      13     0.0   0      0      root                   N/A    N/A   N/A   N/A   N/A   N/A  
330   distnoted        0.0  00:00.02 2     1   29     412K  0B    0B    330  1    sleeping *0[1]    0.00000 0.00000    262 1208     86   99      75      577      302     81       0       0      0.0   0      0      _cmiodalassistants     N/A    N/A   N/A   N/A   N/A   N/A  
329   sysextd          0.0  00:00.09 2     1   33     1064K 0B    0B    329  1    sleeping  0[0]    0.00000 0.00000    0   2174     187  110     49      889      271     138      4       2      0.0   0      0      root                   N/A    N/A   N/A   N/A   N/A   N/A  
327   distnoted        0.0  00:00.05 2     1   30     404K  0B    0B    327  1    sleeping *0[1]    0.00000 0.00000    89  1219     87   130     150     912      465     184      0       0      0.0   0      0      _spotlight             N/A    N/A   N/A   N/A   N/A   N/A  
319   thermald         0.0  00:00.02 2     1   33     664K  0B    0B    319  1    sleeping *0[1]    0.00000 0.00000    0   1015     121  166     59      785      249     193      3       0      0.0   0      0      root                   N/A    N/A   N/A   N/A   N/A   N/A  
318   com.apple.AppleU 0.0  00:00.25 2     1   138    716K  0B    0B    318  1    sleeping  0[1]    0.00000 0.00000    270 3534     57   3511    2212    2150     4289    1849     35      0      0.0   0      0      _driverkit             N/A    N/A   N/A   N/A   N/A   N/A  
314   mds_stores       0.0  21:37.58 9     7/1 114    85M   8504K 0B    314  1    stuck    *0[1]    0.00000 0.00000    0   11709023 1482 772540  501068  30888927 2952593 6581514  199134  5242   0.0   0      0      root                   N/A    N/A   N/A   N/A   N/A   N/A  
313   distnoted        0.0  00:00.05 2     1   29     412K  0B    0B    313  1    sleeping *0[1]    0.00000 0.00000    242 1206     86   98      77      585      305     137      0       0      0.0   0      0      _nsurlsessiond         N/A    N/A   N/A   N/A   N/A   N/A  
311   FindMyMacd       0.0  00:00.01 2     1   29     600K  0B    0B    311  1    sleeping *0[1]    0.00000 0.00000    0   822      119  92      43      463      166     77       0       0      0.0   0      0      root                   N/A    N/A   N/A   N/A   N/A   N/A  
310   suhelperd        0.0  00:00.03 2     1   33     896K  0B    0B    310  1    sleeping *0[5]    0.00000 0.00000    0   1553     156  101     47      718      237     246      0       0      0.0   0      0      root                   N/A    N/A   N/A   N/A   N/A   N/A  
309   distnoted        0.0  00:00.05 2     1   29     412K  0B    0B    309  1    sleeping *0[1]    0.00000 0.00000    200 1215     86   98      79      592      311     315      0       0      0.0   0      0      _softwareupdate        N/A    N/A   N/A   N/A   N/A   N/A  
308   com.apple.audio. 0.0  00:00.02 2     1   20     616K  0B    0B    308  1    sleeping *0[5]    0.00000 0.00000    202 784      102  117     59      583      249     76       0       0      0.0   0      0      _coreaudiod            N/A    N/A   N/A   N/A   N/A   N/A  
306   com.apple.audio. 0.0  00:00.07 2     1   23     3320K 0B    0B    306  1    sleeping *0[2]    0.00000 0.00000    202 1800     128  108     44      661      228     83       0       0      0.0   0      0      _coreaudiod            N/A    N/A   N/A   N/A   N/A   N/A  
305   AudioComponentRe 0.0  00:00.10 2     1   34     812K  24K   0B    305  1    sleeping *0[6]    0.00000 0.00000    0   2040     125  144     78      974      407     202      10      0      0.0   0      0      root                   N/A    N/A   N/A   N/A   N/A   N/A  
304   socketfilterfw   0.0  00:00.24 3     1   50     1080K 0B    0B    304  1    sleeping *0[1]    0.00000 0.00000    0   2222     131  203     70      6633     910     885      0       1      0.0   0      0      root                   N/A    N/A   N/A   N/A   N/A   N/A  
302   ReportCrash      0.0  00:00.02 3     1   31     796K  0B    0B    302  1    sleeping *0[1]    0.00000 0.00000    0   1240     142  98      45      535      232     130      8       1      0.0   0      0      root                   N/A    N/A   N/A   N/A   N/A   N/A  
301   softwareupdated  0.0  00:00.63 2     1   84     2436K 0B    0B    301  1    sleeping *0[20]   0.00000 0.00000    200 5175     267  387     159     3989     893     2897     340     0      0.0   0      0      _softwareupdate        N/A    N/A   N/A   N/A   N/A   N/A  
300   osanalyticshelpe 0.0  00:00.05 2     1   37     1008K 0B    0B    300  1    sleeping *0[2]    0.00000 0.00000    0   1342     142  154     82      1471     441     417      6       1      0.0   0      0      root                   N/A    N/A   N/A   N/A   N/A   N/A  
273   searchpartyd     0.0  00:00.26 2     1   50     1840K 0B    0B    273  1    sleeping *0[6]    0.00000 0.00000    0   3864     302  201     82      1873     559     1340     61      1      0.0   0      0      root                   N/A    N/A   N/A   N/A   N/A   N/A  
272   backupd-helper   0.0  00:00.03 3     2   61     892K  0B    0B    272  1    sleeping  0[0]    0.00000 0.00000    0   1273     139  180     84      829      407     268      1       4      0.0   0      0      root                   N/A    N/A   N/A   N/A   N/A   N/A  
262   containermanager 0.0  00:00.09 2     1   38     968K  0B    0B    262  1    sleeping *0[4]    0.00000 0.00000    205 2067     162  152     63      1027     344     308      0       0      0.0   0      0      _locationd             N/A    N/A   N/A   N/A   N/A   N/A  
258   systemstatusd    0.0  00:00.06 2     1   40     684K  0B    0B    258  1    sleeping *0[5]    0.00000 0.00000    0   1697     122  91      52      779      204     294      5       1      0.0   0      0      root                   N/A    N/A   N/A   N/A   N/A   N/A  
256   trustd           0.0  00:00.12 2     1   36     2260K 0B    0B    256  1    sleeping *0[1]    0.00000 0.00000    205 2622     154  175     64      3116     478     411      0       2      0.0   0      0      _locationd             N/A    N/A   N/A   N/A   N/A   N/A  
255   cfprefsd         0.0  00:00.02 2     1   34     516K  0B    0B    255  1    sleeping *0[19]   0.00000 0.00000    205 670      88   140     66      654      367     118      0       0      0.0   0      0      _locationd             N/A    N/A   N/A   N/A   N/A   N/A  
254   VDCAssistant     0.0  00:00.10 2     1   53     1340K 0B    0B    254  1    sleeping *0[1]    0.00000 0.00000    262 2070     145  342     141     932      686     475      25      4      0.0   0      0      _cmiodalassistants     N/A    N/A   N/A   N/A   N/A   N/A  
253   usbd             0.0  00:00.05 2     1   48     800K  0B    0B    253  1    sleeping  0[0]    0.00000 0.00000    0   1887     129  380     226     722      721     217      0       0      0.0   0      0      root                   N/A    N/A   N/A   N/A   N/A   N/A  
252   secinitd         0.0  00:00.08 2     1   36     864K  0B    0B    252  1    sleeping *0[1]    0.00000 0.00000    205 1926     129  157     58      953      346     270      3       0      0.0   0      0      _locationd             N/A    N/A   N/A   N/A   N/A   N/A  
251   apfsd            0.0  00:00.04 2     1   43     644K  0B    0B    251  1    sleeping *0[1]    0.00000 0.00000    0   975      111  1043    453     402      1159    339      0       1      0.0   0      0      root                   N/A    N/A   N/A   N/A   N/A   N/A  
250   com.apple.ifdrea 0.0  00:00.03 2     1   32     780K  0B    0B    250  1    sleeping *0[2]    0.00000 0.00000    0   1014     114  122     60      480      213     89       0       0      0.0   0      0      root                   N/A    N/A   N/A   N/A   N/A   N/A  
249   com.apple.geod   0.0  00:00.65 2     1   64     3408K 32K   0B    249  1    sleeping *2[1]    0.00000 0.00000    205 4854     248  393     1074    15419    2990    6030     246     11     0.0   0      0      _locationd             N/A    N/A   N/A   N/A   N/A   N/A  
248   distnoted        0.0  00:00.05 2     1   32     404K  0B    0B    248  1    sleeping *0[1]    0.00000 0.00000    205 1238     87   100     82      649      318     303      0       0      0.0   0      0      _locationd             N/A    N/A   N/A   N/A   N/A   N/A  
247   amfid            0.0  00:00.04 2     1   38     1076K 0B    0B    247  1    sleeping *0[1]    0.00000 0.00000    0   1390     115  111     59      820      300     186      1       0      0.0   0      0      root                   N/A    N/A   N/A   N/A   N/A   N/A  
246   com.apple.audio. 0.0  00:00.41 3     1   357    880K  0B    0B    246  1    sleeping *0[2189] 0.00000 0.00000    202 1276     124  3380    3087    14761    9521    4863     0       0      0.0   0      0      _coreaudiod            N/A    N/A   N/A   N/A   N/A   N/A  
242   distnoted        0.0  00:00.05 2     1   29     412K  0B    0B    242  1    sleeping *0[1]    0.00000 0.00000    202 1203     86   98      79      594      309     260      0       0      0.0   0      0      _coreaudiod            N/A    N/A   N/A   N/A   N/A   N/A  
240   csnameddatad     0.0  00:00.01 2     1   23     564K  0B    0B    240  1    sleeping *0[2]    0.00000 0.00000    0   755      104  98      42      432      197     67       0       0      0.0   0      0      root                   N/A    N/A   N/A   N/A   N/A   N/A  
239   nsurlsessiond    0.0  00:00.87 5     4   82     1876K 0B    0B    239  1    sleeping *23[3]   0.00000 0.00000    242 5654     244  359     1091    21088    1974    7850     71      475    0.0   0      0      _nsurlsessiond         N/A    N/A   N/A   N/A   N/A   N/A  
238   mDNSResponderHel 0.0  00:00.33 3     1   39     1044K 0B    0B    238  1    sleeping *0[1]    0.00000 0.00000    0   2166     138  7889    3991    5131     4396    5369     1       2594   0.0   0      0      root                   N/A    N/A   N/A   N/A   N/A   N/A  
237   awdd             0.0  00:00.15 2     1   77     1112K 24K   0B    237  1    sleeping *0[20]   0.00000 0.00000    0   1816     146  245     128     2913     694     1090     17      1      0.0   0      0      root                   N/A    N/A   N/A   N/A   N/A   N/A  
236   mobileassetd     0.0  00:05.38 2     1   84     1476K 0B    0B    236  1    sleeping *0[17]   0.00000 0.00000    0   34105    213  8305    295     39260    9195    14970    32      995    0.0   0      0      root                   N/A    N/A   N/A   N/A   N/A   N/A  
235   backupd          0.0  00:00.19 3     2   48     1204K 0B    0B    235  1    sleeping *0[1]    0.00000 0.00000    0   2007     216  137     87      1006     351     1060     41      5      0.0   0      0      root                   N/A    N/A   N/A   N/A   N/A   N/A  
231   lsd              0.0  00:00.28 3     2   78     1116K 0B    0B    231  1    sleeping *0[56]   0.00000 0.00000    0   5318     146  592     413     4198     1450    1770     1849    8      0.0   0      0      root                   N/A    N/A   N/A   N/A   N/A   N/A  
223   analyticsd       0.0  00:03.19 2     1   291    2128K 3712K 0B    223  1    sleeping *22[3]   0.00000 0.00000    263 9403     167  6072    3960    54542    20459   14779    67      74     0.0   0      0      _analyticsd            N/A    N/A   N/A   N/A   N/A   N/A  
222   com.apple.CodeSi 0.0  00:00.17 2     1   20     620K  0B    0B    222  1    sleeping *0[66]   0.00000 0.00000    0   1976     111  275     298     7532     911     825      0       8      0.0   0      0      root                   N/A    N/A   N/A   N/A   N/A   N/A  
219   findmydeviced    0.0  00:00.15 2     1   62     1588K 0B    0B    219  1    sleeping *0[2]    0.00000 0.00000    0   2786     250  269     110     1660     673     1087     92      13     0.0   0      0      root                   N/A    N/A   N/A   N/A   N/A   N/A  
218   mDNSResponder    0.0  00:00.37 3     1   124    1176K 0B    0B    218  1    sleeping *0[1]    0.00000 0.00000    65  2638     159  1341    694     12001    3339    4436     22      87     0.0   0      0      _mdnsresponder         N/A    N/A   N/A   N/A   N/A   N/A  
216   symptomsd        0.0  00:00.33 2     1   77     2252K 128K  0B    216  1    sleeping *0[52]   0.00000 0.00000    24  3417     199  392     196     5744     1286    2096     110     13     0.0   0      0      _networkd              N/A    N/A   N/A   N/A   N/A   N/A  
215   nehelper         0.0  00:00.73 2     1   75     1356K 0B    0B    215  1    sleeping *0[44]   0.00000 0.00000    0   3342     152  344     157     3994     787     1783     37      7      0.0   0      0      root                   N/A    N/A   N/A   N/A   N/A   N/A  
214   PowerUIAgent     0.0  00:00.08 2     1   36     832K  0B    0B    214  1    sleeping *0[1]    0.00000 0.00000    0   1602     137  115     69      795      264     399      96      0      0.0   0      0      root                   N/A    N/A   N/A   N/A   N/A   N/A  
213   contextstored    0.0  00:01.56 3     2   107    2512K 404K  0B    213  1    sleeping *0[316]  0.00000 0.00000    0   9398     217  3763    2564    29526    13784   14567    265     535    0.0   0      0      root                   N/A    N/A   N/A   N/A   N/A   N/A  
212   PlugInLibrarySer 0.0  00:00.01 2     1   22     604K  0B    0B    212  1    sleeping *0[3]    0.00000 0.00000    0   728      103  85      41      395      161     70       0       0      0.0   0      0      root                   N/A    N/A   N/A   N/A   N/A   N/A  
211   containermanager 0.0  00:00.13 2     1   34     976K  0B    0B    211  1    sleeping *0[21]   0.00000 0.00000    0   2100     157  153     91      1417     426     628      5       1      0.0   0      0      root                   N/A    N/A   N/A   N/A   N/A   N/A  
209   diskmanagementd  0.0  00:00.05 3     1   45     1012K 0B    0B    209  1    sleeping *0[1]    0.00000 0.00000    0   1216     197  274     86      811      975     428      6       3      0.0   0      0      root                   N/A    N/A   N/A   N/A   N/A   N/A  
202   coreaudiod       0.0  00:01.90 5     1   483    8688K 0B    0B    202  1    sleeping *0[1]    0.00000 0.00000    202 10345    296  27562   22808   83773    99895   37633    141     129    0.0   0      0      _coreaudiod            N/A    N/A   N/A   N/A   N/A   N/A  
189   airportd         0.0  00:00.99 6     4   190    2540K 0B    0B    189  1    sleeping *4[1]    0.00000 0.00000    0   4997     262  4748    2402    12642    4835    6217     184     105    0.0   0      0      root                   N/A    N/A   N/A   N/A   N/A   N/A  
182   distnoted        0.0  00:00.06 2     1   35     420K  0B    0B    182  1    sleeping *0[1]    0.00000 0.00000    0   1232     87   99      86      669      317     328      0       0      0.0   0      0      root                   N/A    N/A   N/A   N/A   N/A   N/A  
180   authd            0.0  00:00.24 3     2   54     980K  0B    0B    180  1    sleeping *0[60]   0.00000 0.00000    0   2137     142  396     210     6385     1569    1286     1       2      0.0   0      0      root                   N/A    N/A   N/A   N/A   N/A   N/A  
176   coreservicesd    0.0  00:00.57 4     1   222    2224K 0B    0B    176  1    sleeping *0[1]    0.00000 0.00000    0   2485     113  20465   9292    13353    37984   5813     1       15     0.0   0      0      root                   N/A    N/A   N/A   N/A   N/A   N/A  
175   runningboardd    0.0  00:02.97 5     4   225    1848K 0B    0B    175  1    sleeping *4[1]    0.00000 0.00000    0   9871     153  3898    3972    82382    13590   33187    96      567    0.0   0      0      root                   N/A    N/A   N/A   N/A   N/A   N/A  
173   syspolicyd       0.0  00:03.73 2     1   77     50M   724K  0B    173  1    sleeping *0[1]    0.00000 0.00000    0   47171    4615 614     416     40831    4090    7885     3783    3      0.0   0      0      root                   N/A    N/A   N/A   N/A   N/A   N/A  
172   loginwindow      0.0  00:01.01 2     1   293    12M   0B    0B    172  1    sleeping *0[29]   0.00000 0.00000    501 12921    404  2512    1232    9202     7206    7069     447     21     0.0   0      0      maxieds                N/A    N/A   N/A   N/A   N/A   N/A  
171   trustd           0.0  00:03.09 2     1   80     2736K 160K  0B    171  1    sleeping *0[1693] 0.00000 0.00000    282 4824     190  1205    2841    45072    15908   12743    61      50     0.0   0      0      _trustd                N/A    N/A   N/A   N/A   N/A   N/A  
170   WindowServer     0.0  03:14.38 12    5   795    131M  17M   0B    170  1    stuck    *0[1]    0.00000 0.00000    88  300700   1628 1040446 829340  3267662  3788473 1331511  1181    28825  0.0   0      0      _windowserver          N/A    N/A   N/A   N/A   N/A   N/A  
169   aslmanager       0.0  00:00.05 2     1   16     408K  0B    0B    169  1    sleeping *0[1]    0.00000 0.00000    0   489      73   70      37      620      157     421      0       7      0.0   0      0      root                   N/A    N/A   N/A   N/A   N/A   N/A  
168   tccd             0.0  00:02.49 2     1   41     1564K 28K   0B    168  1    sleeping *0[349]  0.00000 0.00000    0   6526     163  2503    2382    94702    12475   9523     44      30     0.0   0      0      root                   N/A    N/A   N/A   N/A   N/A   N/A  
167   taskgated        0.0  00:00.14 1     0   21     704K  0B    0B    167  1    sleeping *0[1]    0.00000 0.00000    0   1305     111  88      31      1297     257     662      18      5      0.0   0      0      root                   N/A    N/A   N/A   N/A   N/A   N/A  
166   cfprefsd         0.0  00:03.63 2     1   512    828K  20K   0B    166  1    sleeping *0[1942] 0.00000 0.00000    0   4033     88   8050    9256    138533   29356   26082    1       220    0.0   0      0      root                   N/A    N/A   N/A   N/A   N/A   N/A  
165   com.apple.cmio.r 0.0  00:00.07 2     1   53     768K  0B    0B    165  1    sleeping *0[23]   0.00000 0.00000    0   1722     127  171     85      1009     462     276      1       2      0.0   0      0      root                   N/A    N/A   N/A   N/A   N/A   N/A  
164   AirPlayXPCHelper 0.0  00:00.38 4     1   168    1412K 0B    0B    164  1    sleeping *0[1]    0.00000 0.00000    0   3959     197  1368    582     4104     2667    3896     280     17     0.0   0      0      root                   N/A    N/A   N/A   N/A   N/A   N/A  
163   corebrightnessd  0.0  00:00.48 2     1   127    1268K 0B    0B    163  1    sleeping *0[1]    0.00000 0.00000    0   13805    179  2947    871     6120     8279    4485     136     117    0.0   0      0      root                   N/A    N/A   N/A   N/A   N/A   N/A  
162   sandboxd         0.0  00:00.08 2     1   35     1072K 0B    0B    162  1    sleeping *0[1]    0.00000 0.00000    0   1595     150  179     87      1470     588     717      15      1      0.0   0      0      root                   N/A    N/A   N/A   N/A   N/A   N/A  
161   notifyd          0.0  00:02.92 2     1   461    732K  0B    0B    161  1    sleeping *0[1]    0.00000 0.00000    0   1522     72   25163   35922   112608   105074  41947    5       2      0.0   0      0      root                   N/A    N/A   N/A   N/A   N/A   N/A  
160   bluetoothd       0.0  00:00.67 2     1   181    2712K 0B    0B    160  1    sleeping *0[1]    0.00000 0.00000    0   5709     266  1749    895     8218     3602    4466     315     173    0.0   0      0      root                   N/A    N/A   N/A   N/A   N/A   N/A  
158   KernelEventAgent 0.0  00:00.01 2     1   22     524K  0B    0B    158  1    sleeping *0[1]    0.00000 0.00000    0   686      101  81      30      581      152     163      3       0      0.0   0      0      root                   N/A    N/A   N/A   N/A   N/A   N/A  
157   revisiond        0.0  00:00.13 3     1   47     1380K 0B    0B    157  1    sleeping  0[0]    0.00000 0.00000    0   2228     161  174     58      2239     467     562      18      8      0.0   0      0      root                   N/A    N/A   N/A   N/A   N/A   N/A  
156   logind           0.0  00:00.09 2     1   69     760K  0B    0B    156  1    sleeping *0[1]    0.00000 0.00000    0   1608     161  178     119     868      440     941      100     1      0.0   0      0      root                   N/A    N/A   N/A   N/A   N/A   N/A  
154   PerfPowerService 0.0  00:03.26 3     1   276    3344K 276K  0B    154  1    sleeping *1[8]    0.00000 0.00000    0   8547     269  40299   20179   40837    106213  53945    190     295    0.0   0      0      root                   N/A    N/A   N/A   N/A   N/A   N/A  
153   AppleCredentialM 0.0  00:00.04 2     1   32     648K  0B    0B    153  1    sleeping *0[1]    0.00000 0.00000    0   1007     121  204     99      518      308     694      16      0      0.0   0      0      root                   N/A    N/A   N/A   N/A   N/A   N/A  
152   distnoted        0.0  00:00.14 2     1   125    432K  0B    0B    152  1    sleeping *0[1]    0.00000 0.00000    241 1320     87   782     781     4914     2199    1266     0       0      0.0   0      0      _distnote              N/A    N/A   N/A   N/A   N/A   N/A  
150   dasd             0.0  00:03.79 2     1   73     2424K 0B    0B    150  1    sleeping *0[112]  0.00000 0.00000    0   6191     269  2289    1398    62259    8241    24347    44      402    0.0   0      0      root                   N/A    N/A   N/A   N/A   N/A   N/A  
149   displaypolicyd   0.0  00:00.06 6     1   51     1756K 0B    0B    149  1    sleeping *0[1]    0.00000 0.00000    244 1599     136  575     285     1493     696     1275     4       8      0.0   0      0      _displaypolicyd        N/A    N/A   N/A   N/A   N/A   N/A  
148   autofsd          0.0  00:00.02 2     1   23     528K  0B    0B    148  1    sleeping *0[1]    0.00000 0.00000    0   820      106  75      32      361      154     133      0       0      0.0   0      0      root                   N/A    N/A   N/A   N/A   N/A   N/A  
143   auditd           0.0  00:00.01 2     1   32     524K  0B    0B    143  1    sleeping *0[1]    0.00000 0.00000    0   636      102  89      35      327      172     89       0       0      0.0   0      0      root                   N/A    N/A   N/A   N/A   N/A   N/A  
142   securityd        0.0  00:00.35 4     1   85     1648K 0B    0B    142  1    sleeping *0[1]    0.00000 0.00000    0   3308     133  924     125     5362     5278    2724     24      12     0.0   0      0      root                   N/A    N/A   N/A   N/A   N/A   N/A  
141   usbmuxd          0.0  00:00.23 3     1   39     1296K 0B    0B    141  1    sleeping *0[1]    0.00000 0.00000    213 2770     246  172     50      1618     756     1660     268     0      0.0   0      0      _usbmuxd               N/A    N/A   N/A   N/A   N/A   N/A  
140   timed            0.0  00:00.10 2     1   50     1020K 0B    0B    140  1    sleeping *0[1]    0.00000 0.00000    266 1541     140  241     168     1681     838     747      9       14     0.0   0      0      _timed                 N/A    N/A   N/A   N/A   N/A   N/A  
139   launchservicesd  0.0  00:01.04 2     1   290    1312K 0B    0B    139  1    sleeping *0[1871] 0.00000 0.00000    0   4358     138  13868   8238    54176    20493   12820    4       115    0.0   0      0      root                   N/A    N/A   N/A   N/A   N/A   N/A  
138   apsd             0.0  00:01.16 4     3   183    2000K 12K   0B    138  1    sleeping *0[1]    0.00000 0.00000    0   16887    258  4388    2242    27470    14088   11287    78      156    0.0   0      0      root                   N/A    N/A   N/A   N/A   N/A   N/A  
137   opendirectoryd   0.0  00:06.10 4     3   838    2712K 64K   0B    137  1    sleeping *0[1]    0.00000 0.00000    0   87275    160  20654   23505   302870   69578   92843    927     202    0.0   0      0      root                   N/A    N/A   N/A   N/A   N/A   N/A  
136   thermalmonitord  0.0  00:00.02 1     0   24     960K  0B    0B    136  1    sleeping *0[1]    0.00000 0.00000    0   910      212  62      28      309      139     267      5       0      0.0   0      0      root                   N/A    N/A   N/A   N/A   N/A   N/A  
133   syslogd          0.0  00:00.17 3     2   65     580K  0B    0B    133  1    sleeping *0[163]  0.00000 0.00000    0   1114     75   140     175     9434     2306    2516     1       42     0.0   0      0      root                   N/A    N/A   N/A   N/A   N/A   N/A  
132   coreduetd        0.0  00:00.68 2     1   54     2540K 960K  0B    132  1    sleeping *0[13]   0.00000 0.00000    0   6084     210  332     178     10014    3341    3100     168     12     0.0   0      0      root                   N/A    N/A   N/A   N/A   N/A   N/A  
129   diskarbitrationd 0.0  00:00.86 2     1   206    1008K 0B    0B    129  1    sleeping *0[1]    0.00000 0.00000    0   6778     1780 9758    4303    12742    60394   8881     8       0      0.0   0      0      root                   N/A    N/A   N/A   N/A   N/A   N/A  
128   kernelmanagerd   0.0  00:03.27 2     1   72     6496K 0B    0B    128  1    sleeping *0[1]    0.00000 0.00000    0   92844    565  723     403     29133    5532    6226     1161    0      0.0   0      0      root                   N/A    N/A   N/A   N/A   N/A   N/A  
127   iconservicesd    0.0  00:00.07 2     1   45     824K  0B    0B    127  1    sleeping *0[10]   0.00000 0.00000    240 1902     125  122     67      818      290     385      2       3      0.0   0      0      _iconservices          N/A    N/A   N/A   N/A   N/A   N/A  
126   mds              0.0  02:33.59 10    7   333    17M   0B    0B    126  1    stuck    *0[1]    0.00000 0.00000    0   792400   295  825132  403912  5439562  1618244 2060763  456     7335   0.0   0      0      root                   N/A    N/A   N/A   N/A   N/A   N/A  
122   watchdogd        0.0  00:00.20 3     1   46     700K  0B    0B    122  1    sleeping *0[1]    0.00000 0.00000    0   1084     116  3018    1542    1363     9557    3257     15      264    0.0   0      0      root                   N/A    N/A   N/A   N/A   N/A   N/A  
120   softwareupdated  0.0  00:00.17 2     1   49     1220K 0B    0B    120  1    sleeping  0[0]    0.00000 0.00000    200 2455     163  3161    1559    1429     2757    529      2       3      0.0   0      0      _softwareupdate        N/A    N/A   N/A   N/A   N/A   N/A  
119   keybagd          0.0  00:00.18 2     1   54     832K  0B    0B    119  1    sleeping *0[1]    0.00000 0.00000    0   1560     127  716     759     4579     2717    1879     6       17     0.0   0      0      root                   N/A    N/A   N/A   N/A   N/A   N/A  
117   remoted          0.0  00:00.07 2     1   66     756K  0B    0B    117  1    sleeping *0[1]    0.00000 0.00000    0   1231     116  373     211     787      630     812      42      0      0.0   0      0      root                   N/A    N/A   N/A   N/A   N/A   N/A  
113   daemondo         0.0  00:00.02 3     1   43     772K  0B    0B    113  1    sleeping *0[1]    0.00000 0.00000    0   981      145  89      37      375      210     138      7       0      0.0   0      0      root                   N/A    N/A   N/A   N/A   N/A   N/A  
112   powerd           0.0  00:02.89 3     2   123    1348K 0B    0B    112  1    sleeping *0[1]    0.00000 0.00000    0   12088    160  18657   13050   53435    46252   35152    212     370    0.0   0      0      root                   N/A    N/A   N/A   N/A   N/A   N/A  
111   endpointsecurity 0.0  00:00.01 1     0   32     536K  0B    0B    111  1    sleeping  0[0]    0.00000 0.00000    0   684      105  83      36      312      174     71       2       0      0.0   0      0      root                   N/A    N/A   N/A   N/A   N/A   N/A  
110   configd          0.0  00:00.84 7     1   364    1928K 0B    0B    110  1    sleeping *0[1]    0.00000 0.00000    0   6535     197  12925   7080    31070    19255   7823     53      7      0.0   0      0      root                   N/A    N/A   N/A   N/A   N/A   N/A  
108   systemstats      0.0  00:03.48 3     2   93     1684K 0B    0B    108  1    sleeping *0[25]   0.00000 0.00000    0   8894     250  17518   9167    500995   14926   12119    15      205    0.0   0      0      root                   N/A    N/A   N/A   N/A   N/A   N/A  
105   mediaremoted     0.0  00:00.72 3     1   160    1616K 0B    0B    105  1    sleeping *0[11]   0.00000 0.00000    0   6432     273  14371   3216    4463     16664   19946    348     6      0.0   0      0      root                   N/A    N/A   N/A   N/A   N/A   N/A  
104   fseventsd        0.0  00:22.61 8     1   241    1604K 0B    0B    104  1    sleeping *0[1]    0.00000 0.00000    0   138810   109  26595   5980    971922   89760   116963   2       6508   0.0   0      0      root                   N/A    N/A   N/A   N/A   N/A   N/A  
103   uninstalld       0.0  00:00.15 3     2   21     604K  0B    0B    103  1    sleeping *0[1]    0.00000 0.00000    0   1596     115  439     27      4561     1657    2916     1       503    0.0   0      0      root                   N/A    N/A   N/A   N/A   N/A   N/A  
100   UserEventAgent   0.0  00:01.00 4     1   465    2068K 0B    0B    100  1    sleeping *0[1]    0.00000 0.00000    0   5168     222  5639    5129    16846    15457   9249     417     65     0.0   0      0      root                   N/A    N/A   N/A   N/A   N/A   N/A  
99    logd             0.0  00:03.86 5     4   1083   8860K 0B    0B    99   1    sleeping *0[1]    0.00000 0.00000    0   21496    122  17862   21221   196285   38167   65921    31      188    0.0   0      0      root                   N/A    N/A   N/A   N/A   N/A   N/A  
1     launchd          0.0  00:13.43 3     2   1683   13M   0B    0B    1    0    stuck     0[0]    0.00000 0.00000    0   17888    1510 53418   54311   363063   232496  120826   73      156    0.0   0      0      root                   N/A    N/A   N/A   N/A   N/A   N/A  
0     kernel_task      0.0  02:37.54 165/4 0   0      195M  0B    0B    0    0    running   0[0]    0.00000 0.00000    0   9450     2635 1345231 1142519 0        0       13385656 102     783665 0.0   0      0      root                   N/A    N/A   N/A   N/A   N/A   N/A  
Processes: 343 total, 3 running, 6 stuck, 334 sleeping, 1064 threads 
2026/07/24 13:44:08
Load Avg: 1.54, 1.85, 1.90 
CPU usage: 1.30% user, 4.35% sys, 94.33% idle 
SharedLibs: 458M resident, 83M data, 37M linkedit.
MemRegions: 25393 total, 1170M resident, 179M private, 739M shared.
PhysMem: 6203M used (2218M wired), 1988M unused.
VM: 11T vsize, 3153M framework vsize, 0(0) swapins, 0(0) swapouts.
Networks: packets: 230/32K in, 236/32K out.
Disks: 702136/11G read, 244862/14G written.

PID   COMMAND          %CPU TIME     #TH   #WQ #PORTS MEM    PURG  CMPRS PGRP PPID STATE    BOOSTS    %CPU_ME %CPU_OTHRS UID FAULTS   COW  MSGSENT  MSGRECV  SYSBSD   SYSMACH  CSW       PAGEINS IDLEW   POWER INSTRS    CYCLES    USER                   #MREGS RPRVT VPRVT VSIZE KPRVT KSHRD
1976  top              12.0 00:00.24 1/1   0   26+    2180K+ 0B    0B    1976 1107 running  *0[1]     0.05172 0.00000    0   1623+    108+ 83578+   41783+   3201+    46068+   87+       0       1+      12.1  443877200 442964857 root                   N/A    N/A   N/A   N/A   N/A   N/A  
170   WindowServer     8.3  03:14.48 12/1  5   793-   131M+  17M+  0B    170  1    running  *0[1]     0.00830 0.09233    88  300711+  1628 1040785+ 829600+  3268161+ 3789406+ 1331946+  1181    28873+  10.3  63271025  134230145 _windowserver          N/A    N/A   N/A   N/A   N/A   N/A  
0     kernel_task      1.0  02:37.55 165/4 0   0      195M   0B    0B    0    0    running   0[0]     0.00000 0.00000    0   9450     2635 1383447+ 1180631+ 0        0        13386848+ 102     783734+ 0.0   8886583   55197610  root                   N/A    N/A   N/A   N/A   N/A   N/A  
556   Terminal         0.7  04:26.47 9     3   418+   321M-  76M+  0B    556  1    sleeping *0[842]   0.07876 0.00000    501 3162679+ 1233 810752+  121552+  5653300+ 3084784+ 1397086+  7212    11946+  0.8   9490216   19822634  maxieds                N/A    N/A   N/A   N/A   N/A   N/A  
239   nsurlsessiond    0.1  00:00.87 5     4   83+    1884K+ 0B    0B    239  1    stuck    *23[3]    0.00000 0.00000    242 5662+    244  359      1091     21128+   1974     7858+     71      476+    0.2   2234736   2975806   _nsurlsessiond         N/A    N/A   N/A   N/A   N/A   N/A  
104   fseventsd        0.0  00:22.61 8     1   241    1604K  0B    0B    104  1    sleeping *0[1]     0.00000 0.00000    0   138814+  109  26603+   5983+    971958+  89773+   116972+   2       6509+   0.1   950360    2445954   root                   N/A    N/A   N/A   N/A   N/A   N/A  
137   opendirectoryd   0.0  00:06.10 6     5   842+   2736K+ 64K   0B    137  1    sleeping *0[1]     0.00000 0.02497    0   87281+   160  20657+   23508+   302903+  69586+   92853+    927     202     0.0   995775    1549565   root                   N/A    N/A   N/A   N/A   N/A   N/A  
140   timed            0.0  00:00.10 3     2   51+    1040K+ 0B    0B    140  1    sleeping *0[1]     0.00000 0.02681    266 1546+    140  243+     170+     1695+    849+     753+      9       14      0.0   606115    1266977   _timed                 N/A    N/A   N/A   N/A   N/A   N/A  
126   mds              0.0  02:33.59 10    7   333    17M    0B    0B    126  1    stuck    *0[1]     0.00000 0.00000    0   792400   295  825132   403912   5439572+ 1618244  2060770+  456     7337+   0.1   129993    503601    root                   N/A    N/A   N/A   N/A   N/A   N/A  
99    logd             0.0  00:03.86 4     3   1084+  8852K- 0B    0B    99   1    sleeping *0[1]     0.00000 0.00000    0   21497+   122  17867+   21226+   196299+  38176+   65930+    31      188     0.0   237437    772141    root                   N/A    N/A   N/A   N/A   N/A   N/A  
161   notifyd          0.0  00:02.92 2     1   461    732K   0B    0B    161  1    sleeping *0[1]     0.00000 0.01548    0   1522     72   25170+   35929+   112630+  105095+  41955+    5       2       0.0   748619    1002399   root                   N/A    N/A   N/A   N/A   N/A   N/A  
1093  appstoreagent    0.0  00:00.57 3     2   110+   3392K+ 108K  0B    1093 1    sleeping  0[7]     0.00000 0.00000    501 6558+    447  690+     180      9206+    2073+    4234+     30      311+    0.0   104252    413756    maxieds                N/A    N/A   N/A   N/A   N/A   N/A  
391   Finder           0.0  00:12.87 4     2   307    25M    268K  0B    391  1    sleeping *0[129]   0.00000 0.00000    501 129698+  877  26618    33922+   133576+  177812+  68074+    1022    294+    0.0   111069    569152    maxieds                N/A    N/A   N/A   N/A   N/A   N/A  
498   lockoutagent     0.0  00:00.97 4     3   72     1388K  0B    0B    498  1    sleeping *0[1]     0.00000 0.00000    501 2741     153  4034+    116      37122+   15921+   23144+    1       2539+   0.0   95582     351973    maxieds                N/A    N/A   N/A   N/A   N/A   N/A  
1     launchd          0.0  00:13.43 3     2   1683   13M    0B    0B    1    0    stuck     0[0]     0.00000 0.01127    0   17888    1510 53421+   54314+   363079+  232511+  120831+   73      156     0.0   332040    719266    root                   N/A    N/A   N/A   N/A   N/A   N/A  
360   locationd        0.0  00:00.48 3     1   166    2796K  44K   0B    360  1    sleeping  0[25]    0.00000 0.00000    205 4690     332  1407+    362      12920+   7628+    6406+     0       508+    0.0   72090     272012    _locationd             N/A    N/A   N/A   N/A   N/A   N/A  
112   powerd           0.0  00:02.89 3     2   123    1348K  0B    0B    112  1    sleeping *0[1]     0.00000 0.00000    0   12088    160  18657    13050    53440+   46252    35156+    212     371+    0.0   65757     217978    root                   N/A    N/A   N/A   N/A   N/A   N/A  
487   com.apple.geod   0.0  00:00.45 3     2   76+    2912K+ 72K   0B    487  1    sleeping *4[1]     0.03255 0.00000    501 4213+    249  427+     1090     16482+   2965+    5302+     5       166     0.0   100332    506002    maxieds                N/A    N/A   N/A   N/A   N/A   N/A  
223   analyticsd       0.0  00:03.19 2     1   291    2128K  3712K 0B    223  1    sleeping *22[3]    0.00000 0.00575    263 9403     167  6073+    3961+    54545+   20464+   14780+    67      74      0.0   114974    345632    _analyticsd            N/A    N/A   N/A   N/A   N/A   N/A  
361   ViewBridgeAuxili 0.0  00:00.71 2     1   68     1748K  0B    0B    361  1    sleeping *0[4607+] 0.00000 0.00000    0   2479     171  14192+   4766+    10408+   42248+   12736+    0       15      0.0   81364     314977    root                   N/A    N/A   N/A   N/A   N/A   N/A  
398   ViewBridgeAuxili 0.0  00:00.80 2     1   169    2060K  0B    0B    398  1    sleeping *0[4713+] 0.00000 0.00000    501 2907     181  14432+   5051+    11637+   43229+   15292+    0       23      0.0   85792     299930    maxieds                N/A    N/A   N/A   N/A   N/A   N/A  
454   remindd          0.0  00:00.84 3     2   100    3940K  148K  0B    454  1    sleeping  0[6]     0.00000 0.00000    501 7868     462  481      219      13551+   2007     7659+     96      1254    0.0   34347     134561    maxieds                N/A    N/A   N/A   N/A   N/A   N/A  
108   systemstats      0.0  00:03.48 2     1   90-    1672K- 0B    0B    108  1    sleeping  0[25]    0.00000 0.00000    0   8894     250  17518    9167     500997+  14928+   12121+    15      205     0.0   32554     105358    root                   N/A    N/A   N/A   N/A   N/A   N/A  
238   mDNSResponderHel 0.0  00:00.33 3     1   39     1044K  0B    0B    238  1    sleeping *0[1]     0.00000 0.00000    0   2166     138  7891+    3992+    5132+    4397+    5370+     1       2595+   0.0   12875     75628     root                   N/A    N/A   N/A   N/A   N/A   N/A  
474   CommCenter       0.0  00:00.95 5     1   142-   3808K- 0B    0B    474  1    sleeping *0[1]     0.00000 0.00000    501 10324    524  1190     589      14032+   4959     5986+     108     365     0.0   21233     62148     maxieds                N/A    N/A   N/A   N/A   N/A   N/A  
429   com.apple.hiserv 0.0  00:00.34 2     1   56     704K   0B    0B    429  1    sleeping  0[15]    0.00000 0.00000    501 1129     117  235      4710+    5853+    497      6806+     0       3       0.0   32631     122421    maxieds                N/A    N/A   N/A   N/A   N/A   N/A  
366   com.apple.hiserv 0.0  00:00.32 2     1   39     676K   0B    0B    366  1    sleeping  0[2]     0.00000 0.00000    0   1019     117  161      4680+    5409+    310      6988+     0       2       0.0   27294     82582     root                   N/A    N/A   N/A   N/A   N/A   N/A  
1974  mdworker_shared  0.0  00:00.28 4     1   49     1144K  0B    0B    1974 1    sleeping *0[1]     0.00000 0.00000    501 14346    169  623      269      4663     1815     419       0       2       0.0   0         0         maxieds                N/A    N/A   N/A   N/A   N/A   N/A  
1973  mdworker_shared  0.0  00:00.29 4     1   48     1092K  0B    0B    1973 1    sleeping *0[1]     0.00000 0.00000    501 14169    169  634      273      4694     1836     475       0       2       0.0   0         0         maxieds                N/A    N/A   N/A   N/A   N/A   N/A  
1972  mdworker_shared  0.0  00:00.26 4     1   49     1124K  0B    0B    1972 1    sleeping *0[1]     0.00000 0.00000    501 12740    169  611      263      4176     1645     425       0       2       0.0   0         0         maxieds                N/A    N/A   N/A   N/A   N/A   N/A  
1971  mdworker_shared  0.0  00:00.29 4     1   49     1148K  0B    0B    1971 1    sleeping *0[1]     0.00000 0.00000    501 13214    169  607      263      4154     1640     389       0       2       0.0   0         0         maxieds                N/A    N/A   N/A   N/A   N/A   N/A  
1970  mdworker_shared  0.0  00:00.26 4     1   49     1132K  0B    0B    1970 1    sleeping *0[1]     0.00000 0.00000    501 12631    169  609      264      4161     1639     373       0       2       0.0   0         0         maxieds                N/A    N/A   N/A   N/A   N/A   N/A  
1969  mdworker_shared  0.0  00:00.26 4     1   49     1152K  0B    0B    1969 1    sleeping *0[1]     0.00000 0.00000    501 13092    169  608      263      4257     1626     382       0       2       0.0   0         0         maxieds                N/A    N/A   N/A   N/A   N/A   N/A  
1968  mdworker_shared  0.0  00:00.27 4     1   49     1144K  0B    0B    1968 1    sleeping *0[1]     0.00000 0.00000    501 12744    169  609      263      4204     1640     360       0       2       0.0   0         0         maxieds                N/A    N/A   N/A   N/A   N/A   N/A  
1967  mdworker_shared  0.0  00:00.27 4     1   49     1128K  0B    0B    1967 1    sleeping *0[1]     0.00000 0.00000    501 12752    169  610      263      4185     1646     396       0       2       0.0   0         0         maxieds                N/A    N/A   N/A   N/A   N/A   N/A  
1966  mdworker_shared  0.0  00:00.26 4     1   49     1128K  0B    0B    1966 1    sleeping *0[1]     0.00000 0.00000    501 12671    169  610      263      4363     1637     368       0       2       0.0   0         0         maxieds                N/A    N/A   N/A   N/A   N/A   N/A  
1965  mdworker_shared  0.0  00:00.28 4     1   49     1136K  0B    0B    1965 1    sleeping *0[1]     0.00000 0.00000    501 14218    169  628      269      4825     1831     435       0       3       0.0   0         0         maxieds                N/A    N/A   N/A   N/A   N/A   N/A  
1963  mdworker_shared  0.0  00:00.05 4     1   42     1024K  0B    0B    1963 1    sleeping *0[1]     0.00000 0.00000    89  3585     169  509      228      980      509      118       1       8       0.0   0         0         _spotlight             N/A    N/A   N/A   N/A   N/A   N/A  
1950  mdworker_shared  0.0  00:00.07 4     1   43     1096K  0B    0B    1950 1    sleeping *0[1]     0.00000 0.00000    89  3690     173  535      237      1104     561      305       5       13      0.0   0         0         _spotlight             N/A    N/A   N/A   N/A   N/A   N/A  
1949  mdworker_shared  0.0  00:00.07 4     1   42     1040K  0B    0B    1949 1    sleeping *0[1]     0.00000 0.00000    89  5225     169  526      233      1488     714      185       2       12      0.0   0         0         _spotlight             N/A    N/A   N/A   N/A   N/A   N/A  
1948  mdworker_shared  0.0  00:00.06 4     1   43     1096K  0B    0B    1948 1    sleeping *0[1]     0.00000 0.00000    89  3708     174  537      236      1099     574      236       5       16      0.0   0         0         _spotlight             N/A    N/A   N/A   N/A   N/A   N/A  
1918  mdworker_shared  0.0  00:00.13 4     1   43     1084K  0B    0B    1918 1    sleeping *0[1]     0.00000 0.00000    89  6482     169  595      242      1965     1030     504       3       48      0.0   0         0         _spotlight             N/A    N/A   N/A   N/A   N/A   N/A  
1913  mdworker_shared  0.0  00:00.13 4     1   42     1040K  0B    0B    1913 1    sleeping *0[1]     0.00000 0.00000    89  7226     174  600      242      1870     1099     485       16      44      0.0   0         0         _spotlight             N/A    N/A   N/A   N/A   N/A   N/A  
1856  mdworker_shared  0.0  00:00.13 4     1   42     1044K  0B    0B    1856 1    sleeping *0[1]     0.00000 0.00000    89  6825     169  615      240      2138     1173     533       3       60      0.0   0         0         _spotlight             N/A    N/A   N/A   N/A   N/A   N/A  
1749  wifip2pd         0.0  00:00.09 2     1   25     1168K  0B    0B    1749 1    sleeping  0[1]     0.00000 0.00000    0   2707     209  112      56       965      213      327       4       1       0.0   0         0         root                   N/A    N/A   N/A   N/A   N/A   N/A  
1742  VTDecoderXPCServ 0.0  00:00.19 2     1   71     13M    4460K 0B    1742 1    sleeping  0[21]    0.00000 0.00000    501 6566     170  1423     686      4289     1547     586       15      4       0.0   0         0         maxieds                N/A    N/A   N/A   N/A   N/A   N/A  
1695  CVMServer        0.0  00:00.03 2     1   33     544K   32K   0B    1695 1    sleeping *0[1]     0.00000 0.00000    0   1392     101  107      55       614      251      167       0       16      0.0   0         0         root                   N/A    N/A   N/A   N/A   N/A   N/A  
1515  keyboardservices 0.0  00:00.25 2     1   53     1784K  20K   0B    1515 1    sleeping  0[4]     0.00000 0.00000    501 2669     176  192      950      11118    2265     2650      11      3       0.0   0         0         maxieds                N/A    N/A   N/A   N/A   N/A   N/A  
1514  AppleSpell       0.0  00:00.29 2     1   100    5676K  80K   0B    1514 1    sleeping *0[1]     0.00000 0.00000    501 6999     329  502      145      5574     1325     1466      104     14      0.0   0         0         maxieds                N/A    N/A   N/A   N/A   N/A   N/A  
1513  LookupViewServic 0.0  00:00.38 4     2   200    6968K  12K   0B    1513 1    sleeping  0[7]     0.00000 0.00000    501 10349    400  1112     315      5778     2730     2275      280     7       0.0   0         0         maxieds                N/A    N/A   N/A   N/A   N/A   N/A  
1237  mdworker         0.0  00:00.04 2     1   50     1172K  0B    0B    1237 1    sleeping *0[1]     0.00000 0.00000    501 2526     181  149      44       892      324      102       0       1       0.0   0         0         maxieds                N/A    N/A   N/A   N/A   N/A   N/A  
1136  ls               0.0  01:15.18 1     0   22     2920K  0B    0B    1136 1135 stuck    *0[1]     0.00000 0.00000    0   1762     84   53       22       5924598  125      269048    0       0       0.0   0         0         root                   N/A    N/A   N/A   N/A   N/A   N/A  
1135  sudo             0.0  00:00.00 1     0   8      332K   0B    0B    1135 1134 sleeping *0[1]     0.00000 0.00000    0   183      89   12       6        45       16       4         0       0       0.0   0         0         root                   N/A    N/A   N/A   N/A   N/A   N/A  
1134  sudo             0.0  00:12.42 2     1   42     2356K  0B    0B    1134 1131 sleeping *0[16]    0.00000 0.00000    0   2363     372  149      81       5130438  499      325162    1       0       0.0   0         0         root                   N/A    N/A   N/A   N/A   N/A   N/A  
1131  bash             0.0  00:00.02 1     0   21     1316K  0B    0B    1131 1125 sleeping *0[1]     0.00000 0.00000    501 1147     276  56       22       914      113      133       6       0       0.0   0         0         maxieds                N/A    N/A   N/A   N/A   N/A   N/A  
1125  bash             0.0  00:00.01 1     0   21     1048K  0B    0B    1125 1124 sleeping *0[1]     0.00000 0.00000    501 1056     290  83       33       942      156      120       0       0       0.0   0         0         maxieds                N/A    N/A   N/A   N/A   N/A   N/A  
1124  login            0.0  00:00.03 2     1   32     1144K  0B    0B    1124 556  sleeping *0[9]     0.00000 0.00000    0   1514     188  83       33       4142     246      180       16      0       0.0   0         0         root                   N/A    N/A   N/A   N/A   N/A   N/A  
1117  distnoted        0.0  00:00.03 2     1   29     392K   0B    0B    1117 1    sleeping *0[1]     0.00000 0.00000    269 1200     86   99       35       377      212      53        0       0       0.0   0         0         _reportmemoryexception N/A    N/A   N/A   N/A   N/A   N/A  
1115  XprotectService  0.0  00:01.65 2     1   23     1160K  0B    0B    1115 1    sleeping  0[2]     0.00000 0.00000    0   56713    704  93       45       130307   430      1661      62      2       0.0   0         0         root                   N/A    N/A   N/A   N/A   N/A   N/A  
1107  bash             0.0  00:00.19 1     0   21     1380K  0B    0B    1107 1006 sleeping *0[1]     0.00000 0.00000    501 5967     3281 182      83       8279     175      1497      190     0       0.0   0         0         maxieds                N/A    N/A   N/A   N/A   N/A   N/A  
1101  deleted          0.0  00:00.15 2     1   39     844K   0B    0B    1101 1    sleeping  0[0]     0.00000 0.00000    501 2173     151  1368     632      2238     1473     419       21      1       0.0   0         0         maxieds                N/A    N/A   N/A   N/A   N/A   N/A  
1097  promotedcontentd 0.0  00:00.31 2     1   64     2176K  0B    0B    1097 1    sleeping  0[6]     0.00000 0.00000    501 4227     311  322      119      4806     771      1837      36      47      0.0   0         0         maxieds                N/A    N/A   N/A   N/A   N/A   N/A  
1096  com.apple.AppSto 0.0  00:00.06 2     1   27     3420K  0B    0B    1096 1    sleeping  0[0]     0.00000 0.00000    0   1561     115  86       37       460      173      127       0       3       0.0   0         0         root                   N/A    N/A   N/A   N/A   N/A   N/A  
1095  installcoordinat 0.0  00:00.05 2     1   42     920K   0B    0B    1095 1    sleeping  0[1]     0.00000 0.00000    274 2045     156  104      35       864      237      100       3       2       0.0   0         0         _installcoordinationd  N/A    N/A   N/A   N/A   N/A   N/A  
1094  ASPCarryLog      0.0  00:00.05 2     1   32     1056K  0B    0B    1094 1    sleeping  0[2]     0.00000 0.00000    0   1988     199  131      60       950      304      208       5       2       0.0   0         0         root                   N/A    N/A   N/A   N/A   N/A   N/A  
1006  bash             0.0  00:00.10 1     0   21     1088K  0B    0B    1006 1005 sleeping *0[1]     0.00000 0.00000    501 1959     698  99       41       6035     164      744       0       0       0.0   0         0         maxieds                N/A    N/A   N/A   N/A   N/A   N/A  
1005  login            0.0  00:00.02 2     1   31     1120K  0B    0B    1005 556  sleeping *0[9]     0.00000 0.00000    0   1526     192  83       33       4121     246      126       0       0       0.0   0         0         root                   N/A    N/A   N/A   N/A   N/A   N/A  
856   cp               0.0  01:37.81 1     0   19     2560K  0B    0B    856  855  stuck    *0[1]     0.00000 0.00000    0   899      151  47       18       2933203  93       312063    61      0       0.0   0         0         root                   N/A    N/A   N/A   N/A   N/A   N/A  
855   sudo             0.0  00:00.00 1     0   8      324K   0B    0B    855  845  sleeping *0[1]     0.00000 0.00000    0   178      87   12       6        45       16       4         0       0       0.0   0         0         root                   N/A    N/A   N/A   N/A   N/A   N/A  
845   sudo             0.0  00:05.53 2     1   41     2320K  0B    0B    845  559  sleeping *0[16]    0.00000 0.00000    0   2330     369  153      83       1093715  502      122600    1       0       0.0   0         0         root                   N/A    N/A   N/A   N/A   N/A   N/A  
735   nfcd             0.0  00:00.12 2     1   48     1116K  0B    0B    735  1    sleeping *0[1]     0.00000 0.00000    260 2451     204  159      49       1029     347      367       36      3       0.0   0         0         _applepay              N/A    N/A   N/A   N/A   N/A   N/A  
733   progressd        0.0  00:00.38 2     1   51     1768K  0B    0B    733  1    sleeping  0[1]     0.00000 0.00000    501 5547     271  179      56       3902     1556     767       8       10      0.0   0         0         maxieds                N/A    N/A   N/A   N/A   N/A   N/A  
729   studentd         0.0  00:00.39 2     1   131    4972K  88K   0B    729  1    sleeping *0[1]     0.00000 0.00000    501 7220     472  892      230      8422     2095     2202      52      23      0.0   0         0         maxieds                N/A    N/A   N/A   N/A   N/A   N/A  
719   EscrowSecurityAl 0.0  00:00.07 2     1   46     1412K  12K   0B    719  1    sleeping  0[0]     0.00000 0.00000    501 2831     192  135      45       1236     305      426       0       7       0.0   0         0         maxieds                N/A    N/A   N/A   N/A   N/A   N/A  
697   followupd        0.0  00:00.03 2     1   44     1084K  16K   0B    697  1    sleeping  0[1]     0.00000 0.00000    501 1619     156  133      50       872      310      127       0       0       0.0   0         0         maxieds                N/A    N/A   N/A   N/A   N/A   N/A  
678   mobileactivation 0.0  00:00.06 2     1   44     664K   0B    0B    678  1    sleeping  0[1]     0.00000 0.00000    0   1477     117  103      45       589      237      137       0       0       0.0   0         0         root                   N/A    N/A   N/A   N/A   N/A   N/A  
677   lskdd            0.0  00:00.10 2     0   29     552K   0B    0B    677  1    sleeping *1[1]     0.00000 0.00000    265 1441     105  1490     739      1254     883      974       0       504     0.0   0         0         _fpsd                  N/A    N/A   N/A   N/A   N/A   N/A  
674   memoryanalyticsd 0.0  00:00.04 2     1   38     1028K  0B    0B    674  1    sleeping  0[0]     0.00000 0.00000    0   1150     120  112      47       828      251      172       1       2       0.0   0         0         root                   N/A    N/A   N/A   N/A   N/A   N/A  
672   online-authd     0.0  00:00.01 2     1   37     560K   0B    0B    672  1    sleeping  0[2]     0.00000 0.00000    0   712      103  105      51       424      215      100       0       2       0.0   0         0         root                   N/A    N/A   N/A   N/A   N/A   N/A  
626   mdworker         0.0  00:00.07 2     1   41     1044K  0B    0B    626  1    sleeping *0[1]     0.00000 0.00000    89  2427     180  138      44       905      302      111       2       2       0.0   0         0         _spotlight             N/A    N/A   N/A   N/A   N/A   N/A  
587   spindump_agent   0.0  00:00.02 2     1   42     832K   0B    0B    587  1    sleeping  0[5]     0.00000 0.00000    501 1160     132  184      57       598      389      174       0       2       0.0   0         0         maxieds                N/A    N/A   N/A   N/A   N/A   N/A  
586   spindump         0.0  00:00.09 2     1   41     920K   0B    0B    586  1    sleeping *0[1]     0.00000 0.00000    0   2493     156  159      77       5107     373      412       14      3       0.0   0         0         root                   N/A    N/A   N/A   N/A   N/A   N/A  
585   QuickLookSatelli 0.0  00:02.11 3     2   72     11M    576K  0B    585  1    sleeping  0[20]    0.00000 0.00000    501 8901     252  854      362      26675    1674     8552      58      49      0.0   0         0         maxieds                N/A    N/A   N/A   N/A   N/A   N/A  
584   mdwrite          0.0  00:00.04 2     1   32     732K   0B    0B    584  1    sleeping *0[1]     0.00000 0.00000    501 1263     127  156      138      1238     496      371       0       17      0.0   0         0         maxieds                N/A    N/A   N/A   N/A   N/A   N/A  
581   logd_helper      0.0  00:00.03 2     1   20     512K   0B    0B    581  1    sleeping *0[1]     0.00000 0.00000    0   1298     101  69       35       432      150      70        0       0       0.0   0         0         root                   N/A    N/A   N/A   N/A   N/A   N/A  
559   bash             0.0  00:00.08 1     0   21     1132K  0B    0B    559  557  sleeping *0[1]     0.00000 0.00000    501 1964     679  97       40       4711     163      1046      2       0       0.0   0         0         maxieds                N/A    N/A   N/A   N/A   N/A   N/A  
558   com.apple.audio. 0.0  00:00.05 2     1   21     3360K  0B    0B    558  1    sleeping  0[1]     0.00000 0.00000    0   1760     126  83       40       607      165      135       0       0       0.0   0         0         root                   N/A    N/A   N/A   N/A   N/A   N/A  
557   login            0.0  00:00.04 2     1   32     1164K  0B    0B    557  556  sleeping *0[9]     0.00000 0.00000    0   1505     179  83       33       2240     246      422       0       0       0.0   0         0         root                   N/A    N/A   N/A   N/A   N/A   N/A  
536   CategoriesServic 0.0  00:00.02 2     1   35     840K   0B    0B    536  1    sleeping  0[0]     0.00000 0.00000    501 1529     121  145      50       683      347      105       0       0       0.0   0         0         maxieds                N/A    N/A   N/A   N/A   N/A   N/A  
535   photolibraryd    0.0  00:00.09 2     1   48     1252K  0B    0B    535  1    sleeping  0[0]     0.00000 0.00000    501 2484     199  157      53       860      335      217       97      1       0.0   0         0         maxieds                N/A    N/A   N/A   N/A   N/A   N/A  
534   suggestd         0.0  00:01.03 2     1   178    6316K  292K  0B    534  1    sleeping  0[5]     0.00000 0.00000    501 9537     434  954      268      14221    2665     3061      256     33      0.0   0         0         maxieds                N/A    N/A   N/A   N/A   N/A   N/A  
533   USBAgent         0.0  00:00.05 2     1   34     696K   0B    0B    533  1    sleeping  0[0]     0.00000 0.00000    501 1818     128  120      44       619      255      118       0       1       0.0   0         0         maxieds                N/A    N/A   N/A   N/A   N/A   N/A  
532   SubmitDiagInfo   0.0  00:00.38 2     1   55     1008K  0B    0B    532  1    sleeping  0[0]     0.00000 0.00000    0   5571     144  303      312      4543     1506     1648      4       7       0.0   0         0         root                   N/A    N/A   N/A   N/A   N/A   N/A  
531   CrashReporterSup 0.0  00:00.01 2     1   30     632K   0B    0B    531  1    sleeping  0[0]     0.00000 0.00000    0   882      103  79       35       430      168      69        0       1       0.0   0         0         root                   N/A    N/A   N/A   N/A   N/A   N/A  
530   amsengagementd   0.0  00:01.43 2     1   122    4220K  52K   0B    530  1    sleeping  0[23]    0.00000 0.00000    501 10844    399  1564     694      22610    5602     8397      111     411     0.0   0         0         maxieds                N/A    N/A   N/A   N/A   N/A   N/A  
529   SoftwareUpdateNo 0.0  00:00.15 3     1   177    3188K  0B    0B    529  1    sleeping *0[1]     0.00000 0.00000    501 4859     308  800      243      3465     1872     1245      8       6       0.0   0         0         maxieds                N/A    N/A   N/A   N/A   N/A   N/A  
528   com.apple.sbd    0.0  00:00.03 3     2   36     896K   0B    0B    528  1    sleeping  0[0]     0.00000 0.00000    501 1396     148  129      47       571      292      174       3       0       0.0   0         0         maxieds                N/A    N/A   N/A   N/A   N/A   N/A  
527   XProtectPluginSe 0.0  00:01.03 2     1   43     1196K  0B    0B    527  1    sleeping  0[0]     0.00000 0.00000    501 15143    166  403      130      33847    27746    2172      0       0       0.0   0         0         maxieds                N/A    N/A   N/A   N/A   N/A   N/A  
526   mdbulkimport     0.0  00:01.02 2     1   60     2736K  0B    0B    526  1    sleeping *0[1]     0.00000 0.00000    501 10866    202  406      159      17086    4779     1877      2       10      0.0   0         0         maxieds                N/A    N/A   N/A   N/A   N/A   N/A  
525   siriknowledged   0.0  00:00.10 2     1   49     2016K  132K  0B    525  1    sleeping  0[4]     0.00000 0.00000    501 3214     224  225      94       2043     543      602       31      14      0.0   0         0         maxieds                N/A    N/A   N/A   N/A   N/A   N/A  
524   adid             0.0  00:00.06 2     1   36     808K   0B    0B    524  1    sleeping  0[2]     0.00000 0.00000    265 1783     122  99       35       631      234      307       0       0       0.0   0         0         _fpsd                  N/A    N/A   N/A   N/A   N/A   N/A  
523   homed            0.0  00:00.99 2     1   138    4096K  72K   0B    523  1    sleeping  0[905]   0.00000 0.00000    501 8861     381  660      1188     18598    3775     7507      502     36      0.0   0         0         maxieds                N/A    N/A   N/A   N/A   N/A   N/A  
522   com.apple.siri.e 0.0  00:00.34 3     2   37     1960K  0B    0B    522  1    sleeping  0[3]     0.00000 0.00000    501 2711     190  298      84       3757     636      1109      4       0       0.0   0         0         maxieds                N/A    N/A   N/A   N/A   N/A   N/A  
521   akd              0.0  00:00.16 2     1   77     1660K  20K   0B    521  1    sleeping  0[4]     0.00000 0.00000    501 3779     235  349      126      2352     936      1452      7       22      0.0   0         0         maxieds                N/A    N/A   N/A   N/A   N/A   N/A  
520   iCloudNotificati 0.0  00:00.12 2     1   69     2900K  0B    0B    520  1    sleeping  0[1]     0.00000 0.00000    501 8440     256  357      160      2857     1006     826       12      14      0.0   0         0         maxieds                N/A    N/A   N/A   N/A   N/A   N/A  
518   assistantd       0.0  00:00.81 3     1   234    3832K  96K   0B    518  1    sleeping  0[4]     0.00000 0.00000    501 8141     573  1565     674      11465    2769     3299      203     15      0.0   0         0         maxieds                N/A    N/A   N/A   N/A   N/A   N/A  
517   corespotlightd   0.0  00:00.34 3     1   101    4020K  120K  0B    517  1    sleeping  0[3]     0.00000 0.00000    501 5756     297  1119     280      6404     2958     2806      44      61      0.0   0         0         maxieds                N/A    N/A   N/A   N/A   N/A   N/A  
516   networkservicepr 0.0  00:00.21 2     1   92     1844K  0B    0B    516  1    sleeping  0[3]     0.00000 0.00000    501 4863     238  656      246      3166     1413     665       37      11      0.0   0         0         maxieds                N/A    N/A   N/A   N/A   N/A   N/A  
515   SafeEjectGPUServ 0.0  00:00.03 2     1   57     1140K  0B    0B    515  1    sleeping  0[2]     0.00000 0.00000    501 1819     164  442      193      778      556      106       5       0       0.0   0         0         maxieds                N/A    N/A   N/A   N/A   N/A   N/A  
514   diagnosticextens 0.0  00:00.12 2     1   76     1336K  0B    0B    514  1    sleeping  0[2]     0.00000 0.00000    501 3366     189  290      109      1341     568      357       33      0       0.0   0         0         maxieds                N/A    N/A   N/A   N/A   N/A   N/A  
513   SafeEjectGPUAgen 0.0  00:00.01 2     1   34     868K   0B    0B    513  1    sleeping *0[2]     0.00000 0.00000    501 1159     130  125      46       585      294      68        0       0       0.0   0         0         maxieds                N/A    N/A   N/A   N/A   N/A   N/A  
511   commerce         0.0  00:00.10 2     1   33     1116K  0B    0B    511  1    sleeping  0[1]     0.00000 0.00000    501 3039     184  121      43       949      274      266       1       0       0.0   0         0         maxieds                N/A    N/A   N/A   N/A   N/A   N/A  
510   UsageTrackingAge 0.0  00:00.20 2     1   53     1596K  36K   0B    510  1    sleeping  0[0]     0.00000 0.00000    501 2576     173  569      146      2357     1955     1283      2       5       0.0   0         0         maxieds                N/A    N/A   N/A   N/A   N/A   N/A  
509   ndoagent         0.0  00:00.02 3     2   40     840K   0B    0B    509  1    sleeping  0[2]     0.00000 0.00000    501 1303     130  170      64       790      395      368       0       0       0.0   0         0         maxieds                N/A    N/A   N/A   N/A   N/A   N/A  
508   rtcreportingd    0.0  00:00.16 2     1   51     1468K  0B    0B    508  1    sleeping *0[1]     0.00000 0.00000    0   3405     192  563      341      2904     1118     780       1       21      0.0   0         0         root                   N/A    N/A   N/A   N/A   N/A   N/A  
507   neagent          0.0  00:00.09 2     1   47     1096K  0B    0B    507  1    sleeping *0[1]     0.00000 0.00000    501 3195     155  194      70       1165     591      299       0       0       0.0   0         0         maxieds                N/A    N/A   N/A   N/A   N/A   N/A  
506   CategoriesServic 0.0  00:00.14 2     1   41     1636K  0B    0B    506  1    sleeping  0[3]     0.00000 0.00000    501 2838     122  156      55       2324     2396     440       0       0       0.0   0         0         maxieds                N/A    N/A   N/A   N/A   N/A   N/A  
504   Keychain Circle  0.0  00:00.11 3     1   139    2820K  0B    0B    504  1    sleeping *0[1]     0.00000 0.00000    501 4629     289  868      399      2485     2647     1354      0       4       0.0   0         0         maxieds                N/A    N/A   N/A   N/A   N/A   N/A  
503   ProtectedCloudKe 0.0  00:00.12 2     1   52     1792K  8192B 0B    503  1    sleeping  0[41]    0.00000 0.00000    501 2761     162  285      180      2512     1157     763       5       25      0.0   0         0         maxieds                N/A    N/A   N/A   N/A   N/A   N/A  
502   cdpd             0.0  00:00.02 2     1   37     748K   0B    0B    502  1    sleeping  0[1]     0.00000 0.00000    501 1211     123  128      45       571      285      120       7       0       0.0   0         0         maxieds                N/A    N/A   N/A   N/A   N/A   N/A  
501   CategoriesServic 0.0  00:00.03 2     1   36     880K   0B    0B    501  1    sleeping  0[4]     0.00000 0.00000    501 1717     121  155      56       699      372      151       0       0       0.0   0         0         maxieds                N/A    N/A   N/A   N/A   N/A   N/A  
500   CategoriesServic 0.0  00:00.06 2     1   40     1156K  0B    0B    500  1    sleeping  0[4]     0.00000 0.00000    501 2183     127  161      58       1197     1426     262       0       0       0.0   0         0         maxieds                N/A    N/A   N/A   N/A   N/A   N/A  
499   CategoriesServic 0.0  00:00.57 2     1   41     2676K  0B    0B    499  1    sleeping  0[2]     0.00000 0.00000    501 5679     128  184      71       8059     7579     1777      0       0       0.0   0         0         maxieds                N/A    N/A   N/A   N/A   N/A   N/A  
497   ContextService   0.0  00:00.49 2     1   53     4364K  0B    0B    497  1    sleeping  0[10]    0.00000 0.00000    501 5180     715  249      118      2224     610      1766      1171    1       0.0   0         0         maxieds                N/A    N/A   N/A   N/A   N/A   N/A  
496   mediaremoteagent 0.0  00:00.01 2     1   31     728K   0B    0B    496  1    sleeping *1[1]     0.00000 0.00000    501 1059     124  107      46       635      244      116       0       1       0.0   0         0         maxieds                N/A    N/A   N/A   N/A   N/A   N/A  
495   APFSUserAgent    0.0  00:00.02 2     1   44     680K   0B    0B    495  1    sleeping  0[1]     0.00000 0.00000    501 1056     115  303      133      488      436      160       0       0       0.0   0         0         maxieds                N/A    N/A   N/A   N/A   N/A   N/A  
494   WirelessRadioMan 0.0  00:00.05 2     1   48     1272K  0B    0B    494  1    sleeping *0[1]     0.00000 0.00000    0   1946     199  170      82       993      333      396       4       1       0.0   0         0         root                   N/A    N/A   N/A   N/A   N/A   N/A  
493   nsurlsessiond    0.0  00:00.78 5     4   105    2188K  0B    0B    493  1    sleeping *48[3]    0.00000 0.00000    501 6753     246  417      228      19348    1165     7453      0       494     0.0   0         0         maxieds                N/A    N/A   N/A   N/A   N/A   N/A  
492   CoreLocationAgen 0.0  00:00.11 3     1   155    2988K  0B    0B    492  1    sleeping *0[1]     0.00000 0.00000    501 4365     262  702      212      2239     1719     878       0       3       0.0   0         0         maxieds                N/A    N/A   N/A   N/A   N/A   N/A  
491   fmfd             0.0  00:00.17 2     1   73     1860K  0B    0B    491  1    sleeping  0[8]     0.00000 0.00000    501 4374     260  331      128      3315     941      915       2       14      0.0   0         0         maxieds                N/A    N/A   N/A   N/A   N/A   N/A  
490   com.apple.Ambien 0.0  00:00.13 4     1   78     1400K  0B    0B    490  1    sleeping *1[1]     0.00000 0.00000    0   1827     155  904      375      2599     1782     1346      1       4       0.0   0         0         root                   N/A    N/A   N/A   N/A   N/A   N/A  
489   com.apple.FaceTi 0.0  00:00.08 2     1   42     3860K  0B    0B    489  1    sleeping  0[4]     0.00000 0.00000    501 2629     154  143      54       1017     343      437       0       0       0.0   0         0         maxieds                N/A    N/A   N/A   N/A   N/A   N/A  
488   UIKitSystem      0.0  00:00.30 2     1   87     3908K  44K   0B    488  1    sleeping *0[38]    0.00000 0.00000    501 10934    299  1531     731      7141     2658     1928      47      78      0.0   0         0         maxieds                N/A    N/A   N/A   N/A   N/A   N/A  
486   familycircled    0.0  00:00.05 2     1   48     1116K  0B    0B    486  1    sleeping  0[11]    0.00000 0.00000    501 2031     154  238      75       1512     637      537       3       3       0.0   0         0         maxieds                N/A    N/A   N/A   N/A   N/A   N/A  
485   WiFiAgent        0.0  00:00.22 4     1   192    3124K  0B    0B    485  1    sleeping  0[16]    0.00000 0.00000    501 4772     280  2279     1045     4194     6008     2961      13      109     0.0   0         0         maxieds                N/A    N/A   N/A   N/A   N/A   N/A  
484   CarbonComponentS 0.0  00:00.18 2     1   40     1140K  0B    0B    484  1    sleeping  0[1]     0.00000 0.00000    501 2417     131  151      49       7004     545      481       0       0       0.0   0         0         maxieds                N/A    N/A   N/A   N/A   N/A   N/A  
483   ScreenTimeAgent  0.0  00:01.06 2     1   111    5060K  804K  0B    483  1    sleeping  0[106]   0.00000 0.00000    501 7797     356  792      361      20611    9676     4272      20      22      0.0   0         0         maxieds                N/A    N/A   N/A   N/A   N/A   N/A  
482   ScreenTimeWidget 0.0  00:01.47 4     3/1 92     5760K  0B    0B    482  1    sleeping *4[12]    0.00000 0.00000    501 14520    663  1456     665      12635    2628     2603      1008    8       0.0   0         0         maxieds                N/A    N/A   N/A   N/A   N/A   N/A  
481   StocksWidget     0.0  00:02.61 6     5/2 98     8128K  156K  0B    481  1    sleeping *4[19]    0.00000 0.00000    501 18618    843  2406     1351     22115    5462     7275      863     25      0.0   0         0         maxieds                N/A    N/A   N/A   N/A   N/A   N/A  
480   WeatherWidget    0.0  00:00.52 7     6/2 98     4320K  12K   0B    480  1    sleeping *3[7]     0.00000 0.00000    501 11357    533  435      155      3574     1134     1928      701     2       0.0   0         0         maxieds                N/A    N/A   N/A   N/A   N/A   N/A  
479   coreauthd        0.0  00:00.04 2     1   48     1276K  0B    0B    479  1    sleeping  0[4]     0.00000 0.00000    501 2007     175  922      442      955      938      255       6       0       0.0   0         0         maxieds                N/A    N/A   N/A   N/A   N/A   N/A  
478   ctkd             0.0  00:00.05 2     1   20     656K   0B    0B    478  1    sleeping  0[7]     0.00000 0.00000    259 1544     121  83       36       559      175      169       0       0       0.0   0         0         _ctkd                  N/A    N/A   N/A   N/A   N/A   N/A  
477   AudioComponentRe 0.0  00:00.07 2     1   50     912K   28K   0B    477  1    sleeping  0[2]     0.00000 0.00000    501 2202     129  151      58       1066     374      217       0       0       0.0   0         0         maxieds                N/A    N/A   N/A   N/A   N/A   N/A  
476   NewsToday2       0.0  00:01.54 8     7/2 103    8416K  12K   0B    476  1    sleeping *4[18]    0.00000 0.00000    501 20566    812  1683     859      12479    3444     4876      1101    16      0.0   0         0         maxieds                N/A    N/A   N/A   N/A   N/A   N/A  
475   WorldClockWidget 0.0  00:03.98 7     6/1 88     5720K  0B    0B    475  1    sleeping *4[6]     0.00000 0.00000    501 15626    643  1145     508      26024    1714     7331      761     0       0.0   0         0         maxieds                N/A    N/A   N/A   N/A   N/A   N/A  
473   dmd              0.0  00:00.36 2     1   73     2488K  24K   0B    473  1    sleeping  0[10]    0.00000 0.00000    501 3806     235  315      166      5991     1529     1909      76      3       0.0   0         0         maxieds                N/A    N/A   N/A   N/A   N/A   N/A  
472   IMDPersistenceAg 0.0  00:00.23 2     1   75     2488K  60K   0B    472  1    sleeping  0[2]     0.00000 0.00000    501 4148     241  300      88       3117     825      1235      29      4       0.0   0         0         maxieds                N/A    N/A   N/A   N/A   N/A   N/A  
471   CoreServicesUIAg 0.0  00:00.11 3     1   147    3496K  0B    0B    471  1    sleeping *0[25]    0.00000 0.00000    501 4254     268  715      229      2073     1696     1003      8       1       0.0   0         0         maxieds                N/A    N/A   N/A   N/A   N/A   N/A  
470   systemsoundserve 0.0  00:00.33 3     1   115    2280K  160K  0B    470  1    sleeping *0[1]     0.00000 0.00000    0   5813     449  1914     631      4046     4124     3292      181     54      0.0   0         0         root                   N/A    N/A   N/A   N/A   N/A   N/A  
469   ctkd             0.0  00:00.10 3     2   47     1016K  0B    0B    469  1    sleeping  0[22]    0.00000 0.00000    501 2439     152  3814     1914     1192     2931     430       2       1       0.0   0         0         maxieds                N/A    N/A   N/A   N/A   N/A   N/A  
468   parsec-fbf       0.0  00:00.12 2     1   39     1112K  0B    0B    468  1    sleeping  0[0]     0.00000 0.00000    501 2572     192  168      58       1024     354      646       4       0       0.0   0         0         maxieds                N/A    N/A   N/A   N/A   N/A   N/A  
467   CallHistoryPlugi 0.0  00:00.12 2     1   66     2676K  0B    0B    467  1    sleeping  0[4]     0.00000 0.00000    501 3197     211  229      65       2242     602      534       1       2       0.0   0         0         maxieds                N/A    N/A   N/A   N/A   N/A   N/A  
466   ctkahp           0.0  00:00.07 2     1   51     748K   0B    0B    466  1    sleeping  0[5]     0.00000 0.00000    501 1877     124  176      59       1022     444      287       3       1       0.0   0         0         maxieds                N/A    N/A   N/A   N/A   N/A   N/A  
465   com.apple.quickl 0.0  00:00.61 3     1   84     1996K  128K  0B    465  1    sleeping  0[31]    0.00000 0.00000    501 7439     218  1595     836      12712    3630     3107      705     36      0.0   0         0         maxieds                N/A    N/A   N/A   N/A   N/A   N/A  
464   pbs              0.0  00:00.06 2     1   41     988K   0B    0B    464  1    sleeping  0[6]     0.00000 0.00000    501 1657     121  215      98       2043     471      372       0       2       0.0   0         0         maxieds                N/A    N/A   N/A   N/A   N/A   N/A  
463   triald           0.0  00:01.23 2     1   61     1456K  180K  0B    463  1    sleeping  0[5]     0.00000 0.00000    501 4103     182  672      335      14578    3518     3282      67      14      0.0   0         0         maxieds                N/A    N/A   N/A   N/A   N/A   N/A  
461   TextInputSwitche 0.0  00:00.18 3     1   168    5680K  0B    0B    461  1    sleeping *0[1]     0.00000 0.00000    501 5514     274  971      327      2390     2203     1177      1       2       0.0   0         0         maxieds                N/A    N/A   N/A   N/A   N/A   N/A  
460   avconferenced    0.0  00:00.21 2     1   63     5148K  0B    0B    460  1    sleeping *0[1]     0.00000 0.00000    501 4561     233  551      236      2053     726      810       102     0       0.0   0         0         maxieds                N/A    N/A   N/A   N/A   N/A   N/A  
459   callservicesd    0.0  00:00.69 3     1   313    5736K  0B    0B    459  1    sleeping *2[1]     0.00000 0.00000    501 9310     624  1754     667      8839     3798     4764      183     47      0.0   0         0         maxieds                N/A    N/A   N/A   N/A   N/A   N/A  
458   BiomeAgent       0.0  00:00.07 2     1   31     836K   0B    0B    458  1    sleeping  0[1]     0.00000 0.00000    501 1735     122  130      70       739      358      192       6       1       0.0   0         0         maxieds                N/A    N/A   N/A   N/A   N/A   N/A  
457   ctkahp           0.0  00:00.06 2     1   33     704K   0B    0B    457  1    sleeping  0[5]     0.00000 0.00000    0   1652     119  106      51       678      270      222       0       1       0.0   0         0         root                   N/A    N/A   N/A   N/A   N/A   N/A  
455   amsaccountsd     0.0  00:00.30 3     2   89     2280K  40K   0B    455  1    sleeping  0[1]     0.00000 0.00000    501 4704     288  645      157      7318     2021     3581      4       350     0.0   0         0         maxieds                N/A    N/A   N/A   N/A   N/A   N/A  
453   TextInputMenuAge 0.0  00:00.32 3     1   176    10M    0B    0B    453  1    sleeping *0[229]   0.00000 0.00000    501 7441     308  2478     594      3574     6370     3023      8       2       0.0   0         0         maxieds                N/A    N/A   N/A   N/A   N/A   N/A  
452   diagnostics_agen 0.0  00:00.21 2     1   64     1464K  0B    0B    452  1    sleeping  0[0]     0.00000 0.00000    501 6149     176  270      249      4498     1367     1367      1       22      0.0   0         0         maxieds                N/A    N/A   N/A   N/A   N/A   N/A  
451   cloudpaird       0.0  00:00.22 3     2   100    1772K  0B    0B    451  1    sleeping  0[7]     0.00000 0.00000    501 5167     288  366      123      2850     831      1333      10      14      0.0   0         0         maxieds                N/A    N/A   N/A   N/A   N/A   N/A  
450   imagent          0.0  00:00.35 2     1   97     2008K  0B    0B    450  1    sleeping *0[1]     0.00000 0.00000    501 5351     291  572      199      4219     1603     2186      130     15      0.0   0         0         maxieds                N/A    N/A   N/A   N/A   N/A   N/A  
449   AirPlayUIAgent   0.0  00:00.09 3     1   147    3144K  0B    0B    449  1    sleeping *0[14]    0.00000 0.00000    501 3370     261  715      208      1744     1658     892       2       1       0.0   0         0         maxieds                N/A    N/A   N/A   N/A   N/A   N/A  
448   sharingd         0.0  00:00.60 3     1   219    6336K  84K   0B    448  1    sleeping *0[1]     0.00000 0.00000    501 14393    573  1491     570      8217     3281     3087      91      19      0.0   0         0         maxieds                N/A    N/A   N/A   N/A   N/A   N/A  
446   askpermissiond   0.0  00:00.22 3     2   67     2036K  20K   0B    446  1    sleeping  0[1]     0.00000 0.00000    501 4130     244  528      111      5975     1737     3178      1       347     0.0   0         0         maxieds                N/A    N/A   N/A   N/A   N/A   N/A  
445   icdd             0.0  00:00.10 2     1   62     1048K  0B    0B    445  1    sleeping *0[1]     0.00000 0.00000    501 2242     166  499      218      1267     716      503       2       1       0.0   0         0         maxieds                N/A    N/A   N/A   N/A   N/A   N/A  
443   imklaunchagent   0.0  00:00.06 2     1   85     1600K  0B    0B    443  1    sleeping *0[1]     0.00000 0.00000    501 2585     188  338      122      1611     842      522       9       2       0.0   0         0         maxieds                N/A    N/A   N/A   N/A   N/A   N/A  
440   ContextStoreAgen 0.0  00:00.40 2     1   75     2348K  256K  0B    440  1    sleeping  0[4]     0.00000 0.00000    501 5285     239  430      216      5518     1455     1913      2       26      0.0   0         0         maxieds                N/A    N/A   N/A   N/A   N/A   N/A  
439   corespeechd      0.0  00:00.31 3     1   138    1732K  0B    0B    439  1    sleeping *0[1]     0.00000 0.00000    501 3586     301  738      2095     11098    3888     3984      29      1       0.0   0         0         maxieds                N/A    N/A   N/A   N/A   N/A   N/A  
438   fileproviderd    0.0  00:00.33 2     1   74     1844K  0B    0B    438  1    sleeping  0[40]    0.00000 0.00000    501 4831     269  661      316      5453     1426     1770      40      26      0.0   0         0         maxieds                N/A    N/A   N/A   N/A   N/A   N/A  
437   com.apple.dock.e 0.0  00:00.68 3     1   168    10M    0B    0B    437  1    sleeping *0[14]    0.00000 0.00000    501 12205    372  1388     643      22515    2266     3122      1956    4       0.0   0         0         maxieds                N/A    N/A   N/A   N/A   N/A   N/A  
436   useractivityd    0.0  00:00.15 2     1   81     1268K  0B    0B    436  1    sleeping  0[100]   0.00000 0.00000    501 3094     186  220      181      2763     774      1250      8       60      0.0   0         0         maxieds                N/A    N/A   N/A   N/A   N/A   N/A  
435   fontworker       0.0  00:01.01 2     1   41     1012K  0B    0B    435  1    sleeping *0[1]     0.00000 0.00000    501 3754     137  190      75       20824    476      3393      228     1       0.0   0         0         maxieds                N/A    N/A   N/A   N/A   N/A   N/A  
434   CalNCService     0.0  00:00.37 2     1   110    4912K  0B    0B    434  1    sleeping  0[27]    0.00000 0.00000    501 5500     296  758      279      4747     1667     2134      11      4       0.0   0         0         maxieds                N/A    N/A   N/A   N/A   N/A   N/A  
433   identityservices 0.0  00:00.64 6     1   179    3288K  20K   0B    433  1    sleeping *0[1]     0.00000 0.00000    501 11472    468  1260     630      12538    5004     4618      77      36      0.0   0         0         maxieds                N/A    N/A   N/A   N/A   N/A   N/A  
432   fontd            0.0  00:00.36 2     1   61     2856K  128K  0B    432  1    sleeping  0[15]    0.00000 0.00000    501 3937     138  253      118      4970     2232     1759      1       5       0.0   0         0         maxieds                N/A    N/A   N/A   N/A   N/A   N/A  
431   bird             0.0  00:00.22 2     1   59     1096K  0B    0B    431  1    sleeping  0[14]    0.00000 0.00000    501 3334     171  795      373      2947     1112     1051      68      4       0.0   0         0         maxieds                N/A    N/A   N/A   N/A   N/A   N/A  
430   iconservicesagen 0.0  00:00.20 2     1   76     11M    0B    0B    430  1    sleeping  0[10]    0.00000 0.00000    501 6124     204  605      279      10532    898      923       214     3       0.0   0         0         maxieds                N/A    N/A   N/A   N/A   N/A   N/A  
428   parsecd          0.0  00:00.31 2     1   75     2860K  8192B 0B    428  1    sleeping *7[1]     0.00000 0.00000    501 5631     396  455      174      4526     1089     1637      38      103     0.0   0         0         maxieds                N/A    N/A   N/A   N/A   N/A   N/A  
427   AMPDeviceDiscove 0.0  00:00.10 4     2   242    1796K  0B    0B    427  1    sleeping  0[1]     0.00000 0.00000    501 2674     283  1237     609      1607     1539     702       51      6       0.0   0         0         maxieds                N/A    N/A   N/A   N/A   N/A   N/A  
426   NotificationCent 0.0  00:02.06 4     2   264    20M    0B    0B    426  1    sleeping *0[334]   0.00000 0.00000    501 14487    724  3977     1543     17051    11842    11810     446     116     0.0   0         0         maxieds                N/A    N/A   N/A   N/A   N/A   N/A  
425   routined         0.0  00:00.64 2     1   102    4492K  276K  0B    425  1    sleeping  0[6]     0.00000 0.00000    501 6091     272  531      181      9023     3060     2672      122     35      0.0   0         0         maxieds                N/A    N/A   N/A   N/A   N/A   N/A  
422   sharedfilelistd  0.0  00:00.16 3     2   62     1380K  0B    0B    422  1    sleeping  0[28]    0.00000 0.00000    501 2980     174  438      188      3208     1051     745       4       3       0.0   0         0         maxieds                N/A    N/A   N/A   N/A   N/A   N/A  
421   automountd       0.0  00:00.03 5     2   28     816K   0B    0B    421  1    sleeping *0[1]     0.00000 0.00000    0   1544     242  118      72       1107     424      295       0       17      0.0   0         0         root                   N/A    N/A   N/A   N/A   N/A   N/A  
420   donotdisturbd    0.0  00:00.44 2     1   105    3324K  0B    0B    420  1    sleeping  0[9]     0.00000 0.00000    501 6286     295  433      159      5067     2314     2223      72      4       0.0   0         0         maxieds                N/A    N/A   N/A   N/A   N/A   N/A  
419   AppSSOAgent      0.0  00:00.17 3     1   161    6040K  0B    0B    419  1    sleeping *0[16]    0.00000 0.00000    501 5109     273  748      258      2246     1745     1215      13      1       0.0   0         0         maxieds                N/A    N/A   N/A   N/A   N/A   N/A  
418   contactsd        0.0  00:00.31 2     1   77     1676K  0B    0B    418  1    sleeping  0[123]   0.00000 0.00000    501 3354     178  1066     672      6709     3752     2724      1       9       0.0   0         0         maxieds                N/A    N/A   N/A   N/A   N/A   N/A  
417   cloudd           0.0  00:00.92 2     1   99     2820K  104K  0B    417  1    sleeping *6[2]     0.00000 0.00000    501 10359    257  2345     1234     21731    7812     6162      119     153     0.0   0         0         maxieds                N/A    N/A   N/A   N/A   N/A   N/A  
416   rapportd         0.0  00:00.23 2     1   117    1768K  0B    0B    416  1    sleeping *0[1]     0.00000 0.00000    501 4479     249  574      231      2714     1451     1449      127     7       0.0   0         0         maxieds                N/A    N/A   N/A   N/A   N/A   N/A  
415   distnoted        0.0  00:00.04 2     1   29     404K   0B    0B    415  1    sleeping *0[1]     0.00000 0.00000    55  1218     86   98       62       511      278      140       0       0       0.0   0         0         _appleevents           N/A    N/A   N/A   N/A   N/A   N/A  
414   Spotlight        0.0  00:01.01 4     1   205    9684K  20K   0B    414  1    sleeping *0[52]    0.00000 0.00000    501 12970    484  2363     903      9091     6310     5834      389     91      0.0   0         0         maxieds                N/A    N/A   N/A   N/A   N/A   N/A  
413   CalendarAgent    0.0  00:01.03 2     1   137    6568K  332K  0B    413  1    sleeping *1[26]    0.00000 0.00000    501 9405     324  815      424      15360    3178     4743      185     16      0.0   0         0         maxieds                N/A    N/A   N/A   N/A   N/A   N/A  
412   usernoted        0.0  00:00.53 2     1   139    2132K  60K   0B    412  1    sleeping *0[1]     0.00000 0.00000    501 4912     236  542      414      8398     1738     2184      13      4       0.0   0         0         maxieds                N/A    N/A   N/A   N/A   N/A   N/A  
411   accountsd        0.0  00:00.59 2     1   52     1740K  104K  0B    411  1    sleeping  0[382]   0.00000 0.00000    501 2873     148  1290     1317     12143    6384     3740      114     28      0.0   0         0         maxieds                N/A    N/A   N/A   N/A   N/A   N/A  
410   containermanager 0.0  00:00.36 2     1   40     2952K  0B    0B    410  1    sleeping  0[166]   0.00000 0.00000    501 3996     164  922      605      6433     2290     2856      0       1       0.0   0         0         maxieds                N/A    N/A   N/A   N/A   N/A   N/A  
409   siriactionsd     0.0  00:00.47 2     1   98     2372K  64K   0B    409  1    sleeping  0[8]     0.00000 0.00000    501 6122     286  572      236      5425     2063     2374      215     19      0.0   0         0         maxieds                N/A    N/A   N/A   N/A   N/A   N/A  
408   filecoordination 0.0  00:00.16 2     1   60     1140K  0B    0B    408  1    sleeping *0[1]     0.00000 0.00000    0   2593     146  815      567      3960     2218     1225      3       16      0.0   0         0         root                   N/A    N/A   N/A   N/A   N/A   N/A  
407   syncdefaultsd    0.0  00:00.24 2     1   74     2908K  128K  0B    407  1    sleeping  0[17]    0.00000 0.00000    501 3755     215  590      320      5079     1714     1484      38      14      0.0   0         0         maxieds                N/A    N/A   N/A   N/A   N/A   N/A  
406   secinitd         0.0  00:00.22 2     1   37     1004K  0B    0B    406  1    sleeping  0[3]     0.00000 0.00000    501 2641     129  606      265      5747     1229     673       0       2       0.0   0         0         maxieds                N/A    N/A   N/A   N/A   N/A   N/A  
405   pkd              0.0  00:00.82 2     1   77     2100K  0B    0B    405  1    sleeping  0[26]    0.00000 0.00000    501 5480     165  1680     384      12155    3942     3795      0       30      0.0   0         0         maxieds                N/A    N/A   N/A   N/A   N/A   N/A  
404   QuickLookUIServi 0.0  00:00.11 3     1   146    2928K  0B    0B    404  1    sleeping  0[37]    0.00000 0.00000    501 4203     284  797      226      2175     1920     925       11      4       0.0   0         0         maxieds                N/A    N/A   N/A   N/A   N/A   N/A  
403   CloudKeychainPro 0.0  00:00.04 2     1   51     1148K  0B    0B    403  1    sleeping  0[1]     0.00000 0.00000    501 2031     150  182      71       990      402      269       6       0       0.0   0         0         maxieds                N/A    N/A   N/A   N/A   N/A   N/A  
401   pboard           0.0  00:00.11 2     1   57     668K   0B    0B    401  1    sleeping *0[1]     0.00000 0.00000    501 2286     115  510      414      3301     1396     1071      29      10      0.0   0         0         maxieds                N/A    N/A   N/A   N/A   N/A   N/A  
400   trustd           0.0  00:01.61 2     1   91     2896K  252K  0B    400  1    sleeping  0[229]   0.00000 0.00000    501 4507     187  844      723      20182    7802     4353      0       49      0.0   0         0         maxieds                N/A    N/A   N/A   N/A   N/A   N/A  
399   backgroundtaskma 0.0  00:00.04 2     1   50     1020K  0B    0B    399  1    sleeping  0[3]     0.00000 0.00000    501 1653     138  171      56       960      372      289       0       0       0.0   0         0         maxieds                N/A    N/A   N/A   N/A   N/A   N/A  
397   itunescloudd     0.0  00:00.33 2     1   93     2392K  0B    0B    397  1    sleeping *1[1]     0.00000 0.00000    501 5472     285  878      247      3589     1635     2305      239     59      0.0   0         0         maxieds                N/A    N/A   N/A   N/A   N/A   N/A  
396   tccd             0.0  00:01.18 2     1   53     1292K  28K   0B    396  1    sleeping  0[165]   0.00000 0.00000    501 4506     164  1588     1498     43060    7145     4292      0       28      0.0   0         0         maxieds                N/A    N/A   N/A   N/A   N/A   N/A  
395   secd             0.0  00:00.38 2     1   129    2956K  340K  0B    395  1    sleeping *0[1]     0.00000 0.00000    501 4661     309  942      524      6903     2670     1951      63      22      0.0   0         0         maxieds                N/A    N/A   N/A   N/A   N/A   N/A  
394   csnameddatad     0.0  00:00.01 2     1   41     624K   0B    0B    394  1    sleeping  0[17]    0.00000 0.00000    501 811      104  137      72       544      293      93        0       1       0.0   0         0         maxieds                N/A    N/A   N/A   N/A   N/A   N/A  
390   lsd              0.0  00:00.64 2     1   278    1540K  0B    0B    390  1    sleeping  0[608]   0.00000 0.00000    501 9074     205  3229     2310     15420    8097     5474      1444    46      0.0   0         0         maxieds                N/A    N/A   N/A   N/A   N/A   N/A  
389   SystemUIServer   0.0  00:00.82 4     2   238    9552K  64K   0B    389  1    sleeping *0[101]   0.00000 0.00000    501 10813    435  5249     1978     22514    7937     4969      810     48      0.0   0         0         maxieds                N/A    N/A   N/A   N/A   N/A   N/A  
388   ControlCenter    0.0  00:07.14 4     1   481    33M    0B    0B    388  1    sleeping *0[266]   0.00000 0.00000    501 25969    968  27869    6045     25602    59633    31050     1002    1016    0.0   0         0         maxieds                N/A    N/A   N/A   N/A   N/A   N/A  
387   talagent         0.0  00:00.13 2     1   127    2932K  0B    0B    387  1    sleeping *0[1]     0.00000 0.00000    501 3989     266  911      388      2589     2357     1429      2       2       0.0   0         0         maxieds                N/A    N/A   N/A   N/A   N/A   N/A  
386   Dock             0.0  00:02.07 3     1   287    30M    3144K 0B    386  1    sleeping *1[178]   0.00000 0.00000    501 55693    495  5745     1103     17286    14685    14595     7121    106     0.0   0         0         maxieds                N/A    N/A   N/A   N/A   N/A   N/A  
385   knowledge-agent  0.0  00:01.30 2     1   125    5948K  500K  0B    385  1    sleeping  0[60]    0.00000 0.00000    501 10862    351  874      487      25791    5228     4866      17      34      0.0   0         0         maxieds                N/A    N/A   N/A   N/A   N/A   N/A  
384   universalaccessd 0.0  00:00.29 3     1   190    3104K  0B    0B    384  1    sleeping *1[35]    0.00000 0.00000    501 4033     256  3518     1261     6611     7970     6604      17      70      0.0   0         0         maxieds                N/A    N/A   N/A   N/A   N/A   N/A  
382   gamecontrollerd  0.0  00:00.28 3     2   59     1068K  0B    0B    382  1    sleeping  0[3]     0.00000 0.00000    247 2772     156  1186     199      8410     3851     5865      13      503     0.0   0         0         _gamecontrollerd       N/A    N/A   N/A   N/A   N/A   N/A  
381   UserEventAgent   0.0  00:00.66 2     1   370    2432K  0B    0B    381  1    sleeping *0[1]     0.00000 0.00000    501 5545     243  4450     2433     15309    6724     4224      5       24      0.0   0         0         maxieds                N/A    N/A   N/A   N/A   N/A   N/A  
380   securityd_servic 0.0  00:00.11 2     1   27     568K   0B    0B    380  1    sleeping *0[1]     0.00000 0.00000    0   1334     105  126      55       430      210      145       0       0       0.0   0         0         root                   N/A    N/A   N/A   N/A   N/A   N/A  
379   cfprefsd         0.0  00:03.70 2     1   311    756K   344K  0B    379  1    sleeping  0[1169]  0.00000 0.00000    501 4344     89   5794     6510     110947   20661    23380     0       133     0.0   0         0         maxieds                N/A    N/A   N/A   N/A   N/A   N/A  
378   distnoted        0.0  00:00.72 2     1   238    648K   0B    0B    378  1    sleeping *0[1]     0.00000 0.00000    501 1519     87   1398     5133     35330    11650    6181      0       0       0.0   0         0         maxieds                N/A    N/A   N/A   N/A   N/A   N/A  
376   coreauthd        0.0  00:00.06 2     1   41     1216K  0B    0B    376  1    sleeping  0[6]     0.00000 0.00000    0   1931     167  903      449      924      853      309       26      0       0.0   0         0         root                   N/A    N/A   N/A   N/A   N/A   N/A  
372   systemstats      0.0  00:00.05 3     1   123    1352K  0B    0B    108  108  sleeping  0[0]     0.00000 0.00000    0   1487     187  813      456      1200     1149     831       0       10      0.0   0         0         root                   N/A    N/A   N/A   N/A   N/A   N/A  
371   AppleCameraAssis 0.0  00:00.04 4     1   72     804K   0B    0B    371  1    sleeping *0[1]     0.00000 0.00000    262 1070     130  999      401      1164     1703     492       2       0       0.0   0         0         _cmiodalassistants     N/A    N/A   N/A   N/A   N/A   N/A  
370   GSSCred          0.0  00:00.04 3     2   37     884K   0B    0B    370  1    sleeping *0[1]     0.00000 0.00000    0   2152     141  112      55       1048     275      164       1       1       0.0   0         0         root                   N/A    N/A   N/A   N/A   N/A   N/A  
367   sysmond          0.0  00:00.99 2     1   17     580K   0B    0B    367  1    sleeping  0[18]    0.00000 0.00000    0   1163     105  62396    38061    60100    60487    15671     2       12      0.0   0         0         root                   N/A    N/A   N/A   N/A   N/A   N/A  
365   symptomsd-diag   0.0  00:00.12 3     2   44     1320K  0B    0B    365  1    sleeping  0[0]     0.00000 0.00000    0   2530     167  127      48       1350     296      767       45      1       0.0   0         0         root                   N/A    N/A   N/A   N/A   N/A   N/A  
364   com.apple.Accoun 0.0  00:00.01 2     1   20     740K   0B    0B    364  1    sleeping  0[18]    0.00000 0.00000    0   961      107  129      105      865      422      150       1       4       0.0   0         0         root                   N/A    N/A   N/A   N/A   N/A   N/A  
362   bootinstalld     0.0  00:00.03 2     1   30     856K   0B    0B    362  1    sleeping  0[1]     0.00000 0.00000    0   2096     149  84       34       793      177      33        1       0       0.0   0         0         root                   N/A    N/A   N/A   N/A   N/A   N/A  
358   wifianalyticsd   0.0  00:00.13 5     4   59     1712K  0B    0B    358  1    sleeping  0[9]     0.00000 0.00000    0   3309     217  235      117      1770     664      743       5       0       0.0   0         0         root                   N/A    N/A   N/A   N/A   N/A   N/A  
357   appleeventsd     0.0  00:00.12 2     1   95     704K   0B    0B    357  1    sleeping  0[30]    0.00000 0.00000    55  2160     131  847      432      2644     2073     1189      0       17      0.0   0         0         _appleevents           N/A    N/A   N/A   N/A   N/A   N/A  
356   colorsyncd       0.0  00:00.05 2     1   30     672K   0B    0B    356  1    sleeping  0[37]    0.00000 0.00000    0   1619     116  113      73       1071     276      373       0       0       0.0   0         0         root                   N/A    N/A   N/A   N/A   N/A   N/A  
355   colorsync.displa 0.0  00:00.05 2     1   43     928K   0B    0B    355  1    sleeping  0[7]     0.00000 0.00000    0   1194     120  210      56       1334     543      1197      1       0       0.0   0         0         root                   N/A    N/A   N/A   N/A   N/A   N/A  
352   WiFiCloudAssetsX 0.0  00:00.02 2     1   25     996K   0B    0B    352  1    sleeping  0[1]     0.00000 0.00000    0   1729     155  96       45       748      198      190       0       0       0.0   0         0         root                   N/A    N/A   N/A   N/A   N/A   N/A  
351   secinitd         0.0  00:00.07 2     1   35     912K   0B    0B    351  1    sleeping  0[2]     0.00000 0.00000    0   1869     128  151      66       1192     320      181       0       0       0.0   0         0         root                   N/A    N/A   N/A   N/A   N/A   N/A  
350   distnoted        0.0  00:00.05 2     1   29     420K   0B    0B    350  1    sleeping *0[1]     0.00000 0.00000    88  1224     86   98       74       571      302      117       0       0       0.0   0         0         _windowserver          N/A    N/A   N/A   N/A   N/A   N/A  
348   hidd             0.0  00:00.03 2     1   30     660K   0B    0B    348  1    sleeping *0[1]     0.00000 0.00000    261 844      105  576      417      1727     2156     822       0       0       0.0   0         0         _hidd                  N/A    N/A   N/A   N/A   N/A   N/A  
347   BlueTool         0.0  00:00.02 2     1   31     704K   0B    0B    347  1    sleeping  0[3]     0.00000 0.00000    0   934      114  122      71       508      272      86        1       0       0.0   0         0         root                   N/A    N/A   N/A   N/A   N/A   N/A  
336   distnoted        0.0  00:00.04 2     1   29     412K   0B    0B    336  1    sleeping *0[1]     0.00000 0.00000    278 1216     86   99       74       572      302      172       0       0       0.0   0         0         _accessoryupdater      N/A    N/A   N/A   N/A   N/A   N/A  
334   siriinferenced   0.0  00:00.08 2     1   33     1196K  0B    0B    334  1    sleeping  0[2]     0.00000 0.00000    0   2588     192  98       49       903      204      381       162     3       0.0   0         0         root                   N/A    N/A   N/A   N/A   N/A   N/A  
333   com.apple.Mobile 0.0  00:00.17 2     1   34     944K   0B    0B    333  1    sleeping  0[0]     0.00000 0.00000    0   1519     163  6349     3165     1301     5309     434       3       6       0.0   0         0         root                   N/A    N/A   N/A   N/A   N/A   N/A  
332   UVCAssistant     0.0  00:00.07 2     1   59     1268K  0B    0B    332  1    sleeping *0[1]     0.00000 0.00000    262 2220     154  248      108      1209     553      326       23      2       0.0   0         0         _cmiodalassistants     N/A    N/A   N/A   N/A   N/A   N/A  
331   XProtectPluginSe 0.0  00:01.26 2     1   37     1156K  0B    0B    331  1    sleeping  0[0]     0.00000 0.00000    0   15064    165  369      130      33702    27684    4570      30      13      0.0   0         0         root                   N/A    N/A   N/A   N/A   N/A   N/A  
330   distnoted        0.0  00:00.02 2     1   29     412K   0B    0B    330  1    sleeping *0[1]     0.00000 0.00000    262 1208     86   99       75       577      302      81        0       0       0.0   0         0         _cmiodalassistants     N/A    N/A   N/A   N/A   N/A   N/A  
329   sysextd          0.0  00:00.09 2     1   33     1064K  0B    0B    329  1    sleeping  0[0]     0.00000 0.00000    0   2174     187  110      49       889      271      138       4       2       0.0   0         0         root                   N/A    N/A   N/A   N/A   N/A   N/A  
327   distnoted        0.0  00:00.05 2     1   30     404K   0B    0B    327  1    sleeping *0[1]     0.00000 0.00000    89  1219     87   130      150      912      465      184       0       0       0.0   0         0         _spotlight             N/A    N/A   N/A   N/A   N/A   N/A  
319   thermald         0.0  00:00.02 2     1   33     664K   0B    0B    319  1    sleeping *0[1]     0.00000 0.00000    0   1015     121  166      59       785      249      193       3       0       0.0   0         0         root                   N/A    N/A   N/A   N/A   N/A   N/A  
318   com.apple.AppleU 0.0  00:00.25 2     1   138    716K   0B    0B    318  1    sleeping  0[1]     0.00000 0.00000    270 3534     57   3511     2212     2150     4289     1849      35      0       0.0   0         0         _driverkit             N/A    N/A   N/A   N/A   N/A   N/A  
314   mds_stores       0.0  21:37.58 9     7/1 114    85M    8504K 0B    314  1    stuck    *0[1]     0.00000 0.00000    0   11709023 1482 772540   501068   30888927 2952593  6581514   199134  5242    0.0   0         0         root                   N/A    N/A   N/A   N/A   N/A   N/A  
313   distnoted        0.0  00:00.05 2     1   29     412K   0B    0B    313  1    sleeping *0[1]     0.00000 0.00000    242 1206     86   98       77       585      305      137       0       0       0.0   0         0         _nsurlsessiond         N/A    N/A   N/A   N/A   N/A   N/A  
311   FindMyMacd       0.0  00:00.01 2     1   29     600K   0B    0B    311  1    sleeping *0[1]     0.00000 0.00000    0   822      119  92       43       463      166      77        0       0       0.0   0         0         root                   N/A    N/A   N/A   N/A   N/A   N/A  
310   suhelperd        0.0  00:00.03 2     1   33     896K   0B    0B    310  1    sleeping  0[5]     0.00000 0.00000    0   1553     156  101      47       718      237      246       0       0       0.0   0         0         root                   N/A    N/A   N/A   N/A   N/A   N/A  
309   distnoted        0.0  00:00.05 2     1   29     412K   0B    0B    309  1    sleeping *0[1]     0.00000 0.00000    200 1215     86   98       79       592      311      315       0       0       0.0   0         0         _softwareupdate        N/A    N/A   N/A   N/A   N/A   N/A  
308   com.apple.audio. 0.0  00:00.02 2     1   20     616K   0B    0B    308  1    sleeping  0[5]     0.00000 0.00000    202 784      102  117      59       583      249      76        0       0       0.0   0         0         _coreaudiod            N/A    N/A   N/A   N/A   N/A   N/A  
306   com.apple.audio. 0.0  00:00.07 2     1   23     3320K  0B    0B    306  1    sleeping  0[2]     0.00000 0.00000    202 1800     128  108      44       661      228      83        0       0       0.0   0         0         _coreaudiod            N/A    N/A   N/A   N/A   N/A   N/A  
305   AudioComponentRe 0.0  00:00.10 2     1   34     812K   24K   0B    305  1    sleeping  0[6]     0.00000 0.00000    0   2040     125  144      78       974      407      202       10      0       0.0   0         0         root                   N/A    N/A   N/A   N/A   N/A   N/A  
304   socketfilterfw   0.0  00:00.24 3     1   50     1080K  0B    0B    304  1    sleeping *0[1]     0.00000 0.00000    0   2222     131  203      70       6633     910      885       0       1       0.0   0         0         root                   N/A    N/A   N/A   N/A   N/A   N/A  
302   ReportCrash      0.0  00:00.02 3     1   31     796K   0B    0B    302  1    sleeping *0[1]     0.00000 0.00000    0   1240     142  98       45       535      232      130       8       1       0.0   0         0         root                   N/A    N/A   N/A   N/A   N/A   N/A  
301   softwareupdated  0.0  00:00.63 2     1   84     2436K  0B    0B    301  1    sleeping  0[20]    0.00000 0.00000    200 5175     267  387      159      3989     893      2897      340     0       0.0   0         0         _softwareupdate        N/A    N/A   N/A   N/A   N/A   N/A  
300   osanalyticshelpe 0.0  00:00.05 2     1   37     1008K  0B    0B    300  1    sleeping  0[2]     0.00000 0.00000    0   1342     142  154      82       1471     441      417       6       1       0.0   0         0         root                   N/A    N/A   N/A   N/A   N/A   N/A  
273   searchpartyd     0.0  00:00.26 2     1   50     1840K  0B    0B    273  1    sleeping  0[6]     0.00000 0.00000    0   3864     302  201      82       1873     559      1340      61      1       0.0   0         0         root                   N/A    N/A   N/A   N/A   N/A   N/A  
272   backupd-helper   0.0  00:00.03 3     2   61     892K   0B    0B    272  1    sleeping  0[0]     0.00000 0.00000    0   1273     139  180      84       829      407      268       1       4       0.0   0         0         root                   N/A    N/A   N/A   N/A   N/A   N/A  
262   containermanager 0.0  00:00.09 2     1   38     968K   0B    0B    262  1    sleeping  0[4]     0.00000 0.00000    205 2067     162  152      63       1027     344      308       0       0       0.0   0         0         _locationd             N/A    N/A   N/A   N/A   N/A   N/A  
258   systemstatusd    0.0  00:00.06 2     1   40     684K   0B    0B    258  1    sleeping  0[5]     0.00000 0.00000    0   1697     122  91       52       779      204      294       5       1       0.0   0         0         root                   N/A    N/A   N/A   N/A   N/A   N/A  
256   trustd           0.0  00:00.12 2     1   36     2260K  0B    0B    256  1    sleeping  0[1]     0.00000 0.00000    205 2622     154  175      64       3116     478      411       0       2       0.0   0         0         _locationd             N/A    N/A   N/A   N/A   N/A   N/A  
255   cfprefsd         0.0  00:00.02 2     1   34     516K   0B    0B    255  1    sleeping  0[19]    0.00000 0.00000    205 670      88   140      66       654      367      118       0       0       0.0   0         0         _locationd             N/A    N/A   N/A   N/A   N/A   N/A  
254   VDCAssistant     0.0  00:00.10 2     1   53     1340K  0B    0B    254  1    sleeping *0[1]     0.00000 0.00000    262 2070     145  342      141      932      686      475       25      4       0.0   0         0         _cmiodalassistants     N/A    N/A   N/A   N/A   N/A   N/A  
253   usbd             0.0  00:00.05 2     1   48     800K   0B    0B    253  1    sleeping  0[0]     0.00000 0.00000    0   1887     129  380      226      722      721      217       0       0       0.0   0         0         root                   N/A    N/A   N/A   N/A   N/A   N/A  
252   secinitd         0.0  00:00.08 2     1   36     864K   0B    0B    252  1    sleeping  0[1]     0.00000 0.00000    205 1926     129  157      58       953      346      270       3       0       0.0   0         0         _locationd             N/A    N/A   N/A   N/A   N/A   N/A  
251   apfsd            0.0  00:00.04 2     1   43     644K   0B    0B    251  1    sleeping *0[1]     0.00000 0.00000    0   975      111  1043     453      402      1159     339       0       1       0.0   0         0         root                   N/A    N/A   N/A   N/A   N/A   N/A  
250   com.apple.ifdrea 0.0  00:00.03 2     1   32     780K   0B    0B    250  1    sleeping  0[2]     0.00000 0.00000    0   1014     114  122      60       480      213      89        0       0       0.0   0         0         root                   N/A    N/A   N/A   N/A   N/A   N/A  
249   com.apple.geod   0.0  00:00.65 2     1   64     3408K  32K   0B    249  1    sleeping *2[1]     0.00000 0.00000    205 4854     248  393      1074     15419    2990     6030      246     11      0.0   0         0         _locationd             N/A    N/A   N/A   N/A   N/A   N/A  
248   distnoted        0.0  00:00.05 2     1   32     404K   0B    0B    248  1    sleeping *0[1]     0.00000 0.00000    205 1238     87   100      82       649      318      303       0       0       0.0   0         0         _locationd             N/A    N/A   N/A   N/A   N/A   N/A  
247   amfid            0.0  00:00.04 2     1   38     1076K  0B    0B    247  1    sleeping *0[1]     0.00000 0.00000    0   1390     115  111      59       820      300      186       1       0       0.0   0         0         root                   N/A    N/A   N/A   N/A   N/A   N/A  
246   com.apple.audio. 0.0  00:00.41 3     1   357    880K   0B    0B    246  1    sleeping  0[2189]  0.00000 0.00000    202 1276     124  3380     3087     14761    9521     4863      0       0       0.0   0         0         _coreaudiod            N/A    N/A   N/A   N/A   N/A   N/A  
242   distnoted        0.0  00:00.05 2     1   29     412K   0B    0B    242  1    sleeping *0[1]     0.00000 0.00000    202 1203     86   98       79       594      309      260       0       0       0.0   0         0         _coreaudiod            N/A    N/A   N/A   N/A   N/A   N/A  
240   csnameddatad     0.0  00:00.01 2     1   23     564K   0B    0B    240  1    sleeping  0[2]     0.00000 0.00000    0   755      104  98       42       432      197      67        0       0       0.0   0         0         root                   N/A    N/A   N/A   N/A   N/A   N/A  
237   awdd             0.0  00:00.15 2     1   77     1112K  24K   0B    237  1    sleeping  0[20]    0.00000 0.00000    0   1816     146  245      128      2913     694      1090      17      1       0.0   0         0         root                   N/A    N/A   N/A   N/A   N/A   N/A  
236   mobileassetd     0.0  00:05.38 2     1   84     1476K  0B    0B    236  1    sleeping  0[17]    0.00000 0.00000    0   34105    213  8305     295      39260    9195     14970     32      995     0.0   0         0         root                   N/A    N/A   N/A   N/A   N/A   N/A  
235   backupd          0.0  00:00.19 3     2   48     1204K  0B    0B    235  1    sleeping *0[1]     0.00000 0.00000    0   2007     216  137      87       1006     351      1060      41      5       0.0   0         0         root                   N/A    N/A   N/A   N/A   N/A   N/A  
231   lsd              0.0  00:00.28 3     2   78     1116K  0B    0B    231  1    sleeping  0[56]    0.00000 0.00000    0   5318     146  592      413      4198     1450     1770      1849    8       0.0   0         0         root                   N/A    N/A   N/A   N/A   N/A   N/A  
222   com.apple.CodeSi 0.0  00:00.17 2     1   20     620K   0B    0B    222  1    sleeping  0[66]    0.00000 0.00000    0   1976     111  275      298      7532     911      825       0       8       0.0   0         0         root                   N/A    N/A   N/A   N/A   N/A   N/A  
219   findmydeviced    0.0  00:00.15 2     1   62     1588K  0B    0B    219  1    sleeping  0[2]     0.00000 0.00000    0   2786     250  269      110      1660     673      1087      92      13      0.0   0         0         root                   N/A    N/A   N/A   N/A   N/A   N/A  
218   mDNSResponder    0.0  00:00.37 3     1   124    1176K  0B    0B    218  1    sleeping *0[1]     0.00000 0.00000    65  2638     159  1341     694      12001    3339     4436      22      87      0.0   0         0         _mdnsresponder         N/A    N/A   N/A   N/A   N/A   N/A  
216   symptomsd        0.0  00:00.33 2     1   77     2252K  128K  0B    216  1    sleeping  0[52]    0.00000 0.00000    24  3417     199  392      196      5744     1286     2096      110     13      0.0   0         0         _networkd              N/A    N/A   N/A   N/A   N/A   N/A  
215   nehelper         0.0  00:00.73 2     1   75     1356K  0B    0B    215  1    sleeping  0[44]    0.00000 0.00000    0   3342     152  344      157      3994     787      1783      37      7       0.0   0         0         root                   N/A    N/A   N/A   N/A   N/A   N/A  
214   PowerUIAgent     0.0  00:00.08 2     1   36     832K   0B    0B    214  1    sleeping *0[1]     0.00000 0.00000    0   1602     137  115      69       795      264      399       96      0       0.0   0         0         root                   N/A    N/A   N/A   N/A   N/A   N/A  
213   contextstored    0.0  00:01.56 3     2   107    2512K  404K  0B    213  1    sleeping  0[316]   0.00000 0.00000    0   9398     217  3763     2564     29526    13784    14567     265     535     0.0   0         0         root                   N/A    N/A   N/A   N/A   N/A   N/A  
212   PlugInLibrarySer 0.0  00:00.01 2     1   22     604K   0B    0B    212  1    sleeping  0[3]     0.00000 0.00000    0   728      103  85       41       395      161      70        0       0       0.0   0         0         root                   N/A    N/A   N/A   N/A   N/A   N/A  
211   containermanager 0.0  00:00.13 2     1   34     976K   0B    0B    211  1    sleeping  0[21]    0.00000 0.00000    0   2100     157  153      91       1417     426      628       5       1       0.0   0         0         root                   N/A    N/A   N/A   N/A   N/A   N/A  
209   diskmanagementd  0.0  00:00.05 3     1   45     1012K  0B    0B    209  1    sleeping *0[1]     0.00000 0.00000    0   1216     197  274      86       811      975      428       6       3       0.0   0         0         root                   N/A    N/A   N/A   N/A   N/A   N/A  
202   coreaudiod       0.0  00:01.90 5     1   483    8688K  0B    0B    202  1    sleeping *0[1]     0.00000 0.00000    202 10345    296  27562    22808    83773    99895    37633     141     129     0.0   0         0         _coreaudiod            N/A    N/A   N/A   N/A   N/A   N/A  
189   airportd         0.0  00:00.99 6     4   190    2540K  0B    0B    189  1    sleeping *4[1]     0.00000 0.00000    0   4997     262  4748     2402     12642    4835     6217      184     105     0.0   0         0         root                   N/A    N/A   N/A   N/A   N/A   N/A  
182   distnoted        0.0  00:00.06 2     1   35     420K   0B    0B    182  1    sleeping *0[1]     0.00000 0.00000    0   1232     87   99       86       669      317      328       0       0       0.0   0         0         root                   N/A    N/A   N/A   N/A   N/A   N/A  
180   authd            0.0  00:00.24 3     2   54     980K   0B    0B    180  1    sleeping  0[60]    0.00000 0.00000    0   2137     142  396      210      6385     1569     1286      1       2       0.0   0         0         root                   N/A    N/A   N/A   N/A   N/A   N/A  
176   coreservicesd    0.0  00:00.57 4     1   222    2224K  0B    0B    176  1    sleeping *0[1]     0.00000 0.00000    0   2485     113  20465    9292     13353    37984    5813      1       15      0.0   0         0         root                   N/A    N/A   N/A   N/A   N/A   N/A  
175   runningboardd    0.0  00:02.97 5     4   225    1848K  0B    0B    175  1    sleeping *4[1]     0.00000 0.00000    0   9871     153  3898     3972     82382    13590    33187     96      567     0.0   0         0         root                   N/A    N/A   N/A   N/A   N/A   N/A  
173   syspolicyd       0.0  00:03.73 2     1   77     50M    724K  0B    173  1    sleeping *0[1]     0.00000 0.00000    0   47171    4615 614      416      40831    4090     7885      3783    3       0.0   0         0         root                   N/A    N/A   N/A   N/A   N/A   N/A  
172   loginwindow      0.0  00:01.01 2     1   293    12M    0B    0B    172  1    sleeping *0[29]    0.00000 0.00000    501 12921    404  2512     1232     9202     7206     7069      447     21      0.0   0         0         maxieds                N/A    N/A   N/A   N/A   N/A   N/A  
171   trustd           0.0  00:03.09 2     1   80     2736K  160K  0B    171  1    sleeping  0[1693]  0.00000 0.00000    282 4824     190  1205     2841     45072    15908    12743     61      50      0.0   0         0         _trustd                N/A    N/A   N/A   N/A   N/A   N/A  
169   aslmanager       0.0  00:00.05 2     1   16     408K   0B    0B    169  1    sleeping *0[1]     0.00000 0.00000    0   489      73   70       37       620      157      421       0       7       0.0   0         0         root                   N/A    N/A   N/A   N/A   N/A   N/A  
168   tccd             0.0  00:02.49 2     1   41     1564K  28K   0B    168  1    sleeping  0[349]   0.00000 0.00000    0   6526     163  2503     2382     94702    12475    9523      44      30      0.0   0         0         root                   N/A    N/A   N/A   N/A   N/A   N/A  
167   taskgated        0.0  00:00.14 1     0   21     704K   0B    0B    167  1    sleeping *0[1]     0.00000 0.00000    0   1305     111  88       31       1297     257      662       18      5       0.0   0         0         root                   N/A    N/A   N/A   N/A   N/A   N/A  
166   cfprefsd         0.0  00:03.63 2     1   512    828K   20K   0B    166  1    sleeping  0[1942]  0.00000 0.00000    0   4033     88   8050     9256     138533   29356    26082     1       220     0.0   0         0         root                   N/A    N/A   N/A   N/A   N/A   N/A  
165   com.apple.cmio.r 0.0  00:00.07 2     1   53     768K   0B    0B    165  1    sleeping  0[23]    0.00000 0.00000    0   1722     127  171      85       1009     462      276       1       2       0.0   0         0         root                   N/A    N/A   N/A   N/A   N/A   N/A  
164   AirPlayXPCHelper 0.0  00:00.38 4     1   168    1412K  0B    0B    164  1    sleeping *0[1]     0.00000 0.00000    0   3959     197  1368     582      4104     2667     3896      280     17      0.0   0         0         root                   N/A    N/A   N/A   N/A   N/A   N/A  
163   corebrightnessd  0.0  00:00.48 2     1   127    1268K  0B    0B    163  1    sleeping *0[1]     0.00000 0.00000    0   13805    179  2947     871      6120     8279     4485      136     117     0.0   0         0         root                   N/A    N/A   N/A   N/A   N/A   N/A  
162   sandboxd         0.0  00:00.08 2     1   35     1072K  0B    0B    162  1    sleeping *0[1]     0.00000 0.00000    0   1595     150  179      87       1470     588      717       15      1       0.0   0         0         root                   N/A    N/A   N/A   N/A   N/A   N/A  
160   bluetoothd       0.0  00:00.67 2     1   181    2712K  0B    0B    160  1    sleeping *0[1]     0.00000 0.00000    0   5709     266  1749     895      8218     3602     4466      315     173     0.0   0         0         root                   N/A    N/A   N/A   N/A   N/A   N/A  
158   KernelEventAgent 0.0  00:00.01 2     1   22     524K   0B    0B    158  1    sleeping *0[1]     0.00000 0.00000    0   686      101  81       30       581      152      163       3       0       0.0   0         0         root                   N/A    N/A   N/A   N/A   N/A   N/A  
157   revisiond        0.0  00:00.13 3     1   47     1380K  0B    0B    157  1    sleeping  0[0]     0.00000 0.00000    0   2228     161  174      58       2239     467      562       18      8       0.0   0         0         root                   N/A    N/A   N/A   N/A   N/A   N/A  
156   logind           0.0  00:00.09 2     1   69     760K   0B    0B    156  1    sleeping *0[1]     0.00000 0.00000    0   1608     161  178      119      868      440      941       100     1       0.0   0         0         root                   N/A    N/A   N/A   N/A   N/A   N/A  
154   PerfPowerService 0.0  00:03.26 3     1   276    3344K  276K  0B    154  1    sleeping *1[8]     0.00000 0.00000    0   8547     269  40299    20179    40837    106213   53945     190     295     0.0   0         0         root                   N/A    N/A   N/A   N/A   N/A   N/A  
153   AppleCredentialM 0.0  00:00.04 2     1   32     648K   0B    0B    153  1    sleeping *0[1]     0.00000 0.00000    0   1007     121  204      99       518      308      694       16      0       0.0   0         0         root                   N/A    N/A   N/A   N/A   N/A   N/A  
152   distnoted        0.0  00:00.14 2     1   125    432K   0B    0B    152  1    sleeping *0[1]     0.00000 0.00000    241 1320     87   782      781      4914     2199     1266      0       0       0.0   0         0         _distnote              N/A    N/A   N/A   N/A   N/A   N/A  
150   dasd             0.0  00:03.79 2     1   73     2424K  0B    0B    150  1    sleeping  0[112]   0.00000 0.00000    0   6191     269  2289     1398     62259    8241     24347     44      402     0.0   0         0         root                   N/A    N/A   N/A   N/A   N/A   N/A  
149   displaypolicyd   0.0  00:00.06 6     1   51     1756K  0B    0B    149  1    sleeping *0[1]     0.00000 0.00000    244 1599     136  575      285      1493     696      1275      4       8       0.0   0         0         _displaypolicyd        N/A    N/A   N/A   N/A   N/A   N/A  
148   autofsd          0.0  00:00.02 2     1   23     528K   0B    0B    148  1    sleeping *0[1]     0.00000 0.00000    0   820      106  75       32       361      154      133       0       0       0.0   0         0         root                   N/A    N/A   N/A   N/A   N/A   N/A  
143   auditd           0.0  00:00.01 2     1   32     524K   0B    0B    143  1    sleeping *0[1]     0.00000 0.00000    0   636      102  89       35       327      172      89        0       0       0.0   0         0         root                   N/A    N/A   N/A   N/A   N/A   N/A  
142   securityd        0.0  00:00.35 4     1   85     1648K  0B    0B    142  1    sleeping *0[1]     0.00000 0.00000    0   3308     133  924      125      5362     5278     2724      24      12      0.0   0         0         root                   N/A    N/A   N/A   N/A   N/A   N/A  
141   usbmuxd          0.0  00:00.23 3     1   39     1296K  0B    0B    141  1    sleeping *0[1]     0.00000 0.00000    213 2770     246  172      50       1618     756      1660      268     0       0.0   0         0         _usbmuxd               N/A    N/A   N/A   N/A   N/A   N/A  
139   launchservicesd  0.0  00:01.04 2     1   290    1312K  0B    0B    139  1    sleeping  0[1871]  0.00000 0.00000    0   4358     138  13868    8238     54176    20493    12820     4       115     0.0   0         0         root                   N/A    N/A   N/A   N/A   N/A   N/A  
138   apsd             0.0  00:01.16 4     3   183    2000K  12K   0B    138  1    sleeping *0[1]     0.00000 0.00000    0   16887    258  4388     2242     27470    14088    11287     78      156     0.0   0         0         root                   N/A    N/A   N/A   N/A   N/A   N/A  
136   thermalmonitord  0.0  00:00.02 1     0   24     960K   0B    0B    136  1    sleeping *0[1]     0.00000 0.00000    0   910      212  62       28       309      139      267       5       0       0.0   0         0         root                   N/A    N/A   N/A   N/A   N/A   N/A  
133   syslogd          0.0  00:00.17 3     2   65     580K   0B    0B    133  1    sleeping  0[163]   0.00000 0.00000    0   1114     75   140      175      9434     2306     2516      1       42      0.0   0         0         root                   N/A    N/A   N/A   N/A   N/A   N/A  
132   coreduetd        0.0  00:00.68 2     1   54     2540K  960K  0B    132  1    sleeping  0[13]    0.00000 0.00000    0   6084     210  332      178      10014    3341     3100      168     12      0.0   0         0         root                   N/A    N/A   N/A   N/A   N/A   N/A  
129   diskarbitrationd 0.0  00:00.86 2     1   206    1008K  0B    0B    129  1    sleeping *0[1]     0.00000 0.00000    0   6778     1780 9758     4303     12742    60394    8881      8       0       0.0   0         0         root                   N/A    N/A   N/A   N/A   N/A   N/A  
128   kernelmanagerd   0.0  00:03.27 2     1   72     6496K  0B    0B    128  1    sleeping *0[1]     0.00000 0.00000    0   92844    565  723      403      29133    5532     6226      1161    0       0.0   0         0         root                   N/A    N/A   N/A   N/A   N/A   N/A  
127   iconservicesd    0.0  00:00.07 2     1   45     824K   0B    0B    127  1    sleeping  0[10]    0.00000 0.00000    240 1902     125  122      67       818      290      385       2       3       0.0   0         0         _iconservices          N/A    N/A   N/A   N/A   N/A   N/A  
122   watchdogd        0.0  00:00.20 3     1   46     700K   0B    0B    122  1    sleeping *0[1]     0.00000 0.00000    0   1084     116  3018     1542     1363     9557     3257      15      264     0.0   0         0         root                   N/A    N/A   N/A   N/A   N/A   N/A  
120   softwareupdated  0.0  00:00.17 2     1   49     1220K  0B    0B    120  1    sleeping  0[0]     0.00000 0.00000    200 2455     163  3161     1559     1429     2757     529       2       3       0.0   0         0         _softwareupdate        N/A    N/A   N/A   N/A   N/A   N/A  
119   keybagd          0.0  00:00.18 2     1   54     832K   0B    0B    119  1    sleeping *0[1]     0.00000 0.00000    0   1560     127  716      759      4579     2717     1879      6       17      0.0   0         0         root                   N/A    N/A   N/A   N/A   N/A   N/A  
117   remoted          0.0  00:00.07 2     1   66     756K   0B    0B    117  1    sleeping *0[1]     0.00000 0.00000    0   1231     116  373      211      787      630      812       42      0       0.0   0         0         root                   N/A    N/A   N/A   N/A   N/A   N/A  
113   daemondo         0.0  00:00.02 3     1   43     772K   0B    0B    113  1    sleeping *0[1]     0.00000 0.00000    0   981      145  89       37       375      210      138       7       0       0.0   0         0         root                   N/A    N/A   N/A   N/A   N/A   N/A  
111   endpointsecurity 0.0  00:00.01 1     0   32     536K   0B    0B    111  1    sleeping  0[0]     0.00000 0.00000    0   684      105  83       36       312      174      71        2       0       0.0   0         0         root                   N/A    N/A   N/A   N/A   N/A   N/A  
110   configd          0.0  00:00.84 7     1   364    1928K  0B    0B    110  1    sleeping *0[1]     0.00000 0.00000    0   6535     197  12925    7080     31070    19255    7823      53      7       0.0   0         0         root                   N/A    N/A   N/A   N/A   N/A   N/A  
105   mediaremoted     0.0  00:00.72 3     1   160    1616K  0B    0B    105  1    sleeping  0[11]    0.00000 0.00000    0   6432     273  14371    3216     4463     16664    19946     348     6       0.0   0         0         root                   N/A    N/A   N/A   N/A   N/A   N/A  
103   uninstalld       0.0  00:00.15 3     2   21     604K   0B    0B    103  1    sleeping *0[1]     0.00000 0.00000    0   1596     115  439      27       4561     1657     2916      1       503     0.0   0         0         root                   N/A    N/A   N/A   N/A   N/A   N/A  
100   UserEventAgent   0.0  00:01.00 4     1   465    2068K  0B    0B    100  1    sleeping *0[1]     0.00000 0.00000    0   5168     222  5639     5129     16846    15457    9249      417     65      0.0   0         0         root                   N/A    N/A   N/A   N/A   N/A   N/A  
Processes: 343 total, 3 running, 6 stuck, 334 sleeping, 1059 threads 
2026/07/24 13:44:09
Load Avg: 1.54, 1.85, 1.90 
CPU usage: 1.45% user, 1.45% sys, 97.8% idle 
SharedLibs: 458M resident, 83M data, 37M linkedit.
MemRegions: 25393 total, 1170M resident, 179M private, 739M shared.
PhysMem: 6202M used (2218M wired), 1989M unused.
VM: 11T vsize, 3153M framework vsize, 0(0) swapins, 0(0) swapouts.
Networks: packets: 230/32K in, 236/32K out.
Disks: 702136/11G read, 244867/14G written.

PID   COMMAND          %CPU TIME     #TH   #WQ #PORTS MEM    PURG  CMPRS PGRP PPID STATE    BOOSTS    %CPU_ME %CPU_OTHRS UID FAULTS   COW  MSGSENT  MSGRECV  SYSBSD    SYSMACH  CSW       PAGEINS IDLEW   POWER INSTRS    CYCLES    USER                   #MREGS RPRVT VPRVT VSIZE KPRVT KSHRD
170   WindowServer     6.8  03:14.55 12/1  5   793    131M   19M+  0B    170  1    running  *0[1]     0.00000 0.00000    88  300711   1628 1041169+ 829855+  3268635+  3790313+ 1332445+  1181    28936+  9.8   47458635  104224778 _windowserver          N/A    N/A   N/A   N/A   N/A   N/A  
1976  top              3.1  00:00.27 1/1   0   26     2192K+ 0B    0B    1976 1107 running  *0[1]     0.00000 0.00000    0   1971+    108  91214+   45601+   4603+     51982+   99+       0       2+      3.2   116695383 91617154  root                   N/A    N/A   N/A   N/A   N/A   N/A  
0     kernel_task      1.1  02:37.56 165/4 0   0      195M   0B    0B    0    0    running   0[0]     0.00000 0.00000    0   9450     2635 1387560+ 1184619+ 0         0        13387943+ 102     783817+ 0.0   7963579   47874395  root                   N/A    N/A   N/A   N/A   N/A   N/A  
314   mds_stores       0.0  21:37.58 6     4/1 108-   85M-   8504K 0B    314  1    stuck    *0[1]     0.00000 0.00000    0   11709023 1482 772546+  501071+  30888936+ 2952605+ 6581517+  199134  5243+   0.0   286016    526512    root                   N/A    N/A   N/A   N/A   N/A   N/A  
530   amsengagementd   0.0  00:01.43 3     2   123+   4228K+ 52K   0B    530  1    sleeping  0[23]    0.00000 0.00000    501 10846+   399  1565+    694      22620+    5606+    8404+     111     412+    0.0   119702    437938    maxieds                N/A    N/A   N/A   N/A   N/A   N/A  
498   lockoutagent     0.0  00:00.97 4     3   72     1388K  0B    0B    498  1    sleeping *0[1]     0.00000 0.00000    501 2741     153  4035+    116      37131+    15925+   23148+    1       2540+   0.0   82951     292733    maxieds                N/A    N/A   N/A   N/A   N/A   N/A  
150   dasd             0.0  00:03.79 3     2   73     2424K  0B    0B    150  1    sleeping  0[112]   0.00000 0.00000    0   6191     269  2289     1398     62263+    8241     24349+    44      403+    0.0   55137     245412    root                   N/A    N/A   N/A   N/A   N/A   N/A  
99    logd             0.0  00:03.86 4     3   1084   8852K  0B    0B    99   1    sleeping *0[1]     0.00000 0.00000    0   21497    122  17869+   21228+   196303+   38178+   65933+    31      188     0.0   60334     221897    root                   N/A    N/A   N/A   N/A   N/A   N/A  
493   nsurlsessiond    0.0  00:00.78 3     2   103-   2172K- 0B    0B    493  1    sleeping *48[3]    0.00000 0.00000    501 6753     246  417      228      19354+    1165     7455+     0       495+    0.0   53864     185303    maxieds                N/A    N/A   N/A   N/A   N/A   N/A  
104   fseventsd        0.0  00:22.61 8     1   241    1604K  0B    0B    104  1    sleeping *0[1]     0.00000 0.00000    0   138814   109  26605+   5984+    971964+   89774+   116974+   2       6510+   0.0   49965     161695    root                   N/A    N/A   N/A   N/A   N/A   N/A  
1     launchd          0.0  00:13.43 3     2   1683   13M    0B    0B    1    0    stuck     0[0]     0.00000 0.00000    0   17888    1510 53421    54314    363079    232511   120832+   73      156     0.0   28125     126315    root                   N/A    N/A   N/A   N/A   N/A   N/A  
238   mDNSResponderHel 0.0  00:00.33 3     1   39     1044K  0B    0B    238  1    sleeping *0[1]     0.00000 0.00000    0   2166     138  7893+    3993+    5133+     4398+    5373+     1       2596+   0.0   22264     120067    root                   N/A    N/A   N/A   N/A   N/A   N/A  
103   uninstalld       0.0  00:00.15 2     1   20-    596K-  0B    0B    103  1    sleeping *0[1]     0.00000 0.00000    0   1596     115  439      27       4564+     1657     2917+     1       504+    0.0   26370     112883    root                   N/A    N/A   N/A   N/A   N/A   N/A  
556   Terminal         0.0  04:26.47 9     3   418    321M   76M   0B    556  1    sleeping *0[842]   0.00000 0.00000    501 3162679  1233 810752   121552   5653300   3084786+ 1397087+  7212    11947+  0.0   23257     97586     maxieds                N/A    N/A   N/A   N/A   N/A   N/A  
487   com.apple.geod   0.0  00:00.45 2     1   75-    2904K- 72K   0B    487  1    sleeping *4[1]     0.00000 0.00000    501 4213     249  427      1090     16484+    2965     5303+     5       167+    0.0   21010     79978     maxieds                N/A    N/A   N/A   N/A   N/A   N/A  
1974  mdworker_shared  0.0  00:00.28 4     1   49     1144K  0B    0B    1974 1    sleeping *0[1]     0.00000 0.00000    501 14346    169  623      269      4663      1815     419       0       2       0.0   0         0         maxieds                N/A    N/A   N/A   N/A   N/A   N/A  
1973  mdworker_shared  0.0  00:00.29 4     1   48     1092K  0B    0B    1973 1    sleeping *0[1]     0.00000 0.00000    501 14169    169  634      273      4694      1836     475       0       2       0.0   0         0         maxieds                N/A    N/A   N/A   N/A   N/A   N/A  
1972  mdworker_shared  0.0  00:00.26 4     1   49     1124K  0B    0B    1972 1    sleeping *0[1]     0.00000 0.00000    501 12740    169  611      263      4176      1645     425       0       2       0.0   0         0         maxieds                N/A    N/A   N/A   N/A   N/A   N/A  
1971  mdworker_shared  0.0  00:00.29 4     1   49     1148K  0B    0B    1971 1    sleeping *0[1]     0.00000 0.00000    501 13214    169  607      263      4154      1640     389       0       2       0.0   0         0         maxieds                N/A    N/A   N/A   N/A   N/A   N/A  
1970  mdworker_shared  0.0  00:00.26 4     1   49     1132K  0B    0B    1970 1    sleeping *0[1]     0.00000 0.00000    501 12631    169  609      264      4161      1639     373       0       2       0.0   0         0         maxieds                N/A    N/A   N/A   N/A   N/A   N/A  
1969  mdworker_shared  0.0  00:00.26 4     1   49     1152K  0B    0B    1969 1    sleeping *0[1]     0.00000 0.00000    501 13092    169  608      263      4257      1626     382       0       2       0.0   0         0         maxieds                N/A    N/A   N/A   N/A   N/A   N/A  
1968  mdworker_shared  0.0  00:00.27 4     1   49     1144K  0B    0B    1968 1    sleeping *0[1]     0.00000 0.00000    501 12744    169  609      263      4204      1640     360       0       2       0.0   0         0         maxieds                N/A    N/A   N/A   N/A   N/A   N/A  
1967  mdworker_shared  0.0  00:00.27 4     1   49     1128K  0B    0B    1967 1    sleeping *0[1]     0.00000 0.00000    501 12752    169  610      263      4185      1646     396       0       2       0.0   0         0         maxieds                N/A    N/A   N/A   N/A   N/A   N/A  
1966  mdworker_shared  0.0  00:00.26 4     1   49     1128K  0B    0B    1966 1    sleeping *0[1]     0.00000 0.00000    501 12671    169  610      263      4363      1637     368       0       2       0.0   0         0         maxieds                N/A    N/A   N/A   N/A   N/A   N/A  
1965  mdworker_shared  0.0  00:00.28 4     1   49     1136K  0B    0B    1965 1    sleeping *0[1]     0.00000 0.00000    501 14218    169  628      269      4825      1831     435       0       3       0.0   0         0         maxieds                N/A    N/A   N/A   N/A   N/A   N/A  
1963  mdworker_shared  0.0  00:00.05 4     1   42     1024K  0B    0B    1963 1    sleeping *0[1]     0.00000 0.00000    89  3585     169  509      228      980       509      118       1       8       0.0   0         0         _spotlight             N/A    N/A   N/A   N/A   N/A   N/A  
1950  mdworker_shared  0.0  00:00.07 4     1   43     1096K  0B    0B    1950 1    sleeping *0[1]     0.00000 0.00000    89  3690     173  535      237      1104      561      305       5       13      0.0   0         0         _spotlight             N/A    N/A   N/A   N/A   N/A   N/A  
1949  mdworker_shared  0.0  00:00.07 4     1   42     1040K  0B    0B    1949 1    sleeping *0[1]     0.00000 0.00000    89  5225     169  526      233      1488      714      185       2       12      0.0   0         0         _spotlight             N/A    N/A   N/A   N/A   N/A   N/A  
1948  mdworker_shared  0.0  00:00.06 4     1   43     1096K  0B    0B    1948 1    sleeping *0[1]     0.00000 0.00000    89  3708     174  537      236      1099      574      236       5       16      0.0   0         0         _spotlight             N/A    N/A   N/A   N/A   N/A   N/A  
1918  mdworker_shared  0.0  00:00.13 4     1   43     1084K  0B    0B    1918 1    sleeping *0[1]     0.00000 0.00000    89  6482     169  595      242      1965      1030     504       3       48      0.0   0         0         _spotlight             N/A    N/A   N/A   N/A   N/A   N/A  
1913  mdworker_shared  0.0  00:00.13 4     1   42     1040K  0B    0B    1913 1    sleeping *0[1]     0.00000 0.00000    89  7226     174  600      242      1870      1099     485       16      44      0.0   0         0         _spotlight             N/A    N/A   N/A   N/A   N/A   N/A  
1856  mdworker_shared  0.0  00:00.13 4     1   42     1044K  0B    0B    1856 1    sleeping *0[1]     0.00000 0.00000    89  6825     169  615      240      2138      1173     533       3       60      0.0   0         0         _spotlight             N/A    N/A   N/A   N/A   N/A   N/A  
1749  wifip2pd         0.0  00:00.09 2     1   25     1168K  0B    0B    1749 1    sleeping  0[1]     0.00000 0.00000    0   2707     209  112      56       965       213      327       4       1       0.0   0         0         root                   N/A    N/A   N/A   N/A   N/A   N/A  
1742  VTDecoderXPCServ 0.0  00:00.19 2     1   71     13M    4460K 0B    1742 1    sleeping  0[21]    0.00000 0.00000    501 6566     170  1423     686      4289      1547     586       15      4       0.0   0         0         maxieds                N/A    N/A   N/A   N/A   N/A   N/A  
1695  CVMServer        0.0  00:00.03 2     1   33     544K   32K   0B    1695 1    sleeping *0[1]     0.00000 0.00000    0   1392     101  107      55       614       251      167       0       16      0.0   0         0         root                   N/A    N/A   N/A   N/A   N/A   N/A  
1515  keyboardservices 0.0  00:00.25 2     1   53     1784K  20K   0B    1515 1    sleeping  0[4]     0.00000 0.00000    501 2669     176  192      950      11118     2265     2650      11      3       0.0   0         0         maxieds                N/A    N/A   N/A   N/A   N/A   N/A  
1514  AppleSpell       0.0  00:00.29 2     1   100    5676K  80K   0B    1514 1    sleeping *0[1]     0.00000 0.00000    501 6999     329  502      145      5574      1325     1466      104     14      0.0   0         0         maxieds                N/A    N/A   N/A   N/A   N/A   N/A  
1513  LookupViewServic 0.0  00:00.38 4     2   200    6968K  12K   0B    1513 1    sleeping  0[7]     0.00000 0.00000    501 10349    400  1112     315      5778      2730     2275      280     7       0.0   0         0         maxieds                N/A    N/A   N/A   N/A   N/A   N/A  
1237  mdworker         0.0  00:00.04 2     1   50     1172K  0B    0B    1237 1    sleeping *0[1]     0.00000 0.00000    501 2526     181  149      44       892       324      102       0       1       0.0   0         0         maxieds                N/A    N/A   N/A   N/A   N/A   N/A  
1136  ls               0.0  01:15.18 1     0   22     2920K  0B    0B    1136 1135 stuck    *0[1]     0.00000 0.00000    0   1762     84   53       22       5924598   125      269048    0       0       0.0   0         0         root                   N/A    N/A   N/A   N/A   N/A   N/A  
1135  sudo             0.0  00:00.00 1     0   8      332K   0B    0B    1135 1134 sleeping *0[1]     0.00000 0.00000    0   183      89   12       6        45        16       4         0       0       0.0   0         0         root                   N/A    N/A   N/A   N/A   N/A   N/A  
1134  sudo             0.0  00:12.42 2     1   42     2356K  0B    0B    1134 1131 sleeping *0[16]    0.00000 0.00000    0   2363     372  149      81       5130438   499      325162    1       0       0.0   0         0         root                   N/A    N/A   N/A   N/A   N/A   N/A  
1131  bash             0.0  00:00.02 1     0   21     1316K  0B    0B    1131 1125 sleeping *0[1]     0.00000 0.00000    501 1147     276  56       22       914       113      133       6       0       0.0   0         0         maxieds                N/A    N/A   N/A   N/A   N/A   N/A  
1125  bash             0.0  00:00.01 1     0   21     1048K  0B    0B    1125 1124 sleeping *0[1]     0.00000 0.00000    501 1056     290  83       33       942       156      120       0       0       0.0   0         0         maxieds                N/A    N/A   N/A   N/A   N/A   N/A  
1124  login            0.0  00:00.03 2     1   32     1144K  0B    0B    1124 556  sleeping *0[9]     0.00000 0.00000    0   1514     188  83       33       4142      246      180       16      0       0.0   0         0         root                   N/A    N/A   N/A   N/A   N/A   N/A  
1117  distnoted        0.0  00:00.03 2     1   29     392K   0B    0B    1117 1    sleeping *0[1]     0.00000 0.00000    269 1200     86   99       35       377       212      53        0       0       0.0   0         0         _reportmemoryexception N/A    N/A   N/A   N/A   N/A   N/A  
1115  XprotectService  0.0  00:01.65 2     1   23     1160K  0B    0B    1115 1    sleeping  0[2]     0.00000 0.00000    0   56713    704  93       45       130307    430      1661      62      2       0.0   0         0         root                   N/A    N/A   N/A   N/A   N/A   N/A  
1107  bash             0.0  00:00.19 1     0   21     1380K  0B    0B    1107 1006 sleeping *0[1]     0.00000 0.00000    501 5967     3281 182      83       8279      175      1497      190     0       0.0   0         0         maxieds                N/A    N/A   N/A   N/A   N/A   N/A  
1101  deleted          0.0  00:00.15 2     1   39     844K   0B    0B    1101 1    sleeping  0[0]     0.00000 0.00000    501 2173     151  1368     632      2238      1473     419       21      1       0.0   0         0         maxieds                N/A    N/A   N/A   N/A   N/A   N/A  
1097  promotedcontentd 0.0  00:00.31 2     1   64     2176K  0B    0B    1097 1    sleeping  0[6]     0.00000 0.00000    501 4227     311  322      119      4806      771      1837      36      47      0.0   0         0         maxieds                N/A    N/A   N/A   N/A   N/A   N/A  
1096  com.apple.AppSto 0.0  00:00.06 2     1   27     3420K  0B    0B    1096 1    sleeping  0[0]     0.00000 0.00000    0   1561     115  86       37       460       173      127       0       3       0.0   0         0         root                   N/A    N/A   N/A   N/A   N/A   N/A  
1095  installcoordinat 0.0  00:00.05 2     1   42     920K   0B    0B    1095 1    sleeping  0[1]     0.00000 0.00000    274 2045     156  104      35       864       237      100       3       2       0.0   0         0         _installcoordinationd  N/A    N/A   N/A   N/A   N/A   N/A  
1094  ASPCarryLog      0.0  00:00.05 2     1   32     1056K  0B    0B    1094 1    sleeping  0[2]     0.00000 0.00000    0   1988     199  131      60       950       304      208       5       2       0.0   0         0         root                   N/A    N/A   N/A   N/A   N/A   N/A  
1093  appstoreagent    0.0  00:00.57 3     2   110    3392K  108K  0B    1093 1    sleeping  0[7]     0.00000 0.00000    501 6558     447  690      180      9206      2073     4234      30      311     0.0   0         0         maxieds                N/A    N/A   N/A   N/A   N/A   N/A  
1006  bash             0.0  00:00.10 1     0   21     1088K  0B    0B    1006 1005 sleeping *0[1]     0.00000 0.00000    501 1959     698  99       41       6035      164      744       0       0       0.0   0         0         maxieds                N/A    N/A   N/A   N/A   N/A   N/A  
1005  login            0.0  00:00.02 2     1   31     1120K  0B    0B    1005 556  sleeping *0[9]     0.00000 0.00000    0   1526     192  83       33       4121      246      126       0       0       0.0   0         0         root                   N/A    N/A   N/A   N/A   N/A   N/A  
856   cp               0.0  01:37.81 1     0   19     2560K  0B    0B    856  855  stuck    *0[1]     0.00000 0.00000    0   899      151  47       18       2933203   93       312063    61      0       0.0   0         0         root                   N/A    N/A   N/A   N/A   N/A   N/A  
855   sudo             0.0  00:00.00 1     0   8      324K   0B    0B    855  845  sleeping *0[1]     0.00000 0.00000    0   178      87   12       6        45        16       4         0       0       0.0   0         0         root                   N/A    N/A   N/A   N/A   N/A   N/A  
845   sudo             0.0  00:05.53 2     1   41     2320K  0B    0B    845  559  sleeping *0[16]    0.00000 0.00000    0   2330     369  153      83       1093715   502      122600    1       0       0.0   0         0         root                   N/A    N/A   N/A   N/A   N/A   N/A  
735   nfcd             0.0  00:00.12 2     1   48     1116K  0B    0B    735  1    sleeping *0[1]     0.00000 0.00000    260 2451     204  159      49       1029      347      367       36      3       0.0   0         0         _applepay              N/A    N/A   N/A   N/A   N/A   N/A  
733   progressd        0.0  00:00.38 2     1   51     1768K  0B    0B    733  1    sleeping  0[1]     0.00000 0.00000    501 5547     271  179      56       3902      1556     767       8       10      0.0   0         0         maxieds                N/A    N/A   N/A   N/A   N/A   N/A  
729   studentd         0.0  00:00.39 2     1   131    4972K  88K   0B    729  1    sleeping *0[1]     0.00000 0.00000    501 7220     472  892      230      8422      2095     2202      52      23      0.0   0         0         maxieds                N/A    N/A   N/A   N/A   N/A   N/A  
719   EscrowSecurityAl 0.0  00:00.07 2     1   46     1412K  12K   0B    719  1    sleeping  0[0]     0.00000 0.00000    501 2831     192  135      45       1236      305      426       0       7       0.0   0         0         maxieds                N/A    N/A   N/A   N/A   N/A   N/A  
697   followupd        0.0  00:00.03 2     1   44     1084K  16K   0B    697  1    sleeping  0[1]     0.00000 0.00000    501 1619     156  133      50       872       310      127       0       0       0.0   0         0         maxieds                N/A    N/A   N/A   N/A   N/A   N/A  
678   mobileactivation 0.0  00:00.06 2     1   44     664K   0B    0B    678  1    sleeping  0[1]     0.00000 0.00000    0   1477     117  103      45       589       237      137       0       0       0.0   0         0         root                   N/A    N/A   N/A   N/A   N/A   N/A  
677   lskdd            0.0  00:00.10 2     0   29     552K   0B    0B    677  1    sleeping *1[1]     0.00000 0.00000    265 1441     105  1490     739      1254      883      974       0       504     0.0   0         0         _fpsd                  N/A    N/A   N/A   N/A   N/A   N/A  
674   memoryanalyticsd 0.0  00:00.04 2     1   38     1028K  0B    0B    674  1    sleeping  0[0]     0.00000 0.00000    0   1150     120  112      47       828       251      172       1       2       0.0   0         0         root                   N/A    N/A   N/A   N/A   N/A   N/A  
672   online-authd     0.0  00:00.01 2     1   37     560K   0B    0B    672  1    sleeping  0[2]     0.00000 0.00000    0   712      103  105      51       424       215      100       0       2       0.0   0         0         root                   N/A    N/A   N/A   N/A   N/A   N/A  
626   mdworker         0.0  00:00.07 2     1   41     1044K  0B    0B    626  1    sleeping *0[1]     0.00000 0.00000    89  2427     180  138      44       905       302      111       2       2       0.0   0         0         _spotlight             N/A    N/A   N/A   N/A   N/A   N/A  
587   spindump_agent   0.0  00:00.02 2     1   42     832K   0B    0B    587  1    sleeping  0[5]     0.00000 0.00000    501 1160     132  184      57       598       389      174       0       2       0.0   0         0         maxieds                N/A    N/A   N/A   N/A   N/A   N/A  
586   spindump         0.0  00:00.09 2     1   41     920K   0B    0B    586  1    sleeping *0[1]     0.00000 0.00000    0   2493     156  159      77       5107      373      412       14      3       0.0   0         0         root                   N/A    N/A   N/A   N/A   N/A   N/A  
585   QuickLookSatelli 0.0  00:02.11 3     2   72     11M    576K  0B    585  1    sleeping  0[20]    0.00000 0.00000    501 8901     252  854      362      26675     1674     8552      58      49      0.0   0         0         maxieds                N/A    N/A   N/A   N/A   N/A   N/A  
584   mdwrite          0.0  00:00.04 2     1   32     732K   0B    0B    584  1    sleeping *0[1]     0.00000 0.00000    501 1263     127  156      138      1238      496      371       0       17      0.0   0         0         maxieds                N/A    N/A   N/A   N/A   N/A   N/A  
581   logd_helper      0.0  00:00.03 2     1   20     512K   0B    0B    581  1    sleeping *0[1]     0.00000 0.00000    0   1298     101  69       35       432       150      70        0       0       0.0   0         0         root                   N/A    N/A   N/A   N/A   N/A   N/A  
559   bash             0.0  00:00.08 1     0   21     1132K  0B    0B    559  557  sleeping *0[1]     0.00000 0.00000    501 1964     679  97       40       4711      163      1046      2       0       0.0   0         0         maxieds                N/A    N/A   N/A   N/A   N/A   N/A  
558   com.apple.audio. 0.0  00:00.05 2     1   21     3360K  0B    0B    558  1    sleeping  0[1]     0.00000 0.00000    0   1760     126  83       40       607       165      135       0       0       0.0   0         0         root                   N/A    N/A   N/A   N/A   N/A   N/A  
557   login            0.0  00:00.04 2     1   32     1164K  0B    0B    557  556  sleeping *0[9]     0.00000 0.00000    0   1505     179  83       33       2240      246      422       0       0       0.0   0         0         root                   N/A    N/A   N/A   N/A   N/A   N/A  
536   CategoriesServic 0.0  00:00.02 2     1   35     840K   0B    0B    536  1    sleeping  0[0]     0.00000 0.00000    501 1529     121  145      50       683       347      105       0       0       0.0   0         0         maxieds                N/A    N/A   N/A   N/A   N/A   N/A  
535   photolibraryd    0.0  00:00.09 2     1   48     1252K  0B    0B    535  1    sleeping  0[0]     0.00000 0.00000    501 2484     199  157      53       860       335      217       97      1       0.0   0         0         maxieds                N/A    N/A   N/A   N/A   N/A   N/A  
534   suggestd         0.0  00:01.03 2     1   178    6316K  292K  0B    534  1    sleeping  0[5]     0.00000 0.00000    501 9537     434  954      268      14221     2665     3061      256     33      0.0   0         0         maxieds                N/A    N/A   N/A   N/A   N/A   N/A  
533   USBAgent         0.0  00:00.05 2     1   34     696K   0B    0B    533  1    sleeping  0[0]     0.00000 0.00000    501 1818     128  120      44       619       255      118       0       1       0.0   0         0         maxieds                N/A    N/A   N/A   N/A   N/A   N/A  
532   SubmitDiagInfo   0.0  00:00.38 2     1   55     1008K  0B    0B    532  1    sleeping  0[0]     0.00000 0.00000    0   5571     144  303      312      4543      1506     1648      4       7       0.0   0         0         root                   N/A    N/A   N/A   N/A   N/A   N/A  
531   CrashReporterSup 0.0  00:00.01 2     1   30     632K   0B    0B    531  1    sleeping  0[0]     0.00000 0.00000    0   882      103  79       35       430       168      69        0       1       0.0   0         0         root                   N/A    N/A   N/A   N/A   N/A   N/A  
529   SoftwareUpdateNo 0.0  00:00.15 3     1   177    3188K  0B    0B    529  1    sleeping *0[1]     0.00000 0.00000    501 4859     308  800      243      3465      1872     1245      8       6       0.0   0         0         maxieds                N/A    N/A   N/A   N/A   N/A   N/A  
528   com.apple.sbd    0.0  00:00.03 3     2   36     896K   0B    0B    528  1    sleeping  0[0]     0.00000 0.00000    501 1396     148  129      47       571       292      174       3       0       0.0   0         0         maxieds                N/A    N/A   N/A   N/A   N/A   N/A  
527   XProtectPluginSe 0.0  00:01.03 2     1   43     1196K  0B    0B    527  1    sleeping  0[0]     0.00000 0.00000    501 15143    166  403      130      33847     27746    2172      0       0       0.0   0         0         maxieds                N/A    N/A   N/A   N/A   N/A   N/A  
526   mdbulkimport     0.0  00:01.02 2     1   60     2736K  0B    0B    526  1    sleeping *0[1]     0.00000 0.00000    501 10866    202  406      159      17086     4779     1877      2       10      0.0   0         0         maxieds                N/A    N/A   N/A   N/A   N/A   N/A  
525   siriknowledged   0.0  00:00.10 2     1   49     2016K  132K  0B    525  1    sleeping  0[4]     0.00000 0.00000    501 3214     224  225      94       2043      543      602       31      14      0.0   0         0         maxieds                N/A    N/A   N/A   N/A   N/A   N/A  
524   adid             0.0  00:00.06 2     1   36     808K   0B    0B    524  1    sleeping  0[2]     0.00000 0.00000    265 1783     122  99       35       631       234      307       0       0       0.0   0         0         _fpsd                  N/A    N/A   N/A   N/A   N/A   N/A  
523   homed            0.0  00:00.99 2     1   138    4096K  72K   0B    523  1    sleeping  0[905]   0.00000 0.00000    501 8861     381  660      1188     18598     3775     7507      502     36      0.0   0         0         maxieds                N/A    N/A   N/A   N/A   N/A   N/A  
522   com.apple.siri.e 0.0  00:00.34 3     2   37     1960K  0B    0B    522  1    sleeping  0[3]     0.00000 0.00000    501 2711     190  298      84       3757      636      1109      4       0       0.0   0         0         maxieds                N/A    N/A   N/A   N/A   N/A   N/A  
521   akd              0.0  00:00.16 2     1   77     1660K  20K   0B    521  1    sleeping  0[4]     0.00000 0.00000    501 3779     235  349      126      2352      936      1452      7       22      0.0   0         0         maxieds                N/A    N/A   N/A   N/A   N/A   N/A  
520   iCloudNotificati 0.0  00:00.12 2     1   69     2900K  0B    0B    520  1    sleeping  0[1]     0.00000 0.00000    501 8440     256  357      160      2857      1006     826       12      14      0.0   0         0         maxieds                N/A    N/A   N/A   N/A   N/A   N/A  
518   assistantd       0.0  00:00.81 3     1   234    3832K  96K   0B    518  1    sleeping  0[4]     0.00000 0.00000    501 8141     573  1565     674      11465     2769     3299      203     15      0.0   0         0         maxieds                N/A    N/A   N/A   N/A   N/A   N/A  
517   corespotlightd   0.0  00:00.34 3     1   101    4020K  120K  0B    517  1    sleeping  0[3]     0.00000 0.00000    501 5756     297  1119     280      6404      2958     2806      44      61      0.0   0         0         maxieds                N/A    N/A   N/A   N/A   N/A   N/A  
516   networkservicepr 0.0  00:00.21 2     1   92     1844K  0B    0B    516  1    sleeping  0[3]     0.00000 0.00000    501 4863     238  656      246      3166      1413     665       37      11      0.0   0         0         maxieds                N/A    N/A   N/A   N/A   N/A   N/A  
515   SafeEjectGPUServ 0.0  00:00.03 2     1   57     1140K  0B    0B    515  1    sleeping  0[2]     0.00000 0.00000    501 1819     164  442      193      778       556      106       5       0       0.0   0         0         maxieds                N/A    N/A   N/A   N/A   N/A   N/A  
514   diagnosticextens 0.0  00:00.12 2     1   76     1336K  0B    0B    514  1    sleeping  0[2]     0.00000 0.00000    501 3366     189  290      109      1341      568      357       33      0       0.0   0         0         maxieds                N/A    N/A   N/A   N/A   N/A   N/A  
513   SafeEjectGPUAgen 0.0  00:00.01 2     1   34     868K   0B    0B    513  1    sleeping *0[2]     0.00000 0.00000    501 1159     130  125      46       585       294      68        0       0       0.0   0         0         maxieds                N/A    N/A   N/A   N/A   N/A   N/A  
511   commerce         0.0  00:00.10 2     1   33     1116K  0B    0B    511  1    sleeping  0[1]     0.00000 0.00000    501 3039     184  121      43       949       274      266       1       0       0.0   0         0         maxieds                N/A    N/A   N/A   N/A   N/A   N/A  
510   UsageTrackingAge 0.0  00:00.20 2     1   53     1596K  36K   0B    510  1    sleeping  0[0]     0.00000 0.00000    501 2576     173  569      146      2357      1955     1283      2       5       0.0   0         0         maxieds                N/A    N/A   N/A   N/A   N/A   N/A  
509   ndoagent         0.0  00:00.02 3     2   40     840K   0B    0B    509  1    sleeping  0[2]     0.00000 0.00000    501 1303     130  170      64       790       395      368       0       0       0.0   0         0         maxieds                N/A    N/A   N/A   N/A   N/A   N/A  
508   rtcreportingd    0.0  00:00.16 2     1   51     1468K  0B    0B    508  1    sleeping *0[1]     0.00000 0.00000    0   3405     192  563      341      2904      1118     780       1       21      0.0   0         0         root                   N/A    N/A   N/A   N/A   N/A   N/A  
507   neagent          0.0  00:00.09 2     1   47     1096K  0B    0B    507  1    sleeping *0[1]     0.00000 0.00000    501 3195     155  194      70       1165      591      299       0       0       0.0   0         0         maxieds                N/A    N/A   N/A   N/A   N/A   N/A  
506   CategoriesServic 0.0  00:00.14 2     1   41     1636K  0B    0B    506  1    sleeping  0[3]     0.00000 0.00000    501 2838     122  156      55       2324      2396     440       0       0       0.0   0         0         maxieds                N/A    N/A   N/A   N/A   N/A   N/A  
504   Keychain Circle  0.0  00:00.11 3     1   139    2820K  0B    0B    504  1    sleeping *0[1]     0.00000 0.00000    501 4629     289  868      399      2485      2647     1354      0       4       0.0   0         0         maxieds                N/A    N/A   N/A   N/A   N/A   N/A  
503   ProtectedCloudKe 0.0  00:00.12 2     1   52     1792K  8192B 0B    503  1    sleeping  0[41]    0.00000 0.00000    501 2761     162  285      180      2512      1157     763       5       25      0.0   0         0         maxieds                N/A    N/A   N/A   N/A   N/A   N/A  
502   cdpd             0.0  00:00.02 2     1   37     748K   0B    0B    502  1    sleeping  0[1]     0.00000 0.00000    501 1211     123  128      45       571       285      120       7       0       0.0   0         0         maxieds                N/A    N/A   N/A   N/A   N/A   N/A  
501   CategoriesServic 0.0  00:00.03 2     1   36     880K   0B    0B    501  1    sleeping  0[4]     0.00000 0.00000    501 1717     121  155      56       699       372      151       0       0       0.0   0         0         maxieds                N/A    N/A   N/A   N/A   N/A   N/A  
500   CategoriesServic 0.0  00:00.06 2     1   40     1156K  0B    0B    500  1    sleeping  0[4]     0.00000 0.00000    501 2183     127  161      58       1197      1426     262       0       0       0.0   0         0         maxieds                N/A    N/A   N/A   N/A   N/A   N/A  
499   CategoriesServic 0.0  00:00.57 2     1   41     2676K  0B    0B    499  1    sleeping  0[2]     0.00000 0.00000    501 5679     128  184      71       8059      7579     1777      0       0       0.0   0         0         maxieds                N/A    N/A   N/A   N/A   N/A   N/A  
497   ContextService   0.0  00:00.49 2     1   53     4364K  0B    0B    497  1    sleeping  0[10]    0.00000 0.00000    501 5180     715  249      118      2224      610      1766      1171    1       0.0   0         0         maxieds                N/A    N/A   N/A   N/A   N/A   N/A  
496   mediaremoteagent 0.0  00:00.01 2     1   31     728K   0B    0B    496  1    sleeping *1[1]     0.00000 0.00000    501 1059     124  107      46       635       244      116       0       1       0.0   0         0         maxieds                N/A    N/A   N/A   N/A   N/A   N/A  
495   APFSUserAgent    0.0  00:00.02 2     1   44     680K   0B    0B    495  1    sleeping  0[1]     0.00000 0.00000    501 1056     115  303      133      488       436      160       0       0       0.0   0         0         maxieds                N/A    N/A   N/A   N/A   N/A   N/A  
494   WirelessRadioMan 0.0  00:00.05 2     1   48     1272K  0B    0B    494  1    sleeping *0[1]     0.00000 0.00000    0   1946     199  170      82       993       333      396       4       1       0.0   0         0         root                   N/A    N/A   N/A   N/A   N/A   N/A  
492   CoreLocationAgen 0.0  00:00.11 3     1   155    2988K  0B    0B    492  1    sleeping *0[1]     0.00000 0.00000    501 4365     262  702      212      2239      1719     878       0       3       0.0   0         0         maxieds                N/A    N/A   N/A   N/A   N/A   N/A  
491   fmfd             0.0  00:00.17 2     1   73     1860K  0B    0B    491  1    sleeping  0[8]     0.00000 0.00000    501 4374     260  331      128      3315      941      915       2       14      0.0   0         0         maxieds                N/A    N/A   N/A   N/A   N/A   N/A  
490   com.apple.Ambien 0.0  00:00.13 4     1   78     1400K  0B    0B    490  1    sleeping *1[1]     0.00000 0.00000    0   1827     155  904      375      2599      1782     1346      1       4       0.0   0         0         root                   N/A    N/A   N/A   N/A   N/A   N/A  
489   com.apple.FaceTi 0.0  00:00.08 2     1   42     3860K  0B    0B    489  1    sleeping  0[4]     0.00000 0.00000    501 2629     154  143      54       1017      343      437       0       0       0.0   0         0         maxieds                N/A    N/A   N/A   N/A   N/A   N/A  
488   UIKitSystem      0.0  00:00.30 2     1   87     3908K  44K   0B    488  1    sleeping *0[38]    0.00000 0.00000    501 10934    299  1531     731      7141      2658     1928      47      78      0.0   0         0         maxieds                N/A    N/A   N/A   N/A   N/A   N/A  
486   familycircled    0.0  00:00.05 2     1   48     1116K  0B    0B    486  1    sleeping  0[11]    0.00000 0.00000    501 2031     154  238      75       1512      637      537       3       3       0.0   0         0         maxieds                N/A    N/A   N/A   N/A   N/A   N/A  
485   WiFiAgent        0.0  00:00.22 4     1   192    3124K  0B    0B    485  1    sleeping  0[16]    0.00000 0.00000    501 4772     280  2279     1045     4194      6008     2961      13      109     0.0   0         0         maxieds                N/A    N/A   N/A   N/A   N/A   N/A  
484   CarbonComponentS 0.0  00:00.18 2     1   40     1140K  0B    0B    484  1    sleeping  0[1]     0.00000 0.00000    501 2417     131  151      49       7004      545      481       0       0       0.0   0         0         maxieds                N/A    N/A   N/A   N/A   N/A   N/A  
483   ScreenTimeAgent  0.0  00:01.06 2     1   111    5060K  804K  0B    483  1    sleeping  0[106]   0.00000 0.00000    501 7797     356  792      361      20611     9676     4272      20      22      0.0   0         0         maxieds                N/A    N/A   N/A   N/A   N/A   N/A  
482   ScreenTimeWidget 0.0  00:01.47 4     3/1 92     5760K  0B    0B    482  1    sleeping *4[12]    0.00000 0.00000    501 14520    663  1456     665      12635     2628     2603      1008    8       0.0   0         0         maxieds                N/A    N/A   N/A   N/A   N/A   N/A  
481   StocksWidget     0.0  00:02.61 6     5/2 98     8128K  156K  0B    481  1    sleeping *4[19]    0.00000 0.00000    501 18618    843  2406     1351     22115     5462     7275      863     25      0.0   0         0         maxieds                N/A    N/A   N/A   N/A   N/A   N/A  
480   WeatherWidget    0.0  00:00.52 7     6/2 98     4320K  12K   0B    480  1    sleeping *3[7]     0.00000 0.00000    501 11357    533  435      155      3574      1134     1928      701     2       0.0   0         0         maxieds                N/A    N/A   N/A   N/A   N/A   N/A  
479   coreauthd        0.0  00:00.04 2     1   48     1276K  0B    0B    479  1    sleeping  0[4]     0.00000 0.00000    501 2007     175  922      442      955       938      255       6       0       0.0   0         0         maxieds                N/A    N/A   N/A   N/A   N/A   N/A  
478   ctkd             0.0  00:00.05 2     1   20     656K   0B    0B    478  1    sleeping  0[7]     0.00000 0.00000    259 1544     121  83       36       559       175      169       0       0       0.0   0         0         _ctkd                  N/A    N/A   N/A   N/A   N/A   N/A  
477   AudioComponentRe 0.0  00:00.07 2     1   50     912K   28K   0B    477  1    sleeping  0[2]     0.00000 0.00000    501 2202     129  151      58       1066      374      217       0       0       0.0   0         0         maxieds                N/A    N/A   N/A   N/A   N/A   N/A  
476   NewsToday2       0.0  00:01.54 8     7/2 103    8416K  12K   0B    476  1    sleeping *4[18]    0.00000 0.00000    501 20566    812  1683     859      12479     3444     4876      1101    16      0.0   0         0         maxieds                N/A    N/A   N/A   N/A   N/A   N/A  
475   WorldClockWidget 0.0  00:03.98 7     6/1 88     5720K  0B    0B    475  1    sleeping *4[6]     0.00000 0.00000    501 15626    643  1145     508      26024     1714     7331      761     0       0.0   0         0         maxieds                N/A    N/A   N/A   N/A   N/A   N/A  
474   CommCenter       0.0  00:00.95 5     1   142    3808K  0B    0B    474  1    sleeping *0[1]     0.00000 0.00000    501 10324    524  1190     589      14032     4959     5986      108     365     0.0   0         0         maxieds                N/A    N/A   N/A   N/A   N/A   N/A  
473   dmd              0.0  00:00.36 2     1   73     2488K  24K   0B    473  1    sleeping  0[10]    0.00000 0.00000    501 3806     235  315      166      5991      1529     1909      76      3       0.0   0         0         maxieds                N/A    N/A   N/A   N/A   N/A   N/A  
472   IMDPersistenceAg 0.0  00:00.23 2     1   75     2488K  60K   0B    472  1    sleeping  0[2]     0.00000 0.00000    501 4148     241  300      88       3117      825      1235      29      4       0.0   0         0         maxieds                N/A    N/A   N/A   N/A   N/A   N/A  
471   CoreServicesUIAg 0.0  00:00.11 3     1   147    3496K  0B    0B    471  1    sleeping *0[25]    0.00000 0.00000    501 4254     268  715      229      2073      1696     1003      8       1       0.0   0         0         maxieds                N/A    N/A   N/A   N/A   N/A   N/A  
470   systemsoundserve 0.0  00:00.33 3     1   115    2280K  160K  0B    470  1    sleeping *0[1]     0.00000 0.00000    0   5813     449  1914     631      4046      4124     3292      181     54      0.0   0         0         root                   N/A    N/A   N/A   N/A   N/A   N/A  
469   ctkd             0.0  00:00.10 3     2   47     1016K  0B    0B    469  1    sleeping  0[22]    0.00000 0.00000    501 2439     152  3814     1914     1192      2931     430       2       1       0.0   0         0         maxieds                N/A    N/A   N/A   N/A   N/A   N/A  
468   parsec-fbf       0.0  00:00.12 2     1   39     1112K  0B    0B    468  1    sleeping  0[0]     0.00000 0.00000    501 2572     192  168      58       1024      354      646       4       0       0.0   0         0         maxieds                N/A    N/A   N/A   N/A   N/A   N/A  
467   CallHistoryPlugi 0.0  00:00.12 2     1   66     2676K  0B    0B    467  1    sleeping  0[4]     0.00000 0.00000    501 3197     211  229      65       2242      602      534       1       2       0.0   0         0         maxieds                N/A    N/A   N/A   N/A   N/A   N/A  
466   ctkahp           0.0  00:00.07 2     1   51     748K   0B    0B    466  1    sleeping  0[5]     0.00000 0.00000    501 1877     124  176      59       1022      444      287       3       1       0.0   0         0         maxieds                N/A    N/A   N/A   N/A   N/A   N/A  
465   com.apple.quickl 0.0  00:00.61 3     1   84     1996K  128K  0B    465  1    sleeping  0[31]    0.00000 0.00000    501 7439     218  1595     836      12712     3630     3107      705     36      0.0   0         0         maxieds                N/A    N/A   N/A   N/A   N/A   N/A  
464   pbs              0.0  00:00.06 2     1   41     988K   0B    0B    464  1    sleeping  0[6]     0.00000 0.00000    501 1657     121  215      98       2043      471      372       0       2       0.0   0         0         maxieds                N/A    N/A   N/A   N/A   N/A   N/A  
463   triald           0.0  00:01.23 2     1   61     1456K  180K  0B    463  1    sleeping  0[5]     0.00000 0.00000    501 4103     182  672      335      14578     3518     3282      67      14      0.0   0         0         maxieds                N/A    N/A   N/A   N/A   N/A   N/A  
461   TextInputSwitche 0.0  00:00.18 3     1   168    5680K  0B    0B    461  1    sleeping *0[1]     0.00000 0.00000    501 5514     274  971      327      2390      2203     1177      1       2       0.0   0         0         maxieds                N/A    N/A   N/A   N/A   N/A   N/A  
460   avconferenced    0.0  00:00.21 2     1   63     5148K  0B    0B    460  1    sleeping *0[1]     0.00000 0.00000    501 4561     233  551      236      2053      726      810       102     0       0.0   0         0         maxieds                N/A    N/A   N/A   N/A   N/A   N/A  
459   callservicesd    0.0  00:00.69 3     1   313    5736K  0B    0B    459  1    sleeping *2[1]     0.00000 0.00000    501 9310     624  1754     667      8839      3798     4764      183     47      0.0   0         0         maxieds                N/A    N/A   N/A   N/A   N/A   N/A  
458   BiomeAgent       0.0  00:00.07 2     1   31     836K   0B    0B    458  1    sleeping  0[1]     0.00000 0.00000    501 1735     122  130      70       739       358      192       6       1       0.0   0         0         maxieds                N/A    N/A   N/A   N/A   N/A   N/A  
457   ctkahp           0.0  00:00.06 2     1   33     704K   0B    0B    457  1    sleeping  0[5]     0.00000 0.00000    0   1652     119  106      51       678       270      222       0       1       0.0   0         0         root                   N/A    N/A   N/A   N/A   N/A   N/A  
455   amsaccountsd     0.0  00:00.30 3     2   89     2280K  40K   0B    455  1    sleeping  0[1]     0.00000 0.00000    501 4704     288  645      157      7318      2021     3581      4       350     0.0   0         0         maxieds                N/A    N/A   N/A   N/A   N/A   N/A  
454   remindd          0.0  00:00.84 3     2   100    3940K  148K  0B    454  1    sleeping  0[6]     0.00000 0.00000    501 7868     462  481      219      13551     2007     7659      96      1254    0.0   0         0         maxieds                N/A    N/A   N/A   N/A   N/A   N/A  
453   TextInputMenuAge 0.0  00:00.32 3     1   176    10M    0B    0B    453  1    sleeping *0[229]   0.00000 0.00000    501 7441     308  2478     594      3574      6370     3023      8       2       0.0   0         0         maxieds                N/A    N/A   N/A   N/A   N/A   N/A  
452   diagnostics_agen 0.0  00:00.21 2     1   64     1464K  0B    0B    452  1    sleeping  0[0]     0.00000 0.00000    501 6149     176  270      249      4498      1367     1367      1       22      0.0   0         0         maxieds                N/A    N/A   N/A   N/A   N/A   N/A  
451   cloudpaird       0.0  00:00.22 3     2   100    1772K  0B    0B    451  1    sleeping  0[7]     0.00000 0.00000    501 5167     288  366      123      2850      831      1333      10      14      0.0   0         0         maxieds                N/A    N/A   N/A   N/A   N/A   N/A  
450   imagent          0.0  00:00.35 2     1   97     2008K  0B    0B    450  1    sleeping *0[1]     0.00000 0.00000    501 5351     291  572      199      4219      1603     2186      130     15      0.0   0         0         maxieds                N/A    N/A   N/A   N/A   N/A   N/A  
449   AirPlayUIAgent   0.0  00:00.09 3     1   147    3144K  0B    0B    449  1    sleeping *0[14]    0.00000 0.00000    501 3370     261  715      208      1744      1658     892       2       1       0.0   0         0         maxieds                N/A    N/A   N/A   N/A   N/A   N/A  
448   sharingd         0.0  00:00.60 3     1   219    6336K  84K   0B    448  1    sleeping *0[1]     0.00000 0.00000    501 14393    573  1491     570      8217      3281     3087      91      19      0.0   0         0         maxieds                N/A    N/A   N/A   N/A   N/A   N/A  
446   askpermissiond   0.0  00:00.22 3     2   67     2036K  20K   0B    446  1    sleeping  0[1]     0.00000 0.00000    501 4130     244  528      111      5975      1737     3178      1       347     0.0   0         0         maxieds                N/A    N/A   N/A   N/A   N/A   N/A  
445   icdd             0.0  00:00.10 2     1   62     1048K  0B    0B    445  1    sleeping *0[1]     0.00000 0.00000    501 2242     166  499      218      1267      716      503       2       1       0.0   0         0         maxieds                N/A    N/A   N/A   N/A   N/A   N/A  
443   imklaunchagent   0.0  00:00.06 2     1   85     1600K  0B    0B    443  1    sleeping *0[1]     0.00000 0.00000    501 2585     188  338      122      1611      842      522       9       2       0.0   0         0         maxieds                N/A    N/A   N/A   N/A   N/A   N/A  
440   ContextStoreAgen 0.0  00:00.40 2     1   75     2348K  256K  0B    440  1    sleeping  0[4]     0.00000 0.00000    501 5285     239  430      216      5518      1455     1913      2       26      0.0   0         0         maxieds                N/A    N/A   N/A   N/A   N/A   N/A  
439   corespeechd      0.0  00:00.31 3     1   138    1732K  0B    0B    439  1    sleeping *0[1]     0.00000 0.00000    501 3586     301  738      2095     11098     3888     3984      29      1       0.0   0         0         maxieds                N/A    N/A   N/A   N/A   N/A   N/A  
438   fileproviderd    0.0  00:00.33 2     1   74     1844K  0B    0B    438  1    sleeping  0[40]    0.00000 0.00000    501 4831     269  661      316      5453      1426     1770      40      26      0.0   0         0         maxieds                N/A    N/A   N/A   N/A   N/A   N/A  
437   com.apple.dock.e 0.0  00:00.68 3     1   168    10M    0B    0B    437  1    sleeping *0[14]    0.00000 0.00000    501 12205    372  1388     643      22515     2266     3122      1956    4       0.0   0         0         maxieds                N/A    N/A   N/A   N/A   N/A   N/A  
436   useractivityd    0.0  00:00.15 2     1   81     1268K  0B    0B    436  1    sleeping  0[100]   0.00000 0.00000    501 3094     186  220      181      2763      774      1250      8       60      0.0   0         0         maxieds                N/A    N/A   N/A   N/A   N/A   N/A  
435   fontworker       0.0  00:01.01 2     1   41     1012K  0B    0B    435  1    sleeping *0[1]     0.00000 0.00000    501 3754     137  190      75       20824     476      3393      228     1       0.0   0         0         maxieds                N/A    N/A   N/A   N/A   N/A   N/A  
434   CalNCService     0.0  00:00.37 2     1   110    4912K  0B    0B    434  1    sleeping  0[27]    0.00000 0.00000    501 5500     296  758      279      4747      1667     2134      11      4       0.0   0         0         maxieds                N/A    N/A   N/A   N/A   N/A   N/A  
433   identityservices 0.0  00:00.64 6     1   179    3288K  20K   0B    433  1    sleeping *0[1]     0.00000 0.00000    501 11472    468  1260     630      12538     5004     4618      77      36      0.0   0         0         maxieds                N/A    N/A   N/A   N/A   N/A   N/A  
432   fontd            0.0  00:00.36 2     1   61     2856K  128K  0B    432  1    sleeping  0[15]    0.00000 0.00000    501 3937     138  253      118      4970      2232     1759      1       5       0.0   0         0         maxieds                N/A    N/A   N/A   N/A   N/A   N/A  
431   bird             0.0  00:00.22 2     1   59     1096K  0B    0B    431  1    sleeping  0[14]    0.00000 0.00000    501 3334     171  795      373      2947      1112     1051      68      4       0.0   0         0         maxieds                N/A    N/A   N/A   N/A   N/A   N/A  
430   iconservicesagen 0.0  00:00.20 2     1   76     11M    0B    0B    430  1    sleeping  0[10]    0.00000 0.00000    501 6124     204  605      279      10532     898      923       214     3       0.0   0         0         maxieds                N/A    N/A   N/A   N/A   N/A   N/A  
429   com.apple.hiserv 0.0  00:00.34 2     1   56     704K   0B    0B    429  1    sleeping  0[15]    0.00000 0.00000    501 1129     117  235      4710     5853      497      6806      0       3       0.0   0         0         maxieds                N/A    N/A   N/A   N/A   N/A   N/A  
428   parsecd          0.0  00:00.31 2     1   75     2860K  8192B 0B    428  1    sleeping *7[1]     0.00000 0.00000    501 5631     396  455      174      4526      1089     1637      38      103     0.0   0         0         maxieds                N/A    N/A   N/A   N/A   N/A   N/A  
427   AMPDeviceDiscove 0.0  00:00.10 4     2   242    1796K  0B    0B    427  1    sleeping  0[1]     0.00000 0.00000    501 2674     283  1237     609      1607      1539     702       51      6       0.0   0         0         maxieds                N/A    N/A   N/A   N/A   N/A   N/A  
426   NotificationCent 0.0  00:02.06 4     2   264    20M    0B    0B    426  1    sleeping *0[334]   0.00000 0.00000    501 14487    724  3977     1543     17051     11842    11810     446     116     0.0   0         0         maxieds                N/A    N/A   N/A   N/A   N/A   N/A  
425   routined         0.0  00:00.64 2     1   102    4492K  276K  0B    425  1    sleeping  0[6]     0.00000 0.00000    501 6091     272  531      181      9023      3060     2672      122     35      0.0   0         0         maxieds                N/A    N/A   N/A   N/A   N/A   N/A  
422   sharedfilelistd  0.0  00:00.16 3     2   62     1380K  0B    0B    422  1    sleeping  0[28]    0.00000 0.00000    501 2980     174  438      188      3208      1051     745       4       3       0.0   0         0         maxieds                N/A    N/A   N/A   N/A   N/A   N/A  
421   automountd       0.0  00:00.03 5     2   28     816K   0B    0B    421  1    sleeping *0[1]     0.00000 0.00000    0   1544     242  118      72       1107      424      295       0       17      0.0   0         0         root                   N/A    N/A   N/A   N/A   N/A   N/A  
420   donotdisturbd    0.0  00:00.44 2     1   105    3324K  0B    0B    420  1    sleeping  0[9]     0.00000 0.00000    501 6286     295  433      159      5067      2314     2223      72      4       0.0   0         0         maxieds                N/A    N/A   N/A   N/A   N/A   N/A  
419   AppSSOAgent      0.0  00:00.17 3     1   161    6040K  0B    0B    419  1    sleeping *0[16]    0.00000 0.00000    501 5109     273  748      258      2246      1745     1215      13      1       0.0   0         0         maxieds                N/A    N/A   N/A   N/A   N/A   N/A  
418   contactsd        0.0  00:00.31 2     1   77     1676K  0B    0B    418  1    sleeping  0[123]   0.00000 0.00000    501 3354     178  1066     672      6709      3752     2724      1       9       0.0   0         0         maxieds                N/A    N/A   N/A   N/A   N/A   N/A  
417   cloudd           0.0  00:00.92 2     1   99     2820K  104K  0B    417  1    sleeping *6[2]     0.00000 0.00000    501 10359    257  2345     1234     21731     7812     6162      119     153     0.0   0         0         maxieds                N/A    N/A   N/A   N/A   N/A   N/A  
416   rapportd         0.0  00:00.23 2     1   117    1768K  0B    0B    416  1    sleeping *0[1]     0.00000 0.00000    501 4479     249  574      231      2714      1451     1449      127     7       0.0   0         0         maxieds                N/A    N/A   N/A   N/A   N/A   N/A  
415   distnoted        0.0  00:00.04 2     1   29     404K   0B    0B    415  1    sleeping *0[1]     0.00000 0.00000    55  1218     86   98       62       511       278      140       0       0       0.0   0         0         _appleevents           N/A    N/A   N/A   N/A   N/A   N/A  
414   Spotlight        0.0  00:01.01 4     1   205    9684K  20K   0B    414  1    sleeping *0[52]    0.00000 0.00000    501 12970    484  2363     903      9091      6310     5834      389     91      0.0   0         0         maxieds                N/A    N/A   N/A   N/A   N/A   N/A  
413   CalendarAgent    0.0  00:01.03 2     1   137    6568K  332K  0B    413  1    sleeping *1[26]    0.00000 0.00000    501 9405     324  815      424      15360     3178     4743      185     16      0.0   0         0         maxieds                N/A    N/A   N/A   N/A   N/A   N/A  
412   usernoted        0.0  00:00.53 2     1   139    2132K  60K   0B    412  1    sleeping *0[1]     0.00000 0.00000    501 4912     236  542      414      8398      1738     2184      13      4       0.0   0         0         maxieds                N/A    N/A   N/A   N/A   N/A   N/A  
411   accountsd        0.0  00:00.59 2     1   52     1740K  104K  0B    411  1    sleeping  0[382]   0.00000 0.00000    501 2873     148  1290     1317     12143     6384     3740      114     28      0.0   0         0         maxieds                N/A    N/A   N/A   N/A   N/A   N/A  
410   containermanager 0.0  00:00.36 2     1   40     2952K  0B    0B    410  1    sleeping  0[166]   0.00000 0.00000    501 3996     164  922      605      6433      2290     2856      0       1       0.0   0         0         maxieds                N/A    N/A   N/A   N/A   N/A   N/A  
409   siriactionsd     0.0  00:00.47 2     1   98     2372K  64K   0B    409  1    sleeping  0[8]     0.00000 0.00000    501 6122     286  572      236      5425      2063     2374      215     19      0.0   0         0         maxieds                N/A    N/A   N/A   N/A   N/A   N/A  
408   filecoordination 0.0  00:00.16 2     1   60     1140K  0B    0B    408  1    sleeping *0[1]     0.00000 0.00000    0   2593     146  815      567      3960      2218     1225      3       16      0.0   0         0         root                   N/A    N/A   N/A   N/A   N/A   N/A  
407   syncdefaultsd    0.0  00:00.24 2     1   74     2908K  128K  0B    407  1    sleeping  0[17]    0.00000 0.00000    501 3755     215  590      320      5079      1714     1484      38      14      0.0   0         0         maxieds                N/A    N/A   N/A   N/A   N/A   N/A  
406   secinitd         0.0  00:00.22 2     1   37     1004K  0B    0B    406  1    sleeping  0[3]     0.00000 0.00000    501 2641     129  606      265      5747      1229     673       0       2       0.0   0         0         maxieds                N/A    N/A   N/A   N/A   N/A   N/A  
405   pkd              0.0  00:00.82 2     1   77     2100K  0B    0B    405  1    sleeping  0[26]    0.00000 0.00000    501 5480     165  1680     384      12155     3942     3795      0       30      0.0   0         0         maxieds                N/A    N/A   N/A   N/A   N/A   N/A  
404   QuickLookUIServi 0.0  00:00.11 3     1   146    2928K  0B    0B    404  1    sleeping  0[37]    0.00000 0.00000    501 4203     284  797      226      2175      1920     925       11      4       0.0   0         0         maxieds                N/A    N/A   N/A   N/A   N/A   N/A  
403   CloudKeychainPro 0.0  00:00.04 2     1   51     1148K  0B    0B    403  1    sleeping  0[1]     0.00000 0.00000    501 2031     150  182      71       990       402      269       6       0       0.0   0         0         maxieds                N/A    N/A   N/A   N/A   N/A   N/A  
401   pboard           0.0  00:00.11 2     1   57     668K   0B    0B    401  1    sleeping *0[1]     0.00000 0.00000    501 2286     115  510      414      3301      1396     1071      29      10      0.0   0         0         maxieds                N/A    N/A   N/A   N/A   N/A   N/A  
400   trustd           0.0  00:01.61 2     1   91     2896K  252K  0B    400  1    sleeping  0[229]   0.00000 0.00000    501 4507     187  844      723      20182     7802     4353      0       49      0.0   0         0         maxieds                N/A    N/A   N/A   N/A   N/A   N/A  
399   backgroundtaskma 0.0  00:00.04 2     1   50     1020K  0B    0B    399  1    sleeping  0[3]     0.00000 0.00000    501 1653     138  171      56       960       372      289       0       0       0.0   0         0         maxieds                N/A    N/A   N/A   N/A   N/A   N/A  
398   ViewBridgeAuxili 0.0  00:00.80 2     1   169    2060K  0B    0B    398  1    sleeping  0[4713]  0.00000 0.00000    501 2907     181  14432    5051     11637     43229    15292     0       23      0.0   0         0         maxieds                N/A    N/A   N/A   N/A   N/A   N/A  
397   itunescloudd     0.0  00:00.33 2     1   93     2392K  0B    0B    397  1    sleeping *1[1]     0.00000 0.00000    501 5472     285  878      247      3589      1635     2305      239     59      0.0   0         0         maxieds                N/A    N/A   N/A   N/A   N/A   N/A  
396   tccd             0.0  00:01.18 2     1   53     1292K  28K   0B    396  1    sleeping  0[165]   0.00000 0.00000    501 4506     164  1588     1498     43060     7145     4292      0       28      0.0   0         0         maxieds                N/A    N/A   N/A   N/A   N/A   N/A  
395   secd             0.0  00:00.38 2     1   129    2956K  340K  0B    395  1    sleeping *0[1]     0.00000 0.00000    501 4661     309  942      524      6903      2670     1951      63      22      0.0   0         0         maxieds                N/A    N/A   N/A   N/A   N/A   N/A  
394   csnameddatad     0.0  00:00.01 2     1   41     624K   0B    0B    394  1    sleeping  0[17]    0.00000 0.00000    501 811      104  137      72       544       293      93        0       1       0.0   0         0         maxieds                N/A    N/A   N/A   N/A   N/A   N/A  
391   Finder           0.0  00:12.87 4     2   307    25M    268K  0B    391  1    sleeping *0[129]   0.00000 0.00000    501 129698   877  26618    33922    133576    177812   68074     1022    294     0.0   0         0         maxieds                N/A    N/A   N/A   N/A   N/A   N/A  
390   lsd              0.0  00:00.64 2     1   278    1540K  0B    0B    390  1    sleeping  0[608]   0.00000 0.00000    501 9074     205  3229     2310     15420     8097     5474      1444    46      0.0   0         0         maxieds                N/A    N/A   N/A   N/A   N/A   N/A  
389   SystemUIServer   0.0  00:00.82 4     2   238    9552K  64K   0B    389  1    sleeping *0[101]   0.00000 0.00000    501 10813    435  5249     1978     22514     7937     4969      810     48      0.0   0         0         maxieds                N/A    N/A   N/A   N/A   N/A   N/A  
388   ControlCenter    0.0  00:07.14 4     1   481    33M    0B    0B    388  1    sleeping *0[266]   0.00000 0.00000    501 25969    968  27869    6045     25602     59633    31050     1002    1016    0.0   0         0         maxieds                N/A    N/A   N/A   N/A   N/A   N/A  
387   talagent         0.0  00:00.13 2     1   127    2932K  0B    0B    387  1    sleeping *0[1]     0.00000 0.00000    501 3989     266  911      388      2589      2357     1429      2       2       0.0   0         0         maxieds                N/A    N/A   N/A   N/A   N/A   N/A  
386   Dock             0.0  00:02.07 3     1   287    30M    3144K 0B    386  1    sleeping *1[178]   0.00000 0.00000    501 55693    495  5745     1103     17286     14685    14595     7121    106     0.0   0         0         maxieds                N/A    N/A   N/A   N/A   N/A   N/A  
385   knowledge-agent  0.0  00:01.30 2     1   125    5948K  500K  0B    385  1    sleeping  0[60]    0.00000 0.00000    501 10862    351  874      487      25791     5228     4866      17      34      0.0   0         0         maxieds                N/A    N/A   N/A   N/A   N/A   N/A  
384   universalaccessd 0.0  00:00.29 3     1   190    3104K  0B    0B    384  1    sleeping *1[35]    0.00000 0.00000    501 4033     256  3518     1261     6611      7970     6604      17      70      0.0   0         0         maxieds                N/A    N/A   N/A   N/A   N/A   N/A  
382   gamecontrollerd  0.0  00:00.28 3     2   59     1068K  0B    0B    382  1    sleeping  0[3]     0.00000 0.00000    247 2772     156  1186     199      8410      3851     5865      13      503     0.0   0         0         _gamecontrollerd       N/A    N/A   N/A   N/A   N/A   N/A  
381   UserEventAgent   0.0  00:00.66 2     1   370    2432K  0B    0B    381  1    sleeping *0[1]     0.00000 0.00000    501 5545     243  4450     2433     15309     6724     4224      5       24      0.0   0         0         maxieds                N/A    N/A   N/A   N/A   N/A   N/A  
380   securityd_servic 0.0  00:00.11 2     1   27     568K   0B    0B    380  1    sleeping *0[1]     0.00000 0.00000    0   1334     105  126      55       430       210      145       0       0       0.0   0         0         root                   N/A    N/A   N/A   N/A   N/A   N/A  
379   cfprefsd         0.0  00:03.70 2     1   311    756K   344K  0B    379  1    sleeping  0[1169]  0.00000 0.00000    501 4344     89   5794     6510     110947    20661    23380     0       133     0.0   0         0         maxieds                N/A    N/A   N/A   N/A   N/A   N/A  
378   distnoted        0.0  00:00.72 2     1   238    648K   0B    0B    378  1    sleeping *0[1]     0.00000 0.00000    501 1519     87   1398     5133     35330     11650    6181      0       0       0.0   0         0         maxieds                N/A    N/A   N/A   N/A   N/A   N/A  
376   coreauthd        0.0  00:00.06 2     1   41     1216K  0B    0B    376  1    sleeping  0[6]     0.00000 0.00000    0   1931     167  903      449      924       853      309       26      0       0.0   0         0         root                   N/A    N/A   N/A   N/A   N/A   N/A  
372   systemstats      0.0  00:00.05 3     1   123    1352K  0B    0B    108  108  sleeping  0[0]     0.00000 0.00000    0   1487     187  813      456      1200      1149     831       0       10      0.0   0         0         root                   N/A    N/A   N/A   N/A   N/A   N/A  
371   AppleCameraAssis 0.0  00:00.04 4     1   72     804K   0B    0B    371  1    sleeping *0[1]     0.00000 0.00000    262 1070     130  999      401      1164      1703     492       2       0       0.0   0         0         _cmiodalassistants     N/A    N/A   N/A   N/A   N/A   N/A  
370   GSSCred          0.0  00:00.04 3     2   37     884K   0B    0B    370  1    sleeping *0[1]     0.00000 0.00000    0   2152     141  112      55       1048      275      164       1       1       0.0   0         0         root                   N/A    N/A   N/A   N/A   N/A   N/A  
367   sysmond          0.0  00:00.99 2     1   17     580K   0B    0B    367  1    sleeping  0[18]    0.00000 0.00000    0   1163     105  62396    38061    60100     60487    15671     2       12      0.0   0         0         root                   N/A    N/A   N/A   N/A   N/A   N/A  
366   com.apple.hiserv 0.0  00:00.32 2     1   39     676K   0B    0B    366  1    sleeping  0[2]     0.00000 0.00000    0   1019     117  161      4680     5409      310      6988      0       2       0.0   0         0         root                   N/A    N/A   N/A   N/A   N/A   N/A  
365   symptomsd-diag   0.0  00:00.12 3     2   44     1320K  0B    0B    365  1    sleeping  0[0]     0.00000 0.00000    0   2530     167  127      48       1350      296      767       45      1       0.0   0         0         root                   N/A    N/A   N/A   N/A   N/A   N/A  
364   com.apple.Accoun 0.0  00:00.01 2     1   20     740K   0B    0B    364  1    sleeping  0[18]    0.00000 0.00000    0   961      107  129      105      865       422      150       1       4       0.0   0         0         root                   N/A    N/A   N/A   N/A   N/A   N/A  
362   bootinstalld     0.0  00:00.03 2     1   30     856K   0B    0B    362  1    sleeping  0[1]     0.00000 0.00000    0   2096     149  84       34       793       177      33        1       0       0.0   0         0         root                   N/A    N/A   N/A   N/A   N/A   N/A  
361   ViewBridgeAuxili 0.0  00:00.71 2     1   68     1748K  0B    0B    361  1    sleeping  0[4607]  0.00000 0.00000    0   2479     171  14192    4766     10408     42248    12736     0       15      0.0   0         0         root                   N/A    N/A   N/A   N/A   N/A   N/A  
360   locationd        0.0  00:00.48 3     1   166    2796K  44K   0B    360  1    sleeping  0[25]    0.00000 0.00000    205 4690     332  1407     362      12920     7628     6406      0       508     0.0   0         0         _locationd             N/A    N/A   N/A   N/A   N/A   N/A  
358   wifianalyticsd   0.0  00:00.13 5     4   59     1712K  0B    0B    358  1    sleeping  0[9]     0.00000 0.00000    0   3309     217  235      117      1770      664      743       5       0       0.0   0         0         root                   N/A    N/A   N/A   N/A   N/A   N/A  
357   appleeventsd     0.0  00:00.12 2     1   95     704K   0B    0B    357  1    sleeping  0[30]    0.00000 0.00000    55  2160     131  847      432      2644      2073     1189      0       17      0.0   0         0         _appleevents           N/A    N/A   N/A   N/A   N/A   N/A  
356   colorsyncd       0.0  00:00.05 2     1   30     672K   0B    0B    356  1    sleeping  0[37]    0.00000 0.00000    0   1619     116  113      73       1071      276      373       0       0       0.0   0         0         root                   N/A    N/A   N/A   N/A   N/A   N/A  
355   colorsync.displa 0.0  00:00.05 2     1   43     928K   0B    0B    355  1    sleeping  0[7]     0.00000 0.00000    0   1194     120  210      56       1334      543      1197      1       0       0.0   0         0         root                   N/A    N/A   N/A   N/A   N/A   N/A  
352   WiFiCloudAssetsX 0.0  00:00.02 2     1   25     996K   0B    0B    352  1    sleeping  0[1]     0.00000 0.00000    0   1729     155  96       45       748       198      190       0       0       0.0   0         0         root                   N/A    N/A   N/A   N/A   N/A   N/A  
351   secinitd         0.0  00:00.07 2     1   35     912K   0B    0B    351  1    sleeping  0[2]     0.00000 0.00000    0   1869     128  151      66       1192      320      181       0       0       0.0   0         0         root                   N/A    N/A   N/A   N/A   N/A   N/A  
350   distnoted        0.0  00:00.05 2     1   29     420K   0B    0B    350  1    sleeping *0[1]     0.00000 0.00000    88  1224     86   98       74       571       302      117       0       0       0.0   0         0         _windowserver          N/A    N/A   N/A   N/A   N/A   N/A  
348   hidd             0.0  00:00.03 2     1   30     660K   0B    0B    348  1    sleeping *0[1]     0.00000 0.00000    261 844      105  576      417      1727      2156     822       0       0       0.0   0         0         _hidd                  N/A    N/A   N/A   N/A   N/A   N/A  
347   BlueTool         0.0  00:00.02 2     1   31     704K   0B    0B    347  1    sleeping  0[3]     0.00000 0.00000    0   934      114  122      71       508       272      86        1       0       0.0   0         0         root                   N/A    N/A   N/A   N/A   N/A   N/A  
336   distnoted        0.0  00:00.04 2     1   29     412K   0B    0B    336  1    sleeping *0[1]     0.00000 0.00000    278 1216     86   99       74       572       302      172       0       0       0.0   0         0         _accessoryupdater      N/A    N/A   N/A   N/A   N/A   N/A  
334   siriinferenced   0.0  00:00.08 2     1   33     1196K  0B    0B    334  1    sleeping  0[2]     0.00000 0.00000    0   2588     192  98       49       903       204      381       162     3       0.0   0         0         root                   N/A    N/A   N/A   N/A   N/A   N/A  
333   com.apple.Mobile 0.0  00:00.17 2     1   34     944K   0B    0B    333  1    sleeping  0[0]     0.00000 0.00000    0   1519     163  6349     3165     1301      5309     434       3       6       0.0   0         0         root                   N/A    N/A   N/A   N/A   N/A   N/A  
332   UVCAssistant     0.0  00:00.07 2     1   59     1268K  0B    0B    332  1    sleeping *0[1]     0.00000 0.00000    262 2220     154  248      108      1209      553      326       23      2       0.0   0         0         _cmiodalassistants     N/A    N/A   N/A   N/A   N/A   N/A  
331   XProtectPluginSe 0.0  00:01.26 2     1   37     1156K  0B    0B    331  1    sleeping  0[0]     0.00000 0.00000    0   15064    165  369      130      33702     27684    4570      30      13      0.0   0         0         root                   N/A    N/A   N/A   N/A   N/A   N/A  
330   distnoted        0.0  00:00.02 2     1   29     412K   0B    0B    330  1    sleeping *0[1]     0.00000 0.00000    262 1208     86   99       75       577       302      81        0       0       0.0   0         0         _cmiodalassistants     N/A    N/A   N/A   N/A   N/A   N/A  
329   sysextd          0.0  00:00.09 2     1   33     1064K  0B    0B    329  1    sleeping  0[0]     0.00000 0.00000    0   2174     187  110      49       889       271      138       4       2       0.0   0         0         root                   N/A    N/A   N/A   N/A   N/A   N/A  
327   distnoted        0.0  00:00.05 2     1   30     404K   0B    0B    327  1    sleeping *0[1]     0.00000 0.00000    89  1219     87   130      150      912       465      184       0       0       0.0   0         0         _spotlight             N/A    N/A   N/A   N/A   N/A   N/A  
319   thermald         0.0  00:00.02 2     1   33     664K   0B    0B    319  1    sleeping *0[1]     0.00000 0.00000    0   1015     121  166      59       785       249      193       3       0       0.0   0         0         root                   N/A    N/A   N/A   N/A   N/A   N/A  
318   com.apple.AppleU 0.0  00:00.25 2     1   138    716K   0B    0B    318  1    sleeping  0[1]     0.00000 0.00000    270 3534     57   3511     2212     2150      4289     1849      35      0       0.0   0         0         _driverkit             N/A    N/A   N/A   N/A   N/A   N/A  
313   distnoted        0.0  00:00.05 2     1   29     412K   0B    0B    313  1    sleeping *0[1]     0.00000 0.00000    242 1206     86   98       77       585       305      137       0       0       0.0   0         0         _nsurlsessiond         N/A    N/A   N/A   N/A   N/A   N/A  
311   FindMyMacd       0.0  00:00.01 2     1   29     600K   0B    0B    311  1    sleeping *0[1]     0.00000 0.00000    0   822      119  92       43       463       166      77        0       0       0.0   0         0         root                   N/A    N/A   N/A   N/A   N/A   N/A  
310   suhelperd        0.0  00:00.03 2     1   33     896K   0B    0B    310  1    sleeping  0[5]     0.00000 0.00000    0   1553     156  101      47       718       237      246       0       0       0.0   0         0         root                   N/A    N/A   N/A   N/A   N/A   N/A  
309   distnoted        0.0  00:00.05 2     1   29     412K   0B    0B    309  1    sleeping *0[1]     0.00000 0.00000    200 1215     86   98       79       592       311      315       0       0       0.0   0         0         _softwareupdate        N/A    N/A   N/A   N/A   N/A   N/A  
308   com.apple.audio. 0.0  00:00.02 2     1   20     616K   0B    0B    308  1    sleeping  0[5]     0.00000 0.00000    202 784      102  117      59       583       249      76        0       0       0.0   0         0         _coreaudiod            N/A    N/A   N/A   N/A   N/A   N/A  
306   com.apple.audio. 0.0  00:00.07 2     1   23     3320K  0B    0B    306  1    sleeping  0[2]     0.00000 0.00000    202 1800     128  108      44       661       228      83        0       0       0.0   0         0         _coreaudiod            N/A    N/A   N/A   N/A   N/A   N/A  
305   AudioComponentRe 0.0  00:00.10 2     1   34     812K   24K   0B    305  1    sleeping  0[6]     0.00000 0.00000    0   2040     125  144      78       974       407      202       10      0       0.0   0         0         root                   N/A    N/A   N/A   N/A   N/A   N/A  
304   socketfilterfw   0.0  00:00.24 3     1   50     1080K  0B    0B    304  1    sleeping *0[1]     0.00000 0.00000    0   2222     131  203      70       6633      910      885       0       1       0.0   0         0         root                   N/A    N/A   N/A   N/A   N/A   N/A  
302   ReportCrash      0.0  00:00.02 3     1   31     796K   0B    0B    302  1    sleeping *0[1]     0.00000 0.00000    0   1240     142  98       45       535       232      130       8       1       0.0   0         0         root                   N/A    N/A   N/A   N/A   N/A   N/A  
301   softwareupdated  0.0  00:00.63 2     1   84     2436K  0B    0B    301  1    sleeping  0[20]    0.00000 0.00000    200 5175     267  387      159      3989      893      2897      340     0       0.0   0         0         _softwareupdate        N/A    N/A   N/A   N/A   N/A   N/A  
300   osanalyticshelpe 0.0  00:00.05 2     1   37     1008K  0B    0B    300  1    sleeping  0[2]     0.00000 0.00000    0   1342     142  154      82       1471      441      417       6       1       0.0   0         0         root                   N/A    N/A   N/A   N/A   N/A   N/A  
273   searchpartyd     0.0  00:00.26 2     1   50     1840K  0B    0B    273  1    sleeping  0[6]     0.00000 0.00000    0   3864     302  201      82       1873      559      1340      61      1       0.0   0         0         root                   N/A    N/A   N/A   N/A   N/A   N/A  
272   backupd-helper   0.0  00:00.03 3     2   61     892K   0B    0B    272  1    sleeping  0[0]     0.00000 0.00000    0   1273     139  180      84       829       407      268       1       4       0.0   0         0         root                   N/A    N/A   N/A   N/A   N/A   N/A  
262   containermanager 0.0  00:00.09 2     1   38     968K   0B    0B    262  1    sleeping  0[4]     0.00000 0.00000    205 2067     162  152      63       1027      344      308       0       0       0.0   0         0         _locationd             N/A    N/A   N/A   N/A   N/A   N/A  
258   systemstatusd    0.0  00:00.06 2     1   40     684K   0B    0B    258  1    sleeping  0[5]     0.00000 0.00000    0   1697     122  91       52       779       204      294       5       1       0.0   0         0         root                   N/A    N/A   N/A   N/A   N/A   N/A  
256   trustd           0.0  00:00.12 2     1   36     2260K  0B    0B    256  1    sleeping  0[1]     0.00000 0.00000    205 2622     154  175      64       3116      478      411       0       2       0.0   0         0         _locationd             N/A    N/A   N/A   N/A   N/A   N/A  
255   cfprefsd         0.0  00:00.02 2     1   34     516K   0B    0B    255  1    sleeping  0[19]    0.00000 0.00000    205 670      88   140      66       654       367      118       0       0       0.0   0         0         _locationd             N/A    N/A   N/A   N/A   N/A   N/A  
254   VDCAssistant     0.0  00:00.10 2     1   53     1340K  0B    0B    254  1    sleeping *0[1]     0.00000 0.00000    262 2070     145  342      141      932       686      475       25      4       0.0   0         0         _cmiodalassistants     N/A    N/A   N/A   N/A   N/A   N/A  
253   usbd             0.0  00:00.05 2     1   48     800K   0B    0B    253  1    sleeping  0[0]     0.00000 0.00000    0   1887     129  380      226      722       721      217       0       0       0.0   0         0         root                   N/A    N/A   N/A   N/A   N/A   N/A  
252   secinitd         0.0  00:00.08 2     1   36     864K   0B    0B    252  1    sleeping  0[1]     0.00000 0.00000    205 1926     129  157      58       953       346      270       3       0       0.0   0         0         _locationd             N/A    N/A   N/A   N/A   N/A   N/A  
251   apfsd            0.0  00:00.04 2     1   43     644K   0B    0B    251  1    sleeping *0[1]     0.00000 0.00000    0   975      111  1043     453      402       1159     339       0       1       0.0   0         0         root                   N/A    N/A   N/A   N/A   N/A   N/A  
250   com.apple.ifdrea 0.0  00:00.03 2     1   32     780K   0B    0B    250  1    sleeping  0[2]     0.00000 0.00000    0   1014     114  122      60       480       213      89        0       0       0.0   0         0         root                   N/A    N/A   N/A   N/A   N/A   N/A  
249   com.apple.geod   0.0  00:00.65 2     1   64     3408K  32K   0B    249  1    sleeping *2[1]     0.00000 0.00000    205 4854     248  393      1074     15419     2990     6030      246     11      0.0   0         0         _locationd             N/A    N/A   N/A   N/A   N/A   N/A  
248   distnoted        0.0  00:00.05 2     1   32     404K   0B    0B    248  1    sleeping *0[1]     0.00000 0.00000    205 1238     87   100      82       649       318      303       0       0       0.0   0         0         _locationd             N/A    N/A   N/A   N/A   N/A   N/A  
247   amfid            0.0  00:00.04 2     1   38     1076K  0B    0B    247  1    sleeping *0[1]     0.00000 0.00000    0   1390     115  111      59       820       300      186       1       0       0.0   0         0         root                   N/A    N/A   N/A   N/A   N/A   N/A  
246   com.apple.audio. 0.0  00:00.41 3     1   357    880K   0B    0B    246  1    sleeping  0[2189]  0.00000 0.00000    202 1276     124  3380     3087     14761     9521     4863      0       0       0.0   0         0         _coreaudiod            N/A    N/A   N/A   N/A   N/A   N/A  
242   distnoted        0.0  00:00.05 2     1   29     412K   0B    0B    242  1    sleeping *0[1]     0.00000 0.00000    202 1203     86   98       79       594       309      260       0       0       0.0   0         0         _coreaudiod            N/A    N/A   N/A   N/A   N/A   N/A  
240   csnameddatad     0.0  00:00.01 2     1   23     564K   0B    0B    240  1    sleeping  0[2]     0.00000 0.00000    0   755      104  98       42       432       197      67        0       0       0.0   0         0         root                   N/A    N/A   N/A   N/A   N/A   N/A  
239   nsurlsessiond    0.0  00:00.87 5     4   83     1884K  0B    0B    239  1    stuck    *23[3]    0.00000 0.00000    242 5662     244  359      1091     21128     1974     7858      71      476     0.0   0         0         _nsurlsessiond         N/A    N/A   N/A   N/A   N/A   N/A  
237   awdd             0.0  00:00.15 2     1   77     1112K  24K   0B    237  1    sleeping  0[20]    0.00000 0.00000    0   1816     146  245      128      2913      694      1090      17      1       0.0   0         0         root                   N/A    N/A   N/A   N/A   N/A   N/A  
236   mobileassetd     0.0  00:05.38 2     1   84     1476K  0B    0B    236  1    sleeping  0[17]    0.00000 0.00000    0   34105    213  8305     295      39260     9195     14970     32      995     0.0   0         0         root                   N/A    N/A   N/A   N/A   N/A   N/A  
235   backupd          0.0  00:00.19 3     2   48     1204K  0B    0B    235  1    sleeping *0[1]     0.00000 0.00000    0   2007     216  137      87       1006      351      1060      41      5       0.0   0         0         root                   N/A    N/A   N/A   N/A   N/A   N/A  
231   lsd              0.0  00:00.28 3     2   78     1116K  0B    0B    231  1    sleeping  0[56]    0.00000 0.00000    0   5318     146  592      413      4198      1450     1770      1849    8       0.0   0         0         root                   N/A    N/A   N/A   N/A   N/A   N/A  
223   analyticsd       0.0  00:03.19 2     1   291    2128K  3712K 0B    223  1    sleeping *22[3]    0.00000 0.00000    263 9403     167  6073     3961     54545     20464    14780     67      74      0.0   0         0         _analyticsd            N/A    N/A   N/A   N/A   N/A   N/A  
222   com.apple.CodeSi 0.0  00:00.17 2     1   20     620K   0B    0B    222  1    sleeping  0[66]    0.00000 0.00000    0   1976     111  275      298      7532      911      825       0       8       0.0   0         0         root                   N/A    N/A   N/A   N/A   N/A   N/A  
219   findmydeviced    0.0  00:00.15 2     1   62     1588K  0B    0B    219  1    sleeping  0[2]     0.00000 0.00000    0   2786     250  269      110      1660      673      1087      92      13      0.0   0         0         root                   N/A    N/A   N/A   N/A   N/A   N/A  
218   mDNSResponder    0.0  00:00.37 3     1   124    1176K  0B    0B    218  1    sleeping *0[1]     0.00000 0.00000    65  2638     159  1341     694      12001     3339     4436      22      87      0.0   0         0         _mdnsresponder         N/A    N/A   N/A   N/A   N/A   N/A  
216   symptomsd        0.0  00:00.33 2     1   77     2252K  128K  0B    216  1    sleeping  0[52]    0.00000 0.00000    24  3417     199  392      196      5744      1286     2096      110     13      0.0   0         0         _networkd              N/A    N/A   N/A   N/A   N/A   N/A  
215   nehelper         0.0  00:00.73 2     1   75     1356K  0B    0B    215  1    sleeping  0[44]    0.00000 0.00000    0   3342     152  344      157      3994      787      1783      37      7       0.0   0         0         root                   N/A    N/A   N/A   N/A   N/A   N/A  
214   PowerUIAgent     0.0  00:00.08 2     1   36     832K   0B    0B    214  1    sleeping *0[1]     0.00000 0.00000    0   1602     137  115      69       795       264      399       96      0       0.0   0         0         root                   N/A    N/A   N/A   N/A   N/A   N/A  
213   contextstored    0.0  00:01.56 3     2   107    2512K  404K  0B    213  1    sleeping  0[316]   0.00000 0.00000    0   9398     217  3763     2564     29526     13784    14567     265     535     0.0   0         0         root                   N/A    N/A   N/A   N/A   N/A   N/A  
212   PlugInLibrarySer 0.0  00:00.01 2     1   22     604K   0B    0B    212  1    sleeping  0[3]     0.00000 0.00000    0   728      103  85       41       395       161      70        0       0       0.0   0         0         root                   N/A    N/A   N/A   N/A   N/A   N/A  
211   containermanager 0.0  00:00.13 2     1   34     976K   0B    0B    211  1    sleeping  0[21]    0.00000 0.00000    0   2100     157  153      91       1417      426      628       5       1       0.0   0         0         root                   N/A    N/A   N/A   N/A   N/A   N/A  
209   diskmanagementd  0.0  00:00.05 3     1   45     1012K  0B    0B    209  1    sleeping *0[1]     0.00000 0.00000    0   1216     197  274      86       811       975      428       6       3       0.0   0         0         root                   N/A    N/A   N/A   N/A   N/A   N/A  
202   coreaudiod       0.0  00:01.90 5     1   483    8688K  0B    0B    202  1    sleeping *0[1]     0.00000 0.00000    202 10345    296  27562    22808    83773     99895    37633     141     129     0.0   0         0         _coreaudiod            N/A    N/A   N/A   N/A   N/A   N/A  
189   airportd         0.0  00:00.99 6     4   190    2540K  0B    0B    189  1    sleeping *4[1]     0.00000 0.00000    0   4997     262  4748     2402     12642     4835     6217      184     105     0.0   0         0         root                   N/A    N/A   N/A   N/A   N/A   N/A  
182   distnoted        0.0  00:00.06 2     1   35     420K   0B    0B    182  1    sleeping *0[1]     0.00000 0.00000    0   1232     87   99       86       669       317      328       0       0       0.0   0         0         root                   N/A    N/A   N/A   N/A   N/A   N/A  
180   authd            0.0  00:00.24 3     2   54     980K   0B    0B    180  1    sleeping  0[60]    0.00000 0.00000    0   2137     142  396      210      6385      1569     1286      1       2       0.0   0         0         root                   N/A    N/A   N/A   N/A   N/A   N/A  
176   coreservicesd    0.0  00:00.57 4     1   222    2224K  0B    0B    176  1    sleeping *0[1]     0.00000 0.00000    0   2485     113  20465    9292     13353     37984    5813      1       15      0.0   0         0         root                   N/A    N/A   N/A   N/A   N/A   N/A  
175   runningboardd    0.0  00:02.97 5     4   225    1848K  0B    0B    175  1    sleeping *4[1]     0.00000 0.00000    0   9871     153  3898     3972     82382     13590    33187     96      567     0.0   0         0         root                   N/A    N/A   N/A   N/A   N/A   N/A  
173   syspolicyd       0.0  00:03.73 2     1   77     50M    724K  0B    173  1    sleeping *0[1]     0.00000 0.00000    0   47171    4615 614      416      40831     4090     7885      3783    3       0.0   0         0         root                   N/A    N/A   N/A   N/A   N/A   N/A  
172   loginwindow      0.0  00:01.01 2     1   293    12M    0B    0B    172  1    sleeping *0[29]    0.00000 0.00000    501 12921    404  2512     1232     9202      7206     7069      447     21      0.0   0         0         maxieds                N/A    N/A   N/A   N/A   N/A   N/A  
171   trustd           0.0  00:03.09 2     1   80     2736K  160K  0B    171  1    sleeping  0[1693]  0.00000 0.00000    282 4824     190  1205     2841     45072     15908    12743     61      50      0.0   0         0         _trustd                N/A    N/A   N/A   N/A   N/A   N/A  
169   aslmanager       0.0  00:00.05 2     1   16     408K   0B    0B    169  1    sleeping *0[1]     0.00000 0.00000    0   489      73   70       37       620       157      421       0       7       0.0   0         0         root                   N/A    N/A   N/A   N/A   N/A   N/A  
168   tccd             0.0  00:02.49 2     1   41     1564K  28K   0B    168  1    sleeping  0[349]   0.00000 0.00000    0   6526     163  2503     2382     94702     12475    9523      44      30      0.0   0         0         root                   N/A    N/A   N/A   N/A   N/A   N/A  
167   taskgated        0.0  00:00.14 1     0   21     704K   0B    0B    167  1    sleeping *0[1]     0.00000 0.00000    0   1305     111  88       31       1297      257      662       18      5       0.0   0         0         root                   N/A    N/A   N/A   N/A   N/A   N/A  
166   cfprefsd         0.0  00:03.63 2     1   512    828K   20K   0B    166  1    sleeping  0[1942]  0.00000 0.00000    0   4033     88   8050     9256     138533    29356    26082     1       220     0.0   0         0         root                   N/A    N/A   N/A   N/A   N/A   N/A  
165   com.apple.cmio.r 0.0  00:00.07 2     1   53     768K   0B    0B    165  1    sleeping  0[23]    0.00000 0.00000    0   1722     127  171      85       1009      462      276       1       2       0.0   0         0         root                   N/A    N/A   N/A   N/A   N/A   N/A  
164   AirPlayXPCHelper 0.0  00:00.38 4     1   168    1412K  0B    0B    164  1    sleeping *0[1]     0.00000 0.00000    0   3959     197  1368     582      4104      2667     3896      280     17      0.0   0         0         root                   N/A    N/A   N/A   N/A   N/A   N/A  
163   corebrightnessd  0.0  00:00.48 2     1   127    1268K  0B    0B    163  1    sleeping *0[1]     0.00000 0.00000    0   13805    179  2947     871      6120      8279     4485      136     117     0.0   0         0         root                   N/A    N/A   N/A   N/A   N/A   N/A  
162   sandboxd         0.0  00:00.08 2     1   35     1072K  0B    0B    162  1    sleeping *0[1]     0.00000 0.00000    0   1595     150  179      87       1470      588      717       15      1       0.0   0         0         root                   N/A    N/A   N/A   N/A   N/A   N/A  
161   notifyd          0.0  00:02.92 2     1   461    732K   0B    0B    161  1    sleeping *0[1]     0.00000 0.00000    0   1522     72   25170    35929    112630    105095   41955     5       2       0.0   0         0         root                   N/A    N/A   N/A   N/A   N/A   N/A  
160   bluetoothd       0.0  00:00.67 2     1   181    2712K  0B    0B    160  1    sleeping *0[1]     0.00000 0.00000    0   5709     266  1749     895      8218      3602     4466      315     173     0.0   0         0         root                   N/A    N/A   N/A   N/A   N/A   N/A  
158   KernelEventAgent 0.0  00:00.01 2     1   22     524K   0B    0B    158  1    sleeping *0[1]     0.00000 0.00000    0   686      101  81       30       581       152      163       3       0       0.0   0         0         root                   N/A    N/A   N/A   N/A   N/A   N/A  
157   revisiond        0.0  00:00.13 3     1   47     1380K  0B    0B    157  1    sleeping  0[0]     0.00000 0.00000    0   2228     161  174      58       2239      467      562       18      8       0.0   0         0         root                   N/A    N/A   N/A   N/A   N/A   N/A  
156   logind           0.0  00:00.09 2     1   69     760K   0B    0B    156  1    sleeping *0[1]     0.00000 0.00000    0   1608     161  178      119      868       440      941       100     1       0.0   0         0         root                   N/A    N/A   N/A   N/A   N/A   N/A  
154   PerfPowerService 0.0  00:03.26 3     1   276    3344K  276K  0B    154  1    sleeping *1[8]     0.00000 0.00000    0   8547     269  40299    20179    40837     106213   53945     190     295     0.0   0         0         root                   N/A    N/A   N/A   N/A   N/A   N/A  
153   AppleCredentialM 0.0  00:00.04 2     1   32     648K   0B    0B    153  1    sleeping *0[1]     0.00000 0.00000    0   1007     121  204      99       518       308      694       16      0       0.0   0         0         root                   N/A    N/A   N/A   N/A   N/A   N/A  
152   distnoted        0.0  00:00.14 2     1   125    432K   0B    0B    152  1    sleeping *0[1]     0.00000 0.00000    241 1320     87   782      781      4914      2199     1266      0       0       0.0   0         0         _distnote              N/A    N/A   N/A   N/A   N/A   N/A  
149   displaypolicyd   0.0  00:00.06 6     1   51     1756K  0B    0B    149  1    sleeping *0[1]     0.00000 0.00000    244 1599     136  575      285      1493      696      1275      4       8       0.0   0         0         _displaypolicyd        N/A    N/A   N/A   N/A   N/A   N/A  
148   autofsd          0.0  00:00.02 2     1   23     528K   0B    0B    148  1    sleeping *0[1]     0.00000 0.00000    0   820      106  75       32       361       154      133       0       0       0.0   0         0         root                   N/A    N/A   N/A   N/A   N/A   N/A  
143   auditd           0.0  00:00.01 2     1   32     524K   0B    0B    143  1    sleeping *0[1]     0.00000 0.00000    0   636      102  89       35       327       172      89        0       0       0.0   0         0         root                   N/A    N/A   N/A   N/A   N/A   N/A  
142   securityd        0.0  00:00.35 4     1   85     1648K  0B    0B    142  1    sleeping *0[1]     0.00000 0.00000    0   3308     133  924      125      5362      5278     2724      24      12      0.0   0         0         root                   N/A    N/A   N/A   N/A   N/A   N/A  
141   usbmuxd          0.0  00:00.23 3     1   39     1296K  0B    0B    141  1    sleeping *0[1]     0.00000 0.00000    213 2770     246  172      50       1618      756      1660      268     0       0.0   0         0         _usbmuxd               N/A    N/A   N/A   N/A   N/A   N/A  
140   timed            0.0  00:00.10 3     2   51     1040K  0B    0B    140  1    sleeping *0[1]     0.00000 0.00000    266 1546     140  243      170      1695      849      753       9       14      0.0   0         0         _timed                 N/A    N/A   N/A   N/A   N/A   N/A  
139   launchservicesd  0.0  00:01.04 2     1   290    1312K  0B    0B    139  1    sleeping  0[1871]  0.00000 0.00000    0   4358     138  13868    8238     54176     20493    12820     4       115     0.0   0         0         root                   N/A    N/A   N/A   N/A   N/A   N/A  
138   apsd             0.0  00:01.16 4     3   183    2000K  12K   0B    138  1    sleeping *0[1]     0.00000 0.00000    0   16887    258  4388     2242     27470     14088    11287     78      156     0.0   0         0         root                   N/A    N/A   N/A   N/A   N/A   N/A  
137   opendirectoryd   0.0  00:06.10 6     5   842    2736K  64K   0B    137  1    sleeping *0[1]     0.00000 0.00000    0   87281    160  20657    23508    302903    69586    92853     927     202     0.0   0         0         root                   N/A    N/A   N/A   N/A   N/A   N/A  
136   thermalmonitord  0.0  00:00.02 1     0   24     960K   0B    0B    136  1    sleeping *0[1]     0.00000 0.00000    0   910      212  62       28       309       139      267       5       0       0.0   0         0         root                   N/A    N/A   N/A   N/A   N/A   N/A  
133   syslogd          0.0  00:00.17 3     2   65     580K   0B    0B    133  1    sleeping  0[163]   0.00000 0.00000    0   1114     75   140      175      9434      2306     2516      1       42      0.0   0         0         root                   N/A    N/A   N/A   N/A   N/A   N/A  
132   coreduetd        0.0  00:00.68 2     1   54     2540K  960K  0B    132  1    sleeping  0[13]    0.00000 0.00000    0   6084     210  332      178      10014     3341     3100      168     12      0.0   0         0         root                   N/A    N/A   N/A   N/A   N/A   N/A  
129   diskarbitrationd 0.0  00:00.86 2     1   206    1008K  0B    0B    129  1    sleeping *0[1]     0.00000 0.00000    0   6778     1780 9758     4303     12742     60394    8881      8       0       0.0   0         0         root                   N/A    N/A   N/A   N/A   N/A   N/A  
128   kernelmanagerd   0.0  00:03.27 2     1   72     6496K  0B    0B    128  1    sleeping *0[1]     0.00000 0.00000    0   92844    565  723      403      29133     5532     6226      1161    0       0.0   0         0         root                   N/A    N/A   N/A   N/A   N/A   N/A  
127   iconservicesd    0.0  00:00.07 2     1   45     824K   0B    0B    127  1    sleeping  0[10]    0.00000 0.00000    240 1902     125  122      67       818       290      385       2       3       0.0   0         0         _iconservices          N/A    N/A   N/A   N/A   N/A   N/A  
126   mds              0.0  02:33.59 10    7   333    17M    0B    0B    126  1    stuck    *0[1]     0.00000 0.00000    0   792400   295  825132   403912   5439572   1618244  2060770   456     7337    0.0   0         0         root                   N/A    N/A   N/A   N/A   N/A   N/A  
122   watchdogd        0.0  00:00.20 3     1   46     700K   0B    0B    122  1    sleeping *0[1]     0.00000 0.00000    0   1084     116  3018     1542     1363      9557     3257      15      264     0.0   0         0         root                   N/A    N/A   N/A   N/A   N/A   N/A  
120   softwareupdated  0.0  00:00.17 2     1   49     1220K  0B    0B    120  1    sleeping  0[0]     0.00000 0.00000    200 2455     163  3161     1559     1429      2757     529       2       3       0.0   0         0         _softwareupdate        N/A    N/A   N/A   N/A   N/A   N/A  
119   keybagd          0.0  00:00.18 2     1   54     832K   0B    0B    119  1    sleeping *0[1]     0.00000 0.00000    0   1560     127  716      759      4579      2717     1879      6       17      0.0   0         0         root                   N/A    N/A   N/A   N/A   N/A   N/A  
117   remoted          0.0  00:00.07 2     1   66     756K   0B    0B    117  1    sleeping *0[1]     0.00000 0.00000    0   1231     116  373      211      787       630      812       42      0       0.0   0         0         root                   N/A    N/A   N/A   N/A   N/A   N/A  
113   daemondo         0.0  00:00.02 3     1   43     772K   0B    0B    113  1    sleeping *0[1]     0.00000 0.00000    0   981      145  89       37       375       210      138       7       0       0.0   0         0         root                   N/A    N/A   N/A   N/A   N/A   N/A  
112   powerd           0.0  00:02.89 3     2   123    1348K  0B    0B    112  1    sleeping *0[1]     0.00000 0.00000    0   12088    160  18657    13050    53440     46252    35156     212     371     0.0   0         0         root                   N/A    N/A   N/A   N/A   N/A   N/A  
111   endpointsecurity 0.0  00:00.01 1     0   32     536K   0B    0B    111  1    sleeping  0[0]     0.00000 0.00000    0   684      105  83       36       312       174      71        2       0       0.0   0         0         root                   N/A    N/A   N/A   N/A   N/A   N/A  
110   configd          0.0  00:00.84 7     1   364    1928K  0B    0B    110  1    sleeping *0[1]     0.00000 0.00000    0   6535     197  12925    7080     31070     19255    7823      53      7       0.0   0         0         root                   N/A    N/A   N/A   N/A   N/A   N/A  
108   systemstats      0.0  00:03.48 2     1   90     1672K  0B    0B    108  1    sleeping  0[25]    0.00000 0.00000    0   8894     250  17518    9167     500997    14928    12121     15      205     0.0   0         0         root                   N/A    N/A   N/A   N/A   N/A   N/A  
105   mediaremoted     0.0  00:00.72 3     1   160    1616K  0B    0B    105  1    sleeping  0[11]    0.00000 0.00000    0   6432     273  14371    3216     4463      16664    19946     348     6       0.0   0         0         root                   N/A    N/A   N/A   N/A   N/A   N/A  
100   UserEventAgent   0.0  00:01.00 4     1   465    2068K  0B    0B    100  1    sleeping *0[1]     0.00000 0.00000    0   5168     222  5639     5129     16846     15457    9249      417     65      0.0   0         0         root                   N/A    N/A   N/A   N/A   N/A   N/A  
Processes: 343 total, 2 running, 6 stuck, 335 sleeping, 1059 threads 
2026/07/24 13:44:10
Load Avg: 1.54, 1.85, 1.90 
CPU usage: 2.63% user, 2.39% sys, 94.96% idle 
SharedLibs: 458M resident, 83M data, 37M linkedit.
MemRegions: 25393 total, 1170M resident, 179M private, 739M shared.
PhysMem: 6202M used (2231M wired), 1988M unused.
VM: 11T vsize, 3153M framework vsize, 0(0) swapins, 0(0) swapouts.
Networks: packets: 230/32K in, 236/32K out.
Disks: 702153/11G read, 244871/14G written.

PID   COMMAND          %CPU TIME     #TH   #WQ #PORTS MEM    PURG  CMPRS PGRP PPID STATE    BOOSTS    %CPU_ME %CPU_OTHRS UID FAULTS   COW  MSGSENT  MSGRECV  SYSBSD    SYSMACH  CSW       PAGEINS IDLEW   POWER INSTRS    CYCLES    USER                   #MREGS RPRVT VPRVT VSIZE KPRVT KSHRD
170   WindowServer     6.5  03:14.62 12    5   794+   131M+  17M-  0B    170  1    sleeping *0[1]     0.14880 0.20754    88  300741+  1628 1041588+ 830171+  3269350+  3791527+ 1332887+  1181    28965+  7.9   50546763  113234107 _windowserver          N/A    N/A   N/A   N/A   N/A   N/A  
556   Terminal         4.4  04:26.52 9     3   418    333M+  63M-  0B    556  1    sleeping *0[843+]  0.20754 0.11317    501 3162694+ 1233 810997+  121571+  5654153+  3085994+ 1397641+  7212    11955+  4.8   67019869  107944397 maxieds                N/A    N/A   N/A   N/A   N/A   N/A  
1976  top              3.1  00:00.30 1/1   0   26     2224K+ 0B    0B    1976 1107 running  *0[1]     0.00000 0.00000    0   2324+    108  98850+   49419+   6005+     57897+   105+      0       3+      3.1   116656073 91397558  root                   N/A    N/A   N/A   N/A   N/A   N/A  
1136  ls               2.3  01:15.20 1     0   22     2920K  0B    0B    1136 1135 stuck    *0[1]     0.00000 0.00000    0   1762     84   53       22       5926874+  125      269151+   0       0       2.3   69830708  66731411  root                   N/A    N/A   N/A   N/A   N/A   N/A  
0     kernel_task      1.2  02:37.58 165/4 0   0      195M   0B    0B    0    0    running   0[0]     0.00000 0.00000    0   9450     2635 1391626+ 1188592+ 0         0        13389515+ 102     783899+ 0.0   9945666   64840025  root                   N/A    N/A   N/A   N/A   N/A   N/A  
1134  sudo             0.5  00:12.43 2     1   42     2356K  0B    0B    1134 1131 sleeping *0[16]    0.00000 0.00000    0   2363     372  149      81       5132485+  499      325296+   1       0       0.5   7707068   14125257  root                   N/A    N/A   N/A   N/A   N/A   N/A  
398   ViewBridgeAuxili 0.0  00:00.80 2     1   169    2060K  0B    0B    398  1    sleeping *0[4719+] 0.00000 0.00000    501 2907     181  14450+   5057+    11649+    43283+   15304+    0       23      0.0   459296    1960444   maxieds                N/A    N/A   N/A   N/A   N/A   N/A  
361   ViewBridgeAuxili 0.0  00:00.71 2     1   68     1748K  0B    0B    361  1    sleeping *0[4613+] 0.00000 0.00000    0   2479     171  14210+   4772+    10420+    42302+   12750+    0       15      0.0   467286    1836365   root                   N/A    N/A   N/A   N/A   N/A   N/A  
112   powerd           0.0  00:02.89 3     2   123    1348K  0B    0B    112  1    sleeping *0[1]     0.00000 0.03563    0   12091+   160  18660+   13053+   53455+    46264+   35163+    212     371     0.0   355949    1134041   root                   N/A    N/A   N/A   N/A   N/A   N/A  
126   mds              0.0  02:33.59 10    7   333    17M    0B    0B    126  1    stuck    *0[1]     0.00000 0.04871    0   792400   295  825132   403912   5439575+  1618244  2060772+  456     7338+   0.0   316620    657985    root                   N/A    N/A   N/A   N/A   N/A   N/A  
366   com.apple.hiserv 0.0  00:00.32 2     1   39     676K   0B    0B    366  1    sleeping  0[2]     0.00000 0.00000    0   1019     117  161      4686+    5415+     310      6996+     0       2       0.0   174615    981545    root                   N/A    N/A   N/A   N/A   N/A   N/A  
429   com.apple.hiserv 0.0  00:00.34 2     1   56     704K   0B    0B    429  1    sleeping  0[15]    0.00000 0.00000    501 1129     117  235      4716+    5859+     497      6814+     0       3       0.0   178058    875179    maxieds                N/A    N/A   N/A   N/A   N/A   N/A  
99    logd             0.0  00:03.87 4     3   1084   8852K  0B    0B    99   1    sleeping *0[1]     0.00000 0.00000    0   21497    122  17871+   21230+   196307+   38180+   65937+    31      188     0.0   65844     487571    root                   N/A    N/A   N/A   N/A   N/A   N/A  
498   lockoutagent     0.0  00:00.97 4     3   72     1388K  0B    0B    498  1    sleeping *0[1]     0.00000 0.00000    501 2741     153  4036+    116      37140+    15929+   23153+    1       2541+   0.0   86266     325724    maxieds                N/A    N/A   N/A   N/A   N/A   N/A  
454   remindd          0.0  00:00.84 3     2   100    3940K  148K  0B    454  1    sleeping  0[6]     0.00000 0.00000    501 7868     462  481      219      13554+    2007     7661+     96      1255+   0.0   34315     139888    maxieds                N/A    N/A   N/A   N/A   N/A   N/A  
238   mDNSResponderHel 0.0  00:00.33 3     1   39     1044K  0B    0B    238  1    sleeping *0[1]     0.00000 0.00000    0   2166     138  7895+    3994+    5134+     4399+    5376+     1       2597+   0.0   21881     113830    root                   N/A    N/A   N/A   N/A   N/A   N/A  
388   ControlCenter    0.0  00:07.14 4     1   481    33M    0B    0B    388  1    sleeping *0[266]   0.00000 0.00000    501 25969    968  27869    6045     25602     59639+   31051+    1002    1016    0.0   30885     157102    maxieds                N/A    N/A   N/A   N/A   N/A   N/A  
104   fseventsd        0.0  00:22.61 8     1   241    1604K  0B    0B    104  1    sleeping *0[1]     0.00000 0.00000    0   138814   109  26605    5984     971966+   89774    116975+   2       6511+   0.0   21365     60316     root                   N/A    N/A   N/A   N/A   N/A   N/A  
1974  mdworker_shared  0.0  00:00.28 4     1   49     1144K  0B    0B    1974 1    sleeping *0[1]     0.00000 0.00000    501 14346    169  623      269      4663      1815     419       0       2       0.0   0         0         maxieds                N/A    N/A   N/A   N/A   N/A   N/A  
1973  mdworker_shared  0.0  00:00.29 4     1   48     1092K  0B    0B    1973 1    sleeping *0[1]     0.00000 0.00000    501 14169    169  634      273      4694      1836     475       0       2       0.0   0         0         maxieds                N/A    N/A   N/A   N/A   N/A   N/A  
1972  mdworker_shared  0.0  00:00.26 4     1   49     1124K  0B    0B    1972 1    sleeping *0[1]     0.00000 0.00000    501 12740    169  611      263      4176      1645     425       0       2       0.0   0         0         maxieds                N/A    N/A   N/A   N/A   N/A   N/A  
1971  mdworker_shared  0.0  00:00.29 4     1   49     1148K  0B    0B    1971 1    sleeping *0[1]     0.00000 0.00000    501 13214    169  607      263      4154      1640     389       0       2       0.0   0         0         maxieds                N/A    N/A   N/A   N/A   N/A   N/A  
1970  mdworker_shared  0.0  00:00.26 4     1   49     1132K  0B    0B    1970 1    sleeping *0[1]     0.00000 0.00000    501 12631    169  609      264      4161      1639     373       0       2       0.0   0         0         maxieds                N/A    N/A   N/A   N/A   N/A   N/A  
1969  mdworker_shared  0.0  00:00.26 4     1   49     1152K  0B    0B    1969 1    sleeping *0[1]     0.00000 0.00000    501 13092    169  608      263      4257      1626     382       0       2       0.0   0         0         maxieds                N/A    N/A   N/A   N/A   N/A   N/A  
1968  mdworker_shared  0.0  00:00.27 4     1   49     1144K  0B    0B    1968 1    sleeping *0[1]     0.04871 0.00000    501 12744    169  609      263      4204      1640     360       0       2       0.0   0         0         maxieds                N/A    N/A   N/A   N/A   N/A   N/A  
1967  mdworker_shared  0.0  00:00.27 4     1   49     1128K  0B    0B    1967 1    sleeping *0[1]     0.00000 0.00000    501 12752    169  610      263      4185      1646     396       0       2       0.0   0         0         maxieds                N/A    N/A   N/A   N/A   N/A   N/A  
1966  mdworker_shared  0.0  00:00.26 4     1   49     1128K  0B    0B    1966 1    sleeping *0[1]     0.00000 0.00000    501 12671    169  610      263      4363      1637     368       0       2       0.0   0         0         maxieds                N/A    N/A   N/A   N/A   N/A   N/A  
1965  mdworker_shared  0.0  00:00.28 4     1   49     1136K  0B    0B    1965 1    sleeping *0[1]     0.00000 0.00000    501 14218    169  628      269      4825      1831     435       0       3       0.0   0         0         maxieds                N/A    N/A   N/A   N/A   N/A   N/A  
1963  mdworker_shared  0.0  00:00.05 4     1   42     1024K  0B    0B    1963 1    sleeping *0[1]     0.00000 0.00000    89  3585     169  509      228      980       509      118       1       8       0.0   0         0         _spotlight             N/A    N/A   N/A   N/A   N/A   N/A  
1950  mdworker_shared  0.0  00:00.07 4     1   43     1096K  0B    0B    1950 1    sleeping *0[1]     0.00000 0.00000    89  3690     173  535      237      1104      561      305       5       13      0.0   0         0         _spotlight             N/A    N/A   N/A   N/A   N/A   N/A  
1949  mdworker_shared  0.0  00:00.07 4     1   42     1040K  0B    0B    1949 1    sleeping *0[1]     0.00000 0.00000    89  5225     169  526      233      1488      714      185       2       12      0.0   0         0         _spotlight             N/A    N/A   N/A   N/A   N/A   N/A  
1948  mdworker_shared  0.0  00:00.06 4     1   43     1096K  0B    0B    1948 1    sleeping *0[1]     0.00000 0.00000    89  3708     174  537      236      1099      574      236       5       16      0.0   0         0         _spotlight             N/A    N/A   N/A   N/A   N/A   N/A  
1918  mdworker_shared  0.0  00:00.13 4     1   43     1084K  0B    0B    1918 1    sleeping *0[1]     0.00000 0.00000    89  6482     169  595      242      1965      1030     504       3       48      0.0   0         0         _spotlight             N/A    N/A   N/A   N/A   N/A   N/A  
1913  mdworker_shared  0.0  00:00.13 4     1   42     1040K  0B    0B    1913 1    sleeping *0[1]     0.00000 0.00000    89  7226     174  600      242      1870      1099     485       16      44      0.0   0         0         _spotlight             N/A    N/A   N/A   N/A   N/A   N/A  
1856  mdworker_shared  0.0  00:00.13 4     1   42     1044K  0B    0B    1856 1    sleeping *0[1]     0.00000 0.00000    89  6825     169  615      240      2138      1173     533       3       60      0.0   0         0         _spotlight             N/A    N/A   N/A   N/A   N/A   N/A  
1749  wifip2pd         0.0  00:00.09 2     1   25     1168K  0B    0B    1749 1    sleeping  0[1]     0.00000 0.00000    0   2707     209  112      56       965       213      327       4       1       0.0   0         0         root                   N/A    N/A   N/A   N/A   N/A   N/A  
1742  VTDecoderXPCServ 0.0  00:00.19 2     1   71     13M    4460K 0B    1742 1    sleeping  0[21]    0.00000 0.00000    501 6566     170  1423     686      4289      1547     586       15      4       0.0   0         0         maxieds                N/A    N/A   N/A   N/A   N/A   N/A  
1695  CVMServer        0.0  00:00.03 2     1   33     544K   32K   0B    1695 1    sleeping *0[1]     0.00000 0.00000    0   1392     101  107      55       614       251      167       0       16      0.0   0         0         root                   N/A    N/A   N/A   N/A   N/A   N/A  
1515  keyboardservices 0.0  00:00.25 2     1   53     1784K  20K   0B    1515 1    sleeping  0[4]     0.00000 0.00000    501 2669     176  192      950      11118     2265     2650      11      3       0.0   0         0         maxieds                N/A    N/A   N/A   N/A   N/A   N/A  
1514  AppleSpell       0.0  00:00.29 2     1   100    5676K  80K   0B    1514 1    sleeping *0[1]     0.00000 0.00000    501 6999     329  502      145      5574      1325     1466      104     14      0.0   0         0         maxieds                N/A    N/A   N/A   N/A   N/A   N/A  
1513  LookupViewServic 0.0  00:00.38 4     2   200    6968K  12K   0B    1513 1    sleeping  0[7]     0.00000 0.00000    501 10349    400  1112     315      5778      2730     2275      280     7       0.0   0         0         maxieds                N/A    N/A   N/A   N/A   N/A   N/A  
1237  mdworker         0.0  00:00.04 2     1   50     1172K  0B    0B    1237 1    sleeping *0[1]     0.00000 0.00000    501 2526     181  149      44       892       324      102       0       1       0.0   0         0         maxieds                N/A    N/A   N/A   N/A   N/A   N/A  
1135  sudo             0.0  00:00.00 1     0   8      332K   0B    0B    1135 1134 sleeping *0[1]     0.00000 0.00000    0   183      89   12       6        45        16       4         0       0       0.0   0         0         root                   N/A    N/A   N/A   N/A   N/A   N/A  
1131  bash             0.0  00:00.02 1     0   21     1316K  0B    0B    1131 1125 sleeping *0[1]     0.00000 0.00000    501 1147     276  56       22       914       113      133       6       0       0.0   0         0         maxieds                N/A    N/A   N/A   N/A   N/A   N/A  
1125  bash             0.0  00:00.01 1     0   21     1048K  0B    0B    1125 1124 sleeping *0[1]     0.00000 0.00000    501 1056     290  83       33       942       156      120       0       0       0.0   0         0         maxieds                N/A    N/A   N/A   N/A   N/A   N/A  
1124  login            0.0  00:00.03 2     1   32     1144K  0B    0B    1124 556  sleeping *0[9]     0.00000 0.00000    0   1514     188  83       33       4142      246      180       16      0       0.0   0         0         root                   N/A    N/A   N/A   N/A   N/A   N/A  
1117  distnoted        0.0  00:00.03 2     1   29     392K   0B    0B    1117 1    sleeping *0[1]     0.00000 0.00000    269 1200     86   99       35       377       212      53        0       0       0.0   0         0         _reportmemoryexception N/A    N/A   N/A   N/A   N/A   N/A  
1115  XprotectService  0.0  00:01.65 2     1   23     1160K  0B    0B    1115 1    sleeping  0[2]     0.00000 0.00000    0   56713    704  93       45       130307    430      1661      62      2       0.0   0         0         root                   N/A    N/A   N/A   N/A   N/A   N/A  
1107  bash             0.0  00:00.19 1     0   21     1380K  0B    0B    1107 1006 sleeping *0[1]     0.00000 0.00000    501 5967     3281 182      83       8279      175      1497      190     0       0.0   0         0         maxieds                N/A    N/A   N/A   N/A   N/A   N/A  
1101  deleted          0.0  00:00.15 2     1   39     844K   0B    0B    1101 1    sleeping  0[0]     0.00000 0.00000    501 2173     151  1368     632      2238      1473     419       21      1       0.0   0         0         maxieds                N/A    N/A   N/A   N/A   N/A   N/A  
1097  promotedcontentd 0.0  00:00.31 2     1   64     2176K  0B    0B    1097 1    sleeping  0[6]     0.00000 0.00000    501 4227     311  322      119      4806      771      1837      36      47      0.0   0         0         maxieds                N/A    N/A   N/A   N/A   N/A   N/A  
1096  com.apple.AppSto 0.0  00:00.06 2     1   27     3420K  0B    0B    1096 1    sleeping  0[0]     0.00000 0.00000    0   1561     115  86       37       460       173      127       0       3       0.0   0         0         root                   N/A    N/A   N/A   N/A   N/A   N/A  
1095  installcoordinat 0.0  00:00.05 2     1   42     920K   0B    0B    1095 1    sleeping  0[1]     0.00000 0.00000    274 2045     156  104      35       864       237      100       3       2       0.0   0         0         _installcoordinationd  N/A    N/A   N/A   N/A   N/A   N/A  
1094  ASPCarryLog      0.0  00:00.05 2     1   32     1056K  0B    0B    1094 1    sleeping  0[2]     0.00000 0.00000    0   1988     199  131      60       950       304      208       5       2       0.0   0         0         root                   N/A    N/A   N/A   N/A   N/A   N/A  
1093  appstoreagent    0.0  00:00.57 3     2   110    3392K  108K  0B    1093 1    sleeping  0[7]     0.00000 0.00000    501 6558     447  690      180      9206      2073     4234      30      311     0.0   0         0         maxieds                N/A    N/A   N/A   N/A   N/A   N/A  
1006  bash             0.0  00:00.10 1     0   21     1088K  0B    0B    1006 1005 sleeping *0[1]     0.00000 0.00000    501 1959     698  99       41       6035      164      744       0       0       0.0   0         0         maxieds                N/A    N/A   N/A   N/A   N/A   N/A  
1005  login            0.0  00:00.02 2     1   31     1120K  0B    0B    1005 556  sleeping *0[9]     0.00000 0.00000    0   1526     192  83       33       4121      246      126       0       0       0.0   0         0         root                   N/A    N/A   N/A   N/A   N/A   N/A  
856   cp               0.0  01:37.81 1     0   19     2560K  0B    0B    856  855  stuck    *0[1]     0.00000 0.00000    0   899      151  47       18       2933203   93       312063    61      0       0.0   0         0         root                   N/A    N/A   N/A   N/A   N/A   N/A  
855   sudo             0.0  00:00.00 1     0   8      324K   0B    0B    855  845  sleeping *0[1]     0.00000 0.00000    0   178      87   12       6        45        16       4         0       0       0.0   0         0         root                   N/A    N/A   N/A   N/A   N/A   N/A  
845   sudo             0.0  00:05.53 2     1   41     2320K  0B    0B    845  559  sleeping *0[16]    0.00000 0.00000    0   2330     369  153      83       1093715   502      122600    1       0       0.0   0         0         root                   N/A    N/A   N/A   N/A   N/A   N/A  
735   nfcd             0.0  00:00.12 2     1   48     1116K  0B    0B    735  1    sleeping *0[1]     0.00000 0.00000    260 2451     204  159      49       1029      347      367       36      3       0.0   0         0         _applepay              N/A    N/A   N/A   N/A   N/A   N/A  
733   progressd        0.0  00:00.38 2     1   51     1768K  0B    0B    733  1    sleeping  0[1]     0.00000 0.00000    501 5547     271  179      56       3902      1556     767       8       10      0.0   0         0         maxieds                N/A    N/A   N/A   N/A   N/A   N/A  
729   studentd         0.0  00:00.39 2     1   131    4972K  88K   0B    729  1    sleeping *0[1]     0.00000 0.00000    501 7220     472  892      230      8422      2095     2202      52      23      0.0   0         0         maxieds                N/A    N/A   N/A   N/A   N/A   N/A  
719   EscrowSecurityAl 0.0  00:00.07 2     1   46     1412K  12K   0B    719  1    sleeping  0[0]     0.00000 0.00000    501 2831     192  135      45       1236      305      426       0       7       0.0   0         0         maxieds                N/A    N/A   N/A   N/A   N/A   N/A  
697   followupd        0.0  00:00.03 2     1   44     1084K  16K   0B    697  1    sleeping  0[1]     0.00000 0.00000    501 1619     156  133      50       872       310      127       0       0       0.0   0         0         maxieds                N/A    N/A   N/A   N/A   N/A   N/A  
678   mobileactivation 0.0  00:00.06 2     1   44     664K   0B    0B    678  1    sleeping  0[1]     0.00000 0.00000    0   1477     117  103      45       589       237      137       0       0       0.0   0         0         root                   N/A    N/A   N/A   N/A   N/A   N/A  
677   lskdd            0.0  00:00.10 2     0   29     552K   0B    0B    677  1    sleeping *1[1]     0.00000 0.00000    265 1441     105  1490     739      1254      883      974       0       504     0.0   0         0         _fpsd                  N/A    N/A   N/A   N/A   N/A   N/A  
674   memoryanalyticsd 0.0  00:00.04 2     1   38     1028K  0B    0B    674  1    sleeping  0[0]     0.00000 0.00000    0   1150     120  112      47       828       251      172       1       2       0.0   0         0         root                   N/A    N/A   N/A   N/A   N/A   N/A  
672   online-authd     0.0  00:00.01 2     1   37     560K   0B    0B    672  1    sleeping  0[2]     0.00000 0.00000    0   712      103  105      51       424       215      100       0       2       0.0   0         0         root                   N/A    N/A   N/A   N/A   N/A   N/A  
626   mdworker         0.0  00:00.07 2     1   41     1044K  0B    0B    626  1    sleeping *0[1]     0.00000 0.00000    89  2427     180  138      44       905       302      111       2       2       0.0   0         0         _spotlight             N/A    N/A   N/A   N/A   N/A   N/A  
587   spindump_agent   0.0  00:00.02 2     1   42     832K   0B    0B    587  1    sleeping  0[5]     0.00000 0.00000    501 1160     132  184      57       598       389      174       0       2       0.0   0         0         maxieds                N/A    N/A   N/A   N/A   N/A   N/A  
586   spindump         0.0  00:00.09 2     1   41     920K   0B    0B    586  1    sleeping *0[1]     0.00000 0.00000    0   2493     156  159      77       5107      373      412       14      3       0.0   0         0         root                   N/A    N/A   N/A   N/A   N/A   N/A  
585   QuickLookSatelli 0.0  00:02.11 3     2   72     11M    576K  0B    585  1    sleeping  0[20]    0.00000 0.00000    501 8901     252  854      362      26675     1674     8552      58      49      0.0   0         0         maxieds                N/A    N/A   N/A   N/A   N/A   N/A  
584   mdwrite          0.0  00:00.04 2     1   32     732K   0B    0B    584  1    sleeping *0[1]     0.00000 0.00000    501 1263     127  156      138      1238      496      371       0       17      0.0   0         0         maxieds                N/A    N/A   N/A   N/A   N/A   N/A  
581   logd_helper      0.0  00:00.03 2     1   20     512K   0B    0B    581  1    sleeping *0[1]     0.00000 0.00000    0   1298     101  69       35       432       150      70        0       0       0.0   0         0         root                   N/A    N/A   N/A   N/A   N/A   N/A  
559   bash             0.0  00:00.08 1     0   21     1132K  0B    0B    559  557  sleeping *0[1]     0.00000 0.00000    501 1964     679  97       40       4711      163      1046      2       0       0.0   0         0         maxieds                N/A    N/A   N/A   N/A   N/A   N/A  
558   com.apple.audio. 0.0  00:00.05 2     1   21     3360K  0B    0B    558  1    sleeping  0[1]     0.00000 0.00000    0   1760     126  83       40       607       165      135       0       0       0.0   0         0         root                   N/A    N/A   N/A   N/A   N/A   N/A  
557   login            0.0  00:00.04 2     1   32     1164K  0B    0B    557  556  sleeping *0[9]     0.00000 0.00000    0   1505     179  83       33       2240      246      422       0       0       0.0   0         0         root                   N/A    N/A   N/A   N/A   N/A   N/A  
536   CategoriesServic 0.0  00:00.02 2     1   35     840K   0B    0B    536  1    sleeping  0[0]     0.00000 0.00000    501 1529     121  145      50       683       347      105       0       0       0.0   0         0         maxieds                N/A    N/A   N/A   N/A   N/A   N/A  
535   photolibraryd    0.0  00:00.09 2     1   48     1252K  0B    0B    535  1    sleeping  0[0]     0.00000 0.00000    501 2484     199  157      53       860       335      217       97      1       0.0   0         0         maxieds                N/A    N/A   N/A   N/A   N/A   N/A  
534   suggestd         0.0  00:01.03 2     1   178    6316K  292K  0B    534  1    sleeping  0[5]     0.00000 0.00000    501 9537     434  954      268      14221     2665     3061      256     33      0.0   0         0         maxieds                N/A    N/A   N/A   N/A   N/A   N/A  
533   USBAgent         0.0  00:00.05 2     1   34     696K   0B    0B    533  1    sleeping  0[0]     0.00000 0.00000    501 1818     128  120      44       619       255      118       0       1       0.0   0         0         maxieds                N/A    N/A   N/A   N/A   N/A   N/A  
532   SubmitDiagInfo   0.0  00:00.38 2     1   55     1008K  0B    0B    532  1    sleeping  0[0]     0.00000 0.00000    0   5571     144  303      312      4543      1506     1648      4       7       0.0   0         0         root                   N/A    N/A   N/A   N/A   N/A   N/A  
531   CrashReporterSup 0.0  00:00.01 2     1   30     632K   0B    0B    531  1    sleeping  0[0]     0.00000 0.00000    0   882      103  79       35       430       168      69        0       1       0.0   0         0         root                   N/A    N/A   N/A   N/A   N/A   N/A  
530   amsengagementd   0.0  00:01.43 3     2   123    4228K  52K   0B    530  1    sleeping  0[23]    0.00000 0.00000    501 10846    399  1565     694      22620     5606     8404      111     412     0.0   0         0         maxieds                N/A    N/A   N/A   N/A   N/A   N/A  
529   SoftwareUpdateNo 0.0  00:00.15 3     1   177    3188K  0B    0B    529  1    sleeping *0[1]     0.00000 0.00000    501 4859     308  800      243      3465      1872     1245      8       6       0.0   0         0         maxieds                N/A    N/A   N/A   N/A   N/A   N/A  
528   com.apple.sbd    0.0  00:00.03 3     2   36     896K   0B    0B    528  1    sleeping  0[0]     0.00000 0.00000    501 1396     148  129      47       571       292      174       3       0       0.0   0         0         maxieds                N/A    N/A   N/A   N/A   N/A   N/A  
527   XProtectPluginSe 0.0  00:01.03 2     1   43     1196K  0B    0B    527  1    sleeping  0[0]     0.00000 0.00000    501 15143    166  403      130      33847     27746    2172      0       0       0.0   0         0         maxieds                N/A    N/A   N/A   N/A   N/A   N/A  
526   mdbulkimport     0.0  00:01.02 2     1   60     2736K  0B    0B    526  1    sleeping *0[1]     0.00000 0.00000    501 10866    202  406      159      17086     4779     1877      2       10      0.0   0         0         maxieds                N/A    N/A   N/A   N/A   N/A   N/A  
525   siriknowledged   0.0  00:00.10 2     1   49     2016K  132K  0B    525  1    sleeping  0[4]     0.00000 0.00000    501 3214     224  225      94       2043      543      602       31      14      0.0   0         0         maxieds                N/A    N/A   N/A   N/A   N/A   N/A  
524   adid             0.0  00:00.06 2     1   36     808K   0B    0B    524  1    sleeping  0[2]     0.00000 0.00000    265 1783     122  99       35       631       234      307       0       0       0.0   0         0         _fpsd                  N/A    N/A   N/A   N/A   N/A   N/A  
523   homed            0.0  00:00.99 2     1   138    4096K  72K   0B    523  1    sleeping  0[905]   0.00000 0.00000    501 8861     381  660      1188     18598     3775     7507      502     36      0.0   0         0         maxieds                N/A    N/A   N/A   N/A   N/A   N/A  
522   com.apple.siri.e 0.0  00:00.34 3     2   37     1960K  0B    0B    522  1    sleeping  0[3]     0.00000 0.00000    501 2711     190  298      84       3757      636      1109      4       0       0.0   0         0         maxieds                N/A    N/A   N/A   N/A   N/A   N/A  
521   akd              0.0  00:00.16 2     1   77     1660K  20K   0B    521  1    sleeping  0[4]     0.00000 0.00000    501 3779     235  349      126      2352      936      1452      7       22      0.0   0         0         maxieds                N/A    N/A   N/A   N/A   N/A   N/A  
520   iCloudNotificati 0.0  00:00.12 2     1   69     2900K  0B    0B    520  1    sleeping  0[1]     0.00000 0.00000    501 8440     256  357      160      2857      1006     826       12      14      0.0   0         0         maxieds                N/A    N/A   N/A   N/A   N/A   N/A  
518   assistantd       0.0  00:00.81 3     1   234    3832K  96K   0B    518  1    sleeping  0[4]     0.00000 0.00000    501 8141     573  1565     674      11465     2769     3299      203     15      0.0   0         0         maxieds                N/A    N/A   N/A   N/A   N/A   N/A  
517   corespotlightd   0.0  00:00.34 3     1   101    4020K  120K  0B    517  1    sleeping  0[3]     0.00000 0.00000    501 5756     297  1119     280      6404      2958     2806      44      61      0.0   0         0         maxieds                N/A    N/A   N/A   N/A   N/A   N/A  
516   networkservicepr 0.0  00:00.21 2     1   92     1844K  0B    0B    516  1    sleeping  0[3]     0.00000 0.00000    501 4863     238  656      246      3166      1413     665       37      11      0.0   0         0         maxieds                N/A    N/A   N/A   N/A   N/A   N/A  
515   SafeEjectGPUServ 0.0  00:00.03 2     1   57     1140K  0B    0B    515  1    sleeping  0[2]     0.00000 0.00000    501 1819     164  442      193      778       556      106       5       0       0.0   0         0         maxieds                N/A    N/A   N/A   N/A   N/A   N/A  
514   diagnosticextens 0.0  00:00.12 2     1   76     1336K  0B    0B    514  1    sleeping  0[2]     0.00000 0.00000    501 3366     189  290      109      1341      568      357       33      0       0.0   0         0         maxieds                N/A    N/A   N/A   N/A   N/A   N/A  
513   SafeEjectGPUAgen 0.0  00:00.01 2     1   34     868K   0B    0B    513  1    sleeping *0[2]     0.00000 0.00000    501 1159     130  125      46       585       294      68        0       0       0.0   0         0         maxieds                N/A    N/A   N/A   N/A   N/A   N/A  
511   commerce         0.0  00:00.10 2     1   33     1116K  0B    0B    511  1    sleeping  0[1]     0.00000 0.00000    501 3039     184  121      43       949       274      266       1       0       0.0   0         0         maxieds                N/A    N/A   N/A   N/A   N/A   N/A  
510   UsageTrackingAge 0.0  00:00.20 2     1   53     1596K  36K   0B    510  1    sleeping  0[0]     0.00000 0.00000    501 2576     173  569      146      2357      1955     1283      2       5       0.0   0         0         maxieds                N/A    N/A   N/A   N/A   N/A   N/A  
509   ndoagent         0.0  00:00.02 3     2   40     840K   0B    0B    509  1    sleeping  0[2]     0.00000 0.00000    501 1303     130  170      64       790       395      368       0       0       0.0   0         0         maxieds                N/A    N/A   N/A   N/A   N/A   N/A  
508   rtcreportingd    0.0  00:00.16 2     1   51     1468K  0B    0B    508  1    sleeping *0[1]     0.00000 0.00000    0   3405     192  563      341      2904      1118     780       1       21      0.0   0         0         root                   N/A    N/A   N/A   N/A   N/A   N/A  
507   neagent          0.0  00:00.09 2     1   47     1096K  0B    0B    507  1    sleeping *0[1]     0.00000 0.00000    501 3195     155  194      70       1165      591      299       0       0       0.0   0         0         maxieds                N/A    N/A   N/A   N/A   N/A   N/A  
506   CategoriesServic 0.0  00:00.14 2     1   41     1636K  0B    0B    506  1    sleeping  0[3]     0.00000 0.00000    501 2838     122  156      55       2324      2396     440       0       0       0.0   0         0         maxieds                N/A    N/A   N/A   N/A   N/A   N/A  
504   Keychain Circle  0.0  00:00.11 3     1   139    2820K  0B    0B    504  1    sleeping *0[1]     0.00000 0.00000    501 4629     289  868      399      2485      2647     1354      0       4       0.0   0         0         maxieds                N/A    N/A   N/A   N/A   N/A   N/A  
503   ProtectedCloudKe 0.0  00:00.12 2     1   52     1792K  8192B 0B    503  1    sleeping  0[41]    0.00000 0.00000    501 2761     162  285      180      2512      1157     763       5       25      0.0   0         0         maxieds                N/A    N/A   N/A   N/A   N/A   N/A  
502   cdpd             0.0  00:00.02 2     1   37     748K   0B    0B    502  1    sleeping  0[1]     0.00000 0.00000    501 1211     123  128      45       571       285      120       7       0       0.0   0         0         maxieds                N/A    N/A   N/A   N/A   N/A   N/A  
501   CategoriesServic 0.0  00:00.03 2     1   36     880K   0B    0B    501  1    sleeping  0[4]     0.00000 0.00000    501 1717     121  155      56       699       372      151       0       0       0.0   0         0         maxieds                N/A    N/A   N/A   N/A   N/A   N/A  
500   CategoriesServic 0.0  00:00.06 2     1   40     1156K  0B    0B    500  1    sleeping  0[4]     0.00000 0.00000    501 2183     127  161      58       1197      1426     262       0       0       0.0   0         0         maxieds                N/A    N/A   N/A   N/A   N/A   N/A  
499   CategoriesServic 0.0  00:00.57 2     1   41     2676K  0B    0B    499  1    sleeping  0[2]     0.00000 0.00000    501 5679     128  184      71       8059      7579     1777      0       0       0.0   0         0         maxieds                N/A    N/A   N/A   N/A   N/A   N/A  
497   ContextService   0.0  00:00.49 2     1   53     4364K  0B    0B    497  1    sleeping  0[10]    0.00000 0.00000    501 5180     715  249      118      2224      610      1766      1171    1       0.0   0         0         maxieds                N/A    N/A   N/A   N/A   N/A   N/A  
496   mediaremoteagent 0.0  00:00.01 2     1   31     728K   0B    0B    496  1    sleeping *1[1]     0.00000 0.00000    501 1059     124  107      46       635       244      116       0       1       0.0   0         0         maxieds                N/A    N/A   N/A   N/A   N/A   N/A  
495   APFSUserAgent    0.0  00:00.02 2     1   44     680K   0B    0B    495  1    sleeping  0[1]     0.00000 0.00000    501 1056     115  303      133      488       436      160       0       0       0.0   0         0         maxieds                N/A    N/A   N/A   N/A   N/A   N/A  
494   WirelessRadioMan 0.0  00:00.05 2     1   48     1272K  0B    0B    494  1    sleeping *0[1]     0.00000 0.00000    0   1946     199  170      82       993       333      396       4       1       0.0   0         0         root                   N/A    N/A   N/A   N/A   N/A   N/A  
493   nsurlsessiond    0.0  00:00.78 3     2   103    2172K  0B    0B    493  1    sleeping *48[3]    0.00000 0.00000    501 6753     246  417      228      19354     1165     7455      0       495     0.0   0         0         maxieds                N/A    N/A   N/A   N/A   N/A   N/A  
492   CoreLocationAgen 0.0  00:00.11 3     1   155    2988K  0B    0B    492  1    sleeping *0[1]     0.00000 0.00000    501 4365     262  702      212      2239      1719     878       0       3       0.0   0         0         maxieds                N/A    N/A   N/A   N/A   N/A   N/A  
491   fmfd             0.0  00:00.17 2     1   73     1860K  0B    0B    491  1    sleeping  0[8]     0.00000 0.00000    501 4374     260  331      128      3315      941      915       2       14      0.0   0         0         maxieds                N/A    N/A   N/A   N/A   N/A   N/A  
490   com.apple.Ambien 0.0  00:00.13 4     1   78     1400K  0B    0B    490  1    sleeping *1[1]     0.00000 0.00000    0   1827     155  904      375      2599      1782     1346      1       4       0.0   0         0         root                   N/A    N/A   N/A   N/A   N/A   N/A  
489   com.apple.FaceTi 0.0  00:00.08 2     1   42     3860K  0B    0B    489  1    sleeping  0[4]     0.00000 0.00000    501 2629     154  143      54       1017      343      437       0       0       0.0   0         0         maxieds                N/A    N/A   N/A   N/A   N/A   N/A  
488   UIKitSystem      0.0  00:00.30 2     1   87     3908K  44K   0B    488  1    sleeping *0[38]    0.00000 0.00000    501 10934    299  1531     731      7141      2658     1928      47      78      0.0   0         0         maxieds                N/A    N/A   N/A   N/A   N/A   N/A  
487   com.apple.geod   0.0  00:00.45 2     1   75     2904K  72K   0B    487  1    sleeping *4[1]     0.00000 0.00000    501 4213     249  427      1090     16484     2965     5303      5       167     0.0   0         0         maxieds                N/A    N/A   N/A   N/A   N/A   N/A  
486   familycircled    0.0  00:00.05 2     1   48     1116K  0B    0B    486  1    sleeping  0[11]    0.00000 0.00000    501 2031     154  238      75       1512      637      537       3       3       0.0   0         0         maxieds                N/A    N/A   N/A   N/A   N/A   N/A  
485   WiFiAgent        0.0  00:00.22 4     1   192    3124K  0B    0B    485  1    sleeping  0[16]    0.00000 0.00000    501 4772     280  2279     1045     4194      6008     2961      13      109     0.0   0         0         maxieds                N/A    N/A   N/A   N/A   N/A   N/A  
484   CarbonComponentS 0.0  00:00.18 2     1   40     1140K  0B    0B    484  1    sleeping  0[1]     0.00000 0.00000    501 2417     131  151      49       7004      545      481       0       0       0.0   0         0         maxieds                N/A    N/A   N/A   N/A   N/A   N/A  
483   ScreenTimeAgent  0.0  00:01.06 2     1   111    5060K  804K  0B    483  1    sleeping  0[106]   0.00000 0.00000    501 7797     356  792      361      20611     9676     4272      20      22      0.0   0         0         maxieds                N/A    N/A   N/A   N/A   N/A   N/A  
482   ScreenTimeWidget 0.0  00:01.47 4     3/1 92     5760K  0B    0B    482  1    sleeping *4[12]    0.00000 0.00000    501 14520    663  1456     665      12635     2628     2603      1008    8       0.0   0         0         maxieds                N/A    N/A   N/A   N/A   N/A   N/A  
481   StocksWidget     0.0  00:02.61 6     5/2 98     8128K  156K  0B    481  1    sleeping *4[19]    0.00000 0.00000    501 18618    843  2406     1351     22115     5462     7275      863     25      0.0   0         0         maxieds                N/A    N/A   N/A   N/A   N/A   N/A  
480   WeatherWidget    0.0  00:00.52 7     6/2 98     4320K  12K   0B    480  1    sleeping *3[7]     0.00000 0.00000    501 11357    533  435      155      3574      1134     1928      701     2       0.0   0         0         maxieds                N/A    N/A   N/A   N/A   N/A   N/A  
479   coreauthd        0.0  00:00.04 2     1   48     1276K  0B    0B    479  1    sleeping  0[4]     0.00000 0.00000    501 2007     175  922      442      955       938      255       6       0       0.0   0         0         maxieds                N/A    N/A   N/A   N/A   N/A   N/A  
478   ctkd             0.0  00:00.05 2     1   20     656K   0B    0B    478  1    sleeping  0[7]     0.00000 0.00000    259 1544     121  83       36       559       175      169       0       0       0.0   0         0         _ctkd                  N/A    N/A   N/A   N/A   N/A   N/A  
477   AudioComponentRe 0.0  00:00.07 2     1   50     912K   28K   0B    477  1    sleeping  0[2]     0.00000 0.00000    501 2202     129  151      58       1066      374      217       0       0       0.0   0         0         maxieds                N/A    N/A   N/A   N/A   N/A   N/A  
476   NewsToday2       0.0  00:01.54 8     7/2 103    8416K  12K   0B    476  1    sleeping *4[18]    0.00000 0.00000    501 20566    812  1683     859      12479     3444     4876      1101    16      0.0   0         0         maxieds                N/A    N/A   N/A   N/A   N/A   N/A  
475   WorldClockWidget 0.0  00:03.98 7     6/1 88     5720K  0B    0B    475  1    sleeping *4[6]     0.00000 0.00000    501 15626    643  1145     508      26024     1714     7331      761     0       0.0   0         0         maxieds                N/A    N/A   N/A   N/A   N/A   N/A  
474   CommCenter       0.0  00:00.95 5     1   142    3808K  0B    0B    474  1    sleeping *0[1]     0.00000 0.00000    501 10324    524  1190     589      14032     4959     5986      108     365     0.0   0         0         maxieds                N/A    N/A   N/A   N/A   N/A   N/A  
473   dmd              0.0  00:00.36 2     1   73     2488K  24K   0B    473  1    sleeping  0[10]    0.00000 0.00000    501 3806     235  315      166      5991      1529     1909      76      3       0.0   0         0         maxieds                N/A    N/A   N/A   N/A   N/A   N/A  
472   IMDPersistenceAg 0.0  00:00.23 2     1   75     2488K  60K   0B    472  1    sleeping  0[2]     0.00000 0.00000    501 4148     241  300      88       3117      825      1235      29      4       0.0   0         0         maxieds                N/A    N/A   N/A   N/A   N/A   N/A  
471   CoreServicesUIAg 0.0  00:00.11 3     1   147    3496K  0B    0B    471  1    sleeping *0[25]    0.00000 0.00000    501 4254     268  715      229      2073      1696     1003      8       1       0.0   0         0         maxieds                N/A    N/A   N/A   N/A   N/A   N/A  
470   systemsoundserve 0.0  00:00.33 3     1   115    2280K  160K  0B    470  1    sleeping *0[1]     0.00000 0.00000    0   5813     449  1914     631      4046      4124     3292      181     54      0.0   0         0         root                   N/A    N/A   N/A   N/A   N/A   N/A  
469   ctkd             0.0  00:00.10 3     2   47     1016K  0B    0B    469  1    sleeping  0[22]    0.00000 0.00000    501 2439     152  3814     1914     1192      2931     430       2       1       0.0   0         0         maxieds                N/A    N/A   N/A   N/A   N/A   N/A  
468   parsec-fbf       0.0  00:00.12 2     1   39     1112K  0B    0B    468  1    sleeping  0[0]     0.00000 0.00000    501 2572     192  168      58       1024      354      646       4       0       0.0   0         0         maxieds                N/A    N/A   N/A   N/A   N/A   N/A  
467   CallHistoryPlugi 0.0  00:00.12 2     1   66     2676K  0B    0B    467  1    sleeping  0[4]     0.00000 0.00000    501 3197     211  229      65       2242      602      534       1       2       0.0   0         0         maxieds                N/A    N/A   N/A   N/A   N/A   N/A  
466   ctkahp           0.0  00:00.07 2     1   51     748K   0B    0B    466  1    sleeping  0[5]     0.00000 0.00000    501 1877     124  176      59       1022      444      287       3       1       0.0   0         0         maxieds                N/A    N/A   N/A   N/A   N/A   N/A  
465   com.apple.quickl 0.0  00:00.61 3     1   84     1996K  128K  0B    465  1    sleeping  0[31]    0.00000 0.00000    501 7439     218  1595     836      12712     3630     3107      705     36      0.0   0         0         maxieds                N/A    N/A   N/A   N/A   N/A   N/A  
464   pbs              0.0  00:00.06 2     1   41     988K   0B    0B    464  1    sleeping  0[6]     0.00000 0.00000    501 1657     121  215      98       2043      471      372       0       2       0.0   0         0         maxieds                N/A    N/A   N/A   N/A   N/A   N/A  
463   triald           0.0  00:01.23 2     1   61     1456K  180K  0B    463  1    sleeping  0[5]     0.00000 0.00000    501 4103     182  672      335      14578     3518     3282      67      14      0.0   0         0         maxieds                N/A    N/A   N/A   N/A   N/A   N/A  
461   TextInputSwitche 0.0  00:00.18 3     1   168    5680K  0B    0B    461  1    sleeping *0[1]     0.00000 0.00000    501 5514     274  971      327      2390      2203     1177      1       2       0.0   0         0         maxieds                N/A    N/A   N/A   N/A   N/A   N/A  
460   avconferenced    0.0  00:00.21 2     1   63     5148K  0B    0B    460  1    sleeping *0[1]     0.00000 0.00000    501 4561     233  551      236      2053      726      810       102     0       0.0   0         0         maxieds                N/A    N/A   N/A   N/A   N/A   N/A  
459   callservicesd    0.0  00:00.69 3     1   313    5736K  0B    0B    459  1    sleeping *2[1]     0.00000 0.00000    501 9310     624  1754     667      8839      3798     4764      183     47      0.0   0         0         maxieds                N/A    N/A   N/A   N/A   N/A   N/A  
458   BiomeAgent       0.0  00:00.07 2     1   31     836K   0B    0B    458  1    sleeping  0[1]     0.00000 0.00000    501 1735     122  130      70       739       358      192       6       1       0.0   0         0         maxieds                N/A    N/A   N/A   N/A   N/A   N/A  
457   ctkahp           0.0  00:00.06 2     1   33     704K   0B    0B    457  1    sleeping  0[5]     0.00000 0.00000    0   1652     119  106      51       678       270      222       0       1       0.0   0         0         root                   N/A    N/A   N/A   N/A   N/A   N/A  
455   amsaccountsd     0.0  00:00.30 3     2   89     2280K  40K   0B    455  1    sleeping  0[1]     0.00000 0.00000    501 4704     288  645      157      7318      2021     3581      4       350     0.0   0         0         maxieds                N/A    N/A   N/A   N/A   N/A   N/A  
453   TextInputMenuAge 0.0  00:00.32 3     1   176    10M    0B    0B    453  1    sleeping *0[229]   0.00000 0.00000    501 7441     308  2478     594      3574      6370     3023      8       2       0.0   0         0         maxieds                N/A    N/A   N/A   N/A   N/A   N/A  
452   diagnostics_agen 0.0  00:00.21 2     1   64     1464K  0B    0B    452  1    sleeping  0[0]     0.00000 0.00000    501 6149     176  270      249      4498      1367     1367      1       22      0.0   0         0         maxieds                N/A    N/A   N/A   N/A   N/A   N/A  
451   cloudpaird       0.0  00:00.22 3     2   100    1772K  0B    0B    451  1    sleeping  0[7]     0.00000 0.00000    501 5167     288  366      123      2850      831      1333      10      14      0.0   0         0         maxieds                N/A    N/A   N/A   N/A   N/A   N/A  
450   imagent          0.0  00:00.35 2     1   97     2008K  0B    0B    450  1    sleeping *0[1]     0.00000 0.00000    501 5351     291  572      199      4219      1603     2186      130     15      0.0   0         0         maxieds                N/A    N/A   N/A   N/A   N/A   N/A  
449   AirPlayUIAgent   0.0  00:00.09 3     1   147    3144K  0B    0B    449  1    sleeping *0[14]    0.00000 0.00000    501 3370     261  715      208      1744      1658     892       2       1       0.0   0         0         maxieds                N/A    N/A   N/A   N/A   N/A   N/A  
448   sharingd         0.0  00:00.60 3     1   219    6336K  84K   0B    448  1    sleeping *0[1]     0.00000 0.00000    501 14393    573  1491     570      8217      3281     3087      91      19      0.0   0         0         maxieds                N/A    N/A   N/A   N/A   N/A   N/A  
446   askpermissiond   0.0  00:00.22 3     2   67     2036K  20K   0B    446  1    sleeping  0[1]     0.00000 0.00000    501 4130     244  528      111      5975      1737     3178      1       347     0.0   0         0         maxieds                N/A    N/A   N/A   N/A   N/A   N/A  
445   icdd             0.0  00:00.10 2     1   62     1048K  0B    0B    445  1    sleeping *0[1]     0.00000 0.00000    501 2242     166  499      218      1267      716      503       2       1       0.0   0         0         maxieds                N/A    N/A   N/A   N/A   N/A   N/A  
443   imklaunchagent   0.0  00:00.06 2     1   85     1600K  0B    0B    443  1    sleeping *0[1]     0.00000 0.00000    501 2585     188  338      122      1611      842      522       9       2       0.0   0         0         maxieds                N/A    N/A   N/A   N/A   N/A   N/A  
440   ContextStoreAgen 0.0  00:00.40 2     1   75     2348K  256K  0B    440  1    sleeping  0[4]     0.00000 0.00000    501 5285     239  430      216      5518      1455     1913      2       26      0.0   0         0         maxieds                N/A    N/A   N/A   N/A   N/A   N/A  
439   corespeechd      0.0  00:00.31 3     1   138    1732K  0B    0B    439  1    sleeping *0[1]     0.00000 0.00000    501 3586     301  738      2095     11098     3888     3984      29      1       0.0   0         0         maxieds                N/A    N/A   N/A   N/A   N/A   N/A  
438   fileproviderd    0.0  00:00.33 2     1   74     1844K  0B    0B    438  1    sleeping  0[40]    0.00000 0.00000    501 4831     269  661      316      5453      1426     1770      40      26      0.0   0         0         maxieds                N/A    N/A   N/A   N/A   N/A   N/A  
437   com.apple.dock.e 0.0  00:00.68 3     1   168    10M    0B    0B    437  1    sleeping *0[14]    0.00000 0.00000    501 12205    372  1388     643      22515     2266     3122      1956    4       0.0   0         0         maxieds                N/A    N/A   N/A   N/A   N/A   N/A  
436   useractivityd    0.0  00:00.15 2     1   81     1268K  0B    0B    436  1    sleeping  0[100]   0.00000 0.00000    501 3094     186  220      181      2763      774      1250      8       60      0.0   0         0         maxieds                N/A    N/A   N/A   N/A   N/A   N/A  
435   fontworker       0.0  00:01.01 2     1   41     1012K  0B    0B    435  1    sleeping *0[1]     0.00000 0.00000    501 3754     137  190      75       20824     476      3393      228     1       0.0   0         0         maxieds                N/A    N/A   N/A   N/A   N/A   N/A  
434   CalNCService     0.0  00:00.37 2     1   110    4912K  0B    0B    434  1    sleeping  0[27]    0.00000 0.00000    501 5500     296  758      279      4747      1667     2134      11      4       0.0   0         0         maxieds                N/A    N/A   N/A   N/A   N/A   N/A  
433   identityservices 0.0  00:00.64 6     1   179    3288K  20K   0B    433  1    sleeping *0[1]     0.00000 0.00000    501 11472    468  1260     630      12538     5004     4618      77      36      0.0   0         0         maxieds                N/A    N/A   N/A   N/A   N/A   N/A  
432   fontd            0.0  00:00.36 2     1   61     2856K  128K  0B    432  1    sleeping  0[15]    0.00000 0.00000    501 3937     138  253      118      4970      2232     1759      1       5       0.0   0         0         maxieds                N/A    N/A   N/A   N/A   N/A   N/A  
431   bird             0.0  00:00.22 2     1   59     1096K  0B    0B    431  1    sleeping  0[14]    0.00000 0.00000    501 3334     171  795      373      2947      1112     1051      68      4       0.0   0         0         maxieds                N/A    N/A   N/A   N/A   N/A   N/A  
430   iconservicesagen 0.0  00:00.20 2     1   76     11M    0B    0B    430  1    sleeping  0[10]    0.00000 0.00000    501 6124     204  605      279      10532     898      923       214     3       0.0   0         0         maxieds                N/A    N/A   N/A   N/A   N/A   N/A  
428   parsecd          0.0  00:00.31 2     1   75     2860K  8192B 0B    428  1    sleeping *7[1]     0.00000 0.00000    501 5631     396  455      174      4526      1089     1637      38      103     0.0   0         0         maxieds                N/A    N/A   N/A   N/A   N/A   N/A  
427   AMPDeviceDiscove 0.0  00:00.10 4     2   242    1796K  0B    0B    427  1    sleeping  0[1]     0.00000 0.00000    501 2674     283  1237     609      1607      1539     702       51      6       0.0   0         0         maxieds                N/A    N/A   N/A   N/A   N/A   N/A  
426   NotificationCent 0.0  00:02.06 4     2   264    20M    0B    0B    426  1    sleeping *0[334]   0.00000 0.00000    501 14487    724  3977     1543     17051     11842    11810     446     116     0.0   0         0         maxieds                N/A    N/A   N/A   N/A   N/A   N/A  
425   routined         0.0  00:00.64 2     1   102    4492K  276K  0B    425  1    sleeping  0[6]     0.00000 0.00000    501 6091     272  531      181      9023      3060     2672      122     35      0.0   0         0         maxieds                N/A    N/A   N/A   N/A   N/A   N/A  
422   sharedfilelistd  0.0  00:00.16 3     2   62     1380K  0B    0B    422  1    sleeping  0[28]    0.00000 0.00000    501 2980     174  438      188      3208      1051     745       4       3       0.0   0         0         maxieds                N/A    N/A   N/A   N/A   N/A   N/A  
421   automountd       0.0  00:00.03 5     2   28     816K   0B    0B    421  1    sleeping *0[1]     0.00000 0.00000    0   1544     242  118      72       1107      424      295       0       17      0.0   0         0         root                   N/A    N/A   N/A   N/A   N/A   N/A  
420   donotdisturbd    0.0  00:00.44 2     1   105    3324K  0B    0B    420  1    sleeping  0[9]     0.00000 0.00000    501 6286     295  433      159      5067      2314     2223      72      4       0.0   0         0         maxieds                N/A    N/A   N/A   N/A   N/A   N/A  
419   AppSSOAgent      0.0  00:00.17 3     1   161    6040K  0B    0B    419  1    sleeping *0[16]    0.00000 0.00000    501 5109     273  748      258      2246      1745     1215      13      1       0.0   0         0         maxieds                N/A    N/A   N/A   N/A   N/A   N/A  
418   contactsd        0.0  00:00.31 2     1   77     1676K  0B    0B    418  1    sleeping  0[123]   0.00000 0.00000    501 3354     178  1066     672      6709      3752     2724      1       9       0.0   0         0         maxieds                N/A    N/A   N/A   N/A   N/A   N/A  
417   cloudd           0.0  00:00.92 2     1   99     2820K  104K  0B    417  1    sleeping *6[2]     0.00000 0.00000    501 10359    257  2345     1234     21731     7812     6162      119     153     0.0   0         0         maxieds                N/A    N/A   N/A   N/A   N/A   N/A  
416   rapportd         0.0  00:00.23 2     1   117    1768K  0B    0B    416  1    sleeping *0[1]     0.00000 0.00000    501 4479     249  574      231      2714      1451     1449      127     7       0.0   0         0         maxieds                N/A    N/A   N/A   N/A   N/A   N/A  
415   distnoted        0.0  00:00.04 2     1   29     404K   0B    0B    415  1    sleeping *0[1]     0.00000 0.00000    55  1218     86   98       62       511       278      140       0       0       0.0   0         0         _appleevents           N/A    N/A   N/A   N/A   N/A   N/A  
414   Spotlight        0.0  00:01.01 4     1   205    9684K  20K   0B    414  1    sleeping *0[52]    0.00000 0.00000    501 12970    484  2363     903      9091      6310     5834      389     91      0.0   0         0         maxieds                N/A    N/A   N/A   N/A   N/A   N/A  
413   CalendarAgent    0.0  00:01.03 2     1   137    6568K  332K  0B    413  1    sleeping *1[26]    0.00000 0.00000    501 9405     324  815      424      15360     3178     4743      185     16      0.0   0         0         maxieds                N/A    N/A   N/A   N/A   N/A   N/A  
412   usernoted        0.0  00:00.53 2     1   139    2132K  60K   0B    412  1    sleeping *0[1]     0.00000 0.00000    501 4912     236  542      414      8398      1738     2184      13      4       0.0   0         0         maxieds                N/A    N/A   N/A   N/A   N/A   N/A  
411   accountsd        0.0  00:00.59 2     1   52     1740K  104K  0B    411  1    sleeping  0[382]   0.00000 0.00000    501 2873     148  1290     1317     12143     6384     3740      114     28      0.0   0         0         maxieds                N/A    N/A   N/A   N/A   N/A   N/A  
410   containermanager 0.0  00:00.36 2     1   40     2952K  0B    0B    410  1    sleeping  0[166]   0.00000 0.00000    501 3996     164  922      605      6433      2290     2856      0       1       0.0   0         0         maxieds                N/A    N/A   N/A   N/A   N/A   N/A  
409   siriactionsd     0.0  00:00.47 2     1   98     2372K  64K   0B    409  1    sleeping  0[8]     0.00000 0.00000    501 6122     286  572      236      5425      2063     2374      215     19      0.0   0         0         maxieds                N/A    N/A   N/A   N/A   N/A   N/A  
408   filecoordination 0.0  00:00.16 2     1   60     1140K  0B    0B    408  1    sleeping *0[1]     0.00000 0.00000    0   2593     146  815      567      3960      2218     1225      3       16      0.0   0         0         root                   N/A    N/A   N/A   N/A   N/A   N/A  
407   syncdefaultsd    0.0  00:00.24 2     1   74     2908K  128K  0B    407  1    sleeping  0[17]    0.00000 0.00000    501 3755     215  590      320      5079      1714     1484      38      14      0.0   0         0         maxieds                N/A    N/A   N/A   N/A   N/A   N/A  
406   secinitd         0.0  00:00.22 2     1   37     1004K  0B    0B    406  1    sleeping  0[3]     0.00000 0.00000    501 2641     129  606      265      5747      1229     673       0       2       0.0   0         0         maxieds                N/A    N/A   N/A   N/A   N/A   N/A  
405   pkd              0.0  00:00.82 2     1   77     2100K  0B    0B    405  1    sleeping  0[26]    0.00000 0.00000    501 5480     165  1680     384      12155     3942     3795      0       30      0.0   0         0         maxieds                N/A    N/A   N/A   N/A   N/A   N/A  
404   QuickLookUIServi 0.0  00:00.11 3     1   146    2928K  0B    0B    404  1    sleeping  0[37]    0.00000 0.00000    501 4203     284  797      226      2175      1920     925       11      4       0.0   0         0         maxieds                N/A    N/A   N/A   N/A   N/A   N/A  
403   CloudKeychainPro 0.0  00:00.04 2     1   51     1148K  0B    0B    403  1    sleeping  0[1]     0.00000 0.00000    501 2031     150  182      71       990       402      269       6       0       0.0   0         0         maxieds                N/A    N/A   N/A   N/A   N/A   N/A  
401   pboard           0.0  00:00.11 2     1   57     668K   0B    0B    401  1    sleeping *0[1]     0.00000 0.00000    501 2286     115  510      414      3301      1396     1071      29      10      0.0   0         0         maxieds                N/A    N/A   N/A   N/A   N/A   N/A  
400   trustd           0.0  00:01.61 2     1   91     2896K  252K  0B    400  1    sleeping  0[229]   0.00000 0.00000    501 4507     187  844      723      20182     7802     4353      0       49      0.0   0         0         maxieds                N/A    N/A   N/A   N/A   N/A   N/A  
399   backgroundtaskma 0.0  00:00.04 2     1   50     1020K  0B    0B    399  1    sleeping  0[3]     0.00000 0.00000    501 1653     138  171      56       960       372      289       0       0       0.0   0         0         maxieds                N/A    N/A   N/A   N/A   N/A   N/A  
397   itunescloudd     0.0  00:00.33 2     1   93     2392K  0B    0B    397  1    sleeping *1[1]     0.00000 0.00000    501 5472     285  878      247      3589      1635     2305      239     59      0.0   0         0         maxieds                N/A    N/A   N/A   N/A   N/A   N/A  
396   tccd             0.0  00:01.18 2     1   53     1292K  28K   0B    396  1    sleeping  0[165]   0.00000 0.00000    501 4506     164  1588     1498     43060     7145     4292      0       28      0.0   0         0         maxieds                N/A    N/A   N/A   N/A   N/A   N/A  
395   secd             0.0  00:00.38 2     1   129    2956K  340K  0B    395  1    sleeping *0[1]     0.00000 0.00000    501 4661     309  942      524      6903      2670     1951      63      22      0.0   0         0         maxieds                N/A    N/A   N/A   N/A   N/A   N/A  
394   csnameddatad     0.0  00:00.01 2     1   41     624K   0B    0B    394  1    sleeping  0[17]    0.00000 0.00000    501 811      104  137      72       544       293      93        0       1       0.0   0         0         maxieds                N/A    N/A   N/A   N/A   N/A   N/A  
391   Finder           0.0  00:12.87 4     2   307    25M    268K  0B    391  1    sleeping *0[129]   0.00000 0.00000    501 129698   877  26618    33922    133576    177812   68074     1022    294     0.0   0         0         maxieds                N/A    N/A   N/A   N/A   N/A   N/A  
390   lsd              0.0  00:00.64 2     1   278    1540K  0B    0B    390  1    sleeping  0[608]   0.00000 0.00000    501 9074     205  3229     2310     15420     8097     5474      1444    46      0.0   0         0         maxieds                N/A    N/A   N/A   N/A   N/A   N/A  
389   SystemUIServer   0.0  00:00.82 4     2   238    9552K  64K   0B    389  1    sleeping *0[101]   0.00000 0.00000    501 10813    435  5249     1978     22514     7937     4969      810     48      0.0   0         0         maxieds                N/A    N/A   N/A   N/A   N/A   N/A  
387   talagent         0.0  00:00.13 2     1   127    2932K  0B    0B    387  1    sleeping *0[1]     0.00000 0.00000    501 3989     266  911      388      2589      2357     1429      2       2       0.0   0         0         maxieds                N/A    N/A   N/A   N/A   N/A   N/A  
386   Dock             0.0  00:02.07 3     1   287    30M    3144K 0B    386  1    sleeping *1[178]   0.00000 0.00000    501 55693    495  5745     1103     17286     14685    14595     7121    106     0.0   0         0         maxieds                N/A    N/A   N/A   N/A   N/A   N/A  
385   knowledge-agent  0.0  00:01.30 2     1   125    5948K  500K  0B    385  1    sleeping  0[60]    0.00000 0.00000    501 10862    351  874      487      25791     5228     4866      17      34      0.0   0         0         maxieds                N/A    N/A   N/A   N/A   N/A   N/A  
384   universalaccessd 0.0  00:00.29 3     1   190    3104K  0B    0B    384  1    sleeping *1[35]    0.00000 0.00000    501 4033     256  3518     1261     6611      7970     6604      17      70      0.0   0         0         maxieds                N/A    N/A   N/A   N/A   N/A   N/A  
382   gamecontrollerd  0.0  00:00.28 3     2   59     1068K  0B    0B    382  1    sleeping  0[3]     0.00000 0.00000    247 2772     156  1186     199      8410      3851     5865      13      503     0.0   0         0         _gamecontrollerd       N/A    N/A   N/A   N/A   N/A   N/A  
381   UserEventAgent   0.0  00:00.66 2     1   370    2432K  0B    0B    381  1    sleeping *0[1]     0.00000 0.00000    501 5545     243  4450     2433     15309     6724     4224      5       24      0.0   0         0         maxieds                N/A    N/A   N/A   N/A   N/A   N/A  
380   securityd_servic 0.0  00:00.11 2     1   27     568K   0B    0B    380  1    sleeping *0[1]     0.00000 0.00000    0   1334     105  126      55       430       210      145       0       0       0.0   0         0         root                   N/A    N/A   N/A   N/A   N/A   N/A  
379   cfprefsd         0.0  00:03.70 2     1   311    756K   344K  0B    379  1    sleeping  0[1169]  0.00000 0.00000    501 4344     89   5794     6510     110947    20661    23380     0       133     0.0   0         0         maxieds                N/A    N/A   N/A   N/A   N/A   N/A  
378   distnoted        0.0  00:00.72 2     1   238    648K   0B    0B    378  1    sleeping *0[1]     0.00000 0.00000    501 1519     87   1398     5133     35330     11650    6181      0       0       0.0   0         0         maxieds                N/A    N/A   N/A   N/A   N/A   N/A  
376   coreauthd        0.0  00:00.06 2     1   41     1216K  0B    0B    376  1    sleeping  0[6]     0.00000 0.00000    0   1931     167  903      449      924       853      309       26      0       0.0   0         0         root                   N/A    N/A   N/A   N/A   N/A   N/A  
372   systemstats      0.0  00:00.05 3     1   123    1352K  0B    0B    108  108  sleeping  0[0]     0.00000 0.00000    0   1487     187  813      456      1200      1149     831       0       10      0.0   0         0         root                   N/A    N/A   N/A   N/A   N/A   N/A  
371   AppleCameraAssis 0.0  00:00.04 4     1   72     804K   0B    0B    371  1    sleeping *0[1]     0.00000 0.00000    262 1070     130  999      401      1164      1703     492       2       0       0.0   0         0         _cmiodalassistants     N/A    N/A   N/A   N/A   N/A   N/A  
370   GSSCred          0.0  00:00.04 3     2   37     884K   0B    0B    370  1    sleeping *0[1]     0.00000 0.00000    0   2152     141  112      55       1048      275      164       1       1       0.0   0         0         root                   N/A    N/A   N/A   N/A   N/A   N/A  
367   sysmond          0.0  00:00.99 2     1   17     580K   0B    0B    367  1    sleeping  0[18]    0.00000 0.00000    0   1163     105  62396    38061    60100     60487    15671     2       12      0.0   0         0         root                   N/A    N/A   N/A   N/A   N/A   N/A  
365   symptomsd-diag   0.0  00:00.12 3     2   44     1320K  0B    0B    365  1    sleeping  0[0]     0.00000 0.00000    0   2530     167  127      48       1350      296      767       45      1       0.0   0         0         root                   N/A    N/A   N/A   N/A   N/A   N/A  
364   com.apple.Accoun 0.0  00:00.01 2     1   20     740K   0B    0B    364  1    sleeping  0[18]    0.00000 0.00000    0   961      107  129      105      865       422      150       1       4       0.0   0         0         root                   N/A    N/A   N/A   N/A   N/A   N/A  
362   bootinstalld     0.0  00:00.03 2     1   30     856K   0B    0B    362  1    sleeping  0[1]     0.00000 0.00000    0   2096     149  84       34       793       177      33        1       0       0.0   0         0         root                   N/A    N/A   N/A   N/A   N/A   N/A  
360   locationd        0.0  00:00.48 3     1   166    2796K  44K   0B    360  1    sleeping  0[25]    0.00000 0.00000    205 4690     332  1407     362      12920     7628     6406      0       508     0.0   0         0         _locationd             N/A    N/A   N/A   N/A   N/A   N/A  
358   wifianalyticsd   0.0  00:00.13 5     4   59     1712K  0B    0B    358  1    sleeping  0[9]     0.00000 0.00000    0   3309     217  235      117      1770      664      743       5       0       0.0   0         0         root                   N/A    N/A   N/A   N/A   N/A   N/A  
357   appleeventsd     0.0  00:00.12 2     1   95     704K   0B    0B    357  1    sleeping  0[30]    0.00000 0.00000    55  2160     131  847      432      2644      2073     1189      0       17      0.0   0         0         _appleevents           N/A    N/A   N/A   N/A   N/A   N/A  
356   colorsyncd       0.0  00:00.05 2     1   30     672K   0B    0B    356  1    sleeping  0[37]    0.00000 0.00000    0   1619     116  113      73       1071      276      373       0       0       0.0   0         0         root                   N/A    N/A   N/A   N/A   N/A   N/A  
355   colorsync.displa 0.0  00:00.05 2     1   43     928K   0B    0B    355  1    sleeping  0[7]     0.00000 0.00000    0   1194     120  210      56       1334      543      1197      1       0       0.0   0         0         root                   N/A    N/A   N/A   N/A   N/A   N/A  
352   WiFiCloudAssetsX 0.0  00:00.02 2     1   25     996K   0B    0B    352  1    sleeping  0[1]     0.00000 0.00000    0   1729     155  96       45       748       198      190       0       0       0.0   0         0         root                   N/A    N/A   N/A   N/A   N/A   N/A  
351   secinitd         0.0  00:00.07 2     1   35     912K   0B    0B    351  1    sleeping  0[2]     0.00000 0.00000    0   1869     128  151      66       1192      320      181       0       0       0.0   0         0         root                   N/A    N/A   N/A   N/A   N/A   N/A  
350   distnoted        0.0  00:00.05 2     1   29     420K   0B    0B    350  1    sleeping *0[1]     0.00000 0.00000    88  1224     86   98       74       571       302      117       0       0       0.0   0         0         _windowserver          N/A    N/A   N/A   N/A   N/A   N/A  
348   hidd             0.0  00:00.03 2     1   30     660K   0B    0B    348  1    sleeping *0[1]     0.00000 0.00000    261 844      105  576      417      1727      2156     822       0       0       0.0   0         0         _hidd                  N/A    N/A   N/A   N/A   N/A   N/A  
347   BlueTool         0.0  00:00.02 2     1   31     704K   0B    0B    347  1    sleeping  0[3]     0.00000 0.00000    0   934      114  122      71       508       272      86        1       0       0.0   0         0         root                   N/A    N/A   N/A   N/A   N/A   N/A  
336   distnoted        0.0  00:00.04 2     1   29     412K   0B    0B    336  1    sleeping *0[1]     0.00000 0.00000    278 1216     86   99       74       572       302      172       0       0       0.0   0         0         _accessoryupdater      N/A    N/A   N/A   N/A   N/A   N/A  
334   siriinferenced   0.0  00:00.08 2     1   33     1196K  0B    0B    334  1    sleeping  0[2]     0.00000 0.00000    0   2588     192  98       49       903       204      381       162     3       0.0   0         0         root                   N/A    N/A   N/A   N/A   N/A   N/A  
333   com.apple.Mobile 0.0  00:00.17 2     1   34     944K   0B    0B    333  1    sleeping  0[0]     0.00000 0.00000    0   1519     163  6349     3165     1301      5309     434       3       6       0.0   0         0         root                   N/A    N/A   N/A   N/A   N/A   N/A  
332   UVCAssistant     0.0  00:00.07 2     1   59     1268K  0B    0B    332  1    sleeping *0[1]     0.00000 0.00000    262 2220     154  248      108      1209      553      326       23      2       0.0   0         0         _cmiodalassistants     N/A    N/A   N/A   N/A   N/A   N/A  
331   XProtectPluginSe 0.0  00:01.26 2     1   37     1156K  0B    0B    331  1    sleeping  0[0]     0.00000 0.00000    0   15064    165  369      130      33702     27684    4570      30      13      0.0   0         0         root                   N/A    N/A   N/A   N/A   N/A   N/A  
330   distnoted        0.0  00:00.02 2     1   29     412K   0B    0B    330  1    sleeping *0[1]     0.00000 0.00000    262 1208     86   99       75       577       302      81        0       0       0.0   0         0         _cmiodalassistants     N/A    N/A   N/A   N/A   N/A   N/A  
329   sysextd          0.0  00:00.09 2     1   33     1064K  0B    0B    329  1    sleeping  0[0]     0.00000 0.00000    0   2174     187  110      49       889       271      138       4       2       0.0   0         0         root                   N/A    N/A   N/A   N/A   N/A   N/A  
327   distnoted        0.0  00:00.05 2     1   30     404K   0B    0B    327  1    sleeping *0[1]     0.00000 0.00000    89  1219     87   130      150      912       465      184       0       0       0.0   0         0         _spotlight             N/A    N/A   N/A   N/A   N/A   N/A  
319   thermald         0.0  00:00.02 2     1   33     664K   0B    0B    319  1    sleeping *0[1]     0.00000 0.00000    0   1015     121  166      59       785       249      193       3       0       0.0   0         0         root                   N/A    N/A   N/A   N/A   N/A   N/A  
318   com.apple.AppleU 0.0  00:00.25 2     1   138    716K   0B    0B    318  1    sleeping  0[1]     0.00000 0.00000    270 3534     57   3511     2212     2150      4289     1849      35      0       0.0   0         0         _driverkit             N/A    N/A   N/A   N/A   N/A   N/A  
314   mds_stores       0.0  21:37.58 6     4/1 108    85M    8504K 0B    314  1    stuck    *0[1]     0.00000 0.00000    0   11709023 1482 772546   501071   30888936  2952605  6581517   199134  5243    0.0   0         0         root                   N/A    N/A   N/A   N/A   N/A   N/A  
313   distnoted        0.0  00:00.05 2     1   29     412K   0B    0B    313  1    sleeping *0[1]     0.00000 0.00000    242 1206     86   98       77       585       305      137       0       0       0.0   0         0         _nsurlsessiond         N/A    N/A   N/A   N/A   N/A   N/A  
311   FindMyMacd       0.0  00:00.01 2     1   29     600K   0B    0B    311  1    sleeping *0[1]     0.00000 0.00000    0   822      119  92       43       463       166      77        0       0       0.0   0         0         root                   N/A    N/A   N/A   N/A   N/A   N/A  
310   suhelperd        0.0  00:00.03 2     1   33     896K   0B    0B    310  1    sleeping  0[5]     0.00000 0.00000    0   1553     156  101      47       718       237      246       0       0       0.0   0         0         root                   N/A    N/A   N/A   N/A   N/A   N/A  
309   distnoted        0.0  00:00.05 2     1   29     412K   0B    0B    309  1    sleeping *0[1]     0.00000 0.00000    200 1215     86   98       79       592       311      315       0       0       0.0   0         0         _softwareupdate        N/A    N/A   N/A   N/A   N/A   N/A  
308   com.apple.audio. 0.0  00:00.02 2     1   20     616K   0B    0B    308  1    sleeping  0[5]     0.00000 0.00000    202 784      102  117      59       583       249      76        0       0       0.0   0         0         _coreaudiod            N/A    N/A   N/A   N/A   N/A   N/A  
306   com.apple.audio. 0.0  00:00.07 2     1   23     3320K  0B    0B    306  1    sleeping  0[2]     0.00000 0.00000    202 1800     128  108      44       661       228      83        0       0       0.0   0         0         _coreaudiod            N/A    N/A   N/A   N/A   N/A   N/A  
305   AudioComponentRe 0.0  00:00.10 2     1   34     812K   24K   0B    305  1    sleeping  0[6]     0.00000 0.00000    0   2040     125  144      78       974       407      202       10      0       0.0   0         0         root                   N/A    N/A   N/A   N/A   N/A   N/A  
304   socketfilterfw   0.0  00:00.24 3     1   50     1080K  0B    0B    304  1    sleeping *0[1]     0.00000 0.00000    0   2222     131  203      70       6633      910      885       0       1       0.0   0         0         root                   N/A    N/A   N/A   N/A   N/A   N/A  
302   ReportCrash      0.0  00:00.02 3     1   31     796K   0B    0B    302  1    sleeping *0[1]     0.00000 0.00000    0   1240     142  98       45       535       232      130       8       1       0.0   0         0         root                   N/A    N/A   N/A   N/A   N/A   N/A  
301   softwareupdated  0.0  00:00.63 2     1   84     2436K  0B    0B    301  1    sleeping  0[20]    0.00000 0.00000    200 5175     267  387      159      3989      893      2897      340     0       0.0   0         0         _softwareupdate        N/A    N/A   N/A   N/A   N/A   N/A  
300   osanalyticshelpe 0.0  00:00.05 2     1   37     1008K  0B    0B    300  1    sleeping  0[2]     0.00000 0.00000    0   1342     142  154      82       1471      441      417       6       1       0.0   0         0         root                   N/A    N/A   N/A   N/A   N/A   N/A  
273   searchpartyd     0.0  00:00.26 2     1   50     1840K  0B    0B    273  1    sleeping  0[6]     0.00000 0.00000    0   3864     302  201      82       1873      559      1340      61      1       0.0   0         0         root                   N/A    N/A   N/A   N/A   N/A   N/A  
272   backupd-helper   0.0  00:00.03 3     2   61     892K   0B    0B    272  1    sleeping  0[0]     0.00000 0.00000    0   1273     139  180      84       829       407      268       1       4       0.0   0         0         root                   N/A    N/A   N/A   N/A   N/A   N/A  
262   containermanager 0.0  00:00.09 2     1   38     968K   0B    0B    262  1    sleeping  0[4]     0.00000 0.00000    205 2067     162  152      63       1027      344      308       0       0       0.0   0         0         _locationd             N/A    N/A   N/A   N/A   N/A   N/A  
258   systemstatusd    0.0  00:00.06 2     1   40     684K   0B    0B    258  1    sleeping  0[5]     0.00000 0.00000    0   1697     122  91       52       779       204      294       5       1       0.0   0         0         root                   N/A    N/A   N/A   N/A   N/A   N/A  
256   trustd           0.0  00:00.12 2     1   36     2260K  0B    0B    256  1    sleeping  0[1]     0.00000 0.00000    205 2622     154  175      64       3116      478      411       0       2       0.0   0         0         _locationd             N/A    N/A   N/A   N/A   N/A   N/A  
255   cfprefsd         0.0  00:00.02 2     1   34     516K   0B    0B    255  1    sleeping  0[19]    0.00000 0.00000    205 670      88   140      66       654       367      118       0       0       0.0   0         0         _locationd             N/A    N/A   N/A   N/A   N/A   N/A  
254   VDCAssistant     0.0  00:00.10 2     1   53     1340K  0B    0B    254  1    sleeping *0[1]     0.00000 0.00000    262 2070     145  342      141      932       686      475       25      4       0.0   0         0         _cmiodalassistants     N/A    N/A   N/A   N/A   N/A   N/A  
253   usbd             0.0  00:00.05 2     1   48     800K   0B    0B    253  1    sleeping  0[0]     0.00000 0.00000    0   1887     129  380      226      722       721      217       0       0       0.0   0         0         root                   N/A    N/A   N/A   N/A   N/A   N/A  
252   secinitd         0.0  00:00.08 2     1   36     864K   0B    0B    252  1    sleeping  0[1]     0.00000 0.00000    205 1926     129  157      58       953       346      270       3       0       0.0   0         0         _locationd             N/A    N/A   N/A   N/A   N/A   N/A  
251   apfsd            0.0  00:00.04 2     1   43     644K   0B    0B    251  1    sleeping *0[1]     0.00000 0.00000    0   975      111  1043     453      402       1159     339       0       1       0.0   0         0         root                   N/A    N/A   N/A   N/A   N/A   N/A  
250   com.apple.ifdrea 0.0  00:00.03 2     1   32     780K   0B    0B    250  1    sleeping  0[2]     0.00000 0.00000    0   1014     114  122      60       480       213      89        0       0       0.0   0         0         root                   N/A    N/A   N/A   N/A   N/A   N/A  
249   com.apple.geod   0.0  00:00.65 2     1   64     3408K  32K   0B    249  1    sleeping *2[1]     0.00000 0.00000    205 4854     248  393      1074     15419     2990     6030      246     11      0.0   0         0         _locationd             N/A    N/A   N/A   N/A   N/A   N/A  
248   distnoted        0.0  00:00.05 2     1   32     404K   0B    0B    248  1    sleeping *0[1]     0.00000 0.00000    205 1238     87   100      82       649       318      303       0       0       0.0   0         0         _locationd             N/A    N/A   N/A   N/A   N/A   N/A  
247   amfid            0.0  00:00.04 2     1   38     1076K  0B    0B    247  1    sleeping *0[1]     0.00000 0.00000    0   1390     115  111      59       820       300      186       1       0       0.0   0         0         root                   N/A    N/A   N/A   N/A   N/A   N/A  
246   com.apple.audio. 0.0  00:00.41 3     1   357    880K   0B    0B    246  1    sleeping  0[2189]  0.00000 0.00000    202 1276     124  3380     3087     14761     9521     4863      0       0       0.0   0         0         _coreaudiod            N/A    N/A   N/A   N/A   N/A   N/A  
242   distnoted        0.0  00:00.05 2     1   29     412K   0B    0B    242  1    sleeping *0[1]     0.00000 0.00000    202 1203     86   98       79       594       309      260       0       0       0.0   0         0         _coreaudiod            N/A    N/A   N/A   N/A   N/A   N/A  
240   csnameddatad     0.0  00:00.01 2     1   23     564K   0B    0B    240  1    sleeping  0[2]     0.00000 0.00000    0   755      104  98       42       432       197      67        0       0       0.0   0         0         root                   N/A    N/A   N/A   N/A   N/A   N/A  
239   nsurlsessiond    0.0  00:00.87 5     4   83     1884K  0B    0B    239  1    stuck    *23[3]    0.00000 0.00000    242 5662     244  359      1091     21128     1974     7858      71      476     0.0   0         0         _nsurlsessiond         N/A    N/A   N/A   N/A   N/A   N/A  
237   awdd             0.0  00:00.15 2     1   77     1112K  24K   0B    237  1    sleeping  0[20]    0.00000 0.00000    0   1816     146  245      128      2913      694      1090      17      1       0.0   0         0         root                   N/A    N/A   N/A   N/A   N/A   N/A  
236   mobileassetd     0.0  00:05.38 2     1   84     1476K  0B    0B    236  1    sleeping  0[17]    0.00000 0.00000    0   34105    213  8305     295      39260     9195     14970     32      995     0.0   0         0         root                   N/A    N/A   N/A   N/A   N/A   N/A  
235   backupd          0.0  00:00.19 3     2   48     1204K  0B    0B    235  1    sleeping *0[1]     0.00000 0.00000    0   2007     216  137      87       1006      351      1060      41      5       0.0   0         0         root                   N/A    N/A   N/A   N/A   N/A   N/A  
231   lsd              0.0  00:00.28 3     2   78     1116K  0B    0B    231  1    sleeping  0[56]    0.00000 0.00000    0   5318     146  592      413      4198      1450     1770      1849    8       0.0   0         0         root                   N/A    N/A   N/A   N/A   N/A   N/A  
223   analyticsd       0.0  00:03.19 2     1   291    2128K  3712K 0B    223  1    sleeping *22[3]    0.00000 0.00000    263 9403     167  6073     3961     54545     20464    14780     67      74      0.0   0         0         _analyticsd            N/A    N/A   N/A   N/A   N/A   N/A  
222   com.apple.CodeSi 0.0  00:00.17 2     1   20     620K   0B    0B    222  1    sleeping  0[66]    0.00000 0.00000    0   1976     111  275      298      7532      911      825       0       8       0.0   0         0         root                   N/A    N/A   N/A   N/A   N/A   N/A  
219   findmydeviced    0.0  00:00.15 2     1   62     1588K  0B    0B    219  1    sleeping  0[2]     0.00000 0.00000    0   2786     250  269      110      1660      673      1087      92      13      0.0   0         0         root                   N/A    N/A   N/A   N/A   N/A   N/A  
218   mDNSResponder    0.0  00:00.37 3     1   124    1176K  0B    0B    218  1    sleeping *0[1]     0.00000 0.00000    65  2638     159  1341     694      12001     3339     4436      22      87      0.0   0         0         _mdnsresponder         N/A    N/A   N/A   N/A   N/A   N/A  
216   symptomsd        0.0  00:00.33 2     1   77     2252K  128K  0B    216  1    sleeping  0[52]    0.00000 0.00000    24  3417     199  392      196      5744      1286     2096      110     13      0.0   0         0         _networkd              N/A    N/A   N/A   N/A   N/A   N/A  
215   nehelper         0.0  00:00.73 2     1   75     1356K  0B    0B    215  1    sleeping  0[44]    0.00000 0.00000    0   3342     152  344      157      3994      787      1783      37      7       0.0   0         0         root                   N/A    N/A   N/A   N/A   N/A   N/A  
214   PowerUIAgent     0.0  00:00.08 2     1   36     832K   0B    0B    214  1    sleeping *0[1]     0.00000 0.00000    0   1602     137  115      69       795       264      399       96      0       0.0   0         0         root                   N/A    N/A   N/A   N/A   N/A   N/A  
213   contextstored    0.0  00:01.56 3     2   107    2512K  404K  0B    213  1    sleeping  0[316]   0.00000 0.00000    0   9398     217  3763     2564     29526     13784    14567     265     535     0.0   0         0         root                   N/A    N/A   N/A   N/A   N/A   N/A  
212   PlugInLibrarySer 0.0  00:00.01 2     1   22     604K   0B    0B    212  1    sleeping  0[3]     0.00000 0.00000    0   728      103  85       41       395       161      70        0       0       0.0   0         0         root                   N/A    N/A   N/A   N/A   N/A   N/A  
211   containermanager 0.0  00:00.13 2     1   34     976K   0B    0B    211  1    sleeping  0[21]    0.00000 0.00000    0   2100     157  153      91       1417      426      628       5       1       0.0   0         0         root                   N/A    N/A   N/A   N/A   N/A   N/A  
209   diskmanagementd  0.0  00:00.05 3     1   45     1012K  0B    0B    209  1    sleeping *0[1]     0.00000 0.00000    0   1216     197  274      86       811       975      428       6       3       0.0   0         0         root                   N/A    N/A   N/A   N/A   N/A   N/A  
202   coreaudiod       0.0  00:01.90 5     1   483    8688K  0B    0B    202  1    sleeping *0[1]     0.00000 0.00000    202 10345    296  27562    22808    83773     99895    37633     141     129     0.0   0         0         _coreaudiod            N/A    N/A   N/A   N/A   N/A   N/A  
189   airportd         0.0  00:00.99 6     4   190    2540K  0B    0B    189  1    sleeping *4[1]     0.00000 0.00000    0   4997     262  4748     2402     12642     4835     6217      184     105     0.0   0         0         root                   N/A    N/A   N/A   N/A   N/A   N/A  
182   distnoted        0.0  00:00.06 2     1   35     420K   0B    0B    182  1    sleeping *0[1]     0.00000 0.00000    0   1232     87   99       86       669       317      328       0       0       0.0   0         0         root                   N/A    N/A   N/A   N/A   N/A   N/A  
180   authd            0.0  00:00.24 3     2   54     980K   0B    0B    180  1    sleeping  0[60]    0.00000 0.00000    0   2137     142  396      210      6385      1569     1286      1       2       0.0   0         0         root                   N/A    N/A   N/A   N/A   N/A   N/A  
176   coreservicesd    0.0  00:00.57 4     1   222    2224K  0B    0B    176  1    sleeping *0[1]     0.00000 0.00000    0   2485     113  20465    9292     13353     37984    5813      1       15      0.0   0         0         root                   N/A    N/A   N/A   N/A   N/A   N/A  
175   runningboardd    0.0  00:02.97 5     4   225    1848K  0B    0B    175  1    sleeping *4[1]     0.00000 0.00000    0   9871     153  3898     3972     82382     13590    33187     96      567     0.0   0         0         root                   N/A    N/A   N/A   N/A   N/A   N/A  
173   syspolicyd       0.0  00:03.73 2     1   77     50M    724K  0B    173  1    sleeping *0[1]     0.00000 0.00000    0   47171    4615 614      416      40831     4090     7885      3783    3       0.0   0         0         root                   N/A    N/A   N/A   N/A   N/A   N/A  
172   loginwindow      0.0  00:01.01 2     1   293    12M    0B    0B    172  1    sleeping *0[29]    0.00000 0.00000    501 12921    404  2512     1232     9202      7206     7069      447     21      0.0   0         0         maxieds                N/A    N/A   N/A   N/A   N/A   N/A  
171   trustd           0.0  00:03.09 2     1   80     2736K  160K  0B    171  1    sleeping  0[1693]  0.00000 0.00000    282 4824     190  1205     2841     45072     15908    12743     61      50      0.0   0         0         _trustd                N/A    N/A   N/A   N/A   N/A   N/A  
169   aslmanager       0.0  00:00.05 2     1   16     408K   0B    0B    169  1    sleeping *0[1]     0.00000 0.00000    0   489      73   70       37       620       157      421       0       7       0.0   0         0         root                   N/A    N/A   N/A   N/A   N/A   N/A  
168   tccd             0.0  00:02.49 2     1   41     1564K  28K   0B    168  1    sleeping  0[349]   0.00000 0.00000    0   6526     163  2503     2382     94702     12475    9523      44      30      0.0   0         0         root                   N/A    N/A   N/A   N/A   N/A   N/A  
167   taskgated        0.0  00:00.14 1     0   21     704K   0B    0B    167  1    sleeping *0[1]     0.00000 0.00000    0   1305     111  88       31       1297      257      662       18      5       0.0   0         0         root                   N/A    N/A   N/A   N/A   N/A   N/A  
166   cfprefsd         0.0  00:03.63 2     1   512    828K   20K   0B    166  1    sleeping  0[1942]  0.00000 0.00000    0   4033     88   8050     9256     138533    29356    26082     1       220     0.0   0         0         root                   N/A    N/A   N/A   N/A   N/A   N/A  
165   com.apple.cmio.r 0.0  00:00.07 2     1   53     768K   0B    0B    165  1    sleeping  0[23]    0.00000 0.00000    0   1722     127  171      85       1009      462      276       1       2       0.0   0         0         root                   N/A    N/A   N/A   N/A   N/A   N/A  
164   AirPlayXPCHelper 0.0  00:00.38 4     1   168    1412K  0B    0B    164  1    sleeping *0[1]     0.00000 0.00000    0   3959     197  1368     582      4104      2667     3896      280     17      0.0   0         0         root                   N/A    N/A   N/A   N/A   N/A   N/A  
163   corebrightnessd  0.0  00:00.48 2     1   127    1268K  0B    0B    163  1    sleeping *0[1]     0.00000 0.00000    0   13805    179  2947     871      6120      8279     4485      136     117     0.0   0         0         root                   N/A    N/A   N/A   N/A   N/A   N/A  
162   sandboxd         0.0  00:00.08 2     1   35     1072K  0B    0B    162  1    sleeping *0[1]     0.00000 0.00000    0   1595     150  179      87       1470      588      717       15      1       0.0   0         0         root                   N/A    N/A   N/A   N/A   N/A   N/A  
161   notifyd          0.0  00:02.92 2     1   461    732K   0B    0B    161  1    sleeping *0[1]     0.00000 0.00000    0   1522     72   25170    35929    112630    105095   41955     5       2       0.0   0         0         root                   N/A    N/A   N/A   N/A   N/A   N/A  
160   bluetoothd       0.0  00:00.67 2     1   181    2712K  0B    0B    160  1    sleeping *0[1]     0.00000 0.00000    0   5709     266  1749     895      8218      3602     4466      315     173     0.0   0         0         root                   N/A    N/A   N/A   N/A   N/A   N/A  
158   KernelEventAgent 0.0  00:00.01 2     1   22     524K   0B    0B    158  1    sleeping *0[1]     0.00000 0.00000    0   686      101  81       30       581       152      163       3       0       0.0   0         0         root                   N/A    N/A   N/A   N/A   N/A   N/A  
157   revisiond        0.0  00:00.13 3     1   47     1380K  0B    0B    157  1    sleeping  0[0]     0.00000 0.00000    0   2228     161  174      58       2239      467      562       18      8       0.0   0         0         root                   N/A    N/A   N/A   N/A   N/A   N/A  
156   logind           0.0  00:00.09 2     1   69     760K   0B    0B    156  1    sleeping *0[1]     0.00000 0.00000    0   1608     161  178      119      868       440      941       100     1       0.0   0         0         root                   N/A    N/A   N/A   N/A   N/A   N/A  
154   PerfPowerService 0.0  00:03.26 3     1   276    3344K  276K  0B    154  1    sleeping *1[8]     0.00000 0.00000    0   8547     269  40299    20179    40837     106213   53945     190     295     0.0   0         0         root                   N/A    N/A   N/A   N/A   N/A   N/A  
153   AppleCredentialM 0.0  00:00.04 2     1   32     648K   0B    0B    153  1    sleeping *0[1]     0.00000 0.00000    0   1007     121  204      99       518       308      694       16      0       0.0   0         0         root                   N/A    N/A   N/A   N/A   N/A   N/A  
152   distnoted        0.0  00:00.14 2     1   125    432K   0B    0B    152  1    sleeping *0[1]     0.00000 0.00000    241 1320     87   782      781      4914      2199     1266      0       0       0.0   0         0         _distnote              N/A    N/A   N/A   N/A   N/A   N/A  
150   dasd             0.0  00:03.79 3     2   73     2424K  0B    0B    150  1    sleeping  0[112]   0.00000 0.00000    0   6191     269  2289     1398     62263     8241     24349     44      403     0.0   0         0         root                   N/A    N/A   N/A   N/A   N/A   N/A  
149   displaypolicyd   0.0  00:00.06 6     1   51     1756K  0B    0B    149  1    sleeping *0[1]     0.00000 0.00000    244 1599     136  575      285      1493      696      1275      4       8       0.0   0         0         _displaypolicyd        N/A    N/A   N/A   N/A   N/A   N/A  
148   autofsd          0.0  00:00.02 2     1   23     528K   0B    0B    148  1    sleeping *0[1]     0.00000 0.00000    0   820      106  75       32       361       154      133       0       0       0.0   0         0         root                   N/A    N/A   N/A   N/A   N/A   N/A  
143   auditd           0.0  00:00.01 2     1   32     524K   0B    0B    143  1    sleeping *0[1]     0.00000 0.00000    0   636      102  89       35       327       172      89        0       0       0.0   0         0         root                   N/A    N/A   N/A   N/A   N/A   N/A  
142   securityd        0.0  00:00.35 4     1   85     1648K  0B    0B    142  1    sleeping *0[1]     0.00000 0.00000    0   3308     133  924      125      5362      5278     2724      24      12      0.0   0         0         root                   N/A    N/A   N/A   N/A   N/A   N/A  
141   usbmuxd          0.0  00:00.23 3     1   39     1296K  0B    0B    141  1    sleeping *0[1]     0.00000 0.00000    213 2770     246  172      50       1618      756      1660      268     0       0.0   0         0         _usbmuxd               N/A    N/A   N/A   N/A   N/A   N/A  
140   timed            0.0  00:00.10 3     2   51     1040K  0B    0B    140  1    sleeping *0[1]     0.00000 0.00000    266 1546     140  243      170      1695      849      753       9       14      0.0   0         0         _timed                 N/A    N/A   N/A   N/A   N/A   N/A  
139   launchservicesd  0.0  00:01.04 2     1   290    1312K  0B    0B    139  1    sleeping  0[1871]  0.00000 0.00000    0   4358     138  13868    8238     54176     20493    12820     4       115     0.0   0         0         root                   N/A    N/A   N/A   N/A   N/A   N/A  
138   apsd             0.0  00:01.16 4     3   183    2000K  12K   0B    138  1    sleeping *0[1]     0.00000 0.00000    0   16887    258  4388     2242     27470     14088    11287     78      156     0.0   0         0         root                   N/A    N/A   N/A   N/A   N/A   N/A  
137   opendirectoryd   0.0  00:06.10 6     5   842    2736K  64K   0B    137  1    sleeping *0[1]     0.00000 0.00000    0   87281    160  20657    23508    302903    69586    92853     927     202     0.0   0         0         root                   N/A    N/A   N/A   N/A   N/A   N/A  
136   thermalmonitord  0.0  00:00.02 1     0   24     960K   0B    0B    136  1    sleeping *0[1]     0.00000 0.00000    0   910      212  62       28       309       139      267       5       0       0.0   0         0         root                   N/A    N/A   N/A   N/A   N/A   N/A  
133   syslogd          0.0  00:00.17 3     2   65     580K   0B    0B    133  1    sleeping  0[163]   0.00000 0.00000    0   1114     75   140      175      9434      2306     2516      1       42      0.0   0         0         root                   N/A    N/A   N/A   N/A   N/A   N/A  
132   coreduetd        0.0  00:00.68 2     1   54     2540K  960K  0B    132  1    sleeping  0[13]    0.00000 0.00000    0   6084     210  332      178      10014     3341     3100      168     12      0.0   0         0         root                   N/A    N/A   N/A   N/A   N/A   N/A  
129   diskarbitrationd 0.0  00:00.86 2     1   206    1008K  0B    0B    129  1    sleeping *0[1]     0.00000 0.00000    0   6778     1780 9758     4303     12742     60394    8881      8       0       0.0   0         0         root                   N/A    N/A   N/A   N/A   N/A   N/A  
128   kernelmanagerd   0.0  00:03.27 2     1   72     6496K  0B    0B    128  1    sleeping *0[1]     0.00000 0.00000    0   92844    565  723      403      29133     5532     6226      1161    0       0.0   0         0         root                   N/A    N/A   N/A   N/A   N/A   N/A  
127   iconservicesd    0.0  00:00.07 2     1   45     824K   0B    0B    127  1    sleeping  0[10]    0.00000 0.00000    240 1902     125  122      67       818       290      385       2       3       0.0   0         0         _iconservices          N/A    N/A   N/A   N/A   N/A   N/A  
122   watchdogd        0.0  00:00.20 3     1   46     700K   0B    0B    122  1    sleeping *0[1]     0.00000 0.00000    0   1084     116  3018     1542     1363      9557     3257      15      264     0.0   0         0         root                   N/A    N/A   N/A   N/A   N/A   N/A  
120   softwareupdated  0.0  00:00.17 2     1   49     1220K  0B    0B    120  1    sleeping  0[0]     0.00000 0.00000    200 2455     163  3161     1559     1429      2757     529       2       3       0.0   0         0         _softwareupdate        N/A    N/A   N/A   N/A   N/A   N/A  
119   keybagd          0.0  00:00.18 2     1   54     832K   0B    0B    119  1    sleeping *0[1]     0.00000 0.00000    0   1560     127  716      759      4579      2717     1879      6       17      0.0   0         0         root                   N/A    N/A   N/A   N/A   N/A   N/A  
117   remoted          0.0  00:00.07 2     1   66     756K   0B    0B    117  1    sleeping *0[1]     0.00000 0.00000    0   1231     116  373      211      787       630      812       42      0       0.0   0         0         root                   N/A    N/A   N/A   N/A   N/A   N/A  
113   daemondo         0.0  00:00.02 3     1   43     772K   0B    0B    113  1    sleeping *0[1]     0.00000 0.00000    0   981      145  89       37       375       210      138       7       0       0.0   0         0         root                   N/A    N/A   N/A   N/A   N/A   N/A  
111   endpointsecurity 0.0  00:00.01 1     0   32     536K   0B    0B    111  1    sleeping  0[0]     0.00000 0.00000    0   684      105  83       36       312       174      71        2       0       0.0   0         0         root                   N/A    N/A   N/A   N/A   N/A   N/A  
110   configd          0.0  00:00.84 7     1   364    1928K  0B    0B    110  1    sleeping *0[1]     0.00000 0.00000    0   6535     197  12925    7080     31070     19255    7823      53      7       0.0   0         0         root                   N/A    N/A   N/A   N/A   N/A   N/A  
108   systemstats      0.0  00:03.48 2     1   90     1672K  0B    0B    108  1    sleeping  0[25]    0.00000 0.00000    0   8894     250  17518    9167     500997    14928    12121     15      205     0.0   0         0         root                   N/A    N/A   N/A   N/A   N/A   N/A  
105   mediaremoted     0.0  00:00.72 3     1   160    1616K  0B    0B    105  1    sleeping  0[11]    0.00000 0.00000    0   6432     273  14371    3216     4463      16664    19946     348     6       0.0   0         0         root                   N/A    N/A   N/A   N/A   N/A   N/A  
103   uninstalld       0.0  00:00.15 2     1   20     596K   0B    0B    103  1    sleeping *0[1]     0.00000 0.00000    0   1596     115  439      27       4564      1657     2917      1       504     0.0   0         0         root                   N/A    N/A   N/A   N/A   N/A   N/A  
100   UserEventAgent   0.0  00:01.00 4     1   465    2068K  0B    0B    100  1    sleeping *0[1]     0.00000 0.00000    0   5168     222  5639     5129     16846     15457    9249      417     65      0.0   0         0         root                   N/A    N/A   N/A   N/A   N/A   N/A  
1     launchd          0.0  00:13.43 3     2   1683   13M    0B    0B    1    0    stuck     0[0]     0.00000 0.00000    0   17888    1510 53421    54314    363079    232511   120832    73      156     0.0   0         0         root                   N/A    N/A   N/A   N/A   N/A   N/A  
Processes: 343 total, 2 running, 6 stuck, 335 sleeping, 1055 threads 
2026/07/24 13:44:11
Load Avg: 1.54, 1.85, 1.90 
CPU usage: 0.72% user, 1.20% sys, 98.7% idle 
SharedLibs: 458M resident, 83M data, 37M linkedit.
MemRegions: 25393 total, 1170M resident, 179M private, 739M shared.
PhysMem: 6190M used (2217M wired), 2001M unused.
VM: 11T vsize, 3153M framework vsize, 0(0) swapins, 0(0) swapouts.
Networks: packets: 230/32K in, 236/32K out.
Disks: 702153/11G read, 244875/14G written.

PID   COMMAND          %CPU TIME     #TH   #WQ #PORTS MEM    PURG  CMPRS PGRP PPID STATE    BOOSTS    %CPU_ME %CPU_OTHRS UID FAULTS   COW  MSGSENT  MSGRECV  SYSBSD    SYSMACH  CSW       PAGEINS IDLEW   POWER INSTRS    CYCLES    USER                   #MREGS RPRVT VPRVT VSIZE KPRVT KSHRD
1976  top              3.1  00:00.34 1/1   0   26     2224K  0B    0B    1976 1107 running  *0[1]     0.00000 0.00000    0   2669+    108  106478+  53233+   7407+     63803+   106+      0       4+      3.1   116590310 91125518  root                   N/A    N/A   N/A   N/A   N/A   N/A  
170   WindowServer     2.0  03:14.64 12    5   793-   130M-  19M+  0B    170  1    sleeping *0[1]     0.09897 0.13779    88  300760+  1628 1041738+ 830289+  3269652+  3792014+ 1333026+  1181    28969+  2.2   20508996  34608269  _windowserver          N/A    N/A   N/A   N/A   N/A   N/A  
556   Terminal         0.8  04:26.53 9     3   417-   333M   63M   0B    556  1    sleeping *0[843]   0.13779 0.07461    501 3162698+ 1233 811082+  121584+  5654209+  3086222+ 1397703+  7212    11961+  1.1   8890178   14304617  maxieds                N/A    N/A   N/A   N/A   N/A   N/A  
0     kernel_task      0.6  02:37.58 165/4 0   0      195M   0B    0B    0    0    running   0[0]     0.00000 0.00000    0   9450     2635 1395516+ 1192462+ 0         0        13389914+ 102     783927+ 0.0   4352325   20965840  root                   N/A    N/A   N/A   N/A   N/A   N/A  
398   ViewBridgeAuxili 0.0  00:00.81 2     1   169    2060K  0B    0B    398  1    sleeping *0[4723+] 0.00000 0.00000    501 2907     181  14462+   5061+    11657+    43319+   15312+    0       23      0.0   299615    1032878   maxieds                N/A    N/A   N/A   N/A   N/A   N/A  
361   ViewBridgeAuxili 0.0  00:00.71 2     1   68     1748K  0B    0B    361  1    sleeping *0[4617+] 0.00000 0.00000    0   2479     171  14222+   4776+    10428+    42338+   12759+    0       15      0.0   306604    989581    root                   N/A    N/A   N/A   N/A   N/A   N/A  
112   powerd           0.0  00:02.89 3     2   123    1348K  0B    0B    112  1    sleeping *0[1]     0.00000 0.02436    0   12093+   160  18662+   13055+   53465+    46272+   35168+    212     371     0.0   236723    740014    root                   N/A    N/A   N/A   N/A   N/A   N/A  
175   runningboardd    0.0  00:02.97 2     1   222-   1816K- 0B    0B    175  1    sleeping *4[1]     0.00000 0.00000    0   9871     153  3898     3972     82404+    13590    33192+    96      568+    0.0   182680    431899    root                   N/A    N/A   N/A   N/A   N/A   N/A  
429   com.apple.hiserv 0.0  00:00.34 2     1   56     704K   0B    0B    429  1    sleeping  0[15]    0.00000 0.00000    501 1129     117  235      4720+    5863+     497      6818+     0       3       0.0   109715    420002    maxieds                N/A    N/A   N/A   N/A   N/A   N/A  
366   com.apple.hiserv 0.0  00:00.32 2     1   39     676K   0B    0B    366  1    sleeping  0[2]     0.00000 0.00000    0   1019     117  161      4690+    5419+     310      7002+     0       2       0.0   120477    392807    root                   N/A    N/A   N/A   N/A   N/A   N/A  
498   lockoutagent     0.0  00:00.97 4     3   72     1388K  0B    0B    498  1    sleeping *0[1]     0.00000 0.00000    501 2741     153  4037+    116      37149+    15933+   23159+    1       2541    0.0   92105     269034    maxieds                N/A    N/A   N/A   N/A   N/A   N/A  
213   contextstored    0.0  00:01.56 2     1   105-   2504K- 404K  0B    213  1    sleeping  0[316]   0.00000 0.00000    0   9398     217  3763     2564     29528+    13785+   14568+    265     536+    0.0   23535     99272     root                   N/A    N/A   N/A   N/A   N/A   N/A  
238   mDNSResponderHel 0.0  00:00.33 3     1   39     1044K  0B    0B    238  1    sleeping *0[1]     0.00000 0.00000    0   2166     138  7897+    3995+    5135+     4400+    5377+     1       2598+   0.0   12992     77517     root                   N/A    N/A   N/A   N/A   N/A   N/A  
677   lskdd            0.0  00:00.10 2     0   29     552K   0B    0B    677  1    sleeping *1[1]     0.00000 0.00000    265 1441     105  1492+    740+     1255+     884+     975+      0       505+    0.0   11537     69474     _fpsd                  N/A    N/A   N/A   N/A   N/A   N/A  
1974  mdworker_shared  0.0  00:00.28 4     1   49     1144K  0B    0B    1974 1    sleeping *0[1]     0.00000 0.00000    501 14346    169  623      269      4663      1815     419       0       2       0.0   0         0         maxieds                N/A    N/A   N/A   N/A   N/A   N/A  
1973  mdworker_shared  0.0  00:00.29 4     1   48     1092K  0B    0B    1973 1    sleeping *0[1]     0.00000 0.00000    501 14169    169  634      273      4694      1836     475       0       2       0.0   0         0         maxieds                N/A    N/A   N/A   N/A   N/A   N/A  
1972  mdworker_shared  0.0  00:00.26 4     1   49     1124K  0B    0B    1972 1    sleeping *0[1]     0.00000 0.00000    501 12740    169  611      263      4176      1645     425       0       2       0.0   0         0         maxieds                N/A    N/A   N/A   N/A   N/A   N/A  
1971  mdworker_shared  0.0  00:00.29 4     1   49     1148K  0B    0B    1971 1    sleeping *0[1]     0.00000 0.00000    501 13214    169  607      263      4154      1640     389       0       2       0.0   0         0         maxieds                N/A    N/A   N/A   N/A   N/A   N/A  
1970  mdworker_shared  0.0  00:00.26 4     1   49     1132K  0B    0B    1970 1    sleeping *0[1]     0.00000 0.00000    501 12631    169  609      264      4161      1639     373       0       2       0.0   0         0         maxieds                N/A    N/A   N/A   N/A   N/A   N/A  
1969  mdworker_shared  0.0  00:00.26 4     1   49     1152K  0B    0B    1969 1    sleeping *0[1]     0.00000 0.00000    501 13092    169  608      263      4257      1626     382       0       2       0.0   0         0         maxieds                N/A    N/A   N/A   N/A   N/A   N/A  
1968  mdworker_shared  0.0  00:00.27 4     1   49     1144K  0B    0B    1968 1    sleeping *0[1]     0.00000 0.00000    501 12744    169  609      263      4204      1640     360       0       2       0.0   0         0         maxieds                N/A    N/A   N/A   N/A   N/A   N/A  
1967  mdworker_shared  0.0  00:00.27 4     1   49     1128K  0B    0B    1967 1    sleeping *0[1]     0.00000 0.00000    501 12752    169  610      263      4185      1646     396       0       2       0.0   0         0         maxieds                N/A    N/A   N/A   N/A   N/A   N/A  
1966  mdworker_shared  0.0  00:00.26 4     1   49     1128K  0B    0B    1966 1    sleeping *0[1]     0.00000 0.00000    501 12671    169  610      263      4363      1637     368       0       2       0.0   0         0         maxieds                N/A    N/A   N/A   N/A   N/A   N/A  
1965  mdworker_shared  0.0  00:00.28 4     1   49     1136K  0B    0B    1965 1    sleeping *0[1]     0.00000 0.00000    501 14218    169  628      269      4825      1831     435       0       3       0.0   0         0         maxieds                N/A    N/A   N/A   N/A   N/A   N/A  
1963  mdworker_shared  0.0  00:00.05 4     1   42     1024K  0B    0B    1963 1    sleeping *0[1]     0.00000 0.00000    89  3585     169  509      228      980       509      118       1       8       0.0   0         0         _spotlight             N/A    N/A   N/A   N/A   N/A   N/A  
1950  mdworker_shared  0.0  00:00.07 4     1   43     1096K  0B    0B    1950 1    sleeping *0[1]     0.00000 0.00000    89  3690     173  535      237      1104      561      305       5       13      0.0   0         0         _spotlight             N/A    N/A   N/A   N/A   N/A   N/A  
1949  mdworker_shared  0.0  00:00.07 4     1   42     1040K  0B    0B    1949 1    sleeping *0[1]     0.00000 0.00000    89  5225     169  526      233      1488      714      185       2       12      0.0   0         0         _spotlight             N/A    N/A   N/A   N/A   N/A   N/A  
1948  mdworker_shared  0.0  00:00.06 4     1   43     1096K  0B    0B    1948 1    sleeping *0[1]     0.00000 0.00000    89  3708     174  537      236      1099      574      236       5       16      0.0   0         0         _spotlight             N/A    N/A   N/A   N/A   N/A   N/A  
1918  mdworker_shared  0.0  00:00.13 4     1   43     1084K  0B    0B    1918 1    sleeping *0[1]     0.00000 0.00000    89  6482     169  595      242      1965      1030     504       3       48      0.0   0         0         _spotlight             N/A    N/A   N/A   N/A   N/A   N/A  
1913  mdworker_shared  0.0  00:00.13 4     1   42     1040K  0B    0B    1913 1    sleeping *0[1]     0.00000 0.00000    89  7226     174  600      242      1870      1099     485       16      44      0.0   0         0         _spotlight             N/A    N/A   N/A   N/A   N/A   N/A  
1856  mdworker_shared  0.0  00:00.13 4     1   42     1044K  0B    0B    1856 1    sleeping *0[1]     0.00000 0.00000    89  6825     169  615      240      2138      1173     533       3       60      0.0   0         0         _spotlight             N/A    N/A   N/A   N/A   N/A   N/A  
1749  wifip2pd         0.0  00:00.09 2     1   25     1168K  0B    0B    1749 1    sleeping  0[1]     0.00000 0.00000    0   2707     209  112      56       965       213      327       4       1       0.0   0         0         root                   N/A    N/A   N/A   N/A   N/A   N/A  
1742  VTDecoderXPCServ 0.0  00:00.19 2     1   71     13M    4460K 0B    1742 1    sleeping  0[21]    0.00000 0.00000    501 6566     170  1423     686      4289      1547     586       15      4       0.0   0         0         maxieds                N/A    N/A   N/A   N/A   N/A   N/A  
1695  CVMServer        0.0  00:00.03 2     1   33     544K   32K   0B    1695 1    sleeping *0[1]     0.00000 0.00000    0   1392     101  107      55       614       251      167       0       16      0.0   0         0         root                   N/A    N/A   N/A   N/A   N/A   N/A  
1515  keyboardservices 0.0  00:00.25 2     1   53     1784K  20K   0B    1515 1    sleeping  0[4]     0.00000 0.00000    501 2669     176  192      950      11118     2265     2650      11      3       0.0   0         0         maxieds                N/A    N/A   N/A   N/A   N/A   N/A  
1514  AppleSpell       0.0  00:00.29 2     1   100    5676K  80K   0B    1514 1    sleeping *0[1]     0.00000 0.00000    501 6999     329  502      145      5574      1325     1466      104     14      0.0   0         0         maxieds                N/A    N/A   N/A   N/A   N/A   N/A  
1513  LookupViewServic 0.0  00:00.38 4     2   200    6968K  12K   0B    1513 1    sleeping  0[7]     0.00000 0.00000    501 10349    400  1112     315      5778      2730     2275      280     7       0.0   0         0         maxieds                N/A    N/A   N/A   N/A   N/A   N/A  
1237  mdworker         0.0  00:00.04 2     1   50     1172K  0B    0B    1237 1    sleeping *0[1]     0.00000 0.00000    501 2526     181  149      44       892       324      102       0       1       0.0   0         0         maxieds                N/A    N/A   N/A   N/A   N/A   N/A  
1136  ls               0.0  01:15.20 1     0   22     2920K  0B    0B    1136 1135 stuck    *0[1]     0.00000 0.00000    0   1762     84   53       22       5926874   125      269151    0       0       0.0   0         0         root                   N/A    N/A   N/A   N/A   N/A   N/A  
1135  sudo             0.0  00:00.00 1     0   8      332K   0B    0B    1135 1134 sleeping *0[1]     0.00000 0.00000    0   183      89   12       6        45        16       4         0       0       0.0   0         0         root                   N/A    N/A   N/A   N/A   N/A   N/A  
1134  sudo             0.0  00:12.43 2     1   42     2356K  0B    0B    1134 1131 sleeping *0[16]    0.00000 0.00000    0   2363     372  149      81       5132485   499      325296    1       0       0.0   0         0         root                   N/A    N/A   N/A   N/A   N/A   N/A  
1131  bash             0.0  00:00.02 1     0   21     1316K  0B    0B    1131 1125 sleeping *0[1]     0.00000 0.00000    501 1147     276  56       22       914       113      133       6       0       0.0   0         0         maxieds                N/A    N/A   N/A   N/A   N/A   N/A  
1125  bash             0.0  00:00.01 1     0   21     1048K  0B    0B    1125 1124 sleeping *0[1]     0.00000 0.00000    501 1056     290  83       33       942       156      120       0       0       0.0   0         0         maxieds                N/A    N/A   N/A   N/A   N/A   N/A  
1124  login            0.0  00:00.03 2     1   32     1144K  0B    0B    1124 556  sleeping *0[9]     0.00000 0.00000    0   1514     188  83       33       4142      246      180       16      0       0.0   0         0         root                   N/A    N/A   N/A   N/A   N/A   N/A  
1117  distnoted        0.0  00:00.03 2     1   29     392K   0B    0B    1117 1    sleeping *0[1]     0.00000 0.00000    269 1200     86   99       35       377       212      53        0       0       0.0   0         0         _reportmemoryexception N/A    N/A   N/A   N/A   N/A   N/A  
1115  XprotectService  0.0  00:01.65 2     1   23     1160K  0B    0B    1115 1    sleeping  0[2]     0.00000 0.00000    0   56713    704  93       45       130307    430      1661      62      2       0.0   0         0         root                   N/A    N/A   N/A   N/A   N/A   N/A  
1107  bash             0.0  00:00.19 1     0   21     1380K  0B    0B    1107 1006 sleeping *0[1]     0.00000 0.00000    501 5967     3281 182      83       8279      175      1497      190     0       0.0   0         0         maxieds                N/A    N/A   N/A   N/A   N/A   N/A  
1101  deleted          0.0  00:00.15 2     1   39     844K   0B    0B    1101 1    sleeping  0[0]     0.00000 0.00000    501 2173     151  1368     632      2238      1473     419       21      1       0.0   0         0         maxieds                N/A    N/A   N/A   N/A   N/A   N/A  
1097  promotedcontentd 0.0  00:00.31 2     1   64     2176K  0B    0B    1097 1    sleeping  0[6]     0.00000 0.00000    501 4227     311  322      119      4806      771      1837      36      47      0.0   0         0         maxieds                N/A    N/A   N/A   N/A   N/A   N/A  
1096  com.apple.AppSto 0.0  00:00.06 2     1   27     3420K  0B    0B    1096 1    sleeping  0[0]     0.00000 0.00000    0   1561     115  86       37       460       173      127       0       3       0.0   0         0         root                   N/A    N/A   N/A   N/A   N/A   N/A  
1095  installcoordinat 0.0  00:00.05 2     1   42     920K   0B    0B    1095 1    sleeping  0[1]     0.00000 0.00000    274 2045     156  104      35       864       237      100       3       2       0.0   0         0         _installcoordinationd  N/A    N/A   N/A   N/A   N/A   N/A  
1094  ASPCarryLog      0.0  00:00.05 2     1   32     1056K  0B    0B    1094 1    sleeping  0[2]     0.00000 0.00000    0   1988     199  131      60       950       304      208       5       2       0.0   0         0         root                   N/A    N/A   N/A   N/A   N/A   N/A  
1093  appstoreagent    0.0  00:00.57 3     2   110    3392K  108K  0B    1093 1    sleeping  0[7]     0.00000 0.00000    501 6558     447  690      180      9206      2073     4234      30      311     0.0   0         0         maxieds                N/A    N/A   N/A   N/A   N/A   N/A  
1006  bash             0.0  00:00.10 1     0   21     1088K  0B    0B    1006 1005 sleeping *0[1]     0.00000 0.00000    501 1959     698  99       41       6035      164      744       0       0       0.0   0         0         maxieds                N/A    N/A   N/A   N/A   N/A   N/A  
1005  login            0.0  00:00.02 2     1   31     1120K  0B    0B    1005 556  sleeping *0[9]     0.00000 0.00000    0   1526     192  83       33       4121      246      126       0       0       0.0   0         0         root                   N/A    N/A   N/A   N/A   N/A   N/A  
856   cp               0.0  01:37.81 1     0   19     2560K  0B    0B    856  855  stuck    *0[1]     0.00000 0.00000    0   899      151  47       18       2933203   93       312063    61      0       0.0   0         0         root                   N/A    N/A   N/A   N/A   N/A   N/A  
855   sudo             0.0  00:00.00 1     0   8      324K   0B    0B    855  845  sleeping *0[1]     0.00000 0.00000    0   178      87   12       6        45        16       4         0       0       0.0   0         0         root                   N/A    N/A   N/A   N/A   N/A   N/A  
845   sudo             0.0  00:05.53 2     1   41     2320K  0B    0B    845  559  sleeping *0[16]    0.00000 0.00000    0   2330     369  153      83       1093715   502      122600    1       0       0.0   0         0         root                   N/A    N/A   N/A   N/A   N/A   N/A  
735   nfcd             0.0  00:00.12 2     1   48     1116K  0B    0B    735  1    sleeping *0[1]     0.00000 0.00000    260 2451     204  159      49       1029      347      367       36      3       0.0   0         0         _applepay              N/A    N/A   N/A   N/A   N/A   N/A  
733   progressd        0.0  00:00.38 2     1   51     1768K  0B    0B    733  1    sleeping  0[1]     0.00000 0.00000    501 5547     271  179      56       3902      1556     767       8       10      0.0   0         0         maxieds                N/A    N/A   N/A   N/A   N/A   N/A  
729   studentd         0.0  00:00.39 2     1   131    4972K  88K   0B    729  1    sleeping *0[1]     0.00000 0.00000    501 7220     472  892      230      8422      2095     2202      52      23      0.0   0         0         maxieds                N/A    N/A   N/A   N/A   N/A   N/A  
719   EscrowSecurityAl 0.0  00:00.07 2     1   46     1412K  12K   0B    719  1    sleeping  0[0]     0.00000 0.00000    501 2831     192  135      45       1236      305      426       0       7       0.0   0         0         maxieds                N/A    N/A   N/A   N/A   N/A   N/A  
697   followupd        0.0  00:00.03 2     1   44     1084K  16K   0B    697  1    sleeping  0[1]     0.00000 0.00000    501 1619     156  133      50       872       310      127       0       0       0.0   0         0         maxieds                N/A    N/A   N/A   N/A   N/A   N/A  
678   mobileactivation 0.0  00:00.06 2     1   44     664K   0B    0B    678  1    sleeping  0[1]     0.00000 0.00000    0   1477     117  103      45       589       237      137       0       0       0.0   0         0         root                   N/A    N/A   N/A   N/A   N/A   N/A  
674   memoryanalyticsd 0.0  00:00.04 2     1   38     1028K  0B    0B    674  1    sleeping  0[0]     0.00000 0.00000    0   1150     120  112      47       828       251      172       1       2       0.0   0         0         root                   N/A    N/A   N/A   N/A   N/A   N/A  
672   online-authd     0.0  00:00.01 2     1   37     560K   0B    0B    672  1    sleeping  0[2]     0.00000 0.00000    0   712      103  105      51       424       215      100       0       2       0.0   0         0         root                   N/A    N/A   N/A   N/A   N/A   N/A  
626   mdworker         0.0  00:00.07 2     1   41     1044K  0B    0B    626  1    sleeping *0[1]     0.00000 0.00000    89  2427     180  138      44       905       302      111       2       2       0.0   0         0         _spotlight             N/A    N/A   N/A   N/A   N/A   N/A  
587   spindump_agent   0.0  00:00.02 2     1   42     832K   0B    0B    587  1    sleeping  0[5]     0.00000 0.00000    501 1160     132  184      57       598       389      174       0       2       0.0   0         0         maxieds                N/A    N/A   N/A   N/A   N/A   N/A  
586   spindump         0.0  00:00.09 2     1   41     920K   0B    0B    586  1    sleeping *0[1]     0.00000 0.00000    0   2493     156  159      77       5107      373      412       14      3       0.0   0         0         root                   N/A    N/A   N/A   N/A   N/A   N/A  
585   QuickLookSatelli 0.0  00:02.11 3     2   72     11M    576K  0B    585  1    sleeping  0[20]    0.00000 0.00000    501 8901     252  854      362      26675     1674     8552      58      49      0.0   0         0         maxieds                N/A    N/A   N/A   N/A   N/A   N/A  
584   mdwrite          0.0  00:00.04 2     1   32     732K   0B    0B    584  1    sleeping *0[1]     0.00000 0.00000    501 1263     127  156      138      1238      496      371       0       17      0.0   0         0         maxieds                N/A    N/A   N/A   N/A   N/A   N/A  
581   logd_helper      0.0  00:00.03 2     1   20     512K   0B    0B    581  1    sleeping *0[1]     0.00000 0.00000    0   1298     101  69       35       432       150      70        0       0       0.0   0         0         root                   N/A    N/A   N/A   N/A   N/A   N/A  
559   bash             0.0  00:00.08 1     0   21     1132K  0B    0B    559  557  sleeping *0[1]     0.00000 0.00000    501 1964     679  97       40       4711      163      1046      2       0       0.0   0         0         maxieds                N/A    N/A   N/A   N/A   N/A   N/A  
558   com.apple.audio. 0.0  00:00.05 2     1   21     3360K  0B    0B    558  1    sleeping  0[1]     0.00000 0.00000    0   1760     126  83       40       607       165      135       0       0       0.0   0         0         root                   N/A    N/A   N/A   N/A   N/A   N/A  
557   login            0.0  00:00.04 2     1   32     1164K  0B    0B    557  556  sleeping *0[9]     0.00000 0.00000    0   1505     179  83       33       2240      246      422       0       0       0.0   0         0         root                   N/A    N/A   N/A   N/A   N/A   N/A  
536   CategoriesServic 0.0  00:00.02 2     1   35     840K   0B    0B    536  1    sleeping  0[0]     0.00000 0.00000    501 1529     121  145      50       683       347      105       0       0       0.0   0         0         maxieds                N/A    N/A   N/A   N/A   N/A   N/A  
535   photolibraryd    0.0  00:00.09 2     1   48     1252K  0B    0B    535  1    sleeping  0[0]     0.00000 0.00000    501 2484     199  157      53       860       335      217       97      1       0.0   0         0         maxieds                N/A    N/A   N/A   N/A   N/A   N/A  
534   suggestd         0.0  00:01.03 2     1   178    6316K  292K  0B    534  1    sleeping  0[5]     0.00000 0.00000    501 9537     434  954      268      14221     2665     3061      256     33      0.0   0         0         maxieds                N/A    N/A   N/A   N/A   N/A   N/A  
533   USBAgent         0.0  00:00.05 2     1   34     696K   0B    0B    533  1    sleeping  0[0]     0.00000 0.00000    501 1818     128  120      44       619       255      118       0       1       0.0   0         0         maxieds                N/A    N/A   N/A   N/A   N/A   N/A  
532   SubmitDiagInfo   0.0  00:00.38 2     1   55     1008K  0B    0B    532  1    sleeping  0[0]     0.00000 0.00000    0   5571     144  303      312      4543      1506     1648      4       7       0.0   0         0         root                   N/A    N/A   N/A   N/A   N/A   N/A  
531   CrashReporterSup 0.0  00:00.01 2     1   30     632K   0B    0B    531  1    sleeping  0[0]     0.00000 0.00000    0   882      103  79       35       430       168      69        0       1       0.0   0         0         root                   N/A    N/A   N/A   N/A   N/A   N/A  
530   amsengagementd   0.0  00:01.43 3     2   123    4228K  52K   0B    530  1    sleeping  0[23]    0.00000 0.00000    501 10846    399  1565     694      22620     5606     8404      111     412     0.0   0         0         maxieds                N/A    N/A   N/A   N/A   N/A   N/A  
529   SoftwareUpdateNo 0.0  00:00.15 3     1   177    3188K  0B    0B    529  1    sleeping *0[1]     0.00000 0.00000    501 4859     308  800      243      3465      1872     1245      8       6       0.0   0         0         maxieds                N/A    N/A   N/A   N/A   N/A   N/A  
528   com.apple.sbd    0.0  00:00.03 3     2   36     896K   0B    0B    528  1    sleeping  0[0]     0.00000 0.00000    501 1396     148  129      47       571       292      174       3       0       0.0   0         0         maxieds                N/A    N/A   N/A   N/A   N/A   N/A  
527   XProtectPluginSe 0.0  00:01.03 2     1   43     1196K  0B    0B    527  1    sleeping  0[0]     0.00000 0.00000    501 15143    166  403      130      33847     27746    2172      0       0       0.0   0         0         maxieds                N/A    N/A   N/A   N/A   N/A   N/A  
526   mdbulkimport     0.0  00:01.02 2     1   60     2736K  0B    0B    526  1    sleeping *0[1]     0.00000 0.00000    501 10866    202  406      159      17086     4779     1877      2       10      0.0   0         0         maxieds                N/A    N/A   N/A   N/A   N/A   N/A  
525   siriknowledged   0.0  00:00.10 2     1   49     2016K  132K  0B    525  1    sleeping  0[4]     0.00000 0.00000    501 3214     224  225      94       2043      543      602       31      14      0.0   0         0         maxieds                N/A    N/A   N/A   N/A   N/A   N/A  
524   adid             0.0  00:00.06 2     1   36     808K   0B    0B    524  1    sleeping  0[2]     0.00000 0.00000    265 1783     122  99       35       631       234      307       0       0       0.0   0         0         _fpsd                  N/A    N/A   N/A   N/A   N/A   N/A  
523   homed            0.0  00:00.99 2     1   138    4096K  72K   0B    523  1    sleeping  0[905]   0.00000 0.00000    501 8861     381  660      1188     18598     3775     7507      502     36      0.0   0         0         maxieds                N/A    N/A   N/A   N/A   N/A   N/A  
522   com.apple.siri.e 0.0  00:00.34 3     2   37     1960K  0B    0B    522  1    sleeping  0[3]     0.00000 0.00000    501 2711     190  298      84       3757      636      1109      4       0       0.0   0         0         maxieds                N/A    N/A   N/A   N/A   N/A   N/A  
521   akd              0.0  00:00.16 2     1   77     1660K  20K   0B    521  1    sleeping  0[4]     0.00000 0.00000    501 3779     235  349      126      2352      936      1452      7       22      0.0   0         0         maxieds                N/A    N/A   N/A   N/A   N/A   N/A  
520   iCloudNotificati 0.0  00:00.12 2     1   69     2900K  0B    0B    520  1    sleeping  0[1]     0.00000 0.00000    501 8440     256  357      160      2857      1006     826       12      14      0.0   0         0         maxieds                N/A    N/A   N/A   N/A   N/A   N/A  
518   assistantd       0.0  00:00.81 3     1   234    3832K  96K   0B    518  1    sleeping  0[4]     0.00000 0.00000    501 8141     573  1565     674      11465     2769     3299      203     15      0.0   0         0         maxieds                N/A    N/A   N/A   N/A   N/A   N/A  
517   corespotlightd   0.0  00:00.34 3     1   101    4020K  120K  0B    517  1    sleeping  0[3]     0.00000 0.00000    501 5756     297  1119     280      6404      2958     2806      44      61      0.0   0         0         maxieds                N/A    N/A   N/A   N/A   N/A   N/A  
516   networkservicepr 0.0  00:00.21 2     1   92     1844K  0B    0B    516  1    sleeping  0[3]     0.00000 0.00000    501 4863     238  656      246      3166      1413     665       37      11      0.0   0         0         maxieds                N/A    N/A   N/A   N/A   N/A   N/A  
515   SafeEjectGPUServ 0.0  00:00.03 2     1   57     1140K  0B    0B    515  1    sleeping  0[2]     0.00000 0.00000    501 1819     164  442      193      778       556      106       5       0       0.0   0         0         maxieds                N/A    N/A   N/A   N/A   N/A   N/A  
514   diagnosticextens 0.0  00:00.12 2     1   76     1336K  0B    0B    514  1    sleeping  0[2]     0.00000 0.00000    501 3366     189  290      109      1341      568      357       33      0       0.0   0         0         maxieds                N/A    N/A   N/A   N/A   N/A   N/A  
513   SafeEjectGPUAgen 0.0  00:00.01 2     1   34     868K   0B    0B    513  1    sleeping *0[2]     0.00000 0.00000    501 1159     130  125      46       585       294      68        0       0       0.0   0         0         maxieds                N/A    N/A   N/A   N/A   N/A   N/A  
511   commerce         0.0  00:00.10 2     1   33     1116K  0B    0B    511  1    sleeping  0[1]     0.00000 0.00000    501 3039     184  121      43       949       274      266       1       0       0.0   0         0         maxieds                N/A    N/A   N/A   N/A   N/A   N/A  
510   UsageTrackingAge 0.0  00:00.20 2     1   53     1596K  36K   0B    510  1    sleeping  0[0]     0.00000 0.00000    501 2576     173  569      146      2357      1955     1283      2       5       0.0   0         0         maxieds                N/A    N/A   N/A   N/A   N/A   N/A  
509   ndoagent         0.0  00:00.02 3     2   40     840K   0B    0B    509  1    sleeping  0[2]     0.00000 0.00000    501 1303     130  170      64       790       395      368       0       0       0.0   0         0         maxieds                N/A    N/A   N/A   N/A   N/A   N/A  
508   rtcreportingd    0.0  00:00.16 2     1   51     1468K  0B    0B    508  1    sleeping *0[1]     0.00000 0.00000    0   3405     192  563      341      2904      1118     780       1       21      0.0   0         0         root                   N/A    N/A   N/A   N/A   N/A   N/A  
507   neagent          0.0  00:00.09 2     1   47     1096K  0B    0B    507  1    sleeping *0[1]     0.00000 0.00000    501 3195     155  194      70       1165      591      299       0       0       0.0   0         0         maxieds                N/A    N/A   N/A   N/A   N/A   N/A  
506   CategoriesServic 0.0  00:00.14 2     1   41     1636K  0B    0B    506  1    sleeping  0[3]     0.00000 0.00000    501 2838     122  156      55       2324      2396     440       0       0       0.0   0         0         maxieds                N/A    N/A   N/A   N/A   N/A   N/A  
504   Keychain Circle  0.0  00:00.11 3     1   139    2820K  0B    0B    504  1    sleeping *0[1]     0.00000 0.00000    501 4629     289  868      399      2485      2647     1354      0       4       0.0   0         0         maxieds                N/A    N/A   N/A   N/A   N/A   N/A  
503   ProtectedCloudKe 0.0  00:00.12 2     1   52     1792K  8192B 0B    503  1    sleeping  0[41]    0.00000 0.00000    501 2761     162  285      180      2512      1157     763       5       25      0.0   0         0         maxieds                N/A    N/A   N/A   N/A   N/A   N/A  
502   cdpd             0.0  00:00.02 2     1   37     748K   0B    0B    502  1    sleeping  0[1]     0.00000 0.00000    501 1211     123  128      45       571       285      120       7       0       0.0   0         0         maxieds                N/A    N/A   N/A   N/A   N/A   N/A  
501   CategoriesServic 0.0  00:00.03 2     1   36     880K   0B    0B    501  1    sleeping  0[4]     0.00000 0.00000    501 1717     121  155      56       699       372      151       0       0       0.0   0         0         maxieds                N/A    N/A   N/A   N/A   N/A   N/A  
500   CategoriesServic 0.0  00:00.06 2     1   40     1156K  0B    0B    500  1    sleeping  0[4]     0.00000 0.00000    501 2183     127  161      58       1197      1426     262       0       0       0.0   0         0         maxieds                N/A    N/A   N/A   N/A   N/A   N/A  
499   CategoriesServic 0.0  00:00.57 2     1   41     2676K  0B    0B    499  1    sleeping  0[2]     0.00000 0.00000    501 5679     128  184      71       8059      7579     1777      0       0       0.0   0         0         maxieds                N/A    N/A   N/A   N/A   N/A   N/A  
497   ContextService   0.0  00:00.49 2     1   53     4364K  0B    0B    497  1    sleeping  0[10]    0.00000 0.00000    501 5180     715  249      118      2224      610      1766      1171    1       0.0   0         0         maxieds                N/A    N/A   N/A   N/A   N/A   N/A  
496   mediaremoteagent 0.0  00:00.01 2     1   31     728K   0B    0B    496  1    sleeping *1[1]     0.00000 0.00000    501 1059     124  107      46       635       244      116       0       1       0.0   0         0         maxieds                N/A    N/A   N/A   N/A   N/A   N/A  
495   APFSUserAgent    0.0  00:00.02 2     1   44     680K   0B    0B    495  1    sleeping  0[1]     0.00000 0.00000    501 1056     115  303      133      488       436      160       0       0       0.0   0         0         maxieds                N/A    N/A   N/A   N/A   N/A   N/A  
494   WirelessRadioMan 0.0  00:00.05 2     1   48     1272K  0B    0B    494  1    sleeping *0[1]     0.00000 0.00000    0   1946     199  170      82       993       333      396       4       1       0.0   0         0         root                   N/A    N/A   N/A   N/A   N/A   N/A  
493   nsurlsessiond    0.0  00:00.78 3     2   103    2172K  0B    0B    493  1    sleeping *48[3]    0.00000 0.00000    501 6753     246  417      228      19354     1165     7455      0       495     0.0   0         0         maxieds                N/A    N/A   N/A   N/A   N/A   N/A  
492   CoreLocationAgen 0.0  00:00.11 3     1   155    2988K  0B    0B    492  1    sleeping *0[1]     0.00000 0.00000    501 4365     262  702      212      2239      1719     878       0       3       0.0   0         0         maxieds                N/A    N/A   N/A   N/A   N/A   N/A  
491   fmfd             0.0  00:00.17 2     1   73     1860K  0B    0B    491  1    sleeping  0[8]     0.00000 0.00000    501 4374     260  331      128      3315      941      915       2       14      0.0   0         0         maxieds                N/A    N/A   N/A   N/A   N/A   N/A  
490   com.apple.Ambien 0.0  00:00.13 4     1   78     1400K  0B    0B    490  1    sleeping *1[1]     0.00000 0.00000    0   1827     155  904      375      2599      1782     1346      1       4       0.0   0         0         root                   N/A    N/A   N/A   N/A   N/A   N/A  
489   com.apple.FaceTi 0.0  00:00.08 2     1   42     3860K  0B    0B    489  1    sleeping  0[4]     0.00000 0.00000    501 2629     154  143      54       1017      343      437       0       0       0.0   0         0         maxieds                N/A    N/A   N/A   N/A   N/A   N/A  
488   UIKitSystem      0.0  00:00.30 2     1   87     3908K  44K   0B    488  1    sleeping *0[38]    0.00000 0.00000    501 10934    299  1531     731      7141      2658     1928      47      78      0.0   0         0         maxieds                N/A    N/A   N/A   N/A   N/A   N/A  
487   com.apple.geod   0.0  00:00.45 2     1   75     2904K  72K   0B    487  1    sleeping *4[1]     0.00000 0.00000    501 4213     249  427      1090     16484     2965     5303      5       167     0.0   0         0         maxieds                N/A    N/A   N/A   N/A   N/A   N/A  
486   familycircled    0.0  00:00.05 2     1   48     1116K  0B    0B    486  1    sleeping  0[11]    0.00000 0.00000    501 2031     154  238      75       1512      637      537       3       3       0.0   0         0         maxieds                N/A    N/A   N/A   N/A   N/A   N/A  
485   WiFiAgent        0.0  00:00.22 4     1   192    3124K  0B    0B    485  1    sleeping  0[16]    0.00000 0.00000    501 4772     280  2279     1045     4194      6008     2961      13      109     0.0   0         0         maxieds                N/A    N/A   N/A   N/A   N/A   N/A  
484   CarbonComponentS 0.0  00:00.18 2     1   40     1140K  0B    0B    484  1    sleeping  0[1]     0.00000 0.00000    501 2417     131  151      49       7004      545      481       0       0       0.0   0         0         maxieds                N/A    N/A   N/A   N/A   N/A   N/A  
483   ScreenTimeAgent  0.0  00:01.06 2     1   111    5060K  804K  0B    483  1    sleeping  0[106]   0.00000 0.00000    501 7797     356  792      361      20611     9676     4272      20      22      0.0   0         0         maxieds                N/A    N/A   N/A   N/A   N/A   N/A  
482   ScreenTimeWidget 0.0  00:01.47 4     3/1 92     5760K  0B    0B    482  1    sleeping *4[12]    0.00000 0.00000    501 14520    663  1456     665      12635     2628     2603      1008    8       0.0   0         0         maxieds                N/A    N/A   N/A   N/A   N/A   N/A  
481   StocksWidget     0.0  00:02.61 6     5/2 98     8128K  156K  0B    481  1    sleeping *4[19]    0.00000 0.00000    501 18618    843  2406     1351     22115     5462     7275      863     25      0.0   0         0         maxieds                N/A    N/A   N/A   N/A   N/A   N/A  
480   WeatherWidget    0.0  00:00.52 7     6/2 98     4320K  12K   0B    480  1    sleeping *3[7]     0.00000 0.00000    501 11357    533  435      155      3574      1134     1928      701     2       0.0   0         0         maxieds                N/A    N/A   N/A   N/A   N/A   N/A  
479   coreauthd        0.0  00:00.04 2     1   48     1276K  0B    0B    479  1    sleeping  0[4]     0.00000 0.00000    501 2007     175  922      442      955       938      255       6       0       0.0   0         0         maxieds                N/A    N/A   N/A   N/A   N/A   N/A  
478   ctkd             0.0  00:00.05 2     1   20     656K   0B    0B    478  1    sleeping  0[7]     0.00000 0.00000    259 1544     121  83       36       559       175      169       0       0       0.0   0         0         _ctkd                  N/A    N/A   N/A   N/A   N/A   N/A  
477   AudioComponentRe 0.0  00:00.07 2     1   50     912K   28K   0B    477  1    sleeping  0[2]     0.00000 0.00000    501 2202     129  151      58       1066      374      217       0       0       0.0   0         0         maxieds                N/A    N/A   N/A   N/A   N/A   N/A  
476   NewsToday2       0.0  00:01.54 8     7/2 103    8416K  12K   0B    476  1    sleeping *4[18]    0.00000 0.00000    501 20566    812  1683     859      12479     3444     4876      1101    16      0.0   0         0         maxieds                N/A    N/A   N/A   N/A   N/A   N/A  
475   WorldClockWidget 0.0  00:03.98 7     6/1 88     5720K  0B    0B    475  1    sleeping *4[6]     0.00000 0.00000    501 15626    643  1145     508      26024     1714     7331      761     0       0.0   0         0         maxieds                N/A    N/A   N/A   N/A   N/A   N/A  
474   CommCenter       0.0  00:00.95 5     1   142    3808K  0B    0B    474  1    sleeping *0[1]     0.00000 0.00000    501 10324    524  1190     589      14032     4959     5986      108     365     0.0   0         0         maxieds                N/A    N/A   N/A   N/A   N/A   N/A  
473   dmd              0.0  00:00.36 2     1   73     2488K  24K   0B    473  1    sleeping  0[10]    0.00000 0.00000    501 3806     235  315      166      5991      1529     1909      76      3       0.0   0         0         maxieds                N/A    N/A   N/A   N/A   N/A   N/A  
472   IMDPersistenceAg 0.0  00:00.23 2     1   75     2488K  60K   0B    472  1    sleeping  0[2]     0.00000 0.00000    501 4148     241  300      88       3117      825      1235      29      4       0.0   0         0         maxieds                N/A    N/A   N/A   N/A   N/A   N/A  
471   CoreServicesUIAg 0.0  00:00.11 3     1   147    3496K  0B    0B    471  1    sleeping *0[25]    0.00000 0.00000    501 4254     268  715      229      2073      1696     1003      8       1       0.0   0         0         maxieds                N/A    N/A   N/A   N/A   N/A   N/A  
470   systemsoundserve 0.0  00:00.33 3     1   115    2280K  160K  0B    470  1    sleeping *0[1]     0.00000 0.00000    0   5813     449  1914     631      4046      4124     3292      181     54      0.0   0         0         root                   N/A    N/A   N/A   N/A   N/A   N/A  
469   ctkd             0.0  00:00.10 3     2   47     1016K  0B    0B    469  1    sleeping  0[22]    0.00000 0.00000    501 2439     152  3814     1914     1192      2931     430       2       1       0.0   0         0         maxieds                N/A    N/A   N/A   N/A   N/A   N/A  
468   parsec-fbf       0.0  00:00.12 2     1   39     1112K  0B    0B    468  1    sleeping  0[0]     0.00000 0.00000    501 2572     192  168      58       1024      354      646       4       0       0.0   0         0         maxieds                N/A    N/A   N/A   N/A   N/A   N/A  
467   CallHistoryPlugi 0.0  00:00.12 2     1   66     2676K  0B    0B    467  1    sleeping  0[4]     0.00000 0.00000    501 3197     211  229      65       2242      602      534       1       2       0.0   0         0         maxieds                N/A    N/A   N/A   N/A   N/A   N/A  
466   ctkahp           0.0  00:00.07 2     1   51     748K   0B    0B    466  1    sleeping  0[5]     0.00000 0.00000    501 1877     124  176      59       1022      444      287       3       1       0.0   0         0         maxieds                N/A    N/A   N/A   N/A   N/A   N/A  
465   com.apple.quickl 0.0  00:00.61 3     1   84     1996K  128K  0B    465  1    sleeping  0[31]    0.00000 0.00000    501 7439     218  1595     836      12712     3630     3107      705     36      0.0   0         0         maxieds                N/A    N/A   N/A   N/A   N/A   N/A  
464   pbs              0.0  00:00.06 2     1   41     988K   0B    0B    464  1    sleeping  0[6]     0.00000 0.00000    501 1657     121  215      98       2043      471      372       0       2       0.0   0         0         maxieds                N/A    N/A   N/A   N/A   N/A   N/A  
463   triald           0.0  00:01.23 2     1   61     1456K  180K  0B    463  1    sleeping  0[5]     0.00000 0.00000    501 4103     182  672      335      14578     3518     3282      67      14      0.0   0         0         maxieds                N/A    N/A   N/A   N/A   N/A   N/A  
461   TextInputSwitche 0.0  00:00.18 3     1   168    5680K  0B    0B    461  1    sleeping *0[1]     0.00000 0.00000    501 5514     274  971      327      2390      2203     1177      1       2       0.0   0         0         maxieds                N/A    N/A   N/A   N/A   N/A   N/A  
460   avconferenced    0.0  00:00.21 2     1   63     5148K  0B    0B    460  1    sleeping *0[1]     0.00000 0.00000    501 4561     233  551      236      2053      726      810       102     0       0.0   0         0         maxieds                N/A    N/A   N/A   N/A   N/A   N/A  
459   callservicesd    0.0  00:00.69 3     1   313    5736K  0B    0B    459  1    sleeping *2[1]     0.00000 0.00000    501 9310     624  1754     667      8839      3798     4764      183     47      0.0   0         0         maxieds                N/A    N/A   N/A   N/A   N/A   N/A  
458   BiomeAgent       0.0  00:00.07 2     1   31     836K   0B    0B    458  1    sleeping  0[1]     0.00000 0.00000    501 1735     122  130      70       739       358      192       6       1       0.0   0         0         maxieds                N/A    N/A   N/A   N/A   N/A   N/A  
457   ctkahp           0.0  00:00.06 2     1   33     704K   0B    0B    457  1    sleeping  0[5]     0.00000 0.00000    0   1652     119  106      51       678       270      222       0       1       0.0   0         0         root                   N/A    N/A   N/A   N/A   N/A   N/A  
455   amsaccountsd     0.0  00:00.30 3     2   89     2280K  40K   0B    455  1    sleeping  0[1]     0.00000 0.00000    501 4704     288  645      157      7318      2021     3581      4       350     0.0   0         0         maxieds                N/A    N/A   N/A   N/A   N/A   N/A  
454   remindd          0.0  00:00.84 3     2   100    3940K  148K  0B    454  1    sleeping  0[6]     0.00000 0.00000    501 7868     462  481      219      13554     2007     7661      96      1255    0.0   0         0         maxieds                N/A    N/A   N/A   N/A   N/A   N/A  
453   TextInputMenuAge 0.0  00:00.32 3     1   176    10M    0B    0B    453  1    sleeping *0[229]   0.00000 0.00000    501 7441     308  2478     594      3574      6370     3023      8       2       0.0   0         0         maxieds                N/A    N/A   N/A   N/A   N/A   N/A  
452   diagnostics_agen 0.0  00:00.21 2     1   64     1464K  0B    0B    452  1    sleeping  0[0]     0.00000 0.00000    501 6149     176  270      249      4498      1367     1367      1       22      0.0   0         0         maxieds                N/A    N/A   N/A   N/A   N/A   N/A  
451   cloudpaird       0.0  00:00.22 3     2   100    1772K  0B    0B    451  1    sleeping  0[7]     0.00000 0.00000    501 5167     288  366      123      2850      831      1333      10      14      0.0   0         0         maxieds                N/A    N/A   N/A   N/A   N/A   N/A  
450   imagent          0.0  00:00.35 2     1   97     2008K  0B    0B    450  1    sleeping *0[1]     0.00000 0.00000    501 5351     291  572      199      4219      1603     2186      130     15      0.0   0         0         maxieds                N/A    N/A   N/A   N/A   N/A   N/A  
449   AirPlayUIAgent   0.0  00:00.09 3     1   147    3144K  0B    0B    449  1    sleeping *0[14]    0.00000 0.00000    501 3370     261  715      208      1744      1658     892       2       1       0.0   0         0         maxieds                N/A    N/A   N/A   N/A   N/A   N/A  
448   sharingd         0.0  00:00.60 3     1   219    6336K  84K   0B    448  1    sleeping *0[1]     0.00000 0.00000    501 14393    573  1491     570      8217      3281     3087      91      19      0.0   0         0         maxieds                N/A    N/A   N/A   N/A   N/A   N/A  
446   askpermissiond   0.0  00:00.22 3     2   67     2036K  20K   0B    446  1    sleeping  0[1]     0.00000 0.00000    501 4130     244  528      111      5975      1737     3178      1       347     0.0   0         0         maxieds                N/A    N/A   N/A   N/A   N/A   N/A  
445   icdd             0.0  00:00.10 2     1   62     1048K  0B    0B    445  1    sleeping *0[1]     0.00000 0.00000    501 2242     166  499      218      1267      716      503       2       1       0.0   0         0         maxieds                N/A    N/A   N/A   N/A   N/A   N/A  
443   imklaunchagent   0.0  00:00.06 2     1   85     1600K  0B    0B    443  1    sleeping *0[1]     0.00000 0.00000    501 2585     188  338      122      1611      842      522       9       2       0.0   0         0         maxieds                N/A    N/A   N/A   N/A   N/A   N/A  
440   ContextStoreAgen 0.0  00:00.40 2     1   75     2348K  256K  0B    440  1    sleeping  0[4]     0.00000 0.00000    501 5285     239  430      216      5518      1455     1913      2       26      0.0   0         0         maxieds                N/A    N/A   N/A   N/A   N/A   N/A  
439   corespeechd      0.0  00:00.31 3     1   138    1732K  0B    0B    439  1    sleeping *0[1]     0.00000 0.00000    501 3586     301  738      2095     11098     3888     3984      29      1       0.0   0         0         maxieds                N/A    N/A   N/A   N/A   N/A   N/A  
438   fileproviderd    0.0  00:00.33 2     1   74     1844K  0B    0B    438  1    sleeping  0[40]    0.00000 0.00000    501 4831     269  661      316      5453      1426     1770      40      26      0.0   0         0         maxieds                N/A    N/A   N/A   N/A   N/A   N/A  
437   com.apple.dock.e 0.0  00:00.68 3     1   168    10M    0B    0B    437  1    sleeping *0[14]    0.00000 0.00000    501 12205    372  1388     643      22515     2266     3122      1956    4       0.0   0         0         maxieds                N/A    N/A   N/A   N/A   N/A   N/A  
436   useractivityd    0.0  00:00.15 2     1   81     1268K  0B    0B    436  1    sleeping  0[100]   0.00000 0.00000    501 3094     186  220      181      2763      774      1250      8       60      0.0   0         0         maxieds                N/A    N/A   N/A   N/A   N/A   N/A  
435   fontworker       0.0  00:01.01 2     1   41     1012K  0B    0B    435  1    sleeping *0[1]     0.00000 0.00000    501 3754     137  190      75       20824     476      3393      228     1       0.0   0         0         maxieds                N/A    N/A   N/A   N/A   N/A   N/A  
434   CalNCService     0.0  00:00.37 2     1   110    4912K  0B    0B    434  1    sleeping  0[27]    0.00000 0.00000    501 5500     296  758      279      4747      1667     2134      11      4       0.0   0         0         maxieds                N/A    N/A   N/A   N/A   N/A   N/A  
433   identityservices 0.0  00:00.64 6     1   179    3288K  20K   0B    433  1    sleeping *0[1]     0.00000 0.00000    501 11472    468  1260     630      12538     5004     4618      77      36      0.0   0         0         maxieds                N/A    N/A   N/A   N/A   N/A   N/A  
432   fontd            0.0  00:00.36 2     1   61     2856K  128K  0B    432  1    sleeping  0[15]    0.00000 0.00000    501 3937     138  253      118      4970      2232     1759      1       5       0.0   0         0         maxieds                N/A    N/A   N/A   N/A   N/A   N/A  
431   bird             0.0  00:00.22 2     1   59     1096K  0B    0B    431  1    sleeping  0[14]    0.00000 0.00000    501 3334     171  795      373      2947      1112     1051      68      4       0.0   0         0         maxieds                N/A    N/A   N/A   N/A   N/A   N/A  
430   iconservicesagen 0.0  00:00.20 2     1   76     11M    0B    0B    430  1    sleeping  0[10]    0.00000 0.00000    501 6124     204  605      279      10532     898      923       214     3       0.0   0         0         maxieds                N/A    N/A   N/A   N/A   N/A   N/A  
428   parsecd          0.0  00:00.31 2     1   75     2860K  8192B 0B    428  1    sleeping *7[1]     0.00000 0.00000    501 5631     396  455      174      4526      1089     1637      38      103     0.0   0         0         maxieds                N/A    N/A   N/A   N/A   N/A   N/A  
427   AMPDeviceDiscove 0.0  00:00.10 4     2   242    1796K  0B    0B    427  1    sleeping  0[1]     0.00000 0.00000    501 2674     283  1237     609      1607      1539     702       51      6       0.0   0         0         maxieds                N/A    N/A   N/A   N/A   N/A   N/A  
426   NotificationCent 0.0  00:02.06 4     2   264    20M    0B    0B    426  1    sleeping *0[334]   0.00000 0.00000    501 14487    724  3977     1543     17051     11842    11810     446     116     0.0   0         0         maxieds                N/A    N/A   N/A   N/A   N/A   N/A  
425   routined         0.0  00:00.64 2     1   102    4492K  276K  0B    425  1    sleeping  0[6]     0.00000 0.00000    501 6091     272  531      181      9023      3060     2672      122     35      0.0   0         0         maxieds                N/A    N/A   N/A   N/A   N/A   N/A  
422   sharedfilelistd  0.0  00:00.16 3     2   62     1380K  0B    0B    422  1    sleeping  0[28]    0.00000 0.00000    501 2980     174  438      188      3208      1051     745       4       3       0.0   0         0         maxieds                N/A    N/A   N/A   N/A   N/A   N/A  
421   automountd       0.0  00:00.03 5     2   28     816K   0B    0B    421  1    sleeping *0[1]     0.00000 0.00000    0   1544     242  118      72       1107      424      295       0       17      0.0   0         0         root                   N/A    N/A   N/A   N/A   N/A   N/A  
420   donotdisturbd    0.0  00:00.44 2     1   105    3324K  0B    0B    420  1    sleeping  0[9]     0.00000 0.00000    501 6286     295  433      159      5067      2314     2223      72      4       0.0   0         0         maxieds                N/A    N/A   N/A   N/A   N/A   N/A  
419   AppSSOAgent      0.0  00:00.17 3     1   161    6040K  0B    0B    419  1    sleeping *0[16]    0.00000 0.00000    501 5109     273  748      258      2246      1745     1215      13      1       0.0   0         0         maxieds                N/A    N/A   N/A   N/A   N/A   N/A  
418   contactsd        0.0  00:00.31 2     1   77     1676K  0B    0B    418  1    sleeping  0[123]   0.00000 0.00000    501 3354     178  1066     672      6709      3752     2724      1       9       0.0   0         0         maxieds                N/A    N/A   N/A   N/A   N/A   N/A  
417   cloudd           0.0  00:00.92 2     1   99     2820K  104K  0B    417  1    sleeping *6[2]     0.00000 0.00000    501 10359    257  2345     1234     21731     7812     6162      119     153     0.0   0         0         maxieds                N/A    N/A   N/A   N/A   N/A   N/A  
416   rapportd         0.0  00:00.23 2     1   117    1768K  0B    0B    416  1    sleeping *0[1]     0.00000 0.00000    501 4479     249  574      231      2714      1451     1449      127     7       0.0   0         0         maxieds                N/A    N/A   N/A   N/A   N/A   N/A  
415   distnoted        0.0  00:00.04 2     1   29     404K   0B    0B    415  1    sleeping *0[1]     0.00000 0.00000    55  1218     86   98       62       511       278      140       0       0       0.0   0         0         _appleevents           N/A    N/A   N/A   N/A   N/A   N/A  
414   Spotlight        0.0  00:01.01 4     1   205    9684K  20K   0B    414  1    sleeping *0[52]    0.00000 0.00000    501 12970    484  2363     903      9091      6310     5834      389     91      0.0   0         0         maxieds                N/A    N/A   N/A   N/A   N/A   N/A  
413   CalendarAgent    0.0  00:01.03 2     1   137    6568K  332K  0B    413  1    sleeping *1[26]    0.00000 0.00000    501 9405     324  815      424      15360     3178     4743      185     16      0.0   0         0         maxieds                N/A    N/A   N/A   N/A   N/A   N/A  
412   usernoted        0.0  00:00.53 2     1   139    2132K  60K   0B    412  1    sleeping *0[1]     0.00000 0.00000    501 4912     236  542      414      8398      1738     2184      13      4       0.0   0         0         maxieds                N/A    N/A   N/A   N/A   N/A   N/A  
411   accountsd        0.0  00:00.59 2     1   52     1740K  104K  0B    411  1    sleeping  0[382]   0.00000 0.00000    501 2873     148  1290     1317     12143     6384     3740      114     28      0.0   0         0         maxieds                N/A    N/A   N/A   N/A   N/A   N/A  
410   containermanager 0.0  00:00.36 2     1   40     2952K  0B    0B    410  1    sleeping  0[166]   0.00000 0.00000    501 3996     164  922      605      6433      2290     2856      0       1       0.0   0         0         maxieds                N/A    N/A   N/A   N/A   N/A   N/A  
409   siriactionsd     0.0  00:00.47 2     1   98     2372K  64K   0B    409  1    sleeping  0[8]     0.00000 0.00000    501 6122     286  572      236      5425      2063     2374      215     19      0.0   0         0         maxieds                N/A    N/A   N/A   N/A   N/A   N/A  
408   filecoordination 0.0  00:00.16 2     1   60     1140K  0B    0B    408  1    sleeping *0[1]     0.00000 0.00000    0   2593     146  815      567      3960      2218     1225      3       16      0.0   0         0         root                   N/A    N/A   N/A   N/A   N/A   N/A  
407   syncdefaultsd    0.0  00:00.24 2     1   74     2908K  128K  0B    407  1    sleeping  0[17]    0.00000 0.00000    501 3755     215  590      320      5079      1714     1484      38      14      0.0   0         0         maxieds                N/A    N/A   N/A   N/A   N/A   N/A  
406   secinitd         0.0  00:00.22 2     1   37     1004K  0B    0B    406  1    sleeping  0[3]     0.00000 0.00000    501 2641     129  606      265      5747      1229     673       0       2       0.0   0         0         maxieds                N/A    N/A   N/A   N/A   N/A   N/A  
405   pkd              0.0  00:00.82 2     1   77     2100K  0B    0B    405  1    sleeping  0[26]    0.00000 0.00000    501 5480     165  1680     384      12155     3942     3795      0       30      0.0   0         0         maxieds                N/A    N/A   N/A   N/A   N/A   N/A  
404   QuickLookUIServi 0.0  00:00.11 3     1   146    2928K  0B    0B    404  1    sleeping  0[37]    0.00000 0.00000    501 4203     284  797      226      2175      1920     925       11      4       0.0   0         0         maxieds                N/A    N/A   N/A   N/A   N/A   N/A  
403   CloudKeychainPro 0.0  00:00.04 2     1   51     1148K  0B    0B    403  1    sleeping  0[1]     0.00000 0.00000    501 2031     150  182      71       990       402      269       6       0       0.0   0         0         maxieds                N/A    N/A   N/A   N/A   N/A   N/A  
401   pboard           0.0  00:00.11 2     1   57     668K   0B    0B    401  1    sleeping *0[1]     0.00000 0.00000    501 2286     115  510      414      3301      1396     1071      29      10      0.0   0         0         maxieds                N/A    N/A   N/A   N/A   N/A   N/A  
400   trustd           0.0  00:01.61 2     1   91     2896K  252K  0B    400  1    sleeping  0[229]   0.00000 0.00000    501 4507     187  844      723      20182     7802     4353      0       49      0.0   0         0         maxieds                N/A    N/A   N/A   N/A   N/A   N/A  
399   backgroundtaskma 0.0  00:00.04 2     1   50     1020K  0B    0B    399  1    sleeping  0[3]     0.00000 0.00000    501 1653     138  171      56       960       372      289       0       0       0.0   0         0         maxieds                N/A    N/A   N/A   N/A   N/A   N/A  
397   itunescloudd     0.0  00:00.33 2     1   93     2392K  0B    0B    397  1    sleeping *1[1]     0.00000 0.00000    501 5472     285  878      247      3589      1635     2305      239     59      0.0   0         0         maxieds                N/A    N/A   N/A   N/A   N/A   N/A  
396   tccd             0.0  00:01.18 2     1   53     1292K  28K   0B    396  1    sleeping  0[165]   0.00000 0.00000    501 4506     164  1588     1498     43060     7145     4292      0       28      0.0   0         0         maxieds                N/A    N/A   N/A   N/A   N/A   N/A  
395   secd             0.0  00:00.38 2     1   129    2956K  340K  0B    395  1    sleeping *0[1]     0.00000 0.00000    501 4661     309  942      524      6903      2670     1951      63      22      0.0   0         0         maxieds                N/A    N/A   N/A   N/A   N/A   N/A  
394   csnameddatad     0.0  00:00.01 2     1   41     624K   0B    0B    394  1    sleeping  0[17]    0.00000 0.00000    501 811      104  137      72       544       293      93        0       1       0.0   0         0         maxieds                N/A    N/A   N/A   N/A   N/A   N/A  
391   Finder           0.0  00:12.87 4     2   307    25M    268K  0B    391  1    sleeping *0[129]   0.00000 0.00000    501 129698   877  26618    33922    133576    177812   68074     1022    294     0.0   0         0         maxieds                N/A    N/A   N/A   N/A   N/A   N/A  
390   lsd              0.0  00:00.64 2     1   278    1540K  0B    0B    390  1    sleeping  0[608]   0.00000 0.00000    501 9074     205  3229     2310     15420     8097     5474      1444    46      0.0   0         0         maxieds                N/A    N/A   N/A   N/A   N/A   N/A  
389   SystemUIServer   0.0  00:00.82 4     2   238    9552K  64K   0B    389  1    sleeping *0[101]   0.00000 0.00000    501 10813    435  5249     1978     22514     7937     4969      810     48      0.0   0         0         maxieds                N/A    N/A   N/A   N/A   N/A   N/A  
388   ControlCenter    0.0  00:07.14 4     1   481    33M    0B    0B    388  1    sleeping *0[266]   0.00000 0.00000    501 25969    968  27869    6045     25602     59639    31051     1002    1016    0.0   0         0         maxieds                N/A    N/A   N/A   N/A   N/A   N/A  
387   talagent         0.0  00:00.13 2     1   127    2932K  0B    0B    387  1    sleeping *0[1]     0.00000 0.00000    501 3989     266  911      388      2589      2357     1429      2       2       0.0   0         0         maxieds                N/A    N/A   N/A   N/A   N/A   N/A  
386   Dock             0.0  00:02.07 3     1   287    30M    3144K 0B    386  1    sleeping *1[178]   0.00000 0.00000    501 55693    495  5745     1103     17286     14685    14595     7121    106     0.0   0         0         maxieds                N/A    N/A   N/A   N/A   N/A   N/A  
385   knowledge-agent  0.0  00:01.30 2     1   125    5948K  500K  0B    385  1    sleeping  0[60]    0.00000 0.00000    501 10862    351  874      487      25791     5228     4866      17      34      0.0   0         0         maxieds                N/A    N/A   N/A   N/A   N/A   N/A  
384   universalaccessd 0.0  00:00.29 3     1   190    3104K  0B    0B    384  1    sleeping *1[35]    0.00000 0.00000    501 4033     256  3518     1261     6611      7970     6604      17      70      0.0   0         0         maxieds                N/A    N/A   N/A   N/A   N/A   N/A  
382   gamecontrollerd  0.0  00:00.28 3     2   59     1068K  0B    0B    382  1    sleeping  0[3]     0.00000 0.00000    247 2772     156  1186     199      8410      3851     5865      13      503     0.0   0         0         _gamecontrollerd       N/A    N/A   N/A   N/A   N/A   N/A  
381   UserEventAgent   0.0  00:00.66 2     1   370    2432K  0B    0B    381  1    sleeping *0[1]     0.00000 0.00000    501 5545     243  4450     2433     15309     6724     4224      5       24      0.0   0         0         maxieds                N/A    N/A   N/A   N/A   N/A   N/A  
380   securityd_servic 0.0  00:00.11 2     1   27     568K   0B    0B    380  1    sleeping *0[1]     0.00000 0.00000    0   1334     105  126      55       430       210      145       0       0       0.0   0         0         root                   N/A    N/A   N/A   N/A   N/A   N/A  
379   cfprefsd         0.0  00:03.70 2     1   311    756K   344K  0B    379  1    sleeping  0[1169]  0.00000 0.00000    501 4344     89   5794     6510     110947    20661    23380     0       133     0.0   0         0         maxieds                N/A    N/A   N/A   N/A   N/A   N/A  
378   distnoted        0.0  00:00.72 2     1   238    648K   0B    0B    378  1    sleeping *0[1]     0.00000 0.00000    501 1519     87   1398     5133     35330     11650    6181      0       0       0.0   0         0         maxieds                N/A    N/A   N/A   N/A   N/A   N/A  
376   coreauthd        0.0  00:00.06 2     1   41     1216K  0B    0B    376  1    sleeping  0[6]     0.00000 0.00000    0   1931     167  903      449      924       853      309       26      0       0.0   0         0         root                   N/A    N/A   N/A   N/A   N/A   N/A  
372   systemstats      0.0  00:00.05 3     1   123    1352K  0B    0B    108  108  sleeping  0[0]     0.00000 0.00000    0   1487     187  813      456      1200      1149     831       0       10      0.0   0         0         root                   N/A    N/A   N/A   N/A   N/A   N/A  
371   AppleCameraAssis 0.0  00:00.04 4     1   72     804K   0B    0B    371  1    sleeping *0[1]     0.00000 0.00000    262 1070     130  999      401      1164      1703     492       2       0       0.0   0         0         _cmiodalassistants     N/A    N/A   N/A   N/A   N/A   N/A  
370   GSSCred          0.0  00:00.04 3     2   37     884K   0B    0B    370  1    sleeping *0[1]     0.00000 0.00000    0   2152     141  112      55       1048      275      164       1       1       0.0   0         0         root                   N/A    N/A   N/A   N/A   N/A   N/A  
367   sysmond          0.0  00:00.99 2     1   17     580K   0B    0B    367  1    sleeping  0[18]    0.00000 0.00000    0   1163     105  62396    38061    60100     60487    15671     2       12      0.0   0         0         root                   N/A    N/A   N/A   N/A   N/A   N/A  
365   symptomsd-diag   0.0  00:00.12 3     2   44     1320K  0B    0B    365  1    sleeping  0[0]     0.00000 0.00000    0   2530     167  127      48       1350      296      767       45      1       0.0   0         0         root                   N/A    N/A   N/A   N/A   N/A   N/A  
364   com.apple.Accoun 0.0  00:00.01 2     1   20     740K   0B    0B    364  1    sleeping  0[18]    0.00000 0.00000    0   961      107  129      105      865       422      150       1       4       0.0   0         0         root                   N/A    N/A   N/A   N/A   N/A   N/A  
362   bootinstalld     0.0  00:00.03 2     1   30     856K   0B    0B    362  1    sleeping  0[1]     0.00000 0.00000    0   2096     149  84       34       793       177      33        1       0       0.0   0         0         root                   N/A    N/A   N/A   N/A   N/A   N/A  
360   locationd        0.0  00:00.48 3     1   166    2796K  44K   0B    360  1    sleeping  0[25]    0.00000 0.00000    205 4690     332  1407     362      12920     7628     6406      0       508     0.0   0         0         _locationd             N/A    N/A   N/A   N/A   N/A   N/A  
358   wifianalyticsd   0.0  00:00.13 5     4   59     1712K  0B    0B    358  1    sleeping  0[9]     0.00000 0.00000    0   3309     217  235      117      1770      664      743       5       0       0.0   0         0         root                   N/A    N/A   N/A   N/A   N/A   N/A  
357   appleeventsd     0.0  00:00.12 2     1   95     704K   0B    0B    357  1    sleeping  0[30]    0.00000 0.00000    55  2160     131  847      432      2644      2073     1189      0       17      0.0   0         0         _appleevents           N/A    N/A   N/A   N/A   N/A   N/A  
356   colorsyncd       0.0  00:00.05 2     1   30     672K   0B    0B    356  1    sleeping  0[37]    0.00000 0.00000    0   1619     116  113      73       1071      276      373       0       0       0.0   0         0         root                   N/A    N/A   N/A   N/A   N/A   N/A  
355   colorsync.displa 0.0  00:00.05 2     1   43     928K   0B    0B    355  1    sleeping  0[7]     0.00000 0.00000    0   1194     120  210      56       1334      543      1197      1       0       0.0   0         0         root                   N/A    N/A   N/A   N/A   N/A   N/A  
352   WiFiCloudAssetsX 0.0  00:00.02 2     1   25     996K   0B    0B    352  1    sleeping  0[1]     0.00000 0.00000    0   1729     155  96       45       748       198      190       0       0       0.0   0         0         root                   N/A    N/A   N/A   N/A   N/A   N/A  
351   secinitd         0.0  00:00.07 2     1   35     912K   0B    0B    351  1    sleeping  0[2]     0.00000 0.00000    0   1869     128  151      66       1192      320      181       0       0       0.0   0         0         root                   N/A    N/A   N/A   N/A   N/A   N/A  
350   distnoted        0.0  00:00.05 2     1   29     420K   0B    0B    350  1    sleeping *0[1]     0.00000 0.00000    88  1224     86   98       74       571       302      117       0       0       0.0   0         0         _windowserver          N/A    N/A   N/A   N/A   N/A   N/A  
348   hidd             0.0  00:00.03 2     1   30     660K   0B    0B    348  1    sleeping *0[1]     0.00000 0.00000    261 844      105  576      417      1727      2156     822       0       0       0.0   0         0         _hidd                  N/A    N/A   N/A   N/A   N/A   N/A  
347   BlueTool         0.0  00:00.02 2     1   31     704K   0B    0B    347  1    sleeping  0[3]     0.00000 0.00000    0   934      114  122      71       508       272      86        1       0       0.0   0         0         root                   N/A    N/A   N/A   N/A   N/A   N/A  
336   distnoted        0.0  00:00.04 2     1   29     412K   0B    0B    336  1    sleeping *0[1]     0.00000 0.00000    278 1216     86   99       74       572       302      172       0       0       0.0   0         0         _accessoryupdater      N/A    N/A   N/A   N/A   N/A   N/A  
334   siriinferenced   0.0  00:00.08 2     1   33     1196K  0B    0B    334  1    sleeping  0[2]     0.00000 0.00000    0   2588     192  98       49       903       204      381       162     3       0.0   0         0         root                   N/A    N/A   N/A   N/A   N/A   N/A  
333   com.apple.Mobile 0.0  00:00.17 2     1   34     944K   0B    0B    333  1    sleeping  0[0]     0.00000 0.00000    0   1519     163  6349     3165     1301      5309     434       3       6       0.0   0         0         root                   N/A    N/A   N/A   N/A   N/A   N/A  
332   UVCAssistant     0.0  00:00.07 2     1   59     1268K  0B    0B    332  1    sleeping *0[1]     0.00000 0.00000    262 2220     154  248      108      1209      553      326       23      2       0.0   0         0         _cmiodalassistants     N/A    N/A   N/A   N/A   N/A   N/A  
331   XProtectPluginSe 0.0  00:01.26 2     1   37     1156K  0B    0B    331  1    sleeping  0[0]     0.00000 0.00000    0   15064    165  369      130      33702     27684    4570      30      13      0.0   0         0         root                   N/A    N/A   N/A   N/A   N/A   N/A  
330   distnoted        0.0  00:00.02 2     1   29     412K   0B    0B    330  1    sleeping *0[1]     0.00000 0.00000    262 1208     86   99       75       577       302      81        0       0       0.0   0         0         _cmiodalassistants     N/A    N/A   N/A   N/A   N/A   N/A  
329   sysextd          0.0  00:00.09 2     1   33     1064K  0B    0B    329  1    sleeping  0[0]     0.00000 0.00000    0   2174     187  110      49       889       271      138       4       2       0.0   0         0         root                   N/A    N/A   N/A   N/A   N/A   N/A  
327   distnoted        0.0  00:00.05 2     1   30     404K   0B    0B    327  1    sleeping *0[1]     0.00000 0.00000    89  1219     87   130      150      912       465      184       0       0       0.0   0         0         _spotlight             N/A    N/A   N/A   N/A   N/A   N/A  
319   thermald         0.0  00:00.02 2     1   33     664K   0B    0B    319  1    sleeping *0[1]     0.00000 0.00000    0   1015     121  166      59       785       249      193       3       0       0.0   0         0         root                   N/A    N/A   N/A   N/A   N/A   N/A  
318   com.apple.AppleU 0.0  00:00.25 2     1   138    716K   0B    0B    318  1    sleeping  0[1]     0.00000 0.00000    270 3534     57   3511     2212     2150      4289     1849      35      0       0.0   0         0         _driverkit             N/A    N/A   N/A   N/A   N/A   N/A  
314   mds_stores       0.0  21:37.58 6     4/1 108    85M    8504K 0B    314  1    stuck    *0[1]     0.00000 0.00000    0   11709023 1482 772546   501071   30888936  2952605  6581517   199134  5243    0.0   0         0         root                   N/A    N/A   N/A   N/A   N/A   N/A  
313   distnoted        0.0  00:00.05 2     1   29     412K   0B    0B    313  1    sleeping *0[1]     0.00000 0.00000    242 1206     86   98       77       585       305      137       0       0       0.0   0         0         _nsurlsessiond         N/A    N/A   N/A   N/A   N/A   N/A  
311   FindMyMacd       0.0  00:00.01 2     1   29     600K   0B    0B    311  1    sleeping *0[1]     0.00000 0.00000    0   822      119  92       43       463       166      77        0       0       0.0   0         0         root                   N/A    N/A   N/A   N/A   N/A   N/A  
310   suhelperd        0.0  00:00.03 2     1   33     896K   0B    0B    310  1    sleeping  0[5]     0.00000 0.00000    0   1553     156  101      47       718       237      246       0       0       0.0   0         0         root                   N/A    N/A   N/A   N/A   N/A   N/A  
309   distnoted        0.0  00:00.05 2     1   29     412K   0B    0B    309  1    sleeping *0[1]     0.00000 0.00000    200 1215     86   98       79       592       311      315       0       0       0.0   0         0         _softwareupdate        N/A    N/A   N/A   N/A   N/A   N/A  
308   com.apple.audio. 0.0  00:00.02 2     1   20     616K   0B    0B    308  1    sleeping  0[5]     0.00000 0.00000    202 784      102  117      59       583       249      76        0       0       0.0   0         0         _coreaudiod            N/A    N/A   N/A   N/A   N/A   N/A  
306   com.apple.audio. 0.0  00:00.07 2     1   23     3320K  0B    0B    306  1    sleeping  0[2]     0.00000 0.00000    202 1800     128  108      44       661       228      83        0       0       0.0   0         0         _coreaudiod            N/A    N/A   N/A   N/A   N/A   N/A  
305   AudioComponentRe 0.0  00:00.10 2     1   34     812K   24K   0B    305  1    sleeping  0[6]     0.00000 0.00000    0   2040     125  144      78       974       407      202       10      0       0.0   0         0         root                   N/A    N/A   N/A   N/A   N/A   N/A  
304   socketfilterfw   0.0  00:00.24 3     1   50     1080K  0B    0B    304  1    sleeping *0[1]     0.00000 0.00000    0   2222     131  203      70       6633      910      885       0       1       0.0   0         0         root                   N/A    N/A   N/A   N/A   N/A   N/A  
302   ReportCrash      0.0  00:00.02 3     1   31     796K   0B    0B    302  1    sleeping *0[1]     0.00000 0.00000    0   1240     142  98       45       535       232      130       8       1       0.0   0         0         root                   N/A    N/A   N/A   N/A   N/A   N/A  
301   softwareupdated  0.0  00:00.63 2     1   84     2436K  0B    0B    301  1    sleeping  0[20]    0.00000 0.00000    200 5175     267  387      159      3989      893      2897      340     0       0.0   0         0         _softwareupdate        N/A    N/A   N/A   N/A   N/A   N/A  
300   osanalyticshelpe 0.0  00:00.05 2     1   37     1008K  0B    0B    300  1    sleeping  0[2]     0.00000 0.00000    0   1342     142  154      82       1471      441      417       6       1       0.0   0         0         root                   N/A    N/A   N/A   N/A   N/A   N/A  
273   searchpartyd     0.0  00:00.26 2     1   50     1840K  0B    0B    273  1    sleeping  0[6]     0.00000 0.00000    0   3864     302  201      82       1873      559      1340      61      1       0.0   0         0         root                   N/A    N/A   N/A   N/A   N/A   N/A  
272   backupd-helper   0.0  00:00.03 3     2   61     892K   0B    0B    272  1    sleeping  0[0]     0.00000 0.00000    0   1273     139  180      84       829       407      268       1       4       0.0   0         0         root                   N/A    N/A   N/A   N/A   N/A   N/A  
262   containermanager 0.0  00:00.09 2     1   38     968K   0B    0B    262  1    sleeping  0[4]     0.00000 0.00000    205 2067     162  152      63       1027      344      308       0       0       0.0   0         0         _locationd             N/A    N/A   N/A   N/A   N/A   N/A  
258   systemstatusd    0.0  00:00.06 2     1   40     684K   0B    0B    258  1    sleeping  0[5]     0.00000 0.00000    0   1697     122  91       52       779       204      294       5       1       0.0   0         0         root                   N/A    N/A   N/A   N/A   N/A   N/A  
256   trustd           0.0  00:00.12 2     1   36     2260K  0B    0B    256  1    sleeping  0[1]     0.00000 0.00000    205 2622     154  175      64       3116      478      411       0       2       0.0   0         0         _locationd             N/A    N/A   N/A   N/A   N/A   N/A  
255   cfprefsd         0.0  00:00.02 2     1   34     516K   0B    0B    255  1    sleeping  0[19]    0.00000 0.00000    205 670      88   140      66       654       367      118       0       0       0.0   0         0         _locationd             N/A    N/A   N/A   N/A   N/A   N/A  
254   VDCAssistant     0.0  00:00.10 2     1   53     1340K  0B    0B    254  1    sleeping *0[1]     0.00000 0.00000    262 2070     145  342      141      932       686      475       25      4       0.0   0         0         _cmiodalassistants     N/A    N/A   N/A   N/A   N/A   N/A  
253   usbd             0.0  00:00.05 2     1   48     800K   0B    0B    253  1    sleeping  0[0]     0.00000 0.00000    0   1887     129  380      226      722       721      217       0       0       0.0   0         0         root                   N/A    N/A   N/A   N/A   N/A   N/A  
252   secinitd         0.0  00:00.08 2     1   36     864K   0B    0B    252  1    sleeping  0[1]     0.00000 0.00000    205 1926     129  157      58       953       346      270       3       0       0.0   0         0         _locationd             N/A    N/A   N/A   N/A   N/A   N/A  
251   apfsd            0.0  00:00.04 2     1   43     644K   0B    0B    251  1    sleeping *0[1]     0.00000 0.00000    0   975      111  1043     453      402       1159     339       0       1       0.0   0         0         root                   N/A    N/A   N/A   N/A   N/A   N/A  
250   com.apple.ifdrea 0.0  00:00.03 2     1   32     780K   0B    0B    250  1    sleeping  0[2]     0.00000 0.00000    0   1014     114  122      60       480       213      89        0       0       0.0   0         0         root                   N/A    N/A   N/A   N/A   N/A   N/A  
249   com.apple.geod   0.0  00:00.65 2     1   64     3408K  32K   0B    249  1    sleeping *2[1]     0.00000 0.00000    205 4854     248  393      1074     15419     2990     6030      246     11      0.0   0         0         _locationd             N/A    N/A   N/A   N/A   N/A   N/A  
248   distnoted        0.0  00:00.05 2     1   32     404K   0B    0B    248  1    sleeping *0[1]     0.00000 0.00000    205 1238     87   100      82       649       318      303       0       0       0.0   0         0         _locationd             N/A    N/A   N/A   N/A   N/A   N/A  
247   amfid            0.0  00:00.04 2     1   38     1076K  0B    0B    247  1    sleeping *0[1]     0.00000 0.00000    0   1390     115  111      59       820       300      186       1       0       0.0   0         0         root                   N/A    N/A   N/A   N/A   N/A   N/A  
246   com.apple.audio. 0.0  00:00.41 3     1   357    880K   0B    0B    246  1    sleeping  0[2189]  0.00000 0.00000    202 1276     124  3380     3087     14761     9521     4863      0       0       0.0   0         0         _coreaudiod            N/A    N/A   N/A   N/A   N/A   N/A  
242   distnoted        0.0  00:00.05 2     1   29     412K   0B    0B    242  1    sleeping *0[1]     0.00000 0.00000    202 1203     86   98       79       594       309      260       0       0       0.0   0         0         _coreaudiod            N/A    N/A   N/A   N/A   N/A   N/A  
240   csnameddatad     0.0  00:00.01 2     1   23     564K   0B    0B    240  1    sleeping  0[2]     0.00000 0.00000    0   755      104  98       42       432       197      67        0       0       0.0   0         0         root                   N/A    N/A   N/A   N/A   N/A   N/A  
239   nsurlsessiond    0.0  00:00.87 5     4   83     1884K  0B    0B    239  1    stuck    *23[3]    0.00000 0.00000    242 5662     244  359      1091     21128     1974     7858      71      476     0.0   0         0         _nsurlsessiond         N/A    N/A   N/A   N/A   N/A   N/A  
237   awdd             0.0  00:00.15 2     1   77     1112K  24K   0B    237  1    sleeping  0[20]    0.00000 0.00000    0   1816     146  245      128      2913      694      1090      17      1       0.0   0         0         root                   N/A    N/A   N/A   N/A   N/A   N/A  
236   mobileassetd     0.0  00:05.38 2     1   84     1476K  0B    0B    236  1    sleeping  0[17]    0.00000 0.00000    0   34105    213  8305     295      39260     9195     14970     32      995     0.0   0         0         root                   N/A    N/A   N/A   N/A   N/A   N/A  
235   backupd          0.0  00:00.19 3     2   48     1204K  0B    0B    235  1    sleeping *0[1]     0.00000 0.00000    0   2007     216  137      87       1006      351      1060      41      5       0.0   0         0         root                   N/A    N/A   N/A   N/A   N/A   N/A  
231   lsd              0.0  00:00.28 3     2   78     1116K  0B    0B    231  1    sleeping  0[56]    0.00000 0.00000    0   5318     146  592      413      4198      1450     1770      1849    8       0.0   0         0         root                   N/A    N/A   N/A   N/A   N/A   N/A  
223   analyticsd       0.0  00:03.19 2     1   291    2128K  3712K 0B    223  1    sleeping *22[3]    0.00000 0.00000    263 9403     167  6073     3961     54545     20464    14780     67      74      0.0   0         0         _analyticsd            N/A    N/A   N/A   N/A   N/A   N/A  
222   com.apple.CodeSi 0.0  00:00.17 2     1   20     620K   0B    0B    222  1    sleeping  0[66]    0.00000 0.00000    0   1976     111  275      298      7532      911      825       0       8       0.0   0         0         root                   N/A    N/A   N/A   N/A   N/A   N/A  
219   findmydeviced    0.0  00:00.15 2     1   62     1588K  0B    0B    219  1    sleeping  0[2]     0.00000 0.00000    0   2786     250  269      110      1660      673      1087      92      13      0.0   0         0         root                   N/A    N/A   N/A   N/A   N/A   N/A  
218   mDNSResponder    0.0  00:00.37 3     1   124    1176K  0B    0B    218  1    sleeping *0[1]     0.00000 0.00000    65  2638     159  1341     694      12001     3339     4436      22      87      0.0   0         0         _mdnsresponder         N/A    N/A   N/A   N/A   N/A   N/A  
216   symptomsd        0.0  00:00.33 2     1   77     2252K  128K  0B    216  1    sleeping  0[52]    0.00000 0.00000    24  3417     199  392      196      5744      1286     2096      110     13      0.0   0         0         _networkd              N/A    N/A   N/A   N/A   N/A   N/A  
215   nehelper         0.0  00:00.73 2     1   75     1356K  0B    0B    215  1    sleeping  0[44]    0.00000 0.00000    0   3342     152  344      157      3994      787      1783      37      7       0.0   0         0         root                   N/A    N/A   N/A   N/A   N/A   N/A  
214   PowerUIAgent     0.0  00:00.08 2     1   36     832K   0B    0B    214  1    sleeping *0[1]     0.00000 0.00000    0   1602     137  115      69       795       264      399       96      0       0.0   0         0         root                   N/A    N/A   N/A   N/A   N/A   N/A  
212   PlugInLibrarySer 0.0  00:00.01 2     1   22     604K   0B    0B    212  1    sleeping  0[3]     0.00000 0.00000    0   728      103  85       41       395       161      70        0       0       0.0   0         0         root                   N/A    N/A   N/A   N/A   N/A   N/A  
211   containermanager 0.0  00:00.13 2     1   34     976K   0B    0B    211  1    sleeping  0[21]    0.00000 0.00000    0   2100     157  153      91       1417      426      628       5       1       0.0   0         0         root                   N/A    N/A   N/A   N/A   N/A   N/A  
209   diskmanagementd  0.0  00:00.05 3     1   45     1012K  0B    0B    209  1    sleeping *0[1]     0.00000 0.00000    0   1216     197  274      86       811       975      428       6       3       0.0   0         0         root                   N/A    N/A   N/A   N/A   N/A   N/A  
202   coreaudiod       0.0  00:01.90 5     1   483    8688K  0B    0B    202  1    sleeping *0[1]     0.00000 0.00000    202 10345    296  27562    22808    83773     99895    37633     141     129     0.0   0         0         _coreaudiod            N/A    N/A   N/A   N/A   N/A   N/A  
189   airportd         0.0  00:00.99 6     4   190    2540K  0B    0B    189  1    sleeping *4[1]     0.00000 0.00000    0   4997     262  4748     2402     12642     4835     6217      184     105     0.0   0         0         root                   N/A    N/A   N/A   N/A   N/A   N/A  
182   distnoted        0.0  00:00.06 2     1   35     420K   0B    0B    182  1    sleeping *0[1]     0.00000 0.00000    0   1232     87   99       86       669       317      328       0       0       0.0   0         0         root                   N/A    N/A   N/A   N/A   N/A   N/A  
180   authd            0.0  00:00.24 3     2   54     980K   0B    0B    180  1    sleeping  0[60]    0.00000 0.00000    0   2137     142  396      210      6385      1569     1286      1       2       0.0   0         0         root                   N/A    N/A   N/A   N/A   N/A   N/A  
176   coreservicesd    0.0  00:00.57 4     1   222    2224K  0B    0B    176  1    sleeping *0[1]     0.00000 0.00000    0   2485     113  20465    9292     13353     37984    5813      1       15      0.0   0         0         root                   N/A    N/A   N/A   N/A   N/A   N/A  
173   syspolicyd       0.0  00:03.73 2     1   77     50M    724K  0B    173  1    sleeping *0[1]     0.00000 0.00000    0   47171    4615 614      416      40831     4090     7885      3783    3       0.0   0         0         root                   N/A    N/A   N/A   N/A   N/A   N/A  
172   loginwindow      0.0  00:01.01 2     1   293    12M    0B    0B    172  1    sleeping *0[29]    0.00000 0.00000    501 12921    404  2512     1232     9202      7206     7069      447     21      0.0   0         0         maxieds                N/A    N/A   N/A   N/A   N/A   N/A  
171   trustd           0.0  00:03.09 2     1   80     2736K  160K  0B    171  1    sleeping  0[1693]  0.00000 0.00000    282 4824     190  1205     2841     45072     15908    12743     61      50      0.0   0         0         _trustd                N/A    N/A   N/A   N/A   N/A   N/A  
169   aslmanager       0.0  00:00.05 2     1   16     408K   0B    0B    169  1    sleeping *0[1]     0.00000 0.00000    0   489      73   70       37       620       157      421       0       7       0.0   0         0         root                   N/A    N/A   N/A   N/A   N/A   N/A  
168   tccd             0.0  00:02.49 2     1   41     1564K  28K   0B    168  1    sleeping  0[349]   0.00000 0.00000    0   6526     163  2503     2382     94702     12475    9523      44      30      0.0   0         0         root                   N/A    N/A   N/A   N/A   N/A   N/A  
167   taskgated        0.0  00:00.14 1     0   21     704K   0B    0B    167  1    sleeping *0[1]     0.00000 0.00000    0   1305     111  88       31       1297      257      662       18      5       0.0   0         0         root                   N/A    N/A   N/A   N/A   N/A   N/A  
166   cfprefsd         0.0  00:03.63 2     1   512    828K   20K   0B    166  1    sleeping  0[1942]  0.00000 0.00000    0   4033     88   8050     9256     138533    29356    26082     1       220     0.0   0         0         root                   N/A    N/A   N/A   N/A   N/A   N/A  
165   com.apple.cmio.r 0.0  00:00.07 2     1   53     768K   0B    0B    165  1    sleeping  0[23]    0.00000 0.00000    0   1722     127  171      85       1009      462      276       1       2       0.0   0         0         root                   N/A    N/A   N/A   N/A   N/A   N/A  
164   AirPlayXPCHelper 0.0  00:00.38 4     1   168    1412K  0B    0B    164  1    sleeping *0[1]     0.00000 0.00000    0   3959     197  1368     582      4104      2667     3896      280     17      0.0   0         0         root                   N/A    N/A   N/A   N/A   N/A   N/A  
163   corebrightnessd  0.0  00:00.48 2     1   127    1268K  0B    0B    163  1    sleeping *0[1]     0.00000 0.00000    0   13805    179  2947     871      6120      8279     4485      136     117     0.0   0         0         root                   N/A    N/A   N/A   N/A   N/A   N/A  
162   sandboxd         0.0  00:00.08 2     1   35     1072K  0B    0B    162  1    sleeping *0[1]     0.00000 0.00000    0   1595     150  179      87       1470      588      717       15      1       0.0   0         0         root                   N/A    N/A   N/A   N/A   N/A   N/A  
161   notifyd          0.0  00:02.92 2     1   461    732K   0B    0B    161  1    sleeping *0[1]     0.00000 0.00000    0   1522     72   25170    35929    112630    105095   41955     5       2       0.0   0         0         root                   N/A    N/A   N/A   N/A   N/A   N/A  
160   bluetoothd       0.0  00:00.67 2     1   181    2712K  0B    0B    160  1    sleeping *0[1]     0.00000 0.00000    0   5709     266  1749     895      8218      3602     4466      315     173     0.0   0         0         root                   N/A    N/A   N/A   N/A   N/A   N/A  
158   KernelEventAgent 0.0  00:00.01 2     1   22     524K   0B    0B    158  1    sleeping *0[1]     0.00000 0.00000    0   686      101  81       30       581       152      163       3       0       0.0   0         0         root                   N/A    N/A   N/A   N/A   N/A   N/A  
157   revisiond        0.0  00:00.13 3     1   47     1380K  0B    0B    157  1    sleeping  0[0]     0.00000 0.00000    0   2228     161  174      58       2239      467      562       18      8       0.0   0         0         root                   N/A    N/A   N/A   N/A   N/A   N/A  
156   logind           0.0  00:00.09 2     1   69     760K   0B    0B    156  1    sleeping *0[1]     0.00000 0.00000    0   1608     161  178      119      868       440      941       100     1       0.0   0         0         root                   N/A    N/A   N/A   N/A   N/A   N/A  
154   PerfPowerService 0.0  00:03.26 3     1   276    3344K  276K  0B    154  1    sleeping *1[8]     0.00000 0.00000    0   8547     269  40299    20179    40837     106213   53945     190     295     0.0   0         0         root                   N/A    N/A   N/A   N/A   N/A   N/A  
153   AppleCredentialM 0.0  00:00.04 2     1   32     648K   0B    0B    153  1    sleeping *0[1]     0.00000 0.00000    0   1007     121  204      99       518       308      694       16      0       0.0   0         0         root                   N/A    N/A   N/A   N/A   N/A   N/A  
152   distnoted        0.0  00:00.14 2     1   125    432K   0B    0B    152  1    sleeping *0[1]     0.00000 0.00000    241 1320     87   782      781      4914      2199     1266      0       0       0.0   0         0         _distnote              N/A    N/A   N/A   N/A   N/A   N/A  
150   dasd             0.0  00:03.79 3     2   73     2424K  0B    0B    150  1    sleeping  0[112]   0.00000 0.00000    0   6191     269  2289     1398     62263     8241     24349     44      403     0.0   0         0         root                   N/A    N/A   N/A   N/A   N/A   N/A  
149   displaypolicyd   0.0  00:00.06 6     1   51     1756K  0B    0B    149  1    sleeping *0[1]     0.00000 0.00000    244 1599     136  575      285      1493      696      1275      4       8       0.0   0         0         _displaypolicyd        N/A    N/A   N/A   N/A   N/A   N/A  
148   autofsd          0.0  00:00.02 2     1   23     528K   0B    0B    148  1    sleeping *0[1]     0.00000 0.00000    0   820      106  75       32       361       154      133       0       0       0.0   0         0         root                   N/A    N/A   N/A   N/A   N/A   N/A  
143   auditd           0.0  00:00.01 2     1   32     524K   0B    0B    143  1    sleeping *0[1]     0.00000 0.00000    0   636      102  89       35       327       172      89        0       0       0.0   0         0         root                   N/A    N/A   N/A   N/A   N/A   N/A  
142   securityd        0.0  00:00.35 4     1   85     1648K  0B    0B    142  1    sleeping *0[1]     0.00000 0.00000    0   3308     133  924      125      5362      5278     2724      24      12      0.0   0         0         root                   N/A    N/A   N/A   N/A   N/A   N/A  
141   usbmuxd          0.0  00:00.23 3     1   39     1296K  0B    0B    141  1    sleeping *0[1]     0.00000 0.00000    213 2770     246  172      50       1618      756      1660      268     0       0.0   0         0         _usbmuxd               N/A    N/A   N/A   N/A   N/A   N/A  
140   timed            0.0  00:00.10 3     2   51     1040K  0B    0B    140  1    sleeping *0[1]     0.00000 0.00000    266 1546     140  243      170      1695      849      753       9       14      0.0   0         0         _timed                 N/A    N/A   N/A   N/A   N/A   N/A  
139   launchservicesd  0.0  00:01.04 2     1   290    1312K  0B    0B    139  1    sleeping  0[1871]  0.00000 0.00000    0   4358     138  13868    8238     54176     20493    12820     4       115     0.0   0         0         root                   N/A    N/A   N/A   N/A   N/A   N/A  
138   apsd             0.0  00:01.16 4     3   183    2000K  12K   0B    138  1    sleeping *0[1]     0.00000 0.00000    0   16887    258  4388     2242     27470     14088    11287     78      156     0.0   0         0         root                   N/A    N/A   N/A   N/A   N/A   N/A  
137   opendirectoryd   0.0  00:06.10 6     5   842    2736K  64K   0B    137  1    sleeping *0[1]     0.00000 0.00000    0   87281    160  20657    23508    302903    69586    92853     927     202     0.0   0         0         root                   N/A    N/A   N/A   N/A   N/A   N/A  
136   thermalmonitord  0.0  00:00.02 1     0   24     960K   0B    0B    136  1    sleeping *0[1]     0.00000 0.00000    0   910      212  62       28       309       139      267       5       0       0.0   0         0         root                   N/A    N/A   N/A   N/A   N/A   N/A  
133   syslogd          0.0  00:00.17 3     2   65     580K   0B    0B    133  1    sleeping  0[163]   0.00000 0.00000    0   1114     75   140      175      9434      2306     2516      1       42      0.0   0         0         root                   N/A    N/A   N/A   N/A   N/A   N/A  
132   coreduetd        0.0  00:00.68 2     1   54     2540K  960K  0B    132  1    sleeping  0[13]    0.00000 0.00000    0   6084     210  332      178      10014     3341     3100      168     12      0.0   0         0         root                   N/A    N/A   N/A   N/A   N/A   N/A  
129   diskarbitrationd 0.0  00:00.86 2     1   206    1008K  0B    0B    129  1    sleeping *0[1]     0.00000 0.00000    0   6778     1780 9758     4303     12742     60394    8881      8       0       0.0   0         0         root                   N/A    N/A   N/A   N/A   N/A   N/A  
128   kernelmanagerd   0.0  00:03.27 2     1   72     6496K  0B    0B    128  1    sleeping *0[1]     0.00000 0.00000    0   92844    565  723      403      29133     5532     6226      1161    0       0.0   0         0         root                   N/A    N/A   N/A   N/A   N/A   N/A  
127   iconservicesd    0.0  00:00.07 2     1   45     824K   0B    0B    127  1    sleeping  0[10]    0.00000 0.00000    240 1902     125  122      67       818       290      385       2       3       0.0   0         0         _iconservices          N/A    N/A   N/A   N/A   N/A   N/A  
126   mds              0.0  02:33.59 10    7   333    17M    0B    0B    126  1    stuck    *0[1]     0.00000 0.00000    0   792400   295  825132   403912   5439575   1618244  2060772   456     7338    0.0   0         0         root                   N/A    N/A   N/A   N/A   N/A   N/A  
122   watchdogd        0.0  00:00.20 3     1   46     700K   0B    0B    122  1    sleeping *0[1]     0.00000 0.00000    0   1084     116  3018     1542     1363      9557     3257      15      264     0.0   0         0         root                   N/A    N/A   N/A   N/A   N/A   N/A  
120   softwareupdated  0.0  00:00.17 2     1   49     1220K  0B    0B    120  1    sleeping  0[0]     0.00000 0.00000    200 2455     163  3161     1559     1429      2757     529       2       3       0.0   0         0         _softwareupdate        N/A    N/A   N/A   N/A   N/A   N/A  
119   keybagd          0.0  00:00.18 2     1   54     832K   0B    0B    119  1    sleeping *0[1]     0.00000 0.00000    0   1560     127  716      759      4579      2717     1879      6       17      0.0   0         0         root                   N/A    N/A   N/A   N/A   N/A   N/A  
117   remoted          0.0  00:00.07 2     1   66     756K   0B    0B    117  1    sleeping *0[1]     0.00000 0.00000    0   1231     116  373      211      787       630      812       42      0       0.0   0         0         root                   N/A    N/A   N/A   N/A   N/A   N/A  
113   daemondo         0.0  00:00.02 3     1   43     772K   0B    0B    113  1    sleeping *0[1]     0.00000 0.00000    0   981      145  89       37       375       210      138       7       0       0.0   0         0         root                   N/A    N/A   N/A   N/A   N/A   N/A  
111   endpointsecurity 0.0  00:00.01 1     0   32     536K   0B    0B    111  1    sleeping  0[0]     0.00000 0.00000    0   684      105  83       36       312       174      71        2       0       0.0   0         0         root                   N/A    N/A   N/A   N/A   N/A   N/A  
110   configd          0.0  00:00.84 7     1   364    1928K  0B    0B    110  1    sleeping *0[1]     0.00000 0.00000    0   6535     197  12925    7080     31070     19255    7823      53      7       0.0   0         0         root                   N/A    N/A   N/A   N/A   N/A   N/A  
108   systemstats      0.0  00:03.48 2     1   90     1672K  0B    0B    108  1    sleeping  0[25]    0.00000 0.00000    0   8894     250  17518    9167     500997    14928    12121     15      205     0.0   0         0         root                   N/A    N/A   N/A   N/A   N/A   N/A  
105   mediaremoted     0.0  00:00.72 3     1   160    1616K  0B    0B    105  1    sleeping  0[11]    0.00000 0.00000    0   6432     273  14371    3216     4463      16664    19946     348     6       0.0   0         0         root                   N/A    N/A   N/A   N/A   N/A   N/A  
104   fseventsd        0.0  00:22.61 8     1   241    1604K  0B    0B    104  1    sleeping *0[1]     0.00000 0.00000    0   138814   109  26605    5984     971966    89774    116975    2       6511    0.0   0         0         root                   N/A    N/A   N/A   N/A   N/A   N/A  
103   uninstalld       0.0  00:00.15 2     1   20     596K   0B    0B    103  1    sleeping *0[1]     0.00000 0.00000    0   1596     115  439      27       4564      1657     2917      1       504     0.0   0         0         root                   N/A    N/A   N/A   N/A   N/A   N/A  
100   UserEventAgent   0.0  00:01.00 4     1   465    2068K  0B    0B    100  1    sleeping *0[1]     0.00000 0.00000    0   5168     222  5639     5129     16846     15457    9249      417     65      0.0   0         0         root                   N/A    N/A   N/A   N/A   N/A   N/A  
99    logd             0.0  00:03.87 4     3   1084   8852K  0B    0B    99   1    sleeping *0[1]     0.00000 0.00000    0   21497    122  17871    21230    196307    38180    65937     31      188     0.0   0         0         root                   N/A    N/A   N/A   N/A   N/A   N/A  
1     launchd          0.0  00:13.43 3     2   1683   13M    0B    0B    1    0    stuck     0[0]     0.00000 0.00000    0   17888    1510 53421    54314    363079    232511   120832    73      156     0.0   0         0         root                   N/A    N/A   N/A   N/A   N/A   N/A  
Processes: 342 total, 2 running, 7 stuck, 333 sleeping, 1051 threads 
2026/07/24 13:44:12
Load Avg: 1.50, 1.84, 1.89 
CPU usage: 0.72% user, 1.20% sys, 98.7% idle 
SharedLibs: 458M resident, 83M data, 37M linkedit.
MemRegions: 25345 total, 1170M resident, 179M private, 739M shared.
PhysMem: 6187M used (2218M wired), 2004M unused.
VM: 11T vsize, 3153M framework vsize, 0(0) swapins, 0(0) swapouts.
Networks: packets: 230/32K in, 236/32K out.
Disks: 702154/11G read, 244879/14G written.

PID   COMMAND          %CPU TIME     #TH   #WQ #PORTS MEM    PURG  CMPRS PGRP PPID STATE    BOOSTS    %CPU_ME %CPU_OTHRS UID FAULTS   COW  MSGSENT  MSGRECV  SYSBSD    SYSMACH  CSW       PAGEINS IDLEW   POWER INSTRS    CYCLES    USER                   #MREGS RPRVT VPRVT VSIZE KPRVT KSHRD
1976  top              3.1  00:00.37 1/1   0   26     2224K  0B    0B    1976 1107 running  *0[1]     0.00000 0.00000    0   3013+    108  114082+  57035+   8805+     69690+   107+      0       5+      3.1   116319467 90375281  root                   N/A    N/A   N/A   N/A   N/A   N/A  
170   WindowServer     1.8  03:14.66 12    5   795+   131M+  19M-  0B    170  1    sleeping *0[1]     0.04809 0.08256    88  300771+  1628 1041825+ 830356+  3269827+  3792293+ 1333106+  1181    28973+  1.9   23240692  30850564  _windowserver          N/A    N/A   N/A   N/A   N/A   N/A  
556   Terminal         1.3  04:26.54 9     3   417    346M+  38M-  0B    556  1    sleeping *0[844+]  0.08256 0.03396    501 3162700+ 1233 811131+  121593+  5654248+  3086387+ 1397752+  7212    11967+  1.6   30061030  28675585  maxieds                N/A    N/A   N/A   N/A   N/A   N/A  
0     kernel_task      0.7  02:37.59 165/4 0   0      195M+  0B    0B    0    0    running   0[0]     0.00000 0.00000    0   9450     2635 1399378+ 1196309+ 0         0        13390268+ 102     783960+ 0.0   4126132   20281076  root                   N/A    N/A   N/A   N/A   N/A   N/A  
856   cp               0.1  01:37.81 1     0   19     2560K  0B    0B    856  855  stuck    *0[1]     0.00000 0.00000    0   899      151  47       18       2933229+  93       312067+   61      0       0.1   3583166   2599426   root                   N/A    N/A   N/A   N/A   N/A   N/A  
126   mds              0.1  02:33.59 10    7   331-   17M+   0B    0B    126  1    stuck    *0[1]     0.00969 0.00000    0   792401+  295  825134+  403914+  5439600+  1618247+ 2060784+  456     7340+   0.2   601628    1434397   root                   N/A    N/A   N/A   N/A   N/A   N/A  
1     launchd          0.0  00:13.43 4     3   1683   13M+   0B    0B    1    0    stuck     0[0]     0.00000 0.00196    0   17891+   1510 53424+   54318+   363117+   232517+  120839+   73      156     0.0   724574    2002110   root                   N/A    N/A   N/A   N/A   N/A   N/A  
99    logd             0.0  00:03.87 4     3   1081-  8852K  0B    0B    99   1    sleeping *0[1]     0.00000 0.00000    0   21500+   122  17871    21231+   196347+   38183+   65949+    31      188     0.0   496535    1149915   root                   N/A    N/A   N/A   N/A   N/A   N/A  
104   fseventsd        0.0  00:22.61 8     1   241    1604K  0B    0B    104  1    stuck    *0[1]     0.00000 0.00000    0   138814   109  26605    5984     971974+   89774    116980+   2       6513+   0.1   273092    445911    root                   N/A    N/A   N/A   N/A   N/A   N/A  
161   notifyd          0.0  00:02.92 2     1   460-   732K   0B    0B    161  1    sleeping *0[1]     0.00000 0.00000    0   1522     72   25170    35930+   112633+   105097+  41959+    5       2       0.0   199578    602706    root                   N/A    N/A   N/A   N/A   N/A   N/A  
314   mds_stores       0.0  21:37.58 5     3/1 105-   85M-   8504K 0B    314  1    stuck    *0[1]     0.00000 0.00969    0   11709023 1482 772548+  501073+  30888942+ 2952611+ 6581520+  199134  5244+   0.0   158046    443469    root                   N/A    N/A   N/A   N/A   N/A   N/A  
398   ViewBridgeAuxili 0.0  00:00.81 2     1   169    2060K  0B    0B    398  1    sleeping *0[4725+] 0.00000 0.00000    501 2907     181  14468+   5063+    11661+    43337+   15317+    0       23      0.0   159245    519842    maxieds                N/A    N/A   N/A   N/A   N/A   N/A  
361   ViewBridgeAuxili 0.0  00:00.71 2     1   68     1748K  0B    0B    361  1    sleeping *0[4619+] 0.00000 0.00000    0   2479     171  14228+   4778+    10432+    42356+   12765+    0       15      0.0   160900    517936    root                   N/A    N/A   N/A   N/A   N/A   N/A  
137   opendirectoryd   0.0  00:06.10 6     5   840-   2736K  64K   0B    137  1    sleeping *0[1]     0.00000 0.00000    0   87281    160  20657    23509+   302919+   69589+   92857+    927     202     0.0   132225    534567    root                   N/A    N/A   N/A   N/A   N/A   N/A  
112   powerd           0.0  00:02.89 3     2   123    1348K  0B    0B    112  1    sleeping *0[1]     0.00000 0.01413    0   12094+   160  18665+   13057+   53470+    46277+   35170+    212     371     0.0   125417    349612    root                   N/A    N/A   N/A   N/A   N/A   N/A  
166   cfprefsd         0.0  00:03.63 3     2   511-   836K+  20K   0B    166  1    sleeping  0[1942]  0.00000 0.00000    0   4035+    88   8050     9257+    138540+   29359+   26087+    1       220     0.0   139482    369775    root                   N/A    N/A   N/A   N/A   N/A   N/A  
498   lockoutagent     0.0  00:00.97 4     3   72     1388K  0B    0B    498  1    sleeping *0[1]     0.00000 0.00000    501 2741     153  4038+    116      37158+    15937+   23165+    1       2542+   0.0   92443     326938    maxieds                N/A    N/A   N/A   N/A   N/A   N/A  
382   gamecontrollerd  0.0  00:00.28 3     2   59     1068K  0B    0B    382  1    sleeping  0[3]     0.00000 0.00000    247 2772     156  1187+    199      8419+     3855+    5870+     13      504+    0.0   86388     308619    _gamecontrollerd       N/A    N/A   N/A   N/A   N/A   N/A  
108   systemstats      0.0  00:03.48 3     2   92+    1692K+ 0B    0B    108  1    sleeping  0[25]    0.00196 0.00000    0   8899+    250  17519+   9168+    501004+   14931+   12124+    15      205     0.0   182235    599392    root                   N/A    N/A   N/A   N/A   N/A   N/A  
129   diskarbitrationd 0.0  00:00.86 2     1   204-   1008K  0B    0B    129  1    sleeping *0[1]     0.00000 0.00000    0   6778     1780 9758     4303     12742     60401+   8883+     8       0       0.0   131606    288512    root                   N/A    N/A   N/A   N/A   N/A   N/A  
429   com.apple.hiserv 0.0  00:00.34 2     1   56     704K   0B    0B    429  1    sleeping  0[15]    0.00000 0.00000    501 1129     117  235      4722+    5865+     497      6820+     0       3       0.0   54897     202278    maxieds                N/A    N/A   N/A   N/A   N/A   N/A  
454   remindd          0.0  00:00.84 3     2   100    3940K  148K  0B    454  1    sleeping  0[6]     0.00000 0.00000    501 7868     462  481      219      13557+    2007     7665+     96      1256+   0.0   45526     187762    maxieds                N/A    N/A   N/A   N/A   N/A   N/A  
366   com.apple.hiserv 0.0  00:00.32 2     1   39     676K   0B    0B    366  1    sleeping  0[2]     0.00000 0.00000    0   1019     117  161      4692+    5421+     310      7005+     0       2       0.0   59572     186843    root                   N/A    N/A   N/A   N/A   N/A   N/A  
845   sudo             0.0  00:05.53 2     1   41     2320K  0B    0B    845  559  sleeping *0[16]    0.00000 0.00000    0   2330     369  153      83       1093725+  502      122601+   1       0       0.0   53605     134448    root                   N/A    N/A   N/A   N/A   N/A   N/A  
446   askpermissiond   0.0  00:00.22 2     1   66-    2028K- 20K   0B    446  1    sleeping  0[1]     0.00000 0.00000    501 4130     244  528      111      5977+     1737     3179+     1       348+    0.0   24225     93285     maxieds                N/A    N/A   N/A   N/A   N/A   N/A  
455   amsaccountsd     0.0  00:00.30 2     1   88-    2272K- 40K   0B    455  1    sleeping  0[1]     0.00000 0.00000    501 4704     288  645      157      7320+     2021     3582+     4       351+    0.0   22757     92417     maxieds                N/A    N/A   N/A   N/A   N/A   N/A  
238   mDNSResponderHel 0.0  00:00.33 3     1   39     1044K  0B    0B    238  1    sleeping *0[1]     0.00000 0.00000    0   2166     138  7899+    3996+    5136+     4401+    5378+     1       2599+   0.0   12902     81003     root                   N/A    N/A   N/A   N/A   N/A   N/A  
1974  mdworker_shared  0.0  00:00.28 4     1   49     1144K  0B    0B    1974 1    sleeping *0[1]     0.00000 0.00000    501 14346    169  623      269      4663      1815     419       0       2       0.0   0         0         maxieds                N/A    N/A   N/A   N/A   N/A   N/A  
1973  mdworker_shared  0.0  00:00.29 4     1   48     1092K  0B    0B    1973 1    sleeping *0[1]     0.00000 0.00000    501 14169    169  634      273      4694      1836     475       0       2       0.0   0         0         maxieds                N/A    N/A   N/A   N/A   N/A   N/A  
1972  mdworker_shared  0.0  00:00.26 4     1   49     1124K  0B    0B    1972 1    sleeping *0[1]     0.00000 0.00000    501 12740    169  611      263      4176      1645     425       0       2       0.0   0         0         maxieds                N/A    N/A   N/A   N/A   N/A   N/A  
1971  mdworker_shared  0.0  00:00.29 4     1   49     1148K  0B    0B    1971 1    sleeping *0[1]     0.00000 0.00000    501 13214    169  607      263      4154      1640     389       0       2       0.0   0         0         maxieds                N/A    N/A   N/A   N/A   N/A   N/A  
1970  mdworker_shared  0.0  00:00.26 4     1   49     1132K  0B    0B    1970 1    sleeping *0[1]     0.00000 0.00000    501 12631    169  609      264      4161      1639     373       0       2       0.0   0         0         maxieds                N/A    N/A   N/A   N/A   N/A   N/A  
1969  mdworker_shared  0.0  00:00.26 4     1   49     1152K  0B    0B    1969 1    sleeping *0[1]     0.00000 0.00000    501 13092    169  608      263      4257      1626     382       0       2       0.0   0         0         maxieds                N/A    N/A   N/A   N/A   N/A   N/A  
1968  mdworker_shared  0.0  00:00.27 4     1   49     1144K  0B    0B    1968 1    sleeping *0[1]     0.00000 0.00000    501 12744    169  609      263      4204      1640     360       0       2       0.0   0         0         maxieds                N/A    N/A   N/A   N/A   N/A   N/A  
1967  mdworker_shared  0.0  00:00.27 4     1   49     1128K  0B    0B    1967 1    sleeping *0[1]     0.00000 0.00000    501 12752    169  610      263      4185      1646     396       0       2       0.0   0         0         maxieds                N/A    N/A   N/A   N/A   N/A   N/A  
1966  mdworker_shared  0.0  00:00.26 4     1   49     1128K  0B    0B    1966 1    sleeping *0[1]     0.00000 0.00000    501 12671    169  610      263      4363      1637     368       0       2       0.0   0         0         maxieds                N/A    N/A   N/A   N/A   N/A   N/A  
1965  mdworker_shared  0.0  00:00.28 4     1   49     1136K  0B    0B    1965 1    sleeping *0[1]     0.00000 0.00000    501 14218    169  628      269      4825      1831     435       0       3       0.0   0         0         maxieds                N/A    N/A   N/A   N/A   N/A   N/A  
1963  mdworker_shared  0.0  00:00.05 4     1   42     1024K  0B    0B    1963 1    sleeping *0[1]     0.00000 0.00000    89  3585     169  509      228      980       509      118       1       8       0.0   0         0         _spotlight             N/A    N/A   N/A   N/A   N/A   N/A  
1950  mdworker_shared  0.0  00:00.07 4     1   43     1096K  0B    0B    1950 1    sleeping *0[1]     0.00000 0.00000    89  3690     173  535      237      1104      561      305       5       13      0.0   0         0         _spotlight             N/A    N/A   N/A   N/A   N/A   N/A  
1948  mdworker_shared  0.0  00:00.06 4     1   43     1096K  0B    0B    1948 1    sleeping *0[1]     0.00000 0.00000    89  3708     174  537      236      1099      574      236       5       16      0.0   0         0         _spotlight             N/A    N/A   N/A   N/A   N/A   N/A  
1918  mdworker_shared  0.0  00:00.13 4     1   43     1084K  0B    0B    1918 1    sleeping *0[1]     0.00000 0.00000    89  6482     169  595      242      1965      1030     504       3       48      0.0   0         0         _spotlight             N/A    N/A   N/A   N/A   N/A   N/A  
1913  mdworker_shared  0.0  00:00.13 4     1   42     1040K  0B    0B    1913 1    sleeping *0[1]     0.00000 0.00000    89  7226     174  600      242      1870      1099     485       16      44      0.0   0         0         _spotlight             N/A    N/A   N/A   N/A   N/A   N/A  
1856  mdworker_shared  0.0  00:00.13 4     1   42     1044K  0B    0B    1856 1    sleeping *0[1]     0.00000 0.00000    89  6825     169  615      240      2138      1173     533       3       60      0.0   0         0         _spotlight             N/A    N/A   N/A   N/A   N/A   N/A  
1749  wifip2pd         0.0  00:00.09 2     1   25     1168K  0B    0B    1749 1    sleeping  0[1]     0.00000 0.00000    0   2707     209  112      56       965       213      327       4       1       0.0   0         0         root                   N/A    N/A   N/A   N/A   N/A   N/A  
1742  VTDecoderXPCServ 0.0  00:00.19 2     1   71     13M    4460K 0B    1742 1    sleeping  0[21]    0.00000 0.00000    501 6566     170  1423     686      4289      1547     586       15      4       0.0   0         0         maxieds                N/A    N/A   N/A   N/A   N/A   N/A  
1695  CVMServer        0.0  00:00.03 2     1   33     544K   32K   0B    1695 1    sleeping *0[1]     0.00000 0.00000    0   1392     101  107      55       614       251      167       0       16      0.0   0         0         root                   N/A    N/A   N/A   N/A   N/A   N/A  
1515  keyboardservices 0.0  00:00.25 2     1   53     1784K  20K   0B    1515 1    sleeping  0[4]     0.00000 0.00000    501 2669     176  192      950      11118     2265     2650      11      3       0.0   0         0         maxieds                N/A    N/A   N/A   N/A   N/A   N/A  
1514  AppleSpell       0.0  00:00.29 2     1   100    5676K  80K   0B    1514 1    sleeping *0[1]     0.00000 0.00000    501 6999     329  502      145      5574      1325     1466      104     14      0.0   0         0         maxieds                N/A    N/A   N/A   N/A   N/A   N/A  
1513  LookupViewServic 0.0  00:00.38 4     2   200    6968K  12K   0B    1513 1    sleeping  0[7]     0.00000 0.00000    501 10349    400  1112     315      5778      2730     2275      280     7       0.0   0         0         maxieds                N/A    N/A   N/A   N/A   N/A   N/A  
1237  mdworker         0.0  00:00.04 2     1   50     1172K  0B    0B    1237 1    sleeping *0[1]     0.00000 0.00000    501 2526     181  149      44       892       324      102       0       1       0.0   0         0         maxieds                N/A    N/A   N/A   N/A   N/A   N/A  
1136  ls               0.0  01:15.20 1     0   22     2920K  0B    0B    1136 1135 stuck    *0[1]     0.00000 0.00000    0   1762     84   53       22       5926874   125      269151    0       0       0.0   0         0         root                   N/A    N/A   N/A   N/A   N/A   N/A  
1135  sudo             0.0  00:00.00 1     0   8      332K   0B    0B    1135 1134 sleeping *0[1]     0.00000 0.00000    0   183      89   12       6        45        16       4         0       0       0.0   0         0         root                   N/A    N/A   N/A   N/A   N/A   N/A  
1134  sudo             0.0  00:12.43 2     1   42     2356K  0B    0B    1134 1131 sleeping *0[16]    0.00000 0.00000    0   2363     372  149      81       5132485   499      325296    1       0       0.0   0         0         root                   N/A    N/A   N/A   N/A   N/A   N/A  
1131  bash             0.0  00:00.02 1     0   21     1316K  0B    0B    1131 1125 sleeping *0[1]     0.00000 0.00000    501 1147     276  56       22       914       113      133       6       0       0.0   0         0         maxieds                N/A    N/A   N/A   N/A   N/A   N/A  
1125  bash             0.0  00:00.01 1     0   21     1048K  0B    0B    1125 1124 sleeping *0[1]     0.00000 0.00000    501 1056     290  83       33       942       156      120       0       0       0.0   0         0         maxieds                N/A    N/A   N/A   N/A   N/A   N/A  
1124  login            0.0  00:00.03 2     1   32     1144K  0B    0B    1124 556  sleeping *0[9]     0.00000 0.00000    0   1514     188  83       33       4142      246      180       16      0       0.0   0         0         root                   N/A    N/A   N/A   N/A   N/A   N/A  
1117  distnoted        0.0  00:00.03 2     1   29     392K   0B    0B    1117 1    sleeping *0[1]     0.00000 0.00000    269 1200     86   99       35       377       212      53        0       0       0.0   0         0         _reportmemoryexception N/A    N/A   N/A   N/A   N/A   N/A  
1115  XprotectService  0.0  00:01.65 2     1   23     1160K  0B    0B    1115 1    sleeping  0[2]     0.00000 0.00000    0   56713    704  93       45       130307    430      1661      62      2       0.0   0         0         root                   N/A    N/A   N/A   N/A   N/A   N/A  
1107  bash             0.0  00:00.19 1     0   21     1380K  0B    0B    1107 1006 sleeping *0[1]     0.00000 0.00000    501 5967     3281 182      83       8279      175      1497      190     0       0.0   0         0         maxieds                N/A    N/A   N/A   N/A   N/A   N/A  
1101  deleted          0.0  00:00.15 2     1   39     844K   0B    0B    1101 1    sleeping  0[0]     0.00000 0.00000    501 2173     151  1368     632      2238      1473     419       21      1       0.0   0         0         maxieds                N/A    N/A   N/A   N/A   N/A   N/A  
1097  promotedcontentd 0.0  00:00.31 2     1   64     2176K  0B    0B    1097 1    sleeping  0[6]     0.00000 0.00000    501 4227     311  322      119      4806      771      1837      36      47      0.0   0         0         maxieds                N/A    N/A   N/A   N/A   N/A   N/A  
1096  com.apple.AppSto 0.0  00:00.06 2     1   27     3420K  0B    0B    1096 1    sleeping  0[0]     0.00000 0.00000    0   1561     115  86       37       460       173      127       0       3       0.0   0         0         root                   N/A    N/A   N/A   N/A   N/A   N/A  
1095  installcoordinat 0.0  00:00.05 2     1   42     920K   0B    0B    1095 1    sleeping  0[1]     0.00000 0.00000    274 2045     156  104      35       864       237      100       3       2       0.0   0         0         _installcoordinationd  N/A    N/A   N/A   N/A   N/A   N/A  
1094  ASPCarryLog      0.0  00:00.05 2     1   32     1056K  0B    0B    1094 1    sleeping  0[2]     0.00000 0.00000    0   1988     199  131      60       950       304      208       5       2       0.0   0         0         root                   N/A    N/A   N/A   N/A   N/A   N/A  
1093  appstoreagent    0.0  00:00.57 3     2   110    3392K  108K  0B    1093 1    sleeping  0[7]     0.00000 0.00000    501 6558     447  690      180      9206      2073     4234      30      311     0.0   0         0         maxieds                N/A    N/A   N/A   N/A   N/A   N/A  
1006  bash             0.0  00:00.10 1     0   21     1088K  0B    0B    1006 1005 sleeping *0[1]     0.00000 0.00000    501 1959     698  99       41       6035      164      744       0       0       0.0   0         0         maxieds                N/A    N/A   N/A   N/A   N/A   N/A  
1005  login            0.0  00:00.02 2     1   31     1120K  0B    0B    1005 556  sleeping *0[9]     0.00000 0.00000    0   1526     192  83       33       4121      246      126       0       0       0.0   0         0         root                   N/A    N/A   N/A   N/A   N/A   N/A  
855   sudo             0.0  00:00.00 1     0   8      324K   0B    0B    855  845  sleeping *0[1]     0.00000 0.00000    0   178      87   12       6        45        16       4         0       0       0.0   0         0         root                   N/A    N/A   N/A   N/A   N/A   N/A  
735   nfcd             0.0  00:00.12 2     1   48     1116K  0B    0B    735  1    sleeping *0[1]     0.00000 0.00000    260 2451     204  159      49       1029      347      367       36      3       0.0   0         0         _applepay              N/A    N/A   N/A   N/A   N/A   N/A  
733   progressd        0.0  00:00.38 2     1   51     1768K  0B    0B    733  1    sleeping  0[1]     0.00000 0.00000    501 5547     271  179      56       3902      1556     767       8       10      0.0   0         0         maxieds                N/A    N/A   N/A   N/A   N/A   N/A  
729   studentd         0.0  00:00.39 2     1   131    4972K  88K   0B    729  1    sleeping *0[1]     0.00000 0.00000    501 7220     472  892      230      8422      2095     2202      52      23      0.0   0         0         maxieds                N/A    N/A   N/A   N/A   N/A   N/A  
719   EscrowSecurityAl 0.0  00:00.07 2     1   46     1412K  12K   0B    719  1    sleeping  0[0]     0.00000 0.00000    501 2831     192  135      45       1236      305      426       0       7       0.0   0         0         maxieds                N/A    N/A   N/A   N/A   N/A   N/A  
697   followupd        0.0  00:00.03 2     1   44     1084K  16K   0B    697  1    sleeping  0[1]     0.00000 0.00000    501 1619     156  133      50       872       310      127       0       0       0.0   0         0         maxieds                N/A    N/A   N/A   N/A   N/A   N/A  
678   mobileactivation 0.0  00:00.06 2     1   44     664K   0B    0B    678  1    sleeping  0[1]     0.00000 0.00000    0   1477     117  103      45       589       237      137       0       0       0.0   0         0         root                   N/A    N/A   N/A   N/A   N/A   N/A  
677   lskdd            0.0  00:00.10 2     0   29     552K   0B    0B    677  1    sleeping *1[1]     0.00000 0.00000    265 1441     105  1492     740      1255      884      975       0       505     0.0   0         0         _fpsd                  N/A    N/A   N/A   N/A   N/A   N/A  
674   memoryanalyticsd 0.0  00:00.04 2     1   38     1028K  0B    0B    674  1    sleeping  0[0]     0.00000 0.00000    0   1150     120  112      47       828       251      172       1       2       0.0   0         0         root                   N/A    N/A   N/A   N/A   N/A   N/A  
672   online-authd     0.0  00:00.01 2     1   37     560K   0B    0B    672  1    sleeping  0[2]     0.00000 0.00000    0   712      103  105      51       424       215      100       0       2       0.0   0         0         root                   N/A    N/A   N/A   N/A   N/A   N/A  
626   mdworker         0.0  00:00.07 2     1   41     1044K  0B    0B    626  1    sleeping *0[1]     0.00000 0.00000    89  2427     180  138      44       905       302      111       2       2       0.0   0         0         _spotlight             N/A    N/A   N/A   N/A   N/A   N/A  
587   spindump_agent   0.0  00:00.02 2     1   42     832K   0B    0B    587  1    sleeping  0[5]     0.00000 0.00000    501 1160     132  184      57       598       389      174       0       2       0.0   0         0         maxieds                N/A    N/A   N/A   N/A   N/A   N/A  
586   spindump         0.0  00:00.09 2     1   41     920K   0B    0B    586  1    sleeping *0[1]     0.00000 0.00000    0   2493     156  159      77       5107      373      412       14      3       0.0   0         0         root                   N/A    N/A   N/A   N/A   N/A   N/A  
585   QuickLookSatelli 0.0  00:02.11 3     2   72     11M    576K  0B    585  1    sleeping  0[20]    0.00000 0.00000    501 8901     252  854      362      26675     1674     8552      58      49      0.0   0         0         maxieds                N/A    N/A   N/A   N/A   N/A   N/A  
584   mdwrite          0.0  00:00.04 2     1   32     732K   0B    0B    584  1    sleeping *0[1]     0.00000 0.00000    501 1263     127  156      138      1238      496      371       0       17      0.0   0         0         maxieds                N/A    N/A   N/A   N/A   N/A   N/A  
581   logd_helper      0.0  00:00.03 2     1   20     512K   0B    0B    581  1    sleeping *0[1]     0.00000 0.00000    0   1298     101  69       35       432       150      70        0       0       0.0   0         0         root                   N/A    N/A   N/A   N/A   N/A   N/A  
559   bash             0.0  00:00.08 1     0   21     1132K  0B    0B    559  557  sleeping *0[1]     0.00000 0.00000    501 1964     679  97       40       4711      163      1046      2       0       0.0   0         0         maxieds                N/A    N/A   N/A   N/A   N/A   N/A  
558   com.apple.audio. 0.0  00:00.05 2     1   21     3360K  0B    0B    558  1    sleeping  0[1]     0.00000 0.00000    0   1760     126  83       40       607       165      135       0       0       0.0   0         0         root                   N/A    N/A   N/A   N/A   N/A   N/A  
557   login            0.0  00:00.04 2     1   32     1164K  0B    0B    557  556  sleeping *0[9]     0.00000 0.00000    0   1505     179  83       33       2240      246      422       0       0       0.0   0         0         root                   N/A    N/A   N/A   N/A   N/A   N/A  
536   CategoriesServic 0.0  00:00.02 2     1   35     840K   0B    0B    536  1    sleeping  0[0]     0.00000 0.00000    501 1529     121  145      50       683       347      105       0       0       0.0   0         0         maxieds                N/A    N/A   N/A   N/A   N/A   N/A  
535   photolibraryd    0.0  00:00.09 2     1   48     1252K  0B    0B    535  1    sleeping  0[0]     0.00000 0.00000    501 2484     199  157      53       860       335      217       97      1       0.0   0         0         maxieds                N/A    N/A   N/A   N/A   N/A   N/A  
534   suggestd         0.0  00:01.03 2     1   178    6316K  292K  0B    534  1    sleeping  0[5]     0.00000 0.00000    501 9537     434  954      268      14221     2665     3061      256     33      0.0   0         0         maxieds                N/A    N/A   N/A   N/A   N/A   N/A  
533   USBAgent         0.0  00:00.05 2     1   34     696K   0B    0B    533  1    sleeping  0[0]     0.00000 0.00000    501 1818     128  120      44       619       255      118       0       1       0.0   0         0         maxieds                N/A    N/A   N/A   N/A   N/A   N/A  
532   SubmitDiagInfo   0.0  00:00.38 2     1   55     1008K  0B    0B    532  1    sleeping  0[0]     0.00000 0.00000    0   5571     144  303      312      4543      1506     1648      4       7       0.0   0         0         root                   N/A    N/A   N/A   N/A   N/A   N/A  
531   CrashReporterSup 0.0  00:00.01 2     1   30     632K   0B    0B    531  1    sleeping  0[0]     0.00000 0.00000    0   882      103  79       35       430       168      69        0       1       0.0   0         0         root                   N/A    N/A   N/A   N/A   N/A   N/A  
530   amsengagementd   0.0  00:01.43 3     2   123    4228K  52K   0B    530  1    sleeping  0[23]    0.00000 0.00000    501 10846    399  1565     694      22620     5606     8404      111     412     0.0   0         0         maxieds                N/A    N/A   N/A   N/A   N/A   N/A  
529   SoftwareUpdateNo 0.0  00:00.15 3     1   177    3188K  0B    0B    529  1    sleeping *0[1]     0.00000 0.00000    501 4859     308  800      243      3465      1872     1245      8       6       0.0   0         0         maxieds                N/A    N/A   N/A   N/A   N/A   N/A  
528   com.apple.sbd    0.0  00:00.03 3     2   36     896K   0B    0B    528  1    sleeping  0[0]     0.00000 0.00000    501 1396     148  129      47       571       292      174       3       0       0.0   0         0         maxieds                N/A    N/A   N/A   N/A   N/A   N/A  
527   XProtectPluginSe 0.0  00:01.03 2     1   43     1196K  0B    0B    527  1    sleeping  0[0]     0.00000 0.00000    501 15143    166  403      130      33847     27746    2172      0       0       0.0   0         0         maxieds                N/A    N/A   N/A   N/A   N/A   N/A  
526   mdbulkimport     0.0  00:01.02 2     1   60     2736K  0B    0B    526  1    sleeping *0[1]     0.00000 0.00000    501 10866    202  406      159      17086     4779     1877      2       10      0.0   0         0         maxieds                N/A    N/A   N/A   N/A   N/A   N/A  
525   siriknowledged   0.0  00:00.10 2     1   49     2016K  132K  0B    525  1    sleeping  0[4]     0.00000 0.00000    501 3214     224  225      94       2043      543      602       31      14      0.0   0         0         maxieds                N/A    N/A   N/A   N/A   N/A   N/A  
524   adid             0.0  00:00.06 2     1   36     808K   0B    0B    524  1    sleeping  0[2]     0.00000 0.00000    265 1783     122  99       35       631       234      307       0       0       0.0   0         0         _fpsd                  N/A    N/A   N/A   N/A   N/A   N/A  
523   homed            0.0  00:00.99 2     1   138    4096K  72K   0B    523  1    sleeping  0[905]   0.00000 0.00000    501 8861     381  660      1188     18598     3775     7507      502     36      0.0   0         0         maxieds                N/A    N/A   N/A   N/A   N/A   N/A  
522   com.apple.siri.e 0.0  00:00.34 3     2   37     1960K  0B    0B    522  1    sleeping  0[3]     0.00000 0.00000    501 2711     190  298      84       3757      636      1109      4       0       0.0   0         0         maxieds                N/A    N/A   N/A   N/A   N/A   N/A  
521   akd              0.0  00:00.16 2     1   77     1660K  20K   0B    521  1    sleeping  0[4]     0.00000 0.00000    501 3779     235  349      126      2352      936      1452      7       22      0.0   0         0         maxieds                N/A    N/A   N/A   N/A   N/A   N/A  
520   iCloudNotificati 0.0  00:00.12 2     1   69     2900K  0B    0B    520  1    sleeping  0[1]     0.00000 0.00000    501 8440     256  357      160      2857      1006     826       12      14      0.0   0         0         maxieds                N/A    N/A   N/A   N/A   N/A   N/A  
518   assistantd       0.0  00:00.81 3     1   234    3832K  96K   0B    518  1    sleeping  0[4]     0.00000 0.00000    501 8141     573  1565     674      11465     2769     3299      203     15      0.0   0         0         maxieds                N/A    N/A   N/A   N/A   N/A   N/A  
517   corespotlightd   0.0  00:00.34 3     1   101    4020K  120K  0B    517  1    sleeping  0[3]     0.00000 0.00000    501 5756     297  1119     280      6404      2958     2806      44      61      0.0   0         0         maxieds                N/A    N/A   N/A   N/A   N/A   N/A  
516   networkservicepr 0.0  00:00.21 2     1   92     1844K  0B    0B    516  1    sleeping  0[3]     0.00000 0.00000    501 4863     238  656      246      3166      1413     665       37      11      0.0   0         0         maxieds                N/A    N/A   N/A   N/A   N/A   N/A  
515   SafeEjectGPUServ 0.0  00:00.03 2     1   57     1140K  0B    0B    515  1    sleeping  0[2]     0.00000 0.00000    501 1819     164  442      193      778       556      106       5       0       0.0   0         0         maxieds                N/A    N/A   N/A   N/A   N/A   N/A  
514   diagnosticextens 0.0  00:00.12 2     1   76     1336K  0B    0B    514  1    sleeping  0[2]     0.00000 0.00000    501 3366     189  290      109      1341      568      357       33      0       0.0   0         0         maxieds                N/A    N/A   N/A   N/A   N/A   N/A  
513   SafeEjectGPUAgen 0.0  00:00.01 2     1   34     868K   0B    0B    513  1    sleeping *0[2]     0.00000 0.00000    501 1159     130  125      46       585       294      68        0       0       0.0   0         0         maxieds                N/A    N/A   N/A   N/A   N/A   N/A  
511   commerce         0.0  00:00.10 2     1   33     1116K  0B    0B    511  1    sleeping  0[1]     0.00000 0.00000    501 3039     184  121      43       949       274      266       1       0       0.0   0         0         maxieds                N/A    N/A   N/A   N/A   N/A   N/A  
510   UsageTrackingAge 0.0  00:00.20 2     1   53     1596K  36K   0B    510  1    sleeping  0[0]     0.00000 0.00000    501 2576     173  569      146      2357      1955     1283      2       5       0.0   0         0         maxieds                N/A    N/A   N/A   N/A   N/A   N/A  
509   ndoagent         0.0  00:00.02 3     2   40     840K   0B    0B    509  1    sleeping  0[2]     0.00000 0.00000    501 1303     130  170      64       790       395      368       0       0       0.0   0         0         maxieds                N/A    N/A   N/A   N/A   N/A   N/A  
508   rtcreportingd    0.0  00:00.16 2     1   51     1468K  0B    0B    508  1    sleeping *0[1]     0.00000 0.00000    0   3405     192  563      341      2904      1118     780       1       21      0.0   0         0         root                   N/A    N/A   N/A   N/A   N/A   N/A  
507   neagent          0.0  00:00.09 2     1   47     1096K  0B    0B    507  1    sleeping *0[1]     0.00000 0.00000    501 3195     155  194      70       1165      591      299       0       0       0.0   0         0         maxieds                N/A    N/A   N/A   N/A   N/A   N/A  
506   CategoriesServic 0.0  00:00.14 2     1   41     1636K  0B    0B    506  1    sleeping  0[3]     0.00000 0.00000    501 2838     122  156      55       2324      2396     440       0       0       0.0   0         0         maxieds                N/A    N/A   N/A   N/A   N/A   N/A  
504   Keychain Circle  0.0  00:00.11 3     1   139    2820K  0B    0B    504  1    sleeping *0[1]     0.00000 0.00000    501 4629     289  868      399      2485      2647     1354      0       4       0.0   0         0         maxieds                N/A    N/A   N/A   N/A   N/A   N/A  
503   ProtectedCloudKe 0.0  00:00.12 2     1   52     1792K  8192B 0B    503  1    sleeping  0[41]    0.00000 0.00000    501 2761     162  285      180      2512      1157     763       5       25      0.0   0         0         maxieds                N/A    N/A   N/A   N/A   N/A   N/A  
502   cdpd             0.0  00:00.02 2     1   37     748K   0B    0B    502  1    sleeping  0[1]     0.00000 0.00000    501 1211     123  128      45       571       285      120       7       0       0.0   0         0         maxieds                N/A    N/A   N/A   N/A   N/A   N/A  
501   CategoriesServic 0.0  00:00.03 2     1   36     880K   0B    0B    501  1    sleeping  0[4]     0.00000 0.00000    501 1717     121  155      56       699       372      151       0       0       0.0   0         0         maxieds                N/A    N/A   N/A   N/A   N/A   N/A  
500   CategoriesServic 0.0  00:00.06 2     1   40     1156K  0B    0B    500  1    sleeping  0[4]     0.00000 0.00000    501 2183     127  161      58       1197      1426     262       0       0       0.0   0         0         maxieds                N/A    N/A   N/A   N/A   N/A   N/A  
499   CategoriesServic 0.0  00:00.57 2     1   41     2676K  0B    0B    499  1    sleeping  0[2]     0.00000 0.00000    501 5679     128  184      71       8059      7579     1777      0       0       0.0   0         0         maxieds                N/A    N/A   N/A   N/A   N/A   N/A  
497   ContextService   0.0  00:00.49 2     1   53     4364K  0B    0B    497  1    sleeping  0[10]    0.00000 0.00000    501 5180     715  249      118      2224      610      1766      1171    1       0.0   0         0         maxieds                N/A    N/A   N/A   N/A   N/A   N/A  
496   mediaremoteagent 0.0  00:00.01 2     1   31     728K   0B    0B    496  1    sleeping *1[1]     0.00000 0.00000    501 1059     124  107      46       635       244      116       0       1       0.0   0         0         maxieds                N/A    N/A   N/A   N/A   N/A   N/A  
495   APFSUserAgent    0.0  00:00.02 2     1   44     680K   0B    0B    495  1    sleeping  0[1]     0.00000 0.00000    501 1056     115  303      133      488       436      160       0       0       0.0   0         0         maxieds                N/A    N/A   N/A   N/A   N/A   N/A  
494   WirelessRadioMan 0.0  00:00.05 2     1   48     1272K  0B    0B    494  1    sleeping *0[1]     0.00000 0.00000    0   1946     199  170      82       993       333      396       4       1       0.0   0         0         root                   N/A    N/A   N/A   N/A   N/A   N/A  
493   nsurlsessiond    0.0  00:00.78 3     2   103    2172K  0B    0B    493  1    sleeping *48[3]    0.00000 0.00000    501 6753     246  417      228      19354     1165     7455      0       495     0.0   0         0         maxieds                N/A    N/A   N/A   N/A   N/A   N/A  
492   CoreLocationAgen 0.0  00:00.11 3     1   155    2988K  0B    0B    492  1    sleeping *0[1]     0.00000 0.00000    501 4365     262  702      212      2239      1719     878       0       3       0.0   0         0         maxieds                N/A    N/A   N/A   N/A   N/A   N/A  
491   fmfd             0.0  00:00.17 2     1   73     1860K  0B    0B    491  1    sleeping  0[8]     0.00000 0.00000    501 4374     260  331      128      3315      941      915       2       14      0.0   0         0         maxieds                N/A    N/A   N/A   N/A   N/A   N/A  
490   com.apple.Ambien 0.0  00:00.13 4     1   78     1400K  0B    0B    490  1    sleeping *1[1]     0.00000 0.00000    0   1827     155  904      375      2599      1782     1346      1       4       0.0   0         0         root                   N/A    N/A   N/A   N/A   N/A   N/A  
489   com.apple.FaceTi 0.0  00:00.08 2     1   42     3860K  0B    0B    489  1    sleeping  0[4]     0.00000 0.00000    501 2629     154  143      54       1017      343      437       0       0       0.0   0         0         maxieds                N/A    N/A   N/A   N/A   N/A   N/A  
488   UIKitSystem      0.0  00:00.30 2     1   87     3908K  44K   0B    488  1    sleeping *0[38]    0.00000 0.00000    501 10934    299  1531     731      7141      2658     1928      47      78      0.0   0         0         maxieds                N/A    N/A   N/A   N/A   N/A   N/A  
487   com.apple.geod   0.0  00:00.45 2     1   75     2904K  72K   0B    487  1    sleeping *4[1]     0.00000 0.00000    501 4213     249  427      1090     16484     2965     5303      5       167     0.0   0         0         maxieds                N/A    N/A   N/A   N/A   N/A   N/A  
486   familycircled    0.0  00:00.05 2     1   48     1116K  0B    0B    486  1    sleeping  0[11]    0.00000 0.00000    501 2031     154  238      75       1512      637      537       3       3       0.0   0         0         maxieds                N/A    N/A   N/A   N/A   N/A   N/A  
485   WiFiAgent        0.0  00:00.22 4     1   192    3124K  0B    0B    485  1    sleeping  0[16]    0.00000 0.00000    501 4772     280  2279     1045     4194      6008     2961      13      109     0.0   0         0         maxieds                N/A    N/A   N/A   N/A   N/A   N/A  
484   CarbonComponentS 0.0  00:00.18 2     1   40     1140K  0B    0B    484  1    sleeping  0[1]     0.00000 0.00000    501 2417     131  151      49       7004      545      481       0       0       0.0   0         0         maxieds                N/A    N/A   N/A   N/A   N/A   N/A  
483   ScreenTimeAgent  0.0  00:01.06 2     1   111    5060K  804K  0B    483  1    sleeping  0[106]   0.00000 0.00000    501 7797     356  792      361      20611     9676     4272      20      22      0.0   0         0         maxieds                N/A    N/A   N/A   N/A   N/A   N/A  
482   ScreenTimeWidget 0.0  00:01.47 4     3/1 92     5760K  0B    0B    482  1    sleeping *4[12]    0.00000 0.00000    501 14520    663  1456     665      12635     2628     2603      1008    8       0.0   0         0         maxieds                N/A    N/A   N/A   N/A   N/A   N/A  
481   StocksWidget     0.0  00:02.61 6     5/2 98     8128K  156K  0B    481  1    sleeping *4[19]    0.00000 0.00000    501 18618    843  2406     1351     22115     5462     7275      863     25      0.0   0         0         maxieds                N/A    N/A   N/A   N/A   N/A   N/A  
480   WeatherWidget    0.0  00:00.52 7     6/2 98     4320K  12K   0B    480  1    sleeping *3[7]     0.00000 0.00000    501 11357    533  435      155      3574      1134     1928      701     2       0.0   0         0         maxieds                N/A    N/A   N/A   N/A   N/A   N/A  
479   coreauthd        0.0  00:00.04 2     1   48     1276K  0B    0B    479  1    sleeping  0[4]     0.00000 0.00000    501 2007     175  922      442      955       938      255       6       0       0.0   0         0         maxieds                N/A    N/A   N/A   N/A   N/A   N/A  
478   ctkd             0.0  00:00.05 2     1   20     656K   0B    0B    478  1    sleeping  0[7]     0.00000 0.00000    259 1544     121  83       36       559       175      169       0       0       0.0   0         0         _ctkd                  N/A    N/A   N/A   N/A   N/A   N/A  
477   AudioComponentRe 0.0  00:00.07 2     1   50     912K   28K   0B    477  1    sleeping  0[2]     0.00000 0.00000    501 2202     129  151      58       1066      374      217       0       0       0.0   0         0         maxieds                N/A    N/A   N/A   N/A   N/A   N/A  
476   NewsToday2       0.0  00:01.54 8     7/2 103    8416K  12K   0B    476  1    sleeping *4[18]    0.00000 0.00000    501 20566    812  1683     859      12479     3444     4876      1101    16      0.0   0         0         maxieds                N/A    N/A   N/A   N/A   N/A   N/A  
475   WorldClockWidget 0.0  00:03.98 7     6/1 88     5720K  0B    0B    475  1    sleeping *4[6]     0.00000 0.00000    501 15626    643  1145     508      26024     1714     7331      761     0       0.0   0         0         maxieds                N/A    N/A   N/A   N/A   N/A   N/A  
474   CommCenter       0.0  00:00.95 5     1   142    3808K  0B    0B    474  1    sleeping *0[1]     0.00000 0.00000    501 10324    524  1190     589      14032     4959     5986      108     365     0.0   0         0         maxieds                N/A    N/A   N/A   N/A   N/A   N/A  
473   dmd              0.0  00:00.36 2     1   73     2488K  24K   0B    473  1    sleeping  0[10]    0.00000 0.00000    501 3806     235  315      166      5991      1529     1909      76      3       0.0   0         0         maxieds                N/A    N/A   N/A   N/A   N/A   N/A  
472   IMDPersistenceAg 0.0  00:00.23 2     1   75     2488K  60K   0B    472  1    sleeping  0[2]     0.00000 0.00000    501 4148     241  300      88       3117      825      1235      29      4       0.0   0         0         maxieds                N/A    N/A   N/A   N/A   N/A   N/A  
471   CoreServicesUIAg 0.0  00:00.11 3     1   147    3496K  0B    0B    471  1    sleeping *0[25]    0.00000 0.00000    501 4254     268  715      229      2073      1696     1003      8       1       0.0   0         0         maxieds                N/A    N/A   N/A   N/A   N/A   N/A  
470   systemsoundserve 0.0  00:00.33 3     1   115    2280K  160K  0B    470  1    sleeping *0[1]     0.00000 0.00000    0   5813     449  1914     631      4046      4124     3292      181     54      0.0   0         0         root                   N/A    N/A   N/A   N/A   N/A   N/A  
469   ctkd             0.0  00:00.10 3     2   47     1016K  0B    0B    469  1    sleeping  0[22]    0.00000 0.00000    501 2439     152  3814     1914     1192      2931     430       2       1       0.0   0         0         maxieds                N/A    N/A   N/A   N/A   N/A   N/A  
468   parsec-fbf       0.0  00:00.12 2     1   39     1112K  0B    0B    468  1    sleeping  0[0]     0.00000 0.00000    501 2572     192  168      58       1024      354      646       4       0       0.0   0         0         maxieds                N/A    N/A   N/A   N/A   N/A   N/A  
467   CallHistoryPlugi 0.0  00:00.12 2     1   66     2676K  0B    0B    467  1    sleeping  0[4]     0.00000 0.00000    501 3197     211  229      65       2242      602      534       1       2       0.0   0         0         maxieds                N/A    N/A   N/A   N/A   N/A   N/A  
466   ctkahp           0.0  00:00.07 2     1   51     748K   0B    0B    466  1    sleeping  0[5]     0.00000 0.00000    501 1877     124  176      59       1022      444      287       3       1       0.0   0         0         maxieds                N/A    N/A   N/A   N/A   N/A   N/A  
465   com.apple.quickl 0.0  00:00.61 3     1   84     1996K  128K  0B    465  1    sleeping  0[31]    0.00000 0.00000    501 7439     218  1595     836      12712     3630     3107      705     36      0.0   0         0         maxieds                N/A    N/A   N/A   N/A   N/A   N/A  
464   pbs              0.0  00:00.06 2     1   41     988K   0B    0B    464  1    sleeping  0[6]     0.00000 0.00000    501 1657     121  215      98       2043      471      372       0       2       0.0   0         0         maxieds                N/A    N/A   N/A   N/A   N/A   N/A  
463   triald           0.0  00:01.23 2     1   61     1456K  180K  0B    463  1    sleeping  0[5]     0.00000 0.00000    501 4103     182  672      335      14578     3518     3282      67      14      0.0   0         0         maxieds                N/A    N/A   N/A   N/A   N/A   N/A  
461   TextInputSwitche 0.0  00:00.18 3     1   168    5680K  0B    0B    461  1    sleeping *0[1]     0.00000 0.00000    501 5514     274  971      327      2390      2203     1177      1       2       0.0   0         0         maxieds                N/A    N/A   N/A   N/A   N/A   N/A  
460   avconferenced    0.0  00:00.21 2     1   63     5148K  0B    0B    460  1    sleeping *0[1]     0.00000 0.00000    501 4561     233  551      236      2053      726      810       102     0       0.0   0         0         maxieds                N/A    N/A   N/A   N/A   N/A   N/A  
459   callservicesd    0.0  00:00.69 3     1   313    5736K  0B    0B    459  1    sleeping *2[1]     0.00000 0.00000    501 9310     624  1754     667      8839      3798     4764      183     47      0.0   0         0         maxieds                N/A    N/A   N/A   N/A   N/A   N/A  
458   BiomeAgent       0.0  00:00.07 2     1   31     836K   0B    0B    458  1    sleeping  0[1]     0.00000 0.00000    501 1735     122  130      70       739       358      192       6       1       0.0   0         0         maxieds                N/A    N/A   N/A   N/A   N/A   N/A  
457   ctkahp           0.0  00:00.06 2     1   33     704K   0B    0B    457  1    sleeping  0[5]     0.00000 0.00000    0   1652     119  106      51       678       270      222       0       1       0.0   0         0         root                   N/A    N/A   N/A   N/A   N/A   N/A  
453   TextInputMenuAge 0.0  00:00.32 3     1   176    10M    0B    0B    453  1    sleeping *0[229]   0.00000 0.00000    501 7441     308  2478     594      3574      6370     3023      8       2       0.0   0         0         maxieds                N/A    N/A   N/A   N/A   N/A   N/A  
452   diagnostics_agen 0.0  00:00.21 2     1   64     1464K  0B    0B    452  1    sleeping  0[0]     0.00000 0.00000    501 6149     176  270      249      4498      1367     1367      1       22      0.0   0         0         maxieds                N/A    N/A   N/A   N/A   N/A   N/A  
451   cloudpaird       0.0  00:00.22 3     2   100    1772K  0B    0B    451  1    sleeping  0[7]     0.00000 0.00000    501 5167     288  366      123      2850      831      1333      10      14      0.0   0         0         maxieds                N/A    N/A   N/A   N/A   N/A   N/A  
450   imagent          0.0  00:00.35 2     1   97     2008K  0B    0B    450  1    sleeping *0[1]     0.00000 0.00000    501 5351     291  572      199      4219      1603     2186      130     15      0.0   0         0         maxieds                N/A    N/A   N/A   N/A   N/A   N/A  
449   AirPlayUIAgent   0.0  00:00.09 3     1   147    3144K  0B    0B    449  1    sleeping *0[14]    0.00000 0.00000    501 3370     261  715      208      1744      1658     892       2       1       0.0   0         0         maxieds                N/A    N/A   N/A   N/A   N/A   N/A  
448   sharingd         0.0  00:00.60 3     1   219    6336K  84K   0B    448  1    sleeping *0[1]     0.00000 0.00000    501 14393    573  1491     570      8217      3281     3087      91      19      0.0   0         0         maxieds                N/A    N/A   N/A   N/A   N/A   N/A  
445   icdd             0.0  00:00.10 2     1   62     1048K  0B    0B    445  1    sleeping *0[1]     0.00000 0.00000    501 2242     166  499      218      1267      716      503       2       1       0.0   0         0         maxieds                N/A    N/A   N/A   N/A   N/A   N/A  
443   imklaunchagent   0.0  00:00.06 2     1   85     1600K  0B    0B    443  1    sleeping *0[1]     0.00000 0.00000    501 2585     188  338      122      1611      842      522       9       2       0.0   0         0         maxieds                N/A    N/A   N/A   N/A   N/A   N/A  
440   ContextStoreAgen 0.0  00:00.40 2     1   75     2348K  256K  0B    440  1    sleeping  0[4]     0.00000 0.00000    501 5285     239  430      216      5518      1455     1913      2       26      0.0   0         0         maxieds                N/A    N/A   N/A   N/A   N/A   N/A  
439   corespeechd      0.0  00:00.31 3     1   138    1732K  0B    0B    439  1    sleeping *0[1]     0.00000 0.00000    501 3586     301  738      2095     11098     3888     3984      29      1       0.0   0         0         maxieds                N/A    N/A   N/A   N/A   N/A   N/A  
438   fileproviderd    0.0  00:00.33 2     1   74     1844K  0B    0B    438  1    sleeping  0[40]    0.00000 0.00000    501 4831     269  661      316      5453      1426     1770      40      26      0.0   0         0         maxieds                N/A    N/A   N/A   N/A   N/A   N/A  
437   com.apple.dock.e 0.0  00:00.68 3     1   168    10M    0B    0B    437  1    sleeping *0[14]    0.00000 0.00000    501 12205    372  1388     643      22515     2266     3122      1956    4       0.0   0         0         maxieds                N/A    N/A   N/A   N/A   N/A   N/A  
436   useractivityd    0.0  00:00.15 2     1   81     1268K  0B    0B    436  1    sleeping  0[100]   0.00000 0.00000    501 3094     186  220      181      2763      774      1250      8       60      0.0   0         0         maxieds                N/A    N/A   N/A   N/A   N/A   N/A  
435   fontworker       0.0  00:01.01 2     1   41     1012K  0B    0B    435  1    sleeping *0[1]     0.00000 0.00000    501 3754     137  190      75       20824     476      3393      228     1       0.0   0         0         maxieds                N/A    N/A   N/A   N/A   N/A   N/A  
434   CalNCService     0.0  00:00.37 2     1   110    4912K  0B    0B    434  1    sleeping  0[27]    0.00000 0.00000    501 5500     296  758      279      4747      1667     2134      11      4       0.0   0         0         maxieds                N/A    N/A   N/A   N/A   N/A   N/A  
433   identityservices 0.0  00:00.64 6     1   179    3288K  20K   0B    433  1    sleeping *0[1]     0.00000 0.00000    501 11472    468  1260     630      12538     5004     4618      77      36      0.0   0         0         maxieds                N/A    N/A   N/A   N/A   N/A   N/A  
432   fontd            0.0  00:00.36 2     1   61     2856K  128K  0B    432  1    sleeping  0[15]    0.00000 0.00000    501 3937     138  253      118      4970      2232     1759      1       5       0.0   0         0         maxieds                N/A    N/A   N/A   N/A   N/A   N/A  
431   bird             0.0  00:00.22 2     1   59     1096K  0B    0B    431  1    sleeping  0[14]    0.00000 0.00000    501 3334     171  795      373      2947      1112     1051      68      4       0.0   0         0         maxieds                N/A    N/A   N/A   N/A   N/A   N/A  
430   iconservicesagen 0.0  00:00.20 2     1   76     11M    0B    0B    430  1    sleeping  0[10]    0.00000 0.00000    501 6124     204  605      279      10532     898      923       214     3       0.0   0         0         maxieds                N/A    N/A   N/A   N/A   N/A   N/A  
428   parsecd          0.0  00:00.31 2     1   75     2860K  8192B 0B    428  1    sleeping *7[1]     0.00000 0.00000    501 5631     396  455      174      4526      1089     1637      38      103     0.0   0         0         maxieds                N/A    N/A   N/A   N/A   N/A   N/A  
427   AMPDeviceDiscove 0.0  00:00.10 4     2   242    1796K  0B    0B    427  1    sleeping  0[1]     0.00000 0.00000    501 2674     283  1237     609      1607      1539     702       51      6       0.0   0         0         maxieds                N/A    N/A   N/A   N/A   N/A   N/A  
426   NotificationCent 0.0  00:02.06 4     2   264    20M    0B    0B    426  1    sleeping *0[334]   0.00000 0.00000    501 14487    724  3977     1543     17051     11842    11810     446     116     0.0   0         0         maxieds                N/A    N/A   N/A   N/A   N/A   N/A  
425   routined         0.0  00:00.64 2     1   102    4492K  276K  0B    425  1    sleeping  0[6]     0.00000 0.00000    501 6091     272  531      181      9023      3060     2672      122     35      0.0   0         0         maxieds                N/A    N/A   N/A   N/A   N/A   N/A  
422   sharedfilelistd  0.0  00:00.16 3     2   62     1380K  0B    0B    422  1    sleeping  0[28]    0.00000 0.00000    501 2980     174  438      188      3208      1051     745       4       3       0.0   0         0         maxieds                N/A    N/A   N/A   N/A   N/A   N/A  
421   automountd       0.0  00:00.03 5     2   28     816K   0B    0B    421  1    sleeping *0[1]     0.00000 0.00000    0   1544     242  118      72       1107      424      295       0       17      0.0   0         0         root                   N/A    N/A   N/A   N/A   N/A   N/A  
420   donotdisturbd    0.0  00:00.44 2     1   105    3324K  0B    0B    420  1    sleeping  0[9]     0.00000 0.00000    501 6286     295  433      159      5067      2314     2223      72      4       0.0   0         0         maxieds                N/A    N/A   N/A   N/A   N/A   N/A  
419   AppSSOAgent      0.0  00:00.17 3     1   161    6040K  0B    0B    419  1    sleeping *0[16]    0.00000 0.00000    501 5109     273  748      258      2246      1745     1215      13      1       0.0   0         0         maxieds                N/A    N/A   N/A   N/A   N/A   N/A  
418   contactsd        0.0  00:00.31 2     1   77     1676K  0B    0B    418  1    sleeping  0[123]   0.00000 0.00000    501 3354     178  1066     672      6709      3752     2724      1       9       0.0   0         0         maxieds                N/A    N/A   N/A   N/A   N/A   N/A  
417   cloudd           0.0  00:00.92 2     1   99     2820K  104K  0B    417  1    sleeping *6[2]     0.00000 0.00000    501 10359    257  2345     1234     21731     7812     6162      119     153     0.0   0         0         maxieds                N/A    N/A   N/A   N/A   N/A   N/A  
416   rapportd         0.0  00:00.23 2     1   117    1768K  0B    0B    416  1    sleeping *0[1]     0.00000 0.00000    501 4479     249  574      231      2714      1451     1449      127     7       0.0   0         0         maxieds                N/A    N/A   N/A   N/A   N/A   N/A  
415   distnoted        0.0  00:00.04 2     1   29     404K   0B    0B    415  1    sleeping *0[1]     0.00000 0.00000    55  1218     86   98       62       511       278      140       0       0       0.0   0         0         _appleevents           N/A    N/A   N/A   N/A   N/A   N/A  
414   Spotlight        0.0  00:01.01 4     1   205    9684K  20K   0B    414  1    sleeping *0[52]    0.00000 0.00000    501 12970    484  2363     903      9091      6310     5834      389     91      0.0   0         0         maxieds                N/A    N/A   N/A   N/A   N/A   N/A  
413   CalendarAgent    0.0  00:01.03 2     1   137    6568K  332K  0B    413  1    sleeping *1[26]    0.00000 0.00000    501 9405     324  815      424      15360     3178     4743      185     16      0.0   0         0         maxieds                N/A    N/A   N/A   N/A   N/A   N/A  
412   usernoted        0.0  00:00.53 2     1   139    2132K  60K   0B    412  1    sleeping *0[1]     0.00000 0.00000    501 4912     236  542      414      8398      1738     2184      13      4       0.0   0         0         maxieds                N/A    N/A   N/A   N/A   N/A   N/A  
411   accountsd        0.0  00:00.59 2     1   52     1740K  104K  0B    411  1    sleeping  0[382]   0.00000 0.00000    501 2873     148  1290     1317     12143     6384     3740      114     28      0.0   0         0         maxieds                N/A    N/A   N/A   N/A   N/A   N/A  
410   containermanager 0.0  00:00.36 2     1   40     2952K  0B    0B    410  1    sleeping  0[166]   0.00000 0.00000    501 3996     164  922      605      6433      2290     2856      0       1       0.0   0         0         maxieds                N/A    N/A   N/A   N/A   N/A   N/A  
409   siriactionsd     0.0  00:00.47 2     1   98     2372K  64K   0B    409  1    sleeping  0[8]     0.00000 0.00000    501 6122     286  572      236      5425      2063     2374      215     19      0.0   0         0         maxieds                N/A    N/A   N/A   N/A   N/A   N/A  
408   filecoordination 0.0  00:00.16 2     1   60     1140K  0B    0B    408  1    sleeping *0[1]     0.00000 0.00000    0   2593     146  815      567      3960      2218     1225      3       16      0.0   0         0         root                   N/A    N/A   N/A   N/A   N/A   N/A  
407   syncdefaultsd    0.0  00:00.24 2     1   74     2908K  128K  0B    407  1    sleeping  0[17]    0.00000 0.00000    501 3755     215  590      320      5079      1714     1484      38      14      0.0   0         0         maxieds                N/A    N/A   N/A   N/A   N/A   N/A  
406   secinitd         0.0  00:00.22 2     1   37     1004K  0B    0B    406  1    sleeping  0[3]     0.00000 0.00000    501 2641     129  606      265      5747      1229     673       0       2       0.0   0         0         maxieds                N/A    N/A   N/A   N/A   N/A   N/A  
405   pkd              0.0  00:00.82 2     1   77     2100K  0B    0B    405  1    sleeping  0[26]    0.00000 0.00000    501 5480     165  1680     384      12155     3942     3795      0       30      0.0   0         0         maxieds                N/A    N/A   N/A   N/A   N/A   N/A  
404   QuickLookUIServi 0.0  00:00.11 3     1   146    2928K  0B    0B    404  1    sleeping  0[37]    0.00000 0.00000    501 4203     284  797      226      2175      1920     925       11      4       0.0   0         0         maxieds                N/A    N/A   N/A   N/A   N/A   N/A  
403   CloudKeychainPro 0.0  00:00.04 2     1   51     1148K  0B    0B    403  1    sleeping  0[1]     0.00000 0.00000    501 2031     150  182      71       990       402      269       6       0       0.0   0         0         maxieds                N/A    N/A   N/A   N/A   N/A   N/A  
401   pboard           0.0  00:00.11 2     1   57     668K   0B    0B    401  1    sleeping *0[1]     0.00000 0.00000    501 2286     115  510      414      3301      1396     1071      29      10      0.0   0         0         maxieds                N/A    N/A   N/A   N/A   N/A   N/A  
400   trustd           0.0  00:01.61 2     1   91     2896K  252K  0B    400  1    sleeping  0[229]   0.00000 0.00000    501 4507     187  844      723      20182     7802     4353      0       49      0.0   0         0         maxieds                N/A    N/A   N/A   N/A   N/A   N/A  
399   backgroundtaskma 0.0  00:00.04 2     1   50     1020K  0B    0B    399  1    sleeping  0[3]     0.00000 0.00000    501 1653     138  171      56       960       372      289       0       0       0.0   0         0         maxieds                N/A    N/A   N/A   N/A   N/A   N/A  
397   itunescloudd     0.0  00:00.33 2     1   93     2392K  0B    0B    397  1    sleeping *1[1]     0.00000 0.00000    501 5472     285  878      247      3589      1635     2305      239     59      0.0   0         0         maxieds                N/A    N/A   N/A   N/A   N/A   N/A  
396   tccd             0.0  00:01.18 2     1   53     1292K  28K   0B    396  1    sleeping  0[165]   0.00000 0.00000    501 4506     164  1588     1498     43060     7145     4292      0       28      0.0   0         0         maxieds                N/A    N/A   N/A   N/A   N/A   N/A  
395   secd             0.0  00:00.38 2     1   129    2956K  340K  0B    395  1    sleeping *0[1]     0.00000 0.00000    501 4661     309  942      524      6903      2670     1951      63      22      0.0   0         0         maxieds                N/A    N/A   N/A   N/A   N/A   N/A  
394   csnameddatad     0.0  00:00.01 2     1   41     624K   0B    0B    394  1    sleeping  0[17]    0.00000 0.00000    501 811      104  137      72       544       293      93        0       1       0.0   0         0         maxieds                N/A    N/A   N/A   N/A   N/A   N/A  
391   Finder           0.0  00:12.87 4     2   307    25M    268K  0B    391  1    sleeping *0[129]   0.00000 0.00000    501 129698   877  26618    33922    133576    177812   68074     1022    294     0.0   0         0         maxieds                N/A    N/A   N/A   N/A   N/A   N/A  
390   lsd              0.0  00:00.64 2     1   278    1540K  0B    0B    390  1    sleeping  0[608]   0.00000 0.00000    501 9074     205  3229     2310     15420     8097     5474      1444    46      0.0   0         0         maxieds                N/A    N/A   N/A   N/A   N/A   N/A  
389   SystemUIServer   0.0  00:00.82 4     2   238    9552K  64K   0B    389  1    sleeping *0[101]   0.00000 0.00000    501 10813    435  5249     1978     22514     7937     4969      810     48      0.0   0         0         maxieds                N/A    N/A   N/A   N/A   N/A   N/A  
388   ControlCenter    0.0  00:07.14 4     1   481    33M    0B    0B    388  1    sleeping *0[266]   0.00000 0.00000    501 25969    968  27869    6045     25602     59639    31051     1002    1016    0.0   0         0         maxieds                N/A    N/A   N/A   N/A   N/A   N/A  
387   talagent         0.0  00:00.13 2     1   127    2932K  0B    0B    387  1    sleeping *0[1]     0.00000 0.00000    501 3989     266  911      388      2589      2357     1429      2       2       0.0   0         0         maxieds                N/A    N/A   N/A   N/A   N/A   N/A  
386   Dock             0.0  00:02.07 3     1   287    30M    3144K 0B    386  1    sleeping *1[178]   0.00000 0.00000    501 55693    495  5745     1103     17286     14685    14595     7121    106     0.0   0         0         maxieds                N/A    N/A   N/A   N/A   N/A   N/A  
385   knowledge-agent  0.0  00:01.30 2     1   125    5948K  500K  0B    385  1    sleeping  0[60]    0.00000 0.00000    501 10862    351  874      487      25791     5228     4866      17      34      0.0   0         0         maxieds                N/A    N/A   N/A   N/A   N/A   N/A  
384   universalaccessd 0.0  00:00.29 3     1   190    3104K  0B    0B    384  1    sleeping *1[35]    0.00000 0.00000    501 4033     256  3518     1261     6611      7970     6604      17      70      0.0   0         0         maxieds                N/A    N/A   N/A   N/A   N/A   N/A  
381   UserEventAgent   0.0  00:00.66 2     1   370    2432K  0B    0B    381  1    sleeping *0[1]     0.00000 0.00000    501 5545     243  4450     2433     15309     6724     4224      5       24      0.0   0         0         maxieds                N/A    N/A   N/A   N/A   N/A   N/A  
380   securityd_servic 0.0  00:00.11 2     1   27     568K   0B    0B    380  1    sleeping *0[1]     0.00000 0.00000    0   1334     105  126      55       430       210      145       0       0       0.0   0         0         root                   N/A    N/A   N/A   N/A   N/A   N/A  
379   cfprefsd         0.0  00:03.70 2     1   311    756K   344K  0B    379  1    sleeping  0[1169]  0.00000 0.00000    501 4344     89   5794     6510     110947    20661    23380     0       133     0.0   0         0         maxieds                N/A    N/A   N/A   N/A   N/A   N/A  
378   distnoted        0.0  00:00.72 2     1   238    648K   0B    0B    378  1    sleeping *0[1]     0.00000 0.00000    501 1519     87   1398     5133     35330     11650    6181      0       0       0.0   0         0         maxieds                N/A    N/A   N/A   N/A   N/A   N/A  
376   coreauthd        0.0  00:00.06 2     1   41     1216K  0B    0B    376  1    sleeping  0[6]     0.00000 0.00000    0   1931     167  903      449      924       853      309       26      0       0.0   0         0         root                   N/A    N/A   N/A   N/A   N/A   N/A  
372   systemstats      0.0  00:00.05 3     1   123    1352K  0B    0B    108  108  sleeping  0[0]     0.00000 0.00000    0   1487     187  813      456      1200      1149     831       0       10      0.0   0         0         root                   N/A    N/A   N/A   N/A   N/A   N/A  
371   AppleCameraAssis 0.0  00:00.04 4     1   72     804K   0B    0B    371  1    sleeping *0[1]     0.00000 0.00000    262 1070     130  999      401      1164      1703     492       2       0       0.0   0         0         _cmiodalassistants     N/A    N/A   N/A   N/A   N/A   N/A  
370   GSSCred          0.0  00:00.04 3     2   37     884K   0B    0B    370  1    sleeping *0[1]     0.00000 0.00000    0   2152     141  112      55       1048      275      164       1       1       0.0   0         0         root                   N/A    N/A   N/A   N/A   N/A   N/A  
367   sysmond          0.0  00:00.99 2     1   17     580K   0B    0B    367  1    sleeping  0[18]    0.00000 0.00000    0   1163     105  62396    38061    60100     60487    15671     2       12      0.0   0         0         root                   N/A    N/A   N/A   N/A   N/A   N/A  
365   symptomsd-diag   0.0  00:00.12 3     2   44     1320K  0B    0B    365  1    sleeping  0[0]     0.00000 0.00000    0   2530     167  127      48       1350      296      767       45      1       0.0   0         0         root                   N/A    N/A   N/A   N/A   N/A   N/A  
364   com.apple.Accoun 0.0  00:00.01 2     1   20     740K   0B    0B    364  1    sleeping  0[18]    0.00000 0.00000    0   961      107  129      105      865       422      150       1       4       0.0   0         0         root                   N/A    N/A   N/A   N/A   N/A   N/A  
362   bootinstalld     0.0  00:00.03 2     1   30     856K   0B    0B    362  1    sleeping  0[1]     0.00000 0.00000    0   2096     149  84       34       793       177      33        1       0       0.0   0         0         root                   N/A    N/A   N/A   N/A   N/A   N/A  
360   locationd        0.0  00:00.48 3     1   166    2796K  44K   0B    360  1    sleeping  0[25]    0.00000 0.00000    205 4690     332  1407     362      12920     7628     6406      0       508     0.0   0         0         _locationd             N/A    N/A   N/A   N/A   N/A   N/A  
358   wifianalyticsd   0.0  00:00.13 5     4   59     1712K  0B    0B    358  1    sleeping  0[9]     0.00000 0.00000    0   3309     217  235      117      1770      664      743       5       0       0.0   0         0         root                   N/A    N/A   N/A   N/A   N/A   N/A  
357   appleeventsd     0.0  00:00.12 2     1   95     704K   0B    0B    357  1    sleeping  0[30]    0.00000 0.00000    55  2160     131  847      432      2644      2073     1189      0       17      0.0   0         0         _appleevents           N/A    N/A   N/A   N/A   N/A   N/A  
356   colorsyncd       0.0  00:00.05 2     1   30     672K   0B    0B    356  1    sleeping  0[37]    0.00000 0.00000    0   1619     116  113      73       1071      276      373       0       0       0.0   0         0         root                   N/A    N/A   N/A   N/A   N/A   N/A  
355   colorsync.displa 0.0  00:00.05 2     1   43     928K   0B    0B    355  1    sleeping  0[7]     0.00000 0.00000    0   1194     120  210      56       1334      543      1197      1       0       0.0   0         0         root                   N/A    N/A   N/A   N/A   N/A   N/A  
352   WiFiCloudAssetsX 0.0  00:00.02 2     1   25     996K   0B    0B    352  1    sleeping  0[1]     0.00000 0.00000    0   1729     155  96       45       748       198      190       0       0       0.0   0         0         root                   N/A    N/A   N/A   N/A   N/A   N/A  
351   secinitd         0.0  00:00.07 2     1   35     912K   0B    0B    351  1    sleeping  0[2]     0.00000 0.00000    0   1869     128  151      66       1192      320      181       0       0       0.0   0         0         root                   N/A    N/A   N/A   N/A   N/A   N/A  
350   distnoted        0.0  00:00.05 2     1   29     420K   0B    0B    350  1    sleeping *0[1]     0.00000 0.00000    88  1224     86   98       74       571       302      117       0       0       0.0   0         0         _windowserver          N/A    N/A   N/A   N/A   N/A   N/A  
348   hidd             0.0  00:00.03 2     1   30     660K   0B    0B    348  1    sleeping *0[1]     0.00000 0.00000    261 844      105  576      417      1727      2156     822       0       0       0.0   0         0         _hidd                  N/A    N/A   N/A   N/A   N/A   N/A  
347   BlueTool         0.0  00:00.02 2     1   31     704K   0B    0B    347  1    sleeping  0[3]     0.00000 0.00000    0   934      114  122      71       508       272      86        1       0       0.0   0         0         root                   N/A    N/A   N/A   N/A   N/A   N/A  
336   distnoted        0.0  00:00.04 2     1   29     412K   0B    0B    336  1    sleeping *0[1]     0.00000 0.00000    278 1216     86   99       74       572       302      172       0       0       0.0   0         0         _accessoryupdater      N/A    N/A   N/A   N/A   N/A   N/A  
334   siriinferenced   0.0  00:00.08 2     1   33     1196K  0B    0B    334  1    sleeping  0[2]     0.00000 0.00000    0   2588     192  98       49       903       204      381       162     3       0.0   0         0         root                   N/A    N/A   N/A   N/A   N/A   N/A  
333   com.apple.Mobile 0.0  00:00.17 2     1   34     944K   0B    0B    333  1    sleeping  0[0]     0.00000 0.00000    0   1519     163  6349     3165     1301      5309     434       3       6       0.0   0         0         root                   N/A    N/A   N/A   N/A   N/A   N/A  
332   UVCAssistant     0.0  00:00.07 2     1   59     1268K  0B    0B    332  1    sleeping *0[1]     0.00000 0.00000    262 2220     154  248      108      1209      553      326       23      2       0.0   0         0         _cmiodalassistants     N/A    N/A   N/A   N/A   N/A   N/A  
331   XProtectPluginSe 0.0  00:01.26 2     1   37     1156K  0B    0B    331  1    sleeping  0[0]     0.00000 0.00000    0   15064    165  369      130      33702     27684    4570      30      13      0.0   0         0         root                   N/A    N/A   N/A   N/A   N/A   N/A  
330   distnoted        0.0  00:00.02 2     1   29     412K   0B    0B    330  1    sleeping *0[1]     0.00000 0.00000    262 1208     86   99       75       577       302      81        0       0       0.0   0         0         _cmiodalassistants     N/A    N/A   N/A   N/A   N/A   N/A  
329   sysextd          0.0  00:00.09 2     1   33     1064K  0B    0B    329  1    sleeping  0[0]     0.00000 0.00000    0   2174     187  110      49       889       271      138       4       2       0.0   0         0         root                   N/A    N/A   N/A   N/A   N/A   N/A  
327   distnoted        0.0  00:00.05 2     1   30     404K   0B    0B    327  1    sleeping *0[1]     0.00000 0.00000    89  1219     87   130      150      912       465      184       0       0       0.0   0         0         _spotlight             N/A    N/A   N/A   N/A   N/A   N/A  
319   thermald         0.0  00:00.02 2     1   33     664K   0B    0B    319  1    sleeping *0[1]     0.00000 0.00000    0   1015     121  166      59       785       249      193       3       0       0.0   0         0         root                   N/A    N/A   N/A   N/A   N/A   N/A  
318   com.apple.AppleU 0.0  00:00.25 2     1   138    716K   0B    0B    318  1    sleeping  0[1]     0.00000 0.00000    270 3534     57   3511     2212     2150      4289     1849      35      0       0.0   0         0         _driverkit             N/A    N/A   N/A   N/A   N/A   N/A  
313   distnoted        0.0  00:00.05 2     1   29     412K   0B    0B    313  1    sleeping *0[1]     0.00000 0.00000    242 1206     86   98       77       585       305      137       0       0       0.0   0         0         _nsurlsessiond         N/A    N/A   N/A   N/A   N/A   N/A  
311   FindMyMacd       0.0  00:00.01 2     1   29     600K   0B    0B    311  1    sleeping *0[1]     0.00000 0.00000    0   822      119  92       43       463       166      77        0       0       0.0   0         0         root                   N/A    N/A   N/A   N/A   N/A   N/A  
310   suhelperd        0.0  00:00.03 2     1   33     896K   0B    0B    310  1    sleeping  0[5]     0.00000 0.00000    0   1553     156  101      47       718       237      246       0       0       0.0   0         0         root                   N/A    N/A   N/A   N/A   N/A   N/A  
309   distnoted        0.0  00:00.05 2     1   29     412K   0B    0B    309  1    sleeping *0[1]     0.00000 0.00000    200 1215     86   98       79       592       311      315       0       0       0.0   0         0         _softwareupdate        N/A    N/A   N/A   N/A   N/A   N/A  
308   com.apple.audio. 0.0  00:00.02 2     1   20     616K   0B    0B    308  1    sleeping  0[5]     0.00000 0.00000    202 784      102  117      59       583       249      76        0       0       0.0   0         0         _coreaudiod            N/A    N/A   N/A   N/A   N/A   N/A  
306   com.apple.audio. 0.0  00:00.07 2     1   23     3320K  0B    0B    306  1    sleeping  0[2]     0.00000 0.00000    202 1800     128  108      44       661       228      83        0       0       0.0   0         0         _coreaudiod            N/A    N/A   N/A   N/A   N/A   N/A  
305   AudioComponentRe 0.0  00:00.10 2     1   34     812K   24K   0B    305  1    sleeping  0[6]     0.00000 0.00000    0   2040     125  144      78       974       407      202       10      0       0.0   0         0         root                   N/A    N/A   N/A   N/A   N/A   N/A  
304   socketfilterfw   0.0  00:00.24 3     1   50     1080K  0B    0B    304  1    sleeping *0[1]     0.00000 0.00000    0   2222     131  203      70       6633      910      885       0       1       0.0   0         0         root                   N/A    N/A   N/A   N/A   N/A   N/A  
302   ReportCrash      0.0  00:00.02 3     1   31     796K   0B    0B    302  1    sleeping *0[1]     0.00000 0.00000    0   1240     142  98       45       535       232      130       8       1       0.0   0         0         root                   N/A    N/A   N/A   N/A   N/A   N/A  
301   softwareupdated  0.0  00:00.63 2     1   84     2436K  0B    0B    301  1    sleeping  0[20]    0.00000 0.00000    200 5175     267  387      159      3989      893      2897      340     0       0.0   0         0         _softwareupdate        N/A    N/A   N/A   N/A   N/A   N/A  
300   osanalyticshelpe 0.0  00:00.05 2     1   37     1008K  0B    0B    300  1    sleeping  0[2]     0.00000 0.00000    0   1342     142  154      82       1471      441      417       6       1       0.0   0         0         root                   N/A    N/A   N/A   N/A   N/A   N/A  
273   searchpartyd     0.0  00:00.26 2     1   50     1840K  0B    0B    273  1    sleeping  0[6]     0.00000 0.00000    0   3864     302  201      82       1873      559      1340      61      1       0.0   0         0         root                   N/A    N/A   N/A   N/A   N/A   N/A  
272   backupd-helper   0.0  00:00.03 3     2   61     892K   0B    0B    272  1    sleeping  0[0]     0.00000 0.00000    0   1273     139  180      84       829       407      268       1       4       0.0   0         0         root                   N/A    N/A   N/A   N/A   N/A   N/A  
262   containermanager 0.0  00:00.09 2     1   38     968K   0B    0B    262  1    sleeping  0[4]     0.00000 0.00000    205 2067     162  152      63       1027      344      308       0       0       0.0   0         0         _locationd             N/A    N/A   N/A   N/A   N/A   N/A  
258   systemstatusd    0.0  00:00.06 2     1   40     684K   0B    0B    258  1    sleeping  0[5]     0.00000 0.00000    0   1697     122  91       52       779       204      294       5       1       0.0   0         0         root                   N/A    N/A   N/A   N/A   N/A   N/A  
256   trustd           0.0  00:00.12 2     1   36     2260K  0B    0B    256  1    sleeping  0[1]     0.00000 0.00000    205 2622     154  175      64       3116      478      411       0       2       0.0   0         0         _locationd             N/A    N/A   N/A   N/A   N/A   N/A  
255   cfprefsd         0.0  00:00.02 2     1   34     516K   0B    0B    255  1    sleeping  0[19]    0.00000 0.00000    205 670      88   140      66       654       367      118       0       0       0.0   0         0         _locationd             N/A    N/A   N/A   N/A   N/A   N/A  
254   VDCAssistant     0.0  00:00.10 2     1   53     1340K  0B    0B    254  1    sleeping *0[1]     0.00000 0.00000    262 2070     145  342      141      932       686      475       25      4       0.0   0         0         _cmiodalassistants     N/A    N/A   N/A   N/A   N/A   N/A  
253   usbd             0.0  00:00.05 2     1   48     800K   0B    0B    253  1    sleeping  0[0]     0.00000 0.00000    0   1887     129  380      226      722       721      217       0       0       0.0   0         0         root                   N/A    N/A   N/A   N/A   N/A   N/A  
252   secinitd         0.0  00:00.08 2     1   36     864K   0B    0B    252  1    sleeping  0[1]     0.00000 0.00000    205 1926     129  157      58       953       346      270       3       0       0.0   0         0         _locationd             N/A    N/A   N/A   N/A   N/A   N/A  
251   apfsd            0.0  00:00.04 2     1   43     644K   0B    0B    251  1    sleeping *0[1]     0.00000 0.00000    0   975      111  1043     453      402       1159     339       0       1       0.0   0         0         root                   N/A    N/A   N/A   N/A   N/A   N/A  
250   com.apple.ifdrea 0.0  00:00.03 2     1   32     780K   0B    0B    250  1    sleeping  0[2]     0.00000 0.00000    0   1014     114  122      60       480       213      89        0       0       0.0   0         0         root                   N/A    N/A   N/A   N/A   N/A   N/A  
249   com.apple.geod   0.0  00:00.65 2     1   64     3408K  32K   0B    249  1    sleeping *2[1]     0.00000 0.00000    205 4854     248  393      1074     15419     2990     6030      246     11      0.0   0         0         _locationd             N/A    N/A   N/A   N/A   N/A   N/A  
248   distnoted        0.0  00:00.05 2     1   32     404K   0B    0B    248  1    sleeping *0[1]     0.00000 0.00000    205 1238     87   100      82       649       318      303       0       0       0.0   0         0         _locationd             N/A    N/A   N/A   N/A   N/A   N/A  
247   amfid            0.0  00:00.04 2     1   38     1076K  0B    0B    247  1    sleeping *0[1]     0.00000 0.00000    0   1390     115  111      59       820       300      186       1       0       0.0   0         0         root                   N/A    N/A   N/A   N/A   N/A   N/A  
246   com.apple.audio. 0.0  00:00.41 3     1   357    880K   0B    0B    246  1    sleeping  0[2189]  0.00000 0.00000    202 1276     124  3380     3087     14761     9521     4863      0       0       0.0   0         0         _coreaudiod            N/A    N/A   N/A   N/A   N/A   N/A  
242   distnoted        0.0  00:00.05 2     1   29     412K   0B    0B    242  1    sleeping *0[1]     0.00000 0.00000    202 1203     86   98       79       594       309      260       0       0       0.0   0         0         _coreaudiod            N/A    N/A   N/A   N/A   N/A   N/A  
240   csnameddatad     0.0  00:00.01 2     1   23     564K   0B    0B    240  1    sleeping  0[2]     0.00000 0.00000    0   755      104  98       42       432       197      67        0       0       0.0   0         0         root                   N/A    N/A   N/A   N/A   N/A   N/A  
239   nsurlsessiond    0.0  00:00.87 5     4   83     1884K  0B    0B    239  1    stuck    *23[3]    0.00000 0.00000    242 5662     244  359      1091     21128     1974     7858      71      476     0.0   0         0         _nsurlsessiond         N/A    N/A   N/A   N/A   N/A   N/A  
237   awdd             0.0  00:00.15 2     1   77     1112K  24K   0B    237  1    sleeping  0[20]    0.00000 0.00000    0   1816     146  245      128      2913      694      1090      17      1       0.0   0         0         root                   N/A    N/A   N/A   N/A   N/A   N/A  
236   mobileassetd     0.0  00:05.38 2     1   84     1476K  0B    0B    236  1    sleeping  0[17]    0.00000 0.00000    0   34105    213  8305     295      39260     9195     14970     32      995     0.0   0         0         root                   N/A    N/A   N/A   N/A   N/A   N/A  
235   backupd          0.0  00:00.19 3     2   48     1204K  0B    0B    235  1    sleeping *0[1]     0.00000 0.00000    0   2007     216  137      87       1006      351      1060      41      5       0.0   0         0         root                   N/A    N/A   N/A   N/A   N/A   N/A  
231   lsd              0.0  00:00.28 3     2   78     1116K  0B    0B    231  1    sleeping  0[56]    0.00000 0.00000    0   5318     146  592      413      4198      1450     1770      1849    8       0.0   0         0         root                   N/A    N/A   N/A   N/A   N/A   N/A  
223   analyticsd       0.0  00:03.19 2     1   291    2128K  3712K 0B    223  1    sleeping *22[3]    0.00000 0.00000    263 9403     167  6073     3961     54545     20464    14780     67      74      0.0   0         0         _analyticsd            N/A    N/A   N/A   N/A   N/A   N/A  
222   com.apple.CodeSi 0.0  00:00.17 2     1   20     620K   0B    0B    222  1    sleeping  0[66]    0.00000 0.00000    0   1976     111  275      298      7532      911      825       0       8       0.0   0         0         root                   N/A    N/A   N/A   N/A   N/A   N/A  
219   findmydeviced    0.0  00:00.15 2     1   62     1588K  0B    0B    219  1    sleeping  0[2]     0.00000 0.00000    0   2786     250  269      110      1660      673      1087      92      13      0.0   0         0         root                   N/A    N/A   N/A   N/A   N/A   N/A  
218   mDNSResponder    0.0  00:00.37 3     1   124    1176K  0B    0B    218  1    sleeping *0[1]     0.00000 0.00000    65  2638     159  1341     694      12001     3339     4436      22      87      0.0   0         0         _mdnsresponder         N/A    N/A   N/A   N/A   N/A   N/A  
216   symptomsd        0.0  00:00.33 2     1   77     2252K  128K  0B    216  1    sleeping  0[52]    0.00000 0.00000    24  3417     199  392      196      5744      1286     2096      110     13      0.0   0         0         _networkd              N/A    N/A   N/A   N/A   N/A   N/A  
215   nehelper         0.0  00:00.73 2     1   75     1356K  0B    0B    215  1    sleeping  0[44]    0.00000 0.00000    0   3342     152  344      157      3994      787      1783      37      7       0.0   0         0         root                   N/A    N/A   N/A   N/A   N/A   N/A  
214   PowerUIAgent     0.0  00:00.08 2     1   36     832K   0B    0B    214  1    sleeping *0[1]     0.00000 0.00000    0   1602     137  115      69       795       264      399       96      0       0.0   0         0         root                   N/A    N/A   N/A   N/A   N/A   N/A  
213   contextstored    0.0  00:01.56 2     1   105    2504K  404K  0B    213  1    sleeping  0[316]   0.00000 0.00000    0   9398     217  3763     2564     29528     13785    14568     265     536     0.0   0         0         root                   N/A    N/A   N/A   N/A   N/A   N/A  
212   PlugInLibrarySer 0.0  00:00.01 2     1   22     604K   0B    0B    212  1    sleeping  0[3]     0.00000 0.00000    0   728      103  85       41       395       161      70        0       0       0.0   0         0         root                   N/A    N/A   N/A   N/A   N/A   N/A  
211   containermanager 0.0  00:00.13 2     1   34     976K   0B    0B    211  1    sleeping  0[21]    0.00000 0.00000    0   2100     157  153      91       1417      426      628       5       1       0.0   0         0         root                   N/A    N/A   N/A   N/A   N/A   N/A  
209   diskmanagementd  0.0  00:00.05 3     1   45     1012K  0B    0B    209  1    sleeping *0[1]     0.00000 0.00000    0   1216     197  274      86       811       975      428       6       3       0.0   0         0         root                   N/A    N/A   N/A   N/A   N/A   N/A  
202   coreaudiod       0.0  00:01.90 5     1   483    8688K  0B    0B    202  1    sleeping *0[1]     0.00000 0.00000    202 10345    296  27562    22808    83773     99895    37633     141     129     0.0   0         0         _coreaudiod            N/A    N/A   N/A   N/A   N/A   N/A  
189   airportd         0.0  00:00.99 6     4   190    2540K  0B    0B    189  1    sleeping *4[1]     0.00000 0.00000    0   4997     262  4748     2402     12642     4835     6217      184     105     0.0   0         0         root                   N/A    N/A   N/A   N/A   N/A   N/A  
182   distnoted        0.0  00:00.06 2     1   35     420K   0B    0B    182  1    sleeping *0[1]     0.00000 0.00000    0   1232     87   99       86       669       317      328       0       0       0.0   0         0         root                   N/A    N/A   N/A   N/A   N/A   N/A  
180   authd            0.0  00:00.24 3     2   54     980K   0B    0B    180  1    sleeping  0[60]    0.00000 0.00000    0   2137     142  396      210      6385      1569     1286      1       2       0.0   0         0         root                   N/A    N/A   N/A   N/A   N/A   N/A  
176   coreservicesd    0.0  00:00.57 4     1   222    2224K  0B    0B    176  1    sleeping *0[1]     0.00000 0.00000    0   2485     113  20465    9292     13353     37984    5813      1       15      0.0   0         0         root                   N/A    N/A   N/A   N/A   N/A   N/A  
175   runningboardd    0.0  00:02.97 2     1   222    1816K  0B    0B    175  1    sleeping *4[1]     0.00000 0.00000    0   9871     153  3898     3972     82404     13590    33192     96      568     0.0   0         0         root                   N/A    N/A   N/A   N/A   N/A   N/A  
173   syspolicyd       0.0  00:03.73 2     1   77     50M    724K  0B    173  1    sleeping *0[1]     0.00000 0.00000    0   47171    4615 614      416      40831     4090     7885      3783    3       0.0   0         0         root                   N/A    N/A   N/A   N/A   N/A   N/A  
172   loginwindow      0.0  00:01.01 2     1   293    12M    0B    0B    172  1    sleeping *0[29]    0.00000 0.00000    501 12921    404  2512     1232     9202      7206     7069      447     21      0.0   0         0         maxieds                N/A    N/A   N/A   N/A   N/A   N/A  
171   trustd           0.0  00:03.09 2     1   80     2736K  160K  0B    171  1    sleeping  0[1693]  0.00000 0.00000    282 4824     190  1205     2841     45072     15908    12743     61      50      0.0   0         0         _trustd                N/A    N/A   N/A   N/A   N/A   N/A  
169   aslmanager       0.0  00:00.05 2     1   16     408K   0B    0B    169  1    sleeping *0[1]     0.00000 0.00000    0   489      73   70       37       620       157      421       0       7       0.0   0         0         root                   N/A    N/A   N/A   N/A   N/A   N/A  
168   tccd             0.0  00:02.49 2     1   41     1564K  28K   0B    168  1    sleeping  0[349]   0.00000 0.00000    0   6526     163  2503     2382     94702     12475    9523      44      30      0.0   0         0         root                   N/A    N/A   N/A   N/A   N/A   N/A  
167   taskgated        0.0  00:00.14 1     0   21     704K   0B    0B    167  1    sleeping *0[1]     0.00000 0.00000    0   1305     111  88       31       1297      257      662       18      5       0.0   0         0         root                   N/A    N/A   N/A   N/A   N/A   N/A  
165   com.apple.cmio.r 0.0  00:00.07 2     1   53     768K   0B    0B    165  1    sleeping  0[23]    0.00000 0.00000    0   1722     127  171      85       1009      462      276       1       2       0.0   0         0         root                   N/A    N/A   N/A   N/A   N/A   N/A  
164   AirPlayXPCHelper 0.0  00:00.38 4     1   168    1412K  0B    0B    164  1    sleeping *0[1]     0.00000 0.00000    0   3959     197  1368     582      4104      2667     3896      280     17      0.0   0         0         root                   N/A    N/A   N/A   N/A   N/A   N/A  
163   corebrightnessd  0.0  00:00.48 2     1   127    1268K  0B    0B    163  1    sleeping *0[1]     0.00000 0.00000    0   13805    179  2947     871      6120      8279     4485      136     117     0.0   0         0         root                   N/A    N/A   N/A   N/A   N/A   N/A  
162   sandboxd         0.0  00:00.08 2     1   35     1072K  0B    0B    162  1    sleeping *0[1]     0.00000 0.00000    0   1595     150  179      87       1470      588      717       15      1       0.0   0         0         root                   N/A    N/A   N/A   N/A   N/A   N/A  
160   bluetoothd       0.0  00:00.67 2     1   181    2712K  0B    0B    160  1    sleeping *0[1]     0.00000 0.00000    0   5709     266  1749     895      8218      3602     4466      315     173     0.0   0         0         root                   N/A    N/A   N/A   N/A   N/A   N/A  
158   KernelEventAgent 0.0  00:00.01 2     1   22     524K   0B    0B    158  1    sleeping *0[1]     0.00000 0.00000    0   686      101  81       30       581       152      163       3       0       0.0   0         0         root                   N/A    N/A   N/A   N/A   N/A   N/A  
157   revisiond        0.0  00:00.13 3     1   47     1380K  0B    0B    157  1    sleeping  0[0]     0.00000 0.00000    0   2228     161  174      58       2239      467      562       18      8       0.0   0         0         root                   N/A    N/A   N/A   N/A   N/A   N/A  
156   logind           0.0  00:00.09 2     1   69     760K   0B    0B    156  1    sleeping *0[1]     0.00000 0.00000    0   1608     161  178      119      868       440      941       100     1       0.0   0         0         root                   N/A    N/A   N/A   N/A   N/A   N/A  
154   PerfPowerService 0.0  00:03.26 3     1   276    3344K  276K  0B    154  1    sleeping *1[8]     0.00000 0.00000    0   8547     269  40299    20179    40837     106213   53945     190     295     0.0   0         0         root                   N/A    N/A   N/A   N/A   N/A   N/A  
153   AppleCredentialM 0.0  00:00.04 2     1   32     648K   0B    0B    153  1    sleeping *0[1]     0.00000 0.00000    0   1007     121  204      99       518       308      694       16      0       0.0   0         0         root                   N/A    N/A   N/A   N/A   N/A   N/A  
152   distnoted        0.0  00:00.14 2     1   125    432K   0B    0B    152  1    sleeping *0[1]     0.00000 0.00000    241 1320     87   782      781      4914      2199     1266      0       0       0.0   0         0         _distnote              N/A    N/A   N/A   N/A   N/A   N/A  
150   dasd             0.0  00:03.79 3     2   73     2424K  0B    0B    150  1    sleeping  0[112]   0.00000 0.00000    0   6191     269  2289     1398     62263     8241     24349     44      403     0.0   0         0         root                   N/A    N/A   N/A   N/A   N/A   N/A  
149   displaypolicyd   0.0  00:00.06 6     1   51     1756K  0B    0B    149  1    sleeping *0[1]     0.00000 0.00000    244 1599     136  575      285      1493      696      1275      4       8       0.0   0         0         _displaypolicyd        N/A    N/A   N/A   N/A   N/A   N/A  
148   autofsd          0.0  00:00.02 2     1   23     528K   0B    0B    148  1    sleeping *0[1]     0.00000 0.00000    0   820      106  75       32       361       154      133       0       0       0.0   0         0         root                   N/A    N/A   N/A   N/A   N/A   N/A  
143   auditd           0.0  00:00.01 2     1   32     524K   0B    0B    143  1    sleeping *0[1]     0.00000 0.00000    0   636      102  89       35       327       172      89        0       0       0.0   0         0         root                   N/A    N/A   N/A   N/A   N/A   N/A  
142   securityd        0.0  00:00.35 4     1   85     1648K  0B    0B    142  1    sleeping *0[1]     0.00000 0.00000    0   3308     133  924      125      5362      5278     2724      24      12      0.0   0         0         root                   N/A    N/A   N/A   N/A   N/A   N/A  
141   usbmuxd          0.0  00:00.23 3     1   39     1296K  0B    0B    141  1    sleeping *0[1]     0.00000 0.00000    213 2770     246  172      50       1618      756      1660      268     0       0.0   0         0         _usbmuxd               N/A    N/A   N/A   N/A   N/A   N/A  
140   timed            0.0  00:00.10 3     2   51     1040K  0B    0B    140  1    sleeping *0[1]     0.00000 0.00000    266 1546     140  243      170      1695      849      753       9       14      0.0   0         0         _timed                 N/A    N/A   N/A   N/A   N/A   N/A  
139   launchservicesd  0.0  00:01.04 2     1   290    1312K  0B    0B    139  1    sleeping  0[1871]  0.00000 0.00000    0   4358     138  13868    8238     54176     20493    12820     4       115     0.0   0         0         root                   N/A    N/A   N/A   N/A   N/A   N/A  
138   apsd             0.0  00:01.16 4     3   183    2000K  12K   0B    138  1    sleeping *0[1]     0.00000 0.00000    0   16887    258  4388     2242     27470     14088    11287     78      156     0.0   0         0         root                   N/A    N/A   N/A   N/A   N/A   N/A  
136   thermalmonitord  0.0  00:00.02 1     0   24     960K   0B    0B    136  1    sleeping *0[1]     0.00000 0.00000    0   910      212  62       28       309       139      267       5       0       0.0   0         0         root                   N/A    N/A   N/A   N/A   N/A   N/A  
133   syslogd          0.0  00:00.17 3     2   65     580K   0B    0B    133  1    sleeping  0[163]   0.00000 0.00000    0   1114     75   140      175      9434      2306     2516      1       42      0.0   0         0         root                   N/A    N/A   N/A   N/A   N/A   N/A  
132   coreduetd        0.0  00:00.68 2     1   54     2540K  960K  0B    132  1    sleeping  0[13]    0.00000 0.00000    0   6084     210  332      178      10014     3341     3100      168     12      0.0   0         0         root                   N/A    N/A   N/A   N/A   N/A   N/A  
128   kernelmanagerd   0.0  00:03.27 2     1   72     6496K  0B    0B    128  1    sleeping *0[1]     0.00000 0.00000    0   92844    565  723      403      29133     5532     6226      1161    0       0.0   0         0         root                   N/A    N/A   N/A   N/A   N/A   N/A  
127   iconservicesd    0.0  00:00.07 2     1   45     824K   0B    0B    127  1    sleeping  0[10]    0.00000 0.00000    240 1902     125  122      67       818       290      385       2       3       0.0   0         0         _iconservices          N/A    N/A   N/A   N/A   N/A   N/A  
122   watchdogd        0.0  00:00.20 3     1   46     700K   0B    0B    122  1    sleeping *0[1]     0.00000 0.00000    0   1084     116  3018     1542     1363      9557     3257      15      264     0.0   0         0         root                   N/A    N/A   N/A   N/A   N/A   N/A  
120   softwareupdated  0.0  00:00.17 2     1   49     1220K  0B    0B    120  1    sleeping  0[0]     0.00000 0.00000    200 2455     163  3161     1559     1429      2757     529       2       3       0.0   0         0         _softwareupdate        N/A    N/A   N/A   N/A   N/A   N/A  
119   keybagd          0.0  00:00.18 2     1   54     832K   0B    0B    119  1    sleeping *0[1]     0.00000 0.00000    0   1560     127  716      759      4579      2717     1879      6       17      0.0   0         0         root                   N/A    N/A   N/A   N/A   N/A   N/A  
117   remoted          0.0  00:00.07 2     1   66     756K   0B    0B    117  1    sleeping *0[1]     0.00000 0.00000    0   1231     116  373      211      787       630      812       42      0       0.0   0         0         root                   N/A    N/A   N/A   N/A   N/A   N/A  
113   daemondo         0.0  00:00.02 3     1   43     772K   0B    0B    113  1    sleeping *0[1]     0.00000 0.00000    0   981      145  89       37       375       210      138       7       0       0.0   0         0         root                   N/A    N/A   N/A   N/A   N/A   N/A  
111   endpointsecurity 0.0  00:00.01 1     0   32     536K   0B    0B    111  1    sleeping  0[0]     0.00000 0.00000    0   684      105  83       36       312       174      71        2       0       0.0   0         0         root                   N/A    N/A   N/A   N/A   N/A   N/A  
110   configd          0.0  00:00.84 7     1   364    1928K  0B    0B    110  1    sleeping *0[1]     0.00000 0.00000    0   6535     197  12925    7080     31070     19255    7823      53      7       0.0   0         0         root                   N/A    N/A   N/A   N/A   N/A   N/A  
105   mediaremoted     0.0  00:00.72 3     1   160    1616K  0B    0B    105  1    sleeping  0[11]    0.00000 0.00000    0   6432     273  14371    3216     4463      16664    19946     348     6       0.0   0         0         root                   N/A    N/A   N/A   N/A   N/A   N/A  
103   uninstalld       0.0  00:00.15 2     1   20     596K   0B    0B    103  1    sleeping *0[1]     0.00000 0.00000    0   1596     115  439      27       4564      1657     2917      1       504     0.0   0         0         root                   N/A    N/A   N/A   N/A   N/A   N/A  
100   UserEventAgent   0.0  00:01.00 4     1   465    2068K  0B    0B    100  1    sleeping *0[1]     0.00000 0.00000    0   5168     222  5639     5129     16846     15457    9249      417     65      0.0   0         0         root                   N/A    N/A   N/A   N/A   N/A   N/A  
Processes: 341 total, 2 running, 7 stuck, 332 sleeping, 1042 threads 
2026/07/24 13:44:13
Load Avg: 1.50, 1.84, 1.89 
CPU usage: 0.48% user, 0.96% sys, 98.55% idle 
SharedLibs: 458M resident, 83M data, 37M linkedit.
MemRegions: 25297 total, 1169M resident, 179M private, 739M shared.
PhysMem: 6184M used (2205M wired), 2008M unused.
VM: 11T vsize, 3153M framework vsize, 0(0) swapins, 0(0) swapouts.
Networks: packets: 230/32K in, 236/32K out.
Disks: 702154/11G read, 244883/14G written.

PID   COMMAND          %CPU TIME     #TH   #WQ #PORTS MEM    PURG  CMPRS PGRP PPID STATE    BOOSTS    %CPU_ME %CPU_OTHRS UID FAULTS   COW  MSGSENT  MSGRECV  SYSBSD    SYSMACH  CSW       PAGEINS IDLEW   POWER INSTRS    CYCLES    USER                   #MREGS RPRVT VPRVT VSIZE KPRVT KSHRD
1976  top              3.1  00:00.40 1/1   0   26     2224K  0B    0B    1976 1107 running  *0[1]     0.00000 0.00000    0   3356+    108  121652+  60820+   10199+    75548+   108+      0       6+      3.1   115819745 90128689  root                   N/A    N/A   N/A   N/A   N/A   N/A  
170   WindowServer     0.5  03:14.67 12    5   793-   131M   19M   0B    170  1    sleeping *0[1]     0.00000 0.04775    88  300771   1628 1041839+ 830375+  3269886+  3792390+ 1333137+  1181    28977+  0.7   7990821   9509924   _windowserver          N/A    N/A   N/A   N/A   N/A   N/A  
0     kernel_task      0.3  02:37.59 165/4 0   0      195M+  0B    0B    0    0    running   0[0]     0.00000 0.00000    0   9450     2635 1403191+ 1200115+ 0         0        13390481+ 102     783979+ 0.0   2231217   11747205  root                   N/A    N/A   N/A   N/A   N/A   N/A  
556   Terminal         0.2  04:26.54 9     3   417    321M-  63M+  0B    556  1    sleeping *0[844]   0.03546 0.00000    501 3162700  1233 811148+  121598+  5654317+  3086454+ 1397768+  7212    11971+  0.4   1383428   3076313   maxieds                N/A    N/A   N/A   N/A   N/A   N/A  
99    logd             0.0  00:03.87 4     3   1079-  8868K+ 0B    0B    99   1    sleeping *0[1]     0.00000 0.01151    0   21507+   122  17872+   21233+   196393+   38189+   65969+    31      188     0.0   642511    1620271   root                   N/A    N/A   N/A   N/A   N/A   N/A  
1     launchd          0.0  00:13.43 4     3   1682-  13M+   0B    0B    1    0    stuck     0[0]     0.00000 0.00177    0   17892+   1510 53427+   54322+   363154+   232523+  120846+   73      156     0.0   708888    1882856   root                   N/A    N/A   N/A   N/A   N/A   N/A  
126   mds              0.0  02:33.60 10    7   329-   17M    0B    0B    126  1    stuck    *0[1]     0.00207 0.00000    0   792401   295  825136+  403916+  5439616+  1618250+ 2060793+  456     7341+   0.1   250851    882914    root                   N/A    N/A   N/A   N/A   N/A   N/A  
137   opendirectoryd   0.0  00:06.10 6     5   838-   2740K+ 64K   0B    137  1    sleeping *0[1]     0.00000 0.00630    0   87282+   160  20658+   23511+   302938+   69595+   92866+    927     202     0.0   207371    759037    root                   N/A    N/A   N/A   N/A   N/A   N/A  
122   watchdogd        0.0  00:00.20 3     1   46     700K   0B    0B    122  1    sleeping *0[1]     0.03011 0.00000    0   1084     116  3025+    1545+    1365+     9580+    3265+     15      265+    0.0   237490    606207    root                   N/A    N/A   N/A   N/A   N/A   N/A  
161   notifyd          0.0  00:02.92 2     1   459-   732K   0B    0B    161  1    sleeping *0[1]     0.00000 0.00000    0   1522     72   25170    35931+   112636+   105099+  41961+    5       2       0.0   189963    584952    root                   N/A    N/A   N/A   N/A   N/A   N/A  
498   lockoutagent     0.0  00:00.97 4     3   72     1388K  0B    0B    498  1    sleeping *0[1]     0.00000 0.00000    501 2741     153  4039+    116      37171+    15941+   23170+    1       2542    0.0   90070     929124    maxieds                N/A    N/A   N/A   N/A   N/A   N/A  
104   fseventsd        0.0  00:22.61 8     1   241    1604K  0B    0B    104  1    stuck    *0[1]     0.00000 0.00000    0   138814   109  26605    5984     971980+   89774    116983+   2       6515+   0.1   88464     293077    root                   N/A    N/A   N/A   N/A   N/A   N/A  
129   diskarbitrationd 0.0  00:00.86 2     1   202-   1008K  0B    0B    129  1    sleeping *0[1]     0.00000 0.00000    0   6778     1780 9758     4303     12742     60408+   8884+     8       0       0.0   124629    282869    root                   N/A    N/A   N/A   N/A   N/A   N/A  
360   locationd        0.0  00:00.48 3     1   166    2796K  44K   0B    360  1    sleeping  0[25]    0.00000 0.00000    205 4690     332  1408+    362      12923+    7635+    6410+     0       509+    0.0   60236     239202    _locationd             N/A    N/A   N/A   N/A   N/A   N/A  
108   systemstats      0.0  00:03.48 3     2   92     1692K  0B    0B    108  1    sleeping  0[25]    0.00177 0.00000    0   8899     250  17520+   9169+    501008+   14934+   12128+    15      205     0.0   110990    418083    root                   N/A    N/A   N/A   N/A   N/A   N/A  
166   cfprefsd         0.0  00:03.63 3     2   509-   836K   20K   0B    166  1    sleeping  0[1942]  0.00000 0.00000    0   4035     88   8050     9258+    138546+   29362+   26091+    1       220     0.0   106242    240446    root                   N/A    N/A   N/A   N/A   N/A   N/A  
239   nsurlsessiond    0.0  00:00.87 3     2   81-    1868K- 0B    0B    239  1    stuck    *23[3]    0.00000 0.00000    242 5662     244  359      1091     21135+    1974     7860+     71      477+    0.0   69274     183784    _nsurlsessiond         N/A    N/A   N/A   N/A   N/A   N/A  
140   timed            0.0  00:00.10 2     1   50-    1020K- 0B    0B    140  1    sleeping *0[1]     0.00000 0.00000    266 1546     140  243      170      1699+     849      754+      9       15+     0.0   33545     108908    _timed                 N/A    N/A   N/A   N/A   N/A   N/A  
391   Finder           0.0  00:12.87 3     1   306-   25M-   268K  0B    391  1    sleeping *0[129]   0.00000 0.00000    501 129698   877  26618    33922    133578+   177812   68075+    1022    295+    0.0   25934     107086    maxieds                N/A    N/A   N/A   N/A   N/A   N/A  
314   mds_stores       0.0  21:37.58 5     3/1 105    85M    8504K 0B    314  1    stuck    *0[1]     0.00000 0.00207    0   11709023 1482 772548   501074+  30888945+ 2952612+ 6581521+  199134  5244    0.0   36182     107312    root                   N/A    N/A   N/A   N/A   N/A   N/A  
1093  appstoreagent    0.0  00:00.57 2     1   109-   3384K- 108K  0B    1093 1    sleeping  0[7]     0.00000 0.00000    501 6558     447  690      180      9208+     2073     4236+     30      312+    0.0   27042     84126     maxieds                N/A    N/A   N/A   N/A   N/A   N/A  
238   mDNSResponderHel 0.0  00:00.33 3     1   39     1044K  0B    0B    238  1    sleeping *0[1]     0.00000 0.00000    0   2166     138  7901+    3997+    5137+     4402+    5379+     1       2600+   0.0   13663     80032     root                   N/A    N/A   N/A   N/A   N/A   N/A  
1974  mdworker_shared  0.0  00:00.28 4     1   49     1144K  0B    0B    1974 1    sleeping *0[1]     0.00000 0.00000    501 14346    169  623      269      4663      1815     419       0       2       0.0   0         0         maxieds                N/A    N/A   N/A   N/A   N/A   N/A  
1973  mdworker_shared  0.0  00:00.29 4     1   48     1092K  0B    0B    1973 1    sleeping *0[1]     0.00000 0.00000    501 14169    169  634      273      4694      1836     475       0       2       0.0   0         0         maxieds                N/A    N/A   N/A   N/A   N/A   N/A  
1972  mdworker_shared  0.0  00:00.26 4     1   49     1124K  0B    0B    1972 1    sleeping *0[1]     0.00000 0.00000    501 12740    169  611      263      4176      1645     425       0       2       0.0   0         0         maxieds                N/A    N/A   N/A   N/A   N/A   N/A  
1971  mdworker_shared  0.0  00:00.29 4     1   49     1148K  0B    0B    1971 1    sleeping *0[1]     0.00000 0.00000    501 13214    169  607      263      4154      1640     389       0       2       0.0   0         0         maxieds                N/A    N/A   N/A   N/A   N/A   N/A  
1970  mdworker_shared  0.0  00:00.26 4     1   49     1132K  0B    0B    1970 1    sleeping *0[1]     0.00000 0.00000    501 12631    169  609      264      4161      1639     373       0       2       0.0   0         0         maxieds                N/A    N/A   N/A   N/A   N/A   N/A  
1969  mdworker_shared  0.0  00:00.26 4     1   49     1152K  0B    0B    1969 1    sleeping *0[1]     0.00000 0.00000    501 13092    169  608      263      4257      1626     382       0       2       0.0   0         0         maxieds                N/A    N/A   N/A   N/A   N/A   N/A  
1968  mdworker_shared  0.0  00:00.27 4     1   49     1144K  0B    0B    1968 1    sleeping *0[1]     0.00000 0.00000    501 12744    169  609      263      4204      1640     360       0       2       0.0   0         0         maxieds                N/A    N/A   N/A   N/A   N/A   N/A  
1967  mdworker_shared  0.0  00:00.27 4     1   49     1128K  0B    0B    1967 1    sleeping *0[1]     0.00000 0.00000    501 12752    169  610      263      4185      1646     396       0       2       0.0   0         0         maxieds                N/A    N/A   N/A   N/A   N/A   N/A  
1966  mdworker_shared  0.0  00:00.26 4     1   49     1128K  0B    0B    1966 1    sleeping *0[1]     0.00000 0.00000    501 12671    169  610      263      4363      1637     368       0       2       0.0   0         0         maxieds                N/A    N/A   N/A   N/A   N/A   N/A  
1965  mdworker_shared  0.0  00:00.28 4     1   49     1136K  0B    0B    1965 1    sleeping *0[1]     0.00000 0.00000    501 14218    169  628      269      4825      1831     435       0       3       0.0   0         0         maxieds                N/A    N/A   N/A   N/A   N/A   N/A  
1963  mdworker_shared  0.0  00:00.05 4     1   42     1024K  0B    0B    1963 1    sleeping *0[1]     0.00000 0.00000    89  3585     169  509      228      980       509      118       1       8       0.0   0         0         _spotlight             N/A    N/A   N/A   N/A   N/A   N/A  
1950  mdworker_shared  0.0  00:00.07 4     1   43     1096K  0B    0B    1950 1    sleeping *0[1]     0.00000 0.00000    89  3690     173  535      237      1104      561      305       5       13      0.0   0         0         _spotlight             N/A    N/A   N/A   N/A   N/A   N/A  
1948  mdworker_shared  0.0  00:00.06 4     1   43     1096K  0B    0B    1948 1    sleeping *0[1]     0.00000 0.00000    89  3708     174  537      236      1099      574      236       5       16      0.0   0         0         _spotlight             N/A    N/A   N/A   N/A   N/A   N/A  
1918  mdworker_shared  0.0  00:00.13 4     1   43     1084K  0B    0B    1918 1    sleeping *0[1]     0.00000 0.00000    89  6482     169  595      242      1965      1030     504       3       48      0.0   0         0         _spotlight             N/A    N/A   N/A   N/A   N/A   N/A  
1913  mdworker_shared  0.0  00:00.13 4     1   42     1040K  0B    0B    1913 1    sleeping *0[1]     0.00000 0.00000    89  7226     174  600      242      1870      1099     485       16      44      0.0   0         0         _spotlight             N/A    N/A   N/A   N/A   N/A   N/A  
1749  wifip2pd         0.0  00:00.09 2     1   25     1168K  0B    0B    1749 1    sleeping  0[1]     0.00000 0.00000    0   2707     209  112      56       965       213      327       4       1       0.0   0         0         root                   N/A    N/A   N/A   N/A   N/A   N/A  
1742  VTDecoderXPCServ 0.0  00:00.19 2     1   71     13M    4460K 0B    1742 1    sleeping  0[21]    0.00000 0.00000    501 6566     170  1423     686      4289      1547     586       15      4       0.0   0         0         maxieds                N/A    N/A   N/A   N/A   N/A   N/A  
1695  CVMServer        0.0  00:00.03 2     1   33     544K   32K   0B    1695 1    sleeping *0[1]     0.00000 0.00000    0   1392     101  107      55       614       251      167       0       16      0.0   0         0         root                   N/A    N/A   N/A   N/A   N/A   N/A  
1515  keyboardservices 0.0  00:00.25 2     1   53     1784K  20K   0B    1515 1    sleeping  0[4]     0.00000 0.00000    501 2669     176  192      950      11118     2265     2650      11      3       0.0   0         0         maxieds                N/A    N/A   N/A   N/A   N/A   N/A  
1514  AppleSpell       0.0  00:00.29 2     1   100    5676K  80K   0B    1514 1    sleeping *0[1]     0.00000 0.00000    501 6999     329  502      145      5574      1325     1466      104     14      0.0   0         0         maxieds                N/A    N/A   N/A   N/A   N/A   N/A  
1513  LookupViewServic 0.0  00:00.38 4     2   200    6968K  12K   0B    1513 1    sleeping  0[7]     0.00000 0.00000    501 10349    400  1112     315      5778      2730     2275      280     7       0.0   0         0         maxieds                N/A    N/A   N/A   N/A   N/A   N/A  
1237  mdworker         0.0  00:00.04 2     1   50     1172K  0B    0B    1237 1    sleeping *0[1]     0.00000 0.00000    501 2526     181  149      44       892       324      102       0       1       0.0   0         0         maxieds                N/A    N/A   N/A   N/A   N/A   N/A  
1136  ls               0.0  01:15.20 1     0   22     2920K  0B    0B    1136 1135 stuck    *0[1]     0.00000 0.00000    0   1762     84   53       22       5926874   125      269151    0       0       0.0   0         0         root                   N/A    N/A   N/A   N/A   N/A   N/A  
1135  sudo             0.0  00:00.00 1     0   8      332K   0B    0B    1135 1134 sleeping *0[1]     0.00000 0.00000    0   183      89   12       6        45        16       4         0       0       0.0   0         0         root                   N/A    N/A   N/A   N/A   N/A   N/A  
1134  sudo             0.0  00:12.43 2     1   42     2356K  0B    0B    1134 1131 sleeping *0[16]    0.00000 0.00000    0   2363     372  149      81       5132485   499      325296    1       0       0.0   0         0         root                   N/A    N/A   N/A   N/A   N/A   N/A  
1131  bash             0.0  00:00.02 1     0   21     1316K  0B    0B    1131 1125 sleeping *0[1]     0.00000 0.00000    501 1147     276  56       22       914       113      133       6       0       0.0   0         0         maxieds                N/A    N/A   N/A   N/A   N/A   N/A  
1125  bash             0.0  00:00.01 1     0   21     1048K  0B    0B    1125 1124 sleeping *0[1]     0.00000 0.00000    501 1056     290  83       33       942       156      120       0       0       0.0   0         0         maxieds                N/A    N/A   N/A   N/A   N/A   N/A  
1124  login            0.0  00:00.03 2     1   32     1144K  0B    0B    1124 556  sleeping *0[9]     0.00000 0.00000    0   1514     188  83       33       4142      246      180       16      0       0.0   0         0         root                   N/A    N/A   N/A   N/A   N/A   N/A  
1117  distnoted        0.0  00:00.03 2     1   29     392K   0B    0B    1117 1    sleeping *0[1]     0.00000 0.00000    269 1200     86   99       35       377       212      53        0       0       0.0   0         0         _reportmemoryexception N/A    N/A   N/A   N/A   N/A   N/A  
1115  XprotectService  0.0  00:01.65 2     1   23     1160K  0B    0B    1115 1    sleeping  0[2]     0.00000 0.00000    0   56713    704  93       45       130307    430      1661      62      2       0.0   0         0         root                   N/A    N/A   N/A   N/A   N/A   N/A  
1107  bash             0.0  00:00.19 1     0   21     1380K  0B    0B    1107 1006 sleeping *0[1]     0.00000 0.00000    501 5967     3281 182      83       8279      175      1497      190     0       0.0   0         0         maxieds                N/A    N/A   N/A   N/A   N/A   N/A  
1101  deleted          0.0  00:00.15 2     1   39     844K   0B    0B    1101 1    sleeping  0[0]     0.00000 0.00000    501 2173     151  1368     632      2238      1473     419       21      1       0.0   0         0         maxieds                N/A    N/A   N/A   N/A   N/A   N/A  
1097  promotedcontentd 0.0  00:00.31 2     1   64     2176K  0B    0B    1097 1    sleeping  0[6]     0.00000 0.00000    501 4227     311  322      119      4806      771      1837      36      47      0.0   0         0         maxieds                N/A    N/A   N/A   N/A   N/A   N/A  
1096  com.apple.AppSto 0.0  00:00.06 2     1   27     3420K  0B    0B    1096 1    sleeping  0[0]     0.00000 0.00000    0   1561     115  86       37       460       173      127       0       3       0.0   0         0         root                   N/A    N/A   N/A   N/A   N/A   N/A  
1095  installcoordinat 0.0  00:00.05 2     1   42     920K   0B    0B    1095 1    sleeping  0[1]     0.00000 0.00000    274 2045     156  104      35       864       237      100       3       2       0.0   0         0         _installcoordinationd  N/A    N/A   N/A   N/A   N/A   N/A  
1094  ASPCarryLog      0.0  00:00.05 2     1   32     1056K  0B    0B    1094 1    sleeping  0[2]     0.00000 0.00000    0   1988     199  131      60       950       304      208       5       2       0.0   0         0         root                   N/A    N/A   N/A   N/A   N/A   N/A  
1006  bash             0.0  00:00.10 1     0   21     1088K  0B    0B    1006 1005 sleeping *0[1]     0.00000 0.00000    501 1959     698  99       41       6035      164      744       0       0       0.0   0         0         maxieds                N/A    N/A   N/A   N/A   N/A   N/A  
1005  login            0.0  00:00.02 2     1   31     1120K  0B    0B    1005 556  sleeping *0[9]     0.00000 0.00000    0   1526     192  83       33       4121      246      126       0       0       0.0   0         0         root                   N/A    N/A   N/A   N/A   N/A   N/A  
856   cp               0.0  01:37.81 1     0   19     2560K  0B    0B    856  855  stuck    *0[1]     0.00000 0.00000    0   899      151  47       18       2933229   93       312067    61      0       0.0   0         0         root                   N/A    N/A   N/A   N/A   N/A   N/A  
855   sudo             0.0  00:00.00 1     0   8      324K   0B    0B    855  845  sleeping *0[1]     0.00000 0.00000    0   178      87   12       6        45        16       4         0       0       0.0   0         0         root                   N/A    N/A   N/A   N/A   N/A   N/A  
845   sudo             0.0  00:05.53 2     1   41     2320K  0B    0B    845  559  sleeping *0[16]    0.00000 0.00000    0   2330     369  153      83       1093725   502      122601    1       0       0.0   0         0         root                   N/A    N/A   N/A   N/A   N/A   N/A  
735   nfcd             0.0  00:00.12 2     1   48     1116K  0B    0B    735  1    sleeping *0[1]     0.00000 0.00000    260 2451     204  159      49       1029      347      367       36      3       0.0   0         0         _applepay              N/A    N/A   N/A   N/A   N/A   N/A  
733   progressd        0.0  00:00.38 2     1   51     1768K  0B    0B    733  1    sleeping  0[1]     0.00000 0.00000    501 5547     271  179      56       3902      1556     767       8       10      0.0   0         0         maxieds                N/A    N/A   N/A   N/A   N/A   N/A  
729   studentd         0.0  00:00.39 2     1   131    4972K  88K   0B    729  1    sleeping *0[1]     0.00000 0.00000    501 7220     472  892      230      8422      2095     2202      52      23      0.0   0         0         maxieds                N/A    N/A   N/A   N/A   N/A   N/A  
719   EscrowSecurityAl 0.0  00:00.07 2     1   46     1412K  12K   0B    719  1    sleeping  0[0]     0.00000 0.00000    501 2831     192  135      45       1236      305      426       0       7       0.0   0         0         maxieds                N/A    N/A   N/A   N/A   N/A   N/A  
697   followupd        0.0  00:00.03 2     1   44     1084K  16K   0B    697  1    sleeping  0[1]     0.00000 0.00000    501 1619     156  133      50       872       310      127       0       0       0.0   0         0         maxieds                N/A    N/A   N/A   N/A   N/A   N/A  
678   mobileactivation 0.0  00:00.06 2     1   44     664K   0B    0B    678  1    sleeping  0[1]     0.00000 0.00000    0   1477     117  103      45       589       237      137       0       0       0.0   0         0         root                   N/A    N/A   N/A   N/A   N/A   N/A  
677   lskdd            0.0  00:00.10 2     0   29     552K   0B    0B    677  1    sleeping *1[1]     0.00000 0.00000    265 1441     105  1492     740      1255      884      975       0       505     0.0   0         0         _fpsd                  N/A    N/A   N/A   N/A   N/A   N/A  
674   memoryanalyticsd 0.0  00:00.04 2     1   38     1028K  0B    0B    674  1    sleeping  0[0]     0.00000 0.00000    0   1150     120  112      47       828       251      172       1       2       0.0   0         0         root                   N/A    N/A   N/A   N/A   N/A   N/A  
672   online-authd     0.0  00:00.01 2     1   37     560K   0B    0B    672  1    sleeping  0[2]     0.00000 0.00000    0   712      103  105      51       424       215      100       0       2       0.0   0         0         root                   N/A    N/A   N/A   N/A   N/A   N/A  
626   mdworker         0.0  00:00.07 2     1   41     1044K  0B    0B    626  1    sleeping *0[1]     0.00000 0.00000    89  2427     180  138      44       905       302      111       2       2       0.0   0         0         _spotlight             N/A    N/A   N/A   N/A   N/A   N/A  
587   spindump_agent   0.0  00:00.02 2     1   42     832K   0B    0B    587  1    sleeping  0[5]     0.00000 0.00000    501 1160     132  184      57       598       389      174       0       2       0.0   0         0         maxieds                N/A    N/A   N/A   N/A   N/A   N/A  
586   spindump         0.0  00:00.09 2     1   41     920K   0B    0B    586  1    sleeping *0[1]     0.00000 0.00000    0   2493     156  159      77       5107      373      412       14      3       0.0   0         0         root                   N/A    N/A   N/A   N/A   N/A   N/A  
585   QuickLookSatelli 0.0  00:02.11 3     2   72     11M    576K  0B    585  1    sleeping  0[20]    0.00000 0.00000    501 8901     252  854      362      26675     1674     8552      58      49      0.0   0         0         maxieds                N/A    N/A   N/A   N/A   N/A   N/A  
584   mdwrite          0.0  00:00.04 2     1   32     732K   0B    0B    584  1    sleeping *0[1]     0.00000 0.00000    501 1263     127  156      138      1238      496      371       0       17      0.0   0         0         maxieds                N/A    N/A   N/A   N/A   N/A   N/A  
581   logd_helper      0.0  00:00.03 2     1   20     512K   0B    0B    581  1    sleeping *0[1]     0.00000 0.00000    0   1298     101  69       35       432       150      70        0       0       0.0   0         0         root                   N/A    N/A   N/A   N/A   N/A   N/A  
559   bash             0.0  00:00.08 1     0   21     1132K  0B    0B    559  557  sleeping *0[1]     0.00000 0.00000    501 1964     679  97       40       4711      163      1046      2       0       0.0   0         0         maxieds                N/A    N/A   N/A   N/A   N/A   N/A  
558   com.apple.audio. 0.0  00:00.05 2     1   21     3360K  0B    0B    558  1    sleeping  0[1]     0.00000 0.00000    0   1760     126  83       40       607       165      135       0       0       0.0   0         0         root                   N/A    N/A   N/A   N/A   N/A   N/A  
557   login            0.0  00:00.04 2     1   32     1164K  0B    0B    557  556  sleeping *0[9]     0.00000 0.00000    0   1505     179  83       33       2240      246      422       0       0       0.0   0         0         root                   N/A    N/A   N/A   N/A   N/A   N/A  
536   CategoriesServic 0.0  00:00.02 2     1   35     840K   0B    0B    536  1    sleeping  0[0]     0.00000 0.00000    501 1529     121  145      50       683       347      105       0       0       0.0   0         0         maxieds                N/A    N/A   N/A   N/A   N/A   N/A  
535   photolibraryd    0.0  00:00.09 2     1   48     1252K  0B    0B    535  1    sleeping  0[0]     0.00000 0.00000    501 2484     199  157      53       860       335      217       97      1       0.0   0         0         maxieds                N/A    N/A   N/A   N/A   N/A   N/A  
534   suggestd         0.0  00:01.03 2     1   178    6316K  292K  0B    534  1    sleeping  0[5]     0.00000 0.00000    501 9537     434  954      268      14221     2665     3061      256     33      0.0   0         0         maxieds                N/A    N/A   N/A   N/A   N/A   N/A  
533   USBAgent         0.0  00:00.05 2     1   34     696K   0B    0B    533  1    sleeping  0[0]     0.00000 0.00000    501 1818     128  120      44       619       255      118       0       1       0.0   0         0         maxieds                N/A    N/A   N/A   N/A   N/A   N/A  
532   SubmitDiagInfo   0.0  00:00.38 2     1   55     1008K  0B    0B    532  1    sleeping  0[0]     0.00000 0.00000    0   5571     144  303      312      4543      1506     1648      4       7       0.0   0         0         root                   N/A    N/A   N/A   N/A   N/A   N/A  
531   CrashReporterSup 0.0  00:00.01 2     1   30     632K   0B    0B    531  1    sleeping  0[0]     0.00000 0.00000    0   882      103  79       35       430       168      69        0       1       0.0   0         0         root                   N/A    N/A   N/A   N/A   N/A   N/A  
530   amsengagementd   0.0  00:01.43 3     2   123    4228K  52K   0B    530  1    sleeping  0[23]    0.00000 0.00000    501 10846    399  1565     694      22620     5606     8404      111     412     0.0   0         0         maxieds                N/A    N/A   N/A   N/A   N/A   N/A  
529   SoftwareUpdateNo 0.0  00:00.15 3     1   177    3188K  0B    0B    529  1    sleeping *0[1]     0.00000 0.00000    501 4859     308  800      243      3465      1872     1245      8       6       0.0   0         0         maxieds                N/A    N/A   N/A   N/A   N/A   N/A  
528   com.apple.sbd    0.0  00:00.03 3     2   36     896K   0B    0B    528  1    sleeping  0[0]     0.00000 0.00000    501 1396     148  129      47       571       292      174       3       0       0.0   0         0         maxieds                N/A    N/A   N/A   N/A   N/A   N/A  
527   XProtectPluginSe 0.0  00:01.03 2     1   43     1196K  0B    0B    527  1    sleeping  0[0]     0.00000 0.00000    501 15143    166  403      130      33847     27746    2172      0       0       0.0   0         0         maxieds                N/A    N/A   N/A   N/A   N/A   N/A  
526   mdbulkimport     0.0  00:01.02 2     1   60     2736K  0B    0B    526  1    sleeping *0[1]     0.00000 0.00000    501 10866    202  406      159      17086     4779     1877      2       10      0.0   0         0         maxieds                N/A    N/A   N/A   N/A   N/A   N/A  
525   siriknowledged   0.0  00:00.10 2     1   49     2016K  132K  0B    525  1    sleeping  0[4]     0.00000 0.00000    501 3214     224  225      94       2043      543      602       31      14      0.0   0         0         maxieds                N/A    N/A   N/A   N/A   N/A   N/A  
524   adid             0.0  00:00.06 2     1   36     808K   0B    0B    524  1    sleeping  0[2]     0.00000 0.00000    265 1783     122  99       35       631       234      307       0       0       0.0   0         0         _fpsd                  N/A    N/A   N/A   N/A   N/A   N/A  
523   homed            0.0  00:00.99 2     1   138    4096K  72K   0B    523  1    sleeping  0[905]   0.00000 0.00000    501 8861     381  660      1188     18598     3775     7507      502     36      0.0   0         0         maxieds                N/A    N/A   N/A   N/A   N/A   N/A  
522   com.apple.siri.e 0.0  00:00.34 3     2   37     1960K  0B    0B    522  1    sleeping  0[3]     0.00000 0.00000    501 2711     190  298      84       3757      636      1109      4       0       0.0   0         0         maxieds                N/A    N/A   N/A   N/A   N/A   N/A  
521   akd              0.0  00:00.16 2     1   77     1660K  20K   0B    521  1    sleeping  0[4]     0.00000 0.00000    501 3779     235  349      126      2352      936      1452      7       22      0.0   0         0         maxieds                N/A    N/A   N/A   N/A   N/A   N/A  
520   iCloudNotificati 0.0  00:00.12 2     1   69     2900K  0B    0B    520  1    sleeping  0[1]     0.00000 0.00000    501 8440     256  357      160      2857      1006     826       12      14      0.0   0         0         maxieds                N/A    N/A   N/A   N/A   N/A   N/A  
518   assistantd       0.0  00:00.81 3     1   234    3832K  96K   0B    518  1    sleeping  0[4]     0.00000 0.00000    501 8141     573  1565     674      11465     2769     3299      203     15      0.0   0         0         maxieds                N/A    N/A   N/A   N/A   N/A   N/A  
517   corespotlightd   0.0  00:00.34 3     1   101    4020K  120K  0B    517  1    sleeping  0[3]     0.00000 0.00000    501 5756     297  1119     280      6404      2958     2806      44      61      0.0   0         0         maxieds                N/A    N/A   N/A   N/A   N/A   N/A  
516   networkservicepr 0.0  00:00.21 2     1   92     1844K  0B    0B    516  1    sleeping  0[3]     0.00000 0.00000    501 4863     238  656      246      3166      1413     665       37      11      0.0   0         0         maxieds                N/A    N/A   N/A   N/A   N/A   N/A  
515   SafeEjectGPUServ 0.0  00:00.03 2     1   57     1140K  0B    0B    515  1    sleeping  0[2]     0.00000 0.00000    501 1819     164  442      193      778       556      106       5       0       0.0   0         0         maxieds                N/A    N/A   N/A   N/A   N/A   N/A  
514   diagnosticextens 0.0  00:00.12 2     1   76     1336K  0B    0B    514  1    sleeping  0[2]     0.00000 0.00000    501 3366     189  290      109      1341      568      357       33      0       0.0   0         0         maxieds                N/A    N/A   N/A   N/A   N/A   N/A  
513   SafeEjectGPUAgen 0.0  00:00.01 2     1   34     868K   0B    0B    513  1    sleeping *0[2]     0.00000 0.00000    501 1159     130  125      46       585       294      68        0       0       0.0   0         0         maxieds                N/A    N/A   N/A   N/A   N/A   N/A  
511   commerce         0.0  00:00.10 2     1   33     1116K  0B    0B    511  1    sleeping  0[1]     0.00000 0.00000    501 3039     184  121      43       949       274      266       1       0       0.0   0         0         maxieds                N/A    N/A   N/A   N/A   N/A   N/A  
510   UsageTrackingAge 0.0  00:00.20 2     1   53     1596K  36K   0B    510  1    sleeping  0[0]     0.00000 0.00000    501 2576     173  569      146      2357      1955     1283      2       5       0.0   0         0         maxieds                N/A    N/A   N/A   N/A   N/A   N/A  
509   ndoagent         0.0  00:00.02 3     2   40     840K   0B    0B    509  1    sleeping  0[2]     0.00000 0.00000    501 1303     130  170      64       790       395      368       0       0       0.0   0         0         maxieds                N/A    N/A   N/A   N/A   N/A   N/A  
508   rtcreportingd    0.0  00:00.16 2     1   51     1468K  0B    0B    508  1    sleeping *0[1]     0.00000 0.00000    0   3405     192  563      341      2904      1118     780       1       21      0.0   0         0         root                   N/A    N/A   N/A   N/A   N/A   N/A  
507   neagent          0.0  00:00.09 2     1   47     1096K  0B    0B    507  1    sleeping *0[1]     0.00000 0.00000    501 3195     155  194      70       1165      591      299       0       0       0.0   0         0         maxieds                N/A    N/A   N/A   N/A   N/A   N/A  
506   CategoriesServic 0.0  00:00.14 2     1   41     1636K  0B    0B    506  1    sleeping  0[3]     0.00000 0.00000    501 2838     122  156      55       2324      2396     440       0       0       0.0   0         0         maxieds                N/A    N/A   N/A   N/A   N/A   N/A  
504   Keychain Circle  0.0  00:00.11 3     1   139    2820K  0B    0B    504  1    sleeping *0[1]     0.00000 0.00000    501 4629     289  868      399      2485      2647     1354      0       4       0.0   0         0         maxieds                N/A    N/A   N/A   N/A   N/A   N/A  
503   ProtectedCloudKe 0.0  00:00.12 2     1   52     1792K  8192B 0B    503  1    sleeping  0[41]    0.00000 0.00000    501 2761     162  285      180      2512      1157     763       5       25      0.0   0         0         maxieds                N/A    N/A   N/A   N/A   N/A   N/A  
502   cdpd             0.0  00:00.02 2     1   37     748K   0B    0B    502  1    sleeping  0[1]     0.00000 0.00000    501 1211     123  128      45       571       285      120       7       0       0.0   0         0         maxieds                N/A    N/A   N/A   N/A   N/A   N/A  
501   CategoriesServic 0.0  00:00.03 2     1   36     880K   0B    0B    501  1    sleeping  0[4]     0.00000 0.00000    501 1717     121  155      56       699       372      151       0       0       0.0   0         0         maxieds                N/A    N/A   N/A   N/A   N/A   N/A  
500   CategoriesServic 0.0  00:00.06 2     1   40     1156K  0B    0B    500  1    sleeping  0[4]     0.00000 0.00000    501 2183     127  161      58       1197      1426     262       0       0       0.0   0         0         maxieds                N/A    N/A   N/A   N/A   N/A   N/A  
499   CategoriesServic 0.0  00:00.57 2     1   41     2676K  0B    0B    499  1    sleeping  0[2]     0.00000 0.00000    501 5679     128  184      71       8059      7579     1777      0       0       0.0   0         0         maxieds                N/A    N/A   N/A   N/A   N/A   N/A  
497   ContextService   0.0  00:00.49 2     1   53     4364K  0B    0B    497  1    sleeping  0[10]    0.00000 0.00000    501 5180     715  249      118      2224      610      1766      1171    1       0.0   0         0         maxieds                N/A    N/A   N/A   N/A   N/A   N/A  
496   mediaremoteagent 0.0  00:00.01 2     1   31     728K   0B    0B    496  1    sleeping *1[1]     0.00000 0.00000    501 1059     124  107      46       635       244      116       0       1       0.0   0         0         maxieds                N/A    N/A   N/A   N/A   N/A   N/A  
495   APFSUserAgent    0.0  00:00.02 2     1   44     680K   0B    0B    495  1    sleeping  0[1]     0.00000 0.00000    501 1056     115  303      133      488       436      160       0       0       0.0   0         0         maxieds                N/A    N/A   N/A   N/A   N/A   N/A  
494   WirelessRadioMan 0.0  00:00.05 2     1   48     1272K  0B    0B    494  1    sleeping *0[1]     0.00000 0.00000    0   1946     199  170      82       993       333      396       4       1       0.0   0         0         root                   N/A    N/A   N/A   N/A   N/A   N/A  
493   nsurlsessiond    0.0  00:00.78 3     2   103    2172K  0B    0B    493  1    sleeping *48[3]    0.00000 0.00000    501 6753     246  417      228      19354     1165     7455      0       495     0.0   0         0         maxieds                N/A    N/A   N/A   N/A   N/A   N/A  
492   CoreLocationAgen 0.0  00:00.11 3     1   155    2988K  0B    0B    492  1    sleeping *0[1]     0.00000 0.00000    501 4365     262  702      212      2239      1719     878       0       3       0.0   0         0         maxieds                N/A    N/A   N/A   N/A   N/A   N/A  
491   fmfd             0.0  00:00.17 2     1   73     1860K  0B    0B    491  1    sleeping  0[8]     0.00000 0.00000    501 4374     260  331      128      3315      941      915       2       14      0.0   0         0         maxieds                N/A    N/A   N/A   N/A   N/A   N/A  
490   com.apple.Ambien 0.0  00:00.13 4     1   78     1400K  0B    0B    490  1    sleeping *1[1]     0.00000 0.00000    0   1827     155  904      375      2599      1782     1346      1       4       0.0   0         0         root                   N/A    N/A   N/A   N/A   N/A   N/A  
489   com.apple.FaceTi 0.0  00:00.08 2     1   42     3860K  0B    0B    489  1    sleeping  0[4]     0.00000 0.00000    501 2629     154  143      54       1017      343      437       0       0       0.0   0         0         maxieds                N/A    N/A   N/A   N/A   N/A   N/A  
488   UIKitSystem      0.0  00:00.30 2     1   87     3908K  44K   0B    488  1    sleeping *0[38]    0.00000 0.00000    501 10934    299  1531     731      7141      2658     1928      47      78      0.0   0         0         maxieds                N/A    N/A   N/A   N/A   N/A   N/A  
487   com.apple.geod   0.0  00:00.45 2     1   75     2904K  72K   0B    487  1    sleeping *4[1]     0.00000 0.00000    501 4213     249  427      1090     16484     2965     5303      5       167     0.0   0         0         maxieds                N/A    N/A   N/A   N/A   N/A   N/A  
486   familycircled    0.0  00:00.05 2     1   48     1116K  0B    0B    486  1    sleeping  0[11]    0.00000 0.00000    501 2031     154  238      75       1512      637      537       3       3       0.0   0         0         maxieds                N/A    N/A   N/A   N/A   N/A   N/A  
485   WiFiAgent        0.0  00:00.22 4     1   192    3124K  0B    0B    485  1    sleeping  0[16]    0.00000 0.00000    501 4772     280  2279     1045     4194      6008     2961      13      109     0.0   0         0         maxieds                N/A    N/A   N/A   N/A   N/A   N/A  
484   CarbonComponentS 0.0  00:00.18 2     1   40     1140K  0B    0B    484  1    sleeping  0[1]     0.00000 0.00000    501 2417     131  151      49       7004      545      481       0       0       0.0   0         0         maxieds                N/A    N/A   N/A   N/A   N/A   N/A  
483   ScreenTimeAgent  0.0  00:01.06 2     1   111    5060K  804K  0B    483  1    sleeping  0[106]   0.00000 0.00000    501 7797     356  792      361      20611     9676     4272      20      22      0.0   0         0         maxieds                N/A    N/A   N/A   N/A   N/A   N/A  
482   ScreenTimeWidget 0.0  00:01.47 4     3/1 92     5760K  0B    0B    482  1    sleeping *4[12]    0.00000 0.00000    501 14520    663  1456     665      12635     2628     2603      1008    8       0.0   0         0         maxieds                N/A    N/A   N/A   N/A   N/A   N/A  
481   StocksWidget     0.0  00:02.61 6     5/2 98     8128K  156K  0B    481  1    sleeping *4[19]    0.00000 0.00000    501 18618    843  2406     1351     22115     5462     7275      863     25      0.0   0         0         maxieds                N/A    N/A   N/A   N/A   N/A   N/A  
480   WeatherWidget    0.0  00:00.52 7     6/2 98     4320K  12K   0B    480  1    sleeping *3[7]     0.00000 0.00000    501 11357    533  435      155      3574      1134     1928      701     2       0.0   0         0         maxieds                N/A    N/A   N/A   N/A   N/A   N/A  
479   coreauthd        0.0  00:00.04 2     1   48     1276K  0B    0B    479  1    sleeping  0[4]     0.00000 0.00000    501 2007     175  922      442      955       938      255       6       0       0.0   0         0         maxieds                N/A    N/A   N/A   N/A   N/A   N/A  
478   ctkd             0.0  00:00.05 2     1   20     656K   0B    0B    478  1    sleeping  0[7]     0.00000 0.00000    259 1544     121  83       36       559       175      169       0       0       0.0   0         0         _ctkd                  N/A    N/A   N/A   N/A   N/A   N/A  
477   AudioComponentRe 0.0  00:00.07 2     1   50     912K   28K   0B    477  1    sleeping  0[2]     0.00000 0.00000    501 2202     129  151      58       1066      374      217       0       0       0.0   0         0         maxieds                N/A    N/A   N/A   N/A   N/A   N/A  
476   NewsToday2       0.0  00:01.54 8     7/2 103    8416K  12K   0B    476  1    sleeping *4[18]    0.00000 0.00000    501 20566    812  1683     859      12479     3444     4876      1101    16      0.0   0         0         maxieds                N/A    N/A   N/A   N/A   N/A   N/A  
475   WorldClockWidget 0.0  00:03.98 7     6/1 88     5720K  0B    0B    475  1    sleeping *4[6]     0.00000 0.00000    501 15626    643  1145     508      26024     1714     7331      761     0       0.0   0         0         maxieds                N/A    N/A   N/A   N/A   N/A   N/A  
474   CommCenter       0.0  00:00.95 5     1   142    3808K  0B    0B    474  1    sleeping *0[1]     0.00000 0.00000    501 10324    524  1190     589      14032     4959     5986      108     365     0.0   0         0         maxieds                N/A    N/A   N/A   N/A   N/A   N/A  
473   dmd              0.0  00:00.36 2     1   73     2488K  24K   0B    473  1    sleeping  0[10]    0.00000 0.00000    501 3806     235  315      166      5991      1529     1909      76      3       0.0   0         0         maxieds                N/A    N/A   N/A   N/A   N/A   N/A  
472   IMDPersistenceAg 0.0  00:00.23 2     1   75     2488K  60K   0B    472  1    sleeping  0[2]     0.00000 0.00000    501 4148     241  300      88       3117      825      1235      29      4       0.0   0         0         maxieds                N/A    N/A   N/A   N/A   N/A   N/A  
471   CoreServicesUIAg 0.0  00:00.11 3     1   147    3496K  0B    0B    471  1    sleeping *0[25]    0.00000 0.00000    501 4254     268  715      229      2073      1696     1003      8       1       0.0   0         0         maxieds                N/A    N/A   N/A   N/A   N/A   N/A  
470   systemsoundserve 0.0  00:00.33 3     1   115    2280K  160K  0B    470  1    sleeping *0[1]     0.00000 0.00000    0   5813     449  1914     631      4046      4124     3292      181     54      0.0   0         0         root                   N/A    N/A   N/A   N/A   N/A   N/A  
469   ctkd             0.0  00:00.10 3     2   47     1016K  0B    0B    469  1    sleeping  0[22]    0.00000 0.00000    501 2439     152  3814     1914     1192      2931     430       2       1       0.0   0         0         maxieds                N/A    N/A   N/A   N/A   N/A   N/A  
468   parsec-fbf       0.0  00:00.12 2     1   39     1112K  0B    0B    468  1    sleeping  0[0]     0.00000 0.00000    501 2572     192  168      58       1024      354      646       4       0       0.0   0         0         maxieds                N/A    N/A   N/A   N/A   N/A   N/A  
467   CallHistoryPlugi 0.0  00:00.12 2     1   66     2676K  0B    0B    467  1    sleeping  0[4]     0.00000 0.00000    501 3197     211  229      65       2242      602      534       1       2       0.0   0         0         maxieds                N/A    N/A   N/A   N/A   N/A   N/A  
466   ctkahp           0.0  00:00.07 2     1   51     748K   0B    0B    466  1    sleeping  0[5]     0.00000 0.00000    501 1877     124  176      59       1022      444      287       3       1       0.0   0         0         maxieds                N/A    N/A   N/A   N/A   N/A   N/A  
465   com.apple.quickl 0.0  00:00.61 3     1   84     1996K  128K  0B    465  1    sleeping  0[31]    0.00000 0.00000    501 7439     218  1595     836      12712     3630     3107      705     36      0.0   0         0         maxieds                N/A    N/A   N/A   N/A   N/A   N/A  
464   pbs              0.0  00:00.06 2     1   41     988K   0B    0B    464  1    sleeping  0[6]     0.00000 0.00000    501 1657     121  215      98       2043      471      372       0       2       0.0   0         0         maxieds                N/A    N/A   N/A   N/A   N/A   N/A  
463   triald           0.0  00:01.23 2     1   61     1456K  180K  0B    463  1    sleeping  0[5]     0.00000 0.00000    501 4103     182  672      335      14578     3518     3282      67      14      0.0   0         0         maxieds                N/A    N/A   N/A   N/A   N/A   N/A  
461   TextInputSwitche 0.0  00:00.18 3     1   168    5680K  0B    0B    461  1    sleeping *0[1]     0.00000 0.00000    501 5514     274  971      327      2390      2203     1177      1       2       0.0   0         0         maxieds                N/A    N/A   N/A   N/A   N/A   N/A  
460   avconferenced    0.0  00:00.21 2     1   63     5148K  0B    0B    460  1    sleeping *0[1]     0.00000 0.00000    501 4561     233  551      236      2053      726      810       102     0       0.0   0         0         maxieds                N/A    N/A   N/A   N/A   N/A   N/A  
459   callservicesd    0.0  00:00.69 3     1   313    5736K  0B    0B    459  1    sleeping *2[1]     0.00000 0.00000    501 9310     624  1754     667      8839      3798     4764      183     47      0.0   0         0         maxieds                N/A    N/A   N/A   N/A   N/A   N/A  
458   BiomeAgent       0.0  00:00.07 2     1   31     836K   0B    0B    458  1    sleeping  0[1]     0.00000 0.00000    501 1735     122  130      70       739       358      192       6       1       0.0   0         0         maxieds                N/A    N/A   N/A   N/A   N/A   N/A  
457   ctkahp           0.0  00:00.06 2     1   33     704K   0B    0B    457  1    sleeping  0[5]     0.00000 0.00000    0   1652     119  106      51       678       270      222       0       1       0.0   0         0         root                   N/A    N/A   N/A   N/A   N/A   N/A  
455   amsaccountsd     0.0  00:00.30 2     1   88     2272K  40K   0B    455  1    sleeping  0[1]     0.00000 0.00000    501 4704     288  645      157      7320      2021     3582      4       351     0.0   0         0         maxieds                N/A    N/A   N/A   N/A   N/A   N/A  
454   remindd          0.0  00:00.84 3     2   100    3940K  148K  0B    454  1    sleeping  0[6]     0.00000 0.00000    501 7868     462  481      219      13557     2007     7665      96      1256    0.0   0         0         maxieds                N/A    N/A   N/A   N/A   N/A   N/A  
453   TextInputMenuAge 0.0  00:00.32 3     1   176    10M    0B    0B    453  1    sleeping *0[229]   0.00000 0.00000    501 7441     308  2478     594      3574      6370     3023      8       2       0.0   0         0         maxieds                N/A    N/A   N/A   N/A   N/A   N/A  
452   diagnostics_agen 0.0  00:00.21 2     1   64     1464K  0B    0B    452  1    sleeping  0[0]     0.00000 0.00000    501 6149     176  270      249      4498      1367     1367      1       22      0.0   0         0         maxieds                N/A    N/A   N/A   N/A   N/A   N/A  
451   cloudpaird       0.0  00:00.22 3     2   100    1772K  0B    0B    451  1    sleeping  0[7]     0.00000 0.00000    501 5167     288  366      123      2850      831      1333      10      14      0.0   0         0         maxieds                N/A    N/A   N/A   N/A   N/A   N/A  
450   imagent          0.0  00:00.35 2     1   97     2008K  0B    0B    450  1    sleeping *0[1]     0.00000 0.00000    501 5351     291  572      199      4219      1603     2186      130     15      0.0   0         0         maxieds                N/A    N/A   N/A   N/A   N/A   N/A  
449   AirPlayUIAgent   0.0  00:00.09 3     1   147    3144K  0B    0B    449  1    sleeping *0[14]    0.00000 0.00000    501 3370     261  715      208      1744      1658     892       2       1       0.0   0         0         maxieds                N/A    N/A   N/A   N/A   N/A   N/A  
448   sharingd         0.0  00:00.60 3     1   219    6336K  84K   0B    448  1    sleeping *0[1]     0.00000 0.00000    501 14393    573  1491     570      8217      3281     3087      91      19      0.0   0         0         maxieds                N/A    N/A   N/A   N/A   N/A   N/A  
446   askpermissiond   0.0  00:00.22 2     1   66     2028K  20K   0B    446  1    sleeping  0[1]     0.00000 0.00000    501 4130     244  528      111      5977      1737     3179      1       348     0.0   0         0         maxieds                N/A    N/A   N/A   N/A   N/A   N/A  
445   icdd             0.0  00:00.10 2     1   62     1048K  0B    0B    445  1    sleeping *0[1]     0.00000 0.00000    501 2242     166  499      218      1267      716      503       2       1       0.0   0         0         maxieds                N/A    N/A   N/A   N/A   N/A   N/A  
443   imklaunchagent   0.0  00:00.06 2     1   85     1600K  0B    0B    443  1    sleeping *0[1]     0.00000 0.00000    501 2585     188  338      122      1611      842      522       9       2       0.0   0         0         maxieds                N/A    N/A   N/A   N/A   N/A   N/A  
440   ContextStoreAgen 0.0  00:00.40 2     1   75     2348K  256K  0B    440  1    sleeping  0[4]     0.00000 0.00000    501 5285     239  430      216      5518      1455     1913      2       26      0.0   0         0         maxieds                N/A    N/A   N/A   N/A   N/A   N/A  
439   corespeechd      0.0  00:00.31 3     1   138    1732K  0B    0B    439  1    sleeping *0[1]     0.00000 0.00000    501 3586     301  738      2095     11098     3888     3984      29      1       0.0   0         0         maxieds                N/A    N/A   N/A   N/A   N/A   N/A  
438   fileproviderd    0.0  00:00.33 2     1   74     1844K  0B    0B    438  1    sleeping  0[40]    0.00000 0.00000    501 4831     269  661      316      5453      1426     1770      40      26      0.0   0         0         maxieds                N/A    N/A   N/A   N/A   N/A   N/A  
437   com.apple.dock.e 0.0  00:00.68 3     1   168    10M    0B    0B    437  1    sleeping *0[14]    0.00000 0.00000    501 12205    372  1388     643      22515     2266     3122      1956    4       0.0   0         0         maxieds                N/A    N/A   N/A   N/A   N/A   N/A  
436   useractivityd    0.0  00:00.15 2     1   81     1268K  0B    0B    436  1    sleeping  0[100]   0.00000 0.00000    501 3094     186  220      181      2763      774      1250      8       60      0.0   0         0         maxieds                N/A    N/A   N/A   N/A   N/A   N/A  
435   fontworker       0.0  00:01.01 2     1   41     1012K  0B    0B    435  1    sleeping *0[1]     0.00000 0.00000    501 3754     137  190      75       20824     476      3393      228     1       0.0   0         0         maxieds                N/A    N/A   N/A   N/A   N/A   N/A  
434   CalNCService     0.0  00:00.37 2     1   110    4912K  0B    0B    434  1    sleeping  0[27]    0.00000 0.00000    501 5500     296  758      279      4747      1667     2134      11      4       0.0   0         0         maxieds                N/A    N/A   N/A   N/A   N/A   N/A  
433   identityservices 0.0  00:00.64 6     1   179    3288K  20K   0B    433  1    sleeping *0[1]     0.00000 0.00000    501 11472    468  1260     630      12538     5004     4618      77      36      0.0   0         0         maxieds                N/A    N/A   N/A   N/A   N/A   N/A  
432   fontd            0.0  00:00.36 2     1   61     2856K  128K  0B    432  1    sleeping  0[15]    0.00000 0.00000    501 3937     138  253      118      4970      2232     1759      1       5       0.0   0         0         maxieds                N/A    N/A   N/A   N/A   N/A   N/A  
431   bird             0.0  00:00.22 2     1   59     1096K  0B    0B    431  1    sleeping  0[14]    0.00000 0.00000    501 3334     171  795      373      2947      1112     1051      68      4       0.0   0         0         maxieds                N/A    N/A   N/A   N/A   N/A   N/A  
430   iconservicesagen 0.0  00:00.20 2     1   76     11M    0B    0B    430  1    sleeping  0[10]    0.00000 0.00000    501 6124     204  605      279      10532     898      923       214     3       0.0   0         0         maxieds                N/A    N/A   N/A   N/A   N/A   N/A  
429   com.apple.hiserv 0.0  00:00.34 2     1   56     704K   0B    0B    429  1    sleeping  0[15]    0.00000 0.00000    501 1129     117  235      4722     5865      497      6820      0       3       0.0   0         0         maxieds                N/A    N/A   N/A   N/A   N/A   N/A  
428   parsecd          0.0  00:00.31 2     1   75     2860K  8192B 0B    428  1    sleeping *7[1]     0.00000 0.00000    501 5631     396  455      174      4526      1089     1637      38      103     0.0   0         0         maxieds                N/A    N/A   N/A   N/A   N/A   N/A  
427   AMPDeviceDiscove 0.0  00:00.10 4     2   242    1796K  0B    0B    427  1    sleeping  0[1]     0.00000 0.00000    501 2674     283  1237     609      1607      1539     702       51      6       0.0   0         0         maxieds                N/A    N/A   N/A   N/A   N/A   N/A  
426   NotificationCent 0.0  00:02.06 4     2   264    20M    0B    0B    426  1    sleeping *0[334]   0.00000 0.00000    501 14487    724  3977     1543     17051     11842    11810     446     116     0.0   0         0         maxieds                N/A    N/A   N/A   N/A   N/A   N/A  
425   routined         0.0  00:00.64 2     1   102    4492K  276K  0B    425  1    sleeping  0[6]     0.00000 0.00000    501 6091     272  531      181      9023      3060     2672      122     35      0.0   0         0         maxieds                N/A    N/A   N/A   N/A   N/A   N/A  
422   sharedfilelistd  0.0  00:00.16 3     2   62     1380K  0B    0B    422  1    sleeping  0[28]    0.00000 0.00000    501 2980     174  438      188      3208      1051     745       4       3       0.0   0         0         maxieds                N/A    N/A   N/A   N/A   N/A   N/A  
421   automountd       0.0  00:00.03 5     2   28     816K   0B    0B    421  1    sleeping *0[1]     0.00000 0.00000    0   1544     242  118      72       1107      424      295       0       17      0.0   0         0         root                   N/A    N/A   N/A   N/A   N/A   N/A  
420   donotdisturbd    0.0  00:00.44 2     1   105    3324K  0B    0B    420  1    sleeping  0[9]     0.00000 0.00000    501 6286     295  433      159      5067      2314     2223      72      4       0.0   0         0         maxieds                N/A    N/A   N/A   N/A   N/A   N/A  
419   AppSSOAgent      0.0  00:00.17 3     1   161    6040K  0B    0B    419  1    sleeping *0[16]    0.00000 0.00000    501 5109     273  748      258      2246      1745     1215      13      1       0.0   0         0         maxieds                N/A    N/A   N/A   N/A   N/A   N/A  
418   contactsd        0.0  00:00.31 2     1   77     1676K  0B    0B    418  1    sleeping  0[123]   0.00000 0.00000    501 3354     178  1066     672      6709      3752     2724      1       9       0.0   0         0         maxieds                N/A    N/A   N/A   N/A   N/A   N/A  
417   cloudd           0.0  00:00.92 2     1   99     2820K  104K  0B    417  1    sleeping *6[2]     0.00000 0.00000    501 10359    257  2345     1234     21731     7812     6162      119     153     0.0   0         0         maxieds                N/A    N/A   N/A   N/A   N/A   N/A  
416   rapportd         0.0  00:00.23 2     1   117    1768K  0B    0B    416  1    sleeping *0[1]     0.00000 0.00000    501 4479     249  574      231      2714      1451     1449      127     7       0.0   0         0         maxieds                N/A    N/A   N/A   N/A   N/A   N/A  
415   distnoted        0.0  00:00.04 2     1   29     404K   0B    0B    415  1    sleeping *0[1]     0.00000 0.00000    55  1218     86   98       62       511       278      140       0       0       0.0   0         0         _appleevents           N/A    N/A   N/A   N/A   N/A   N/A  
414   Spotlight        0.0  00:01.01 4     1   205    9684K  20K   0B    414  1    sleeping *0[52]    0.00000 0.00000    501 12970    484  2363     903      9091      6310     5834      389     91      0.0   0         0         maxieds                N/A    N/A   N/A   N/A   N/A   N/A  
413   CalendarAgent    0.0  00:01.03 2     1   137    6568K  332K  0B    413  1    sleeping *1[26]    0.00000 0.00000    501 9405     324  815      424      15360     3178     4743      185     16      0.0   0         0         maxieds                N/A    N/A   N/A   N/A   N/A   N/A  
412   usernoted        0.0  00:00.53 2     1   139    2132K  60K   0B    412  1    sleeping *0[1]     0.00000 0.00000    501 4912     236  542      414      8398      1738     2184      13      4       0.0   0         0         maxieds                N/A    N/A   N/A   N/A   N/A   N/A  
411   accountsd        0.0  00:00.59 2     1   52     1740K  104K  0B    411  1    sleeping  0[382]   0.00000 0.00000    501 2873     148  1290     1317     12143     6384     3740      114     28      0.0   0         0         maxieds                N/A    N/A   N/A   N/A   N/A   N/A  
410   containermanager 0.0  00:00.36 2     1   40     2952K  0B    0B    410  1    sleeping  0[166]   0.00000 0.00000    501 3996     164  922      605      6433      2290     2856      0       1       0.0   0         0         maxieds                N/A    N/A   N/A   N/A   N/A   N/A  
409   siriactionsd     0.0  00:00.47 2     1   98     2372K  64K   0B    409  1    sleeping  0[8]     0.00000 0.00000    501 6122     286  572      236      5425      2063     2374      215     19      0.0   0         0         maxieds                N/A    N/A   N/A   N/A   N/A   N/A  
408   filecoordination 0.0  00:00.16 2     1   60     1140K  0B    0B    408  1    sleeping *0[1]     0.00000 0.00000    0   2593     146  815      567      3960      2218     1225      3       16      0.0   0         0         root                   N/A    N/A   N/A   N/A   N/A   N/A  
407   syncdefaultsd    0.0  00:00.24 2     1   74     2908K  128K  0B    407  1    sleeping  0[17]    0.00000 0.00000    501 3755     215  590      320      5079      1714     1484      38      14      0.0   0         0         maxieds                N/A    N/A   N/A   N/A   N/A   N/A  
406   secinitd         0.0  00:00.22 2     1   37     1004K  0B    0B    406  1    sleeping  0[3]     0.00000 0.00000    501 2641     129  606      265      5747      1229     673       0       2       0.0   0         0         maxieds                N/A    N/A   N/A   N/A   N/A   N/A  
405   pkd              0.0  00:00.82 2     1   77     2100K  0B    0B    405  1    sleeping  0[26]    0.00000 0.00000    501 5480     165  1680     384      12155     3942     3795      0       30      0.0   0         0         maxieds                N/A    N/A   N/A   N/A   N/A   N/A  
404   QuickLookUIServi 0.0  00:00.11 3     1   146    2928K  0B    0B    404  1    sleeping  0[37]    0.00000 0.00000    501 4203     284  797      226      2175      1920     925       11      4       0.0   0         0         maxieds                N/A    N/A   N/A   N/A   N/A   N/A  
403   CloudKeychainPro 0.0  00:00.04 2     1   51     1148K  0B    0B    403  1    sleeping  0[1]     0.00000 0.00000    501 2031     150  182      71       990       402      269       6       0       0.0   0         0         maxieds                N/A    N/A   N/A   N/A   N/A   N/A  
401   pboard           0.0  00:00.11 2     1   57     668K   0B    0B    401  1    sleeping *0[1]     0.00000 0.00000    501 2286     115  510      414      3301      1396     1071      29      10      0.0   0         0         maxieds                N/A    N/A   N/A   N/A   N/A   N/A  
400   trustd           0.0  00:01.61 2     1   91     2896K  252K  0B    400  1    sleeping  0[229]   0.00000 0.00000    501 4507     187  844      723      20182     7802     4353      0       49      0.0   0         0         maxieds                N/A    N/A   N/A   N/A   N/A   N/A  
399   backgroundtaskma 0.0  00:00.04 2     1   50     1020K  0B    0B    399  1    sleeping  0[3]     0.00000 0.00000    501 1653     138  171      56       960       372      289       0       0       0.0   0         0         maxieds                N/A    N/A   N/A   N/A   N/A   N/A  
398   ViewBridgeAuxili 0.0  00:00.81 2     1   169    2060K  0B    0B    398  1    sleeping  0[4725]  0.00000 0.00000    501 2907     181  14468    5063     11661     43337    15317     0       23      0.0   0         0         maxieds                N/A    N/A   N/A   N/A   N/A   N/A  
397   itunescloudd     0.0  00:00.33 2     1   93     2392K  0B    0B    397  1    sleeping *1[1]     0.00000 0.00000    501 5472     285  878      247      3589      1635     2305      239     59      0.0   0         0         maxieds                N/A    N/A   N/A   N/A   N/A   N/A  
396   tccd             0.0  00:01.18 2     1   53     1292K  28K   0B    396  1    sleeping  0[165]   0.00000 0.00000    501 4506     164  1588     1498     43060     7145     4292      0       28      0.0   0         0         maxieds                N/A    N/A   N/A   N/A   N/A   N/A  
395   secd             0.0  00:00.38 2     1   129    2956K  340K  0B    395  1    sleeping *0[1]     0.00000 0.00000    501 4661     309  942      524      6903      2670     1951      63      22      0.0   0         0         maxieds                N/A    N/A   N/A   N/A   N/A   N/A  
394   csnameddatad     0.0  00:00.01 2     1   41     624K   0B    0B    394  1    sleeping  0[17]    0.00000 0.00000    501 811      104  137      72       544       293      93        0       1       0.0   0         0         maxieds                N/A    N/A   N/A   N/A   N/A   N/A  
390   lsd              0.0  00:00.64 2     1   278    1540K  0B    0B    390  1    sleeping  0[608]   0.00000 0.00000    501 9074     205  3229     2310     15420     8097     5474      1444    46      0.0   0         0         maxieds                N/A    N/A   N/A   N/A   N/A   N/A  
389   SystemUIServer   0.0  00:00.82 4     2   238    9552K  64K   0B    389  1    sleeping *0[101]   0.00000 0.00000    501 10813    435  5249     1978     22514     7937     4969      810     48      0.0   0         0         maxieds                N/A    N/A   N/A   N/A   N/A   N/A  
388   ControlCenter    0.0  00:07.14 4     1   481    33M    0B    0B    388  1    sleeping *0[266]   0.00000 0.00000    501 25969    968  27869    6045     25602     59639    31051     1002    1016    0.0   0         0         maxieds                N/A    N/A   N/A   N/A   N/A   N/A  
387   talagent         0.0  00:00.13 2     1   127    2932K  0B    0B    387  1    sleeping *0[1]     0.00000 0.00000    501 3989     266  911      388      2589      2357     1429      2       2       0.0   0         0         maxieds                N/A    N/A   N/A   N/A   N/A   N/A  
386   Dock             0.0  00:02.07 3     1   287    30M    3144K 0B    386  1    sleeping *1[178]   0.00000 0.00000    501 55693    495  5745     1103     17286     14685    14595     7121    106     0.0   0         0         maxieds                N/A    N/A   N/A   N/A   N/A   N/A  
385   knowledge-agent  0.0  00:01.30 2     1   125    5948K  500K  0B    385  1    sleeping  0[60]    0.00000 0.00000    501 10862    351  874      487      25791     5228     4866      17      34      0.0   0         0         maxieds                N/A    N/A   N/A   N/A   N/A   N/A  
384   universalaccessd 0.0  00:00.29 3     1   190    3104K  0B    0B    384  1    sleeping *1[35]    0.00000 0.00000    501 4033     256  3518     1261     6611      7970     6604      17      70      0.0   0         0         maxieds                N/A    N/A   N/A   N/A   N/A   N/A  
382   gamecontrollerd  0.0  00:00.28 3     2   59     1068K  0B    0B    382  1    sleeping  0[3]     0.00000 0.00000    247 2772     156  1187     199      8419      3855     5870      13      504     0.0   0         0         _gamecontrollerd       N/A    N/A   N/A   N/A   N/A   N/A  
381   UserEventAgent   0.0  00:00.66 2     1   370    2432K  0B    0B    381  1    sleeping *0[1]     0.00000 0.00000    501 5545     243  4450     2433     15309     6724     4224      5       24      0.0   0         0         maxieds                N/A    N/A   N/A   N/A   N/A   N/A  
380   securityd_servic 0.0  00:00.11 2     1   27     568K   0B    0B    380  1    sleeping *0[1]     0.00000 0.00000    0   1334     105  126      55       430       210      145       0       0       0.0   0         0         root                   N/A    N/A   N/A   N/A   N/A   N/A  
379   cfprefsd         0.0  00:03.70 2     1   311    756K   344K  0B    379  1    sleeping  0[1169]  0.00000 0.00000    501 4344     89   5794     6510     110947    20661    23380     0       133     0.0   0         0         maxieds                N/A    N/A   N/A   N/A   N/A   N/A  
378   distnoted        0.0  00:00.72 2     1   238    648K   0B    0B    378  1    sleeping *0[1]     0.00000 0.00000    501 1519     87   1398     5133     35330     11650    6181      0       0       0.0   0         0         maxieds                N/A    N/A   N/A   N/A   N/A   N/A  
376   coreauthd        0.0  00:00.06 2     1   41     1216K  0B    0B    376  1    sleeping  0[6]     0.00000 0.00000    0   1931     167  903      449      924       853      309       26      0       0.0   0         0         root                   N/A    N/A   N/A   N/A   N/A   N/A  
372   systemstats      0.0  00:00.05 3     1   123    1352K  0B    0B    108  108  sleeping  0[0]     0.00000 0.00000    0   1487     187  813      456      1200      1149     831       0       10      0.0   0         0         root                   N/A    N/A   N/A   N/A   N/A   N/A  
371   AppleCameraAssis 0.0  00:00.04 4     1   72     804K   0B    0B    371  1    sleeping *0[1]     0.00000 0.00000    262 1070     130  999      401      1164      1703     492       2       0       0.0   0         0         _cmiodalassistants     N/A    N/A   N/A   N/A   N/A   N/A  
370   GSSCred          0.0  00:00.04 3     2   37     884K   0B    0B    370  1    sleeping *0[1]     0.00000 0.00000    0   2152     141  112      55       1048      275      164       1       1       0.0   0         0         root                   N/A    N/A   N/A   N/A   N/A   N/A  
367   sysmond          0.0  00:00.99 2     1   17     580K   0B    0B    367  1    sleeping  0[18]    0.00000 0.00000    0   1163     105  62396    38061    60100     60487    15671     2       12      0.0   0         0         root                   N/A    N/A   N/A   N/A   N/A   N/A  
366   com.apple.hiserv 0.0  00:00.32 2     1   39     676K   0B    0B    366  1    sleeping  0[2]     0.00000 0.00000    0   1019     117  161      4692     5421      310      7005      0       2       0.0   0         0         root                   N/A    N/A   N/A   N/A   N/A   N/A  
365   symptomsd-diag   0.0  00:00.12 3     2   44     1320K  0B    0B    365  1    sleeping  0[0]     0.00000 0.00000    0   2530     167  127      48       1350      296      767       45      1       0.0   0         0         root                   N/A    N/A   N/A   N/A   N/A   N/A  
364   com.apple.Accoun 0.0  00:00.01 2     1   20     740K   0B    0B    364  1    sleeping  0[18]    0.00000 0.00000    0   961      107  129      105      865       422      150       1       4       0.0   0         0         root                   N/A    N/A   N/A   N/A   N/A   N/A  
362   bootinstalld     0.0  00:00.03 2     1   30     856K   0B    0B    362  1    sleeping  0[1]     0.00000 0.00000    0   2096     149  84       34       793       177      33        1       0       0.0   0         0         root                   N/A    N/A   N/A   N/A   N/A   N/A  
361   ViewBridgeAuxili 0.0  00:00.71 2     1   68     1748K  0B    0B    361  1    sleeping  0[4619]  0.00000 0.00000    0   2479     171  14228    4778     10432     42356    12765     0       15      0.0   0         0         root                   N/A    N/A   N/A   N/A   N/A   N/A  
358   wifianalyticsd   0.0  00:00.13 5     4   59     1712K  0B    0B    358  1    sleeping  0[9]     0.00000 0.00000    0   3309     217  235      117      1770      664      743       5       0       0.0   0         0         root                   N/A    N/A   N/A   N/A   N/A   N/A  
357   appleeventsd     0.0  00:00.12 2     1   95     704K   0B    0B    357  1    sleeping  0[30]    0.00000 0.00000    55  2160     131  847      432      2644      2073     1189      0       17      0.0   0         0         _appleevents           N/A    N/A   N/A   N/A   N/A   N/A  
356   colorsyncd       0.0  00:00.05 2     1   30     672K   0B    0B    356  1    sleeping  0[37]    0.00000 0.00000    0   1619     116  113      73       1071      276      373       0       0       0.0   0         0         root                   N/A    N/A   N/A   N/A   N/A   N/A  
355   colorsync.displa 0.0  00:00.05 2     1   43     928K   0B    0B    355  1    sleeping  0[7]     0.00000 0.00000    0   1194     120  210      56       1334      543      1197      1       0       0.0   0         0         root                   N/A    N/A   N/A   N/A   N/A   N/A  
352   WiFiCloudAssetsX 0.0  00:00.02 2     1   25     996K   0B    0B    352  1    sleeping  0[1]     0.00000 0.00000    0   1729     155  96       45       748       198      190       0       0       0.0   0         0         root                   N/A    N/A   N/A   N/A   N/A   N/A  
351   secinitd         0.0  00:00.07 2     1   35     912K   0B    0B    351  1    sleeping  0[2]     0.00000 0.00000    0   1869     128  151      66       1192      320      181       0       0       0.0   0         0         root                   N/A    N/A   N/A   N/A   N/A   N/A  
350   distnoted        0.0  00:00.05 2     1   29     420K   0B    0B    350  1    sleeping *0[1]     0.00000 0.00000    88  1224     86   98       74       571       302      117       0       0       0.0   0         0         _windowserver          N/A    N/A   N/A   N/A   N/A   N/A  
348   hidd             0.0  00:00.03 2     1   30     660K   0B    0B    348  1    sleeping *0[1]     0.00000 0.00000    261 844      105  576      417      1727      2156     822       0       0       0.0   0         0         _hidd                  N/A    N/A   N/A   N/A   N/A   N/A  
347   BlueTool         0.0  00:00.02 2     1   31     704K   0B    0B    347  1    sleeping  0[3]     0.00000 0.00000    0   934      114  122      71       508       272      86        1       0       0.0   0         0         root                   N/A    N/A   N/A   N/A   N/A   N/A  
336   distnoted        0.0  00:00.04 2     1   29     412K   0B    0B    336  1    sleeping *0[1]     0.00000 0.00000    278 1216     86   99       74       572       302      172       0       0       0.0   0         0         _accessoryupdater      N/A    N/A   N/A   N/A   N/A   N/A  
334   siriinferenced   0.0  00:00.08 2     1   33     1196K  0B    0B    334  1    sleeping  0[2]     0.00000 0.00000    0   2588     192  98       49       903       204      381       162     3       0.0   0         0         root                   N/A    N/A   N/A   N/A   N/A   N/A  
333   com.apple.Mobile 0.0  00:00.17 2     1   34     944K   0B    0B    333  1    sleeping  0[0]     0.00000 0.00000    0   1519     163  6349     3165     1301      5309     434       3       6       0.0   0         0         root                   N/A    N/A   N/A   N/A   N/A   N/A  
332   UVCAssistant     0.0  00:00.07 2     1   59     1268K  0B    0B    332  1    sleeping *0[1]     0.00000 0.00000    262 2220     154  248      108      1209      553      326       23      2       0.0   0         0         _cmiodalassistants     N/A    N/A   N/A   N/A   N/A   N/A  
331   XProtectPluginSe 0.0  00:01.26 2     1   37     1156K  0B    0B    331  1    sleeping  0[0]     0.00000 0.00000    0   15064    165  369      130      33702     27684    4570      30      13      0.0   0         0         root                   N/A    N/A   N/A   N/A   N/A   N/A  
330   distnoted        0.0  00:00.02 2     1   29     412K   0B    0B    330  1    sleeping *0[1]     0.00000 0.00000    262 1208     86   99       75       577       302      81        0       0       0.0   0         0         _cmiodalassistants     N/A    N/A   N/A   N/A   N/A   N/A  
329   sysextd          0.0  00:00.09 2     1   33     1064K  0B    0B    329  1    sleeping  0[0]     0.00000 0.00000    0   2174     187  110      49       889       271      138       4       2       0.0   0         0         root                   N/A    N/A   N/A   N/A   N/A   N/A  
327   distnoted        0.0  00:00.05 2     1   30     404K   0B    0B    327  1    sleeping *0[1]     0.00000 0.00000    89  1219     87   130      150      912       465      184       0       0       0.0   0         0         _spotlight             N/A    N/A   N/A   N/A   N/A   N/A  
319   thermald         0.0  00:00.02 2     1   33     664K   0B    0B    319  1    sleeping *0[1]     0.00000 0.00000    0   1015     121  166      59       785       249      193       3       0       0.0   0         0         root                   N/A    N/A   N/A   N/A   N/A   N/A  
318   com.apple.AppleU 0.0  00:00.25 2     1   138    716K   0B    0B    318  1    sleeping  0[1]     0.00000 0.00000    270 3534     57   3511     2212     2150      4289     1849      35      0       0.0   0         0         _driverkit             N/A    N/A   N/A   N/A   N/A   N/A  
313   distnoted        0.0  00:00.05 2     1   29     412K   0B    0B    313  1    sleeping *0[1]     0.00000 0.00000    242 1206     86   98       77       585       305      137       0       0       0.0   0         0         _nsurlsessiond         N/A    N/A   N/A   N/A   N/A   N/A  
311   FindMyMacd       0.0  00:00.01 2     1   29     600K   0B    0B    311  1    sleeping *0[1]     0.00000 0.00000    0   822      119  92       43       463       166      77        0       0       0.0   0         0         root                   N/A    N/A   N/A   N/A   N/A   N/A  
310   suhelperd        0.0  00:00.03 2     1   33     896K   0B    0B    310  1    sleeping  0[5]     0.00000 0.00000    0   1553     156  101      47       718       237      246       0       0       0.0   0         0         root                   N/A    N/A   N/A   N/A   N/A   N/A  
309   distnoted        0.0  00:00.05 2     1   29     412K   0B    0B    309  1    sleeping *0[1]     0.00000 0.00000    200 1215     86   98       79       592       311      315       0       0       0.0   0         0         _softwareupdate        N/A    N/A   N/A   N/A   N/A   N/A  
308   com.apple.audio. 0.0  00:00.02 2     1   20     616K   0B    0B    308  1    sleeping  0[5]     0.00000 0.00000    202 784      102  117      59       583       249      76        0       0       0.0   0         0         _coreaudiod            N/A    N/A   N/A   N/A   N/A   N/A  
306   com.apple.audio. 0.0  00:00.07 2     1   23     3320K  0B    0B    306  1    sleeping  0[2]     0.00000 0.00000    202 1800     128  108      44       661       228      83        0       0       0.0   0         0         _coreaudiod            N/A    N/A   N/A   N/A   N/A   N/A  
305   AudioComponentRe 0.0  00:00.10 2     1   34     812K   24K   0B    305  1    sleeping  0[6]     0.00000 0.00000    0   2040     125  144      78       974       407      202       10      0       0.0   0         0         root                   N/A    N/A   N/A   N/A   N/A   N/A  
304   socketfilterfw   0.0  00:00.24 3     1   50     1080K  0B    0B    304  1    sleeping *0[1]     0.00000 0.00000    0   2222     131  203      70       6633      910      885       0       1       0.0   0         0         root                   N/A    N/A   N/A   N/A   N/A   N/A  
302   ReportCrash      0.0  00:00.02 3     1   31     796K   0B    0B    302  1    sleeping *0[1]     0.00000 0.00000    0   1240     142  98       45       535       232      130       8       1       0.0   0         0         root                   N/A    N/A   N/A   N/A   N/A   N/A  
301   softwareupdated  0.0  00:00.63 2     1   84     2436K  0B    0B    301  1    sleeping  0[20]    0.00000 0.00000    200 5175     267  387      159      3989      893      2897      340     0       0.0   0         0         _softwareupdate        N/A    N/A   N/A   N/A   N/A   N/A  
300   osanalyticshelpe 0.0  00:00.05 2     1   37     1008K  0B    0B    300  1    sleeping  0[2]     0.00000 0.00000    0   1342     142  154      82       1471      441      417       6       1       0.0   0         0         root                   N/A    N/A   N/A   N/A   N/A   N/A  
273   searchpartyd     0.0  00:00.26 2     1   50     1840K  0B    0B    273  1    sleeping  0[6]     0.00000 0.00000    0   3864     302  201      82       1873      559      1340      61      1       0.0   0         0         root                   N/A    N/A   N/A   N/A   N/A   N/A  
272   backupd-helper   0.0  00:00.03 3     2   61     892K   0B    0B    272  1    sleeping  0[0]     0.00000 0.00000    0   1273     139  180      84       829       407      268       1       4       0.0   0         0         root                   N/A    N/A   N/A   N/A   N/A   N/A  
262   containermanager 0.0  00:00.09 2     1   38     968K   0B    0B    262  1    sleeping  0[4]     0.00000 0.00000    205 2067     162  152      63       1027      344      308       0       0       0.0   0         0         _locationd             N/A    N/A   N/A   N/A   N/A   N/A  
258   systemstatusd    0.0  00:00.06 2     1   40     684K   0B    0B    258  1    sleeping  0[5]     0.00000 0.00000    0   1697     122  91       52       779       204      294       5       1       0.0   0         0         root                   N/A    N/A   N/A   N/A   N/A   N/A  
256   trustd           0.0  00:00.12 2     1   36     2260K  0B    0B    256  1    sleeping  0[1]     0.00000 0.00000    205 2622     154  175      64       3116      478      411       0       2       0.0   0         0         _locationd             N/A    N/A   N/A   N/A   N/A   N/A  
255   cfprefsd         0.0  00:00.02 2     1   34     516K   0B    0B    255  1    sleeping  0[19]    0.00000 0.00000    205 670      88   140      66       654       367      118       0       0       0.0   0         0         _locationd             N/A    N/A   N/A   N/A   N/A   N/A  
254   VDCAssistant     0.0  00:00.10 2     1   53     1340K  0B    0B    254  1    sleeping *0[1]     0.00000 0.00000    262 2070     145  342      141      932       686      475       25      4       0.0   0         0         _cmiodalassistants     N/A    N/A   N/A   N/A   N/A   N/A  
253   usbd             0.0  00:00.05 2     1   48     800K   0B    0B    253  1    sleeping  0[0]     0.00000 0.00000    0   1887     129  380      226      722       721      217       0       0       0.0   0         0         root                   N/A    N/A   N/A   N/A   N/A   N/A  
252   secinitd         0.0  00:00.08 2     1   36     864K   0B    0B    252  1    sleeping  0[1]     0.00000 0.00000    205 1926     129  157      58       953       346      270       3       0       0.0   0         0         _locationd             N/A    N/A   N/A   N/A   N/A   N/A  
251   apfsd            0.0  00:00.04 2     1   43     644K   0B    0B    251  1    sleeping *0[1]     0.00000 0.00000    0   975      111  1043     453      402       1159     339       0       1       0.0   0         0         root                   N/A    N/A   N/A   N/A   N/A   N/A  
250   com.apple.ifdrea 0.0  00:00.03 2     1   32     780K   0B    0B    250  1    sleeping  0[2]     0.00000 0.00000    0   1014     114  122      60       480       213      89        0       0       0.0   0         0         root                   N/A    N/A   N/A   N/A   N/A   N/A  
249   com.apple.geod   0.0  00:00.65 2     1   64     3408K  32K   0B    249  1    sleeping *2[1]     0.00000 0.00000    205 4854     248  393      1074     15419     2990     6030      246     11      0.0   0         0         _locationd             N/A    N/A   N/A   N/A   N/A   N/A  
248   distnoted        0.0  00:00.05 2     1   32     404K   0B    0B    248  1    sleeping *0[1]     0.00000 0.00000    205 1238     87   100      82       649       318      303       0       0       0.0   0         0         _locationd             N/A    N/A   N/A   N/A   N/A   N/A  
247   amfid            0.0  00:00.04 2     1   38     1076K  0B    0B    247  1    sleeping *0[1]     0.00000 0.00000    0   1390     115  111      59       820       300      186       1       0       0.0   0         0         root                   N/A    N/A   N/A   N/A   N/A   N/A  
246   com.apple.audio. 0.0  00:00.41 3     1   357    880K   0B    0B    246  1    sleeping  0[2189]  0.00000 0.00000    202 1276     124  3380     3087     14761     9521     4863      0       0       0.0   0         0         _coreaudiod            N/A    N/A   N/A   N/A   N/A   N/A  
242   distnoted        0.0  00:00.05 2     1   29     412K   0B    0B    242  1    sleeping *0[1]     0.00000 0.00000    202 1203     86   98       79       594       309      260       0       0       0.0   0         0         _coreaudiod            N/A    N/A   N/A   N/A   N/A   N/A  
240   csnameddatad     0.0  00:00.01 2     1   23     564K   0B    0B    240  1    sleeping  0[2]     0.00000 0.00000    0   755      104  98       42       432       197      67        0       0       0.0   0         0         root                   N/A    N/A   N/A   N/A   N/A   N/A  
237   awdd             0.0  00:00.15 2     1   77     1112K  24K   0B    237  1    sleeping  0[20]    0.00000 0.00000    0   1816     146  245      128      2913      694      1090      17      1       0.0   0         0         root                   N/A    N/A   N/A   N/A   N/A   N/A  
236   mobileassetd     0.0  00:05.38 2     1   84     1476K  0B    0B    236  1    sleeping  0[17]    0.00000 0.00000    0   34105    213  8305     295      39260     9195     14970     32      995     0.0   0         0         root                   N/A    N/A   N/A   N/A   N/A   N/A  
235   backupd          0.0  00:00.19 3     2   48     1204K  0B    0B    235  1    sleeping *0[1]     0.00000 0.00000    0   2007     216  137      87       1006      351      1060      41      5       0.0   0         0         root                   N/A    N/A   N/A   N/A   N/A   N/A  
231   lsd              0.0  00:00.28 3     2   78     1116K  0B    0B    231  1    sleeping  0[56]    0.00000 0.00000    0   5318     146  592      413      4198      1450     1770      1849    8       0.0   0         0         root                   N/A    N/A   N/A   N/A   N/A   N/A  
223   analyticsd       0.0  00:03.19 2     1   291    2128K  3712K 0B    223  1    sleeping *22[3]    0.00000 0.00000    263 9403     167  6073     3961     54545     20464    14780     67      74      0.0   0         0         _analyticsd            N/A    N/A   N/A   N/A   N/A   N/A  
222   com.apple.CodeSi 0.0  00:00.17 2     1   20     620K   0B    0B    222  1    sleeping  0[66]    0.00000 0.00000    0   1976     111  275      298      7532      911      825       0       8       0.0   0         0         root                   N/A    N/A   N/A   N/A   N/A   N/A  
219   findmydeviced    0.0  00:00.15 2     1   62     1588K  0B    0B    219  1    sleeping  0[2]     0.00000 0.00000    0   2786     250  269      110      1660      673      1087      92      13      0.0   0         0         root                   N/A    N/A   N/A   N/A   N/A   N/A  
218   mDNSResponder    0.0  00:00.37 3     1   124    1176K  0B    0B    218  1    sleeping *0[1]     0.00000 0.00000    65  2638     159  1341     694      12001     3339     4436      22      87      0.0   0         0         _mdnsresponder         N/A    N/A   N/A   N/A   N/A   N/A  
216   symptomsd        0.0  00:00.33 2     1   77     2252K  128K  0B    216  1    sleeping  0[52]    0.00000 0.00000    24  3417     199  392      196      5744      1286     2096      110     13      0.0   0         0         _networkd              N/A    N/A   N/A   N/A   N/A   N/A  
215   nehelper         0.0  00:00.73 2     1   75     1356K  0B    0B    215  1    sleeping  0[44]    0.00000 0.00000    0   3342     152  344      157      3994      787      1783      37      7       0.0   0         0         root                   N/A    N/A   N/A   N/A   N/A   N/A  
214   PowerUIAgent     0.0  00:00.08 2     1   36     832K   0B    0B    214  1    sleeping *0[1]     0.00000 0.00000    0   1602     137  115      69       795       264      399       96      0       0.0   0         0         root                   N/A    N/A   N/A   N/A   N/A   N/A  
213   contextstored    0.0  00:01.56 2     1   105    2504K  404K  0B    213  1    sleeping  0[316]   0.00000 0.00000    0   9398     217  3763     2564     29528     13785    14568     265     536     0.0   0         0         root                   N/A    N/A   N/A   N/A   N/A   N/A  
212   PlugInLibrarySer 0.0  00:00.01 2     1   22     604K   0B    0B    212  1    sleeping  0[3]     0.00000 0.00000    0   728      103  85       41       395       161      70        0       0       0.0   0         0         root                   N/A    N/A   N/A   N/A   N/A   N/A  
211   containermanager 0.0  00:00.13 2     1   34     976K   0B    0B    211  1    sleeping  0[21]    0.00000 0.00000    0   2100     157  153      91       1417      426      628       5       1       0.0   0         0         root                   N/A    N/A   N/A   N/A   N/A   N/A  
209   diskmanagementd  0.0  00:00.05 3     1   45     1012K  0B    0B    209  1    sleeping *0[1]     0.00000 0.00000    0   1216     197  274      86       811       975      428       6       3       0.0   0         0         root                   N/A    N/A   N/A   N/A   N/A   N/A  
202   coreaudiod       0.0  00:01.90 5     1   483    8688K  0B    0B    202  1    sleeping *0[1]     0.00000 0.00000    202 10345    296  27562    22808    83773     99895    37633     141     129     0.0   0         0         _coreaudiod            N/A    N/A   N/A   N/A   N/A   N/A  
189   airportd         0.0  00:00.99 6     4   190    2540K  0B    0B    189  1    sleeping *4[1]     0.00000 0.00000    0   4997     262  4748     2402     12642     4835     6217      184     105     0.0   0         0         root                   N/A    N/A   N/A   N/A   N/A   N/A  
182   distnoted        0.0  00:00.06 2     1   35     420K   0B    0B    182  1    sleeping *0[1]     0.00000 0.00000    0   1232     87   99       86       669       317      328       0       0       0.0   0         0         root                   N/A    N/A   N/A   N/A   N/A   N/A  
180   authd            0.0  00:00.24 3     2   54     980K   0B    0B    180  1    sleeping  0[60]    0.00000 0.00000    0   2137     142  396      210      6385      1569     1286      1       2       0.0   0         0         root                   N/A    N/A   N/A   N/A   N/A   N/A  
176   coreservicesd    0.0  00:00.57 4     1   222    2224K  0B    0B    176  1    sleeping *0[1]     0.00000 0.00000    0   2485     113  20465    9292     13353     37984    5813      1       15      0.0   0         0         root                   N/A    N/A   N/A   N/A   N/A   N/A  
175   runningboardd    0.0  00:02.97 2     1   222    1816K  0B    0B    175  1    sleeping *4[1]     0.00000 0.00000    0   9871     153  3898     3972     82404     13590    33192     96      568     0.0   0         0         root                   N/A    N/A   N/A   N/A   N/A   N/A  
173   syspolicyd       0.0  00:03.73 2     1   77     50M    724K  0B    173  1    sleeping *0[1]     0.00000 0.00000    0   47171    4615 614      416      40831     4090     7885      3783    3       0.0   0         0         root                   N/A    N/A   N/A   N/A   N/A   N/A  
172   loginwindow      0.0  00:01.01 2     1   293    12M    0B    0B    172  1    sleeping *0[29]    0.00000 0.00000    501 12921    404  2512     1232     9202      7206     7069      447     21      0.0   0         0         maxieds                N/A    N/A   N/A   N/A   N/A   N/A  
171   trustd           0.0  00:03.09 2     1   80     2736K  160K  0B    171  1    sleeping  0[1693]  0.00000 0.00000    282 4824     190  1205     2841     45072     15908    12743     61      50      0.0   0         0         _trustd                N/A    N/A   N/A   N/A   N/A   N/A  
169   aslmanager       0.0  00:00.05 2     1   16     408K   0B    0B    169  1    sleeping *0[1]     0.00000 0.00000    0   489      73   70       37       620       157      421       0       7       0.0   0         0         root                   N/A    N/A   N/A   N/A   N/A   N/A  
168   tccd             0.0  00:02.49 2     1   41     1564K  28K   0B    168  1    sleeping  0[349]   0.00000 0.00000    0   6526     163  2503     2382     94702     12475    9523      44      30      0.0   0         0         root                   N/A    N/A   N/A   N/A   N/A   N/A  
167   taskgated        0.0  00:00.14 1     0   21     704K   0B    0B    167  1    sleeping *0[1]     0.00000 0.00000    0   1305     111  88       31       1297      257      662       18      5       0.0   0         0         root                   N/A    N/A   N/A   N/A   N/A   N/A  
165   com.apple.cmio.r 0.0  00:00.07 2     1   53     768K   0B    0B    165  1    sleeping  0[23]    0.00000 0.00000    0   1722     127  171      85       1009      462      276       1       2       0.0   0         0         root                   N/A    N/A   N/A   N/A   N/A   N/A  
164   AirPlayXPCHelper 0.0  00:00.38 4     1   168    1412K  0B    0B    164  1    sleeping *0[1]     0.00000 0.00000    0   3959     197  1368     582      4104      2667     3896      280     17      0.0   0         0         root                   N/A    N/A   N/A   N/A   N/A   N/A  
163   corebrightnessd  0.0  00:00.48 2     1   127    1268K  0B    0B    163  1    sleeping *0[1]     0.00000 0.00000    0   13805    179  2947     871      6120      8279     4485      136     117     0.0   0         0         root                   N/A    N/A   N/A   N/A   N/A   N/A  
162   sandboxd         0.0  00:00.08 2     1   35     1072K  0B    0B    162  1    sleeping *0[1]     0.00000 0.00000    0   1595     150  179      87       1470      588      717       15      1       0.0   0         0         root                   N/A    N/A   N/A   N/A   N/A   N/A  
160   bluetoothd       0.0  00:00.67 2     1   181    2712K  0B    0B    160  1    sleeping *0[1]     0.00000 0.00000    0   5709     266  1749     895      8218      3602     4466      315     173     0.0   0         0         root                   N/A    N/A   N/A   N/A   N/A   N/A  
158   KernelEventAgent 0.0  00:00.01 2     1   22     524K   0B    0B    158  1    sleeping *0[1]     0.00000 0.00000    0   686      101  81       30       581       152      163       3       0       0.0   0         0         root                   N/A    N/A   N/A   N/A   N/A   N/A  
157   revisiond        0.0  00:00.13 3     1   47     1380K  0B    0B    157  1    sleeping  0[0]     0.00000 0.00000    0   2228     161  174      58       2239      467      562       18      8       0.0   0         0         root                   N/A    N/A   N/A   N/A   N/A   N/A  
156   logind           0.0  00:00.09 2     1   69     760K   0B    0B    156  1    sleeping *0[1]     0.00000 0.00000    0   1608     161  178      119      868       440      941       100     1       0.0   0         0         root                   N/A    N/A   N/A   N/A   N/A   N/A  
154   PerfPowerService 0.0  00:03.26 3     1   276    3344K  276K  0B    154  1    sleeping *1[8]     0.00000 0.00000    0   8547     269  40299    20179    40837     106213   53945     190     295     0.0   0         0         root                   N/A    N/A   N/A   N/A   N/A   N/A  
153   AppleCredentialM 0.0  00:00.04 2     1   32     648K   0B    0B    153  1    sleeping *0[1]     0.00000 0.00000    0   1007     121  204      99       518       308      694       16      0       0.0   0         0         root                   N/A    N/A   N/A   N/A   N/A   N/A  
152   distnoted        0.0  00:00.14 2     1   125    432K   0B    0B    152  1    sleeping *0[1]     0.00000 0.00000    241 1320     87   782      781      4914      2199     1266      0       0       0.0   0         0         _distnote              N/A    N/A   N/A   N/A   N/A   N/A  
150   dasd             0.0  00:03.79 3     2   73     2424K  0B    0B    150  1    sleeping  0[112]   0.00000 0.00000    0   6191     269  2289     1398     62263     8241     24349     44      403     0.0   0         0         root                   N/A    N/A   N/A   N/A   N/A   N/A  
149   displaypolicyd   0.0  00:00.06 6     1   51     1756K  0B    0B    149  1    sleeping *0[1]     0.00000 0.00000    244 1599     136  575      285      1493      696      1275      4       8       0.0   0         0         _displaypolicyd        N/A    N/A   N/A   N/A   N/A   N/A  
148   autofsd          0.0  00:00.02 2     1   23     528K   0B    0B    148  1    sleeping *0[1]     0.00000 0.00000    0   820      106  75       32       361       154      133       0       0       0.0   0         0         root                   N/A    N/A   N/A   N/A   N/A   N/A  
143   auditd           0.0  00:00.01 2     1   32     524K   0B    0B    143  1    sleeping *0[1]     0.00000 0.00000    0   636      102  89       35       327       172      89        0       0       0.0   0         0         root                   N/A    N/A   N/A   N/A   N/A   N/A  
142   securityd        0.0  00:00.35 4     1   85     1648K  0B    0B    142  1    sleeping *0[1]     0.00000 0.00000    0   3308     133  924      125      5362      5278     2724      24      12      0.0   0         0         root                   N/A    N/A   N/A   N/A   N/A   N/A  
141   usbmuxd          0.0  00:00.23 3     1   39     1296K  0B    0B    141  1    sleeping *0[1]     0.00000 0.00000    213 2770     246  172      50       1618      756      1660      268     0       0.0   0         0         _usbmuxd               N/A    N/A   N/A   N/A   N/A   N/A  
139   launchservicesd  0.0  00:01.04 2     1   290    1312K  0B    0B    139  1    sleeping  0[1871]  0.00000 0.00000    0   4358     138  13868    8238     54176     20493    12820     4       115     0.0   0         0         root                   N/A    N/A   N/A   N/A   N/A   N/A  
138   apsd             0.0  00:01.16 4     3   183    2000K  12K   0B    138  1    sleeping *0[1]     0.00000 0.00000    0   16887    258  4388     2242     27470     14088    11287     78      156     0.0   0         0         root                   N/A    N/A   N/A   N/A   N/A   N/A  
136   thermalmonitord  0.0  00:00.02 1     0   24     960K   0B    0B    136  1    sleeping *0[1]     0.00000 0.00000    0   910      212  62       28       309       139      267       5       0       0.0   0         0         root                   N/A    N/A   N/A   N/A   N/A   N/A  
133   syslogd          0.0  00:00.17 3     2   65     580K   0B    0B    133  1    sleeping  0[163]   0.00000 0.00000    0   1114     75   140      175      9434      2306     2516      1       42      0.0   0         0         root                   N/A    N/A   N/A   N/A   N/A   N/A  
132   coreduetd        0.0  00:00.68 2     1   54     2540K  960K  0B    132  1    sleeping  0[13]    0.00000 0.00000    0   6084     210  332      178      10014     3341     3100      168     12      0.0   0         0         root                   N/A    N/A   N/A   N/A   N/A   N/A  
128   kernelmanagerd   0.0  00:03.27 2     1   72     6496K  0B    0B    128  1    sleeping *0[1]     0.00000 0.00000    0   92844    565  723      403      29133     5532     6226      1161    0       0.0   0         0         root                   N/A    N/A   N/A   N/A   N/A   N/A  
127   iconservicesd    0.0  00:00.07 2     1   45     824K   0B    0B    127  1    sleeping  0[10]    0.00000 0.00000    240 1902     125  122      67       818       290      385       2       3       0.0   0         0         _iconservices          N/A    N/A   N/A   N/A   N/A   N/A  
120   softwareupdated  0.0  00:00.17 2     1   49     1220K  0B    0B    120  1    sleeping  0[0]     0.00000 0.00000    200 2455     163  3161     1559     1429      2757     529       2       3       0.0   0         0         _softwareupdate        N/A    N/A   N/A   N/A   N/A   N/A  
119   keybagd          0.0  00:00.18 2     1   54     832K   0B    0B    119  1    sleeping *0[1]     0.00000 0.00000    0   1560     127  716      759      4579      2717     1879      6       17      0.0   0         0         root                   N/A    N/A   N/A   N/A   N/A   N/A  
117   remoted          0.0  00:00.07 2     1   66     756K   0B    0B    117  1    sleeping *0[1]     0.00000 0.00000    0   1231     116  373      211      787       630      812       42      0       0.0   0         0         root                   N/A    N/A   N/A   N/A   N/A   N/A  
113   daemondo         0.0  00:00.02 3     1   43     772K   0B    0B    113  1    sleeping *0[1]     0.00000 0.00000    0   981      145  89       37       375       210      138       7       0       0.0   0         0         root                   N/A    N/A   N/A   N/A   N/A   N/A  
112   powerd           0.0  00:02.89 3     2   123    1348K  0B    0B    112  1    sleeping *0[1]     0.00000 0.00000    0   12094    160  18665    13057    53470     46277    35170     212     371     0.0   0         0         root                   N/A    N/A   N/A   N/A   N/A   N/A  
111   endpointsecurity 0.0  00:00.01 1     0   32     536K   0B    0B    111  1    sleeping  0[0]     0.00000 0.00000    0   684      105  83       36       312       174      71        2       0       0.0   0         0         root                   N/A    N/A   N/A   N/A   N/A   N/A  
110   configd          0.0  00:00.84 7     1   364    1928K  0B    0B    110  1    sleeping *0[1]     0.00000 0.00000    0   6535     197  12925    7080     31070     19255    7823      53      7       0.0   0         0         root                   N/A    N/A   N/A   N/A   N/A   N/A  
105   mediaremoted     0.0  00:00.72 3     1   160    1616K  0B    0B    105  1    sleeping  0[11]    0.00000 0.00000    0   6432     273  14371    3216     4463      16664    19946     348     6       0.0   0         0         root                   N/A    N/A   N/A   N/A   N/A   N/A  
103   uninstalld       0.0  00:00.15 2     1   20     596K   0B    0B    103  1    sleeping *0[1]     0.00000 0.00000    0   1596     115  439      27       4564      1657     2917      1       504     0.0   0         0         root                   N/A    N/A   N/A   N/A   N/A   N/A  
100   UserEventAgent   0.0  00:01.00 4     1   465    2068K  0B    0B    100  1    sleeping *0[1]     0.00000 0.00000    0   5168     222  5639     5129     16846     15457    9249      417     65      0.0   0         0         root                   N/A    N/A   N/A   N/A   N/A   N/A  
