Jul 15 00:01:59 Drs-MacBook-Pro syslogd[133]: ASL Sender Statistics
Jul 15 00:12:12 Drs-MacBook-Pro syslogd[133]: ASL Sender Statistics
Jul 15 00:23:36 Drs-MacBook-Pro syslogd[133]: ASL Sender Statistics
Jul 15 00:30:00 Drs-MacBook-Pro syslogd[133]: Configuration Notice:
	ASL Module "com.apple.cdscheduler" claims selected messages.
	Those messages may not appear in standard system log files or in the ASL database.
Jul 15 00:30:00 Drs-MacBook-Pro syslogd[133]: Configuration Notice:
	ASL Module "com.apple.install" claims selected messages.
	Those messages may not appear in standard system log files or in the ASL database.
Jul 15 00:30:00 Drs-MacBook-Pro syslogd[133]: Configuration Notice:
	ASL Module "com.apple.authd" sharing output destination "/var/log/asl" with ASL Module "com.apple.asl".
	Output parameters from ASL Module "com.apple.asl" override any specified in ASL Module "com.apple.authd".
Jul 15 00:30:00 Drs-MacBook-Pro syslogd[133]: Configuration Notice:
	ASL Module "com.apple.authd" sharing output destination "/var/log/system.log" with ASL Module "com.apple.asl".
	Output parameters from ASL Module "com.apple.asl" override any specified in ASL Module "com.apple.authd".
Jul 15 00:30:00 Drs-MacBook-Pro syslogd[133]: Configuration Notice:
	ASL Module "com.apple.authd" claims selected messages.
	Those messages may not appear in standard system log files or in the ASL database.
Jul 15 00:30:00 Drs-MacBook-Pro syslogd[133]: Configuration Notice:
	ASL Module "com.apple.eventmonitor" claims selected messages.
	Those messages may not appear in standard system log files or in the ASL database.
Jul 15 00:30:00 Drs-MacBook-Pro syslogd[133]: Configuration Notice:
	ASL Module "com.apple.mail" claims selected messages.
	Those messages may not appear in standard system log files or in the ASL database.
Jul 15 00:30:00 Drs-MacBook-Pro syslogd[133]: Configuration Notice:
	ASL Module "com.apple.performance" claims selected messages.
	Those messages may not appear in standard system log files or in the ASL database.
Jul 15 00:30:00 Drs-MacBook-Pro syslogd[133]: Configuration Notice:
	ASL Module "com.apple.iokit.power" claims selected messages.
	Those messages may not appear in standard system log files or in the ASL database.
Jul 15 00:30:00 Drs-MacBook-Pro syslogd[133]: Configuration Notice:
	ASL Module "com.apple.contacts.ContactsAutocomplete" claims selected messages.
	Those messages may not appear in standard system log files or in the ASL database.
Jul 15 00:30:00 Drs-MacBook-Pro syslogd[133]: Configuration Notice:
	ASL Module "com.apple.mkb" sharing output destination "/private/var/log/keybagd.log" with ASL Module "com.apple.mkb.internal".
	Output parameters from ASL Module "com.apple.mkb.internal" override any specified in ASL Module "com.apple.mkb".
Jul 15 00:30:00 Drs-MacBook-Pro syslogd[133]: Configuration Notice:
	ASL Module "com.apple.mkb" claims selected messages.
	Those messages may not appear in standard system log files or in the ASL database.
Jul 15 00:30:00 Drs-MacBook-Pro syslogd[133]: Configuration Notice:
	ASL Module "com.apple.MessageTracer" claims selected messages.
	Those messages may not appear in standard system log files or in the ASL database.
Jul 15 00:33:46 Drs-MacBook-Pro syslogd[133]: ASL Sender Statistics
Jul 15 00:44:27 Drs-MacBook-Pro syslogd[133]: ASL Sender Statistics
Jul 15 00:44:55 Drs-MacBook-Pro login[54654]: DEAD_PROCESS: 54654 ttys002
Jul 15 00:52:05 Drs-MacBook-Pro login[40428]: DEAD_PROCESS: 40428 ttys001
Jul 15 00:54:45 Drs-MacBook-Pro syslogd[133]: ASL Sender Statistics
Jul 15 00:59:41 Drs-MacBook-Pro login[65869]: DEAD_PROCESS: 65869 ttys006
Jul 15 01:07:05 Drs-MacBook-Pro syslogd[133]: ASL Sender Statistics
Jul 15 01:16:05 Drs-MacBook-Pro login[60520]: USER_PROCESS: 60520 ttys000
Jul 15 01:17:06 Drs-MacBook-Pro syslogd[133]: ASL Sender Statistics
Jul 15 01:24:44 Drs-MacBook-Pro login[63128]: USER_PROCESS: 63128 ttys001
Jul 15 01:27:41 Drs-MacBook-Pro syslogd[133]: ASL Sender Statistics
Jul 15 01:38:23 Drs-MacBook-Pro syslogd[133]: ASL Sender Statistics
Jul 15 01:48:43 Drs-MacBook-Pro syslogd[133]: ASL Sender Statistics
Jul 15 01:58:56 Drs-MacBook-Pro syslogd[133]: ASL Sender Statistics
Jul 15 02:09:00 Drs-MacBook-Pro syslogd[133]: ASL Sender Statistics
Jul 15 02:15:33 Drs-MacBook-Pro login[63128]: DEAD_PROCESS: 63128 ttys001
Jul 15 02:19:34 Drs-MacBook-Pro syslogd[133]: ASL Sender Statistics
Jul 15 02:22:34 Drs-MacBook-Pro login[43101]: DEAD_PROCESS: 43101 ttys005
Jul 15 02:23:32 Drs-MacBook-Pro sudo[97200]: USER_PROCESS: 97200 ttys001
Jul 15 02:23:42 Drs-MacBook-Pro sudo[97200]: DEAD_PROCESS: 97200 ttys001
Jul 15 02:24:07 Drs-MacBook-Pro sudo[97453]: USER_PROCESS: 97453 ttys001
Jul 15 02:25:11 Drs-MacBook-Pro login[60520]: DEAD_PROCESS: 60520 ttys000
Jul 15 02:25:14 Drs-MacBook-Pro login[99194]: USER_PROCESS: 99194 ttys000
Jul 15 02:25:34 Drs-MacBook-Pro login[99194]: DEAD_PROCESS: 99194 ttys000
Jul 15 02:29:02 Drs-MacBook-Pro login[43076]: DEAD_PROCESS: 43076 ttys003
Jul 15 02:29:21 Drs-MacBook-Pro login[7561]: USER_PROCESS: 7561 ttys000
Jul 15 02:35:38 Drs-MacBook-Pro syslogd[133]: ASL Sender Statistics
Jul 15 02:37:00 Drs-MacBook-Pro sudo[22723]: USER_PROCESS: 22723 ttys002
Jul 15 02:37:27 Drs-MacBook-Pro sudo[22723]: DEAD_PROCESS: 22723 ttys002
Jul 15 02:37:59 Drs-MacBook-Pro sudo[24579]: USER_PROCESS: 24579 ttys002
Jul 15 02:39:12 Drs-MacBook-Pro sudo[24579]: DEAD_PROCESS: 24579 ttys002
Jul 15 02:39:17 Drs-MacBook-Pro login[7561]: DEAD_PROCESS: 7561 ttys000
Jul 15 02:39:24 Drs-MacBook-Pro login[27111]: USER_PROCESS: 27111 ttys000
Jul 15 02:50:34 Drs-MacBook-Pro syslogd[133]: ASL Sender Statistics
Jul 15 02:50:46 Drs-MacBook-Pro login[31848]: USER_PROCESS: 31848 ttys002
Jul 15 02:51:44 Drs-MacBook-Pro sudo[33497]: USER_PROCESS: 33497 ttys003
Jul 15 02:51:44 Drs-MacBook-Pro sudo[33497]: DEAD_PROCESS: 33497 ttys003
Jul 15 02:53:48 Drs-MacBook-Pro sudo[34458]: USER_PROCESS: 34458 ttys003
Jul 15 02:53:48 Drs-MacBook-Pro sudo[34458]: DEAD_PROCESS: 34458 ttys003
Jul 15 02:54:33 Drs-MacBook-Pro sudo[35492]: USER_PROCESS: 35492 ttys003
Jul 15 02:54:33 Drs-MacBook-Pro sudo[35492]: DEAD_PROCESS: 35492 ttys003
Jul 15 02:54:57 Drs-MacBook-Pro sudo[36361]: USER_PROCESS: 36361 ttys003
Jul 15 02:54:57 Drs-MacBook-Pro sudo[36361]: DEAD_PROCESS: 36361 ttys003
Jul 15 02:55:06 Drs-MacBook-Pro sudo[36812]: USER_PROCESS: 36812 ttys003
Jul 15 02:55:06 Drs-MacBook-Pro sudo[36812]: DEAD_PROCESS: 36812 ttys003
Jul 15 02:56:02 Drs-MacBook-Pro sudo[38648]: USER_PROCESS: 38648 ttys003
Jul 15 02:56:03 Drs-MacBook-Pro sudo[38648]: DEAD_PROCESS: 38648 ttys003
Jul 15 02:57:39 Drs-MacBook-Pro sudo[41009]: USER_PROCESS: 41009 ttys003
Jul 15 02:57:39 Drs-MacBook-Pro sudo[41009]: DEAD_PROCESS: 41009 ttys003
Jul 15 02:57:56 Drs-MacBook-Pro sudo[41731]: USER_PROCESS: 41731 ttys003
Jul 15 02:57:56 Drs-MacBook-Pro sudo[41731]: DEAD_PROCESS: 41731 ttys003
Jul 15 02:58:28 Drs-MacBook-Pro sudo[42803]: USER_PROCESS: 42803 ttys003
Jul 15 02:58:28 Drs-MacBook-Pro sudo[42803]: DEAD_PROCESS: 42803 ttys003
Jul 15 02:58:35 Drs-MacBook-Pro sudo[43074]: USER_PROCESS: 43074 ttys003
Jul 15 02:58:35 Drs-MacBook-Pro sudo[43074]: DEAD_PROCESS: 43074 ttys003
Jul 15 02:59:11 Drs-MacBook-Pro sudo[44319]: USER_PROCESS: 44319 ttys003
Jul 15 02:59:11 Drs-MacBook-Pro sudo[44319]: DEAD_PROCESS: 44319 ttys003
Jul 15 02:59:16 Drs-MacBook-Pro login[31848]: DEAD_PROCESS: 31848 ttys002
Jul 15 02:59:21 Drs-MacBook-Pro login[44666]: USER_PROCESS: 44666 ttys002
Jul 15 02:59:33 Drs-MacBook-Pro login[44666]: DEAD_PROCESS: 44666 ttys002
Jul 15 03:00:35 Drs-MacBook-Pro syslogd[133]: ASL Sender Statistics
Jul 15 03:02:30 Drs-MacBook-Pro login[48877]: USER_PROCESS: 48877 ttys002
Jul 15 03:02:50 Drs-MacBook-Pro sudo[49394]: USER_PROCESS: 49394 ttys003
Jul 15 03:03:56 Drs-MacBook-Pro sudo[49394]: DEAD_PROCESS: 49394 ttys003
Jul 15 03:04:24 Drs-MacBook-Pro sudo[51064]: USER_PROCESS: 51064 ttys003
Jul 15 03:05:26 Drs-MacBook-Pro sudo[51064]: DEAD_PROCESS: 51064 ttys003
Jul 15 03:05:47 Drs-MacBook-Pro sudo[52793]: USER_PROCESS: 52793 ttys003
Jul 15 03:06:50 Drs-MacBook-Pro sudo[52793]: DEAD_PROCESS: 52793 ttys003
Jul 15 03:07:41 Drs-MacBook-Pro sudo[54710]: USER_PROCESS: 54710 ttys003
Jul 15 03:08:48 Drs-MacBook-Pro sudo[54710]: DEAD_PROCESS: 54710 ttys003
Jul 15 03:09:39 Drs-MacBook-Pro sudo[57761]: USER_PROCESS: 57761 ttys003
Jul 15 03:09:39 Drs-MacBook-Pro sudo[57761]: DEAD_PROCESS: 57761 ttys003
Jul 15 03:10:18 Drs-MacBook-Pro login[57913]: USER_PROCESS: 57913 ttys003
Jul 15 03:10:21 Drs-MacBook-Pro login[48877]: DEAD_PROCESS: 48877 ttys002
Jul 15 03:10:31 Drs-MacBook-Pro login[57913]: DEAD_PROCESS: 57913 ttys003
Jul 15 03:12:59 Drs-MacBook-Pro login[27111]: DEAD_PROCESS: 27111 ttys000
Jul 15 03:12:59 Drs-MacBook-Pro syslogd[133]: ASL Sender Statistics
Jul 15 03:23:37 Drs-MacBook-Pro syslogd[133]: ASL Sender Statistics
Jul 15 03:33:34 Drs-MacBook-Pro login[81709]: USER_PROCESS: 81709 ttys000
Jul 15 03:34:01 Drs-MacBook-Pro syslogd[133]: ASL Sender Statistics
Jul 15 03:34:05 Drs-MacBook-Pro sudo[82531]: USER_PROCESS: 82531 ttys002
Jul 15 03:34:06 Drs-MacBook-Pro sudo[82531]: DEAD_PROCESS: 82531 ttys002
Jul 15 03:34:34 Drs-MacBook-Pro sudo[83402]: USER_PROCESS: 83402 ttys002
Jul 15 03:34:35 Drs-MacBook-Pro sudo[83402]: DEAD_PROCESS: 83402 ttys002
Jul 15 03:34:37 Drs-MacBook-Pro login[81709]: DEAD_PROCESS: 81709 ttys000
Jul 15 03:35:18 Drs-MacBook-Pro login[84645]: USER_PROCESS: 84645 ttys000
Jul 15 03:36:06 Drs-MacBook-Pro sudo[85879]: USER_PROCESS: 85879 ttys002
Jul 15 03:36:07 Drs-MacBook-Pro sudo[85879]: DEAD_PROCESS: 85879 ttys002
Jul 15 03:36:30 Drs-MacBook-Pro sudo[97453]: DEAD_PROCESS: 97453 ttys001
Jul 15 03:37:34 Drs-MacBook-Pro sudo[86600]: USER_PROCESS: 86600 ttys001
Jul 15 03:37:34 Drs-MacBook-Pro sudo[86600]: DEAD_PROCESS: 86600 ttys001
Jul 15 03:37:51 Drs-MacBook-Pro sudo[86603]: USER_PROCESS: 86603 ttys001
Jul 15 03:37:52 Drs-MacBook-Pro sudo[86603]: DEAD_PROCESS: 86603 ttys001
Jul 15 03:44:19 Drs-MacBook-Pro syslogd[133]: ASL Sender Statistics
Jul 15 03:46:07 Drs-MacBook-Pro login[86675]: USER_PROCESS: 86675 ttys001
Jul 15 03:46:28 Drs-MacBook-Pro login[86675]: DEAD_PROCESS: 86675 ttys001
Jul 15 03:47:50 Drs-MacBook-Pro login[86718]: USER_PROCESS: 86718 ttys001
Jul 15 03:48:23 Drs-MacBook-Pro sudo[86725]: USER_PROCESS: 86725 ttys002
Jul 15 03:48:23 Drs-MacBook-Pro sudo[86725]: DEAD_PROCESS: 86725 ttys002
Jul 15 03:48:31 Drs-MacBook-Pro sudo[86734]: USER_PROCESS: 86734 ttys002
Jul 15 03:49:18 Drs-MacBook-Pro login[86743]: USER_PROCESS: 86743 ttys003
Jul 15 03:49:44 Drs-MacBook-Pro sudo[86751]: USER_PROCESS: 86751 ttys005
Jul 15 03:49:44 Drs-MacBook-Pro sudo[86751]: DEAD_PROCESS: 86751 ttys005
Jul 15 03:49:56 Drs-MacBook-Pro login[86754]: USER_PROCESS: 86754 ttys005
Jul 15 03:51:11 Drs-MacBook-Pro login[86754]: DEAD_PROCESS: 86754 ttys005
Jul 15 03:51:34 Drs-MacBook-Pro sudo[86795]: USER_PROCESS: 86795 ttys005
Jul 15 03:51:34 Drs-MacBook-Pro sudo[86795]: DEAD_PROCESS: 86795 ttys005
Jul 15 03:51:42 Drs-MacBook-Pro sudo[86798]: USER_PROCESS: 86798 ttys005
Jul 15 03:51:42 Drs-MacBook-Pro sudo[86798]: DEAD_PROCESS: 86798 ttys005
Jul 15 03:52:46 Drs-MacBook-Pro sudo[86807]: USER_PROCESS: 86807 ttys005
Jul 15 03:52:47 Drs-MacBook-Pro sudo[86807]: DEAD_PROCESS: 86807 ttys005
Jul 15 03:53:10 Drs-MacBook-Pro sudo[86812]: USER_PROCESS: 86812 ttys005
Jul 15 03:53:10 Drs-MacBook-Pro sudo[86812]: DEAD_PROCESS: 86812 ttys005
Jul 15 03:53:30 Drs-MacBook-Pro sudo[86817]: USER_PROCESS: 86817 ttys005
Jul 15 03:53:30 Drs-MacBook-Pro sudo[86817]: DEAD_PROCESS: 86817 ttys005
Jul 15 03:53:43 Drs-MacBook-Pro sudo[86820]: USER_PROCESS: 86820 ttys005
Jul 15 03:53:43 Drs-MacBook-Pro sudo[86820]: DEAD_PROCESS: 86820 ttys005
Jul 15 03:54:07 Drs-MacBook-Pro sudo[86823]: USER_PROCESS: 86823 ttys005
Jul 15 03:54:07 Drs-MacBook-Pro sudo[86823]: DEAD_PROCESS: 86823 ttys005
Jul 15 03:54:10 Drs-MacBook-Pro sudo[86734]: DEAD_PROCESS: 86734 ttys002
Jul 15 04:04:12 Drs-MacBook-Pro syslogd[133]: ASL Sender Statistics
Jul 15 04:06:20 Drs-MacBook-Pro sudo[86850]: USER_PROCESS: 86850 ttys002
Jul 15 04:06:20 Drs-MacBook-Pro sudo[86850]: DEAD_PROCESS: 86850 ttys002
Jul 15 04:06:39 Drs-MacBook-Pro sudo[86860]: USER_PROCESS: 86860 ttys002
Jul 15 04:06:39 Drs-MacBook-Pro sudo[86860]: DEAD_PROCESS: 86860 ttys002
Jul 15 04:06:54 Drs-MacBook-Pro sudo[86865]: USER_PROCESS: 86865 ttys002
Jul 15 04:06:54 Drs-MacBook-Pro sudo[86865]: DEAD_PROCESS: 86865 ttys002
Jul 15 04:07:07 Drs-MacBook-Pro sudo[86868]: USER_PROCESS: 86868 ttys002
Jul 15 04:07:07 Drs-MacBook-Pro sudo[86868]: DEAD_PROCESS: 86868 ttys002
Jul 15 04:08:19 Drs-MacBook-Pro sudo[86873]: USER_PROCESS: 86873 ttys002
Jul 15 04:08:19 Drs-MacBook-Pro sudo[86873]: DEAD_PROCESS: 86873 ttys002
Jul 15 04:08:34 Drs-MacBook-Pro sudo[86878]: USER_PROCESS: 86878 ttys002
Jul 15 04:08:34 Drs-MacBook-Pro sudo[86878]: DEAD_PROCESS: 86878 ttys002
Jul 15 04:09:10 Drs-MacBook-Pro sudo[86883]: USER_PROCESS: 86883 ttys002
Jul 15 04:09:10 Drs-MacBook-Pro sudo[86883]: DEAD_PROCESS: 86883 ttys002
Jul 15 04:18:20 Drs-MacBook-Pro syslogd[133]: ASL Sender Statistics
Jul 15 04:19:14 Drs-MacBook-Pro sudo[86892]: USER_PROCESS: 86892 ttys002
Jul 15 04:19:15 Drs-MacBook-Pro sudo[86892]: DEAD_PROCESS: 86892 ttys002
Jul 15 04:23:30 Drs-MacBook-Pro sudo[86915]: USER_PROCESS: 86915 ttys002
Jul 15 04:23:31 Drs-MacBook-Pro sudo[86915]: DEAD_PROCESS: 86915 ttys002
Jul 15 04:25:19 Drs-MacBook-Pro sudo[86920]: USER_PROCESS: 86920 ttys002
Jul 15 04:25:37 Drs-MacBook-Pro sudo[86920]: DEAD_PROCESS: 86920 ttys002
Jul 15 04:25:54 Drs-MacBook-Pro sudo[86936]: USER_PROCESS: 86936 ttys002
Jul 15 04:26:00 Drs-MacBook-Pro sudo[86936]: DEAD_PROCESS: 86936 ttys002
Jul 15 04:26:53 Drs-MacBook-Pro sudo[86939]: USER_PROCESS: 86939 ttys002
Jul 15 04:26:53 Drs-MacBook-Pro sudo[86939]: DEAD_PROCESS: 86939 ttys002
Jul 15 04:28:15 Drs-MacBook-Pro sudo[86943]: USER_PROCESS: 86943 ttys002
Jul 15 04:28:15 Drs-MacBook-Pro sudo[86943]: DEAD_PROCESS: 86943 ttys002
Jul 15 04:28:36 Drs-MacBook-Pro syslogd[133]: ASL Sender Statistics
Jul 15 04:28:36 Drs-MacBook-Pro sudo[86946]: USER_PROCESS: 86946 ttys002
Jul 15 04:28:36 Drs-MacBook-Pro sudo[86946]: DEAD_PROCESS: 86946 ttys002
Jul 15 04:28:43 Drs-MacBook-Pro sudo[86949]: USER_PROCESS: 86949 ttys002
Jul 15 04:28:43 Drs-MacBook-Pro sudo[86949]: DEAD_PROCESS: 86949 ttys002
Jul 15 04:28:58 Drs-MacBook-Pro sudo[86953]: USER_PROCESS: 86953 ttys002
Jul 15 04:28:59 Drs-MacBook-Pro sudo[86953]: DEAD_PROCESS: 86953 ttys002
Jul 15 04:29:26 Drs-MacBook-Pro sudo[86957]: USER_PROCESS: 86957 ttys002
Jul 15 04:29:26 Drs-MacBook-Pro sudo[86957]: DEAD_PROCESS: 86957 ttys002
Jul 15 04:30:48 Drs-MacBook-Pro sudo[86968]: USER_PROCESS: 86968 ttys002
Jul 15 04:31:07 Drs-MacBook-Pro sudo[86968]: DEAD_PROCESS: 86968 ttys002
Jul 15 04:32:16 Drs-MacBook-Pro login[86977]: USER_PROCESS: 86977 ttys002
Jul 15 04:44:52 Drs-MacBook-Pro syslogd[133]: ASL Sender Statistics
Jul 15 04:44:56 Drs-MacBook-Pro sudo[87034]: USER_PROCESS: 87034 ttys005
Jul 15 04:45:00 Drs-MacBook-Pro sudo[87034]: DEAD_PROCESS: 87034 ttys005
Jul 15 04:47:12 Drs-MacBook-Pro sudo[87062]: USER_PROCESS: 87062 ttys005
Jul 15 04:47:15 Drs-MacBook-Pro sudo[87062]: DEAD_PROCESS: 87062 ttys005
Jul 15 04:47:48 Drs-MacBook-Pro sudo[87067]: USER_PROCESS: 87067 ttys005
Jul 15 04:47:52 Drs-MacBook-Pro sudo[87067]: DEAD_PROCESS: 87067 ttys005
Jul 15 04:48:21 Drs-MacBook-Pro sudo[87070]: USER_PROCESS: 87070 ttys005
Jul 15 04:48:35 Drs-MacBook-Pro login[86743]: DEAD_PROCESS: 86743 ttys003
Jul 15 04:49:15 Drs-MacBook-Pro login[86718]: DEAD_PROCESS: 86718 ttys001
Jul 15 04:49:20 Drs-MacBook-Pro login[84645]: DEAD_PROCESS: 84645 ttys000
Jul 15 04:49:40 Drs-MacBook-Pro sudo[87070]: DEAD_PROCESS: 87070 ttys005
Jul 15 04:50:23 Drs-MacBook-Pro login[54278]: DEAD_PROCESS: 54278 ttys004
Jul 15 04:51:57 Drs-MacBook-Pro sudo[87251]: USER_PROCESS: 87251 ttys000
Jul 15 04:51:57 Drs-MacBook-Pro sudo[87251]: DEAD_PROCESS: 87251 ttys000
Jul 15 04:51:57 Drs-MacBook-Pro sudo[87254]: USER_PROCESS: 87254 ttys000
Jul 15 04:52:04 Drs-MacBook-Pro sudo[87254]: DEAD_PROCESS: 87254 ttys000
Jul 15 04:52:25 Drs-MacBook-Pro sudo[87272]: USER_PROCESS: 87272 ttys000
Jul 15 04:52:25 Drs-MacBook-Pro sudo[87272]: DEAD_PROCESS: 87272 ttys000
Jul 15 04:52:25 Drs-MacBook-Pro sudo[87275]: USER_PROCESS: 87275 ttys000
Jul 15 04:52:44 Drs-MacBook-Pro login[87278]: USER_PROCESS: 87278 ttys001
Jul 15 04:53:32 Drs-MacBook-Pro sudo[87275]: DEAD_PROCESS: 87275 ttys000
Jul 15 04:53:38 Drs-MacBook-Pro sudo[87286]: USER_PROCESS: 87286 ttys000
Jul 15 04:53:42 Drs-MacBook-Pro sudo[87286]: DEAD_PROCESS: 87286 ttys000
Jul 15 04:53:56 Drs-MacBook-Pro sudo[87289]: USER_PROCESS: 87289 ttys000
Jul 15 04:53:56 Drs-MacBook-Pro sudo[87289]: DEAD_PROCESS: 87289 ttys000
Jul 15 04:53:56 Drs-MacBook-Pro sudo[87292]: USER_PROCESS: 87292 ttys000
Jul 15 04:53:58 Drs-MacBook-Pro login[87278]: DEAD_PROCESS: 87278 ttys001
Jul 15 04:54:13 Drs-MacBook-Pro login[87328]: USER_PROCESS: 87328 ttys001
Jul 15 04:54:54 Drs-MacBook-Pro syslogd[133]: ASL Sender Statistics
Jul 15 04:56:27 Drs-MacBook-Pro sudo[87356]: USER_PROCESS: 87356 ttys003
Jul 15 04:56:53 Drs-MacBook-Pro login[87365]: USER_PROCESS: 87365 ttys004
Jul 15 04:57:08 Drs-MacBook-Pro login[87365]: DEAD_PROCESS: 87365 ttys004
Jul 15 04:57:11 Drs-MacBook-Pro login[87389]: USER_PROCESS: 87389 ttys004
Jul 15 04:58:16 Drs-MacBook-Pro login[87389]: DEAD_PROCESS: 87389 ttys004
Jul 15 04:58:25 Drs-MacBook-Pro sudo[87356]: DEAD_PROCESS: 87356 ttys003
Jul 15 04:58:30 Drs-MacBook-Pro sudo[87292]: DEAD_PROCESS: 87292 ttys000
Jul 15 04:59:01 Drs-MacBook-Pro sudo[87431]: USER_PROCESS: 87431 ttys000
Jul 15 04:59:11 Drs-MacBook-Pro sudo[87445]: USER_PROCESS: 87445 ttys003
Jul 15 04:59:19 Drs-MacBook-Pro sudo[87445]: DEAD_PROCESS: 87445 ttys003
Jul 15 04:59:57 Drs-MacBook-Pro sudo[87431]: DEAD_PROCESS: 87431 ttys000
Jul 15 05:00:05 Drs-MacBook-Pro sudo[87449]: USER_PROCESS: 87449 ttys000
Jul 15 05:00:07 Drs-MacBook-Pro login[87452]: USER_PROCESS: 87452 ttys003
Jul 15 05:00:42 Drs-MacBook-Pro sudo[87459]: USER_PROCESS: 87459 ttys004
Jul 15 05:00:59 Drs-MacBook-Pro sudo[87459]: DEAD_PROCESS: 87459 ttys004
Jul 15 05:01:09 Drs-MacBook-Pro login[87452]: DEAD_PROCESS: 87452 ttys003
Jul 15 05:01:17 Drs-MacBook-Pro login[87491]: USER_PROCESS: 87491 ttys003
Jul 15 05:01:50 Drs-MacBook-Pro login[87491]: DEAD_PROCESS: 87491 ttys003
Jul 15 05:02:24 Drs-MacBook-Pro login[87518]: USER_PROCESS: 87518 ttys003
Jul 15 05:02:58 Drs-MacBook-Pro login[87518]: DEAD_PROCESS: 87518 ttys003
Jul 15 05:03:02 Drs-MacBook-Pro login[87547]: USER_PROCESS: 87547 ttys003
Jul 15 05:03:46 Drs-MacBook-Pro sudo[87557]: USER_PROCESS: 87557 ttys004
Jul 15 05:03:49 Drs-MacBook-Pro sudo[87557]: DEAD_PROCESS: 87557 ttys004
Jul 15 05:04:01 Drs-MacBook-Pro login[87562]: USER_PROCESS: 87562 ttys004
Jul 15 05:04:16 Drs-MacBook-Pro login[87547]: DEAD_PROCESS: 87547 ttys003
Jul 15 05:04:48 Drs-MacBook-Pro sudo[87449]: DEAD_PROCESS: 87449 ttys000
Jul 15 05:05:15 Drs-MacBook-Pro syslogd[133]: ASL Sender Statistics
Jul 15 05:05:20 Drs-MacBook-Pro sudo[87606]: USER_PROCESS: 87606 ttys000
Jul 15 05:05:50 Drs-MacBook-Pro sudo[87619]: USER_PROCESS: 87619 ttys003
Jul 15 05:05:50 Drs-MacBook-Pro sudo[87619]: DEAD_PROCESS: 87619 ttys003
Jul 15 05:05:50 Drs-MacBook-Pro sudo[87626]: USER_PROCESS: 87626 ttys003
Jul 15 05:06:22 Drs-MacBook-Pro sudo[87626]: DEAD_PROCESS: 87626 ttys003
Jul 15 05:06:26 Drs-MacBook-Pro sudo[87606]: DEAD_PROCESS: 87606 ttys000
Jul 15 05:06:36 Drs-MacBook-Pro sudo[87635]: USER_PROCESS: 87635 ttys000
Jul 15 05:06:38 Drs-MacBook-Pro sudo[87635]: DEAD_PROCESS: 87635 ttys000
Jul 15 05:06:49 Drs-MacBook-Pro sudo[87638]: USER_PROCESS: 87638 ttys000
Jul 15 05:06:49 Drs-MacBook-Pro sudo[87638]: DEAD_PROCESS: 87638 ttys000
Jul 15 05:06:49 Drs-MacBook-Pro sudo[87641]: USER_PROCESS: 87641 ttys000
Jul 15 05:06:50 Drs-MacBook-Pro sudo[87641]: DEAD_PROCESS: 87641 ttys000
Jul 15 05:07:07 Drs-MacBook-Pro sudo[87644]: USER_PROCESS: 87644 ttys000
Jul 15 05:07:09 Drs-MacBook-Pro sudo[87644]: DEAD_PROCESS: 87644 ttys000
Jul 15 05:07:24 Drs-MacBook-Pro sudo[87647]: USER_PROCESS: 87647 ttys000
Jul 15 05:07:24 Drs-MacBook-Pro sudo[87647]: DEAD_PROCESS: 87647 ttys000
Jul 15 05:07:24 Drs-MacBook-Pro sudo[87650]: USER_PROCESS: 87650 ttys000
Jul 15 05:09:00 Drs-MacBook-Pro sudo[87650]: DEAD_PROCESS: 87650 ttys000
Jul 15 05:09:14 Drs-MacBook-Pro sudo[87685]: USER_PROCESS: 87685 ttys000
Jul 15 05:09:28 Drs-MacBook-Pro login[86977]: DEAD_PROCESS: 86977 ttys002
Jul 15 05:11:05 Drs-MacBook-Pro sudo[87726]: USER_PROCESS: 87726 ttys000
Jul 15 05:11:09 Drs-MacBook-Pro login[87736]: USER_PROCESS: 87736 ttys002
Jul 15 05:11:18 Drs-MacBook-Pro sudo[87726]: DEAD_PROCESS: 87726 ttys000
Jul 15 05:12:39 Drs-MacBook-Pro sudo[87751]: USER_PROCESS: 87751 ttys000
Jul 15 05:12:41 Drs-MacBook-Pro sudo[87751]: DEAD_PROCESS: 87751 ttys000
Jul 15 05:16:39 Drs-MacBook-Pro syslogd[133]: ASL Sender Statistics
Jul 15 05:16:51 Drs-MacBook-Pro sudo[87795]: USER_PROCESS: 87795 ttys000
Jul 15 05:17:00 Drs-MacBook-Pro sudo[87795]: DEAD_PROCESS: 87795 ttys000
Jul 15 05:19:03 Drs-MacBook-Pro sudo[87803]: USER_PROCESS: 87803 ttys000
Jul 15 05:19:04 Drs-MacBook-Pro sudo[87803]: DEAD_PROCESS: 87803 ttys000
Jul 15 05:19:16 Drs-MacBook-Pro sudo[87806]: USER_PROCESS: 87806 ttys000
Jul 15 05:19:18 Drs-MacBook-Pro sudo[87806]: DEAD_PROCESS: 87806 ttys000
Jul 15 05:19:52 Drs-MacBook-Pro sudo[87810]: USER_PROCESS: 87810 ttys000
Jul 15 05:19:52 Drs-MacBook-Pro sudo[87810]: DEAD_PROCESS: 87810 ttys000
Jul 15 05:20:29 Drs-MacBook-Pro sudo[87814]: USER_PROCESS: 87814 ttys000
Jul 15 05:20:36 Drs-MacBook-Pro login[87328]: DEAD_PROCESS: 87328 ttys001
Jul 15 05:22:39 Drs-MacBook-Pro sudo[87814]: DEAD_PROCESS: 87814 ttys000
Jul 15 05:22:55 Drs-MacBook-Pro sudo[87876]: USER_PROCESS: 87876 ttys000
Jul 15 05:23:19 Drs-MacBook-Pro sudo[87876]: DEAD_PROCESS: 87876 ttys000
Jul 15 05:25:44 Drs-MacBook-Pro sudo[87899]: USER_PROCESS: 87899 ttys000
Jul 15 05:25:44 Drs-MacBook-Pro sudo[87899]: DEAD_PROCESS: 87899 ttys000
Jul 15 05:26:04 Drs-MacBook-Pro sudo[87903]: USER_PROCESS: 87903 ttys000
Jul 15 05:26:04 Drs-MacBook-Pro sudo[87903]: DEAD_PROCESS: 87903 ttys000
Jul 15 05:26:10 Drs-MacBook-Pro sudo[87906]: USER_PROCESS: 87906 ttys000
Jul 15 05:26:10 Drs-MacBook-Pro sudo[87906]: DEAD_PROCESS: 87906 ttys000
Jul 15 05:27:09 Drs-MacBook-Pro syslogd[133]: ASL Sender Statistics
Jul 15 05:27:24 Drs-MacBook-Pro sudo[87911]: USER_PROCESS: 87911 ttys000
Jul 15 05:27:24 Drs-MacBook-Pro sudo[87911]: DEAD_PROCESS: 87911 ttys000
Jul 15 05:27:50 Drs-MacBook-Pro sudo[87914]: USER_PROCESS: 87914 ttys000
Jul 15 05:27:50 Drs-MacBook-Pro sudo[87914]: DEAD_PROCESS: 87914 ttys000
Jul 15 05:28:21 Drs-MacBook-Pro sudo[87917]: USER_PROCESS: 87917 ttys000
Jul 15 05:28:26 Drs-MacBook-Pro sudo[87917]: DEAD_PROCESS: 87917 ttys000
Jul 15 05:28:36 Drs-MacBook-Pro sudo[87934]: USER_PROCESS: 87934 ttys000
Jul 15 05:28:44 Drs-MacBook-Pro login[87562]: DEAD_PROCESS: 87562 ttys004
Jul 15 05:28:47 Drs-MacBook-Pro sudo[87934]: DEAD_PROCESS: 87934 ttys000
Jul 15 05:28:53 Drs-MacBook-Pro login[87736]: DEAD_PROCESS: 87736 ttys002
Jul 15 05:29:03 Drs-MacBook-Pro sessionlogoutd[87979]: DEAD_PROCESS: 173 console
Jul 15 05:29:03 Drs-MacBook-Pro shutdown[87980]: SHUTDOWN_TIME: 1784111343 312884
Jul 15 05:36:52 localhost bootlog[0]: BOOT_TIME 1784111812 0
Jul 15 05:36:56 localhost syslogd[133]: Configuration Notice:
	ASL Module "com.apple.cdscheduler" claims selected messages.
	Those messages may not appear in standard system log files or in the ASL database.
Jul 15 05:36:56 localhost syslogd[133]: Configuration Notice:
	ASL Module "com.apple.install" claims selected messages.
	Those messages may not appear in standard system log files or in the ASL database.
Jul 15 05:36:56 localhost syslogd[133]: Configuration Notice:
	ASL Module "com.apple.authd" sharing output destination "/var/log/asl" with ASL Module "com.apple.asl".
	Output parameters from ASL Module "com.apple.asl" override any specified in ASL Module "com.apple.authd".
Jul 15 05:36:56 localhost syslogd[133]: Configuration Notice:
	ASL Module "com.apple.authd" sharing output destination "/var/log/system.log" with ASL Module "com.apple.asl".
	Output parameters from ASL Module "com.apple.asl" override any specified in ASL Module "com.apple.authd".
Jul 15 05:36:56 localhost syslogd[133]: Configuration Notice:
	ASL Module "com.apple.authd" claims selected messages.
	Those messages may not appear in standard system log files or in the ASL database.
Jul 15 05:36:56 localhost syslogd[133]: Configuration Notice:
	ASL Module "com.apple.eventmonitor" claims selected messages.
	Those messages may not appear in standard system log files or in the ASL database.
Jul 15 05:36:56 localhost syslogd[133]: Configuration Notice:
	ASL Module "com.apple.mail" claims selected messages.
	Those messages may not appear in standard system log files or in the ASL database.
Jul 15 05:36:56 localhost syslogd[133]: Configuration Notice:
	ASL Module "com.apple.performance" claims selected messages.
	Those messages may not appear in standard system log files or in the ASL database.
Jul 15 05:36:56 localhost syslogd[133]: Configuration Notice:
	ASL Module "com.apple.iokit.power" claims selected messages.
	Those messages may not appear in standard system log files or in the ASL database.
Jul 15 05:36:56 localhost syslogd[133]: Configuration Notice:
	ASL Module "com.apple.contacts.ContactsAutocomplete" claims selected messages.
	Those messages may not appear in standard system log files or in the ASL database.
Jul 15 05:36:56 localhost syslogd[133]: Configuration Notice:
	ASL Module "com.apple.mkb" sharing output destination "/private/var/log/keybagd.log" with ASL Module "com.apple.mkb.internal".
	Output parameters from ASL Module "com.apple.mkb.internal" override any specified in ASL Module "com.apple.mkb".
Jul 15 05:36:56 localhost syslogd[133]: Configuration Notice:
	ASL Module "com.apple.mkb" claims selected messages.
	Those messages may not appear in standard system log files or in the ASL database.
Jul 15 05:36:56 localhost syslogd[133]: Configuration Notice:
	ASL Module "com.apple.MessageTracer" claims selected messages.
	Those messages may not appear in standard system log files or in the ASL database.
Jul 15 05:36:56 localhost Installer Progress[130]: Progress UI App Starting
Jul 15 05:36:56 localhost syslogd[133]: ASL Sender Statistics
Jul 15 05:37:26 Drs-MacBook-Pro Installer Progress[130]: 1 Boot windows acquired
Jul 15 05:37:26 Drs-MacBook-Pro Installer Progress[130]: Enable display of the Cinematic Boot windows
Jul 15 05:37:26 Drs-MacBook-Pro Installer Progress[130]: _ShowUnmanagedSpace: 15503: Showing Unmanaged Space 2
Jul 15 05:37:26 Drs-MacBook-Pro Installer Progress[130]: Hiding the cursor in Progress UI
Jul 15 05:37:26 Drs-MacBook-Pro Installer Progress[130]: Configuration is deferred 0
Jul 15 05:37:27 Drs-MacBook-Pro Installer Progress[130]: IASGetCurrentInstallPhaseList: phases = (
	        {
	        ConclusionDelay = 0;
	        InstallPhase = "IOKit Boot";
	        InstallPhaseActualPercentageKey = "34.08203125";
	        InstallPhasePercentageKey = 34;
	    },
	        {
	        ConclusionDelay = "-1";
	        InstallPhase = "loginwindow Boot";
	        InstallPhaseActualPercentageKey = "65.91796875";
	        InstallPhasePercentageKey = 66;
	    }
	)
Jul 15 05:37:27 Drs-MacBook-Pro Installer Progress[130]: IASGetCurrentInstallPhase: Current phase name is "loginwindow Boot"
Jul 15 05:37:27 Drs-MacBook-Pro Installer Progress[130]: Advance to phase named = "loginwindow Boot"
Jul 15 05:37:27 Drs-MacBook-Pro Installer Progress[130]: currentPhase = "<IASPPhase: 0x6000001eaee0: 'loginwindow Boot', percentage 65.9, delay -1>", phases = (
	    "<IASPPhase: 0x6000001eaf20: 'IOKit Boot', percentage 34.1, delay 0>",
	    "<IASPPhase: 0x6000001eaee0: 'loginwindow Boot', percentage 65.9, delay -1>"
	)
Jul 15 05:37:27 Drs-MacBook-Pro Installer Progress[130]: Progress app is loading…
Jul 15 05:37:27 Drs-MacBook-Pro Installer Progress[130]: Progress app is running…
Jul 15 05:37:27 Drs-MacBook-Pro loginwindow[173]: Clearing phase info
Jul 15 05:37:27 Drs-MacBook-Pro loginwindow[173]: calling progress app remoteObjectProxy
Jul 15 05:37:27 Drs-MacBook-Pro loginwindow[173]: Creating connection
Jul 15 05:37:27 Drs-MacBook-Pro loginwindow[173]: Connection = 0x6000008cc960, callers = (
	    "<IASUPCaller: 0x600003bc84c0>"
	)
Jul 15 05:37:27 Drs-MacBook-Pro Installer Progress[130]: caller = /System/Library/CoreServices/loginwindow.app/Contents/MacOS/loginwindow
Jul 15 05:37:27 Drs-MacBook-Pro Installer Progress[130]: Version 2
Jul 15 05:37:27 Drs-MacBook-Pro loginwindow[173]: version = 2
Jul 15 05:37:27 Drs-MacBook-Pro loginwindow[173]: isModernOS = 1
Jul 15 05:37:27 Drs-MacBook-Pro loginwindow[173]: Add phase named "IOKit Boot", progress 37.304688, delayInSeconds 0
Jul 15 05:37:27 Drs-MacBook-Pro Installer Progress[130]: Clearing phase info
Jul 15 05:37:27 Drs-MacBook-Pro Installer Progress[130]: IASClearInstallProgress: Clearing Registry
Jul 15 05:37:27 Drs-MacBook-Pro loginwindow[173]: Add phase named "loginwindow Boot", progress 62.695312, delayInSeconds -1
Jul 15 05:37:27 Drs-MacBook-Pro Installer Progress[130]: totalPercentage = 0.000000
Jul 15 05:37:27 Drs-MacBook-Pro loginwindow[173]: Connection = 0x6000008cc960, callers = (
	    "<IASUPCaller: 0x600003bc84c0>",
	    "<IASUPCaller: 0x600003bc8500>"
	)
Jul 15 05:37:27 Drs-MacBook-Pro Installer Progress[130]: currentPhase = "(null)", phases = (
	    "<IASPPhase: 0x6000001eadc0: 'IOKit Boot', percentage 37.3, delay 0>"
	)
Jul 15 05:37:27 Drs-MacBook-Pro loginwindow[173]: client 0x600002ce0c40: phaseName = "loginwindow Boot", registering connection
Jul 15 05:37:27 Drs-MacBook-Pro loginwindow[173]: client 0x600002ce0c40: phaseName = "loginwindow Boot" was created
Jul 15 05:37:27 Drs-MacBook-Pro Installer Progress[130]: IASSetCurrentInstallPhaseList: phases set to (
	        {
	        ConclusionDelay = 0;
	        InstallPhase = "IOKit Boot";
	        InstallPhaseActualPercentageKey = "37.30469";
	        InstallPhasePercentageKey = 37;
	    }
	)
Jul 15 05:37:27 Drs-MacBook-Pro loginwindow[173]: Connection = 0x6000008cc960, callers = (
	    "<IASUPCaller: 0x600003bc84c0>",
	    "<IASUPCaller: 0x600003bc8500>",
	    "<IASUPCaller: 0x600003bc1520>"
	)
Jul 15 05:37:27 Drs-MacBook-Pro loginwindow[173]: client 0x600002ce8c80: phaseName = "IOKit Boot", registering connection
Jul 15 05:37:27 Drs-MacBook-Pro Installer Progress[130]: IASSetCurrentInstallPhase: Current phase name set to "IOKit Boot"
Jul 15 05:37:27 Drs-MacBook-Pro Installer Progress[130]: totalPercentage = 37.304688
Jul 15 05:37:27 Drs-MacBook-Pro loginwindow[173]: client 0x600002ce8c80: phaseName = "IOKit Boot" was created
Jul 15 05:37:27 Drs-MacBook-Pro Installer Progress[130]: currentPhase = "<IASPPhase: 0x6000001eadc0: 'IOKit Boot', percentage 37.3, delay 0>", phases = (
	    "<IASPPhase: 0x6000001eadc0: 'IOKit Boot', percentage 37.3, delay 0>",
	    "<IASPPhase: 0x6000001eafc0: 'loginwindow Boot', percentage 62.7, delay -1>"
	)
Jul 15 05:37:27 Drs-MacBook-Pro loginwindow[173]: client 0x600002ce8c80: phaseName = "IOKit Boot", show progress UI called
Jul 15 05:37:27 Drs-MacBook-Pro loginwindow[173]: ISAP: Show progress UI called
Jul 15 05:37:27 Drs-MacBook-Pro loginwindow[173]: client 0x600002ce8c80: phaseName = "IOKit Boot" is done
Jul 15 05:37:27 Drs-MacBook-Pro loginwindow[173]: ISAP: Done with Phase "IOKit Boot"
Jul 15 05:37:27 Drs-MacBook-Pro Installer Progress[130]: IASSetCurrentInstallPhaseList: phases set to (
	        {
	        ConclusionDelay = 0;
	        InstallPhase = "IOKit Boot";
	        InstallPhaseActualPercentageKey = "37.30469";
	        InstallPhasePercentageKey = 37;
	    },
	        {
	        ConclusionDelay = "-1";
	        InstallPhase = "loginwindow Boot";
	        InstallPhaseActualPercentageKey = "62.69531";
	        InstallPhasePercentageKey = 63;
	    }
	)
Jul 15 05:37:27 Drs-MacBook-Pro loginwindow[173]: client 0x600002ce8c80: phaseName = "IOKit Boot" is being released
Jul 15 05:37:27 Drs-MacBook-Pro loginwindow[173]: Releasing Connection
Jul 15 05:37:27 Drs-MacBook-Pro Installer Progress[130]: Register process 173, phaseName loginwindow Boot, uuid BB22D45D-AB76-49B1-B575-4AC6AAE635CC
Jul 15 05:37:27 Drs-MacBook-Pro Installer Progress[130]: Connected processes {
	    "BB22D45D-AB76-49B1-B575-4AC6AAE635CC" =     {
	        "Phase Name" = "loginwindow Boot";
	        "Process ID" = 173;
	        UUID = "BB22D45D-AB76-49B1-B575-4AC6AAE635CC";
	    };
	}
Jul 15 05:37:27 Drs-MacBook-Pro loginwindow[173]: client 0x600002ce0c40: handler = 0x7ff7b4f23198
Jul 15 05:37:27 Drs-MacBook-Pro Installer Progress[130]: Saving completion handler for phase loginwindow Boot
Jul 15 05:37:27 Drs-MacBook-Pro Installer Progress[130]: Connected processes {
	    "BB22D45D-AB76-49B1-B575-4AC6AAE635CC" =     {
	        CompletionHandlerKey = "<__NSMallocBlock__: 0x6000022e4eb0>";
	        "Phase Name" = "loginwindow Boot";
	        "Process ID" = 173;
	        UUID = "BB22D45D-AB76-49B1-B575-4AC6AAE635CC";
	    };
	}
Jul 15 05:37:27 Drs-MacBook-Pro Installer Progress[130]: Register process 173, phaseName IOKit Boot, uuid C5FB9666-4468-4B77-B1EA-F962BD12CEB2
Jul 15 05:37:27 Drs-MacBook-Pro Installer Progress[130]: Connected processes {
	    "BB22D45D-AB76-49B1-B575-4AC6AAE635CC" =     {
	        CompletionHandlerKey = "<__NSMallocBlock__: 0x6000022e4eb0>";
	        "Phase Name" = "loginwindow Boot";
	        "Process ID" = 173;
	        UUID = "BB22D45D-AB76-49B1-B575-4AC6AAE635CC";
	    };
	    "C5FB9666-4468-4B77-B1EA-F962BD12CEB2" =     {
	        "Phase Name" = "IOKit Boot";
	        "Process ID" = 173;
	        UUID = "C5FB9666-4468-4B77-B1EA-F962BD12CEB2";
	    };
	}
Jul 15 05:37:27 Drs-MacBook-Pro Installer Progress[130]: Saving completion handler for phase IOKit Boot
Jul 15 05:37:27 Drs-MacBook-Pro Installer Progress[130]: Connected processes {
	    "BB22D45D-AB76-49B1-B575-4AC6AAE635CC" =     {
	        CompletionHandlerKey = "<__NSMallocBlock__: 0x6000022e4eb0>";
	        "Phase Name" = "loginwindow Boot";
	        "Process ID" = 173;
	        UUID = "BB22D45D-AB76-49B1-B575-4AC6AAE635CC";
	    };
	    "C5FB9666-4468-4B77-B1EA-F962BD12CEB2" =     {
	        CompletionHandlerKey = "<__NSMallocBlock__: 0x6000022ea260>";
	        "Phase Name" = "IOKit Boot";
	        "Process ID" = 173;
	        UUID = "C5FB9666-4468-4B77-B1EA-F962BD12CEB2";
	    };
	}
Jul 15 05:37:27 Drs-MacBook-Pro Installer Progress[130]: Progress Updated: currentPhase = "IOKit Boot", phase progress = 100.000, total progress = 37.305
Jul 15 05:37:27 Drs-MacBook-Pro Installer Progress[130]: IASGetCurrentInstallPhaseList: phases = (
	        {
	        ConclusionDelay = 0;
	        InstallPhase = "IOKit Boot";
	        InstallPhaseActualPercentageKey = "37.3046875";
	        InstallPhasePercentageKey = 37;
	    },
	        {
	        ConclusionDelay = "-1";
	        InstallPhase = "loginwindow Boot";
	        InstallPhaseActualPercentageKey = "62.6953125";
	        InstallPhasePercentageKey = 63;
	    }
	)
Jul 15 05:37:27 Drs-MacBook-Pro Installer Progress[130]: IASGetCurrentInstallPhase: Current phase name is "IOKit Boot"
Jul 15 05:37:27 Drs-MacBook-Pro Installer Progress[130]: Advance to phase named = "IOKit Boot"
Jul 15 05:37:27 Drs-MacBook-Pro Installer Progress[130]: currentPhase = "<IASPPhase: 0x6000001eb0e0: 'IOKit Boot', percentage 37.3, delay 0>", phases = (
	    "<IASPPhase: 0x6000001eb0e0: 'IOKit Boot', percentage 37.3, delay 0>",
	    "<IASPPhase: 0x6000001eb360: 'loginwindow Boot', percentage 62.7, delay -1>"
	)
Jul 15 05:37:27 Drs-MacBook-Pro Installer Progress[130]: Showing Progress UI
Jul 15 05:37:27 Drs-MacBook-Pro Installer Progress[130]: HotKeys disabled
Jul 15 05:37:27 Drs-MacBook-Pro Installer Progress[130]: Progress app set to foreground app
Jul 15 05:37:27 Drs-MacBook-Pro Installer Progress[130]: _LSSetMetaApplicationInformationItem add to frontmost list success
Jul 15 05:37:27 Drs-MacBook-Pro Installer Progress[130]: Showing the windows
Jul 15 05:37:27 Drs-MacBook-Pro Installer Progress[130]: There are 0 window(s) and 1 display(s), 1 window(s) will be added
Jul 15 05:37:27 Drs-MacBook-Pro Installer Progress[130]: Created a window at {{0, 0}, {1280, 800}}
Jul 15 05:37:27 Drs-MacBook-Pro Installer Progress[130]: Adding Apple Logo
Jul 15 05:37:27 Drs-MacBook-Pro Installer Progress[130]: Apple logo view created
Jul 15 05:37:27 Drs-MacBook-Pro Installer Progress[130]: Status is ""
Jul 15 05:37:27 Drs-MacBook-Pro Installer Progress[130]: Alternate status is ""
Jul 15 05:37:27 Drs-MacBook-Pro Installer Progress[130]: IASPIsUsingFileVault NO
Jul 15 05:37:27 Drs-MacBook-Pro Installer Progress[130]: IASPGetBootMode Standard
Jul 15 05:37:27 Drs-MacBook-Pro Installer Progress[130]: no background for progress added because:
Jul 15 05:37:27 Drs-MacBook-Pro Installer Progress[130]:        and / or NOT booting from EFI loginwindow
Jul 15 05:37:27 Drs-MacBook-Pro Installer Progress[130]: Setting window alpha values to 1.0
Jul 15 05:37:27 Drs-MacBook-Pro Installer Progress[130]: Ordering windows front
Jul 15 05:37:27 Drs-MacBook-Pro Installer Progress[130]: Created CG Shield Window
Jul 15 05:37:27 Drs-MacBook-Pro Installer Progress[130]: Enable the display of progress windows
Jul 15 05:37:27 Drs-MacBook-Pro Installer Progress[130]: Using AppKit display change notification
Jul 15 05:37:27 Drs-MacBook-Pro Installer Progress[130]: Done with phase = "IOKit Boot"
Jul 15 05:37:27 Drs-MacBook-Pro Installer Progress[130]: Progress Updated: currentPhase = "IOKit Boot", phase progress = 100.000, total progress = 37.305
Jul 15 05:37:27 Drs-MacBook-Pro Installer Progress[130]: IASSetCurrentInstallPhase: Current phase name set to "loginwindow Boot"
Jul 15 05:37:27 Drs-MacBook-Pro Installer Progress[130]: Saving completion handler for phase IOKit Boot
Jul 15 05:37:27 Drs-MacBook-Pro Installer Progress[130]: Connected processes {
	    "BB22D45D-AB76-49B1-B575-4AC6AAE635CC" =     {
	        CompletionHandlerKey = "<__NSMallocBlock__: 0x6000022e4eb0>";
	        "Phase Name" = "loginwindow Boot";
	        "Process ID" = 173;
	        UUID = "BB22D45D-AB76-49B1-B575-4AC6AAE635CC";
	    };
	    "C5FB9666-4468-4B77-B1EA-F962BD12CEB2" =     {
	        CompletionHandlerKey = "<__NSMallocBlock__: 0x6000022ea3a0>";
	        "Phase Name" = "IOKit Boot";
	        "Process ID" = 173;
	        UUID = "C5FB9666-4468-4B77-B1EA-F962BD12CEB2";
	    };
	}
Jul 15 05:37:27 Drs-MacBook-Pro Installer Progress[130]: Unregister process 173, phaseName IOKit Boot, uuid C5FB9666-4468-4B77-B1EA-F962BD12CEB2
Jul 15 05:37:27 Drs-MacBook-Pro Installer Progress[130]: Connected processes {
	    "BB22D45D-AB76-49B1-B575-4AC6AAE635CC" =     {
	        CompletionHandlerKey = "<__NSMallocBlock__: 0x6000022e4eb0>";
	        "Phase Name" = "loginwindow Boot";
	        "Process ID" = 173;
	        UUID = "BB22D45D-AB76-49B1-B575-4AC6AAE635CC";
	    };
	}
Jul 15 05:37:27 Drs-MacBook-Pro Installer Progress[130]: Progress Updated: currentPhase = "loginwindow Boot", phase progress = 10.000, total progress = 43.574
Jul 15 05:37:27 Drs-MacBook-Pro Installer Progress[130]: Progress Updated: currentPhase = "loginwindow Boot", phase progress = 30.000, total progress = 56.113
Jul 15 05:37:27 Drs-MacBook-Pro Installer Progress[130]: Releasing the boot windows
Jul 15 05:37:28 Drs-MacBook-Pro Installer Progress[130]: Progress Updated: currentPhase = "loginwindow Boot", phase progress = 55.000, total progress = 71.787
Jul 15 05:37:28 Drs-MacBook-Pro loginwindow[173]: USER_PROCESS: 173 console
Jul 15 05:37:29 Drs-MacBook-Pro Installer Progress[130]: Progress Updated: currentPhase = "loginwindow Boot", phase progress = 80.000, total progress = 87.461
Jul 15 05:37:32 Drs-MacBook-Pro Installer Progress[130]: Progress Updated: currentPhase = "loginwindow Boot", phase progress = 100.000, total progress = 100.000
Jul 15 05:37:33 Drs-MacBook-Pro Installer Progress[130]: Calling animation completion handler
Jul 15 05:37:33 Drs-MacBook-Pro Installer Progress[130]: Progress complete, notifying registered clients
Jul 15 05:37:33 Drs-MacBook-Pro Installer Progress[130]: Calling completion handler for phase "loginwindow Boot"
Jul 15 05:37:33 Drs-MacBook-Pro loginwindow[173]: Calling completion handler for 0x600002ce0c40
Jul 15 05:37:33 Drs-MacBook-Pro loginwindow[173]: client 0x600002ce0c40: phaseName = "loginwindow Boot", hide progress UI called
Jul 15 05:37:33 Drs-MacBook-Pro loginwindow[173]: ISAP: hide progress UI called
Jul 15 05:37:33 Drs-MacBook-Pro loginwindow[173]: client 0x600002ce0c40: phaseName = "loginwindow Boot" is being released
Jul 15 05:37:33 Drs-MacBook-Pro Installer Progress[130]: Hiding Progress UI
Jul 15 05:37:33 Drs-MacBook-Pro loginwindow[173]: Releasing Connection
Jul 15 05:37:33 Drs-MacBook-Pro Installer Progress[130]: Showing the cursor in Progress UI
Jul 15 05:37:33 Drs-MacBook-Pro Installer Progress[130]: GUI session is logged in
Jul 15 05:37:33 Drs-MacBook-Pro Installer Progress[130]: Order Out CG Shield Window
Jul 15 05:37:33 Drs-MacBook-Pro Installer Progress[130]: Setting window alpha values to 0.0
Jul 15 05:37:33 Drs-MacBook-Pro Installer Progress[130]: Progress app removed from the frontmost only list
Jul 15 05:37:33 Drs-MacBook-Pro Installer Progress[130]: Progress app set to Background only app
Jul 15 05:37:33 Drs-MacBook-Pro Installer Progress[130]: HotKeys enabled
Jul 15 05:37:33 Drs-MacBook-Pro Installer Progress[130]: Start quit timer, will attempt to quit in 5 second(s) at 5:37:38 AM
Jul 15 05:37:33 Drs-MacBook-Pro Installer Progress[130]: Saving completion handler for phase loginwindow Boot
Jul 15 05:37:33 Drs-MacBook-Pro Installer Progress[130]: Connected processes {
	    "BB22D45D-AB76-49B1-B575-4AC6AAE635CC" =     {
	        CompletionHandlerKey = "<__NSMallocBlock__: 0x6000022ed0e0>";
	        "Phase Name" = "loginwindow Boot";
	        "Process ID" = 173;
	        UUID = "BB22D45D-AB76-49B1-B575-4AC6AAE635CC";
	    };
	}
Jul 15 05:37:33 Drs-MacBook-Pro Installer Progress[130]: Unregister process 173, phaseName loginwindow Boot, uuid BB22D45D-AB76-49B1-B575-4AC6AAE635CC
Jul 15 05:37:33 Drs-MacBook-Pro Installer Progress[130]: Connected processes {
	}
Jul 15 05:37:33 Drs-MacBook-Pro Installer Progress[130]: Will attempt to bring the Finder forward
Jul 15 05:37:33 Drs-MacBook-Pro Installer Progress[130]: Start quit timer, will attempt to quit in 5 second(s) at 5:37:38 AM
Jul 15 05:37:33 Drs-MacBook-Pro Installer Progress[130]: Activated application <NSRunningApplication: 0x600002feba80 (com.apple.finder - 407) LSASN:{hi=0x0;lo=0x13013}>
Jul 15 05:37:33 Drs-MacBook-Pro Installer Progress[130]: Ordering windows out
Jul 15 05:37:38 Drs-MacBook-Pro Installer Progress[130]: There are still phases. Overall progress has reached 100 percent. The UI is not showing. Quitting.
Jul 15 05:37:38 Drs-MacBook-Pro Installer Progress[130]: Quitting Progress App
Jul 15 05:37:38 Drs-MacBook-Pro Installer Progress[130]: Showing the cursor in Progress UI
Jul 15 05:37:38 Drs-MacBook-Pro Installer Progress[130]: GUI session is logged in
Jul 15 05:37:38 Drs-MacBook-Pro Installer Progress[130]: Order Out CG Shield Window
Jul 15 05:37:38 Drs-MacBook-Pro Installer Progress[130]: Setting window alpha values to 0.0
Jul 15 05:37:38 Drs-MacBook-Pro Installer Progress[130]: Showing the cursor in Progress UI
Jul 15 05:37:38 Drs-MacBook-Pro loginwindow[173]: The connection was interrupted, calling interruption handlers
Jul 15 05:37:47 Drs-MacBook-Pro login[551]: USER_PROCESS: 551 ttys000
Jul 15 05:38:27 Drs-MacBook-Pro loginwindow[173]: There is still an active connection
Jul 15 05:39:03 --- last message repeated 1 time ---
Jul 15 05:39:34 Drs-MacBook-Pro sudo[581]: USER_PROCESS: 581 ttys001
Jul 15 05:39:34 Drs-MacBook-Pro sudo[581]: DEAD_PROCESS: 581 ttys001
Jul 15 05:39:54 Drs-MacBook-Pro sudo[588]: USER_PROCESS: 588 ttys001
Jul 15 05:41:05 Drs-MacBook-Pro sudo[588]: DEAD_PROCESS: 588 ttys001
Jul 15 05:45:58 Drs-MacBook-Pro login[626]: USER_PROCESS: 626 ttys001
Jul 15 05:47:01 Drs-MacBook-Pro syslogd[133]: ASL Sender Statistics
Jul 15 05:57:24 Drs-MacBook-Pro syslogd[133]: ASL Sender Statistics
Jul 15 06:07:32 Drs-MacBook-Pro syslogd[133]: ASL Sender Statistics
Jul 15 06:18:15 Drs-MacBook-Pro syslogd[133]: ASL Sender Statistics
Jul 15 06:18:53 Drs-MacBook-Pro sudo[1407]: USER_PROCESS: 1407 ttys002
Jul 15 06:18:53 Drs-MacBook-Pro sudo[1407]: DEAD_PROCESS: 1407 ttys002
Jul 15 06:29:30 Drs-MacBook-Pro syslogd[133]: ASL Sender Statistics
Jul 15 06:30:55 Drs-MacBook-Pro login[1650]: USER_PROCESS: 1650 ttys002
Jul 15 06:32:37 Drs-MacBook-Pro login[1650]: DEAD_PROCESS: 1650 ttys002
Jul 15 06:42:30 Drs-MacBook-Pro login[1985]: USER_PROCESS: 1985 ttys002
Jul 15 06:42:30 Drs-MacBook-Pro syslogd[133]: ASL Sender Statistics
Jul 15 06:43:23 Drs-MacBook-Pro login[2004]: USER_PROCESS: 2004 ttys003
Jul 15 06:47:29 Drs-MacBook-Pro login[2004]: DEAD_PROCESS: 2004 ttys003
Jul 15 06:59:30 Drs-MacBook-Pro login[626]: DEAD_PROCESS: 626 ttys001
Jul 15 06:59:30 Drs-MacBook-Pro syslogd[133]: ASL Sender Statistics
Jul 15 07:00:18 Drs-MacBook-Pro login[551]: DEAD_PROCESS: 551 ttys000
Jul 15 07:01:36 Drs-MacBook-Pro login[4762]: USER_PROCESS: 4762 ttys000
Jul 15 07:02:23 Drs-MacBook-Pro login[4762]: DEAD_PROCESS: 4762 ttys000
Jul 15 07:02:25 Drs-MacBook-Pro login[4794]: USER_PROCESS: 4794 ttys000
Jul 15 07:04:39 Drs-MacBook-Pro sudo[4816]: USER_PROCESS: 4816 ttys001
Jul 15 07:04:47 Drs-MacBook-Pro sudo[4816]: DEAD_PROCESS: 4816 ttys001
Jul 15 07:05:13 Drs-MacBook-Pro sudo[4830]: USER_PROCESS: 4830 ttys001
Jul 15 07:05:22 Drs-MacBook-Pro sudo[4830]: DEAD_PROCESS: 4830 ttys001
Jul 15 07:05:47 Drs-MacBook-Pro sudo[4836]: USER_PROCESS: 4836 ttys001
Jul 15 07:05:54 Drs-MacBook-Pro sudo[4836]: DEAD_PROCESS: 4836 ttys001
Jul 15 07:07:24 Drs-MacBook-Pro sudo[5355]: USER_PROCESS: 5355 ttys001
Jul 15 07:07:36 Drs-MacBook-Pro sudo[5355]: DEAD_PROCESS: 5355 ttys001
Jul 15 07:07:50 Drs-MacBook-Pro sudo[5376]: USER_PROCESS: 5376 ttys001
Jul 15 07:09:37 Drs-MacBook-Pro syslogd[133]: ASL Sender Statistics
Jul 15 07:17:22 Drs-MacBook-Pro sudo[5454]: USER_PROCESS: 5454 ttys003
Jul 15 07:17:42 Drs-MacBook-Pro sudo[5454]: DEAD_PROCESS: 5454 ttys003
Jul 15 07:20:23 Drs-MacBook-Pro syslogd[133]: ASL Sender Statistics
Jul 15 07:25:23 Drs-MacBook-Pro login[6105]: USER_PROCESS: 6105 ttys003
Jul 15 07:25:35 Drs-MacBook-Pro login[6105]: DEAD_PROCESS: 6105 ttys003
Jul 15 07:25:39 Drs-MacBook-Pro sudo[5376]: DEAD_PROCESS: 5376 ttys001
Jul 15 07:26:07 Drs-MacBook-Pro sudo[6133]: USER_PROCESS: 6133 ttys001
Jul 15 07:26:08 Drs-MacBook-Pro sudo[6133]: DEAD_PROCESS: 6133 ttys001
Jul 15 07:27:32 Drs-MacBook-Pro sudo[6155]: USER_PROCESS: 6155 ttys001
Jul 15 07:27:34 Drs-MacBook-Pro sudo[6155]: DEAD_PROCESS: 6155 ttys001
Jul 15 07:27:56 Drs-MacBook-Pro sudo[6165]: USER_PROCESS: 6165 ttys001
Jul 15 07:27:57 Drs-MacBook-Pro sudo[6165]: DEAD_PROCESS: 6165 ttys001
Jul 15 07:28:17 Drs-MacBook-Pro sudo[6172]: USER_PROCESS: 6172 ttys001
Jul 15 07:28:19 Drs-MacBook-Pro sudo[6172]: DEAD_PROCESS: 6172 ttys001
Jul 15 07:28:44 Drs-MacBook-Pro sudo[6179]: USER_PROCESS: 6179 ttys001
Jul 15 07:28:46 Drs-MacBook-Pro sudo[6179]: DEAD_PROCESS: 6179 ttys001
Jul 15 07:29:23 Drs-MacBook-Pro sudo[6194]: USER_PROCESS: 6194 ttys001
Jul 15 07:29:45 Drs-MacBook-Pro sudo[6194]: DEAD_PROCESS: 6194 ttys001
Jul 15 07:29:58 Drs-MacBook-Pro sudo[6210]: USER_PROCESS: 6210 ttys001
Jul 15 07:30:18 Drs-MacBook-Pro sudo[6210]: DEAD_PROCESS: 6210 ttys001
Jul 15 07:30:24 Drs-MacBook-Pro syslogd[133]: ASL Sender Statistics
Jul 15 07:31:56 Drs-MacBook-Pro sudo[6222]: USER_PROCESS: 6222 ttys001
Jul 15 07:31:56 Drs-MacBook-Pro sudo[6222]: DEAD_PROCESS: 6222 ttys001
Jul 15 07:32:07 Drs-MacBook-Pro sudo[6225]: USER_PROCESS: 6225 ttys001
Jul 15 07:32:07 Drs-MacBook-Pro sudo[6225]: DEAD_PROCESS: 6225 ttys001
Jul 15 07:32:15 Drs-MacBook-Pro sudo[6228]: USER_PROCESS: 6228 ttys001
Jul 15 07:32:15 Drs-MacBook-Pro sudo[6228]: DEAD_PROCESS: 6228 ttys001
Jul 15 07:33:32 Drs-MacBook-Pro sudo[6246]: USER_PROCESS: 6246 ttys001
Jul 15 07:33:32 Drs-MacBook-Pro sudo[6246]: DEAD_PROCESS: 6246 ttys001
Jul 15 07:33:44 Drs-MacBook-Pro sudo[6249]: USER_PROCESS: 6249 ttys001
Jul 15 07:33:44 Drs-MacBook-Pro sudo[6249]: DEAD_PROCESS: 6249 ttys001
Jul 15 07:33:52 Drs-MacBook-Pro sudo[6252]: USER_PROCESS: 6252 ttys001
Jul 15 07:33:52 Drs-MacBook-Pro sudo[6252]: DEAD_PROCESS: 6252 ttys001
Jul 15 07:34:13 Drs-MacBook-Pro sudo[6270]: USER_PROCESS: 6270 ttys001
Jul 15 07:34:24 Drs-MacBook-Pro sudo[6270]: DEAD_PROCESS: 6270 ttys001
Jul 15 07:40:36 Drs-MacBook-Pro syslogd[133]: ASL Sender Statistics
Jul 15 07:40:40 Drs-MacBook-Pro sudo[6313]: USER_PROCESS: 6313 ttys001
Jul 15 07:40:42 Drs-MacBook-Pro sudo[6313]: DEAD_PROCESS: 6313 ttys001
Jul 15 07:41:11 Drs-MacBook-Pro sudo[6322]: USER_PROCESS: 6322 ttys001
Jul 15 07:41:11 Drs-MacBook-Pro sudo[6322]: DEAD_PROCESS: 6322 ttys001
Jul 15 07:41:21 Drs-MacBook-Pro sudo[6325]: USER_PROCESS: 6325 ttys001
Jul 15 07:41:21 Drs-MacBook-Pro sudo[6325]: DEAD_PROCESS: 6325 ttys001
Jul 15 07:41:35 Drs-MacBook-Pro sudo[6329]: USER_PROCESS: 6329 ttys001
Jul 15 07:41:35 Drs-MacBook-Pro sudo[6329]: DEAD_PROCESS: 6329 ttys001
Jul 15 07:41:44 Drs-MacBook-Pro sudo[6332]: USER_PROCESS: 6332 ttys001
Jul 15 07:42:03 Drs-MacBook-Pro sudo[6332]: DEAD_PROCESS: 6332 ttys001
Jul 15 07:42:58 Drs-MacBook-Pro sudo[6350]: USER_PROCESS: 6350 ttys001
Jul 15 07:42:59 Drs-MacBook-Pro sudo[6350]: DEAD_PROCESS: 6350 ttys001
Jul 15 07:43:21 Drs-MacBook-Pro sudo[6354]: USER_PROCESS: 6354 ttys001
Jul 15 07:43:21 Drs-MacBook-Pro sudo[6354]: DEAD_PROCESS: 6354 ttys001
Jul 15 07:43:26 Drs-MacBook-Pro sudo[6357]: USER_PROCESS: 6357 ttys001
Jul 15 07:43:26 Drs-MacBook-Pro sudo[6357]: DEAD_PROCESS: 6357 ttys001
Jul 15 07:43:37 Drs-MacBook-Pro sudo[6360]: USER_PROCESS: 6360 ttys001
Jul 15 07:43:37 Drs-MacBook-Pro sudo[6360]: DEAD_PROCESS: 6360 ttys001
Jul 15 07:43:56 Drs-MacBook-Pro sudo[6371]: USER_PROCESS: 6371 ttys001
Jul 15 07:43:56 Drs-MacBook-Pro sudo[6371]: DEAD_PROCESS: 6371 ttys001
Jul 15 07:44:16 Drs-MacBook-Pro sudo[6375]: USER_PROCESS: 6375 ttys001
Jul 15 07:44:16 Drs-MacBook-Pro sudo[6375]: DEAD_PROCESS: 6375 ttys001
Jul 15 07:44:22 Drs-MacBook-Pro sudo[6378]: USER_PROCESS: 6378 ttys001
Jul 15 07:44:22 Drs-MacBook-Pro sudo[6378]: DEAD_PROCESS: 6378 ttys001
Jul 15 07:44:44 Drs-MacBook-Pro sudo[6382]: USER_PROCESS: 6382 ttys001
Jul 15 07:44:44 Drs-MacBook-Pro sudo[6382]: DEAD_PROCESS: 6382 ttys001
Jul 15 07:45:12 Drs-MacBook-Pro sudo[6385]: USER_PROCESS: 6385 ttys001
Jul 15 07:45:19 Drs-MacBook-Pro sudo[6385]: DEAD_PROCESS: 6385 ttys001
Jul 15 07:45:57 Drs-MacBook-Pro sudo[6389]: USER_PROCESS: 6389 ttys001
Jul 15 07:45:58 Drs-MacBook-Pro sudo[6389]: DEAD_PROCESS: 6389 ttys001
Jul 15 07:46:25 Drs-MacBook-Pro sudo[6392]: USER_PROCESS: 6392 ttys001
Jul 15 07:46:25 Drs-MacBook-Pro sudo[6392]: DEAD_PROCESS: 6392 ttys001
Jul 15 07:46:31 Drs-MacBook-Pro sudo[6395]: USER_PROCESS: 6395 ttys001
Jul 15 07:46:33 Drs-MacBook-Pro sudo[6395]: DEAD_PROCESS: 6395 ttys001
Jul 15 07:46:57 Drs-MacBook-Pro sudo[6398]: USER_PROCESS: 6398 ttys001
Jul 15 07:46:57 Drs-MacBook-Pro sudo[6398]: DEAD_PROCESS: 6398 ttys001
Jul 15 07:47:03 Drs-MacBook-Pro sudo[6401]: USER_PROCESS: 6401 ttys001
Jul 15 07:47:10 Drs-MacBook-Pro sudo[6401]: DEAD_PROCESS: 6401 ttys001
Jul 15 07:47:31 Drs-MacBook-Pro sudo[6417]: USER_PROCESS: 6417 ttys001
Jul 15 07:51:11 Drs-MacBook-Pro syslogd[133]: ASL Sender Statistics
Jul 15 07:52:10 Drs-MacBook-Pro sudo[6417]: DEAD_PROCESS: 6417 ttys001
Jul 15 07:55:07 Drs-MacBook-Pro login[6444]: USER_PROCESS: 6444 ttys001
Jul 15 07:58:56 Drs-MacBook-Pro sudo[6483]: USER_PROCESS: 6483 ttys003
Jul 15 07:59:45 Drs-MacBook-Pro sudo[6483]: DEAD_PROCESS: 6483 ttys003
Jul 15 08:00:07 Drs-MacBook-Pro sudo[6494]: USER_PROCESS: 6494 ttys003
Jul 15 08:00:12 Drs-MacBook-Pro sudo[6494]: DEAD_PROCESS: 6494 ttys003
Jul 15 08:00:21 Drs-MacBook-Pro sudo[6497]: USER_PROCESS: 6497 ttys003
Jul 15 08:00:21 Drs-MacBook-Pro sudo[6497]: DEAD_PROCESS: 6497 ttys003
Jul 15 08:00:34 Drs-MacBook-Pro sudo[6502]: USER_PROCESS: 6502 ttys003
Jul 15 08:00:42 Drs-MacBook-Pro sudo[6502]: DEAD_PROCESS: 6502 ttys003
Jul 15 08:01:47 Drs-MacBook-Pro login[6521]: USER_PROCESS: 6521 ttys003
Jul 15 08:01:47 Drs-MacBook-Pro syslogd[133]: ASL Sender Statistics
Jul 15 08:04:36 Drs-MacBook-Pro sudo[6574]: USER_PROCESS: 6574 ttys004
Jul 15 08:04:36 Drs-MacBook-Pro sudo[6574]: DEAD_PROCESS: 6574 ttys004
Jul 15 08:05:04 Drs-MacBook-Pro sudo[6645]: USER_PROCESS: 6645 ttys004
Jul 15 08:05:04 Drs-MacBook-Pro sudo[6645]: DEAD_PROCESS: 6645 ttys004
Jul 15 08:05:29 Drs-MacBook-Pro sudo[6654]: USER_PROCESS: 6654 ttys004
Jul 15 08:05:31 Drs-MacBook-Pro sudo[6654]: DEAD_PROCESS: 6654 ttys004
Jul 15 08:06:15 Drs-MacBook-Pro login[6521]: DEAD_PROCESS: 6521 ttys003
Jul 15 08:06:24 Drs-MacBook-Pro sudo[6679]: USER_PROCESS: 6679 ttys003
Jul 15 08:06:33 Drs-MacBook-Pro sudo[6679]: DEAD_PROCESS: 6679 ttys003
Jul 15 08:08:35 Drs-MacBook-Pro login[6766]: USER_PROCESS: 6766 ttys003
Jul 15 08:10:40 Drs-MacBook-Pro sudo[6969]: USER_PROCESS: 6969 ttys004
Jul 15 08:10:49 Drs-MacBook-Pro sudo[6969]: DEAD_PROCESS: 6969 ttys004
Jul 15 08:12:13 Drs-MacBook-Pro syslogd[133]: ASL Sender Statistics
Jul 15 08:12:47 Drs-MacBook-Pro sudo[7159]: USER_PROCESS: 7159 ttys004
Jul 15 08:13:02 Drs-MacBook-Pro sudo[7159]: DEAD_PROCESS: 7159 ttys004
Jul 15 08:13:13 Drs-MacBook-Pro sudo[7207]: USER_PROCESS: 7207 ttys004
Jul 15 08:13:19 Drs-MacBook-Pro sudo[7207]: DEAD_PROCESS: 7207 ttys004
Jul 15 08:13:45 Drs-MacBook-Pro sudo[7259]: USER_PROCESS: 7259 ttys004
Jul 15 08:13:45 Drs-MacBook-Pro sudo[7259]: DEAD_PROCESS: 7259 ttys004
Jul 15 08:13:49 Drs-MacBook-Pro sudo[7262]: USER_PROCESS: 7262 ttys004
Jul 15 08:14:01 Drs-MacBook-Pro sudo[7262]: DEAD_PROCESS: 7262 ttys004
Jul 15 08:14:06 Drs-MacBook-Pro sudo[7265]: USER_PROCESS: 7265 ttys004
Jul 15 08:14:06 Drs-MacBook-Pro sudo[7265]: DEAD_PROCESS: 7265 ttys004
Jul 15 08:15:06 Drs-MacBook-Pro sudo[7301]: USER_PROCESS: 7301 ttys004
Jul 15 08:15:06 Drs-MacBook-Pro sudo[7301]: DEAD_PROCESS: 7301 ttys004
Jul 15 08:15:32 Drs-MacBook-Pro sudo[7306]: USER_PROCESS: 7306 ttys004
Jul 15 08:18:42 Drs-MacBook-Pro sudo[7306]: DEAD_PROCESS: 7306 ttys004
Jul 15 08:19:08 Drs-MacBook-Pro sudo[7355]: USER_PROCESS: 7355 ttys004
Jul 15 08:19:10 Drs-MacBook-Pro sudo[7355]: DEAD_PROCESS: 7355 ttys004
Jul 15 08:20:22 Drs-MacBook-Pro sudo[7358]: USER_PROCESS: 7358 ttys004
Jul 15 08:20:23 Drs-MacBook-Pro sudo[7358]: DEAD_PROCESS: 7358 ttys004
Jul 15 08:20:30 Drs-MacBook-Pro sudo[7361]: USER_PROCESS: 7361 ttys004
Jul 15 08:20:31 Drs-MacBook-Pro sudo[7361]: DEAD_PROCESS: 7361 ttys004
Jul 15 08:20:46 Drs-MacBook-Pro sudo[7364]: USER_PROCESS: 7364 ttys004
Jul 15 08:20:47 Drs-MacBook-Pro sudo[7364]: DEAD_PROCESS: 7364 ttys004
Jul 15 08:20:52 Drs-MacBook-Pro sudo[7367]: USER_PROCESS: 7367 ttys004
Jul 15 08:20:52 Drs-MacBook-Pro sudo[7367]: DEAD_PROCESS: 7367 ttys004
Jul 15 08:21:19 Drs-MacBook-Pro sudo[7370]: USER_PROCESS: 7370 ttys004
Jul 15 08:21:23 Drs-MacBook-Pro sudo[7370]: DEAD_PROCESS: 7370 ttys004
Jul 15 08:21:47 Drs-MacBook-Pro sudo[7373]: USER_PROCESS: 7373 ttys004
Jul 15 08:21:48 Drs-MacBook-Pro sudo[7373]: DEAD_PROCESS: 7373 ttys004
Jul 15 08:23:21 Drs-MacBook-Pro syslogd[133]: ASL Sender Statistics
Jul 15 08:23:21 Drs-MacBook-Pro sudo[7378]: USER_PROCESS: 7378 ttys004
Jul 15 08:23:22 Drs-MacBook-Pro sudo[7378]: DEAD_PROCESS: 7378 ttys004
Jul 15 08:25:32 Drs-MacBook-Pro sudo[7396]: USER_PROCESS: 7396 ttys004
Jul 15 08:25:33 Drs-MacBook-Pro sudo[7396]: DEAD_PROCESS: 7396 ttys004
Jul 15 08:26:03 Drs-MacBook-Pro sudo[7399]: USER_PROCESS: 7399 ttys004
Jul 15 08:26:04 Drs-MacBook-Pro sudo[7399]: DEAD_PROCESS: 7399 ttys004
Jul 15 08:27:03 Drs-MacBook-Pro sudo[7403]: USER_PROCESS: 7403 ttys004
Jul 15 08:27:50 Drs-MacBook-Pro login[7406]: USER_PROCESS: 7406 ttys005
Jul 15 08:28:01 Drs-MacBook-Pro login[7406]: DEAD_PROCESS: 7406 ttys005
Jul 15 08:28:13 Drs-MacBook-Pro login[6444]: DEAD_PROCESS: 6444 ttys001
Jul 15 08:35:20 Drs-MacBook-Pro syslogd[133]: ASL Sender Statistics
Jul 15 08:35:29 Drs-MacBook-Pro login[7481]: USER_PROCESS: 7481 ttys001
Jul 15 08:36:59 Drs-MacBook-Pro sudo[7503]: USER_PROCESS: 7503 ttys005
Jul 15 08:36:59 Drs-MacBook-Pro sudo[7503]: DEAD_PROCESS: 7503 ttys005
Jul 15 08:37:11 Drs-MacBook-Pro sudo[7513]: USER_PROCESS: 7513 ttys005
Jul 15 08:37:11 Drs-MacBook-Pro sudo[7513]: DEAD_PROCESS: 7513 ttys005
Jul 15 08:37:18 Drs-MacBook-Pro sudo[7520]: USER_PROCESS: 7520 ttys005
Jul 15 08:37:18 Drs-MacBook-Pro sudo[7520]: DEAD_PROCESS: 7520 ttys005
Jul 15 08:37:38 Drs-MacBook-Pro sudo[7525]: USER_PROCESS: 7525 ttys005
Jul 15 08:38:01 Drs-MacBook-Pro sudo[7525]: DEAD_PROCESS: 7525 ttys005
Jul 15 08:38:06 Drs-MacBook-Pro sudo[7529]: USER_PROCESS: 7529 ttys005
Jul 15 08:38:06 Drs-MacBook-Pro sudo[7529]: DEAD_PROCESS: 7529 ttys005
Jul 15 08:38:11 Drs-MacBook-Pro sudo[7533]: USER_PROCESS: 7533 ttys005
Jul 15 08:38:18 Drs-MacBook-Pro sudo[7533]: DEAD_PROCESS: 7533 ttys005
Jul 15 08:38:22 Drs-MacBook-Pro sudo[7537]: USER_PROCESS: 7537 ttys005
Jul 15 08:38:28 Drs-MacBook-Pro sudo[7537]: DEAD_PROCESS: 7537 ttys005
Jul 15 08:39:02 Drs-MacBook-Pro sudo[7540]: USER_PROCESS: 7540 ttys005
Jul 15 08:39:02 Drs-MacBook-Pro sudo[7540]: DEAD_PROCESS: 7540 ttys005
Jul 15 08:39:23 Drs-MacBook-Pro sudo[7543]: USER_PROCESS: 7543 ttys005
Jul 15 08:39:23 Drs-MacBook-Pro sudo[7543]: DEAD_PROCESS: 7543 ttys005
Jul 15 08:39:30 Drs-MacBook-Pro sudo[7546]: USER_PROCESS: 7546 ttys005
Jul 15 08:39:30 Drs-MacBook-Pro sudo[7546]: DEAD_PROCESS: 7546 ttys005
Jul 15 08:39:37 Drs-MacBook-Pro sudo[7549]: USER_PROCESS: 7549 ttys005
Jul 15 08:39:52 Drs-MacBook-Pro sudo[7549]: DEAD_PROCESS: 7549 ttys005
Jul 15 08:39:55 Drs-MacBook-Pro sudo[7559]: USER_PROCESS: 7559 ttys005
Jul 15 08:40:01 Drs-MacBook-Pro sudo[7559]: DEAD_PROCESS: 7559 ttys005
Jul 15 08:42:08 Drs-MacBook-Pro sudo[7586]: USER_PROCESS: 7586 ttys005
Jul 15 08:42:17 Drs-MacBook-Pro sudo[7586]: DEAD_PROCESS: 7586 ttys005
Jul 15 08:42:21 Drs-MacBook-Pro sudo[7595]: USER_PROCESS: 7595 ttys005
Jul 15 08:42:27 Drs-MacBook-Pro sudo[7595]: DEAD_PROCESS: 7595 ttys005
Jul 15 08:42:34 Drs-MacBook-Pro sudo[7599]: USER_PROCESS: 7599 ttys005
Jul 15 08:42:34 Drs-MacBook-Pro sudo[7599]: DEAD_PROCESS: 7599 ttys005
Jul 15 08:43:10 Drs-MacBook-Pro sudo[7403]: DEAD_PROCESS: 7403 ttys004
Jul 15 08:43:29 Drs-MacBook-Pro sudo[7602]: USER_PROCESS: 7602 ttys004
Jul 15 08:43:31 Drs-MacBook-Pro sudo[7602]: DEAD_PROCESS: 7602 ttys004
Jul 15 08:43:38 Drs-MacBook-Pro sudo[7605]: USER_PROCESS: 7605 ttys004
Jul 15 08:43:38 Drs-MacBook-Pro sudo[7605]: DEAD_PROCESS: 7605 ttys004
Jul 15 08:44:04 Drs-MacBook-Pro sudo[7608]: USER_PROCESS: 7608 ttys004
Jul 15 08:44:05 Drs-MacBook-Pro sudo[7608]: DEAD_PROCESS: 7608 ttys004
Jul 15 08:45:20 Drs-MacBook-Pro sudo[7614]: USER_PROCESS: 7614 ttys004
Jul 15 08:45:20 Drs-MacBook-Pro syslogd[133]: ASL Sender Statistics
Jul 15 08:45:20 Drs-MacBook-Pro sudo[7614]: DEAD_PROCESS: 7614 ttys004
Jul 15 08:46:47 Drs-MacBook-Pro sudo[7624]: USER_PROCESS: 7624 ttys004
Jul 15 08:46:47 Drs-MacBook-Pro sudo[7624]: DEAD_PROCESS: 7624 ttys004
Jul 15 08:47:15 Drs-MacBook-Pro login[6766]: DEAD_PROCESS: 6766 ttys003
Jul 15 08:48:33 Drs-MacBook-Pro sudo[7657]: USER_PROCESS: 7657 ttys003
Jul 15 08:48:33 Drs-MacBook-Pro sudo[7657]: DEAD_PROCESS: 7657 ttys003
Jul 15 08:48:43 Drs-MacBook-Pro sudo[7667]: USER_PROCESS: 7667 ttys003
Jul 15 08:48:52 Drs-MacBook-Pro sudo[7667]: DEAD_PROCESS: 7667 ttys003
Jul 15 08:49:08 Drs-MacBook-Pro sudo[7677]: USER_PROCESS: 7677 ttys003
Jul 15 08:50:47 Drs-MacBook-Pro sudo[7703]: USER_PROCESS: 7703 ttys004
Jul 15 08:50:50 Drs-MacBook-Pro sudo[7703]: DEAD_PROCESS: 7703 ttys004
Jul 15 08:50:57 Drs-MacBook-Pro sudo[7712]: USER_PROCESS: 7712 ttys004
Jul 15 08:50:58 Drs-MacBook-Pro sudo[7712]: DEAD_PROCESS: 7712 ttys004
Jul 15 08:51:43 Drs-MacBook-Pro sudo[7715]: USER_PROCESS: 7715 ttys004
Jul 15 08:51:43 Drs-MacBook-Pro sudo[7715]: DEAD_PROCESS: 7715 ttys004
Jul 15 08:52:06 Drs-MacBook-Pro sudo[7718]: USER_PROCESS: 7718 ttys004
Jul 15 08:52:07 Drs-MacBook-Pro sudo[7718]: DEAD_PROCESS: 7718 ttys004
Jul 15 08:52:28 Drs-MacBook-Pro sudo[7722]: USER_PROCESS: 7722 ttys004
Jul 15 08:52:37 Drs-MacBook-Pro sudo[7722]: DEAD_PROCESS: 7722 ttys004
Jul 15 08:53:44 Drs-MacBook-Pro login[7741]: USER_PROCESS: 7741 ttys004
Jul 15 08:53:46 Drs-MacBook-Pro login[7741]: DEAD_PROCESS: 7741 ttys004
Jul 15 08:54:43 Drs-MacBook-Pro login[7481]: DEAD_PROCESS: 7481 ttys001
Jul 15 08:55:29 Drs-MacBook-Pro syslogd[133]: ASL Sender Statistics
Jul 15 08:55:51 Drs-MacBook-Pro login[4794]: DEAD_PROCESS: 4794 ttys000
Jul 15 08:55:53 Drs-MacBook-Pro login[7810]: USER_PROCESS: 7810 ttys000
Jul 15 08:57:29 Drs-MacBook-Pro sudo[7819]: USER_PROCESS: 7819 ttys001
Jul 15 08:57:30 Drs-MacBook-Pro sudo[7819]: DEAD_PROCESS: 7819 ttys001
Jul 15 08:58:30 Drs-MacBook-Pro sudo[7842]: USER_PROCESS: 7842 ttys001
Jul 15 08:58:30 Drs-MacBook-Pro sudo[7842]: DEAD_PROCESS: 7842 ttys001
Jul 15 08:59:25 Drs-MacBook-Pro sudo[7847]: USER_PROCESS: 7847 ttys001
Jul 15 08:59:37 Drs-MacBook-Pro sudo[7847]: DEAD_PROCESS: 7847 ttys001
Jul 15 09:00:07 Drs-MacBook-Pro login[7858]: USER_PROCESS: 7858 ttys001
Jul 15 09:00:21 Drs-MacBook-Pro sudo[7677]: DEAD_PROCESS: 7677 ttys003
Jul 15 09:00:22 Drs-MacBook-Pro sudo[7865]: USER_PROCESS: 7865 ttys003
Jul 15 09:00:51 Drs-MacBook-Pro sudo[7865]: DEAD_PROCESS: 7865 ttys003
Jul 15 09:01:08 Drs-MacBook-Pro sudo[7874]: USER_PROCESS: 7874 ttys003
Jul 15 09:01:16 Drs-MacBook-Pro sudo[7874]: DEAD_PROCESS: 7874 ttys003
Jul 15 09:02:34 Drs-MacBook-Pro sudo[7878]: USER_PROCESS: 7878 ttys003
Jul 15 09:02:41 Drs-MacBook-Pro sudo[7878]: DEAD_PROCESS: 7878 ttys003
Jul 15 09:03:12 Drs-MacBook-Pro login[7858]: DEAD_PROCESS: 7858 ttys001
Jul 15 09:03:41 Drs-MacBook-Pro sudo[7905]: USER_PROCESS: 7905 ttys001
Jul 15 09:03:41 Drs-MacBook-Pro sudo[7905]: DEAD_PROCESS: 7905 ttys001
Jul 15 09:04:01 Drs-MacBook-Pro sudo[7921]: USER_PROCESS: 7921 ttys001
Jul 15 09:04:01 Drs-MacBook-Pro sudo[7921]: DEAD_PROCESS: 7921 ttys001
Jul 15 09:04:25 Drs-MacBook-Pro sudo[7925]: USER_PROCESS: 7925 ttys001
Jul 15 09:04:42 Drs-MacBook-Pro login[7928]: USER_PROCESS: 7928 ttys003
Jul 15 09:04:52 Drs-MacBook-Pro sudo[7925]: DEAD_PROCESS: 7925 ttys001
Jul 15 09:05:12 Drs-MacBook-Pro sudo[7937]: USER_PROCESS: 7937 ttys001
Jul 15 09:05:12 Drs-MacBook-Pro sudo[7937]: DEAD_PROCESS: 7937 ttys001
Jul 15 09:05:16 Drs-MacBook-Pro sudo[7947]: USER_PROCESS: 7947 ttys001
Jul 15 09:05:24 Drs-MacBook-Pro sudo[7947]: DEAD_PROCESS: 7947 ttys001
Jul 15 09:05:46 Drs-MacBook-Pro syslogd[133]: ASL Sender Statistics
Jul 15 09:06:19 Drs-MacBook-Pro sudo[7950]: USER_PROCESS: 7950 ttys001
Jul 15 09:06:19 Drs-MacBook-Pro sudo[7950]: DEAD_PROCESS: 7950 ttys001
Jul 15 09:07:25 Drs-MacBook-Pro sudo[7954]: USER_PROCESS: 7954 ttys001
Jul 15 09:07:29 Drs-MacBook-Pro sudo[7954]: DEAD_PROCESS: 7954 ttys001
Jul 15 09:08:18 Drs-MacBook-Pro sudo[7960]: USER_PROCESS: 7960 ttys001
Jul 15 09:12:03 Drs-MacBook-Pro sudo[7994]: USER_PROCESS: 7994 ttys004
Jul 15 09:12:08 Drs-MacBook-Pro sudo[7994]: DEAD_PROCESS: 7994 ttys004
Jul 15 09:14:29 Drs-MacBook-Pro sudo[8009]: USER_PROCESS: 8009 ttys004
Jul 15 09:14:36 Drs-MacBook-Pro sudo[8009]: DEAD_PROCESS: 8009 ttys004
Jul 15 09:15:45 Drs-MacBook-Pro sudo[8014]: USER_PROCESS: 8014 ttys004
Jul 15 09:15:58 Drs-MacBook-Pro syslogd[133]: ASL Sender Statistics
Jul 15 09:16:20 Drs-MacBook-Pro sudo[8014]: DEAD_PROCESS: 8014 ttys004
Jul 15 09:16:41 Drs-MacBook-Pro sudo[8039]: USER_PROCESS: 8039 ttys004
Jul 15 09:16:41 Drs-MacBook-Pro sudo[8039]: DEAD_PROCESS: 8039 ttys004
Jul 15 09:17:06 Drs-MacBook-Pro sudo[8044]: USER_PROCESS: 8044 ttys004
Jul 15 09:17:39 Drs-MacBook-Pro sudo[8044]: DEAD_PROCESS: 8044 ttys004
Jul 15 09:17:51 Drs-MacBook-Pro sudo[8048]: USER_PROCESS: 8048 ttys004
Jul 15 09:17:51 Drs-MacBook-Pro sudo[8048]: DEAD_PROCESS: 8048 ttys004
Jul 15 09:18:43 Drs-MacBook-Pro sudo[8052]: USER_PROCESS: 8052 ttys004
Jul 15 09:19:17 Drs-MacBook-Pro sudo[8052]: DEAD_PROCESS: 8052 ttys004
Jul 15 09:20:56 Drs-MacBook-Pro sudo[7960]: DEAD_PROCESS: 7960 ttys001
Jul 15 09:21:24 Drs-MacBook-Pro sudo[8068]: USER_PROCESS: 8068 ttys001
Jul 15 09:21:24 Drs-MacBook-Pro sudo[8068]: DEAD_PROCESS: 8068 ttys001
Jul 15 09:22:06 Drs-MacBook-Pro sudo[8073]: USER_PROCESS: 8073 ttys001
Jul 15 09:22:06 Drs-MacBook-Pro sudo[8073]: DEAD_PROCESS: 8073 ttys001
Jul 15 09:22:47 Drs-MacBook-Pro sudo[8091]: USER_PROCESS: 8091 ttys001
Jul 15 09:22:47 Drs-MacBook-Pro sudo[8091]: DEAD_PROCESS: 8091 ttys001
Jul 15 09:23:01 Drs-MacBook-Pro sudo[8094]: USER_PROCESS: 8094 ttys001
Jul 15 09:23:01 Drs-MacBook-Pro sudo[8094]: DEAD_PROCESS: 8094 ttys001
Jul 15 09:23:06 Drs-MacBook-Pro sudo[8097]: USER_PROCESS: 8097 ttys001
Jul 15 09:23:35 Drs-MacBook-Pro sudo[8097]: DEAD_PROCESS: 8097 ttys001
Jul 15 09:23:37 Drs-MacBook-Pro sudo[8101]: USER_PROCESS: 8101 ttys001
Jul 15 09:23:37 Drs-MacBook-Pro sudo[8101]: DEAD_PROCESS: 8101 ttys001
Jul 15 09:23:57 Drs-MacBook-Pro sudo[8111]: USER_PROCESS: 8111 ttys001
Jul 15 09:24:07 Drs-MacBook-Pro sudo[8111]: DEAD_PROCESS: 8111 ttys001
Jul 15 09:24:39 Drs-MacBook-Pro sudo[8115]: USER_PROCESS: 8115 ttys001
Jul 15 09:24:56 Drs-MacBook-Pro sudo[8115]: DEAD_PROCESS: 8115 ttys001
Jul 15 09:25:11 Drs-MacBook-Pro sudo[8120]: USER_PROCESS: 8120 ttys001
Jul 15 09:25:28 Drs-MacBook-Pro sudo[8120]: DEAD_PROCESS: 8120 ttys001
Jul 15 09:25:57 Drs-MacBook-Pro sudo[8127]: USER_PROCESS: 8127 ttys001
Jul 15 09:25:57 Drs-MacBook-Pro sudo[8127]: DEAD_PROCESS: 8127 ttys001
Jul 15 09:26:16 Drs-MacBook-Pro syslogd[133]: ASL Sender Statistics
Jul 15 09:26:17 Drs-MacBook-Pro sudo[8130]: USER_PROCESS: 8130 ttys001
Jul 15 09:26:24 Drs-MacBook-Pro sudo[8130]: DEAD_PROCESS: 8130 ttys001
Jul 15 09:28:32 Drs-MacBook-Pro sudo[8135]: USER_PROCESS: 8135 ttys001
Jul 15 09:28:32 Drs-MacBook-Pro sudo[8135]: DEAD_PROCESS: 8135 ttys001
Jul 15 09:29:01 Drs-MacBook-Pro sudo[8138]: USER_PROCESS: 8138 ttys001
Jul 15 09:29:01 Drs-MacBook-Pro sudo[8138]: DEAD_PROCESS: 8138 ttys001
Jul 15 09:29:32 Drs-MacBook-Pro sudo[8141]: USER_PROCESS: 8141 ttys001
Jul 15 09:29:32 Drs-MacBook-Pro sudo[8141]: DEAD_PROCESS: 8141 ttys001
Jul 15 09:29:37 Drs-MacBook-Pro sudo[8144]: USER_PROCESS: 8144 ttys001
Jul 15 09:29:41 Drs-MacBook-Pro sudo[8144]: DEAD_PROCESS: 8144 ttys001
Jul 15 09:30:13 Drs-MacBook-Pro sudo[8148]: USER_PROCESS: 8148 ttys001
Jul 15 09:30:13 Drs-MacBook-Pro sudo[8148]: DEAD_PROCESS: 8148 ttys001
Jul 15 09:30:15 Drs-MacBook-Pro sudo[8151]: USER_PROCESS: 8151 ttys001
Jul 15 09:30:19 Drs-MacBook-Pro sudo[8151]: DEAD_PROCESS: 8151 ttys001
Jul 15 09:30:45 Drs-MacBook-Pro sudo[8154]: USER_PROCESS: 8154 ttys001
Jul 15 09:30:45 Drs-MacBook-Pro sudo[8154]: DEAD_PROCESS: 8154 ttys001
Jul 15 09:30:55 Drs-MacBook-Pro sudo[8160]: USER_PROCESS: 8160 ttys001
Jul 15 09:30:55 Drs-MacBook-Pro sudo[8160]: DEAD_PROCESS: 8160 ttys001
Jul 15 09:31:36 Drs-MacBook-Pro sudo[8163]: USER_PROCESS: 8163 ttys001
Jul 15 09:31:36 Drs-MacBook-Pro sudo[8163]: DEAD_PROCESS: 8163 ttys001
Jul 15 09:31:42 Drs-MacBook-Pro sudo[8169]: USER_PROCESS: 8169 ttys001
Jul 15 09:31:42 Drs-MacBook-Pro sudo[8169]: DEAD_PROCESS: 8169 ttys001
Jul 15 09:32:06 Drs-MacBook-Pro sudo[8172]: USER_PROCESS: 8172 ttys001
Jul 15 09:32:06 Drs-MacBook-Pro sudo[8172]: DEAD_PROCESS: 8172 ttys001
Jul 15 09:32:42 Drs-MacBook-Pro sudo[8175]: USER_PROCESS: 8175 ttys001
Jul 15 09:32:45 Drs-MacBook-Pro sudo[8175]: DEAD_PROCESS: 8175 ttys001
Jul 15 09:33:07 Drs-MacBook-Pro login[8179]: USER_PROCESS: 8179 ttys001
Jul 15 09:33:16 Drs-MacBook-Pro login[1985]: DEAD_PROCESS: 1985 ttys002
Jul 15 09:33:56 Drs-MacBook-Pro sudo[8202]: USER_PROCESS: 8202 ttys002
Jul 15 09:33:58 Drs-MacBook-Pro sudo[8202]: DEAD_PROCESS: 8202 ttys002
Jul 15 09:34:21 Drs-MacBook-Pro sudo[8206]: USER_PROCESS: 8206 ttys002
Jul 15 09:34:37 Drs-MacBook-Pro sudo[8209]: USER_PROCESS: 8209 ttys004
Jul 15 09:34:37 Drs-MacBook-Pro sudo[8209]: DEAD_PROCESS: 8209 ttys004
Jul 15 09:34:53 Drs-MacBook-Pro sudo[8212]: USER_PROCESS: 8212 ttys004
Jul 15 09:34:53 Drs-MacBook-Pro sudo[8212]: DEAD_PROCESS: 8212 ttys004
Jul 15 09:35:00 Drs-MacBook-Pro sudo[8215]: USER_PROCESS: 8215 ttys004
Jul 15 09:35:13 Drs-MacBook-Pro sudo[8215]: DEAD_PROCESS: 8215 ttys004
Jul 15 09:35:35 Drs-MacBook-Pro sudo[8206]: DEAD_PROCESS: 8206 ttys002
Jul 15 09:37:08 Drs-MacBook-Pro syslogd[133]: ASL Sender Statistics
Jul 15 09:38:00 Drs-MacBook-Pro sudo[8225]: USER_PROCESS: 8225 ttys002
Jul 15 09:38:08 Drs-MacBook-Pro sudo[8225]: DEAD_PROCESS: 8225 ttys002
Jul 15 09:39:02 Drs-MacBook-Pro sudo[8230]: USER_PROCESS: 8230 ttys002
Jul 15 09:39:15 Drs-MacBook-Pro sudo[8230]: DEAD_PROCESS: 8230 ttys002
Jul 15 09:39:25 Drs-MacBook-Pro sudo[8233]: USER_PROCESS: 8233 ttys002
Jul 15 09:39:25 Drs-MacBook-Pro sudo[8233]: DEAD_PROCESS: 8233 ttys002
Jul 15 09:39:34 Drs-MacBook-Pro sudo[8236]: USER_PROCESS: 8236 ttys002
Jul 15 09:39:34 Drs-MacBook-Pro sudo[8236]: DEAD_PROCESS: 8236 ttys002
Jul 15 09:39:43 Drs-MacBook-Pro sudo[8239]: USER_PROCESS: 8239 ttys002
Jul 15 09:39:47 Drs-MacBook-Pro sudo[8239]: DEAD_PROCESS: 8239 ttys002
Jul 15 09:40:45 Drs-MacBook-Pro sudo[8242]: USER_PROCESS: 8242 ttys002
Jul 15 09:40:48 Drs-MacBook-Pro sudo[8242]: DEAD_PROCESS: 8242 ttys002
Jul 15 09:41:50 Drs-MacBook-Pro sudo[8245]: USER_PROCESS: 8245 ttys002
Jul 15 09:42:08 Drs-MacBook-Pro sudo[8245]: DEAD_PROCESS: 8245 ttys002
Jul 15 09:42:42 Drs-MacBook-Pro sudo[8249]: USER_PROCESS: 8249 ttys002
Jul 15 09:42:42 Drs-MacBook-Pro sudo[8249]: DEAD_PROCESS: 8249 ttys002
Jul 15 09:42:48 Drs-MacBook-Pro sudo[8252]: USER_PROCESS: 8252 ttys002
Jul 15 09:42:59 Drs-MacBook-Pro sudo[8252]: DEAD_PROCESS: 8252 ttys002
Jul 15 09:43:42 Drs-MacBook-Pro sudo[8256]: USER_PROCESS: 8256 ttys002
Jul 15 09:45:27 Drs-MacBook-Pro sudo[8261]: USER_PROCESS: 8261 ttys004
Jul 15 09:46:28 Drs-MacBook-Pro login[7810]: DEAD_PROCESS: 7810 ttys000
Jul 15 09:47:37 Drs-MacBook-Pro syslogd[133]: ASL Sender Statistics
Jul 15 09:48:02 Drs-MacBook-Pro sudo[8261]: DEAD_PROCESS: 8261 ttys004
Jul 15 09:48:14 Drs-MacBook-Pro sudo[8281]: USER_PROCESS: 8281 ttys000
Jul 15 09:48:14 Drs-MacBook-Pro sudo[8281]: DEAD_PROCESS: 8281 ttys000
Jul 15 09:49:36 Drs-MacBook-Pro sudo[8256]: DEAD_PROCESS: 8256 ttys002
Jul 15 09:49:36 Drs-MacBook-Pro sudo[8285]: USER_PROCESS: 8285 ttys000
Jul 15 09:49:44 Drs-MacBook-Pro sudo[8285]: DEAD_PROCESS: 8285 ttys000
Jul 15 09:49:56 Drs-MacBook-Pro sudo[8288]: USER_PROCESS: 8288 ttys000
Jul 15 09:50:00 Drs-MacBook-Pro sudo[8288]: DEAD_PROCESS: 8288 ttys000
Jul 15 09:50:47 Drs-MacBook-Pro login[7928]: DEAD_PROCESS: 7928 ttys003
Jul 15 09:51:10 Drs-MacBook-Pro sudo[8305]: USER_PROCESS: 8305 ttys000
Jul 15 09:51:20 Drs-MacBook-Pro sudo[8305]: DEAD_PROCESS: 8305 ttys000
Jul 15 09:51:45 Drs-MacBook-Pro sudo[8308]: USER_PROCESS: 8308 ttys000
Jul 15 09:51:47 Drs-MacBook-Pro sudo[8308]: DEAD_PROCESS: 8308 ttys000
Jul 15 09:51:52 Drs-MacBook-Pro sudo[8311]: USER_PROCESS: 8311 ttys000
Jul 15 09:52:04 Drs-MacBook-Pro sudo[8311]: DEAD_PROCESS: 8311 ttys000
Jul 15 09:53:11 Drs-MacBook-Pro sudo[8316]: USER_PROCESS: 8316 ttys000
Jul 15 09:53:43 Drs-MacBook-Pro login[8319]: USER_PROCESS: 8319 ttys002
Jul 15 09:54:09 Drs-MacBook-Pro sudo[8327]: USER_PROCESS: 8327 ttys003
Jul 15 09:54:09 Drs-MacBook-Pro sudo[8327]: DEAD_PROCESS: 8327 ttys003
Jul 15 09:54:18 Drs-MacBook-Pro sudo[8331]: USER_PROCESS: 8331 ttys003
Jul 15 09:54:54 Drs-MacBook-Pro sudo[8331]: DEAD_PROCESS: 8331 ttys003
Jul 15 09:55:26 Drs-MacBook-Pro sudo[8334]: USER_PROCESS: 8334 ttys003
Jul 15 09:55:38 Drs-MacBook-Pro sudo[8334]: DEAD_PROCESS: 8334 ttys003
Jul 15 09:55:56 Drs-MacBook-Pro sudo[8337]: USER_PROCESS: 8337 ttys003
Jul 15 09:55:56 Drs-MacBook-Pro sudo[8337]: DEAD_PROCESS: 8337 ttys003
Jul 15 09:56:02 Drs-MacBook-Pro sudo[8340]: USER_PROCESS: 8340 ttys003
Jul 15 09:56:16 Drs-MacBook-Pro sudo[8340]: DEAD_PROCESS: 8340 ttys003
Jul 15 09:56:20 Drs-MacBook-Pro sudo[8343]: USER_PROCESS: 8343 ttys003
Jul 15 09:56:28 Drs-MacBook-Pro sudo[8343]: DEAD_PROCESS: 8343 ttys003
Jul 15 09:56:37 Drs-MacBook-Pro sudo[8347]: USER_PROCESS: 8347 ttys003
Jul 15 09:56:57 Drs-MacBook-Pro sudo[8347]: DEAD_PROCESS: 8347 ttys003
Jul 15 09:57:07 Drs-MacBook-Pro sudo[8350]: USER_PROCESS: 8350 ttys003
Jul 15 09:57:18 Drs-MacBook-Pro sudo[8350]: DEAD_PROCESS: 8350 ttys003
Jul 15 09:57:38 Drs-MacBook-Pro syslogd[133]: ASL Sender Statistics
Jul 15 09:57:38 Drs-MacBook-Pro sudo[8353]: USER_PROCESS: 8353 ttys003
Jul 15 09:57:38 Drs-MacBook-Pro sudo[8353]: DEAD_PROCESS: 8353 ttys003
Jul 15 09:57:41 Drs-MacBook-Pro sudo[8316]: DEAD_PROCESS: 8316 ttys000
Jul 15 09:57:54 Drs-MacBook-Pro sudo[8356]: USER_PROCESS: 8356 ttys000
Jul 15 09:57:54 Drs-MacBook-Pro sudo[8356]: DEAD_PROCESS: 8356 ttys000
Jul 15 09:58:14 Drs-MacBook-Pro login[8319]: DEAD_PROCESS: 8319 ttys002
Jul 15 09:59:22 Drs-MacBook-Pro sudo[8377]: USER_PROCESS: 8377 ttys000
Jul 15 10:00:05 Drs-MacBook-Pro sudo[8377]: DEAD_PROCESS: 8377 ttys000
Jul 15 10:00:44 Drs-MacBook-Pro sudo[8390]: USER_PROCESS: 8390 ttys000
Jul 15 10:00:47 Drs-MacBook-Pro sudo[8390]: DEAD_PROCESS: 8390 ttys000
Jul 15 10:01:06 Drs-MacBook-Pro sudo[8394]: USER_PROCESS: 8394 ttys000
Jul 15 10:01:12 Drs-MacBook-Pro sudo[8394]: DEAD_PROCESS: 8394 ttys000
Jul 15 10:01:48 Drs-MacBook-Pro sudo[8405]: USER_PROCESS: 8405 ttys000
Jul 15 10:03:47 Drs-MacBook-Pro login[8408]: USER_PROCESS: 8408 ttys002
Jul 15 10:06:50 Drs-MacBook-Pro sudo[8405]: DEAD_PROCESS: 8405 ttys000
Jul 15 10:19:26 Drs-MacBook-Pro syslogd[133]: ASL Sender Statistics
Jul 15 10:19:57 Drs-MacBook-Pro login[8408]: DEAD_PROCESS: 8408 ttys002
Jul 15 10:20:42 Drs-MacBook-Pro sudo[8437]: USER_PROCESS: 8437 ttys000
Jul 15 10:20:42 Drs-MacBook-Pro sudo[8437]: DEAD_PROCESS: 8437 ttys000
Jul 15 10:21:01 Drs-MacBook-Pro sudo[8440]: USER_PROCESS: 8440 ttys000
Jul 15 10:21:11 Drs-MacBook-Pro sudo[8440]: DEAD_PROCESS: 8440 ttys000
Jul 15 10:21:17 Drs-MacBook-Pro sudo[8443]: USER_PROCESS: 8443 ttys000
Jul 15 10:21:26 Drs-MacBook-Pro sudo[8443]: DEAD_PROCESS: 8443 ttys000
Jul 15 10:21:49 Drs-MacBook-Pro sudo[8461]: USER_PROCESS: 8461 ttys000
Jul 15 10:21:55 Drs-MacBook-Pro sudo[8461]: DEAD_PROCESS: 8461 ttys000
Jul 15 10:22:06 Drs-MacBook-Pro sudo[8465]: USER_PROCESS: 8465 ttys000
Jul 15 10:23:55 Drs-MacBook-Pro sudo[8465]: DEAD_PROCESS: 8465 ttys000
Jul 15 10:24:17 Drs-MacBook-Pro sudo[8479]: USER_PROCESS: 8479 ttys000
Jul 15 10:24:56 Drs-MacBook-Pro login[8488]: USER_PROCESS: 8488 ttys002
Jul 15 10:26:13 Drs-MacBook-Pro sudo[8479]: DEAD_PROCESS: 8479 ttys000
Jul 15 10:28:17 Drs-MacBook-Pro sudo[8507]: USER_PROCESS: 8507 ttys000
Jul 15 10:28:17 Drs-MacBook-Pro sudo[8507]: DEAD_PROCESS: 8507 ttys000
Jul 15 10:28:28 Drs-MacBook-Pro sudo[8515]: USER_PROCESS: 8515 ttys000
Jul 15 10:28:28 Drs-MacBook-Pro sudo[8515]: DEAD_PROCESS: 8515 ttys000
Jul 15 10:28:30 Drs-MacBook-Pro sudo[8521]: USER_PROCESS: 8521 ttys000
Jul 15 10:28:57 Drs-MacBook-Pro login[8528]: USER_PROCESS: 8528 ttys003
Jul 15 10:30:17 Drs-MacBook-Pro syslogd[133]: ASL Sender Statistics
Jul 15 10:32:21 Drs-MacBook-Pro sudo[8521]: DEAD_PROCESS: 8521 ttys000
Jul 15 10:32:24 Drs-MacBook-Pro login[8547]: USER_PROCESS: 8547 ttys000
Jul 15 10:41:08 Drs-MacBook-Pro syslogd[133]: ASL Sender Statistics
Jul 15 10:48:15 Drs-MacBook-Pro sudo[8644]: USER_PROCESS: 8644 ttys004
Jul 15 10:52:36 Drs-MacBook-Pro syslogd[133]: ASL Sender Statistics
Jul 15 10:52:36 Drs-MacBook-Pro login[8547]: DEAD_PROCESS: 8547 ttys000
Jul 15 10:52:43 Drs-MacBook-Pro login[8488]: DEAD_PROCESS: 8488 ttys002
Jul 15 10:53:10 Drs-MacBook-Pro sudo[8644]: DEAD_PROCESS: 8644 ttys004
Jul 15 10:53:28 Drs-MacBook-Pro login[8179]: DEAD_PROCESS: 8179 ttys001
Jul 15 10:54:18 Drs-MacBook-Pro login[8528]: DEAD_PROCESS: 8528 ttys003
Jul 15 10:54:26 Drs-MacBook-Pro login[8747]: USER_PROCESS: 8747 ttys000
Jul 15 10:54:28 Drs-MacBook-Pro login[8747]: DEAD_PROCESS: 8747 ttys000
Jul 15 10:54:42 Drs-MacBook-Pro sessionlogoutd[8775]: DEAD_PROCESS: 173 console
Jul 15 10:54:42 Drs-MacBook-Pro shutdown[8777]: SHUTDOWN_TIME: 1784130882 245078
Jul 15 10:56:06 localhost bootlog[0]: BOOT_TIME 1784130966 0
Jul 15 10:56:12 localhost syslogd[133]: Configuration Notice:
	ASL Module "com.apple.cdscheduler" claims selected messages.
	Those messages may not appear in standard system log files or in the ASL database.
Jul 15 10:56:12 localhost syslogd[133]: Configuration Notice:
	ASL Module "com.apple.install" claims selected messages.
	Those messages may not appear in standard system log files or in the ASL database.
Jul 15 10:56:12 localhost syslogd[133]: Configuration Notice:
	ASL Module "com.apple.authd" sharing output destination "/var/log/asl" with ASL Module "com.apple.asl".
	Output parameters from ASL Module "com.apple.asl" override any specified in ASL Module "com.apple.authd".
Jul 15 10:56:12 localhost syslogd[133]: Configuration Notice:
	ASL Module "com.apple.authd" sharing output destination "/var/log/system.log" with ASL Module "com.apple.asl".
	Output parameters from ASL Module "com.apple.asl" override any specified in ASL Module "com.apple.authd".
Jul 15 10:56:12 localhost syslogd[133]: Configuration Notice:
	ASL Module "com.apple.authd" claims selected messages.
	Those messages may not appear in standard system log files or in the ASL database.
Jul 15 10:56:12 localhost syslogd[133]: Configuration Notice:
	ASL Module "com.apple.eventmonitor" claims selected messages.
	Those messages may not appear in standard system log files or in the ASL database.
Jul 15 10:56:12 localhost syslogd[133]: Configuration Notice:
	ASL Module "com.apple.mail" claims selected messages.
	Those messages may not appear in standard system log files or in the ASL database.
Jul 15 10:56:12 localhost syslogd[133]: Configuration Notice:
	ASL Module "com.apple.performance" claims selected messages.
	Those messages may not appear in standard system log files or in the ASL database.
Jul 15 10:56:12 localhost syslogd[133]: Configuration Notice:
	ASL Module "com.apple.iokit.power" claims selected messages.
	Those messages may not appear in standard system log files or in the ASL database.
Jul 15 10:56:12 localhost syslogd[133]: Configuration Notice:
	ASL Module "com.apple.contacts.ContactsAutocomplete" claims selected messages.
	Those messages may not appear in standard system log files or in the ASL database.
Jul 15 10:56:12 localhost syslogd[133]: Configuration Notice:
	ASL Module "com.apple.mkb" sharing output destination "/private/var/log/keybagd.log" with ASL Module "com.apple.mkb.internal".
	Output parameters from ASL Module "com.apple.mkb.internal" override any specified in ASL Module "com.apple.mkb".
Jul 15 10:56:12 localhost syslogd[133]: Configuration Notice:
	ASL Module "com.apple.mkb" claims selected messages.
	Those messages may not appear in standard system log files or in the ASL database.
Jul 15 10:56:12 localhost syslogd[133]: Configuration Notice:
	ASL Module "com.apple.MessageTracer" claims selected messages.
	Those messages may not appear in standard system log files or in the ASL database.
Jul 15 10:56:12 localhost Installer Progress[130]: Progress UI App Starting
Jul 15 10:56:12 localhost syslogd[133]: ASL Sender Statistics
Jul 15 10:56:31 Drs-MacBook-Pro Installer Progress[130]: 1 Boot windows acquired
Jul 15 10:56:31 Drs-MacBook-Pro Installer Progress[130]: Enable display of the Cinematic Boot windows
Jul 15 10:56:31 Drs-MacBook-Pro Installer Progress[130]: _ShowUnmanagedSpace: 1fe03: Showing Unmanaged Space 2
Jul 15 10:56:31 Drs-MacBook-Pro Installer Progress[130]: Hiding the cursor in Progress UI
Jul 15 10:56:31 Drs-MacBook-Pro Installer Progress[130]: Configuration is deferred 0
Jul 15 10:56:31 Drs-MacBook-Pro Installer Progress[130]: IASGetCurrentInstallPhaseList: phases = (
	        {
	        ConclusionDelay = 0;
	        InstallPhase = "IOKit Boot";
	        InstallPhaseActualPercentageKey = "37.3046875";
	        InstallPhasePercentageKey = 37;
	    },
	        {
	        ConclusionDelay = "-1";
	        InstallPhase = "loginwindow Boot";
	        InstallPhaseActualPercentageKey = "62.6953125";
	        InstallPhasePercentageKey = 63;
	    }
	)
Jul 15 10:56:31 Drs-MacBook-Pro Installer Progress[130]: IASGetCurrentInstallPhase: Current phase name is "loginwindow Boot"
Jul 15 10:56:31 Drs-MacBook-Pro Installer Progress[130]: Advance to phase named = "loginwindow Boot"
Jul 15 10:56:31 Drs-MacBook-Pro Installer Progress[130]: currentPhase = "<IASPPhase: 0x6000001b76c0: 'loginwindow Boot', percentage 62.7, delay -1>", phases = (
	    "<IASPPhase: 0x6000001b7740: 'IOKit Boot', percentage 37.3, delay 0>",
	    "<IASPPhase: 0x6000001b76c0: 'loginwindow Boot', percentage 62.7, delay -1>"
	)
Jul 15 10:56:31 Drs-MacBook-Pro Installer Progress[130]: Progress app is loading…
Jul 15 10:56:31 Drs-MacBook-Pro Installer Progress[130]: Progress app is running…
Jul 15 10:56:31 Drs-MacBook-Pro loginwindow[172]: Clearing phase info
Jul 15 10:56:31 Drs-MacBook-Pro loginwindow[172]: calling progress app remoteObjectProxy
Jul 15 10:56:31 Drs-MacBook-Pro loginwindow[172]: Creating connection
Jul 15 10:56:31 Drs-MacBook-Pro loginwindow[172]: Connection = 0x6000029c94a0, callers = (
	    "<IASUPCaller: 0x600001accef0>"
	)
Jul 15 10:56:31 Drs-MacBook-Pro Installer Progress[130]: caller = /System/Library/CoreServices/loginwindow.app/Contents/MacOS/loginwindow
Jul 15 10:56:31 Drs-MacBook-Pro Installer Progress[130]: Version 2
Jul 15 10:56:31 Drs-MacBook-Pro loginwindow[172]: version = 2
Jul 15 10:56:31 Drs-MacBook-Pro loginwindow[172]: isModernOS = 1
Jul 15 10:56:31 Drs-MacBook-Pro loginwindow[172]: Add phase named "IOKit Boot", progress 34.863281, delayInSeconds 0
Jul 15 10:56:31 Drs-MacBook-Pro Installer Progress[130]: Clearing phase info
Jul 15 10:56:31 Drs-MacBook-Pro Installer Progress[130]: IASClearInstallProgress: Clearing Registry
Jul 15 10:56:31 Drs-MacBook-Pro loginwindow[172]: Add phase named "loginwindow Boot", progress 65.136719, delayInSeconds -1
Jul 15 10:56:31 Drs-MacBook-Pro Installer Progress[130]: totalPercentage = 0.000000
Jul 15 10:56:31 Drs-MacBook-Pro loginwindow[172]: Connection = 0x6000029c94a0, callers = (
	    "<IASUPCaller: 0x600001accef0>",
	    "<IASUPCaller: 0x600001accf10>"
	)
Jul 15 10:56:31 Drs-MacBook-Pro Installer Progress[130]: currentPhase = "(null)", phases = (
	    "<IASPPhase: 0x6000001b76e0: 'IOKit Boot', percentage 34.9, delay 0>"
	)
Jul 15 10:56:31 Drs-MacBook-Pro loginwindow[172]: client 0x600000de5340: phaseName = "loginwindow Boot", registering connection
Jul 15 10:56:31 Drs-MacBook-Pro Installer Progress[130]: IASSetCurrentInstallPhaseList: phases set to (
	        {
	        ConclusionDelay = 0;
	        InstallPhase = "IOKit Boot";
	        InstallPhaseActualPercentageKey = "34.86328";
	        InstallPhasePercentageKey = 35;
	    }
	)
Jul 15 10:56:31 Drs-MacBook-Pro loginwindow[172]: client 0x600000de5340: phaseName = "loginwindow Boot" was created
Jul 15 10:56:31 Drs-MacBook-Pro loginwindow[172]: Connection = 0x6000029c94a0, callers = (
	    "<IASUPCaller: 0x600001accef0>",
	    "<IASUPCaller: 0x600001accf10>",
	    "<IASUPCaller: 0x600001accf20>"
	)
Jul 15 10:56:31 Drs-MacBook-Pro loginwindow[172]: client 0x600000de5500: phaseName = "IOKit Boot", registering connection
Jul 15 10:56:31 Drs-MacBook-Pro Installer Progress[130]: IASSetCurrentInstallPhase: Current phase name set to "IOKit Boot"
Jul 15 10:56:31 Drs-MacBook-Pro Installer Progress[130]: totalPercentage = 34.863281
Jul 15 10:56:31 Drs-MacBook-Pro loginwindow[172]: client 0x600000de5500: phaseName = "IOKit Boot" was created
Jul 15 10:56:31 Drs-MacBook-Pro Installer Progress[130]: currentPhase = "<IASPPhase: 0x6000001b76e0: 'IOKit Boot', percentage 34.9, delay 0>", phases = (
	    "<IASPPhase: 0x6000001b76e0: 'IOKit Boot', percentage 34.9, delay 0>",
	    "<IASPPhase: 0x6000001beea0: 'loginwindow Boot', percentage 65.1, delay -1>"
	)
Jul 15 10:56:31 Drs-MacBook-Pro loginwindow[172]: client 0x600000de5500: phaseName = "IOKit Boot", show progress UI called
Jul 15 10:56:31 Drs-MacBook-Pro loginwindow[172]: ISAP: Show progress UI called
Jul 15 10:56:31 Drs-MacBook-Pro loginwindow[172]: client 0x600000de5500: phaseName = "IOKit Boot" is done
Jul 15 10:56:31 Drs-MacBook-Pro Installer Progress[130]: IASSetCurrentInstallPhaseList: phases set to (
	        {
	        ConclusionDelay = 0;
	        InstallPhase = "IOKit Boot";
	        InstallPhaseActualPercentageKey = "34.86328";
	        InstallPhasePercentageKey = 35;
	    },
	        {
	        ConclusionDelay = "-1";
	        InstallPhase = "loginwindow Boot";
	        InstallPhaseActualPercentageKey = "65.13672";
	        InstallPhasePercentageKey = 65;
	    }
	)
Jul 15 10:56:31 Drs-MacBook-Pro loginwindow[172]: ISAP: Done with Phase "IOKit Boot"
Jul 15 10:56:31 Drs-MacBook-Pro Installer Progress[130]: Register process 172, phaseName loginwindow Boot, uuid E65A851B-78AB-4F4A-BEE8-C7816844DBEB
Jul 15 10:56:31 Drs-MacBook-Pro loginwindow[172]: client 0x600000de5500: phaseName = "IOKit Boot" is being released
Jul 15 10:56:31 Drs-MacBook-Pro Installer Progress[130]: Connected processes {
	    "E65A851B-78AB-4F4A-BEE8-C7816844DBEB" =     {
	        "Phase Name" = "loginwindow Boot";
	        "Process ID" = 172;
	        UUID = "E65A851B-78AB-4F4A-BEE8-C7816844DBEB";
	    };
	}
Jul 15 10:56:31 Drs-MacBook-Pro Installer Progress[130]: Saving completion handler for phase loginwindow Boot
Jul 15 10:56:31 Drs-MacBook-Pro loginwindow[172]: Releasing Connection
Jul 15 10:56:31 Drs-MacBook-Pro Installer Progress[130]: Connected processes {
	    "E65A851B-78AB-4F4A-BEE8-C7816844DBEB" =     {
	        CompletionHandlerKey = "<__NSMallocBlock__: 0x6000022b53b0>";
	        "Phase Name" = "loginwindow Boot";
	        "Process ID" = 172;
	        UUID = "E65A851B-78AB-4F4A-BEE8-C7816844DBEB";
	    };
	}
Jul 15 10:56:31 Drs-MacBook-Pro Installer Progress[130]: Register process 172, phaseName IOKit Boot, uuid 4BE9025A-1B1C-4B6F-B406-59B4323CDEDF
Jul 15 10:56:31 Drs-MacBook-Pro loginwindow[172]: client 0x600000de5340: handler = 0x7ff7ba5b8198
Jul 15 10:56:31 Drs-MacBook-Pro Installer Progress[130]: Connected processes {
	    "4BE9025A-1B1C-4B6F-B406-59B4323CDEDF" =     {
	        "Phase Name" = "IOKit Boot";
	        "Process ID" = 172;
	        UUID = "4BE9025A-1B1C-4B6F-B406-59B4323CDEDF";
	    };
	    "E65A851B-78AB-4F4A-BEE8-C7816844DBEB" =     {
	        CompletionHandlerKey = "<__NSMallocBlock__: 0x6000022b53b0>";
	        "Phase Name" = "loginwindow Boot";
	        "Process ID" = 172;
	        UUID = "E65A851B-78AB-4F4A-BEE8-C7816844DBEB";
	    };
	}
Jul 15 10:56:31 Drs-MacBook-Pro Installer Progress[130]: Saving completion handler for phase IOKit Boot
Jul 15 10:56:31 Drs-MacBook-Pro Installer Progress[130]: Connected processes {
	    "4BE9025A-1B1C-4B6F-B406-59B4323CDEDF" =     {
	        CompletionHandlerKey = "<__NSMallocBlock__: 0x6000022b1360>";
	        "Phase Name" = "IOKit Boot";
	        "Process ID" = 172;
	        UUID = "4BE9025A-1B1C-4B6F-B406-59B4323CDEDF";
	    };
	    "E65A851B-78AB-4F4A-BEE8-C7816844DBEB" =     {
	        CompletionHandlerKey = "<__NSMallocBlock__: 0x6000022b53b0>";
	        "Phase Name" = "loginwindow Boot";
	        "Process ID" = 172;
	        UUID = "E65A851B-78AB-4F4A-BEE8-C7816844DBEB";
	    };
	}
Jul 15 10:56:31 Drs-MacBook-Pro Installer Progress[130]: Progress Updated: currentPhase = "IOKit Boot", phase progress = 100.000, total progress = 34.863
Jul 15 10:56:31 Drs-MacBook-Pro Installer Progress[130]: IASGetCurrentInstallPhaseList: phases = (
	        {
	        ConclusionDelay = 0;
	        InstallPhase = "IOKit Boot";
	        InstallPhaseActualPercentageKey = "34.86328125";
	        InstallPhasePercentageKey = 35;
	    },
	        {
	        ConclusionDelay = "-1";
	        InstallPhase = "loginwindow Boot";
	        InstallPhaseActualPercentageKey = "65.13671875";
	        InstallPhasePercentageKey = 65;
	    }
	)
Jul 15 10:56:31 Drs-MacBook-Pro Installer Progress[130]: IASGetCurrentInstallPhase: Current phase name is "IOKit Boot"
Jul 15 10:56:31 Drs-MacBook-Pro Installer Progress[130]: Advance to phase named = "IOKit Boot"
Jul 15 10:56:31 Drs-MacBook-Pro Installer Progress[130]: currentPhase = "<IASPPhase: 0x6000001b9ba0: 'IOKit Boot', percentage 34.9, delay 0>", phases = (
	    "<IASPPhase: 0x6000001b9ba0: 'IOKit Boot', percentage 34.9, delay 0>",
	    "<IASPPhase: 0x6000001b9c80: 'loginwindow Boot', percentage 65.1, delay -1>"
	)
Jul 15 10:56:31 Drs-MacBook-Pro Installer Progress[130]: Showing Progress UI
Jul 15 10:56:31 Drs-MacBook-Pro Installer Progress[130]: HotKeys disabled
Jul 15 10:56:31 Drs-MacBook-Pro Installer Progress[130]: Progress app set to foreground app
Jul 15 10:56:31 Drs-MacBook-Pro Installer Progress[130]: _LSSetMetaApplicationInformationItem add to frontmost list success
Jul 15 10:56:31 Drs-MacBook-Pro Installer Progress[130]: Showing the windows
Jul 15 10:56:31 Drs-MacBook-Pro Installer Progress[130]: There are 0 window(s) and 1 display(s), 1 window(s) will be added
Jul 15 10:56:31 Drs-MacBook-Pro Installer Progress[130]: Created a window at {{0, 0}, {1280, 800}}
Jul 15 10:56:31 Drs-MacBook-Pro Installer Progress[130]: Adding Apple Logo
Jul 15 10:56:31 Drs-MacBook-Pro Installer Progress[130]: Apple logo view created
Jul 15 10:56:31 Drs-MacBook-Pro Installer Progress[130]: Status is ""
Jul 15 10:56:31 Drs-MacBook-Pro Installer Progress[130]: Alternate status is ""
Jul 15 10:56:31 Drs-MacBook-Pro Installer Progress[130]: IASPIsUsingFileVault NO
Jul 15 10:56:31 Drs-MacBook-Pro Installer Progress[130]: IASPGetBootMode Standard
Jul 15 10:56:31 Drs-MacBook-Pro Installer Progress[130]: no background for progress added because:
Jul 15 10:56:31 Drs-MacBook-Pro Installer Progress[130]:        and / or NOT booting from EFI loginwindow
Jul 15 10:56:31 Drs-MacBook-Pro Installer Progress[130]: Setting window alpha values to 1.0
Jul 15 10:56:31 Drs-MacBook-Pro Installer Progress[130]: Ordering windows front
Jul 15 10:56:31 Drs-MacBook-Pro Installer Progress[130]: Created CG Shield Window
Jul 15 10:56:31 Drs-MacBook-Pro Installer Progress[130]: Enable the display of progress windows
Jul 15 10:56:31 Drs-MacBook-Pro Installer Progress[130]: Using AppKit display change notification
Jul 15 10:56:31 Drs-MacBook-Pro Installer Progress[130]: Done with phase = "IOKit Boot"
Jul 15 10:56:31 Drs-MacBook-Pro Installer Progress[130]: Progress Updated: currentPhase = "IOKit Boot", phase progress = 100.000, total progress = 34.863
Jul 15 10:56:31 Drs-MacBook-Pro Installer Progress[130]: IASSetCurrentInstallPhase: Current phase name set to "loginwindow Boot"
Jul 15 10:56:31 Drs-MacBook-Pro Installer Progress[130]: Saving completion handler for phase IOKit Boot
Jul 15 10:56:31 Drs-MacBook-Pro Installer Progress[130]: Connected processes {
	    "4BE9025A-1B1C-4B6F-B406-59B4323CDEDF" =     {
	        CompletionHandlerKey = "<__NSMallocBlock__: 0x6000022b8e60>";
	        "Phase Name" = "IOKit Boot";
	        "Process ID" = 172;
	        UUID = "4BE9025A-1B1C-4B6F-B406-59B4323CDEDF";
	    };
	    "E65A851B-78AB-4F4A-BEE8-C7816844DBEB" =     {
	        CompletionHandlerKey = "<__NSMallocBlock__: 0x6000022b53b0>";
	        "Phase Name" = "loginwindow Boot";
	        "Process ID" = 172;
	        UUID = "E65A851B-78AB-4F4A-BEE8-C7816844DBEB";
	    };
	}
Jul 15 10:56:31 Drs-MacBook-Pro Installer Progress[130]: Unregister process 172, phaseName IOKit Boot, uuid 4BE9025A-1B1C-4B6F-B406-59B4323CDEDF
Jul 15 10:56:31 Drs-MacBook-Pro Installer Progress[130]: Connected processes {
	    "E65A851B-78AB-4F4A-BEE8-C7816844DBEB" =     {
	        CompletionHandlerKey = "<__NSMallocBlock__: 0x6000022b53b0>";
	        "Phase Name" = "loginwindow Boot";
	        "Process ID" = 172;
	        UUID = "E65A851B-78AB-4F4A-BEE8-C7816844DBEB";
	    };
	}
Jul 15 10:56:31 Drs-MacBook-Pro Installer Progress[130]: Progress Updated: currentPhase = "loginwindow Boot", phase progress = 10.000, total progress = 41.377
Jul 15 10:56:31 Drs-MacBook-Pro Installer Progress[130]: Progress Updated: currentPhase = "loginwindow Boot", phase progress = 30.000, total progress = 54.404
Jul 15 10:56:32 Drs-MacBook-Pro Installer Progress[130]: Releasing the boot windows
Jul 15 10:56:33 Drs-MacBook-Pro Installer Progress[130]: Progress Updated: currentPhase = "loginwindow Boot", phase progress = 55.000, total progress = 70.688
Jul 15 10:56:33 Drs-MacBook-Pro loginwindow[172]: USER_PROCESS: 172 console
Jul 15 10:56:33 Drs-MacBook-Pro Installer Progress[130]: Progress Updated: currentPhase = "loginwindow Boot", phase progress = 80.000, total progress = 86.973
Jul 15 10:56:48 Drs-MacBook-Pro loginwindow[172]: client 0x600000de5340: phaseName = "loginwindow Boot" is done
Jul 15 10:56:48 Drs-MacBook-Pro loginwindow[172]: ISAP: Done with Phase "loginwindow Boot"
Jul 15 10:56:48 Drs-MacBook-Pro Installer Progress[130]: Progress Updated: currentPhase = "loginwindow Boot", phase progress = 100.000, total progress = 100.000
Jul 15 10:56:48 Drs-MacBook-Pro Installer Progress[130]: Done with phase = "loginwindow Boot"
Jul 15 10:56:48 Drs-MacBook-Pro Installer Progress[130]: Progress Updated: currentPhase = "loginwindow Boot", phase progress = 100.000, total progress = 100.000
Jul 15 10:56:48 Drs-MacBook-Pro Installer Progress[130]: IASClearInstallProgress: Clearing Registry
Jul 15 10:56:49 Drs-MacBook-Pro Installer Progress[130]: Calling animation completion handler
Jul 15 10:56:49 Drs-MacBook-Pro Installer Progress[130]: Progress complete, notifying registered clients
Jul 15 10:56:49 Drs-MacBook-Pro Installer Progress[130]: Calling completion handler for phase "loginwindow Boot"
Jul 15 10:56:49 Drs-MacBook-Pro loginwindow[172]: Calling completion handler for 0x600000de5340
Jul 15 10:56:49 Drs-MacBook-Pro loginwindow[172]: client 0x600000de5340: phaseName = "loginwindow Boot", hide progress UI called
Jul 15 10:56:49 Drs-MacBook-Pro loginwindow[172]: ISAP: hide progress UI called
Jul 15 10:56:49 Drs-MacBook-Pro loginwindow[172]: client 0x600000de5340: phaseName = "loginwindow Boot" is being released
Jul 15 10:56:49 Drs-MacBook-Pro Installer Progress[130]: Hiding Progress UI
Jul 15 10:56:49 Drs-MacBook-Pro Installer Progress[130]: Showing the cursor in Progress UI
Jul 15 10:56:49 Drs-MacBook-Pro loginwindow[172]: Releasing Connection
Jul 15 10:56:49 Drs-MacBook-Pro Installer Progress[130]: GUI session is logged in
Jul 15 10:56:49 Drs-MacBook-Pro Installer Progress[130]: Order Out CG Shield Window
Jul 15 10:56:49 Drs-MacBook-Pro Installer Progress[130]: Setting window alpha values to 0.0
Jul 15 10:56:49 Drs-MacBook-Pro Installer Progress[130]: Progress app removed from the frontmost only list
Jul 15 10:56:49 Drs-MacBook-Pro Installer Progress[130]: Progress app set to Background only app
Jul 15 10:56:49 Drs-MacBook-Pro Installer Progress[130]: HotKeys enabled
Jul 15 10:56:49 Drs-MacBook-Pro Installer Progress[130]: Start quit timer, will attempt to quit in 5 second(s) at 10:56:54 AM
Jul 15 10:56:49 Drs-MacBook-Pro Installer Progress[130]: Saving completion handler for phase loginwindow Boot
Jul 15 10:56:49 Drs-MacBook-Pro Installer Progress[130]: Connected processes {
	    "E65A851B-78AB-4F4A-BEE8-C7816844DBEB" =     {
	        CompletionHandlerKey = "<__NSMallocBlock__: 0x6000022b1360>";
	        "Phase Name" = "loginwindow Boot";
	        "Process ID" = 172;
	        UUID = "E65A851B-78AB-4F4A-BEE8-C7816844DBEB";
	    };
	}
Jul 15 10:56:49 Drs-MacBook-Pro Installer Progress[130]: Unregister process 172, phaseName loginwindow Boot, uuid E65A851B-78AB-4F4A-BEE8-C7816844DBEB
Jul 15 10:56:49 Drs-MacBook-Pro Installer Progress[130]: Connected processes {
	}
Jul 15 10:56:49 Drs-MacBook-Pro Installer Progress[130]: Start quit timer, will attempt to quit in 5 second(s) at 10:56:54 AM
Jul 15 10:56:49 Drs-MacBook-Pro Installer Progress[130]: Finder is not running
Jul 15 10:56:49 Drs-MacBook-Pro Installer Progress[130]: No application to bring forward
Jul 15 10:56:49 Drs-MacBook-Pro Installer Progress[130]: Ordering windows out
Jul 15 10:56:54 Drs-MacBook-Pro Installer Progress[130]: Quitting because there are no phases. There are no connected processes. The UI is not showing.
Jul 15 10:56:54 Drs-MacBook-Pro Installer Progress[130]: Quitting Progress App
Jul 15 10:56:54 Drs-MacBook-Pro Installer Progress[130]: Showing the cursor in Progress UI
Jul 15 10:56:54 Drs-MacBook-Pro Installer Progress[130]: GUI session is logged in
Jul 15 10:56:54 Drs-MacBook-Pro Installer Progress[130]: Order Out CG Shield Window
Jul 15 10:56:54 Drs-MacBook-Pro Installer Progress[130]: Setting window alpha values to 0.0
Jul 15 10:56:54 Drs-MacBook-Pro Installer Progress[130]: Showing the cursor in Progress UI
Jul 15 10:56:54 Drs-MacBook-Pro loginwindow[172]: The connection was interrupted, calling interruption handlers
Jul 15 10:57:32 Drs-MacBook-Pro loginwindow[172]: There is still an active connection
Jul 15 10:58:19 --- last message repeated 1 time ---
Jul 15 11:01:45 Drs-MacBook-Pro sessionlogoutd[1026]: DEAD_PROCESS: 172 console
Jul 15 11:01:45 Drs-MacBook-Pro shutdown[1027]: SHUTDOWN_TIME: 1784131305 312924
Jul 15 11:10:45 localhost bootlog[0]: BOOT_TIME 1784131845 0
Jul 15 11:10:51 localhost syslogd[133]: Configuration Notice:
	ASL Module "com.apple.cdscheduler" claims selected messages.
	Those messages may not appear in standard system log files or in the ASL database.
Jul 15 11:10:51 localhost syslogd[133]: Configuration Notice:
	ASL Module "com.apple.install" claims selected messages.
	Those messages may not appear in standard system log files or in the ASL database.
Jul 15 11:10:51 localhost syslogd[133]: Configuration Notice:
	ASL Module "com.apple.authd" sharing output destination "/var/log/asl" with ASL Module "com.apple.asl".
	Output parameters from ASL Module "com.apple.asl" override any specified in ASL Module "com.apple.authd".
Jul 15 11:10:51 localhost syslogd[133]: Configuration Notice:
	ASL Module "com.apple.authd" sharing output destination "/var/log/system.log" with ASL Module "com.apple.asl".
	Output parameters from ASL Module "com.apple.asl" override any specified in ASL Module "com.apple.authd".
Jul 15 11:10:51 localhost syslogd[133]: Configuration Notice:
	ASL Module "com.apple.authd" claims selected messages.
	Those messages may not appear in standard system log files or in the ASL database.
Jul 15 11:10:51 localhost syslogd[133]: Configuration Notice:
	ASL Module "com.apple.eventmonitor" claims selected messages.
	Those messages may not appear in standard system log files or in the ASL database.
Jul 15 11:10:51 localhost syslogd[133]: Configuration Notice:
	ASL Module "com.apple.mail" claims selected messages.
	Those messages may not appear in standard system log files or in the ASL database.
Jul 15 11:10:51 localhost syslogd[133]: Configuration Notice:
	ASL Module "com.apple.performance" claims selected messages.
	Those messages may not appear in standard system log files or in the ASL database.
Jul 15 11:10:51 localhost syslogd[133]: Configuration Notice:
	ASL Module "com.apple.iokit.power" claims selected messages.
	Those messages may not appear in standard system log files or in the ASL database.
Jul 15 11:10:51 localhost syslogd[133]: Configuration Notice:
	ASL Module "com.apple.contacts.ContactsAutocomplete" claims selected messages.
	Those messages may not appear in standard system log files or in the ASL database.
Jul 15 11:10:51 localhost syslogd[133]: Configuration Notice:
	ASL Module "com.apple.mkb" sharing output destination "/private/var/log/keybagd.log" with ASL Module "com.apple.mkb.internal".
	Output parameters from ASL Module "com.apple.mkb.internal" override any specified in ASL Module "com.apple.mkb".
Jul 15 11:10:51 localhost syslogd[133]: Configuration Notice:
	ASL Module "com.apple.mkb" claims selected messages.
	Those messages may not appear in standard system log files or in the ASL database.
Jul 15 11:10:51 localhost syslogd[133]: Configuration Notice:
	ASL Module "com.apple.MessageTracer" claims selected messages.
	Those messages may not appear in standard system log files or in the ASL database.
Jul 15 11:10:51 localhost Installer Progress[130]: Progress UI App Starting
Jul 15 11:10:51 localhost syslogd[133]: ASL Sender Statistics
Jul 15 11:11:09 Drs-MacBook-Pro Installer Progress[130]: 1 Boot windows acquired
Jul 15 11:11:09 Drs-MacBook-Pro Installer Progress[130]: Enable display of the Cinematic Boot windows
Jul 15 11:11:09 Drs-MacBook-Pro Installer Progress[130]: _ShowUnmanagedSpace: f41b: Showing Unmanaged Space 2
Jul 15 11:11:10 Drs-MacBook-Pro Installer Progress[130]: Hiding the cursor in Progress UI
Jul 15 11:11:10 Drs-MacBook-Pro Installer Progress[130]: Configuration is deferred 0
Jul 15 11:11:10 Drs-MacBook-Pro Installer Progress[130]: IASGetCurrentInstallPhaseList: Unable to get phases
Jul 15 11:11:10 Drs-MacBook-Pro Installer Progress[130]: IASGetCurrentInstallPhase: Unable to get the current phase name
Jul 15 11:11:10 Drs-MacBook-Pro Installer Progress[130]: Current phase name wasn't saved, using the first phase in the list, current phase = "(null)"
Jul 15 11:11:10 Drs-MacBook-Pro Installer Progress[130]: currentPhase = "(null)", phases = (null)
Jul 15 11:11:10 Drs-MacBook-Pro Installer Progress[130]: Progress app is loading…
Jul 15 11:11:10 Drs-MacBook-Pro Installer Progress[130]: Progress app is running with no progress set
Jul 15 11:11:10 Drs-MacBook-Pro Installer Progress[130]: Progress app is running…
Jul 15 11:11:10 Drs-MacBook-Pro loginwindow[172]: Clearing phase info
Jul 15 11:11:10 Drs-MacBook-Pro loginwindow[172]: calling progress app remoteObjectProxy
Jul 15 11:11:10 Drs-MacBook-Pro loginwindow[172]: Creating connection
Jul 15 11:11:10 Drs-MacBook-Pro loginwindow[172]: Connection = 0x60000045cdc0, callers = (
	    "<IASUPCaller: 0x600003759c10>"
	)
Jul 15 11:11:10 Drs-MacBook-Pro Installer Progress[130]: caller = /System/Library/CoreServices/loginwindow.app/Contents/MacOS/loginwindow
Jul 15 11:11:10 Drs-MacBook-Pro Installer Progress[130]: Version 2
Jul 15 11:11:10 Drs-MacBook-Pro loginwindow[172]: version = 2
Jul 15 11:11:10 Drs-MacBook-Pro loginwindow[172]: isModernOS = 1
Jul 15 11:11:10 Drs-MacBook-Pro loginwindow[172]: Add phase named "IOKit Boot", progress 34.765625, delayInSeconds 0
Jul 15 11:11:10 Drs-MacBook-Pro Installer Progress[130]: Clearing phase info
Jul 15 11:11:10 Drs-MacBook-Pro Installer Progress[130]: IASClearInstallProgress: Clearing Registry
Jul 15 11:11:10 Drs-MacBook-Pro loginwindow[172]: Add phase named "loginwindow Boot", progress 65.234375, delayInSeconds -1
Jul 15 11:11:10 Drs-MacBook-Pro Installer Progress[130]: totalPercentage = 0.000000
Jul 15 11:11:10 Drs-MacBook-Pro loginwindow[172]: Connection = 0x60000045cdc0, callers = (
	    "<IASUPCaller: 0x600003759c10>",
	    "<IASUPCaller: 0x60000375ca10>"
	)
Jul 15 11:11:10 Drs-MacBook-Pro Installer Progress[130]: currentPhase = "(null)", phases = (
	    "<IASPPhase: 0x6000000d7dc0: 'IOKit Boot', percentage 34.8, delay 0>"
	)
Jul 15 11:11:10 Drs-MacBook-Pro loginwindow[172]: client 0x600002057b00: phaseName = "loginwindow Boot", registering connection
Jul 15 11:11:10 Drs-MacBook-Pro loginwindow[172]: client 0x600002057b00: phaseName = "loginwindow Boot" was created
Jul 15 11:11:10 Drs-MacBook-Pro Installer Progress[130]: IASSetCurrentInstallPhaseList: phases set to (
	        {
	        ConclusionDelay = 0;
	        InstallPhase = "IOKit Boot";
	        InstallPhaseActualPercentageKey = "34.76562";
	        InstallPhasePercentageKey = 35;
	    }
	)
Jul 15 11:11:10 Drs-MacBook-Pro loginwindow[172]: Connection = 0x60000045cdc0, callers = (
	    "<IASUPCaller: 0x600003759c10>",
	    "<IASUPCaller: 0x60000375ca10>",
	    "<IASUPCaller: 0x60000375ca20>"
	)
Jul 15 11:11:10 Drs-MacBook-Pro loginwindow[172]: client 0x600002057440: phaseName = "IOKit Boot", registering connection
Jul 15 11:11:10 Drs-MacBook-Pro Installer Progress[130]: IASSetCurrentInstallPhase: Current phase name set to "IOKit Boot"
Jul 15 11:11:10 Drs-MacBook-Pro Installer Progress[130]: totalPercentage = 34.765625
Jul 15 11:11:10 Drs-MacBook-Pro Installer Progress[130]: currentPhase = "<IASPPhase: 0x6000000d7dc0: 'IOKit Boot', percentage 34.8, delay 0>", phases = (
	    "<IASPPhase: 0x6000000d7dc0: 'IOKit Boot', percentage 34.8, delay 0>",
	    "<IASPPhase: 0x6000000d7e20: 'loginwindow Boot', percentage 65.2, delay -1>"
	)
Jul 15 11:11:10 Drs-MacBook-Pro loginwindow[172]: client 0x600002057440: phaseName = "IOKit Boot" was created
Jul 15 11:11:10 Drs-MacBook-Pro loginwindow[172]: client 0x600002057440: phaseName = "IOKit Boot", show progress UI called
Jul 15 11:11:10 Drs-MacBook-Pro loginwindow[172]: ISAP: Show progress UI called
Jul 15 11:11:10 Drs-MacBook-Pro Installer Progress[130]: IASSetCurrentInstallPhaseList: phases set to (
	        {
	        ConclusionDelay = 0;
	        InstallPhase = "IOKit Boot";
	        InstallPhaseActualPercentageKey = "34.76562";
	        InstallPhasePercentageKey = 35;
	    },
	        {
	        ConclusionDelay = "-1";
	        InstallPhase = "loginwindow Boot";
	        InstallPhaseActualPercentageKey = "65.23438";
	        InstallPhasePercentageKey = 65;
	    }
	)
Jul 15 11:11:10 Drs-MacBook-Pro loginwindow[172]: client 0x600002057440: phaseName = "IOKit Boot" is done
Jul 15 11:11:10 Drs-MacBook-Pro Installer Progress[130]: Register process 172, phaseName loginwindow Boot, uuid 4E5946EA-B03E-489B-9F2B-6F8830583459
Jul 15 11:11:10 Drs-MacBook-Pro loginwindow[172]: ISAP: Done with Phase "IOKit Boot"
Jul 15 11:11:10 Drs-MacBook-Pro Installer Progress[130]: Connected processes {
	    "4E5946EA-B03E-489B-9F2B-6F8830583459" =     {
	        "Phase Name" = "loginwindow Boot";
	        "Process ID" = 172;
	        UUID = "4E5946EA-B03E-489B-9F2B-6F8830583459";
	    };
	}
Jul 15 11:11:10 Drs-MacBook-Pro Installer Progress[130]: Saving completion handler for phase loginwindow Boot
Jul 15 11:11:10 Drs-MacBook-Pro loginwindow[172]: client 0x600002057440: phaseName = "IOKit Boot" is being released
Jul 15 11:11:10 Drs-MacBook-Pro Installer Progress[130]: Connected processes {
	    "4E5946EA-B03E-489B-9F2B-6F8830583459" =     {
	        CompletionHandlerKey = "<__NSMallocBlock__: 0x6000023d5e50>";
	        "Phase Name" = "loginwindow Boot";
	        "Process ID" = 172;
	        UUID = "4E5946EA-B03E-489B-9F2B-6F8830583459";
	    };
	}
Jul 15 11:11:10 Drs-MacBook-Pro loginwindow[172]: Releasing Connection
Jul 15 11:11:10 Drs-MacBook-Pro Installer Progress[130]: Register process 172, phaseName IOKit Boot, uuid 59D383DA-57F8-416A-B466-7AD6A88DE6EB
Jul 15 11:11:10 Drs-MacBook-Pro Installer Progress[130]: Connected processes {
	    "4E5946EA-B03E-489B-9F2B-6F8830583459" =     {
	        CompletionHandlerKey = "<__NSMallocBlock__: 0x6000023d5e50>";
	        "Phase Name" = "loginwindow Boot";
	        "Process ID" = 172;
	        UUID = "4E5946EA-B03E-489B-9F2B-6F8830583459";
	    };
	    "59D383DA-57F8-416A-B466-7AD6A88DE6EB" =     {
	        "Phase Name" = "IOKit Boot";
	        "Process ID" = 172;
	        UUID = "59D383DA-57F8-416A-B466-7AD6A88DE6EB";
	    };
	}
Jul 15 11:11:10 Drs-MacBook-Pro Installer Progress[130]: Saving completion handler for phase IOKit Boot
Jul 15 11:11:10 Drs-MacBook-Pro loginwindow[172]: client 0x600002057b00: handler = 0x7ff7b38db198
Jul 15 11:11:10 Drs-MacBook-Pro Installer Progress[130]: Connected processes {
	    "4E5946EA-B03E-489B-9F2B-6F8830583459" =     {
	        CompletionHandlerKey = "<__NSMallocBlock__: 0x6000023d5e50>";
	        "Phase Name" = "loginwindow Boot";
	        "Process ID" = 172;
	        UUID = "4E5946EA-B03E-489B-9F2B-6F8830583459";
	    };
	    "59D383DA-57F8-416A-B466-7AD6A88DE6EB" =     {
	        CompletionHandlerKey = "<__NSMallocBlock__: 0x6000023d5fe0>";
	        "Phase Name" = "IOKit Boot";
	        "Process ID" = 172;
	        UUID = "59D383DA-57F8-416A-B466-7AD6A88DE6EB";
	    };
	}
Jul 15 11:11:10 Drs-MacBook-Pro Installer Progress[130]: Progress Updated: currentPhase = "IOKit Boot", phase progress = 100.000, total progress = 34.766
Jul 15 11:11:10 Drs-MacBook-Pro Installer Progress[130]: IASGetCurrentInstallPhaseList: phases = (
	        {
	        ConclusionDelay = 0;
	        InstallPhase = "IOKit Boot";
	        InstallPhaseActualPercentageKey = "34.765625";
	        InstallPhasePercentageKey = 35;
	    },
	        {
	        ConclusionDelay = "-1";
	        InstallPhase = "loginwindow Boot";
	        InstallPhaseActualPercentageKey = "65.234375";
	        InstallPhasePercentageKey = 65;
	    }
	)
Jul 15 11:11:10 Drs-MacBook-Pro Installer Progress[130]: IASGetCurrentInstallPhase: Current phase name is "IOKit Boot"
Jul 15 11:11:10 Drs-MacBook-Pro Installer Progress[130]: Advance to phase named = "IOKit Boot"
Jul 15 11:11:10 Drs-MacBook-Pro Installer Progress[130]: currentPhase = "<IASPPhase: 0x6000000ca020: 'IOKit Boot', percentage 34.8, delay 0>", phases = (
	    "<IASPPhase: 0x6000000ca020: 'IOKit Boot', percentage 34.8, delay 0>",
	    "<IASPPhase: 0x6000000ca100: 'loginwindow Boot', percentage 65.2, delay -1>"
	)
Jul 15 11:11:10 Drs-MacBook-Pro Installer Progress[130]: Showing Progress UI
Jul 15 11:11:10 Drs-MacBook-Pro Installer Progress[130]: HotKeys disabled
Jul 15 11:11:10 Drs-MacBook-Pro Installer Progress[130]: Progress app set to foreground app
Jul 15 11:11:10 Drs-MacBook-Pro Installer Progress[130]: _LSSetMetaApplicationInformationItem add to frontmost list success
Jul 15 11:11:10 Drs-MacBook-Pro Installer Progress[130]: Showing the windows
Jul 15 11:11:10 Drs-MacBook-Pro Installer Progress[130]: There are 0 window(s) and 1 display(s), 1 window(s) will be added
Jul 15 11:11:10 Drs-MacBook-Pro Installer Progress[130]: Created a window at {{0, 0}, {1280, 800}}
Jul 15 11:11:10 Drs-MacBook-Pro Installer Progress[130]: Adding Apple Logo
Jul 15 11:11:10 Drs-MacBook-Pro Installer Progress[130]: Apple logo view created
Jul 15 11:11:10 Drs-MacBook-Pro Installer Progress[130]: Status is ""
Jul 15 11:11:10 Drs-MacBook-Pro Installer Progress[130]: Alternate status is ""
Jul 15 11:11:10 Drs-MacBook-Pro Installer Progress[130]: IASPIsUsingFileVault NO
Jul 15 11:11:10 Drs-MacBook-Pro Installer Progress[130]: IASPGetBootMode Standard
Jul 15 11:11:10 Drs-MacBook-Pro Installer Progress[130]: no background for progress added because:
Jul 15 11:11:10 Drs-MacBook-Pro Installer Progress[130]:        and / or NOT booting from EFI loginwindow
Jul 15 11:11:10 Drs-MacBook-Pro Installer Progress[130]: Setting window alpha values to 1.0
Jul 15 11:11:10 Drs-MacBook-Pro Installer Progress[130]: Ordering windows front
Jul 15 11:11:10 Drs-MacBook-Pro Installer Progress[130]: Created CG Shield Window
Jul 15 11:11:10 Drs-MacBook-Pro Installer Progress[130]: Enable the display of progress windows
Jul 15 11:11:10 Drs-MacBook-Pro Installer Progress[130]: Using AppKit display change notification
Jul 15 11:11:10 Drs-MacBook-Pro Installer Progress[130]: Done with phase = "IOKit Boot"
Jul 15 11:11:10 Drs-MacBook-Pro Installer Progress[130]: Progress Updated: currentPhase = "IOKit Boot", phase progress = 100.000, total progress = 34.766
Jul 15 11:11:10 Drs-MacBook-Pro Installer Progress[130]: IASSetCurrentInstallPhase: Current phase name set to "loginwindow Boot"
Jul 15 11:11:10 Drs-MacBook-Pro Installer Progress[130]: Saving completion handler for phase IOKit Boot
Jul 15 11:11:10 Drs-MacBook-Pro Installer Progress[130]: Connected processes {
	    "4E5946EA-B03E-489B-9F2B-6F8830583459" =     {
	        CompletionHandlerKey = "<__NSMallocBlock__: 0x6000023d5e50>";
	        "Phase Name" = "loginwindow Boot";
	        "Process ID" = 172;
	        UUID = "4E5946EA-B03E-489B-9F2B-6F8830583459";
	    };
	    "59D383DA-57F8-416A-B466-7AD6A88DE6EB" =     {
	        CompletionHandlerKey = "<__NSMallocBlock__: 0x6000023d96d0>";
	        "Phase Name" = "IOKit Boot";
	        "Process ID" = 172;
	        UUID = "59D383DA-57F8-416A-B466-7AD6A88DE6EB";
	    };
	}
Jul 15 11:11:10 Drs-MacBook-Pro Installer Progress[130]: Unregister process 172, phaseName IOKit Boot, uuid 59D383DA-57F8-416A-B466-7AD6A88DE6EB
Jul 15 11:11:10 Drs-MacBook-Pro Installer Progress[130]: Connected processes {
	    "4E5946EA-B03E-489B-9F2B-6F8830583459" =     {
	        CompletionHandlerKey = "<__NSMallocBlock__: 0x6000023d5e50>";
	        "Phase Name" = "loginwindow Boot";
	        "Process ID" = 172;
	        UUID = "4E5946EA-B03E-489B-9F2B-6F8830583459";
	    };
	}
Jul 15 11:11:10 Drs-MacBook-Pro Installer Progress[130]: Progress Updated: currentPhase = "loginwindow Boot", phase progress = 10.000, total progress = 41.289
Jul 15 11:11:10 Drs-MacBook-Pro Installer Progress[130]: Progress Updated: currentPhase = "loginwindow Boot", phase progress = 30.000, total progress = 54.336
Jul 15 11:11:10 Drs-MacBook-Pro Installer Progress[130]: Releasing the boot windows
Jul 15 11:11:12 Drs-MacBook-Pro Installer Progress[130]: Progress Updated: currentPhase = "loginwindow Boot", phase progress = 55.000, total progress = 70.645
Jul 15 11:11:12 Drs-MacBook-Pro loginwindow[172]: USER_PROCESS: 172 console
Jul 15 11:11:12 Drs-MacBook-Pro loginwindow[172]: client 0x600002057b00: phaseName = "loginwindow Boot", hide progress UI called
Jul 15 11:11:12 Drs-MacBook-Pro loginwindow[172]: ISAP: hide progress UI called
Jul 15 11:11:12 Drs-MacBook-Pro loginwindow[172]: client 0x600002057b00: phaseName = "loginwindow Boot" is being released
Jul 15 11:11:12 Drs-MacBook-Pro loginwindow[172]: Releasing Connection
Jul 15 11:11:12 Drs-MacBook-Pro Installer Progress[130]: Hiding Progress UI
Jul 15 11:11:12 Drs-MacBook-Pro Installer Progress[130]: Showing the cursor in Progress UI
Jul 15 11:11:12 Drs-MacBook-Pro Installer Progress[130]: GUI session is logged in
Jul 15 11:11:12 Drs-MacBook-Pro Installer Progress[130]: Order Out CG Shield Window
Jul 15 11:11:12 Drs-MacBook-Pro Installer Progress[130]: Setting window alpha values to 0.0
Jul 15 11:11:12 Drs-MacBook-Pro Installer Progress[130]: Progress app removed from the frontmost only list
Jul 15 11:11:12 Drs-MacBook-Pro Installer Progress[130]: Progress app set to Background only app
Jul 15 11:11:12 Drs-MacBook-Pro Installer Progress[130]: HotKeys enabled
Jul 15 11:11:12 Drs-MacBook-Pro Installer Progress[130]: Start quit timer, will attempt to quit in 5 second(s) at 11:11:17 AM
Jul 15 11:11:12 Drs-MacBook-Pro Installer Progress[130]: Saving completion handler for phase loginwindow Boot
Jul 15 11:11:12 Drs-MacBook-Pro Installer Progress[130]: Connected processes {
	    "4E5946EA-B03E-489B-9F2B-6F8830583459" =     {
	        CompletionHandlerKey = "<__NSMallocBlock__: 0x6000023cc320>";
	        "Phase Name" = "loginwindow Boot";
	        "Process ID" = 172;
	        UUID = "4E5946EA-B03E-489B-9F2B-6F8830583459";
	    };
	}
Jul 15 11:11:12 Drs-MacBook-Pro Installer Progress[130]: Unregister process 172, phaseName loginwindow Boot, uuid 4E5946EA-B03E-489B-9F2B-6F8830583459
Jul 15 11:11:12 Drs-MacBook-Pro Installer Progress[130]: Connected processes {
	}
Jul 15 11:11:12 Drs-MacBook-Pro Installer Progress[130]: Finder is not running
Jul 15 11:11:12 Drs-MacBook-Pro Installer Progress[130]: Start quit timer, will attempt to quit in 5 second(s) at 11:11:17 AM
Jul 15 11:11:12 Drs-MacBook-Pro Installer Progress[130]: No application to bring forward
Jul 15 11:11:12 Drs-MacBook-Pro Installer Progress[130]: Ordering windows out
Jul 15 11:11:17 Drs-MacBook-Pro Installer Progress[130]: Unable to quit because there are still phases. The UI is not showing.
Jul 15 11:11:17 Drs-MacBook-Pro Installer Progress[130]: currentPhase = "<IASPPhase: 0x6000000ca100: 'loginwindow Boot', percentage 65.2, delay -1>", phases = (
	    "<IASPPhase: 0x6000000ca020: 'IOKit Boot', percentage 34.8, delay 0>",
	    "<IASPPhase: 0x6000000ca100: 'loginwindow Boot', percentage 65.2, delay -1>"
	)
Jul 15 11:11:17 Drs-MacBook-Pro Installer Progress[130]: Unable to quit because there are still phases. The UI is not showing.
Jul 15 11:11:17 Drs-MacBook-Pro Installer Progress[130]: currentPhase = "<IASPPhase: 0x6000000ca100: 'loginwindow Boot', percentage 65.2, delay -1>", phases = (
	    "<IASPPhase: 0x6000000ca020: 'IOKit Boot', percentage 34.8, delay 0>",
	    "<IASPPhase: 0x6000000ca100: 'loginwindow Boot', percentage 65.2, delay -1>"
	)
Jul 15 11:12:10 Drs-MacBook-Pro loginwindow[172]: There is still an active connection
Jul 15 11:12:42 --- last message repeated 1 time ---
Jul 15 11:21:12 Drs-MacBook-Pro syslogd[133]: ASL Sender Statistics
Jul 15 11:23:46 Drs-MacBook-Pro login[823]: USER_PROCESS: 823 ttys000
Jul 15 11:29:53 Drs-MacBook-Pro sudo[915]: USER_PROCESS: 915 ttys001
Jul 15 11:30:44 Drs-MacBook-Pro sudo[915]: DEAD_PROCESS: 915 ttys001
Jul 15 11:30:52 Drs-MacBook-Pro sudo[1006]: USER_PROCESS: 1006 ttys001
Jul 15 11:31:33 Drs-MacBook-Pro syslogd[133]: ASL Sender Statistics
Jul 15 18:15:56 Drs-MacBook-Pro syslogd[133]: ASL Sender Statistics
Jul 15 18:16:04 Drs-MacBook-Pro sudo[1006]: DEAD_PROCESS: 1006 ttys001
Jul 15 18:43:14 Drs-MacBook-Pro syslogd[133]: ASL Sender Statistics
Jul 15 18:44:25 Drs-MacBook-Pro login[1836]: USER_PROCESS: 1836 ttys001
Jul 15 18:53:35 Drs-MacBook-Pro syslogd[133]: ASL Sender Statistics
Jul 15 18:58:06 Drs-MacBook-Pro login[2558]: USER_PROCESS: 2558 ttys002
Jul 15 18:59:07 Drs-MacBook-Pro login[2648]: USER_PROCESS: 2648 ttys003
Jul 15 19:00:30 Drs-MacBook-Pro login[2648]: DEAD_PROCESS: 2648 ttys003
Jul 15 19:00:53 Drs-MacBook-Pro sudo[2947]: USER_PROCESS: 2947 ttys003
Jul 15 19:00:58 Drs-MacBook-Pro sudo[2947]: DEAD_PROCESS: 2947 ttys003
Jul 15 19:01:26 Drs-MacBook-Pro sudo[3095]: USER_PROCESS: 3095 ttys003
Jul 15 19:02:22 Drs-MacBook-Pro sudo[3241]: USER_PROCESS: 3241 ttys004
Jul 15 19:02:25 Drs-MacBook-Pro login[3256]: USER_PROCESS: 3256 ttys005
Jul 15 19:02:40 Drs-MacBook-Pro sudo[3267]: USER_PROCESS: 3267 ttys006
Jul 15 19:02:46 Drs-MacBook-Pro login[823]: DEAD_PROCESS: 823 ttys000
Jul 15 19:02:53 Drs-MacBook-Pro sudo[3267]: DEAD_PROCESS: 3267 ttys006
Jul 15 19:02:55 Drs-MacBook-Pro sudo[3241]: DEAD_PROCESS: 3241 ttys004
Jul 15 19:03:03 Drs-MacBook-Pro sudo[3285]: USER_PROCESS: 3285 ttys000
Jul 15 19:03:06 Drs-MacBook-Pro sudo[3285]: DEAD_PROCESS: 3285 ttys000
Jul 15 19:03:14 Drs-MacBook-Pro sudo[3302]: USER_PROCESS: 3302 ttys000
Jul 15 19:03:16 Drs-MacBook-Pro login[3309]: USER_PROCESS: 3309 ttys004
Jul 15 19:03:55 Drs-MacBook-Pro syslogd[133]: ASL Sender Statistics
Jul 15 19:04:11 Drs-MacBook-Pro sudo[3364]: USER_PROCESS: 3364 ttys006
Jul 15 19:04:19 Drs-MacBook-Pro login[1836]: DEAD_PROCESS: 1836 ttys001
Jul 15 19:05:09 Drs-MacBook-Pro sudo[3302]: DEAD_PROCESS: 3302 ttys000
Jul 15 19:07:08 Drs-MacBook-Pro login[3447]: USER_PROCESS: 3447 ttys000
Jul 15 19:08:20 Drs-MacBook-Pro sudo[3489]: USER_PROCESS: 3489 ttys001
Jul 15 19:10:26 Drs-MacBook-Pro sudo[3489]: DEAD_PROCESS: 3489 ttys001
Jul 15 19:10:59 Drs-MacBook-Pro sudo[3364]: DEAD_PROCESS: 3364 ttys006
Jul 15 19:11:44 Drs-MacBook-Pro sudo[3516]: USER_PROCESS: 3516 ttys001
Jul 15 19:11:52 Drs-MacBook-Pro sudo[3516]: DEAD_PROCESS: 3516 ttys001
Jul 15 19:12:08 Drs-MacBook-Pro sudo[3520]: USER_PROCESS: 3520 ttys001
Jul 15 19:12:57 Drs-MacBook-Pro login[3447]: DEAD_PROCESS: 3447 ttys000
Jul 15 19:13:07 Drs-MacBook-Pro login[3256]: DEAD_PROCESS: 3256 ttys005
Jul 15 19:15:01 Drs-MacBook-Pro syslogd[133]: ASL Sender Statistics
Jul 15 19:16:26 Drs-MacBook-Pro sudo[3520]: DEAD_PROCESS: 3520 ttys001
Jul 15 19:16:43 Drs-MacBook-Pro sudo[3570]: USER_PROCESS: 3570 ttys000
Jul 15 19:16:45 Drs-MacBook-Pro sudo[3570]: DEAD_PROCESS: 3570 ttys000
Jul 15 19:16:48 Drs-MacBook-Pro sudo[3574]: USER_PROCESS: 3574 ttys000
Jul 15 19:17:20 Drs-MacBook-Pro sudo[3574]: DEAD_PROCESS: 3574 ttys000
Jul 15 19:17:54 Drs-MacBook-Pro sudo[3577]: USER_PROCESS: 3577 ttys000
Jul 15 19:18:27 Drs-MacBook-Pro sudo[3577]: DEAD_PROCESS: 3577 ttys000
Jul 15 19:20:05 Drs-MacBook-Pro sudo[3581]: USER_PROCESS: 3581 ttys000
Jul 15 19:20:07 Drs-MacBook-Pro sudo[3581]: DEAD_PROCESS: 3581 ttys000
Jul 15 19:20:14 Drs-MacBook-Pro sudo[3584]: USER_PROCESS: 3584 ttys000
Jul 15 19:20:35 Drs-MacBook-Pro sudo[3584]: DEAD_PROCESS: 3584 ttys000
Jul 15 19:20:59 Drs-MacBook-Pro sudo[3587]: USER_PROCESS: 3587 ttys000
Jul 15 19:20:59 Drs-MacBook-Pro sudo[3587]: DEAD_PROCESS: 3587 ttys000
Jul 15 19:21:59 Drs-MacBook-Pro sudo[3609]: USER_PROCESS: 3609 ttys000
Jul 15 19:24:32 Drs-MacBook-Pro sudo[3095]: DEAD_PROCESS: 3095 ttys003
Jul 15 19:24:56 Drs-MacBook-Pro sudo[3623]: USER_PROCESS: 3623 ttys001
Jul 15 19:25:03 Drs-MacBook-Pro sudo[3623]: DEAD_PROCESS: 3623 ttys001
Jul 15 19:25:03 Drs-MacBook-Pro syslogd[133]: ASL Sender Statistics
Jul 15 19:25:17 Drs-MacBook-Pro sudo[3652]: USER_PROCESS: 3652 ttys001
Jul 15 19:25:21 Drs-MacBook-Pro sudo[3652]: DEAD_PROCESS: 3652 ttys001
Jul 15 19:25:44 Drs-MacBook-Pro sudo[3707]: USER_PROCESS: 3707 ttys001
Jul 15 19:25:57 Drs-MacBook-Pro login[3722]: USER_PROCESS: 3722 ttys003
Jul 15 19:26:25 Drs-MacBook-Pro sudo[3769]: USER_PROCESS: 3769 ttys005
Jul 15 19:26:27 Drs-MacBook-Pro sudo[3769]: DEAD_PROCESS: 3769 ttys005
Jul 15 19:27:20 Drs-MacBook-Pro sudo[3830]: USER_PROCESS: 3830 ttys005
Jul 15 19:27:37 Drs-MacBook-Pro login[3843]: USER_PROCESS: 3843 ttys006
Jul 15 19:29:28 Drs-MacBook-Pro login[3904]: USER_PROCESS: 3904 ttys007
Jul 15 19:30:38 Drs-MacBook-Pro sudo[3997]: USER_PROCESS: 3997 ttys008
Jul 15 19:30:38 Drs-MacBook-Pro sudo[3997]: DEAD_PROCESS: 3997 ttys008
Jul 15 19:31:55 Drs-MacBook-Pro login[3904]: DEAD_PROCESS: 3904 ttys007
Jul 15 19:34:03 Drs-MacBook-Pro login[3843]: DEAD_PROCESS: 3843 ttys006
Jul 15 19:34:17 Drs-MacBook-Pro login[4053]: USER_PROCESS: 4053 ttys006
Jul 15 19:35:08 Drs-MacBook-Pro syslogd[133]: ASL Sender Statistics
Jul 15 19:35:13 Drs-MacBook-Pro sudo[4060]: USER_PROCESS: 4060 ttys007
Jul 15 19:35:34 Drs-MacBook-Pro sudo[3609]: DEAD_PROCESS: 3609 ttys000
Jul 15 19:35:53 Drs-MacBook-Pro sudo[4060]: DEAD_PROCESS: 4060 ttys007
Jul 15 19:35:58 Drs-MacBook-Pro sudo[4063]: USER_PROCESS: 4063 ttys000
Jul 15 19:35:58 Drs-MacBook-Pro sudo[4063]: DEAD_PROCESS: 4063 ttys000
Jul 15 19:36:06 Drs-MacBook-Pro sudo[4066]: USER_PROCESS: 4066 ttys000
Jul 15 19:36:06 Drs-MacBook-Pro sudo[4066]: DEAD_PROCESS: 4066 ttys000
Jul 15 19:36:43 Drs-MacBook-Pro sudo[4069]: USER_PROCESS: 4069 ttys000
Jul 15 19:36:58 Drs-MacBook-Pro sudo[4069]: DEAD_PROCESS: 4069 ttys000
Jul 15 19:39:48 Drs-MacBook-Pro login[4053]: DEAD_PROCESS: 4053 ttys006
Jul 15 19:40:09 Drs-MacBook-Pro sudo[4088]: USER_PROCESS: 4088 ttys000
Jul 15 19:40:09 Drs-MacBook-Pro sudo[4088]: DEAD_PROCESS: 4088 ttys000
Jul 15 19:40:44 Drs-MacBook-Pro sudo[4091]: USER_PROCESS: 4091 ttys000
Jul 15 19:40:44 Drs-MacBook-Pro sudo[4091]: DEAD_PROCESS: 4091 ttys000
Jul 15 19:40:52 Drs-MacBook-Pro sudo[4094]: USER_PROCESS: 4094 ttys000
Jul 15 19:42:37 Drs-MacBook-Pro sudo[3707]: DEAD_PROCESS: 3707 ttys001
Jul 15 19:42:59 Drs-MacBook-Pro sudo[3830]: DEAD_PROCESS: 3830 ttys005
Jul 15 19:43:01 Drs-MacBook-Pro login[3722]: DEAD_PROCESS: 3722 ttys003
Jul 15 19:43:19 Drs-MacBook-Pro sudo[4094]: DEAD_PROCESS: 4094 ttys000
Jul 15 19:45:11 Drs-MacBook-Pro login[3309]: DEAD_PROCESS: 3309 ttys004
Jul 15 19:45:11 Drs-MacBook-Pro syslogd[133]: ASL Sender Statistics
Jul 15 19:56:43 Drs-MacBook-Pro syslogd[133]: ASL Sender Statistics
Jul 15 20:00:12 Drs-MacBook-Pro login[2558]: DEAD_PROCESS: 2558 ttys002
Jul 15 20:00:24 Drs-MacBook-Pro login[5215]: USER_PROCESS: 5215 ttys000
Jul 15 20:01:36 Drs-MacBook-Pro login[5234]: USER_PROCESS: 5234 ttys001
Jul 15 20:01:48 Drs-MacBook-Pro login[5234]: DEAD_PROCESS: 5234 ttys001
Jul 15 20:04:07 Drs-MacBook-Pro login[5215]: DEAD_PROCESS: 5215 ttys000
Jul 15 20:04:22 Drs-MacBook-Pro loginwindow[172]: The connection was interrupted, calling interruption handlers
Jul 15 20:04:22 Drs-MacBook-Pro sessionlogoutd[5303]: DEAD_PROCESS: 172 console
Jul 15 20:04:22 Drs-MacBook-Pro shutdown[5304]: SHUTDOWN_TIME: 1784163862 950583
Jul 16 18:30:08 localhost bootlog[0]: BOOT_TIME 1784244608 0
Jul 16 18:30:14 localhost syslogd[133]: Configuration Notice:
	ASL Module "com.apple.cdscheduler" claims selected messages.
	Those messages may not appear in standard system log files or in the ASL database.
Jul 16 18:30:14 localhost syslogd[133]: Configuration Notice:
	ASL Module "com.apple.install" claims selected messages.
	Those messages may not appear in standard system log files or in the ASL database.
Jul 16 18:30:14 localhost syslogd[133]: Configuration Notice:
	ASL Module "com.apple.authd" sharing output destination "/var/log/asl" with ASL Module "com.apple.asl".
	Output parameters from ASL Module "com.apple.asl" override any specified in ASL Module "com.apple.authd".
Jul 16 18:30:14 localhost syslogd[133]: Configuration Notice:
	ASL Module "com.apple.authd" sharing output destination "/var/log/system.log" with ASL Module "com.apple.asl".
	Output parameters from ASL Module "com.apple.asl" override any specified in ASL Module "com.apple.authd".
Jul 16 18:30:14 localhost syslogd[133]: Configuration Notice:
	ASL Module "com.apple.authd" claims selected messages.
	Those messages may not appear in standard system log files or in the ASL database.
Jul 16 18:30:14 localhost syslogd[133]: Configuration Notice:
	ASL Module "com.apple.eventmonitor" claims selected messages.
	Those messages may not appear in standard system log files or in the ASL database.
Jul 16 18:30:14 localhost syslogd[133]: Configuration Notice:
	ASL Module "com.apple.mail" claims selected messages.
	Those messages may not appear in standard system log files or in the ASL database.
Jul 16 18:30:14 localhost syslogd[133]: Configuration Notice:
	ASL Module "com.apple.performance" claims selected messages.
	Those messages may not appear in standard system log files or in the ASL database.
Jul 16 18:30:14 localhost syslogd[133]: Configuration Notice:
	ASL Module "com.apple.iokit.power" claims selected messages.
	Those messages may not appear in standard system log files or in the ASL database.
Jul 16 18:30:14 localhost syslogd[133]: Configuration Notice:
	ASL Module "com.apple.contacts.ContactsAutocomplete" claims selected messages.
	Those messages may not appear in standard system log files or in the ASL database.
Jul 16 18:30:14 localhost syslogd[133]: Configuration Notice:
	ASL Module "com.apple.mkb" sharing output destination "/private/var/log/keybagd.log" with ASL Module "com.apple.mkb.internal".
	Output parameters from ASL Module "com.apple.mkb.internal" override any specified in ASL Module "com.apple.mkb".
Jul 16 18:30:14 localhost syslogd[133]: Configuration Notice:
	ASL Module "com.apple.mkb" claims selected messages.
	Those messages may not appear in standard system log files or in the ASL database.
Jul 16 18:30:14 localhost syslogd[133]: Configuration Notice:
	ASL Module "com.apple.MessageTracer" claims selected messages.
	Those messages may not appear in standard system log files or in the ASL database.
Jul 16 18:30:14 localhost Installer Progress[130]: Progress UI App Starting
Jul 16 18:30:14 localhost syslogd[133]: ASL Sender Statistics
Jul 16 18:30:33 Drs-MacBook-Pro Installer Progress[130]: 1 Boot windows acquired
Jul 16 18:30:33 Drs-MacBook-Pro Installer Progress[130]: Enable display of the Cinematic Boot windows
Jul 16 18:30:33 Drs-MacBook-Pro Installer Progress[130]: _ShowUnmanagedSpace: fe03: Showing Unmanaged Space 2
Jul 16 18:30:33 Drs-MacBook-Pro Installer Progress[130]: Hiding the cursor in Progress UI
Jul 16 18:30:33 Drs-MacBook-Pro Installer Progress[130]: Configuration is deferred 0
Jul 16 18:30:34 Drs-MacBook-Pro Installer Progress[130]: IASGetCurrentInstallPhaseList: phases = (
	        {
	        ConclusionDelay = 0;
	        InstallPhase = "IOKit Boot";
	        InstallPhaseActualPercentageKey = "34.765625";
	        InstallPhasePercentageKey = 35;
	    },
	        {
	        ConclusionDelay = "-1";
	        InstallPhase = "loginwindow Boot";
	        InstallPhaseActualPercentageKey = "65.234375";
	        InstallPhasePercentageKey = 65;
	    }
	)
Jul 16 18:30:34 Drs-MacBook-Pro Installer Progress[130]: IASGetCurrentInstallPhase: Current phase name is "loginwindow Boot"
Jul 16 18:30:34 Drs-MacBook-Pro Installer Progress[130]: Advance to phase named = "loginwindow Boot"
Jul 16 18:30:34 Drs-MacBook-Pro Installer Progress[130]: currentPhase = "<IASPPhase: 0x6000008fbb40: 'loginwindow Boot', percentage 65.2, delay -1>", phases = (
	    "<IASPPhase: 0x6000008fbac0: 'IOKit Boot', percentage 34.8, delay 0>",
	    "<IASPPhase: 0x6000008fbb40: 'loginwindow Boot', percentage 65.2, delay -1>"
	)
Jul 16 18:30:34 Drs-MacBook-Pro Installer Progress[130]: Progress app is loading…
Jul 16 18:30:34 Drs-MacBook-Pro Installer Progress[130]: Progress app is running…
Jul 16 18:30:34 Drs-MacBook-Pro loginwindow[172]: Clearing phase info
Jul 16 18:30:34 Drs-MacBook-Pro loginwindow[172]: calling progress app remoteObjectProxy
Jul 16 18:30:34 Drs-MacBook-Pro loginwindow[172]: Creating connection
Jul 16 18:30:34 Drs-MacBook-Pro loginwindow[172]: Connection = 0x600002601180, callers = (
	    "<IASUPCaller: 0x600001500b10>"
	)
Jul 16 18:30:34 Drs-MacBook-Pro Installer Progress[130]: caller = /System/Library/CoreServices/loginwindow.app/Contents/MacOS/loginwindow
Jul 16 18:30:34 Drs-MacBook-Pro Installer Progress[130]: Version 2
Jul 16 18:30:34 Drs-MacBook-Pro loginwindow[172]: version = 2
Jul 16 18:30:34 Drs-MacBook-Pro loginwindow[172]: isModernOS = 1
Jul 16 18:30:34 Drs-MacBook-Pro loginwindow[172]: Add phase named "IOKit Boot", progress 34.960938, delayInSeconds 0
Jul 16 18:30:34 Drs-MacBook-Pro Installer Progress[130]: Clearing phase info
Jul 16 18:30:34 Drs-MacBook-Pro Installer Progress[130]: IASClearInstallProgress: Clearing Registry
Jul 16 18:30:34 Drs-MacBook-Pro loginwindow[172]: Add phase named "loginwindow Boot", progress 65.039062, delayInSeconds -1
Jul 16 18:30:34 Drs-MacBook-Pro Installer Progress[130]: totalPercentage = 0.000000
Jul 16 18:30:34 Drs-MacBook-Pro loginwindow[172]: Connection = 0x600002601180, callers = (
	    "<IASUPCaller: 0x600001500b10>",
	    "<IASUPCaller: 0x600001508da0>"
	)
Jul 16 18:30:34 Drs-MacBook-Pro Installer Progress[130]: currentPhase = "(null)", phases = (
	    "<IASPPhase: 0x6000008e26c0: 'IOKit Boot', percentage 35.0, delay 0>"
	)
Jul 16 18:30:34 Drs-MacBook-Pro loginwindow[172]: client 0x6000002281c0: phaseName = "loginwindow Boot", registering connection
Jul 16 18:30:34 Drs-MacBook-Pro loginwindow[172]: client 0x6000002281c0: phaseName = "loginwindow Boot" was created
Jul 16 18:30:34 Drs-MacBook-Pro loginwindow[172]: Connection = 0x600002601180, callers = (
	    "<IASUPCaller: 0x600001500b10>",
	    "<IASUPCaller: 0x600001508da0>",
	    "<IASUPCaller: 0x600001508d80>"
	)
Jul 16 18:30:34 Drs-MacBook-Pro loginwindow[172]: client 0x600000228040: phaseName = "IOKit Boot", registering connection
Jul 16 18:30:34 Drs-MacBook-Pro loginwindow[172]: client 0x600000228040: phaseName = "IOKit Boot" was created
Jul 16 18:30:34 Drs-MacBook-Pro Installer Progress[130]: IASSetCurrentInstallPhaseList: phases set to (
	        {
	        ConclusionDelay = 0;
	        InstallPhase = "IOKit Boot";
	        InstallPhaseActualPercentageKey = "34.96094";
	        InstallPhasePercentageKey = 35;
	    }
	)
Jul 16 18:30:34 Drs-MacBook-Pro loginwindow[172]: client 0x600000228040: phaseName = "IOKit Boot", show progress UI called
Jul 16 18:30:34 Drs-MacBook-Pro loginwindow[172]: ISAP: Show progress UI called
Jul 16 18:30:34 Drs-MacBook-Pro loginwindow[172]: client 0x600000228040: phaseName = "IOKit Boot" is done
Jul 16 18:30:34 Drs-MacBook-Pro Installer Progress[130]: IASSetCurrentInstallPhase: Current phase name set to "IOKit Boot"
Jul 16 18:30:34 Drs-MacBook-Pro loginwindow[172]: ISAP: Done with Phase "IOKit Boot"
Jul 16 18:30:34 Drs-MacBook-Pro loginwindow[172]: client 0x600000228040: phaseName = "IOKit Boot" is being released
Jul 16 18:30:34 Drs-MacBook-Pro Installer Progress[130]: totalPercentage = 34.960938
Jul 16 18:30:34 Drs-MacBook-Pro Installer Progress[130]: currentPhase = "<IASPPhase: 0x6000008e26c0: 'IOKit Boot', percentage 35.0, delay 0>", phases = (
	    "<IASPPhase: 0x6000008e26c0: 'IOKit Boot', percentage 35.0, delay 0>",
	    "<IASPPhase: 0x6000008e25a0: 'loginwindow Boot', percentage 65.0, delay -1>"
	)
Jul 16 18:30:34 Drs-MacBook-Pro loginwindow[172]: Releasing Connection
Jul 16 18:30:34 Drs-MacBook-Pro Installer Progress[130]: IASSetCurrentInstallPhaseList: phases set to (
	        {
	        ConclusionDelay = 0;
	        InstallPhase = "IOKit Boot";
	        InstallPhaseActualPercentageKey = "34.96094";
	        InstallPhasePercentageKey = 35;
	    },
	        {
	        ConclusionDelay = "-1";
	        InstallPhase = "loginwindow Boot";
	        InstallPhaseActualPercentageKey = "65.03906";
	        InstallPhasePercentageKey = 65;
	    }
	)
Jul 16 18:30:34 Drs-MacBook-Pro loginwindow[172]: client 0x6000002281c0: handler = 0x7ff7b6174198
Jul 16 18:30:34 Drs-MacBook-Pro Installer Progress[130]: Register process 172, phaseName loginwindow Boot, uuid 22F403C8-2D65-4BB4-835C-92E928255C99
Jul 16 18:30:34 Drs-MacBook-Pro Installer Progress[130]: Connected processes {
	    "22F403C8-2D65-4BB4-835C-92E928255C99" =     {
	        "Phase Name" = "loginwindow Boot";
	        "Process ID" = 172;
	        UUID = "22F403C8-2D65-4BB4-835C-92E928255C99";
	    };
	}
Jul 16 18:30:34 Drs-MacBook-Pro Installer Progress[130]: Saving completion handler for phase loginwindow Boot
Jul 16 18:30:34 Drs-MacBook-Pro Installer Progress[130]: Connected processes {
	    "22F403C8-2D65-4BB4-835C-92E928255C99" =     {
	        CompletionHandlerKey = "<__NSMallocBlock__: 0x600002bf2580>";
	        "Phase Name" = "loginwindow Boot";
	        "Process ID" = 172;
	        UUID = "22F403C8-2D65-4BB4-835C-92E928255C99";
	    };
	}
Jul 16 18:30:34 Drs-MacBook-Pro Installer Progress[130]: Register process 172, phaseName IOKit Boot, uuid 44717E5F-C668-41B7-A548-9D6F32CC97D7
Jul 16 18:30:34 Drs-MacBook-Pro Installer Progress[130]: Connected processes {
	    "22F403C8-2D65-4BB4-835C-92E928255C99" =     {
	        CompletionHandlerKey = "<__NSMallocBlock__: 0x600002bf2580>";
	        "Phase Name" = "loginwindow Boot";
	        "Process ID" = 172;
	        UUID = "22F403C8-2D65-4BB4-835C-92E928255C99";
	    };
	    "44717E5F-C668-41B7-A548-9D6F32CC97D7" =     {
	        "Phase Name" = "IOKit Boot";
	        "Process ID" = 172;
	        UUID = "44717E5F-C668-41B7-A548-9D6F32CC97D7";
	    };
	}
Jul 16 18:30:34 Drs-MacBook-Pro Installer Progress[130]: Saving completion handler for phase IOKit Boot
Jul 16 18:30:34 Drs-MacBook-Pro Installer Progress[130]: Connected processes {
	    "22F403C8-2D65-4BB4-835C-92E928255C99" =     {
	        CompletionHandlerKey = "<__NSMallocBlock__: 0x600002bf2580>";
	        "Phase Name" = "loginwindow Boot";
	        "Process ID" = 172;
	        UUID = "22F403C8-2D65-4BB4-835C-92E928255C99";
	    };
	    "44717E5F-C668-41B7-A548-9D6F32CC97D7" =     {
	        CompletionHandlerKey = "<__NSMallocBlock__: 0x600002bfc7d0>";
	        "Phase Name" = "IOKit Boot";
	        "Process ID" = 172;
	        UUID = "44717E5F-C668-41B7-A548-9D6F32CC97D7";
	    };
	}
Jul 16 18:30:34 Drs-MacBook-Pro Installer Progress[130]: Progress Updated: currentPhase = "IOKit Boot", phase progress = 100.000, total progress = 34.961
Jul 16 18:30:34 Drs-MacBook-Pro Installer Progress[130]: IASGetCurrentInstallPhaseList: phases = (
	        {
	        ConclusionDelay = 0;
	        InstallPhase = "IOKit Boot";
	        InstallPhaseActualPercentageKey = "34.9609375";
	        InstallPhasePercentageKey = 35;
	    },
	        {
	        ConclusionDelay = "-1";
	        InstallPhase = "loginwindow Boot";
	        InstallPhaseActualPercentageKey = "65.0390625";
	        InstallPhasePercentageKey = 65;
	    }
	)
Jul 16 18:30:34 Drs-MacBook-Pro Installer Progress[130]: IASGetCurrentInstallPhase: Current phase name is "IOKit Boot"
Jul 16 18:30:34 Drs-MacBook-Pro Installer Progress[130]: Advance to phase named = "IOKit Boot"
Jul 16 18:30:34 Drs-MacBook-Pro Installer Progress[130]: currentPhase = "<IASPPhase: 0x6000008e2680: 'IOKit Boot', percentage 35.0, delay 0>", phases = (
	    "<IASPPhase: 0x6000008e2680: 'IOKit Boot', percentage 35.0, delay 0>",
	    "<IASPPhase: 0x6000008e2700: 'loginwindow Boot', percentage 65.0, delay -1>"
	)
Jul 16 18:30:34 Drs-MacBook-Pro Installer Progress[130]: Showing Progress UI
Jul 16 18:30:34 Drs-MacBook-Pro Installer Progress[130]: HotKeys disabled
Jul 16 18:30:34 Drs-MacBook-Pro Installer Progress[130]: Progress app set to foreground app
Jul 16 18:30:34 Drs-MacBook-Pro Installer Progress[130]: _LSSetMetaApplicationInformationItem add to frontmost list success
Jul 16 18:30:34 Drs-MacBook-Pro Installer Progress[130]: Showing the windows
Jul 16 18:30:34 Drs-MacBook-Pro Installer Progress[130]: There are 0 window(s) and 1 display(s), 1 window(s) will be added
Jul 16 18:30:34 Drs-MacBook-Pro Installer Progress[130]: Created a window at {{0, 0}, {1280, 800}}
Jul 16 18:30:34 Drs-MacBook-Pro Installer Progress[130]: Adding Apple Logo
Jul 16 18:30:34 Drs-MacBook-Pro Installer Progress[130]: Apple logo view created
Jul 16 18:30:34 Drs-MacBook-Pro Installer Progress[130]: Status is ""
Jul 16 18:30:34 Drs-MacBook-Pro Installer Progress[130]: Alternate status is ""
Jul 16 18:30:34 Drs-MacBook-Pro Installer Progress[130]: IASPIsUsingFileVault NO
Jul 16 18:30:34 Drs-MacBook-Pro Installer Progress[130]: IASPGetBootMode Standard
Jul 16 18:30:34 Drs-MacBook-Pro Installer Progress[130]: no background for progress added because:
Jul 16 18:30:34 Drs-MacBook-Pro Installer Progress[130]:        and / or NOT booting from EFI loginwindow
Jul 16 18:30:34 Drs-MacBook-Pro Installer Progress[130]: Setting window alpha values to 1.0
Jul 16 18:30:34 Drs-MacBook-Pro Installer Progress[130]: Ordering windows front
Jul 16 18:30:34 Drs-MacBook-Pro Installer Progress[130]: Created CG Shield Window
Jul 16 18:30:34 Drs-MacBook-Pro Installer Progress[130]: Enable the display of progress windows
Jul 16 18:30:34 Drs-MacBook-Pro Installer Progress[130]: Using AppKit display change notification
Jul 16 18:30:34 Drs-MacBook-Pro Installer Progress[130]: Done with phase = "IOKit Boot"
Jul 16 18:30:34 Drs-MacBook-Pro Installer Progress[130]: Progress Updated: currentPhase = "IOKit Boot", phase progress = 100.000, total progress = 34.961
Jul 16 18:30:34 Drs-MacBook-Pro Installer Progress[130]: IASSetCurrentInstallPhase: Current phase name set to "loginwindow Boot"
Jul 16 18:30:34 Drs-MacBook-Pro Installer Progress[130]: Saving completion handler for phase IOKit Boot
Jul 16 18:30:34 Drs-MacBook-Pro Installer Progress[130]: Connected processes {
	    "22F403C8-2D65-4BB4-835C-92E928255C99" =     {
	        CompletionHandlerKey = "<__NSMallocBlock__: 0x600002bf2580>";
	        "Phase Name" = "loginwindow Boot";
	        "Process ID" = 172;
	        UUID = "22F403C8-2D65-4BB4-835C-92E928255C99";
	    };
	    "44717E5F-C668-41B7-A548-9D6F32CC97D7" =     {
	        CompletionHandlerKey = "<__NSMallocBlock__: 0x600002bfc780>";
	        "Phase Name" = "IOKit Boot";
	        "Process ID" = 172;
	        UUID = "44717E5F-C668-41B7-A548-9D6F32CC97D7";
	    };
	}
Jul 16 18:30:34 Drs-MacBook-Pro Installer Progress[130]: Unregister process 172, phaseName IOKit Boot, uuid 44717E5F-C668-41B7-A548-9D6F32CC97D7
Jul 16 18:30:34 Drs-MacBook-Pro Installer Progress[130]: Connected processes {
	    "22F403C8-2D65-4BB4-835C-92E928255C99" =     {
	        CompletionHandlerKey = "<__NSMallocBlock__: 0x600002bf2580>";
	        "Phase Name" = "loginwindow Boot";
	        "Process ID" = 172;
	        UUID = "22F403C8-2D65-4BB4-835C-92E928255C99";
	    };
	}
Jul 16 18:30:34 Drs-MacBook-Pro Installer Progress[130]: Progress Updated: currentPhase = "loginwindow Boot", phase progress = 10.000, total progress = 41.465
Jul 16 18:30:34 Drs-MacBook-Pro Installer Progress[130]: Progress Updated: currentPhase = "loginwindow Boot", phase progress = 30.000, total progress = 54.473
Jul 16 18:30:34 Drs-MacBook-Pro Installer Progress[130]: Releasing the boot windows
Jul 16 18:30:35 Drs-MacBook-Pro Installer Progress[130]: Progress Updated: currentPhase = "loginwindow Boot", phase progress = 55.000, total progress = 70.732
Jul 16 18:30:35 Drs-MacBook-Pro loginwindow[172]: USER_PROCESS: 172 console
Jul 16 18:30:35 Drs-MacBook-Pro Installer Progress[130]: Progress Updated: currentPhase = "loginwindow Boot", phase progress = 80.000, total progress = 86.992
Jul 16 18:30:38 Drs-MacBook-Pro loginwindow[172]: client 0x6000002281c0: phaseName = "loginwindow Boot" is done
Jul 16 18:30:38 Drs-MacBook-Pro loginwindow[172]: ISAP: Done with Phase "loginwindow Boot"
Jul 16 18:30:38 Drs-MacBook-Pro Installer Progress[130]: Progress Updated: currentPhase = "loginwindow Boot", phase progress = 100.000, total progress = 100.000
Jul 16 18:30:38 Drs-MacBook-Pro Installer Progress[130]: Done with phase = "loginwindow Boot"
Jul 16 18:30:38 Drs-MacBook-Pro Installer Progress[130]: Progress Updated: currentPhase = "loginwindow Boot", phase progress = 100.000, total progress = 100.000
Jul 16 18:30:38 Drs-MacBook-Pro Installer Progress[130]: IASClearInstallProgress: Clearing Registry
Jul 16 18:30:38 Drs-MacBook-Pro Installer Progress[130]: Ignoring the progress update because "loginwindow Boot" isn't one of the phases (null)
Jul 16 18:30:39 Drs-MacBook-Pro Installer Progress[130]: Calling animation completion handler
Jul 16 18:30:39 Drs-MacBook-Pro Installer Progress[130]: Progress complete, notifying registered clients
Jul 16 18:30:39 Drs-MacBook-Pro Installer Progress[130]: Calling completion handler for phase "loginwindow Boot"
Jul 16 18:30:39 Drs-MacBook-Pro loginwindow[172]: Calling completion handler for 0x6000002281c0
Jul 16 18:30:39 Drs-MacBook-Pro loginwindow[172]: client 0x6000002281c0: phaseName = "loginwindow Boot", hide progress UI called
Jul 16 18:30:39 Drs-MacBook-Pro loginwindow[172]: ISAP: hide progress UI called
Jul 16 18:30:39 Drs-MacBook-Pro loginwindow[172]: client 0x6000002281c0: phaseName = "loginwindow Boot" is being released
Jul 16 18:30:39 Drs-MacBook-Pro Installer Progress[130]: Hiding Progress UI
Jul 16 18:30:39 Drs-MacBook-Pro loginwindow[172]: Releasing Connection
Jul 16 18:30:39 Drs-MacBook-Pro Installer Progress[130]: Showing the cursor in Progress UI
Jul 16 18:30:39 Drs-MacBook-Pro Installer Progress[130]: GUI session is logged in
Jul 16 18:30:39 Drs-MacBook-Pro Installer Progress[130]: Order Out CG Shield Window
Jul 16 18:30:39 Drs-MacBook-Pro Installer Progress[130]: Setting window alpha values to 0.0
Jul 16 18:30:39 Drs-MacBook-Pro Installer Progress[130]: Progress app removed from the frontmost only list
Jul 16 18:30:39 Drs-MacBook-Pro Installer Progress[130]: Progress app set to Background only app
Jul 16 18:30:39 Drs-MacBook-Pro Installer Progress[130]: HotKeys enabled
Jul 16 18:30:39 Drs-MacBook-Pro Installer Progress[130]: Start quit timer, will attempt to quit in 5 second(s) at 6:30:44 PM
Jul 16 18:30:39 Drs-MacBook-Pro Installer Progress[130]: Saving completion handler for phase loginwindow Boot
Jul 16 18:30:39 Drs-MacBook-Pro Installer Progress[130]: Connected processes {
	    "22F403C8-2D65-4BB4-835C-92E928255C99" =     {
	        CompletionHandlerKey = "<__NSMallocBlock__: 0x600002bf86e0>";
	        "Phase Name" = "loginwindow Boot";
	        "Process ID" = 172;
	        UUID = "22F403C8-2D65-4BB4-835C-92E928255C99";
	    };
	}
Jul 16 18:30:39 Drs-MacBook-Pro Installer Progress[130]: Unregister process 172, phaseName loginwindow Boot, uuid 22F403C8-2D65-4BB4-835C-92E928255C99
Jul 16 18:30:39 Drs-MacBook-Pro Installer Progress[130]: Connected processes {
	}
Jul 16 18:30:39 Drs-MacBook-Pro Installer Progress[130]: Start quit timer, will attempt to quit in 5 second(s) at 6:30:44 PM
Jul 16 18:30:39 Drs-MacBook-Pro Installer Progress[130]: Will attempt to bring the Finder forward
Jul 16 18:30:39 Drs-MacBook-Pro Installer Progress[130]: Activated application <NSRunningApplication: 0x6000026e5d80 (com.apple.finder - 390) LSASN:{hi=0x0;lo=0x12012}>
Jul 16 18:30:39 Drs-MacBook-Pro Installer Progress[130]: Ordering windows out
Jul 16 18:30:44 Drs-MacBook-Pro Installer Progress[130]: Quitting because there are no phases. There are no connected processes. The UI is not showing.
Jul 16 18:30:44 Drs-MacBook-Pro Installer Progress[130]: Quitting Progress App
Jul 16 18:30:44 Drs-MacBook-Pro Installer Progress[130]: Showing the cursor in Progress UI
Jul 16 18:30:44 Drs-MacBook-Pro Installer Progress[130]: GUI session is logged in
Jul 16 18:30:44 Drs-MacBook-Pro Installer Progress[130]: Order Out CG Shield Window
Jul 16 18:30:44 Drs-MacBook-Pro Installer Progress[130]: Setting window alpha values to 0.0
Jul 16 18:30:44 Drs-MacBook-Pro Installer Progress[130]: Showing the cursor in Progress UI
Jul 16 18:30:44 Drs-MacBook-Pro loginwindow[172]: The connection was interrupted, calling interruption handlers
Jul 16 18:31:30 Drs-MacBook-Pro loginwindow[172]: There is still an active connection
Jul 16 18:31:35 Drs-MacBook-Pro login[565]: USER_PROCESS: 565 ttys000
Jul 16 18:31:35 Drs-MacBook-Pro loginwindow[172]: There is still an active connection
Jul 16 18:39:51 Drs-MacBook-Pro login[638]: USER_PROCESS: 638 ttys001
Jul 16 18:40:37 Drs-MacBook-Pro syslogd[133]: ASL Sender Statistics
Jul 16 18:52:02 Drs-MacBook-Pro syslogd[133]: ASL Sender Statistics
Jul 16 19:05:12 Drs-MacBook-Pro syslogd[133]: ASL Sender Statistics
Jul 16 19:17:29 Drs-MacBook-Pro syslogd[133]: ASL Sender Statistics
Jul 16 19:30:05 Drs-MacBook-Pro syslogd[133]: ASL Sender Statistics
Jul 16 19:37:38 Drs-MacBook-Pro login[905]: USER_PROCESS: 905 ttys002
Jul 16 19:41:39 Drs-MacBook-Pro syslogd[133]: ASL Sender Statistics
Jul 16 19:42:38 Drs-MacBook-Pro login[905]: DEAD_PROCESS: 905 ttys002
Jul 16 19:42:41 Drs-MacBook-Pro login[962]: USER_PROCESS: 962 ttys002
Jul 16 19:43:03 Drs-MacBook-Pro login[962]: DEAD_PROCESS: 962 ttys002
Jul 16 19:43:21 Drs-MacBook-Pro login[638]: DEAD_PROCESS: 638 ttys001
Jul 16 19:50:40 Drs-MacBook-Pro login[565]: DEAD_PROCESS: 565 ttys000
Jul 16 19:50:58 Drs-MacBook-Pro sessionlogoutd[1108]: DEAD_PROCESS: 172 console
Jul 16 19:50:59 Drs-MacBook-Pro shutdown[1110]: SHUTDOWN_TIME: 1784249459 205772
Jul 18 13:08:06 localhost bootlog[0]: BOOT_TIME 1784398086 0
Jul 18 13:08:12 localhost syslogd[133]: Configuration Notice:
	ASL Module "com.apple.cdscheduler" claims selected messages.
	Those messages may not appear in standard system log files or in the ASL database.
Jul 18 13:08:12 localhost syslogd[133]: Configuration Notice:
	ASL Module "com.apple.install" claims selected messages.
	Those messages may not appear in standard system log files or in the ASL database.
Jul 18 13:08:12 localhost syslogd[133]: Configuration Notice:
	ASL Module "com.apple.authd" sharing output destination "/var/log/asl" with ASL Module "com.apple.asl".
	Output parameters from ASL Module "com.apple.asl" override any specified in ASL Module "com.apple.authd".
Jul 18 13:08:12 localhost syslogd[133]: Configuration Notice:
	ASL Module "com.apple.authd" sharing output destination "/var/log/system.log" with ASL Module "com.apple.asl".
	Output parameters from ASL Module "com.apple.asl" override any specified in ASL Module "com.apple.authd".
Jul 18 13:08:12 localhost syslogd[133]: Configuration Notice:
	ASL Module "com.apple.authd" claims selected messages.
	Those messages may not appear in standard system log files or in the ASL database.
Jul 18 13:08:12 localhost syslogd[133]: Configuration Notice:
	ASL Module "com.apple.eventmonitor" claims selected messages.
	Those messages may not appear in standard system log files or in the ASL database.
Jul 18 13:08:12 localhost syslogd[133]: Configuration Notice:
	ASL Module "com.apple.mail" claims selected messages.
	Those messages may not appear in standard system log files or in the ASL database.
Jul 18 13:08:12 localhost syslogd[133]: Configuration Notice:
	ASL Module "com.apple.performance" claims selected messages.
	Those messages may not appear in standard system log files or in the ASL database.
Jul 18 13:08:12 localhost syslogd[133]: Configuration Notice:
	ASL Module "com.apple.iokit.power" claims selected messages.
	Those messages may not appear in standard system log files or in the ASL database.
Jul 18 13:08:12 localhost syslogd[133]: Configuration Notice:
	ASL Module "com.apple.contacts.ContactsAutocomplete" claims selected messages.
	Those messages may not appear in standard system log files or in the ASL database.
Jul 18 13:08:12 localhost syslogd[133]: Configuration Notice:
	ASL Module "com.apple.mkb" sharing output destination "/private/var/log/keybagd.log" with ASL Module "com.apple.mkb.internal".
	Output parameters from ASL Module "com.apple.mkb.internal" override any specified in ASL Module "com.apple.mkb".
Jul 18 13:08:12 localhost syslogd[133]: Configuration Notice:
	ASL Module "com.apple.mkb" claims selected messages.
	Those messages may not appear in standard system log files or in the ASL database.
Jul 18 13:08:12 localhost syslogd[133]: Configuration Notice:
	ASL Module "com.apple.MessageTracer" claims selected messages.
	Those messages may not appear in standard system log files or in the ASL database.
Jul 18 13:08:12 localhost Installer Progress[130]: Progress UI App Starting
Jul 18 13:08:12 localhost syslogd[133]: ASL Sender Statistics
Jul 18 13:08:31 Drs-MacBook-Pro Installer Progress[130]: 1 Boot windows acquired
Jul 18 13:08:31 Drs-MacBook-Pro Installer Progress[130]: Enable display of the Cinematic Boot windows
Jul 18 13:08:31 Drs-MacBook-Pro Installer Progress[130]: _ShowUnmanagedSpace: 10207: Showing Unmanaged Space 2
Jul 18 13:08:31 Drs-MacBook-Pro Installer Progress[130]: Hiding the cursor in Progress UI
Jul 18 13:08:31 Drs-MacBook-Pro Installer Progress[130]: Configuration is deferred 0
Jul 18 13:08:31 Drs-MacBook-Pro Installer Progress[130]: IASGetCurrentInstallPhaseList: Unable to get phases
Jul 18 13:08:31 Drs-MacBook-Pro Installer Progress[130]: IASGetCurrentInstallPhase: Unable to get the current phase name
Jul 18 13:08:31 Drs-MacBook-Pro Installer Progress[130]: Current phase name wasn't saved, using the first phase in the list, current phase = "(null)"
Jul 18 13:08:31 Drs-MacBook-Pro Installer Progress[130]: currentPhase = "(null)", phases = (null)
Jul 18 13:08:31 Drs-MacBook-Pro Installer Progress[130]: Progress app is loading…
Jul 18 13:08:31 Drs-MacBook-Pro Installer Progress[130]: Progress app is running with no progress set
Jul 18 13:08:31 Drs-MacBook-Pro Installer Progress[130]: Progress app is running…
Jul 18 13:08:31 Drs-MacBook-Pro loginwindow[172]: Clearing phase info
Jul 18 13:08:31 Drs-MacBook-Pro loginwindow[172]: calling progress app remoteObjectProxy
Jul 18 13:08:31 Drs-MacBook-Pro loginwindow[172]: Creating connection
Jul 18 13:08:31 Drs-MacBook-Pro loginwindow[172]: Connection = 0x6000013ac640, callers = (
	    "<IASUPCaller: 0x6000020a15b0>"
	)
Jul 18 13:08:31 Drs-MacBook-Pro Installer Progress[130]: caller = /System/Library/CoreServices/loginwindow.app/Contents/MacOS/loginwindow
Jul 18 13:08:31 Drs-MacBook-Pro Installer Progress[130]: Version 2
Jul 18 13:08:31 Drs-MacBook-Pro loginwindow[172]: version = 2
Jul 18 13:08:31 Drs-MacBook-Pro loginwindow[172]: isModernOS = 1
Jul 18 13:08:31 Drs-MacBook-Pro loginwindow[172]: Add phase named "IOKit Boot", progress 34.863281, delayInSeconds 0
Jul 18 13:08:31 Drs-MacBook-Pro Installer Progress[130]: Clearing phase info
Jul 18 13:08:31 Drs-MacBook-Pro Installer Progress[130]: IASClearInstallProgress: Clearing Registry
Jul 18 13:08:31 Drs-MacBook-Pro loginwindow[172]: Add phase named "loginwindow Boot", progress 65.136719, delayInSeconds -1
Jul 18 13:08:31 Drs-MacBook-Pro Installer Progress[130]: totalPercentage = 0.000000
Jul 18 13:08:31 Drs-MacBook-Pro loginwindow[172]: Connection = 0x6000013ac640, callers = (
	    "<IASUPCaller: 0x6000020a15b0>",
	    "<IASUPCaller: 0x6000020a1590>"
	)
Jul 18 13:08:31 Drs-MacBook-Pro Installer Progress[130]: currentPhase = "(null)", phases = (
	    "<IASPPhase: 0x600000dcb500: 'IOKit Boot', percentage 34.9, delay 0>"
	)
Jul 18 13:08:31 Drs-MacBook-Pro loginwindow[172]: client 0x600003781f00: phaseName = "loginwindow Boot", registering connection
Jul 18 13:08:31 Drs-MacBook-Pro loginwindow[172]: client 0x600003781f00: phaseName = "loginwindow Boot" was created
Jul 18 13:08:31 Drs-MacBook-Pro Installer Progress[130]: IASSetCurrentInstallPhaseList: phases set to (
	        {
	        ConclusionDelay = 0;
	        InstallPhase = "IOKit Boot";
	        InstallPhaseActualPercentageKey = "34.86328";
	        InstallPhasePercentageKey = 35;
	    }
	)
Jul 18 13:08:31 Drs-MacBook-Pro loginwindow[172]: Connection = 0x6000013ac640, callers = (
	    "<IASUPCaller: 0x6000020a15b0>",
	    "<IASUPCaller: 0x6000020a1590>",
	    "<IASUPCaller: 0x6000020a1570>"
	)
Jul 18 13:08:31 Drs-MacBook-Pro loginwindow[172]: client 0x600003781e00: phaseName = "IOKit Boot", registering connection
Jul 18 13:08:31 Drs-MacBook-Pro Installer Progress[130]: IASSetCurrentInstallPhase: Current phase name set to "IOKit Boot"
Jul 18 13:08:31 Drs-MacBook-Pro Installer Progress[130]: totalPercentage = 34.863281
Jul 18 13:08:31 Drs-MacBook-Pro loginwindow[172]: client 0x600003781e00: phaseName = "IOKit Boot" was created
Jul 18 13:08:31 Drs-MacBook-Pro Installer Progress[130]: currentPhase = "<IASPPhase: 0x600000dcb500: 'IOKit Boot', percentage 34.9, delay 0>", phases = (
	    "<IASPPhase: 0x600000dcb500: 'IOKit Boot', percentage 34.9, delay 0>",
	    "<IASPPhase: 0x600000dddf40: 'loginwindow Boot', percentage 65.1, delay -1>"
	)
Jul 18 13:08:31 Drs-MacBook-Pro loginwindow[172]: client 0x600003781e00: phaseName = "IOKit Boot", show progress UI called
Jul 18 13:08:31 Drs-MacBook-Pro loginwindow[172]: ISAP: Show progress UI called
Jul 18 13:08:31 Drs-MacBook-Pro loginwindow[172]: client 0x600003781e00: phaseName = "IOKit Boot" is done
Jul 18 13:08:31 Drs-MacBook-Pro Installer Progress[130]: IASSetCurrentInstallPhaseList: phases set to (
	        {
	        ConclusionDelay = 0;
	        InstallPhase = "IOKit Boot";
	        InstallPhaseActualPercentageKey = "34.86328";
	        InstallPhasePercentageKey = 35;
	    },
	        {
	        ConclusionDelay = "-1";
	        InstallPhase = "loginwindow Boot";
	        InstallPhaseActualPercentageKey = "65.13672";
	        InstallPhasePercentageKey = 65;
	    }
	)
Jul 18 13:08:31 Drs-MacBook-Pro loginwindow[172]: ISAP: Done with Phase "IOKit Boot"
Jul 18 13:08:31 Drs-MacBook-Pro loginwindow[172]: client 0x600003781e00: phaseName = "IOKit Boot" is being released
Jul 18 13:08:31 Drs-MacBook-Pro Installer Progress[130]: Register process 172, phaseName loginwindow Boot, uuid 16D2AB9B-2BA0-48A9-895F-2354F0C2BE6B
Jul 18 13:08:31 Drs-MacBook-Pro Installer Progress[130]: Connected processes {
	    "16D2AB9B-2BA0-48A9-895F-2354F0C2BE6B" =     {
	        "Phase Name" = "loginwindow Boot";
	        "Process ID" = 172;
	        UUID = "16D2AB9B-2BA0-48A9-895F-2354F0C2BE6B";
	    };
	}
Jul 18 13:08:31 Drs-MacBook-Pro loginwindow[172]: Releasing Connection
Jul 18 13:08:31 Drs-MacBook-Pro Installer Progress[130]: Saving completion handler for phase loginwindow Boot
Jul 18 13:08:31 Drs-MacBook-Pro Installer Progress[130]: Connected processes {
	    "16D2AB9B-2BA0-48A9-895F-2354F0C2BE6B" =     {
	        CompletionHandlerKey = "<__NSMallocBlock__: 0x600002ed52c0>";
	        "Phase Name" = "loginwindow Boot";
	        "Process ID" = 172;
	        UUID = "16D2AB9B-2BA0-48A9-895F-2354F0C2BE6B";
	    };
	}
Jul 18 13:08:31 Drs-MacBook-Pro loginwindow[172]: client 0x600003781f00: handler = 0x7ff7b9f63198
Jul 18 13:08:31 Drs-MacBook-Pro Installer Progress[130]: Register process 172, phaseName IOKit Boot, uuid F0D09CCC-0BA6-4181-B0A9-8D1B0BEE7948
Jul 18 13:08:31 Drs-MacBook-Pro Installer Progress[130]: Connected processes {
	    "16D2AB9B-2BA0-48A9-895F-2354F0C2BE6B" =     {
	        CompletionHandlerKey = "<__NSMallocBlock__: 0x600002ed52c0>";
	        "Phase Name" = "loginwindow Boot";
	        "Process ID" = 172;
	        UUID = "16D2AB9B-2BA0-48A9-895F-2354F0C2BE6B";
	    };
	    "F0D09CCC-0BA6-4181-B0A9-8D1B0BEE7948" =     {
	        "Phase Name" = "IOKit Boot";
	        "Process ID" = 172;
	        UUID = "F0D09CCC-0BA6-4181-B0A9-8D1B0BEE7948";
	    };
	}
Jul 18 13:08:31 Drs-MacBook-Pro Installer Progress[130]: Saving completion handler for phase IOKit Boot
Jul 18 13:08:31 Drs-MacBook-Pro Installer Progress[130]: Connected processes {
	    "16D2AB9B-2BA0-48A9-895F-2354F0C2BE6B" =     {
	        CompletionHandlerKey = "<__NSMallocBlock__: 0x600002ed52c0>";
	        "Phase Name" = "loginwindow Boot";
	        "Process ID" = 172;
	        UUID = "16D2AB9B-2BA0-48A9-895F-2354F0C2BE6B";
	    };
	    "F0D09CCC-0BA6-4181-B0A9-8D1B0BEE7948" =     {
	        CompletionHandlerKey = "<__NSMallocBlock__: 0x600002ed5310>";
	        "Phase Name" = "IOKit Boot";
	        "Process ID" = 172;
	        UUID = "F0D09CCC-0BA6-4181-B0A9-8D1B0BEE7948";
	    };
	}
Jul 18 13:08:31 Drs-MacBook-Pro Installer Progress[130]: Progress Updated: currentPhase = "IOKit Boot", phase progress = 100.000, total progress = 34.863
Jul 18 13:08:31 Drs-MacBook-Pro Installer Progress[130]: IASGetCurrentInstallPhaseList: phases = (
	        {
	        ConclusionDelay = 0;
	        InstallPhase = "IOKit Boot";
	        InstallPhaseActualPercentageKey = "34.86328125";
	        InstallPhasePercentageKey = 35;
	    },
	        {
	        ConclusionDelay = "-1";
	        InstallPhase = "loginwindow Boot";
	        InstallPhaseActualPercentageKey = "65.13671875";
	        InstallPhasePercentageKey = 65;
	    }
	)
Jul 18 13:08:31 Drs-MacBook-Pro Installer Progress[130]: IASGetCurrentInstallPhase: Current phase name is "IOKit Boot"
Jul 18 13:08:31 Drs-MacBook-Pro Installer Progress[130]: Advance to phase named = "IOKit Boot"
Jul 18 13:08:31 Drs-MacBook-Pro Installer Progress[130]: currentPhase = "<IASPPhase: 0x600000dcfe60: 'IOKit Boot', percentage 34.9, delay 0>", phases = (
	    "<IASPPhase: 0x600000dcfe60: 'IOKit Boot', percentage 34.9, delay 0>",
	    "<IASPPhase: 0x600000dcfe80: 'loginwindow Boot', percentage 65.1, delay -1>"
	)
Jul 18 13:08:31 Drs-MacBook-Pro Installer Progress[130]: Showing Progress UI
Jul 18 13:08:31 Drs-MacBook-Pro Installer Progress[130]: HotKeys disabled
Jul 18 13:08:31 Drs-MacBook-Pro Installer Progress[130]: Progress app set to foreground app
Jul 18 13:08:31 Drs-MacBook-Pro Installer Progress[130]: _LSSetMetaApplicationInformationItem add to frontmost list success
Jul 18 13:08:31 Drs-MacBook-Pro Installer Progress[130]: Showing the windows
Jul 18 13:08:31 Drs-MacBook-Pro Installer Progress[130]: There are 0 window(s) and 1 display(s), 1 window(s) will be added
Jul 18 13:08:31 Drs-MacBook-Pro Installer Progress[130]: Created a window at {{0, 0}, {1280, 800}}
Jul 18 13:08:31 Drs-MacBook-Pro Installer Progress[130]: Adding Apple Logo
Jul 18 13:08:31 Drs-MacBook-Pro Installer Progress[130]: Apple logo view created
Jul 18 13:08:31 Drs-MacBook-Pro Installer Progress[130]: Status is ""
Jul 18 13:08:31 Drs-MacBook-Pro Installer Progress[130]: Alternate status is ""
Jul 18 13:08:31 Drs-MacBook-Pro Installer Progress[130]: IASPIsUsingFileVault NO
Jul 18 13:08:31 Drs-MacBook-Pro Installer Progress[130]: IASPGetBootMode Standard
Jul 18 13:08:31 Drs-MacBook-Pro Installer Progress[130]: no background for progress added because:
Jul 18 13:08:31 Drs-MacBook-Pro Installer Progress[130]:        and / or NOT booting from EFI loginwindow
Jul 18 13:08:31 Drs-MacBook-Pro Installer Progress[130]: Setting window alpha values to 1.0
Jul 18 13:08:31 Drs-MacBook-Pro Installer Progress[130]: Ordering windows front
Jul 18 13:08:31 Drs-MacBook-Pro Installer Progress[130]: Created CG Shield Window
Jul 18 13:08:31 Drs-MacBook-Pro Installer Progress[130]: Enable the display of progress windows
Jul 18 13:08:31 Drs-MacBook-Pro Installer Progress[130]: Using AppKit display change notification
Jul 18 13:08:31 Drs-MacBook-Pro Installer Progress[130]: Done with phase = "IOKit Boot"
Jul 18 13:08:31 Drs-MacBook-Pro Installer Progress[130]: Progress Updated: currentPhase = "IOKit Boot", phase progress = 100.000, total progress = 34.863
Jul 18 13:08:31 Drs-MacBook-Pro Installer Progress[130]: IASSetCurrentInstallPhase: Current phase name set to "loginwindow Boot"
Jul 18 13:08:31 Drs-MacBook-Pro Installer Progress[130]: Saving completion handler for phase IOKit Boot
Jul 18 13:08:31 Drs-MacBook-Pro Installer Progress[130]: Connected processes {
	    "16D2AB9B-2BA0-48A9-895F-2354F0C2BE6B" =     {
	        CompletionHandlerKey = "<__NSMallocBlock__: 0x600002ed52c0>";
	        "Phase Name" = "loginwindow Boot";
	        "Process ID" = 172;
	        UUID = "16D2AB9B-2BA0-48A9-895F-2354F0C2BE6B";
	    };
	    "F0D09CCC-0BA6-4181-B0A9-8D1B0BEE7948" =     {
	        CompletionHandlerKey = "<__NSMallocBlock__: 0x600002ed1900>";
	        "Phase Name" = "IOKit Boot";
	        "Process ID" = 172;
	        UUID = "F0D09CCC-0BA6-4181-B0A9-8D1B0BEE7948";
	    };
	}
Jul 18 13:08:31 Drs-MacBook-Pro Installer Progress[130]: Unregister process 172, phaseName IOKit Boot, uuid F0D09CCC-0BA6-4181-B0A9-8D1B0BEE7948
Jul 18 13:08:31 Drs-MacBook-Pro Installer Progress[130]: Connected processes {
	    "16D2AB9B-2BA0-48A9-895F-2354F0C2BE6B" =     {
	        CompletionHandlerKey = "<__NSMallocBlock__: 0x600002ed52c0>";
	        "Phase Name" = "loginwindow Boot";
	        "Process ID" = 172;
	        UUID = "16D2AB9B-2BA0-48A9-895F-2354F0C2BE6B";
	    };
	}
Jul 18 13:08:31 Drs-MacBook-Pro Installer Progress[130]: Progress Updated: currentPhase = "loginwindow Boot", phase progress = 10.000, total progress = 41.377
Jul 18 13:08:32 Drs-MacBook-Pro Installer Progress[130]: Progress Updated: currentPhase = "loginwindow Boot", phase progress = 30.000, total progress = 54.404
Jul 18 13:08:32 Drs-MacBook-Pro Installer Progress[130]: Releasing the boot windows
Jul 18 13:08:33 Drs-MacBook-Pro Installer Progress[130]: Progress Updated: currentPhase = "loginwindow Boot", phase progress = 55.000, total progress = 70.688
Jul 18 13:08:33 Drs-MacBook-Pro loginwindow[172]: USER_PROCESS: 172 console
Jul 18 13:08:33 Drs-MacBook-Pro Installer Progress[130]: Progress Updated: currentPhase = "loginwindow Boot", phase progress = 80.000, total progress = 86.973
Jul 18 13:08:35 Drs-MacBook-Pro loginwindow[172]: client 0x600003781f00: phaseName = "loginwindow Boot" is done
Jul 18 13:08:35 Drs-MacBook-Pro loginwindow[172]: ISAP: Done with Phase "loginwindow Boot"
Jul 18 13:08:35 Drs-MacBook-Pro Installer Progress[130]: Progress Updated: currentPhase = "loginwindow Boot", phase progress = 100.000, total progress = 100.000
Jul 18 13:08:35 Drs-MacBook-Pro Installer Progress[130]: Done with phase = "loginwindow Boot"
Jul 18 13:08:35 Drs-MacBook-Pro Installer Progress[130]: Progress Updated: currentPhase = "loginwindow Boot", phase progress = 100.000, total progress = 100.000
Jul 18 13:08:35 Drs-MacBook-Pro Installer Progress[130]: IASClearInstallProgress: Clearing Registry
Jul 18 13:08:36 Drs-MacBook-Pro Installer Progress[130]: Calling animation completion handler
Jul 18 13:08:36 Drs-MacBook-Pro Installer Progress[130]: Progress complete, notifying registered clients
Jul 18 13:08:36 Drs-MacBook-Pro Installer Progress[130]: Calling completion handler for phase "loginwindow Boot"
Jul 18 13:08:36 Drs-MacBook-Pro loginwindow[172]: Calling completion handler for 0x600003781f00
Jul 18 13:08:36 Drs-MacBook-Pro loginwindow[172]: client 0x600003781f00: phaseName = "loginwindow Boot", hide progress UI called
Jul 18 13:08:36 Drs-MacBook-Pro loginwindow[172]: ISAP: hide progress UI called
Jul 18 13:08:36 Drs-MacBook-Pro loginwindow[172]: client 0x600003781f00: phaseName = "loginwindow Boot" is being released
Jul 18 13:08:36 Drs-MacBook-Pro loginwindow[172]: Releasing Connection
Jul 18 13:08:36 Drs-MacBook-Pro Installer Progress[130]: Hiding Progress UI
Jul 18 13:08:36 Drs-MacBook-Pro Installer Progress[130]: Showing the cursor in Progress UI
Jul 18 13:08:36 Drs-MacBook-Pro Installer Progress[130]: GUI session is logged in
Jul 18 13:08:36 Drs-MacBook-Pro Installer Progress[130]: Order Out CG Shield Window
Jul 18 13:08:36 Drs-MacBook-Pro Installer Progress[130]: Setting window alpha values to 0.0
Jul 18 13:08:36 Drs-MacBook-Pro Installer Progress[130]: Progress app removed from the frontmost only list
Jul 18 13:08:36 Drs-MacBook-Pro Installer Progress[130]: Progress app set to Background only app
Jul 18 13:08:36 Drs-MacBook-Pro Installer Progress[130]: HotKeys enabled
Jul 18 13:08:36 Drs-MacBook-Pro Installer Progress[130]: Start quit timer, will attempt to quit in 5 second(s) at 1:08:41 PM
Jul 18 13:08:36 Drs-MacBook-Pro Installer Progress[130]: Will attempt to bring the Finder forward
Jul 18 13:08:36 Drs-MacBook-Pro Installer Progress[130]: Saving completion handler for phase loginwindow Boot
Jul 18 13:08:36 Drs-MacBook-Pro Installer Progress[130]: Connected processes {
	    "16D2AB9B-2BA0-48A9-895F-2354F0C2BE6B" =     {
	        CompletionHandlerKey = "<__NSMallocBlock__: 0x600002ed9310>";
	        "Phase Name" = "loginwindow Boot";
	        "Process ID" = 172;
	        UUID = "16D2AB9B-2BA0-48A9-895F-2354F0C2BE6B";
	    };
	}
Jul 18 13:08:36 Drs-MacBook-Pro Installer Progress[130]: Unregister process 172, phaseName loginwindow Boot, uuid 16D2AB9B-2BA0-48A9-895F-2354F0C2BE6B
Jul 18 13:08:36 Drs-MacBook-Pro Installer Progress[130]: Connected processes {
	}
Jul 18 13:08:36 Drs-MacBook-Pro Installer Progress[130]: Start quit timer, will attempt to quit in 5 second(s) at 1:08:41 PM
Jul 18 13:08:36 Drs-MacBook-Pro Installer Progress[130]: Activated application <NSRunningApplication: 0x6000023d8100 (com.apple.finder - 390) LSASN:{hi=0x0;lo=0x13013}>
Jul 18 13:08:37 Drs-MacBook-Pro Installer Progress[130]: Ordering windows out
Jul 18 13:08:41 Drs-MacBook-Pro Installer Progress[130]: Quitting because there are no phases. There are no connected processes. The UI is not showing.
Jul 18 13:08:41 Drs-MacBook-Pro Installer Progress[130]: Quitting Progress App
Jul 18 13:08:41 Drs-MacBook-Pro Installer Progress[130]: Showing the cursor in Progress UI
Jul 18 13:08:41 Drs-MacBook-Pro Installer Progress[130]: GUI session is logged in
Jul 18 13:08:41 Drs-MacBook-Pro Installer Progress[130]: Order Out CG Shield Window
Jul 18 13:08:41 Drs-MacBook-Pro Installer Progress[130]: Setting window alpha values to 0.0
Jul 18 13:08:41 Drs-MacBook-Pro Installer Progress[130]: Showing the cursor in Progress UI
Jul 18 13:08:41 Drs-MacBook-Pro loginwindow[172]: The connection was interrupted, calling interruption handlers
Jul 18 13:08:49 Drs-MacBook-Pro login[536]: USER_PROCESS: 536 ttys000
Jul 18 13:09:31 Drs-MacBook-Pro loginwindow[172]: There is still an active connection
Jul 18 13:09:34 Drs-MacBook-Pro login[536]: DEAD_PROCESS: 536 ttys000
Jul 18 13:09:36 Drs-MacBook-Pro loginwindow[172]: There is still an active connection
Jul 18 13:17:11 Drs-MacBook-Pro login[672]: USER_PROCESS: 672 ttys000
Jul 18 13:18:12 Drs-MacBook-Pro syslogd[133]: ASL Sender Statistics
Jul 18 13:27:26 Drs-MacBook-Pro login[765]: USER_PROCESS: 765 ttys001
Jul 18 13:28:20 Drs-MacBook-Pro login[672]: DEAD_PROCESS: 672 ttys000
Jul 18 13:28:20 Drs-MacBook-Pro syslogd[133]: ASL Sender Statistics
Jul 18 13:38:20 Drs-MacBook-Pro syslogd[133]: ASL Sender Statistics
Jul 18 13:48:44 Drs-MacBook-Pro syslogd[133]: ASL Sender Statistics
Jul 18 13:58:51 Drs-MacBook-Pro syslogd[133]: ASL Sender Statistics
Jul 18 14:04:02 Drs-MacBook-Pro login[765]: DEAD_PROCESS: 765 ttys001
Jul 18 14:04:05 Drs-MacBook-Pro login[944]: USER_PROCESS: 944 ttys000
Jul 18 14:09:07 Drs-MacBook-Pro syslogd[133]: ASL Sender Statistics
Jul 18 14:11:34 Drs-MacBook-Pro login[999]: USER_PROCESS: 999 ttys001
Jul 18 14:19:25 Drs-MacBook-Pro syslogd[133]: ASL Sender Statistics
Jul 18 14:20:05 Drs-MacBook-Pro login[999]: DEAD_PROCESS: 999 ttys001
Jul 18 14:20:31 Drs-MacBook-Pro login[944]: DEAD_PROCESS: 944 ttys000
Jul 18 14:21:45 Drs-MacBook-Pro login[1504]: USER_PROCESS: 1504 ttys000
Jul 18 14:32:38 Drs-MacBook-Pro syslogd[133]: ASL Sender Statistics
Jul 18 14:38:58 Drs-MacBook-Pro login[1504]: DEAD_PROCESS: 1504 ttys000
Jul 18 14:39:10 Drs-MacBook-Pro sessionlogoutd[2139]: DEAD_PROCESS: 172 console
Jul 18 14:39:10 Drs-MacBook-Pro shutdown[2141]: SHUTDOWN_TIME: 1784403550 371450
Jul 23 13:14:13 localhost bootlog[0]: BOOT_TIME 1784830453 0
Jul 23 13:14:19 localhost syslogd[133]: Configuration Notice:
	ASL Module "com.apple.cdscheduler" claims selected messages.
	Those messages may not appear in standard system log files or in the ASL database.
Jul 23 13:14:19 localhost syslogd[133]: Configuration Notice:
	ASL Module "com.apple.install" claims selected messages.
	Those messages may not appear in standard system log files or in the ASL database.
Jul 23 13:14:19 localhost syslogd[133]: Configuration Notice:
	ASL Module "com.apple.authd" sharing output destination "/var/log/asl" with ASL Module "com.apple.asl".
	Output parameters from ASL Module "com.apple.asl" override any specified in ASL Module "com.apple.authd".
Jul 23 13:14:19 localhost syslogd[133]: Configuration Notice:
	ASL Module "com.apple.authd" sharing output destination "/var/log/system.log" with ASL Module "com.apple.asl".
	Output parameters from ASL Module "com.apple.asl" override any specified in ASL Module "com.apple.authd".
Jul 23 13:14:19 localhost syslogd[133]: Configuration Notice:
	ASL Module "com.apple.authd" claims selected messages.
	Those messages may not appear in standard system log files or in the ASL database.
Jul 23 13:14:19 localhost syslogd[133]: Configuration Notice:
	ASL Module "com.apple.eventmonitor" claims selected messages.
	Those messages may not appear in standard system log files or in the ASL database.
Jul 23 13:14:19 localhost syslogd[133]: Configuration Notice:
	ASL Module "com.apple.mail" claims selected messages.
	Those messages may not appear in standard system log files or in the ASL database.
Jul 23 13:14:19 localhost syslogd[133]: Configuration Notice:
	ASL Module "com.apple.performance" claims selected messages.
	Those messages may not appear in standard system log files or in the ASL database.
Jul 23 13:14:19 localhost syslogd[133]: Configuration Notice:
	ASL Module "com.apple.iokit.power" claims selected messages.
	Those messages may not appear in standard system log files or in the ASL database.
Jul 23 13:14:19 localhost syslogd[133]: Configuration Notice:
	ASL Module "com.apple.contacts.ContactsAutocomplete" claims selected messages.
	Those messages may not appear in standard system log files or in the ASL database.
Jul 23 13:14:19 localhost syslogd[133]: Configuration Notice:
	ASL Module "com.apple.mkb" sharing output destination "/private/var/log/keybagd.log" with ASL Module "com.apple.mkb.internal".
	Output parameters from ASL Module "com.apple.mkb.internal" override any specified in ASL Module "com.apple.mkb".
Jul 23 13:14:19 localhost syslogd[133]: Configuration Notice:
	ASL Module "com.apple.mkb" claims selected messages.
	Those messages may not appear in standard system log files or in the ASL database.
Jul 23 13:14:19 localhost syslogd[133]: Configuration Notice:
	ASL Module "com.apple.MessageTracer" claims selected messages.
	Those messages may not appear in standard system log files or in the ASL database.
Jul 23 13:14:18 localhost Installer Progress[130]: Progress UI App Starting
Jul 23 13:14:19 localhost syslogd[133]: ASL Sender Statistics
Jul 23 13:14:38 Drs-MacBook-Pro Installer Progress[130]: 1 Boot windows acquired
Jul 23 13:14:38 Drs-MacBook-Pro Installer Progress[130]: Enable display of the Cinematic Boot windows
Jul 23 13:14:38 Drs-MacBook-Pro Installer Progress[130]: _ShowUnmanagedSpace: f303: Showing Unmanaged Space 2
Jul 23 13:14:38 Drs-MacBook-Pro Installer Progress[130]: Hiding the cursor in Progress UI
Jul 23 13:14:38 Drs-MacBook-Pro Installer Progress[130]: Configuration is deferred 0
Jul 23 13:14:38 Drs-MacBook-Pro Installer Progress[130]: IASGetCurrentInstallPhaseList: Unable to get phases
Jul 23 13:14:38 Drs-MacBook-Pro Installer Progress[130]: IASGetCurrentInstallPhase: Unable to get the current phase name
Jul 23 13:14:38 Drs-MacBook-Pro Installer Progress[130]: Current phase name wasn't saved, using the first phase in the list, current phase = "(null)"
Jul 23 13:14:38 Drs-MacBook-Pro Installer Progress[130]: currentPhase = "(null)", phases = (null)
Jul 23 13:14:38 Drs-MacBook-Pro Installer Progress[130]: Progress app is loading…
Jul 23 13:14:38 Drs-MacBook-Pro Installer Progress[130]: Progress app is running with no progress set
Jul 23 13:14:38 Drs-MacBook-Pro Installer Progress[130]: Progress app is running…
Jul 23 13:14:38 Drs-MacBook-Pro loginwindow[172]: Clearing phase info
Jul 23 13:14:38 Drs-MacBook-Pro loginwindow[172]: calling progress app remoteObjectProxy
Jul 23 13:14:38 Drs-MacBook-Pro loginwindow[172]: Creating connection
Jul 23 13:14:38 Drs-MacBook-Pro loginwindow[172]: Connection = 0x600003604e60, callers = (
	    "<IASUPCaller: 0x600000500c60>"
	)
Jul 23 13:14:38 Drs-MacBook-Pro Installer Progress[130]: caller = /System/Library/CoreServices/loginwindow.app/Contents/MacOS/loginwindow
Jul 23 13:14:38 Drs-MacBook-Pro Installer Progress[130]: Version 2
Jul 23 13:14:38 Drs-MacBook-Pro loginwindow[172]: version = 2
Jul 23 13:14:38 Drs-MacBook-Pro loginwindow[172]: isModernOS = 1
Jul 23 13:14:38 Drs-MacBook-Pro loginwindow[172]: Add phase named "IOKit Boot", progress 34.863281, delayInSeconds 0
Jul 23 13:14:38 Drs-MacBook-Pro Installer Progress[130]: Clearing phase info
Jul 23 13:14:38 Drs-MacBook-Pro Installer Progress[130]: IASClearInstallProgress: Clearing Registry
Jul 23 13:14:38 Drs-MacBook-Pro loginwindow[172]: Add phase named "loginwindow Boot", progress 65.136719, delayInSeconds -1
Jul 23 13:14:38 Drs-MacBook-Pro Installer Progress[130]: totalPercentage = 0.000000
Jul 23 13:14:38 Drs-MacBook-Pro loginwindow[172]: Connection = 0x600003604e60, callers = (
	    "<IASUPCaller: 0x600000500c60>",
	    "<IASUPCaller: 0x600000500d00>"
	)
Jul 23 13:14:38 Drs-MacBook-Pro Installer Progress[130]: currentPhase = "(null)", phases = (
	    "<IASPPhase: 0x600003a89440: 'IOKit Boot', percentage 34.9, delay 0>"
	)
Jul 23 13:14:38 Drs-MacBook-Pro loginwindow[172]: client 0x60000122ee00: phaseName = "loginwindow Boot", registering connection
Jul 23 13:14:38 Drs-MacBook-Pro loginwindow[172]: client 0x60000122ee00: phaseName = "loginwindow Boot" was created
Jul 23 13:14:38 Drs-MacBook-Pro Installer Progress[130]: IASSetCurrentInstallPhaseList: phases set to (
	        {
	        ConclusionDelay = 0;
	        InstallPhase = "IOKit Boot";
	        InstallPhaseActualPercentageKey = "34.86328";
	        InstallPhasePercentageKey = 35;
	    }
	)
Jul 23 13:14:38 Drs-MacBook-Pro loginwindow[172]: Connection = 0x600003604e60, callers = (
	    "<IASUPCaller: 0x600000500c60>",
	    "<IASUPCaller: 0x600000500d00>",
	    "<IASUPCaller: 0x600000500d10>"
	)
Jul 23 13:14:38 Drs-MacBook-Pro loginwindow[172]: client 0x60000122efc0: phaseName = "IOKit Boot", registering connection
Jul 23 13:14:38 Drs-MacBook-Pro Installer Progress[130]: IASSetCurrentInstallPhase: Current phase name set to "IOKit Boot"
Jul 23 13:14:38 Drs-MacBook-Pro loginwindow[172]: client 0x60000122efc0: phaseName = "IOKit Boot" was created
Jul 23 13:14:38 Drs-MacBook-Pro Installer Progress[130]: totalPercentage = 34.863281
Jul 23 13:14:38 Drs-MacBook-Pro Installer Progress[130]: currentPhase = "<IASPPhase: 0x600003a89440: 'IOKit Boot', percentage 34.9, delay 0>", phases = (
	    "<IASPPhase: 0x600003a89440: 'IOKit Boot', percentage 34.9, delay 0>",
	    "<IASPPhase: 0x600003a89140: 'loginwindow Boot', percentage 65.1, delay -1>"
	)
Jul 23 13:14:38 Drs-MacBook-Pro loginwindow[172]: client 0x60000122efc0: phaseName = "IOKit Boot", show progress UI called
Jul 23 13:14:38 Drs-MacBook-Pro loginwindow[172]: ISAP: Show progress UI called
Jul 23 13:14:38 Drs-MacBook-Pro loginwindow[172]: client 0x60000122efc0: phaseName = "IOKit Boot" is done
Jul 23 13:14:38 Drs-MacBook-Pro loginwindow[172]: ISAP: Done with Phase "IOKit Boot"
Jul 23 13:14:38 Drs-MacBook-Pro Installer Progress[130]: IASSetCurrentInstallPhaseList: phases set to (
	        {
	        ConclusionDelay = 0;
	        InstallPhase = "IOKit Boot";
	        InstallPhaseActualPercentageKey = "34.86328";
	        InstallPhasePercentageKey = 35;
	    },
	        {
	        ConclusionDelay = "-1";
	        InstallPhase = "loginwindow Boot";
	        InstallPhaseActualPercentageKey = "65.13672";
	        InstallPhasePercentageKey = 65;
	    }
	)
Jul 23 13:14:38 Drs-MacBook-Pro loginwindow[172]: client 0x60000122efc0: phaseName = "IOKit Boot" is being released
Jul 23 13:14:38 Drs-MacBook-Pro Installer Progress[130]: Register process 172, phaseName loginwindow Boot, uuid 4551D9F3-5881-4614-A965-722DE3F5B0F2
Jul 23 13:14:38 Drs-MacBook-Pro loginwindow[172]: Releasing Connection
Jul 23 13:14:38 Drs-MacBook-Pro Installer Progress[130]: Connected processes {
	    "4551D9F3-5881-4614-A965-722DE3F5B0F2" =     {
	        "Phase Name" = "loginwindow Boot";
	        "Process ID" = 172;
	        UUID = "4551D9F3-5881-4614-A965-722DE3F5B0F2";
	    };
	}
Jul 23 13:14:38 Drs-MacBook-Pro Installer Progress[130]: Saving completion handler for phase loginwindow Boot
Jul 23 13:14:38 Drs-MacBook-Pro loginwindow[172]: client 0x60000122ee00: handler = 0x7ff7b74f3198
Jul 23 13:14:38 Drs-MacBook-Pro Installer Progress[130]: Connected processes {
	    "4551D9F3-5881-4614-A965-722DE3F5B0F2" =     {
	        CompletionHandlerKey = "<__NSMallocBlock__: 0x600001989450>";
	        "Phase Name" = "loginwindow Boot";
	        "Process ID" = 172;
	        UUID = "4551D9F3-5881-4614-A965-722DE3F5B0F2";
	    };
	}
Jul 23 13:14:38 Drs-MacBook-Pro Installer Progress[130]: Register process 172, phaseName IOKit Boot, uuid 1E129BEA-6BD2-4420-ADAE-DF67D8E7E31D
Jul 23 13:14:38 Drs-MacBook-Pro Installer Progress[130]: Connected processes {
	    "1E129BEA-6BD2-4420-ADAE-DF67D8E7E31D" =     {
	        "Phase Name" = "IOKit Boot";
	        "Process ID" = 172;
	        UUID = "1E129BEA-6BD2-4420-ADAE-DF67D8E7E31D";
	    };
	    "4551D9F3-5881-4614-A965-722DE3F5B0F2" =     {
	        CompletionHandlerKey = "<__NSMallocBlock__: 0x600001989450>";
	        "Phase Name" = "loginwindow Boot";
	        "Process ID" = 172;
	        UUID = "4551D9F3-5881-4614-A965-722DE3F5B0F2";
	    };
	}
Jul 23 13:14:38 Drs-MacBook-Pro Installer Progress[130]: Saving completion handler for phase IOKit Boot
Jul 23 13:14:38 Drs-MacBook-Pro Installer Progress[130]: Connected processes {
	    "1E129BEA-6BD2-4420-ADAE-DF67D8E7E31D" =     {
	        CompletionHandlerKey = "<__NSMallocBlock__: 0x6000019894a0>";
	        "Phase Name" = "IOKit Boot";
	        "Process ID" = 172;
	        UUID = "1E129BEA-6BD2-4420-ADAE-DF67D8E7E31D";
	    };
	    "4551D9F3-5881-4614-A965-722DE3F5B0F2" =     {
	        CompletionHandlerKey = "<__NSMallocBlock__: 0x600001989450>";
	        "Phase Name" = "loginwindow Boot";
	        "Process ID" = 172;
	        UUID = "4551D9F3-5881-4614-A965-722DE3F5B0F2";
	    };
	}
Jul 23 13:14:38 Drs-MacBook-Pro Installer Progress[130]: Progress Updated: currentPhase = "IOKit Boot", phase progress = 100.000, total progress = 34.863
Jul 23 13:14:38 Drs-MacBook-Pro Installer Progress[130]: IASGetCurrentInstallPhaseList: phases = (
	        {
	        ConclusionDelay = 0;
	        InstallPhase = "IOKit Boot";
	        InstallPhaseActualPercentageKey = "34.86328125";
	        InstallPhasePercentageKey = 35;
	    },
	        {
	        ConclusionDelay = "-1";
	        InstallPhase = "loginwindow Boot";
	        InstallPhaseActualPercentageKey = "65.13671875";
	        InstallPhasePercentageKey = 65;
	    }
	)
Jul 23 13:14:38 Drs-MacBook-Pro Installer Progress[130]: IASGetCurrentInstallPhase: Current phase name is "IOKit Boot"
Jul 23 13:14:38 Drs-MacBook-Pro Installer Progress[130]: Advance to phase named = "IOKit Boot"
Jul 23 13:14:38 Drs-MacBook-Pro Installer Progress[130]: currentPhase = "<IASPPhase: 0x600003a89700: 'IOKit Boot', percentage 34.9, delay 0>", phases = (
	    "<IASPPhase: 0x600003a89700: 'IOKit Boot', percentage 34.9, delay 0>",
	    "<IASPPhase: 0x600003a891a0: 'loginwindow Boot', percentage 65.1, delay -1>"
	)
Jul 23 13:14:38 Drs-MacBook-Pro Installer Progress[130]: Showing Progress UI
Jul 23 13:14:38 Drs-MacBook-Pro Installer Progress[130]: HotKeys disabled
Jul 23 13:14:38 Drs-MacBook-Pro Installer Progress[130]: Progress app set to foreground app
Jul 23 13:14:38 Drs-MacBook-Pro Installer Progress[130]: _LSSetMetaApplicationInformationItem add to frontmost list success
Jul 23 13:14:38 Drs-MacBook-Pro Installer Progress[130]: Showing the windows
Jul 23 13:14:38 Drs-MacBook-Pro Installer Progress[130]: There are 0 window(s) and 1 display(s), 1 window(s) will be added
Jul 23 13:14:38 Drs-MacBook-Pro Installer Progress[130]: Created a window at {{0, 0}, {1280, 800}}
Jul 23 13:14:38 Drs-MacBook-Pro Installer Progress[130]: Adding Apple Logo
Jul 23 13:14:38 Drs-MacBook-Pro Installer Progress[130]: Apple logo view created
Jul 23 13:14:38 Drs-MacBook-Pro Installer Progress[130]: Status is ""
Jul 23 13:14:38 Drs-MacBook-Pro Installer Progress[130]: Alternate status is ""
Jul 23 13:14:38 Drs-MacBook-Pro Installer Progress[130]: IASPIsUsingFileVault NO
Jul 23 13:14:38 Drs-MacBook-Pro Installer Progress[130]: IASPGetBootMode Standard
Jul 23 13:14:38 Drs-MacBook-Pro Installer Progress[130]: no background for progress added because:
Jul 23 13:14:38 Drs-MacBook-Pro Installer Progress[130]:        and / or NOT booting from EFI loginwindow
Jul 23 13:14:38 Drs-MacBook-Pro Installer Progress[130]: Setting window alpha values to 1.0
Jul 23 13:14:38 Drs-MacBook-Pro Installer Progress[130]: Ordering windows front
Jul 23 13:14:38 Drs-MacBook-Pro Installer Progress[130]: Created CG Shield Window
Jul 23 13:14:38 Drs-MacBook-Pro Installer Progress[130]: Enable the display of progress windows
Jul 23 13:14:38 Drs-MacBook-Pro Installer Progress[130]: Using AppKit display change notification
Jul 23 13:14:38 Drs-MacBook-Pro Installer Progress[130]: Done with phase = "IOKit Boot"
Jul 23 13:14:38 Drs-MacBook-Pro Installer Progress[130]: Progress Updated: currentPhase = "IOKit Boot", phase progress = 100.000, total progress = 34.863
Jul 23 13:14:38 Drs-MacBook-Pro Installer Progress[130]: IASSetCurrentInstallPhase: Current phase name set to "loginwindow Boot"
Jul 23 13:14:38 Drs-MacBook-Pro Installer Progress[130]: Saving completion handler for phase IOKit Boot
Jul 23 13:14:38 Drs-MacBook-Pro Installer Progress[130]: Connected processes {
	    "1E129BEA-6BD2-4420-ADAE-DF67D8E7E31D" =     {
	        CompletionHandlerKey = "<__NSMallocBlock__: 0x600001985310>";
	        "Phase Name" = "IOKit Boot";
	        "Process ID" = 172;
	        UUID = "1E129BEA-6BD2-4420-ADAE-DF67D8E7E31D";
	    };
	    "4551D9F3-5881-4614-A965-722DE3F5B0F2" =     {
	        CompletionHandlerKey = "<__NSMallocBlock__: 0x600001989450>";
	        "Phase Name" = "loginwindow Boot";
	        "Process ID" = 172;
	        UUID = "4551D9F3-5881-4614-A965-722DE3F5B0F2";
	    };
	}
Jul 23 13:14:38 Drs-MacBook-Pro Installer Progress[130]: Unregister process 172, phaseName IOKit Boot, uuid 1E129BEA-6BD2-4420-ADAE-DF67D8E7E31D
Jul 23 13:14:38 Drs-MacBook-Pro Installer Progress[130]: Connected processes {
	    "4551D9F3-5881-4614-A965-722DE3F5B0F2" =     {
	        CompletionHandlerKey = "<__NSMallocBlock__: 0x600001989450>";
	        "Phase Name" = "loginwindow Boot";
	        "Process ID" = 172;
	        UUID = "4551D9F3-5881-4614-A965-722DE3F5B0F2";
	    };
	}
Jul 23 13:14:38 Drs-MacBook-Pro Installer Progress[130]: Progress Updated: currentPhase = "loginwindow Boot", phase progress = 10.000, total progress = 41.377
Jul 23 13:14:38 Drs-MacBook-Pro Installer Progress[130]: Progress Updated: currentPhase = "loginwindow Boot", phase progress = 30.000, total progress = 54.404
Jul 23 13:14:39 Drs-MacBook-Pro Installer Progress[130]: Releasing the boot windows
Jul 23 13:14:39 Drs-MacBook-Pro Installer Progress[130]: Progress Updated: currentPhase = "loginwindow Boot", phase progress = 55.000, total progress = 70.688
Jul 23 13:14:39 Drs-MacBook-Pro loginwindow[172]: USER_PROCESS: 172 console
Jul 23 13:14:40 Drs-MacBook-Pro Installer Progress[130]: Progress Updated: currentPhase = "loginwindow Boot", phase progress = 80.000, total progress = 86.973
Jul 23 13:14:42 Drs-MacBook-Pro loginwindow[172]: client 0x60000122ee00: phaseName = "loginwindow Boot" is done
Jul 23 13:14:42 Drs-MacBook-Pro loginwindow[172]: ISAP: Done with Phase "loginwindow Boot"
Jul 23 13:14:42 Drs-MacBook-Pro Installer Progress[130]: Progress Updated: currentPhase = "loginwindow Boot", phase progress = 100.000, total progress = 100.000
Jul 23 13:14:42 Drs-MacBook-Pro Installer Progress[130]: Done with phase = "loginwindow Boot"
Jul 23 13:14:42 Drs-MacBook-Pro Installer Progress[130]: Progress Updated: currentPhase = "loginwindow Boot", phase progress = 100.000, total progress = 100.000
Jul 23 13:14:42 Drs-MacBook-Pro Installer Progress[130]: IASClearInstallProgress: Clearing Registry
Jul 23 13:14:43 Drs-MacBook-Pro Installer Progress[130]: Calling animation completion handler
Jul 23 13:14:43 Drs-MacBook-Pro Installer Progress[130]: Progress complete, notifying registered clients
Jul 23 13:14:43 Drs-MacBook-Pro Installer Progress[130]: Calling completion handler for phase "loginwindow Boot"
Jul 23 13:14:43 Drs-MacBook-Pro loginwindow[172]: Calling completion handler for 0x60000122ee00
Jul 23 13:14:43 Drs-MacBook-Pro loginwindow[172]: client 0x60000122ee00: phaseName = "loginwindow Boot", hide progress UI called
Jul 23 13:14:43 Drs-MacBook-Pro loginwindow[172]: ISAP: hide progress UI called
Jul 23 13:14:43 Drs-MacBook-Pro loginwindow[172]: client 0x60000122ee00: phaseName = "loginwindow Boot" is being released
Jul 23 13:14:43 Drs-MacBook-Pro loginwindow[172]: Releasing Connection
Jul 23 13:14:43 Drs-MacBook-Pro Installer Progress[130]: Hiding Progress UI
Jul 23 13:14:43 Drs-MacBook-Pro Installer Progress[130]: Showing the cursor in Progress UI
Jul 23 13:14:43 Drs-MacBook-Pro Installer Progress[130]: GUI session is logged in
Jul 23 13:14:43 Drs-MacBook-Pro Installer Progress[130]: Order Out CG Shield Window
Jul 23 13:14:43 Drs-MacBook-Pro Installer Progress[130]: Setting window alpha values to 0.0
Jul 23 13:14:43 Drs-MacBook-Pro Installer Progress[130]: Progress app removed from the frontmost only list
Jul 23 13:14:43 Drs-MacBook-Pro Installer Progress[130]: Progress app set to Background only app
Jul 23 13:14:43 Drs-MacBook-Pro Installer Progress[130]: HotKeys enabled
Jul 23 13:14:43 Drs-MacBook-Pro Installer Progress[130]: Start quit timer, will attempt to quit in 5 second(s) at 1:14:48 PM
Jul 23 13:14:43 Drs-MacBook-Pro Installer Progress[130]: Saving completion handler for phase loginwindow Boot
Jul 23 13:14:43 Drs-MacBook-Pro Installer Progress[130]: Connected processes {
	    "4551D9F3-5881-4614-A965-722DE3F5B0F2" =     {
	        CompletionHandlerKey = "<__NSMallocBlock__: 0x600001985450>";
	        "Phase Name" = "loginwindow Boot";
	        "Process ID" = 172;
	        UUID = "4551D9F3-5881-4614-A965-722DE3F5B0F2";
	    };
	}
Jul 23 13:14:43 Drs-MacBook-Pro Installer Progress[130]: Unregister process 172, phaseName loginwindow Boot, uuid 4551D9F3-5881-4614-A965-722DE3F5B0F2
Jul 23 13:14:43 Drs-MacBook-Pro Installer Progress[130]: Connected processes {
	}
Jul 23 13:14:43 Drs-MacBook-Pro Installer Progress[130]: Start quit timer, will attempt to quit in 5 second(s) at 1:14:48 PM
Jul 23 13:14:43 Drs-MacBook-Pro Installer Progress[130]: Finder is not running
Jul 23 13:14:43 Drs-MacBook-Pro Installer Progress[130]: No application to bring forward
Jul 23 13:14:43 Drs-MacBook-Pro Installer Progress[130]: Ordering windows out
Jul 23 13:14:48 Drs-MacBook-Pro Installer Progress[130]: Quitting because there are no phases. There are no connected processes. The UI is not showing.
Jul 23 13:14:48 Drs-MacBook-Pro Installer Progress[130]: Quitting Progress App
Jul 23 13:14:48 Drs-MacBook-Pro Installer Progress[130]: Showing the cursor in Progress UI
Jul 23 13:14:48 Drs-MacBook-Pro Installer Progress[130]: GUI session is logged in
Jul 23 13:14:48 Drs-MacBook-Pro Installer Progress[130]: Order Out CG Shield Window
Jul 23 13:14:48 Drs-MacBook-Pro Installer Progress[130]: Setting window alpha values to 0.0
Jul 23 13:14:48 Drs-MacBook-Pro Installer Progress[130]: Showing the cursor in Progress UI
Jul 23 13:14:48 Drs-MacBook-Pro loginwindow[172]: The connection was interrupted, calling interruption handlers
Jul 23 13:15:21 Drs-MacBook-Pro sessionlogoutd[551]: DEAD_PROCESS: 172 console
Jul 23 13:15:21 Drs-MacBook-Pro shutdown[554]: SHUTDOWN_TIME: 1784830521 574300
Jul 23 13:16:06 localhost bootlog[0]: BOOT_TIME 1784830566 0
Jul 23 13:16:12 localhost syslogd[133]: Configuration Notice:
	ASL Module "com.apple.cdscheduler" claims selected messages.
	Those messages may not appear in standard system log files or in the ASL database.
Jul 23 13:16:12 localhost syslogd[133]: Configuration Notice:
	ASL Module "com.apple.install" claims selected messages.
	Those messages may not appear in standard system log files or in the ASL database.
Jul 23 13:16:12 localhost syslogd[133]: Configuration Notice:
	ASL Module "com.apple.authd" sharing output destination "/var/log/asl" with ASL Module "com.apple.asl".
	Output parameters from ASL Module "com.apple.asl" override any specified in ASL Module "com.apple.authd".
Jul 23 13:16:12 localhost syslogd[133]: Configuration Notice:
	ASL Module "com.apple.authd" sharing output destination "/var/log/system.log" with ASL Module "com.apple.asl".
	Output parameters from ASL Module "com.apple.asl" override any specified in ASL Module "com.apple.authd".
Jul 23 13:16:12 localhost syslogd[133]: Configuration Notice:
	ASL Module "com.apple.authd" claims selected messages.
	Those messages may not appear in standard system log files or in the ASL database.
Jul 23 13:16:12 localhost syslogd[133]: Configuration Notice:
	ASL Module "com.apple.eventmonitor" claims selected messages.
	Those messages may not appear in standard system log files or in the ASL database.
Jul 23 13:16:12 localhost syslogd[133]: Configuration Notice:
	ASL Module "com.apple.mail" claims selected messages.
	Those messages may not appear in standard system log files or in the ASL database.
Jul 23 13:16:12 localhost syslogd[133]: Configuration Notice:
	ASL Module "com.apple.performance" claims selected messages.
	Those messages may not appear in standard system log files or in the ASL database.
Jul 23 13:16:12 localhost syslogd[133]: Configuration Notice:
	ASL Module "com.apple.iokit.power" claims selected messages.
	Those messages may not appear in standard system log files or in the ASL database.
Jul 23 13:16:12 localhost syslogd[133]: Configuration Notice:
	ASL Module "com.apple.contacts.ContactsAutocomplete" claims selected messages.
	Those messages may not appear in standard system log files or in the ASL database.
Jul 23 13:16:12 localhost syslogd[133]: Configuration Notice:
	ASL Module "com.apple.mkb" sharing output destination "/private/var/log/keybagd.log" with ASL Module "com.apple.mkb.internal".
	Output parameters from ASL Module "com.apple.mkb.internal" override any specified in ASL Module "com.apple.mkb".
Jul 23 13:16:12 localhost syslogd[133]: Configuration Notice:
	ASL Module "com.apple.mkb" claims selected messages.
	Those messages may not appear in standard system log files or in the ASL database.
Jul 23 13:16:12 localhost syslogd[133]: Configuration Notice:
	ASL Module "com.apple.MessageTracer" claims selected messages.
	Those messages may not appear in standard system log files or in the ASL database.
Jul 23 13:16:11 localhost Installer Progress[130]: Progress UI App Starting
Jul 23 13:16:12 localhost syslogd[133]: ASL Sender Statistics
Jul 23 13:16:30 Drs-MacBook-Pro Installer Progress[130]: 1 Boot windows acquired
Jul 23 13:16:30 Drs-MacBook-Pro Installer Progress[130]: Enable display of the Cinematic Boot windows
Jul 23 13:16:30 Drs-MacBook-Pro Installer Progress[130]: _ShowUnmanagedSpace: 16f03: Showing Unmanaged Space 2
Jul 23 13:16:31 Drs-MacBook-Pro Installer Progress[130]: Hiding the cursor in Progress UI
Jul 23 13:16:31 Drs-MacBook-Pro Installer Progress[130]: Configuration is deferred 0
Jul 23 13:16:31 Drs-MacBook-Pro Installer Progress[130]: IASGetCurrentInstallPhaseList: Unable to get phases
Jul 23 13:16:31 Drs-MacBook-Pro Installer Progress[130]: IASGetCurrentInstallPhase: Unable to get the current phase name
Jul 23 13:16:31 Drs-MacBook-Pro Installer Progress[130]: Current phase name wasn't saved, using the first phase in the list, current phase = "(null)"
Jul 23 13:16:31 Drs-MacBook-Pro Installer Progress[130]: currentPhase = "(null)", phases = (null)
Jul 23 13:16:31 Drs-MacBook-Pro Installer Progress[130]: Progress app is loading…
Jul 23 13:16:31 Drs-MacBook-Pro Installer Progress[130]: Progress app is running with no progress set
Jul 23 13:16:31 Drs-MacBook-Pro Installer Progress[130]: Progress app is running…
Jul 23 13:16:31 Drs-MacBook-Pro loginwindow[171]: Clearing phase info
Jul 23 13:16:31 Drs-MacBook-Pro loginwindow[171]: calling progress app remoteObjectProxy
Jul 23 13:16:31 Drs-MacBook-Pro loginwindow[171]: Creating connection
Jul 23 13:16:31 Drs-MacBook-Pro loginwindow[171]: Connection = 0x6000035dcd20, callers = (
	    "<IASUPCaller: 0x6000006d09b0>"
	)
Jul 23 13:16:31 Drs-MacBook-Pro Installer Progress[130]: caller = /System/Library/CoreServices/loginwindow.app/Contents/MacOS/loginwindow
Jul 23 13:16:31 Drs-MacBook-Pro Installer Progress[130]: Version 2
Jul 23 13:16:31 Drs-MacBook-Pro loginwindow[171]: version = 2
Jul 23 13:16:31 Drs-MacBook-Pro loginwindow[171]: isModernOS = 1
Jul 23 13:16:31 Drs-MacBook-Pro loginwindow[171]: Add phase named "IOKit Boot", progress 34.765625, delayInSeconds 0
Jul 23 13:16:31 Drs-MacBook-Pro Installer Progress[130]: Clearing phase info
Jul 23 13:16:31 Drs-MacBook-Pro Installer Progress[130]: IASClearInstallProgress: Clearing Registry
Jul 23 13:16:31 Drs-MacBook-Pro loginwindow[171]: Add phase named "loginwindow Boot", progress 65.234375, delayInSeconds -1
Jul 23 13:16:31 Drs-MacBook-Pro Installer Progress[130]: totalPercentage = 0.000000
Jul 23 13:16:31 Drs-MacBook-Pro loginwindow[171]: Connection = 0x6000035dcd20, callers = (
	    "<IASUPCaller: 0x6000006d09b0>",
	    "<IASUPCaller: 0x6000006d09e0>"
	)
Jul 23 13:16:31 Drs-MacBook-Pro Installer Progress[130]: currentPhase = "(null)", phases = (
	    "<IASPPhase: 0x60000082ffa0: 'IOKit Boot', percentage 34.8, delay 0>"
	)
Jul 23 13:16:31 Drs-MacBook-Pro loginwindow[171]: client 0x6000011f2740: phaseName = "loginwindow Boot", registering connection
Jul 23 13:16:31 Drs-MacBook-Pro loginwindow[171]: client 0x6000011f2740: phaseName = "loginwindow Boot" was created
Jul 23 13:16:31 Drs-MacBook-Pro Installer Progress[130]: IASSetCurrentInstallPhaseList: phases set to (
	        {
	        ConclusionDelay = 0;
	        InstallPhase = "IOKit Boot";
	        InstallPhaseActualPercentageKey = "34.76562";
	        InstallPhasePercentageKey = 35;
	    }
	)
Jul 23 13:16:31 Drs-MacBook-Pro loginwindow[171]: Connection = 0x6000035dcd20, callers = (
	    "<IASUPCaller: 0x6000006d09b0>",
	    "<IASUPCaller: 0x6000006d09e0>",
	    "<IASUPCaller: 0x6000006d0a00>"
	)
Jul 23 13:16:31 Drs-MacBook-Pro loginwindow[171]: client 0x6000011f2400: phaseName = "IOKit Boot", registering connection
Jul 23 13:16:31 Drs-MacBook-Pro Installer Progress[130]: IASSetCurrentInstallPhase: Current phase name set to "IOKit Boot"
Jul 23 13:16:31 Drs-MacBook-Pro Installer Progress[130]: totalPercentage = 34.765625
Jul 23 13:16:31 Drs-MacBook-Pro loginwindow[171]: client 0x6000011f2400: phaseName = "IOKit Boot" was created
Jul 23 13:16:31 Drs-MacBook-Pro Installer Progress[130]: currentPhase = "<IASPPhase: 0x60000082ffa0: 'IOKit Boot', percentage 34.8, delay 0>", phases = (
	    "<IASPPhase: 0x60000082ffa0: 'IOKit Boot', percentage 34.8, delay 0>",
	    "<IASPPhase: 0x600000820c60: 'loginwindow Boot', percentage 65.2, delay -1>"
	)
Jul 23 13:16:31 Drs-MacBook-Pro loginwindow[171]: client 0x6000011f2400: phaseName = "IOKit Boot", show progress UI called
Jul 23 13:16:31 Drs-MacBook-Pro loginwindow[171]: ISAP: Show progress UI called
Jul 23 13:16:31 Drs-MacBook-Pro loginwindow[171]: client 0x6000011f2400: phaseName = "IOKit Boot" is done
Jul 23 13:16:31 Drs-MacBook-Pro Installer Progress[130]: IASSetCurrentInstallPhaseList: phases set to (
	        {
	        ConclusionDelay = 0;
	        InstallPhase = "IOKit Boot";
	        InstallPhaseActualPercentageKey = "34.76562";
	        InstallPhasePercentageKey = 35;
	    },
	        {
	        ConclusionDelay = "-1";
	        InstallPhase = "loginwindow Boot";
	        InstallPhaseActualPercentageKey = "65.23438";
	        InstallPhasePercentageKey = 65;
	    }
	)
Jul 23 13:16:31 Drs-MacBook-Pro loginwindow[171]: ISAP: Done with Phase "IOKit Boot"
Jul 23 13:16:31 Drs-MacBook-Pro Installer Progress[130]: Register process 171, phaseName loginwindow Boot, uuid E4608CF7-A5A3-4E9C-B3C1-37F23BEB5F6B
Jul 23 13:16:31 Drs-MacBook-Pro loginwindow[171]: client 0x6000011f2400: phaseName = "IOKit Boot" is being released
Jul 23 13:16:31 Drs-MacBook-Pro Installer Progress[130]: Connected processes {
	    "E4608CF7-A5A3-4E9C-B3C1-37F23BEB5F6B" =     {
	        "Phase Name" = "loginwindow Boot";
	        "Process ID" = 171;
	        UUID = "E4608CF7-A5A3-4E9C-B3C1-37F23BEB5F6B";
	    };
	}
Jul 23 13:16:31 Drs-MacBook-Pro Installer Progress[130]: Saving completion handler for phase loginwindow Boot
Jul 23 13:16:31 Drs-MacBook-Pro loginwindow[171]: Releasing Connection
Jul 23 13:16:31 Drs-MacBook-Pro Installer Progress[130]: Connected processes {
	    "E4608CF7-A5A3-4E9C-B3C1-37F23BEB5F6B" =     {
	        CompletionHandlerKey = "<__NSMallocBlock__: 0x600002b2d630>";
	        "Phase Name" = "loginwindow Boot";
	        "Process ID" = 171;
	        UUID = "E4608CF7-A5A3-4E9C-B3C1-37F23BEB5F6B";
	    };
	}
Jul 23 13:16:31 Drs-MacBook-Pro Installer Progress[130]: Register process 171, phaseName IOKit Boot, uuid 0E9E871C-14CF-4D4D-8118-42AF965DAE5F
Jul 23 13:16:31 Drs-MacBook-Pro Installer Progress[130]: Connected processes {
	    "0E9E871C-14CF-4D4D-8118-42AF965DAE5F" =     {
	        "Phase Name" = "IOKit Boot";
	        "Process ID" = 171;
	        UUID = "0E9E871C-14CF-4D4D-8118-42AF965DAE5F";
	    };
	    "E4608CF7-A5A3-4E9C-B3C1-37F23BEB5F6B" =     {
	        CompletionHandlerKey = "<__NSMallocBlock__: 0x600002b2d630>";
	        "Phase Name" = "loginwindow Boot";
	        "Process ID" = 171;
	        UUID = "E4608CF7-A5A3-4E9C-B3C1-37F23BEB5F6B";
	    };
	}
Jul 23 13:16:31 Drs-MacBook-Pro loginwindow[171]: client 0x6000011f2740: handler = 0x7ff7bbd12198
Jul 23 13:16:31 Drs-MacBook-Pro Installer Progress[130]: Saving completion handler for phase IOKit Boot
Jul 23 13:16:31 Drs-MacBook-Pro Installer Progress[130]: Connected processes {
	    "0E9E871C-14CF-4D4D-8118-42AF965DAE5F" =     {
	        CompletionHandlerKey = "<__NSMallocBlock__: 0x600002b2d7c0>";
	        "Phase Name" = "IOKit Boot";
	        "Process ID" = 171;
	        UUID = "0E9E871C-14CF-4D4D-8118-42AF965DAE5F";
	    };
	    "E4608CF7-A5A3-4E9C-B3C1-37F23BEB5F6B" =     {
	        CompletionHandlerKey = "<__NSMallocBlock__: 0x600002b2d630>";
	        "Phase Name" = "loginwindow Boot";
	        "Process ID" = 171;
	        UUID = "E4608CF7-A5A3-4E9C-B3C1-37F23BEB5F6B";
	    };
	}
Jul 23 13:16:31 Drs-MacBook-Pro Installer Progress[130]: Progress Updated: currentPhase = "IOKit Boot", phase progress = 100.000, total progress = 34.766
Jul 23 13:16:31 Drs-MacBook-Pro Installer Progress[130]: IASGetCurrentInstallPhaseList: phases = (
	        {
	        ConclusionDelay = 0;
	        InstallPhase = "IOKit Boot";
	        InstallPhaseActualPercentageKey = "34.765625";
	        InstallPhasePercentageKey = 35;
	    },
	        {
	        ConclusionDelay = "-1";
	        InstallPhase = "loginwindow Boot";
	        InstallPhaseActualPercentageKey = "65.234375";
	        InstallPhasePercentageKey = 65;
	    }
	)
Jul 23 13:16:31 Drs-MacBook-Pro Installer Progress[130]: IASGetCurrentInstallPhase: Current phase name is "IOKit Boot"
Jul 23 13:16:31 Drs-MacBook-Pro Installer Progress[130]: Advance to phase named = "IOKit Boot"
Jul 23 13:16:31 Drs-MacBook-Pro Installer Progress[130]: currentPhase = "<IASPPhase: 0x600000820f80: 'IOKit Boot', percentage 34.8, delay 0>", phases = (
	    "<IASPPhase: 0x600000820f80: 'IOKit Boot', percentage 34.8, delay 0>",
	    "<IASPPhase: 0x600000820be0: 'loginwindow Boot', percentage 65.2, delay -1>"
	)
Jul 23 13:16:31 Drs-MacBook-Pro Installer Progress[130]: Showing Progress UI
Jul 23 13:16:31 Drs-MacBook-Pro Installer Progress[130]: HotKeys disabled
Jul 23 13:16:31 Drs-MacBook-Pro Installer Progress[130]: Progress app set to foreground app
Jul 23 13:16:31 Drs-MacBook-Pro Installer Progress[130]: _LSSetMetaApplicationInformationItem add to frontmost list success
Jul 23 13:16:31 Drs-MacBook-Pro Installer Progress[130]: Showing the windows
Jul 23 13:16:31 Drs-MacBook-Pro Installer Progress[130]: There are 0 window(s) and 1 display(s), 1 window(s) will be added
Jul 23 13:16:31 Drs-MacBook-Pro Installer Progress[130]: Created a window at {{0, 0}, {1280, 800}}
Jul 23 13:16:31 Drs-MacBook-Pro Installer Progress[130]: Adding Apple Logo
Jul 23 13:16:31 Drs-MacBook-Pro Installer Progress[130]: Apple logo view created
Jul 23 13:16:31 Drs-MacBook-Pro Installer Progress[130]: Status is ""
Jul 23 13:16:31 Drs-MacBook-Pro Installer Progress[130]: Alternate status is ""
Jul 23 13:16:31 Drs-MacBook-Pro Installer Progress[130]: IASPIsUsingFileVault NO
Jul 23 13:16:31 Drs-MacBook-Pro Installer Progress[130]: IASPGetBootMode Standard
Jul 23 13:16:31 Drs-MacBook-Pro Installer Progress[130]: no background for progress added because:
Jul 23 13:16:31 Drs-MacBook-Pro Installer Progress[130]:        and / or NOT booting from EFI loginwindow
Jul 23 13:16:31 Drs-MacBook-Pro Installer Progress[130]: Setting window alpha values to 1.0
Jul 23 13:16:31 Drs-MacBook-Pro Installer Progress[130]: Ordering windows front
Jul 23 13:16:31 Drs-MacBook-Pro Installer Progress[130]: Created CG Shield Window
Jul 23 13:16:31 Drs-MacBook-Pro Installer Progress[130]: Enable the display of progress windows
Jul 23 13:16:31 Drs-MacBook-Pro Installer Progress[130]: Using AppKit display change notification
Jul 23 13:16:31 Drs-MacBook-Pro Installer Progress[130]: Done with phase = "IOKit Boot"
Jul 23 13:16:31 Drs-MacBook-Pro Installer Progress[130]: Progress Updated: currentPhase = "IOKit Boot", phase progress = 100.000, total progress = 34.766
Jul 23 13:16:31 Drs-MacBook-Pro Installer Progress[130]: IASSetCurrentInstallPhase: Current phase name set to "loginwindow Boot"
Jul 23 13:16:31 Drs-MacBook-Pro Installer Progress[130]: Saving completion handler for phase IOKit Boot
Jul 23 13:16:31 Drs-MacBook-Pro Installer Progress[130]: Connected processes {
	    "0E9E871C-14CF-4D4D-8118-42AF965DAE5F" =     {
	        CompletionHandlerKey = "<__NSMallocBlock__: 0x600002b28eb0>";
	        "Phase Name" = "IOKit Boot";
	        "Process ID" = 171;
	        UUID = "0E9E871C-14CF-4D4D-8118-42AF965DAE5F";
	    };
	    "E4608CF7-A5A3-4E9C-B3C1-37F23BEB5F6B" =     {
	        CompletionHandlerKey = "<__NSMallocBlock__: 0x600002b2d630>";
	        "Phase Name" = "loginwindow Boot";
	        "Process ID" = 171;
	        UUID = "E4608CF7-A5A3-4E9C-B3C1-37F23BEB5F6B";
	    };
	}
Jul 23 13:16:31 Drs-MacBook-Pro Installer Progress[130]: Unregister process 171, phaseName IOKit Boot, uuid 0E9E871C-14CF-4D4D-8118-42AF965DAE5F
Jul 23 13:16:31 Drs-MacBook-Pro Installer Progress[130]: Connected processes {
	    "E4608CF7-A5A3-4E9C-B3C1-37F23BEB5F6B" =     {
	        CompletionHandlerKey = "<__NSMallocBlock__: 0x600002b2d630>";
	        "Phase Name" = "loginwindow Boot";
	        "Process ID" = 171;
	        UUID = "E4608CF7-A5A3-4E9C-B3C1-37F23BEB5F6B";
	    };
	}
Jul 23 13:16:31 Drs-MacBook-Pro Installer Progress[130]: Progress Updated: currentPhase = "loginwindow Boot", phase progress = 10.000, total progress = 41.289
Jul 23 13:16:31 Drs-MacBook-Pro Installer Progress[130]: Progress Updated: currentPhase = "loginwindow Boot", phase progress = 30.000, total progress = 54.336
Jul 23 13:16:31 Drs-MacBook-Pro Installer Progress[130]: Releasing the boot windows
Jul 23 13:16:32 Drs-MacBook-Pro Installer Progress[130]: Progress Updated: currentPhase = "loginwindow Boot", phase progress = 55.000, total progress = 70.645
Jul 23 13:16:32 Drs-MacBook-Pro loginwindow[171]: USER_PROCESS: 171 console
Jul 23 13:16:33 Drs-MacBook-Pro Installer Progress[130]: Progress Updated: currentPhase = "loginwindow Boot", phase progress = 80.000, total progress = 86.953
Jul 23 13:16:35 Drs-MacBook-Pro loginwindow[171]: client 0x6000011f2740: phaseName = "loginwindow Boot" is done
Jul 23 13:16:35 Drs-MacBook-Pro loginwindow[171]: ISAP: Done with Phase "loginwindow Boot"
Jul 23 13:16:35 Drs-MacBook-Pro Installer Progress[130]: Progress Updated: currentPhase = "loginwindow Boot", phase progress = 100.000, total progress = 100.000
Jul 23 13:16:35 Drs-MacBook-Pro Installer Progress[130]: Done with phase = "loginwindow Boot"
Jul 23 13:16:35 Drs-MacBook-Pro Installer Progress[130]: Progress Updated: currentPhase = "loginwindow Boot", phase progress = 100.000, total progress = 100.000
Jul 23 13:16:35 Drs-MacBook-Pro Installer Progress[130]: IASClearInstallProgress: Clearing Registry
Jul 23 13:16:35 Drs-MacBook-Pro Installer Progress[130]: Calling animation completion handler
Jul 23 13:16:35 Drs-MacBook-Pro Installer Progress[130]: Progress complete, notifying registered clients
Jul 23 13:16:35 Drs-MacBook-Pro Installer Progress[130]: Calling completion handler for phase "loginwindow Boot"
Jul 23 13:16:35 Drs-MacBook-Pro loginwindow[171]: Calling completion handler for 0x6000011f2740
Jul 23 13:16:35 Drs-MacBook-Pro loginwindow[171]: client 0x6000011f2740: phaseName = "loginwindow Boot", hide progress UI called
Jul 23 13:16:35 Drs-MacBook-Pro loginwindow[171]: ISAP: hide progress UI called
Jul 23 13:16:35 Drs-MacBook-Pro loginwindow[171]: client 0x6000011f2740: phaseName = "loginwindow Boot" is being released
Jul 23 13:16:35 Drs-MacBook-Pro Installer Progress[130]: Hiding Progress UI
Jul 23 13:16:36 Drs-MacBook-Pro loginwindow[171]: Releasing Connection
Jul 23 13:16:36 Drs-MacBook-Pro Installer Progress[130]: Showing the cursor in Progress UI
Jul 23 13:16:36 Drs-MacBook-Pro Installer Progress[130]: GUI session is logged in
Jul 23 13:16:36 Drs-MacBook-Pro Installer Progress[130]: Order Out CG Shield Window
Jul 23 13:16:36 Drs-MacBook-Pro Installer Progress[130]: Setting window alpha values to 0.0
Jul 23 13:16:36 Drs-MacBook-Pro Installer Progress[130]: Progress app removed from the frontmost only list
Jul 23 13:16:36 Drs-MacBook-Pro Installer Progress[130]: Progress app set to Background only app
Jul 23 13:16:36 Drs-MacBook-Pro Installer Progress[130]: HotKeys enabled
Jul 23 13:16:36 Drs-MacBook-Pro Installer Progress[130]: Start quit timer, will attempt to quit in 5 second(s) at 1:16:41 PM
Jul 23 13:16:36 Drs-MacBook-Pro Installer Progress[130]: Saving completion handler for phase loginwindow Boot
Jul 23 13:16:36 Drs-MacBook-Pro Installer Progress[130]: Connected processes {
	    "E4608CF7-A5A3-4E9C-B3C1-37F23BEB5F6B" =     {
	        CompletionHandlerKey = "<__NSMallocBlock__: 0x600002b28820>";
	        "Phase Name" = "loginwindow Boot";
	        "Process ID" = 171;
	        UUID = "E4608CF7-A5A3-4E9C-B3C1-37F23BEB5F6B";
	    };
	}
Jul 23 13:16:36 Drs-MacBook-Pro Installer Progress[130]: Will attempt to bring the Finder forward
Jul 23 13:16:36 Drs-MacBook-Pro Installer Progress[130]: Unregister process 171, phaseName loginwindow Boot, uuid E4608CF7-A5A3-4E9C-B3C1-37F23BEB5F6B
Jul 23 13:16:36 Drs-MacBook-Pro Installer Progress[130]: Connected processes {
	}
Jul 23 13:16:36 Drs-MacBook-Pro Installer Progress[130]: Start quit timer, will attempt to quit in 5 second(s) at 1:16:41 PM
Jul 23 13:16:36 Drs-MacBook-Pro Installer Progress[130]: Activated application <NSRunningApplication: 0x600002627580 (com.apple.finder - 390) LSASN:{hi=0x0;lo=0x14014}>
Jul 23 13:16:36 Drs-MacBook-Pro Installer Progress[130]: Ordering windows out
Jul 23 13:16:41 Drs-MacBook-Pro Installer Progress[130]: Quitting because there are no phases. There are no connected processes. The UI is not showing.
Jul 23 13:16:41 Drs-MacBook-Pro Installer Progress[130]: Quitting Progress App
Jul 23 13:16:41 Drs-MacBook-Pro Installer Progress[130]: Showing the cursor in Progress UI
Jul 23 13:16:41 Drs-MacBook-Pro Installer Progress[130]: GUI session is logged in
Jul 23 13:16:41 Drs-MacBook-Pro Installer Progress[130]: Order Out CG Shield Window
Jul 23 13:16:41 Drs-MacBook-Pro Installer Progress[130]: Setting window alpha values to 0.0
Jul 23 13:16:41 Drs-MacBook-Pro Installer Progress[130]: Showing the cursor in Progress UI
Jul 23 13:16:41 Drs-MacBook-Pro loginwindow[171]: The connection was interrupted, calling interruption handlers
Jul 23 13:17:24 Drs-MacBook-Pro sessionlogoutd[562]: DEAD_PROCESS: 171 console
Jul 23 13:17:24 Drs-MacBook-Pro shutdown[564]: SHUTDOWN_TIME: 1784830644 113666
Jul 24 12:39:27 localhost bootlog[0]: BOOT_TIME 1784914767 0
Jul 24 12:39:33 localhost syslogd[133]: Configuration Notice:
	ASL Module "com.apple.cdscheduler" claims selected messages.
	Those messages may not appear in standard system log files or in the ASL database.
Jul 24 12:39:33 localhost syslogd[133]: Configuration Notice:
	ASL Module "com.apple.install" claims selected messages.
	Those messages may not appear in standard system log files or in the ASL database.
Jul 24 12:39:33 localhost syslogd[133]: Configuration Notice:
	ASL Module "com.apple.authd" sharing output destination "/var/log/asl" with ASL Module "com.apple.asl".
	Output parameters from ASL Module "com.apple.asl" override any specified in ASL Module "com.apple.authd".
Jul 24 12:39:33 localhost syslogd[133]: Configuration Notice:
	ASL Module "com.apple.authd" sharing output destination "/var/log/system.log" with ASL Module "com.apple.asl".
	Output parameters from ASL Module "com.apple.asl" override any specified in ASL Module "com.apple.authd".
Jul 24 12:39:33 localhost syslogd[133]: Configuration Notice:
	ASL Module "com.apple.authd" claims selected messages.
	Those messages may not appear in standard system log files or in the ASL database.
Jul 24 12:39:33 localhost syslogd[133]: Configuration Notice:
	ASL Module "com.apple.eventmonitor" claims selected messages.
	Those messages may not appear in standard system log files or in the ASL database.
Jul 24 12:39:33 localhost syslogd[133]: Configuration Notice:
	ASL Module "com.apple.mail" claims selected messages.
	Those messages may not appear in standard system log files or in the ASL database.
Jul 24 12:39:33 localhost syslogd[133]: Configuration Notice:
	ASL Module "com.apple.performance" claims selected messages.
	Those messages may not appear in standard system log files or in the ASL database.
Jul 24 12:39:33 localhost syslogd[133]: Configuration Notice:
	ASL Module "com.apple.iokit.power" claims selected messages.
	Those messages may not appear in standard system log files or in the ASL database.
Jul 24 12:39:33 localhost syslogd[133]: Configuration Notice:
	ASL Module "com.apple.contacts.ContactsAutocomplete" claims selected messages.
	Those messages may not appear in standard system log files or in the ASL database.
Jul 24 12:39:33 localhost syslogd[133]: Configuration Notice:
	ASL Module "com.apple.mkb" sharing output destination "/private/var/log/keybagd.log" with ASL Module "com.apple.mkb.internal".
	Output parameters from ASL Module "com.apple.mkb.internal" override any specified in ASL Module "com.apple.mkb".
Jul 24 12:39:33 localhost syslogd[133]: Configuration Notice:
	ASL Module "com.apple.mkb" claims selected messages.
	Those messages may not appear in standard system log files or in the ASL database.
Jul 24 12:39:33 localhost syslogd[133]: Configuration Notice:
	ASL Module "com.apple.MessageTracer" claims selected messages.
	Those messages may not appear in standard system log files or in the ASL database.
Jul 24 12:39:32 localhost Installer Progress[130]: Progress UI App Starting
Jul 24 12:39:33 localhost syslogd[133]: ASL Sender Statistics
Jul 24 12:39:52 Drs-MacBook-Pro Installer Progress[130]: 1 Boot windows acquired
Jul 24 12:39:52 Drs-MacBook-Pro Installer Progress[130]: Enable display of the Cinematic Boot windows
Jul 24 12:39:52 Drs-MacBook-Pro Installer Progress[130]: _ShowUnmanagedSpace: fc03: Showing Unmanaged Space 2
Jul 24 12:39:52 Drs-MacBook-Pro Installer Progress[130]: Hiding the cursor in Progress UI
Jul 24 12:39:52 Drs-MacBook-Pro Installer Progress[130]: Configuration is deferred 0
Jul 24 12:39:52 Drs-MacBook-Pro Installer Progress[130]: IASGetCurrentInstallPhaseList: Unable to get phases
Jul 24 12:39:52 Drs-MacBook-Pro Installer Progress[130]: IASGetCurrentInstallPhase: Unable to get the current phase name
Jul 24 12:39:52 Drs-MacBook-Pro Installer Progress[130]: Current phase name wasn't saved, using the first phase in the list, current phase = "(null)"
Jul 24 12:39:52 Drs-MacBook-Pro Installer Progress[130]: currentPhase = "(null)", phases = (null)
Jul 24 12:39:52 Drs-MacBook-Pro Installer Progress[130]: Progress app is loading…
Jul 24 12:39:52 Drs-MacBook-Pro Installer Progress[130]: Progress app is running with no progress set
Jul 24 12:39:52 Drs-MacBook-Pro Installer Progress[130]: Progress app is running…
Jul 24 12:39:52 Drs-MacBook-Pro loginwindow[172]: Clearing phase info
Jul 24 12:39:52 Drs-MacBook-Pro loginwindow[172]: calling progress app remoteObjectProxy
Jul 24 12:39:52 Drs-MacBook-Pro loginwindow[172]: Creating connection
Jul 24 12:39:52 Drs-MacBook-Pro loginwindow[172]: Connection = 0x600001c28aa0, callers = (
	    "<IASUPCaller: 0x600002f2cf30>"
	)
Jul 24 12:39:52 Drs-MacBook-Pro Installer Progress[130]: caller = /System/Library/CoreServices/loginwindow.app/Contents/MacOS/loginwindow
Jul 24 12:39:52 Drs-MacBook-Pro Installer Progress[130]: Version 2
Jul 24 12:39:52 Drs-MacBook-Pro loginwindow[172]: version = 2
Jul 24 12:39:52 Drs-MacBook-Pro loginwindow[172]: isModernOS = 1
Jul 24 12:39:52 Drs-MacBook-Pro loginwindow[172]: Add phase named "IOKit Boot", progress 34.863281, delayInSeconds 0
Jul 24 12:39:52 Drs-MacBook-Pro Installer Progress[130]: Clearing phase info
Jul 24 12:39:52 Drs-MacBook-Pro Installer Progress[130]: IASClearInstallProgress: Clearing Registry
Jul 24 12:39:52 Drs-MacBook-Pro loginwindow[172]: Add phase named "loginwindow Boot", progress 65.136719, delayInSeconds -1
Jul 24 12:39:52 Drs-MacBook-Pro Installer Progress[130]: totalPercentage = 0.000000
Jul 24 12:39:52 Drs-MacBook-Pro loginwindow[172]: Connection = 0x600001c28aa0, callers = (
	    "<IASUPCaller: 0x600002f2cf30>",
	    "<IASUPCaller: 0x600002f2cff0>"
	)
Jul 24 12:39:52 Drs-MacBook-Pro Installer Progress[130]: currentPhase = "(null)", phases = (
	    "<IASPPhase: 0x600001f46960: 'IOKit Boot', percentage 34.9, delay 0>"
	)
Jul 24 12:39:52 Drs-MacBook-Pro loginwindow[172]: client 0x60000383fd00: phaseName = "loginwindow Boot", registering connection
Jul 24 12:39:52 Drs-MacBook-Pro loginwindow[172]: client 0x60000383fd00: phaseName = "loginwindow Boot" was created
Jul 24 12:39:52 Drs-MacBook-Pro Installer Progress[130]: IASSetCurrentInstallPhaseList: phases set to (
	        {
	        ConclusionDelay = 0;
	        InstallPhase = "IOKit Boot";
	        InstallPhaseActualPercentageKey = "34.86328";
	        InstallPhasePercentageKey = 35;
	    }
	)
Jul 24 12:39:52 Drs-MacBook-Pro loginwindow[172]: Connection = 0x600001c28aa0, callers = (
	    "<IASUPCaller: 0x600002f2cf30>",
	    "<IASUPCaller: 0x600002f2cff0>",
	    "<IASUPCaller: 0x600002f2d000>"
	)
Jul 24 12:39:52 Drs-MacBook-Pro loginwindow[172]: client 0x600003827440: phaseName = "IOKit Boot", registering connection
Jul 24 12:39:52 Drs-MacBook-Pro Installer Progress[130]: IASSetCurrentInstallPhase: Current phase name set to "IOKit Boot"
Jul 24 12:39:52 Drs-MacBook-Pro Installer Progress[130]: totalPercentage = 34.863281
Jul 24 12:39:52 Drs-MacBook-Pro loginwindow[172]: client 0x600003827440: phaseName = "IOKit Boot" was created
Jul 24 12:39:52 Drs-MacBook-Pro Installer Progress[130]: currentPhase = "<IASPPhase: 0x600001f46960: 'IOKit Boot', percentage 34.9, delay 0>", phases = (
	    "<IASPPhase: 0x600001f46960: 'IOKit Boot', percentage 34.9, delay 0>",
	    "<IASPPhase: 0x600001f469c0: 'loginwindow Boot', percentage 65.1, delay -1>"
	)
Jul 24 12:39:52 Drs-MacBook-Pro loginwindow[172]: client 0x600003827440: phaseName = "IOKit Boot", show progress UI called
Jul 24 12:39:52 Drs-MacBook-Pro loginwindow[172]: ISAP: Show progress UI called
Jul 24 12:39:52 Drs-MacBook-Pro loginwindow[172]: client 0x600003827440: phaseName = "IOKit Boot" is done
Jul 24 12:39:52 Drs-MacBook-Pro loginwindow[172]: ISAP: Done with Phase "IOKit Boot"
Jul 24 12:39:52 Drs-MacBook-Pro Installer Progress[130]: IASSetCurrentInstallPhaseList: phases set to (
	        {
	        ConclusionDelay = 0;
	        InstallPhase = "IOKit Boot";
	        InstallPhaseActualPercentageKey = "34.86328";
	        InstallPhasePercentageKey = 35;
	    },
	        {
	        ConclusionDelay = "-1";
	        InstallPhase = "loginwindow Boot";
	        InstallPhaseActualPercentageKey = "65.13672";
	        InstallPhasePercentageKey = 65;
	    }
	)
Jul 24 12:39:52 Drs-MacBook-Pro loginwindow[172]: client 0x600003827440: phaseName = "IOKit Boot" is being released
Jul 24 12:39:52 Drs-MacBook-Pro Installer Progress[130]: Register process 172, phaseName loginwindow Boot, uuid 75608231-47F1-4439-ADDB-9F36385BFDBA
Jul 24 12:39:52 Drs-MacBook-Pro loginwindow[172]: Releasing Connection
Jul 24 12:39:52 Drs-MacBook-Pro Installer Progress[130]: Connected processes {
	    "75608231-47F1-4439-ADDB-9F36385BFDBA" =     {
	        "Phase Name" = "loginwindow Boot";
	        "Process ID" = 172;
	        UUID = "75608231-47F1-4439-ADDB-9F36385BFDBA";
	    };
	}
Jul 24 12:39:52 Drs-MacBook-Pro Installer Progress[130]: Saving completion handler for phase loginwindow Boot
Jul 24 12:39:52 Drs-MacBook-Pro loginwindow[172]: client 0x60000383fd00: handler = 0x7ff7b1173198
Jul 24 12:39:52 Drs-MacBook-Pro Installer Progress[130]: Connected processes {
	    "75608231-47F1-4439-ADDB-9F36385BFDBA" =     {
	        CompletionHandlerKey = "<__NSMallocBlock__: 0x600003c489b0>";
	        "Phase Name" = "loginwindow Boot";
	        "Process ID" = 172;
	        UUID = "75608231-47F1-4439-ADDB-9F36385BFDBA";
	    };
	}
Jul 24 12:39:52 Drs-MacBook-Pro Installer Progress[130]: Register process 172, phaseName IOKit Boot, uuid 55ED47C4-7ED1-4378-B73A-0BCCDB9F6192
Jul 24 12:39:52 Drs-MacBook-Pro Installer Progress[130]: Connected processes {
	    "55ED47C4-7ED1-4378-B73A-0BCCDB9F6192" =     {
	        "Phase Name" = "IOKit Boot";
	        "Process ID" = 172;
	        UUID = "55ED47C4-7ED1-4378-B73A-0BCCDB9F6192";
	    };
	    "75608231-47F1-4439-ADDB-9F36385BFDBA" =     {
	        CompletionHandlerKey = "<__NSMallocBlock__: 0x600003c489b0>";
	        "Phase Name" = "loginwindow Boot";
	        "Process ID" = 172;
	        UUID = "75608231-47F1-4439-ADDB-9F36385BFDBA";
	    };
	}
Jul 24 12:39:52 Drs-MacBook-Pro Installer Progress[130]: Saving completion handler for phase IOKit Boot
Jul 24 12:39:52 Drs-MacBook-Pro Installer Progress[130]: Connected processes {
	    "55ED47C4-7ED1-4378-B73A-0BCCDB9F6192" =     {
	        CompletionHandlerKey = "<__NSMallocBlock__: 0x600003c48730>";
	        "Phase Name" = "IOKit Boot";
	        "Process ID" = 172;
	        UUID = "55ED47C4-7ED1-4378-B73A-0BCCDB9F6192";
	    };
	    "75608231-47F1-4439-ADDB-9F36385BFDBA" =     {
	        CompletionHandlerKey = "<__NSMallocBlock__: 0x600003c489b0>";
	        "Phase Name" = "loginwindow Boot";
	        "Process ID" = 172;
	        UUID = "75608231-47F1-4439-ADDB-9F36385BFDBA";
	    };
	}
Jul 24 12:39:52 Drs-MacBook-Pro Installer Progress[130]: Progress Updated: currentPhase = "IOKit Boot", phase progress = 100.000, total progress = 34.863
Jul 24 12:39:52 Drs-MacBook-Pro Installer Progress[130]: IASGetCurrentInstallPhaseList: phases = (
	        {
	        ConclusionDelay = 0;
	        InstallPhase = "IOKit Boot";
	        InstallPhaseActualPercentageKey = "34.86328125";
	        InstallPhasePercentageKey = 35;
	    },
	        {
	        ConclusionDelay = "-1";
	        InstallPhase = "loginwindow Boot";
	        InstallPhaseActualPercentageKey = "65.13671875";
	        InstallPhasePercentageKey = 65;
	    }
	)
Jul 24 12:39:52 Drs-MacBook-Pro Installer Progress[130]: IASGetCurrentInstallPhase: Current phase name is "IOKit Boot"
Jul 24 12:39:52 Drs-MacBook-Pro Installer Progress[130]: Advance to phase named = "IOKit Boot"
Jul 24 12:39:52 Drs-MacBook-Pro Installer Progress[130]: currentPhase = "<IASPPhase: 0x600001f5a1e0: 'IOKit Boot', percentage 34.9, delay 0>", phases = (
	    "<IASPPhase: 0x600001f5a1e0: 'IOKit Boot', percentage 34.9, delay 0>",
	    "<IASPPhase: 0x600001f5a180: 'loginwindow Boot', percentage 65.1, delay -1>"
	)
Jul 24 12:39:52 Drs-MacBook-Pro Installer Progress[130]: Showing Progress UI
Jul 24 12:39:52 Drs-MacBook-Pro Installer Progress[130]: HotKeys disabled
Jul 24 12:39:52 Drs-MacBook-Pro Installer Progress[130]: Progress app set to foreground app
Jul 24 12:39:52 Drs-MacBook-Pro Installer Progress[130]: _LSSetMetaApplicationInformationItem add to frontmost list success
Jul 24 12:39:52 Drs-MacBook-Pro Installer Progress[130]: Showing the windows
Jul 24 12:39:52 Drs-MacBook-Pro Installer Progress[130]: There are 0 window(s) and 1 display(s), 1 window(s) will be added
Jul 24 12:39:52 Drs-MacBook-Pro Installer Progress[130]: Created a window at {{0, 0}, {1280, 800}}
Jul 24 12:39:52 Drs-MacBook-Pro Installer Progress[130]: Adding Apple Logo
Jul 24 12:39:52 Drs-MacBook-Pro Installer Progress[130]: Apple logo view created
Jul 24 12:39:52 Drs-MacBook-Pro Installer Progress[130]: Status is ""
Jul 24 12:39:52 Drs-MacBook-Pro Installer Progress[130]: Alternate status is ""
Jul 24 12:39:52 Drs-MacBook-Pro Installer Progress[130]: IASPIsUsingFileVault NO
Jul 24 12:39:52 Drs-MacBook-Pro Installer Progress[130]: IASPGetBootMode Standard
Jul 24 12:39:52 Drs-MacBook-Pro Installer Progress[130]: no background for progress added because:
Jul 24 12:39:52 Drs-MacBook-Pro Installer Progress[130]:        and / or NOT booting from EFI loginwindow
Jul 24 12:39:52 Drs-MacBook-Pro Installer Progress[130]: Setting window alpha values to 1.0
Jul 24 12:39:52 Drs-MacBook-Pro Installer Progress[130]: Ordering windows front
Jul 24 12:39:52 Drs-MacBook-Pro Installer Progress[130]: Created CG Shield Window
Jul 24 12:39:52 Drs-MacBook-Pro Installer Progress[130]: Enable the display of progress windows
Jul 24 12:39:52 Drs-MacBook-Pro Installer Progress[130]: Using AppKit display change notification
Jul 24 12:39:52 Drs-MacBook-Pro Installer Progress[130]: Done with phase = "IOKit Boot"
Jul 24 12:39:52 Drs-MacBook-Pro Installer Progress[130]: Progress Updated: currentPhase = "IOKit Boot", phase progress = 100.000, total progress = 34.863
Jul 24 12:39:52 Drs-MacBook-Pro Installer Progress[130]: IASSetCurrentInstallPhase: Current phase name set to "loginwindow Boot"
Jul 24 12:39:52 Drs-MacBook-Pro Installer Progress[130]: Saving completion handler for phase IOKit Boot
Jul 24 12:39:52 Drs-MacBook-Pro Installer Progress[130]: Connected processes {
	    "55ED47C4-7ED1-4378-B73A-0BCCDB9F6192" =     {
	        CompletionHandlerKey = "<__NSMallocBlock__: 0x600003c48690>";
	        "Phase Name" = "IOKit Boot";
	        "Process ID" = 172;
	        UUID = "55ED47C4-7ED1-4378-B73A-0BCCDB9F6192";
	    };
	    "75608231-47F1-4439-ADDB-9F36385BFDBA" =     {
	        CompletionHandlerKey = "<__NSMallocBlock__: 0x600003c489b0>";
	        "Phase Name" = "loginwindow Boot";
	        "Process ID" = 172;
	        UUID = "75608231-47F1-4439-ADDB-9F36385BFDBA";
	    };
	}
Jul 24 12:39:52 Drs-MacBook-Pro Installer Progress[130]: Unregister process 172, phaseName IOKit Boot, uuid 55ED47C4-7ED1-4378-B73A-0BCCDB9F6192
Jul 24 12:39:52 Drs-MacBook-Pro Installer Progress[130]: Connected processes {
	    "75608231-47F1-4439-ADDB-9F36385BFDBA" =     {
	        CompletionHandlerKey = "<__NSMallocBlock__: 0x600003c489b0>";
	        "Phase Name" = "loginwindow Boot";
	        "Process ID" = 172;
	        UUID = "75608231-47F1-4439-ADDB-9F36385BFDBA";
	    };
	}
Jul 24 12:39:52 Drs-MacBook-Pro Installer Progress[130]: Progress Updated: currentPhase = "loginwindow Boot", phase progress = 10.000, total progress = 41.377
Jul 24 12:39:52 Drs-MacBook-Pro Installer Progress[130]: Progress Updated: currentPhase = "loginwindow Boot", phase progress = 30.000, total progress = 54.404
Jul 24 12:39:53 Drs-MacBook-Pro Installer Progress[130]: Releasing the boot windows
Jul 24 12:39:54 Drs-MacBook-Pro Installer Progress[130]: Progress Updated: currentPhase = "loginwindow Boot", phase progress = 55.000, total progress = 70.688
Jul 24 12:39:54 Drs-MacBook-Pro loginwindow[172]: USER_PROCESS: 172 console
Jul 24 12:39:54 Drs-MacBook-Pro Installer Progress[130]: Progress Updated: currentPhase = "loginwindow Boot", phase progress = 80.000, total progress = 86.973
Jul 24 12:39:56 Drs-MacBook-Pro loginwindow[172]: client 0x60000383fd00: phaseName = "loginwindow Boot" is done
Jul 24 12:39:56 Drs-MacBook-Pro loginwindow[172]: ISAP: Done with Phase "loginwindow Boot"
Jul 24 12:39:56 Drs-MacBook-Pro Installer Progress[130]: Progress Updated: currentPhase = "loginwindow Boot", phase progress = 100.000, total progress = 100.000
Jul 24 12:39:56 Drs-MacBook-Pro Installer Progress[130]: Done with phase = "loginwindow Boot"
Jul 24 12:39:56 Drs-MacBook-Pro Installer Progress[130]: Progress Updated: currentPhase = "loginwindow Boot", phase progress = 100.000, total progress = 100.000
Jul 24 12:39:56 Drs-MacBook-Pro Installer Progress[130]: IASClearInstallProgress: Clearing Registry
Jul 24 12:39:57 Drs-MacBook-Pro Installer Progress[130]: Calling animation completion handler
Jul 24 12:39:57 Drs-MacBook-Pro Installer Progress[130]: Progress complete, notifying registered clients
Jul 24 12:39:57 Drs-MacBook-Pro Installer Progress[130]: Calling completion handler for phase "loginwindow Boot"
Jul 24 12:39:57 Drs-MacBook-Pro loginwindow[172]: Calling completion handler for 0x60000383fd00
Jul 24 12:39:57 Drs-MacBook-Pro loginwindow[172]: client 0x60000383fd00: phaseName = "loginwindow Boot", hide progress UI called
Jul 24 12:39:57 Drs-MacBook-Pro loginwindow[172]: ISAP: hide progress UI called
Jul 24 12:39:57 Drs-MacBook-Pro loginwindow[172]: client 0x60000383fd00: phaseName = "loginwindow Boot" is being released
Jul 24 12:39:57 Drs-MacBook-Pro Installer Progress[130]: Hiding Progress UI
Jul 24 12:39:57 Drs-MacBook-Pro Installer Progress[130]: Showing the cursor in Progress UI
Jul 24 12:39:57 Drs-MacBook-Pro loginwindow[172]: Releasing Connection
Jul 24 12:39:57 Drs-MacBook-Pro Installer Progress[130]: GUI session is logged in
Jul 24 12:39:57 Drs-MacBook-Pro Installer Progress[130]: Order Out CG Shield Window
Jul 24 12:39:57 Drs-MacBook-Pro Installer Progress[130]: Setting window alpha values to 0.0
Jul 24 12:39:57 Drs-MacBook-Pro Installer Progress[130]: Progress app removed from the frontmost only list
Jul 24 12:39:57 Drs-MacBook-Pro Installer Progress[130]: Progress app set to Background only app
Jul 24 12:39:57 Drs-MacBook-Pro Installer Progress[130]: HotKeys enabled
Jul 24 12:39:57 Drs-MacBook-Pro Installer Progress[130]: Start quit timer, will attempt to quit in 5 second(s) at 12:40:02 PM
Jul 24 12:39:57 Drs-MacBook-Pro Installer Progress[130]: Saving completion handler for phase loginwindow Boot
Jul 24 12:39:57 Drs-MacBook-Pro Installer Progress[130]: Connected processes {
	    "75608231-47F1-4439-ADDB-9F36385BFDBA" =     {
	        CompletionHandlerKey = "<__NSMallocBlock__: 0x600003c4e6c0>";
	        "Phase Name" = "loginwindow Boot";
	        "Process ID" = 172;
	        UUID = "75608231-47F1-4439-ADDB-9F36385BFDBA";
	    };
	}
Jul 24 12:39:57 Drs-MacBook-Pro Installer Progress[130]: Unregister process 172, phaseName loginwindow Boot, uuid 75608231-47F1-4439-ADDB-9F36385BFDBA
Jul 24 12:39:57 Drs-MacBook-Pro Installer Progress[130]: Connected processes {
	}
Jul 24 12:39:57 Drs-MacBook-Pro Installer Progress[130]: Start quit timer, will attempt to quit in 5 second(s) at 12:40:02 PM
Jul 24 12:39:57 Drs-MacBook-Pro Installer Progress[130]: Will attempt to bring the Finder forward
Jul 24 12:39:57 Drs-MacBook-Pro Installer Progress[130]: Activated application <NSRunningApplication: 0x60000315f900 (com.apple.finder - 391) LSASN:{hi=0x0;lo=0x13013}>
Jul 24 12:39:57 Drs-MacBook-Pro Installer Progress[130]: Ordering windows out
Jul 24 12:40:02 Drs-MacBook-Pro Installer Progress[130]: Quitting because there are no phases. There are no connected processes. The UI is not showing.
Jul 24 12:40:02 Drs-MacBook-Pro Installer Progress[130]: Quitting Progress App
Jul 24 12:40:02 Drs-MacBook-Pro Installer Progress[130]: Showing the cursor in Progress UI
Jul 24 12:40:02 Drs-MacBook-Pro Installer Progress[130]: GUI session is logged in
Jul 24 12:40:02 Drs-MacBook-Pro Installer Progress[130]: Order Out CG Shield Window
Jul 24 12:40:02 Drs-MacBook-Pro Installer Progress[130]: Setting window alpha values to 0.0
Jul 24 12:40:02 Drs-MacBook-Pro Installer Progress[130]: Showing the cursor in Progress UI
Jul 24 12:40:02 Drs-MacBook-Pro loginwindow[172]: The connection was interrupted, calling interruption handlers
Jul 24 12:40:45 Drs-MacBook-Pro login[557]: USER_PROCESS: 557 ttys000
Jul 24 12:40:52 Drs-MacBook-Pro loginwindow[172]: There is still an active connection
Jul 24 12:41:27 --- last message repeated 1 time ---
Jul 24 12:41:42 Drs-MacBook-Pro sudo[577]: USER_PROCESS: 577 ttys001
Jul 24 12:42:18 Drs-MacBook-Pro sudo[577]: DEAD_PROCESS: 577 ttys001
Jul 24 12:43:38 Drs-MacBook-Pro sudo[588]: USER_PROCESS: 588 ttys001
Jul 24 12:44:10 Drs-MacBook-Pro login[591]: USER_PROCESS: 591 ttys002
Jul 24 12:44:35 Drs-MacBook-Pro login[591]: DEAD_PROCESS: 591 ttys002
Jul 24 12:44:41 Drs-MacBook-Pro sudo[588]: DEAD_PROCESS: 588 ttys001
Jul 24 12:45:11 Drs-MacBook-Pro sudo[698]: USER_PROCESS: 698 ttys001
Jul 24 12:48:16 Drs-MacBook-Pro login[773]: USER_PROCESS: 773 ttys002
Jul 24 12:50:06 Drs-MacBook-Pro login[773]: DEAD_PROCESS: 773 ttys002
Jul 24 12:50:06 Drs-MacBook-Pro syslogd[133]: ASL Sender Statistics
Jul 24 12:50:16 Drs-MacBook-Pro sudo[698]: DEAD_PROCESS: 698 ttys001
Jul 24 12:50:32 Drs-MacBook-Pro sudo[845]: USER_PROCESS: 845 ttys001
Jul 24 12:51:09 Drs-MacBook-Pro login[868]: USER_PROCESS: 868 ttys002
Jul 24 12:51:35 Drs-MacBook-Pro login[868]: DEAD_PROCESS: 868 ttys002
Jul 24 12:52:28 Drs-MacBook-Pro login[942]: USER_PROCESS: 942 ttys002
Jul 24 12:53:16 Drs-MacBook-Pro login[942]: DEAD_PROCESS: 942 ttys002
Jul 24 12:53:59 Drs-MacBook-Pro login[1005]: USER_PROCESS: 1005 ttys002
Jul 24 13:01:35 Drs-MacBook-Pro syslogd[133]: ASL Sender Statistics
Jul 24 13:12:03 Drs-MacBook-Pro login[1124]: USER_PROCESS: 1124 ttys003
Jul 24 13:12:03 Drs-MacBook-Pro syslogd[133]: ASL Sender Statistics
Jul 24 13:12:55 Drs-MacBook-Pro sudo[1134]: USER_PROCESS: 1134 ttys004
Jul 24 13:16:17 Drs-MacBook-Pro login[1148]: USER_PROCESS: 1148 ttys005
Jul 24 13:19:36 Drs-MacBook-Pro login[1148]: DEAD_PROCESS: 1148 ttys005
Jul 24 13:22:13 Drs-MacBook-Pro syslogd[133]: ASL Sender Statistics
Jul 24 13:28:13 Drs-MacBook-Pro sudo[1451]: USER_PROCESS: 1451 ttys005
Jul 24 13:32:34 Drs-MacBook-Pro syslogd[133]: ASL Sender Statistics
Jul 24 13:33:25 Drs-MacBook-Pro sudo[1451]: DEAD_PROCESS: 1451 ttys005
Jul 24 13:47:23 Drs-MacBook-Pro syslogd[133]: ASL Sender Statistics
Jul 24 13:59:47 Drs-MacBook-Pro syslogd[133]: ASL Sender Statistics
Jul 24 14:06:54 Drs-MacBook-Pro login[3111]: USER_PROCESS: 3111 ttys005
Jul 24 14:10:19 Drs-MacBook-Pro syslogd[133]: ASL Sender Statistics
