4ti2 @1.6.13 (math)
A software package for algebraic, geometric and combinatorial problems on linear spaces.

ALPSCore @2.2.0_13 (science)
A package for the simulation of condensed matter physics problems: Core Libraries

ALPSMaxent @1.0_18 (science)
A package for the calculation of spectral functions using the Maximum Entropy method

appbundler @20221218 (java)
Packages a Java application as a Mac app bundle.

armagetronad-common @0.2.9.1.0_1 (games)
common files for the Armagetron Advanced packages

arpack @3.9.1_1 (math)
Package for solving large-scale eigenvalue problems

ArpSpyX @1.3 (aqua, net)
ArpSpyX displays ARP packets received by your computer

aspcud @1.9.6 (devel, math)
CUDF package dependency solver

bittwist @1.1 (net, security)
Simple yet powerful libpcap-based Ethernet packet generator.

bpack @3.2.0 (math, science)
ButterflyPACK is a mathematical software for rapidly solving large-scale dense linear systems that exhibit off-diagonal rank-deficiency

brunsli @0.1 (archivers)
Brunsli is a lossless JPEG repacking library.

buddy @2.4_1 (math, science, devel)
binary decision diagram package

buildbot-pkg @3.10.1 (devel)
packaging tools for Buildbot

cantera @2.5.1_4 (science)
Cantera software package

cargo @0.94.0 (devel)
The Rust package manager

cdb @0.75 (databases)
A fast, reliable, simple package for constant databases.

cl-esrap @20240514 (lisp, textproc)
Common Lisp packrat parser

cl-gendoc @20180630 (lisp, devel)
Simple modular documentation builder for with package reference generator

cl-named-readtables @20230828 (lisp, devel)
Named-Readtables is a library that provides a namespace for readtables akin to the already-existing namespace of packages.

cl-named-readtables-test @20230828 (lisp, devel)
Named-Readtables is a library that provides a namespace for readtables akin to the already-existing namespace of packages.

cl-split-sequence @2.0.1_1 (lisp, devel)
Common Lisp package to split a sequence of objects

cl-trivial-package-local-nicknames @20200130 (lisp, devel)
Portability library for package-local nicknames

clib @2.8.7 (devel)
Package manager for the C programming language.

cminpack @1.3.11 (math)
Solving nonlinear equations and nonlinear least squares problems

ColPack @1.0.10 (math, science)
A graph coloring algorithm package

daemonlogger @1.2.1 (net, security)
Packet Logger & Soft Tap

dap @3.10 (math)
small statistics and graphics package

daq @2.0.7_1 (net)
A Data Acquisition library, for packet I/O

db46 @4.6.21_10 (databases)
The Berkeley DB package, version 4.6

db46-java @4.6.21_10 (databases)
The Berkeley DB package, version 4.6

db47 @4.7.25_3 (databases)
The Berkeley DB package, version 4.7

db48 @4.8.30_5 (databases)
The Berkeley DB package, version 4.8

db53 @5.3.28 (databases)
The Berkeley DB package, version 5.3

db60 @6.0.30_2 (databases)
The Berkeley DB package, version 6.0

db62 @6.2.32 (databases)
The Berkeley DB package, version 6.2

deb2targz @20021217_1 (archivers)
converts .deb packages to .tar.gz archives

depu @1.0.5 (devel)
A tool to check available updates of packages in go.mod

direwolf @1.8.1 (science)
is a software "soundcard" AX.25 packet modem/TNC and APRS encoder/decoder

dpkg @1.21.2 (sysutils, archivers)
Debian package maintenance system

dub @1.18.0 (devel)
Package and build management system for D

EMBOSS @6.6.0_1 (science)
Molecular Biology software analysis package

epm @4.1 (devel)
A free UNIX software/file packaging program

ferium @4.7.1 (games)
CLI program for downloading and updating Minecraft mods and modpacks.

fitpack @0.2.0 (fortran, math)
Modern Fortran translation of the FITPACK package for curve and surface fitting

flexiblas @3.4.5 (math, science)
A BLAS and LAPACK wrapper library with runtime exchangeable backends

fortran-lapack @2024.01.20 (fortran, math)
Modularized Fortran LAPACK implementation

fpm @0.11.0 (devel, fortran)
Fortran Package Manager

funtools @1.4.7 (science)
a minimal buy-in FITS library and utility package

gamess @20180930_1 (science)
a general ab initio quantum chemistry package

gcam @2010.07.27 (cad)
GCAM is the free GNU Computer Aided Manufacturing package.

gfan @0.6.2 (math)
Gfan is a software package for computing Gröbner fans and tropical varieties.

ghemical @3.0.0_1 (science)
Ghemical is computational chemistry package

gimp-gap @2.6.0_9 (graphics)
The Gimp Animation Package.

gimp-gap-devel @2.7.0-20191012 (graphics)
The Gimp Animation Package.

ginkgo @1.9.0 (math, parallel)
Numerical linear algebra software package

glasskube @0.26.1 (devel)
Missing Package Manager for Kubernetes

glide @0.13.3 (devel)
Package Management for Golang.

gnome-chemistry-utils @0.14.17_2 (gnome, science, chemistry)
This package provides a set of Gtk3-based applications for drawing and viewing molecules, crystals and spectra.

gnome-devel-docs @3.38.2 (gnome, devel)
The GNOME Developer Documentation Package

gnucap @2017.10.03_1 (science)
GNU Circuit Analysis Package

gnucap-devel @2018.08.31_1 (science)
GNU Circuit Analysis Package

gnustep-core @0.18.1 (gnustep)
GNUstep core / Startup package

gnustep-make @2.7.0 (gnustep, devel, cross)
GNUstep makefile package

gnustep-make-cocoa @1.13.0 (gnustep, aqua, devel, cross)
GNUstep makefile package for the Cocoa API

go-licenses @1.6.0 (devel)
Reports on the licenses used by a Go package and its dependencies.

go-tools @0.40.0 (devel)
Various packages and tools that support the Go programming language.

gon @0.2.5 (security, devel, sysutils)
Sign, notarize, and package macOS CLI tools and applications written in any language.

gromacs @2021.3_2 (science, math)
Molecular dynamics package designed for simulations of proteins, lipids, and nucleic acids.

gromacs-plumed @2021.3_2 (science, math)
Molecular dynamics package designed for simulations of proteins, lipids, and nucleic acids.: (THIS PORT INSTALLS A VERSION OF GROMACS PATCHED WITH PLUMED)

helm-2.12 @2.12.3 (sysutils)
Kubernetes package manager

helm-2.13 @2.13.1 (sysutils)
Kubernetes package manager

helm-2.14 @2.14.2 (sysutils)
Kubernetes package manager

helm-2.15 @2.15.2 (sysutils)
Kubernetes package manager

helm-2.16 @2.16.12 (sysutils)
Kubernetes package manager

helm-2.17 @2.17.0 (sysutils)
Kubernetes package manager

helm-3.0 @3.0.3 (sysutils)
Kubernetes package manager

helm-3.1 @3.1.1 (sysutils)
Kubernetes package manager

helm-3.2 @3.2.4 (sysutils)
Kubernetes package manager

helm-3.3 @3.3.4 (sysutils)
Kubernetes package manager

helm-3.4 @3.4.2 (sysutils)
Kubernetes package manager

helm-3.5 @3.5.4 (sysutils)
Kubernetes package manager

helm-3.6 @3.6.3_3 (sysutils)
Kubernetes package manager

helm-3.7 @3.7.2_3 (sysutils)
Kubernetes package manager

helm-3.8 @3.8.2 (sysutils)
Kubernetes package manager

helm-3.9 @3.9.4 (sysutils)
Kubernetes package manager

helm-3.10 @3.10.3 (sysutils)
Kubernetes package manager

helm-3.11 @3.11.3 (sysutils)
Kubernetes package manager

helm-3.12 @3.12.3 (sysutils)
Kubernetes package manager

helm-3.13 @3.13.3 (sysutils)
Kubernetes package manager

helm-3.14 @3.14.4 (sysutils)
Kubernetes package manager

helm-3.15 @3.15.4 (sysutils)
Kubernetes package manager

helm-3.16 @3.16.4 (sysutils)
Kubernetes package manager

helm-3.17 @3.17.4 (sysutils)
Kubernetes package manager

helm-3.18 @3.18.6 (sysutils)
Kubernetes package manager

helm-3.19 @3.19.5 (sysutils)
Kubernetes package manager

helm-4.0 @4.0.5 (sysutils)
Kubernetes package manager

helm-4.1 @4.1.0 (sysutils)
Kubernetes package manager

hping3 @20051105_2 (net, security)
hping is a command-line oriented TCP/IP packet assembler/analyzer

hpl @2.3_2 (science, benchmarks)
High Performance Computing Linpack Benchmark

impacket @0.13.0 (net, devel, python)
Impacket is a collection of Python classes focused on providing access to network packets.

innoextract @1.9_2 (archivers, compression, sysutils)
A tool to unpack installers created by Inno Setup

ipatool @2.2.0 (sysutils)
CLI for searching and downloading iOS app packages from the App Store

jgoodies-common @1.4.0 (java)
Helper classes for other jgoodies-* packages

jsonnet-bundler @0.6.0 (devel)
A jsonnet package manager

jubatus-msgpack-rpc @0.4.4 (devel)
modified msgpack-rpc for Jubatus

kde4-baseapps @4.14.3_6 (kde, kde4)
KDE4 applications and libraries from the base package

kdeadmin @4.14.3_2 (kde, kde4)
KDE4 admin tools - Meta package

kdeartwork @4.14.3_3 (kde, kde4)
This package contains additional themes, screensaver, sounds, wallpapers, widget styles and window styles for KDE.

kdebindings4 @4.14.3 (kde, kde4)
Scripting bindings packages for KDE - Meta package

kdegraphics4 @4.14.3_1 (kde, kde4)
KDE4 graphics applications - Meta package

kdemultimedia4 @4.14.3 (kde, kde4)
KDE4 multimedia applications - Meta package

kdenetwork4 @4.14.3 (kde, kde4, net)
KDE4 networking applications -- Meta package

kdesdk4 @4.14.3 (kde, kde4)
Utilities to ease development with the KDE4 platform -- Meta package

kdeutils4 @4.14.3 (kde, kde4)
Useful utilities provided by KDE4 - Meta package.

kdewebdev @4.14.3_3 (kde, kde4)
WEB Development package for the K Desktop Environment.

kermit @9.0.302 (comms)
Serial and network communications package.

kermit-devel @10.0-beta12 (comms)
Serial and network communications package.

kicad-packages3D @7.0.11_2 (science)
Kicad package 3D

kross-interpreters @4.14.3_3 (kde, kde4)
WEB Development package for the K Desktop Environment.

lapack @3.12.1 (math, devel, science)
Linear Algebra PACKage

laspack @1.12.2 (math)
Package for solving large sparse systems of linear equations

lda-d @0.2 (math)
a Latent Dirichlet Allocation package

libflame @2024.05.20 (math)
LAPACK-like library for dense matrix computations

liblinear @2.47 (math)
A simple package for solving large-scale regularized linear classification.

libmamba @1.5.8_1 (devel)
a reimplementation of the conda package manager in C++

libmpcdec @1.2.6 (audio, devel)
Musepack Decoder Library

libmspack @1.11 (archivers)
Library supporting Microsoft compression formats

libnet @1.3 (net)
Packet construction and injection

libpaper-utils @2.2.6 (print)
The executables of the libpaper package

libpcap @1.10.6 (net)
Packet Capture library

libpdel @0.6.1_2 (devel, www)
Packet Design multi-purpose C library for embedded applications.

libsodium @1.0.20 (devel, security)
Portable and packageable NaCl-based crypto library

libsolv @0.7.24 (devel, math)
Library for solving packages and reading repositories

libspiro @20221101 (graphics)
Raph Levien's Spiro package as a library.

libtins @4.2_1 (devel, net)
high-level, multiplatform C++ network packet sniffing and crafting library

linalg @1.8.2 (math, science)
Linear algebra library that provides a user-friendly interface to several BLAS and LAPACK routines

ls-qpack @2.6.2 (www)
QPACK compression library for use with HTTP/3

lua-MessagePack @0.5.2_1 (lua, devel)
a pure Lua implementation of the MessagePack serialization format

lua-mpack @1.0.9 (lua, devel)
msgpack for Lua

lua-readline @3.2 (lua, devel)
Lua interface for readline packages.

lua51-MessagePack @0.5.2_1 (lua, devel)
a pure Lua implementation of the MessagePack serialization format

lua51-mpack @1.0.9 (lua, devel)
msgpack for Lua

lua51-readline @3.2 (lua, devel)
Lua interface for readline packages.

lua52-MessagePack @0.5.2_1 (lua, devel)
a pure Lua implementation of the MessagePack serialization format

lua52-mpack @1.0.9 (lua, devel)
msgpack for Lua

lua52-readline @3.2 (lua, devel)
Lua interface for readline packages.

lua53-MessagePack @0.5.2_1 (lua, devel)
a pure Lua implementation of the MessagePack serialization format

lua53-mpack @1.0.9 (lua, devel)
msgpack for Lua

lua53-readline @3.2 (lua, devel)
Lua interface for readline packages.

lua54-MessagePack @0.5.2_1 (lua, devel)
a pure Lua implementation of the MessagePack serialization format

lua54-mpack @1.0.9 (lua, devel)
msgpack for Lua

lua54-readline @3.2 (lua, devel)
Lua interface for readline packages.

lxqt-build-tools @0.13.0 (devel)
Various packaging tools and scripts for LXQt applications

mailutils @3.17_1 (mail)
General-Purpose Mail Packages

mddisplay @3.0 (science)
A 3D Stereo Molecular Dynamics Trajectory Visualization Package

mercury-extras @0.13.1 (lang)
Extra packages for the Mercury Programming Language

micromamba @1.5.8_1 (devel, sysutils)
a tiny version of the mamba package manager

minpack @20220613 (math, devel)
Minpack includes software for solving nonlinear equations and nonlinear least squares problems.

mint @0.18.0 (devel)
A package manager that installs and runs executable Swift packages

miriad @4.3.8.20160322_3 (science)
MIRIAD, an analysis package for radio astronomical data

missfits @2.8.0 (science)
MissFITS is a program that performs basic maintenance and packaging tasks on FITS files.

ml @6.2_4 (math)
Multilevel Preconditioning Package

mlpack @4.6.2 (math, devel, science)
a scalable C++ machine learning library

mpack @1.6_1 (mail)
mime mail packing and unpacking

mpdecimal @4.0.1 (math)
mpdecimal is a package for correctly-rounded arbitrary precision decimal floating point arithmetic.

msgpack @4 (devel)
MessagePack implementation for C and C++

msgpack-c @6.1.0 (devel)
MessagePack implementation for C

msgpack-cpp @7.0.0 (devel)
MessagePack implementation for C++

msgpack0 @0.5.9 (devel)
MessagePack implementation for C and C++

msgpack1 @1.4.2 (devel)
MessagePack implementation for C and C++

msgpack2 @2.1.5 (devel)
MessagePack implementation for C and C++

msgpack3 @3.3.0 (devel)
MessagePack implementation for C and C++

mythtv-pkg.27 @Fixes-0.27.4_1 (multimedia)
personal video recorder (PVR) and media centre system package

nemesis @1.8 (net, security)
Nemesis packet injection utility

nfpm @2.44.1 (sysutils)
nFPM is Not FPM - a simple deb, rpm and apk packager written in Go

nghttp3 @1.14.0 (net)
nghttp3 is an implementation of RFC 9114 HTTP/3 mapping over QUIC and RFC 9204 QPACK in C

nixpacks @1.41.0 (devel)
Produce OCI compliant image from source directory

nnn @5.1 (sysutils)
tiny, lightning fast, feature-packed file manager

npm3 @3.10.10_3 (devel)
node package manager

npm4 @4.6.1_2 (devel)
node package manager

npm5 @5.10.0_1 (devel)
node package manager

npm6 @6.14.18 (devel)
node package manager

npm7 @7.24.2 (devel)
node package manager

npm8 @8.19.4 (devel)
node package manager

npm9 @9.9.4 (devel)
node package manager

npm10 @10.9.3 (devel)
node package manager

npm11 @11.8.0 (devel)
node package manager

nsm-console @0.7 (net, security)
framework for performing analysis on packet capture files

ocaml-compiler-libs @0.12.4 (ocaml, devel)
OCaml compiler libraries, repackaged

ocaml-jane-street-headers @0.16.0 (ocaml, devel)
C header files shared between the various Jane Street packages

ocaml-lacaml @7.0.13_1 (math, devel, ocaml)
OCaml interfaces to the BLAS- and LAPACK-library

ocaml-seq @0.3.1 (ocaml, devel)
Compatibility package for OCamlʼs standard iterator type

ocaml-topkg @1.0.7 (ocaml, devel)
The transitory OCaml software packager

octave-bim @1.1.8 (octave, math, science)
Package for solving Diffusion Advection Reaction (DAR) Partial Differential Equaltions based on the Finite Volume Scharfetter-Gummel (FVSG) method a.k.a Box Integration Method (BIM).

octave-bsltl @1.3.1_1 (octave, math, science)
The BSLTL package is a free collection of OCTAVE/MATLAB routines for working with the biospeckle laser technique.

octave-doc @0.6.9 (octave, math, science)
Create a function reference from Octave help texts (docstrings) from single functions or all functions in a package, which can be installed with pkg.

octave-doctest @0.8.1 (octave, math, science)
The Doctest package finds specially-formatted blocks of example code within documentation files.

octave-fits @1.0.7_11 (octave, math, science)
The Octave-FITS package provides functions for reading and writing FITS (Flexible Image Transport System) files

octave-generate_html @0.3.3 (octave, math, science)
This package provides functions for generating HTML pages that contain the help texts for a set of functions.

octave-hdf5oct @1.1.0 (octave, math, science)
This is a GNU Octave package for data serialization to/from HDF5 files.

octave-image @2.18.1 (octave, math, science)
The Octave-forge Image package provides functions for processing images. The package also provides functions for feature extraction, image statistics, spatial and geometric transformations, morphological operations, linear filtering, and much more.

octave-interval @3.2.1_4 (octave, math, science)
The interval package for real-valued interval arithmetic provides data types and operations for verified computing.

octave-lssa @0.1.4_6 (octave, math, science)
A package implementing tools to compute spectral decompositions of irregularly-spaced time series.

octave-msh @1.0.12_1 (octave, math, science)
Package for creating and managing triangular and tetrahedral meshes for Finite Element or Finite Volume PDE solvers. Uses a mesh data structure compatible with pdetool. Relies on gmsh for unstructured mesh generation.

octave-ocs @0.1.5_10 (octave, math, science)
Package for solving DC and transient electrical circuit equations.

octave-octclip @2.0.3_3 (octave, math, science)
This package allows to do boolean operations with polygons using the Greiner-Hormann algorithm.

octave-octproj @3.1.0 (octave, math, science)
This package allows to call functions of PROJ.4 library for cartographic projections transformations.

octave-optiminterp @0.3.7_3 (octave, math, science)
An optimal interpolation toolbox for octave. This package provides functions to perform a n-dimensional optimal interpolations of arbitrarily distributed data points.

octave-parallel @4.0.2_2 (octave, math, science)
Parallel execution package for cluster computers.

octave-pythonic @0.1.3_2 (octave, math, science)
Pythonic is a package that provides a Python native calling interface for GNU Octave.

octave-quaternion @2.4.2 (octave, math, science)
Quaternion package for GNU Octave, includes a quaternion class with overloaded operators.

octave-queueing @1.2.8_1 (octave, math, science)
The queueing package provides functions for queueing networks and Markov chains analysis.

octave-sole @0.1.1_1 (octave, math, science)
A package for transient and steady state simulation of organic solar cells.

octave-tar @1.0.1_1 (octave, math, science)
The octave_tar package provides functions to pack and unpack fot the tar format.

octave-zstd @1.1.0_1 (octave, math, science)
The octave_zstd package provides functions to compress and decompress for the ZSTD format.

opam @2.5.0 (ocaml, sysutils)
OPAM is a package manager for OCaml

openfpc @0.1a_4 (security)
lightweight full-packet network traffic recorder & buffering tool

ostinato @0.9_7 (net, devel)
Ostinato is an open-source, cross-platform network packet crafter/traffic generator and analyzer with a friendly GUI.

ota @20211019 (archivers)
iOS OTA/PBZX expander/unpacker/lister/searcher

p4est @2.8.6 (science, math)
A graph coloring algorithm package

p5-alien-gmp @1.160.0 (perl)
Alien::GMP - Alien package for the GNU Multiple Precision library.

p5-alien-plplot @0.1.0_1 (perl)
Alien::PLplot - Alien package for the PLplot plotting library

p5-app-cpanminus @1.704.800 (perl)
App::cpanminus - get, unpack, build and install modules from CPAN

p5-business-isbn-data @20260123.1.0 (perl)
Business::ISBN::Data - data pack for Business::ISBN

p5-config-mvp @2.200.13 (perl)
Config::MVP - multivalue-property package-oriented configuration

p5-data-messagepack @1.20.0 (perl)
Data::MessagePack - MessagePack serializing/deserializing

p5-dist-zilla-plugin-metaprovides-package @2.4.3 (perl)
Dist::Zilla::Plugin::MetaProvides::Package - Extract namespaces/version from traditional packages for provides

p5-dist-zilla-plugin-ourpkgversion @0.210.0 (perl)
No line insertion and does Package version with our

p5-file-flock-tiny @0.140.0 (perl)
File::Flock::Tiny - yet another flock package

p5-import-into @1.2.5 (perl)
Import::Into - import packages into other packages

p5-math-bigint @2.5.3 (perl, math)
Math::BigInt - arbitrary size integer math package

p5-module-metadata @1.0.38 (perl)
Gather package and POD information from perl module files

p5-net-frame @1.210.0 (perl)
framework for crafting network packets

p5-net-openssh @0.840.0 (perl)
Perl SSH client package implemented on top of OpenSSH

p5-net-pcap @0.210.0 (perl)
Interface to pcap(3) LBL packet capture library

p5-net-rawip @0.250.0_1 (perl)
Perl module to manipulate raw IP packets.

p5-netpacket @1.7.2 (perl)
Modules to assemble/disassemble network packets at the protocol level

p5-package-constants @0.60.0 (perl)
List all constants declared in a package

p5-package-deprecationmanager @0.180.0 (perl)
Manage deprecation warnings for your distribution

p5-package-pkg @0.2.0 (perl)
Package::Pkg - Handy package munging utilities

p5-package-stash @0.400.0 (perl)
routines for manipulating stashes

p5-package-stash-xs @0.300.0 (perl)
faster and more correct implementation of Package::Stash

p5-package-variant @1.3.2 (perl)
Package::Variant - Parameterizable packages

p5-parse-cpan-packages-fast @0.90.0 (perl)
Parse::CPAN::Packages::Fast - parse CPAN's package index

p5-software-license @0.104.7 (perl)
Software::License - packages that provide templated software licenses

p5-sub-install @0.929.0 (perl)
install subroutines into packages easily

p5-term-readline @1.140.0 (perl)
Term::ReadLine - Perl interface to various readline packages.

p5-test-distmanifest @1.14.0_1 (perl)
Author test that validates a package MANIFEST.

p5-test-kit @2.160.0 (perl)
Test::Kit - Build custom test packages with only the features you want

p5-test-mock-lwp @0.80.0 (perl)
Easy mocking of LWP packages

p5-test-moose-more @0.50.0 (perl)
Test::Moose::More - More tools for testing Moose packages

p5.28-alien-gmp @1.160.0 (perl)
Alien::GMP - Alien package for the GNU Multiple Precision library.

p5.28-alien-plplot @0.1.0_1 (perl)
Alien::PLplot - Alien package for the PLplot plotting library

p5.28-app-cpanminus @1.704.800 (perl)
App::cpanminus - get, unpack, build and install modules from CPAN

p5.28-business-isbn-data @20260123.1.0 (perl)
Business::ISBN::Data - data pack for Business::ISBN

p5.28-config-mvp @2.200.13 (perl)
Config::MVP - multivalue-property package-oriented configuration

p5.28-data-messagepack @1.20.0 (perl)
Data::MessagePack - MessagePack serializing/deserializing

p5.28-dist-zilla-plugin-metaprovides-package @2.4.3 (perl)
Dist::Zilla::Plugin::MetaProvides::Package - Extract namespaces/version from traditional packages for provides

p5.28-dist-zilla-plugin-ourpkgversion @0.210.0 (perl)
No line insertion and does Package version with our

p5.28-file-flock-tiny @0.140.0 (perl)
File::Flock::Tiny - yet another flock package

p5.28-import-into @1.2.5 (perl)
Import::Into - import packages into other packages

p5.28-math-bigint @2.5.3 (perl, math)
Math::BigInt - arbitrary size integer math package

p5.28-module-metadata @1.0.38 (perl)
Gather package and POD information from perl module files

p5.28-net-frame @1.210.0 (perl)
framework for crafting network packets

p5.28-net-openssh @0.840.0 (perl)
Perl SSH client package implemented on top of OpenSSH

p5.28-net-pcap @0.210.0 (perl)
Interface to pcap(3) LBL packet capture library

p5.28-net-rawip @0.250.0_1 (perl)
Perl module to manipulate raw IP packets.

p5.28-netpacket @1.7.2 (perl)
Modules to assemble/disassemble network packets at the protocol level

p5.28-package-constants @0.60.0 (perl)
List all constants declared in a package

p5.28-package-deprecationmanager @0.180.0 (perl)
Manage deprecation warnings for your distribution

p5.28-package-pkg @0.2.0 (perl)
Package::Pkg - Handy package munging utilities

p5.28-package-stash @0.400.0 (perl)
routines for manipulating stashes

p5.28-package-stash-xs @0.300.0 (perl)
faster and more correct implementation of Package::Stash

p5.28-package-variant @1.3.2 (perl)
Package::Variant - Parameterizable packages

p5.28-parse-cpan-packages-fast @0.90.0 (perl)
Parse::CPAN::Packages::Fast - parse CPAN's package index

p5.28-software-license @0.104.7 (perl)
Software::License - packages that provide templated software licenses

p5.28-sub-install @0.929.0 (perl)
install subroutines into packages easily

p5.28-term-readline @1.140.0 (perl)
Term::ReadLine - Perl interface to various readline packages.

p5.28-test-distmanifest @1.14.0_1 (perl)
Author test that validates a package MANIFEST.

p5.28-test-kit @2.160.0 (perl)
Test::Kit - Build custom test packages with only the features you want

p5.28-test-mock-lwp @0.80.0 (perl)
Easy mocking of LWP packages

p5.28-test-moose-more @0.50.0 (perl)
Test::Moose::More - More tools for testing Moose packages

p5.30-alien-gmp @1.160.0 (perl)
Alien::GMP - Alien package for the GNU Multiple Precision library.

p5.30-alien-plplot @0.1.0_1 (perl)
Alien::PLplot - Alien package for the PLplot plotting library

p5.30-app-cpanminus @1.704.800 (perl)
App::cpanminus - get, unpack, build and install modules from CPAN

p5.30-business-isbn-data @20260123.1.0 (perl)
Business::ISBN::Data - data pack for Business::ISBN

p5.30-config-mvp @2.200.13 (perl)
Config::MVP - multivalue-property package-oriented configuration

p5.30-data-messagepack @1.20.0 (perl)
Data::MessagePack - MessagePack serializing/deserializing

p5.30-dist-zilla-plugin-metaprovides-package @2.4.3 (perl)
Dist::Zilla::Plugin::MetaProvides::Package - Extract namespaces/version from traditional packages for provides

p5.30-dist-zilla-plugin-ourpkgversion @0.210.0 (perl)
No line insertion and does Package version with our

p5.30-file-flock-tiny @0.140.0 (perl)
File::Flock::Tiny - yet another flock package

p5.30-import-into @1.2.5 (perl)
Import::Into - import packages into other packages

p5.30-math-bigint @2.5.3 (perl, math)
Math::BigInt - arbitrary size integer math package

p5.30-module-metadata @1.0.38 (perl)
Gather package and POD information from perl module files

p5.30-net-frame @1.210.0 (perl)
framework for crafting network packets

p5.30-net-openssh @0.840.0 (perl)
Perl SSH client package implemented on top of OpenSSH

p5.30-net-pcap @0.210.0 (perl)
Interface to pcap(3) LBL packet capture library

p5.30-net-rawip @0.250.0_1 (perl)
Perl module to manipulate raw IP packets.

p5.30-netpacket @1.7.2 (perl)
Modules to assemble/disassemble network packets at the protocol level

p5.30-package-constants @0.60.0 (perl)
List all constants declared in a package

p5.30-package-deprecationmanager @0.180.0 (perl)
Manage deprecation warnings for your distribution

p5.30-package-pkg @0.2.0 (perl)
Package::Pkg - Handy package munging utilities

p5.30-package-stash @0.400.0 (perl)
routines for manipulating stashes

p5.30-package-stash-xs @0.300.0 (perl)
faster and more correct implementation of Package::Stash

p5.30-package-variant @1.3.2 (perl)
Package::Variant - Parameterizable packages

p5.30-parse-cpan-packages-fast @0.90.0 (perl)
Parse::CPAN::Packages::Fast - parse CPAN's package index

p5.30-software-license @0.104.7 (perl)
Software::License - packages that provide templated software licenses

p5.30-sub-install @0.929.0 (perl)
install subroutines into packages easily

p5.30-term-readline @1.140.0 (perl)
Term::ReadLine - Perl interface to various readline packages.

p5.30-test-distmanifest @1.14.0_1 (perl)
Author test that validates a package MANIFEST.

p5.30-test-kit @2.160.0 (perl)
Test::Kit - Build custom test packages with only the features you want

p5.30-test-mock-lwp @0.80.0 (perl)
Easy mocking of LWP packages

p5.30-test-moose-more @0.50.0 (perl)
Test::Moose::More - More tools for testing Moose packages

p5.32-alien-gmp @1.160.0 (perl)
Alien::GMP - Alien package for the GNU Multiple Precision library.

p5.32-alien-plplot @0.1.0_1 (perl)
Alien::PLplot - Alien package for the PLplot plotting library

p5.32-app-cpanminus @1.704.800 (perl)
App::cpanminus - get, unpack, build and install modules from CPAN

p5.32-business-isbn-data @20260123.1.0 (perl)
Business::ISBN::Data - data pack for Business::ISBN

p5.32-config-mvp @2.200.13 (perl)
Config::MVP - multivalue-property package-oriented configuration

p5.32-data-messagepack @1.20.0 (perl)
Data::MessagePack - MessagePack serializing/deserializing

p5.32-dist-zilla-plugin-metaprovides-package @2.4.3 (perl)
Dist::Zilla::Plugin::MetaProvides::Package - Extract namespaces/version from traditional packages for provides

p5.32-dist-zilla-plugin-ourpkgversion @0.210.0 (perl)
No line insertion and does Package version with our

p5.32-file-flock-tiny @0.140.0 (perl)
File::Flock::Tiny - yet another flock package

p5.32-import-into @1.2.5 (perl)
Import::Into - import packages into other packages

p5.32-math-bigint @2.5.3 (perl, math)
Math::BigInt - arbitrary size integer math package

p5.32-module-metadata @1.0.38 (perl)
Gather package and POD information from perl module files

p5.32-net-frame @1.210.0 (perl)
framework for crafting network packets

p5.32-net-openssh @0.840.0 (perl)
Perl SSH client package implemented on top of OpenSSH

p5.32-net-pcap @0.210.0 (perl)
Interface to pcap(3) LBL packet capture library

p5.32-net-rawip @0.250.0_1 (perl)
Perl module to manipulate raw IP packets.

p5.32-netpacket @1.7.2 (perl)
Modules to assemble/disassemble network packets at the protocol level

p5.32-package-constants @0.60.0 (perl)
List all constants declared in a package

p5.32-package-deprecationmanager @0.180.0 (perl)
Manage deprecation warnings for your distribution

p5.32-package-pkg @0.2.0 (perl)
Package::Pkg - Handy package munging utilities

p5.32-package-stash @0.400.0 (perl)
routines for manipulating stashes

p5.32-package-stash-xs @0.300.0 (perl)
faster and more correct implementation of Package::Stash

p5.32-package-variant @1.3.2 (perl)
Package::Variant - Parameterizable packages

p5.32-parse-cpan-packages-fast @0.90.0 (perl)
Parse::CPAN::Packages::Fast - parse CPAN's package index

p5.32-software-license @0.104.7 (perl)
Software::License - packages that provide templated software licenses

p5.32-sub-install @0.929.0 (perl)
install subroutines into packages easily

p5.32-term-readline @1.140.0 (perl)
Term::ReadLine - Perl interface to various readline packages.

p5.32-test-distmanifest @1.14.0_1 (perl)
Author test that validates a package MANIFEST.

p5.32-test-kit @2.160.0 (perl)
Test::Kit - Build custom test packages with only the features you want

p5.32-test-mock-lwp @0.80.0 (perl)
Easy mocking of LWP packages

p5.32-test-moose-more @0.50.0 (perl)
Test::Moose::More - More tools for testing Moose packages

p5.34-alien-gmp @1.160.0 (perl)
Alien::GMP - Alien package for the GNU Multiple Precision library.

p5.34-alien-plplot @0.1.0_1 (perl)
Alien::PLplot - Alien package for the PLplot plotting library

p5.34-app-cpanminus @1.704.800 (perl)
App::cpanminus - get, unpack, build and install modules from CPAN

p5.34-business-isbn-data @20260123.1.0 (perl)
Business::ISBN::Data - data pack for Business::ISBN

p5.34-config-mvp @2.200.13 (perl)
Config::MVP - multivalue-property package-oriented configuration

p5.34-data-messagepack @1.20.0 (perl)
Data::MessagePack - MessagePack serializing/deserializing

p5.34-dist-zilla-plugin-metaprovides-package @2.4.3 (perl)
Dist::Zilla::Plugin::MetaProvides::Package - Extract namespaces/version from traditional packages for provides

p5.34-dist-zilla-plugin-ourpkgversion @0.210.0 (perl)
No line insertion and does Package version with our

p5.34-file-flock-tiny @0.140.0 (perl)
File::Flock::Tiny - yet another flock package

p5.34-import-into @1.2.5 (perl)
Import::Into - import packages into other packages

p5.34-math-bigint @2.5.3 (perl, math)
Math::BigInt - arbitrary size integer math package

p5.34-module-metadata @1.0.38 (perl)
Gather package and POD information from perl module files

p5.34-net-frame @1.210.0 (perl)
framework for crafting network packets

p5.34-net-openssh @0.840.0 (perl)
Perl SSH client package implemented on top of OpenSSH

p5.34-net-pcap @0.210.0 (perl)
Interface to pcap(3) LBL packet capture library

p5.34-net-rawip @0.250.0_1 (perl)
Perl module to manipulate raw IP packets.

p5.34-netpacket @1.7.2 (perl)
Modules to assemble/disassemble network packets at the protocol level

p5.34-package-constants @0.60.0 (perl)
List all constants declared in a package

p5.34-package-deprecationmanager @0.180.0 (perl)
Manage deprecation warnings for your distribution

p5.34-package-pkg @0.2.0 (perl)
Package::Pkg - Handy package munging utilities

p5.34-package-stash @0.400.0 (perl)
routines for manipulating stashes

p5.34-package-stash-xs @0.300.0 (perl)
faster and more correct implementation of Package::Stash

p5.34-package-variant @1.3.2 (perl)
Package::Variant - Parameterizable packages

p5.34-parse-cpan-packages-fast @0.90.0 (perl)
Parse::CPAN::Packages::Fast - parse CPAN's package index

p5.34-software-license @0.104.7 (perl)
Software::License - packages that provide templated software licenses

p5.34-sub-install @0.929.0 (perl)
install subroutines into packages easily

p5.34-term-readline @1.140.0 (perl)
Term::ReadLine - Perl interface to various readline packages.

p5.34-test-distmanifest @1.14.0_1 (perl)
Author test that validates a package MANIFEST.

p5.34-test-kit @2.160.0 (perl)
Test::Kit - Build custom test packages with only the features you want

p5.34-test-mock-lwp @0.80.0 (perl)
Easy mocking of LWP packages

p5.34-test-moose-more @0.50.0 (perl)
Test::Moose::More - More tools for testing Moose packages

packddir @0.0.6-1 (archivers)
creates and unpacks PackdDir archives

packer @1.14.3 (sysutils)
A tool for creating identical machine images for multiple platforms from a single source configuration.

packit @1.0 (net, security)
network injection and capture

packr @2.8.3_1 (devel)
The simple and easy way to embed static files into Go binaries.

packr1 @1.30.1 (devel)
The simple and easy way to embed static files into Go binaries (legacy version / v1).

packwiz @20251124 (games)
Command line tool for creating Minecraft modpacks

palp @2.20 (math)
a Package for Analyzing Lattice Polytopes

pari-extra @20230725 (math)
PARI/GP optional packages.

pari-galpol @20180625 (math)
PARI package of the GALPOL database of polynomials defining Galois extensions of the rationals

pari-nftables @20080929 (math)
Repackaging of the historical megrez number field tables (errors fixed, 1/10th the size, easier to use).

pdfjam @4.2 (textproc, pdf)
pdfjam is a shell-script front end to the LaTeX 'pdfpages' package

pdfjam-extras @20191118 (textproc, pdf)
Various wrapper scripts that previously were distributed as part of the pdfjam package (prior to pdfjam 3.02)

pgpdump @0.35 (security)
PGP packet visualizer

pipenv @2026.0.3 (python, devel)
The officially recommended Python packaging tool.

pipx @1.8.0 (python, sysutils)
Execute binaries from Python packages in isolated environments

pkger @0.17.1 (devel)
Embed static files in Go binaries (replacement for packr)

plplot @5.15.0_7 (science)
Scientific plotting package, double precision version

plplot-single @5.15.0_7 (science)
Scientific plotting package, single precision version

plplot510 @5.10.0_10 (science)
Scientific plotting package, double precision version

plplot510-single @5.10.0_10 (science)
Scientific plotting package, single precision version

pnpm @10.28.1 (devel)
Fast, disk space efficient package manager

poac @0.6.0_2 (sysutils)
Package Manager for C++

pocketsphinx @5.0.4 (audio)
Speech recognition package

poetry @2.2.1_1 (python, devel)
Python dependency management and packaging made easy.

porg @0.10 (devel)
manage software packages installed from source code

prima @0.7.2 (fortran, science)
PRIMA is a package for solving general non-linear optimization problems without using derivatives

ptex-sfmacros @0_3 (tex, print, japanese)
Tategumi/Tateyoko/Kunten packages written by Shinsaku Fujita.

py-aiohttp-socks @0.11.0 (python)
The aiohttp-socks package provides a proxy connector for aiohttp.

py-altgraph @0.17.5 (python, devel)
Python graph (network) package

py-applaunchservices @0.3.0 (python)
Simple package for registering an app with apple Launch Services to handle UTI and URL

py-appscript @1.2.2 (python)
High-level application scripting package for Python

py-apptools @5.3.0 (python, devel)
The Enthought apptools package

py-arpeggio @2.0.2 (python)
Packrat parser interpreter

py-asciimatics @1.15.0 (python)
a package to help people create full-screen text UIs

py-asdf-astropy @0.9.0 (python)
This package includes plugins that provide ASDF serialization support for astropy objects.

py-asdf-coordinates-schemas @0.5.0 (python)
This package provides ASDF schemas for validating coordinates tags.

py-asdf-transform-schemas @0.6.0 (python)
This package provides ASDF schemas for validating transform tags.

py-asdf-unit-schemas @0.2.0 (python)
This package provides ASDF schemas for validating unit tags.

py-astroplan @0.10.1 (python, science)
Observation planning package for astronomers

py-astropy-helpers @4.0.1 (python, science)
Helpers for Astropy and Affiliated packages

py-astropy-iers-data @0.2026.2.2.0.48.1 (python)
IERS Earth Rotation and Leap Second tables for the astropy core package

py-astroscrappy @1.3.0 (python, science)
Speedy Cosmic Ray Annihilation Package in Python

py-asynctest @0.13.0_1 (python, devel)
Enhance the standard unittest package with features for testing asyncio libraries

py-bdist_mpkg @0.5.0 (python, devel)
Builds Mac OS X installer packages from distutils

py-binaryornot @0.4.4 (python, devel)
Ultra-lightweight pure Python package to check if a file is binary or text.

py-BitArray2D @2.1 (python, math)
A memory-efficient packed representation for 2D bit arrays

py-BitVector @3.5.0 (python, math)
A memory-efficient packed representation for bit arrays

py-blosc @1.11.2 (python, devel)
Python package that wraps the Blosc compressor

py-build @1.4.0 (python, devel)
A simple, correct PEP517 package builder

py-calver @2025.10.20 (python, science)
setuptools extension for automatically defining your Python package version as a calendar version

py-certifi @2025.11.12 (python, devel, net)
Python package for providing Mozilla's CA Bundle.

py-cinemagoer @2023.5.1 (python)
Python package to access the IMDb's database

py-ckanapi @4.6 (python, net)
Python packages for accessing the CKAN Action API

py-clawpack @5.8.0 (python, math, science)
a collection of finite volume methods for linear and nonlinear hyperbolic systems of conservation laws

py-control @0.10.1 (python, science)
Python package for feedback control systems

py-crc32c @2.8 (python, devel)
A python package implementing the crc32c algorithm in hardware and software.

py-cryptography @46.0.3 (python, devel)
cryptography is a package designed to expose cryptographic primitives and recipes to Python developers.

py-distlib @0.4.0 (python)
Low-level components of distutils2/packaging, augmented with higher-level APIs for making packaging easier.

py-donfig @0.8.1.post1 (python)
Donfig is a python library meant to make configuration easier for other python packages. Donfig can be configured programmatically, by environment variables, or from YAML files in standard locations.

py-dpkt @1.9.8 (python, net)
python packet creation and parsing library

py-entrypoints @0.4 (python, devel)
Discover and load entry points from installed packages.

py-envisage @7.0.3 (python, devel)
The Enthought envisage package

py-extension-helpers @1.4.0 (python, devel, science)
Helpers to assist with building Python packages with compiled C/Cython extensions

py-Faker @40.1.2 (python)
Faker is a Python package that generates fake data for you.

py-fasteners @0.20 (python)
A python package that provides useful locks

py-findlibs @0.1.2 (python, science)
A Python package that search for shared libraries on various platforms

py-flake8-polyfill @1.0.2 (python, devel)
Polyfill package for Flake8 plugins

py-flexcache @0.3 (python)
An robust and extensible package to cache on disk the result of expensive calculations.

py-flit @3.9.0_1 (python)
A simple packaging tool for simple packages.

py-flit_scm @1.7.0 (python, devel)
A PEP 518 build backend that uses setuptools_scm to generate a version file from your version control system, then flit to build the package.

py-formencode @2.1.0 (python)
HTML form validation, generation, and conversion package

py-futures @3.3.0 (python, devel)
Backport of the concurrent.futures package from Python 3

py-gammapy @2.0 (python, science)
A Python package for gamma-ray astronomy

py-GridDataFormats @1.0.2 (python, science)
GridDataFormats provides the Python package 'gridData'.

py-gwpy @3.0.10 (python, science)
A python package for gravitational-wave astrophysics

py-hatch-jupyter-builder @0.9.1 (python, devel)
A build hook plugin for Hatch that adds a build step for use with Jupyter packages.

py-hatch-nodejs-version @0.4.0 (python, devel)
Hatch plugin for versioning from a package.json file

py-hpack @4.1.0 (python, net)
Pure-Python HPACK header compression

py-icalendar @6.3.1 (python)
The iCalendar package is a parser/generator of RFC 2445 iCalendar files.

py-importlib-metadata @8.7.0 (python, devel)
Library to access the metadata for a Python package.

py-ipadic @1.0.0 (python, textproc, japanese)
This is a version of IPAdic packaged for use in Python

py-ipwhois @1.2.0 (python, net, devel)
py-ipwhois is a simple package for retrieving and parsing whois data for IPv4 and IPv6 addresses.

py-jplephem @2.24 (python, science)
The package is a Python implementation of the math that standard JPL ephemerides use to predict raw (x,y,z) planetary positions.

py-jupyter_core @5.7.2 (python)
Jupyter core package.

py-jupyter_packaging @0.12.3 (python, devel)
Utilities for making Python packages with and without accompanying JavaScript packages.

py-jupyterlab_server @2.25.4 (python, devel)
This package is used to launch an application built using JupyterLab.

py-kapteyn @3.0 (python, science)
The Kapteyn Package

py-keyrings.alt @5.0.2 (python, devel)
Alternate keyring backend implementations for use with the keyring package

py-lazy_loader @0.4 (python)
load subpackages and functions on demand

py-librosa @0.11.0 (python, audio)
A python package for music and audio analysis.

py-ligo-common @1.0.4 (python, science)
Common package for LIGO Python libraries

py-maturin @1.11.5 (python, devel)
Build and publish crates with pyo3, rust-cpython and cffi bindings as well as rust binaries as python packages.

py-mayavi @4.8.2_1 (python, devel, graphics, math)
The Enthought mayavi package

py-mingus @0.4.2.3 (python, audio)
Music package for Python

py-msgpack @1.1.1 (python, devel)
MessagePack (de)serializer for Python.

py-mslex @1.3.0 (python, devel)
Missing shlex package for windows shell quoting

py-mx-base @3.2.9 (python)
eGenix.com mx Extensions for Python - base package

py-mx-experimental @3.0.0_5 (python)
eGenix.com mx Extensions for Python - EXPERIMENTAL Package

py-networkx @3.6.1 (python, science)
NetworkX in a Python package for graph manipulation.

py-npx @0.1.6 (python)
NumPy is a large library used everywhere in scientific computing. That's why breaking backwards-compatibility comes at a significant cost and is almost always avoided, even if the API of some methods is arguably lacking. This package provides drop-in wrappers fixing those.

py-numcodecs @0.16.5 (python)
Numcodecs is a Python package providing buffer compression and transformation codecs for use in data storage and communication applications.

py-olefile @0.47 (python, devel)
Python package to parse read and write Microsoft OLE2 files (Structured Storage or Compound Document Microsoft Office) - Improved version of the OleFileIO module from PIL, the Python Image Library.

py-packaging @26.0 (python)
Core utilities for Python packaging

py-patsy @1.0.2 (python, math)
Python package for describing statistical models.

py-pdbecif @1.5 (python, science)
Python package for reading, writing and manipulating mmCIF files

py-pdfminer @20240706 (python)
Python pdf extraction package

py-pdm-backend @2.4.7 (python, devel)
The build backend used by PDM that supports latest packaging standards

py-photutils @2.3.0 (python, science)
An Astropy package for source detection and photometry

py-pip @25.3 (python, www)
A tool for installing and managing Python packages.

py-pipdeptree @2.29.0 (python)
Command line utility to show dependency tree of packages

py-pkginfo @1.12.1.2 (python)
Query metadatdata from sdists and bdists installed packages.

py-pyct @0.6.0 (python)
A python utility package.

py-pydantic-compat @0.1.2 (python)
This package provides (unofficial) compatibility mixins and function adaptors for pydantic v1-v2 cross compatibility.

py-pyface @8.0.0 (python, devel)
The Enthought pyface package

py-pyinstaller @6.4.0 (python)
converts (packages) Python programs into stand-alone executables

py-pylibpcap @0.6.4 (python, net)
Python module for the libpcap packet capture library

py-pylsqpack @0.3.23 (python)
pylsqpack is a wrapper around the ls-qpack library.

py-pyplusplus @1.8.7 (python, devel)
Py++ is a framework for creating a code generator for Boost.Python library and ctypes package

py-pypubsub @4.0.3 (python, devel)
Python Publish-Subscribe Package

py-pysap @0.1.19_1 (python)
Python library for crafting SAP's network protocols packets

py-pytest-mock @3.15.1 (python, devel)
Thin-wrapper around the mock package for easier use with py.test

py-python-debian @0.1.49 (python)
Debian package related modules

py-pyvis @0.3.2 (python)
Python package for creating and visualizing interactive network graphs

py-pyvo @1.8 (python)
Astropy affiliated package for accessing Virtual Observatory data and services

py-pyx @0.16 (python, tex)
Python package for the creation of PostScript, PDF, and SVG files

py-regions @0.11 (python, science)
Astropy affilated package for region handling

py-reproject @0.15.0 (python, science)
Astropy affiliated package for image reprojection

py-requests-mock @1.12.1_1 (python)
Mock out responses from the requests package

py-rfoo @1.3.0 (python, devel)
remote foo is a fast Python RPC package

py-routes @2.5.1 (python, www, devel)
A Routing package for Python that matches URLs to dicts and vice versa.

py-ruamel-yaml @0.19.1 (python)
YAML 1.2 loader/dumper package for Python

py-scapy @2.6.1 (python, net, security)
A powerful packet manipulation tool

py-scgi @2.2 (python)
A Python package for implementing SCGI servers.

py-scikit-build-core @0.11.6_1 (python, devel)
A bridge between Python package build systems and CMake (a rewrite of the classic Scikit-build).

py-scikit-hep-mplhep_data @0.0.3 (python)
Sub-package to hold data (fonts) for mplhep.

py-scikit-rf @1.8.0 (python)
scikit-rf (aka skrf): a Python package for RF engineering

py-scikit-umfpack @0.4.2 (python, math)
scikit-umfpack provides wrapper of UMFPACK sparse direct solver to SciPy.

py-scikits-bvp_solver @1.1_1 (python, science)
Python package for solving two-point boundary-value problems.

py-scimath @5.0.0 (python, devel)
The Enthought scimath package

py-setuptools_scm @9.2.2 (python, devel)
Package to manage versions by scm tags.

py-shapely @2.1.2 (python, devel)
Shapely is a Python package for manipulation and analysis of 2D geospatial geometries

py-silx @2.2.2 (python, science)
Python packages to support data analysis at synchrotron radiation facilities.

py-skyfield @1.54 (python)
Skyfield is a pure-Python astronomy package that makes it easy to generate high precision research-grade positions for planets and Earth satellites.

py-snowballstemmer @3.0.1 (python)
This package provides 23 stemmer algorithms for 22 languages generated from Snowball algorithms.

py-spint @1.0.7 (python, gis)
Spatial Interaction Modeling Package (spint)

py-spreg @1.8.5 (python, gis)
PySAL Spatial Econometrics Package (spreg)

py-stagger @1.0.1 (python)
ID3v1/ID3v2 tag manipulation package in pure Python 3

py-svgwrite @1.4.1 (python)
Python Package to write SVG files

py-tables @3.10.2_2 (python, science)
Package for managing hierarchical datasets

py-traits @6.4.3 (python, devel)
The Enthought traits package

py-traitsui @8.0.0 (python, devel)
The Enthought traitsui package

py-tropycal @1.4 (python, science)
Tropycal is a Python package intended to simplify the process of retrieving and analyzing tropical cyclone data, both for past storms and in real time, and is geared towards the research and operational meteorology sectors.

py-ttfquery @2.0.0b1 (python, devel, multimedia, graphics)
FontTools-based package for querying system fonts

py-types-colorama @0.4.15.20250801 (python, devel)
This is a PEP 561 type stub package for the colorama package

py-tzdata @2025.3 (python)
tzdata: Python package providing IANA time zone data

py-u-msgpack-python @2.8.0 (python)
A portable lightweight MessagePack serializer and deserializer written in pure Python.

py-uncertainties @3.2.4 (python, math)
The Python uncertainties package

py-unidic @1.1.0 (python, textproc)
UniDic packaged for Python

py-unidic-lite @1.0.8 (python, textproc)
A small version of UniDic packaged for Python

py-update_checker @0.18.0_1 (python, devel)
A python module that will check for package updates.

py-us @3.2.0 (python)
US: The Greatest Package in the World

py-vo @1.8 (python, science)
Astropy affiliated package for accessing Virtual Observatory data and services

py-vobject @0.9.9 (python)
Python package for parsing and generating vCard and vCalendar files.

py-wheel @0.46.3 (python)
A built package format for Python.

py-yolk @0.4.3 (python, devel)
Command-line tool querying PyPI and Python packages installed on your system

py-zarr @3.1.5 (python)
Zarr is a Python package providing an implementation of compressed, chunked, N-dimensional arrays, designed for use in parallel computing.

py-zope-component @6.0 (python, zope)
This package represents the core of the Zope Component Architecture.

py-zope-deferredimport @4.4_1 (python, zope)
The zope.deferredimport package provided facilities for defining names in modules that will be imported from somewhere else when used.

py-zope-deprecation @5.0 (python, zope)
This package provides a simple function called deprecated(names, reason) to mark deprecated modules, classes, functions, methods and properties.

py26-bdist_mpkg @0.5.0 (python, devel)
Builds Mac OS X installer packages from distutils

py26-pip @9.0.3 (python, www)
A tool for installing and managing Python packages.

py27-altgraph @0.17.5 (python, devel)
Python graph (network) package

py27-bdist_mpkg @0.5.0 (python, devel)
Builds Mac OS X installer packages from distutils

py27-certifi @2021.10.8 (python, devel, net)
Python package for providing Mozilla's CA Bundle.

py27-distlib @0.3.4 (python)
Low-level components of distutils2/packaging, augmented with higher-level APIs for making packaging easier.

py27-futures @3.3.0 (python, devel)
Backport of the concurrent.futures package from Python 3

py27-importlib-metadata @2.1.3 (python, devel)
Library to access the metadata for a Python package.

py27-ligo-common @1.0.4 (python, science)
Common package for LIGO Python libraries

py27-mingus @0.4.2.3 (python, audio)
Music package for Python

py27-msgpack @1.0.5_1 (python, devel)
MessagePack (de)serializer for Python.

py27-mx-base @3.2.9 (python)
eGenix.com mx Extensions for Python - base package

py27-mx-experimental @3.0.0_5 (python)
eGenix.com mx Extensions for Python - EXPERIMENTAL Package

py27-olefile @0.47 (python, devel)
Python package to parse read and write Microsoft OLE2 files (Structured Storage or Compound Document Microsoft Office) - Improved version of the OleFileIO module from PIL, the Python Image Library.

py27-packaging @20.9 (python)
Core utilities for Python packaging

py27-pip @20.3.4 (python, www)
A tool for installing and managing Python packages.

py27-pylibpcap @0.6.4 (python, net)
Python module for the libpcap packet capture library

py27-pysap @0.1.19_1 (python)
Python library for crafting SAP's network protocols packets

py27-pyx @0.12.1_1 (python, tex)
Python package for the creation of PostScript, PDF, and SVG files

py27-requests-mock @1.9.3 (python)
Mock out responses from the requests package

py27-rfoo @1.3.0 (python, devel)
remote foo is a fast Python RPC package

py27-scapy @2.5.0 (python, net, security)
A powerful packet manipulation tool

py27-scikits-bvp_solver @1.1_1 (python, science)
Python package for solving two-point boundary-value problems.

py27-setuptools_scm @5.0.2 (python, devel)
Package to manage versions by scm tags.

py27-snowballstemmer @3.0.1 (python)
This package provides 23 stemmer algorithms for 22 languages generated from Snowball algorithms.

py27-wheel @0.37.1 (python)
A built package format for Python.

py27-yolk @0.4.3 (python, devel)
Command-line tool querying PyPI and Python packages installed on your system

py32-pip @7.1.2 (python, www)
A tool for installing and managing Python packages.

py33-bdist_mpkg @0.5.0 (python, devel)
Builds Mac OS X installer packages from distutils

py33-pip @10.0.1 (python, www)
A tool for installing and managing Python packages.

py34-bdist_mpkg @0.5.0 (python, devel)
Builds Mac OS X installer packages from distutils

py35-bdist_mpkg @0.5.0 (python, devel)
Builds Mac OS X installer packages from distutils

py35-certifi @2021.10.8 (python, devel, net)
Python package for providing Mozilla's CA Bundle.

py35-importlib-metadata @2.1.3 (python, devel)
Library to access the metadata for a Python package.

py35-packaging @20.9 (python)
Core utilities for Python packaging

py35-setuptools_scm @5.0.2 (python, devel)
Package to manage versions by scm tags.

py36-bdist_mpkg @0.5.0 (python, devel)
Builds Mac OS X installer packages from distutils

py36-certifi @2021.10.8 (python, devel, net)
Python package for providing Mozilla's CA Bundle.

py36-importlib-metadata @4.8.3 (python, devel)
Library to access the metadata for a Python package.

py36-packaging @21.3 (python)
Core utilities for Python packaging

py36-setuptools_scm @6.4.2 (python, devel)
Package to manage versions by scm tags.

py37-altgraph @0.17.5 (python, devel)
Python graph (network) package

py37-build @1.1.1 (python, devel)
A simple, correct PEP517 package builder

py37-calver @2022.06.26 (python, science)
setuptools extension for automatically defining your Python package version as a calendar version

py37-certifi @2025.11.12 (python, devel, net)
Python package for providing Mozilla's CA Bundle.

py37-flit_scm @1.7.0 (python, devel)
A PEP 518 build backend that uses setuptools_scm to generate a version file from your version control system, then flit to build the package.

py37-importlib-metadata @6.7.0 (python, devel)
Library to access the metadata for a Python package.

py37-packaging @24.0 (python)
Core utilities for Python packaging

py37-setuptools_scm @7.1.0 (python, devel)
Package to manage versions by scm tags.

py37-wheel @0.42.0 (python)
A built package format for Python.

py38-altgraph @0.17.5 (python, devel)
Python graph (network) package

py38-build @1.2.2.post1 (python, devel)
A simple, correct PEP517 package builder

py38-calver @2022.06.26 (python, science)
setuptools extension for automatically defining your Python package version as a calendar version

py38-certifi @2025.11.12 (python, devel, net)
Python package for providing Mozilla's CA Bundle.

py38-flit_scm @1.7.0 (python, devel)
A PEP 518 build backend that uses setuptools_scm to generate a version file from your version control system, then flit to build the package.

py38-importlib-metadata @8.7.0 (python, devel)
Library to access the metadata for a Python package.

py38-packaging @26.0 (python)
Core utilities for Python packaging

py38-ruamel-yaml @0.19.1 (python)
YAML 1.2 loader/dumper package for Python

py38-setuptools_scm @9.2.2 (python, devel)
Package to manage versions by scm tags.

py38-snowballstemmer @3.0.1 (python)
This package provides 23 stemmer algorithms for 22 languages generated from Snowball algorithms.

py38-wheel @0.45.1 (python)
A built package format for Python.

py39-altgraph @0.17.5 (python, devel)
Python graph (network) package

py39-build @1.4.0 (python, devel)
A simple, correct PEP517 package builder

py39-calver @2025.10.20 (python, science)
setuptools extension for automatically defining your Python package version as a calendar version

py39-certifi @2025.11.12 (python, devel, net)
Python package for providing Mozilla's CA Bundle.

py39-clawpack @5.8.0 (python, math, science)
a collection of finite volume methods for linear and nonlinear hyperbolic systems of conservation laws

py39-cryptography @46.0.3 (python, devel)
cryptography is a package designed to expose cryptographic primitives and recipes to Python developers.

py39-cryptography_vectors @46.0.3 (python, devel)
cryptography is a package designed to expose cryptographic primitives and recipes to Python developers.

py39-distlib @0.4.0 (python)
Low-level components of distutils2/packaging, augmented with higher-level APIs for making packaging easier.

py39-Faker @40.1.2 (python)
Faker is a Python package that generates fake data for you.

py39-flit_scm @1.7.0 (python, devel)
A PEP 518 build backend that uses setuptools_scm to generate a version file from your version control system, then flit to build the package.

py39-hatch-jupyter-builder @0.9.1 (python, devel)
A build hook plugin for Hatch that adds a build step for use with Jupyter packages.

py39-hatch-nodejs-version @0.4.0 (python, devel)
Hatch plugin for versioning from a package.json file

py39-hpack @4.1.0 (python, net)
Pure-Python HPACK header compression

py39-importlib-metadata @8.7.0 (python, devel)
Library to access the metadata for a Python package.

py39-jupyter_core @5.7.2 (python)
Jupyter core package.

py39-jupyterlab_server @2.25.4 (python, devel)
This package is used to launch an application built using JupyterLab.

py39-maturin @1.11.5 (python, devel)
Build and publish crates with pyo3, rust-cpython and cffi bindings as well as rust binaries as python packages.

py39-networkx @3.2.1 (python, science)
NetworkX in a Python package for graph manipulation.

py39-olefile @0.47 (python, devel)
Python package to parse read and write Microsoft OLE2 files (Structured Storage or Compound Document Microsoft Office) - Improved version of the OleFileIO module from PIL, the Python Image Library.

py39-packaging @26.0 (python)
Core utilities for Python packaging

py39-pdm-backend @2.4.7 (python, devel)
The build backend used by PDM that supports latest packaging standards

py39-pip @25.3 (python, www)
A tool for installing and managing Python packages.

py39-pylsqpack @0.3.23 (python)
pylsqpack is a wrapper around the ls-qpack library.

py39-pytest-mock @3.15.1 (python, devel)
Thin-wrapper around the mock package for easier use with py.test

py39-requests-mock @1.12.1_1 (python)
Mock out responses from the requests package

py39-routes @2.5.1 (python, www, devel)
A Routing package for Python that matches URLs to dicts and vice versa.

py39-scapy @2.6.1 (python, net, security)
A powerful packet manipulation tool

py39-scgi @2.2 (python)
A Python package for implementing SCGI servers.

py39-scikit-build-core @0.11.6_1 (python, devel)
A bridge between Python package build systems and CMake (a rewrite of the classic Scikit-build).

py39-scikit-umfpack @0.4.2 (python, math)
scikit-umfpack provides wrapper of UMFPACK sparse direct solver to SciPy.

py39-setuptools_scm @9.2.2 (python, devel)
Package to manage versions by scm tags.

py39-snowballstemmer @3.0.1 (python)
This package provides 23 stemmer algorithms for 22 languages generated from Snowball algorithms.

py39-wheel @0.46.3 (python)
A built package format for Python.

py310-aiohttp-socks @0.11.0 (python)
The aiohttp-socks package provides a proxy connector for aiohttp.

py310-altgraph @0.17.5 (python, devel)
Python graph (network) package

py310-applaunchservices @0.3.0 (python)
Simple package for registering an app with apple Launch Services to handle UTI and URL

py310-appscript @1.2.2 (python)
High-level application scripting package for Python

py310-apptools @5.3.0 (python, devel)
The Enthought apptools package

py310-arpeggio @2.0.2 (python)
Packrat parser interpreter

py310-asciimatics @1.15.0 (python)
a package to help people create full-screen text UIs

py310-asdf-astropy @0.9.0 (python)
This package includes plugins that provide ASDF serialization support for astropy objects.

py310-asdf-coordinates-schemas @0.5.0 (python)
This package provides ASDF schemas for validating coordinates tags.

py310-asdf-transform-schemas @0.6.0 (python)
This package provides ASDF schemas for validating transform tags.

py310-asdf-unit-schemas @0.2.0 (python)
This package provides ASDF schemas for validating unit tags.

py310-astropy-helpers @4.0.1 (python, science)
Helpers for Astropy and Affiliated packages

py310-astropy-iers-data @0.2026.2.2.0.48.1 (python)
IERS Earth Rotation and Leap Second tables for the astropy core package

py310-asynctest @0.13.0_1 (python, devel)
Enhance the standard unittest package with features for testing asyncio libraries

py310-binaryornot @0.4.4 (python, devel)
Ultra-lightweight pure Python package to check if a file is binary or text.

py310-blosc @1.11.2 (python, devel)
Python package that wraps the Blosc compressor

py310-build @1.4.0 (python, devel)
A simple, correct PEP517 package builder

py310-calver @2025.10.20 (python, science)
setuptools extension for automatically defining your Python package version as a calendar version

py310-certifi @2025.11.12 (python, devel, net)
Python package for providing Mozilla's CA Bundle.

py310-ckanapi @4.6 (python, net)
Python packages for accessing the CKAN Action API

py310-control @0.10.1 (python, science)
Python package for feedback control systems

py310-crc32c @2.8 (python, devel)
A python package implementing the crc32c algorithm in hardware and software.

py310-cryptography @46.0.3 (python, devel)
cryptography is a package designed to expose cryptographic primitives and recipes to Python developers.

py310-cryptography_vectors @46.0.3 (python, devel)
cryptography is a package designed to expose cryptographic primitives and recipes to Python developers.

py310-distlib @0.4.0 (python)
Low-level components of distutils2/packaging, augmented with higher-level APIs for making packaging easier.

py310-donfig @0.8.1.post1 (python)
Donfig is a python library meant to make configuration easier for other python packages. Donfig can be configured programmatically, by environment variables, or from YAML files in standard locations.

py310-dpkt @1.9.8 (python, net)
python packet creation and parsing library

py310-entrypoints @0.4 (python, devel)
Discover and load entry points from installed packages.

py310-envisage @7.0.3 (python, devel)
The Enthought envisage package

py310-extension-helpers @1.4.0 (python, devel, science)
Helpers to assist with building Python packages with compiled C/Cython extensions

py310-Faker @40.1.2 (python)
Faker is a Python package that generates fake data for you.

py310-fasteners @0.20 (python)
A python package that provides useful locks

py310-findlibs @0.1.2 (python, science)
A Python package that search for shared libraries on various platforms

py310-flake8-polyfill @1.0.2 (python, devel)
Polyfill package for Flake8 plugins

py310-flexcache @0.3 (python)
An robust and extensible package to cache on disk the result of expensive calculations.

py310-flit @3.9.0_1 (python)
A simple packaging tool for simple packages.

py310-flit_scm @1.7.0 (python, devel)
A PEP 518 build backend that uses setuptools_scm to generate a version file from your version control system, then flit to build the package.

py310-hatch-jupyter-builder @0.9.1 (python, devel)
A build hook plugin for Hatch that adds a build step for use with Jupyter packages.

py310-hatch-nodejs-version @0.4.0 (python, devel)
Hatch plugin for versioning from a package.json file

py310-hpack @4.1.0 (python, net)
Pure-Python HPACK header compression

py310-importlib-metadata @8.7.0 (python, devel)
Library to access the metadata for a Python package.

py310-ipadic @1.0.0 (python, textproc, japanese)
This is a version of IPAdic packaged for use in Python

py310-jplephem @2.24 (python, science)
The package is a Python implementation of the math that standard JPL ephemerides use to predict raw (x,y,z) planetary positions.

py310-jupyter_core @5.7.2 (python)
Jupyter core package.

py310-jupyter_packaging @0.12.3 (python, devel)
Utilities for making Python packages with and without accompanying JavaScript packages.

py310-jupyterlab_server @2.25.4 (python, devel)
This package is used to launch an application built using JupyterLab.

py310-kapteyn @3.0 (python, science)
The Kapteyn Package

py310-keyrings.alt @5.0.2 (python, devel)
Alternate keyring backend implementations for use with the keyring package

py310-lazy_loader @0.4 (python)
load subpackages and functions on demand

py310-librosa @0.11.0 (python, audio)
A python package for music and audio analysis.

py310-maturin @1.11.5 (python, devel)
Build and publish crates with pyo3, rust-cpython and cffi bindings as well as rust binaries as python packages.

py310-mayavi @4.8.2_1 (python, devel, graphics, math)
The Enthought mayavi package

py310-msgpack @1.1.1 (python, devel)
MessagePack (de)serializer for Python.

py310-mslex @1.3.0 (python, devel)
Missing shlex package for windows shell quoting

py310-networkx @3.4.2 (python, science)
NetworkX in a Python package for graph manipulation.

py310-npx @0.1.6 (python)
NumPy is a large library used everywhere in scientific computing. That's why breaking backwards-compatibility comes at a significant cost and is almost always avoided, even if the API of some methods is arguably lacking. This package provides drop-in wrappers fixing those.

py310-numcodecs @0.16.5 (python)
Numcodecs is a Python package providing buffer compression and transformation codecs for use in data storage and communication applications.

py310-olefile @0.47 (python, devel)
Python package to parse read and write Microsoft OLE2 files (Structured Storage or Compound Document Microsoft Office) - Improved version of the OleFileIO module from PIL, the Python Image Library.

py310-packaging @26.0 (python)
Core utilities for Python packaging

py310-patsy @1.0.2 (python, math)
Python package for describing statistical models.

py310-pdbecif @1.5 (python, science)
Python package for reading, writing and manipulating mmCIF files

py310-pdfminer @20240706 (python)
Python pdf extraction package

py310-pdm-backend @2.4.7 (python, devel)
The build backend used by PDM that supports latest packaging standards

py310-pip @25.3 (python, www)
A tool for installing and managing Python packages.

py310-pipdeptree @2.29.0 (python)
Command line utility to show dependency tree of packages

py310-pkginfo @1.12.1.2 (python)
Query metadatdata from sdists and bdists installed packages.

py310-pyct @0.6.0 (python)
A python utility package.

py310-pydantic-compat @0.1.2 (python)
This package provides (unofficial) compatibility mixins and function adaptors for pydantic v1-v2 cross compatibility.

py310-pyface @8.0.0 (python, devel)
The Enthought pyface package

py310-pylsqpack @0.3.23 (python)
pylsqpack is a wrapper around the ls-qpack library.

py310-pyplusplus @1.8.7 (python, devel)
Py++ is a framework for creating a code generator for Boost.Python library and ctypes package

py310-pytest-mock @3.15.1 (python, devel)
Thin-wrapper around the mock package for easier use with py.test

py310-python-debian @0.1.49 (python)
Debian package related modules

py310-pyvis @0.3.2 (python)
Python package for creating and visualizing interactive network graphs

py310-pyvo @1.8 (python)
Astropy affiliated package for accessing Virtual Observatory data and services

py310-pyx @0.16 (python, tex)
Python package for the creation of PostScript, PDF, and SVG files

py310-reproject @0.14.1 (python, science)
Astropy affiliated package for image reprojection

py310-requests-mock @1.12.1_1 (python)
Mock out responses from the requests package

py310-ruamel-yaml @0.19.1 (python)
YAML 1.2 loader/dumper package for Python

py310-scapy @2.6.1 (python, net, security)
A powerful packet manipulation tool

py310-scikit-build-core @0.11.6_1 (python, devel)
A bridge between Python package build systems and CMake (a rewrite of the classic Scikit-build).

py310-scikit-hep-mplhep_data @0.0.3 (python)
Sub-package to hold data (fonts) for mplhep.

py310-scikit-rf @1.8.0 (python)
scikit-rf (aka skrf): a Python package for RF engineering

py310-scikit-umfpack @0.4.2 (python, math)
scikit-umfpack provides wrapper of UMFPACK sparse direct solver to SciPy.

py310-setuptools_scm @9.2.2 (python, devel)
Package to manage versions by scm tags.

py310-shapely @2.1.2 (python, devel)
Shapely is a Python package for manipulation and analysis of 2D geospatial geometries

py310-silx @2.2.2 (python, science)
Python packages to support data analysis at synchrotron radiation facilities.

py310-skyfield @1.54 (python)
Skyfield is a pure-Python astronomy package that makes it easy to generate high precision research-grade positions for planets and Earth satellites.

py310-snowballstemmer @3.0.1 (python)
This package provides 23 stemmer algorithms for 22 languages generated from Snowball algorithms.

py310-spint @1.0.7 (python, gis)
Spatial Interaction Modeling Package (spint)

py310-spreg @1.8.5 (python, gis)
PySAL Spatial Econometrics Package (spreg)

py310-svgwrite @1.4.1 (python)
Python Package to write SVG files

py310-tables @3.10.2_2 (python, science)
Package for managing hierarchical datasets

py310-traits @6.4.3 (python, devel)
The Enthought traits package

py310-traitsui @8.0.0 (python, devel)
The Enthought traitsui package

py310-tropycal @1.4 (python, science)
Tropycal is a Python package intended to simplify the process of retrieving and analyzing tropical cyclone data, both for past storms and in real time, and is geared towards the research and operational meteorology sectors.

py310-ttfquery @2.0.0b1 (python, devel, multimedia, graphics)
FontTools-based package for querying system fonts

py310-types-colorama @0.4.15.20250801 (python, devel)
This is a PEP 561 type stub package for the colorama package

py310-tzdata @2025.3 (python)
tzdata: Python package providing IANA time zone data

py310-u-msgpack-python @2.8.0 (python)
A portable lightweight MessagePack serializer and deserializer written in pure Python.

py310-uncertainties @3.2.4 (python, math)
The Python uncertainties package

py310-unidic @1.1.0 (python, textproc)
UniDic packaged for Python

py310-unidic-lite @1.0.8 (python, textproc)
A small version of UniDic packaged for Python

py310-update_checker @0.18.0_1 (python, devel)
A python module that will check for package updates.

py310-vobject @0.9.9 (python)
Python package for parsing and generating vCard and vCalendar files.

py310-wheel @0.46.3 (python)
A built package format for Python.

py310-zarr @3.1.5 (python)
Zarr is a Python package providing an implementation of compressed, chunked, N-dimensional arrays, designed for use in parallel computing.

py310-zope-component @6.0 (python, zope)
This package represents the core of the Zope Component Architecture.

py310-zope-deferredimport @4.4_1 (python, zope)
The zope.deferredimport package provided facilities for defining names in modules that will be imported from somewhere else when used.

py310-zope-deprecation @5.0 (python, zope)
This package provides a simple function called deprecated(names, reason) to mark deprecated modules, classes, functions, methods and properties.

py311-aiohttp-socks @0.11.0 (python)
The aiohttp-socks package provides a proxy connector for aiohttp.

py311-altgraph @0.17.5 (python, devel)
Python graph (network) package

py311-applaunchservices @0.3.0 (python)
Simple package for registering an app with apple Launch Services to handle UTI and URL

py311-apptools @5.3.0 (python, devel)
The Enthought apptools package

py311-arpeggio @2.0.2 (python)
Packrat parser interpreter

py311-asciimatics @1.15.0 (python)
a package to help people create full-screen text UIs

py311-asdf-astropy @0.9.0 (python)
This package includes plugins that provide ASDF serialization support for astropy objects.

py311-asdf-coordinates-schemas @0.5.0 (python)
This package provides ASDF schemas for validating coordinates tags.

py311-asdf-transform-schemas @0.6.0 (python)
This package provides ASDF schemas for validating transform tags.

py311-asdf-unit-schemas @0.2.0 (python)
This package provides ASDF schemas for validating unit tags.

py311-astropy-iers-data @0.2026.2.2.0.48.1 (python)
IERS Earth Rotation and Leap Second tables for the astropy core package

py311-asynctest @0.13.0_1 (python, devel)
Enhance the standard unittest package with features for testing asyncio libraries

py311-binaryornot @0.4.4 (python, devel)
Ultra-lightweight pure Python package to check if a file is binary or text.

py311-blosc @1.11.2 (python, devel)
Python package that wraps the Blosc compressor

py311-build @1.4.0 (python, devel)
A simple, correct PEP517 package builder

py311-calver @2025.10.20 (python, science)
setuptools extension for automatically defining your Python package version as a calendar version

py311-certifi @2025.11.12 (python, devel, net)
Python package for providing Mozilla's CA Bundle.

py311-control @0.10.1 (python, science)
Python package for feedback control systems

py311-crc32c @2.8 (python, devel)
A python package implementing the crc32c algorithm in hardware and software.

py311-cryptography @46.0.3 (python, devel)
cryptography is a package designed to expose cryptographic primitives and recipes to Python developers.

py311-cryptography_vectors @46.0.3 (python, devel)
cryptography is a package designed to expose cryptographic primitives and recipes to Python developers.

py311-distlib @0.4.0 (python)
Low-level components of distutils2/packaging, augmented with higher-level APIs for making packaging easier.

py311-donfig @0.8.1.post1 (python)
Donfig is a python library meant to make configuration easier for other python packages. Donfig can be configured programmatically, by environment variables, or from YAML files in standard locations.

py311-dpkt @1.9.8 (python, net)
python packet creation and parsing library

py311-entrypoints @0.4 (python, devel)
Discover and load entry points from installed packages.

py311-envisage @7.0.3 (python, devel)
The Enthought envisage package

py311-extension-helpers @1.4.0 (python, devel, science)
Helpers to assist with building Python packages with compiled C/Cython extensions

py311-Faker @40.1.2 (python)
Faker is a Python package that generates fake data for you.

py311-fasteners @0.20 (python)
A python package that provides useful locks

py311-findlibs @0.1.2 (python, science)
A Python package that search for shared libraries on various platforms

py311-flake8-polyfill @1.0.2 (python, devel)
Polyfill package for Flake8 plugins

py311-flexcache @0.3 (python)
An robust and extensible package to cache on disk the result of expensive calculations.

py311-flit @3.9.0_1 (python)
A simple packaging tool for simple packages.

py311-flit_scm @1.7.0 (python, devel)
A PEP 518 build backend that uses setuptools_scm to generate a version file from your version control system, then flit to build the package.

py311-gammapy @2.0 (python, science)
A Python package for gamma-ray astronomy

py311-hatch-jupyter-builder @0.9.1 (python, devel)
A build hook plugin for Hatch that adds a build step for use with Jupyter packages.

py311-hatch-nodejs-version @0.4.0 (python, devel)
Hatch plugin for versioning from a package.json file

py311-hpack @4.1.0 (python, net)
Pure-Python HPACK header compression

py311-importlib-metadata @8.7.0 (python, devel)
Library to access the metadata for a Python package.

py311-ipadic @1.0.0 (python, textproc, japanese)
This is a version of IPAdic packaged for use in Python

py311-jplephem @2.24 (python, science)
The package is a Python implementation of the math that standard JPL ephemerides use to predict raw (x,y,z) planetary positions.

py311-jupyter_core @5.7.2 (python)
Jupyter core package.

py311-jupyter_packaging @0.12.3 (python, devel)
Utilities for making Python packages with and without accompanying JavaScript packages.

py311-jupyterlab_server @2.25.4 (python, devel)
This package is used to launch an application built using JupyterLab.

py311-keyrings.alt @5.0.2 (python, devel)
Alternate keyring backend implementations for use with the keyring package

py311-lazy_loader @0.4 (python)
load subpackages and functions on demand

py311-librosa @0.11.0 (python, audio)
A python package for music and audio analysis.

py311-maturin @1.11.5 (python, devel)
Build and publish crates with pyo3, rust-cpython and cffi bindings as well as rust binaries as python packages.

py311-mayavi @4.8.2_1 (python, devel, graphics, math)
The Enthought mayavi package

py311-msgpack @1.1.1 (python, devel)
MessagePack (de)serializer for Python.

py311-mslex @1.3.0 (python, devel)
Missing shlex package for windows shell quoting

py311-networkx @3.6.1 (python, science)
NetworkX in a Python package for graph manipulation.

py311-npx @0.1.6 (python)
NumPy is a large library used everywhere in scientific computing. That's why breaking backwards-compatibility comes at a significant cost and is almost always avoided, even if the API of some methods is arguably lacking. This package provides drop-in wrappers fixing those.

py311-numcodecs @0.16.5 (python)
Numcodecs is a Python package providing buffer compression and transformation codecs for use in data storage and communication applications.

py311-olefile @0.47 (python, devel)
Python package to parse read and write Microsoft OLE2 files (Structured Storage or Compound Document Microsoft Office) - Improved version of the OleFileIO module from PIL, the Python Image Library.

py311-packaging @26.0 (python)
Core utilities for Python packaging

py311-patsy @1.0.2 (python, math)
Python package for describing statistical models.

py311-pdbecif @1.5 (python, science)
Python package for reading, writing and manipulating mmCIF files

py311-pdfminer @20240706 (python)
Python pdf extraction package

py311-pdm-backend @2.4.7 (python, devel)
The build backend used by PDM that supports latest packaging standards

py311-pip @25.3 (python, www)
A tool for installing and managing Python packages.

py311-pipdeptree @2.29.0 (python)
Command line utility to show dependency tree of packages

py311-pkginfo @1.12.1.2 (python)
Query metadatdata from sdists and bdists installed packages.

py311-pyct @0.6.0 (python)
A python utility package.

py311-pydantic-compat @0.1.2 (python)
This package provides (unofficial) compatibility mixins and function adaptors for pydantic v1-v2 cross compatibility.

py311-pyface @8.0.0 (python, devel)
The Enthought pyface package

py311-pylsqpack @0.3.23 (python)
pylsqpack is a wrapper around the ls-qpack library.

py311-pyplusplus @1.8.7 (python, devel)
Py++ is a framework for creating a code generator for Boost.Python library and ctypes package

py311-pytest-mock @3.15.1 (python, devel)
Thin-wrapper around the mock package for easier use with py.test

py311-python-debian @0.1.49 (python)
Debian package related modules

py311-pyvis @0.3.2 (python)
Python package for creating and visualizing interactive network graphs

py311-pyvo @1.8 (python)
Astropy affiliated package for accessing Virtual Observatory data and services

py311-pyx @0.16 (python, tex)
Python package for the creation of PostScript, PDF, and SVG files

py311-regions @0.11 (python, science)
Astropy affilated package for region handling

py311-reproject @0.15.0 (python, science)
Astropy affiliated package for image reprojection

py311-requests-mock @1.12.1_1 (python)
Mock out responses from the requests package

py311-ruamel-yaml @0.19.1 (python)
YAML 1.2 loader/dumper package for Python

py311-scapy @2.6.1 (python, net, security)
A powerful packet manipulation tool

py311-scikit-build-core @0.11.6_1 (python, devel)
A bridge between Python package build systems and CMake (a rewrite of the classic Scikit-build).

py311-scikit-hep-mplhep_data @0.0.3 (python)
Sub-package to hold data (fonts) for mplhep.

py311-scikit-rf @1.8.0 (python)
scikit-rf (aka skrf): a Python package for RF engineering

py311-scikit-umfpack @0.4.2 (python, math)
scikit-umfpack provides wrapper of UMFPACK sparse direct solver to SciPy.

py311-setuptools_scm @9.2.2 (python, devel)
Package to manage versions by scm tags.

py311-shapely @2.1.2 (python, devel)
Shapely is a Python package for manipulation and analysis of 2D geospatial geometries

py311-silx @2.2.2 (python, science)
Python packages to support data analysis at synchrotron radiation facilities.

py311-skyfield @1.54 (python)
Skyfield is a pure-Python astronomy package that makes it easy to generate high precision research-grade positions for planets and Earth satellites.

py311-snowballstemmer @3.0.1 (python)
This package provides 23 stemmer algorithms for 22 languages generated from Snowball algorithms.

py311-spint @1.0.7 (python, gis)
Spatial Interaction Modeling Package (spint)

py311-spreg @1.8.5 (python, gis)
PySAL Spatial Econometrics Package (spreg)

py311-tables @3.10.2_2 (python, science)
Package for managing hierarchical datasets

py311-traits @6.4.3 (python, devel)
The Enthought traits package

py311-traitsui @8.0.0 (python, devel)
The Enthought traitsui package

py311-tropycal @1.4 (python, science)
Tropycal is a Python package intended to simplify the process of retrieving and analyzing tropical cyclone data, both for past storms and in real time, and is geared towards the research and operational meteorology sectors.

py311-ttfquery @2.0.0b1 (python, devel, multimedia, graphics)
FontTools-based package for querying system fonts

py311-types-colorama @0.4.15.20250801 (python, devel)
This is a PEP 561 type stub package for the colorama package

py311-tzdata @2025.3 (python)
tzdata: Python package providing IANA time zone data

py311-u-msgpack-python @2.8.0 (python)
A portable lightweight MessagePack serializer and deserializer written in pure Python.

py311-uncertainties @3.2.4 (python, math)
The Python uncertainties package

py311-unidic @1.1.0 (python, textproc)
UniDic packaged for Python

py311-unidic-lite @1.0.8 (python, textproc)
A small version of UniDic packaged for Python

py311-update_checker @0.18.0_1 (python, devel)
A python module that will check for package updates.

py311-vobject @0.9.9 (python)
Python package for parsing and generating vCard and vCalendar files.

py311-wheel @0.46.3 (python)
A built package format for Python.

py311-zarr @3.1.5 (python)
Zarr is a Python package providing an implementation of compressed, chunked, N-dimensional arrays, designed for use in parallel computing.

py311-zope-component @6.0 (python, zope)
This package represents the core of the Zope Component Architecture.

py311-zope-deprecation @5.0 (python, zope)
This package provides a simple function called deprecated(names, reason) to mark deprecated modules, classes, functions, methods and properties.

py312-aiohttp-socks @0.11.0 (python)
The aiohttp-socks package provides a proxy connector for aiohttp.

py312-altgraph @0.17.5 (python, devel)
Python graph (network) package

py312-applaunchservices @0.3.0 (python)
Simple package for registering an app with apple Launch Services to handle UTI and URL

py312-apptools @5.3.0 (python, devel)
The Enthought apptools package

py312-arpeggio @2.0.2 (python)
Packrat parser interpreter

py312-asdf-astropy @0.9.0 (python)
This package includes plugins that provide ASDF serialization support for astropy objects.

py312-asdf-coordinates-schemas @0.5.0 (python)
This package provides ASDF schemas for validating coordinates tags.

py312-asdf-transform-schemas @0.6.0 (python)
This package provides ASDF schemas for validating transform tags.

py312-asdf-unit-schemas @0.2.0 (python)
This package provides ASDF schemas for validating unit tags.

py312-astropy-iers-data @0.2026.2.2.0.48.1 (python)
IERS Earth Rotation and Leap Second tables for the astropy core package

py312-asynctest @0.13.0_1 (python, devel)
Enhance the standard unittest package with features for testing asyncio libraries

py312-binaryornot @0.4.4 (python, devel)
Ultra-lightweight pure Python package to check if a file is binary or text.

py312-BitArray2D @2.1 (python, math)
A memory-efficient packed representation for 2D bit arrays

py312-BitVector @3.5.0 (python, math)
A memory-efficient packed representation for bit arrays

py312-blosc @1.11.2 (python, devel)
Python package that wraps the Blosc compressor

py312-build @1.4.0 (python, devel)
A simple, correct PEP517 package builder

py312-calver @2025.10.20 (python, science)
setuptools extension for automatically defining your Python package version as a calendar version

py312-certifi @2025.11.12 (python, devel, net)
Python package for providing Mozilla's CA Bundle.

py312-cinemagoer @2023.5.1 (python)
Python package to access the IMDb's database

py312-control @0.10.1 (python, science)
Python package for feedback control systems

py312-crc32c @2.8 (python, devel)
A python package implementing the crc32c algorithm in hardware and software.

py312-cryptography @46.0.3 (python, devel)
cryptography is a package designed to expose cryptographic primitives and recipes to Python developers.

py312-cryptography_vectors @46.0.3 (python, devel)
cryptography is a package designed to expose cryptographic primitives and recipes to Python developers.

py312-distlib @0.4.0 (python)
Low-level components of distutils2/packaging, augmented with higher-level APIs for making packaging easier.

py312-donfig @0.8.1.post1 (python)
Donfig is a python library meant to make configuration easier for other python packages. Donfig can be configured programmatically, by environment variables, or from YAML files in standard locations.

py312-entrypoints @0.4 (python, devel)
Discover and load entry points from installed packages.

py312-envisage @7.0.3 (python, devel)
The Enthought envisage package

py312-extension-helpers @1.4.0 (python, devel, science)
Helpers to assist with building Python packages with compiled C/Cython extensions

py312-Faker @40.1.2 (python)
Faker is a Python package that generates fake data for you.

py312-fasteners @0.20 (python)
A python package that provides useful locks

py312-findlibs @0.1.2 (python, science)
A Python package that search for shared libraries on various platforms

py312-flake8-polyfill @1.0.2 (python, devel)
Polyfill package for Flake8 plugins

py312-flexcache @0.3 (python)
An robust and extensible package to cache on disk the result of expensive calculations.

py312-flit @3.9.0_1 (python)
A simple packaging tool for simple packages.

py312-flit_scm @1.7.0 (python, devel)
A PEP 518 build backend that uses setuptools_scm to generate a version file from your version control system, then flit to build the package.

py312-formencode @2.1.0 (python)
HTML form validation, generation, and conversion package

py312-gammapy @2.0 (python, science)
A Python package for gamma-ray astronomy

py312-gwpy @3.0.10 (python, science)
A python package for gravitational-wave astrophysics

py312-hatch-jupyter-builder @0.9.1 (python, devel)
A build hook plugin for Hatch that adds a build step for use with Jupyter packages.

py312-hatch-nodejs-version @0.4.0 (python, devel)
Hatch plugin for versioning from a package.json file

py312-hpack @4.1.0 (python, net)
Pure-Python HPACK header compression

py312-icalendar @6.3.1 (python)
The iCalendar package is a parser/generator of RFC 2445 iCalendar files.

py312-importlib-metadata @8.7.0 (python, devel)
Library to access the metadata for a Python package.

py312-ipadic @1.0.0 (python, textproc, japanese)
This is a version of IPAdic packaged for use in Python

py312-ipwhois @1.2.0 (python, net, devel)
py-ipwhois is a simple package for retrieving and parsing whois data for IPv4 and IPv6 addresses.

py312-jplephem @2.24 (python, science)
The package is a Python implementation of the math that standard JPL ephemerides use to predict raw (x,y,z) planetary positions.

py312-jupyter_core @5.7.2 (python)
Jupyter core package.

py312-jupyter_packaging @0.12.3 (python, devel)
Utilities for making Python packages with and without accompanying JavaScript packages.

py312-jupyterlab_server @2.25.4 (python, devel)
This package is used to launch an application built using JupyterLab.

py312-keyrings.alt @5.0.2 (python, devel)
Alternate keyring backend implementations for use with the keyring package

py312-lazy_loader @0.4 (python)
load subpackages and functions on demand

py312-librosa @0.11.0 (python, audio)
A python package for music and audio analysis.

py312-ligo-common @1.0.4 (python, science)
Common package for LIGO Python libraries

py312-maturin @1.11.5 (python, devel)
Build and publish crates with pyo3, rust-cpython and cffi bindings as well as rust binaries as python packages.

py312-mayavi @4.8.2_1 (python, devel, graphics, math)
The Enthought mayavi package

py312-msgpack @1.1.1 (python, devel)
MessagePack (de)serializer for Python.

py312-mslex @1.3.0 (python, devel)
Missing shlex package for windows shell quoting

py312-networkx @3.6.1 (python, science)
NetworkX in a Python package for graph manipulation.

py312-npx @0.1.6 (python)
NumPy is a large library used everywhere in scientific computing. That's why breaking backwards-compatibility comes at a significant cost and is almost always avoided, even if the API of some methods is arguably lacking. This package provides drop-in wrappers fixing those.

py312-numcodecs @0.16.5 (python)
Numcodecs is a Python package providing buffer compression and transformation codecs for use in data storage and communication applications.

py312-olefile @0.47 (python, devel)
Python package to parse read and write Microsoft OLE2 files (Structured Storage or Compound Document Microsoft Office) - Improved version of the OleFileIO module from PIL, the Python Image Library.

py312-packaging @26.0 (python)
Core utilities for Python packaging

py312-patsy @1.0.2 (python, math)
Python package for describing statistical models.

py312-pdbecif @1.5 (python, science)
Python package for reading, writing and manipulating mmCIF files

py312-pdfminer @20240706 (python)
Python pdf extraction package

py312-pdm-backend @2.4.7 (python, devel)
The build backend used by PDM that supports latest packaging standards

py312-pip @25.3 (python, www)
A tool for installing and managing Python packages.

py312-pipdeptree @2.29.0 (python)
Command line utility to show dependency tree of packages

py312-pkginfo @1.12.1.2 (python)
Query metadatdata from sdists and bdists installed packages.

py312-pyct @0.6.0 (python)
A python utility package.

py312-pydantic-compat @0.1.2 (python)
This package provides (unofficial) compatibility mixins and function adaptors for pydantic v1-v2 cross compatibility.

py312-pyface @8.0.0 (python, devel)
The Enthought pyface package

py312-pyinstaller @6.4.0 (python)
converts (packages) Python programs into stand-alone executables

py312-pylsqpack @0.3.23 (python)
pylsqpack is a wrapper around the ls-qpack library.

py312-pyplusplus @1.8.7 (python, devel)
Py++ is a framework for creating a code generator for Boost.Python library and ctypes package

py312-pypubsub @4.0.3 (python, devel)
Python Publish-Subscribe Package

py312-pytest-mock @3.15.1 (python, devel)
Thin-wrapper around the mock package for easier use with py.test

py312-python-debian @0.1.49 (python)
Debian package related modules

py312-pyvis @0.3.2 (python)
Python package for creating and visualizing interactive network graphs

py312-pyvo @1.8 (python)
Astropy affiliated package for accessing Virtual Observatory data and services

py312-pyx @0.16 (python, tex)
Python package for the creation of PostScript, PDF, and SVG files

py312-regions @0.11 (python, science)
Astropy affilated package for region handling

py312-reproject @0.15.0 (python, science)
Astropy affiliated package for image reprojection

py312-requests-mock @1.12.1_1 (python)
Mock out responses from the requests package

py312-ruamel-yaml @0.19.1 (python)
YAML 1.2 loader/dumper package for Python

py312-scapy @2.6.1 (python, net, security)
A powerful packet manipulation tool

py312-scikit-build-core @0.11.6_1 (python, devel)
A bridge between Python package build systems and CMake (a rewrite of the classic Scikit-build).

py312-scikit-hep-mplhep_data @0.0.3 (python)
Sub-package to hold data (fonts) for mplhep.

py312-scikit-rf @1.8.0 (python)
scikit-rf (aka skrf): a Python package for RF engineering

py312-scikit-umfpack @0.4.2 (python, math)
scikit-umfpack provides wrapper of UMFPACK sparse direct solver to SciPy.

py312-scimath @5.0.0 (python, devel)
The Enthought scimath package

py312-setuptools_scm @9.2.2 (python, devel)
Package to manage versions by scm tags.

py312-shapely @2.1.2 (python, devel)
Shapely is a Python package for manipulation and analysis of 2D geospatial geometries

py312-silx @2.2.2 (python, science)
Python packages to support data analysis at synchrotron radiation facilities.

py312-skyfield @1.54 (python)
Skyfield is a pure-Python astronomy package that makes it easy to generate high precision research-grade positions for planets and Earth satellites.

py312-snowballstemmer @3.0.1 (python)
This package provides 23 stemmer algorithms for 22 languages generated from Snowball algorithms.

py312-spint @1.0.7 (python, gis)
Spatial Interaction Modeling Package (spint)

py312-spreg @1.8.5 (python, gis)
PySAL Spatial Econometrics Package (spreg)

py312-stagger @1.0.1 (python)
ID3v1/ID3v2 tag manipulation package in pure Python 3

py312-tables @3.10.2_2 (python, science)
Package for managing hierarchical datasets

py312-traits @6.4.3 (python, devel)
The Enthought traits package

py312-traitsui @8.0.0 (python, devel)
The Enthought traitsui package

py312-tropycal @1.4 (python, science)
Tropycal is a Python package intended to simplify the process of retrieving and analyzing tropical cyclone data, both for past storms and in real time, and is geared towards the research and operational meteorology sectors.

py312-ttfquery @2.0.0b1 (python, devel, multimedia, graphics)
FontTools-based package for querying system fonts

py312-types-colorama @0.4.15.20250801 (python, devel)
This is a PEP 561 type stub package for the colorama package

py312-tzdata @2025.3 (python)
tzdata: Python package providing IANA time zone data

py312-u-msgpack-python @2.8.0 (python)
A portable lightweight MessagePack serializer and deserializer written in pure Python.

py312-uncertainties @3.2.4 (python, math)
The Python uncertainties package

py312-update_checker @0.18.0_1 (python, devel)
A python module that will check for package updates.

py312-vobject @0.9.9 (python)
Python package for parsing and generating vCard and vCalendar files.

py312-wheel @0.46.3 (python)
A built package format for Python.

py312-zarr @3.1.5 (python)
Zarr is a Python package providing an implementation of compressed, chunked, N-dimensional arrays, designed for use in parallel computing.

py312-zope-component @6.0 (python, zope)
This package represents the core of the Zope Component Architecture.

py313-aiohttp-socks @0.11.0 (python)
The aiohttp-socks package provides a proxy connector for aiohttp.

py313-altgraph @0.17.5 (python, devel)
Python graph (network) package

py313-applaunchservices @0.3.0 (python)
Simple package for registering an app with apple Launch Services to handle UTI and URL

py313-arpeggio @2.0.2 (python)
Packrat parser interpreter

py313-asdf-astropy @0.9.0 (python)
This package includes plugins that provide ASDF serialization support for astropy objects.

py313-asdf-coordinates-schemas @0.5.0 (python)
This package provides ASDF schemas for validating coordinates tags.

py313-asdf-transform-schemas @0.6.0 (python)
This package provides ASDF schemas for validating transform tags.

py313-asdf-unit-schemas @0.2.0 (python)
This package provides ASDF schemas for validating unit tags.

py313-astroplan @0.10.1 (python, science)
Observation planning package for astronomers

py313-astropy-iers-data @0.2026.2.2.0.48.1 (python)
IERS Earth Rotation and Leap Second tables for the astropy core package

py313-astroscrappy @1.3.0 (python, science)
Speedy Cosmic Ray Annihilation Package in Python

py313-binaryornot @0.4.4 (python, devel)
Ultra-lightweight pure Python package to check if a file is binary or text.

py313-blosc @1.11.2 (python, devel)
Python package that wraps the Blosc compressor

py313-build @1.4.0 (python, devel)
A simple, correct PEP517 package builder

py313-calver @2025.10.20 (python, science)
setuptools extension for automatically defining your Python package version as a calendar version

py313-certifi @2025.11.12 (python, devel, net)
Python package for providing Mozilla's CA Bundle.

py313-crc32c @2.8 (python, devel)
A python package implementing the crc32c algorithm in hardware and software.

py313-cryptography @46.0.3 (python, devel)
cryptography is a package designed to expose cryptographic primitives and recipes to Python developers.

py313-cryptography_vectors @46.0.3 (python, devel)
cryptography is a package designed to expose cryptographic primitives and recipes to Python developers.

py313-distlib @0.4.0 (python)
Low-level components of distutils2/packaging, augmented with higher-level APIs for making packaging easier.

py313-donfig @0.8.1.post1 (python)
Donfig is a python library meant to make configuration easier for other python packages. Donfig can be configured programmatically, by environment variables, or from YAML files in standard locations.

py313-entrypoints @0.4 (python, devel)
Discover and load entry points from installed packages.

py313-extension-helpers @1.4.0 (python, devel, science)
Helpers to assist with building Python packages with compiled C/Cython extensions

py313-Faker @40.1.2 (python)
Faker is a Python package that generates fake data for you.

py313-fasteners @0.20 (python)
A python package that provides useful locks

py313-findlibs @0.1.2 (python, science)
A Python package that search for shared libraries on various platforms

py313-flake8-polyfill @1.0.2 (python, devel)
Polyfill package for Flake8 plugins

py313-flexcache @0.3 (python)
An robust and extensible package to cache on disk the result of expensive calculations.

py313-flit @3.9.0_1 (python)
A simple packaging tool for simple packages.

py313-flit_scm @1.7.0 (python, devel)
A PEP 518 build backend that uses setuptools_scm to generate a version file from your version control system, then flit to build the package.

py313-GridDataFormats @1.0.2 (python, science)
GridDataFormats provides the Python package 'gridData'.

py313-hatch-jupyter-builder @0.9.1 (python, devel)
A build hook plugin for Hatch that adds a build step for use with Jupyter packages.

py313-hatch-nodejs-version @0.4.0 (python, devel)
Hatch plugin for versioning from a package.json file

py313-hpack @4.1.0 (python, net)
Pure-Python HPACK header compression

py313-icalendar @6.3.1 (python)
The iCalendar package is a parser/generator of RFC 2445 iCalendar files.

py313-importlib-metadata @8.7.0 (python, devel)
Library to access the metadata for a Python package.

py313-ipadic @1.0.0 (python, textproc, japanese)
This is a version of IPAdic packaged for use in Python

py313-jplephem @2.24 (python, science)
The package is a Python implementation of the math that standard JPL ephemerides use to predict raw (x,y,z) planetary positions.

py313-jupyter_core @5.7.2 (python)
Jupyter core package.

py313-jupyter_packaging @0.12.3 (python, devel)
Utilities for making Python packages with and without accompanying JavaScript packages.

py313-jupyterlab_server @2.25.4 (python, devel)
This package is used to launch an application built using JupyterLab.

py313-keyrings.alt @5.0.2 (python, devel)
Alternate keyring backend implementations for use with the keyring package

py313-lazy_loader @0.4 (python)
load subpackages and functions on demand

py313-librosa @0.11.0 (python, audio)
A python package for music and audio analysis.

py313-maturin @1.11.5 (python, devel)
Build and publish crates with pyo3, rust-cpython and cffi bindings as well as rust binaries as python packages.

py313-msgpack @1.1.1 (python, devel)
MessagePack (de)serializer for Python.

py313-mslex @1.3.0 (python, devel)
Missing shlex package for windows shell quoting

py313-networkx @3.6.1 (python, science)
NetworkX in a Python package for graph manipulation.

py313-numcodecs @0.16.5 (python)
Numcodecs is a Python package providing buffer compression and transformation codecs for use in data storage and communication applications.

py313-olefile @0.47 (python, devel)
Python package to parse read and write Microsoft OLE2 files (Structured Storage or Compound Document Microsoft Office) - Improved version of the OleFileIO module from PIL, the Python Image Library.

py313-packaging @26.0 (python)
Core utilities for Python packaging

py313-patsy @1.0.2 (python, math)
Python package for describing statistical models.

py313-pdbecif @1.5 (python, science)
Python package for reading, writing and manipulating mmCIF files

py313-pdfminer @20240706 (python)
Python pdf extraction package

py313-pdm-backend @2.4.7 (python, devel)
The build backend used by PDM that supports latest packaging standards

py313-photutils @2.3.0 (python, science)
An Astropy package for source detection and photometry

py313-pip @25.3 (python, www)
A tool for installing and managing Python packages.

py313-pipdeptree @2.29.0 (python)
Command line utility to show dependency tree of packages

py313-pkginfo @1.12.1.2 (python)
Query metadatdata from sdists and bdists installed packages.

py313-pyct @0.6.0 (python)
A python utility package.

py313-pydantic-compat @0.1.2 (python)
This package provides (unofficial) compatibility mixins and function adaptors for pydantic v1-v2 cross compatibility.

py313-pylsqpack @0.3.23 (python)
pylsqpack is a wrapper around the ls-qpack library.

py313-pyplusplus @1.8.7 (python, devel)
Py++ is a framework for creating a code generator for Boost.Python library and ctypes package

py313-pytest-mock @3.15.1 (python, devel)
Thin-wrapper around the mock package for easier use with py.test

py313-pyvo @1.8 (python)
Astropy affiliated package for accessing Virtual Observatory data and services

py313-regions @0.11 (python, science)
Astropy affilated package for region handling

py313-reproject @0.15.0 (python, science)
Astropy affiliated package for image reprojection

py313-requests-mock @1.12.1_1 (python)
Mock out responses from the requests package

py313-ruamel-yaml @0.19.1 (python)
YAML 1.2 loader/dumper package for Python

py313-scapy @2.6.1 (python, net, security)
A powerful packet manipulation tool

py313-scikit-build-core @0.11.6_1 (python, devel)
A bridge between Python package build systems and CMake (a rewrite of the classic Scikit-build).

py313-scikit-hep-mplhep_data @0.0.3 (python)
Sub-package to hold data (fonts) for mplhep.

py313-scikit-rf @1.8.0 (python)
scikit-rf (aka skrf): a Python package for RF engineering

py313-scikit-umfpack @0.4.2 (python, math)
scikit-umfpack provides wrapper of UMFPACK sparse direct solver to SciPy.

py313-setuptools_scm @9.2.2 (python, devel)
Package to manage versions by scm tags.

py313-shapely @2.1.2 (python, devel)
Shapely is a Python package for manipulation and analysis of 2D geospatial geometries

py313-silx @2.2.2 (python, science)
Python packages to support data analysis at synchrotron radiation facilities.

py313-skyfield @1.54 (python)
Skyfield is a pure-Python astronomy package that makes it easy to generate high precision research-grade positions for planets and Earth satellites.

py313-snowballstemmer @3.0.1 (python)
This package provides 23 stemmer algorithms for 22 languages generated from Snowball algorithms.

py313-spint @1.0.7 (python, gis)
Spatial Interaction Modeling Package (spint)

py313-spreg @1.8.5 (python, gis)
PySAL Spatial Econometrics Package (spreg)

py313-stagger @1.0.1 (python)
ID3v1/ID3v2 tag manipulation package in pure Python 3

py313-tables @3.10.2_2 (python, science)
Package for managing hierarchical datasets

py313-tropycal @1.4 (python, science)
Tropycal is a Python package intended to simplify the process of retrieving and analyzing tropical cyclone data, both for past storms and in real time, and is geared towards the research and operational meteorology sectors.

py313-ttfquery @2.0.0b1 (python, devel, multimedia, graphics)
FontTools-based package for querying system fonts

py313-types-colorama @0.4.15.20250801 (python, devel)
This is a PEP 561 type stub package for the colorama package

py313-tzdata @2025.3 (python)
tzdata: Python package providing IANA time zone data

py313-u-msgpack-python @2.8.0 (python)
A portable lightweight MessagePack serializer and deserializer written in pure Python.

py313-uncertainties @3.2.4 (python, math)
The Python uncertainties package

py313-us @3.2.0 (python)
US: The Greatest Package in the World

py313-vo @1.8 (python, science)
Astropy affiliated package for accessing Virtual Observatory data and services

py313-vobject @0.9.9 (python)
Python package for parsing and generating vCard and vCalendar files.

py313-wheel @0.46.3 (python)
A built package format for Python.

py313-zarr @3.1.5 (python)
Zarr is a Python package providing an implementation of compressed, chunked, N-dimensional arrays, designed for use in parallel computing.

py313-zope-component @6.0 (python, zope)
This package represents the core of the Zope Component Architecture.

py314-aiohttp-socks @0.11.0 (python)
The aiohttp-socks package provides a proxy connector for aiohttp.

py314-altgraph @0.17.5 (python, devel)
Python graph (network) package

py314-applaunchservices @0.3.0 (python)
Simple package for registering an app with apple Launch Services to handle UTI and URL

py314-asdf-astropy @0.9.0 (python)
This package includes plugins that provide ASDF serialization support for astropy objects.

py314-asdf-coordinates-schemas @0.5.0 (python)
This package provides ASDF schemas for validating coordinates tags.

py314-asdf-transform-schemas @0.6.0 (python)
This package provides ASDF schemas for validating transform tags.

py314-astropy-iers-data @0.2026.2.2.0.48.1 (python)
IERS Earth Rotation and Leap Second tables for the astropy core package

py314-binaryornot @0.4.4 (python, devel)
Ultra-lightweight pure Python package to check if a file is binary or text.

py314-build @1.4.0 (python, devel)
A simple, correct PEP517 package builder

py314-calver @2025.10.20 (python, science)
setuptools extension for automatically defining your Python package version as a calendar version

py314-certifi @2025.11.12 (python, devel, net)
Python package for providing Mozilla's CA Bundle.

py314-crc32c @2.8 (python, devel)
A python package implementing the crc32c algorithm in hardware and software.

py314-cryptography @46.0.3 (python, devel)
cryptography is a package designed to expose cryptographic primitives and recipes to Python developers.

py314-cryptography_vectors @46.0.3 (python, devel)
cryptography is a package designed to expose cryptographic primitives and recipes to Python developers.

py314-distlib @0.4.0 (python)
Low-level components of distutils2/packaging, augmented with higher-level APIs for making packaging easier.

py314-extension-helpers @1.4.0 (python, devel, science)
Helpers to assist with building Python packages with compiled C/Cython extensions

py314-Faker @40.1.2 (python)
Faker is a Python package that generates fake data for you.

py314-fasteners @0.20 (python)
A python package that provides useful locks

py314-findlibs @0.1.2 (python, science)
A Python package that search for shared libraries on various platforms

py314-flexcache @0.3 (python)
An robust and extensible package to cache on disk the result of expensive calculations.

py314-hatch-jupyter-builder @0.9.1 (python, devel)
A build hook plugin for Hatch that adds a build step for use with Jupyter packages.

py314-hatch-nodejs-version @0.4.0 (python, devel)
Hatch plugin for versioning from a package.json file

py314-hpack @4.1.0 (python, net)
Pure-Python HPACK header compression

py314-importlib-metadata @8.7.0 (python, devel)
Library to access the metadata for a Python package.

py314-jplephem @2.24 (python, science)
The package is a Python implementation of the math that standard JPL ephemerides use to predict raw (x,y,z) planetary positions.

py314-jupyter_core @5.7.2 (python)
Jupyter core package.

py314-jupyter_packaging @0.12.3 (python, devel)
Utilities for making Python packages with and without accompanying JavaScript packages.

py314-jupyterlab_server @2.25.4 (python, devel)
This package is used to launch an application built using JupyterLab.

py314-keyrings.alt @5.0.2 (python, devel)
Alternate keyring backend implementations for use with the keyring package

py314-lazy_loader @0.4 (python)
load subpackages and functions on demand

py314-maturin @1.11.5 (python, devel)
Build and publish crates with pyo3, rust-cpython and cffi bindings as well as rust binaries as python packages.

py314-msgpack @1.1.1 (python, devel)
MessagePack (de)serializer for Python.

py314-mslex @1.3.0 (python, devel)
Missing shlex package for windows shell quoting

py314-networkx @3.6.1 (python, science)
NetworkX in a Python package for graph manipulation.

py314-olefile @0.47 (python, devel)
Python package to parse read and write Microsoft OLE2 files (Structured Storage or Compound Document Microsoft Office) - Improved version of the OleFileIO module from PIL, the Python Image Library.

py314-packaging @26.0 (python)
Core utilities for Python packaging

py314-patsy @1.0.2 (python, math)
Python package for describing statistical models.

py314-pdbecif @1.5 (python, science)
Python package for reading, writing and manipulating mmCIF files

py314-pdm-backend @2.4.7 (python, devel)
The build backend used by PDM that supports latest packaging standards

py314-pip @25.3 (python, www)
A tool for installing and managing Python packages.

py314-pkginfo @1.12.1.2 (python)
Query metadatdata from sdists and bdists installed packages.

py314-pyct @0.6.0 (python)
A python utility package.

py314-pylsqpack @0.3.23 (python)
pylsqpack is a wrapper around the ls-qpack library.

py314-pytest-mock @3.15.1 (python, devel)
Thin-wrapper around the mock package for easier use with py.test

py314-requests-mock @1.12.1_1 (python)
Mock out responses from the requests package

py314-ruamel-yaml @0.19.1 (python)
YAML 1.2 loader/dumper package for Python

py314-scikit-build-core @0.11.6_1 (python, devel)
A bridge between Python package build systems and CMake (a rewrite of the classic Scikit-build).

py314-scikit-umfpack @0.4.2 (python, math)
scikit-umfpack provides wrapper of UMFPACK sparse direct solver to SciPy.

py314-setuptools_scm @9.2.2 (python, devel)
Package to manage versions by scm tags.

py314-shapely @2.1.2 (python, devel)
Shapely is a Python package for manipulation and analysis of 2D geospatial geometries

py314-skyfield @1.54 (python)
Skyfield is a pure-Python astronomy package that makes it easy to generate high precision research-grade positions for planets and Earth satellites.

py314-snowballstemmer @3.0.1 (python)
This package provides 23 stemmer algorithms for 22 languages generated from Snowball algorithms.

py314-spreg @1.8.5 (python, gis)
PySAL Spatial Econometrics Package (spreg)

py314-stagger @1.0.1 (python)
ID3v1/ID3v2 tag manipulation package in pure Python 3

py314-tables @3.10.2_2 (python, science)
Package for managing hierarchical datasets

py314-types-colorama @0.4.15.20250801 (python, devel)
This is a PEP 561 type stub package for the colorama package

py314-tzdata @2025.3 (python)
tzdata: Python package providing IANA time zone data

py314-uncertainties @3.2.4 (python, math)
The Python uncertainties package

py314-wheel @0.46.3 (python)
A built package format for Python.

qd @2.3.24 (devel, math)
C++/Fortran-90 double-double and quad-double package

qore-jni-module @2.3.1 (lang)
msgpack module for Qore

qore-msgpack-module @1.0.1 (lang)
msgpack module for Qore

quadpack @2.1.2 (fortran, math)
Modern Fortran QUADPACK library for 1D numerical quadrature

R-acepack @1.4.2_1 (R, science, math)
ACE and AVAS for selecting multiple regression transformations

R-ada @2.0-5_1 (R, science, math)
Package for stochastic boosting

R-ALL @1.46.0 (R, science, bioconductor)
A data package

R-altdoc @0.4.0 (R, science)
Tools to generate package documentation

R-amap @0.8-20 (R, science, math)
Another Multidimensional Analysis Package

R-AnnotationForge @1.46.0 (R, science, bioconductor)
Tools for building SQLite-based annotation data packages

R-anyLib @1.0.5_1 (R, science)
Install and load any package from CRAN, Bioconductor or Github

R-aplpack @1.3.5_1 (R, science, graphics)
Another plot package

R-apsimx @2.8.0 (R, science)
R package for APSIM-X

R-assertive.base @0.0-9_1 (R, science, devel)
Lightweight core of the Assertive package

R-attachment @0.4.2 (R, science, devel)
Manage dependencies during package development

R-automap @1.1-12 (R, science, math)
Automatic interpolation package

R-aws.s3 @0.3.21_1 (R, science, net)
AWS S3 client package

R-awsMethods @1.1-1_1 (R, science)
Defines the method extract and provides openMP support as needed in several packages

R-badger @0.2.4 (R, science, devel)
Badge for R package

R-BayesX @0.3-3_1 (R, science, math)
R utilities accompanying the software package BayesX

R-benchmarkmeData @1.0.4_2 (R, science)
Crowd-sourced benchmarks from running the benchmarkme package

R-BFpack @1.4.0 (R, science, math)
Flexible Bayes factor testing of scientific expectations

R-bigalgebra @1.1.2 (R, science, math)
BLAS/LAPACK routines for native R matrices and big.matrix objects

R-bigmemory.sri @0.1.8_1 (R, science, devel)
Shared-resource interface for the bigmemory and synchronicity packages

R-BiocBaseUtils @1.6.0 (R, science, bioconductor, devel)
General utility functions for developing Bioconductor packages

R-BiocCheck @1.40.0 (R, science, bioconductor)
Bioconductor-specific package checks

R-BiocGenerics @0.50.0 (R, science, bioconductor)
The package defines many S4 generic functions

R-BiocIO @1.14.0 (R, science, bioconductor)
Standard Input and Output for Bioconductor packages

R-BiocManager @1.30.25 (R, science, bioconductor)
Access the Bioconductor project package repository

R-BiocNeighbors @1.22.0 (R, science, bioconductor)
Nearest neighbor detection for Bioconductor packages

R-BiocPkgTools @1.22.0 (R, science, bioconductor)
Collection of simple tools for learning about Bioconductor packages

R-BiocSingular @1.20.0 (R, science, bioconductor)
Singular value decomposition for Bioconductor packages

R-biocthis @1.14.0 (R, science, bioconductor, devel)
Automate package and project setup for Bioconductor packages

R-BiocVersion @3.19.1 (R, science, bioconductor)
Set the appropriate version of Bioconductor packages

R-biocViews @1.72.0 (R, science, bioconductor)
Categorized views of R package repositories

R-blockcluster @4.5.5_1 (R, science, math)
Co-clustering package for binary, categorical, contingency and continuous data-sets

R-bnmr2 @0.3.1_1 (R, science)
R package to conduct causal estimation between exposure and outcome on GWAS data

R-BSgenomeForge @1.4.0 (R, science, bioconductor)
Forge BSgenome data packages

R-CARBayesdata @3.0_1 (R, science)
Data used in the vignettes accompanying the CARBayes and CARBayesST packages

R-catdap @1.3.7_1 (R, science)
Categorical data analysis program package

R-confintr @1.0.2_1 (R, science, math)
R package for calculation of standard and bootstrap confidence intervals

R-conogive @1.0.0_2 (R, science)
R package for the congeneric ogive model

R-ConvergenceConcepts @1.2.3_1 (R, science)
A pedagogical package, designed to help students understanding convergence of random variables

R-covr @3.6.4_1 (R, science, devel)
Test coverage for packages

R-CRAN-recommended @1.0.0_1 (R)
Meta-port for CRAN-recommended R packages

R-crayon @1.5.3 (R, science)
R package for colored terminal output

R-DALEXtra @2.3.0_1 (R, science, math)
Extension for R-DALEX package

R-debugme @1.2.0 (R, science, devel)
Debug R packages

R-detpack @1.1.3_1 (R, science, math)
Density estimation and random number generation with distribution element trees

R-devtools @2.4.5_2 (R, science, devel)
Tools to make developing R packages easier

R-distrEllipse @2.8.3 (R, science, math)
Estimation and testing classes based on package R-distr

R-distrMod @2.9.6 (R, science, math)
Implements S4 classes for probability models based on packages R-distr and R-distrEx

R-distrSim @2.8.3 (R, science, math)
S4-classes for setting up a coherent framework for simulation within the R-distr family of packages

R-distrTEst @2.8.2_1 (R, science, math)
Estimation and testing classes based on package R-distr

R-dlstats @0.1.7_1 (R, science, devel)
Download stats of R packages

R-DoE.base @1.2-4_1 (R, science, math)
Full factorials, orthogonal arrays and base utilities for DoE packages

R-DoE.wrapper @0.12_1 (R, science)
Wrapper package for design of experiments functionality

R-doMPI @0.2.2_2 (R, science, parallel)
Foreach parallel adaptor for the Rmpi package

R-doParallel @1.0.17_2 (R, science)
Foreach parallel adaptor for the parallel package

R-doSNOW @1.0.20_2 (R, science, devel, parallel)
Foreach parallel adaptor for the Snow package

R-downloader @0.4_2 (R, science, net)
R package for downloading files over HTTP and HTTPS

R-duckdb @1.1.3 (R, science, databases)
DBI package for the DuckDB database management system

R-dynCorr @1.1.0_1 (R, science, math)
Dynamic Correlation package

R-ergm.userterms @3.10.0-111_1 (R, science, math)
Template package to demonstrate the use of user-specified statistics for use in ergm models

R-extrafontdb @1.0_2 (R, science)
Package for holding the database for the extrafont package

R-fabletools @0.5.0 (R, science)
Core tools for packages in the fable framework

R-fastverse @0.3.4 (R, science, math)
Suite of high-performance packages for statistics and data manipulation

R-felp @0.6.0 (R, science)
Functional help for functions, objects and packages

R-foghorn @1.6.0 (R, science)
R package to summarize CRAN check results in the Terminal

R-fortranfctpassing @1.0_2 (R, science, devel, fortran)
Communication between Fortran, Rcpp and R. Passing R or Fortran user code to Fortran code from a package.

R-ftExtra @0.6.4 (R, science)
Helper functions for R-flextable package

R-fuj @0.2.1 (R, science, devel)
Functions and utilities for packages and other code

R-fusen @0.6.0 (R, science, devel)
Build a package from Rmarkdown files

R-fxl @1.7.1 (R, science, graphics)
Single case design charting package

R-GA @3.2.4_1 (R, science, math)
R package for optimization using genetic algorithms

R-gap @1.6 (R, science)
Genetic Analysis Package

R-gbp @0.1.0.4_1 (R, science, math)
Bin Packing Problem solver

R-geepack @1.3.12 (R, science, math)
Generalized Estimating Equation Package

R-geometries @0.2.4_1 (R, science)
R package for creating and manipulating geometric data structures

R-ggtree @3.12.0 (R, science, bioconductor)
R package for visualization of tree and annotation data

R-glca @1.4.2 (R, science)
R Package for multiple-group latent class analysis

R-GLMpack @0.1.0_1 (R, science)
Data and code to accompany Generalized Linear Models (2nd ed.)

R-gms @0.31.2 (R, science)
GAMS modularization support package

R-graph @1.82.0 (R, science, bioconductor, graphics, math)
Package that implements some simple graph-handling capabilities

R-GRNNs @0.1.0_1 (R, science, math)
General Regression Neural Networks package

R-groundhog @3.2.1 (R, science, devel)
Version-control for CRAN, GitHub and GitLab packages

R-hardhat @1.4.0 (R, science, devel)
Construct modelling packages

R-hmer @1.6.0 (R, science, math)
R package for Bayes linear emulation and history matching

R-huxtable @5.5.7 (R, science)
An R package to create styled tables in multiple output formats, with a friendly, modern interface

R-igraphdata @1.0.1_2 (R, science)
Collection of network data sets for the igraph package

R-instantiate @0.2.3 (R, science, math, devel)
Pre-compiled CmdStan models in R packages

R-interactiveDisplayBase @1.42.0 (R, science, bioconductor)
Base package for enabling powerful Shiny web displays of Bioconductor objects

R-jetpack @0.5.5_1 (R, science, devel)
Friendly package manager

R-jiebaRD @0.1_1 (R, science, textproc, chinese)
Chinese text segmentation data for R-jiebaR package

R-json64 @0.1.3_1 (R, science, devel)
Base64 encode/decode package with support for JSON output/input and UTF-8

R-L1pack @0.50 (R, science, math)
Routines for L1 estimation

R-logging @0.10-108 (R, science, devel)
R Logging package

R-madness @0.2.8_1 (R, science, math)
Multivariate Automatic Differentiation R package

R-mapdata @2.3.1_1 (R, science, gis)
Supplement to maps package, providing some larger and/or higher-resolution databases

R-mark @0.8.0 (R, science, devel)
Miscellaneous functions and wrappers for development in other packages

R-matlab @1.0.4.1 (R, science, math)
MATLAB emulation package

R-MBESS @4.9.3_1 (R, science, math)
The MBESS R package

R-MCMCpack @1.7-1 (R, science, math)
Markov Chain Monte Carlo (MCMC) package

R-MeSHDbi @1.40.0 (R, science, bioconductor)
DBI to construct MeSH-related package from sqlite file

R-meta @8.0-1 (R, science)
General package for meta-analysis

R-metabias @0.1.1_1 (R, science)
R package with common components of metabias packages

R-metafor @4.6-0_1 (R, science)
Meta-analysis package for R

R-minpack.lm @1.2-4_1 (R, science, math)
R interface to the Levenberg–Marquardt non-linear least-squares algorithm found in MINPACK

R-mlpack @4.5.1 (R, science, math)
Rcpp integration for the mlpack library

R-mlt.docreg @1.1-10 (R, science, math)
Additional documentation, a package vignette and regression tests for R-mlt

R-MonteCarloSEM @0.0.8_1 (R, science, math)
Monte Carlo data simulation package

R-mosaicCore @0.9.4.0_1 (R, science)
Common utilities for other MOSAIC-family packages

R-nabor @0.5.0_2 (R, science, math)
R package wrapping libnabo: fast k nearest neighbor search for low dimensions

R-networkLite @1.0.5_2 (R, science)
Simplified implementation of the Network package functionality

R-nimble @1.2.1 (R, science, math)
The base NIMBLE package for R

R-nlmeU @0.70-9 (R, science, math)
Datasets and utility functions enhancing functionality of R-nlme package

R-pack @0.1-1_1 (R, science, devel)
Convert values to/from raw vectors

R-packagefinder @0.3.5_1 (R, science)
Search for R packages on CRAN, either directly from the R console or with an RStudio add-in

R-packcircles @0.3.6_1 (R, science)
Algorithms to find arrangements of non-overlapping circles

R-packer @0.1.3_1 (R, science, sysutils)
Opinionated framework for using JavaScript

R-packrat @0.9.2_1 (R, science)
Dependency management system for R

R-pacman @0.5.1_2 (R, science, devel)
Package management tool

R-pacs @0.6.0 (R, science, devel)
Supplementary R packages utils

R-pak @0.8.0 (R, science, devel)
Another approach to package installation

R-parallelly @1.40.1 (R, science, parallel)
Enhancing the parallel package

R-params @0.7.3_2 (R, science, devel)
Interface to simplify organizing parameters used in a package via external configuration files.

R-parglm @0.1.7_1 (R, science, math)
Provides a parallel estimation method for generalized linear models without compiling with a multi-threaded LAPACK or BLAS

R-pastecs @1.4.2_1 (R, science)
Package for analysis of space-time ecological series

R-pbdSLAP @0.3-7 (R, science, math, parallel)
ScaLAPACK/PBLAS/BLACS/LAPACK library for use with pbdR

R-pkgbuild @1.4.5 (R, science, devel)
Find tools needed to build R packages

R-pkgcache @2.2.3 (R, science, devel)
Cache CRAN-like metadata and R packages

R-pkgconfig @2.0.3_3 (R, science, devel)
Private configuration for R packages

R-pkgdepends @0.8.0 (R, science, devel)
Package dependency resolution and downloads

R-pkgdown @2.1.1 (R, science, devel)
Make static HTML documentation for a package

R-pkgKitten @0.2.4 (R, science, devel)
Create simple packages which pass R CMD check

R-pkglite @0.2.4 (R, science)
Compact package representations

R-pkgload @1.4.0 (R, science, devel)
Simulate package installation

R-pkgmaker @0.32.10_1 (R, science)
Development utilities for R packages

R-pkgsearch @3.1.3_1 (R, science, devel)
Search R packages on CRAN

R-ps @1.8.1 (R, science, sysutils)
R package to query, list and manipulate system processes

R-psychTools @2.4.3_1 (R, science)
Tools to accompany the R-psych package for psychological research

R-qdapDictionaries @1.0.7_2 (R, science)
Collection of text analysis dictionaries and word lists for use with the qdap package

R-qdapTools @1.3.7_1 (R, science)
Tools for the R-qdap package

R-rARPACK @0.11-0_2 (R, science, math)
Solvers for large-scale eigenvalue and SVD problems

R-rcheology @4.4.2.0 (R, science)
Data on base packages for current and previous versions of R

R-RcmdrPlugin.HH @1.1-51_1 (R, science)
R Commander support for the HH package

R-RcmdrPlugin.ROC @1.0-19_1 (R, science)
R Commander plug-in for receiver operator characteristic tools from R-pROC package

R-RcppMsgPack @0.2.3_2 (R, science, devel)
MsgPack C++ header files and interface functions for R

R-RcppProgress @0.4.2_2 (R, science, devel)
Interruptible progress bar with OpenMP support for C++ in R packages

R-RcppRedis @0.2.4_3 (R, science, devel)
MsgPack C++ header files and interface functions for R

R-Rdpack @2.6.2 (R, science)
Update and manipulate Rd documentation objects

R-registry @0.5-1_2 (R, science)
Infrastructure for R package registries

R-remotes @2.5.0_1 (R, science, net)
R package installation from remote repositories

R-reshape2 @1.4.4_2 (R, science)
Flexibly reshape data: a reboot of the reshape package

R-Rhdf5lib @1.26.0 (R, science, bioconductor)
HDF5 library as an R package

R-Rhtslib @3.0.0 (R, science, bioconductor)
HTSlib high-throughput sequencing library as an R package

R-riskRegression @2023.12.21_1 (R, science, math)
R package for risk regression and prediction with censored data

R-RMixtCompIO @4.0.11_1 (R, science, math)
Model-based clustering package for mixed data

R-RobAStRDA @1.2.1 (R, science, math)
Interpolation grids for the R-RobASt family of packages

R-rrpack @0.1-13_1 (R, science, math)
Reduced-rank regression

R-RSQL @0.2.2_1 (R, science, databases)
Database-agnostic package to generate and process SQL queries in R

R-rstantools @2.4.0_1 (R, science, devel, math)
Tools for developing R packages interfacing with Stan

R-runner @0.4.4_1 (R, science)
R package performing simple running calculations

R-rvcheck @0.2.1_2 (R, science)
Check the latest release version of R and R packages, in CRAN, GitHub or Bioconductor

R-rworkflows @1.0.2 (R, science, devel)
Test, document, containerise and deploy R packages

R-sassy @1.2.5 (R, science)
Meta-package that aims to make R easier for everyone

R-semPlot @1.1.6_1 (R, science)
Path diagrams and visual analysis of various SEM packages’ output

R-showtextdb @3.0_2 (R, science)
Font files for the showtext package

R-spam64 @2.10-0_1 (R, science, math)
64-bit extension of the SPArse Matrix R package spam

R-stinepack @1.5_1 (R, science, math)
Stineman, a consistently well-behaved method of interpolation

R-swephRdata @0.0.1_1 (R, science)
Data files to provide the full Swiss ephemeris for usage with the swephR package

R-tcltk2 @1.2-11_1 (R, science, graphics)
A series of additional Tcl commands and Tk widgets with style and various functions to supplement the tcltk package

R-testit @0.13_2 (R, science)
Simple package for testing R packages

R-tidydann @1.0.0_1 (R, science, math)
Model specifications and tuning parameters for models in R-dann package

R-tidymodels @1.2.0_1 (R, science)
Easily install and load the Tidymodels packages

R-timsac @1.3.8-4_1 (R, science, math, finance)
Time series analysis and control package

R-tinythemes @0.0.2_1 (R, science, graphics)
Lightweight repackaging of themes for R-ggplot2

R-TRAMPR @1.0-10 (R, science)
TRFLP analysis and matching package

R-tripack @1.3-9.1_1 (R, science, math)
Triangulation of irregularly spaced data

R-usedthese @0.5.0 (R, science, devel)
Summarises package & function usage

R-usethis @3.1.0 (R, science, devel)
Automate package and project setup

R-varian @0.2.2_2 (R, science, math)
R package for variability analysis

R-vegan @2.6-8 (R, science)
R package for community ecologists: popular ordination methods, ecological null models & diversity analysis

R-VGAMdata @1.1-12 (R, science)
Data supporting the VGAM package

R-VGAMextra @0.0-6_1 (R, science, math)
Additions and extensions of the VGAM package

R-vtable @1.4.6_1 (R, science)
An R package for creating variable documentation files

R-yaml @2.3.10 (R, science, devel)
R package for converting objects to and from YAML

R-yuimaGUI @1.3.1_1 (R, science)
GUI for R-yuima package

R-zlibbioc @1.50.0 (R, science, archivers, bioconductor)
An R-packaged zlib-1.2.5

rb-actionpack @2.2.2 (ruby, devel)
Eases web-request routing, handling, and response.

rb-div @1.3.2 (ruby)
Div can write Web application like GUI programming. This package provides Div::Div and Tofu.

rb-msgpack @0.4.1 (ruby, devel)
Ruby API for msgpack

rb-narray @0.6.1.2 (ruby, math)
Numerical array package for Ruby

rb-native-package-installer @1.1.9 (ruby)
Helps to install native packages

rb-netaddr @1.5.0 (ruby, net)
Ruby package for working with network addresses

rb-numo-linalg @0.1.7 (ruby, math)
Linear algebra library with interface to BLAS/LAPACK

rb-packable @1.3.18 (ruby)
This library monkeypatches core classes and wa designed for Ruby 1.8 & 1.9

rb-pcap @0.6 (ruby, net)
Ruby interface to LBL Packet Capture library (libpcap).

rb-rubygems @1.3.7_2 (ruby, devel)
a package management framework for Ruby

rb19-actionpack @3.0.5 (ruby)
Web apps on Rails

rb30-native-package-installer @1.1.9 (ruby)
Helps to install native packages

rb30-packable @1.3.18 (ruby)
This library monkeypatches core classes and wa designed for Ruby 1.8 & 1.9

rb31-narray @0.6.1.2 (ruby, math)
Numerical array package for Ruby

rb31-native-package-installer @1.1.9 (ruby)
Helps to install native packages

rb31-numo-linalg @0.1.7 (ruby, math)
Linear algebra library with interface to BLAS/LAPACK

rb31-packable @1.3.18 (ruby)
This library monkeypatches core classes and wa designed for Ruby 1.8 & 1.9

rb32-narray @0.6.1.2 (ruby, math)
Numerical array package for Ruby

rb32-native-package-installer @1.1.9 (ruby)
Helps to install native packages

rb32-numo-linalg @0.1.7 (ruby, math)
Linear algebra library with interface to BLAS/LAPACK

rb32-packable @1.3.18 (ruby)
This library monkeypatches core classes and wa designed for Ruby 1.8 & 1.9

rb33-narray @0.6.1.2 (ruby, math)
Numerical array package for Ruby

rb33-native-package-installer @1.1.9 (ruby)
Helps to install native packages

rb33-numo-linalg @0.1.7 (ruby, math)
Linear algebra library with interface to BLAS/LAPACK

rb33-packable @1.3.18 (ruby)
This library monkeypatches core classes and wa designed for Ruby 1.8 & 1.9

regridpack @1.0.0 (fortran, math)
Modern Fortran edition of REGRIDPACK

ripmime @1.4.0.10 (mail)
ripmime is for extracting attached files out of a MIME package

rpm @4.4.9_23 (sysutils, archivers)
The RPM package management system.

rpm54 @5.4.15_9 (sysutils, archivers)
The RPM package management system.

scalapack @2.2.2_1 (math)
A package for solving linear equations

scotch @7.0.5 (science, math)
a software package for graph and mesh/hypergraph partitioning and sparse matrix ordering

sdf2-bundle @2.4 (devel)
Package related to the SDF2 syntax defintion formalism.

serialDV @1.1.5 (science, comms)
C++ Minimal interface to encode and decode audio with AMBE3000 based devices in packet mode over a serial link.

sgml-common @0.6.3_1 (textproc)
A collection of entities and DTDs common to multiple packages.

siag @3.6.0 (x11)
Siag Office is a tightly integrated, free office package.

SilverCity @0.9.7_2 (devel, python)
SilverCity is a lexing package for over 20 programming and markup langauges.

smart @1.4.1_1 (sysutils, archivers)
Automatic updater and package installer/remover

smlpkg @0.1.5 (devel, ml)
Generic package manager for Standard ML libraries and programs

sniffglue @0.16.1 (security, net)
Secure multithreaded packet sniffer

sphinx3 @0.8 (audio)
Speech recognition package

sphinx4 @1.0beta5_1 (audio, java)
Speech recognition package

sqlpkg-cli @0.2.3 (devel, databases)
SQLite Package Manager

srecord @1.64_3 (devel)
The srecord package is a collection of powerful tools for manipulating EPROM load files.

stan @2.35.0 (math)
C++ package for Bayesian inference, maximum likelihood estimation etc.

strumpack @8.0.0 (math, science)
Structured Matrix Package (LBNL)

SuiteSparse_UMFPACK @6.3.7 (math, science)
Sparse matrix routines

superlu @5.2.2_1 (math)
A package for solving linear equations

superlu_dist @9.1.0 (math)
A package for solving linear equations

swi-prolog @10.0.0 (lang)
SWI-Prolog compiler plus extra packages (stable version)

swi-prolog-devel @10.1.2 (lang)
SWI-Prolog compiler plus extra packages (development version)

synfig @1.4.5 (graphics)
vector-based 2-D animation package

tcl_bonjour @1.1 (net, tcl)
A Tcl package for publishing and subscribing to network services via Bonjour on OS X.

tclxml @3.2 (lang, tcl)
This package provides XML parsers, DOM scripting and XSL Transformations for Tcl.

tcpterm @0.2.0 (net)
tcpterm is a packet visualizer in TUI.

tcptraceroute @1.5beta7_1 (net)
a traceroute implementation using TCP packets

tetex-rechnung @3.10 (tex)
tetex package for creating invoices (german Rechnungen)

tex-beamerposter @112 (tex)
tetex package for creating widescreen beamer presentations and posters

tex-f7u12 @20110420 (tex)
Latex package for using ragefaces

tex-gantt @1.3_2 (tex)
tetex package for creating gantt diagrams

tex-songs @2.18 (tex)
tex package for creating songbooks

texlive-context @74403 (tex)
TeX Live: ConTeXt and packages

texlive-humanities @73810 (tex)
TeX Live: Humanities packages

texlive-latex @74241 (tex)
TeX Live: LaTeX fundamental packages

texlive-latex-extra @74512 (tex)
TeX Live: LaTeX additional packages

texlive-latex-recommended @74487 (tex)
TeX Live: LaTeX recommended packages

texlive-luatex @74512 (tex)
TeX Live: LuaTeX packages

texlive-math-science @74462 (tex)
TeX Live: Mathematics, natural sciences, computer science packages

texlive-metapost @74168 (tex)
TeX Live: MetaPost and Metafont packages

texlive-music @74380 (tex)
TeX Live: Music packages

texlive-plain-generic @74472 (tex)
TeX Live: Plain (La)TeX packages

texlive-tlpdb @2025.74524 (tex)
TeX Live package database (for scripts)

texlive-xetex @74520 (tex)
TeX Live: XeTeX and packages

tgif @4.2.5 (graphics, x11)
Basic vector drawing package

timoni @0.25.2 (sysutils)
Timoni is a package manager for Kubernetes, powered by CUE and inspired by Helm.

tinycdb @0.78 (databases, devel)
a very fast and simple package for creating and reading cdb

tklib @0.7 (devel)
A companion to Tcllib, for Tk related packages.

tnef @1.4.15 (textproc, mail)
Microsoft MS-TNEF attachment unpacker

torrent @1.48.0 (sysutils)
Full-featured BitTorrent client package and utilities

traceroute @1.4a12 (net)
a traceroute implementation using ICMP packets

twine @6.2.0_1 (python, devel)
Collection of utilities for publishing packages on PyPI

unnks @0.2.5_1 (archivers)
nks and nkx archive unpacker

unp @2.0_2 (archivers)
unpack (almost) everything with one command

uplog @0.3 (net)
A UDP based ping program that can give an ASCII-graphical log of the packet losses

upt @0.12_5 (sysutils, python)
Package software from any package manager to any distribution

uv @0.9.26 (devel, python)
Extremely fast Python package and project manager

vecLibFort @0.4.3_1 (devel, math, science)
Fortran interface to vecLib BLAS/LAPACK

vinci @1.0.5 (math)
Package that implements algorithms for convex body volume computation

vrc-get @1.9.1 (devel, games)
Fast open-source command line client of VRChat Package Manager

wakeonlan @0.42 (net)
wakeonlan sends magic packets for network-devices to wake up

wasm-pack @0.14.0 (devel, lang)
your favorite Rust -> WASM workflow tool!

wavpack @5.8.1 (audio)
Hybrid lossless audio compression

xmlgen @1.4 (lang, tcl)
The Tcl package xmlgen allows to write Tcl code which translates itself into XML.

xorg-apps @20151011 (x11)
X.org apps meta-package

xorg-fonts @20090102_1 (x11)
X.org fonts meta-package

xorg-proto @20180829 (x11, devel)
X.org proto meta-package

xplot @0.90.7.1 (math, science)
xplot was written in the late 1980s to support the analysis of TCP packet traces.

xtl @0.8.1 (devel)
Basic tools (containers, algorithms) used by other quantstack packages.

yorick-optimpack @1.3.2 (science, yorick)
Optimization of large scale problems for the Yorick language

zsh-fpm-completions @0.2 (sysutils, shells, fortran)
Command-line completion functions for the Fortran Package Manager

Found 1409 ports.
