accountsservice @0.6.42_2 (gnome, security)
AccountsService provides a set of D-Bus interfaces for querying and manipulating user account information.

AfterStep @2.2.11_2 (x11)
Window Manager based on NeXTStep interface.

aida @3.2.1 (science)
AIDA -- Abstract Interfaces for Data Analysis

amass @5.0.1 (security, net)
In-depth Attack Surface Mapping and Asset Discovery

amavisd-new @2.11.1_1 (mail)
amavisd-new is a high-performance interface between mailer (MTA) and content checkers: virus scanners, and/or SpamAssassin.

antinat @0.90_1 (net)
A powerful, configurable and flexible SOCKS server

antlr4-cpp-runtime @4.13.2_1 (lang, devel)
ANTLR (ANother Tool for Language Recognition) is a powerful parser generator for reading, processing, executing, or translating structured text or binary files.

AntTweakBar @1.14_2 (graphics)
Graphics Library for graphical user interface

aqbanking5 @5.8.2_1 (devel, net, finance)
a generic online banking interface

aqbanking5-gtk @5.8.2_1 (devel, net, finance)
a generic online banking interface

aqbanking5-gtk3 @5.8.2_1 (devel, net, finance)
a generic online banking interface

aqbanking6 @6.8.4 (devel, net, finance)
a generic online banking interface

aqbanking6-gtk2 @6.8.4 (devel, net, finance)
a generic online banking interface

aqbanking6-gtk3 @6.8.4 (devel, net, finance)
a generic online banking interface

aquafox @1.0.0 (www)
TenFourFox fork with extra optimizations.

arborx @1.7 (math)
An open-source library designed to provide performance portable algorithms for geometric search

asitop @0.0.24_3 (sysutils, python)
Performance monitoring CLI tool for Apple Silicon

backuppc @4.4.0 (sysutils)
BackupPC is a high-performance, enterprise-grade system for backing up Linux, WinXX and Mac OS X PCs and laptops to a server.

balance @3.57 (net)
Simple but powerful generic TCP proxy

balena-cli @12.55.2 (devel)
The official balena Command Line Interface.

base-64 @1.3 (mail)
command line RFC 3548-compliant base 64 encoder and decoder

basex @12.2 (databases)
high-performance XML database engine

basiliskii-gui @20220412 (emulators)
Graphical user interface to configure basiliskii.

bearssl @0.6_1 (devel, crypto)
BearSSL is an implementation of the SSL/TLS protocol (RFC 5246) written in C

bedtools @2.31.0 (science)
Utilities to perform basic operations on BED files

beets-importreplace @0.3 (audio)
Plugin for beets to perform regex replacements during import

beets-yearfixer @0.0.5 (audio)
A beets plugin that attempts to fix all missing original_year and year fields

bitcoin @28.1 (finance, crypto)
server daemon and client user interface for a peer-to-peer digital currency

bittwist @1.1 (net, security)
Simple yet powerful libpcap-based Ethernet packet generator.

bladeRF @20211028-5a146b2a (science, comms)
bladeRF is an open-source hardware and software software-defined radio (SDR) platform.

blinkensim @2.7_1 (graphics, blinkenlights)
Blinkenlights simulator and blinkenproxy interface

bluefish @2.2.17 (editors, www)
A powerful editor for web designers

blueprint-compiler @0.14.0 (gnome, devel)
Markup language for GTK user interfaces

bmon @4.0_3 (net)
An interface bandwidth monitor

bonniexx @1.97.3 (benchmarks)
Disk and FS performance tester

bpack @3.2.0 (math, science)
ButterflyPACK is a mathematical software for rapidly solving large-scale dense linear systems that exhibit off-diagonal rank-deficiency

bsc @3.3.12 (archivers, devel)
High performance block-sorting data compressor

buildbot-waterfall-view @3.10.1 (devel)
waterfall view plugin for Buildbot web UI

camlimages @5.0.1_6 (ocaml, devel, graphics)
Objective Caml interface to image manipulation functions.

carapace @1.5.7 (sysutils)
Command-line interface completion framework

ccfits @2.7 (science)
C++ interface for cfitsio

certbot-dns-rfc2136 @5.3.0 (security)
The certbot rfc2136 plugin for dns-01 challenges

cgdb @0.8.0 (devel)
A curses-based interface to the GNU Debugger (GDB).

cgit @1.2.3_2 (www, devel)
A hyperfast web frontend for git repositories written in C.

cgmnlm @1.8 (net, gemini)
cgmnlm is a colorful Gemini line mode client

cidr @2.3.2_1 (net)
RFC 1878 subnet helper

cidr-go @2.3.0 (net)
CLI to perform various actions on CIDR ranges

cl-cffi @0.24.1.20240811 (lisp, devel)
The Common Foreign Function Interface

cl-clsql @6.7.0_1 (lisp, devel)
A multi-platform SQL interface for Common Lisp

cl-com.inuoe.jzon @1.1.4 (lisp, devel)
A correct and safe(er) JSON RFC 8259 parser with sane defaults

cl-dbi @20230917 (lisp, devel)
Database independent interface for Common Lisp

cl-enchant @2021.11 (lisp, devel)
Programming interface for Enchant spell-checker library for Common Lisp.

cl-interpol @0.2.7 (lisp, devel)
Common Lisp surface syntax niceties

cl-md5 @2.0.5 (lisp, devel)
Common Lisp implementation of the MD5 Message-Digest Algorithm (RFC 1321)

cl-ndebug @0.2.0 (lisp, devel)
A toolkit to construct interface-aware yet standard-compliant debugger hooks.

cl-nfiles @1.1.4 (lisp, devel)
A toolkit to construct interface-aware yet standard-compliant debugger hooks.

cl-osicat @20231003 (lisp, devel)
Osicat is a lightweight operating system interface for Common Lisp

cl-plus-ssl @20230731_1 (lisp, devel)
A Common Lisp interface to OpenSSL / LibreSSL

cl-postgres @1.33.10 (lisp, devel)
A Common Lisp PostgreSQL programming interface

cl-postmodern @1.33.10 (lisp, devel)
A Common Lisp PostgreSQL programming interface

cl-rfc2388 @20180830 (lisp, devel)
An implementation of RFC 2388 in Common Lisp

cl-trivial-rfc-1123 @20220402 (lisp, devel)
parse and print RFC-1123 timestamps

cl-trivial-shell @20230111 (lisp, devel)
A simple Common-Lisp interface to the underlying Operating System

clex @4.7 (sysutils)
file manager with curses interface

clifm @1.26.3 (sysutils)
Command Line Interface File Manager

cloudman @0.1.7_1 (sysutils, net)
Textual user interface to manage ec2 instances.

cloudmonkey @6.5.0 (sysutils)
CloudMonkey is a command line interface for Apache Cloudstack.

clucene @2.3.3.4_3 (devel)
Clucene is a C++ port of Lucene: the high-performance, full-featured text search engine written in Java.

cmph @2.0.2 (textproc, devel)
C Minimal Perfect Hashing Library

code-minimap @0.6.4 (textproc)
A high performance code minimap renderer

cppman @0.5.9 (lang, devel)
C++ 98/11/14/17/20 manual page fetcher / interface.

crafty @25.2_1 (games)
Crafty is a chess program, that can be interfaced with xboard.

crfpp @0.58_1 (math, textproc)
Yet Another CRF toolkit

crfsuite @0.12.2 (math, textproc)
A fast implementation of Conditional Random Fields (CRFs)

cryptlib @3.4.8 (devel, security, crypto)
cryptlib is a powerful security toolkit (library)

ctop @0.7.6_1 (sysutils, devel)
Top-like interface for container metrics

cvsgrab @2.3 (devel, www)
CVSGrab reads a repository via its web interface (ViewCVS or CvsWeb)

cvsweb @3.0.6_7 (devel, www)
WWW interface for CVS repositories

dalfox @2.12.0 (security)
DalFox is an powerful open source XSS scanning tool & parameter analyzer

davix @0.8.10 (net)
High-performance file management over WebDAV / HTTP

dconf-editor @3.26.2 (gnome)
The dconf-editor program provides a graphical interface for editing settings that are stored in the dconf database.

dialog @1.3-20260107 (devel)
a utility to create nice user interfaces for command-line scripts

dict @1.13.1 (textproc, spelling)
Dictionary Server Protocol (RFC2229) client and server

digital_rf @2.6.1_17 (science)
Read, write, and interact with data in the Digital RF and Digital Metadata formats.

dispenso @1.3.0 (devel, parallel)
dispenso provides high-performance concurrency, enabling highly parallel computation.

dnsdiag @2.9.3 (net)
A set of tools to perform basic audits on your DNS requests and responses to make sure your DNS is working as you expect.

dnsperf @2.14.0 (net, sysutils)
DNS Performance Testing Tools

doctl @1.149.0 (www, devel)
A command line interface for the DigitalOcean API

dotnet-cli @10.0.2 (dotnet)
The .NET command-line interface (CLI) is a cross-platform toolchain for developing, building, running, and publishing .NET applications.

dwarf @0.4.0 (sysutils)
a little and powerful object file manipulation tool

dyncall @1.4 (devel)
Foreign Function Interface and Dynamic Binding Linkage Framework

eblook @1.6.1-media-20220426 (textproc, japanese)
Interactive EB interface command for searching words in CD-ROM books.

eboard @1.1.3 (games)
eboard is a chess interface just like xboard.

echoping @6.0.2_6 (net)
small program to test approximate network performance

eibd @0.0.5_1 (net)
eibd provides an interface to the EIB / KNX bus

elmerfem @2024.11.29_1 (science)
Elmer is a tool that can solve a large number of partial differential equations

embree @3.13.5_1 (graphics)
collection of high-performance ray tracing kernels

erfa @2.0.1 (science)
Essential Routines for Fundamental Astronomy

ethr @1.0.0 (net, sysutils, www)
Ethr is a Network Performance Measurement Tool for TCP, UDP & HTTP.

exodriver @2.5.1_1 (science)
The Exodriver is a thin interface (think exoskeleton) to LabJack devices

expresso @1.3.0 (sysutils, net)
expresso is a command line interface to control the ExpressVPN app

falcon @0.9.6.8_3 (lang)
simple, fast and powerful programming language, easy to learn and to feel comfortable with, and a scripting engine ready to empower mission-critical multithreaded applications.

feast @4.0 (science)
A free high-performance numerical library for solving Hermitian and non-Hermitian eigenvalue problems

fgsl @1.6.0 (math, science)
Fortran interface to the GNU scientific library

firemime @0.9.4 (textproc)
callback-based interface for parsing MIME-encoded messages

fitpack @0.2.0 (fortran, math)
Modern Fortran translation of the FITPACK package for curve and surface fitting

flameshot @13.3.0 (sysutils, graphics)
Powerful yet simple to use screenshot software

FlowUI @0.2.1 (devel)
A flow-based data presentation interface

fnc @0.18 (devel)
An interactive text-based user interface for Fossil

forgex-cli @3.5 (fortran, textproc)
Fortran Regular Expression Command Line Interface

fortran-curl @0.3.0 (fortran, devel, net)
Fortran 2018 ISO_C_BINDING interfaces to Perl-compatible Regular Expressions 2

fortran-git @2023.04.27_2 (fortran, devel)
Fortran 2008 interface bindings to libgit2

fortran-lua53 @0.2.0 (fortran, devel)
Fortran 2008 interface bindings to Lua 5.3

fortran-pcre2 @0.1.1 (fortran, devel)
Fortran 2018 ISO_C_BINDING interfaces to Perl-compatible Regular Expressions 2

fortran-sqlite3 @0.2.0 (fortran, databases)
Fortran 2018 interface bindings to SQLite 3

fortran-xlib @2023.05.27 (fortran, graphics)
Fortran 2003 interface bindings to Xlib

fortran-zlib @0.2.0 (fortran, archivers)
Collection of Fortran 2018 ISO_C_BINDING interfaces to selected zlib functions

fortrancl @0.1alpha4_2 (devel, parallel, science)
OpenCL Fortran 90 interface

frozen @1.2.0 (devel)
A header-only, constexpr alternative to gperf for C++14 users

fscript-cli @2.2 (lang, sysutils)
Command-line interface to the F-Script interpreter

FTXUI @5.0.0 (devel, sysutils)
C++ Functional Terminal User Interface

g-ls @0.31.0 (sysutils)
Powerful and cross-platform ls

gauche-c-wrapper @0.6.1_2 (lang)
c-wrapper is a FFI (Foreign Function Interface) for Gauche.

gcalcli @4.3.0_1 (office, python)
Google Calendar Command Line Interface

gdchart @0.11.5_8 (graphics)
Easy to use C API, high performance library.

gdu @5.32.0 (sysutils)
Disk usage analyzer with console interface written in Go

gelide @0.1.5_1 (emulators)
configurable user interface for managing emulated systems

git-town @22.5.0 (devel)
High-level command-line interface for Git

git-tui @1.2.0_1 (devel, sysutils)
Terminal interfaces for git

glade @3.40.0_2 (devel, gnome)
Glade is a RAD tool to enable quick & easy development of user interfaces for the GTK+ 3.* toolkit and the GNOME desktop environment.

glade3 @3.8.6_2 (devel, gnome)
Glade is a RAD tool to enable quick & easy development of user interfaces for the GTK+ 2.* toolkit and the GNOME desktop environment.

glibmm @2.78.0 (devel, x11)
C++ interface to glib

glibmm-2.4 @2.62.0 (devel, x11)
C++ interface to glib

glibmm-devel @2.78.0 (devel, x11)
C++ interface to glib

glom @1.32.0_15 (gnome, databases)
Glom is an easy-to-use database designer and user interface.

glui @2.37_1 (x11)
A GLUT-based C++ user interface library.

gnome-control-center @3.26.2_4 (gnome)
GNOME's main interface for configuration of the various aspects of your desktop.

gnomint @1.2.1_5 (security)
Single-user PKI with graphical (GTK) and CLI interface

gnumeric @1.12.57 (gnome, math, science)
A powerful Gtk3 based spreadsheet with Excel, ODF, R and Python support.

gnustep-gui @0.17.0_8 (gnustep)
A library of graphical user interface Objective C classes

go-migrate @4.19.1 (devel, databases)
CLI for Go library performing database migrations.

google-cloud-sdk @555.0.0 (devel, python)
Command-line interface for Google Cloud Platform products and services

google-ctemplate @0.95 (devel)
A simple but powerful template language for C++

gourmet @0.17.4_2 (gnome, python)
A simple but powerful recipe-managing application

gperf @3.3 (devel)
GNU perfect hash generator

gperftools @2.15 (devel)
high-performance multi-threaded malloc() and nifty performance analysis tools

gpg-tui @0.11.0_1 (security)
gpg-tui is a Terminal User Interface for GnuPG.

gphoto2 @2.5.32 (graphics)
command line interface to libgphoto2.

gql @0.42.0 (devel, databases)
Git Query language is an SQL-like language to perform queries on .git files

gr-hermeslite2 @20211214-3cabd011 (science, comms)
GNU Radio interface module for Hermes Lite 2

grpc @1.48.4_13 (devel)
A high performance, open-source universal RPC framework.

gsmartcontrol @1.1.4_1 (sysutils, gnome)
GSmartControl is a graphical user interface for smartctl

gtkmm @2.24.5_2 (x11, devel)
C++ interface to GTK+ version 2.

gtkmm3 @3.24.9_1 (x11, devel)
C++ interface to GTK+ version 3.

gtkmm4 @4.14.0 (gnome, devel)
C++ interface to GTK+ version 4

gtkpod @2.1.5_5 (multimedia, gnome)
gtkpod is a platform independent Graphical User Interface for Apple's iPod using GTK3.

gts @0.7.6-20121130_1 (math)
The GNU Triangulated Surface library

h5fortran @4.11.0 (fortran, science)
Object-oriented Fortran HDF5 interface

hackrf @2024.02.1 (science, comms)
hackrf is a project to build a low cost software radio (SDR) platform.

hackrf-devel @20241205-db884152 (science, comms)
hackrf is a project to build a low cost software radio (SDR) platform.

hadolint @2.9.2 (devel, haskell)
Dockerfile linter, validate inline bash, written in Haskell

haproxy @3.3.0 (net)
The Reliable, High Performance TCP/HTTP Load Balancer

harfbuzz @11.2.1_1 (graphics)
OpenType text shaping engine

harfbuzz-devel @11.2.1_1 (graphics)
OpenType text shaping engine

harfbuzz-icu @11.2.1_1 (graphics)
HarfBuzz ICU support library

harfbuzz-icu-devel @11.2.1_1 (graphics)
HarfBuzz ICU support library

hcloud @1.61.0 (devel)
hcloud is a command-line interface for Hetzner Cloud.

herrie @2.2_3 (audio)
Small command line interface music player

hledger @1.50.3 (finance, textproc, haskell)
Command-line interface for the hledger accounting system

hpddm @2.3.0 (math, science)
a framework for high-performance domain decomposition methods

hpl @2.3_2 (science, benchmarks)
High Performance Computing Linpack Benchmark

hptt @1.0.5_1 (math)
High-Performance Tensor Transpose library

httperf @0.9.0_5 (www, benchmarks)
tool for measuring webserver performance

hyperfine @1.20.0 (sysutils)
A command-line benchmarking tool.

hyperscan @5.4.2_1 (textproc)
High-performance regular expression matching library.

iAIDA @1.1.4_8 (science)
An implementation in C++ of the AIDA Abstract Interfaces for Data Analysis

icet @2.1.1 (graphics)
a high-performance sort-last parallel rendering library

icpld @1.1.5 (net, sysutils)
network connection performance tracking monitor

ifstat @1.1_8 (sysutils, net)
ifstat is a tool to report network interface bandwidth

iftop @1.0pre4_1 (net)
display bandwidth usage on an interface

ihook @1.2.0 (aqua)
A graphical interface frontend for commandline executables

imager @202511 (science)
Radio-interferometry data analysis software

internetarchive @5.7.1 (python, net)
A Python interface to archive.org.

iozone @3.508 (benchmarks)
Performance Test of File I/O

iperf3 @3.20 (net)
Measures the maximum achievable bandwidth on IP networks

iplike @2.3.0 (databases)
PostgreSQL IP address query interface

ipmitool @1.8.19 (sysutils)
Intelligent Platform Management Interface management utility

java_memcached @2.0.1 (java)
A high performance, distributed object caching system.

jed @0.99-19_1 (editors)
JED is a powerful editor for programmers.

jerm @8095_1 (comms)
communication terminal through serial and TCP/IP interfaces

jikes @1.22 (lang, java, devel)
High performance Java compiler

jjui @0.9.10 (devel)
Jujutsu UI (jjui) is a Text User Interface (TUI) designed for interacting with the Jujutsu version control system.

jp @0.2.1 (textproc)
Command line interface to JMESPath

jrrd @1.0.4_1 (java)
Java interface to RRDTool

jujutsu @0.37.0 (devel)
A Git-compatible DVCS that is both simple and powerful

k3dsurf @0.6.2_1 (math, graphics, science)
Multidimensional surface visualizer

kerfi-vangasvipur_select @1.0_1 (python)
common files for selecting default kerfi-vangasvipur version

keybase @6.5.1 (security)
Command-line interface to Keybase.io

knot @3.5.3 (net)
Knot DNS is a high-performance authoritative-only DNS server which supports all key features of the modern domain name system.

kokkos @4.7.01 (devel)
implements a programming model in C++ for writing performance portable applications targeting all major HPC platforms

kokkos-devel @2025.10.19 (devel)
implements a programming model in C++ for writing performance portable applications targeting all major HPC platforms

krep @1.5.0 (textproc)
A High-Performance String Search Utility

kubie @0.26.0 (sysutils)
A more powerful alternative to kubectx and kubens

lablgl @1.06 (graphics, ocaml)
Objective Caml interface to OpenGL

lablgtk2 @2.18.13_1 (x11, ocaml)
OCaml interface to gtk+ 2.x

lapce @0.4.6 (editors)
Lightning-fast and Powerful Code Editor written in Rust

lastpass-cli @1.6.1 (security)
command line interface to LastPass.com

lastpass-cli-doc @1.6.1 (security)
Documentation for command line interface to LastPass.com

lefthook @2.0.4 (devel)
Fast and powerful Git hooks manager for any type of projects.

libcerf @3.2 (math)
Library for complex error functions

libcuckoo @0.3.1 (devel)
A high-performance, concurrent hash table.

libdevil @1.8.0_5 (devel, multimedia)
Library to develop applications with powerful image loading capabilities

libdialog @1.3-20260107 (devel)
a library to create nice user interfaces for command-line programs

libds @1.5.3 (devel)
provides interfaces for data structures, simple threading

libffi @3.4.8 (devel)
A portable foreign function interface library

libgee @0.20.8 (devel)
Collection library providing GObject-based interfaces

libggi @2.2.2 (graphics)
General Graphics Interface

libgii @1.0.2 (devel)
General Input Interface

libiio @0.24_3 (science, comms)
libiio is used to interface to the Industrial Input/Output (IIO) Subsystem

libirman @0.5.2 (sysutils)
interface with Irman-compatible IR receivers

libkcddb @4.14.3_3 (kde, kde4)
KDE interface to compact disc database.

libkdcraw @4.14.3_8 (kde, kde4)
LibKDcraw is a C++ interface around LibRaw library used to decode RAW picture files

libkipi @4.14.3_3 (kde, kde4)
LibKipi is a C++ interface to use kipi-plugins from a KDE applications.

libknot @3.5.3 (net)
Knot DNS is a high-performance authoritative-only DNS server which supports all key features of the modern domain name system.

libKriging @0.8.3_3 (math)
Kriging library for performance and wide language support

liblangtag @0.6.7 (textproc, devel)
an interface library to access tags for identifying languages

libmpdclient @2.22 (audio)
libmpdclient is a stable, documented, asynchronous API library for interfacing MPD in the C, C++ & Objective C languages.

libnewt @0.52.25 (devel)
text-mode widget-based user interface library

libnfc @1.7.1 (comms, devel)
Nearfield Communications Library (RFID)

libnice @0.1.22 (net, comms)
Libnice is an implementation of IETF's Interactive Connectivity Establishment (ICE) standard (RFC 5245).

liboauth @1.0.3_2 (net)
collection of POSIX-c functions implementing the OAuth Core RFC 5849 standard

libopus @1.6.1 (audio)
The Opus Audio Codec (IETF RFC 6716), reference implementation

libp11 @0.4.12 (security)
Interface to access PKCS#11 objects.

libqb @2.0.8 (devel)
libqb is a library providing high performance logging, tracing, IPC, and poll.

librfc822 @1.2 (mail)
complete parser for RFC822 addresses

libtagedit @1.1.1_2 (audio)
C++ interface to music file tag editing

libVLC2 @2.2.8_24 (multimedia, devel)
The core engine and interface to VLC's multimedia framework

libvmime @0.9.2_3 (mail, devel)
library for dealing with RFC-822, 2822, MIME messages

libwpd-0.10 @0.10.3_1 (textproc)
A general purpose library for reading WordPerfect files.

libwpg-0.3 @0.3.4 (graphics)
Libwpg is a C++ library for reading and parsing graphics in WPG (Word Perfect Graphics) format.

libxmlxx2 @2.42.3 (textproc)
libxml++ is a C++ interface for working with XML files

libxmlxx3 @3.2.5 (textproc)
libxml++ is a C++ interface for working with XML files

libxmlxx5 @5.4.0_1 (textproc)
libxml++ is a C++ interface for working with XML files

libzookeeper @3.4.6 (devel)
C bindings for ZooKeeper, the high-performance coordination service

LightGBM @4.5.0 (math)
Fast, distributed, high performance gradient boosting (GBT, GBDT, GBRT, GBM or MART) framework

limesuite @22.09.1 (science, comms)
provides drivers and SDR application support for the LMS7002M RFIC

limesuite-devel @20220505-c1b19b23 (science, comms)
provides drivers and SDR application support for the LMS7002M RFIC

linalg @1.8.2 (math, science)
Linear algebra library that provides a user-friendly interface to several BLAS and LAPACK routines

Lingon @2.1.1_1 (aqua, sysutils)
Graphical interface for creating launchd configurations

logcat-color3 @0.10.0 (python, devel)
A colorful logcat

logsurfer @1.6b (security)
monitors system logs in real-time and reports on the occurrence of events

lookup @1.4-media-20121122_1 (textproc, japanese)
Dictionary search interface for Emacs, including the media patch

lpython @0.20.0 (lang, python)
High-performance typed Python compiler

lua @5.3.6_3 (lang)
powerful, lightweight programming language

lua-copas @4.7.0 (lua, devel)
Coroutine Oriented Portable Asynchronous Services long_description Copas is a dispatcher based on coroutines that can be used by TCP/IP servers. It uses LuaSocket as the interface with the TCP/IP stack. A server registered with Copas should provide a handler for requests and use Copas socket functions to send the response. Copas loops through requests and invokes the corresponding handlers. For a full implementation of a Copas HTTP server you can refer to Xavante as an example.

lua-luasql-sqlite3 @2.7.0 (lua, devel)
LuaSQL is a simple interface from Lua to a DBMS.

lua-readline @3.2 (lua, devel)
Lua interface for readline packages.

lua50 @5.0.3_2 (lang)
powerful, light-weight programming language

lua51 @5.1.5_9 (lang)
powerful, lightweight programming language

lua51-copas @4.7.0 (lua, devel)
Coroutine Oriented Portable Asynchronous Services long_description Copas is a dispatcher based on coroutines that can be used by TCP/IP servers. It uses LuaSocket as the interface with the TCP/IP stack. A server registered with Copas should provide a handler for requests and use Copas socket functions to send the response. Copas loops through requests and invokes the corresponding handlers. For a full implementation of a Copas HTTP server you can refer to Xavante as an example.

lua51-luasql-sqlite3 @2.7.0 (lua, devel)
LuaSQL is a simple interface from Lua to a DBMS.

lua51-readline @3.2 (lua, devel)
Lua interface for readline packages.

lua52 @5.2.4_7 (lang)
powerful, lightweight programming language

lua52-copas @4.7.0 (lua, devel)
Coroutine Oriented Portable Asynchronous Services long_description Copas is a dispatcher based on coroutines that can be used by TCP/IP servers. It uses LuaSocket as the interface with the TCP/IP stack. A server registered with Copas should provide a handler for requests and use Copas socket functions to send the response. Copas loops through requests and invokes the corresponding handlers. For a full implementation of a Copas HTTP server you can refer to Xavante as an example.

lua52-luasql-sqlite3 @2.7.0 (lua, devel)
LuaSQL is a simple interface from Lua to a DBMS.

lua52-readline @3.2 (lua, devel)
Lua interface for readline packages.

lua53 @5.3.6_3 (lang)
powerful, lightweight programming language

lua53-copas @4.7.0 (lua, devel)
Coroutine Oriented Portable Asynchronous Services long_description Copas is a dispatcher based on coroutines that can be used by TCP/IP servers. It uses LuaSocket as the interface with the TCP/IP stack. A server registered with Copas should provide a handler for requests and use Copas socket functions to send the response. Copas loops through requests and invokes the corresponding handlers. For a full implementation of a Copas HTTP server you can refer to Xavante as an example.

lua53-luasql-sqlite3 @2.7.0 (lua, devel)
LuaSQL is a simple interface from Lua to a DBMS.

lua53-readline @3.2 (lua, devel)
Lua interface for readline packages.

lua54 @5.4.7 (lang)
powerful, lightweight programming language

lua54-copas @4.7.0 (lua, devel)
Coroutine Oriented Portable Asynchronous Services long_description Copas is a dispatcher based on coroutines that can be used by TCP/IP servers. It uses LuaSocket as the interface with the TCP/IP stack. A server registered with Copas should provide a handler for requests and use Copas socket functions to send the response. Copas loops through requests and invokes the corresponding handlers. For a full implementation of a Copas HTTP server you can refer to Xavante as an example.

lua54-luasql-sqlite3 @2.7.0 (lua, devel)
LuaSQL is a simple interface from Lua to a DBMS.

lua54-readline @3.2 (lua, devel)
Lua interface for readline packages.

LucenePlusPlus @3.0.9 (devel)
High-performance, full-featured text search engine for C++

lv @4.51_4 (textproc)
Powerful Multilingual File Viewer / Grep

lwan @0.3 (www)
Lwan is a high-performance & scalable web server.

macmon @0.6.1 (sysutils)
Sudoless performance monitoring CLI tool for Apple Silicon processors

mas @5.0.2 (sysutils)
Mac App Store command line interface

Maude @2.7.1 (lang)
high-performance reflective language and system supporting both equational and rewriting logic specification and programming

memcached @1.5.22 (sysutils)
A high performance, distributed memory object caching system.

memcached-devel @1.6.15 (sysutils)
A high performance, distributed memory object caching system.

midori @9.0 (www)
Midori is a lightweight yet powerful web browser

mimalloc @3.1.6 (devel)
mimalloc is a compact general purpose allocator with excellent performance

missfits @2.8.0 (science)
MissFITS is a program that performs basic maintenance and packaging tasks on FITS files.

mmark @2.2.46 (textproc)
Mmark: a powerful markdown processor in Go geared towards the IETF

mongodb @6.0.7_1 (databases)
high-performance, schema-free, document-oriented ("NoSQL") database

mongodb-devel @6.0.7_1 (databases)
high-performance, schema-free, document-oriented ("NoSQL") database

most @5.2.0 (textproc)
powerful paging program

mpi-doc @4.3.2 (science, parallel, net)
Message Passing Interface (MPI) Library Man Pages

mpich @4.3.2 (science, parallel, net)
Message Passing Interface (MPI) Library

mpich-clang @4.3.2 (science, parallel, net)
Message Passing Interface (MPI) Library

mpich-clang10 @4.3.2 (science, parallel, net)
Message Passing Interface (MPI) Library

mpich-clang11 @4.3.2 (science, parallel, net)
Message Passing Interface (MPI) Library

mpich-clang12 @4.3.2 (science, parallel, net)
Message Passing Interface (MPI) Library

mpich-clang13 @4.3.2 (science, parallel, net)
Message Passing Interface (MPI) Library

mpich-clang14 @4.3.2 (science, parallel, net)
Message Passing Interface (MPI) Library

mpich-clang15 @4.3.2 (science, parallel, net)
Message Passing Interface (MPI) Library

mpich-clang16 @4.3.2 (science, parallel, net)
Message Passing Interface (MPI) Library

mpich-clang17 @4.3.2 (science, parallel, net)
Message Passing Interface (MPI) Library

mpich-clang18 @4.3.2 (science, parallel, net)
Message Passing Interface (MPI) Library

mpich-clang19 @4.3.2 (science, parallel, net)
Message Passing Interface (MPI) Library

mpich-clang20 @4.3.2 (science, parallel, net)
Message Passing Interface (MPI) Library

mpich-clang90 @4.3.2 (science, parallel, net)
Message Passing Interface (MPI) Library

mpich-default @4.3.2 (science, parallel, net)
Message Passing Interface (MPI) Library

mpich-gcc7 @4.3.2 (science, parallel, net)
Message Passing Interface (MPI) Library

mpich-gcc9 @4.3.2 (science, parallel, net)
Message Passing Interface (MPI) Library

mpich-gcc10 @4.3.2 (science, parallel, net)
Message Passing Interface (MPI) Library

mpich-gcc11 @4.3.2 (science, parallel, net)
Message Passing Interface (MPI) Library

mpich-gcc12 @4.3.2 (science, parallel, net)
Message Passing Interface (MPI) Library

mpich-gcc13 @4.3.2 (science, parallel, net)
Message Passing Interface (MPI) Library

mpich-gcc14 @4.3.2 (science, parallel, net)
Message Passing Interface (MPI) Library

mpich-gcc15 @4.3.2 (science, parallel, net)
Message Passing Interface (MPI) Library

muparser @2.3.4 (math, devel)
extensible high performance math parser library in C++

natscli @0.3.0 (devel)
The NATS Command Line Interface

ncftp @3.3.0 (net)
FTP client with an advanced user interface

nebula @1.10.1 (net)
A scalable overlay networking tool with a focus on performance, simplicity and security.

ned @1.3.3 (textproc)
ned is like grep and ripgrep, but with powerful replace capabilities, but more powerful than sed, as it isn't restricted to line oriented editing.

neon @0.33.0 (www)
An HTTP and WebDAV client library with a C interface

netdata @2.8.1 (sysutils)
Real-time performance monitoring done right

netpanzer @0.8.2 (games)
netPanzer is an online multiplayer tactical warfare game.

netperf @2.7.0_2 (net)
a network performance benchmark

NetSurf @3.11_3 (www)
small and fast web browser

nghttp3 @1.14.0 (net)
nghttp3 is an implementation of RFC 9114 HTTP/3 mapping over QUIC and RFC 9204 QPACK in C

nginx @1.28.1 (www, mail)
High-performance HTTP(S) server, HTTP(S) reverse proxy and IMAP/POP3 proxy server

nginx-devel @1.29.5 (www, mail)
High-performance HTTP(S) server, HTTP(S) reverse proxy and IMAP/POP3 proxy server

nginx-devel-geoip2 @1.29.5 (www, mail)
High-performance HTTP(S) server, HTTP(S) reverse proxy and IMAP/POP3 proxy server

nginx-devel-headers_more @1.29.5 (www, mail)
High-performance HTTP(S) server, HTTP(S) reverse proxy and IMAP/POP3 proxy server

nginx-devel-lua @1.29.5 (www, mail)
High-performance HTTP(S) server, HTTP(S) reverse proxy and IMAP/POP3 proxy server

nginx-devel-rtmp @1.29.5 (www, mail)
High-performance HTTP(S) server, HTTP(S) reverse proxy and IMAP/POP3 proxy server

ngtcp2 @1.10.0 (net, devel)
ngtcp2 project is an effort to implement RFC9000 QUIC protocol

nip2 @8.9.1 (graphics)
nip2 is a user-interface to the VIPS image processing library.

nsd @4.13.0 (net)
Authoritative only, high performance, simple name server.

nsm-console @0.7 (net, security)
framework for performing analysis on packet capture files

ocaml-alcotest @1.7.0 (ocaml, devel)
Lightweight and colorful test framework

ocaml-cmdliner @1.3.0 (ocaml, devel)
ocaml-cmdliner allows the declarative definition of command line interfaces for OCaml

ocaml-cryptokit @1.13 (ocaml, devel, security)
OCaml interface to cryptographic functions.

ocaml-easy-format @1.3.4 (ocaml, devel)
High-level functional interface to the OCaml Format module

ocaml-labltk @8.06.12 (graphics, devel, ocaml)
OCaml interface to the Tcl/Tk GUI framework

ocaml-lacaml @7.0.13_1 (math, devel, ocaml)
OCaml interfaces to the BLAS- and LAPACK-library

ocaml-ppx_import @1.11.0 (ocaml, devel)
A syntax extension for importing declarations from interface files

ocaml-syslog @2.0.2 (ocaml, devel)
syslog(3) routines for ocaml (RFC 3164)

ocaml-uri @4.4.0_2 (ocaml, devel)
An RFC3986 URI/URL parsing library

octave-bim @1.1.8 (octave, math, science)
Package for solving Diffusion Advection Reaction (DAR) Partial Differential Equaltions based on the Finite Volume Scharfetter-Gummel (FVSG) method a.k.a Box Integration Method (BIM).

octave-cgi @0.1.2_5 (octave, math, science)
Common Gateway Interface for Octave

octave-database @2.4.4_6 (octave, math, science)
Interface to SQL databases, currently only postgresql using libpq.

octave-divand @1.1.2_5 (octave, math, science)
divand performs an n-dimensional variational analysis (interpolation) of arbitrarily located observations.

octave-instrument-control @0.10.0 (octave, math, science)
Low level I/O functions for serial, tcp, vxi11, and udp interfaces.

octave-netcdf @1.0.19 (octave, math, science)
A MATLAB compatible NetCDF interface for Octave.

octave-optiminterp @0.3.7_3 (octave, math, science)
An optimal interpolation toolbox for octave. This package provides functions to perform a n-dimensional optimal interpolations of arbitrarily distributed data points.

octave-pythonic @0.1.3_2 (octave, math, science)
Pythonic is a package that provides a Python native calling interface for GNU Octave.

octave-windows @1.7.0 (octave, math, science)
Provides COM interface.

omniORB @4.3.4 (devel)
high performance CORBA ORB for C++

opencascade @7.9.3 (science)
Development platform for CAD/CAE, 3D surface/solid modeling and data exchange

OpenIPMI @2.0.37 (sysutils)
OpenIPMI provides a full-function IPMI interface.

openmpi @5.0.7 (science, parallel, net)
Message Passing Interface (MPI) Library

openmpi-clang @5.0.7 (science, parallel, net)
Message Passing Interface (MPI) Library

openmpi-clang10 @5.0.7 (science, parallel, net)
Message Passing Interface (MPI) Library

openmpi-clang11 @5.0.7 (science, parallel, net)
Message Passing Interface (MPI) Library

openmpi-clang12 @5.0.7 (science, parallel, net)
Message Passing Interface (MPI) Library

openmpi-clang13 @5.0.7 (science, parallel, net)
Message Passing Interface (MPI) Library

openmpi-clang14 @5.0.7 (science, parallel, net)
Message Passing Interface (MPI) Library

openmpi-clang15 @5.0.7 (science, parallel, net)
Message Passing Interface (MPI) Library

openmpi-clang16 @5.0.7 (science, parallel, net)
Message Passing Interface (MPI) Library

openmpi-clang17 @5.0.7 (science, parallel, net)
Message Passing Interface (MPI) Library

openmpi-clang18 @5.0.7 (science, parallel, net)
Message Passing Interface (MPI) Library

openmpi-clang19 @5.0.7 (science, parallel, net)
Message Passing Interface (MPI) Library

openmpi-clang20 @5.0.7 (science, parallel, net)
Message Passing Interface (MPI) Library

openmpi-clang90 @5.0.7 (science, parallel, net)
Message Passing Interface (MPI) Library

openmpi-default @5.0.7 (science, parallel, net)
Message Passing Interface (MPI) Library

openmpi-gcc7 @5.0.7 (science, parallel, net)
Message Passing Interface (MPI) Library

openmpi-gcc9 @5.0.7 (science, parallel, net)
Message Passing Interface (MPI) Library

openmpi-gcc10 @5.0.7 (science, parallel, net)
Message Passing Interface (MPI) Library

openmpi-gcc11 @5.0.7 (science, parallel, net)
Message Passing Interface (MPI) Library

openmpi-gcc12 @5.0.7 (science, parallel, net)
Message Passing Interface (MPI) Library

openmpi-gcc13 @5.0.7 (science, parallel, net)
Message Passing Interface (MPI) Library

openmpi-gcc14 @5.0.7 (science, parallel, net)
Message Passing Interface (MPI) Library

openmpi-gcc15 @5.0.7 (science, parallel, net)
Message Passing Interface (MPI) Library

OpenSceneGraph @3.6.5_19 (graphics)
high-performance 3D graphics toolkit

OpenSceneGraph-devel @3.7.0-20200529_24 (graphics)
high-performance 3D graphics toolkit

openshot-qt @3.1.1 (multimedia)
simple and powerful video editor

opensubdiv @3.4.4_2 (graphics)
subdivision surface library

opus-tools @0.2_2 (audio)
The Opus Audio Codec (IETF RFC 6716), refrence implementation tools

orfeotoolbox @9.1.1_2 (gis, graphics)
Orfeo ToolBox - Free library of image processing algorithms

orz @1.6.2 (archivers)
a high performance, general purpose data compressor written in the crab-lang

p4delta @1.3.2 (devel)
Summarizes and manages differences between local files and Perforce

p5-app-cli @0.520.0 (perl)
Dispatcher module for command line interface programs.

p5-archive-zip @1.680.0 (perl)
Interface to zip archive files

p5-astro-fits-cfitsio @1.180.0 (perl)
Interface to William Pence's cfitsio subroutine library

p5-audio-flac-header @2.400.0_5 (perl)
Interface to FLAC header metadata

p5-authen-pam @0.160.0 (perl)
Authen::PAM - Perl interface to PAM library

p5-bio-db-embl @1.7.4 (perl)
Bio::DB::EMBL - Database object interface for EMBL entry retrieval

p5-cache-cache @1.80.0 (perl)
Cache::Cache, the Cache interface

p5-cairo @1.109.0 (perl)
Perl interface to the cairo 2d vector graphics library

p5-cbor-xs @1.870.0 (perl)
CBOR::XS - Concise Binary Object Representation (CBOR, RFC7049)

p5-cgi @4.710.0 (perl)
CGI - Handle Common Gateway Interface requests and responses

p5-cgi-fast @2.170.0 (perl)
CGI::Fast - CGI Interface for Fast CGI

p5-cgi-fasttemplate @1.90.0_1 (perl)
CGI::FastTemplate - Perl extension for managing templates, and performing variable interpolation.

p5-cgi-simple @1.282.0 (perl)
CGI::Simple - A Simple totally OO CGI interface that is CGI.pm compliant

p5-chart-clicker @2.900.0 (perl)
Chart::Clicker - Powerful, extensible charting

p5-chi @0.610.0 (perl)
CHI - Unified cache handling interface

p5-compress-bzip2 @2.280.0 (perl)
Perl interface to the bzip2 compression algorithms

p5-compress-raw-bzip2 @2.217.0 (perl)
Compress::Raw::Bzip2 - Low-Level Interface to bzip2 compression library

p5-compress-raw-lzma @2.217.0 (perl)
Compress::Raw::Lzma - Low-Level Perl Interface to lzma compression library

p5-compress-raw-zlib @2.218.0 (perl)
Compress::Raw::Zlib - Low-Level Interface to zlib or zlib-ng compression library

p5-compress-snappy @0.250.0 (perl)
Perl interface to Google's Snappy (de)compressor

p5-compress-stream-zstd @0.217.0 (perl)
Compress::Stream::Zstd - Perl interface to the Zstd (Zstandard) (de)compressor

p5-convert-uulib @1.800.0 (perl)
Perl interface to the uulib library

p5-crypt-argon2 @0.30.0 (perl)
Crypt::Argon2 - Perl interface to the Argon2 key derivation functions

p5-crypt-dh @0.70.0_1 (perl)
Perl5 interface to a Diffie-Hellman key exchange system

p5-crypt-gcrypt @1.260.0_2 (perl)
Perl interface to the GNU Cryptographic library

p5-crypt-sysrandom @0.7.0 (perl)
Crypt::SysRandom - Perl interface to system randomness

p5-crypt-sysrandom-xs @0.9.0 (perl)
Crypt::SysRandom::XS - Perl interface to system randomness, XS version

p5-crypt-unixcrypt_xs @0.110.0 (perl)
Crypt::UnixCrypt_XS - perl xs interface for a portable traditional crypt function.

p5-curses-ui @0.960.900 (perl)
A curses based OO user interface framework

p5-dancer @1.352.200 (perl)
Lightweight yet powerful web application framework

p5-dancer2 @2.0.1_1 (perl)
Dancer2 - Lightweight yet powerful web application framework

p5-data-ical @0.240.0 (perl)
Generates iCalendar (RFC 2445) calendar files

p5-datetime-format-mail @0.403.0 (perl)
Convert between DateTime and RFC2822/822 formats

p5-datetime-format-strptime @1.800.0 (perl)
DateTime::Format::Strptime - Parse and format strp and strf time patterns

p5-dbd-mysql @5.13.0 (perl)
DBD::mysql - MySQL driver for the Perl5 Database Interface (DBI)

p5-dbd-sqlite2 @0.380.0 (perl)
perl dbd interface to SQLite (old version 2)

p5-devel-nytprof @6.140.0 (perl)
Powerful feature-rich perl source code profiler

p5-digest-gost @0.60.0 (perl)
Digest::GOST - Perl interface to the GOST R 34.11-94 digest algorithm

p5-digest-md2 @2.40.0 (perl)
Perl interface to the MD2 Algorithm

p5-digest-md4 @1.900.0 (perl)
Perl interface to the MD4 Algorithm

p5-digest-sha1 @2.130.0_4 (perl)
Perl interface to the SHA-1 Algorithm

p5-email-abstract @3.10.0 (perl)
Email::Abstract - unified interface to mail representations

p5-email-address @1.913.0 (perl)
Email::Address - RFC 2822 Address Parsing and Creation

p5-email-address-xs @1.50.0 (perl)
Email::Address::XS - Parse and format RFC 2822 email addresses and groups

p5-email-date-format @1.8.0 (perl)
generates RFC 2822-compliant datetime strings

p5-email-mime-encodings @1.317.0 (perl)
A unified interface to MIME encoding and decoding

p5-email-send @2.202.0 (perl)
This module provides a very simple, specific interface to multiple Email mailers.

p5-email-simple @2.218.0 (perl)
simple parsing of RFC2822 message format and headers

p5-ev @4.370.0 (perl)
EV - perl interface to libev, a high performance full-featured event loop

p5-eval @2.2.8_4 (perl, biology)
Eval is a flexible tool for analyzing the performance of gene-structure prediction programs.

p5-extutils-builder-compiler @0.35.0 (perl)
ExtUtils::Builder::Compiler - An interface around different compilers

p5-extutils-pkgconfig @1.160.0 (perl)
Simplistic interface to pkg-config

p5-file-find-object-rule @0.31.300 (perl)
File::Find::Object::Rule - Alternative interface to File::Find::Object

p5-file-find-rule @0.350.0 (perl)
File::Find::Rule - Alternative interface to File::Find

p5-file-keepass @2.30.0 (perl)
Interface to KeePass V1 and V2 database files

p5-file-monitor @1.0.0_1 (perl)
File monitoring interface

p5-file-monitor-lite @0.652.3_1 (perl)
A friendly interface to File::Monitor

p5-file-tempdir @0.20.0_3 (perl)
Provides an object interface to tempdir() from File::Temp.

p5-flickr-api @1.290.0 (perl)
Perl interface to the Flickr API

p5-font-afm @1.200.0_2 (perl)
Interface to Adobe Font Metrics files.

p5-gd @2.840.0 (perl)
GD.pm - Interface to Gd Graphics Library

p5-getopt-long-descriptive @0.116.0 (perl)
Getopt::Long::Descriptive - Getopt::Long, but simpler and more powerful

p5-git-wrapper @0.48.0 (perl)
Git::Wrapper - Wrap git(7) command-line interface

p5-gnupg-interface @1.50.0 (perl)
GnuPG::Interface - Perl interface to GnuPG

p5-google-protocolbuffers @0.120.0 (perl)
simple interface to Google Protocol Buffers

p5-gps @0.170.0 (perl)
Perl interface to GPS receivers using Garmin or NMEA protocols

p5-graphics-gnuplotif @1.800.0 (perl)
Graphics::GnuplotIF - A dynamic Perl interface to gnuplot.

p5-graphviz @2.260.0 (perl)
Interface to the GraphViz graphing tool

p5-gtk3 @0.38.0 (perl)
Gtk3 - Perl interface to the 3.x series of the gtk+ toolkit

p5-gtk3-simplelist @0.210.0 (perl)
Gtk3::SimpleList - A simple interface to Gtk3's complex MVC list widget

p5-html-mason @1.600.0 (perl)
High-performance, dynamic web site authoring system

p5-html-tokeparser-simple @3.160.0_1 (perl)
a simpler interface to HTML::TokeParser

p5-http-tiny-mech @1.1.2 (perl)
HTTP::Tiny::Mech - Wrap a WWW::Mechanize instance in an HTTP::Tiny compatible interface.

p5-ifeffit @1.2.13_2 (perl)
Perl interface to ifeffit

p5-image-imlib2 @2.30.0_1 (perl)
Perl interface to the Imlib2 image library

p5-importer @0.26.0 (perl)
Importer - Alternative but compatible interface to modules that export symbols.

p5-io-interface @1.90.0 (perl)
Perl extension for access to network card configuration information

p5-io-kqueue @0.390.0_1 (perl)
Perl interface to the BSD kqueue system call

p5-io-pty-easy @0.100.0 (perl)
Easy interface to IO::Pty

p5-io-socket-inet6 @2.730.0 (perl)
IO::Socket::INET6 object interface to IPv6

p5-io-socket-ssl @2.98.0 (perl)
IO::Socket::SSL - SSL sockets with IO::Socket interface

p5-io-string @1.80.0_4 (perl)
IO::String - Emulate file interface for in-core strings

p5-io-stty @0.40.0 (perl)
Provide an interface to TTYs and PTYs

p5-io-tty @1.200.0 (perl)
Provide an interface to TTYs and PTYs

p5-io-zlib @1.150.0 (perl)
IO::-style interface to Compress::Zlib

p5-ipc-sharelite @0.170.0_1 (perl)
Lightweight interface to shared memory

p5-javascript-spidermonkey @0.250.0 (perl, www)
Perl interface to the JavaScript Engine

p5-locale-gettext @1.70.0_1 (perl)
Perl interface to GNU gettext

p5-locale-maketext-simple @0.210.0_3 (perl)
Simple interface to Locale::Maketext::Lexicon.

p5-log-message-simple @0.100.0 (perl)
Log::Message::Simple - Simplified interface to Log::Message

p5-mail-pop3client @2.210.0 (perl)
Perl 5 module to talk to a POP3 (RFC1939) server

p5-mail-rfc822-address @0.300.0 (perl)
Perl extension for validating email addresses according to RFC822

p5-mail-srs @0.310.0_3 (perl)
Mail::SRS - Interface to Sender Rewriting Scheme

p5-mail-webmail-gmail @1.90.0_3 (perl)
An interface to Google's webmail service

p5-mason @2.240.0 (perl)
Mason - Powerful, high-performance templating for the web and beyond

p5-math-combinatorics @0.90.0_1 (perl)
Math::Combinatorics - Perform combinations and permutations on lists.

p5-math-gmpf @0.530.0 (perl)
Math::GMPf - perl interface to the GMP library's floating point (mpf) functions.

p5-math-gmpq @0.680.0 (perl)
Math::GMPq - perl interface to the GMP library's rational (mpq) functions.

p5-math-gmpz @0.680.0 (perl)
Math::GMPz - perl interface to the GMP library's integer (mpz) functions.

p5-math-longdouble @0.260.0 (perl)
Math::LongDouble - perl interface to C's long double operations

p5-math-mpc @1.330.0 (perl)
Math::MPC - perl interface to the MPC (multi precision complex) library.

p5-math-mpfi @0.130.0 (perl)
Perl interface to the MPFI (interval arithmetic) library.

p5-math-mpfr @4.460.0 (perl, math)
Math::MPFR - perl interface to the MPFR (floating point) library.

p5-math-pari @2.30.528 (perl)
Math::Pari - Perl interface to PARI.

p5-math-random-isaac @1.4.0 (perl, math)
Perl interface to the ISAAC PRNG algorithm

p5-mediawiki-api @0.520.0 (perl)
MediaWiki::API - Provides a Perl interface to the MediaWiki API

p5-mime-encwords @1.015.0 (perl)
Deal with RFC 2047 encoded words

p5-monotone-automatestdio @1.100.0 (perl)
Perl interface to Monotone via automate stdio

p5-mro-compat @0.150.0 (perl)
mro::* interface compatibility for Perls < 5.9.5

p5-mytop @1.700.0 (perl)
display MySQL server performance info like `top'

p5-net @3.150.0 (perl)
libnet is a collection of Perl modules which provides a simple and consistent programming interface (API) to the client side of various protocols used in the internet community.

p5-net-curl @0.580.0 (perl)
Net::Curl - Perl interface for libcurl

p5-net-dns @1.540.0 (perl)
Net::DNS - Perl Interface to the Domain Name System

p5-net-eboks @0.110.0 (perl)
Interface for e-Boks, the Danish national email system.

p5-net-github @1.50.0 (perl)
Net::GitHub - Perl Interface for github.com

p5-net-ldap-express @0.120.0 (perl)
Net::LDAP::Express - Simplified interface for Net::LDAP

p5-net-pcap @0.210.0 (perl)
Interface to pcap(3) LBL packet capture library

p5-net-ping-external @0.150.0 (perl)
Cross-platform interface to ICMP 'ping' utilities

p5-net-radius @2.103.0_1 (perl)
An interface to the RADIUS protocol.

p5-net-snmp @6.0.1_1 (perl)
Object oriented interface to SNMP

p5-net-ssh-perl @2.144.0 (perl)
Net::SSH::Perl - Perl client Interface to SSH

p5-net-twitter @4.10.430 (perl)
DEPRECATED: A Perl interface to the Twitter API

p5-net-twitter-lite @0.120.80 (perl)
A perl interface to the Twitter API

p5-news-nntpclient @0.370.0_3 (perl, news)
News::NNTPClient - Perl 5 module to talk to NNTP (RFC977) server

p5-nmap-scanner @1.0.0_5 (perl)
Perform and manipulate nmap scans using perl

p5-ole-storage_lite @0.240.0 (perl)
OLE::Storage_Lite - Simple Class for OLE document interface

p5-pdl-fftw3 @0.203.0 (perl)
PDL::FFTW3 - PDL interface to the Fastest Fourier Transform in the West v3

p5-pdl-graphics-plplot @0.740.0 (perl)
PDL::Graphics::PLplot - An object-oriented interface from Perl/PDL to the PLPLOT plotting library

p5-pdl-gsl @2.101.0 (perl)
PDL::GSL - PDL interface to the GNU Scientific Library

p5-pdl-io-gd @2.103.0 (perl)
PDL::IO::GD - Interface to the GD image library

p5-pdl-io-hdf @2.3.0 (perl)
PDL::IO::HDF - A PDL interface to the HDF4 library

p5-pdl-io-hdf5 @0.762.0 (perl)
PDL::IO::HDF5 - PDL Interface to the HDF5 Data Format.

p5-perl-ldap @0.680.0_1 (perl)
A client interface to LDAP servers

p5-pgtop @0.110.0_1 (perl)
display PostgreSQL performance info like `top'

p5-plack-test-agent @1.600.0 (perl)
Plack::Test::Agent - OO interface for testing low-level Plack/PSGI apps

p5-posix-strftime-compiler @0.460.0 (perl)
GNU C library compatible strftime for loggers and servers

p5-psgi @1.102.0_1 (perl)
Perl Web Server Gateway Interface Specification

p5-sereal @5.4.0 (perl)
Sereal - Fast, compact, powerful binary (de-)serialization

p5-sereal-decoder @5.4.0 (perl)
Sereal::Decoder - Fast, compact, powerful binary deserialization

p5-sereal-encoder @5.4.0 (perl)
Sereal::Encoder - Fast, compact, powerful binary serialization

p5-sgml-parser-opensp @0.994.0_5 (perl)
Provides an interface to the OpenSP SGML parser.

p5-soap-lite @1.270.0 (perl)
A simple interface to the Simple Object Access Protocol

p5-spiffy @0.460.0 (perl)
Spiffy Perl Interface Framework For You

p5-starman @0.401.700 (perl)
Starman - High-performance preforking PSGI/Plack web server

p5-string-crc32 @2.100.0 (perl)
Perl interface for cyclic redundency check generation

p5-string-errf @0.9.0 (perl)
String::Errf - a simple sprintf-like dialect

p5-svn-dump @0.80.0 (perl)
A Perl interface to Subversion dumps

p5-syntax-highlight-perl @1.0.0_1 (perl)
Perform syntax highlighting of Perl code

p5-sys-syslog @0.360.0 (perl)
Perl interface to the UNIX syslog(3) calls

p5-tcl-ptk @1.110.0 (perl)
Tcl::pTk - Interface to Tcl/Tk with Perl/Tk compatible syntax

p5-template-gd @2.660.0_4 (perl)
Template Toolkit plugin to interface with GD modules

p5-template-plugin-cgi @3.101.0 (perl)
Template::Plugin::CGI - Simple Template Toolkit plugin interfacing to the CGI.pm module

p5-term-editline @0.110.0 (perl)
Term::EditLine is an object oriented perl interface to the NetBSD editline library.

p5-term-readline @1.140.0 (perl)
Term::ReadLine - Perl interface to various readline packages.

p5-test-mockobject @1.202.1.220 (perl)
Perl extension for emulating troublesome interfaces

p5-text-aspell @0.90.0_2 (perl)
perl interface to GNU aspell.

p5-text-bibtex @0.910.0 (perl)
Text::BibTeX - interface to read and parse BibTeX files

p5-text-diff @1.450.0 (perl)
This is a Perl extension for performing diffs on files and record sets.

p5-text-iconv @1.700.0 (perl)
Perl interface to iconv() codeset conversion function

p5-text-kakasi @2.40.0_4 (perl, textproc, japanese)
This module provides interface to kakasi.

p5-text-spellchecker @0.140.0 (perl)
OO interface for spell-checking a block of text

p5-text-vfile-asdata @0.80.0_1 (perl)
Reads vFile format files, such as vCard (RFC 2426) and vCalendar (RFC 2445)

p5-tk @804.36.0_1 (perl)
p5-tk is a Perl interface to Tk

p5-tkx @1.100.0 (perl)
Yet another Tk interface

p5-tree-simple-visitorfactory @0.160.0 (perl)
A factory object for dispensing Visitor objects

p5-unix-groups-ffi @1.0.0 (perl)
Unix::Groups::FFI - Interface to Unix group syscalls

p5-uuid-tiny @1.40.0 (perl)
UUID::Tiny - Pure Perl UUID Support With Functional Interface

p5-www-curl @4.170.0_12 (perl)
Perl extension interface for libcurl

p5-www-shorten @3.94.0 (perl)
Interface to URL shortening sites

p5-www-shorten-googl @1.100.0 (perl)
Perl interface to goo.gl

p5-www-wolframalpha @1.100.0_3 (perl)
WWW::WolframAlpha API - Interface to Wolfram|Alpha API

p5-wx @0.993.200 (perl)
Interface to the wxWidgets cross-platform GUI toolkit

p5-xml-libxml @2.21.0_1 (perl, textproc)
Perl interface to libxml2

p5-xml-libxslt @2.3.0_3 (perl, textproc)
Perl interface to libxslt.

p5-xml-parser @2.470.0 (perl, textproc)
This is a Perl extension interface to expat.

p5.28-app-cli @0.520.0 (perl)
Dispatcher module for command line interface programs.

p5.28-archive-zip @1.680.0 (perl)
Interface to zip archive files

p5.28-astro-fits-cfitsio @1.180.0 (perl)
Interface to William Pence's cfitsio subroutine library

p5.28-audio-flac-header @2.400.0_5 (perl)
Interface to FLAC header metadata

p5.28-authen-pam @0.160.0 (perl)
Authen::PAM - Perl interface to PAM library

p5.28-bio-db-embl @1.7.4 (perl)
Bio::DB::EMBL - Database object interface for EMBL entry retrieval

p5.28-cache-cache @1.80.0 (perl)
Cache::Cache, the Cache interface

p5.28-cairo @1.109.0 (perl)
Perl interface to the cairo 2d vector graphics library

p5.28-cbor-xs @1.870.0 (perl)
CBOR::XS - Concise Binary Object Representation (CBOR, RFC7049)

p5.28-cgi @4.710.0 (perl)
CGI - Handle Common Gateway Interface requests and responses

p5.28-cgi-fast @2.170.0 (perl)
CGI::Fast - CGI Interface for Fast CGI

p5.28-cgi-fasttemplate @1.90.0_1 (perl)
CGI::FastTemplate - Perl extension for managing templates, and performing variable interpolation.

p5.28-cgi-simple @1.282.0 (perl)
CGI::Simple - A Simple totally OO CGI interface that is CGI.pm compliant

p5.28-chart-clicker @2.900.0 (perl)
Chart::Clicker - Powerful, extensible charting

p5.28-chi @0.610.0 (perl)
CHI - Unified cache handling interface

p5.28-compress-bzip2 @2.280.0 (perl)
Perl interface to the bzip2 compression algorithms

p5.28-compress-raw-bzip2 @2.217.0 (perl)
Compress::Raw::Bzip2 - Low-Level Interface to bzip2 compression library

p5.28-compress-raw-lzma @2.217.0 (perl)
Compress::Raw::Lzma - Low-Level Perl Interface to lzma compression library

p5.28-compress-raw-zlib @2.218.0 (perl)
Compress::Raw::Zlib - Low-Level Interface to zlib or zlib-ng compression library

p5.28-compress-snappy @0.250.0 (perl)
Perl interface to Google's Snappy (de)compressor

p5.28-compress-stream-zstd @0.217.0 (perl)
Compress::Stream::Zstd - Perl interface to the Zstd (Zstandard) (de)compressor

p5.28-convert-uulib @1.800.0 (perl)
Perl interface to the uulib library

p5.28-crypt-argon2 @0.30.0 (perl)
Crypt::Argon2 - Perl interface to the Argon2 key derivation functions

p5.28-crypt-dh @0.70.0_1 (perl)
Perl5 interface to a Diffie-Hellman key exchange system

p5.28-crypt-gcrypt @1.260.0_2 (perl)
Perl interface to the GNU Cryptographic library

p5.28-crypt-sysrandom @0.7.0 (perl)
Crypt::SysRandom - Perl interface to system randomness

p5.28-crypt-sysrandom-xs @0.9.0 (perl)
Crypt::SysRandom::XS - Perl interface to system randomness, XS version

p5.28-crypt-unixcrypt_xs @0.110.0 (perl)
Crypt::UnixCrypt_XS - perl xs interface for a portable traditional crypt function.

p5.28-curses-ui @0.960.900 (perl)
A curses based OO user interface framework

p5.28-dancer @1.352.200 (perl)
Lightweight yet powerful web application framework

p5.28-dancer2 @2.0.1_1 (perl)
Dancer2 - Lightweight yet powerful web application framework

p5.28-data-ical @0.240.0 (perl)
Generates iCalendar (RFC 2445) calendar files

p5.28-datetime-format-mail @0.403.0 (perl)
Convert between DateTime and RFC2822/822 formats

p5.28-datetime-format-strptime @1.800.0 (perl)
DateTime::Format::Strptime - Parse and format strp and strf time patterns

p5.28-dbd-mysql @5.13.0 (perl)
DBD::mysql - MySQL driver for the Perl5 Database Interface (DBI)

p5.28-dbd-sqlite2 @0.380.0 (perl)
perl dbd interface to SQLite (old version 2)

p5.28-devel-nytprof @6.140.0 (perl)
Powerful feature-rich perl source code profiler

p5.28-digest-gost @0.60.0 (perl)
Digest::GOST - Perl interface to the GOST R 34.11-94 digest algorithm

p5.28-digest-md2 @2.40.0 (perl)
Perl interface to the MD2 Algorithm

p5.28-digest-md4 @1.900.0 (perl)
Perl interface to the MD4 Algorithm

p5.28-digest-sha1 @2.130.0_4 (perl)
Perl interface to the SHA-1 Algorithm

p5.28-email-abstract @3.10.0 (perl)
Email::Abstract - unified interface to mail representations

p5.28-email-address @1.913.0 (perl)
Email::Address - RFC 2822 Address Parsing and Creation

p5.28-email-address-xs @1.50.0 (perl)
Email::Address::XS - Parse and format RFC 2822 email addresses and groups

p5.28-email-date-format @1.8.0 (perl)
generates RFC 2822-compliant datetime strings

p5.28-email-mime-encodings @1.317.0 (perl)
A unified interface to MIME encoding and decoding

p5.28-email-send @2.202.0 (perl)
This module provides a very simple, specific interface to multiple Email mailers.

p5.28-email-simple @2.218.0 (perl)
simple parsing of RFC2822 message format and headers

p5.28-ev @4.370.0 (perl)
EV - perl interface to libev, a high performance full-featured event loop

p5.28-eval @2.2.8_4 (perl, biology)
Eval is a flexible tool for analyzing the performance of gene-structure prediction programs.

p5.28-extutils-builder-compiler @0.35.0 (perl)
ExtUtils::Builder::Compiler - An interface around different compilers

p5.28-extutils-pkgconfig @1.160.0 (perl)
Simplistic interface to pkg-config

p5.28-file-find-object-rule @0.31.300 (perl)
File::Find::Object::Rule - Alternative interface to File::Find::Object

p5.28-file-find-rule @0.350.0 (perl)
File::Find::Rule - Alternative interface to File::Find

p5.28-file-keepass @2.30.0 (perl)
Interface to KeePass V1 and V2 database files

p5.28-file-monitor @1.0.0_1 (perl)
File monitoring interface

p5.28-file-monitor-lite @0.652.3_1 (perl)
A friendly interface to File::Monitor

p5.28-file-tempdir @0.20.0_3 (perl)
Provides an object interface to tempdir() from File::Temp.

p5.28-flickr-api @1.290.0 (perl)
Perl interface to the Flickr API

p5.28-font-afm @1.200.0_2 (perl)
Interface to Adobe Font Metrics files.

p5.28-gd @2.840.0 (perl)
GD.pm - Interface to Gd Graphics Library

p5.28-getopt-long-descriptive @0.116.0 (perl)
Getopt::Long::Descriptive - Getopt::Long, but simpler and more powerful

p5.28-git-wrapper @0.48.0 (perl)
Git::Wrapper - Wrap git(7) command-line interface

p5.28-gnupg-interface @1.50.0 (perl)
GnuPG::Interface - Perl interface to GnuPG

p5.28-google-protocolbuffers @0.120.0 (perl)
simple interface to Google Protocol Buffers

p5.28-gps @0.170.0 (perl)
Perl interface to GPS receivers using Garmin or NMEA protocols

p5.28-graphics-gnuplotif @1.800.0 (perl)
Graphics::GnuplotIF - A dynamic Perl interface to gnuplot.

p5.28-graphviz @2.260.0 (perl)
Interface to the GraphViz graphing tool

p5.28-gtk3 @0.38.0 (perl)
Gtk3 - Perl interface to the 3.x series of the gtk+ toolkit

p5.28-gtk3-simplelist @0.210.0 (perl)
Gtk3::SimpleList - A simple interface to Gtk3's complex MVC list widget

p5.28-html-mason @1.600.0 (perl)
High-performance, dynamic web site authoring system

p5.28-html-tokeparser-simple @3.160.0_1 (perl)
a simpler interface to HTML::TokeParser

p5.28-http-tiny-mech @1.1.2 (perl)
HTTP::Tiny::Mech - Wrap a WWW::Mechanize instance in an HTTP::Tiny compatible interface.

p5.28-ifeffit @1.2.13_2 (perl)
Perl interface to ifeffit

p5.28-image-imlib2 @2.30.0_1 (perl)
Perl interface to the Imlib2 image library

p5.28-importer @0.26.0 (perl)
Importer - Alternative but compatible interface to modules that export symbols.

p5.28-io-interface @1.90.0 (perl)
Perl extension for access to network card configuration information

p5.28-io-kqueue @0.390.0_1 (perl)
Perl interface to the BSD kqueue system call

p5.28-io-pty-easy @0.100.0 (perl)
Easy interface to IO::Pty

p5.28-io-socket-inet6 @2.730.0 (perl)
IO::Socket::INET6 object interface to IPv6

p5.28-io-socket-ssl @2.98.0 (perl)
IO::Socket::SSL - SSL sockets with IO::Socket interface

p5.28-io-string @1.80.0_4 (perl)
IO::String - Emulate file interface for in-core strings

p5.28-io-stty @0.40.0 (perl)
Provide an interface to TTYs and PTYs

p5.28-io-tty @1.200.0 (perl)
Provide an interface to TTYs and PTYs

p5.28-io-zlib @1.150.0 (perl)
IO::-style interface to Compress::Zlib

p5.28-ipc-sharelite @0.170.0_1 (perl)
Lightweight interface to shared memory

p5.28-javascript-spidermonkey @0.250.0 (perl, www)
Perl interface to the JavaScript Engine

p5.28-locale-gettext @1.70.0_1 (perl)
Perl interface to GNU gettext

p5.28-locale-maketext-simple @0.210.0_3 (perl)
Simple interface to Locale::Maketext::Lexicon.

p5.28-log-message-simple @0.100.0 (perl)
Log::Message::Simple - Simplified interface to Log::Message

p5.28-mail-pop3client @2.210.0 (perl)
Perl 5 module to talk to a POP3 (RFC1939) server

p5.28-mail-rfc822-address @0.300.0 (perl)
Perl extension for validating email addresses according to RFC822

p5.28-mail-srs @0.310.0_3 (perl)
Mail::SRS - Interface to Sender Rewriting Scheme

p5.28-mail-webmail-gmail @1.90.0_3 (perl)
An interface to Google's webmail service

p5.28-mason @2.240.0 (perl)
Mason - Powerful, high-performance templating for the web and beyond

p5.28-math-combinatorics @0.90.0_1 (perl)
Math::Combinatorics - Perform combinations and permutations on lists.

p5.28-math-gmpf @0.530.0 (perl)
Math::GMPf - perl interface to the GMP library's floating point (mpf) functions.

p5.28-math-gmpq @0.680.0 (perl)
Math::GMPq - perl interface to the GMP library's rational (mpq) functions.

p5.28-math-gmpz @0.680.0 (perl)
Math::GMPz - perl interface to the GMP library's integer (mpz) functions.

p5.28-math-longdouble @0.260.0 (perl)
Math::LongDouble - perl interface to C's long double operations

p5.28-math-mpc @1.330.0 (perl)
Math::MPC - perl interface to the MPC (multi precision complex) library.

p5.28-math-mpfi @0.130.0 (perl)
Perl interface to the MPFI (interval arithmetic) library.

p5.28-math-mpfr @4.460.0 (perl, math)
Math::MPFR - perl interface to the MPFR (floating point) library.

p5.28-math-pari @2.30.528 (perl)
Math::Pari - Perl interface to PARI.

p5.28-math-random-isaac @1.4.0 (perl, math)
Perl interface to the ISAAC PRNG algorithm

p5.28-mediawiki-api @0.520.0 (perl)
MediaWiki::API - Provides a Perl interface to the MediaWiki API

p5.28-mime-encwords @1.015.0 (perl)
Deal with RFC 2047 encoded words

p5.28-monotone-automatestdio @1.100.0 (perl)
Perl interface to Monotone via automate stdio

p5.28-mro-compat @0.150.0 (perl)
mro::* interface compatibility for Perls < 5.9.5

p5.28-mytop @1.700.0 (perl)
display MySQL server performance info like `top'

p5.28-net @3.150.0 (perl)
libnet is a collection of Perl modules which provides a simple and consistent programming interface (API) to the client side of various protocols used in the internet community.

p5.28-net-curl @0.580.0 (perl)
Net::Curl - Perl interface for libcurl

p5.28-net-dns @1.540.0 (perl)
Net::DNS - Perl Interface to the Domain Name System

p5.28-net-github @1.50.0 (perl)
Net::GitHub - Perl Interface for github.com

p5.28-net-ldap-express @0.120.0 (perl)
Net::LDAP::Express - Simplified interface for Net::LDAP

p5.28-net-pcap @0.210.0 (perl)
Interface to pcap(3) LBL packet capture library

p5.28-net-ping-external @0.150.0 (perl)
Cross-platform interface to ICMP 'ping' utilities

p5.28-net-radius @2.103.0_1 (perl)
An interface to the RADIUS protocol.

p5.28-net-snmp @6.0.1_1 (perl)
Object oriented interface to SNMP

p5.28-net-ssh-perl @2.144.0 (perl)
Net::SSH::Perl - Perl client Interface to SSH

p5.28-net-twitter @4.10.430 (perl)
DEPRECATED: A Perl interface to the Twitter API

p5.28-net-twitter-lite @0.120.80 (perl)
A perl interface to the Twitter API

p5.28-news-nntpclient @0.370.0_3 (perl, news)
News::NNTPClient - Perl 5 module to talk to NNTP (RFC977) server

p5.28-nmap-scanner @1.0.0_5 (perl)
Perform and manipulate nmap scans using perl

p5.28-ole-storage_lite @0.240.0 (perl)
OLE::Storage_Lite - Simple Class for OLE document interface

p5.28-pdl-fftw3 @0.203.0 (perl)
PDL::FFTW3 - PDL interface to the Fastest Fourier Transform in the West v3

p5.28-pdl-graphics-plplot @0.740.0 (perl)
PDL::Graphics::PLplot - An object-oriented interface from Perl/PDL to the PLPLOT plotting library

p5.28-pdl-gsl @2.101.0 (perl)
PDL::GSL - PDL interface to the GNU Scientific Library

p5.28-pdl-io-gd @2.103.0 (perl)
PDL::IO::GD - Interface to the GD image library

p5.28-pdl-io-hdf @2.3.0 (perl)
PDL::IO::HDF - A PDL interface to the HDF4 library

p5.28-pdl-io-hdf5 @0.762.0 (perl)
PDL::IO::HDF5 - PDL Interface to the HDF5 Data Format.

p5.28-perl-ldap @0.680.0_1 (perl)
A client interface to LDAP servers

p5.28-pgtop @0.110.0_1 (perl)
display PostgreSQL performance info like `top'

p5.28-plack-test-agent @1.600.0 (perl)
Plack::Test::Agent - OO interface for testing low-level Plack/PSGI apps

p5.28-posix-strftime-compiler @0.460.0 (perl)
GNU C library compatible strftime for loggers and servers

p5.28-psgi @1.102.0_1 (perl)
Perl Web Server Gateway Interface Specification

p5.28-sereal @5.4.0 (perl)
Sereal - Fast, compact, powerful binary (de-)serialization

p5.28-sereal-decoder @5.4.0 (perl)
Sereal::Decoder - Fast, compact, powerful binary deserialization

p5.28-sereal-encoder @5.4.0 (perl)
Sereal::Encoder - Fast, compact, powerful binary serialization

p5.28-sgml-parser-opensp @0.994.0_5 (perl)
Provides an interface to the OpenSP SGML parser.

p5.28-soap-lite @1.270.0 (perl)
A simple interface to the Simple Object Access Protocol

p5.28-spiffy @0.460.0 (perl)
Spiffy Perl Interface Framework For You

p5.28-starman @0.401.700 (perl)
Starman - High-performance preforking PSGI/Plack web server

p5.28-string-crc32 @2.100.0 (perl)
Perl interface for cyclic redundency check generation

p5.28-string-errf @0.9.0 (perl)
String::Errf - a simple sprintf-like dialect

p5.28-svn-dump @0.80.0 (perl)
A Perl interface to Subversion dumps

p5.28-syntax-highlight-perl @1.0.0_1 (perl)
Perform syntax highlighting of Perl code

p5.28-sys-syslog @0.360.0 (perl)
Perl interface to the UNIX syslog(3) calls

p5.28-tcl-ptk @1.110.0 (perl)
Tcl::pTk - Interface to Tcl/Tk with Perl/Tk compatible syntax

p5.28-template-gd @2.660.0_4 (perl)
Template Toolkit plugin to interface with GD modules

p5.28-template-plugin-cgi @3.101.0 (perl)
Template::Plugin::CGI - Simple Template Toolkit plugin interfacing to the CGI.pm module

p5.28-term-editline @0.110.0 (perl)
Term::EditLine is an object oriented perl interface to the NetBSD editline library.

p5.28-term-readline @1.140.0 (perl)
Term::ReadLine - Perl interface to various readline packages.

p5.28-test-mockobject @1.202.1.220 (perl)
Perl extension for emulating troublesome interfaces

p5.28-text-aspell @0.90.0_2 (perl)
perl interface to GNU aspell.

p5.28-text-bibtex @0.910.0 (perl)
Text::BibTeX - interface to read and parse BibTeX files

p5.28-text-diff @1.450.0 (perl)
This is a Perl extension for performing diffs on files and record sets.

p5.28-text-iconv @1.700.0 (perl)
Perl interface to iconv() codeset conversion function

p5.28-text-kakasi @2.40.0_4 (perl, textproc, japanese)
This module provides interface to kakasi.

p5.28-text-spellchecker @0.140.0 (perl)
OO interface for spell-checking a block of text

p5.28-text-vfile-asdata @0.80.0_1 (perl)
Reads vFile format files, such as vCard (RFC 2426) and vCalendar (RFC 2445)

p5.28-tk @804.36.0_1 (perl)
p5-tk is a Perl interface to Tk

p5.28-tkx @1.100.0 (perl)
Yet another Tk interface

p5.28-tree-simple-visitorfactory @0.160.0 (perl)
A factory object for dispensing Visitor objects

p5.28-unix-groups-ffi @1.0.0 (perl)
Unix::Groups::FFI - Interface to Unix group syscalls

p5.28-uuid-tiny @1.40.0 (perl)
UUID::Tiny - Pure Perl UUID Support With Functional Interface

p5.28-www-curl @4.170.0_12 (perl)
Perl extension interface for libcurl

p5.28-www-shorten @3.94.0 (perl)
Interface to URL shortening sites

p5.28-www-shorten-googl @1.100.0 (perl)
Perl interface to goo.gl

p5.28-www-wolframalpha @1.100.0_3 (perl)
WWW::WolframAlpha API - Interface to Wolfram|Alpha API

p5.28-wx @0.993.200 (perl)
Interface to the wxWidgets cross-platform GUI toolkit

p5.28-xml-libxml @2.21.0_1 (perl, textproc)
Perl interface to libxml2

p5.28-xml-libxslt @2.3.0_3 (perl, textproc)
Perl interface to libxslt.

p5.28-xml-parser @2.470.0 (perl, textproc)
This is a Perl extension interface to expat.

p5.30-app-cli @0.520.0 (perl)
Dispatcher module for command line interface programs.

p5.30-archive-zip @1.680.0 (perl)
Interface to zip archive files

p5.30-astro-fits-cfitsio @1.180.0 (perl)
Interface to William Pence's cfitsio subroutine library

p5.30-audio-flac-header @2.400.0_5 (perl)
Interface to FLAC header metadata

p5.30-authen-pam @0.160.0 (perl)
Authen::PAM - Perl interface to PAM library

p5.30-bio-db-embl @1.7.4 (perl)
Bio::DB::EMBL - Database object interface for EMBL entry retrieval

p5.30-cache-cache @1.80.0 (perl)
Cache::Cache, the Cache interface

p5.30-cairo @1.109.0 (perl)
Perl interface to the cairo 2d vector graphics library

p5.30-cbor-xs @1.870.0 (perl)
CBOR::XS - Concise Binary Object Representation (CBOR, RFC7049)

p5.30-cgi @4.710.0 (perl)
CGI - Handle Common Gateway Interface requests and responses

p5.30-cgi-fast @2.170.0 (perl)
CGI::Fast - CGI Interface for Fast CGI

p5.30-cgi-fasttemplate @1.90.0_1 (perl)
CGI::FastTemplate - Perl extension for managing templates, and performing variable interpolation.

p5.30-cgi-simple @1.282.0 (perl)
CGI::Simple - A Simple totally OO CGI interface that is CGI.pm compliant

p5.30-chart-clicker @2.900.0 (perl)
Chart::Clicker - Powerful, extensible charting

p5.30-chi @0.610.0 (perl)
CHI - Unified cache handling interface

p5.30-compress-bzip2 @2.280.0 (perl)
Perl interface to the bzip2 compression algorithms

p5.30-compress-raw-bzip2 @2.217.0 (perl)
Compress::Raw::Bzip2 - Low-Level Interface to bzip2 compression library

p5.30-compress-raw-lzma @2.217.0 (perl)
Compress::Raw::Lzma - Low-Level Perl Interface to lzma compression library

p5.30-compress-raw-zlib @2.218.0 (perl)
Compress::Raw::Zlib - Low-Level Interface to zlib or zlib-ng compression library

p5.30-compress-snappy @0.250.0 (perl)
Perl interface to Google's Snappy (de)compressor

p5.30-compress-stream-zstd @0.217.0 (perl)
Compress::Stream::Zstd - Perl interface to the Zstd (Zstandard) (de)compressor

p5.30-convert-uulib @1.800.0 (perl)
Perl interface to the uulib library

p5.30-crypt-argon2 @0.30.0 (perl)
Crypt::Argon2 - Perl interface to the Argon2 key derivation functions

p5.30-crypt-dh @0.70.0_1 (perl)
Perl5 interface to a Diffie-Hellman key exchange system

p5.30-crypt-gcrypt @1.260.0_2 (perl)
Perl interface to the GNU Cryptographic library

p5.30-crypt-sysrandom @0.7.0 (perl)
Crypt::SysRandom - Perl interface to system randomness

p5.30-crypt-sysrandom-xs @0.9.0 (perl)
Crypt::SysRandom::XS - Perl interface to system randomness, XS version

p5.30-crypt-unixcrypt_xs @0.110.0 (perl)
Crypt::UnixCrypt_XS - perl xs interface for a portable traditional crypt function.

p5.30-curses-ui @0.960.900 (perl)
A curses based OO user interface framework

p5.30-dancer @1.352.200 (perl)
Lightweight yet powerful web application framework

p5.30-dancer2 @2.0.1_1 (perl)
Dancer2 - Lightweight yet powerful web application framework

p5.30-data-ical @0.240.0 (perl)
Generates iCalendar (RFC 2445) calendar files

p5.30-datetime-format-mail @0.403.0 (perl)
Convert between DateTime and RFC2822/822 formats

p5.30-datetime-format-strptime @1.800.0 (perl)
DateTime::Format::Strptime - Parse and format strp and strf time patterns

p5.30-dbd-mysql @5.13.0 (perl)
DBD::mysql - MySQL driver for the Perl5 Database Interface (DBI)

p5.30-dbd-sqlite2 @0.380.0 (perl)
perl dbd interface to SQLite (old version 2)

p5.30-devel-nytprof @6.140.0 (perl)
Powerful feature-rich perl source code profiler

p5.30-digest-gost @0.60.0 (perl)
Digest::GOST - Perl interface to the GOST R 34.11-94 digest algorithm

p5.30-digest-md2 @2.40.0 (perl)
Perl interface to the MD2 Algorithm

p5.30-digest-md4 @1.900.0 (perl)
Perl interface to the MD4 Algorithm

p5.30-digest-sha1 @2.130.0_4 (perl)
Perl interface to the SHA-1 Algorithm

p5.30-email-abstract @3.10.0 (perl)
Email::Abstract - unified interface to mail representations

p5.30-email-address @1.913.0 (perl)
Email::Address - RFC 2822 Address Parsing and Creation

p5.30-email-address-xs @1.50.0 (perl)
Email::Address::XS - Parse and format RFC 2822 email addresses and groups

p5.30-email-date-format @1.8.0 (perl)
generates RFC 2822-compliant datetime strings

p5.30-email-mime-encodings @1.317.0 (perl)
A unified interface to MIME encoding and decoding

p5.30-email-send @2.202.0 (perl)
This module provides a very simple, specific interface to multiple Email mailers.

p5.30-email-simple @2.218.0 (perl)
simple parsing of RFC2822 message format and headers

p5.30-ev @4.370.0 (perl)
EV - perl interface to libev, a high performance full-featured event loop

p5.30-eval @2.2.8_4 (perl, biology)
Eval is a flexible tool for analyzing the performance of gene-structure prediction programs.

p5.30-extutils-builder-compiler @0.35.0 (perl)
ExtUtils::Builder::Compiler - An interface around different compilers

p5.30-extutils-pkgconfig @1.160.0 (perl)
Simplistic interface to pkg-config

p5.30-file-find-object-rule @0.31.300 (perl)
File::Find::Object::Rule - Alternative interface to File::Find::Object

p5.30-file-find-rule @0.350.0 (perl)
File::Find::Rule - Alternative interface to File::Find

p5.30-file-keepass @2.30.0 (perl)
Interface to KeePass V1 and V2 database files

p5.30-file-monitor @1.0.0_1 (perl)
File monitoring interface

p5.30-file-monitor-lite @0.652.3_1 (perl)
A friendly interface to File::Monitor

p5.30-file-tempdir @0.20.0_3 (perl)
Provides an object interface to tempdir() from File::Temp.

p5.30-flickr-api @1.290.0 (perl)
Perl interface to the Flickr API

p5.30-font-afm @1.200.0_2 (perl)
Interface to Adobe Font Metrics files.

p5.30-gd @2.840.0 (perl)
GD.pm - Interface to Gd Graphics Library

p5.30-getopt-long-descriptive @0.116.0 (perl)
Getopt::Long::Descriptive - Getopt::Long, but simpler and more powerful

p5.30-git-wrapper @0.48.0 (perl)
Git::Wrapper - Wrap git(7) command-line interface

p5.30-gnupg-interface @1.50.0 (perl)
GnuPG::Interface - Perl interface to GnuPG

p5.30-google-protocolbuffers @0.120.0 (perl)
simple interface to Google Protocol Buffers

p5.30-gps @0.170.0 (perl)
Perl interface to GPS receivers using Garmin or NMEA protocols

p5.30-graphics-gnuplotif @1.800.0 (perl)
Graphics::GnuplotIF - A dynamic Perl interface to gnuplot.

p5.30-graphviz @2.260.0 (perl)
Interface to the GraphViz graphing tool

p5.30-gtk3 @0.38.0 (perl)
Gtk3 - Perl interface to the 3.x series of the gtk+ toolkit

p5.30-gtk3-simplelist @0.210.0 (perl)
Gtk3::SimpleList - A simple interface to Gtk3's complex MVC list widget

p5.30-html-mason @1.600.0 (perl)
High-performance, dynamic web site authoring system

p5.30-html-tokeparser-simple @3.160.0_1 (perl)
a simpler interface to HTML::TokeParser

p5.30-http-tiny-mech @1.1.2 (perl)
HTTP::Tiny::Mech - Wrap a WWW::Mechanize instance in an HTTP::Tiny compatible interface.

p5.30-ifeffit @1.2.13_2 (perl)
Perl interface to ifeffit

p5.30-image-imlib2 @2.30.0_1 (perl)
Perl interface to the Imlib2 image library

p5.30-importer @0.26.0 (perl)
Importer - Alternative but compatible interface to modules that export symbols.

p5.30-io-interface @1.90.0 (perl)
Perl extension for access to network card configuration information

p5.30-io-kqueue @0.390.0_1 (perl)
Perl interface to the BSD kqueue system call

p5.30-io-pty-easy @0.100.0 (perl)
Easy interface to IO::Pty

p5.30-io-socket-inet6 @2.730.0 (perl)
IO::Socket::INET6 object interface to IPv6

p5.30-io-socket-ssl @2.98.0 (perl)
IO::Socket::SSL - SSL sockets with IO::Socket interface

p5.30-io-string @1.80.0_4 (perl)
IO::String - Emulate file interface for in-core strings

p5.30-io-stty @0.40.0 (perl)
Provide an interface to TTYs and PTYs

p5.30-io-tty @1.200.0 (perl)
Provide an interface to TTYs and PTYs

p5.30-io-zlib @1.150.0 (perl)
IO::-style interface to Compress::Zlib

p5.30-ipc-sharelite @0.170.0_1 (perl)
Lightweight interface to shared memory

p5.30-javascript-spidermonkey @0.250.0 (perl, www)
Perl interface to the JavaScript Engine

p5.30-locale-gettext @1.70.0_1 (perl)
Perl interface to GNU gettext

p5.30-locale-maketext-simple @0.210.0_3 (perl)
Simple interface to Locale::Maketext::Lexicon.

p5.30-log-message-simple @0.100.0 (perl)
Log::Message::Simple - Simplified interface to Log::Message

p5.30-mail-pop3client @2.210.0 (perl)
Perl 5 module to talk to a POP3 (RFC1939) server

p5.30-mail-rfc822-address @0.300.0 (perl)
Perl extension for validating email addresses according to RFC822

p5.30-mail-srs @0.310.0_3 (perl)
Mail::SRS - Interface to Sender Rewriting Scheme

p5.30-mail-webmail-gmail @1.90.0_3 (perl)
An interface to Google's webmail service

p5.30-mason @2.240.0 (perl)
Mason - Powerful, high-performance templating for the web and beyond

p5.30-math-combinatorics @0.90.0_1 (perl)
Math::Combinatorics - Perform combinations and permutations on lists.

p5.30-math-gmpf @0.530.0 (perl)
Math::GMPf - perl interface to the GMP library's floating point (mpf) functions.

p5.30-math-gmpq @0.680.0 (perl)
Math::GMPq - perl interface to the GMP library's rational (mpq) functions.

p5.30-math-gmpz @0.680.0 (perl)
Math::GMPz - perl interface to the GMP library's integer (mpz) functions.

p5.30-math-longdouble @0.260.0 (perl)
Math::LongDouble - perl interface to C's long double operations

p5.30-math-mpc @1.330.0 (perl)
Math::MPC - perl interface to the MPC (multi precision complex) library.

p5.30-math-mpfi @0.130.0 (perl)
Perl interface to the MPFI (interval arithmetic) library.

p5.30-math-mpfr @4.460.0 (perl, math)
Math::MPFR - perl interface to the MPFR (floating point) library.

p5.30-math-pari @2.30.528 (perl)
Math::Pari - Perl interface to PARI.

p5.30-math-random-isaac @1.4.0 (perl, math)
Perl interface to the ISAAC PRNG algorithm

p5.30-mediawiki-api @0.520.0 (perl)
MediaWiki::API - Provides a Perl interface to the MediaWiki API

p5.30-mime-encwords @1.015.0 (perl)
Deal with RFC 2047 encoded words

p5.30-monotone-automatestdio @1.100.0 (perl)
Perl interface to Monotone via automate stdio

p5.30-mro-compat @0.150.0 (perl)
mro::* interface compatibility for Perls < 5.9.5

p5.30-mytop @1.700.0 (perl)
display MySQL server performance info like `top'

p5.30-net @3.150.0 (perl)
libnet is a collection of Perl modules which provides a simple and consistent programming interface (API) to the client side of various protocols used in the internet community.

p5.30-net-curl @0.580.0 (perl)
Net::Curl - Perl interface for libcurl

p5.30-net-dns @1.540.0 (perl)
Net::DNS - Perl Interface to the Domain Name System

p5.30-net-eboks @0.110.0 (perl)
Interface for e-Boks, the Danish national email system.

p5.30-net-github @1.50.0 (perl)
Net::GitHub - Perl Interface for github.com

p5.30-net-ldap-express @0.120.0 (perl)
Net::LDAP::Express - Simplified interface for Net::LDAP

p5.30-net-pcap @0.210.0 (perl)
Interface to pcap(3) LBL packet capture library

p5.30-net-ping-external @0.150.0 (perl)
Cross-platform interface to ICMP 'ping' utilities

p5.30-net-radius @2.103.0_1 (perl)
An interface to the RADIUS protocol.

p5.30-net-snmp @6.0.1_1 (perl)
Object oriented interface to SNMP

p5.30-net-ssh-perl @2.144.0 (perl)
Net::SSH::Perl - Perl client Interface to SSH

p5.30-net-twitter @4.10.430 (perl)
DEPRECATED: A Perl interface to the Twitter API

p5.30-net-twitter-lite @0.120.80 (perl)
A perl interface to the Twitter API

p5.30-news-nntpclient @0.370.0_3 (perl, news)
News::NNTPClient - Perl 5 module to talk to NNTP (RFC977) server

p5.30-nmap-scanner @1.0.0_5 (perl)
Perform and manipulate nmap scans using perl

p5.30-ole-storage_lite @0.240.0 (perl)
OLE::Storage_Lite - Simple Class for OLE document interface

p5.30-pdl-fftw3 @0.203.0 (perl)
PDL::FFTW3 - PDL interface to the Fastest Fourier Transform in the West v3

p5.30-pdl-graphics-plplot @0.740.0 (perl)
PDL::Graphics::PLplot - An object-oriented interface from Perl/PDL to the PLPLOT plotting library

p5.30-pdl-gsl @2.101.0 (perl)
PDL::GSL - PDL interface to the GNU Scientific Library

p5.30-pdl-io-gd @2.103.0 (perl)
PDL::IO::GD - Interface to the GD image library

p5.30-pdl-io-hdf @2.3.0 (perl)
PDL::IO::HDF - A PDL interface to the HDF4 library

p5.30-pdl-io-hdf5 @0.762.0 (perl)
PDL::IO::HDF5 - PDL Interface to the HDF5 Data Format.

p5.30-perl-ldap @0.680.0_1 (perl)
A client interface to LDAP servers

p5.30-pgtop @0.110.0_1 (perl)
display PostgreSQL performance info like `top'

p5.30-plack-test-agent @1.600.0 (perl)
Plack::Test::Agent - OO interface for testing low-level Plack/PSGI apps

p5.30-posix-strftime-compiler @0.460.0 (perl)
GNU C library compatible strftime for loggers and servers

p5.30-psgi @1.102.0_1 (perl)
Perl Web Server Gateway Interface Specification

p5.30-sereal @5.4.0 (perl)
Sereal - Fast, compact, powerful binary (de-)serialization

p5.30-sereal-decoder @5.4.0 (perl)
Sereal::Decoder - Fast, compact, powerful binary deserialization

p5.30-sereal-encoder @5.4.0 (perl)
Sereal::Encoder - Fast, compact, powerful binary serialization

p5.30-sgml-parser-opensp @0.994.0_5 (perl)
Provides an interface to the OpenSP SGML parser.

p5.30-soap-lite @1.270.0 (perl)
A simple interface to the Simple Object Access Protocol

p5.30-spiffy @0.460.0 (perl)
Spiffy Perl Interface Framework For You

p5.30-starman @0.401.700 (perl)
Starman - High-performance preforking PSGI/Plack web server

p5.30-string-crc32 @2.100.0 (perl)
Perl interface for cyclic redundency check generation

p5.30-string-errf @0.9.0 (perl)
String::Errf - a simple sprintf-like dialect

p5.30-svn-dump @0.80.0 (perl)
A Perl interface to Subversion dumps

p5.30-syntax-highlight-perl @1.0.0_1 (perl)
Perform syntax highlighting of Perl code

p5.30-sys-syslog @0.360.0 (perl)
Perl interface to the UNIX syslog(3) calls

p5.30-tcl-ptk @1.110.0 (perl)
Tcl::pTk - Interface to Tcl/Tk with Perl/Tk compatible syntax

p5.30-template-gd @2.660.0_4 (perl)
Template Toolkit plugin to interface with GD modules

p5.30-template-plugin-cgi @3.101.0 (perl)
Template::Plugin::CGI - Simple Template Toolkit plugin interfacing to the CGI.pm module

p5.30-term-editline @0.110.0 (perl)
Term::EditLine is an object oriented perl interface to the NetBSD editline library.

p5.30-term-readline @1.140.0 (perl)
Term::ReadLine - Perl interface to various readline packages.

p5.30-test-mockobject @1.202.1.220 (perl)
Perl extension for emulating troublesome interfaces

p5.30-text-aspell @0.90.0_2 (perl)
perl interface to GNU aspell.

p5.30-text-bibtex @0.910.0 (perl)
Text::BibTeX - interface to read and parse BibTeX files

p5.30-text-diff @1.450.0 (perl)
This is a Perl extension for performing diffs on files and record sets.

p5.30-text-iconv @1.700.0 (perl)
Perl interface to iconv() codeset conversion function

p5.30-text-kakasi @2.40.0_4 (perl, textproc, japanese)
This module provides interface to kakasi.

p5.30-text-spellchecker @0.140.0 (perl)
OO interface for spell-checking a block of text

p5.30-text-vfile-asdata @0.80.0_1 (perl)
Reads vFile format files, such as vCard (RFC 2426) and vCalendar (RFC 2445)

p5.30-tk @804.36.0_1 (perl)
p5-tk is a Perl interface to Tk

p5.30-tkx @1.100.0 (perl)
Yet another Tk interface

p5.30-tree-simple-visitorfactory @0.160.0 (perl)
A factory object for dispensing Visitor objects

p5.30-unix-groups-ffi @1.0.0 (perl)
Unix::Groups::FFI - Interface to Unix group syscalls

p5.30-uuid-tiny @1.40.0 (perl)
UUID::Tiny - Pure Perl UUID Support With Functional Interface

p5.30-www-curl @4.170.0_12 (perl)
Perl extension interface for libcurl

p5.30-www-shorten @3.94.0 (perl)
Interface to URL shortening sites

p5.30-www-shorten-googl @1.100.0 (perl)
Perl interface to goo.gl

p5.30-www-wolframalpha @1.100.0_3 (perl)
WWW::WolframAlpha API - Interface to Wolfram|Alpha API

p5.30-wx @0.993.200 (perl)
Interface to the wxWidgets cross-platform GUI toolkit

p5.30-xml-libxml @2.21.0_1 (perl, textproc)
Perl interface to libxml2

p5.30-xml-libxslt @2.3.0_3 (perl, textproc)
Perl interface to libxslt.

p5.30-xml-parser @2.470.0 (perl, textproc)
This is a Perl extension interface to expat.

p5.32-app-cli @0.520.0 (perl)
Dispatcher module for command line interface programs.

p5.32-archive-zip @1.680.0 (perl)
Interface to zip archive files

p5.32-astro-fits-cfitsio @1.180.0 (perl)
Interface to William Pence's cfitsio subroutine library

p5.32-audio-flac-header @2.400.0_5 (perl)
Interface to FLAC header metadata

p5.32-authen-pam @0.160.0 (perl)
Authen::PAM - Perl interface to PAM library

p5.32-bio-db-embl @1.7.4 (perl)
Bio::DB::EMBL - Database object interface for EMBL entry retrieval

p5.32-cache-cache @1.80.0 (perl)
Cache::Cache, the Cache interface

p5.32-cairo @1.109.0 (perl)
Perl interface to the cairo 2d vector graphics library

p5.32-cbor-xs @1.870.0 (perl)
CBOR::XS - Concise Binary Object Representation (CBOR, RFC7049)

p5.32-cgi @4.710.0 (perl)
CGI - Handle Common Gateway Interface requests and responses

p5.32-cgi-fast @2.170.0 (perl)
CGI::Fast - CGI Interface for Fast CGI

p5.32-cgi-fasttemplate @1.90.0_1 (perl)
CGI::FastTemplate - Perl extension for managing templates, and performing variable interpolation.

p5.32-cgi-simple @1.282.0 (perl)
CGI::Simple - A Simple totally OO CGI interface that is CGI.pm compliant

p5.32-chart-clicker @2.900.0 (perl)
Chart::Clicker - Powerful, extensible charting

p5.32-chi @0.610.0 (perl)
CHI - Unified cache handling interface

p5.32-compress-bzip2 @2.280.0 (perl)
Perl interface to the bzip2 compression algorithms

p5.32-compress-raw-bzip2 @2.217.0 (perl)
Compress::Raw::Bzip2 - Low-Level Interface to bzip2 compression library

p5.32-compress-raw-lzma @2.217.0 (perl)
Compress::Raw::Lzma - Low-Level Perl Interface to lzma compression library

p5.32-compress-raw-zlib @2.218.0 (perl)
Compress::Raw::Zlib - Low-Level Interface to zlib or zlib-ng compression library

p5.32-compress-snappy @0.250.0 (perl)
Perl interface to Google's Snappy (de)compressor

p5.32-compress-stream-zstd @0.217.0 (perl)
Compress::Stream::Zstd - Perl interface to the Zstd (Zstandard) (de)compressor

p5.32-convert-uulib @1.800.0 (perl)
Perl interface to the uulib library

p5.32-crypt-argon2 @0.30.0 (perl)
Crypt::Argon2 - Perl interface to the Argon2 key derivation functions

p5.32-crypt-dh @0.70.0_1 (perl)
Perl5 interface to a Diffie-Hellman key exchange system

p5.32-crypt-gcrypt @1.260.0_2 (perl)
Perl interface to the GNU Cryptographic library

p5.32-crypt-sysrandom @0.7.0 (perl)
Crypt::SysRandom - Perl interface to system randomness

p5.32-crypt-sysrandom-xs @0.9.0 (perl)
Crypt::SysRandom::XS - Perl interface to system randomness, XS version

p5.32-crypt-unixcrypt_xs @0.110.0 (perl)
Crypt::UnixCrypt_XS - perl xs interface for a portable traditional crypt function.

p5.32-curses-ui @0.960.900 (perl)
A curses based OO user interface framework

p5.32-dancer @1.352.200 (perl)
Lightweight yet powerful web application framework

p5.32-dancer2 @2.0.1_1 (perl)
Dancer2 - Lightweight yet powerful web application framework

p5.32-data-ical @0.240.0 (perl)
Generates iCalendar (RFC 2445) calendar files

p5.32-datetime-format-mail @0.403.0 (perl)
Convert between DateTime and RFC2822/822 formats

p5.32-datetime-format-strptime @1.800.0 (perl)
DateTime::Format::Strptime - Parse and format strp and strf time patterns

p5.32-dbd-mysql @5.13.0 (perl)
DBD::mysql - MySQL driver for the Perl5 Database Interface (DBI)

p5.32-dbd-sqlite2 @0.380.0 (perl)
perl dbd interface to SQLite (old version 2)

p5.32-devel-nytprof @6.140.0 (perl)
Powerful feature-rich perl source code profiler

p5.32-digest-gost @0.60.0 (perl)
Digest::GOST - Perl interface to the GOST R 34.11-94 digest algorithm

p5.32-digest-md2 @2.40.0 (perl)
Perl interface to the MD2 Algorithm

p5.32-digest-md4 @1.900.0 (perl)
Perl interface to the MD4 Algorithm

p5.32-digest-sha1 @2.130.0_4 (perl)
Perl interface to the SHA-1 Algorithm

p5.32-email-abstract @3.10.0 (perl)
Email::Abstract - unified interface to mail representations

p5.32-email-address @1.913.0 (perl)
Email::Address - RFC 2822 Address Parsing and Creation

p5.32-email-address-xs @1.50.0 (perl)
Email::Address::XS - Parse and format RFC 2822 email addresses and groups

p5.32-email-date-format @1.8.0 (perl)
generates RFC 2822-compliant datetime strings

p5.32-email-mime-encodings @1.317.0 (perl)
A unified interface to MIME encoding and decoding

p5.32-email-send @2.202.0 (perl)
This module provides a very simple, specific interface to multiple Email mailers.

p5.32-email-simple @2.218.0 (perl)
simple parsing of RFC2822 message format and headers

p5.32-ev @4.370.0 (perl)
EV - perl interface to libev, a high performance full-featured event loop

p5.32-eval @2.2.8_4 (perl, biology)
Eval is a flexible tool for analyzing the performance of gene-structure prediction programs.

p5.32-extutils-builder-compiler @0.35.0 (perl)
ExtUtils::Builder::Compiler - An interface around different compilers

p5.32-extutils-pkgconfig @1.160.0 (perl)
Simplistic interface to pkg-config

p5.32-file-find-object-rule @0.31.300 (perl)
File::Find::Object::Rule - Alternative interface to File::Find::Object

p5.32-file-find-rule @0.350.0 (perl)
File::Find::Rule - Alternative interface to File::Find

p5.32-file-keepass @2.30.0 (perl)
Interface to KeePass V1 and V2 database files

p5.32-file-monitor @1.0.0_1 (perl)
File monitoring interface

p5.32-file-monitor-lite @0.652.3_1 (perl)
A friendly interface to File::Monitor

p5.32-file-tempdir @0.20.0_3 (perl)
Provides an object interface to tempdir() from File::Temp.

p5.32-flickr-api @1.290.0 (perl)
Perl interface to the Flickr API

p5.32-font-afm @1.200.0_2 (perl)
Interface to Adobe Font Metrics files.

p5.32-gd @2.840.0 (perl)
GD.pm - Interface to Gd Graphics Library

p5.32-getopt-long-descriptive @0.116.0 (perl)
Getopt::Long::Descriptive - Getopt::Long, but simpler and more powerful

p5.32-git-wrapper @0.48.0 (perl)
Git::Wrapper - Wrap git(7) command-line interface

p5.32-gnupg-interface @1.50.0 (perl)
GnuPG::Interface - Perl interface to GnuPG

p5.32-google-protocolbuffers @0.120.0 (perl)
simple interface to Google Protocol Buffers

p5.32-gps @0.170.0 (perl)
Perl interface to GPS receivers using Garmin or NMEA protocols

p5.32-graphics-gnuplotif @1.800.0 (perl)
Graphics::GnuplotIF - A dynamic Perl interface to gnuplot.

p5.32-graphviz @2.260.0 (perl)
Interface to the GraphViz graphing tool

p5.32-gtk3 @0.38.0 (perl)
Gtk3 - Perl interface to the 3.x series of the gtk+ toolkit

p5.32-gtk3-simplelist @0.210.0 (perl)
Gtk3::SimpleList - A simple interface to Gtk3's complex MVC list widget

p5.32-html-mason @1.600.0 (perl)
High-performance, dynamic web site authoring system

p5.32-html-tokeparser-simple @3.160.0_1 (perl)
a simpler interface to HTML::TokeParser

p5.32-http-tiny-mech @1.1.2 (perl)
HTTP::Tiny::Mech - Wrap a WWW::Mechanize instance in an HTTP::Tiny compatible interface.

p5.32-ifeffit @1.2.13_2 (perl)
Perl interface to ifeffit

p5.32-image-imlib2 @2.30.0_1 (perl)
Perl interface to the Imlib2 image library

p5.32-importer @0.26.0 (perl)
Importer - Alternative but compatible interface to modules that export symbols.

p5.32-io-interface @1.90.0 (perl)
Perl extension for access to network card configuration information

p5.32-io-kqueue @0.390.0_1 (perl)
Perl interface to the BSD kqueue system call

p5.32-io-pty-easy @0.100.0 (perl)
Easy interface to IO::Pty

p5.32-io-socket-inet6 @2.730.0 (perl)
IO::Socket::INET6 object interface to IPv6

p5.32-io-socket-ssl @2.98.0 (perl)
IO::Socket::SSL - SSL sockets with IO::Socket interface

p5.32-io-string @1.80.0_4 (perl)
IO::String - Emulate file interface for in-core strings

p5.32-io-stty @0.40.0 (perl)
Provide an interface to TTYs and PTYs

p5.32-io-tty @1.200.0 (perl)
Provide an interface to TTYs and PTYs

p5.32-io-zlib @1.150.0 (perl)
IO::-style interface to Compress::Zlib

p5.32-ipc-sharelite @0.170.0_1 (perl)
Lightweight interface to shared memory

p5.32-javascript-spidermonkey @0.250.0 (perl, www)
Perl interface to the JavaScript Engine

p5.32-locale-gettext @1.70.0_1 (perl)
Perl interface to GNU gettext

p5.32-locale-maketext-simple @0.210.0_3 (perl)
Simple interface to Locale::Maketext::Lexicon.

p5.32-log-message-simple @0.100.0 (perl)
Log::Message::Simple - Simplified interface to Log::Message

p5.32-mail-pop3client @2.210.0 (perl)
Perl 5 module to talk to a POP3 (RFC1939) server

p5.32-mail-rfc822-address @0.300.0 (perl)
Perl extension for validating email addresses according to RFC822

p5.32-mail-srs @0.310.0_3 (perl)
Mail::SRS - Interface to Sender Rewriting Scheme

p5.32-mail-webmail-gmail @1.90.0_3 (perl)
An interface to Google's webmail service

p5.32-mason @2.240.0 (perl)
Mason - Powerful, high-performance templating for the web and beyond

p5.32-math-combinatorics @0.90.0_1 (perl)
Math::Combinatorics - Perform combinations and permutations on lists.

p5.32-math-gmpf @0.530.0 (perl)
Math::GMPf - perl interface to the GMP library's floating point (mpf) functions.

p5.32-math-gmpq @0.680.0 (perl)
Math::GMPq - perl interface to the GMP library's rational (mpq) functions.

p5.32-math-gmpz @0.680.0 (perl)
Math::GMPz - perl interface to the GMP library's integer (mpz) functions.

p5.32-math-longdouble @0.260.0 (perl)
Math::LongDouble - perl interface to C's long double operations

p5.32-math-mpc @1.330.0 (perl)
Math::MPC - perl interface to the MPC (multi precision complex) library.

p5.32-math-mpfi @0.130.0 (perl)
Perl interface to the MPFI (interval arithmetic) library.

p5.32-math-mpfr @4.460.0 (perl, math)
Math::MPFR - perl interface to the MPFR (floating point) library.

p5.32-math-pari @2.30.528 (perl)
Math::Pari - Perl interface to PARI.

p5.32-math-random-isaac @1.4.0 (perl, math)
Perl interface to the ISAAC PRNG algorithm

p5.32-mediawiki-api @0.520.0 (perl)
MediaWiki::API - Provides a Perl interface to the MediaWiki API

p5.32-mime-encwords @1.015.0 (perl)
Deal with RFC 2047 encoded words

p5.32-monotone-automatestdio @1.100.0 (perl)
Perl interface to Monotone via automate stdio

p5.32-mro-compat @0.150.0 (perl)
mro::* interface compatibility for Perls < 5.9.5

p5.32-mytop @1.700.0 (perl)
display MySQL server performance info like `top'

p5.32-net @3.150.0 (perl)
libnet is a collection of Perl modules which provides a simple and consistent programming interface (API) to the client side of various protocols used in the internet community.

p5.32-net-curl @0.580.0 (perl)
Net::Curl - Perl interface for libcurl

p5.32-net-dns @1.540.0 (perl)
Net::DNS - Perl Interface to the Domain Name System

p5.32-net-eboks @0.110.0 (perl)
Interface for e-Boks, the Danish national email system.

p5.32-net-github @1.50.0 (perl)
Net::GitHub - Perl Interface for github.com

p5.32-net-ldap-express @0.120.0 (perl)
Net::LDAP::Express - Simplified interface for Net::LDAP

p5.32-net-pcap @0.210.0 (perl)
Interface to pcap(3) LBL packet capture library

p5.32-net-ping-external @0.150.0 (perl)
Cross-platform interface to ICMP 'ping' utilities

p5.32-net-radius @2.103.0_1 (perl)
An interface to the RADIUS protocol.

p5.32-net-snmp @6.0.1_1 (perl)
Object oriented interface to SNMP

p5.32-net-ssh-perl @2.144.0 (perl)
Net::SSH::Perl - Perl client Interface to SSH

p5.32-net-twitter @4.10.430 (perl)
DEPRECATED: A Perl interface to the Twitter API

p5.32-net-twitter-lite @0.120.80 (perl)
A perl interface to the Twitter API

p5.32-news-nntpclient @0.370.0_3 (perl, news)
News::NNTPClient - Perl 5 module to talk to NNTP (RFC977) server

p5.32-nmap-scanner @1.0.0_5 (perl)
Perform and manipulate nmap scans using perl

p5.32-ole-storage_lite @0.240.0 (perl)
OLE::Storage_Lite - Simple Class for OLE document interface

p5.32-pdl-fftw3 @0.203.0 (perl)
PDL::FFTW3 - PDL interface to the Fastest Fourier Transform in the West v3

p5.32-pdl-graphics-plplot @0.740.0 (perl)
PDL::Graphics::PLplot - An object-oriented interface from Perl/PDL to the PLPLOT plotting library

p5.32-pdl-gsl @2.101.0 (perl)
PDL::GSL - PDL interface to the GNU Scientific Library

p5.32-pdl-io-gd @2.103.0 (perl)
PDL::IO::GD - Interface to the GD image library

p5.32-pdl-io-hdf @2.3.0 (perl)
PDL::IO::HDF - A PDL interface to the HDF4 library

p5.32-pdl-io-hdf5 @0.762.0 (perl)
PDL::IO::HDF5 - PDL Interface to the HDF5 Data Format.

p5.32-perl-ldap @0.680.0_1 (perl)
A client interface to LDAP servers

p5.32-pgtop @0.110.0_1 (perl)
display PostgreSQL performance info like `top'

p5.32-plack-test-agent @1.600.0 (perl)
Plack::Test::Agent - OO interface for testing low-level Plack/PSGI apps

p5.32-posix-strftime-compiler @0.460.0 (perl)
GNU C library compatible strftime for loggers and servers

p5.32-psgi @1.102.0_1 (perl)
Perl Web Server Gateway Interface Specification

p5.32-sereal @5.4.0 (perl)
Sereal - Fast, compact, powerful binary (de-)serialization

p5.32-sereal-decoder @5.4.0 (perl)
Sereal::Decoder - Fast, compact, powerful binary deserialization

p5.32-sereal-encoder @5.4.0 (perl)
Sereal::Encoder - Fast, compact, powerful binary serialization

p5.32-sgml-parser-opensp @0.994.0_5 (perl)
Provides an interface to the OpenSP SGML parser.

p5.32-soap-lite @1.270.0 (perl)
A simple interface to the Simple Object Access Protocol

p5.32-spiffy @0.460.0 (perl)
Spiffy Perl Interface Framework For You

p5.32-starman @0.401.700 (perl)
Starman - High-performance preforking PSGI/Plack web server

p5.32-string-crc32 @2.100.0 (perl)
Perl interface for cyclic redundency check generation

p5.32-string-errf @0.9.0 (perl)
String::Errf - a simple sprintf-like dialect

p5.32-svn-dump @0.80.0 (perl)
A Perl interface to Subversion dumps

p5.32-syntax-highlight-perl @1.0.0_1 (perl)
Perform syntax highlighting of Perl code

p5.32-sys-syslog @0.360.0 (perl)
Perl interface to the UNIX syslog(3) calls

p5.32-tcl-ptk @1.110.0 (perl)
Tcl::pTk - Interface to Tcl/Tk with Perl/Tk compatible syntax

p5.32-template-gd @2.660.0_4 (perl)
Template Toolkit plugin to interface with GD modules

p5.32-template-plugin-cgi @3.101.0 (perl)
Template::Plugin::CGI - Simple Template Toolkit plugin interfacing to the CGI.pm module

p5.32-term-editline @0.110.0 (perl)
Term::EditLine is an object oriented perl interface to the NetBSD editline library.

p5.32-term-readline @1.140.0 (perl)
Term::ReadLine - Perl interface to various readline packages.

p5.32-test-mockobject @1.202.1.220 (perl)
Perl extension for emulating troublesome interfaces

p5.32-text-aspell @0.90.0_2 (perl)
perl interface to GNU aspell.

p5.32-text-bibtex @0.910.0 (perl)
Text::BibTeX - interface to read and parse BibTeX files

p5.32-text-diff @1.450.0 (perl)
This is a Perl extension for performing diffs on files and record sets.

p5.32-text-iconv @1.700.0 (perl)
Perl interface to iconv() codeset conversion function

p5.32-text-kakasi @2.40.0_4 (perl, textproc, japanese)
This module provides interface to kakasi.

p5.32-text-spellchecker @0.140.0 (perl)
OO interface for spell-checking a block of text

p5.32-text-vfile-asdata @0.80.0_1 (perl)
Reads vFile format files, such as vCard (RFC 2426) and vCalendar (RFC 2445)

p5.32-tk @804.36.0_1 (perl)
p5-tk is a Perl interface to Tk

p5.32-tkx @1.100.0 (perl)
Yet another Tk interface

p5.32-tree-simple-visitorfactory @0.160.0 (perl)
A factory object for dispensing Visitor objects

p5.32-unix-groups-ffi @1.0.0 (perl)
Unix::Groups::FFI - Interface to Unix group syscalls

p5.32-uuid-tiny @1.40.0 (perl)
UUID::Tiny - Pure Perl UUID Support With Functional Interface

p5.32-www-curl @4.170.0_12 (perl)
Perl extension interface for libcurl

p5.32-www-shorten @3.94.0 (perl)
Interface to URL shortening sites

p5.32-www-shorten-googl @1.100.0 (perl)
Perl interface to goo.gl

p5.32-www-wolframalpha @1.100.0_3 (perl)
WWW::WolframAlpha API - Interface to Wolfram|Alpha API

p5.32-wx @0.993.200 (perl)
Interface to the wxWidgets cross-platform GUI toolkit

p5.32-xml-libxml @2.21.0_1 (perl, textproc)
Perl interface to libxml2

p5.32-xml-libxslt @2.3.0_3 (perl, textproc)
Perl interface to libxslt.

p5.32-xml-parser @2.470.0 (perl, textproc)
This is a Perl extension interface to expat.

p5.34-app-cli @0.520.0 (perl)
Dispatcher module for command line interface programs.

p5.34-archive-zip @1.680.0 (perl)
Interface to zip archive files

p5.34-astro-fits-cfitsio @1.180.0 (perl)
Interface to William Pence's cfitsio subroutine library

p5.34-audio-flac-header @2.400.0_5 (perl)
Interface to FLAC header metadata

p5.34-authen-pam @0.160.0 (perl)
Authen::PAM - Perl interface to PAM library

p5.34-bio-db-embl @1.7.4 (perl)
Bio::DB::EMBL - Database object interface for EMBL entry retrieval

p5.34-cache-cache @1.80.0 (perl)
Cache::Cache, the Cache interface

p5.34-cairo @1.109.0 (perl)
Perl interface to the cairo 2d vector graphics library

p5.34-cbor-xs @1.870.0 (perl)
CBOR::XS - Concise Binary Object Representation (CBOR, RFC7049)

p5.34-cgi @4.710.0 (perl)
CGI - Handle Common Gateway Interface requests and responses

p5.34-cgi-fast @2.170.0 (perl)
CGI::Fast - CGI Interface for Fast CGI

p5.34-cgi-fasttemplate @1.90.0_1 (perl)
CGI::FastTemplate - Perl extension for managing templates, and performing variable interpolation.

p5.34-cgi-simple @1.282.0 (perl)
CGI::Simple - A Simple totally OO CGI interface that is CGI.pm compliant

p5.34-chart-clicker @2.900.0 (perl)
Chart::Clicker - Powerful, extensible charting

p5.34-chi @0.610.0 (perl)
CHI - Unified cache handling interface

p5.34-compress-bzip2 @2.280.0 (perl)
Perl interface to the bzip2 compression algorithms

p5.34-compress-raw-bzip2 @2.217.0 (perl)
Compress::Raw::Bzip2 - Low-Level Interface to bzip2 compression library

p5.34-compress-raw-lzma @2.217.0 (perl)
Compress::Raw::Lzma - Low-Level Perl Interface to lzma compression library

p5.34-compress-raw-zlib @2.218.0 (perl)
Compress::Raw::Zlib - Low-Level Interface to zlib or zlib-ng compression library

p5.34-compress-snappy @0.250.0 (perl)
Perl interface to Google's Snappy (de)compressor

p5.34-compress-stream-zstd @0.217.0 (perl)
Compress::Stream::Zstd - Perl interface to the Zstd (Zstandard) (de)compressor

p5.34-convert-uulib @1.800.0 (perl)
Perl interface to the uulib library

p5.34-crypt-argon2 @0.30.0 (perl)
Crypt::Argon2 - Perl interface to the Argon2 key derivation functions

p5.34-crypt-dh @0.70.0_1 (perl)
Perl5 interface to a Diffie-Hellman key exchange system

p5.34-crypt-gcrypt @1.260.0_2 (perl)
Perl interface to the GNU Cryptographic library

p5.34-crypt-sysrandom @0.7.0 (perl)
Crypt::SysRandom - Perl interface to system randomness

p5.34-crypt-sysrandom-xs @0.9.0 (perl)
Crypt::SysRandom::XS - Perl interface to system randomness, XS version

p5.34-crypt-unixcrypt_xs @0.110.0 (perl)
Crypt::UnixCrypt_XS - perl xs interface for a portable traditional crypt function.

p5.34-curses-ui @0.960.900 (perl)
A curses based OO user interface framework

p5.34-dancer @1.352.200 (perl)
Lightweight yet powerful web application framework

p5.34-dancer2 @2.0.1_1 (perl)
Dancer2 - Lightweight yet powerful web application framework

p5.34-data-ical @0.240.0 (perl)
Generates iCalendar (RFC 2445) calendar files

p5.34-datetime-format-mail @0.403.0 (perl)
Convert between DateTime and RFC2822/822 formats

p5.34-datetime-format-strptime @1.800.0 (perl)
DateTime::Format::Strptime - Parse and format strp and strf time patterns

p5.34-dbd-mysql @5.13.0 (perl)
DBD::mysql - MySQL driver for the Perl5 Database Interface (DBI)

p5.34-dbd-sqlite2 @0.380.0 (perl)
perl dbd interface to SQLite (old version 2)

p5.34-devel-nytprof @6.140.0 (perl)
Powerful feature-rich perl source code profiler

p5.34-digest-gost @0.60.0 (perl)
Digest::GOST - Perl interface to the GOST R 34.11-94 digest algorithm

p5.34-digest-md2 @2.40.0 (perl)
Perl interface to the MD2 Algorithm

p5.34-digest-md4 @1.900.0 (perl)
Perl interface to the MD4 Algorithm

p5.34-digest-sha1 @2.130.0_4 (perl)
Perl interface to the SHA-1 Algorithm

p5.34-email-abstract @3.10.0 (perl)
Email::Abstract - unified interface to mail representations

p5.34-email-address @1.913.0 (perl)
Email::Address - RFC 2822 Address Parsing and Creation

p5.34-email-address-xs @1.50.0 (perl)
Email::Address::XS - Parse and format RFC 2822 email addresses and groups

p5.34-email-date-format @1.8.0 (perl)
generates RFC 2822-compliant datetime strings

p5.34-email-mime-encodings @1.317.0 (perl)
A unified interface to MIME encoding and decoding

p5.34-email-send @2.202.0 (perl)
This module provides a very simple, specific interface to multiple Email mailers.

p5.34-email-simple @2.218.0 (perl)
simple parsing of RFC2822 message format and headers

p5.34-ev @4.370.0 (perl)
EV - perl interface to libev, a high performance full-featured event loop

p5.34-eval @2.2.8_4 (perl, biology)
Eval is a flexible tool for analyzing the performance of gene-structure prediction programs.

p5.34-extutils-builder-compiler @0.35.0 (perl)
ExtUtils::Builder::Compiler - An interface around different compilers

p5.34-extutils-pkgconfig @1.160.0 (perl)
Simplistic interface to pkg-config

p5.34-file-find-object-rule @0.31.300 (perl)
File::Find::Object::Rule - Alternative interface to File::Find::Object

p5.34-file-find-rule @0.350.0 (perl)
File::Find::Rule - Alternative interface to File::Find

p5.34-file-keepass @2.30.0 (perl)
Interface to KeePass V1 and V2 database files

p5.34-file-monitor @1.0.0_1 (perl)
File monitoring interface

p5.34-file-monitor-lite @0.652.3_1 (perl)
A friendly interface to File::Monitor

p5.34-file-tempdir @0.20.0_3 (perl)
Provides an object interface to tempdir() from File::Temp.

p5.34-flickr-api @1.290.0 (perl)
Perl interface to the Flickr API

p5.34-font-afm @1.200.0_2 (perl)
Interface to Adobe Font Metrics files.

p5.34-gd @2.840.0 (perl)
GD.pm - Interface to Gd Graphics Library

p5.34-getopt-long-descriptive @0.116.0 (perl)
Getopt::Long::Descriptive - Getopt::Long, but simpler and more powerful

p5.34-git-wrapper @0.48.0 (perl)
Git::Wrapper - Wrap git(7) command-line interface

p5.34-gnupg-interface @1.50.0 (perl)
GnuPG::Interface - Perl interface to GnuPG

p5.34-google-protocolbuffers @0.120.0 (perl)
simple interface to Google Protocol Buffers

p5.34-gps @0.170.0 (perl)
Perl interface to GPS receivers using Garmin or NMEA protocols

p5.34-graphics-gnuplotif @1.800.0 (perl)
Graphics::GnuplotIF - A dynamic Perl interface to gnuplot.

p5.34-graphviz @2.260.0 (perl)
Interface to the GraphViz graphing tool

p5.34-gtk3 @0.38.0 (perl)
Gtk3 - Perl interface to the 3.x series of the gtk+ toolkit

p5.34-gtk3-simplelist @0.210.0 (perl)
Gtk3::SimpleList - A simple interface to Gtk3's complex MVC list widget

p5.34-html-mason @1.600.0 (perl)
High-performance, dynamic web site authoring system

p5.34-html-tokeparser-simple @3.160.0_1 (perl)
a simpler interface to HTML::TokeParser

p5.34-http-tiny-mech @1.1.2 (perl)
HTTP::Tiny::Mech - Wrap a WWW::Mechanize instance in an HTTP::Tiny compatible interface.

p5.34-ifeffit @1.2.13_2 (perl)
Perl interface to ifeffit

p5.34-image-imlib2 @2.30.0_1 (perl)
Perl interface to the Imlib2 image library

p5.34-importer @0.26.0 (perl)
Importer - Alternative but compatible interface to modules that export symbols.

p5.34-io-interface @1.90.0 (perl)
Perl extension for access to network card configuration information

p5.34-io-kqueue @0.390.0_1 (perl)
Perl interface to the BSD kqueue system call

p5.34-io-pty-easy @0.100.0 (perl)
Easy interface to IO::Pty

p5.34-io-socket-inet6 @2.730.0 (perl)
IO::Socket::INET6 object interface to IPv6

p5.34-io-socket-ssl @2.98.0 (perl)
IO::Socket::SSL - SSL sockets with IO::Socket interface

p5.34-io-string @1.80.0_4 (perl)
IO::String - Emulate file interface for in-core strings

p5.34-io-stty @0.40.0 (perl)
Provide an interface to TTYs and PTYs

p5.34-io-tty @1.200.0 (perl)
Provide an interface to TTYs and PTYs

p5.34-io-zlib @1.150.0 (perl)
IO::-style interface to Compress::Zlib

p5.34-ipc-sharelite @0.170.0_1 (perl)
Lightweight interface to shared memory

p5.34-javascript-spidermonkey @0.250.0 (perl, www)
Perl interface to the JavaScript Engine

p5.34-locale-gettext @1.70.0_1 (perl)
Perl interface to GNU gettext

p5.34-locale-maketext-simple @0.210.0_3 (perl)
Simple interface to Locale::Maketext::Lexicon.

p5.34-log-message-simple @0.100.0 (perl)
Log::Message::Simple - Simplified interface to Log::Message

p5.34-mail-pop3client @2.210.0 (perl)
Perl 5 module to talk to a POP3 (RFC1939) server

p5.34-mail-rfc822-address @0.300.0 (perl)
Perl extension for validating email addresses according to RFC822

p5.34-mail-srs @0.310.0_3 (perl)
Mail::SRS - Interface to Sender Rewriting Scheme

p5.34-mail-webmail-gmail @1.90.0_3 (perl)
An interface to Google's webmail service

p5.34-mason @2.240.0 (perl)
Mason - Powerful, high-performance templating for the web and beyond

p5.34-math-combinatorics @0.90.0_1 (perl)
Math::Combinatorics - Perform combinations and permutations on lists.

p5.34-math-gmpf @0.530.0 (perl)
Math::GMPf - perl interface to the GMP library's floating point (mpf) functions.

p5.34-math-gmpq @0.680.0 (perl)
Math::GMPq - perl interface to the GMP library's rational (mpq) functions.

p5.34-math-gmpz @0.680.0 (perl)
Math::GMPz - perl interface to the GMP library's integer (mpz) functions.

p5.34-math-longdouble @0.260.0 (perl)
Math::LongDouble - perl interface to C's long double operations

p5.34-math-mpc @1.330.0 (perl)
Math::MPC - perl interface to the MPC (multi precision complex) library.

p5.34-math-mpfi @0.130.0 (perl)
Perl interface to the MPFI (interval arithmetic) library.

p5.34-math-mpfr @4.460.0 (perl, math)
Math::MPFR - perl interface to the MPFR (floating point) library.

p5.34-math-pari @2.30.528 (perl)
Math::Pari - Perl interface to PARI.

p5.34-math-random-isaac @1.4.0 (perl, math)
Perl interface to the ISAAC PRNG algorithm

p5.34-mediawiki-api @0.520.0 (perl)
MediaWiki::API - Provides a Perl interface to the MediaWiki API

p5.34-mime-encwords @1.015.0 (perl)
Deal with RFC 2047 encoded words

p5.34-monotone-automatestdio @1.100.0 (perl)
Perl interface to Monotone via automate stdio

p5.34-mro-compat @0.150.0 (perl)
mro::* interface compatibility for Perls < 5.9.5

p5.34-mytop @1.700.0 (perl)
display MySQL server performance info like `top'

p5.34-net @3.150.0 (perl)
libnet is a collection of Perl modules which provides a simple and consistent programming interface (API) to the client side of various protocols used in the internet community.

p5.34-net-curl @0.580.0 (perl)
Net::Curl - Perl interface for libcurl

p5.34-net-dns @1.540.0 (perl)
Net::DNS - Perl Interface to the Domain Name System

p5.34-net-eboks @0.110.0 (perl)
Interface for e-Boks, the Danish national email system.

p5.34-net-github @1.50.0 (perl)
Net::GitHub - Perl Interface for github.com

p5.34-net-ldap-express @0.120.0 (perl)
Net::LDAP::Express - Simplified interface for Net::LDAP

p5.34-net-pcap @0.210.0 (perl)
Interface to pcap(3) LBL packet capture library

p5.34-net-ping-external @0.150.0 (perl)
Cross-platform interface to ICMP 'ping' utilities

p5.34-net-radius @2.103.0_1 (perl)
An interface to the RADIUS protocol.

p5.34-net-snmp @6.0.1_1 (perl)
Object oriented interface to SNMP

p5.34-net-ssh-perl @2.144.0 (perl)
Net::SSH::Perl - Perl client Interface to SSH

p5.34-net-twitter @4.10.430 (perl)
DEPRECATED: A Perl interface to the Twitter API

p5.34-net-twitter-lite @0.120.80 (perl)
A perl interface to the Twitter API

p5.34-news-nntpclient @0.370.0_3 (perl, news)
News::NNTPClient - Perl 5 module to talk to NNTP (RFC977) server

p5.34-nmap-scanner @1.0.0_5 (perl)
Perform and manipulate nmap scans using perl

p5.34-ole-storage_lite @0.240.0 (perl)
OLE::Storage_Lite - Simple Class for OLE document interface

p5.34-pdl-fftw3 @0.203.0 (perl)
PDL::FFTW3 - PDL interface to the Fastest Fourier Transform in the West v3

p5.34-pdl-graphics-plplot @0.740.0 (perl)
PDL::Graphics::PLplot - An object-oriented interface from Perl/PDL to the PLPLOT plotting library

p5.34-pdl-gsl @2.101.0 (perl)
PDL::GSL - PDL interface to the GNU Scientific Library

p5.34-pdl-io-gd @2.103.0 (perl)
PDL::IO::GD - Interface to the GD image library

p5.34-pdl-io-hdf @2.3.0 (perl)
PDL::IO::HDF - A PDL interface to the HDF4 library

p5.34-pdl-io-hdf5 @0.762.0 (perl)
PDL::IO::HDF5 - PDL Interface to the HDF5 Data Format.

p5.34-perl-ldap @0.680.0_1 (perl)
A client interface to LDAP servers

p5.34-pgtop @0.110.0_1 (perl)
display PostgreSQL performance info like `top'

p5.34-plack-test-agent @1.600.0 (perl)
Plack::Test::Agent - OO interface for testing low-level Plack/PSGI apps

p5.34-posix-strftime-compiler @0.460.0 (perl)
GNU C library compatible strftime for loggers and servers

p5.34-psgi @1.102.0_1 (perl)
Perl Web Server Gateway Interface Specification

p5.34-sereal @5.4.0 (perl)
Sereal - Fast, compact, powerful binary (de-)serialization

p5.34-sereal-decoder @5.4.0 (perl)
Sereal::Decoder - Fast, compact, powerful binary deserialization

p5.34-sereal-encoder @5.4.0 (perl)
Sereal::Encoder - Fast, compact, powerful binary serialization

p5.34-sgml-parser-opensp @0.994.0_5 (perl)
Provides an interface to the OpenSP SGML parser.

p5.34-soap-lite @1.270.0 (perl)
A simple interface to the Simple Object Access Protocol

p5.34-spiffy @0.460.0 (perl)
Spiffy Perl Interface Framework For You

p5.34-starman @0.401.700 (perl)
Starman - High-performance preforking PSGI/Plack web server

p5.34-string-crc32 @2.100.0 (perl)
Perl interface for cyclic redundency check generation

p5.34-string-errf @0.9.0 (perl)
String::Errf - a simple sprintf-like dialect

p5.34-svn-dump @0.80.0 (perl)
A Perl interface to Subversion dumps

p5.34-syntax-highlight-perl @1.0.0_1 (perl)
Perform syntax highlighting of Perl code

p5.34-sys-syslog @0.360.0 (perl)
Perl interface to the UNIX syslog(3) calls

p5.34-tcl-ptk @1.110.0 (perl)
Tcl::pTk - Interface to Tcl/Tk with Perl/Tk compatible syntax

p5.34-template-gd @2.660.0_4 (perl)
Template Toolkit plugin to interface with GD modules

p5.34-template-plugin-cgi @3.101.0 (perl)
Template::Plugin::CGI - Simple Template Toolkit plugin interfacing to the CGI.pm module

p5.34-term-editline @0.110.0 (perl)
Term::EditLine is an object oriented perl interface to the NetBSD editline library.

p5.34-term-readline @1.140.0 (perl)
Term::ReadLine - Perl interface to various readline packages.

p5.34-test-mockobject @1.202.1.220 (perl)
Perl extension for emulating troublesome interfaces

p5.34-text-aspell @0.90.0_2 (perl)
perl interface to GNU aspell.

p5.34-text-bibtex @0.910.0 (perl)
Text::BibTeX - interface to read and parse BibTeX files

p5.34-text-diff @1.450.0 (perl)
This is a Perl extension for performing diffs on files and record sets.

p5.34-text-iconv @1.700.0 (perl)
Perl interface to iconv() codeset conversion function

p5.34-text-kakasi @2.40.0_4 (perl, textproc, japanese)
This module provides interface to kakasi.

p5.34-text-spellchecker @0.140.0 (perl)
OO interface for spell-checking a block of text

p5.34-text-vfile-asdata @0.80.0_1 (perl)
Reads vFile format files, such as vCard (RFC 2426) and vCalendar (RFC 2445)

p5.34-tk @804.36.0_1 (perl)
p5-tk is a Perl interface to Tk

p5.34-tkx @1.100.0 (perl)
Yet another Tk interface

p5.34-tree-simple-visitorfactory @0.160.0 (perl)
A factory object for dispensing Visitor objects

p5.34-unix-groups-ffi @1.0.0 (perl)
Unix::Groups::FFI - Interface to Unix group syscalls

p5.34-uuid-tiny @1.40.0 (perl)
UUID::Tiny - Pure Perl UUID Support With Functional Interface

p5.34-www-curl @4.170.0_12 (perl)
Perl extension interface for libcurl

p5.34-www-shorten @3.94.0 (perl)
Interface to URL shortening sites

p5.34-www-shorten-googl @1.100.0 (perl)
Perl interface to goo.gl

p5.34-www-wolframalpha @1.100.0_3 (perl)
WWW::WolframAlpha API - Interface to Wolfram|Alpha API

p5.34-wx @0.993.200 (perl)
Interface to the wxWidgets cross-platform GUI toolkit

p5.34-xml-libxml @2.21.0_1 (perl, textproc)
Perl interface to libxml2

p5.34-xml-libxslt @2.3.0_3 (perl, textproc)
Perl interface to libxslt.

p5.34-xml-parser @2.470.0 (perl, textproc)
This is a Perl extension interface to expat.

p5.36-locale-gettext @1.70.0_1 (perl)
Perl interface to GNU gettext

p5.38-locale-gettext @1.70.0_1 (perl)
Perl interface to GNU gettext

pangomm @2.54.0 (x11, devel)
C++ interface to Pango.

pangomm-1.4 @2.46.4 (x11, devel)
C++ interface to Pango.

pangomm-1.4-devel @2.46.4 (x11, devel)
C++ interface to Pango.

pangomm-devel @2.54.0 (x11, devel)
C++ interface to Pango.

paramonte @1.5.1_2 (math, science, fortran)
ParaMonte: plain powerful parallel Monte Carlo and MCMC library

pdl-cli @2.100.0 (perl)
Command line interface scripts for the Perl Data Language (PDL)

pdns-recursor @5.3.1 (net)
a high-end, high-performance resolving name server

perfect_maildir @0.3_7 (mail)
Simple but Perfect mbox to Maildir converter

perforce @2010.1_1 (devel)
Fast source code management system

Performance @0.2.5 (gnustep)
Performance measuring classes

pgintcl @3.4.0 (databases)
Pure Tcl PostgreSQL interface

pgtcl @3.1.1 (databases)
Tcl PostgreSQL interface

php-amqp @2.1.2 (php, net)
AMQP interface for PHP

php-dbase @7.1.1 (php, databases)
a PHP interface for accessing dBase databases

php-excel @1.0.2 (php, textproc)
PHP interface to LibXL for reading and writing Microsoft Excel spreadsheets

php-gdchart @0.2.0 (php, devel)
GDChart Based Graphing Interface

php-imlib2 @0.1.00_1 (php, devel)
Provides an image manipulation interface using libimlib2

php-mcrypt @1.0.7 (php, security)
a PHP interface to the mcrypt library, which offers a wide variety of algorithms

php-opcache @7.0.5 (php)
OPcache improves PHP performance by storing precompiled script bytecode in shared memory, thereby removing the need for PHP to load and parse scripts on each request.

php-openswoole @22.0.0_1 (php, net, devel)
an event-driven asynchronous & concurrent & coroutine networking engine with high performance for PHP

php-psr @1.2.0 (php)
interfaces to PHP Standards Recommendations

php-solr @2.8.0 (php, devel)
a PHP interface to Apache Solr

php-swoole @5.0.3_1 (php, net, devel)
an event-driven asynchronous & concurrent & coroutine networking engine with high performance for PHP

php-Twig @1.16.2 (php, devel)
Enhances the performance of the Twig runtime engine.

php-yaml @2.2.4 (php, devel)
a PHP interface to the YAML parsing library

php52-curl @5.2.17 (php, net, www)
a PHP interface to the curl library, which lets you download files from servers with a variety of protocols

php52-dba @5.2.17 (php, databases)
a PHP interface for accessing DBM databases such as BerkeleyDB

php52-exif @5.2.17 (php, graphics)
a PHP interface to the EXIF image metadata functions

php52-gd @5.2.17_1 (php, graphics)
a PHP interface to the gd library

php52-gettext @5.2.17 (php, devel)
a PHP interface to the gettext natural language support functions

php52-gmp @5.2.17 (php, devel, math)
a PHP interface to GMP, the GNU multiprocessing library through which you can work with arbitrary-length integers

php52-iconv @5.2.17 (php, textproc)
a PHP interface to the libiconv character encoding conversion functions

php52-imap @5.2.17 (php, mail)
a PHP interface to the IMAP protocol

php52-ldap @5.2.17_1 (php, databases)
a PHP interface to LDAP

php52-mcrypt @5.2.17 (php, security)
a PHP interface to the mcrypt library, which offers a wide variety of algorithms

php52-mssql @5.2.17 (php, databases)
a PHP interface to MSSQL using FreeTDS, including the mssql and pdo_dblib extensions

php52-mysql @5.2.17 (php, databases)
a PHP interface to MySQL databases, including the mysql, mysqli and pdo_mysql extensions

php52-odbc @5.2.17 (php, databases)
a PHP interface for accessing databases via Open DataBase Connectivity (ODBC)

php52-openssl @5.2.17_3 (php, devel, security)
a PHP interface to OpenSSL signature-generation and -verification and data-encryption and -decryption functions

php52-oracle @5.2.17 (php, databases)
a PHP interface to Oracle, including the oci8 and pdo_oci extensions

php52-pcntl @5.2.17 (php, sysutils)
a PHP interface to Unix-style process creation, program execution, signal handling and process termination functions

php52-posix @5.2.17 (php, sysutils)
a PHP interface to additional POSIX functions

php52-postgresql @5.2.17 (php, databases)
a PHP interface to PostgreSQL, including the pgsql and pdo_pgsql extensions

php52-pspell @5.2.17 (php, textproc)
a PHP interface to the aspell library, which lets you check spelling and offer spelling suggestions

php52-snmp @5.2.17_2 (php, sysutils)
a PHP interface to the Simple Network Management Protocol (SNMP)

php52-sockets @5.2.17 (php, net)
a PHP interface to BSD socket communication functions

php52-tidy @5.2.17_3 (php, www)
a PHP interface to tidy, the HTML cleaning and repair utility

php52-wddx @5.2.17 (php, textproc)
a PHP interface to Web Distributed Data Exchange

php52-xsl @5.2.17_1 (php, textproc)
a PHP interface to libxslt, which implements the XSL standard and lets you perform XSL transformations

php53-amqp @1.9.3 (php, net)
AMQP interface for PHP

php53-curl @5.3.29 (php, net, www)
a PHP interface to the curl library, which lets you download files from servers with a variety of protocols

php53-dba @5.3.29 (php, databases)
a PHP interface for accessing DBM databases such as BerkeleyDB

php53-dbase @5.1.1 (php, databases)
a PHP interface for accessing dBase databases

php53-enchant @5.3.29 (php, textproc, devel)
a PHP interface to enchant

php53-excel @1.0.2 (php, textproc)
PHP interface to LibXL for reading and writing Microsoft Excel spreadsheets

php53-exif @5.3.29 (php, graphics)
a PHP interface to the EXIF image metadata functions

php53-gd @5.3.29_1 (php, graphics)
a PHP interface to the gd library

php53-gdchart @0.2.0 (php, devel)
GDChart Based Graphing Interface

php53-gettext @5.3.29 (php, devel)
a PHP interface to the gettext natural language support functions

php53-gmp @5.3.29 (php, devel, math)
a PHP interface to GMP, the GNU multiprocessing library through which you can work with arbitrary-length integers

php53-iconv @5.3.29 (php, textproc)
a PHP interface to the libiconv character encoding conversion functions

php53-imap @5.3.29 (php, mail)
a PHP interface to the IMAP protocol

php53-imlib2 @0.1.00_1 (php, devel)
Provides an image manipulation interface using libimlib2

php53-ldap @5.3.29_1 (php, databases)
a PHP interface to LDAP

php53-mcrypt @5.3.29 (php, security)
a PHP interface to the mcrypt library, which offers a wide variety of algorithms

php53-mssql @5.3.29 (php, databases)
a PHP interface to MSSQL using FreeTDS, including the mssql and pdo_dblib extensions

php53-mysql @5.3.29 (php, databases)
a PHP interface to MySQL databases, including the mysql, mysqli and pdo_mysql extensions

php53-odbc @5.3.29 (php, databases)
a PHP interface for accessing databases via Open DataBase Connectivity (ODBC)

php53-opcache @7.0.5 (php)
OPcache improves PHP performance by storing precompiled script bytecode in shared memory, thereby removing the need for PHP to load and parse scripts on each request.

php53-openssl @5.3.29_3 (php, devel, security)
a PHP interface to OpenSSL signature-generation and -verification and data-encryption and -decryption functions

php53-oracle @5.3.29 (php, databases)
a PHP interface to Oracle, including the oci8 and pdo_oci extensions

php53-pcntl @5.3.29 (php, sysutils)
a PHP interface to Unix-style process creation, program execution, signal handling and process termination functions

php53-posix @5.3.29 (php, sysutils)
a PHP interface to additional POSIX functions

php53-postgresql @5.3.29 (php, databases)
a PHP interface to PostgreSQL, including the pgsql and pdo_pgsql extensions

php53-pspell @5.3.29 (php, textproc)
a PHP interface to the aspell library, which lets you check spelling and offer spelling suggestions

php53-snmp @5.3.29_2 (php, sysutils)
a PHP interface to the Simple Network Management Protocol (SNMP)

php53-sockets @5.3.29 (php, net)
a PHP interface to BSD socket communication functions

php53-solr @2.4.0_2 (php, devel)
a PHP interface to Apache Solr

php53-sqlite @5.3.29 (php, databases)
a PHP interface to SQLite, including the sqlite, sqlite3 and pdo_sqlite extensions

php53-swoole @1.10.5_6 (php, net, devel)
an event-driven asynchronous & concurrent & coroutine networking engine with high performance for PHP

php53-tidy @5.3.29_3 (php, www)
a PHP interface to tidy, the HTML cleaning and repair utility

php53-Twig @1.16.2 (php, devel)
Enhances the performance of the Twig runtime engine.

php53-wddx @5.3.29 (php, textproc)
a PHP interface to Web Distributed Data Exchange

php53-xsl @5.3.29_1 (php, textproc)
a PHP interface to libxslt, which implements the XSL standard and lets you perform XSL transformations

php53-yaml @1.3.1 (php, devel)
a PHP interface to the YAML parsing library

php54-amqp @1.9.3 (php, net)
AMQP interface for PHP

php54-curl @5.4.45 (php, net, www)
a PHP interface to the curl library, which lets you download files from servers with a variety of protocols

php54-dba @5.4.45 (php, databases)
a PHP interface for accessing DBM databases such as BerkeleyDB

php54-dbase @5.1.1 (php, databases)
a PHP interface for accessing dBase databases

php54-enchant @5.4.45 (php, textproc, devel)
a PHP interface to enchant

php54-excel @1.0.2 (php, textproc)
PHP interface to LibXL for reading and writing Microsoft Excel spreadsheets

php54-exif @5.4.45 (php, graphics)
a PHP interface to the EXIF image metadata functions

php54-gd @5.4.45_1 (php, graphics)
a PHP interface to the gd library

php54-gdchart @0.2.0 (php, devel)
GDChart Based Graphing Interface

php54-gettext @5.4.45 (php, devel)
a PHP interface to the gettext natural language support functions

php54-gmp @5.4.45 (php, devel, math)
a PHP interface to GMP, the GNU multiprocessing library through which you can work with arbitrary-length integers

php54-iconv @5.4.45 (php, textproc)
a PHP interface to the libiconv character encoding conversion functions

php54-imap @5.4.45 (php, mail)
a PHP interface to the IMAP protocol

php54-imlib2 @0.1.00_1 (php, devel)
Provides an image manipulation interface using libimlib2

php54-ldap @5.4.45_1 (php, databases)
a PHP interface to LDAP

php54-mcrypt @5.4.45 (php, security)
a PHP interface to the mcrypt library, which offers a wide variety of algorithms

php54-mssql @5.4.45 (php, databases)
a PHP interface to MSSQL using FreeTDS, including the mssql and pdo_dblib extensions

php54-mysql @5.4.45 (php, databases)
a PHP interface to MySQL databases, including the mysql, mysqli and pdo_mysql extensions

php54-odbc @5.4.45 (php, databases)
a PHP interface for accessing databases via Open DataBase Connectivity (ODBC)

php54-opcache @7.0.5 (php)
OPcache improves PHP performance by storing precompiled script bytecode in shared memory, thereby removing the need for PHP to load and parse scripts on each request.

php54-openssl @5.4.45_3 (php, devel, security)
a PHP interface to OpenSSL signature-generation and -verification and data-encryption and -decryption functions

php54-oracle @5.4.45 (php, databases)
a PHP interface to Oracle, including the oci8 and pdo_oci extensions

php54-pcntl @5.4.45 (php, sysutils)
a PHP interface to Unix-style process creation, program execution, signal handling and process termination functions

php54-posix @5.4.45 (php, sysutils)
a PHP interface to additional POSIX functions

php54-postgresql @5.4.45 (php, databases)
a PHP interface to PostgreSQL, including the pgsql and pdo_pgsql extensions

php54-pspell @5.4.45 (php, textproc)
a PHP interface to the aspell library, which lets you check spelling and offer spelling suggestions

php54-snmp @5.4.45_2 (php, sysutils)
a PHP interface to the Simple Network Management Protocol (SNMP)

php54-sockets @5.4.45 (php, net)
a PHP interface to BSD socket communication functions

php54-solr @2.4.0_2 (php, devel)
a PHP interface to Apache Solr

php54-sqlite @5.4.45 (php, databases)
a PHP interface to SQLite, including the sqlite3 and pdo_sqlite extensions

php54-swoole @1.10.5_6 (php, net, devel)
an event-driven asynchronous & concurrent & coroutine networking engine with high performance for PHP

php54-tidy @5.4.45_2 (php, www)
a PHP interface to tidy, the HTML cleaning and repair utility

php54-Twig @1.16.2 (php, devel)
Enhances the performance of the Twig runtime engine.

php54-wddx @5.4.45 (php, textproc)
a PHP interface to Web Distributed Data Exchange

php54-xsl @5.4.45_1 (php, textproc)
a PHP interface to libxslt, which implements the XSL standard and lets you perform XSL transformations

php54-yaml @1.3.1 (php, devel)
a PHP interface to the YAML parsing library

php55-amqp @1.9.3 (php, net)
AMQP interface for PHP

php55-curl @5.5.38 (php, net, www)
a PHP interface to the curl library, which lets you download files from servers with a variety of protocols

php55-dba @5.5.38 (php, databases)
a PHP interface for accessing DBM databases such as BerkeleyDB

php55-dbase @5.1.1 (php, databases)
a PHP interface for accessing dBase databases

php55-enchant @5.5.38 (php, textproc, devel)
a PHP interface to enchant

php55-excel @1.0.2 (php, textproc)
PHP interface to LibXL for reading and writing Microsoft Excel spreadsheets

php55-exif @5.5.38 (php, graphics)
a PHP interface to the EXIF image metadata functions

php55-gd @5.5.38_1 (php, graphics)
a PHP interface to the gd library

php55-gdchart @0.2.0 (php, devel)
GDChart Based Graphing Interface

php55-gettext @5.5.38 (php, devel)
a PHP interface to the gettext natural language support functions

php55-gmp @5.5.38 (php, devel, math)
a PHP interface to GMP, the GNU multiprocessing library through which you can work with arbitrary-length integers

php55-iconv @5.5.38 (php, textproc)
a PHP interface to the libiconv character encoding conversion functions

php55-imap @5.5.38 (php, mail)
a PHP interface to the IMAP protocol

php55-imlib2 @0.1.00_1 (php, devel)
Provides an image manipulation interface using libimlib2

php55-ldap @5.5.38_1 (php, databases)
a PHP interface to LDAP

php55-mcrypt @5.5.38 (php, security)
a PHP interface to the mcrypt library, which offers a wide variety of algorithms

php55-mssql @5.5.38 (php, databases)
a PHP interface to MSSQL using FreeTDS, including the mssql and pdo_dblib extensions

php55-mysql @5.5.38 (php, databases)
a PHP interface to MySQL databases, including the mysql, mysqli and pdo_mysql extensions

php55-odbc @5.5.38 (php, databases)
a PHP interface for accessing databases via Open DataBase Connectivity (ODBC)

php55-opcache @5.5.38_1 (php)
OPcache improves PHP performance by storing precompiled script bytecode in shared memory, thereby removing the need for PHP to load and parse scripts on each request.

php55-openssl @5.5.38_3 (php, devel, security)
a PHP interface to OpenSSL signature-generation and -verification and data-encryption and -decryption functions

php55-oracle @5.5.38 (php, databases)
a PHP interface to Oracle, including the oci8 and pdo_oci extensions

php55-pcntl @5.5.38 (php, sysutils)
a PHP interface to Unix-style process creation, program execution, signal handling and process termination functions

php55-posix @5.5.38 (php, sysutils)
a PHP interface to additional POSIX functions

php55-postgresql @5.5.38 (php, databases)
a PHP interface to PostgreSQL, including the pgsql and pdo_pgsql extensions

php55-pspell @5.5.38 (php, textproc)
a PHP interface to the aspell library, which lets you check spelling and offer spelling suggestions

php55-snmp @5.5.38_2 (php, sysutils)
a PHP interface to the Simple Network Management Protocol (SNMP)

php55-sockets @5.5.38 (php, net)
a PHP interface to BSD socket communication functions

php55-solr @2.4.0_2 (php, devel)
a PHP interface to Apache Solr

php55-sqlite @5.5.38 (php, databases)
a PHP interface to SQLite, including the sqlite3 and pdo_sqlite extensions

php55-swoole @2.0.11_6 (php, net, devel)
an event-driven asynchronous & concurrent & coroutine networking engine with high performance for PHP

php55-tidy @5.5.38_1 (php, www)
a PHP interface to tidy, the HTML cleaning and repair utility

php55-Twig @1.16.2 (php, devel)
Enhances the performance of the Twig runtime engine.

php55-wddx @5.5.38 (php, textproc)
a PHP interface to Web Distributed Data Exchange

php55-xsl @5.5.38_1 (php, textproc)
a PHP interface to libxslt, which implements the XSL standard and lets you perform XSL transformations

php55-yaml @1.3.1 (php, devel)
a PHP interface to the YAML parsing library

php56-amqp @1.11.0 (php, net)
AMQP interface for PHP

php56-curl @5.6.40 (php, net, www)
a PHP interface to the curl library, which lets you download files from servers with a variety of protocols

php56-dba @5.6.40 (php, databases)
a PHP interface for accessing DBM databases such as BerkeleyDB

php56-dbase @5.1.1 (php, databases)
a PHP interface for accessing dBase databases

php56-enchant @5.6.40 (php, textproc, devel)
a PHP interface to enchant

php56-excel @1.0.2 (php, textproc)
PHP interface to LibXL for reading and writing Microsoft Excel spreadsheets

php56-exif @5.6.40 (php, graphics)
a PHP interface to the EXIF image metadata functions

php56-gd @5.6.40_1 (php, graphics)
a PHP interface to the gd library

php56-gdchart @0.2.0 (php, devel)
GDChart Based Graphing Interface

php56-gettext @5.6.40 (php, devel)
a PHP interface to the gettext natural language support functions

php56-gmp @5.6.40 (php, devel, math)
a PHP interface to GMP, the GNU multiprocessing library through which you can work with arbitrary-length integers

php56-iconv @5.6.40 (php, textproc)
a PHP interface to the libiconv character encoding conversion functions

php56-imap @5.6.40 (php, mail)
a PHP interface to the IMAP protocol

php56-imlib2 @0.1.00_1 (php, devel)
Provides an image manipulation interface using libimlib2

php56-ldap @5.6.40_1 (php, databases)
a PHP interface to LDAP

php56-mcrypt @5.6.40 (php, security)
a PHP interface to the mcrypt library, which offers a wide variety of algorithms

php56-mssql @5.6.40 (php, databases)
a PHP interface to MSSQL using FreeTDS, including the mssql and pdo_dblib extensions

php56-mysql @5.6.40 (php, databases)
a PHP interface to MySQL databases, including the mysql, mysqli and pdo_mysql extensions

php56-odbc @5.6.40 (php, databases)
a PHP interface for accessing databases via Open DataBase Connectivity (ODBC)

php56-opcache @5.6.40_1 (php)
OPcache improves PHP performance by storing precompiled script bytecode in shared memory, thereby removing the need for PHP to load and parse scripts on each request.

php56-openssl @5.6.40_3 (php, devel, security)
a PHP interface to OpenSSL signature-generation and -verification and data-encryption and -decryption functions

php56-oracle @5.6.40 (php, databases)
a PHP interface to Oracle, including the oci8 and pdo_oci extensions

php56-pcntl @5.6.40 (php, sysutils)
a PHP interface to Unix-style process creation, program execution, signal handling and process termination functions

php56-posix @5.6.40 (php, sysutils)
a PHP interface to additional POSIX functions

php56-postgresql @5.6.40 (php, databases)
a PHP interface to PostgreSQL, including the pgsql and pdo_pgsql extensions

php56-pspell @5.6.40 (php, textproc)
a PHP interface to the aspell library, which lets you check spelling and offer spelling suggestions

php56-snmp @5.6.40_1 (php, sysutils)
a PHP interface to the Simple Network Management Protocol (SNMP)

php56-sockets @5.6.40 (php, net)
a PHP interface to BSD socket communication functions

php56-solr @2.4.0_2 (php, devel)
a PHP interface to Apache Solr

php56-sqlite @5.6.40 (php, databases)
a PHP interface to SQLite, including the sqlite3 and pdo_sqlite extensions

php56-swoole @2.0.11_6 (php, net, devel)
an event-driven asynchronous & concurrent & coroutine networking engine with high performance for PHP

php56-tidy @5.6.40_1 (php, www)
a PHP interface to tidy, the HTML cleaning and repair utility

php56-Twig @1.16.2 (php, devel)
Enhances the performance of the Twig runtime engine.

php56-wddx @5.6.40 (php, textproc)
a PHP interface to Web Distributed Data Exchange

php56-xsl @5.6.40_1 (php, textproc)
a PHP interface to libxslt, which implements the XSL standard and lets you perform XSL transformations

php56-yaml @1.3.1 (php, devel)
a PHP interface to the YAML parsing library

php70-amqp @1.11.0 (php, net)
AMQP interface for PHP

php70-curl @7.0.33 (php, net, www)
a PHP interface to the curl library, which lets you download files from servers with a variety of protocols

php70-dba @7.0.33 (php, databases)
a PHP interface for accessing DBM databases such as BerkeleyDB

php70-dbase @7.1.1 (php, databases)
a PHP interface for accessing dBase databases

php70-enchant @7.0.33 (php, textproc, devel)
a PHP interface to enchant

php70-excel @1.0.2 (php, textproc)
PHP interface to LibXL for reading and writing Microsoft Excel spreadsheets

php70-exif @7.0.33 (php, graphics)
a PHP interface to the EXIF image metadata functions

php70-gd @7.0.33_1 (php, graphics)
a PHP interface to the gd library

php70-gettext @7.0.33 (php, devel)
a PHP interface to the gettext natural language support functions

php70-gmp @7.0.33 (php, devel, math)
a PHP interface to GMP, the GNU multiprocessing library through which you can work with arbitrary-length integers

php70-iconv @7.0.33 (php, textproc)
a PHP interface to the libiconv character encoding conversion functions

php70-imap @7.0.33 (php, mail)
a PHP interface to the IMAP protocol

php70-ldap @7.0.33_1 (php, databases)
a PHP interface to LDAP

php70-mcrypt @7.0.33 (php, security)
a PHP interface to the mcrypt library, which offers a wide variety of algorithms

php70-mysql @7.0.33 (php, databases)
a PHP interface to MySQL databases, including the mysqli and pdo_mysql extensions

php70-odbc @7.0.33 (php, databases)
a PHP interface for accessing databases via Open DataBase Connectivity (ODBC)

php70-opcache @7.0.33_2 (php)
OPcache improves PHP performance by storing precompiled script bytecode in shared memory, thereby removing the need for PHP to load and parse scripts on each request.

php70-openssl @7.0.33_2 (php, devel, security)
a PHP interface to OpenSSL signature-generation and -verification and data-encryption and -decryption functions

php70-oracle @7.0.33 (php, databases)
a PHP interface to Oracle, including the oci8 and pdo_oci extensions

php70-pcntl @7.0.33 (php, sysutils)
a PHP interface to Unix-style process creation, program execution, signal handling and process termination functions

php70-posix @7.0.33 (php, sysutils)
a PHP interface to additional POSIX functions

php70-postgresql @7.0.33 (php, databases)
a PHP interface to PostgreSQL, including the pgsql and pdo_pgsql extensions

php70-pspell @7.0.33 (php, textproc)
a PHP interface to the aspell library, which lets you check spelling and offer spelling suggestions

php70-psr @1.1.0 (php)
interfaces to PHP Standards Recommendations

php70-snmp @7.0.33_1 (php, sysutils)
a PHP interface to the Simple Network Management Protocol (SNMP)

php70-sockets @7.0.33 (php, net)
a PHP interface to BSD socket communication functions

php70-solr @2.6.0_1 (php, devel)
a PHP interface to Apache Solr

php70-sqlite @7.0.33 (php, databases)
a PHP interface to SQLite, including the sqlite3 and pdo_sqlite extensions

php70-swoole @4.3.6_3 (php, net, devel)
an event-driven asynchronous & concurrent & coroutine networking engine with high performance for PHP

php70-tidy @7.0.33_1 (php, www)
a PHP interface to tidy, the HTML cleaning and repair utility

php70-wddx @7.0.33 (php, textproc)
a PHP interface to Web Distributed Data Exchange

php70-xsl @7.0.33_1 (php, textproc)
a PHP interface to libxslt, which implements the XSL standard and lets you perform XSL transformations

php70-yaml @2.0.4 (php, devel)
a PHP interface to the YAML parsing library

php71-amqp @1.11.0 (php, net)
AMQP interface for PHP

php71-curl @7.1.33 (php, net, www)
a PHP interface to the curl library, which lets you download files from servers with a variety of protocols

php71-dba @7.1.33 (php, databases)
a PHP interface for accessing DBM databases such as BerkeleyDB

php71-dbase @7.1.1 (php, databases)
a PHP interface for accessing dBase databases

php71-enchant @7.1.33 (php, textproc, devel)
a PHP interface to enchant

php71-excel @1.0.2 (php, textproc)
PHP interface to LibXL for reading and writing Microsoft Excel spreadsheets

php71-exif @7.1.33 (php, graphics)
a PHP interface to the EXIF image metadata functions

php71-gd @7.1.33_1 (php, graphics)
a PHP interface to the gd library

php71-gettext @7.1.33 (php, devel)
a PHP interface to the gettext natural language support functions

php71-gmp @7.1.33 (php, devel, math)
a PHP interface to GMP, the GNU multiprocessing library through which you can work with arbitrary-length integers

php71-iconv @7.1.33 (php, textproc)
a PHP interface to the libiconv character encoding conversion functions

php71-imap @7.1.33 (php, mail)
a PHP interface to the IMAP protocol

php71-ldap @7.1.33_1 (php, databases)
a PHP interface to LDAP

php71-mcrypt @7.1.33 (php, security)
a PHP interface to the mcrypt library, which offers a wide variety of algorithms

php71-mysql @7.1.33 (php, databases)
a PHP interface to MySQL databases, including the mysqli and pdo_mysql extensions

php71-odbc @7.1.33 (php, databases)
a PHP interface for accessing databases via Open DataBase Connectivity (ODBC)

php71-opcache @7.1.33_2 (php)
OPcache improves PHP performance by storing precompiled script bytecode in shared memory, thereby removing the need for PHP to load and parse scripts on each request.

php71-openssl @7.1.33_1 (php, devel, security)
a PHP interface to OpenSSL signature-generation and -verification and data-encryption and -decryption functions

php71-oracle @7.1.33 (php, databases)
a PHP interface to Oracle, including the oci8 and pdo_oci extensions

php71-pcntl @7.1.33 (php, sysutils)
a PHP interface to Unix-style process creation, program execution, signal handling and process termination functions

php71-posix @7.1.33 (php, sysutils)
a PHP interface to additional POSIX functions

php71-postgresql @7.1.33 (php, databases)
a PHP interface to PostgreSQL, including the pgsql and pdo_pgsql extensions

php71-pspell @7.1.33 (php, textproc)
a PHP interface to the aspell library, which lets you check spelling and offer spelling suggestions

php71-psr @1.1.0 (php)
interfaces to PHP Standards Recommendations

php71-snmp @7.1.33_1 (php, sysutils)
a PHP interface to the Simple Network Management Protocol (SNMP)

php71-sockets @7.1.33 (php, net)
a PHP interface to BSD socket communication functions

php71-solr @2.6.0_1 (php, devel)
a PHP interface to Apache Solr

php71-sqlite @7.1.33 (php, databases)
a PHP interface to SQLite, including the sqlite3 and pdo_sqlite extensions

php71-swoole @4.5.11_3 (php, net, devel)
an event-driven asynchronous & concurrent & coroutine networking engine with high performance for PHP

php71-tidy @7.1.33_1 (php, www)
a PHP interface to tidy, the HTML cleaning and repair utility

php71-wddx @7.1.33 (php, textproc)
a PHP interface to Web Distributed Data Exchange

php71-xsl @7.1.33_1 (php, textproc)
a PHP interface to libxslt, which implements the XSL standard and lets you perform XSL transformations

php71-yaml @2.2.4 (php, devel)
a PHP interface to the YAML parsing library

php72-amqp @1.11.0 (php, net)
AMQP interface for PHP

php72-curl @7.2.34 (php, net, www)
a PHP interface to the curl library, which lets you download files from servers with a variety of protocols

php72-dba @7.2.34 (php, databases)
a PHP interface for accessing DBM databases such as BerkeleyDB

php72-dbase @7.1.1 (php, databases)
a PHP interface for accessing dBase databases

php72-enchant @7.2.34 (php, textproc, devel)
a PHP interface to enchant

php72-excel @1.0.2 (php, textproc)
PHP interface to LibXL for reading and writing Microsoft Excel spreadsheets

php72-exif @7.2.34 (php, graphics)
a PHP interface to the EXIF image metadata functions

php72-gd @7.2.34_1 (php, graphics)
a PHP interface to the gd library

php72-gettext @7.2.34 (php, devel)
a PHP interface to the gettext natural language support functions

php72-gmp @7.2.34 (php, devel, math)
a PHP interface to GMP, the GNU multiprocessing library through which you can work with arbitrary-length integers

php72-iconv @7.2.34 (php, textproc)
a PHP interface to the libiconv character encoding conversion functions

php72-imap @7.2.34 (php, mail)
a PHP interface to the IMAP protocol

php72-ldap @7.2.34_1 (php, databases)
a PHP interface to LDAP

php72-mcrypt @1.0.7 (php, security)
a PHP interface to the mcrypt library, which offers a wide variety of algorithms

php72-mysql @7.2.34 (php, databases)
a PHP interface to MySQL databases, including the mysqli and pdo_mysql extensions

php72-odbc @7.2.34 (php, databases)
a PHP interface for accessing databases via Open DataBase Connectivity (ODBC)

php72-opcache @7.2.34_1 (php)
OPcache improves PHP performance by storing precompiled script bytecode in shared memory, thereby removing the need for PHP to load and parse scripts on each request.

php72-openssl @7.2.34_1 (php, devel, security)
a PHP interface to OpenSSL signature-generation and -verification and data-encryption and -decryption functions

php72-openswoole @4.10.0_2 (php, net, devel)
an event-driven asynchronous & concurrent & coroutine networking engine with high performance for PHP

php72-oracle @7.2.34 (php, databases)
a PHP interface to Oracle, including the oci8 and pdo_oci extensions

php72-pcntl @7.2.34 (php, sysutils)
a PHP interface to Unix-style process creation, program execution, signal handling and process termination functions

php72-posix @7.2.34 (php, sysutils)
a PHP interface to additional POSIX functions

php72-postgresql @7.2.34 (php, databases)
a PHP interface to PostgreSQL, including the pgsql and pdo_pgsql extensions

php72-pspell @7.2.34 (php, textproc)
a PHP interface to the aspell library, which lets you check spelling and offer spelling suggestions

php72-psr @1.1.0 (php)
interfaces to PHP Standards Recommendations

php72-snmp @7.2.34_1 (php, sysutils)
a PHP interface to the Simple Network Management Protocol (SNMP)

php72-sockets @7.2.34 (php, net)
a PHP interface to BSD socket communication functions

php72-sodium @7.2.34_1 (php, security)
a PHP interface to libsodium, a modern and easy-to-use crypto library

php72-solr @2.6.0_1 (php, devel)
a PHP interface to Apache Solr

php72-sqlite @7.2.34 (php, databases)
a PHP interface to SQLite, including the sqlite3 and pdo_sqlite extensions

php72-swoole @4.8.13_1 (php, net, devel)
an event-driven asynchronous & concurrent & coroutine networking engine with high performance for PHP

php72-tidy @7.2.34_1 (php, www)
a PHP interface to tidy, the HTML cleaning and repair utility

php72-wddx @7.2.34 (php, textproc)
a PHP interface to Web Distributed Data Exchange

php72-xsl @7.2.34_1 (php, textproc)
a PHP interface to libxslt, which implements the XSL standard and lets you perform XSL transformations

php72-yaml @2.2.4 (php, devel)
a PHP interface to the YAML parsing library

php73-amqp @1.11.0 (php, net)
AMQP interface for PHP

php73-curl @7.3.33 (php, net, www)
a PHP interface to the curl library, which lets you download files from servers with a variety of protocols

php73-dba @7.3.33 (php, databases)
a PHP interface for accessing DBM databases such as BerkeleyDB

php73-dbase @7.1.1 (php, databases)
a PHP interface for accessing dBase databases

php73-enchant @7.3.33 (php, textproc, devel)
a PHP interface to enchant

php73-excel @1.0.2 (php, textproc)
PHP interface to LibXL for reading and writing Microsoft Excel spreadsheets

php73-exif @7.3.33 (php, graphics)
a PHP interface to the EXIF image metadata functions

php73-gd @7.3.33 (php, graphics)
a PHP interface to the gd library

php73-gettext @7.3.33 (php, devel)
a PHP interface to the gettext natural language support functions

php73-gmp @7.3.33 (php, devel, math)
a PHP interface to GMP, the GNU multiprocessing library through which you can work with arbitrary-length integers

php73-iconv @7.3.33 (php, textproc)
a PHP interface to the libiconv character encoding conversion functions

php73-imap @7.3.33 (php, mail)
a PHP interface to the IMAP protocol

php73-ldap @7.3.33_1 (php, databases)
a PHP interface to LDAP

php73-mcrypt @1.0.7 (php, security)
a PHP interface to the mcrypt library, which offers a wide variety of algorithms

php73-mysql @7.3.33 (php, databases)
a PHP interface to MySQL databases, including the mysqli and pdo_mysql extensions

php73-odbc @7.3.33 (php, databases)
a PHP interface for accessing databases via Open DataBase Connectivity (ODBC)

php73-opcache @7.3.33_1 (php)
OPcache improves PHP performance by storing precompiled script bytecode in shared memory, thereby removing the need for PHP to load and parse scripts on each request.

php73-openssl @7.3.33 (php, devel, security)
a PHP interface to OpenSSL signature-generation and -verification and data-encryption and -decryption functions

php73-openswoole @4.10.0_2 (php, net, devel)
an event-driven asynchronous & concurrent & coroutine networking engine with high performance for PHP

php73-oracle @7.3.33 (php, databases)
a PHP interface to Oracle, including the oci8 and pdo_oci extensions

php73-pcntl @7.3.33 (php, sysutils)
a PHP interface to Unix-style process creation, program execution, signal handling and process termination functions

php73-posix @7.3.33 (php, sysutils)
a PHP interface to additional POSIX functions

php73-postgresql @7.3.33 (php, databases)
a PHP interface to PostgreSQL, including the pgsql and pdo_pgsql extensions

php73-pspell @7.3.33 (php, textproc)
a PHP interface to the aspell library, which lets you check spelling and offer spelling suggestions

php73-psr @1.2.0 (php)
interfaces to PHP Standards Recommendations

php73-snmp @7.3.33 (php, sysutils)
a PHP interface to the Simple Network Management Protocol (SNMP)

php73-sockets @7.3.33 (php, net)
a PHP interface to BSD socket communication functions

php73-sodium @7.3.33_1 (php, security)
a PHP interface to libsodium, a modern and easy-to-use crypto library

php73-solr @2.6.0_1 (php, devel)
a PHP interface to Apache Solr

php73-sqlite @7.3.33 (php, databases)
a PHP interface to SQLite, including the sqlite3 and pdo_sqlite extensions

php73-swoole @4.8.13_1 (php, net, devel)
an event-driven asynchronous & concurrent & coroutine networking engine with high performance for PHP

php73-tidy @7.3.33 (php, www)
a PHP interface to tidy, the HTML cleaning and repair utility

php73-wddx @7.3.33 (php, textproc)
a PHP interface to Web Distributed Data Exchange

php73-xsl @7.3.33_1 (php, textproc)
a PHP interface to libxslt, which implements the XSL standard and lets you perform XSL transformations

php73-yaml @2.2.4 (php, devel)
a PHP interface to the YAML parsing library

php74-amqp @2.1.2 (php, net)
AMQP interface for PHP

php74-curl @7.4.33 (php, net, www)
a PHP interface to the curl library, which lets you download files from servers with a variety of protocols

php74-dba @7.4.33 (php, databases)
a PHP interface for accessing DBM databases such as BerkeleyDB

php74-dbase @7.1.1 (php, databases)
a PHP interface for accessing dBase databases

php74-enchant @7.4.33 (php, textproc, devel)
a PHP interface to enchant

php74-excel @1.0.2 (php, textproc)
PHP interface to LibXL for reading and writing Microsoft Excel spreadsheets

php74-exif @7.4.33 (php, graphics)
a PHP interface to the EXIF image metadata functions

php74-ffi @7.4.33 (php, devel)
a PHP interface to allow loading of shared libraries

php74-gd @7.4.33 (php, graphics)
a PHP interface to the gd library

php74-gettext @7.4.33 (php, devel)
a PHP interface to the gettext natural language support functions

php74-gmp @7.4.33 (php, devel, math)
a PHP interface to GMP, the GNU multiprocessing library through which you can work with arbitrary-length integers

php74-iconv @7.4.33 (php, textproc)
a PHP interface to the libiconv character encoding conversion functions

php74-imap @7.4.33 (php, mail)
a PHP interface to the IMAP protocol

php74-ldap @7.4.33 (php, databases)
a PHP interface to LDAP

php74-mcrypt @1.0.7 (php, security)
a PHP interface to the mcrypt library, which offers a wide variety of algorithms

php74-mysql @7.4.33 (php, databases)
a PHP interface to MySQL databases, including the mysqli and pdo_mysql extensions

php74-odbc @7.4.33 (php, databases)
a PHP interface for accessing databases via Open DataBase Connectivity (ODBC)

php74-opcache @7.4.33 (php)
OPcache improves PHP performance by storing precompiled script bytecode in shared memory, thereby removing the need for PHP to load and parse scripts on each request.

php74-openssl @7.4.33 (php, devel, security)
a PHP interface to OpenSSL signature-generation and -verification and data-encryption and -decryption functions

php74-openswoole @22.0.0_1 (php, net, devel)
an event-driven asynchronous & concurrent & coroutine networking engine with high performance for PHP

php74-oracle @7.4.33 (php, databases)
a PHP interface to Oracle, including the oci8 and pdo_oci extensions

php74-pcntl @7.4.33 (php, sysutils)
a PHP interface to Unix-style process creation, program execution, signal handling and process termination functions

php74-posix @7.4.33 (php, sysutils)
a PHP interface to additional POSIX functions

php74-postgresql @7.4.33 (php, databases)
a PHP interface to PostgreSQL, including the pgsql and pdo_pgsql extensions

php74-pspell @7.4.33 (php, textproc)
a PHP interface to the aspell library, which lets you check spelling and offer spelling suggestions

php74-psr @1.2.0 (php)
interfaces to PHP Standards Recommendations

php74-snmp @7.4.33 (php, sysutils)
a PHP interface to the Simple Network Management Protocol (SNMP)

php74-sockets @7.4.33 (php, net)
a PHP interface to BSD socket communication functions

php74-sodium @7.4.33_1 (php, security)
a PHP interface to libsodium, a modern and easy-to-use crypto library

php74-solr @2.8.0 (php, devel)
a PHP interface to Apache Solr

php74-sqlite @7.4.33 (php, databases)
a PHP interface to SQLite, including the sqlite3 and pdo_sqlite extensions

php74-swoole @4.8.13_1 (php, net, devel)
an event-driven asynchronous & concurrent & coroutine networking engine with high performance for PHP

php74-tidy @7.4.33 (php, www)
a PHP interface to tidy, the HTML cleaning and repair utility

php74-xsl @7.4.33 (php, textproc)
a PHP interface to libxslt, which implements the XSL standard and lets you perform XSL transformations

php74-yaml @2.2.4 (php, devel)
a PHP interface to the YAML parsing library

php80-amqp @2.1.2 (php, net)
AMQP interface for PHP

php80-curl @8.0.30 (php, net, www)
a PHP interface to the curl library, which lets you download files from servers with a variety of protocols

php80-dba @8.0.30 (php, databases)
a PHP interface for accessing DBM databases such as BerkeleyDB

php80-dbase @7.1.1 (php, databases)
a PHP interface for accessing dBase databases

php80-enchant @8.0.30_1 (php, textproc, devel)
a PHP interface to enchant

php80-exif @8.0.30 (php, graphics)
a PHP interface to the EXIF image metadata functions

php80-ffi @8.0.30 (php, devel)
a PHP interface to allow loading of shared libraries

php80-gd @8.0.30 (php, graphics)
a PHP interface to the gd library

php80-gettext @8.0.30 (php, devel)
a PHP interface to the gettext natural language support functions

php80-gmp @8.0.30 (php, devel, math)
a PHP interface to GMP, the GNU multiprocessing library through which you can work with arbitrary-length integers

php80-iconv @8.0.30 (php, textproc)
a PHP interface to the libiconv character encoding conversion functions

php80-imap @8.0.30 (php, mail)
a PHP interface to the IMAP protocol

php80-ldap @8.0.30 (php, databases)
a PHP interface to LDAP

php80-mcrypt @1.0.7 (php, security)
a PHP interface to the mcrypt library, which offers a wide variety of algorithms

php80-mysql @8.0.30 (php, databases)
a PHP interface to MySQL databases, including the mysqli and pdo_mysql extensions

php80-odbc @8.0.30 (php, databases)
a PHP interface for accessing databases via Open DataBase Connectivity (ODBC)

php80-opcache @8.0.30 (php)
OPcache improves PHP performance by storing precompiled script bytecode in shared memory, thereby removing the need for PHP to load and parse scripts on each request.

php80-openssl @8.0.30 (php, devel, security)
a PHP interface to OpenSSL signature-generation and -verification and data-encryption and -decryption functions

php80-openswoole @22.0.0_1 (php, net, devel)
an event-driven asynchronous & concurrent & coroutine networking engine with high performance for PHP

php80-oracle @8.0.30 (php, databases)
a PHP interface to Oracle, including the oci8 and pdo_oci extensions

php80-pcntl @8.0.30 (php, sysutils)
a PHP interface to Unix-style process creation, program execution, signal handling and process termination functions

php80-posix @8.0.30 (php, sysutils)
a PHP interface to additional POSIX functions

php80-postgresql @8.0.30 (php, databases)
a PHP interface to PostgreSQL, including the pgsql and pdo_pgsql extensions

php80-pspell @8.0.30 (php, textproc)
a PHP interface to the aspell library, which lets you check spelling and offer spelling suggestions

php80-psr @1.2.0 (php)
interfaces to PHP Standards Recommendations

php80-snmp @8.0.30 (php, sysutils)
a PHP interface to the Simple Network Management Protocol (SNMP)

php80-sockets @8.0.30 (php, net)
a PHP interface to BSD socket communication functions

php80-sodium @8.0.30_1 (php, security)
a PHP interface to libsodium, a modern and easy-to-use crypto library

php80-solr @2.8.0 (php, devel)
a PHP interface to Apache Solr

php80-sqlite @8.0.30 (php, databases)
a PHP interface to SQLite, including the sqlite3 and pdo_sqlite extensions

php80-swoole @5.0.3_1 (php, net, devel)
an event-driven asynchronous & concurrent & coroutine networking engine with high performance for PHP

php80-tidy @8.0.30 (php, www)
a PHP interface to tidy, the HTML cleaning and repair utility

php80-xsl @8.0.30 (php, textproc)
a PHP interface to libxslt, which implements the XSL standard and lets you perform XSL transformations

php80-yaml @2.2.4 (php, devel)
a PHP interface to the YAML parsing library

php81-amqp @2.1.2 (php, net)
AMQP interface for PHP

php81-curl @8.1.30 (php, net, www)
a PHP interface to the curl library, which lets you download files from servers with a variety of protocols

php81-dba @8.1.30 (php, databases)
a PHP interface for accessing DBM databases such as BerkeleyDB

php81-dbase @7.1.1 (php, databases)
a PHP interface for accessing dBase databases

php81-enchant @8.1.30 (php, textproc, devel)
a PHP interface to enchant

php81-exif @8.1.30 (php, graphics)
a PHP interface to the EXIF image metadata functions

php81-ffi @8.1.30 (php, devel)
a PHP interface to allow loading of shared libraries

php81-gd @8.1.30 (php, graphics)
a PHP interface to the gd library

php81-gettext @8.1.30 (php, devel)
a PHP interface to the gettext natural language support functions

php81-gmp @8.1.30 (php, devel, math)
a PHP interface to GMP, the GNU multiprocessing library through which you can work with arbitrary-length integers

php81-iconv @8.1.30 (php, textproc)
a PHP interface to the libiconv character encoding conversion functions

php81-imap @8.1.30 (php, mail)
a PHP interface to the IMAP protocol

php81-ldap @8.1.30 (php, databases)
a PHP interface to LDAP

php81-mcrypt @1.0.7 (php, security)
a PHP interface to the mcrypt library, which offers a wide variety of algorithms

php81-mysql @8.1.30 (php, databases)
a PHP interface to MySQL databases, including the mysqli and pdo_mysql extensions

php81-odbc @8.1.30 (php, databases)
a PHP interface for accessing databases via Open DataBase Connectivity (ODBC)

php81-opcache @8.1.30 (php)
OPcache improves PHP performance by storing precompiled script bytecode in shared memory, thereby removing the need for PHP to load and parse scripts on each request.

php81-openssl @8.1.30 (php, devel, security)
a PHP interface to OpenSSL signature-generation and -verification and data-encryption and -decryption functions

php81-openswoole @22.0.0_1 (php, net, devel)
an event-driven asynchronous & concurrent & coroutine networking engine with high performance for PHP

php81-oracle @8.1.30 (php, databases)
a PHP interface to Oracle, including the oci8 and pdo_oci extensions

php81-pcntl @8.1.30 (php, sysutils)
a PHP interface to Unix-style process creation, program execution, signal handling and process termination functions

php81-posix @8.1.30 (php, sysutils)
a PHP interface to additional POSIX functions

php81-postgresql @8.1.30 (php, databases)
a PHP interface to PostgreSQL, including the pgsql and pdo_pgsql extensions

php81-pspell @8.1.30 (php, textproc)
a PHP interface to the aspell library, which lets you check spelling and offer spelling suggestions

php81-psr @1.2.0 (php)
interfaces to PHP Standards Recommendations

php81-snmp @8.1.30 (php, sysutils)
a PHP interface to the Simple Network Management Protocol (SNMP)

php81-sockets @8.1.30 (php, net)
a PHP interface to BSD socket communication functions

php81-sodium @8.1.30 (php, security)
a PHP interface to libsodium, a modern and easy-to-use crypto library

php81-solr @2.8.0 (php, devel)
a PHP interface to Apache Solr

php81-sqlite @8.1.30 (php, databases)
a PHP interface to SQLite, including the sqlite3 and pdo_sqlite extensions

php81-swoole @5.0.3_1 (php, net, devel)
an event-driven asynchronous & concurrent & coroutine networking engine with high performance for PHP

php81-tidy @8.1.30 (php, www)
a PHP interface to tidy, the HTML cleaning and repair utility

php81-xsl @8.1.30 (php, textproc)
a PHP interface to libxslt, which implements the XSL standard and lets you perform XSL transformations

php81-yaml @2.2.4 (php, devel)
a PHP interface to the YAML parsing library

php82-amqp @2.1.2 (php, net)
AMQP interface for PHP

php82-curl @8.2.24 (php, net, www)
a PHP interface to the curl library, which lets you download files from servers with a variety of protocols

php82-dba @8.2.24 (php, databases)
a PHP interface for accessing DBM databases such as BerkeleyDB

php82-dbase @7.1.1 (php, databases)
a PHP interface for accessing dBase databases

php82-enchant @8.2.24 (php, textproc, devel)
a PHP interface to enchant

php82-exif @8.2.24 (php, graphics)
a PHP interface to the EXIF image metadata functions

php82-ffi @8.2.24 (php, devel)
a PHP interface to allow loading of shared libraries

php82-gd @8.2.24 (php, graphics)
a PHP interface to the gd library

php82-gettext @8.2.24 (php, devel)
a PHP interface to the gettext natural language support functions

php82-gmp @8.2.24 (php, devel, math)
a PHP interface to GMP, the GNU multiprocessing library through which you can work with arbitrary-length integers

php82-iconv @8.2.24 (php, textproc)
a PHP interface to the libiconv character encoding conversion functions

php82-imap @8.2.24 (php, mail)
a PHP interface to the IMAP protocol

php82-ldap @8.2.24 (php, databases)
a PHP interface to LDAP

php82-mcrypt @1.0.7 (php, security)
a PHP interface to the mcrypt library, which offers a wide variety of algorithms

php82-mysql @8.2.24 (php, databases)
a PHP interface to MySQL databases, including the mysqli and pdo_mysql extensions

php82-odbc @8.2.24 (php, databases)
a PHP interface for accessing databases via Open DataBase Connectivity (ODBC)

php82-opcache @8.2.24 (php)
OPcache improves PHP performance by storing precompiled script bytecode in shared memory, thereby removing the need for PHP to load and parse scripts on each request.

php82-openssl @8.2.24 (php, devel, security)
a PHP interface to OpenSSL signature-generation and -verification and data-encryption and -decryption functions

php82-openswoole @22.0.0_1 (php, net, devel)
an event-driven asynchronous & concurrent & coroutine networking engine with high performance for PHP

php82-oracle @8.2.24 (php, databases)
a PHP interface to Oracle, including the oci8 and pdo_oci extensions

php82-pcntl @8.2.24 (php, sysutils)
a PHP interface to Unix-style process creation, program execution, signal handling and process termination functions

php82-posix @8.2.24 (php, sysutils)
a PHP interface to additional POSIX functions

php82-postgresql @8.2.24 (php, databases)
a PHP interface to PostgreSQL, including the pgsql and pdo_pgsql extensions

php82-pspell @8.2.24 (php, textproc)
a PHP interface to the aspell library, which lets you check spelling and offer spelling suggestions

php82-psr @1.2.0 (php)
interfaces to PHP Standards Recommendations

php82-snmp @8.2.24 (php, sysutils)
a PHP interface to the Simple Network Management Protocol (SNMP)

php82-sockets @8.2.24 (php, net)
a PHP interface to BSD socket communication functions

php82-sodium @8.2.24 (php, security)
a PHP interface to libsodium, a modern and easy-to-use crypto library

php82-solr @2.8.0 (php, devel)
a PHP interface to Apache Solr

php82-sqlite @8.2.24 (php, databases)
a PHP interface to SQLite, including the sqlite3 and pdo_sqlite extensions

php82-swoole @5.0.3_1 (php, net, devel)
an event-driven asynchronous & concurrent & coroutine networking engine with high performance for PHP

php82-tidy @8.2.24 (php, www)
a PHP interface to tidy, the HTML cleaning and repair utility

php82-xsl @8.2.24 (php, textproc)
a PHP interface to libxslt, which implements the XSL standard and lets you perform XSL transformations

php82-yaml @2.2.4 (php, devel)
a PHP interface to the YAML parsing library

php83-amqp @2.1.2 (php, net)
AMQP interface for PHP

php83-curl @8.3.12 (php, net, www)
a PHP interface to the curl library, which lets you download files from servers with a variety of protocols

php83-dba @8.3.12 (php, databases)
a PHP interface for accessing DBM databases such as BerkeleyDB

php83-dbase @7.1.1 (php, databases)
a PHP interface for accessing dBase databases

php83-enchant @8.3.12 (php, textproc, devel)
a PHP interface to enchant

php83-exif @8.3.12 (php, graphics)
a PHP interface to the EXIF image metadata functions

php83-ffi @8.3.12 (php, devel)
a PHP interface to allow loading of shared libraries

php83-gd @8.3.12 (php, graphics)
a PHP interface to the gd library

php83-gettext @8.3.12 (php, devel)
a PHP interface to the gettext natural language support functions

php83-gmp @8.3.12 (php, devel, math)
a PHP interface to GMP, the GNU multiprocessing library through which you can work with arbitrary-length integers

php83-iconv @8.3.12 (php, textproc)
a PHP interface to the libiconv character encoding conversion functions

php83-imap @8.3.12 (php, mail)
a PHP interface to the IMAP protocol

php83-ldap @8.3.12 (php, databases)
a PHP interface to LDAP

php83-mcrypt @1.0.7 (php, security)
a PHP interface to the mcrypt library, which offers a wide variety of algorithms

php83-mysql @8.3.12 (php, databases)
a PHP interface to MySQL databases, including the mysqli and pdo_mysql extensions

php83-odbc @8.3.12 (php, databases)
a PHP interface for accessing databases via Open DataBase Connectivity (ODBC)

php83-opcache @8.3.12 (php)
OPcache improves PHP performance by storing precompiled script bytecode in shared memory, thereby removing the need for PHP to load and parse scripts on each request.

php83-openssl @8.3.12 (php, devel, security)
a PHP interface to OpenSSL signature-generation and -verification and data-encryption and -decryption functions

php83-oracle @8.3.12 (php, databases)
a PHP interface to Oracle, including the oci8 and pdo_oci extensions

php83-pcntl @8.3.12 (php, sysutils)
a PHP interface to Unix-style process creation, program execution, signal handling and process termination functions

php83-posix @8.3.12 (php, sysutils)
a PHP interface to additional POSIX functions

php83-postgresql @8.3.12 (php, databases)
a PHP interface to PostgreSQL, including the pgsql and pdo_pgsql extensions

php83-pspell @8.3.12 (php, textproc)
a PHP interface to the aspell library, which lets you check spelling and offer spelling suggestions

php83-psr @1.2.0 (php)
interfaces to PHP Standards Recommendations

php83-snmp @8.3.12 (php, sysutils)
a PHP interface to the Simple Network Management Protocol (SNMP)

php83-sockets @8.3.12 (php, net)
a PHP interface to BSD socket communication functions

php83-sodium @8.3.12 (php, security)
a PHP interface to libsodium, a modern and easy-to-use crypto library

php83-solr @2.8.0 (php, devel)
a PHP interface to Apache Solr

php83-sqlite @8.3.12 (php, databases)
a PHP interface to SQLite, including the sqlite3 and pdo_sqlite extensions

php83-tidy @8.3.12 (php, www)
a PHP interface to tidy, the HTML cleaning and repair utility

php83-xsl @8.3.12 (php, textproc)
a PHP interface to libxslt, which implements the XSL standard and lets you perform XSL transformations

php83-yaml @2.2.4 (php, devel)
a PHP interface to the YAML parsing library

php84-curl @8.4.0RC1 (php, net, www)
a PHP interface to the curl library, which lets you download files from servers with a variety of protocols

php84-dba @8.4.0RC1 (php, databases)
a PHP interface for accessing DBM databases such as BerkeleyDB

php84-enchant @8.4.0RC1 (php, textproc, devel)
a PHP interface to enchant

php84-exif @8.4.0RC1 (php, graphics)
a PHP interface to the EXIF image metadata functions

php84-ffi @8.4.0RC1 (php, devel)
a PHP interface to allow loading of shared libraries

php84-gd @8.4.0RC1 (php, graphics)
a PHP interface to the gd library

php84-gettext @8.4.0RC1 (php, devel)
a PHP interface to the gettext natural language support functions

php84-gmp @8.4.0RC1 (php, devel, math)
a PHP interface to GMP, the GNU multiprocessing library through which you can work with arbitrary-length integers

php84-iconv @8.4.0RC1 (php, textproc)
a PHP interface to the libiconv character encoding conversion functions

php84-ldap @8.4.0RC1 (php, databases)
a PHP interface to LDAP

php84-mysql @8.4.0RC1 (php, databases)
a PHP interface to MySQL databases, including the mysqli and pdo_mysql extensions

php84-odbc @8.4.0RC1 (php, databases)
a PHP interface for accessing databases via Open DataBase Connectivity (ODBC)

php84-opcache @8.4.0RC1 (php)
OPcache improves PHP performance by storing precompiled script bytecode in shared memory, thereby removing the need for PHP to load and parse scripts on each request.

php84-openssl @8.4.0RC1 (php, devel, security)
a PHP interface to OpenSSL signature-generation and -verification and data-encryption and -decryption functions

php84-pcntl @8.4.0RC1 (php, sysutils)
a PHP interface to Unix-style process creation, program execution, signal handling and process termination functions

php84-posix @8.4.0RC1 (php, sysutils)
a PHP interface to additional POSIX functions

php84-postgresql @8.4.0RC1 (php, databases)
a PHP interface to PostgreSQL, including the pgsql and pdo_pgsql extensions

php84-snmp @8.4.0RC1 (php, sysutils)
a PHP interface to the Simple Network Management Protocol (SNMP)

php84-sockets @8.4.0RC1 (php, net)
a PHP interface to BSD socket communication functions

php84-sodium @8.4.0RC1 (php, security)
a PHP interface to libsodium, a modern and easy-to-use crypto library

php84-sqlite @8.4.0RC1 (php, databases)
a PHP interface to SQLite, including the sqlite3 and pdo_sqlite extensions

php84-tidy @8.4.0RC1 (php, www)
a PHP interface to tidy, the HTML cleaning and repair utility

php84-xsl @8.4.0RC1 (php, textproc)
a PHP interface to libxslt, which implements the XSL standard and lets you perform XSL transformations

picotls @2025.09.12 (net, security)
picotls is a TLS 1.3 (RFC 8446) protocol stack written in C

pinentry-mac @1.3.1.1 (aqua, security)
Cocoa interface for the password entry software pinentry.

please @15.12.0 (devel)
High-performance extensible build system for reproducible multi-language builds

polygraph @4.3.2_4 (benchmarks, www)
Web Polygraph is a performance testing tool for caching proxies and other Web intermediaries.

portfolio-performance @0.50.3 (finance)
A simple tool to calculate the overall performance of an investment portfolio.

PothosSoapy @0.5.1_3 (science)
SDR source and sink blocks for interfacing SDR hardware with Pothos.

pqiv @2.12 (graphics)
A powerful GTK 3 based command-line image viewer with a minimal UI

pqp @1.3_1 (science)
A library for performing proximity queries

prettyping @1.1.0 (net)
prettier, more colorful, more compact, easier to read ping output

proxmark3-iceman @4.20728 (science, comms)
RRG/Iceman version of proxmark3 RFID Instrument Client/FW

psblas3 @3.8.1-2_1 (math, science, parallel)
Library of parallel sparse linear algebra on high performance computer.

pure-audio @0.6 (pure, audio)
a digital audio interface for the Pure programming language

pure-bonjour @0.2 (pure, devel)
an interface to Bonjour which enables you to publish and discover Zeroconf services from Pure

pure-csv @1.6 (pure, devel)
an interface to read and write comma separated value files in Pure

pure-fastcgi @0.6_1 (pure, www)
an interface to the FastCGI library in Pure

pure-ffi @0.16 (pure, devel)
an interface to libffi which enables you to call C functions from Pure and vice versa

pure-g2 @0.3 (pure, graphics)
an interface to the g2 graphics library for Pure

pure-gl @0.9 (pure, graphics)
an interface to access OpenGL functions from Pure

pure-glpk @0.6 (pure, math, lang)
an interface to the GNU Linear Programming Kit (GLPK) for the Pure programming language

pure-liblo @0.9 (pure, audio)
an interface to liblo, which implements Berkeley’s Open Sound Control (OSC) protocol

pure-lilv @0.5 (pure, audio, devel)
a Pure interface to David Robillard’s Lilv, an LV2 plugin host library

pure-midi @0.6 (pure, audio)
a MIDI interface for the Pure programming language

pure-mpfr @0.5_1 (pure, devel, math)
an interface to GNU MPFR from Pure

pure-octave @0.13 (pure, math, science)
an interface to run Octave commands from Pure

pure-odbc @0.10 (pure, databases)
a simple ODBC interface for the Pure programming language

pure-readline @0.3_2 (pure, devel)
an interface to use readline from Pure

pure-reduce @0.4 (pure, devel, math)
a Pure interface to the Reduce computer algebra system

pure-sockets @0.8 (pure, net)
an interface to the Berkeley socket functions for Pure

pure-sql3 @0.5 (pure, databases)
an SQLite interface for the Pure programming language

pure-stldict @0.8 (pure, devel)
a Pure interface to the C++ dictionary containers

pure-stllib @0.6 (pure, devel)
a Pure interface to some C++ container types

pure-tk @0.5 (pure, x11)
a basic interface between Pure and Tcl/Tk

pure-xml @0.7 (pure, textproc)
an interface to libxml2 and libxslt for Pure

py-atomicwrites @1.4.1 (python)
Powerful Python library for atomic file writes

py-backports.tarfile @1.2.0 (python, devel)
Backport of CPython tarfile module

py-bitstruct @8.19.0 (python, devel)
This module performs conversions between Python values and C bit field structs represented as Python byte strings.

py-bpython @0.24 (python)
fancy interface to the Python interpreter

py-cachelib @0.10.2 (python)
A collection of cache libraries in the same API interface

py-cbor @1.0.0_1 (python)
RFC 7049 Concise Binary Object Representation

py-cffi @2.0.0 (python, devel)
Foreign Function Interface for Python calling C code.

py-cfgrib @0.9.10.2 (python, science)
Python interface to map GRIB files to the NetCDF Common Data Model following the CF Convention using ecCodes

py-cleo @2.1.0 (python, devel)
Cleo allows you to create beautiful and testable command-line interfaces.

py-click @8.3.1 (python, devel)
A simple wrapper around optparse for powerful command line utilities.

py-cliff @4.9.1 (python)
Command Line Interface Formulation Framework

py-cligj @0.7.2 (python, gis)
Click params for commmand line interfaces to GeoJSON

py-clikit @0.6.2 (python, devel)
CliKit is a group of utilities to build beautiful and testable command line interfaces.

py-clnum @1.6 (python)
a Python interface to the Class Library for Numbers (CLN)

py-cloudflare @4.3.1 (python)
Python interface to the CloudFlare API.

py-cloudflare2 @2.20.0 (python, net)
Python interface to the CloudFlare API.

py-cookies @2.2.1 (python, devel)
Friendly, RFC 6265-compliant cookie parser/renderer module

py-curl @7.45.7 (python, net, devel)
Python interface to libcurl

py-cymruwhois @1.6 (python)
Perform lookups by ip address and return ASN, Country Code, and Netblock Owner.

py-demjson @2.2.4 (python)
encoder, decoder, and lint/validator for JSON compliant with RFC 4627

py-diff-match-patch @20241021 (python)
The Diff Match and Patch libraries offer robust algorithms to perform the operations required for synchronizing plain text.

py-distorm @3.5_1 (python, devel)
powerful disassembler library for x86/AMD64

py-dm-sonnet @2.0.0 (python)
Sonnet is a library for building neural networks in TensorFlow.

py-dolfin @2019.1.0_1 (python, math, science)
Python interface to DOLFIN, a part of FEniCS

py-dqsegdb2 @1.2.1 (python, science)
Simplified python interface to DQSEGDB

py-drms @0.9.0 (python)
The drms module provides an easy-to-use interface for accessing HMI, AIA and MDI data with Python.

py-eccodes @2.45.0 (python, science)
Python interface to the ecCodes GRIB and BUFR decoder/encoder

py-enrich @1.2.7 (python)
Enrich adds few missing features to the wonderful rich library.

py-erf @1.0.1 (python, math, science)
Bootstrap confidence interval estimation routines for SciPy.

py-exifread @3.5.1 (python)
EXIF.py - Python interface to the EXIF meta-data

py-ezdxf @1.2.0 (python)
Python interface to DXF

py-fancycompleter @0.9.1 (python)
colorful TAB completion for Python prompt

py-fastapi @0.127.0 (python, devel)
FastAPI framework, high performance, easy to learn, fast to code, ready for production

py-fire @0.7.0 (python)
A library for automatically generating command line interfaces.

py-fqdn @1.5.1 (python, devel)
Validates fully-qualified domain names against RFC 1123

py-ftputil @5.1.0 (python, net)
High level Python interface to the ftplib module

py-fuse @0.2.1_4 (fuse, python)
Python interface for FUSE

py-fusepy @3.0.1_1 (python, devel)
a simple interface to FUSE and MacFUSE

py-gnuplot @1.8_2 (python, devel, math)
A Python interface to the gnuplot plotting program.

py-gsl @2.6.3 (python, science)
Python interface to the GNU Scientific Library

py-gssapi @1.11.1 (python)
Python interface to RFC 2743/2744

py-gwosc @0.8.1 (python, science)
A python interface to the GW Open Science data archive

py-h5netcdf @1.8.1 (python, science)
A Python interface for the netCDF4 file-format

py-hdbscan @0.8.33 (python, science)
A high performance implementation of HDBSCAN clustering.

py-hdfs @2.7.3 (python, net, sysutils, parallel)
API and command line interface for HDFS

py-healpy @1.16.1 (python, science)
Python language interface for HEALPix

py-humanfriendly @10.0 (python, devel)
Human friendly output for text interfaces using Python

py-hyperframe @6.1.0 (python, net, www)
HTTP/2 framing layer for Python

py-hyperkitty @1.3.5_1 (python, mail)
A web interface to access GNU Mailman v3 archives

py-hypy @1.0.1 (python, textproc)
Fulltext search interface for Python applications

py-icalendar @6.3.1 (python)
The iCalendar package is a parser/generator of RFC 2445 iCalendar files.

py-ifaddr @0.2.0 (python)
Cross-platform network interface and IP address enumeration library

py-igraph @1.0.0 (python, math, science)
Python interface to the igraph library.

py-imageio @2.37.2 (python, graphics)
Easy interface to read and write a wide range of image data.

py-immutables @0.21 (python, devel)
A high-performance immutable mapping type for Python

py-itemadapter @0.13.1 (python)
Common interface for data container classes

py-iterable-io @1.0.0 (python)
Python library to adapt iterables to a file-like interface

py-jsonpatch @1.33 (python)
Apply JSON-Patches (RFC 6902)

py-jsonpointer @3.0.0 (python)
Identify specific nodes in a JSON document (RFC 6901)

py-keras @2.13.1 (python, devel, math)
Deep Learning library for Theano and TensorFlow

py-kerfi-vangasvipur @1.0.0 (python)
Python tool to manipulate OS X system_profiler output.

py-keyring @25.7.0 (python, security)
Python interface to access the system keyring service

py-kfac @0.2.3.20200929 (python)
K-FAC for TensorFlow

py-lark @1.3.1 (python)
Lark is a parsing toolkit for Python, built with a focus on ergonomics, performance and modularity.

py-ldap3 @2.9.1 (python, net, www)
A strictly RFC 4510 conforming LDAP V3 pure Python client library

py-libarchive-c @5.3 (python)
Python interface to libarchive

py-libcloud @3.0.0 (python, net)
Apache libcloud a unified interface into the cloud

py-lxml @6.0.2 (python, devel)
Powerful and Pythonic XML processing library

py-macfsevents @0.8.4 (python)
Thread-based interface to file system observation primitives.

py-mesh-tensorflow @0.1.18.20210305 (python)
Mesh TensorFlow - Model Parallelism Made Easier

py-metar @1.4 (python)
python interface to the weather reports of the NOAA

py-metpy @1.7.1 (python, science)
MetPy is a collection of tools in Python for reading, visualizing and performing calculations with weather data.

py-minecraft-overviewer @0.12.280_2018-11-18 (python)
Render high-resolution maps of a Minecraft world with a Google Maps powered interface

py-mssql @2.3.8 (python, databases)
A simple database interface to MS-SQL for Python.

py-mysql @1.2.3_1 (python, devel, databases)
Python interface to mysql

py-mysqlclient @2.2.7 (python, devel, databases)
Python3 interface to MySQL/MariaDB, fork of MySQL-python

py-netcdf4 @1.7.3 (python, science)
Python/numpy interface to netCDF

py-netifaces @0.11.0 (python)
an easy way to get the address(es) of the machine’s network interfaces from Python

py-networkit @11.2 (python, devel)
NetworKit is a toolbox for high-performance network analysis

py-notify2 @0.3.1 (python, devel)
Python interface to DBus notifications

py-ntplib @0.4.0 (python)
Simple interface to query NTP servers from Python.

py-openbabel @3.1.1.1_1 (python, science, chemistry, devel)
Python interface to the Open Babel chemistry library

py-openbabel2 @2.4.1 (python, science, chemistry, devel)
Python interface to the Open Babel chemistry library

py-pandas @2.3.3 (python, science)
Powerful data structures for data analysis and statistics

py-parfive @2.3.1 (python, net)
A parallel file downloader using asyncio.

py-photoscript @0.4.0 (python)
Python wrapper around Apple Photos applescript interface

py-pikepdf @10.3.0 (python, graphics)
pikepdf is based on QPDF, a powerful PDF manipulation and repair library.

py-pkgconfig @1.5.5 (python)
Python module to interface with pkg-config.

py-plyvel @1.5.1 (python, devel)
Plyvel is a fast and feature-rich Python interface to LevelDB.

py-postgresql @1.3.0 (python, devel, databases)
Python interface to PostgreSQL

py-postorius @1.3.6 (python, mail)
A web user interface for GNU Mailman

py-prompt_toolkit @3.0.52 (python)
Library for building powerful interactive command lines in Python

py-pybonjour @1.1.3 (python)
pybonjour provides a pure-Python interface to Apple Bonjour and compatible DNS-SD libraries (such as Avahi).

py-pycares @5.0.1 (python, devel)
Python interface for c-ares.

py-pydot @1.4.2_1 (python, graphics)
Python interface to Graphviz's Dot

py-pydub @0.25.1 (python, audio)
Manipulate audio with an simple and easy high level interface

py-pyelftools @0.32 (python, devel)
A pure-Python library for parsing and analyzing ELF files and DWARF debugging information.

py-pyerfa @2.0.1.5_1 (python, science)
PyERFA is the Python wrapper for the ERFA library

py-pyfsevents @0.2b1 (python)
Python interface to Mac OS X's FSEvents

py-pygmt @0.17.0 (python, science)
Python interface for the Generic Mapping Tools

py-pygresql @6.0 (python, databases)
Python module that interfaces to a PostgreSQL database

py-pygrib @2.1.4_1 (python, science)
Python interface to the Grib API library

py-pyheif @0.8.0 (python)
Python interface to libheif library

py-pykerberos @1.3.1 (python, devel)
A GSSAPI interface module for Python

py-pylast @7.0.0 (python, devel, audio)
A Python interface to Last.fm and Libre.fm

py-pyproj @3.7.2 (python, devel)
Python interfaces to PROJ.4 functions.

py-pyrfc3339 @2.1.0 (python)
pyRFC3339 parses and generates RFC 3339-compliant timestamps using Python datetime.datetime objects.

py-pysam @0.22.0 (python, science)
Python interface for the SAM/BAM sequence alignment and mapping format

py-pytest @8.4.2 (python, devel)
py.test: simple powerful testing with Python

py-pytorch-lightning @1.6.5 (python)
The lightweight PyTorch wrapper for high-performance AI research.

py-quantecon @0.10.1 (python, science, finance)
QuantEcon is a high performance, open source Python code library for economics

py-questionary @2.1.1 (python)
Questionary is a Python library for effortlessly building pretty command line interfaces

py-rad @2.4 (python, net)
python RADIUS module implementing RFC2865

py-rarfile @4.2 (python, archivers)
RAR archive reader for Python

py-repoze.sphinx.autointerface @1.0.0_1 (python)
An extension for the Sphinx documentation system to allow generation of API documentation by introspection of zope.interface instances in code.

py-rfc3339 @6.2 (python)
Formats dates according to the RFC 3339.

py-rfc3339-validator @0.1.4 (python, devel)
A pure python RFC3339 validator

py-rfc3986 @2.0.0 (python)
A Python implementation of RFC 3986 including validation and authority parsing.

py-rfc3986-validator @0.1.1 (python, devel)
A pure python RFC3986 validator

py-rfc3987-syntax @1.1.0 (python)
Helper functions to parse and validate the syntax of terms defined in RFC 3987 — the IETF standard for Internationalized Resource Identifiers (IRIs).

py-rfc6555 @0.1.0 (python, devel)
Python implementation of RFC 6555.

py-rfoo @1.3.0 (python, devel)
remote foo is a fast Python RPC package

py-rtm @0.4.2 (python, devel)
Python interface for Remember The Milk API.

py-rustworkx @0.15.1 (python, devel, math)
A high performance Python graph library implemented in Rust

py-s3fs @2025.9.0 (python, devel)
Convenient Filesystem interface over S3

py-sacrebleu @2.4.3 (python)
Hassle-free computation of shareable, comparable, and reproducible BLEU, chrF, and TER scores

py-scapy @2.6.1 (python, net, security)
A powerful packet manipulation tool

py-scikit-hep-particle @0.23.1 (python)
Particle provides a pythonic interface to the Particle Data Group (PDG) data.

py-scikit-rf @1.8.0 (python)
scikit-rf (aka skrf): a Python package for RF engineering

py-sh @2.2.2 (python, devel)
A full-fledged subprocess interface for Python

py-sigma-cli @2.0.1 (python)
Sigma Command Line Interface (conversion, check etc.) based on pySigma

py-smisk @1.1.6_1 (python, www)
High performance web service framework

py-sparqlwrapper @2.0.0 (python, devel, databases)
SPARQL Endpoint interface to Python

py-spatialite @3.0.1_8 (python)
Python interface to SQLite 3 and Spatialite

py-spglib @2.6.0_1 (python, science)
Python interface for spglib (a C library for crystal symmetries).

py-srsly @2.4.8 (python)
Modern high-performance serialization utilities for Python

py-swiginac @1.5.1.1 (python)
interface to GiNaC providing Python with symbolic mathematics

py-tensorboard @2.9.0 (python)
TensorFlow's Visualization Toolkit

py-tensorboard1 @1.15.0 (python)
TensorFlow's Visualization Toolkit

py-tensorflow @2.12.0 (python)
TensorFlow helps the tensors flow

py-tensorflow-data-validation @0.28.0 (python)
A library for exploring and validating machine learning data.

py-tensorflow-datasets @4.9.2 (python)
tensorflow/datasets is a library of datasets ready to use with TensorFlow.

py-tensorflow-gan @2.0.0 (python)
TF GAN A Generative Adversarial Networks library for TensorFlow.

py-tensorflow-hub @0.11.0 (python)
TensorFlow Hub is a library to foster the publication discovery and consumption of reusable parts of machine learning models.

py-tensorflow-macos @2.11.0 (python, lang)
Mac-optimized TensorFlow to be used with py-tensorflow-metal.

py-tensorflow-metadata @1.14.0 (python)
Library and standards for schema and statistics.

py-tensorflow-metal @0.7.1 (python, lang)
TensorFlow acceleration for Mac GPUs.

py-tensorflow-probability @0.12.1 (python)
Probabilistic modeling and statistical inference in TensorFlow

py-tensorflow-transform @0.28.0 (python)
A library for data preprocessing with TensorFlow

py-tensorflow1 @1.15.5 (python)
TensorFlow helps the tensors flow

py-tensorflow_estimator @2.13.0 (python)
High-level API that simplifies machine learning.

py-tensorflow_estimator1 @1.15.2 (python)
High-level API that simplifies machine learning.

py-textual @7.3.0 (python, devel)
Textual is a TUI (Text User Interface) framework for Python inspired by modern web development.

py-tf-slim @1.1.0 (python)
TensorFlow Slim A lightweight library for defining training and evaluating complex models in TensorFlow

py-tfx-bsl @0.28.1 (python)
TFX Basic Shared Libraries for TFX TensorFlow eXtended libraries and components.

py-torrequest @0.1.0 (python)
A simple Python interface for HTTP(s) requests over Tor.

py-tracer @2.0.0 (python)
A more flexible interface to sys.settrace

py-transformers @4.21.2 (python, textproc)
State-of-the-art Natural Language Processing for TensorFlow 2.0 and PyTorch

py-twitter @1.0 (python, devel)
Interface for the Twitter API.

py-uri-template @1.3.0 (python, devel)
RFC 6570 URI Template Processor

py-uritemplate @4.1.1 (python, textproc, www)
Python implementation of RFC6570, URI Template

py-url @0.15.1_1 (python)
RFC2396 compliant Python implementation of URLs

py-utidylib @0.10 (python)
Python interface to html tidy

py-vispy @0.16.1 (python)
VisPy is a high-performance interactive 2D/3D data visualization library.

py-wcwidth @0.2.14 (python)
Library for building powerful interactive command lines in Python

py-webpy @0.39 (python, www)
web.py is a web framework for Python that is as simple as it is powerful

py-wxpython-3.0 @3.0.2.0 (python, graphics, devel)
Python interface to the wxWidgets 3.0 cross platform GUI

py-wxpython-4.0 @4.2.4 (python, graphics, devel)
Python interface to the wxWidgets 3.2 cross platform GUI

py-xraydb @4.5.8_1 (python, science)
X-ray reference data in a SQLite library, including a Python interface.

py-zope-schema @6.2.0 (python, zope)
zope.interface extension for defining data schemas

py-zopeinterface @7.2 (python, zope)
Python interfaces for Zope

py26-clnum @1.6 (python)
a Python interface to the Class Library for Numbers (CLN)

py27-atomicwrites @1.4.1 (python)
Powerful Python library for atomic file writes

py27-cffi @1.15.1 (python, devel)
Foreign Function Interface for Python calling C code.

py27-click @7.1.2 (python, devel)
A simple wrapper around optparse for powerful command line utilities.

py27-curl @7.43.0.3_2 (python, net, devel)
Python interface to libcurl

py27-distorm @3.5_1 (python, devel)
powerful disassembler library for x86/AMD64

py27-fuse @0.2.1_4 (fuse, python)
Python interface for FUSE

py27-gnome @2.28.1_7 (python, gnome)
gnome-python is a set of python interfaces to gnome-libs.

py27-gnuplot @1.8_2 (python, devel, math)
A Python interface to the gnuplot plotting program.

py27-kerfi-vangasvipur @1.0.0 (python)
Python tool to manipulate OS X system_profiler output.

py27-libcloud @2.8.2 (python, net)
Apache libcloud a unified interface into the cloud

py27-lxml @5.0.2 (python, devel)
Powerful and Pythonic XML processing library

py27-minecraft-overviewer @0.12.280_2018-11-18 (python)
Render high-resolution maps of a Minecraft world with a Google Maps powered interface

py27-mysql @1.2.3_1 (python, devel, databases)
Python interface to mysql

py27-osmgpsmap @0.7.3_4 (python, graphics)
Python interfaces for osm-gps-map

py27-plyvel @1.5.1 (python, devel)
Plyvel is a fast and feature-rich Python interface to LevelDB.

py27-pydot @1.4.2_1 (python, graphics)
Python interface to Graphviz's Dot

py27-pyfsevents @0.2b1 (python)
Python interface to Mac OS X's FSEvents

py27-pytest @4.6.3 (python, devel)
py.test: simple powerful testing with Python

py27-rfoo @1.3.0 (python, devel)
remote foo is a fast Python RPC package

py27-scapy @2.5.0 (python, net, security)
A powerful packet manipulation tool

py27-smisk @1.1.6_1 (python, www)
High performance web service framework

py27-spatialite @3.0.1_8 (python)
Python interface to SQLite 3 and Spatialite

py27-swiginac @1.5.1.1 (python)
interface to GiNaC providing Python with symbolic mathematics

py27-twitter @1.0 (python, devel)
Interface for the Twitter API.

py27-url @0.15.1_1 (python)
RFC2396 compliant Python implementation of URLs

py27-wcwidth @0.2.14 (python)
Library for building powerful interactive command lines in Python

py27-webpy @0.39 (python, www)
web.py is a web framework for Python that is as simple as it is powerful

py27-wxpython-3.0 @3.0.2.0 (python, graphics, devel)
Python interface to the wxWidgets 3.0 cross platform GUI

py27-zopeinterface @5.5.2 (python, zope)
Python interfaces for Zope

py35-pytest @5.4.3 (python, devel)
py.test: simple powerful testing with Python

py35-wcwidth @0.2.14 (python)
Library for building powerful interactive command lines in Python

py35-zopeinterface @5.5.2 (python, zope)
Python interfaces for Zope

py36-pytest @7.0.1 (python, devel)
py.test: simple powerful testing with Python

py36-zopeinterface @5.5.2 (python, zope)
Python interfaces for Zope

py37-lxml @5.4.0 (python, devel)
Powerful and Pythonic XML processing library

py37-pytest @7.4.4 (python, devel)
py.test: simple powerful testing with Python

py37-zopeinterface @6.4.post2 (python, zope)
Python interfaces for Zope

py38-lxml @5.4.0 (python, devel)
Powerful and Pythonic XML processing library

py38-macfsevents @0.8.4 (python)
Thread-based interface to file system observation primitives.

py38-pytest @8.3.5 (python, devel)
py.test: simple powerful testing with Python

py38-zopeinterface @7.2 (python, zope)
Python interfaces for Zope

py39-cffi @2.0.0 (python, devel)
Foreign Function Interface for Python calling C code.

py39-click @8.2.1 (python, devel)
A simple wrapper around optparse for powerful command line utilities.

py39-cookies @2.2.1 (python, devel)
Friendly, RFC 6265-compliant cookie parser/renderer module

py39-demjson @2.2.4 (python)
encoder, decoder, and lint/validator for JSON compliant with RFC 4627

py39-dm-sonnet @2.0.0 (python)
Sonnet is a library for building neural networks in TensorFlow.

py39-fqdn @1.5.1 (python, devel)
Validates fully-qualified domain names against RFC 1123

py39-fusepy @3.0.1_1 (python, devel)
a simple interface to FUSE and MacFUSE

py39-hdfs @2.7.3 (python, net, sysutils, parallel)
API and command line interface for HDFS

py39-humanfriendly @10.0 (python, devel)
Human friendly output for text interfaces using Python

py39-hyperframe @6.1.0 (python, net, www)
HTTP/2 framing layer for Python

py39-jsonpointer @3.0.0 (python)
Identify specific nodes in a JSON document (RFC 6901)

py39-keras @2.13.1 (python, devel, math)
Deep Learning library for Theano and TensorFlow

py39-kfac @0.2.3.20200929 (python)
K-FAC for TensorFlow

py39-lxml @6.0.2 (python, devel)
Powerful and Pythonic XML processing library

py39-mesh-tensorflow @0.1.18.20210305 (python)
Mesh TensorFlow - Model Parallelism Made Easier

py39-pandas @2.3.3 (python, science)
Powerful data structures for data analysis and statistics

py39-pkgconfig @1.5.5 (python)
Python module to interface with pkg-config.

py39-prompt_toolkit @3.0.52 (python)
Library for building powerful interactive command lines in Python

py39-pycares @5.0.1 (python, devel)
Python interface for c-ares.

py39-pydot @1.4.2_1 (python, graphics)
Python interface to Graphviz's Dot

py39-pytest @8.4.2 (python, devel)
py.test: simple powerful testing with Python

py39-rfc3339 @6.2 (python)
Formats dates according to the RFC 3339.

py39-rfc3339-validator @0.1.4 (python, devel)
A pure python RFC3339 validator

py39-rfc3986-validator @0.1.1 (python, devel)
A pure python RFC3986 validator

py39-scapy @2.6.1 (python, net, security)
A powerful packet manipulation tool

py39-tensorboard @2.9.0 (python)
TensorFlow's Visualization Toolkit

py39-tensorboard1 @1.15.0 (python)
TensorFlow's Visualization Toolkit

py39-tensorflow @2.12.0 (python)
TensorFlow helps the tensors flow

py39-tensorflow-data-validation @0.28.0 (python)
A library for exploring and validating machine learning data.

py39-tensorflow-gan @2.0.0 (python)
TF GAN A Generative Adversarial Networks library for TensorFlow.

py39-tensorflow-hub @0.11.0 (python)
TensorFlow Hub is a library to foster the publication discovery and consumption of reusable parts of machine learning models.

py39-tensorflow-metadata @1.14.0 (python)
Library and standards for schema and statistics.

py39-tensorflow-probability @0.12.1 (python)
Probabilistic modeling and statistical inference in TensorFlow

py39-tensorflow-transform @0.28.0 (python)
A library for data preprocessing with TensorFlow

py39-tensorflow1 @1.15.5 (python)
TensorFlow helps the tensors flow

py39-tensorflow_estimator @2.13.0 (python)
High-level API that simplifies machine learning.

py39-tensorflow_estimator1 @1.15.2 (python)
High-level API that simplifies machine learning.

py39-tf-slim @1.1.0 (python)
TensorFlow Slim A lightweight library for defining training and evaluating complex models in TensorFlow

py39-tfx-bsl @0.28.1 (python)
TFX Basic Shared Libraries for TFX TensorFlow eXtended libraries and components.

py39-uri-template @1.3.0 (python, devel)
RFC 6570 URI Template Processor

py39-uritemplate @4.1.1 (python, textproc, www)
Python implementation of RFC6570, URI Template

py39-wcwidth @0.2.14 (python)
Library for building powerful interactive command lines in Python

py39-zopeinterface @7.2 (python, zope)
Python interfaces for Zope

py310-atomicwrites @1.4.1 (python)
Powerful Python library for atomic file writes

py310-backports.tarfile @1.2.0 (python, devel)
Backport of CPython tarfile module

py310-bpython @0.24 (python)
fancy interface to the Python interpreter

py310-cachelib @0.10.2 (python)
A collection of cache libraries in the same API interface

py310-cbor @1.0.0_1 (python)
RFC 7049 Concise Binary Object Representation

py310-cffi @2.0.0 (python, devel)
Foreign Function Interface for Python calling C code.

py310-cfgrib @0.9.10.2 (python, science)
Python interface to map GRIB files to the NetCDF Common Data Model following the CF Convention using ecCodes

py310-cleo @2.1.0 (python, devel)
Cleo allows you to create beautiful and testable command-line interfaces.

py310-click @8.3.1 (python, devel)
A simple wrapper around optparse for powerful command line utilities.

py310-cliff @4.9.1 (python)
Command Line Interface Formulation Framework

py310-cligj @0.7.2 (python, gis)
Click params for commmand line interfaces to GeoJSON

py310-clikit @0.6.2 (python, devel)
CliKit is a group of utilities to build beautiful and testable command line interfaces.

py310-cloudflare @4.3.1 (python)
Python interface to the CloudFlare API.

py310-cloudflare2 @2.20.0 (python, net)
Python interface to the CloudFlare API.

py310-curl @7.45.7 (python, net, devel)
Python interface to libcurl

py310-cymruwhois @1.6 (python)
Perform lookups by ip address and return ASN, Country Code, and Netblock Owner.

py310-diff-match-patch @20241021 (python)
The Diff Match and Patch libraries offer robust algorithms to perform the operations required for synchronizing plain text.

py310-dolfin @2019.1.0_1 (python, math, science)
Python interface to DOLFIN, a part of FEniCS

py310-drms @0.9.0 (python)
The drms module provides an easy-to-use interface for accessing HMI, AIA and MDI data with Python.

py310-eccodes @2.45.0 (python, science)
Python interface to the ecCodes GRIB and BUFR decoder/encoder

py310-enrich @1.2.7 (python)
Enrich adds few missing features to the wonderful rich library.

py310-exifread @3.5.1 (python)
EXIF.py - Python interface to the EXIF meta-data

py310-ezdxf @1.2.0 (python)
Python interface to DXF

py310-fancycompleter @0.9.1 (python)
colorful TAB completion for Python prompt

py310-fastapi @0.127.0 (python, devel)
FastAPI framework, high performance, easy to learn, fast to code, ready for production

py310-fire @0.7.0 (python)
A library for automatically generating command line interfaces.

py310-fqdn @1.5.1 (python, devel)
Validates fully-qualified domain names against RFC 1123

py310-gsl @2.6.3 (python, science)
Python interface to the GNU Scientific Library

py310-gssapi @1.11.1 (python)
Python interface to RFC 2743/2744

py310-h5netcdf @1.8.1 (python, science)
A Python interface for the netCDF4 file-format

py310-hdbscan @0.8.33 (python, science)
A high performance implementation of HDBSCAN clustering.

py310-hdfs @2.7.3 (python, net, sysutils, parallel)
API and command line interface for HDFS

py310-healpy @1.16.1 (python, science)
Python language interface for HEALPix

py310-humanfriendly @10.0 (python, devel)
Human friendly output for text interfaces using Python

py310-hyperframe @6.1.0 (python, net, www)
HTTP/2 framing layer for Python

py310-hyperkitty @1.3.5_1 (python, mail)
A web interface to access GNU Mailman v3 archives

py310-ifaddr @0.2.0 (python)
Cross-platform network interface and IP address enumeration library

py310-igraph @1.0.0 (python, math, science)
Python interface to the igraph library.

py310-imageio @2.37.2 (python, graphics)
Easy interface to read and write a wide range of image data.

py310-immutables @0.21 (python, devel)
A high-performance immutable mapping type for Python

py310-itemadapter @0.12.2 (python)
Common interface for data container classes

py310-iterable-io @1.0.0 (python)
Python library to adapt iterables to a file-like interface

py310-jsonpatch @1.33 (python)
Apply JSON-Patches (RFC 6902)

py310-jsonpointer @3.0.0 (python)
Identify specific nodes in a JSON document (RFC 6901)

py310-keras @2.13.1 (python, devel, math)
Deep Learning library for Theano and TensorFlow

py310-keyring @25.7.0 (python, security)
Python interface to access the system keyring service

py310-lark @1.3.1 (python)
Lark is a parsing toolkit for Python, built with a focus on ergonomics, performance and modularity.

py310-ldap3 @2.9.1 (python, net, www)
A strictly RFC 4510 conforming LDAP V3 pure Python client library

py310-libarchive-c @5.3 (python)
Python interface to libarchive

py310-lxml @6.0.2 (python, devel)
Powerful and Pythonic XML processing library

py310-macfsevents @0.8.4 (python)
Thread-based interface to file system observation primitives.

py310-metpy @1.7.1 (python, science)
MetPy is a collection of tools in Python for reading, visualizing and performing calculations with weather data.

py310-mssql @2.3.8 (python, databases)
A simple database interface to MS-SQL for Python.

py310-mysqlclient @2.2.7 (python, devel, databases)
Python3 interface to MySQL/MariaDB, fork of MySQL-python

py310-netcdf4 @1.7.3 (python, science)
Python/numpy interface to netCDF

py310-netifaces @0.11.0 (python)
an easy way to get the address(es) of the machine’s network interfaces from Python

py310-networkit @11.2 (python, devel)
NetworKit is a toolbox for high-performance network analysis

py310-notify2 @0.3.1 (python, devel)
Python interface to DBus notifications

py310-openbabel @3.1.1.1_1 (python, science, chemistry, devel)
Python interface to the Open Babel chemistry library

py310-openbabel2 @2.4.1 (python, science, chemistry, devel)
Python interface to the Open Babel chemistry library

py310-orfeotoolbox @9.1.1_2 (gis, python)
Python 3.10 bindings for orfeotoolbox

py310-pandas @2.3.3 (python, science)
Powerful data structures for data analysis and statistics

py310-parfive @2.3.1 (python, net)
A parallel file downloader using asyncio.

py310-photoscript @0.4.0 (python)
Python wrapper around Apple Photos applescript interface

py310-pikepdf @10.3.0 (python, graphics)
pikepdf is based on QPDF, a powerful PDF manipulation and repair library.

py310-pkgconfig @1.5.5 (python)
Python module to interface with pkg-config.

py310-plyvel @1.5.1 (python, devel)
Plyvel is a fast and feature-rich Python interface to LevelDB.

py310-postgresql @1.3.0 (python, devel, databases)
Python interface to PostgreSQL

py310-postorius @1.3.6 (python, mail)
A web user interface for GNU Mailman

py310-prompt_toolkit @3.0.52 (python)
Library for building powerful interactive command lines in Python

py310-pybonjour @1.1.3 (python)
pybonjour provides a pure-Python interface to Apple Bonjour and compatible DNS-SD libraries (such as Avahi).

py310-pycares @5.0.1 (python, devel)
Python interface for c-ares.

py310-pydot @1.4.2_1 (python, graphics)
Python interface to Graphviz's Dot

py310-pydub @0.25.1 (python, audio)
Manipulate audio with an simple and easy high level interface

py310-pyelftools @0.32 (python, devel)
A pure-Python library for parsing and analyzing ELF files and DWARF debugging information.

py310-pyerfa @2.0.1.5_1 (python, science)
PyERFA is the Python wrapper for the ERFA library

py310-pygrib @2.1.4_1 (python, science)
Python interface to the Grib API library

py310-pyheif @0.8.0 (python)
Python interface to libheif library

py310-pylast @7.0.0 (python, devel, audio)
A Python interface to Last.fm and Libre.fm

py310-pyproj @3.7.2 (python, devel)
Python interfaces to PROJ.4 functions.

py310-pyrfc3339 @2.1.0 (python)
pyRFC3339 parses and generates RFC 3339-compliant timestamps using Python datetime.datetime objects.

py310-pysam @0.22.0 (python, science)
Python interface for the SAM/BAM sequence alignment and mapping format

py310-pytest @8.4.2 (python, devel)
py.test: simple powerful testing with Python

py310-pytorch-lightning @1.6.5 (python)
The lightweight PyTorch wrapper for high-performance AI research.

py310-quantecon @0.10.1 (python, science, finance)
QuantEcon is a high performance, open source Python code library for economics

py310-questionary @2.1.1 (python)
Questionary is a Python library for effortlessly building pretty command line interfaces

py310-rarfile @4.2 (python, archivers)
RAR archive reader for Python

py310-repoze.sphinx.autointerface @1.0.0_1 (python)
An extension for the Sphinx documentation system to allow generation of API documentation by introspection of zope.interface instances in code.

py310-rfc3339-validator @0.1.4 (python, devel)
A pure python RFC3339 validator

py310-rfc3986 @2.0.0 (python)
A Python implementation of RFC 3986 including validation and authority parsing.

py310-rfc3986-validator @0.1.1 (python, devel)
A pure python RFC3986 validator

py310-rfc3987-syntax @1.1.0 (python)
Helper functions to parse and validate the syntax of terms defined in RFC 3987 — the IETF standard for Internationalized Resource Identifiers (IRIs).

py310-rfc6555 @0.1.0 (python, devel)
Python implementation of RFC 6555.

py310-rustworkx @0.15.1 (python, devel, math)
A high performance Python graph library implemented in Rust

py310-s3fs @2025.9.0 (python, devel)
Convenient Filesystem interface over S3

py310-sacrebleu @2.4.3 (python)
Hassle-free computation of shareable, comparable, and reproducible BLEU, chrF, and TER scores

py310-scapy @2.6.1 (python, net, security)
A powerful packet manipulation tool

py310-scikit-hep-particle @0.23.1 (python)
Particle provides a pythonic interface to the Particle Data Group (PDG) data.

py310-scikit-rf @1.8.0 (python)
scikit-rf (aka skrf): a Python package for RF engineering

py310-sh @2.2.2 (python, devel)
A full-fledged subprocess interface for Python

py310-sigma-cli @2.0.1 (python)
Sigma Command Line Interface (conversion, check etc.) based on pySigma

py310-spglib @2.6.0_1 (python, science)
Python interface for spglib (a C library for crystal symmetries).

py310-srsly @2.4.8 (python)
Modern high-performance serialization utilities for Python

py310-tensorboard @2.9.0 (python)
TensorFlow's Visualization Toolkit

py310-tensorflow @2.12.0 (python)
TensorFlow helps the tensors flow

py310-tensorflow-datasets @4.9.2 (python)
tensorflow/datasets is a library of datasets ready to use with TensorFlow.

py310-tensorflow-macos @2.11.0 (python, lang)
Mac-optimized TensorFlow to be used with py-tensorflow-metal.

py310-tensorflow-metadata @1.14.0 (python)
Library and standards for schema and statistics.

py310-tensorflow-metal @0.7.1 (python, lang)
TensorFlow acceleration for Mac GPUs.

py310-tensorflow_estimator @2.13.0 (python)
High-level API that simplifies machine learning.

py310-textual @7.3.0 (python, devel)
Textual is a TUI (Text User Interface) framework for Python inspired by modern web development.

py310-torrequest @0.1.0 (python)
A simple Python interface for HTTP(s) requests over Tor.

py310-tracer @2.0.0 (python)
A more flexible interface to sys.settrace

py310-transformers @4.21.2 (python, textproc)
State-of-the-art Natural Language Processing for TensorFlow 2.0 and PyTorch

py310-uri-template @1.3.0 (python, devel)
RFC 6570 URI Template Processor

py310-uritemplate @4.1.1 (python, textproc, www)
Python implementation of RFC6570, URI Template

py310-vispy @0.16.1 (python)
VisPy is a high-performance interactive 2D/3D data visualization library.

py310-wcwidth @0.2.14 (python)
Library for building powerful interactive command lines in Python

py310-wxpython-4.0 @4.2.4 (python, graphics, devel)
Python interface to the wxWidgets 3.2 cross platform GUI

py310-xraydb @4.5.8_1 (python, science)
X-ray reference data in a SQLite library, including a Python interface.

py310-zope-schema @6.2.0 (python, zope)
zope.interface extension for defining data schemas

py310-zopeinterface @7.2 (python, zope)
Python interfaces for Zope

py311-atomicwrites @1.4.1 (python)
Powerful Python library for atomic file writes

py311-backports.tarfile @1.2.0 (python, devel)
Backport of CPython tarfile module

py311-bpython @0.24 (python)
fancy interface to the Python interpreter

py311-cachelib @0.10.2 (python)
A collection of cache libraries in the same API interface

py311-cbor @1.0.0_1 (python)
RFC 7049 Concise Binary Object Representation

py311-cffi @2.0.0 (python, devel)
Foreign Function Interface for Python calling C code.

py311-cleo @2.1.0 (python, devel)
Cleo allows you to create beautiful and testable command-line interfaces.

py311-click @8.3.1 (python, devel)
A simple wrapper around optparse for powerful command line utilities.

py311-cliff @4.9.1 (python)
Command Line Interface Formulation Framework

py311-cligj @0.7.2 (python, gis)
Click params for commmand line interfaces to GeoJSON

py311-clikit @0.6.2 (python, devel)
CliKit is a group of utilities to build beautiful and testable command line interfaces.

py311-cloudflare @4.3.1 (python)
Python interface to the CloudFlare API.

py311-cloudflare2 @2.20.0 (python, net)
Python interface to the CloudFlare API.

py311-curl @7.45.7 (python, net, devel)
Python interface to libcurl

py311-cymruwhois @1.6 (python)
Perform lookups by ip address and return ASN, Country Code, and Netblock Owner.

py311-diff-match-patch @20241021 (python)
The Diff Match and Patch libraries offer robust algorithms to perform the operations required for synchronizing plain text.

py311-dolfin @2019.1.0_1 (python, math, science)
Python interface to DOLFIN, a part of FEniCS

py311-drms @0.9.0 (python)
The drms module provides an easy-to-use interface for accessing HMI, AIA and MDI data with Python.

py311-eccodes @2.45.0 (python, science)
Python interface to the ecCodes GRIB and BUFR decoder/encoder

py311-enrich @1.2.7 (python)
Enrich adds few missing features to the wonderful rich library.

py311-exifread @3.5.1 (python)
EXIF.py - Python interface to the EXIF meta-data

py311-ezdxf @1.2.0 (python)
Python interface to DXF

py311-fancycompleter @0.9.1 (python)
colorful TAB completion for Python prompt

py311-fastapi @0.127.0 (python, devel)
FastAPI framework, high performance, easy to learn, fast to code, ready for production

py311-fire @0.7.0 (python)
A library for automatically generating command line interfaces.

py311-fqdn @1.5.1 (python, devel)
Validates fully-qualified domain names against RFC 1123

py311-gsl @2.6.3 (python, science)
Python interface to the GNU Scientific Library

py311-gssapi @1.11.1 (python)
Python interface to RFC 2743/2744

py311-h5netcdf @1.8.1 (python, science)
A Python interface for the netCDF4 file-format

py311-hdbscan @0.8.33 (python, science)
A high performance implementation of HDBSCAN clustering.

py311-hdfs @2.7.3 (python, net, sysutils, parallel)
API and command line interface for HDFS

py311-humanfriendly @10.0 (python, devel)
Human friendly output for text interfaces using Python

py311-hyperframe @6.1.0 (python, net, www)
HTTP/2 framing layer for Python

py311-ifaddr @0.2.0 (python)
Cross-platform network interface and IP address enumeration library

py311-igraph @1.0.0 (python, math, science)
Python interface to the igraph library.

py311-imageio @2.37.2 (python, graphics)
Easy interface to read and write a wide range of image data.

py311-immutables @0.21 (python, devel)
A high-performance immutable mapping type for Python

py311-itemadapter @0.13.1 (python)
Common interface for data container classes

py311-iterable-io @1.0.0 (python)
Python library to adapt iterables to a file-like interface

py311-jsonpatch @1.33 (python)
Apply JSON-Patches (RFC 6902)

py311-jsonpointer @3.0.0 (python)
Identify specific nodes in a JSON document (RFC 6901)

py311-keras @2.13.1 (python, devel, math)
Deep Learning library for Theano and TensorFlow

py311-keyring @25.7.0 (python, security)
Python interface to access the system keyring service

py311-lark @1.3.1 (python)
Lark is a parsing toolkit for Python, built with a focus on ergonomics, performance and modularity.

py311-ldap3 @2.9.1 (python, net, www)
A strictly RFC 4510 conforming LDAP V3 pure Python client library

py311-libarchive-c @5.3 (python)
Python interface to libarchive

py311-lxml @6.0.2 (python, devel)
Powerful and Pythonic XML processing library

py311-macfsevents @0.8.4 (python)
Thread-based interface to file system observation primitives.

py311-metpy @1.7.1 (python, science)
MetPy is a collection of tools in Python for reading, visualizing and performing calculations with weather data.

py311-mssql @2.3.8 (python, databases)
A simple database interface to MS-SQL for Python.

py311-mysqlclient @2.2.7 (python, devel, databases)
Python3 interface to MySQL/MariaDB, fork of MySQL-python

py311-netcdf4 @1.7.3 (python, science)
Python/numpy interface to netCDF

py311-netifaces @0.11.0 (python)
an easy way to get the address(es) of the machine’s network interfaces from Python

py311-networkit @11.2 (python, devel)
NetworKit is a toolbox for high-performance network analysis

py311-notify2 @0.3.1 (python, devel)
Python interface to DBus notifications

py311-openbabel @3.1.1.1_1 (python, science, chemistry, devel)
Python interface to the Open Babel chemistry library

py311-openbabel2 @2.4.1 (python, science, chemistry, devel)
Python interface to the Open Babel chemistry library

py311-orfeotoolbox @9.1.1_2 (gis, python)
Python 3.11 bindings for orfeotoolbox

py311-pandas @2.3.3 (python, science)
Powerful data structures for data analysis and statistics

py311-parfive @2.3.1 (python, net)
A parallel file downloader using asyncio.

py311-photoscript @0.4.0 (python)
Python wrapper around Apple Photos applescript interface

py311-pikepdf @10.3.0 (python, graphics)
pikepdf is based on QPDF, a powerful PDF manipulation and repair library.

py311-pkgconfig @1.5.5 (python)
Python module to interface with pkg-config.

py311-plyvel @1.5.1 (python, devel)
Plyvel is a fast and feature-rich Python interface to LevelDB.

py311-postgresql @1.3.0 (python, devel, databases)
Python interface to PostgreSQL

py311-prompt_toolkit @3.0.52 (python)
Library for building powerful interactive command lines in Python

py311-pycares @5.0.1 (python, devel)
Python interface for c-ares.

py311-pydot @1.4.2_1 (python, graphics)
Python interface to Graphviz's Dot

py311-pydub @0.25.1 (python, audio)
Manipulate audio with an simple and easy high level interface

py311-pyelftools @0.32 (python, devel)
A pure-Python library for parsing and analyzing ELF files and DWARF debugging information.

py311-pyerfa @2.0.1.5_1 (python, science)
PyERFA is the Python wrapper for the ERFA library

py311-pygmt @0.17.0 (python, science)
Python interface for the Generic Mapping Tools

py311-pyheif @0.8.0 (python)
Python interface to libheif library

py311-pylast @7.0.0 (python, devel, audio)
A Python interface to Last.fm and Libre.fm

py311-pyproj @3.7.2 (python, devel)
Python interfaces to PROJ.4 functions.

py311-pyrfc3339 @2.1.0 (python)
pyRFC3339 parses and generates RFC 3339-compliant timestamps using Python datetime.datetime objects.

py311-pysam @0.22.0 (python, science)
Python interface for the SAM/BAM sequence alignment and mapping format

py311-pytest @8.4.2 (python, devel)
py.test: simple powerful testing with Python

py311-quantecon @0.10.1 (python, science, finance)
QuantEcon is a high performance, open source Python code library for economics

py311-questionary @2.1.1 (python)
Questionary is a Python library for effortlessly building pretty command line interfaces

py311-rarfile @4.2 (python, archivers)
RAR archive reader for Python

py311-repoze.sphinx.autointerface @1.0.0_1 (python)
An extension for the Sphinx documentation system to allow generation of API documentation by introspection of zope.interface instances in code.

py311-rfc3339-validator @0.1.4 (python, devel)
A pure python RFC3339 validator

py311-rfc3986 @2.0.0 (python)
A Python implementation of RFC 3986 including validation and authority parsing.

py311-rfc3986-validator @0.1.1 (python, devel)
A pure python RFC3986 validator

py311-rfc3987-syntax @1.1.0 (python)
Helper functions to parse and validate the syntax of terms defined in RFC 3987 — the IETF standard for Internationalized Resource Identifiers (IRIs).

py311-rfc6555 @0.1.0 (python, devel)
Python implementation of RFC 6555.

py311-rustworkx @0.15.1 (python, devel, math)
A high performance Python graph library implemented in Rust

py311-s3fs @2025.9.0 (python, devel)
Convenient Filesystem interface over S3

py311-sacrebleu @2.4.3 (python)
Hassle-free computation of shareable, comparable, and reproducible BLEU, chrF, and TER scores

py311-scapy @2.6.1 (python, net, security)
A powerful packet manipulation tool

py311-scikit-hep-particle @0.23.1 (python)
Particle provides a pythonic interface to the Particle Data Group (PDG) data.

py311-scikit-rf @1.8.0 (python)
scikit-rf (aka skrf): a Python package for RF engineering

py311-sh @2.2.2 (python, devel)
A full-fledged subprocess interface for Python

py311-sigma-cli @2.0.1 (python)
Sigma Command Line Interface (conversion, check etc.) based on pySigma

py311-spglib @2.6.0_1 (python, science)
Python interface for spglib (a C library for crystal symmetries).

py311-srsly @2.4.8 (python)
Modern high-performance serialization utilities for Python

py311-tensorflow-datasets @4.9.2 (python)
tensorflow/datasets is a library of datasets ready to use with TensorFlow.

py311-tensorflow-metadata @1.14.0 (python)
Library and standards for schema and statistics.

py311-tensorflow_estimator @2.13.0 (python)
High-level API that simplifies machine learning.

py311-textual @7.3.0 (python, devel)
Textual is a TUI (Text User Interface) framework for Python inspired by modern web development.

py311-torrequest @0.1.0 (python)
A simple Python interface for HTTP(s) requests over Tor.

py311-tracer @2.0.0 (python)
A more flexible interface to sys.settrace

py311-uri-template @1.3.0 (python, devel)
RFC 6570 URI Template Processor

py311-uritemplate @4.1.1 (python, textproc, www)
Python implementation of RFC6570, URI Template

py311-vispy @0.16.1 (python)
VisPy is a high-performance interactive 2D/3D data visualization library.

py311-wcwidth @0.2.14 (python)
Library for building powerful interactive command lines in Python

py311-wxpython-4.0 @4.2.4 (python, graphics, devel)
Python interface to the wxWidgets 3.2 cross platform GUI

py311-xraydb @4.5.8_1 (python, science)
X-ray reference data in a SQLite library, including a Python interface.

py311-zopeinterface @7.2 (python, zope)
Python interfaces for Zope

py312-atomicwrites @1.4.1 (python)
Powerful Python library for atomic file writes

py312-backports.tarfile @1.2.0 (python, devel)
Backport of CPython tarfile module

py312-bitstruct @8.19.0 (python, devel)
This module performs conversions between Python values and C bit field structs represented as Python byte strings.

py312-cffi @2.0.0 (python, devel)
Foreign Function Interface for Python calling C code.

py312-cleo @2.1.0 (python, devel)
Cleo allows you to create beautiful and testable command-line interfaces.

py312-click @8.3.1 (python, devel)
A simple wrapper around optparse for powerful command line utilities.

py312-cliff @4.9.1 (python)
Command Line Interface Formulation Framework

py312-cligj @0.7.2 (python, gis)
Click params for commmand line interfaces to GeoJSON

py312-clikit @0.6.2 (python, devel)
CliKit is a group of utilities to build beautiful and testable command line interfaces.

py312-cloudflare @4.3.1 (python)
Python interface to the CloudFlare API.

py312-cloudflare2 @2.20.0 (python, net)
Python interface to the CloudFlare API.

py312-curl @7.45.7 (python, net, devel)
Python interface to libcurl

py312-cymruwhois @1.6 (python)
Perform lookups by ip address and return ASN, Country Code, and Netblock Owner.

py312-diff-match-patch @20241021 (python)
The Diff Match and Patch libraries offer robust algorithms to perform the operations required for synchronizing plain text.

py312-distorm @3.5_1 (python, devel)
powerful disassembler library for x86/AMD64

py312-dolfin @2019.1.0_1 (python, math, science)
Python interface to DOLFIN, a part of FEniCS

py312-dqsegdb2 @1.2.1 (python, science)
Simplified python interface to DQSEGDB

py312-drms @0.9.0 (python)
The drms module provides an easy-to-use interface for accessing HMI, AIA and MDI data with Python.

py312-eccodes @2.45.0 (python, science)
Python interface to the ecCodes GRIB and BUFR decoder/encoder

py312-enrich @1.2.7 (python)
Enrich adds few missing features to the wonderful rich library.

py312-exifread @3.5.1 (python)
EXIF.py - Python interface to the EXIF meta-data

py312-ezdxf @1.2.0 (python)
Python interface to DXF

py312-fastapi @0.127.0 (python, devel)
FastAPI framework, high performance, easy to learn, fast to code, ready for production

py312-fire @0.7.0 (python)
A library for automatically generating command line interfaces.

py312-fqdn @1.5.1 (python, devel)
Validates fully-qualified domain names against RFC 1123

py312-ftputil @5.1.0 (python, net)
High level Python interface to the ftplib module

py312-gsl @2.6.3 (python, science)
Python interface to the GNU Scientific Library

py312-gssapi @1.11.1 (python)
Python interface to RFC 2743/2744

py312-gwosc @0.8.1 (python, science)
A python interface to the GW Open Science data archive

py312-h5netcdf @1.8.1 (python, science)
A Python interface for the netCDF4 file-format

py312-hdfs @2.7.3 (python, net, sysutils, parallel)
API and command line interface for HDFS

py312-healpy @1.16.1 (python, science)
Python language interface for HEALPix

py312-humanfriendly @10.0 (python, devel)
Human friendly output for text interfaces using Python

py312-hyperframe @6.1.0 (python, net, www)
HTTP/2 framing layer for Python

py312-hypy @1.0.1 (python, textproc)
Fulltext search interface for Python applications

py312-icalendar @6.3.1 (python)
The iCalendar package is a parser/generator of RFC 2445 iCalendar files.

py312-ifaddr @0.2.0 (python)
Cross-platform network interface and IP address enumeration library

py312-igraph @1.0.0 (python, math, science)
Python interface to the igraph library.

py312-imageio @2.37.2 (python, graphics)
Easy interface to read and write a wide range of image data.

py312-immutables @0.21 (python, devel)
A high-performance immutable mapping type for Python

py312-itemadapter @0.13.1 (python)
Common interface for data container classes

py312-iterable-io @1.0.0 (python)
Python library to adapt iterables to a file-like interface

py312-jsonpatch @1.33 (python)
Apply JSON-Patches (RFC 6902)

py312-jsonpointer @3.0.0 (python)
Identify specific nodes in a JSON document (RFC 6901)

py312-keyring @25.7.0 (python, security)
Python interface to access the system keyring service

py312-lark @1.3.1 (python)
Lark is a parsing toolkit for Python, built with a focus on ergonomics, performance and modularity.

py312-ldap3 @2.9.1 (python, net, www)
A strictly RFC 4510 conforming LDAP V3 pure Python client library

py312-libarchive-c @5.3 (python)
Python interface to libarchive

py312-lxml @6.0.2 (python, devel)
Powerful and Pythonic XML processing library

py312-macfsevents @0.8.4 (python)
Thread-based interface to file system observation primitives.

py312-metar @1.4 (python)
python interface to the weather reports of the NOAA

py312-metpy @1.7.1 (python, science)
MetPy is a collection of tools in Python for reading, visualizing and performing calculations with weather data.

py312-mssql @2.3.8 (python, databases)
A simple database interface to MS-SQL for Python.

py312-mysqlclient @2.2.7 (python, devel, databases)
Python3 interface to MySQL/MariaDB, fork of MySQL-python

py312-netcdf4 @1.7.3 (python, science)
Python/numpy interface to netCDF

py312-networkit @11.2 (python, devel)
NetworKit is a toolbox for high-performance network analysis

py312-notify2 @0.3.1 (python, devel)
Python interface to DBus notifications

py312-openbabel @3.1.1.1_1 (python, science, chemistry, devel)
Python interface to the Open Babel chemistry library

py312-openbabel2 @2.4.1 (python, science, chemistry, devel)
Python interface to the Open Babel chemistry library

py312-orfeotoolbox @9.1.1_2 (gis, python)
Python 3.12 bindings for orfeotoolbox

py312-pandas @2.3.3 (python, science)
Powerful data structures for data analysis and statistics

py312-parfive @2.3.1 (python, net)
A parallel file downloader using asyncio.

py312-photoscript @0.4.0 (python)
Python wrapper around Apple Photos applescript interface

py312-pikepdf @10.3.0 (python, graphics)
pikepdf is based on QPDF, a powerful PDF manipulation and repair library.

py312-pkgconfig @1.5.5 (python)
Python module to interface with pkg-config.

py312-plyvel @1.5.1 (python, devel)
Plyvel is a fast and feature-rich Python interface to LevelDB.

py312-prompt_toolkit @3.0.52 (python)
Library for building powerful interactive command lines in Python

py312-pycares @5.0.1 (python, devel)
Python interface for c-ares.

py312-pydot @1.4.2_1 (python, graphics)
Python interface to Graphviz's Dot

py312-pydub @0.25.1 (python, audio)
Manipulate audio with an simple and easy high level interface

py312-pyelftools @0.32 (python, devel)
A pure-Python library for parsing and analyzing ELF files and DWARF debugging information.

py312-pyerfa @2.0.1.5_1 (python, science)
PyERFA is the Python wrapper for the ERFA library

py312-pygmt @0.17.0 (python, science)
Python interface for the Generic Mapping Tools

py312-pygresql @6.0 (python, databases)
Python module that interfaces to a PostgreSQL database

py312-pyheif @0.8.0 (python)
Python interface to libheif library

py312-pylast @7.0.0 (python, devel, audio)
A Python interface to Last.fm and Libre.fm

py312-pyproj @3.7.2 (python, devel)
Python interfaces to PROJ.4 functions.

py312-pyrfc3339 @2.1.0 (python)
pyRFC3339 parses and generates RFC 3339-compliant timestamps using Python datetime.datetime objects.

py312-pysam @0.22.0 (python, science)
Python interface for the SAM/BAM sequence alignment and mapping format

py312-pytest @8.4.2 (python, devel)
py.test: simple powerful testing with Python

py312-quantecon @0.10.1 (python, science, finance)
QuantEcon is a high performance, open source Python code library for economics

py312-questionary @2.1.1 (python)
Questionary is a Python library for effortlessly building pretty command line interfaces

py312-rarfile @4.2 (python, archivers)
RAR archive reader for Python

py312-repoze.sphinx.autointerface @1.0.0_1 (python)
An extension for the Sphinx documentation system to allow generation of API documentation by introspection of zope.interface instances in code.

py312-rfc3339-validator @0.1.4 (python, devel)
A pure python RFC3339 validator

py312-rfc3986 @2.0.0 (python)
A Python implementation of RFC 3986 including validation and authority parsing.

py312-rfc3986-validator @0.1.1 (python, devel)
A pure python RFC3986 validator

py312-rfc3987-syntax @1.1.0 (python)
Helper functions to parse and validate the syntax of terms defined in RFC 3987 — the IETF standard for Internationalized Resource Identifiers (IRIs).

py312-rfc6555 @0.1.0 (python, devel)
Python implementation of RFC 6555.

py312-rustworkx @0.15.1 (python, devel, math)
A high performance Python graph library implemented in Rust

py312-s3fs @2025.9.0 (python, devel)
Convenient Filesystem interface over S3

py312-sacrebleu @2.4.3 (python)
Hassle-free computation of shareable, comparable, and reproducible BLEU, chrF, and TER scores

py312-scapy @2.6.1 (python, net, security)
A powerful packet manipulation tool

py312-scikit-hep-particle @0.23.1 (python)
Particle provides a pythonic interface to the Particle Data Group (PDG) data.

py312-scikit-rf @1.8.0 (python)
scikit-rf (aka skrf): a Python package for RF engineering

py312-sh @2.2.2 (python, devel)
A full-fledged subprocess interface for Python

py312-sigma-cli @2.0.1 (python)
Sigma Command Line Interface (conversion, check etc.) based on pySigma

py312-spglib @2.6.0_1 (python, science)
Python interface for spglib (a C library for crystal symmetries).

py312-srsly @2.4.8 (python)
Modern high-performance serialization utilities for Python

py312-textual @7.3.0 (python, devel)
Textual is a TUI (Text User Interface) framework for Python inspired by modern web development.

py312-torrequest @0.1.0 (python)
A simple Python interface for HTTP(s) requests over Tor.

py312-tracer @2.0.0 (python)
A more flexible interface to sys.settrace

py312-uri-template @1.3.0 (python, devel)
RFC 6570 URI Template Processor

py312-uritemplate @4.1.1 (python, textproc, www)
Python implementation of RFC6570, URI Template

py312-vispy @0.16.1 (python)
VisPy is a high-performance interactive 2D/3D data visualization library.

py312-wcwidth @0.2.14 (python)
Library for building powerful interactive command lines in Python

py312-wxpython-4.0 @4.2.4 (python, graphics, devel)
Python interface to the wxWidgets 3.2 cross platform GUI

py312-xraydb @4.5.8_1 (python, science)
X-ray reference data in a SQLite library, including a Python interface.

py312-zopeinterface @7.2 (python, zope)
Python interfaces for Zope

py313-atomicwrites @1.4.1 (python)
Powerful Python library for atomic file writes

py313-backports.tarfile @1.2.0 (python, devel)
Backport of CPython tarfile module

py313-cffi @2.0.0 (python, devel)
Foreign Function Interface for Python calling C code.

py313-cleo @2.1.0 (python, devel)
Cleo allows you to create beautiful and testable command-line interfaces.

py313-click @8.3.1 (python, devel)
A simple wrapper around optparse for powerful command line utilities.

py313-cliff @4.9.1 (python)
Command Line Interface Formulation Framework

py313-cligj @0.7.2 (python, gis)
Click params for commmand line interfaces to GeoJSON

py313-clikit @0.6.2 (python, devel)
CliKit is a group of utilities to build beautiful and testable command line interfaces.

py313-cloudflare @4.3.1 (python)
Python interface to the CloudFlare API.

py313-cloudflare2 @2.20.0 (python, net)
Python interface to the CloudFlare API.

py313-curl @7.45.7 (python, net, devel)
Python interface to libcurl

py313-cymruwhois @1.6 (python)
Perform lookups by ip address and return ASN, Country Code, and Netblock Owner.

py313-diff-match-patch @20241021 (python)
The Diff Match and Patch libraries offer robust algorithms to perform the operations required for synchronizing plain text.

py313-drms @0.9.0 (python)
The drms module provides an easy-to-use interface for accessing HMI, AIA and MDI data with Python.

py313-eccodes @2.45.0 (python, science)
Python interface to the ecCodes GRIB and BUFR decoder/encoder

py313-enrich @1.2.7 (python)
Enrich adds few missing features to the wonderful rich library.

py313-erf @1.0.1 (python, math, science)
Bootstrap confidence interval estimation routines for SciPy.

py313-exifread @3.5.1 (python)
EXIF.py - Python interface to the EXIF meta-data

py313-fastapi @0.127.0 (python, devel)
FastAPI framework, high performance, easy to learn, fast to code, ready for production

py313-fire @0.7.0 (python)
A library for automatically generating command line interfaces.

py313-fqdn @1.5.1 (python, devel)
Validates fully-qualified domain names against RFC 1123

py313-gsl @2.6.3 (python, science)
Python interface to the GNU Scientific Library

py313-gssapi @1.11.1 (python)
Python interface to RFC 2743/2744

py313-gwosc @0.8.1 (python, science)
A python interface to the GW Open Science data archive

py313-h5netcdf @1.8.1 (python, science)
A Python interface for the netCDF4 file-format

py313-hdfs @2.7.3 (python, net, sysutils, parallel)
API and command line interface for HDFS

py313-humanfriendly @10.0 (python, devel)
Human friendly output for text interfaces using Python

py313-hyperframe @6.1.0 (python, net, www)
HTTP/2 framing layer for Python

py313-icalendar @6.3.1 (python)
The iCalendar package is a parser/generator of RFC 2445 iCalendar files.

py313-ifaddr @0.2.0 (python)
Cross-platform network interface and IP address enumeration library

py313-igraph @1.0.0 (python, math, science)
Python interface to the igraph library.

py313-imageio @2.37.2 (python, graphics)
Easy interface to read and write a wide range of image data.

py313-immutables @0.21 (python, devel)
A high-performance immutable mapping type for Python

py313-itemadapter @0.13.1 (python)
Common interface for data container classes

py313-iterable-io @1.0.0 (python)
Python library to adapt iterables to a file-like interface

py313-jsonpatch @1.33 (python)
Apply JSON-Patches (RFC 6902)

py313-jsonpointer @3.0.0 (python)
Identify specific nodes in a JSON document (RFC 6901)

py313-keyring @25.7.0 (python, security)
Python interface to access the system keyring service

py313-lark @1.3.1 (python)
Lark is a parsing toolkit for Python, built with a focus on ergonomics, performance and modularity.

py313-ldap3 @2.9.1 (python, net, www)
A strictly RFC 4510 conforming LDAP V3 pure Python client library

py313-libarchive-c @5.3 (python)
Python interface to libarchive

py313-lxml @6.0.2 (python, devel)
Powerful and Pythonic XML processing library

py313-metpy @1.7.1 (python, science)
MetPy is a collection of tools in Python for reading, visualizing and performing calculations with weather data.

py313-mssql @2.3.8 (python, databases)
A simple database interface to MS-SQL for Python.

py313-netcdf4 @1.7.3 (python, science)
Python/numpy interface to netCDF

py313-networkit @11.2 (python, devel)
NetworKit is a toolbox for high-performance network analysis

py313-notify2 @0.3.1 (python, devel)
Python interface to DBus notifications

py313-ntplib @0.4.0 (python)
Simple interface to query NTP servers from Python.

py313-openbabel @3.1.1.1_1 (python, science, chemistry, devel)
Python interface to the Open Babel chemistry library

py313-orfeotoolbox @9.1.1_2 (gis, python)
Python 3.13 bindings for orfeotoolbox

py313-pandas @2.3.3 (python, science)
Powerful data structures for data analysis and statistics

py313-parfive @2.3.1 (python, net)
A parallel file downloader using asyncio.

py313-photoscript @0.4.0 (python)
Python wrapper around Apple Photos applescript interface

py313-pikepdf @10.3.0 (python, graphics)
pikepdf is based on QPDF, a powerful PDF manipulation and repair library.

py313-pkgconfig @1.5.5 (python)
Python module to interface with pkg-config.

py313-plyvel @1.5.1 (python, devel)
Plyvel is a fast and feature-rich Python interface to LevelDB.

py313-prompt_toolkit @3.0.52 (python)
Library for building powerful interactive command lines in Python

py313-pycares @5.0.1 (python, devel)
Python interface for c-ares.

py313-pydot @1.4.2_1 (python, graphics)
Python interface to Graphviz's Dot

py313-pyelftools @0.32 (python, devel)
A pure-Python library for parsing and analyzing ELF files and DWARF debugging information.

py313-pyerfa @2.0.1.5_1 (python, science)
PyERFA is the Python wrapper for the ERFA library

py313-pygmt @0.17.0 (python, science)
Python interface for the Generic Mapping Tools

py313-pyheif @0.8.0 (python)
Python interface to libheif library

py313-pykerberos @1.3.1 (python, devel)
A GSSAPI interface module for Python

py313-pylast @7.0.0 (python, devel, audio)
A Python interface to Last.fm and Libre.fm

py313-pyproj @3.7.2 (python, devel)
Python interfaces to PROJ.4 functions.

py313-pyrfc3339 @2.1.0 (python)
pyRFC3339 parses and generates RFC 3339-compliant timestamps using Python datetime.datetime objects.

py313-pytest @8.4.2 (python, devel)
py.test: simple powerful testing with Python

py313-quantecon @0.10.1 (python, science, finance)
QuantEcon is a high performance, open source Python code library for economics

py313-rad @2.4 (python, net)
python RADIUS module implementing RFC2865

py313-rarfile @4.2 (python, archivers)
RAR archive reader for Python

py313-repoze.sphinx.autointerface @1.0.0_1 (python)
An extension for the Sphinx documentation system to allow generation of API documentation by introspection of zope.interface instances in code.

py313-rfc3339-validator @0.1.4 (python, devel)
A pure python RFC3339 validator

py313-rfc3986 @2.0.0 (python)
A Python implementation of RFC 3986 including validation and authority parsing.

py313-rfc3986-validator @0.1.1 (python, devel)
A pure python RFC3986 validator

py313-rfc3987-syntax @1.1.0 (python)
Helper functions to parse and validate the syntax of terms defined in RFC 3987 — the IETF standard for Internationalized Resource Identifiers (IRIs).

py313-rtm @0.4.2 (python, devel)
Python interface for Remember The Milk API.

py313-s3fs @2025.9.0 (python, devel)
Convenient Filesystem interface over S3

py313-sacrebleu @2.4.3 (python)
Hassle-free computation of shareable, comparable, and reproducible BLEU, chrF, and TER scores

py313-scapy @2.6.1 (python, net, security)
A powerful packet manipulation tool

py313-scikit-hep-particle @0.23.1 (python)
Particle provides a pythonic interface to the Particle Data Group (PDG) data.

py313-scikit-rf @1.8.0 (python)
scikit-rf (aka skrf): a Python package for RF engineering

py313-sh @2.2.2 (python, devel)
A full-fledged subprocess interface for Python

py313-sigma-cli @2.0.1 (python)
Sigma Command Line Interface (conversion, check etc.) based on pySigma

py313-sparqlwrapper @2.0.0 (python, devel, databases)
SPARQL Endpoint interface to Python

py313-spglib @2.6.0_1 (python, science)
Python interface for spglib (a C library for crystal symmetries).

py313-textual @7.3.0 (python, devel)
Textual is a TUI (Text User Interface) framework for Python inspired by modern web development.

py313-torrequest @0.1.0 (python)
A simple Python interface for HTTP(s) requests over Tor.

py313-tracer @2.0.0 (python)
A more flexible interface to sys.settrace

py313-uri-template @1.3.0 (python, devel)
RFC 6570 URI Template Processor

py313-uritemplate @4.1.1 (python, textproc, www)
Python implementation of RFC6570, URI Template

py313-utidylib @0.10 (python)
Python interface to html tidy

py313-vispy @0.16.1 (python)
VisPy is a high-performance interactive 2D/3D data visualization library.

py313-wcwidth @0.2.14 (python)
Library for building powerful interactive command lines in Python

py313-wxpython-4.0 @4.2.4 (python, graphics, devel)
Python interface to the wxWidgets 3.2 cross platform GUI

py313-xraydb @4.5.8_1 (python, science)
X-ray reference data in a SQLite library, including a Python interface.

py313-zopeinterface @7.2 (python, zope)
Python interfaces for Zope

py314-atomicwrites @1.4.1 (python)
Powerful Python library for atomic file writes

py314-cffi @2.0.0 (python, devel)
Foreign Function Interface for Python calling C code.

py314-cleo @2.1.0 (python, devel)
Cleo allows you to create beautiful and testable command-line interfaces.

py314-click @8.3.1 (python, devel)
A simple wrapper around optparse for powerful command line utilities.

py314-cligj @0.7.2 (python, gis)
Click params for commmand line interfaces to GeoJSON

py314-cloudflare2 @2.20.0 (python, net)
Python interface to the CloudFlare API.

py314-curl @7.45.7 (python, net, devel)
Python interface to libcurl

py314-cymruwhois @1.6 (python)
Perform lookups by ip address and return ASN, Country Code, and Netblock Owner.

py314-diff-match-patch @20241021 (python)
The Diff Match and Patch libraries offer robust algorithms to perform the operations required for synchronizing plain text.

py314-eccodes @2.45.0 (python, science)
Python interface to the ecCodes GRIB and BUFR decoder/encoder

py314-enrich @1.2.7 (python)
Enrich adds few missing features to the wonderful rich library.

py314-fastapi @0.127.0 (python, devel)
FastAPI framework, high performance, easy to learn, fast to code, ready for production

py314-fqdn @1.5.1 (python, devel)
Validates fully-qualified domain names against RFC 1123

py314-gsl @2.6.3 (python, science)
Python interface to the GNU Scientific Library

py314-gssapi @1.11.1 (python)
Python interface to RFC 2743/2744

py314-h5netcdf @1.8.1 (python, science)
A Python interface for the netCDF4 file-format

py314-humanfriendly @10.0 (python, devel)
Human friendly output for text interfaces using Python

py314-hyperframe @6.1.0 (python, net, www)
HTTP/2 framing layer for Python

py314-igraph @1.0.0 (python, math, science)
Python interface to the igraph library.

py314-imageio @2.37.2 (python, graphics)
Easy interface to read and write a wide range of image data.

py314-itemadapter @0.13.1 (python)
Common interface for data container classes

py314-jsonpatch @1.33 (python)
Apply JSON-Patches (RFC 6902)

py314-jsonpointer @3.0.0 (python)
Identify specific nodes in a JSON document (RFC 6901)

py314-keyring @25.7.0 (python, security)
Python interface to access the system keyring service

py314-lark @1.3.1 (python)
Lark is a parsing toolkit for Python, built with a focus on ergonomics, performance and modularity.

py314-libarchive-c @5.3 (python)
Python interface to libarchive

py314-lxml @6.0.2 (python, devel)
Powerful and Pythonic XML processing library

py314-mssql @2.3.8 (python, databases)
A simple database interface to MS-SQL for Python.

py314-netcdf4 @1.7.3 (python, science)
Python/numpy interface to netCDF

py314-openbabel @3.1.1.1_1 (python, science, chemistry, devel)
Python interface to the Open Babel chemistry library

py314-orfeotoolbox @9.1.1_2 (gis, python)
Python 3.14 bindings for orfeotoolbox

py314-pandas @2.3.3 (python, science)
Powerful data structures for data analysis and statistics

py314-parfive @2.3.1 (python, net)
A parallel file downloader using asyncio.

py314-pikepdf @10.3.0 (python, graphics)
pikepdf is based on QPDF, a powerful PDF manipulation and repair library.

py314-pkgconfig @1.5.5 (python)
Python module to interface with pkg-config.

py314-prompt_toolkit @3.0.52 (python)
Library for building powerful interactive command lines in Python

py314-pycares @5.0.1 (python, devel)
Python interface for c-ares.

py314-pyelftools @0.32 (python, devel)
A pure-Python library for parsing and analyzing ELF files and DWARF debugging information.

py314-pyerfa @2.0.1.5_1 (python, science)
PyERFA is the Python wrapper for the ERFA library

py314-pyproj @3.7.2 (python, devel)
Python interfaces to PROJ.4 functions.

py314-pyrfc3339 @2.1.0 (python)
pyRFC3339 parses and generates RFC 3339-compliant timestamps using Python datetime.datetime objects.

py314-pytest @8.4.2 (python, devel)
py.test: simple powerful testing with Python

py314-repoze.sphinx.autointerface @1.0.0_1 (python)
An extension for the Sphinx documentation system to allow generation of API documentation by introspection of zope.interface instances in code.

py314-rfc3339-validator @0.1.4 (python, devel)
A pure python RFC3339 validator

py314-rfc3986 @2.0.0 (python)
A Python implementation of RFC 3986 including validation and authority parsing.

py314-rfc3986-validator @0.1.1 (python, devel)
A pure python RFC3986 validator

py314-rfc3987-syntax @1.1.0 (python)
Helper functions to parse and validate the syntax of terms defined in RFC 3987 — the IETF standard for Internationalized Resource Identifiers (IRIs).

py314-s3fs @2025.9.0 (python, devel)
Convenient Filesystem interface over S3

py314-sh @2.2.2 (python, devel)
A full-fledged subprocess interface for Python

py314-sigma-cli @2.0.1 (python)
Sigma Command Line Interface (conversion, check etc.) based on pySigma

py314-textual @7.3.0 (python, devel)
Textual is a TUI (Text User Interface) framework for Python inspired by modern web development.

py314-uri-template @1.3.0 (python, devel)
RFC 6570 URI Template Processor

py314-uritemplate @4.1.1 (python, textproc, www)
Python implementation of RFC6570, URI Template

py314-vispy @0.16.1 (python)
VisPy is a high-performance interactive 2D/3D data visualization library.

py314-wcwidth @0.2.14 (python)
Library for building powerful interactive command lines in Python

py314-wxpython-4.0 @4.2.4 (python, graphics, devel)
Python interface to the wxWidgets 3.2 cross platform GUI

py314-zopeinterface @7.2 (python, zope)
Python interfaces for Zope

pystring @1.1.4 (devel)
a collection of C++ functions which match the interface and behavior of python's string class methods

qgit @2.10 (devel)
A Qt graphical interface to git repositories

QGLE @4.2.5_18 (graphics)
graphical user interface of GLE

qpid-proton @0.39.0 (net)
Qpid Proton is a high-performance, lightweight AMQP 1.0 messaging library.

R-acumos @0.4-4_1 (R, science, devel)
ACUMOS R interface

R-AllMetrics @0.2.1_1 (R, science, math)
Calculate multiple performance metrics of a prediction model

R-alphavantager @0.1.3_1 (R, science, finance, www)
Light-weight interface to the Alpha Vantage API

R-arfima @1.8-1_2 (R, science, math)
Fractional ARIMA (and other long memory) time series modelling

R-armadillo @0.3.0 (R, science, math)
Armadillo interface

R-askgpt @0.1.3_1 (R, science, www)
Chat interface built on top of OpenAI API endpoints

R-AUC @0.3.2_1 (R, science, math)
Threshold-independent performance measures for probabilistic classifiers

R-audio @0.1-11_1 (R, science, audio)
Audio interface for R

R-BASS @1.3.1_1 (R, science, math)
Bayesian Adaptive Spline Surfaces

R-bayesvl @0.8.5_2 (R, science, math)
Visually learning the graphical structure of Bayesian networks and performing MCMC with Stan

R-bcROCsurface @1.0-6_1 (R, science, math)
Bias-corrected methods for estimating the ROC surface of continuous diagnostic tests

R-bigBits @1.3 (R, science, math)
Perform Boolean operations on large numbers

R-bigmemory.sri @0.1.8_1 (R, science, devel)
Shared-resource interface for the bigmemory and synchronicity packages

R-bigQueryR @0.5.0.9000 (R, science, www)
Interface with Google BigQuery

R-bigrquery @1.5.1_1 (R, science, devel)
Interface to Google BigQuery API

R-bindrcpp @0.2.3.9002_1 (R, science, devel)
Rcpp interface to active bindings

R-biomaRt @2.60.1 (R, science, bioconductor)
Interface to BioMart databases

R-bundle @0.1.1_1 (R, science)
Serialize model objects with a consistent interface

R-carfima @2.0.2_2 (R, science, math)
Continuous-time fractionally integrated ARMA process for irregularly spaced long-memory time series data

R-cfid @0.1.7_1 (R, science)
Identification of counterfactual queries in causal models

R-cgwtools @4.1_1 (R, science)
Functions for performing quick observations or evaluations of data

R-chatgpt @0.2.3_1 (R, science, www)
Interface to ChatGPT from R

R-ChemmineOB @1.42.0 (R, science, bioconductor)
R interface to a subset of OpenBabel functionalities

R-cli @3.6.3 (R, science, devel)
Tools for making beautiful & useful command line interfaces

R-cloudfs @0.1.3 (R, science, net, sysutils)
Streamlined interface to interact with cloud storage platforms

R-clustRcompaR @0.2.1_1 (R, science, textproc)
Easy interface for clustering a set of documents and exploring group-based patterns

R-cmdstanr @0.8.1 (R, science, math)
R interface to CmdStan

R-collections @0.3.7_1 (R, science, devel)
High-performance container data types

R-colorDF @0.1.7_2 (R, science)
Colorful data frames in R Terminal

R-commonmark @1.9.2 (R, science, devel)
High-performance CommonMark and GitHub markdown rendering in R

R-ContourFunctions @0.1.2 (R, science)
Create contour plots from data or a function

R-CovRegRF @2.0.1 (R, science, math)
Covariance Regression with Random Forests

R-cpp11armadillo @0.3.3 (R, science, math)
Armadillo interface

R-cpp11eigen @0.2.0 (R, science, math)
Eigen interface

R-crew.cluster @0.3.2 (R, science, parallel)
Crew launcher plugins for traditional high-performance computing clusters

R-CRF @0.4-3_1 (R, science, math)
Conditional Random Fields

R-DBI @1.2.3.9027 (R, science, databases)
A database interface (DBI) definition for communication between R and RDBMSs

R-dbx @0.3.2 (R, science, databases)
Fast and easy-to-use database interface for R

R-dictionar6 @0.1.3_2 (R, science, devel)
R6 dictionary interface

R-Disequilibrium @1.1_1 (R, science, economics)
Estimate, summarize and perform predictions with the market-in-disequilibrium model

R-dockerfiler @0.2.4 (R, science, devel)
Easy dockerfile creation from R

R-docopt @0.7.1_1 (R, science, devel)
Command-line interface specification language

R-dotCall64 @1.2 (R, science, math)
Enhanced foreign function interface supporting long vectors

R-drf @1.1.0_1 (R, science)
Distributional Random Forests

R-duckdbfs @0.0.8 (R, science, databases, sysutils)
High-performance remote file system access using DuckDB

R-dygraphs @1.1.1.6_2 (R, science)
Interface to dygraphs interactive time series charting library

R-enrichR @3.2_2 (R, science, www)
R interface to all Enrichr databases

R-fable.prophet @0.1.0_2 (R, science)
Prophet modelling interface for fable

R-fabMix @5.1_1 (R, science, math)
Overfitting Bayesian mixtures of factor analyzers with parsimonious covariance

R-Factoshiny @2.6_1 (R, science)
Perform factorial analysis from R-FactoMineR with an R-shiny application

R-farver @2.1.2 (R, science, graphics)
High-performance color space manipulation

R-fastICA @1.2-7 (R, science)
FastICA algorithms to perform ICA and projection pursuit

R-fastMatMR @1.2.5_1 (R, science, math)
High-performance matrix market file operations

R-fastverse @0.3.4 (R, science, math)
Suite of high-performance packages for statistics and data manipulation

R-flexiblas @3.4.0_1 (R, science, math)
FlexiBLAS API interface for R

R-forge @0.2.0_2 (R, science, devel)
Helper functions with a consistent interface to coerce and verify the types and shapes of values for input checking.

R-fracdiff @1.5-3_1 (R, science, math)
Fractionally differenced ARIMA aka ARFIMA(P,d,q) models

R-fractalRegression @1.2_1 (R, science, math)
Various functions for performing fractal and multifractal analysis including performing fractal regression

R-FrF2 @2.3-3_1 (R, science)
Fractional factorial designs with 2-level factors

R-FrF2.catlg128 @1.2-3_1 (R, science)
Catalogues of resolution IV 128 run 2-level fractional factorials

R-fs @1.6.5 (R, science, sysutils)
Cross-platform uniform interface to file system operations

R-gdsfmt @1.40.1 (R, science, bioconductor)
R interface to CoreArray Genomic Data Structure (GDS) files

R-geometry @0.5.0 (R, science, geometry)
Mesh generation and surface tessellation

R-ggformula @0.12.0_1 (R, science)
Formula interface to the grammar of graphics

R-globalOptTests @1.1 (R, science, math)
Objective functions for benchmarking the performance of global optimization algorithms

R-glpkAPI @1.3.4_2 (R, science, math)
R interface to C API of GLPK

R-googleCloudStorageR @0.7.0.9000_1 (R, science, devel, www)
Interface with Google Cloud Storage API

R-googleComputeEngineR @0.3.0.9000_1 (R, science, www)
R interface for Google Compute Engine

R-googledrive @2.1.1_1 (R, science)
Interface to Google Drive

R-gptr @0.6.0 (R, science, www)
R interface to the OpenAI ChatGPT API

R-grf @2.4.0 (R, science, economics, math)
Generalized Random Forests

R-hdf5r @1.3.11 (R, science)
Interface to the HDF5 binary data format

R-hdf5r.Extra @0.1.0 (R, science)
Extensions for HDF5 R interfaces

R-HDRFA @0.1.5 (R, science, math)
High-Dimensional Robust Factor Analysis

R-HHG @2.3.7_1 (R, science, math)
Heller–Heller–Gorfine tests of independence and equality of distributions

R-hmeasure @1.0-2_1 (R, science)
H-measure and other scalar classification performance metrics

R-httr2 @1.0.7 (R, science, devel, net)
Perform HTTP requests and process the responses

R-hunspell @3.0.5 (R, science, sysutils, textproc)
High-performance stemmer, tokenizer and spell-checker

R-huxtable @5.5.7 (R, science)
An R package to create styled tables in multiple output formats, with a friendly, modern interface

R-icr @0.6.5_1 (R, science)
Compute Krippendorff’s α

R-interactiveDisplayBase @1.42.0 (R, science, bioconductor)
Base package for enabling powerful Shiny web displays of Bioconductor objects

R-Iso @0.0-21_1 (R, science, math)
Functions to perform isotonic regression

R-JADE @2.0-4_1 (R, science, math)
Blind source separation methods based on joint diagonalization and some BSS performance criteria

R-jsonlite @1.8.9 (R, science, devel)
Robust, high-performance JSON parser and generator

R-JuliaConnectoR @1.1.3_1 (R, science, math)
Functionally-oriented interface for integrating Julia with R

R-kmndirs @0.0-0_1 (R, science, math)
R interface to the k-mean-directions algorithm

R-leidenAlg @1.1.4 (R, science, math)
R interface to the Leiden algorithm, an iterative community detection algorithm on networks

R-levmaR @0.0.1_1 (R, science, math)
Interface for the Levenberg–Marquardt optimization algorithm provided by the levmar Library

R-lpirfs @0.2.3_1 (R, science, math)
Local Projections Impulse Response Functions

R-lpSolve @5.6.23 (R, science, math)
Interface to Lp_solve to solve linear/integer programs

R-lpSolveAPI @5.5.2.0-17.12 (R, science, math)
R interface to lp_solve v. 5.5.2.0

R-measures @0.3_1 (R, science, math)
Performance measures for statistical learning

R-MEFM @0.1.1 (R, science, math)
Perform MEFM estimation on matrix time series

R-MendelianRandomization @0.10.0_1 (R, science, math)
Several methods for performing Mendelian randomization analyses with summarized data

R-metrica @2.1.0 (R, science, math)
Prediction performance metrics

R-MetricsWeighted @1.0.3_1 (R, science)
Weighted metrics, scoring functions and performance measures for machine learning

R-minioclient @0.0.6_1 (R, science, sysutils)
Interface to the MinIO client

R-minpack.lm @1.2-4_1 (R, science, math)
R interface to the Levenberg–Marquardt non-linear least-squares algorithm found in MINPACK

R-misc3d @0.9-1_1 (R, science, graphics)
Collection of miscellaneous 3D plots, including isosurfaces

R-MixSim @1.1-8 (R, science, math)
Simulating data to study performance of clustering algorithms

R-mlr3measures @1.0.0 (R, science)
Performance measures for R-mlr3

R-MRFcov @1.0.39_2 (R, science, math)
Markov random fields with additional covariates

R-mrfDepth @1.0.17 (R, science, math)
Depth measures in multivariate, regression and functional settings

R-MuMIn @1.48.4 (R, science, math)
Tools for performing model selection and model averaging

R-naivebayes @1.0.0_1 (R, science, math)
High-performance implementation of the Naïve Bayes algorithm

R-nanoarrow @0.6.0 (R, science, devel)
Interface to the nanoarrow C library

R-ncdf4 @1.23_1 (R, science)
Interface to unidata netCDF (v. 4 or earlier) data files

R-nloptr @2.1.1 (R, science, math)
R Interface to NLopt

R-oaii @0.5.0_1 (R, science)
OpenAI API R interface

R-odbc @1.5.0 (R, science, databases)
DBI-compatible interface to ODBC databases

R-ODRF @0.0.4_1 (R, science, math)
Oblique decision random forest for classification and regression

R-OpenCL @0.2-10_1 (R, science)
Interface allowing R to use OpenCL

R-ore @1.7.4.1_1 (R, science, devel)
R interface to the Onigmo regular expression library

R-orf @0.1.4_2 (R, science, math)
Ordered Random Forests

R-parallelMap @1.5.1_2 (R, science, devel)
Unified interface to parallelization back-ends

R-params @0.7.3_2 (R, science, devel)
Interface to simplify organizing parameters used in a package via external configuration files.

R-pbdMPI @0.5-2 (R, science, parallel)
Interface to MPI

R-pbdZMQ @0.3-13 (R, science, devel)
Interface to ZeroMQ

R-performance @0.12.4 (R, science, math)
Assessment of regression models performance

R-PerformanceAnalytics @2.0.4_2 (R, science, finance)
Econometric tools for performance and risk analysis

R-pfr @1.0.1_1 (R, science, math)
Interface to the C++ Pf library

R-pomdpSolve @1.0.4_1 (R, science, math)
Interface to pomdp-solve for partially observable Markov decision processes

R-pRF @1.2 (R, science)
Permutation Significance for Random Forests

R-proj4 @1.0-14_1 (R, science, gis)
Simple R interface to the PROJ.4 cartographic projections library

R-psfmi @1.4.0_1 (R, science, math)
Prediction model pooling, selection and performance evaluation across multiply imputed datasets

R-pwalign @1.0.0 (R, science, bioconductor)
Perform pairwise sequence alignments

R-qpmadr @1.1.0-0_1 (R, science, math)
Interface to the qpmad quadratic programming solver

R-quarto @1.4.4 (R, science)
R interface to Quarto markdown publishing system

R-QuickJSR @1.4.0 (R, science, devel)
Interface for the QuickJS light-weight JavaScript engine

R-r2d3 @0.2.6_1 (R, science, graphics)
Interface to D3 visualizations

R-randomForestSRC @3.3.1 (R, science, math)
Fast unified random forests for survival, regression and classification (RF-SRC)

R-rattle @5.5.2_1 (R, science)
Graphical User Interface for Data Science in R

R-RBGL @1.80.0 (R, science, bioconductor, devel)
Interface to the graph algorithms contained in the Boost library

R-RcppAlgos @2.8.5 (R, science, math)
High-performance tools for combinatorics and computational mathematics

R-RcppBessel @1.0.0 (R, science, math)
Bessel Functions Rcpp Interface

R-RcppBlaze @1.0.1 (R, science, math)
Rcpp integration for the Blaze high-performance C++ math library

R-RcppClassicExamples @0.1.3_1 (R, science, devel)
Examples using RcppClassic to interface R and C++

R-RcppExamples @0.1.9_1 (R, science, devel)
Examples using Rcpp to interface R and C++

R-RcppFarmHash @0.0.3_1 (R, science, devel)
Interface to the Google FarmHash family of hash functions

R-RcppGetconf @0.0.3_2 (R, science, devel, sysutils)
Rcpp interface for querying system configuration variables

R-RcppMsgPack @0.2.3_2 (R, science, devel)
MsgPack C++ header files and interface functions for R

R-RcppRedis @0.2.4_3 (R, science, devel)
MsgPack C++ header files and interface functions for R

R-RcppSpdlog @0.0.19 (R, science, devel)
R and C++ interfaces to spdlog C++ header library for logging

R-RcppXts @0.0.6_2 (R, science)
Interface the xts API via Rcpp

R-Rcsdp @0.1.57.5_3 (R, science)
R interface to the CSDP Semidefinite Programming Library

R-RCurl @1.98-1.16_1 (R, science, devel, net)
General network client interface for R

R-RDieHarder @0.2.6_2 (R, science, math)
R interface to the DieHarder RNG test-suite

R-Rdsdp @1.0.5.2.1_1 (R, science, math)
R interface to DSDP semidefinite programming library

R-re2 @0.1.3_1 (R, science, devel)
R interface to Google RE2 (C++) regular expression library

R-readbitmap @0.1.5_2 (R, science, graphics)
Simple unified interface to read bitmap images (BMP, JPEG, PNG, TIFF)

R-reqres @0.2.5_2 (R, science)
Powerful classes for HTTP requests and responses

R-restfulr @0.0.15_2 (R, science, www)
R interface to RESTful web services

R-reticulate @1.40.0 (R, science, python)
Interface to Python

R-Rfast @2.1.0_3 (R, science, math)
Collection of efficient and extremely fast R functions

R-Rfast2 @0.1.5.2_3 (R, science, math)
Collection of efficient and extremely fast R functions – II

R-RFCCA @2.0.0_1 (R, science, math)
Random Forest with Canonical Correlation Analysis

R-rFerns @5.0.0_1 (R, science)
Random Ferns classifier

R-rfinterval @1.0.0_2 (R, science, math)
Predictive inference for random forests

R-Rfit @0.27.0 (R, science, math)
Rank-based estimation estimation and inference for linear models

R-rfm @0.3.0_1 (R, science, economics)
Recency, frequency and monetary value analysis

R-Rfolding @1.0_1 (R, science, math)
Folding test of unimodality

R-Rfssa @3.1.0_1 (R, science, math)
Functional Singular Spectrum Analysis

R-rfUtilities @2.1-5_1 (R, science, math)
Random forests model selection and performance evaluation

R-rgeos @0.6-4_1 (R, science, math)
Interface to Geometry Engine Open Source (GEOS)

R-Rglpk @0.6-5.1_1 (R, science)
GNU Linear Programming Kit interface

R-Rgraphviz @2.48.0 (R, science, bioconductor, graphics)
Interfaces R with graphviz library for plotting R graph objects

R-rgudhi @0.2.0_2 (R, science, math)
Interface to the GUDHI library for topological data analysis

R-rhdf5 @2.48.0_1 (R, science, bioconductor)
R Interface to HDF5

R-riingo @0.3.1_1 (R, science, finance, www)
R Interface to the Tiingo Stock Price API

R-rim @0.6.4 (R, science, math)
Interface to Maxima, enabling symbolic computation

R-rkeops @2.1.0_1 (R, science, math)
Kernel Operations on GPU or CPU, with autodiff, without memory overflows

R-rlecuyer @0.3-8_1 (R, science, devel)
R interface to RNG with multiple streams

R-RMariaDB @1.3.3 (R, science, databases)
Database interface and MariaDB driver

R-rmBayes @0.1.16_2 (R, science, math)
Performing Bayesian inference for repeated-measures designs

R-Rmosek @1.3.5 (R, science)
R to MOSEK optimization interface

R-Rmpi @0.7-2.1 (R, science, parallel)
Interface (wrapper) to MPI

R-RMySQL @0.10.29 (R, science, databases)
Legacy R-DBI interface to MySQL/MariaDB

R-RNetCDF @2.9-2_2 (R, science)
Interface to NetCDF file formats

R-ROAuth @0.9.6_2 (R, science, net)
R interface for OAuth

R-RobustCalibration @0.5.5 (R, science, math)
Robust calibration of imperfect mathematical models

R-ROCR @1.0-11_2 (R, science)
Visualizing the performance of scoring classifiers

R-RODBC @1.3-23_1 (R, science, databases)
ODBC database interface

R-ROI.plugin.msbinlp @1.0-1_1 (R, science, math)
Multi-Solution Binary Linear Problem plug-in for the R Optimization Interface

R-ROpenFIGI @0.2.8_1 (R, science, finance, www)
Simple interface to Bloomberg OpenFIGI API

R-rorcid @0.7.0_1 (R, science)
Interface to the Orcid.org API

R-RPostgres @1.4.7 (R, science, databases)
Rcpp Interface to PostgreSQL

R-RPostgreSQL @0.7-6_1 (R, science, databases)
R interface to the PostgreSQL database system

R-RProtoBuf @0.4.22_1 (R, science, devel)
R interface to the Protocol Buffers API

R-RPushbullet @0.3.4_1 (R, science)
R Interface to the Pushbullet messaging service

R-RQuantLib @0.4.24 (R, science, finance)
R interface to the QuantLib library

R-rsconnect @1.3.3 (R, science, devel)
Deployment interface for R-rmarkdown documents and R-shiny applications

R-rsm @2.10.5 (R, science)
Response-surface analysis

R-RSQLite @2.3.9 (R, science, databases)
SQLite interface for R

R-rstan @2.32.6_2 (R, science, lang, math)
R interface to Stan

R-rstantools @2.4.0_1 (R, science, devel, math)
Tools for developing R packages interfacing with Stan

R-RStata @1.1.1_1 (R, science)
Simple R–Stata interface allowing to execute Stata commands (both inline and from a .do file) from R

R-rsurface @1.1.0_1 (R, science)
Design of rotatable central composite experiments and response surface analysis

R-rtracklayer @1.64.0 (R, science, bioconductor)
R interface to genome annotation files and the UCSC genome browser

R-runjags @2.2.2-4_1 (R, science, math)
Interface utilities, model templates, parallel computing methods and additional distributions for MCMC models in JAGS

R-runner @0.4.4_1 (R, science)
R package performing simple running calculations

R-Runuran @0.40 (R, science)
R Interface to the UNU.RAN random variate generators

R-rvinecopulib @0.6.3.1.1_2 (R, science, math)
High-performance algorithms for vine copula modeling

R-Ryacas @1.1.5_1 (R, science, math)
R interface to the Yacas Computer Algebra System

R-Ryacas0 @0.4.4_1 (R, science, math)
Legacy version of Ryacas, an interface to the yacas computer algebra system

R-rzmq @0.9.14 (R, science, devel)
Interface to the ZeroMQ lightweight messaging kernel

R-sasr @0.1.2_1 (R, science, math)
SAS interface

R-set6 @0.2.6 (R, science, math)
R6 object-oriented interface for mathematical sets

R-shinylight @1.2_1 (R, science, www)
Web interface to R functions

R-sparcl @1.0.4_1 (R, science)
Perform sparse hierarchical clustering and sparse k-means clustering

R-sparklyr @1.8.6 (R, science)
R Interface to Apache Spark

R-sparsepp @1.22_1 (R, science, devel)
Rcpp interface to sparsepp

R-SSVS @2.0.0_1 (R, science, math)
Functions for performing stochastic search variable selection (SSVS)

R-sudachir @0.1.0_1 (R, science, textproc, japanese)
R interface to Sudachi, a Japanese morphological analyzer

R-sundialr @0.1.6 (R, science, math)
Interface to SUNDIALS ordinary differential equation (ODE) solvers

R-survcomp @1.54.0 (R, science, bioconductor)
Performance assessment and comparison for survival analysis

R-svd @0.5.7 (R, science, math)
Interface to Lanczos SVD and eigensolvers

R-symengine @0.2.6_3 (R, science, math)
Interface to the SymEngine library

R-sys @3.4.3 (R, science, sysutils)
Powerful and reliable tools for running system commands in R

R-textshaping @0.4.1 (R, science, graphics)
Bindings to the HarfBuzz and Fribidi libraries

R-tfruns @1.5.3_1 (R, science)
Training run tools for TensorFlow

R-thor @1.1.6 (R, science, devel)
Interface to LMDB

R-tidytable @0.11.1 (R, science)
Tidy interface to R-data.table

R-tram @1.2-0 (R, science, math)
R-Formula-based user-interfaces to specific transformation models

R-TRAMPR @1.0-10 (R, science)
TRFLP analysis and matching package

R-TSEtools @0.2.2_1 (R, science, finance)
Tools to perform some descriptive data analysis for assets

R-varImp @0.4_1 (R, science, math)
RF variable importance for arbitrary measures

R-varSelRF @0.7-8_1 (R, science, math)
Variable Selection via Random Forests

R-Vdgraph @2.2-7_1 (R, science, math)
Variance dispersion graphs and fraction of design space plots for response surface designs

R-virtuoso @0.1.8_1 (R, science, databases)
Interface to Virtuoso using ODBC

R-xoi @0.72_1 (R, science)
Tools for analyzing crossover interference

R-xrf @0.2.2_2 (R, science)
eXtreme RuleFit

R-yardstick @1.3.1_1 (R, science)
Tidy characterizations of model performance

R-ZIprop @0.1.1_1 (R, science)
Permutations tests and performance indicator for zero-inflated proportions response

rainbarf @1.4 (sysutils)
CPU/RAM/battery stats chart bar for tmux (and GNU screen)

raja @2024.07.0 (devel)
RAJA Performance Portability Layer (C++)

rancher-cli @2.13.1 (devel, sysutils)
The Rancher Command Line Interface (CLI) is a unified tool for interacting with your Rancher Server.

rb-aes_key_wrap @1.1.0 (ruby, crypto, security)
Ruby implementation of AES Key Wrap, a.k.a RFC 3394

rb-bdb @0.6.6 (ruby, databases)
Ruby interface to the embedded Berkeley DB

rb-curl_ffi @0.0.8 (ruby, net)
FFI-based libCurl interface

rb-cvs @0.2_1 (ruby, devel)
High level interface to a CVS repository

rb-fcgi @0.9.2.2 (ruby, www)
The Ruby interface to FastCGI

rb-ffi-openmpt @0.5.0 (ruby, audio)
Ruby interface to libopenmpt

rb-flickr @1.0.0 (ruby)
An insanely easy interface to the Flickr photo-sharing service. By Scott Raymond.

rb-google @0.6.0 (ruby, www)
Ruby interface to Googleʼs SOAP-driven Web API

rb-hashie @5.0.0 (ruby, devel)
Hashie is a collection of classes and mixins that make hashes more powerful

rb-hmac @0.3 (ruby, security)
Provides a common interface to HMAC functionality.

rb-http-cookie @1.0.7 (ruby, net)
Library to handle HTTP Cookies based on RFC 6265

rb-innate @2009.10 (ruby, www, devel)
Powerful web-framework wrapper for Rack.

rb-net-irc @0.0.9 (ruby, irc)
IRC library. This is mostly conform to RFC1459 but partly not for convenience.

rb-net-pingsimple @0.3.0_1 (ruby, net)
A simple Ruby interface to the 'ping' command

rb-net-protocol @0.2.2 (ruby, net)
The abstract interface for net-* client

rb-numo-gsl @0.1.2_1 (ruby, math)
GSL interface for Ruby/Numo::NArray

rb-numo-linalg @0.1.7 (ruby, math)
Linear algebra library with interface to BLAS/LAPACK

rb-oauth-tty @1.0.5 (ruby, devel)
OAuth 1.0 TTY Command Line Interface

rb-pcap @0.6 (ruby, net)
Ruby interface to LBL Packet Capture library (libpcap).

rb-require_all @3.0.0 (ruby, devel)
Wonderfully simple way to load your code

rb-rflickr @2006.02.01 (ruby)
Ruby interface to the Flickr API

rb-rice @4.3.3 (ruby, devel)
Ruby interface for C++ extensions

rb-rmagick @5.0.0_1 (ruby, graphics)
The Ruby interface to ImageMagick

rb-sqlite @2.2.3 (ruby, databases)
Interface to the SQLite DB engine from Ruby

rb-sqlite3 @1.2.5 (ruby, databases)
Interface to the SQLite3 DB engine from Ruby

rb-t_algebra @0.1.6 (ruby, math)
Functor, Applicative and Monad interfaces for Ruby

rb-thor @1.3.2 (ruby, devel)
Thor is a toolkit for building powerful command-line interfaces

rb-tty-prompt @0.23.1 (ruby)
Beautiful and powerful interactive command line prompt

rb-twitter @8.1.0 (ruby, www)
Ruby interface to the Twitter API

rb-x @0.14.1 (ruby, devel, www)
Ruby interface to the X (Twitter) API

rb19-debug @0.11.6_1 (ruby)
command line interface for ruby-debug

rb19-gli @1.1.1 (ruby)
Git-Like Interface Command Line Parser

rb19-rack @1.2.2_1 (ruby, devel)
Ruby Webserver Interface

rb19-sqlite3 @1.3.3 (ruby, databases)
Interface to the SQLite3 DB engine from Ruby

rb23-rmagick @5.0.0_1 (ruby, graphics)
The Ruby interface to ImageMagick

rb24-rmagick @5.0.0_1 (ruby, graphics)
The Ruby interface to ImageMagick

rb25-rmagick @5.0.0_1 (ruby, graphics)
The Ruby interface to ImageMagick

rb26-rmagick @5.0.0_1 (ruby, graphics)
The Ruby interface to ImageMagick

rb27-rmagick @5.0.0_1 (ruby, graphics)
The Ruby interface to ImageMagick

rb30-net-protocol @0.2.2 (ruby, net)
The abstract interface for net-* client

rb30-require_all @3.0.0 (ruby, devel)
Wonderfully simple way to load your code

rb30-rice @4.3.3 (ruby, devel)
Ruby interface for C++ extensions

rb30-rmagick @5.0.0_1 (ruby, graphics)
The Ruby interface to ImageMagick

rb30-thor @1.3.2 (ruby, devel)
Thor is a toolkit for building powerful command-line interfaces

rb31-aes_key_wrap @1.1.0 (ruby, crypto, security)
Ruby implementation of AES Key Wrap, a.k.a RFC 3394

rb31-curl_ffi @0.0.8 (ruby, net)
FFI-based libCurl interface

rb31-fcgi @0.9.2.2 (ruby, www)
The Ruby interface to FastCGI

rb31-ffi-openmpt @0.5.0 (ruby, audio)
Ruby interface to libopenmpt

rb31-hashie @5.0.0 (ruby, devel)
Hashie is a collection of classes and mixins that make hashes more powerful

rb31-http-cookie @1.0.7 (ruby, net)
Library to handle HTTP Cookies based on RFC 6265

rb31-net-protocol @0.2.2 (ruby, net)
The abstract interface for net-* client

rb31-numo-gsl @0.1.2_1 (ruby, math)
GSL interface for Ruby/Numo::NArray

rb31-numo-linalg @0.1.7 (ruby, math)
Linear algebra library with interface to BLAS/LAPACK

rb31-oauth-tty @1.0.5 (ruby, devel)
OAuth 1.0 TTY Command Line Interface

rb31-require_all @3.0.0 (ruby, devel)
Wonderfully simple way to load your code

rb31-rice @4.3.3 (ruby, devel)
Ruby interface for C++ extensions

rb31-rmagick @5.0.0_1 (ruby, graphics)
The Ruby interface to ImageMagick

rb31-t_algebra @0.1.6 (ruby, math)
Functor, Applicative and Monad interfaces for Ruby

rb31-thor @1.3.2 (ruby, devel)
Thor is a toolkit for building powerful command-line interfaces

rb31-tty-prompt @0.23.1 (ruby)
Beautiful and powerful interactive command line prompt

rb31-twitter @8.1.0 (ruby, www)
Ruby interface to the Twitter API

rb31-x @0.14.1 (ruby, devel, www)
Ruby interface to the X (Twitter) API

rb32-aes_key_wrap @1.1.0 (ruby, crypto, security)
Ruby implementation of AES Key Wrap, a.k.a RFC 3394

rb32-curl_ffi @0.0.8 (ruby, net)
FFI-based libCurl interface

rb32-fcgi @0.9.2.2 (ruby, www)
The Ruby interface to FastCGI

rb32-ffi-openmpt @0.5.0 (ruby, audio)
Ruby interface to libopenmpt

rb32-hashie @5.0.0 (ruby, devel)
Hashie is a collection of classes and mixins that make hashes more powerful

rb32-http-cookie @1.0.7 (ruby, net)
Library to handle HTTP Cookies based on RFC 6265

rb32-net-protocol @0.2.2 (ruby, net)
The abstract interface for net-* client

rb32-numo-gsl @0.1.2_1 (ruby, math)
GSL interface for Ruby/Numo::NArray

rb32-numo-linalg @0.1.7 (ruby, math)
Linear algebra library with interface to BLAS/LAPACK

rb32-oauth-tty @1.0.5 (ruby, devel)
OAuth 1.0 TTY Command Line Interface

rb32-require_all @3.0.0 (ruby, devel)
Wonderfully simple way to load your code

rb32-rice @4.3.3 (ruby, devel)
Ruby interface for C++ extensions

rb32-rmagick @5.0.0_1 (ruby, graphics)
The Ruby interface to ImageMagick

rb32-t_algebra @0.1.6 (ruby, math)
Functor, Applicative and Monad interfaces for Ruby

rb32-thor @1.3.2 (ruby, devel)
Thor is a toolkit for building powerful command-line interfaces

rb32-tty-prompt @0.23.1 (ruby)
Beautiful and powerful interactive command line prompt

rb32-twitter @8.1.0 (ruby, www)
Ruby interface to the Twitter API

rb32-x @0.14.1 (ruby, devel, www)
Ruby interface to the X (Twitter) API

rb33-aes_key_wrap @1.1.0 (ruby, crypto, security)
Ruby implementation of AES Key Wrap, a.k.a RFC 3394

rb33-curl_ffi @0.0.8 (ruby, net)
FFI-based libCurl interface

rb33-fcgi @0.9.2.2 (ruby, www)
The Ruby interface to FastCGI

rb33-ffi-openmpt @0.5.0 (ruby, audio)
Ruby interface to libopenmpt

rb33-hashie @5.0.0 (ruby, devel)
Hashie is a collection of classes and mixins that make hashes more powerful

rb33-http-cookie @1.0.7 (ruby, net)
Library to handle HTTP Cookies based on RFC 6265

rb33-net-protocol @0.2.2 (ruby, net)
The abstract interface for net-* client

rb33-numo-gsl @0.1.2_1 (ruby, math)
GSL interface for Ruby/Numo::NArray

rb33-numo-linalg @0.1.7 (ruby, math)
Linear algebra library with interface to BLAS/LAPACK

rb33-oauth-tty @1.0.5 (ruby, devel)
OAuth 1.0 TTY Command Line Interface

rb33-require_all @3.0.0 (ruby, devel)
Wonderfully simple way to load your code

rb33-rice @4.3.3 (ruby, devel)
Ruby interface for C++ extensions

rb33-t_algebra @0.1.6 (ruby, math)
Functor, Applicative and Monad interfaces for Ruby

rb33-thor @1.3.2 (ruby, devel)
Thor is a toolkit for building powerful command-line interfaces

rb33-tty-prompt @0.23.1 (ruby)
Beautiful and powerful interactive command line prompt

rb33-twitter @8.1.0 (ruby, www)
Ruby interface to the Twitter API

rb33-x @0.14.1 (ruby, devel, www)
Ruby interface to the X (Twitter) API

redo @0.42 (devel)
Smaller, easier, more powerful, and more reliable than make.

Renaissance @0.8.0 (gnustep)
create user interfaces via XML files

Renaissance-Framework @0.8.0 (graphics, gnustep, cross, devel)
create user interfaces via XML files

ResIL @1.7.9_8 (devel, multimedia)
Library to develop applications with powerful image loading capabilities

rfcdiff @1.48 (textproc)
compare Internet Draft versions

rfksay @0.1 (textproc, amusements)
Generates a kitten finding robot with a text bubble

RigCtldGUI @20220406-d49f88b9_1 (science, comms)
a graphical user interface for rig control, offering also rigctld functionality

roadrunner @0.9.1 (net, devel)
implementation of the BEEP protocol (RFC 3080) in C

rox-filer @2.8 (x11)
fast and powerful file manager

ruby @1.8.7-p374_15 (lang, ruby)
Powerful and clean object-oriented scripting language

ruby-devel @2024.11.16 (lang, ruby)
Powerful and clean object-oriented scripting language

ruby19 @1.9.3-p551_17 (lang, ruby)
Powerful and clean object-oriented scripting language

ruby20 @2.0.0-p648_14 (lang, ruby)
Powerful and clean object-oriented scripting language

ruby21 @2.1.9_15 (lang, ruby)
Powerful and clean object-oriented scripting language

ruby22 @2.2.10_13 (lang, ruby)
Powerful and clean object-oriented scripting language

ruby23 @2.3.8_11 (lang, ruby)
Powerful and clean object-oriented scripting language

ruby24 @2.4.10_9 (lang, ruby)
Powerful and clean object-oriented scripting language

ruby25 @2.5.9_4 (lang, ruby)
Powerful and clean object-oriented scripting language

ruby26 @2.6.10_1 (lang, ruby)
Powerful and clean object-oriented scripting language

ruby27 @2.7.8 (lang, ruby)
Powerful and clean object-oriented scripting language

ruby30 @3.0.7_2 (lang, ruby)
Powerful and clean object-oriented scripting language

ruby31 @3.1.7 (lang, ruby)
Powerful and clean object-oriented scripting language

ruby32 @3.2.10 (lang, ruby)
Powerful and clean object-oriented scripting language

ruby33 @3.3.10 (lang, ruby)
Powerful and clean object-oriented scripting language

ruby34 @3.4.8 (lang, ruby)
Powerful and clean object-oriented scripting language

ruby40 @4.0.1 (lang, ruby)
Powerful and clean object-oriented scripting language

ruby186 @1.8.6-p420_7 (lang, ruby)
Powerful and clean object-oriented scripting language

scientiaCLI @0.0.1_1 (science, education)
A command line interface for scientia for Imperial DoC students

scute @1.7.0 (security)
PKCS#11 interface to the GnuPG Agent

scw @2.51.0 (net)
Command Line Interface for Scaleway

seahorse @3.20.0_2 (gnome, crypto)
Seahorse is a graphical interface for managing and using encryption keys.

serf1 @1.3.10_1 (www)
C-based HTTP client library

serialDV @1.1.5 (science, comms)
C++ Minimal interface to encode and decode audio with AMBE3000 based devices in packet mode over a serial link.

served @1.6.0_1 (devel)
Served is a C++ library for building high performance RESTful web servers.

sgwi @1.1.2 (www, mail, php)
web-interface to SQLGrey

shef @0.3.3 (sysutils)
Shef is a powerful CLI tool for cooking up shell recipes.

shelldap @1.3.2_3 (net, sysutils)
a handy shell-like interface for browsing and editing LDAP entries

sift @0.9.1 (sysutils)
A fast and powerful open source alternative to grep

SISL @2021.03.16 (math)
SISL is a comprehensive NURBS library for the modeling and interrogation of curves and surfaces.

slang @1.4.9 (lang)
library that includes a powerful scripting language with a C-like syntax

slrn @1.0.3_2 (news, net)
A powerful console-based newsreader

smooth @0.9.8 (aqua)
smooth is a class library for user interfaces written in C++

snarf @7.0 (net)
Simple Non-interactive All-purpose Resource Fetcher

so @0.4.10 (devel)
A terminal interface for Stack Overflow

SoapyBladeRF @0.4.1_1 (science)
Soapy SDR plugin for Blade RF

SoapyHackRF @0.3.4 (science)
Soapy SDR module for Hack RF

socket @1.4 (net)
an interface to TCP sockets at shell level

socketxx @1.12.12_2 (devel)
a family of C++ classes that gives the same interface as the iostream classes for input and output for communication between processes

sofia-sip @1.12.11_4 (comms)
Sofia-Sip is a RFC3261 compliant SIP User-Agent library.

sowing @1.1.25 (textproc)
A parser for fortran interfaces

spymemcached @2.8.4 (java)
A high performance, distributed object caching system.

SQLClient @1.2.0_1 (gnustep)
Simple OO Interface to SQL databases

srecord @1.64_3 (devel)
The srecord package is a collection of powerful tools for manipulating EPROM load files.

sshs @4.7.2 (net)
Terminal user interface for SSH

stanford-ner @4.2.0 (textproc, java)
a high-performance machine learning based named entity recognition system

starfighter @1.7 (games)
2D Space Shooter

stellarium-qt4 @0.12.11-20190501_1 (science)
Stellarium is a free open source planetarium for your computer. This older version is the last version based on qt4 which may run, or run more efficiently, on older or less powerful systems.

sttr @0.2.30 (textproc)
Perform various operations on a string.

subsurface @3.1.1_4 (x11)
Subsurface is an open source dive log program written in C.

sunclock @3.57_1 (x11)
shows Earth's surface illuminated by the Sun

superfile @1.5.0 (sysutils)
Pretty fancy and modern terminal file manager

surf @2.0 (www)
simple webkit2-gtk-based browser

SurfaceEvolver @2.70 (science)
Software for the modeling of the evolution of liquid surfaces.

surfraw @2.3.0 (net)
Shell Users' Revolutionary Front Rage Against the Web

svdlibc @1.4 (math, science)
SVDLIBC is a C library to perform singular value decomposition

sysbench @1.0.20 (benchmarks)
Scriptable database and system performance benchmark

taskjuggler @3.5.0_1 (office, pim)
A powerful project management tool.

taskwarrior-tui @0.26.5 (office)
A terminal user interface for taskwarrior

tcpkali @1.1.1 (net)
High performance TCP and WebSocket load generator and sink

tDOM @0.9.1 (textproc, devel)
high performance XML data processing with easy and powerful Tcl scripting functionality

tea @63.1.0 (editors)
TEA is the powerful text editor for GNU/Linux and *BSD.

temporal @1.4.1 (devel, sysutils)
Command-line interface for Temporal incl. local dev server

tenfourfox @FPR32SPR5 (www)
Clone of Firefox, compatible with macOS 10.4+. This version corresponds to the latest released version of tenfourfox.

tenfourfox-devel @20240505-FPR32 (www)
Clone of Firefox, compatible with macOS 10.4+. Tracks latest commit on GitHub.

testdisk @7.1_1 (sysutils)
TestDisk is a powerful free data recovery utility.

tf @5.0b8_5 (net, games)
popular and powerful MUD client

tig @2.5.12 (devel)
A text interface to git repositories

tilde @1.1.3 (editors)
Tilde is a text editor for the console/terminal, which provides an intuitive interface for people accustomed to GUI environments such as Gnome, KDE and Windows.

tinyobjloader @1.0.7 (devel, graphics, games)
Tiny but powerful single file wavefront obj loader

tinyobjloader-devel @2.0.0rc13 (devel, graphics, games)
Tiny but powerful single file wavefront obj loader

tix @8.4.3_6 (x11)
Tk Interface eXtension

tree-sitter-dockerfile @0.2.0 (devel)
A tree-sitter parser for Dockerfiles

trove4j @2.1.0_1 (java)
high performance collections for Java objects and primitive types

ttcp @1.10_1 (net)
Benchmarking tool for analysing TCP and UDP performance

typst @0.14.2 (textproc)
A new markup-based typesetting system that is powerful and easy to learn.

uriparser @0.9.9 (devel, www)
a strictly RFC 3986 compliant parsing library for URIs

usql @0.19.4 (databases)
Universal command-line interface for SQL databases

uudeview @0.5.20_1 (mail)
UUDeview is a particularly powerful encoder and decoder

valabind @1.8.0_1 (devel)
This program converts vapi vala interface files into swig interfaces.

valgrind @3.16.1 (devel)
A powerful open-source memory debugger

valgrind-devel @3.16.1-r2020-12-17 (devel)
A powerful open-source memory debugger

valgrind-macos-devel @3.22.0-r2023-10-29 (devel)
A powerful memory debugger with latest macOS support

varnish @7.6.0 (www)
Varnish is a state-of-the-art, high-performance HTTP accelerator

vcp @2.2 (sysutils)
vcp copies files and directories in a curses interface.

vecLibFort @0.4.3_1 (devel, math, science)
Fortran interface to vecLib BLAS/LAPACK

vectorscan @5.4.11 (textproc)
A portable fork of the high-performance regular expression matching library.

viewvc @1.2.5 (devel, www)
Browser interface for CVS and Subversion

virtuoso @7.1.0_2 (devel)
a high-performance object-relational SQL database

virtuoso-5 @5.0.15_1 (devel)
a high-performance object-relational SQL database

virtuoso-6 @6.1.8_9 (devel)
a high-performance object-relational SQL database

virtuoso-7 @7.2.10_1 (devel)
a high-performance object-relational SQL database

vit @1.2_6 (office)
Vit is a full-screen terminal interface for Taskwarrior

volta @0.3.0 (www, net)
a high performance Squid compatible URI redirector

wasmedge @0.14.1 (devel)
WasmEdge is a lightweight, high-performance, and extensible WebAssembly runtime.

watson @2.1.0 (office, python)
A wonderful CLI to track your time!

webcleaner @2.31_1 (www, python)
webcleaner is a powerful filtering http proxy

welly-clyang @3.1.2 (www, aqua)
A powerful BBS client for macOS users, clyang's fork

wemux @3.2.0_2 (devel)
wemux enhances tmux to make multi-user terminal multiplexing both easier and more powerful.

wiggle @1.3 (devel)
apply rejected patches and perform word-wise diffs

wiki-tui @0.8.2 (www)
wiki-tui is a simple and easy to use Wikipedia text user interface

wp-cli @2.4.0 (www, php, devel)
A command line interface for WordPress

wxMaxima @24.01.0 (math, aqua)
Graphical user interface for Maxima based on wxWidgets

x11perf @1.6.1 (x11)
X11 server performance test program

xclip @0.13 (x11)
Command line interface to the X11 clipboard

xdelta @3.1.0 (archivers)
Open-source binary diff, differential compression tools, VCDIFF (RFC 3284) delta compression

xdrfile @1.1.4 (science, math)
Allows to read GROMACS trr and xtc files.

xforms @1.2.4_1 (x11)
A graphical user interface toolkit for X based on the X11 Xlib library

xgsch2pcb @0.1.3_4 (cad, science, electronics)
intuitive and user-friendly graphical interface to gsch2pcb

xmh @1.0.3 (x11, mail)
Send and read mail with an X11 interface to MH

xml2rfc @3.31.0 (textproc)
RFC formatting utility using XML source

xrandr @1.5.2 (x11)
Primitive command line interface to RandR X11 extension

XviD @1.3.7_1 (multimedia, devel)
High performance and high quality MPEG-4 video library

yajl-fort @1.3 (fortran)
Modern Fortran interface to the YAJL library

yorick-hdf5 @0.8.0_14 (science, yorick)
Hierarchical Data Format 5 interface for Yorick

youtube-viewer @3.11.3 (multimedia, net)
A very easy interface to YouTube.

zeek @8.0.6 (net, security)
Zeek is a powerful network analysis framework that is much different from the typical IDS you may know.

zeek-devel @8.1.1 (net, security)
Zeek is a powerful network analysis framework that is much different from the typical IDS you may know.

zeit @0.0.7 (office)
Zeit, erfassen. A command line tool for tracking time spent on activities.

zlog @1.2.18 (devel)
Reliable, high-performance, thread safe, flexible, clear-model, pure C logging library

Found 3033 ports.
