accountsservice @0.6.42_2 (gnome, security)
AccountsService provides a set of D-Bus interfaces for querying and manipulating user account information.

adblock2privoxy @2.3.1 (www, haskell)
Convert adblock config files to privoxy format

aff4 @1.0-20180212_4 (security)
AFF4 -The Advanced Forensics File Format

afflib @3.7.20 (security)
The Advanced Forensic Format

akonadi @1.13.1.20141210_6 (devel, kde, kde4)
A personal information management storage service.

ancient @2.3.0 (archivers)
Decompression routines for ancient formats

aq @0.3.0 (textproc)
Extend jq for any data format

archmbox @4.10.0 (mail)
simple email archiver for the mbox format

asar @4.0.1 (archivers, devel)
Simple extensive tar-like archive format with indexing

asciidoc @10.2.1_2 (textproc)
Formatter/translator for text files to numerous formats

asmfmt @1.3.2 (devel)
Go Assembler Formatter

assimp @5.4.3 (graphics)
library to import/export 3-D model formats

assimp2 @2.0.863_3 (graphics)
library to import 3D model formats

assimp_tools @5.4.3 (graphics)
library to import/export 3-D model formats

babl @0.1.116 (graphics)
Babl is a library for dynamically handling pixel formats and managing conversions between them.

babl-devel @0.1.116 (graphics)
Babl is a library for dynamically handling pixel formats and managing conversions between them.

bchunk @1.2.2 (sysutils)
Converts a CD image in a .bin/.cue format to .iso or .cdr

bdump @3.5 (sysutils)
view files in hex and ASCII formats side by side

bodr @10 (science, chemistry)
A database of chemoinformatics, such as properties of elements, isotopes and atoms.

botan @2.19.5 (security, devel)
cryptographic algorithms and formats library in C++

brotli @1.2.0 (archivers)
Brotli compression format

brotli-static @1.2.0 (archivers)
Brotli compression format (static libraries only)

btor2tools @20230816 (math, science)
a generic parser and tools for the BTOR2 format

capnproto @1.2.0 (devel)
Cap’n Proto is an insanely fast data interchange format and capability-based RPC system. Think JSON, except binary. Or think Protocol Buffers, except faster.

cd-discid @1.4 (audio)
read CD and get CDDB discid information

cdf @3.9.0 (science)
CDF: Common Data Format

certigo @1.17.1 (sysutils)
A utility to examine and validate certificates in a variety of formats.

cgrc @2.0.4 (textproc)
Configurable terminal text formatter

chemkit @0.1_3 (science, chemistry)
Chemkit is an open-source C++ library for molecular modelling, cheminformatics, and molecular visualization.

chordii @4.5.3 (textproc)
Produce a professional looking PostScript sheet-music from an ASCII file containing lyrics and chords information.

cl-html-encode @1.2 (lisp, devel)
html-encode is a small library for encoding text in various web-savvy formats

cl-hunchentoot-errors @20231013 (lisp, devel)
Augments Hunchentoot error pages and logs with request and session information

cl-pngload @20220402 (lisp, devel)
A PNG (Portable Network Graphics) image format decoder.

cl-pngload-test @20220402 (lisp, devel)
A PNG (Portable Network Graphics) image format decoder.

cl-zpb-exif @20210117 (lisp, devel)
Extract EXIF information from image files

colm @0.14.7_1 (lang, devel)
Programming language for analysis and transformation.

columnq @0.5.2 (textproc)
Simple CLI to help you query tabular data with support for a rich set of growing formats and data sources.

compface @1.5.2_1 (graphics)
Utility to convert to and from the X-Face format

convertlit @1.8_3 (textproc)
converts Microsoft Reader eBooks into open format

corelocationcli @4.0.6 (sysutils)
Command line program to print location information from CoreLocation

cpufetch @1.07 (sysutils)
cpufetch is a command-line tool written in C that displays the CPU information in a clean and beautiful way

csvToLedger @1.0 (office)
Convert CSVs to Ledger format

cvsps @2.1_2 (devel)
Create patchset information from CVS.

cws2fws-pl @0.0.1_8 (multimedia)
Flash format 6+ decompressor

dbtool @1.9.1_2 (databases)
Store and retrieve data in a key/value format in a hash database

deark @1.7.1 (archivers)
A utility for file format and metadata analysis, data extraction, decompression, and image format decoding

deco-archive @1.7 (archivers)
provides support for popular archive formats to deco

di @6.2.2.2 (sysutils)
disk information utility

digital_rf @2.6.1_17 (science)
Read, write, and interact with data in the Digital RF and Digital Metadata formats.

disktype @9_2 (sysutils)
Detects the content format of a disk or disk image

djvulibre @3.5.29 (graphics, www)
Web centric format and software platform for distributing documents and images.

dmarc-report-converter @0.6.5 (mail)
Convert dmarc reports from xml to human-readable formats.

dmidecode @3.1 (sysutils)
Tool for dumping DMI (SMBIOS) contents in human-readable format.

docbook2X @0.8.8_11 (textproc)
Converts DocBook documents into the traditional Unix man page format and the GNU Texinfo format.

dot2tex @2.11.3_5 (python)
Convert graphs generated by Graphviz to LaTeX friendly formats

dprint @0.50.1 (devel)
Pluggable and configurable code formatting platform written in Rust

dsd @20220314-59423fa4 (science, comms)
DSD is able to decode several digital voice formats (ex. P25p1, DMR and NXDN).

dtrx @8.7.1 (archivers)
extracts archives in a number of different formats

eb @4.5-20220808 (textproc, japanese)
C library for accessing CD-ROM books of EB, EBG, EBXA and EPWING formats, with UTF-8 support

ebook-tools @0.2.2_3 (textproc)
Access and convert various ebook file formats

ecCodes @2.45.0 (science)
API and tools for decoding and encoding GRIB, BUFR and GTS formats

edid-decode @20241119 (sysutils)
Decode EDID data in human-readable format

eiscor @0.2.0 (math, fortran)
eigensolvers based on unitary core transformations

etsf_io @1.0.4_4 (science)
A library of F90 routines to read/write the ETSF_IO file format.

evince @3.36.7_4 (gnome, print)
Evince is a document viewer for multiple document formats like pdf, and many others.

exiftran @2.14_2 (graphics)
A tool for transformations on JPEG from fbida

faq @0.0.7 (textproc)
Format Agnostic jQ -- process various formats with libjq

farbfeld @4 (graphics)
Suckless image format with conversion tools

fastfetch @2.58.0 (sysutils)
Fastfetch is a neofetch-like tool for fetching system information and displaying them in a pretty way.

fb303 @2024.09.23.00 (devel)
fb303 is a base Thrift service and a common set of functionality for querying stats, options, and other information from a service.

ffe @0.3.9a_1 (textproc)
Flat file extractor can be used for parsing different flat file structures and printing them in different formats

flynt @1.0.6_1 (python, devel)
CLI tool to convert a python project's %-formatted strings to f-strings.

fondu @060102_1 (print)
A set of programs to interconvert between Mac font formats and pfb, ttf, otf and bdf files on UNIX.

fontforge @20230101_1 (graphics, fonts)
Outline and bitmap font editor/converter for many formats

fop @1.1_1 (textproc, java)
Apache FOP Java XSL-FO Print Formatter

fop2 @2.11 (textproc, java)
Apache FOP Java XSL-FO Print Formatter

fq @0.16.0 (sysutils)
jq for binary formats

game-music-emu @0.6.4 (audio)
Game_Music_Emu is a collection of video game music file emulators that support various formats and systems

gd2 @2.3.3_7 (graphics)
GD creates PNG and JPEG images, among other formats

gifski @1.34.0 (graphics)
GIF encoder based on libimagequant (pngquant). Squeezes maximum possible quality from the awful GIF format.

gindent @2.2.12_1 (devel)
C language source code formatting program

gitty @0.7.0 (devel)
Contextual information about your git projects, right on the command-line

glxgears @9.0.0 (x11, graphics)
Show information about GLX capabilities

glxinfo @8.5.0 (x11, graphics)
Show information about GLX capabilities

golines @0.13.0 (devel)
A golang formatter that fixes long lines

google-java-format @1.32.0 (java, devel, textproc)
Reformat Java source code to comply with Google Java Style

gr-gsm @20200214-fd4454d6_5 (science, comms)
Provides augmented functionality for GNU Radio: a set of tools for receiving information transmitted by GSM equipment/devices.

gr37-gsm @20180812_3 (science, comms)
Provides augmented functionality for GNU Radio: a set of tools for receiving information transmitted by GSM equipment/devices.

grass @8.4.2_1 (gis)
GRASS Geographic Information System

grass-gui @8.4.2 (gis)
GUI support to GRASS Geographic Information System

hdf4 @4.2.15_2 (science)
file format for storing scientific data and utilities

hdf5 @1.14.6 (science)
HDF5 general purpose library and file format for storing scientific data

highlight @4.18 (textproc, devel)
converts source code to formatted text with syntax highlighting

htmldoc @1.9.18 (textproc)
Converts HTML or Markdown files to various other formats

htslib @1.22.1 (science)
C library for accessing SAM, CRAM, VCF, BCF and other file formats used for high-throughput sequencing data

hurl @7.1.0 (www)
Hurl is a command line tool that runs HTTP requests defined in a simple plain text format.

icns-gimp @0.1_3 (graphics)
Gimp file format plug-in for Macintosh icon files (.icns)

idnits @2.14.01 (textproc)
Looks for problems in internet draft formatting

ImageMagick @6.9.13-21 (graphics, devel)
Tools and libraries to manipulate images in many formats

ImageMagick7 @7.1.2-13 (graphics, devel)
Tools and libraries to manipulate images in many formats

ismrmrd @1.14.2 (science)
ISMRM Raw Data Format

jbig2dec @0.20 (graphics)
A decoder implementation of the JBIG2 image compression format

jpeginfo @1.7.1 (multimedia)
Prints information and tests integrity of JPEG/JFIF files.

jsoncons @1.5.0 (devel)
A C++, header-only library for constructing JSON and JSON-like data formats

kealib @1.6.2 (gis)
KEAlib - An HDF5 Based Raster File Format

kfloppy @4.14.3_3 (kde, kde4)
Format floppy disks.

ktlint @1.8.0 (devel, java)
An anti-bikeshedding Kotlin linter with built-in formatter

lib3mf @2.4.1 (print, graphics, devel)
lib3mf is an implementation of the 3D Manufacturing Format file standard.

libass @0.17.4 (multimedia)
Subtitle renderer for the ASS/SSA subtitle format

libass-devel @2024.10.14 (multimedia)
Subtitle renderer for the ASS/SSA subtitle format

libavif @1.3.0_1 (multimedia)
Portable C implementation of the AV1 Image File Format

libbpg @0.9.8_1 (graphics)
better portable graphics -- a new image format

libdv @1.0.0_1 (multimedia)
Quasar DV codec (libdv): software codec for DV video encoding format

libe-book @0.1.3_9 (textproc, multimedia, devel)
library for import of reflowable e-book formats

libetonyek @0.1.2_3 (textproc)
Libetonyek is a library that parses the file format of Apple Keynote documents.

libevt @20140731_1 (security)
Library and tooling to access the Windows Event Log (EVT) format

libewf @20230212 (security)
Libewf is a library for support of the Expert Witness Compression Format

libfixmath @2023.08.08 (math)
Q16.16 format fixed point operations in C

libfmt4 @4.1.0 (devel)
an open-source formatting library

libfmt8 @8.1.1_2 (devel)
An open-source formatting library

libfmt9 @9.1.0 (devel)
An open-source formatting library

libfmt10 @10.2.1 (devel)
An open-source formatting library

libfmt11 @11.2.0 (devel)
An open-source formatting library

libgifski @1.34.0 (graphics)
C library for gifski, a GIF encoder based on libimagequant (pngquant). Squeezes maximum possible quality from the awful GIF format.

libgrss @0.7.0_1 (net, gnome)
Glib abstaction to handle feeds in RSS, Atom and other formats.

libgsf @1.14.52 (gnome)
An I/O abstraction library for dealing with file formats

libgsm @1.0.22 (audio)
library and tools to convert to/frm gsm audio format

libgtop @2.40.0 (gnome)
A library for portably obtaining information about processes

libgweather @3.36.2 (net, gnome)
Library to accessing online weather informations.

libheif @1.20.2 (multimedia)
a ISO/IEC 23008-12:2017 HEIF file format decoder and encoder

libical @3.0.18_1 (devel)
An implementation of iCalendar protocols and data formats

libicns @0.8.1_5 (graphics, devel)
libicns is a library for manipulation of the Mac OS icns resource format and includes the icns2png converter

libmatroska @1.7.1 (multimedia)
Matroska is an extensible open standard audio/video container format.

libminc @2.4.06_3 (science)
Library handling the MINC file format

libmspack @1.11 (archivers)
Library supporting Microsoft compression formats

libmwaw @0.3.21 (devel, textproc)
Library parsing many pre-OS X MAC text formats.

libodfgen @0.1.7 (textproc)
libodfgen is a library for generating documents in Open Document Format (ODF).

libosinfo @1.12.0 (sysutils, gnome)
The Operating System information database

libphonenumber-cpp @8.13.49_3 (devel)
Google's C++ library for parsing, formatting, storing and validating international phone numbers.

libpst @0.6.76 (devel)
library to convert pst files to mbox and other formats

libsdl2_image @2.8.8 (devel, graphics)
Add on library for libSDL handling several image formats

libsdl_image @1.2.12-20220527_1 (devel, graphics)
Add on library for libSDL handling several image formats

libsdl_sound @1.0.3_3 (audio, devel)
handles decoding of several popular sound file formats

libsdl_sound-framework @1.0.3_1 (audio, devel)
handles decoding of several popular sound file formats

libsmi @0.5.0 (net)
Library to Access SMI MIB Information

libvisio-0.1 @0.1.8_1 (graphics)
Libvisio is a C++ library for reading and parsing drawings in VSD (Visio) format.

libwmf @0.2.8.4_9 (graphics, fonts)
Library for converting WMF (Window Metafile Format) files

libwpg-0.3 @0.3.4 (graphics)
Libwpg is a C++ library for reading and parsing graphics in WPG (Word Perfect Graphics) format.

libwps @0.4.14 (textproc)
C++ library for reading and parsing the Microsoft Works document format

linuxdoc-tools @0.9.82 (textproc)
convert LinuxDoc SGML source into other formats

lout @3.43.2 (textproc)
A text formatting system similar to TeX, but simpler

lua-MessagePack @0.5.2_1 (lua, devel)
a pure Lua implementation of the MessagePack serialization format

lua-metalua-parser @0.7.3 (lua, devel)
Define and generate an AST format for Lua programs

lua51-MessagePack @0.5.2_1 (lua, devel)
a pure Lua implementation of the MessagePack serialization format

lua51-metalua-parser @0.7.3 (lua, devel)
Define and generate an AST format for Lua programs

lua52-MessagePack @0.5.2_1 (lua, devel)
a pure Lua implementation of the MessagePack serialization format

lua52-metalua-parser @0.7.3 (lua, devel)
Define and generate an AST format for Lua programs

lua53-MessagePack @0.5.2_1 (lua, devel)
a pure Lua implementation of the MessagePack serialization format

lua53-metalua-parser @0.7.3 (lua, devel)
Define and generate an AST format for Lua programs

lua54-MessagePack @0.5.2_1 (lua, devel)
a pure Lua implementation of the MessagePack serialization format

lua54-metalua-parser @0.7.3 (lua, devel)
Define and generate an AST format for Lua programs

mailqfmt @0.6_6 (mail)
Postfix mailq file reformatter

makeicns @1.4.10a_2 (graphics)
This program lets you convert all kinds of images to Apple icns format on the command line.

mb2md @3.20_7 (mail)
Script for converting Mbox mailboxes to Maildir format

mbtileserver @0.11.0 (gis)
A simple Go-based server for map tiles stored in mbtiles format

md2vim @21.12.14.0 (textproc)
Tool for automatically converting markdown to vimdoc format

mediainfolib @25.10 (devel, multimedia)
Supplies technical and tag information about a video or audio file

metasploit2 @2.7_6 (security)
Tools and information for security research and pentesting

metasploit3 @3.0_4 (security)
Tools and information for security research and pentesting

minify @2.24.5 (devel)
Go minifier for web formats.

mjpegtools @2.1.0_1 (multimedia)
Set of tools to record/playback/edit videos in MPEG format

mmencode @2.7 (textproc)
Translate to and from mail-oriented encoding formats

mod_pkcs12 @0.2.1_1 (www, security)
Redwax apache module to issue signed certificates in PKCS12 format

mp3_check @1.98_1 (audio)
mp3 format validator

mp3info @0.8.5a_1 (audio)
MP3 information tool

multimarkdown @6.7.0 (textproc)
turn minimally marked-up plain text into well formatted documents

nali @0.7.3 (net)
An offline tool for querying IP geographic information

nbtscan @1.7.2 (security)
Scan networks for NetBIOS name information

ncmc @0.2.11 (multimedia, sysutils)
Netease ncm format decryption utility

ncmdump @0.8.0 (multimedia, sysutils)
Netease ncm format decryption utility

neofetch @7.1.0 (sysutils)
A CLI system information tool

network-weathermap @0.97c (net)
Weathermap is a network visualisation tool, to take graphs you already have and display an overview of your network as a map. It supports RRD, MRTG (RRD and old log-format), and tab-delimited text files. Other sources are via plugins or external scripts.

nifticlib @2.0.0_1 (graphics, science)
niftilib is a collection of i/o routines for the nifti1 neuroimage data format

nmap-formatter @3.1.0 (sysutils, net)
A tool that allows you to convert NMAP results to html, csv, json, markdown, graphviz (dot) or sqlite. Simply put it's nmap converter.

ocaml-easy-format @1.3.4 (ocaml, devel)
High-level functional interface to the OCaml Format module

ocaml-fmt @0.9.0 (ocaml, devel)
Fmt exposes combinators to devise format pretty-printing functions

ocaml-ocamlformat @0.27.0 (ocaml, devel)
Auto-formatter for OCaml code

ocaml-ocamlformat-lib @0.27.0 (ocaml, devel)
Auto-formatter for OCaml code

ocaml-ppx_custom_printf @0.16.0_1 (ocaml)
Extensions to printf-style format-strings for user-defined string conversion

octave-bioinfo @0.2.2 (octave, math, science)
Bioinformatics manipulation.

octave-doctest @0.8.1 (octave, math, science)
The Doctest package finds specially-formatted blocks of example code within documentation files.

octave-fpl @1.3.5_5 (octave, math, science)
Collection of routines to export data produced by Finite Elements or Finite Volume Simulations in formats used by some visualization programs.

octave-image @2.18.1 (octave, math, science)
The Octave-forge Image package provides functions for processing images. The package also provides functions for feature extraction, image statistics, spatial and geometric transformations, morphological operations, linear filtering, and much more.

octave-io @2.7.0_4 (octave, math, science)
Input/Output in external formats.

octave-octproj @3.1.0 (octave, math, science)
This package allows to call functions of PROJ.4 library for cartographic projections transformations.

octave-tar @1.0.1_1 (octave, math, science)
The octave_tar package provides functions to pack and unpack fot the tar format.

octave-video @2.1.3 (octave, math, science)
A wrapper for ffmpeg's libavformat and libavcodec, implementing addframe, avifile, aviinfo, and aviread

octave-zstd @1.1.0_1 (octave, math, science)
The octave_zstd package provides functions to compress and decompress for the ZSTD format.

octosql @0.13.0 (databases, textproc)
OctoSQL is a query tool that allows you to join, analyse and transform data from multiple databases and file formats using SQL.

omnicompiler @1.3.1 (lang, devel, parallel)
code transformation compilers for C, Fortran and OpenACC

openscop @0.9.7 (devel, math)
OpenScop is an open specification defining a file format and a set of data structures to represent a static control part (SCoP for short).

p5-apache-logformat-compiler @0.360.0 (perl)
Compile a log format string to perl-code

p5-appconfig @1.710.0 (perl)
Module for manage application configuration information

p5-bio-variation @1.7.5 (perl)
Bio::Variation name space contains modules to store sequence variation information as differences between the reference sequence and changes sequences

p5-class-inspector @1.360.0 (perl)
Get information about a class and its structure

p5-config-any @0.330.0 (perl)
Load configuration from different file formats, transparently

p5-config-identity @0.1.900 (perl)
Config::Identity - Load (and optionally decrypt via GnuPG) user/pass identity information

p5-config-ini @0.29.0 (perl)
Config::INI - simple .ini-file format

p5-datetime-format-builder @0.830.0 (perl)
Create DateTime parser classes and objects

p5-datetime-format-dateparse @0.50.0_2 (perl)
Parses Date::Parse compatible formats

p5-datetime-format-flexible @0.370.0 (perl)
DateTime::Format::Flexible - Flexibly parse strings and turn them into DateTime objects.

p5-datetime-format-iso8601 @0.170.0 (perl)
Parses ISO8601 formats

p5-datetime-format-mail @0.403.0 (perl)
Convert between DateTime and RFC2822/822 formats

p5-datetime-format-mysql @0.80.0 (perl)
Parse and format MySQL dates and times

p5-datetime-format-natural @1.240.0 (perl)
DateTime::Format::Natural - Parse informal natural language date/time strings

p5-datetime-format-pg @0.160.140 (perl)
Parse and format PostgreSQL dates and times

p5-datetime-format-sqlite @0.110.0_4 (perl)
Parse and format SQLite dates and times

p5-datetime-format-strptime @1.800.0 (perl)
DateTime::Format::Strptime - Parse and format strp and strf time patterns

p5-datetime-format-w3cdtf @0.80.0 (perl)
Parse and format W3CDTF datetime strings

p5-dist-zilla-plugin-githubmeta @0.580.0 (perl)
Dist::Zilla::Plugin::GithubMeta - Automatically include GitHub meta information in META.yml

p5-dist-zilla-plugin-readmeanyfrompod @0.163.250 (perl)
Dist::Zilla::Plugin::ReadmeAnyFromPod - Automatically convert POD to a README in any format for Dist::Zilla

p5-email-address-xs @1.50.0 (perl)
Email::Address::XS - Parse and format RFC 2822 email addresses and groups

p5-email-date @1.104.0 (perl)
Email::Date - Find and Format Date Headers

p5-email-date-format @1.8.0 (perl)
generates RFC 2822-compliant datetime strings

p5-email-simple @2.218.0 (perl)
simple parsing of RFC2822 message format and headers

p5-file-comments @0.80.0_3 (perl)
Recognizes file formats and extracts format-specific comments

p5-filesys-df @0.920.0_1 (perl)
Filesys::Df - Perl extension for filesystem disk space information.

p5-filesys-dfportable @0.850.0 (perl)
Perl extension for filesystem disk space information.

p5-geo-ip @1.510.0 (perl)
Look up location and network information by IP Address

p5-html-formatter @2.160.0 (perl)
Perl modules that format HTML as plaintext, PostScript or RTF.

p5-html-formattext-withlinks @0.150.0 (perl)
HTML::FormatText::WithLinks - HTML to text conversion with links as footnotes

p5-html-tableextract @2.150.0 (perl)
Perl Module that extracts information from tables.

p5-http-date @6.60.0 (perl)
HTTP::Date - date conversion for HTTP date formats

p5-image-exiftool @13.490.0 (perl)
Image::Exiftool - a set of Perl modules to read and write meta information in a wide variety of image, audio, video and document files.

p5-image-info @1.450.0 (perl, graphics)
Image::Info - Extract meta information from image files

p5-image-size @3.300.0 (perl, graphics)
Extract size information from image files

p5-io-compress @2.217.0 (perl)
IO::Compress - read/write compressed data in multiple formats

p5-io-interface @1.90.0 (perl)
Perl extension for access to network card configuration information

p5-locale-maketext-lexicon @1.0.0 (perl)
Use other catalog formats in Maketext.

p5-mac-applesingledouble @1.0.0_4 (perl)
Read Mac files in AppleSingle or AppleDouble format

p5-mime-charset @1.013.1 (perl)
Charset Information for MIME

p5-module-load-conditional @0.740.0 (perl)
Looking up module information / loading at runtime

p5-module-metadata @1.0.38 (perl)
Gather package and POD information from perl module files

p5-module-runtime-conflicts @0.3.0 (perl)
Module::Runtime::Conflicts - Provide information on conflicts for Module::Runtime

p5-module-util @1.90.0 (perl)
Module::Util - Module name tools and transformations

p5-moosex-storage-format-jsonpm @0.93.94 (perl)
MooseX::Storage::Format::JSONpm - a format role for MooseX::Storage using JSON.pm

p5-mozilla-ca @20250602 (perl)
Mozilla::CA - Mozilla's CA cert bundle in PEM format

p5-net-ipv4addr @0.100.0_3 (perl)
Parse IPv4 addresses in traditional and CIDR formats

p5-number-format @1.760.0 (perl)
Perl extension for formatting numbers

p5-opcodes @0.160.0 (perl)
Opcodes - More Opcodes information from opnames.h and opcode.h

p5-pdl-io-hdf5 @0.762.0 (perl)
PDL::IO::HDF5 - PDL Interface to the HDF5 Data Format.

p5-perlio-gzip @0.200.0 (perl)
PerlIO::gzip provides a PerlIO layer that manipulates files in the format used by the gzip program.

p5-pod-latex @0.610.0 (perl)
Convert Pod data to formatted LaTeX

p5-pod-simple-latex @0.60.0 (perl)
Pod::Simple::LaTeX -- format Pod as LaTeX

p5-pod-spell @1.270.0 (perl)
Pod::Spell - a formatter for spellchecking Pod

p5-probe-perl @0.30.0 (perl)
Information about the currently running perl

p5-sgmlspm @1.100.0_1 (perl)
Convert SGML, HTML, or XML documents into new formats.

p5-spreadsheet-parseexcel @0.660.0 (perl)
Get information from Excel file

p5-string-format @1.180.0 (perl)
String::Format - sprintf-like string formatting capabilities with arbitrary format definitions

p5-string-formatter @1.235.0 (perl)
String::Formatter - build sprintf-like functions of your own

p5-string-tagged-markdown @0.60.0 (perl)
String::Tagged::Markdown - parse and emit text with Markdown inline formatting

p5-string-tagged-terminal @0.80.0 (perl)
String::Tagged::Terminal - format terminal output using String::Tagged

p5-svg-graph @0.40.0 (perl)
Perl extension for Visualize your data in Scalable Vector Graphics (SVG) format

p5-sys-info @0.781.100 (perl)
Fetch information from the host system

p5-term-prompt @1.40.0_3 (perl)
Perl extension for prompting a user for information

p5-term-table @0.28.0 (perl)
Term::Table - Format a header and rows into a table

p5-test2-plugin-memusage @0.2.3 (perl)
Test2::Plugin::MemUsage - Collect and display memory usage information

p5-text-autoformat @1.750.0 (perl)
Automatic text wrapping and reformatting

p5-text-reform @1.200.0_1 (perl)
Manual text wrapping and reformatting

p5-text-table-manifold @1.30.0 (perl)
Text::Table::Manifold - Render tables in manifold formats

p5-text-tabulardisplay @1.380.0_1 (perl)
Display text in formatted table output

p5-text-trac @0.240.0 (perl)
Perl extension for formatting text with Trac Wiki Style.

p5-text-vfile-asdata @0.80.0_1 (perl)
Reads vFile format files, such as vCard (RFC 2426) and vCalendar (RFC 2445)

p5-text-wikiformat @0.810.0_2 (perl)
Module for translating Wiki formatted text into other formats

p5-time-format @1.160.0_1 (perl)
Easy-to-use date/time formatting

p5-timedate @2.330.0 (perl)
Time & date parsing and formatting perl library

p5-types-serialiser @1.10.0 (perl)
Simple data types for common serialisation formats

p5-user @1.900.0 (perl)
User - API for locating user information regardless of OS

p5.28-apache-logformat-compiler @0.360.0 (perl)
Compile a log format string to perl-code

p5.28-appconfig @1.710.0 (perl)
Module for manage application configuration information

p5.28-bio-variation @1.7.5 (perl)
Bio::Variation name space contains modules to store sequence variation information as differences between the reference sequence and changes sequences

p5.28-class-inspector @1.360.0 (perl)
Get information about a class and its structure

p5.28-config-any @0.330.0 (perl)
Load configuration from different file formats, transparently

p5.28-config-identity @0.1.900 (perl)
Config::Identity - Load (and optionally decrypt via GnuPG) user/pass identity information

p5.28-config-ini @0.29.0 (perl)
Config::INI - simple .ini-file format

p5.28-datetime-format-builder @0.830.0 (perl)
Create DateTime parser classes and objects

p5.28-datetime-format-dateparse @0.50.0_2 (perl)
Parses Date::Parse compatible formats

p5.28-datetime-format-flexible @0.370.0 (perl)
DateTime::Format::Flexible - Flexibly parse strings and turn them into DateTime objects.

p5.28-datetime-format-iso8601 @0.170.0 (perl)
Parses ISO8601 formats

p5.28-datetime-format-mail @0.403.0 (perl)
Convert between DateTime and RFC2822/822 formats

p5.28-datetime-format-mysql @0.80.0 (perl)
Parse and format MySQL dates and times

p5.28-datetime-format-natural @1.240.0 (perl)
DateTime::Format::Natural - Parse informal natural language date/time strings

p5.28-datetime-format-pg @0.160.140 (perl)
Parse and format PostgreSQL dates and times

p5.28-datetime-format-sqlite @0.110.0_4 (perl)
Parse and format SQLite dates and times

p5.28-datetime-format-strptime @1.800.0 (perl)
DateTime::Format::Strptime - Parse and format strp and strf time patterns

p5.28-datetime-format-w3cdtf @0.80.0 (perl)
Parse and format W3CDTF datetime strings

p5.28-dist-zilla-plugin-githubmeta @0.580.0 (perl)
Dist::Zilla::Plugin::GithubMeta - Automatically include GitHub meta information in META.yml

p5.28-dist-zilla-plugin-readmeanyfrompod @0.163.250 (perl)
Dist::Zilla::Plugin::ReadmeAnyFromPod - Automatically convert POD to a README in any format for Dist::Zilla

p5.28-email-address-xs @1.50.0 (perl)
Email::Address::XS - Parse and format RFC 2822 email addresses and groups

p5.28-email-date @1.104.0 (perl)
Email::Date - Find and Format Date Headers

p5.28-email-date-format @1.8.0 (perl)
generates RFC 2822-compliant datetime strings

p5.28-email-simple @2.218.0 (perl)
simple parsing of RFC2822 message format and headers

p5.28-file-comments @0.80.0_3 (perl)
Recognizes file formats and extracts format-specific comments

p5.28-filesys-df @0.920.0_1 (perl)
Filesys::Df - Perl extension for filesystem disk space information.

p5.28-filesys-dfportable @0.850.0 (perl)
Perl extension for filesystem disk space information.

p5.28-geo-ip @1.510.0 (perl)
Look up location and network information by IP Address

p5.28-html-formatter @2.160.0 (perl)
Perl modules that format HTML as plaintext, PostScript or RTF.

p5.28-html-formattext-withlinks @0.150.0 (perl)
HTML::FormatText::WithLinks - HTML to text conversion with links as footnotes

p5.28-html-tableextract @2.150.0 (perl)
Perl Module that extracts information from tables.

p5.28-http-date @6.60.0 (perl)
HTTP::Date - date conversion for HTTP date formats

p5.28-image-exiftool @13.490.0 (perl)
Image::Exiftool - a set of Perl modules to read and write meta information in a wide variety of image, audio, video and document files.

p5.28-image-info @1.450.0 (perl, graphics)
Image::Info - Extract meta information from image files

p5.28-image-size @3.300.0 (perl, graphics)
Extract size information from image files

p5.28-io-compress @2.217.0 (perl)
IO::Compress - read/write compressed data in multiple formats

p5.28-io-interface @1.90.0 (perl)
Perl extension for access to network card configuration information

p5.28-locale-maketext-lexicon @1.0.0 (perl)
Use other catalog formats in Maketext.

p5.28-mac-applesingledouble @1.0.0_4 (perl)
Read Mac files in AppleSingle or AppleDouble format

p5.28-mime-charset @1.013.1 (perl)
Charset Information for MIME

p5.28-module-load-conditional @0.740.0 (perl)
Looking up module information / loading at runtime

p5.28-module-metadata @1.0.38 (perl)
Gather package and POD information from perl module files

p5.28-module-runtime-conflicts @0.3.0 (perl)
Module::Runtime::Conflicts - Provide information on conflicts for Module::Runtime

p5.28-module-util @1.90.0 (perl)
Module::Util - Module name tools and transformations

p5.28-moosex-storage-format-jsonpm @0.93.94 (perl)
MooseX::Storage::Format::JSONpm - a format role for MooseX::Storage using JSON.pm

p5.28-mozilla-ca @20250602 (perl)
Mozilla::CA - Mozilla's CA cert bundle in PEM format

p5.28-net-ipv4addr @0.100.0_3 (perl)
Parse IPv4 addresses in traditional and CIDR formats

p5.28-number-format @1.760.0 (perl)
Perl extension for formatting numbers

p5.28-opcodes @0.160.0 (perl)
Opcodes - More Opcodes information from opnames.h and opcode.h

p5.28-pdl-io-hdf5 @0.762.0 (perl)
PDL::IO::HDF5 - PDL Interface to the HDF5 Data Format.

p5.28-perlio-gzip @0.200.0 (perl)
PerlIO::gzip provides a PerlIO layer that manipulates files in the format used by the gzip program.

p5.28-pod-latex @0.610.0 (perl)
Convert Pod data to formatted LaTeX

p5.28-pod-simple-latex @0.60.0 (perl)
Pod::Simple::LaTeX -- format Pod as LaTeX

p5.28-pod-spell @1.270.0 (perl)
Pod::Spell - a formatter for spellchecking Pod

p5.28-probe-perl @0.30.0 (perl)
Information about the currently running perl

p5.28-sgmlspm @1.100.0_1 (perl)
Convert SGML, HTML, or XML documents into new formats.

p5.28-spreadsheet-parseexcel @0.660.0 (perl)
Get information from Excel file

p5.28-string-format @1.180.0 (perl)
String::Format - sprintf-like string formatting capabilities with arbitrary format definitions

p5.28-string-formatter @1.235.0 (perl)
String::Formatter - build sprintf-like functions of your own

p5.28-string-tagged-markdown @0.60.0 (perl)
String::Tagged::Markdown - parse and emit text with Markdown inline formatting

p5.28-string-tagged-terminal @0.80.0 (perl)
String::Tagged::Terminal - format terminal output using String::Tagged

p5.28-svg-graph @0.40.0 (perl)
Perl extension for Visualize your data in Scalable Vector Graphics (SVG) format

p5.28-sys-info @0.781.100 (perl)
Fetch information from the host system

p5.28-term-prompt @1.40.0_3 (perl)
Perl extension for prompting a user for information

p5.28-term-table @0.28.0 (perl)
Term::Table - Format a header and rows into a table

p5.28-test2-plugin-memusage @0.2.3 (perl)
Test2::Plugin::MemUsage - Collect and display memory usage information

p5.28-text-autoformat @1.750.0 (perl)
Automatic text wrapping and reformatting

p5.28-text-reform @1.200.0_1 (perl)
Manual text wrapping and reformatting

p5.28-text-table-manifold @1.30.0 (perl)
Text::Table::Manifold - Render tables in manifold formats

p5.28-text-tabulardisplay @1.380.0_1 (perl)
Display text in formatted table output

p5.28-text-trac @0.240.0 (perl)
Perl extension for formatting text with Trac Wiki Style.

p5.28-text-vfile-asdata @0.80.0_1 (perl)
Reads vFile format files, such as vCard (RFC 2426) and vCalendar (RFC 2445)

p5.28-text-wikiformat @0.810.0_2 (perl)
Module for translating Wiki formatted text into other formats

p5.28-time-format @1.160.0_1 (perl)
Easy-to-use date/time formatting

p5.28-timedate @2.330.0 (perl)
Time & date parsing and formatting perl library

p5.28-types-serialiser @1.10.0 (perl)
Simple data types for common serialisation formats

p5.28-user @1.900.0 (perl)
User - API for locating user information regardless of OS

p5.30-apache-logformat-compiler @0.360.0 (perl)
Compile a log format string to perl-code

p5.30-appconfig @1.710.0 (perl)
Module for manage application configuration information

p5.30-bio-variation @1.7.5 (perl)
Bio::Variation name space contains modules to store sequence variation information as differences between the reference sequence and changes sequences

p5.30-class-inspector @1.360.0 (perl)
Get information about a class and its structure

p5.30-config-any @0.330.0 (perl)
Load configuration from different file formats, transparently

p5.30-config-identity @0.1.900 (perl)
Config::Identity - Load (and optionally decrypt via GnuPG) user/pass identity information

p5.30-config-ini @0.29.0 (perl)
Config::INI - simple .ini-file format

p5.30-datetime-format-builder @0.830.0 (perl)
Create DateTime parser classes and objects

p5.30-datetime-format-dateparse @0.50.0_2 (perl)
Parses Date::Parse compatible formats

p5.30-datetime-format-flexible @0.370.0 (perl)
DateTime::Format::Flexible - Flexibly parse strings and turn them into DateTime objects.

p5.30-datetime-format-iso8601 @0.170.0 (perl)
Parses ISO8601 formats

p5.30-datetime-format-mail @0.403.0 (perl)
Convert between DateTime and RFC2822/822 formats

p5.30-datetime-format-mysql @0.80.0 (perl)
Parse and format MySQL dates and times

p5.30-datetime-format-natural @1.240.0 (perl)
DateTime::Format::Natural - Parse informal natural language date/time strings

p5.30-datetime-format-pg @0.160.140 (perl)
Parse and format PostgreSQL dates and times

p5.30-datetime-format-sqlite @0.110.0_4 (perl)
Parse and format SQLite dates and times

p5.30-datetime-format-strptime @1.800.0 (perl)
DateTime::Format::Strptime - Parse and format strp and strf time patterns

p5.30-datetime-format-w3cdtf @0.80.0 (perl)
Parse and format W3CDTF datetime strings

p5.30-dist-zilla-plugin-githubmeta @0.580.0 (perl)
Dist::Zilla::Plugin::GithubMeta - Automatically include GitHub meta information in META.yml

p5.30-dist-zilla-plugin-readmeanyfrompod @0.163.250 (perl)
Dist::Zilla::Plugin::ReadmeAnyFromPod - Automatically convert POD to a README in any format for Dist::Zilla

p5.30-email-address-xs @1.50.0 (perl)
Email::Address::XS - Parse and format RFC 2822 email addresses and groups

p5.30-email-date @1.104.0 (perl)
Email::Date - Find and Format Date Headers

p5.30-email-date-format @1.8.0 (perl)
generates RFC 2822-compliant datetime strings

p5.30-email-simple @2.218.0 (perl)
simple parsing of RFC2822 message format and headers

p5.30-file-comments @0.80.0_3 (perl)
Recognizes file formats and extracts format-specific comments

p5.30-filesys-df @0.920.0_1 (perl)
Filesys::Df - Perl extension for filesystem disk space information.

p5.30-filesys-dfportable @0.850.0 (perl)
Perl extension for filesystem disk space information.

p5.30-geo-ip @1.510.0 (perl)
Look up location and network information by IP Address

p5.30-html-formatter @2.160.0 (perl)
Perl modules that format HTML as plaintext, PostScript or RTF.

p5.30-html-formattext-withlinks @0.150.0 (perl)
HTML::FormatText::WithLinks - HTML to text conversion with links as footnotes

p5.30-html-tableextract @2.150.0 (perl)
Perl Module that extracts information from tables.

p5.30-http-date @6.60.0 (perl)
HTTP::Date - date conversion for HTTP date formats

p5.30-image-exiftool @13.490.0 (perl)
Image::Exiftool - a set of Perl modules to read and write meta information in a wide variety of image, audio, video and document files.

p5.30-image-info @1.450.0 (perl, graphics)
Image::Info - Extract meta information from image files

p5.30-image-size @3.300.0 (perl, graphics)
Extract size information from image files

p5.30-io-compress @2.217.0 (perl)
IO::Compress - read/write compressed data in multiple formats

p5.30-io-interface @1.90.0 (perl)
Perl extension for access to network card configuration information

p5.30-locale-maketext-lexicon @1.0.0 (perl)
Use other catalog formats in Maketext.

p5.30-mac-applesingledouble @1.0.0_4 (perl)
Read Mac files in AppleSingle or AppleDouble format

p5.30-mime-charset @1.013.1 (perl)
Charset Information for MIME

p5.30-module-load-conditional @0.740.0 (perl)
Looking up module information / loading at runtime

p5.30-module-metadata @1.0.38 (perl)
Gather package and POD information from perl module files

p5.30-module-runtime-conflicts @0.3.0 (perl)
Module::Runtime::Conflicts - Provide information on conflicts for Module::Runtime

p5.30-module-util @1.90.0 (perl)
Module::Util - Module name tools and transformations

p5.30-moosex-storage-format-jsonpm @0.93.94 (perl)
MooseX::Storage::Format::JSONpm - a format role for MooseX::Storage using JSON.pm

p5.30-mozilla-ca @20250602 (perl)
Mozilla::CA - Mozilla's CA cert bundle in PEM format

p5.30-net-ipv4addr @0.100.0_3 (perl)
Parse IPv4 addresses in traditional and CIDR formats

p5.30-number-format @1.760.0 (perl)
Perl extension for formatting numbers

p5.30-opcodes @0.160.0 (perl)
Opcodes - More Opcodes information from opnames.h and opcode.h

p5.30-pdl-io-hdf5 @0.762.0 (perl)
PDL::IO::HDF5 - PDL Interface to the HDF5 Data Format.

p5.30-perlio-gzip @0.200.0 (perl)
PerlIO::gzip provides a PerlIO layer that manipulates files in the format used by the gzip program.

p5.30-pod-latex @0.610.0 (perl)
Convert Pod data to formatted LaTeX

p5.30-pod-simple-latex @0.60.0 (perl)
Pod::Simple::LaTeX -- format Pod as LaTeX

p5.30-pod-spell @1.270.0 (perl)
Pod::Spell - a formatter for spellchecking Pod

p5.30-probe-perl @0.30.0 (perl)
Information about the currently running perl

p5.30-sgmlspm @1.100.0_1 (perl)
Convert SGML, HTML, or XML documents into new formats.

p5.30-spreadsheet-parseexcel @0.660.0 (perl)
Get information from Excel file

p5.30-string-format @1.180.0 (perl)
String::Format - sprintf-like string formatting capabilities with arbitrary format definitions

p5.30-string-formatter @1.235.0 (perl)
String::Formatter - build sprintf-like functions of your own

p5.30-string-tagged-markdown @0.60.0 (perl)
String::Tagged::Markdown - parse and emit text with Markdown inline formatting

p5.30-string-tagged-terminal @0.80.0 (perl)
String::Tagged::Terminal - format terminal output using String::Tagged

p5.30-svg-graph @0.40.0 (perl)
Perl extension for Visualize your data in Scalable Vector Graphics (SVG) format

p5.30-sys-info @0.781.100 (perl)
Fetch information from the host system

p5.30-term-prompt @1.40.0_3 (perl)
Perl extension for prompting a user for information

p5.30-term-table @0.28.0 (perl)
Term::Table - Format a header and rows into a table

p5.30-test2-plugin-memusage @0.2.3 (perl)
Test2::Plugin::MemUsage - Collect and display memory usage information

p5.30-text-autoformat @1.750.0 (perl)
Automatic text wrapping and reformatting

p5.30-text-reform @1.200.0_1 (perl)
Manual text wrapping and reformatting

p5.30-text-table-manifold @1.30.0 (perl)
Text::Table::Manifold - Render tables in manifold formats

p5.30-text-tabulardisplay @1.380.0_1 (perl)
Display text in formatted table output

p5.30-text-trac @0.240.0 (perl)
Perl extension for formatting text with Trac Wiki Style.

p5.30-text-vfile-asdata @0.80.0_1 (perl)
Reads vFile format files, such as vCard (RFC 2426) and vCalendar (RFC 2445)

p5.30-text-wikiformat @0.810.0_2 (perl)
Module for translating Wiki formatted text into other formats

p5.30-time-format @1.160.0_1 (perl)
Easy-to-use date/time formatting

p5.30-timedate @2.330.0 (perl)
Time & date parsing and formatting perl library

p5.30-types-serialiser @1.10.0 (perl)
Simple data types for common serialisation formats

p5.30-user @1.900.0 (perl)
User - API for locating user information regardless of OS

p5.32-apache-logformat-compiler @0.360.0 (perl)
Compile a log format string to perl-code

p5.32-appconfig @1.710.0 (perl)
Module for manage application configuration information

p5.32-bio-variation @1.7.5 (perl)
Bio::Variation name space contains modules to store sequence variation information as differences between the reference sequence and changes sequences

p5.32-class-inspector @1.360.0 (perl)
Get information about a class and its structure

p5.32-config-any @0.330.0 (perl)
Load configuration from different file formats, transparently

p5.32-config-identity @0.1.900 (perl)
Config::Identity - Load (and optionally decrypt via GnuPG) user/pass identity information

p5.32-config-ini @0.29.0 (perl)
Config::INI - simple .ini-file format

p5.32-datetime-format-builder @0.830.0 (perl)
Create DateTime parser classes and objects

p5.32-datetime-format-dateparse @0.50.0_2 (perl)
Parses Date::Parse compatible formats

p5.32-datetime-format-flexible @0.370.0 (perl)
DateTime::Format::Flexible - Flexibly parse strings and turn them into DateTime objects.

p5.32-datetime-format-iso8601 @0.170.0 (perl)
Parses ISO8601 formats

p5.32-datetime-format-mail @0.403.0 (perl)
Convert between DateTime and RFC2822/822 formats

p5.32-datetime-format-mysql @0.80.0 (perl)
Parse and format MySQL dates and times

p5.32-datetime-format-natural @1.240.0 (perl)
DateTime::Format::Natural - Parse informal natural language date/time strings

p5.32-datetime-format-pg @0.160.140 (perl)
Parse and format PostgreSQL dates and times

p5.32-datetime-format-sqlite @0.110.0_4 (perl)
Parse and format SQLite dates and times

p5.32-datetime-format-strptime @1.800.0 (perl)
DateTime::Format::Strptime - Parse and format strp and strf time patterns

p5.32-datetime-format-w3cdtf @0.80.0 (perl)
Parse and format W3CDTF datetime strings

p5.32-dist-zilla-plugin-githubmeta @0.580.0 (perl)
Dist::Zilla::Plugin::GithubMeta - Automatically include GitHub meta information in META.yml

p5.32-dist-zilla-plugin-readmeanyfrompod @0.163.250 (perl)
Dist::Zilla::Plugin::ReadmeAnyFromPod - Automatically convert POD to a README in any format for Dist::Zilla

p5.32-email-address-xs @1.50.0 (perl)
Email::Address::XS - Parse and format RFC 2822 email addresses and groups

p5.32-email-date @1.104.0 (perl)
Email::Date - Find and Format Date Headers

p5.32-email-date-format @1.8.0 (perl)
generates RFC 2822-compliant datetime strings

p5.32-email-simple @2.218.0 (perl)
simple parsing of RFC2822 message format and headers

p5.32-file-comments @0.80.0_3 (perl)
Recognizes file formats and extracts format-specific comments

p5.32-filesys-df @0.920.0_1 (perl)
Filesys::Df - Perl extension for filesystem disk space information.

p5.32-filesys-dfportable @0.850.0 (perl)
Perl extension for filesystem disk space information.

p5.32-geo-ip @1.510.0 (perl)
Look up location and network information by IP Address

p5.32-html-formatter @2.160.0 (perl)
Perl modules that format HTML as plaintext, PostScript or RTF.

p5.32-html-formattext-withlinks @0.150.0 (perl)
HTML::FormatText::WithLinks - HTML to text conversion with links as footnotes

p5.32-html-tableextract @2.150.0 (perl)
Perl Module that extracts information from tables.

p5.32-http-date @6.60.0 (perl)
HTTP::Date - date conversion for HTTP date formats

p5.32-image-exiftool @13.490.0 (perl)
Image::Exiftool - a set of Perl modules to read and write meta information in a wide variety of image, audio, video and document files.

p5.32-image-info @1.450.0 (perl, graphics)
Image::Info - Extract meta information from image files

p5.32-image-size @3.300.0 (perl, graphics)
Extract size information from image files

p5.32-io-compress @2.217.0 (perl)
IO::Compress - read/write compressed data in multiple formats

p5.32-io-interface @1.90.0 (perl)
Perl extension for access to network card configuration information

p5.32-locale-maketext-lexicon @1.0.0 (perl)
Use other catalog formats in Maketext.

p5.32-mac-applesingledouble @1.0.0_4 (perl)
Read Mac files in AppleSingle or AppleDouble format

p5.32-mime-charset @1.013.1 (perl)
Charset Information for MIME

p5.32-module-load-conditional @0.740.0 (perl)
Looking up module information / loading at runtime

p5.32-module-metadata @1.0.38 (perl)
Gather package and POD information from perl module files

p5.32-module-runtime-conflicts @0.3.0 (perl)
Module::Runtime::Conflicts - Provide information on conflicts for Module::Runtime

p5.32-module-util @1.90.0 (perl)
Module::Util - Module name tools and transformations

p5.32-moosex-storage-format-jsonpm @0.93.94 (perl)
MooseX::Storage::Format::JSONpm - a format role for MooseX::Storage using JSON.pm

p5.32-mozilla-ca @20250602 (perl)
Mozilla::CA - Mozilla's CA cert bundle in PEM format

p5.32-net-ipv4addr @0.100.0_3 (perl)
Parse IPv4 addresses in traditional and CIDR formats

p5.32-number-format @1.760.0 (perl)
Perl extension for formatting numbers

p5.32-opcodes @0.160.0 (perl)
Opcodes - More Opcodes information from opnames.h and opcode.h

p5.32-pdl-io-hdf5 @0.762.0 (perl)
PDL::IO::HDF5 - PDL Interface to the HDF5 Data Format.

p5.32-perlio-gzip @0.200.0 (perl)
PerlIO::gzip provides a PerlIO layer that manipulates files in the format used by the gzip program.

p5.32-pod-latex @0.610.0 (perl)
Convert Pod data to formatted LaTeX

p5.32-pod-simple-latex @0.60.0 (perl)
Pod::Simple::LaTeX -- format Pod as LaTeX

p5.32-pod-spell @1.270.0 (perl)
Pod::Spell - a formatter for spellchecking Pod

p5.32-probe-perl @0.30.0 (perl)
Information about the currently running perl

p5.32-sgmlspm @1.100.0_1 (perl)
Convert SGML, HTML, or XML documents into new formats.

p5.32-spreadsheet-parseexcel @0.660.0 (perl)
Get information from Excel file

p5.32-string-format @1.180.0 (perl)
String::Format - sprintf-like string formatting capabilities with arbitrary format definitions

p5.32-string-formatter @1.235.0 (perl)
String::Formatter - build sprintf-like functions of your own

p5.32-string-tagged-markdown @0.60.0 (perl)
String::Tagged::Markdown - parse and emit text with Markdown inline formatting

p5.32-string-tagged-terminal @0.80.0 (perl)
String::Tagged::Terminal - format terminal output using String::Tagged

p5.32-svg-graph @0.40.0 (perl)
Perl extension for Visualize your data in Scalable Vector Graphics (SVG) format

p5.32-sys-info @0.781.100 (perl)
Fetch information from the host system

p5.32-term-prompt @1.40.0_3 (perl)
Perl extension for prompting a user for information

p5.32-term-table @0.28.0 (perl)
Term::Table - Format a header and rows into a table

p5.32-test2-plugin-memusage @0.2.3 (perl)
Test2::Plugin::MemUsage - Collect and display memory usage information

p5.32-text-autoformat @1.750.0 (perl)
Automatic text wrapping and reformatting

p5.32-text-reform @1.200.0_1 (perl)
Manual text wrapping and reformatting

p5.32-text-table-manifold @1.30.0 (perl)
Text::Table::Manifold - Render tables in manifold formats

p5.32-text-tabulardisplay @1.380.0_1 (perl)
Display text in formatted table output

p5.32-text-trac @0.240.0 (perl)
Perl extension for formatting text with Trac Wiki Style.

p5.32-text-vfile-asdata @0.80.0_1 (perl)
Reads vFile format files, such as vCard (RFC 2426) and vCalendar (RFC 2445)

p5.32-text-wikiformat @0.810.0_2 (perl)
Module for translating Wiki formatted text into other formats

p5.32-time-format @1.160.0_1 (perl)
Easy-to-use date/time formatting

p5.32-timedate @2.330.0 (perl)
Time & date parsing and formatting perl library

p5.32-types-serialiser @1.10.0 (perl)
Simple data types for common serialisation formats

p5.32-user @1.900.0 (perl)
User - API for locating user information regardless of OS

p5.34-apache-logformat-compiler @0.360.0 (perl)
Compile a log format string to perl-code

p5.34-appconfig @1.710.0 (perl)
Module for manage application configuration information

p5.34-bio-variation @1.7.5 (perl)
Bio::Variation name space contains modules to store sequence variation information as differences between the reference sequence and changes sequences

p5.34-class-inspector @1.360.0 (perl)
Get information about a class and its structure

p5.34-config-any @0.330.0 (perl)
Load configuration from different file formats, transparently

p5.34-config-identity @0.1.900 (perl)
Config::Identity - Load (and optionally decrypt via GnuPG) user/pass identity information

p5.34-config-ini @0.29.0 (perl)
Config::INI - simple .ini-file format

p5.34-datetime-format-builder @0.830.0 (perl)
Create DateTime parser classes and objects

p5.34-datetime-format-dateparse @0.50.0_2 (perl)
Parses Date::Parse compatible formats

p5.34-datetime-format-flexible @0.370.0 (perl)
DateTime::Format::Flexible - Flexibly parse strings and turn them into DateTime objects.

p5.34-datetime-format-iso8601 @0.170.0 (perl)
Parses ISO8601 formats

p5.34-datetime-format-mail @0.403.0 (perl)
Convert between DateTime and RFC2822/822 formats

p5.34-datetime-format-mysql @0.80.0 (perl)
Parse and format MySQL dates and times

p5.34-datetime-format-natural @1.240.0 (perl)
DateTime::Format::Natural - Parse informal natural language date/time strings

p5.34-datetime-format-pg @0.160.140 (perl)
Parse and format PostgreSQL dates and times

p5.34-datetime-format-sqlite @0.110.0_4 (perl)
Parse and format SQLite dates and times

p5.34-datetime-format-strptime @1.800.0 (perl)
DateTime::Format::Strptime - Parse and format strp and strf time patterns

p5.34-datetime-format-w3cdtf @0.80.0 (perl)
Parse and format W3CDTF datetime strings

p5.34-dist-zilla-plugin-githubmeta @0.580.0 (perl)
Dist::Zilla::Plugin::GithubMeta - Automatically include GitHub meta information in META.yml

p5.34-dist-zilla-plugin-readmeanyfrompod @0.163.250 (perl)
Dist::Zilla::Plugin::ReadmeAnyFromPod - Automatically convert POD to a README in any format for Dist::Zilla

p5.34-email-address-xs @1.50.0 (perl)
Email::Address::XS - Parse and format RFC 2822 email addresses and groups

p5.34-email-date @1.104.0 (perl)
Email::Date - Find and Format Date Headers

p5.34-email-date-format @1.8.0 (perl)
generates RFC 2822-compliant datetime strings

p5.34-email-simple @2.218.0 (perl)
simple parsing of RFC2822 message format and headers

p5.34-file-comments @0.80.0_3 (perl)
Recognizes file formats and extracts format-specific comments

p5.34-filesys-df @0.920.0_1 (perl)
Filesys::Df - Perl extension for filesystem disk space information.

p5.34-filesys-dfportable @0.850.0 (perl)
Perl extension for filesystem disk space information.

p5.34-geo-ip @1.510.0 (perl)
Look up location and network information by IP Address

p5.34-html-formatter @2.160.0 (perl)
Perl modules that format HTML as plaintext, PostScript or RTF.

p5.34-html-formattext-withlinks @0.150.0 (perl)
HTML::FormatText::WithLinks - HTML to text conversion with links as footnotes

p5.34-html-tableextract @2.150.0 (perl)
Perl Module that extracts information from tables.

p5.34-http-date @6.60.0 (perl)
HTTP::Date - date conversion for HTTP date formats

p5.34-image-exiftool @13.490.0 (perl)
Image::Exiftool - a set of Perl modules to read and write meta information in a wide variety of image, audio, video and document files.

p5.34-image-info @1.450.0 (perl, graphics)
Image::Info - Extract meta information from image files

p5.34-image-size @3.300.0 (perl, graphics)
Extract size information from image files

p5.34-io-compress @2.217.0 (perl)
IO::Compress - read/write compressed data in multiple formats

p5.34-io-interface @1.90.0 (perl)
Perl extension for access to network card configuration information

p5.34-locale-maketext-lexicon @1.0.0 (perl)
Use other catalog formats in Maketext.

p5.34-mac-applesingledouble @1.0.0_4 (perl)
Read Mac files in AppleSingle or AppleDouble format

p5.34-mime-charset @1.013.1 (perl)
Charset Information for MIME

p5.34-module-load-conditional @0.740.0 (perl)
Looking up module information / loading at runtime

p5.34-module-metadata @1.0.38 (perl)
Gather package and POD information from perl module files

p5.34-module-runtime-conflicts @0.3.0 (perl)
Module::Runtime::Conflicts - Provide information on conflicts for Module::Runtime

p5.34-module-util @1.90.0 (perl)
Module::Util - Module name tools and transformations

p5.34-moosex-storage-format-jsonpm @0.93.94 (perl)
MooseX::Storage::Format::JSONpm - a format role for MooseX::Storage using JSON.pm

p5.34-mozilla-ca @20250602 (perl)
Mozilla::CA - Mozilla's CA cert bundle in PEM format

p5.34-net-ipv4addr @0.100.0_3 (perl)
Parse IPv4 addresses in traditional and CIDR formats

p5.34-number-format @1.760.0 (perl)
Perl extension for formatting numbers

p5.34-opcodes @0.160.0 (perl)
Opcodes - More Opcodes information from opnames.h and opcode.h

p5.34-pdl-io-hdf5 @0.762.0 (perl)
PDL::IO::HDF5 - PDL Interface to the HDF5 Data Format.

p5.34-perlio-gzip @0.200.0 (perl)
PerlIO::gzip provides a PerlIO layer that manipulates files in the format used by the gzip program.

p5.34-pod-latex @0.610.0 (perl)
Convert Pod data to formatted LaTeX

p5.34-pod-simple-latex @0.60.0 (perl)
Pod::Simple::LaTeX -- format Pod as LaTeX

p5.34-pod-spell @1.270.0 (perl)
Pod::Spell - a formatter for spellchecking Pod

p5.34-probe-perl @0.30.0 (perl)
Information about the currently running perl

p5.34-sgmlspm @1.100.0_1 (perl)
Convert SGML, HTML, or XML documents into new formats.

p5.34-spreadsheet-parseexcel @0.660.0 (perl)
Get information from Excel file

p5.34-string-format @1.180.0 (perl)
String::Format - sprintf-like string formatting capabilities with arbitrary format definitions

p5.34-string-formatter @1.235.0 (perl)
String::Formatter - build sprintf-like functions of your own

p5.34-string-tagged-markdown @0.60.0 (perl)
String::Tagged::Markdown - parse and emit text with Markdown inline formatting

p5.34-string-tagged-terminal @0.80.0 (perl)
String::Tagged::Terminal - format terminal output using String::Tagged

p5.34-svg-graph @0.40.0 (perl)
Perl extension for Visualize your data in Scalable Vector Graphics (SVG) format

p5.34-sys-info @0.781.100 (perl)
Fetch information from the host system

p5.34-term-prompt @1.40.0_3 (perl)
Perl extension for prompting a user for information

p5.34-term-table @0.28.0 (perl)
Term::Table - Format a header and rows into a table

p5.34-test2-plugin-memusage @0.2.3 (perl)
Test2::Plugin::MemUsage - Collect and display memory usage information

p5.34-text-autoformat @1.750.0 (perl)
Automatic text wrapping and reformatting

p5.34-text-reform @1.200.0_1 (perl)
Manual text wrapping and reformatting

p5.34-text-table-manifold @1.30.0 (perl)
Text::Table::Manifold - Render tables in manifold formats

p5.34-text-tabulardisplay @1.380.0_1 (perl)
Display text in formatted table output

p5.34-text-trac @0.240.0 (perl)
Perl extension for formatting text with Trac Wiki Style.

p5.34-text-vfile-asdata @0.80.0_1 (perl)
Reads vFile format files, such as vCard (RFC 2426) and vCalendar (RFC 2445)

p5.34-text-wikiformat @0.810.0_2 (perl)
Module for translating Wiki formatted text into other formats

p5.34-time-format @1.160.0_1 (perl)
Easy-to-use date/time formatting

p5.34-timedate @2.330.0 (perl)
Time & date parsing and formatting perl library

p5.34-types-serialiser @1.10.0 (perl)
Simple data types for common serialisation formats

p5.34-user @1.900.0 (perl)
User - API for locating user information regardless of OS

pandoc @3.8 (textproc, haskell)
Conversion between markup formats

partio @1.14.6 (graphics)
C++ library for manipulating a variety of particle formats

pdfpc @4.7.0 (graphics)
pdfpc is a GTK based presentation viewer application for GNU/Linux which uses Keynote like multi-monitor output to provide meta information to the speaker during the presentation.

pfetch @1.10.0 (sysutils)
A pretty system information tool written in POSIX sh

pgFormatter @5.6 (databases, devel, textproc)
PostgreSQL SQL syntax beautifier

php-amf @0.9.2_1 (php, devel)
ActionScript Message Format extension

php-code-coverage @1.2.12 (php, devel)
code coverage information for PHP

php52-calendar @5.2.17 (php)
a PHP extension for converting between different calendar formats

php52-xsl @5.2.17_1 (php, textproc)
a PHP interface to libxslt, which implements the XSL standard and lets you perform XSL transformations

php53-amf @0.9.2_1 (php, devel)
ActionScript Message Format extension

php53-calendar @5.3.29 (php)
a PHP extension for converting between different calendar formats

php53-code-coverage @1.2.12 (php, devel)
code coverage information for PHP

php53-xsl @5.3.29_1 (php, textproc)
a PHP interface to libxslt, which implements the XSL standard and lets you perform XSL transformations

php54-amf @0.9.2_1 (php, devel)
ActionScript Message Format extension

php54-calendar @5.4.45 (php)
a PHP extension for converting between different calendar formats

php54-code-coverage @1.2.12 (php, devel)
code coverage information for PHP

php54-xsl @5.4.45_1 (php, textproc)
a PHP interface to libxslt, which implements the XSL standard and lets you perform XSL transformations

php55-amf @0.9.2_1 (php, devel)
ActionScript Message Format extension

php55-calendar @5.5.38 (php)
a PHP extension for converting between different calendar formats

php55-code-coverage @1.2.12 (php, devel)
code coverage information for PHP

php55-xsl @5.5.38_1 (php, textproc)
a PHP interface to libxslt, which implements the XSL standard and lets you perform XSL transformations

php56-amf @0.9.2_1 (php, devel)
ActionScript Message Format extension

php56-calendar @5.6.40 (php)
a PHP extension for converting between different calendar formats

php56-xsl @5.6.40_1 (php, textproc)
a PHP interface to libxslt, which implements the XSL standard and lets you perform XSL transformations

php70-calendar @7.0.33 (php)
a PHP extension for converting between different calendar formats

php70-xsl @7.0.33_1 (php, textproc)
a PHP interface to libxslt, which implements the XSL standard and lets you perform XSL transformations

php71-calendar @7.1.33 (php)
a PHP extension for converting between different calendar formats

php71-xsl @7.1.33_1 (php, textproc)
a PHP interface to libxslt, which implements the XSL standard and lets you perform XSL transformations

php72-calendar @7.2.34 (php)
a PHP extension for converting between different calendar formats

php72-xsl @7.2.34_1 (php, textproc)
a PHP interface to libxslt, which implements the XSL standard and lets you perform XSL transformations

php73-calendar @7.3.33 (php)
a PHP extension for converting between different calendar formats

php73-xsl @7.3.33_1 (php, textproc)
a PHP interface to libxslt, which implements the XSL standard and lets you perform XSL transformations

php74-calendar @7.4.33 (php)
a PHP extension for converting between different calendar formats

php74-xsl @7.4.33 (php, textproc)
a PHP interface to libxslt, which implements the XSL standard and lets you perform XSL transformations

php80-calendar @8.0.30 (php)
a PHP extension for converting between different calendar formats

php80-xsl @8.0.30 (php, textproc)
a PHP interface to libxslt, which implements the XSL standard and lets you perform XSL transformations

php81-calendar @8.1.30 (php)
a PHP extension for converting between different calendar formats

php81-xsl @8.1.30 (php, textproc)
a PHP interface to libxslt, which implements the XSL standard and lets you perform XSL transformations

php82-calendar @8.2.24 (php)
a PHP extension for converting between different calendar formats

php82-xsl @8.2.24 (php, textproc)
a PHP interface to libxslt, which implements the XSL standard and lets you perform XSL transformations

php83-calendar @8.3.12 (php)
a PHP extension for converting between different calendar formats

php83-xsl @8.3.12 (php, textproc)
a PHP interface to libxslt, which implements the XSL standard and lets you perform XSL transformations

php84-calendar @8.4.0RC1 (php)
a PHP extension for converting between different calendar formats

php84-xsl @8.4.0RC1 (php, textproc)
a PHP interface to libxslt, which implements the XSL standard and lets you perform XSL transformations

plconv @0.1 (gnustep)
Convert between different property list formats

podofo @0.9.8 (graphics)
PoDoFo is a library to work with the PDF file format.

podofo-0.10 @0.10.5 (graphics)
PoDoFo is a library to work with the PDF file format.

proj4 @4.9.3 (gis)
PROJ 4 is a generic coordinate transformation software

proj5 @5.2.0 (gis)
PROJ 5 is a generic coordinate transformation software

proj6 @6.3.2 (gis)
PROJ 6 is a generic coordinate transformation software

proj7 @7.2.1_1 (gis)
PROJ 7 is a generic coordinate transformation software

proj8 @8.2.1_1 (gis)
PROJ 8 is a generic coordinate transformation software

proj9 @9.7.1 (gis)
PROJ 9 is a generic coordinate transformation software

protobuf-cpp @2.6.1 (devel)
Encode data in an efficient yet extensible format.

protobuf-java @2.6.1 (devel)
Encode data in an efficient yet extensible format.

protobuf3-cpp @3.21.12_2 (devel)
Encode data in an efficient yet extensible format.

protobuf3-cpp-upstream @3.29.5_1 (devel)
Encode data in an efficient yet extensible format.

protobuf3-java @3.4.0_6 (devel)
Encode data in an efficient yet extensible format.

protobuf5-cpp @5.29.5_1 (devel)
Encode data in an efficient yet extensible format.

pstoedit @4.01 (graphics)
Translate PostScript and PDF to other vector formats

psutilsql @0.0.2 (sysutils)
CLI utility to query process & system information using SQL

py-affine @2.4.0 (python, devel, math, gis)
Matrices describing affine transformation of the plane.

py-asdf @5.1.0 (python)
The Advanced Scientific Data Format (ASDF) is a next-generation interchange format for scientific data.

py-asdf-standard @1.4.0 (python)
This document describes the Advanced Scientific Data Format (ASDF), pronounced AZ-diff.

py-autopep8 @2.3.2 (python, devel)
A tool that automatically formats Python code to conform to the PEP 8 style guide

py-aws-sam-translator @1.106.0 (python)
AWS SAM Translator is a library that transform SAM templates into AWS CloudFormation templates

py-beniget @0.5.0 (python, devel)
Extract semantic information about static Python code

py-black @26.1.0 (python)
The uncompromising code formatter for Python.

py-blessings @1.7 (python)
A thin, practical wrapper around terminal formatting, positioning, and more

py-brotli @1.2.0 (python, archivers)
Python module for brotli compression format

py-canmatrix @1.0 (python, devel)
Converting Can (Controller Area Network) Database Formats .arxml .dbc .dbf .kcd

py-cfn-lint @1.43.4 (python)
Checks cloudformation for practices and behaviour that could potentially be improved

py-colored @2.3.1 (python)
Simple library for color and formatting to terminal

py-colorlog @6.10.1 (python, devel)
Log formatting with colors!

py-colour @0.4.6 (python)
A comprehensive number of colour theory transformations and algorithms

py-columnize @0.3.11 (python)
Format a simple list into aligned columns

py-croniter @6.0.0 (python, devel)
croniter provides iteration for datetime object with cron like format

py-csvkit @2.1.0 (python, textproc)
A suite of utilities for converting to and working with CSV, the king of tabular file formats

py-distro @1.9.0 (python)
distro provides information about the OS distribution it runs on, such as a reliable machine-readable ID, or version information.

py-django-debug-toolbar @5.2.0 (python, www)
Configurable debug information for the Django Framework.

py-fastimport @0.9.2 (python, devel)
Python parser for the fastimport format

py-flatbuffers @25.9.23 (python)
Python runtime library for use with the Flatbuffers serialization format.

py-fmf @1.7.0 (python, devel)
Flexible Metadata Format

py-fortranformat @2.0.3 (python, science, print)
Mimics Fortran textual IO in Python

py-gcn @1.1.3 (python, science)
anonymous VOEvent client for receiving GCN/TAN notices in XML format

py-GridDataFormats @1.0.2 (python, science)
GridDataFormats provides the Python package 'gridData'.

py-gsd @4.2.0 (python, science)
GSD (General Simulation Data) is a file format specification and a library to read and write it.

py-h5netcdf @1.8.1 (python, science)
A Python interface for the netCDF4 file-format

py-hachoir-parser @1.3.4_1 (python)
78 parser for common binary file formats using Hachoir framework

py-helpdev @0.7.1 (python, devel)
HelpDev - Extracts information about the Python environment easily.

py-imagecodecs @2026.1.14 (python, graphics)
Image transformation, compression, and decompression codecs

py-intelhex @2.3.0 (python)
The Intel HEX file format is widely used in microprocessors and microcontrollers area (embedded systems etc) as the de facto standard for representation of code to be programmed into microelectronic devices.

py-isodate @0.7.2 (python)
An ISO 8601 date/time/duration parser and formatter

py-json5 @0.12.1 (python, devel)
A Python implementation of the JSON5 data format

py-m2r @0.2.1 (python, devel)
Converts a markdown file including reStructuredText (rst) markups to a valid rst format

py-machfs @1.3 (python, devel)
a library for creating and inspecting HFS-format disk images

py-maxminddb @2.6.1 (python)
Reader for the MaxMind DB format

py-meshio @5.3.5 (python)
There are various mesh formats available for representing unstructured meshes.

py-nbformat @5.10.3 (python)
The Jupyter Notebook format.

py-nibabel @5.3.2 (python)
Access a cacophony of neuro-imaging file formats

py-nio @1.3.0b1_29 (python, science)
Python I/O library for scientific data formats

py-numcodecs @0.16.5 (python)
Numcodecs is a Python package providing buffer compression and transformation codecs for use in data storage and communication applications.

py-numpydoc @1.10.0 (python)
Sphinx extension to support docstrings in Numpy format

py-parse @1.20.2 (python)
parse() is the opposite of format()

py-parse-type @0.6.6 (python, devel)
parse_type extends the parse module (opposite of string.format())

py-phonenumbers @8.13.30 (python, textproc)
parsing, formatting, storing and validating international phone numbers

py-poetry-plugin-export @1.9.0 (python)
Poetry plugin to export the dependencies to various formats

py-prettytable @0.7.2 (python, textproc)
A simple Python library for easily displaying tabular data in a visually appealing ASCII table format.

py-proto-plus @1.26.1 (python)
This is a wrapper around protocol buffers. Protocol buffers is a specification format for APIs, such as those inside Google.

py-protobuf @2.6.1_2 (python, devel)
Encode data in an efficient yet extensible format.

py-protobuf3 @4.21.12_2 (python, devel)
Encode data in an efficient yet extensible format.

py-pyelftools @0.32 (python, devel)
A pure-Python library for parsing and analyzing ELF files and DWARF debugging information.

py-pysam @0.22.0 (python, science)
Python interface for the SAM/BAM sequence alignment and mapping format

py-python-json-logger @4.0.0 (python, devel)
A python library adding a json log formatter

py-rednose @1.3.0 (python)
pretty output formatter for python-nosetests

py-rfc3339 @6.2 (python)
Formats dates according to the RFC 3339.

py-rich @14.3.1 (python)
Python library for rich text and beautiful formatting in the terminal

py-rich-argparse @1.7.2 (python)
Format argparse and optparse help using rich

py-rich-click @1.8.2 (python)
Format click help output nicely with rich

py-scanf @1.0_1 (python)
formatted input from standard input similar to scanf from C

py-scikit-hep-uproot @5.1.2 (python)
Uproot is a reader and a writer of the ROOT file format using only Python and Numpy.

py-socid-extractor @0.0.27 (python)
Extract information about a user from profile webpages / API responses and save it in machine-readable format.

py-termcolor @3.2.0 (python, devel)
ANSII Color formatting for output in terminal.

py-torchaudio @0.12.0 (python, audio)
Data manipulation and transformation for audio signal processing, powered by PyTorch

py-wasabi @1.1.2 (python)
A lightweight console printing and formatting toolkit

py-wheel @0.46.3 (python)
A built package format for Python.

py-XlsxWriter @3.2.9 (python)
Python module for writing files in XLSX file format.

py-yapf @0.43.0 (python, devel)
A formatter for Python files

py27-fastimport @0.9.2 (python, devel)
Python parser for the fastimport format

py27-hachoir-parser @1.3.4_1 (python)
78 parser for common binary file formats using Hachoir framework

py27-m2r @0.2.1 (python, devel)
Converts a markdown file including reStructuredText (rst) markups to a valid rst format

py27-nio @1.3.0b1_29 (python, science)
Python I/O library for scientific data formats

py27-protobuf @2.6.1_2 (python, devel)
Encode data in an efficient yet extensible format.

py27-protobuf3 @3.17.3 (python, devel)
Encode data in an efficient yet extensible format.

py27-scanf @1.0_1 (python)
formatted input from standard input similar to scanf from C

py27-wheel @0.37.1 (python)
A built package format for Python.

py37-wheel @0.42.0 (python)
A built package format for Python.

py38-wheel @0.45.1 (python)
A built package format for Python.

py39-beniget @0.5.0 (python, devel)
Extract semantic information about static Python code

py39-brotli @1.2.0 (python, archivers)
Python module for brotli compression format

py39-flatbuffers @25.9.23 (python)
Python runtime library for use with the Flatbuffers serialization format.

py39-json5 @0.12.1 (python, devel)
A Python implementation of the JSON5 data format

py39-jsonschema-format-nongpl @4.25.1_1 (python, devel)
An implementation of JSON Schema validation for Python.

py39-nbformat @5.10.3 (python)
The Jupyter Notebook format.

py39-proto-plus @1.26.1 (python)
This is a wrapper around protocol buffers. Protocol buffers is a specification format for APIs, such as those inside Google.

py39-protobuf3 @4.21.12_2 (python, devel)
Encode data in an efficient yet extensible format.

py39-python-json-logger @4.0.0 (python, devel)
A python library adding a json log formatter

py39-rfc3339 @6.2 (python)
Formats dates according to the RFC 3339.

py39-rich @14.3.1 (python)
Python library for rich text and beautiful formatting in the terminal

py39-termcolor @3.2.0 (python, devel)
ANSII Color formatting for output in terminal.

py39-wheel @0.46.3 (python)
A built package format for Python.

py310-affine @2.4.0 (python, devel, math, gis)
Matrices describing affine transformation of the plane.

py310-asdf @5.1.0 (python)
The Advanced Scientific Data Format (ASDF) is a next-generation interchange format for scientific data.

py310-asdf-standard @1.4.0 (python)
This document describes the Advanced Scientific Data Format (ASDF), pronounced AZ-diff.

py310-autopep8 @2.3.2 (python, devel)
A tool that automatically formats Python code to conform to the PEP 8 style guide

py310-aws-sam-translator @1.106.0 (python)
AWS SAM Translator is a library that transform SAM templates into AWS CloudFormation templates

py310-beniget @0.5.0 (python, devel)
Extract semantic information about static Python code

py310-black @26.1.0 (python)
The uncompromising code formatter for Python.

py310-blessings @1.7 (python)
A thin, practical wrapper around terminal formatting, positioning, and more

py310-brotli @1.2.0 (python, archivers)
Python module for brotli compression format

py310-cfn-lint @1.43.4 (python)
Checks cloudformation for practices and behaviour that could potentially be improved

py310-colored @2.3.1 (python)
Simple library for color and formatting to terminal

py310-colorlog @6.10.1 (python, devel)
Log formatting with colors!

py310-columnize @0.3.11 (python)
Format a simple list into aligned columns

py310-croniter @6.0.0 (python, devel)
croniter provides iteration for datetime object with cron like format

py310-csvkit @2.1.0 (python, textproc)
A suite of utilities for converting to and working with CSV, the king of tabular file formats

py310-distro @1.9.0 (python)
distro provides information about the OS distribution it runs on, such as a reliable machine-readable ID, or version information.

py310-django-debug-toolbar @5.2.0 (python, www)
Configurable debug information for the Django Framework.

py310-flatbuffers @25.9.23 (python)
Python runtime library for use with the Flatbuffers serialization format.

py310-fmf @1.7.0 (python, devel)
Flexible Metadata Format

py310-fortranformat @2.0.3 (python, science, print)
Mimics Fortran textual IO in Python

py310-h5netcdf @1.8.1 (python, science)
A Python interface for the netCDF4 file-format

py310-helpdev @0.7.1 (python, devel)
HelpDev - Extracts information about the Python environment easily.

py310-imagecodecs @2026.1.14 (python, graphics)
Image transformation, compression, and decompression codecs

py310-intelhex @2.3.0 (python)
The Intel HEX file format is widely used in microprocessors and microcontrollers area (embedded systems etc) as the de facto standard for representation of code to be programmed into microelectronic devices.

py310-isodate @0.7.2 (python)
An ISO 8601 date/time/duration parser and formatter

py310-json5 @0.12.1 (python, devel)
A Python implementation of the JSON5 data format

py310-jsonschema-format-nongpl @4.25.1_1 (python, devel)
An implementation of JSON Schema validation for Python.

py310-m2r @0.2.1 (python, devel)
Converts a markdown file including reStructuredText (rst) markups to a valid rst format

py310-maxminddb @2.6.1 (python)
Reader for the MaxMind DB format

py310-meshio @5.3.5 (python)
There are various mesh formats available for representing unstructured meshes.

py310-nbformat @5.10.3 (python)
The Jupyter Notebook format.

py310-numcodecs @0.16.5 (python)
Numcodecs is a Python package providing buffer compression and transformation codecs for use in data storage and communication applications.

py310-numpydoc @1.10.0 (python)
Sphinx extension to support docstrings in Numpy format

py310-parse @1.20.2 (python)
parse() is the opposite of format()

py310-phonenumbers @8.13.30 (python, textproc)
parsing, formatting, storing and validating international phone numbers

py310-poetry-plugin-export @1.9.0 (python)
Poetry plugin to export the dependencies to various formats

py310-prettytable @0.7.2 (python, textproc)
A simple Python library for easily displaying tabular data in a visually appealing ASCII table format.

py310-proto-plus @1.26.1 (python)
This is a wrapper around protocol buffers. Protocol buffers is a specification format for APIs, such as those inside Google.

py310-protobuf3 @4.21.12_2 (python, devel)
Encode data in an efficient yet extensible format.

py310-pyelftools @0.32 (python, devel)
A pure-Python library for parsing and analyzing ELF files and DWARF debugging information.

py310-pysam @0.22.0 (python, science)
Python interface for the SAM/BAM sequence alignment and mapping format

py310-python-json-logger @4.0.0 (python, devel)
A python library adding a json log formatter

py310-rednose @1.3.0 (python)
pretty output formatter for python-nosetests

py310-rich @14.3.1 (python)
Python library for rich text and beautiful formatting in the terminal

py310-rich-argparse @1.7.2 (python)
Format argparse and optparse help using rich

py310-rich-click @1.8.2 (python)
Format click help output nicely with rich

py310-scikit-hep-uproot @5.1.2 (python)
Uproot is a reader and a writer of the ROOT file format using only Python and Numpy.

py310-socid-extractor @0.0.27 (python)
Extract information about a user from profile webpages / API responses and save it in machine-readable format.

py310-termcolor @3.2.0 (python, devel)
ANSII Color formatting for output in terminal.

py310-torchaudio @0.12.0 (python, audio)
Data manipulation and transformation for audio signal processing, powered by PyTorch

py310-wasabi @1.1.2 (python)
A lightweight console printing and formatting toolkit

py310-wheel @0.46.3 (python)
A built package format for Python.

py310-XlsxWriter @3.2.9 (python)
Python module for writing files in XLSX file format.

py310-yapf @0.43.0 (python, devel)
A formatter for Python files

py311-affine @2.4.0 (python, devel, math, gis)
Matrices describing affine transformation of the plane.

py311-asdf @5.1.0 (python)
The Advanced Scientific Data Format (ASDF) is a next-generation interchange format for scientific data.

py311-asdf-standard @1.4.0 (python)
This document describes the Advanced Scientific Data Format (ASDF), pronounced AZ-diff.

py311-autopep8 @2.3.2 (python, devel)
A tool that automatically formats Python code to conform to the PEP 8 style guide

py311-aws-sam-translator @1.106.0 (python)
AWS SAM Translator is a library that transform SAM templates into AWS CloudFormation templates

py311-beniget @0.5.0 (python, devel)
Extract semantic information about static Python code

py311-black @26.1.0 (python)
The uncompromising code formatter for Python.

py311-blessings @1.7 (python)
A thin, practical wrapper around terminal formatting, positioning, and more

py311-brotli @1.2.0 (python, archivers)
Python module for brotli compression format

py311-canmatrix @1.0 (python, devel)
Converting Can (Controller Area Network) Database Formats .arxml .dbc .dbf .kcd

py311-cfn-lint @1.43.4 (python)
Checks cloudformation for practices and behaviour that could potentially be improved

py311-colored @2.3.1 (python)
Simple library for color and formatting to terminal

py311-colorlog @6.10.1 (python, devel)
Log formatting with colors!

py311-columnize @0.3.11 (python)
Format a simple list into aligned columns

py311-croniter @6.0.0 (python, devel)
croniter provides iteration for datetime object with cron like format

py311-csvkit @2.1.0 (python, textproc)
A suite of utilities for converting to and working with CSV, the king of tabular file formats

py311-distro @1.9.0 (python)
distro provides information about the OS distribution it runs on, such as a reliable machine-readable ID, or version information.

py311-django-debug-toolbar @5.2.0 (python, www)
Configurable debug information for the Django Framework.

py311-flatbuffers @25.9.23 (python)
Python runtime library for use with the Flatbuffers serialization format.

py311-fmf @1.7.0 (python, devel)
Flexible Metadata Format

py311-fortranformat @2.0.3 (python, science, print)
Mimics Fortran textual IO in Python

py311-h5netcdf @1.8.1 (python, science)
A Python interface for the netCDF4 file-format

py311-helpdev @0.7.1 (python, devel)
HelpDev - Extracts information about the Python environment easily.

py311-imagecodecs @2026.1.14 (python, graphics)
Image transformation, compression, and decompression codecs

py311-intelhex @2.3.0 (python)
The Intel HEX file format is widely used in microprocessors and microcontrollers area (embedded systems etc) as the de facto standard for representation of code to be programmed into microelectronic devices.

py311-isodate @0.7.2 (python)
An ISO 8601 date/time/duration parser and formatter

py311-json5 @0.12.1 (python, devel)
A Python implementation of the JSON5 data format

py311-jsonschema-format-nongpl @4.25.1_1 (python, devel)
An implementation of JSON Schema validation for Python.

py311-m2r @0.2.1 (python, devel)
Converts a markdown file including reStructuredText (rst) markups to a valid rst format

py311-meshio @5.3.5 (python)
There are various mesh formats available for representing unstructured meshes.

py311-nbformat @5.10.3 (python)
The Jupyter Notebook format.

py311-numcodecs @0.16.5 (python)
Numcodecs is a Python package providing buffer compression and transformation codecs for use in data storage and communication applications.

py311-numpydoc @1.10.0 (python)
Sphinx extension to support docstrings in Numpy format

py311-parse @1.20.2 (python)
parse() is the opposite of format()

py311-phonenumbers @8.13.30 (python, textproc)
parsing, formatting, storing and validating international phone numbers

py311-poetry-plugin-export @1.9.0 (python)
Poetry plugin to export the dependencies to various formats

py311-prettytable @0.7.2 (python, textproc)
A simple Python library for easily displaying tabular data in a visually appealing ASCII table format.

py311-proto-plus @1.26.1 (python)
This is a wrapper around protocol buffers. Protocol buffers is a specification format for APIs, such as those inside Google.

py311-protobuf3 @4.21.12_2 (python, devel)
Encode data in an efficient yet extensible format.

py311-pyelftools @0.32 (python, devel)
A pure-Python library for parsing and analyzing ELF files and DWARF debugging information.

py311-pysam @0.22.0 (python, science)
Python interface for the SAM/BAM sequence alignment and mapping format

py311-python-json-logger @4.0.0 (python, devel)
A python library adding a json log formatter

py311-rich @14.3.1 (python)
Python library for rich text and beautiful formatting in the terminal

py311-rich-argparse @1.7.2 (python)
Format argparse and optparse help using rich

py311-rich-click @1.8.2 (python)
Format click help output nicely with rich

py311-scikit-hep-uproot @5.1.2 (python)
Uproot is a reader and a writer of the ROOT file format using only Python and Numpy.

py311-socid-extractor @0.0.27 (python)
Extract information about a user from profile webpages / API responses and save it in machine-readable format.

py311-termcolor @3.2.0 (python, devel)
ANSII Color formatting for output in terminal.

py311-wasabi @1.1.2 (python)
A lightweight console printing and formatting toolkit

py311-wheel @0.46.3 (python)
A built package format for Python.

py311-XlsxWriter @3.2.9 (python)
Python module for writing files in XLSX file format.

py311-yapf @0.43.0 (python, devel)
A formatter for Python files

py312-affine @2.4.0 (python, devel, math, gis)
Matrices describing affine transformation of the plane.

py312-asdf @5.1.0 (python)
The Advanced Scientific Data Format (ASDF) is a next-generation interchange format for scientific data.

py312-asdf-standard @1.4.0 (python)
This document describes the Advanced Scientific Data Format (ASDF), pronounced AZ-diff.

py312-autopep8 @2.3.2 (python, devel)
A tool that automatically formats Python code to conform to the PEP 8 style guide

py312-aws-sam-translator @1.106.0 (python)
AWS SAM Translator is a library that transform SAM templates into AWS CloudFormation templates

py312-beniget @0.5.0 (python, devel)
Extract semantic information about static Python code

py312-black @26.1.0 (python)
The uncompromising code formatter for Python.

py312-brotli @1.2.0 (python, archivers)
Python module for brotli compression format

py312-cfn-lint @1.43.4 (python)
Checks cloudformation for practices and behaviour that could potentially be improved

py312-colored @2.3.1 (python)
Simple library for color and formatting to terminal

py312-colorlog @6.10.1 (python, devel)
Log formatting with colors!

py312-colour @0.4.6 (python)
A comprehensive number of colour theory transformations and algorithms

py312-columnize @0.3.11 (python)
Format a simple list into aligned columns

py312-croniter @6.0.0 (python, devel)
croniter provides iteration for datetime object with cron like format

py312-csvkit @2.1.0 (python, textproc)
A suite of utilities for converting to and working with CSV, the king of tabular file formats

py312-distro @1.9.0 (python)
distro provides information about the OS distribution it runs on, such as a reliable machine-readable ID, or version information.

py312-django-debug-toolbar @5.2.0 (python, www)
Configurable debug information for the Django Framework.

py312-flatbuffers @25.9.23 (python)
Python runtime library for use with the Flatbuffers serialization format.

py312-fmf @1.7.0 (python, devel)
Flexible Metadata Format

py312-fortranformat @2.0.3 (python, science, print)
Mimics Fortran textual IO in Python

py312-gcn @1.1.3 (python, science)
anonymous VOEvent client for receiving GCN/TAN notices in XML format

py312-h5netcdf @1.8.1 (python, science)
A Python interface for the netCDF4 file-format

py312-helpdev @0.7.1 (python, devel)
HelpDev - Extracts information about the Python environment easily.

py312-imagecodecs @2026.1.14 (python, graphics)
Image transformation, compression, and decompression codecs

py312-intelhex @2.3.0 (python)
The Intel HEX file format is widely used in microprocessors and microcontrollers area (embedded systems etc) as the de facto standard for representation of code to be programmed into microelectronic devices.

py312-isodate @0.7.2 (python)
An ISO 8601 date/time/duration parser and formatter

py312-json5 @0.12.1 (python, devel)
A Python implementation of the JSON5 data format

py312-jsonschema-format-nongpl @4.25.1_1 (python, devel)
An implementation of JSON Schema validation for Python.

py312-m2r @0.2.1 (python, devel)
Converts a markdown file including reStructuredText (rst) markups to a valid rst format

py312-maxminddb @2.6.1 (python)
Reader for the MaxMind DB format

py312-meshio @5.3.5 (python)
There are various mesh formats available for representing unstructured meshes.

py312-nbformat @5.10.3 (python)
The Jupyter Notebook format.

py312-nibabel @5.3.2 (python)
Access a cacophony of neuro-imaging file formats

py312-numcodecs @0.16.5 (python)
Numcodecs is a Python package providing buffer compression and transformation codecs for use in data storage and communication applications.

py312-numpydoc @1.10.0 (python)
Sphinx extension to support docstrings in Numpy format

py312-parse @1.20.2 (python)
parse() is the opposite of format()

py312-phonenumbers @8.13.30 (python, textproc)
parsing, formatting, storing and validating international phone numbers

py312-poetry-plugin-export @1.9.0 (python)
Poetry plugin to export the dependencies to various formats

py312-prettytable @0.7.2 (python, textproc)
A simple Python library for easily displaying tabular data in a visually appealing ASCII table format.

py312-proto-plus @1.26.1 (python)
This is a wrapper around protocol buffers. Protocol buffers is a specification format for APIs, such as those inside Google.

py312-protobuf3 @4.21.12_2 (python, devel)
Encode data in an efficient yet extensible format.

py312-pyelftools @0.32 (python, devel)
A pure-Python library for parsing and analyzing ELF files and DWARF debugging information.

py312-pysam @0.22.0 (python, science)
Python interface for the SAM/BAM sequence alignment and mapping format

py312-python-json-logger @4.0.0 (python, devel)
A python library adding a json log formatter

py312-rich @14.3.1 (python)
Python library for rich text and beautiful formatting in the terminal

py312-rich-argparse @1.7.2 (python)
Format argparse and optparse help using rich

py312-rich-click @1.8.2 (python)
Format click help output nicely with rich

py312-socid-extractor @0.0.27 (python)
Extract information about a user from profile webpages / API responses and save it in machine-readable format.

py312-termcolor @3.2.0 (python, devel)
ANSII Color formatting for output in terminal.

py312-wasabi @1.1.2 (python)
A lightweight console printing and formatting toolkit

py312-wheel @0.46.3 (python)
A built package format for Python.

py312-XlsxWriter @3.2.9 (python)
Python module for writing files in XLSX file format.

py312-yapf @0.43.0 (python, devel)
A formatter for Python files

py313-affine @2.4.0 (python, devel, math, gis)
Matrices describing affine transformation of the plane.

py313-asdf @5.1.0 (python)
The Advanced Scientific Data Format (ASDF) is a next-generation interchange format for scientific data.

py313-asdf-standard @1.4.0 (python)
This document describes the Advanced Scientific Data Format (ASDF), pronounced AZ-diff.

py313-autopep8 @2.3.2 (python, devel)
A tool that automatically formats Python code to conform to the PEP 8 style guide

py313-aws-sam-translator @1.106.0 (python)
AWS SAM Translator is a library that transform SAM templates into AWS CloudFormation templates

py313-beniget @0.5.0 (python, devel)
Extract semantic information about static Python code

py313-black @26.1.0 (python)
The uncompromising code formatter for Python.

py313-brotli @1.2.0 (python, archivers)
Python module for brotli compression format

py313-cfn-lint @1.43.4 (python)
Checks cloudformation for practices and behaviour that could potentially be improved

py313-colored @2.3.1 (python)
Simple library for color and formatting to terminal

py313-colorlog @6.10.1 (python, devel)
Log formatting with colors!

py313-columnize @0.3.11 (python)
Format a simple list into aligned columns

py313-croniter @6.0.0 (python, devel)
croniter provides iteration for datetime object with cron like format

py313-csvkit @2.1.0 (python, textproc)
A suite of utilities for converting to and working with CSV, the king of tabular file formats

py313-distro @1.9.0 (python)
distro provides information about the OS distribution it runs on, such as a reliable machine-readable ID, or version information.

py313-django-debug-toolbar @5.2.0 (python, www)
Configurable debug information for the Django Framework.

py313-flatbuffers @25.9.23 (python)
Python runtime library for use with the Flatbuffers serialization format.

py313-fortranformat @2.0.3 (python, science, print)
Mimics Fortran textual IO in Python

py313-GridDataFormats @1.0.2 (python, science)
GridDataFormats provides the Python package 'gridData'.

py313-gsd @4.2.0 (python, science)
GSD (General Simulation Data) is a file format specification and a library to read and write it.

py313-h5netcdf @1.8.1 (python, science)
A Python interface for the netCDF4 file-format

py313-helpdev @0.7.1 (python, devel)
HelpDev - Extracts information about the Python environment easily.

py313-imagecodecs @2026.1.14 (python, graphics)
Image transformation, compression, and decompression codecs

py313-isodate @0.7.2 (python)
An ISO 8601 date/time/duration parser and formatter

py313-json5 @0.12.1 (python, devel)
A Python implementation of the JSON5 data format

py313-jsonschema-format-nongpl @4.25.1_1 (python, devel)
An implementation of JSON Schema validation for Python.

py313-machfs @1.3 (python, devel)
a library for creating and inspecting HFS-format disk images

py313-meshio @5.3.5 (python)
There are various mesh formats available for representing unstructured meshes.

py313-nbformat @5.10.3 (python)
The Jupyter Notebook format.

py313-numcodecs @0.16.5 (python)
Numcodecs is a Python package providing buffer compression and transformation codecs for use in data storage and communication applications.

py313-numpydoc @1.10.0 (python)
Sphinx extension to support docstrings in Numpy format

py313-parse @1.20.2 (python)
parse() is the opposite of format()

py313-parse-type @0.6.6 (python, devel)
parse_type extends the parse module (opposite of string.format())

py313-poetry-plugin-export @1.9.0 (python)
Poetry plugin to export the dependencies to various formats

py313-prettytable @0.7.2 (python, textproc)
A simple Python library for easily displaying tabular data in a visually appealing ASCII table format.

py313-proto-plus @1.26.1 (python)
This is a wrapper around protocol buffers. Protocol buffers is a specification format for APIs, such as those inside Google.

py313-protobuf3 @4.21.12_2 (python, devel)
Encode data in an efficient yet extensible format.

py313-pyelftools @0.32 (python, devel)
A pure-Python library for parsing and analyzing ELF files and DWARF debugging information.

py313-python-json-logger @4.0.0 (python, devel)
A python library adding a json log formatter

py313-rich @14.3.1 (python)
Python library for rich text and beautiful formatting in the terminal

py313-rich-argparse @1.7.2 (python)
Format argparse and optparse help using rich

py313-socid-extractor @0.0.27 (python)
Extract information about a user from profile webpages / API responses and save it in machine-readable format.

py313-termcolor @3.2.0 (python, devel)
ANSII Color formatting for output in terminal.

py313-wasabi @1.1.2 (python)
A lightweight console printing and formatting toolkit

py313-wheel @0.46.3 (python)
A built package format for Python.

py313-XlsxWriter @3.2.9 (python)
Python module for writing files in XLSX file format.

py313-yapf @0.43.0 (python, devel)
A formatter for Python files

py314-affine @2.4.0 (python, devel, math, gis)
Matrices describing affine transformation of the plane.

py314-asdf @5.1.0 (python)
The Advanced Scientific Data Format (ASDF) is a next-generation interchange format for scientific data.

py314-asdf-standard @1.4.0 (python)
This document describes the Advanced Scientific Data Format (ASDF), pronounced AZ-diff.

py314-autopep8 @2.3.2 (python, devel)
A tool that automatically formats Python code to conform to the PEP 8 style guide

py314-aws-sam-translator @1.106.0 (python)
AWS SAM Translator is a library that transform SAM templates into AWS CloudFormation templates

py314-beniget @0.5.0 (python, devel)
Extract semantic information about static Python code

py314-black @26.1.0 (python)
The uncompromising code formatter for Python.

py314-brotli @1.2.0 (python, archivers)
Python module for brotli compression format

py314-cfn-lint @1.43.4 (python)
Checks cloudformation for practices and behaviour that could potentially be improved

py314-colorlog @6.10.1 (python, devel)
Log formatting with colors!

py314-columnize @0.3.11 (python)
Format a simple list into aligned columns

py314-croniter @6.0.0 (python, devel)
croniter provides iteration for datetime object with cron like format

py314-distro @1.9.0 (python)
distro provides information about the OS distribution it runs on, such as a reliable machine-readable ID, or version information.

py314-flatbuffers @25.9.23 (python)
Python runtime library for use with the Flatbuffers serialization format.

py314-h5netcdf @1.8.1 (python, science)
A Python interface for the netCDF4 file-format

py314-helpdev @0.7.1 (python, devel)
HelpDev - Extracts information about the Python environment easily.

py314-imagecodecs @2026.1.14 (python, graphics)
Image transformation, compression, and decompression codecs

py314-isodate @0.7.2 (python)
An ISO 8601 date/time/duration parser and formatter

py314-json5 @0.12.1 (python, devel)
A Python implementation of the JSON5 data format

py314-jsonschema-format-nongpl @4.25.1_1 (python, devel)
An implementation of JSON Schema validation for Python.

py314-meshio @5.3.5 (python)
There are various mesh formats available for representing unstructured meshes.

py314-nbformat @5.10.3 (python)
The Jupyter Notebook format.

py314-numpydoc @1.10.0 (python)
Sphinx extension to support docstrings in Numpy format

py314-parse @1.20.2 (python)
parse() is the opposite of format()

py314-poetry-plugin-export @1.9.0 (python)
Poetry plugin to export the dependencies to various formats

py314-prettytable @0.7.2 (python, textproc)
A simple Python library for easily displaying tabular data in a visually appealing ASCII table format.

py314-proto-plus @1.26.1 (python)
This is a wrapper around protocol buffers. Protocol buffers is a specification format for APIs, such as those inside Google.

py314-protobuf3 @4.21.12_2 (python, devel)
Encode data in an efficient yet extensible format.

py314-pyelftools @0.32 (python, devel)
A pure-Python library for parsing and analyzing ELF files and DWARF debugging information.

py314-python-json-logger @4.0.0 (python, devel)
A python library adding a json log formatter

py314-rich @14.3.1 (python)
Python library for rich text and beautiful formatting in the terminal

py314-rich-argparse @1.7.2 (python)
Format argparse and optparse help using rich

py314-termcolor @3.2.0 (python, devel)
ANSII Color formatting for output in terminal.

py314-wheel @0.46.3 (python)
A built package format for Python.

py314-yapf @0.43.0 (python, devel)
A formatter for Python files

qoi @20230616 (graphics)
The “Quite OK Image Format” for fast, lossless image compression.

qpdf @12.3.2 (textproc, pdf)
content-preserving PDF transformation system

qq @0.3.1 (textproc)
jq inspired (and gojq dependent) interoperable config format transcoder with interactive querying.

qt5-qtimageformats @5.15.18 (aqua)
Tools and Module(s) for Qt Tool Kit 5

qt5-qtimageformats-docs @5.15.18 (aqua)
Documentation for the port qt5-qtimageformats

qt6-qtimageformats @6.10.2 (aqua)
Tools and Module(s) for Qt Tool Kit 6

qt6-qtimageformats-docs @6.10.2 (aqua)
Documentation for Qt Tool Kit 6

qt53-qtimageformats @5.3.2_3 (aqua)
Tools and Module(s) for Qt Tool Kit 5

qt53-qtimageformats-docs @5.3.2_3 (aqua)
Documentation for the port qt53-qtimageformats

qt55-qtimageformats @5.5.1_6 (aqua)
Tools and Module(s) for Qt Tool Kit 5

qt55-qtimageformats-docs @5.5.1_6 (aqua)
Documentation for the port qt55-qtimageformats

qt56-qtimageformats @5.6.3_3 (aqua)
Tools and Module(s) for Qt Tool Kit 5

qt56-qtimageformats-docs @5.6.3_3 (aqua)
Documentation for the port qt56-qtimageformats

qt57-qtimageformats @5.7.1_3 (aqua)
Tools and Module(s) for Qt Tool Kit 5

qt57-qtimageformats-docs @5.7.1_3 (aqua)
Documentation for the port qt57-qtimageformats

qt58-qtimageformats @5.8.0_3 (aqua)
Tools and Module(s) for Qt Tool Kit 5

qt58-qtimageformats-docs @5.8.0_3 (aqua)
Documentation for the port qt58-qtimageformats

qt59-qtimageformats @5.9.9_3 (aqua)
Tools and Module(s) for Qt Tool Kit 5

qt59-qtimageformats-docs @5.9.9_3 (aqua)
Documentation for the port qt59-qtimageformats

qt64-qtimageformats @6.4.3 (aqua)
Tools and Module(s) for Qt Tool Kit 6

qt64-qtimageformats-docs @6.4.3 (aqua)
Documentation for Qt Tool Kit 6

qt67-qtimageformats @6.7.3 (aqua)
Tools and Module(s) for Qt Tool Kit 6

qt67-qtimageformats-docs @6.7.3 (aqua)
Documentation for Qt Tool Kit 6

qt68-qtimageformats @6.8.3 (aqua)
Tools and Module(s) for Qt Tool Kit 6

qt68-qtimageformats-docs @6.8.3 (aqua)
Documentation for Qt Tool Kit 6

qt69-qtimageformats @6.9.3 (aqua)
Tools and Module(s) for Qt Tool Kit 6

qt69-qtimageformats-docs @6.9.3 (aqua)
Documentation for Qt Tool Kit 6

qt511-qtimageformats @5.11.3_3 (aqua)
Tools and Module(s) for Qt Tool Kit 5

qt511-qtimageformats-docs @5.11.3_3 (aqua)
Documentation for the port qt511-qtimageformats

qt513-qtimageformats @5.13.2_3 (aqua)
Tools and Module(s) for Qt Tool Kit 5

qt513-qtimageformats-docs @5.13.2_3 (aqua)
Documentation for the port qt513-qtimageformats

R-acepack @1.4.2_1 (R, science, math)
ACE and AVAS for selecting multiple regression transformations

R-aides @1.3.3_1 (R, science, math)
Additive Information & Details of Evidence Synthesis

R-aplot @0.2.3 (R, science)
Decorate a ggplot with associated information

R-archive @1.1.10 (R, science, archivers, devel)
Multi-format archive and compression support

R-AutoTransQF @0.1.3_1 (R, science, math)
Novel automatic shifted log transformation

R-bain @0.2.11 (R, science, math)
Bayes Factors for Informative hypotheses

R-bannerCommenter @1.0.0_1 (R, science)
Make banner comments with a consistent format

R-bigD @0.3.0 (R, science)
Flexibly format dates and times to a given locale

R-bigsparser @0.7.3 (R, science, math)
Sparse matrix format with data on disk

R-BiocStyle @2.32.1 (R, science, bioconductor)
Provides standard formatting styles for Bioconductor PDF and HTML documents

R-brotli @1.3.1 (R, science, archivers)
Brotli compression format

R-cdata @1.2.1_1 (R, science)
Fluid data transformations

R-ChemmineR @3.56.0 (R, science, bioconductor)
Cheminformatics toolkit for R

R-codalm @0.1.2_1 (R, science, math)
Transformation-free linear regression for compositional outcomes and predictors

R-collapse @2.0.18 (R, science, economics, math)
Advanced and fast data transformation

R-Corbi @0.6-2_1 (R, science)
Collection of rudimentary bioinformatics tools

R-cotram @0.5-2 (R, science, math)
Count transformation models

R-datawizard @0.13.0 (R, science)
Easy data wrangling and statistical transformations

R-datefixR @1.7.0 (R, science)
Standardize dates in different formats or with missing data

R-dawai @1.2.6_1 (R, science, math)
Discriminant Analysis with Additional Information

R-dggrids @0.1.0_1 (R, science)
Discrete Global Grids in data frame format for use in R

R-distill @1.6_1 (R, science, textproc)
R Markdown format for scientific and technical writing

R-distillery @1.2-1_1 (R, science, math)
Method functions for confidence intervals and to distill information from an object

R-entropy @1.3.1_2 (R, science, math)
Estimation of entropy, mutual information and related quantities

R-exams @2.4-1 (R, science)
Automatic generation of exams based on exercises in Markdown or LaTeX format

R-fic @1.0.0_1 (R, science, math)
Focused information criteria for model comparison

R-finalfit @1.0.8 (R, science)
Generate regression results tables and plots in final format for publication

R-flexdashboard @0.6.2_1 (R, science)
Rmarkdown format for flexible dashboards

R-fmtr @1.6.5 (R, science)
Easily apply formats to data

R-foreign @0.8-87 (R, science)
Read and write data in other statistical software formats

R-formatR @1.14_2 (R, science, devel)
Format R code automatically

R-formattable @0.2.1_2 (R, science)
Create formattable data structures

R-formatters @0.5.9 (R, science)
ASCII formatting for values and tables

R-gettz @0.0.5_1 (R, science)
Get the timezone information

R-GofKmt @2.2.0_1 (R, science, math)
Khmaladze martingale transformation goodness-of-fit test

R-handlr @0.3.0_2 (R, science, textproc)
Convert between citation formats

R-hdf5r @1.3.11 (R, science)
Interface to the HDF5 binary data format

R-humaniformat @0.6.0_1 (R, science)
Parser for human names

R-huxtable @5.5.7 (R, science)
An R package to create styled tables in multiple output formats, with a friendly, modern interface

R-hwriter @1.3.2.1_2 (R, science)
Output R objects in HTML format

R-ICglm @0.1.0 (R, science, math)
Information criteria for generalized linear regression

R-infotheo @1.2.0.1_1 (R, science, math)
Information-theoretic measures

R-insight @1.0.0 (R, science, math)
Easy access to model information for various model objects

R-ircor @1.0_1 (R, science, math)
Correlation coefficients for information retrieval

R-itdr @2.0.1_1 (R, science, math)
Integral transformation methods for SDR in regression

R-jmatrix @1.5.2 (R, science)
Read from/write to disk matrices with any data type in a binary format

R-knnmi @1.0_1 (R, science, math)
k-Nearest Neighbor Mutual Information estimator

R-lmeInfo @0.3.2_2 (R, science, math)
Information matrices for lmestruct and glsstruct objects

R-lucid @1.8_1 (R, science, math)
Print floating point numbers in a human-friendly format

R-metaBLUE @1.0.0_1 (R, science)
BLUE for combining location and scale information in a meta-analysis

R-miic @2.0.3 (R, science, math)
Learning causal or non-causal graphical models using information theory

R-minerva @1.5.10_2 (R, science, math)
Maximal information-based non-parametric exploration for variable analysis

R-mlt @1.6-1 (R, science, math)
Most Likely Transformations

R-mombf @3.5.4_1 (R, science, math)
Model selection with Bayesian methods and information criteria

R-mpmi @0.43.2.1_1 (R, science, math)
Mixed-Pair Mutual Information estimators

R-nltm @1.4.5_1 (R, science, math)
Non-Linear Transformation Models

R-NMI @2.0_1 (R, science, economics)
Normalized Mutual Information of community structure in network

R-officedown @0.3.3 (R, science)
Enhanced R Markdown format for Word and PowerPoint

R-parsedate @1.3.2 (R, science)
Recognize and parse dates in various formats

R-pillar @1.9.0.9035 (R, science)
Format columns with color

R-prettyunits @1.2.0_1 (R, science)
Pretty, human readable formatting of quantities

R-printr @0.3_1 (R, science)
Automatically print R objects to appropriate formats according to the knitr output format

R-PROJ @0.5.0 (R, science, gis)
Generic coordinate system transformations using PROJ

R-Publish @2023.01.17_2 (R, science)
Format output of various routines in a suitable way for reports and publication.

R-qmap @1.0-4_1 (R, science, math)
Statistical transformations for post-processing climate model output

R-r2rtf @1.1.1_1 (R, science, office)
Easily create production-ready Rich Text Format (RTF) tables and figures

R-rbibutils @2.3 (R, science)
Read Bibtex files and convert between bibliography formats

R-readsparse @0.1.5-6_1 (R, science, math)
Read and write sparse matrices in SVMLight and LibSVM formats

R-readtext @0.91_1 (R, science, textproc)
Import and handling for plain and formatted text files

R-reproj @0.7.0 (R, science, gis)
Coordinate system transformations for generic map data

R-rmdformats @1.0.4_1 (R, science)
HTML output formats and templates for R-rmarkdown documents

R-RNetCDF @2.9-2_2 (R, science)
Interface to NetCDF file formats

R-rtf @0.4-14.1_1 (R, science, textproc)
Rich Text Format (RTF) output

R-rticles @0.27_1 (R, science)
Article formats for R markdown

R-RTransferEntropy @0.2.21_1 (R, science, math)
Measuring information flow between time series with Shannon and Renyi transfer entropy

R-rust @1.4.3 (R, science, math)
Ratio-of-Uniforms Simulation with Transformation

R-safetensors @0.1.2_1 (R, science, devel)
Safetensors file format

R-SBICgraph @1.0.0_1 (R, science, math)
Structural Bayesian information criterion for graphical models

R-sctransform @0.4.1 (R, science)
Variance stabilizing transformations for single cell UMI data

R-sessioninfo @1.2.2_2 (R, science, sysutils)
R Session Information

R-sift @0.1.0_1 (R, science)
Facilitate extraction of key information from common datasets

R-simIReff @1.0_1 (R, science, math)
Stochastic simulation for information retrieval evaluation – effectiveness scores

R-sjmisc @2.8.10 (R, science)
Data and variable transformation functions

R-stargazer @5.2.3_2 (R, science)
Well-formatted regression and summary statistics tables

R-statcomp @0.1.0_1 (R, science, math)
Statistical complexity and information measures for time series analysis

R-tablaxlsx @1.2.5_1 (R, science, office)
Write formatted tables in Excel workbooks

R-tbm @0.3-6_1 (R, science, math)
Transformation Boosting Machines

R-tikzDevice @0.12.6_1 (R, science, graphics)
R graphics output in LaTeX format

R-tram @1.2-0 (R, science, math)
R-Formula-based user-interfaces to specific transformation models

R-tramME @1.0.6 (R, science, math)
Transformation models with mixed effects

R-tramnet @0.0-8_1 (R, science, math)
Penalized transformation models

R-transformr @0.1.5_1 (R, science, geometry)
Polygon and path transformations

R-trtf @0.4-2_1 (R, science, math)
Transformation trees and forests

R-tzdb @0.4.0_2 (R, science, devel)
Time zone database information

R-unrtf @1.4.7 (R, science, office)
Extract text from Rich Text Format (RTF) documents

R-vistla @2.0.3 (R, science, math)
Detect influence paths with information theory

R-voi @1.0.3 (R, science, economics)
Expected Value of Information

R-webp @1.2.1 (R, science, graphics)
New format for lossless and lossy image compression

R-writexl @1.5.1 (R, science)
Export data frames to Excel xlsx format

R-xslt @1.4.6 (R, science)
Extensible style-sheet language transformations

rare @0.5.5 (textproc)
Realtime regex-extraction and aggregation into common formats such as histograms, bar graphs, numerical summaries, tables, and more!

rb-bioruby @0.6.2_2 (ruby, science)
Integrated environment for bioinformatics.

rb-mime-types-data @3.2025.0610 (ruby)
rb-mime-types-data provides a registry for information about MIME media type definitions.

rb-mofo @0.2.16 (ruby)
A ruby microformat parser

rb-rdtool @0.6.37 (ruby, textproc)
RDtool is RD formatter and utilities. (RD is Ruby's POD)

rb-sys-uptime @0.4.1 (ruby, sysutils)
'uptime' information via Ruby - C extension

rb-text-format @1.0.0_1 (ruby, textproc)
Text::Format for Ruby

rb31-mime-types-data @3.2025.0610 (ruby)
rb-mime-types-data provides a registry for information about MIME media type definitions.

rb32-mime-types-data @3.2025.0610 (ruby)
rb-mime-types-data provides a registry for information about MIME media type definitions.

rb33-mime-types-data @3.2025.0610 (ruby)
rb-mime-types-data provides a registry for information about MIME media type definitions.

rb34-mime-types-data @3.2025.0610 (ruby)
rb-mime-types-data provides a registry for information about MIME media type definitions.

rdkit @2025.09.5_1 (science, chemistry)
RDKit: Open-Source Cheminformatics Software

Rgb2Hires @20231031 (graphics)
a set of tools for converting images to Apple II format

rman @3.2_1 (textproc)
Man page format converter

rpm2html @1.11.2 (sysutils)
Translates an RPM database and dependency information into HTML

rq @1.0.4 (textproc)
Record Query - A tool for doing record analysis and transformation

samtools @1.22.1 (science)
Tools for alignments in the SAM format

scid @4.7.0 (games)
Shane's Chess Information Database

screenfetch @2023.12.28 (sysutils)
CLI system information tool

SDL3_image @3.4.0 (devel, graphics)
Add on library for libSDL handling several image formats

sfeed @2.3 (net, www)
RSS and Atom parser (and some format programs)

shfmt @3.12.0 (devel)
Autoformat shell script source code

stiff @2.4.0_1 (science)
STIFF is a program to convert FITS images to TIFF format.

stylua @2.3.1 (lua)
An opinionated Lua code formatter

swiftformat @0.54.3 (devel)
Swift formatter

tabiew @0.12.0 (textproc)
A lightweight, terminal-based application to view and query delimiter separated value formatted documents, such as CSV or TSV files

tabulate @1.5_1 (devel)
tabulate is a header-only library for printing aligned, formated and colorized tables in moder C++.

tagtool @0.12.3_4 (audio)
Audio Tag Tool is a program to manage the information fields in MP3 and Ogg Vorbis files, commonly called tags.

talisman @1.37.0 (devel, security)
Git-hook utility to protect from committing sensitive information.

tclxml @3.2 (lang, tcl)
This package provides XML parsers, DOM scripting and XSL Transformations for Tcl.

terraform-docs @0.17.0 (devel)
Generate Terraform modules documentation in various formats.

texinfo @7.2 (textproc)
The official documentation format of the GNU project

texlive-formats-extra @74380 (tex)
TeX Live: Additional formats

tiff @4.7.1 (graphics)
Library and tools for dealing with Tag Image File Format

tkimg @1.4.16_1 (graphics)
adds a lot of image formats to Tcl/Tk

topydo @0.14 (office)
todo list application using the todo.txt format

trdsql @1.1.0 (textproc, databases)
CLI tool that can execute SQL queries on CSV, LTSV, JSON and TBLN files. Can output to various formats.

treefmt @2.4.0 (devel)
One CLI to format your repo

treeline @3.2.1 (office, pim, python)
Advanced outliner and personal information manager

tv @0.7.0 (textproc)
Format json and csv into table display in the CLI

TwitterDemandAnalyzer @1.1 (science)
An analysis tool (to be used on the data created by the collector) for economists using the fact that Twitter presents a demand curve for information

TwitterDemandCollector @1.1 (science)
A collection tool for economists using the fact that Twitter presents a demand curve for information

txt2man @1.7.1 (textproc)
Converts flat ASCII text to man page format

unalz @0.65_1 (archivers)
unarchiver for the AlZip format

urw-core35-fonts @2017-08-04 (x11, fonts)
URW core35 fonts in various formats

userinfo @2.5 (sysutils)
Userinfo displays information about a local user.

vsd2svg @0.1.0_1 (graphics)
A commandline tool to convert files in VSD (Visio) format to SVG.

webp @1.6.0 (graphics, science, devel)
image format library providing lossy compression for photographic images

wimlib @1.14.4 (archivers)
tools for dealing with files in Windows Imaging Format

xcpretty @0.4.1 (devel)
Flexible and fast xcodebuild formatter

xdmf @3.0.0_12 (science, devel)
eXtensible Data Model and Format

xdpyinfo @1.3.2 (x11)
Display information utility for X11

xfce4-appfinder @4.18.1 (xfce)
Software to find every application supporting Desktop entry format

xfsinfo @1.0.6 (x11, graphics)
X11 font server information utility

xml2 @0.5 (textproc, xml)
Convert between XML/HTML and a shell-friendly format

xml2rfc @3.31.0 (textproc)
RFC formatting utility using XML source

xmlformat @1.04 (textproc, perl, ruby)
formatter for XML documents

xmlresume2x @0.2.1_1 (textproc)
converts XML resume format to various output formats

xmlroff @0.6.3_5 (textproc)
An XSL formatter producing PDF and PostScript.

xmlto @0.0.29 (textproc)
Convert an XML document to another format based on XSL or other tools

xmltoman @0.4_1 (textproc)
Small scripts to convert xml to man pages in groff format or html

xmltv @1.2.1 (multimedia, textproc)
utilities to download tv listings and format them in xml

xvinfo @1.1.4 (x11)
Print out X-Video extension adaptor information

xwininfo @1.1.5 (x11)
Window information utility for X11

yorick-av @0.0.5 (science, multimedia, yorick)
Write movies to various formats from within Yorick

yorick-hdf5 @0.8.0_14 (science, yorick)
Hierarchical Data Format 5 interface for Yorick

yorick-ml4 @0.6.0 (science, yorick)
Matlab 4 file format support fo Yorick

zebra @2.2.8 (databases, net, www, devel)
information management system

zeitgeist @1.0.4_2 (devel)
Zeitgeist is a service which logs the users's activities and events (files opened, websites visites, conversations held with other people, etc.) and makes relevant information available to other applications.

zfp @2024.11.26 (science, devel)
zfp is a compressed format for representing multi-dimensional floating-point and integer arrays

zopfli @1.0.3_3 (archivers)
Zopfli compression format

Found 1180 ports.
