2025-04-08 01:13:27.072971-0700: PolicyEngine started: 7800020000000000, Time: Tue Apr  8 01:13:27 2025
2025-04-08 01:13:28.084418-0700: NOTICE: kAGDCCallbackCapability: 0x0 []
2025-04-08 01:13:29.083652-0700: NOTICE: Vendor portmap 0xe mst 0xc ddc 0xc aux 0xe
2025-04-08 01:13:29.083913-0700: NOTICE: Features policyd 0x20100000 kernel 0x0
2025-04-08 01:13:29.093310-0700: NOTICE: Populated addr 1.0 bad:f00d UUID 0 order 0:0 tx 2:2 dsp 1 WL 0 MS 0 edid 128 undef 0 DSC 0
2025-04-08 01:13:29.102982-0700: NOTICE: Populated addr 1.0 bad:f00d UUID 0 order 0:0 tx 2:2 dsp 1 WL 0 MS 0 edid 128 undef 0 DSC 0
2025-04-08 01:13:29.103034-0700: NOTICE: FB AGDC state FB[0] - ON
2025-04-08 01:13:29.109497-0700: NOTICE: accepted No_Media_Mode enter, Tue Apr  8 01:13:29 2025
2025-04-08 01:13:29.110354-0700: NOTICE: accepted No_Media_Mode exit, Tue Apr  8 01:13:29 2025
2025-04-08 01:13:29.110874-0700: NOTICE: doChange: addr 1.0 [7]
2025-04-08 01:13:29.110916-0700: NOTICE: doChange: addr 2.0 [7]
2025-04-08 01:13:29.116667-0700: NOTICE: doChange: addr 3.0 [7]
2025-04-08 01:13:29.123318-0700: NOTICE: doChange: addr 1.0 [7]
2025-04-08 01:13:29.123438-0700: NOTICE: doChange: addr 2.0 [7]
2025-04-08 01:13:29.128298-0700: NOTICE: doChange: addr 3.0 [7]
2025-04-08 01:22:58.776419-0700: NOTICE: accepted No_Media_Mode enter, Tue Apr  8 01:22:58 2025
2025-04-09 02:42:17.415483-0700: NOTICE: accepted No_Media_Mode exit, Wed Apr  9 02:42:17 2025
2025-04-09 02:42:17.425840-0700: NOTICE: doChange: addr 1.0 [7]
2025-04-09 02:42:17.426373-0700: NOTICE: doChange: addr 2.0 [7]
2025-04-09 02:42:17.429119-0700: NOTICE: doChange: addr 3.0 [7]
2025-04-09 02:42:31.395921-0700: NOTICE: accepted No_Media_Mode enter, Wed Apr  9 02:42:31 2025
2025-04-09 02:43:05.937207-0700: NOTICE: accepted No_Media_Mode exit, Wed Apr  9 02:43:05 2025
2025-04-09 02:43:05.946975-0700: NOTICE: doChange: addr 1.0 [7]
2025-04-09 02:43:05.947026-0700: NOTICE: doChange: addr 2.0 [7]
2025-04-09 02:43:05.949651-0700: NOTICE: doChange: addr 3.0 [7]
2025-05-13 08:28:50.365002-0700: PolicyEngine started: 7800020000000000, Time: Tue May 13 08:28:50 2025
2025-05-13 08:28:51.032102-0700: NOTICE: kAGDCCallbackCapability: 0x0 []
2025-05-13 08:28:51.899482-0700: NOTICE: Vendor portmap 0xe mst 0xc ddc 0xc aux 0xe
2025-05-13 08:28:51.900940-0700: NOTICE: Features policyd 0x20100000 kernel 0x0
2025-05-13 08:28:51.936564-0700: NOTICE: Populated addr 1.0 bad:f00d UUID 0 order 0:0 tx 2:2 dsp 1 WL 0 MS 0 edid 128 undef 0 DSC 0
2025-05-13 08:28:51.945523-0700: NOTICE: Populated addr 1.0 bad:f00d UUID 0 order 0:0 tx 2:2 dsp 1 WL 0 MS 0 edid 128 undef 0 DSC 0
2025-05-13 08:28:51.945574-0700: NOTICE: FB AGDC state FB[0] - ON
2025-05-13 08:28:51.956920-0700: NOTICE: accepted No_Media_Mode enter, Tue May 13 08:28:51 2025
2025-05-13 08:28:51.957187-0700: NOTICE: accepted No_Media_Mode exit, Tue May 13 08:28:51 2025
2025-05-13 08:28:51.957271-0700: NOTICE: doChange: addr 1.0 [7]
2025-05-13 08:28:51.957296-0700: NOTICE: doChange: addr 2.0 [7]
2025-05-13 08:28:51.960133-0700: NOTICE: doChange: addr 3.0 [7]
2025-05-13 08:28:51.969690-0700: NOTICE: doChange: addr 1.0 [7]
2025-05-13 08:28:51.969810-0700: NOTICE: doChange: addr 2.0 [7]
2025-05-13 08:28:51.972813-0700: NOTICE: doChange: addr 3.0 [7]
2025-05-13 08:28:52.599245-0700: PolicyEngine started: 7800020000000000, Time: Tue May 13 08:28:52 2025
2025-05-13 08:28:52.599458-0700: NOTICE: kAGDCCallbackCapability: 0x0 []
2025-05-13 08:28:52.600059-0700: NOTICE: Vendor portmap 0xe mst 0xc ddc 0xc aux 0xe
2025-05-13 08:28:52.600105-0700: NOTICE: Features policyd 0x20100000 kernel 0x0
2025-05-13 08:28:52.600465-0700: NOTICE: doing display state recovery
2025-05-13 08:28:52.601341-0700: NOTICE: FB AGDC state FB[0] - ON
2025-05-13 08:28:52.603401-0700: NOTICE: doChange: addr 1.0 [7]
2025-05-13 08:28:52.603446-0700: NOTICE: doChange: addr 2.0 [7]
2025-05-13 08:28:52.606487-0700: NOTICE: doChange: addr 3.0 [7]
2025-06-13 08:10:08.262357-0700: PolicyEngine started: 7800020000000000, Time: Fri Jun 13 08:10:08 2025
2025-06-13 08:10:08.938537-0700: NOTICE: kAGDCCallbackCapability: 0x0 []
2025-06-13 08:10:10.711349-0700: NOTICE: Vendor portmap 0xe mst 0xc ddc 0xc aux 0xe
2025-06-13 08:10:10.711639-0700: NOTICE: Features policyd 0x20100000 kernel 0x0
2025-06-13 08:10:10.718911-0700: NOTICE: Populated addr 1.0 bad:f00d UUID 0 order 0:0 tx 2:2 dsp 1 WL 0 MS 0 edid 128 undef 0 DSC 0
2025-06-13 08:10:10.731872-0700: NOTICE: Populated addr 1.0 bad:f00d UUID 0 order 0:0 tx 2:2 dsp 1 WL 0 MS 0 edid 128 undef 0 DSC 0
2025-06-13 08:10:10.732365-0700: NOTICE: FB AGDC state FB[0] - ON
2025-06-13 08:10:10.752515-0700: NOTICE: accepted No_Media_Mode enter, Fri Jun 13 08:10:10 2025
2025-06-13 08:10:10.752569-0700: NOTICE: accepted No_Media_Mode exit, Fri Jun 13 08:10:10 2025
2025-06-13 08:10:10.752724-0700: NOTICE: doChange: addr 1.0 [7]
2025-06-13 08:10:10.752750-0700: NOTICE: doChange: addr 2.0 [7]
2025-06-13 08:10:10.758560-0700: NOTICE: doChange: addr 3.0 [7]
2025-06-13 08:10:10.765051-0700: NOTICE: doChange: addr 1.0 [7]
2025-06-13 08:10:10.765093-0700: NOTICE: doChange: addr 2.0 [7]
2025-06-13 08:10:10.769312-0700: NOTICE: doChange: addr 3.0 [7]
2025-06-13 14:32:20.506480-0500: NOTICE: accepted No_Media_Mode enter, Fri Jun 13 14:32:20 2025
2025-06-13 14:32:21.771830-0500: NOTICE: accepted No_Media_Mode exit, Fri Jun 13 14:32:21 2025
2025-06-13 14:32:21.902171-0500: NOTICE: doChange: addr 1.0 [7]
2025-06-13 14:32:21.902214-0500: NOTICE: doChange: addr 2.0 [7]
2025-06-13 14:32:21.905399-0500: NOTICE: doChange: addr 3.0 [7]
2025-06-13 14:59:29.456273-0500: PolicyEngine started: 7800020000000000, Time: Fri Jun 13 14:59:29 2025
2025-06-13 14:59:30.301213-0500: NOTICE: kAGDCCallbackCapability: 0x0 []
2025-06-13 14:59:31.541538-0500: NOTICE: Vendor portmap 0xe mst 0xc ddc 0xc aux 0xe
2025-06-13 14:59:31.541826-0500: NOTICE: Features policyd 0x20100000 kernel 0x0
2025-06-13 14:59:31.550035-0500: NOTICE: Populated addr 1.0 bad:f00d UUID 0 order 0:0 tx 2:2 dsp 1 WL 0 MS 0 edid 128 undef 0 DSC 0
2025-06-13 14:59:31.556155-0500: NOTICE: Populated addr 1.0 bad:f00d UUID 0 order 0:0 tx 2:2 dsp 1 WL 0 MS 0 edid 128 undef 0 DSC 0
2025-06-13 14:59:31.556231-0500: NOTICE: FB AGDC state FB[0] - ON
2025-06-13 14:59:31.561353-0500: NOTICE: accepted No_Media_Mode enter, Fri Jun 13 14:59:31 2025
2025-06-13 14:59:31.561428-0500: NOTICE: accepted No_Media_Mode exit, Fri Jun 13 14:59:31 2025
2025-06-13 14:59:31.561524-0500: NOTICE: doChange: addr 1.0 [7]
2025-06-13 14:59:31.561557-0500: NOTICE: doChange: addr 2.0 [7]
2025-06-13 14:59:31.564781-0500: NOTICE: doChange: addr 3.0 [7]
2025-06-13 14:59:31.573080-0500: NOTICE: doChange: addr 1.0 [7]
2025-06-13 14:59:31.573191-0500: NOTICE: doChange: addr 2.0 [7]
2025-06-13 14:59:31.576325-0500: NOTICE: doChange: addr 3.0 [7]
2025-06-13 15:10:41.031996-0500: NOTICE: accepted No_Media_Mode enter, Fri Jun 13 15:10:42 2025
2025-06-13 15:10:41.958891-0500: NOTICE: accepted No_Media_Mode exit, Fri Jun 13 15:10:43 2025
2025-06-13 15:10:42.226255-0500: NOTICE: doChange: addr 1.0 [7]
2025-06-13 15:10:42.226309-0500: NOTICE: doChange: addr 2.0 [7]
2025-06-13 15:10:42.229073-0500: NOTICE: doChange: addr 3.0 [7]
2025-06-13 15:10:50.120301-0500: NOTICE: accepted No_Media_Mode enter, Fri Jun 13 15:10:51 2025
2025-06-13 15:10:52.429645-0500: NOTICE: accepted No_Media_Mode exit, Fri Jun 13 15:10:53 2025
2025-06-13 15:10:52.634316-0500: NOTICE: doChange: addr 1.0 [7]
2025-06-13 15:10:52.634459-0500: NOTICE: doChange: addr 2.0 [7]
2025-06-13 15:10:52.639293-0500: NOTICE: doChange: addr 3.0 [7]
2025-06-13 15:10:54.276369-0500: NOTICE: accepted No_Media_Mode enter, Fri Jun 13 15:10:55 2025
2025-06-14 14:39:26.957703-0500: NOTICE: accepted No_Media_Mode exit, Sat Jun 14 14:39:26 2025
2025-06-14 14:39:26.998300-0500: NOTICE: doChange: addr 1.0 [7]
2025-06-14 14:39:26.998331-0500: NOTICE: doChange: addr 2.0 [7]
2025-06-14 14:39:27.004213-0500: NOTICE: doChange: addr 3.0 [7]
2025-06-14 14:49:38.979697-0500: NOTICE: accepted No_Media_Mode enter, Sat Jun 14 14:49:36 2025
2025-06-18 17:27:06.395372-0500: NOTICE: accepted No_Media_Mode exit, Wed Jun 18 17:27:06 2025
2025-06-18 17:27:06.416524-0500: NOTICE: doChange: addr 1.0 [7]
2025-06-18 17:27:06.417268-0500: NOTICE: doChange: addr 2.0 [7]
2025-06-18 17:27:06.437807-0500: NOTICE: doChange: addr 3.0 [7]
2025-06-18 17:33:49.663416-0500: NOTICE: accepted No_Media_Mode enter, Wed Jun 18 17:33:37 2025
2025-06-18 17:42:39.003673-0500: NOTICE: accepted No_Media_Mode exit, Wed Jun 18 17:42:39 2025
2025-06-18 17:42:39.021932-0500: NOTICE: doChange: addr 1.0 [7]
2025-06-18 17:42:39.021985-0500: NOTICE: doChange: addr 2.0 [7]
2025-06-18 17:42:39.024693-0500: NOTICE: doChange: addr 3.0 [7]
2025-06-18 18:10:05.871214-0500: NOTICE: accepted No_Media_Mode enter, Wed Jun 18 18:10:05 2025
2025-06-23 15:56:32.910529-0500: NOTICE: accepted No_Media_Mode exit, Mon Jun 23 15:56:32 2025
2025-06-23 15:56:32.953895-0500: NOTICE: doChange: addr 1.0 [7]
2025-06-23 15:56:32.954334-0500: NOTICE: doChange: addr 2.0 [7]
2025-06-23 15:56:32.959096-0500: NOTICE: doChange: addr 3.0 [7]
2025-06-23 16:10:58.329318-0500: NOTICE: accepted No_Media_Mode enter, Mon Jun 23 16:10:50 2025
2025-06-24 16:50:23.005656-0500: NOTICE: accepted No_Media_Mode exit, Tue Jun 24 16:50:23 2025
2025-06-24 16:50:23.015652-0500: NOTICE: doChange: addr 1.0 [7]
2025-06-24 16:50:23.015730-0500: NOTICE: doChange: addr 2.0 [7]
2025-06-24 16:50:23.018519-0500: NOTICE: doChange: addr 3.0 [7]
2025-06-24 16:50:57.967399-0500: NOTICE: accepted No_Media_Mode enter, Tue Jun 24 16:50:57 2025
2025-06-24 16:50:59.360930-0500: NOTICE: accepted No_Media_Mode exit, Tue Jun 24 16:50:59 2025
2025-06-24 16:50:59.688650-0500: NOTICE: doChange: addr 1.0 [7]
2025-06-24 16:50:59.688717-0500: NOTICE: doChange: addr 2.0 [7]
2025-06-24 16:50:59.691345-0500: NOTICE: doChange: addr 3.0 [7]
2025-06-24 16:51:14.284142-0500: NOTICE: accepted No_Media_Mode enter, Tue Jun 24 16:51:14 2025
2025-06-24 16:51:16.354119-0500: NOTICE: accepted No_Media_Mode exit, Tue Jun 24 16:51:16 2025
2025-06-24 16:51:16.621124-0500: NOTICE: doChange: addr 1.0 [7]
2025-06-24 16:51:16.621200-0500: NOTICE: doChange: addr 2.0 [7]
2025-06-24 16:51:16.624395-0500: NOTICE: doChange: addr 3.0 [7]
2025-06-24 16:51:23.633826-0500: NOTICE: accepted No_Media_Mode enter, Tue Jun 24 16:51:23 2025
2025-06-24 16:59:58.937816-0500: NOTICE: accepted No_Media_Mode exit, Tue Jun 24 16:59:58 2025
2025-06-24 16:59:59.002139-0500: NOTICE: doChange: addr 1.0 [7]
2025-06-24 16:59:59.002438-0500: NOTICE: doChange: addr 2.0 [7]
2025-06-24 16:59:59.011869-0500: NOTICE: doChange: addr 3.0 [7]
2025-06-24 17:00:31.682562-0500: NOTICE: accepted No_Media_Mode enter, Tue Jun 24 17:00:31 2025
2025-06-24 17:01:54.965840-0500: NOTICE: accepted No_Media_Mode exit, Tue Jun 24 17:01:54 2025
2025-06-24 17:01:55.025480-0500: NOTICE: doChange: addr 1.0 [7]
2025-06-24 17:01:55.025626-0500: NOTICE: doChange: addr 2.0 [7]
2025-06-24 17:01:55.032931-0500: NOTICE: doChange: addr 3.0 [7]
2025-06-24 17:02:17.546388-0500: NOTICE: accepted No_Media_Mode enter, Tue Jun 24 17:02:17 2025
2025-06-25 12:39:52.131730-0500: NOTICE: accepted No_Media_Mode exit, Wed Jun 25 12:39:52 2025
2025-06-25 12:39:52.166663-0500: NOTICE: doChange: addr 1.0 [7]
2025-06-25 12:39:52.166961-0500: NOTICE: doChange: addr 2.0 [7]
2025-06-25 12:39:52.178768-0500: NOTICE: doChange: addr 3.0 [7]
2025-06-25 13:11:30.186421-0500: NOTICE: accepted No_Media_Mode enter, Wed Jun 25 13:11:30 2025
2025-06-25 13:11:49.974174-0500: NOTICE: accepted No_Media_Mode exit, Wed Jun 25 13:11:49 2025
2025-06-25 13:11:49.986898-0500: NOTICE: doChange: addr 1.0 [7]
2025-06-25 13:11:49.986964-0500: NOTICE: doChange: addr 2.0 [7]
2025-06-25 13:11:50.011568-0500: NOTICE: doChange: addr 3.0 [7]
2025-06-25 13:12:06.671765-0500: NOTICE: accepted No_Media_Mode enter, Wed Jun 25 13:12:06 2025
2025-06-25 13:44:15.906449-0500: NOTICE: accepted No_Media_Mode exit, Wed Jun 25 13:44:15 2025
2025-06-25 13:44:16.080607-0500: NOTICE: doChange: addr 1.0 [7]
2025-06-25 13:44:16.080701-0500: NOTICE: doChange: addr 2.0 [7]
2025-06-25 13:44:16.083712-0500: NOTICE: doChange: addr 3.0 [7]
2025-06-25 13:44:46.520558-0500: NOTICE: accepted No_Media_Mode enter, Wed Jun 25 13:44:46 2025
2025-06-25 13:46:06.045660-0500: NOTICE: accepted No_Media_Mode exit, Wed Jun 25 13:46:06 2025
2025-06-25 13:46:06.218057-0500: NOTICE: doChange: addr 1.0 [7]
2025-06-25 13:46:06.218115-0500: NOTICE: doChange: addr 2.0 [7]
2025-06-25 13:46:06.220915-0500: NOTICE: doChange: addr 3.0 [7]
2025-06-25 13:46:49.187818-0500: NOTICE: accepted No_Media_Mode enter, Wed Jun 25 13:46:49 2025
2025-06-25 13:50:31.588991-0500: NOTICE: accepted No_Media_Mode exit, Wed Jun 25 13:50:31 2025
2025-06-25 13:50:31.616784-0500: NOTICE: doChange: addr 1.0 [7]
2025-06-25 13:50:31.616859-0500: NOTICE: doChange: addr 2.0 [7]
2025-06-25 13:50:31.619827-0500: NOTICE: doChange: addr 3.0 [7]
2025-06-26 15:01:26.867623-0500: PolicyEngine started: 7800020000000000, Time: Thu Jun 26 15:01:26 2025
2025-06-26 15:01:27.558770-0500: NOTICE: kAGDCCallbackCapability: 0x0 []
2025-06-26 15:01:28.361631-0500: NOTICE: Vendor portmap 0xe mst 0xc ddc 0xc aux 0xe
2025-06-26 15:01:28.361920-0500: NOTICE: Features policyd 0x20100000 kernel 0x0
2025-06-26 15:01:28.374510-0500: NOTICE: Populated addr 1.0 bad:f00d UUID 0 order 0:0 tx 2:2 dsp 1 WL 0 MS 0 edid 128 undef 0 DSC 0
2025-06-26 15:01:28.379347-0500: NOTICE: Populated addr 1.0 bad:f00d UUID 0 order 0:0 tx 2:2 dsp 1 WL 0 MS 0 edid 128 undef 0 DSC 0
2025-06-26 15:01:28.379409-0500: NOTICE: FB AGDC state FB[0] - ON
2025-06-26 15:01:28.393012-0500: NOTICE: accepted No_Media_Mode enter, Thu Jun 26 15:01:28 2025
2025-06-26 15:01:28.393069-0500: NOTICE: accepted No_Media_Mode exit, Thu Jun 26 15:01:28 2025
2025-06-26 15:01:28.393271-0500: NOTICE: doChange: addr 1.0 [7]
2025-06-26 15:01:28.393357-0500: NOTICE: doChange: addr 2.0 [7]
2025-06-26 15:01:28.400297-0500: NOTICE: doChange: addr 3.0 [7]
2025-06-26 15:01:28.405251-0500: NOTICE: doChange: addr 1.0 [7]
2025-06-26 15:01:28.405307-0500: NOTICE: doChange: addr 2.0 [7]
2025-06-26 15:01:28.407982-0500: NOTICE: doChange: addr 3.0 [7]
2025-06-26 15:01:28.779735-0500: PolicyEngine started: 7800020000000000, Time: Thu Jun 26 15:01:28 2025
2025-06-26 15:01:28.779989-0500: NOTICE: kAGDCCallbackCapability: 0x0 []
2025-06-26 15:01:28.781864-0500: NOTICE: Vendor portmap 0xe mst 0xc ddc 0xc aux 0xe
2025-06-26 15:01:28.781912-0500: NOTICE: Features policyd 0x20100000 kernel 0x0
2025-06-26 15:01:28.782994-0500: NOTICE: doing display state recovery
2025-06-26 15:01:28.785754-0500: NOTICE: FB AGDC state FB[0] - ON
2025-06-26 15:01:28.787851-0500: NOTICE: doChange: addr 1.0 [7]
2025-06-26 15:01:28.787907-0500: NOTICE: doChange: addr 2.0 [7]
2025-06-26 15:01:28.790492-0500: NOTICE: doChange: addr 3.0 [7]
2025-06-26 15:26:27.327841-0500: NOTICE: accepted No_Media_Mode enter, Thu Jun 26 15:26:27 2025
2025-06-30 13:47:27.447140-0500: NOTICE: accepted No_Media_Mode exit, Mon Jun 30 13:47:27 2025
2025-06-30 13:47:27.488093-0500: NOTICE: doChange: addr 1.0 [7]
2025-06-30 13:47:27.494024-0500: NOTICE: doChange: addr 2.0 [7]
2025-06-30 13:47:27.497578-0500: NOTICE: doChange: addr 3.0 [7]
2025-06-30 14:03:40.864289-0500: NOTICE: accepted No_Media_Mode enter, Mon Jun 30 14:03:40 2025
2025-06-30 14:03:42.437507-0500: NOTICE: accepted No_Media_Mode exit, Mon Jun 30 14:03:42 2025
2025-06-30 14:03:42.625707-0500: NOTICE: doChange: addr 1.0 [7]
2025-06-30 14:03:42.625745-0500: NOTICE: doChange: addr 2.0 [7]
2025-06-30 14:03:42.630931-0500: NOTICE: doChange: addr 3.0 [7]
2025-06-30 14:06:49.249450-0500: NOTICE: accepted No_Media_Mode enter, Mon Jun 30 14:06:49 2025
2025-06-30 14:10:05.358769-0500: NOTICE: accepted No_Media_Mode exit, Mon Jun 30 14:10:05 2025
2025-06-30 14:10:05.376419-0500: NOTICE: doChange: addr 1.0 [7]
2025-06-30 14:10:05.376478-0500: NOTICE: doChange: addr 2.0 [7]
2025-06-30 14:10:05.379149-0500: NOTICE: doChange: addr 3.0 [7]
2025-06-30 14:19:59.505450-0500: NOTICE: accepted No_Media_Mode enter, Mon Jun 30 14:19:59 2025
2025-06-30 14:28:58.799957-0500: NOTICE: accepted No_Media_Mode exit, Mon Jun 30 14:28:57 2025
2025-06-30 14:28:58.809777-0500: NOTICE: doChange: addr 1.0 [7]
2025-06-30 14:28:58.809841-0500: NOTICE: doChange: addr 2.0 [7]
2025-06-30 14:28:58.812743-0500: NOTICE: doChange: addr 3.0 [7]
2025-06-30 15:05:01.415016-0500: NOTICE: accepted No_Media_Mode enter, Mon Jun 30 15:05:01 2025
2025-06-30 15:05:05.981728-0500: NOTICE: accepted No_Media_Mode exit, Mon Jun 30 15:05:05 2025
2025-06-30 15:05:06.252900-0500: NOTICE: doChange: addr 1.0 [7]
2025-06-30 15:05:06.252951-0500: NOTICE: doChange: addr 2.0 [7]
2025-06-30 15:05:06.255522-0500: NOTICE: doChange: addr 3.0 [7]
2025-06-30 15:05:25.802657-0500: NOTICE: accepted No_Media_Mode enter, Mon Jun 30 15:05:25 2025
2025-07-01 13:18:06.947195-0500: NOTICE: accepted No_Media_Mode exit, Tue Jul  1 13:18:06 2025
2025-07-01 13:18:06.961039-0500: NOTICE: doChange: addr 1.0 [7]
2025-07-01 13:18:06.961111-0500: NOTICE: doChange: addr 2.0 [7]
2025-07-01 13:18:06.963856-0500: NOTICE: doChange: addr 3.0 [7]
2025-07-01 13:18:48.990718-0500: NOTICE: accepted No_Media_Mode enter, Tue Jul  1 13:18:48 2025
2025-07-01 13:22:21.940103-0500: NOTICE: accepted No_Media_Mode exit, Tue Jul  1 13:22:21 2025
2025-07-01 13:22:21.972187-0500: NOTICE: doChange: addr 1.0 [7]
2025-07-01 13:22:21.972246-0500: NOTICE: doChange: addr 2.0 [7]
2025-07-01 13:22:21.979579-0500: NOTICE: doChange: addr 3.0 [7]
2025-07-01 13:23:21.307213-0500: NOTICE: accepted No_Media_Mode enter, Tue Jul  1 13:23:21 2025
2025-07-01 13:29:16.919057-0500: NOTICE: accepted No_Media_Mode exit, Tue Jul  1 13:29:16 2025
2025-07-01 13:29:16.971256-0500: NOTICE: doChange: addr 1.0 [7]
2025-07-01 13:29:16.971331-0500: NOTICE: doChange: addr 2.0 [7]
2025-07-01 13:29:16.973885-0500: NOTICE: doChange: addr 3.0 [7]
2025-07-01 13:29:47.321338-0500: NOTICE: accepted No_Media_Mode enter, Tue Jul  1 13:29:47 2025
2025-07-01 13:32:26.966587-0500: NOTICE: accepted No_Media_Mode exit, Tue Jul  1 13:32:26 2025
2025-07-01 13:32:27.026418-0500: NOTICE: doChange: addr 1.0 [7]
2025-07-01 13:32:27.026481-0500: NOTICE: doChange: addr 2.0 [7]
2025-07-01 13:32:27.029583-0500: NOTICE: doChange: addr 3.0 [7]
2025-07-01 14:07:42.267806-0500: NOTICE: accepted No_Media_Mode enter, Tue Jul  1 14:07:42 2025
2025-07-02 13:49:07.014668-0500: NOTICE: accepted No_Media_Mode exit, Wed Jul  2 13:49:07 2025
2025-07-02 13:49:07.049651-0500: NOTICE: doChange: addr 1.0 [7]
2025-07-02 13:49:07.049727-0500: NOTICE: doChange: addr 2.0 [7]
2025-07-02 13:49:07.052417-0500: NOTICE: doChange: addr 3.0 [7]
2025-07-02 13:49:37.415059-0500: NOTICE: accepted No_Media_Mode enter, Wed Jul  2 13:49:37 2025
2025-07-02 13:54:23.950420-0500: NOTICE: accepted No_Media_Mode exit, Wed Jul  2 13:54:23 2025
2025-07-02 13:54:23.968486-0500: NOTICE: doChange: addr 1.0 [7]
2025-07-02 13:54:23.968594-0500: NOTICE: doChange: addr 2.0 [7]
2025-07-02 13:54:23.971191-0500: NOTICE: doChange: addr 3.0 [7]
2025-07-02 14:53:50.367635-0500: NOTICE: accepted No_Media_Mode enter, Wed Jul  2 14:53:50 2025
2025-07-11 13:13:00.866035-0500: NOTICE: accepted No_Media_Mode exit, Fri Jul 11 13:13:00 2025
2025-07-11 13:13:01.231673-0500: NOTICE: doChange: addr 1.0 [7]
2025-07-11 13:13:01.231746-0500: NOTICE: doChange: addr 2.0 [7]
2025-07-11 13:13:01.239815-0500: NOTICE: doChange: addr 3.0 [7]
2025-07-11 13:29:56.031529-0500: NOTICE: accepted No_Media_Mode enter, Fri Jul 11 13:29:56 2025
2025-07-14 14:55:08.857702-0500: NOTICE: accepted No_Media_Mode exit, Mon Jul 14 14:55:08 2025
2025-07-14 14:55:10.211516-0500: NOTICE: doChange: addr 1.0 [7]
2025-07-14 14:55:10.211777-0500: NOTICE: doChange: addr 2.0 [7]
2025-07-14 14:55:10.214656-0500: NOTICE: doChange: addr 3.0 [7]
2025-07-14 14:55:39.031954-0500: NOTICE: accepted No_Media_Mode enter, Mon Jul 14 14:55:39 2025
2025-07-14 14:55:40.815419-0500: NOTICE: accepted No_Media_Mode exit, Mon Jul 14 14:55:40 2025
2025-07-14 14:55:41.192564-0500: NOTICE: doChange: addr 1.0 [7]
2025-07-14 14:55:41.192640-0500: NOTICE: doChange: addr 2.0 [7]
2025-07-14 14:55:41.195864-0500: NOTICE: doChange: addr 3.0 [7]
2025-07-14 14:56:11.766713-0500: NOTICE: accepted No_Media_Mode enter, Mon Jul 14 14:56:11 2025
2025-07-14 14:57:57.518781-0500: NOTICE: accepted No_Media_Mode exit, Mon Jul 14 14:57:57 2025
2025-07-14 14:57:57.723745-0500: NOTICE: doChange: addr 1.0 [7]
2025-07-14 14:57:57.723804-0500: NOTICE: doChange: addr 2.0 [7]
2025-07-14 14:57:57.729033-0500: NOTICE: doChange: addr 3.0 [7]
2025-07-14 16:29:23.918844-0500: NOTICE: accepted No_Media_Mode enter, Mon Jul 14 16:29:23 2025
2025-07-14 16:30:55.101404-0500: NOTICE: accepted No_Media_Mode exit, Mon Jul 14 16:30:55 2025
2025-07-14 16:30:55.372613-0500: NOTICE: doChange: addr 1.0 [7]
2025-07-14 16:30:55.372805-0500: NOTICE: doChange: addr 2.0 [7]
2025-07-14 16:30:55.375516-0500: NOTICE: doChange: addr 3.0 [7]
2025-07-14 16:33:48.062228-0500: NOTICE: accepted No_Media_Mode enter, Mon Jul 14 16:33:48 2025
2025-07-15 12:10:55.317953-0500: NOTICE: accepted No_Media_Mode exit, Tue Jul 15 12:10:55 2025
2025-07-15 12:10:55.589993-0500: NOTICE: doChange: addr 1.0 [7]
2025-07-15 12:10:55.590068-0500: NOTICE: doChange: addr 2.0 [7]
2025-07-15 12:10:55.592937-0500: NOTICE: doChange: addr 3.0 [7]
2025-07-15 12:20:26.476269-0500: NOTICE: accepted No_Media_Mode enter, Tue Jul 15 12:20:22 2025
2025-07-15 12:55:35.914308-0500: NOTICE: accepted No_Media_Mode exit, Tue Jul 15 12:55:35 2025
2025-07-15 12:55:35.925211-0500: NOTICE: doChange: addr 1.0 [7]
2025-07-15 12:55:35.925364-0500: NOTICE: doChange: addr 2.0 [7]
2025-07-15 12:55:35.931756-0500: NOTICE: doChange: addr 3.0 [7]
2025-07-15 13:05:05.582296-0500: NOTICE: accepted No_Media_Mode enter, Tue Jul 15 13:05:05 2025
2025-07-15 13:18:17.093756-0500: NOTICE: accepted No_Media_Mode exit, Tue Jul 15 13:18:17 2025
2025-07-15 13:18:17.103803-0500: NOTICE: doChange: addr 1.0 [7]
2025-07-15 13:18:17.103865-0500: NOTICE: doChange: addr 2.0 [7]
2025-07-15 13:18:17.106462-0500: NOTICE: doChange: addr 3.0 [7]
2025-07-15 13:18:40.104787-0500: NOTICE: accepted No_Media_Mode enter, Tue Jul 15 13:18:42 2025
2025-07-15 13:45:02.030342-0500: NOTICE: accepted No_Media_Mode exit, Tue Jul 15 13:45:02 2025
2025-07-15 13:45:02.048669-0500: NOTICE: doChange: addr 1.0 [7]
2025-07-15 13:45:02.048886-0500: NOTICE: doChange: addr 2.0 [7]
2025-07-15 13:45:02.094765-0500: NOTICE: doChange: addr 3.0 [7]
2025-07-15 13:46:29.726189-0500: NOTICE: accepted No_Media_Mode enter, Tue Jul 15 13:46:30 2025
2025-07-16 01:51:10.993453-0500: NOTICE: accepted No_Media_Mode exit, Wed Jul 16 01:51:10 2025
2025-07-16 01:51:11.145842-0500: NOTICE: doChange: addr 1.0 [7]
2025-07-16 01:51:11.145945-0500: NOTICE: doChange: addr 2.0 [7]
2025-07-16 01:51:11.148595-0500: NOTICE: doChange: addr 3.0 [7]
2025-07-16 01:51:27.310943-0500: NOTICE: accepted No_Media_Mode enter, Wed Jul 16 01:51:27 2025
2025-07-18 11:30:39.025686-0500: NOTICE: accepted No_Media_Mode exit, Fri Jul 18 11:30:39 2025
2025-07-18 11:30:39.053929-0500: NOTICE: doChange: addr 1.0 [7]
2025-07-18 11:30:39.053991-0500: NOTICE: doChange: addr 2.0 [7]
2025-07-18 11:30:39.062082-0500: NOTICE: doChange: addr 3.0 [7]
2025-07-18 12:24:07.579654-0500: NOTICE: accepted No_Media_Mode enter, Fri Jul 18 12:24:07 2025
2025-07-18 12:44:00.088937-0500: NOTICE: accepted No_Media_Mode exit, Fri Jul 18 12:44:00 2025
2025-07-18 12:44:00.216858-0500: NOTICE: doChange: addr 1.0 [7]
2025-07-18 12:44:00.216956-0500: NOTICE: doChange: addr 2.0 [7]
2025-07-18 12:44:00.219909-0500: NOTICE: doChange: addr 3.0 [7]
2025-07-18 12:49:55.528463-0500: PolicyEngine started: 7800020000000000, Time: Fri Jul 18 12:49:55 2025
2025-07-18 12:49:56.181979-0500: NOTICE: kAGDCCallbackCapability: 0x0 []
2025-07-18 12:49:57.029701-0500: NOTICE: Vendor portmap 0xe mst 0xc ddc 0xc aux 0xe
2025-07-18 12:49:57.030022-0500: NOTICE: Features policyd 0x20100000 kernel 0x0
2025-07-18 12:49:57.051786-0500: NOTICE: Populated addr 1.0 bad:f00d UUID 0 order 0:0 tx 2:2 dsp 1 WL 0 MS 0 edid 128 undef 0 DSC 0
2025-07-18 12:49:57.054990-0500: NOTICE: Populated addr 1.0 bad:f00d UUID 0 order 0:0 tx 2:2 dsp 1 WL 0 MS 0 edid 128 undef 0 DSC 0
2025-07-18 12:49:57.055040-0500: NOTICE: FB AGDC state FB[0] - ON
2025-07-18 12:49:57.057702-0500: NOTICE: accepted No_Media_Mode enter, Fri Jul 18 12:49:57 2025
2025-07-18 12:49:57.057774-0500: NOTICE: accepted No_Media_Mode exit, Fri Jul 18 12:49:57 2025
2025-07-18 12:49:57.057854-0500: NOTICE: doChange: addr 1.0 [7]
2025-07-18 12:49:57.057926-0500: NOTICE: doChange: addr 2.0 [7]
2025-07-18 12:49:57.063180-0500: NOTICE: doChange: addr 3.0 [7]
2025-07-18 12:49:57.076628-0500: NOTICE: doChange: addr 1.0 [7]
2025-07-18 12:49:57.076685-0500: NOTICE: doChange: addr 2.0 [7]
2025-07-18 12:49:57.079762-0500: NOTICE: doChange: addr 3.0 [7]
2025-07-19 15:48:40.899173-0500: PolicyEngine started: 7800020000000000, Time: Sat Jul 19 15:48:40 2025
2025-07-19 15:48:41.545252-0500: NOTICE: kAGDCCallbackCapability: 0x0 []
2025-07-19 15:48:42.433701-0500: NOTICE: Vendor portmap 0xe mst 0xc ddc 0xc aux 0xe
2025-07-19 15:48:42.439193-0500: NOTICE: Features policyd 0x20100000 kernel 0x0
2025-07-19 15:48:42.443774-0500: NOTICE: Populated addr 1.0 bad:f00d UUID 0 order 0:0 tx 2:2 dsp 1 WL 0 MS 0 edid 128 undef 0 DSC 0
2025-07-19 15:48:42.455290-0500: NOTICE: Populated addr 1.0 bad:f00d UUID 0 order 0:0 tx 2:2 dsp 1 WL 0 MS 0 edid 128 undef 0 DSC 0
2025-07-19 15:48:42.455572-0500: NOTICE: FB AGDC state FB[0] - ON
2025-07-19 15:48:42.460243-0500: NOTICE: accepted No_Media_Mode enter, Sat Jul 19 15:48:42 2025
2025-07-19 15:48:42.460296-0500: NOTICE: accepted No_Media_Mode exit, Sat Jul 19 15:48:42 2025
2025-07-19 15:48:42.460408-0500: NOTICE: doChange: addr 1.0 [7]
2025-07-19 15:48:42.460437-0500: NOTICE: doChange: addr 2.0 [7]
2025-07-19 15:48:42.463188-0500: NOTICE: doChange: addr 3.0 [7]
2025-07-19 15:48:42.471428-0500: NOTICE: doChange: addr 1.0 [7]
2025-07-19 15:48:42.472042-0500: NOTICE: doChange: addr 2.0 [7]
2025-07-19 15:48:42.475983-0500: NOTICE: doChange: addr 3.0 [7]
2025-07-19 15:48:42.898513-0500: PolicyEngine started: 7800020000000000, Time: Sat Jul 19 15:48:42 2025
2025-07-19 15:48:42.898800-0500: NOTICE: kAGDCCallbackCapability: 0x0 []
2025-07-19 15:48:42.899254-0500: NOTICE: Vendor portmap 0xe mst 0xc ddc 0xc aux 0xe
2025-07-19 15:48:42.899298-0500: NOTICE: Features policyd 0x20100000 kernel 0x0
2025-07-19 15:48:42.899561-0500: NOTICE: doing display state recovery
2025-07-19 15:48:42.900263-0500: NOTICE: FB AGDC state FB[0] - ON
2025-07-19 15:48:42.901827-0500: NOTICE: doChange: addr 1.0 [7]
2025-07-19 15:48:42.901862-0500: NOTICE: doChange: addr 2.0 [7]
2025-07-19 15:48:42.905921-0500: NOTICE: doChange: addr 3.0 [7]
2025-07-19 16:28:55.267281-0500: PolicyEngine started: 7800020000000000, Time: Sat Jul 19 16:28:55 2025
2025-07-19 16:28:55.901354-0500: NOTICE: kAGDCCallbackCapability: 0x0 []
2025-07-19 16:28:56.714560-0500: NOTICE: Vendor portmap 0xe mst 0xc ddc 0xc aux 0xe
2025-07-19 16:28:56.715952-0500: NOTICE: Features policyd 0x20100000 kernel 0x0
2025-07-19 16:28:56.763183-0500: NOTICE: Populated addr 1.0 bad:f00d UUID 0 order 0:0 tx 2:2 dsp 1 WL 0 MS 0 edid 128 undef 0 DSC 0
2025-07-19 16:28:56.766423-0500: NOTICE: Populated addr 1.0 bad:f00d UUID 0 order 0:0 tx 2:2 dsp 1 WL 0 MS 0 edid 128 undef 0 DSC 0
2025-07-19 16:28:56.766475-0500: NOTICE: FB AGDC state FB[0] - ON
2025-07-19 16:28:56.768669-0500: NOTICE: accepted No_Media_Mode enter, Sat Jul 19 16:28:56 2025
2025-07-19 16:28:56.769194-0500: NOTICE: accepted No_Media_Mode exit, Sat Jul 19 16:28:56 2025
2025-07-19 16:28:56.769442-0500: NOTICE: doChange: addr 1.0 [7]
2025-07-19 16:28:56.769530-0500: NOTICE: doChange: addr 2.0 [7]
2025-07-19 16:28:56.774712-0500: NOTICE: doChange: addr 3.0 [7]
2025-07-19 16:28:56.778450-0500: NOTICE: doChange: addr 1.0 [7]
2025-07-19 16:28:56.778500-0500: NOTICE: doChange: addr 2.0 [7]
2025-07-19 16:28:56.781608-0500: NOTICE: doChange: addr 3.0 [7]
2025-07-21 13:58:17.195600-0500: PolicyEngine started: 7800020000000000, Time: Mon Jul 21 13:58:17 2025
2025-07-21 13:58:17.841420-0500: NOTICE: kAGDCCallbackCapability: 0x0 []
2025-07-21 13:58:18.629987-0500: NOTICE: Vendor portmap 0xe mst 0xc ddc 0xc aux 0xe
2025-07-21 13:58:18.632026-0500: NOTICE: Features policyd 0x20100000 kernel 0x0
2025-07-21 13:58:18.637248-0500: NOTICE: Populated addr 1.0 bad:f00d UUID 0 order 0:0 tx 2:2 dsp 1 WL 0 MS 0 edid 128 undef 0 DSC 0
2025-07-21 13:58:18.641452-0500: NOTICE: Populated addr 1.0 bad:f00d UUID 0 order 0:0 tx 2:2 dsp 1 WL 0 MS 0 edid 128 undef 0 DSC 0
2025-07-21 13:58:18.641549-0500: NOTICE: FB AGDC state FB[0] - ON
2025-07-21 13:58:18.648187-0500: NOTICE: accepted No_Media_Mode enter, Mon Jul 21 13:58:18 2025
2025-07-21 13:58:18.648352-0500: NOTICE: accepted No_Media_Mode exit, Mon Jul 21 13:58:18 2025
2025-07-21 13:58:18.650505-0500: NOTICE: doChange: addr 1.0 [7]
2025-07-21 13:58:18.651105-0500: NOTICE: doChange: addr 2.0 [7]
2025-07-21 13:58:18.654532-0500: NOTICE: doChange: addr 3.0 [7]
2025-07-21 13:58:18.659422-0500: NOTICE: doChange: addr 1.0 [7]
2025-07-21 13:58:18.659461-0500: NOTICE: doChange: addr 2.0 [7]
2025-07-21 13:58:18.662350-0500: NOTICE: doChange: addr 3.0 [7]
2025-07-21 14:13:11.160059-0500: NOTICE: accepted No_Media_Mode enter, Mon Jul 21 14:13:11 2025
2025-07-21 14:53:37.558182-0500: NOTICE: accepted No_Media_Mode exit, Mon Jul 21 14:53:37 2025
2025-07-21 14:53:37.717031-0500: NOTICE: doChange: addr 1.0 [7]
2025-07-21 14:53:37.717101-0500: NOTICE: doChange: addr 2.0 [7]
2025-07-21 14:53:37.719696-0500: NOTICE: doChange: addr 3.0 [7]
2025-07-22 13:12:44.797694-0500: PolicyEngine started: 7800020000000000, Time: Tue Jul 22 13:12:44 2025
2025-07-22 13:12:45.438521-0500: NOTICE: kAGDCCallbackCapability: 0x0 []
2025-07-22 13:12:46.294604-0500: NOTICE: Vendor portmap 0xe mst 0xc ddc 0xc aux 0xe
2025-07-22 13:12:46.298025-0500: NOTICE: Features policyd 0x20100000 kernel 0x0
2025-07-22 13:12:46.335963-0500: NOTICE: Populated addr 1.0 bad:f00d UUID 0 order 0:0 tx 2:2 dsp 1 WL 0 MS 0 edid 128 undef 0 DSC 0
2025-07-22 13:12:46.342335-0500: NOTICE: Populated addr 1.0 bad:f00d UUID 0 order 0:0 tx 2:2 dsp 1 WL 0 MS 0 edid 128 undef 0 DSC 0
2025-07-22 13:12:46.342389-0500: NOTICE: FB AGDC state FB[0] - ON
2025-07-22 13:12:46.348999-0500: NOTICE: accepted No_Media_Mode enter, Tue Jul 22 13:12:46 2025
2025-07-22 13:12:46.349312-0500: NOTICE: accepted No_Media_Mode exit, Tue Jul 22 13:12:46 2025
2025-07-22 13:12:46.350514-0500: NOTICE: doChange: addr 1.0 [7]
2025-07-22 13:12:46.351135-0500: NOTICE: doChange: addr 2.0 [7]
2025-07-22 13:12:46.355405-0500: NOTICE: doChange: addr 3.0 [7]
2025-07-22 13:12:46.363663-0500: NOTICE: doChange: addr 1.0 [7]
2025-07-22 13:12:46.363721-0500: NOTICE: doChange: addr 2.0 [7]
2025-07-22 13:12:46.376107-0500: NOTICE: doChange: addr 3.0 [7]
2025-07-23 16:59:59.652013-0500: PolicyEngine started: 7800020000000000, Time: Wed Jul 23 16:59:59 2025
2025-07-23 17:00:00.295066-0500: NOTICE: kAGDCCallbackCapability: 0x0 []
2025-07-23 17:00:01.050960-0500: NOTICE: Vendor portmap 0xe mst 0xc ddc 0xc aux 0xe
2025-07-23 17:00:01.051269-0500: NOTICE: Features policyd 0x20100000 kernel 0x0
2025-07-23 17:00:01.065067-0500: NOTICE: Populated addr 1.0 bad:f00d UUID 0 order 0:0 tx 2:2 dsp 1 WL 0 MS 0 edid 128 undef 0 DSC 0
2025-07-23 17:00:01.071445-0500: NOTICE: Populated addr 1.0 bad:f00d UUID 0 order 0:0 tx 2:2 dsp 1 WL 0 MS 0 edid 128 undef 0 DSC 0
2025-07-23 17:00:01.071510-0500: NOTICE: FB AGDC state FB[0] - ON
2025-07-23 17:00:01.082892-0500: NOTICE: accepted No_Media_Mode enter, Wed Jul 23 17:00:01 2025
2025-07-23 17:00:01.082966-0500: NOTICE: accepted No_Media_Mode exit, Wed Jul 23 17:00:01 2025
2025-07-23 17:00:01.083038-0500: NOTICE: doChange: addr 1.0 [7]
2025-07-23 17:00:01.083238-0500: NOTICE: doChange: addr 2.0 [7]
2025-07-23 17:00:01.085973-0500: NOTICE: doChange: addr 3.0 [7]
2025-07-23 17:00:01.093376-0500: NOTICE: doChange: addr 1.0 [7]
2025-07-23 17:00:01.093442-0500: NOTICE: doChange: addr 2.0 [7]
2025-07-23 17:00:01.096203-0500: NOTICE: doChange: addr 3.0 [7]
2025-07-26 14:24:01.773732-0500: PolicyEngine started: 7800020000000000, Time: Sat Jul 26 14:24:01 2025
2025-07-26 14:24:02.461183-0500: NOTICE: kAGDCCallbackCapability: 0x0 []
2025-07-26 14:24:03.234074-0500: NOTICE: Vendor portmap 0xe mst 0xc ddc 0xc aux 0xe
2025-07-26 14:24:03.292827-0500: NOTICE: Features policyd 0x20100000 kernel 0x0
2025-07-26 14:24:03.315799-0500: NOTICE: Populated addr 1.0 bad:f00d UUID 0 order 0:0 tx 2:2 dsp 1 WL 0 MS 0 edid 128 undef 0 DSC 0
2025-07-26 14:24:03.321474-0500: NOTICE: Populated addr 1.0 bad:f00d UUID 0 order 0:0 tx 2:2 dsp 1 WL 0 MS 0 edid 128 undef 0 DSC 0
2025-07-26 14:24:03.321592-0500: NOTICE: FB AGDC state FB[0] - ON
2025-07-26 14:24:03.325816-0500: NOTICE: accepted No_Media_Mode enter, Sat Jul 26 14:24:03 2025
2025-07-26 14:24:03.325869-0500: NOTICE: accepted No_Media_Mode exit, Sat Jul 26 14:24:03 2025
2025-07-26 14:24:03.325983-0500: NOTICE: doChange: addr 1.0 [7]
2025-07-26 14:24:03.326014-0500: NOTICE: doChange: addr 2.0 [7]
2025-07-26 14:24:03.329791-0500: NOTICE: doChange: addr 3.0 [7]
2025-07-26 14:24:03.335538-0500: NOTICE: doChange: addr 1.0 [7]
2025-07-26 14:24:03.335780-0500: NOTICE: doChange: addr 2.0 [7]
2025-07-26 14:24:03.338822-0500: NOTICE: doChange: addr 3.0 [7]
2025-07-26 14:58:40.278070-0500: NOTICE: accepted No_Media_Mode enter, Sat Jul 26 14:58:40 2025
2025-07-28 15:28:26.571684-0500: NOTICE: accepted No_Media_Mode exit, Mon Jul 28 15:28:26 2025
2025-07-28 15:28:26.591573-0500: NOTICE: doChange: addr 1.0 [7]
2025-07-28 15:28:26.591790-0500: NOTICE: doChange: addr 2.0 [7]
2025-07-28 15:28:26.595293-0500: NOTICE: doChange: addr 3.0 [7]
2025-07-28 15:45:58.677671-0500: NOTICE: accepted No_Media_Mode enter, Mon Jul 28 15:45:58 2025
2025-07-29 16:15:22.777418-0500: NOTICE: accepted No_Media_Mode exit, Tue Jul 29 16:15:22 2025
2025-07-29 16:15:22.795755-0500: NOTICE: doChange: addr 1.0 [7]
2025-07-29 16:15:22.795986-0500: NOTICE: doChange: addr 2.0 [7]
2025-07-29 16:15:22.799840-0500: NOTICE: doChange: addr 3.0 [7]
2025-07-29 16:17:43.504596-0500: NOTICE: accepted No_Media_Mode enter, Tue Jul 29 16:17:40 2025
2025-07-29 16:26:54.123390-0500: NOTICE: accepted No_Media_Mode exit, Tue Jul 29 16:26:51 2025
2025-07-29 16:26:54.150042-0500: NOTICE: doChange: addr 1.0 [7]
2025-07-29 16:26:54.150104-0500: NOTICE: doChange: addr 2.0 [7]
2025-07-29 16:26:54.154646-0500: NOTICE: doChange: addr 3.0 [7]
2025-07-29 16:57:07.611717-0500: PolicyEngine started: 7800020000000000, Time: Tue Jul 29 16:57:07 2025
2025-07-29 16:57:08.242665-0500: NOTICE: kAGDCCallbackCapability: 0x0 []
2025-07-29 16:57:09.016506-0500: NOTICE: Vendor portmap 0xe mst 0xc ddc 0xc aux 0xe
2025-07-29 16:57:09.016808-0500: NOTICE: Features policyd 0x20100000 kernel 0x0
2025-07-29 16:57:09.024304-0500: NOTICE: Populated addr 1.0 bad:f00d UUID 0 order 0:0 tx 2:2 dsp 1 WL 0 MS 0 edid 128 undef 0 DSC 0
2025-07-29 16:57:09.034577-0500: NOTICE: Populated addr 1.0 bad:f00d UUID 0 order 0:0 tx 2:2 dsp 1 WL 0 MS 0 edid 128 undef 0 DSC 0
2025-07-29 16:57:09.034674-0500: NOTICE: FB AGDC state FB[0] - ON
2025-07-29 16:57:09.043487-0500: NOTICE: accepted No_Media_Mode enter, Tue Jul 29 16:57:09 2025
2025-07-29 16:57:09.043543-0500: NOTICE: accepted No_Media_Mode exit, Tue Jul 29 16:57:09 2025
2025-07-29 16:57:09.043833-0500: NOTICE: doChange: addr 1.0 [7]
2025-07-29 16:57:09.043876-0500: NOTICE: doChange: addr 2.0 [7]
2025-07-29 16:57:09.046853-0500: NOTICE: doChange: addr 3.0 [7]
2025-07-29 16:57:09.058565-0500: NOTICE: doChange: addr 1.0 [7]
2025-07-29 16:57:09.058608-0500: NOTICE: doChange: addr 2.0 [7]
2025-07-29 16:57:09.061415-0500: NOTICE: doChange: addr 3.0 [7]
2025-07-29 16:57:09.431947-0500: PolicyEngine started: 7800020000000000, Time: Tue Jul 29 16:57:09 2025
2025-07-29 16:57:09.432118-0500: NOTICE: kAGDCCallbackCapability: 0x0 []
2025-07-29 16:57:09.432511-0500: NOTICE: Vendor portmap 0xe mst 0xc ddc 0xc aux 0xe
2025-07-29 16:57:09.432560-0500: NOTICE: Features policyd 0x20100000 kernel 0x0
2025-07-29 16:57:09.432676-0500: NOTICE: doing display state recovery
2025-07-29 16:57:09.433002-0500: NOTICE: FB AGDC state FB[0] - ON
2025-07-29 16:57:09.434496-0500: NOTICE: doChange: addr 1.0 [7]
2025-07-29 16:57:09.434529-0500: NOTICE: doChange: addr 2.0 [7]
2025-07-29 16:57:09.437247-0500: NOTICE: doChange: addr 3.0 [7]
2025-07-30 17:36:49.501680-0500: PolicyEngine started: 7800020000000000, Time: Wed Jul 30 17:36:49 2025
2025-07-30 17:36:50.155305-0500: NOTICE: kAGDCCallbackCapability: 0x0 []
2025-07-30 17:36:50.867207-0500: NOTICE: Vendor portmap 0xe mst 0xc ddc 0xc aux 0xe
2025-07-30 17:36:50.876884-0500: NOTICE: Features policyd 0x20100000 kernel 0x0
2025-07-30 17:36:50.899389-0500: NOTICE: Populated addr 1.0 bad:f00d UUID 0 order 0:0 tx 2:2 dsp 1 WL 0 MS 0 edid 128 undef 0 DSC 0
2025-07-30 17:36:50.908868-0500: NOTICE: Populated addr 1.0 bad:f00d UUID 0 order 0:0 tx 2:2 dsp 1 WL 0 MS 0 edid 128 undef 0 DSC 0
2025-07-30 17:36:50.908916-0500: NOTICE: FB AGDC state FB[0] - ON
2025-07-30 17:36:50.912719-0500: NOTICE: accepted No_Media_Mode enter, Wed Jul 30 17:36:50 2025
2025-07-30 17:36:50.912771-0500: NOTICE: accepted No_Media_Mode exit, Wed Jul 30 17:36:50 2025
2025-07-30 17:36:50.912835-0500: NOTICE: doChange: addr 1.0 [7]
2025-07-30 17:36:50.912855-0500: NOTICE: doChange: addr 2.0 [7]
2025-07-30 17:36:50.916908-0500: NOTICE: doChange: addr 3.0 [7]
2025-07-30 17:36:50.923949-0500: NOTICE: doChange: addr 1.0 [7]
2025-07-30 17:36:50.923995-0500: NOTICE: doChange: addr 2.0 [7]
2025-07-30 17:36:50.927080-0500: NOTICE: doChange: addr 3.0 [7]
2025-07-30 17:43:23.093444-0500: NOTICE: accepted No_Media_Mode enter, Wed Jul 30 17:43:23 2025
2025-08-02 12:05:42.054682-0500: NOTICE: accepted No_Media_Mode exit, Sat Aug  2 12:05:42 2025
2025-08-02 12:05:42.443514-0500: NOTICE: doChange: addr 1.0 [7]
2025-08-02 12:05:42.444681-0500: NOTICE: doChange: addr 2.0 [7]
2025-08-02 12:05:42.465625-0500: NOTICE: doChange: addr 3.0 [7]
2025-08-02 13:57:39.476743-0500: PolicyEngine started: 7800020000000000, Time: Sat Aug  2 13:57:39 2025
2025-08-02 13:57:40.106480-0500: NOTICE: kAGDCCallbackCapability: 0x0 []
2025-08-02 13:57:40.943348-0500: NOTICE: Vendor portmap 0xe mst 0xc ddc 0xc aux 0xe
2025-08-02 13:57:40.943642-0500: NOTICE: Features policyd 0x20100000 kernel 0x0
2025-08-02 13:57:40.959574-0500: NOTICE: Populated addr 1.0 bad:f00d UUID 0 order 0:0 tx 2:2 dsp 1 WL 0 MS 0 edid 128 undef 0 DSC 0
2025-08-02 13:57:40.970242-0500: NOTICE: Populated addr 1.0 bad:f00d UUID 0 order 0:0 tx 2:2 dsp 1 WL 0 MS 0 edid 128 undef 0 DSC 0
2025-08-02 13:57:40.970299-0500: NOTICE: FB AGDC state FB[0] - ON
2025-08-02 13:57:40.972819-0500: NOTICE: accepted No_Media_Mode enter, Sat Aug  2 13:57:40 2025
2025-08-02 13:57:40.972870-0500: NOTICE: accepted No_Media_Mode exit, Sat Aug  2 13:57:40 2025
2025-08-02 13:57:40.973079-0500: NOTICE: doChange: addr 1.0 [7]
2025-08-02 13:57:40.973248-0500: NOTICE: doChange: addr 2.0 [7]
2025-08-02 13:57:40.978096-0500: NOTICE: doChange: addr 3.0 [7]
2025-08-02 13:57:40.984207-0500: NOTICE: doChange: addr 1.0 [7]
2025-08-02 13:57:40.984265-0500: NOTICE: doChange: addr 2.0 [7]
2025-08-02 13:57:40.987216-0500: NOTICE: doChange: addr 3.0 [7]
2025-08-02 14:27:26.028712-0500: NOTICE: accepted No_Media_Mode enter, Sat Aug  2 14:27:26 2025
2025-08-02 14:30:16.822036-0500: NOTICE: accepted No_Media_Mode exit, Sat Aug  2 14:30:16 2025
2025-08-02 14:30:16.831316-0500: NOTICE: doChange: addr 1.0 [7]
2025-08-02 14:30:16.831398-0500: NOTICE: doChange: addr 2.0 [7]
2025-08-02 14:30:16.834203-0500: NOTICE: doChange: addr 3.0 [7]
2025-08-06 12:09:21.396421-0500: PolicyEngine started: 7800020000000000, Time: Wed Aug  6 12:09:21 2025
2025-08-06 12:09:22.098412-0500: NOTICE: kAGDCCallbackCapability: 0x0 []
2025-08-06 12:09:22.808282-0500: NOTICE: Vendor portmap 0xe mst 0xc ddc 0xc aux 0xe
2025-08-06 12:09:22.808727-0500: NOTICE: Features policyd 0x20100000 kernel 0x0
2025-08-06 12:09:22.815253-0500: NOTICE: Populated addr 1.0 bad:f00d UUID 0 order 0:0 tx 2:2 dsp 1 WL 0 MS 0 edid 128 undef 0 DSC 0
2025-08-06 12:09:22.839593-0500: NOTICE: Populated addr 1.0 bad:f00d UUID 0 order 0:0 tx 2:2 dsp 1 WL 0 MS 0 edid 128 undef 0 DSC 0
2025-08-06 12:09:22.840197-0500: NOTICE: FB AGDC state FB[0] - ON
2025-08-06 12:09:22.843999-0500: NOTICE: accepted No_Media_Mode enter, Wed Aug  6 12:09:22 2025
2025-08-06 12:09:22.844257-0500: NOTICE: accepted No_Media_Mode exit, Wed Aug  6 12:09:22 2025
2025-08-06 12:09:22.844518-0500: NOTICE: doChange: addr 1.0 [7]
2025-08-06 12:09:22.845438-0500: NOTICE: doChange: addr 2.0 [7]
2025-08-06 12:09:22.848401-0500: NOTICE: doChange: addr 3.0 [7]
2025-08-06 12:09:22.858846-0500: NOTICE: doChange: addr 1.0 [7]
2025-08-06 12:09:22.858895-0500: NOTICE: doChange: addr 2.0 [7]
2025-08-06 12:09:22.872469-0500: NOTICE: doChange: addr 3.0 [7]
2025-08-06 14:18:33.682511-0500: PolicyEngine started: 7800020000000000, Time: Wed Aug  6 14:18:33 2025
2025-08-06 14:18:34.345260-0500: NOTICE: kAGDCCallbackCapability: 0x0 []
2025-08-06 14:18:35.104725-0500: NOTICE: Vendor portmap 0xe mst 0xc ddc 0xc aux 0xe
2025-08-06 14:18:35.105040-0500: NOTICE: Features policyd 0x20100000 kernel 0x0
2025-08-06 14:18:35.114361-0500: NOTICE: Populated addr 1.0 bad:f00d UUID 0 order 0:0 tx 2:2 dsp 1 WL 0 MS 0 edid 128 undef 0 DSC 0
2025-08-06 14:18:35.119730-0500: NOTICE: Populated addr 1.0 bad:f00d UUID 0 order 0:0 tx 2:2 dsp 1 WL 0 MS 0 edid 128 undef 0 DSC 0
2025-08-06 14:18:35.120939-0500: NOTICE: FB AGDC state FB[0] - ON
2025-08-06 14:18:35.126300-0500: NOTICE: accepted No_Media_Mode enter, Wed Aug  6 14:18:35 2025
2025-08-06 14:18:35.126429-0500: NOTICE: accepted No_Media_Mode exit, Wed Aug  6 14:18:35 2025
2025-08-06 14:18:35.126528-0500: NOTICE: doChange: addr 1.0 [7]
2025-08-06 14:18:35.126558-0500: NOTICE: doChange: addr 2.0 [7]
2025-08-06 14:18:35.129375-0500: NOTICE: doChange: addr 3.0 [7]
2025-08-06 14:18:35.140737-0500: NOTICE: doChange: addr 1.0 [7]
2025-08-06 14:18:35.140791-0500: NOTICE: doChange: addr 2.0 [7]
2025-08-06 14:18:35.145374-0500: NOTICE: doChange: addr 3.0 [7]
2025-08-06 14:18:35.502315-0500: PolicyEngine started: 7800020000000000, Time: Wed Aug  6 14:18:35 2025
2025-08-06 14:18:35.502475-0500: NOTICE: kAGDCCallbackCapability: 0x0 []
2025-08-06 14:18:35.502887-0500: NOTICE: Vendor portmap 0xe mst 0xc ddc 0xc aux 0xe
2025-08-06 14:18:35.502992-0500: NOTICE: Features policyd 0x20100000 kernel 0x0
2025-08-06 14:18:35.503152-0500: NOTICE: doing display state recovery
2025-08-06 14:18:35.503697-0500: NOTICE: FB AGDC state FB[0] - ON
2025-08-06 14:18:35.505116-0500: NOTICE: doChange: addr 1.0 [7]
2025-08-06 14:18:35.505154-0500: NOTICE: doChange: addr 2.0 [7]
2025-08-06 14:18:35.507910-0500: NOTICE: doChange: addr 3.0 [7]
2025-08-06 14:36:51.020905-0500: PolicyEngine started: 7800020000000000, Time: Wed Aug  6 14:36:51 2025
2025-08-06 14:36:51.662065-0500: NOTICE: kAGDCCallbackCapability: 0x0 []
2025-08-06 14:36:52.376631-0500: NOTICE: Vendor portmap 0xe mst 0xc ddc 0xc aux 0xe
2025-08-06 14:36:52.376917-0500: NOTICE: Features policyd 0x20100000 kernel 0x0
2025-08-06 14:36:52.400818-0500: NOTICE: Populated addr 1.0 bad:f00d UUID 0 order 0:0 tx 2:2 dsp 1 WL 0 MS 0 edid 128 undef 0 DSC 0
2025-08-06 14:36:52.407257-0500: NOTICE: Populated addr 1.0 bad:f00d UUID 0 order 0:0 tx 2:2 dsp 1 WL 0 MS 0 edid 128 undef 0 DSC 0
2025-08-06 14:36:52.407317-0500: NOTICE: FB AGDC state FB[0] - ON
2025-08-06 14:36:52.416707-0500: NOTICE: accepted No_Media_Mode enter, Wed Aug  6 14:36:52 2025
2025-08-06 14:36:52.416957-0500: NOTICE: accepted No_Media_Mode exit, Wed Aug  6 14:36:52 2025
2025-08-06 14:36:52.417425-0500: NOTICE: doChange: addr 1.0 [7]
2025-08-06 14:36:52.417654-0500: NOTICE: doChange: addr 2.0 [7]
2025-08-06 14:36:52.423970-0500: NOTICE: doChange: addr 3.0 [7]
2025-08-06 14:36:52.427471-0500: NOTICE: doChange: addr 1.0 [7]
2025-08-06 14:36:52.427520-0500: NOTICE: doChange: addr 2.0 [7]
2025-08-06 14:36:52.431223-0500: NOTICE: doChange: addr 3.0 [7]
2025-08-07 14:16:21.337577-0500: PolicyEngine started: 7800020000000000, Time: Thu Aug  7 14:16:21 2025
2025-08-07 14:16:22.026309-0500: NOTICE: kAGDCCallbackCapability: 0x0 []
2025-08-07 14:16:22.663569-0500: NOTICE: Vendor portmap 0xe mst 0xc ddc 0xc aux 0xe
2025-08-07 14:16:22.663914-0500: NOTICE: Features policyd 0x20100000 kernel 0x0
2025-08-07 14:16:22.676073-0500: NOTICE: Populated addr 1.0 bad:f00d UUID 0 order 0:0 tx 2:2 dsp 1 WL 0 MS 0 edid 128 undef 0 DSC 0
2025-08-07 14:16:22.681153-0500: NOTICE: Populated addr 1.0 bad:f00d UUID 0 order 0:0 tx 2:2 dsp 1 WL 0 MS 0 edid 128 undef 0 DSC 0
2025-08-07 14:16:22.681210-0500: NOTICE: FB AGDC state FB[0] - ON
2025-08-07 14:16:22.692199-0500: NOTICE: accepted No_Media_Mode enter, Thu Aug  7 14:16:22 2025
2025-08-07 14:16:22.692604-0500: NOTICE: accepted No_Media_Mode exit, Thu Aug  7 14:16:22 2025
2025-08-07 14:16:22.692992-0500: NOTICE: doChange: addr 1.0 [7]
2025-08-07 14:16:22.693148-0500: NOTICE: doChange: addr 2.0 [7]
2025-08-07 14:16:22.696579-0500: NOTICE: doChange: addr 3.0 [7]
2025-08-07 14:16:22.703665-0500: NOTICE: doChange: addr 1.0 [7]
2025-08-07 14:16:22.703703-0500: NOTICE: doChange: addr 2.0 [7]
2025-08-07 14:16:22.707173-0500: NOTICE: doChange: addr 3.0 [7]
2025-08-09 13:02:02.770266-0500: PolicyEngine started: 7800020000000000, Time: Sat Aug  9 13:02:02 2025
2025-08-09 13:02:03.479575-0500: NOTICE: kAGDCCallbackCapability: 0x0 []
2025-08-09 13:02:04.244959-0500: NOTICE: Vendor portmap 0xe mst 0xc ddc 0xc aux 0xe
2025-08-09 13:02:04.245296-0500: NOTICE: Features policyd 0x20100000 kernel 0x0
2025-08-09 13:02:04.257158-0500: NOTICE: Populated addr 1.0 bad:f00d UUID 0 order 0:0 tx 2:2 dsp 1 WL 0 MS 0 edid 128 undef 0 DSC 0
2025-08-09 13:02:04.296162-0500: NOTICE: Populated addr 1.0 bad:f00d UUID 0 order 0:0 tx 2:2 dsp 1 WL 0 MS 0 edid 128 undef 0 DSC 0
2025-08-09 13:02:04.296223-0500: NOTICE: FB AGDC state FB[0] - ON
2025-08-09 13:02:04.308121-0500: NOTICE: accepted No_Media_Mode enter, Sat Aug  9 13:02:04 2025
2025-08-09 13:02:04.308195-0500: NOTICE: accepted No_Media_Mode exit, Sat Aug  9 13:02:04 2025
2025-08-09 13:02:04.308328-0500: NOTICE: doChange: addr 1.0 [7]
2025-08-09 13:02:04.308364-0500: NOTICE: doChange: addr 2.0 [7]
2025-08-09 13:02:04.312184-0500: NOTICE: doChange: addr 3.0 [7]
2025-08-09 13:02:04.323021-0500: NOTICE: doChange: addr 1.0 [7]
2025-08-09 13:02:04.323069-0500: NOTICE: doChange: addr 2.0 [7]
2025-08-09 13:02:04.325712-0500: NOTICE: doChange: addr 3.0 [7]
2025-08-14 10:09:38.295304-0500: PolicyEngine started: 7800020000000000, Time: Thu Aug 14 10:09:38 2025
2025-08-14 10:09:38.992143-0500: NOTICE: kAGDCCallbackCapability: 0x0 []
2025-08-14 10:09:39.739990-0500: NOTICE: Vendor portmap 0xe mst 0xc ddc 0xc aux 0xe
2025-08-14 10:09:39.740278-0500: NOTICE: Features policyd 0x20100000 kernel 0x0
2025-08-14 10:09:39.759559-0500: NOTICE: Populated addr 1.0 bad:f00d UUID 0 order 0:0 tx 2:2 dsp 1 WL 0 MS 0 edid 128 undef 0 DSC 0
2025-08-14 10:09:39.766002-0500: NOTICE: Populated addr 1.0 bad:f00d UUID 0 order 0:0 tx 2:2 dsp 1 WL 0 MS 0 edid 128 undef 0 DSC 0
2025-08-14 10:09:39.766060-0500: NOTICE: FB AGDC state FB[0] - ON
2025-08-14 10:09:39.774218-0500: NOTICE: accepted No_Media_Mode enter, Thu Aug 14 10:09:39 2025
2025-08-14 10:09:39.774657-0500: NOTICE: accepted No_Media_Mode exit, Thu Aug 14 10:09:39 2025
2025-08-14 10:09:39.774746-0500: NOTICE: doChange: addr 1.0 [7]
2025-08-14 10:09:39.774951-0500: NOTICE: doChange: addr 2.0 [7]
2025-08-14 10:09:39.781152-0500: NOTICE: doChange: addr 3.0 [7]
2025-08-14 10:09:39.784820-0500: NOTICE: doChange: addr 1.0 [7]
2025-08-14 10:09:39.785554-0500: NOTICE: doChange: addr 2.0 [7]
2025-08-14 10:09:39.800810-0500: NOTICE: doChange: addr 3.0 [7]
2025-08-18 14:38:58.702301-0500: PolicyEngine started: 7800020000000000, Time: Mon Aug 18 14:38:58 2025
2025-08-18 14:38:59.334284-0500: NOTICE: kAGDCCallbackCapability: 0x0 []
2025-08-18 14:39:00.111200-0500: NOTICE: Vendor portmap 0xe mst 0xc ddc 0xc aux 0xe
2025-08-18 14:39:00.111540-0500: NOTICE: Features policyd 0x20100000 kernel 0x0
2025-08-18 14:39:00.117562-0500: NOTICE: Populated addr 1.0 bad:f00d UUID 0 order 0:0 tx 2:2 dsp 1 WL 0 MS 0 edid 128 undef 0 DSC 0
2025-08-18 14:39:00.122379-0500: NOTICE: Populated addr 1.0 bad:f00d UUID 0 order 0:0 tx 2:2 dsp 1 WL 0 MS 0 edid 128 undef 0 DSC 0
2025-08-18 14:39:00.122432-0500: NOTICE: FB AGDC state FB[0] - ON
2025-08-18 14:39:00.125309-0500: NOTICE: accepted No_Media_Mode enter, Mon Aug 18 14:39:00 2025
2025-08-18 14:39:00.125397-0500: NOTICE: accepted No_Media_Mode exit, Mon Aug 18 14:39:00 2025
2025-08-18 14:39:00.125500-0500: NOTICE: doChange: addr 1.0 [7]
2025-08-18 14:39:00.125602-0500: NOTICE: doChange: addr 2.0 [7]
2025-08-18 14:39:00.128561-0500: NOTICE: doChange: addr 3.0 [7]
2025-08-18 14:39:00.137220-0500: NOTICE: doChange: addr 1.0 [7]
2025-08-18 14:39:00.137268-0500: NOTICE: doChange: addr 2.0 [7]
2025-08-18 14:39:00.140156-0500: NOTICE: doChange: addr 3.0 [7]
2025-08-18 15:31:53.528859-0500: PolicyEngine started: 7800020000000000, Time: Mon Aug 18 15:31:53 2025
2025-08-18 15:31:54.235695-0500: NOTICE: kAGDCCallbackCapability: 0x0 []
2025-08-18 15:31:54.977778-0500: NOTICE: Vendor portmap 0xe mst 0xc ddc 0xc aux 0xe
2025-08-18 15:31:54.978223-0500: NOTICE: Features policyd 0x20100000 kernel 0x0
2025-08-18 15:31:55.021452-0500: NOTICE: Populated addr 1.0 bad:f00d UUID 0 order 0:0 tx 2:2 dsp 1 WL 0 MS 0 edid 128 undef 0 DSC 0
2025-08-18 15:31:55.028321-0500: NOTICE: Populated addr 1.0 bad:f00d UUID 0 order 0:0 tx 2:2 dsp 1 WL 0 MS 0 edid 128 undef 0 DSC 0
2025-08-18 15:31:55.028365-0500: NOTICE: FB AGDC state FB[0] - ON
2025-08-18 15:31:55.053041-0500: NOTICE: accepted No_Media_Mode enter, Mon Aug 18 15:31:55 2025
2025-08-18 15:31:55.053104-0500: NOTICE: accepted No_Media_Mode exit, Mon Aug 18 15:31:55 2025
2025-08-18 15:31:55.055601-0500: NOTICE: doChange: addr 1.0 [7]
2025-08-18 15:31:55.055639-0500: NOTICE: doChange: addr 2.0 [7]
2025-08-18 15:31:55.058739-0500: NOTICE: doChange: addr 3.0 [7]
2025-08-18 15:31:55.064997-0500: NOTICE: doChange: addr 1.0 [7]
2025-08-18 15:31:55.065038-0500: NOTICE: doChange: addr 2.0 [7]
2025-08-18 15:31:55.078766-0500: NOTICE: doChange: addr 3.0 [7]
2025-08-19 14:23:58.445624-0500: PolicyEngine started: 7800020000000000, Time: Tue Aug 19 14:23:58 2025
2025-08-19 14:23:59.109045-0500: NOTICE: kAGDCCallbackCapability: 0x0 []
2025-08-19 14:23:59.957482-0500: NOTICE: Vendor portmap 0xe mst 0xc ddc 0xc aux 0xe
2025-08-19 14:23:59.957769-0500: NOTICE: Features policyd 0x20100000 kernel 0x0
2025-08-19 14:23:59.968015-0500: NOTICE: Populated addr 1.0 bad:f00d UUID 0 order 0:0 tx 2:2 dsp 1 WL 0 MS 0 edid 128 undef 0 DSC 0
2025-08-19 14:23:59.998118-0500: NOTICE: Populated addr 1.0 bad:f00d UUID 0 order 0:0 tx 2:2 dsp 1 WL 0 MS 0 edid 128 undef 0 DSC 0
2025-08-19 14:23:59.998179-0500: NOTICE: FB AGDC state FB[0] - ON
2025-08-19 14:24:00.001493-0500: NOTICE: accepted No_Media_Mode enter, Tue Aug 19 14:24:00 2025
2025-08-19 14:24:00.001569-0500: NOTICE: accepted No_Media_Mode exit, Tue Aug 19 14:24:00 2025
2025-08-19 14:24:00.001643-0500: NOTICE: doChange: addr 1.0 [7]
2025-08-19 14:24:00.001852-0500: NOTICE: doChange: addr 2.0 [7]
2025-08-19 14:24:00.005087-0500: NOTICE: doChange: addr 3.0 [7]
2025-08-19 14:24:00.012517-0500: NOTICE: doChange: addr 1.0 [7]
2025-08-19 14:24:00.012575-0500: NOTICE: doChange: addr 2.0 [7]
2025-08-19 14:24:00.015605-0500: NOTICE: doChange: addr 3.0 [7]
2025-08-20 13:13:24.505930-0500: PolicyEngine started: 7800020000000000, Time: Wed Aug 20 13:13:24 2025
2025-08-20 13:13:25.184205-0500: NOTICE: kAGDCCallbackCapability: 0x0 []
2025-08-20 13:13:25.920859-0500: NOTICE: Vendor portmap 0xe mst 0xc ddc 0xc aux 0xe
2025-08-20 13:13:25.980918-0500: NOTICE: Features policyd 0x20100000 kernel 0x0
2025-08-20 13:13:25.987222-0500: NOTICE: Populated addr 1.0 bad:f00d UUID 0 order 0:0 tx 2:2 dsp 1 WL 0 MS 0 edid 128 undef 0 DSC 0
2025-08-20 13:13:25.996335-0500: NOTICE: Populated addr 1.0 bad:f00d UUID 0 order 0:0 tx 2:2 dsp 1 WL 0 MS 0 edid 128 undef 0 DSC 0
2025-08-20 13:13:25.996412-0500: NOTICE: FB AGDC state FB[0] - ON
2025-08-20 13:13:26.011602-0500: NOTICE: accepted No_Media_Mode enter, Wed Aug 20 13:13:26 2025
2025-08-20 13:13:26.011808-0500: NOTICE: accepted No_Media_Mode exit, Wed Aug 20 13:13:26 2025
2025-08-20 13:13:26.011986-0500: NOTICE: doChange: addr 1.0 [7]
2025-08-20 13:13:26.012030-0500: NOTICE: doChange: addr 2.0 [7]
2025-08-20 13:13:26.015533-0500: NOTICE: doChange: addr 3.0 [7]
2025-08-20 13:13:26.031273-0500: NOTICE: doChange: addr 1.0 [7]
2025-08-20 13:13:26.031432-0500: NOTICE: doChange: addr 2.0 [7]
2025-08-20 13:13:26.034360-0500: NOTICE: doChange: addr 3.0 [7]
2025-08-20 13:26:31.327557-0500: NOTICE: accepted No_Media_Mode enter, Wed Aug 20 13:26:30 2025
2025-08-20 13:35:47.703434-0500: NOTICE: accepted No_Media_Mode exit, Wed Aug 20 13:35:47 2025
2025-08-20 13:35:48.102425-0500: NOTICE: doChange: addr 1.0 [7]
2025-08-20 13:35:48.102497-0500: NOTICE: doChange: addr 2.0 [7]
2025-08-20 13:35:48.105667-0500: NOTICE: doChange: addr 3.0 [7]
2025-08-20 13:48:22.184265-0500: PolicyEngine started: 7800020000000000, Time: Wed Aug 20 13:48:22 2025
2025-08-20 13:48:22.838217-0500: NOTICE: kAGDCCallbackCapability: 0x0 []
2025-08-20 13:48:23.620610-0500: NOTICE: Vendor portmap 0xe mst 0xc ddc 0xc aux 0xe
2025-08-20 13:48:23.620907-0500: NOTICE: Features policyd 0x20100000 kernel 0x0
2025-08-20 13:48:23.627838-0500: NOTICE: Populated addr 1.0 bad:f00d UUID 0 order 0:0 tx 2:2 dsp 1 WL 0 MS 0 edid 128 undef 0 DSC 0
2025-08-20 13:48:23.631814-0500: NOTICE: Populated addr 1.0 bad:f00d UUID 0 order 0:0 tx 2:2 dsp 1 WL 0 MS 0 edid 128 undef 0 DSC 0
2025-08-20 13:48:23.631929-0500: NOTICE: FB AGDC state FB[0] - ON
2025-08-20 13:48:23.640894-0500: NOTICE: accepted No_Media_Mode enter, Wed Aug 20 13:48:23 2025
2025-08-20 13:48:23.641942-0500: NOTICE: accepted No_Media_Mode exit, Wed Aug 20 13:48:23 2025
2025-08-20 13:48:23.642316-0500: NOTICE: doChange: addr 1.0 [7]
2025-08-20 13:48:23.642411-0500: NOTICE: doChange: addr 2.0 [7]
2025-08-20 13:48:23.645339-0500: NOTICE: doChange: addr 3.0 [7]
2025-08-20 13:48:23.656917-0500: NOTICE: doChange: addr 1.0 [7]
2025-08-20 13:48:23.657454-0500: NOTICE: doChange: addr 2.0 [7]
2025-08-20 13:48:23.660883-0500: NOTICE: doChange: addr 3.0 [7]
2025-08-21 12:33:46.577969-0500: PolicyEngine started: 7800020000000000, Time: Thu Aug 21 12:33:46 2025
2025-08-21 12:33:47.273823-0500: NOTICE: kAGDCCallbackCapability: 0x0 []
2025-08-21 12:33:48.006192-0500: NOTICE: Vendor portmap 0xe mst 0xc ddc 0xc aux 0xe
2025-08-21 12:33:48.008548-0500: NOTICE: Features policyd 0x20100000 kernel 0x0
2025-08-21 12:33:48.017704-0500: NOTICE: Populated addr 1.0 bad:f00d UUID 0 order 0:0 tx 2:2 dsp 1 WL 0 MS 0 edid 128 undef 0 DSC 0
2025-08-21 12:33:48.025813-0500: NOTICE: Populated addr 1.0 bad:f00d UUID 0 order 0:0 tx 2:2 dsp 1 WL 0 MS 0 edid 128 undef 0 DSC 0
2025-08-21 12:33:48.025868-0500: NOTICE: FB AGDC state FB[0] - ON
2025-08-21 12:33:48.027759-0500: NOTICE: accepted No_Media_Mode enter, Thu Aug 21 12:33:48 2025
2025-08-21 12:33:48.027811-0500: NOTICE: accepted No_Media_Mode exit, Thu Aug 21 12:33:48 2025
2025-08-21 12:33:48.027918-0500: NOTICE: doChange: addr 1.0 [7]
2025-08-21 12:33:48.027941-0500: NOTICE: doChange: addr 2.0 [7]
2025-08-21 12:33:48.030670-0500: NOTICE: doChange: addr 3.0 [7]
2025-08-21 12:33:48.039001-0500: NOTICE: doChange: addr 1.0 [7]
2025-08-21 12:33:48.039058-0500: NOTICE: doChange: addr 2.0 [7]
2025-08-21 12:33:48.042078-0500: NOTICE: doChange: addr 3.0 [7]
2025-08-21 12:33:48.402717-0500: PolicyEngine started: 7800020000000000, Time: Thu Aug 21 12:33:48 2025
2025-08-21 12:33:48.402917-0500: NOTICE: kAGDCCallbackCapability: 0x0 []
2025-08-21 12:33:48.424511-0500: NOTICE: Vendor portmap 0xe mst 0xc ddc 0xc aux 0xe
2025-08-21 12:33:48.424647-0500: NOTICE: Features policyd 0x20100000 kernel 0x0
2025-08-21 12:33:48.424981-0500: NOTICE: doing display state recovery
2025-08-21 12:33:48.425585-0500: NOTICE: FB AGDC state FB[0] - ON
2025-08-21 12:33:48.428076-0500: NOTICE: doChange: addr 1.0 [7]
2025-08-21 12:33:48.428129-0500: NOTICE: doChange: addr 2.0 [7]
2025-08-21 12:33:48.431179-0500: NOTICE: doChange: addr 3.0 [7]
2025-08-22 13:03:39.755592-0500: PolicyEngine started: 7800020000000000, Time: Fri Aug 22 13:03:39 2025
2025-08-22 13:03:40.396481-0500: NOTICE: kAGDCCallbackCapability: 0x0 []
2025-08-22 13:03:41.153274-0500: NOTICE: Vendor portmap 0xe mst 0xc ddc 0xc aux 0xe
2025-08-22 13:03:41.155965-0500: NOTICE: Features policyd 0x20100000 kernel 0x0
2025-08-22 13:03:41.161998-0500: NOTICE: Populated addr 1.0 bad:f00d UUID 0 order 0:0 tx 2:2 dsp 1 WL 0 MS 0 edid 128 undef 0 DSC 0
2025-08-22 13:03:41.168015-0500: NOTICE: Populated addr 1.0 bad:f00d UUID 0 order 0:0 tx 2:2 dsp 1 WL 0 MS 0 edid 128 undef 0 DSC 0
2025-08-22 13:03:41.168060-0500: NOTICE: FB AGDC state FB[0] - ON
2025-08-22 13:03:41.170433-0500: NOTICE: accepted No_Media_Mode enter, Fri Aug 22 13:03:41 2025
2025-08-22 13:03:41.170532-0500: NOTICE: accepted No_Media_Mode exit, Fri Aug 22 13:03:41 2025
2025-08-22 13:03:41.170636-0500: NOTICE: doChange: addr 1.0 [7]
2025-08-22 13:03:41.170684-0500: NOTICE: doChange: addr 2.0 [7]
2025-08-22 13:03:41.173596-0500: NOTICE: doChange: addr 3.0 [7]
2025-08-22 13:03:41.181238-0500: NOTICE: doChange: addr 1.0 [7]
2025-08-22 13:03:41.181282-0500: NOTICE: doChange: addr 2.0 [7]
2025-08-22 13:03:41.183940-0500: NOTICE: doChange: addr 3.0 [7]
2025-08-23 11:03:24.570826-0500: PolicyEngine started: 7800020000000000, Time: Sat Aug 23 11:03:24 2025
2025-08-23 11:03:25.281838-0500: NOTICE: kAGDCCallbackCapability: 0x0 []
2025-08-23 11:03:26.058195-0500: NOTICE: Vendor portmap 0xe mst 0xc ddc 0xc aux 0xe
2025-08-23 11:03:26.062685-0500: NOTICE: Features policyd 0x20100000 kernel 0x0
2025-08-23 11:03:26.071461-0500: NOTICE: Populated addr 1.0 bad:f00d UUID 0 order 0:0 tx 2:2 dsp 1 WL 0 MS 0 edid 128 undef 0 DSC 0
2025-08-23 11:03:26.076704-0500: NOTICE: Populated addr 1.0 bad:f00d UUID 0 order 0:0 tx 2:2 dsp 1 WL 0 MS 0 edid 128 undef 0 DSC 0
2025-08-23 11:03:26.076757-0500: NOTICE: FB AGDC state FB[0] - ON
2025-08-23 11:03:26.082066-0500: NOTICE: accepted No_Media_Mode enter, Sat Aug 23 11:03:26 2025
2025-08-23 11:03:26.082614-0500: NOTICE: accepted No_Media_Mode exit, Sat Aug 23 11:03:26 2025
2025-08-23 11:03:26.082798-0500: NOTICE: doChange: addr 1.0 [7]
2025-08-23 11:03:26.082831-0500: NOTICE: doChange: addr 2.0 [7]
2025-08-23 11:03:26.086072-0500: NOTICE: doChange: addr 3.0 [7]
2025-08-23 11:03:26.098750-0500: NOTICE: doChange: addr 1.0 [7]
2025-08-23 11:03:26.098801-0500: NOTICE: doChange: addr 2.0 [7]
2025-08-23 11:03:26.101572-0500: NOTICE: doChange: addr 3.0 [7]
2025-08-30 11:38:22.665487-0500: PolicyEngine started: 7800020000000000, Time: Sat Aug 30 11:38:22 2025
2025-08-30 11:38:23.313120-0500: NOTICE: kAGDCCallbackCapability: 0x0 []
2025-08-30 11:38:24.132513-0500: NOTICE: Vendor portmap 0xe mst 0xc ddc 0xc aux 0xe
2025-08-30 11:38:24.134660-0500: NOTICE: Features policyd 0x20100000 kernel 0x0
2025-08-30 11:38:24.162365-0500: NOTICE: Populated addr 1.0 bad:f00d UUID 0 order 0:0 tx 2:2 dsp 1 WL 0 MS 0 edid 128 undef 0 DSC 0
2025-08-30 11:38:24.169856-0500: NOTICE: Populated addr 1.0 bad:f00d UUID 0 order 0:0 tx 2:2 dsp 1 WL 0 MS 0 edid 128 undef 0 DSC 0
2025-08-30 11:38:24.169913-0500: NOTICE: FB AGDC state FB[0] - ON
2025-08-30 11:38:24.176324-0500: NOTICE: accepted No_Media_Mode enter, Sat Aug 30 11:38:24 2025
2025-08-30 11:38:24.176375-0500: NOTICE: accepted No_Media_Mode exit, Sat Aug 30 11:38:24 2025
2025-08-30 11:38:24.177677-0500: NOTICE: doChange: addr 1.0 [7]
2025-08-30 11:38:24.177739-0500: NOTICE: doChange: addr 2.0 [7]
2025-08-30 11:38:24.181152-0500: NOTICE: doChange: addr 3.0 [7]
2025-08-30 11:38:24.189922-0500: NOTICE: doChange: addr 1.0 [7]
2025-08-30 11:38:24.190323-0500: NOTICE: doChange: addr 2.0 [7]
2025-08-30 11:38:24.193254-0500: NOTICE: doChange: addr 3.0 [7]
2025-09-03 12:53:25.659036-0500: PolicyEngine started: 7800020000000000, Time: Wed Sep  3 12:53:25 2025
2025-09-03 12:53:26.290365-0500: NOTICE: kAGDCCallbackCapability: 0x0 []
2025-09-03 12:53:27.083164-0500: NOTICE: Vendor portmap 0xe mst 0xc ddc 0xc aux 0xe
2025-09-03 12:53:27.083491-0500: NOTICE: Features policyd 0x20100000 kernel 0x0
2025-09-03 12:53:27.090452-0500: NOTICE: Populated addr 1.0 bad:f00d UUID 0 order 0:0 tx 2:2 dsp 1 WL 0 MS 0 edid 128 undef 0 DSC 0
2025-09-03 12:53:27.093919-0500: NOTICE: Populated addr 1.0 bad:f00d UUID 0 order 0:0 tx 2:2 dsp 1 WL 0 MS 0 edid 128 undef 0 DSC 0
2025-09-03 12:53:27.093981-0500: NOTICE: FB AGDC state FB[0] - ON
2025-09-03 12:53:27.097939-0500: NOTICE: accepted No_Media_Mode enter, Wed Sep  3 12:53:27 2025
2025-09-03 12:53:27.098005-0500: NOTICE: accepted No_Media_Mode exit, Wed Sep  3 12:53:27 2025
2025-09-03 12:53:27.100804-0500: NOTICE: doChange: addr 1.0 [7]
2025-09-03 12:53:27.100856-0500: NOTICE: doChange: addr 2.0 [7]
2025-09-03 12:53:27.105178-0500: NOTICE: doChange: addr 3.0 [7]
2025-09-03 12:53:27.108844-0500: NOTICE: doChange: addr 1.0 [7]
2025-09-03 12:53:27.108911-0500: NOTICE: doChange: addr 2.0 [7]
2025-09-03 12:53:27.111838-0500: NOTICE: doChange: addr 3.0 [7]
2025-09-03 13:36:28.228161-0500: PolicyEngine started: 7800020000000000, Time: Wed Sep  3 13:36:28 2025
2025-09-03 13:36:28.854176-0500: NOTICE: kAGDCCallbackCapability: 0x0 []
2025-09-03 13:36:29.653368-0500: NOTICE: Vendor portmap 0xe mst 0xc ddc 0xc aux 0xe
2025-09-03 13:36:29.653625-0500: NOTICE: Features policyd 0x20100000 kernel 0x0
2025-09-03 13:36:29.668509-0500: NOTICE: Populated addr 1.0 bad:f00d UUID 0 order 0:0 tx 2:2 dsp 1 WL 0 MS 0 edid 128 undef 0 DSC 0
2025-09-03 13:36:29.671891-0500: NOTICE: Populated addr 1.0 bad:f00d UUID 0 order 0:0 tx 2:2 dsp 1 WL 0 MS 0 edid 128 undef 0 DSC 0
2025-09-03 13:36:29.671937-0500: NOTICE: FB AGDC state FB[0] - ON
2025-09-03 13:36:29.674059-0500: NOTICE: accepted No_Media_Mode enter, Wed Sep  3 13:36:29 2025
2025-09-03 13:36:29.674125-0500: NOTICE: accepted No_Media_Mode exit, Wed Sep  3 13:36:29 2025
2025-09-03 13:36:29.674247-0500: NOTICE: doChange: addr 1.0 [7]
2025-09-03 13:36:29.674271-0500: NOTICE: doChange: addr 2.0 [7]
2025-09-03 13:36:29.677260-0500: NOTICE: doChange: addr 3.0 [7]
2025-09-03 13:36:29.688995-0500: NOTICE: doChange: addr 1.0 [7]
2025-09-03 13:36:29.689032-0500: NOTICE: doChange: addr 2.0 [7]
2025-09-03 13:36:29.692741-0500: NOTICE: doChange: addr 3.0 [7]
2025-09-03 14:07:56.288763-0500: PolicyEngine started: 7800020000000000, Time: Wed Sep  3 14:07:56 2025
2025-09-03 14:07:56.970731-0500: NOTICE: kAGDCCallbackCapability: 0x0 []
2025-09-03 14:07:57.697160-0500: NOTICE: Vendor portmap 0xe mst 0xc ddc 0xc aux 0xe
2025-09-03 14:07:57.709339-0500: NOTICE: Features policyd 0x20100000 kernel 0x0
2025-09-03 14:07:57.747709-0500: NOTICE: Populated addr 1.0 bad:f00d UUID 0 order 0:0 tx 2:2 dsp 1 WL 0 MS 0 edid 128 undef 0 DSC 0
2025-09-03 14:07:57.752486-0500: NOTICE: Populated addr 1.0 bad:f00d UUID 0 order 0:0 tx 2:2 dsp 1 WL 0 MS 0 edid 128 undef 0 DSC 0
2025-09-03 14:07:57.752545-0500: NOTICE: FB AGDC state FB[0] - ON
2025-09-03 14:07:57.755599-0500: NOTICE: accepted No_Media_Mode enter, Wed Sep  3 14:07:57 2025
2025-09-03 14:07:57.756310-0500: NOTICE: accepted No_Media_Mode exit, Wed Sep  3 14:07:57 2025
2025-09-03 14:07:57.756620-0500: NOTICE: doChange: addr 1.0 [7]
2025-09-03 14:07:57.756894-0500: NOTICE: doChange: addr 2.0 [7]
2025-09-03 14:07:57.760258-0500: NOTICE: doChange: addr 3.0 [7]
2025-09-03 14:07:57.768162-0500: NOTICE: doChange: addr 1.0 [7]
2025-09-03 14:07:57.768562-0500: NOTICE: doChange: addr 2.0 [7]
2025-09-03 14:07:57.771552-0500: NOTICE: doChange: addr 3.0 [7]
2025-09-05 12:46:04.707301-0500: PolicyEngine started: 7800020000000000, Time: Fri Sep  5 12:46:04 2025
2025-09-05 12:46:05.645414-0500: NOTICE: kAGDCCallbackCapability: 0x0 []
2025-09-05 12:46:06.134646-0500: NOTICE: Vendor portmap 0xe mst 0xc ddc 0xc aux 0xe
2025-09-05 12:46:06.135077-0500: NOTICE: Features policyd 0x20100000 kernel 0x0
2025-09-05 12:46:06.168415-0500: NOTICE: Populated addr 1.0 bad:f00d UUID 0 order 0:0 tx 2:2 dsp 1 WL 0 MS 0 edid 128 undef 0 DSC 0
2025-09-05 12:46:06.176540-0500: NOTICE: Populated addr 1.0 bad:f00d UUID 0 order 0:0 tx 2:2 dsp 1 WL 0 MS 0 edid 128 undef 0 DSC 0
2025-09-05 12:46:06.176600-0500: NOTICE: FB AGDC state FB[0] - ON
2025-09-05 12:46:06.183796-0500: NOTICE: accepted No_Media_Mode enter, Fri Sep  5 12:46:06 2025
2025-09-05 12:46:06.183854-0500: NOTICE: accepted No_Media_Mode exit, Fri Sep  5 12:46:06 2025
2025-09-05 12:46:06.184594-0500: NOTICE: doChange: addr 1.0 [7]
2025-09-05 12:46:06.184635-0500: NOTICE: doChange: addr 2.0 [7]
2025-09-05 12:46:06.193119-0500: NOTICE: doChange: addr 3.0 [7]
2025-09-05 12:46:06.198973-0500: NOTICE: doChange: addr 1.0 [7]
2025-09-05 12:46:06.199024-0500: NOTICE: doChange: addr 2.0 [7]
2025-09-05 12:46:06.202676-0500: NOTICE: doChange: addr 3.0 [7]
2025-09-05 12:46:06.581494-0500: PolicyEngine started: 7800020000000000, Time: Fri Sep  5 12:46:06 2025
2025-09-05 12:46:06.581639-0500: NOTICE: kAGDCCallbackCapability: 0x0 []
2025-09-05 12:46:06.582007-0500: NOTICE: Vendor portmap 0xe mst 0xc ddc 0xc aux 0xe
2025-09-05 12:46:06.582036-0500: NOTICE: Features policyd 0x20100000 kernel 0x0
2025-09-05 12:46:06.582203-0500: NOTICE: doing display state recovery
2025-09-05 12:46:06.582603-0500: NOTICE: FB AGDC state FB[0] - ON
2025-09-05 12:46:06.584400-0500: NOTICE: doChange: addr 1.0 [7]
2025-09-05 12:46:06.584429-0500: NOTICE: doChange: addr 2.0 [7]
2025-09-05 12:46:06.589150-0500: NOTICE: doChange: addr 3.0 [7]
2025-09-09 12:48:24.833272-0500: PolicyEngine started: 7800020000000000, Time: Tue Sep  9 12:48:24 2025
2025-09-09 12:48:25.471948-0500: NOTICE: kAGDCCallbackCapability: 0x0 []
2025-09-09 12:48:26.174088-0500: NOTICE: Vendor portmap 0xe mst 0xc ddc 0xc aux 0xe
2025-09-09 12:48:26.178331-0500: NOTICE: Features policyd 0x20100000 kernel 0x0
2025-09-09 12:48:26.185850-0500: NOTICE: Populated addr 1.0 bad:f00d UUID 0 order 0:0 tx 2:2 dsp 1 WL 0 MS 0 edid 128 undef 0 DSC 0
2025-09-09 12:48:26.190313-0500: NOTICE: Populated addr 1.0 bad:f00d UUID 0 order 0:0 tx 2:2 dsp 1 WL 0 MS 0 edid 128 undef 0 DSC 0
2025-09-09 12:48:26.190372-0500: NOTICE: FB AGDC state FB[0] - ON
2025-09-09 12:48:26.193929-0500: NOTICE: accepted No_Media_Mode enter, Tue Sep  9 12:48:26 2025
2025-09-09 12:48:26.194055-0500: NOTICE: accepted No_Media_Mode exit, Tue Sep  9 12:48:26 2025
2025-09-09 12:48:26.194232-0500: NOTICE: doChange: addr 1.0 [7]
2025-09-09 12:48:26.194326-0500: NOTICE: doChange: addr 2.0 [7]
2025-09-09 12:48:26.197431-0500: NOTICE: doChange: addr 3.0 [7]
2025-09-09 12:48:26.206371-0500: NOTICE: doChange: addr 1.0 [7]
2025-09-09 12:48:26.206447-0500: NOTICE: doChange: addr 2.0 [7]
2025-09-09 12:48:26.209297-0500: NOTICE: doChange: addr 3.0 [7]
2025-09-13 11:31:53.832108-0500: PolicyEngine started: 7800020000000000, Time: Sat Sep 13 11:31:53 2025
2025-09-13 11:31:54.482327-0500: NOTICE: kAGDCCallbackCapability: 0x0 []
2025-09-13 11:31:55.286737-0500: NOTICE: Vendor portmap 0xe mst 0xc ddc 0xc aux 0xe
2025-09-13 11:31:55.287245-0500: NOTICE: Features policyd 0x20100000 kernel 0x0
2025-09-13 11:31:55.425616-0500: NOTICE: Populated addr 1.0 bad:f00d UUID 0 order 0:0 tx 2:2 dsp 1 WL 0 MS 0 edid 128 undef 0 DSC 0
2025-09-13 11:31:55.445108-0500: NOTICE: Populated addr 1.0 bad:f00d UUID 0 order 0:0 tx 2:2 dsp 1 WL 0 MS 0 edid 128 undef 0 DSC 0
2025-09-13 11:31:55.445176-0500: NOTICE: FB AGDC state FB[0] - ON
2025-09-13 11:31:55.452916-0500: NOTICE: accepted No_Media_Mode enter, Sat Sep 13 11:31:55 2025
2025-09-13 11:31:55.452996-0500: NOTICE: accepted No_Media_Mode exit, Sat Sep 13 11:31:55 2025
2025-09-13 11:31:55.453092-0500: NOTICE: doChange: addr 1.0 [7]
2025-09-13 11:31:55.453131-0500: NOTICE: doChange: addr 2.0 [7]
2025-09-13 11:31:55.455841-0500: NOTICE: doChange: addr 3.0 [7]
2025-09-13 11:31:55.463597-0500: NOTICE: doChange: addr 1.0 [7]
2025-09-13 11:31:55.463646-0500: NOTICE: doChange: addr 2.0 [7]
2025-09-13 11:31:55.466327-0500: NOTICE: doChange: addr 3.0 [7]
2025-09-13 11:49:45.231299-0500: NOTICE: accepted No_Media_Mode enter, Sat Sep 13 11:49:45 2025
2025-09-13 11:52:48.976085-0500: NOTICE: accepted No_Media_Mode exit, Sat Sep 13 11:52:48 2025
2025-09-13 11:52:48.995562-0500: NOTICE: doChange: addr 1.0 [7]
2025-09-13 11:52:48.995649-0500: NOTICE: doChange: addr 2.0 [7]
2025-09-13 11:52:48.998306-0500: NOTICE: doChange: addr 3.0 [7]
2025-09-13 11:55:52.125735-0500: NOTICE: accepted No_Media_Mode enter, Sat Sep 13 11:55:52 2025
2025-09-13 11:57:32.161979-0500: NOTICE: accepted No_Media_Mode exit, Sat Sep 13 11:57:32 2025
2025-09-13 11:57:32.351267-0500: NOTICE: doChange: addr 1.0 [7]
2025-09-13 11:57:32.351318-0500: NOTICE: doChange: addr 2.0 [7]
2025-09-13 11:57:32.354155-0500: NOTICE: doChange: addr 3.0 [7]
2025-09-13 12:13:31.070914-0500: NOTICE: accepted No_Media_Mode enter, Sat Sep 13 12:13:31 2025
2025-09-13 12:35:13.790905-0500: NOTICE: accepted No_Media_Mode exit, Sat Sep 13 12:35:13 2025
2025-09-13 12:35:14.103788-0500: NOTICE: doChange: addr 1.0 [7]
2025-09-13 12:35:14.103887-0500: NOTICE: doChange: addr 2.0 [7]
2025-09-13 12:35:14.107160-0500: NOTICE: doChange: addr 3.0 [7]
2025-09-13 12:36:50.559206-0500: NOTICE: accepted No_Media_Mode enter, Sat Sep 13 12:36:51 2025
2025-09-13 12:40:48.258204-0500: NOTICE: accepted No_Media_Mode exit, Sat Sep 13 12:40:48 2025
2025-09-13 12:40:48.268718-0500: NOTICE: doChange: addr 1.0 [7]
2025-09-13 12:40:48.268769-0500: NOTICE: doChange: addr 2.0 [7]
2025-09-13 12:40:48.271728-0500: NOTICE: doChange: addr 3.0 [7]
2025-09-13 12:41:24.421452-0500: NOTICE: accepted No_Media_Mode enter, Sat Sep 13 12:41:25 2025
2025-09-13 13:10:12.881885-0500: NOTICE: accepted No_Media_Mode exit, Sat Sep 13 13:10:12 2025
2025-09-13 13:10:12.932790-0500: NOTICE: doChange: addr 1.0 [7]
2025-09-13 13:10:12.932864-0500: NOTICE: doChange: addr 2.0 [7]
2025-09-13 13:10:12.935486-0500: NOTICE: doChange: addr 3.0 [7]
2025-09-13 13:20:53.259230-0500: NOTICE: accepted No_Media_Mode enter, Sat Sep 13 13:20:53 2025
2025-09-13 13:32:28.976332-0500: NOTICE: accepted No_Media_Mode exit, Sat Sep 13 13:32:28 2025
2025-09-13 13:32:28.986558-0500: NOTICE: doChange: addr 1.0 [7]
2025-09-13 13:32:28.986635-0500: NOTICE: doChange: addr 2.0 [7]
2025-09-13 13:32:28.989306-0500: NOTICE: doChange: addr 3.0 [7]
2025-09-13 13:33:14.915135-0500: NOTICE: accepted No_Media_Mode enter, Sat Sep 13 13:33:15 2025
2025-09-13 13:38:33.727701-0500: NOTICE: accepted No_Media_Mode exit, Sat Sep 13 13:38:33 2025
2025-09-13 13:38:33.737680-0500: NOTICE: doChange: addr 1.0 [7]
2025-09-13 13:38:33.737812-0500: NOTICE: doChange: addr 2.0 [7]
2025-09-13 13:38:33.740616-0500: NOTICE: doChange: addr 3.0 [7]
2025-09-16 12:19:45.581157-0500: PolicyEngine started: 7800020000000000, Time: Tue Sep 16 12:19:45 2025
2025-09-16 12:19:46.470281-0500: NOTICE: kAGDCCallbackCapability: 0x0 []
2025-09-16 12:19:47.128523-0500: NOTICE: Vendor portmap 0xe mst 0xc ddc 0xc aux 0xe
2025-09-16 12:19:47.128877-0500: NOTICE: Features policyd 0x20100000 kernel 0x0
2025-09-16 12:19:47.134962-0500: NOTICE: Populated addr 1.0 bad:f00d UUID 0 order 0:0 tx 2:2 dsp 1 WL 0 MS 0 edid 128 undef 0 DSC 0
2025-09-16 12:19:47.138306-0500: NOTICE: Populated addr 1.0 bad:f00d UUID 0 order 0:0 tx 2:2 dsp 1 WL 0 MS 0 edid 128 undef 0 DSC 0
2025-09-16 12:19:47.138358-0500: NOTICE: FB AGDC state FB[0] - ON
2025-09-16 12:19:47.143734-0500: NOTICE: accepted No_Media_Mode enter, Tue Sep 16 12:19:47 2025
2025-09-16 12:19:47.143794-0500: NOTICE: accepted No_Media_Mode exit, Tue Sep 16 12:19:47 2025
2025-09-16 12:19:47.143914-0500: NOTICE: doChange: addr 1.0 [7]
2025-09-16 12:19:47.143945-0500: NOTICE: doChange: addr 2.0 [7]
2025-09-16 12:19:47.148876-0500: NOTICE: doChange: addr 3.0 [7]
2025-09-16 12:19:47.153730-0500: NOTICE: doChange: addr 1.0 [7]
2025-09-16 12:19:47.153817-0500: NOTICE: doChange: addr 2.0 [7]
2025-09-16 12:19:47.156620-0500: NOTICE: doChange: addr 3.0 [7]
2025-09-17 15:05:53.589008-0500: PolicyEngine started: 7800020000000000, Time: Wed Sep 17 15:05:53 2025
2025-09-17 15:05:54.216181-0500: NOTICE: kAGDCCallbackCapability: 0x0 []
2025-09-17 15:05:55.022614-0500: NOTICE: Vendor portmap 0xe mst 0xc ddc 0xc aux 0xe
2025-09-17 15:05:55.022895-0500: NOTICE: Features policyd 0x20100000 kernel 0x0
2025-09-17 15:05:55.037777-0500: NOTICE: Populated addr 1.0 bad:f00d UUID 0 order 0:0 tx 2:2 dsp 1 WL 0 MS 0 edid 128 undef 0 DSC 0
2025-09-17 15:05:55.045231-0500: NOTICE: Populated addr 1.0 bad:f00d UUID 0 order 0:0 tx 2:2 dsp 1 WL 0 MS 0 edid 128 undef 0 DSC 0
2025-09-17 15:05:55.045628-0500: NOTICE: FB AGDC state FB[0] - ON
2025-09-17 15:05:55.053274-0500: NOTICE: accepted No_Media_Mode enter, Wed Sep 17 15:05:55 2025
2025-09-17 15:05:55.053386-0500: NOTICE: accepted No_Media_Mode exit, Wed Sep 17 15:05:55 2025
2025-09-17 15:05:55.053635-0500: NOTICE: doChange: addr 1.0 [7]
2025-09-17 15:05:55.053670-0500: NOTICE: doChange: addr 2.0 [7]
2025-09-17 15:05:55.066515-0500: NOTICE: doChange: addr 3.0 [7]
2025-09-17 15:05:55.073770-0500: NOTICE: doChange: addr 1.0 [7]
2025-09-17 15:05:55.073840-0500: NOTICE: doChange: addr 2.0 [7]
2025-09-17 15:05:55.080376-0500: NOTICE: doChange: addr 3.0 [7]
2025-09-19 13:19:32.635570-0500: PolicyEngine started: 7800020000000000, Time: Fri Sep 19 13:19:32 2025
2025-09-19 13:19:33.273761-0500: NOTICE: kAGDCCallbackCapability: 0x0 []
2025-09-19 13:19:34.116352-0500: NOTICE: Vendor portmap 0xe mst 0xc ddc 0xc aux 0xe
2025-09-19 13:19:34.116692-0500: NOTICE: Features policyd 0x20100000 kernel 0x0
2025-09-19 13:19:34.125377-0500: NOTICE: Populated addr 1.0 bad:f00d UUID 0 order 0:0 tx 2:2 dsp 1 WL 0 MS 0 edid 128 undef 0 DSC 0
2025-09-19 13:19:34.130633-0500: NOTICE: Populated addr 1.0 bad:f00d UUID 0 order 0:0 tx 2:2 dsp 1 WL 0 MS 0 edid 128 undef 0 DSC 0
2025-09-19 13:19:34.130682-0500: NOTICE: FB AGDC state FB[0] - ON
2025-09-19 13:19:34.134077-0500: NOTICE: accepted No_Media_Mode enter, Fri Sep 19 13:19:34 2025
2025-09-19 13:19:34.134141-0500: NOTICE: accepted No_Media_Mode exit, Fri Sep 19 13:19:34 2025
2025-09-19 13:19:34.134245-0500: NOTICE: doChange: addr 1.0 [7]
2025-09-19 13:19:34.134300-0500: NOTICE: doChange: addr 2.0 [7]
2025-09-19 13:19:34.136894-0500: NOTICE: doChange: addr 3.0 [7]
2025-09-19 13:19:34.144158-0500: NOTICE: doChange: addr 1.0 [7]
2025-09-19 13:19:34.144191-0500: NOTICE: doChange: addr 2.0 [7]
2025-09-19 13:19:34.147713-0500: NOTICE: doChange: addr 3.0 [7]
2025-09-19 13:57:14.306811-0500: NOTICE: accepted No_Media_Mode enter, Fri Sep 19 13:57:14 2025
2025-09-19 13:57:15.473592-0500: NOTICE: accepted No_Media_Mode exit, Fri Sep 19 13:57:15 2025
2025-09-19 13:57:16.238235-0500: NOTICE: doChange: addr 1.0 [7]
2025-09-19 13:57:16.238326-0500: NOTICE: doChange: addr 2.0 [7]
2025-09-19 13:57:16.241043-0500: NOTICE: doChange: addr 3.0 [7]
2025-09-19 13:57:20.416240-0500: NOTICE: accepted No_Media_Mode enter, Fri Sep 19 13:57:20 2025
2025-09-19 13:57:21.445192-0500: NOTICE: accepted No_Media_Mode exit, Fri Sep 19 13:57:21 2025
2025-09-19 13:57:21.740492-0500: NOTICE: doChange: addr 1.0 [7]
2025-09-19 13:57:21.740560-0500: NOTICE: doChange: addr 2.0 [7]
2025-09-19 13:57:21.746878-0500: NOTICE: doChange: addr 3.0 [7]
2025-09-19 13:57:33.095941-0500: NOTICE: accepted No_Media_Mode enter, Fri Sep 19 13:57:33 2025
2025-09-19 14:10:03.941269-0500: NOTICE: accepted No_Media_Mode exit, Fri Sep 19 14:10:03 2025
2025-09-19 14:10:03.959269-0500: NOTICE: doChange: addr 1.0 [7]
2025-09-19 14:10:03.959312-0500: NOTICE: doChange: addr 2.0 [7]
2025-09-19 14:10:03.962134-0500: NOTICE: doChange: addr 3.0 [7]
2025-09-20 12:56:31.547172-0500: PolicyEngine started: 7800020000000000, Time: Sat Sep 20 12:56:31 2025
2025-09-20 12:56:32.225586-0500: NOTICE: kAGDCCallbackCapability: 0x0 []
2025-09-20 12:56:32.970807-0500: NOTICE: Vendor portmap 0xe mst 0xc ddc 0xc aux 0xe
2025-09-20 12:56:32.972273-0500: NOTICE: Features policyd 0x20100000 kernel 0x0
2025-09-20 12:56:32.993511-0500: NOTICE: Populated addr 1.0 bad:f00d UUID 0 order 0:0 tx 2:2 dsp 1 WL 0 MS 0 edid 128 undef 0 DSC 0
2025-09-20 12:56:33.020736-0500: NOTICE: Populated addr 1.0 bad:f00d UUID 0 order 0:0 tx 2:2 dsp 1 WL 0 MS 0 edid 128 undef 0 DSC 0
2025-09-20 12:56:33.020786-0500: NOTICE: FB AGDC state FB[0] - ON
2025-09-20 12:56:33.022659-0500: NOTICE: accepted No_Media_Mode enter, Sat Sep 20 12:56:33 2025
2025-09-20 12:56:33.022711-0500: NOTICE: accepted No_Media_Mode exit, Sat Sep 20 12:56:33 2025
2025-09-20 12:56:33.022779-0500: NOTICE: doChange: addr 1.0 [7]
2025-09-20 12:56:33.022802-0500: NOTICE: doChange: addr 2.0 [7]
2025-09-20 12:56:33.026223-0500: NOTICE: doChange: addr 3.0 [7]
2025-09-20 12:56:33.033544-0500: NOTICE: doChange: addr 1.0 [7]
2025-09-20 12:56:33.033594-0500: NOTICE: doChange: addr 2.0 [7]
2025-09-20 12:56:33.036945-0500: NOTICE: doChange: addr 3.0 [7]
2025-09-20 12:56:33.395842-0500: PolicyEngine started: 7800020000000000, Time: Sat Sep 20 12:56:33 2025
2025-09-20 12:56:33.396237-0500: NOTICE: kAGDCCallbackCapability: 0x0 []
2025-09-20 12:56:33.396786-0500: NOTICE: Vendor portmap 0xe mst 0xc ddc 0xc aux 0xe
2025-09-20 12:56:33.396831-0500: NOTICE: Features policyd 0x20100000 kernel 0x0
2025-09-20 12:56:33.396986-0500: NOTICE: doing display state recovery
2025-09-20 12:56:33.397485-0500: NOTICE: FB AGDC state FB[0] - ON
2025-09-20 12:56:33.399321-0500: NOTICE: doChange: addr 1.0 [7]
2025-09-20 12:56:33.399372-0500: NOTICE: doChange: addr 2.0 [7]
2025-09-20 12:56:33.402004-0500: NOTICE: doChange: addr 3.0 [7]
2025-09-20 12:56:43.686459-0500: PolicyEngine started: 7800020000000000, Time: Sat Sep 20 12:56:43 2025
2025-09-20 12:56:43.686652-0500: NOTICE: kAGDCCallbackCapability: 0x0 []
2025-09-20 12:56:43.687057-0500: NOTICE: Vendor portmap 0xe mst 0xc ddc 0xc aux 0xe
2025-09-20 12:56:43.687082-0500: NOTICE: Features policyd 0x20100000 kernel 0x0
2025-09-20 12:56:43.687226-0500: NOTICE: doing display state recovery
2025-09-20 12:56:43.687596-0500: NOTICE: FB AGDC state FB[0] - ON
2025-09-20 12:56:43.689196-0500: NOTICE: doChange: addr 1.0 [7]
2025-09-20 12:56:43.689218-0500: NOTICE: doChange: addr 2.0 [7]
2025-09-20 12:56:43.691715-0500: NOTICE: doChange: addr 3.0 [7]
2025-09-22 10:02:22.418613-0500: PolicyEngine started: 7800020000000000, Time: Mon Sep 22 10:02:22 2025
2025-09-22 10:02:23.102533-0500: NOTICE: kAGDCCallbackCapability: 0x0 []
2025-09-22 10:02:23.824424-0500: NOTICE: Vendor portmap 0xe mst 0xc ddc 0xc aux 0xe
2025-09-22 10:02:23.824691-0500: NOTICE: Features policyd 0x20100000 kernel 0x0
2025-09-22 10:02:23.842351-0500: NOTICE: Populated addr 1.0 bad:f00d UUID 0 order 0:0 tx 2:2 dsp 1 WL 0 MS 0 edid 128 undef 0 DSC 0
2025-09-22 10:02:23.848319-0500: NOTICE: Populated addr 1.0 bad:f00d UUID 0 order 0:0 tx 2:2 dsp 1 WL 0 MS 0 edid 128 undef 0 DSC 0
2025-09-22 10:02:23.848366-0500: NOTICE: FB AGDC state FB[0] - ON
2025-09-22 10:02:23.850567-0500: NOTICE: accepted No_Media_Mode enter, Mon Sep 22 10:02:23 2025
2025-09-22 10:02:23.850628-0500: NOTICE: accepted No_Media_Mode exit, Mon Sep 22 10:02:23 2025
2025-09-22 10:02:23.860263-0500: NOTICE: doChange: addr 1.0 [7]
2025-09-22 10:02:23.860351-0500: NOTICE: doChange: addr 2.0 [7]
2025-09-22 10:02:23.868820-0500: NOTICE: doChange: addr 3.0 [7]
2025-09-22 10:02:23.871652-0500: NOTICE: doChange: addr 1.0 [7]
2025-09-22 10:02:23.871705-0500: NOTICE: doChange: addr 2.0 [7]
2025-09-22 10:02:23.874275-0500: NOTICE: doChange: addr 3.0 [7]
2025-09-22 10:02:24.229696-0500: PolicyEngine started: 7800020000000000, Time: Mon Sep 22 10:02:24 2025
2025-09-22 10:02:24.229865-0500: NOTICE: kAGDCCallbackCapability: 0x0 []
2025-09-22 10:02:24.230352-0500: NOTICE: Vendor portmap 0xe mst 0xc ddc 0xc aux 0xe
2025-09-22 10:02:24.230391-0500: NOTICE: Features policyd 0x20100000 kernel 0x0
2025-09-22 10:02:24.230502-0500: NOTICE: doing display state recovery
2025-09-22 10:02:24.230857-0500: NOTICE: FB AGDC state FB[0] - ON
2025-09-22 10:02:24.232297-0500: NOTICE: doChange: addr 1.0 [7]
2025-09-22 10:02:24.232333-0500: NOTICE: doChange: addr 2.0 [7]
2025-09-22 10:02:24.235024-0500: NOTICE: doChange: addr 3.0 [7]
2025-09-22 12:13:15.103669-0500: NOTICE: accepted No_Media_Mode enter, Mon Sep 22 12:13:15 2025
2025-09-22 12:23:52.902348-0500: NOTICE: accepted No_Media_Mode exit, Mon Sep 22 12:23:52 2025
2025-09-22 12:23:53.031082-0500: NOTICE: doChange: addr 1.0 [7]
2025-09-22 12:23:53.031151-0500: NOTICE: doChange: addr 2.0 [7]
2025-09-22 12:23:53.033805-0500: NOTICE: doChange: addr 3.0 [7]
2025-09-23 14:53:01.671199-0500: PolicyEngine started: 7800020000000000, Time: Tue Sep 23 14:53:01 2025
2025-09-23 14:53:02.373166-0500: NOTICE: kAGDCCallbackCapability: 0x0 []
2025-09-23 14:53:03.107218-0500: NOTICE: Vendor portmap 0xe mst 0xc ddc 0xc aux 0xe
2025-09-23 14:53:03.107504-0500: NOTICE: Features policyd 0x20100000 kernel 0x0
2025-09-23 14:53:03.119805-0500: NOTICE: Populated addr 1.0 bad:f00d UUID 0 order 0:0 tx 2:2 dsp 1 WL 0 MS 0 edid 128 undef 0 DSC 0
2025-09-23 14:53:03.125730-0500: NOTICE: Populated addr 1.0 bad:f00d UUID 0 order 0:0 tx 2:2 dsp 1 WL 0 MS 0 edid 128 undef 0 DSC 0
2025-09-23 14:53:03.125786-0500: NOTICE: FB AGDC state FB[0] - ON
2025-09-23 14:53:03.135788-0500: NOTICE: accepted No_Media_Mode enter, Tue Sep 23 14:53:03 2025
2025-09-23 14:53:03.136019-0500: NOTICE: accepted No_Media_Mode exit, Tue Sep 23 14:53:03 2025
2025-09-23 14:53:03.137247-0500: NOTICE: doChange: addr 1.0 [7]
2025-09-23 14:53:03.137531-0500: NOTICE: doChange: addr 2.0 [7]
2025-09-23 14:53:03.140769-0500: NOTICE: doChange: addr 3.0 [7]
2025-09-23 14:53:03.146656-0500: NOTICE: doChange: addr 1.0 [7]
2025-09-23 14:53:03.146705-0500: NOTICE: doChange: addr 2.0 [7]
2025-09-23 14:53:03.150008-0500: NOTICE: doChange: addr 3.0 [7]
2025-09-24 10:11:23.760507-0500: PolicyEngine started: 7800020000000000, Time: Wed Sep 24 10:11:23 2025
2025-09-24 10:11:24.450574-0500: NOTICE: kAGDCCallbackCapability: 0x0 []
2025-09-24 10:11:25.132332-0500: NOTICE: Vendor portmap 0xe mst 0xc ddc 0xc aux 0xe
2025-09-24 10:11:25.132622-0500: NOTICE: Features policyd 0x20100000 kernel 0x0
2025-09-24 10:11:25.141482-0500: NOTICE: Populated addr 1.0 bad:f00d UUID 0 order 0:0 tx 2:2 dsp 1 WL 0 MS 0 edid 128 undef 0 DSC 0
2025-09-24 10:11:25.146287-0500: NOTICE: Populated addr 1.0 bad:f00d UUID 0 order 0:0 tx 2:2 dsp 1 WL 0 MS 0 edid 128 undef 0 DSC 0
2025-09-24 10:11:25.146345-0500: NOTICE: FB AGDC state FB[0] - ON
2025-09-24 10:11:25.153950-0500: NOTICE: accepted No_Media_Mode enter, Wed Sep 24 10:11:25 2025
2025-09-24 10:11:25.154069-0500: NOTICE: accepted No_Media_Mode exit, Wed Sep 24 10:11:25 2025
2025-09-24 10:11:25.154159-0500: NOTICE: doChange: addr 1.0 [7]
2025-09-24 10:11:25.154184-0500: NOTICE: doChange: addr 2.0 [7]
2025-09-24 10:11:25.157178-0500: NOTICE: doChange: addr 3.0 [7]
2025-09-24 10:11:25.163696-0500: NOTICE: doChange: addr 1.0 [7]
2025-09-24 10:11:25.163754-0500: NOTICE: doChange: addr 2.0 [7]
2025-09-24 10:11:25.167134-0500: NOTICE: doChange: addr 3.0 [7]
2025-09-24 10:31:20.504370-0500: PolicyEngine started: 7800020000000000, Time: Wed Sep 24 10:31:20 2025
2025-09-24 10:31:21.161563-0500: NOTICE: kAGDCCallbackCapability: 0x0 []
2025-09-24 10:31:21.886015-0500: NOTICE: Vendor portmap 0xe mst 0xc ddc 0xc aux 0xe
2025-09-24 10:31:21.925229-0500: NOTICE: Features policyd 0x20100000 kernel 0x0
2025-09-24 10:31:21.982654-0500: NOTICE: Populated addr 1.0 bad:f00d UUID 0 order 0:0 tx 2:2 dsp 1 WL 0 MS 0 edid 128 undef 0 DSC 0
2025-09-24 10:31:21.988289-0500: NOTICE: Populated addr 1.0 bad:f00d UUID 0 order 0:0 tx 2:2 dsp 1 WL 0 MS 0 edid 128 undef 0 DSC 0
2025-09-24 10:31:21.988340-0500: NOTICE: FB AGDC state FB[0] - ON
2025-09-24 10:31:21.992138-0500: NOTICE: accepted No_Media_Mode enter, Wed Sep 24 10:31:21 2025
2025-09-24 10:31:21.992204-0500: NOTICE: accepted No_Media_Mode exit, Wed Sep 24 10:31:21 2025
2025-09-24 10:31:21.992276-0500: NOTICE: doChange: addr 1.0 [7]
2025-09-24 10:31:21.992299-0500: NOTICE: doChange: addr 2.0 [7]
2025-09-24 10:31:21.995535-0500: NOTICE: doChange: addr 3.0 [7]
2025-09-24 10:31:22.003748-0500: NOTICE: doChange: addr 1.0 [7]
2025-09-24 10:31:22.003793-0500: NOTICE: doChange: addr 2.0 [7]
2025-09-24 10:31:22.006720-0500: NOTICE: doChange: addr 3.0 [7]
2025-09-24 10:31:22.336001-0500: PolicyEngine started: 7800020000000000, Time: Wed Sep 24 10:31:22 2025
2025-09-24 10:31:22.336217-0500: NOTICE: kAGDCCallbackCapability: 0x0 []
2025-09-24 10:31:22.336829-0500: NOTICE: Vendor portmap 0xe mst 0xc ddc 0xc aux 0xe
2025-09-24 10:31:22.336881-0500: NOTICE: Features policyd 0x20100000 kernel 0x0
2025-09-24 10:31:22.337022-0500: NOTICE: doing display state recovery
2025-09-24 10:31:22.337505-0500: NOTICE: FB AGDC state FB[0] - ON
2025-09-24 10:31:22.339653-0500: NOTICE: doChange: addr 1.0 [7]
2025-09-24 10:31:22.339708-0500: NOTICE: doChange: addr 2.0 [7]
2025-09-24 10:31:22.342596-0500: NOTICE: doChange: addr 3.0 [7]
2025-09-26 11:13:36.544549-0500: PolicyEngine started: 7800020000000000, Time: Fri Sep 26 11:13:36 2025
2025-09-26 11:13:37.189107-0500: NOTICE: kAGDCCallbackCapability: 0x0 []
2025-09-26 11:13:38.059180-0500: NOTICE: Vendor portmap 0xe mst 0xc ddc 0xc aux 0xe
2025-09-26 11:13:38.068540-0500: NOTICE: Features policyd 0x20100000 kernel 0x0
2025-09-26 11:13:38.072802-0500: NOTICE: Populated addr 1.0 bad:f00d UUID 0 order 0:0 tx 2:2 dsp 1 WL 0 MS 0 edid 128 undef 0 DSC 0
2025-09-26 11:13:38.077522-0500: NOTICE: Populated addr 1.0 bad:f00d UUID 0 order 0:0 tx 2:2 dsp 1 WL 0 MS 0 edid 128 undef 0 DSC 0
2025-09-26 11:13:38.077585-0500: NOTICE: FB AGDC state FB[0] - ON
2025-09-26 11:13:38.079672-0500: NOTICE: accepted No_Media_Mode enter, Fri Sep 26 11:13:38 2025
2025-09-26 11:13:38.079730-0500: NOTICE: accepted No_Media_Mode exit, Fri Sep 26 11:13:38 2025
2025-09-26 11:13:38.079951-0500: NOTICE: doChange: addr 1.0 [7]
2025-09-26 11:13:38.079983-0500: NOTICE: doChange: addr 2.0 [7]
2025-09-26 11:13:38.082729-0500: NOTICE: doChange: addr 3.0 [7]
2025-09-26 11:13:38.090272-0500: NOTICE: doChange: addr 1.0 [7]
2025-09-26 11:13:38.090318-0500: NOTICE: doChange: addr 2.0 [7]
2025-09-26 11:13:38.092946-0500: NOTICE: doChange: addr 3.0 [7]
2025-09-26 11:13:38.486787-0500: PolicyEngine started: 7800020000000000, Time: Fri Sep 26 11:13:38 2025
2025-09-26 11:13:38.486943-0500: NOTICE: kAGDCCallbackCapability: 0x0 []
2025-09-26 11:13:38.487389-0500: NOTICE: Vendor portmap 0xe mst 0xc ddc 0xc aux 0xe
2025-09-26 11:13:38.487432-0500: NOTICE: Features policyd 0x20100000 kernel 0x0
2025-09-26 11:13:38.487573-0500: NOTICE: doing display state recovery
2025-09-26 11:13:38.488078-0500: NOTICE: FB AGDC state FB[0] - ON
2025-09-26 11:13:38.490082-0500: NOTICE: doChange: addr 1.0 [7]
2025-09-26 11:13:38.490175-0500: NOTICE: doChange: addr 2.0 [7]
2025-09-26 11:13:38.492904-0500: NOTICE: doChange: addr 3.0 [7]
2025-09-26 12:00:50.576495-0500: PolicyEngine started: 7800020000000000, Time: Fri Sep 26 12:00:50 2025
2025-09-26 12:00:51.485058-0500: NOTICE: kAGDCCallbackCapability: 0x0 []
2025-09-26 12:00:51.905175-0500: NOTICE: Vendor portmap 0xe mst 0xc ddc 0xc aux 0xe
2025-09-26 12:00:51.910676-0500: NOTICE: Features policyd 0x20100000 kernel 0x0
2025-09-26 12:00:51.966379-0500: NOTICE: Populated addr 1.0 bad:f00d UUID 0 order 0:0 tx 2:2 dsp 1 WL 0 MS 0 edid 128 undef 0 DSC 0
2025-09-26 12:00:51.969767-0500: NOTICE: Populated addr 1.0 bad:f00d UUID 0 order 0:0 tx 2:2 dsp 1 WL 0 MS 0 edid 128 undef 0 DSC 0
2025-09-26 12:00:51.969819-0500: NOTICE: FB AGDC state FB[0] - ON
2025-09-26 12:00:51.971854-0500: NOTICE: accepted No_Media_Mode enter, Fri Sep 26 12:00:51 2025
2025-09-26 12:00:51.971919-0500: NOTICE: accepted No_Media_Mode exit, Fri Sep 26 12:00:51 2025
2025-09-26 12:00:51.971996-0500: NOTICE: doChange: addr 1.0 [7]
2025-09-26 12:00:51.972025-0500: NOTICE: doChange: addr 2.0 [7]
2025-09-26 12:00:51.974705-0500: NOTICE: doChange: addr 3.0 [7]
2025-09-26 12:00:51.983856-0500: NOTICE: doChange: addr 1.0 [7]
2025-09-26 12:00:51.983943-0500: NOTICE: doChange: addr 2.0 [7]
2025-09-26 12:00:51.986577-0500: NOTICE: doChange: addr 3.0 [7]
2025-09-28 14:08:46.793459-0500: PolicyEngine started: 7800020000000000, Time: Sun Sep 28 14:08:46 2025
2025-09-28 14:08:47.435823-0500: NOTICE: kAGDCCallbackCapability: 0x0 []
2025-09-28 14:08:48.273815-0500: NOTICE: Vendor portmap 0xe mst 0xc ddc 0xc aux 0xe
2025-09-28 14:08:48.274125-0500: NOTICE: Features policyd 0x20100000 kernel 0x0
2025-09-28 14:08:48.298076-0500: NOTICE: Populated addr 1.0 bad:f00d UUID 0 order 0:0 tx 2:2 dsp 1 WL 0 MS 0 edid 128 undef 0 DSC 0
2025-09-28 14:08:48.303137-0500: NOTICE: Populated addr 1.0 bad:f00d UUID 0 order 0:0 tx 2:2 dsp 1 WL 0 MS 0 edid 128 undef 0 DSC 0
2025-09-28 14:08:48.303206-0500: NOTICE: FB AGDC state FB[0] - ON
2025-09-28 14:08:48.306303-0500: NOTICE: accepted No_Media_Mode enter, Sun Sep 28 14:08:48 2025
2025-09-28 14:08:48.306365-0500: NOTICE: accepted No_Media_Mode exit, Sun Sep 28 14:08:48 2025
2025-09-28 14:08:48.306461-0500: NOTICE: doChange: addr 1.0 [7]
2025-09-28 14:08:48.306491-0500: NOTICE: doChange: addr 2.0 [7]
2025-09-28 14:08:48.317645-0500: NOTICE: doChange: addr 3.0 [7]
2025-09-28 14:08:48.320448-0500: NOTICE: doChange: addr 1.0 [7]
2025-09-28 14:08:48.320501-0500: NOTICE: doChange: addr 2.0 [7]
2025-09-28 14:08:48.323683-0500: NOTICE: doChange: addr 3.0 [7]
2025-09-30 13:32:52.528790-0500: PolicyEngine started: 7800020000000000, Time: Tue Sep 30 13:32:52 2025
2025-09-30 13:32:53.198394-0500: NOTICE: kAGDCCallbackCapability: 0x0 []
2025-09-30 13:32:53.992368-0500: NOTICE: Vendor portmap 0xe mst 0xc ddc 0xc aux 0xe
2025-09-30 13:32:53.998682-0500: NOTICE: Features policyd 0x20100000 kernel 0x0
2025-09-30 13:32:54.010243-0500: NOTICE: Populated addr 1.0 bad:f00d UUID 0 order 0:0 tx 2:2 dsp 1 WL 0 MS 0 edid 128 undef 0 DSC 0
2025-09-30 13:32:54.013652-0500: NOTICE: Populated addr 1.0 bad:f00d UUID 0 order 0:0 tx 2:2 dsp 1 WL 0 MS 0 edid 128 undef 0 DSC 0
2025-09-30 13:32:54.013739-0500: NOTICE: FB AGDC state FB[0] - ON
2025-09-30 13:32:54.025126-0500: NOTICE: accepted No_Media_Mode enter, Tue Sep 30 13:32:54 2025
2025-09-30 13:32:54.025256-0500: NOTICE: accepted No_Media_Mode exit, Tue Sep 30 13:32:54 2025
2025-09-30 13:32:54.025591-0500: NOTICE: doChange: addr 1.0 [7]
2025-09-30 13:32:54.025618-0500: NOTICE: doChange: addr 2.0 [7]
2025-09-30 13:32:54.036786-0500: NOTICE: doChange: addr 3.0 [7]
2025-09-30 13:32:54.041012-0500: NOTICE: doChange: addr 1.0 [7]
2025-09-30 13:32:54.041164-0500: NOTICE: doChange: addr 2.0 [7]
2025-09-30 13:32:54.046987-0500: NOTICE: doChange: addr 3.0 [7]
2025-09-30 15:15:18.643768-0500: NOTICE: accepted No_Media_Mode enter, Tue Sep 30 15:15:18 2025
2025-09-30 15:25:25.887943-0500: NOTICE: accepted No_Media_Mode exit, Tue Sep 30 15:25:25 2025
2025-09-30 15:25:25.986948-0500: NOTICE: doChange: addr 1.0 [7]
2025-09-30 15:25:25.987024-0500: NOTICE: doChange: addr 2.0 [7]
2025-09-30 15:25:25.990033-0500: NOTICE: doChange: addr 3.0 [7]
2025-10-01 13:10:40.036851-0500: PolicyEngine started: 7800020000000000, Time: Wed Oct  1 13:10:40 2025
2025-10-01 13:10:40.930794-0500: NOTICE: kAGDCCallbackCapability: 0x0 []
2025-10-01 13:10:41.452453-0500: NOTICE: Vendor portmap 0xe mst 0xc ddc 0xc aux 0xe
2025-10-01 13:10:41.452745-0500: NOTICE: Features policyd 0x20100000 kernel 0x0
2025-10-01 13:10:41.459549-0500: NOTICE: Populated addr 1.0 bad:f00d UUID 0 order 0:0 tx 2:2 dsp 1 WL 0 MS 0 edid 128 undef 0 DSC 0
2025-10-01 13:10:41.473223-0500: NOTICE: Populated addr 1.0 bad:f00d UUID 0 order 0:0 tx 2:2 dsp 1 WL 0 MS 0 edid 128 undef 0 DSC 0
2025-10-01 13:10:41.473355-0500: NOTICE: FB AGDC state FB[0] - ON
2025-10-01 13:10:41.486144-0500: NOTICE: accepted No_Media_Mode enter, Wed Oct  1 13:10:41 2025
2025-10-01 13:10:41.486216-0500: NOTICE: accepted No_Media_Mode exit, Wed Oct  1 13:10:41 2025
2025-10-01 13:10:41.487022-0500: NOTICE: doChange: addr 1.0 [7]
2025-10-01 13:10:41.487071-0500: NOTICE: doChange: addr 2.0 [7]
2025-10-01 13:10:41.495508-0500: NOTICE: doChange: addr 3.0 [7]
2025-10-01 13:10:41.503382-0500: NOTICE: doChange: addr 1.0 [7]
2025-10-01 13:10:41.503575-0500: NOTICE: doChange: addr 2.0 [7]
2025-10-01 13:10:41.507515-0500: NOTICE: doChange: addr 3.0 [7]
2025-10-01 13:45:54.343648-0500: PolicyEngine started: 7800020000000000, Time: Wed Oct  1 13:45:54 2025
2025-10-01 13:45:55.038005-0500: NOTICE: kAGDCCallbackCapability: 0x0 []
2025-10-01 13:45:55.693859-0500: NOTICE: Vendor portmap 0xe mst 0xc ddc 0xc aux 0xe
2025-10-01 13:45:55.694292-0500: NOTICE: Features policyd 0x20100000 kernel 0x0
2025-10-01 13:45:55.737763-0500: NOTICE: Populated addr 1.0 bad:f00d UUID 0 order 0:0 tx 2:2 dsp 1 WL 0 MS 0 edid 128 undef 0 DSC 0
2025-10-01 13:45:55.753509-0500: NOTICE: Populated addr 1.0 bad:f00d UUID 0 order 0:0 tx 2:2 dsp 1 WL 0 MS 0 edid 128 undef 0 DSC 0
2025-10-01 13:45:55.753558-0500: NOTICE: FB AGDC state FB[0] - ON
2025-10-01 13:45:55.759186-0500: NOTICE: accepted No_Media_Mode enter, Wed Oct  1 13:45:55 2025
2025-10-01 13:45:55.759241-0500: NOTICE: accepted No_Media_Mode exit, Wed Oct  1 13:45:55 2025
2025-10-01 13:45:55.759424-0500: NOTICE: doChange: addr 1.0 [7]
2025-10-01 13:45:55.759564-0500: NOTICE: doChange: addr 2.0 [7]
2025-10-01 13:45:55.768665-0500: NOTICE: doChange: addr 3.0 [7]
2025-10-01 13:45:55.772395-0500: NOTICE: doChange: addr 1.0 [7]
2025-10-01 13:45:55.772442-0500: NOTICE: doChange: addr 2.0 [7]
2025-10-01 13:45:55.775403-0500: NOTICE: doChange: addr 3.0 [7]
2025-10-01 15:21:56.434620-0500: PolicyEngine started: 7800020000000000, Time: Wed Oct  1 15:21:56 2025
2025-10-01 15:21:57.132591-0500: NOTICE: kAGDCCallbackCapability: 0x0 []
2025-10-01 15:21:57.940453-0500: NOTICE: Vendor portmap 0xe mst 0xc ddc 0xc aux 0xe
2025-10-01 15:21:57.941203-0500: NOTICE: Features policyd 0x20100000 kernel 0x0
2025-10-01 15:21:57.952389-0500: NOTICE: Populated addr 1.0 bad:f00d UUID 0 order 0:0 tx 2:2 dsp 1 WL 0 MS 0 edid 128 undef 0 DSC 0
2025-10-01 15:21:57.959093-0500: NOTICE: Populated addr 1.0 bad:f00d UUID 0 order 0:0 tx 2:2 dsp 1 WL 0 MS 0 edid 128 undef 0 DSC 0
2025-10-01 15:21:57.959212-0500: NOTICE: FB AGDC state FB[0] - ON
2025-10-01 15:21:57.961143-0500: NOTICE: accepted No_Media_Mode enter, Wed Oct  1 15:21:57 2025
2025-10-01 15:21:57.961199-0500: NOTICE: accepted No_Media_Mode exit, Wed Oct  1 15:21:57 2025
2025-10-01 15:21:57.961300-0500: NOTICE: doChange: addr 1.0 [7]
2025-10-01 15:21:57.961320-0500: NOTICE: doChange: addr 2.0 [7]
2025-10-01 15:21:57.965087-0500: NOTICE: doChange: addr 3.0 [7]
2025-10-01 15:21:57.975526-0500: NOTICE: doChange: addr 1.0 [7]
2025-10-01 15:21:57.975569-0500: NOTICE: doChange: addr 2.0 [7]
2025-10-01 15:21:57.986971-0500: NOTICE: doChange: addr 3.0 [7]
2025-10-01 16:41:07.434445-0500: PolicyEngine started: 7800020000000000, Time: Wed Oct  1 16:41:07 2025
2025-10-01 16:41:08.054246-0500: NOTICE: kAGDCCallbackCapability: 0x0 []
2025-10-01 16:41:08.962443-0500: NOTICE: Vendor portmap 0xe mst 0xc ddc 0xc aux 0xe
2025-10-01 16:41:08.962749-0500: NOTICE: Features policyd 0x20100000 kernel 0x0
2025-10-01 16:41:08.975947-0500: NOTICE: Populated addr 1.0 bad:f00d UUID 0 order 0:0 tx 2:2 dsp 1 WL 0 MS 0 edid 128 undef 0 DSC 0
2025-10-01 16:41:08.984388-0500: NOTICE: Populated addr 1.0 bad:f00d UUID 0 order 0:0 tx 2:2 dsp 1 WL 0 MS 0 edid 128 undef 0 DSC 0
2025-10-01 16:41:08.984453-0500: NOTICE: FB AGDC state FB[0] - ON
2025-10-01 16:41:08.987799-0500: NOTICE: accepted No_Media_Mode enter, Wed Oct  1 16:41:08 2025
2025-10-01 16:41:08.990495-0500: NOTICE: accepted No_Media_Mode exit, Wed Oct  1 16:41:08 2025
2025-10-01 16:41:08.991035-0500: NOTICE: doChange: addr 1.0 [7]
2025-10-01 16:41:08.991105-0500: NOTICE: doChange: addr 2.0 [7]
2025-10-01 16:41:08.995649-0500: NOTICE: doChange: addr 3.0 [7]
2025-10-01 16:41:09.001279-0500: NOTICE: doChange: addr 1.0 [7]
2025-10-01 16:41:09.002172-0500: NOTICE: doChange: addr 2.0 [7]
2025-10-01 16:41:09.005633-0500: NOTICE: doChange: addr 3.0 [7]
2025-10-02 13:52:22.132172-0500: PolicyEngine started: 7800020000000000, Time: Thu Oct  2 13:52:22 2025
2025-10-02 13:52:22.757594-0500: NOTICE: kAGDCCallbackCapability: 0x0 []
2025-10-02 13:52:23.598428-0500: NOTICE: Vendor portmap 0xe mst 0xc ddc 0xc aux 0xe
2025-10-02 13:52:23.598769-0500: NOTICE: Features policyd 0x20100000 kernel 0x0
2025-10-02 13:52:23.658704-0500: NOTICE: Populated addr 1.0 bad:f00d UUID 0 order 0:0 tx 2:2 dsp 1 WL 0 MS 0 edid 128 undef 0 DSC 0
2025-10-02 13:52:23.662356-0500: NOTICE: Populated addr 1.0 bad:f00d UUID 0 order 0:0 tx 2:2 dsp 1 WL 0 MS 0 edid 128 undef 0 DSC 0
2025-10-02 13:52:23.662415-0500: NOTICE: FB AGDC state FB[0] - ON
2025-10-02 13:52:23.664402-0500: NOTICE: accepted No_Media_Mode enter, Thu Oct  2 13:52:23 2025
2025-10-02 13:52:23.664464-0500: NOTICE: accepted No_Media_Mode exit, Thu Oct  2 13:52:23 2025
2025-10-02 13:52:23.664530-0500: NOTICE: doChange: addr 1.0 [7]
2025-10-02 13:52:23.664558-0500: NOTICE: doChange: addr 2.0 [7]
2025-10-02 13:52:23.668004-0500: NOTICE: doChange: addr 3.0 [7]
2025-10-02 13:52:23.674169-0500: NOTICE: doChange: addr 1.0 [7]
2025-10-02 13:52:23.674219-0500: NOTICE: doChange: addr 2.0 [7]
2025-10-02 13:52:23.676806-0500: NOTICE: doChange: addr 3.0 [7]
2025-10-02 15:01:06.537823-0500: PolicyEngine started: 7800020000000000, Time: Thu Oct  2 15:01:06 2025
2025-10-02 15:01:07.453256-0500: NOTICE: kAGDCCallbackCapability: 0x0 []
2025-10-02 15:01:07.964579-0500: NOTICE: Vendor portmap 0xe mst 0xc ddc 0xc aux 0xe
2025-10-02 15:01:07.964856-0500: NOTICE: Features policyd 0x20100000 kernel 0x0
2025-10-02 15:01:08.018605-0500: NOTICE: Populated addr 1.0 bad:f00d UUID 0 order 0:0 tx 2:2 dsp 1 WL 0 MS 0 edid 128 undef 0 DSC 0
2025-10-02 15:01:08.030390-0500: NOTICE: Populated addr 1.0 bad:f00d UUID 0 order 0:0 tx 2:2 dsp 1 WL 0 MS 0 edid 128 undef 0 DSC 0
2025-10-02 15:01:08.030581-0500: NOTICE: FB AGDC state FB[0] - ON
2025-10-02 15:01:08.041297-0500: NOTICE: accepted No_Media_Mode enter, Thu Oct  2 15:01:08 2025
2025-10-02 15:01:08.041445-0500: NOTICE: accepted No_Media_Mode exit, Thu Oct  2 15:01:08 2025
2025-10-02 15:01:08.041583-0500: NOTICE: doChange: addr 1.0 [7]
2025-10-02 15:01:08.041659-0500: NOTICE: doChange: addr 2.0 [7]
2025-10-02 15:01:08.044650-0500: NOTICE: doChange: addr 3.0 [7]
2025-10-02 15:01:08.052420-0500: NOTICE: doChange: addr 1.0 [7]
2025-10-02 15:01:08.052460-0500: NOTICE: doChange: addr 2.0 [7]
2025-10-02 15:01:08.055501-0500: NOTICE: doChange: addr 3.0 [7]
2025-10-02 16:14:14.892082-0500: PolicyEngine started: 7800020000000000, Time: Thu Oct  2 16:14:14 2025
2025-10-02 16:14:15.528638-0500: NOTICE: kAGDCCallbackCapability: 0x0 []
2025-10-02 16:14:16.266334-0500: NOTICE: Vendor portmap 0xe mst 0xc ddc 0xc aux 0xe
2025-10-02 16:14:16.276980-0500: NOTICE: Features policyd 0x20100000 kernel 0x0
2025-10-02 16:14:16.318654-0500: NOTICE: Populated addr 1.0 bad:f00d UUID 0 order 0:0 tx 2:2 dsp 1 WL 0 MS 0 edid 128 undef 0 DSC 0
2025-10-02 16:14:16.323036-0500: NOTICE: Populated addr 1.0 bad:f00d UUID 0 order 0:0 tx 2:2 dsp 1 WL 0 MS 0 edid 128 undef 0 DSC 0
2025-10-02 16:14:16.323089-0500: NOTICE: FB AGDC state FB[0] - ON
2025-10-02 16:14:16.329119-0500: NOTICE: accepted No_Media_Mode enter, Thu Oct  2 16:14:16 2025
2025-10-02 16:14:16.329180-0500: NOTICE: accepted No_Media_Mode exit, Thu Oct  2 16:14:16 2025
2025-10-02 16:14:16.329477-0500: NOTICE: doChange: addr 1.0 [7]
2025-10-02 16:14:16.329563-0500: NOTICE: doChange: addr 2.0 [7]
2025-10-02 16:14:16.333943-0500: NOTICE: doChange: addr 3.0 [7]
2025-10-02 16:14:16.338951-0500: NOTICE: doChange: addr 1.0 [7]
2025-10-02 16:14:16.338999-0500: NOTICE: doChange: addr 2.0 [7]
2025-10-02 16:14:16.341787-0500: NOTICE: doChange: addr 3.0 [7]
2025-10-04 14:08:42.120721-0500: PolicyEngine started: 7800020000000000, Time: Sat Oct  4 14:08:42 2025
2025-10-04 14:08:42.751411-0500: NOTICE: kAGDCCallbackCapability: 0x0 []
2025-10-04 14:08:43.611827-0500: NOTICE: Vendor portmap 0xe mst 0xc ddc 0xc aux 0xe
2025-10-04 14:08:43.619444-0500: NOTICE: Features policyd 0x20100000 kernel 0x0
2025-10-04 14:08:43.630185-0500: NOTICE: Populated addr 1.0 bad:f00d UUID 0 order 0:0 tx 2:2 dsp 1 WL 0 MS 0 edid 128 undef 0 DSC 0
2025-10-04 14:08:43.634531-0500: NOTICE: Populated addr 1.0 bad:f00d UUID 0 order 0:0 tx 2:2 dsp 1 WL 0 MS 0 edid 128 undef 0 DSC 0
2025-10-04 14:08:43.634581-0500: NOTICE: FB AGDC state FB[0] - ON
2025-10-04 14:08:43.637304-0500: NOTICE: accepted No_Media_Mode enter, Sat Oct  4 14:08:43 2025
2025-10-04 14:08:43.637362-0500: NOTICE: accepted No_Media_Mode exit, Sat Oct  4 14:08:43 2025
2025-10-04 14:08:43.637432-0500: NOTICE: doChange: addr 1.0 [7]
2025-10-04 14:08:43.637457-0500: NOTICE: doChange: addr 2.0 [7]
2025-10-04 14:08:43.640453-0500: NOTICE: doChange: addr 3.0 [7]
2025-10-04 14:08:43.647690-0500: NOTICE: doChange: addr 1.0 [7]
2025-10-04 14:08:43.647746-0500: NOTICE: doChange: addr 2.0 [7]
2025-10-04 14:08:43.650745-0500: NOTICE: doChange: addr 3.0 [7]
2025-10-04 15:08:56.796581-0500: PolicyEngine started: 7800020000000000, Time: Sat Oct  4 15:08:56 2025
2025-10-04 15:08:57.439324-0500: NOTICE: kAGDCCallbackCapability: 0x0 []
2025-10-04 15:08:58.145466-0500: NOTICE: Vendor portmap 0xe mst 0xc ddc 0xc aux 0xe
2025-10-04 15:08:58.146432-0500: NOTICE: Features policyd 0x20100000 kernel 0x0
2025-10-04 15:08:58.156271-0500: NOTICE: Populated addr 1.0 bad:f00d UUID 0 order 0:0 tx 2:2 dsp 1 WL 0 MS 0 edid 128 undef 0 DSC 0
2025-10-04 15:08:58.160454-0500: NOTICE: Populated addr 1.0 bad:f00d UUID 0 order 0:0 tx 2:2 dsp 1 WL 0 MS 0 edid 128 undef 0 DSC 0
2025-10-04 15:08:58.160512-0500: NOTICE: FB AGDC state FB[0] - ON
2025-10-04 15:08:58.162621-0500: NOTICE: accepted No_Media_Mode enter, Sat Oct  4 15:08:58 2025
2025-10-04 15:08:58.162684-0500: NOTICE: accepted No_Media_Mode exit, Sat Oct  4 15:08:58 2025
2025-10-04 15:08:58.162814-0500: NOTICE: doChange: addr 1.0 [7]
2025-10-04 15:08:58.162864-0500: NOTICE: doChange: addr 2.0 [7]
2025-10-04 15:08:58.165498-0500: NOTICE: doChange: addr 3.0 [7]
2025-10-04 15:08:58.172375-0500: NOTICE: doChange: addr 1.0 [7]
2025-10-04 15:08:58.172434-0500: NOTICE: doChange: addr 2.0 [7]
2025-10-04 15:08:58.174974-0500: NOTICE: doChange: addr 3.0 [7]
2025-10-04 15:08:58.490706-0500: PolicyEngine started: 7800020000000000, Time: Sat Oct  4 15:08:58 2025
2025-10-04 15:08:58.490919-0500: NOTICE: kAGDCCallbackCapability: 0x0 []
2025-10-04 15:08:58.491464-0500: NOTICE: Vendor portmap 0xe mst 0xc ddc 0xc aux 0xe
2025-10-04 15:08:58.491528-0500: NOTICE: Features policyd 0x20100000 kernel 0x0
2025-10-04 15:08:58.491727-0500: NOTICE: doing display state recovery
2025-10-04 15:08:58.492366-0500: NOTICE: FB AGDC state FB[0] - ON
2025-10-04 15:08:58.494346-0500: NOTICE: doChange: addr 1.0 [7]
2025-10-04 15:08:58.494402-0500: NOTICE: doChange: addr 2.0 [7]
2025-10-04 15:08:58.497002-0500: NOTICE: doChange: addr 3.0 [7]
2025-10-06 13:30:59.982618-0500: PolicyEngine started: 7800020000000000, Time: Mon Oct  6 13:30:59 2025
2025-10-06 13:31:00.693355-0500: NOTICE: kAGDCCallbackCapability: 0x0 []
2025-10-06 13:31:01.494272-0500: NOTICE: Vendor portmap 0xe mst 0xc ddc 0xc aux 0xe
2025-10-06 13:31:01.495361-0500: NOTICE: Features policyd 0x20100000 kernel 0x0
2025-10-06 13:31:01.519833-0500: NOTICE: Populated addr 1.0 bad:f00d UUID 0 order 0:0 tx 2:2 dsp 1 WL 0 MS 0 edid 128 undef 0 DSC 0
2025-10-06 13:31:01.525461-0500: NOTICE: Populated addr 1.0 bad:f00d UUID 0 order 0:0 tx 2:2 dsp 1 WL 0 MS 0 edid 128 undef 0 DSC 0
2025-10-06 13:31:01.525505-0500: NOTICE: FB AGDC state FB[0] - ON
2025-10-06 13:31:01.528517-0500: NOTICE: accepted No_Media_Mode enter, Mon Oct  6 13:31:01 2025
2025-10-06 13:31:01.528587-0500: NOTICE: accepted No_Media_Mode exit, Mon Oct  6 13:31:01 2025
2025-10-06 13:31:01.528801-0500: NOTICE: doChange: addr 1.0 [7]
2025-10-06 13:31:01.529102-0500: NOTICE: doChange: addr 2.0 [7]
2025-10-06 13:31:01.532367-0500: NOTICE: doChange: addr 3.0 [7]
2025-10-06 13:31:01.544902-0500: NOTICE: doChange: addr 1.0 [7]
2025-10-06 13:31:01.544966-0500: NOTICE: doChange: addr 2.0 [7]
2025-10-06 13:31:01.548229-0500: NOTICE: doChange: addr 3.0 [7]
2025-10-06 14:41:11.430351-0500: PolicyEngine started: 7800020000000000, Time: Mon Oct  6 14:41:11 2025
2025-10-06 14:41:12.092794-0500: NOTICE: kAGDCCallbackCapability: 0x0 []
2025-10-06 14:41:12.835070-0500: NOTICE: Vendor portmap 0xe mst 0xc ddc 0xc aux 0xe
2025-10-06 14:41:12.837103-0500: NOTICE: Features policyd 0x20100000 kernel 0x0
2025-10-06 14:41:12.873314-0500: NOTICE: Populated addr 1.0 bad:f00d UUID 0 order 0:0 tx 2:2 dsp 1 WL 0 MS 0 edid 128 undef 0 DSC 0
2025-10-06 14:41:12.880106-0500: NOTICE: Populated addr 1.0 bad:f00d UUID 0 order 0:0 tx 2:2 dsp 1 WL 0 MS 0 edid 128 undef 0 DSC 0
2025-10-06 14:41:12.880154-0500: NOTICE: FB AGDC state FB[0] - ON
2025-10-06 14:41:12.882661-0500: NOTICE: accepted No_Media_Mode enter, Mon Oct  6 14:41:12 2025
2025-10-06 14:41:12.883127-0500: NOTICE: accepted No_Media_Mode exit, Mon Oct  6 14:41:12 2025
2025-10-06 14:41:12.883727-0500: NOTICE: doChange: addr 1.0 [7]
2025-10-06 14:41:12.884059-0500: NOTICE: doChange: addr 2.0 [7]
2025-10-06 14:41:12.887772-0500: NOTICE: doChange: addr 3.0 [7]
2025-10-06 14:41:12.894942-0500: NOTICE: doChange: addr 1.0 [7]
2025-10-06 14:41:12.895063-0500: NOTICE: doChange: addr 2.0 [7]
2025-10-06 14:41:12.903164-0500: NOTICE: doChange: addr 3.0 [7]
2025-10-06 15:32:59.359556-0500: PolicyEngine started: 7800020000000000, Time: Mon Oct  6 15:32:59 2025
2025-10-06 15:33:00.029321-0500: NOTICE: kAGDCCallbackCapability: 0x0 []
2025-10-06 15:33:00.733408-0500: NOTICE: Vendor portmap 0xe mst 0xc ddc 0xc aux 0xe
2025-10-06 15:33:00.737957-0500: NOTICE: Features policyd 0x20100000 kernel 0x0
2025-10-06 15:33:00.752033-0500: NOTICE: Populated addr 1.0 bad:f00d UUID 0 order 0:0 tx 2:2 dsp 1 WL 0 MS 0 edid 128 undef 0 DSC 0
2025-10-06 15:33:00.755607-0500: NOTICE: Populated addr 1.0 bad:f00d UUID 0 order 0:0 tx 2:2 dsp 1 WL 0 MS 0 edid 128 undef 0 DSC 0
2025-10-06 15:33:00.755657-0500: NOTICE: FB AGDC state FB[0] - ON
2025-10-06 15:33:00.757535-0500: NOTICE: accepted No_Media_Mode enter, Mon Oct  6 15:33:00 2025
2025-10-06 15:33:00.757595-0500: NOTICE: accepted No_Media_Mode exit, Mon Oct  6 15:33:00 2025
2025-10-06 15:33:00.757666-0500: NOTICE: doChange: addr 1.0 [7]
2025-10-06 15:33:00.757711-0500: NOTICE: doChange: addr 2.0 [7]
2025-10-06 15:33:00.760687-0500: NOTICE: doChange: addr 3.0 [7]
2025-10-06 15:33:00.769410-0500: NOTICE: doChange: addr 1.0 [7]
2025-10-06 15:33:00.769456-0500: NOTICE: doChange: addr 2.0 [7]
2025-10-06 15:33:00.772365-0500: NOTICE: doChange: addr 3.0 [7]
2025-10-08 13:03:27.584322-0500: PolicyEngine started: 7800020000000000, Time: Wed Oct  8 13:03:27 2025
2025-10-08 13:03:28.243592-0500: NOTICE: kAGDCCallbackCapability: 0x0 []
2025-10-08 13:03:29.072551-0500: NOTICE: Vendor portmap 0xe mst 0xc ddc 0xc aux 0xe
2025-10-08 13:03:29.072951-0500: NOTICE: Features policyd 0x20100000 kernel 0x0
2025-10-08 13:03:29.107140-0500: NOTICE: Populated addr 1.0 bad:f00d UUID 0 order 0:0 tx 2:2 dsp 1 WL 0 MS 0 edid 128 undef 0 DSC 0
2025-10-08 13:03:29.110860-0500: NOTICE: Populated addr 1.0 bad:f00d UUID 0 order 0:0 tx 2:2 dsp 1 WL 0 MS 0 edid 128 undef 0 DSC 0
2025-10-08 13:03:29.110914-0500: NOTICE: FB AGDC state FB[0] - ON
2025-10-08 13:03:29.113534-0500: NOTICE: accepted No_Media_Mode enter, Wed Oct  8 13:03:29 2025
2025-10-08 13:03:29.113602-0500: NOTICE: accepted No_Media_Mode exit, Wed Oct  8 13:03:29 2025
2025-10-08 13:03:29.114357-0500: NOTICE: doChange: addr 1.0 [7]
2025-10-08 13:03:29.114409-0500: NOTICE: doChange: addr 2.0 [7]
2025-10-08 13:03:29.117936-0500: NOTICE: doChange: addr 3.0 [7]
2025-10-08 13:03:29.124199-0500: NOTICE: doChange: addr 1.0 [7]
2025-10-08 13:03:29.124662-0500: NOTICE: doChange: addr 2.0 [7]
2025-10-08 13:03:29.129972-0500: NOTICE: doChange: addr 3.0 [7]
2025-10-08 13:19:23.689240-0500: PolicyEngine started: 7800020000000000, Time: Wed Oct  8 13:19:23 2025
2025-10-08 13:19:24.326772-0500: NOTICE: kAGDCCallbackCapability: 0x0 []
2025-10-08 13:19:25.145326-0500: NOTICE: Vendor portmap 0xe mst 0xc ddc 0xc aux 0xe
2025-10-08 13:19:25.145921-0500: NOTICE: Features policyd 0x20100000 kernel 0x0
2025-10-08 13:19:25.167660-0500: NOTICE: Populated addr 1.0 bad:f00d UUID 0 order 0:0 tx 2:2 dsp 1 WL 0 MS 0 edid 128 undef 0 DSC 0
2025-10-08 13:19:25.184651-0500: NOTICE: Populated addr 1.0 bad:f00d UUID 0 order 0:0 tx 2:2 dsp 1 WL 0 MS 0 edid 128 undef 0 DSC 0
2025-10-08 13:19:25.184736-0500: NOTICE: FB AGDC state FB[0] - ON
2025-10-08 13:19:25.192916-0500: NOTICE: accepted No_Media_Mode enter, Wed Oct  8 13:19:25 2025
2025-10-08 13:19:25.193588-0500: NOTICE: accepted No_Media_Mode exit, Wed Oct  8 13:19:25 2025
2025-10-08 13:19:25.195059-0500: NOTICE: doChange: addr 1.0 [7]
2025-10-08 13:19:25.195179-0500: NOTICE: doChange: addr 2.0 [7]
2025-10-08 13:19:25.198232-0500: NOTICE: doChange: addr 3.0 [7]
2025-10-08 13:19:25.204323-0500: NOTICE: doChange: addr 1.0 [7]
2025-10-08 13:19:25.204396-0500: NOTICE: doChange: addr 2.0 [7]
2025-10-08 13:19:25.207124-0500: NOTICE: doChange: addr 3.0 [7]
2025-10-10 11:20:09.864001-0500: PolicyEngine started: 7800020000000000, Time: Fri Oct 10 11:20:09 2025
2025-10-10 11:20:10.756795-0500: NOTICE: kAGDCCallbackCapability: 0x0 []
2025-10-10 11:20:11.281269-0500: NOTICE: Vendor portmap 0xe mst 0xc ddc 0xc aux 0xe
2025-10-10 11:20:11.305184-0500: NOTICE: Features policyd 0x20100000 kernel 0x0
2025-10-10 11:20:11.329341-0500: NOTICE: Populated addr 1.0 bad:f00d UUID 0 order 0:0 tx 2:2 dsp 1 WL 0 MS 0 edid 128 undef 0 DSC 0
2025-10-10 11:20:11.362791-0500: NOTICE: Populated addr 1.0 bad:f00d UUID 0 order 0:0 tx 2:2 dsp 1 WL 0 MS 0 edid 128 undef 0 DSC 0
2025-10-10 11:20:11.362844-0500: NOTICE: FB AGDC state FB[0] - ON
2025-10-10 11:20:11.365773-0500: NOTICE: accepted No_Media_Mode enter, Fri Oct 10 11:20:11 2025
2025-10-10 11:20:11.366153-0500: NOTICE: accepted No_Media_Mode exit, Fri Oct 10 11:20:11 2025
2025-10-10 11:20:11.367133-0500: NOTICE: doChange: addr 1.0 [7]
2025-10-10 11:20:11.367177-0500: NOTICE: doChange: addr 2.0 [7]
2025-10-10 11:20:11.370341-0500: NOTICE: doChange: addr 3.0 [7]
2025-10-10 11:20:11.376521-0500: NOTICE: doChange: addr 1.0 [7]
2025-10-10 11:20:11.376570-0500: NOTICE: doChange: addr 2.0 [7]
2025-10-10 11:20:11.380771-0500: NOTICE: doChange: addr 3.0 [7]
2025-10-11 12:29:09.920989-0500: PolicyEngine started: 7800020000000000, Time: Sat Oct 11 12:29:09 2025
2025-10-11 12:29:10.546593-0500: NOTICE: kAGDCCallbackCapability: 0x0 []
2025-10-11 12:29:11.284622-0500: NOTICE: Vendor portmap 0xe mst 0xc ddc 0xc aux 0xe
2025-10-11 12:29:11.284962-0500: NOTICE: Features policyd 0x20100000 kernel 0x0
2025-10-11 12:29:11.295959-0500: NOTICE: Populated addr 1.0 bad:f00d UUID 0 order 0:0 tx 2:2 dsp 1 WL 0 MS 0 edid 128 undef 0 DSC 0
2025-10-11 12:29:11.304593-0500: NOTICE: Populated addr 1.0 bad:f00d UUID 0 order 0:0 tx 2:2 dsp 1 WL 0 MS 0 edid 128 undef 0 DSC 0
2025-10-11 12:29:11.304645-0500: NOTICE: FB AGDC state FB[0] - ON
2025-10-11 12:29:11.310055-0500: NOTICE: accepted No_Media_Mode enter, Sat Oct 11 12:29:11 2025
2025-10-11 12:29:11.310838-0500: NOTICE: accepted No_Media_Mode exit, Sat Oct 11 12:29:11 2025
2025-10-11 12:29:11.310911-0500: NOTICE: doChange: addr 1.0 [7]
2025-10-11 12:29:11.310930-0500: NOTICE: doChange: addr 2.0 [7]
2025-10-11 12:29:11.313953-0500: NOTICE: doChange: addr 3.0 [7]
2025-10-11 12:29:11.321631-0500: NOTICE: doChange: addr 1.0 [7]
2025-10-11 12:29:11.321681-0500: NOTICE: doChange: addr 2.0 [7]
2025-10-11 12:29:11.325308-0500: NOTICE: doChange: addr 3.0 [7]
2025-10-11 13:33:32.953685-0500: PolicyEngine started: 7800020000000000, Time: Sat Oct 11 13:33:32 2025
2025-10-11 13:33:33.588481-0500: NOTICE: kAGDCCallbackCapability: 0x0 []
2025-10-11 13:33:34.499996-0500: NOTICE: Vendor portmap 0xe mst 0xc ddc 0xc aux 0xe
2025-10-11 13:33:34.500295-0500: NOTICE: Features policyd 0x20100000 kernel 0x0
2025-10-11 13:33:34.523345-0500: NOTICE: Populated addr 1.0 bad:f00d UUID 0 order 0:0 tx 2:2 dsp 1 WL 0 MS 0 edid 128 undef 0 DSC 0
2025-10-11 13:33:34.526637-0500: NOTICE: Populated addr 1.0 bad:f00d UUID 0 order 0:0 tx 2:2 dsp 1 WL 0 MS 0 edid 128 undef 0 DSC 0
2025-10-11 13:33:34.526689-0500: NOTICE: FB AGDC state FB[0] - ON
2025-10-11 13:33:34.529567-0500: NOTICE: accepted No_Media_Mode enter, Sat Oct 11 13:33:34 2025
2025-10-11 13:33:34.529625-0500: NOTICE: accepted No_Media_Mode exit, Sat Oct 11 13:33:34 2025
2025-10-11 13:33:34.529919-0500: NOTICE: doChange: addr 1.0 [7]
2025-10-11 13:33:34.530001-0500: NOTICE: doChange: addr 2.0 [7]
2025-10-11 13:33:34.532736-0500: NOTICE: doChange: addr 3.0 [7]
2025-10-11 13:33:34.539685-0500: NOTICE: doChange: addr 1.0 [7]
2025-10-11 13:33:34.539737-0500: NOTICE: doChange: addr 2.0 [7]
2025-10-11 13:33:34.542650-0500: NOTICE: doChange: addr 3.0 [7]
2025-10-11 13:33:34.892667-0500: PolicyEngine started: 7800020000000000, Time: Sat Oct 11 13:33:34 2025
2025-10-11 13:33:34.892901-0500: NOTICE: kAGDCCallbackCapability: 0x0 []
2025-10-11 13:33:34.893508-0500: NOTICE: Vendor portmap 0xe mst 0xc ddc 0xc aux 0xe
2025-10-11 13:33:34.893559-0500: NOTICE: Features policyd 0x20100000 kernel 0x0
2025-10-11 13:33:34.893833-0500: NOTICE: doing display state recovery
2025-10-11 13:33:34.894463-0500: NOTICE: FB AGDC state FB[0] - ON
2025-10-11 13:33:34.896400-0500: NOTICE: doChange: addr 1.0 [7]
2025-10-11 13:33:34.896450-0500: NOTICE: doChange: addr 2.0 [7]
2025-10-11 13:33:34.899439-0500: NOTICE: doChange: addr 3.0 [7]
2025-10-14 12:01:40.319141-0500: PolicyEngine started: 7800020000000000, Time: Tue Oct 14 12:01:40 2025
2025-10-14 12:01:41.269210-0500: NOTICE: kAGDCCallbackCapability: 0x0 []
2025-10-14 12:01:41.785068-0500: NOTICE: Vendor portmap 0xe mst 0xc ddc 0xc aux 0xe
2025-10-14 12:01:41.785372-0500: NOTICE: Features policyd 0x20100000 kernel 0x0
2025-10-14 12:01:41.792786-0500: NOTICE: Populated addr 1.0 bad:f00d UUID 0 order 0:0 tx 2:2 dsp 1 WL 0 MS 0 edid 128 undef 0 DSC 0
2025-10-14 12:01:41.798646-0500: NOTICE: Populated addr 1.0 bad:f00d UUID 0 order 0:0 tx 2:2 dsp 1 WL 0 MS 0 edid 128 undef 0 DSC 0
2025-10-14 12:01:41.798699-0500: NOTICE: FB AGDC state FB[0] - ON
2025-10-14 12:01:41.807875-0500: NOTICE: accepted No_Media_Mode enter, Tue Oct 14 12:01:41 2025
2025-10-14 12:01:41.808316-0500: NOTICE: accepted No_Media_Mode exit, Tue Oct 14 12:01:41 2025
2025-10-14 12:01:41.808754-0500: NOTICE: doChange: addr 1.0 [7]
2025-10-14 12:01:41.808825-0500: NOTICE: doChange: addr 2.0 [7]
2025-10-14 12:01:41.812690-0500: NOTICE: doChange: addr 3.0 [7]
2025-10-14 12:01:41.818026-0500: NOTICE: doChange: addr 1.0 [7]
2025-10-14 12:01:41.818195-0500: NOTICE: doChange: addr 2.0 [7]
2025-10-14 12:01:41.821124-0500: NOTICE: doChange: addr 3.0 [7]
2025-10-18 12:08:39.848468-0500: PolicyEngine started: 7800020000000000, Time: Sat Oct 18 12:08:39 2025
2025-10-18 12:08:40.489753-0500: NOTICE: kAGDCCallbackCapability: 0x0 []
2025-10-18 12:08:41.278607-0500: NOTICE: Vendor portmap 0xe mst 0xc ddc 0xc aux 0xe
2025-10-18 12:08:41.287466-0500: NOTICE: Features policyd 0x20100000 kernel 0x0
2025-10-18 12:08:41.317155-0500: NOTICE: Populated addr 1.0 bad:f00d UUID 0 order 0:0 tx 2:2 dsp 1 WL 0 MS 0 edid 128 undef 0 DSC 0
2025-10-18 12:08:41.323545-0500: NOTICE: Populated addr 1.0 bad:f00d UUID 0 order 0:0 tx 2:2 dsp 1 WL 0 MS 0 edid 128 undef 0 DSC 0
2025-10-18 12:08:41.323639-0500: NOTICE: FB AGDC state FB[0] - ON
2025-10-18 12:08:41.325704-0500: NOTICE: accepted No_Media_Mode enter, Sat Oct 18 12:08:41 2025
2025-10-18 12:08:41.325771-0500: NOTICE: accepted No_Media_Mode exit, Sat Oct 18 12:08:41 2025
2025-10-18 12:08:41.325840-0500: NOTICE: doChange: addr 1.0 [7]
2025-10-18 12:08:41.325867-0500: NOTICE: doChange: addr 2.0 [7]
2025-10-18 12:08:41.328820-0500: NOTICE: doChange: addr 3.0 [7]
2025-10-18 12:08:41.336542-0500: NOTICE: doChange: addr 1.0 [7]
2025-10-18 12:08:41.336606-0500: NOTICE: doChange: addr 2.0 [7]
2025-10-18 12:08:41.341126-0500: NOTICE: doChange: addr 3.0 [7]
2025-10-19 13:05:32.463780-0500: PolicyEngine started: 7800020000000000, Time: Sun Oct 19 13:05:32 2025
2025-10-19 13:05:33.085694-0500: NOTICE: kAGDCCallbackCapability: 0x0 []
2025-10-19 13:05:33.913300-0500: NOTICE: Vendor portmap 0xe mst 0xc ddc 0xc aux 0xe
2025-10-19 13:05:33.944129-0500: NOTICE: Features policyd 0x20100000 kernel 0x0
2025-10-19 13:05:33.963457-0500: NOTICE: Populated addr 1.0 bad:f00d UUID 0 order 0:0 tx 2:2 dsp 1 WL 0 MS 0 edid 128 undef 0 DSC 0
2025-10-19 13:05:33.971996-0500: NOTICE: Populated addr 1.0 bad:f00d UUID 0 order 0:0 tx 2:2 dsp 1 WL 0 MS 0 edid 128 undef 0 DSC 0
2025-10-19 13:05:33.972050-0500: NOTICE: FB AGDC state FB[0] - ON
2025-10-19 13:05:33.977273-0500: NOTICE: accepted No_Media_Mode enter, Sun Oct 19 13:05:33 2025
2025-10-19 13:05:33.977537-0500: NOTICE: accepted No_Media_Mode exit, Sun Oct 19 13:05:33 2025
2025-10-19 13:05:33.977713-0500: NOTICE: doChange: addr 1.0 [7]
2025-10-19 13:05:33.977745-0500: NOTICE: doChange: addr 2.0 [7]
2025-10-19 13:05:33.982437-0500: NOTICE: doChange: addr 3.0 [7]
2025-10-19 13:05:33.991457-0500: NOTICE: doChange: addr 1.0 [7]
2025-10-19 13:05:33.992032-0500: NOTICE: doChange: addr 2.0 [7]
2025-10-19 13:05:34.050260-0500: NOTICE: doChange: addr 3.0 [7]
2025-10-20 12:12:49.884475-0500: PolicyEngine started: 7800020000000000, Time: Mon Oct 20 12:12:49 2025
2025-10-20 12:12:50.731348-0500: NOTICE: kAGDCCallbackCapability: 0x0 []
2025-10-20 12:12:51.168274-0500: NOTICE: Vendor portmap 0xe mst 0xc ddc 0xc aux 0xe
2025-10-20 12:12:51.168571-0500: NOTICE: Features policyd 0x20100000 kernel 0x0
2025-10-20 12:12:51.172992-0500: NOTICE: Populated addr 1.0 bad:f00d UUID 0 order 0:0 tx 2:2 dsp 1 WL 0 MS 0 edid 128 undef 0 DSC 0
2025-10-20 12:12:51.258676-0500: NOTICE: Populated addr 1.0 bad:f00d UUID 0 order 0:0 tx 2:2 dsp 1 WL 0 MS 0 edid 128 undef 0 DSC 0
2025-10-20 12:12:51.258727-0500: NOTICE: FB AGDC state FB[0] - ON
2025-10-20 12:12:51.262465-0500: NOTICE: accepted No_Media_Mode enter, Mon Oct 20 12:12:51 2025
2025-10-20 12:12:51.262534-0500: NOTICE: accepted No_Media_Mode exit, Mon Oct 20 12:12:51 2025
2025-10-20 12:12:51.262631-0500: NOTICE: doChange: addr 1.0 [7]
2025-10-20 12:12:51.262674-0500: NOTICE: doChange: addr 2.0 [7]
2025-10-20 12:12:51.266247-0500: NOTICE: doChange: addr 3.0 [7]
2025-10-20 12:12:51.272895-0500: NOTICE: doChange: addr 1.0 [7]
2025-10-20 12:12:51.272947-0500: NOTICE: doChange: addr 2.0 [7]
2025-10-20 12:12:51.276136-0500: NOTICE: doChange: addr 3.0 [7]
2025-10-21 10:14:55.715511-0500: PolicyEngine started: 7800020000000000, Time: Tue Oct 21 10:14:55 2025
2025-10-21 10:14:56.350545-0500: NOTICE: kAGDCCallbackCapability: 0x0 []
2025-10-21 10:14:57.046355-0500: NOTICE: Vendor portmap 0xe mst 0xc ddc 0xc aux 0xe
2025-10-21 10:14:57.051773-0500: NOTICE: Features policyd 0x20100000 kernel 0x0
2025-10-21 10:14:57.056742-0500: NOTICE: Populated addr 1.0 bad:f00d UUID 0 order 0:0 tx 2:2 dsp 1 WL 0 MS 0 edid 128 undef 0 DSC 0
2025-10-21 10:14:57.061006-0500: NOTICE: Populated addr 1.0 bad:f00d UUID 0 order 0:0 tx 2:2 dsp 1 WL 0 MS 0 edid 128 undef 0 DSC 0
2025-10-21 10:14:57.061054-0500: NOTICE: FB AGDC state FB[0] - ON
2025-10-21 10:14:57.063638-0500: NOTICE: accepted No_Media_Mode enter, Tue Oct 21 10:14:57 2025
2025-10-21 10:14:57.063691-0500: NOTICE: accepted No_Media_Mode exit, Tue Oct 21 10:14:57 2025
2025-10-21 10:14:57.063806-0500: NOTICE: doChange: addr 1.0 [7]
2025-10-21 10:14:57.063833-0500: NOTICE: doChange: addr 2.0 [7]
2025-10-21 10:14:57.066690-0500: NOTICE: doChange: addr 3.0 [7]
2025-10-21 10:14:57.073621-0500: NOTICE: doChange: addr 1.0 [7]
2025-10-21 10:14:57.073677-0500: NOTICE: doChange: addr 2.0 [7]
2025-10-21 10:14:57.076327-0500: NOTICE: doChange: addr 3.0 [7]
2025-10-21 10:14:57.429669-0500: PolicyEngine started: 7800020000000000, Time: Tue Oct 21 10:14:57 2025
2025-10-21 10:14:57.429980-0500: NOTICE: kAGDCCallbackCapability: 0x0 []
2025-10-21 10:14:57.430570-0500: NOTICE: Vendor portmap 0xe mst 0xc ddc 0xc aux 0xe
2025-10-21 10:14:57.430626-0500: NOTICE: Features policyd 0x20100000 kernel 0x0
2025-10-21 10:14:57.430796-0500: NOTICE: doing display state recovery
2025-10-21 10:14:57.431428-0500: NOTICE: FB AGDC state FB[0] - ON
2025-10-21 10:14:57.433546-0500: NOTICE: doChange: addr 1.0 [7]
2025-10-21 10:14:57.433592-0500: NOTICE: doChange: addr 2.0 [7]
2025-10-21 10:14:57.436300-0500: NOTICE: doChange: addr 3.0 [7]
2025-10-21 10:22:09.420972-0500: NOTICE: accepted No_Media_Mode enter, Tue Oct 21 10:22:08 2025
2025-10-21 10:22:10.721339-0500: NOTICE: accepted No_Media_Mode exit, Tue Oct 21 10:22:09 2025
2025-10-21 10:22:10.996210-0500: NOTICE: doChange: addr 1.0 [7]
2025-10-21 10:22:10.996346-0500: NOTICE: doChange: addr 2.0 [7]
2025-10-21 10:22:10.999092-0500: NOTICE: doChange: addr 3.0 [7]
2025-10-21 11:44:39.176400-0500: NOTICE: accepted No_Media_Mode enter, Tue Oct 21 11:44:39 2025
2025-10-21 12:04:47.036650-0500: NOTICE: accepted No_Media_Mode exit, Tue Oct 21 12:04:47 2025
2025-10-21 12:04:47.061310-0500: NOTICE: doChange: addr 1.0 [7]
2025-10-21 12:04:47.061382-0500: NOTICE: doChange: addr 2.0 [7]
2025-10-21 12:04:47.064043-0500: NOTICE: doChange: addr 3.0 [7]
2025-10-21 13:42:38.016275-0500: NOTICE: accepted No_Media_Mode enter, Tue Oct 21 13:42:38 2025
2025-10-21 14:09:54.869607-0500: NOTICE: accepted No_Media_Mode exit, Tue Oct 21 14:09:54 2025
2025-10-21 14:09:54.921337-0500: NOTICE: doChange: addr 1.0 [7]
2025-10-21 14:09:54.921393-0500: NOTICE: doChange: addr 2.0 [7]
2025-10-21 14:09:54.924135-0500: NOTICE: doChange: addr 3.0 [7]
2025-10-21 15:25:13.585163-0500: PolicyEngine started: 7800020000000000, Time: Tue Oct 21 15:25:13 2025
2025-10-21 15:25:14.277789-0500: NOTICE: kAGDCCallbackCapability: 0x0 []
2025-10-21 15:25:15.041472-0500: NOTICE: Vendor portmap 0xe mst 0xc ddc 0xc aux 0xe
2025-10-21 15:25:15.041777-0500: NOTICE: Features policyd 0x20100000 kernel 0x0
2025-10-21 15:25:15.126497-0500: NOTICE: Populated addr 1.0 bad:f00d UUID 0 order 0:0 tx 2:2 dsp 1 WL 0 MS 0 edid 128 undef 0 DSC 0
2025-10-21 15:25:15.157926-0500: NOTICE: Populated addr 1.0 bad:f00d UUID 0 order 0:0 tx 2:2 dsp 1 WL 0 MS 0 edid 128 undef 0 DSC 0
2025-10-21 15:25:15.158817-0500: NOTICE: FB AGDC state FB[0] - ON
2025-10-21 15:25:15.161614-0500: NOTICE: accepted No_Media_Mode enter, Tue Oct 21 15:25:15 2025
2025-10-21 15:25:15.161672-0500: NOTICE: accepted No_Media_Mode exit, Tue Oct 21 15:25:15 2025
2025-10-21 15:25:15.161737-0500: NOTICE: doChange: addr 1.0 [7]
2025-10-21 15:25:15.161761-0500: NOTICE: doChange: addr 2.0 [7]
2025-10-21 15:25:15.164429-0500: NOTICE: doChange: addr 3.0 [7]
2025-10-21 15:25:15.172944-0500: NOTICE: doChange: addr 1.0 [7]
2025-10-21 15:25:15.173020-0500: NOTICE: doChange: addr 2.0 [7]
2025-10-21 15:25:15.177877-0500: NOTICE: doChange: addr 3.0 [7]
2025-10-22 14:04:08.842219-0500: PolicyEngine started: 7800020000000000, Time: Wed Oct 22 14:04:08 2025
2025-10-22 14:04:09.467697-0500: NOTICE: kAGDCCallbackCapability: 0x0 []
2025-10-22 14:04:10.269041-0500: NOTICE: Vendor portmap 0xe mst 0xc ddc 0xc aux 0xe
2025-10-22 14:04:10.269319-0500: NOTICE: Features policyd 0x20100000 kernel 0x0
2025-10-22 14:04:10.284142-0500: NOTICE: Populated addr 1.0 bad:f00d UUID 0 order 0:0 tx 2:2 dsp 1 WL 0 MS 0 edid 128 undef 0 DSC 0
2025-10-22 14:04:10.292556-0500: NOTICE: Populated addr 1.0 bad:f00d UUID 0 order 0:0 tx 2:2 dsp 1 WL 0 MS 0 edid 128 undef 0 DSC 0
2025-10-22 14:04:10.292978-0500: NOTICE: FB AGDC state FB[0] - ON
2025-10-22 14:04:10.294940-0500: NOTICE: accepted No_Media_Mode enter, Wed Oct 22 14:04:10 2025
2025-10-22 14:04:10.295042-0500: NOTICE: accepted No_Media_Mode exit, Wed Oct 22 14:04:10 2025
2025-10-22 14:04:10.295916-0500: NOTICE: doChange: addr 1.0 [7]
2025-10-22 14:04:10.295982-0500: NOTICE: doChange: addr 2.0 [7]
2025-10-22 14:04:10.299920-0500: NOTICE: doChange: addr 3.0 [7]
2025-10-22 14:04:10.306447-0500: NOTICE: doChange: addr 1.0 [7]
2025-10-22 14:04:10.306506-0500: NOTICE: doChange: addr 2.0 [7]
2025-10-22 14:04:10.309905-0500: NOTICE: doChange: addr 3.0 [7]
2025-10-23 12:02:22.877846-0500: PolicyEngine started: 7800020000000000, Time: Thu Oct 23 12:02:22 2025
2025-10-23 12:02:23.567316-0500: NOTICE: kAGDCCallbackCapability: 0x0 []
2025-10-23 12:02:24.274927-0500: NOTICE: Vendor portmap 0xe mst 0xc ddc 0xc aux 0xe
2025-10-23 12:02:24.283381-0500: NOTICE: Features policyd 0x20100000 kernel 0x0
2025-10-23 12:02:24.317387-0500: NOTICE: Populated addr 1.0 bad:f00d UUID 0 order 0:0 tx 2:2 dsp 1 WL 0 MS 0 edid 128 undef 0 DSC 0
2025-10-23 12:02:24.348373-0500: NOTICE: Populated addr 1.0 bad:f00d UUID 0 order 0:0 tx 2:2 dsp 1 WL 0 MS 0 edid 128 undef 0 DSC 0
2025-10-23 12:02:24.361514-0500: NOTICE: FB AGDC state FB[0] - ON
2025-10-23 12:02:24.391232-0500: NOTICE: accepted No_Media_Mode enter, Thu Oct 23 12:02:24 2025
2025-10-23 12:02:24.391302-0500: NOTICE: accepted No_Media_Mode exit, Thu Oct 23 12:02:24 2025
2025-10-23 12:02:24.391383-0500: NOTICE: doChange: addr 1.0 [7]
2025-10-23 12:02:24.391409-0500: NOTICE: doChange: addr 2.0 [7]
2025-10-23 12:02:24.394177-0500: NOTICE: doChange: addr 3.0 [7]
2025-10-23 12:02:24.405225-0500: NOTICE: doChange: addr 1.0 [7]
2025-10-23 12:02:24.411364-0500: NOTICE: doChange: addr 2.0 [7]
2025-10-23 12:02:24.414054-0500: NOTICE: doChange: addr 3.0 [7]
2025-10-26 13:41:52.969729-0500: PolicyEngine started: 7800020000000000, Time: Sun Oct 26 13:41:52 2025
2025-10-26 13:41:53.652358-0500: NOTICE: kAGDCCallbackCapability: 0x0 []
2025-10-26 13:41:54.449384-0500: NOTICE: Vendor portmap 0xe mst 0xc ddc 0xc aux 0xe
2025-10-26 13:41:54.449774-0500: NOTICE: Features policyd 0x20100000 kernel 0x0
2025-10-26 13:41:54.463525-0500: NOTICE: Populated addr 1.0 bad:f00d UUID 0 order 0:0 tx 2:2 dsp 1 WL 0 MS 0 edid 128 undef 0 DSC 0
2025-10-26 13:41:54.466743-0500: NOTICE: Populated addr 1.0 bad:f00d UUID 0 order 0:0 tx 2:2 dsp 1 WL 0 MS 0 edid 128 undef 0 DSC 0
2025-10-26 13:41:54.466798-0500: NOTICE: FB AGDC state FB[0] - ON
2025-10-26 13:41:54.469799-0500: NOTICE: accepted No_Media_Mode enter, Sun Oct 26 13:41:54 2025
2025-10-26 13:41:54.469859-0500: NOTICE: accepted No_Media_Mode exit, Sun Oct 26 13:41:54 2025
2025-10-26 13:41:54.469929-0500: NOTICE: doChange: addr 1.0 [7]
2025-10-26 13:41:54.469954-0500: NOTICE: doChange: addr 2.0 [7]
2025-10-26 13:41:54.473090-0500: NOTICE: doChange: addr 3.0 [7]
2025-10-26 13:41:54.482755-0500: NOTICE: doChange: addr 1.0 [7]
2025-10-26 13:41:54.483424-0500: NOTICE: doChange: addr 2.0 [7]
2025-10-26 13:41:54.488049-0500: NOTICE: doChange: addr 3.0 [7]
2025-10-29 12:51:35.397186-0500: PolicyEngine started: 7800020000000000, Time: Wed Oct 29 12:51:35 2025
2025-10-29 12:51:36.093710-0500: NOTICE: kAGDCCallbackCapability: 0x0 []
2025-10-29 12:51:36.700505-0500: NOTICE: Vendor portmap 0xe mst 0xc ddc 0xc aux 0xe
2025-10-29 12:51:36.702108-0500: NOTICE: Features policyd 0x20100000 kernel 0x0
2025-10-29 12:51:36.715930-0500: NOTICE: Populated addr 1.0 bad:f00d UUID 0 order 0:0 tx 2:2 dsp 1 WL 0 MS 0 edid 128 undef 0 DSC 0
2025-10-29 12:51:36.719604-0500: NOTICE: Populated addr 1.0 bad:f00d UUID 0 order 0:0 tx 2:2 dsp 1 WL 0 MS 0 edid 128 undef 0 DSC 0
2025-10-29 12:51:36.719683-0500: NOTICE: FB AGDC state FB[0] - ON
2025-10-29 12:51:36.726277-0500: NOTICE: accepted No_Media_Mode enter, Wed Oct 29 12:51:36 2025
2025-10-29 12:51:36.726451-0500: NOTICE: accepted No_Media_Mode exit, Wed Oct 29 12:51:36 2025
2025-10-29 12:51:36.726591-0500: NOTICE: doChange: addr 1.0 [7]
2025-10-29 12:51:36.726617-0500: NOTICE: doChange: addr 2.0 [7]
2025-10-29 12:51:36.729165-0500: NOTICE: doChange: addr 3.0 [7]
2025-10-29 12:51:36.736922-0500: NOTICE: doChange: addr 1.0 [7]
2025-10-29 12:51:36.736976-0500: NOTICE: doChange: addr 2.0 [7]
2025-10-29 12:51:36.740437-0500: NOTICE: doChange: addr 3.0 [7]
2025-10-29 12:51:37.267895-0500: PolicyEngine started: 7800020000000000, Time: Wed Oct 29 12:51:37 2025
2025-10-29 12:51:37.268374-0500: NOTICE: kAGDCCallbackCapability: 0x0 []
2025-10-29 12:51:37.269212-0500: NOTICE: Vendor portmap 0xe mst 0xc ddc 0xc aux 0xe
2025-10-29 12:51:37.269272-0500: NOTICE: Features policyd 0x20100000 kernel 0x0
2025-10-29 12:51:37.269441-0500: NOTICE: doing display state recovery
2025-10-29 12:51:37.270196-0500: NOTICE: FB AGDC state FB[0] - ON
2025-10-29 12:51:37.272788-0500: NOTICE: doChange: addr 1.0 [7]
2025-10-29 12:51:37.272836-0500: NOTICE: doChange: addr 2.0 [7]
2025-10-29 12:51:37.275400-0500: NOTICE: doChange: addr 3.0 [7]
2025-10-30 11:51:44.984596-0500: PolicyEngine started: 7800020000000000, Time: Thu Oct 30 11:51:44 2025
2025-10-30 11:51:46.001308-0500: NOTICE: kAGDCCallbackCapability: 0x0 []
2025-10-30 11:51:46.428868-0500: NOTICE: Vendor portmap 0xe mst 0xc ddc 0xc aux 0xe
2025-10-30 11:51:46.451931-0500: NOTICE: Features policyd 0x20100000 kernel 0x0
2025-10-30 11:51:46.474457-0500: NOTICE: Populated addr 1.0 bad:f00d UUID 0 order 0:0 tx 2:2 dsp 1 WL 0 MS 0 edid 128 undef 0 DSC 0
2025-10-30 11:51:46.485689-0500: NOTICE: Populated addr 1.0 bad:f00d UUID 0 order 0:0 tx 2:2 dsp 1 WL 0 MS 0 edid 128 undef 0 DSC 0
2025-10-30 11:51:46.485741-0500: NOTICE: FB AGDC state FB[0] - ON
2025-10-30 11:51:46.490167-0500: NOTICE: accepted No_Media_Mode enter, Thu Oct 30 11:51:46 2025
2025-10-30 11:51:46.490231-0500: NOTICE: accepted No_Media_Mode exit, Thu Oct 30 11:51:46 2025
2025-10-30 11:51:46.490305-0500: NOTICE: doChange: addr 1.0 [7]
2025-10-30 11:51:46.490332-0500: NOTICE: doChange: addr 2.0 [7]
2025-10-30 11:51:46.494696-0500: NOTICE: doChange: addr 3.0 [7]
2025-10-30 11:51:46.512324-0500: NOTICE: doChange: addr 1.0 [7]
2025-10-30 11:51:46.512388-0500: NOTICE: doChange: addr 2.0 [7]
2025-10-30 11:51:46.527205-0500: NOTICE: doChange: addr 3.0 [7]
2025-10-31 11:25:56.788221-0500: PolicyEngine started: 7800020000000000, Time: Fri Oct 31 11:25:56 2025
2025-10-31 11:25:57.756274-0500: NOTICE: kAGDCCallbackCapability: 0x0 []
2025-10-31 11:25:58.307517-0500: NOTICE: Vendor portmap 0xe mst 0xc ddc 0xc aux 0xe
2025-10-31 11:25:58.307779-0500: NOTICE: Features policyd 0x20100000 kernel 0x0
2025-10-31 11:25:58.320049-0500: NOTICE: Populated addr 1.0 bad:f00d UUID 0 order 0:0 tx 2:2 dsp 1 WL 0 MS 0 edid 128 undef 0 DSC 0
2025-10-31 11:25:58.325541-0500: NOTICE: Populated addr 1.0 bad:f00d UUID 0 order 0:0 tx 2:2 dsp 1 WL 0 MS 0 edid 128 undef 0 DSC 0
2025-10-31 11:25:58.325592-0500: NOTICE: FB AGDC state FB[0] - ON
2025-10-31 11:25:58.328139-0500: NOTICE: accepted No_Media_Mode enter, Fri Oct 31 11:25:58 2025
2025-10-31 11:25:58.328481-0500: NOTICE: accepted No_Media_Mode exit, Fri Oct 31 11:25:58 2025
2025-10-31 11:25:58.328573-0500: NOTICE: doChange: addr 1.0 [7]
2025-10-31 11:25:58.328601-0500: NOTICE: doChange: addr 2.0 [7]
2025-10-31 11:25:58.344446-0500: NOTICE: doChange: addr 3.0 [7]
2025-10-31 11:25:58.347466-0500: NOTICE: doChange: addr 1.0 [7]
2025-10-31 11:25:58.347517-0500: NOTICE: doChange: addr 2.0 [7]
2025-10-31 11:25:58.350310-0500: NOTICE: doChange: addr 3.0 [7]
2025-10-31 11:25:58.733680-0500: PolicyEngine started: 7800020000000000, Time: Fri Oct 31 11:25:58 2025
2025-10-31 11:25:58.733872-0500: NOTICE: kAGDCCallbackCapability: 0x0 []
2025-10-31 11:25:58.734407-0500: NOTICE: Vendor portmap 0xe mst 0xc ddc 0xc aux 0xe
2025-10-31 11:25:58.734450-0500: NOTICE: Features policyd 0x20100000 kernel 0x0
2025-10-31 11:25:58.735133-0500: NOTICE: doing display state recovery
2025-10-31 11:25:58.735675-0500: NOTICE: FB AGDC state FB[0] - ON
2025-10-31 11:25:58.738948-0500: NOTICE: doChange: addr 1.0 [7]
2025-10-31 11:25:58.739023-0500: NOTICE: doChange: addr 2.0 [7]
2025-10-31 11:25:58.741902-0500: NOTICE: doChange: addr 3.0 [7]
2025-10-31 11:49:09.117623-0500: NOTICE: accepted No_Media_Mode enter, Fri Oct 31 11:49:09 2025
2025-10-31 11:58:05.926952-0500: NOTICE: accepted No_Media_Mode exit, Fri Oct 31 11:58:05 2025
2025-10-31 11:58:06.118722-0500: NOTICE: doChange: addr 1.0 [7]
2025-10-31 11:58:06.118773-0500: NOTICE: doChange: addr 2.0 [7]
2025-10-31 11:58:06.121473-0500: NOTICE: doChange: addr 3.0 [7]
2025-10-31 12:00:07.355519-0500: NOTICE: accepted No_Media_Mode enter, Fri Oct 31 12:00:07 2025
2025-10-31 12:02:26.662170-0500: NOTICE: accepted No_Media_Mode exit, Fri Oct 31 12:02:26 2025
2025-10-31 12:02:26.702123-0500: NOTICE: doChange: addr 1.0 [7]
2025-10-31 12:02:26.702195-0500: NOTICE: doChange: addr 2.0 [7]
2025-10-31 12:02:26.706708-0500: NOTICE: doChange: addr 3.0 [7]
2025-10-31 12:09:12.017217-0500: NOTICE: accepted No_Media_Mode enter, Fri Oct 31 12:09:12 2025
2025-10-31 12:13:30.943881-0500: NOTICE: accepted No_Media_Mode exit, Fri Oct 31 12:13:30 2025
2025-10-31 12:13:31.073758-0500: NOTICE: doChange: addr 1.0 [7]
2025-10-31 12:13:31.073822-0500: NOTICE: doChange: addr 2.0 [7]
2025-10-31 12:13:31.082774-0500: NOTICE: doChange: addr 3.0 [7]
2025-10-31 12:34:27.336436-0500: PolicyEngine started: 7800020000000000, Time: Fri Oct 31 12:34:27 2025
2025-10-31 12:34:28.269128-0500: NOTICE: kAGDCCallbackCapability: 0x0 []
2025-10-31 12:34:28.776594-0500: NOTICE: Vendor portmap 0xe mst 0xc ddc 0xc aux 0xe
2025-10-31 12:34:28.862120-0500: NOTICE: Features policyd 0x20100000 kernel 0x0
2025-10-31 12:34:28.867172-0500: NOTICE: Populated addr 1.0 bad:f00d UUID 0 order 0:0 tx 2:2 dsp 1 WL 0 MS 0 edid 128 undef 0 DSC 0
2025-10-31 12:34:28.870256-0500: NOTICE: Populated addr 1.0 bad:f00d UUID 0 order 0:0 tx 2:2 dsp 1 WL 0 MS 0 edid 128 undef 0 DSC 0
2025-10-31 12:34:28.870467-0500: NOTICE: FB AGDC state FB[0] - ON
2025-10-31 12:34:28.872520-0500: NOTICE: accepted No_Media_Mode enter, Fri Oct 31 12:34:28 2025
2025-10-31 12:34:28.872583-0500: NOTICE: accepted No_Media_Mode exit, Fri Oct 31 12:34:28 2025
2025-10-31 12:34:28.872657-0500: NOTICE: doChange: addr 1.0 [7]
2025-10-31 12:34:28.872681-0500: NOTICE: doChange: addr 2.0 [7]
2025-10-31 12:34:28.875776-0500: NOTICE: doChange: addr 3.0 [7]
2025-10-31 12:34:28.884198-0500: NOTICE: doChange: addr 1.0 [7]
2025-10-31 12:34:28.884252-0500: NOTICE: doChange: addr 2.0 [7]
2025-10-31 12:34:28.887961-0500: NOTICE: doChange: addr 3.0 [7]
2025-10-31 13:58:46.899290-0500: PolicyEngine started: 7800020000000000, Time: Fri Oct 31 13:58:46 2025
2025-10-31 13:58:47.583706-0500: NOTICE: kAGDCCallbackCapability: 0x0 []
2025-10-31 13:58:48.324326-0500: NOTICE: Vendor portmap 0xe mst 0xc ddc 0xc aux 0xe
2025-10-31 13:58:48.331757-0500: NOTICE: Features policyd 0x20100000 kernel 0x0
2025-10-31 13:58:48.343188-0500: NOTICE: Populated addr 1.0 bad:f00d UUID 0 order 0:0 tx 2:2 dsp 1 WL 0 MS 0 edid 128 undef 0 DSC 0
2025-10-31 13:58:48.351665-0500: NOTICE: Populated addr 1.0 bad:f00d UUID 0 order 0:0 tx 2:2 dsp 1 WL 0 MS 0 edid 128 undef 0 DSC 0
2025-10-31 13:58:48.351740-0500: NOTICE: FB AGDC state FB[0] - ON
2025-10-31 13:58:48.354738-0500: NOTICE: accepted No_Media_Mode enter, Fri Oct 31 13:58:48 2025
2025-10-31 13:58:48.354792-0500: NOTICE: accepted No_Media_Mode exit, Fri Oct 31 13:58:48 2025
2025-10-31 13:58:48.355264-0500: NOTICE: doChange: addr 1.0 [7]
2025-10-31 13:58:48.355306-0500: NOTICE: doChange: addr 2.0 [7]
2025-10-31 13:58:48.364637-0500: NOTICE: doChange: addr 3.0 [7]
2025-10-31 13:58:48.368231-0500: NOTICE: doChange: addr 1.0 [7]
2025-10-31 13:58:48.368280-0500: NOTICE: doChange: addr 2.0 [7]
2025-10-31 13:58:48.371577-0500: NOTICE: doChange: addr 3.0 [7]
2025-10-31 13:58:48.799247-0500: PolicyEngine started: 7800020000000000, Time: Fri Oct 31 13:58:48 2025
2025-10-31 13:58:48.799446-0500: NOTICE: kAGDCCallbackCapability: 0x0 []
2025-10-31 13:58:48.800628-0500: NOTICE: Vendor portmap 0xe mst 0xc ddc 0xc aux 0xe
2025-10-31 13:58:48.800680-0500: NOTICE: Features policyd 0x20100000 kernel 0x0
2025-10-31 13:58:48.800851-0500: NOTICE: doing display state recovery
2025-10-31 13:58:48.801595-0500: NOTICE: FB AGDC state FB[0] - ON
2025-10-31 13:58:48.803582-0500: NOTICE: doChange: addr 1.0 [7]
2025-10-31 13:58:48.803636-0500: NOTICE: doChange: addr 2.0 [7]
2025-10-31 13:58:48.807386-0500: NOTICE: doChange: addr 3.0 [7]
2025-10-31 14:16:24.720500-0500: PolicyEngine started: 7800020000000000, Time: Fri Oct 31 14:16:24 2025
2025-10-31 14:16:25.356785-0500: NOTICE: kAGDCCallbackCapability: 0x0 []
2025-10-31 14:16:26.140270-0500: NOTICE: Vendor portmap 0xe mst 0xc ddc 0xc aux 0xe
2025-10-31 14:16:26.140592-0500: NOTICE: Features policyd 0x20100000 kernel 0x0
2025-10-31 14:16:26.151695-0500: NOTICE: Populated addr 1.0 bad:f00d UUID 0 order 0:0 tx 2:2 dsp 1 WL 0 MS 0 edid 128 undef 0 DSC 0
2025-10-31 14:16:26.159631-0500: NOTICE: Populated addr 1.0 bad:f00d UUID 0 order 0:0 tx 2:2 dsp 1 WL 0 MS 0 edid 128 undef 0 DSC 0
2025-10-31 14:16:26.159690-0500: NOTICE: FB AGDC state FB[0] - ON
2025-10-31 14:16:26.161936-0500: NOTICE: accepted No_Media_Mode enter, Fri Oct 31 14:16:26 2025
2025-10-31 14:16:26.162045-0500: NOTICE: accepted No_Media_Mode exit, Fri Oct 31 14:16:26 2025
2025-10-31 14:16:26.162159-0500: NOTICE: doChange: addr 1.0 [7]
2025-10-31 14:16:26.162186-0500: NOTICE: doChange: addr 2.0 [7]
2025-10-31 14:16:26.164999-0500: NOTICE: doChange: addr 3.0 [7]
2025-10-31 14:16:26.172210-0500: NOTICE: doChange: addr 1.0 [7]
2025-10-31 14:16:26.172491-0500: NOTICE: doChange: addr 2.0 [7]
2025-10-31 14:16:26.181317-0500: NOTICE: doChange: addr 3.0 [7]
2025-11-01 09:24:58.817549-0500: PolicyEngine started: 7800020000000000, Time: Sat Nov  1 09:24:58 2025
2025-11-01 09:24:59.465289-0500: NOTICE: kAGDCCallbackCapability: 0x0 []
2025-11-01 09:25:00.245570-0500: NOTICE: Vendor portmap 0xe mst 0xc ddc 0xc aux 0xe
2025-11-01 09:25:00.245890-0500: NOTICE: Features policyd 0x20100000 kernel 0x0
2025-11-01 09:25:00.251132-0500: NOTICE: Populated addr 1.0 bad:f00d UUID 0 order 0:0 tx 2:2 dsp 1 WL 0 MS 0 edid 128 undef 0 DSC 0
2025-11-01 09:25:00.260276-0500: NOTICE: Populated addr 1.0 bad:f00d UUID 0 order 0:0 tx 2:2 dsp 1 WL 0 MS 0 edid 128 undef 0 DSC 0
2025-11-01 09:25:00.260336-0500: NOTICE: FB AGDC state FB[0] - ON
2025-11-01 09:25:00.269294-0500: NOTICE: accepted No_Media_Mode enter, Sat Nov  1 09:25:00 2025
2025-11-01 09:25:00.269627-0500: NOTICE: accepted No_Media_Mode exit, Sat Nov  1 09:25:00 2025
2025-11-01 09:25:00.270377-0500: NOTICE: doChange: addr 1.0 [7]
2025-11-01 09:25:00.270439-0500: NOTICE: doChange: addr 2.0 [7]
2025-11-01 09:25:00.274105-0500: NOTICE: doChange: addr 3.0 [7]
2025-11-01 09:25:00.279419-0500: NOTICE: doChange: addr 1.0 [7]
2025-11-01 09:25:00.279475-0500: NOTICE: doChange: addr 2.0 [7]
2025-11-01 09:25:00.282243-0500: NOTICE: doChange: addr 3.0 [7]
2025-11-01 10:07:08.407529-0500: PolicyEngine started: 7800020000000000, Time: Sat Nov  1 10:07:08 2025
2025-11-01 10:07:09.051300-0500: NOTICE: kAGDCCallbackCapability: 0x0 []
2025-11-01 10:07:09.837775-0500: NOTICE: Vendor portmap 0xe mst 0xc ddc 0xc aux 0xe
2025-11-01 10:07:09.838521-0500: NOTICE: Features policyd 0x20100000 kernel 0x0
2025-11-01 10:07:09.845805-0500: NOTICE: Populated addr 1.0 bad:f00d UUID 0 order 0:0 tx 2:2 dsp 1 WL 0 MS 0 edid 128 undef 0 DSC 0
2025-11-01 10:07:09.851977-0500: NOTICE: Populated addr 1.0 bad:f00d UUID 0 order 0:0 tx 2:2 dsp 1 WL 0 MS 0 edid 128 undef 0 DSC 0
2025-11-01 10:07:09.852306-0500: NOTICE: FB AGDC state FB[0] - ON
2025-11-01 10:07:09.856818-0500: NOTICE: accepted No_Media_Mode enter, Sat Nov  1 10:07:09 2025
2025-11-01 10:07:09.856870-0500: NOTICE: accepted No_Media_Mode exit, Sat Nov  1 10:07:09 2025
2025-11-01 10:07:09.857409-0500: NOTICE: doChange: addr 1.0 [7]
2025-11-01 10:07:09.857444-0500: NOTICE: doChange: addr 2.0 [7]
2025-11-01 10:07:09.860286-0500: NOTICE: doChange: addr 3.0 [7]
2025-11-01 10:07:09.867150-0500: NOTICE: doChange: addr 1.0 [7]
2025-11-01 10:07:09.867202-0500: NOTICE: doChange: addr 2.0 [7]
2025-11-01 10:07:09.869826-0500: NOTICE: doChange: addr 3.0 [7]
2025-11-01 11:20:19.670992-0500: PolicyEngine started: 7800020000000000, Time: Sat Nov  1 11:20:19 2025
2025-11-01 11:20:20.291789-0500: NOTICE: kAGDCCallbackCapability: 0x0 []
2025-11-01 11:20:21.041706-0500: NOTICE: Vendor portmap 0xe mst 0xc ddc 0xc aux 0xe
2025-11-01 11:20:21.042007-0500: NOTICE: Features policyd 0x20100000 kernel 0x0
2025-11-01 11:20:21.051353-0500: NOTICE: Populated addr 1.0 bad:f00d UUID 0 order 0:0 tx 2:2 dsp 1 WL 0 MS 0 edid 128 undef 0 DSC 0
2025-11-01 11:20:21.055404-0500: NOTICE: Populated addr 1.0 bad:f00d UUID 0 order 0:0 tx 2:2 dsp 1 WL 0 MS 0 edid 128 undef 0 DSC 0
2025-11-01 11:20:21.055489-0500: NOTICE: FB AGDC state FB[0] - ON
2025-11-01 11:20:21.058471-0500: NOTICE: accepted No_Media_Mode enter, Sat Nov  1 11:20:21 2025
2025-11-01 11:20:21.058522-0500: NOTICE: accepted No_Media_Mode exit, Sat Nov  1 11:20:21 2025
2025-11-01 11:20:21.058634-0500: NOTICE: doChange: addr 1.0 [7]
2025-11-01 11:20:21.058665-0500: NOTICE: doChange: addr 2.0 [7]
2025-11-01 11:20:21.061375-0500: NOTICE: doChange: addr 3.0 [7]
2025-11-01 11:20:21.067874-0500: NOTICE: doChange: addr 1.0 [7]
2025-11-01 11:20:21.067927-0500: NOTICE: doChange: addr 2.0 [7]
2025-11-01 11:20:21.071002-0500: NOTICE: doChange: addr 3.0 [7]
2025-11-01 11:28:22.942051-0500: NOTICE: accepted No_Media_Mode enter, Sat Nov  1 11:28:24 2025
2025-11-01 11:28:44.781059-0500: NOTICE: accepted No_Media_Mode exit, Sat Nov  1 11:28:45 2025
2025-11-01 11:28:44.807909-0500: NOTICE: doChange: addr 1.0 [7]
2025-11-01 11:28:44.814995-0500: NOTICE: doChange: addr 2.0 [7]
2025-11-01 11:28:44.836267-0500: NOTICE: doChange: addr 3.0 [7]
2025-11-03 13:38:10.977676-0600: PolicyEngine started: 7800020000000000, Time: Mon Nov  3 13:38:10 2025
2025-11-03 13:38:11.635398-0600: NOTICE: kAGDCCallbackCapability: 0x0 []
2025-11-03 13:38:12.425213-0600: NOTICE: Vendor portmap 0xe mst 0xc ddc 0xc aux 0xe
2025-11-03 13:38:12.425524-0600: NOTICE: Features policyd 0x20100000 kernel 0x0
2025-11-03 13:38:12.434018-0600: NOTICE: Populated addr 1.0 bad:f00d UUID 0 order 0:0 tx 2:2 dsp 1 WL 0 MS 0 edid 128 undef 0 DSC 0
2025-11-03 13:38:12.459950-0600: NOTICE: Populated addr 1.0 bad:f00d UUID 0 order 0:0 tx 2:2 dsp 1 WL 0 MS 0 edid 128 undef 0 DSC 0
2025-11-03 13:38:12.460316-0600: NOTICE: FB AGDC state FB[0] - ON
2025-11-03 13:38:12.466319-0600: NOTICE: accepted No_Media_Mode enter, Mon Nov  3 13:38:12 2025
2025-11-03 13:38:12.466470-0600: NOTICE: accepted No_Media_Mode exit, Mon Nov  3 13:38:12 2025
2025-11-03 13:38:12.466637-0600: NOTICE: doChange: addr 1.0 [7]
2025-11-03 13:38:12.466669-0600: NOTICE: doChange: addr 2.0 [7]
2025-11-03 13:38:12.469610-0600: NOTICE: doChange: addr 3.0 [7]
2025-11-03 13:38:12.477115-0600: NOTICE: doChange: addr 1.0 [7]
2025-11-03 13:38:12.477153-0600: NOTICE: doChange: addr 2.0 [7]
2025-11-03 13:38:12.480608-0600: NOTICE: doChange: addr 3.0 [7]
2025-11-03 14:09:55.061248-0600: NOTICE: accepted No_Media_Mode enter, Mon Nov  3 14:09:55 2025
2025-11-03 14:16:40.894814-0600: NOTICE: accepted No_Media_Mode exit, Mon Nov  3 14:16:40 2025
2025-11-03 14:16:40.908145-0600: NOTICE: doChange: addr 1.0 [7]
2025-11-03 14:16:40.908200-0600: NOTICE: doChange: addr 2.0 [7]
2025-11-03 14:16:40.910870-0600: NOTICE: doChange: addr 3.0 [7]
2025-11-05 12:57:28.132452-0600: PolicyEngine started: 7800020000000000, Time: Wed Nov  5 12:57:28 2025
2025-11-05 12:57:28.762040-0600: NOTICE: kAGDCCallbackCapability: 0x0 []
2025-11-05 12:57:29.616993-0600: NOTICE: Vendor portmap 0xe mst 0xc ddc 0xc aux 0xe
2025-11-05 12:57:29.617854-0600: NOTICE: Features policyd 0x20100000 kernel 0x0
2025-11-05 12:57:29.628867-0600: NOTICE: Populated addr 1.0 bad:f00d UUID 0 order 0:0 tx 2:2 dsp 1 WL 0 MS 0 edid 128 undef 0 DSC 0
2025-11-05 12:57:29.633219-0600: NOTICE: Populated addr 1.0 bad:f00d UUID 0 order 0:0 tx 2:2 dsp 1 WL 0 MS 0 edid 128 undef 0 DSC 0
2025-11-05 12:57:29.633303-0600: NOTICE: FB AGDC state FB[0] - ON
2025-11-05 12:57:29.638145-0600: NOTICE: accepted No_Media_Mode enter, Wed Nov  5 12:57:29 2025
2025-11-05 12:57:29.638204-0600: NOTICE: accepted No_Media_Mode exit, Wed Nov  5 12:57:29 2025
2025-11-05 12:57:29.639403-0600: NOTICE: doChange: addr 1.0 [7]
2025-11-05 12:57:29.639442-0600: NOTICE: doChange: addr 2.0 [7]
2025-11-05 12:57:29.644199-0600: NOTICE: doChange: addr 3.0 [7]
2025-11-05 12:57:29.651116-0600: NOTICE: doChange: addr 1.0 [7]
2025-11-05 12:57:29.651165-0600: NOTICE: doChange: addr 2.0 [7]
2025-11-05 12:57:29.657004-0600: NOTICE: doChange: addr 3.0 [7]
2025-11-05 12:57:30.092866-0600: PolicyEngine started: 7800020000000000, Time: Wed Nov  5 12:57:30 2025
2025-11-05 12:57:30.093054-0600: NOTICE: kAGDCCallbackCapability: 0x0 []
2025-11-05 12:57:30.093533-0600: NOTICE: Vendor portmap 0xe mst 0xc ddc 0xc aux 0xe
2025-11-05 12:57:30.093572-0600: NOTICE: Features policyd 0x20100000 kernel 0x0
2025-11-05 12:57:30.093750-0600: NOTICE: doing display state recovery
2025-11-05 12:57:30.097434-0600: NOTICE: FB AGDC state FB[0] - ON
2025-11-05 12:57:30.099570-0600: NOTICE: doChange: addr 1.0 [7]
2025-11-05 12:57:30.099629-0600: NOTICE: doChange: addr 2.0 [7]
2025-11-05 12:57:30.102261-0600: NOTICE: doChange: addr 3.0 [7]
2025-11-05 13:11:51.201646-0600: NOTICE: accepted No_Media_Mode enter, Wed Nov  5 13:11:45 2025
2025-11-05 13:13:00.882274-0600: NOTICE: accepted No_Media_Mode exit, Wed Nov  5 13:13:00 2025
2025-11-05 13:13:01.152493-0600: NOTICE: doChange: addr 1.0 [7]
2025-11-05 13:13:01.152574-0600: NOTICE: doChange: addr 2.0 [7]
2025-11-05 13:13:01.155378-0600: NOTICE: doChange: addr 3.0 [7]
2025-11-05 13:13:34.272159-0600: NOTICE: accepted No_Media_Mode enter, Wed Nov  5 13:13:34 2025
2025-11-05 13:19:41.962882-0600: NOTICE: accepted No_Media_Mode exit, Wed Nov  5 13:19:41 2025
2025-11-05 13:19:41.973940-0600: NOTICE: doChange: addr 1.0 [7]
2025-11-05 13:19:41.974011-0600: NOTICE: doChange: addr 2.0 [7]
2025-11-05 13:19:41.976746-0600: NOTICE: doChange: addr 3.0 [7]
2025-11-05 13:58:01.515842-0600: PolicyEngine started: 7800020000000000, Time: Wed Nov  5 13:58:01 2025
2025-11-05 13:58:02.151738-0600: NOTICE: kAGDCCallbackCapability: 0x0 []
2025-11-05 13:58:02.953231-0600: NOTICE: Vendor portmap 0xe mst 0xc ddc 0xc aux 0xe
2025-11-05 13:58:02.956508-0600: NOTICE: Features policyd 0x20100000 kernel 0x0
2025-11-05 13:58:02.983909-0600: NOTICE: Populated addr 1.0 bad:f00d UUID 0 order 0:0 tx 2:2 dsp 1 WL 0 MS 0 edid 128 undef 0 DSC 0
2025-11-05 13:58:02.995020-0600: NOTICE: Populated addr 1.0 bad:f00d UUID 0 order 0:0 tx 2:2 dsp 1 WL 0 MS 0 edid 128 undef 0 DSC 0
2025-11-05 13:58:02.995079-0600: NOTICE: FB AGDC state FB[0] - ON
2025-11-05 13:58:02.998081-0600: NOTICE: accepted No_Media_Mode enter, Wed Nov  5 13:58:02 2025
2025-11-05 13:58:02.998509-0600: NOTICE: accepted No_Media_Mode exit, Wed Nov  5 13:58:02 2025
2025-11-05 13:58:02.998928-0600: NOTICE: doChange: addr 1.0 [7]
2025-11-05 13:58:02.998965-0600: NOTICE: doChange: addr 2.0 [7]
2025-11-05 13:58:03.003112-0600: NOTICE: doChange: addr 3.0 [7]
2025-11-05 13:58:03.009527-0600: NOTICE: doChange: addr 1.0 [7]
2025-11-05 13:58:03.010054-0600: NOTICE: doChange: addr 2.0 [7]
2025-11-05 13:58:03.012921-0600: NOTICE: doChange: addr 3.0 [7]
2025-11-07 12:28:55.063440-0600: PolicyEngine started: 7800020000000000, Time: Fri Nov  7 12:28:55 2025
2025-11-07 12:28:55.707670-0600: NOTICE: kAGDCCallbackCapability: 0x0 []
2025-11-07 12:28:56.430682-0600: NOTICE: Vendor portmap 0xe mst 0xc ddc 0xc aux 0xe
2025-11-07 12:28:56.442936-0600: NOTICE: Features policyd 0x20100000 kernel 0x0
2025-11-07 12:28:56.465334-0600: NOTICE: Populated addr 1.0 bad:f00d UUID 0 order 0:0 tx 2:2 dsp 1 WL 0 MS 0 edid 128 undef 0 DSC 0
2025-11-07 12:28:56.480389-0600: NOTICE: Populated addr 1.0 bad:f00d UUID 0 order 0:0 tx 2:2 dsp 1 WL 0 MS 0 edid 128 undef 0 DSC 0
2025-11-07 12:28:56.480421-0600: NOTICE: FB AGDC state FB[0] - ON
2025-11-07 12:28:56.486970-0600: NOTICE: accepted No_Media_Mode enter, Fri Nov  7 12:28:56 2025
2025-11-07 12:28:56.487353-0600: NOTICE: accepted No_Media_Mode exit, Fri Nov  7 12:28:56 2025
2025-11-07 12:28:56.487620-0600: NOTICE: doChange: addr 1.0 [7]
2025-11-07 12:28:56.487658-0600: NOTICE: doChange: addr 2.0 [7]
2025-11-07 12:28:56.491123-0600: NOTICE: doChange: addr 3.0 [7]
2025-11-07 12:28:56.499526-0600: NOTICE: doChange: addr 1.0 [7]
2025-11-07 12:28:56.499572-0600: NOTICE: doChange: addr 2.0 [7]
2025-11-07 12:28:56.504055-0600: NOTICE: doChange: addr 3.0 [7]
2025-11-07 12:58:32.635121-0600: NOTICE: accepted No_Media_Mode enter, Fri Nov  7 12:58:32 2025
2025-11-07 13:08:01.149950-0600: NOTICE: accepted No_Media_Mode exit, Fri Nov  7 13:08:01 2025
2025-11-07 13:08:01.281837-0600: NOTICE: doChange: addr 1.0 [7]
2025-11-07 13:08:01.281918-0600: NOTICE: doChange: addr 2.0 [7]
2025-11-07 13:08:01.285054-0600: NOTICE: doChange: addr 3.0 [7]
2025-11-07 13:21:04.516141-0600: NOTICE: accepted No_Media_Mode enter, Fri Nov  7 13:21:04 2025
2025-11-07 13:24:59.894811-0600: NOTICE: accepted No_Media_Mode exit, Fri Nov  7 13:24:59 2025
2025-11-07 13:24:59.956237-0600: NOTICE: doChange: addr 1.0 [7]
2025-11-07 13:24:59.956298-0600: NOTICE: doChange: addr 2.0 [7]
2025-11-07 13:24:59.959817-0600: NOTICE: doChange: addr 3.0 [7]
2025-11-07 13:25:16.748672-0600: NOTICE: accepted No_Media_Mode enter, Fri Nov  7 13:25:16 2025
2025-11-07 13:29:45.922280-0600: NOTICE: accepted No_Media_Mode exit, Fri Nov  7 13:29:46 2025
2025-11-07 13:29:45.954281-0600: NOTICE: doChange: addr 1.0 [7]
2025-11-07 13:29:45.954342-0600: NOTICE: doChange: addr 2.0 [7]
2025-11-07 13:29:45.957083-0600: NOTICE: doChange: addr 3.0 [7]
2025-11-07 13:33:11.022929-0600: NOTICE: accepted No_Media_Mode enter, Fri Nov  7 13:33:12 2025
2025-11-07 14:01:57.871370-0600: NOTICE: accepted No_Media_Mode exit, Fri Nov  7 14:01:57 2025
2025-11-07 14:01:57.882582-0600: NOTICE: doChange: addr 1.0 [7]
2025-11-07 14:01:57.882673-0600: NOTICE: doChange: addr 2.0 [7]
2025-11-07 14:01:57.885497-0600: NOTICE: doChange: addr 3.0 [7]
2025-11-07 14:10:52.980748-0600: NOTICE: accepted No_Media_Mode enter, Fri Nov  7 14:10:53 2025
2025-11-07 14:15:58.234384-0600: NOTICE: accepted No_Media_Mode exit, Fri Nov  7 14:15:58 2025
2025-11-07 14:15:58.245202-0600: NOTICE: doChange: addr 1.0 [7]
2025-11-07 14:15:58.245255-0600: NOTICE: doChange: addr 2.0 [7]
2025-11-07 14:15:58.281010-0600: NOTICE: doChange: addr 3.0 [7]
2025-11-08 12:08:27.735127-0600: PolicyEngine started: 7800020000000000, Time: Sat Nov  8 12:08:27 2025
2025-11-08 12:08:28.389372-0600: NOTICE: kAGDCCallbackCapability: 0x0 []
2025-11-08 12:08:29.129974-0600: NOTICE: Vendor portmap 0xe mst 0xc ddc 0xc aux 0xe
2025-11-08 12:08:29.130272-0600: NOTICE: Features policyd 0x20100000 kernel 0x0
2025-11-08 12:08:29.137525-0600: NOTICE: Populated addr 1.0 bad:f00d UUID 0 order 0:0 tx 2:2 dsp 1 WL 0 MS 0 edid 128 undef 0 DSC 0
2025-11-08 12:08:29.141902-0600: NOTICE: Populated addr 1.0 bad:f00d UUID 0 order 0:0 tx 2:2 dsp 1 WL 0 MS 0 edid 128 undef 0 DSC 0
2025-11-08 12:08:29.141969-0600: NOTICE: FB AGDC state FB[0] - ON
2025-11-08 12:08:29.145358-0600: NOTICE: accepted No_Media_Mode enter, Sat Nov  8 12:08:29 2025
2025-11-08 12:08:29.145415-0600: NOTICE: accepted No_Media_Mode exit, Sat Nov  8 12:08:29 2025
2025-11-08 12:08:29.145664-0600: NOTICE: doChange: addr 1.0 [7]
2025-11-08 12:08:29.145721-0600: NOTICE: doChange: addr 2.0 [7]
2025-11-08 12:08:29.148763-0600: NOTICE: doChange: addr 3.0 [7]
2025-11-08 12:08:29.162833-0600: NOTICE: doChange: addr 1.0 [7]
2025-11-08 12:08:29.162974-0600: NOTICE: doChange: addr 2.0 [7]
2025-11-08 12:08:29.167708-0600: NOTICE: doChange: addr 3.0 [7]
2025-11-08 12:08:29.567321-0600: PolicyEngine started: 7800020000000000, Time: Sat Nov  8 12:08:29 2025
2025-11-08 12:08:29.567565-0600: NOTICE: kAGDCCallbackCapability: 0x0 []
2025-11-08 12:08:29.568144-0600: NOTICE: Vendor portmap 0xe mst 0xc ddc 0xc aux 0xe
2025-11-08 12:08:29.568181-0600: NOTICE: Features policyd 0x20100000 kernel 0x0
2025-11-08 12:08:29.568467-0600: NOTICE: doing display state recovery
2025-11-08 12:08:29.570493-0600: NOTICE: FB AGDC state FB[0] - ON
2025-11-08 12:08:29.572697-0600: NOTICE: doChange: addr 1.0 [7]
2025-11-08 12:08:29.572780-0600: NOTICE: doChange: addr 2.0 [7]
2025-11-08 12:08:29.575468-0600: NOTICE: doChange: addr 3.0 [7]
2025-11-08 12:08:39.912994-0600: PolicyEngine started: 7800020000000000, Time: Sat Nov  8 12:08:39 2025
2025-11-08 12:08:39.913133-0600: NOTICE: kAGDCCallbackCapability: 0x0 []
2025-11-08 12:08:39.913461-0600: NOTICE: Vendor portmap 0xe mst 0xc ddc 0xc aux 0xe
2025-11-08 12:08:39.913493-0600: NOTICE: Features policyd 0x20100000 kernel 0x0
2025-11-08 12:08:39.913606-0600: NOTICE: doing display state recovery
2025-11-08 12:08:39.913980-0600: NOTICE: FB AGDC state FB[0] - ON
2025-11-08 12:08:39.915361-0600: NOTICE: doChange: addr 1.0 [7]
2025-11-08 12:08:39.915385-0600: NOTICE: doChange: addr 2.0 [7]
2025-11-08 12:08:39.918449-0600: NOTICE: doChange: addr 3.0 [7]
2025-11-08 12:45:37.493099-0600: NOTICE: accepted No_Media_Mode enter, Sat Nov  8 12:45:37 2025
2025-11-08 12:56:29.931946-0600: NOTICE: accepted No_Media_Mode exit, Sat Nov  8 12:56:29 2025
2025-11-08 12:56:30.009261-0600: NOTICE: doChange: addr 1.0 [7]
2025-11-08 12:56:30.009331-0600: NOTICE: doChange: addr 2.0 [7]
2025-11-08 12:56:30.014102-0600: NOTICE: doChange: addr 3.0 [7]
2025-11-08 13:04:11.832074-0600: NOTICE: accepted No_Media_Mode enter, Sat Nov  8 13:04:11 2025
2025-11-08 13:04:13.613301-0600: NOTICE: accepted No_Media_Mode exit, Sat Nov  8 13:04:13 2025
2025-11-08 13:04:13.885647-0600: NOTICE: doChange: addr 1.0 [7]
2025-11-08 13:04:13.885720-0600: NOTICE: doChange: addr 2.0 [7]
2025-11-08 13:04:13.888385-0600: NOTICE: doChange: addr 3.0 [7]
2025-11-10 12:56:14.802918-0600: PolicyEngine started: 7800020000000000, Time: Mon Nov 10 12:56:14 2025
2025-11-10 12:56:15.440216-0600: NOTICE: kAGDCCallbackCapability: 0x0 []
2025-11-10 12:56:16.297781-0600: NOTICE: Vendor portmap 0xe mst 0xc ddc 0xc aux 0xe
2025-11-10 12:56:16.298056-0600: NOTICE: Features policyd 0x20100000 kernel 0x0
2025-11-10 12:56:16.337197-0600: NOTICE: Populated addr 1.0 bad:f00d UUID 0 order 0:0 tx 2:2 dsp 1 WL 0 MS 0 edid 128 undef 0 DSC 0
2025-11-10 12:56:16.349989-0600: NOTICE: Populated addr 1.0 bad:f00d UUID 0 order 0:0 tx 2:2 dsp 1 WL 0 MS 0 edid 128 undef 0 DSC 0
2025-11-10 12:56:16.350031-0600: NOTICE: FB AGDC state FB[0] - ON
2025-11-10 12:56:16.352291-0600: NOTICE: accepted No_Media_Mode enter, Mon Nov 10 12:56:16 2025
2025-11-10 12:56:16.352360-0600: NOTICE: accepted No_Media_Mode exit, Mon Nov 10 12:56:16 2025
2025-11-10 12:56:16.352671-0600: NOTICE: doChange: addr 1.0 [7]
2025-11-10 12:56:16.352708-0600: NOTICE: doChange: addr 2.0 [7]
2025-11-10 12:56:16.355547-0600: NOTICE: doChange: addr 3.0 [7]
2025-11-10 12:56:16.362583-0600: NOTICE: doChange: addr 1.0 [7]
2025-11-10 12:56:16.362633-0600: NOTICE: doChange: addr 2.0 [7]
2025-11-10 12:56:16.365548-0600: NOTICE: doChange: addr 3.0 [7]
2025-11-10 13:14:27.437889-0600: PolicyEngine started: 7800020000000000, Time: Mon Nov 10 13:14:27 2025
2025-11-10 13:14:28.078219-0600: NOTICE: kAGDCCallbackCapability: 0x0 []
2025-11-10 13:14:28.868555-0600: NOTICE: Vendor portmap 0xe mst 0xc ddc 0xc aux 0xe
2025-11-10 13:14:28.868833-0600: NOTICE: Features policyd 0x20100000 kernel 0x0
2025-11-10 13:14:28.889467-0600: NOTICE: Populated addr 1.0 bad:f00d UUID 0 order 0:0 tx 2:2 dsp 1 WL 0 MS 0 edid 128 undef 0 DSC 0
2025-11-10 13:14:28.895003-0600: NOTICE: Populated addr 1.0 bad:f00d UUID 0 order 0:0 tx 2:2 dsp 1 WL 0 MS 0 edid 128 undef 0 DSC 0
2025-11-10 13:14:28.895504-0600: NOTICE: FB AGDC state FB[0] - ON
2025-11-10 13:14:28.909225-0600: NOTICE: accepted No_Media_Mode enter, Mon Nov 10 13:14:28 2025
2025-11-10 13:14:28.909330-0600: NOTICE: accepted No_Media_Mode exit, Mon Nov 10 13:14:28 2025
2025-11-10 13:14:28.910000-0600: NOTICE: doChange: addr 1.0 [7]
2025-11-10 13:14:28.910043-0600: NOTICE: doChange: addr 2.0 [7]
2025-11-10 13:14:28.913196-0600: NOTICE: doChange: addr 3.0 [7]
2025-11-10 13:14:28.919235-0600: NOTICE: doChange: addr 1.0 [7]
2025-11-10 13:14:28.919279-0600: NOTICE: doChange: addr 2.0 [7]
2025-11-10 13:14:28.923088-0600: NOTICE: doChange: addr 3.0 [7]
2025-11-10 14:00:50.942396-0600: PolicyEngine started: 7800020000000000, Time: Mon Nov 10 14:00:50 2025
2025-11-10 14:00:51.634822-0600: NOTICE: kAGDCCallbackCapability: 0x0 []
2025-11-10 14:00:52.385075-0600: NOTICE: Vendor portmap 0xe mst 0xc ddc 0xc aux 0xe
2025-11-10 14:00:52.385364-0600: NOTICE: Features policyd 0x20100000 kernel 0x0
2025-11-10 14:00:52.395760-0600: NOTICE: Populated addr 1.0 bad:f00d UUID 0 order 0:0 tx 2:2 dsp 1 WL 0 MS 0 edid 128 undef 0 DSC 0
2025-11-10 14:00:52.398969-0600: NOTICE: Populated addr 1.0 bad:f00d UUID 0 order 0:0 tx 2:2 dsp 1 WL 0 MS 0 edid 128 undef 0 DSC 0
2025-11-10 14:00:52.399024-0600: NOTICE: FB AGDC state FB[0] - ON
2025-11-10 14:00:52.400958-0600: NOTICE: accepted No_Media_Mode enter, Mon Nov 10 14:00:52 2025
2025-11-10 14:00:52.401044-0600: NOTICE: accepted No_Media_Mode exit, Mon Nov 10 14:00:52 2025
2025-11-10 14:00:52.401182-0600: NOTICE: doChange: addr 1.0 [7]
2025-11-10 14:00:52.401212-0600: NOTICE: doChange: addr 2.0 [7]
2025-11-10 14:00:52.404202-0600: NOTICE: doChange: addr 3.0 [7]
2025-11-10 14:00:52.412134-0600: NOTICE: doChange: addr 1.0 [7]
2025-11-10 14:00:52.412192-0600: NOTICE: doChange: addr 2.0 [7]
2025-11-10 14:00:52.415403-0600: NOTICE: doChange: addr 3.0 [7]
2025-11-11 09:57:26.675430-0600: PolicyEngine started: 7800020000000000, Time: Tue Nov 11 09:57:26 2025
2025-11-11 09:57:27.311959-0600: NOTICE: kAGDCCallbackCapability: 0x0 []
2025-11-11 09:57:27.980165-0600: NOTICE: Vendor portmap 0xe mst 0xc ddc 0xc aux 0xe
2025-11-11 09:57:27.981027-0600: NOTICE: Features policyd 0x20100000 kernel 0x0
2025-11-11 09:57:28.176662-0600: NOTICE: Populated addr 1.0 bad:f00d UUID 0 order 0:0 tx 2:2 dsp 1 WL 0 MS 0 edid 128 undef 0 DSC 0
2025-11-11 09:57:28.185666-0600: NOTICE: Populated addr 1.0 bad:f00d UUID 0 order 0:0 tx 2:2 dsp 1 WL 0 MS 0 edid 128 undef 0 DSC 0
2025-11-11 09:57:28.185716-0600: NOTICE: FB AGDC state FB[0] - ON
2025-11-11 09:57:28.189393-0600: NOTICE: accepted No_Media_Mode enter, Tue Nov 11 09:57:28 2025
2025-11-11 09:57:28.189447-0600: NOTICE: accepted No_Media_Mode exit, Tue Nov 11 09:57:28 2025
2025-11-11 09:57:28.189518-0600: NOTICE: doChange: addr 1.0 [7]
2025-11-11 09:57:28.189606-0600: NOTICE: doChange: addr 2.0 [7]
2025-11-11 09:57:28.192609-0600: NOTICE: doChange: addr 3.0 [7]
2025-11-11 09:57:28.203184-0600: NOTICE: doChange: addr 1.0 [7]
2025-11-11 09:57:28.206929-0600: NOTICE: doChange: addr 2.0 [7]
2025-11-11 09:57:28.209930-0600: NOTICE: doChange: addr 3.0 [7]
2025-11-11 09:57:28.578089-0600: PolicyEngine started: 7800020000000000, Time: Tue Nov 11 09:57:28 2025
2025-11-11 09:57:28.578301-0600: NOTICE: kAGDCCallbackCapability: 0x0 []
2025-11-11 09:57:28.578783-0600: NOTICE: Vendor portmap 0xe mst 0xc ddc 0xc aux 0xe
2025-11-11 09:57:28.578825-0600: NOTICE: Features policyd 0x20100000 kernel 0x0
2025-11-11 09:57:28.578936-0600: NOTICE: doing display state recovery
2025-11-11 09:57:28.579429-0600: NOTICE: FB AGDC state FB[0] - ON
2025-11-11 09:57:28.580964-0600: NOTICE: doChange: addr 1.0 [7]
2025-11-11 09:57:28.581001-0600: NOTICE: doChange: addr 2.0 [7]
2025-11-11 09:57:28.583545-0600: NOTICE: doChange: addr 3.0 [7]
2025-11-11 13:08:58.807594-0600: PolicyEngine started: 7800020000000000, Time: Tue Nov 11 13:08:58 2025
2025-11-11 13:08:59.459476-0600: NOTICE: kAGDCCallbackCapability: 0x0 []
2025-11-11 13:09:00.232959-0600: NOTICE: Vendor portmap 0xe mst 0xc ddc 0xc aux 0xe
2025-11-11 13:09:00.234845-0600: NOTICE: Features policyd 0x20100000 kernel 0x0
2025-11-11 13:09:00.252457-0600: NOTICE: Populated addr 1.0 bad:f00d UUID 0 order 0:0 tx 2:2 dsp 1 WL 0 MS 0 edid 128 undef 0 DSC 0
2025-11-11 13:09:00.259087-0600: NOTICE: Populated addr 1.0 bad:f00d UUID 0 order 0:0 tx 2:2 dsp 1 WL 0 MS 0 edid 128 undef 0 DSC 0
2025-11-11 13:09:00.259194-0600: NOTICE: FB AGDC state FB[0] - ON
2025-11-11 13:09:00.266277-0600: NOTICE: accepted No_Media_Mode enter, Tue Nov 11 13:09:00 2025
2025-11-11 13:09:00.266421-0600: NOTICE: accepted No_Media_Mode exit, Tue Nov 11 13:09:00 2025
2025-11-11 13:09:00.266639-0600: NOTICE: doChange: addr 1.0 [7]
2025-11-11 13:09:00.266673-0600: NOTICE: doChange: addr 2.0 [7]
2025-11-11 13:09:00.269544-0600: NOTICE: doChange: addr 3.0 [7]
2025-11-11 13:09:00.277357-0600: NOTICE: doChange: addr 1.0 [7]
2025-11-11 13:09:00.277413-0600: NOTICE: doChange: addr 2.0 [7]
2025-11-11 13:09:00.280718-0600: NOTICE: doChange: addr 3.0 [7]
2025-11-14 13:46:41.906161-0600: PolicyEngine started: 7800020000000000, Time: Fri Nov 14 13:46:41 2025
2025-11-14 13:46:42.839946-0600: NOTICE: kAGDCCallbackCapability: 0x0 []
2025-11-14 13:46:43.379097-0600: NOTICE: Vendor portmap 0xe mst 0xc ddc 0xc aux 0xe
2025-11-14 13:46:43.394518-0600: NOTICE: Features policyd 0x20100000 kernel 0x0
2025-11-14 13:46:43.405884-0600: NOTICE: Populated addr 1.0 bad:f00d UUID 0 order 0:0 tx 2:2 dsp 1 WL 0 MS 0 edid 128 undef 0 DSC 0
2025-11-14 13:46:43.413245-0600: NOTICE: Populated addr 1.0 bad:f00d UUID 0 order 0:0 tx 2:2 dsp 1 WL 0 MS 0 edid 128 undef 0 DSC 0
2025-11-14 13:46:43.413466-0600: NOTICE: FB AGDC state FB[0] - ON
2025-11-14 13:46:43.417665-0600: NOTICE: accepted No_Media_Mode enter, Fri Nov 14 13:46:43 2025
2025-11-14 13:46:43.418026-0600: NOTICE: accepted No_Media_Mode exit, Fri Nov 14 13:46:43 2025
2025-11-14 13:46:43.419587-0600: NOTICE: doChange: addr 1.0 [7]
2025-11-14 13:46:43.419757-0600: NOTICE: doChange: addr 2.0 [7]
2025-11-14 13:46:43.422813-0600: NOTICE: doChange: addr 3.0 [7]
2025-11-14 13:46:43.430138-0600: NOTICE: doChange: addr 1.0 [7]
2025-11-14 13:46:43.430191-0600: NOTICE: doChange: addr 2.0 [7]
2025-11-14 13:46:43.433223-0600: NOTICE: doChange: addr 3.0 [7]
2025-11-14 13:57:23.045779-0600: NOTICE: accepted No_Media_Mode enter, Fri Nov 14 13:57:07 2025
2025-11-14 13:58:07.633597-0600: NOTICE: accepted No_Media_Mode exit, Fri Nov 14 13:57:51 2025
2025-11-14 13:58:07.648224-0600: NOTICE: doChange: addr 1.0 [7]
2025-11-14 13:58:07.648769-0600: NOTICE: doChange: addr 2.0 [7]
2025-11-14 13:58:07.651649-0600: NOTICE: doChange: addr 3.0 [7]
2025-11-14 14:35:15.182603-0600: NOTICE: accepted No_Media_Mode enter, Fri Nov 14 14:35:15 2025
2025-11-14 14:46:38.877846-0600: NOTICE: accepted No_Media_Mode exit, Fri Nov 14 14:46:38 2025
2025-11-14 14:46:38.965995-0600: NOTICE: doChange: addr 1.0 [7]
2025-11-14 14:46:38.966127-0600: NOTICE: doChange: addr 2.0 [7]
2025-11-14 14:46:38.968863-0600: NOTICE: doChange: addr 3.0 [7]
2025-11-15 14:17:31.840288-0600: PolicyEngine started: 7800020000000000, Time: Sat Nov 15 14:17:31 2025
2025-11-15 14:17:32.533508-0600: NOTICE: kAGDCCallbackCapability: 0x0 []
2025-11-15 14:17:33.277128-0600: NOTICE: Vendor portmap 0xe mst 0xc ddc 0xc aux 0xe
2025-11-15 14:17:33.277409-0600: NOTICE: Features policyd 0x20100000 kernel 0x0
2025-11-15 14:17:33.305606-0600: NOTICE: Populated addr 1.0 bad:f00d UUID 0 order 0:0 tx 2:2 dsp 1 WL 0 MS 0 edid 128 undef 0 DSC 0
2025-11-15 14:17:33.312675-0600: NOTICE: Populated addr 1.0 bad:f00d UUID 0 order 0:0 tx 2:2 dsp 1 WL 0 MS 0 edid 128 undef 0 DSC 0
2025-11-15 14:17:33.312732-0600: NOTICE: FB AGDC state FB[0] - ON
2025-11-15 14:17:33.316790-0600: NOTICE: accepted No_Media_Mode enter, Sat Nov 15 14:17:33 2025
2025-11-15 14:17:33.316846-0600: NOTICE: accepted No_Media_Mode exit, Sat Nov 15 14:17:33 2025
2025-11-15 14:17:33.316940-0600: NOTICE: doChange: addr 1.0 [7]
2025-11-15 14:17:33.316980-0600: NOTICE: doChange: addr 2.0 [7]
2025-11-15 14:17:33.321313-0600: NOTICE: doChange: addr 3.0 [7]
2025-11-15 14:17:33.327348-0600: NOTICE: doChange: addr 1.0 [7]
2025-11-15 14:17:33.327400-0600: NOTICE: doChange: addr 2.0 [7]
2025-11-15 14:17:33.330294-0600: NOTICE: doChange: addr 3.0 [7]
2025-11-15 14:17:33.734878-0600: PolicyEngine started: 7800020000000000, Time: Sat Nov 15 14:17:33 2025
2025-11-15 14:17:33.735097-0600: NOTICE: kAGDCCallbackCapability: 0x0 []
2025-11-15 14:17:33.736190-0600: NOTICE: Vendor portmap 0xe mst 0xc ddc 0xc aux 0xe
2025-11-15 14:17:33.736249-0600: NOTICE: Features policyd 0x20100000 kernel 0x0
2025-11-15 14:17:33.736457-0600: NOTICE: doing display state recovery
2025-11-15 14:17:33.736966-0600: NOTICE: FB AGDC state FB[0] - ON
2025-11-15 14:17:33.738977-0600: NOTICE: doChange: addr 1.0 [7]
2025-11-15 14:17:33.739019-0600: NOTICE: doChange: addr 2.0 [7]
2025-11-15 14:17:33.743376-0600: NOTICE: doChange: addr 3.0 [7]
2025-11-15 15:04:34.341277-0600: PolicyEngine started: 7800020000000000, Time: Sat Nov 15 15:04:34 2025
2025-11-15 15:04:34.963056-0600: NOTICE: kAGDCCallbackCapability: 0x0 []
2025-11-15 15:04:35.851650-0600: NOTICE: Vendor portmap 0xe mst 0xc ddc 0xc aux 0xe
2025-11-15 15:04:35.852017-0600: NOTICE: Features policyd 0x20100000 kernel 0x0
2025-11-15 15:04:35.876337-0600: NOTICE: Populated addr 1.0 bad:f00d UUID 0 order 0:0 tx 2:2 dsp 1 WL 0 MS 0 edid 128 undef 0 DSC 0
2025-11-15 15:04:35.879600-0600: NOTICE: Populated addr 1.0 bad:f00d UUID 0 order 0:0 tx 2:2 dsp 1 WL 0 MS 0 edid 128 undef 0 DSC 0
2025-11-15 15:04:35.879647-0600: NOTICE: FB AGDC state FB[0] - ON
2025-11-15 15:04:35.881485-0600: NOTICE: accepted No_Media_Mode enter, Sat Nov 15 15:04:35 2025
2025-11-15 15:04:35.881545-0600: NOTICE: accepted No_Media_Mode exit, Sat Nov 15 15:04:35 2025
2025-11-15 15:04:35.881612-0600: NOTICE: doChange: addr 1.0 [7]
2025-11-15 15:04:35.881637-0600: NOTICE: doChange: addr 2.0 [7]
2025-11-15 15:04:35.884564-0600: NOTICE: doChange: addr 3.0 [7]
2025-11-15 15:04:35.893183-0600: NOTICE: doChange: addr 1.0 [7]
2025-11-15 15:04:35.893396-0600: NOTICE: doChange: addr 2.0 [7]
2025-11-15 15:04:35.896562-0600: NOTICE: doChange: addr 3.0 [7]
2025-11-17 12:27:55.853578-0600: PolicyEngine started: 7800020000000000, Time: Mon Nov 17 12:27:55 2025
2025-11-17 12:27:56.535797-0600: NOTICE: kAGDCCallbackCapability: 0x0 []
2025-11-17 12:27:57.300520-0600: NOTICE: Vendor portmap 0xe mst 0xc ddc 0xc aux 0xe
2025-11-17 12:27:57.302420-0600: NOTICE: Features policyd 0x20100000 kernel 0x0
2025-11-17 12:27:57.322270-0600: NOTICE: Populated addr 1.0 bad:f00d UUID 0 order 0:0 tx 2:2 dsp 1 WL 0 MS 0 edid 128 undef 0 DSC 0
2025-11-17 12:27:57.326064-0600: NOTICE: Populated addr 1.0 bad:f00d UUID 0 order 0:0 tx 2:2 dsp 1 WL 0 MS 0 edid 128 undef 0 DSC 0
2025-11-17 12:27:57.326123-0600: NOTICE: FB AGDC state FB[0] - ON
2025-11-17 12:27:57.332715-0600: NOTICE: accepted No_Media_Mode enter, Mon Nov 17 12:27:57 2025
2025-11-17 12:27:57.332788-0600: NOTICE: accepted No_Media_Mode exit, Mon Nov 17 12:27:57 2025
2025-11-17 12:27:57.333865-0600: NOTICE: doChange: addr 1.0 [7]
2025-11-17 12:27:57.333912-0600: NOTICE: doChange: addr 2.0 [7]
2025-11-17 12:27:57.339852-0600: NOTICE: doChange: addr 3.0 [7]
2025-11-17 12:27:57.363984-0600: NOTICE: doChange: addr 1.0 [7]
2025-11-17 12:27:57.364037-0600: NOTICE: doChange: addr 2.0 [7]
2025-11-17 12:27:57.367095-0600: NOTICE: doChange: addr 3.0 [7]
2025-11-17 13:50:21.055922-0600: PolicyEngine started: 7800020000000000, Time: Mon Nov 17 13:50:21 2025
2025-11-17 13:50:21.694894-0600: NOTICE: kAGDCCallbackCapability: 0x0 []
2025-11-17 13:50:22.451715-0600: NOTICE: Vendor portmap 0xe mst 0xc ddc 0xc aux 0xe
2025-11-17 13:50:22.469184-0600: NOTICE: Features policyd 0x20100000 kernel 0x0
2025-11-17 13:50:22.481170-0600: NOTICE: Populated addr 1.0 bad:f00d UUID 0 order 0:0 tx 2:2 dsp 1 WL 0 MS 0 edid 128 undef 0 DSC 0
2025-11-17 13:50:22.490898-0600: NOTICE: Populated addr 1.0 bad:f00d UUID 0 order 0:0 tx 2:2 dsp 1 WL 0 MS 0 edid 128 undef 0 DSC 0
2025-11-17 13:50:22.490961-0600: NOTICE: FB AGDC state FB[0] - ON
2025-11-17 13:50:22.498374-0600: NOTICE: accepted No_Media_Mode enter, Mon Nov 17 13:50:22 2025
2025-11-17 13:50:22.498745-0600: NOTICE: accepted No_Media_Mode exit, Mon Nov 17 13:50:22 2025
2025-11-17 13:50:22.498954-0600: NOTICE: doChange: addr 1.0 [7]
2025-11-17 13:50:22.499001-0600: NOTICE: doChange: addr 2.0 [7]
2025-11-17 13:50:22.502269-0600: NOTICE: doChange: addr 3.0 [7]
2025-11-17 13:50:22.509018-0600: NOTICE: doChange: addr 1.0 [7]
2025-11-17 13:50:22.511219-0600: NOTICE: doChange: addr 2.0 [7]
2025-11-17 13:50:22.514637-0600: NOTICE: doChange: addr 3.0 [7]
2025-11-17 13:53:46.360193-0600: NOTICE: accepted No_Media_Mode enter, Mon Nov 17 13:53:47 2025
2025-11-17 13:58:06.827430-0600: NOTICE: accepted No_Media_Mode exit, Mon Nov 17 13:58:07 2025
2025-11-17 13:58:06.869323-0600: NOTICE: doChange: addr 1.0 [7]
2025-11-17 13:58:06.869374-0600: NOTICE: doChange: addr 2.0 [7]
2025-11-17 13:58:06.871949-0600: NOTICE: doChange: addr 3.0 [7]
2025-11-17 14:20:28.524119-0600: NOTICE: accepted No_Media_Mode enter, Mon Nov 17 14:20:28 2025
2025-11-17 14:22:03.866415-0600: NOTICE: accepted No_Media_Mode exit, Mon Nov 17 14:22:03 2025
2025-11-17 14:22:04.028222-0600: NOTICE: doChange: addr 1.0 [7]
2025-11-17 14:22:04.028387-0600: NOTICE: doChange: addr 2.0 [7]
2025-11-17 14:22:04.031694-0600: NOTICE: doChange: addr 3.0 [7]
2025-11-17 14:31:06.729110-0600: NOTICE: accepted No_Media_Mode enter, Mon Nov 17 14:31:06 2025
2025-11-17 14:38:01.909425-0600: NOTICE: accepted No_Media_Mode exit, Mon Nov 17 14:38:01 2025
2025-11-17 14:38:01.955640-0600: NOTICE: doChange: addr 1.0 [7]
2025-11-17 14:38:01.955775-0600: NOTICE: doChange: addr 2.0 [7]
2025-11-17 14:38:01.958495-0600: NOTICE: doChange: addr 3.0 [7]
2025-11-17 14:54:39.797596-0600: PolicyEngine started: 7800020000000000, Time: Mon Nov 17 14:54:39 2025
2025-11-17 14:54:40.413181-0600: NOTICE: kAGDCCallbackCapability: 0x0 []
2025-11-17 14:54:41.265634-0600: NOTICE: Vendor portmap 0xe mst 0xc ddc 0xc aux 0xe
2025-11-17 14:54:41.266827-0600: NOTICE: Features policyd 0x20100000 kernel 0x0
2025-11-17 14:54:41.319068-0600: NOTICE: Populated addr 1.0 bad:f00d UUID 0 order 0:0 tx 2:2 dsp 1 WL 0 MS 0 edid 128 undef 0 DSC 0
2025-11-17 14:54:41.324530-0600: NOTICE: Populated addr 1.0 bad:f00d UUID 0 order 0:0 tx 2:2 dsp 1 WL 0 MS 0 edid 128 undef 0 DSC 0
2025-11-17 14:54:41.324797-0600: NOTICE: FB AGDC state FB[0] - ON
2025-11-17 14:54:41.327559-0600: NOTICE: accepted No_Media_Mode enter, Mon Nov 17 14:54:41 2025
2025-11-17 14:54:41.327621-0600: NOTICE: accepted No_Media_Mode exit, Mon Nov 17 14:54:41 2025
2025-11-17 14:54:41.330831-0600: NOTICE: doChange: addr 1.0 [7]
2025-11-17 14:54:41.330882-0600: NOTICE: doChange: addr 2.0 [7]
2025-11-17 14:54:41.336314-0600: NOTICE: doChange: addr 3.0 [7]
2025-11-17 14:54:41.339161-0600: NOTICE: doChange: addr 1.0 [7]
2025-11-17 14:54:41.339216-0600: NOTICE: doChange: addr 2.0 [7]
2025-11-17 14:54:41.342238-0600: NOTICE: doChange: addr 3.0 [7]
2025-11-17 14:54:41.724558-0600: PolicyEngine started: 7800020000000000, Time: Mon Nov 17 14:54:41 2025
2025-11-17 14:54:41.724792-0600: NOTICE: kAGDCCallbackCapability: 0x0 []
2025-11-17 14:54:41.725358-0600: NOTICE: Vendor portmap 0xe mst 0xc ddc 0xc aux 0xe
2025-11-17 14:54:41.725408-0600: NOTICE: Features policyd 0x20100000 kernel 0x0
2025-11-17 14:54:41.725916-0600: NOTICE: doing display state recovery
2025-11-17 14:54:41.727557-0600: NOTICE: FB AGDC state FB[0] - ON
2025-11-17 14:54:41.730236-0600: NOTICE: doChange: addr 1.0 [7]
2025-11-17 14:54:41.730389-0600: NOTICE: doChange: addr 2.0 [7]
2025-11-17 14:54:41.733469-0600: NOTICE: doChange: addr 3.0 [7]
2025-11-19 11:03:41.990519-0600: PolicyEngine started: 7800020000000000, Time: Wed Nov 19 11:03:41 2025
2025-11-19 11:03:42.669683-0600: NOTICE: kAGDCCallbackCapability: 0x0 []
2025-11-19 11:03:43.418224-0600: NOTICE: Vendor portmap 0xe mst 0xc ddc 0xc aux 0xe
2025-11-19 11:03:43.443401-0600: NOTICE: Features policyd 0x20100000 kernel 0x0
2025-11-19 11:03:43.484554-0600: NOTICE: Populated addr 1.0 bad:f00d UUID 0 order 0:0 tx 2:2 dsp 1 WL 0 MS 0 edid 128 undef 0 DSC 0
2025-11-19 11:03:43.490663-0600: NOTICE: Populated addr 1.0 bad:f00d UUID 0 order 0:0 tx 2:2 dsp 1 WL 0 MS 0 edid 128 undef 0 DSC 0
2025-11-19 11:03:43.490723-0600: NOTICE: FB AGDC state FB[0] - ON
2025-11-19 11:03:43.496224-0600: NOTICE: accepted No_Media_Mode enter, Wed Nov 19 11:03:43 2025
2025-11-19 11:03:43.496334-0600: NOTICE: accepted No_Media_Mode exit, Wed Nov 19 11:03:43 2025
2025-11-19 11:03:43.496462-0600: NOTICE: doChange: addr 1.0 [7]
2025-11-19 11:03:43.496490-0600: NOTICE: doChange: addr 2.0 [7]
2025-11-19 11:03:43.501004-0600: NOTICE: doChange: addr 3.0 [7]
2025-11-19 11:03:43.507854-0600: NOTICE: doChange: addr 1.0 [7]
2025-11-19 11:03:43.507904-0600: NOTICE: doChange: addr 2.0 [7]
2025-11-19 11:03:43.511010-0600: NOTICE: doChange: addr 3.0 [7]
2025-11-19 12:07:43.482973-0600: PolicyEngine started: 7800020000000000, Time: Wed Nov 19 12:07:43 2025
2025-11-19 12:07:44.175508-0600: NOTICE: kAGDCCallbackCapability: 0x0 []
2025-11-19 12:07:44.910263-0600: NOTICE: Vendor portmap 0xe mst 0xc ddc 0xc aux 0xe
2025-11-19 12:07:44.914013-0600: NOTICE: Features policyd 0x20100000 kernel 0x0
2025-11-19 12:07:44.932965-0600: NOTICE: Populated addr 1.0 bad:f00d UUID 0 order 0:0 tx 2:2 dsp 1 WL 0 MS 0 edid 128 undef 0 DSC 0
2025-11-19 12:07:44.944036-0600: NOTICE: Populated addr 1.0 bad:f00d UUID 0 order 0:0 tx 2:2 dsp 1 WL 0 MS 0 edid 128 undef 0 DSC 0
2025-11-19 12:07:44.944085-0600: NOTICE: FB AGDC state FB[0] - ON
2025-11-19 12:07:44.951024-0600: NOTICE: accepted No_Media_Mode enter, Wed Nov 19 12:07:44 2025
2025-11-19 12:07:44.951088-0600: NOTICE: accepted No_Media_Mode exit, Wed Nov 19 12:07:44 2025
2025-11-19 12:07:44.951200-0600: NOTICE: doChange: addr 1.0 [7]
2025-11-19 12:07:44.951226-0600: NOTICE: doChange: addr 2.0 [7]
2025-11-19 12:07:44.954506-0600: NOTICE: doChange: addr 3.0 [7]
2025-11-19 12:07:44.960803-0600: NOTICE: doChange: addr 1.0 [7]
2025-11-19 12:07:44.960875-0600: NOTICE: doChange: addr 2.0 [7]
2025-11-19 12:07:44.963514-0600: NOTICE: doChange: addr 3.0 [7]
2025-11-19 12:15:35.655955-0600: NOTICE: accepted No_Media_Mode enter, Wed Nov 19 12:15:35 2025
2025-11-19 12:17:40.460379-0600: NOTICE: accepted No_Media_Mode exit, Wed Nov 19 12:17:40 2025
2025-11-19 12:17:40.715400-0600: NOTICE: doChange: addr 1.0 [7]
2025-11-19 12:17:40.715463-0600: NOTICE: doChange: addr 2.0 [7]
2025-11-19 12:17:40.732819-0600: NOTICE: doChange: addr 3.0 [7]
2025-11-19 12:18:59.491197-0600: PolicyEngine started: 7800020000000000, Time: Wed Nov 19 12:18:59 2025
2025-11-19 12:19:00.126962-0600: NOTICE: kAGDCCallbackCapability: 0x0 []
2025-11-19 12:19:00.831233-0600: NOTICE: Vendor portmap 0xe mst 0xc ddc 0xc aux 0xe
2025-11-19 12:19:00.831439-0600: NOTICE: Features policyd 0x20100000 kernel 0x0
2025-11-19 12:19:00.835036-0600: NOTICE: Populated addr 1.0 bad:f00d UUID 0 order 0:0 tx 2:2 dsp 1 WL 0 MS 0 edid 128 undef 0 DSC 0
2025-11-19 12:19:00.837966-0600: NOTICE: Populated addr 1.0 bad:f00d UUID 0 order 0:0 tx 2:2 dsp 1 WL 0 MS 0 edid 128 undef 0 DSC 0
2025-11-19 12:19:00.838007-0600: NOTICE: FB AGDC state FB[0] - ON
2025-11-19 12:19:00.839712-0600: NOTICE: accepted No_Media_Mode enter, Wed Nov 19 12:19:00 2025
2025-11-19 12:19:00.839750-0600: NOTICE: accepted No_Media_Mode exit, Wed Nov 19 12:19:00 2025
2025-11-19 12:19:00.839799-0600: NOTICE: doChange: addr 1.0 [7]
2025-11-19 12:19:00.839814-0600: NOTICE: doChange: addr 2.0 [7]
2025-11-19 12:19:00.891982-0600: NOTICE: doChange: addr 3.0 [7]
2025-11-19 12:19:00.961749-0600: NOTICE: doChange: addr 1.0 [7]
2025-11-19 12:19:00.962450-0600: NOTICE: doChange: addr 2.0 [7]
2025-11-19 12:19:00.979380-0600: NOTICE: doChange: addr 3.0 [7]
2025-11-20 12:51:03.326196-0600: PolicyEngine started: 7800020000000000, Time: Thu Nov 20 12:51:03 2025
2025-11-20 12:51:04.010936-0600: NOTICE: kAGDCCallbackCapability: 0x0 []
2025-11-20 12:51:04.722283-0600: NOTICE: Vendor portmap 0xe mst 0xc ddc 0xc aux 0xe
2025-11-20 12:51:04.723109-0600: NOTICE: Features policyd 0x20100000 kernel 0x0
2025-11-20 12:51:04.758467-0600: NOTICE: Populated addr 1.0 bad:f00d UUID 0 order 0:0 tx 2:2 dsp 1 WL 0 MS 0 edid 128 undef 0 DSC 0
2025-11-20 12:51:04.763282-0600: NOTICE: Populated addr 1.0 bad:f00d UUID 0 order 0:0 tx 2:2 dsp 1 WL 0 MS 0 edid 128 undef 0 DSC 0
2025-11-20 12:51:04.763343-0600: NOTICE: FB AGDC state FB[0] - ON
2025-11-20 12:51:04.768448-0600: NOTICE: accepted No_Media_Mode enter, Thu Nov 20 12:51:04 2025
2025-11-20 12:51:04.768544-0600: NOTICE: accepted No_Media_Mode exit, Thu Nov 20 12:51:04 2025
2025-11-20 12:51:04.771156-0600: NOTICE: doChange: addr 1.0 [7]
2025-11-20 12:51:04.771300-0600: NOTICE: doChange: addr 2.0 [7]
2025-11-20 12:51:04.775488-0600: NOTICE: doChange: addr 3.0 [7]
2025-11-20 12:51:04.778528-0600: NOTICE: doChange: addr 1.0 [7]
2025-11-20 12:51:04.778581-0600: NOTICE: doChange: addr 2.0 [7]
2025-11-20 12:51:04.781877-0600: NOTICE: doChange: addr 3.0 [7]
2025-11-20 12:51:05.264189-0600: PolicyEngine started: 7800020000000000, Time: Thu Nov 20 12:51:05 2025
2025-11-20 12:51:05.264539-0600: NOTICE: kAGDCCallbackCapability: 0x0 []
2025-11-20 12:51:05.265083-0600: NOTICE: Vendor portmap 0xe mst 0xc ddc 0xc aux 0xe
2025-11-20 12:51:05.265126-0600: NOTICE: Features policyd 0x20100000 kernel 0x0
2025-11-20 12:51:05.265294-0600: NOTICE: doing display state recovery
2025-11-20 12:51:05.265792-0600: NOTICE: FB AGDC state FB[0] - ON
2025-11-20 12:51:05.272598-0600: NOTICE: doChange: addr 1.0 [7]
2025-11-20 12:51:05.272700-0600: NOTICE: doChange: addr 2.0 [7]
2025-11-20 12:51:05.275572-0600: NOTICE: doChange: addr 3.0 [7]
2025-11-21 12:19:10.149630-0600: PolicyEngine started: 7800020000000000, Time: Fri Nov 21 12:19:10 2025
2025-11-21 12:19:11.129905-0600: NOTICE: kAGDCCallbackCapability: 0x0 []
2025-11-21 12:19:11.644311-0600: NOTICE: Vendor portmap 0xe mst 0xc ddc 0xc aux 0xe
2025-11-21 12:19:11.648500-0600: NOTICE: Features policyd 0x20100000 kernel 0x0
2025-11-21 12:19:11.682137-0600: NOTICE: Populated addr 1.0 bad:f00d UUID 0 order 0:0 tx 2:2 dsp 1 WL 0 MS 0 edid 128 undef 0 DSC 0
2025-11-21 12:19:11.687844-0600: NOTICE: Populated addr 1.0 bad:f00d UUID 0 order 0:0 tx 2:2 dsp 1 WL 0 MS 0 edid 128 undef 0 DSC 0
2025-11-21 12:19:11.687911-0600: NOTICE: FB AGDC state FB[0] - ON
2025-11-21 12:19:11.712113-0600: NOTICE: accepted No_Media_Mode enter, Fri Nov 21 12:19:11 2025
2025-11-21 12:19:11.712679-0600: NOTICE: accepted No_Media_Mode exit, Fri Nov 21 12:19:11 2025
2025-11-21 12:19:11.713666-0600: NOTICE: doChange: addr 1.0 [7]
2025-11-21 12:19:11.713711-0600: NOTICE: doChange: addr 2.0 [7]
2025-11-21 12:19:11.751041-0600: NOTICE: doChange: addr 3.0 [7]
2025-11-21 12:19:11.765290-0600: NOTICE: doChange: addr 1.0 [7]
2025-11-21 12:19:11.765349-0600: NOTICE: doChange: addr 2.0 [7]
2025-11-21 12:19:11.768046-0600: NOTICE: doChange: addr 3.0 [7]
2025-11-21 12:19:12.140695-0600: PolicyEngine started: 7800020000000000, Time: Fri Nov 21 12:19:12 2025
2025-11-21 12:19:12.140913-0600: NOTICE: kAGDCCallbackCapability: 0x0 []
2025-11-21 12:19:12.141455-0600: NOTICE: Vendor portmap 0xe mst 0xc ddc 0xc aux 0xe
2025-11-21 12:19:12.141520-0600: NOTICE: Features policyd 0x20100000 kernel 0x0
2025-11-21 12:19:12.141699-0600: NOTICE: doing display state recovery
2025-11-21 12:19:12.142415-0600: NOTICE: FB AGDC state FB[0] - ON
2025-11-21 12:19:12.145542-0600: NOTICE: doChange: addr 1.0 [7]
2025-11-21 12:19:12.145663-0600: NOTICE: doChange: addr 2.0 [7]
2025-11-21 12:19:12.150261-0600: NOTICE: doChange: addr 3.0 [7]
2025-11-21 13:25:39.113465-0600: PolicyEngine started: 7800020000000000, Time: Fri Nov 21 13:25:39 2025
2025-11-21 13:25:40.084736-0600: NOTICE: kAGDCCallbackCapability: 0x0 []
2025-11-21 13:25:40.624674-0600: NOTICE: Vendor portmap 0xe mst 0xc ddc 0xc aux 0xe
2025-11-21 13:25:40.626664-0600: NOTICE: Features policyd 0x20100000 kernel 0x0
2025-11-21 13:25:40.650699-0600: NOTICE: Populated addr 1.0 bad:f00d UUID 0 order 0:0 tx 2:2 dsp 1 WL 0 MS 0 edid 128 undef 0 DSC 0
2025-11-21 13:25:40.655733-0600: NOTICE: Populated addr 1.0 bad:f00d UUID 0 order 0:0 tx 2:2 dsp 1 WL 0 MS 0 edid 128 undef 0 DSC 0
2025-11-21 13:25:40.655794-0600: NOTICE: FB AGDC state FB[0] - ON
2025-11-21 13:25:40.659550-0600: NOTICE: accepted No_Media_Mode enter, Fri Nov 21 13:25:40 2025
2025-11-21 13:25:40.659706-0600: NOTICE: accepted No_Media_Mode exit, Fri Nov 21 13:25:40 2025
2025-11-21 13:25:40.660023-0600: NOTICE: doChange: addr 1.0 [7]
2025-11-21 13:25:40.660067-0600: NOTICE: doChange: addr 2.0 [7]
2025-11-21 13:25:40.672926-0600: NOTICE: doChange: addr 3.0 [7]
2025-11-21 13:25:40.680423-0600: NOTICE: doChange: addr 1.0 [7]
2025-11-21 13:25:40.680521-0600: NOTICE: doChange: addr 2.0 [7]
2025-11-21 13:25:40.686606-0600: NOTICE: doChange: addr 3.0 [7]
2025-11-21 13:25:41.096187-0600: PolicyEngine started: 7800020000000000, Time: Fri Nov 21 13:25:41 2025
2025-11-21 13:25:41.096407-0600: NOTICE: kAGDCCallbackCapability: 0x0 []
2025-11-21 13:25:41.096972-0600: NOTICE: Vendor portmap 0xe mst 0xc ddc 0xc aux 0xe
2025-11-21 13:25:41.097013-0600: NOTICE: Features policyd 0x20100000 kernel 0x0
2025-11-21 13:25:41.097195-0600: NOTICE: doing display state recovery
2025-11-21 13:25:41.102118-0600: NOTICE: FB AGDC state FB[0] - ON
2025-11-21 13:25:41.103986-0600: NOTICE: doChange: addr 1.0 [7]
2025-11-21 13:25:41.104029-0600: NOTICE: doChange: addr 2.0 [7]
2025-11-21 13:25:41.106648-0600: NOTICE: doChange: addr 3.0 [7]
2025-11-22 10:36:41.044444-0600: PolicyEngine started: 7800020000000000, Time: Sat Nov 22 10:36:41 2025
2025-11-22 10:36:42.000596-0600: NOTICE: kAGDCCallbackCapability: 0x0 []
2025-11-22 10:36:42.499954-0600: NOTICE: Vendor portmap 0xe mst 0xc ddc 0xc aux 0xe
2025-11-22 10:36:42.500376-0600: NOTICE: Features policyd 0x20100000 kernel 0x0
2025-11-22 10:36:42.528238-0600: NOTICE: Populated addr 1.0 bad:f00d UUID 0 order 0:0 tx 2:2 dsp 1 WL 0 MS 0 edid 128 undef 0 DSC 0
2025-11-22 10:36:42.535529-0600: NOTICE: Populated addr 1.0 bad:f00d UUID 0 order 0:0 tx 2:2 dsp 1 WL 0 MS 0 edid 128 undef 0 DSC 0
2025-11-22 10:36:42.535588-0600: NOTICE: FB AGDC state FB[0] - ON
2025-11-22 10:36:42.542276-0600: NOTICE: accepted No_Media_Mode enter, Sat Nov 22 10:36:42 2025
2025-11-22 10:36:42.543042-0600: NOTICE: accepted No_Media_Mode exit, Sat Nov 22 10:36:42 2025
2025-11-22 10:36:42.543488-0600: NOTICE: doChange: addr 1.0 [7]
2025-11-22 10:36:42.543552-0600: NOTICE: doChange: addr 2.0 [7]
2025-11-22 10:36:42.551020-0600: NOTICE: doChange: addr 3.0 [7]
2025-11-22 10:36:42.554025-0600: NOTICE: doChange: addr 1.0 [7]
2025-11-22 10:36:42.554234-0600: NOTICE: doChange: addr 2.0 [7]
2025-11-22 10:36:42.557848-0600: NOTICE: doChange: addr 3.0 [7]
2025-11-22 10:44:34.326607-0600: NOTICE: accepted No_Media_Mode enter, Sat Nov 22 10:44:31 2025
2025-11-22 10:45:58.393428-0600: NOTICE: accepted No_Media_Mode exit, Sat Nov 22 10:45:55 2025
2025-11-22 10:45:58.981420-0600: NOTICE: doChange: addr 1.0 [7]
2025-11-22 10:45:58.981512-0600: NOTICE: doChange: addr 2.0 [7]
2025-11-22 10:45:58.984967-0600: NOTICE: doChange: addr 3.0 [7]
2025-11-22 11:08:16.789074-0600: PolicyEngine started: 7800020000000000, Time: Sat Nov 22 11:08:16 2025
2025-11-22 11:08:17.420000-0600: NOTICE: kAGDCCallbackCapability: 0x0 []
2025-11-22 11:08:18.130119-0600: NOTICE: Vendor portmap 0xe mst 0xc ddc 0xc aux 0xe
2025-11-22 11:08:18.130425-0600: NOTICE: Features policyd 0x20100000 kernel 0x0
2025-11-22 11:08:18.232226-0600: NOTICE: Populated addr 1.0 bad:f00d UUID 0 order 0:0 tx 2:2 dsp 1 WL 0 MS 0 edid 128 undef 0 DSC 0
2025-11-22 11:08:18.251077-0600: NOTICE: Populated addr 1.0 bad:f00d UUID 0 order 0:0 tx 2:2 dsp 1 WL 0 MS 0 edid 128 undef 0 DSC 0
2025-11-22 11:08:18.251135-0600: NOTICE: FB AGDC state FB[0] - ON
2025-11-22 11:08:18.256896-0600: NOTICE: accepted No_Media_Mode enter, Sat Nov 22 11:08:18 2025
2025-11-22 11:08:18.257169-0600: NOTICE: accepted No_Media_Mode exit, Sat Nov 22 11:08:18 2025
2025-11-22 11:08:18.258196-0600: NOTICE: doChange: addr 1.0 [7]
2025-11-22 11:08:18.258279-0600: NOTICE: doChange: addr 2.0 [7]
2025-11-22 11:08:18.263204-0600: NOTICE: doChange: addr 3.0 [7]
2025-11-22 11:08:18.268402-0600: NOTICE: doChange: addr 1.0 [7]
2025-11-22 11:08:18.268455-0600: NOTICE: doChange: addr 2.0 [7]
2025-11-22 11:08:18.273937-0600: NOTICE: doChange: addr 3.0 [7]
2025-11-22 12:31:10.616495-0600: PolicyEngine started: 7800020000000000, Time: Sat Nov 22 12:31:10 2025
2025-11-22 12:31:11.301693-0600: NOTICE: kAGDCCallbackCapability: 0x0 []
2025-11-22 12:31:12.091211-0600: NOTICE: Vendor portmap 0xe mst 0xc ddc 0xc aux 0xe
2025-11-22 12:31:12.092512-0600: NOTICE: Features policyd 0x20100000 kernel 0x0
2025-11-22 12:31:12.098228-0600: NOTICE: Populated addr 1.0 bad:f00d UUID 0 order 0:0 tx 2:2 dsp 1 WL 0 MS 0 edid 128 undef 0 DSC 0
2025-11-22 12:31:12.101696-0600: NOTICE: Populated addr 1.0 bad:f00d UUID 0 order 0:0 tx 2:2 dsp 1 WL 0 MS 0 edid 128 undef 0 DSC 0
2025-11-22 12:31:12.101753-0600: NOTICE: FB AGDC state FB[0] - ON
2025-11-22 12:31:12.120921-0600: NOTICE: accepted No_Media_Mode enter, Sat Nov 22 12:31:12 2025
2025-11-22 12:31:12.120984-0600: NOTICE: accepted No_Media_Mode exit, Sat Nov 22 12:31:12 2025
2025-11-22 12:31:12.121159-0600: NOTICE: doChange: addr 1.0 [7]
2025-11-22 12:31:12.121184-0600: NOTICE: doChange: addr 2.0 [7]
2025-11-22 12:31:12.124865-0600: NOTICE: doChange: addr 3.0 [7]
2025-11-22 12:31:12.134171-0600: NOTICE: doChange: addr 1.0 [7]
2025-11-22 12:31:12.134654-0600: NOTICE: doChange: addr 2.0 [7]
2025-11-22 12:31:12.140511-0600: NOTICE: doChange: addr 3.0 [7]
2025-11-26 11:21:40.280505-0600: PolicyEngine started: 7800020000000000, Time: Wed Nov 26 11:21:40 2025
2025-11-26 11:21:41.195270-0600: NOTICE: kAGDCCallbackCapability: 0x0 []
2025-11-26 11:21:41.746278-0600: NOTICE: Vendor portmap 0xe mst 0xc ddc 0xc aux 0xe
2025-11-26 11:21:41.746649-0600: NOTICE: Features policyd 0x20100000 kernel 0x0
2025-11-26 11:21:41.776368-0600: NOTICE: Populated addr 1.0 bad:f00d UUID 0 order 0:0 tx 2:2 dsp 1 WL 0 MS 0 edid 128 undef 0 DSC 0
2025-11-26 11:21:41.790151-0600: NOTICE: Populated addr 1.0 bad:f00d UUID 0 order 0:0 tx 2:2 dsp 1 WL 0 MS 0 edid 128 undef 0 DSC 0
2025-11-26 11:21:41.790216-0600: NOTICE: FB AGDC state FB[0] - ON
2025-11-26 11:21:41.793623-0600: NOTICE: accepted No_Media_Mode enter, Wed Nov 26 11:21:41 2025
2025-11-26 11:21:41.794083-0600: NOTICE: accepted No_Media_Mode exit, Wed Nov 26 11:21:41 2025
2025-11-26 11:21:41.794177-0600: NOTICE: doChange: addr 1.0 [7]
2025-11-26 11:21:41.794229-0600: NOTICE: doChange: addr 2.0 [7]
2025-11-26 11:21:41.798219-0600: NOTICE: doChange: addr 3.0 [7]
2025-11-26 11:21:41.806582-0600: NOTICE: doChange: addr 1.0 [7]
2025-11-26 11:21:41.806641-0600: NOTICE: doChange: addr 2.0 [7]
2025-11-26 11:21:41.809333-0600: NOTICE: doChange: addr 3.0 [7]
2025-11-26 12:35:01.712508-0600: PolicyEngine started: 7800020000000000, Time: Wed Nov 26 12:35:01 2025
2025-11-26 12:35:02.399363-0600: NOTICE: kAGDCCallbackCapability: 0x0 []
2025-11-26 12:35:03.077037-0600: NOTICE: Vendor portmap 0xe mst 0xc ddc 0xc aux 0xe
2025-11-26 12:35:03.078165-0600: NOTICE: Features policyd 0x20100000 kernel 0x0
2025-11-26 12:35:03.108251-0600: NOTICE: Populated addr 1.0 bad:f00d UUID 0 order 0:0 tx 2:2 dsp 1 WL 0 MS 0 edid 128 undef 0 DSC 0
2025-11-26 12:35:03.116074-0600: NOTICE: Populated addr 1.0 bad:f00d UUID 0 order 0:0 tx 2:2 dsp 1 WL 0 MS 0 edid 128 undef 0 DSC 0
2025-11-26 12:35:03.116131-0600: NOTICE: FB AGDC state FB[0] - ON
2025-11-26 12:35:03.118315-0600: NOTICE: accepted No_Media_Mode enter, Wed Nov 26 12:35:03 2025
2025-11-26 12:35:03.118388-0600: NOTICE: accepted No_Media_Mode exit, Wed Nov 26 12:35:03 2025
2025-11-26 12:35:03.118461-0600: NOTICE: doChange: addr 1.0 [7]
2025-11-26 12:35:03.118897-0600: NOTICE: doChange: addr 2.0 [7]
2025-11-26 12:35:03.122305-0600: NOTICE: doChange: addr 3.0 [7]
2025-11-26 12:35:03.132267-0600: NOTICE: doChange: addr 1.0 [7]
2025-11-26 12:35:03.133307-0600: NOTICE: doChange: addr 2.0 [7]
2025-11-26 12:35:03.137704-0600: NOTICE: doChange: addr 3.0 [7]
2025-11-29 12:53:00.050315-0600: PolicyEngine started: 7800020000000000, Time: Sat Nov 29 12:53:00 2025
2025-11-29 12:53:00.900131-0600: NOTICE: kAGDCCallbackCapability: 0x0 []
2025-11-29 12:53:01.574494-0600: NOTICE: Vendor portmap 0xe mst 0xc ddc 0xc aux 0xe
2025-11-29 12:53:01.576723-0600: NOTICE: Features policyd 0x20100000 kernel 0x0
2025-11-29 12:53:01.596464-0600: NOTICE: Populated addr 1.0 bad:f00d UUID 0 order 0:0 tx 2:2 dsp 1 WL 0 MS 0 edid 128 undef 0 DSC 0
2025-11-29 12:53:01.636474-0600: NOTICE: Populated addr 1.0 bad:f00d UUID 0 order 0:0 tx 2:2 dsp 1 WL 0 MS 0 edid 128 undef 0 DSC 0
2025-11-29 12:53:01.636523-0600: NOTICE: FB AGDC state FB[0] - ON
2025-11-29 12:53:01.638602-0600: NOTICE: accepted No_Media_Mode enter, Sat Nov 29 12:53:01 2025
2025-11-29 12:53:01.638726-0600: NOTICE: accepted No_Media_Mode exit, Sat Nov 29 12:53:01 2025
2025-11-29 12:53:01.638807-0600: NOTICE: doChange: addr 1.0 [7]
2025-11-29 12:53:01.638833-0600: NOTICE: doChange: addr 2.0 [7]
2025-11-29 12:53:01.641491-0600: NOTICE: doChange: addr 3.0 [7]
2025-11-29 12:53:01.648658-0600: NOTICE: doChange: addr 1.0 [7]
2025-11-29 12:53:01.648701-0600: NOTICE: doChange: addr 2.0 [7]
2025-11-29 12:53:01.652489-0600: NOTICE: doChange: addr 3.0 [7]
2025-11-29 13:49:26.834390-0600: PolicyEngine started: 7800020000000000, Time: Sat Nov 29 13:49:26 2025
2025-11-29 13:49:27.532581-0600: NOTICE: kAGDCCallbackCapability: 0x0 []
2025-11-29 13:49:28.328073-0600: NOTICE: Vendor portmap 0xe mst 0xc ddc 0xc aux 0xe
2025-11-29 13:49:28.328394-0600: NOTICE: Features policyd 0x20100000 kernel 0x0
2025-11-29 13:49:28.344024-0600: NOTICE: Populated addr 1.0 bad:f00d UUID 0 order 0:0 tx 2:2 dsp 1 WL 0 MS 0 edid 128 undef 0 DSC 0
2025-11-29 13:49:28.347486-0600: NOTICE: Populated addr 1.0 bad:f00d UUID 0 order 0:0 tx 2:2 dsp 1 WL 0 MS 0 edid 128 undef 0 DSC 0
2025-11-29 13:49:28.347541-0600: NOTICE: FB AGDC state FB[0] - ON
2025-11-29 13:49:28.354386-0600: NOTICE: accepted No_Media_Mode enter, Sat Nov 29 13:49:28 2025
2025-11-29 13:49:28.354461-0600: NOTICE: accepted No_Media_Mode exit, Sat Nov 29 13:49:28 2025
2025-11-29 13:49:28.354899-0600: NOTICE: doChange: addr 1.0 [7]
2025-11-29 13:49:28.354947-0600: NOTICE: doChange: addr 2.0 [7]
2025-11-29 13:49:28.358552-0600: NOTICE: doChange: addr 3.0 [7]
2025-11-29 13:49:28.365471-0600: NOTICE: doChange: addr 1.0 [7]
2025-11-29 13:49:28.365525-0600: NOTICE: doChange: addr 2.0 [7]
2025-11-29 13:49:28.368425-0600: NOTICE: doChange: addr 3.0 [7]
2025-12-01 12:39:12.405026-0600: PolicyEngine started: 7800020000000000, Time: Mon Dec  1 12:39:12 2025
2025-12-01 12:39:13.112476-0600: NOTICE: kAGDCCallbackCapability: 0x0 []
2025-12-01 12:39:13.914300-0600: NOTICE: Vendor portmap 0xe mst 0xc ddc 0xc aux 0xe
2025-12-01 12:39:13.914652-0600: NOTICE: Features policyd 0x20100000 kernel 0x0
2025-12-01 12:39:13.920878-0600: NOTICE: Populated addr 1.0 bad:f00d UUID 0 order 0:0 tx 2:2 dsp 1 WL 0 MS 0 edid 128 undef 0 DSC 0
2025-12-01 12:39:13.924050-0600: NOTICE: Populated addr 1.0 bad:f00d UUID 0 order 0:0 tx 2:2 dsp 1 WL 0 MS 0 edid 128 undef 0 DSC 0
2025-12-01 12:39:13.924103-0600: NOTICE: FB AGDC state FB[0] - ON
2025-12-01 12:39:13.928103-0600: NOTICE: accepted No_Media_Mode enter, Mon Dec  1 12:39:13 2025
2025-12-01 12:39:13.928164-0600: NOTICE: accepted No_Media_Mode exit, Mon Dec  1 12:39:13 2025
2025-12-01 12:39:13.928238-0600: NOTICE: doChange: addr 1.0 [7]
2025-12-01 12:39:13.928267-0600: NOTICE: doChange: addr 2.0 [7]
2025-12-01 12:39:13.932742-0600: NOTICE: doChange: addr 3.0 [7]
2025-12-01 12:39:13.938110-0600: NOTICE: doChange: addr 1.0 [7]
2025-12-01 12:39:13.938160-0600: NOTICE: doChange: addr 2.0 [7]
2025-12-01 12:39:13.941259-0600: NOTICE: doChange: addr 3.0 [7]
2025-12-01 13:24:29.560987-0600: NOTICE: accepted No_Media_Mode enter, Mon Dec  1 13:24:29 2025
2025-12-01 13:30:45.937849-0600: NOTICE: accepted No_Media_Mode exit, Mon Dec  1 13:30:45 2025
2025-12-01 13:30:46.067472-0600: NOTICE: doChange: addr 1.0 [7]
2025-12-01 13:30:46.067547-0600: NOTICE: doChange: addr 2.0 [7]
2025-12-01 13:30:46.070286-0600: NOTICE: doChange: addr 3.0 [7]
2025-12-06 13:52:54.310621-0600: PolicyEngine started: 7800020000000000, Time: Sat Dec  6 13:52:54 2025
2025-12-06 13:52:55.248508-0600: NOTICE: kAGDCCallbackCapability: 0x0 []
2025-12-06 13:52:55.646656-0600: NOTICE: Vendor portmap 0xe mst 0xc ddc 0xc aux 0xe
2025-12-06 13:52:55.646998-0600: NOTICE: Features policyd 0x20100000 kernel 0x0
2025-12-06 13:52:55.807171-0600: NOTICE: Populated addr 1.0 bad:f00d UUID 0 order 0:0 tx 2:2 dsp 1 WL 0 MS 0 edid 128 undef 0 DSC 0
2025-12-06 13:52:55.815165-0600: NOTICE: Populated addr 1.0 bad:f00d UUID 0 order 0:0 tx 2:2 dsp 1 WL 0 MS 0 edid 128 undef 0 DSC 0
2025-12-06 13:52:55.819800-0600: NOTICE: FB AGDC state FB[0] - ON
2025-12-06 13:52:55.821890-0600: NOTICE: accepted No_Media_Mode enter, Sat Dec  6 13:52:55 2025
2025-12-06 13:52:55.822017-0600: NOTICE: accepted No_Media_Mode exit, Sat Dec  6 13:52:55 2025
2025-12-06 13:52:55.822125-0600: NOTICE: doChange: addr 1.0 [7]
2025-12-06 13:52:55.822149-0600: NOTICE: doChange: addr 2.0 [7]
2025-12-06 13:52:55.838402-0600: NOTICE: doChange: addr 3.0 [7]
2025-12-06 13:52:55.841664-0600: NOTICE: doChange: addr 1.0 [7]
2025-12-06 13:52:55.841708-0600: NOTICE: doChange: addr 2.0 [7]
2025-12-06 13:52:55.845093-0600: NOTICE: doChange: addr 3.0 [7]
2025-12-08 12:34:51.909904-0600: PolicyEngine started: 7800020000000000, Time: Mon Dec  8 12:34:51 2025
2025-12-08 12:34:52.575786-0600: NOTICE: kAGDCCallbackCapability: 0x0 []
2025-12-08 12:34:53.413500-0600: NOTICE: Vendor portmap 0xe mst 0xc ddc 0xc aux 0xe
2025-12-08 12:34:53.414005-0600: NOTICE: Features policyd 0x20100000 kernel 0x0
2025-12-08 12:34:53.428445-0600: NOTICE: Populated addr 1.0 bad:f00d UUID 0 order 0:0 tx 2:2 dsp 1 WL 0 MS 0 edid 128 undef 0 DSC 0
2025-12-08 12:34:53.436848-0600: NOTICE: Populated addr 1.0 bad:f00d UUID 0 order 0:0 tx 2:2 dsp 1 WL 0 MS 0 edid 128 undef 0 DSC 0
2025-12-08 12:34:53.436915-0600: NOTICE: FB AGDC state FB[0] - ON
2025-12-08 12:34:53.439650-0600: NOTICE: accepted No_Media_Mode enter, Mon Dec  8 12:34:53 2025
2025-12-08 12:34:53.439715-0600: NOTICE: accepted No_Media_Mode exit, Mon Dec  8 12:34:53 2025
2025-12-08 12:34:53.439786-0600: NOTICE: doChange: addr 1.0 [7]
2025-12-08 12:34:53.439824-0600: NOTICE: doChange: addr 2.0 [7]
2025-12-08 12:34:53.443213-0600: NOTICE: doChange: addr 3.0 [7]
2025-12-08 12:34:53.450575-0600: NOTICE: doChange: addr 1.0 [7]
2025-12-08 12:34:53.450627-0600: NOTICE: doChange: addr 2.0 [7]
2025-12-08 12:34:53.454659-0600: NOTICE: doChange: addr 3.0 [7]
2025-12-08 12:51:28.027461-0600: NOTICE: accepted No_Media_Mode enter, Mon Dec  8 12:51:28 2025
2025-12-08 12:53:51.009656-0600: NOTICE: accepted No_Media_Mode exit, Mon Dec  8 12:53:51 2025
2025-12-08 12:53:51.088145-0600: NOTICE: doChange: addr 1.0 [7]
2025-12-08 12:53:51.088196-0600: NOTICE: doChange: addr 2.0 [7]
2025-12-08 12:53:51.091186-0600: NOTICE: doChange: addr 3.0 [7]
2025-12-09 13:07:57.660243-0600: PolicyEngine started: 7800020000000000, Time: Tue Dec  9 13:07:57 2025
2025-12-09 13:07:58.578248-0600: NOTICE: kAGDCCallbackCapability: 0x0 []
2025-12-09 13:07:59.169547-0600: NOTICE: Vendor portmap 0xe mst 0xc ddc 0xc aux 0xe
2025-12-09 13:07:59.169952-0600: NOTICE: Features policyd 0x20100000 kernel 0x0
2025-12-09 13:07:59.176784-0600: NOTICE: Populated addr 1.0 bad:f00d UUID 0 order 0:0 tx 2:2 dsp 1 WL 0 MS 0 edid 128 undef 0 DSC 0
2025-12-09 13:07:59.180118-0600: NOTICE: Populated addr 1.0 bad:f00d UUID 0 order 0:0 tx 2:2 dsp 1 WL 0 MS 0 edid 128 undef 0 DSC 0
2025-12-09 13:07:59.180171-0600: NOTICE: FB AGDC state FB[0] - ON
2025-12-09 13:07:59.185226-0600: NOTICE: accepted No_Media_Mode enter, Tue Dec  9 13:07:59 2025
2025-12-09 13:07:59.185802-0600: NOTICE: accepted No_Media_Mode exit, Tue Dec  9 13:07:59 2025
2025-12-09 13:07:59.185894-0600: NOTICE: doChange: addr 1.0 [7]
2025-12-09 13:07:59.186395-0600: NOTICE: doChange: addr 2.0 [7]
2025-12-09 13:07:59.199949-0600: NOTICE: doChange: addr 3.0 [7]
2025-12-09 13:07:59.204217-0600: NOTICE: doChange: addr 1.0 [7]
2025-12-09 13:07:59.204281-0600: NOTICE: doChange: addr 2.0 [7]
2025-12-09 13:07:59.207364-0600: NOTICE: doChange: addr 3.0 [7]
2025-12-09 13:07:59.576440-0600: PolicyEngine started: 7800020000000000, Time: Tue Dec  9 13:07:59 2025
2025-12-09 13:07:59.576665-0600: NOTICE: kAGDCCallbackCapability: 0x0 []
2025-12-09 13:07:59.577245-0600: NOTICE: Vendor portmap 0xe mst 0xc ddc 0xc aux 0xe
2025-12-09 13:07:59.577303-0600: NOTICE: Features policyd 0x20100000 kernel 0x0
2025-12-09 13:07:59.577497-0600: NOTICE: doing display state recovery
2025-12-09 13:07:59.578051-0600: NOTICE: FB AGDC state FB[0] - ON
2025-12-09 13:07:59.580012-0600: NOTICE: doChange: addr 1.0 [7]
2025-12-09 13:07:59.580049-0600: NOTICE: doChange: addr 2.0 [7]
2025-12-09 13:07:59.582730-0600: NOTICE: doChange: addr 3.0 [7]
2025-12-12 11:04:24.733953-0600: PolicyEngine started: 7800020000000000, Time: Fri Dec 12 11:04:24 2025
2025-12-12 11:04:25.426039-0600: NOTICE: kAGDCCallbackCapability: 0x0 []
2025-12-12 11:04:26.139340-0600: NOTICE: Vendor portmap 0xe mst 0xc ddc 0xc aux 0xe
2025-12-12 11:04:26.142682-0600: NOTICE: Features policyd 0x20100000 kernel 0x0
2025-12-12 11:04:26.159561-0600: NOTICE: Populated addr 1.0 bad:f00d UUID 0 order 0:0 tx 2:2 dsp 1 WL 0 MS 0 edid 128 undef 0 DSC 0
2025-12-12 11:04:26.163173-0600: NOTICE: Populated addr 1.0 bad:f00d UUID 0 order 0:0 tx 2:2 dsp 1 WL 0 MS 0 edid 128 undef 0 DSC 0
2025-12-12 11:04:26.163219-0600: NOTICE: FB AGDC state FB[0] - ON
2025-12-12 11:04:26.167233-0600: NOTICE: accepted No_Media_Mode enter, Fri Dec 12 11:04:26 2025
2025-12-12 11:04:26.167842-0600: NOTICE: accepted No_Media_Mode exit, Fri Dec 12 11:04:26 2025
2025-12-12 11:04:26.168608-0600: NOTICE: doChange: addr 1.0 [7]
2025-12-12 11:04:26.168658-0600: NOTICE: doChange: addr 2.0 [7]
2025-12-12 11:04:26.171700-0600: NOTICE: doChange: addr 3.0 [7]
2025-12-12 11:04:26.213940-0600: NOTICE: doChange: addr 1.0 [7]
2025-12-12 11:04:26.214314-0600: NOTICE: doChange: addr 2.0 [7]
2025-12-12 11:04:26.218802-0600: NOTICE: doChange: addr 3.0 [7]
2025-12-12 11:34:20.491789-0600: NOTICE: accepted No_Media_Mode enter, Fri Dec 12 11:34:20 2025
2025-12-12 11:43:16.926798-0600: NOTICE: accepted No_Media_Mode exit, Fri Dec 12 11:43:16 2025
2025-12-12 11:43:16.952741-0600: NOTICE: doChange: addr 1.0 [7]
2025-12-12 11:43:16.952821-0600: NOTICE: doChange: addr 2.0 [7]
2025-12-12 11:43:16.962366-0600: NOTICE: doChange: addr 3.0 [7]
2025-12-12 12:59:11.541450-0600: NOTICE: accepted No_Media_Mode enter, Fri Dec 12 12:59:11 2025
2025-12-12 13:13:33.838895-0600: NOTICE: accepted No_Media_Mode exit, Fri Dec 12 13:13:33 2025
2025-12-12 13:13:33.924598-0600: NOTICE: doChange: addr 1.0 [7]
2025-12-12 13:13:33.924678-0600: NOTICE: doChange: addr 2.0 [7]
2025-12-12 13:13:33.927663-0600: NOTICE: doChange: addr 3.0 [7]
2025-12-15 13:32:22.988029-0600: PolicyEngine started: 7800020000000000, Time: Mon Dec 15 13:32:22 2025
2025-12-15 13:32:23.947495-0600: NOTICE: kAGDCCallbackCapability: 0x0 []
2025-12-15 13:32:24.350489-0600: NOTICE: Vendor portmap 0xe mst 0xc ddc 0xc aux 0xe
2025-12-15 13:32:24.350786-0600: NOTICE: Features policyd 0x20100000 kernel 0x0
2025-12-15 13:32:24.364082-0600: NOTICE: Populated addr 1.0 bad:f00d UUID 0 order 0:0 tx 2:2 dsp 1 WL 0 MS 0 edid 128 undef 0 DSC 0
2025-12-15 13:32:24.403016-0600: NOTICE: Populated addr 1.0 bad:f00d UUID 0 order 0:0 tx 2:2 dsp 1 WL 0 MS 0 edid 128 undef 0 DSC 0
2025-12-15 13:32:24.403080-0600: NOTICE: FB AGDC state FB[0] - ON
2025-12-15 13:32:24.406757-0600: NOTICE: accepted No_Media_Mode enter, Mon Dec 15 13:32:24 2025
2025-12-15 13:32:24.406812-0600: NOTICE: accepted No_Media_Mode exit, Mon Dec 15 13:32:24 2025
2025-12-15 13:32:24.406928-0600: NOTICE: doChange: addr 1.0 [7]
2025-12-15 13:32:24.407018-0600: NOTICE: doChange: addr 2.0 [7]
2025-12-15 13:32:24.412556-0600: NOTICE: doChange: addr 3.0 [7]
2025-12-15 13:32:24.417089-0600: NOTICE: doChange: addr 1.0 [7]
2025-12-15 13:32:24.417144-0600: NOTICE: doChange: addr 2.0 [7]
2025-12-15 13:32:24.420389-0600: NOTICE: doChange: addr 3.0 [7]
2025-12-15 13:32:24.754747-0600: PolicyEngine started: 7800020000000000, Time: Mon Dec 15 13:32:24 2025
2025-12-15 13:32:24.754987-0600: NOTICE: kAGDCCallbackCapability: 0x0 []
2025-12-15 13:32:24.755546-0600: NOTICE: Vendor portmap 0xe mst 0xc ddc 0xc aux 0xe
2025-12-15 13:32:24.755590-0600: NOTICE: Features policyd 0x20100000 kernel 0x0
2025-12-15 13:32:24.755714-0600: NOTICE: doing display state recovery
2025-12-15 13:32:24.756061-0600: NOTICE: FB AGDC state FB[0] - ON
2025-12-15 13:32:24.757522-0600: NOTICE: doChange: addr 1.0 [7]
2025-12-15 13:32:24.757564-0600: NOTICE: doChange: addr 2.0 [7]
2025-12-15 13:32:24.760331-0600: NOTICE: doChange: addr 3.0 [7]
2025-12-15 13:48:01.480996-0600: NOTICE: accepted No_Media_Mode enter, Mon Dec 15 13:48:01 2025
2025-12-15 13:51:59.901472-0600: NOTICE: accepted No_Media_Mode exit, Mon Dec 15 13:51:59 2025
2025-12-15 13:52:00.006331-0600: NOTICE: doChange: addr 1.0 [7]
2025-12-15 13:52:00.006374-0600: NOTICE: doChange: addr 2.0 [7]
2025-12-15 13:52:00.009209-0600: NOTICE: doChange: addr 3.0 [7]
2025-12-15 14:32:07.060225-0600: NOTICE: accepted No_Media_Mode enter, Mon Dec 15 14:32:07 2025
2025-12-15 14:41:31.976688-0600: NOTICE: accepted No_Media_Mode exit, Mon Dec 15 14:41:31 2025
2025-12-15 14:41:32.028872-0600: NOTICE: doChange: addr 1.0 [7]
2025-12-15 14:41:32.029042-0600: NOTICE: doChange: addr 2.0 [7]
2025-12-15 14:41:32.031917-0600: NOTICE: doChange: addr 3.0 [7]
2025-12-15 15:29:12.397931-0600: PolicyEngine started: 7800020000000000, Time: Mon Dec 15 15:29:12 2025
2025-12-15 15:29:13.070582-0600: NOTICE: kAGDCCallbackCapability: 0x0 []
2025-12-15 15:29:13.809032-0600: NOTICE: Vendor portmap 0xe mst 0xc ddc 0xc aux 0xe
2025-12-15 15:29:13.830908-0600: NOTICE: Features policyd 0x20100000 kernel 0x0
2025-12-15 15:29:13.835946-0600: NOTICE: Populated addr 1.0 bad:f00d UUID 0 order 0:0 tx 2:2 dsp 1 WL 0 MS 0 edid 128 undef 0 DSC 0
2025-12-15 15:29:13.840213-0600: NOTICE: Populated addr 1.0 bad:f00d UUID 0 order 0:0 tx 2:2 dsp 1 WL 0 MS 0 edid 128 undef 0 DSC 0
2025-12-15 15:29:13.840274-0600: NOTICE: FB AGDC state FB[0] - ON
2025-12-15 15:29:13.849370-0600: NOTICE: accepted No_Media_Mode enter, Mon Dec 15 15:29:13 2025
2025-12-15 15:29:13.849436-0600: NOTICE: accepted No_Media_Mode exit, Mon Dec 15 15:29:13 2025
2025-12-15 15:29:13.849554-0600: NOTICE: doChange: addr 1.0 [7]
2025-12-15 15:29:13.849579-0600: NOTICE: doChange: addr 2.0 [7]
2025-12-15 15:29:13.852362-0600: NOTICE: doChange: addr 3.0 [7]
2025-12-15 15:29:13.864085-0600: NOTICE: doChange: addr 1.0 [7]
2025-12-15 15:29:13.864133-0600: NOTICE: doChange: addr 2.0 [7]
2025-12-15 15:29:13.867911-0600: NOTICE: doChange: addr 3.0 [7]
2025-12-15 15:29:14.190952-0600: PolicyEngine started: 7800020000000000, Time: Mon Dec 15 15:29:14 2025
2025-12-15 15:29:14.191180-0600: NOTICE: kAGDCCallbackCapability: 0x0 []
2025-12-15 15:29:14.191631-0600: NOTICE: Vendor portmap 0xe mst 0xc ddc 0xc aux 0xe
2025-12-15 15:29:14.191681-0600: NOTICE: Features policyd 0x20100000 kernel 0x0
2025-12-15 15:29:14.191795-0600: NOTICE: doing display state recovery
2025-12-15 15:29:14.192134-0600: NOTICE: FB AGDC state FB[0] - ON
2025-12-15 15:29:14.193558-0600: NOTICE: doChange: addr 1.0 [7]
2025-12-15 15:29:14.193599-0600: NOTICE: doChange: addr 2.0 [7]
2025-12-15 15:29:14.196337-0600: NOTICE: doChange: addr 3.0 [7]
2025-12-16 12:00:55.111622-0600: PolicyEngine started: 7800020000000000, Time: Tue Dec 16 12:00:55 2025
2025-12-16 12:00:55.741396-0600: NOTICE: kAGDCCallbackCapability: 0x0 []
2025-12-16 12:00:56.589677-0600: NOTICE: Vendor portmap 0xe mst 0xc ddc 0xc aux 0xe
2025-12-16 12:00:56.589989-0600: NOTICE: Features policyd 0x20100000 kernel 0x0
2025-12-16 12:00:56.599653-0600: NOTICE: Populated addr 1.0 bad:f00d UUID 0 order 0:0 tx 2:2 dsp 1 WL 0 MS 0 edid 128 undef 0 DSC 0
2025-12-16 12:00:56.605170-0600: NOTICE: Populated addr 1.0 bad:f00d UUID 0 order 0:0 tx 2:2 dsp 1 WL 0 MS 0 edid 128 undef 0 DSC 0
2025-12-16 12:00:56.605224-0600: NOTICE: FB AGDC state FB[0] - ON
2025-12-16 12:00:56.607153-0600: NOTICE: accepted No_Media_Mode enter, Tue Dec 16 12:00:56 2025
2025-12-16 12:00:56.607220-0600: NOTICE: accepted No_Media_Mode exit, Tue Dec 16 12:00:56 2025
2025-12-16 12:00:56.607309-0600: NOTICE: doChange: addr 1.0 [7]
2025-12-16 12:00:56.607346-0600: NOTICE: doChange: addr 2.0 [7]
2025-12-16 12:00:56.609999-0600: NOTICE: doChange: addr 3.0 [7]
2025-12-16 12:00:56.618197-0600: NOTICE: doChange: addr 1.0 [7]
2025-12-16 12:00:56.618344-0600: NOTICE: doChange: addr 2.0 [7]
2025-12-16 12:00:56.621413-0600: NOTICE: doChange: addr 3.0 [7]
2025-12-16 12:13:29.284860-0600: NOTICE: accepted No_Media_Mode enter, Tue Dec 16 12:13:30 2025
2025-12-16 12:13:37.219441-0600: NOTICE: accepted No_Media_Mode exit, Tue Dec 16 12:13:38 2025
2025-12-16 12:13:37.480601-0600: NOTICE: doChange: addr 1.0 [7]
2025-12-16 12:13:37.480674-0600: NOTICE: doChange: addr 2.0 [7]
2025-12-16 12:13:37.498318-0600: NOTICE: doChange: addr 3.0 [7]
2025-12-16 12:16:15.953036-0600: NOTICE: accepted No_Media_Mode enter, Tue Dec 16 12:16:15 2025
2025-12-16 12:46:46.898817-0600: NOTICE: accepted No_Media_Mode exit, Tue Dec 16 12:46:46 2025
2025-12-16 12:46:46.952926-0600: NOTICE: doChange: addr 1.0 [7]
2025-12-16 12:46:46.952981-0600: NOTICE: doChange: addr 2.0 [7]
2025-12-16 12:46:46.955930-0600: NOTICE: doChange: addr 3.0 [7]
2025-12-17 14:50:49.690058-0600: PolicyEngine started: 7800020000000000, Time: Wed Dec 17 14:50:49 2025
2025-12-17 14:50:50.645157-0600: NOTICE: kAGDCCallbackCapability: 0x0 []
2025-12-17 14:50:51.172516-0600: NOTICE: Vendor portmap 0xe mst 0xc ddc 0xc aux 0xe
2025-12-17 14:50:51.172852-0600: NOTICE: Features policyd 0x20100000 kernel 0x0
2025-12-17 14:50:51.206154-0600: NOTICE: Populated addr 1.0 bad:f00d UUID 0 order 0:0 tx 2:2 dsp 1 WL 0 MS 0 edid 128 undef 0 DSC 0
2025-12-17 14:50:51.229551-0600: NOTICE: Populated addr 1.0 bad:f00d UUID 0 order 0:0 tx 2:2 dsp 1 WL 0 MS 0 edid 128 undef 0 DSC 0
2025-12-17 14:50:51.229612-0600: NOTICE: FB AGDC state FB[0] - ON
2025-12-17 14:50:51.234189-0600: NOTICE: accepted No_Media_Mode enter, Wed Dec 17 14:50:51 2025
2025-12-17 14:50:51.234258-0600: NOTICE: accepted No_Media_Mode exit, Wed Dec 17 14:50:51 2025
2025-12-17 14:50:51.235395-0600: NOTICE: doChange: addr 1.0 [7]
2025-12-17 14:50:51.235452-0600: NOTICE: doChange: addr 2.0 [7]
2025-12-17 14:50:51.239381-0600: NOTICE: doChange: addr 3.0 [7]
2025-12-17 14:50:51.245637-0600: NOTICE: doChange: addr 1.0 [7]
2025-12-17 14:50:51.245711-0600: NOTICE: doChange: addr 2.0 [7]
2025-12-17 14:50:51.249224-0600: NOTICE: doChange: addr 3.0 [7]
2025-12-17 14:50:51.626829-0600: PolicyEngine started: 7800020000000000, Time: Wed Dec 17 14:50:51 2025
2025-12-17 14:50:51.627066-0600: NOTICE: kAGDCCallbackCapability: 0x0 []
2025-12-17 14:50:51.627785-0600: NOTICE: Vendor portmap 0xe mst 0xc ddc 0xc aux 0xe
2025-12-17 14:50:51.627830-0600: NOTICE: Features policyd 0x20100000 kernel 0x0
2025-12-17 14:50:51.628015-0600: NOTICE: doing display state recovery
2025-12-17 14:50:51.628869-0600: NOTICE: FB AGDC state FB[0] - ON
2025-12-17 14:50:51.630923-0600: NOTICE: doChange: addr 1.0 [7]
2025-12-17 14:50:51.630966-0600: NOTICE: doChange: addr 2.0 [7]
2025-12-17 14:50:51.637751-0600: NOTICE: doChange: addr 3.0 [7]
2025-12-17 14:51:01.914786-0600: PolicyEngine started: 7800020000000000, Time: Wed Dec 17 14:51:01 2025
2025-12-17 14:51:01.914931-0600: NOTICE: kAGDCCallbackCapability: 0x0 []
2025-12-17 14:51:01.915247-0600: NOTICE: Vendor portmap 0xe mst 0xc ddc 0xc aux 0xe
2025-12-17 14:51:01.915271-0600: NOTICE: Features policyd 0x20100000 kernel 0x0
2025-12-17 14:51:01.915371-0600: NOTICE: doing display state recovery
2025-12-17 14:51:01.915687-0600: NOTICE: FB AGDC state FB[0] - ON
2025-12-17 14:51:01.917023-0600: NOTICE: doChange: addr 1.0 [7]
2025-12-17 14:51:01.917045-0600: NOTICE: doChange: addr 2.0 [7]
2025-12-17 14:51:01.920151-0600: NOTICE: doChange: addr 3.0 [7]
2025-12-19 11:39:33.037216-0600: PolicyEngine started: 7800020000000000, Time: Fri Dec 19 11:39:33 2025
2025-12-19 11:39:33.977570-0600: NOTICE: kAGDCCallbackCapability: 0x0 []
2025-12-19 11:39:34.442902-0600: NOTICE: Vendor portmap 0xe mst 0xc ddc 0xc aux 0xe
2025-12-19 11:39:34.443845-0600: NOTICE: Features policyd 0x20100000 kernel 0x0
2025-12-19 11:39:34.458915-0600: NOTICE: Populated addr 1.0 bad:f00d UUID 0 order 0:0 tx 2:2 dsp 1 WL 0 MS 0 edid 128 undef 0 DSC 0
2025-12-19 11:39:34.467437-0600: NOTICE: Populated addr 1.0 bad:f00d UUID 0 order 0:0 tx 2:2 dsp 1 WL 0 MS 0 edid 128 undef 0 DSC 0
2025-12-19 11:39:34.467490-0600: NOTICE: FB AGDC state FB[0] - ON
2025-12-19 11:39:34.469797-0600: NOTICE: accepted No_Media_Mode enter, Fri Dec 19 11:39:34 2025
2025-12-19 11:39:34.469861-0600: NOTICE: accepted No_Media_Mode exit, Fri Dec 19 11:39:34 2025
2025-12-19 11:39:34.469949-0600: NOTICE: doChange: addr 1.0 [7]
2025-12-19 11:39:34.469988-0600: NOTICE: doChange: addr 2.0 [7]
2025-12-19 11:39:34.472696-0600: NOTICE: doChange: addr 3.0 [7]
2025-12-19 11:39:34.480379-0600: NOTICE: doChange: addr 1.0 [7]
2025-12-19 11:39:34.480491-0600: NOTICE: doChange: addr 2.0 [7]
2025-12-19 11:39:34.483960-0600: NOTICE: doChange: addr 3.0 [7]
2025-12-19 12:51:18.588426-0600: NOTICE: accepted No_Media_Mode enter, Fri Dec 19 12:51:18 2025
2025-12-19 13:06:48.970755-0600: NOTICE: accepted No_Media_Mode exit, Fri Dec 19 13:06:48 2025
2025-12-19 13:06:48.990988-0600: NOTICE: doChange: addr 1.0 [7]
2025-12-19 13:06:48.991201-0600: NOTICE: doChange: addr 2.0 [7]
2025-12-19 13:06:48.993879-0600: NOTICE: doChange: addr 3.0 [7]
2025-12-19 14:13:27.004926-0600: PolicyEngine started: 7800020000000000, Time: Fri Dec 19 14:13:27 2025
2025-12-19 14:13:27.672060-0600: NOTICE: kAGDCCallbackCapability: 0x0 []
2025-12-19 14:13:28.482318-0600: NOTICE: Vendor portmap 0xe mst 0xc ddc 0xc aux 0xe
2025-12-19 14:13:28.482616-0600: NOTICE: Features policyd 0x20100000 kernel 0x0
2025-12-19 14:13:28.486959-0600: NOTICE: Populated addr 1.0 bad:f00d UUID 0 order 0:0 tx 2:2 dsp 1 WL 0 MS 0 edid 128 undef 0 DSC 0
2025-12-19 14:13:28.498649-0600: NOTICE: Populated addr 1.0 bad:f00d UUID 0 order 0:0 tx 2:2 dsp 1 WL 0 MS 0 edid 128 undef 0 DSC 0
2025-12-19 14:13:28.501567-0600: NOTICE: FB AGDC state FB[0] - ON
2025-12-19 14:13:28.504351-0600: NOTICE: accepted No_Media_Mode enter, Fri Dec 19 14:13:28 2025
2025-12-19 14:13:28.537369-0600: NOTICE: accepted No_Media_Mode exit, Fri Dec 19 14:13:28 2025
2025-12-19 14:13:28.538034-0600: NOTICE: doChange: addr 1.0 [7]
2025-12-19 14:13:28.538132-0600: NOTICE: doChange: addr 2.0 [7]
2025-12-19 14:13:28.541207-0600: NOTICE: doChange: addr 3.0 [7]
2025-12-19 14:13:28.547328-0600: NOTICE: doChange: addr 1.0 [7]
2025-12-19 14:13:28.547481-0600: NOTICE: doChange: addr 2.0 [7]
2025-12-19 14:13:28.552779-0600: NOTICE: doChange: addr 3.0 [7]
2025-12-19 14:48:07.209032-0600: PolicyEngine started: 7800020000000000, Time: Fri Dec 19 14:48:07 2025
2025-12-19 14:48:07.902241-0600: NOTICE: kAGDCCallbackCapability: 0x0 []
2025-12-19 14:48:08.665554-0600: NOTICE: Vendor portmap 0xe mst 0xc ddc 0xc aux 0xe
2025-12-19 14:48:08.665996-0600: NOTICE: Features policyd 0x20100000 kernel 0x0
2025-12-19 14:48:08.670831-0600: NOTICE: Populated addr 1.0 bad:f00d UUID 0 order 0:0 tx 2:2 dsp 1 WL 0 MS 0 edid 128 undef 0 DSC 0
2025-12-19 14:48:08.673987-0600: NOTICE: Populated addr 1.0 bad:f00d UUID 0 order 0:0 tx 2:2 dsp 1 WL 0 MS 0 edid 128 undef 0 DSC 0
2025-12-19 14:48:08.674037-0600: NOTICE: FB AGDC state FB[0] - ON
2025-12-19 14:48:08.676091-0600: NOTICE: accepted No_Media_Mode enter, Fri Dec 19 14:48:08 2025
2025-12-19 14:48:08.676164-0600: NOTICE: accepted No_Media_Mode exit, Fri Dec 19 14:48:08 2025
2025-12-19 14:48:08.676248-0600: NOTICE: doChange: addr 1.0 [7]
2025-12-19 14:48:08.676273-0600: NOTICE: doChange: addr 2.0 [7]
2025-12-19 14:48:08.678906-0600: NOTICE: doChange: addr 3.0 [7]
2025-12-19 14:48:08.686688-0600: NOTICE: doChange: addr 1.0 [7]
2025-12-19 14:48:08.686741-0600: NOTICE: doChange: addr 2.0 [7]
2025-12-19 14:48:08.689805-0600: NOTICE: doChange: addr 3.0 [7]
2025-12-19 14:52:39.303034-0600: NOTICE: accepted No_Media_Mode enter, Fri Dec 19 14:52:39 2025
2025-12-19 14:54:03.259388-0600: NOTICE: accepted No_Media_Mode exit, Fri Dec 19 14:54:03 2025
2025-12-19 14:54:03.290842-0600: NOTICE: doChange: addr 1.0 [7]
2025-12-19 14:54:03.290906-0600: NOTICE: doChange: addr 2.0 [7]
2025-12-19 14:54:03.301961-0600: NOTICE: doChange: addr 3.0 [7]
2025-12-19 15:09:32.084269-0600: PolicyEngine started: 7800020000000000, Time: Fri Dec 19 15:09:32 2025
2025-12-19 15:09:32.752704-0600: NOTICE: kAGDCCallbackCapability: 0x0 []
2025-12-19 15:09:33.478516-0600: NOTICE: Vendor portmap 0xe mst 0xc ddc 0xc aux 0xe
2025-12-19 15:09:33.525348-0600: NOTICE: Features policyd 0x20100000 kernel 0x0
2025-12-19 15:09:33.539596-0600: NOTICE: Populated addr 1.0 bad:f00d UUID 0 order 0:0 tx 2:2 dsp 1 WL 0 MS 0 edid 128 undef 0 DSC 0
2025-12-19 15:09:33.544985-0600: NOTICE: Populated addr 1.0 bad:f00d UUID 0 order 0:0 tx 2:2 dsp 1 WL 0 MS 0 edid 128 undef 0 DSC 0
2025-12-19 15:09:33.545041-0600: NOTICE: FB AGDC state FB[0] - ON
2025-12-19 15:09:33.548343-0600: NOTICE: accepted No_Media_Mode enter, Fri Dec 19 15:09:33 2025
2025-12-19 15:09:33.548485-0600: NOTICE: accepted No_Media_Mode exit, Fri Dec 19 15:09:33 2025
2025-12-19 15:09:33.548548-0600: NOTICE: doChange: addr 1.0 [7]
2025-12-19 15:09:33.548566-0600: NOTICE: doChange: addr 2.0 [7]
2025-12-19 15:09:33.551741-0600: NOTICE: doChange: addr 3.0 [7]
2025-12-19 15:09:33.558902-0600: NOTICE: doChange: addr 1.0 [7]
2025-12-19 15:09:33.558970-0600: NOTICE: doChange: addr 2.0 [7]
2025-12-19 15:09:33.562090-0600: NOTICE: doChange: addr 3.0 [7]
2025-12-20 12:35:13.725050-0600: PolicyEngine started: 7800020000000000, Time: Sat Dec 20 12:35:13 2025
2025-12-20 12:35:14.385939-0600: NOTICE: kAGDCCallbackCapability: 0x0 []
2025-12-20 12:35:15.201997-0600: NOTICE: Vendor portmap 0xe mst 0xc ddc 0xc aux 0xe
2025-12-20 12:35:15.202448-0600: NOTICE: Features policyd 0x20100000 kernel 0x0
2025-12-20 12:35:15.219820-0600: NOTICE: Populated addr 1.0 bad:f00d UUID 0 order 0:0 tx 2:2 dsp 1 WL 0 MS 0 edid 128 undef 0 DSC 0
2025-12-20 12:35:15.223064-0600: NOTICE: Populated addr 1.0 bad:f00d UUID 0 order 0:0 tx 2:2 dsp 1 WL 0 MS 0 edid 128 undef 0 DSC 0
2025-12-20 12:35:15.223121-0600: NOTICE: FB AGDC state FB[0] - ON
2025-12-20 12:35:15.225856-0600: NOTICE: accepted No_Media_Mode enter, Sat Dec 20 12:35:15 2025
2025-12-20 12:35:15.226084-0600: NOTICE: accepted No_Media_Mode exit, Sat Dec 20 12:35:15 2025
2025-12-20 12:35:15.226335-0600: NOTICE: doChange: addr 1.0 [7]
2025-12-20 12:35:15.226370-0600: NOTICE: doChange: addr 2.0 [7]
2025-12-20 12:35:15.232334-0600: NOTICE: doChange: addr 3.0 [7]
2025-12-20 12:35:15.236529-0600: NOTICE: doChange: addr 1.0 [7]
2025-12-20 12:35:15.236581-0600: NOTICE: doChange: addr 2.0 [7]
2025-12-20 12:35:15.239943-0600: NOTICE: doChange: addr 3.0 [7]
2025-12-23 12:13:24.602625-0600: PolicyEngine started: 7800020000000000, Time: Tue Dec 23 12:13:24 2025
2025-12-23 12:13:25.258103-0600: NOTICE: kAGDCCallbackCapability: 0x0 []
2025-12-23 12:13:26.080015-0600: NOTICE: Vendor portmap 0xe mst 0xc ddc 0xc aux 0xe
2025-12-23 12:13:26.081319-0600: NOTICE: Features policyd 0x20100000 kernel 0x0
2025-12-23 12:13:26.092219-0600: NOTICE: Populated addr 1.0 bad:f00d UUID 0 order 0:0 tx 2:2 dsp 1 WL 0 MS 0 edid 128 undef 0 DSC 0
2025-12-23 12:13:26.101876-0600: NOTICE: Populated addr 1.0 bad:f00d UUID 0 order 0:0 tx 2:2 dsp 1 WL 0 MS 0 edid 128 undef 0 DSC 0
2025-12-23 12:13:26.101934-0600: NOTICE: FB AGDC state FB[0] - ON
2025-12-23 12:13:26.104564-0600: NOTICE: accepted No_Media_Mode enter, Tue Dec 23 12:13:26 2025
2025-12-23 12:13:26.104634-0600: NOTICE: accepted No_Media_Mode exit, Tue Dec 23 12:13:26 2025
2025-12-23 12:13:26.105346-0600: NOTICE: doChange: addr 1.0 [7]
2025-12-23 12:13:26.105540-0600: NOTICE: doChange: addr 2.0 [7]
2025-12-23 12:13:26.109273-0600: NOTICE: doChange: addr 3.0 [7]
2025-12-23 12:13:26.115066-0600: NOTICE: doChange: addr 1.0 [7]
2025-12-23 12:13:26.115118-0600: NOTICE: doChange: addr 2.0 [7]
2025-12-23 12:13:26.125064-0600: NOTICE: doChange: addr 3.0 [7]
2025-12-24 11:56:14.741247-0600: PolicyEngine started: 7800020000000000, Time: Wed Dec 24 11:56:14 2025
2025-12-24 11:56:15.398996-0600: NOTICE: kAGDCCallbackCapability: 0x0 []
2025-12-24 11:56:16.181348-0600: NOTICE: Vendor portmap 0xe mst 0xc ddc 0xc aux 0xe
2025-12-24 11:56:16.181719-0600: NOTICE: Features policyd 0x20100000 kernel 0x0
2025-12-24 11:56:16.187455-0600: NOTICE: Populated addr 1.0 bad:f00d UUID 0 order 0:0 tx 2:2 dsp 1 WL 0 MS 0 edid 128 undef 0 DSC 0
2025-12-24 11:56:16.191036-0600: NOTICE: Populated addr 1.0 bad:f00d UUID 0 order 0:0 tx 2:2 dsp 1 WL 0 MS 0 edid 128 undef 0 DSC 0
2025-12-24 11:56:16.191103-0600: NOTICE: FB AGDC state FB[0] - ON
2025-12-24 11:56:16.193656-0600: NOTICE: accepted No_Media_Mode enter, Wed Dec 24 11:56:16 2025
2025-12-24 11:56:16.193714-0600: NOTICE: accepted No_Media_Mode exit, Wed Dec 24 11:56:16 2025
2025-12-24 11:56:16.193814-0600: NOTICE: doChange: addr 1.0 [7]
2025-12-24 11:56:16.193842-0600: NOTICE: doChange: addr 2.0 [7]
2025-12-24 11:56:16.214485-0600: NOTICE: doChange: addr 3.0 [7]
2025-12-24 11:56:16.220789-0600: NOTICE: doChange: addr 1.0 [7]
2025-12-24 11:56:16.221326-0600: NOTICE: doChange: addr 2.0 [7]
2025-12-24 11:56:16.224388-0600: NOTICE: doChange: addr 3.0 [7]
2025-12-26 15:42:16.665647-0600: PolicyEngine started: 7800020000000000, Time: Fri Dec 26 15:42:16 2025
2025-12-26 15:42:17.387305-0600: NOTICE: kAGDCCallbackCapability: 0x0 []
2025-12-26 15:42:18.083048-0600: NOTICE: Vendor portmap 0xe mst 0xc ddc 0xc aux 0xe
2025-12-26 15:42:18.087948-0600: NOTICE: Features policyd 0x20100000 kernel 0x0
2025-12-26 15:42:18.111720-0600: NOTICE: Populated addr 1.0 bad:f00d UUID 0 order 0:0 tx 2:2 dsp 1 WL 0 MS 0 edid 128 undef 0 DSC 0
2025-12-26 15:42:18.116081-0600: NOTICE: Populated addr 1.0 bad:f00d UUID 0 order 0:0 tx 2:2 dsp 1 WL 0 MS 0 edid 128 undef 0 DSC 0
2025-12-26 15:42:18.116138-0600: NOTICE: FB AGDC state FB[0] - ON
2025-12-26 15:42:18.118670-0600: NOTICE: accepted No_Media_Mode enter, Fri Dec 26 15:42:18 2025
2025-12-26 15:42:18.118734-0600: NOTICE: accepted No_Media_Mode exit, Fri Dec 26 15:42:18 2025
2025-12-26 15:42:18.118817-0600: NOTICE: doChange: addr 1.0 [7]
2025-12-26 15:42:18.118890-0600: NOTICE: doChange: addr 2.0 [7]
2025-12-26 15:42:18.121810-0600: NOTICE: doChange: addr 3.0 [7]
2025-12-26 15:42:18.129233-0600: NOTICE: doChange: addr 1.0 [7]
2025-12-26 15:42:18.129290-0600: NOTICE: doChange: addr 2.0 [7]
2025-12-26 15:42:18.133239-0600: NOTICE: doChange: addr 3.0 [7]
2025-12-27 14:54:56.438557-0600: PolicyEngine started: 7800020000000000, Time: Sat Dec 27 14:54:56 2025
2025-12-27 14:54:57.404430-0600: NOTICE: kAGDCCallbackCapability: 0x0 []
2025-12-27 14:54:57.959122-0600: NOTICE: Vendor portmap 0xe mst 0xc ddc 0xc aux 0xe
2025-12-27 14:54:57.959477-0600: NOTICE: Features policyd 0x20100000 kernel 0x0
2025-12-27 14:54:57.964518-0600: NOTICE: Populated addr 1.0 bad:f00d UUID 0 order 0:0 tx 2:2 dsp 1 WL 0 MS 0 edid 128 undef 0 DSC 0
2025-12-27 14:54:57.973180-0600: NOTICE: Populated addr 1.0 bad:f00d UUID 0 order 0:0 tx 2:2 dsp 1 WL 0 MS 0 edid 128 undef 0 DSC 0
2025-12-27 14:54:57.973609-0600: NOTICE: FB AGDC state FB[0] - ON
2025-12-27 14:54:57.979164-0600: NOTICE: accepted No_Media_Mode enter, Sat Dec 27 14:54:57 2025
2025-12-27 14:54:57.979227-0600: NOTICE: accepted No_Media_Mode exit, Sat Dec 27 14:54:57 2025
2025-12-27 14:54:57.979532-0600: NOTICE: doChange: addr 1.0 [7]
2025-12-27 14:54:57.979588-0600: NOTICE: doChange: addr 2.0 [7]
2025-12-27 14:54:57.982609-0600: NOTICE: doChange: addr 3.0 [7]
2025-12-27 14:54:57.990136-0600: NOTICE: doChange: addr 1.0 [7]
2025-12-27 14:54:57.990503-0600: NOTICE: doChange: addr 2.0 [7]
2025-12-27 14:54:57.998691-0600: NOTICE: doChange: addr 3.0 [7]
2025-12-29 15:28:39.551707-0600: PolicyEngine started: 7800020000000000, Time: Mon Dec 29 15:28:39 2025
2025-12-29 15:28:40.248683-0600: NOTICE: kAGDCCallbackCapability: 0x0 []
2025-12-29 15:28:41.052130-0600: NOTICE: Vendor portmap 0xe mst 0xc ddc 0xc aux 0xe
2025-12-29 15:28:41.115899-0600: NOTICE: Features policyd 0x20100000 kernel 0x0
2025-12-29 15:28:41.123276-0600: NOTICE: Populated addr 1.0 bad:f00d UUID 0 order 0:0 tx 2:2 dsp 1 WL 0 MS 0 edid 128 undef 0 DSC 0
2025-12-29 15:28:41.126593-0600: NOTICE: Populated addr 1.0 bad:f00d UUID 0 order 0:0 tx 2:2 dsp 1 WL 0 MS 0 edid 128 undef 0 DSC 0
2025-12-29 15:28:41.126650-0600: NOTICE: FB AGDC state FB[0] - ON
2025-12-29 15:28:41.128577-0600: NOTICE: accepted No_Media_Mode enter, Mon Dec 29 15:28:41 2025
2025-12-29 15:28:41.128635-0600: NOTICE: accepted No_Media_Mode exit, Mon Dec 29 15:28:41 2025
2025-12-29 15:28:41.128703-0600: NOTICE: doChange: addr 1.0 [7]
2025-12-29 15:28:41.128725-0600: NOTICE: doChange: addr 2.0 [7]
2025-12-29 15:28:41.131608-0600: NOTICE: doChange: addr 3.0 [7]
2025-12-29 15:28:41.142483-0600: NOTICE: doChange: addr 1.0 [7]
2025-12-29 15:28:41.142554-0600: NOTICE: doChange: addr 2.0 [7]
2025-12-29 15:28:41.145936-0600: NOTICE: doChange: addr 3.0 [7]
2025-12-29 16:40:02.587144-0600: PolicyEngine started: 7800020000000000, Time: Mon Dec 29 16:40:02 2025
2025-12-29 16:40:03.222210-0600: NOTICE: kAGDCCallbackCapability: 0x0 []
2025-12-29 16:40:04.047520-0600: NOTICE: Vendor portmap 0xe mst 0xc ddc 0xc aux 0xe
2025-12-29 16:40:04.052967-0600: NOTICE: Features policyd 0x20100000 kernel 0x0
2025-12-29 16:40:04.094572-0600: NOTICE: Populated addr 1.0 bad:f00d UUID 0 order 0:0 tx 2:2 dsp 1 WL 0 MS 0 edid 128 undef 0 DSC 0
2025-12-29 16:40:04.099865-0600: NOTICE: Populated addr 1.0 bad:f00d UUID 0 order 0:0 tx 2:2 dsp 1 WL 0 MS 0 edid 128 undef 0 DSC 0
2025-12-29 16:40:04.099909-0600: NOTICE: FB AGDC state FB[0] - ON
2025-12-29 16:40:04.101759-0600: NOTICE: accepted No_Media_Mode enter, Mon Dec 29 16:40:04 2025
2025-12-29 16:40:04.101820-0600: NOTICE: accepted No_Media_Mode exit, Mon Dec 29 16:40:04 2025
2025-12-29 16:40:04.101886-0600: NOTICE: doChange: addr 1.0 [7]
2025-12-29 16:40:04.101903-0600: NOTICE: doChange: addr 2.0 [7]
2025-12-29 16:40:04.105923-0600: NOTICE: doChange: addr 3.0 [7]
2025-12-29 16:40:04.113734-0600: NOTICE: doChange: addr 1.0 [7]
2025-12-29 16:40:04.113785-0600: NOTICE: doChange: addr 2.0 [7]
2025-12-29 16:40:04.116937-0600: NOTICE: doChange: addr 3.0 [7]
2025-12-30 15:55:06.635073-0600: PolicyEngine started: 7800020000000000, Time: Tue Dec 30 15:55:06 2025
2025-12-30 15:55:07.263278-0600: NOTICE: kAGDCCallbackCapability: 0x0 []
2025-12-30 15:55:08.026481-0600: NOTICE: Vendor portmap 0xe mst 0xc ddc 0xc aux 0xe
2025-12-30 15:55:08.026775-0600: NOTICE: Features policyd 0x20100000 kernel 0x0
2025-12-30 15:55:08.036745-0600: NOTICE: Populated addr 1.0 bad:f00d UUID 0 order 0:0 tx 2:2 dsp 1 WL 0 MS 0 edid 128 undef 0 DSC 0
2025-12-30 15:55:08.039831-0600: NOTICE: Populated addr 1.0 bad:f00d UUID 0 order 0:0 tx 2:2 dsp 1 WL 0 MS 0 edid 128 undef 0 DSC 0
2025-12-30 15:55:08.039885-0600: NOTICE: FB AGDC state FB[0] - ON
2025-12-30 15:55:08.045470-0600: NOTICE: accepted No_Media_Mode enter, Tue Dec 30 15:55:08 2025
2025-12-30 15:55:08.045537-0600: NOTICE: accepted No_Media_Mode exit, Tue Dec 30 15:55:08 2025
2025-12-30 15:55:08.045655-0600: NOTICE: doChange: addr 1.0 [7]
2025-12-30 15:55:08.046662-0600: NOTICE: doChange: addr 2.0 [7]
2025-12-30 15:55:08.053163-0600: NOTICE: doChange: addr 3.0 [7]
2025-12-30 15:55:08.056294-0600: NOTICE: doChange: addr 1.0 [7]
2025-12-30 15:55:08.056361-0600: NOTICE: doChange: addr 2.0 [7]
2025-12-30 15:55:08.059354-0600: NOTICE: doChange: addr 3.0 [7]
2025-12-30 16:19:06.047411-0600: PolicyEngine started: 7800020000000000, Time: Tue Dec 30 16:19:06 2025
2025-12-30 16:19:06.731777-0600: NOTICE: kAGDCCallbackCapability: 0x0 []
2025-12-30 16:19:07.447930-0600: NOTICE: Vendor portmap 0xe mst 0xc ddc 0xc aux 0xe
2025-12-30 16:19:07.474940-0600: NOTICE: Features policyd 0x20100000 kernel 0x0
2025-12-30 16:19:07.507264-0600: NOTICE: Populated addr 1.0 bad:f00d UUID 0 order 0:0 tx 2:2 dsp 1 WL 0 MS 0 edid 128 undef 0 DSC 0
2025-12-30 16:19:07.510652-0600: NOTICE: Populated addr 1.0 bad:f00d UUID 0 order 0:0 tx 2:2 dsp 1 WL 0 MS 0 edid 128 undef 0 DSC 0
2025-12-30 16:19:07.510705-0600: NOTICE: FB AGDC state FB[0] - ON
2025-12-30 16:19:07.512562-0600: NOTICE: accepted No_Media_Mode enter, Tue Dec 30 16:19:07 2025
2025-12-30 16:19:07.512623-0600: NOTICE: accepted No_Media_Mode exit, Tue Dec 30 16:19:07 2025
2025-12-30 16:19:07.512696-0600: NOTICE: doChange: addr 1.0 [7]
2025-12-30 16:19:07.512718-0600: NOTICE: doChange: addr 2.0 [7]
2025-12-30 16:19:07.516606-0600: NOTICE: doChange: addr 3.0 [7]
2025-12-30 16:19:07.525774-0600: NOTICE: doChange: addr 1.0 [7]
2025-12-30 16:19:07.525831-0600: NOTICE: doChange: addr 2.0 [7]
2025-12-30 16:19:07.528594-0600: NOTICE: doChange: addr 3.0 [7]
2025-12-30 16:19:07.920121-0600: PolicyEngine started: 7800020000000000, Time: Tue Dec 30 16:19:07 2025
2025-12-30 16:19:07.920415-0600: NOTICE: kAGDCCallbackCapability: 0x0 []
2025-12-30 16:19:07.921031-0600: NOTICE: Vendor portmap 0xe mst 0xc ddc 0xc aux 0xe
2025-12-30 16:19:07.921085-0600: NOTICE: Features policyd 0x20100000 kernel 0x0
2025-12-30 16:19:07.921258-0600: NOTICE: doing display state recovery
2025-12-30 16:19:07.921773-0600: NOTICE: FB AGDC state FB[0] - ON
2025-12-30 16:19:07.928233-0600: NOTICE: doChange: addr 1.0 [7]
2025-12-30 16:19:07.928344-0600: NOTICE: doChange: addr 2.0 [7]
2025-12-30 16:19:07.931019-0600: NOTICE: doChange: addr 3.0 [7]
2026-01-02 12:32:48.488578-0600: PolicyEngine started: 7800020000000000, Time: Fri Jan  2 12:32:48 2026
2026-01-02 12:32:49.153267-0600: NOTICE: kAGDCCallbackCapability: 0x0 []
2026-01-02 12:32:49.966889-0600: NOTICE: Vendor portmap 0xe mst 0xc ddc 0xc aux 0xe
2026-01-02 12:32:49.980647-0600: NOTICE: Features policyd 0x20100000 kernel 0x0
2026-01-02 12:32:50.002883-0600: NOTICE: Populated addr 1.0 bad:f00d UUID 0 order 0:0 tx 2:2 dsp 1 WL 0 MS 0 edid 128 undef 0 DSC 0
2026-01-02 12:32:50.008011-0600: NOTICE: Populated addr 1.0 bad:f00d UUID 0 order 0:0 tx 2:2 dsp 1 WL 0 MS 0 edid 128 undef 0 DSC 0
2026-01-02 12:32:50.008060-0600: NOTICE: FB AGDC state FB[0] - ON
2026-01-02 12:32:50.011354-0600: NOTICE: accepted No_Media_Mode enter, Fri Jan  2 12:32:50 2026
2026-01-02 12:32:50.011420-0600: NOTICE: accepted No_Media_Mode exit, Fri Jan  2 12:32:50 2026
2026-01-02 12:32:50.011738-0600: NOTICE: doChange: addr 1.0 [7]
2026-01-02 12:32:50.012267-0600: NOTICE: doChange: addr 2.0 [7]
2026-01-02 12:32:50.015251-0600: NOTICE: doChange: addr 3.0 [7]
2026-01-02 12:32:50.021947-0600: NOTICE: doChange: addr 1.0 [7]
2026-01-02 12:32:50.022003-0600: NOTICE: doChange: addr 2.0 [7]
2026-01-02 12:32:50.039337-0600: NOTICE: doChange: addr 3.0 [7]
2026-01-02 12:32:50.469188-0600: PolicyEngine started: 7800020000000000, Time: Fri Jan  2 12:32:50 2026
2026-01-02 12:32:50.469407-0600: NOTICE: kAGDCCallbackCapability: 0x0 []
2026-01-02 12:32:50.470023-0600: NOTICE: Vendor portmap 0xe mst 0xc ddc 0xc aux 0xe
2026-01-02 12:32:50.470068-0600: NOTICE: Features policyd 0x20100000 kernel 0x0
2026-01-02 12:32:50.470224-0600: NOTICE: doing display state recovery
2026-01-02 12:32:50.471113-0600: NOTICE: FB AGDC state FB[0] - ON
2026-01-02 12:32:50.473602-0600: NOTICE: doChange: addr 1.0 [7]
2026-01-02 12:32:50.473651-0600: NOTICE: doChange: addr 2.0 [7]
2026-01-02 12:32:50.476413-0600: NOTICE: doChange: addr 3.0 [7]
2026-01-02 12:50:36.790888-0600: NOTICE: accepted No_Media_Mode enter, Fri Jan  2 12:50:36 2026
2026-01-02 13:07:59.895886-0600: NOTICE: accepted No_Media_Mode exit, Fri Jan  2 13:07:59 2026
2026-01-02 13:08:00.060632-0600: NOTICE: doChange: addr 1.0 [7]
2026-01-02 13:08:00.060696-0600: NOTICE: doChange: addr 2.0 [7]
2026-01-02 13:08:00.065303-0600: NOTICE: doChange: addr 3.0 [7]
2026-01-02 14:06:21.763137-0600: PolicyEngine started: 7800020000000000, Time: Fri Jan  2 14:06:21 2026
2026-01-02 14:06:22.403103-0600: NOTICE: kAGDCCallbackCapability: 0x0 []
2026-01-02 14:06:23.229349-0600: NOTICE: Vendor portmap 0xe mst 0xc ddc 0xc aux 0xe
2026-01-02 14:06:23.229768-0600: NOTICE: Features policyd 0x20100000 kernel 0x0
2026-01-02 14:06:23.242435-0600: NOTICE: Populated addr 1.0 bad:f00d UUID 0 order 0:0 tx 2:2 dsp 1 WL 0 MS 0 edid 128 undef 0 DSC 0
2026-01-02 14:06:23.248800-0600: NOTICE: Populated addr 1.0 bad:f00d UUID 0 order 0:0 tx 2:2 dsp 1 WL 0 MS 0 edid 128 undef 0 DSC 0
2026-01-02 14:06:23.248858-0600: NOTICE: FB AGDC state FB[0] - ON
2026-01-02 14:06:23.251938-0600: NOTICE: accepted No_Media_Mode enter, Fri Jan  2 14:06:23 2026
2026-01-02 14:06:23.252036-0600: NOTICE: accepted No_Media_Mode exit, Fri Jan  2 14:06:23 2026
2026-01-02 14:06:23.252115-0600: NOTICE: doChange: addr 1.0 [7]
2026-01-02 14:06:23.252174-0600: NOTICE: doChange: addr 2.0 [7]
2026-01-02 14:06:23.257779-0600: NOTICE: doChange: addr 3.0 [7]
2026-01-02 14:06:23.263653-0600: NOTICE: doChange: addr 1.0 [7]
2026-01-02 14:06:23.263705-0600: NOTICE: doChange: addr 2.0 [7]
2026-01-02 14:06:23.266438-0600: NOTICE: doChange: addr 3.0 [7]
2026-01-02 14:19:33.157525-0600: PolicyEngine started: 7800020000000000, Time: Fri Jan  2 14:19:33 2026
2026-01-02 14:19:33.783392-0600: NOTICE: kAGDCCallbackCapability: 0x0 []
2026-01-02 14:19:34.526424-0600: NOTICE: Vendor portmap 0xe mst 0xc ddc 0xc aux 0xe
2026-01-02 14:19:34.527011-0600: NOTICE: Features policyd 0x20100000 kernel 0x0
2026-01-02 14:19:34.537330-0600: NOTICE: Populated addr 1.0 bad:f00d UUID 0 order 0:0 tx 2:2 dsp 1 WL 0 MS 0 edid 128 undef 0 DSC 0
2026-01-02 14:19:34.550180-0600: NOTICE: Populated addr 1.0 bad:f00d UUID 0 order 0:0 tx 2:2 dsp 1 WL 0 MS 0 edid 128 undef 0 DSC 0
2026-01-02 14:19:34.550225-0600: NOTICE: FB AGDC state FB[0] - ON
2026-01-02 14:19:34.553277-0600: NOTICE: accepted No_Media_Mode enter, Fri Jan  2 14:19:34 2026
2026-01-02 14:19:34.553335-0600: NOTICE: accepted No_Media_Mode exit, Fri Jan  2 14:19:34 2026
2026-01-02 14:19:34.553570-0600: NOTICE: doChange: addr 1.0 [7]
2026-01-02 14:19:34.553601-0600: NOTICE: doChange: addr 2.0 [7]
2026-01-02 14:19:34.557248-0600: NOTICE: doChange: addr 3.0 [7]
2026-01-02 14:19:34.563119-0600: NOTICE: doChange: addr 1.0 [7]
2026-01-02 14:19:34.563217-0600: NOTICE: doChange: addr 2.0 [7]
2026-01-02 14:19:34.567051-0600: NOTICE: doChange: addr 3.0 [7]
2026-01-05 13:29:35.298283-0600: PolicyEngine started: 7800020000000000, Time: Mon Jan  5 13:29:35 2026
2026-01-05 13:29:36.186190-0600: NOTICE: kAGDCCallbackCapability: 0x0 []
2026-01-05 13:29:36.739262-0600: NOTICE: Vendor portmap 0xe mst 0xc ddc 0xc aux 0xe
2026-01-05 13:29:36.740589-0600: NOTICE: Features policyd 0x20100000 kernel 0x0
2026-01-05 13:29:36.758988-0600: NOTICE: Populated addr 1.0 bad:f00d UUID 0 order 0:0 tx 2:2 dsp 1 WL 0 MS 0 edid 128 undef 0 DSC 0
2026-01-05 13:29:36.764540-0600: NOTICE: Populated addr 1.0 bad:f00d UUID 0 order 0:0 tx 2:2 dsp 1 WL 0 MS 0 edid 128 undef 0 DSC 0
2026-01-05 13:29:36.764594-0600: NOTICE: FB AGDC state FB[0] - ON
2026-01-05 13:29:36.768940-0600: NOTICE: accepted No_Media_Mode enter, Mon Jan  5 13:29:36 2026
2026-01-05 13:29:36.769331-0600: NOTICE: accepted No_Media_Mode exit, Mon Jan  5 13:29:36 2026
2026-01-05 13:29:36.769600-0600: NOTICE: doChange: addr 1.0 [7]
2026-01-05 13:29:36.769639-0600: NOTICE: doChange: addr 2.0 [7]
2026-01-05 13:29:36.772398-0600: NOTICE: doChange: addr 3.0 [7]
2026-01-05 13:29:36.783301-0600: NOTICE: doChange: addr 1.0 [7]
2026-01-05 13:29:36.783372-0600: NOTICE: doChange: addr 2.0 [7]
2026-01-05 13:29:36.787794-0600: NOTICE: doChange: addr 3.0 [7]
2026-01-05 13:31:35.023943-0600: NOTICE: accepted No_Media_Mode enter, Mon Jan  5 13:31:35 2026
2026-01-05 13:32:02.921970-0600: NOTICE: accepted No_Media_Mode exit, Mon Jan  5 13:32:02 2026
2026-01-05 13:32:03.087741-0600: NOTICE: doChange: addr 1.0 [7]
2026-01-05 13:32:03.087917-0600: NOTICE: doChange: addr 2.0 [7]
2026-01-05 13:32:03.090578-0600: NOTICE: doChange: addr 3.0 [7]
2026-01-05 13:43:55.051295-0600: NOTICE: accepted No_Media_Mode enter, Mon Jan  5 13:43:40 2026
2026-01-05 15:10:05.874564-0600: NOTICE: accepted No_Media_Mode exit, Mon Jan  5 15:10:05 2026
2026-01-05 15:10:05.897741-0600: NOTICE: doChange: addr 1.0 [7]
2026-01-05 15:10:05.898194-0600: NOTICE: doChange: addr 2.0 [7]
2026-01-05 15:10:05.900913-0600: NOTICE: doChange: addr 3.0 [7]
2026-01-05 15:33:54.970607-0600: NOTICE: accepted No_Media_Mode enter, Mon Jan  5 15:33:54 2026
2026-01-05 15:41:15.972655-0600: NOTICE: accepted No_Media_Mode exit, Mon Jan  5 15:41:15 2026
2026-01-05 15:41:16.005353-0600: NOTICE: doChange: addr 1.0 [7]
2026-01-05 15:41:16.005513-0600: NOTICE: doChange: addr 2.0 [7]
2026-01-05 15:41:16.008308-0600: NOTICE: doChange: addr 3.0 [7]
2026-01-08 14:49:02.699480-0600: PolicyEngine started: 7800020000000000, Time: Thu Jan  8 14:49:02 2026
2026-01-08 14:49:03.333936-0600: NOTICE: kAGDCCallbackCapability: 0x0 []
2026-01-08 14:49:04.040959-0600: NOTICE: Vendor portmap 0xe mst 0xc ddc 0xc aux 0xe
2026-01-08 14:49:04.041261-0600: NOTICE: Features policyd 0x20100000 kernel 0x0
2026-01-08 14:49:04.045375-0600: NOTICE: Populated addr 1.0 bad:f00d UUID 0 order 0:0 tx 2:2 dsp 1 WL 0 MS 0 edid 128 undef 0 DSC 0
2026-01-08 14:49:04.048600-0600: NOTICE: Populated addr 1.0 bad:f00d UUID 0 order 0:0 tx 2:2 dsp 1 WL 0 MS 0 edid 128 undef 0 DSC 0
2026-01-08 14:49:04.048651-0600: NOTICE: FB AGDC state FB[0] - ON
2026-01-08 14:49:04.110701-0600: NOTICE: accepted No_Media_Mode enter, Thu Jan  8 14:49:04 2026
2026-01-08 14:49:04.112834-0600: NOTICE: accepted No_Media_Mode exit, Thu Jan  8 14:49:04 2026
2026-01-08 14:49:04.116513-0600: NOTICE: doChange: addr 1.0 [7]
2026-01-08 14:49:04.141737-0600: NOTICE: doChange: addr 2.0 [7]
2026-01-08 14:49:04.145215-0600: NOTICE: doChange: addr 3.0 [7]
2026-01-08 14:49:04.149893-0600: NOTICE: doChange: addr 1.0 [7]
2026-01-08 14:49:04.149933-0600: NOTICE: doChange: addr 2.0 [7]
2026-01-08 14:49:04.161996-0600: NOTICE: doChange: addr 3.0 [7]
2026-01-08 14:49:04.601175-0600: PolicyEngine started: 7800020000000000, Time: Thu Jan  8 14:49:04 2026
2026-01-08 14:49:04.601383-0600: NOTICE: kAGDCCallbackCapability: 0x0 []
2026-01-08 14:49:04.601830-0600: NOTICE: Vendor portmap 0xe mst 0xc ddc 0xc aux 0xe
2026-01-08 14:49:04.601875-0600: NOTICE: Features policyd 0x20100000 kernel 0x0
2026-01-08 14:49:04.601976-0600: NOTICE: doing display state recovery
2026-01-08 14:49:04.602367-0600: NOTICE: FB AGDC state FB[0] - ON
2026-01-08 14:49:04.604187-0600: NOTICE: doChange: addr 1.0 [7]
2026-01-08 14:49:04.604228-0600: NOTICE: doChange: addr 2.0 [7]
2026-01-08 14:49:04.606816-0600: NOTICE: doChange: addr 3.0 [7]
2026-01-08 15:10:14.173921-0600: PolicyEngine started: 7800020000000000, Time: Thu Jan  8 15:10:14 2026
2026-01-08 15:10:14.835655-0600: NOTICE: kAGDCCallbackCapability: 0x0 []
2026-01-08 15:10:15.496259-0600: NOTICE: Vendor portmap 0xe mst 0xc ddc 0xc aux 0xe
2026-01-08 15:10:15.496550-0600: NOTICE: Features policyd 0x20100000 kernel 0x0
2026-01-08 15:10:15.500628-0600: NOTICE: Populated addr 1.0 bad:f00d UUID 0 order 0:0 tx 2:2 dsp 1 WL 0 MS 0 edid 128 undef 0 DSC 0
2026-01-08 15:10:15.503742-0600: NOTICE: Populated addr 1.0 bad:f00d UUID 0 order 0:0 tx 2:2 dsp 1 WL 0 MS 0 edid 128 undef 0 DSC 0
2026-01-08 15:10:15.503800-0600: NOTICE: FB AGDC state FB[0] - ON
2026-01-08 15:10:15.645850-0600: NOTICE: accepted No_Media_Mode enter, Thu Jan  8 15:10:15 2026
2026-01-08 15:10:15.646386-0600: NOTICE: accepted No_Media_Mode exit, Thu Jan  8 15:10:15 2026
2026-01-08 15:10:15.646473-0600: NOTICE: doChange: addr 1.0 [7]
2026-01-08 15:10:15.646543-0600: NOTICE: doChange: addr 2.0 [7]
2026-01-08 15:10:15.650017-0600: NOTICE: doChange: addr 3.0 [7]
2026-01-08 15:10:15.658537-0600: NOTICE: doChange: addr 1.0 [7]
2026-01-08 15:10:15.658602-0600: NOTICE: doChange: addr 2.0 [7]
2026-01-08 15:10:15.662521-0600: NOTICE: doChange: addr 3.0 [7]
2026-01-08 15:12:13.861110-0600: NOTICE: accepted No_Media_Mode enter, Thu Jan  8 15:12:14 2026
2026-01-08 15:12:43.496340-0600: NOTICE: accepted No_Media_Mode exit, Thu Jan  8 15:12:43 2026
2026-01-08 15:12:43.508649-0600: NOTICE: doChange: addr 1.0 [7]
2026-01-08 15:12:43.508715-0600: NOTICE: doChange: addr 2.0 [7]
2026-01-08 15:12:43.511338-0600: NOTICE: doChange: addr 3.0 [7]
2026-01-09 11:00:18.981996-0600: PolicyEngine started: 7800020000000000, Time: Fri Jan  9 11:00:18 2026
2026-01-09 11:00:19.925134-0600: NOTICE: kAGDCCallbackCapability: 0x0 []
2026-01-09 11:00:20.266626-0600: NOTICE: Vendor portmap 0xe mst 0xc ddc 0xc aux 0xe
2026-01-09 11:00:20.267178-0600: NOTICE: Features policyd 0x20100000 kernel 0x0
2026-01-09 11:00:20.413513-0600: NOTICE: Populated addr 1.0 bad:f00d UUID 0 order 0:0 tx 2:2 dsp 1 WL 0 MS 0 edid 128 undef 0 DSC 0
2026-01-09 11:00:20.429752-0600: NOTICE: Populated addr 1.0 bad:f00d UUID 0 order 0:0 tx 2:2 dsp 1 WL 0 MS 0 edid 128 undef 0 DSC 0
2026-01-09 11:00:20.429822-0600: NOTICE: FB AGDC state FB[0] - ON
2026-01-09 11:00:20.435532-0600: NOTICE: accepted No_Media_Mode enter, Fri Jan  9 11:00:20 2026
2026-01-09 11:00:20.435600-0600: NOTICE: accepted No_Media_Mode exit, Fri Jan  9 11:00:20 2026
2026-01-09 11:00:20.435737-0600: NOTICE: doChange: addr 1.0 [7]
2026-01-09 11:00:20.435772-0600: NOTICE: doChange: addr 2.0 [7]
2026-01-09 11:00:20.438945-0600: NOTICE: doChange: addr 3.0 [7]
2026-01-09 11:00:20.447927-0600: NOTICE: doChange: addr 1.0 [7]
2026-01-09 11:00:20.449513-0600: NOTICE: doChange: addr 2.0 [7]
2026-01-09 11:00:20.452423-0600: NOTICE: doChange: addr 3.0 [7]
2026-01-09 11:00:20.801397-0600: PolicyEngine started: 7800020000000000, Time: Fri Jan  9 11:00:20 2026
2026-01-09 11:00:20.801610-0600: NOTICE: kAGDCCallbackCapability: 0x0 []
2026-01-09 11:00:20.802158-0600: NOTICE: Vendor portmap 0xe mst 0xc ddc 0xc aux 0xe
2026-01-09 11:00:20.802194-0600: NOTICE: Features policyd 0x20100000 kernel 0x0
2026-01-09 11:00:20.802323-0600: NOTICE: doing display state recovery
2026-01-09 11:00:20.802788-0600: NOTICE: FB AGDC state FB[0] - ON
2026-01-09 11:00:20.804586-0600: NOTICE: doChange: addr 1.0 [7]
2026-01-09 11:00:20.804631-0600: NOTICE: doChange: addr 2.0 [7]
2026-01-09 11:00:20.807213-0600: NOTICE: doChange: addr 3.0 [7]
2026-01-09 11:40:05.437395-0600: NOTICE: accepted No_Media_Mode enter, Fri Jan  9 11:40:05 2026
2026-01-09 11:45:21.974434-0600: NOTICE: accepted No_Media_Mode exit, Fri Jan  9 11:45:21 2026
2026-01-09 11:45:21.985007-0600: NOTICE: doChange: addr 1.0 [7]
2026-01-09 11:45:21.985073-0600: NOTICE: doChange: addr 2.0 [7]
2026-01-09 11:45:21.987857-0600: NOTICE: doChange: addr 3.0 [7]
2026-01-09 12:40:32.358704-0600: NOTICE: accepted No_Media_Mode enter, Fri Jan  9 12:40:32 2026
2026-01-09 13:13:54.859734-0600: NOTICE: accepted No_Media_Mode exit, Fri Jan  9 13:13:54 2026
2026-01-09 13:13:54.876843-0600: NOTICE: doChange: addr 1.0 [7]
2026-01-09 13:13:54.876904-0600: NOTICE: doChange: addr 2.0 [7]
2026-01-09 13:13:54.880367-0600: NOTICE: doChange: addr 3.0 [7]
2026-01-09 14:48:16.219969-0600: PolicyEngine started: 7800020000000000, Time: Fri Jan  9 14:48:16 2026
2026-01-09 14:48:16.847479-0600: NOTICE: kAGDCCallbackCapability: 0x0 []
2026-01-09 14:48:17.674659-0600: NOTICE: Vendor portmap 0xe mst 0xc ddc 0xc aux 0xe
2026-01-09 14:48:17.692089-0600: NOTICE: Features policyd 0x20100000 kernel 0x0
2026-01-09 14:48:17.704203-0600: NOTICE: Populated addr 1.0 bad:f00d UUID 0 order 0:0 tx 2:2 dsp 1 WL 0 MS 0 edid 128 undef 0 DSC 0
2026-01-09 14:48:17.707694-0600: NOTICE: Populated addr 1.0 bad:f00d UUID 0 order 0:0 tx 2:2 dsp 1 WL 0 MS 0 edid 128 undef 0 DSC 0
2026-01-09 14:48:17.707930-0600: NOTICE: FB AGDC state FB[0] - ON
2026-01-09 14:48:17.714294-0600: NOTICE: accepted No_Media_Mode enter, Fri Jan  9 14:48:17 2026
2026-01-09 14:48:17.714371-0600: NOTICE: accepted No_Media_Mode exit, Fri Jan  9 14:48:17 2026
2026-01-09 14:48:17.714478-0600: NOTICE: doChange: addr 1.0 [7]
2026-01-09 14:48:17.714506-0600: NOTICE: doChange: addr 2.0 [7]
2026-01-09 14:48:17.718705-0600: NOTICE: doChange: addr 3.0 [7]
2026-01-09 14:48:17.724936-0600: NOTICE: doChange: addr 1.0 [7]
2026-01-09 14:48:17.724978-0600: NOTICE: doChange: addr 2.0 [7]
2026-01-09 14:48:17.728311-0600: NOTICE: doChange: addr 3.0 [7]
2026-01-12 12:43:04.533226-0600: PolicyEngine started: 7800020000000000, Time: Mon Jan 12 12:43:04 2026
2026-01-12 12:43:05.213642-0600: NOTICE: kAGDCCallbackCapability: 0x0 []
2026-01-12 12:43:06.002524-0600: NOTICE: Vendor portmap 0xe mst 0xc ddc 0xc aux 0xe
2026-01-12 12:43:06.003061-0600: NOTICE: Features policyd 0x20100000 kernel 0x0
2026-01-12 12:43:06.008680-0600: NOTICE: Populated addr 1.0 bad:f00d UUID 0 order 0:0 tx 2:2 dsp 1 WL 0 MS 0 edid 128 undef 0 DSC 0
2026-01-12 12:43:06.011877-0600: NOTICE: Populated addr 1.0 bad:f00d UUID 0 order 0:0 tx 2:2 dsp 1 WL 0 MS 0 edid 128 undef 0 DSC 0
2026-01-12 12:43:06.011928-0600: NOTICE: FB AGDC state FB[0] - ON
2026-01-12 12:43:06.014339-0600: NOTICE: accepted No_Media_Mode enter, Mon Jan 12 12:43:06 2026
2026-01-12 12:43:06.014398-0600: NOTICE: accepted No_Media_Mode exit, Mon Jan 12 12:43:06 2026
2026-01-12 12:43:06.014468-0600: NOTICE: doChange: addr 1.0 [7]
2026-01-12 12:43:06.014496-0600: NOTICE: doChange: addr 2.0 [7]
2026-01-12 12:43:06.017332-0600: NOTICE: doChange: addr 3.0 [7]
2026-01-12 12:43:06.024968-0600: NOTICE: doChange: addr 1.0 [7]
2026-01-12 12:43:06.025021-0600: NOTICE: doChange: addr 2.0 [7]
2026-01-12 12:43:06.028251-0600: NOTICE: doChange: addr 3.0 [7]
2026-01-12 14:26:49.048115-0600: PolicyEngine started: 7800020000000000, Time: Mon Jan 12 14:26:49 2026
2026-01-12 14:26:49.739105-0600: NOTICE: kAGDCCallbackCapability: 0x0 []
2026-01-12 14:26:50.477108-0600: NOTICE: Vendor portmap 0xe mst 0xc ddc 0xc aux 0xe
2026-01-12 14:26:50.528517-0600: NOTICE: Features policyd 0x20100000 kernel 0x0
2026-01-12 14:26:50.532884-0600: NOTICE: Populated addr 1.0 bad:f00d UUID 0 order 0:0 tx 2:2 dsp 1 WL 0 MS 0 edid 128 undef 0 DSC 0
2026-01-12 14:26:50.536740-0600: NOTICE: Populated addr 1.0 bad:f00d UUID 0 order 0:0 tx 2:2 dsp 1 WL 0 MS 0 edid 128 undef 0 DSC 0
2026-01-12 14:26:50.536905-0600: NOTICE: FB AGDC state FB[0] - ON
2026-01-12 14:26:50.545519-0600: NOTICE: accepted No_Media_Mode enter, Mon Jan 12 14:26:50 2026
2026-01-12 14:26:50.545777-0600: NOTICE: accepted No_Media_Mode exit, Mon Jan 12 14:26:50 2026
2026-01-12 14:26:50.545866-0600: NOTICE: doChange: addr 1.0 [7]
2026-01-12 14:26:50.545900-0600: NOTICE: doChange: addr 2.0 [7]
2026-01-12 14:26:50.548600-0600: NOTICE: doChange: addr 3.0 [7]
2026-01-12 14:26:50.555721-0600: NOTICE: doChange: addr 1.0 [7]
2026-01-12 14:26:50.555764-0600: NOTICE: doChange: addr 2.0 [7]
2026-01-12 14:26:50.558974-0600: NOTICE: doChange: addr 3.0 [7]
2026-01-12 15:14:06.012590-0600: PolicyEngine started: 7800020000000000, Time: Mon Jan 12 15:14:06 2026
2026-01-12 15:14:06.714456-0600: NOTICE: kAGDCCallbackCapability: 0x0 []
2026-01-12 15:14:07.403265-0600: NOTICE: Vendor portmap 0xe mst 0xc ddc 0xc aux 0xe
2026-01-12 15:14:07.419263-0600: NOTICE: Features policyd 0x20100000 kernel 0x0
2026-01-12 15:14:07.444443-0600: NOTICE: Populated addr 1.0 bad:f00d UUID 0 order 0:0 tx 2:2 dsp 1 WL 0 MS 0 edid 128 undef 0 DSC 0
2026-01-12 15:14:07.447670-0600: NOTICE: Populated addr 1.0 bad:f00d UUID 0 order 0:0 tx 2:2 dsp 1 WL 0 MS 0 edid 128 undef 0 DSC 0
2026-01-12 15:14:07.447729-0600: NOTICE: FB AGDC state FB[0] - ON
2026-01-12 15:14:07.450700-0600: NOTICE: accepted No_Media_Mode enter, Mon Jan 12 15:14:07 2026
2026-01-12 15:14:07.450870-0600: NOTICE: accepted No_Media_Mode exit, Mon Jan 12 15:14:07 2026
2026-01-12 15:14:07.450988-0600: NOTICE: doChange: addr 1.0 [7]
2026-01-12 15:14:07.451196-0600: NOTICE: doChange: addr 2.0 [7]
2026-01-12 15:14:07.461583-0600: NOTICE: doChange: addr 3.0 [7]
2026-01-12 15:14:07.465403-0600: NOTICE: doChange: addr 1.0 [7]
2026-01-12 15:14:07.465741-0600: NOTICE: doChange: addr 2.0 [7]
2026-01-12 15:14:07.468953-0600: NOTICE: doChange: addr 3.0 [7]
2026-01-12 15:23:30.760786-0600: NOTICE: accepted No_Media_Mode enter, Mon Jan 12 15:23:31 2026
2026-01-12 15:28:38.913159-0600: NOTICE: accepted No_Media_Mode exit, Mon Jan 12 15:28:39 2026
2026-01-12 15:28:38.949548-0600: NOTICE: doChange: addr 1.0 [7]
2026-01-12 15:28:38.949604-0600: NOTICE: doChange: addr 2.0 [7]
2026-01-12 15:28:38.955648-0600: NOTICE: doChange: addr 3.0 [7]
2026-01-13 15:09:47.678814-0600: PolicyEngine started: 7800020000000000, Time: Tue Jan 13 15:09:47 2026
2026-01-13 15:09:48.305855-0600: NOTICE: kAGDCCallbackCapability: 0x0 []
2026-01-13 15:09:49.095705-0600: NOTICE: Vendor portmap 0xe mst 0xc ddc 0xc aux 0xe
2026-01-13 15:09:49.096035-0600: NOTICE: Features policyd 0x20100000 kernel 0x0
2026-01-13 15:09:49.147458-0600: NOTICE: Populated addr 1.0 bad:f00d UUID 0 order 0:0 tx 2:2 dsp 1 WL 0 MS 0 edid 128 undef 0 DSC 0
2026-01-13 15:09:49.153719-0600: NOTICE: Populated addr 1.0 bad:f00d UUID 0 order 0:0 tx 2:2 dsp 1 WL 0 MS 0 edid 128 undef 0 DSC 0
2026-01-13 15:09:49.154232-0600: NOTICE: FB AGDC state FB[0] - ON
2026-01-13 15:09:49.163726-0600: NOTICE: accepted No_Media_Mode enter, Tue Jan 13 15:09:49 2026
2026-01-13 15:09:49.163783-0600: NOTICE: accepted No_Media_Mode exit, Tue Jan 13 15:09:49 2026
2026-01-13 15:09:49.164378-0600: NOTICE: doChange: addr 1.0 [7]
2026-01-13 15:09:49.164525-0600: NOTICE: doChange: addr 2.0 [7]
2026-01-13 15:09:49.168068-0600: NOTICE: doChange: addr 3.0 [7]
2026-01-13 15:09:49.176575-0600: NOTICE: doChange: addr 1.0 [7]
2026-01-13 15:09:49.176628-0600: NOTICE: doChange: addr 2.0 [7]
2026-01-13 15:09:49.192922-0600: NOTICE: doChange: addr 3.0 [7]
2026-01-13 15:09:49.721757-0600: PolicyEngine started: 7800020000000000, Time: Tue Jan 13 15:09:49 2026
2026-01-13 15:09:49.721996-0600: NOTICE: kAGDCCallbackCapability: 0x0 []
2026-01-13 15:09:49.722555-0600: NOTICE: Vendor portmap 0xe mst 0xc ddc 0xc aux 0xe
2026-01-13 15:09:49.722603-0600: NOTICE: Features policyd 0x20100000 kernel 0x0
2026-01-13 15:09:49.722814-0600: NOTICE: doing display state recovery
2026-01-13 15:09:49.723367-0600: NOTICE: FB AGDC state FB[0] - ON
2026-01-13 15:09:49.725428-0600: NOTICE: doChange: addr 1.0 [7]
2026-01-13 15:09:49.725464-0600: NOTICE: doChange: addr 2.0 [7]
2026-01-13 15:09:49.728003-0600: NOTICE: doChange: addr 3.0 [7]
2026-01-13 15:10:00.088083-0600: PolicyEngine started: 7800020000000000, Time: Tue Jan 13 15:10:00 2026
2026-01-13 15:10:00.088240-0600: NOTICE: kAGDCCallbackCapability: 0x0 []
2026-01-13 15:10:00.088579-0600: NOTICE: Vendor portmap 0xe mst 0xc ddc 0xc aux 0xe
2026-01-13 15:10:00.088603-0600: NOTICE: Features policyd 0x20100000 kernel 0x0
2026-01-13 15:10:00.088715-0600: NOTICE: doing display state recovery
2026-01-13 15:10:00.089041-0600: NOTICE: FB AGDC state FB[0] - ON
2026-01-13 15:10:00.090474-0600: NOTICE: doChange: addr 1.0 [7]
2026-01-13 15:10:00.090499-0600: NOTICE: doChange: addr 2.0 [7]
2026-01-13 15:10:00.093577-0600: NOTICE: doChange: addr 3.0 [7]
2026-01-13 16:04:18.272257-0600: PolicyEngine started: 7800020000000000, Time: Tue Jan 13 16:04:18 2026
2026-01-13 16:04:18.907643-0600: NOTICE: kAGDCCallbackCapability: 0x0 []
2026-01-13 16:04:19.685795-0600: NOTICE: Vendor portmap 0xe mst 0xc ddc 0xc aux 0xe
2026-01-13 16:04:19.720242-0600: NOTICE: Features policyd 0x20100000 kernel 0x0
2026-01-13 16:04:19.729467-0600: NOTICE: Populated addr 1.0 bad:f00d UUID 0 order 0:0 tx 2:2 dsp 1 WL 0 MS 0 edid 128 undef 0 DSC 0
2026-01-13 16:04:19.737984-0600: NOTICE: Populated addr 1.0 bad:f00d UUID 0 order 0:0 tx 2:2 dsp 1 WL 0 MS 0 edid 128 undef 0 DSC 0
2026-01-13 16:04:19.738468-0600: NOTICE: FB AGDC state FB[0] - ON
2026-01-13 16:04:19.742751-0600: NOTICE: accepted No_Media_Mode enter, Tue Jan 13 16:04:19 2026
2026-01-13 16:04:19.742875-0600: NOTICE: accepted No_Media_Mode exit, Tue Jan 13 16:04:19 2026
2026-01-13 16:04:19.743118-0600: NOTICE: doChange: addr 1.0 [7]
2026-01-13 16:04:19.743156-0600: NOTICE: doChange: addr 2.0 [7]
2026-01-13 16:04:19.752316-0600: NOTICE: doChange: addr 3.0 [7]
2026-01-13 16:04:19.755230-0600: NOTICE: doChange: addr 1.0 [7]
2026-01-13 16:04:19.755313-0600: NOTICE: doChange: addr 2.0 [7]
2026-01-13 16:04:19.758733-0600: NOTICE: doChange: addr 3.0 [7]
2026-01-13 16:15:51.593082-0600: NOTICE: accepted No_Media_Mode enter, Tue Jan 13 16:15:52 2026
2026-01-13 16:17:38.833888-0600: NOTICE: accepted No_Media_Mode exit, Tue Jan 13 16:17:39 2026
2026-01-13 16:17:38.946360-0600: NOTICE: doChange: addr 1.0 [7]
2026-01-13 16:17:38.946408-0600: NOTICE: doChange: addr 2.0 [7]
2026-01-13 16:17:38.950392-0600: NOTICE: doChange: addr 3.0 [7]
2026-01-15 15:49:37.558854-0600: PolicyEngine started: 7800020000000000, Time: Thu Jan 15 15:49:37 2026
2026-01-15 15:49:38.199670-0600: NOTICE: kAGDCCallbackCapability: 0x0 []
2026-01-15 15:49:39.041918-0600: NOTICE: Vendor portmap 0xe mst 0xc ddc 0xc aux 0xe
2026-01-15 15:49:39.043094-0600: NOTICE: Features policyd 0x20100000 kernel 0x0
2026-01-15 15:49:39.065485-0600: NOTICE: Populated addr 1.0 bad:f00d UUID 0 order 0:0 tx 2:2 dsp 1 WL 0 MS 0 edid 128 undef 0 DSC 0
2026-01-15 15:49:39.083509-0600: NOTICE: Populated addr 1.0 bad:f00d UUID 0 order 0:0 tx 2:2 dsp 1 WL 0 MS 0 edid 128 undef 0 DSC 0
2026-01-15 15:49:39.083563-0600: NOTICE: FB AGDC state FB[0] - ON
2026-01-15 15:49:39.088658-0600: NOTICE: accepted No_Media_Mode enter, Thu Jan 15 15:49:39 2026
2026-01-15 15:49:39.088722-0600: NOTICE: accepted No_Media_Mode exit, Thu Jan 15 15:49:39 2026
2026-01-15 15:49:39.089847-0600: NOTICE: doChange: addr 1.0 [7]
2026-01-15 15:49:39.089890-0600: NOTICE: doChange: addr 2.0 [7]
2026-01-15 15:49:39.092798-0600: NOTICE: doChange: addr 3.0 [7]
2026-01-15 15:49:39.098388-0600: NOTICE: doChange: addr 1.0 [7]
2026-01-15 15:49:39.098586-0600: NOTICE: doChange: addr 2.0 [7]
2026-01-15 15:49:39.102681-0600: NOTICE: doChange: addr 3.0 [7]
2026-01-15 16:18:12.170359-0600: NOTICE: accepted No_Media_Mode enter, Thu Jan 15 16:18:12 2026
2026-01-15 16:23:16.929964-0600: NOTICE: accepted No_Media_Mode exit, Thu Jan 15 16:23:16 2026
2026-01-15 16:23:17.017047-0600: NOTICE: doChange: addr 1.0 [7]
2026-01-15 16:23:17.031446-0600: NOTICE: doChange: addr 2.0 [7]
2026-01-15 16:23:17.037920-0600: NOTICE: doChange: addr 3.0 [7]
2026-01-16 10:38:20.832682-0600: PolicyEngine started: 7800020000000000, Time: Fri Jan 16 10:38:20 2026
2026-01-16 10:38:21.487998-0600: NOTICE: kAGDCCallbackCapability: 0x0 []
2026-01-16 10:38:22.264939-0600: NOTICE: Vendor portmap 0xe mst 0xc ddc 0xc aux 0xe
2026-01-16 10:38:22.272891-0600: NOTICE: Features policyd 0x20100000 kernel 0x0
2026-01-16 10:38:22.285900-0600: NOTICE: Populated addr 1.0 bad:f00d UUID 0 order 0:0 tx 2:2 dsp 1 WL 0 MS 0 edid 128 undef 0 DSC 0
2026-01-16 10:38:22.297986-0600: NOTICE: Populated addr 1.0 bad:f00d UUID 0 order 0:0 tx 2:2 dsp 1 WL 0 MS 0 edid 128 undef 0 DSC 0
2026-01-16 10:38:22.298037-0600: NOTICE: FB AGDC state FB[0] - ON
2026-01-16 10:38:22.303911-0600: NOTICE: accepted No_Media_Mode enter, Fri Jan 16 10:38:22 2026
2026-01-16 10:38:22.304420-0600: NOTICE: accepted No_Media_Mode exit, Fri Jan 16 10:38:22 2026
2026-01-16 10:38:22.304516-0600: NOTICE: doChange: addr 1.0 [7]
2026-01-16 10:38:22.304543-0600: NOTICE: doChange: addr 2.0 [7]
2026-01-16 10:38:22.308776-0600: NOTICE: doChange: addr 3.0 [7]
2026-01-16 10:38:22.315640-0600: NOTICE: doChange: addr 1.0 [7]
2026-01-16 10:38:22.321544-0600: NOTICE: doChange: addr 2.0 [7]
2026-01-16 10:38:22.338287-0600: NOTICE: doChange: addr 3.0 [7]
2026-01-16 10:55:26.827984-0600: NOTICE: accepted No_Media_Mode enter, Fri Jan 16 10:55:26 2026
2026-01-16 11:02:22.885034-0600: NOTICE: accepted No_Media_Mode exit, Fri Jan 16 11:02:22 2026
2026-01-16 11:02:23.039635-0600: NOTICE: doChange: addr 1.0 [7]
2026-01-16 11:02:23.039736-0600: NOTICE: doChange: addr 2.0 [7]
2026-01-16 11:02:23.042540-0600: NOTICE: doChange: addr 3.0 [7]
2026-01-16 11:43:05.340702-0600: NOTICE: accepted No_Media_Mode enter, Fri Jan 16 11:43:05 2026
2026-01-16 11:49:15.055282-0600: NOTICE: accepted No_Media_Mode exit, Fri Jan 16 11:49:15 2026
2026-01-16 11:49:15.186221-0600: NOTICE: doChange: addr 1.0 [7]
2026-01-16 11:49:15.186309-0600: NOTICE: doChange: addr 2.0 [7]
2026-01-16 11:49:15.189222-0600: NOTICE: doChange: addr 3.0 [7]
2026-01-16 12:56:37.749697-0600: NOTICE: accepted No_Media_Mode enter, Fri Jan 16 12:56:37 2026
2026-01-16 13:03:00.023959-0600: NOTICE: accepted No_Media_Mode exit, Fri Jan 16 13:03:00 2026
2026-01-16 13:03:00.036985-0600: NOTICE: doChange: addr 1.0 [7]
2026-01-16 13:03:00.037061-0600: NOTICE: doChange: addr 2.0 [7]
2026-01-16 13:03:00.039964-0600: NOTICE: doChange: addr 3.0 [7]
2026-01-16 13:42:32.433732-0600: NOTICE: accepted No_Media_Mode enter, Fri Jan 16 13:42:32 2026
2026-01-16 13:44:40.944949-0600: NOTICE: accepted No_Media_Mode exit, Fri Jan 16 13:44:40 2026
2026-01-16 13:44:40.954823-0600: NOTICE: doChange: addr 1.0 [7]
2026-01-16 13:44:40.954870-0600: NOTICE: doChange: addr 2.0 [7]
2026-01-16 13:44:40.957481-0600: NOTICE: doChange: addr 3.0 [7]
2026-01-16 13:45:12.756966-0600: NOTICE: accepted No_Media_Mode enter, Fri Jan 16 13:45:13 2026
2026-01-16 13:58:57.883708-0600: NOTICE: accepted No_Media_Mode exit, Fri Jan 16 13:58:57 2026
2026-01-16 13:58:57.928424-0600: NOTICE: doChange: addr 1.0 [7]
2026-01-16 13:58:57.928488-0600: NOTICE: doChange: addr 2.0 [7]
2026-01-16 13:58:57.934765-0600: NOTICE: doChange: addr 3.0 [7]
2026-01-17 12:05:24.854983-0600: PolicyEngine started: 7800020000000000, Time: Sat Jan 17 12:05:24 2026
2026-01-17 12:05:25.490422-0600: NOTICE: kAGDCCallbackCapability: 0x0 []
2026-01-17 12:05:26.288385-0600: NOTICE: Vendor portmap 0xe mst 0xc ddc 0xc aux 0xe
2026-01-17 12:05:26.288689-0600: NOTICE: Features policyd 0x20100000 kernel 0x0
2026-01-17 12:05:26.307777-0600: NOTICE: Populated addr 1.0 bad:f00d UUID 0 order 0:0 tx 2:2 dsp 1 WL 0 MS 0 edid 128 undef 0 DSC 0
2026-01-17 12:05:26.333677-0600: NOTICE: Populated addr 1.0 bad:f00d UUID 0 order 0:0 tx 2:2 dsp 1 WL 0 MS 0 edid 128 undef 0 DSC 0
2026-01-17 12:05:26.333732-0600: NOTICE: FB AGDC state FB[0] - ON
2026-01-17 12:05:26.335912-0600: NOTICE: accepted No_Media_Mode enter, Sat Jan 17 12:05:26 2026
2026-01-17 12:05:26.336163-0600: NOTICE: accepted No_Media_Mode exit, Sat Jan 17 12:05:26 2026
2026-01-17 12:05:26.336695-0600: NOTICE: doChange: addr 1.0 [7]
2026-01-17 12:05:26.336731-0600: NOTICE: doChange: addr 2.0 [7]
2026-01-17 12:05:26.339683-0600: NOTICE: doChange: addr 3.0 [7]
2026-01-17 12:05:26.346284-0600: NOTICE: doChange: addr 1.0 [7]
2026-01-17 12:05:26.346340-0600: NOTICE: doChange: addr 2.0 [7]
2026-01-17 12:05:26.350684-0600: NOTICE: doChange: addr 3.0 [7]
2026-01-17 12:05:26.792057-0600: PolicyEngine started: 7800020000000000, Time: Sat Jan 17 12:05:26 2026
2026-01-17 12:05:26.792292-0600: NOTICE: kAGDCCallbackCapability: 0x0 []
2026-01-17 12:05:26.792895-0600: NOTICE: Vendor portmap 0xe mst 0xc ddc 0xc aux 0xe
2026-01-17 12:05:26.792955-0600: NOTICE: Features policyd 0x20100000 kernel 0x0
2026-01-17 12:05:26.793198-0600: NOTICE: doing display state recovery
2026-01-17 12:05:26.793801-0600: NOTICE: FB AGDC state FB[0] - ON
2026-01-17 12:05:26.801013-0600: NOTICE: doChange: addr 1.0 [7]
2026-01-17 12:05:26.801156-0600: NOTICE: doChange: addr 2.0 [7]
2026-01-17 12:05:26.803920-0600: NOTICE: doChange: addr 3.0 [7]
2026-01-17 12:37:35.438372-0600: NOTICE: accepted No_Media_Mode enter, Sat Jan 17 12:37:35 2026
2026-01-17 12:40:07.944960-0600: NOTICE: accepted No_Media_Mode exit, Sat Jan 17 12:40:07 2026
2026-01-17 12:40:07.979069-0600: NOTICE: doChange: addr 1.0 [7]
2026-01-17 12:40:07.979119-0600: NOTICE: doChange: addr 2.0 [7]
2026-01-17 12:40:07.982648-0600: NOTICE: doChange: addr 3.0 [7]
2026-01-17 12:48:45.681390-0600: NOTICE: accepted No_Media_Mode enter, Sat Jan 17 12:48:47 2026
2026-01-17 12:56:05.912955-0600: NOTICE: accepted No_Media_Mode exit, Sat Jan 17 12:56:05 2026
2026-01-17 12:56:05.990153-0600: NOTICE: doChange: addr 1.0 [7]
2026-01-17 12:56:05.996032-0600: NOTICE: doChange: addr 2.0 [7]
2026-01-17 12:56:05.998836-0600: NOTICE: doChange: addr 3.0 [7]
2026-01-17 13:18:05.894999-0600: NOTICE: accepted No_Media_Mode enter, Sat Jan 17 13:18:05 2026
2026-01-17 13:18:08.687032-0600: NOTICE: accepted No_Media_Mode exit, Sat Jan 17 13:18:08 2026
2026-01-17 13:18:09.008165-0600: NOTICE: doChange: addr 1.0 [7]
2026-01-17 13:18:09.008325-0600: NOTICE: doChange: addr 2.0 [7]
2026-01-17 13:18:09.011287-0600: NOTICE: doChange: addr 3.0 [7]
2026-01-17 13:18:18.715019-0600: NOTICE: accepted No_Media_Mode enter, Sat Jan 17 13:18:18 2026
2026-01-17 13:20:44.831541-0600: NOTICE: accepted No_Media_Mode exit, Sat Jan 17 13:20:44 2026
2026-01-17 13:20:44.843937-0600: NOTICE: doChange: addr 1.0 [7]
2026-01-17 13:20:44.844001-0600: NOTICE: doChange: addr 2.0 [7]
2026-01-17 13:20:44.846661-0600: NOTICE: doChange: addr 3.0 [7]
2026-01-17 13:22:09.618685-0600: NOTICE: accepted No_Media_Mode enter, Sat Jan 17 13:22:09 2026
2026-01-17 13:34:04.892481-0600: NOTICE: accepted No_Media_Mode exit, Sat Jan 17 13:34:04 2026
2026-01-17 13:34:04.950118-0600: NOTICE: doChange: addr 1.0 [7]
2026-01-17 13:34:04.950211-0600: NOTICE: doChange: addr 2.0 [7]
2026-01-17 13:34:04.956973-0600: NOTICE: doChange: addr 3.0 [7]
2026-01-17 14:32:15.863877-0600: NOTICE: accepted No_Media_Mode enter, Sat Jan 17 14:32:15 2026
2026-01-17 14:45:41.872574-0600: NOTICE: accepted No_Media_Mode exit, Sat Jan 17 14:45:41 2026
2026-01-17 14:45:41.910772-0600: NOTICE: doChange: addr 1.0 [7]
2026-01-17 14:45:41.910903-0600: NOTICE: doChange: addr 2.0 [7]
2026-01-17 14:45:41.913677-0600: NOTICE: doChange: addr 3.0 [7]
2026-01-17 14:51:12.703462-0600: NOTICE: accepted No_Media_Mode enter, Sat Jan 17 14:51:12 2026
2026-01-17 14:59:49.915713-0600: NOTICE: accepted No_Media_Mode exit, Sat Jan 17 14:59:49 2026
2026-01-17 14:59:49.934124-0600: NOTICE: doChange: addr 1.0 [7]
2026-01-17 14:59:49.934179-0600: NOTICE: doChange: addr 2.0 [7]
2026-01-17 14:59:49.936853-0600: NOTICE: doChange: addr 3.0 [7]
2026-01-17 15:02:58.095515-0600: NOTICE: accepted No_Media_Mode enter, Sat Jan 17 15:02:58 2026
2026-01-17 15:12:20.948854-0600: NOTICE: accepted No_Media_Mode exit, Sat Jan 17 15:12:20 2026
2026-01-17 15:12:20.992784-0600: NOTICE: doChange: addr 1.0 [7]
2026-01-17 15:12:20.992932-0600: NOTICE: doChange: addr 2.0 [7]
2026-01-17 15:12:20.996174-0600: NOTICE: doChange: addr 3.0 [7]
2026-01-17 15:16:33.035658-0600: NOTICE: accepted No_Media_Mode enter, Sat Jan 17 15:16:33 2026
2026-01-17 15:32:11.940203-0600: NOTICE: accepted No_Media_Mode exit, Sat Jan 17 15:32:11 2026
2026-01-17 15:32:11.949900-0600: NOTICE: doChange: addr 1.0 [7]
2026-01-17 15:32:11.949951-0600: NOTICE: doChange: addr 2.0 [7]
2026-01-17 15:32:11.952640-0600: NOTICE: doChange: addr 3.0 [7]
2026-01-17 15:38:37.378758-0600: NOTICE: accepted No_Media_Mode enter, Sat Jan 17 15:38:37 2026
2026-01-17 15:42:51.888983-0600: NOTICE: accepted No_Media_Mode exit, Sat Jan 17 15:42:51 2026
2026-01-17 15:42:51.899910-0600: NOTICE: doChange: addr 1.0 [7]
2026-01-17 15:42:51.899957-0600: NOTICE: doChange: addr 2.0 [7]
2026-01-17 15:42:51.902628-0600: NOTICE: doChange: addr 3.0 [7]
2026-01-17 15:43:22.420041-0600: NOTICE: accepted No_Media_Mode enter, Sat Jan 17 15:43:23 2026
2026-01-17 15:43:37.618328-0600: NOTICE: accepted No_Media_Mode exit, Sat Jan 17 15:43:38 2026
2026-01-17 15:43:37.887305-0600: NOTICE: doChange: addr 1.0 [7]
2026-01-17 15:43:37.887429-0600: NOTICE: doChange: addr 2.0 [7]
2026-01-17 15:43:37.890283-0600: NOTICE: doChange: addr 3.0 [7]
2026-01-18 14:23:24.021944-0600: PolicyEngine started: 7800020000000000, Time: Sun Jan 18 14:23:24 2026
2026-01-18 14:23:24.658114-0600: NOTICE: kAGDCCallbackCapability: 0x0 []
2026-01-18 14:23:25.438314-0600: NOTICE: Vendor portmap 0xe mst 0xc ddc 0xc aux 0xe
2026-01-18 14:23:25.439694-0600: NOTICE: Features policyd 0x20100000 kernel 0x0
2026-01-18 14:23:25.454826-0600: NOTICE: Populated addr 1.0 bad:f00d UUID 0 order 0:0 tx 2:2 dsp 1 WL 0 MS 0 edid 128 undef 0 DSC 0
2026-01-18 14:23:25.459816-0600: NOTICE: Populated addr 1.0 bad:f00d UUID 0 order 0:0 tx 2:2 dsp 1 WL 0 MS 0 edid 128 undef 0 DSC 0
2026-01-18 14:23:25.459885-0600: NOTICE: FB AGDC state FB[0] - ON
2026-01-18 14:23:25.464902-0600: NOTICE: accepted No_Media_Mode enter, Sun Jan 18 14:23:25 2026
2026-01-18 14:23:25.465154-0600: NOTICE: accepted No_Media_Mode exit, Sun Jan 18 14:23:25 2026
2026-01-18 14:23:25.465851-0600: NOTICE: doChange: addr 1.0 [7]
2026-01-18 14:23:25.470473-0600: NOTICE: doChange: addr 2.0 [7]
2026-01-18 14:23:25.485741-0600: NOTICE: doChange: addr 3.0 [7]
2026-01-18 14:23:25.491518-0600: NOTICE: doChange: addr 1.0 [7]
2026-01-18 14:23:25.491573-0600: NOTICE: doChange: addr 2.0 [7]
2026-01-18 14:23:25.494812-0600: NOTICE: doChange: addr 3.0 [7]
2026-01-18 14:37:41.770286-0600: NOTICE: accepted No_Media_Mode enter, Sun Jan 18 14:37:41 2026
2026-01-18 16:12:09.336453-0600: NOTICE: accepted No_Media_Mode exit, Sun Jan 18 16:12:09 2026
2026-01-18 16:12:09.386955-0600: NOTICE: doChange: addr 1.0 [7]
2026-01-18 16:12:09.387148-0600: NOTICE: doChange: addr 2.0 [7]
2026-01-18 16:12:09.393144-0600: NOTICE: doChange: addr 3.0 [7]
2026-01-18 16:17:09.582932-0600: PolicyEngine started: 7800020000000000, Time: Sun Jan 18 16:17:09 2026
2026-01-18 16:17:10.214113-0600: NOTICE: kAGDCCallbackCapability: 0x0 []
2026-01-18 16:17:10.995089-0600: NOTICE: Vendor portmap 0xe mst 0xc ddc 0xc aux 0xe
2026-01-18 16:17:10.996195-0600: NOTICE: Features policyd 0x20100000 kernel 0x0
2026-01-18 16:17:11.009594-0600: NOTICE: Populated addr 1.0 bad:f00d UUID 0 order 0:0 tx 2:2 dsp 1 WL 0 MS 0 edid 128 undef 0 DSC 0
2026-01-18 16:17:11.023190-0600: NOTICE: Populated addr 1.0 bad:f00d UUID 0 order 0:0 tx 2:2 dsp 1 WL 0 MS 0 edid 128 undef 0 DSC 0
2026-01-18 16:17:11.023249-0600: NOTICE: FB AGDC state FB[0] - ON
2026-01-18 16:17:11.025269-0600: NOTICE: accepted No_Media_Mode enter, Sun Jan 18 16:17:11 2026
2026-01-18 16:17:11.025574-0600: NOTICE: accepted No_Media_Mode exit, Sun Jan 18 16:17:11 2026
2026-01-18 16:17:11.031597-0600: NOTICE: doChange: addr 1.0 [7]
2026-01-18 16:17:11.031651-0600: NOTICE: doChange: addr 2.0 [7]
2026-01-18 16:17:11.036261-0600: NOTICE: doChange: addr 3.0 [7]
2026-01-18 16:17:11.041060-0600: NOTICE: doChange: addr 1.0 [7]
2026-01-18 16:17:11.041110-0600: NOTICE: doChange: addr 2.0 [7]
2026-01-18 16:17:11.044689-0600: NOTICE: doChange: addr 3.0 [7]
2026-01-18 16:17:11.419107-0600: PolicyEngine started: 7800020000000000, Time: Sun Jan 18 16:17:11 2026
2026-01-18 16:17:11.419267-0600: NOTICE: kAGDCCallbackCapability: 0x0 []
2026-01-18 16:17:11.420186-0600: NOTICE: Vendor portmap 0xe mst 0xc ddc 0xc aux 0xe
2026-01-18 16:17:11.420252-0600: NOTICE: Features policyd 0x20100000 kernel 0x0
2026-01-18 16:17:11.420684-0600: NOTICE: doing display state recovery
2026-01-18 16:17:11.421256-0600: NOTICE: FB AGDC state FB[0] - ON
2026-01-18 16:17:11.422850-0600: NOTICE: doChange: addr 1.0 [7]
2026-01-18 16:17:11.422901-0600: NOTICE: doChange: addr 2.0 [7]
2026-01-18 16:17:11.425985-0600: NOTICE: doChange: addr 3.0 [7]
2026-01-19 11:16:26.480145-0600: PolicyEngine started: 7800020000000000, Time: Mon Jan 19 11:16:26 2026
2026-01-19 11:16:27.124708-0600: NOTICE: kAGDCCallbackCapability: 0x0 []
2026-01-19 11:16:27.994343-0600: NOTICE: Vendor portmap 0xe mst 0xc ddc 0xc aux 0xe
2026-01-19 11:16:27.999249-0600: NOTICE: Features policyd 0x20100000 kernel 0x0
2026-01-19 11:16:28.005482-0600: NOTICE: Populated addr 1.0 bad:f00d UUID 0 order 0:0 tx 2:2 dsp 1 WL 0 MS 0 edid 128 undef 0 DSC 0
2026-01-19 11:16:28.011253-0600: NOTICE: Populated addr 1.0 bad:f00d UUID 0 order 0:0 tx 2:2 dsp 1 WL 0 MS 0 edid 128 undef 0 DSC 0
2026-01-19 11:16:28.011782-0600: NOTICE: FB AGDC state FB[0] - ON
2026-01-19 11:16:28.013864-0600: NOTICE: accepted No_Media_Mode enter, Mon Jan 19 11:16:28 2026
2026-01-19 11:16:28.013931-0600: NOTICE: accepted No_Media_Mode exit, Mon Jan 19 11:16:28 2026
2026-01-19 11:16:28.014236-0600: NOTICE: doChange: addr 1.0 [7]
2026-01-19 11:16:28.014272-0600: NOTICE: doChange: addr 2.0 [7]
2026-01-19 11:16:28.017304-0600: NOTICE: doChange: addr 3.0 [7]
2026-01-19 11:16:28.024041-0600: NOTICE: doChange: addr 1.0 [7]
2026-01-19 11:16:28.024098-0600: NOTICE: doChange: addr 2.0 [7]
2026-01-19 11:16:28.027115-0600: NOTICE: doChange: addr 3.0 [7]
2026-01-19 11:17:09.829468-0600: NOTICE: accepted No_Media_Mode enter, Mon Jan 19 11:17:11 2026
2026-01-19 11:18:37.061373-0600: NOTICE: accepted No_Media_Mode exit, Mon Jan 19 11:18:38 2026
2026-01-19 11:18:37.177019-0600: NOTICE: doChange: addr 1.0 [7]
2026-01-19 11:18:37.182369-0600: NOTICE: doChange: addr 2.0 [7]
2026-01-19 11:18:37.190897-0600: NOTICE: doChange: addr 3.0 [7]
2026-01-19 11:22:52.022193-0600: NOTICE: accepted No_Media_Mode enter, Mon Jan 19 11:22:54 2026
2026-01-19 11:23:20.635235-0600: NOTICE: accepted No_Media_Mode exit, Mon Jan 19 11:23:22 2026
2026-01-19 11:23:20.647728-0600: NOTICE: doChange: addr 1.0 [7]
2026-01-19 11:23:20.647807-0600: NOTICE: doChange: addr 2.0 [7]
2026-01-19 11:23:20.653978-0600: NOTICE: doChange: addr 3.0 [7]
2026-01-19 13:37:51.175492-0600: PolicyEngine started: 7800020000000000, Time: Mon Jan 19 13:37:51 2026
2026-01-19 13:37:52.008281-0600: NOTICE: kAGDCCallbackCapability: 0x0 []
2026-01-19 13:37:52.809399-0600: NOTICE: Vendor portmap 0xe mst 0xc ddc 0xc aux 0xe
2026-01-19 13:37:52.814452-0600: NOTICE: Features policyd 0x20100000 kernel 0x0
2026-01-19 13:37:52.834234-0600: NOTICE: Populated addr 1.0 bad:f00d UUID 0 order 0:0 tx 2:2 dsp 1 WL 0 MS 0 edid 128 undef 0 DSC 0
2026-01-19 13:37:52.842760-0600: NOTICE: Populated addr 1.0 bad:f00d UUID 0 order 0:0 tx 2:2 dsp 1 WL 0 MS 0 edid 128 undef 0 DSC 0
2026-01-19 13:37:52.842828-0600: NOTICE: FB AGDC state FB[0] - ON
2026-01-19 13:37:52.847310-0600: NOTICE: accepted No_Media_Mode enter, Mon Jan 19 13:37:52 2026
2026-01-19 13:37:52.847382-0600: NOTICE: accepted No_Media_Mode exit, Mon Jan 19 13:37:52 2026
2026-01-19 13:37:52.847462-0600: NOTICE: doChange: addr 1.0 [7]
2026-01-19 13:37:52.847494-0600: NOTICE: doChange: addr 2.0 [7]
2026-01-19 13:37:52.850523-0600: NOTICE: doChange: addr 3.0 [7]
2026-01-19 13:37:52.888224-0600: NOTICE: doChange: addr 1.0 [7]
2026-01-19 13:37:52.888903-0600: NOTICE: doChange: addr 2.0 [7]
2026-01-19 13:37:52.891809-0600: NOTICE: doChange: addr 3.0 [7]
2026-01-19 13:37:53.208920-0600: PolicyEngine started: 7800020000000000, Time: Mon Jan 19 13:37:53 2026
2026-01-19 13:37:53.209234-0600: NOTICE: kAGDCCallbackCapability: 0x0 []
2026-01-19 13:37:53.210108-0600: NOTICE: Vendor portmap 0xe mst 0xc ddc 0xc aux 0xe
2026-01-19 13:37:53.210183-0600: NOTICE: Features policyd 0x20100000 kernel 0x0
2026-01-19 13:37:53.210367-0600: NOTICE: doing display state recovery
2026-01-19 13:37:53.210914-0600: NOTICE: FB AGDC state FB[0] - ON
2026-01-19 13:37:53.213127-0600: NOTICE: doChange: addr 1.0 [7]
2026-01-19 13:37:53.213171-0600: NOTICE: doChange: addr 2.0 [7]
2026-01-19 13:37:53.215745-0600: NOTICE: doChange: addr 3.0 [7]
2026-01-19 13:38:44.298636-0600: NOTICE: accepted No_Media_Mode enter, Mon Jan 19 13:38:44 2026
2026-01-19 13:41:46.109756-0600: NOTICE: accepted No_Media_Mode exit, Mon Jan 19 13:41:46 2026
2026-01-19 13:41:46.124289-0600: NOTICE: doChange: addr 1.0 [7]
2026-01-19 13:41:46.124451-0600: NOTICE: doChange: addr 2.0 [7]
2026-01-19 13:41:46.127333-0600: NOTICE: doChange: addr 3.0 [7]
2026-01-21 15:59:05.650056-0600: PolicyEngine started: 7800020000000000, Time: Wed Jan 21 15:59:05 2026
2026-01-21 15:59:06.340704-0600: NOTICE: kAGDCCallbackCapability: 0x0 []
2026-01-21 15:59:06.969621-0600: NOTICE: Vendor portmap 0xe mst 0xc ddc 0xc aux 0xe
2026-01-21 15:59:06.994178-0600: NOTICE: Features policyd 0x20100000 kernel 0x0
2026-01-21 15:59:07.015845-0600: NOTICE: Populated addr 1.0 bad:f00d UUID 0 order 0:0 tx 2:2 dsp 1 WL 0 MS 0 edid 128 undef 0 DSC 0
2026-01-21 15:59:07.031930-0600: NOTICE: Populated addr 1.0 bad:f00d UUID 0 order 0:0 tx 2:2 dsp 1 WL 0 MS 0 edid 128 undef 0 DSC 0
2026-01-21 15:59:07.032011-0600: NOTICE: FB AGDC state FB[0] - ON
2026-01-21 15:59:07.037305-0600: NOTICE: accepted No_Media_Mode enter, Wed Jan 21 15:59:07 2026
2026-01-21 15:59:07.037587-0600: NOTICE: accepted No_Media_Mode exit, Wed Jan 21 15:59:07 2026
2026-01-21 15:59:07.038569-0600: NOTICE: doChange: addr 1.0 [7]
2026-01-21 15:59:07.038623-0600: NOTICE: doChange: addr 2.0 [7]
2026-01-21 15:59:07.042545-0600: NOTICE: doChange: addr 3.0 [7]
2026-01-21 15:59:07.047940-0600: NOTICE: doChange: addr 1.0 [7]
2026-01-21 15:59:07.047993-0600: NOTICE: doChange: addr 2.0 [7]
2026-01-21 15:59:07.051484-0600: NOTICE: doChange: addr 3.0 [7]
2026-01-21 16:08:49.439457-0600: NOTICE: accepted No_Media_Mode enter, Wed Jan 21 16:08:46 2026
2026-01-21 16:13:46.686744-0600: NOTICE: accepted No_Media_Mode exit, Wed Jan 21 16:13:43 2026
2026-01-21 16:13:46.713581-0600: NOTICE: doChange: addr 1.0 [7]
2026-01-21 16:13:46.713654-0600: NOTICE: doChange: addr 2.0 [7]
2026-01-21 16:13:46.725409-0600: NOTICE: doChange: addr 3.0 [7]
2026-01-21 16:14:30.351483-0600: NOTICE: accepted No_Media_Mode enter, Wed Jan 21 16:14:30 2026
2026-01-21 16:34:53.880340-0600: NOTICE: accepted No_Media_Mode exit, Wed Jan 21 16:34:53 2026
2026-01-21 16:34:53.924186-0600: NOTICE: doChange: addr 1.0 [7]
2026-01-21 16:34:53.927329-0600: NOTICE: doChange: addr 2.0 [7]
2026-01-21 16:34:53.937932-0600: NOTICE: doChange: addr 3.0 [7]
2026-01-22 13:34:46.867795-0600: PolicyEngine started: 7800020000000000, Time: Thu Jan 22 13:34:46 2026
2026-01-22 13:34:47.518120-0600: NOTICE: kAGDCCallbackCapability: 0x0 []
2026-01-22 13:34:48.353864-0600: NOTICE: Vendor portmap 0xe mst 0xc ddc 0xc aux 0xe
2026-01-22 13:34:48.354689-0600: NOTICE: Features policyd 0x20100000 kernel 0x0
2026-01-22 13:34:48.381695-0600: NOTICE: Populated addr 1.0 bad:f00d UUID 0 order 0:0 tx 2:2 dsp 1 WL 0 MS 0 edid 128 undef 0 DSC 0
2026-01-22 13:34:48.392448-0600: NOTICE: Populated addr 1.0 bad:f00d UUID 0 order 0:0 tx 2:2 dsp 1 WL 0 MS 0 edid 128 undef 0 DSC 0
2026-01-22 13:34:48.392504-0600: NOTICE: FB AGDC state FB[0] - ON
2026-01-22 13:34:48.394480-0600: NOTICE: accepted No_Media_Mode enter, Thu Jan 22 13:34:48 2026
2026-01-22 13:34:48.394538-0600: NOTICE: accepted No_Media_Mode exit, Thu Jan 22 13:34:48 2026
2026-01-22 13:34:48.394620-0600: NOTICE: doChange: addr 1.0 [7]
2026-01-22 13:34:48.394649-0600: NOTICE: doChange: addr 2.0 [7]
2026-01-22 13:34:48.397458-0600: NOTICE: doChange: addr 3.0 [7]
2026-01-22 13:34:48.405354-0600: NOTICE: doChange: addr 1.0 [7]
2026-01-22 13:34:48.405422-0600: NOTICE: doChange: addr 2.0 [7]
2026-01-22 13:34:48.408428-0600: NOTICE: doChange: addr 3.0 [7]
2026-01-22 13:34:48.726829-0600: PolicyEngine started: 7800020000000000, Time: Thu Jan 22 13:34:48 2026
2026-01-22 13:34:48.727086-0600: NOTICE: kAGDCCallbackCapability: 0x0 []
2026-01-22 13:34:48.727686-0600: NOTICE: Vendor portmap 0xe mst 0xc ddc 0xc aux 0xe
2026-01-22 13:34:48.727734-0600: NOTICE: Features policyd 0x20100000 kernel 0x0
2026-01-22 13:34:48.727953-0600: NOTICE: doing display state recovery
2026-01-22 13:34:48.728630-0600: NOTICE: FB AGDC state FB[0] - ON
2026-01-22 13:34:48.738823-0600: NOTICE: doChange: addr 1.0 [7]
2026-01-22 13:34:48.738878-0600: NOTICE: doChange: addr 2.0 [7]
2026-01-22 13:34:48.742029-0600: NOTICE: doChange: addr 3.0 [7]
2026-01-22 14:28:54.166611-0600: NOTICE: accepted No_Media_Mode enter, Thu Jan 22 14:28:54 2026
2026-01-22 14:37:36.930955-0600: NOTICE: accepted No_Media_Mode exit, Thu Jan 22 14:37:36 2026
2026-01-22 14:37:36.941967-0600: NOTICE: doChange: addr 1.0 [7]
2026-01-22 14:37:36.942027-0600: NOTICE: doChange: addr 2.0 [7]
2026-01-22 14:37:36.996863-0600: NOTICE: doChange: addr 3.0 [7]
2026-01-22 15:28:55.209798-0600: NOTICE: accepted No_Media_Mode enter, Thu Jan 22 15:28:55 2026
2026-01-22 15:32:53.946955-0600: NOTICE: accepted No_Media_Mode exit, Thu Jan 22 15:32:53 2026
2026-01-22 15:32:53.961862-0600: NOTICE: doChange: addr 1.0 [7]
2026-01-22 15:32:53.961947-0600: NOTICE: doChange: addr 2.0 [7]
2026-01-22 15:32:53.964712-0600: NOTICE: doChange: addr 3.0 [7]
2026-01-22 16:29:56.059301-0600: NOTICE: accepted No_Media_Mode enter, Thu Jan 22 16:29:56 2026
2026-01-22 16:35:33.855220-0600: NOTICE: accepted No_Media_Mode exit, Thu Jan 22 16:35:33 2026
2026-01-22 16:35:33.894660-0600: NOTICE: doChange: addr 1.0 [7]
2026-01-22 16:35:33.894748-0600: NOTICE: doChange: addr 2.0 [7]
2026-01-22 16:35:33.898437-0600: NOTICE: doChange: addr 3.0 [7]
2026-01-22 17:30:41.277123-0600: NOTICE: accepted No_Media_Mode enter, Thu Jan 22 17:30:41 2026
2026-01-22 17:36:58.811966-0600: NOTICE: accepted No_Media_Mode exit, Thu Jan 22 17:36:58 2026
2026-01-22 17:36:58.891753-0600: NOTICE: doChange: addr 1.0 [7]
2026-01-22 17:36:58.891822-0600: NOTICE: doChange: addr 2.0 [7]
2026-01-22 17:36:58.894409-0600: NOTICE: doChange: addr 3.0 [7]
2026-01-23 13:51:24.853063-0600: PolicyEngine started: 7800020000000000, Time: Fri Jan 23 13:51:24 2026
2026-01-23 13:51:25.541298-0600: NOTICE: kAGDCCallbackCapability: 0x0 []
2026-01-23 13:51:26.293399-0600: NOTICE: Vendor portmap 0xe mst 0xc ddc 0xc aux 0xe
2026-01-23 13:51:26.299407-0600: NOTICE: Features policyd 0x20100000 kernel 0x0
2026-01-23 13:51:26.313158-0600: NOTICE: Populated addr 1.0 bad:f00d UUID 0 order 0:0 tx 2:2 dsp 1 WL 0 MS 0 edid 128 undef 0 DSC 0
2026-01-23 13:51:26.325602-0600: NOTICE: Populated addr 1.0 bad:f00d UUID 0 order 0:0 tx 2:2 dsp 1 WL 0 MS 0 edid 128 undef 0 DSC 0
2026-01-23 13:51:26.327539-0600: NOTICE: FB AGDC state FB[0] - ON
2026-01-23 13:51:26.331542-0600: NOTICE: accepted No_Media_Mode enter, Fri Jan 23 13:51:26 2026
2026-01-23 13:51:26.331623-0600: NOTICE: accepted No_Media_Mode exit, Fri Jan 23 13:51:26 2026
2026-01-23 13:51:26.331932-0600: NOTICE: doChange: addr 1.0 [7]
2026-01-23 13:51:26.332852-0600: NOTICE: doChange: addr 2.0 [7]
2026-01-23 13:51:26.336382-0600: NOTICE: doChange: addr 3.0 [7]
2026-01-23 13:51:26.343945-0600: NOTICE: doChange: addr 1.0 [7]
2026-01-23 13:51:26.344007-0600: NOTICE: doChange: addr 2.0 [7]
2026-01-23 13:51:26.349356-0600: NOTICE: doChange: addr 3.0 [7]
2026-01-23 14:20:51.183870-0600: NOTICE: accepted No_Media_Mode enter, Fri Jan 23 14:20:51 2026
2026-01-23 14:31:00.003945-0600: NOTICE: accepted No_Media_Mode exit, Fri Jan 23 14:31:00 2026
2026-01-23 14:31:00.014156-0600: NOTICE: doChange: addr 1.0 [7]
2026-01-23 14:31:00.014257-0600: NOTICE: doChange: addr 2.0 [7]
2026-01-23 14:31:00.016877-0600: NOTICE: doChange: addr 3.0 [7]
2026-01-23 16:01:33.239848-0600: PolicyEngine started: 7800020000000000, Time: Fri Jan 23 16:01:33 2026
2026-01-23 16:01:33.868518-0600: NOTICE: kAGDCCallbackCapability: 0x0 []
2026-01-23 16:01:34.696192-0600: NOTICE: Vendor portmap 0xe mst 0xc ddc 0xc aux 0xe
2026-01-23 16:01:34.696456-0600: NOTICE: Features policyd 0x20100000 kernel 0x0
2026-01-23 16:01:34.707145-0600: NOTICE: Populated addr 1.0 bad:f00d UUID 0 order 0:0 tx 2:2 dsp 1 WL 0 MS 0 edid 128 undef 0 DSC 0
2026-01-23 16:01:34.720882-0600: NOTICE: Populated addr 1.0 bad:f00d UUID 0 order 0:0 tx 2:2 dsp 1 WL 0 MS 0 edid 128 undef 0 DSC 0
2026-01-23 16:01:34.720948-0600: NOTICE: FB AGDC state FB[0] - ON
2026-01-23 16:01:34.723868-0600: NOTICE: accepted No_Media_Mode enter, Fri Jan 23 16:01:34 2026
2026-01-23 16:01:34.723931-0600: NOTICE: accepted No_Media_Mode exit, Fri Jan 23 16:01:34 2026
2026-01-23 16:01:34.724008-0600: NOTICE: doChange: addr 1.0 [7]
2026-01-23 16:01:34.724031-0600: NOTICE: doChange: addr 2.0 [7]
2026-01-23 16:01:34.726934-0600: NOTICE: doChange: addr 3.0 [7]
2026-01-23 16:01:34.740220-0600: NOTICE: doChange: addr 1.0 [7]
2026-01-23 16:01:34.740261-0600: NOTICE: doChange: addr 2.0 [7]
2026-01-23 16:01:34.742994-0600: NOTICE: doChange: addr 3.0 [7]
2026-01-26 15:12:08.346823-0600: PolicyEngine started: 7800020000000000, Time: Mon Jan 26 15:12:08 2026
2026-01-26 15:12:09.307759-0600: NOTICE: kAGDCCallbackCapability: 0x0 []
2026-01-26 15:12:09.799562-0600: NOTICE: Vendor portmap 0xe mst 0xc ddc 0xc aux 0xe
2026-01-26 15:12:09.800544-0600: NOTICE: Features policyd 0x20100000 kernel 0x0
2026-01-26 15:12:09.825439-0600: NOTICE: Populated addr 1.0 bad:f00d UUID 0 order 0:0 tx 2:2 dsp 1 WL 0 MS 0 edid 128 undef 0 DSC 0
2026-01-26 15:12:09.835059-0600: NOTICE: Populated addr 1.0 bad:f00d UUID 0 order 0:0 tx 2:2 dsp 1 WL 0 MS 0 edid 128 undef 0 DSC 0
2026-01-26 15:12:09.835123-0600: NOTICE: FB AGDC state FB[0] - ON
2026-01-26 15:12:09.838246-0600: NOTICE: accepted No_Media_Mode enter, Mon Jan 26 15:12:09 2026
2026-01-26 15:12:09.839620-0600: NOTICE: accepted No_Media_Mode exit, Mon Jan 26 15:12:09 2026
2026-01-26 15:12:09.839714-0600: NOTICE: doChange: addr 1.0 [7]
2026-01-26 15:12:09.839745-0600: NOTICE: doChange: addr 2.0 [7]
2026-01-26 15:12:09.842923-0600: NOTICE: doChange: addr 3.0 [7]
2026-01-26 15:12:09.856075-0600: NOTICE: doChange: addr 1.0 [7]
2026-01-26 15:12:09.856284-0600: NOTICE: doChange: addr 2.0 [7]
2026-01-26 15:12:09.863886-0600: NOTICE: doChange: addr 3.0 [7]
2026-01-26 15:12:10.275859-0600: PolicyEngine started: 7800020000000000, Time: Mon Jan 26 15:12:10 2026
2026-01-26 15:12:10.276100-0600: NOTICE: kAGDCCallbackCapability: 0x0 []
2026-01-26 15:12:10.277573-0600: NOTICE: Vendor portmap 0xe mst 0xc ddc 0xc aux 0xe
2026-01-26 15:12:10.277623-0600: NOTICE: Features policyd 0x20100000 kernel 0x0
2026-01-26 15:12:10.278908-0600: NOTICE: doing display state recovery
2026-01-26 15:12:10.280811-0600: NOTICE: FB AGDC state FB[0] - ON
2026-01-26 15:12:10.283227-0600: NOTICE: doChange: addr 1.0 [7]
2026-01-26 15:12:10.283293-0600: NOTICE: doChange: addr 2.0 [7]
2026-01-26 15:12:10.285904-0600: NOTICE: doChange: addr 3.0 [7]
2026-01-26 15:28:24.665172-0600: NOTICE: accepted No_Media_Mode enter, Mon Jan 26 15:28:24 2026
2026-01-26 15:28:30.723391-0600: NOTICE: accepted No_Media_Mode exit, Mon Jan 26 15:28:30 2026
2026-01-26 15:28:31.135706-0600: NOTICE: doChange: addr 1.0 [7]
2026-01-26 15:28:31.135797-0600: NOTICE: doChange: addr 2.0 [7]
2026-01-26 15:28:31.138804-0600: NOTICE: doChange: addr 3.0 [7]
2026-01-26 15:29:03.112558-0600: NOTICE: accepted No_Media_Mode enter, Mon Jan 26 15:29:03 2026
2026-01-26 15:32:31.904015-0600: NOTICE: accepted No_Media_Mode exit, Mon Jan 26 15:32:31 2026
2026-01-26 15:32:31.930679-0600: NOTICE: doChange: addr 1.0 [7]
2026-01-26 15:32:31.930747-0600: NOTICE: doChange: addr 2.0 [7]
2026-01-26 15:32:31.946922-0600: NOTICE: doChange: addr 3.0 [7]
2026-01-26 15:35:43.361721-0600: NOTICE: accepted No_Media_Mode enter, Mon Jan 26 15:35:44 2026
2026-01-26 15:46:28.890925-0600: NOTICE: accepted No_Media_Mode exit, Mon Jan 26 15:46:28 2026
2026-01-26 15:46:28.961489-0600: NOTICE: doChange: addr 1.0 [7]
2026-01-26 15:46:28.961686-0600: NOTICE: doChange: addr 2.0 [7]
2026-01-26 15:46:28.964641-0600: NOTICE: doChange: addr 3.0 [7]
2026-01-26 15:59:54.041273-0600: NOTICE: accepted No_Media_Mode enter, Mon Jan 26 15:59:54 2026
2026-01-26 16:09:29.002737-0600: NOTICE: accepted No_Media_Mode exit, Mon Jan 26 16:09:29 2026
2026-01-26 16:09:29.173859-0600: NOTICE: doChange: addr 1.0 [7]
2026-01-26 16:09:29.173933-0600: NOTICE: doChange: addr 2.0 [7]
2026-01-26 16:09:29.176919-0600: NOTICE: doChange: addr 3.0 [7]
2026-01-27 12:59:49.736199-0600: PolicyEngine started: 7800020000000000, Time: Tue Jan 27 12:59:49 2026
2026-01-27 12:59:50.360352-0600: NOTICE: kAGDCCallbackCapability: 0x0 []
2026-01-27 12:59:51.199206-0600: NOTICE: Vendor portmap 0xe mst 0xc ddc 0xc aux 0xe
2026-01-27 12:59:51.199493-0600: NOTICE: Features policyd 0x20100000 kernel 0x0
2026-01-27 12:59:51.207327-0600: NOTICE: Populated addr 1.0 bad:f00d UUID 0 order 0:0 tx 2:2 dsp 1 WL 0 MS 0 edid 128 undef 0 DSC 0
2026-01-27 12:59:51.211101-0600: NOTICE: Populated addr 1.0 bad:f00d UUID 0 order 0:0 tx 2:2 dsp 1 WL 0 MS 0 edid 128 undef 0 DSC 0
2026-01-27 12:59:51.211159-0600: NOTICE: FB AGDC state FB[0] - ON
2026-01-27 12:59:51.213161-0600: NOTICE: accepted No_Media_Mode enter, Tue Jan 27 12:59:51 2026
2026-01-27 12:59:51.213218-0600: NOTICE: accepted No_Media_Mode exit, Tue Jan 27 12:59:51 2026
2026-01-27 12:59:51.213287-0600: NOTICE: doChange: addr 1.0 [7]
2026-01-27 12:59:51.213311-0600: NOTICE: doChange: addr 2.0 [7]
2026-01-27 12:59:51.215956-0600: NOTICE: doChange: addr 3.0 [7]
2026-01-27 12:59:51.231644-0600: NOTICE: doChange: addr 1.0 [7]
2026-01-27 12:59:51.231699-0600: NOTICE: doChange: addr 2.0 [7]
2026-01-27 12:59:51.239380-0600: NOTICE: doChange: addr 3.0 [7]
2026-01-27 14:36:36.665338-0600: NOTICE: accepted No_Media_Mode enter, Tue Jan 27 14:36:36 2026
2026-01-27 14:41:58.001700-0600: NOTICE: accepted No_Media_Mode exit, Tue Jan 27 14:41:57 2026
2026-01-27 14:41:58.290852-0600: NOTICE: doChange: addr 1.0 [7]
2026-01-27 14:41:58.290933-0600: NOTICE: doChange: addr 2.0 [7]
2026-01-27 14:41:58.293728-0600: NOTICE: doChange: addr 3.0 [7]
2026-01-27 15:37:04.762708-0600: NOTICE: accepted No_Media_Mode enter, Tue Jan 27 15:37:04 2026
2026-01-27 15:41:25.038287-0600: NOTICE: accepted No_Media_Mode exit, Tue Jan 27 15:41:25 2026
2026-01-27 15:41:25.130645-0600: NOTICE: doChange: addr 1.0 [7]
2026-01-27 15:41:25.130734-0600: NOTICE: doChange: addr 2.0 [7]
2026-01-27 15:41:25.133570-0600: NOTICE: doChange: addr 3.0 [7]
2026-01-27 16:35:22.723240-0600: NOTICE: accepted No_Media_Mode enter, Tue Jan 27 16:35:22 2026
2026-01-27 16:39:37.204113-0600: NOTICE: accepted No_Media_Mode exit, Tue Jan 27 16:39:37 2026
2026-01-27 16:39:37.335961-0600: NOTICE: doChange: addr 1.0 [7]
2026-01-27 16:39:37.336038-0600: NOTICE: doChange: addr 2.0 [7]
2026-01-27 16:39:37.338758-0600: NOTICE: doChange: addr 3.0 [7]
2026-01-27 17:13:36.136919-0600: NOTICE: accepted No_Media_Mode enter, Tue Jan 27 17:13:36 2026
2026-01-27 17:19:25.903078-0600: NOTICE: accepted No_Media_Mode exit, Tue Jan 27 17:19:25 2026
2026-01-27 17:19:26.034180-0600: NOTICE: doChange: addr 1.0 [7]
2026-01-27 17:19:26.034259-0600: NOTICE: doChange: addr 2.0 [7]
2026-01-27 17:19:26.036980-0600: NOTICE: doChange: addr 3.0 [7]
2026-01-27 18:38:04.931086-0600: NOTICE: accepted No_Media_Mode enter, Tue Jan 27 18:38:04 2026
2026-01-27 18:49:31.994721-0600: NOTICE: accepted No_Media_Mode exit, Tue Jan 27 18:49:32 2026
2026-01-27 18:49:32.026823-0600: NOTICE: doChange: addr 1.0 [7]
2026-01-27 18:49:32.026902-0600: NOTICE: doChange: addr 2.0 [7]
2026-01-27 18:49:32.029544-0600: NOTICE: doChange: addr 3.0 [7]
2026-01-27 19:10:06.799231-0600: PolicyEngine started: 7800020000000000, Time: Tue Jan 27 19:10:06 2026
2026-01-27 19:10:07.436282-0600: NOTICE: kAGDCCallbackCapability: 0x0 []
2026-01-27 19:10:08.180849-0600: NOTICE: Vendor portmap 0xe mst 0xc ddc 0xc aux 0xe
2026-01-27 19:10:08.181140-0600: NOTICE: Features policyd 0x20100000 kernel 0x0
2026-01-27 19:10:08.205445-0600: NOTICE: Populated addr 1.0 bad:f00d UUID 0 order 0:0 tx 2:2 dsp 1 WL 0 MS 0 edid 128 undef 0 DSC 0
2026-01-27 19:10:08.209633-0600: NOTICE: Populated addr 1.0 bad:f00d UUID 0 order 0:0 tx 2:2 dsp 1 WL 0 MS 0 edid 128 undef 0 DSC 0
2026-01-27 19:10:08.209739-0600: NOTICE: FB AGDC state FB[0] - ON
2026-01-27 19:10:08.215773-0600: NOTICE: accepted No_Media_Mode enter, Tue Jan 27 19:10:08 2026
2026-01-27 19:10:08.215839-0600: NOTICE: accepted No_Media_Mode exit, Tue Jan 27 19:10:08 2026
2026-01-27 19:10:08.216205-0600: NOTICE: doChange: addr 1.0 [7]
2026-01-27 19:10:08.216234-0600: NOTICE: doChange: addr 2.0 [7]
2026-01-27 19:10:08.226931-0600: NOTICE: doChange: addr 3.0 [7]
2026-01-27 19:10:08.239012-0600: NOTICE: doChange: addr 1.0 [7]
2026-01-27 19:10:08.239463-0600: NOTICE: doChange: addr 2.0 [7]
2026-01-27 19:10:08.263183-0600: NOTICE: doChange: addr 3.0 [7]
2026-01-27 19:10:08.598134-0600: PolicyEngine started: 7800020000000000, Time: Tue Jan 27 19:10:08 2026
2026-01-27 19:10:08.598372-0600: NOTICE: kAGDCCallbackCapability: 0x0 []
2026-01-27 19:10:08.598868-0600: NOTICE: Vendor portmap 0xe mst 0xc ddc 0xc aux 0xe
2026-01-27 19:10:08.598916-0600: NOTICE: Features policyd 0x20100000 kernel 0x0
2026-01-27 19:10:08.599100-0600: NOTICE: doing display state recovery
2026-01-27 19:10:08.599960-0600: NOTICE: FB AGDC state FB[0] - ON
2026-01-27 19:10:08.603235-0600: NOTICE: doChange: addr 1.0 [7]
2026-01-27 19:10:08.603294-0600: NOTICE: doChange: addr 2.0 [7]
2026-01-27 19:10:08.605786-0600: NOTICE: doChange: addr 3.0 [7]
2026-01-28 15:43:07.453973-0600: PolicyEngine started: 7800020000000000, Time: Wed Jan 28 15:43:07 2026
2026-01-28 15:43:08.090571-0600: NOTICE: kAGDCCallbackCapability: 0x0 []
2026-01-28 15:43:08.936876-0600: NOTICE: Vendor portmap 0xe mst 0xc ddc 0xc aux 0xe
2026-01-28 15:43:08.937155-0600: NOTICE: Features policyd 0x20100000 kernel 0x0
2026-01-28 15:43:08.944035-0600: NOTICE: Populated addr 1.0 bad:f00d UUID 0 order 0:0 tx 2:2 dsp 1 WL 0 MS 0 edid 128 undef 0 DSC 0
2026-01-28 15:43:08.949128-0600: NOTICE: Populated addr 1.0 bad:f00d UUID 0 order 0:0 tx 2:2 dsp 1 WL 0 MS 0 edid 128 undef 0 DSC 0
2026-01-28 15:43:08.949183-0600: NOTICE: FB AGDC state FB[0] - ON
2026-01-28 15:43:08.951557-0600: NOTICE: accepted No_Media_Mode enter, Wed Jan 28 15:43:08 2026
2026-01-28 15:43:08.951617-0600: NOTICE: accepted No_Media_Mode exit, Wed Jan 28 15:43:08 2026
2026-01-28 15:43:08.951975-0600: NOTICE: doChange: addr 1.0 [7]
2026-01-28 15:43:08.952826-0600: NOTICE: doChange: addr 2.0 [7]
2026-01-28 15:43:08.956014-0600: NOTICE: doChange: addr 3.0 [7]
2026-01-28 15:43:08.961959-0600: NOTICE: doChange: addr 1.0 [7]
2026-01-28 15:43:08.962012-0600: NOTICE: doChange: addr 2.0 [7]
2026-01-28 15:43:08.964625-0600: NOTICE: doChange: addr 3.0 [7]
2026-01-28 15:45:07.137606-0600: NOTICE: accepted No_Media_Mode enter, Wed Jan 28 15:45:07 2026
2026-01-28 15:46:07.758885-0600: NOTICE: accepted No_Media_Mode exit, Wed Jan 28 15:46:07 2026
2026-01-28 15:46:07.921561-0600: NOTICE: doChange: addr 1.0 [7]
2026-01-28 15:46:07.921689-0600: NOTICE: doChange: addr 2.0 [7]
2026-01-28 15:46:07.924700-0600: NOTICE: doChange: addr 3.0 [7]
2026-01-28 15:48:54.702597-0600: NOTICE: accepted No_Media_Mode enter, Wed Jan 28 15:48:52 2026
2026-01-28 15:50:05.810834-0600: NOTICE: accepted No_Media_Mode exit, Wed Jan 28 15:50:03 2026
2026-01-28 15:50:05.839254-0600: NOTICE: doChange: addr 1.0 [7]
2026-01-28 15:50:05.839330-0600: NOTICE: doChange: addr 2.0 [7]
2026-01-28 15:50:05.841968-0600: NOTICE: doChange: addr 3.0 [7]
2026-01-29 14:39:43.852442-0600: PolicyEngine started: 7800020000000000, Time: Thu Jan 29 14:39:43 2026
2026-01-29 14:39:44.537858-0600: NOTICE: kAGDCCallbackCapability: 0x0 []
2026-01-29 14:39:45.297004-0600: NOTICE: Vendor portmap 0xe mst 0xc ddc 0xc aux 0xe
2026-01-29 14:39:45.297453-0600: NOTICE: Features policyd 0x20100000 kernel 0x0
2026-01-29 14:39:45.305084-0600: NOTICE: Populated addr 1.0 bad:f00d UUID 0 order 0:0 tx 2:2 dsp 1 WL 0 MS 0 edid 128 undef 0 DSC 0
2026-01-29 14:39:45.319114-0600: NOTICE: Populated addr 1.0 bad:f00d UUID 0 order 0:0 tx 2:2 dsp 1 WL 0 MS 0 edid 128 undef 0 DSC 0
2026-01-29 14:39:45.319193-0600: NOTICE: FB AGDC state FB[0] - ON
2026-01-29 14:39:45.330202-0600: NOTICE: accepted No_Media_Mode enter, Thu Jan 29 14:39:45 2026
2026-01-29 14:39:45.330257-0600: NOTICE: accepted No_Media_Mode exit, Thu Jan 29 14:39:45 2026
2026-01-29 14:39:45.330996-0600: NOTICE: doChange: addr 1.0 [7]
2026-01-29 14:39:45.331034-0600: NOTICE: doChange: addr 2.0 [7]
2026-01-29 14:39:45.335326-0600: NOTICE: doChange: addr 3.0 [7]
2026-01-29 14:39:45.342928-0600: NOTICE: doChange: addr 1.0 [7]
2026-01-29 14:39:45.343022-0600: NOTICE: doChange: addr 2.0 [7]
2026-01-29 14:39:45.365174-0600: NOTICE: doChange: addr 3.0 [7]
2026-01-29 15:31:21.191393-0600: NOTICE: accepted No_Media_Mode enter, Thu Jan 29 15:31:21 2026
2026-01-29 15:31:31.329230-0600: NOTICE: accepted No_Media_Mode exit, Thu Jan 29 15:31:31 2026
2026-01-29 15:31:31.698911-0600: NOTICE: doChange: addr 1.0 [7]
2026-01-29 15:31:31.699031-0600: NOTICE: doChange: addr 2.0 [7]
2026-01-29 15:31:31.701879-0600: NOTICE: doChange: addr 3.0 [7]
2026-01-29 15:32:02.255106-0600: NOTICE: accepted No_Media_Mode enter, Thu Jan 29 15:32:02 2026
2026-01-29 15:36:20.686172-0600: NOTICE: accepted No_Media_Mode exit, Thu Jan 29 15:36:20 2026
2026-01-29 15:36:20.918235-0600: NOTICE: doChange: addr 1.0 [7]
2026-01-29 15:36:20.918293-0600: NOTICE: doChange: addr 2.0 [7]
2026-01-29 15:36:20.920924-0600: NOTICE: doChange: addr 3.0 [7]
2026-01-29 15:53:55.713998-0600: NOTICE: accepted No_Media_Mode enter, Thu Jan 29 15:53:55 2026
2026-01-29 15:55:26.926971-0600: NOTICE: accepted No_Media_Mode exit, Thu Jan 29 15:55:26 2026
2026-01-29 15:55:26.936708-0600: NOTICE: doChange: addr 1.0 [7]
2026-01-29 15:55:26.936777-0600: NOTICE: doChange: addr 2.0 [7]
2026-01-29 15:55:26.939465-0600: NOTICE: doChange: addr 3.0 [7]
2026-01-29 15:56:04.781861-0600: NOTICE: accepted No_Media_Mode enter, Thu Jan 29 15:56:04 2026
2026-01-29 16:03:46.613715-0600: NOTICE: accepted No_Media_Mode exit, Thu Jan 29 16:03:47 2026
2026-01-29 16:03:46.636534-0600: NOTICE: doChange: addr 1.0 [7]
2026-01-29 16:03:46.636594-0600: NOTICE: doChange: addr 2.0 [7]
2026-01-29 16:03:46.639226-0600: NOTICE: doChange: addr 3.0 [7]
2026-01-29 16:05:05.649863-0600: NOTICE: accepted No_Media_Mode enter, Thu Jan 29 16:05:06 2026
2026-01-29 16:07:59.783384-0600: NOTICE: accepted No_Media_Mode exit, Thu Jan 29 16:08:00 2026
2026-01-29 16:07:59.834816-0600: NOTICE: doChange: addr 1.0 [7]
2026-01-29 16:07:59.834899-0600: NOTICE: doChange: addr 2.0 [7]
2026-01-29 16:07:59.838602-0600: NOTICE: doChange: addr 3.0 [7]
2026-01-29 16:43:02.170562-0600: NOTICE: accepted No_Media_Mode enter, Thu Jan 29 16:43:02 2026
2026-01-29 16:46:34.931211-0600: NOTICE: accepted No_Media_Mode exit, Thu Jan 29 16:46:34 2026
2026-01-29 16:46:34.948161-0600: NOTICE: doChange: addr 1.0 [7]
2026-01-29 16:46:34.948239-0600: NOTICE: doChange: addr 2.0 [7]
2026-01-29 16:46:34.950875-0600: NOTICE: doChange: addr 3.0 [7]
2026-01-29 17:16:54.379577-0600: NOTICE: accepted No_Media_Mode enter, Thu Jan 29 17:16:54 2026
2026-01-29 17:16:55.256823-0600: NOTICE: accepted No_Media_Mode exit, Thu Jan 29 17:16:55 2026
2026-01-29 17:16:55.863788-0600: NOTICE: doChange: addr 1.0 [7]
2026-01-29 17:16:55.863854-0600: NOTICE: doChange: addr 2.0 [7]
2026-01-29 17:16:55.872796-0600: NOTICE: doChange: addr 3.0 [7]
2026-01-29 17:17:26.501930-0600: NOTICE: accepted No_Media_Mode enter, Thu Jan 29 17:17:26 2026
2026-01-29 17:25:00.938179-0600: NOTICE: accepted No_Media_Mode exit, Thu Jan 29 17:24:58 2026
2026-01-29 17:25:00.952128-0600: NOTICE: doChange: addr 1.0 [7]
2026-01-29 17:25:00.952185-0600: NOTICE: doChange: addr 2.0 [7]
2026-01-29 17:25:00.954852-0600: NOTICE: doChange: addr 3.0 [7]
2026-01-29 17:55:05.413531-0600: NOTICE: accepted No_Media_Mode enter, Thu Jan 29 17:55:05 2026
2026-01-29 18:01:51.898136-0600: NOTICE: accepted No_Media_Mode exit, Thu Jan 29 18:01:51 2026
2026-01-29 18:01:52.127947-0600: NOTICE: doChange: addr 1.0 [7]
2026-01-29 18:01:52.128054-0600: NOTICE: doChange: addr 2.0 [7]
2026-01-29 18:01:52.131148-0600: NOTICE: doChange: addr 3.0 [7]
2026-01-29 18:34:55.676715-0600: NOTICE: accepted No_Media_Mode enter, Thu Jan 29 18:34:55 2026
2026-01-29 18:37:32.969397-0600: NOTICE: accepted No_Media_Mode exit, Thu Jan 29 18:37:32 2026
2026-01-29 18:37:33.224464-0600: NOTICE: doChange: addr 1.0 [7]
2026-01-29 18:37:33.224557-0600: NOTICE: doChange: addr 2.0 [7]
2026-01-29 18:37:33.227249-0600: NOTICE: doChange: addr 3.0 [7]
2026-01-29 18:38:06.591758-0600: NOTICE: accepted No_Media_Mode enter, Thu Jan 29 18:38:06 2026
2026-01-29 18:45:33.168154-0600: NOTICE: accepted No_Media_Mode exit, Thu Jan 29 18:45:33 2026
2026-01-29 18:45:33.218290-0600: NOTICE: doChange: addr 1.0 [7]
2026-01-29 18:45:33.218331-0600: NOTICE: doChange: addr 2.0 [7]
2026-01-29 18:45:33.221018-0600: NOTICE: doChange: addr 3.0 [7]
2026-01-29 18:46:46.165939-0600: NOTICE: accepted No_Media_Mode enter, Thu Jan 29 18:46:46 2026
2026-01-29 18:58:59.990831-0600: NOTICE: accepted No_Media_Mode exit, Thu Jan 29 18:58:59 2026
2026-01-29 18:59:00.044506-0600: NOTICE: doChange: addr 1.0 [7]
2026-01-29 18:59:00.044557-0600: NOTICE: doChange: addr 2.0 [7]
2026-01-29 18:59:00.047604-0600: NOTICE: doChange: addr 3.0 [7]
2026-01-30 10:40:38.668392-0600: PolicyEngine started: 7800020000000000, Time: Fri Jan 30 10:40:38 2026
2026-01-30 10:40:39.363921-0600: NOTICE: kAGDCCallbackCapability: 0x0 []
2026-01-30 10:40:40.130740-0600: NOTICE: Vendor portmap 0xe mst 0xc ddc 0xc aux 0xe
2026-01-30 10:40:40.131137-0600: NOTICE: Features policyd 0x20100000 kernel 0x0
2026-01-30 10:40:40.154953-0600: NOTICE: Populated addr 1.0 bad:f00d UUID 0 order 0:0 tx 2:2 dsp 1 WL 0 MS 0 edid 128 undef 0 DSC 0
2026-01-30 10:40:40.162432-0600: NOTICE: Populated addr 1.0 bad:f00d UUID 0 order 0:0 tx 2:2 dsp 1 WL 0 MS 0 edid 128 undef 0 DSC 0
2026-01-30 10:40:40.162984-0600: NOTICE: FB AGDC state FB[0] - ON
2026-01-30 10:40:40.173052-0600: NOTICE: accepted No_Media_Mode enter, Fri Jan 30 10:40:40 2026
2026-01-30 10:40:40.174397-0600: NOTICE: accepted No_Media_Mode exit, Fri Jan 30 10:40:40 2026
2026-01-30 10:40:40.174591-0600: NOTICE: doChange: addr 1.0 [7]
2026-01-30 10:40:40.174876-0600: NOTICE: doChange: addr 2.0 [7]
2026-01-30 10:40:40.177826-0600: NOTICE: doChange: addr 3.0 [7]
2026-01-30 10:40:40.184828-0600: NOTICE: doChange: addr 1.0 [7]
2026-01-30 10:40:40.184874-0600: NOTICE: doChange: addr 2.0 [7]
2026-01-30 10:40:40.187672-0600: NOTICE: doChange: addr 3.0 [7]
2026-01-30 10:40:40.638527-0600: PolicyEngine started: 7800020000000000, Time: Fri Jan 30 10:40:40 2026
2026-01-30 10:40:40.638691-0600: NOTICE: kAGDCCallbackCapability: 0x0 []
2026-01-30 10:40:40.639053-0600: NOTICE: Vendor portmap 0xe mst 0xc ddc 0xc aux 0xe
2026-01-30 10:40:40.639091-0600: NOTICE: Features policyd 0x20100000 kernel 0x0
2026-01-30 10:40:40.639279-0600: NOTICE: doing display state recovery
2026-01-30 10:40:40.639640-0600: NOTICE: FB AGDC state FB[0] - ON
2026-01-30 10:40:40.641393-0600: NOTICE: doChange: addr 1.0 [7]
2026-01-30 10:40:40.641445-0600: NOTICE: doChange: addr 2.0 [7]
2026-01-30 10:40:40.644039-0600: NOTICE: doChange: addr 3.0 [7]
2026-01-30 11:26:49.290194-0600: NOTICE: accepted No_Media_Mode enter, Fri Jan 30 11:26:49 2026
2026-01-30 11:56:24.919621-0600: NOTICE: accepted No_Media_Mode exit, Fri Jan 30 11:56:24 2026
2026-01-30 11:56:25.055927-0600: NOTICE: doChange: addr 1.0 [7]
2026-01-30 11:56:25.056003-0600: NOTICE: doChange: addr 2.0 [7]
2026-01-30 11:56:25.058611-0600: NOTICE: doChange: addr 3.0 [7]
2026-01-30 12:43:08.195790-0600: NOTICE: accepted No_Media_Mode enter, Fri Jan 30 12:43:08 2026
2026-01-30 12:53:07.932989-0600: NOTICE: accepted No_Media_Mode exit, Fri Jan 30 12:53:07 2026
2026-01-30 12:53:08.093991-0600: NOTICE: doChange: addr 1.0 [7]
2026-01-30 12:53:08.094112-0600: NOTICE: doChange: addr 2.0 [7]
2026-01-30 12:53:08.097247-0600: NOTICE: doChange: addr 3.0 [7]
2026-01-30 13:22:34.545126-0600: NOTICE: accepted No_Media_Mode enter, Fri Jan 30 13:22:34 2026
2026-01-30 13:35:57.027680-0600: NOTICE: accepted No_Media_Mode exit, Fri Jan 30 13:35:57 2026
2026-01-30 13:35:57.038200-0600: NOTICE: doChange: addr 1.0 [7]
2026-01-30 13:35:57.038352-0600: NOTICE: doChange: addr 2.0 [7]
2026-01-30 13:35:57.042233-0600: NOTICE: doChange: addr 3.0 [7]
2026-02-01 14:04:56.812829-0600: PolicyEngine started: 7800020000000000, Time: Sun Feb  1 14:04:56 2026
2026-02-01 14:04:57.445981-0600: NOTICE: kAGDCCallbackCapability: 0x0 []
2026-02-01 14:04:58.300493-0600: NOTICE: Vendor portmap 0xe mst 0xc ddc 0xc aux 0xe
2026-02-01 14:04:58.300837-0600: NOTICE: Features policyd 0x20100000 kernel 0x0
2026-02-01 14:04:58.311161-0600: NOTICE: Populated addr 1.0 bad:f00d UUID 0 order 0:0 tx 2:2 dsp 1 WL 0 MS 0 edid 128 undef 0 DSC 0
2026-02-01 14:04:58.317379-0600: NOTICE: Populated addr 1.0 bad:f00d UUID 0 order 0:0 tx 2:2 dsp 1 WL 0 MS 0 edid 128 undef 0 DSC 0
2026-02-01 14:04:58.318176-0600: NOTICE: FB AGDC state FB[0] - ON
2026-02-01 14:04:58.327126-0600: NOTICE: accepted No_Media_Mode enter, Sun Feb  1 14:04:58 2026
2026-02-01 14:04:58.327226-0600: NOTICE: accepted No_Media_Mode exit, Sun Feb  1 14:04:58 2026
2026-02-01 14:04:58.327603-0600: NOTICE: doChange: addr 1.0 [7]
2026-02-01 14:04:58.327715-0600: NOTICE: doChange: addr 2.0 [7]
2026-02-01 14:04:58.331901-0600: NOTICE: doChange: addr 3.0 [7]
2026-02-01 14:04:58.340230-0600: NOTICE: doChange: addr 1.0 [7]
2026-02-01 14:04:58.340277-0600: NOTICE: doChange: addr 2.0 [7]
2026-02-01 14:04:58.343520-0600: NOTICE: doChange: addr 3.0 [7]
2026-02-01 14:21:37.025218-0600: NOTICE: accepted No_Media_Mode enter, Sun Feb  1 14:21:37 2026
2026-02-01 14:41:15.970449-0600: NOTICE: accepted No_Media_Mode exit, Sun Feb  1 14:41:15 2026
2026-02-01 14:41:16.102066-0600: NOTICE: doChange: addr 1.0 [7]
2026-02-01 14:41:16.102385-0600: NOTICE: doChange: addr 2.0 [7]
2026-02-01 14:41:16.105434-0600: NOTICE: doChange: addr 3.0 [7]
2026-02-01 14:41:49.399388-0600: NOTICE: accepted No_Media_Mode enter, Sun Feb  1 14:41:49 2026
2026-02-01 14:55:07.350367-0600: NOTICE: accepted No_Media_Mode exit, Sun Feb  1 14:55:07 2026
2026-02-01 14:55:07.418606-0600: NOTICE: doChange: addr 1.0 [7]
2026-02-01 14:55:07.418655-0600: NOTICE: doChange: addr 2.0 [7]
2026-02-01 14:55:07.421316-0600: NOTICE: doChange: addr 3.0 [7]
2026-02-04 10:03:09.036817-0600: PolicyEngine started: 7800020000000000, Time: Wed Feb  4 10:03:09 2026
2026-02-04 10:03:09.984399-0600: NOTICE: kAGDCCallbackCapability: 0x0 []
2026-02-04 10:03:10.551088-0600: NOTICE: Vendor portmap 0xe mst 0xc ddc 0xc aux 0xe
2026-02-04 10:03:10.551741-0600: NOTICE: Features policyd 0x20100000 kernel 0x0
2026-02-04 10:03:10.567316-0600: NOTICE: Populated addr 1.0 bad:f00d UUID 0 order 0:0 tx 2:2 dsp 1 WL 0 MS 0 edid 128 undef 0 DSC 0
2026-02-04 10:03:10.576024-0600: NOTICE: Populated addr 1.0 bad:f00d UUID 0 order 0:0 tx 2:2 dsp 1 WL 0 MS 0 edid 128 undef 0 DSC 0
2026-02-04 10:03:10.576087-0600: NOTICE: FB AGDC state FB[0] - ON
2026-02-04 10:03:10.579642-0600: NOTICE: accepted No_Media_Mode enter, Wed Feb  4 10:03:10 2026
2026-02-04 10:03:10.579710-0600: NOTICE: accepted No_Media_Mode exit, Wed Feb  4 10:03:10 2026
2026-02-04 10:03:10.580263-0600: NOTICE: doChange: addr 1.0 [7]
2026-02-04 10:03:10.580463-0600: NOTICE: doChange: addr 2.0 [7]
2026-02-04 10:03:10.584262-0600: NOTICE: doChange: addr 3.0 [7]
2026-02-04 10:03:10.589996-0600: NOTICE: doChange: addr 1.0 [7]
2026-02-04 10:03:10.590054-0600: NOTICE: doChange: addr 2.0 [7]
2026-02-04 10:03:10.593757-0600: NOTICE: doChange: addr 3.0 [7]
2026-02-04 11:27:00.118999-0600: NOTICE: accepted No_Media_Mode enter, Wed Feb  4 11:27:00 2026
2026-02-04 11:30:57.856923-0600: NOTICE: accepted No_Media_Mode exit, Wed Feb  4 11:30:58 2026
2026-02-04 11:30:58.143685-0600: NOTICE: doChange: addr 1.0 [7]
2026-02-04 11:30:58.144877-0600: NOTICE: doChange: addr 2.0 [7]
2026-02-04 11:30:58.147788-0600: NOTICE: doChange: addr 3.0 [7]
2026-02-04 12:20:54.658626-0600: NOTICE: accepted No_Media_Mode enter, Wed Feb  4 12:20:54 2026
2026-02-04 12:23:41.937875-0600: NOTICE: accepted No_Media_Mode exit, Wed Feb  4 12:23:41 2026
2026-02-04 12:23:42.012831-0600: NOTICE: doChange: addr 1.0 [7]
2026-02-04 12:23:42.012887-0600: NOTICE: doChange: addr 2.0 [7]
2026-02-04 12:23:42.015660-0600: NOTICE: doChange: addr 3.0 [7]
2026-02-04 12:47:58.883503-0600: NOTICE: accepted No_Media_Mode enter, Wed Feb  4 12:47:58 2026
2026-02-04 12:51:31.921658-0600: NOTICE: accepted No_Media_Mode exit, Wed Feb  4 12:51:31 2026
2026-02-04 12:51:32.050393-0600: NOTICE: doChange: addr 1.0 [7]
2026-02-04 12:51:32.050490-0600: NOTICE: doChange: addr 2.0 [7]
2026-02-04 12:51:32.053311-0600: NOTICE: doChange: addr 3.0 [7]
2026-02-04 12:58:20.806583-0600: NOTICE: accepted No_Media_Mode enter, Wed Feb  4 12:58:20 2026
2026-02-04 13:14:41.987823-0600: NOTICE: accepted No_Media_Mode exit, Wed Feb  4 13:14:41 2026
2026-02-04 13:14:42.248015-0600: NOTICE: doChange: addr 1.0 [7]
2026-02-04 13:14:42.248265-0600: NOTICE: doChange: addr 2.0 [7]
2026-02-04 13:14:42.252323-0600: NOTICE: doChange: addr 3.0 [7]
2026-02-04 14:15:57.181166-0600: NOTICE: accepted No_Media_Mode enter, Wed Feb  4 14:15:57 2026
2026-02-04 14:23:13.101579-0600: NOTICE: accepted No_Media_Mode exit, Wed Feb  4 14:23:13 2026
2026-02-04 14:23:13.313448-0600: NOTICE: doChange: addr 1.0 [7]
2026-02-04 14:23:13.313615-0600: NOTICE: doChange: addr 2.0 [7]
2026-02-04 14:23:13.316420-0600: NOTICE: doChange: addr 3.0 [7]
2026-02-04 14:41:06.447397-0600: NOTICE: accepted No_Media_Mode enter, Wed Feb  4 14:41:06 2026
2026-02-04 14:45:27.990294-0600: NOTICE: accepted No_Media_Mode exit, Wed Feb  4 14:45:28 2026
2026-02-04 14:45:28.063138-0600: NOTICE: doChange: addr 1.0 [7]
2026-02-04 14:45:28.063214-0600: NOTICE: doChange: addr 2.0 [7]
2026-02-04 14:45:28.072639-0600: NOTICE: doChange: addr 3.0 [7]
2026-02-04 16:11:03.078708-0600: NOTICE: accepted No_Media_Mode enter, Wed Feb  4 16:11:03 2026
2026-02-04 16:15:20.888232-0600: NOTICE: accepted No_Media_Mode exit, Wed Feb  4 16:15:20 2026
2026-02-04 16:15:20.961839-0600: NOTICE: doChange: addr 1.0 [7]
2026-02-04 16:15:20.961922-0600: NOTICE: doChange: addr 2.0 [7]
2026-02-04 16:15:20.965214-0600: NOTICE: doChange: addr 3.0 [7]
2026-02-04 17:03:02.384863-0600: NOTICE: accepted No_Media_Mode enter, Wed Feb  4 17:03:02 2026
2026-02-04 17:06:00.910674-0600: NOTICE: accepted No_Media_Mode exit, Wed Feb  4 17:06:00 2026
2026-02-04 17:06:00.952610-0600: NOTICE: doChange: addr 1.0 [7]
2026-02-04 17:06:00.952668-0600: NOTICE: doChange: addr 2.0 [7]
2026-02-04 17:06:00.955339-0600: NOTICE: doChange: addr 3.0 [7]
2026-02-04 17:06:31.229215-0600: NOTICE: accepted No_Media_Mode enter, Wed Feb  4 17:06:32 2026
2026-02-04 17:13:23.095951-0600: NOTICE: accepted No_Media_Mode exit, Wed Feb  4 17:13:23 2026
2026-02-04 17:13:23.145760-0600: NOTICE: doChange: addr 1.0 [7]
2026-02-04 17:13:23.145817-0600: NOTICE: doChange: addr 2.0 [7]
2026-02-04 17:13:23.148410-0600: NOTICE: doChange: addr 3.0 [7]
2026-02-04 17:13:53.444676-0600: NOTICE: accepted No_Media_Mode enter, Wed Feb  4 17:13:55 2026
2026-02-04 17:17:23.265369-0600: NOTICE: accepted No_Media_Mode exit, Wed Feb  4 17:17:24 2026
2026-02-04 17:17:23.275244-0600: NOTICE: doChange: addr 1.0 [7]
2026-02-04 17:17:23.275371-0600: NOTICE: doChange: addr 2.0 [7]
2026-02-04 17:17:23.278287-0600: NOTICE: doChange: addr 3.0 [7]
2026-02-04 17:17:55.974627-0600: NOTICE: accepted No_Media_Mode enter, Wed Feb  4 17:17:58 2026
2026-02-04 17:23:35.908826-0600: NOTICE: accepted No_Media_Mode exit, Wed Feb  4 17:23:35 2026
2026-02-04 17:23:35.942426-0600: NOTICE: doChange: addr 1.0 [7]
2026-02-04 17:23:35.942491-0600: NOTICE: doChange: addr 2.0 [7]
2026-02-04 17:23:35.945331-0600: NOTICE: doChange: addr 3.0 [7]
2026-02-05 08:10:59.686234-0600: PolicyEngine started: 7800020000000000, Time: Thu Feb  5 08:10:59 2026
2026-02-05 08:11:00.367229-0600: NOTICE: kAGDCCallbackCapability: 0x0 []
2026-02-05 08:11:01.171365-0600: NOTICE: Vendor portmap 0xe mst 0xc ddc 0xc aux 0xe
2026-02-05 08:11:01.189535-0600: NOTICE: Features policyd 0x20100000 kernel 0x0
2026-02-05 08:11:01.196808-0600: NOTICE: Populated addr 1.0 bad:f00d UUID 0 order 0:0 tx 2:2 dsp 1 WL 0 MS 0 edid 128 undef 0 DSC 0
2026-02-05 08:11:01.200084-0600: NOTICE: Populated addr 1.0 bad:f00d UUID 0 order 0:0 tx 2:2 dsp 1 WL 0 MS 0 edid 128 undef 0 DSC 0
2026-02-05 08:11:01.200145-0600: NOTICE: FB AGDC state FB[0] - ON
2026-02-05 08:11:01.214495-0600: NOTICE: accepted No_Media_Mode enter, Thu Feb  5 08:11:01 2026
2026-02-05 08:11:01.214681-0600: NOTICE: accepted No_Media_Mode exit, Thu Feb  5 08:11:01 2026
2026-02-05 08:11:01.214839-0600: NOTICE: doChange: addr 1.0 [7]
2026-02-05 08:11:01.214861-0600: NOTICE: doChange: addr 2.0 [7]
2026-02-05 08:11:01.218552-0600: NOTICE: doChange: addr 3.0 [7]
2026-02-05 08:11:01.225906-0600: NOTICE: doChange: addr 1.0 [7]
2026-02-05 08:11:01.225952-0600: NOTICE: doChange: addr 2.0 [7]
2026-02-05 08:11:01.231562-0600: NOTICE: doChange: addr 3.0 [7]
2026-02-05 10:34:51.002342-0600: PolicyEngine started: 7800020000000000, Time: Thu Feb  5 10:34:51 2026
2026-02-05 10:34:51.714546-0600: NOTICE: kAGDCCallbackCapability: 0x0 []
2026-02-05 10:34:52.425407-0600: NOTICE: Vendor portmap 0xe mst 0xc ddc 0xc aux 0xe
2026-02-05 10:34:52.433317-0600: NOTICE: Features policyd 0x20100000 kernel 0x0
2026-02-05 10:34:52.449326-0600: NOTICE: Populated addr 1.0 bad:f00d UUID 0 order 0:0 tx 2:2 dsp 1 WL 0 MS 0 edid 128 undef 0 DSC 0
2026-02-05 10:34:52.467647-0600: NOTICE: Populated addr 1.0 bad:f00d UUID 0 order 0:0 tx 2:2 dsp 1 WL 0 MS 0 edid 128 undef 0 DSC 0
2026-02-05 10:34:52.467703-0600: NOTICE: FB AGDC state FB[0] - ON
2026-02-05 10:34:52.470613-0600: NOTICE: accepted No_Media_Mode enter, Thu Feb  5 10:34:52 2026
2026-02-05 10:34:52.470684-0600: NOTICE: accepted No_Media_Mode exit, Thu Feb  5 10:34:52 2026
2026-02-05 10:34:52.471443-0600: NOTICE: doChange: addr 1.0 [7]
2026-02-05 10:34:52.471497-0600: NOTICE: doChange: addr 2.0 [7]
2026-02-05 10:34:52.494087-0600: NOTICE: doChange: addr 3.0 [7]
2026-02-05 10:34:52.497950-0600: NOTICE: doChange: addr 1.0 [7]
2026-02-05 10:34:52.498014-0600: NOTICE: doChange: addr 2.0 [7]
2026-02-05 10:34:52.503127-0600: NOTICE: doChange: addr 3.0 [7]
2026-02-05 10:34:52.857793-0600: PolicyEngine started: 7800020000000000, Time: Thu Feb  5 10:34:52 2026
2026-02-05 10:34:52.858033-0600: NOTICE: kAGDCCallbackCapability: 0x0 []
2026-02-05 10:34:52.858633-0600: NOTICE: Vendor portmap 0xe mst 0xc ddc 0xc aux 0xe
2026-02-05 10:34:52.858735-0600: NOTICE: Features policyd 0x20100000 kernel 0x0
2026-02-05 10:34:52.858960-0600: NOTICE: doing display state recovery
2026-02-05 10:34:52.859492-0600: NOTICE: FB AGDC state FB[0] - ON
2026-02-05 10:34:52.861413-0600: NOTICE: doChange: addr 1.0 [7]
2026-02-05 10:34:52.861486-0600: NOTICE: doChange: addr 2.0 [7]
2026-02-05 10:34:52.864253-0600: NOTICE: doChange: addr 3.0 [7]
2026-02-05 10:40:56.411474-0600: NOTICE: accepted No_Media_Mode enter, Thu Feb  5 10:40:56 2026
2026-02-05 10:46:41.916529-0600: NOTICE: accepted No_Media_Mode exit, Thu Feb  5 10:46:41 2026
2026-02-05 10:46:41.948774-0600: NOTICE: doChange: addr 1.0 [7]
2026-02-05 10:46:41.948854-0600: NOTICE: doChange: addr 2.0 [7]
2026-02-05 10:46:41.951592-0600: NOTICE: doChange: addr 3.0 [7]
2026-02-05 11:11:02.419775-0600: NOTICE: accepted No_Media_Mode enter, Thu Feb  5 11:11:02 2026
2026-02-05 11:11:05.106142-0600: NOTICE: accepted No_Media_Mode exit, Thu Feb  5 11:11:05 2026
2026-02-05 11:11:05.326800-0600: NOTICE: doChange: addr 1.0 [7]
2026-02-05 11:11:05.326859-0600: NOTICE: doChange: addr 2.0 [7]
2026-02-05 11:11:05.329699-0600: NOTICE: doChange: addr 3.0 [7]
2026-02-05 12:57:39.911792-0600: PolicyEngine started: 7800020000000000, Time: Thu Feb  5 12:57:39 2026
2026-02-05 12:57:40.544774-0600: NOTICE: kAGDCCallbackCapability: 0x0 []
2026-02-05 12:57:41.381803-0600: NOTICE: Vendor portmap 0xe mst 0xc ddc 0xc aux 0xe
2026-02-05 12:57:41.410791-0600: NOTICE: Features policyd 0x20100000 kernel 0x0
2026-02-05 12:57:41.424176-0600: NOTICE: Populated addr 1.0 bad:f00d UUID 0 order 0:0 tx 2:2 dsp 1 WL 0 MS 0 edid 128 undef 0 DSC 0
2026-02-05 12:57:41.427341-0600: NOTICE: Populated addr 1.0 bad:f00d UUID 0 order 0:0 tx 2:2 dsp 1 WL 0 MS 0 edid 128 undef 0 DSC 0
2026-02-05 12:57:41.427397-0600: NOTICE: FB AGDC state FB[0] - ON
2026-02-05 12:57:41.431502-0600: NOTICE: accepted No_Media_Mode enter, Thu Feb  5 12:57:41 2026
2026-02-05 12:57:41.431582-0600: NOTICE: accepted No_Media_Mode exit, Thu Feb  5 12:57:41 2026
2026-02-05 12:57:41.432354-0600: NOTICE: doChange: addr 1.0 [7]
2026-02-05 12:57:41.432842-0600: NOTICE: doChange: addr 2.0 [7]
2026-02-05 12:57:41.438335-0600: NOTICE: doChange: addr 3.0 [7]
2026-02-05 12:57:41.442795-0600: NOTICE: doChange: addr 1.0 [7]
2026-02-05 12:57:41.442837-0600: NOTICE: doChange: addr 2.0 [7]
2026-02-05 12:57:41.447474-0600: NOTICE: doChange: addr 3.0 [7]
2026-02-05 12:57:41.825093-0600: PolicyEngine started: 7800020000000000, Time: Thu Feb  5 12:57:41 2026
2026-02-05 12:57:41.825301-0600: NOTICE: kAGDCCallbackCapability: 0x0 []
2026-02-05 12:57:41.825788-0600: NOTICE: Vendor portmap 0xe mst 0xc ddc 0xc aux 0xe
2026-02-05 12:57:41.825832-0600: NOTICE: Features policyd 0x20100000 kernel 0x0
2026-02-05 12:57:41.826031-0600: NOTICE: doing display state recovery
2026-02-05 12:57:41.826459-0600: NOTICE: FB AGDC state FB[0] - ON
2026-02-05 12:57:41.828491-0600: NOTICE: doChange: addr 1.0 [7]
2026-02-05 12:57:41.828686-0600: NOTICE: doChange: addr 2.0 [7]
2026-02-05 12:57:41.831303-0600: NOTICE: doChange: addr 3.0 [7]
2026-02-05 16:18:39.205136-0600: NOTICE: accepted No_Media_Mode enter, Thu Feb  5 16:18:39 2026
2026-02-05 16:26:53.711566-0600: NOTICE: accepted No_Media_Mode exit, Thu Feb  5 16:26:53 2026
2026-02-05 16:26:53.972440-0600: NOTICE: doChange: addr 1.0 [7]
2026-02-05 16:26:53.972557-0600: NOTICE: doChange: addr 2.0 [7]
2026-02-05 16:26:53.975438-0600: NOTICE: doChange: addr 3.0 [7]
2026-02-05 18:04:24.177606-0600: NOTICE: accepted No_Media_Mode enter, Thu Feb  5 18:04:24 2026
2026-02-05 18:09:37.992628-0600: NOTICE: accepted No_Media_Mode exit, Thu Feb  5 18:09:37 2026
2026-02-05 18:09:38.003613-0600: NOTICE: doChange: addr 1.0 [7]
2026-02-05 18:09:38.003727-0600: NOTICE: doChange: addr 2.0 [7]
2026-02-05 18:09:38.006386-0600: NOTICE: doChange: addr 3.0 [7]
2026-02-05 19:16:33.544311-0600: NOTICE: accepted No_Media_Mode enter, Thu Feb  5 19:16:33 2026
2026-02-05 19:21:52.925914-0600: NOTICE: accepted No_Media_Mode exit, Thu Feb  5 19:21:52 2026
2026-02-05 19:21:52.961992-0600: NOTICE: doChange: addr 1.0 [7]
2026-02-05 19:21:52.962064-0600: NOTICE: doChange: addr 2.0 [7]
2026-02-05 19:21:52.964728-0600: NOTICE: doChange: addr 3.0 [7]
2026-02-06 09:02:55.802287-0600: PolicyEngine started: 7800020000000000, Time: Fri Feb  6 09:02:55 2026
2026-02-06 09:02:56.451133-0600: NOTICE: kAGDCCallbackCapability: 0x0 []
2026-02-06 09:02:57.240779-0600: NOTICE: Vendor portmap 0xe mst 0xc ddc 0xc aux 0xe
2026-02-06 09:02:57.241211-0600: NOTICE: Features policyd 0x20100000 kernel 0x0
2026-02-06 09:02:57.255482-0600: NOTICE: Populated addr 1.0 bad:f00d UUID 0 order 0:0 tx 2:2 dsp 1 WL 0 MS 0 edid 128 undef 0 DSC 0
2026-02-06 09:02:57.259830-0600: NOTICE: Populated addr 1.0 bad:f00d UUID 0 order 0:0 tx 2:2 dsp 1 WL 0 MS 0 edid 128 undef 0 DSC 0
2026-02-06 09:02:57.259924-0600: NOTICE: FB AGDC state FB[0] - ON
2026-02-06 09:02:57.262364-0600: NOTICE: accepted No_Media_Mode enter, Fri Feb  6 09:02:57 2026
2026-02-06 09:02:57.262421-0600: NOTICE: accepted No_Media_Mode exit, Fri Feb  6 09:02:57 2026
2026-02-06 09:02:57.262497-0600: NOTICE: doChange: addr 1.0 [7]
2026-02-06 09:02:57.262522-0600: NOTICE: doChange: addr 2.0 [7]
2026-02-06 09:02:57.265271-0600: NOTICE: doChange: addr 3.0 [7]
2026-02-06 09:02:57.272838-0600: NOTICE: doChange: addr 1.0 [7]
2026-02-06 09:02:57.272890-0600: NOTICE: doChange: addr 2.0 [7]
2026-02-06 09:02:57.275527-0600: NOTICE: doChange: addr 3.0 [7]
2026-02-06 09:02:57.813604-0600: PolicyEngine started: 7800020000000000, Time: Fri Feb  6 09:02:57 2026
2026-02-06 09:02:57.813825-0600: NOTICE: kAGDCCallbackCapability: 0x0 []
2026-02-06 09:02:57.814348-0600: NOTICE: Vendor portmap 0xe mst 0xc ddc 0xc aux 0xe
2026-02-06 09:02:57.814390-0600: NOTICE: Features policyd 0x20100000 kernel 0x0
2026-02-06 09:02:57.814493-0600: NOTICE: doing display state recovery
2026-02-06 09:02:57.814842-0600: NOTICE: FB AGDC state FB[0] - ON
2026-02-06 09:02:57.816478-0600: NOTICE: doChange: addr 1.0 [7]
2026-02-06 09:02:57.816519-0600: NOTICE: doChange: addr 2.0 [7]
2026-02-06 09:02:57.819318-0600: NOTICE: doChange: addr 3.0 [7]
2026-02-06 11:00:28.537132-0600: NOTICE: accepted No_Media_Mode enter, Fri Feb  6 11:00:28 2026
2026-02-06 11:02:20.938282-0600: NOTICE: accepted No_Media_Mode exit, Fri Feb  6 11:02:20 2026
2026-02-06 11:02:20.991987-0600: NOTICE: doChange: addr 1.0 [7]
2026-02-06 11:02:20.992053-0600: NOTICE: doChange: addr 2.0 [7]
2026-02-06 11:02:20.996198-0600: NOTICE: doChange: addr 3.0 [7]
2026-02-06 11:02:51.522128-0600: NOTICE: accepted No_Media_Mode enter, Fri Feb  6 11:02:52 2026
2026-02-06 11:07:53.660654-0600: NOTICE: accepted No_Media_Mode exit, Fri Feb  6 11:07:54 2026
2026-02-06 11:07:53.671583-0600: NOTICE: doChange: addr 1.0 [7]
2026-02-06 11:07:53.671642-0600: NOTICE: doChange: addr 2.0 [7]
2026-02-06 11:07:53.674443-0600: NOTICE: doChange: addr 3.0 [7]
2026-02-06 11:45:34.559580-0600: NOTICE: accepted No_Media_Mode enter, Fri Feb  6 11:45:34 2026
2026-02-06 11:52:05.876322-0600: NOTICE: accepted No_Media_Mode exit, Fri Feb  6 11:52:05 2026
2026-02-06 11:52:05.894092-0600: NOTICE: doChange: addr 1.0 [7]
2026-02-06 11:52:05.894226-0600: NOTICE: doChange: addr 2.0 [7]
2026-02-06 11:52:05.899163-0600: NOTICE: doChange: addr 3.0 [7]
2026-02-06 12:54:51.679011-0600: NOTICE: accepted No_Media_Mode enter, Fri Feb  6 12:54:51 2026
2026-02-06 13:01:19.837753-0600: NOTICE: accepted No_Media_Mode exit, Fri Feb  6 13:01:19 2026
2026-02-06 13:01:19.911027-0600: NOTICE: doChange: addr 1.0 [7]
2026-02-06 13:01:19.911101-0600: NOTICE: doChange: addr 2.0 [7]
2026-02-06 13:01:19.913809-0600: NOTICE: doChange: addr 3.0 [7]
2026-02-06 13:22:17.173004-0600: NOTICE: accepted No_Media_Mode enter, Fri Feb  6 13:22:17 2026
2026-02-06 13:27:28.868583-0600: NOTICE: accepted No_Media_Mode exit, Fri Feb  6 13:27:28 2026
2026-02-06 13:27:28.893389-0600: NOTICE: doChange: addr 1.0 [7]
2026-02-06 13:27:28.893447-0600: NOTICE: doChange: addr 2.0 [7]
2026-02-06 13:27:28.896721-0600: NOTICE: doChange: addr 3.0 [7]
2026-02-06 15:27:17.597038-0600: PolicyEngine started: 7800020000000000, Time: Fri Feb  6 15:27:17 2026
2026-02-06 15:27:18.231719-0600: NOTICE: kAGDCCallbackCapability: 0x0 []
2026-02-06 15:27:19.120972-0600: NOTICE: Vendor portmap 0xe mst 0xc ddc 0xc aux 0xe
2026-02-06 15:27:19.121270-0600: NOTICE: Features policyd 0x20100000 kernel 0x0
2026-02-06 15:27:19.142632-0600: NOTICE: Populated addr 1.0 bad:f00d UUID 0 order 0:0 tx 2:2 dsp 1 WL 0 MS 0 edid 128 undef 0 DSC 0
2026-02-06 15:27:19.146964-0600: NOTICE: Populated addr 1.0 bad:f00d UUID 0 order 0:0 tx 2:2 dsp 1 WL 0 MS 0 edid 128 undef 0 DSC 0
2026-02-06 15:27:19.159608-0600: NOTICE: FB AGDC state FB[0] - ON
2026-02-06 15:27:19.170311-0600: NOTICE: accepted No_Media_Mode enter, Fri Feb  6 15:27:19 2026
2026-02-06 15:27:19.170645-0600: NOTICE: accepted No_Media_Mode exit, Fri Feb  6 15:27:19 2026
2026-02-06 15:27:19.170926-0600: NOTICE: doChange: addr 1.0 [7]
2026-02-06 15:27:19.170971-0600: NOTICE: doChange: addr 2.0 [7]
2026-02-06 15:27:19.174006-0600: NOTICE: doChange: addr 3.0 [7]
2026-02-06 15:27:19.186773-0600: NOTICE: doChange: addr 1.0 [7]
2026-02-06 15:27:19.186825-0600: NOTICE: doChange: addr 2.0 [7]
2026-02-06 15:27:19.190531-0600: NOTICE: doChange: addr 3.0 [7]
2026-02-10 12:10:17.528325-0600: PolicyEngine started: 7800020000000000, Time: Tue Feb 10 12:10:17 2026
2026-02-10 12:10:18.419642-0600: NOTICE: kAGDCCallbackCapability: 0x0 []
2026-02-10 12:10:18.977789-0600: NOTICE: Vendor portmap 0xe mst 0xc ddc 0xc aux 0xe
2026-02-10 12:10:18.978315-0600: NOTICE: Features policyd 0x20100000 kernel 0x0
2026-02-10 12:10:18.990008-0600: NOTICE: Populated addr 1.0 bad:f00d UUID 0 order 0:0 tx 2:2 dsp 1 WL 0 MS 0 edid 128 undef 0 DSC 0
2026-02-10 12:10:18.996420-0600: NOTICE: Populated addr 1.0 bad:f00d UUID 0 order 0:0 tx 2:2 dsp 1 WL 0 MS 0 edid 128 undef 0 DSC 0
2026-02-10 12:10:18.996738-0600: NOTICE: FB AGDC state FB[0] - ON
2026-02-10 12:10:19.000363-0600: NOTICE: accepted No_Media_Mode enter, Tue Feb 10 12:10:19 2026
2026-02-10 12:10:19.000738-0600: NOTICE: accepted No_Media_Mode exit, Tue Feb 10 12:10:19 2026
2026-02-10 12:10:19.000880-0600: NOTICE: doChange: addr 1.0 [7]
2026-02-10 12:10:19.000962-0600: NOTICE: doChange: addr 2.0 [7]
2026-02-10 12:10:19.004160-0600: NOTICE: doChange: addr 3.0 [7]
2026-02-10 12:10:19.010732-0600: NOTICE: doChange: addr 1.0 [7]
2026-02-10 12:10:19.010801-0600: NOTICE: doChange: addr 2.0 [7]
2026-02-10 12:10:19.013799-0600: NOTICE: doChange: addr 3.0 [7]
2026-02-10 13:13:52.105822-0600: NOTICE: accepted No_Media_Mode enter, Tue Feb 10 13:13:52 2026
2026-02-10 13:20:49.865464-0600: NOTICE: accepted No_Media_Mode exit, Tue Feb 10 13:20:49 2026
2026-02-10 13:20:49.997320-0600: NOTICE: doChange: addr 1.0 [7]
2026-02-10 13:20:49.997372-0600: NOTICE: doChange: addr 2.0 [7]
2026-02-10 13:20:50.000032-0600: NOTICE: doChange: addr 3.0 [7]
2026-02-10 14:53:07.177166-0600: NOTICE: accepted No_Media_Mode enter, Tue Feb 10 14:53:07 2026
2026-02-10 14:58:37.979910-0600: NOTICE: accepted No_Media_Mode exit, Tue Feb 10 14:58:38 2026
2026-02-10 14:58:38.033928-0600: NOTICE: doChange: addr 1.0 [7]
2026-02-10 14:58:38.033987-0600: NOTICE: doChange: addr 2.0 [7]
2026-02-10 14:58:38.036664-0600: NOTICE: doChange: addr 3.0 [7]
2026-02-10 15:18:47.167564-0600: PolicyEngine started: 7800020000000000, Time: Tue Feb 10 15:18:47 2026
2026-02-10 15:18:47.815474-0600: NOTICE: kAGDCCallbackCapability: 0x0 []
2026-02-10 15:18:48.577563-0600: NOTICE: Vendor portmap 0xe mst 0xc ddc 0xc aux 0xe
2026-02-10 15:18:48.577843-0600: NOTICE: Features policyd 0x20100000 kernel 0x0
2026-02-10 15:18:48.582363-0600: NOTICE: Populated addr 1.0 bad:f00d UUID 0 order 0:0 tx 2:2 dsp 1 WL 0 MS 0 edid 128 undef 0 DSC 0
2026-02-10 15:18:48.586041-0600: NOTICE: Populated addr 1.0 bad:f00d UUID 0 order 0:0 tx 2:2 dsp 1 WL 0 MS 0 edid 128 undef 0 DSC 0
2026-02-10 15:18:48.586130-0600: NOTICE: FB AGDC state FB[0] - ON
2026-02-10 15:18:48.591393-0600: NOTICE: accepted No_Media_Mode enter, Tue Feb 10 15:18:48 2026
2026-02-10 15:18:48.591464-0600: NOTICE: accepted No_Media_Mode exit, Tue Feb 10 15:18:48 2026
2026-02-10 15:18:48.591606-0600: NOTICE: doChange: addr 1.0 [7]
2026-02-10 15:18:48.591663-0600: NOTICE: doChange: addr 2.0 [7]
2026-02-10 15:18:48.595992-0600: NOTICE: doChange: addr 3.0 [7]
2026-02-10 15:18:48.602606-0600: NOTICE: doChange: addr 1.0 [7]
2026-02-10 15:18:48.602665-0600: NOTICE: doChange: addr 2.0 [7]
2026-02-10 15:18:48.607386-0600: NOTICE: doChange: addr 3.0 [7]
2026-02-10 15:38:47.533867-0600: PolicyEngine started: 7800020000000000, Time: Tue Feb 10 15:38:47 2026
2026-02-10 15:38:48.220606-0600: NOTICE: kAGDCCallbackCapability: 0x0 []
2026-02-10 15:38:49.020534-0600: NOTICE: Vendor portmap 0xe mst 0xc ddc 0xc aux 0xe
2026-02-10 15:38:49.020815-0600: NOTICE: Features policyd 0x20100000 kernel 0x0
2026-02-10 15:38:49.029362-0600: NOTICE: Populated addr 1.0 bad:f00d UUID 0 order 0:0 tx 2:2 dsp 1 WL 0 MS 0 edid 128 undef 0 DSC 0
2026-02-10 15:38:49.057073-0600: NOTICE: Populated addr 1.0 bad:f00d UUID 0 order 0:0 tx 2:2 dsp 1 WL 0 MS 0 edid 128 undef 0 DSC 0
2026-02-10 15:38:49.057127-0600: NOTICE: FB AGDC state FB[0] - ON
2026-02-10 15:38:49.060090-0600: NOTICE: accepted No_Media_Mode enter, Tue Feb 10 15:38:49 2026
2026-02-10 15:38:49.060153-0600: NOTICE: accepted No_Media_Mode exit, Tue Feb 10 15:38:49 2026
2026-02-10 15:38:49.060222-0600: NOTICE: doChange: addr 1.0 [7]
2026-02-10 15:38:49.060252-0600: NOTICE: doChange: addr 2.0 [7]
2026-02-10 15:38:49.063415-0600: NOTICE: doChange: addr 3.0 [7]
2026-02-10 15:38:49.073055-0600: NOTICE: doChange: addr 1.0 [7]
2026-02-10 15:38:49.073448-0600: NOTICE: doChange: addr 2.0 [7]
2026-02-10 15:38:49.077141-0600: NOTICE: doChange: addr 3.0 [7]
2026-02-10 15:46:24.362797-0600: PolicyEngine started: 7800020000000000, Time: Tue Feb 10 15:46:24 2026
2026-02-10 15:46:25.282172-0600: NOTICE: kAGDCCallbackCapability: 0x0 []
2026-02-10 15:46:25.852699-0600: NOTICE: Vendor portmap 0xe mst 0xc ddc 0xc aux 0xe
2026-02-10 15:46:25.852985-0600: NOTICE: Features policyd 0x20100000 kernel 0x0
2026-02-10 15:46:25.857926-0600: NOTICE: Populated addr 1.0 bad:f00d UUID 0 order 0:0 tx 2:2 dsp 1 WL 0 MS 0 edid 128 undef 0 DSC 0
2026-02-10 15:46:25.863274-0600: NOTICE: Populated addr 1.0 bad:f00d UUID 0 order 0:0 tx 2:2 dsp 1 WL 0 MS 0 edid 128 undef 0 DSC 0
2026-02-10 15:46:25.863376-0600: NOTICE: FB AGDC state FB[0] - ON
2026-02-10 15:46:25.865759-0600: NOTICE: accepted No_Media_Mode enter, Tue Feb 10 15:46:25 2026
2026-02-10 15:46:25.865859-0600: NOTICE: accepted No_Media_Mode exit, Tue Feb 10 15:46:25 2026
2026-02-10 15:46:25.865928-0600: NOTICE: doChange: addr 1.0 [7]
2026-02-10 15:46:25.865961-0600: NOTICE: doChange: addr 2.0 [7]
2026-02-10 15:46:25.869095-0600: NOTICE: doChange: addr 3.0 [7]
2026-02-10 15:46:25.876357-0600: NOTICE: doChange: addr 1.0 [7]
2026-02-10 15:46:25.876409-0600: NOTICE: doChange: addr 2.0 [7]
2026-02-10 15:46:25.883657-0600: NOTICE: doChange: addr 3.0 [7]
2026-02-10 16:37:39.248611-0600: NOTICE: accepted No_Media_Mode enter, Tue Feb 10 16:37:39 2026
2026-02-10 16:45:53.856292-0600: NOTICE: accepted No_Media_Mode exit, Tue Feb 10 16:45:53 2026
2026-02-10 16:45:53.902276-0600: NOTICE: doChange: addr 1.0 [7]
2026-02-10 16:45:53.902338-0600: NOTICE: doChange: addr 2.0 [7]
2026-02-10 16:45:53.913369-0600: NOTICE: doChange: addr 3.0 [7]
2026-02-10 17:16:55.728168-0600: NOTICE: accepted No_Media_Mode enter, Tue Feb 10 17:16:55 2026
2026-02-10 17:20:48.903369-0600: NOTICE: accepted No_Media_Mode exit, Tue Feb 10 17:20:48 2026
2026-02-10 17:20:48.933783-0600: NOTICE: doChange: addr 1.0 [7]
2026-02-10 17:20:48.933816-0600: NOTICE: doChange: addr 2.0 [7]
2026-02-10 17:20:48.936547-0600: NOTICE: doChange: addr 3.0 [7]
2026-02-10 18:17:17.295217-0600: NOTICE: accepted No_Media_Mode enter, Tue Feb 10 18:17:17 2026
2026-02-10 18:23:59.899119-0600: NOTICE: accepted No_Media_Mode exit, Tue Feb 10 18:23:59 2026
2026-02-10 18:23:59.962747-0600: NOTICE: doChange: addr 1.0 [7]
2026-02-10 18:23:59.962815-0600: NOTICE: doChange: addr 2.0 [7]
2026-02-10 18:23:59.965601-0600: NOTICE: doChange: addr 3.0 [7]
2026-02-10 18:39:04.527751-0600: NOTICE: accepted No_Media_Mode enter, Tue Feb 10 18:39:04 2026
2026-02-10 18:44:34.988164-0600: NOTICE: accepted No_Media_Mode exit, Tue Feb 10 18:44:34 2026
2026-02-10 18:44:34.998120-0600: NOTICE: doChange: addr 1.0 [7]
2026-02-10 18:44:34.998161-0600: NOTICE: doChange: addr 2.0 [7]
2026-02-10 18:44:35.000898-0600: NOTICE: doChange: addr 3.0 [7]
2026-02-11 10:43:20.475349-0600: PolicyEngine started: 7800020000000000, Time: Wed Feb 11 10:43:20 2026
2026-02-11 10:43:21.120532-0600: NOTICE: kAGDCCallbackCapability: 0x0 []
2026-02-11 10:43:21.943452-0600: NOTICE: Vendor portmap 0xe mst 0xc ddc 0xc aux 0xe
2026-02-11 10:43:21.943728-0600: NOTICE: Features policyd 0x20100000 kernel 0x0
2026-02-11 10:43:21.971277-0600: NOTICE: Populated addr 1.0 bad:f00d UUID 0 order 0:0 tx 2:2 dsp 1 WL 0 MS 0 edid 128 undef 0 DSC 0
2026-02-11 10:43:22.022005-0600: NOTICE: Populated addr 1.0 bad:f00d UUID 0 order 0:0 tx 2:2 dsp 1 WL 0 MS 0 edid 128 undef 0 DSC 0
2026-02-11 10:43:22.041823-0600: NOTICE: FB AGDC state FB[0] - ON
2026-02-11 10:43:22.064195-0600: NOTICE: accepted No_Media_Mode enter, Wed Feb 11 10:43:22 2026
2026-02-11 10:43:22.064281-0600: NOTICE: accepted No_Media_Mode exit, Wed Feb 11 10:43:22 2026
2026-02-11 10:43:22.064356-0600: NOTICE: doChange: addr 1.0 [7]
2026-02-11 10:43:22.064382-0600: NOTICE: doChange: addr 2.0 [7]
2026-02-11 10:43:22.068945-0600: NOTICE: doChange: addr 3.0 [7]
2026-02-11 10:43:22.074361-0600: NOTICE: doChange: addr 1.0 [7]
2026-02-11 10:43:22.074433-0600: NOTICE: doChange: addr 2.0 [7]
2026-02-11 10:43:22.077997-0600: NOTICE: doChange: addr 3.0 [7]
2026-02-11 11:13:42.114593-0600: NOTICE: accepted No_Media_Mode enter, Wed Feb 11 11:13:42 2026
2026-02-11 11:28:56.729063-0600: NOTICE: accepted No_Media_Mode exit, Wed Feb 11 11:28:56 2026
2026-02-11 11:28:56.956463-0600: NOTICE: doChange: addr 1.0 [7]
2026-02-11 11:28:56.956539-0600: NOTICE: doChange: addr 2.0 [7]
2026-02-11 11:28:56.967197-0600: NOTICE: doChange: addr 3.0 [7]
2026-02-11 11:29:31.725192-0600: NOTICE: accepted No_Media_Mode enter, Wed Feb 11 11:29:31 2026
2026-02-11 11:41:19.295563-0600: NOTICE: accepted No_Media_Mode exit, Wed Feb 11 11:41:18 2026
2026-02-11 11:41:19.358081-0600: NOTICE: doChange: addr 1.0 [7]
2026-02-11 11:41:19.358223-0600: NOTICE: doChange: addr 2.0 [7]
2026-02-11 11:41:19.361065-0600: NOTICE: doChange: addr 3.0 [7]
2026-02-11 11:41:54.629746-0600: NOTICE: accepted No_Media_Mode enter, Wed Feb 11 11:41:54 2026
2026-02-11 11:52:33.937450-0600: NOTICE: accepted No_Media_Mode exit, Wed Feb 11 11:52:33 2026
2026-02-11 11:52:33.957326-0600: NOTICE: doChange: addr 1.0 [7]
2026-02-11 11:52:33.957387-0600: NOTICE: doChange: addr 2.0 [7]
2026-02-11 11:52:33.960391-0600: NOTICE: doChange: addr 3.0 [7]
2026-02-11 12:01:39.290911-0600: NOTICE: accepted No_Media_Mode enter, Wed Feb 11 12:01:39 2026
2026-02-11 12:52:15.904376-0600: NOTICE: accepted No_Media_Mode exit, Wed Feb 11 12:52:15 2026
2026-02-11 12:52:15.915919-0600: NOTICE: doChange: addr 1.0 [7]
2026-02-11 12:52:15.916012-0600: NOTICE: doChange: addr 2.0 [7]
2026-02-11 12:52:15.918687-0600: NOTICE: doChange: addr 3.0 [7]
2026-02-11 12:52:57.233134-0600: NOTICE: accepted No_Media_Mode enter, Wed Feb 11 12:52:58 2026
2026-02-11 13:02:20.078103-0600: NOTICE: accepted No_Media_Mode exit, Wed Feb 11 13:02:20 2026
2026-02-11 13:02:20.132799-0600: NOTICE: doChange: addr 1.0 [7]
2026-02-11 13:02:20.132854-0600: NOTICE: doChange: addr 2.0 [7]
2026-02-11 13:02:20.136209-0600: NOTICE: doChange: addr 3.0 [7]
2026-02-11 13:02:57.373401-0600: NOTICE: accepted No_Media_Mode enter, Wed Feb 11 13:02:58 2026
2026-02-11 13:03:20.586996-0600: NOTICE: accepted No_Media_Mode exit, Wed Feb 11 13:03:21 2026
2026-02-11 13:03:20.857287-0600: NOTICE: doChange: addr 1.0 [7]
2026-02-11 13:03:20.857361-0600: NOTICE: doChange: addr 2.0 [7]
2026-02-11 13:03:20.860069-0600: NOTICE: doChange: addr 3.0 [7]
2026-02-11 13:04:15.251804-0600: NOTICE: accepted No_Media_Mode enter, Wed Feb 11 13:04:16 2026
2026-02-11 13:08:46.713714-0600: NOTICE: accepted No_Media_Mode exit, Wed Feb 11 13:08:46 2026
2026-02-11 13:08:46.953115-0600: NOTICE: doChange: addr 1.0 [7]
2026-02-11 13:08:46.953162-0600: NOTICE: doChange: addr 2.0 [7]
2026-02-11 13:08:46.955797-0600: NOTICE: doChange: addr 3.0 [7]
2026-02-11 13:09:31.703168-0600: NOTICE: accepted No_Media_Mode enter, Wed Feb 11 13:09:31 2026
2026-02-11 13:21:57.036226-0600: NOTICE: accepted No_Media_Mode exit, Wed Feb 11 13:21:57 2026
2026-02-11 13:21:57.056238-0600: NOTICE: doChange: addr 1.0 [7]
2026-02-11 13:21:57.056318-0600: NOTICE: doChange: addr 2.0 [7]
2026-02-11 13:21:57.059170-0600: NOTICE: doChange: addr 3.0 [7]
2026-02-11 13:22:05.010977-0600: NOTICE: accepted No_Media_Mode enter, Wed Feb 11 13:22:05 2026
2026-02-11 13:22:05.940384-0600: NOTICE: accepted No_Media_Mode exit, Wed Feb 11 13:22:06 2026
2026-02-11 13:22:06.209838-0600: NOTICE: doChange: addr 1.0 [7]
2026-02-11 13:22:06.210028-0600: NOTICE: doChange: addr 2.0 [7]
2026-02-11 13:22:06.212955-0600: NOTICE: doChange: addr 3.0 [7]
2026-02-11 13:22:41.908457-0600: NOTICE: accepted No_Media_Mode enter, Wed Feb 11 13:22:42 2026
2026-02-11 13:40:49.932581-0600: NOTICE: accepted No_Media_Mode exit, Wed Feb 11 13:40:49 2026
2026-02-11 13:40:49.951700-0600: NOTICE: doChange: addr 1.0 [7]
2026-02-11 13:40:49.951766-0600: NOTICE: doChange: addr 2.0 [7]
2026-02-11 13:40:49.954483-0600: NOTICE: doChange: addr 3.0 [7]
2026-02-11 13:41:25.087669-0600: NOTICE: accepted No_Media_Mode enter, Wed Feb 11 13:41:25 2026
2026-02-11 13:49:59.714594-0600: NOTICE: accepted No_Media_Mode exit, Wed Feb 11 13:49:59 2026
2026-02-11 13:49:59.726229-0600: NOTICE: doChange: addr 1.0 [7]
2026-02-11 13:49:59.726294-0600: NOTICE: doChange: addr 2.0 [7]
2026-02-11 13:49:59.729429-0600: NOTICE: doChange: addr 3.0 [7]
2026-02-11 13:50:32.559806-0600: NOTICE: accepted No_Media_Mode enter, Wed Feb 11 13:50:32 2026
2026-02-11 13:59:04.987717-0600: NOTICE: accepted No_Media_Mode exit, Wed Feb 11 13:59:04 2026
2026-02-11 13:59:04.997661-0600: NOTICE: doChange: addr 1.0 [7]
2026-02-11 13:59:04.997720-0600: NOTICE: doChange: addr 2.0 [7]
2026-02-11 13:59:05.000364-0600: NOTICE: doChange: addr 3.0 [7]
2026-02-11 13:59:38.808879-0600: NOTICE: accepted No_Media_Mode enter, Wed Feb 11 13:59:38 2026
2026-02-11 14:04:09.484836-0600: NOTICE: accepted No_Media_Mode exit, Wed Feb 11 14:04:09 2026
2026-02-11 14:04:09.587587-0600: NOTICE: doChange: addr 1.0 [7]
2026-02-11 14:04:09.587644-0600: NOTICE: doChange: addr 2.0 [7]
2026-02-11 14:04:09.590813-0600: NOTICE: doChange: addr 3.0 [7]
2026-02-11 14:04:41.755468-0600: NOTICE: accepted No_Media_Mode enter, Wed Feb 11 14:04:42 2026
2026-02-11 14:12:55.415168-0600: NOTICE: accepted No_Media_Mode exit, Wed Feb 11 14:12:55 2026
2026-02-11 14:12:55.511968-0600: NOTICE: doChange: addr 1.0 [7]
2026-02-11 14:12:55.512036-0600: NOTICE: doChange: addr 2.0 [7]
2026-02-11 14:12:55.514659-0600: NOTICE: doChange: addr 3.0 [7]
2026-02-13 09:58:15.487773-0600: PolicyEngine started: 7800020000000000, Time: Fri Feb 13 09:58:15 2026
2026-02-13 09:58:16.120597-0600: NOTICE: kAGDCCallbackCapability: 0x0 []
2026-02-13 09:58:16.828517-0600: NOTICE: Vendor portmap 0xe mst 0xc ddc 0xc aux 0xe
2026-02-13 09:58:16.828819-0600: NOTICE: Features policyd 0x20100000 kernel 0x0
2026-02-13 09:58:16.833361-0600: NOTICE: Populated addr 1.0 bad:f00d UUID 0 order 0:0 tx 2:2 dsp 1 WL 0 MS 0 edid 128 undef 0 DSC 0
2026-02-13 09:58:16.840799-0600: NOTICE: Populated addr 1.0 bad:f00d UUID 0 order 0:0 tx 2:2 dsp 1 WL 0 MS 0 edid 128 undef 0 DSC 0
2026-02-13 09:58:16.840842-0600: NOTICE: FB AGDC state FB[0] - ON
2026-02-13 09:58:16.843912-0600: NOTICE: accepted No_Media_Mode enter, Fri Feb 13 09:58:16 2026
2026-02-13 09:58:16.843969-0600: NOTICE: accepted No_Media_Mode exit, Fri Feb 13 09:58:16 2026
2026-02-13 09:58:16.844148-0600: NOTICE: doChange: addr 1.0 [7]
2026-02-13 09:58:16.844188-0600: NOTICE: doChange: addr 2.0 [7]
2026-02-13 09:58:16.846984-0600: NOTICE: doChange: addr 3.0 [7]
2026-02-13 09:58:16.854589-0600: NOTICE: doChange: addr 1.0 [7]
2026-02-13 09:58:16.854642-0600: NOTICE: doChange: addr 2.0 [7]
2026-02-13 09:58:16.857284-0600: NOTICE: doChange: addr 3.0 [7]
2026-02-13 10:30:41.640696-0600: NOTICE: accepted No_Media_Mode enter, Fri Feb 13 10:30:41 2026
2026-02-13 10:33:26.810253-0600: NOTICE: accepted No_Media_Mode exit, Fri Feb 13 10:33:26 2026
2026-02-13 10:33:26.912883-0600: NOTICE: doChange: addr 1.0 [7]
2026-02-13 10:33:26.913006-0600: NOTICE: doChange: addr 2.0 [7]
2026-02-13 10:33:26.915946-0600: NOTICE: doChange: addr 3.0 [7]
2026-02-13 10:47:49.742047-0600: NOTICE: accepted No_Media_Mode enter, Fri Feb 13 10:47:49 2026
2026-02-13 10:53:28.947398-0600: NOTICE: accepted No_Media_Mode exit, Fri Feb 13 10:53:28 2026
2026-02-13 10:53:28.957455-0600: NOTICE: doChange: addr 1.0 [7]
2026-02-13 10:53:28.957505-0600: NOTICE: doChange: addr 2.0 [7]
2026-02-13 10:53:28.960418-0600: NOTICE: doChange: addr 3.0 [7]
2026-02-13 11:15:00.473916-0600: PolicyEngine started: 7800020000000000, Time: Fri Feb 13 11:15:00 2026
2026-02-13 11:15:01.099582-0600: NOTICE: kAGDCCallbackCapability: 0x0 []
2026-02-13 11:15:01.922404-0600: NOTICE: Vendor portmap 0xe mst 0xc ddc 0xc aux 0xe
2026-02-13 11:15:01.924159-0600: NOTICE: Features policyd 0x20100000 kernel 0x0
2026-02-13 11:15:01.933394-0600: NOTICE: Populated addr 1.0 bad:f00d UUID 0 order 0:0 tx 2:2 dsp 1 WL 0 MS 0 edid 128 undef 0 DSC 0
2026-02-13 11:15:01.949706-0600: NOTICE: Populated addr 1.0 bad:f00d UUID 0 order 0:0 tx 2:2 dsp 1 WL 0 MS 0 edid 128 undef 0 DSC 0
2026-02-13 11:15:01.949770-0600: NOTICE: FB AGDC state FB[0] - ON
2026-02-13 11:15:01.953897-0600: NOTICE: accepted No_Media_Mode enter, Fri Feb 13 11:15:01 2026
2026-02-13 11:15:01.953989-0600: NOTICE: accepted No_Media_Mode exit, Fri Feb 13 11:15:01 2026
2026-02-13 11:15:01.954090-0600: NOTICE: doChange: addr 1.0 [7]
2026-02-13 11:15:01.954186-0600: NOTICE: doChange: addr 2.0 [7]
2026-02-13 11:15:01.959915-0600: NOTICE: doChange: addr 3.0 [7]
2026-02-13 11:15:01.970535-0600: NOTICE: doChange: addr 1.0 [7]
2026-02-13 11:15:01.970592-0600: NOTICE: doChange: addr 2.0 [7]
2026-02-13 11:15:01.973779-0600: NOTICE: doChange: addr 3.0 [7]
2026-02-13 11:47:37.628977-0600: NOTICE: accepted No_Media_Mode enter, Fri Feb 13 11:47:37 2026
2026-02-13 11:52:13.857246-0600: NOTICE: accepted No_Media_Mode exit, Fri Feb 13 11:52:13 2026
2026-02-13 11:52:13.978031-0600: NOTICE: doChange: addr 1.0 [7]
2026-02-13 11:52:13.978069-0600: NOTICE: doChange: addr 2.0 [7]
2026-02-13 11:52:13.980964-0600: NOTICE: doChange: addr 3.0 [7]
2026-02-13 12:42:53.137376-0600: NOTICE: accepted No_Media_Mode enter, Fri Feb 13 12:42:53 2026
2026-02-13 12:55:00.780887-0600: NOTICE: accepted No_Media_Mode exit, Fri Feb 13 12:55:00 2026
2026-02-13 12:55:00.793020-0600: NOTICE: doChange: addr 1.0 [7]
2026-02-13 12:55:00.793093-0600: NOTICE: doChange: addr 2.0 [7]
2026-02-13 12:55:00.795910-0600: NOTICE: doChange: addr 3.0 [7]
2026-02-13 13:00:51.646595-0600: PolicyEngine started: 7800020000000000, Time: Fri Feb 13 13:00:51 2026
2026-02-13 13:00:52.308636-0600: NOTICE: kAGDCCallbackCapability: 0x0 []
2026-02-13 13:00:53.063843-0600: NOTICE: Vendor portmap 0xe mst 0xc ddc 0xc aux 0xe
2026-02-13 13:00:53.064797-0600: NOTICE: Features policyd 0x20100000 kernel 0x0
2026-02-13 13:00:53.197528-0600: NOTICE: Populated addr 1.0 bad:f00d UUID 0 order 0:0 tx 2:2 dsp 1 WL 0 MS 0 edid 128 undef 0 DSC 0
2026-02-13 13:00:53.206795-0600: NOTICE: Populated addr 1.0 bad:f00d UUID 0 order 0:0 tx 2:2 dsp 1 WL 0 MS 0 edid 128 undef 0 DSC 0
2026-02-13 13:00:53.210052-0600: NOTICE: FB AGDC state FB[0] - ON
2026-02-13 13:00:53.212246-0600: NOTICE: accepted No_Media_Mode enter, Fri Feb 13 13:00:53 2026
2026-02-13 13:00:53.212311-0600: NOTICE: accepted No_Media_Mode exit, Fri Feb 13 13:00:53 2026
2026-02-13 13:00:53.212384-0600: NOTICE: doChange: addr 1.0 [7]
2026-02-13 13:00:53.212413-0600: NOTICE: doChange: addr 2.0 [7]
2026-02-13 13:00:53.215017-0600: NOTICE: doChange: addr 3.0 [7]
2026-02-13 13:00:53.222751-0600: NOTICE: doChange: addr 1.0 [7]
2026-02-13 13:00:53.222927-0600: NOTICE: doChange: addr 2.0 [7]
2026-02-13 13:00:53.227767-0600: NOTICE: doChange: addr 3.0 [7]
2026-02-13 14:21:05.229168-0600: PolicyEngine started: 7800020000000000, Time: Fri Feb 13 14:21:05 2026
2026-02-13 14:21:05.863753-0600: NOTICE: kAGDCCallbackCapability: 0x0 []
2026-02-13 14:21:06.657717-0600: NOTICE: Vendor portmap 0xe mst 0xc ddc 0xc aux 0xe
2026-02-13 14:21:06.660977-0600: NOTICE: Features policyd 0x20100000 kernel 0x0
2026-02-13 14:21:06.676784-0600: NOTICE: Populated addr 1.0 bad:f00d UUID 0 order 0:0 tx 2:2 dsp 1 WL 0 MS 0 edid 128 undef 0 DSC 0
2026-02-13 14:21:06.682496-0600: NOTICE: Populated addr 1.0 bad:f00d UUID 0 order 0:0 tx 2:2 dsp 1 WL 0 MS 0 edid 128 undef 0 DSC 0
2026-02-13 14:21:06.682551-0600: NOTICE: FB AGDC state FB[0] - ON
2026-02-13 14:21:06.691437-0600: NOTICE: accepted No_Media_Mode enter, Fri Feb 13 14:21:06 2026
2026-02-13 14:21:06.691515-0600: NOTICE: accepted No_Media_Mode exit, Fri Feb 13 14:21:06 2026
2026-02-13 14:21:06.691764-0600: NOTICE: doChange: addr 1.0 [7]
2026-02-13 14:21:06.691980-0600: NOTICE: doChange: addr 2.0 [7]
2026-02-13 14:21:06.695555-0600: NOTICE: doChange: addr 3.0 [7]
2026-02-13 14:21:06.700974-0600: NOTICE: doChange: addr 1.0 [7]
2026-02-13 14:21:06.701506-0600: NOTICE: doChange: addr 2.0 [7]
2026-02-13 14:21:06.704575-0600: NOTICE: doChange: addr 3.0 [7]
2026-02-13 14:21:07.270809-0600: PolicyEngine started: 7800020000000000, Time: Fri Feb 13 14:21:07 2026
2026-02-13 14:21:07.271095-0600: NOTICE: kAGDCCallbackCapability: 0x0 []
2026-02-13 14:21:07.272271-0600: NOTICE: Vendor portmap 0xe mst 0xc ddc 0xc aux 0xe
2026-02-13 14:21:07.272325-0600: NOTICE: Features policyd 0x20100000 kernel 0x0
2026-02-13 14:21:07.272591-0600: NOTICE: doing display state recovery
2026-02-13 14:21:07.273291-0600: NOTICE: FB AGDC state FB[0] - ON
2026-02-13 14:21:07.276604-0600: NOTICE: doChange: addr 1.0 [7]
2026-02-13 14:21:07.276654-0600: NOTICE: doChange: addr 2.0 [7]
2026-02-13 14:21:07.279361-0600: NOTICE: doChange: addr 3.0 [7]
2026-02-13 14:27:20.108593-0600: PolicyEngine started: 7800020000000000, Time: Fri Feb 13 14:27:20 2026
2026-02-13 14:27:20.791109-0600: NOTICE: kAGDCCallbackCapability: 0x0 []
2026-02-13 14:27:21.500875-0600: NOTICE: Vendor portmap 0xe mst 0xc ddc 0xc aux 0xe
2026-02-13 14:27:21.501207-0600: NOTICE: Features policyd 0x20100000 kernel 0x0
2026-02-13 14:27:21.521205-0600: NOTICE: Populated addr 1.0 bad:f00d UUID 0 order 0:0 tx 2:2 dsp 1 WL 0 MS 0 edid 128 undef 0 DSC 0
2026-02-13 14:27:21.530681-0600: NOTICE: Populated addr 1.0 bad:f00d UUID 0 order 0:0 tx 2:2 dsp 1 WL 0 MS 0 edid 128 undef 0 DSC 0
2026-02-13 14:27:21.530732-0600: NOTICE: FB AGDC state FB[0] - ON
2026-02-13 14:27:21.533840-0600: NOTICE: accepted No_Media_Mode enter, Fri Feb 13 14:27:21 2026
2026-02-13 14:27:21.533924-0600: NOTICE: accepted No_Media_Mode exit, Fri Feb 13 14:27:21 2026
2026-02-13 14:27:21.535309-0600: NOTICE: doChange: addr 1.0 [7]
2026-02-13 14:27:21.535369-0600: NOTICE: doChange: addr 2.0 [7]
2026-02-13 14:27:21.538155-0600: NOTICE: doChange: addr 3.0 [7]
2026-02-13 14:27:21.544848-0600: NOTICE: doChange: addr 1.0 [7]
2026-02-13 14:27:21.544892-0600: NOTICE: doChange: addr 2.0 [7]
2026-02-13 14:27:21.549580-0600: NOTICE: doChange: addr 3.0 [7]
2026-02-13 14:29:32.635831-0600: PolicyEngine started: 7800020000000000, Time: Fri Feb 13 14:29:32 2026
2026-02-13 14:29:33.272270-0600: NOTICE: kAGDCCallbackCapability: 0x0 []
2026-02-13 14:29:34.059787-0600: NOTICE: Vendor portmap 0xe mst 0xc ddc 0xc aux 0xe
2026-02-13 14:29:34.060104-0600: NOTICE: Features policyd 0x20100000 kernel 0x0
2026-02-13 14:29:34.068185-0600: NOTICE: Populated addr 1.0 bad:f00d UUID 0 order 0:0 tx 2:2 dsp 1 WL 0 MS 0 edid 128 undef 0 DSC 0
2026-02-13 14:29:34.071958-0600: NOTICE: Populated addr 1.0 bad:f00d UUID 0 order 0:0 tx 2:2 dsp 1 WL 0 MS 0 edid 128 undef 0 DSC 0
2026-02-13 14:29:34.072011-0600: NOTICE: FB AGDC state FB[0] - ON
2026-02-13 14:29:34.073934-0600: NOTICE: accepted No_Media_Mode enter, Fri Feb 13 14:29:34 2026
2026-02-13 14:29:34.073999-0600: NOTICE: accepted No_Media_Mode exit, Fri Feb 13 14:29:34 2026
2026-02-13 14:29:34.074092-0600: NOTICE: doChange: addr 1.0 [7]
2026-02-13 14:29:34.074120-0600: NOTICE: doChange: addr 2.0 [7]
2026-02-13 14:29:34.077419-0600: NOTICE: doChange: addr 3.0 [7]
2026-02-13 14:29:34.083743-0600: NOTICE: doChange: addr 1.0 [7]
2026-02-13 14:29:34.083795-0600: NOTICE: doChange: addr 2.0 [7]
2026-02-13 14:29:34.089907-0600: NOTICE: doChange: addr 3.0 [7]
2026-02-13 14:40:51.922648-0600: PolicyEngine started: 7800020000000000, Time: Fri Feb 13 14:40:51 2026
2026-02-13 14:40:52.554287-0600: NOTICE: kAGDCCallbackCapability: 0x0 []
2026-02-13 14:40:53.304087-0600: NOTICE: Vendor portmap 0xe mst 0xc ddc 0xc aux 0xe
2026-02-13 14:40:53.313899-0600: NOTICE: Features policyd 0x20100000 kernel 0x0
2026-02-13 14:40:53.338930-0600: NOTICE: Populated addr 1.0 bad:f00d UUID 0 order 0:0 tx 2:2 dsp 1 WL 0 MS 0 edid 128 undef 0 DSC 0
2026-02-13 14:40:53.359392-0600: NOTICE: Populated addr 1.0 bad:f00d UUID 0 order 0:0 tx 2:2 dsp 1 WL 0 MS 0 edid 128 undef 0 DSC 0
2026-02-13 14:40:53.359509-0600: NOTICE: FB AGDC state FB[0] - ON
2026-02-13 14:40:53.362979-0600: NOTICE: accepted No_Media_Mode enter, Fri Feb 13 14:40:53 2026
2026-02-13 14:40:53.363986-0600: NOTICE: accepted No_Media_Mode exit, Fri Feb 13 14:40:53 2026
2026-02-13 14:40:53.364093-0600: NOTICE: doChange: addr 1.0 [7]
2026-02-13 14:40:53.364252-0600: NOTICE: doChange: addr 2.0 [7]
2026-02-13 14:40:53.368102-0600: NOTICE: doChange: addr 3.0 [7]
2026-02-13 14:40:53.373480-0600: NOTICE: doChange: addr 1.0 [7]
2026-02-13 14:40:53.373602-0600: NOTICE: doChange: addr 2.0 [7]
2026-02-13 14:40:53.377371-0600: NOTICE: doChange: addr 3.0 [7]
2026-02-13 14:40:53.810580-0600: PolicyEngine started: 7800020000000000, Time: Fri Feb 13 14:40:53 2026
2026-02-13 14:40:53.810818-0600: NOTICE: kAGDCCallbackCapability: 0x0 []
2026-02-13 14:40:53.811317-0600: NOTICE: Vendor portmap 0xe mst 0xc ddc 0xc aux 0xe
2026-02-13 14:40:53.811361-0600: NOTICE: Features policyd 0x20100000 kernel 0x0
2026-02-13 14:40:53.811498-0600: NOTICE: doing display state recovery
2026-02-13 14:40:53.811966-0600: NOTICE: FB AGDC state FB[0] - ON
2026-02-13 14:40:53.830301-0600: NOTICE: doChange: addr 1.0 [7]
2026-02-13 14:40:53.830590-0600: NOTICE: doChange: addr 2.0 [7]
2026-02-13 14:40:53.833363-0600: NOTICE: doChange: addr 3.0 [7]
2026-02-13 14:54:44.848679-0600: PolicyEngine started: 7800020000000000, Time: Fri Feb 13 14:54:44 2026
2026-02-13 14:54:45.525681-0600: NOTICE: kAGDCCallbackCapability: 0x0 []
2026-02-13 14:54:46.290923-0600: NOTICE: Vendor portmap 0xe mst 0xc ddc 0xc aux 0xe
2026-02-13 14:54:46.292734-0600: NOTICE: Features policyd 0x20100000 kernel 0x0
2026-02-13 14:54:46.330687-0600: NOTICE: Populated addr 1.0 bad:f00d UUID 0 order 0:0 tx 2:2 dsp 1 WL 0 MS 0 edid 128 undef 0 DSC 0
2026-02-13 14:54:46.338802-0600: NOTICE: Populated addr 1.0 bad:f00d UUID 0 order 0:0 tx 2:2 dsp 1 WL 0 MS 0 edid 128 undef 0 DSC 0
2026-02-13 14:54:46.339120-0600: NOTICE: FB AGDC state FB[0] - ON
2026-02-13 14:54:46.344011-0600: NOTICE: accepted No_Media_Mode enter, Fri Feb 13 14:54:46 2026
2026-02-13 14:54:46.344079-0600: NOTICE: accepted No_Media_Mode exit, Fri Feb 13 14:54:46 2026
2026-02-13 14:54:46.344270-0600: NOTICE: doChange: addr 1.0 [7]
2026-02-13 14:54:46.344311-0600: NOTICE: doChange: addr 2.0 [7]
2026-02-13 14:54:46.347959-0600: NOTICE: doChange: addr 3.0 [7]
2026-02-13 14:54:46.353964-0600: NOTICE: doChange: addr 1.0 [7]
2026-02-13 14:54:46.354335-0600: NOTICE: doChange: addr 2.0 [7]
2026-02-13 14:54:46.357468-0600: NOTICE: doChange: addr 3.0 [7]
2026-02-13 14:58:36.773790-0600: PolicyEngine started: 7800020000000000, Time: Fri Feb 13 14:58:36 2026
2026-02-13 14:58:37.449515-0600: NOTICE: kAGDCCallbackCapability: 0x0 []
2026-02-13 14:58:38.213344-0600: NOTICE: Vendor portmap 0xe mst 0xc ddc 0xc aux 0xe
2026-02-13 14:58:38.213665-0600: NOTICE: Features policyd 0x20100000 kernel 0x0
2026-02-13 14:58:38.239280-0600: NOTICE: Populated addr 1.0 bad:f00d UUID 0 order 0:0 tx 2:2 dsp 1 WL 0 MS 0 edid 128 undef 0 DSC 0
2026-02-13 14:58:38.246740-0600: NOTICE: Populated addr 1.0 bad:f00d UUID 0 order 0:0 tx 2:2 dsp 1 WL 0 MS 0 edid 128 undef 0 DSC 0
2026-02-13 14:58:38.246790-0600: NOTICE: FB AGDC state FB[0] - ON
2026-02-13 14:58:38.253277-0600: NOTICE: accepted No_Media_Mode enter, Fri Feb 13 14:58:38 2026
2026-02-13 14:58:38.253365-0600: NOTICE: accepted No_Media_Mode exit, Fri Feb 13 14:58:38 2026
2026-02-13 14:58:38.254055-0600: NOTICE: doChange: addr 1.0 [7]
2026-02-13 14:58:38.254447-0600: NOTICE: doChange: addr 2.0 [7]
2026-02-13 14:58:38.258211-0600: NOTICE: doChange: addr 3.0 [7]
2026-02-13 14:58:38.263701-0600: NOTICE: doChange: addr 1.0 [7]
2026-02-13 14:58:38.263754-0600: NOTICE: doChange: addr 2.0 [7]
2026-02-13 14:58:38.266642-0600: NOTICE: doChange: addr 3.0 [7]
2026-02-13 15:20:01.904469-0600: NOTICE: accepted No_Media_Mode enter, Fri Feb 13 15:20:01 2026
2026-02-13 15:29:32.694886-0600: NOTICE: accepted No_Media_Mode exit, Fri Feb 13 15:29:32 2026
2026-02-13 15:29:32.864791-0600: NOTICE: doChange: addr 1.0 [7]
2026-02-13 15:29:32.864839-0600: NOTICE: doChange: addr 2.0 [7]
2026-02-13 15:29:32.883102-0600: NOTICE: doChange: addr 3.0 [7]
2026-02-13 15:31:58.192955-0600: PolicyEngine started: 7800020000000000, Time: Fri Feb 13 15:31:58 2026
2026-02-13 15:31:59.137728-0600: NOTICE: kAGDCCallbackCapability: 0x0 []
2026-02-13 15:31:59.649556-0600: NOTICE: Vendor portmap 0xe mst 0xc ddc 0xc aux 0xe
2026-02-13 15:31:59.651851-0600: NOTICE: Features policyd 0x20100000 kernel 0x0
2026-02-13 15:31:59.705676-0600: NOTICE: Populated addr 1.0 bad:f00d UUID 0 order 0:0 tx 2:2 dsp 1 WL 0 MS 0 edid 128 undef 0 DSC 0
2026-02-13 15:31:59.712826-0600: NOTICE: Populated addr 1.0 bad:f00d UUID 0 order 0:0 tx 2:2 dsp 1 WL 0 MS 0 edid 128 undef 0 DSC 0
2026-02-13 15:31:59.713187-0600: NOTICE: FB AGDC state FB[0] - ON
2026-02-13 15:31:59.715933-0600: NOTICE: accepted No_Media_Mode enter, Fri Feb 13 15:31:59 2026
2026-02-13 15:31:59.715996-0600: NOTICE: accepted No_Media_Mode exit, Fri Feb 13 15:31:59 2026
2026-02-13 15:31:59.716073-0600: NOTICE: doChange: addr 1.0 [7]
2026-02-13 15:31:59.716112-0600: NOTICE: doChange: addr 2.0 [7]
2026-02-13 15:31:59.718933-0600: NOTICE: doChange: addr 3.0 [7]
2026-02-13 15:31:59.727016-0600: NOTICE: doChange: addr 1.0 [7]
2026-02-13 15:31:59.727071-0600: NOTICE: doChange: addr 2.0 [7]
2026-02-13 15:31:59.731049-0600: NOTICE: doChange: addr 3.0 [7]
2026-02-14 09:12:21.468531-0600: PolicyEngine started: 7800020000000000, Time: Sat Feb 14 09:12:21 2026
2026-02-14 09:12:22.151658-0600: NOTICE: kAGDCCallbackCapability: 0x0 []
2026-02-14 09:12:22.890215-0600: NOTICE: Vendor portmap 0xe mst 0xc ddc 0xc aux 0xe
2026-02-14 09:12:22.892174-0600: NOTICE: Features policyd 0x20100000 kernel 0x0
2026-02-14 09:12:22.905584-0600: NOTICE: Populated addr 1.0 bad:f00d UUID 0 order 0:0 tx 2:2 dsp 1 WL 0 MS 0 edid 128 undef 0 DSC 0
2026-02-14 09:12:22.912578-0600: NOTICE: Populated addr 1.0 bad:f00d UUID 0 order 0:0 tx 2:2 dsp 1 WL 0 MS 0 edid 128 undef 0 DSC 0
2026-02-14 09:12:22.912641-0600: NOTICE: FB AGDC state FB[0] - ON
2026-02-14 09:12:22.916155-0600: NOTICE: accepted No_Media_Mode enter, Sat Feb 14 09:12:22 2026
2026-02-14 09:12:22.916219-0600: NOTICE: accepted No_Media_Mode exit, Sat Feb 14 09:12:22 2026
2026-02-14 09:12:22.916475-0600: NOTICE: doChange: addr 1.0 [7]
2026-02-14 09:12:22.916511-0600: NOTICE: doChange: addr 2.0 [7]
2026-02-14 09:12:22.919526-0600: NOTICE: doChange: addr 3.0 [7]
2026-02-14 09:12:22.927681-0600: NOTICE: doChange: addr 1.0 [7]
2026-02-14 09:12:22.927732-0600: NOTICE: doChange: addr 2.0 [7]
2026-02-14 09:12:22.930617-0600: NOTICE: doChange: addr 3.0 [7]
2026-02-14 09:46:06.969168-0600: NOTICE: accepted No_Media_Mode enter, Sat Feb 14 09:46:06 2026
2026-02-14 09:46:07.872578-0600: NOTICE: accepted No_Media_Mode exit, Sat Feb 14 09:46:07 2026
2026-02-14 09:46:09.074412-0600: NOTICE: doChange: addr 1.0 [7]
2026-02-14 09:46:09.075153-0600: NOTICE: doChange: addr 2.0 [7]
2026-02-14 09:46:09.078149-0600: NOTICE: doChange: addr 3.0 [7]
2026-02-14 09:50:02.851596-0600: NOTICE: accepted No_Media_Mode enter, Sat Feb 14 09:50:02 2026
2026-02-14 09:59:10.705418-0600: NOTICE: accepted No_Media_Mode exit, Sat Feb 14 09:59:10 2026
2026-02-14 09:59:11.010404-0600: NOTICE: doChange: addr 1.0 [7]
2026-02-14 09:59:11.010458-0600: NOTICE: doChange: addr 2.0 [7]
2026-02-14 09:59:11.013396-0600: NOTICE: doChange: addr 3.0 [7]
2026-02-14 11:08:00.363098-0600: NOTICE: accepted No_Media_Mode enter, Sat Feb 14 11:08:00 2026
2026-02-14 11:26:22.168007-0600: NOTICE: accepted No_Media_Mode exit, Sat Feb 14 11:26:22 2026
2026-02-14 11:26:22.492574-0600: NOTICE: doChange: addr 1.0 [7]
2026-02-14 11:26:22.493657-0600: NOTICE: doChange: addr 2.0 [7]
2026-02-14 11:26:22.497005-0600: NOTICE: doChange: addr 3.0 [7]
2026-02-14 12:26:42.413548-0600: NOTICE: accepted No_Media_Mode enter, Sat Feb 14 12:26:42 2026
2026-02-14 12:26:48.061483-0600: NOTICE: accepted No_Media_Mode exit, Sat Feb 14 12:26:48 2026
2026-02-14 12:26:49.030333-0600: NOTICE: doChange: addr 1.0 [7]
2026-02-14 12:26:49.030545-0600: NOTICE: doChange: addr 2.0 [7]
2026-02-14 12:26:49.033956-0600: NOTICE: doChange: addr 3.0 [7]
2026-02-14 12:27:20.747293-0600: NOTICE: accepted No_Media_Mode enter, Sat Feb 14 12:27:20 2026
2026-02-14 12:43:58.953796-0600: NOTICE: accepted No_Media_Mode exit, Sat Feb 14 12:43:58 2026
2026-02-14 12:43:59.118710-0600: NOTICE: doChange: addr 1.0 [7]
2026-02-14 12:43:59.118790-0600: NOTICE: doChange: addr 2.0 [7]
2026-02-14 12:43:59.122342-0600: NOTICE: doChange: addr 3.0 [7]
2026-02-14 13:44:27.542934-0600: NOTICE: accepted No_Media_Mode enter, Sat Feb 14 13:44:27 2026
2026-02-14 14:13:09.714497-0600: NOTICE: accepted No_Media_Mode exit, Sat Feb 14 14:13:09 2026
2026-02-14 14:13:10.051371-0600: NOTICE: doChange: addr 1.0 [7]
2026-02-14 14:13:10.051456-0600: NOTICE: doChange: addr 2.0 [7]
2026-02-14 14:13:10.054183-0600: NOTICE: doChange: addr 3.0 [7]
2026-02-14 14:13:40.270698-0600: NOTICE: accepted No_Media_Mode enter, Sat Feb 14 14:13:40 2026
2026-02-14 14:14:20.891982-0600: NOTICE: accepted No_Media_Mode exit, Sat Feb 14 14:14:20 2026
2026-02-14 14:14:21.168496-0600: NOTICE: doChange: addr 1.0 [7]
2026-02-14 14:14:21.168591-0600: NOTICE: doChange: addr 2.0 [7]
2026-02-14 14:14:21.171568-0600: NOTICE: doChange: addr 3.0 [7]
2026-02-14 14:19:27.423803-0600: NOTICE: accepted No_Media_Mode enter, Sat Feb 14 14:19:27 2026
2026-02-14 14:19:54.346538-0600: NOTICE: accepted No_Media_Mode exit, Sat Feb 14 14:19:54 2026
2026-02-14 14:19:54.947203-0600: NOTICE: doChange: addr 1.0 [7]
2026-02-14 14:19:54.947313-0600: NOTICE: doChange: addr 2.0 [7]
2026-02-14 14:19:54.950391-0600: NOTICE: doChange: addr 3.0 [7]
2026-02-14 14:21:20.760060-0600: NOTICE: accepted No_Media_Mode enter, Sat Feb 14 14:21:20 2026
2026-02-14 15:45:16.906064-0600: NOTICE: accepted No_Media_Mode exit, Sat Feb 14 15:45:16 2026
2026-02-14 15:45:16.956999-0600: NOTICE: doChange: addr 1.0 [7]
2026-02-14 15:45:16.957049-0600: NOTICE: doChange: addr 2.0 [7]
2026-02-14 15:45:16.959872-0600: NOTICE: doChange: addr 3.0 [7]
2026-02-14 15:45:47.196751-0600: NOTICE: accepted No_Media_Mode enter, Sat Feb 14 15:45:47 2026
2026-02-14 15:55:52.929637-0600: NOTICE: accepted No_Media_Mode exit, Sat Feb 14 15:55:52 2026
2026-02-14 15:55:53.060971-0600: NOTICE: doChange: addr 1.0 [7]
2026-02-14 15:55:53.061012-0600: NOTICE: doChange: addr 2.0 [7]
2026-02-14 15:55:53.063741-0600: NOTICE: doChange: addr 3.0 [7]
2026-02-15 13:22:28.253385-0600: PolicyEngine started: 7800020000000000, Time: Sun Feb 15 13:22:28 2026
2026-02-15 13:22:28.955584-0600: NOTICE: kAGDCCallbackCapability: 0x0 []
2026-02-15 13:22:29.768273-0600: NOTICE: Vendor portmap 0xe mst 0xc ddc 0xc aux 0xe
2026-02-15 13:22:29.786380-0600: NOTICE: Features policyd 0x20100000 kernel 0x0
2026-02-15 13:22:29.790831-0600: NOTICE: Populated addr 1.0 bad:f00d UUID 0 order 0:0 tx 2:2 dsp 1 WL 0 MS 0 edid 128 undef 0 DSC 0
2026-02-15 13:22:29.794764-0600: NOTICE: Populated addr 1.0 bad:f00d UUID 0 order 0:0 tx 2:2 dsp 1 WL 0 MS 0 edid 128 undef 0 DSC 0
2026-02-15 13:22:29.810465-0600: NOTICE: FB AGDC state FB[0] - ON
2026-02-15 13:22:29.825443-0600: NOTICE: accepted No_Media_Mode enter, Sun Feb 15 13:22:29 2026
2026-02-15 13:22:29.825505-0600: NOTICE: accepted No_Media_Mode exit, Sun Feb 15 13:22:29 2026
2026-02-15 13:22:29.825874-0600: NOTICE: doChange: addr 1.0 [7]
2026-02-15 13:22:29.825912-0600: NOTICE: doChange: addr 2.0 [7]
2026-02-15 13:22:29.829031-0600: NOTICE: doChange: addr 3.0 [7]
2026-02-15 13:22:29.835330-0600: NOTICE: doChange: addr 1.0 [7]
2026-02-15 13:22:29.835384-0600: NOTICE: doChange: addr 2.0 [7]
2026-02-15 13:22:29.839563-0600: NOTICE: doChange: addr 3.0 [7]
2026-02-15 13:22:30.207328-0600: PolicyEngine started: 7800020000000000, Time: Sun Feb 15 13:22:30 2026
2026-02-15 13:22:30.207553-0600: NOTICE: kAGDCCallbackCapability: 0x0 []
2026-02-15 13:22:30.208061-0600: NOTICE: Vendor portmap 0xe mst 0xc ddc 0xc aux 0xe
2026-02-15 13:22:30.208103-0600: NOTICE: Features policyd 0x20100000 kernel 0x0
2026-02-15 13:22:30.208269-0600: NOTICE: doing display state recovery
2026-02-15 13:22:30.208737-0600: NOTICE: FB AGDC state FB[0] - ON
2026-02-15 13:22:30.210695-0600: NOTICE: doChange: addr 1.0 [7]
2026-02-15 13:22:30.210748-0600: NOTICE: doChange: addr 2.0 [7]
2026-02-15 13:22:30.213322-0600: NOTICE: doChange: addr 3.0 [7]
2026-02-15 13:46:34.536965-0600: NOTICE: accepted No_Media_Mode enter, Sun Feb 15 13:46:34 2026
2026-02-15 13:56:59.794770-0600: NOTICE: accepted No_Media_Mode exit, Sun Feb 15 13:56:59 2026
2026-02-15 13:57:00.001805-0600: NOTICE: doChange: addr 1.0 [7]
2026-02-15 13:57:00.001973-0600: NOTICE: doChange: addr 2.0 [7]
2026-02-15 13:57:00.005697-0600: NOTICE: doChange: addr 3.0 [7]
2026-02-17 12:05:41.929952-0600: PolicyEngine started: 7800020000000000, Time: Tue Feb 17 12:05:41 2026
2026-02-17 12:05:42.630497-0600: NOTICE: kAGDCCallbackCapability: 0x0 []
2026-02-17 12:05:43.304904-0600: NOTICE: Vendor portmap 0xe mst 0xc ddc 0xc aux 0xe
2026-02-17 12:05:43.307549-0600: NOTICE: Features policyd 0x20100000 kernel 0x0
2026-02-17 12:05:43.314560-0600: NOTICE: Populated addr 1.0 bad:f00d UUID 0 order 0:0 tx 2:2 dsp 1 WL 0 MS 0 edid 128 undef 0 DSC 0
2026-02-17 12:05:43.319738-0600: NOTICE: Populated addr 1.0 bad:f00d UUID 0 order 0:0 tx 2:2 dsp 1 WL 0 MS 0 edid 128 undef 0 DSC 0
2026-02-17 12:05:43.319793-0600: NOTICE: FB AGDC state FB[0] - ON
2026-02-17 12:05:43.321751-0600: NOTICE: accepted No_Media_Mode enter, Tue Feb 17 12:05:43 2026
2026-02-17 12:05:43.321842-0600: NOTICE: accepted No_Media_Mode exit, Tue Feb 17 12:05:43 2026
2026-02-17 12:05:43.321994-0600: NOTICE: doChange: addr 1.0 [7]
2026-02-17 12:05:43.322025-0600: NOTICE: doChange: addr 2.0 [7]
2026-02-17 12:05:43.325084-0600: NOTICE: doChange: addr 3.0 [7]
2026-02-17 12:05:43.332885-0600: NOTICE: doChange: addr 1.0 [7]
2026-02-17 12:05:43.332935-0600: NOTICE: doChange: addr 2.0 [7]
2026-02-17 12:05:43.335534-0600: NOTICE: doChange: addr 3.0 [7]
2026-02-17 12:05:43.715238-0600: PolicyEngine started: 7800020000000000, Time: Tue Feb 17 12:05:43 2026
2026-02-17 12:05:43.715512-0600: NOTICE: kAGDCCallbackCapability: 0x0 []
2026-02-17 12:05:43.716357-0600: NOTICE: Vendor portmap 0xe mst 0xc ddc 0xc aux 0xe
2026-02-17 12:05:43.716405-0600: NOTICE: Features policyd 0x20100000 kernel 0x0
2026-02-17 12:05:43.716569-0600: NOTICE: doing display state recovery
2026-02-17 12:05:43.717144-0600: NOTICE: FB AGDC state FB[0] - ON
2026-02-17 12:05:43.718691-0600: NOTICE: doChange: addr 1.0 [7]
2026-02-17 12:05:43.718734-0600: NOTICE: doChange: addr 2.0 [7]
2026-02-17 12:05:43.722133-0600: NOTICE: doChange: addr 3.0 [7]
2026-02-17 13:11:32.743671-0600: NOTICE: accepted No_Media_Mode enter, Tue Feb 17 13:11:32 2026
2026-02-17 13:19:30.860877-0600: NOTICE: accepted No_Media_Mode exit, Tue Feb 17 13:19:30 2026
2026-02-17 13:19:30.874039-0600: NOTICE: doChange: addr 1.0 [7]
2026-02-17 13:19:30.874114-0600: NOTICE: doChange: addr 2.0 [7]
2026-02-17 13:19:30.877589-0600: NOTICE: doChange: addr 3.0 [7]
2026-02-17 14:30:44.521936-0600: NOTICE: accepted No_Media_Mode enter, Tue Feb 17 14:30:44 2026
2026-02-17 14:34:30.895702-0600: NOTICE: accepted No_Media_Mode exit, Tue Feb 17 14:34:30 2026
2026-02-17 14:34:30.954311-0600: NOTICE: doChange: addr 1.0 [7]
2026-02-17 14:34:30.954473-0600: NOTICE: doChange: addr 2.0 [7]
2026-02-17 14:34:30.957086-0600: NOTICE: doChange: addr 3.0 [7]
2026-02-17 14:35:02.610557-0600: NOTICE: accepted No_Media_Mode enter, Tue Feb 17 14:35:02 2026
2026-02-17 14:38:44.892287-0600: NOTICE: accepted No_Media_Mode exit, Tue Feb 17 14:38:44 2026
2026-02-17 14:38:44.925322-0600: NOTICE: doChange: addr 1.0 [7]
2026-02-17 14:38:44.925510-0600: NOTICE: doChange: addr 2.0 [7]
2026-02-17 14:38:44.928309-0600: NOTICE: doChange: addr 3.0 [7]
2026-02-17 16:01:15.861088-0600: NOTICE: accepted No_Media_Mode enter, Tue Feb 17 16:01:15 2026
2026-02-17 16:08:26.917536-0600: NOTICE: accepted No_Media_Mode exit, Tue Feb 17 16:08:26 2026
2026-02-17 16:08:26.953480-0600: NOTICE: doChange: addr 1.0 [7]
2026-02-17 16:08:26.954534-0600: NOTICE: doChange: addr 2.0 [7]
2026-02-17 16:08:26.958431-0600: NOTICE: doChange: addr 3.0 [7]
2026-02-17 17:01:48.061935-0600: NOTICE: accepted No_Media_Mode enter, Tue Feb 17 17:01:48 2026
2026-02-17 17:11:08.887135-0600: NOTICE: accepted No_Media_Mode exit, Tue Feb 17 17:11:08 2026
2026-02-17 17:11:08.917565-0600: NOTICE: doChange: addr 1.0 [7]
2026-02-17 17:11:08.917708-0600: NOTICE: doChange: addr 2.0 [7]
2026-02-17 17:11:08.920462-0600: NOTICE: doChange: addr 3.0 [7]
2026-02-17 17:12:36.740205-0600: NOTICE: accepted No_Media_Mode enter, Tue Feb 17 17:12:36 2026
2026-02-17 17:20:26.911143-0600: NOTICE: accepted No_Media_Mode exit, Tue Feb 17 17:20:26 2026
2026-02-17 17:20:26.949219-0600: NOTICE: doChange: addr 1.0 [7]
2026-02-17 17:20:26.949292-0600: NOTICE: doChange: addr 2.0 [7]
2026-02-17 17:20:26.952010-0600: NOTICE: doChange: addr 3.0 [7]
2026-02-17 17:57:41.236774-0600: NOTICE: accepted No_Media_Mode enter, Tue Feb 17 17:57:41 2026
2026-02-17 17:57:56.819862-0600: NOTICE: accepted No_Media_Mode exit, Tue Feb 17 17:57:56 2026
2026-02-17 17:57:57.211172-0600: NOTICE: doChange: addr 1.0 [7]
2026-02-17 17:57:57.211225-0600: NOTICE: doChange: addr 2.0 [7]
2026-02-17 17:57:57.213809-0600: NOTICE: doChange: addr 3.0 [7]
2026-02-17 18:01:24.280576-0600: NOTICE: accepted No_Media_Mode enter, Tue Feb 17 18:01:24 2026
2026-02-17 18:02:21.124811-0600: NOTICE: accepted No_Media_Mode exit, Tue Feb 17 18:02:21 2026
2026-02-17 18:02:21.493814-0600: NOTICE: doChange: addr 1.0 [7]
2026-02-17 18:02:21.493896-0600: NOTICE: doChange: addr 2.0 [7]
2026-02-17 18:02:21.496692-0600: NOTICE: doChange: addr 3.0 [7]
2026-02-17 18:03:01.390996-0600: NOTICE: accepted No_Media_Mode enter, Tue Feb 17 18:03:01 2026
2026-02-17 18:12:19.954274-0600: NOTICE: accepted No_Media_Mode exit, Tue Feb 17 18:12:19 2026
2026-02-17 18:12:19.968634-0600: NOTICE: doChange: addr 1.0 [7]
2026-02-17 18:12:19.968679-0600: NOTICE: doChange: addr 2.0 [7]
2026-02-17 18:12:19.971530-0600: NOTICE: doChange: addr 3.0 [7]
2026-02-20 11:12:29.498164-0600: PolicyEngine started: 7800020000000000, Time: Fri Feb 20 11:12:29 2026
2026-02-20 11:12:30.136628-0600: NOTICE: kAGDCCallbackCapability: 0x0 []
2026-02-20 11:12:30.945012-0600: NOTICE: Vendor portmap 0xe mst 0xc ddc 0xc aux 0xe
2026-02-20 11:12:30.945300-0600: NOTICE: Features policyd 0x20100000 kernel 0x0
2026-02-20 11:12:30.949856-0600: NOTICE: Populated addr 1.0 bad:f00d UUID 0 order 0:0 tx 2:2 dsp 1 WL 0 MS 0 edid 128 undef 0 DSC 0
2026-02-20 11:12:30.954365-0600: NOTICE: Populated addr 1.0 bad:f00d UUID 0 order 0:0 tx 2:2 dsp 1 WL 0 MS 0 edid 128 undef 0 DSC 0
2026-02-20 11:12:30.954449-0600: NOTICE: FB AGDC state FB[0] - ON
2026-02-20 11:12:30.960291-0600: NOTICE: accepted No_Media_Mode enter, Fri Feb 20 11:12:30 2026
2026-02-20 11:12:30.960367-0600: NOTICE: accepted No_Media_Mode exit, Fri Feb 20 11:12:30 2026
2026-02-20 11:12:30.961254-0600: NOTICE: doChange: addr 1.0 [7]
2026-02-20 11:12:30.961988-0600: NOTICE: doChange: addr 2.0 [7]
2026-02-20 11:12:30.985096-0600: NOTICE: doChange: addr 3.0 [7]
2026-02-20 11:12:31.018294-0600: NOTICE: doChange: addr 1.0 [7]
2026-02-20 11:12:31.018366-0600: NOTICE: doChange: addr 2.0 [7]
2026-02-20 11:12:31.020984-0600: NOTICE: doChange: addr 3.0 [7]
2026-02-20 11:12:31.411375-0600: PolicyEngine started: 7800020000000000, Time: Fri Feb 20 11:12:31 2026
2026-02-20 11:12:31.411602-0600: NOTICE: kAGDCCallbackCapability: 0x0 []
2026-02-20 11:12:31.412246-0600: NOTICE: Vendor portmap 0xe mst 0xc ddc 0xc aux 0xe
2026-02-20 11:12:31.412301-0600: NOTICE: Features policyd 0x20100000 kernel 0x0
2026-02-20 11:12:31.412464-0600: NOTICE: doing display state recovery
2026-02-20 11:12:31.412971-0600: NOTICE: FB AGDC state FB[0] - ON
2026-02-20 11:12:31.415397-0600: NOTICE: doChange: addr 1.0 [7]
2026-02-20 11:12:31.415456-0600: NOTICE: doChange: addr 2.0 [7]
2026-02-20 11:12:31.418234-0600: NOTICE: doChange: addr 3.0 [7]
2026-02-20 11:17:17.818684-0600: NOTICE: accepted No_Media_Mode enter, Fri Feb 20 11:17:17 2026
2026-02-20 11:19:03.265703-0600: NOTICE: accepted No_Media_Mode exit, Fri Feb 20 11:19:03 2026
2026-02-20 11:19:03.540441-0600: NOTICE: doChange: addr 1.0 [7]
2026-02-20 11:19:03.540587-0600: NOTICE: doChange: addr 2.0 [7]
2026-02-20 11:19:03.544227-0600: NOTICE: doChange: addr 3.0 [7]
2026-02-20 11:19:40.406007-0600: NOTICE: accepted No_Media_Mode enter, Fri Feb 20 11:19:40 2026
2026-02-20 11:30:34.674260-0600: NOTICE: accepted No_Media_Mode exit, Fri Feb 20 11:30:34 2026
2026-02-20 11:30:34.775396-0600: NOTICE: doChange: addr 1.0 [7]
2026-02-20 11:30:34.775461-0600: NOTICE: doChange: addr 2.0 [7]
2026-02-20 11:30:34.778232-0600: NOTICE: doChange: addr 3.0 [7]
2026-02-20 12:40:39.137392-0600: NOTICE: accepted No_Media_Mode enter, Fri Feb 20 12:40:39 2026
2026-02-20 12:47:37.906479-0600: NOTICE: accepted No_Media_Mode exit, Fri Feb 20 12:47:37 2026
2026-02-20 12:47:37.966476-0600: NOTICE: doChange: addr 1.0 [7]
2026-02-20 12:47:37.966530-0600: NOTICE: doChange: addr 2.0 [7]
2026-02-20 12:47:37.970172-0600: NOTICE: doChange: addr 3.0 [7]
2026-02-22 13:32:43.111093-0600: PolicyEngine started: 7800020000000000, Time: Sun Feb 22 13:32:43 2026
2026-02-22 13:32:43.754678-0600: NOTICE: kAGDCCallbackCapability: 0x0 []
2026-02-22 13:32:44.526687-0600: NOTICE: Vendor portmap 0xe mst 0xc ddc 0xc aux 0xe
2026-02-22 13:32:44.526992-0600: NOTICE: Features policyd 0x20100000 kernel 0x0
2026-02-22 13:32:44.539712-0600: NOTICE: Populated addr 1.0 bad:f00d UUID 0 order 0:0 tx 2:2 dsp 1 WL 0 MS 0 edid 128 undef 0 DSC 0
2026-02-22 13:32:44.546206-0600: NOTICE: Populated addr 1.0 bad:f00d UUID 0 order 0:0 tx 2:2 dsp 1 WL 0 MS 0 edid 128 undef 0 DSC 0
2026-02-22 13:32:44.546313-0600: NOTICE: FB AGDC state FB[0] - ON
2026-02-22 13:32:44.555466-0600: NOTICE: accepted No_Media_Mode enter, Sun Feb 22 13:32:44 2026
2026-02-22 13:32:44.555513-0600: NOTICE: accepted No_Media_Mode exit, Sun Feb 22 13:32:44 2026
2026-02-22 13:32:44.555591-0600: NOTICE: doChange: addr 1.0 [7]
2026-02-22 13:32:44.555611-0600: NOTICE: doChange: addr 2.0 [7]
2026-02-22 13:32:44.558540-0600: NOTICE: doChange: addr 3.0 [7]
2026-02-22 13:32:44.569197-0600: NOTICE: doChange: addr 1.0 [7]
2026-02-22 13:32:44.569357-0600: NOTICE: doChange: addr 2.0 [7]
2026-02-22 13:32:44.572193-0600: NOTICE: doChange: addr 3.0 [7]
2026-02-22 13:32:45.052559-0600: PolicyEngine started: 7800020000000000, Time: Sun Feb 22 13:32:45 2026
2026-02-22 13:32:45.052789-0600: NOTICE: kAGDCCallbackCapability: 0x0 []
2026-02-22 13:32:45.053200-0600: NOTICE: Vendor portmap 0xe mst 0xc ddc 0xc aux 0xe
2026-02-22 13:32:45.053248-0600: NOTICE: Features policyd 0x20100000 kernel 0x0
2026-02-22 13:32:45.053397-0600: NOTICE: doing display state recovery
2026-02-22 13:32:45.053765-0600: NOTICE: FB AGDC state FB[0] - ON
2026-02-22 13:32:45.055582-0600: NOTICE: doChange: addr 1.0 [7]
2026-02-22 13:32:45.055624-0600: NOTICE: doChange: addr 2.0 [7]
2026-02-22 13:32:45.058159-0600: NOTICE: doChange: addr 3.0 [7]
2026-02-22 14:09:53.125083-0600: PolicyEngine started: 7800020000000000, Time: Sun Feb 22 14:09:53 2026
2026-02-22 14:09:53.816180-0600: NOTICE: kAGDCCallbackCapability: 0x0 []
2026-02-22 14:09:54.507706-0600: NOTICE: Vendor portmap 0xe mst 0xc ddc 0xc aux 0xe
2026-02-22 14:09:54.544018-0600: NOTICE: Features policyd 0x20100000 kernel 0x0
2026-02-22 14:09:54.556430-0600: NOTICE: Populated addr 1.0 bad:f00d UUID 0 order 0:0 tx 2:2 dsp 1 WL 0 MS 0 edid 128 undef 0 DSC 0
2026-02-22 14:09:54.559851-0600: NOTICE: Populated addr 1.0 bad:f00d UUID 0 order 0:0 tx 2:2 dsp 1 WL 0 MS 0 edid 128 undef 0 DSC 0
2026-02-22 14:09:54.559941-0600: NOTICE: FB AGDC state FB[0] - ON
2026-02-22 14:09:54.570548-0600: NOTICE: accepted No_Media_Mode enter, Sun Feb 22 14:09:54 2026
2026-02-22 14:09:54.570615-0600: NOTICE: accepted No_Media_Mode exit, Sun Feb 22 14:09:54 2026
2026-02-22 14:09:54.570687-0600: NOTICE: doChange: addr 1.0 [7]
2026-02-22 14:09:54.570712-0600: NOTICE: doChange: addr 2.0 [7]
2026-02-22 14:09:54.574910-0600: NOTICE: doChange: addr 3.0 [7]
2026-02-22 14:09:54.583466-0600: NOTICE: doChange: addr 1.0 [7]
2026-02-22 14:09:54.583517-0600: NOTICE: doChange: addr 2.0 [7]
2026-02-22 14:09:54.589502-0600: NOTICE: doChange: addr 3.0 [7]
2026-02-25 13:48:14.533357-0600: PolicyEngine started: 7800020000000000, Time: Wed Feb 25 13:48:14 2026
2026-02-25 13:48:15.467906-0600: NOTICE: kAGDCCallbackCapability: 0x0 []
2026-02-25 13:48:15.980197-0600: NOTICE: Vendor portmap 0xe mst 0xc ddc 0xc aux 0xe
2026-02-25 13:48:15.980543-0600: NOTICE: Features policyd 0x20100000 kernel 0x0
2026-02-25 13:48:16.001174-0600: NOTICE: Populated addr 1.0 bad:f00d UUID 0 order 0:0 tx 2:2 dsp 1 WL 0 MS 0 edid 128 undef 0 DSC 0
2026-02-25 13:48:16.004730-0600: NOTICE: Populated addr 1.0 bad:f00d UUID 0 order 0:0 tx 2:2 dsp 1 WL 0 MS 0 edid 128 undef 0 DSC 0
2026-02-25 13:48:16.008660-0600: NOTICE: FB AGDC state FB[0] - ON
2026-02-25 13:48:16.010712-0600: NOTICE: accepted No_Media_Mode enter, Wed Feb 25 13:48:16 2026
2026-02-25 13:48:16.010781-0600: NOTICE: accepted No_Media_Mode exit, Wed Feb 25 13:48:16 2026
2026-02-25 13:48:16.010852-0600: NOTICE: doChange: addr 1.0 [7]
2026-02-25 13:48:16.010876-0600: NOTICE: doChange: addr 2.0 [7]
2026-02-25 13:48:16.020382-0600: NOTICE: doChange: addr 3.0 [7]
2026-02-25 13:48:16.024565-0600: NOTICE: doChange: addr 1.0 [7]
2026-02-25 13:48:16.024630-0600: NOTICE: doChange: addr 2.0 [7]
2026-02-25 13:48:16.028230-0600: NOTICE: doChange: addr 3.0 [7]
2026-02-25 17:30:24.553369-0600: NOTICE: accepted No_Media_Mode enter, Wed Feb 25 17:30:24 2026
2026-02-25 17:38:23.967956-0600: NOTICE: accepted No_Media_Mode exit, Wed Feb 25 17:38:23 2026
2026-02-25 17:38:24.021368-0600: NOTICE: doChange: addr 1.0 [7]
2026-02-25 17:38:24.021887-0600: NOTICE: doChange: addr 2.0 [7]
2026-02-25 17:38:24.024661-0600: NOTICE: doChange: addr 3.0 [7]
2026-02-26 01:27:12.081263-0600: PolicyEngine started: 7800020000000000, Time: Thu Feb 26 01:27:12 2026
2026-02-26 01:27:13.033725-0600: NOTICE: kAGDCCallbackCapability: 0x0 []
2026-02-26 01:27:13.529839-0600: NOTICE: Vendor portmap 0xe mst 0xc ddc 0xc aux 0xe
2026-02-26 01:27:13.534108-0600: NOTICE: Features policyd 0x20100000 kernel 0x0
2026-02-26 01:27:13.551576-0600: NOTICE: Populated addr 1.0 bad:f00d UUID 0 order 0:0 tx 2:2 dsp 1 WL 0 MS 0 edid 128 undef 0 DSC 0
2026-02-26 01:27:13.577962-0600: NOTICE: Populated addr 1.0 bad:f00d UUID 0 order 0:0 tx 2:2 dsp 1 WL 0 MS 0 edid 128 undef 0 DSC 0
2026-02-26 01:27:13.578161-0600: NOTICE: FB AGDC state FB[0] - ON
2026-02-26 01:27:13.580315-0600: NOTICE: accepted No_Media_Mode enter, Thu Feb 26 01:27:13 2026
2026-02-26 01:27:13.580373-0600: NOTICE: accepted No_Media_Mode exit, Thu Feb 26 01:27:13 2026
2026-02-26 01:27:13.580447-0600: NOTICE: doChange: addr 1.0 [7]
2026-02-26 01:27:13.580470-0600: NOTICE: doChange: addr 2.0 [7]
2026-02-26 01:27:13.584100-0600: NOTICE: doChange: addr 3.0 [7]
2026-02-26 01:27:13.591145-0600: NOTICE: doChange: addr 1.0 [7]
2026-02-26 01:27:13.591195-0600: NOTICE: doChange: addr 2.0 [7]
2026-02-26 01:27:13.598752-0600: NOTICE: doChange: addr 3.0 [7]
2026-02-26 01:53:30.098340-0600: NOTICE: accepted No_Media_Mode enter, Thu Feb 26 01:53:30 2026
2026-02-26 01:54:48.876176-0600: NOTICE: accepted No_Media_Mode exit, Thu Feb 26 01:54:48 2026
2026-02-26 01:54:49.005225-0600: NOTICE: doChange: addr 1.0 [7]
2026-02-26 01:54:49.005682-0600: NOTICE: doChange: addr 2.0 [7]
2026-02-26 01:54:49.010261-0600: NOTICE: doChange: addr 3.0 [7]
2026-02-26 02:07:17.271388-0600: NOTICE: accepted No_Media_Mode enter, Thu Feb 26 02:07:18 2026
2026-02-26 02:10:32.901478-0600: NOTICE: accepted No_Media_Mode exit, Thu Feb 26 02:10:32 2026
2026-02-26 02:10:32.977182-0600: NOTICE: doChange: addr 1.0 [7]
2026-02-26 02:10:32.977248-0600: NOTICE: doChange: addr 2.0 [7]
2026-02-26 02:10:32.980171-0600: NOTICE: doChange: addr 3.0 [7]
2026-02-26 04:17:39.349449-0600: NOTICE: accepted No_Media_Mode enter, Thu Feb 26 04:17:39 2026
2026-02-26 04:27:35.864267-0600: NOTICE: accepted No_Media_Mode exit, Thu Feb 26 04:27:35 2026
2026-02-26 04:27:35.912968-0600: NOTICE: doChange: addr 1.0 [7]
2026-02-26 04:27:35.913016-0600: NOTICE: doChange: addr 2.0 [7]
2026-02-26 04:27:35.915863-0600: NOTICE: doChange: addr 3.0 [7]
2026-02-26 05:14:19.486878-0600: NOTICE: accepted No_Media_Mode enter, Thu Feb 26 05:14:19 2026
2026-02-26 05:26:49.886739-0600: NOTICE: accepted No_Media_Mode exit, Thu Feb 26 05:26:49 2026
2026-02-26 05:26:49.922771-0600: NOTICE: doChange: addr 1.0 [7]
2026-02-26 05:26:49.922815-0600: NOTICE: doChange: addr 2.0 [7]
2026-02-26 05:26:49.925463-0600: NOTICE: doChange: addr 3.0 [7]
2026-02-26 05:59:49.905647-0600: NOTICE: accepted No_Media_Mode enter, Thu Feb 26 05:59:49 2026
2026-02-26 06:41:57.976957-0600: NOTICE: accepted No_Media_Mode exit, Thu Feb 26 06:41:57 2026
2026-02-26 06:41:58.007579-0600: NOTICE: doChange: addr 1.0 [7]
2026-02-26 06:41:58.007623-0600: NOTICE: doChange: addr 2.0 [7]
2026-02-26 06:41:58.010771-0600: NOTICE: doChange: addr 3.0 [7]
2026-02-26 07:46:31.918821-0600: NOTICE: accepted No_Media_Mode enter, Thu Feb 26 07:46:31 2026
2026-02-26 09:01:40.868152-0600: NOTICE: accepted No_Media_Mode exit, Thu Feb 26 09:01:40 2026
2026-02-26 09:01:41.117962-0600: NOTICE: doChange: addr 1.0 [7]
2026-02-26 09:01:41.118178-0600: NOTICE: doChange: addr 2.0 [7]
2026-02-26 09:01:41.121106-0600: NOTICE: doChange: addr 3.0 [7]
2026-02-26 11:10:37.572810-0600: NOTICE: accepted No_Media_Mode enter, Thu Feb 26 11:10:37 2026
2026-02-26 11:24:23.926589-0600: NOTICE: accepted No_Media_Mode exit, Thu Feb 26 11:24:23 2026
2026-02-26 11:24:24.098306-0600: NOTICE: doChange: addr 1.0 [7]
2026-02-26 11:24:24.098387-0600: NOTICE: doChange: addr 2.0 [7]
2026-02-26 11:24:24.101037-0600: NOTICE: doChange: addr 3.0 [7]
2026-02-26 11:24:40.047966-0600: NOTICE: accepted No_Media_Mode enter, Thu Feb 26 11:24:40 2026
2026-02-26 11:45:28.769609-0600: NOTICE: accepted No_Media_Mode exit, Thu Feb 26 11:45:28 2026
2026-02-26 11:45:28.990555-0600: NOTICE: doChange: addr 1.0 [7]
2026-02-26 11:45:28.990664-0600: NOTICE: doChange: addr 2.0 [7]
2026-02-26 11:45:28.993541-0600: NOTICE: doChange: addr 3.0 [7]
2026-02-26 12:35:53.033450-0600: PolicyEngine started: 7800020000000000, Time: Thu Feb 26 12:35:53 2026
2026-02-26 12:35:53.684873-0600: NOTICE: kAGDCCallbackCapability: 0x0 []
2026-02-26 12:35:54.531209-0600: NOTICE: Vendor portmap 0xe mst 0xc ddc 0xc aux 0xe
2026-02-26 12:35:54.531554-0600: NOTICE: Features policyd 0x20100000 kernel 0x0
2026-02-26 12:35:54.553715-0600: NOTICE: Populated addr 1.0 bad:f00d UUID 0 order 0:0 tx 2:2 dsp 1 WL 0 MS 0 edid 128 undef 0 DSC 0
2026-02-26 12:35:54.563083-0600: NOTICE: Populated addr 1.0 bad:f00d UUID 0 order 0:0 tx 2:2 dsp 1 WL 0 MS 0 edid 128 undef 0 DSC 0
2026-02-26 12:35:54.563663-0600: NOTICE: FB AGDC state FB[0] - ON
2026-02-26 12:35:54.565606-0600: NOTICE: accepted No_Media_Mode enter, Thu Feb 26 12:35:54 2026
2026-02-26 12:35:54.565679-0600: NOTICE: accepted No_Media_Mode exit, Thu Feb 26 12:35:54 2026
2026-02-26 12:35:54.565753-0600: NOTICE: doChange: addr 1.0 [7]
2026-02-26 12:35:54.565796-0600: NOTICE: doChange: addr 2.0 [7]
2026-02-26 12:35:54.568404-0600: NOTICE: doChange: addr 3.0 [7]
2026-02-26 12:35:54.577892-0600: NOTICE: doChange: addr 1.0 [7]
2026-02-26 12:35:54.580830-0600: NOTICE: doChange: addr 2.0 [7]
2026-02-26 12:35:54.584726-0600: NOTICE: doChange: addr 3.0 [7]
2026-02-26 14:32:31.467489-0600: NOTICE: accepted No_Media_Mode enter, Thu Feb 26 14:32:31 2026
2026-02-26 14:41:09.188217-0600: NOTICE: accepted No_Media_Mode exit, Thu Feb 26 14:41:09 2026
2026-02-26 14:41:09.321007-0600: NOTICE: doChange: addr 1.0 [7]
2026-02-26 14:41:09.321083-0600: NOTICE: doChange: addr 2.0 [7]
2026-02-26 14:41:09.323812-0600: NOTICE: doChange: addr 3.0 [7]
2026-02-26 15:49:32.197084-0600: NOTICE: accepted No_Media_Mode enter, Thu Feb 26 15:49:32 2026
2026-02-26 16:05:42.925312-0600: NOTICE: accepted No_Media_Mode exit, Thu Feb 26 16:05:42 2026
2026-02-26 16:05:42.986801-0600: NOTICE: doChange: addr 1.0 [7]
2026-02-26 16:05:42.986883-0600: NOTICE: doChange: addr 2.0 [7]
2026-02-26 16:05:42.996259-0600: NOTICE: doChange: addr 3.0 [7]
2026-02-26 16:06:13.255453-0600: NOTICE: accepted No_Media_Mode enter, Thu Feb 26 16:06:13 2026
2026-02-26 16:19:27.987931-0600: NOTICE: accepted No_Media_Mode exit, Thu Feb 26 16:19:27 2026
2026-02-26 16:19:27.997322-0600: NOTICE: doChange: addr 1.0 [7]
2026-02-26 16:19:27.997395-0600: NOTICE: doChange: addr 2.0 [7]
2026-02-26 16:19:28.000111-0600: NOTICE: doChange: addr 3.0 [7]
2026-02-26 16:50:38.690540-0600: NOTICE: accepted No_Media_Mode enter, Thu Feb 26 16:50:38 2026
2026-02-26 17:12:09.887970-0600: NOTICE: accepted No_Media_Mode exit, Thu Feb 26 17:12:09 2026
2026-02-26 17:12:09.901916-0600: NOTICE: doChange: addr 1.0 [7]
2026-02-26 17:12:09.901997-0600: NOTICE: doChange: addr 2.0 [7]
2026-02-26 17:12:09.904715-0600: NOTICE: doChange: addr 3.0 [7]
2026-02-26 22:55:13.600841-0600: PolicyEngine started: 7800020000000000, Time: Thu Feb 26 22:55:13 2026
2026-02-26 22:55:14.236438-0600: NOTICE: kAGDCCallbackCapability: 0x0 []
2026-02-26 22:55:15.003244-0600: NOTICE: Vendor portmap 0xe mst 0xc ddc 0xc aux 0xe
2026-02-26 22:55:15.003520-0600: NOTICE: Features policyd 0x20100000 kernel 0x0
2026-02-26 22:55:15.010155-0600: NOTICE: Populated addr 1.0 bad:f00d UUID 0 order 0:0 tx 2:2 dsp 1 WL 0 MS 0 edid 128 undef 0 DSC 0
2026-02-26 22:55:15.013905-0600: NOTICE: Populated addr 1.0 bad:f00d UUID 0 order 0:0 tx 2:2 dsp 1 WL 0 MS 0 edid 128 undef 0 DSC 0
2026-02-26 22:55:15.013968-0600: NOTICE: FB AGDC state FB[0] - ON
2026-02-26 22:55:15.016544-0600: NOTICE: accepted No_Media_Mode enter, Thu Feb 26 22:55:15 2026
2026-02-26 22:55:15.016625-0600: NOTICE: accepted No_Media_Mode exit, Thu Feb 26 22:55:15 2026
2026-02-26 22:55:15.016706-0600: NOTICE: doChange: addr 1.0 [7]
2026-02-26 22:55:15.016736-0600: NOTICE: doChange: addr 2.0 [7]
2026-02-26 22:55:15.019775-0600: NOTICE: doChange: addr 3.0 [7]
2026-02-26 22:55:15.026859-0600: NOTICE: doChange: addr 1.0 [7]
2026-02-26 22:55:15.026923-0600: NOTICE: doChange: addr 2.0 [7]
2026-02-26 22:55:15.029763-0600: NOTICE: doChange: addr 3.0 [7]
2026-02-26 23:32:46.883523-0600: NOTICE: accepted No_Media_Mode enter, Thu Feb 26 23:32:46 2026
2026-02-26 23:32:50.085091-0600: NOTICE: accepted No_Media_Mode exit, Thu Feb 26 23:32:50 2026
2026-02-26 23:32:50.444385-0600: NOTICE: doChange: addr 1.0 [7]
2026-02-26 23:32:50.447497-0600: NOTICE: doChange: addr 2.0 [7]
2026-02-26 23:32:50.452307-0600: NOTICE: doChange: addr 3.0 [7]
2026-02-27 00:27:09.285580-0600: NOTICE: accepted No_Media_Mode enter, Fri Feb 27 00:27:09 2026
2026-02-27 01:09:50.893949-0600: NOTICE: accepted No_Media_Mode exit, Fri Feb 27 01:09:50 2026
2026-02-27 01:09:50.910736-0600: NOTICE: doChange: addr 1.0 [7]
2026-02-27 01:09:50.911000-0600: NOTICE: doChange: addr 2.0 [7]
2026-02-27 01:09:50.915387-0600: NOTICE: doChange: addr 3.0 [7]
2026-02-27 01:10:24.257239-0600: NOTICE: accepted No_Media_Mode enter, Fri Feb 27 01:10:25 2026
2026-02-27 01:10:29.073622-0600: NOTICE: accepted No_Media_Mode exit, Fri Feb 27 01:10:29 2026
2026-02-27 01:10:29.360814-0600: NOTICE: doChange: addr 1.0 [7]
2026-02-27 01:10:29.360872-0600: NOTICE: doChange: addr 2.0 [7]
2026-02-27 01:10:29.363566-0600: NOTICE: doChange: addr 3.0 [7]
2026-02-27 01:11:10.840203-0600: NOTICE: accepted No_Media_Mode enter, Fri Feb 27 01:11:11 2026
2026-02-27 01:11:26.396035-0600: NOTICE: accepted No_Media_Mode exit, Fri Feb 27 01:11:27 2026
2026-02-27 01:11:26.668124-0600: NOTICE: doChange: addr 1.0 [7]
2026-02-27 01:11:26.668196-0600: NOTICE: doChange: addr 2.0 [7]
2026-02-27 01:11:26.671133-0600: NOTICE: doChange: addr 3.0 [7]
2026-02-27 01:31:07.516481-0600: NOTICE: accepted No_Media_Mode enter, Fri Feb 27 01:31:07 2026
2026-02-27 01:47:43.633045-0600: NOTICE: accepted No_Media_Mode exit, Fri Feb 27 01:47:43 2026
2026-02-27 01:47:45.043732-0600: NOTICE: doChange: addr 1.0 [7]
2026-02-27 01:47:45.043863-0600: NOTICE: doChange: addr 2.0 [7]
2026-02-27 01:47:45.046840-0600: NOTICE: doChange: addr 3.0 [7]
2026-02-27 03:24:46.112146-0600: NOTICE: accepted No_Media_Mode enter, Fri Feb 27 03:24:46 2026
2026-02-27 03:27:46.077655-0600: NOTICE: accepted No_Media_Mode exit, Fri Feb 27 03:27:46 2026
2026-02-27 03:27:46.713799-0600: NOTICE: doChange: addr 1.0 [7]
2026-02-27 03:27:46.713890-0600: NOTICE: doChange: addr 2.0 [7]
2026-02-27 03:27:46.724930-0600: NOTICE: doChange: addr 3.0 [7]
2026-02-27 03:54:16.252205-0600: NOTICE: accepted No_Media_Mode enter, Fri Feb 27 03:54:16 2026
2026-02-27 04:00:29.943495-0600: NOTICE: accepted No_Media_Mode exit, Fri Feb 27 04:00:29 2026
2026-02-27 04:00:29.995042-0600: NOTICE: doChange: addr 1.0 [7]
2026-02-27 04:00:29.995138-0600: NOTICE: doChange: addr 2.0 [7]
2026-02-27 04:00:29.997927-0600: NOTICE: doChange: addr 3.0 [7]
2026-02-27 04:28:33.297104-0600: NOTICE: accepted No_Media_Mode enter, Fri Feb 27 04:28:33 2026
2026-02-27 04:29:23.719044-0600: NOTICE: accepted No_Media_Mode exit, Fri Feb 27 04:29:23 2026
2026-02-27 04:29:24.149144-0600: NOTICE: doChange: addr 1.0 [7]
2026-02-27 04:29:24.149229-0600: NOTICE: doChange: addr 2.0 [7]
2026-02-27 04:29:24.151902-0600: NOTICE: doChange: addr 3.0 [7]
2026-02-27 04:52:19.399367-0600: NOTICE: accepted No_Media_Mode enter, Fri Feb 27 04:52:19 2026
2026-02-27 04:54:35.912112-0600: NOTICE: accepted No_Media_Mode exit, Fri Feb 27 04:54:35 2026
2026-02-27 04:54:35.921928-0600: NOTICE: doChange: addr 1.0 [7]
2026-02-27 04:54:35.921988-0600: NOTICE: doChange: addr 2.0 [7]
2026-02-27 04:54:35.924775-0600: NOTICE: doChange: addr 3.0 [7]
2026-02-27 04:56:15.521541-0600: NOTICE: accepted No_Media_Mode enter, Fri Feb 27 04:56:15 2026
2026-02-27 05:17:24.887135-0600: NOTICE: accepted No_Media_Mode exit, Fri Feb 27 05:17:24 2026
2026-02-27 05:17:24.901049-0600: NOTICE: doChange: addr 1.0 [7]
2026-02-27 05:17:24.901110-0600: NOTICE: doChange: addr 2.0 [7]
2026-02-27 05:17:24.904116-0600: NOTICE: doChange: addr 3.0 [7]
2026-02-27 09:41:57.196919-0600: PolicyEngine started: 7800020000000000, Time: Fri Feb 27 09:41:57 2026
2026-02-27 09:41:57.846452-0600: NOTICE: kAGDCCallbackCapability: 0x0 []
2026-02-27 09:41:58.662275-0600: NOTICE: Vendor portmap 0xe mst 0xc ddc 0xc aux 0xe
2026-02-27 09:41:58.664990-0600: NOTICE: Features policyd 0x20100000 kernel 0x0
2026-02-27 09:41:58.716891-0600: NOTICE: Populated addr 1.0 bad:f00d UUID 0 order 0:0 tx 2:2 dsp 1 WL 0 MS 0 edid 128 undef 0 DSC 0
2026-02-27 09:41:58.725297-0600: NOTICE: Populated addr 1.0 bad:f00d UUID 0 order 0:0 tx 2:2 dsp 1 WL 0 MS 0 edid 128 undef 0 DSC 0
2026-02-27 09:41:58.725358-0600: NOTICE: FB AGDC state FB[0] - ON
2026-02-27 09:41:58.730064-0600: NOTICE: accepted No_Media_Mode enter, Fri Feb 27 09:41:58 2026
2026-02-27 09:41:58.730126-0600: NOTICE: accepted No_Media_Mode exit, Fri Feb 27 09:41:58 2026
2026-02-27 09:41:58.730216-0600: NOTICE: doChange: addr 1.0 [7]
2026-02-27 09:41:58.730245-0600: NOTICE: doChange: addr 2.0 [7]
2026-02-27 09:41:58.733618-0600: NOTICE: doChange: addr 3.0 [7]
2026-02-27 09:41:58.740612-0600: NOTICE: doChange: addr 1.0 [7]
2026-02-27 09:41:58.740665-0600: NOTICE: doChange: addr 2.0 [7]
2026-02-27 09:41:58.743554-0600: NOTICE: doChange: addr 3.0 [7]
2026-02-27 10:00:21.455514-0600: NOTICE: accepted No_Media_Mode enter, Fri Feb 27 10:00:21 2026
2026-02-27 10:05:29.916860-0600: NOTICE: accepted No_Media_Mode exit, Fri Feb 27 10:05:29 2026
2026-02-27 10:05:30.059759-0600: NOTICE: doChange: addr 1.0 [7]
2026-02-27 10:05:30.059816-0600: NOTICE: doChange: addr 2.0 [7]
2026-02-27 10:05:30.062827-0600: NOTICE: doChange: addr 3.0 [7]
2026-02-27 10:06:00.569679-0600: NOTICE: accepted No_Media_Mode enter, Fri Feb 27 10:06:00 2026
2026-02-27 10:30:55.872391-0600: NOTICE: accepted No_Media_Mode exit, Fri Feb 27 10:30:55 2026
2026-02-27 10:30:55.919354-0600: NOTICE: doChange: addr 1.0 [7]
2026-02-27 10:30:55.919416-0600: NOTICE: doChange: addr 2.0 [7]
2026-02-27 10:30:55.922035-0600: NOTICE: doChange: addr 3.0 [7]
2026-02-27 11:51:07.907442-0600: NOTICE: accepted No_Media_Mode enter, Fri Feb 27 11:51:07 2026
2026-02-27 11:58:16.966489-0600: NOTICE: accepted No_Media_Mode exit, Fri Feb 27 11:58:16 2026
2026-02-27 11:58:16.976449-0600: NOTICE: doChange: addr 1.0 [7]
2026-02-27 11:58:16.976511-0600: NOTICE: doChange: addr 2.0 [7]
2026-02-27 11:58:16.979227-0600: NOTICE: doChange: addr 3.0 [7]
2026-02-27 13:03:46.699602-0600: NOTICE: accepted No_Media_Mode enter, Fri Feb 27 13:03:46 2026
2026-02-27 13:19:39.900042-0600: NOTICE: accepted No_Media_Mode exit, Fri Feb 27 13:19:39 2026
2026-02-27 13:19:39.979111-0600: NOTICE: doChange: addr 1.0 [7]
2026-02-27 13:19:39.979186-0600: NOTICE: doChange: addr 2.0 [7]
2026-02-27 13:19:39.983176-0600: NOTICE: doChange: addr 3.0 [7]
2026-03-04 20:29:01.594572-0600: PolicyEngine started: 7800020000000000, Time: Wed Mar  4 20:29:01 2026
2026-03-04 20:29:02.307290-0600: NOTICE: kAGDCCallbackCapability: 0x0 []
2026-03-04 20:29:03.042597-0600: NOTICE: Vendor portmap 0xe mst 0xc ddc 0xc aux 0xe
2026-03-04 20:29:03.106511-0600: NOTICE: Features policyd 0x20100000 kernel 0x0
2026-03-04 20:29:03.113782-0600: NOTICE: Populated addr 1.0 bad:f00d UUID 0 order 0:0 tx 2:2 dsp 1 WL 0 MS 0 edid 128 undef 0 DSC 0
2026-03-04 20:29:03.125676-0600: NOTICE: Populated addr 1.0 bad:f00d UUID 0 order 0:0 tx 2:2 dsp 1 WL 0 MS 0 edid 128 undef 0 DSC 0
2026-03-04 20:29:03.125732-0600: NOTICE: FB AGDC state FB[0] - ON
2026-03-04 20:29:03.148879-0600: NOTICE: accepted No_Media_Mode enter, Wed Mar  4 20:29:03 2026
2026-03-04 20:29:03.149069-0600: NOTICE: accepted No_Media_Mode exit, Wed Mar  4 20:29:03 2026
2026-03-04 20:29:03.149848-0600: NOTICE: doChange: addr 1.0 [7]
2026-03-04 20:29:03.150079-0600: NOTICE: doChange: addr 2.0 [7]
2026-03-04 20:29:03.153207-0600: NOTICE: doChange: addr 3.0 [7]
2026-03-04 20:29:03.159221-0600: NOTICE: doChange: addr 1.0 [7]
2026-03-04 20:29:03.159279-0600: NOTICE: doChange: addr 2.0 [7]
2026-03-04 20:29:03.162159-0600: NOTICE: doChange: addr 3.0 [7]
2026-03-04 20:29:03.604671-0600: PolicyEngine started: 7800020000000000, Time: Wed Mar  4 20:29:03 2026
2026-03-04 20:29:03.604973-0600: NOTICE: kAGDCCallbackCapability: 0x0 []
2026-03-04 20:29:03.605536-0600: NOTICE: Vendor portmap 0xe mst 0xc ddc 0xc aux 0xe
2026-03-04 20:29:03.605575-0600: NOTICE: Features policyd 0x20100000 kernel 0x0
2026-03-04 20:29:03.605729-0600: NOTICE: doing display state recovery
2026-03-04 20:29:03.606230-0600: NOTICE: FB AGDC state FB[0] - ON
2026-03-04 20:29:03.608122-0600: NOTICE: doChange: addr 1.0 [7]
2026-03-04 20:29:03.608179-0600: NOTICE: doChange: addr 2.0 [7]
2026-03-04 20:29:03.610826-0600: NOTICE: doChange: addr 3.0 [7]
2026-03-04 21:47:09.791093-0600: NOTICE: accepted No_Media_Mode enter, Wed Mar  4 21:47:09 2026
2026-03-04 21:56:17.967768-0600: NOTICE: accepted No_Media_Mode exit, Wed Mar  4 21:56:17 2026
2026-03-04 21:56:18.024554-0600: NOTICE: doChange: addr 1.0 [7]
2026-03-04 21:56:18.024836-0600: NOTICE: doChange: addr 2.0 [7]
2026-03-04 21:56:18.027710-0600: NOTICE: doChange: addr 3.0 [7]
2026-03-04 22:00:57.056078-0600: NOTICE: accepted No_Media_Mode enter, Wed Mar  4 22:00:57 2026
2026-03-04 22:04:16.250886-0600: NOTICE: accepted No_Media_Mode exit, Wed Mar  4 22:04:16 2026
2026-03-04 22:04:16.420821-0600: NOTICE: doChange: addr 1.0 [7]
2026-03-04 22:04:16.420997-0600: NOTICE: doChange: addr 2.0 [7]
2026-03-04 22:04:16.424507-0600: NOTICE: doChange: addr 3.0 [7]
2026-03-04 22:39:15.291181-0600: NOTICE: accepted No_Media_Mode enter, Wed Mar  4 22:39:15 2026
2026-03-04 22:44:05.946033-0600: NOTICE: accepted No_Media_Mode exit, Wed Mar  4 22:44:05 2026
2026-03-04 22:44:05.957375-0600: NOTICE: doChange: addr 1.0 [7]
2026-03-04 22:44:05.957570-0600: NOTICE: doChange: addr 2.0 [7]
2026-03-04 22:44:05.960379-0600: NOTICE: doChange: addr 3.0 [7]
2026-03-04 23:18:27.179929-0600: NOTICE: accepted No_Media_Mode enter, Wed Mar  4 23:18:27 2026
2026-03-04 23:28:08.702458-0600: NOTICE: accepted No_Media_Mode exit, Wed Mar  4 23:28:09 2026
2026-03-04 23:28:08.899502-0600: NOTICE: doChange: addr 1.0 [7]
2026-03-04 23:28:08.899556-0600: NOTICE: doChange: addr 2.0 [7]
2026-03-04 23:28:08.902763-0600: NOTICE: doChange: addr 3.0 [7]
2026-03-04 23:28:39.482713-0600: NOTICE: accepted No_Media_Mode enter, Wed Mar  4 23:28:40 2026
2026-03-04 23:31:36.618268-0600: NOTICE: accepted No_Media_Mode exit, Wed Mar  4 23:31:37 2026
2026-03-04 23:31:36.639216-0600: NOTICE: doChange: addr 1.0 [7]
2026-03-04 23:31:36.639374-0600: NOTICE: doChange: addr 2.0 [7]
2026-03-04 23:31:36.642444-0600: NOTICE: doChange: addr 3.0 [7]
2026-03-04 23:59:04.853292-0600: NOTICE: accepted No_Media_Mode enter, Wed Mar  4 23:59:04 2026
2026-03-05 00:04:35.954827-0600: NOTICE: accepted No_Media_Mode exit, Thu Mar  5 00:04:35 2026
2026-03-05 00:04:35.972278-0600: NOTICE: doChange: addr 1.0 [7]
2026-03-05 00:04:35.972350-0600: NOTICE: doChange: addr 2.0 [7]
2026-03-05 00:04:35.975088-0600: NOTICE: doChange: addr 3.0 [7]
2026-03-05 00:05:09.520204-0600: NOTICE: accepted No_Media_Mode enter, Thu Mar  5 00:05:09 2026
2026-03-05 00:05:46.115715-0600: NOTICE: accepted No_Media_Mode exit, Thu Mar  5 00:05:46 2026
2026-03-05 00:05:46.389509-0600: NOTICE: doChange: addr 1.0 [7]
2026-03-05 00:05:46.389548-0600: NOTICE: doChange: addr 2.0 [7]
2026-03-05 00:05:46.392410-0600: NOTICE: doChange: addr 3.0 [7]
2026-03-05 00:06:17.026284-0600: NOTICE: accepted No_Media_Mode enter, Thu Mar  5 00:06:16 2026
2026-03-05 00:08:10.991025-0600: NOTICE: accepted No_Media_Mode exit, Thu Mar  5 00:08:10 2026
2026-03-05 00:08:11.130684-0600: NOTICE: doChange: addr 1.0 [7]
2026-03-05 00:08:11.130743-0600: NOTICE: doChange: addr 2.0 [7]
2026-03-05 00:08:11.133478-0600: NOTICE: doChange: addr 3.0 [7]
2026-03-05 00:08:41.317396-0600: NOTICE: accepted No_Media_Mode enter, Thu Mar  5 00:08:40 2026
2026-03-05 00:08:42.645581-0600: NOTICE: accepted No_Media_Mode exit, Thu Mar  5 00:08:42 2026
2026-03-05 00:08:42.915633-0600: NOTICE: doChange: addr 1.0 [7]
2026-03-05 00:08:42.915703-0600: NOTICE: doChange: addr 2.0 [7]
2026-03-05 00:08:42.918512-0600: NOTICE: doChange: addr 3.0 [7]
2026-03-05 02:01:24.734820-0600: NOTICE: accepted No_Media_Mode enter, Thu Mar  5 02:01:24 2026
2026-03-05 02:10:58.744418-0600: NOTICE: accepted No_Media_Mode exit, Thu Mar  5 02:10:58 2026
2026-03-05 02:10:58.794859-0600: NOTICE: doChange: addr 1.0 [7]
2026-03-05 02:10:58.794951-0600: NOTICE: doChange: addr 2.0 [7]
2026-03-05 02:10:58.797760-0600: NOTICE: doChange: addr 3.0 [7]
2026-03-05 03:27:55.930835-0600: NOTICE: accepted No_Media_Mode enter, Thu Mar  5 03:27:55 2026
2026-03-05 03:30:02.916262-0600: NOTICE: accepted No_Media_Mode exit, Thu Mar  5 03:30:02 2026
2026-03-05 03:30:04.804905-0600: NOTICE: doChange: addr 1.0 [7]
2026-03-05 03:30:04.843391-0600: NOTICE: doChange: addr 2.0 [7]
2026-03-05 03:30:04.847340-0600: NOTICE: doChange: addr 3.0 [7]
2026-03-05 04:16:50.858153-0600: NOTICE: accepted No_Media_Mode enter, Thu Mar  5 04:16:50 2026
2026-03-05 04:26:28.884659-0600: NOTICE: accepted No_Media_Mode exit, Thu Mar  5 04:26:28 2026
2026-03-05 04:26:30.881152-0600: NOTICE: doChange: addr 1.0 [7]
2026-03-05 04:26:30.881762-0600: NOTICE: doChange: addr 2.0 [7]
2026-03-05 04:26:30.884864-0600: NOTICE: doChange: addr 3.0 [7]
2026-03-05 06:00:28.890258-0600: NOTICE: accepted No_Media_Mode enter, Thu Mar  5 06:00:28 2026
2026-03-05 06:06:33.056922-0600: NOTICE: accepted No_Media_Mode exit, Thu Mar  5 06:06:33 2026
2026-03-05 06:06:33.543240-0600: NOTICE: doChange: addr 1.0 [7]
2026-03-05 06:06:33.543488-0600: NOTICE: doChange: addr 2.0 [7]
2026-03-05 06:06:33.546590-0600: NOTICE: doChange: addr 3.0 [7]
2026-03-05 06:27:34.395185-0600: NOTICE: accepted No_Media_Mode enter, Thu Mar  5 06:27:34 2026
2026-03-05 06:43:31.802310-0600: NOTICE: accepted No_Media_Mode exit, Thu Mar  5 06:43:31 2026
2026-03-05 06:43:32.014982-0600: NOTICE: doChange: addr 1.0 [7]
2026-03-05 06:43:32.015069-0600: NOTICE: doChange: addr 2.0 [7]
2026-03-05 06:43:32.019328-0600: NOTICE: doChange: addr 3.0 [7]
2026-03-05 08:33:38.295050-0600: NOTICE: accepted No_Media_Mode enter, Thu Mar  5 08:33:38 2026
2026-03-05 08:33:40.086548-0600: NOTICE: accepted No_Media_Mode exit, Thu Mar  5 08:33:40 2026
2026-03-05 08:33:42.463147-0600: NOTICE: doChange: addr 1.0 [7]
2026-03-05 08:33:42.463452-0600: NOTICE: doChange: addr 2.0 [7]
2026-03-05 08:33:42.466566-0600: NOTICE: doChange: addr 3.0 [7]
2026-03-05 08:34:13.119814-0600: NOTICE: accepted No_Media_Mode enter, Thu Mar  5 08:34:13 2026
2026-03-05 08:49:32.686143-0600: NOTICE: accepted No_Media_Mode exit, Thu Mar  5 08:49:32 2026
2026-03-05 08:49:33.700672-0600: NOTICE: doChange: addr 1.0 [7]
2026-03-05 08:49:33.701336-0600: NOTICE: doChange: addr 2.0 [7]
2026-03-05 08:49:33.704982-0600: NOTICE: doChange: addr 3.0 [7]
2026-03-05 10:01:46.714936-0600: NOTICE: accepted No_Media_Mode enter, Thu Mar  5 10:01:46 2026
2026-03-05 10:10:31.508172-0600: NOTICE: accepted No_Media_Mode exit, Thu Mar  5 10:10:31 2026
2026-03-05 10:10:32.167414-0600: NOTICE: doChange: addr 1.0 [7]
2026-03-05 10:10:32.167498-0600: NOTICE: doChange: addr 2.0 [7]
2026-03-05 10:10:32.170468-0600: NOTICE: doChange: addr 3.0 [7]
2026-03-05 15:14:11.554841-0600: PolicyEngine started: 7800020000000000, Time: Thu Mar  5 15:14:11 2026
2026-03-05 15:14:12.539523-0600: NOTICE: kAGDCCallbackCapability: 0x0 []
2026-03-05 15:14:12.965155-0600: NOTICE: Vendor portmap 0xe mst 0xc ddc 0xc aux 0xe
2026-03-05 15:14:12.965625-0600: NOTICE: Features policyd 0x20100000 kernel 0x0
2026-03-05 15:14:12.998757-0600: NOTICE: Populated addr 1.0 bad:f00d UUID 0 order 0:0 tx 2:2 dsp 1 WL 0 MS 0 edid 128 undef 0 DSC 0
2026-03-05 15:14:13.013421-0600: NOTICE: Populated addr 1.0 bad:f00d UUID 0 order 0:0 tx 2:2 dsp 1 WL 0 MS 0 edid 128 undef 0 DSC 0
2026-03-05 15:14:13.013468-0600: NOTICE: FB AGDC state FB[0] - ON
2026-03-05 15:14:13.015371-0600: NOTICE: accepted No_Media_Mode enter, Thu Mar  5 15:14:13 2026
2026-03-05 15:14:13.015432-0600: NOTICE: accepted No_Media_Mode exit, Thu Mar  5 15:14:13 2026
2026-03-05 15:14:13.015547-0600: NOTICE: doChange: addr 1.0 [7]
2026-03-05 15:14:13.015576-0600: NOTICE: doChange: addr 2.0 [7]
2026-03-05 15:14:13.018685-0600: NOTICE: doChange: addr 3.0 [7]
2026-03-05 15:14:13.030659-0600: NOTICE: doChange: addr 1.0 [7]
2026-03-05 15:14:13.030903-0600: NOTICE: doChange: addr 2.0 [7]
2026-03-05 15:14:13.036509-0600: NOTICE: doChange: addr 3.0 [7]
2026-03-05 15:14:13.353769-0600: PolicyEngine started: 7800020000000000, Time: Thu Mar  5 15:14:13 2026
2026-03-05 15:14:13.354143-0600: NOTICE: kAGDCCallbackCapability: 0x0 []
2026-03-05 15:14:13.354866-0600: NOTICE: Vendor portmap 0xe mst 0xc ddc 0xc aux 0xe
2026-03-05 15:14:13.354924-0600: NOTICE: Features policyd 0x20100000 kernel 0x0
2026-03-05 15:14:13.355142-0600: NOTICE: doing display state recovery
2026-03-05 15:14:13.355638-0600: NOTICE: FB AGDC state FB[0] - ON
2026-03-05 15:14:13.357589-0600: NOTICE: doChange: addr 1.0 [7]
2026-03-05 15:14:13.357682-0600: NOTICE: doChange: addr 2.0 [7]
2026-03-05 15:14:13.360283-0600: NOTICE: doChange: addr 3.0 [7]
2026-03-05 15:14:23.708290-0600: PolicyEngine started: 7800020000000000, Time: Thu Mar  5 15:14:23 2026
2026-03-05 15:14:23.708450-0600: NOTICE: kAGDCCallbackCapability: 0x0 []
2026-03-05 15:14:23.708787-0600: NOTICE: Vendor portmap 0xe mst 0xc ddc 0xc aux 0xe
2026-03-05 15:14:23.708812-0600: NOTICE: Features policyd 0x20100000 kernel 0x0
2026-03-05 15:14:23.708926-0600: NOTICE: doing display state recovery
2026-03-05 15:14:23.709217-0600: NOTICE: FB AGDC state FB[0] - ON
2026-03-05 15:14:23.710509-0600: NOTICE: doChange: addr 1.0 [7]
2026-03-05 15:14:23.710532-0600: NOTICE: doChange: addr 2.0 [7]
2026-03-05 15:14:23.713608-0600: NOTICE: doChange: addr 3.0 [7]
2026-03-05 15:20:44.884611-0600: NOTICE: accepted No_Media_Mode enter, Thu Mar  5 15:20:45 2026
2026-03-05 15:26:15.355444-0600: NOTICE: accepted No_Media_Mode exit, Thu Mar  5 15:26:15 2026
2026-03-05 15:26:15.405978-0600: NOTICE: doChange: addr 1.0 [7]
2026-03-05 15:26:15.406041-0600: NOTICE: doChange: addr 2.0 [7]
2026-03-05 15:26:15.414601-0600: NOTICE: doChange: addr 3.0 [7]
2026-03-05 15:31:32.104334-0600: NOTICE: accepted No_Media_Mode enter, Thu Mar  5 15:31:32 2026
2026-03-05 15:33:59.704309-0600: NOTICE: accepted No_Media_Mode exit, Thu Mar  5 15:33:59 2026
2026-03-05 15:33:59.953666-0600: NOTICE: doChange: addr 1.0 [7]
2026-03-05 15:33:59.953710-0600: NOTICE: doChange: addr 2.0 [7]
2026-03-05 15:33:59.956481-0600: NOTICE: doChange: addr 3.0 [7]
2026-03-05 15:38:09.187370-0600: NOTICE: accepted No_Media_Mode enter, Thu Mar  5 15:38:09 2026
2026-03-05 15:41:46.228335-0600: NOTICE: accepted No_Media_Mode exit, Thu Mar  5 15:41:46 2026
2026-03-05 15:41:46.250614-0600: NOTICE: doChange: addr 1.0 [7]
2026-03-05 15:41:46.250664-0600: NOTICE: doChange: addr 2.0 [7]
2026-03-05 15:41:46.254818-0600: NOTICE: doChange: addr 3.0 [7]
2026-03-05 15:46:46.021715-0600: NOTICE: accepted No_Media_Mode enter, Thu Mar  5 15:46:46 2026
2026-03-05 15:55:47.856672-0600: NOTICE: accepted No_Media_Mode exit, Thu Mar  5 15:55:47 2026
2026-03-05 15:55:47.897168-0600: NOTICE: doChange: addr 1.0 [7]
2026-03-05 15:55:47.897237-0600: NOTICE: doChange: addr 2.0 [7]
2026-03-05 15:55:47.905921-0600: NOTICE: doChange: addr 3.0 [7]
2026-03-05 16:00:59.125820-0600: NOTICE: accepted No_Media_Mode enter, Thu Mar  5 16:00:58 2026
2026-03-05 16:01:16.924989-0600: NOTICE: accepted No_Media_Mode exit, Thu Mar  5 16:01:16 2026
2026-03-05 16:01:17.266498-0600: NOTICE: doChange: addr 1.0 [7]
2026-03-05 16:01:17.266592-0600: NOTICE: doChange: addr 2.0 [7]
2026-03-05 16:01:17.270022-0600: NOTICE: doChange: addr 3.0 [7]
2026-03-05 16:17:33.703990-0600: NOTICE: accepted No_Media_Mode enter, Thu Mar  5 16:17:33 2026
2026-03-05 16:25:00.944694-0600: NOTICE: accepted No_Media_Mode exit, Thu Mar  5 16:25:00 2026
2026-03-05 16:25:00.967369-0600: NOTICE: doChange: addr 1.0 [7]
2026-03-05 16:25:00.967417-0600: NOTICE: doChange: addr 2.0 [7]
2026-03-05 16:25:00.970079-0600: NOTICE: doChange: addr 3.0 [7]
2026-03-05 16:45:52.013986-0600: NOTICE: accepted No_Media_Mode enter, Thu Mar  5 16:45:52 2026
2026-03-05 16:47:56.917788-0600: NOTICE: accepted No_Media_Mode exit, Thu Mar  5 16:47:56 2026
2026-03-05 16:47:56.956965-0600: NOTICE: doChange: addr 1.0 [7]
2026-03-05 16:47:56.957044-0600: NOTICE: doChange: addr 2.0 [7]
2026-03-05 16:47:56.959743-0600: NOTICE: doChange: addr 3.0 [7]
2026-03-05 16:49:39.274544-0600: NOTICE: accepted No_Media_Mode enter, Thu Mar  5 16:49:40 2026
2026-03-05 16:50:01.959927-0600: NOTICE: accepted No_Media_Mode exit, Thu Mar  5 16:50:03 2026
2026-03-05 16:50:02.232854-0600: NOTICE: doChange: addr 1.0 [7]
2026-03-05 16:50:02.232931-0600: NOTICE: doChange: addr 2.0 [7]
2026-03-05 16:50:02.235734-0600: NOTICE: doChange: addr 3.0 [7]
2026-03-05 16:50:33.321503-0600: NOTICE: accepted No_Media_Mode enter, Thu Mar  5 16:50:34 2026
2026-03-05 16:57:39.737182-0600: NOTICE: accepted No_Media_Mode exit, Thu Mar  5 16:57:40 2026
2026-03-05 16:57:39.759294-0600: NOTICE: doChange: addr 1.0 [7]
2026-03-05 16:57:39.759381-0600: NOTICE: doChange: addr 2.0 [7]
2026-03-05 16:57:39.762117-0600: NOTICE: doChange: addr 3.0 [7]
2026-03-05 16:58:11.086276-0600: NOTICE: accepted No_Media_Mode enter, Thu Mar  5 16:58:12 2026
2026-03-05 16:59:51.303136-0600: NOTICE: accepted No_Media_Mode exit, Thu Mar  5 16:59:52 2026
2026-03-05 16:59:51.329205-0600: NOTICE: doChange: addr 1.0 [7]
2026-03-05 16:59:51.329265-0600: NOTICE: doChange: addr 2.0 [7]
2026-03-05 16:59:51.331858-0600: NOTICE: doChange: addr 3.0 [7]
2026-03-05 17:03:52.162210-0600: NOTICE: accepted No_Media_Mode enter, Thu Mar  5 17:03:52 2026
2026-03-05 17:10:00.960590-0600: NOTICE: accepted No_Media_Mode exit, Thu Mar  5 17:10:00 2026
2026-03-05 17:10:00.970923-0600: NOTICE: doChange: addr 1.0 [7]
2026-03-05 17:10:00.970977-0600: NOTICE: doChange: addr 2.0 [7]
2026-03-05 17:10:00.973615-0600: NOTICE: doChange: addr 3.0 [7]
2026-03-05 18:19:47.698685-0600: NOTICE: accepted No_Media_Mode enter, Thu Mar  5 18:19:47 2026
2026-03-05 18:31:37.108954-0600: NOTICE: accepted No_Media_Mode exit, Thu Mar  5 18:31:37 2026
2026-03-05 18:31:37.449153-0600: NOTICE: doChange: addr 1.0 [7]
2026-03-05 18:31:37.450603-0600: NOTICE: doChange: addr 2.0 [7]
2026-03-05 18:31:37.922130-0600: NOTICE: doChange: addr 3.0 [7]
2026-03-05 19:00:49.786642-0600: NOTICE: accepted No_Media_Mode enter, Thu Mar  5 19:00:49 2026
2026-03-05 19:03:24.090198-0600: NOTICE: accepted No_Media_Mode exit, Thu Mar  5 19:03:24 2026
2026-03-05 19:03:26.957789-0600: NOTICE: doChange: addr 1.0 [7]
2026-03-05 19:03:26.957979-0600: NOTICE: doChange: addr 2.0 [7]
2026-03-05 19:03:26.960731-0600: NOTICE: doChange: addr 3.0 [7]
2026-03-05 19:05:27.754395-0600: NOTICE: accepted No_Media_Mode enter, Thu Mar  5 19:05:27 2026
2026-03-05 19:06:48.478618-0600: NOTICE: accepted No_Media_Mode exit, Thu Mar  5 19:06:48 2026
2026-03-05 19:06:49.751423-0600: NOTICE: doChange: addr 1.0 [7]
2026-03-05 19:06:49.751817-0600: NOTICE: doChange: addr 2.0 [7]
2026-03-05 19:06:49.760879-0600: NOTICE: doChange: addr 3.0 [7]
2026-03-05 19:07:24.115454-0600: NOTICE: accepted No_Media_Mode enter, Thu Mar  5 19:07:24 2026
2026-03-05 19:16:59.330557-0600: NOTICE: accepted No_Media_Mode exit, Thu Mar  5 19:16:59 2026
2026-03-05 19:16:59.597043-0600: NOTICE: doChange: addr 1.0 [7]
2026-03-05 19:16:59.597158-0600: NOTICE: doChange: addr 2.0 [7]
2026-03-05 19:16:59.599893-0600: NOTICE: doChange: addr 3.0 [7]
2026-03-05 22:32:28.995898-0600: PolicyEngine started: 7800020000000000, Time: Thu Mar  5 22:32:28 2026
2026-03-05 22:32:29.878066-0600: NOTICE: kAGDCCallbackCapability: 0x0 []
2026-03-05 22:32:30.451330-0600: NOTICE: Vendor portmap 0xe mst 0xc ddc 0xc aux 0xe
2026-03-05 22:32:30.451587-0600: NOTICE: Features policyd 0x20100000 kernel 0x0
2026-03-05 22:32:30.471709-0600: NOTICE: Populated addr 1.0 bad:f00d UUID 0 order 0:0 tx 2:2 dsp 1 WL 0 MS 0 edid 128 undef 0 DSC 0
2026-03-05 22:32:30.481482-0600: NOTICE: Populated addr 1.0 bad:f00d UUID 0 order 0:0 tx 2:2 dsp 1 WL 0 MS 0 edid 128 undef 0 DSC 0
2026-03-05 22:32:30.481534-0600: NOTICE: FB AGDC state FB[0] - ON
2026-03-05 22:32:30.502247-0600: NOTICE: accepted No_Media_Mode enter, Thu Mar  5 22:32:30 2026
2026-03-05 22:32:30.502414-0600: NOTICE: accepted No_Media_Mode exit, Thu Mar  5 22:32:30 2026
2026-03-05 22:32:30.502909-0600: NOTICE: doChange: addr 1.0 [7]
2026-03-05 22:32:30.503285-0600: NOTICE: doChange: addr 2.0 [7]
2026-03-05 22:32:30.506330-0600: NOTICE: doChange: addr 3.0 [7]
2026-03-05 22:32:30.513021-0600: NOTICE: doChange: addr 1.0 [7]
2026-03-05 22:32:30.513072-0600: NOTICE: doChange: addr 2.0 [7]
2026-03-05 22:32:30.520320-0600: NOTICE: doChange: addr 3.0 [7]
2026-03-06 00:01:22.460523-0600: NOTICE: accepted No_Media_Mode enter, Fri Mar  6 00:01:22 2026
2026-03-06 00:01:25.924546-0600: NOTICE: accepted No_Media_Mode exit, Fri Mar  6 00:01:25 2026
2026-03-06 00:01:28.137241-0600: NOTICE: doChange: addr 1.0 [7]
2026-03-06 00:01:28.138745-0600: NOTICE: doChange: addr 2.0 [7]
2026-03-06 00:01:28.141495-0600: NOTICE: doChange: addr 3.0 [7]
2026-03-06 00:03:34.024691-0600: NOTICE: accepted No_Media_Mode enter, Fri Mar  6 00:03:34 2026
2026-03-06 00:05:33.087117-0600: NOTICE: accepted No_Media_Mode exit, Fri Mar  6 00:05:33 2026
2026-03-06 00:05:33.221198-0600: NOTICE: doChange: addr 1.0 [7]
2026-03-06 00:05:33.221284-0600: NOTICE: doChange: addr 2.0 [7]
2026-03-06 00:05:33.223978-0600: NOTICE: doChange: addr 3.0 [7]
2026-03-06 00:06:08.835940-0600: NOTICE: accepted No_Media_Mode enter, Fri Mar  6 00:06:08 2026
2026-03-06 00:10:00.158798-0600: NOTICE: accepted No_Media_Mode exit, Fri Mar  6 00:09:59 2026
2026-03-06 00:10:00.233268-0600: NOTICE: doChange: addr 1.0 [7]
2026-03-06 00:10:00.235127-0600: NOTICE: doChange: addr 2.0 [7]
2026-03-06 00:10:00.238174-0600: NOTICE: doChange: addr 3.0 [7]
2026-03-06 00:34:23.231059-0600: NOTICE: accepted No_Media_Mode enter, Fri Mar  6 00:34:23 2026
2026-03-06 00:41:18.944423-0600: NOTICE: accepted No_Media_Mode exit, Fri Mar  6 00:41:18 2026
2026-03-06 00:41:18.976209-0600: NOTICE: doChange: addr 1.0 [7]
2026-03-06 00:41:18.976291-0600: NOTICE: doChange: addr 2.0 [7]
2026-03-06 00:41:18.978980-0600: NOTICE: doChange: addr 3.0 [7]
2026-03-06 00:43:20.186152-0600: NOTICE: accepted No_Media_Mode enter, Fri Mar  6 00:43:20 2026
2026-03-06 00:44:53.191712-0600: NOTICE: accepted No_Media_Mode exit, Fri Mar  6 00:44:53 2026
2026-03-06 00:44:53.228123-0600: NOTICE: doChange: addr 1.0 [7]
2026-03-06 00:44:53.228184-0600: NOTICE: doChange: addr 2.0 [7]
2026-03-06 00:44:53.230834-0600: NOTICE: doChange: addr 3.0 [7]
2026-03-06 00:45:19.690806-0600: NOTICE: accepted No_Media_Mode enter, Fri Mar  6 00:45:21 2026
2026-03-06 00:47:47.701059-0600: NOTICE: accepted No_Media_Mode exit, Fri Mar  6 00:47:49 2026
2026-03-06 00:47:47.902699-0600: NOTICE: doChange: addr 1.0 [7]
2026-03-06 00:47:47.902940-0600: NOTICE: doChange: addr 2.0 [7]
2026-03-06 00:47:47.906152-0600: NOTICE: doChange: addr 3.0 [7]
2026-03-06 00:48:03.660524-0600: NOTICE: accepted No_Media_Mode enter, Fri Mar  6 00:48:06 2026
2026-03-06 00:52:50.969552-0600: NOTICE: accepted No_Media_Mode exit, Fri Mar  6 00:52:50 2026
2026-03-06 00:52:52.948565-0600: NOTICE: doChange: addr 1.0 [7]
2026-03-06 00:52:52.948689-0600: NOTICE: doChange: addr 2.0 [7]
2026-03-06 00:52:52.951689-0600: NOTICE: doChange: addr 3.0 [7]
2026-03-06 00:52:52.954562-0600: NOTICE: accepted No_Media_Mode enter, Fri Mar  6 00:52:52 2026
2026-03-06 00:52:52.954670-0600: NOTICE: accepted No_Media_Mode exit, Fri Mar  6 00:52:52 2026
2026-03-06 00:52:52.965163-0600: NOTICE: doChange: addr 1.0 [7]
2026-03-06 00:52:52.965220-0600: NOTICE: doChange: addr 2.0 [7]
2026-03-06 00:52:52.968376-0600: NOTICE: doChange: addr 3.0 [7]
2026-03-06 01:22:56.148250-0600: NOTICE: accepted No_Media_Mode enter, Fri Mar  6 01:22:56 2026
2026-03-06 01:48:52.911279-0600: NOTICE: accepted No_Media_Mode exit, Fri Mar  6 01:48:52 2026
2026-03-06 01:48:53.202528-0600: NOTICE: doChange: addr 1.0 [7]
2026-03-06 01:48:53.210790-0600: NOTICE: doChange: addr 2.0 [7]
2026-03-06 01:48:53.213579-0600: NOTICE: doChange: addr 3.0 [7]
2026-03-06 02:23:35.315331-0600: NOTICE: accepted No_Media_Mode enter, Fri Mar  6 02:23:35 2026
2026-03-06 03:00:33.997906-0600: NOTICE: accepted No_Media_Mode exit, Fri Mar  6 03:00:33 2026
2026-03-06 03:00:34.115501-0600: NOTICE: doChange: addr 1.0 [7]
2026-03-06 03:00:34.115578-0600: NOTICE: doChange: addr 2.0 [7]
2026-03-06 03:00:34.118393-0600: NOTICE: doChange: addr 3.0 [7]
2026-03-06 03:24:43.144242-0600: NOTICE: accepted No_Media_Mode enter, Fri Mar  6 03:24:43 2026
2026-03-06 04:03:30.924062-0600: NOTICE: accepted No_Media_Mode exit, Fri Mar  6 04:03:30 2026
2026-03-06 04:03:31.057977-0600: NOTICE: doChange: addr 1.0 [7]
2026-03-06 04:03:31.058115-0600: NOTICE: doChange: addr 2.0 [7]
2026-03-06 04:03:31.060806-0600: NOTICE: doChange: addr 3.0 [7]
2026-03-06 05:23:35.583176-0600: NOTICE: accepted No_Media_Mode enter, Fri Mar  6 05:23:35 2026
2026-03-06 05:52:23.883542-0600: NOTICE: accepted No_Media_Mode exit, Fri Mar  6 05:52:23 2026
2026-03-06 05:52:23.906355-0600: NOTICE: doChange: addr 1.0 [7]
2026-03-06 05:52:23.906437-0600: NOTICE: doChange: addr 2.0 [7]
2026-03-06 05:52:23.910398-0600: NOTICE: doChange: addr 3.0 [7]
2026-03-06 05:52:57.538671-0600: NOTICE: accepted No_Media_Mode enter, Fri Mar  6 05:52:58 2026
2026-03-06 05:53:23.224118-0600: NOTICE: accepted No_Media_Mode exit, Fri Mar  6 05:53:23 2026
2026-03-06 05:53:23.492650-0600: NOTICE: doChange: addr 1.0 [7]
2026-03-06 05:53:23.492739-0600: NOTICE: doChange: addr 2.0 [7]
2026-03-06 05:53:23.495903-0600: NOTICE: doChange: addr 3.0 [7]
2026-03-06 08:10:58.875211-0600: NOTICE: accepted No_Media_Mode enter, Fri Mar  6 08:10:58 2026
2026-03-06 08:35:56.907881-0600: NOTICE: accepted No_Media_Mode exit, Fri Mar  6 08:35:56 2026
2026-03-06 08:35:56.920005-0600: NOTICE: doChange: addr 1.0 [7]
2026-03-06 08:35:56.920065-0600: NOTICE: doChange: addr 2.0 [7]
2026-03-06 08:35:56.922700-0600: NOTICE: doChange: addr 3.0 [7]
2026-03-06 10:30:00.153240-0600: PolicyEngine started: 7800020000000000, Time: Fri Mar  6 10:30:00 2026
2026-03-06 10:30:00.790790-0600: NOTICE: kAGDCCallbackCapability: 0x0 []
2026-03-06 10:30:01.572605-0600: NOTICE: Vendor portmap 0xe mst 0xc ddc 0xc aux 0xe
2026-03-06 10:30:01.572889-0600: NOTICE: Features policyd 0x20100000 kernel 0x0
2026-03-06 10:30:01.602275-0600: NOTICE: Populated addr 1.0 bad:f00d UUID 0 order 0:0 tx 2:2 dsp 1 WL 0 MS 0 edid 128 undef 0 DSC 0
2026-03-06 10:30:01.623866-0600: NOTICE: Populated addr 1.0 bad:f00d UUID 0 order 0:0 tx 2:2 dsp 1 WL 0 MS 0 edid 128 undef 0 DSC 0
2026-03-06 10:30:01.623924-0600: NOTICE: FB AGDC state FB[0] - ON
2026-03-06 10:30:01.629457-0600: NOTICE: accepted No_Media_Mode enter, Fri Mar  6 10:30:01 2026
2026-03-06 10:30:01.629609-0600: NOTICE: accepted No_Media_Mode exit, Fri Mar  6 10:30:01 2026
2026-03-06 10:30:01.630025-0600: NOTICE: doChange: addr 1.0 [7]
2026-03-06 10:30:01.630498-0600: NOTICE: doChange: addr 2.0 [7]
2026-03-06 10:30:01.635180-0600: NOTICE: doChange: addr 3.0 [7]
2026-03-06 10:30:01.640029-0600: NOTICE: doChange: addr 1.0 [7]
2026-03-06 10:30:01.640094-0600: NOTICE: doChange: addr 2.0 [7]
2026-03-06 10:30:01.642905-0600: NOTICE: doChange: addr 3.0 [7]
2026-03-06 11:34:30.589009-0600: NOTICE: accepted No_Media_Mode enter, Fri Mar  6 11:34:30 2026
2026-03-06 11:35:53.903492-0600: NOTICE: accepted No_Media_Mode exit, Fri Mar  6 11:35:53 2026
2026-03-06 11:35:54.141475-0600: NOTICE: doChange: addr 1.0 [7]
2026-03-06 11:35:54.141537-0600: NOTICE: doChange: addr 2.0 [7]
2026-03-06 11:35:54.144174-0600: NOTICE: doChange: addr 3.0 [7]
2026-03-06 11:39:41.112682-0600: NOTICE: accepted No_Media_Mode enter, Fri Mar  6 11:39:42 2026
2026-03-06 11:57:17.015640-0600: NOTICE: accepted No_Media_Mode exit, Fri Mar  6 11:57:17 2026
2026-03-06 11:57:17.043798-0600: NOTICE: doChange: addr 1.0 [7]
2026-03-06 11:57:17.043855-0600: NOTICE: doChange: addr 2.0 [7]
2026-03-06 11:57:17.046458-0600: NOTICE: doChange: addr 3.0 [7]
2026-03-06 12:44:37.008616-0600: NOTICE: accepted No_Media_Mode enter, Fri Mar  6 12:44:37 2026
2026-03-06 12:52:22.881699-0600: NOTICE: accepted No_Media_Mode exit, Fri Mar  6 12:52:22 2026
2026-03-06 12:52:22.892672-0600: NOTICE: doChange: addr 1.0 [7]
2026-03-06 12:52:22.892740-0600: NOTICE: doChange: addr 2.0 [7]
2026-03-06 12:52:22.895363-0600: NOTICE: doChange: addr 3.0 [7]
2026-03-06 13:45:31.324362-0600: NOTICE: accepted No_Media_Mode enter, Fri Mar  6 13:45:31 2026
2026-03-06 13:46:47.890853-0600: NOTICE: accepted No_Media_Mode exit, Fri Mar  6 13:46:47 2026
2026-03-06 13:46:47.935892-0600: NOTICE: doChange: addr 1.0 [7]
2026-03-06 13:46:47.936018-0600: NOTICE: doChange: addr 2.0 [7]
2026-03-06 13:46:47.940928-0600: NOTICE: doChange: addr 3.0 [7]
2026-03-06 14:29:07.294898-0600: NOTICE: accepted No_Media_Mode enter, Fri Mar  6 14:29:07 2026
2026-03-06 14:57:21.889904-0600: NOTICE: accepted No_Media_Mode exit, Fri Mar  6 14:57:21 2026
2026-03-06 14:57:21.913216-0600: NOTICE: doChange: addr 1.0 [7]
2026-03-06 14:57:21.913271-0600: NOTICE: doChange: addr 2.0 [7]
2026-03-06 14:57:21.915884-0600: NOTICE: doChange: addr 3.0 [7]
2026-03-06 15:21:28.878936-0600: NOTICE: accepted No_Media_Mode enter, Fri Mar  6 15:21:28 2026
2026-03-06 15:58:42.854213-0600: NOTICE: accepted No_Media_Mode exit, Fri Mar  6 15:58:42 2026
2026-03-06 15:58:42.864855-0600: NOTICE: doChange: addr 1.0 [7]
2026-03-06 15:58:42.864922-0600: NOTICE: doChange: addr 2.0 [7]
2026-03-06 15:58:42.867659-0600: NOTICE: doChange: addr 3.0 [7]
2026-03-06 19:19:42.531564-0600: PolicyEngine started: 7800020000000000, Time: Fri Mar  6 19:19:42 2026
2026-03-06 19:19:43.171216-0600: NOTICE: kAGDCCallbackCapability: 0x0 []
2026-03-06 19:19:44.015805-0600: NOTICE: Vendor portmap 0xe mst 0xc ddc 0xc aux 0xe
2026-03-06 19:19:44.016452-0600: NOTICE: Features policyd 0x20100000 kernel 0x0
2026-03-06 19:19:44.032497-0600: NOTICE: Populated addr 1.0 bad:f00d UUID 0 order 0:0 tx 2:2 dsp 1 WL 0 MS 0 edid 128 undef 0 DSC 0
2026-03-06 19:19:44.043436-0600: NOTICE: Populated addr 1.0 bad:f00d UUID 0 order 0:0 tx 2:2 dsp 1 WL 0 MS 0 edid 128 undef 0 DSC 0
2026-03-06 19:19:44.043491-0600: NOTICE: FB AGDC state FB[0] - ON
2026-03-06 19:19:44.048179-0600: NOTICE: accepted No_Media_Mode enter, Fri Mar  6 19:19:44 2026
2026-03-06 19:19:44.048286-0600: NOTICE: accepted No_Media_Mode exit, Fri Mar  6 19:19:44 2026
2026-03-06 19:19:44.049656-0600: NOTICE: doChange: addr 1.0 [7]
2026-03-06 19:19:44.049773-0600: NOTICE: doChange: addr 2.0 [7]
2026-03-06 19:19:44.053329-0600: NOTICE: doChange: addr 3.0 [7]
2026-03-06 19:19:44.059142-0600: NOTICE: doChange: addr 1.0 [7]
2026-03-06 19:19:44.059194-0600: NOTICE: doChange: addr 2.0 [7]
2026-03-06 19:19:44.062600-0600: NOTICE: doChange: addr 3.0 [7]
2026-03-06 20:57:52.653006-0600: NOTICE: accepted No_Media_Mode enter, Fri Mar  6 20:57:52 2026
2026-03-06 21:36:46.893068-0600: NOTICE: accepted No_Media_Mode exit, Fri Mar  6 21:36:46 2026
2026-03-06 21:36:46.927275-0600: NOTICE: doChange: addr 1.0 [7]
2026-03-06 21:36:46.927394-0600: NOTICE: doChange: addr 2.0 [7]
2026-03-06 21:36:46.930727-0600: NOTICE: doChange: addr 3.0 [7]
2026-03-06 22:01:09.246815-0600: NOTICE: accepted No_Media_Mode enter, Fri Mar  6 22:01:09 2026
2026-03-06 22:03:24.851002-0600: NOTICE: accepted No_Media_Mode exit, Fri Mar  6 22:03:24 2026
2026-03-06 22:03:24.903505-0600: NOTICE: doChange: addr 1.0 [7]
2026-03-06 22:03:24.903595-0600: NOTICE: doChange: addr 2.0 [7]
2026-03-06 22:03:24.906504-0600: NOTICE: doChange: addr 3.0 [7]
2026-03-06 22:03:40.778877-0600: NOTICE: accepted No_Media_Mode enter, Fri Mar  6 22:03:40 2026
2026-03-06 22:30:28.916155-0600: NOTICE: accepted No_Media_Mode exit, Fri Mar  6 22:30:28 2026
2026-03-06 22:30:28.926542-0600: NOTICE: doChange: addr 1.0 [7]
2026-03-06 22:30:28.926588-0600: NOTICE: doChange: addr 2.0 [7]
2026-03-06 22:30:28.929383-0600: NOTICE: doChange: addr 3.0 [7]
2026-03-06 22:30:44.726889-0600: NOTICE: accepted No_Media_Mode enter, Fri Mar  6 22:30:44 2026
2026-03-06 22:45:08.531424-0600: NOTICE: accepted No_Media_Mode exit, Fri Mar  6 22:45:07 2026
2026-03-06 22:45:11.301367-0600: NOTICE: doChange: addr 1.0 [7]
2026-03-06 22:45:11.301770-0600: NOTICE: doChange: addr 2.0 [7]
2026-03-06 22:45:11.307957-0600: NOTICE: doChange: addr 3.0 [7]
2026-03-06 22:45:11.310720-0600: NOTICE: accepted No_Media_Mode enter, Fri Mar  6 22:45:11 2026
2026-03-06 22:45:11.310798-0600: NOTICE: accepted No_Media_Mode exit, Fri Mar  6 22:45:11 2026
2026-03-06 22:45:11.325919-0600: NOTICE: doChange: addr 1.0 [7]
2026-03-06 22:45:11.326086-0600: NOTICE: doChange: addr 2.0 [7]
2026-03-06 22:45:11.329794-0600: NOTICE: doChange: addr 3.0 [7]
2026-03-06 22:45:42.435013-0600: NOTICE: accepted No_Media_Mode enter, Fri Mar  6 22:45:42 2026
2026-03-06 22:45:43.530176-0600: NOTICE: accepted No_Media_Mode exit, Fri Mar  6 22:45:43 2026
2026-03-06 22:45:43.801551-0600: NOTICE: doChange: addr 1.0 [7]
2026-03-06 22:45:43.801697-0600: NOTICE: doChange: addr 2.0 [7]
2026-03-06 22:45:43.804695-0600: NOTICE: doChange: addr 3.0 [7]
2026-03-06 22:48:15.027325-0600: NOTICE: accepted No_Media_Mode enter, Fri Mar  6 22:48:15 2026
2026-03-06 22:52:38.894520-0600: NOTICE: accepted No_Media_Mode exit, Fri Mar  6 22:52:38 2026
2026-03-06 22:52:38.910327-0600: NOTICE: doChange: addr 1.0 [7]
2026-03-06 22:52:38.910501-0600: NOTICE: doChange: addr 2.0 [7]
2026-03-06 22:52:38.913238-0600: NOTICE: doChange: addr 3.0 [7]
2026-03-06 22:53:17.953157-0600: NOTICE: accepted No_Media_Mode enter, Fri Mar  6 22:53:17 2026
2026-03-06 22:57:34.300003-0600: NOTICE: accepted No_Media_Mode exit, Fri Mar  6 22:57:33 2026
2026-03-06 22:57:34.315445-0600: NOTICE: doChange: addr 1.0 [7]
2026-03-06 22:57:34.315884-0600: NOTICE: doChange: addr 2.0 [7]
2026-03-06 22:57:34.324800-0600: NOTICE: doChange: addr 3.0 [7]
2026-03-06 22:58:14.603505-0600: NOTICE: accepted No_Media_Mode enter, Fri Mar  6 22:58:15 2026
2026-03-06 23:00:22.339284-0600: NOTICE: accepted No_Media_Mode exit, Fri Mar  6 23:00:22 2026
2026-03-06 23:00:22.447518-0600: NOTICE: doChange: addr 1.0 [7]
2026-03-06 23:00:22.447611-0600: NOTICE: doChange: addr 2.0 [7]
2026-03-06 23:00:22.451058-0600: NOTICE: doChange: addr 3.0 [7]
2026-03-06 23:00:53.584519-0600: NOTICE: accepted No_Media_Mode enter, Fri Mar  6 23:00:53 2026
2026-03-06 23:02:53.910557-0600: NOTICE: accepted No_Media_Mode exit, Fri Mar  6 23:02:53 2026
2026-03-06 23:02:53.921590-0600: NOTICE: doChange: addr 1.0 [7]
2026-03-06 23:02:53.921703-0600: NOTICE: doChange: addr 2.0 [7]
2026-03-06 23:02:53.925232-0600: NOTICE: doChange: addr 3.0 [7]
2026-03-06 23:03:42.565277-0600: NOTICE: accepted No_Media_Mode enter, Fri Mar  6 23:03:43 2026
2026-03-06 23:03:51.786812-0600: NOTICE: accepted No_Media_Mode exit, Fri Mar  6 23:03:52 2026
2026-03-06 23:03:52.062027-0600: NOTICE: doChange: addr 1.0 [7]
2026-03-06 23:03:52.062087-0600: NOTICE: doChange: addr 2.0 [7]
2026-03-06 23:03:52.064741-0600: NOTICE: doChange: addr 3.0 [7]
2026-03-06 23:04:43.977036-0600: NOTICE: accepted No_Media_Mode enter, Fri Mar  6 23:04:44 2026
2026-03-06 23:04:47.721444-0600: NOTICE: accepted No_Media_Mode exit, Fri Mar  6 23:04:48 2026
2026-03-06 23:04:47.988239-0600: NOTICE: doChange: addr 1.0 [7]
2026-03-06 23:04:47.988384-0600: NOTICE: doChange: addr 2.0 [7]
2026-03-06 23:04:47.990943-0600: NOTICE: doChange: addr 3.0 [7]
2026-03-07 00:01:50.277447-0600: NOTICE: accepted No_Media_Mode enter, Sat Mar  7 00:01:50 2026
2026-03-07 00:21:55.976651-0600: NOTICE: accepted No_Media_Mode exit, Sat Mar  7 00:21:55 2026
2026-03-07 00:21:56.231308-0600: NOTICE: doChange: addr 1.0 [7]
2026-03-07 00:21:56.231430-0600: NOTICE: doChange: addr 2.0 [7]
2026-03-07 00:21:56.235917-0600: NOTICE: doChange: addr 3.0 [7]
2026-03-07 00:22:11.935963-0600: NOTICE: accepted No_Media_Mode enter, Sat Mar  7 00:22:12 2026
2026-03-07 00:48:59.860257-0600: NOTICE: accepted No_Media_Mode exit, Sat Mar  7 00:48:59 2026
2026-03-07 00:48:59.952240-0600: NOTICE: doChange: addr 1.0 [7]
2026-03-07 00:48:59.952297-0600: NOTICE: doChange: addr 2.0 [7]
2026-03-07 00:48:59.955337-0600: NOTICE: doChange: addr 3.0 [7]
2026-03-07 00:49:15.748086-0600: NOTICE: accepted No_Media_Mode enter, Sat Mar  7 00:49:15 2026
2026-03-07 01:02:29.947189-0600: NOTICE: accepted No_Media_Mode exit, Sat Mar  7 01:02:29 2026
2026-03-07 01:02:29.978823-0600: NOTICE: doChange: addr 1.0 [7]
2026-03-07 01:02:29.978877-0600: NOTICE: doChange: addr 2.0 [7]
2026-03-07 01:02:29.981798-0600: NOTICE: doChange: addr 3.0 [7]
2026-03-07 01:49:27.106951-0600: NOTICE: accepted No_Media_Mode enter, Sat Mar  7 01:49:27 2026
2026-03-07 02:11:03.890552-0600: NOTICE: accepted No_Media_Mode exit, Sat Mar  7 02:11:03 2026
2026-03-07 02:11:04.060147-0600: NOTICE: doChange: addr 1.0 [7]
2026-03-07 02:11:04.060254-0600: NOTICE: doChange: addr 2.0 [7]
2026-03-07 02:11:04.063636-0600: NOTICE: doChange: addr 3.0 [7]
2026-03-07 02:11:19.796120-0600: NOTICE: accepted No_Media_Mode enter, Sat Mar  7 02:11:19 2026
2026-03-07 04:36:45.855951-0600: NOTICE: accepted No_Media_Mode exit, Sat Mar  7 04:36:45 2026
2026-03-07 04:36:45.884977-0600: NOTICE: doChange: addr 1.0 [7]
2026-03-07 04:36:45.885035-0600: NOTICE: doChange: addr 2.0 [7]
2026-03-07 04:36:45.887779-0600: NOTICE: doChange: addr 3.0 [7]
2026-03-07 04:45:49.490998-0600: NOTICE: accepted No_Media_Mode enter, Sat Mar  7 04:45:49 2026
2026-03-07 05:07:22.876062-0600: NOTICE: accepted No_Media_Mode exit, Sat Mar  7 05:07:22 2026
2026-03-07 05:07:22.910272-0600: NOTICE: doChange: addr 1.0 [7]
2026-03-07 05:07:22.910323-0600: NOTICE: doChange: addr 2.0 [7]
2026-03-07 05:07:22.912968-0600: NOTICE: doChange: addr 3.0 [7]
2026-03-07 05:07:38.810495-0600: NOTICE: accepted No_Media_Mode enter, Sat Mar  7 05:07:39 2026
2026-03-07 05:23:45.876172-0600: NOTICE: accepted No_Media_Mode exit, Sat Mar  7 05:23:45 2026
2026-03-07 05:23:45.886214-0600: NOTICE: doChange: addr 1.0 [7]
2026-03-07 05:23:45.886256-0600: NOTICE: doChange: addr 2.0 [7]
2026-03-07 05:23:45.890530-0600: NOTICE: doChange: addr 3.0 [7]
2026-03-09 13:53:01.277393-0500: PolicyEngine started: 7800020000000000, Time: Mon Mar  9 13:53:01 2026
2026-03-09 13:53:02.263412-0500: NOTICE: kAGDCCallbackCapability: 0x0 []
2026-03-09 13:53:02.737742-0500: NOTICE: Vendor portmap 0xe mst 0xc ddc 0xc aux 0xe
2026-03-09 13:53:02.738589-0500: NOTICE: Features policyd 0x20100000 kernel 0x0
2026-03-09 13:53:02.745934-0500: NOTICE: Populated addr 1.0 bad:f00d UUID 0 order 0:0 tx 2:2 dsp 1 WL 0 MS 0 edid 128 undef 0 DSC 0
2026-03-09 13:53:02.760734-0500: NOTICE: Populated addr 1.0 bad:f00d UUID 0 order 0:0 tx 2:2 dsp 1 WL 0 MS 0 edid 128 undef 0 DSC 0
2026-03-09 13:53:02.760785-0500: NOTICE: FB AGDC state FB[0] - ON
2026-03-09 13:53:02.763233-0500: NOTICE: accepted No_Media_Mode enter, Mon Mar  9 13:53:02 2026
2026-03-09 13:53:02.769248-0500: NOTICE: accepted No_Media_Mode exit, Mon Mar  9 13:53:02 2026
2026-03-09 13:53:02.774334-0500: NOTICE: doChange: addr 1.0 [7]
2026-03-09 13:53:02.774470-0500: NOTICE: doChange: addr 2.0 [7]
2026-03-09 13:53:02.778875-0500: NOTICE: doChange: addr 3.0 [7]
2026-03-09 13:53:02.784692-0500: NOTICE: doChange: addr 1.0 [7]
2026-03-09 13:53:02.786241-0500: NOTICE: doChange: addr 2.0 [7]
2026-03-09 13:53:02.789667-0500: NOTICE: doChange: addr 3.0 [7]
2026-03-09 14:23:55.836453-0500: NOTICE: accepted No_Media_Mode enter, Mon Mar  9 14:23:55 2026
2026-03-09 14:28:38.674402-0500: NOTICE: accepted No_Media_Mode exit, Mon Mar  9 14:28:38 2026
2026-03-09 14:28:39.190031-0500: NOTICE: doChange: addr 1.0 [7]
2026-03-09 14:28:39.191217-0500: NOTICE: doChange: addr 2.0 [7]
2026-03-09 14:28:39.194251-0500: NOTICE: doChange: addr 3.0 [7]
2026-03-09 14:42:00.387101-0500: NOTICE: accepted No_Media_Mode enter, Mon Mar  9 14:42:00 2026
2026-03-09 14:51:13.923209-0500: NOTICE: accepted No_Media_Mode exit, Mon Mar  9 14:51:13 2026
2026-03-09 14:51:14.284209-0500: NOTICE: doChange: addr 1.0 [7]
2026-03-09 14:51:14.284530-0500: NOTICE: doChange: addr 2.0 [7]
2026-03-09 14:51:14.287334-0500: NOTICE: doChange: addr 3.0 [7]
2026-03-09 14:51:44.195833-0500: NOTICE: accepted No_Media_Mode enter, Mon Mar  9 14:51:44 2026
2026-03-09 15:00:16.947195-0500: NOTICE: accepted No_Media_Mode exit, Mon Mar  9 15:00:16 2026
2026-03-09 15:00:16.990986-0500: NOTICE: doChange: addr 1.0 [7]
2026-03-09 15:00:16.991064-0500: NOTICE: doChange: addr 2.0 [7]
2026-03-09 15:00:16.994212-0500: NOTICE: doChange: addr 3.0 [7]
2026-03-14 12:55:10.586239-0500: PolicyEngine started: 7800020000000000, Time: Sat Mar 14 12:55:10 2026
2026-03-14 12:55:11.309543-0500: NOTICE: kAGDCCallbackCapability: 0x0 []
2026-03-14 12:55:12.038845-0500: NOTICE: Vendor portmap 0xe mst 0xc ddc 0xc aux 0xe
2026-03-14 12:55:12.040067-0500: NOTICE: Features policyd 0x20100000 kernel 0x0
2026-03-14 12:55:12.054324-0500: NOTICE: Populated addr 1.0 bad:f00d UUID 0 order 0:0 tx 2:2 dsp 1 WL 0 MS 0 edid 128 undef 0 DSC 0
2026-03-14 12:55:12.059637-0500: NOTICE: Populated addr 1.0 bad:f00d UUID 0 order 0:0 tx 2:2 dsp 1 WL 0 MS 0 edid 128 undef 0 DSC 0
2026-03-14 12:55:12.059693-0500: NOTICE: FB AGDC state FB[0] - ON
2026-03-14 12:55:12.062129-0500: NOTICE: accepted No_Media_Mode enter, Sat Mar 14 12:55:12 2026
2026-03-14 12:55:12.062175-0500: NOTICE: accepted No_Media_Mode exit, Sat Mar 14 12:55:12 2026
2026-03-14 12:55:12.062314-0500: NOTICE: doChange: addr 1.0 [7]
2026-03-14 12:55:12.062336-0500: NOTICE: doChange: addr 2.0 [7]
2026-03-14 12:55:12.064914-0500: NOTICE: doChange: addr 3.0 [7]
2026-03-14 12:55:12.072704-0500: NOTICE: doChange: addr 1.0 [7]
2026-03-14 12:55:12.072747-0500: NOTICE: doChange: addr 2.0 [7]
2026-03-14 12:55:12.076630-0500: NOTICE: doChange: addr 3.0 [7]
2026-03-14 12:55:12.554187-0500: PolicyEngine started: 7800020000000000, Time: Sat Mar 14 12:55:12 2026
2026-03-14 12:55:12.554354-0500: NOTICE: kAGDCCallbackCapability: 0x0 []
2026-03-14 12:55:12.554717-0500: NOTICE: Vendor portmap 0xe mst 0xc ddc 0xc aux 0xe
2026-03-14 12:55:12.554756-0500: NOTICE: Features policyd 0x20100000 kernel 0x0
2026-03-14 12:55:12.554874-0500: NOTICE: doing display state recovery
2026-03-14 12:55:12.555218-0500: NOTICE: FB AGDC state FB[0] - ON
2026-03-14 12:55:12.556802-0500: NOTICE: doChange: addr 1.0 [7]
2026-03-14 12:55:12.556838-0500: NOTICE: doChange: addr 2.0 [7]
2026-03-14 12:55:12.559573-0500: NOTICE: doChange: addr 3.0 [7]
2026-03-14 13:02:37.097924-0500: NOTICE: accepted No_Media_Mode enter, Sat Mar 14 13:02:24 2026
2026-03-14 13:05:35.654506-0500: NOTICE: accepted No_Media_Mode exit, Sat Mar 14 13:05:22 2026
2026-03-14 13:05:35.769605-0500: NOTICE: doChange: addr 1.0 [7]
2026-03-14 13:05:35.769656-0500: NOTICE: doChange: addr 2.0 [7]
2026-03-14 13:05:35.772399-0500: NOTICE: doChange: addr 3.0 [7]
2026-03-14 13:06:06.735879-0500: NOTICE: accepted No_Media_Mode enter, Sat Mar 14 13:05:53 2026
2026-03-14 13:19:21.928986-0500: NOTICE: accepted No_Media_Mode exit, Sat Mar 14 13:19:21 2026
2026-03-14 13:19:21.939716-0500: NOTICE: doChange: addr 1.0 [7]
2026-03-14 13:19:21.939779-0500: NOTICE: doChange: addr 2.0 [7]
2026-03-14 13:19:21.942411-0500: NOTICE: doChange: addr 3.0 [7]
2026-03-14 13:19:52.393093-0500: NOTICE: accepted No_Media_Mode enter, Sat Mar 14 13:19:52 2026
2026-03-14 14:19:04.722134-0500: NOTICE: accepted No_Media_Mode exit, Sat Mar 14 14:19:04 2026
2026-03-14 14:19:04.903974-0500: NOTICE: doChange: addr 1.0 [7]
2026-03-14 14:19:04.904021-0500: NOTICE: doChange: addr 2.0 [7]
2026-03-14 14:19:04.906791-0500: NOTICE: doChange: addr 3.0 [7]
2026-03-14 14:19:59.963572-0500: NOTICE: accepted No_Media_Mode enter, Sat Mar 14 14:20:01 2026
2026-03-14 14:35:04.924336-0500: NOTICE: accepted No_Media_Mode exit, Sat Mar 14 14:35:04 2026
2026-03-14 14:35:05.068296-0500: NOTICE: doChange: addr 1.0 [7]
2026-03-14 14:35:05.068577-0500: NOTICE: doChange: addr 2.0 [7]
2026-03-14 14:35:05.072751-0500: NOTICE: doChange: addr 3.0 [7]
2026-03-16 13:40:27.509823-0500: PolicyEngine started: 7800020000000000, Time: Mon Mar 16 13:40:27 2026
2026-03-16 13:40:28.451408-0500: NOTICE: kAGDCCallbackCapability: 0x0 []
2026-03-16 13:40:28.963082-0500: NOTICE: Vendor portmap 0xe mst 0xc ddc 0xc aux 0xe
2026-03-16 13:40:28.972952-0500: NOTICE: Features policyd 0x20100000 kernel 0x0
2026-03-16 13:40:29.002118-0500: NOTICE: Populated addr 1.0 bad:f00d UUID 0 order 0:0 tx 2:2 dsp 1 WL 0 MS 0 edid 128 undef 0 DSC 0
2026-03-16 13:40:29.008303-0500: NOTICE: Populated addr 1.0 bad:f00d UUID 0 order 0:0 tx 2:2 dsp 1 WL 0 MS 0 edid 128 undef 0 DSC 0
2026-03-16 13:40:29.008361-0500: NOTICE: FB AGDC state FB[0] - ON
2026-03-16 13:40:29.014719-0500: NOTICE: accepted No_Media_Mode enter, Mon Mar 16 13:40:29 2026
2026-03-16 13:40:29.015170-0500: NOTICE: accepted No_Media_Mode exit, Mon Mar 16 13:40:29 2026
2026-03-16 13:40:29.015308-0500: NOTICE: doChange: addr 1.0 [7]
2026-03-16 13:40:29.015652-0500: NOTICE: doChange: addr 2.0 [7]
2026-03-16 13:40:29.018991-0500: NOTICE: doChange: addr 3.0 [7]
2026-03-16 13:40:29.030583-0500: NOTICE: doChange: addr 1.0 [7]
2026-03-16 13:40:29.030648-0500: NOTICE: doChange: addr 2.0 [7]
2026-03-16 13:40:29.034229-0500: NOTICE: doChange: addr 3.0 [7]
2026-03-16 13:44:51.247885-0500: NOTICE: accepted No_Media_Mode enter, Mon Mar 16 13:44:46 2026
2026-03-16 13:48:52.098523-0500: NOTICE: accepted No_Media_Mode exit, Mon Mar 16 13:48:46 2026
2026-03-16 13:48:52.223721-0500: NOTICE: doChange: addr 1.0 [7]
2026-03-16 13:48:52.223789-0500: NOTICE: doChange: addr 2.0 [7]
2026-03-16 13:48:52.226426-0500: NOTICE: doChange: addr 3.0 [7]
2026-03-16 13:51:08.282935-0500: NOTICE: accepted No_Media_Mode enter, Mon Mar 16 13:51:03 2026
2026-03-16 14:25:03.948822-0500: NOTICE: accepted No_Media_Mode exit, Mon Mar 16 14:25:03 2026
2026-03-16 14:25:03.959862-0500: NOTICE: doChange: addr 1.0 [7]
2026-03-16 14:25:03.959926-0500: NOTICE: doChange: addr 2.0 [7]
2026-03-16 14:25:03.962564-0500: NOTICE: doChange: addr 3.0 [7]
2026-03-16 14:25:34.449663-0500: NOTICE: accepted No_Media_Mode enter, Mon Mar 16 14:25:34 2026
2026-03-16 15:06:13.840557-0500: NOTICE: accepted No_Media_Mode exit, Mon Mar 16 15:06:13 2026
2026-03-16 15:06:13.989664-0500: NOTICE: doChange: addr 1.0 [7]
2026-03-16 15:06:13.989806-0500: NOTICE: doChange: addr 2.0 [7]
2026-03-16 15:06:13.995187-0500: NOTICE: doChange: addr 3.0 [7]
2026-03-17 08:44:12.435104-0500: PolicyEngine started: 7800020000000000, Time: Tue Mar 17 08:44:12 2026
2026-03-17 08:44:13.061076-0500: NOTICE: kAGDCCallbackCapability: 0x0 []
2026-03-17 08:44:13.853483-0500: NOTICE: Vendor portmap 0xe mst 0xc ddc 0xc aux 0xe
2026-03-17 08:44:13.871460-0500: NOTICE: Features policyd 0x20100000 kernel 0x0
2026-03-17 08:44:13.885884-0500: NOTICE: Populated addr 1.0 bad:f00d UUID 0 order 0:0 tx 2:2 dsp 1 WL 0 MS 0 edid 128 undef 0 DSC 0
2026-03-17 08:44:13.894609-0500: NOTICE: Populated addr 1.0 bad:f00d UUID 0 order 0:0 tx 2:2 dsp 1 WL 0 MS 0 edid 128 undef 0 DSC 0
2026-03-17 08:44:13.894663-0500: NOTICE: FB AGDC state FB[0] - ON
2026-03-17 08:44:13.896617-0500: NOTICE: accepted No_Media_Mode enter, Tue Mar 17 08:44:13 2026
2026-03-17 08:44:13.896678-0500: NOTICE: accepted No_Media_Mode exit, Tue Mar 17 08:44:13 2026
2026-03-17 08:44:13.896808-0500: NOTICE: doChange: addr 1.0 [7]
2026-03-17 08:44:13.896842-0500: NOTICE: doChange: addr 2.0 [7]
2026-03-17 08:44:13.899583-0500: NOTICE: doChange: addr 3.0 [7]
2026-03-17 08:44:13.929861-0500: NOTICE: doChange: addr 1.0 [7]
2026-03-17 08:44:13.929916-0500: NOTICE: doChange: addr 2.0 [7]
2026-03-17 08:44:13.937924-0500: NOTICE: doChange: addr 3.0 [7]
2026-03-17 10:34:11.436100-0500: NOTICE: accepted No_Media_Mode enter, Tue Mar 17 10:34:11 2026
2026-03-17 10:36:02.870553-0500: NOTICE: accepted No_Media_Mode exit, Tue Mar 17 10:36:02 2026
2026-03-17 10:36:02.911304-0500: NOTICE: doChange: addr 1.0 [7]
2026-03-17 10:36:02.982601-0500: NOTICE: doChange: addr 2.0 [7]
2026-03-17 10:36:02.985587-0500: NOTICE: doChange: addr 3.0 [7]
2026-03-17 10:36:13.577230-0500: NOTICE: accepted No_Media_Mode enter, Tue Mar 17 10:36:14 2026
2026-03-17 11:01:06.875393-0500: NOTICE: accepted No_Media_Mode exit, Tue Mar 17 11:01:06 2026
2026-03-17 11:01:06.906832-0500: NOTICE: doChange: addr 1.0 [7]
2026-03-17 11:01:06.906887-0500: NOTICE: doChange: addr 2.0 [7]
2026-03-17 11:01:06.909647-0500: NOTICE: doChange: addr 3.0 [7]
2026-03-17 11:01:37.242849-0500: NOTICE: accepted No_Media_Mode enter, Tue Mar 17 11:01:36 2026
2026-03-17 11:01:39.130706-0500: NOTICE: accepted No_Media_Mode exit, Tue Mar 17 11:01:38 2026
2026-03-17 11:01:39.400252-0500: NOTICE: doChange: addr 1.0 [7]
2026-03-17 11:01:39.400326-0500: NOTICE: doChange: addr 2.0 [7]
2026-03-17 11:01:39.403161-0500: NOTICE: doChange: addr 3.0 [7]
2026-03-17 12:08:47.513780-0500: NOTICE: accepted No_Media_Mode enter, Tue Mar 17 12:08:47 2026
2026-03-17 12:08:50.407689-0500: NOTICE: accepted No_Media_Mode exit, Tue Mar 17 12:08:50 2026
2026-03-17 12:08:50.789721-0500: NOTICE: doChange: addr 1.0 [7]
2026-03-17 12:08:50.789823-0500: NOTICE: doChange: addr 2.0 [7]
2026-03-17 12:08:50.793394-0500: NOTICE: doChange: addr 3.0 [7]
2026-03-17 12:16:35.789237-0500: NOTICE: accepted No_Media_Mode enter, Tue Mar 17 12:16:35 2026
2026-03-17 12:36:16.951535-0500: NOTICE: accepted No_Media_Mode exit, Tue Mar 17 12:36:16 2026
2026-03-17 12:36:16.961246-0500: NOTICE: doChange: addr 1.0 [7]
2026-03-17 12:36:16.961309-0500: NOTICE: doChange: addr 2.0 [7]
2026-03-17 12:36:16.965399-0500: NOTICE: doChange: addr 3.0 [7]
2026-03-17 12:36:50.271440-0500: NOTICE: accepted No_Media_Mode enter, Tue Mar 17 12:36:50 2026
2026-03-17 12:53:03.809123-0500: NOTICE: accepted No_Media_Mode exit, Tue Mar 17 12:53:03 2026
2026-03-17 12:53:03.883270-0500: NOTICE: doChange: addr 1.0 [7]
2026-03-17 12:53:03.883368-0500: NOTICE: doChange: addr 2.0 [7]
2026-03-17 12:53:03.886363-0500: NOTICE: doChange: addr 3.0 [7]
2026-03-17 12:53:46.500240-0500: NOTICE: accepted No_Media_Mode enter, Tue Mar 17 12:53:46 2026
2026-03-17 12:58:03.608201-0500: NOTICE: accepted No_Media_Mode exit, Tue Mar 17 12:58:03 2026
2026-03-17 12:58:03.638473-0500: NOTICE: doChange: addr 1.0 [7]
2026-03-17 12:58:03.638546-0500: NOTICE: doChange: addr 2.0 [7]
2026-03-17 12:58:03.642724-0500: NOTICE: doChange: addr 3.0 [7]
2026-03-17 12:58:50.546860-0500: NOTICE: accepted No_Media_Mode enter, Tue Mar 17 12:58:51 2026
2026-03-17 13:09:23.863384-0500: NOTICE: accepted No_Media_Mode exit, Tue Mar 17 13:09:23 2026
2026-03-17 13:09:23.895604-0500: NOTICE: doChange: addr 1.0 [7]
2026-03-17 13:09:23.895663-0500: NOTICE: doChange: addr 2.0 [7]
2026-03-17 13:09:23.901896-0500: NOTICE: doChange: addr 3.0 [7]
2026-03-17 13:09:55.222585-0500: NOTICE: accepted No_Media_Mode enter, Tue Mar 17 13:09:55 2026
2026-03-17 13:13:22.942004-0500: NOTICE: accepted No_Media_Mode exit, Tue Mar 17 13:13:22 2026
2026-03-17 13:13:23.106728-0500: NOTICE: doChange: addr 1.0 [7]
2026-03-17 13:13:23.106891-0500: NOTICE: doChange: addr 2.0 [7]
2026-03-17 13:13:23.110302-0500: NOTICE: doChange: addr 3.0 [7]
2026-03-17 13:14:10.283284-0500: NOTICE: accepted No_Media_Mode enter, Tue Mar 17 13:14:11 2026
2026-03-17 13:17:18.644134-0500: NOTICE: accepted No_Media_Mode exit, Tue Mar 17 13:17:19 2026
2026-03-17 13:17:18.696186-0500: NOTICE: doChange: addr 1.0 [7]
2026-03-17 13:17:18.696234-0500: NOTICE: doChange: addr 2.0 [7]
2026-03-17 13:17:18.698907-0500: NOTICE: doChange: addr 3.0 [7]
2026-03-17 13:17:52.756754-0500: NOTICE: accepted No_Media_Mode enter, Tue Mar 17 13:17:54 2026
2026-03-17 13:18:11.020679-0500: NOTICE: accepted No_Media_Mode exit, Tue Mar 17 13:18:12 2026
2026-03-17 13:18:11.286245-0500: NOTICE: doChange: addr 1.0 [7]
2026-03-17 13:18:11.286297-0500: NOTICE: doChange: addr 2.0 [7]
2026-03-17 13:18:11.289181-0500: NOTICE: doChange: addr 3.0 [7]
2026-03-17 13:18:48.748701-0500: NOTICE: accepted No_Media_Mode enter, Tue Mar 17 13:18:50 2026
2026-03-17 13:25:36.874215-0500: NOTICE: accepted No_Media_Mode exit, Tue Mar 17 13:25:36 2026
2026-03-17 13:25:36.884135-0500: NOTICE: doChange: addr 1.0 [7]
2026-03-17 13:25:36.884197-0500: NOTICE: doChange: addr 2.0 [7]
2026-03-17 13:25:36.887384-0500: NOTICE: doChange: addr 3.0 [7]
2026-03-17 13:26:07.984264-0500: NOTICE: accepted No_Media_Mode enter, Tue Mar 17 13:26:08 2026
2026-03-17 13:28:27.215254-0500: NOTICE: accepted No_Media_Mode exit, Tue Mar 17 13:28:27 2026
2026-03-17 13:28:27.240175-0500: NOTICE: doChange: addr 1.0 [7]
2026-03-17 13:28:27.240237-0500: NOTICE: doChange: addr 2.0 [7]
2026-03-17 13:28:27.242958-0500: NOTICE: doChange: addr 3.0 [7]
2026-03-17 15:04:43.898118-0500: NOTICE: accepted No_Media_Mode enter, Tue Mar 17 15:04:43 2026
2026-03-17 15:27:15.899442-0500: NOTICE: accepted No_Media_Mode exit, Tue Mar 17 15:27:15 2026
2026-03-17 15:27:15.911544-0500: NOTICE: doChange: addr 1.0 [7]
2026-03-17 15:27:15.911613-0500: NOTICE: doChange: addr 2.0 [7]
2026-03-17 15:27:15.914521-0500: NOTICE: doChange: addr 3.0 [7]
2026-03-17 16:13:50.083829-0500: NOTICE: accepted No_Media_Mode enter, Tue Mar 17 16:13:50 2026
2026-03-17 16:22:40.875034-0500: NOTICE: accepted No_Media_Mode exit, Tue Mar 17 16:22:40 2026
2026-03-17 16:22:40.888571-0500: NOTICE: doChange: addr 1.0 [7]
2026-03-17 16:22:40.889094-0500: NOTICE: doChange: addr 2.0 [7]
2026-03-17 16:22:40.891834-0500: NOTICE: doChange: addr 3.0 [7]
2026-03-18 13:32:15.357485-0500: PolicyEngine started: 7800020000000000, Time: Wed Mar 18 13:32:15 2026
2026-03-18 13:32:15.989612-0500: NOTICE: kAGDCCallbackCapability: 0x0 []
2026-03-18 13:32:16.803051-0500: NOTICE: Vendor portmap 0xe mst 0xc ddc 0xc aux 0xe
2026-03-18 13:32:16.804239-0500: NOTICE: Features policyd 0x20100000 kernel 0x0
2026-03-18 13:32:16.822644-0500: NOTICE: Populated addr 1.0 bad:f00d UUID 0 order 0:0 tx 2:2 dsp 1 WL 0 MS 0 edid 128 undef 0 DSC 0
2026-03-18 13:32:16.832304-0500: NOTICE: Populated addr 1.0 bad:f00d UUID 0 order 0:0 tx 2:2 dsp 1 WL 0 MS 0 edid 128 undef 0 DSC 0
2026-03-18 13:32:16.832357-0500: NOTICE: FB AGDC state FB[0] - ON
2026-03-18 13:32:16.836006-0500: NOTICE: accepted No_Media_Mode enter, Wed Mar 18 13:32:16 2026
2026-03-18 13:32:16.836064-0500: NOTICE: accepted No_Media_Mode exit, Wed Mar 18 13:32:16 2026
2026-03-18 13:32:16.836199-0500: NOTICE: doChange: addr 1.0 [7]
2026-03-18 13:32:16.836234-0500: NOTICE: doChange: addr 2.0 [7]
2026-03-18 13:32:16.839129-0500: NOTICE: doChange: addr 3.0 [7]
2026-03-18 13:32:16.846197-0500: NOTICE: doChange: addr 1.0 [7]
2026-03-18 13:32:16.846275-0500: NOTICE: doChange: addr 2.0 [7]
2026-03-18 13:32:16.851770-0500: NOTICE: doChange: addr 3.0 [7]
2026-03-18 13:32:17.250682-0500: PolicyEngine started: 7800020000000000, Time: Wed Mar 18 13:32:17 2026
2026-03-18 13:32:17.251720-0500: NOTICE: kAGDCCallbackCapability: 0x0 []
2026-03-18 13:32:17.252297-0500: NOTICE: Vendor portmap 0xe mst 0xc ddc 0xc aux 0xe
2026-03-18 13:32:17.252493-0500: NOTICE: Features policyd 0x20100000 kernel 0x0
2026-03-18 13:32:17.252714-0500: NOTICE: doing display state recovery
2026-03-18 13:32:17.253684-0500: NOTICE: FB AGDC state FB[0] - ON
2026-03-18 13:32:17.261215-0500: NOTICE: doChange: addr 1.0 [7]
2026-03-18 13:32:17.261268-0500: NOTICE: doChange: addr 2.0 [7]
2026-03-18 13:32:17.263930-0500: NOTICE: doChange: addr 3.0 [7]
2026-03-18 13:32:27.580086-0500: PolicyEngine started: 7800020000000000, Time: Wed Mar 18 13:32:27 2026
2026-03-18 13:32:27.580236-0500: NOTICE: kAGDCCallbackCapability: 0x0 []
2026-03-18 13:32:27.580561-0500: NOTICE: Vendor portmap 0xe mst 0xc ddc 0xc aux 0xe
2026-03-18 13:32:27.580586-0500: NOTICE: Features policyd 0x20100000 kernel 0x0
2026-03-18 13:32:27.580688-0500: NOTICE: doing display state recovery
2026-03-18 13:32:27.581022-0500: NOTICE: FB AGDC state FB[0] - ON
2026-03-18 13:32:27.582433-0500: NOTICE: doChange: addr 1.0 [7]
2026-03-18 13:32:27.582456-0500: NOTICE: doChange: addr 2.0 [7]
2026-03-18 13:32:27.585521-0500: NOTICE: doChange: addr 3.0 [7]
2026-03-18 13:38:02.168046-0500: NOTICE: accepted No_Media_Mode enter, Wed Mar 18 13:38:02 2026
2026-03-18 13:50:22.841220-0500: NOTICE: accepted No_Media_Mode exit, Wed Mar 18 13:50:22 2026
2026-03-18 13:50:22.853681-0500: NOTICE: doChange: addr 1.0 [7]
2026-03-18 13:50:22.853729-0500: NOTICE: doChange: addr 2.0 [7]
2026-03-18 13:50:22.858674-0500: NOTICE: doChange: addr 3.0 [7]
2026-03-18 13:52:37.081725-0500: NOTICE: accepted No_Media_Mode enter, Wed Mar 18 13:52:37 2026
2026-03-18 14:05:31.834894-0500: NOTICE: accepted No_Media_Mode exit, Wed Mar 18 14:05:31 2026
2026-03-18 14:05:31.845421-0500: NOTICE: doChange: addr 1.0 [7]
2026-03-18 14:05:31.845589-0500: NOTICE: doChange: addr 2.0 [7]
2026-03-18 14:05:31.848764-0500: NOTICE: doChange: addr 3.0 [7]
2026-03-18 14:14:42.823128-0500: NOTICE: accepted No_Media_Mode enter, Wed Mar 18 14:14:41 2026
2026-03-18 14:39:49.871569-0500: NOTICE: accepted No_Media_Mode exit, Wed Mar 18 14:39:49 2026
2026-03-18 14:39:49.891391-0500: NOTICE: doChange: addr 1.0 [7]
2026-03-18 14:39:49.891453-0500: NOTICE: doChange: addr 2.0 [7]
2026-03-18 14:39:49.906268-0500: NOTICE: doChange: addr 3.0 [7]
2026-03-18 14:47:57.105287-0500: NOTICE: accepted No_Media_Mode enter, Wed Mar 18 14:47:57 2026
2026-03-18 15:29:42.878857-0500: NOTICE: accepted No_Media_Mode exit, Wed Mar 18 15:29:42 2026
2026-03-18 15:29:42.888844-0500: NOTICE: doChange: addr 1.0 [7]
2026-03-18 15:29:42.888885-0500: NOTICE: doChange: addr 2.0 [7]
2026-03-18 15:29:42.891466-0500: NOTICE: doChange: addr 3.0 [7]
2026-03-20 11:56:48.159787-0500: PolicyEngine started: 7800020000000000, Time: Fri Mar 20 11:56:48 2026
2026-03-20 11:56:48.817505-0500: NOTICE: kAGDCCallbackCapability: 0x0 []
2026-03-20 11:56:49.683692-0500: NOTICE: Vendor portmap 0xe mst 0xc ddc 0xc aux 0xe
2026-03-20 11:56:49.683985-0500: NOTICE: Features policyd 0x20100000 kernel 0x0
2026-03-20 11:56:49.689074-0500: NOTICE: Populated addr 1.0 bad:f00d UUID 0 order 0:0 tx 2:2 dsp 1 WL 0 MS 0 edid 128 undef 0 DSC 0
2026-03-20 11:56:49.697959-0500: NOTICE: Populated addr 1.0 bad:f00d UUID 0 order 0:0 tx 2:2 dsp 1 WL 0 MS 0 edid 128 undef 0 DSC 0
2026-03-20 11:56:49.698018-0500: NOTICE: FB AGDC state FB[0] - ON
2026-03-20 11:56:49.700253-0500: NOTICE: accepted No_Media_Mode enter, Fri Mar 20 11:56:49 2026
2026-03-20 11:56:49.702096-0500: NOTICE: accepted No_Media_Mode exit, Fri Mar 20 11:56:49 2026
2026-03-20 11:56:49.704253-0500: NOTICE: doChange: addr 1.0 [7]
2026-03-20 11:56:49.704309-0500: NOTICE: doChange: addr 2.0 [7]
2026-03-20 11:56:49.707231-0500: NOTICE: doChange: addr 3.0 [7]
2026-03-20 11:56:49.712832-0500: NOTICE: doChange: addr 1.0 [7]
2026-03-20 11:56:49.712893-0500: NOTICE: doChange: addr 2.0 [7]
2026-03-20 11:56:49.715543-0500: NOTICE: doChange: addr 3.0 [7]
2026-03-20 12:39:34.382698-0500: NOTICE: accepted No_Media_Mode enter, Fri Mar 20 12:39:34 2026
2026-03-20 12:50:05.870564-0500: NOTICE: accepted No_Media_Mode exit, Fri Mar 20 12:50:05 2026
2026-03-20 12:50:05.929888-0500: NOTICE: doChange: addr 1.0 [7]
2026-03-20 12:50:05.929952-0500: NOTICE: doChange: addr 2.0 [7]
2026-03-20 12:50:05.932571-0500: NOTICE: doChange: addr 3.0 [7]
2026-03-23 12:26:56.460666-0500: PolicyEngine started: 7800020000000000, Time: Mon Mar 23 12:26:56 2026
2026-03-23 12:26:57.113009-0500: NOTICE: kAGDCCallbackCapability: 0x0 []
2026-03-23 12:26:57.905002-0500: NOTICE: Vendor portmap 0xe mst 0xc ddc 0xc aux 0xe
2026-03-23 12:26:57.905294-0500: NOTICE: Features policyd 0x20100000 kernel 0x0
2026-03-23 12:26:57.949022-0500: NOTICE: Populated addr 1.0 bad:f00d UUID 0 order 0:0 tx 2:2 dsp 1 WL 0 MS 0 edid 128 undef 0 DSC 0
2026-03-23 12:26:57.959385-0500: NOTICE: Populated addr 1.0 bad:f00d UUID 0 order 0:0 tx 2:2 dsp 1 WL 0 MS 0 edid 128 undef 0 DSC 0
2026-03-23 12:26:57.959444-0500: NOTICE: FB AGDC state FB[0] - ON
2026-03-23 12:26:57.970611-0500: NOTICE: accepted No_Media_Mode enter, Mon Mar 23 12:26:57 2026
2026-03-23 12:26:57.970683-0500: NOTICE: accepted No_Media_Mode exit, Mon Mar 23 12:26:57 2026
2026-03-23 12:26:57.970812-0500: NOTICE: doChange: addr 1.0 [7]
2026-03-23 12:26:57.970984-0500: NOTICE: doChange: addr 2.0 [7]
2026-03-23 12:26:57.973922-0500: NOTICE: doChange: addr 3.0 [7]
2026-03-23 12:26:57.981481-0500: NOTICE: doChange: addr 1.0 [7]
2026-03-23 12:26:57.981532-0500: NOTICE: doChange: addr 2.0 [7]
2026-03-23 12:26:57.984390-0500: NOTICE: doChange: addr 3.0 [7]
2026-03-23 12:51:19.958617-0500: NOTICE: accepted No_Media_Mode enter, Mon Mar 23 12:51:19 2026
2026-03-23 12:52:47.693407-0500: NOTICE: accepted No_Media_Mode exit, Mon Mar 23 12:52:47 2026
2026-03-23 12:52:47.943557-0500: NOTICE: doChange: addr 1.0 [7]
2026-03-23 12:52:47.943602-0500: NOTICE: doChange: addr 2.0 [7]
2026-03-23 12:52:47.946226-0500: NOTICE: doChange: addr 3.0 [7]
2026-03-23 12:53:46.052638-0500: NOTICE: accepted No_Media_Mode enter, Mon Mar 23 12:53:46 2026
2026-03-23 12:55:38.199378-0500: NOTICE: accepted No_Media_Mode exit, Mon Mar 23 12:55:37 2026
2026-03-23 12:55:38.217559-0500: NOTICE: doChange: addr 1.0 [7]
2026-03-23 12:55:38.217624-0500: NOTICE: doChange: addr 2.0 [7]
2026-03-23 12:55:38.220457-0500: NOTICE: doChange: addr 3.0 [7]
2026-03-23 12:56:09.421777-0500: NOTICE: accepted No_Media_Mode enter, Mon Mar 23 12:56:09 2026
2026-03-23 12:57:05.891373-0500: NOTICE: accepted No_Media_Mode exit, Mon Mar 23 12:57:05 2026
2026-03-23 12:57:06.161712-0500: NOTICE: doChange: addr 1.0 [7]
2026-03-23 12:57:06.161862-0500: NOTICE: doChange: addr 2.0 [7]
2026-03-23 12:57:06.164525-0500: NOTICE: doChange: addr 3.0 [7]
2026-03-23 13:22:26.522189-0500: NOTICE: accepted No_Media_Mode enter, Mon Mar 23 13:22:26 2026
2026-03-23 13:22:27.660607-0500: NOTICE: accepted No_Media_Mode exit, Mon Mar 23 13:22:27 2026
2026-03-23 13:22:28.426559-0500: NOTICE: doChange: addr 1.0 [7]
2026-03-23 13:22:28.426701-0500: NOTICE: doChange: addr 2.0 [7]
2026-03-23 13:22:28.430228-0500: NOTICE: doChange: addr 3.0 [7]
2026-03-23 13:22:58.860141-0500: NOTICE: accepted No_Media_Mode enter, Mon Mar 23 13:22:58 2026
2026-03-23 13:29:26.955597-0500: NOTICE: accepted No_Media_Mode exit, Mon Mar 23 13:29:26 2026
2026-03-23 13:29:26.996369-0500: NOTICE: doChange: addr 1.0 [7]
2026-03-23 13:29:26.996437-0500: NOTICE: doChange: addr 2.0 [7]
2026-03-23 13:29:26.999059-0500: NOTICE: doChange: addr 3.0 [7]
2026-03-23 13:29:57.502138-0500: NOTICE: accepted No_Media_Mode enter, Mon Mar 23 13:29:57 2026
2026-03-23 13:35:50.585472-0500: NOTICE: accepted No_Media_Mode exit, Mon Mar 23 13:35:50 2026
2026-03-23 13:35:50.600711-0500: NOTICE: doChange: addr 1.0 [7]
2026-03-23 13:35:50.600769-0500: NOTICE: doChange: addr 2.0 [7]
2026-03-23 13:35:50.603497-0500: NOTICE: doChange: addr 3.0 [7]
2026-03-23 13:36:22.290211-0500: NOTICE: accepted No_Media_Mode enter, Mon Mar 23 13:36:22 2026
2026-03-23 13:41:16.936108-0500: NOTICE: accepted No_Media_Mode exit, Mon Mar 23 13:41:16 2026
2026-03-23 13:41:16.954576-0500: NOTICE: doChange: addr 1.0 [7]
2026-03-23 13:41:16.954633-0500: NOTICE: doChange: addr 2.0 [7]
2026-03-23 13:41:16.957621-0500: NOTICE: doChange: addr 3.0 [7]
2026-03-26 12:48:17.362987-0500: PolicyEngine started: 7800020000000000, Time: Thu Mar 26 12:48:17 2026
2026-03-26 12:48:18.002101-0500: NOTICE: kAGDCCallbackCapability: 0x0 []
2026-03-26 12:48:18.804475-0500: NOTICE: Vendor portmap 0xe mst 0xc ddc 0xc aux 0xe
2026-03-26 12:48:18.809086-0500: NOTICE: Features policyd 0x20100000 kernel 0x0
2026-03-26 12:48:18.829908-0500: NOTICE: Populated addr 1.0 bad:f00d UUID 0 order 0:0 tx 2:2 dsp 1 WL 0 MS 0 edid 128 undef 0 DSC 0
2026-03-26 12:48:18.839917-0500: NOTICE: Populated addr 1.0 bad:f00d UUID 0 order 0:0 tx 2:2 dsp 1 WL 0 MS 0 edid 128 undef 0 DSC 0
2026-03-26 12:48:18.840874-0500: NOTICE: FB AGDC state FB[0] - ON
2026-03-26 12:48:18.850569-0500: NOTICE: accepted No_Media_Mode enter, Thu Mar 26 12:48:18 2026
2026-03-26 12:48:18.850643-0500: NOTICE: accepted No_Media_Mode exit, Thu Mar 26 12:48:18 2026
2026-03-26 12:48:18.851473-0500: NOTICE: doChange: addr 1.0 [7]
2026-03-26 12:48:18.851570-0500: NOTICE: doChange: addr 2.0 [7]
2026-03-26 12:48:18.855368-0500: NOTICE: doChange: addr 3.0 [7]
2026-03-26 12:48:18.877167-0500: NOTICE: doChange: addr 1.0 [7]
2026-03-26 12:48:18.877919-0500: NOTICE: doChange: addr 2.0 [7]
2026-03-26 12:48:18.894782-0500: NOTICE: doChange: addr 3.0 [7]
2026-03-26 12:48:19.297672-0500: PolicyEngine started: 7800020000000000, Time: Thu Mar 26 12:48:19 2026
2026-03-26 12:48:19.297900-0500: NOTICE: kAGDCCallbackCapability: 0x0 []
2026-03-26 12:48:19.298397-0500: NOTICE: Vendor portmap 0xe mst 0xc ddc 0xc aux 0xe
2026-03-26 12:48:19.298441-0500: NOTICE: Features policyd 0x20100000 kernel 0x0
2026-03-26 12:48:19.298573-0500: NOTICE: doing display state recovery
2026-03-26 12:48:19.299034-0500: NOTICE: FB AGDC state FB[0] - ON
2026-03-26 12:48:19.301111-0500: NOTICE: doChange: addr 1.0 [7]
2026-03-26 12:48:19.301203-0500: NOTICE: doChange: addr 2.0 [7]
2026-03-26 12:48:19.303786-0500: NOTICE: doChange: addr 3.0 [7]
2026-03-26 14:49:15.228557-0500: NOTICE: accepted No_Media_Mode enter, Thu Mar 26 14:49:15 2026
2026-03-26 15:15:39.880942-0500: NOTICE: accepted No_Media_Mode exit, Thu Mar 26 15:15:39 2026
2026-03-26 15:15:39.932599-0500: NOTICE: doChange: addr 1.0 [7]
2026-03-26 15:15:39.932652-0500: NOTICE: doChange: addr 2.0 [7]
2026-03-26 15:15:39.935687-0500: NOTICE: doChange: addr 3.0 [7]
2026-03-26 15:32:52.721102-0500: NOTICE: accepted No_Media_Mode enter, Thu Mar 26 15:32:52 2026
2026-03-26 15:47:44.940034-0500: NOTICE: accepted No_Media_Mode exit, Thu Mar 26 15:47:44 2026
2026-03-26 15:47:45.070883-0500: NOTICE: doChange: addr 1.0 [7]
2026-03-26 15:47:45.070932-0500: NOTICE: doChange: addr 2.0 [7]
2026-03-26 15:47:45.073589-0500: NOTICE: doChange: addr 3.0 [7]
2026-03-26 15:48:18.628847-0500: NOTICE: accepted No_Media_Mode enter, Thu Mar 26 15:48:18 2026
2026-03-26 15:49:02.549630-0500: NOTICE: accepted No_Media_Mode exit, Thu Mar 26 15:49:02 2026
2026-03-26 15:49:02.909828-0500: NOTICE: doChange: addr 1.0 [7]
2026-03-26 15:49:02.909947-0500: NOTICE: doChange: addr 2.0 [7]
2026-03-26 15:49:02.913100-0500: NOTICE: doChange: addr 3.0 [7]
2026-03-26 15:49:35.300724-0500: NOTICE: accepted No_Media_Mode enter, Thu Mar 26 15:49:35 2026
2026-03-26 16:20:50.874719-0500: NOTICE: accepted No_Media_Mode exit, Thu Mar 26 16:20:50 2026
2026-03-26 16:20:50.884177-0500: NOTICE: doChange: addr 1.0 [7]
2026-03-26 16:20:50.884232-0500: NOTICE: doChange: addr 2.0 [7]
2026-03-26 16:20:50.887166-0500: NOTICE: doChange: addr 3.0 [7]
2026-03-26 16:21:21.218249-0500: NOTICE: accepted No_Media_Mode enter, Thu Mar 26 16:21:20 2026
2026-03-26 16:29:37.094718-0500: NOTICE: accepted No_Media_Mode exit, Thu Mar 26 16:29:36 2026
2026-03-26 16:29:37.115625-0500: NOTICE: doChange: addr 1.0 [7]
2026-03-26 16:29:37.115687-0500: NOTICE: doChange: addr 2.0 [7]
2026-03-26 16:29:37.149603-0500: NOTICE: doChange: addr 3.0 [7]
2026-03-26 20:01:05.264183-0500: PolicyEngine started: 7800020000000000, Time: Thu Mar 26 20:01:05 2026
2026-03-26 20:01:05.898126-0500: NOTICE: kAGDCCallbackCapability: 0x0 []
2026-03-26 20:01:06.629154-0500: NOTICE: Vendor portmap 0xe mst 0xc ddc 0xc aux 0xe
2026-03-26 20:01:06.629456-0500: NOTICE: Features policyd 0x20100000 kernel 0x0
2026-03-26 20:01:06.808248-0500: NOTICE: Populated addr 1.0 bad:f00d UUID 0 order 0:0 tx 2:2 dsp 1 WL 0 MS 0 edid 128 undef 0 DSC 0
2026-03-26 20:01:06.814694-0500: NOTICE: Populated addr 1.0 bad:f00d UUID 0 order 0:0 tx 2:2 dsp 1 WL 0 MS 0 edid 128 undef 0 DSC 0
2026-03-26 20:01:06.814750-0500: NOTICE: FB AGDC state FB[0] - ON
2026-03-26 20:01:06.821783-0500: NOTICE: accepted No_Media_Mode enter, Thu Mar 26 20:01:06 2026
2026-03-26 20:01:06.821861-0500: NOTICE: accepted No_Media_Mode exit, Thu Mar 26 20:01:06 2026
2026-03-26 20:01:06.821993-0500: NOTICE: doChange: addr 1.0 [7]
2026-03-26 20:01:06.822028-0500: NOTICE: doChange: addr 2.0 [7]
2026-03-26 20:01:06.835446-0500: NOTICE: doChange: addr 3.0 [7]
2026-03-26 20:01:06.838907-0500: NOTICE: doChange: addr 1.0 [7]
2026-03-26 20:01:06.838965-0500: NOTICE: doChange: addr 2.0 [7]
2026-03-26 20:01:06.842627-0500: NOTICE: doChange: addr 3.0 [7]
2026-03-26 21:18:52.016842-0500: NOTICE: accepted No_Media_Mode enter, Thu Mar 26 21:18:52 2026
2026-03-26 21:18:56.076943-0500: NOTICE: accepted No_Media_Mode exit, Thu Mar 26 21:18:56 2026
2026-03-26 21:18:56.511613-0500: NOTICE: doChange: addr 1.0 [7]
2026-03-26 21:18:56.511717-0500: NOTICE: doChange: addr 2.0 [7]
2026-03-26 21:18:56.514944-0500: NOTICE: doChange: addr 3.0 [7]
2026-03-26 21:20:17.914974-0500: NOTICE: accepted No_Media_Mode enter, Thu Mar 26 21:20:17 2026
2026-03-26 21:28:51.882967-0500: NOTICE: accepted No_Media_Mode exit, Thu Mar 26 21:28:51 2026
2026-03-26 21:28:51.894114-0500: NOTICE: doChange: addr 1.0 [7]
2026-03-26 21:28:51.894188-0500: NOTICE: doChange: addr 2.0 [7]
2026-03-26 21:28:51.896919-0500: NOTICE: doChange: addr 3.0 [7]
2026-03-26 21:37:27.646907-0500: NOTICE: accepted No_Media_Mode enter, Thu Mar 26 21:37:27 2026
2026-03-26 22:17:28.862184-0500: NOTICE: accepted No_Media_Mode exit, Thu Mar 26 22:17:28 2026
2026-03-26 22:17:28.873658-0500: NOTICE: doChange: addr 1.0 [7]
2026-03-26 22:17:28.873726-0500: NOTICE: doChange: addr 2.0 [7]
2026-03-26 22:17:28.876403-0500: NOTICE: doChange: addr 3.0 [7]
2026-03-26 23:04:23.354305-0500: NOTICE: accepted No_Media_Mode enter, Thu Mar 26 23:04:23 2026
2026-03-26 23:30:42.023880-0500: NOTICE: accepted No_Media_Mode exit, Thu Mar 26 23:30:42 2026
2026-03-26 23:30:42.154818-0500: NOTICE: doChange: addr 1.0 [7]
2026-03-26 23:30:42.154905-0500: NOTICE: doChange: addr 2.0 [7]
2026-03-26 23:30:42.157613-0500: NOTICE: doChange: addr 3.0 [7]
2026-03-26 23:30:57.993583-0500: NOTICE: accepted No_Media_Mode enter, Thu Mar 26 23:30:57 2026
2026-03-26 23:33:11.068788-0500: NOTICE: accepted No_Media_Mode exit, Thu Mar 26 23:33:10 2026
2026-03-26 23:33:11.138092-0500: NOTICE: doChange: addr 1.0 [7]
2026-03-26 23:33:11.138142-0500: NOTICE: doChange: addr 2.0 [7]
2026-03-26 23:33:11.141901-0500: NOTICE: doChange: addr 3.0 [7]
2026-03-26 23:33:26.955670-0500: NOTICE: accepted No_Media_Mode enter, Thu Mar 26 23:33:27 2026
2026-03-26 23:59:51.889027-0500: NOTICE: accepted No_Media_Mode exit, Thu Mar 26 23:59:51 2026
2026-03-26 23:59:51.939955-0500: NOTICE: doChange: addr 1.0 [7]
2026-03-26 23:59:51.940034-0500: NOTICE: doChange: addr 2.0 [7]
2026-03-26 23:59:51.942943-0500: NOTICE: doChange: addr 3.0 [7]
2026-03-27 02:20:15.814959-0500: NOTICE: accepted No_Media_Mode enter, Fri Mar 27 02:20:15 2026
2026-03-27 04:37:41.898484-0500: NOTICE: accepted No_Media_Mode exit, Fri Mar 27 04:37:41 2026
2026-03-27 04:37:42.118086-0500: NOTICE: doChange: addr 1.0 [7]
2026-03-27 04:37:42.118668-0500: NOTICE: doChange: addr 2.0 [7]
2026-03-27 04:37:42.126939-0500: NOTICE: doChange: addr 3.0 [7]
2026-03-27 04:38:01.783019-0500: NOTICE: accepted No_Media_Mode enter, Fri Mar 27 04:38:01 2026
2026-03-27 05:04:45.908866-0500: NOTICE: accepted No_Media_Mode exit, Fri Mar 27 05:04:45 2026
2026-03-27 05:04:45.920636-0500: NOTICE: doChange: addr 1.0 [7]
2026-03-27 05:04:45.920706-0500: NOTICE: doChange: addr 2.0 [7]
2026-03-27 05:04:45.923393-0500: NOTICE: doChange: addr 3.0 [7]
2026-03-27 05:05:01.759864-0500: NOTICE: accepted No_Media_Mode enter, Fri Mar 27 05:05:01 2026
2026-03-27 05:07:41.968855-0500: NOTICE: accepted No_Media_Mode exit, Fri Mar 27 05:07:41 2026
2026-03-27 05:07:41.993279-0500: NOTICE: doChange: addr 1.0 [7]
2026-03-27 05:07:41.993331-0500: NOTICE: doChange: addr 2.0 [7]
2026-03-27 05:07:41.997548-0500: NOTICE: doChange: addr 3.0 [7]
2026-03-27 06:58:56.835693-0500: NOTICE: accepted No_Media_Mode enter, Fri Mar 27 06:58:56 2026
2026-03-27 07:15:10.055245-0500: NOTICE: accepted No_Media_Mode exit, Fri Mar 27 07:15:10 2026
2026-03-27 07:15:10.104383-0500: NOTICE: doChange: addr 1.0 [7]
2026-03-27 07:15:10.104472-0500: NOTICE: doChange: addr 2.0 [7]
2026-03-27 07:15:10.107578-0500: NOTICE: doChange: addr 3.0 [7]
2026-03-27 10:21:46.762340-0500: PolicyEngine started: 7800020000000000, Time: Fri Mar 27 10:21:46 2026
2026-03-27 10:21:47.723637-0500: NOTICE: kAGDCCallbackCapability: 0x0 []
2026-03-27 10:21:48.195756-0500: NOTICE: Vendor portmap 0xe mst 0xc ddc 0xc aux 0xe
2026-03-27 10:21:48.196118-0500: NOTICE: Features policyd 0x20100000 kernel 0x0
2026-03-27 10:21:48.270893-0500: NOTICE: Populated addr 1.0 bad:f00d UUID 0 order 0:0 tx 2:2 dsp 1 WL 0 MS 0 edid 128 undef 0 DSC 0
2026-03-27 10:21:48.276933-0500: NOTICE: Populated addr 1.0 bad:f00d UUID 0 order 0:0 tx 2:2 dsp 1 WL 0 MS 0 edid 128 undef 0 DSC 0
2026-03-27 10:21:48.276989-0500: NOTICE: FB AGDC state FB[0] - ON
2026-03-27 10:21:48.281622-0500: NOTICE: accepted No_Media_Mode enter, Fri Mar 27 10:21:48 2026
2026-03-27 10:21:48.281681-0500: NOTICE: accepted No_Media_Mode exit, Fri Mar 27 10:21:48 2026
2026-03-27 10:21:48.281844-0500: NOTICE: doChange: addr 1.0 [7]
2026-03-27 10:21:48.282174-0500: NOTICE: doChange: addr 2.0 [7]
2026-03-27 10:21:48.285053-0500: NOTICE: doChange: addr 3.0 [7]
2026-03-27 10:21:48.291585-0500: NOTICE: doChange: addr 1.0 [7]
2026-03-27 10:21:48.291636-0500: NOTICE: doChange: addr 2.0 [7]
2026-03-27 10:21:48.294542-0500: NOTICE: doChange: addr 3.0 [7]
2026-03-27 10:21:48.691734-0500: PolicyEngine started: 7800020000000000, Time: Fri Mar 27 10:21:48 2026
2026-03-27 10:21:48.691972-0500: NOTICE: kAGDCCallbackCapability: 0x0 []
2026-03-27 10:21:48.692475-0500: NOTICE: Vendor portmap 0xe mst 0xc ddc 0xc aux 0xe
2026-03-27 10:21:48.692520-0500: NOTICE: Features policyd 0x20100000 kernel 0x0
2026-03-27 10:21:48.692706-0500: NOTICE: doing display state recovery
2026-03-27 10:21:48.693250-0500: NOTICE: FB AGDC state FB[0] - ON
2026-03-27 10:21:48.695313-0500: NOTICE: doChange: addr 1.0 [7]
2026-03-27 10:21:48.695355-0500: NOTICE: doChange: addr 2.0 [7]
2026-03-27 10:21:48.697986-0500: NOTICE: doChange: addr 3.0 [7]
2026-03-27 10:32:18.349362-0500: NOTICE: accepted No_Media_Mode enter, Fri Mar 27 10:32:19 2026
2026-03-27 10:38:41.910463-0500: NOTICE: accepted No_Media_Mode exit, Fri Mar 27 10:38:41 2026
2026-03-27 10:38:42.026376-0500: NOTICE: doChange: addr 1.0 [7]
2026-03-27 10:38:42.026430-0500: NOTICE: doChange: addr 2.0 [7]
2026-03-27 10:38:42.029292-0500: NOTICE: doChange: addr 3.0 [7]
2026-03-27 11:33:10.602862-0500: NOTICE: accepted No_Media_Mode enter, Fri Mar 27 11:33:10 2026
2026-03-27 11:36:30.772627-0500: NOTICE: accepted No_Media_Mode exit, Fri Mar 27 11:36:30 2026
2026-03-27 11:36:30.783447-0500: NOTICE: doChange: addr 1.0 [7]
2026-03-27 11:36:30.783600-0500: NOTICE: doChange: addr 2.0 [7]
2026-03-27 11:36:30.936010-0500: NOTICE: doChange: addr 3.0 [7]
2026-03-27 11:37:00.924877-0500: NOTICE: accepted No_Media_Mode enter, Fri Mar 27 11:37:00 2026
2026-03-27 11:45:49.034471-0500: NOTICE: accepted No_Media_Mode exit, Fri Mar 27 11:45:49 2026
2026-03-27 11:45:49.045679-0500: NOTICE: doChange: addr 1.0 [7]
2026-03-27 11:45:49.045803-0500: NOTICE: doChange: addr 2.0 [7]
2026-03-27 11:45:49.055345-0500: NOTICE: doChange: addr 3.0 [7]
2026-03-27 12:40:53.289272-0500: NOTICE: accepted No_Media_Mode enter, Fri Mar 27 12:40:53 2026
2026-03-27 12:44:25.113218-0500: NOTICE: accepted No_Media_Mode exit, Fri Mar 27 12:44:25 2026
2026-03-27 12:44:25.601564-0500: NOTICE: doChange: addr 1.0 [7]
2026-03-27 12:44:25.601895-0500: NOTICE: doChange: addr 2.0 [7]
2026-03-27 12:44:25.604756-0500: NOTICE: doChange: addr 3.0 [7]
2026-03-27 12:44:55.716797-0500: NOTICE: accepted No_Media_Mode enter, Fri Mar 27 12:44:56 2026
2026-03-27 13:05:33.977074-0500: NOTICE: accepted No_Media_Mode exit, Fri Mar 27 13:05:33 2026
2026-03-27 13:05:34.231417-0500: NOTICE: doChange: addr 1.0 [7]
2026-03-27 13:05:34.231468-0500: NOTICE: doChange: addr 2.0 [7]
2026-03-27 13:05:34.234137-0500: NOTICE: doChange: addr 3.0 [7]
2026-03-27 13:58:03.155582-0500: NOTICE: accepted No_Media_Mode enter, Fri Mar 27 13:58:03 2026
2026-03-27 14:11:51.946617-0500: NOTICE: accepted No_Media_Mode exit, Fri Mar 27 14:11:52 2026
2026-03-27 14:11:52.267488-0500: NOTICE: doChange: addr 1.0 [7]
2026-03-27 14:11:52.267562-0500: NOTICE: doChange: addr 2.0 [7]
2026-03-27 14:11:52.270536-0500: NOTICE: doChange: addr 3.0 [7]
2026-03-27 15:07:42.349301-0500: NOTICE: accepted No_Media_Mode enter, Fri Mar 27 15:07:42 2026
2026-03-27 15:38:26.762637-0500: NOTICE: accepted No_Media_Mode exit, Fri Mar 27 15:38:26 2026
2026-03-27 15:38:27.049719-0500: NOTICE: doChange: addr 1.0 [7]
2026-03-27 15:38:27.049798-0500: NOTICE: doChange: addr 2.0 [7]
2026-03-27 15:38:27.052559-0500: NOTICE: doChange: addr 3.0 [7]
2026-03-27 15:38:57.689904-0500: NOTICE: accepted No_Media_Mode enter, Fri Mar 27 15:38:57 2026
2026-03-27 15:43:32.845176-0500: NOTICE: accepted No_Media_Mode exit, Fri Mar 27 15:43:32 2026
2026-03-27 15:43:33.011498-0500: NOTICE: doChange: addr 1.0 [7]
2026-03-27 15:43:33.011561-0500: NOTICE: doChange: addr 2.0 [7]
2026-03-27 15:43:33.014250-0500: NOTICE: doChange: addr 3.0 [7]
2026-03-27 19:28:40.704524-0500: PolicyEngine started: 7800020000000000, Time: Fri Mar 27 19:28:40 2026
2026-03-27 19:28:41.343675-0500: NOTICE: kAGDCCallbackCapability: 0x0 []
2026-03-27 19:28:42.070977-0500: NOTICE: Vendor portmap 0xe mst 0xc ddc 0xc aux 0xe
2026-03-27 19:28:42.071460-0500: NOTICE: Features policyd 0x20100000 kernel 0x0
2026-03-27 19:28:42.090180-0500: NOTICE: Populated addr 1.0 bad:f00d UUID 0 order 0:0 tx 2:2 dsp 1 WL 0 MS 0 edid 128 undef 0 DSC 0
2026-03-27 19:28:42.107168-0500: NOTICE: Populated addr 1.0 bad:f00d UUID 0 order 0:0 tx 2:2 dsp 1 WL 0 MS 0 edid 128 undef 0 DSC 0
2026-03-27 19:28:42.107632-0500: NOTICE: FB AGDC state FB[0] - ON
2026-03-27 19:28:42.110988-0500: NOTICE: accepted No_Media_Mode enter, Fri Mar 27 19:28:42 2026
2026-03-27 19:28:42.111064-0500: NOTICE: accepted No_Media_Mode exit, Fri Mar 27 19:28:42 2026
2026-03-27 19:28:42.112166-0500: NOTICE: doChange: addr 1.0 [7]
2026-03-27 19:28:42.112195-0500: NOTICE: doChange: addr 2.0 [7]
2026-03-27 19:28:42.115962-0500: NOTICE: doChange: addr 3.0 [7]
2026-03-27 19:28:42.124195-0500: NOTICE: doChange: addr 1.0 [7]
2026-03-27 19:28:42.124229-0500: NOTICE: doChange: addr 2.0 [7]
2026-03-27 19:28:42.128288-0500: NOTICE: doChange: addr 3.0 [7]
2026-03-27 19:30:40.361528-0500: NOTICE: accepted No_Media_Mode enter, Fri Mar 27 19:30:40 2026
2026-03-27 19:48:54.809513-0500: NOTICE: accepted No_Media_Mode exit, Fri Mar 27 19:48:54 2026
2026-03-27 19:48:54.966516-0500: NOTICE: doChange: addr 1.0 [7]
2026-03-27 19:48:54.966585-0500: NOTICE: doChange: addr 2.0 [7]
2026-03-27 19:48:54.969286-0500: NOTICE: doChange: addr 3.0 [7]
2026-03-27 20:37:42.322741-0500: NOTICE: accepted No_Media_Mode enter, Fri Mar 27 20:37:42 2026
2026-03-27 20:53:36.502744-0500: NOTICE: accepted No_Media_Mode exit, Fri Mar 27 20:53:36 2026
2026-03-27 20:53:38.006077-0500: NOTICE: doChange: addr 1.0 [7]
2026-03-27 20:53:38.006172-0500: NOTICE: doChange: addr 2.0 [7]
2026-03-27 20:53:38.024545-0500: NOTICE: doChange: addr 3.0 [7]
2026-03-27 20:56:02.774013-0500: NOTICE: accepted No_Media_Mode enter, Fri Mar 27 20:56:02 2026
2026-03-27 20:56:14.830071-0500: NOTICE: accepted No_Media_Mode exit, Fri Mar 27 20:56:14 2026
2026-03-27 20:56:15.105067-0500: NOTICE: doChange: addr 1.0 [7]
2026-03-27 20:56:15.105224-0500: NOTICE: doChange: addr 2.0 [7]
2026-03-27 20:56:15.108144-0500: NOTICE: doChange: addr 3.0 [7]
2026-03-27 21:31:41.626958-0500: NOTICE: accepted No_Media_Mode enter, Fri Mar 27 21:31:41 2026
2026-03-27 21:31:41.628238-0500: NOTICE: accepted No_Media_Mode exit, Fri Mar 27 21:31:41 2026
2026-03-27 21:31:43.738655-0500: NOTICE: doChange: addr 1.0 [7]
2026-03-27 21:31:43.820152-0500: NOTICE: doChange: addr 2.0 [7]
2026-03-27 21:31:43.822853-0500: NOTICE: doChange: addr 3.0 [7]
2026-03-27 21:32:39.965061-0500: NOTICE: accepted No_Media_Mode enter, Fri Mar 27 21:32:39 2026
2026-03-27 21:34:51.123945-0500: NOTICE: accepted No_Media_Mode exit, Fri Mar 27 21:34:50 2026
2026-03-27 21:34:51.337093-0500: NOTICE: doChange: addr 1.0 [7]
2026-03-27 21:34:51.337142-0500: NOTICE: doChange: addr 2.0 [7]
2026-03-27 21:34:51.340274-0500: NOTICE: doChange: addr 3.0 [7]
2026-03-27 21:38:13.883439-0500: NOTICE: accepted No_Media_Mode enter, Fri Mar 27 21:38:13 2026
2026-03-27 22:00:48.686922-0500: NOTICE: accepted No_Media_Mode exit, Fri Mar 27 22:00:48 2026
2026-03-27 22:00:50.277646-0500: NOTICE: doChange: addr 1.0 [7]
2026-03-27 22:00:50.277808-0500: NOTICE: doChange: addr 2.0 [7]
2026-03-27 22:00:50.281859-0500: NOTICE: doChange: addr 3.0 [7]
2026-03-27 22:01:13.784635-0500: NOTICE: accepted No_Media_Mode enter, Fri Mar 27 22:01:13 2026
2026-03-27 22:44:04.953469-0500: NOTICE: accepted No_Media_Mode exit, Fri Mar 27 22:44:04 2026
2026-03-27 22:44:05.008618-0500: NOTICE: doChange: addr 1.0 [7]
2026-03-27 22:44:05.008679-0500: NOTICE: doChange: addr 2.0 [7]
2026-03-27 22:44:05.011662-0500: NOTICE: doChange: addr 3.0 [7]
2026-03-28 01:08:06.219028-0500: NOTICE: accepted No_Media_Mode enter, Sat Mar 28 01:08:06 2026
2026-03-28 02:42:04.980693-0500: NOTICE: accepted No_Media_Mode exit, Sat Mar 28 02:42:04 2026
2026-03-28 02:42:05.019421-0500: NOTICE: doChange: addr 1.0 [7]
2026-03-28 02:42:05.019577-0500: NOTICE: doChange: addr 2.0 [7]
2026-03-28 02:42:05.022340-0500: NOTICE: doChange: addr 3.0 [7]
2026-03-28 05:05:13.021330-0500: NOTICE: accepted No_Media_Mode enter, Sat Mar 28 05:05:13 2026
2026-03-28 06:12:59.209605-0500: NOTICE: accepted No_Media_Mode exit, Sat Mar 28 06:12:59 2026
2026-03-28 06:12:59.869975-0500: NOTICE: doChange: addr 1.0 [7]
2026-03-28 06:12:59.870783-0500: NOTICE: doChange: addr 2.0 [7]
2026-03-28 06:12:59.874886-0500: NOTICE: doChange: addr 3.0 [7]
2026-03-28 06:13:29.562085-0500: NOTICE: accepted No_Media_Mode enter, Sat Mar 28 06:13:29 2026
2026-03-28 06:13:37.043194-0500: NOTICE: accepted No_Media_Mode exit, Sat Mar 28 06:13:37 2026
2026-03-28 06:13:37.425925-0500: NOTICE: doChange: addr 1.0 [7]
2026-03-28 06:13:37.426060-0500: NOTICE: doChange: addr 2.0 [7]
2026-03-28 06:13:37.428875-0500: NOTICE: doChange: addr 3.0 [7]
2026-03-28 07:04:59.945655-0500: NOTICE: accepted No_Media_Mode enter, Sat Mar 28 07:04:59 2026
2026-03-28 07:05:53.977307-0500: NOTICE: accepted No_Media_Mode exit, Sat Mar 28 07:05:53 2026
2026-03-28 07:05:54.039620-0500: NOTICE: doChange: addr 1.0 [7]
2026-03-28 07:05:54.039905-0500: NOTICE: doChange: addr 2.0 [7]
2026-03-28 07:05:54.043049-0500: NOTICE: doChange: addr 3.0 [7]
2026-03-28 07:06:10.431912-0500: NOTICE: accepted No_Media_Mode enter, Sat Mar 28 07:06:10 2026
2026-03-28 07:06:48.352490-0500: NOTICE: accepted No_Media_Mode exit, Sat Mar 28 07:06:48 2026
2026-03-28 07:06:48.413843-0500: NOTICE: doChange: addr 1.0 [7]
2026-03-28 07:06:48.413989-0500: NOTICE: doChange: addr 2.0 [7]
2026-03-28 07:06:48.418235-0500: NOTICE: doChange: addr 3.0 [7]
2026-03-28 07:07:04.748228-0500: NOTICE: accepted No_Media_Mode enter, Sat Mar 28 07:07:04 2026
2026-03-28 07:07:07.895255-0500: NOTICE: accepted No_Media_Mode exit, Sat Mar 28 07:07:08 2026
2026-03-28 07:07:08.064321-0500: NOTICE: doChange: addr 1.0 [7]
2026-03-28 07:07:08.064371-0500: NOTICE: doChange: addr 2.0 [7]
2026-03-28 07:07:08.066951-0500: NOTICE: doChange: addr 3.0 [7]
2026-03-28 07:07:27.854478-0500: NOTICE: accepted No_Media_Mode enter, Sat Mar 28 07:07:28 2026
2026-03-28 07:07:29.528312-0500: NOTICE: accepted No_Media_Mode exit, Sat Mar 28 07:07:29 2026
2026-03-28 07:07:29.540107-0500: NOTICE: doChange: addr 1.0 [7]
2026-03-28 07:07:29.540172-0500: NOTICE: doChange: addr 2.0 [7]
2026-03-28 07:07:29.543144-0500: NOTICE: doChange: addr 3.0 [7]
2026-03-28 07:07:49.357852-0500: NOTICE: accepted No_Media_Mode enter, Sat Mar 28 07:07:49 2026
2026-03-28 07:08:15.702207-0500: NOTICE: accepted No_Media_Mode exit, Sat Mar 28 07:08:15 2026
2026-03-28 07:08:15.753076-0500: NOTICE: doChange: addr 1.0 [7]
2026-03-28 07:08:15.753146-0500: NOTICE: doChange: addr 2.0 [7]
2026-03-28 07:08:15.755913-0500: NOTICE: doChange: addr 3.0 [7]
2026-03-28 07:08:31.543603-0500: NOTICE: accepted No_Media_Mode enter, Sat Mar 28 07:08:31 2026
2026-03-28 07:34:33.905204-0500: NOTICE: accepted No_Media_Mode exit, Sat Mar 28 07:34:33 2026
2026-03-28 07:34:33.931314-0500: NOTICE: doChange: addr 1.0 [7]
2026-03-28 07:34:33.931356-0500: NOTICE: doChange: addr 2.0 [7]
2026-03-28 07:34:33.934251-0500: NOTICE: doChange: addr 3.0 [7]
2026-03-28 07:34:49.780062-0500: NOTICE: accepted No_Media_Mode enter, Sat Mar 28 07:34:49 2026
2026-03-28 07:35:35.891330-0500: NOTICE: accepted No_Media_Mode exit, Sat Mar 28 07:35:35 2026
2026-03-28 07:35:35.902486-0500: NOTICE: doChange: addr 1.0 [7]
2026-03-28 07:35:35.902548-0500: NOTICE: doChange: addr 2.0 [7]
2026-03-28 07:35:35.905909-0500: NOTICE: doChange: addr 3.0 [7]
2026-03-28 07:35:51.745499-0500: NOTICE: accepted No_Media_Mode enter, Sat Mar 28 07:35:52 2026
2026-03-28 07:36:49.118846-0500: NOTICE: accepted No_Media_Mode exit, Sat Mar 28 07:36:49 2026
2026-03-28 07:36:49.148631-0500: NOTICE: doChange: addr 1.0 [7]
2026-03-28 07:36:49.148681-0500: NOTICE: doChange: addr 2.0 [7]
2026-03-28 07:36:49.151338-0500: NOTICE: doChange: addr 3.0 [7]
2026-03-28 07:37:04.946877-0500: NOTICE: accepted No_Media_Mode enter, Sat Mar 28 07:37:06 2026
2026-03-28 07:37:44.890976-0500: NOTICE: accepted No_Media_Mode exit, Sat Mar 28 07:37:46 2026
2026-03-28 07:37:44.930065-0500: NOTICE: doChange: addr 1.0 [7]
2026-03-28 07:37:44.930122-0500: NOTICE: doChange: addr 2.0 [7]
2026-03-28 07:37:44.933646-0500: NOTICE: doChange: addr 3.0 [7]
2026-03-28 07:38:00.767325-0500: NOTICE: accepted No_Media_Mode enter, Sat Mar 28 07:38:03 2026
2026-03-28 07:39:06.466679-0500: NOTICE: accepted No_Media_Mode exit, Sat Mar 28 07:39:08 2026
2026-03-28 07:39:06.680891-0500: NOTICE: doChange: addr 1.0 [7]
2026-03-28 07:39:06.681018-0500: NOTICE: doChange: addr 2.0 [7]
2026-03-28 07:39:06.684399-0500: NOTICE: doChange: addr 3.0 [7]
2026-03-28 07:39:22.408839-0500: NOTICE: accepted No_Media_Mode enter, Sat Mar 28 07:39:24 2026
2026-03-28 07:40:04.564818-0500: NOTICE: accepted No_Media_Mode exit, Sat Mar 28 07:40:06 2026
2026-03-28 07:40:04.616276-0500: NOTICE: doChange: addr 1.0 [7]
2026-03-28 07:40:04.616345-0500: NOTICE: doChange: addr 2.0 [7]
2026-03-28 07:40:04.619421-0500: NOTICE: doChange: addr 3.0 [7]
2026-03-28 07:40:20.416494-0500: NOTICE: accepted No_Media_Mode enter, Sat Mar 28 07:40:22 2026
2026-03-28 07:40:57.544097-0500: NOTICE: accepted No_Media_Mode exit, Sat Mar 28 07:40:59 2026
2026-03-28 07:40:57.563159-0500: NOTICE: doChange: addr 1.0 [7]
2026-03-28 07:40:57.563260-0500: NOTICE: doChange: addr 2.0 [7]
2026-03-28 07:40:57.575084-0500: NOTICE: doChange: addr 3.0 [7]
2026-03-28 07:41:13.397357-0500: NOTICE: accepted No_Media_Mode enter, Sat Mar 28 07:41:16 2026
2026-03-28 07:41:15.844844-0500: NOTICE: accepted No_Media_Mode exit, Sat Mar 28 07:41:19 2026
2026-03-28 07:41:16.113581-0500: NOTICE: doChange: addr 1.0 [7]
2026-03-28 07:41:16.113743-0500: NOTICE: doChange: addr 2.0 [7]
2026-03-28 07:41:16.117223-0500: NOTICE: doChange: addr 3.0 [7]
2026-03-28 07:41:35.816259-0500: NOTICE: accepted No_Media_Mode enter, Sat Mar 28 07:41:38 2026
2026-03-28 07:42:58.734059-0500: NOTICE: accepted No_Media_Mode exit, Sat Mar 28 07:43:01 2026
2026-03-28 07:42:58.745236-0500: NOTICE: doChange: addr 1.0 [7]
2026-03-28 07:42:58.745322-0500: NOTICE: doChange: addr 2.0 [7]
2026-03-28 07:42:58.747987-0500: NOTICE: doChange: addr 3.0 [7]
2026-03-28 07:43:14.574611-0500: NOTICE: accepted No_Media_Mode enter, Sat Mar 28 07:43:17 2026
2026-03-28 07:43:51.514812-0500: NOTICE: accepted No_Media_Mode exit, Sat Mar 28 07:43:54 2026
2026-03-28 07:43:51.526690-0500: NOTICE: doChange: addr 1.0 [7]
2026-03-28 07:43:51.526754-0500: NOTICE: doChange: addr 2.0 [7]
2026-03-28 07:43:51.530842-0500: NOTICE: doChange: addr 3.0 [7]
2026-03-28 07:44:07.374884-0500: NOTICE: accepted No_Media_Mode enter, Sat Mar 28 07:44:10 2026
2026-03-28 07:45:09.506260-0500: NOTICE: accepted No_Media_Mode exit, Sat Mar 28 07:45:12 2026
2026-03-28 07:45:09.557266-0500: NOTICE: doChange: addr 1.0 [7]
2026-03-28 07:45:09.557326-0500: NOTICE: doChange: addr 2.0 [7]
2026-03-28 07:45:09.560170-0500: NOTICE: doChange: addr 3.0 [7]
2026-03-28 07:45:25.359560-0500: NOTICE: accepted No_Media_Mode enter, Sat Mar 28 07:45:29 2026
2026-03-28 07:45:26.834930-0500: NOTICE: accepted No_Media_Mode exit, Sat Mar 28 07:45:30 2026
2026-03-28 07:45:27.080893-0500: NOTICE: doChange: addr 1.0 [7]
2026-03-28 07:45:27.080957-0500: NOTICE: doChange: addr 2.0 [7]
2026-03-28 07:45:27.091279-0500: NOTICE: doChange: addr 3.0 [7]
2026-03-28 07:45:46.803375-0500: NOTICE: accepted No_Media_Mode enter, Sat Mar 28 07:45:50 2026
2026-03-28 07:45:49.377891-0500: NOTICE: accepted No_Media_Mode exit, Sat Mar 28 07:45:53 2026
2026-03-28 07:45:49.576972-0500: NOTICE: doChange: addr 1.0 [7]
2026-03-28 07:45:49.577059-0500: NOTICE: doChange: addr 2.0 [7]
2026-03-28 07:45:49.579842-0500: NOTICE: doChange: addr 3.0 [7]
2026-03-28 07:46:09.371782-0500: NOTICE: accepted No_Media_Mode enter, Sat Mar 28 07:46:13 2026
2026-03-28 07:49:01.195313-0500: NOTICE: accepted No_Media_Mode exit, Sat Mar 28 07:49:04 2026
2026-03-28 07:49:01.247895-0500: NOTICE: doChange: addr 1.0 [7]
2026-03-28 07:49:01.247960-0500: NOTICE: doChange: addr 2.0 [7]
2026-03-28 07:49:01.250835-0500: NOTICE: doChange: addr 3.0 [7]
2026-03-28 07:49:17.035741-0500: NOTICE: accepted No_Media_Mode enter, Sat Mar 28 07:49:20 2026
2026-03-28 07:51:03.868509-0500: NOTICE: accepted No_Media_Mode exit, Sat Mar 28 07:51:03 2026
2026-03-28 07:51:03.910306-0500: NOTICE: doChange: addr 1.0 [7]
2026-03-28 07:51:03.910345-0500: NOTICE: doChange: addr 2.0 [7]
2026-03-28 07:51:03.913091-0500: NOTICE: doChange: addr 3.0 [7]
2026-03-28 07:51:19.745791-0500: NOTICE: accepted No_Media_Mode enter, Sat Mar 28 07:51:19 2026
2026-03-28 07:51:21.250521-0500: NOTICE: accepted No_Media_Mode exit, Sat Mar 28 07:51:21 2026
2026-03-28 07:51:21.521582-0500: NOTICE: doChange: addr 1.0 [7]
2026-03-28 07:51:21.521699-0500: NOTICE: doChange: addr 2.0 [7]
2026-03-28 07:51:21.525175-0500: NOTICE: doChange: addr 3.0 [7]
2026-03-28 07:51:41.205366-0500: NOTICE: accepted No_Media_Mode enter, Sat Mar 28 07:51:41 2026
2026-03-28 07:51:42.748474-0500: NOTICE: accepted No_Media_Mode exit, Sat Mar 28 07:51:42 2026
2026-03-28 07:51:43.022661-0500: NOTICE: doChange: addr 1.0 [7]
2026-03-28 07:51:43.022752-0500: NOTICE: doChange: addr 2.0 [7]
2026-03-28 07:51:43.026385-0500: NOTICE: doChange: addr 3.0 [7]
2026-03-28 07:52:02.719050-0500: NOTICE: accepted No_Media_Mode enter, Sat Mar 28 07:52:02 2026
2026-03-28 07:52:06.161688-0500: NOTICE: accepted No_Media_Mode exit, Sat Mar 28 07:52:06 2026
2026-03-28 07:52:06.433500-0500: NOTICE: doChange: addr 1.0 [7]
2026-03-28 07:52:06.433663-0500: NOTICE: doChange: addr 2.0 [7]
2026-03-28 07:52:06.437206-0500: NOTICE: doChange: addr 3.0 [7]
2026-03-28 07:52:26.132948-0500: NOTICE: accepted No_Media_Mode enter, Sat Mar 28 07:52:26 2026
2026-03-28 07:53:32.795039-0500: NOTICE: accepted No_Media_Mode exit, Sat Mar 28 07:53:32 2026
2026-03-28 07:53:32.827089-0500: NOTICE: doChange: addr 1.0 [7]
2026-03-28 07:53:32.827158-0500: NOTICE: doChange: addr 2.0 [7]
2026-03-28 07:53:32.830766-0500: NOTICE: doChange: addr 3.0 [7]
2026-03-28 07:53:48.645794-0500: NOTICE: accepted No_Media_Mode enter, Sat Mar 28 07:53:48 2026
2026-03-28 07:55:17.535538-0500: NOTICE: accepted No_Media_Mode exit, Sat Mar 28 07:55:17 2026
2026-03-28 07:55:17.585784-0500: NOTICE: doChange: addr 1.0 [7]
2026-03-28 07:55:17.585853-0500: NOTICE: doChange: addr 2.0 [7]
2026-03-28 07:55:17.588557-0500: NOTICE: doChange: addr 3.0 [7]
2026-03-28 07:55:33.404491-0500: NOTICE: accepted No_Media_Mode enter, Sat Mar 28 07:55:33 2026
2026-03-28 07:56:16.323260-0500: NOTICE: accepted No_Media_Mode exit, Sat Mar 28 07:56:16 2026
2026-03-28 07:56:16.356663-0500: NOTICE: doChange: addr 1.0 [7]
2026-03-28 07:56:16.356722-0500: NOTICE: doChange: addr 2.0 [7]
2026-03-28 07:56:16.359436-0500: NOTICE: doChange: addr 3.0 [7]
2026-03-28 07:56:32.207428-0500: NOTICE: accepted No_Media_Mode enter, Sat Mar 28 07:56:32 2026
2026-03-28 07:56:37.273734-0500: NOTICE: accepted No_Media_Mode exit, Sat Mar 28 07:56:38 2026
2026-03-28 07:56:37.548368-0500: NOTICE: doChange: addr 1.0 [7]
2026-03-28 07:56:37.548479-0500: NOTICE: doChange: addr 2.0 [7]
2026-03-28 07:56:37.551776-0500: NOTICE: doChange: addr 3.0 [7]
2026-03-28 08:50:42.568657-0500: NOTICE: accepted No_Media_Mode enter, Sat Mar 28 08:50:42 2026
2026-03-28 09:17:20.907309-0500: NOTICE: accepted No_Media_Mode exit, Sat Mar 28 09:17:20 2026
2026-03-28 09:17:20.917822-0500: NOTICE: doChange: addr 1.0 [7]
2026-03-28 09:17:20.917895-0500: NOTICE: doChange: addr 2.0 [7]
2026-03-28 09:17:20.920882-0500: NOTICE: doChange: addr 3.0 [7]
2026-03-28 09:17:36.806642-0500: NOTICE: accepted No_Media_Mode enter, Sat Mar 28 09:17:36 2026
2026-03-28 09:28:26.558540-0500: NOTICE: accepted No_Media_Mode exit, Sat Mar 28 09:28:26 2026
2026-03-28 09:28:26.582408-0500: NOTICE: doChange: addr 1.0 [7]
2026-03-28 09:28:26.593303-0500: NOTICE: doChange: addr 2.0 [7]
2026-03-28 09:28:26.597829-0500: NOTICE: doChange: addr 3.0 [7]
2026-03-30 16:03:58.171550-0500: PolicyEngine started: 7800020000000000, Time: Mon Mar 30 16:03:58 2026
2026-03-30 16:03:58.852992-0500: NOTICE: kAGDCCallbackCapability: 0x0 []
2026-03-30 16:03:59.522939-0500: NOTICE: Vendor portmap 0xe mst 0xc ddc 0xc aux 0xe
2026-03-30 16:03:59.524052-0500: NOTICE: Features policyd 0x20100000 kernel 0x0
2026-03-30 16:03:59.537548-0500: NOTICE: Populated addr 1.0 bad:f00d UUID 0 order 0:0 tx 2:2 dsp 1 WL 0 MS 0 edid 128 undef 0 DSC 0
2026-03-30 16:03:59.542411-0500: NOTICE: Populated addr 1.0 bad:f00d UUID 0 order 0:0 tx 2:2 dsp 1 WL 0 MS 0 edid 128 undef 0 DSC 0
2026-03-30 16:03:59.542699-0500: NOTICE: FB AGDC state FB[0] - ON
2026-03-30 16:03:59.545363-0500: NOTICE: accepted No_Media_Mode enter, Mon Mar 30 16:03:59 2026
2026-03-30 16:03:59.545435-0500: NOTICE: accepted No_Media_Mode exit, Mon Mar 30 16:03:59 2026
2026-03-30 16:03:59.545542-0500: NOTICE: doChange: addr 1.0 [7]
2026-03-30 16:03:59.545571-0500: NOTICE: doChange: addr 2.0 [7]
2026-03-30 16:03:59.548423-0500: NOTICE: doChange: addr 3.0 [7]
2026-03-30 16:03:59.554693-0500: NOTICE: doChange: addr 1.0 [7]
2026-03-30 16:03:59.554794-0500: NOTICE: doChange: addr 2.0 [7]
2026-03-30 16:03:59.559041-0500: NOTICE: doChange: addr 3.0 [7]
2026-03-30 16:16:44.737061-0500: NOTICE: accepted No_Media_Mode enter, Mon Mar 30 16:16:38 2026
2026-03-30 17:39:47.362198-0500: NOTICE: accepted No_Media_Mode exit, Mon Mar 30 17:39:47 2026
2026-03-30 17:39:47.373047-0500: NOTICE: doChange: addr 1.0 [7]
2026-03-30 17:39:47.373099-0500: NOTICE: doChange: addr 2.0 [7]
2026-03-30 17:39:47.375648-0500: NOTICE: doChange: addr 3.0 [7]
2026-03-31 14:51:59.391931-0500: PolicyEngine started: 7800020000000000, Time: Tue Mar 31 14:51:59 2026
2026-03-31 14:52:00.035695-0500: NOTICE: kAGDCCallbackCapability: 0x0 []
2026-03-31 14:52:00.839773-0500: NOTICE: Vendor portmap 0xe mst 0xc ddc 0xc aux 0xe
2026-03-31 14:52:00.840439-0500: NOTICE: Features policyd 0x20100000 kernel 0x0
2026-03-31 14:52:00.852211-0500: NOTICE: Populated addr 1.0 bad:f00d UUID 0 order 0:0 tx 2:2 dsp 1 WL 0 MS 0 edid 128 undef 0 DSC 0
2026-03-31 14:52:00.855804-0500: NOTICE: Populated addr 1.0 bad:f00d UUID 0 order 0:0 tx 2:2 dsp 1 WL 0 MS 0 edid 128 undef 0 DSC 0
2026-03-31 14:52:00.855861-0500: NOTICE: FB AGDC state FB[0] - ON
2026-03-31 14:52:00.859323-0500: NOTICE: accepted No_Media_Mode enter, Tue Mar 31 14:52:00 2026
2026-03-31 14:52:00.859646-0500: NOTICE: accepted No_Media_Mode exit, Tue Mar 31 14:52:00 2026
2026-03-31 14:52:00.859839-0500: NOTICE: doChange: addr 1.0 [7]
2026-03-31 14:52:00.860033-0500: NOTICE: doChange: addr 2.0 [7]
2026-03-31 14:52:00.864006-0500: NOTICE: doChange: addr 3.0 [7]
2026-03-31 14:52:00.870350-0500: NOTICE: doChange: addr 1.0 [7]
2026-03-31 14:52:00.870409-0500: NOTICE: doChange: addr 2.0 [7]
2026-03-31 14:52:00.873662-0500: NOTICE: doChange: addr 3.0 [7]
2026-04-01 14:00:56.341188-0500: PolicyEngine started: 7800020000000000, Time: Wed Apr  1 14:00:56 2026
2026-04-01 14:00:57.048146-0500: NOTICE: kAGDCCallbackCapability: 0x0 []
2026-04-01 14:00:57.768027-0500: NOTICE: Vendor portmap 0xe mst 0xc ddc 0xc aux 0xe
2026-04-01 14:00:57.775743-0500: NOTICE: Features policyd 0x20100000 kernel 0x0
2026-04-01 14:00:57.786655-0500: NOTICE: Populated addr 1.0 bad:f00d UUID 0 order 0:0 tx 2:2 dsp 1 WL 0 MS 0 edid 128 undef 0 DSC 0
2026-04-01 14:00:57.793943-0500: NOTICE: Populated addr 1.0 bad:f00d UUID 0 order 0:0 tx 2:2 dsp 1 WL 0 MS 0 edid 128 undef 0 DSC 0
2026-04-01 14:00:57.793996-0500: NOTICE: FB AGDC state FB[0] - ON
2026-04-01 14:00:57.796098-0500: NOTICE: accepted No_Media_Mode enter, Wed Apr  1 14:00:57 2026
2026-04-01 14:00:57.796162-0500: NOTICE: accepted No_Media_Mode exit, Wed Apr  1 14:00:57 2026
2026-04-01 14:00:57.796238-0500: NOTICE: doChange: addr 1.0 [7]
2026-04-01 14:00:57.796277-0500: NOTICE: doChange: addr 2.0 [7]
2026-04-01 14:00:57.798960-0500: NOTICE: doChange: addr 3.0 [7]
2026-04-01 14:00:57.806139-0500: NOTICE: doChange: addr 1.0 [7]
2026-04-01 14:00:57.806204-0500: NOTICE: doChange: addr 2.0 [7]
2026-04-01 14:00:57.808814-0500: NOTICE: doChange: addr 3.0 [7]
2026-04-01 14:20:47.855573-0500: NOTICE: accepted No_Media_Mode enter, Wed Apr  1 14:20:47 2026
2026-04-01 14:21:22.909015-0500: NOTICE: accepted No_Media_Mode exit, Wed Apr  1 14:21:22 2026
2026-04-01 14:21:23.023745-0500: NOTICE: doChange: addr 1.0 [7]
2026-04-01 14:21:23.023862-0500: NOTICE: doChange: addr 2.0 [7]
2026-04-01 14:21:23.027019-0500: NOTICE: doChange: addr 3.0 [7]
2026-04-01 14:21:47.790215-0500: NOTICE: accepted No_Media_Mode enter, Wed Apr  1 14:21:48 2026
2026-04-01 14:33:41.738419-0500: NOTICE: accepted No_Media_Mode exit, Wed Apr  1 14:33:41 2026
2026-04-01 14:33:41.758467-0500: NOTICE: doChange: addr 1.0 [7]
2026-04-01 14:33:41.758529-0500: NOTICE: doChange: addr 2.0 [7]
2026-04-01 14:33:41.761230-0500: NOTICE: doChange: addr 3.0 [7]
2026-04-01 14:44:59.376211-0500: NOTICE: accepted No_Media_Mode enter, Wed Apr  1 14:44:59 2026
2026-04-01 15:04:24.893637-0500: NOTICE: accepted No_Media_Mode exit, Wed Apr  1 15:04:24 2026
2026-04-01 15:04:24.904541-0500: NOTICE: doChange: addr 1.0 [7]
2026-04-01 15:04:24.904648-0500: NOTICE: doChange: addr 2.0 [7]
2026-04-01 15:04:24.908260-0500: NOTICE: doChange: addr 3.0 [7]
2026-04-01 15:04:55.431869-0500: NOTICE: accepted No_Media_Mode enter, Wed Apr  1 15:04:55 2026
2026-04-01 15:09:54.392887-0500: NOTICE: accepted No_Media_Mode exit, Wed Apr  1 15:09:55 2026
2026-04-01 15:09:54.445830-0500: NOTICE: doChange: addr 1.0 [7]
2026-04-01 15:09:54.445894-0500: NOTICE: doChange: addr 2.0 [7]
2026-04-01 15:09:54.448536-0500: NOTICE: doChange: addr 3.0 [7]
2026-04-01 15:13:46.661519-0500: NOTICE: accepted No_Media_Mode enter, Wed Apr  1 15:13:47 2026
2026-04-01 15:15:52.720443-0500: NOTICE: accepted No_Media_Mode exit, Wed Apr  1 15:15:53 2026
2026-04-01 15:15:52.731327-0500: NOTICE: doChange: addr 1.0 [7]
2026-04-01 15:15:52.731409-0500: NOTICE: doChange: addr 2.0 [7]
2026-04-01 15:15:52.734316-0500: NOTICE: doChange: addr 3.0 [7]
2026-04-02 13:21:25.770133-0500: PolicyEngine started: 7800020000000000, Time: Thu Apr  2 13:21:25 2026
2026-04-02 13:21:26.404895-0500: NOTICE: kAGDCCallbackCapability: 0x0 []
2026-04-02 13:21:27.132184-0500: NOTICE: Vendor portmap 0xe mst 0xc ddc 0xc aux 0xe
2026-04-02 13:21:27.132976-0500: NOTICE: Features policyd 0x20100000 kernel 0x0
2026-04-02 13:21:27.139156-0500: NOTICE: Populated addr 1.0 bad:f00d UUID 0 order 0:0 tx 2:2 dsp 1 WL 0 MS 0 edid 128 undef 0 DSC 0
2026-04-02 13:21:27.144418-0500: NOTICE: Populated addr 1.0 bad:f00d UUID 0 order 0:0 tx 2:2 dsp 1 WL 0 MS 0 edid 128 undef 0 DSC 0
2026-04-02 13:21:27.144472-0500: NOTICE: FB AGDC state FB[0] - ON
2026-04-02 13:21:27.148069-0500: NOTICE: accepted No_Media_Mode enter, Thu Apr  2 13:21:27 2026
2026-04-02 13:21:27.148497-0500: NOTICE: accepted No_Media_Mode exit, Thu Apr  2 13:21:27 2026
2026-04-02 13:21:27.150562-0500: NOTICE: doChange: addr 1.0 [7]
2026-04-02 13:21:27.150618-0500: NOTICE: doChange: addr 2.0 [7]
2026-04-02 13:21:27.153376-0500: NOTICE: doChange: addr 3.0 [7]
2026-04-02 13:21:27.160503-0500: NOTICE: doChange: addr 1.0 [7]
2026-04-02 13:21:27.160552-0500: NOTICE: doChange: addr 2.0 [7]
2026-04-02 13:21:27.163392-0500: NOTICE: doChange: addr 3.0 [7]
2026-04-02 13:21:27.604832-0500: PolicyEngine started: 7800020000000000, Time: Thu Apr  2 13:21:27 2026
2026-04-02 13:21:27.605079-0500: NOTICE: kAGDCCallbackCapability: 0x0 []
2026-04-02 13:21:27.605728-0500: NOTICE: Vendor portmap 0xe mst 0xc ddc 0xc aux 0xe
2026-04-02 13:21:27.605782-0500: NOTICE: Features policyd 0x20100000 kernel 0x0
2026-04-02 13:21:27.605932-0500: NOTICE: doing display state recovery
2026-04-02 13:21:27.606754-0500: NOTICE: FB AGDC state FB[0] - ON
2026-04-02 13:21:27.610019-0500: NOTICE: doChange: addr 1.0 [7]
2026-04-02 13:21:27.610089-0500: NOTICE: doChange: addr 2.0 [7]
2026-04-02 13:21:27.612662-0500: NOTICE: doChange: addr 3.0 [7]
2026-04-02 13:30:20.059129-0500: NOTICE: accepted No_Media_Mode enter, Thu Apr  2 13:30:18 2026
2026-04-02 13:30:29.893391-0500: NOTICE: accepted No_Media_Mode exit, Thu Apr  2 13:30:28 2026
2026-04-02 13:30:30.074212-0500: NOTICE: doChange: addr 1.0 [7]
2026-04-02 13:30:30.074280-0500: NOTICE: doChange: addr 2.0 [7]
2026-04-02 13:30:30.076958-0500: NOTICE: doChange: addr 3.0 [7]
2026-04-02 13:36:20.561469-0500: NOTICE: accepted No_Media_Mode enter, Thu Apr  2 13:36:19 2026
2026-04-02 13:36:25.032202-0500: NOTICE: accepted No_Media_Mode exit, Thu Apr  2 13:36:23 2026
2026-04-02 13:36:25.424951-0500: NOTICE: doChange: addr 1.0 [7]
2026-04-02 13:36:25.425158-0500: NOTICE: doChange: addr 2.0 [7]
2026-04-02 13:36:25.428665-0500: NOTICE: doChange: addr 3.0 [7]
2026-04-02 13:37:11.466859-0500: NOTICE: accepted No_Media_Mode enter, Thu Apr  2 13:37:11 2026
2026-04-02 13:44:14.865247-0500: NOTICE: accepted No_Media_Mode exit, Thu Apr  2 13:44:14 2026
2026-04-02 13:44:14.928624-0500: NOTICE: doChange: addr 1.0 [7]
2026-04-02 13:44:14.928696-0500: NOTICE: doChange: addr 2.0 [7]
2026-04-02 13:44:14.931417-0500: NOTICE: doChange: addr 3.0 [7]
2026-04-02 13:59:09.965936-0500: NOTICE: accepted No_Media_Mode enter, Thu Apr  2 13:59:09 2026
2026-04-02 14:11:22.851981-0500: NOTICE: accepted No_Media_Mode exit, Thu Apr  2 14:11:22 2026
2026-04-02 14:11:22.908224-0500: NOTICE: doChange: addr 1.0 [7]
2026-04-02 14:11:22.908548-0500: NOTICE: doChange: addr 2.0 [7]
2026-04-02 14:11:22.918438-0500: NOTICE: doChange: addr 3.0 [7]
2026-04-02 14:11:59.057344-0500: NOTICE: accepted No_Media_Mode enter, Thu Apr  2 14:11:58 2026
2026-04-02 15:01:31.867400-0500: NOTICE: accepted No_Media_Mode exit, Thu Apr  2 15:01:31 2026
2026-04-02 15:01:31.878122-0500: NOTICE: doChange: addr 1.0 [7]
2026-04-02 15:01:31.878602-0500: NOTICE: doChange: addr 2.0 [7]
2026-04-02 15:01:31.882045-0500: NOTICE: doChange: addr 3.0 [7]
2026-04-03 09:33:59.067184-0500: PolicyEngine started: 7800020000000000, Time: Fri Apr  3 09:33:59 2026
2026-04-03 09:34:00.049125-0500: NOTICE: kAGDCCallbackCapability: 0x0 []
2026-04-03 09:34:00.518902-0500: NOTICE: Vendor portmap 0xe mst 0xc ddc 0xc aux 0xe
2026-04-03 09:34:00.520365-0500: NOTICE: Features policyd 0x20100000 kernel 0x0
2026-04-03 09:34:00.537377-0500: NOTICE: Populated addr 1.0 bad:f00d UUID 0 order 0:0 tx 2:2 dsp 1 WL 0 MS 0 edid 128 undef 0 DSC 0
2026-04-03 09:34:00.563252-0500: NOTICE: Populated addr 1.0 bad:f00d UUID 0 order 0:0 tx 2:2 dsp 1 WL 0 MS 0 edid 128 undef 0 DSC 0
2026-04-03 09:34:00.563313-0500: NOTICE: FB AGDC state FB[0] - ON
2026-04-03 09:34:00.569004-0500: NOTICE: accepted No_Media_Mode enter, Fri Apr  3 09:34:00 2026
2026-04-03 09:34:00.569958-0500: NOTICE: accepted No_Media_Mode exit, Fri Apr  3 09:34:00 2026
2026-04-03 09:34:00.570510-0500: NOTICE: doChange: addr 1.0 [7]
2026-04-03 09:34:00.570552-0500: NOTICE: doChange: addr 2.0 [7]
2026-04-03 09:34:00.573829-0500: NOTICE: doChange: addr 3.0 [7]
2026-04-03 09:34:00.580031-0500: NOTICE: doChange: addr 1.0 [7]
2026-04-03 09:34:00.580428-0500: NOTICE: doChange: addr 2.0 [7]
2026-04-03 09:34:00.584333-0500: NOTICE: doChange: addr 3.0 [7]
2026-04-03 09:35:59.140054-0500: NOTICE: accepted No_Media_Mode enter, Fri Apr  3 09:35:59 2026
2026-04-03 09:39:02.717781-0500: NOTICE: accepted No_Media_Mode exit, Fri Apr  3 09:39:02 2026
2026-04-03 09:39:02.983853-0500: NOTICE: doChange: addr 1.0 [7]
2026-04-03 09:39:02.983931-0500: NOTICE: doChange: addr 2.0 [7]
2026-04-03 09:39:02.986644-0500: NOTICE: doChange: addr 3.0 [7]
2026-04-03 09:53:33.489216-0500: NOTICE: accepted No_Media_Mode enter, Fri Apr  3 09:53:33 2026
2026-04-03 09:55:48.851772-0500: NOTICE: accepted No_Media_Mode exit, Fri Apr  3 09:55:48 2026
2026-04-03 09:55:48.882254-0500: NOTICE: doChange: addr 1.0 [7]
2026-04-03 09:55:48.882320-0500: NOTICE: doChange: addr 2.0 [7]
2026-04-03 09:55:48.890155-0500: NOTICE: doChange: addr 3.0 [7]
2026-04-03 10:00:33.129172-0500: NOTICE: accepted No_Media_Mode enter, Fri Apr  3 10:00:33 2026
2026-04-03 10:05:39.546670-0500: NOTICE: accepted No_Media_Mode exit, Fri Apr  3 10:05:39 2026
2026-04-03 10:05:39.747762-0500: NOTICE: doChange: addr 1.0 [7]
2026-04-03 10:05:39.747917-0500: NOTICE: doChange: addr 2.0 [7]
2026-04-03 10:05:39.752527-0500: NOTICE: doChange: addr 3.0 [7]
2026-04-03 10:38:09.907625-0500: NOTICE: accepted No_Media_Mode enter, Fri Apr  3 10:38:09 2026
2026-04-03 10:38:12.255753-0500: NOTICE: accepted No_Media_Mode exit, Fri Apr  3 10:38:12 2026
2026-04-03 10:38:12.660216-0500: NOTICE: doChange: addr 1.0 [7]
2026-04-03 10:38:12.660364-0500: NOTICE: doChange: addr 2.0 [7]
2026-04-03 10:38:12.663257-0500: NOTICE: doChange: addr 3.0 [7]
2026-04-03 10:38:13.282080-0500: NOTICE: accepted No_Media_Mode enter, Fri Apr  3 10:38:13 2026
2026-04-03 10:41:39.853712-0500: NOTICE: accepted No_Media_Mode exit, Fri Apr  3 10:41:39 2026
2026-04-03 10:41:39.865464-0500: NOTICE: doChange: addr 1.0 [7]
2026-04-03 10:41:39.865528-0500: NOTICE: doChange: addr 2.0 [7]
2026-04-03 10:41:39.875040-0500: NOTICE: doChange: addr 3.0 [7]
2026-04-03 11:39:02.438190-0500: NOTICE: accepted No_Media_Mode enter, Fri Apr  3 11:39:02 2026
2026-04-03 11:47:57.415232-0500: NOTICE: accepted No_Media_Mode exit, Fri Apr  3 11:47:57 2026
2026-04-03 11:48:00.576020-0500: NOTICE: doChange: addr 1.0 [7]
2026-04-03 11:48:00.576681-0500: NOTICE: doChange: addr 2.0 [7]
2026-04-03 11:48:00.740184-0500: NOTICE: doChange: addr 3.0 [7]
2026-04-03 12:43:53.879199-0500: NOTICE: accepted No_Media_Mode enter, Fri Apr  3 12:43:53 2026
2026-04-03 12:53:44.683235-0500: NOTICE: accepted No_Media_Mode exit, Fri Apr  3 12:53:45 2026
2026-04-03 12:53:45.378854-0500: NOTICE: doChange: addr 1.0 [7]
2026-04-03 12:53:45.378915-0500: NOTICE: doChange: addr 2.0 [7]
2026-04-03 12:53:45.381812-0500: NOTICE: doChange: addr 3.0 [7]
2026-04-03 13:52:42.799827-0500: NOTICE: accepted No_Media_Mode enter, Fri Apr  3 13:52:42 2026
2026-04-03 13:54:14.906217-0500: NOTICE: accepted No_Media_Mode exit, Fri Apr  3 13:54:14 2026
2026-04-03 13:54:15.232209-0500: NOTICE: doChange: addr 1.0 [7]
2026-04-03 13:54:15.232291-0500: NOTICE: doChange: addr 2.0 [7]
2026-04-03 13:54:15.468069-0500: NOTICE: doChange: addr 3.0 [7]
2026-04-03 13:54:53.393922-0500: NOTICE: accepted No_Media_Mode enter, Fri Apr  3 13:54:54 2026
2026-04-03 14:06:01.759353-0500: NOTICE: accepted No_Media_Mode exit, Fri Apr  3 14:06:02 2026
2026-04-03 14:06:01.932863-0500: NOTICE: doChange: addr 1.0 [7]
2026-04-03 14:06:01.932926-0500: NOTICE: doChange: addr 2.0 [7]
2026-04-03 14:06:01.935878-0500: NOTICE: doChange: addr 3.0 [7]
2026-04-03 14:20:59.418870-0500: NOTICE: accepted No_Media_Mode enter, Fri Apr  3 14:20:59 2026
2026-04-03 14:22:03.310069-0500: NOTICE: accepted No_Media_Mode exit, Fri Apr  3 14:22:03 2026
2026-04-03 14:22:03.488453-0500: NOTICE: doChange: addr 1.0 [7]
2026-04-03 14:22:03.488541-0500: NOTICE: doChange: addr 2.0 [7]
2026-04-03 14:22:03.492910-0500: NOTICE: doChange: addr 3.0 [7]
2026-04-03 14:22:24.862558-0500: NOTICE: accepted No_Media_Mode enter, Fri Apr  3 14:22:24 2026
2026-04-03 15:39:00.863133-0500: NOTICE: accepted No_Media_Mode exit, Fri Apr  3 15:39:00 2026
2026-04-03 15:39:00.942194-0500: NOTICE: doChange: addr 1.0 [7]
2026-04-03 15:39:00.942246-0500: NOTICE: doChange: addr 2.0 [7]
2026-04-03 15:39:00.945111-0500: NOTICE: doChange: addr 3.0 [7]
2026-04-03 18:30:07.990068-0500: PolicyEngine started: 7800020000000000, Time: Fri Apr  3 18:30:07 2026
2026-04-03 18:30:08.624648-0500: NOTICE: kAGDCCallbackCapability: 0x0 []
2026-04-03 18:30:09.353403-0500: NOTICE: Vendor portmap 0xe mst 0xc ddc 0xc aux 0xe
2026-04-03 18:30:09.353694-0500: NOTICE: Features policyd 0x20100000 kernel 0x0
2026-04-03 18:30:09.364471-0500: NOTICE: Populated addr 1.0 bad:f00d UUID 0 order 0:0 tx 2:2 dsp 1 WL 0 MS 0 edid 128 undef 0 DSC 0
2026-04-03 18:30:09.390964-0500: NOTICE: Populated addr 1.0 bad:f00d UUID 0 order 0:0 tx 2:2 dsp 1 WL 0 MS 0 edid 128 undef 0 DSC 0
2026-04-03 18:30:09.391047-0500: NOTICE: FB AGDC state FB[0] - ON
2026-04-03 18:30:09.393994-0500: NOTICE: accepted No_Media_Mode enter, Fri Apr  3 18:30:09 2026
2026-04-03 18:30:09.394050-0500: NOTICE: accepted No_Media_Mode exit, Fri Apr  3 18:30:09 2026
2026-04-03 18:30:09.394122-0500: NOTICE: doChange: addr 1.0 [7]
2026-04-03 18:30:09.394147-0500: NOTICE: doChange: addr 2.0 [7]
2026-04-03 18:30:09.397746-0500: NOTICE: doChange: addr 3.0 [7]
2026-04-03 18:30:09.405020-0500: NOTICE: doChange: addr 1.0 [7]
2026-04-03 18:30:09.405060-0500: NOTICE: doChange: addr 2.0 [7]
2026-04-03 18:30:09.408745-0500: NOTICE: doChange: addr 3.0 [7]
2026-04-03 20:06:54.885856-0500: NOTICE: accepted No_Media_Mode enter, Fri Apr  3 20:06:54 2026
2026-04-03 22:11:06.607706-0500: NOTICE: accepted No_Media_Mode exit, Fri Apr  3 22:11:06 2026
2026-04-03 22:11:06.665128-0500: NOTICE: doChange: addr 1.0 [7]
2026-04-03 22:11:06.665211-0500: NOTICE: doChange: addr 2.0 [7]
2026-04-03 22:11:06.667939-0500: NOTICE: doChange: addr 3.0 [7]
2026-04-04 01:31:44.967821-0500: NOTICE: accepted No_Media_Mode enter, Sat Apr  4 01:31:44 2026
2026-04-04 01:37:33.890767-0500: NOTICE: accepted No_Media_Mode exit, Sat Apr  4 01:37:33 2026
2026-04-04 01:37:33.928242-0500: NOTICE: doChange: addr 1.0 [7]
2026-04-04 01:37:33.928496-0500: NOTICE: doChange: addr 2.0 [7]
2026-04-04 01:37:33.931860-0500: NOTICE: doChange: addr 3.0 [7]
2026-04-04 02:01:23.457805-0500: NOTICE: accepted No_Media_Mode enter, Sat Apr  4 02:01:23 2026
2026-04-04 02:08:52.893458-0500: NOTICE: accepted No_Media_Mode exit, Sat Apr  4 02:08:52 2026
2026-04-04 02:08:52.906578-0500: NOTICE: doChange: addr 1.0 [7]
2026-04-04 02:08:52.906670-0500: NOTICE: doChange: addr 2.0 [7]
2026-04-04 02:08:52.909367-0500: NOTICE: doChange: addr 3.0 [7]
2026-04-04 02:10:59.299433-0500: NOTICE: accepted No_Media_Mode enter, Sat Apr  4 02:11:00 2026
2026-04-04 02:11:00.291709-0500: NOTICE: accepted No_Media_Mode exit, Sat Apr  4 02:11:01 2026
2026-04-04 02:11:00.708713-0500: NOTICE: doChange: addr 1.0 [7]
2026-04-04 02:11:00.708806-0500: NOTICE: doChange: addr 2.0 [7]
2026-04-04 02:11:00.712272-0500: NOTICE: doChange: addr 3.0 [7]
2026-04-04 02:11:36.615007-0500: NOTICE: accepted No_Media_Mode enter, Sat Apr  4 02:11:37 2026
2026-04-04 02:20:05.870387-0500: NOTICE: accepted No_Media_Mode exit, Sat Apr  4 02:20:05 2026
2026-04-04 02:20:05.884680-0500: NOTICE: doChange: addr 1.0 [7]
2026-04-04 02:20:05.884727-0500: NOTICE: doChange: addr 2.0 [7]
2026-04-04 02:20:05.890621-0500: NOTICE: doChange: addr 3.0 [7]
2026-04-04 03:01:24.016314-0500: NOTICE: accepted No_Media_Mode enter, Sat Apr  4 03:01:24 2026
2026-04-04 05:13:18.807869-0500: NOTICE: accepted No_Media_Mode exit, Sat Apr  4 05:13:18 2026
2026-04-04 05:13:19.356026-0500: NOTICE: doChange: addr 1.0 [7]
2026-04-04 05:13:19.356194-0500: NOTICE: doChange: addr 2.0 [7]
2026-04-04 05:13:19.359123-0500: NOTICE: doChange: addr 3.0 [7]
2026-04-04 07:22:58.769661-0500: NOTICE: accepted No_Media_Mode enter, Sat Apr  4 07:22:58 2026
2026-04-04 07:23:35.156687-0500: NOTICE: accepted No_Media_Mode exit, Sat Apr  4 07:23:35 2026
2026-04-04 07:23:36.739774-0500: NOTICE: doChange: addr 1.0 [7]
2026-04-04 07:23:36.740422-0500: NOTICE: doChange: addr 2.0 [7]
2026-04-04 07:23:36.743887-0500: NOTICE: doChange: addr 3.0 [7]
2026-04-04 07:45:36.717824-0500: NOTICE: accepted No_Media_Mode enter, Sat Apr  4 07:45:36 2026
2026-04-04 07:58:36.867868-0500: NOTICE: accepted No_Media_Mode exit, Sat Apr  4 07:58:38 2026
2026-04-04 07:58:37.784821-0500: NOTICE: doChange: addr 1.0 [7]
2026-04-04 07:58:37.785403-0500: NOTICE: doChange: addr 2.0 [7]
2026-04-04 07:58:37.788606-0500: NOTICE: doChange: addr 3.0 [7]
2026-04-04 09:03:02.034620-0500: NOTICE: accepted No_Media_Mode enter, Sat Apr  4 09:03:02 2026
2026-04-04 12:56:51.936608-0500: NOTICE: accepted No_Media_Mode exit, Sat Apr  4 12:56:51 2026
2026-04-04 12:56:51.986521-0500: NOTICE: doChange: addr 1.0 [7]
2026-04-04 12:56:51.986628-0500: NOTICE: doChange: addr 2.0 [7]
2026-04-04 12:56:52.012730-0500: NOTICE: doChange: addr 3.0 [7]
2026-04-04 13:30:23.384065-0500: NOTICE: accepted No_Media_Mode enter, Sat Apr  4 13:30:23 2026
2026-04-04 13:33:07.783029-0500: NOTICE: accepted No_Media_Mode exit, Sat Apr  4 13:33:07 2026
2026-04-04 13:33:08.082891-0500: NOTICE: doChange: addr 1.0 [7]
2026-04-04 13:33:08.082971-0500: NOTICE: doChange: addr 2.0 [7]
2026-04-04 13:33:08.085852-0500: NOTICE: doChange: addr 3.0 [7]
2026-04-04 13:33:25.662208-0500: NOTICE: accepted No_Media_Mode enter, Sat Apr  4 13:33:25 2026
2026-04-04 14:45:11.947017-0500: NOTICE: accepted No_Media_Mode exit, Sat Apr  4 14:45:11 2026
2026-04-04 14:45:12.077467-0500: NOTICE: doChange: addr 1.0 [7]
2026-04-04 14:45:12.077527-0500: NOTICE: doChange: addr 2.0 [7]
2026-04-04 14:45:12.080790-0500: NOTICE: doChange: addr 3.0 [7]
2026-04-04 15:36:42.069937-0500: NOTICE: accepted No_Media_Mode enter, Sat Apr  4 15:36:41 2026
2026-04-04 15:36:57.307096-0500: NOTICE: accepted No_Media_Mode exit, Sat Apr  4 15:36:57 2026
2026-04-04 15:37:00.514898-0500: NOTICE: doChange: addr 1.0 [7]
2026-04-04 15:37:00.517057-0500: NOTICE: doChange: addr 2.0 [7]
2026-04-04 15:37:00.530371-0500: NOTICE: doChange: addr 3.0 [7]
2026-04-04 15:37:30.930534-0500: NOTICE: accepted No_Media_Mode enter, Sat Apr  4 15:37:30 2026
2026-04-04 15:37:31.891794-0500: NOTICE: accepted No_Media_Mode exit, Sat Apr  4 15:37:31 2026
2026-04-04 15:37:32.390834-0500: NOTICE: doChange: addr 1.0 [7]
2026-04-04 15:37:32.390902-0500: NOTICE: doChange: addr 2.0 [7]
2026-04-04 15:37:32.394287-0500: NOTICE: doChange: addr 3.0 [7]
2026-04-04 15:38:24.299883-0500: NOTICE: accepted No_Media_Mode enter, Sat Apr  4 15:38:24 2026
2026-04-04 15:43:22.834424-0500: NOTICE: accepted No_Media_Mode exit, Sat Apr  4 15:43:22 2026
2026-04-04 15:43:22.897666-0500: NOTICE: doChange: addr 1.0 [7]
2026-04-04 15:43:22.897725-0500: NOTICE: doChange: addr 2.0 [7]
2026-04-04 15:43:22.900827-0500: NOTICE: doChange: addr 3.0 [7]
2026-04-04 15:43:39.711894-0500: NOTICE: accepted No_Media_Mode enter, Sat Apr  4 15:43:39 2026
2026-04-04 15:44:10.808042-0500: NOTICE: accepted No_Media_Mode exit, Sat Apr  4 15:44:10 2026
2026-04-04 15:44:10.898988-0500: NOTICE: doChange: addr 1.0 [7]
2026-04-04 15:44:10.899085-0500: NOTICE: doChange: addr 2.0 [7]
2026-04-04 15:44:10.901823-0500: NOTICE: doChange: addr 3.0 [7]
2026-04-04 15:44:26.702279-0500: NOTICE: accepted No_Media_Mode enter, Sat Apr  4 15:44:27 2026
2026-04-04 16:36:21.046345-0500: NOTICE: accepted No_Media_Mode exit, Sat Apr  4 16:36:20 2026
2026-04-04 16:36:21.315956-0500: NOTICE: doChange: addr 1.0 [7]
2026-04-04 16:36:21.316035-0500: NOTICE: doChange: addr 2.0 [7]
2026-04-04 16:36:21.319340-0500: NOTICE: doChange: addr 3.0 [7]
2026-04-04 19:34:41.884126-0500: NOTICE: accepted No_Media_Mode enter, Sat Apr  4 19:34:41 2026
2026-04-04 19:48:14.831345-0500: NOTICE: accepted No_Media_Mode exit, Sat Apr  4 19:48:14 2026
2026-04-04 19:48:15.004928-0500: NOTICE: doChange: addr 1.0 [7]
2026-04-04 19:48:15.005236-0500: NOTICE: doChange: addr 2.0 [7]
2026-04-04 19:48:15.008119-0500: NOTICE: doChange: addr 3.0 [7]
2026-04-04 19:48:45.243950-0500: NOTICE: accepted No_Media_Mode enter, Sat Apr  4 19:48:45 2026
2026-04-04 20:31:51.903390-0500: NOTICE: accepted No_Media_Mode exit, Sat Apr  4 20:31:51 2026
2026-04-04 20:31:51.912737-0500: NOTICE: doChange: addr 1.0 [7]
2026-04-04 20:31:51.912780-0500: NOTICE: doChange: addr 2.0 [7]
2026-04-04 20:31:51.915656-0500: NOTICE: doChange: addr 3.0 [7]
2026-04-04 20:32:31.953153-0500: NOTICE: accepted No_Media_Mode enter, Sat Apr  4 20:32:31 2026
2026-04-04 20:34:21.884047-0500: NOTICE: accepted No_Media_Mode exit, Sat Apr  4 20:34:21 2026
2026-04-04 20:34:21.894165-0500: NOTICE: doChange: addr 1.0 [7]
2026-04-04 20:34:21.894226-0500: NOTICE: doChange: addr 2.0 [7]
2026-04-04 20:34:21.897138-0500: NOTICE: doChange: addr 3.0 [7]
2026-04-04 20:36:00.582351-0500: NOTICE: accepted No_Media_Mode enter, Sat Apr  4 20:36:00 2026
2026-04-04 20:37:34.895284-0500: NOTICE: accepted No_Media_Mode exit, Sat Apr  4 20:37:34 2026
2026-04-04 20:37:34.911385-0500: NOTICE: doChange: addr 1.0 [7]
2026-04-04 20:37:34.911514-0500: NOTICE: doChange: addr 2.0 [7]
2026-04-04 20:37:34.915659-0500: NOTICE: doChange: addr 3.0 [7]
2026-04-04 20:38:26.877703-0500: NOTICE: accepted No_Media_Mode enter, Sat Apr  4 20:38:26 2026
2026-04-04 20:39:47.872879-0500: NOTICE: accepted No_Media_Mode exit, Sat Apr  4 20:39:47 2026
2026-04-04 20:39:47.883290-0500: NOTICE: doChange: addr 1.0 [7]
2026-04-04 20:39:47.883349-0500: NOTICE: doChange: addr 2.0 [7]
2026-04-04 20:39:47.886100-0500: NOTICE: doChange: addr 3.0 [7]
2026-04-04 20:40:18.472422-0500: NOTICE: accepted No_Media_Mode enter, Sat Apr  4 20:40:18 2026
2026-04-04 20:41:38.476065-0500: NOTICE: accepted No_Media_Mode exit, Sat Apr  4 20:41:38 2026
2026-04-04 20:41:38.486290-0500: NOTICE: doChange: addr 1.0 [7]
2026-04-04 20:41:38.486357-0500: NOTICE: doChange: addr 2.0 [7]
2026-04-04 20:41:38.489202-0500: NOTICE: doChange: addr 3.0 [7]
2026-04-04 20:48:37.937703-0500: NOTICE: accepted No_Media_Mode enter, Sat Apr  4 20:48:37 2026
2026-04-04 20:49:57.892402-0500: NOTICE: accepted No_Media_Mode exit, Sat Apr  4 20:49:57 2026
2026-04-04 20:49:57.902221-0500: NOTICE: doChange: addr 1.0 [7]
2026-04-04 20:49:57.902289-0500: NOTICE: doChange: addr 2.0 [7]
2026-04-04 20:49:57.905120-0500: NOTICE: doChange: addr 3.0 [7]
2026-04-04 20:51:25.516468-0500: NOTICE: accepted No_Media_Mode enter, Sat Apr  4 20:51:25 2026
2026-04-04 20:52:16.014234-0500: NOTICE: accepted No_Media_Mode exit, Sat Apr  4 20:52:16 2026
2026-04-04 20:52:16.026005-0500: NOTICE: doChange: addr 1.0 [7]
2026-04-04 20:52:16.026083-0500: NOTICE: doChange: addr 2.0 [7]
2026-04-04 20:52:16.028701-0500: NOTICE: doChange: addr 3.0 [7]
2026-04-04 21:02:35.440668-0500: NOTICE: accepted No_Media_Mode enter, Sat Apr  4 21:02:35 2026
2026-04-04 21:03:20.828025-0500: NOTICE: accepted No_Media_Mode exit, Sat Apr  4 21:03:20 2026
2026-04-04 21:03:20.843809-0500: NOTICE: doChange: addr 1.0 [7]
2026-04-04 21:03:20.843868-0500: NOTICE: doChange: addr 2.0 [7]
2026-04-04 21:03:20.852266-0500: NOTICE: doChange: addr 3.0 [7]
2026-04-04 21:07:30.601880-0500: NOTICE: accepted No_Media_Mode enter, Sat Apr  4 21:07:30 2026
2026-04-04 21:07:32.869059-0500: NOTICE: accepted No_Media_Mode exit, Sat Apr  4 21:07:32 2026
2026-04-04 21:07:33.125572-0500: NOTICE: doChange: addr 1.0 [7]
2026-04-04 21:07:33.125816-0500: NOTICE: doChange: addr 2.0 [7]
2026-04-04 21:07:33.128666-0500: NOTICE: doChange: addr 3.0 [7]
2026-04-04 21:08:19.245192-0500: NOTICE: accepted No_Media_Mode enter, Sat Apr  4 21:08:19 2026
2026-04-04 21:08:31.363984-0500: NOTICE: accepted No_Media_Mode exit, Sat Apr  4 21:08:31 2026
2026-04-04 21:08:31.635248-0500: NOTICE: doChange: addr 1.0 [7]
2026-04-04 21:08:31.635354-0500: NOTICE: doChange: addr 2.0 [7]
2026-04-04 21:08:31.638076-0500: NOTICE: doChange: addr 3.0 [7]
2026-04-04 21:09:06.568288-0500: NOTICE: accepted No_Media_Mode enter, Sat Apr  4 21:09:06 2026
2026-04-04 21:23:41.888971-0500: NOTICE: accepted No_Media_Mode exit, Sat Apr  4 21:23:41 2026
2026-04-04 21:23:41.899511-0500: NOTICE: doChange: addr 1.0 [7]
2026-04-04 21:23:41.899582-0500: NOTICE: doChange: addr 2.0 [7]
2026-04-04 21:23:41.902181-0500: NOTICE: doChange: addr 3.0 [7]
2026-04-04 21:24:12.173819-0500: NOTICE: accepted No_Media_Mode enter, Sat Apr  4 21:24:12 2026
2026-04-04 21:28:41.884671-0500: NOTICE: accepted No_Media_Mode exit, Sat Apr  4 21:28:41 2026
2026-04-04 21:28:41.895826-0500: NOTICE: doChange: addr 1.0 [7]
2026-04-04 21:28:41.895932-0500: NOTICE: doChange: addr 2.0 [7]
2026-04-04 21:28:41.899241-0500: NOTICE: doChange: addr 3.0 [7]
2026-04-04 21:36:43.137464-0500: NOTICE: accepted No_Media_Mode enter, Sat Apr  4 21:36:43 2026
2026-04-04 21:42:56.875689-0500: NOTICE: accepted No_Media_Mode exit, Sat Apr  4 21:42:56 2026
2026-04-04 21:42:56.897461-0500: NOTICE: doChange: addr 1.0 [7]
2026-04-04 21:42:56.897516-0500: NOTICE: doChange: addr 2.0 [7]
2026-04-04 21:42:56.901682-0500: NOTICE: doChange: addr 3.0 [7]
2026-04-04 21:43:27.242824-0500: NOTICE: accepted No_Media_Mode enter, Sat Apr  4 21:43:27 2026
2026-04-04 21:45:38.862834-0500: NOTICE: accepted No_Media_Mode exit, Sat Apr  4 21:45:38 2026
2026-04-04 21:45:38.874012-0500: NOTICE: doChange: addr 1.0 [7]
2026-04-04 21:45:38.874077-0500: NOTICE: doChange: addr 2.0 [7]
2026-04-04 21:45:38.876713-0500: NOTICE: doChange: addr 3.0 [7]
2026-04-04 21:46:09.714393-0500: NOTICE: accepted No_Media_Mode enter, Sat Apr  4 21:46:09 2026
2026-04-04 21:55:08.819785-0500: NOTICE: accepted No_Media_Mode exit, Sat Apr  4 21:55:08 2026
2026-04-04 21:55:08.867725-0500: NOTICE: doChange: addr 1.0 [7]
2026-04-04 21:55:08.867815-0500: NOTICE: doChange: addr 2.0 [7]
2026-04-04 21:55:08.870912-0500: NOTICE: doChange: addr 3.0 [7]
2026-04-04 21:55:39.610572-0500: NOTICE: accepted No_Media_Mode enter, Sat Apr  4 21:55:39 2026
2026-04-04 22:14:01.870426-0500: NOTICE: accepted No_Media_Mode exit, Sat Apr  4 22:14:01 2026
2026-04-04 22:14:01.882886-0500: NOTICE: doChange: addr 1.0 [7]
2026-04-04 22:14:01.882977-0500: NOTICE: doChange: addr 2.0 [7]
2026-04-04 22:14:01.885717-0500: NOTICE: doChange: addr 3.0 [7]
2026-04-04 22:14:32.240955-0500: NOTICE: accepted No_Media_Mode enter, Sat Apr  4 22:14:32 2026
2026-04-04 22:16:14.909193-0500: NOTICE: accepted No_Media_Mode exit, Sat Apr  4 22:16:14 2026
2026-04-04 22:16:14.920847-0500: NOTICE: doChange: addr 1.0 [7]
2026-04-04 22:16:14.920903-0500: NOTICE: doChange: addr 2.0 [7]
2026-04-04 22:16:14.923758-0500: NOTICE: doChange: addr 3.0 [7]
2026-04-04 22:16:45.446279-0500: NOTICE: accepted No_Media_Mode enter, Sat Apr  4 22:16:45 2026
2026-04-04 22:18:31.890410-0500: NOTICE: accepted No_Media_Mode exit, Sat Apr  4 22:18:31 2026
2026-04-04 22:18:31.899843-0500: NOTICE: doChange: addr 1.0 [7]
2026-04-04 22:18:31.899908-0500: NOTICE: doChange: addr 2.0 [7]
2026-04-04 22:18:31.902586-0500: NOTICE: doChange: addr 3.0 [7]
2026-04-04 22:19:05.078936-0500: NOTICE: accepted No_Media_Mode enter, Sat Apr  4 22:19:05 2026
2026-04-04 22:23:33.763171-0500: NOTICE: accepted No_Media_Mode exit, Sat Apr  4 22:23:33 2026
2026-04-04 22:23:33.776039-0500: NOTICE: doChange: addr 1.0 [7]
2026-04-04 22:23:33.776090-0500: NOTICE: doChange: addr 2.0 [7]
2026-04-04 22:23:33.780815-0500: NOTICE: doChange: addr 3.0 [7]
2026-04-04 22:23:50.592155-0500: NOTICE: accepted No_Media_Mode enter, Sat Apr  4 22:23:50 2026
2026-04-04 22:25:28.702839-0500: NOTICE: accepted No_Media_Mode exit, Sat Apr  4 22:25:28 2026
2026-04-04 22:25:28.727725-0500: NOTICE: doChange: addr 1.0 [7]
2026-04-04 22:25:28.727778-0500: NOTICE: doChange: addr 2.0 [7]
2026-04-04 22:25:28.730546-0500: NOTICE: doChange: addr 3.0 [7]
2026-04-04 22:25:44.577780-0500: NOTICE: accepted No_Media_Mode enter, Sat Apr  4 22:25:44 2026
2026-04-04 22:34:37.928729-0500: NOTICE: accepted No_Media_Mode exit, Sat Apr  4 22:34:37 2026
2026-04-04 22:34:37.946611-0500: NOTICE: doChange: addr 1.0 [7]
2026-04-04 22:34:37.946713-0500: NOTICE: doChange: addr 2.0 [7]
2026-04-04 22:34:37.949560-0500: NOTICE: doChange: addr 3.0 [7]
2026-04-04 22:34:53.890829-0500: NOTICE: accepted No_Media_Mode enter, Sat Apr  4 22:34:53 2026
2026-04-05 02:46:42.002259-0500: NOTICE: accepted No_Media_Mode exit, Sun Apr  5 02:46:42 2026
2026-04-05 02:46:42.029433-0500: NOTICE: doChange: addr 1.0 [7]
2026-04-05 02:46:42.029526-0500: NOTICE: doChange: addr 2.0 [7]
2026-04-05 02:46:42.032547-0500: NOTICE: doChange: addr 3.0 [7]
2026-04-05 03:20:47.658455-0500: NOTICE: accepted No_Media_Mode enter, Sun Apr  5 03:20:47 2026
2026-04-05 03:22:25.883515-0500: NOTICE: accepted No_Media_Mode exit, Sun Apr  5 03:22:25 2026
2026-04-05 03:22:25.921222-0500: NOTICE: doChange: addr 1.0 [7]
2026-04-05 03:22:25.921383-0500: NOTICE: doChange: addr 2.0 [7]
2026-04-05 03:22:25.924197-0500: NOTICE: doChange: addr 3.0 [7]
2026-04-05 03:22:47.526722-0500: NOTICE: accepted No_Media_Mode enter, Sun Apr  5 03:22:47 2026
2026-04-05 03:32:58.868427-0500: NOTICE: accepted No_Media_Mode exit, Sun Apr  5 03:32:58 2026
2026-04-05 03:32:58.908521-0500: NOTICE: doChange: addr 1.0 [7]
2026-04-05 03:32:58.908574-0500: NOTICE: doChange: addr 2.0 [7]
2026-04-05 03:32:58.914160-0500: NOTICE: doChange: addr 3.0 [7]
2026-04-05 06:44:34.952768-0500: NOTICE: accepted No_Media_Mode enter, Sun Apr  5 06:44:34 2026
2026-04-05 07:02:10.959181-0500: NOTICE: accepted No_Media_Mode exit, Sun Apr  5 07:02:10 2026
2026-04-05 07:02:11.053310-0500: NOTICE: doChange: addr 1.0 [7]
2026-04-05 07:02:11.053420-0500: NOTICE: doChange: addr 2.0 [7]
2026-04-05 07:02:11.056145-0500: NOTICE: doChange: addr 3.0 [7]
2026-04-05 08:40:07.227543-0500: NOTICE: accepted No_Media_Mode enter, Sun Apr  5 08:40:07 2026
2026-04-05 08:42:28.898072-0500: NOTICE: accepted No_Media_Mode exit, Sun Apr  5 08:42:28 2026
2026-04-05 08:42:28.914585-0500: NOTICE: doChange: addr 1.0 [7]
2026-04-05 08:42:28.914661-0500: NOTICE: doChange: addr 2.0 [7]
2026-04-05 08:42:28.919354-0500: NOTICE: doChange: addr 3.0 [7]
2026-04-05 08:43:06.790424-0500: NOTICE: accepted No_Media_Mode enter, Sun Apr  5 08:43:06 2026
2026-04-05 09:01:25.887113-0500: NOTICE: accepted No_Media_Mode exit, Sun Apr  5 09:01:25 2026
2026-04-05 09:01:25.897178-0500: NOTICE: doChange: addr 1.0 [7]
2026-04-05 09:01:25.897246-0500: NOTICE: doChange: addr 2.0 [7]
2026-04-05 09:01:25.900016-0500: NOTICE: doChange: addr 3.0 [7]
2026-04-05 09:25:33.191827-0500: NOTICE: accepted No_Media_Mode enter, Sun Apr  5 09:25:33 2026
2026-04-05 09:39:53.915191-0500: NOTICE: accepted No_Media_Mode exit, Sun Apr  5 09:39:53 2026
2026-04-05 09:39:53.929038-0500: NOTICE: doChange: addr 1.0 [7]
2026-04-05 09:39:53.929094-0500: NOTICE: doChange: addr 2.0 [7]
2026-04-05 09:39:53.932094-0500: NOTICE: doChange: addr 3.0 [7]
2026-04-05 09:40:24.196703-0500: NOTICE: accepted No_Media_Mode enter, Sun Apr  5 09:40:24 2026
2026-04-05 09:41:28.944189-0500: NOTICE: accepted No_Media_Mode exit, Sun Apr  5 09:41:28 2026
2026-04-05 09:41:29.288801-0500: NOTICE: doChange: addr 1.0 [7]
2026-04-05 09:41:29.288972-0500: NOTICE: doChange: addr 2.0 [7]
2026-04-05 09:41:29.292229-0500: NOTICE: doChange: addr 3.0 [7]
2026-04-05 09:44:32.619748-0500: NOTICE: accepted No_Media_Mode enter, Sun Apr  5 09:44:32 2026
2026-04-05 09:51:55.871940-0500: NOTICE: accepted No_Media_Mode exit, Sun Apr  5 09:51:55 2026
2026-04-05 09:51:55.883355-0500: NOTICE: doChange: addr 1.0 [7]
2026-04-05 09:51:55.883423-0500: NOTICE: doChange: addr 2.0 [7]
2026-04-05 09:51:55.886438-0500: NOTICE: doChange: addr 3.0 [7]
2026-04-05 09:52:29.671870-0500: NOTICE: accepted No_Media_Mode enter, Sun Apr  5 09:52:29 2026
2026-04-05 10:12:21.888115-0500: NOTICE: accepted No_Media_Mode exit, Sun Apr  5 10:12:21 2026
2026-04-05 10:12:21.898097-0500: NOTICE: doChange: addr 1.0 [7]
2026-04-05 10:12:21.898166-0500: NOTICE: doChange: addr 2.0 [7]
2026-04-05 10:12:21.900865-0500: NOTICE: doChange: addr 3.0 [7]
2026-04-05 10:22:13.137927-0500: NOTICE: accepted No_Media_Mode enter, Sun Apr  5 10:22:13 2026
2026-04-05 10:37:11.894717-0500: NOTICE: accepted No_Media_Mode exit, Sun Apr  5 10:37:11 2026
2026-04-05 10:37:11.920818-0500: NOTICE: doChange: addr 1.0 [7]
2026-04-05 10:37:11.920863-0500: NOTICE: doChange: addr 2.0 [7]
2026-04-05 10:37:11.923495-0500: NOTICE: doChange: addr 3.0 [7]
2026-04-05 10:37:42.308022-0500: NOTICE: accepted No_Media_Mode enter, Sun Apr  5 10:37:42 2026
2026-04-05 10:41:14.618722-0500: NOTICE: accepted No_Media_Mode exit, Sun Apr  5 10:41:14 2026
2026-04-05 10:41:14.632801-0500: NOTICE: doChange: addr 1.0 [7]
2026-04-05 10:41:14.632865-0500: NOTICE: doChange: addr 2.0 [7]
2026-04-05 10:41:14.635525-0500: NOTICE: doChange: addr 3.0 [7]
2026-04-05 10:41:34.510431-0500: NOTICE: accepted No_Media_Mode enter, Sun Apr  5 10:41:34 2026
2026-04-05 11:06:31.911714-0500: NOTICE: accepted No_Media_Mode exit, Sun Apr  5 11:06:31 2026
2026-04-05 11:06:31.921460-0500: NOTICE: doChange: addr 1.0 [7]
2026-04-05 11:06:31.921522-0500: NOTICE: doChange: addr 2.0 [7]
2026-04-05 11:06:31.924217-0500: NOTICE: doChange: addr 3.0 [7]
2026-04-05 11:06:51.798349-0500: NOTICE: accepted No_Media_Mode enter, Sun Apr  5 11:06:51 2026
2026-04-05 11:07:24.902092-0500: NOTICE: accepted No_Media_Mode exit, Sun Apr  5 11:07:24 2026
2026-04-05 11:07:24.912179-0500: NOTICE: doChange: addr 1.0 [7]
2026-04-05 11:07:24.912234-0500: NOTICE: doChange: addr 2.0 [7]
2026-04-05 11:07:24.914872-0500: NOTICE: doChange: addr 3.0 [7]
2026-04-05 11:07:40.738853-0500: NOTICE: accepted No_Media_Mode enter, Sun Apr  5 11:07:41 2026
2026-04-05 11:07:42.622614-0500: NOTICE: accepted No_Media_Mode exit, Sun Apr  5 11:07:43 2026
2026-04-05 11:07:42.882029-0500: NOTICE: doChange: addr 1.0 [7]
2026-04-05 11:07:42.882169-0500: NOTICE: doChange: addr 2.0 [7]
2026-04-05 11:07:42.885234-0500: NOTICE: doChange: addr 3.0 [7]
2026-04-05 11:08:02.601960-0500: NOTICE: accepted No_Media_Mode enter, Sun Apr  5 11:08:03 2026
2026-04-05 11:08:04.142041-0500: NOTICE: accepted No_Media_Mode exit, Sun Apr  5 11:08:04 2026
2026-04-05 11:08:04.418242-0500: NOTICE: doChange: addr 1.0 [7]
2026-04-05 11:08:04.418297-0500: NOTICE: doChange: addr 2.0 [7]
2026-04-05 11:08:04.421367-0500: NOTICE: doChange: addr 3.0 [7]
2026-04-05 11:08:24.192106-0500: NOTICE: accepted No_Media_Mode enter, Sun Apr  5 11:08:24 2026
2026-04-05 11:13:00.436683-0500: NOTICE: accepted No_Media_Mode exit, Sun Apr  5 11:13:00 2026
2026-04-05 11:13:00.472634-0500: NOTICE: doChange: addr 1.0 [7]
2026-04-05 11:13:00.472698-0500: NOTICE: doChange: addr 2.0 [7]
2026-04-05 11:13:00.475467-0500: NOTICE: doChange: addr 3.0 [7]
2026-04-05 11:13:16.322049-0500: NOTICE: accepted No_Media_Mode enter, Sun Apr  5 11:13:16 2026
2026-04-05 11:14:16.484741-0500: NOTICE: accepted No_Media_Mode exit, Sun Apr  5 11:14:16 2026
2026-04-05 11:14:16.495811-0500: NOTICE: doChange: addr 1.0 [7]
2026-04-05 11:14:16.495875-0500: NOTICE: doChange: addr 2.0 [7]
2026-04-05 11:14:16.498698-0500: NOTICE: doChange: addr 3.0 [7]
2026-04-05 11:14:32.309393-0500: NOTICE: accepted No_Media_Mode enter, Sun Apr  5 11:14:32 2026
2026-04-05 11:20:38.250391-0500: NOTICE: accepted No_Media_Mode exit, Sun Apr  5 11:20:38 2026
2026-04-05 11:20:38.262608-0500: NOTICE: doChange: addr 1.0 [7]
2026-04-05 11:20:38.262667-0500: NOTICE: doChange: addr 2.0 [7]
2026-04-05 11:20:38.267563-0500: NOTICE: doChange: addr 3.0 [7]
2026-04-05 11:20:54.081795-0500: NOTICE: accepted No_Media_Mode enter, Sun Apr  5 11:20:54 2026
2026-04-05 11:25:21.840365-0500: NOTICE: accepted No_Media_Mode exit, Sun Apr  5 11:25:21 2026
2026-04-05 11:25:21.945309-0500: NOTICE: doChange: addr 1.0 [7]
2026-04-05 11:25:21.945398-0500: NOTICE: doChange: addr 2.0 [7]
2026-04-05 11:25:21.948659-0500: NOTICE: doChange: addr 3.0 [7]
2026-04-05 11:25:37.739723-0500: NOTICE: accepted No_Media_Mode enter, Sun Apr  5 11:25:37 2026
2026-04-05 11:27:13.889449-0500: NOTICE: accepted No_Media_Mode exit, Sun Apr  5 11:27:13 2026
2026-04-05 11:27:13.901241-0500: NOTICE: doChange: addr 1.0 [7]
2026-04-05 11:27:13.901309-0500: NOTICE: doChange: addr 2.0 [7]
2026-04-05 11:27:13.903982-0500: NOTICE: doChange: addr 3.0 [7]
2026-04-05 11:27:29.776306-0500: NOTICE: accepted No_Media_Mode enter, Sun Apr  5 11:27:30 2026
2026-04-05 11:28:35.919642-0500: NOTICE: accepted No_Media_Mode exit, Sun Apr  5 11:28:36 2026
2026-04-05 11:28:35.929976-0500: NOTICE: doChange: addr 1.0 [7]
2026-04-05 11:28:35.930025-0500: NOTICE: doChange: addr 2.0 [7]
2026-04-05 11:28:35.982654-0500: NOTICE: doChange: addr 3.0 [7]
2026-04-05 11:28:51.958759-0500: NOTICE: accepted No_Media_Mode enter, Sun Apr  5 11:28:52 2026
2026-04-05 11:29:09.862658-0500: NOTICE: accepted No_Media_Mode exit, Sun Apr  5 11:29:10 2026
2026-04-05 11:29:10.140137-0500: NOTICE: doChange: addr 1.0 [7]
2026-04-05 11:29:10.140227-0500: NOTICE: doChange: addr 2.0 [7]
2026-04-05 11:29:10.143690-0500: NOTICE: doChange: addr 3.0 [7]
2026-04-05 12:10:51.060774-0500: NOTICE: accepted No_Media_Mode enter, Sun Apr  5 12:10:51 2026
2026-04-05 12:14:41.960530-0500: NOTICE: accepted No_Media_Mode exit, Sun Apr  5 12:14:41 2026
2026-04-05 12:14:41.970743-0500: NOTICE: doChange: addr 1.0 [7]
2026-04-05 12:14:41.970801-0500: NOTICE: doChange: addr 2.0 [7]
2026-04-05 12:14:41.973663-0500: NOTICE: doChange: addr 3.0 [7]
2026-04-05 13:28:47.474953-0500: NOTICE: accepted No_Media_Mode enter, Sun Apr  5 13:28:47 2026
2026-04-05 13:29:27.005293-0500: NOTICE: accepted No_Media_Mode exit, Sun Apr  5 13:29:27 2026
2026-04-05 13:29:27.376258-0500: NOTICE: doChange: addr 1.0 [7]
2026-04-05 13:29:27.376331-0500: NOTICE: doChange: addr 2.0 [7]
2026-04-05 13:29:27.379066-0500: NOTICE: doChange: addr 3.0 [7]
2026-04-05 13:29:29.811467-0500: NOTICE: accepted No_Media_Mode enter, Sun Apr  5 13:29:29 2026
2026-04-05 13:30:50.873523-0500: NOTICE: accepted No_Media_Mode exit, Sun Apr  5 13:30:50 2026
2026-04-05 13:30:50.936624-0500: NOTICE: doChange: addr 1.0 [7]
2026-04-05 13:30:50.936681-0500: NOTICE: doChange: addr 2.0 [7]
2026-04-05 13:30:50.939633-0500: NOTICE: doChange: addr 3.0 [7]
2026-04-05 13:31:06.918675-0500: NOTICE: accepted No_Media_Mode enter, Sun Apr  5 13:31:07 2026
2026-04-05 13:32:43.556425-0500: NOTICE: accepted No_Media_Mode exit, Sun Apr  5 13:32:43 2026
2026-04-05 13:32:43.566788-0500: NOTICE: doChange: addr 1.0 [7]
2026-04-05 13:32:43.566857-0500: NOTICE: doChange: addr 2.0 [7]
2026-04-05 13:32:43.572400-0500: NOTICE: doChange: addr 3.0 [7]
2026-04-05 13:32:59.370891-0500: NOTICE: accepted No_Media_Mode enter, Sun Apr  5 13:32:59 2026
2026-04-05 13:34:16.298645-0500: NOTICE: accepted No_Media_Mode exit, Sun Apr  5 13:34:16 2026
2026-04-05 13:34:16.334897-0500: NOTICE: doChange: addr 1.0 [7]
2026-04-05 13:34:16.334957-0500: NOTICE: doChange: addr 2.0 [7]
2026-04-05 13:34:16.353516-0500: NOTICE: doChange: addr 3.0 [7]
2026-04-05 13:34:32.202072-0500: NOTICE: accepted No_Media_Mode enter, Sun Apr  5 13:34:32 2026
2026-04-05 13:35:45.364719-0500: NOTICE: accepted No_Media_Mode exit, Sun Apr  5 13:35:45 2026
2026-04-05 13:35:45.377376-0500: NOTICE: doChange: addr 1.0 [7]
2026-04-05 13:35:45.377430-0500: NOTICE: doChange: addr 2.0 [7]
2026-04-05 13:35:45.380104-0500: NOTICE: doChange: addr 3.0 [7]
2026-04-05 13:36:01.197441-0500: NOTICE: accepted No_Media_Mode enter, Sun Apr  5 13:36:01 2026
2026-04-05 13:52:53.894081-0500: NOTICE: accepted No_Media_Mode exit, Sun Apr  5 13:52:53 2026
2026-04-05 13:52:53.908127-0500: NOTICE: doChange: addr 1.0 [7]
2026-04-05 13:52:53.908172-0500: NOTICE: doChange: addr 2.0 [7]
2026-04-05 13:52:53.910850-0500: NOTICE: doChange: addr 3.0 [7]
2026-04-05 13:53:09.735392-0500: NOTICE: accepted No_Media_Mode enter, Sun Apr  5 13:53:09 2026
2026-04-05 13:56:37.856010-0500: NOTICE: accepted No_Media_Mode exit, Sun Apr  5 13:56:37 2026
2026-04-05 13:56:37.866847-0500: NOTICE: doChange: addr 1.0 [7]
2026-04-05 13:56:37.866922-0500: NOTICE: doChange: addr 2.0 [7]
2026-04-05 13:56:37.869570-0500: NOTICE: doChange: addr 3.0 [7]
2026-04-05 13:56:53.678112-0500: NOTICE: accepted No_Media_Mode enter, Sun Apr  5 13:56:53 2026
2026-04-05 13:57:56.612823-0500: NOTICE: accepted No_Media_Mode exit, Sun Apr  5 13:57:56 2026
2026-04-05 13:57:56.657717-0500: NOTICE: doChange: addr 1.0 [7]
2026-04-05 13:57:56.657788-0500: NOTICE: doChange: addr 2.0 [7]
2026-04-05 13:57:56.660581-0500: NOTICE: doChange: addr 3.0 [7]
2026-04-05 13:58:12.463158-0500: NOTICE: accepted No_Media_Mode enter, Sun Apr  5 13:58:12 2026
2026-04-05 13:58:14.038945-0500: NOTICE: accepted No_Media_Mode exit, Sun Apr  5 13:58:14 2026
2026-04-05 13:58:14.243662-0500: NOTICE: doChange: addr 1.0 [7]
2026-04-05 13:58:14.243729-0500: NOTICE: doChange: addr 2.0 [7]
2026-04-05 13:58:14.246786-0500: NOTICE: doChange: addr 3.0 [7]
2026-04-05 13:58:34.022180-0500: NOTICE: accepted No_Media_Mode enter, Sun Apr  5 13:58:34 2026
2026-04-05 13:58:59.627483-0500: NOTICE: accepted No_Media_Mode exit, Sun Apr  5 13:58:59 2026
2026-04-05 13:58:59.639208-0500: NOTICE: doChange: addr 1.0 [7]
2026-04-05 13:58:59.639247-0500: NOTICE: doChange: addr 2.0 [7]
2026-04-05 13:58:59.641885-0500: NOTICE: doChange: addr 3.0 [7]
2026-04-05 13:59:15.487287-0500: NOTICE: accepted No_Media_Mode enter, Sun Apr  5 13:59:15 2026
2026-04-05 14:00:11.508597-0500: NOTICE: accepted No_Media_Mode exit, Sun Apr  5 14:00:11 2026
2026-04-05 14:00:11.520050-0500: NOTICE: doChange: addr 1.0 [7]
2026-04-05 14:00:11.520113-0500: NOTICE: doChange: addr 2.0 [7]
2026-04-05 14:00:11.523122-0500: NOTICE: doChange: addr 3.0 [7]
2026-04-05 14:00:27.372444-0500: NOTICE: accepted No_Media_Mode enter, Sun Apr  5 14:00:27 2026
2026-04-05 14:00:30.993975-0500: NOTICE: accepted No_Media_Mode exit, Sun Apr  5 14:00:31 2026
2026-04-05 14:00:31.170333-0500: NOTICE: doChange: addr 1.0 [7]
2026-04-05 14:00:31.170432-0500: NOTICE: doChange: addr 2.0 [7]
2026-04-05 14:00:31.173475-0500: NOTICE: doChange: addr 3.0 [7]
2026-04-05 14:00:50.871802-0500: NOTICE: accepted No_Media_Mode enter, Sun Apr  5 14:00:51 2026
2026-04-05 14:00:55.760982-0500: NOTICE: accepted No_Media_Mode exit, Sun Apr  5 14:00:56 2026
2026-04-05 14:00:55.928866-0500: NOTICE: doChange: addr 1.0 [7]
2026-04-05 14:00:55.928915-0500: NOTICE: doChange: addr 2.0 [7]
2026-04-05 14:00:55.932031-0500: NOTICE: doChange: addr 3.0 [7]
2026-04-05 14:01:15.737562-0500: NOTICE: accepted No_Media_Mode enter, Sun Apr  5 14:01:16 2026
2026-04-05 14:01:20.423995-0500: NOTICE: accepted No_Media_Mode exit, Sun Apr  5 14:01:20 2026
2026-04-05 14:01:20.597949-0500: NOTICE: doChange: addr 1.0 [7]
2026-04-05 14:01:20.598077-0500: NOTICE: doChange: addr 2.0 [7]
2026-04-05 14:01:20.601570-0500: NOTICE: doChange: addr 3.0 [7]
2026-04-05 14:01:40.306780-0500: NOTICE: accepted No_Media_Mode enter, Sun Apr  5 14:01:40 2026
2026-04-05 14:01:43.095989-0500: NOTICE: accepted No_Media_Mode exit, Sun Apr  5 14:01:43 2026
2026-04-05 14:01:43.346135-0500: NOTICE: doChange: addr 1.0 [7]
2026-04-05 14:01:43.346194-0500: NOTICE: doChange: addr 2.0 [7]
2026-04-05 14:01:43.349133-0500: NOTICE: doChange: addr 3.0 [7]
2026-04-05 14:02:03.035293-0500: NOTICE: accepted No_Media_Mode enter, Sun Apr  5 14:02:03 2026
2026-04-05 14:02:31.447157-0500: NOTICE: accepted No_Media_Mode exit, Sun Apr  5 14:02:31 2026
2026-04-05 14:02:31.466224-0500: NOTICE: doChange: addr 1.0 [7]
2026-04-05 14:02:31.466293-0500: NOTICE: doChange: addr 2.0 [7]
2026-04-05 14:02:31.469019-0500: NOTICE: doChange: addr 3.0 [7]
2026-04-05 14:02:47.322093-0500: NOTICE: accepted No_Media_Mode enter, Sun Apr  5 14:02:47 2026
2026-04-05 14:02:48.877005-0500: NOTICE: accepted No_Media_Mode exit, Sun Apr  5 14:02:49 2026
2026-04-05 14:02:49.048985-0500: NOTICE: doChange: addr 1.0 [7]
2026-04-05 14:02:49.049144-0500: NOTICE: doChange: addr 2.0 [7]
2026-04-05 14:02:49.057783-0500: NOTICE: doChange: addr 3.0 [7]
2026-04-05 14:03:08.848719-0500: NOTICE: accepted No_Media_Mode enter, Sun Apr  5 14:03:09 2026
2026-04-05 14:06:39.644704-0500: NOTICE: accepted No_Media_Mode exit, Sun Apr  5 14:06:39 2026
2026-04-05 14:06:39.694020-0500: NOTICE: doChange: addr 1.0 [7]
2026-04-05 14:06:39.694084-0500: NOTICE: doChange: addr 2.0 [7]
2026-04-05 14:06:39.697173-0500: NOTICE: doChange: addr 3.0 [7]
2026-04-05 14:06:55.505733-0500: NOTICE: accepted No_Media_Mode enter, Sun Apr  5 14:06:55 2026
2026-04-05 14:07:41.620082-0500: NOTICE: accepted No_Media_Mode exit, Sun Apr  5 14:07:41 2026
2026-04-05 14:07:41.650246-0500: NOTICE: doChange: addr 1.0 [7]
2026-04-05 14:07:41.650306-0500: NOTICE: doChange: addr 2.0 [7]
2026-04-05 14:07:41.653037-0500: NOTICE: doChange: addr 3.0 [7]
2026-04-05 14:07:57.735077-0500: NOTICE: accepted No_Media_Mode enter, Sun Apr  5 14:07:57 2026
2026-04-09 10:14:56.030401-0500: NOTICE: accepted No_Media_Mode exit, Thu Apr  9 10:14:56 2026
2026-04-09 10:14:56.064424-0500: NOTICE: doChange: addr 1.0 [7]
2026-04-09 10:14:56.064547-0500: NOTICE: doChange: addr 2.0 [7]
2026-04-09 10:14:56.109765-0500: NOTICE: doChange: addr 3.0 [7]
2026-04-10 13:48:59.506009-0500: PolicyEngine started: 7800020000000000, Time: Fri Apr 10 13:48:59 2026
2026-04-10 13:49:00.222775-0500: NOTICE: kAGDCCallbackCapability: 0x0 []
2026-04-10 13:49:00.966881-0500: NOTICE: Vendor portmap 0xe mst 0xc ddc 0xc aux 0xe
2026-04-10 13:49:00.967257-0500: NOTICE: Features policyd 0x20100000 kernel 0x0
2026-04-10 13:49:01.029556-0500: NOTICE: Populated addr 1.0 bad:f00d UUID 0 order 0:0 tx 2:2 dsp 1 WL 0 MS 0 edid 128 undef 0 DSC 0
2026-04-10 13:49:01.045848-0500: NOTICE: Populated addr 1.0 bad:f00d UUID 0 order 0:0 tx 2:2 dsp 1 WL 0 MS 0 edid 128 undef 0 DSC 0
2026-04-10 13:49:01.045910-0500: NOTICE: FB AGDC state FB[0] - ON
2026-04-10 13:49:01.053502-0500: NOTICE: accepted No_Media_Mode enter, Fri Apr 10 13:49:01 2026
2026-04-10 13:49:01.053910-0500: NOTICE: accepted No_Media_Mode exit, Fri Apr 10 13:49:01 2026
2026-04-10 13:49:01.055187-0500: NOTICE: doChange: addr 1.0 [7]
2026-04-10 13:49:01.055259-0500: NOTICE: doChange: addr 2.0 [7]
2026-04-10 13:49:01.058034-0500: NOTICE: doChange: addr 3.0 [7]
2026-04-10 13:49:01.063993-0500: NOTICE: doChange: addr 1.0 [7]
2026-04-10 13:49:01.064050-0500: NOTICE: doChange: addr 2.0 [7]
2026-04-10 13:49:01.067315-0500: NOTICE: doChange: addr 3.0 [7]
2026-04-10 14:13:38.360164-0500: NOTICE: accepted No_Media_Mode enter, Fri Apr 10 14:13:38 2026
2026-04-10 14:36:04.404173-0500: NOTICE: accepted No_Media_Mode exit, Fri Apr 10 14:36:04 2026
2026-04-10 14:36:04.933630-0500: NOTICE: doChange: addr 1.0 [7]
2026-04-10 14:36:04.933832-0500: NOTICE: doChange: addr 2.0 [7]
2026-04-10 14:36:04.937465-0500: NOTICE: doChange: addr 3.0 [7]
2026-04-10 15:03:13.047126-0500: NOTICE: accepted No_Media_Mode enter, Fri Apr 10 15:03:13 2026
2026-04-10 15:20:28.954445-0500: NOTICE: accepted No_Media_Mode exit, Fri Apr 10 15:20:28 2026
2026-04-10 15:20:29.558950-0500: NOTICE: doChange: addr 1.0 [7]
2026-04-10 15:20:29.560293-0500: NOTICE: doChange: addr 2.0 [7]
2026-04-10 15:20:29.563557-0500: NOTICE: doChange: addr 3.0 [7]
2026-04-10 15:42:14.357561-0500: NOTICE: accepted No_Media_Mode enter, Fri Apr 10 15:42:14 2026
2026-04-10 15:42:16.273796-0500: NOTICE: accepted No_Media_Mode exit, Fri Apr 10 15:42:16 2026
2026-04-10 15:42:16.735641-0500: NOTICE: doChange: addr 1.0 [7]
2026-04-10 15:42:16.735750-0500: NOTICE: doChange: addr 2.0 [7]
2026-04-10 15:42:16.739261-0500: NOTICE: doChange: addr 3.0 [7]
2026-04-10 15:42:47.905237-0500: NOTICE: accepted No_Media_Mode enter, Fri Apr 10 15:42:47 2026
2026-04-10 15:52:30.189875-0500: NOTICE: accepted No_Media_Mode exit, Fri Apr 10 15:52:30 2026
2026-04-10 15:52:30.461003-0500: NOTICE: doChange: addr 1.0 [7]
2026-04-10 15:52:30.461074-0500: NOTICE: doChange: addr 2.0 [7]
2026-04-10 15:52:30.463818-0500: NOTICE: doChange: addr 3.0 [7]
2026-04-10 15:53:16.991618-0500: NOTICE: accepted No_Media_Mode enter, Fri Apr 10 15:53:17 2026
2026-04-10 15:56:50.903747-0500: NOTICE: accepted No_Media_Mode exit, Fri Apr 10 15:56:50 2026
2026-04-10 15:56:51.317019-0500: NOTICE: doChange: addr 1.0 [7]
2026-04-10 15:56:51.317200-0500: NOTICE: doChange: addr 2.0 [7]
2026-04-10 15:56:51.320705-0500: NOTICE: doChange: addr 3.0 [7]
2026-04-10 15:57:22.420084-0500: NOTICE: accepted No_Media_Mode enter, Fri Apr 10 15:57:22 2026
2026-04-10 16:03:18.924145-0500: NOTICE: accepted No_Media_Mode exit, Fri Apr 10 16:03:18 2026
2026-04-10 16:03:19.195468-0500: NOTICE: doChange: addr 1.0 [7]
2026-04-10 16:03:19.195542-0500: NOTICE: doChange: addr 2.0 [7]
2026-04-10 16:03:19.198295-0500: NOTICE: doChange: addr 3.0 [7]
2026-04-10 16:03:49.824475-0500: NOTICE: accepted No_Media_Mode enter, Fri Apr 10 16:03:49 2026
2026-04-10 16:07:41.765306-0500: NOTICE: accepted No_Media_Mode exit, Fri Apr 10 16:07:41 2026
2026-04-10 16:07:42.021984-0500: NOTICE: doChange: addr 1.0 [7]
2026-04-10 16:07:42.022037-0500: NOTICE: doChange: addr 2.0 [7]
2026-04-10 16:07:42.024611-0500: NOTICE: doChange: addr 3.0 [7]
2026-04-10 16:08:12.683022-0500: NOTICE: accepted No_Media_Mode enter, Fri Apr 10 16:08:12 2026
2026-04-10 16:12:17.000989-0500: NOTICE: accepted No_Media_Mode exit, Fri Apr 10 16:12:17 2026
2026-04-10 16:12:17.266926-0500: NOTICE: doChange: addr 1.0 [7]
2026-04-10 16:12:17.266996-0500: NOTICE: doChange: addr 2.0 [7]
2026-04-10 16:12:17.270090-0500: NOTICE: doChange: addr 3.0 [7]
2026-04-10 16:12:47.914357-0500: NOTICE: accepted No_Media_Mode enter, Fri Apr 10 16:12:47 2026
2026-04-10 16:19:52.911902-0500: NOTICE: accepted No_Media_Mode exit, Fri Apr 10 16:19:52 2026
2026-04-10 16:19:53.182866-0500: NOTICE: doChange: addr 1.0 [7]
2026-04-10 16:19:53.183068-0500: NOTICE: doChange: addr 2.0 [7]
2026-04-10 16:19:53.186603-0500: NOTICE: doChange: addr 3.0 [7]
2026-04-11 14:09:13.203640-0500: PolicyEngine started: 7800020000000000, Time: Sat Apr 11 14:09:13 2026
2026-04-11 14:09:13.894030-0500: NOTICE: kAGDCCallbackCapability: 0x0 []
2026-04-11 14:09:14.624766-0500: NOTICE: Vendor portmap 0xe mst 0xc ddc 0xc aux 0xe
2026-04-11 14:09:14.627450-0500: NOTICE: Features policyd 0x20100000 kernel 0x0
2026-04-11 14:09:14.648885-0500: NOTICE: Populated addr 1.0 bad:f00d UUID 0 order 0:0 tx 2:2 dsp 1 WL 0 MS 0 edid 128 undef 0 DSC 0
2026-04-11 14:09:14.672179-0500: NOTICE: Populated addr 1.0 bad:f00d UUID 0 order 0:0 tx 2:2 dsp 1 WL 0 MS 0 edid 128 undef 0 DSC 0
2026-04-11 14:09:14.672306-0500: NOTICE: FB AGDC state FB[0] - ON
2026-04-11 14:09:14.677030-0500: NOTICE: accepted No_Media_Mode enter, Sat Apr 11 14:09:14 2026
2026-04-11 14:09:14.677822-0500: NOTICE: accepted No_Media_Mode exit, Sat Apr 11 14:09:14 2026
2026-04-11 14:09:14.678757-0500: NOTICE: doChange: addr 1.0 [7]
2026-04-11 14:09:14.678827-0500: NOTICE: doChange: addr 2.0 [7]
2026-04-11 14:09:14.682264-0500: NOTICE: doChange: addr 3.0 [7]
2026-04-11 14:09:14.688342-0500: NOTICE: doChange: addr 1.0 [7]
2026-04-11 14:09:14.688397-0500: NOTICE: doChange: addr 2.0 [7]
2026-04-11 14:09:14.691520-0500: NOTICE: doChange: addr 3.0 [7]
2026-04-11 14:14:26.466609-0500: NOTICE: accepted No_Media_Mode enter, Sat Apr 11 14:14:23 2026
2026-04-11 14:20:02.956384-0500: NOTICE: accepted No_Media_Mode exit, Sat Apr 11 14:20:00 2026
2026-04-11 14:20:03.316667-0500: NOTICE: doChange: addr 1.0 [7]
2026-04-11 14:20:03.316885-0500: NOTICE: doChange: addr 2.0 [7]
2026-04-11 14:20:03.320082-0500: NOTICE: doChange: addr 3.0 [7]
2026-04-11 14:20:36.683662-0500: NOTICE: accepted No_Media_Mode enter, Sat Apr 11 14:20:33 2026
2026-04-11 14:41:42.489853-0500: NOTICE: accepted No_Media_Mode exit, Sat Apr 11 14:41:42 2026
2026-04-11 14:41:42.756515-0500: NOTICE: doChange: addr 1.0 [7]
2026-04-11 14:41:42.756588-0500: NOTICE: doChange: addr 2.0 [7]
2026-04-11 14:41:42.759428-0500: NOTICE: doChange: addr 3.0 [7]
2026-04-11 14:42:13.387060-0500: NOTICE: accepted No_Media_Mode enter, Sat Apr 11 14:42:13 2026
2026-04-11 15:29:38.174571-0500: NOTICE: accepted No_Media_Mode exit, Sat Apr 11 15:29:38 2026
2026-04-11 15:29:38.445234-0500: NOTICE: doChange: addr 1.0 [7]
2026-04-11 15:29:38.445723-0500: NOTICE: doChange: addr 2.0 [7]
2026-04-11 15:29:38.448946-0500: NOTICE: doChange: addr 3.0 [7]
2026-04-11 15:30:11.192847-0500: NOTICE: accepted No_Media_Mode enter, Sat Apr 11 15:30:11 2026
2026-04-11 15:37:38.148959-0500: NOTICE: accepted No_Media_Mode exit, Sat Apr 11 15:37:38 2026
2026-04-11 15:37:38.416636-0500: NOTICE: doChange: addr 1.0 [7]
2026-04-11 15:37:38.416693-0500: NOTICE: doChange: addr 2.0 [7]
2026-04-11 15:37:38.419856-0500: NOTICE: doChange: addr 3.0 [7]
2026-04-11 15:38:08.967147-0500: NOTICE: accepted No_Media_Mode enter, Sat Apr 11 15:38:08 2026
2026-04-11 15:55:05.577338-0500: NOTICE: accepted No_Media_Mode exit, Sat Apr 11 15:55:05 2026
2026-04-11 15:55:05.953413-0500: NOTICE: doChange: addr 1.0 [7]
2026-04-11 15:55:05.953517-0500: NOTICE: doChange: addr 2.0 [7]
2026-04-11 15:55:05.957026-0500: NOTICE: doChange: addr 3.0 [7]
2026-04-11 15:55:36.384615-0500: NOTICE: accepted No_Media_Mode enter, Sat Apr 11 15:55:36 2026
2026-04-11 16:15:17.939888-0500: NOTICE: accepted No_Media_Mode exit, Sat Apr 11 16:15:17 2026
2026-04-11 16:15:18.208770-0500: NOTICE: doChange: addr 1.0 [7]
2026-04-11 16:15:18.208843-0500: NOTICE: doChange: addr 2.0 [7]
2026-04-11 16:15:18.211840-0500: NOTICE: doChange: addr 3.0 [7]
2026-04-11 16:15:48.806327-0500: NOTICE: accepted No_Media_Mode enter, Sat Apr 11 16:15:48 2026
2026-04-11 16:20:35.855649-0500: NOTICE: accepted No_Media_Mode exit, Sat Apr 11 16:20:35 2026
2026-04-11 16:20:36.117737-0500: NOTICE: doChange: addr 1.0 [7]
2026-04-11 16:20:36.117791-0500: NOTICE: doChange: addr 2.0 [7]
2026-04-11 16:20:36.120428-0500: NOTICE: doChange: addr 3.0 [7]
2026-04-11 16:21:11.033348-0500: NOTICE: accepted No_Media_Mode enter, Sat Apr 11 16:21:11 2026
2026-04-11 16:24:38.300334-0500: NOTICE: accepted No_Media_Mode exit, Sat Apr 11 16:24:38 2026
2026-04-11 16:24:38.673432-0500: NOTICE: doChange: addr 1.0 [7]
2026-04-11 16:24:38.673492-0500: NOTICE: doChange: addr 2.0 [7]
2026-04-11 16:24:38.676326-0500: NOTICE: doChange: addr 3.0 [7]
2026-04-13 13:29:08.283288-0500: PolicyEngine started: 7800020000000000, Time: Mon Apr 13 13:29:08 2026
2026-04-13 13:29:08.898202-0500: NOTICE: kAGDCCallbackCapability: 0x0 []
2026-04-13 13:29:09.705123-0500: NOTICE: Vendor portmap 0xe mst 0xc ddc 0xc aux 0xe
2026-04-13 13:29:09.705442-0500: NOTICE: Features policyd 0x20100000 kernel 0x0
2026-04-13 13:29:09.733619-0500: NOTICE: Populated addr 1.0 bad:f00d UUID 0 order 0:0 tx 2:2 dsp 1 WL 0 MS 0 edid 128 undef 0 DSC 0
2026-04-13 13:29:09.746793-0500: NOTICE: Populated addr 1.0 bad:f00d UUID 0 order 0:0 tx 2:2 dsp 1 WL 0 MS 0 edid 128 undef 0 DSC 0
2026-04-13 13:29:09.746848-0500: NOTICE: FB AGDC state FB[0] - ON
2026-04-13 13:29:09.757445-0500: NOTICE: accepted No_Media_Mode enter, Mon Apr 13 13:29:09 2026
2026-04-13 13:29:09.758017-0500: NOTICE: accepted No_Media_Mode exit, Mon Apr 13 13:29:09 2026
2026-04-13 13:29:09.758169-0500: NOTICE: doChange: addr 1.0 [7]
2026-04-13 13:29:09.758217-0500: NOTICE: doChange: addr 2.0 [7]
2026-04-13 13:29:09.762671-0500: NOTICE: doChange: addr 3.0 [7]
2026-04-13 13:29:09.770041-0500: NOTICE: doChange: addr 1.0 [7]
2026-04-13 13:29:09.770084-0500: NOTICE: doChange: addr 2.0 [7]
2026-04-13 13:29:09.773856-0500: NOTICE: doChange: addr 3.0 [7]
2026-04-13 13:33:11.082395-0500: NOTICE: accepted No_Media_Mode enter, Mon Apr 13 13:33:04 2026
2026-04-13 13:46:02.978099-0500: NOTICE: accepted No_Media_Mode exit, Mon Apr 13 13:46:02 2026
2026-04-13 13:46:02.994608-0500: NOTICE: doChange: addr 1.0 [7]
2026-04-13 13:46:02.994654-0500: NOTICE: doChange: addr 2.0 [7]
2026-04-13 13:46:02.997514-0500: NOTICE: doChange: addr 3.0 [7]
2026-04-13 13:46:33.224919-0500: NOTICE: accepted No_Media_Mode enter, Mon Apr 13 13:46:33 2026
2026-04-13 13:52:47.295772-0500: NOTICE: accepted No_Media_Mode exit, Mon Apr 13 13:52:47 2026
2026-04-13 13:52:47.306099-0500: NOTICE: doChange: addr 1.0 [7]
2026-04-13 13:52:47.306160-0500: NOTICE: doChange: addr 2.0 [7]
2026-04-13 13:52:47.309145-0500: NOTICE: doChange: addr 3.0 [7]
2026-04-13 14:29:49.032804-0500: NOTICE: accepted No_Media_Mode enter, Mon Apr 13 14:29:49 2026
2026-04-13 14:56:52.888656-0500: NOTICE: accepted No_Media_Mode exit, Mon Apr 13 14:56:52 2026
2026-04-13 14:56:52.940107-0500: NOTICE: doChange: addr 1.0 [7]
2026-04-13 14:56:52.940156-0500: NOTICE: doChange: addr 2.0 [7]
2026-04-13 14:56:52.942931-0500: NOTICE: doChange: addr 3.0 [7]
2026-04-13 15:09:46.049349-0500: NOTICE: accepted No_Media_Mode enter, Mon Apr 13 15:09:47 2026
2026-04-13 15:26:04.892566-0500: NOTICE: accepted No_Media_Mode exit, Mon Apr 13 15:26:04 2026
2026-04-13 15:26:04.944810-0500: NOTICE: doChange: addr 1.0 [7]
2026-04-13 15:26:04.944985-0500: NOTICE: doChange: addr 2.0 [7]
2026-04-13 15:26:04.952767-0500: NOTICE: doChange: addr 3.0 [7]
2026-04-13 15:56:52.018017-0500: NOTICE: accepted No_Media_Mode enter, Mon Apr 13 15:56:52 2026
2026-04-13 15:57:48.744033-0500: NOTICE: accepted No_Media_Mode exit, Mon Apr 13 15:57:48 2026
2026-04-13 15:57:49.090892-0500: NOTICE: doChange: addr 1.0 [7]
2026-04-13 15:57:49.090958-0500: NOTICE: doChange: addr 2.0 [7]
2026-04-13 15:57:49.093974-0500: NOTICE: doChange: addr 3.0 [7]
2026-04-13 15:59:21.341260-0500: NOTICE: accepted No_Media_Mode enter, Mon Apr 13 15:59:21 2026
2026-04-13 16:19:14.628213-0500: NOTICE: accepted No_Media_Mode exit, Mon Apr 13 16:19:14 2026
2026-04-13 16:19:15.016890-0500: NOTICE: doChange: addr 1.0 [7]
2026-04-13 16:19:15.016960-0500: NOTICE: doChange: addr 2.0 [7]
2026-04-13 16:19:15.019579-0500: NOTICE: doChange: addr 3.0 [7]
2026-04-13 16:22:11.805718-0500: NOTICE: accepted No_Media_Mode enter, Mon Apr 13 16:22:11 2026
2026-04-13 16:26:18.179401-0500: NOTICE: accepted No_Media_Mode exit, Mon Apr 13 16:26:18 2026
2026-04-13 16:26:18.528066-0500: NOTICE: doChange: addr 1.0 [7]
2026-04-13 16:26:18.531647-0500: NOTICE: doChange: addr 2.0 [7]
2026-04-13 16:26:18.535200-0500: NOTICE: doChange: addr 3.0 [7]
2026-04-13 16:36:22.159925-0500: NOTICE: accepted No_Media_Mode enter, Mon Apr 13 16:36:22 2026
2026-04-13 16:54:23.514927-0500: NOTICE: accepted No_Media_Mode exit, Mon Apr 13 16:54:23 2026
2026-04-13 16:54:23.914630-0500: NOTICE: doChange: addr 1.0 [7]
2026-04-13 16:54:23.914757-0500: NOTICE: doChange: addr 2.0 [7]
2026-04-13 16:54:23.917925-0500: NOTICE: doChange: addr 3.0 [7]
2026-04-14 14:56:51.418732-0500: PolicyEngine started: 7800020000000000, Time: Tue Apr 14 14:56:51 2026
2026-04-14 14:56:52.303429-0500: NOTICE: kAGDCCallbackCapability: 0x0 []
2026-04-14 14:56:52.932162-0500: NOTICE: Vendor portmap 0xe mst 0xc ddc 0xc aux 0xe
2026-04-14 14:56:52.942458-0500: NOTICE: Features policyd 0x20100000 kernel 0x0
2026-04-14 14:56:53.012719-0500: NOTICE: Populated addr 1.0 bad:f00d UUID 0 order 0:0 tx 2:2 dsp 1 WL 0 MS 0 edid 128 undef 0 DSC 0
2026-04-14 14:56:53.017083-0500: NOTICE: Populated addr 1.0 bad:f00d UUID 0 order 0:0 tx 2:2 dsp 1 WL 0 MS 0 edid 128 undef 0 DSC 0
2026-04-14 14:56:53.017134-0500: NOTICE: FB AGDC state FB[0] - ON
2026-04-14 14:56:53.019233-0500: NOTICE: accepted No_Media_Mode enter, Tue Apr 14 14:56:53 2026
2026-04-14 14:56:53.019326-0500: NOTICE: accepted No_Media_Mode exit, Tue Apr 14 14:56:53 2026
2026-04-14 14:56:53.019420-0500: NOTICE: doChange: addr 1.0 [7]
2026-04-14 14:56:53.019464-0500: NOTICE: doChange: addr 2.0 [7]
2026-04-14 14:56:53.023020-0500: NOTICE: doChange: addr 3.0 [7]
2026-04-14 14:56:53.028669-0500: NOTICE: doChange: addr 1.0 [7]
2026-04-14 14:56:53.028725-0500: NOTICE: doChange: addr 2.0 [7]
2026-04-14 14:56:53.031453-0500: NOTICE: doChange: addr 3.0 [7]
2026-04-14 15:11:00.844989-0500: NOTICE: accepted No_Media_Mode enter, Tue Apr 14 15:10:56 2026
2026-04-14 15:20:21.924286-0500: NOTICE: accepted No_Media_Mode exit, Tue Apr 14 15:20:21 2026
2026-04-14 15:20:21.964196-0500: NOTICE: doChange: addr 1.0 [7]
2026-04-14 15:20:21.964253-0500: NOTICE: doChange: addr 2.0 [7]
2026-04-14 15:20:21.967188-0500: NOTICE: doChange: addr 3.0 [7]
2026-04-14 15:55:54.245938-0500: NOTICE: accepted No_Media_Mode enter, Tue Apr 14 15:55:54 2026
2026-04-14 16:14:02.912770-0500: NOTICE: accepted No_Media_Mode exit, Tue Apr 14 16:14:02 2026
2026-04-14 16:14:03.019141-0500: NOTICE: doChange: addr 1.0 [7]
2026-04-14 16:14:03.019195-0500: NOTICE: doChange: addr 2.0 [7]
2026-04-14 16:14:03.021823-0500: NOTICE: doChange: addr 3.0 [7]
2026-04-15 09:57:25.268584-0500: PolicyEngine started: 7800020000000000, Time: Wed Apr 15 09:57:25 2026
2026-04-15 09:57:25.951084-0500: NOTICE: kAGDCCallbackCapability: 0x0 []
2026-04-15 09:57:26.647731-0500: NOTICE: Vendor portmap 0xe mst 0xc ddc 0xc aux 0xe
2026-04-15 09:57:26.648435-0500: NOTICE: Features policyd 0x20100000 kernel 0x0
2026-04-15 09:57:26.680007-0500: NOTICE: Populated addr 1.0 bad:f00d UUID 0 order 0:0 tx 2:2 dsp 1 WL 0 MS 0 edid 128 undef 0 DSC 0
2026-04-15 09:57:26.690205-0500: NOTICE: Populated addr 1.0 bad:f00d UUID 0 order 0:0 tx 2:2 dsp 1 WL 0 MS 0 edid 128 undef 0 DSC 0
2026-04-15 09:57:26.690262-0500: NOTICE: FB AGDC state FB[0] - ON
2026-04-15 09:57:26.696121-0500: NOTICE: accepted No_Media_Mode enter, Wed Apr 15 09:57:26 2026
2026-04-15 09:57:26.696758-0500: NOTICE: accepted No_Media_Mode exit, Wed Apr 15 09:57:26 2026
2026-04-15 09:57:26.696919-0500: NOTICE: doChange: addr 1.0 [7]
2026-04-15 09:57:26.697054-0500: NOTICE: doChange: addr 2.0 [7]
2026-04-15 09:57:26.699880-0500: NOTICE: doChange: addr 3.0 [7]
2026-04-15 09:57:26.707356-0500: NOTICE: doChange: addr 1.0 [7]
2026-04-15 09:57:26.707408-0500: NOTICE: doChange: addr 2.0 [7]
2026-04-15 09:57:26.712270-0500: NOTICE: doChange: addr 3.0 [7]
2026-04-16 15:07:52.743691-0500: PolicyEngine started: 7800020000000000, Time: Thu Apr 16 15:07:52 2026
2026-04-16 15:07:53.371982-0500: NOTICE: kAGDCCallbackCapability: 0x0 []
2026-04-16 15:07:54.141177-0500: NOTICE: Vendor portmap 0xe mst 0xc ddc 0xc aux 0xe
2026-04-16 15:07:54.143456-0500: NOTICE: Features policyd 0x20100000 kernel 0x0
2026-04-16 15:07:54.176313-0500: NOTICE: Populated addr 1.0 bad:f00d UUID 0 order 0:0 tx 2:2 dsp 1 WL 0 MS 0 edid 128 undef 0 DSC 0
2026-04-16 15:07:54.185067-0500: NOTICE: Populated addr 1.0 bad:f00d UUID 0 order 0:0 tx 2:2 dsp 1 WL 0 MS 0 edid 128 undef 0 DSC 0
2026-04-16 15:07:54.185133-0500: NOTICE: FB AGDC state FB[0] - ON
2026-04-16 15:07:54.191565-0500: NOTICE: accepted No_Media_Mode enter, Thu Apr 16 15:07:54 2026
2026-04-16 15:07:54.191645-0500: NOTICE: accepted No_Media_Mode exit, Thu Apr 16 15:07:54 2026
2026-04-16 15:07:54.192222-0500: NOTICE: doChange: addr 1.0 [7]
2026-04-16 15:07:54.192255-0500: NOTICE: doChange: addr 2.0 [7]
2026-04-16 15:07:54.194995-0500: NOTICE: doChange: addr 3.0 [7]
2026-04-16 15:07:54.201982-0500: NOTICE: doChange: addr 1.0 [7]
2026-04-16 15:07:54.202227-0500: NOTICE: doChange: addr 2.0 [7]
2026-04-16 15:07:54.205105-0500: NOTICE: doChange: addr 3.0 [7]
2026-04-16 15:07:54.635135-0500: PolicyEngine started: 7800020000000000, Time: Thu Apr 16 15:07:54 2026
2026-04-16 15:07:54.635365-0500: NOTICE: kAGDCCallbackCapability: 0x0 []
2026-04-16 15:07:54.635883-0500: NOTICE: Vendor portmap 0xe mst 0xc ddc 0xc aux 0xe
2026-04-16 15:07:54.635922-0500: NOTICE: Features policyd 0x20100000 kernel 0x0
2026-04-16 15:07:54.636087-0500: NOTICE: doing display state recovery
2026-04-16 15:07:54.636557-0500: NOTICE: FB AGDC state FB[0] - ON
2026-04-16 15:07:54.638634-0500: NOTICE: doChange: addr 1.0 [7]
2026-04-16 15:07:54.638709-0500: NOTICE: doChange: addr 2.0 [7]
2026-04-16 15:07:54.641302-0500: NOTICE: doChange: addr 3.0 [7]
2026-04-16 15:17:04.536208-0500: NOTICE: accepted No_Media_Mode enter, Thu Apr 16 15:17:02 2026
2026-04-16 16:24:02.877169-0500: NOTICE: accepted No_Media_Mode exit, Thu Apr 16 16:24:02 2026
2026-04-16 16:24:03.019598-0500: NOTICE: doChange: addr 1.0 [7]
2026-04-16 16:24:03.019655-0500: NOTICE: doChange: addr 2.0 [7]
2026-04-16 16:24:03.022125-0500: NOTICE: doChange: addr 3.0 [7]
2026-04-16 17:02:58.828265-0500: NOTICE: accepted No_Media_Mode enter, Thu Apr 16 17:02:58 2026
2026-04-16 17:15:59.893918-0500: NOTICE: accepted No_Media_Mode exit, Thu Apr 16 17:15:59 2026
2026-04-16 17:15:59.940188-0500: NOTICE: doChange: addr 1.0 [7]
2026-04-16 17:15:59.940228-0500: NOTICE: doChange: addr 2.0 [7]
2026-04-16 17:15:59.942997-0500: NOTICE: doChange: addr 3.0 [7]
2026-04-17 11:44:35.359369-0500: PolicyEngine started: 7800020000000000, Time: Fri Apr 17 11:44:35 2026
2026-04-17 11:44:35.994621-0500: NOTICE: kAGDCCallbackCapability: 0x0 []
2026-04-17 11:44:36.685771-0500: NOTICE: Vendor portmap 0xe mst 0xc ddc 0xc aux 0xe
2026-04-17 11:44:36.686079-0500: NOTICE: Features policyd 0x20100000 kernel 0x0
2026-04-17 11:44:36.693491-0500: NOTICE: Populated addr 1.0 bad:f00d UUID 0 order 0:0 tx 2:2 dsp 1 WL 0 MS 0 edid 128 undef 0 DSC 0
2026-04-17 11:44:36.697694-0500: NOTICE: Populated addr 1.0 bad:f00d UUID 0 order 0:0 tx 2:2 dsp 1 WL 0 MS 0 edid 128 undef 0 DSC 0
2026-04-17 11:44:36.697751-0500: NOTICE: FB AGDC state FB[0] - ON
2026-04-17 11:44:36.704630-0500: NOTICE: accepted No_Media_Mode enter, Fri Apr 17 11:44:36 2026
2026-04-17 11:44:36.705388-0500: NOTICE: accepted No_Media_Mode exit, Fri Apr 17 11:44:36 2026
2026-04-17 11:44:36.706962-0500: NOTICE: doChange: addr 1.0 [7]
2026-04-17 11:44:36.707217-0500: NOTICE: doChange: addr 2.0 [7]
2026-04-17 11:44:36.709929-0500: NOTICE: doChange: addr 3.0 [7]
2026-04-17 11:44:36.716421-0500: NOTICE: doChange: addr 1.0 [7]
2026-04-17 11:44:36.716631-0500: NOTICE: doChange: addr 2.0 [7]
2026-04-17 11:44:36.720174-0500: NOTICE: doChange: addr 3.0 [7]
2026-04-17 11:55:19.099587-0500: NOTICE: accepted No_Media_Mode enter, Fri Apr 17 11:55:19 2026
2026-04-17 11:56:27.712694-0500: NOTICE: accepted No_Media_Mode exit, Fri Apr 17 11:56:27 2026
2026-04-17 11:56:27.849573-0500: NOTICE: doChange: addr 1.0 [7]
2026-04-17 11:56:27.851024-0500: NOTICE: doChange: addr 2.0 [7]
2026-04-17 11:56:27.853907-0500: NOTICE: doChange: addr 3.0 [7]
2026-04-17 12:39:48.523768-0500: NOTICE: accepted No_Media_Mode enter, Fri Apr 17 12:39:48 2026
2026-04-17 12:49:44.845871-0500: NOTICE: accepted No_Media_Mode exit, Fri Apr 17 12:49:44 2026
2026-04-17 12:49:44.880111-0500: NOTICE: doChange: addr 1.0 [7]
2026-04-17 12:49:44.880575-0500: NOTICE: doChange: addr 2.0 [7]
2026-04-17 12:49:44.901790-0500: NOTICE: doChange: addr 3.0 [7]
2026-04-17 14:02:12.177856-0500: NOTICE: accepted No_Media_Mode enter, Fri Apr 17 14:02:12 2026
2026-04-17 14:12:58.840964-0500: NOTICE: accepted No_Media_Mode exit, Fri Apr 17 14:12:58 2026
2026-04-17 14:12:58.903730-0500: NOTICE: doChange: addr 1.0 [7]
2026-04-17 14:12:58.903794-0500: NOTICE: doChange: addr 2.0 [7]
2026-04-17 14:12:58.906452-0500: NOTICE: doChange: addr 3.0 [7]
2026-04-19 12:00:54.327690-0500: PolicyEngine started: 7800020000000000, Time: Sun Apr 19 12:00:54 2026
2026-04-19 12:00:55.034182-0500: NOTICE: kAGDCCallbackCapability: 0x0 []
2026-04-19 12:00:55.711670-0500: NOTICE: Vendor portmap 0xe mst 0xc ddc 0xc aux 0xe
2026-04-19 12:00:55.711993-0500: NOTICE: Features policyd 0x20100000 kernel 0x0
2026-04-19 12:00:55.728369-0500: NOTICE: Populated addr 1.0 bad:f00d UUID 0 order 0:0 tx 2:2 dsp 1 WL 0 MS 0 edid 128 undef 0 DSC 0
2026-04-19 12:00:55.733016-0500: NOTICE: Populated addr 1.0 bad:f00d UUID 0 order 0:0 tx 2:2 dsp 1 WL 0 MS 0 edid 128 undef 0 DSC 0
2026-04-19 12:00:55.733072-0500: NOTICE: FB AGDC state FB[0] - ON
2026-04-19 12:00:55.735527-0500: NOTICE: accepted No_Media_Mode enter, Sun Apr 19 12:00:55 2026
2026-04-19 12:00:55.735586-0500: NOTICE: accepted No_Media_Mode exit, Sun Apr 19 12:00:55 2026
2026-04-19 12:00:55.735660-0500: NOTICE: doChange: addr 1.0 [7]
2026-04-19 12:00:55.735878-0500: NOTICE: doChange: addr 2.0 [7]
2026-04-19 12:00:55.740368-0500: NOTICE: doChange: addr 3.0 [7]
2026-04-19 12:00:55.746951-0500: NOTICE: doChange: addr 1.0 [7]
2026-04-19 12:00:55.746996-0500: NOTICE: doChange: addr 2.0 [7]
2026-04-19 12:00:55.750031-0500: NOTICE: doChange: addr 3.0 [7]
2026-04-19 12:00:56.132309-0500: PolicyEngine started: 7800020000000000, Time: Sun Apr 19 12:00:56 2026
2026-04-19 12:00:56.132546-0500: NOTICE: kAGDCCallbackCapability: 0x0 []
2026-04-19 12:00:56.133601-0500: NOTICE: Vendor portmap 0xe mst 0xc ddc 0xc aux 0xe
2026-04-19 12:00:56.133675-0500: NOTICE: Features policyd 0x20100000 kernel 0x0
2026-04-19 12:00:56.135717-0500: NOTICE: doing display state recovery
2026-04-19 12:00:56.136439-0500: NOTICE: FB AGDC state FB[0] - ON
2026-04-19 12:00:56.140047-0500: NOTICE: doChange: addr 1.0 [7]
2026-04-19 12:00:56.140106-0500: NOTICE: doChange: addr 2.0 [7]
2026-04-19 12:00:56.143012-0500: NOTICE: doChange: addr 3.0 [7]
2026-04-19 15:18:33.828090-0500: PolicyEngine started: 7800020000000000, Time: Sun Apr 19 15:18:33 2026
2026-04-19 15:18:34.448063-0500: NOTICE: kAGDCCallbackCapability: 0x0 []
2026-04-19 15:18:35.297877-0500: NOTICE: Vendor portmap 0xe mst 0xc ddc 0xc aux 0xe
2026-04-19 15:18:35.298382-0500: NOTICE: Features policyd 0x20100000 kernel 0x0
2026-04-19 15:18:35.302790-0500: NOTICE: Populated addr 1.0 bad:f00d UUID 0 order 0:0 tx 2:2 dsp 1 WL 0 MS 0 edid 128 undef 0 DSC 0
2026-04-19 15:18:35.305883-0500: NOTICE: Populated addr 1.0 bad:f00d UUID 0 order 0:0 tx 2:2 dsp 1 WL 0 MS 0 edid 128 undef 0 DSC 0
2026-04-19 15:18:35.305934-0500: NOTICE: FB AGDC state FB[0] - ON
2026-04-19 15:18:35.307741-0500: NOTICE: accepted No_Media_Mode enter, Sun Apr 19 15:18:35 2026
2026-04-19 15:18:35.307800-0500: NOTICE: accepted No_Media_Mode exit, Sun Apr 19 15:18:35 2026
2026-04-19 15:18:35.307873-0500: NOTICE: doChange: addr 1.0 [7]
2026-04-19 15:18:35.307898-0500: NOTICE: doChange: addr 2.0 [7]
2026-04-19 15:18:35.314062-0500: NOTICE: doChange: addr 3.0 [7]
2026-04-19 15:18:35.320109-0500: NOTICE: doChange: addr 1.0 [7]
2026-04-19 15:18:35.320211-0500: NOTICE: doChange: addr 2.0 [7]
2026-04-19 15:18:35.323092-0500: NOTICE: doChange: addr 3.0 [7]
2026-04-23 11:07:36.441195-0500: PolicyEngine started: 7800020000000000, Time: Thu Apr 23 11:07:36 2026
2026-04-23 11:07:37.085850-0500: NOTICE: kAGDCCallbackCapability: 0x0 []
2026-04-23 11:07:37.915772-0500: NOTICE: Vendor portmap 0xe mst 0xc ddc 0xc aux 0xe
2026-04-23 11:07:37.916335-0500: NOTICE: Features policyd 0x20100000 kernel 0x0
2026-04-23 11:07:37.955358-0500: NOTICE: Populated addr 1.0 bad:f00d UUID 0 order 0:0 tx 2:2 dsp 1 WL 0 MS 0 edid 128 undef 0 DSC 0
2026-04-23 11:07:37.962330-0500: NOTICE: Populated addr 1.0 bad:f00d UUID 0 order 0:0 tx 2:2 dsp 1 WL 0 MS 0 edid 128 undef 0 DSC 0
2026-04-23 11:07:37.962385-0500: NOTICE: FB AGDC state FB[0] - ON
2026-04-23 11:07:37.964324-0500: NOTICE: accepted No_Media_Mode enter, Thu Apr 23 11:07:37 2026
2026-04-23 11:07:37.964385-0500: NOTICE: accepted No_Media_Mode exit, Thu Apr 23 11:07:37 2026
2026-04-23 11:07:37.964459-0500: NOTICE: doChange: addr 1.0 [7]
2026-04-23 11:07:37.964483-0500: NOTICE: doChange: addr 2.0 [7]
2026-04-23 11:07:37.967230-0500: NOTICE: doChange: addr 3.0 [7]
2026-04-23 11:07:37.974732-0500: NOTICE: doChange: addr 1.0 [7]
2026-04-23 11:07:37.974788-0500: NOTICE: doChange: addr 2.0 [7]
2026-04-23 11:07:37.977734-0500: NOTICE: doChange: addr 3.0 [7]
2026-04-23 11:07:38.353649-0500: PolicyEngine started: 7800020000000000, Time: Thu Apr 23 11:07:38 2026
2026-04-23 11:07:38.353905-0500: NOTICE: kAGDCCallbackCapability: 0x0 []
2026-04-23 11:07:38.354476-0500: NOTICE: Vendor portmap 0xe mst 0xc ddc 0xc aux 0xe
2026-04-23 11:07:38.354557-0500: NOTICE: Features policyd 0x20100000 kernel 0x0
2026-04-23 11:07:38.354720-0500: NOTICE: doing display state recovery
2026-04-23 11:07:38.355103-0500: NOTICE: FB AGDC state FB[0] - ON
2026-04-23 11:07:38.356989-0500: NOTICE: doChange: addr 1.0 [7]
2026-04-23 11:07:38.357043-0500: NOTICE: doChange: addr 2.0 [7]
2026-04-23 11:07:38.359612-0500: NOTICE: doChange: addr 3.0 [7]
2026-04-23 11:16:09.710633-0500: NOTICE: accepted No_Media_Mode enter, Thu Apr 23 11:16:02 2026
2026-04-23 11:17:37.147353-0500: NOTICE: accepted No_Media_Mode exit, Thu Apr 23 11:17:29 2026
2026-04-23 11:17:37.173485-0500: NOTICE: doChange: addr 1.0 [7]
2026-04-23 11:17:37.173589-0500: NOTICE: doChange: addr 2.0 [7]
2026-04-23 11:17:37.176291-0500: NOTICE: doChange: addr 3.0 [7]
2026-04-23 11:18:10.792681-0500: NOTICE: accepted No_Media_Mode enter, Thu Apr 23 11:18:03 2026
2026-04-23 11:39:45.878406-0500: NOTICE: accepted No_Media_Mode exit, Thu Apr 23 11:39:45 2026
2026-04-23 11:39:45.939569-0500: NOTICE: doChange: addr 1.0 [7]
2026-04-23 11:39:45.939623-0500: NOTICE: doChange: addr 2.0 [7]
2026-04-23 11:39:45.942311-0500: NOTICE: doChange: addr 3.0 [7]
2026-04-24 07:45:45.552253-0500: PolicyEngine started: 7800020000000000, Time: Fri Apr 24 07:45:45 2026
2026-04-24 07:45:46.463818-0500: NOTICE: kAGDCCallbackCapability: 0x0 []
2026-04-24 07:45:46.969804-0500: NOTICE: Vendor portmap 0xe mst 0xc ddc 0xc aux 0xe
2026-04-24 07:45:46.972266-0500: NOTICE: Features policyd 0x20100000 kernel 0x0
2026-04-24 07:45:46.998347-0500: NOTICE: Populated addr 1.0 bad:f00d UUID 0 order 0:0 tx 2:2 dsp 1 WL 0 MS 0 edid 128 undef 0 DSC 0
2026-04-24 07:45:47.007887-0500: NOTICE: Populated addr 1.0 bad:f00d UUID 0 order 0:0 tx 2:2 dsp 1 WL 0 MS 0 edid 128 undef 0 DSC 0
2026-04-24 07:45:47.007942-0500: NOTICE: FB AGDC state FB[0] - ON
2026-04-24 07:45:47.015928-0500: NOTICE: accepted No_Media_Mode enter, Fri Apr 24 07:45:47 2026
2026-04-24 07:45:47.016397-0500: NOTICE: accepted No_Media_Mode exit, Fri Apr 24 07:45:47 2026
2026-04-24 07:45:47.016978-0500: NOTICE: doChange: addr 1.0 [7]
2026-04-24 07:45:47.017037-0500: NOTICE: doChange: addr 2.0 [7]
2026-04-24 07:45:47.021377-0500: NOTICE: doChange: addr 3.0 [7]
2026-04-24 07:45:47.027233-0500: NOTICE: doChange: addr 1.0 [7]
2026-04-24 07:45:47.027291-0500: NOTICE: doChange: addr 2.0 [7]
2026-04-24 07:45:47.030587-0500: NOTICE: doChange: addr 3.0 [7]
2026-04-24 07:45:47.431745-0500: PolicyEngine started: 7800020000000000, Time: Fri Apr 24 07:45:47 2026
2026-04-24 07:45:47.431957-0500: NOTICE: kAGDCCallbackCapability: 0x0 []
2026-04-24 07:45:47.432439-0500: NOTICE: Vendor portmap 0xe mst 0xc ddc 0xc aux 0xe
2026-04-24 07:45:47.432480-0500: NOTICE: Features policyd 0x20100000 kernel 0x0
2026-04-24 07:45:47.432645-0500: NOTICE: doing display state recovery
2026-04-24 07:45:47.433039-0500: NOTICE: FB AGDC state FB[0] - ON
2026-04-24 07:45:47.434787-0500: NOTICE: doChange: addr 1.0 [7]
2026-04-24 07:45:47.434844-0500: NOTICE: doChange: addr 2.0 [7]
2026-04-24 07:45:47.437459-0500: NOTICE: doChange: addr 3.0 [7]
2026-04-24 12:56:50.927455-0500: PolicyEngine started: 7800020000000000, Time: Fri Apr 24 12:56:50 2026
2026-04-24 12:56:51.630049-0500: NOTICE: kAGDCCallbackCapability: 0x0 []
2026-04-24 12:56:52.414927-0500: NOTICE: Vendor portmap 0xe mst 0xc ddc 0xc aux 0xe
2026-04-24 12:56:52.415208-0500: NOTICE: Features policyd 0x20100000 kernel 0x0
2026-04-24 12:56:52.425633-0500: NOTICE: Populated addr 1.0 bad:f00d UUID 0 order 0:0 tx 2:2 dsp 1 WL 0 MS 0 edid 128 undef 0 DSC 0
2026-04-24 12:56:52.431836-0500: NOTICE: Populated addr 1.0 bad:f00d UUID 0 order 0:0 tx 2:2 dsp 1 WL 0 MS 0 edid 128 undef 0 DSC 0
2026-04-24 12:56:52.433496-0500: NOTICE: FB AGDC state FB[0] - ON
2026-04-24 12:56:52.440175-0500: NOTICE: accepted No_Media_Mode enter, Fri Apr 24 12:56:52 2026
2026-04-24 12:56:52.440236-0500: NOTICE: accepted No_Media_Mode exit, Fri Apr 24 12:56:52 2026
2026-04-24 12:56:52.440340-0500: NOTICE: doChange: addr 1.0 [7]
2026-04-24 12:56:52.440378-0500: NOTICE: doChange: addr 2.0 [7]
2026-04-24 12:56:52.443150-0500: NOTICE: doChange: addr 3.0 [7]
2026-04-24 12:56:52.454754-0500: NOTICE: doChange: addr 1.0 [7]
2026-04-24 12:56:52.454819-0500: NOTICE: doChange: addr 2.0 [7]
2026-04-24 12:56:52.458670-0500: NOTICE: doChange: addr 3.0 [7]
2026-04-24 14:14:35.192926-0500: PolicyEngine started: 7800020000000000, Time: Fri Apr 24 14:14:35 2026
2026-04-24 14:14:35.905329-0500: NOTICE: kAGDCCallbackCapability: 0x0 []
2026-04-24 14:14:36.689225-0500: NOTICE: Vendor portmap 0xe mst 0xc ddc 0xc aux 0xe
2026-04-24 14:14:36.690345-0500: NOTICE: Features policyd 0x20100000 kernel 0x0
2026-04-24 14:14:36.721605-0500: NOTICE: Populated addr 1.0 bad:f00d UUID 0 order 0:0 tx 2:2 dsp 1 WL 0 MS 0 edid 128 undef 0 DSC 0
2026-04-24 14:14:36.735608-0500: NOTICE: Populated addr 1.0 bad:f00d UUID 0 order 0:0 tx 2:2 dsp 1 WL 0 MS 0 edid 128 undef 0 DSC 0
2026-04-24 14:14:36.735654-0500: NOTICE: FB AGDC state FB[0] - ON
2026-04-24 14:14:36.739813-0500: NOTICE: accepted No_Media_Mode enter, Fri Apr 24 14:14:36 2026
2026-04-24 14:14:36.739864-0500: NOTICE: accepted No_Media_Mode exit, Fri Apr 24 14:14:36 2026
2026-04-24 14:14:36.739982-0500: NOTICE: doChange: addr 1.0 [7]
2026-04-24 14:14:36.740007-0500: NOTICE: doChange: addr 2.0 [7]
2026-04-24 14:14:36.744620-0500: NOTICE: doChange: addr 3.0 [7]
2026-04-24 14:14:36.749731-0500: NOTICE: doChange: addr 1.0 [7]
2026-04-24 14:14:36.749772-0500: NOTICE: doChange: addr 2.0 [7]
2026-04-24 14:14:36.752784-0500: NOTICE: doChange: addr 3.0 [7]
2026-04-24 14:14:37.097134-0500: PolicyEngine started: 7800020000000000, Time: Fri Apr 24 14:14:37 2026
2026-04-24 14:14:37.097364-0500: NOTICE: kAGDCCallbackCapability: 0x0 []
2026-04-24 14:14:37.097881-0500: NOTICE: Vendor portmap 0xe mst 0xc ddc 0xc aux 0xe
2026-04-24 14:14:37.097923-0500: NOTICE: Features policyd 0x20100000 kernel 0x0
2026-04-24 14:14:37.098099-0500: NOTICE: doing display state recovery
2026-04-24 14:14:37.098560-0500: NOTICE: FB AGDC state FB[0] - ON
2026-04-24 14:14:37.101046-0500: NOTICE: doChange: addr 1.0 [7]
2026-04-24 14:14:37.101091-0500: NOTICE: doChange: addr 2.0 [7]
2026-04-24 14:14:37.106192-0500: NOTICE: doChange: addr 3.0 [7]
2026-04-24 16:09:42.032342-0500: PolicyEngine started: 7800020000000000, Time: Fri Apr 24 16:09:42 2026
2026-04-24 16:09:42.670933-0500: NOTICE: kAGDCCallbackCapability: 0x0 []
2026-04-24 16:09:43.485772-0500: NOTICE: Vendor portmap 0xe mst 0xc ddc 0xc aux 0xe
2026-04-24 16:09:43.486075-0500: NOTICE: Features policyd 0x20100000 kernel 0x0
2026-04-24 16:09:43.495942-0500: NOTICE: Populated addr 1.0 bad:f00d UUID 0 order 0:0 tx 2:2 dsp 1 WL 0 MS 0 edid 128 undef 0 DSC 0
2026-04-24 16:09:43.501139-0500: NOTICE: Populated addr 1.0 bad:f00d UUID 0 order 0:0 tx 2:2 dsp 1 WL 0 MS 0 edid 128 undef 0 DSC 0
2026-04-24 16:09:43.501191-0500: NOTICE: FB AGDC state FB[0] - ON
2026-04-24 16:09:43.504860-0500: NOTICE: accepted No_Media_Mode enter, Fri Apr 24 16:09:43 2026
2026-04-24 16:09:43.504916-0500: NOTICE: accepted No_Media_Mode exit, Fri Apr 24 16:09:43 2026
2026-04-24 16:09:43.505211-0500: NOTICE: doChange: addr 1.0 [7]
2026-04-24 16:09:43.505253-0500: NOTICE: doChange: addr 2.0 [7]
2026-04-24 16:09:43.518036-0500: NOTICE: doChange: addr 3.0 [7]
2026-04-24 16:09:43.521142-0500: NOTICE: doChange: addr 1.0 [7]
2026-04-24 16:09:43.521198-0500: NOTICE: doChange: addr 2.0 [7]
2026-04-24 16:09:43.524129-0500: NOTICE: doChange: addr 3.0 [7]
2026-04-24 16:09:43.958420-0500: PolicyEngine started: 7800020000000000, Time: Fri Apr 24 16:09:43 2026
2026-04-24 16:09:43.958580-0500: NOTICE: kAGDCCallbackCapability: 0x0 []
2026-04-24 16:09:43.958968-0500: NOTICE: Vendor portmap 0xe mst 0xc ddc 0xc aux 0xe
2026-04-24 16:09:43.958996-0500: NOTICE: Features policyd 0x20100000 kernel 0x0
2026-04-24 16:09:43.959109-0500: NOTICE: doing display state recovery
2026-04-24 16:09:43.959697-0500: NOTICE: FB AGDC state FB[0] - ON
2026-04-24 16:09:43.961929-0500: NOTICE: doChange: addr 1.0 [7]
2026-04-24 16:09:43.961981-0500: NOTICE: doChange: addr 2.0 [7]
2026-04-24 16:09:43.964571-0500: NOTICE: doChange: addr 3.0 [7]
2026-04-25 00:10:36.973706-0500: PolicyEngine started: 7800020000000000, Time: Sat Apr 25 00:10:36 2026
2026-04-25 00:10:37.658638-0500: NOTICE: kAGDCCallbackCapability: 0x0 []
2026-04-25 00:10:38.427092-0500: NOTICE: Vendor portmap 0xe mst 0xc ddc 0xc aux 0xe
2026-04-25 00:10:38.427438-0500: NOTICE: Features policyd 0x20100000 kernel 0x0
2026-04-25 00:10:38.470542-0500: NOTICE: Populated addr 1.0 bad:f00d UUID 0 order 0:0 tx 2:2 dsp 1 WL 0 MS 0 edid 128 undef 0 DSC 0
2026-04-25 00:10:38.482997-0500: NOTICE: Populated addr 1.0 bad:f00d UUID 0 order 0:0 tx 2:2 dsp 1 WL 0 MS 0 edid 128 undef 0 DSC 0
2026-04-25 00:10:38.483041-0500: NOTICE: FB AGDC state FB[0] - ON
2026-04-25 00:10:38.485468-0500: NOTICE: accepted No_Media_Mode enter, Sat Apr 25 00:10:38 2026
2026-04-25 00:10:38.485523-0500: NOTICE: accepted No_Media_Mode exit, Sat Apr 25 00:10:38 2026
2026-04-25 00:10:38.485629-0500: NOTICE: doChange: addr 1.0 [7]
2026-04-25 00:10:38.485654-0500: NOTICE: doChange: addr 2.0 [7]
2026-04-25 00:10:38.488658-0500: NOTICE: doChange: addr 3.0 [7]
2026-04-25 00:10:38.496518-0500: NOTICE: doChange: addr 1.0 [7]
2026-04-25 00:10:38.496564-0500: NOTICE: doChange: addr 2.0 [7]
2026-04-25 00:10:38.499348-0500: NOTICE: doChange: addr 3.0 [7]
2026-04-25 01:09:14.279170-0500: PolicyEngine started: 7800020000000000, Time: Sat Apr 25 01:09:14 2026
2026-04-25 01:09:14.909129-0500: NOTICE: kAGDCCallbackCapability: 0x0 []
2026-04-25 01:09:15.770119-0500: NOTICE: Vendor portmap 0xe mst 0xc ddc 0xc aux 0xe
2026-04-25 01:09:15.770393-0500: NOTICE: Features policyd 0x20100000 kernel 0x0
2026-04-25 01:09:15.800401-0500: NOTICE: Populated addr 1.0 bad:f00d UUID 0 order 0:0 tx 2:2 dsp 1 WL 0 MS 0 edid 128 undef 0 DSC 0
2026-04-25 01:09:15.803569-0500: NOTICE: Populated addr 1.0 bad:f00d UUID 0 order 0:0 tx 2:2 dsp 1 WL 0 MS 0 edid 128 undef 0 DSC 0
2026-04-25 01:09:15.803626-0500: NOTICE: FB AGDC state FB[0] - ON
2026-04-25 01:09:15.805460-0500: NOTICE: accepted No_Media_Mode enter, Sat Apr 25 01:09:15 2026
2026-04-25 01:09:15.805517-0500: NOTICE: accepted No_Media_Mode exit, Sat Apr 25 01:09:15 2026
2026-04-25 01:09:15.805602-0500: NOTICE: doChange: addr 1.0 [7]
2026-04-25 01:09:15.805641-0500: NOTICE: doChange: addr 2.0 [7]
2026-04-25 01:09:15.814817-0500: NOTICE: doChange: addr 3.0 [7]
2026-04-25 01:09:15.818178-0500: NOTICE: doChange: addr 1.0 [7]
2026-04-25 01:09:15.818263-0500: NOTICE: doChange: addr 2.0 [7]
2026-04-25 01:09:15.829187-0500: NOTICE: doChange: addr 3.0 [7]
2026-04-25 01:09:16.265873-0500: PolicyEngine started: 7800020000000000, Time: Sat Apr 25 01:09:16 2026
2026-04-25 01:09:16.266066-0500: NOTICE: kAGDCCallbackCapability: 0x0 []
2026-04-25 01:09:16.266524-0500: NOTICE: Vendor portmap 0xe mst 0xc ddc 0xc aux 0xe
2026-04-25 01:09:16.266567-0500: NOTICE: Features policyd 0x20100000 kernel 0x0
2026-04-25 01:09:16.266720-0500: NOTICE: doing display state recovery
2026-04-25 01:09:16.267195-0500: NOTICE: FB AGDC state FB[0] - ON
2026-04-25 01:09:16.268996-0500: NOTICE: doChange: addr 1.0 [7]
2026-04-25 01:09:16.269035-0500: NOTICE: doChange: addr 2.0 [7]
2026-04-25 01:09:16.271612-0500: NOTICE: doChange: addr 3.0 [7]
2026-04-25 03:42:35.271321-0500: NOTICE: accepted No_Media_Mode enter, Sat Apr 25 03:42:35 2026
2026-04-25 03:47:04.896730-0500: NOTICE: accepted No_Media_Mode exit, Sat Apr 25 03:47:05 2026
2026-04-25 03:47:05.114320-0500: NOTICE: doChange: addr 1.0 [7]
2026-04-25 03:47:05.114426-0500: NOTICE: doChange: addr 2.0 [7]
2026-04-25 03:47:05.117355-0500: NOTICE: doChange: addr 3.0 [7]
2026-04-25 04:14:40.367119-0500: NOTICE: accepted No_Media_Mode enter, Sat Apr 25 04:14:40 2026
2026-04-25 05:19:24.921544-0500: NOTICE: accepted No_Media_Mode exit, Sat Apr 25 05:19:24 2026
2026-04-25 05:19:24.971631-0500: NOTICE: doChange: addr 1.0 [7]
2026-04-25 05:19:24.971754-0500: NOTICE: doChange: addr 2.0 [7]
2026-04-25 05:19:24.974547-0500: NOTICE: doChange: addr 3.0 [7]
2026-04-25 05:20:21.188141-0500: NOTICE: accepted No_Media_Mode enter, Sat Apr 25 05:20:21 2026
2026-04-25 05:21:53.105240-0500: NOTICE: accepted No_Media_Mode exit, Sat Apr 25 05:21:53 2026
2026-04-25 05:21:53.119191-0500: NOTICE: doChange: addr 1.0 [7]
2026-04-25 05:21:53.119248-0500: NOTICE: doChange: addr 2.0 [7]
2026-04-25 05:21:53.123042-0500: NOTICE: doChange: addr 3.0 [7]
2026-04-25 05:23:14.285974-0500: NOTICE: accepted No_Media_Mode enter, Sat Apr 25 05:23:14 2026
2026-04-25 05:27:03.841932-0500: NOTICE: accepted No_Media_Mode exit, Sat Apr 25 05:27:03 2026
2026-04-25 05:27:03.855821-0500: NOTICE: doChange: addr 1.0 [7]
2026-04-25 05:27:03.855876-0500: NOTICE: doChange: addr 2.0 [7]
2026-04-25 05:27:03.859000-0500: NOTICE: doChange: addr 3.0 [7]
2026-04-25 05:27:25.453764-0500: NOTICE: accepted No_Media_Mode enter, Sat Apr 25 05:27:26 2026
2026-04-25 05:28:17.835586-0500: NOTICE: accepted No_Media_Mode exit, Sat Apr 25 05:28:18 2026
2026-04-25 05:28:17.848196-0500: NOTICE: doChange: addr 1.0 [7]
2026-04-25 05:28:17.848265-0500: NOTICE: doChange: addr 2.0 [7]
2026-04-25 05:28:17.851774-0500: NOTICE: doChange: addr 3.0 [7]
2026-04-25 05:53:16.375195-0500: NOTICE: accepted No_Media_Mode enter, Sat Apr 25 05:53:16 2026
2026-04-25 05:54:12.920339-0500: NOTICE: accepted No_Media_Mode exit, Sat Apr 25 05:54:12 2026
2026-04-25 05:54:12.950625-0500: NOTICE: doChange: addr 1.0 [7]
2026-04-25 05:54:12.950704-0500: NOTICE: doChange: addr 2.0 [7]
2026-04-25 05:54:12.961644-0500: NOTICE: doChange: addr 3.0 [7]
2026-04-25 05:54:30.324889-0500: NOTICE: accepted No_Media_Mode enter, Sat Apr 25 05:54:30 2026
2026-04-25 07:08:54.928749-0500: NOTICE: accepted No_Media_Mode exit, Sat Apr 25 07:08:54 2026
2026-04-25 07:08:54.955056-0500: NOTICE: doChange: addr 1.0 [7]
2026-04-25 07:08:54.955114-0500: NOTICE: doChange: addr 2.0 [7]
2026-04-25 07:08:54.957923-0500: NOTICE: doChange: addr 3.0 [7]
2026-04-25 09:43:18.027597-0500: NOTICE: accepted No_Media_Mode enter, Sat Apr 25 09:43:18 2026
2026-04-25 09:45:39.831771-0500: NOTICE: accepted No_Media_Mode exit, Sat Apr 25 09:45:39 2026
2026-04-25 09:45:39.898155-0500: NOTICE: doChange: addr 1.0 [7]
2026-04-25 09:45:39.898221-0500: NOTICE: doChange: addr 2.0 [7]
2026-04-25 09:45:39.904255-0500: NOTICE: doChange: addr 3.0 [7]
2026-04-25 09:46:43.607104-0500: NOTICE: accepted No_Media_Mode enter, Sat Apr 25 09:46:44 2026
2026-04-25 10:00:49.892831-0500: NOTICE: accepted No_Media_Mode exit, Sat Apr 25 10:00:49 2026
2026-04-25 10:00:49.905281-0500: NOTICE: doChange: addr 1.0 [7]
2026-04-25 10:00:49.905323-0500: NOTICE: doChange: addr 2.0 [7]
2026-04-25 10:00:49.908256-0500: NOTICE: doChange: addr 3.0 [7]
2026-04-25 10:01:20.437354-0500: NOTICE: accepted No_Media_Mode enter, Sat Apr 25 10:01:21 2026
2026-04-25 10:03:43.196493-0500: NOTICE: accepted No_Media_Mode exit, Sat Apr 25 10:03:43 2026
2026-04-25 10:03:43.216620-0500: NOTICE: doChange: addr 1.0 [7]
2026-04-25 10:03:43.216691-0500: NOTICE: doChange: addr 2.0 [7]
2026-04-25 10:03:43.219376-0500: NOTICE: doChange: addr 3.0 [7]
2026-04-25 10:04:13.537715-0500: NOTICE: accepted No_Media_Mode enter, Sat Apr 25 10:04:14 2026
2026-04-25 10:15:07.781008-0500: NOTICE: accepted No_Media_Mode exit, Sat Apr 25 10:15:08 2026
2026-04-25 10:15:07.795057-0500: NOTICE: doChange: addr 1.0 [7]
2026-04-25 10:15:07.795114-0500: NOTICE: doChange: addr 2.0 [7]
2026-04-25 10:15:07.797926-0500: NOTICE: doChange: addr 3.0 [7]
2026-04-25 10:16:46.658187-0500: NOTICE: accepted No_Media_Mode enter, Sat Apr 25 10:16:46 2026
2026-04-25 10:18:45.901530-0500: NOTICE: accepted No_Media_Mode exit, Sat Apr 25 10:18:45 2026
2026-04-25 10:18:45.914723-0500: NOTICE: doChange: addr 1.0 [7]
2026-04-25 10:18:45.914767-0500: NOTICE: doChange: addr 2.0 [7]
2026-04-25 10:18:45.917561-0500: NOTICE: doChange: addr 3.0 [7]
2026-04-25 10:19:16.262165-0500: NOTICE: accepted No_Media_Mode enter, Sat Apr 25 10:19:16 2026
2026-04-25 10:21:20.808405-0500: NOTICE: accepted No_Media_Mode exit, Sat Apr 25 10:21:20 2026
2026-04-25 10:21:20.819418-0500: NOTICE: doChange: addr 1.0 [7]
2026-04-25 10:21:20.819480-0500: NOTICE: doChange: addr 2.0 [7]
2026-04-25 10:21:20.826130-0500: NOTICE: doChange: addr 3.0 [7]
2026-04-25 10:21:52.004010-0500: NOTICE: accepted No_Media_Mode enter, Sat Apr 25 10:21:52 2026
2026-04-25 10:23:42.802646-0500: NOTICE: accepted No_Media_Mode exit, Sat Apr 25 10:23:42 2026
2026-04-25 10:23:42.818016-0500: NOTICE: doChange: addr 1.0 [7]
2026-04-25 10:23:42.818091-0500: NOTICE: doChange: addr 2.0 [7]
2026-04-25 10:23:42.820710-0500: NOTICE: doChange: addr 3.0 [7]
2026-04-25 14:23:30.432092-0500: NOTICE: accepted No_Media_Mode enter, Sat Apr 25 14:23:30 2026
2026-04-25 14:23:31.392591-0500: NOTICE: accepted No_Media_Mode exit, Sat Apr 25 14:23:31 2026
2026-04-25 14:23:33.295021-0500: NOTICE: doChange: addr 1.0 [7]
2026-04-25 14:23:33.333323-0500: NOTICE: doChange: addr 2.0 [7]
2026-04-25 14:23:33.336493-0500: NOTICE: doChange: addr 3.0 [7]
2026-04-25 14:24:22.851694-0500: NOTICE: accepted No_Media_Mode enter, Sat Apr 25 14:24:22 2026
2026-04-25 14:25:48.266553-0500: NOTICE: accepted No_Media_Mode exit, Sat Apr 25 14:25:48 2026
2026-04-25 14:25:48.399639-0500: NOTICE: doChange: addr 1.0 [7]
2026-04-25 14:25:48.399703-0500: NOTICE: doChange: addr 2.0 [7]
2026-04-25 14:25:48.402452-0500: NOTICE: doChange: addr 3.0 [7]
2026-04-25 14:26:49.514004-0500: NOTICE: accepted No_Media_Mode enter, Sat Apr 25 14:26:50 2026
2026-04-25 14:49:40.927774-0500: NOTICE: accepted No_Media_Mode exit, Sat Apr 25 14:49:40 2026
2026-04-25 14:49:40.943878-0500: NOTICE: doChange: addr 1.0 [7]
2026-04-25 14:49:40.943945-0500: NOTICE: doChange: addr 2.0 [7]
2026-04-25 14:49:40.946732-0500: NOTICE: doChange: addr 3.0 [7]
2026-04-25 15:33:51.803267-0500: NOTICE: accepted No_Media_Mode enter, Sat Apr 25 15:33:51 2026
2026-04-25 15:37:31.919206-0500: NOTICE: accepted No_Media_Mode exit, Sat Apr 25 15:37:31 2026
2026-04-25 15:37:32.098932-0500: NOTICE: doChange: addr 1.0 [7]
2026-04-25 15:37:32.099052-0500: NOTICE: doChange: addr 2.0 [7]
2026-04-25 15:37:32.108166-0500: NOTICE: doChange: addr 3.0 [7]
2026-04-25 16:43:10.103739-0500: NOTICE: accepted No_Media_Mode enter, Sat Apr 25 16:43:10 2026
2026-04-25 16:43:14.714212-0500: NOTICE: accepted No_Media_Mode exit, Sat Apr 25 16:43:14 2026
2026-04-25 16:43:15.190480-0500: NOTICE: doChange: addr 1.0 [7]
2026-04-25 16:43:15.190553-0500: NOTICE: doChange: addr 2.0 [7]
2026-04-25 16:43:15.193359-0500: NOTICE: doChange: addr 3.0 [7]
2026-04-25 16:43:49.435162-0500: NOTICE: accepted No_Media_Mode enter, Sat Apr 25 16:43:49 2026
2026-04-25 16:44:33.919635-0500: NOTICE: accepted No_Media_Mode exit, Sat Apr 25 16:44:33 2026
2026-04-25 16:44:33.934417-0500: NOTICE: doChange: addr 1.0 [7]
2026-04-25 16:44:33.934589-0500: NOTICE: doChange: addr 2.0 [7]
2026-04-25 16:44:33.937292-0500: NOTICE: doChange: addr 3.0 [7]
2026-04-25 16:44:49.822748-0500: NOTICE: accepted No_Media_Mode enter, Sat Apr 25 16:44:50 2026
2026-04-25 18:44:08.933255-0500: NOTICE: accepted No_Media_Mode exit, Sat Apr 25 18:44:08 2026
2026-04-25 18:44:08.943843-0500: NOTICE: doChange: addr 1.0 [7]
2026-04-25 18:44:08.943980-0500: NOTICE: doChange: addr 2.0 [7]
2026-04-25 18:44:08.946914-0500: NOTICE: doChange: addr 3.0 [7]
2026-04-25 20:51:40.672574-0500: NOTICE: accepted No_Media_Mode enter, Sat Apr 25 20:51:40 2026
2026-04-25 20:53:48.925423-0500: NOTICE: accepted No_Media_Mode exit, Sat Apr 25 20:53:48 2026
2026-04-25 20:53:49.098104-0500: NOTICE: doChange: addr 1.0 [7]
2026-04-25 20:53:49.098166-0500: NOTICE: doChange: addr 2.0 [7]
2026-04-25 20:53:49.101019-0500: NOTICE: doChange: addr 3.0 [7]
2026-04-25 20:54:46.910152-0500: NOTICE: accepted No_Media_Mode enter, Sat Apr 25 20:54:47 2026
2026-04-25 21:19:05.934541-0500: NOTICE: accepted No_Media_Mode exit, Sat Apr 25 21:19:05 2026
2026-04-25 21:19:05.969479-0500: NOTICE: doChange: addr 1.0 [7]
2026-04-25 21:19:05.969541-0500: NOTICE: doChange: addr 2.0 [7]
2026-04-25 21:19:05.985663-0500: NOTICE: doChange: addr 3.0 [7]
2026-04-25 21:49:45.350485-0500: NOTICE: accepted No_Media_Mode enter, Sat Apr 25 21:49:45 2026
2026-04-25 22:15:00.993617-0500: NOTICE: accepted No_Media_Mode exit, Sat Apr 25 22:15:00 2026
2026-04-25 22:15:01.060285-0500: NOTICE: doChange: addr 1.0 [7]
2026-04-25 22:15:01.060365-0500: NOTICE: doChange: addr 2.0 [7]
2026-04-25 22:15:01.063027-0500: NOTICE: doChange: addr 3.0 [7]
2026-04-25 22:15:31.862998-0500: NOTICE: accepted No_Media_Mode enter, Sat Apr 25 22:15:32 2026
2026-04-25 22:15:35.751201-0500: NOTICE: accepted No_Media_Mode exit, Sat Apr 25 22:15:36 2026
2026-04-25 22:15:36.024794-0500: NOTICE: doChange: addr 1.0 [7]
2026-04-25 22:15:36.024866-0500: NOTICE: doChange: addr 2.0 [7]
2026-04-25 22:15:36.027630-0500: NOTICE: doChange: addr 3.0 [7]
2026-04-25 22:16:06.695878-0500: NOTICE: accepted No_Media_Mode enter, Sat Apr 25 22:16:07 2026
2026-04-25 22:17:26.750282-0500: NOTICE: accepted No_Media_Mode exit, Sat Apr 25 22:17:27 2026
2026-04-25 22:17:26.883733-0500: NOTICE: doChange: addr 1.0 [7]
2026-04-25 22:17:26.883802-0500: NOTICE: doChange: addr 2.0 [7]
2026-04-25 22:17:26.886920-0500: NOTICE: doChange: addr 3.0 [7]
2026-04-25 22:18:26.701093-0500: NOTICE: accepted No_Media_Mode enter, Sat Apr 25 22:18:27 2026
2026-04-25 22:20:04.433441-0500: NOTICE: accepted No_Media_Mode exit, Sat Apr 25 22:20:04 2026
2026-04-25 22:20:04.485619-0500: NOTICE: doChange: addr 1.0 [7]
2026-04-25 22:20:04.485674-0500: NOTICE: doChange: addr 2.0 [7]
2026-04-25 22:20:04.488956-0500: NOTICE: doChange: addr 3.0 [7]
2026-04-25 22:21:17.785256-0500: NOTICE: accepted No_Media_Mode enter, Sat Apr 25 22:21:18 2026
2026-04-25 22:23:26.746859-0500: NOTICE: accepted No_Media_Mode exit, Sat Apr 25 22:23:27 2026
2026-04-25 22:23:26.878002-0500: NOTICE: doChange: addr 1.0 [7]
2026-04-25 22:23:26.878056-0500: NOTICE: doChange: addr 2.0 [7]
2026-04-25 22:23:26.880818-0500: NOTICE: doChange: addr 3.0 [7]
2026-04-25 22:24:17.819601-0500: NOTICE: accepted No_Media_Mode enter, Sat Apr 25 22:24:19 2026
2026-04-25 22:25:37.359369-0500: NOTICE: accepted No_Media_Mode exit, Sat Apr 25 22:25:39 2026
2026-04-25 22:25:37.383172-0500: NOTICE: doChange: addr 1.0 [7]
2026-04-25 22:25:37.383285-0500: NOTICE: doChange: addr 2.0 [7]
2026-04-25 22:25:37.385970-0500: NOTICE: doChange: addr 3.0 [7]
2026-04-25 22:26:10.172990-0500: NOTICE: accepted No_Media_Mode enter, Sat Apr 25 22:26:12 2026
2026-04-25 22:28:55.607308-0500: NOTICE: accepted No_Media_Mode exit, Sat Apr 25 22:28:57 2026
2026-04-25 22:28:55.845907-0500: NOTICE: doChange: addr 1.0 [7]
2026-04-25 22:28:55.845982-0500: NOTICE: doChange: addr 2.0 [7]
2026-04-25 22:28:55.848853-0500: NOTICE: doChange: addr 3.0 [7]
2026-04-26 00:40:14.396812-0500: NOTICE: accepted No_Media_Mode enter, Sun Apr 26 00:40:14 2026
2026-04-26 00:40:15.461319-0500: NOTICE: accepted No_Media_Mode exit, Sun Apr 26 00:40:15 2026
2026-04-26 00:40:17.214590-0500: NOTICE: doChange: addr 1.0 [7]
2026-04-26 00:40:17.264208-0500: NOTICE: doChange: addr 2.0 [7]
2026-04-26 00:40:17.309901-0500: NOTICE: doChange: addr 3.0 [7]
2026-04-26 00:40:22.886087-0500: NOTICE: accepted No_Media_Mode enter, Sun Apr 26 00:40:22 2026
2026-04-26 00:41:33.144302-0500: NOTICE: accepted No_Media_Mode exit, Sun Apr 26 00:41:32 2026
2026-04-26 00:41:33.200880-0500: NOTICE: doChange: addr 1.0 [7]
2026-04-26 00:41:33.200930-0500: NOTICE: doChange: addr 2.0 [7]
2026-04-26 00:41:33.203547-0500: NOTICE: doChange: addr 3.0 [7]
2026-04-26 00:41:53.093490-0500: NOTICE: accepted No_Media_Mode enter, Sun Apr 26 00:41:54 2026
2026-04-26 00:41:56.028114-0500: NOTICE: accepted No_Media_Mode exit, Sun Apr 26 00:41:56 2026
2026-04-26 00:41:56.201750-0500: NOTICE: doChange: addr 1.0 [7]
2026-04-26 00:41:56.201835-0500: NOTICE: doChange: addr 2.0 [7]
2026-04-26 00:41:56.205249-0500: NOTICE: doChange: addr 3.0 [7]
2026-04-26 00:42:16.047153-0500: NOTICE: accepted No_Media_Mode enter, Sun Apr 26 00:42:16 2026
2026-04-26 00:42:17.745262-0500: NOTICE: accepted No_Media_Mode exit, Sun Apr 26 00:42:18 2026
2026-04-26 00:42:18.026334-0500: NOTICE: doChange: addr 1.0 [7]
2026-04-26 00:42:18.026393-0500: NOTICE: doChange: addr 2.0 [7]
2026-04-26 00:42:18.029389-0500: NOTICE: doChange: addr 3.0 [7]
2026-04-26 00:42:37.777792-0500: NOTICE: accepted No_Media_Mode enter, Sun Apr 26 00:42:38 2026
2026-04-26 00:42:41.137430-0500: NOTICE: accepted No_Media_Mode exit, Sun Apr 26 00:42:42 2026
2026-04-26 00:42:41.300113-0500: NOTICE: doChange: addr 1.0 [7]
2026-04-26 00:42:41.300184-0500: NOTICE: doChange: addr 2.0 [7]
2026-04-26 00:42:41.303230-0500: NOTICE: doChange: addr 3.0 [7]
2026-04-26 00:43:01.038268-0500: NOTICE: accepted No_Media_Mode enter, Sun Apr 26 00:43:01 2026
2026-04-26 00:43:02.707490-0500: NOTICE: accepted No_Media_Mode exit, Sun Apr 26 00:43:03 2026
2026-04-26 00:43:02.859617-0500: NOTICE: doChange: addr 1.0 [7]
2026-04-26 00:43:02.859686-0500: NOTICE: doChange: addr 2.0 [7]
2026-04-26 00:43:02.862502-0500: NOTICE: doChange: addr 3.0 [7]
2026-04-26 00:43:22.589661-0500: NOTICE: accepted No_Media_Mode enter, Sun Apr 26 00:43:23 2026
2026-04-26 00:43:24.154991-0500: NOTICE: accepted No_Media_Mode exit, Sun Apr 26 00:43:25 2026
2026-04-26 00:43:24.481182-0500: NOTICE: doChange: addr 1.0 [7]
2026-04-26 00:43:24.481236-0500: NOTICE: doChange: addr 2.0 [7]
2026-04-26 00:43:24.484036-0500: NOTICE: doChange: addr 3.0 [7]
2026-04-26 00:43:44.127560-0500: NOTICE: accepted No_Media_Mode enter, Sun Apr 26 00:43:45 2026
2026-04-26 00:43:46.943392-0500: NOTICE: accepted No_Media_Mode exit, Sun Apr 26 00:43:47 2026
2026-04-26 00:43:47.122450-0500: NOTICE: doChange: addr 1.0 [7]
2026-04-26 00:43:47.122519-0500: NOTICE: doChange: addr 2.0 [7]
2026-04-26 00:43:47.125381-0500: NOTICE: doChange: addr 3.0 [7]
2026-04-26 00:44:06.907561-0500: NOTICE: accepted No_Media_Mode enter, Sun Apr 26 00:44:07 2026
2026-04-26 00:44:08.407202-0500: NOTICE: accepted No_Media_Mode exit, Sun Apr 26 00:44:09 2026
2026-04-26 00:44:08.672542-0500: NOTICE: doChange: addr 1.0 [7]
2026-04-26 00:44:08.672604-0500: NOTICE: doChange: addr 2.0 [7]
2026-04-26 00:44:08.675445-0500: NOTICE: doChange: addr 3.0 [7]
2026-04-26 00:44:28.385218-0500: NOTICE: accepted No_Media_Mode enter, Sun Apr 26 00:44:29 2026
2026-04-26 00:44:30.286224-0500: NOTICE: accepted No_Media_Mode exit, Sun Apr 26 00:44:31 2026
2026-04-26 00:44:30.472776-0500: NOTICE: doChange: addr 1.0 [7]
2026-04-26 00:44:30.472826-0500: NOTICE: doChange: addr 2.0 [7]
2026-04-26 00:44:30.475598-0500: NOTICE: doChange: addr 3.0 [7]
2026-04-26 00:44:50.181705-0500: NOTICE: accepted No_Media_Mode enter, Sun Apr 26 00:44:51 2026
2026-04-26 00:44:52.457525-0500: NOTICE: accepted No_Media_Mode exit, Sun Apr 26 00:44:53 2026
2026-04-26 00:44:52.496528-0500: NOTICE: doChange: addr 1.0 [7]
2026-04-26 00:44:52.496590-0500: NOTICE: doChange: addr 2.0 [7]
2026-04-26 00:44:52.499215-0500: NOTICE: doChange: addr 3.0 [7]
2026-04-26 00:45:12.289675-0500: NOTICE: accepted No_Media_Mode enter, Sun Apr 26 00:45:13 2026
2026-04-26 00:45:14.784691-0500: NOTICE: accepted No_Media_Mode exit, Sun Apr 26 00:45:15 2026
2026-04-26 00:45:14.962425-0500: NOTICE: doChange: addr 1.0 [7]
2026-04-26 00:45:14.962481-0500: NOTICE: doChange: addr 2.0 [7]
2026-04-26 00:45:14.965310-0500: NOTICE: doChange: addr 3.0 [7]
2026-04-26 00:45:34.654492-0500: NOTICE: accepted No_Media_Mode enter, Sun Apr 26 00:45:35 2026
2026-04-26 00:46:11.962084-0500: NOTICE: accepted No_Media_Mode exit, Sun Apr 26 00:46:12 2026
2026-04-26 00:46:11.978968-0500: NOTICE: doChange: addr 1.0 [7]
2026-04-26 00:46:11.979031-0500: NOTICE: doChange: addr 2.0 [7]
2026-04-26 00:46:11.982204-0500: NOTICE: doChange: addr 3.0 [7]
2026-04-26 00:46:27.841066-0500: NOTICE: accepted No_Media_Mode enter, Sun Apr 26 00:46:28 2026
2026-04-26 01:14:59.892246-0500: NOTICE: accepted No_Media_Mode exit, Sun Apr 26 01:14:59 2026
2026-04-26 01:15:00.102618-0500: NOTICE: doChange: addr 1.0 [7]
2026-04-26 01:15:00.102732-0500: NOTICE: doChange: addr 2.0 [7]
2026-04-26 01:15:00.105411-0500: NOTICE: doChange: addr 3.0 [7]
2026-04-26 01:15:20.394278-0500: NOTICE: accepted No_Media_Mode enter, Sun Apr 26 01:15:20 2026
2026-04-26 01:19:49.914031-0500: NOTICE: accepted No_Media_Mode exit, Sun Apr 26 01:19:49 2026
2026-04-26 01:19:49.933444-0500: NOTICE: doChange: addr 1.0 [7]
2026-04-26 01:19:49.933506-0500: NOTICE: doChange: addr 2.0 [7]
2026-04-26 01:19:49.944433-0500: NOTICE: doChange: addr 3.0 [7]
2026-04-26 01:20:05.736203-0500: NOTICE: accepted No_Media_Mode enter, Sun Apr 26 01:20:05 2026
2026-04-26 01:20:49.860623-0500: NOTICE: accepted No_Media_Mode exit, Sun Apr 26 01:20:49 2026
2026-04-26 01:20:49.877410-0500: NOTICE: doChange: addr 1.0 [7]
2026-04-26 01:20:49.877471-0500: NOTICE: doChange: addr 2.0 [7]
2026-04-26 01:20:49.880464-0500: NOTICE: doChange: addr 3.0 [7]
2026-04-26 01:21:05.710819-0500: NOTICE: accepted No_Media_Mode enter, Sun Apr 26 01:21:05 2026
2026-04-26 01:25:48.856859-0500: NOTICE: accepted No_Media_Mode exit, Sun Apr 26 01:25:48 2026
2026-04-26 01:25:48.887365-0500: NOTICE: doChange: addr 1.0 [7]
2026-04-26 01:25:48.887424-0500: NOTICE: doChange: addr 2.0 [7]
2026-04-26 01:25:48.890894-0500: NOTICE: doChange: addr 3.0 [7]
2026-04-26 01:26:04.684660-0500: NOTICE: accepted No_Media_Mode enter, Sun Apr 26 01:26:05 2026
2026-04-26 01:26:06.268246-0500: NOTICE: accepted No_Media_Mode exit, Sun Apr 26 01:26:07 2026
2026-04-26 01:26:06.442560-0500: NOTICE: doChange: addr 1.0 [7]
2026-04-26 01:26:06.442625-0500: NOTICE: doChange: addr 2.0 [7]
2026-04-26 01:26:06.445460-0500: NOTICE: doChange: addr 3.0 [7]
2026-04-26 01:26:26.191453-0500: NOTICE: accepted No_Media_Mode enter, Sun Apr 26 01:26:26 2026
2026-04-26 01:27:30.112062-0500: NOTICE: accepted No_Media_Mode exit, Sun Apr 26 01:27:30 2026
2026-04-26 01:27:30.137428-0500: NOTICE: doChange: addr 1.0 [7]
2026-04-26 01:27:30.137498-0500: NOTICE: doChange: addr 2.0 [7]
2026-04-26 01:27:30.141084-0500: NOTICE: doChange: addr 3.0 [7]
2026-04-26 02:11:17.481361-0500: NOTICE: accepted No_Media_Mode enter, Sun Apr 26 02:11:17 2026
2026-04-26 02:15:32.865318-0500: NOTICE: accepted No_Media_Mode exit, Sun Apr 26 02:15:32 2026
2026-04-26 02:15:32.922489-0500: NOTICE: doChange: addr 1.0 [7]
2026-04-26 02:15:32.922584-0500: NOTICE: doChange: addr 2.0 [7]
2026-04-26 02:15:32.926577-0500: NOTICE: doChange: addr 3.0 [7]
2026-04-26 02:16:03.230353-0500: NOTICE: accepted No_Media_Mode enter, Sun Apr 26 02:16:03 2026
2026-04-26 02:17:12.173760-0500: NOTICE: accepted No_Media_Mode exit, Sun Apr 26 02:17:12 2026
2026-04-26 02:17:12.351443-0500: NOTICE: doChange: addr 1.0 [7]
2026-04-26 02:17:12.351602-0500: NOTICE: doChange: addr 2.0 [7]
2026-04-26 02:17:12.354686-0500: NOTICE: doChange: addr 3.0 [7]
2026-04-26 02:20:00.779361-0500: NOTICE: accepted No_Media_Mode enter, Sun Apr 26 02:20:00 2026
2026-04-26 02:23:01.901450-0500: NOTICE: accepted No_Media_Mode exit, Sun Apr 26 02:23:01 2026
2026-04-26 02:23:01.940996-0500: NOTICE: doChange: addr 1.0 [7]
2026-04-26 02:23:01.941052-0500: NOTICE: doChange: addr 2.0 [7]
2026-04-26 02:23:01.945552-0500: NOTICE: doChange: addr 3.0 [7]
2026-04-26 02:23:18.913783-0500: NOTICE: accepted No_Media_Mode enter, Sun Apr 26 02:23:18 2026
2026-04-26 02:41:46.893294-0500: NOTICE: accepted No_Media_Mode exit, Sun Apr 26 02:41:46 2026
2026-04-26 02:41:46.980429-0500: NOTICE: doChange: addr 1.0 [7]
2026-04-26 02:41:46.980505-0500: NOTICE: doChange: addr 2.0 [7]
2026-04-26 02:41:46.983662-0500: NOTICE: doChange: addr 3.0 [7]
2026-04-26 02:42:02.722380-0500: NOTICE: accepted No_Media_Mode enter, Sun Apr 26 02:42:02 2026
2026-04-26 03:45:19.932951-0500: NOTICE: accepted No_Media_Mode exit, Sun Apr 26 03:45:19 2026
2026-04-26 03:45:20.142421-0500: NOTICE: doChange: addr 1.0 [7]
2026-04-26 03:45:20.142627-0500: NOTICE: doChange: addr 2.0 [7]
2026-04-26 03:45:20.146019-0500: NOTICE: doChange: addr 3.0 [7]
2026-04-26 03:45:50.305004-0500: NOTICE: accepted No_Media_Mode enter, Sun Apr 26 03:45:50 2026
2026-04-26 03:45:56.993639-0500: NOTICE: accepted No_Media_Mode exit, Sun Apr 26 03:45:56 2026
2026-04-26 03:45:57.408607-0500: NOTICE: doChange: addr 1.0 [7]
2026-04-26 03:45:57.408712-0500: NOTICE: doChange: addr 2.0 [7]
2026-04-26 03:45:57.411870-0500: NOTICE: doChange: addr 3.0 [7]
2026-04-26 03:46:33.271302-0500: NOTICE: accepted No_Media_Mode enter, Sun Apr 26 03:46:33 2026
2026-04-26 03:46:34.245633-0500: NOTICE: accepted No_Media_Mode exit, Sun Apr 26 03:46:34 2026
2026-04-26 03:46:34.555032-0500: NOTICE: doChange: addr 1.0 [7]
2026-04-26 03:46:34.555088-0500: NOTICE: doChange: addr 2.0 [7]
2026-04-26 03:46:34.558237-0500: NOTICE: doChange: addr 3.0 [7]
2026-04-26 06:26:48.994654-0500: NOTICE: accepted No_Media_Mode enter, Sun Apr 26 06:26:48 2026
2026-04-26 06:26:50.877916-0500: NOTICE: accepted No_Media_Mode exit, Sun Apr 26 06:26:50 2026
2026-04-26 06:26:52.846737-0500: NOTICE: doChange: addr 1.0 [7]
2026-04-26 06:26:52.846855-0500: NOTICE: doChange: addr 2.0 [7]
2026-04-26 06:26:52.850432-0500: NOTICE: doChange: addr 3.0 [7]
2026-04-26 06:27:42.088390-0500: NOTICE: accepted No_Media_Mode enter, Sun Apr 26 06:27:42 2026
2026-04-26 06:29:28.875038-0500: NOTICE: accepted No_Media_Mode exit, Sun Apr 26 06:29:28 2026
2026-04-26 06:29:29.053113-0500: NOTICE: doChange: addr 1.0 [7]
2026-04-26 06:29:29.053167-0500: NOTICE: doChange: addr 2.0 [7]
2026-04-26 06:29:29.055780-0500: NOTICE: doChange: addr 3.0 [7]
2026-04-26 06:30:46.158997-0500: NOTICE: accepted No_Media_Mode enter, Sun Apr 26 06:30:46 2026
2026-04-26 06:37:26.770756-0500: NOTICE: accepted No_Media_Mode exit, Sun Apr 26 06:37:26 2026
2026-04-26 06:37:26.794925-0500: NOTICE: doChange: addr 1.0 [7]
2026-04-26 06:37:26.795003-0500: NOTICE: doChange: addr 2.0 [7]
2026-04-26 06:37:26.803314-0500: NOTICE: doChange: addr 3.0 [7]
2026-04-26 06:37:59.509179-0500: NOTICE: accepted No_Media_Mode enter, Sun Apr 26 06:37:59 2026
2026-04-26 07:00:33.914252-0500: NOTICE: accepted No_Media_Mode exit, Sun Apr 26 07:00:33 2026
2026-04-26 07:00:33.953029-0500: NOTICE: doChange: addr 1.0 [7]
2026-04-26 07:00:33.953092-0500: NOTICE: doChange: addr 2.0 [7]
2026-04-26 07:00:33.955842-0500: NOTICE: doChange: addr 3.0 [7]
2026-04-26 07:01:16.672297-0500: NOTICE: accepted No_Media_Mode enter, Sun Apr 26 07:01:17 2026
2026-04-26 07:03:33.190418-0500: NOTICE: accepted No_Media_Mode exit, Sun Apr 26 07:03:33 2026
2026-04-26 07:03:33.200230-0500: NOTICE: doChange: addr 1.0 [7]
2026-04-26 07:03:33.200292-0500: NOTICE: doChange: addr 2.0 [7]
2026-04-26 07:03:33.217178-0500: NOTICE: doChange: addr 3.0 [7]
2026-04-26 07:04:08.836796-0500: NOTICE: accepted No_Media_Mode enter, Sun Apr 26 07:04:09 2026
2026-04-26 07:04:10.345404-0500: NOTICE: accepted No_Media_Mode exit, Sun Apr 26 07:04:11 2026
2026-04-26 07:04:10.640524-0500: NOTICE: doChange: addr 1.0 [7]
2026-04-26 07:04:10.640611-0500: NOTICE: doChange: addr 2.0 [7]
2026-04-26 07:04:10.643217-0500: NOTICE: doChange: addr 3.0 [7]
2026-04-26 07:34:23.233062-0500: NOTICE: accepted No_Media_Mode enter, Sun Apr 26 07:34:23 2026
2026-04-26 07:36:56.908129-0500: NOTICE: accepted No_Media_Mode exit, Sun Apr 26 07:36:56 2026
2026-04-26 07:36:56.935902-0500: NOTICE: doChange: addr 1.0 [7]
2026-04-26 07:36:56.935966-0500: NOTICE: doChange: addr 2.0 [7]
2026-04-26 07:36:56.938812-0500: NOTICE: doChange: addr 3.0 [7]
2026-04-26 07:37:17.268805-0500: NOTICE: accepted No_Media_Mode enter, Sun Apr 26 07:37:17 2026
2026-04-26 07:37:18.559280-0500: NOTICE: accepted No_Media_Mode exit, Sun Apr 26 07:37:18 2026
2026-04-26 07:37:18.697261-0500: NOTICE: doChange: addr 1.0 [7]
2026-04-26 07:37:18.697365-0500: NOTICE: doChange: addr 2.0 [7]
2026-04-26 07:37:18.700311-0500: NOTICE: doChange: addr 3.0 [7]
2026-04-26 07:37:38.483929-0500: NOTICE: accepted No_Media_Mode enter, Sun Apr 26 07:37:38 2026
2026-04-26 07:38:01.884645-0500: NOTICE: accepted No_Media_Mode exit, Sun Apr 26 07:38:01 2026
2026-04-26 07:38:01.894731-0500: NOTICE: doChange: addr 1.0 [7]
2026-04-26 07:38:01.894793-0500: NOTICE: doChange: addr 2.0 [7]
2026-04-26 07:38:01.897393-0500: NOTICE: doChange: addr 3.0 [7]
2026-04-26 07:38:17.736701-0500: NOTICE: accepted No_Media_Mode enter, Sun Apr 26 07:38:18 2026
2026-04-26 07:42:09.393742-0500: NOTICE: accepted No_Media_Mode exit, Sun Apr 26 07:42:09 2026
2026-04-26 07:42:09.415215-0500: NOTICE: doChange: addr 1.0 [7]
2026-04-26 07:42:09.415273-0500: NOTICE: doChange: addr 2.0 [7]
2026-04-26 07:42:09.417933-0500: NOTICE: doChange: addr 3.0 [7]
2026-04-26 07:42:25.207242-0500: NOTICE: accepted No_Media_Mode enter, Sun Apr 26 07:42:25 2026
2026-04-26 07:43:42.357669-0500: NOTICE: accepted No_Media_Mode exit, Sun Apr 26 07:43:42 2026
2026-04-26 07:43:42.377311-0500: NOTICE: doChange: addr 1.0 [7]
2026-04-26 07:43:42.377371-0500: NOTICE: doChange: addr 2.0 [7]
2026-04-26 07:43:42.380985-0500: NOTICE: doChange: addr 3.0 [7]
2026-04-26 07:43:58.194408-0500: NOTICE: accepted No_Media_Mode enter, Sun Apr 26 07:43:59 2026
2026-04-26 07:44:02.117154-0500: NOTICE: accepted No_Media_Mode exit, Sun Apr 26 07:44:03 2026
2026-04-26 07:44:02.431466-0500: NOTICE: doChange: addr 1.0 [7]
2026-04-26 07:44:02.431524-0500: NOTICE: doChange: addr 2.0 [7]
2026-04-26 07:44:02.434094-0500: NOTICE: doChange: addr 3.0 [7]
2026-04-26 07:44:22.085266-0500: NOTICE: accepted No_Media_Mode enter, Sun Apr 26 07:44:23 2026
2026-04-26 07:45:10.918077-0500: NOTICE: accepted No_Media_Mode exit, Sun Apr 26 07:45:11 2026
2026-04-26 07:45:10.941403-0500: NOTICE: doChange: addr 1.0 [7]
2026-04-26 07:45:10.941442-0500: NOTICE: doChange: addr 2.0 [7]
2026-04-26 07:45:10.944042-0500: NOTICE: doChange: addr 3.0 [7]
2026-04-26 07:45:26.756405-0500: NOTICE: accepted No_Media_Mode enter, Sun Apr 26 07:45:27 2026
2026-04-26 07:46:35.897094-0500: NOTICE: accepted No_Media_Mode exit, Sun Apr 26 07:46:36 2026
2026-04-26 07:46:35.926456-0500: NOTICE: doChange: addr 1.0 [7]
2026-04-26 07:46:35.926516-0500: NOTICE: doChange: addr 2.0 [7]
2026-04-26 07:46:35.941554-0500: NOTICE: doChange: addr 3.0 [7]
2026-04-26 07:46:51.738473-0500: NOTICE: accepted No_Media_Mode enter, Sun Apr 26 07:46:52 2026
2026-04-26 07:47:29.887191-0500: NOTICE: accepted No_Media_Mode exit, Sun Apr 26 07:47:30 2026
2026-04-26 07:47:29.938146-0500: NOTICE: doChange: addr 1.0 [7]
2026-04-26 07:47:29.938202-0500: NOTICE: doChange: addr 2.0 [7]
2026-04-26 07:47:29.943179-0500: NOTICE: doChange: addr 3.0 [7]
2026-04-26 07:47:45.740942-0500: NOTICE: accepted No_Media_Mode enter, Sun Apr 26 07:47:46 2026
2026-04-26 07:48:29.904649-0500: NOTICE: accepted No_Media_Mode exit, Sun Apr 26 07:48:30 2026
2026-04-26 07:48:29.929556-0500: NOTICE: doChange: addr 1.0 [7]
2026-04-26 07:48:29.929811-0500: NOTICE: doChange: addr 2.0 [7]
2026-04-26 07:48:29.934758-0500: NOTICE: doChange: addr 3.0 [7]
2026-04-26 07:48:45.752906-0500: NOTICE: accepted No_Media_Mode enter, Sun Apr 26 07:48:46 2026
2026-04-26 07:48:49.696889-0500: NOTICE: accepted No_Media_Mode exit, Sun Apr 26 07:48:50 2026
2026-04-26 07:48:49.830401-0500: NOTICE: doChange: addr 1.0 [7]
2026-04-26 07:48:49.830466-0500: NOTICE: doChange: addr 2.0 [7]
2026-04-26 07:48:49.833271-0500: NOTICE: doChange: addr 3.0 [7]
2026-04-26 07:49:09.520378-0500: NOTICE: accepted No_Media_Mode enter, Sun Apr 26 07:49:10 2026
2026-04-26 07:49:56.887888-0500: NOTICE: accepted No_Media_Mode exit, Sun Apr 26 07:49:56 2026
2026-04-26 07:49:56.899300-0500: NOTICE: doChange: addr 1.0 [7]
2026-04-26 07:49:56.899363-0500: NOTICE: doChange: addr 2.0 [7]
2026-04-26 07:49:56.902166-0500: NOTICE: doChange: addr 3.0 [7]
2026-04-26 07:50:12.711523-0500: NOTICE: accepted No_Media_Mode enter, Sun Apr 26 07:50:12 2026
2026-04-26 07:51:34.683820-0500: NOTICE: accepted No_Media_Mode exit, Sun Apr 26 07:51:34 2026
2026-04-26 07:51:34.696480-0500: NOTICE: doChange: addr 1.0 [7]
2026-04-26 07:51:34.696536-0500: NOTICE: doChange: addr 2.0 [7]
2026-04-26 07:51:34.699134-0500: NOTICE: doChange: addr 3.0 [7]
2026-04-26 07:51:50.515530-0500: NOTICE: accepted No_Media_Mode enter, Sun Apr 26 07:51:50 2026
2026-04-26 07:54:10.445790-0500: NOTICE: accepted No_Media_Mode exit, Sun Apr 26 07:54:10 2026
2026-04-26 07:54:10.494702-0500: NOTICE: doChange: addr 1.0 [7]
2026-04-26 07:54:10.494764-0500: NOTICE: doChange: addr 2.0 [7]
2026-04-26 07:54:10.497417-0500: NOTICE: doChange: addr 3.0 [7]
2026-04-26 07:54:26.287617-0500: NOTICE: accepted No_Media_Mode enter, Sun Apr 26 07:54:26 2026
2026-04-26 10:03:44.913363-0500: NOTICE: accepted No_Media_Mode exit, Sun Apr 26 10:03:44 2026
2026-04-26 10:03:45.006283-0500: NOTICE: doChange: addr 1.0 [7]
2026-04-26 10:03:45.006346-0500: NOTICE: doChange: addr 2.0 [7]
2026-04-26 10:03:45.008943-0500: NOTICE: doChange: addr 3.0 [7]
2026-04-29 07:08:41.123372-0500: PolicyEngine started: 7800020000000000, Time: Wed Apr 29 07:08:41 2026
2026-04-29 07:08:42.085767-0500: NOTICE: kAGDCCallbackCapability: 0x0 []
2026-04-29 07:08:42.684759-0500: NOTICE: Vendor portmap 0xe mst 0xc ddc 0xc aux 0xe
2026-04-29 07:08:42.685044-0500: NOTICE: Features policyd 0x20100000 kernel 0x0
2026-04-29 07:08:42.690793-0500: NOTICE: Populated addr 1.0 bad:f00d UUID 0 order 0:0 tx 2:2 dsp 1 WL 0 MS 0 edid 128 undef 0 DSC 0
2026-04-29 07:08:42.705584-0500: NOTICE: Populated addr 1.0 bad:f00d UUID 0 order 0:0 tx 2:2 dsp 1 WL 0 MS 0 edid 128 undef 0 DSC 0
2026-04-29 07:08:42.706810-0500: NOTICE: FB AGDC state FB[0] - ON
2026-04-29 07:08:42.709214-0500: NOTICE: accepted No_Media_Mode enter, Wed Apr 29 07:08:42 2026
2026-04-29 07:08:42.709266-0500: NOTICE: accepted No_Media_Mode exit, Wed Apr 29 07:08:42 2026
2026-04-29 07:08:42.709327-0500: NOTICE: doChange: addr 1.0 [7]
2026-04-29 07:08:42.709437-0500: NOTICE: doChange: addr 2.0 [7]
2026-04-29 07:08:42.712200-0500: NOTICE: doChange: addr 3.0 [7]
2026-04-29 07:08:42.721458-0500: NOTICE: doChange: addr 1.0 [7]
2026-04-29 07:08:42.721504-0500: NOTICE: doChange: addr 2.0 [7]
2026-04-29 07:08:42.724518-0500: NOTICE: doChange: addr 3.0 [7]
2026-04-29 08:05:13.614392-0500: NOTICE: accepted No_Media_Mode enter, Wed Apr 29 08:05:13 2026
2026-04-29 08:07:28.020189-0500: NOTICE: accepted No_Media_Mode exit, Wed Apr 29 08:07:28 2026
2026-04-29 08:07:28.031881-0500: NOTICE: doChange: addr 1.0 [7]
2026-04-29 08:07:28.031938-0500: NOTICE: doChange: addr 2.0 [7]
2026-04-29 08:07:28.034591-0500: NOTICE: doChange: addr 3.0 [7]
2026-04-29 08:09:37.374213-0500: NOTICE: accepted No_Media_Mode enter, Wed Apr 29 08:09:36 2026
2026-04-29 08:31:47.893922-0500: NOTICE: accepted No_Media_Mode exit, Wed Apr 29 08:31:47 2026
2026-04-29 08:31:47.936699-0500: NOTICE: doChange: addr 1.0 [7]
2026-04-29 08:31:47.936820-0500: NOTICE: doChange: addr 2.0 [7]
2026-04-29 08:31:47.939478-0500: NOTICE: doChange: addr 3.0 [7]
2026-04-29 09:50:32.057777-0500: NOTICE: accepted No_Media_Mode enter, Wed Apr 29 09:50:32 2026
2026-04-29 11:01:54.930635-0500: NOTICE: accepted No_Media_Mode exit, Wed Apr 29 11:01:54 2026
2026-04-29 11:01:54.973200-0500: NOTICE: doChange: addr 1.0 [7]
2026-04-29 11:01:54.973246-0500: NOTICE: doChange: addr 2.0 [7]
2026-04-29 11:01:54.990458-0500: NOTICE: doChange: addr 3.0 [7]
2026-04-29 12:19:18.246342-0500: NOTICE: accepted No_Media_Mode enter, Wed Apr 29 12:19:18 2026
2026-04-29 12:19:24.700309-0500: NOTICE: accepted No_Media_Mode exit, Wed Apr 29 12:19:24 2026
2026-04-29 12:19:24.931600-0500: NOTICE: doChange: addr 1.0 [7]
2026-04-29 12:19:24.971449-0500: NOTICE: doChange: addr 2.0 [7]
2026-04-29 12:19:24.977547-0500: NOTICE: doChange: addr 3.0 [7]
2026-04-29 14:47:53.112210-0500: NOTICE: accepted No_Media_Mode enter, Wed Apr 29 14:47:53 2026
2026-04-29 14:52:14.920499-0500: NOTICE: accepted No_Media_Mode exit, Wed Apr 29 14:52:14 2026
2026-04-29 14:52:14.983676-0500: NOTICE: doChange: addr 1.0 [7]
2026-04-29 14:52:14.984161-0500: NOTICE: doChange: addr 2.0 [7]
2026-04-29 14:52:14.993543-0500: NOTICE: doChange: addr 3.0 [7]
2026-04-29 14:53:02.157963-0500: NOTICE: accepted No_Media_Mode enter, Wed Apr 29 14:53:02 2026
2026-04-29 14:54:29.795217-0500: NOTICE: accepted No_Media_Mode exit, Wed Apr 29 14:54:29 2026
2026-04-29 14:54:29.805280-0500: NOTICE: doChange: addr 1.0 [7]
2026-04-29 14:54:29.805436-0500: NOTICE: doChange: addr 2.0 [7]
2026-04-29 14:54:29.808523-0500: NOTICE: doChange: addr 3.0 [7]
2026-04-29 14:55:00.081507-0500: NOTICE: accepted No_Media_Mode enter, Wed Apr 29 14:55:00 2026
2026-04-29 15:20:01.967743-0500: NOTICE: accepted No_Media_Mode exit, Wed Apr 29 15:20:01 2026
2026-04-29 15:20:01.978326-0500: NOTICE: doChange: addr 1.0 [7]
2026-04-29 15:20:01.978386-0500: NOTICE: doChange: addr 2.0 [7]
2026-04-29 15:20:01.981514-0500: NOTICE: doChange: addr 3.0 [7]
2026-04-29 15:20:32.222292-0500: NOTICE: accepted No_Media_Mode enter, Wed Apr 29 15:20:33 2026
2026-04-29 15:21:53.715667-0500: NOTICE: accepted No_Media_Mode exit, Wed Apr 29 15:21:54 2026
2026-04-29 15:21:53.745998-0500: NOTICE: doChange: addr 1.0 [7]
2026-04-29 15:21:53.746120-0500: NOTICE: doChange: addr 2.0 [7]
2026-04-29 15:21:53.748806-0500: NOTICE: doChange: addr 3.0 [7]
2026-04-29 17:44:21.040876-0500: PolicyEngine started: 7800020000000000, Time: Wed Apr 29 17:44:21 2026
2026-04-29 17:44:21.679227-0500: NOTICE: kAGDCCallbackCapability: 0x0 []
2026-04-29 17:44:22.492527-0500: NOTICE: Vendor portmap 0xe mst 0xc ddc 0xc aux 0xe
2026-04-29 17:44:22.492918-0500: NOTICE: Features policyd 0x20100000 kernel 0x0
2026-04-29 17:44:22.538207-0500: NOTICE: Populated addr 1.0 bad:f00d UUID 0 order 0:0 tx 2:2 dsp 1 WL 0 MS 0 edid 128 undef 0 DSC 0
2026-04-29 17:44:22.545535-0500: NOTICE: Populated addr 1.0 bad:f00d UUID 0 order 0:0 tx 2:2 dsp 1 WL 0 MS 0 edid 128 undef 0 DSC 0
2026-04-29 17:44:22.545579-0500: NOTICE: FB AGDC state FB[0] - ON
2026-04-29 17:44:22.548586-0500: NOTICE: accepted No_Media_Mode enter, Wed Apr 29 17:44:22 2026
2026-04-29 17:44:22.548630-0500: NOTICE: accepted No_Media_Mode exit, Wed Apr 29 17:44:22 2026
2026-04-29 17:44:22.548704-0500: NOTICE: doChange: addr 1.0 [7]
2026-04-29 17:44:22.548724-0500: NOTICE: doChange: addr 2.0 [7]
2026-04-29 17:44:22.551878-0500: NOTICE: doChange: addr 3.0 [7]
2026-04-29 17:44:22.560676-0500: NOTICE: doChange: addr 1.0 [7]
2026-04-29 17:44:22.560719-0500: NOTICE: doChange: addr 2.0 [7]
2026-04-29 17:44:22.563728-0500: NOTICE: doChange: addr 3.0 [7]
2026-04-29 17:44:22.930802-0500: PolicyEngine started: 7800020000000000, Time: Wed Apr 29 17:44:22 2026
2026-04-29 17:44:22.931036-0500: NOTICE: kAGDCCallbackCapability: 0x0 []
2026-04-29 17:44:22.936276-0500: NOTICE: Vendor portmap 0xe mst 0xc ddc 0xc aux 0xe
2026-04-29 17:44:22.936395-0500: NOTICE: Features policyd 0x20100000 kernel 0x0
2026-04-29 17:44:22.936683-0500: NOTICE: doing display state recovery
2026-04-29 17:44:22.940933-0500: NOTICE: FB AGDC state FB[0] - ON
2026-04-29 17:44:22.943263-0500: NOTICE: doChange: addr 1.0 [7]
2026-04-29 17:44:22.943316-0500: NOTICE: doChange: addr 2.0 [7]
2026-04-29 17:44:22.946233-0500: NOTICE: doChange: addr 3.0 [7]
2026-04-29 18:39:37.067635-0500: NOTICE: accepted No_Media_Mode enter, Wed Apr 29 18:39:37 2026
2026-04-29 18:45:26.959551-0500: NOTICE: accepted No_Media_Mode exit, Wed Apr 29 18:45:26 2026
2026-04-29 18:45:27.020037-0500: NOTICE: doChange: addr 1.0 [7]
2026-04-29 18:45:27.020094-0500: NOTICE: doChange: addr 2.0 [7]
2026-04-29 18:45:27.026371-0500: NOTICE: doChange: addr 3.0 [7]
2026-04-29 19:11:40.444128-0500: PolicyEngine started: 7800020000000000, Time: Wed Apr 29 19:11:40 2026
2026-04-29 19:11:41.095682-0500: NOTICE: kAGDCCallbackCapability: 0x0 []
2026-04-29 19:11:41.861458-0500: NOTICE: Vendor portmap 0xe mst 0xc ddc 0xc aux 0xe
2026-04-29 19:11:41.864128-0500: NOTICE: Features policyd 0x20100000 kernel 0x0
2026-04-29 19:11:41.884816-0500: NOTICE: Populated addr 1.0 bad:f00d UUID 0 order 0:0 tx 2:2 dsp 1 WL 0 MS 0 edid 128 undef 0 DSC 0
2026-04-29 19:11:41.892833-0500: NOTICE: Populated addr 1.0 bad:f00d UUID 0 order 0:0 tx 2:2 dsp 1 WL 0 MS 0 edid 128 undef 0 DSC 0
2026-04-29 19:11:41.893014-0500: NOTICE: FB AGDC state FB[0] - ON
2026-04-29 19:11:41.904666-0500: NOTICE: accepted No_Media_Mode enter, Wed Apr 29 19:11:41 2026
2026-04-29 19:11:41.905128-0500: NOTICE: accepted No_Media_Mode exit, Wed Apr 29 19:11:41 2026
2026-04-29 19:11:41.905560-0500: NOTICE: doChange: addr 1.0 [7]
2026-04-29 19:11:41.905624-0500: NOTICE: doChange: addr 2.0 [7]
2026-04-29 19:11:41.909697-0500: NOTICE: doChange: addr 3.0 [7]
2026-04-29 19:11:41.927492-0500: NOTICE: doChange: addr 1.0 [7]
2026-04-29 19:11:41.929069-0500: NOTICE: doChange: addr 2.0 [7]
2026-04-29 19:11:41.935179-0500: NOTICE: doChange: addr 3.0 [7]
2026-04-29 19:11:42.293372-0500: PolicyEngine started: 7800020000000000, Time: Wed Apr 29 19:11:42 2026
2026-04-29 19:11:42.300500-0500: NOTICE: kAGDCCallbackCapability: 0x0 []
2026-04-29 19:11:42.305611-0500: NOTICE: Vendor portmap 0xe mst 0xc ddc 0xc aux 0xe
2026-04-29 19:11:42.305670-0500: NOTICE: Features policyd 0x20100000 kernel 0x0
2026-04-29 19:11:42.307046-0500: NOTICE: doing display state recovery
2026-04-29 19:11:42.307886-0500: NOTICE: FB AGDC state FB[0] - ON
2026-04-29 19:11:42.317821-0500: NOTICE: doChange: addr 1.0 [7]
2026-04-29 19:11:42.317892-0500: NOTICE: doChange: addr 2.0 [7]
2026-04-29 19:11:42.322327-0500: NOTICE: doChange: addr 3.0 [7]
2026-04-29 22:40:27.191475-0500: PolicyEngine started: 7800020000000000, Time: Wed Apr 29 22:40:27 2026
2026-04-29 22:40:27.881266-0500: NOTICE: kAGDCCallbackCapability: 0x0 []
2026-04-29 22:40:28.663134-0500: NOTICE: Vendor portmap 0xe mst 0xc ddc 0xc aux 0xe
2026-04-29 22:40:28.663571-0500: NOTICE: Features policyd 0x20100000 kernel 0x0
2026-04-29 22:40:28.670918-0500: NOTICE: Populated addr 1.0 bad:f00d UUID 0 order 0:0 tx 2:2 dsp 1 WL 0 MS 0 edid 128 undef 0 DSC 0
2026-04-29 22:40:28.676092-0500: NOTICE: Populated addr 1.0 bad:f00d UUID 0 order 0:0 tx 2:2 dsp 1 WL 0 MS 0 edid 128 undef 0 DSC 0
2026-04-29 22:40:28.676142-0500: NOTICE: FB AGDC state FB[0] - ON
2026-04-29 22:40:28.679093-0500: NOTICE: accepted No_Media_Mode enter, Wed Apr 29 22:40:28 2026
2026-04-29 22:40:28.679142-0500: NOTICE: accepted No_Media_Mode exit, Wed Apr 29 22:40:28 2026
2026-04-29 22:40:28.679259-0500: NOTICE: doChange: addr 1.0 [7]
2026-04-29 22:40:28.679283-0500: NOTICE: doChange: addr 2.0 [7]
2026-04-29 22:40:28.682221-0500: NOTICE: doChange: addr 3.0 [7]
2026-04-29 22:40:28.692993-0500: NOTICE: doChange: addr 1.0 [7]
2026-04-29 22:40:28.693043-0500: NOTICE: doChange: addr 2.0 [7]
2026-04-29 22:40:28.695806-0500: NOTICE: doChange: addr 3.0 [7]
2026-04-30 00:44:24.087663-0500: NOTICE: accepted No_Media_Mode enter, Thu Apr 30 00:44:24 2026
2026-04-30 00:47:17.020889-0500: NOTICE: accepted No_Media_Mode exit, Thu Apr 30 00:47:17 2026
2026-04-30 00:47:17.086766-0500: NOTICE: doChange: addr 1.0 [7]
2026-04-30 00:47:17.086833-0500: NOTICE: doChange: addr 2.0 [7]
2026-04-30 00:47:17.089655-0500: NOTICE: doChange: addr 3.0 [7]
2026-04-30 00:47:33.757663-0500: NOTICE: accepted No_Media_Mode enter, Thu Apr 30 00:47:34 2026
2026-04-30 00:58:26.123296-0500: NOTICE: accepted No_Media_Mode exit, Thu Apr 30 00:58:26 2026
2026-04-30 00:58:26.305360-0500: NOTICE: doChange: addr 1.0 [7]
2026-04-30 00:58:26.305422-0500: NOTICE: doChange: addr 2.0 [7]
2026-04-30 00:58:26.308028-0500: NOTICE: doChange: addr 3.0 [7]
2026-04-30 00:58:42.238976-0500: NOTICE: accepted No_Media_Mode enter, Thu Apr 30 00:58:43 2026
2026-04-30 01:04:19.933031-0500: NOTICE: accepted No_Media_Mode exit, Thu Apr 30 01:04:19 2026
2026-04-30 01:04:19.970320-0500: NOTICE: doChange: addr 1.0 [7]
2026-04-30 01:04:19.970374-0500: NOTICE: doChange: addr 2.0 [7]
2026-04-30 01:04:19.973703-0500: NOTICE: doChange: addr 3.0 [7]
2026-04-30 01:04:35.734707-0500: NOTICE: accepted No_Media_Mode enter, Thu Apr 30 01:04:36 2026
2026-04-30 01:06:09.246162-0500: NOTICE: accepted No_Media_Mode exit, Thu Apr 30 01:06:09 2026
2026-04-30 01:06:09.261455-0500: NOTICE: doChange: addr 1.0 [7]
2026-04-30 01:06:09.261514-0500: NOTICE: doChange: addr 2.0 [7]
2026-04-30 01:06:09.264188-0500: NOTICE: doChange: addr 3.0 [7]
2026-04-30 01:06:25.108899-0500: NOTICE: accepted No_Media_Mode enter, Thu Apr 30 01:06:26 2026
2026-04-30 02:37:27.619826-0500: NOTICE: accepted No_Media_Mode exit, Thu Apr 30 02:37:27 2026
2026-04-30 02:37:27.813184-0500: NOTICE: doChange: addr 1.0 [7]
2026-04-30 02:37:27.813424-0500: NOTICE: doChange: addr 2.0 [7]
2026-04-30 02:37:27.816402-0500: NOTICE: doChange: addr 3.0 [7]
2026-04-30 06:06:17.578387-0500: NOTICE: accepted No_Media_Mode enter, Thu Apr 30 06:06:17 2026
2026-04-30 06:06:21.838975-0500: NOTICE: accepted No_Media_Mode exit, Thu Apr 30 06:06:21 2026
2026-04-30 06:06:22.909870-0500: NOTICE: doChange: addr 1.0 [7]
2026-04-30 06:06:22.950660-0500: NOTICE: doChange: addr 2.0 [7]
2026-04-30 06:06:22.953579-0500: NOTICE: doChange: addr 3.0 [7]
2026-04-30 06:08:15.969829-0500: NOTICE: accepted No_Media_Mode enter, Thu Apr 30 06:08:15 2026
2026-04-30 06:08:19.097695-0500: NOTICE: accepted No_Media_Mode exit, Thu Apr 30 06:08:19 2026
2026-04-30 06:08:19.480978-0500: NOTICE: doChange: addr 1.0 [7]
2026-04-30 06:08:19.481053-0500: NOTICE: doChange: addr 2.0 [7]
2026-04-30 06:08:19.484190-0500: NOTICE: doChange: addr 3.0 [7]
2026-04-30 06:08:56.589572-0500: NOTICE: accepted No_Media_Mode enter, Thu Apr 30 06:08:56 2026
2026-04-30 06:16:59.928557-0500: NOTICE: accepted No_Media_Mode exit, Thu Apr 30 06:16:59 2026
2026-04-30 06:17:00.020284-0500: NOTICE: doChange: addr 1.0 [7]
2026-04-30 06:17:00.020325-0500: NOTICE: doChange: addr 2.0 [7]
2026-04-30 06:17:00.023173-0500: NOTICE: doChange: addr 3.0 [7]
2026-04-30 06:17:31.939630-0500: NOTICE: accepted No_Media_Mode enter, Thu Apr 30 06:17:31 2026
2026-04-30 06:31:22.898911-0500: NOTICE: accepted No_Media_Mode exit, Thu Apr 30 06:31:22 2026
2026-04-30 06:31:22.925129-0500: NOTICE: doChange: addr 1.0 [7]
2026-04-30 06:31:22.925190-0500: NOTICE: doChange: addr 2.0 [7]
2026-04-30 06:31:22.928320-0500: NOTICE: doChange: addr 3.0 [7]
2026-04-30 06:31:53.189031-0500: NOTICE: accepted No_Media_Mode enter, Thu Apr 30 06:31:53 2026
2026-04-30 06:31:57.643592-0500: NOTICE: accepted No_Media_Mode exit, Thu Apr 30 06:31:57 2026
2026-04-30 06:31:57.921905-0500: NOTICE: doChange: addr 1.0 [7]
2026-04-30 06:31:57.921966-0500: NOTICE: doChange: addr 2.0 [7]
2026-04-30 06:31:57.925067-0500: NOTICE: doChange: addr 3.0 [7]
2026-04-30 06:32:30.024922-0500: NOTICE: accepted No_Media_Mode enter, Thu Apr 30 06:32:30 2026
2026-04-30 06:33:52.228531-0500: NOTICE: accepted No_Media_Mode exit, Thu Apr 30 06:33:52 2026
2026-04-30 06:33:52.402350-0500: NOTICE: doChange: addr 1.0 [7]
2026-04-30 06:33:52.402406-0500: NOTICE: doChange: addr 2.0 [7]
2026-04-30 06:33:52.405061-0500: NOTICE: doChange: addr 3.0 [7]
2026-04-30 06:36:25.885752-0500: NOTICE: accepted No_Media_Mode enter, Thu Apr 30 06:36:25 2026
2026-04-30 06:37:15.900300-0500: NOTICE: accepted No_Media_Mode exit, Thu Apr 30 06:37:15 2026
2026-04-30 06:37:15.937063-0500: NOTICE: doChange: addr 1.0 [7]
2026-04-30 06:37:15.937140-0500: NOTICE: doChange: addr 2.0 [7]
2026-04-30 06:37:15.939901-0500: NOTICE: doChange: addr 3.0 [7]
2026-04-30 07:54:36.475766-0500: NOTICE: accepted No_Media_Mode enter, Thu Apr 30 07:54:36 2026
2026-04-30 07:55:18.616308-0500: NOTICE: accepted No_Media_Mode exit, Thu Apr 30 07:55:18 2026
2026-04-30 07:55:18.707388-0500: NOTICE: doChange: addr 1.0 [7]
2026-04-30 07:55:18.707459-0500: NOTICE: doChange: addr 2.0 [7]
2026-04-30 07:55:18.710133-0500: NOTICE: doChange: addr 3.0 [7]
2026-04-30 07:55:34.441453-0500: NOTICE: accepted No_Media_Mode enter, Thu Apr 30 07:55:34 2026
2026-04-30 09:07:49.978913-0500: NOTICE: accepted No_Media_Mode exit, Thu Apr 30 09:07:49 2026
2026-04-30 09:07:50.028689-0500: NOTICE: doChange: addr 1.0 [7]
2026-04-30 09:07:50.028752-0500: NOTICE: doChange: addr 2.0 [7]
2026-04-30 09:07:50.031937-0500: NOTICE: doChange: addr 3.0 [7]
2026-04-30 09:42:33.802252-0500: NOTICE: accepted No_Media_Mode enter, Thu Apr 30 09:42:33 2026
2026-04-30 09:43:20.954987-0500: NOTICE: accepted No_Media_Mode exit, Thu Apr 30 09:43:20 2026
2026-04-30 09:43:20.985905-0500: NOTICE: doChange: addr 1.0 [7]
2026-04-30 09:43:20.985986-0500: NOTICE: doChange: addr 2.0 [7]
2026-04-30 09:43:20.990117-0500: NOTICE: doChange: addr 3.0 [7]
2026-04-30 09:43:36.884621-0500: NOTICE: accepted No_Media_Mode enter, Thu Apr 30 09:43:36 2026
2026-04-30 10:09:26.943258-0500: NOTICE: accepted No_Media_Mode exit, Thu Apr 30 10:09:26 2026
2026-04-30 10:09:26.974561-0500: NOTICE: doChange: addr 1.0 [7]
2026-04-30 10:09:26.974616-0500: NOTICE: doChange: addr 2.0 [7]
2026-04-30 10:09:26.977378-0500: NOTICE: doChange: addr 3.0 [7]
2026-04-30 10:09:46.808045-0500: NOTICE: accepted No_Media_Mode enter, Thu Apr 30 10:09:47 2026
2026-04-30 10:15:46.574400-0500: NOTICE: accepted No_Media_Mode exit, Thu Apr 30 10:15:47 2026
2026-04-30 10:15:46.629511-0500: NOTICE: doChange: addr 1.0 [7]
2026-04-30 10:15:46.629577-0500: NOTICE: doChange: addr 2.0 [7]
2026-04-30 10:15:46.632278-0500: NOTICE: doChange: addr 3.0 [7]
2026-04-30 22:12:15.643914-0500: PolicyEngine started: 7800020000000000, Time: Thu Apr 30 22:12:15 2026
2026-04-30 22:12:16.284340-0500: NOTICE: kAGDCCallbackCapability: 0x0 []
2026-04-30 22:12:17.094342-0500: NOTICE: Vendor portmap 0xe mst 0xc ddc 0xc aux 0xe
2026-04-30 22:12:17.102570-0500: NOTICE: Features policyd 0x20100000 kernel 0x0
2026-04-30 22:12:17.124943-0500: NOTICE: Populated addr 1.0 bad:f00d UUID 0 order 0:0 tx 2:2 dsp 1 WL 0 MS 0 edid 128 undef 0 DSC 0
2026-04-30 22:12:17.130917-0500: NOTICE: Populated addr 1.0 bad:f00d UUID 0 order 0:0 tx 2:2 dsp 1 WL 0 MS 0 edid 128 undef 0 DSC 0
2026-04-30 22:12:17.130980-0500: NOTICE: FB AGDC state FB[0] - ON
2026-04-30 22:12:17.134063-0500: NOTICE: accepted No_Media_Mode enter, Thu Apr 30 22:12:17 2026
2026-04-30 22:12:17.134649-0500: NOTICE: accepted No_Media_Mode exit, Thu Apr 30 22:12:17 2026
2026-04-30 22:12:17.134825-0500: NOTICE: doChange: addr 1.0 [7]
2026-04-30 22:12:17.135510-0500: NOTICE: doChange: addr 2.0 [7]
2026-04-30 22:12:17.140504-0500: NOTICE: doChange: addr 3.0 [7]
2026-04-30 22:12:17.164880-0500: NOTICE: doChange: addr 1.0 [7]
2026-04-30 22:12:17.165418-0500: NOTICE: doChange: addr 2.0 [7]
2026-04-30 22:12:17.168687-0500: NOTICE: doChange: addr 3.0 [7]
2026-04-30 22:48:35.997139-0500: NOTICE: accepted No_Media_Mode enter, Thu Apr 30 22:48:35 2026
2026-04-30 22:48:37.230269-0500: NOTICE: accepted No_Media_Mode exit, Thu Apr 30 22:48:37 2026
2026-04-30 22:48:37.683855-0500: NOTICE: doChange: addr 1.0 [7]
2026-04-30 22:48:37.683930-0500: NOTICE: doChange: addr 2.0 [7]
2026-04-30 22:48:37.686804-0500: NOTICE: doChange: addr 3.0 [7]
2026-04-30 22:49:08.547527-0500: NOTICE: accepted No_Media_Mode enter, Thu Apr 30 22:49:08 2026
2026-04-30 23:16:55.350801-0500: NOTICE: accepted No_Media_Mode exit, Thu Apr 30 23:16:55 2026
2026-04-30 23:16:55.733958-0500: NOTICE: doChange: addr 1.0 [7]
2026-04-30 23:16:55.734055-0500: NOTICE: doChange: addr 2.0 [7]
2026-04-30 23:16:55.737564-0500: NOTICE: doChange: addr 3.0 [7]
2026-05-01 01:29:31.822825-0500: NOTICE: accepted No_Media_Mode enter, Fri May  1 01:29:31 2026
2026-05-01 01:34:05.466951-0500: NOTICE: accepted No_Media_Mode exit, Fri May  1 01:34:05 2026
2026-05-01 01:34:05.503208-0500: NOTICE: doChange: addr 1.0 [7]
2026-05-01 01:34:05.503361-0500: NOTICE: doChange: addr 2.0 [7]
2026-05-01 01:34:05.506453-0500: NOTICE: doChange: addr 3.0 [7]
2026-05-01 01:34:25.331488-0500: NOTICE: accepted No_Media_Mode enter, Fri May  1 01:34:26 2026
2026-05-01 01:34:27.972150-0500: NOTICE: accepted No_Media_Mode exit, Fri May  1 01:34:28 2026
2026-05-01 01:34:28.244303-0500: NOTICE: doChange: addr 1.0 [7]
2026-05-01 01:34:28.244439-0500: NOTICE: doChange: addr 2.0 [7]
2026-05-01 01:34:28.247947-0500: NOTICE: doChange: addr 3.0 [7]
2026-05-01 01:34:47.922759-0500: NOTICE: accepted No_Media_Mode enter, Fri May  1 01:34:48 2026
2026-05-01 01:35:13.931601-0500: NOTICE: accepted No_Media_Mode exit, Fri May  1 01:35:14 2026
2026-05-01 01:35:13.955124-0500: NOTICE: doChange: addr 1.0 [7]
2026-05-01 01:35:13.955191-0500: NOTICE: doChange: addr 2.0 [7]
2026-05-01 01:35:13.957864-0500: NOTICE: doChange: addr 3.0 [7]
2026-05-01 01:35:29.786110-0500: NOTICE: accepted No_Media_Mode enter, Fri May  1 01:35:32 2026
2026-05-01 01:36:08.655433-0500: NOTICE: accepted No_Media_Mode exit, Fri May  1 01:36:10 2026
2026-05-01 01:36:08.669726-0500: NOTICE: doChange: addr 1.0 [7]
2026-05-01 01:36:08.670128-0500: NOTICE: doChange: addr 2.0 [7]
2026-05-01 01:36:08.672837-0500: NOTICE: doChange: addr 3.0 [7]
2026-05-01 01:36:24.468050-0500: NOTICE: accepted No_Media_Mode enter, Fri May  1 01:36:26 2026
2026-05-01 01:39:35.706959-0500: NOTICE: accepted No_Media_Mode exit, Fri May  1 01:39:37 2026
2026-05-01 01:39:35.728550-0500: NOTICE: doChange: addr 1.0 [7]
2026-05-01 01:39:35.728610-0500: NOTICE: doChange: addr 2.0 [7]
2026-05-01 01:39:35.731408-0500: NOTICE: doChange: addr 3.0 [7]
2026-05-01 01:39:51.550761-0500: NOTICE: accepted No_Media_Mode enter, Fri May  1 01:39:54 2026
2026-05-01 01:40:37.217140-0500: NOTICE: accepted No_Media_Mode exit, Fri May  1 01:40:39 2026
2026-05-01 01:40:37.263815-0500: NOTICE: doChange: addr 1.0 [7]
2026-05-01 01:40:37.263890-0500: NOTICE: doChange: addr 2.0 [7]
2026-05-01 01:40:37.266611-0500: NOTICE: doChange: addr 3.0 [7]
2026-05-01 01:40:53.091832-0500: NOTICE: accepted No_Media_Mode enter, Fri May  1 01:40:56 2026
2026-05-01 01:40:55.671399-0500: NOTICE: accepted No_Media_Mode exit, Fri May  1 01:40:59 2026
2026-05-01 01:40:55.943117-0500: NOTICE: doChange: addr 1.0 [7]
2026-05-01 01:40:55.943190-0500: NOTICE: doChange: addr 2.0 [7]
2026-05-01 01:40:55.945978-0500: NOTICE: doChange: addr 3.0 [7]
2026-05-01 01:41:15.644628-0500: NOTICE: accepted No_Media_Mode enter, Fri May  1 01:41:19 2026
2026-05-01 01:41:17.564790-0500: NOTICE: accepted No_Media_Mode exit, Fri May  1 01:41:20 2026
2026-05-01 01:41:17.869943-0500: NOTICE: doChange: addr 1.0 [7]
2026-05-01 01:41:17.870016-0500: NOTICE: doChange: addr 2.0 [7]
2026-05-01 01:41:17.872781-0500: NOTICE: doChange: addr 3.0 [7]
2026-05-01 01:41:37.537502-0500: NOTICE: accepted No_Media_Mode enter, Fri May  1 01:41:40 2026
2026-05-01 01:42:21.569593-0500: NOTICE: accepted No_Media_Mode exit, Fri May  1 01:42:24 2026
2026-05-01 01:42:21.580004-0500: NOTICE: doChange: addr 1.0 [7]
2026-05-01 01:42:21.580074-0500: NOTICE: doChange: addr 2.0 [7]
2026-05-01 01:42:21.582685-0500: NOTICE: doChange: addr 3.0 [7]
2026-05-01 01:42:37.403571-0500: NOTICE: accepted No_Media_Mode enter, Fri May  1 01:42:40 2026
2026-05-01 01:43:33.445796-0500: NOTICE: accepted No_Media_Mode exit, Fri May  1 01:43:36 2026
2026-05-01 01:43:33.457127-0500: NOTICE: doChange: addr 1.0 [7]
2026-05-01 01:43:33.457196-0500: NOTICE: doChange: addr 2.0 [7]
2026-05-01 01:43:33.459835-0500: NOTICE: doChange: addr 3.0 [7]
2026-05-01 01:43:49.268298-0500: NOTICE: accepted No_Media_Mode enter, Fri May  1 01:43:52 2026
2026-05-01 01:43:51.058272-0500: NOTICE: accepted No_Media_Mode exit, Fri May  1 01:43:54 2026
2026-05-01 01:43:51.348162-0500: NOTICE: doChange: addr 1.0 [7]
2026-05-01 01:43:51.348226-0500: NOTICE: doChange: addr 2.0 [7]
2026-05-01 01:43:51.350863-0500: NOTICE: doChange: addr 3.0 [7]
2026-05-01 01:44:11.017560-0500: NOTICE: accepted No_Media_Mode enter, Fri May  1 01:44:14 2026
2026-05-01 01:44:40.879362-0500: NOTICE: accepted No_Media_Mode exit, Fri May  1 01:44:40 2026
2026-05-01 01:44:40.889715-0500: NOTICE: doChange: addr 1.0 [7]
2026-05-01 01:44:40.889780-0500: NOTICE: doChange: addr 2.0 [7]
2026-05-01 01:44:40.893063-0500: NOTICE: doChange: addr 3.0 [7]
2026-05-01 01:44:56.741802-0500: NOTICE: accepted No_Media_Mode enter, Fri May  1 01:44:57 2026
2026-05-01 01:44:58.296845-0500: NOTICE: accepted No_Media_Mode exit, Fri May  1 01:44:58 2026
2026-05-01 01:44:58.420984-0500: NOTICE: doChange: addr 1.0 [7]
2026-05-01 01:44:58.421048-0500: NOTICE: doChange: addr 2.0 [7]
2026-05-01 01:44:58.423774-0500: NOTICE: doChange: addr 3.0 [7]
2026-05-01 01:45:18.231752-0500: NOTICE: accepted No_Media_Mode enter, Fri May  1 01:45:18 2026
2026-05-01 01:45:20.364889-0500: NOTICE: accepted No_Media_Mode exit, Fri May  1 01:45:20 2026
2026-05-01 01:45:20.540510-0500: NOTICE: doChange: addr 1.0 [7]
2026-05-01 01:45:20.540566-0500: NOTICE: doChange: addr 2.0 [7]
2026-05-01 01:45:20.543364-0500: NOTICE: doChange: addr 3.0 [7]
2026-05-01 01:45:40.239518-0500: NOTICE: accepted No_Media_Mode enter, Fri May  1 01:45:40 2026
2026-05-01 01:46:23.583167-0500: NOTICE: accepted No_Media_Mode exit, Fri May  1 01:46:23 2026
2026-05-01 01:46:23.593161-0500: NOTICE: doChange: addr 1.0 [7]
2026-05-01 01:46:23.593273-0500: NOTICE: doChange: addr 2.0 [7]
2026-05-01 01:46:23.596929-0500: NOTICE: doChange: addr 3.0 [7]
2026-05-01 01:46:39.414544-0500: NOTICE: accepted No_Media_Mode enter, Fri May  1 01:46:39 2026
2026-05-01 01:47:23.444061-0500: NOTICE: accepted No_Media_Mode exit, Fri May  1 01:47:23 2026
2026-05-01 01:47:23.461295-0500: NOTICE: doChange: addr 1.0 [7]
2026-05-01 01:47:23.461365-0500: NOTICE: doChange: addr 2.0 [7]
2026-05-01 01:47:23.464173-0500: NOTICE: doChange: addr 3.0 [7]
2026-05-01 01:47:39.250311-0500: NOTICE: accepted No_Media_Mode enter, Fri May  1 01:47:40 2026
2026-05-01 01:47:42.398939-0500: NOTICE: accepted No_Media_Mode exit, Fri May  1 01:47:43 2026
2026-05-01 01:47:42.599498-0500: NOTICE: doChange: addr 1.0 [7]
2026-05-01 01:47:42.599568-0500: NOTICE: doChange: addr 2.0 [7]
2026-05-01 01:47:42.602349-0500: NOTICE: doChange: addr 3.0 [7]
2026-05-01 01:48:02.361956-0500: NOTICE: accepted No_Media_Mode enter, Fri May  1 01:48:03 2026
2026-05-01 01:48:26.967208-0500: NOTICE: accepted No_Media_Mode exit, Fri May  1 01:48:27 2026
2026-05-01 01:48:26.977297-0500: NOTICE: doChange: addr 1.0 [7]
2026-05-01 01:48:26.977358-0500: NOTICE: doChange: addr 2.0 [7]
2026-05-01 01:48:26.980387-0500: NOTICE: doChange: addr 3.0 [7]
2026-05-01 01:48:42.778086-0500: NOTICE: accepted No_Media_Mode enter, Fri May  1 01:48:43 2026
2026-05-01 01:48:45.914813-0500: NOTICE: accepted No_Media_Mode exit, Fri May  1 01:48:46 2026
2026-05-01 01:48:46.056107-0500: NOTICE: doChange: addr 1.0 [7]
2026-05-01 01:48:46.056159-0500: NOTICE: doChange: addr 2.0 [7]
2026-05-01 01:48:46.058719-0500: NOTICE: doChange: addr 3.0 [7]
2026-05-01 01:49:05.823073-0500: NOTICE: accepted No_Media_Mode enter, Fri May  1 01:49:06 2026
2026-05-01 01:49:28.248482-0500: NOTICE: accepted No_Media_Mode exit, Fri May  1 01:49:29 2026
2026-05-01 01:49:28.258898-0500: NOTICE: doChange: addr 1.0 [7]
2026-05-01 01:49:28.258970-0500: NOTICE: doChange: addr 2.0 [7]
2026-05-01 01:49:28.262170-0500: NOTICE: doChange: addr 3.0 [7]
2026-05-01 01:49:44.063038-0500: NOTICE: accepted No_Media_Mode enter, Fri May  1 01:49:45 2026
2026-05-01 01:50:45.850410-0500: NOTICE: accepted No_Media_Mode exit, Fri May  1 01:50:46 2026
2026-05-01 01:50:45.870445-0500: NOTICE: doChange: addr 1.0 [7]
2026-05-01 01:50:45.870509-0500: NOTICE: doChange: addr 2.0 [7]
2026-05-01 01:50:45.873178-0500: NOTICE: doChange: addr 3.0 [7]
2026-05-01 01:51:01.682742-0500: NOTICE: accepted No_Media_Mode enter, Fri May  1 01:51:02 2026
2026-05-01 01:51:04.359163-0500: NOTICE: accepted No_Media_Mode exit, Fri May  1 01:51:05 2026
2026-05-01 01:51:04.521054-0500: NOTICE: doChange: addr 1.0 [7]
2026-05-01 01:51:04.521287-0500: NOTICE: doChange: addr 2.0 [7]
2026-05-01 01:51:04.524024-0500: NOTICE: doChange: addr 3.0 [7]
2026-05-01 01:51:26.141454-0500: NOTICE: accepted No_Media_Mode enter, Fri May  1 01:51:27 2026
2026-05-01 01:54:51.657269-0500: NOTICE: accepted No_Media_Mode exit, Fri May  1 01:54:52 2026
2026-05-01 01:54:51.670670-0500: NOTICE: doChange: addr 1.0 [7]
2026-05-01 01:54:51.670733-0500: NOTICE: doChange: addr 2.0 [7]
2026-05-01 01:54:51.673387-0500: NOTICE: doChange: addr 3.0 [7]
2026-05-01 01:55:07.533994-0500: NOTICE: accepted No_Media_Mode enter, Fri May  1 01:55:09 2026
2026-05-01 02:00:36.931114-0500: NOTICE: accepted No_Media_Mode exit, Fri May  1 02:00:36 2026
2026-05-01 02:00:36.949461-0500: NOTICE: doChange: addr 1.0 [7]
2026-05-01 02:00:36.949537-0500: NOTICE: doChange: addr 2.0 [7]
2026-05-01 02:00:36.952379-0500: NOTICE: doChange: addr 3.0 [7]
2026-05-01 02:00:52.823683-0500: NOTICE: accepted No_Media_Mode enter, Fri May  1 02:00:52 2026
2026-05-01 02:08:22.104312-0500: NOTICE: accepted No_Media_Mode exit, Fri May  1 02:08:21 2026
2026-05-01 02:08:22.123546-0500: NOTICE: doChange: addr 1.0 [7]
2026-05-01 02:08:22.123623-0500: NOTICE: doChange: addr 2.0 [7]
2026-05-01 02:08:22.126394-0500: NOTICE: doChange: addr 3.0 [7]
2026-05-01 02:08:37.921631-0500: NOTICE: accepted No_Media_Mode enter, Fri May  1 02:08:37 2026
2026-05-01 02:08:40.602795-0500: NOTICE: accepted No_Media_Mode exit, Fri May  1 02:08:40 2026
2026-05-01 02:08:40.784179-0500: NOTICE: doChange: addr 1.0 [7]
2026-05-01 02:08:40.784286-0500: NOTICE: doChange: addr 2.0 [7]
2026-05-01 02:08:40.787018-0500: NOTICE: doChange: addr 3.0 [7]
2026-05-01 02:09:00.450126-0500: NOTICE: accepted No_Media_Mode enter, Fri May  1 02:09:00 2026
2026-05-01 02:09:22.454956-0500: NOTICE: accepted No_Media_Mode exit, Fri May  1 02:09:22 2026
2026-05-01 02:09:22.482279-0500: NOTICE: doChange: addr 1.0 [7]
2026-05-01 02:09:22.482371-0500: NOTICE: doChange: addr 2.0 [7]
2026-05-01 02:09:22.485679-0500: NOTICE: doChange: addr 3.0 [7]
2026-05-01 02:09:38.301454-0500: NOTICE: accepted No_Media_Mode enter, Fri May  1 02:09:38 2026
2026-05-01 02:09:41.244375-0500: NOTICE: accepted No_Media_Mode exit, Fri May  1 02:09:41 2026
2026-05-01 02:09:41.506103-0500: NOTICE: doChange: addr 1.0 [7]
2026-05-01 02:09:41.506166-0500: NOTICE: doChange: addr 2.0 [7]
2026-05-01 02:09:41.508775-0500: NOTICE: doChange: addr 3.0 [7]
2026-05-01 02:10:01.205865-0500: NOTICE: accepted No_Media_Mode enter, Fri May  1 02:10:01 2026
2026-05-01 02:10:03.251817-0500: NOTICE: accepted No_Media_Mode exit, Fri May  1 02:10:03 2026
2026-05-01 02:10:03.400803-0500: NOTICE: doChange: addr 1.0 [7]
2026-05-01 02:10:03.400886-0500: NOTICE: doChange: addr 2.0 [7]
2026-05-01 02:10:03.403600-0500: NOTICE: doChange: addr 3.0 [7]
2026-05-01 02:10:23.148896-0500: NOTICE: accepted No_Media_Mode enter, Fri May  1 02:10:23 2026
2026-05-01 02:10:26.583193-0500: NOTICE: accepted No_Media_Mode exit, Fri May  1 02:10:26 2026
2026-05-01 02:10:26.868422-0500: NOTICE: doChange: addr 1.0 [7]
2026-05-01 02:10:26.868486-0500: NOTICE: doChange: addr 2.0 [7]
2026-05-01 02:10:26.871142-0500: NOTICE: doChange: addr 3.0 [7]
2026-05-01 02:10:46.556903-0500: NOTICE: accepted No_Media_Mode enter, Fri May  1 02:10:46 2026
2026-05-01 02:10:49.031355-0500: NOTICE: accepted No_Media_Mode exit, Fri May  1 02:10:48 2026
2026-05-01 02:10:49.186864-0500: NOTICE: doChange: addr 1.0 [7]
2026-05-01 02:10:49.186936-0500: NOTICE: doChange: addr 2.0 [7]
2026-05-01 02:10:49.189774-0500: NOTICE: doChange: addr 3.0 [7]
2026-05-01 02:11:08.860762-0500: NOTICE: accepted No_Media_Mode enter, Fri May  1 02:11:08 2026
2026-05-01 02:11:10.452996-0500: NOTICE: accepted No_Media_Mode exit, Fri May  1 02:11:10 2026
2026-05-01 02:11:10.584935-0500: NOTICE: doChange: addr 1.0 [7]
2026-05-01 02:11:10.585011-0500: NOTICE: doChange: addr 2.0 [7]
2026-05-01 02:11:10.587617-0500: NOTICE: doChange: addr 3.0 [7]
2026-05-01 02:11:30.354952-0500: NOTICE: accepted No_Media_Mode enter, Fri May  1 02:11:30 2026
2026-05-01 02:11:53.017383-0500: NOTICE: accepted No_Media_Mode exit, Fri May  1 02:11:52 2026
2026-05-01 02:11:53.055980-0500: NOTICE: doChange: addr 1.0 [7]
2026-05-01 02:11:53.056037-0500: NOTICE: doChange: addr 2.0 [7]
2026-05-01 02:11:53.066094-0500: NOTICE: doChange: addr 3.0 [7]
2026-05-01 02:12:08.867868-0500: NOTICE: accepted No_Media_Mode enter, Fri May  1 02:12:09 2026
2026-05-01 02:12:11.456116-0500: NOTICE: accepted No_Media_Mode exit, Fri May  1 02:12:12 2026
2026-05-01 02:12:11.741309-0500: NOTICE: doChange: addr 1.0 [7]
2026-05-01 02:12:11.741380-0500: NOTICE: doChange: addr 2.0 [7]
2026-05-01 02:12:11.744246-0500: NOTICE: doChange: addr 3.0 [7]
2026-05-01 02:12:31.427284-0500: NOTICE: accepted No_Media_Mode enter, Fri May  1 02:12:32 2026
2026-05-01 02:12:54.513674-0500: NOTICE: accepted No_Media_Mode exit, Fri May  1 02:12:55 2026
2026-05-01 02:12:54.525144-0500: NOTICE: doChange: addr 1.0 [7]
2026-05-01 02:12:54.525212-0500: NOTICE: doChange: addr 2.0 [7]
2026-05-01 02:12:54.528195-0500: NOTICE: doChange: addr 3.0 [7]
2026-05-01 02:13:10.321795-0500: NOTICE: accepted No_Media_Mode enter, Fri May  1 02:13:10 2026
2026-05-01 02:13:13.012197-0500: NOTICE: accepted No_Media_Mode exit, Fri May  1 02:13:13 2026
2026-05-01 02:13:13.272525-0500: NOTICE: doChange: addr 1.0 [7]
2026-05-01 02:13:13.272583-0500: NOTICE: doChange: addr 2.0 [7]
2026-05-01 02:13:13.275374-0500: NOTICE: doChange: addr 3.0 [7]
2026-05-01 02:13:32.975837-0500: NOTICE: accepted No_Media_Mode enter, Fri May  1 02:13:33 2026
2026-05-01 02:13:34.958801-0500: NOTICE: accepted No_Media_Mode exit, Fri May  1 02:13:35 2026
2026-05-01 02:13:35.181397-0500: NOTICE: doChange: addr 1.0 [7]
2026-05-01 02:13:35.181456-0500: NOTICE: doChange: addr 2.0 [7]
2026-05-01 02:13:35.184336-0500: NOTICE: doChange: addr 3.0 [7]
2026-05-01 02:13:54.879015-0500: NOTICE: accepted No_Media_Mode enter, Fri May  1 02:13:55 2026
2026-05-01 02:14:17.236258-0500: NOTICE: accepted No_Media_Mode exit, Fri May  1 02:14:17 2026
2026-05-01 02:14:17.246848-0500: NOTICE: doChange: addr 1.0 [7]
2026-05-01 02:14:17.246909-0500: NOTICE: doChange: addr 2.0 [7]
2026-05-01 02:14:17.249658-0500: NOTICE: doChange: addr 3.0 [7]
2026-05-01 02:14:33.064052-0500: NOTICE: accepted No_Media_Mode enter, Fri May  1 02:14:33 2026
2026-05-01 02:14:34.870625-0500: NOTICE: accepted No_Media_Mode exit, Fri May  1 02:14:35 2026
2026-05-01 02:14:35.120914-0500: NOTICE: doChange: addr 1.0 [7]
2026-05-01 02:14:35.120979-0500: NOTICE: doChange: addr 2.0 [7]
2026-05-01 02:14:35.123761-0500: NOTICE: doChange: addr 3.0 [7]
2026-05-01 02:14:54.855740-0500: NOTICE: accepted No_Media_Mode enter, Fri May  1 02:14:55 2026
2026-05-01 02:14:57.043586-0500: NOTICE: accepted No_Media_Mode exit, Fri May  1 02:14:57 2026
2026-05-01 02:14:57.216903-0500: NOTICE: doChange: addr 1.0 [7]
2026-05-01 02:14:57.216975-0500: NOTICE: doChange: addr 2.0 [7]
2026-05-01 02:14:57.219765-0500: NOTICE: doChange: addr 3.0 [7]
2026-05-01 02:15:16.919841-0500: NOTICE: accepted No_Media_Mode enter, Fri May  1 02:15:17 2026
2026-05-01 02:15:44.890484-0500: NOTICE: accepted No_Media_Mode exit, Fri May  1 02:15:44 2026
2026-05-01 02:15:44.907477-0500: NOTICE: doChange: addr 1.0 [7]
2026-05-01 02:15:44.907540-0500: NOTICE: doChange: addr 2.0 [7]
2026-05-01 02:15:44.910166-0500: NOTICE: doChange: addr 3.0 [7]
2026-05-01 02:16:00.727190-0500: NOTICE: accepted No_Media_Mode enter, Fri May  1 02:16:01 2026
2026-05-01 02:16:37.148515-0500: NOTICE: accepted No_Media_Mode exit, Fri May  1 02:16:37 2026
2026-05-01 02:16:37.170388-0500: NOTICE: doChange: addr 1.0 [7]
2026-05-01 02:16:37.170573-0500: NOTICE: doChange: addr 2.0 [7]
2026-05-01 02:16:37.177413-0500: NOTICE: doChange: addr 3.0 [7]
2026-05-01 02:16:53.016092-0500: NOTICE: accepted No_Media_Mode enter, Fri May  1 02:16:53 2026
2026-05-01 02:16:54.580221-0500: NOTICE: accepted No_Media_Mode exit, Fri May  1 02:16:55 2026
2026-05-01 02:16:54.729426-0500: NOTICE: doChange: addr 1.0 [7]
2026-05-01 02:16:54.729524-0500: NOTICE: doChange: addr 2.0 [7]
2026-05-01 02:16:54.732296-0500: NOTICE: doChange: addr 3.0 [7]
2026-05-01 02:17:14.473692-0500: NOTICE: accepted No_Media_Mode enter, Fri May  1 02:17:15 2026
2026-05-01 02:45:23.944609-0500: NOTICE: accepted No_Media_Mode exit, Fri May  1 02:45:23 2026
2026-05-01 02:45:23.963544-0500: NOTICE: doChange: addr 1.0 [7]
2026-05-01 02:45:23.963597-0500: NOTICE: doChange: addr 2.0 [7]
2026-05-01 02:45:23.966366-0500: NOTICE: doChange: addr 3.0 [7]
2026-05-01 05:54:51.096207-0500: NOTICE: accepted No_Media_Mode enter, Fri May  1 05:54:51 2026
2026-05-01 07:09:58.951650-0500: NOTICE: accepted No_Media_Mode exit, Fri May  1 07:09:58 2026
2026-05-01 07:09:58.965686-0500: NOTICE: doChange: addr 1.0 [7]
2026-05-01 07:09:58.965765-0500: NOTICE: doChange: addr 2.0 [7]
2026-05-01 07:09:58.968427-0500: NOTICE: doChange: addr 3.0 [7]
2026-05-01 08:31:15.898953-0500: NOTICE: accepted No_Media_Mode enter, Fri May  1 08:31:15 2026
2026-05-01 08:32:28.712099-0500: NOTICE: accepted No_Media_Mode exit, Fri May  1 08:32:28 2026
2026-05-01 08:32:29.061581-0500: NOTICE: doChange: addr 1.0 [7]
2026-05-01 08:32:29.061699-0500: NOTICE: doChange: addr 2.0 [7]
2026-05-01 08:32:29.065137-0500: NOTICE: doChange: addr 3.0 [7]
2026-05-01 08:42:30.167098-0500: NOTICE: accepted No_Media_Mode enter, Fri May  1 08:42:30 2026
2026-05-01 08:43:02.853700-0500: NOTICE: accepted No_Media_Mode exit, Fri May  1 08:43:02 2026
2026-05-01 08:43:02.882425-0500: NOTICE: doChange: addr 1.0 [7]
2026-05-01 08:43:02.882598-0500: NOTICE: doChange: addr 2.0 [7]
2026-05-01 08:43:02.885398-0500: NOTICE: doChange: addr 3.0 [7]
2026-05-01 08:45:01.098026-0500: NOTICE: accepted No_Media_Mode enter, Fri May  1 08:45:01 2026
2026-05-01 08:46:24.849132-0500: NOTICE: accepted No_Media_Mode exit, Fri May  1 08:46:24 2026
2026-05-01 08:46:24.885992-0500: NOTICE: doChange: addr 1.0 [7]
2026-05-01 08:46:24.886050-0500: NOTICE: doChange: addr 2.0 [7]
2026-05-01 08:46:24.889667-0500: NOTICE: doChange: addr 3.0 [7]
2026-05-05 14:12:06.593435-0500: PolicyEngine started: 7800020000000000, Time: Tue May  5 14:12:06 2026
2026-05-05 14:12:07.242519-0500: NOTICE: kAGDCCallbackCapability: 0x0 []
2026-05-05 14:12:08.108553-0500: NOTICE: Vendor portmap 0xe mst 0xc ddc 0xc aux 0xe
2026-05-05 14:12:08.108875-0500: NOTICE: Features policyd 0x20100000 kernel 0x0
2026-05-05 14:12:08.181305-0500: NOTICE: Populated addr 1.0 bad:f00d UUID 0 order 0:0 tx 2:2 dsp 1 WL 0 MS 0 edid 128 undef 0 DSC 0
2026-05-05 14:12:08.191539-0500: NOTICE: Populated addr 1.0 bad:f00d UUID 0 order 0:0 tx 2:2 dsp 1 WL 0 MS 0 edid 128 undef 0 DSC 0
2026-05-05 14:12:08.191748-0500: NOTICE: FB AGDC state FB[0] - ON
2026-05-05 14:12:08.196754-0500: NOTICE: accepted No_Media_Mode enter, Tue May  5 14:12:08 2026
2026-05-05 14:12:08.197436-0500: NOTICE: accepted No_Media_Mode exit, Tue May  5 14:12:08 2026
2026-05-05 14:12:08.197992-0500: NOTICE: doChange: addr 1.0 [7]
2026-05-05 14:12:08.198031-0500: NOTICE: doChange: addr 2.0 [7]
2026-05-05 14:12:08.200829-0500: NOTICE: doChange: addr 3.0 [7]
2026-05-05 14:12:08.208409-0500: NOTICE: doChange: addr 1.0 [7]
2026-05-05 14:12:08.208456-0500: NOTICE: doChange: addr 2.0 [7]
2026-05-05 14:12:08.211865-0500: NOTICE: doChange: addr 3.0 [7]
2026-05-05 14:32:47.962736-0500: NOTICE: accepted No_Media_Mode enter, Tue May  5 14:32:47 2026
2026-05-05 14:47:50.081074-0500: NOTICE: accepted No_Media_Mode exit, Tue May  5 14:47:50 2026
2026-05-05 14:47:50.109594-0500: NOTICE: doChange: addr 1.0 [7]
2026-05-05 14:47:50.109658-0500: NOTICE: doChange: addr 2.0 [7]
2026-05-05 14:47:50.113692-0500: NOTICE: doChange: addr 3.0 [7]
2026-05-05 15:02:15.082967-0500: NOTICE: accepted No_Media_Mode enter, Tue May  5 15:02:16 2026
2026-05-05 15:02:35.665500-0500: NOTICE: accepted No_Media_Mode exit, Tue May  5 15:02:36 2026
2026-05-05 15:02:35.768241-0500: NOTICE: doChange: addr 1.0 [7]
2026-05-05 15:02:35.768305-0500: NOTICE: doChange: addr 2.0 [7]
2026-05-05 15:02:35.771031-0500: NOTICE: doChange: addr 3.0 [7]
2026-05-06 07:10:21.333784-0500: PolicyEngine started: 7800020000000000, Time: Wed May  6 07:10:21 2026
2026-05-06 07:10:21.986725-0500: NOTICE: kAGDCCallbackCapability: 0x0 []
2026-05-06 07:10:22.771541-0500: NOTICE: Vendor portmap 0xe mst 0xc ddc 0xc aux 0xe
2026-05-06 07:10:22.771855-0500: NOTICE: Features policyd 0x20100000 kernel 0x0
2026-05-06 07:10:22.783709-0500: NOTICE: Populated addr 1.0 bad:f00d UUID 0 order 0:0 tx 2:2 dsp 1 WL 0 MS 0 edid 128 undef 0 DSC 0
2026-05-06 07:10:22.808694-0500: NOTICE: Populated addr 1.0 bad:f00d UUID 0 order 0:0 tx 2:2 dsp 1 WL 0 MS 0 edid 128 undef 0 DSC 0
2026-05-06 07:10:22.808755-0500: NOTICE: FB AGDC state FB[0] - ON
2026-05-06 07:10:22.812017-0500: NOTICE: accepted No_Media_Mode enter, Wed May  6 07:10:22 2026
2026-05-06 07:10:22.812262-0500: NOTICE: accepted No_Media_Mode exit, Wed May  6 07:10:22 2026
2026-05-06 07:10:22.812685-0500: NOTICE: doChange: addr 1.0 [7]
2026-05-06 07:10:22.812806-0500: NOTICE: doChange: addr 2.0 [7]
2026-05-06 07:10:22.817497-0500: NOTICE: doChange: addr 3.0 [7]
2026-05-06 07:10:22.824329-0500: NOTICE: doChange: addr 1.0 [7]
2026-05-06 07:10:22.824385-0500: NOTICE: doChange: addr 2.0 [7]
2026-05-06 07:10:22.827871-0500: NOTICE: doChange: addr 3.0 [7]
2026-05-06 08:34:32.057467-0500: PolicyEngine started: 7800020000000000, Time: Wed May  6 08:34:32 2026
2026-05-06 08:34:32.725940-0500: NOTICE: kAGDCCallbackCapability: 0x0 []
2026-05-06 08:34:33.481579-0500: NOTICE: Vendor portmap 0xe mst 0xc ddc 0xc aux 0xe
2026-05-06 08:34:33.483075-0500: NOTICE: Features policyd 0x20100000 kernel 0x0
2026-05-06 08:34:33.517094-0500: NOTICE: Populated addr 1.0 bad:f00d UUID 0 order 0:0 tx 2:2 dsp 1 WL 0 MS 0 edid 128 undef 0 DSC 0
2026-05-06 08:34:33.521919-0500: NOTICE: Populated addr 1.0 bad:f00d UUID 0 order 0:0 tx 2:2 dsp 1 WL 0 MS 0 edid 128 undef 0 DSC 0
2026-05-06 08:34:33.522091-0500: NOTICE: FB AGDC state FB[0] - ON
2026-05-06 08:34:33.528220-0500: NOTICE: accepted No_Media_Mode enter, Wed May  6 08:34:33 2026
2026-05-06 08:34:33.528287-0500: NOTICE: accepted No_Media_Mode exit, Wed May  6 08:34:33 2026
2026-05-06 08:34:33.528689-0500: NOTICE: doChange: addr 1.0 [7]
2026-05-06 08:34:33.528732-0500: NOTICE: doChange: addr 2.0 [7]
2026-05-06 08:34:33.533371-0500: NOTICE: doChange: addr 3.0 [7]
2026-05-06 08:34:33.538622-0500: NOTICE: doChange: addr 1.0 [7]
2026-05-06 08:34:33.538951-0500: NOTICE: doChange: addr 2.0 [7]
2026-05-06 08:34:33.541820-0500: NOTICE: doChange: addr 3.0 [7]
2026-05-06 08:53:49.646595-0500: NOTICE: accepted No_Media_Mode enter, Wed May  6 08:53:49 2026
2026-05-06 08:59:35.987414-0500: NOTICE: accepted No_Media_Mode exit, Wed May  6 08:59:36 2026
2026-05-06 08:59:36.012301-0500: NOTICE: doChange: addr 1.0 [7]
2026-05-06 08:59:36.012351-0500: NOTICE: doChange: addr 2.0 [7]
2026-05-06 08:59:36.015151-0500: NOTICE: doChange: addr 3.0 [7]
2026-05-06 09:00:48.110389-0500: NOTICE: accepted No_Media_Mode enter, Wed May  6 09:00:48 2026
2026-05-06 09:04:05.937871-0500: NOTICE: accepted No_Media_Mode exit, Wed May  6 09:04:06 2026
2026-05-06 09:04:06.090594-0500: NOTICE: doChange: addr 1.0 [7]
2026-05-06 09:04:06.090705-0500: NOTICE: doChange: addr 2.0 [7]
2026-05-06 09:04:06.093671-0500: NOTICE: doChange: addr 3.0 [7]
2026-05-06 09:04:54.787614-0500: NOTICE: accepted No_Media_Mode enter, Wed May  6 09:04:55 2026
2026-05-06 09:49:18.923218-0500: NOTICE: accepted No_Media_Mode exit, Wed May  6 09:49:18 2026
2026-05-06 09:49:19.085037-0500: NOTICE: doChange: addr 1.0 [7]
2026-05-06 09:49:19.085096-0500: NOTICE: doChange: addr 2.0 [7]
2026-05-06 09:49:19.087704-0500: NOTICE: doChange: addr 3.0 [7]
2026-05-06 10:27:06.141076-0500: NOTICE: accepted No_Media_Mode enter, Wed May  6 10:27:06 2026
2026-05-06 11:08:54.824463-0500: NOTICE: accepted No_Media_Mode exit, Wed May  6 11:08:54 2026
2026-05-06 11:08:54.987848-0500: NOTICE: doChange: addr 1.0 [7]
2026-05-06 11:08:54.987901-0500: NOTICE: doChange: addr 2.0 [7]
2026-05-06 11:08:54.990563-0500: NOTICE: doChange: addr 3.0 [7]
2026-05-06 11:23:33.128273-0500: NOTICE: accepted No_Media_Mode enter, Wed May  6 11:23:33 2026
2026-05-06 11:23:50.596072-0500: NOTICE: accepted No_Media_Mode exit, Wed May  6 11:23:51 2026
2026-05-06 11:23:50.811505-0500: NOTICE: doChange: addr 1.0 [7]
2026-05-06 11:23:50.811632-0500: NOTICE: doChange: addr 2.0 [7]
2026-05-06 11:23:50.814504-0500: NOTICE: doChange: addr 3.0 [7]
2026-05-06 11:26:08.668795-0500: NOTICE: accepted No_Media_Mode enter, Wed May  6 11:26:08 2026
2026-05-06 11:27:31.581809-0500: NOTICE: accepted No_Media_Mode exit, Wed May  6 11:27:31 2026
2026-05-06 11:27:31.801836-0500: NOTICE: doChange: addr 1.0 [7]
2026-05-06 11:27:31.801903-0500: NOTICE: doChange: addr 2.0 [7]
2026-05-06 11:27:31.804707-0500: NOTICE: doChange: addr 3.0 [7]
2026-05-06 12:38:02.310052-0500: NOTICE: accepted No_Media_Mode enter, Wed May  6 12:38:02 2026
2026-05-06 12:50:43.638827-0500: NOTICE: accepted No_Media_Mode exit, Wed May  6 12:50:43 2026
2026-05-06 12:50:43.807021-0500: NOTICE: doChange: addr 1.0 [7]
2026-05-06 12:50:43.807124-0500: NOTICE: doChange: addr 2.0 [7]
2026-05-06 12:50:43.810458-0500: NOTICE: doChange: addr 3.0 [7]
2026-05-06 14:06:19.267105-0500: NOTICE: accepted No_Media_Mode enter, Wed May  6 14:06:19 2026
2026-05-06 16:06:34.628391-0500: NOTICE: accepted No_Media_Mode exit, Wed May  6 16:06:34 2026
2026-05-06 16:06:34.917984-0500: NOTICE: doChange: addr 1.0 [7]
2026-05-06 16:06:34.918043-0500: NOTICE: doChange: addr 2.0 [7]
2026-05-06 16:06:34.920961-0500: NOTICE: doChange: addr 3.0 [7]
2026-05-06 16:06:50.822156-0500: NOTICE: accepted No_Media_Mode enter, Wed May  6 16:06:50 2026
2026-05-06 16:53:05.703355-0500: NOTICE: accepted No_Media_Mode exit, Wed May  6 16:53:05 2026
2026-05-06 16:53:05.819803-0500: NOTICE: doChange: addr 1.0 [7]
2026-05-06 16:53:05.819868-0500: NOTICE: doChange: addr 2.0 [7]
2026-05-06 16:53:05.823418-0500: NOTICE: doChange: addr 3.0 [7]
2026-05-06 17:11:59.109105-0500: NOTICE: accepted No_Media_Mode enter, Wed May  6 17:11:59 2026
2026-05-06 19:14:14.905108-0500: NOTICE: accepted No_Media_Mode exit, Wed May  6 19:14:14 2026
2026-05-06 19:14:14.948232-0500: NOTICE: doChange: addr 1.0 [7]
2026-05-06 19:14:14.948314-0500: NOTICE: doChange: addr 2.0 [7]
2026-05-06 19:14:14.952990-0500: NOTICE: doChange: addr 3.0 [7]
2026-05-06 21:21:40.509576-0500: NOTICE: accepted No_Media_Mode enter, Wed May  6 21:21:40 2026
2026-05-06 21:44:39.921157-0500: NOTICE: accepted No_Media_Mode exit, Wed May  6 21:44:39 2026
2026-05-06 21:44:39.932292-0500: NOTICE: doChange: addr 1.0 [7]
2026-05-06 21:44:39.932592-0500: NOTICE: doChange: addr 2.0 [7]
2026-05-06 21:44:39.935532-0500: NOTICE: doChange: addr 3.0 [7]
2026-05-06 21:44:55.810712-0500: NOTICE: accepted No_Media_Mode enter, Wed May  6 21:44:55 2026
2026-05-06 22:31:27.938548-0500: NOTICE: accepted No_Media_Mode exit, Wed May  6 22:31:27 2026
2026-05-06 22:31:27.951523-0500: NOTICE: doChange: addr 1.0 [7]
2026-05-06 22:31:27.951586-0500: NOTICE: doChange: addr 2.0 [7]
2026-05-06 22:31:27.954551-0500: NOTICE: doChange: addr 3.0 [7]
2026-05-06 22:31:58.235487-0500: NOTICE: accepted No_Media_Mode enter, Wed May  6 22:31:59 2026
2026-05-06 22:31:59.420267-0500: NOTICE: accepted No_Media_Mode exit, Wed May  6 22:32:00 2026
2026-05-06 22:31:59.694726-0500: NOTICE: doChange: addr 1.0 [7]
2026-05-06 22:31:59.694791-0500: NOTICE: doChange: addr 2.0 [7]
2026-05-06 22:31:59.697616-0500: NOTICE: doChange: addr 3.0 [7]
2026-05-06 22:32:50.077576-0500: NOTICE: accepted No_Media_Mode enter, Wed May  6 22:32:51 2026
2026-05-06 22:32:51.150584-0500: NOTICE: accepted No_Media_Mode exit, Wed May  6 22:32:52 2026
2026-05-06 22:32:51.421247-0500: NOTICE: doChange: addr 1.0 [7]
2026-05-06 22:32:51.421347-0500: NOTICE: doChange: addr 2.0 [7]
2026-05-06 22:32:51.424052-0500: NOTICE: doChange: addr 3.0 [7]
2026-05-06 22:33:26.349680-0500: NOTICE: accepted No_Media_Mode enter, Wed May  6 22:33:27 2026
2026-05-06 22:33:27.631153-0500: NOTICE: accepted No_Media_Mode exit, Wed May  6 22:33:28 2026
2026-05-06 22:33:27.904911-0500: NOTICE: doChange: addr 1.0 [7]
2026-05-06 22:33:27.904964-0500: NOTICE: doChange: addr 2.0 [7]
2026-05-06 22:33:27.907681-0500: NOTICE: doChange: addr 3.0 [7]
2026-05-07 01:07:43.450087-0500: NOTICE: accepted No_Media_Mode enter, Thu May  7 01:07:43 2026
2026-05-07 01:08:38.532155-0500: NOTICE: accepted No_Media_Mode exit, Thu May  7 01:08:38 2026
2026-05-07 01:08:38.705501-0500: NOTICE: doChange: addr 1.0 [7]
2026-05-07 01:08:38.705603-0500: NOTICE: doChange: addr 2.0 [7]
2026-05-07 01:08:38.708501-0500: NOTICE: doChange: addr 3.0 [7]
2026-05-07 04:40:38.015593-0500: NOTICE: accepted No_Media_Mode enter, Thu May  7 04:40:38 2026
2026-05-07 04:41:00.931045-0500: NOTICE: accepted No_Media_Mode exit, Thu May  7 04:41:00 2026
2026-05-07 04:41:00.987812-0500: NOTICE: doChange: addr 1.0 [7]
2026-05-07 04:41:00.987897-0500: NOTICE: doChange: addr 2.0 [7]
2026-05-07 04:41:00.993761-0500: NOTICE: doChange: addr 3.0 [7]
2026-05-07 04:41:17.324091-0500: NOTICE: accepted No_Media_Mode enter, Thu May  7 04:41:17 2026
2026-05-07 04:55:51.919782-0500: NOTICE: accepted No_Media_Mode exit, Thu May  7 04:55:51 2026
2026-05-07 04:55:51.957122-0500: NOTICE: doChange: addr 1.0 [7]
2026-05-07 04:55:51.957185-0500: NOTICE: doChange: addr 2.0 [7]
2026-05-07 04:55:51.959862-0500: NOTICE: doChange: addr 3.0 [7]
2026-05-07 06:04:55.738373-0500: NOTICE: accepted No_Media_Mode enter, Thu May  7 06:04:55 2026
2026-05-07 06:04:58.728136-0500: NOTICE: accepted No_Media_Mode exit, Thu May  7 06:04:58 2026
2026-05-07 06:04:59.508398-0500: NOTICE: doChange: addr 1.0 [7]
2026-05-07 06:04:59.508468-0500: NOTICE: doChange: addr 2.0 [7]
2026-05-07 06:04:59.511055-0500: NOTICE: doChange: addr 3.0 [7]
2026-05-07 06:06:01.403094-0500: NOTICE: accepted No_Media_Mode enter, Thu May  7 06:06:01 2026
2026-05-07 06:08:37.887043-0500: NOTICE: accepted No_Media_Mode exit, Thu May  7 06:08:37 2026
2026-05-07 06:08:37.902059-0500: NOTICE: doChange: addr 1.0 [7]
2026-05-07 06:08:37.902109-0500: NOTICE: doChange: addr 2.0 [7]
2026-05-07 06:08:37.904967-0500: NOTICE: doChange: addr 3.0 [7]
2026-05-07 06:09:08.410601-0500: NOTICE: accepted No_Media_Mode enter, Thu May  7 06:09:08 2026
2026-05-07 06:10:34.430306-0500: NOTICE: accepted No_Media_Mode exit, Thu May  7 06:10:34 2026
2026-05-07 06:10:34.478568-0500: NOTICE: doChange: addr 1.0 [7]
2026-05-07 06:10:34.478955-0500: NOTICE: doChange: addr 2.0 [7]
2026-05-07 06:10:34.481834-0500: NOTICE: doChange: addr 3.0 [7]
2026-05-07 06:11:30.125057-0500: NOTICE: accepted No_Media_Mode enter, Thu May  7 06:11:30 2026
2026-05-07 06:13:17.401964-0500: NOTICE: accepted No_Media_Mode exit, Thu May  7 06:13:17 2026
2026-05-07 06:13:17.411827-0500: NOTICE: doChange: addr 1.0 [7]
2026-05-07 06:13:17.411897-0500: NOTICE: doChange: addr 2.0 [7]
2026-05-07 06:13:17.415941-0500: NOTICE: doChange: addr 3.0 [7]
2026-05-07 06:14:30.004497-0500: NOTICE: accepted No_Media_Mode enter, Thu May  7 06:14:30 2026
2026-05-07 06:18:59.591980-0500: NOTICE: accepted No_Media_Mode exit, Thu May  7 06:18:59 2026
2026-05-07 06:18:59.608860-0500: NOTICE: doChange: addr 1.0 [7]
2026-05-07 06:18:59.608923-0500: NOTICE: doChange: addr 2.0 [7]
2026-05-07 06:18:59.611810-0500: NOTICE: doChange: addr 3.0 [7]
2026-05-07 06:19:34.639886-0500: NOTICE: accepted No_Media_Mode enter, Thu May  7 06:19:34 2026
2026-05-07 06:25:35.864549-0500: NOTICE: accepted No_Media_Mode exit, Thu May  7 06:25:35 2026
2026-05-07 06:25:35.915627-0500: NOTICE: doChange: addr 1.0 [7]
2026-05-07 06:25:35.915698-0500: NOTICE: doChange: addr 2.0 [7]
2026-05-07 06:25:35.918487-0500: NOTICE: doChange: addr 3.0 [7]
2026-05-07 06:26:08.683660-0500: NOTICE: accepted No_Media_Mode enter, Thu May  7 06:26:08 2026
2026-05-07 06:28:27.882974-0500: NOTICE: accepted No_Media_Mode exit, Thu May  7 06:28:27 2026
2026-05-07 06:28:27.900798-0500: NOTICE: doChange: addr 1.0 [7]
2026-05-07 06:28:27.900913-0500: NOTICE: doChange: addr 2.0 [7]
2026-05-07 06:28:27.903693-0500: NOTICE: doChange: addr 3.0 [7]
2026-05-07 06:29:00.479946-0500: NOTICE: accepted No_Media_Mode enter, Thu May  7 06:29:00 2026
2026-05-07 06:30:46.888241-0500: NOTICE: accepted No_Media_Mode exit, Thu May  7 06:30:46 2026
2026-05-07 06:30:46.905557-0500: NOTICE: doChange: addr 1.0 [7]
2026-05-07 06:30:46.911727-0500: NOTICE: doChange: addr 2.0 [7]
2026-05-07 06:30:46.914854-0500: NOTICE: doChange: addr 3.0 [7]
2026-05-07 06:31:17.251211-0500: NOTICE: accepted No_Media_Mode enter, Thu May  7 06:31:17 2026
2026-05-07 06:35:03.872160-0500: NOTICE: accepted No_Media_Mode exit, Thu May  7 06:35:03 2026
2026-05-07 06:35:03.885935-0500: NOTICE: doChange: addr 1.0 [7]
2026-05-07 06:35:03.886009-0500: NOTICE: doChange: addr 2.0 [7]
2026-05-07 06:35:03.890202-0500: NOTICE: doChange: addr 3.0 [7]
2026-05-07 06:36:02.603674-0500: NOTICE: accepted No_Media_Mode enter, Thu May  7 06:36:02 2026
2026-05-07 06:37:27.950250-0500: NOTICE: accepted No_Media_Mode exit, Thu May  7 06:37:27 2026
2026-05-07 06:37:27.963099-0500: NOTICE: doChange: addr 1.0 [7]
2026-05-07 06:37:27.963139-0500: NOTICE: doChange: addr 2.0 [7]
2026-05-07 06:37:27.970552-0500: NOTICE: doChange: addr 3.0 [7]
2026-05-07 06:37:59.631603-0500: NOTICE: accepted No_Media_Mode enter, Thu May  7 06:38:00 2026
2026-05-07 06:40:27.184920-0500: NOTICE: accepted No_Media_Mode exit, Thu May  7 06:40:27 2026
2026-05-07 06:40:27.224758-0500: NOTICE: doChange: addr 1.0 [7]
2026-05-07 06:40:27.224807-0500: NOTICE: doChange: addr 2.0 [7]
2026-05-07 06:40:27.237718-0500: NOTICE: doChange: addr 3.0 [7]
2026-05-07 06:41:30.023784-0500: NOTICE: accepted No_Media_Mode enter, Thu May  7 06:41:30 2026
2026-05-07 06:42:52.921509-0500: NOTICE: accepted No_Media_Mode exit, Thu May  7 06:42:52 2026
2026-05-07 06:42:52.935973-0500: NOTICE: doChange: addr 1.0 [7]
2026-05-07 06:42:52.936034-0500: NOTICE: doChange: addr 2.0 [7]
2026-05-07 06:42:52.938755-0500: NOTICE: doChange: addr 3.0 [7]
2026-05-07 06:44:21.728943-0500: NOTICE: accepted No_Media_Mode enter, Thu May  7 06:44:21 2026
2026-05-07 06:45:40.886062-0500: NOTICE: accepted No_Media_Mode exit, Thu May  7 06:45:40 2026
2026-05-07 06:45:40.896803-0500: NOTICE: doChange: addr 1.0 [7]
2026-05-07 06:45:40.896864-0500: NOTICE: doChange: addr 2.0 [7]
2026-05-07 06:45:40.899647-0500: NOTICE: doChange: addr 3.0 [7]
2026-05-07 06:48:14.701712-0500: NOTICE: accepted No_Media_Mode enter, Thu May  7 06:48:14 2026
2026-05-07 07:06:38.904544-0500: NOTICE: accepted No_Media_Mode exit, Thu May  7 07:06:38 2026
2026-05-07 07:06:38.915538-0500: NOTICE: doChange: addr 1.0 [7]
2026-05-07 07:06:38.915592-0500: NOTICE: doChange: addr 2.0 [7]
2026-05-07 07:06:38.921338-0500: NOTICE: doChange: addr 3.0 [7]
2026-05-07 09:31:43.282724-0500: NOTICE: accepted No_Media_Mode enter, Thu May  7 09:31:43 2026
2026-05-07 09:31:44.378834-0500: NOTICE: accepted No_Media_Mode exit, Thu May  7 09:31:44 2026
2026-05-07 09:31:44.812482-0500: NOTICE: doChange: addr 1.0 [7]
2026-05-07 09:31:44.812653-0500: NOTICE: doChange: addr 2.0 [7]
2026-05-07 09:31:44.815788-0500: NOTICE: doChange: addr 3.0 [7]
2026-05-07 09:32:52.455127-0500: NOTICE: accepted No_Media_Mode enter, Thu May  7 09:32:52 2026
2026-05-07 10:29:09.878775-0500: NOTICE: accepted No_Media_Mode exit, Thu May  7 10:29:09 2026
2026-05-07 10:29:09.888828-0500: NOTICE: doChange: addr 1.0 [7]
2026-05-07 10:29:09.888878-0500: NOTICE: doChange: addr 2.0 [7]
2026-05-07 10:29:09.893441-0500: NOTICE: doChange: addr 3.0 [7]
2026-05-08 11:53:54.997583-0500: PolicyEngine started: 7800020000000000, Time: Fri May  8 11:53:54 2026
2026-05-08 11:53:55.648934-0500: NOTICE: kAGDCCallbackCapability: 0x0 []
2026-05-08 11:53:56.439554-0500: NOTICE: Vendor portmap 0xe mst 0xc ddc 0xc aux 0xe
2026-05-08 11:53:56.440069-0500: NOTICE: Features policyd 0x20100000 kernel 0x0
2026-05-08 11:53:56.447403-0500: NOTICE: Populated addr 1.0 bad:f00d UUID 0 order 0:0 tx 2:2 dsp 1 WL 0 MS 0 edid 128 undef 0 DSC 0
2026-05-08 11:53:56.450447-0500: NOTICE: Populated addr 1.0 bad:f00d UUID 0 order 0:0 tx 2:2 dsp 1 WL 0 MS 0 edid 128 undef 0 DSC 0
2026-05-08 11:53:56.450498-0500: NOTICE: FB AGDC state FB[0] - ON
2026-05-08 11:53:56.452343-0500: NOTICE: accepted No_Media_Mode enter, Fri May  8 11:53:56 2026
2026-05-08 11:53:56.452401-0500: NOTICE: accepted No_Media_Mode exit, Fri May  8 11:53:56 2026
2026-05-08 11:53:56.452491-0500: NOTICE: doChange: addr 1.0 [7]
2026-05-08 11:53:56.452514-0500: NOTICE: doChange: addr 2.0 [7]
2026-05-08 11:53:56.455236-0500: NOTICE: doChange: addr 3.0 [7]
2026-05-08 11:53:56.464544-0500: NOTICE: doChange: addr 1.0 [7]
2026-05-08 11:53:56.464610-0500: NOTICE: doChange: addr 2.0 [7]
2026-05-08 11:53:56.467458-0500: NOTICE: doChange: addr 3.0 [7]
2026-05-15 09:40:02.391524-0500: PolicyEngine started: 7800020000000000, Time: Fri May 15 09:40:02 2026
2026-05-15 09:40:03.022924-0500: NOTICE: kAGDCCallbackCapability: 0x0 []
2026-05-15 09:40:03.788489-0500: NOTICE: Vendor portmap 0xe mst 0xc ddc 0xc aux 0xe
2026-05-15 09:40:03.797999-0500: NOTICE: Features policyd 0x20100000 kernel 0x0
2026-05-15 09:40:03.836470-0500: NOTICE: Populated addr 1.0 bad:f00d UUID 0 order 0:0 tx 2:2 dsp 1 WL 0 MS 0 edid 128 undef 0 DSC 0
2026-05-15 09:40:03.847071-0500: NOTICE: Populated addr 1.0 bad:f00d UUID 0 order 0:0 tx 2:2 dsp 1 WL 0 MS 0 edid 128 undef 0 DSC 0
2026-05-15 09:40:03.847130-0500: NOTICE: FB AGDC state FB[0] - ON
2026-05-15 09:40:03.852782-0500: NOTICE: accepted No_Media_Mode enter, Fri May 15 09:40:03 2026
2026-05-15 09:40:03.852850-0500: NOTICE: accepted No_Media_Mode exit, Fri May 15 09:40:03 2026
2026-05-15 09:40:03.853429-0500: NOTICE: doChange: addr 1.0 [7]
2026-05-15 09:40:03.853473-0500: NOTICE: doChange: addr 2.0 [7]
2026-05-15 09:40:03.862316-0500: NOTICE: doChange: addr 3.0 [7]
2026-05-15 09:40:03.865612-0500: NOTICE: doChange: addr 1.0 [7]
2026-05-15 09:40:03.866179-0500: NOTICE: doChange: addr 2.0 [7]
2026-05-15 09:40:03.869707-0500: NOTICE: doChange: addr 3.0 [7]
2026-05-15 09:54:42.276961-0500: NOTICE: accepted No_Media_Mode enter, Fri May 15 09:54:23 2026
2026-05-15 10:14:39.056375-0500: NOTICE: accepted No_Media_Mode exit, Fri May 15 10:14:39 2026
2026-05-15 10:14:39.196622-0500: NOTICE: doChange: addr 1.0 [7]
2026-05-15 10:14:39.196673-0500: NOTICE: doChange: addr 2.0 [7]
2026-05-15 10:14:39.199260-0500: NOTICE: doChange: addr 3.0 [7]
2026-05-15 10:46:41.254437-0500: NOTICE: accepted No_Media_Mode enter, Fri May 15 10:46:41 2026
2026-05-15 11:09:26.888689-0500: NOTICE: accepted No_Media_Mode exit, Fri May 15 11:09:26 2026
2026-05-15 11:09:26.952733-0500: NOTICE: doChange: addr 1.0 [7]
2026-05-15 11:09:26.952801-0500: NOTICE: doChange: addr 2.0 [7]
2026-05-15 11:09:26.955587-0500: NOTICE: doChange: addr 3.0 [7]
2026-05-15 11:09:46.848777-0500: NOTICE: accepted No_Media_Mode enter, Fri May 15 11:09:46 2026
2026-05-15 11:39:55.184122-0500: NOTICE: accepted No_Media_Mode exit, Fri May 15 11:39:55 2026
2026-05-15 11:39:55.236537-0500: NOTICE: doChange: addr 1.0 [7]
2026-05-15 11:39:55.236592-0500: NOTICE: doChange: addr 2.0 [7]
2026-05-15 11:39:55.246456-0500: NOTICE: doChange: addr 3.0 [7]
2026-05-15 12:38:06.910592-0500: NOTICE: accepted No_Media_Mode enter, Fri May 15 12:38:06 2026
2026-05-15 12:51:45.967573-0500: NOTICE: accepted No_Media_Mode exit, Fri May 15 12:51:46 2026
2026-05-15 12:51:45.980818-0500: NOTICE: doChange: addr 1.0 [7]
2026-05-15 12:51:45.980878-0500: NOTICE: doChange: addr 2.0 [7]
2026-05-15 12:51:45.983946-0500: NOTICE: doChange: addr 3.0 [7]
2026-05-15 14:01:09.726318-0500: NOTICE: accepted No_Media_Mode enter, Fri May 15 14:01:09 2026
2026-05-15 14:17:36.080589-0500: NOTICE: accepted No_Media_Mode exit, Fri May 15 14:17:36 2026
2026-05-15 14:17:36.091489-0500: NOTICE: doChange: addr 1.0 [7]
2026-05-15 14:17:36.091538-0500: NOTICE: doChange: addr 2.0 [7]
2026-05-15 14:17:36.094303-0500: NOTICE: doChange: addr 3.0 [7]
2026-05-15 15:07:24.323088-0500: NOTICE: accepted No_Media_Mode enter, Fri May 15 15:07:24 2026
2026-05-15 15:16:19.020018-0500: NOTICE: accepted No_Media_Mode exit, Fri May 15 15:16:19 2026
2026-05-15 15:16:19.049499-0500: NOTICE: doChange: addr 1.0 [7]
2026-05-15 15:16:19.049563-0500: NOTICE: doChange: addr 2.0 [7]
2026-05-15 15:16:19.052242-0500: NOTICE: doChange: addr 3.0 [7]
2026-05-16 11:52:45.658136-0500: PolicyEngine started: 7800020000000000, Time: Sat May 16 11:52:45 2026
2026-05-16 11:52:46.349699-0500: NOTICE: kAGDCCallbackCapability: 0x0 []
2026-05-16 11:52:47.079193-0500: NOTICE: Vendor portmap 0xe mst 0xc ddc 0xc aux 0xe
2026-05-16 11:52:47.084666-0500: NOTICE: Features policyd 0x20100000 kernel 0x0
2026-05-16 11:52:47.114250-0500: NOTICE: Populated addr 1.0 bad:f00d UUID 0 order 0:0 tx 2:2 dsp 1 WL 0 MS 0 edid 128 undef 0 DSC 0
2026-05-16 11:52:47.119654-0500: NOTICE: Populated addr 1.0 bad:f00d UUID 0 order 0:0 tx 2:2 dsp 1 WL 0 MS 0 edid 128 undef 0 DSC 0
2026-05-16 11:52:47.119700-0500: NOTICE: FB AGDC state FB[0] - ON
2026-05-16 11:52:47.122715-0500: NOTICE: accepted No_Media_Mode enter, Sat May 16 11:52:47 2026
2026-05-16 11:52:47.123121-0500: NOTICE: accepted No_Media_Mode exit, Sat May 16 11:52:47 2026
2026-05-16 11:52:47.126371-0500: NOTICE: doChange: addr 1.0 [7]
2026-05-16 11:52:47.126434-0500: NOTICE: doChange: addr 2.0 [7]
2026-05-16 11:52:47.129408-0500: NOTICE: doChange: addr 3.0 [7]
2026-05-16 11:52:47.133139-0500: NOTICE: doChange: addr 1.0 [7]
2026-05-16 11:52:47.133191-0500: NOTICE: doChange: addr 2.0 [7]
2026-05-16 11:52:47.136918-0500: NOTICE: doChange: addr 3.0 [7]
2026-05-16 11:56:43.174637-0500: NOTICE: accepted No_Media_Mode enter, Sat May 16 11:56:40 2026
2026-05-16 12:04:20.867230-0500: NOTICE: accepted No_Media_Mode exit, Sat May 16 12:04:17 2026
2026-05-16 12:04:20.884301-0500: NOTICE: doChange: addr 1.0 [7]
2026-05-16 12:04:20.884375-0500: NOTICE: doChange: addr 2.0 [7]
2026-05-16 12:04:20.888297-0500: NOTICE: doChange: addr 3.0 [7]
2026-05-18 13:30:05.592657-0500: PolicyEngine started: 7800020000000000, Time: Mon May 18 13:30:05 2026
2026-05-18 13:30:06.221446-0500: NOTICE: kAGDCCallbackCapability: 0x0 []
2026-05-18 13:30:07.043693-0500: NOTICE: Vendor portmap 0xe mst 0xc ddc 0xc aux 0xe
2026-05-18 13:30:07.054078-0500: NOTICE: Features policyd 0x20100000 kernel 0x0
2026-05-18 13:30:07.115738-0500: NOTICE: Populated addr 1.0 bad:f00d UUID 0 order 0:0 tx 2:2 dsp 1 WL 0 MS 0 edid 128 undef 0 DSC 0
2026-05-18 13:30:07.118981-0500: NOTICE: Populated addr 1.0 bad:f00d UUID 0 order 0:0 tx 2:2 dsp 1 WL 0 MS 0 edid 128 undef 0 DSC 0
2026-05-18 13:30:07.119055-0500: NOTICE: FB AGDC state FB[0] - ON
2026-05-18 13:30:07.121724-0500: NOTICE: accepted No_Media_Mode enter, Mon May 18 13:30:07 2026
2026-05-18 13:30:07.128232-0500: NOTICE: accepted No_Media_Mode exit, Mon May 18 13:30:07 2026
2026-05-18 13:30:07.128872-0500: NOTICE: doChange: addr 1.0 [7]
2026-05-18 13:30:07.128924-0500: NOTICE: doChange: addr 2.0 [7]
2026-05-18 13:30:07.132378-0500: NOTICE: doChange: addr 3.0 [7]
2026-05-18 13:30:07.148166-0500: NOTICE: doChange: addr 1.0 [7]
2026-05-18 13:30:07.148226-0500: NOTICE: doChange: addr 2.0 [7]
2026-05-18 13:30:07.151869-0500: NOTICE: doChange: addr 3.0 [7]
2026-05-18 14:04:04.725491-0500: NOTICE: accepted No_Media_Mode enter, Mon May 18 14:04:04 2026
2026-05-18 14:44:12.977774-0500: NOTICE: accepted No_Media_Mode exit, Mon May 18 14:44:12 2026
2026-05-18 14:44:13.015870-0500: NOTICE: doChange: addr 1.0 [7]
2026-05-18 14:44:13.015938-0500: NOTICE: doChange: addr 2.0 [7]
2026-05-18 14:44:13.018595-0500: NOTICE: doChange: addr 3.0 [7]
2026-05-19 20:30:27.599755-0500: PolicyEngine started: 7800020000000000, Time: Tue May 19 20:30:27 2026
2026-05-19 20:30:28.228452-0500: NOTICE: kAGDCCallbackCapability: 0x0 []
2026-05-19 20:30:29.027561-0500: NOTICE: Vendor portmap 0xe mst 0xc ddc 0xc aux 0xe
2026-05-19 20:30:29.027914-0500: NOTICE: Features policyd 0x20100000 kernel 0x0
2026-05-19 20:30:29.045547-0500: NOTICE: Populated addr 1.0 bad:f00d UUID 0 order 0:0 tx 2:2 dsp 1 WL 0 MS 0 edid 128 undef 0 DSC 0
2026-05-19 20:30:29.056670-0500: NOTICE: Populated addr 1.0 bad:f00d UUID 0 order 0:0 tx 2:2 dsp 1 WL 0 MS 0 edid 128 undef 0 DSC 0
2026-05-19 20:30:29.056725-0500: NOTICE: FB AGDC state FB[0] - ON
2026-05-19 20:30:29.063674-0500: NOTICE: accepted No_Media_Mode enter, Tue May 19 20:30:29 2026
2026-05-19 20:30:29.063741-0500: NOTICE: accepted No_Media_Mode exit, Tue May 19 20:30:29 2026
2026-05-19 20:30:29.064151-0500: NOTICE: doChange: addr 1.0 [7]
2026-05-19 20:30:29.064598-0500: NOTICE: doChange: addr 2.0 [7]
2026-05-19 20:30:29.070572-0500: NOTICE: doChange: addr 3.0 [7]
2026-05-19 20:30:29.074169-0500: NOTICE: doChange: addr 1.0 [7]
2026-05-19 20:30:29.074395-0500: NOTICE: doChange: addr 2.0 [7]
2026-05-19 20:30:29.077733-0500: NOTICE: doChange: addr 3.0 [7]
2026-05-19 20:33:21.339400-0500: NOTICE: accepted No_Media_Mode enter, Tue May 19 20:33:21 2026
2026-05-19 21:05:27.843039-0500: NOTICE: accepted No_Media_Mode exit, Tue May 19 21:05:27 2026
2026-05-19 21:05:27.862094-0500: NOTICE: doChange: addr 1.0 [7]
2026-05-19 21:05:27.862158-0500: NOTICE: doChange: addr 2.0 [7]
2026-05-19 21:05:27.865143-0500: NOTICE: doChange: addr 3.0 [7]
2026-05-19 21:12:09.712178-0500: NOTICE: accepted No_Media_Mode enter, Tue May 19 21:12:09 2026
2026-05-19 21:24:27.801564-0500: NOTICE: accepted No_Media_Mode exit, Tue May 19 21:24:27 2026
2026-05-19 21:24:27.979743-0500: NOTICE: doChange: addr 1.0 [7]
2026-05-19 21:24:27.979843-0500: NOTICE: doChange: addr 2.0 [7]
2026-05-19 21:24:27.983153-0500: NOTICE: doChange: addr 3.0 [7]
2026-05-19 21:26:42.073090-0500: NOTICE: accepted No_Media_Mode enter, Tue May 19 21:26:42 2026
2026-05-19 21:37:00.785943-0500: NOTICE: accepted No_Media_Mode exit, Tue May 19 21:37:00 2026
2026-05-19 21:37:00.946654-0500: NOTICE: doChange: addr 1.0 [7]
2026-05-19 21:37:00.946761-0500: NOTICE: doChange: addr 2.0 [7]
2026-05-19 21:37:00.949781-0500: NOTICE: doChange: addr 3.0 [7]
2026-05-22 11:53:57.039182-0500: PolicyEngine started: 7800020000000000, Time: Fri May 22 11:53:57 2026
2026-05-22 11:53:57.896713-0500: NOTICE: kAGDCCallbackCapability: 0x0 []
2026-05-22 11:53:58.456094-0500: NOTICE: Vendor portmap 0xe mst 0xc ddc 0xc aux 0xe
2026-05-22 11:53:58.456424-0500: NOTICE: Features policyd 0x20100000 kernel 0x0
2026-05-22 11:53:58.515947-0500: NOTICE: Populated addr 1.0 bad:f00d UUID 0 order 0:0 tx 2:2 dsp 1 WL 0 MS 0 edid 128 undef 0 DSC 0
2026-05-22 11:53:58.523629-0500: NOTICE: Populated addr 1.0 bad:f00d UUID 0 order 0:0 tx 2:2 dsp 1 WL 0 MS 0 edid 128 undef 0 DSC 0
2026-05-22 11:53:58.523689-0500: NOTICE: FB AGDC state FB[0] - ON
2026-05-22 11:53:58.526616-0500: NOTICE: accepted No_Media_Mode enter, Fri May 22 11:53:58 2026
2026-05-22 11:53:58.526709-0500: NOTICE: accepted No_Media_Mode exit, Fri May 22 11:53:58 2026
2026-05-22 11:53:58.527028-0500: NOTICE: doChange: addr 1.0 [7]
2026-05-22 11:53:58.527373-0500: NOTICE: doChange: addr 2.0 [7]
2026-05-22 11:53:58.531204-0500: NOTICE: doChange: addr 3.0 [7]
2026-05-22 11:53:58.536670-0500: NOTICE: doChange: addr 1.0 [7]
2026-05-22 11:53:58.536800-0500: NOTICE: doChange: addr 2.0 [7]
2026-05-22 11:53:58.539767-0500: NOTICE: doChange: addr 3.0 [7]
2026-05-23 01:52:37.616229-0500: PolicyEngine started: 7800020000000000, Time: Sat May 23 01:52:37 2026
2026-05-23 01:52:38.262461-0500: NOTICE: kAGDCCallbackCapability: 0x0 []
2026-05-23 01:52:39.116734-0500: NOTICE: Vendor portmap 0xe mst 0xc ddc 0xc aux 0xe
2026-05-23 01:52:39.121827-0500: NOTICE: Features policyd 0x20100000 kernel 0x0
2026-05-23 01:52:39.126733-0500: NOTICE: Populated addr 1.0 bad:f00d UUID 0 order 0:0 tx 2:2 dsp 1 WL 0 MS 0 edid 128 undef 0 DSC 0
2026-05-23 01:52:39.130135-0500: NOTICE: Populated addr 1.0 bad:f00d UUID 0 order 0:0 tx 2:2 dsp 1 WL 0 MS 0 edid 128 undef 0 DSC 0
2026-05-23 01:52:39.130186-0500: NOTICE: FB AGDC state FB[0] - ON
2026-05-23 01:52:39.132144-0500: NOTICE: accepted No_Media_Mode enter, Sat May 23 01:52:39 2026
2026-05-23 01:52:39.132195-0500: NOTICE: accepted No_Media_Mode exit, Sat May 23 01:52:39 2026
2026-05-23 01:52:39.132279-0500: NOTICE: doChange: addr 1.0 [7]
2026-05-23 01:52:39.132301-0500: NOTICE: doChange: addr 2.0 [7]
2026-05-23 01:52:39.134943-0500: NOTICE: doChange: addr 3.0 [7]
2026-05-23 01:52:39.146436-0500: NOTICE: doChange: addr 1.0 [7]
2026-05-23 01:52:39.146471-0500: NOTICE: doChange: addr 2.0 [7]
2026-05-23 01:52:39.150049-0500: NOTICE: doChange: addr 3.0 [7]
2026-05-23 04:12:34.490617-0500: NOTICE: accepted No_Media_Mode enter, Sat May 23 04:12:34 2026
2026-05-23 04:13:33.564667-0500: NOTICE: accepted No_Media_Mode exit, Sat May 23 04:13:33 2026
2026-05-23 04:13:33.675298-0500: NOTICE: doChange: addr 1.0 [7]
2026-05-23 04:13:33.675989-0500: NOTICE: doChange: addr 2.0 [7]
2026-05-23 04:13:33.679671-0500: NOTICE: doChange: addr 3.0 [7]
2026-05-23 04:13:53.230344-0500: NOTICE: accepted No_Media_Mode enter, Sat May 23 04:13:53 2026
2026-05-23 04:24:55.207856-0500: NOTICE: accepted No_Media_Mode exit, Sat May 23 04:24:54 2026
2026-05-23 04:24:55.230147-0500: NOTICE: doChange: addr 1.0 [7]
2026-05-23 04:24:55.230196-0500: NOTICE: doChange: addr 2.0 [7]
2026-05-23 04:24:55.233991-0500: NOTICE: doChange: addr 3.0 [7]
2026-05-23 04:25:11.036285-0500: NOTICE: accepted No_Media_Mode enter, Sat May 23 04:25:11 2026
2026-05-23 04:29:47.892552-0500: NOTICE: accepted No_Media_Mode exit, Sat May 23 04:29:47 2026
2026-05-23 04:29:47.939739-0500: NOTICE: doChange: addr 1.0 [7]
2026-05-23 04:29:47.939807-0500: NOTICE: doChange: addr 2.0 [7]
2026-05-23 04:29:47.942377-0500: NOTICE: doChange: addr 3.0 [7]
2026-05-23 04:30:03.769030-0500: NOTICE: accepted No_Media_Mode enter, Sat May 23 04:30:04 2026
2026-05-23 04:31:03.656688-0500: NOTICE: accepted No_Media_Mode exit, Sat May 23 04:31:01 2026
2026-05-23 04:31:03.704065-0500: NOTICE: doChange: addr 1.0 [7]
2026-05-23 04:31:03.704127-0500: NOTICE: doChange: addr 2.0 [7]
2026-05-23 04:31:03.706821-0500: NOTICE: doChange: addr 3.0 [7]
2026-05-23 04:31:19.521844-0500: NOTICE: accepted No_Media_Mode enter, Sat May 23 04:31:19 2026
2026-05-23 04:41:17.603077-0500: NOTICE: accepted No_Media_Mode exit, Sat May 23 04:41:17 2026
2026-05-23 04:41:17.628162-0500: NOTICE: doChange: addr 1.0 [7]
2026-05-23 04:41:17.628226-0500: NOTICE: doChange: addr 2.0 [7]
2026-05-23 04:41:17.631544-0500: NOTICE: doChange: addr 3.0 [7]
2026-05-23 06:46:38.777392-0500: NOTICE: accepted No_Media_Mode enter, Sat May 23 06:46:38 2026
2026-05-23 07:12:19.109548-0500: NOTICE: accepted No_Media_Mode exit, Sat May 23 07:12:18 2026
2026-05-23 07:12:19.430507-0500: NOTICE: doChange: addr 1.0 [7]
2026-05-23 07:12:19.444174-0500: NOTICE: doChange: addr 2.0 [7]
2026-05-23 07:12:19.453922-0500: NOTICE: doChange: addr 3.0 [7]
2026-05-23 10:18:34.979140-0500: PolicyEngine started: 7800020000000000, Time: Sat May 23 10:18:34 2026
2026-05-23 10:18:35.647679-0500: NOTICE: kAGDCCallbackCapability: 0x0 []
2026-05-23 10:18:36.472367-0500: NOTICE: Vendor portmap 0xe mst 0xc ddc 0xc aux 0xe
2026-05-23 10:18:36.472780-0500: NOTICE: Features policyd 0x20100000 kernel 0x0
2026-05-23 10:18:36.481303-0500: NOTICE: Populated addr 1.0 bad:f00d UUID 0 order 0:0 tx 2:2 dsp 1 WL 0 MS 0 edid 128 undef 0 DSC 0
2026-05-23 10:18:36.485128-0500: NOTICE: Populated addr 1.0 bad:f00d UUID 0 order 0:0 tx 2:2 dsp 1 WL 0 MS 0 edid 128 undef 0 DSC 0
2026-05-23 10:18:36.485189-0500: NOTICE: FB AGDC state FB[0] - ON
2026-05-23 10:18:36.487644-0500: NOTICE: accepted No_Media_Mode enter, Sat May 23 10:18:36 2026
2026-05-23 10:18:36.487707-0500: NOTICE: accepted No_Media_Mode exit, Sat May 23 10:18:36 2026
2026-05-23 10:18:36.487795-0500: NOTICE: doChange: addr 1.0 [7]
2026-05-23 10:18:36.487863-0500: NOTICE: doChange: addr 2.0 [7]
2026-05-23 10:18:36.492808-0500: NOTICE: doChange: addr 3.0 [7]
2026-05-23 10:18:36.506514-0500: NOTICE: doChange: addr 1.0 [7]
2026-05-23 10:18:36.506564-0500: NOTICE: doChange: addr 2.0 [7]
2026-05-23 10:18:36.515439-0500: NOTICE: doChange: addr 3.0 [7]
2026-05-23 12:49:34.115953-0500: NOTICE: accepted No_Media_Mode enter, Sat May 23 12:49:34 2026
2026-05-23 12:49:37.026242-0500: NOTICE: accepted No_Media_Mode exit, Sat May 23 12:49:37 2026
2026-05-23 12:49:37.137197-0500: NOTICE: doChange: addr 1.0 [7]
2026-05-23 12:49:37.137358-0500: NOTICE: doChange: addr 2.0 [7]
2026-05-23 12:49:37.141479-0500: NOTICE: doChange: addr 3.0 [7]
2026-05-23 12:49:42.436516-0500: NOTICE: accepted No_Media_Mode enter, Sat May 23 12:49:42 2026
2026-05-23 12:49:44.810081-0500: NOTICE: accepted No_Media_Mode exit, Sat May 23 12:49:44 2026
2026-05-23 12:49:45.155512-0500: NOTICE: doChange: addr 1.0 [7]
2026-05-23 12:49:45.155581-0500: NOTICE: doChange: addr 2.0 [7]
2026-05-23 12:49:45.158341-0500: NOTICE: doChange: addr 3.0 [7]
2026-05-23 12:49:56.527849-0500: NOTICE: accepted No_Media_Mode enter, Sat May 23 12:49:56 2026
2026-05-23 14:19:07.040607-0500: NOTICE: accepted No_Media_Mode exit, Sat May 23 14:19:07 2026
2026-05-23 14:19:07.092819-0500: NOTICE: doChange: addr 1.0 [7]
2026-05-23 14:19:07.093035-0500: NOTICE: doChange: addr 2.0 [7]
2026-05-23 14:19:07.095923-0500: NOTICE: doChange: addr 3.0 [7]
2026-05-23 18:15:55.839386-0500: NOTICE: accepted No_Media_Mode enter, Sat May 23 18:15:55 2026
2026-05-23 19:08:47.983091-0500: NOTICE: accepted No_Media_Mode exit, Sat May 23 19:08:47 2026
2026-05-23 19:08:48.113819-0500: NOTICE: doChange: addr 1.0 [7]
2026-05-23 19:08:48.113897-0500: NOTICE: doChange: addr 2.0 [7]
2026-05-23 19:08:48.116587-0500: NOTICE: doChange: addr 3.0 [7]
2026-05-23 21:32:38.391584-0500: NOTICE: accepted No_Media_Mode enter, Sat May 23 21:32:38 2026
2026-05-23 21:32:39.238305-0500: NOTICE: accepted No_Media_Mode exit, Sat May 23 21:32:39 2026
2026-05-23 21:32:40.896459-0500: NOTICE: doChange: addr 1.0 [7]
2026-05-23 21:32:40.896733-0500: NOTICE: doChange: addr 2.0 [7]
2026-05-23 21:32:40.901531-0500: NOTICE: doChange: addr 3.0 [7]
2026-05-23 21:33:11.507647-0500: NOTICE: accepted No_Media_Mode enter, Sat May 23 21:33:11 2026
2026-05-23 21:38:19.961398-0500: NOTICE: accepted No_Media_Mode exit, Sat May 23 21:38:19 2026
2026-05-23 21:38:20.089455-0500: NOTICE: doChange: addr 1.0 [7]
2026-05-23 21:38:20.089509-0500: NOTICE: doChange: addr 2.0 [7]
2026-05-23 21:38:20.092720-0500: NOTICE: doChange: addr 3.0 [7]
2026-05-23 21:39:17.696668-0500: NOTICE: accepted No_Media_Mode enter, Sat May 23 21:39:17 2026
2026-05-23 23:07:52.094158-0500: NOTICE: accepted No_Media_Mode exit, Sat May 23 23:07:51 2026
2026-05-23 23:07:52.479763-0500: NOTICE: doChange: addr 1.0 [7]
2026-05-23 23:07:52.479946-0500: NOTICE: doChange: addr 2.0 [7]
2026-05-23 23:07:52.482834-0500: NOTICE: doChange: addr 3.0 [7]
2026-05-24 02:11:51.691645-0500: NOTICE: accepted No_Media_Mode enter, Sun May 24 02:11:51 2026
2026-05-24 03:47:44.843887-0500: NOTICE: accepted No_Media_Mode exit, Sun May 24 03:47:44 2026
2026-05-24 03:47:49.867212-0500: NOTICE: doChange: addr 1.0 [7]
2026-05-24 03:47:50.124918-0500: NOTICE: doChange: addr 2.0 [7]
2026-05-24 03:47:50.581277-0500: NOTICE: doChange: addr 3.0 [7]
2026-05-24 06:33:56.239876-0500: NOTICE: accepted No_Media_Mode enter, Sun May 24 06:33:56 2026
2026-05-24 07:37:22.084295-0500: NOTICE: accepted No_Media_Mode exit, Sun May 24 07:37:21 2026
2026-05-24 07:37:23.173491-0500: NOTICE: doChange: addr 1.0 [7]
2026-05-24 07:37:23.306728-0500: NOTICE: doChange: addr 2.0 [7]
2026-05-24 07:37:23.785531-0500: NOTICE: doChange: addr 3.0 [7]
2026-05-24 07:37:41.518834-0500: NOTICE: accepted No_Media_Mode enter, Sun May 24 07:37:41 2026
2026-05-24 07:38:40.157173-0500: NOTICE: accepted No_Media_Mode exit, Sun May 24 07:38:39 2026
2026-05-24 07:38:40.505248-0500: NOTICE: doChange: addr 1.0 [7]
2026-05-24 07:38:40.505332-0500: NOTICE: doChange: addr 2.0 [7]
2026-05-24 07:38:40.508132-0500: NOTICE: doChange: addr 3.0 [7]
2026-05-24 10:45:45.272641-0500: NOTICE: accepted No_Media_Mode enter, Sun May 24 10:45:45 2026
2026-05-24 12:07:34.980152-0500: NOTICE: accepted No_Media_Mode exit, Sun May 24 12:07:33 2026
2026-05-24 12:07:35.406861-0500: NOTICE: doChange: addr 1.0 [7]
2026-05-24 12:07:35.408139-0500: NOTICE: doChange: addr 2.0 [7]
2026-05-24 12:07:35.483322-0500: NOTICE: doChange: addr 3.0 [7]
2026-05-24 12:08:01.663494-0500: NOTICE: accepted No_Media_Mode enter, Sun May 24 12:08:01 2026
2026-05-24 12:10:46.161638-0500: NOTICE: accepted No_Media_Mode exit, Sun May 24 12:10:46 2026
2026-05-24 12:10:46.514069-0500: NOTICE: doChange: addr 1.0 [7]
2026-05-24 12:10:46.557502-0500: NOTICE: doChange: addr 2.0 [7]
2026-05-24 12:10:46.562351-0500: NOTICE: doChange: addr 3.0 [7]
2026-05-24 12:11:16.790957-0500: NOTICE: accepted No_Media_Mode enter, Sun May 24 12:11:17 2026
2026-05-24 12:13:07.854704-0500: NOTICE: accepted No_Media_Mode exit, Sun May 24 12:13:07 2026
2026-05-24 12:13:08.169108-0500: NOTICE: doChange: addr 1.0 [7]
2026-05-24 12:13:08.169203-0500: NOTICE: doChange: addr 2.0 [7]
2026-05-24 12:13:08.173266-0500: NOTICE: doChange: addr 3.0 [7]
2026-05-24 12:13:38.555215-0500: NOTICE: accepted No_Media_Mode enter, Sun May 24 12:13:39 2026
2026-05-24 12:14:58.496009-0500: NOTICE: accepted No_Media_Mode exit, Sun May 24 12:14:58 2026
2026-05-24 12:14:58.711711-0500: NOTICE: doChange: addr 1.0 [7]
2026-05-24 12:14:58.711781-0500: NOTICE: doChange: addr 2.0 [7]
2026-05-24 12:14:58.715280-0500: NOTICE: doChange: addr 3.0 [7]
2026-05-24 12:15:29.390661-0500: NOTICE: accepted No_Media_Mode enter, Sun May 24 12:15:30 2026
2026-05-24 12:17:13.427983-0500: NOTICE: accepted No_Media_Mode exit, Sun May 24 12:17:12 2026
2026-05-24 12:17:14.095837-0500: NOTICE: doChange: addr 1.0 [7]
2026-05-24 12:17:14.151601-0500: NOTICE: doChange: addr 2.0 [7]
2026-05-24 12:17:14.155122-0500: NOTICE: doChange: addr 3.0 [7]
2026-05-24 12:17:45.343344-0500: NOTICE: accepted No_Media_Mode enter, Sun May 24 12:17:44 2026
2026-05-24 12:19:44.573069-0500: NOTICE: accepted No_Media_Mode exit, Sun May 24 12:19:43 2026
2026-05-24 12:19:44.960890-0500: NOTICE: doChange: addr 1.0 [7]
2026-05-24 12:19:45.002256-0500: NOTICE: doChange: addr 2.0 [7]
2026-05-24 12:19:45.145494-0500: NOTICE: doChange: addr 3.0 [7]
2026-05-24 12:20:15.327043-0500: NOTICE: accepted No_Media_Mode enter, Sun May 24 12:20:14 2026
2026-05-24 12:22:51.170679-0500: NOTICE: accepted No_Media_Mode exit, Sun May 24 12:22:51 2026
2026-05-24 12:22:51.305576-0500: NOTICE: doChange: addr 1.0 [7]
2026-05-24 12:22:51.305686-0500: NOTICE: doChange: addr 2.0 [7]
2026-05-24 12:22:51.309843-0500: NOTICE: doChange: addr 3.0 [7]
2026-05-24 12:23:22.123651-0500: NOTICE: accepted No_Media_Mode enter, Sun May 24 12:23:22 2026
2026-05-24 12:25:41.192756-0500: NOTICE: accepted No_Media_Mode exit, Sun May 24 12:25:41 2026
2026-05-24 12:25:41.364505-0500: NOTICE: doChange: addr 1.0 [7]
2026-05-24 12:25:41.364577-0500: NOTICE: doChange: addr 2.0 [7]
2026-05-24 12:25:41.367772-0500: NOTICE: doChange: addr 3.0 [7]
2026-05-24 12:26:12.127608-0500: NOTICE: accepted No_Media_Mode enter, Sun May 24 12:26:12 2026
2026-05-24 12:28:59.111903-0500: NOTICE: accepted No_Media_Mode exit, Sun May 24 12:28:59 2026
2026-05-24 12:28:59.284068-0500: NOTICE: doChange: addr 1.0 [7]
2026-05-24 12:28:59.284152-0500: NOTICE: doChange: addr 2.0 [7]
2026-05-24 12:28:59.287540-0500: NOTICE: doChange: addr 3.0 [7]
2026-05-24 12:29:30.059825-0500: NOTICE: accepted No_Media_Mode enter, Sun May 24 12:29:30 2026
2026-05-24 12:31:23.291944-0500: NOTICE: accepted No_Media_Mode exit, Sun May 24 12:31:23 2026
2026-05-24 12:31:23.343129-0500: NOTICE: doChange: addr 1.0 [7]
2026-05-24 12:31:23.345484-0500: NOTICE: doChange: addr 2.0 [7]
2026-05-24 12:31:23.348304-0500: NOTICE: doChange: addr 3.0 [7]
2026-05-24 12:31:54.178041-0500: NOTICE: accepted No_Media_Mode enter, Sun May 24 12:31:54 2026
2026-05-24 12:34:22.000176-0500: NOTICE: accepted No_Media_Mode exit, Sun May 24 12:34:21 2026
2026-05-24 12:34:22.575317-0500: NOTICE: doChange: addr 1.0 [7]
2026-05-24 12:34:22.726846-0500: NOTICE: doChange: addr 2.0 [7]
2026-05-24 12:34:22.730014-0500: NOTICE: doChange: addr 3.0 [7]
2026-05-24 12:34:53.193133-0500: NOTICE: accepted No_Media_Mode enter, Sun May 24 12:34:53 2026
2026-05-24 12:39:08.369351-0500: NOTICE: accepted No_Media_Mode exit, Sun May 24 12:39:08 2026
2026-05-24 12:39:08.552880-0500: NOTICE: doChange: addr 1.0 [7]
2026-05-24 12:39:08.556879-0500: NOTICE: doChange: addr 2.0 [7]
2026-05-24 12:39:08.566922-0500: NOTICE: doChange: addr 3.0 [7]
2026-05-24 12:39:38.561392-0500: NOTICE: accepted No_Media_Mode enter, Sun May 24 12:39:38 2026
2026-05-24 12:44:25.195298-0500: NOTICE: accepted No_Media_Mode exit, Sun May 24 12:44:24 2026
2026-05-24 12:44:25.328495-0500: NOTICE: doChange: addr 1.0 [7]
2026-05-24 12:44:25.328606-0500: NOTICE: doChange: addr 2.0 [7]
2026-05-24 12:44:25.331460-0500: NOTICE: doChange: addr 3.0 [7]
2026-05-24 12:44:56.098305-0500: NOTICE: accepted No_Media_Mode enter, Sun May 24 12:44:56 2026
2026-05-24 12:48:24.105325-0500: NOTICE: accepted No_Media_Mode exit, Sun May 24 12:48:24 2026
2026-05-24 12:48:24.260928-0500: NOTICE: doChange: addr 1.0 [7]
2026-05-24 12:48:24.261278-0500: NOTICE: doChange: addr 2.0 [7]
2026-05-24 12:48:24.264457-0500: NOTICE: doChange: addr 3.0 [7]
2026-05-24 12:48:55.132977-0500: NOTICE: accepted No_Media_Mode enter, Sun May 24 12:48:55 2026
2026-05-24 12:52:22.277624-0500: NOTICE: accepted No_Media_Mode exit, Sun May 24 12:52:22 2026
2026-05-24 12:52:22.453915-0500: NOTICE: doChange: addr 1.0 [7]
2026-05-24 12:52:22.453987-0500: NOTICE: doChange: addr 2.0 [7]
2026-05-24 12:52:22.456795-0500: NOTICE: doChange: addr 3.0 [7]
2026-05-24 12:52:52.522319-0500: NOTICE: accepted No_Media_Mode enter, Sun May 24 12:52:52 2026
2026-05-24 12:56:07.245627-0500: NOTICE: accepted No_Media_Mode exit, Sun May 24 12:56:07 2026
2026-05-24 12:56:07.321705-0500: NOTICE: doChange: addr 1.0 [7]
2026-05-24 12:56:07.321790-0500: NOTICE: doChange: addr 2.0 [7]
2026-05-24 12:56:07.329892-0500: NOTICE: doChange: addr 3.0 [7]
2026-05-24 12:56:38.077522-0500: NOTICE: accepted No_Media_Mode enter, Sun May 24 12:56:38 2026
2026-05-24 12:58:29.305433-0500: NOTICE: accepted No_Media_Mode exit, Sun May 24 12:58:28 2026
2026-05-24 12:58:29.574625-0500: NOTICE: doChange: addr 1.0 [7]
2026-05-24 12:58:29.574696-0500: NOTICE: doChange: addr 2.0 [7]
2026-05-24 12:58:29.577477-0500: NOTICE: doChange: addr 3.0 [7]
2026-05-24 12:59:00.153523-0500: NOTICE: accepted No_Media_Mode enter, Sun May 24 12:59:00 2026
2026-05-24 13:01:30.732276-0500: NOTICE: accepted No_Media_Mode exit, Sun May 24 13:01:30 2026
2026-05-24 13:01:31.207044-0500: NOTICE: doChange: addr 1.0 [7]
2026-05-24 13:01:31.253380-0500: NOTICE: doChange: addr 2.0 [7]
2026-05-24 13:01:31.267088-0500: NOTICE: doChange: addr 3.0 [7]
2026-05-24 13:02:01.892061-0500: NOTICE: accepted No_Media_Mode enter, Sun May 24 13:02:01 2026
2026-05-24 13:05:09.250081-0500: NOTICE: accepted No_Media_Mode exit, Sun May 24 13:05:08 2026
2026-05-24 13:05:09.382657-0500: NOTICE: doChange: addr 1.0 [7]
2026-05-24 13:05:09.382751-0500: NOTICE: doChange: addr 2.0 [7]
2026-05-24 13:05:09.385541-0500: NOTICE: doChange: addr 3.0 [7]
2026-05-24 13:05:39.774497-0500: NOTICE: accepted No_Media_Mode enter, Sun May 24 13:05:39 2026
2026-05-24 13:08:30.070139-0500: NOTICE: accepted No_Media_Mode exit, Sun May 24 13:08:30 2026
2026-05-24 13:08:30.186155-0500: NOTICE: doChange: addr 1.0 [7]
2026-05-24 13:08:30.186247-0500: NOTICE: doChange: addr 2.0 [7]
2026-05-24 13:08:30.188983-0500: NOTICE: doChange: addr 3.0 [7]
2026-05-24 13:09:01.347558-0500: NOTICE: accepted No_Media_Mode enter, Sun May 24 13:09:01 2026
2026-05-24 13:14:18.309318-0500: NOTICE: accepted No_Media_Mode exit, Sun May 24 13:14:17 2026
2026-05-24 13:14:18.855893-0500: NOTICE: doChange: addr 1.0 [7]
2026-05-24 13:14:18.856003-0500: NOTICE: doChange: addr 2.0 [7]
2026-05-24 13:14:18.859172-0500: NOTICE: doChange: addr 3.0 [7]
2026-05-24 13:14:49.075174-0500: NOTICE: accepted No_Media_Mode enter, Sun May 24 13:14:49 2026
2026-05-24 13:18:38.181407-0500: NOTICE: accepted No_Media_Mode exit, Sun May 24 13:18:37 2026
2026-05-24 13:18:38.204598-0500: NOTICE: doChange: addr 1.0 [7]
2026-05-24 13:18:38.204692-0500: NOTICE: doChange: addr 2.0 [7]
2026-05-24 13:18:38.207561-0500: NOTICE: doChange: addr 3.0 [7]
2026-05-24 13:19:08.938992-0500: NOTICE: accepted No_Media_Mode enter, Sun May 24 13:19:08 2026
2026-05-24 13:23:03.302150-0500: NOTICE: accepted No_Media_Mode exit, Sun May 24 13:23:02 2026
2026-05-24 13:23:03.559641-0500: NOTICE: doChange: addr 1.0 [7]
2026-05-24 13:23:03.559719-0500: NOTICE: doChange: addr 2.0 [7]
2026-05-24 13:23:03.563134-0500: NOTICE: doChange: addr 3.0 [7]
2026-05-24 13:23:34.088031-0500: NOTICE: accepted No_Media_Mode enter, Sun May 24 13:23:34 2026
2026-05-24 13:25:40.195517-0500: NOTICE: accepted No_Media_Mode exit, Sun May 24 13:25:39 2026
2026-05-24 13:25:40.292143-0500: NOTICE: doChange: addr 1.0 [7]
2026-05-24 13:25:40.292250-0500: NOTICE: doChange: addr 2.0 [7]
2026-05-24 13:25:40.295587-0500: NOTICE: doChange: addr 3.0 [7]
2026-05-24 13:26:10.745898-0500: NOTICE: accepted No_Media_Mode enter, Sun May 24 13:26:10 2026
2026-05-24 13:28:33.804414-0500: NOTICE: accepted No_Media_Mode exit, Sun May 24 13:28:33 2026
2026-05-24 13:28:34.207803-0500: NOTICE: doChange: addr 1.0 [7]
2026-05-24 13:28:34.207979-0500: NOTICE: doChange: addr 2.0 [7]
2026-05-24 13:28:34.214251-0500: NOTICE: doChange: addr 3.0 [7]
2026-05-24 13:29:04.189003-0500: NOTICE: accepted No_Media_Mode enter, Sun May 24 13:29:04 2026
2026-05-24 13:32:24.746934-0500: NOTICE: accepted No_Media_Mode exit, Sun May 24 13:32:24 2026
2026-05-24 13:32:25.164687-0500: NOTICE: doChange: addr 1.0 [7]
2026-05-24 13:32:25.164780-0500: NOTICE: doChange: addr 2.0 [7]
2026-05-24 13:32:25.167452-0500: NOTICE: doChange: addr 3.0 [7]
2026-05-24 13:32:56.549117-0500: NOTICE: accepted No_Media_Mode enter, Sun May 24 13:32:54 2026
2026-05-24 13:34:20.165386-0500: NOTICE: accepted No_Media_Mode exit, Sun May 24 13:34:18 2026
2026-05-24 13:34:20.426641-0500: NOTICE: doChange: addr 1.0 [7]
2026-05-24 13:34:20.426720-0500: NOTICE: doChange: addr 2.0 [7]
2026-05-24 13:34:20.429427-0500: NOTICE: doChange: addr 3.0 [7]
2026-05-24 13:34:51.207704-0500: NOTICE: accepted No_Media_Mode enter, Sun May 24 13:34:49 2026
2026-05-24 13:39:35.036084-0500: NOTICE: accepted No_Media_Mode exit, Sun May 24 13:39:33 2026
2026-05-24 13:39:35.192201-0500: NOTICE: doChange: addr 1.0 [7]
2026-05-24 13:39:35.192359-0500: NOTICE: doChange: addr 2.0 [7]
2026-05-24 13:39:35.195457-0500: NOTICE: doChange: addr 3.0 [7]
2026-05-24 13:40:05.722402-0500: NOTICE: accepted No_Media_Mode enter, Sun May 24 13:40:03 2026
2026-05-24 13:42:28.116122-0500: NOTICE: accepted No_Media_Mode exit, Sun May 24 13:42:26 2026
2026-05-24 13:42:28.356094-0500: NOTICE: doChange: addr 1.0 [7]
2026-05-24 13:42:28.356426-0500: NOTICE: doChange: addr 2.0 [7]
2026-05-24 13:42:28.359871-0500: NOTICE: doChange: addr 3.0 [7]
2026-05-24 13:42:58.565979-0500: NOTICE: accepted No_Media_Mode enter, Sun May 24 13:42:56 2026
2026-05-24 13:46:27.848246-0500: NOTICE: accepted No_Media_Mode exit, Sun May 24 13:46:25 2026
2026-05-24 13:46:28.283238-0500: NOTICE: doChange: addr 1.0 [7]
2026-05-24 13:46:28.628601-0500: NOTICE: doChange: addr 2.0 [7]
2026-05-24 13:46:28.632262-0500: NOTICE: doChange: addr 3.0 [7]
2026-05-24 13:46:58.368177-0500: NOTICE: accepted No_Media_Mode enter, Sun May 24 13:46:56 2026
2026-05-24 13:49:43.110667-0500: NOTICE: accepted No_Media_Mode exit, Sun May 24 13:49:43 2026
2026-05-24 13:49:43.242133-0500: NOTICE: doChange: addr 1.0 [7]
2026-05-24 13:49:43.242235-0500: NOTICE: doChange: addr 2.0 [7]
2026-05-24 13:49:43.246657-0500: NOTICE: doChange: addr 3.0 [7]
2026-05-24 13:50:13.998276-0500: NOTICE: accepted No_Media_Mode enter, Sun May 24 13:50:13 2026
2026-05-24 13:56:22.169309-0500: NOTICE: accepted No_Media_Mode exit, Sun May 24 13:56:22 2026
2026-05-24 13:56:22.484538-0500: NOTICE: doChange: addr 1.0 [7]
2026-05-24 13:56:22.484655-0500: NOTICE: doChange: addr 2.0 [7]
2026-05-24 13:56:22.488915-0500: NOTICE: doChange: addr 3.0 [7]
2026-05-24 13:56:53.327166-0500: NOTICE: accepted No_Media_Mode enter, Sun May 24 13:56:53 2026
2026-05-24 14:00:32.132392-0500: NOTICE: accepted No_Media_Mode exit, Sun May 24 14:00:32 2026
2026-05-24 14:00:32.572304-0500: NOTICE: doChange: addr 1.0 [7]
2026-05-24 14:00:32.572399-0500: NOTICE: doChange: addr 2.0 [7]
2026-05-24 14:00:32.575228-0500: NOTICE: doChange: addr 3.0 [7]
2026-05-24 14:01:02.789798-0500: NOTICE: accepted No_Media_Mode enter, Sun May 24 14:01:02 2026
2026-05-24 14:03:57.057027-0500: NOTICE: accepted No_Media_Mode exit, Sun May 24 14:03:57 2026
2026-05-24 14:03:57.229099-0500: NOTICE: doChange: addr 1.0 [7]
2026-05-24 14:03:57.229188-0500: NOTICE: doChange: addr 2.0 [7]
2026-05-24 14:03:57.232628-0500: NOTICE: doChange: addr 3.0 [7]
2026-05-24 14:04:28.026515-0500: NOTICE: accepted No_Media_Mode enter, Sun May 24 14:04:28 2026
2026-05-24 14:08:27.254605-0500: NOTICE: accepted No_Media_Mode exit, Sun May 24 14:08:26 2026
2026-05-24 14:08:27.496706-0500: NOTICE: doChange: addr 1.0 [7]
2026-05-24 14:08:27.496814-0500: NOTICE: doChange: addr 2.0 [7]
2026-05-24 14:08:27.499851-0500: NOTICE: doChange: addr 3.0 [7]
2026-05-24 14:08:58.083674-0500: NOTICE: accepted No_Media_Mode enter, Sun May 24 14:08:58 2026
2026-05-24 14:10:49.558655-0500: NOTICE: accepted No_Media_Mode exit, Sun May 24 14:10:49 2026
2026-05-24 14:10:49.973710-0500: NOTICE: doChange: addr 1.0 [7]
2026-05-24 14:10:49.973791-0500: NOTICE: doChange: addr 2.0 [7]
2026-05-24 14:10:49.977482-0500: NOTICE: doChange: addr 3.0 [7]
2026-05-24 14:11:20.339246-0500: NOTICE: accepted No_Media_Mode enter, Sun May 24 14:11:20 2026
2026-05-24 14:13:48.791588-0500: NOTICE: accepted No_Media_Mode exit, Sun May 24 14:13:49 2026
2026-05-24 14:13:49.050970-0500: NOTICE: doChange: addr 1.0 [7]
2026-05-24 14:13:49.051028-0500: NOTICE: doChange: addr 2.0 [7]
2026-05-24 14:13:49.053774-0500: NOTICE: doChange: addr 3.0 [7]
2026-05-24 14:14:31.690544-0500: NOTICE: accepted No_Media_Mode enter, Sun May 24 14:14:32 2026
2026-05-24 14:17:37.775289-0500: NOTICE: accepted No_Media_Mode exit, Sun May 24 14:17:37 2026
2026-05-24 14:17:37.883687-0500: NOTICE: doChange: addr 1.0 [7]
2026-05-24 14:17:37.883772-0500: NOTICE: doChange: addr 2.0 [7]
2026-05-24 14:17:37.886419-0500: NOTICE: doChange: addr 3.0 [7]
2026-05-24 14:18:08.428903-0500: NOTICE: accepted No_Media_Mode enter, Sun May 24 14:18:09 2026
2026-05-24 14:20:15.213389-0500: NOTICE: accepted No_Media_Mode exit, Sun May 24 14:20:15 2026
2026-05-24 14:20:15.349889-0500: NOTICE: doChange: addr 1.0 [7]
2026-05-24 14:20:15.350582-0500: NOTICE: doChange: addr 2.0 [7]
2026-05-24 14:20:15.354146-0500: NOTICE: doChange: addr 3.0 [7]
2026-05-24 14:20:46.613122-0500: NOTICE: accepted No_Media_Mode enter, Sun May 24 14:20:47 2026
2026-05-24 14:22:43.558397-0500: NOTICE: accepted No_Media_Mode exit, Sun May 24 14:22:44 2026
2026-05-24 14:22:43.650027-0500: NOTICE: doChange: addr 1.0 [7]
2026-05-24 14:22:43.650117-0500: NOTICE: doChange: addr 2.0 [7]
2026-05-24 14:22:43.652797-0500: NOTICE: doChange: addr 3.0 [7]
2026-05-24 14:23:14.080635-0500: NOTICE: accepted No_Media_Mode enter, Sun May 24 14:23:14 2026
2026-05-24 14:29:18.434593-0500: NOTICE: accepted No_Media_Mode exit, Sun May 24 14:29:18 2026
2026-05-24 14:29:18.631575-0500: NOTICE: doChange: addr 1.0 [7]
2026-05-24 14:29:18.631671-0500: NOTICE: doChange: addr 2.0 [7]
2026-05-24 14:29:18.634699-0500: NOTICE: doChange: addr 3.0 [7]
2026-05-24 14:29:50.944664-0500: NOTICE: accepted No_Media_Mode enter, Sun May 24 14:29:50 2026
2026-05-24 14:33:49.098004-0500: NOTICE: accepted No_Media_Mode exit, Sun May 24 14:33:49 2026
2026-05-24 14:33:49.395178-0500: NOTICE: doChange: addr 1.0 [7]
2026-05-24 14:33:49.395248-0500: NOTICE: doChange: addr 2.0 [7]
2026-05-24 14:33:49.398105-0500: NOTICE: doChange: addr 3.0 [7]
2026-05-24 14:34:19.876954-0500: NOTICE: accepted No_Media_Mode enter, Sun May 24 14:34:19 2026
2026-05-24 14:36:32.184712-0500: NOTICE: accepted No_Media_Mode exit, Sun May 24 14:36:32 2026
2026-05-24 14:36:32.338499-0500: NOTICE: doChange: addr 1.0 [7]
2026-05-24 14:36:32.338581-0500: NOTICE: doChange: addr 2.0 [7]
2026-05-24 14:36:32.341360-0500: NOTICE: doChange: addr 3.0 [7]
2026-05-24 14:37:03.003120-0500: NOTICE: accepted No_Media_Mode enter, Sun May 24 14:37:03 2026
2026-05-24 14:45:21.191832-0500: NOTICE: accepted No_Media_Mode exit, Sun May 24 14:45:21 2026
2026-05-24 14:45:21.491777-0500: NOTICE: doChange: addr 1.0 [7]
2026-05-24 14:45:21.491860-0500: NOTICE: doChange: addr 2.0 [7]
2026-05-24 14:45:21.494525-0500: NOTICE: doChange: addr 3.0 [7]
2026-05-24 14:45:52.105689-0500: NOTICE: accepted No_Media_Mode enter, Sun May 24 14:45:52 2026
2026-05-24 14:48:59.091033-0500: NOTICE: accepted No_Media_Mode exit, Sun May 24 14:48:58 2026
2026-05-24 14:49:00.326118-0500: NOTICE: doChange: addr 1.0 [7]
2026-05-24 14:49:00.474101-0500: NOTICE: doChange: addr 2.0 [7]
2026-05-24 14:49:00.476937-0500: NOTICE: doChange: addr 3.0 [7]
2026-05-24 14:49:29.626307-0500: NOTICE: accepted No_Media_Mode enter, Sun May 24 14:49:29 2026
2026-05-24 14:56:49.988276-0500: NOTICE: accepted No_Media_Mode exit, Sun May 24 14:56:49 2026
2026-05-24 14:56:50.556529-0500: NOTICE: doChange: addr 1.0 [7]
2026-05-24 14:56:50.556616-0500: NOTICE: doChange: addr 2.0 [7]
2026-05-24 14:56:50.563818-0500: NOTICE: doChange: addr 3.0 [7]
2026-05-24 14:57:21.591715-0500: NOTICE: accepted No_Media_Mode enter, Sun May 24 14:57:21 2026
2026-05-24 15:06:25.285357-0500: NOTICE: accepted No_Media_Mode exit, Sun May 24 15:06:24 2026
2026-05-24 15:06:25.535347-0500: NOTICE: doChange: addr 1.0 [7]
2026-05-24 15:06:25.535435-0500: NOTICE: doChange: addr 2.0 [7]
2026-05-24 15:06:25.538342-0500: NOTICE: doChange: addr 3.0 [7]
2026-05-24 15:06:56.356742-0500: NOTICE: accepted No_Media_Mode enter, Sun May 24 15:06:56 2026
2026-05-24 15:13:08.293701-0500: NOTICE: accepted No_Media_Mode exit, Sun May 24 15:13:07 2026
2026-05-24 15:13:08.342146-0500: NOTICE: doChange: addr 1.0 [7]
2026-05-24 15:13:08.342226-0500: NOTICE: doChange: addr 2.0 [7]
2026-05-24 15:13:08.345640-0500: NOTICE: doChange: addr 3.0 [7]
2026-05-24 15:13:38.695378-0500: NOTICE: accepted No_Media_Mode enter, Sun May 24 15:13:38 2026
2026-05-24 15:17:45.202832-0500: NOTICE: accepted No_Media_Mode exit, Sun May 24 15:17:44 2026
2026-05-24 15:17:45.544620-0500: NOTICE: doChange: addr 1.0 [7]
2026-05-24 15:17:45.544691-0500: NOTICE: doChange: addr 2.0 [7]
2026-05-24 15:17:45.550026-0500: NOTICE: doChange: addr 3.0 [7]
2026-05-24 15:18:16.464046-0500: NOTICE: accepted No_Media_Mode enter, Sun May 24 15:18:16 2026
2026-05-24 15:26:39.382114-0500: NOTICE: accepted No_Media_Mode exit, Sun May 24 15:26:38 2026
2026-05-24 15:26:39.514863-0500: NOTICE: doChange: addr 1.0 [7]
2026-05-24 15:26:39.515019-0500: NOTICE: doChange: addr 2.0 [7]
2026-05-24 15:26:39.518031-0500: NOTICE: doChange: addr 3.0 [7]
2026-05-24 15:27:10.127830-0500: NOTICE: accepted No_Media_Mode enter, Sun May 24 15:27:10 2026
2026-05-24 15:31:00.090590-0500: NOTICE: accepted No_Media_Mode exit, Sun May 24 15:31:00 2026
2026-05-24 15:31:00.400946-0500: NOTICE: doChange: addr 1.0 [7]
2026-05-24 15:31:00.401846-0500: NOTICE: doChange: addr 2.0 [7]
2026-05-24 15:31:00.406268-0500: NOTICE: doChange: addr 3.0 [7]
2026-05-24 15:31:39.736377-0500: NOTICE: accepted No_Media_Mode enter, Sun May 24 15:31:39 2026
2026-05-24 15:32:32.307892-0500: NOTICE: accepted No_Media_Mode exit, Sun May 24 15:32:32 2026
2026-05-24 15:32:33.037493-0500: NOTICE: doChange: addr 1.0 [7]
2026-05-24 15:32:33.037610-0500: NOTICE: doChange: addr 2.0 [7]
2026-05-24 15:32:33.040775-0500: NOTICE: doChange: addr 3.0 [7]
2026-05-24 15:32:39.346951-0500: NOTICE: accepted No_Media_Mode enter, Sun May 24 15:32:39 2026
2026-05-24 18:01:19.941758-0500: NOTICE: accepted No_Media_Mode exit, Sun May 24 18:01:19 2026
2026-05-24 18:01:20.308326-0500: NOTICE: doChange: addr 1.0 [7]
2026-05-24 18:01:20.309222-0500: NOTICE: doChange: addr 2.0 [7]
2026-05-24 18:01:20.312762-0500: NOTICE: doChange: addr 3.0 [7]
2026-05-24 18:01:40.345494-0500: NOTICE: accepted No_Media_Mode enter, Sun May 24 18:01:40 2026
2026-05-24 18:02:51.094986-0500: NOTICE: accepted No_Media_Mode exit, Sun May 24 18:02:50 2026
2026-05-24 18:02:51.311855-0500: NOTICE: doChange: addr 1.0 [7]
2026-05-24 18:02:51.312180-0500: NOTICE: doChange: addr 2.0 [7]
2026-05-24 18:02:51.318691-0500: NOTICE: doChange: addr 3.0 [7]
2026-05-24 18:03:07.353891-0500: NOTICE: accepted No_Media_Mode enter, Sun May 24 18:03:07 2026
2026-05-24 18:03:44.005812-0500: NOTICE: accepted No_Media_Mode exit, Sun May 24 18:03:43 2026
2026-05-24 18:03:44.068205-0500: NOTICE: doChange: addr 1.0 [7]
2026-05-24 18:03:44.068330-0500: NOTICE: doChange: addr 2.0 [7]
2026-05-24 18:03:44.071610-0500: NOTICE: doChange: addr 3.0 [7]
2026-05-24 18:03:59.873469-0500: NOTICE: accepted No_Media_Mode enter, Sun May 24 18:03:59 2026
2026-05-24 18:05:07.779638-0500: NOTICE: accepted No_Media_Mode exit, Sun May 24 18:05:07 2026
2026-05-24 18:05:07.923734-0500: NOTICE: doChange: addr 1.0 [7]
2026-05-24 18:05:08.015262-0500: NOTICE: doChange: addr 2.0 [7]
2026-05-24 18:05:08.035882-0500: NOTICE: doChange: addr 3.0 [7]
2026-05-24 18:05:23.973775-0500: NOTICE: accepted No_Media_Mode enter, Sun May 24 18:05:25 2026
2026-05-24 18:06:46.632611-0500: NOTICE: accepted No_Media_Mode exit, Sun May 24 18:06:48 2026
2026-05-24 18:06:46.840044-0500: NOTICE: doChange: addr 1.0 [7]
2026-05-24 18:06:46.840627-0500: NOTICE: doChange: addr 2.0 [7]
2026-05-24 18:06:46.843587-0500: NOTICE: doChange: addr 3.0 [7]
2026-05-24 19:32:47.843668-0500: NOTICE: accepted No_Media_Mode enter, Sun May 24 19:32:46 2026
2026-05-24 19:32:54.818130-0500: NOTICE: accepted No_Media_Mode exit, Sun May 24 19:32:54 2026
2026-05-24 19:32:56.208629-0500: NOTICE: doChange: addr 1.0 [7]
2026-05-24 19:32:56.783185-0500: NOTICE: doChange: addr 2.0 [7]
2026-05-24 19:32:57.062891-0500: NOTICE: doChange: addr 3.0 [7]
2026-05-24 21:08:15.130295-0500: NOTICE: accepted No_Media_Mode enter, Sun May 24 21:08:15 2026
2026-05-24 22:36:47.661470-0500: NOTICE: accepted No_Media_Mode exit, Sun May 24 22:36:47 2026
2026-05-24 22:36:49.348490-0500: NOTICE: doChange: addr 1.0 [7]
2026-05-24 22:36:49.356249-0500: NOTICE: doChange: addr 2.0 [7]
2026-05-24 22:36:49.407633-0500: NOTICE: doChange: addr 3.0 [7]
2026-05-24 22:37:31.644139-0500: NOTICE: accepted No_Media_Mode enter, Sun May 24 22:37:31 2026
2026-05-24 22:39:53.366029-0500: NOTICE: accepted No_Media_Mode exit, Sun May 24 22:39:53 2026
2026-05-24 22:39:53.424646-0500: NOTICE: doChange: addr 1.0 [7]
2026-05-24 22:39:53.424739-0500: NOTICE: doChange: addr 2.0 [7]
2026-05-24 22:39:53.427627-0500: NOTICE: doChange: addr 3.0 [7]
2026-05-24 22:41:23.085895-0500: NOTICE: accepted No_Media_Mode enter, Sun May 24 22:41:23 2026
2026-05-24 22:41:24.016928-0500: NOTICE: accepted No_Media_Mode exit, Sun May 24 22:41:24 2026
2026-05-24 22:41:24.542701-0500: NOTICE: doChange: addr 1.0 [7]
2026-05-24 22:41:24.542817-0500: NOTICE: doChange: addr 2.0 [7]
2026-05-24 22:41:24.545877-0500: NOTICE: doChange: addr 3.0 [7]
2026-05-24 22:42:03.755750-0500: NOTICE: accepted No_Media_Mode enter, Sun May 24 22:42:03 2026
2026-05-24 22:42:04.635629-0500: NOTICE: accepted No_Media_Mode exit, Sun May 24 22:42:04 2026
2026-05-24 22:42:05.199486-0500: NOTICE: doChange: addr 1.0 [7]
2026-05-24 22:42:05.199621-0500: NOTICE: doChange: addr 2.0 [7]
2026-05-24 22:42:05.202595-0500: NOTICE: doChange: addr 3.0 [7]
2026-05-24 22:42:35.903845-0500: NOTICE: accepted No_Media_Mode enter, Sun May 24 22:42:35 2026
2026-05-24 22:42:36.967451-0500: NOTICE: accepted No_Media_Mode exit, Sun May 24 22:42:36 2026
2026-05-24 22:42:37.394437-0500: NOTICE: doChange: addr 1.0 [7]
2026-05-24 22:42:37.394631-0500: NOTICE: doChange: addr 2.0 [7]
2026-05-24 22:42:37.398230-0500: NOTICE: doChange: addr 3.0 [7]
2026-05-24 22:43:13.785892-0500: NOTICE: accepted No_Media_Mode enter, Sun May 24 22:43:13 2026
2026-05-24 22:45:02.586965-0500: NOTICE: accepted No_Media_Mode exit, Sun May 24 22:45:02 2026
2026-05-24 22:45:02.995525-0500: NOTICE: doChange: addr 1.0 [7]
2026-05-24 22:45:03.048546-0500: NOTICE: doChange: addr 2.0 [7]
2026-05-24 22:45:03.077081-0500: NOTICE: doChange: addr 3.0 [7]
2026-05-24 23:29:48.373467-0500: NOTICE: accepted No_Media_Mode enter, Sun May 24 23:29:48 2026
2026-05-24 23:31:19.077865-0500: NOTICE: accepted No_Media_Mode exit, Sun May 24 23:31:19 2026
2026-05-24 23:31:21.488195-0500: NOTICE: doChange: addr 1.0 [7]
2026-05-24 23:31:22.970544-0500: NOTICE: doChange: addr 2.0 [7]
2026-05-24 23:31:22.976066-0500: NOTICE: doChange: addr 3.0 [7]
2026-05-24 23:31:46.862670-0500: NOTICE: accepted No_Media_Mode enter, Sun May 24 23:31:46 2026
2026-05-24 23:46:28.873600-0500: NOTICE: accepted No_Media_Mode exit, Sun May 24 23:46:28 2026
2026-05-24 23:46:29.258940-0500: NOTICE: doChange: addr 1.0 [7]
2026-05-24 23:46:29.259030-0500: NOTICE: doChange: addr 2.0 [7]
2026-05-24 23:46:29.273524-0500: NOTICE: doChange: addr 3.0 [7]
2026-05-25 01:20:35.487769-0500: NOTICE: accepted No_Media_Mode enter, Mon May 25 01:20:35 2026
2026-05-25 03:20:49.062294-0500: NOTICE: accepted No_Media_Mode exit, Mon May 25 03:20:48 2026
2026-05-25 03:20:51.634062-0500: NOTICE: doChange: addr 1.0 [7]
2026-05-25 03:20:51.952723-0500: NOTICE: doChange: addr 2.0 [7]
2026-05-25 03:20:52.439328-0500: NOTICE: doChange: addr 3.0 [7]
2026-05-25 03:21:06.386278-0500: NOTICE: accepted No_Media_Mode enter, Mon May 25 03:21:06 2026
2026-05-25 15:39:19.080023-0500: NOTICE: accepted No_Media_Mode exit, Mon May 25 15:39:19 2026
2026-05-25 15:39:19.479592-0500: NOTICE: doChange: addr 1.0 [7]
2026-05-25 15:39:19.479688-0500: NOTICE: doChange: addr 2.0 [7]
2026-05-25 15:39:19.483263-0500: NOTICE: doChange: addr 3.0 [7]
2026-05-25 15:50:36.777388-0500: NOTICE: accepted No_Media_Mode enter, Mon May 25 15:50:36 2026
2026-05-25 16:47:35.038518-0500: NOTICE: accepted No_Media_Mode exit, Mon May 25 16:47:34 2026
2026-05-25 16:47:35.864364-0500: NOTICE: doChange: addr 1.0 [7]
2026-05-25 16:47:35.905213-0500: NOTICE: doChange: addr 2.0 [7]
2026-05-25 16:47:35.960325-0500: NOTICE: doChange: addr 3.0 [7]
2026-05-25 16:48:12.105863-0500: NOTICE: accepted No_Media_Mode enter, Mon May 25 16:48:12 2026
2026-05-25 16:48:13.809074-0500: NOTICE: accepted No_Media_Mode exit, Mon May 25 16:48:13 2026
2026-05-25 16:48:14.481114-0500: NOTICE: doChange: addr 1.0 [7]
2026-05-25 16:48:14.481248-0500: NOTICE: doChange: addr 2.0 [7]
2026-05-25 16:48:14.484415-0500: NOTICE: doChange: addr 3.0 [7]
2026-05-25 17:30:20.669351-0500: NOTICE: accepted No_Media_Mode enter, Mon May 25 17:30:20 2026
2026-05-25 18:20:38.347509-0500: NOTICE: accepted No_Media_Mode exit, Mon May 25 18:20:37 2026
2026-05-25 18:20:39.150075-0500: NOTICE: doChange: addr 1.0 [7]
2026-05-25 18:20:39.283249-0500: NOTICE: doChange: addr 2.0 [7]
2026-05-25 18:20:39.589209-0500: NOTICE: doChange: addr 3.0 [7]
2026-05-25 20:40:55.564127-0500: NOTICE: accepted No_Media_Mode enter, Mon May 25 20:40:55 2026
2026-05-25 21:11:50.824860-0500: NOTICE: accepted No_Media_Mode exit, Mon May 25 21:11:50 2026
2026-05-25 21:11:56.560504-0500: NOTICE: doChange: addr 1.0 [7]
2026-05-25 21:11:56.889547-0500: NOTICE: doChange: addr 2.0 [7]
2026-05-25 21:11:56.902100-0500: NOTICE: doChange: addr 3.0 [7]
2026-05-25 21:55:21.708980-0500: NOTICE: accepted No_Media_Mode enter, Mon May 25 21:55:21 2026
2026-05-25 22:25:21.622649-0500: NOTICE: accepted No_Media_Mode exit, Mon May 25 22:25:21 2026
2026-05-25 22:25:24.428988-0500: NOTICE: doChange: addr 1.0 [7]
2026-05-25 22:25:24.446301-0500: NOTICE: doChange: addr 2.0 [7]
2026-05-25 22:25:24.625625-0500: NOTICE: doChange: addr 3.0 [7]
2026-05-26 04:01:16.184928-0500: NOTICE: accepted No_Media_Mode enter, Tue May 26 04:01:16 2026
2026-05-26 04:08:35.792826-0500: NOTICE: accepted No_Media_Mode exit, Tue May 26 04:08:36 2026
2026-05-26 04:08:36.473827-0500: NOTICE: doChange: addr 1.0 [7]
2026-05-26 04:08:37.460068-0500: NOTICE: doChange: addr 2.0 [7]
2026-05-26 04:08:37.475851-0500: NOTICE: doChange: addr 3.0 [7]
2026-05-26 06:18:19.019821-0500: NOTICE: accepted No_Media_Mode enter, Tue May 26 06:18:18 2026
2026-05-26 07:32:59.731457-0500: NOTICE: accepted No_Media_Mode exit, Tue May 26 07:32:58 2026
2026-05-26 07:33:04.591591-0500: NOTICE: doChange: addr 1.0 [7]
2026-05-26 07:33:04.597539-0500: NOTICE: doChange: addr 2.0 [7]
2026-05-26 07:33:04.663306-0500: NOTICE: doChange: addr 3.0 [7]
2026-05-26 07:33:20.565919-0500: NOTICE: accepted No_Media_Mode enter, Tue May 26 07:33:20 2026
2026-05-26 07:34:40.197144-0500: NOTICE: accepted No_Media_Mode exit, Tue May 26 07:34:39 2026
2026-05-26 07:34:40.557185-0500: NOTICE: doChange: addr 1.0 [7]
2026-05-26 07:34:40.557434-0500: NOTICE: doChange: addr 2.0 [7]
2026-05-26 07:34:40.560649-0500: NOTICE: doChange: addr 3.0 [7]
2026-05-26 10:39:33.641931-0500: NOTICE: accepted No_Media_Mode enter, Tue May 26 10:39:33 2026
2026-05-26 11:59:25.237312-0500: NOTICE: accepted No_Media_Mode exit, Tue May 26 11:59:25 2026
2026-05-26 11:59:25.372504-0500: NOTICE: doChange: addr 1.0 [7]
2026-05-26 11:59:25.621004-0500: NOTICE: doChange: addr 2.0 [7]
2026-05-26 11:59:25.686200-0500: NOTICE: doChange: addr 3.0 [7]
2026-05-26 12:38:27.419501-0500: NOTICE: accepted No_Media_Mode enter, Tue May 26 12:38:27 2026
2026-05-26 19:16:54.001814-0500: NOTICE: accepted No_Media_Mode exit, Tue May 26 19:16:54 2026
2026-05-26 19:16:54.014211-0500: NOTICE: doChange: addr 1.0 [7]
2026-05-26 19:16:54.014303-0500: NOTICE: doChange: addr 2.0 [7]
2026-05-26 19:16:54.017299-0500: NOTICE: doChange: addr 3.0 [7]
2026-05-26 20:31:58.695548-0500: NOTICE: accepted No_Media_Mode enter, Tue May 26 20:31:58 2026
2026-05-26 21:31:18.904453-0500: NOTICE: accepted No_Media_Mode exit, Tue May 26 21:31:18 2026
2026-05-26 21:31:18.962984-0500: NOTICE: doChange: addr 1.0 [7]
2026-05-26 21:31:18.963041-0500: NOTICE: doChange: addr 2.0 [7]
2026-05-26 21:31:18.965815-0500: NOTICE: doChange: addr 3.0 [7]
2026-05-26 21:32:14.773948-0500: NOTICE: accepted No_Media_Mode enter, Tue May 26 21:32:15 2026
2026-05-26 21:48:16.007275-0500: NOTICE: accepted No_Media_Mode exit, Tue May 26 21:48:16 2026
2026-05-26 21:48:16.061354-0500: NOTICE: doChange: addr 1.0 [7]
2026-05-26 21:48:16.061411-0500: NOTICE: doChange: addr 2.0 [7]
2026-05-26 21:48:16.064091-0500: NOTICE: doChange: addr 3.0 [7]
2026-05-26 21:52:41.103175-0500: NOTICE: accepted No_Media_Mode enter, Tue May 26 21:52:41 2026
2026-05-26 21:55:39.108957-0500: NOTICE: accepted No_Media_Mode exit, Tue May 26 21:55:39 2026
2026-05-26 21:55:39.475601-0500: NOTICE: doChange: addr 1.0 [7]
2026-05-26 21:55:39.475827-0500: NOTICE: doChange: addr 2.0 [7]
2026-05-26 21:55:39.478736-0500: NOTICE: doChange: addr 3.0 [7]
2026-05-26 22:01:19.619945-0500: NOTICE: accepted No_Media_Mode enter, Tue May 26 22:01:20 2026
2026-05-26 22:02:02.097844-0500: NOTICE: accepted No_Media_Mode exit, Tue May 26 22:02:02 2026
2026-05-26 22:02:02.371155-0500: NOTICE: doChange: addr 1.0 [7]
2026-05-26 22:02:02.371273-0500: NOTICE: doChange: addr 2.0 [7]
2026-05-26 22:02:02.374343-0500: NOTICE: doChange: addr 3.0 [7]
2026-05-26 22:02:19.394262-0500: NOTICE: accepted No_Media_Mode enter, Tue May 26 22:02:19 2026
2026-05-26 22:59:38.606463-0500: NOTICE: accepted No_Media_Mode exit, Tue May 26 22:59:38 2026
2026-05-26 22:59:38.832090-0500: NOTICE: doChange: addr 1.0 [7]
2026-05-26 22:59:38.832242-0500: NOTICE: doChange: addr 2.0 [7]
2026-05-26 22:59:38.835341-0500: NOTICE: doChange: addr 3.0 [7]
2026-05-26 23:00:04.556910-0500: NOTICE: accepted No_Media_Mode enter, Tue May 26 23:00:04 2026
2026-05-26 23:02:08.610107-0500: NOTICE: accepted No_Media_Mode exit, Tue May 26 23:02:08 2026
2026-05-26 23:02:08.822506-0500: NOTICE: doChange: addr 1.0 [7]
2026-05-26 23:02:08.822696-0500: NOTICE: doChange: addr 2.0 [7]
2026-05-26 23:02:08.826356-0500: NOTICE: doChange: addr 3.0 [7]
2026-05-29 11:56:38.546605-0500: PolicyEngine started: 7800020000000000, Time: Fri May 29 11:56:38 2026
2026-05-29 11:56:39.183314-0500: NOTICE: kAGDCCallbackCapability: 0x0 []
2026-05-29 11:56:39.938204-0500: NOTICE: Vendor portmap 0xe mst 0xc ddc 0xc aux 0xe
2026-05-29 11:56:39.938549-0500: NOTICE: Features policyd 0x20100000 kernel 0x0
2026-05-29 11:56:39.956260-0500: NOTICE: Populated addr 1.0 bad:f00d UUID 0 order 0:0 tx 2:2 dsp 1 WL 0 MS 0 edid 128 undef 0 DSC 0
2026-05-29 11:56:39.963525-0500: NOTICE: Populated addr 1.0 bad:f00d UUID 0 order 0:0 tx 2:2 dsp 1 WL 0 MS 0 edid 128 undef 0 DSC 0
2026-05-29 11:56:39.963575-0500: NOTICE: FB AGDC state FB[0] - ON
2026-05-29 11:56:39.971969-0500: NOTICE: accepted No_Media_Mode enter, Fri May 29 11:56:39 2026
2026-05-29 11:56:39.972023-0500: NOTICE: accepted No_Media_Mode exit, Fri May 29 11:56:39 2026
2026-05-29 11:56:39.972253-0500: NOTICE: doChange: addr 1.0 [7]
2026-05-29 11:56:39.972285-0500: NOTICE: doChange: addr 2.0 [7]
2026-05-29 11:56:39.975017-0500: NOTICE: doChange: addr 3.0 [7]
2026-05-29 11:56:39.982065-0500: NOTICE: doChange: addr 1.0 [7]
2026-05-29 11:56:39.982120-0500: NOTICE: doChange: addr 2.0 [7]
2026-05-29 11:56:39.985250-0500: NOTICE: doChange: addr 3.0 [7]
2026-05-29 11:56:40.427738-0500: PolicyEngine started: 7800020000000000, Time: Fri May 29 11:56:40 2026
2026-05-29 11:56:40.427959-0500: NOTICE: kAGDCCallbackCapability: 0x0 []
2026-05-29 11:56:40.428463-0500: NOTICE: Vendor portmap 0xe mst 0xc ddc 0xc aux 0xe
2026-05-29 11:56:40.428513-0500: NOTICE: Features policyd 0x20100000 kernel 0x0
2026-05-29 11:56:40.428671-0500: NOTICE: doing display state recovery
2026-05-29 11:56:40.429147-0500: NOTICE: FB AGDC state FB[0] - ON
2026-05-29 11:56:40.431081-0500: NOTICE: doChange: addr 1.0 [7]
2026-05-29 11:56:40.431131-0500: NOTICE: doChange: addr 2.0 [7]
2026-05-29 11:56:40.433777-0500: NOTICE: doChange: addr 3.0 [7]
2026-05-29 13:09:40.948342-0500: NOTICE: accepted No_Media_Mode enter, Fri May 29 13:09:40 2026
2026-05-29 13:16:09.014299-0500: NOTICE: accepted No_Media_Mode exit, Fri May 29 13:16:09 2026
2026-05-29 13:16:09.200895-0500: NOTICE: doChange: addr 1.0 [7]
2026-05-29 13:16:09.201355-0500: NOTICE: doChange: addr 2.0 [7]
2026-05-29 13:16:09.205039-0500: NOTICE: doChange: addr 3.0 [7]
2026-05-29 14:05:06.073150-0500: NOTICE: accepted No_Media_Mode enter, Fri May 29 14:05:06 2026
2026-05-29 14:16:49.993479-0500: NOTICE: accepted No_Media_Mode exit, Fri May 29 14:16:49 2026
2026-05-29 14:16:50.288062-0500: NOTICE: doChange: addr 1.0 [7]
2026-05-29 14:16:50.288169-0500: NOTICE: doChange: addr 2.0 [7]
2026-05-29 14:16:50.290983-0500: NOTICE: doChange: addr 3.0 [7]
2026-05-29 14:52:15.676409-0500: NOTICE: accepted No_Media_Mode enter, Fri May 29 14:52:15 2026
2026-05-29 14:55:30.916892-0500: NOTICE: accepted No_Media_Mode exit, Fri May 29 14:55:30 2026
2026-05-29 14:55:31.071314-0500: NOTICE: doChange: addr 1.0 [7]
2026-05-29 14:55:31.071411-0500: NOTICE: doChange: addr 2.0 [7]
2026-05-29 14:55:31.074103-0500: NOTICE: doChange: addr 3.0 [7]
2026-05-29 14:56:07.695721-0500: NOTICE: accepted No_Media_Mode enter, Fri May 29 14:56:08 2026
2026-05-29 15:01:26.841194-0500: NOTICE: accepted No_Media_Mode exit, Fri May 29 15:01:25 2026
2026-05-29 15:01:26.975639-0500: NOTICE: doChange: addr 1.0 [7]
2026-05-29 15:01:26.975705-0500: NOTICE: doChange: addr 2.0 [7]
2026-05-29 15:01:26.978850-0500: NOTICE: doChange: addr 3.0 [7]
2026-06-03 11:33:20.788748-0500: PolicyEngine started: 7800020000000000, Time: Wed Jun  3 11:33:20 2026
2026-06-03 11:33:21.461713-0500: NOTICE: kAGDCCallbackCapability: 0x0 []
2026-06-03 11:33:22.225951-0500: NOTICE: Vendor portmap 0xe mst 0xc ddc 0xc aux 0xe
2026-06-03 11:33:22.230274-0500: NOTICE: Features policyd 0x20100000 kernel 0x0
2026-06-03 11:33:22.255719-0500: NOTICE: Populated addr 1.0 bad:f00d UUID 0 order 0:0 tx 2:2 dsp 1 WL 0 MS 0 edid 128 undef 0 DSC 0
2026-06-03 11:33:22.259056-0500: NOTICE: Populated addr 1.0 bad:f00d UUID 0 order 0:0 tx 2:2 dsp 1 WL 0 MS 0 edid 128 undef 0 DSC 0
2026-06-03 11:33:22.260343-0500: NOTICE: FB AGDC state FB[0] - ON
2026-06-03 11:33:22.263478-0500: NOTICE: accepted No_Media_Mode enter, Wed Jun  3 11:33:22 2026
2026-06-03 11:33:22.263595-0500: NOTICE: accepted No_Media_Mode exit, Wed Jun  3 11:33:22 2026
2026-06-03 11:33:22.263669-0500: NOTICE: doChange: addr 1.0 [7]
2026-06-03 11:33:22.263694-0500: NOTICE: doChange: addr 2.0 [7]
2026-06-03 11:33:22.266617-0500: NOTICE: doChange: addr 3.0 [7]
2026-06-03 11:33:22.274907-0500: NOTICE: doChange: addr 1.0 [7]
2026-06-03 11:33:22.274953-0500: NOTICE: doChange: addr 2.0 [7]
2026-06-03 11:33:22.278056-0500: NOTICE: doChange: addr 3.0 [7]
2026-06-06 11:10:25.499562-0500: PolicyEngine started: 7800020000000000, Time: Sat Jun  6 11:10:25 2026
2026-06-06 11:10:26.184842-0500: NOTICE: kAGDCCallbackCapability: 0x0 []
2026-06-06 11:10:26.933607-0500: NOTICE: Vendor portmap 0xe mst 0xc ddc 0xc aux 0xe
2026-06-06 11:10:26.934208-0500: NOTICE: Features policyd 0x20100000 kernel 0x0
2026-06-06 11:10:26.949378-0500: NOTICE: Populated addr 1.0 bad:f00d UUID 0 order 0:0 tx 2:2 dsp 1 WL 0 MS 0 edid 128 undef 0 DSC 0
2026-06-06 11:10:26.958726-0500: NOTICE: Populated addr 1.0 bad:f00d UUID 0 order 0:0 tx 2:2 dsp 1 WL 0 MS 0 edid 128 undef 0 DSC 0
2026-06-06 11:10:26.958791-0500: NOTICE: FB AGDC state FB[0] - ON
2026-06-06 11:10:26.964067-0500: NOTICE: accepted No_Media_Mode enter, Sat Jun  6 11:10:26 2026
2026-06-06 11:10:26.964129-0500: NOTICE: accepted No_Media_Mode exit, Sat Jun  6 11:10:26 2026
2026-06-06 11:10:26.965021-0500: NOTICE: doChange: addr 1.0 [7]
2026-06-06 11:10:26.965068-0500: NOTICE: doChange: addr 2.0 [7]
2026-06-06 11:10:26.968141-0500: NOTICE: doChange: addr 3.0 [7]
2026-06-06 11:10:26.980534-0500: NOTICE: doChange: addr 1.0 [7]
2026-06-06 11:10:26.980635-0500: NOTICE: doChange: addr 2.0 [7]
2026-06-06 11:10:26.984031-0500: NOTICE: doChange: addr 3.0 [7]
2026-06-06 11:10:27.464132-0500: PolicyEngine started: 7800020000000000, Time: Sat Jun  6 11:10:27 2026
2026-06-06 11:10:27.464308-0500: NOTICE: kAGDCCallbackCapability: 0x0 []
2026-06-06 11:10:27.464717-0500: NOTICE: Vendor portmap 0xe mst 0xc ddc 0xc aux 0xe
2026-06-06 11:10:27.464759-0500: NOTICE: Features policyd 0x20100000 kernel 0x0
2026-06-06 11:10:27.464896-0500: NOTICE: doing display state recovery
2026-06-06 11:10:27.465410-0500: NOTICE: FB AGDC state FB[0] - ON
2026-06-06 11:10:27.467487-0500: NOTICE: doChange: addr 1.0 [7]
2026-06-06 11:10:27.467540-0500: NOTICE: doChange: addr 2.0 [7]
2026-06-06 11:10:27.470190-0500: NOTICE: doChange: addr 3.0 [7]
2026-06-06 12:50:19.163107-0500: NOTICE: accepted No_Media_Mode enter, Sat Jun  6 12:50:19 2026
2026-06-06 13:02:59.993320-0500: NOTICE: accepted No_Media_Mode exit, Sat Jun  6 13:03:00 2026
2026-06-06 13:03:00.044556-0500: NOTICE: doChange: addr 1.0 [7]
2026-06-06 13:03:00.044645-0500: NOTICE: doChange: addr 2.0 [7]
2026-06-06 13:03:00.049746-0500: NOTICE: doChange: addr 3.0 [7]
2026-06-07 10:41:20.219456-0500: PolicyEngine started: 7800020000000000, Time: Sun Jun  7 10:41:20 2026
2026-06-07 10:41:20.875754-0500: NOTICE: kAGDCCallbackCapability: 0x0 []
2026-06-07 10:41:21.558035-0500: NOTICE: Vendor portmap 0xe mst 0xc ddc 0xc aux 0xe
2026-06-07 10:41:21.559427-0500: NOTICE: Features policyd 0x20100000 kernel 0x0
2026-06-07 10:41:21.618160-0500: NOTICE: Populated addr 1.0 bad:f00d UUID 0 order 0:0 tx 2:2 dsp 1 WL 0 MS 0 edid 128 undef 0 DSC 0
2026-06-07 10:41:21.626607-0500: NOTICE: Populated addr 1.0 bad:f00d UUID 0 order 0:0 tx 2:2 dsp 1 WL 0 MS 0 edid 128 undef 0 DSC 0
2026-06-07 10:41:21.626660-0500: NOTICE: FB AGDC state FB[0] - ON
2026-06-07 10:41:21.640806-0500: NOTICE: accepted No_Media_Mode enter, Sun Jun  7 10:41:21 2026
2026-06-07 10:41:21.640967-0500: NOTICE: accepted No_Media_Mode exit, Sun Jun  7 10:41:21 2026
2026-06-07 10:41:21.641102-0500: NOTICE: doChange: addr 1.0 [7]
2026-06-07 10:41:21.641132-0500: NOTICE: doChange: addr 2.0 [7]
2026-06-07 10:41:21.645410-0500: NOTICE: doChange: addr 3.0 [7]
2026-06-07 10:41:21.651003-0500: NOTICE: doChange: addr 1.0 [7]
2026-06-07 10:41:21.651168-0500: NOTICE: doChange: addr 2.0 [7]
2026-06-07 10:41:21.655160-0500: NOTICE: doChange: addr 3.0 [7]
2026-06-07 10:41:22.021961-0500: PolicyEngine started: 7800020000000000, Time: Sun Jun  7 10:41:22 2026
2026-06-07 10:41:22.022187-0500: NOTICE: kAGDCCallbackCapability: 0x0 []
2026-06-07 10:41:22.022778-0500: NOTICE: Vendor portmap 0xe mst 0xc ddc 0xc aux 0xe
2026-06-07 10:41:22.022818-0500: NOTICE: Features policyd 0x20100000 kernel 0x0
2026-06-07 10:41:22.022921-0500: NOTICE: doing display state recovery
2026-06-07 10:41:22.023379-0500: NOTICE: FB AGDC state FB[0] - ON
2026-06-07 10:41:22.025705-0500: NOTICE: doChange: addr 1.0 [7]
2026-06-07 10:41:22.025748-0500: NOTICE: doChange: addr 2.0 [7]
2026-06-07 10:41:22.028511-0500: NOTICE: doChange: addr 3.0 [7]
2026-06-07 13:14:44.368536-0500: NOTICE: accepted No_Media_Mode enter, Sun Jun  7 13:14:44 2026
2026-06-07 13:23:09.738626-0500: NOTICE: accepted No_Media_Mode exit, Sun Jun  7 13:23:11 2026
2026-06-07 13:23:09.751064-0500: NOTICE: doChange: addr 1.0 [7]
2026-06-07 13:23:09.751120-0500: NOTICE: doChange: addr 2.0 [7]
2026-06-07 13:23:09.753801-0500: NOTICE: doChange: addr 3.0 [7]
2026-06-07 16:02:11.146684-0500: PolicyEngine started: 7800020000000000, Time: Sun Jun  7 16:02:11 2026
2026-06-07 16:02:11.825661-0500: NOTICE: kAGDCCallbackCapability: 0x0 []
2026-06-07 16:02:12.478650-0500: NOTICE: Vendor portmap 0xe mst 0xc ddc 0xc aux 0xe
2026-06-07 16:02:12.478962-0500: NOTICE: Features policyd 0x20100000 kernel 0x0
2026-06-07 16:02:12.493072-0500: NOTICE: Populated addr 1.0 bad:f00d UUID 0 order 0:0 tx 2:2 dsp 1 WL 0 MS 0 edid 128 undef 0 DSC 0
2026-06-07 16:02:12.499743-0500: NOTICE: Populated addr 1.0 bad:f00d UUID 0 order 0:0 tx 2:2 dsp 1 WL 0 MS 0 edid 128 undef 0 DSC 0
2026-06-07 16:02:12.499783-0500: NOTICE: FB AGDC state FB[0] - ON
2026-06-07 16:02:12.506722-0500: NOTICE: accepted No_Media_Mode enter, Sun Jun  7 16:02:12 2026
2026-06-07 16:02:12.506781-0500: NOTICE: accepted No_Media_Mode exit, Sun Jun  7 16:02:12 2026
2026-06-07 16:02:12.506850-0500: NOTICE: doChange: addr 1.0 [7]
2026-06-07 16:02:12.506873-0500: NOTICE: doChange: addr 2.0 [7]
2026-06-07 16:02:12.510146-0500: NOTICE: doChange: addr 3.0 [7]
2026-06-07 16:02:12.516782-0500: NOTICE: doChange: addr 1.0 [7]
2026-06-07 16:02:12.516835-0500: NOTICE: doChange: addr 2.0 [7]
2026-06-07 16:02:12.519556-0500: NOTICE: doChange: addr 3.0 [7]
2026-06-07 18:02:38.417734-0500: NOTICE: accepted No_Media_Mode enter, Sun Jun  7 18:02:38 2026
2026-06-07 18:07:01.780149-0500: NOTICE: accepted No_Media_Mode exit, Sun Jun  7 18:07:01 2026
2026-06-07 18:07:01.799346-0500: NOTICE: doChange: addr 1.0 [7]
2026-06-07 18:07:01.799774-0500: NOTICE: doChange: addr 2.0 [7]
2026-06-07 18:07:01.827129-0500: NOTICE: doChange: addr 3.0 [7]
2026-06-07 18:07:32.099287-0500: NOTICE: accepted No_Media_Mode enter, Sun Jun  7 18:07:33 2026
2026-06-07 18:07:42.875426-0500: NOTICE: accepted No_Media_Mode exit, Sun Jun  7 18:07:44 2026
2026-06-07 18:07:43.131678-0500: NOTICE: doChange: addr 1.0 [7]
2026-06-07 18:07:43.131780-0500: NOTICE: doChange: addr 2.0 [7]
2026-06-07 18:07:43.134993-0500: NOTICE: doChange: addr 3.0 [7]
2026-06-08 10:09:55.897327-0500: PolicyEngine started: 7800020000000000, Time: Mon Jun  8 10:09:55 2026
2026-06-08 10:09:56.817559-0500: NOTICE: kAGDCCallbackCapability: 0x0 []
2026-06-08 10:09:57.269028-0500: NOTICE: Vendor portmap 0xe mst 0xc ddc 0xc aux 0xe
2026-06-08 10:09:57.269379-0500: NOTICE: Features policyd 0x20100000 kernel 0x0
2026-06-08 10:09:57.274573-0500: NOTICE: Populated addr 1.0 bad:f00d UUID 0 order 0:0 tx 2:2 dsp 1 WL 0 MS 0 edid 128 undef 0 DSC 0
2026-06-08 10:09:57.280731-0500: NOTICE: Populated addr 1.0 bad:f00d UUID 0 order 0:0 tx 2:2 dsp 1 WL 0 MS 0 edid 128 undef 0 DSC 0
2026-06-08 10:09:57.280802-0500: NOTICE: FB AGDC state FB[0] - ON
2026-06-08 10:09:57.283268-0500: NOTICE: accepted No_Media_Mode enter, Mon Jun  8 10:09:57 2026
2026-06-08 10:09:57.283357-0500: NOTICE: accepted No_Media_Mode exit, Mon Jun  8 10:09:57 2026
2026-06-08 10:09:57.283442-0500: NOTICE: doChange: addr 1.0 [7]
2026-06-08 10:09:57.283474-0500: NOTICE: doChange: addr 2.0 [7]
2026-06-08 10:09:57.286231-0500: NOTICE: doChange: addr 3.0 [7]
2026-06-08 10:09:57.295881-0500: NOTICE: doChange: addr 1.0 [7]
2026-06-08 10:09:57.295958-0500: NOTICE: doChange: addr 2.0 [7]
2026-06-08 10:09:57.298792-0500: NOTICE: doChange: addr 3.0 [7]
2026-06-08 14:28:26.953525-0500: NOTICE: accepted No_Media_Mode enter, Mon Jun  8 14:28:26 2026
2026-06-08 14:37:15.983328-0500: NOTICE: accepted No_Media_Mode exit, Mon Jun  8 14:37:16 2026
2026-06-08 14:37:16.111518-0500: NOTICE: doChange: addr 1.0 [7]
2026-06-08 14:37:16.111575-0500: NOTICE: doChange: addr 2.0 [7]
2026-06-08 14:37:16.114458-0500: NOTICE: doChange: addr 3.0 [7]
2026-06-08 17:10:25.630879-0500: PolicyEngine started: 7800020000000000, Time: Mon Jun  8 17:10:25 2026
2026-06-08 17:10:26.336877-0500: NOTICE: kAGDCCallbackCapability: 0x0 []
2026-06-08 17:10:27.154800-0500: NOTICE: Vendor portmap 0xe mst 0xc ddc 0xc aux 0xe
2026-06-08 17:10:27.156101-0500: NOTICE: Features policyd 0x20100000 kernel 0x0
2026-06-08 17:10:27.161150-0500: NOTICE: Populated addr 1.0 bad:f00d UUID 0 order 0:0 tx 2:2 dsp 1 WL 0 MS 0 edid 128 undef 0 DSC 0
2026-06-08 17:10:27.164681-0500: NOTICE: Populated addr 1.0 bad:f00d UUID 0 order 0:0 tx 2:2 dsp 1 WL 0 MS 0 edid 128 undef 0 DSC 0
2026-06-08 17:10:27.164736-0500: NOTICE: FB AGDC state FB[0] - ON
2026-06-08 17:10:27.168267-0500: NOTICE: accepted No_Media_Mode enter, Mon Jun  8 17:10:27 2026
2026-06-08 17:10:27.168590-0500: NOTICE: accepted No_Media_Mode exit, Mon Jun  8 17:10:27 2026
2026-06-08 17:10:27.168777-0500: NOTICE: doChange: addr 1.0 [7]
2026-06-08 17:10:27.168829-0500: NOTICE: doChange: addr 2.0 [7]
2026-06-08 17:10:27.171729-0500: NOTICE: doChange: addr 3.0 [7]
2026-06-08 17:10:27.183483-0500: NOTICE: doChange: addr 1.0 [7]
2026-06-08 17:10:27.183541-0500: NOTICE: doChange: addr 2.0 [7]
2026-06-08 17:10:27.186519-0500: NOTICE: doChange: addr 3.0 [7]
2026-06-08 19:42:23.862851-0500: NOTICE: accepted No_Media_Mode enter, Mon Jun  8 19:42:23 2026
2026-06-08 19:57:27.765899-0500: NOTICE: accepted No_Media_Mode exit, Mon Jun  8 19:57:27 2026
2026-06-08 19:57:27.832918-0500: NOTICE: doChange: addr 1.0 [7]
2026-06-08 19:57:27.833509-0500: NOTICE: doChange: addr 2.0 [7]
2026-06-08 19:57:27.879651-0500: NOTICE: doChange: addr 3.0 [7]
2026-06-08 19:58:08.492603-0500: NOTICE: accepted No_Media_Mode enter, Mon Jun  8 19:58:08 2026
2026-06-08 19:59:16.768722-0500: NOTICE: accepted No_Media_Mode exit, Mon Jun  8 19:59:16 2026
2026-06-08 19:59:17.032056-0500: NOTICE: doChange: addr 1.0 [7]
2026-06-08 19:59:17.032215-0500: NOTICE: doChange: addr 2.0 [7]
2026-06-08 19:59:17.035731-0500: NOTICE: doChange: addr 3.0 [7]
2026-06-11 11:36:38.964568-0500: PolicyEngine started: 7800020000000000, Time: Thu Jun 11 11:36:38 2026
2026-06-11 11:36:39.661041-0500: NOTICE: kAGDCCallbackCapability: 0x0 []
2026-06-11 11:36:40.497824-0500: NOTICE: Vendor portmap 0xe mst 0xc ddc 0xc aux 0xe
2026-06-11 11:36:40.498413-0500: NOTICE: Features policyd 0x20100000 kernel 0x0
2026-06-11 11:36:40.515041-0500: NOTICE: Populated addr 1.0 bad:f00d UUID 0 order 0:0 tx 2:2 dsp 1 WL 0 MS 0 edid 128 undef 0 DSC 0
2026-06-11 11:36:40.518260-0500: NOTICE: Populated addr 1.0 bad:f00d UUID 0 order 0:0 tx 2:2 dsp 1 WL 0 MS 0 edid 128 undef 0 DSC 0
2026-06-11 11:36:40.518318-0500: NOTICE: FB AGDC state FB[0] - ON
2026-06-11 11:36:40.520372-0500: NOTICE: accepted No_Media_Mode enter, Thu Jun 11 11:36:40 2026
2026-06-11 11:36:40.520437-0500: NOTICE: accepted No_Media_Mode exit, Thu Jun 11 11:36:40 2026
2026-06-11 11:36:40.520551-0500: NOTICE: doChange: addr 1.0 [7]
2026-06-11 11:36:40.520580-0500: NOTICE: doChange: addr 2.0 [7]
2026-06-11 11:36:40.525910-0500: NOTICE: doChange: addr 3.0 [7]
2026-06-11 11:36:40.529977-0500: NOTICE: doChange: addr 1.0 [7]
2026-06-11 11:36:40.530029-0500: NOTICE: doChange: addr 2.0 [7]
2026-06-11 11:36:40.532872-0500: NOTICE: doChange: addr 3.0 [7]
2026-06-11 15:04:38.838594-0500: PolicyEngine started: 7800020000000000, Time: Thu Jun 11 15:04:38 2026
2026-06-11 15:04:39.795460-0500: NOTICE: kAGDCCallbackCapability: 0x0 []
2026-06-11 15:04:40.245931-0500: NOTICE: Vendor portmap 0xe mst 0xc ddc 0xc aux 0xe
2026-06-11 15:04:40.246283-0500: NOTICE: Features policyd 0x20100000 kernel 0x0
2026-06-11 15:04:40.255740-0500: NOTICE: Populated addr 1.0 bad:f00d UUID 0 order 0:0 tx 2:2 dsp 1 WL 0 MS 0 edid 128 undef 0 DSC 0
2026-06-11 15:04:40.268415-0500: NOTICE: Populated addr 1.0 bad:f00d UUID 0 order 0:0 tx 2:2 dsp 1 WL 0 MS 0 edid 128 undef 0 DSC 0
2026-06-11 15:04:40.268545-0500: NOTICE: FB AGDC state FB[0] - ON
2026-06-11 15:04:40.273132-0500: NOTICE: accepted No_Media_Mode enter, Thu Jun 11 15:04:40 2026
2026-06-11 15:04:40.273188-0500: NOTICE: accepted No_Media_Mode exit, Thu Jun 11 15:04:40 2026
2026-06-11 15:04:40.273306-0500: NOTICE: doChange: addr 1.0 [7]
2026-06-11 15:04:40.273337-0500: NOTICE: doChange: addr 2.0 [7]
2026-06-11 15:04:40.276078-0500: NOTICE: doChange: addr 3.0 [7]
2026-06-11 15:04:40.284001-0500: NOTICE: doChange: addr 1.0 [7]
2026-06-11 15:04:40.284049-0500: NOTICE: doChange: addr 2.0 [7]
2026-06-11 15:04:40.287229-0500: NOTICE: doChange: addr 3.0 [7]
2026-06-11 15:04:40.787929-0500: PolicyEngine started: 7800020000000000, Time: Thu Jun 11 15:04:40 2026
2026-06-11 15:04:40.788212-0500: NOTICE: kAGDCCallbackCapability: 0x0 []
2026-06-11 15:04:40.788823-0500: NOTICE: Vendor portmap 0xe mst 0xc ddc 0xc aux 0xe
2026-06-11 15:04:40.788906-0500: NOTICE: Features policyd 0x20100000 kernel 0x0
2026-06-11 15:04:40.789126-0500: NOTICE: doing display state recovery
2026-06-11 15:04:40.789709-0500: NOTICE: FB AGDC state FB[0] - ON
2026-06-11 15:04:40.792220-0500: NOTICE: doChange: addr 1.0 [7]
2026-06-11 15:04:40.792281-0500: NOTICE: doChange: addr 2.0 [7]
2026-06-11 15:04:40.794914-0500: NOTICE: doChange: addr 3.0 [7]
2026-06-11 15:49:24.719009-0500: NOTICE: accepted No_Media_Mode enter, Thu Jun 11 15:49:24 2026
2026-06-11 15:57:39.542086-0500: NOTICE: accepted No_Media_Mode exit, Thu Jun 11 15:57:39 2026
2026-06-11 15:57:39.965135-0500: NOTICE: doChange: addr 1.0 [7]
2026-06-11 15:57:39.965294-0500: NOTICE: doChange: addr 2.0 [7]
2026-06-11 15:57:39.968431-0500: NOTICE: doChange: addr 3.0 [7]
2026-06-11 16:54:47.395177-0500: NOTICE: accepted No_Media_Mode enter, Thu Jun 11 16:54:47 2026
2026-06-11 17:05:06.893803-0500: NOTICE: accepted No_Media_Mode exit, Thu Jun 11 17:05:06 2026
2026-06-11 17:05:06.908521-0500: NOTICE: doChange: addr 1.0 [7]
2026-06-11 17:05:06.910229-0500: NOTICE: doChange: addr 2.0 [7]
2026-06-11 17:05:06.919829-0500: NOTICE: doChange: addr 3.0 [7]
2026-06-11 18:12:23.049199-0500: NOTICE: accepted No_Media_Mode enter, Thu Jun 11 18:12:23 2026
2026-06-11 18:22:14.941175-0500: NOTICE: accepted No_Media_Mode exit, Thu Jun 11 18:22:15 2026
2026-06-11 18:22:14.952925-0500: NOTICE: doChange: addr 1.0 [7]
2026-06-11 18:22:14.952993-0500: NOTICE: doChange: addr 2.0 [7]
2026-06-11 18:22:14.955660-0500: NOTICE: doChange: addr 3.0 [7]
2026-06-11 19:49:42.120307-0500: NOTICE: accepted No_Media_Mode enter, Thu Jun 11 19:49:42 2026
2026-06-11 20:00:15.568531-0500: NOTICE: accepted No_Media_Mode exit, Thu Jun 11 20:00:15 2026
2026-06-11 20:00:16.015232-0500: NOTICE: doChange: addr 1.0 [7]
2026-06-11 20:00:16.015328-0500: NOTICE: doChange: addr 2.0 [7]
2026-06-11 20:00:16.018036-0500: NOTICE: doChange: addr 3.0 [7]
2026-06-11 20:21:28.977729-0500: NOTICE: accepted No_Media_Mode enter, Thu Jun 11 20:21:28 2026
2026-06-11 20:23:41.113524-0500: NOTICE: accepted No_Media_Mode exit, Thu Jun 11 20:23:41 2026
2026-06-11 20:23:41.127134-0500: NOTICE: doChange: addr 1.0 [7]
2026-06-11 20:23:41.127188-0500: NOTICE: doChange: addr 2.0 [7]
2026-06-11 20:23:41.130092-0500: NOTICE: doChange: addr 3.0 [7]
2026-06-12 15:40:57.946654-0500: PolicyEngine started: 7800020000000000, Time: Fri Jun 12 15:40:57 2026
2026-06-12 15:40:58.638205-0500: NOTICE: kAGDCCallbackCapability: 0x0 []
2026-06-12 15:40:59.257651-0500: NOTICE: Vendor portmap 0xe mst 0xc ddc 0xc aux 0xe
2026-06-12 15:40:59.258185-0500: NOTICE: Features policyd 0x20100000 kernel 0x0
2026-06-12 15:40:59.269753-0500: NOTICE: Populated addr 1.0 bad:f00d UUID 0 order 0:0 tx 2:2 dsp 1 WL 0 MS 0 edid 128 undef 0 DSC 0
2026-06-12 15:40:59.273578-0500: NOTICE: Populated addr 1.0 bad:f00d UUID 0 order 0:0 tx 2:2 dsp 1 WL 0 MS 0 edid 128 undef 0 DSC 0
2026-06-12 15:40:59.273627-0500: NOTICE: FB AGDC state FB[0] - ON
2026-06-12 15:40:59.278677-0500: NOTICE: accepted No_Media_Mode enter, Fri Jun 12 15:40:59 2026
2026-06-12 15:40:59.278832-0500: NOTICE: accepted No_Media_Mode exit, Fri Jun 12 15:40:59 2026
2026-06-12 15:40:59.279272-0500: NOTICE: doChange: addr 1.0 [7]
2026-06-12 15:40:59.279308-0500: NOTICE: doChange: addr 2.0 [7]
2026-06-12 15:40:59.282783-0500: NOTICE: doChange: addr 3.0 [7]
2026-06-12 15:40:59.289607-0500: NOTICE: doChange: addr 1.0 [7]
2026-06-12 15:40:59.289658-0500: NOTICE: doChange: addr 2.0 [7]
2026-06-12 15:40:59.296528-0500: NOTICE: doChange: addr 3.0 [7]
2026-06-12 17:24:36.494070-0500: PolicyEngine started: 7800020000000000, Time: Fri Jun 12 17:24:36 2026
2026-06-12 17:24:37.187025-0500: NOTICE: kAGDCCallbackCapability: 0x0 []
2026-06-12 17:24:37.858877-0500: NOTICE: Vendor portmap 0xe mst 0xc ddc 0xc aux 0xe
2026-06-12 17:24:37.859165-0500: NOTICE: Features policyd 0x20100000 kernel 0x0
2026-06-12 17:24:37.867845-0500: NOTICE: Populated addr 1.0 bad:f00d UUID 0 order 0:0 tx 2:2 dsp 1 WL 0 MS 0 edid 128 undef 0 DSC 0
2026-06-12 17:24:37.873653-0500: NOTICE: Populated addr 1.0 bad:f00d UUID 0 order 0:0 tx 2:2 dsp 1 WL 0 MS 0 edid 128 undef 0 DSC 0
2026-06-12 17:24:37.873704-0500: NOTICE: FB AGDC state FB[0] - ON
2026-06-12 17:24:37.876308-0500: NOTICE: accepted No_Media_Mode enter, Fri Jun 12 17:24:37 2026
2026-06-12 17:24:37.876400-0500: NOTICE: accepted No_Media_Mode exit, Fri Jun 12 17:24:37 2026
2026-06-12 17:24:37.876480-0500: NOTICE: doChange: addr 1.0 [7]
2026-06-12 17:24:37.876539-0500: NOTICE: doChange: addr 2.0 [7]
2026-06-12 17:24:37.879268-0500: NOTICE: doChange: addr 3.0 [7]
2026-06-12 17:24:37.888249-0500: NOTICE: doChange: addr 1.0 [7]
2026-06-12 17:24:37.888303-0500: NOTICE: doChange: addr 2.0 [7]
2026-06-12 17:24:37.892712-0500: NOTICE: doChange: addr 3.0 [7]
2026-06-12 18:36:27.296798-0500: NOTICE: accepted No_Media_Mode enter, Fri Jun 12 18:36:27 2026
2026-06-12 18:55:15.997523-0500: NOTICE: accepted No_Media_Mode exit, Fri Jun 12 18:55:15 2026
2026-06-12 18:55:16.125256-0500: NOTICE: doChange: addr 1.0 [7]
2026-06-12 18:55:16.125351-0500: NOTICE: doChange: addr 2.0 [7]
2026-06-12 18:55:16.128050-0500: NOTICE: doChange: addr 3.0 [7]
2026-06-13 11:27:40.845255-0500: PolicyEngine started: 7800020000000000, Time: Sat Jun 13 11:27:40 2026
2026-06-13 11:27:41.500157-0500: NOTICE: kAGDCCallbackCapability: 0x0 []
2026-06-13 11:27:42.288500-0500: NOTICE: Vendor portmap 0xe mst 0xc ddc 0xc aux 0xe
2026-06-13 11:27:42.288801-0500: NOTICE: Features policyd 0x20100000 kernel 0x0
2026-06-13 11:27:42.293717-0500: NOTICE: Populated addr 1.0 bad:f00d UUID 0 order 0:0 tx 2:2 dsp 1 WL 0 MS 0 edid 128 undef 0 DSC 0
2026-06-13 11:27:42.297519-0500: NOTICE: Populated addr 1.0 bad:f00d UUID 0 order 0:0 tx 2:2 dsp 1 WL 0 MS 0 edid 128 undef 0 DSC 0
2026-06-13 11:27:42.297574-0500: NOTICE: FB AGDC state FB[0] - ON
2026-06-13 11:27:42.314466-0500: NOTICE: accepted No_Media_Mode enter, Sat Jun 13 11:27:42 2026
2026-06-13 11:27:42.314576-0500: NOTICE: accepted No_Media_Mode exit, Sat Jun 13 11:27:42 2026
2026-06-13 11:27:42.314672-0500: NOTICE: doChange: addr 1.0 [7]
2026-06-13 11:27:42.314705-0500: NOTICE: doChange: addr 2.0 [7]
2026-06-13 11:27:42.317595-0500: NOTICE: doChange: addr 3.0 [7]
2026-06-13 11:27:42.324839-0500: NOTICE: doChange: addr 1.0 [7]
2026-06-13 11:27:42.324896-0500: NOTICE: doChange: addr 2.0 [7]
2026-06-13 11:27:42.328444-0500: NOTICE: doChange: addr 3.0 [7]
2026-06-13 12:58:17.728678-0500: NOTICE: accepted No_Media_Mode enter, Sat Jun 13 12:58:17 2026
2026-06-13 12:59:33.414608-0500: NOTICE: accepted No_Media_Mode exit, Sat Jun 13 12:59:33 2026
2026-06-13 12:59:33.675604-0500: NOTICE: doChange: addr 1.0 [7]
2026-06-13 12:59:33.675654-0500: NOTICE: doChange: addr 2.0 [7]
2026-06-13 12:59:33.678260-0500: NOTICE: doChange: addr 3.0 [7]
2026-06-13 13:04:02.264155-0500: NOTICE: accepted No_Media_Mode enter, Sat Jun 13 13:04:02 2026
2026-06-13 13:11:43.904526-0500: NOTICE: accepted No_Media_Mode exit, Sat Jun 13 13:11:44 2026
2026-06-13 13:11:44.239929-0500: NOTICE: doChange: addr 1.0 [7]
2026-06-13 13:11:44.240077-0500: NOTICE: doChange: addr 2.0 [7]
2026-06-13 13:11:44.242992-0500: NOTICE: doChange: addr 3.0 [7]
2026-06-13 14:23:11.672188-0500: NOTICE: accepted No_Media_Mode enter, Sat Jun 13 14:23:11 2026
2026-06-13 14:33:13.705896-0500: NOTICE: accepted No_Media_Mode exit, Sat Jun 13 14:33:13 2026
2026-06-13 14:33:14.549134-0500: NOTICE: doChange: addr 1.0 [7]
2026-06-13 14:33:14.549270-0500: NOTICE: doChange: addr 2.0 [7]
2026-06-13 14:33:14.551879-0500: NOTICE: doChange: addr 3.0 [7]
2026-06-13 15:41:44.343146-0500: PolicyEngine started: 7800020000000000, Time: Sat Jun 13 15:41:44 2026
2026-06-13 15:41:45.299179-0500: NOTICE: kAGDCCallbackCapability: 0x0 []
2026-06-13 15:41:45.815058-0500: NOTICE: Vendor portmap 0xe mst 0xc ddc 0xc aux 0xe
2026-06-13 15:41:45.817380-0500: NOTICE: Features policyd 0x20100000 kernel 0x0
2026-06-13 15:41:45.841354-0500: NOTICE: Populated addr 1.0 bad:f00d UUID 0 order 0:0 tx 2:2 dsp 1 WL 0 MS 0 edid 128 undef 0 DSC 0
2026-06-13 15:41:45.844670-0500: NOTICE: Populated addr 1.0 bad:f00d UUID 0 order 0:0 tx 2:2 dsp 1 WL 0 MS 0 edid 128 undef 0 DSC 0
2026-06-13 15:41:45.844730-0500: NOTICE: FB AGDC state FB[0] - ON
2026-06-13 15:41:45.849374-0500: NOTICE: accepted No_Media_Mode enter, Sat Jun 13 15:41:45 2026
2026-06-13 15:41:45.849532-0500: NOTICE: accepted No_Media_Mode exit, Sat Jun 13 15:41:45 2026
2026-06-13 15:41:45.850049-0500: NOTICE: doChange: addr 1.0 [7]
2026-06-13 15:41:45.850158-0500: NOTICE: doChange: addr 2.0 [7]
2026-06-13 15:41:45.853786-0500: NOTICE: doChange: addr 3.0 [7]
2026-06-13 15:41:45.859451-0500: NOTICE: doChange: addr 1.0 [7]
2026-06-13 15:41:45.859504-0500: NOTICE: doChange: addr 2.0 [7]
2026-06-13 15:41:45.862407-0500: NOTICE: doChange: addr 3.0 [7]
2026-06-13 15:52:11.546579-0500: NOTICE: accepted No_Media_Mode enter, Sat Jun 13 15:52:11 2026
2026-06-13 15:53:43.963224-0500: NOTICE: accepted No_Media_Mode exit, Sat Jun 13 15:53:44 2026
2026-06-13 15:53:43.973384-0500: NOTICE: doChange: addr 1.0 [7]
2026-06-13 15:53:43.973470-0500: NOTICE: doChange: addr 2.0 [7]
2026-06-13 15:53:43.976197-0500: NOTICE: doChange: addr 3.0 [7]
2026-06-13 17:44:18.784110-0500: NOTICE: accepted No_Media_Mode enter, Sat Jun 13 17:44:18 2026
2026-06-13 17:59:24.949860-0500: NOTICE: accepted No_Media_Mode exit, Sat Jun 13 17:59:24 2026
2026-06-13 17:59:25.492839-0500: NOTICE: doChange: addr 1.0 [7]
2026-06-13 17:59:25.492940-0500: NOTICE: doChange: addr 2.0 [7]
2026-06-13 17:59:25.496327-0500: NOTICE: doChange: addr 3.0 [7]
2026-06-13 19:18:35.817498-0500: NOTICE: accepted No_Media_Mode enter, Sat Jun 13 19:18:35 2026
2026-06-13 19:35:45.283227-0500: NOTICE: accepted No_Media_Mode exit, Sat Jun 13 19:35:45 2026
2026-06-13 19:35:45.820289-0500: NOTICE: doChange: addr 1.0 [7]
2026-06-13 19:35:45.820343-0500: NOTICE: doChange: addr 2.0 [7]
2026-06-13 19:35:45.823157-0500: NOTICE: doChange: addr 3.0 [7]
2026-06-13 20:34:24.103684-0500: NOTICE: accepted No_Media_Mode enter, Sat Jun 13 20:34:24 2026
2026-06-13 20:42:44.977129-0500: NOTICE: accepted No_Media_Mode exit, Sat Jun 13 20:42:43 2026
2026-06-13 20:42:44.988518-0500: NOTICE: doChange: addr 1.0 [7]
2026-06-13 20:42:44.988617-0500: NOTICE: doChange: addr 2.0 [7]
2026-06-13 20:42:44.991719-0500: NOTICE: doChange: addr 3.0 [7]
2026-06-14 06:40:10.557381-0500: PolicyEngine started: 7800020000000000, Time: Sun Jun 14 06:40:10 2026
2026-06-14 06:40:11.234734-0500: NOTICE: kAGDCCallbackCapability: 0x0 []
2026-06-14 06:40:12.006194-0500: NOTICE: Vendor portmap 0xe mst 0xc ddc 0xc aux 0xe
2026-06-14 06:40:12.006911-0500: NOTICE: Features policyd 0x20100000 kernel 0x0
2026-06-14 06:40:12.017572-0500: NOTICE: Populated addr 1.0 bad:f00d UUID 0 order 0:0 tx 2:2 dsp 1 WL 0 MS 0 edid 128 undef 0 DSC 0
2026-06-14 06:40:12.022580-0500: NOTICE: Populated addr 1.0 bad:f00d UUID 0 order 0:0 tx 2:2 dsp 1 WL 0 MS 0 edid 128 undef 0 DSC 0
2026-06-14 06:40:12.022636-0500: NOTICE: FB AGDC state FB[0] - ON
2026-06-14 06:40:12.025134-0500: NOTICE: accepted No_Media_Mode enter, Sun Jun 14 06:40:12 2026
2026-06-14 06:40:12.025496-0500: NOTICE: accepted No_Media_Mode exit, Sun Jun 14 06:40:12 2026
2026-06-14 06:40:12.026849-0500: NOTICE: doChange: addr 1.0 [7]
2026-06-14 06:40:12.027423-0500: NOTICE: doChange: addr 2.0 [7]
2026-06-14 06:40:12.032398-0500: NOTICE: doChange: addr 3.0 [7]
2026-06-14 06:40:12.036404-0500: NOTICE: doChange: addr 1.0 [7]
2026-06-14 06:40:12.036907-0500: NOTICE: doChange: addr 2.0 [7]
2026-06-14 06:40:12.039732-0500: NOTICE: doChange: addr 3.0 [7]
2026-06-14 06:40:12.436351-0500: PolicyEngine started: 7800020000000000, Time: Sun Jun 14 06:40:12 2026
2026-06-14 06:40:12.436772-0500: NOTICE: kAGDCCallbackCapability: 0x0 []
2026-06-14 06:40:12.437321-0500: NOTICE: Vendor portmap 0xe mst 0xc ddc 0xc aux 0xe
2026-06-14 06:40:12.437363-0500: NOTICE: Features policyd 0x20100000 kernel 0x0
2026-06-14 06:40:12.437517-0500: NOTICE: doing display state recovery
2026-06-14 06:40:12.438007-0500: NOTICE: FB AGDC state FB[0] - ON
2026-06-14 06:40:12.445354-0500: NOTICE: doChange: addr 1.0 [7]
2026-06-14 06:40:12.445399-0500: NOTICE: doChange: addr 2.0 [7]
2026-06-14 06:40:12.448988-0500: NOTICE: doChange: addr 3.0 [7]
