AT 1
0.09784319721667017467
0
0
0
DERIV 1
-0.21938393439552028585
0
0
0
DERIV 2
0.2936316877834813099
0
0
0
DERIV 3
-0.3183809389128016143
0
0
0
DERIV 4
0.3154272544286517155
0
0
0
DERIV 5
-0.3013923956991136910
0
0
0
DERIV 6
0.2843716681883499686
0
0
0
DERIV 7
-0.2675425207134051742
0
0
0
DERIV 8
0.2519553620322779186
0
0
0
DERIV 9
-0.23784906834540434084
0
0
0
DERIV 10
0.22517526011972394118
0
0
0
DERIV 11
-0.21379569000497194997
0
0
0
DERIV 12
0.20355514000419575038
0
0
0
DERIV 13
-0.19430730871649087854
0
0
0
DERIV 14
0.18592272073089760598
0
0
0
DERIV 15
-0.17828977744405433148
0
0
0
DERIV 16
0.17131333302046636291
0
0
0
DERIV 17
-0.16491254872514474195
0
0
0
DERIV 18
0.15901871431884584407
0
0
0
DERIV 19
-0.15357328491025160067
0
0
0
DERIV 20
0.14852619961210744570
0
0
0
DERIV 21
-0.14383447582105471363
0
0
0
DERIV 22
0.13946104726641803118
0
0
0
DERIV 23
-0.13537380805720616861
0
0
0
DERIV 24
0.13154482692438779212
0
0
0
DERIV 25
-0.12794970051407897338
0
0
0
DERIV 26
0.12456701972507591702
0
0
0
DERIV 27
-0.12137792782642638223
0
0
0
DERIV 28
0.11836575315537677111
0
0
0
DERIV 29
-0.11551570255395983422
0
0
0
DERIV 30
0.11281460442285082268
0
0
0
DERIV 31
-0.11025069245222123004
0
0
0
DERIV 32
0.10781342282921835274
0
0
0
DERIV 33
-0.10549331910712082816
0
0
0
DERIV 34
0.10328184002464757540
0
0
0
DERIV 35
-0.10117126644411142400
0
0
0
AT 33/32
0.09126477483669016844
0
0
0
DERIV 1
-0.20192759425122328021
0
0
0
DERIV 2
0.2655436105276278713
0
0
0
DERIV 3
-0.2817307780822894681
0
0
0
DERIV 4
0.2722304957301990846
0
0
0
DERIV 5
-0.2531558090439605668
0
0
0
DERIV 6
0.23216874417611732540
0
0
0
DERIV 7
-0.21215371761500168013
0
0
0
DERIV 8
0.19396828957715289699
0
0
0
DERIV 9
-0.17772050255461485646
0
0
0
DERIV 10
0.16326955807093859740
0
0
0
DERIV 11
-0.15040951476443525925
0
0
0
DERIV 12
0.13893405645803780235
0
0
0
DERIV 13
-0.12865734177914500691
0
0
0
DERIV 14
0.11941865947329634301
0
0
0
DERIV 15
-0.11108130012577582812
0
0
0
DERIV 16
0.10352962731424894538
0
0
0
DERIV 17
-0.09666586495695450587
0
0
0
DERIV 18
0.09040714462411610086
0
0
0
DERIV 19
-0.08468296941673693345
0
0
0
DERIV 20
0.07943310092589392357
0
0
0
DERIV 21
-0.07460582308839840138
0
0
0
DERIV 22
0.07015652372981108498
0
0
0
DERIV 23
-0.06604653693957261706
0
0
0
DERIV 24
0.06224219691746388922
0
0
0
DERIV 25
-0.05871406235653948286
0
0
0
DERIV 26
0.05543627818008511898
0
0
0
DERIV 27
-0.05238604803689315276
0
0
0
DERIV 28
0.04954319634457529653
0
0
0
DERIV 29
-0.04688980298739017782
0
0
0
DERIV 30
0.04440989720034845684
0
0
0
DERIV 31
-0.04208919987679599767
0
0
0
DERIV 32
0.03991490567083341712
0
0
0
DERIV 33
-0.03787549795080209086
0
0
0
DERIV 34
0.03596059099307858525
0
0
0
DERIV 35
-0.03416079486320224706
0
0
0
AT 17/16
0.08520551199228688921
0
0
0
DERIV 1
-0.18612443743576559396
0
0
0
DERIV 2
0.24065238692427978751
0
0
0
DERIV 3
-0.2500392572875282937
0
0
0
DERIV 4
0.23586151725850801331
0
0
0
DERIV 5
-0.21366368029301313625
0
0
0
DERIV 6
0.19063909728448133474
0
0
0
DERIV 7
-0.16935597139956243273
0
0
0
DERIV 8
0.15046292388903961812
0
0
0
DERIV 9
-0.13392570570540876518
0
0
0
DERIV 10
0.11950287650385492400
0
0
0
DERIV 11
-0.10691492507124461531
0
0
0
DERIV 12
0.09590030821951493756
0
0
0
DERIV 13
-0.08623084069436924570
0
0
0
DERIV 14
0.07771279051223889400
0
0
0
DERIV 15
-0.07018334449694135779
0
0
0
DERIV 16
0.06350600265480130235
0
0
0
DERIV 17
-0.05756616612992059012
0
0
0
DERIV 18
0.05226730705511216379
0
0
0
DERIV 19
-0.04752777779809360531
0
0
0
DERIV 20
0.04327820108414718453
0
0
0
DERIV 21
-0.03945935103826039847
0
0
0
DERIV 22
0.03602043580143207691
0
0
0
DERIV 23
-0.03291770369491803933
0
0
0
DERIV 24
0.030113308426437283144
0
0
0
DERIV 25
-0.027574381389764708594
0
0
0
DERIV 26
0.025272269745759197435
0
0
0
DERIV 27
-0.023181907606443809960
0
0
0
DERIV 28
0.021281294503713011484
0
0
0
DERIV 29
-0.019551060717994513116
0
0
0
DERIV 30
0.017974103264163408117
0
0
0
DERIV 31
-0.016535279633729520199
0
0
0
DERIV 32
0.015221148977650958770
0
0
0
DERIV 33
-0.014019752443841277875
0
0
0
DERIV 34
0.012920425982512142096
0
0
0
DERIV 35
-0.011913640197366742388
0
0
0
AT 35/32
0.07961672356660444427
0
0
0
DERIV 1
-0.17178839425946457187
0
0
0
DERIV 2
0.21853062756167443426
0
0
0
DERIV 3
-0.22253218196575000332
0
0
0
DERIV 4
0.20509780438841718198
0
0
0
DERIV 5
-0.18115007058300658382
0
0
0
DERIV 6
0.15738592308703447387
0
0
0
DERIV 7
-0.13604244774152735031
0
0
0
DERIV 8
0.11755171996950714020
0
0
0
DERIV 9
-0.10173416509059335366
0
0
0
DERIV 10
0.08824766908728698400
0
0
0
DERIV 11
-0.07674112309987662917
0
0
0
DERIV 12
0.06690106461584836850
0
0
0
DERIV 13
-0.05846114592400174920
0
0
0
DERIV 14
0.05119934394733422628
0
0
0
DERIV 15
-0.04493178691768495020
0
0
0
DERIV 16
0.03950630428127303861
0
0
0
DERIV 17
-0.03479669402310459070
0
0
0
DERIV 18
0.030697927595270246143
0
0
0
DERIV 19
-0.027122241959186551424
0
0
0
DERIV 20
0.023995988835954336349
0
0
0
DERIV 21
-0.021257102809502371327
0
0
0
DERIV 22
0.018853065383960476709
0
0
0
DERIV 23
-0.016739263241893176382
0
0
0
DERIV 24
0.014877659119588305947
0
0
0
DERIV 25
-0.013235710862914990688
0
0
0
DERIV 26
0.011785488089629278172
0
0
0
DERIV 27
-0.010502946821797360180
0
0
0
DERIV 28
0.009367330982480864127
0
0
0
DERIV 29
-0.008360676272140899271
0
0
0
DERIV 30
0.007467397075448667029
0
0
0
DERIV 31
-0.006673941038070704650
0
0
0
DERIV 32
0.005968499060744909476
0
0
0
DERIV 33
-0.005340760888643427025
0
0
0
DERIV 34
0.004781708383540554316
0
0
0
DERIV 35
-0.004283440073477449289
0
0
0
AT 9/8
0.07445514425926330615
0
0
0
DERIV 1
-0.15875797994402504609
0
0
0
DERIV 2
0.19881686707965545713
0
0
0
DERIV 3
-0.19857229171384349620
0
0
0
DERIV 4
0.17896073666052095263
0
0
0
DERIV 5
-0.15424084242732025163
0
0
0
DERIV 6
0.13059682100292169249
0
0
0
DERIV 7
-0.10993059773802546508
0
0
0
DERIV 8
0.09246010996162032369
0
0
0
DERIV 9
-0.07786644686779249647
0
0
0
DERIV 10
0.06571477141483977880
0
0
0
DERIV 11
-0.05559129850171747045
0
0
0
DERIV 12
0.04713991258430447889
0
0
0
DERIV 13
-0.04006531559025997696
0
0
0
DERIV 14
0.03412609893355790514
0
0
0
DERIV 15
-0.029125776317154426776
0
0
0
DERIV 16
0.024904399651798591470
0
0
0
DERIV 17
-0.021331460666213844513
0
0
0
DERIV 18
0.018300116006400485996
0
0
0
DERIV 19
-0.015722567524656515942
0
0
0
DERIV 20
0.013526389614012144721
0
0
0
DERIV 21
-0.011651612011559607865
0
0
0
DERIV 22
0.010048398206987663173
0
0
0
DERIV 23
-0.008675191559559003798
0
0
0
DERIV 24
0.007497228756456591689
0
0
0
DERIV 25
-0.006485342494731458768
0
0
0
DERIV 26
0.005614992728533691781
0
0
0
DERIV 27
-0.004865479335748132232
0
0
0
DERIV 28
0.004219299456423017576
0
0
0
DERIV 29
-0.003661620748031370332
0
0
0
DERIV 30
0.003179847955473538799
0
0
0
DERIV 31
-0.002763264944955625985
0
0
0
DERIV 32
0.002402738034527112689
0
0
0
DERIV 33
-0.002090469323011698299
0
0
0
DERIV 34
0.0018197909642740899960
0
0
0
DERIV 35
-0.0015849930994891151155
0
0
0
AT 37/32
0.06968222072937735323
0
0
0
DERIV 1
-0.14689254754025365957
0
0
0
DERIV 2
0.18120404396295192173
0
0
0
DERIV 3
-0.17763226877459128983
0
0
0
DERIV 4
0.15666211817664604800
0
0
0
DERIV 5
-0.13185924770316603816
0
0
0
DERIV 6
0.10889053410653290466
0
0
0
DERIV 7
-0.08932885123808155525
0
0
0
DERIV 8
0.07318891031736569908
0
0
0
DERIV 9
-0.06002536188108464205
0
0
0
DERIV 10
0.04932403149410797411
0
0
0
DERIV 11
-0.04062149808745916385
0
0
0
DERIV 12
0.03353122981113087347
0
0
0
DERIV 13
-0.027740177706187557627
0
0
0
DERIV 14
0.022997613397858145817
0
0
0
DERIV 15
-0.019103355519732717616
0
0
0
DERIV 16
0.015897489735461147603
0
0
0
DERIV 17
-0.013251971974658625919
0
0
0
DERIV 18
0.011063956524926213398
0
0
0
DERIV 19
-0.009250553980966143286
0
0
0
DERIV 20
0.007744726975416577758
0
0
0
DERIV 21
-0.006492075323518817567
0
0
0
DERIV 22
0.005448311602098755355
0
0
0
DERIV 23
-0.004577271923762503934
0
0
0
DERIV 24
0.003849342193166684425
0
0
0
DERIV 25
-0.003240207904496833057
0
0
0
DERIV 26
0.002729856869067663443
0
0
0
DERIV 27
-0.002301780520487590759
0
0
0
DERIV 28
0.0019423318121700007891
0
0
0
DERIV 29
-0.0016402071390936429334
0
0
0
DERIV 30
0.0013860269066038051044
0
0
0
DERIV 31
-0.0011719948810906969175
0
0
0
DERIV 32
0.0009916207011259267623
0
0
0
DERIV 33
-0.0008394932101530428294
0
0
0
DERIV 34
0.0007110948228846666625
0
0
0
DERIV 35
-0.0006026491294853023864
0
0
0
AT 19/16
0.06526351036009109263
0
0
0
DERIV 1
-0.13606918788481164873
0
0
0
DERIV 2
0.16543022424794170955
0
0
0
DERIV 3
-0.15927359451512701494
0
0
0
DERIV 4
0.13756344315653334931
0
0
0
DERIV 5
-0.11315599231540594827
0
0
0
DERIV 6
0.09120657998508872877
0
0
0
DERIV 7
-0.07297329507379010649
0
0
0
DERIV 8
0.05828461773330608636
0
0
0
DERIV 9
-0.04658592384940116182
0
0
0
DERIV 10
0.03729982300829150915
0
0
0
DERIV 11
-0.029927783308313464505
0
0
0
DERIV 12
0.024065583974361651892
0
0
0
DERIV 13
-0.019393347254465516383
0
0
0
DERIV 14
0.015660238977098440288
0
0
0
DERIV 15
-0.012670038329134389668
0
0
0
DERIV 16
0.010269133399477561874
0
0
0
DERIV 17
-0.008337001005669947284
0
0
0
DERIV 18
0.006778805904466693975
0
0
0
DERIV 19
-0.005519692086795742990
0
0
0
DERIV 20
0.004500387507750447380
0
0
0
DERIV 21
-0.003673816263978833038
0
0
0
DERIV 22
0.003002480384005647672
0
0
0
DERIV 23
-0.002456429537055203251
0
0
0
DERIV 24
0.002011680818374952072
0
0
0
DERIV 25
-0.0016489842066686414418
0
0
0
DERIV 26
0.0013528545144219266197
0
0
0
DERIV 27
-0.0011108096105095599353
0
0
0
DERIV 28
0.0009127689441238692530
0
0
0
DERIV 29
-0.0007505771329274677460
0
0
0
DERIV 30
0.0006176254913242610169
0
0
0
DERIV 31
-0.0005085505315610944861
0
0
0
DERIV 32
0.0004189931629608258687
0
0
0
DERIV 33
-0.0003454059070245985670
0
0
0
DERIV 34
0.0002848982084361559850
0
0
0
DERIV 35
-0.00023511205506784044607
0
0
0
AT 39/32
0.06116816844897591393
0
0
0
DERIV 1
-0.12618015203909463406
0
0
0
DERIV 2
0.15127108861644239513
0
0
0
DERIV 3
-0.14312987702151164227
0
0
0
DERIV 4
0.12114463235716435574
0
0
0
DERIV 5
-0.09745700383835978475
0
0
0
DERIV 6
0.07672504759146626940
0
0
0
DERIV 7
-0.05991221111216153694
0
0
0
DERIV 8
0.04668143896473207072
0
0
0
DERIV 9
-0.03638795066195886496
0
0
0
DERIV 10
0.028407871827683835869
0
0
0
DERIV 11
-0.022221703557575172433
0
0
0
DERIV 12
0.017419184365677034543
0
0
0
DERIV 13
-0.013682990552664607564
0
0
0
DERIV 14
0.010769583772125838200
0
0
0
DERIV 15
-0.008492416999982512621
0
0
0
DERIV 16
0.006708483452644188952
0
0
0
DERIV 17
-0.005307924469821118964
0
0
0
DERIV 18
0.004206120536877992408
0
0
0
DERIV 19
-0.003337705408902981626
0
0
0
DERIV 20
0.002652039805919486227
0
0
0
DERIV 21
-0.002109783814529214967
0
0
0
DERIV 22
0.0016802944607441372155
0
0
0
DERIV 23
-0.0013396435003623231429
0
0
0
DERIV 24
0.0010691024891755034325
0
0
0
DERIV 25
-0.0008539810310646623118
0
0
0
DERIV 26
0.0006827329122704734864
0
0
0
DERIV 27
-0.0005462661715316852358
0
0
0
DERIV 28
0.0004374089841694774375
0
0
0
DERIV 29
-0.0003504950098224894313
0
0
0
DERIV 30
0.0002810406391048254644
0
0
0
DERIV 31
-0.00022549315717448518244
0
0
0
DERIV 32
0.00018103379445276102295
0
0
0
DERIV 33
-0.00014542337548311743789
0
0
0
DERIV 34
0.00011688111371352914725
0
0
0
DERIV 35
-9.398925944477800958e-5
0
0
0
AT 5/4
0.05736850909086011613
0
0
0
DERIV 1
-0.11713069802072814674
0
0
0
DERIV 2
0.13853381420355209697
0
0
0
DERIV 3
-0.12889362190571762579
0
0
0
DERIV 4
0.10697986945856489960
0
0
0
DERIV 5
-0.08422411626800037354
0
0
0
DERIV 6
0.06480781501028601288
0
0
0
DERIV 7
-0.04942368566281785114
0
0
0
DERIV 8
0.03759155230976236189
0
0
0
DERIV 9
-0.028595814179343405359
0
0
0
DERIV 10
0.021782024673766161443
0
0
0
DERIV 11
-0.016622374987770544702
0
0
0
DERIV 12
0.012710343705673551526
0
0
0
DERIV 13
-0.009738507536880774626
0
0
0
DERIV 14
0.007475970791521589776
0
0
0
DERIV 15
-0.005749602819983573587
0
0
0
DERIV 16
0.004429483355282995416
0
0
0
DERIV 17
-0.003417927166539698990
0
0
0
DERIV 18
0.002641304442527646172
0
0
0
DERIV 19
-0.002043969679271202735
0
0
0
DERIV 20
0.0015837569958410311309
0
0
0
DERIV 21
-0.0012286324064428209239
0
0
0
DERIV 22
0.0009541995900920151579
0
0
0
DERIV 23
-0.0007418360462197931332
0
0
0
DERIV 24
0.0005772959805128371775
0
0
0
DERIV 25
-0.0004496598016776851589
0
0
0
DERIV 26
0.0003505418698275063584
0
0
0
DERIV 27
-0.0002734913031936533987
0
0
0
DERIV 28
0.00021353757848402391971
0
0
0
DERIV 29
-0.00016684506684025435241
0
0
0
DERIV 30
0.00013044977127518218667
0
0
0
DERIV 31
-0.00010205826596726826029
0
0
0
DERIV 32
7.989382711772023704e-5
0
0
0
DERIV 33
-6.257845499521831015e-5
0
0
0
DERIV 34
4.904225510866799126e-5
0
0
0
DERIV 35
-3.845371908955394014e-5
0
0
0
AT 41/32
0.05383962775730076478
0
0
0
DERIV 1
-0.10883728393686051272
0
0
0
DERIV 2
0.12705206626467635544
0
0
0
DERIV 3
-0.11630567292691533499
0
0
0
DERIV 4
0.09471880056067419340
0
0
0
DERIV 5
-0.07302525869755865928
0
0
0
DERIV 6
0.05495511700466268468
0
0
0
DERIV 7
-0.04095629713174870484
0
0
0
DERIV 8
0.030428143651115773655
0
0
0
DERIV 9
-0.022602619068500053728
0
0
0
DERIV 10
0.016808960086315091753
0
0
0
DERIV 11
-0.012521695516217696414
0
0
0
DERIV 12
0.009345708132843679947
0
0
0
DERIV 13
-0.006988761685209252637
0
0
0
DERIV 14
0.005236048809023500193
0
0
0
DERIV 15
-0.003929911220650890262
0
0
0
DERIV 16
0.002954548363292894449
0
0
0
DERIV 17
-0.002224749604734204810
0
0
0
DERIV 18
0.0016776696389961766234
0
0
0
DERIV 19
-0.0012668439451977188404
0
0
0
DERIV 20
0.0009578340819848581026
0
0
0
DERIV 21
-0.0007250538029835626973
0
0
0
DERIV 22
0.0005494502313750190175
0
0
0
DERIV 23
-0.0004168050696872960454
0
0
0
DERIV 24
0.0003164864926378919518
0
0
0
DERIV 25
-0.00024052956071705510355
0
0
0
DERIV 26
0.00018295683059607283820
0
0
0
DERIV 27
-0.00013927511843533628313
0
0
0
DERIV 28
0.00010610183065044722186
0
0
0
DERIV 29
-8.088686652994405606e-5
0
0
0
DERIV 30
6.170520564197236974e-5
0
0
0
DERIV 31
-4.710190521789422221e-5
0
0
0
DERIV 32
3.597604902918294454e-5
0
0
0
DERIV 33
-2.7493708998890676855e-5
0
0
0
DERIV 34
2.1022561069038122651e-5
0
0
0
DERIV 35
-1.6082694075178224186e-5
0
0
0
AT 21/16
0.05055907575485661665
0
0
0
DERIV 1
-0.10122604536281533394
0
0
0
DERIV 2
0.11668187813670864716
0
0
0
DERIV 3
-0.10514673620007368438
0
0
0
DERIV 4
0.08407181403509396411
0
0
0
DERIV 5
-0.06351169203888580583
0
0
0
DERIV 6
0.04677320693323152451
0
0
0
DERIV 7
-0.03408605910699503971
0
0
0
DERIV 8
0.024750937991511446495
0
0
0
DERIV 9
-0.017964095657131692180
0
0
0
DERIV 10
0.013050656849448444632
0
0
0
DERIV 11
-0.009495993312646324944
0
0
0
DERIV 12
0.006922012997249257088
0
0
0
DERIV 13
-0.005055118178186253884
0
0
0
DERIV 14
0.003698460268510455826
0
0
0
DERIV 15
-0.002710608022168132982
0
0
0
DERIV 16
0.001989876474755329465
0
0
0
DERIV 17
-0.0014630338110243462906
0
0
0
DERIV 18
0.0010772270137186963634
0
0
0
DERIV 19
-0.0007942231291797524411
0
0
0
DERIV 20
0.0005863011067633811316
0
0
0
DERIV 21
-0.0004333164310240305368
0
0
0
DERIV 22
0.0003205989776136373504
0
0
0
DERIV 23
-0.00023744372218848362635
0
0
0
DERIV 24
0.00017602424129131314995
0
0
0
DERIV 25
-0.00013060852989298869353
0
0
0
DERIV 26
9.699159386046493387e-5
0
0
0
DERIV 27
-7.208391308066333214e-5
0
0
0
DERIV 28
5.361228534438205524e-5
0
0
0
DERIV 29
-3.990190435371730217e-5
0
0
0
DERIV 30
2.9717300741602326925e-5
0
0
0
DERIV 31
-2.2146033446243422666e-5
0
0
0
DERIV 32
1.6513495849049048323e-5
0
0
0
DERIV 33
-1.2320413316701079264e-5
0
0
0
DERIV 34
9.196920040257898499e-6
0
0
0
DERIV 35
-6.868770495037107248e-6
0
0
0
AT 43/32
0.04750657848707472153
0
0
0
DERIV 1
-0.09423150708561324473
0
0
0
DERIV 2
0.10729824606358021044
0
0
0
DERIV 3
-0.09523054051185921021
0
0
0
DERIV 4
0.07479844602420260280
0
0
0
DERIV 5
-0.05540051181977833500
0
0
0
DERIV 6
0.03995010306883349516
0
0
0
DERIV 7
-0.028484914763636303564
0
0
0
DERIV 8
0.020227318785710494270
0
0
0
DERIV 9
-0.014352568925982847267
0
0
0
DERIV 10
0.010191735424954852934
0
0
0
DERIV 11
-0.007247497756193094567
0
0
0
DERIV 12
0.005162606375641210985
0
0
0
DERIV 13
-0.003684042807700094093
0
0
0
DERIV 14
0.002633578763794521688
0
0
0
DERIV 15
-0.0018858387884531340861
0
0
0
DERIV 16
0.0013525731769671812867
0
0
0
DERIV 17
-0.0009715675526675699152
0
0
0
DERIV 18
0.0006988745505132985120
0
0
0
DERIV 19
-0.0005033834553887813054
0
0
0
DERIV 20
0.0003630228406012054590
0
0
0
DERIV 21
-0.0002621010233428923875
0
0
0
DERIV 22
0.00018943943313328505699
0
0
0
DERIV 23
-0.00013705936958401606393
0
0
0
DERIV 24
9.925582345234214548e-5
0
0
0
DERIV 25
-7.194269918627523919e-5
0
0
0
DERIV 26
5.218883133205581663e-5
0
0
0
DERIV 27
-3.788847258416494393e-5
0
0
0
DERIV 28
2.7526793184850723760e-5
0
0
0
DERIV 29
-2.0012670009509391845e-5
0
0
0
DERIV 30
1.4559238789466973790e-5
0
0
0
DERIV 31
-1.0598420562729792449e-5
0
0
0
DERIV 32
7.719661788946051789e-6
0
0
0
DERIV 33
-5.625963453055521626e-6
0
0
0
DERIV 34
4.102276015149364534e-6
0
0
0
DERIV 35
-2.992753135707052174e-6
0
0
0
AT 11/8
0.04466379084729919791
0
0
0
DERIV 1
-0.08779548896881134157
0
0
0
DERIV 2
0.09879230231718666433
0
0
0
DERIV 3
-0.08639828989114932412
0
0
0
DERIV 4
0.06669819581878044801
0
0
0
DERIV 5
-0.04846111372262684736
0
0
0
DERIV 6
0.03423727183066587604
0
0
0
DERIV 7
-0.023897508976925156687
0
0
0
DERIV 8
0.016604346549601634031
0
0
0
DERIV 9
-0.011524623745832185406
0
0
0
DERIV 10
0.008003354635391000949
0
0
0
DERIV 11
-0.005565175401792997641
0
0
0
DERIV 12
0.003875996766866878201
0
0
0
DERIV 13
-0.002704147677874778506
0
0
0
DERIV 14
0.0018898118889090786444
0
0
0
DERIV 15
-0.0013228902554654317549
0
0
0
DERIV 16
0.0009274944436958285120
0
0
0
DERIV 17
-0.0006512414256121075093
0
0
0
DERIV 18
0.0004579057347298341979
0
0
0
DERIV 19
-0.0003223849143419968053
0
0
0
DERIV 20
0.00022724852165061879558
0
0
0
DERIV 21
-0.00016036909612634751864
0
0
0
DERIV 22
0.00011329261065874667188
0
0
0
DERIV 23
-8.011507991783409753e-5
0
0
0
DERIV 24
5.670633565623118503e-5
0
0
0
DERIV 25
-4.017247323528844090e-5
0
0
0
DERIV 26
2.8482775043010651923e-5
0
0
0
DERIV 27
-2.0210250815936628129e-5
0
0
0
DERIV 28
1.4350842683200566209e-5
0
0
0
DERIV 29
-1.0197214696484563319e-5
0
0
0
DERIV 30
7.250496401036943602e-6
0
0
0
DERIV 31
-5.158468280475687730e-6
0
0
0
DERIV 32
3.672202387010715864e-6
0
0
0
DERIV 33
-2.615605809795426404e-6
0
0
0
DERIV 34
1.8639994771869185430e-6
0
0
0
DERIV 35
-1.3290334653468740269e-6
0
0
0
AT 45/32
0.04201408420350163236
0
0
0
DERIV 1
-0.08186617330481223143
0
0
0
DERIV 2
0.09106895845588842964
0
0
0
DERIV 3
-0.07851414253351167438
0
0
0
DERIV 4
0.05960321074000997366
0
0
0
DERIV 5
-0.04250466135340563723
0
0
0
DERIV 6
0.029435703165061801595
0
0
0
DERIV 7
-0.020123939816913787026
0
0
0
DERIV 8
0.013688464221130946033
0
0
0
DERIV 9
-0.009298200296541676152
0
0
0
DERIV 10
0.006318236059795616887
0
0
0
DERIV 11
-0.004298272287733272655
0
0
0
DERIV 12
0.002928507259339358480
0
0
0
DERIV 13
-0.001998521056977389018
0
0
0
DERIV 14
0.0013661155576072693801
0
0
0
DERIV 15
-0.0009353273611306495931
0
0
0
DERIV 16
0.0006413666710722386701
0
0
0
DERIV 17
-0.0004404326563949273314
0
0
0
DERIV 18
0.0003028624102647125985
0
0
0
DERIV 19
-0.00020852920365209553512
0
0
0
DERIV 20
0.00014375023315543091341
0
0
0
DERIV 21
-9.920578758534012178e-5
0
0
0
DERIV 22
6.853637772363165167e-5
0
0
0
DERIV 23
-4.739496297204094151e-5
0
0
0
DERIV 24
3.280526698126175303e-5
0
0
0
DERIV 25
-2.2726411029547660046e-5
0
0
0
DERIV 26
1.5756927076289715158e-5
0
0
0
DERIV 27
-1.0933139022644389500e-5
0
0
0
DERIV 28
7.591573915451278624e-6
0
0
0
DERIV 29
-5.274907113699938860e-6
0
0
0
DERIV 30
3.667563443380335047e-6
0
0
0
DERIV 31
-2.551557199884895442e-6
0
0
0
DERIV 32
1.7761677858200163691e-6
0
0
0
DERIV 33
-1.2370887320423732216e-6
0
0
0
DERIV 34
8.620729136015812965e-7
0
0
0
DERIV 35
-6.010386304183982712e-7
0
0
0
AT 23/16
0.03954236035814392286
0
0
0
DERIV 1
-0.07639730706329764254
0
0
0
DERIV 2
0.08404493259709906738
0
0
0
DERIV 3
-0.07146150921695898495
0
0
0
DERIV 4
0.05337242985860157773
0
0
0
DERIV 5
-0.03737584325537775948
0
0
0
DERIV 6
0.025385258160800786703
0
0
0
DERIV 7
-0.017006862204332021116
0
0
0
DERIV 8
0.011330668179027822418
0
0
0
DERIV 9
-0.007536239546425883840
0
0
0
DERIV 10
0.005013238228218101257
0
0
0
DERIV 11
-0.003338276701246100948
0
0
0
DERIV 12
0.002226060375973305198
0
0
0
DERIV 13
-0.0014867195324070468961
0
0
0
DERIV 14
0.0009945176104919576515
0
0
0
DERIV 15
-0.0006663060928038487801
0
0
0
DERIV 16
0.0004470806845675261826
0
0
0
DERIV 17
-0.0003004108212449004044
0
0
0
DERIV 18
0.00020212840530630431994
0
0
0
DERIV 19
-0.00013617138862485244017
0
0
0
DERIV 20
9.184531127787151964e-5
0
0
0
DERIV 21
-6.201666710795695299e-5
0
0
0
DERIV 22
4.191890713085991767e-5
0
0
0
DERIV 23
-2.8361782062628766553e-5
0
0
0
DERIV 24
1.9206717907975046842e-5
0
0
0
DERIV 25
-1.3018019711476484570e-5
0
0
0
DERIV 26
8.830529271761612610e-6
0
0
0
DERIV 27
-5.994572767643979836e-6
0
0
0
DERIV 28
4.072308494537670744e-6
0
0
0
DERIV 29
-2.768322799397502866e-6
0
0
0
DERIV 30
1.8830872130826106050e-6
0
0
0
DERIV 31
-1.2817018551830489035e-6
0
0
0
DERIV 32
8.728764839041022873e-7
0
0
0
DERIV 33
-5.947782860849761576e-7
0
0
0
DERIV 34
4.054919060068264953e-7
0
0
0
DERIV 35
-2.765814952347582808e-7
0
0
0
AT 47/32
0.03723488861890039692
0
0
0
DERIV 1
-0.07134751726803652272
0
0
0
DERIV 2
0.07764709177012790731
0
0
0
DERIV 3
-0.06514000934966522605
0
0
0
DERIV 4
0.04788687248274682562
0
0
0
DERIV 5
-0.03294638626992158620
0
0
0
DERIV 6
0.021956470927803277415
0
0
0
DERIV 7
-0.014421782389643911931
0
0
0
DERIV 8
0.009415596058657516379
0
0
0
DERIV 9
-0.006134916483911984943
0
0
0
DERIV 10
0.003997098965479417912
0
0
0
DERIV 11
-0.002606515235874092614
0
0
0
DERIV 12
0.0017019324533463402530
0
0
0
DERIV 13
-0.0011129334286133481333
0
0
0
DERIV 14
0.0007288905739201554821
0
0
0
DERIV 15
-0.0004780944417345516948
0
0
0
DERIV 16
0.0003140509540799877740
0
0
0
DERIV 17
-0.00020658141086089183724
0
0
0
DERIV 18
0.00013606732502371358777
0
0
0
DERIV 19
-8.973343419919687725e-5
0
0
0
DERIV 20
5.924610320572978476e-5
0
0
0
DERIV 21
-3.915968049849512787e-5
0
0
0
DERIV 22
2.5909737055979528101e-5
0
0
0
DERIV 23
-1.7159477102495141517e-5
0
0
0
DERIV 24
1.1374620455917890314e-5
0
0
0
DERIV 25
-7.546370899650643985e-6
0
0
0
DERIV 26
5.010557934133114634e-6
0
0
0
DERIV 27
-3.329359918758275670e-6
0
0
0
DERIV 28
2.213826952745172815e-6
0
0
0
DERIV 29
-1.4730511169916628141e-6
0
0
0
DERIV 30
9.807705986852679307e-7
0
0
0
DERIV 31
-6.533982399532360877e-7
0
0
0
DERIV 32
4.355478632893011215e-7
0
0
0
DERIV 33
-2.904883392642487750e-7
0
0
0
DERIV 34
1.9384061848634354019e-7
0
0
0
DERIV 35
-1.2941163703478364733e-7
0
0
0
AT 3/2
0.03507916273364540538
0
0
0
DERIV 1
-0.06667972160442177387
0
0
0
DERIV 2
0.07181105390112499376
0
0
0
DERIV 3
-0.05946295730771355981
0
0
0
DERIV 4
0.04304582977382481052
0
0
0
DERIV 5
-0.029109924327910187414
0
0
0
DERIV 6
0.019044203048280375357
0
0
0
DERIV 7
-0.012269708059081896323
0
0
0
DERIV 8
0.007853442407355488292
0
0
0
DERIV 9
-0.005015112409173749092
0
0
0
DERIV 10
0.003201745766996398450
0
0
0
DERIV 11
-0.002045551730657798207
0
0
0
DERIV 12
0.0013084483483568273583
0
0
0
DERIV 13
-0.0008381363601139997770
0
0
0
DERIV 14
0.0005376676773089502726
0
0
0
DERIV 15
-0.0003454233401285533361
0
0
0
DERIV 16
0.00022223308274793747430
0
0
0
DERIV 17
-0.00014317183339168567400
0
0
0
DERIV 18
9.235646857754851546e-5
0
0
0
DERIV 19
-5.964938655696792413e-5
0
0
0
DERIV 20
3.856933602947016884e-5
0
0
0
DERIV 21
-2.4965814399380611012e-5
0
0
0
DERIV 22
1.6176637696019232515e-5
0
0
0
DERIV 23
-1.0491633500680228050e-5
0
0
0
DERIV 24
6.810602548255029753e-6
0
0
0
DERIV 25
-4.424789177620496094e-6
0
0
0
DERIV 26
2.877020886210436761e-6
0
0
0
DERIV 27
-1.8720489437541939161e-6
0
0
0
DERIV 28
1.2189811514933107379e-6
0
0
0
DERIV 29
-7.942653420649921187e-7
0
0
0
DERIV 30
5.178542492359603002e-7
0
0
0
DERIV 31
-3.378379350273912851e-7
0
0
0
DERIV 32
2.2052351182474512435e-7
0
0
0
DERIV 33
-1.4402392432521306773e-7
0
0
0
DERIV 34
9.411008136574925311e-8
0
0
0
DERIV 35
-6.152459175970427590e-8
0
0
0
AT 49/32
0.03306377495193249527
0
0
0
DERIV 1
-0.06236061948021466572
0
0
0
DERIV 2
0.06648000461865496979
0
0
0
DERIV 3
-0.05435527835196243135
0
0
0
DERIV 4
0.03876377250232708460
0
0
0
DERIV 5
-0.025777919154299246823
0
0
0
DERIV 6
0.016562704992835901308
0
0
0
DERIV 7
-0.010471549024270533634
0
0
0
DERIV 8
0.006573930560520686688
0
0
0
DERIV 9
-0.004116191575357635614
0
0
0
DERIV 10
0.002576089605854023790
0
0
0
DERIV 11
-0.0016131756905139625277
0
0
0
DERIV 12
0.0010113009285822728393
0
0
0
DERIV 13
-0.0006348310133896641408
0
0
0
DERIV 14
0.0003990724907677490750
0
0
0
DERIV 15
-0.0002512257705130994446
0
0
0
DERIV 16
0.00015837260233073861132
0
0
0
DERIV 17
-9.997119726375027892e-5
0
0
0
DERIV 18
6.318586790537282667e-5
0
0
0
DERIV 19
-3.998389014104613859e-5
0
0
0
DERIV 20
2.5330287301193347087e-5
0
0
0
DERIV 21
-1.6064090176465989254e-5
0
0
0
DERIV 22
1.0197777563811578729e-5
0
0
0
DERIV 23
-6.479812347559634870e-6
0
0
0
DERIV 24
4.121000411620112739e-6
0
0
0
DERIV 25
-2.623033099132636911e-6
0
0
0
DERIV 26
1.6708788197421248408e-6
0
0
0
DERIV 27
-1.0651405874574500222e-6
0
0
0
DERIV 28
6.794724812327717832e-7
0
0
0
DERIV 29
-4.337337900606696254e-7
0
0
0
DERIV 30
2.770421165032007250e-7
0
0
0
DERIV 31
-1.7706198053620823283e-7
0
0
0
DERIV 32
1.1322665420607459371e-7
0
0
0
DERIV 33
-7.244420612173458542e-8
0
0
0
DERIV 34
4.637446553419452490e-8
0
0
0
DERIV 35
-2.9700508787194739197e-8
0
0
0
AT 25/16
0.031178304896131287666
0
0
0
DERIV 1
-0.05836025128909624188
0
0
0
DERIV 2
0.06160369250105562910
0
0
0
DERIV 3
-0.04975177407552158065
0
0
0
DERIV 4
0.03496782945165186757
0
0
0
DERIV 5
-0.022876401725889020100
0
0
0
DERIV 6
0.014441752342843448484
0
0
0
DERIV 7
-0.008963827114843161623
0
0
0
DERIV 8
0.005521789882338718619
0
0
0
DERIV 9
-0.003391429198917048689
0
0
0
DERIV 10
0.002081560753909972739
0
0
0
DERIV 11
-0.0012781685716713960844
0
0
0
DERIV 12
0.0007856343698150441545
0
0
0
DERIV 13
-0.0004835024214953512829
0
0
0
DERIV 14
0.0002979665010774473159
0
0
0
DERIV 15
-0.00018388027587011443941
0
0
0
DERIV 16
0.00011362933895968962733
0
0
0
DERIV 17
-7.030915858544037344e-5
0
0
0
DERIV 18
4.355849844974204446e-5
0
0
0
DERIV 19
-2.7017491558128307031e-5
0
0
0
DERIV 20
1.6776431708338040093e-5
0
0
0
DERIV 21
-1.0428183593011362571e-5
0
0
0
DERIV 22
6.488518865798435214e-6
0
0
0
DERIV 23
-4.040965451071991099e-6
0
0
0
DERIV 24
2.518858710712796936e-6
0
0
0
DERIV 25
-1.5713742534070418852e-6
0
0
0
DERIV 26
9.810524409171305058e-7
0
0
0
DERIV 27
-6.129466304668247890e-7
0
0
0
DERIV 28
3.832246350557789111e-7
0
0
0
DERIV 29
-2.397553167095943077e-7
0
0
0
DERIV 30
1.5009011173176774587e-7
0
0
0
DERIV 31
-9.401365753080902250e-8
0
0
0
DERIV 32
5.892124002145912219e-8
0
0
0
DERIV 33
-3.694730906394715847e-8
0
0
0
DERIV 34
2.3179952417370810554e-8
0
0
0
DERIV 35
-1.4549585253949361158e-8
0
0
0
AT 51/32
0.029413221274997812527
0
0
0
DERIV 1
-0.05465161568249991136
0
0
0
DERIV 2
0.05713757310484589291
0
0
0
DERIV 3
-0.04559567345132254507
0
0
0
DERIV 4
0.03159572266755450443
0
0
0
DERIV 5
-0.020343357418405299403
0
0
0
DERIV 6
0.012623607685845666948
0
0
0
DERIV 7
-0.007695371129853407870
0
0
0
DERIV 8
0.004653342296066829455
0
0
0
DERIV 9
-0.002804631182849055913
0
0
0
DERIV 10
0.0016888756751492171870
0
0
0
DERIV 11
-0.0010173003873251440250
0
0
0
DERIV 12
0.0006133226609024408681
0
0
0
DERIV 13
-0.0003702041887643549582
0
0
0
DERIV 14
0.00022374783128403672111
0
0
0
DERIV 15
-0.00013541144627597783714
0
0
0
DERIV 16
8.205851789791946153e-5
0
0
0
DERIV 17
-4.979034559394358167e-5
0
0
0
DERIV 18
3.0247921706085864867e-5
0
0
0
DERIV 19
-1.8397048669585631427e-5
0
0
0
DERIV 20
1.1201487159253124715e-5
0
0
0
DERIV 21
-6.827336093122753077e-6
0
0
0
DERIV 22
4.165327542598120372e-6
0
0
0
DERIV 23
-2.543576901533235243e-6
0
0
0
DERIV 24
1.5545885644355766660e-6
0
0
0
DERIV 25
-9.509101862503191695e-7
0
0
0
DERIV 26
5.820991919805922898e-7
0
0
0
DERIV 27
-3.565902000326090510e-7
0
0
0
DERIV 28
2.1859463360906234789e-7
0
0
0
DERIV 29
-1.3408842506266141543e-7
0
0
0
DERIV 30
8.230191684115679291e-8
0
0
0
DERIV 31
-5.054540760372401794e-8
0
0
0
DERIV 32
3.105944921538158692e-8
0
0
0
DERIV 33
-1.9095638692565237826e-8
0
0
0
DERIV 34
1.1746052564546890041e-8
0
0
0
DERIV 35
-7.228641371267446741e-9
0
0
0
AT 13/8
0.027759794763914939081
0
0
0
DERIV 1
-0.05121033633478937197
0
0
0
DERIV 2
0.05304207749078850009
0
0
0
DERIV 3
-0.04183741818727211570
0
0
0
DERIV 4
0.028594070089268664586
0
0
0
DERIV 5
-0.018126618469307600318
0
0
0
DERIV 6
0.011060620210156404605
0
0
0
DERIV 7
-0.006624757274123739548
0
0
0
DERIV 8
0.003933911362861883775
0
0
0
DERIV 9
-0.002327619613953084941
0
0
0
DERIV 10
0.0013756801389318751207
0
0
0
DERIV 11
-0.0008131841955487667398
0
0
0
DERIV 12
0.0004810645372766999780
0
0
0
DERIV 13
-0.0002849028365716930133
0
0
0
DERIV 14
0.00016893897935141332159
0
0
0
DERIV 15
-0.00010030487680831629449
0
0
0
DERIV 16
5.963072164617008400e-5
0
0
0
DERIV 17
-3.549427687447616184e-5
0
0
0
DERIV 18
2.1152653952782398165e-5
0
0
0
DERIV 19
-1.2620155401848283375e-5
0
0
0
DERIV 20
7.537579716210492085e-6
0
0
0
DERIV 21
-4.506514457237144026e-6
0
0
0
DERIV 22
2.696909370422580785e-6
0
0
0
DERIV 23
-1.6154181474214049235e-6
0
0
0
DERIV 24
9.684433660302520888e-7
0
0
0
DERIV 25
-5.810496189017934377e-7
0
0
0
DERIV 26
3.488850723964430905e-7
0
0
0
DERIV 27
-2.0963487472552933040e-7
0
0
0
DERIV 28
1.2604909695996104420e-7
0
0
0
DERIV 29
-7.583946901443630244e-8
0
0
0
DERIV 30
4.565786103616111002e-8
0
0
0
DERIV 31
-2.7503438819771693615e-8
0
0
0
DERIV 32
1.6576657618156498822e-8
0
0
0
DERIV 33
-9.996172010500302705e-9
0
0
0
DERIV 34
6.030958128652887330e-9
0
0
0
DERIV 35
-3.640361731050587707e-9
0
0
0
AT 53/32
0.026210020619900919331
0
0
0
DERIV 1
-0.04801437106458977810
0
0
0
DERIV 2
0.04928198528775439013
0
0
0
DERIV 3
-0.03843364105488956267
0
0
0
DERIV 4
0.025916984891072695346
0
0
0
DERIV 5
-0.016182158168071222176
0
0
0
DERIV 6
0.009713320360342607429
0
0
0
DERIV 7
-0.005718316922812125523
0
0
0
DERIV 8
0.003335844954334299655
0
0
0
DERIV 9
-0.0019383512901916801971
0
0
0
DERIV 10
0.0011248202671213756998
0
0
0
DERIV 11
-0.0006527331370812969021
0
0
0
DERIV 12
0.0003790404112761334055
0
0
0
DERIV 13
-0.00022033358580894100791
0
0
0
DERIV 14
0.00012823008074665259324
0
0
0
DERIV 15
-7.472023090973357049e-5
0
0
0
DERIV 16
4.359396498165219635e-5
0
0
0
DERIV 17
-2.5464891792861666075e-5
0
0
0
DERIV 18
1.4892406677798134053e-5
0
0
0
DERIV 19
-8.719113448504067356e-6
0
0
0
DERIV 20
5.110220173274712288e-6
0
0
0
DERIV 21
-2.998072275334253653e-6
0
0
0
DERIV 22
1.7605800507622944766e-6
0
0
0
DERIV 23
-1.0348029641731011158e-6
0
0
0
DERIV 24
6.087318252100452465e-7
0
0
0
DERIV 25
-3.583771944622776501e-7
0
0
0
DERIV 26
2.1114539482549957206e-7
0
0
0
DERIV 27
-1.2448926851199135787e-7
0
0
0
DERIV 28
7.344710084764961499e-8
0
0
0
DERIV 29
-4.336051032781579572e-8
0
0
0
DERIV 30
2.5613959507740301812e-8
0
0
0
DERIV 31
-1.5139386686926446771e-8
0
0
0
DERIV 32
8.953165724237861728e-9
0
0
0
DERIV 33
-5.297490014854902428e-9
0
0
0
DERIV 34
3.136014355557704889e-9
0
0
0
DERIV 35
-1.8573349184702498457e-9
0
0
0
AT 27/16
0.024756549804226285483
0
0
0
DERIV 1
-0.04504375730962258129
0
0
0
DERIV 2
0.04582588582580716940
0
0
0
DERIV 3
-0.03534630374154062310
0
0
0
DERIV 4
0.023524915448981671695
0
0
0
DERIV 5
-0.014472704607664678422
0
0
0
DERIV 6
0.008548900723654183353
0
0
0
DERIV 7
-0.004948578448306325574
0
0
0
DERIV 8
0.002836998286670409063
0
0
0
DERIV 9
-0.0016195019624689391529
0
0
0
DERIV 10
0.0009230665488129522790
0
0
0
DERIV 11
-0.0005260436479754742939
0
0
0
DERIV 12
0.0002999590256369368880
0
0
0
DERIV 13
-0.00017120385926808353270
0
0
0
DERIV 14
9.782580698398578528e-5
0
0
0
DERIV 15
-5.596446023572653822e-5
0
0
0
DERIV 16
3.205494785558104680e-5
0
0
0
DERIV 17
-1.8381974085014863999e-5
0
0
0
DERIV 18
1.0553247446096030221e-5
0
0
0
DERIV 19
-6.065345679910351600e-6
0
0
0
DERIV 20
3.489613260548236402e-6
0
0
0
DERIV 21
-2.009684165914622419e-6
0
0
0
DERIV 22
1.1584678264126752710e-6
0
0
0
DERIV 23
-6.683801513812944475e-7
0
0
0
DERIV 24
3.859449507011994799e-7
0
0
0
DERIV 25
-2.2303318947469426395e-7
0
0
0
DERIV 26
1.2898441536227105034e-7
0
0
0
DERIV 27
-7.464678677196911042e-8
0
0
0
DERIV 28
4.322896375988697589e-8
0
0
0
DERIV 29
-2.5050313668845312653e-8
0
0
0
DERIV 30
1.4524861402335754419e-8
0
0
0
DERIV 31
-8.426711640683644940e-9
0
0
0
DERIV 32
4.891468915543829987e-9
0
0
0
DERIV 33
-2.840822168677100456e-9
0
0
0
DERIV 34
1.6506755120640277866e-9
0
0
0
DERIV 35
-9.595824846372774916e-10
0
0
0
AT 55/32
0.023392627557949231126
0
0
0
DERIV 1
-0.04228038889015634655
0
0
0
DERIV 2
0.04264571370082589213
0
0
0
DERIV 3
-0.03254196704686076330
0
0
0
DERIV 4
0.021383681224247986369
0
0
0
DERIV 5
-0.012966609746572325262
0
0
0
DERIV 6
0.007539999675598760449
0
0
0
DERIV 7
-0.004293042858459883426
0
0
0
DERIV 8
0.002419564265426998005
0
0
0
DERIV 9
-0.0013573952322828042750
0
0
0
DERIV 10
0.0007601666771349009383
0
0
0
DERIV 11
-0.0004255821265838219077
0
0
0
DERIV 12
0.00023837628910252156773
0
0
0
DERIV 13
-0.00013363497135323760558
0
0
0
DERIV 14
7.499625812629789521e-5
0
0
0
DERIV 15
-4.213644554622727009e-5
0
0
0
DERIV 16
2.3701947274541399093e-5
0
0
0
DERIV 17
-1.3347854690171720996e-5
0
0
0
DERIV 18
7.525322249834542918e-6
0
0
0
DERIV 19
-4.247224962569618954e-6
0
0
0
DERIV 20
2.399552141737330535e-6
0
0
0
DERIV 21
-1.3569925317699120794e-6
0
0
0
DERIV 22
7.681125152497179967e-7
0
0
0
DERIV 23
-4.351618579841155947e-7
0
0
0
DERIV 24
2.467373267132954305e-7
0
0
0
DERIV 25
-1.4000949980981138486e-7
0
0
0
DERIV 26
7.950610786960488147e-8
0
0
0
DERIV 27
-4.518004964492938783e-8
0
0
0
DERIV 28
2.5690948366699017128e-8
0
0
0
DERIV 29
-1.4617929452167817490e-8
0
0
0
DERIV 30
8.322426291495374206e-9
0
0
0
DERIV 31
-4.740885248709037301e-9
0
0
0
DERIV 32
2.702104965043099518e-9
0
0
0
DERIV 33
-1.5408734821505491011e-9
0
0
0
DERIV 34
8.791099583063654850e-10
0
0
0
DERIV 35
-5.017888692956760909e-10
0
0
0
AT 7/4
0.022112038521427991589
0
0
0
DERIV 1
-0.03970781977407931290
0
0
0
DERIV 2
0.03971634743756471964
0
0
0
DERIV 3
-0.029991171252832401345
0
0
0
DERIV 4
0.019463668771750045755
0
0
0
DERIV 5
-0.011636923305284379779
0
0
0
DERIV 6
0.006663723438587711156
0
0
0
DERIV 7
-0.003733217420565143087
0
0
0
DERIV 8
0.002069167248601038855
0
0
0
DERIV 9
-0.0011411879707735146303
0
0
0
DERIV 10
0.0006281385401678776402
0
0
0
DERIV 11
-0.0003455890696773814734
0
0
0
DERIV 12
0.00019020550473156222211
0
0
0
DERIV 13
-0.00010476815428107807667
0
0
0
DERIV 14
5.776594829118966620e-5
0
0
0
DERIV 15
-3.188549154367533453e-5
0
0
0
DERIV 16
1.7620006223868016587e-5
0
0
0
DERIV 17
-9.747814892104893488e-6
0
0
0
DERIV 18
5.398634842760647700e-6
0
0
0
DERIV 19
-2.993079279461309062e-6
0
0
0
DERIV 20
1.6610767729347820521e-6
0
0
0
DERIV 21
-9.227352187914063154e-7
0
0
0
DERIV 22
5.130492670660226113e-7
0
0
0
DERIV 23
-2.855057385759717814e-7
0
0
0
DERIV 24
1.5901001108297776219e-7
0
0
0
DERIV 25
-8.862760607951512997e-8
0
0
0
DERIV 26
4.943455655845041994e-8
0
0
0
DERIV 27
-2.7592597101779053670e-8
0
0
0
DERIV 28
1.5411295133837690326e-8
0
0
0
DERIV 29
-8.613023865887460420e-9
0
0
0
DERIV 30
4.816465175929515808e-9
0
0
0
DERIV 31
-2.694912551671826460e-9
0
0
0
DERIV 32
1.5086638259655784949e-9
0
0
0
DERIV 33
-8.450077352659046552e-10
0
0
0
DERIV 34
4.735206165275236083e-10
0
0
0
DERIV 35
-2.654711751898207107e-10
0
0
0
AT 57/32
0.020909057612413687460
0
0
0
DERIV 1
-0.03731109120410492502
0
0
0
DERIV 2
0.03701526180134626781
0
0
0
DERIV 3
-0.027667908514916936952
0
0
0
DERIV 4
0.017739159101370766819
0
0
0
DERIV 5
-0.010460631664458961559
0
0
0
DERIV 6
0.005900856709789016954
0
0
0
DERIV 7
-0.003253849619526389889
0
0
0
DERIV 8
0.0017741576243487707648
0
0
0
DERIV 9
-0.0009622477108117676861
0
0
0
DERIV 10
0.0005207396347788195582
0
0
0
DERIV 11
-0.0002816400262563219800
0
0
0
DERIV 12
0.00015236306777290364043
0
0
0
DERIV 13
-8.248475573938642718e-5
0
0
0
DERIV 14
4.469695669816896213e-5
0
0
0
DERIV 15
-2.4246021877884311801e-5
0
0
0
DERIV 16
1.3166750799755798832e-5
0
0
0
DERIV 17
-7.158004131372565499e-6
0
0
0
DERIV 18
3.895560844102736912e-6
0
0
0
DERIV 19
-2.122250630921929980e-6
0
0
0
DERIV 20
1.1573188239300535134e-6
0
0
0
DERIV 21
-6.317115742225759879e-7
0
0
0
DERIV 22
3.451228386077725374e-7
0
0
0
DERIV 23
-1.8871115039065727603e-7
0
0
0
DERIV 24
1.0326926533363032151e-7
0
0
0
DERIV 25
-5.655563073894406697e-8
0
0
0
DERIV 26
3.099519860167789391e-8
0
0
0
DERIV 27
-1.6998492435481084405e-8
0
0
0
DERIV 28
9.328426932612745078e-9
0
0
0
DERIV 29
-5.122406556134365665e-9
0
0
0
DERIV 30
2.814451903391926192e-9
0
0
0
DERIV 31
-1.5472311127740707704e-9
0
0
0
DERIV 32
8.510329246208886584e-10
0
0
0
DERIV 33
-4.683347254074197784e-10
0
0
0
DERIV 34
2.578546165842743944e-10
0
0
0
DERIV 35
-1.4203402859266991838e-10
0
0
0
AT 29/16
0.019778405982360428017
0
0
0
DERIV 1
-0.03507657908838378302
0
0
0
DERIV 2
0.03452222585328384302
0
0
0
DERIV 3
-0.025549172357734704908
0
0
0
DERIV 4
0.016187763171836858089
0
0
0
DERIV 5
-0.009418030195064560836
0
0
0
DERIV 6
0.005235223067272288221
0
0
0
DERIV 7
-0.002842317395871368259
0
0
0
DERIV 8
0.0015250602340785579265
0
0
0
DERIV 9
-0.0008136744658349332523
0
0
0
DERIV 10
0.0004330668157333153858
0
0
0
DERIV 11
-0.00023032031040837305444
0
0
0
DERIV 12
0.00012251065816737334883
0
0
0
DERIV 13
-6.520628707647848678e-5
0
0
0
DERIV 14
3.473674246838960648e-5
0
0
0
DERIV 15
-1.8523650629354139967e-5
0
0
0
DERIV 16
9.888341525041099324e-6
0
0
0
DERIV 17
-5.284238807617936801e-6
0
0
0
DERIV 18
2.826801848076454584e-6
0
0
0
DERIV 19
-1.5137284084215438777e-6
0
0
0
DERIV 20
8.113769463451822209e-7
0
0
0
DERIV 21
-4.353117598906157304e-7
0
0
0
DERIV 22
2.3375539843207143248e-7
0
0
0
DERIV 23
-1.2562818864413299299e-7
0
0
0
DERIV 24
6.757063801532647929e-8
0
0
0
DERIV 25
-3.637110494089317302e-8
0
0
0
DERIV 26
1.9591402266927093062e-8
0
0
0
DERIV 27
-1.0560125027212422427e-8
0
0
0
DERIV 28
5.695764593302376900e-9
0
0
0
DERIV 29
-3.073974764255043533e-9
0
0
0
DERIV 30
1.6599714563277764388e-9
0
0
0
DERIV 31
-8.968929548896248682e-10
0
0
0
DERIV 32
4.848514399538215459e-10
0
0
0
DERIV 33
-2.622370286289292342e-10
0
0
0
DERIV 34
1.4190132490027164627e-10
0
0
0
DERIV 35
-7.682038931214391732e-11
0
0
0
AT 59/32
0.018715211460138953675
0
0
0
DERIV 1
-0.03299185900885424905
0
0
0
DERIV 2
0.03221904011539833412
0
0
0
DERIV 3
-0.023614571975335243992
0
0
0
DERIV 4
0.014789946705117441861
0
0
0
DERIV 5
-0.008492203895534134947
0
0
0
DERIV 6
0.004653164829321535488
0
0
0
DERIV 7
-0.002488141836103790507
0
0
0
DERIV 8
0.0013141412183578953573
0
0
0
DERIV 9
-0.0006899317587267106552
0
0
0
DERIV 10
0.0003612528552709183809
0
0
0
DERIV 11
-0.00018898271377489240944
0
0
0
DERIV 12
9.886658584248056393e-5
0
0
0
DERIV 13
-5.175067836179009841e-5
0
0
0
DERIV 14
2.7110665589734368996e-5
0
0
0
DERIV 15
-1.4216140242778015228e-5
0
0
0
DERIV 16
7.462190742513137619e-6
0
0
0
DERIV 17
-3.921028107027209896e-6
0
0
0
DERIV 18
2.062418176793701439e-6
0
0
0
DERIV 19
-1.0858858719470873859e-6
0
0
0
DERIV 20
5.722768509654645596e-7
0
0
0
DERIV 21
-3.018733443033166186e-7
0
0
0
DERIV 22
1.5937541607875006560e-7
0
0
0
DERIV 23
-8.421264323819449553e-8
0
0
0
DERIV 24
4.453224111200206685e-8
0
0
0
DERIV 25
-2.3566532004210360804e-8
0
0
0
DERIV 26
1.2480273412897361449e-8
0
0
0
DERIV 27
-6.613694628476834879e-9
0
0
0
DERIV 28
3.507042455049254259e-9
0
0
0
DERIV 29
-1.8608050647658592349e-9
0
0
0
DERIV 30
9.878947924373087932e-10
0
0
0
DERIV 31
-5.247570537078331108e-10
0
0
0
DERIV 32
2.788895451152777465e-10
0
0
0
DERIV 33
-1.4829341219057839785e-10
0
0
0
DERIV 34
7.888912750554686850e-11
0
0
0
DERIV 35
-4.198641025675117266e-11
0
0
0
AT 15/8
0.017714972968897083061
0
0
0
DERIV 1
-0.031045586582413117749
0
0
0
DERIV 2
0.030089307262144433797
0
0
0
DERIV 3
-0.021846001159662942898
0
0
0
DERIV 4
0.013528629024934088129
0
0
0
DERIV 5
-0.007668596259738943641
0
0
0
DERIV 6
0.004143118556934953338
0
0
0
DERIV 7
-0.002182596219152713960
0
0
0
DERIV 8
0.0011350664373474558897
0
0
0
DERIV 9
-0.0005865606369875802717
0
0
0
DERIV 10
0.0003022352883110661381
0
0
0
DERIV 11
-0.00015556611224565886097
0
0
0
DERIV 12
8.006698622666590082e-5
0
0
0
DERIV 13
-4.122834348934953169e-5
0
0
0
DERIV 14
2.1245618351883437260e-5
0
0
0
DERIV 15
-1.0958211361624931154e-5
0
0
0
DERIV 16
5.657659195988475966e-6
0
0
0
DERIV 17
-2.923948231133015740e-6
0
0
0
DERIV 18
1.5126377146444230271e-6
0
0
0
DERIV 19
-7.832886906317051357e-7
0
0
0
DERIV 20
4.059903893663792104e-7
0
0
0
DERIV 21
-2.1062009033162181451e-7
0
0
0
DERIV 22
1.0935943978147053023e-7
0
0
0
DERIV 23
-5.682865326721862307e-8
0
0
0
DERIV 24
2.9553951120110484971e-8
0
0
0
DERIV 25
-1.5380977322986675828e-8
0
0
0
DERIV 26
8.010439742819067074e-9
0
0
0
DERIV 27
-4.174625381183304389e-9
0
0
0
DERIV 28
2.176972401078618001e-9
0
0
0
DERIV 29
-1.1359232508748786842e-9
0
0
0
DERIV 30
5.930522035607672910e-10
0
0
0
DERIV 31
-3.097938111408244297e-10
0
0
0
DERIV 32
1.6191131137533904536e-10
0
0
0
DERIV 33
-8.466340861749478415e-11
0
0
0
DERIV 34
4.429131184729228493e-11
0
0
0
DERIV 35
-2.3181221585698979570e-11
0
0
0
AT 61/32
0.016773528467432883421
0
0
0
DERIV 1
-0.029227391230917266346
0
0
0
DERIV 2
0.028118231625072286073
0
0
0
DERIV 3
-0.020227353410526956179
0
0
0
DERIV 4
0.012388843437235777176
0
0
0
DERIV 5
-0.006934650271691952458
0
0
0
DERIV 6
0.003695267426552390540
0
0
0
DERIV 7
-0.0019183911961041081890
0
0
0
DERIV 8
0.0009826310179442325574
0
0
0
DERIV 9
-0.0004999570463296961398
0
0
0
DERIV 10
0.0002535795041289424546
0
0
0
DERIV 11
-0.00012845898872254927700
0
0
0
DERIV 12
6.506315556139989945e-5
0
0
0
DERIV 13
-3.296661095268017290e-5
0
0
0
DERIV 14
1.6715442852818037414e-5
0
0
0
DERIV 15
-8.482768330357167973e-6
0
0
0
DERIV 16
4.308913379117151311e-6
0
0
0
DERIV 17
-2.190889584508724573e-6
0
0
0
DERIV 18
1.1150509914924883719e-6
0
0
0
DERIV 19
-5.680435580709585298e-7
0
0
0
DERIV 20
2.896462630806894169e-7
0
0
0
DERIV 21
-1.4782160483318163380e-7
0
0
0
DERIV 22
7.550484082988834073e-8
0
0
0
DERIV 23
-3.859770549204104981e-8
0
0
0
DERIV 24
1.9746089160490613623e-8
0
0
0
DERIV 25
-1.0109209988508711474e-8
0
0
0
DERIV 26
5.179098104944831364e-9
0
0
0
DERIV 27
-2.655075622031492953e-9
0
0
0
DERIV 28
1.3619818978693441158e-9
0
0
0
DERIV 29
-6.990755477839980875e-10
0
0
0
DERIV 30
3.590233287278011433e-10
0
0
0
DERIV 31
-1.8448251717074767345e-10
0
0
0
DERIV 32
9.484417968463421347e-11
0
0
0
DERIV 33
-4.878414464067776339e-11
0
0
0
DERIV 34
2.5104380451680381432e-11
0
0
0
DERIV 35
-1.2924507066122649758e-11
0
0
0
AT 31/16
0.015887026023839758565
0
0
0
DERIV 1
-0.027527781687310955844
0
0
0
DERIV 2
0.026292443520748321611
0
0
0
DERIV 3
-0.018744276194201776875
0
0
0
DERIV 4
0.011357448932067373826
0
0
0
DERIV 5
-0.006279508560810239011
0
0
0
DERIV 6
0.003301255611583492084
0
0
0
DERIV 7
-0.0016894203636513248357
0
0
0
DERIV 8
0.0008525443818150719652
0
0
0
DERIV 9
-0.0004271977986354393388
0
0
0
DERIV 10
0.00021334274576352340929
0
0
0
DERIV 11
-0.00010639625806887695325
0
0
0
DERIV 12
5.304523015935536481e-5
0
0
0
DERIV 13
-2.6454482922988678274e-5
0
0
0
DERIV 14
1.3201697862719681789e-5
0
0
0
DERIV 15
-6.593494800198348266e-6
0
0
0
DERIV 16
3.296063330532506583e-6
0
0
0
DERIV 17
-1.6492433427995625903e-6
0
0
0
DERIV 18
8.260086142771331109e-7
0
0
0
DERIV 19
-4.140836248660915889e-7
0
0
0
DERIV 20
2.0777022970784539360e-7
0
0
0
DERIV 21
-1.0434119764567367537e-7
0
0
0
DERIV 22
5.244325891519805406e-8
0
0
0
DERIV 23
-2.6379620055170620768e-8
0
0
0
DERIV 24
1.3279328972865089411e-8
0
0
0
DERIV 25
-6.689544817930830038e-9
0
0
0
DERIV 26
3.372209554713804673e-9
0
0
0
DERIV 27
-1.7010437910831806865e-9
0
0
0
DERIV 28
8.585894339000153200e-10
0
0
0
DERIV 29
-4.336223001531145506e-10
0
0
0
DERIV 30
2.1911967501102550485e-10
0
0
0
DERIV 31
-1.1078558216901588406e-10
0
0
0
DERIV 32
5.604105757059368817e-11
0
0
0
DERIV 33
-2.8362230355075754121e-11
0
0
0
DERIV 34
1.4360706709241972883e-11
0
0
0
DERIV 35
-7.274507607606359212e-12
0
0
0
AT 63/32
0.015051897677763404274
0
0
0
DERIV 1
-0.025938061795124919134
0
0
0
DERIV 2
0.024599845015258803294
0
0
0
DERIV 3
-0.017383958477303902701
0
0
0
DERIV 4
0.010422884810347823881
0
0
0
DERIV 5
-0.005693762240359116940
0
0
0
DERIV 6
0.002953952861851403752
0
0
0
DERIV 7
-0.0014905539295187002213
0
0
0
DERIV 8
0.0007412587288663902672
0
0
0
DERIV 9
-0.0003659039754311463333
0
0
0
DERIV 10
0.00017996910374904425182
0
0
0
DERIV 11
-8.838090699085941531e-5
0
0
0
DERIV 12
4.338517075562841967e-5
0
0
0
DERIV 13
-2.1302044132701206835e-5
0
0
0
DERIV 14
1.0465303734858401593e-5
0
0
0
DERIV 15
-5.145373374694655194e-6
0
0
0
DERIV 16
2.531975219945535322e-6
0
0
0
DERIV 17
-1.2470906400626465809e-6
0
0
0
DERIV 18
6.148035112686418498e-7
0
0
0
DERIV 19
-3.033676400988502916e-7
0
0
0
DERIV 20
1.4982570940590418135e-7
0
0
0
DERIV 21
-7.405837875505163629e-8
0
0
0
DERIV 22
3.663682820499031506e-8
0
0
0
DERIV 23
-1.8138515732017584650e-8
0
0
0
DERIV 24
8.986905372686387938e-9
0
0
0
DERIV 25
-4.455821269411160827e-9
0
0
0
DERIV 26
2.210750133689333067e-9
0
0
0
DERIV 27
-1.0975684837251237403e-9
0
0
0
DERIV 28
5.452430369362925503e-10
0
0
0
DERIV 29
-2.710206251674061602e-10
0
0
0
DERIV 30
1.3478953451224742363e-10
0
0
0
DERIV 31
-6.707184056182056464e-11
0
0
0
DERIV 32
3.339210321685517468e-11
0
0
0
DERIV 33
-1.6632469856610211135e-11
0
0
0
DERIV 34
8.288380229222900005e-12
0
0
0
DERIV 35
-4.132126776829962056e-12
0
0
0
AT 2
0.014264835789561086665
0
0
0
DERIV 1
-0.024450255354030558941
0
0
0
DERIV 2
0.023029474243084227525
0
0
0
DERIV 3
-0.016134946616649700757
0
0
0
DERIV 4
0.009574961315530426328
0
0
0
DERIV 5
-0.005169239933241150976
0
0
0
DERIV 6
0.002647259858983963283
0
0
0
DERIV 7
-0.0013174708159632507985
0
0
0
DERIV 8
0.0006458316930939774240
0
0
0
DERIV 9
-0.0003141332937468497297
0
0
0
DERIV 10
0.00015220810016212119519
0
0
0
DERIV 11
-7.362421412698061721e-5
0
0
0
DERIV 12
3.559396629778210203e-5
0
0
0
DERIV 13
-1.7210485380521233287e-5
0
0
0
DERIV 14
8.325940429937309079e-6
0
0
0
DERIV 15
-4.030760663640559077e-6
0
0
0
DERIV 16
1.952997348595802439e-6
0
0
0
DERIV 17
-9.471068203965104898e-7
0
0
0
DERIV 18
4.597112183421794495e-7
0
0
0
DERIV 19
-2.2333498831647299316e-7
0
0
0
DERIV 20
1.0859378870402371419e-7
0
0
0
DERIV 21
-5.284665452144722566e-8
0
0
0
DERIV 22
2.5738324461213581607e-8
0
0
0
DERIV 23
-1.2545224919297367377e-8
0
0
0
DERIV 24
6.119233036104247393e-9
0
0
0
DERIV 25
-2.986902394642864060e-9
0
0
0
DERIV 26
1.4589356300303733506e-9
0
0
0
DERIV 27
-7.130638512068234301e-10
0
0
0
DERIV 28
3.487262752160701700e-10
0
0
0
DERIV 29
-1.7064451358858429960e-10
0
0
0
DERIV 30
8.354866728576457196e-11
0
0
0
DERIV 31
-4.092748555473311977e-11
0
0
0
DERIV 32
2.0058959125708802388e-11
0
0
0
DERIV 33
-9.835797721770683711e-12
0
0
0
DERIV 34
4.825133262404282041e-12
0
0
0
DERIV 35
-2.3680931564087470508e-12
0
0
0
AT 33/16
0.012822855843315484475
0
0
0
DERIV 1
-0.021751681696196751431
0
0
0
DERIV 2
0.020216545255368683492
0
0
0
DERIV 3
-0.013930874270796254552
0
0
0
DERIV 4
0.008104082927648404572
0
0
0
DERIV 5
-0.004276330836587372355
0
0
0
DERIV 6
0.002135519176317002884
0
0
0
DERIV 7
-0.0010346162446774542169
0
0
0
DERIV 8
0.0004931703465085667632
0
0
0
DERIV 9
-0.00023308214301564572852
0
0
0
DERIV 10
0.00010968280884789623794
0
0
0
DERIV 11
-5.150912226529707322e-5
0
0
0
DERIV 12
2.4171422816030491604e-5
0
0
0
DERIV 13
-1.1342488687629787180e-5
0
0
0
DERIV 14
5.324553204644735955e-6
0
0
0
DERIV 15
-2.501089691026701922e-6
0
0
0
DERIV 16
1.1757173975057164978e-6
0
0
0
DERIV 17
-5.531366864491440222e-7
0
0
0
DERIV 18
2.604527036807438536e-7
0
0
0
DERIV 19
-1.2274183284788519565e-7
0
0
0
DERIV 20
5.789187431665672207e-8
0
0
0
DERIV 21
-2.7327124697411370201e-8
0
0
0
DERIV 22
1.2909499509886653327e-8
0
0
0
DERIV 23
-6.103102569633292036e-9
0
0
0
DERIV 24
2.887379834212024233e-9
0
0
0
DERIV 25
-1.3669584768737606799e-9
0
0
0
DERIV 26
6.475768340868547617e-10
0
0
0
DERIV 27
-3.069719696260189924e-10
0
0
0
DERIV 28
1.4560120267933929614e-10
0
0
0
DERIV 29
-6.909999351230419396e-11
0
0
0
DERIV 30
3.281152692556578132e-11
0
0
0
DERIV 31
-1.5588325483902284049e-11
0
0
0
DERIV 32
7.409465438013668380e-12
0
0
0
DERIV 33
-3.5235387486391718067e-12
0
0
0
DERIV 34
1.6763585763453078107e-12
0
0
0
DERIV 35
-7.978880071843661413e-13
0
0
0
AT 17/8
0.011539065228664898907
0
0
0
DERIV 1
-0.019380266284715640113
0
0
0
DERIV 2
0.017784474366421075542
0
0
0
DERIV 3
-0.012061997698874194276
0
0
0
DERIV 4
0.006884516970136847838
0
0
0
DERIV 5
-0.003554062562152466697
0
0
0
DERIV 6
0.0017323651001535042299
0
0
0
DERIV 7
-0.0008178370919928729240
0
0
0
DERIV 8
0.0003794364139641653866
0
0
0
DERIV 9
-0.00017441281067504693127
0
0
0
DERIV 10
7.978469008340103371e-5
0
0
0
DERIV 11
-3.641086647471553696e-5
0
0
0
DERIV 12
1.6600185358012305208e-5
0
0
0
DERIV 13
-7.566742061689365299e-6
0
0
0
DERIV 14
3.449992524902393739e-6
0
0
0
DERIV 15
-1.5738232790979868127e-6
0
0
0
DERIV 16
7.184353957142491417e-7
0
0
0
DERIV 17
-3.282073432746622872e-7
0
0
0
DERIV 18
1.5005610895658575193e-7
0
0
0
DERIV 19
-6.866068105600682706e-8
0
0
0
DERIV 20
3.144187688107934202e-8
0
0
0
DERIV 21
-1.4409440801013159015e-8
0
0
0
DERIV 22
6.608665737052749828e-9
0
0
0
DERIV 23
-3.033169043440398897e-9
0
0
0
DERIV 24
1.3931024314460444179e-9
0
0
0
DERIV 25
-6.402657824022874108e-10
0
0
0
DERIV 26
2.944527618599632659e-10
0
0
0
DERIV 27
-1.3549917668099467595e-10
0
0
0
DERIV 28
6.238948151736058730e-11
0
0
0
DERIV 29
-2.8742748997594532436e-11
0
0
0
DERIV 30
1.3248798043336701845e-11
0
0
0
DERIV 31
-6.110060434369470518e-12
0
0
0
DERIV 32
2.8191976468258488896e-12
0
0
0
DERIV 33
-1.3013892506181976944e-12
0
0
0
DERIV 34
6.010101067913876324e-13
0
0
0
DERIV 35
-2.776776306409825993e-13
0
0
0
AT 35/16
0.010394426125477316050
0
0
0
DERIV 1
-0.017292096934399536767
0
0
0
DERIV 2
0.015675909492437443277
0
0
0
DERIV 3
-0.010471657558175717986
0
0
0
DERIV 4
0.005868775112586672310
0
0
0
DERIV 5
-0.002966643350211843611
0
0
0
DERIV 6
0.0014127258883374271478
0
0
0
DERIV 7
-0.0006504797814973549246
0
0
0
DERIV 8
0.0002940037916316041110
0
0
0
DERIV 9
-0.00013155482208864174355
0
0
0
DERIV 10
5.855212150269637709e-5
0
0
0
DERIV 11
-2.5989640729516408027e-5
0
0
0
DERIV 12
1.1521914220320142965e-5
0
0
0
DERIV 13
-5.106084093207527219e-6
0
0
0
DERIV 14
2.263124104547894120e-6
0
0
0
DERIV 15
-1.0034926835946014981e-6
0
0
0
DERIV 16
4.452255203514189069e-7
0
0
0
DERIV 17
-1.9767305516124120536e-7
0
0
0
DERIV 18
8.782891105529606435e-8
0
0
0
DERIV 19
-3.905333931815236240e-8
0
0
0
DERIV 20
1.7378383295820044536e-8
0
0
0
DERIV 21
-7.739017331755225061e-9
0
0
0
DERIV 22
3.448887970999449994e-9
0
0
0
DERIV 23
-1.5380798432376079109e-9
0
0
0
DERIV 24
6.863946494850660875e-10
0
0
0
DERIV 25
-3.065154387702268573e-10
0
0
0
DERIV 26
1.3696273979517202744e-10
0
0
0
DERIV 27
-6.123679499862391203e-11
0
0
0
DERIV 28
2.7394983416589972741e-11
0
0
0
DERIV 29
-1.2262167556694481591e-11
0
0
0
DERIV 30
5.491494733509429469e-12
0
0
0
DERIV 31
-2.4605432991603698965e-12
0
0
0
DERIV 32
1.1030090071414522980e-12
0
0
0
DERIV 33
-4.946815309339644428e-13
0
0
0
DERIV 34
2.2195369914495921201e-13
0
0
0
DERIV 35
-9.962791905700376086e-14
0
0
0
AT 9/4
0.009372434334549458249
0
0
0
DERIV 1
-0.015449810275308709442
0
0
0
DERIV 2
0.013843091129018166019
0
0
0
DERIV 3
-0.009113782535911139210
0
0
0
DERIV 4
0.005019216598384534586
0
0
0
DERIV 5
-0.002486450768414842465
0
0
0
DERIV 6
0.0011577765207216104797
0
0
0
DERIV 7
-0.0005203850487390333703
0
0
0
DERIV 8
0.00022933076470980806485
0
0
0
DERIV 9
-9.997627332782294647e-5
0
0
0
DERIV 10
4.333010089381580384e-5
0
0
0
DERIV 11
-1.8722029979008426360e-5
0
0
0
DERIV 12
8.077506977042756911e-6
0
0
0
DERIV 13
-3.483088123781360323e-6
0
0
0
DERIV 14
1.5019372197643335055e-6
0
0
0
DERIV 15
-6.478595926317445233e-7
0
0
0
DERIV 16
2.795990801839656434e-7
0
0
0
DERIV 17
-1.2074376559459961290e-7
0
0
0
DERIV 18
5.217878066632820512e-8
0
0
0
DERIV 19
-2.2564997957101880648e-8
0
0
0
DERIV 20
9.765437599881493760e-9
0
0
0
DERIV 21
-4.229219859037794352e-9
0
0
0
DERIV 22
1.8328816768610603209e-9
0
0
0
DERIV 23
-7.948871093009716687e-10
0
0
0
DERIV 24
3.449556715633869304e-10
0
0
0
DERIV 25
-1.4979496744285170262e-10
0
0
0
DERIV 26
6.508730475026753624e-11
0
0
0
DERIV 27
-2.8297596024238576443e-11
0
0
0
DERIV 28
1.2309665370138168956e-11
0
0
0
DERIV 29
-5.357670256244926730e-12
0
0
0
DERIV 30
2.3330750561318280450e-12
0
0
0
DERIV 31
-1.0164706173992877338e-12
0
0
0
DERIV 32
4.430626859539972326e-13
0
0
0
DERIV 33
-1.9321063976180621642e-13
0
0
0
DERIV 34
8.429157100125860643e-14
0
0
0
DERIV 35
-3.678888855131761227e-14
0
0
0
AT 37/16
0.008458745005526306995
0
0
0
DERIV 1
-0.013821507731343690706
0
0
0
DERIV 2
0.012246079298062453183
0
0
0
DERIV 3
-0.007950718313688018984
0
0
0
DERIV 4
0.004305826010159692109
0
0
0
DERIV 5
-0.002092019322127822330
0
0
0
DERIV 6
0.0009532718389680685210
0
0
0
DERIV 7
-0.0004185979031453581863
0
0
0
DERIV 8
0.00018001353618041408627
0
0
0
DERIV 9
-7.651873595578245583e-5
0
0
0
DERIV 10
3.231919412151682122e-5
0
0
0
DERIV 11
-1.3604092547566980218e-5
0
0
0
DERIV 12
5.716528762572490265e-6
0
0
0
DERIV 13
-2.400382704142256080e-6
0
0
0
DERIV 14
1.0077925207728299851e-6
0
0
0
DERIV 15
-4.232134192041654372e-7
0
0
0
DERIV 16
1.7780290504599806484e-7
0
0
0
DERIV 17
-7.474200169641367977e-8
0
0
0
DERIV 18
3.143896953435857101e-8
0
0
0
DERIV 19
-1.3233217194644500050e-8
0
0
0
DERIV 20
5.573937007697687940e-9
0
0
0
DERIV 21
-2.349403722589353871e-9
0
0
0
DERIV 22
9.909405871196024599e-10
0
0
0
DERIV 23
-4.182392101506797804e-10
0
0
0
DERIV 24
1.7663642447287416045e-10
0
0
0
DERIV 25
-7.464565156239633626e-11
0
0
0
DERIV 26
3.156366343313782506e-11
0
0
0
DERIV 27
-1.3354226404910432982e-11
0
0
0
DERIV 28
5.653122493427388327e-12
0
0
0
DERIV 29
-2.3943437608785283172e-12
0
0
0
DERIV 30
1.0146201550125659368e-12
0
0
0
DERIV 31
-4.301601112862095086e-13
0
0
0
DERIV 32
1.8245578682557638593e-13
0
0
0
DERIV 33
-7.742435508949948020e-14
0
0
0
DERIV 34
3.286865992797358311e-14
0
0
0
DERIV 35
-1.3959287292912006049e-14
0
0
0
AT 19/8
0.007640859688123670737
0
0
0
DERIV 1
-0.012379869714297513442
0
0
0
DERIV 2
0.010851340036088206326
0
0
0
DERIV 3
-0.006951540979076577600
0
0
0
DERIV 4
0.003704532326361322046
0
0
0
DERIV 5
-0.0017665590759869929677
0
0
0
DERIV 6
0.0007883528730796066347
0
0
0
DERIV 7
-0.0003384691484457489534
0
0
0
DERIV 8
0.00014214524121105507866
0
0
0
DERIV 9
-5.895933697040262001e-5
0
0
0
DERIV 10
2.4286829012913754497e-5
0
0
0
DERIV 11
-9.966628650470927406e-6
0
0
0
DERIV 12
4.081973473513577955e-6
0
0
0
DERIV 13
-1.6703162160837934512e-6
0
0
0
DERIV 14
6.832998382152743024e-7
0
0
0
DERIV 15
-2.795612223627185488e-7
0
0
0
DERIV 16
1.1441914727995228129e-7
0
0
0
DERIV 17
-4.685317290878397643e-8
0
0
0
DERIV 18
1.9197042090123726494e-8
0
0
0
DERIV 19
-7.870538825275114103e-9
0
0
0
DERIV 20
3.228928648007885958e-9
0
0
0
DERIV 21
-1.3255563348417599673e-9
0
0
0
DERIV 22
5.445289975201843560e-10
0
0
0
DERIV 23
-2.2383153743361450668e-10
0
0
0
DERIV 24
9.206435044497476050e-11
0
0
0
DERIV 25
-3.788986490554542597e-11
0
0
0
DERIV 26
1.5602951760532748499e-11
0
0
0
DERIV 27
-6.428848075609375753e-12
0
0
0
DERIV 28
2.6502861600428618232e-12
0
0
0
DERIV 29
-1.0931411395794458031e-12
0
0
0
DERIV 30
4.511017028046696025e-13
0
0
0
DERIV 31
-1.8624243715439258107e-13
0
0
0
DERIV 32
7.692726888407090681e-14
0
0
0
DERIV 33
-3.178859755083694151e-14
0
0
0
DERIV 34
1.3141473851818835007e-14
0
0
0
DERIV 35
-5.434893910780631047e-15
0
0
0
AT 39/16
0.006907863612152881534
0
0
0
DERIV 1
-0.011101428277159475916
0
0
0
DERIV 2
0.009630612081188406892
0
0
0
DERIV 3
-0.006090738187491144193
0
0
0
DERIV 4
0.003195928008809664159
0
0
0
DERIV 5
-0.0014968561857423010649
0
0
0
DERIV 6
0.0006546842760824875956
0
0
0
DERIV 7
-0.0002750234217251704637
0
0
0
DERIV 8
0.00011287719297770136117
0
0
0
DERIV 9
-4.571908747710752162e-5
0
0
0
DERIV 10
1.8380214605417909271e-5
0
0
0
DERIV 11
-7.358728639920120638e-6
0
0
0
DERIV 12
2.939599403697459889e-6
0
0
0
DERIV 13
-1.1730059076501936824e-6
0
0
0
DERIV 14
4.678827996071047441e-7
0
0
0
DERIV 15
-1.8663012339188338675e-7
0
0
0
DERIV 16
7.446415076976824206e-8
0
0
0
DERIV 17
-2.9723714636219959666e-8
0
0
0
DERIV 18
1.1871102724461665195e-8
0
0
0
DERIV 19
-4.743894635833539059e-9
0
0
0
DERIV 20
1.896911663580254588e-9
0
0
0
DERIV 21
-7.589823083697647913e-10
0
0
0
DERIV 22
3.038700851475653221e-10
0
0
0
DERIV 23
-1.2173401113948314781e-10
0
0
0
DERIV 24
4.879748106723251839e-11
0
0
0
DERIV 25
-1.9572073054132942873e-11
0
0
0
DERIV 26
7.854560536417723342e-12
0
0
0
DERIV 27
-3.1538706996855305790e-12
0
0
0
DERIV 28
1.2670506123005356627e-12
0
0
0
DERIV 29
-5.092878607040111781e-13
0
0
0
DERIV 30
2.0480630722749027143e-13
0
0
0
DERIV 31
-8.239968819925182576e-14
0
0
0
DERIV 32
3.316667494783527703e-14
0
0
0
DERIV 33
-1.3355637691978015711e-14
0
0
0
DERIV 34
5.380296233265127008e-15
0
0
0
DERIV 35
-2.1683005701531214978e-15
0
0
0
AT 5/2
0.006250204303146110300
0
0
0
DERIV 1
-0.009965967148107894927
0
0
0
DERIV 2
0.008559993319533483122
0
0
0
DERIV 3
-0.005347171500501150462
0
0
0
DERIV 4
0.002764286097368114786
0
0
0
DERIV 5
-0.0012724505313219263997
0
0
0
DERIV 6
0.0005458256826230543273
0
0
0
DERIV 7
-0.00022451053716173314774
0
0
0
DERIV 8
9.011551306399294306e-5
0
0
0
DERIV 9
-3.566649845410917185e-5
0
0
0
DERIV 10
1.4003695397085746409e-5
0
0
0
DERIV 11
-5.473447480849373561e-6
0
0
0
DERIV 12
2.134023031402477900e-6
0
0
0
DERIV 13
-8.309649260381722804e-7
0
0
0
DERIV 14
3.233932810997054953e-7
0
0
0
DERIV 15
-1.2584654576825638748e-7
0
0
0
DERIV 16
4.898202424600844666e-8
0
0
0
DERIV 17
-1.9071904311743841739e-8
0
0
0
DERIV 18
7.429515081916763395e-9
0
0
0
DERIV 19
-2.895768845920800029e-9
0
0
0
DERIV 20
1.1293266779695141294e-9
0
0
0
DERIV 21
-4.406912261576450915e-10
0
0
0
DERIV 22
1.7207175519188198355e-10
0
0
0
DERIV 23
-6.722683645637343743e-11
0
0
0
DERIV 24
2.6280205744346510841e-11
0
0
0
DERIV 25
-1.0279248990302830893e-11
0
0
0
DERIV 26
4.022843452076019192e-12
0
0
0
DERIV 27
-1.5752012363972045646e-12
0
0
0
DERIV 28
6.171090475360021661e-13
0
0
0
DERIV 29
-2.418814052571519626e-13
0
0
0
DERIV 30
9.485267383116410707e-14
0
0
0
DERIV 31
-3.721304428071162919e-14
0
0
0
DERIV 32
1.4606009740163956171e-14
0
0
0
DERIV 33
-5.735235384342798923e-15
0
0
0
DERIV 34
2.2529263136699272464e-15
0
0
0
DERIV 35
-8.853437341581079435e-16
0
0
0
AT 41/16
0.005659504366374612169
0
0
0
DERIV 1
-0.008956024699137584560
0
0
0
DERIV 2
0.007619200628948046873
0
0
0
DERIV 3
-0.004703255171966029026
0
0
0
DERIV 4
0.002396800991673977022
0
0
0
DERIV 5
-0.0010850160842010526593
0
0
0
DERIV 6
0.0004567698385229792863
0
0
0
DERIV 7
-0.00018408414765025421381
0
0
0
DERIV 8
7.230936035878918363e-5
0
0
0
DERIV 9
-2.7983988408811421515e-5
0
0
0
DERIV 10
1.0737457774599799736e-5
0
0
0
DERIV 11
-4.099806139113364818e-6
0
0
0
DERIV 12
1.5610961370719658636e-6
0
0
0
DERIV 13
-5.935520743612046244e-7
0
0
0
DERIV 14
2.2552345042118908356e-7
0
0
0
DERIV 15
-8.567226191617777696e-8
0
0
0
DERIV 16
3.254900911785224879e-8
0
0
0
DERIV 17
-1.2369965618011015646e-8
0
0
0
DERIV 18
4.703108961507262689e-9
0
0
0
DERIV 19
-1.7890376714366872187e-9
0
0
0
DERIV 20
6.809108850636199000e-10
0
0
0
DERIV 21
-2.593025356590782238e-10
0
0
0
DERIV 22
9.880346725989138748e-11
0
0
0
DERIV 23
-3.766913802073799072e-11
0
0
0
DERIV 24
1.4369566449394665048e-11
0
0
0
DERIV 25
-5.484546895801359164e-12
0
0
0
DERIV 26
2.0944521073573719202e-12
0
0
0
DERIV 27
-8.002496724487668449e-13
0
0
0
DERIV 28
3.059133299851658302e-13
0
0
0
DERIV 29
-1.1699880115719242640e-13
0
0
0
DERIV 30
4.476791115843724638e-14
0
0
0
DERIV 31
-1.7137484159036004280e-14
0
0
0
DERIV 32
6.563185926701886154e-15
0
0
0
DERIV 33
-2.5145632968122649283e-15
0
0
0
DERIV 34
9.637929287491926929e-16
0
0
0
DERIV 35
-3.695485866308885388e-16
0
0
0
AT 21/8
0.005128402633563182607
0
0
0
DERIV 1
-0.008056480507304956268
0
0
0
DERIV 2
0.006790967319069530529
0
0
0
DERIV 3
-0.004144302628626857048
0
0
0
DERIV 4
0.002082998340051762324
0
0
0
DERIV 5
-0.0009278907731534130447
0
0
0
DERIV 6
0.0003836006523243740422
0
0
0
DERIV 7
-0.00015156966488565664828
0
0
0
DERIV 8
5.830175831433093484e-5
0
0
0
DERIV 9
-2.2076116416795352610e-5
0
0
0
DERIV 10
8.283080827995275951e-6
0
0
0
DERIV 11
-3.091447711733669571e-6
0
0
0
DERIV 12
1.1503206056297036862e-6
0
0
0
DERIV 13
-4.273215144392962512e-7
0
0
0
DERIV 14
1.5861067087374260659e-7
0
0
0
DERIV 15
-5.885437088339479215e-8
0
0
0
DERIV 16
2.1839240569711807596e-8
0
0
0
DERIV 17
-8.105886529756871420e-9
0
0
0
DERIV 18
3.009718527292033694e-9
0
0
0
DERIV 19
-1.1180207906488448520e-9
0
0
0
DERIV 20
4.155221630122191297e-10
0
0
0
DERIV 21
-1.5451501940399741549e-10
0
0
0
DERIV 22
5.748898682470237570e-11
0
0
0
DERIV 23
-2.1401135536455808953e-11
0
0
0
DERIV 24
7.971222317513551546e-12
0
0
0
DERIV 25
-2.9706034366433884886e-12
0
0
0
DERIV 26
1.1076192141928825069e-12
0
0
0
DERIV 27
-4.131957918793227564e-13
0
0
0
DERIV 28
1.5421761584207176160e-13
0
0
0
DERIV 29
-5.758609157629639018e-14
0
0
0
DERIV 30
2.1512927470513772043e-14
0
0
0
DERIV 31
-8.040305073097306139e-15
0
0
0
DERIV 32
3.0062811237303049108e-15
0
0
0
DERIV 33
-1.1245113078450163690e-15
0
0
0
DERIV 34
4.207930751497383414e-16
0
0
0
DERIV 35
-1.5752063286369636100e-16
0
0
0
AT 43/16
0.004650418946752485350
0
0
0
DERIV 1
-0.007254210119798741759
0
0
0
DERIV 2
0.006060550349600904267
0
0
0
DERIV 3
-0.003658003667107144648
0
0
0
DERIV 4
0.0018142736434899817133
0
0
0
DERIV 5
-0.0007957174181785626717
0
0
0
DERIV 6
0.0003232381863951705632
0
0
0
DERIV 7
-0.00012529531080819050347
0
0
0
DERIV 8
4.722361075938916782e-5
0
0
0
DERIV 9
-1.7505960255038640911e-5
0
0
0
DERIV 10
6.426704107439455508e-6
0
0
0
DERIV 11
-2.345951997311396315e-6
0
0
0
DERIV 12
8.535270278937490996e-7
0
0
0
DERIV 13
-3.099623068506099721e-7
0
0
0
DERIV 14
1.1245516681116155534e-7
0
0
0
DERIV 15
-4.078223507080313297e-8
0
0
0
DERIV 16
1.4788978416047393890e-8
0
0
0
DERIV 17
-5.363894195119815815e-9
0
0
0
DERIV 18
1.946081128574281250e-9
0
0
0
DERIV 19
-7.063515544777963767e-10
0
0
0
DERIV 20
2.564986267387845393e-10
0
0
0
DERIV 21
-9.318967497826946442e-11
0
0
0
DERIV 22
3.387477729799324371e-11
0
0
0
DERIV 23
-1.2320076345613523876e-11
0
0
0
DERIV 24
4.483092660597912678e-12
0
0
0
DERIV 25
-1.6321730697006428279e-12
0
0
0
DERIV 26
5.945305585410626102e-13
0
0
0
DERIV 27
-2.1666859505038224273e-13
0
0
0
DERIV 28
7.899967250199635769e-14
0
0
0
DERIV 29
-2.881744967099287036e-14
0
0
0
DERIV 30
1.0516711619695866670e-14
0
0
0
DERIV 31
-3.839651248646322333e-15
0
0
0
DERIV 32
1.4024399820090888706e-15
0
0
0
DERIV 33
-5.124493138077752851e-16
0
0
0
DERIV 34
1.8732049250554656966e-16
0
0
0
DERIV 35
-6.849852741914827533e-17
0
0
0
AT 11/4
0.004219838715340698196
0
0
0
DERIV 1
-0.006537795714710693297
0
0
0
DERIV 2
0.005415325581630544421
0
0
0
DERIV 3
-0.003234004134190652472
0
0
0
DERIV 4
0.0015835294634952729476
0
0
0
DERIV 5
-0.0006841677686999762418
0
0
0
DERIV 6
0.0002732471662559141003
0
0
0
DERIV 7
-0.00010396819719691952424
0
0
0
DERIV 8
3.841778526431317766e-5
0
0
0
DERIV 9
-1.3950618134104808283e-5
0
0
0
DERIV 10
5.013876709552655621e-6
0
0
0
DERIV 11
-1.7910463470192409596e-6
0
0
0
DERIV 12
6.375077764021969470e-7
0
0
0
DERIV 13
-2.2644915942161230327e-7
0
0
0
DERIV 14
8.034725266863459916e-8
0
0
0
DERIV 15
-2.8493394079808859399e-8
0
0
0
DERIV 16
1.0103119492131789771e-8
0
0
0
DERIV 17
-3.582713353523311051e-9
0
0
0
DERIV 18
1.2708183176007205751e-9
0
0
0
DERIV 19
-4.509356053374865477e-10
0
0
0
DERIV 20
1.6007868608126923711e-10
0
0
0
DERIV 21
-5.685353108792299081e-11
0
0
0
DERIV 22
2.0202060405981393779e-11
0
0
0
DERIV 23
-7.182112941923446935e-12
0
0
0
DERIV 24
2.5546273145178279953e-12
0
0
0
DERIV 25
-9.091165142384134320e-13
0
0
0
DERIV 26
3.236863927127041981e-13
0
0
0
DERIV 27
-1.1530213267930917184e-13
0
0
0
DERIV 28
4.109155908040812671e-14
0
0
0
DERIV 29
-1.4650897363076502676e-14
0
0
0
DERIV 30
5.225957536873189536e-15
0
0
0
DERIV 31
-1.8648813476773002325e-15
0
0
0
DERIV 32
6.657541249097586192e-16
0
0
0
DERIV 33
-2.377648251166812655e-16
0
0
0
DERIV 34
8.494666115695770387e-17
0
0
0
DERIV 35
-3.036015992951684113e-17
0
0
0
AT 45/16
0.003831614073111013451
0
0
0
DERIV 1
-0.005897282764050723949
0
0
0
DERIV 2
0.004844453968226013554
0
0
0
DERIV 3
-0.002863566398052528987
0
0
0
DERIV 4
0.0013848886307038391161
0
0
0
DERIV 5
-0.0005897291434751319398
0
0
0
DERIV 6
0.00023169223936539862663
0
0
0
DERIV 7
-8.658277861547586450e-5
0
0
0
DERIV 8
3.138430994445930871e-5
0
0
0
DERIV 9
-1.1169824417547036041e-5
0
0
0
DERIV 10
3.932228385106505253e-6
0
0
0
DERIV 11
-1.3753253897600855150e-6
0
0
0
DERIV 12
4.791743689751042078e-7
0
0
0
DERIV 13
-1.6657118227449469975e-7
0
0
0
DERIV 14
5.783042954890580827e-8
0
0
0
DERIV 15
-2.0064894873657989286e-8
0
0
0
DERIV 16
6.960135015915575345e-9
0
0
0
DERIV 17
-2.414425352065750892e-9
0
0
0
DERIV 18
8.377233608297452386e-10
0
0
0
DERIV 19
-2.907551386446657540e-10
0
0
0
DERIV 20
1.0095450882147226722e-10
0
0
0
DERIV 21
-3.506834245888275594e-11
0
0
0
DERIV 22
1.2187296407245102443e-11
0
0
0
DERIV 23
-4.237481811999275900e-12
0
0
0
DERIV 24
1.4740710970286067184e-12
0
0
0
DERIV 25
-5.130245639955259650e-13
0
0
0
DERIV 26
1.7863402678868272297e-13
0
0
0
DERIV 27
-6.222893870522108108e-14
0
0
0
DERIV 28
2.1687915596590962844e-14
0
0
0
DERIV 29
-7.561970052044566619e-15
0
0
0
DERIV 30
2.6377765660526006402e-15
0
0
0
DERIV 31
-9.204941199800595116e-16
0
0
0
DERIV 32
3.213497776865449222e-16
0
0
0
DERIV 33
-1.1222846421930386104e-16
0
0
0
DERIV 34
3.920940297019486939e-17
0
0
0
DERIV 35
-1.3703576805345122375e-17
0
0
0
AT 23/8
0.003481279018589565535
0
0
0
DERIV 1
-0.005323974708668294600
0
0
0
DERIV 2
0.004338605174514854543
0
0
0
DERIV 3
-0.002539293843588966235
0
0
0
DERIV 4
0.0012134663748819502025
0
0
0
DERIV 5
-0.0005095385315871003200
0
0
0
DERIV 6
0.00019702788357522449739
0
0
0
DERIV 7
-7.235275791401178473e-5
0
0
0
DERIV 8
2.5740517914892905552e-5
0
0
0
DERIV 9
-8.983637422935427042e-6
0
0
0
DERIV 10
3.099427615603036886e-6
0
0
0
DERIV 11
-1.0619481522152489884e-6
0
0
0
DERIV 12
3.623432221392499819e-7
0
0
0
DERIV 13
-1.2332899709578110375e-7
0
0
0
DERIV 14
4.191743107379675869e-8
0
0
0
DERIV 15
-1.4236342724726513944e-8
0
0
0
DERIV 16
4.833527549732635788e-9
0
0
0
DERIV 17
-1.6410244483476562243e-9
0
0
0
DERIV 18
5.572271794975620159e-10
0
0
0
DERIV 19
-1.8926467494041651805e-10
0
0
0
DERIV 20
6.430753874935462275e-11
0
0
0
DERIV 21
-2.1859064324033094962e-11
0
0
0
DERIV 22
7.433479056656048349e-12
0
0
0
DERIV 23
-2.5290124070187576703e-12
0
0
0
DERIV 24
8.608177705188820038e-13
0
0
0
DERIV 25
-2.931386447848395248e-13
0
0
0
DERIV 26
9.986989746137785370e-14
0
0
0
DERIV 27
-3.404022875721872491e-14
0
0
0
DERIV 28
1.1607598315984207938e-14
0
0
0
DERIV 29
-3.959855815695773328e-15
0
0
0
DERIV 30
1.3514443060049917737e-15
0
0
0
DERIV 31
-4.614165541713851798e-16
0
0
0
DERIV 32
1.5760093888865353615e-16
0
0
0
DERIV 33
-5.385045921291569547e-17
0
0
0
DERIV 34
1.8406848611456670455e-17
0
0
0
DERIV 35
-6.293952127664237743e-18
0
0
0
AT 47/16
0.003164876372548458289
0
0
0
DERIV 1
-0.004810259162568226131
0
0
0
DERIV 2
0.003889727895316974146
0
0
0
DERIV 3
-0.002254906358028655865
0
0
0
DERIV 4
0.0010651883895196998138
0
0
0
DERIV 5
-0.0004412528966207625498
0
0
0
DERIV 6
0.00016801416932462717615
0
0
0
DERIV 7
-6.066010517731403419e-5
0
0
0
DERIV 8
2.1191857070888257022e-5
0
0
0
DERIV 9
-7.256455834741779347e-6
0
0
0
DERIV 10
2.454745193307817610e-6
0
0
0
DERIV 11
-8.243199861377234952e-7
0
0
0
DERIV 12
2.755824496322725873e-7
0
0
0
DERIV 13
-9.188486665862780141e-8
0
0
0
DERIV 14
3.058819890823937523e-8
0
0
0
DERIV 15
-1.0173908419135711308e-8
0
0
0
DERIV 16
3.382555472455918506e-9
0
0
0
DERIV 17
-1.1244924110845881499e-9
0
0
0
DERIV 18
3.738608065854511426e-10
0
0
0
DERIV 19
-1.2432638571127895950e-10
0
0
0
DERIV 20
4.135757907278522293e-11
0
0
0
DERIV 21
-1.3762911810074452600e-11
0
0
0
DERIV 22
4.581889455028421718e-12
0
0
0
DERIV 23
-1.5260440235344085491e-12
0
0
0
DERIV 24
5.084897695867624125e-13
0
0
0
DERIV 25
-1.6950845944429270475e-13
0
0
0
DERIV 26
5.653189774412146597e-14
0
0
0
DERIV 27
-1.8861934528559917040e-14
0
0
0
DERIV 28
6.296014855887163464e-15
0
0
0
DERIV 29
-2.1024599404406066830e-15
0
0
0
DERIV 30
7.023722587785400999e-16
0
0
0
DERIV 31
-2.347358830140077596e-16
0
0
0
DERIV 32
7.847997596507681429e-17
0
0
0
DERIV 33
-2.6248238922174951774e-17
0
0
0
DERIV 34
8.782094837936518660e-18
0
0
0
DERIV 35
-2.9393243130724044877e-18
0
0
0
AT 3
0.002878894752698132452
0
0
0
DERIV 1
-0.004349460364732346193
0
0
0
DERIV 2
0.003490858303447832295
0
0
0
DERIV 3
-0.002005056619725788334
0
0
0
DERIV 4
0.0009366448968314919224
0
0
0
DERIV 5
-0.0003829472582460586162
0
0
0
DERIV 6
0.00014365193591077174461
0
0
0
DERIV 7
-5.101665103328096966e-5
0
0
0
DERIV 8
1.7510366558262696379e-5
0
0
0
DERIV 9
-5.885485257599890765e-6
0
0
0
DERIV 10
1.953097619545867767e-6
0
0
0
DERIV 11
-6.431096334234114796e-7
0
0
0
DERIV 12
2.1075667844208736241e-7
0
0
0
DERIV 13
-6.886859784675819099e-8
0
0
0
DERIV 14
2.2465216815739558896e-8
0
0
0
DERIV 15
-7.321042766282359899e-9
0
0
0
DERIV 16
2.384619854263111794e-9
0
0
0
DERIV 17
-7.765848687920612257e-10
0
0
0
DERIV 18
2.529156332117806710e-10
0
0
0
DERIV 19
-8.238385959367577374e-11
0
0
0
DERIV 20
2.6842951675503390897e-11
0
0
0
DERIV 21
-8.749188785124409486e-12
0
0
0
DERIV 22
2.8528075906193979122e-12
0
0
0
DERIV 23
-9.305831550151430019e-13
0
0
0
DERIV 24
3.036839417194594376e-13
0
0
0
DERIV 25
-9.914592032882260928e-14
0
0
0
DERIV 26
3.238278748342128958e-14
0
0
0
DERIV 27
-1.0581280215817625732e-14
0
0
0
DERIV 28
3.4589464473416040055e-15
0
0
0
DERIV 29
-1.1311684878745433426e-15
0
0
0
DERIV 30
3.700703086403630365e-16
0
0
0
DERIV 31
-1.2111835610248945378e-16
0
0
0
DERIV 32
3.965514744546325851e-17
0
0
0
DERIV 33
-1.2988172510066225974e-17
0
0
0
DERIV 34
4.255498031107327354e-18
0
0
0
DERIV 35
-1.3947669170051682968e-18
0
0
0
AT 49/16
0.002620214064610110281
0
0
0
DERIV 1
-0.003935713557131934742
0
0
0
DERIV 2
0.003135959758243427042
0
0
0
DERIV 3
-0.0017851791866197977594
0
0
0
DERIV 4
0.0008249730705037588681
0
0
0
DERIV 5
-0.0003330342055971557383
0
0
0
DERIV 6
0.00012313263522763413793
0
0
0
DERIV 7
-4.303498035688849854e-5
0
0
0
DERIV 8
1.4518703716824718646e-5
0
0
0
DERIV 9
-4.792357945432648624e-6
0
0
0
DERIV 10
1.5608100092863038506e-6
0
0
0
DERIV 11
-5.041722001244281149e-7
0
0
0
DERIV 12
1.6203528014972195865e-7
0
0
0
DERIV 13
-5.191454400611567604e-8
0
0
0
DERIV 14
1.6601558511891143416e-8
0
0
0
DERIV 15
-5.303100214255076549e-9
0
0
0
DERIV 16
1.6929918688729393452e-9
0
0
0
DERIV 17
-5.403462817460815690e-10
0
0
0
DERIV 18
1.7245721210455856126e-10
0
0
0
DERIV 19
-5.504904989349445463e-11
0
0
0
DERIV 20
1.7576122830365509516e-11
0
0
0
DERIV 21
-5.613472202421967838e-12
0
0
0
DERIV 22
1.7934748347488505933e-12
0
0
0
DERIV 23
-5.732271978859067662e-13
0
0
0
DERIV 24
1.8328773905183624337e-13
0
0
0
DERIV 25
-5.862984767421136467e-14
0
0
0
DERIV 26
1.8762200914160802760e-14
0
0
0
DERIV 27
-6.006583348624400980e-15
0
0
0
DERIV 28
1.9237456415614402609e-15
0
0
0
DERIV 29
-6.163692708815602739e-16
0
0
0
DERIV 30
1.9756210012760608198e-16
0
0
0
DERIV 31
-6.334777022179825572e-17
0
0
0
DERIV 32
2.0319804914243243163e-17
0
0
0
DERIV 33
-6.520239633222485466e-18
0
0
0
DERIV 34
2.0929491080135982841e-18
0
0
0
DERIV 35
-6.720477670182258841e-19
0
0
0
AT 25/8
0.002386058252998812367
0
0
0
DERIV 1
-0.003563857739636144134
0
0
0
DERIV 2
0.002819788239860242934
0
0
0
DERIV 3
-0.0015913660651716407448
0
0
0
DERIV 4
0.0007277619042746316831
0
0
0
DERIV 5
-0.0002902000348572334257
0
0
0
DERIV 6
0.00010579932160357144563
0
0
0
DERIV 7
-3.640624840614807166e-5
0
0
0
DERIV 8
1.2078216835092451967e-5
0
0
0
DERIV 9
-3.917003074586473618e-6
0
0
0
DERIV 10
1.2525806060495821703e-6
0
0
0
DERIV 11
-3.970918997745975193e-7
0
0
0
DERIV 12
1.2521096718420182783e-7
0
0
0
DERIV 13
-3.935011448547843084e-8
0
0
0
DERIV 14
1.2341266272130854123e-8
0
0
0
DERIV 15
-3.865823569315423852e-9
0
0
0
DERIV 16
1.2101189244543552959e-9
0
0
0
DERIV 17
-3.786820003416744441e-10
0
0
0
DERIV 18
1.1849167118678633699e-10
0
0
0
DERIV 19
-3.707999204267221030e-11
0
0
0
DERIV 20
1.1605909843830387861e-11
0
0
0
DERIV 21
-3.6336220933590782163e-12
0
0
0
DERIV 22
1.1380032293524887158e-12
0
0
0
DERIV 23
-3.565371099781163081e-13
0
0
0
DERIV 24
1.1174606879144895415e-13
0
0
0
DERIV 25
-3.503731393048502703e-14
0
0
0
DERIV 26
1.0990116512100585355e-14
0
0
0
DERIV 27
-3.4486298388368642557e-15
0
0
0
DERIV 28
1.0825850986150069671e-15
0
0
0
DERIV 29
-3.399742593352698119e-16
0
0
0
DERIV 30
1.0680588547702732554e-16
0
0
0
DERIV 31
-3.356646696672018942e-17
0
0
0
DERIV 32
1.0552933553769035209e-17
0
0
0
DERIV 33
-3.3188951887250251586e-18
0
0
0
DERIV 34
1.0441482817586142820e-18
0
0
0
DERIV 35
-3.286053621456743418e-19
0
0
0
AT 51/16
0.002173954259160081059
0
0
0
DERIV 1
-0.003229343875700156456
0
0
0
DERIV 2
0.002537779032167531649
0
0
0
DERIV 3
-0.0014202637467690098615
0
0
0
DERIV 4
0.0006429749292866593835
0
0
0
DERIV 5
-0.0002533538478581281051
0
0
0
DERIV 6
9.111615912393713037e-5
0
0
0
DERIV 7
-3.088318066473004535e-5
0
0
0
DERIV 8
1.0079986209989793045e-5
0
0
0
DERIV 9
-3.213134562420338411e-6
0
0
0
DERIV 10
1.0092912675821308017e-6
0
0
0
DERIV 11
-3.141521720861005631e-7
0
0
0
DERIV 12
9.722799852922520096e-8
0
0
0
DERIV 13
-2.998449300654606320e-8
0
0
0
DERIV 14
9.226579520838185559e-9
0
0
0
DERIV 15
-2.835306185291723924e-9
0
0
0
DERIV 16
8.706067389110799102e-10
0
0
0
DERIV 17
-2.672222517462129911e-10
0
0
0
DERIV 18
8.200949707517683349e-11
0
0
0
DERIV 19
-2.5169436870796449929e-11
0
0
0
DERIV 20
7.725977253997005979e-12
0
0
0
DERIV 21
-2.3721383029048824707e-12
0
0
0
DERIV 22
7.285471035089320690e-13
0
0
0
DERIV 23
-2.2383213134027823647e-13
0
0
0
DERIV 24
6.879305376665612631e-14
0
0
0
DERIV 25
-2.1150958733042206857e-14
0
0
0
DERIV 26
6.505515519671700614e-15
0
0
0
DERIV 27
-2.0017057231145714764e-15
0
0
0
DERIV 28
6.161474688640749328e-16
0
0
0
DERIV 29
-1.8972866934601571845e-16
0
0
0
DERIV 30
5.844430948270970692e-17
0
0
0
DERIV 31
-1.8009806599011742762e-17
0
0
0
DERIV 32
5.551746236957695289e-18
0
0
0
DERIV 33
-1.7119846378003673295e-18
0
0
0
DERIV 34
5.280993617886240415e-19
0
0
0
DERIV 35
-1.6295688380924030967e-19
0
0
0
AT 13/4
0.001981696296914383943
0
0
0
DERIV 1
-0.002928156127842701170
0
0
0
DERIV 2
0.002285951017619445441
0
0
0
DERIV 3
-0.0012689877167251833925
0
0
0
DERIV 4
0.0005688871876586659672
0
0
0
DERIV 5
-0.00022158680519936387932
0
0
0
DERIV 6
7.864447258653011819e-5
0
0
0
DERIV 7
-2.6266976925160429181e-5
0
0
0
DERIV 8
8.438056600057583685e-6
0
0
0
DERIV 9
-2.644909270077978948e-6
0
0
0
DERIV 10
8.164178030697468357e-7
0
0
0
DERIV 11
-2.496027488684583024e-7
0
0
0
DERIV 12
7.585308842621419343e-8
0
0
0
DERIV 13
-2.2964199108413189787e-8
0
0
0
DERIV 14
6.935780751860599315e-9
0
0
0
DERIV 15
-2.091705035156246887e-9
0
0
0
DERIV 16
6.302703790361105995e-10
0
0
0
DERIV 17
-1.8982326757651454209e-10
0
0
0
DERIV 18
5.715931699078480036e-11
0
0
0
DERIV 19
-1.7211606579613466224e-11
0
0
0
DERIV 20
5.183332154173482747e-12
0
0
0
DERIV 21
-1.5613089965416886879e-12
0
0
0
DERIV 22
4.704218935770536304e-13
0
0
0
DERIV 23
-1.4178260295690074961e-13
0
0
0
DERIV 24
4.274711160363869690e-14
0
0
0
DERIV 25
-1.2892767522641493945e-14
0
0
0
DERIV 26
3.889958221694400778e-15
0
0
0
DERIV 27
-1.1740987211168210717e-15
0
0
0
DERIV 28
3.545071061480405605e-16
0
0
0
DERIV 29
-1.0707903326747082660e-16
0
0
0
DERIV 30
3.235494962944774507e-17
0
0
0
DERIV 31
-9.779818618357720024e-18
0
0
0
DERIV 32
2.9571354845647059576e-18
0
0
0
DERIV 33
-8.944545456899931734e-19
0
0
0
DERIV 34
2.706375568097633137e-19
0
0
0
DERIV 35
-8.191371103055482969e-20
0
0
0
AT 53/16
0.0018073146974321150672
0
0
0
DERIV 1
-0.002656744112989150967
0
0
0
DERIV 2
0.002060825618757572593
0
0
0
DERIV 3
-0.0011350512384999734451
0
0
0
DERIV 4
0.0005040336412511726896
0
0
0
DERIV 5
-0.00019413937244733793703
0
0
0
DERIV 6
6.802385146502311786e-5
0
0
0
DERIV 7
-2.2397172321261829228e-5
0
0
0
DERIV 8
7.084297212721074628e-6
0
0
0
DERIV 9
-2.184437489436245832e-6
0
0
0
DERIV 10
6.628685650115044428e-7
0
0
0
DERIV 11
-1.9913454824057471219e-7
0
0
0
DERIV 12
5.944421822219258038e-8
0
0
0
DERIV 13
-1.7673600026587806544e-8
0
0
0
DERIV 14
5.241222236886978838e-9
0
0
0
DERIV 15
-1.5518371334045586906e-9
0
0
0
DERIV 16
4.590278595209345703e-10
0
0
0
DERIV 17
-1.3570479627471754788e-10
0
0
0
DERIV 18
4.010884943388260950e-11
0
0
0
DERIV 19
-1.1853886630260103070e-11
0
0
0
DERIV 20
3.5036208665026700974e-12
0
0
0
DERIV 21
-1.0357407306396651135e-12
0
0
0
DERIV 22
3.062608987611224626e-13
0
0
0
DERIV 23
-9.058542597217119484e-14
0
0
0
DERIV 24
2.6801834080908021066e-14
0
0
0
DERIV 25
-7.932652695047544981e-15
0
0
0
DERIV 26
2.3486860220615229424e-15
0
0
0
DERIV 27
-6.956429572261263863e-16
0
0
0
DERIV 28
2.0611195526309931483e-16
0
0
0
DERIV 29
-6.109060662149374198e-17
0
0
0
DERIV 30
1.8113329249135185535e-17
0
0
0
DERIV 31
-5.372447021899972211e-18
0
0
0
DERIV 32
1.5940170229810532639e-18
0
0
0
DERIV 33
-4.731047685617959902e-19
0
0
0
DERIV 34
1.4046290328287137652e-19
0
0
0
DERIV 35
-4.171595227840146634e-20
0
0
0
AT 27/8
0.0016490486880947892272
0
0
0
DERIV 1
-0.002411964503554088566
0
0
0
DERIV 2
0.0018593579593376608101
0
0
0
DERIV 3
-0.0010163058433975246785
0
0
0
DERIV 4
0.0004471667902367228815
0
0
0
DERIV 5
-0.00017037488638860288936
0
0
0
DERIV 6
5.895717503395482361e-5
0
0
0
DERIV 7
-1.9143749825653227562e-5
0
0
0
DERIV 8
5.964477410626114292e-6
0
0
0
DERIV 9
-1.8099179015825522623e-6
0
0
0
DERIV 10
5.401308003518702415e-7
0
0
0
DERIV 11
-1.5950104235114075099e-7
0
0
0
DERIV 12
4.678711374081003302e-8
0
0
0
DERIV 13
-1.3665887270140454321e-8
0
0
0
DERIV 14
3.980764090911336763e-9
0
0
0
DERIV 15
-1.1575644488043458423e-9
0
0
0
DERIV 16
3.362487195572339348e-10
0
0
0
DERIV 17
-9.761264640522461697e-11
0
0
0
DERIV 18
2.8327869335926184436e-11
0
0
0
DERIV 19
-8.220076197782665300e-12
0
0
0
DERIV 20
2.3853708478564402518e-12
0
0
0
DERIV 21
-6.923072702047332649e-13
0
0
0
DERIV 22
2.0097222423936824670e-13
0
0
0
DERIV 23
-5.835645780933332620e-14
0
0
0
DERIV 24
1.6950095648739179246e-14
0
0
0
DERIV 25
-4.924875786537035952e-15
0
0
0
DERIV 26
1.4314103769601815487e-15
0
0
0
DERIV 27
-4.161807007725254323e-16
0
0
0
DERIV 28
1.2104581062914921575e-16
0
0
0
DERIV 29
-3.521821456012563406e-17
0
0
0
DERIV 30
1.0250222282351113201e-17
0
0
0
DERIV 31
-2.9843205488506502719e-18
0
0
0
DERIV 32
8.691629478045449307e-19
0
0
0
DERIV 33
-2.532196574316538492e-19
0
0
0
DERIV 34
7.379565289045771918e-20
0
0
0
DERIV 35
-2.1512842698167623452e-20
0
0
0
AT 55/16
0.0015053225662932660962
0
0
0
DERIV 1
-0.002191030575450563563
0
0
0
DERIV 2
0.0016788782515829371762
0
0
0
DERIV 3
-0.0009108914521610379312
0
0
0
DERIV 4
0.0003972217382023391112
0
0
0
DERIV 5
-0.00014975814010148732168
0
0
0
DERIV 6
5.119869472722272388e-5
0
0
0
DERIV 7
-1.6400975842095598259e-5
0
0
0
DERIV 8
5.035255545655504277e-6
0
0
0
DERIV 9
-1.5042328002170601432e-6
0
0
0
DERIV 10
4.416395675477241082e-7
0
0
0
DERIV 11
-1.2824355089465544465e-7
0
0
0
DERIV 12
3.697882248383578021e-8
0
0
0
DERIV 13
-1.0614855538947941106e-8
0
0
0
DERIV 14
3.038195535011687417e-9
0
0
0
DERIV 15
-8.679820137663388189e-10
0
0
0
DERIV 16
2.476847246542636539e-10
0
0
0
DERIV 17
-7.062915765323816913e-11
0
0
0
DERIV 18
2.0132811352689547156e-11
0
0
0
DERIV 19
-5.737956635493396751e-12
0
0
0
DERIV 20
1.6353489251235094951e-12
0
0
0
DERIV 21
-4.661349876793920744e-13
0
0
0
DERIV 22
1.3289072128772270704e-13
0
0
0
DERIV 23
-3.789507208618025691e-14
0
0
0
DERIV 24
1.0809162609693560108e-14
0
0
0
DERIV 25
-3.0841349480372771698e-15
0
0
0
DERIV 26
8.802652725793895484e-16
0
0
0
DERIV 27
-2.513255395829974245e-16
0
0
0
DERIV 28
7.178015587676689449e-17
0
0
0
DERIV 29
-2.0507710680721888288e-17
0
0
0
DERIV 30
5.861032339513505137e-18
0
0
0
DERIV 31
-1.6756121543800002671e-18
0
0
0
DERIV 32
4.791958220597038396e-19
0
0
0
DERIV 33
-1.3708500007129013221e-19
0
0
0
DERIV 34
3.922845466523718473e-20
0
0
0
DERIV 35
-1.1229064435098692822e-20
0
0
0
AT 7/2
0.0013747248091833688764
0
0
0
DERIV 1
-0.001991468530728112210
0
0
0
DERIV 2
0.0015170417665251792732
0
0
0
DERIV 3
-0.0008171944488247504055
0
0
0
DERIV 4
0.0003532873007371287568
0
0
0
DERIV 5
-0.00013183797008109774491
0
0
0
DERIV 6
4.454451098025063088e-5
0
0
0
DERIV 7
-1.4082561022863179006e-5
0
0
0
DERIV 8
4.261857289798360933e-6
0
0
0
DERIV 9
-1.2538844851755565969e-6
0
0
0
DERIV 10
3.623085880323297980e-7
0
0
0
DERIV 11
-1.0349074852374696337e-7
0
0
0
DERIV 12
2.9344299918097347840e-8
0
0
0
DERIV 13
-8.280988831832083378e-9
0
0
0
DERIV 14
2.329719062725505158e-9
0
0
0
DERIV 15
-6.541248034275073349e-10
0
0
0
DERIV 16
1.8342871541179723227e-10
0
0
0
DERIV 17
-5.139681640940107149e-11
0
0
0
DERIV 18
1.4395064510528481689e-11
0
0
0
DERIV 19
-4.030895664947378673e-12
0
0
0
DERIV 20
1.1286826824722640915e-12
0
0
0
DERIV 21
-3.160642154230357839e-13
0
0
0
DERIV 22
8.852132524089136780e-14
0
0
0
DERIV 23
-2.4797900923065839999e-14
0
0
0
DERIV 24
6.948546979775428088e-15
0
0
0
DERIV 25
-1.9475882840615959883e-15
0
0
0
DERIV 26
5.460498219859961814e-16
0
0
0
DERIV 27
-1.5314547895790600166e-16
0
0
0
DERIV 28
4.296506335148891771e-17
0
0
0
DERIV 29
-1.2057769910949211663e-17
0
0
0
DERIV 30
3.3849981845863804901e-18
0
0
0
DERIV 31
-9.505797022957506934e-19
0
0
0
DERIV 32
2.670271061155927896e-19
0
0
0
DERIV 33
-7.503371728860592670e-20
0
0
0
DERIV 34
2.1090609035020700267e-20
0
0
0
DERIV 35
-5.929940504814143320e-21
0
0
0
AT 57/16
0.0012559897276593551870
0
0
0
DERIV 1
-0.0018110796095344116035
0
0
0
DERIV 2
0.0013717860287814616447
0
0
0
DERIV 3
-0.0007338123412628450503
0
0
0
DERIV 4
0.0003145820365385960330
0
0
0
DERIV 5
-0.00011623304738844390067
0
0
0
DERIV 6
3.882493367487351954e-5
0
0
0
DERIV 7
-1.2117845145744480991e-5
0
0
0
DERIV 8
3.616277262925226265e-6
0
0
0
DERIV 9
-1.0481859337439004209e-6
0
0
0
DERIV 10
2.981796070429793958e-7
0
0
0
DERIV 11
-8.381149823782958184e-8
0
0
0
DERIV 12
2.3376281917401523490e-8
0
0
0
DERIV 13
-6.487454990140410669e-9
0
0
0
DERIV 14
1.7945565051488229207e-9
0
0
0
DERIV 15
-4.953555598047313034e-10
0
0
0
DERIV 16
1.3654698084768021391e-10
0
0
0
DERIV 17
-3.760752764329153863e-11
0
0
0
DERIV 18
1.0352579067518317937e-11
0
0
0
DERIV 19
-2.8491200389947229424e-12
0
0
0
DERIV 20
7.840380912985156254e-13
0
0
0
DERIV 21
-2.1576533377454993277e-13
0
0
0
DERIV 22
5.938580104199518556e-14
0
0
0
DERIV 23
-1.6348098289235837787e-14
0
0
0
DERIV 24
4.501473499579905060e-15
0
0
0
DERIV 25
-1.2398189080448548856e-15
0
0
0
DERIV 26
3.415755890397845788e-16
0
0
0
DERIV 27
-9.413390990596434042e-17
0
0
0
DERIV 28
2.5950119341534374037e-17
0
0
0
DERIV 29
-7.155963415233299255e-18
0
0
0
DERIV 30
1.9739335218347759992e-18
0
0
0
DERIV 31
-5.446678875023581260e-19
0
0
0
DERIV 32
1.5033645526561968775e-19
0
0
0
DERIV 33
-4.150764015616288189e-20
0
0
0
DERIV 34
1.1463586560828938115e-20
0
0
0
DERIV 35
-3.1669337988786708429e-21
0
0
0
AT 29/8
0.0011479813293970503926
0
0
0
DERIV 1
-0.0016479071609608933729
0
0
0
DERIV 2
0.0012412941087215686314
0
0
0
DERIV 3
-0.0006595238942857069775
0
0
0
DERIV 4
0.0002804343019267651975
0
0
0
DERIV 5
-0.00010262024378490832007
0
0
0
DERIV 6
3.389833053924098369e-5
0
0
0
DERIV 7
-1.0448776939973034296e-5
0
0
0
DERIV 8
3.075879774214794598e-6
0
0
0
DERIV 9
-8.786419881490563020e-7
0
0
0
DERIV 10
2.461589722639352068e-7
0
0
0
DERIV 11
-6.810623119658913938e-8
0
0
0
DERIV 12
1.8691688479759943762e-8
0
0
0
DERIV 13
-5.103008245513524146e-9
0
0
0
DERIV 14
1.3883771367244512099e-9
0
0
0
DERIV 15
-3.768827251712105002e-10
0
0
0
DERIV 16
1.0215626924815729609e-10
0
0
0
DERIV 17
-2.7664091578279504974e-11
0
0
0
DERIV 18
7.487229695625458586e-12
0
0
0
DERIV 19
-2.0257784845241961507e-12
0
0
0
DERIV 20
5.480354621999529164e-13
0
0
0
DERIV 21
-1.4826145503447454752e-13
0
0
0
DERIV 22
4.011358961046320765e-14
0
0
0
DERIV 23
-1.0854945016820635272e-14
0
0
0
DERIV 24
2.9380371143453705207e-15
0
0
0
DERIV 25
-7.954172457120741891e-16
0
0
0
DERIV 26
2.1540250809136829738e-16
0
0
0
DERIV 27
-5.834868702074412674e-17
0
0
0
DERIV 28
1.5810296370732012697e-17
0
0
0
DERIV 29
-4.285284269980165217e-18
0
0
0
DERIV 30
1.1618515802239590814e-18
0
0
0
DERIV 31
-3.151031060766805069e-19
0
0
0
DERIV 32
8.548394630553658604e-20
0
0
0
DERIV 33
-2.3197679145402041750e-20
0
0
0
DERIV 34
6.296952682209475199e-21
0
0
0
DERIV 35
-1.7097781342929468644e-21
0
0
0
AT 59/16
0.0010496791035772797592
0
0
0
DERIV 1
-0.0015002079709890536307
0
0
0
DERIV 2
0.0011239630742607674158
0
0
0
DERIV 3
-0.0005932638231556826292
0
0
0
DERIV 4
0.0002502656048797361464
0
0
0
DERIV 5
-9.072507496929224494e-5
0
0
0
DERIV 6
2.9646155721928980643e-5
0
0
0
DERIV 7
-9.027513722672566161e-6
0
0
0
DERIV 8
2.622305407229023411e-6
0
0
0
DERIV 9
-7.384740119380058335e-7
0
0
0
DERIV 10
2.0381874930889316570e-7
0
0
0
DERIV 11
-5.552635030316456922e-8
0
0
0
DERIV 12
1.4999834976910215041e-8
0
0
0
DERIV 13
-4.029738971361480089e-9
0
0
0
DERIV 14
1.0786709948087617828e-9
0
0
0
DERIV 15
-2.880435708953018318e-10
0
0
0
DERIV 16
7.679652593966480659e-11
0
0
0
DERIV 17
-2.0454179599913162355e-11
0
0
0
DERIV 18
5.444372561756666360e-12
0
0
0
DERIV 19
-1.4486285990499079998e-12
0
0
0
DERIV 20
3.853840076833281652e-13
0
0
0
DERIV 21
-1.0252218983343359596e-13
0
0
0
DERIV 22
2.7275508703051518276e-14
0
0
0
DERIV 23
-7.257545331190323874e-15
0
0
0
DERIV 24
1.9314828427035587147e-15
0
0
0
DERIV 25
-5.141525037972064477e-16
0
0
0
DERIV 26
1.3690019284352590507e-16
0
0
0
DERIV 27
-3.646150506214602334e-17
0
0
0
DERIV 28
9.713780629821761578e-18
0
0
0
DERIV 29
-2.5886175224589167412e-18
0
0
0
DERIV 30
6.900405122975844825e-19
0
0
0
DERIV 31
-1.8399603780661007623e-19
0
0
0
DERIV 32
4.907595409624812834e-20
0
0
0
DERIV 33
-1.3093447575625693293e-20
0
0
0
DERIV 34
3.494317565107984863e-21
0
0
0
DERIV 35
-9.328065733180751766e-22
0
0
0
AT 15/4
0.0009601654803106387213
0
0
0
DERIV 1
-0.0013664272529564820691
0
0
0
DERIV 2
0.0010183768197189657558
0
0
0
DERIV 3
-0.0005341012983316071813
0
0
0
DERIV 4
0.00022357667366092797367
0
0
0
DERIV 5
-8.031382527554781214e-5
0
0
0
DERIV 6
2.5968918077647548128e-5
0
0
0
DERIV 7
-7.814506341241592770e-6
0
0
0
DERIV 8
2.240613046431118047e-6
0
0
0
DERIV 9
-6.222531156434961450e-7
0
0
0
DERIV 10
1.6924584103178171961e-7
0
0
0
DERIV 11
-4.541412070853788959e-8
0
0
0
DERIV 12
1.2079126637517897501e-8
0
0
0
DERIV 13
-3.194245758730988659e-9
0
0
0
DERIV 14
8.414717968556108809e-10
0
0
0
DERIV 15
-2.2110899997203223896e-10
0
0
0
DERIV 16
5.800173445533559084e-11
0
0
0
DERIV 17
-1.5198357928790132974e-11
0
0
0
DERIV 18
3.979689782693197175e-12
0
0
0
DERIV 19
-1.0416513031966663894e-12
0
0
0
DERIV 20
2.725864350190224223e-13
0
0
0
DERIV 21
-7.132769560549839421e-14
0
0
0
DERIV 22
1.8665084858229609053e-14
0
0
0
DERIV 23
-4.884866019921659763e-15
0
0
0
DERIV 24
1.2786454323296277525e-15
0
0
0
DERIV 25
-3.347645693886431582e-16
0
0
0
DERIV 26
8.766632168010960768e-17
0
0
0
DERIV 27
-2.2963512877385963756e-17
0
0
0
DERIV 28
6.016744740507315323e-18
0
0
0
DERIV 29
-1.5769064029613907118e-18
0
0
0
DERIV 30
4.134024573220279260e-19
0
0
0
DERIV 31
-1.0840854675914405105e-19
0
0
0
DERIV 32
2.843655165705771585e-20
0
0
0
DERIV 33
-7.461260410223493880e-21
0
0
0
DERIV 34
1.9582481776451972954e-21
0
0
0
DERIV 35
-5.140928460609203954e-22
0
0
0
AT 61/16
0.0008786147520634372430
0
0
0
DERIV 1
-0.0012451767955442851442
0
0
0
DERIV 2
0.0009232826168647145695
0
0
0
DERIV 3
-0.0004812216441349286022
0
0
0
DERIV 4
0.00019993576573488041335
0
0
0
DERIV 5
-7.118703822841441998e-5
0
0
0
DERIV 6
2.2782900513325782921e-5
0
0
0
DERIV 7
-6.776965659235705259e-6
0
0
0
DERIV 8
1.918603947920539061e-6
0
0
0
DERIV 9
-5.256159300969977370e-7
0
0
0
DERIV 10
1.4092699323938493405e-7
0
0
0
DERIV 11
-3.725761770826377989e-8
0
0
0
DERIV 12
9.759882508654787419e-9
0
0
0
DERIV 13
-2.541238283151518837e-9
0
0
0
DERIV 14
6.590221257492358179e-10
0
0
0
DERIV 15
-1.7044635977246704999e-10
0
0
0
DERIV 16
4.400438636497853845e-11
0
0
0
DERIV 17
-1.1347204087997751382e-11
0
0
0
DERIV 18
2.9238147934679762228e-12
0
0
0
DERIV 19
-7.530231520343192049e-13
0
0
0
DERIV 20
1.9389056133253866107e-13
0
0
0
DERIV 21
-4.991849282663740013e-14
0
0
0
DERIV 22
1.2852008263522415282e-14
0
0
0
DERIV 23
-3.3091797413206721854e-15
0
0
0
DERIV 24
8.521872410476967715e-16
0
0
0
DERIV 25
-2.1949943457124733871e-16
0
0
0
DERIV 26
5.654948097387519887e-17
0
0
0
DERIV 27
-1.4572359219922462237e-17
0
0
0
DERIV 28
3.756153747444112179e-18
0
0
0
DERIV 29
-9.684407898916116073e-19
0
0
0
DERIV 30
2.497590750685703468e-19
0
0
0
DERIV 31
-6.443012170446500322e-20
0
0
0
DERIV 32
1.6625552824614997439e-20
0
0
0
DERIV 33
-4.291231718550732231e-21
0
0
0
DERIV 34
1.1079120020168938616e-21
0
0
0
DERIV 35
-2.861174104268006638e-22
0
0
0
AT 31/8
0.0008042832735326689922
0
0
0
DERIV 1
-0.0011352158383538476800
0
0
0
DERIV 2
0.0008375708386204665191
0
0
0
DERIV 3
-0.0004339107211462697321
0
0
0
DERIV 4
0.00017896883107315953473
0
0
0
DERIV 5
-6.317412026940161750e-5
0
0
0
DERIV 6
2.0017481796189361647e-5
0
0
0
DERIV 7
-5.887630191969957867e-6
0
0
0
DERIV 8
1.6462871664035875319e-6
0
0
0
DERIV 9
-4.450434289766954944e-7
0
0
0
DERIV 10
1.1766075880394215066e-7
0
0
0
DERIV 11
-3.065679875202534746e-8
0
0
0
DERIV 12
7.911612495394649307e-9
0
0
0
DERIV 13
-2.028876695643486535e-9
0
0
0
DERIV 14
5.181005015621584564e-10
0
0
0
DERIV 15
-1.3192951978122456816e-10
0
0
0
DERIV 16
3.353069345619795846e-11
0
0
0
DERIV 17
-8.511199545380164842e-12
0
0
0
DERIV 18
2.1586288528698730493e-12
0
0
0
DERIV 19
-5.471914274100237621e-13
0
0
0
DERIV 20
1.3866645088649411668e-13
0
0
0
DERIV 21
-3.513534396591228646e-14
0
0
0
DERIV 22
8.902429792660590999e-15
0
0
0
DERIV 23
-2.2558050546997027118e-15
0
0
0
DERIV 24
5.716764997663345599e-16
0
0
0
DERIV 25
-1.4490207217962491935e-16
0
0
0
DERIV 26
3.673571926804776122e-17
0
0
0
DERIV 27
-9.315416518693519174e-18
0
0
0
DERIV 28
2.3627771158147798487e-18
0
0
0
DERIV 29
-5.994522369655685202e-19
0
0
0
DERIV 30
1.5212499344252349574e-19
0
0
0
DERIV 31
-3.861554375381307461e-20
0
0
0
DERIV 32
9.804822241667843741e-21
0
0
0
DERIV 33
-2.4901922747450466968e-21
0
0
0
DERIV 34
6.326166593802052315e-22
0
0
0
DERIV 35
-1.6075389364742598560e-22
0
0
0
AT 63/16
0.0007365007812609435925
0
0
0
DERIV 1
-0.0010354343082109170818
0
0
0
DERIV 2
0.0007602573931062842549
0
0
0
DERIV 3
-0.0003915415694299948261
0
0
0
DERIV 4
0.00016035121485557298632
0
0
0
DERIV 5
-5.612885461598847978e-5
0
0
0
DERIV 6
1.7612943320381758576e-5
0
0
0
DERIV 7
-5.123772343045749219e-6
0
0
0
DERIV 8
1.4154551954871852244e-6
0
0
0
DERIV 9
-3.776881201095442817e-7
0
0
0
DERIV 10
9.848980859851305254e-8
0
0
0
DERIV 11
-2.5297834829607209056e-8
0
0
0
DERIV 12
6.433546704170762275e-9
0
0
0
DERIV 13
-1.6253584995425709796e-9
0
0
0
DERIV 14
4.088161254749369115e-10
0
0
0
DERIV 15
-1.0252078226327412533e-10
0
0
0
DERIV 16
2.5657818875259738324e-11
0
0
0
DERIV 17
-6.412653159335740072e-12
0
0
0
DERIV 18
1.6012724682555799642e-12
0
0
0
DERIV 19
-3.996162886149005204e-13
0
0
0
DERIV 20
9.969483899964272376e-14
0
0
0
DERIV 21
-2.4867203762177906884e-14
0
0
0
DERIV 22
6.202395528133723110e-15
0
0
0
DERIV 23
-1.5470678704297602793e-15
0
0
0
DERIV 24
3.859272369689915898e-16
0
0
0
DERIV 25
-9.628723078967997802e-17
0
0
0
DERIV 26
2.4027825619553561936e-17
0
0
0
DERIV 27
-5.997271955716551456e-18
0
0
0
DERIV 28
1.4972496995771393343e-18
0
0
0
DERIV 29
-3.738877073749947704e-19
0
0
0
DERIV 30
9.338947753980217722e-20
0
0
0
DERIV 31
-2.3332775895016103570e-20
0
0
0
DERIV 32
5.831058095920000500e-21
0
0
0
DERIV 33
-1.4576080704430542700e-21
0
0
0
DERIV 34
3.644566630450837312e-22
0
0
0
DERIV 35
-9.115102725399957110e-23
0
0
0
AT 4
0.0006746626955038772817
0
0
0
DERIV 1
-0.0009448381024622266736
0
0
0
DERIV 2
0.0006904684780807214583
0
0
0
DERIV 3
-0.0003535629610438465278
0
0
0
DERIV 4
0.00014380064163893227893
0
0
0
DERIV 5
-4.992566154881716514e-5
0
0
0
DERIV 6
1.5518667568600204423e-5
0
0
0
DERIV 7
-4.466394380152989893e-6
0
0
0
DERIV 8
1.2193458808610995242e-6
0
0
0
DERIV 9
-3.212385013202236101e-7
0
0
0
DERIV 10
8.264866899288177812e-8
0
0
0
DERIV 11
-2.0933603874100480542e-8
0
0
0
DERIV 12
5.247552263000544191e-9
0
0
0
DERIV 13
-1.3064064402872720744e-9
0
0
0
DERIV 14
3.237359490438156721e-10
0
0
0
DERIV 15
-7.997291900660072793e-11
0
0
0
DERIV 16
1.9713761237742589404e-11
0
0
0
DERIV 17
-4.852529762285174559e-12
0
0
0
DERIV 18
1.1932914185248441722e-12
0
0
0
DERIV 19
-2.932590140489451137e-13
0
0
0
DERIV 20
7.204242282308251892e-14
0
0
0
DERIV 21
-1.7694323703409891567e-14
0
0
0
DERIV 22
4.345546768511764568e-15
0
0
0
DERIV 23
-1.0672371812256974413e-15
0
0
0
DERIV 24
2.621283168400122823e-16
0
0
0
DERIV 25
-6.439109340775519584e-17
0
0
0
DERIV 26
1.5820235307517586674e-17
0
0
0
DERIV 27
-3.887650880629226323e-18
0
0
0
DERIV 28
9.555584137599079393e-19
0
0
0
DERIV 29
-2.349247488286891307e-19
0
0
0
DERIV 30
5.777044848186240164e-20
0
0
0
DERIV 31
-1.4209883164425959259e-20
0
0
0
DERIV 32
3.496103365804044004e-21
0
0
0
DERIV 33
-8.603740424260455840e-22
0
0
0
DERIV 34
2.117869561849448231e-22
0
0
0
DERIV 35
-5.214576746613727563e-23
0
0
0
AT 33/8
0.0005666895911157056407
0
0
0
DERIV 1
-0.0007877290218668800848
0
0
0
DERIV 2
0.0005704426608886466491
0
0
0
DERIV 3
-0.0002888935064418046987
0
0
0
DERIV 4
0.00011594863721635759624
0
0
0
DERIV 5
-3.962811182430081678e-5
0
0
0
DERIV 6
1.2095292812924779373e-5
0
0
0
DERIV 7
-3.409942137840348186e-6
0
0
0
DERIV 8
9.099050628525756204e-7
0
0
0
DERIV 9
-2.3387236725629213146e-7
0
0
0
DERIV 10
5.861909867756492324e-8
0
0
0
DERIV 11
-1.4448537793830388149e-8
0
0
0
DERIV 12
3.521805296309008036e-9
0
0
0
DERIV 13
-8.520476320925390188e-10
0
0
0
DERIV 14
2.0510241701423331041e-10
0
0
0
DERIV 15
-4.920197356658832428e-11
0
0
0
DERIV 16
1.1775182856710518820e-11
0
0
0
DERIV 17
-2.8135023892046260205e-12
0
0
0
DERIV 18
6.714993409087085505e-13
0
0
0
DERIV 19
-1.6014808665484722843e-13
0
0
0
DERIV 20
3.817600291657833294e-14
0
0
0
DERIV 21
-9.097776761144274183e-15
0
0
0
DERIV 22
2.1677923959705880618e-15
0
0
0
DERIV 23
-5.165153018742763359e-16
0
0
0
DERIV 24
1.2307379431246369590e-16
0
0
0
DERIV 25
-2.932851131876600069e-17
0
0
0
DERIV 26
6.989967093248470902e-18
0
0
0
DERIV 27
-1.6662289664063053294e-18
0
0
0
DERIV 28
3.972635293805543887e-19
0
0
0
DERIV 29
-9.473585140286170282e-20
0
0
0
DERIV 30
2.2596785847185471076e-20
0
0
0
DERIV 31
-5.391119034692179423e-21
0
0
0
DERIV 32
1.2865098419840685453e-21
0
0
0
DERIV 33
-3.070790802571349456e-22
0
0
0
DERIV 34
7.331460166708607930e-23
0
0
0
DERIV 35
-1.7507875815582065007e-23
0
0
0
AT 17/4
0.0004765995278141592633
0
0
0
DERIV 1
-0.0006578006381821079052
0
0
0
DERIV 2
0.0004722459964366287270
0
0
0
DERIV 3
-0.00023666626232942265698
0
0
0
DERIV 4
9.379749569667269733e-5
0
0
0
DERIV 5
-3.158277631863194089e-5
0
0
0
DERIV 6
9.474120635447716261e-6
0
0
0
DERIV 7
-2.618935635110381329e-6
0
0
0
DERIV 8
6.837532871849169046e-7
0
0
0
DERIV 9
-1.7163901229109831389e-7
0
0
0
DERIV 10
4.195422253289431221e-8
0
0
0
DERIV 11
-1.0073398228104324704e-8
0
0
0
DERIV 12
2.389878283579804645e-9
0
0
0
DERIV 13
-5.624357697355730534e-10
0
0
0
DERIV 14
1.3164050745846215238e-10
0
0
0
DERIV 15
-3.069530290889017608e-11
0
0
0
DERIV 16
7.138769414613712985e-12
0
0
0
DERIV 17
-1.6572549724401868792e-12
0
0
0
DERIV 18
3.842478466933951042e-13
0
0
0
DERIV 19
-8.901466441484211850e-14
0
0
0
DERIV 20
2.0609326316480747762e-14
0
0
0
DERIV 21
-4.769895930484328652e-15
0
0
0
DERIV 22
1.1037326697997912464e-15
0
0
0
DERIV 23
-2.553751487468758210e-16
0
0
0
DERIV 24
5.908678836366397622e-17
0
0
0
DERIV 25
-1.3671844034958206174e-17
0
0
0
DERIV 26
3.1638049856420504535e-18
0
0
0
DERIV 27
-7.322406943867992430e-19
0
0
0
DERIV 28
1.6950057104724744179e-19
0
0
0
DERIV 29
-3.924371597635871370e-20
0
0
0
DERIV 30
9.087759962573891589e-21
0
0
0
DERIV 31
-2.1049199944841715323e-21
0
0
0
DERIV 32
4.876510659311398365e-22
0
0
0
DERIV 33
-1.1300022114914110467e-22
0
0
0
DERIV 34
2.6190679004366662716e-23
0
0
0
DERIV 35
-6.071719598702506324e-24
0
0
0
AT 35/8
0.0004013130238230953363
0
0
0
DERIV 1
-0.0005501369630288234676
0
0
0
DERIV 2
0.0003917058992505495713
0
0
0
DERIV 3
-0.00019435350321399380417
0
0
0
DERIV 4
7.611078605772253556e-5
0
0
0
DERIV 5
-2.5266712738527084142e-5
0
0
0
DERIV 6
7.455551425727638262e-6
0
0
0
DERIV 7
-2.022653563234885973e-6
0
0
0
DERIV 8
5.171802956771670419e-7
0
0
0
DERIV 9
-1.2691684564341225299e-7
0
0
0
DERIV 10
3.028325038034193462e-8
0
0
0
DERIV 11
-7.089811675886430796e-9
0
0
0
DERIV 12
1.6387027201783641859e-9
0
0
0
DERIV 13
-3.754873239432992960e-10
0
0
0
DERIV 14
8.552924030962183451e-11
0
0
0
DERIV 15
-1.9402422844927621922e-11
0
0
0
DERIV 16
4.388930453647719702e-12
0
0
0
DERIV 17
-9.908174925647666862e-13
0
0
0
DERIV 18
2.2336778360662465859e-13
0
0
0
DERIV 19
-5.030652572086451246e-14
0
0
0
DERIV 20
1.1322410929887761604e-14
0
0
0
DERIV 21
-2.5471964693012927808e-15
0
0
0
DERIV 22
5.728852466563708431e-16
0
0
0
DERIV 23
-1.2882757280075596455e-16
0
0
0
DERIV 24
2.896855545393092780e-17
0
0
0
DERIV 25
-6.514071088242605794e-18
0
0
0
DERIV 26
1.4649036797674126819e-18
0
0
0
DERIV 27
-3.294686838704490815e-19
0
0
0
DERIV 28
7.411070019625979895e-20
0
0
0
DERIV 29
-1.6673211028418242133e-20
0
0
0
DERIV 30
3.751771521788008972e-21
0
0
0
DERIV 31
-8.443792458236153288e-22
0
0
0
DERIV 32
1.9007561177065384033e-22
0
0
0
DERIV 33
-4.279621227362634485e-23
0
0
0
DERIV 34
9.637753136555286368e-24
0
0
0
DERIV 35
-2.1708932601596721343e-24
0
0
0
AT 9/2
0.0003383045495964182264
0
0
0
DERIV 1
-0.0004607557232699143130
0
0
0
DERIV 2
0.0003254912911841214835
0
0
0
DERIV 3
-0.00015997124013945410192
0
0
0
DERIV 4
6.193659182632847498e-5
0
0
0
DERIV 5
-2.0285848967660951762e-5
0
0
0
DERIV 6
5.892631773646392102e-6
0
0
0
DERIV 7
-1.5703002748188993439e-6
0
0
0
DERIV 8
3.935911645024153756e-7
0
0
0
DERIV 9
-9.451212712276283125e-8
0
0
0
DERIV 10
2.2034175990860835933e-8
0
0
0
DERIV 11
-5.034501275703019488e-9
0
0
0
DERIV 12
1.1346830597253386458e-9
0
0
0
DERIV 13
-2.533649919607897042e-10
0
0
0
DERIV 14
5.621357539664007135e-11
0
0
0
DERIV 15
-1.2416788267356898657e-11
0
0
0
DERIV 16
2.7341830625684796079e-12
0
0
0
DERIV 17
-6.007494064504514497e-13
0
0
0
DERIV 18
1.3179077600558467930e-13
0
0
0
DERIV 19
-2.888026896890057994e-14
0
0
0
DERIV 20
6.323914384983068524e-15
0
0
0
DERIV 21
-1.3840285108571979545e-15
0
0
0
DERIV 22
3.028007819880430449e-16
0
0
0
DERIV 23
-6.623396826745822779e-17
0
0
0
DERIV 24
1.4486413377469787550e-17
0
0
0
DERIV 25
-3.1683345753893790817e-18
0
0
0
DERIV 26
6.929739974495163698e-19
0
0
0
DERIV 27
-1.5157868053628915004e-19
0
0
0
DERIV 28
3.315961140751116867e-20
0
0
0
DERIV 29
-7.255078084479633648e-21
0
0
0
DERIV 30
1.5876124868972918442e-21
0
0
0
DERIV 31
-3.474744611225041138e-22
0
0
0
DERIV 32
7.606445085197062932e-23
0
0
0
DERIV 33
-1.6654215347472462054e-23
0
0
0
DERIV 34
3.647138749986136201e-24
0
0
0
DERIV 35
-7.988537737404450216e-25
0
0
0
AT 37/8
0.0002854979656998960337
0
0
0
DERIV 1
-0.0003864213972371213085
0
0
0
DERIV 2
0.0002709330372077373822
0
0
0
DERIV 3
-0.00013195520172271278593
0
0
0
DERIV 4
5.053805693145620219e-5
0
0
0
DERIV 5
-1.6341327247542948949e-5
0
0
0
DERIV 6
4.676371773435251921e-6
0
0
0
DERIV 7
-1.2250876793778451105e-6
0
0
0
DERIV 8
3.012631374427499281e-7
0
0
0
DERIV 9
-7.084938861532436404e-8
0
0
0
DERIV 10
1.6153028632781619285e-8
0
0
0
DERIV 11
-3.605100866024664521e-9
0
0
0
DERIV 12
7.929693070278341075e-10
0
0
0
DERIV 13
-1.7268939494988347250e-10
0
0
0
DERIV 14
3.734989259490938994e-11
0
0
0
DERIV 15
-8.039573713067968911e-12
0
0
0
DERIV 16
1.7246945937393181631e-12
0
0
0
DERIV 17
-3.691063136876596240e-13
0
0
0
DERIV 18
7.885855280548061405e-14
0
0
0
DERIV 19
-1.6827398479281682915e-14
0
0
0
DERIV 20
3.587652996390996150e-15
0
0
0
DERIV 21
-7.644389622236156226e-16
0
0
0
DERIV 22
1.6281663505568188551e-16
0
0
0
DERIV 23
-3.466905190920527009e-17
0
0
0
DERIV 24
7.381092006195067221e-18
0
0
0
DERIV 25
-1.5713448092898411438e-18
0
0
0
DERIV 26
3.345204833771227537e-19
0
0
0
DERIV 27
-7.121899370475878172e-20
0
0
0
DERIV 28
1.5163776019900811304e-20
0
0
0
DERIV 29
-3.2290139242826000042e-21
0
0
0
DERIV 30
6.876906034355504638e-22
0
0
0
DERIV 31
-1.4648194309586858932e-22
0
0
0
DERIV 32
3.120673064782790839e-23
0
0
0
DERIV 33
-6.649507902039432775e-24
0
0
0
DERIV 34
1.4171326491140249774e-24
0
0
0
DERIV 35
-3.020737930313222768e-25
0
0
0
AT 19/4
0.00024118275171555541257
0
0
0
DERIV 1
-0.0003244978326871358573
0
0
0
DERIV 2
0.00022588498411932474933
0
0
0
DERIV 3
-0.00010906681010403881200
0
0
0
DERIV 4
4.134189431208045481e-5
0
0
0
DERIV 5
-1.3205140948676912191e-5
0
0
0
DERIV 6
3.725378938380689624e-6
0
0
0
DERIV 7
-9.601638132082085906e-7
0
0
0
DERIV 8
2.3184282533851276742e-7
0
0
0
DERIV 9
-5.344351479645763162e-8
0
0
0
DERIV 10
1.1925741744806493535e-8
0
0
0
DERIV 11
-2.602024267470720610e-9
0
0
0
DERIV 12
5.590132219481269634e-10
0
0
0
DERIV 13
-1.1882609299410003566e-10
0
0
0
DERIV 14
2.5072707444629514772e-11
0
0
0
DERIV 15
-5.263226673073142216e-12
0
0
0
DERIV 16
1.1008293066453665531e-12
0
0
0
DERIV 17
-2.296455044986156153e-13
0
0
0
DERIV 18
4.781720625239016779e-14
0
0
0
DERIV 19
-9.943200432074504849e-15
0
0
0
DERIV 20
2.0656140624996711545e-15
0
0
0
DERIV 21
-4.288199252557515633e-16
0
0
0
DERIV 22
8.898040967211933831e-17
0
0
0
DERIV 23
-1.8457633844785208824e-17
0
0
0
DERIV 24
3.827999848714662208e-18
0
0
0
DERIV 25
-7.938197514944743101e-19
0
0
0
DERIV 26
1.6461015239123945666e-19
0
0
0
DERIV 27
-3.413498118728338056e-20
0
0
0
DERIV 28
7.078956916197250535e-21
0
0
0
DERIV 29
-1.4681805360836263405e-21
0
0
0
DERIV 30
3.045376789579900884e-22
0
0
0
DERIV 31
-6.317746784585103019e-23
0
0
0
DERIV 32
1.3108386180690034559e-23
0
0
0
DERIV 33
-2.7202366937977393573e-24
0
0
0
DERIV 34
5.645962311031496471e-25
0
0
0
DERIV 35
-1.1720480492025950254e-25
0
0
0
AT 39/8
0.00020394665840682151036
0
0
0
DERIV 1
-0.0002728315720337201058
0
0
0
DERIV 2
0.00018861587129571276639
0
0
0
DERIV 3
-9.032146838291187400e-5
0
0
0
DERIV 4
3.389994652552289265e-5
0
0
0
DERIV 5
-1.0702359370794993796e-5
0
0
0
DERIV 6
2.978475379665121285e-6
0
0
0
DERIV 7
-7.557847323948974752e-7
0
0
0
DERIV 8
1.7932877675734866073e-7
0
0
0
DERIV 9
-4.055155652702063953e-8
0
0
0
DERIV 10
8.863741909186578160e-9
0
0
0
DERIV 11
-1.892116005045419004e-9
0
0
0
DERIV 12
3.973427282848391456e-10
0
0
0
DERIV 13
-8.250169544453799145e-11
0
0
0
DERIV 14
1.6995692064377932869e-11
0
0
0
DERIV 15
-3.4818699266037973291e-12
0
0
0
DERIV 16
7.105276964645192809e-13
0
0
0
DERIV 17
-1.4458615852526018414e-13
0
0
0
DERIV 18
2.936222315651660275e-14
0
0
0
DERIV 19
-5.954020649251833613e-15
0
0
0
DERIV 20
1.2060557286989282558e-15
0
0
0
DERIV 21
-2.441126343458839877e-16
0
0
0
DERIV 22
4.938286604529371592e-17
0
0
0
DERIV 23
-9.986170811259677778e-18
0
0
0
DERIV 24
2.0188980125914671968e-18
0
0
0
DERIV 25
-4.080989392858695854e-19
0
0
0
DERIV 26
8.248698554561785297e-20
0
0
0
DERIV 27
-1.6672471620152968855e-20
0
0
0
DERIV 28
3.3699936397911924813e-21
0
0
0
DERIV 29
-6.812212831014889037e-22
0
0
0
DERIV 30
1.3771757750985681631e-22
0
0
0
DERIV 31
-2.784465558340143806e-23
0
0
0
DERIV 32
5.630574889977434248e-24
0
0
0
DERIV 33
-1.1387474748689834040e-24
0
0
0
DERIV 34
2.303403006112624952e-25
0
0
0
DERIV 35
-4.659970490819153075e-26
0
0
0
AT 5
0.00017262138652970101388
0
0
0
DERIV 1
-0.00022965911825506516862
0
0
0
DERIV 2
0.00015772485180721586393
0
0
0
DERIV 3
-7.493355623364584932e-5
0
0
0
DERIV 4
2.7860302699457697257e-5
0
0
0
DERIV 5
-8.698063076671017901e-6
0
0
0
DERIV 6
2.389396187584289449e-6
0
0
0
DERIV 7
-5.973321174397640668e-7
0
0
0
DERIV 8
1.3937579314500733588e-7
0
0
0
DERIV 9
-3.094060909905903082e-8
0
0
0
DERIV 10
6.629611991213766982e-9
0
0
0
DERIV 11
-1.3856400110058570298e-9
0
0
0
DERIV 12
2.846393367133542434e-10
0
0
0
DERIV 13
-5.777144695159913524e-11
0
0
0
DERIV 14
1.1627385375348414242e-11
0
0
0
DERIV 15
-2.3263744522762924540e-12
0
0
0
DERIV 16
4.634956982347539978e-13
0
0
0
DERIV 17
-9.206474007035530412e-14
0
0
0
DERIV 18
1.8246669174888766364e-14
0
0
0
DERIV 19
-3.610563387604316425e-15
0
0
0
DERIV 20
7.136011102293788570e-16
0
0
0
DERIV 21
-1.4091723831996417174e-16
0
0
0
DERIV 22
2.781023979612160060e-17
0
0
0
DERIV 23
-5.486002550864221459e-18
0
0
0
DERIV 24
1.0818773293763842640e-18
0
0
0
DERIV 25
-2.1331285256908461375e-19
0
0
0
DERIV 26
4.205414647850497078e-20
0
0
0
DERIV 27
-8.290510444287433743e-21
0
0
0
DERIV 28
1.6343914925621130369e-21
0
0
0
DERIV 29
-3.222183437853866973e-22
0
0
0
DERIV 30
6.352973246977225319e-23
0
0
0
DERIV 31
-1.2526989472429031375e-23
0
0
0
DERIV 32
2.4704002515734469860e-24
0
0
0
DERIV 33
-4.872423353354564107e-25
0
0
0
DERIV 34
9.611351831948520768e-26
0
0
0
DERIV 35
-1.8962220856424354129e-26
0
0
0
AT 41/8
0.00014623863818125692267
0
0
0
DERIV 1
-0.00019353295281307361479
0
0
0
DERIV 2
0.00013207516934470617080
0
0
0
DERIV 3
-6.227401696456069061e-5
0
0
0
DERIV 4
2.2945462795979617091e-5
0
0
0
DERIV 5
-7.087674450200044817e-6
0
0
0
DERIV 6
1.922952619455253761e-6
0
0
0
DERIV 7
-4.739117179272406886e-7
0
0
0
DERIV 8
1.0881476560907629223e-7
0
0
0
DERIV 9
-2.3731488771071809363e-8
0
0
0
DERIV 10
4.988262230161013297e-9
0
0
0
DERIV 11
-1.0215411820753345879e-9
0
0
0
DERIV 12
2.0541581295751386455e-10
0
0
0
DERIV 13
-4.078235474707926818e-11
0
0
0
DERIV 14
8.024662731251644688e-12
0
0
0
DERIV 15
-1.5690460584369183284e-12
0
0
0
DERIV 16
3.054096956175368197e-13
0
0
0
DERIV 17
-5.925333383927535165e-14
0
0
0
DERIV 18
1.1468572606522610046e-14
0
0
0
DERIV 19
-2.2158859260237301835e-15
0
0
0
DERIV 20
4.275894333534716858e-16
0
0
0
DERIV 21
-8.243202079647560355e-17
0
0
0
DERIV 22
1.5880534921317704668e-17
0
0
0
DERIV 23
-3.0578660736888893689e-18
0
0
0
DERIV 24
5.885999160607270893e-19
0
0
0
DERIV 25
-1.1327130435030897109e-19
0
0
0
DERIV 26
2.1794959761044125567e-20
0
0
0
DERIV 27
-4.193327202268673192e-21
0
0
0
DERIV 28
8.067732289402984525e-22
0
0
0
DERIV 29
-1.5522180634717144340e-22
0
0
0
DERIV 30
2.986599815191260764e-23
0
0
0
DERIV 31
-5.746928276335944348e-24
0
0
0
DERIV 32
1.1059560817237793787e-24
0
0
0
DERIV 33
-2.128581530766768750e-25
0
0
0
DERIV 34
4.097305653029781324e-26
0
0
0
DERIV 35
-7.887987059374408064e-27
0
0
0
AT 21/4
0.00012399445739803597005
0
0
0
DERIV 1
-0.00016326230568930867430
0
0
0
DERIV 2
0.00011074186855419963402
0
0
0
DERIV 3
-5.183749026726750995e-5
0
0
0
DERIV 4
1.8935734191749690932e-5
0
0
0
DERIV 5
-5.789754038358931439e-6
0
0
0
DERIV 6
1.5522349139352303104e-6
0
0
0
DERIV 7
-3.773543822159699374e-7
0
0
0
DERIV 8
8.531831499894679515e-8
0
0
0
DERIV 9
-1.8292440416379851048e-8
0
0
0
DERIV 10
3.774523513315597181e-9
0
0
0
DERIV 11
-7.579007329693798590e-10
0
0
0
DERIV 12
1.4928546360850834178e-10
0
0
0
DERIV 13
-2.9011014472730862787e-11
0
0
0
DERIV 14
5.584489158229346962e-12
0
0
0
DERIV 15
-1.0677723770469179610e-12
0
0
0
DERIV 16
2.0317845563363923677e-13
0
0
0
DERIV 17
-3.852633406665045229e-14
0
0
0
DERIV 18
7.286618537375602877e-15
0
0
0
DERIV 19
-1.3755441535353192994e-15
0
0
0
DERIV 20
2.593078885949677820e-16
0
0
0
DERIV 21
-4.883225634450512693e-17
0
0
0
DERIV 22
9.188943150467468770e-18
0
0
0
DERIV 23
-1.7281500873207166282e-18
0
0
0
DERIV 24
3.248800195091062221e-19
0
0
0
DERIV 25
-6.105808493080882785e-20
0
0
0
DERIV 26
1.1473164764415235525e-20
0
0
0
DERIV 27
-2.1556360990527588231e-21
0
0
0
DERIV 28
4.049908563954901119e-22
0
0
0
DERIV 29
-7.608736783836816385e-23
0
0
0
DERIV 30
1.4295300379149644311e-23
0
0
0
DERIV 31
-2.6859621065001255008e-24
0
0
0
DERIV 32
5.047103343417438584e-25
0
0
0
DERIV 33
-9.484795555302678078e-26
0
0
0
DERIV 34
1.7826384116655213311e-26
0
0
0
DERIV 35
-3.350832668180167001e-27
0
0
0
AT 43/8
0.00010522021782388491830
0
0
0
DERIV 1
-0.00013786557859233472415
0
0
0
DERIV 2
9.297040507893209382e-5
0
0
0
DERIV 3
-4.321672237237553395e-5
0
0
0
DERIV 4
1.5656537913030243878e-5
0
0
0
DERIV 5
-4.740600529552198240e-6
0
0
0
DERIV 6
1.2565588245408397409e-6
0
0
0
DERIV 7
-3.014985452837154419e-7
0
0
0
DERIV 8
6.716599851829023577e-8
0
0
0
DERIV 9
-1.4166203188484052242e-8
0
0
0
DERIV 10
2.871428044839720270e-9
0
0
0
DERIV 11
-5.656899562367903643e-10
0
0
0
DERIV 12
1.0921760020635190977e-10
0
0
0
DERIV 13
-2.0788360051477989310e-11
0
0
0
DERIV 14
3.917199059395620417e-12
0
0
0
DERIV 15
-7.328592582239850903e-13
0
0
0
DERIV 16
1.3640507050067995739e-13
0
0
0
DERIV 17
-2.5293942823630519772e-14
0
0
0
DERIV 18
4.677461677129636290e-15
0
0
0
DERIV 19
-8.632191914358465579e-16
0
0
0
DERIV 20
1.5906496322104623991e-16
0
0
0
DERIV 21
-2.927772691668512431e-17
0
0
0
DERIV 22
5.384367509351939964e-18
0
0
0
DERIV 23
-9.896043087790533016e-19
0
0
0
DERIV 24
1.8179876940109661490e-19
0
0
0
DERIV 25
-3.338714315998479808e-20
0
0
0
DERIV 26
6.130142940377960895e-21
0
0
0
DERIV 27
-1.1253809289501833324e-21
0
0
0
DERIV 28
2.0658243225778832235e-22
0
0
0
DERIV 29
-3.792046872081927337e-23
0
0
0
DERIV 30
6.960775224067118896e-24
0
0
0
DERIV 31
-1.2777877667094940206e-24
0
0
0
DERIV 32
2.345783032727628059e-25
0
0
0
DERIV 33
-4.306788109726255012e-26
0
0
0
DERIV 34
7.907923645562765499e-27
0
0
0
DERIV 35
-1.4521785481431388917e-27
0
0
0
AT 11/2
8.935895779714851238e-5
0
0
0
DERIV 1
-0.00011653200906650229779
0
0
0
DERIV 2
7.814376013768313143e-5
0
0
0
DERIV 3
-3.608255379581877775e-5
0
0
0
DERIV 4
1.2968653903130441583e-5
0
0
0
DERIV 5
-3.890178991730682977e-6
0
0
0
DERIV 6
1.0199481887301301872e-6
0
0
0
DERIV 7
-2.416711108773218620e-7
0
0
0
DERIV 8
5.307811549121965910e-8
0
0
0
DERIV 9
-1.1019531285637193079e-8
0
0
0
DERIV 10
2.195516842621979600e-9
0
0
0
DERIV 11
-4.246416567741181843e-10
0
0
0
DERIV 12
8.041115585288540315e-11
0
0
0
DERIV 13
-1.4999973798693511160e-11
0
0
0
DERIV 14
2.7684640043170883185e-12
0
0
0
DERIV 15
-5.070912852283095511e-13
0
0
0
DERIV 16
9.237518366089092619e-14
0
0
0
DERIV 17
-1.6760705769515462820e-14
0
0
0
DERIV 18
3.0321726312284785375e-15
0
0
0
DERIV 19
-5.473535053501441660e-16
0
0
0
DERIV 20
9.864454408347931874e-17
0
0
0
DERIV 21
-1.7756041895519996523e-17
0
0
0
DERIV 22
3.1931537649913126643e-18
0
0
0
DERIV 23
-5.738454018433747504e-19
0
0
0
DERIV 24
1.0307393288858133175e-19
0
0
0
DERIV 25
-1.8507243097724329173e-20
0
0
0
DERIV 26
3.3221596965635918779e-21
0
0
0
DERIV 27
-5.962413755844714437e-22
0
0
0
DERIV 28
1.0699802316107952816e-22
0
0
0
DERIV 29
-1.9200150363295981156e-23
0
0
0
DERIV 30
3.445301296461764104e-24
0
0
0
DERIV 31
-6.182415947933463018e-25
0
0
0
DERIV 32
1.1094543254574199732e-25
0
0
0
DERIV 33
-1.9910868503342789164e-26
0
0
0
DERIV 34
3.573617013342371633e-27
0
0
0
DERIV 35
-6.414587613035981712e-28
0
0
0
AT 45/8
7.594603041317198858e-5
0
0
0
DERIV 1
-9.859068938479306928e-5
0
0
0
DERIV 2
6.575621947741536644e-5
0
0
0
DERIV 3
-3.0168203346139687080e-5
0
0
0
DERIV 4
1.0760688322446063580e-5
0
0
0
DERIV 5
-3.199033578939448300e-6
0
0
0
DERIV 6
8.300065980687447702e-7
0
0
0
DERIV 7
-1.9430926964160667162e-7
0
0
0
DERIV 8
4.209717690808387218e-8
0
0
0
DERIV 9
-8.607968449637545094e-9
0
0
0
DERIV 10
1.6868124498273010712e-9
0
0
0
DERIV 11
-3.204953592806576202e-10
0
0
0
DERIV 12
5.956005317745894448e-11
0
0
0
DERIV 13
-1.0895072333397218169e-11
0
0
0
DERIV 14
1.9706956730804118753e-12
0
0
0
DERIV 15
-3.535996057055358800e-13
0
0
0
DERIV 16
6.307806462619756190e-14
0
0
0
DERIV 17
-1.1204722965429386286e-14
0
0
0
DERIV 18
1.9840972666086050591e-15
0
0
0
DERIV 19
-3.505181619217782780e-16
0
0
0
DERIV 20
6.181537563486355295e-17
0
0
0
DERIV 21
-1.0886993254222553393e-17
0
0
0
DERIV 22
1.9155137701893901061e-18
0
0
0
DERIV 23
-3.367714599974121546e-19
0
0
0
DERIV 24
5.917524749955716134e-20
0
0
0
DERIV 25
-1.0393539064918764529e-20
0
0
0
DERIV 26
1.8249682083020106613e-21
0
0
0
DERIV 27
-3.203723128508867088e-22
0
0
0
DERIV 28
5.623331120573320800e-23
0
0
0
DERIV 29
-9.869523264677197259e-24
0
0
0
DERIV 30
1.7321375230798888385e-24
0
0
0
DERIV 31
-3.039961818709920719e-25
0
0
0
DERIV 32
5.335390254933086190e-26
0
0
0
DERIV 33
-9.364546924994807821e-27
0
0
0
DERIV 34
1.6437586223930126281e-27
0
0
0
DERIV 35
-2.885536294502017818e-28
0
0
0
AT 23/4
6.459324546767894861e-5
0
0
0
DERIV 1
-8.348545929383449616e-5
0
0
0
DERIV 2
5.539239602947774012e-5
0
0
0
DERIV 3
-2.5256877127827672417e-5
0
0
0
DERIV 4
8.943229909041107520e-6
0
0
0
DERIV 5
-2.635934347508678661e-6
0
0
0
DERIV 6
6.770734219477746876e-7
0
0
0
DERIV 7
-1.5668317814075849060e-7
0
0
0
DERIV 8
3.350275919852724294e-8
0
0
0
DERIV 9
-6.751074246745739994e-9
0
0
0
DERIV 10
1.3019177469120844127e-9
0
0
0
DERIV 11
-2.431425372491455185e-10
0
0
0
DERIV 12
4.436945396672119838e-11
0
0
0
DERIV 13
-7.963513510255672670e-12
0
0
0
DERIV 14
1.4124529575115186873e-12
0
0
0
DERIV 15
-2.483959087703906411e-13
0
0
0
DERIV 16
4.341474429848671463e-14
0
0
0
DERIV 17
-7.553898052989385536e-15
0
0
0
DERIV 18
1.3099535909959223590e-15
0
0
0
DERIV 19
-2.265989492982195922e-16
0
0
0
DERIV 20
3.912407811705655333e-17
0
0
0
DERIV 21
-6.745470938721494759e-18
0
0
0
DERIV 22
1.1617450428417135494e-18
0
0
0
DERIV 23
-1.9991838064856222182e-19
0
0
0
DERIV 24
3.438150543442756384e-20
0
0
0
DERIV 25
-5.910100617906648298e-21
0
0
0
DERIV 26
1.0155834975613545083e-21
0
0
0
DERIV 27
-1.7447330031592523631e-22
0
0
0
DERIV 28
2.996871361482393987e-23
0
0
0
DERIV 29
-5.147063355126739457e-24
0
0
0
DERIV 30
8.839433831129425583e-25
0
0
0
DERIV 31
-1.5180286602746489899e-25
0
0
0
DERIV 32
2.606992707578195564e-26
0
0
0
DERIV 33
-4.477288205592915508e-27
0
0
0
DERIV 34
7.689791879914925992e-28
0
0
0
DERIV 35
-1.3208259218797809969e-28
0
0
0
AT 47/8
5.497584487924264571e-5
0
0
0
DERIV 1
-7.075450519523293093e-5
0
0
0
DERIV 2
4.671039438728845719e-5
0
0
0
DERIV 3
-2.1171962415486695431e-5
0
0
0
DERIV 4
7.444296864532047317e-6
0
0
0
DERIV 5
-2.176074659274449993e-6
0
0
0
DERIV 6
5.535889708421745700e-7
0
0
0
DERIV 7
-1.2669132785783150663e-7
0
0
0
DERIV 8
2.6749919810451779973e-8
0
0
0
DERIV 9
-5.314871017255264868e-9
0
0
0
DERIV 10
1.0092280660953885514e-9
0
0
0
DERIV 11
-1.8536705153801629957e-10
0
0
0
DERIV 12
3.323428543649735081e-11
0
0
0
DERIV 13
-5.855829288718483584e-12
0
0
0
DERIV 14
1.0189844019399623775e-12
0
0
0
DERIV 15
-1.7572793913118822302e-13
0
0
0
DERIV 16
3.010786064590940515e-14
0
0
0
DERIV 17
-5.133828727246515990e-15
0
0
0
DERIV 18
8.722941195873229659e-16
0
0
0
DERIV 19
-1.4781931479699158033e-16
0
0
0
DERIV 20
2.4999310304048853394e-17
0
0
0
DERIV 21
-4.221455253041020387e-18
0
0
0
DERIV 22
7.120171199511143344e-19
0
0
0
DERIV 23
-1.1998641199654756947e-19
0
0
0
DERIV 24
2.0205934504515434375e-20
0
0
0
DERIV 25
-3.400967731952270870e-21
0
0
0
DERIV 26
5.722144848365006360e-22
0
0
0
DERIV 27
-9.624812488495105784e-23
0
0
0
DERIV 28
1.6185945429817295576e-23
0
0
0
DERIV 29
-2.7216009111101911721e-24
0
0
0
DERIV 30
4.575873897246748709e-25
0
0
0
DERIV 31
-7.693166867214329670e-26
0
0
0
DERIV 32
1.2933989655794129475e-26
0
0
0
DERIV 33
-2.1745432566304874664e-27
0
0
0
DERIV 34
3.656128353767069201e-28
0
0
0
DERIV 35
-6.147527260345247758e-29
0
0
0
AT 6
4.682178325272687557e-5
0
0
0
DERIV 1
-6.001374202710977663e-5
0
0
0
DERIV 2
3.942825873373634950e-5
0
0
0
DERIV 3
-1.7769239578952578600e-5
0
0
0
DERIV 4
6.205774572925847276e-6
0
0
0
DERIV 5
-1.7996837983592992982e-6
0
0
0
DERIV 6
4.536144195228044970e-7
0
0
0
DERIV 7
-1.0270865298342223708e-7
0
0
0
DERIV 8
2.1424363483436822151e-8
0
0
0
DERIV 9
-4.199318526217416587e-9
0
0
0
DERIV 10
7.855839915543895002e-10
0
0
0
DERIV 11
-1.4198275915387571139e-10
0
0
0
DERIV 12
2.5023733729361998598e-11
0
0
0
DERIV 13
-4.330749139315349845e-12
0
0
0
DERIV 14
7.397310737666889881e-13
0
0
0
DERIV 15
-1.2516025590703881156e-13
0
0
0
DERIV 16
2.1031181781796136861e-14
0
0
0
DERIV 17
-3.5160983400649638633e-15
0
0
0
DERIV 18
5.856320758821048890e-16
0
0
0
DERIV 19
-9.726639014468572806e-17
0
0
0
DERIV 20
1.6120265219730637516e-17
0
0
0
DERIV 21
-2.6673078546974438158e-18
0
0
0
DERIV 22
4.407892802020572019e-19
0
0
0
DERIV 23
-7.277323446540262579e-20
0
0
0
DERIV 24
1.2005826118037876950e-20
0
0
0
DERIV 25
-1.9795551032668852104e-21
0
0
0
DERIV 26
3.262553063682430240e-22
0
0
0
DERIV 27
-5.375377010461151418e-23
0
0
0
DERIV 28
8.854397524228707018e-24
0
0
0
DERIV 29
-1.4582695237356012976e-24
0
0
0
DERIV 30
2.401427036214086135e-25
0
0
0
DERIV 31
-3.954333461762243159e-26
0
0
0
DERIV 32
6.511263477606567330e-27
0
0
0
DERIV 33
-1.0721564198651667403e-27
0
0
0
DERIV 34
1.7654781448295652797e-28
0
0
0
DERIV 35
-2.907276347151922622e-29
0
0
0
AT 49/8
3.990288833836486902e-5
0
0
0
DERIV 1
-5.094324431852889884e-5
0
0
0
DERIV 2
3.331303276479966014e-5
0
0
0
DERIV 3
-1.4930675898245703576e-5
0
0
0
DERIV 4
5.180617578639051656e-6
0
0
0
DERIV 5
-1.4909543485985729743e-6
0
0
0
DERIV 6
3.724669159689037089e-7
0
0
0
DERIV 7
-8.347314632680132127e-8
0
0
0
DERIV 8
1.7209599841783871978e-8
0
0
0
DERIV 9
-3.329315647817245825e-9
0
0
0
DERIV 10
6.139142138259069338e-10
0
0
0
DERIV 11
-1.0923842046929953248e-10
0
0
0
DERIV 12
1.8935565269893802326e-11
0
0
0
DERIV 13
-3.2204573695242605289e-12
0
0
0
DERIV 14
5.402244778072530418e-13
0
0
0
DERIV 15
-8.972118340548429039e-14
0
0
0
DERIV 16
1.4792944333181126699e-14
0
0
0
DERIV 17
-2.4259863711928429509e-15
0
0
0
DERIV 18
3.962708976761016247e-16
0
0
0
DERIV 19
-6.453501412779361766e-17
0
0
0
DERIV 20
1.0486036065970519708e-17
0
0
0
DERIV 21
-1.7008732194986849131e-18
0
0
0
DERIV 22
2.755189092521044615e-19
0
0
0
DERIV 23
-4.458434245023577759e-20
0
0
0
DERIV 24
7.208866633521542821e-21
0
0
0
DERIV 25
-1.1648898514259724235e-21
0
0
0
DERIV 26
1.8814753295245961731e-22
0
0
0
DERIV 27
-3.037788646967591589e-23
0
0
0
DERIV 28
4.903447034651331366e-24
0
0
0
DERIV 29
-7.913380892002989799e-25
0
0
0
DERIV 30
1.2769235580837817602e-25
0
0
0
DERIV 31
-2.0603011666726702413e-26
0
0
0
DERIV 32
3.324117290534094485e-27
0
0
0
DERIV 33
-5.363095198160085160e-28
0
0
0
DERIV 34
8.652854310171219251e-29
0
0
0
DERIV 35
-1.3961019047280032073e-29
0
0
0
AT 25/4
3.402755814007966376e-5
0
0
0
DERIV 1
-4.327614196219486514e-5
0
0
0
DERIV 2
2.8171904300690266983e-5
0
0
0
DERIV 3
-1.2559464130309971595e-5
0
0
0
DERIV 4
4.330643654672327160e-6
0
0
0
DERIV 5
-1.2372093675940083032e-6
0
0
0
DERIV 6
3.064408961455321759e-7
0
0
0
DERIV 7
-6.800076389917219446e-8
0
0
0
DERIV 8
1.3862742174505733026e-8
0
0
0
DERIV 9
-2.648194067253602651e-9
0
0
0
DERIV 10
4.815639905946317388e-10
0
0
0
DERIV 11
-8.440397578973382425e-11
0
0
0
DERIV 12
1.4396862525237902427e-11
0
0
0
DERIV 13
-2.4073958944379883635e-12
0
0
0
DERIV 14
3.967866189546522137e-13
0
0
0
DERIV 15
-6.471539731460052131e-14
0
0
0
DERIV 16
1.0474341640772597178e-14
0
0
0
DERIV 17
-1.6857384414584077225e-15
0
0
0
DERIV 18
2.701620886541059742e-16
0
0
0
DERIV 19
-4.315997132226229714e-17
0
0
0
DERIV 20
6.878444381971307909e-18
0
0
0
DERIV 21
-1.0941977956164725873e-18
0
0
0
DERIV 22
1.7381263672245667270e-19
0
0
0
DERIV 23
-2.757949847471687495e-20
0
0
0
DERIV 24
4.372385683577531840e-21
0
0
0
DERIV 25
-6.927259498995039082e-22
0
0
0
DERIV 26
1.0969359372952827752e-22
0
0
0
DERIV 27
-1.7363216026283073722e-23
0
0
0
DERIV 28
2.7475773622415187855e-24
0
0
0
DERIV 29
-4.346844572560881728e-25
0
0
0
DERIV 30
6.875904432657483269e-26
0
0
0
DERIV 31
-1.0875246088549363585e-26
0
0
0
DERIV 32
1.7199658016808441875e-27
0
0
0
DERIV 33
-2.720110935777680562e-28
0
0
0
DERIV 34
4.301812460276993173e-29
0
0
0
DERIV 35
-6.803371415142135486e-30
0
0
0
AT 51/8
2.9034716862900004263e-5
0
0
0
DERIV 1
-3.678951353323551724e-5
0
0
0
DERIV 2
2.3845018925975552742e-5
0
0
0
DERIV 3
-1.0576044110984609910e-5
0
0
0
DERIV 4
3.624788497368269698e-6
0
0
0
DERIV 5
-1.0282531117756395262e-6
0
0
0
DERIV 6
2.525942564787367690e-7
0
0
0
DERIV 7
-5.552123161463942829e-8
0
0
0
DERIV 8
1.1196572686324832120e-8
0
0
0
DERIV 9
-2.112984768824176230e-9
0
0
0
DERIV 10
3.791018748854274635e-10
0
0
0
DERIV 11
-6.548085122732130056e-11
0
0
0
DERIV 12
1.0995868348180046278e-11
0
0
0
DERIV 13
-1.8086497899843560402e-12
0
0
0
DERIV 14
2.930332421100699755e-13
0
0
0
DERIV 15
-4.695613783325307207e-14
0
0
0
DERIV 16
7.463823254085774176e-15
0
0
0
DERIV 17
-1.1793455822772964124e-15
0
0
0
DERIV 18
1.8551937362596914472e-16
0
0
0
DERIV 19
-2.908578846742389334e-17
0
0
0
DERIV 20
4.548442390329643849e-18
0
0
0
DERIV 21
-7.098910179754201701e-19
0
0
0
DERIV 22
1.1062687806187490314e-19
0
0
0
DERIV 23
-1.7219337131293272953e-20
0
0
0
DERIV 24
2.6777630161483916871e-21
0
0
0
DERIV 25
-4.161174757428827425e-22
0
0
0
DERIV 26
6.462748571539285291e-23
0
0
0
DERIV 27
-1.0033007121536184269e-23
0
0
0
DERIV 28
1.5570464352204058185e-24
0
0
0
DERIV 29
-2.415816936292532053e-25
0
0
0
DERIV 30
3.747547592701039018e-26
0
0
0
DERIV 31
-5.812651303494201051e-27
0
0
0
DERIV 32
9.014971837316318515e-28
0
0
0
DERIV 33
-1.3980832320112807776e-28
0
0
0
DERIV 34
2.1681683069813211930e-29
0
0
0
DERIV 35
-3.362441630934535157e-30
0
0
0
AT 13/2
2.4788804271892239602e-5
0
0
0
DERIV 1
-3.129690259067664424e-5
0
0
0
DERIV 2
2.0199633843987818883e-5
0
0
0
DERIV 3
-8.914903393697911846e-6
0
0
0
DERIV 4
3.037720201180239354e-6
0
0
0
DERIV 5
-8.558628933741038549e-7
0
0
0
DERIV 6
2.0858356828437112035e-7
0
0
0
DERIV 7
-4.542938202373760736e-8
0
0
0
DERIV 8
9.066179627662748675e-9
0
0
0
DERIV 9
-1.6909539176830674415e-9
0
0
0
DERIV 10
2.994624203452086230e-10
0
0
0
DERIV 11
-5.099771859526146973e-11
0
0
0
DERIV 12
8.434846687109839198e-12
0
0
0
DERIV 13
-1.3653550793903521139e-12
0
0
0
DERIV 14
2.1754774377216785181e-13
0
0
0
DERIV 15
-3.426443910851587620e-14
0
0
0
DERIV 16
5.351142935748328325e-15
0
0
0
DERIV 17
-8.304677801952220395e-16
0
0
0
DERIV 18
1.2828093169863014283e-16
0
0
0
DERIV 19
-1.9745282098653710989e-17
0
0
0
DERIV 20
3.0310357835391568669e-18
0
0
0
DERIV 21
-4.643176638013388573e-19
0
0
0
DERIV 22
7.101309511051978593e-20
0
0
0
DERIV 23
-1.0847134341741585182e-20
0
0
0
DERIV 24
1.6552508184612562339e-21
0
0
0
DERIV 25
-2.523930963444662591e-22
0
0
0
DERIV 26
3.846174094245892658e-23
0
0
0
DERIV 27
-5.858361066932621218e-24
0
0
0
DERIV 28
8.920011455715055643e-25
0
0
0
DERIV 29
-1.3577946919039733945e-25
0
0
0
DERIV 30
2.0663908279755016466e-26
0
0
0
DERIV 31
-3.1443082310778732968e-27
0
0
0
DERIV 32
4.784011063781215488e-28
0
0
0
DERIV 33
-7.278303496309063731e-29
0
0
0
DERIV 34
1.1072677320543416956e-29
0
0
0
DERIV 35
-1.6844991897067444355e-30
0
0
0
AT 53/8
2.1175615092773742012e-5
0
0
0
DERIV 1
-2.6642155778299971583e-5
0
0
0
DERIV 2
1.7125350949755543457e-5
0
0
0
DERIV 3
-7.521997296315079820e-6
0
0
0
DERIV 4
2.548735812100694581e-6
0
0
0
DERIV 5
-7.133899201887362901e-7
0
0
0
DERIV 6
1.7253655339996781769e-7
0
0
0
DERIV 7
-3.724809089765704858e-8
0
0
0
DERIV 8
7.358949285937954704e-9
0
0
0
DERIV 9
-1.3570533804380228898e-9
0
0
0
DERIV 10
2.373264954105588918e-10
0
0
0
DERIV 11
-3.986555494385832121e-11
0
0
0
DERIV 12
6.497250046915135763e-12
0
0
0
DERIV 13
-1.0354597525885463837e-12
0
0
0
DERIV 14
1.6232160023158408976e-13
0
0
0
DERIV 15
-2.5139790802327711273e-14
0
0
0
DERIV 16
3.859016981972806122e-15
0
0
0
DERIV 17
-5.884691209313031877e-16
0
0
0
DERIV 18
8.929461463903133811e-17
0
0
0
DERIV 19
-1.3499103064259411556e-17
0
0
0
DERIV 20
2.0349110774579790665e-18
0
0
0
DERIV 21
-3.060767366685685664e-19
0
0
0
DERIV 22
4.595919201775644567e-20
0
0
0
DERIV 23
-6.891814144380777720e-21
0
0
0
DERIV 24
1.0323777239851488665e-21
0
0
0
DERIV 25
-1.5452005602129199088e-22
0
0
0
DERIV 26
2.3112602249543790928e-23
0
0
0
DERIV 27
-3.455345228234738073e-24
0
0
0
DERIV 28
5.163704540236069160e-25
0
0
0
DERIV 29
-7.714325378249919433e-26
0
0
0
DERIV 30
1.1522136426935499923e-26
0
0
0
DERIV 31
-1.7206500052086501261e-27
0
0
0
DERIV 32
2.569199324697428139e-28
0
0
0
DERIV 33
-3.835891049463378226e-29
0
0
0
DERIV 34
5.726804161541743811e-30
0
0
0
DERIV 35
-8.549641348733993055e-31
0
0
0
AT 27/4
1.8098838947970489880e-5
0
0
0
DERIV 1
-2.2694339877782117451e-5
0
0
0
DERIV 2
1.4530221289066707932e-5
0
0
0
DERIV 3
-6.352662983522977038e-6
0
0
0
DERIV 4
2.140879839636070857e-6
0
0
0
DERIV 5
-5.954446379201167260e-7
0
0
0
DERIV 6
1.4295300023802999234e-7
0
0
0
DERIV 7
-3.059992204914715877e-8
0
0
0
DERIV 8
5.987033433534337132e-9
0
0
0
DERIV 9
-1.0920342282677080483e-9
0
0
0
DERIV 10
1.8867072278786272399e-10
0
0
0
DERIV 11
-3.127413589406156569e-11
0
0
0
DERIV 12
5.024697534831315393e-12
0
0
0
DERIV 13
-7.887410316029202829e-13
0
0
0
DERIV 14
1.2170079259485098886e-13
0
0
0
DERIV 15
-1.8541811487250431201e-14
0
0
0
DERIV 16
2.7986711927849972608e-15
0
0
0
DERIV 17
-4.195060888912989915e-16
0
0
0
DERIV 18
6.255580255393151492e-17
0
0
0
DERIV 19
-9.291560660618948118e-18
0
0
0
DERIV 20
1.3759515459931890700e-18
0
0
0
DERIV 21
-2.0328649116441208744e-19
0
0
0
DERIV 22
2.997975654944318053e-20
0
0
0
DERIV 23
-4.415010687032276982e-21
0
0
0
DERIV 24
6.494569604602660155e-22
0
0
0
DERIV 25
-9.545220626597191295e-23
0
0
0
DERIV 26
1.4019059980121730559e-23
0
0
0
DERIV 27
-2.0578466388045333017e-24
0
0
0
DERIV 28
3.019391818092104172e-25
0
0
0
DERIV 29
-4.428733862638658185e-26
0
0
0
DERIV 30
6.494217782797640562e-27
0
0
0
DERIV 31
-9.521132834860805111e-28
0
0
0
DERIV 32
1.3956847591096378199e-28
0
0
0
DERIV 33
-2.0456976239065844983e-29
0
0
0
DERIV 34
2.9982385048950342963e-30
0
0
0
DERIV 35
-4.394142729637868471e-31
0
0
0
AT 55/8
1.5477178661293669934e-5
0
0
0
DERIV 1
-1.9343541489614500810e-5
0
0
0
DERIV 2
1.2337554897335397536e-5
0
0
0
DERIV 3
-5.369928768434098662e-6
0
0
0
DERIV 4
1.8002380235446715208e-6
0
0
0
DERIV 5
-4.976478505514122503e-7
0
0
0
DERIV 6
1.1862748291498899328e-7
0
0
0
DERIV 7
-2.5185341337382344747e-8
0
0
0
DERIV 8
4.881653043114259618e-9
0
0
0
DERIV 9
-8.810435725355595959e-10
0
0
0
DERIV 10
1.5043804378504404583e-10
0
0
0
DERIV 11
-2.4617670992780181242e-11
0
0
0
DERIV 12
3.900727632672482189e-12
0
0
0
DERIV 13
-6.033520698191927698e-13
0
0
0
DERIV 14
9.166887713214669329e-14
0
0
0
DERIV 15
-1.3744402473959203940e-14
0
0
0
DERIV 16
2.0406925774213252882e-15
0
0
0
DERIV 17
-3.007923237327013437e-16
0
0
0
DERIV 18
4.409445332490638040e-17
0
0
0
DERIV 19
-6.437304689498909155e-18
0
0
0
DERIV 20
9.368028112709334952e-19
0
0
0
DERIV 21
-1.3599667919813681011e-19
0
0
0
DERIV 22
1.9705096176056539672e-20
0
0
0
DERIV 23
-2.8508674439046695610e-21
0
0
0
DERIV 24
4.119655249970498630e-22
0
0
0
DERIV 25
-5.947535192493708235e-23
0
0
0
DERIV 26
8.580047135733367901e-24
0
0
0
DERIV 27
-1.2370458092054480226e-24
0
0
0
DERIV 28
1.7827030661232590950e-25
0
0
0
DERIV 29
-2.5681044861090227470e-26
0
0
0
DERIV 30
3.698469324215818817e-27
0
0
0
DERIV 31
-5.325198084434156166e-28
0
0
0
DERIV 32
7.666153970363824176e-29
0
0
0
DERIV 33
-1.1034859090977797979e-29
0
0
0
DERIV 34
1.5882527788475304517e-30
0
0
0
DERIV 35
-2.285858701547817839e-31
0
0
0
AT 7
1.3241946893269106568e-5
0
0
0
DERIV 1
-1.6497390230048315752e-5
0
0
0
DERIV 2
1.0483303032294433792e-5
0
0
0
DERIV 3
-4.543140485308959471e-6
0
0
0
DERIV 4
1.5153699347032672314e-6
0
0
0
DERIV 5
-4.164332351290603054e-7
0
0
0
DERIV 6
9.858886531190922565e-8
0
0
0
DERIV 7
-2.0765909268948749554e-8
0
0
0
DERIV 8
3.988771057954973610e-9
0
0
0
DERIV 9
-7.125757074612347915e-10
0
0
0
DERIV 10
1.2029554538759806297e-10
0
0
0
DERIV 11
-1.9441065918939435211e-11
0
0
0
DERIV 12
3.0392608652379526912e-12
0
0
0
DERIV 13
-4.634128180643450758e-13
0
0
0
DERIV 14
6.935571992843351121e-14
0
0
0
DERIV 15
-1.0237600408391566719e-14
0
0
0
DERIV 16
1.4957680360222266738e-15
0
0
0
DERIV 17
-2.1687754053500429257e-16
0
0
0
DERIV 18
3.126617764780002884e-17
0
0
0
DERIV 19
-4.487933997454890686e-18
0
0
0
DERIV 20
6.420528502857044074e-19
0
0
0
DERIV 21
-9.161670970494448421e-20
0
0
0
DERIV 22
1.3046786115817208986e-20
0
0
0
DERIV 23
-1.8549998599367993793e-21
0
0
0
DERIV 24
2.634143122030814023e-22
0
0
0
DERIV 25
-3.736818090211258522e-23
0
0
0
DERIV 26
5.296876259854158637e-24
0
0
0
DERIV 27
-7.503486376805194845e-25
0
0
0
DERIV 28
1.0623998364770143078e-25
0
0
0
DERIV 29
-1.5036263871942976424e-26
0
0
0
DERIV 30
2.1274328427268387689e-27
0
0
0
DERIV 31
-3.009303270832701617e-28
0
0
0
DERIV 32
4.255935609674395468e-29
0
0
0
DERIV 33
-6.018158412769382571e-30
0
0
0
DERIV 34
8.509197847260710582e-31
0
0
0
DERIV 35
-1.2030513420916099598e-31
0
0
0
AT 57/8
1.1335059024378743711e-5
0
0
0
DERIV 1
-1.4078176183466912356e-5
0
0
0
DERIV 2
8.913905969165306374e-6
0
0
0
DERIV 3
-3.846842931356809392e-6
0
0
0
DERIV 4
1.2768519043388193464e-6
0
0
0
DERIV 5
-3.488901563680988462e-7
0
0
0
DERIV 6
8.205277882729119235e-8
0
0
0
DERIV 7
-1.7151263539919424159e-8
0
0
0
DERIV 8
3.265790861784974135e-9
0
0
0
DERIV 9
-5.776843531782630972e-10
0
0
0
DERIV 10
9.645551303647135948e-11
0
0
0
DERIV 11
-1.5400873508168369764e-11
0
0
0
DERIV 12
2.3763581112861301265e-12
0
0
0
DERIV 13
-3.573186593046269124e-13
0
0
0
DERIV 14
5.269859928918898490e-14
0
0
0
DERIV 15
-7.661059693912354817e-15
0
0
0
DERIV 16
1.1018612755327216037e-15
0
0
0
DERIV 17
-1.5721432542945275090e-16
0
0
0
DERIV 18
2.2296962469868359063e-17
0
0
0
DERIV 19
-3.1478691720151480206e-18
0
0
0
DERIV 20
4.428604390872357363e-19
0
0
0
DERIV 21
-6.213534934629634401e-20
0
0
0
DERIV 22
8.699397515349511432e-21
0
0
0
DERIV 23
-1.2159437386602483940e-21
0
0
0
DERIV 24
1.6973133053408373579e-22
0
0
0
DERIV 25
-2.3667475018105322339e-23
0
0
0
DERIV 26
3.2974292015599355000e-24
0
0
0
DERIV 27
-4.590986812048145398e-25
0
0
0
DERIV 28
6.388552610818885575e-26
0
0
0
DERIV 29
-8.886123274252095571e-27
0
0
0
DERIV 30
1.2355898049447195633e-27
0
0
0
DERIV 31
-1.7175923253787346718e-28
0
0
0
DERIV 32
2.3871280001742608535e-29
0
0
0
DERIV 33
-3.317131489898660315e-30
0
0
0
DERIV 34
4.608916953758072383e-31
0
0
0
DERIV 35
-6.403230685127821503e-32
0
0
0
AT 29/4
9.707354806271228603e-6
0
0
0
DERIV 1
-1.2020456360904925561e-5
0
0
0
DERIV 2
7.584520308766799818e-6
0
0
0
DERIV 3
-3.259867034206896659e-6
0
0
0
DERIV 4
1.0769078924394883941e-6
0
0
0
DERIV 5
-2.926381897719657114e-7
0
0
0
DERIV 6
6.838416657577689813e-8
0
0
0
DERIV 7
-1.4188998978192106317e-8
0
0
0
DERIV 8
2.679026803795191727e-9
0
0
0
DERIV 9
-4.693882907132362786e-10
0
0
0
DERIV 10
7.754254419553335363e-11
0
0
0
DERIV 11
-1.2236766328462372531e-11
0
0
0
DERIV 12
1.8642993568146657522e-12
0
0
0
DERIV 13
-2.765457060281163871e-13
0
0
0
DERIV 14
4.020690452349241522e-14
0
0
0
DERIV 15
-5.758663246185507058e-15
0
0
0
DERIV 16
8.156145188900091330e-16
0
0
0
DERIV 17
-1.1455505781070825941e-16
0
0
0
DERIV 18
1.5988478370361834198e-17
0
0
0
DERIV 19
-2.2208570901680872787e-18
0
0
0
DERIV 20
3.073532664584565017e-19
0
0
0
DERIV 21
-4.241477381151709101e-20
0
0
0
DERIV 22
5.840196720901856188e-21
0
0
0
DERIV 23
-8.027367329361451619e-22
0
0
0
DERIV 24
1.1018219092799945556e-22
0
0
0
DERIV 25
-1.5106532006554499582e-23
0
0
0
DERIV 26
2.0693298177129562226e-24
0
0
0
DERIV 27
-2.832584934980139740e-25
0
0
0
DERIV 28
3.875127494744875533e-26
0
0
0
DERIV 29
-5.298935541044460759e-27
0
0
0
DERIV 30
7.243214826638576735e-28
0
0
0
DERIV 31
-9.897997798516119269e-29
0
0
0
DERIV 32
1.3522715254253175242e-29
0
0
0
DERIV 33
-1.8471561148796686153e-30
0
0
0
DERIV 34
2.522813832301312120e-31
0
0
0
DERIV 35
-3.445278510989685663e-32
0
0
0
AT 59/8
8.317193203793826338e-6
0
0
0
DERIV 1
-1.0269064279783484496e-5
0
0
0
DERIV 2
6.457556311513803655e-6
0
0
0
DERIV 3
-2.764583360193538514e-6
0
0
0
DERIV 4
9.091106512681548533e-7
0
0
0
DERIV 5
-2.457266753108111428e-7
0
0
0
DERIV 6
5.706766707426593135e-8
0
0
0
DERIV 7
-1.1756771613061007150e-8
0
0
0
DERIV 8
2.201758470714351174e-9
0
0
0
DERIV 9
-3.822209385422200562e-10
0
0
0
DERIV 10
6.249439460235085303e-11
0
0
0
DERIV 11
-9.750588315233670559e-12
0
0
0
DERIV 12
1.4673060698696148969e-12
0
0
0
DERIV 13
-2.1480195278443801382e-13
0
0
0
DERIV 14
3.079774435080050074e-14
0
0
0
DERIV 15
-4.347346546492330536e-15
0
0
0
DERIV 16
6.065431212659977256e-16
0
0
0
DERIV 17
-8.388806683664660226e-17
0
0
0
DERIV 18
1.1525877703667224753e-17
0
0
0
DERIV 19
-1.5756832653221350265e-18
0
0
0
DERIV 20
2.1458034083238035659e-19
0
0
0
DERIV 21
-2.913478738506185233e-20
0
0
0
DERIV 22
3.946534916432059574e-21
0
0
0
DERIV 23
-5.336000993141473350e-22
0
0
0
DERIV 24
7.204039872300076194e-23
0
0
0
DERIV 25
-9.714592318140444802e-24
0
0
0
DERIV 26
1.3087663069726731541e-24
0
0
0
DERIV 27
-1.7618496172461154713e-25
0
0
0
DERIV 28
2.3703314463767009084e-26
0
0
0
DERIV 29
-3.1873872828582159269e-27
0
0
0
DERIV 30
4.284384688902614596e-28
0
0
0
DERIV 31
-5.757111611780570300e-29
0
0
0
DERIV 32
7.734139425444310231e-30
0
0
0
DERIV 33
-1.0388053309023171026e-30
0
0
0
DERIV 34
1.3950534319818564174e-31
0
0
0
DERIV 35
-1.8732615893147942287e-32
0
0
0
AT 15/2
7.129274573390757115e-6
0
0
0
DERIV 1
-8.777452435610705425e-6
0
0
0
DERIV 2
5.501469008132570811e-6
0
0
0
DERIV 3
-2.346290438750189264e-6
0
0
0
DERIV 4
7.681392346678264203e-7
0
0
0
DERIV 5
-2.0655409216841257056e-7
0
0
0
DERIV 6
4.768412470616123534e-8
0
0
0
DERIV 7
-9.756116759042586060e-9
0
0
0
DERIV 8
1.8127282333146655146e-9
0
0
0
DERIV 9
-3.118875681780324677e-10
0
0
0
DERIV 10
5.048765389501602141e-11
0
0
0
DERIV 11
-7.790895520415886714e-12
0
0
0
DERIV 12
1.1584345218960985862e-12
0
0
0
DERIV 13
-1.6742074438083637219e-13
0
0
0
DERIV 14
2.3680405770372343265e-14
0
0
0
DERIV 15
-3.2955483276275895563e-15
0
0
0
DERIV 16
4.530897168885983686e-16
0
0
0
DERIV 17
-6.172668795967198489e-17
0
0
0
DERIV 18
8.351518176263696466e-18
0
0
0
DERIV 19
-1.1240267984699405284e-18
0
0
0
DERIV 20
1.5067255172939452463e-19
0
0
0
DERIV 21
-2.0133980955520719952e-20
0
0
0
DERIV 22
2.6838437196252283748e-21
0
0
0
DERIV 23
-3.570591625768691271e-22
0
0
0
DERIV 24
4.742969021809863038e-23
0
0
0
DERIV 25
-6.292471218850230471e-24
0
0
0
DERIV 26
8.339850570663532650e-25
0
0
0
DERIV 27
-1.1044474622097025718e-25
0
0
0
DERIV 28
1.4616680578745079971e-26
0
0
0
DERIV 29
-1.9334086642629862409e-27
0
0
0
DERIV 30
2.556312918166699068e-28
0
0
0
DERIV 31
-3.378750226587671155e-29
0
0
0
DERIV 32
4.464571474065925940e-30
0
0
0
DERIV 33
-5.898069193676185867e-31
0
0
0
DERIV 34
7.790529017049169144e-32
0
0
0
DERIV 35
-1.0288883620863906282e-32
0
0
0
AT 61/8
6.113652281494701570e-6
0
0
0
DERIV 1
-7.506310123889970751e-6
0
0
0
DERIV 2
4.689757447723316041e-6
0
0
0
DERIV 3
-1.992712601652938596e-6
0
0
0
DERIV 4
6.495817909663986355e-7
0
0
0
DERIV 5
-1.7380317653134293515e-7
0
0
0
DERIV 6
3.989190467384339614e-8
0
0
0
DERIV 7
-8.107592982541095697e-9
0
0
0
DERIV 8
1.4949767951630598736e-9
0
0
0
DERIV 9
-2.550033756229377137e-10
0
0
0
DERIV 10
4.088178637559257793e-11
0
0
0
DERIV 11
-6.241493124320274107e-12
0
0
0
DERIV 12
9.173079610290754574e-13
0
0
0
DERIV 13
-1.3092502025356881540e-13
0
0
0
DERIV 14
1.8274676629528103004e-14
0
0
0
DERIV 15
-2.5082241975282309594e-15
0
0
0
DERIV 16
3.399249902108653287e-16
0
0
0
DERIV 17
-4.563094190100923532e-17
0
0
0
DERIV 18
6.081411877506974565e-18
0
0
0
DERIV 19
-8.060519406923273515e-19
0
0
0
DERIV 20
1.0638631765123305774e-19
0
0
0
DERIV 21
-1.3995291018798981836e-20
0
0
0
DERIV 22
1.8363637205730928555e-21
0
0
0
DERIV 23
-2.404636204205531911e-22
0
0
0
DERIV 24
3.143643723316492339e-23
0
0
0
DERIV 25
-4.104403771612174717e-24
0
0
0
DERIV 26
5.353150736377643056e-25
0
0
0
DERIV 27
-6.975876943884793955e-26
0
0
0
DERIV 28
9.084230456726171734e-27
0
0
0
DERIV 29
-1.1823175508890338807e-27
0
0
0
DERIV 30
1.5380943127268244915e-28
0
0
0
DERIV 31
-2.0001957648271753770e-29
0
0
0
DERIV 32
2.6003630474317568645e-30
0
0
0
DERIV 33
-3.379817980697787564e-31
0
0
0
DERIV 34
4.392098281880234843e-32
0
0
0
DERIV 35
-5.706741895535760151e-33
0
0
0
AT 31/4
5.244902392978249954e-6
0
0
0
DERIV 1
-6.422409376001557523e-6
0
0
0
DERIV 2
4.000134969737368589e-6
0
0
0
DERIV 3
-1.6935869782656254654e-6
0
0
0
DERIV 4
5.497748409743650940e-7
0
0
0
DERIV 5
-1.4638857949330106598e-7
0
0
0
DERIV 6
3.341198779050668081e-8
0
0
0
DERIV 7
-6.746955428958210010e-9
0
0
0
DERIV 8
1.2349375009341103608e-9
0
0
0
DERIV 9
-2.0889255397075588531e-10
0
0
0
DERIV 10
3.317681943080330900e-11
0
0
0
DERIV 11
-5.012896522126744309e-12
0
0
0
DERIV 12
7.284529565284927706e-13
0
0
0
DERIV 13
-1.0271260211316552707e-13
0
0
0
DERIV 14
1.4152784216699751910e-14
0
0
0
DERIV 15
-1.9163628949298321189e-15
0
0
0
DERIV 16
2.560897427096849805e-16
0
0
0
DERIV 17
-3.388362095184066831e-17
0
0
0
DERIV 18
4.449565803691616523e-18
0
0
0
DERIV 19
-5.809664443438095300e-19
0
0
0
DERIV 20
7.552038506244551601e-20
0
0
0
DERIV 21
-9.783276637299605534e-21
0
0
0
DERIV 22
1.2639569065566911351e-21
0
0
0
DERIV 23
-1.6294895367620569847e-22
0
0
0
DERIV 24
2.0971498141262247263e-23
0
0
0
DERIV 25
-2.6953272818052366680e-24
0
0
0
DERIV 26
3.460288134863452543e-25
0
0
0
DERIV 27
-4.438362409607540963e-26
0
0
0
DERIV 28
5.688739359525152638e-27
0
0
0
DERIV 29
-7.287040352968077877e-28
0
0
0
DERIV 30
9.329885897063447388e-29
0
0
0
DERIV 31
-1.1940733855527371872e-29
0
0
0
DERIV 32
1.5277343285601421769e-30
0
0
0
DERIV 33
-1.9541317305701510260e-31
0
0
0
DERIV 34
2.499030508049371355e-32
0
0
0
DERIV 35
-3.195360513254385004e-33
0
0
0
AT 63/8
4.501425422073194557e-6
0
0
0
DERIV 1
-5.497640161868982947e-6
0
0
0
DERIV 2
3.413840255130748271e-6
0
0
0
DERIV 3
-1.4403232243554886814e-6
0
0
0
DERIV 4
4.656720232350069551e-7
0
0
0
DERIV 5
-1.2341454142862953468e-7
0
0
0
DERIV 6
2.8016048280792037056e-8
0
0
0
DERIV 7
-5.622131086896701649e-9
0
0
0
DERIV 8
1.0217295001889344548e-9
0
0
0
DERIV 9
-1.7143358062681151040e-10
0
0
0
DERIV 10
2.6981219827906026770e-11
0
0
0
DERIV 11
-4.035942355518782652e-12
0
0
0
DERIV 12
5.800731432328304327e-13
0
0
0
DERIV 13
-8.082774669346669165e-14
0
0
0
DERIV 14
1.0997898996857553725e-14
0
0
0
DERIV 15
-1.4696105655923358615e-15
0
0
0
DERIV 16
1.9370836334547515492e-16
0
0
0
DERIV 17
-2.5269555573764542936e-17
0
0
0
DERIV 18
3.2706581887472940087e-18
0
0
0
DERIV 19
-4.207919018909176292e-19
0
0
0
DERIV 20
5.388806143742044586e-20
0
0
0
DERIV 21
-6.876326413446808462e-21
0
0
0
DERIV 22
8.749716231768218097e-22
0
0
0
DERIV 23
-1.1108597055394883720e-22
0
0
0
DERIV 24
1.4078212270356171861e-23
0
0
0
DERIV 25
-1.7816019720452145538e-24
0
0
0
DERIV 26
2.251998680609591562e-25
0
0
0
DERIV 27
-2.843902613891313367e-26
0
0
0
DERIV 28
3.588612393052237914e-27
0
0
0
DERIV 29
-4.525485671864973549e-28
0
0
0
DERIV 30
5.704017241433816567e-29
0
0
0
DERIV 31
-7.186453869609980691e-30
0
0
0
DERIV 32
9.051084767359854854e-31
0
0
0
DERIV 33
-1.1396382583219255160e-31
0
0
0
DERIV 34
1.4346215186274205678e-32
0
0
0
DERIV 35
-1.8056405641083861257e-33
0
0
0
AT 8
3.864858551925789367e-6
0
0
0
DERIV 1
-4.708202855490612455e-6
0
0
0
DERIV 2
2.915064458956537238e-6
0
0
0
DERIV 3
-1.2257227059295181393e-6
0
0
0
DERIV 4
3.947366937851197301e-7
0
0
0
DERIV 5
-1.0414058831113525929e-7
0
0
0
DERIV 6
2.3516892805929568440e-8
0
0
0
DERIV 7
-4.690820905111617621e-9
0
0
0
DERIV 8
8.466042953233984166e-10
0
0
0
DERIV 9
-1.4093965806830415769e-10
0
0
0
DERIV 10
2.1987408372786600979e-11
0
0
0
DERIV 11
-3.2569877124411463125e-12
0
0
0
DERIV 12
4.631412124243425359e-13
0
0
0
DERIV 13
-6.379450420082616021e-14
0
0
0
DERIV 14
8.574322931762183845e-15
0
0
0
DERIV 15
-1.1310530823050777414e-15
0
0
0
DERIV 16
1.4709280196995427829e-16
0
0
0
DERIV 17
-1.8924277829864647806e-17
0
0
0
DERIV 18
2.4148506411552020623e-18
0
0
0
DERIV 19
-3.062259721048114983e-19
0
0
0
DERIV 20
3.864538059150199839e-20
0
0
0
DERIV 21
-4.858718626377916174e-21
0
0
0
DERIV 22
6.090651903302702893e-22
0
0
0
DERIV 23
-7.617085635428202174e-23
0
0
0
DERIV 24
9.508249460702739887e-24
0
0
0
DERIV 25
-1.1851060702664490969e-24
0
0
0
DERIV 26
1.4753096970971498768e-25
0
0
0
DERIV 27
-1.8347517236272140773e-26
0
0
0
DERIV 28
2.2799157289370042850e-27
0
0
0
DERIV 29
-2.831208002245487811e-28
0
0
0
DERIV 30
3.513892837254133903e-29
0
0
0
DERIV 31
-4.359251223190196986e-30
0
0
0
DERIV 32
5.406016407887913789e-31
0
0
0
DERIV 33
-6.702152635530073604e-32
0
0
0
DERIV 34
8.307059270422697341e-33
0
0
0
DERIV 35
-1.0294302250958426634e-33
0
0
0
AT 33/4
2.852293157399250935e-6
0
0
0
DERIV 1
-3.457726413292108568e-6
0
0
0
DERIV 2
2.128813959311863744e-6
0
0
0
DERIV 3
-8.893226124868385102e-7
0
0
0
DERIV 4
2.842579689119468191e-7
0
0
0
DERIV 5
-7.434547672351840556e-8
0
0
0
DERIV 6
1.6621195691174960512e-8
0
0
0
DERIV 7
-3.277365439656257424e-9
0
0
0
DERIV 8
5.837539462949137897e-10
0
0
0
DERIV 9
-9.573768301733301131e-11
0
0
0
DERIV 10
1.4686544596340483875e-11
0
0
0
DERIV 11
-2.1352520079092733788e-12
0
0
0
DERIV 12
2.974759060661323712e-13
0
0
0
DERIV 13
-4.007743852037454973e-14
0
0
0
DERIV 14
5.260721072899624532e-15
0
0
0
DERIV 15
-6.768587822564136957e-16
0
0
0
DERIV 16
8.576507223632786325e-17
0
0
0
DERIV 17
-1.0741491831673040563e-17
0
0
0
DERIV 18
1.3334023717131374332e-18
0
0
0
DERIV 19
-1.6440007539044708979e-19
0
0
0
DERIV 20
2.0163270033366278372e-20
0
0
0
DERIV 21
-2.4628750941471942484e-21
0
0
0
DERIV 22
2.998649822815253494e-22
0
0
0
DERIV 23
-3.641658268043267426e-23
0
0
0
DERIV 24
4.413507309579979410e-24
0
0
0
DERIV 25
-5.340125348252950182e-25
0
0
0
DERIV 26
6.452631242981540681e-26
0
0
0
DERIV 27
-7.788379048780800739e-27
0
0
0
DERIV 28
9.392213505989081530e-28
0
0
0
DERIV 29
-1.1317978634153625767e-28
0
0
0
DERIV 30
1.3630330528245389856e-29
0
0
0
DERIV 31
-1.6406915884952288025e-30
0
0
0
DERIV 32
1.974099029115351275e-31
0
0
0
DERIV 33
-2.3744565332561289523e-32
0
0
0
DERIV 34
2.8552191653814908769e-33
0
0
0
DERIV 35
-3.432550684842977505e-34
0
0
0
AT 17/2
2.108058406829832547e-6
0
0
0
DERIV 1
-2.543661299233337885e-6
0
0
0
DERIV 2
1.5577127339385989604e-6
0
0
0
DERIV 3
-6.467544570756156493e-7
0
0
0
DERIV 4
2.0526473684741485383e-7
0
0
0
DERIV 5
-5.324817445751665138e-8
0
0
0
DERIV 6
1.1792867196871198403e-8
0
0
0
DERIV 7
-2.300268208193176615e-9
0
0
0
DERIV 8
4.046735533636398540e-10
0
0
0
DERIV 9
-6.544109772519791772e-11
0
0
0
DERIV 10
9.881334670276972918e-12
0
0
0
DERIV 11
-1.4115546846728263759e-12
0
0
0
DERIV 12
1.9288293848123079529e-13
0
0
0
DERIV 13
-2.5446062324995045500e-14
0
0
0
DERIV 14
3.2658564965175017678e-15
0
0
0
DERIV 15
-4.103138879525493811e-16
0
0
0
DERIV 16
5.071289857469591326e-17
0
0
0
DERIV 17
-6.189728841583626959e-18
0
0
0
DERIV 18
7.482617396270580199e-19
0
0
0
DERIV 19
-8.979064825703929215e-20
0
0
0
DERIV 20
1.0713494633634778365e-20
0
0
0
DERIV 21
-1.2726221136745184206e-21
0
0
0
DERIV 22
1.5064248168592534232e-22
0
0
0
DERIV 23
-1.7782289360352804058e-23
0
0
0
DERIV 24
2.0944012470106644718e-24
0
0
0
DERIV 25
-2.462352008123269934e-25
0
0
0
DERIV 26
2.890709051089331104e-26
0
0
0
DERIV 27
-3.389521382467861400e-27
0
0
0
DERIV 28
3.970496815291438160e-28
0
0
0
DERIV 29
-4.647279155374103460e-29
0
0
0
DERIV 30
5.435771516117303616e-30
0
0
0
DERIV 31
-6.354513492770892258e-31
0
0
0
DERIV 32
7.425121245209835993e-32
0
0
0
DERIV 33
-8.672801063602535547e-33
0
0
0
DERIV 34
1.0126948768197887143e-33
0
0
0
DERIV 35
-1.1821849369453449538e-34
0
0
0
AT 35/4
1.5601471493638226062e-6
0
0
0
DERIV 1
-1.8742169936411113046e-6
0
0
0
DERIV 2
1.1419475840660309322e-6
0
0
0
DERIV 3
-4.713781905536364856e-7
0
0
0
DERIV 4
1.4860545276928032357e-7
0
0
0
DERIV 5
-3.825381424725953158e-8
0
0
0
DERIV 6
8.397195027463948101e-9
0
0
0
DERIV 7
-1.6213164827398103475e-9
0
0
0
DERIV 8
2.819263911754515414e-10
0
0
0
DERIV 9
-4.499209835650639829e-11
0
0
0
DERIV 10
6.693148303430756469e-12
0
0
0
DERIV 11
-9.403696943570964329e-13
0
0
0
DERIV 12
1.2616698652664551587e-13
0
0
0
DERIV 13
-1.6316343672325758099e-14
0
0
0
DERIV 14
2.0497777701533888331e-15
0
0
0
DERIV 15
-2.517473441600949953e-16
0
0
0
DERIV 16
3.038228872417846965e-17
0
0
0
DERIV 17
-3.617630664909737942e-18
0
0
0
DERIV 18
4.263146212554567623e-19
0
0
0
DERIV 19
-4.983924935209723302e-20
0
0
0
DERIV 20
5.790676543678800615e-21
0
0
0
DERIV 21
-6.695650471449620586e-22
0
0
0
DERIV 22
7.712710137912002694e-23
0
0
0
DERIV 23
-8.857484809006438641e-24
0
0
0
DERIV 24
1.0147582540977416317e-24
0
0
0
DERIV 25
-1.1602853079801933247e-25
0
0
0
DERIV 26
1.3245695508275881940e-26
0
0
0
DERIV 27
-1.5101410193975309070e-27
0
0
0
DERIV 28
1.7198597937081435369e-28
0
0
0
DERIV 29
-1.9569611475757837421e-29
0
0
0
DERIV 30
2.2251066111265804741e-30
0
0
0
DERIV 31
-2.528441751205791887e-31
0
0
0
DERIV 32
2.871661597330293512e-32
0
0
0
DERIV 33
-3.260084768057614182e-33
0
0
0
DERIV 34
3.699737493184485357e-34
0
0
0
DERIV 35
-4.197448885906069791e-35
0
0
0
AT 9
1.1561444288152029813e-6
0
0
0
DERIV 1
-1.3830393531118079891e-6
0
0
0
DERIV 2
8.386244337326285629e-7
0
0
0
DERIV 3
-3.442643706895672562e-7
0
0
0
DERIV 4
1.0784577608179099007e-7
0
0
0
DERIV 5
-2.7559911677480543768e-8
0
0
0
DERIV 6
5.999303284917399198e-9
0
0
0
DERIV 7
-1.1472673113931757621e-9
0
0
0
DERIV 8
1.9731911716268264274e-10
0
0
0
DERIV 9
-3.109990063732033616e-11
0
0
0
DERIV 10
4.561988848985730534e-12
0
0
0
DERIV 11
-6.309756808980102482e-13
0
0
0
DERIV 12
8.320314154080173575e-14
0
0
0
DERIV 13
-1.0558738682059029034e-14
0
0
0
DERIV 14
1.2997353081081951435e-15
0
0
0
DERIV 15
-1.5620759056162958870e-16
0
0
0
DERIV 16
1.8426964975643906457e-17
0
0
0
DERIV 17
-2.1425942843456797169e-18
0
0
0
DERIV 18
2.463710905958509882e-19
0
0
0
DERIV 19
-2.808682755366148547e-20
0
0
0
DERIV 20
3.1806497794568007891e-21
0
0
0
DERIV 21
-3.583136746590299746e-22
0
0
0
DERIV 22
4.019997537543064587e-23
0
0
0
DERIV 23
-4.495405146015867135e-24
0
0
0
DERIV 24
5.013871141652720376e-25
0
0
0
DERIV 25
-5.580282786964356796e-26
0
0
0
DERIV 26
6.199950587043523905e-27
0
0
0
DERIV 27
-6.878662523903292143e-28
0
0
0
DERIV 28
7.622743441276564732e-29
0
0
0
DERIV 29
-8.439119295474601017e-30
0
0
0
DERIV 30
9.335386630330334116e-31
0
0
0
DERIV 31
-1.0319887944483853742e-31
0
0
0
DERIV 32
1.1401793770002367208e-32
0
0
0
DERIV 33
-1.2591192367125106205e-33
0
0
0
DERIV 34
1.3899188007219909123e-34
0
0
0
DERIV 35
-1.5338008885512129031e-35
0
0
0
AT 37/4
8.578152429865208373e-7
0
0
0
DERIV 1
-1.0220413405199098311e-6
0
0
0
DERIV 2
6.168913628120020777e-7
0
0
0
DERIV 3
-2.519154250926533038e-7
0
0
0
DERIV 4
7.844317098714875785e-8
0
0
0
DERIV 5
-1.9908342519641645496e-8
0
0
0
DERIV 6
4.299550623708296157e-9
0
0
0
DERIV 7
-8.148033049157409609e-10
0
0
0
DERIV 8
1.3869670564544551743e-10
0
0
0
DERIV 9
-2.1605024520733208277e-11
0
0
0
DERIV 10
3.1274920309662687665e-12
0
0
0
DERIV 11
-4.262081897543134677e-13
0
0
0
DERIV 12
5.528803958925184259e-14
0
0
0
DERIV 13
-6.891571510976301955e-15
0
0
0
DERIV 14
8.320477200426441417e-16
0
0
0
DERIV 15
-9.795200557158540513e-17
0
0
0
DERIV 16
1.1305356785979171540e-17
0
0
0
DERIV 17
-1.2848912402548293715e-18
0
0
0
DERIV 18
1.4429860700404427227e-19
0
0
0
DERIV 19
-1.6056002893949566924e-20
0
0
0
DERIV 20
1.7737245327646484455e-21
0
0
0
DERIV 21
-1.9484491448094038421e-22
0
0
0
DERIV 22
2.1309030245875995312e-23
0
0
0
DERIV 23
-2.3222269061839544345e-24
0
0
0
DERIV 24
2.523567337336367142e-25
0
0
0
DERIV 25
-2.736081507996511850e-26
0
0
0
DERIV 26
2.9609468948886329972e-27
0
0
0
DERIV 27
-3.199372496912506041e-28
0
0
0
DERIV 28
3.452610181183560202e-29
0
0
0
DERIV 29
-3.721965608801109627e-30
0
0
0
DERIV 30
4.008808664060872177e-31
0
0
0
DERIV 31
-4.314583496754867973e-32
0
0
0
DERIV 32
4.640818343863908835e-33
0
0
0
DERIV 33
-4.989135299405479263e-34
0
0
0
DERIV 34
5.361260185421281312e-35
0
0
0
DERIV 35
-5.759032658340882231e-36
0
0
0
AT 19/2
6.372124184112883449e-7
0
0
0
DERIV 1
-7.562920728826137341e-7
0
0
0
DERIV 2
4.544964242664012306e-7
0
0
0
DERIV 3
-1.8467559371745676998e-7
0
0
0
DERIV 4
5.717839459974356832e-8
0
0
0
DERIV 5
-1.4416995901029424294e-8
0
0
0
DERIV 6
3.090392494705462248e-9
0
0
0
DERIV 7
-5.806665204376101101e-10
0
0
0
DERIV 8
9.788147050909098113e-11
0
0
0
DERIV 9
-1.5079065932297287962e-11
0
0
0
DERIV 10
2.1556728117766267679e-12
0
0
0
DERIV 11
-2.896858888755695512e-13
0
0
0
DERIV 12
3.699954332803854341e-14
0
0
0
DERIV 13
-4.534129285273703485e-15
0
0
0
DERIV 14
5.374239003568406901e-16
0
0
0
DERIV 15
-6.203096505181310457e-17
0
0
0
DERIV 16
7.011379727832097771e-18
0
0
0
DERIV 17
-7.796111520598278582e-19
0
0
0
DERIV 18
8.558658594753844180e-20
0
0
0
DERIV 19
-9.302896005924611346e-21
0
0
0
DERIV 20
1.0033832451026389301e-21
0
0
0
DERIV 21
-1.0756733195258721868e-22
0
0
0
DERIV 22
1.1476645204990563629e-23
0
0
0
DERIV 23
-1.2198193891937002578e-24
0
0
0
DERIV 24
1.2925537876155626505e-25
0
0
0
DERIV 25
-1.3662402166602500870e-26
0
0
0
DERIV 26
1.4412141945652963555e-27
0
0
0
DERIV 27
-1.5177811998126025659e-28
0
0
0
DERIV 28
1.5962230754685250158e-29
0
0
0
DERIV 29
-1.6768035335462027686e-30
0
0
0
DERIV 30
1.7597727414748652960e-31
0
0
0
DERIV 31
-1.8453711036170057445e-32
0
0
0
DERIV 32
1.9338323815870968618e-33
0
0
0
DERIV 33
-2.025386287616424693e-34
0
0
0
DERIV 34
2.1202606634666511472e-35
0
0
0
DERIV 35
-2.2186833349752972384e-36
0
0
0
AT 39/4
4.738698650490981928e-7
0
0
0
DERIV 1
-5.603613056394429518e-7
0
0
0
DERIV 2
3.353487782293405855e-7
0
0
0
DERIV 3
-1.3561640315870397839e-7
0
0
0
DERIV 4
4.176185466971509666e-8
0
0
0
DERIV 5
-1.0464807881594751322e-8
0
0
0
DERIV 6
2.227372905703717648e-9
0
0
0
DERIV 7
-4.151361904021490138e-10
0
0
0
DERIV 8
6.933576990068387870e-11
0
0
0
DERIV 9
-1.0570177366936574121e-11
0
0
0
DERIV 10
1.4933301781251147684e-12
0
0
0
DERIV 11
-1.9803758331275441426e-13
0
0
0
DERIV 12
2.4924716655988228014e-14
0
0
0
DERIV 13
-3.0054632866029195370e-15
0
0
0
DERIV 14
3.500359332018744033e-16
0
0
0
DERIV 15
-3.964788588874149907e-17
0
0
0
DERIV 16
4.392646783932478912e-18
0
0
0
DERIV 17
-4.782706580792344092e-19
0
0
0
DERIV 18
5.136935317171575168e-20
0
0
0
DERIV 19
-5.459010104235857836e-21
0
0
0
DERIV 20
5.753238449358798165e-22
0
0
0
DERIV 21
-6.023892582638183552e-23
0
0
0
DERIV 22
6.274868050810380985e-24
0
0
0
DERIV 23
-6.509555586787904380e-25
0
0
0
DERIV 24
6.730833087445084265e-26
0
0
0
DERIV 25
-6.941113957535370263e-27
0
0
0
DERIV 26
7.142414436223800202e-28
0
0
0
DERIV 27
-7.336421028511116404e-29
0
0
0
DERIV 28
7.524550217365262640e-30
0
0
0
DERIV 29
-7.707998376683022958e-31
0
0
0
DERIV 30
7.887782362814887355e-32
0
0
0
DERIV 31
-8.064772150487773529e-33
0
0
0
DERIV 32
8.239717003458767661e-34
0
0
0
DERIV 33
-8.413266503764631474e-35
0
0
0
DERIV 34
8.585987523438963943e-36
0
0
0
DERIV 35
-8.758377995021646743e-37
0
0
0
AT 10
3.527732631584204989e-7
0
0
0
DERIV 1
-4.156968929685324106e-7
0
0
0
DERIV 2
2.477844934608508856e-7
0
0
0
DERIV 3
-9.975217079527895631e-8
0
0
0
DERIV 4
3.055971043890905137e-8
0
0
0
DERIV 5
-7.612802173075583625e-9
0
0
0
DERIV 6
1.6094897836550009795e-9
0
0
0
DERIV 7
-2.976847502157424186e-10
0
0
0
DERIV 8
4.928695508717799151e-11
0
0
0
DERIV 9
-7.439682766106083824e-12
0
0
0
DERIV 10
1.0393710920059018642e-12
0
0
0
DERIV 11
-1.3611825513434129254e-13
0
0
0
DERIV 12
1.6894474525140265141e-14
0
0
0
DERIV 13
-2.0061413320021183791e-15
0
0
0
DERIV 14
2.297766663449700446e-16
0
0
0
DERIV 15
-2.5562319442765349938e-17
0
0
0
DERIV 16
2.7783597507031421822e-18
0
0
0
DERIV 17
-2.964654617094141847e-19
0
0
0
DERIV 18
3.117911841051394577e-20
0
0
0
DERIV 19
-3.2420341378390262121e-21
0
0
0
DERIV 20
3.341199140261850177e-22
0
0
0
DERIV 21
-3.419367195017034263e-23
0
0
0
DERIV 22
3.480047850511528798e-24
0
0
0
DERIV 23
-3.526231609874202306e-25
0
0
0
DERIV 24
3.560411137577268697e-26
0
0
0
DERIV 25
-3.584641338381853402e-27
0
0
0
DERIV 26
3.600609448539254742e-28
0
0
0
DERIV 27
-3.609701166930618931e-29
0
0
0
DERIV 28
3.613057550793837487e-30
0
0
0
DERIV 29
-3.611621791217935481e-31
0
0
0
DERIV 30
3.606176839043241086e-32
0
0
0
DERIV 31
-3.597375408644521402e-33
0
0
0
DERIV 32
3.585763870689103372e-34
0
0
0
DERIV 33
-3.571801326821066699e-35
0
0
0
DERIV 34
3.555874905678182159e-36
0
0
0
DERIV 35
-3.538312093066890009e-37
0
0
0
AT 41/4
2.628892580779395268e-7
0
0
0
DERIV 1
-3.087379389541397158e-7
0
0
0
DERIV 2
1.8332927888014236928e-7
0
0
0
DERIV 3
-7.348564515182961988e-8
0
0
0
DERIV 4
2.2402420187807436486e-8
0
0
0
DERIV 5
-5.549573156899907711e-9
0
0
0
DERIV 6
1.1658238660212030258e-9
0
0
0
DERIV 7
-2.1406449831130661299e-10
0
0
0
DERIV 8
3.515027478424777964e-11
0
0
0
DERIV 9
-5.256270040350302630e-12
0
0
0
DERIV 10
7.265992516301033105e-13
0
0
0
DERIV 11
-9.403320214772259371e-14
0
0
0
DERIV 12
1.1517730687089637491e-14
0
0
0
DERIV 13
-1.3478803885016530309e-15
0
0
0
DERIV 14
1.5194452912253742558e-16
0
0
0
DERIV 15
-1.6615749989616782007e-17
0
0
0
DERIV 16
1.7731479062230046151e-18
0
0
0
DERIV 17
-1.8557506622070486930e-19
0
0
0
DERIV 18
1.9125468089130359100e-20
0
0
0
DERIV 19
-1.9473488601545865498e-21
0
0
0
DERIV 20
1.9639888410826688987e-22
0
0
0
DERIV 21
-1.9659653857907966303e-23
0
0
0
DERIV 22
1.9562946117330016778e-24
0
0
0
DERIV 23
-1.9374869375441272514e-25
0
0
0
DERIV 24
1.9115887189634805669e-26
0
0
0
DERIV 25
-1.8802490006547570603e-27
0
0
0
DERIV 26
1.8447894539337116381e-28
0
0
0
DERIV 27
-1.8062674542663455523e-29
0
0
0
DERIV 28
1.7655290232201159102e-30
0
0
0
DERIV 29
-1.7232516578568462853e-31
0
0
0
DERIV 30
1.6799783675151399476e-32
0
0
0
DERIV 31
-1.6361445365940007484e-33
0
0
0
DERIV 32
1.5920991098163967595e-34
0
0
0
DERIV 33
-1.5481213429575485090e-35
0
0
0
DERIV 34
1.5044341024848531647e-36
0
0
0
DERIV 35
-1.4612144755959997286e-37
0
0
0
AT 21/2
1.9609700208921664981e-7
0
0
0
DERIV 1
-2.2955361518454288133e-7
0
0
0
DERIV 2
1.3581298099403562790e-7
0
0
0
DERIV 3
-5.421483527919404667e-8
0
0
0
DERIV 4
1.6450347171103930815e-8
0
0
0
DERIV 5
-4.053458855215269357e-9
0
0
0
DERIV 6
8.463811974576014479e-10
0
0
0
DERIV 7
-1.5434102358398207707e-10
0
0
0
DERIV 8
2.5145479991470152302e-11
0
0
0
DERIV 9
-3.726905499348097815e-12
0
0
0
DERIV 10
5.100439020178503016e-13
0
0
0
DERIV 11
-6.526830027466712901e-14
0
0
0
DERIV 12
7.894741933943592796e-15
0
0
0
DERIV 13
-9.111776210822664596e-16
0
0
0
DERIV 14
1.0117056487970386124e-16
0
0
0
DERIV 15
-1.0883448634783357176e-17
0
0
0
DERIV 16
1.1412163464892950402e-18
0
0
0
DERIV 17
-1.1723810735517677735e-19
0
0
0
DERIV 18
1.1849355594955753779e-20
0
0
0
DERIV 19
-1.1822967945066233573e-21
0
0
0
DERIV 20
1.1677368542548546160e-22
0
0
0
DERIV 21
-1.1441393109252267307e-23
0
0
0
DERIV 22
1.1139138437691887222e-24
0
0
0
DERIV 23
-1.0790049238219496371e-25
0
0
0
DERIV 24
1.0409458069337996149e-26
0
0
0
DERIV 25
-1.0009270757336036951e-27
0
0
0
DERIV 26
9.598633937156509711e-29
0
0
0
DERIV 27
-9.184515327092637997e-30
0
0
0
DERIV 28
8.772179379636147479e-31
0
0
0
DERIV 29
-8.365565175746149965e-32
0
0
0
DERIV 30
7.967582002047700659e-33
0
0
0
DERIV 31
-7.580339062677064202e-34
0
0
0
DERIV 32
7.205323794773230182e-35
0
0
0
DERIV 33
-6.843540509715420656e-36
0
0
0
DERIV 34
6.495618495983197600e-37
0
0
0
DERIV 35
-6.161896582353556476e-38
0
0
0
AT 43/4
1.4641030110244448461e-7
0
0
0
DERIV 1
-1.7085872143896709766e-7
0
0
0
DERIV 2
1.0073397327012681590e-7
0
0
0
DERIV 3
-4.005320478972183139e-8
0
0
0
DERIV 4
1.2099042752880273573e-8
0
0
0
DERIV 5
-2.966173172500159359e-9
0
0
0
DERIV 6
6.157880708155758738e-10
0
0
0
DERIV 7
-1.1155765904921031849e-10
0
0
0
DERIV 8
1.8040361391350587625e-11
0
0
0
DERIV 9
-2.6513769886530294268e-12
0
0
0
DERIV 10
3.594158369927485213e-13
0
0
0
DERIV 11
-4.550415318461599304e-14
0
0
0
DERIV 12
5.438902884449416464e-15
0
0
0
DERIV 13
-6.195157474637782026e-16
0
0
0
DERIV 14
6.780034043392450284e-17
0
0
0
DERIV 15
-7.180301302816767508e-18
0
0
0
DERIV 16
7.403645958278974925e-19
0
0
0
DERIV 17
-7.471306864409522349e-20
0
0
0
DERIV 18
7.410965280586639855e-21
0
0
0
DERIV 19
-7.251330005702738550e-22
0
0
0
DERIV 20
7.018777080891195578e-23
0
0
0
DERIV 21
-6.735743694791901298e-24
0
0
0
DERIV 22
6.420330844280801829e-25
0
0
0
DERIV 23
-6.086592658612505953e-26
0
0
0
DERIV 24
5.745127916352670673e-27
0
0
0
DERIV 25
-5.403739029315998332e-28
0
0
0
DERIV 26
5.068039730457781308e-29
0
0
0
DERIV 27
-4.741966217151853761e-30
0
0
0
DERIV 28
4.428185852848928406e-31
0
0
0
DERIV 29
-4.128414801842016612e-32
0
0
0
DERIV 30
3.843661139981521835e-33
0
0
0
DERIV 31
-3.574409535683899702e-34
0
0
0
DERIV 32
3.320761108220814908e-35
0
0
0
DERIV 33
-3.082539239903813692e-36
0
0
0
DERIV 34
2.859369609160174831e-37
0
0
0
DERIV 35
-2.650740695706598641e-38
0
0
0
AT 11
1.0941017177494833570e-7
0
0
0
DERIV 1
-1.2730002765885833154e-7
0
0
0
DERIV 2
7.480165741526074483e-8
0
0
0
DERIV 3
-2.9629903790625357375e-8
0
0
0
DERIV 4
8.912243726525462679e-9
0
0
0
DERIV 5
-2.174346583482847390e-9
0
0
0
DERIV 6
4.489283357556945229e-10
0
0
0
DERIV 7
-8.082332685759087946e-11
0
0
0
DERIV 8
1.2978089839191624332e-11
0
0
0
DERIV 9
-1.8921677104666126391e-12
0
0
0
DERIV 10
2.541918454767045456e-13
0
0
0
DERIV 11
-3.185730898005608914e-14
0
0
0
DERIV 12
3.764887213451981204e-15
0
0
0
DERIV 13
-4.234941731231129389e-16
0
0
0
DERIV 14
4.571408795959712262e-17
0
0
0
DERIV 15
-4.769413456497405432e-18
0
0
0
DERIV 16
4.839277930466032969e-19
0
0
0
DERIV 17
-4.800571448725809955e-20
0
0
0
DERIV 18
4.676605711779080417e-21
0
0
0
DERIV 19
-4.490402158827045935e-22
0
0
0
DERIV 20
4.262323645102729806e-23
0
0
0
DERIV 21
-4.009074171710994252e-24
0
0
0
DERIV 22
3.743606996059828094e-25
0
0
0
DERIV 23
-3.475521235717724844e-26
0
0
0
DERIV 24
3.2116477008017475940e-27
0
0
0
DERIV 25
-2.956647849147282752e-28
0
0
0
DERIV 26
2.713542046818591443e-29
0
0
0
DERIV 27
-2.4841401088695946857e-30
0
0
0
DERIV 28
2.269376298777546563e-31
0
0
0
DERIV 29
-2.0695628023812560596e-32
0
0
0
DERIV 30
1.8845782968799545327e-33
0
0
0
DERIV 31
-1.7140067680780691087e-34
0
0
0
DERIV 32
1.5572389646531242141e-35
0
0
0
DERIV 33
-1.4135460839305503826e-36
0
0
0
DERIV 34
1.2821329175885988104e-37
0
0
0
DERIV 35
-1.1621758326387702864e-38
0
0
0
AT 45/4
8.183009612830734948e-8
0
0
0
DERIV 1
-9.493775998562531067e-8
0
0
0
DERIV 2
5.560631092901098757e-8
0
0
0
DERIV 3
-2.1946713918406897170e-8
0
0
0
DERIV 4
6.574308844147443906e-9
0
0
0
DERIV 5
-1.5965510332781772246e-9
0
0
0
DERIV 6
3.279106514375292777e-10
0
0
0
DERIV 7
-5.868623726798660034e-11
0
0
0
DERIV 8
9.360274164028959391e-12
0
0
0
DERIV 9
-1.3543547349145097596e-12
0
0
0
DERIV 10
1.8038757041855353894e-13
0
0
0
DERIV 11
-2.2390685422117160097e-14
0
0
0
DERIV 12
2.6177926964948478229e-15
0
0
0
DERIV 13
-2.909697305310151828e-16
0
0
0
DERIV 14
3.099936282959922787e-17
0
0
0
DERIV 15
-3.1883270022013122406e-18
0
0
0
DERIV 16
3.185581417193408676e-19
0
0
0
DERIV 17
-3.108577338520098431e-20
0
0
0
DERIV 18
2.9761545089035621656e-21
0
0
0
DERIV 19
-2.806157195265005253e-22
0
0
0
DERIV 20
2.6138056351647894518e-23
0
0
0
DERIV 21
-2.4111200091466559232e-24
0
0
0
DERIV 22
2.207015776459290395e-25
0
0
0
DERIV 23
-2.0077368188294566775e-26
0
0
0
DERIV 24
1.8173965229301266755e-27
0
0
0
DERIV 25
-1.6384970862595344886e-28
0
0
0
DERIV 26
1.4723699773070412966e-29
0
0
0
DERIV 27
-1.3195237541846020848e-30
0
0
0
DERIV 28
1.1799066425167335264e-31
0
0
0
DERIV 29
-1.0530989584961792838e-32
0
0
0
DERIV 30
9.384512168789387430e-34
0
0
0
DERIV 31
-8.351816560749375355e-35
0
0
0
DERIV 32
7.424440696445453012e-36
0
0
0
DERIV 33
-6.593741820309121645e-37
0
0
0
DERIV 34
5.851206448031421435e-38
0
0
0
DERIV 35
-5.188650771145907614e-39
0
0
0
AT 23/2
6.125233153425768800e-8
0
0
0
DERIV 1
-7.086807626671218011e-8
0
0
0
DERIV 2
4.138025132588998521e-8
0
0
0
DERIV 3
-1.6275315518400008839e-8
0
0
0
DERIV 4
4.856343869524761449e-9
0
0
0
DERIV 5
-1.1741451113143635815e-9
0
0
0
DERIV 6
2.399510589714093356e-10
0
0
0
DERIV 7
-4.270171439944127133e-11
0
0
0
DERIV 8
6.767307647662328242e-12
0
0
0
DERIV 9
-9.721108752655862528e-13
0
0
0
DERIV 10
1.2842375940677172894e-13
0
0
0
DERIV 11
-1.5795205754522491958e-14
0
0
0
DERIV 12
1.8278725082703244501e-15
0
0
0
DERIV 13
-2.0087381356891833681e-16
0
0
0
DERIV 14
2.1134655362811971640e-17
0
0
0
DERIV 15
-2.1442602769182320818e-18
0
0
0
DERIV 16
2.1110489321749822044e-19
0
0
0
DERIV 17
-2.0277727038884312831e-20
0
0
0
DERIV 18
1.9092150402159403889e-21
0
0
0
DERIV 19
-1.7688632811023758070e-22
0
0
0
DERIV 20
1.6178173054671825590e-23
0
0
0
DERIV 21
-1.4644976803870561323e-24
0
0
0
DERIV 22
1.3148419137158454077e-25
0
0
0
DERIV 23
-1.1727269986711435416e-26
0
0
0
DERIV 24
1.0404440279162111756e-27
0
0
0
DERIV 25
-9.191311854338476363e-29
0
0
0
DERIV 26
8.091279621377306947e-30
0
0
0
DERIV 27
-7.102459291450853636e-31
0
0
0
DERIV 28
6.219663963620358945e-32
0
0
0
DERIV 29
-5.435798894901406315e-33
0
0
0
DERIV 30
4.742818750922767482e-34
0
0
0
DERIV 31
-4.132367292803249810e-35
0
0
0
DERIV 32
3.596191870973361083e-36
0
0
0
DERIV 33
-3.126400862458700432e-37
0
0
0
DERIV 34
2.715613079594965536e-38
0
0
0
DERIV 35
-2.3570339197557221538e-39
0
0
0
AT 47/4
4.588515591279494750e-8
0
0
0
DERIV 1
-5.294764713106510908e-8
0
0
0
DERIV 2
3.082466158801353525e-8
0
0
0
DERIV 3
-1.2083314708947170110e-8
0
0
0
DERIV 4
3.592001197947787207e-9
0
0
0
DERIV 5
-8.647916823700622999e-10
0
0
0
DERIV 6
1.7588856512715018900e-10
0
0
0
DERIV 7
-3.113258121655656007e-11
0
0
0
DERIV 8
4.903824576674556686e-12
0
0
0
DERIV 9
-6.995863790673452980e-13
0
0
0
DERIV 10
9.170600420610912940e-14
0
0
0
DERIV 11
-1.1181235241494452314e-14
0
0
0
DERIV 12
1.2813780408447066224e-15
0
0
0
DERIV 13
-1.3930070424707923945e-16
0
0
0
DERIV 14
1.4482470937910443797e-17
0
0
0
DERIV 15
-1.4503102299390692925e-18
0
0
0
DERIV 16
1.4078256517206242708e-19
0
0
0
DERIV 17
-1.3319683752435232754e-20
0
0
0
DERIV 18
1.2340900637111142249e-21
0
0
0
DERIV 19
-1.1241928615652736864e-22
0
0
0
DERIV 20
1.0102184418865189751e-23
0
0
0
DERIV 21
-8.979372378475869137e-25
0
0
0
DERIV 22
7.911868678171473622e-26
0
0
0
DERIV 23
-6.922565907292474968e-27
0
0
0
DERIV 24
6.022874696456809555e-28
0
0
0
DERIV 25
-5.216219623040006861e-29
0
0
0
DERIV 26
4.500801560014133599e-30
0
0
0
DERIV 27
-3.871638782308535498e-31
0
0
0
DERIV 28
3.322002052511429535e-32
0
0
0
DERIV 29
-2.8443829537719668528e-33
0
0
0
DERIV 30
2.431121903585349212e-34
0
0
0
DERIV 31
-2.0747971258451909782e-35
0
0
0
DERIV 32
1.7684503191075599660e-36
0
0
0
DERIV 33
-1.5057033718183287283e-37
0
0
0
DERIV 34
1.2808041250550912392e-38
0
0
0
DERIV 35
-1.0886272877596457870e-39
0
0
0
AT 12
3.439921153210922779e-8
0
0
0
DERIV 1
-3.959234853893745113e-8
0
0
0
DERIV 2
2.2983751860400899885e-8
0
0
0
DERIV 3
-8.980845067983954281e-9
0
0
0
DERIV 4
2.660140787881720609e-9
0
0
0
DERIV 5
-6.378524622700592827e-10
0
0
0
DERIV 6
1.2914049191552467665e-10
0
0
0
DERIV 7
-2.2740530365643595758e-11
0
0
0
DERIV 8
3.5611643996571577282e-12
0
0
0
DERIV 9
-5.047145544207423618e-13
0
0
0
DERIV 10
6.567342742430445816e-14
0
0
0
DERIV 11
-7.940993544153808468e-15
0
0
0
DERIV 12
9.016346577214931794e-16
0
0
0
DERIV 13
-9.701207449028323917e-17
0
0
0
DERIV 14
9.971719422254222921e-18
0
0
0
DERIV 15
-9.862228989991954242e-19
0
0
0
DERIV 16
9.444748908615245548e-20
0
0
0
DERIV 17
-8.806931233477775108e-21
0
0
0
DERIV 18
8.034532746550114201e-22
0
0
0
DERIV 19
-7.200653468790231870e-23
0
0
0
DERIV 20
6.361256266136256907e-24
0
0
0
DERIV 21
-5.555143676808390889e-25
0
0
0
DERIV 22
4.806393408573310781e-26
0
0
0
DERIV 23
-4.127692741275044396e-27
0
0
0
DERIV 24
3.523609365778366458e-28
0
0
0
DERIV 25
-2.993340099505288939e-29
0
0
0
DERIV 26
2.5328098078668614090e-30
0
0
0
DERIV 27
-2.136167512977329752e-31
0
0
0
DERIV 28
1.7967947699263889139e-32
0
0
0
DERIV 29
-1.5079504143725747379e-33
0
0
0
DERIV 30
1.2631588103134954792e-34
0
0
0
DERIV 31
-1.0564245142821579883e-35
0
0
0
DERIV 32
8.823335364604142322e-37
0
0
0
DERIV 33
-7.360831017868696462e-38
0
0
0
DERIV 34
6.134682523855874160e-39
0
0
0
DERIV 35
-5.108440265821790575e-40
0
0
0
AT 49/4
2.5807081649563249756e-8
0
0
0
DERIV 1
-2.9629860824324099488e-8
0
0
0
DERIV 2
1.7153130153192767380e-8
0
0
0
DERIV 3
-6.681929859852121303e-9
0
0
0
DERIV 4
1.972373059669338135e-9
0
0
0
DERIV 5
-4.711057579617655240e-10
0
0
0
DERIV 6
9.496464727706179544e-11
0
0
0
DERIV 7
-1.6640249363114903712e-11
0
0
0
DERIV 8
2.5914187009597273546e-12
0
0
0
DERIV 9
-3.649813804999787339e-13
0
0
0
DERIV 10
4.715768891035357289e-14
0
0
0
DERIV 11
-5.657190102200704902e-15
0
0
0
DERIV 12
6.366698156403795171e-16
0
0
0
DERIV 13
-6.783233156520321338e-17
0
0
0
DERIV 14
6.897008659840102928e-18
0
0
0
DERIV 15
-6.740486278182701839e-19
0
0
0
DERIV 16
6.372099937299267020e-20
0
0
0
DERIV 17
-5.859497477731131011e-21
0
0
0
DERIV 18
5.266663792686940995e-22
0
0
0
DERIV 19
-4.646419087459847229e-23
0
0
0
DERIV 20
4.037712115924206040e-24
0
0
0
DERIV 21
-3.466191161082677476e-25
0
0
0
DERIV 22
2.946478593858465297e-26
0
0
0
DERIV 23
-2.4849632872500717845e-27
0
0
0
DERIV 24
2.082408791393621379e-28
0
0
0
DERIV 25
-1.7360677334177534122e-29
0
0
0
DERIV 26
1.4412418437467675228e-30
0
0
0
DERIV 27
-1.1923519093235348006e-31
0
0
0
DERIV 28
9.836249596467198691e-33
0
0
0
DERIV 29
-8.095053489454017065e-34
0
0
0
DERIV 30
6.648779252443608351e-35
0
0
0
DERIV 31
-5.451693365348694081e-36
0
0
0
DERIV 32
4.463739480377936837e-37
0
0
0
DERIV 33
-3.650356719151974555e-38
0
0
0
DERIV 34
2.982060818751460616e-39
0
0
0
DERIV 35
-2.4339166275773928745e-40
0
0
0
AT 25/2
1.9374548649325558952e-8
0
0
0
DERIV 1
-2.2191556352041922958e-8
0
0
0
DERIV 2
1.2812952404733426938e-8
0
0
0
DERIV 3
-4.976461915820412567e-9
0
0
0
DERIV 4
1.4640860723395888823e-9
0
0
0
DERIV 5
-3.484002656286669830e-10
0
0
0
DERIV 6
6.993642405588687812e-11
0
0
0
DERIV 7
-1.2197026484730756195e-11
0
0
0
DERIV 8
1.8894072621499323168e-12
0
0
0
DERIV 9
-2.645219473238633503e-13
0
0
0
DERIV 10
3.394866300226413569e-14
0
0
0
DERIV 11
-4.041975505870518540e-15
0
0
0
DERIV 12
4.510692695260714826e-16
0
0
0
DERIV 13
-4.760904462918888517e-17
0
0
0
DERIV 14
4.790780211322407094e-18
0
0
0
DERIV 15
-4.629020288827693807e-19
0
0
0
DERIV 16
4.322091602930009683e-20
0
0
0
DERIV 17
-3.921566013668155995e-21
0
0
0
DERIV 18
3.474727678109973971e-22
0
0
0
DERIV 19
-3.019401720994765325e-23
0
0
0
DERIV 20
2.5824138633027405237e-24
0
0
0
DERIV 21
-2.180438919745363749e-25
0
0
0
DERIV 22
1.8220102024253068829e-26
0
0
0
DERIV 23
-1.5097965740891419246e-27
0
0
0
DERIV 24
1.2426410809421665895e-28
0
0
0
DERIV 25
-1.0171580690364417913e-29
0
0
0
DERIV 26
8.288709853131642603e-31
0
0
0
DERIV 27
-6.729608119033810042e-32
0
0
0
DERIV 28
5.447205137064580602e-33
0
0
0
DERIV 29
-4.398045158227099730e-34
0
0
0
DERIV 30
3.543440333784086729e-35
0
0
0
DERIV 31
-2.8497961120063361346e-36
0
0
0
DERIV 32
2.288458493092216169e-37
0
0
0
DERIV 33
-1.8353101770678302699e-38
0
0
0
DERIV 34
1.4702568595873502290e-39
0
0
0
DERIV 35
-1.1766876868654795104e-40
0
0
0
AT 51/4
1.4555107078489207574e-8
0
0
0
DERIV 1
-1.6633076245361898483e-8
0
0
0
DERIV 2
9.579060763640970587e-9
0
0
0
DERIV 3
-3.709840298165913701e-9
0
0
0
DERIV 4
1.0879666375982929217e-9
0
0
0
DERIV 5
-2.579732702952704717e-10
0
0
0
DERIV 6
5.157702722695147094e-11
0
0
0
DERIV 7
-8.954613069627862695e-12
0
0
0
DERIV 8
1.3801084639353524191e-12
0
0
0
DERIV 9
-1.9211817107504773381e-13
0
0
0
DERIV 10
2.4498593431593548477e-14
0
0
0
DERIV 11
-2.8959092785350157674e-15
0
0
0
DERIV 12
3.205815553160478928e-16
0
0
0
DERIV 13
-3.353466480944114285e-17
0
0
0
DERIV 14
3.3412213265681679793e-18
0
0
0
DERIV 15
-3.193421647296072199e-19
0
0
0
DERIV 16
2.946466436434578197e-20
0
0
0
DERIV 17
-2.6393016783742974201e-21
0
0
0
DERIV 18
2.306609423477432215e-22
0
0
0
DERIV 19
-1.9752827124527648132e-23
0
0
0
DERIV 20
1.6636306171273762117e-24
0
0
0
DERIV 21
-1.3823100730965195707e-25
0
0
0
DERIV 22
1.1360347778526724754e-26
0
0
0
DERIV 23
-9.253937595111537428e-28
0
0
0
DERIV 24
7.484190816313802903e-29
0
0
0
DERIV 25
-6.017739752537786665e-30
0
0
0
DERIV 26
4.815692088777976343e-31
0
0
0
DERIV 27
-3.838759885873575078e-32
0
0
0
DERIV 28
3.0501719888671001796e-33
0
0
0
DERIV 29
-2.417094900861724963e-34
0
0
0
DERIV 30
1.9111188645932389828e-35
0
0
0
DERIV 31
-1.5082000511364559870e-36
0
0
0
DERIV 32
1.1883159977729174581e-37
0
0
0
DERIV 33
-9.349944336629419080e-39
0
0
0
DERIV 34
7.348098971088108662e-40
0
0
0
DERIV 35
-5.769001325658654178e-41
0
0
0
AT 13
1.0941573068723901557e-8
0
0
0
DERIV 1
-1.2475893990780312363e-8
0
0
0
DERIV 2
7.167207185979903670e-9
0
0
0
DERIV 3
-2.768141689838968405e-9
0
0
0
DERIV 4
8.093113926357047898e-10
0
0
0
DERIV 5
-1.9124190518965156157e-10
0
0
0
DERIV 6
3.808834797067435088e-11
0
0
0
DERIV 7
-6.584225601663300663e-12
0
0
0
DERIV 8
1.0098589136103347536e-12
0
0
0
DERIV 9
-1.3981187604300675534e-13
0
0
0
DERIV 10
1.7719566607236336194e-14
0
0
0
DERIV 11
-2.0802275127673030879e-15
0
0
0
DERIV 12
2.285212816169972524e-16
0
0
0
DERIV 13
-2.3700987964172088716e-17
0
0
0
DERIV 14
2.3391782420829384806e-18
0
0
0
DERIV 15
-2.212522458713478061e-19
0
0
0
DERIV 16
2.0183189806429066336e-20
0
0
0
DERIV 17
-1.7857632147821199082e-21
0
0
0
DERIV 18
1.5401451186533832932e-22
0
0
0
DERIV 19
-1.3004742423847806720e-23
0
0
0
DERIV 20
1.0791448878141340129e-24
0
0
0
DERIV 21
-8.828400240938672588e-26
0
0
0
DERIV 22
7.139449666003388538e-27
0
0
0
DERIV 23
-5.719759129994715230e-28
0
0
0
DERIV 24
4.547694493379066075e-29
0
0
0
DERIV 25
-3.593551241817205890e-30
0
0
0
DERIV 26
2.825327838134170474e-31
0
0
0
DERIV 27
-2.2121717523500571430e-32
0
0
0
DERIV 28
1.7261807233349176613e-33
0
0
0
DERIV 29
-1.3431379593214046839e-34
0
0
0
DERIV 30
1.0426109551256787323e-35
0
0
0
DERIV 31
-8.077058855882520773e-37
0
0
0
DERIV 32
6.246626091989639895e-38
0
0
0
DERIV 33
-4.824001955703414611e-39
0
0
0
DERIV 34
3.720736003066733167e-40
0
0
0
DERIV 35
-2.866714598989570624e-41
0
0
0
AT 53/4
8.230281331139583328e-9
0
0
0
DERIV 1
-9.364257799931418254e-9
0
0
0
DERIV 2
5.366814462101225300e-9
0
0
0
DERIV 3
-2.067301582146255026e-9
0
0
0
DERIV 4
6.026258871158222185e-10
0
0
0
DERIV 5
-1.4193222980610457599e-10
0
0
0
DERIV 6
2.8163349393054565875e-11
0
0
0
DERIV 7
-4.848374564800229015e-12
0
0
0
DERIV 8
7.401690979919804414e-13
0
0
0
DERIV 9
-1.0194007943260047578e-13
0
0
0
DERIV 10
1.2844212586541424781e-14
0
0
0
DERIV 11
-1.4980006487957686909e-15
0
0
0
DERIV 12
1.6335754036639998639e-16
0
0
0
DERIV 13
-1.6804623717672525832e-17
0
0
0
DERIV 14
1.6435854076200321353e-18
0
0
0
DERIV 15
-1.5391644928314920711e-19
0
0
0
DERIV 16
1.3888351237044501659e-20
0
0
0
DERIV 17
-1.2143573992947928033e-21
0
0
0
DERIV 18
1.0340878315192571024e-22
0
0
0
DERIV 19
-8.613994156193465393e-24
0
0
0
DERIV 20
7.046179904298393670e-25
0
0
0
DERIV 21
-5.678409473829392583e-26
0
0
0
DERIV 22
4.520824509632208475e-27
0
0
0
DERIV 23
-3.563806814180426368e-28
0
0
0
DERIV 24
2.786904051187916125e-29
0
0
0
DERIV 25
-2.1651680760540930008e-30
0
0
0
DERIV 26
1.6731849136259862769e-31
0
0
0
DERIV 27
-1.2873441391481359440e-32
0
0
0
DERIV 28
9.869046669759605036e-34
0
0
0
DERIV 29
-7.543110108781520973e-35
0
0
0
DERIV 30
5.750863840004388870e-36
0
0
0
DERIV 31
-4.375170579197582358e-37
0
0
0
DERIV 32
3.322584781895089924e-38
0
0
0
DERIV 33
-2.5193650730824729533e-39
0
0
0
DERIV 34
1.9078093450193954687e-40
0
0
0
DERIV 35
-1.4430676784668097287e-41
0
0
0
AT 27/2
6.194563190309478979e-9
0
0
0
DERIV 1
-7.033420529737382128e-9
0
0
0
DERIV 2
4.021701683225380608e-9
0
0
0
DERIV 3
-1.5452066778195653251e-9
0
0
0
DERIV 4
4.491527611877637747e-10
0
0
0
DERIV 5
-1.0545022350963574757e-10
0
0
0
DERIV 6
2.0850089047847251878e-11
0
0
0
DERIV 7
-3.5751300290145639352e-12
0
0
0
DERIV 8
5.433621278779188041e-13
0
0
0
DERIV 9
-7.446128391124763380e-14
0
0
0
DERIV 10
9.329466069340321018e-15
0
0
0
DERIV 11
-1.0812675989374185150e-15
0
0
0
DERIV 12
1.1708799818004778486e-16
0
0
0
DERIV 13
-1.1951106797915322486e-17
0
0
0
DERIV 14
1.1588033376023638283e-18
0
0
0
DERIV 15
-1.0748708089632191961e-19
0
0
0
DERIV 16
9.598041867818815078e-21
0
0
0
DERIV 17
-8.297484468160023206e-22
0
0
0
DERIV 18
6.979792934307734947e-23
0
0
0
DERIV 19
-5.738670786736194239e-24
0
0
0
DERIV 20
4.629623699591331347e-25
0
0
0
DERIV 21
-3.677057621327473316e-26
0
0
0
DERIV 22
2.8834061052702932189e-27
0
0
0
DERIV 23
-2.237619237110869547e-28
0
0
0
DERIV 24
1.7217994053818565198e-29
0
0
0
DERIV 25
-1.3157621110088263759e-30
0
0
0
DERIV 26
9.998152125843142169e-32
0
0
0
DERIV 27
-7.562217123854500538e-33
0
0
0
DERIV 28
5.697925153795600873e-34
0
0
0
DERIV 29
-4.279602948962933249e-35
0
0
0
DERIV 30
3.205789449330370228e-36
0
0
0
DERIV 31
-2.396037178396376425e-37
0
0
0
DERIV 32
1.7874232128471677998e-38
0
0
0
DERIV 33
-1.3312450403747401782e-39
0
0
0
DERIV 34
9.901151318205918491e-41
0
0
0
DERIV 35
-7.355190712748087273e-42
0
0
0
AT 55/4
4.665076963137855356e-9
0
0
0
DERIV 1
-5.286167153239399419e-9
0
0
0
DERIV 2
3.015904286657078781e-9
0
0
0
DERIV 3
-1.1559051870246316154e-9
0
0
0
DERIV 4
3.350716617938159807e-10
0
0
0
DERIV 5
-7.842647575446247505e-11
0
0
0
DERIV 6
1.5453955238640063088e-11
0
0
0
DERIV 7
-2.6397589487177354036e-12
0
0
0
DERIV 8
3.994879085857431770e-13
0
0
0
DERIV 9
-5.448322456685968694e-14
0
0
0
DERIV 10
6.789795364565023728e-15
0
0
0
DERIV 11
-7.822091167127923550e-16
0
0
0
DERIV 12
8.413695058011867515e-17
0
0
0
DERIV 13
-8.523862205120214833e-18
0
0
0
DERIV 14
8.196692924774330605e-19
0
0
0
DERIV 15
-7.533818786317517222e-20
0
0
0
DERIV 16
6.660247182453426486e-21
0
0
0
DERIV 17
-5.695339670063898625e-22
0
0
0
DERIV 18
4.734835033412742580e-23
0
0
0
DERIV 19
-3.844169116837864000e-24
0
0
0
DERIV 20
3.060057571676860528e-25
0
0
0
DERIV 21
-2.3964661467615186195e-26
0
0
0
DERIV 22
1.8517914160471977167e-27
0
0
0
DERIV 23
-1.4153108020438047936e-28
0
0
0
DERIV 24
1.0720776656139535580e-29
0
0
0
DERIV 25
-8.061761332595810516e-31
0
0
0
DERIV 26
6.026157609111743788e-32
0
0
0
DERIV 27
-4.482516067082173479e-33
0
0
0
DERIV 28
3.320822339565612181e-34
0
0
0
DERIV 29
-2.451938376095574272e-35
0
0
0
DERIV 30
1.8053141776279339461e-36
0
0
0
DERIV 31
-1.3260764062622710762e-37
0
0
0
DERIV 32
9.721064682476438659e-39
0
0
0
DERIV 33
-7.114054605690006203e-40
0
0
0
DERIV 34
5.198579219749167092e-41
0
0
0
DERIV 35
-3.794061487632945208e-42
0
0
0
AT 14
3.515204077240480807e-9
0
0
0
DERIV 1
-3.975450793682397943e-9
0
0
0
DERIV 2
2.263227117898984656e-9
0
0
0
DERIV 3
-8.653608386177322034e-10
0
0
0
DERIV 4
2.501858959142592659e-10
0
0
0
DERIV 5
-5.838590395447381978e-11
0
0
0
DERIV 6
1.1467206652952519466e-11
0
0
0
DERIV 7
-1.9515861687316903260e-12
0
0
0
DERIV 8
2.941328660908550732e-13
0
0
0
DERIV 9
-3.993065119967502983e-14
0
0
0
DERIV 10
4.950690678033789302e-15
0
0
0
DERIV 11
-5.670651526911520884e-16
0
0
0
DERIV 12
6.060477193731824136e-17
0
0
0
DERIV 13
-6.096072177091754443e-18
0
0
0
DERIV 14
5.815766860986033053e-19
0
0
0
DERIV 15
-5.298841560791774289e-20
0
0
0
DERIV 16
4.639640199212055990e-21
0
0
0
DERIV 17
-3.926161400400757507e-22
0
0
0
DERIV 18
3.227294250230614043e-23
0
0
0
DERIV 19
-2.5886009047660608433e-24
0
0
0
DERIV 20
2.0341641951665422138e-25
0
0
0
DERIV 21
-1.5714991117567539415e-26
0
0
0
DERIV 22
1.1971432971037595038e-27
0
0
0
DERIV 23
-9.015215583010446851e-29
0
0
0
DERIV 24
6.725332519364314414e-30
0
0
0
DERIV 25
-4.978582113737125954e-31
0
0
0
DERIV 26
3.662336734680809179e-32
0
0
0
DERIV 27
-2.6801588577874881386e-33
0
0
0
DERIV 28
1.953013179325728829e-34
0
0
0
DERIV 29
-1.4181015458919043240e-35
0
0
0
DERIV 30
1.0266452839154554245e-36
0
0
0
DERIV 31
-7.413940190949962694e-38
0
0
0
DERIV 32
5.342684874306529266e-39
0
0
0
DERIV 33
-3.843154461468390551e-40
0
0
0
DERIV 34
2.760234410415869299e-41
0
0
0
DERIV 35
-1.9798256434469191390e-42
0
0
0
AT 57/4
2.650194766610487105e-9
0
0
0
DERIV 1
-2.991532129430182661e-9
0
0
0
DERIV 2
1.6995372125153237758e-9
0
0
0
DERIV 3
-6.483341476378809707e-10
0
0
0
DERIV 4
1.8696250497632041525e-10
0
0
0
DERIV 5
-4.350768074391395471e-11
0
0
0
DERIV 6
8.518072722026545637e-12
0
0
0
DERIV 7
-1.4445684022548657320e-12
0
0
0
DERIV 8
2.1686068327244999533e-13
0
0
0
DERIV 9
-2.931083282278799392e-14
0
0
0
DERIV 10
3.616141656302412632e-15
0
0
0
DERIV 11
-4.119253427206334700e-16
0
0
0
DERIV 12
4.375429130303439753e-17
0
0
0
DERIV 13
-4.371089701965854831e-18
0
0
0
DERIV 14
4.138540692620400460e-19
0
0
0
DERIV 15
-3.739192154244618303e-20
0
0
0
DERIV 16
3.2439966364438472787e-21
0
0
0
DERIV 17
-2.717689161446159686e-22
0
0
0
DERIV 18
2.2097533247467227511e-23
0
0
0
DERIV 19
-1.7518311417198917387e-24
0
0
0
DERIV 20
1.3595703792439088023e-25
0
0
0
DERIV 21
-1.0365974332790375938e-26
0
0
0
DERIV 22
7.788327556412883829e-28
0
0
0
DERIV 23
-5.781369639732068718e-29
0
0
0
DERIV 24
4.249252639299137933e-30
0
0
0
DERIV 25
-3.097904308192860152e-31
0
0
0
DERIV 26
2.2435331610073840307e-32
0
0
0
DERIV 27
-1.6159224223649320174e-33
0
0
0
DERIV 28
1.1586345762086696435e-34
0
0
0
DERIV 29
-8.276441889492308044e-36
0
0
0
DERIV 30
5.893595190501092139e-37
0
0
0
DERIV 31
-4.185747718150292096e-38
0
0
0
DERIV 32
2.966182386250480520e-39
0
0
0
DERIV 33
-2.0979663102145924332e-40
0
0
0
DERIV 34
1.4814718124942057750e-41
0
0
0
DERIV 35
-1.0446736689388123782e-42
0
0
0
AT 29/2
1.999092417986973258e-9
0
0
0
DERIV 1
-2.252443234900814186e-9
0
0
0
DERIV 2
1.2770703673896471261e-9
0
0
0
DERIV 3
-4.860882610439739258e-10
0
0
0
DERIV 4
1.3982946753704761311e-10
0
0
0
DERIV 5
-3.245039553701967402e-11
0
0
0
DERIV 6
6.333903693678586821e-12
0
0
0
DERIV 7
-1.0705150483581455767e-12
0
0
0
DERIV 8
1.6009911143350946989e-13
0
0
0
DERIV 9
-2.1547509393144300825e-14
0
0
0
DERIV 10
2.6458147200691430982e-15
0
0
0
DERIV 11
-2.998040534719757560e-16
0
0
0
DERIV 12
3.165772710950371568e-17
0
0
0
DERIV 13
-3.1419526732130250829e-18
0
0
0
DERIV 14
2.953222518359807829e-19
0
0
0
DERIV 15
-2.6468822213049496680e-20
0
0
0
DERIV 16
2.2761430534894054713e-21
0
0
0
DERIV 17
-1.8885463310661156144e-22
0
0
0
DERIV 18
1.5195893054817682204e-23
0
0
0
DERIV 19
-1.1911946371638709635e-24
0
0
0
DERIV 20
9.134173965112583298e-26
0
0
0
DERIV 21
-6.876166350824271456e-27
0
0
0
DERIV 22
5.097632261633341422e-28
0
0
0
DERIV 23
-3.731586601348740781e-29
0
0
0
DERIV 24
2.7033135615698519410e-30
0
0
0
DERIV 25
-1.9417211666858089189e-31
0
0
0
DERIV 26
1.3849347750393077674e-32
0
0
0
DERIV 27
-9.821190437514090464e-34
0
0
0
DERIV 28
6.931512999536721265e-35
0
0
0
DERIV 29
-4.872737637148706729e-36
0
0
0
DERIV 30
3.414151425866912891e-37
0
0
0
DERIV 31
-2.385539142177809298e-38
0
0
0
DERIV 32
1.6629165459028749216e-39
0
0
0
DERIV 33
-1.1568752318887284502e-40
0
0
0
DERIV 34
8.034516941233985409e-42
0
0
0
DERIV 35
-5.571777272578133690e-43
0
0
0
AT 59/4
1.5087193807138741010e-9
0
0
0
DERIV 1
-1.6969086968415056310e-9
0
0
0
DERIV 2
9.602200697927144535e-10
0
0
0
DERIV 3
-3.646989731401420637e-10
0
0
0
DERIV 4
1.0466032550662483867e-10
0
0
0
DERIV 5
-2.4224490917435338015e-11
0
0
0
DERIV 6
4.714436655408185542e-12
0
0
0
DERIV 7
-7.942010568888303071e-13
0
0
0
DERIV 8
1.1834310769217241357e-13
0
0
0
DERIV 9
-1.5862954408668375505e-14
0
0
0
DERIV 10
1.9389824652059630567e-15
0
0
0
DERIV 11
-2.1860021195811527597e-16
0
0
0
DERIV 12
2.2952955534024073557e-17
0
0
0
DERIV 13
-2.2637462756363777126e-18
0
0
0
DERIV 14
2.1129759072982592661e-19
0
0
0
DERIV 15
-1.8792505260244862906e-20
0
0
0
DERIV 16
1.6023869853539580474e-21
0
0
0
DERIV 17
-1.3172549567869793291e-22
0
0
0
DERIV 18
1.0492929676461390499e-23
0
0
0
DERIV 19
-8.136558569514108147e-25
0
0
0
DERIV 20
6.167183529452976162e-26
0
0
0
DERIV 21
-4.585804889724673218e-27
0
0
0
DERIV 22
3.355883871554993960e-28
0
0
0
DERIV 23
-2.4235283695669893579e-29
0
0
0
DERIV 24
1.7311914713961515201e-30
0
0
0
DERIV 25
-1.2255706039016378541e-31
0
0
0
DERIV 26
8.612341570640744374e-33
0
0
0
DERIV 27
-6.015342063282199394e-34
0
0
0
DERIV 28
4.180373836713098267e-35
0
0
0
DERIV 29
-2.8930566233684522848e-36
0
0
0
DERIV 30
1.995195765133939468e-37
0
0
0
DERIV 31
-1.3719657359918148637e-38
0
0
0
DERIV 32
9.410809599337412962e-40
0
0
0
DERIV 33
-6.441653160203255338e-41
0
0
0
DERIV 34
4.401354248475065217e-42
0
0
0
DERIV 35
-3.0026393746940425545e-43
0
0
0
AT 15
1.1391938168187050644e-9
0
0
0
DERIV 1
-1.2790852620683472896e-9
0
0
0
DERIV 2
7.224191101383301778e-10
0
0
0
DERIV 3
-2.738081150073568279e-10
0
0
0
DERIV 4
7.839567027083825832e-11
0
0
0
DERIV 5
-1.8099028572054438778e-11
0
0
0
DERIV 6
3.5123620126034324537e-12
0
0
0
DERIV 7
-5.898358394414941336e-13
0
0
0
DERIV 8
8.758295416344704668e-14
0
0
0
DERIV 9
-1.1693967051087477022e-14
0
0
0
DERIV 10
1.4231707863626281037e-15
0
0
0
DERIV 11
-1.5966909898026623393e-16
0
0
0
DERIV 12
1.6674573343620755183e-17
0
0
0
DERIV 13
-1.6346515884481380258e-18
0
0
0
DERIV 14
1.5156075147521199812e-19
0
0
0
DERIV 15
-1.3380282119853709657e-20
0
0
0
DERIV 16
1.1316548377604333824e-21
0
0
0
DERIV 17
-9.220387302365806065e-23
0
0
0
DERIV 18
7.273964925123993697e-24
0
0
0
DERIV 19
-5.581816833875258927e-25
0
0
0
DERIV 20
4.183673370926275990e-26
0
0
0
DERIV 21
-3.0740836835283909448e-27
0
0
0
DERIV 22
2.221532742565016563e-28
0
0
0
DERIV 23
-1.5833741461170512624e-29
0
0
0
DERIV 24
1.1156908724455337948e-30
0
0
0
DERIV 25
-7.787609741579932839e-32
0
0
0
DERIV 26
5.393698336750524954e-33
0
0
0
DERIV 27
-3.711796163571821622e-34
0
0
0
DERIV 28
2.540851795246609306e-35
0
0
0
DERIV 29
-1.7316634783688348428e-36
0
0
0
DERIV 30
1.1758529347203382822e-37
0
0
0
DERIV 31
-7.959833471030977932e-39
0
0
0
DERIV 32
5.374330892873093131e-40
0
0
0
DERIV 33
-3.620628727245241966e-41
0
0
0
DERIV 34
2.4345691111479618159e-42
0
0
0
DERIV 35
-1.6343833769173886326e-43
0
0
0
AT 61/4
8.605848263461879818e-10
0
0
0
DERIV 1
-9.646488837438092657e-10
0
0
0
DERIV 2
5.438277078596280892e-10
0
0
0
DERIV 3
-2.0570280638679125925e-10
0
0
0
DERIV 4
5.876473694854171464e-11
0
0
0
DERIV 5
-1.3533432643045559715e-11
0
0
0
DERIV 6
2.6191701368611113372e-12
0
0
0
DERIV 7
-4.385064930370379263e-13
0
0
0
DERIV 8
6.489284270495139382e-14
0
0
0
DERIV 9
-8.631868580145200736e-15
0
0
0
DERIV 10
1.0461140248813608594e-15
0
0
0
DERIV 11
-1.1681908564363761296e-16
0
0
0
DERIV 12
1.2136351515260482801e-17
0
0
0
DERIV 13
-1.1828949338762978539e-18
0
0
0
DERIV 14
1.0897342198204121887e-19
0
0
0
DERIV 15
-9.552508948979778371e-21
0
0
0
DERIV 16
8.016289737377396414e-22
0
0
0
DERIV 17
-6.475790431080508917e-23
0
0
0
DERIV 18
5.061391893746288124e-24
0
0
0
DERIV 19
-3.845043393256595433e-25
0
0
0
DERIV 20
2.850953645356474442e-26
0
0
0
DERIV 21
-2.0708547761049811952e-27
0
0
0
DERIV 22
1.4784415866262694600e-28
0
0
0
DERIV 23
-1.0403848655532835320e-29
0
0
0
DERIV 24
7.234079033110417828e-31
0
0
0
DERIV 25
-4.980483544040104186e-32
0
0
0
DERIV 26
3.401021927002772094e-33
0
0
0
DERIV 27
-2.306833350741079421e-34
0
0
0
DERIV 28
1.5559591901974305556e-35
0
0
0
DERIV 29
-1.0446407541434812880e-36
0
0
0
DERIV 30
6.986443085860939192e-38
0
0
0
DERIV 31
-4.657319983835476948e-39
0
0
0
DERIV 32
3.0961820765108734421e-40
0
0
0
DERIV 33
-2.0535562467539970343e-41
0
0
0
DERIV 34
1.3593255355145085861e-42
0
0
0
DERIV 35
-8.982527729294396535e-44
0
0
0
AT 31/2
6.504146819451735200e-10
0
0
0
DERIV 1
-7.278812108426164088e-10
0
0
0
DERIV 2
4.096176819763380553e-10
0
0
0
DERIV 3
-1.5463454765563721643e-10
0
0
0
DERIV 4
4.408034343889358883e-11
0
0
0
DERIV 5
-1.0127439669002109466e-11
0
0
0
DERIV 6
1.9548249795555716006e-12
0
0
0
DERIV 7
-3.263227228199959139e-13
0
0
0
DERIV 8
4.813421633059247447e-14
0
0
0
DERIV 9
-6.379532297848491660e-15
0
0
0
DERIV 10
7.700375113350107472e-16
0
0
0
DERIV 11
-8.560455872344560405e-17
0
0
0
DERIV 12
8.849146515727246956e-18
0
0
0
DERIV 13
-8.577241586032235721e-19
0
0
0
DERIV 14
7.853206702272566420e-20
0
0
0
DERIV 15
-6.837318450075457687e-21
0
0
0
DERIV 16
5.694867628003883566e-22
0
0
0
DERIV 17
-4.562805895308231017e-23
0
0
0
DERIV 18
3.534417121429123885e-24
0
0
0
DERIV 19
-2.659109906689572171e-25
0
0
0
DERIV 20
1.9511777251526192495e-26
0
0
0
DERIV 21
-1.4016031802451261260e-27
0
0
0
DERIV 22
9.889271925006984400e-29
0
0
0
DERIV 23
-6.873509449197371753e-30
0
0
0
DERIV 24
4.718007323353340102e-31
0
0
0
DERIV 25
-3.205032587620305870e-32
0
0
0
DERIV 26
2.1586320732978302149e-33
0
0
0
DERIV 27
-1.4435860642404980308e-34
0
0
0
DERIV 28
9.597425798682864742e-36
0
0
0
DERIV 29
-6.349613706489509677e-37
0
0
0
DERIV 30
4.183807327009521117e-38
0
0
0
DERIV 31
-2.7473443293021274667e-39
0
0
0
DERIV 32
1.7988851289472770484e-40
0
0
0
DERIV 33
-1.1749838056767564505e-41
0
0
0
DERIV 34
7.658674349891733586e-43
0
0
0
DERIV 35
-4.983065953889966386e-44
0
0
0
AT 63/4
4.917920875513482272e-10
0
0
0
DERIV 1
-5.494982194571238931e-10
0
0
0
DERIV 2
3.086976567390031286e-10
0
0
0
DERIV 3
-1.1631508040119135559e-10
0
0
0
DERIV 4
3.308764948373581565e-11
0
0
0
DERIV 5
-7.584343083197200059e-12
0
0
0
DERIV 6
1.4602169289888451062e-12
0
0
0
DERIV 7
-2.430682682055823289e-13
0
0
0
DERIV 8
3.574138776236850475e-14
0
0
0
DERIV 9
-4.720535306540021400e-15
0
0
0
DERIV 10
5.675828346192745535e-16
0
0
0
DERIV 11
-6.282603239581871651e-17
0
0
0
DERIV 12
6.463373290240933561e-18
0
0
0
DERIV 13
-6.231451169083202243e-19
0
0
0
DERIV 14
5.671787845448564520e-20
0
0
0
DERIV 15
-4.905894313694137688e-21
0
0
0
DERIV 16
4.056824442376373777e-22
0
0
0
DERIV 17
-3.224793678948842927e-23
0
0
0
DERIV 18
2.4765297340376661247e-24
0
0
0
DERIV 19
-1.8458801410358883883e-25
0
0
0
DERIV 20
1.3408955731628106188e-26
0
0
0
DERIV 21
-9.529147428347882685e-28
0
0
0
DERIV 22
6.647229957693390707e-29
0
0
0
DERIV 23
-4.564998320212218167e-30
0
0
0
DERIV 24
3.094353905850017069e-31
0
0
0
DERIV 25
-2.0748362927621732222e-32
0
0
0
DERIV 26
1.3787582078265647783e-33
0
0
0
DERIV 27
-9.093991067490329258e-35
0
0
0
DERIV 28
5.961248298875256485e-36
0
0
0
DERIV 29
-3.887673948854300145e-37
0
0
0
DERIV 30
2.524538601839888260e-38
0
0
0
DERIV 31
-1.6334819032550213619e-39
0
0
0
DERIV 32
1.0537348822053039341e-40
0
0
0
DERIV 33
-6.780047114062085884e-42
0
0
0
DERIV 34
4.352933591873043669e-43
0
0
0
DERIV 35
-2.789422434375924648e-44
0
0
0
AT 16
3.720158851723685629e-10
0
0
0
DERIV 1
-4.150304530900651669e-10
0
0
0
DERIV 2
2.3276496478261749991e-10
0
0
0
DERIV 3
-8.754269588886740045e-11
0
0
0
DERIV 4
2.4852465662053146112e-11
0
0
0
DERIV 5
-5.683961485705049975e-12
0
0
0
DERIV 6
1.0916378167209959672e-12
0
0
0
DERIV 7
-1.8121871465543509325e-13
0
0
0
DERIV 8
2.6566290521282532753e-14
0
0
0
DERIV 9
-3.4969600946798407152e-15
0
0
0
DERIV 10
4.188961232080404991e-16
0
0
0
DERIV 11
-4.617568253728483897e-17
0
0
0
DERIV 12
4.728556690153208732e-18
0
0
0
DERIV 13
-4.535579965681741944e-19
0
0
0
DERIV 14
4.104838530847717725e-20
0
0
0
DERIV 15
-3.528299962158819379e-21
0
0
0
DERIV 16
2.897517346380948189e-22
0
0
0
DERIV 17
-2.2858165287064832454e-23
0
0
0
DERIV 18
1.7409242329964665635e-24
0
0
0
DERIV 19
-1.2859665494764421652e-25
0
0
0
DERIV 20
9.251365390749469225e-27
0
0
0
DERIV 21
-6.506580939754089449e-28
0
0
0
DERIV 22
4.488953664007165762e-29
0
0
0
DERIV 23
-3.0471100812384799635e-30
0
0
0
DERIV 24
2.040430211793306235e-31
0
0
0
DERIV 25
-1.3509116310738023477e-32
0
0
0
DERIV 26
8.860052683914407556e-34
0
0
0
DERIV 27
-5.765639003933036078e-35
0
0
0
DERIV 28
3.727679536141127269e-36
0
0
0
DERIV 29
-2.397092937638519883e-37
0
0
0
DERIV 30
1.5345275449174152220e-38
0
0
0
DERIV 31
-9.786433650525344197e-40
0
0
0
DERIV 32
6.221455237599721034e-41
0
0
0
DERIV 33
-3.944461756144514761e-42
0
0
0
DERIV 34
2.4950790133235925547e-43
0
0
0
DERIV 35
-1.5751569377786453543e-44
0
0
0
AT 33/2
2.1314045654621512563e-10
0
0
0
DERIV 1
-2.370861088986094754e-10
0
0
0
DERIV 2
1.3253986145119513168e-10
0
0
0
DERIV 3
-4.967272356174986638e-11
0
0
0
DERIV 4
1.4047094128375470063e-11
0
0
0
DERIV 5
-3.1990282098215796137e-12
0
0
0
DERIV 6
6.115122554692024663e-13
0
0
0
DERIV 7
-1.0098923628682156348e-13
0
0
0
DERIV 8
1.4719988454762637153e-14
0
0
0
DERIV 9
-1.9253121316350386017e-15
0
0
0
DERIV 10
2.290063950800787555e-16
0
0
0
DERIV 11
-2.5046501278957663002e-17
0
0
0
DERIV 12
2.5426060391946141770e-18
0
0
0
DERIV 13
-2.415379624576340670e-19
0
0
0
DERIV 14
2.1627029879582102063e-20
0
0
0
DERIV 15
-1.8370569082503885071e-21
0
0
0
DERIV 16
1.4890611725403269700e-22
0
0
0
DERIV 17
-1.1579786715253618271e-23
0
0
0
DERIV 18
8.682260678612469052e-25
0
0
0
DERIV 19
-6.304996306484499705e-26
0
0
0
DERIV 20
4.453181110295983888e-27
0
0
0
DERIV 21
-3.070751863225330323e-28
0
0
0
DERIV 22
2.0744609322029105842e-29
0
0
0
DERIV 23
-1.3771812343005050378e-30
0
0
0
DERIV 24
9.009161167852200688e-32
0
0
0
DERIV 25
-5.821221078380005918e-33
0
0
0
DERIV 26
3.722747674450665056e-34
0
0
0
DERIV 27
-2.3603749986296126643e-35
0
0
0
DERIV 28
1.4859098314303601930e-36
0
0
0
DERIV 29
-9.298585270117082505e-38
0
0
0
DERIV 30
5.790034953029507834e-39
0
0
0
DERIV 31
-3.5903349591172139471e-40
0
0
0
DERIV 32
2.2185230195525256091e-41
0
0
0
DERIV 33
-1.3667898281714444230e-42
0
0
0
DERIV 34
8.399238757020754211e-44
0
0
0
DERIV 35
-5.150344111293584483e-45
0
0
0
AT 17
1.2231007061812168951e-10
0
0
0
DERIV 1
-1.3567246998950910030e-10
0
0
0
DERIV 2
7.561558681258360612e-11
0
0
0
DERIV 3
-2.8244806558676864429e-11
0
0
0
DERIV 4
7.958377139313178111e-12
0
0
0
DERIV 5
-1.8051696292837816476e-12
0
0
0
DERIV 6
3.435518779315918633e-13
0
0
0
DERIV 7
-5.646158973520476791e-14
0
0
0
DERIV 8
8.185698634327223053e-15
0
0
0
DERIV 9
-1.0643199470131325189e-15
0
0
0
DERIV 10
1.2576631053979470878e-16
0
0
0
DERIV 11
-1.3655264316434600005e-17
0
0
0
DERIV 12
1.3750694779557900332e-18
0
0
0
DERIV 13
-1.2946235233519261585e-19
0
0
0
DERIV 14
1.1477584043619383823e-20
0
0
0
DERIV 15
-9.643130935972785063e-22
0
0
0
DERIV 16
7.722564270802736591e-23
0
0
0
DERIV 17
-5.926304636039408708e-24
0
0
0
DERIV 18
4.379319789797561532e-25
0
0
0
DERIV 19
-3.130316309898998207e-26
0
0
0
DERIV 20
2.1733782135609588352e-27
0
0
0
DERIV 21
-1.4713200207926905326e-28
0
0
0
DERIV 22
9.745774262457608767e-30
0
0
0
DERIV 23
-6.336189691976185573e-31
0
0
0
DERIV 24
4.054713393425846368e-32
0
0
0
DERIV 25
-2.5602583851038492056e-33
0
0
0
DERIV 26
1.5985603755809649800e-34
0
0
0
DERIV 27
-9.887628551198508959e-36
0
0
0
DERIV 28
6.068010111344890995e-37
0
0
0
DERIV 29
-3.699597409141292133e-38
0
0
0
DERIV 30
2.2432790859683204254e-39
0
0
0
DERIV 31
-1.3539954511330754343e-40
0
0
0
DERIV 32
8.140885124336727724e-42
0
0
0
DERIV 33
-4.878712082196644673e-43
0
0
0
DERIV 34
2.915614903632162245e-44
0
0
0
DERIV 35
-1.7382863235166129691e-45
0
0
0
AT 35/2
7.029307543200030451e-11
0
0
0
DERIV 1
-7.776669803867556653e-11
0
0
0
DERIV 2
4.321781024182308836e-11
0
0
0
DERIV 3
-1.6092568671995954667e-11
0
0
0
DERIV 4
4.518754779360967514e-12
0
0
0
DERIV 5
-1.0211192353870280723e-12
0
0
0
DERIV 6
1.9353262254412715096e-13
0
0
0
DERIV 7
-3.166197300673453620e-14
0
0
0
DERIV 8
4.567318126872194686e-15
0
0
0
DERIV 9
-5.905701846318969085e-16
0
0
0
DERIV 10
6.935912769110375203e-17
0
0
0
DERIV 11
-7.479905600704483416e-18
0
0
0
DERIV 12
7.475880309792726929e-19
0
0
0
DERIV 13
-6.980303175299117019e-20
0
0
0
DERIV 14
6.131842759458732501e-21
0
0
0
DERIV 15
-5.099763193655272752e-22
0
0
0
DERIV 16
4.038617517595507693e-23
0
0
0
DERIV 17
-3.0613367388293157178e-24
0
0
0
DERIV 18
2.231926257763321896e-25
0
0
0
DERIV 19
-1.5720902729042692379e-26
0
0
0
DERIV 20
1.0742339559498787743e-27
0
0
0
DERIV 21
-7.148274204214548341e-29
0
0
0
DERIV 22
4.648422209891700711e-30
0
0
0
DERIV 23
-2.963440627831054101e-31
0
0
0
DERIV 24
1.8574595227723673247e-32
0
0
0
DERIV 25
-1.1475798518980971064e-33
0
0
0
DERIV 26
7.004205684495900747e-35
0
0
0
DERIV 27
-4.231442992374367650e-36
0
0
0
DERIV 28
2.534488428920343186e-37
0
0
0
DERIV 29
-1.5072003210008530496e-38
0
0
0
DERIV 30
8.909175248274699328e-40
0
0
0
DERIV 31
-5.239747399654033116e-41
0
0
0
DERIV 32
3.068572416864118592e-42
0
0
0
DERIV 33
-1.7906096488943560500e-43
0
0
0
DERIV 34
1.0416903466690241171e-44
0
0
0
DERIV 35
-6.044256084676060916e-46
0
0
0
AT 18
4.045591342667077295e-11
0
0
0
DERIV 1
-4.464494636015932346e-11
0
0
0
DERIV 2
2.4743192560486875815e-11
0
0
0
DERIV 3
-9.186008022060211032e-12
0
0
0
DERIV 4
2.5710491944626090037e-12
0
0
0
DERIV 5
-5.789297344541231639e-13
0
0
0
DERIV 6
1.0929822913163211581e-13
0
0
0
DERIV 7
-1.7804934650178652084e-14
0
0
0
DERIV 8
2.5563545168478883208e-15
0
0
0
DERIV 9
-3.288368199782174456e-16
0
0
0
DERIV 10
3.839978001994659003e-17
0
0
0
DERIV 11
-4.115073137204551796e-18
0
0
0
DERIV 12
4.084238271254376637e-19
0
0
0
DERIV 13
-3.784165928359540529e-20
0
0
0
DERIV 14
3.2959560152798469364e-21
0
0
0
DERIV 15
-2.715495801378440248e-22
0
0
0
DERIV 16
2.1282472435630709516e-23
0
0
0
DERIV 17
-1.5949286634021849295e-24
0
0
0
DERIV 18
1.1483488793209403813e-25
0
0
0
DERIV 19
-7.978771230087382632e-27
0
0
0
DERIV 20
5.371643072866122340e-28
0
0
0
DERIV 21
-3.517526872822787894e-29
0
0
0
DERIV 22
2.2482804049100043896e-30
0
0
0
DERIV 23
-1.4071585859561167481e-31
0
0
0
DERIV 24
8.649347629997534945e-33
0
0
0
DERIV 25
-5.234917006989168830e-34
0
0
0
DERIV 26
3.127024926920286727e-35
0
0
0
DERIV 27
-1.8472699950888745587e-36
0
0
0
DERIV 28
1.0811065479612515188e-37
0
0
0
DERIV 29
-6.277618890389802861e-39
0
0
0
DERIV 30
3.6212385323946916846e-40
0
0
0
DERIV 31
-2.0773632624613048727e-41
0
0
0
DERIV 32
1.1861523552502780491e-42
0
0
0
DERIV 33
-6.746132584830930584e-44
0
0
0
DERIV 34
3.823968605172521086e-45
0
0
0
DERIV 35
-2.1613854853529302761e-46
0
0
0
AT 37/2
2.3315164467271930571e-11
0
0
0
DERIV 1
-2.5667955838211326895e-11
0
0
0
DERIV 2
1.4188907005080356576e-11
0
0
0
DERIV 3
-5.252861155927101441e-12
0
0
0
DERIV 4
1.4657020145446180662e-12
0
0
0
DERIV 5
-3.289310207147602707e-13
0
0
0
DERIV 6
6.187266407867206856e-14
0
0
0
DERIV 7
-1.0038748791629474535e-14
0
0
0
DERIV 8
1.4349686361816449793e-15
0
0
0
DERIV 9
-1.8369284130413367080e-16
0
0
0
DERIV 10
2.1336190530999332130e-17
0
0
0
DERIV 11
-2.2730201072015470743e-18
0
0
0
DERIV 12
2.241345345315120768e-19
0
0
0
DERIV 13
-2.0617952285652315037e-20
0
0
0
DERIV 14
1.7815982520811572681e-21
0
0
0
DERIV 15
-1.4550389552538842412e-22
0
0
0
DERIV 16
1.1294250996797610550e-23
0
0
0
DERIV 17
-8.374693814329453371e-25
0
0
0
DERIV 18
5.960029536092100092e-26
0
0
0
DERIV 19
-4.088727299657084162e-27
0
0
0
DERIV 20
2.714871675835143375e-28
0
0
0
DERIV 21
-1.7513422917903355797e-29
0
0
0
DERIV 22
1.1014743603946607689e-30
0
0
0
DERIV 23
-6.775833797082993499e-32
0
0
0
DERIV 24
4.089029081470298992e-33
0
0
0
DERIV 25
-2.427222710392234783e-34
0
0
0
DERIV 26
1.4205994543713285484e-35
0
0
0
DERIV 27
-8.215340768609283731e-37
0
0
0
DERIV 28
4.702979125028950084e-38
0
0
0
DERIV 29
-2.6693417201344721339e-39
0
0
0
DERIV 30
1.5042021088996760413e-40
0
0
0
DERIV 31
-8.425074958056884445e-42
0
0
0
DERIV 32
4.694833910588127984e-43
0
0
0
DERIV 33
-2.604887140475854937e-44
0
0
0
DERIV 34
1.4400051379434372098e-45
0
0
0
DERIV 35
-7.935616228314621750e-47
0
0
0
AT 19
1.3454026535458176750e-11
0
0
0
DERIV 1
-1.4778047879267341989e-11
0
0
0
DERIV 2
8.149001865988014632e-12
0
0
0
DERIV 3
-3.0087740546540321838e-12
0
0
0
DERIV 4
8.370966797971101041e-13
0
0
0
DERIV 5
-1.8726535642886254918e-13
0
0
0
DERIV 6
3.510324879353430554e-14
0
0
0
DERIV 7
-5.673909140560679033e-15
0
0
0
DERIV 8
8.076836993601078505e-16
0
0
0
DERIV 9
-1.0292256257626944987e-16
0
0
0
DERIV 10
1.1894810022430631790e-17
0
0
0
DERIV 11
-1.2602201362356912169e-18
0
0
0
DERIV 12
1.2351224870850414153e-19
0
0
0
DERIV 13
-1.1285841667689953924e-20
0
0
0
DERIV 14
9.680242679348685676e-22
0
0
0
DERIV 15
-7.841707672418696493e-23
0
0
0
DERIV 16
6.032463471618506113e-24
0
0
0
DERIV 17
-4.429143276945287428e-25
0
0
0
DERIV 18
3.118151789576472130e-26
0
0
0
DERIV 19
-2.1139504559906716427e-27
0
0
0
DERIV 20
1.3856492793444490359e-28
0
0
0
DERIV 21
-8.814501142658759908e-30
0
0
0
DERIV 22
5.460624066906542234e-31
0
0
0
DERIV 23
-3.305154707721963271e-32
0
0
0
DERIV 24
1.9603815867114341879e-33
0
0
0
DERIV 25
-1.1425371866605837221e-34
0
0
0
DERIV 26
6.559155105596866540e-36
0
0
0
DERIV 27
-3.717277468609050658e-37
0
0
0
DERIV 28
2.0837215594277330933e-38
0
0
0
DERIV 29
-1.1572327288575731017e-39
0
0
0
DERIV 30
6.376670118460643418e-41
0
0
0
DERIV 31
-3.490528430783022159e-42
0
0
0
DERIV 32
1.9000281307723198262e-43
0
0
0
DERIV 33
-1.0293773871592093982e-44
0
0
0
DERIV 34
5.554514503716472941e-46
0
0
0
DERIV 35
-2.986981811881967699e-47
0
0
0
AT 39/2
7.773129931459249008e-12
0
0
0
DERIV 1
-8.519590281586450072e-12
0
0
0
DERIV 2
4.686916278745571411e-12
0
0
0
DERIV 3
-1.7261088905661698776e-12
0
0
0
DERIV 4
4.789114826042423606e-13
0
0
0
DERIV 5
-1.0681507684453202715e-13
0
0
0
DERIV 6
1.9957233284099956717e-14
0
0
0
DERIV 7
-3.2142688589158513727e-15
0
0
0
DERIV 8
4.557657606783111042e-16
0
0
0
DERIV 9
-5.782935911664201327e-17
0
0
0
DERIV 10
6.651978091620170291e-18
0
0
0
DERIV 11
-7.011204554909363985e-19
0
0
0
DERIV 12
6.832567875403237668e-20
0
0
0
DERIV 13
-6.204201043115160332e-21
0
0
0
DERIV 14
5.284942311650196731e-22
0
0
0
DERIV 15
-4.248771573158277134e-23
0
0
0
DERIV 16
3.2412650122198846324e-24
0
0
0
DERIV 17
-2.358016223905510705e-25
0
0
0
DERIV 18
1.6434040600565715578e-26
0
0
0
DERIV 19
-1.1019189792834731930e-27
0
0
0
DERIV 20
7.136447390565762603e-29
0
0
0
DERIV 21
-4.480741472077448827e-30
0
0
0
DERIV 22
2.736887920848484934e-31
0
0
0
DERIV 23
-1.6315687121545484467e-32
0
0
0
DERIV 24
9.521260228782437693e-34
0
0
0
DERIV 25
-5.454050534316958192e-35
0
0
0
DERIV 26
3.074450404605966074e-36
0
0
0
DERIV 27
-1.7093017942262663556e-37
0
0
0
DERIV 28
9.391687626741350466e-39
0
0
0
DERIV 29
-5.108655020492465862e-40
0
0
0
DERIV 30
2.755309499341785962e-41
0
0
0
DERIV 31
-1.4753777701528228930e-42
0
0
0
DERIV 32
7.852124959985761338e-44
0
0
0
DERIV 33
-4.157458706921431019e-45
0
0
0
DERIV 34
2.1916170457119211265e-46
0
0
0
DERIV 35
-1.1510120835688313224e-47
0
0
0
AT 20
4.496182639394340781e-12
0
0
0
DERIV 1
-4.917762645324940931e-12
0
0
0
DERIV 2
2.6993860941813208082e-12
0
0
0
DERIV 3
-9.917342462895796669e-13
0
0
0
DERIV 4
2.744374043186307169e-13
0
0
0
DERIV 5
-6.103561774269832830e-14
0
0
0
DERIV 6
1.1368538202855858965e-14
0
0
0
DERIV 7
-1.8248131054279917488e-15
0
0
0
DERIV 8
2.577949036193808538e-16
0
0
0
DERIV 9
-3.257815897887794852e-17
0
0
0
DERIV 10
3.730838170906082017e-18
0
0
0
DERIV 11
-3.913259319653504353e-19
0
0
0
DERIV 12
3.793258848525479423e-20
0
0
0
DERIV 13
-3.424257926589352792e-21
0
0
0
DERIV 14
2.898132432690314051e-22
0
0
0
DERIV 15
-2.3134405872522873556e-23
0
0
0
DERIV 16
1.7511344192817769569e-24
0
0
0
DERIV 17
-1.2630707757977665539e-25
0
0
0
DERIV 18
8.720485043129831864e-27
0
0
0
DERIV 19
-5.787296156944872813e-28
0
0
0
DERIV 20
3.706208613762905989e-29
0
0
0
DERIV 21
-2.2987568130870786608e-30
0
0
0
DERIV 22
1.3856578718708961984e-31
0
0
0
DERIV 23
-8.143556212366201739e-33
0
0
0
DERIV 24
4.680232698283150190e-34
0
0
0
DERIV 25
-2.637663608574628800e-35
0
0
0
DERIV 26
1.4614162285106141701e-36
0
0
0
DERIV 27
-7.978718794812485974e-38
0
0
0
DERIV 28
4.301265798354130850e-39
0
0
0
DERIV 29
-2.2938244005980711588e-40
0
0
0
DERIV 30
1.2120550109338415626e-41
0
0
0
DERIV 31
-6.354568749731521677e-43
0
0
0
DERIV 32
3.309539928613337716e-44
0
0
0
DERIV 33
-1.7139751525122443383e-45
0
0
0
DERIV 34
8.834152932920178781e-47
0
0
0
DERIV 35
-4.534786774204661828e-48
0
0
0
AT 41/2
2.6035903581067965343e-12
0
0
0
DERIV 1
-2.8420851165347742405e-12
0
0
0
DERIV 2
1.5567110187694295762e-12
0
0
0
DERIV 3
-5.706072720915517539e-13
0
0
0
DERIV 4
1.5750769884720321527e-13
0
0
0
DERIV 5
-3.493548658583316791e-14
0
0
0
DERIV 6
6.488008404520335276e-15
0
0
0
DERIV 7
-1.0380912019428932675e-15
0
0
0
DERIV 8
1.4614235829858409784e-16
0
0
0
DERIV 9
-1.8398107481243913078e-17
0
0
0
DERIV 10
2.0981777682552068289e-18
0
0
0
DERIV 11
-2.190739681607986153e-19
0
0
0
DERIV 12
2.1129479486920583676e-20
0
0
0
DERIV 13
-1.8969418370724288290e-21
0
0
0
DERIV 14
1.5958114547597608125e-22
0
0
0
DERIV 15
-1.2654301268161548618e-23
0
0
0
DERIV 16
9.508924502690285762e-25
0
0
0
DERIV 17
-6.803958616112137819e-26
0
0
0
DERIV 18
4.656515272548246853e-27
0
0
0
DERIV 19
-3.060709873309912812e-28
0
0
0
DERIV 20
1.9396318289486880072e-29
0
0
0
DERIV 21
-1.1893858742783187066e-30
0
0
0
DERIV 22
7.081221286035717531e-32
0
0
0
DERIV 23
-4.106398373912504755e-33
0
0
0
DERIV 24
2.326368509089974164e-34
0
0
0
DERIV 25
-1.2911234744734472688e-35
0
0
0
DERIV 26
7.037916066368222809e-37
0
0
0
DERIV 27
-3.776832831334100804e-38
0
0
0
DERIV 28
1.9995956788302368439e-39
0
0
0
DERIV 29
-1.0464371255180997147e-40
0
0
0
DERIV 30
5.422132463886866998e-42
0
0
0
DERIV 31
-2.7857996973454098948e-43
0
0
0
DERIV 32
1.4210257095638578085e-44
0
0
0
DERIV 33
-7.204364928756230904e-46
0
0
0
DERIV 34
3.633530564723061796e-47
0
0
0
DERIV 35
-1.8244663680149069188e-48
0
0
0
AT 21
1.5092459446680229941e-12
0
0
0
DERIV 1
-1.6443815557841696803e-12
0
0
0
DERIV 2
8.988526705925830611e-13
0
0
0
DERIV 3
-3.287479583258019412e-13
0
0
0
DERIV 4
9.053065336089429309e-14
0
0
0
DERIV 5
-2.0028265270197135555e-14
0
0
0
DERIV 6
3.709162661340004908e-15
0
0
0
DERIV 7
-5.916743965800439266e-16
0
0
0
DERIV 8
8.302127100833197748e-17
0
0
0
DERIV 9
-1.0414121474127900125e-17
0
0
0
DERIV 10
1.1829973392310791369e-18
0
0
0
DERIV 11
-1.2298837201811914789e-19
0
0
0
DERIV 12
1.1806361179549226774e-20
0
0
0
DERIV 13
-1.0544797510087205587e-21
0
0
0
DERIV 14
8.820738337909409001e-23
0
0
0
DERIV 15
-6.951212629845170765e-24
0
0
0
DERIV 16
5.187872486407048702e-25
0
0
0
DERIV 17
-3.684403720749148991e-26
0
0
0
DERIV 18
2.5009317977272344831e-27
0
0
0
DERIV 19
-1.6291526026125427025e-28
0
0
0
DERIV 20
1.0223473358686242643e-29
0
0
0
DERIV 21
-6.202431217595454619e-31
0
0
0
DERIV 22
3.650152574641754070e-32
0
0
0
DERIV 23
-2.0903506879750633884e-33
0
0
0
DERIV 24
1.1683607054680464809e-34
0
0
0
DERIV 25
-6.391337714429906104e-36
0
0
0
DERIV 26
3.430723733522661569e-37
0
0
0
DERIV 27
-1.8113106146208761689e-38
0
0
0
DERIV 28
9.426633710778181383e-40
0
0
0
DERIV 29
-4.845379099062218705e-41
0
0
0
DERIV 30
2.4641367830848195910e-42
0
0
0
DERIV 31
-1.2417546748878017195e-43
0
0
0
DERIV 32
6.209008806441119455e-45
0
0
0
DERIV 33
-3.0840760064275461452e-46
0
0
0
DERIV 34
1.5232511231587609244e-47
0
0
0
DERIV 35
-7.487267640532038280e-49
0
0
0
AT 43/2
8.757607604488167811e-13
0
0
0
DERIV 1
-9.524477619823438362e-13
0
0
0
DERIV 2
5.196140235239070469e-13
0
0
0
DERIV 3
-1.8964604259521662925e-13
0
0
0
DERIV 4
5.210657320632370149e-14
0
0
0
DERIV 5
-1.1499433819836509446e-14
0
0
0
DERIV 6
2.1240113786749808301e-15
0
0
0
DERIV 7
-3.378419454387605189e-16
0
0
0
DERIV 8
4.725647253720636881e-17
0
0
0
DERIV 9
-5.907654065328923338e-18
0
0
0
DERIV 10
6.685944631540482905e-19
0
0
0
DERIV 11
-6.922788287872081409e-20
0
0
0
DERIV 12
6.616163875642416000e-21
0
0
0
DERIV 13
-5.880565515857709975e-22
0
0
0
DERIV 14
4.892993743278859359e-23
0
0
0
DERIV 15
-3.833510790718539505e-24
0
0
0
DERIV 16
2.842807044997989969e-25
0
0
0
DERIV 17
-2.0048410904119823181e-26
0
0
0
DERIV 18
1.3504500132610508459e-27
0
0
0
DERIV 19
-8.723450601763677226e-29
0
0
0
DERIV 20
5.424233495921839449e-30
0
0
0
DERIV 21
-3.258052215042108539e-31
0
0
0
DERIV 22
1.8966544420833988503e-32
0
0
0
DERIV 23
-1.0734662611318538548e-33
0
0
0
DERIV 24
5.924341727692564652e-35
0
0
0
DERIV 25
-3.197034910726633054e-36
0
0
0
DERIV 26
1.6913573455684513372e-37
0
0
0
DERIV 27
-8.793214530864469275e-39
0
0
0
DERIV 28
4.502392494628625316e-40
0
0
0
DERIV 29
-2.2750693238467721690e-41
0
0
0
DERIV 30
1.1365425983435652951e-42
0
0
0
DERIV 31
-5.622291785052845199e-44
0
0
0
DERIV 32
2.7579697815492612398e-45
0
0
0
DERIV 33
-1.3432147684507604682e-46
0
0
0
DERIV 34
6.501866833352250077e-48
0
0
0
DERIV 35
-3.1308098927530104346e-49
0
0
0
AT 22
5.086626554982148950e-13
0
0
0
DERIV 1
-5.522444980092896392e-13
0
0
0
DERIV 2
3.007192027304719552e-13
0
0
0
DERIV 3
-1.0953495163543577666e-13
0
0
0
DERIV 4
3.003048585954169405e-14
0
0
0
DERIV 5
-6.611993760940858326e-15
0
0
0
DERIV 6
1.2181935103213477548e-15
0
0
0
DERIV 7
-1.9323464566216610967e-16
0
0
0
DERIV 8
2.6949045094955022335e-17
0
0
0
DERIV 9
-3.3581143984578690743e-18
0
0
0
DERIV 10
3.787189582681394115e-19
0
0
0
DERIV 11
-3.906349748852096421e-20
0
0
0
DERIV 12
3.717741377256474937e-21
0
0
0
DERIV 13
-3.289315552370556837e-22
0
0
0
DERIV 14
2.723249859938221008e-23
0
0
0
DERIV 15
-2.1219226279240189468e-24
0
0
0
DERIV 16
1.5641320341238224907e-25
0
0
0
DERIV 17
-1.0958491406337880121e-26
0
0
0
DERIV 18
7.328642061168986274e-28
0
0
0
DERIV 19
-4.696933999622262225e-29
0
0
0
DERIV 20
2.8955474612575640155e-30
0
0
0
DERIV 21
-1.7229822249557583176e-31
0
0
0
DERIV 22
9.928580125156671216e-33
0
0
0
DERIV 23
-5.557683945636048346e-34
0
0
0
DERIV 24
3.030896934071060578e-35
0
0
0
DERIV 25
-1.6147935251504445918e-36
0
0
0
DERIV 26
8.426671397145657418e-38
0
0
0
DERIV 27
-4.317552532524858354e-39
0
0
0
DERIV 28
2.1768705903786024295e-40
0
0
0
DERIV 29
-1.0822577081998189030e-41
0
0
0
DERIV 30
5.315429336842375667e-43
0
0
0
DERIV 31
-2.583320734983340435e-44
0
0
0
DERIV 32
1.2442017084445497805e-45
0
0
0
DERIV 33
-5.946156815393010001e-47
0
0
0
DERIV 34
2.822934544666130249e-48
0
0
0
DERIV 35
-1.3326040761792280053e-49
0
0
0
AT 45/2
2.957162424734081102e-13
0
0
0
DERIV 1
-3.205186646274810875e-13
0
0
0
DERIV 2
1.7422366638580874327e-13
0
0
0
DERIV 3
-6.333809664492831077e-14
0
0
0
DERIV 4
1.7329153758498202588e-14
0
0
0
DERIV 5
-3.806975082301400998e-15
0
0
0
DERIV 6
6.997116370868965051e-16
0
0
0
DERIV 7
-1.1070252037761857597e-16
0
0
0
DERIV 8
1.5395400850916420825e-17
0
0
0
DERIV 9
-1.9125531419879756302e-18
0
0
0
DERIV 10
2.1497577920760032338e-19
0
0
0
DERIV 11
-2.2093761851232370133e-20
0
0
0
DERIV 12
2.0944095839719258796e-21
0
0
0
DERIV 13
-1.8450774733665508447e-22
0
0
0
DERIV 14
1.5203704681530131278e-23
0
0
0
DERIV 15
-1.1785628399597682181e-24
0
0
0
DERIV 16
8.638675508881385411e-26
0
0
0
DERIV 17
-6.015118025547217822e-27
0
0
0
DERIV 18
3.995623706581827454e-28
0
0
0
DERIV 19
-2.541966566175113482e-29
0
0
0
DERIV 20
1.5544819094713145531e-30
0
0
0
DERIV 21
-9.168962152598919920e-32
0
0
0
DERIV 22
5.233314340036992386e-33
0
0
0
DERIV 23
-2.899234449507174404e-34
0
0
0
DERIV 24
1.5634971238003939658e-35
0
0
0
DERIV 25
-8.230143760250940642e-37
0
0
0
DERIV 26
4.239705177872050005e-38
0
0
0
DERIV 27
-2.1425616730914715869e-39
0
0
0
DERIV 28
1.0645827903485539658e-40
0
0
0
DERIV 29
-5.211676153199668523e-42
0
0
0
DERIV 30
2.5185616198260291808e-43
0
0
0
DERIV 31
-1.2035125041983114347e-44
0
0
0
DERIV 32
5.695575076925164074e-46
0
0
0
DERIV 33
-2.673017017938873799e-47
0
0
0
DERIV 34
1.2455376206121141970e-48
0
0
0
DERIV 35
-5.768292957100529591e-50
0
0
0
AT 23
1.7206979354744523294e-13
0
0
0
DERIV 1
-1.8620368676807272604e-13
0
0
0
DERIV 2
1.0104109746000432201e-13
0
0
0
DERIV 3
-3.666548962814474686e-14
0
0
0
DERIV 4
1.0011787600878918614e-14
0
0
0
DERIV 5
-2.1947764203984753300e-15
0
0
0
DERIV 6
4.024693240941491327e-16
0
0
0
DERIV 7
-6.351767303268134088e-17
0
0
0
DERIV 8
8.809738724880916339e-18
0
0
0
DERIV 9
-1.0912461979414183148e-18
0
0
0
DERIV 10
1.2227223540860790674e-19
0
0
0
DERIV 11
-1.2523262064809922112e-20
0
0
0
DERIV 12
1.1827326730590466548e-21
0
0
0
DERIV 13
-1.0376968526070418090e-22
0
0
0
DERIV 14
8.512844675970157103e-24
0
0
0
DERIV 15
-6.567035042685596514e-25
0
0
0
DERIV 16
4.788055379501068519e-26
0
0
0
DERIV 17
-3.314642937374257593e-27
0
0
0
DERIV 18
2.187878112492309336e-28
0
0
0
DERIV 19
-1.3822902836853625234e-29
0
0
0
DERIV 20
8.389389479144491481e-31
0
0
0
DERIV 21
-4.907772299689848807e-32
0
0
0
DERIV 22
2.7761690113679065778e-33
0
0
0
DERIV 23
-1.5230900707584537508e-34
0
0
0
DERIV 24
8.127681139955486722e-36
0
0
0
DERIV 25
-4.230074493398807351e-37
0
0
0
DERIV 26
2.1527076103130949829e-38
0
0
0
DERIV 27
-1.0738125849903712586e-39
0
0
0
DERIV 28
5.262135642761092922e-41
0
0
0
DERIV 29
-2.5386295878544735378e-42
0
0
0
DERIV 30
1.2080393096267848186e-43
0
0
0
DERIV 31
-5.680319315980655527e-45
0
0
0
DERIV 32
2.6434054998806167764e-46
0
0
0
DERIV 33
-1.2191806094944998817e-47
0
0
0
DERIV 34
5.579895845440963121e-49
0
0
0
DERIV 35
-2.536933071786332734e-50
0
0
0
AT 47/2
1.0020801303344759602e-13
0
0
0
DERIV 1
-1.0827265010256910056e-13
0
0
0
DERIV 2
5.865627298007080652e-14
0
0
0
DERIV 3
-2.1247535255519916723e-14
0
0
0
DERIV 4
5.790833589888245638e-15
0
0
0
DERIV 5
-1.2668823047858540120e-15
0
0
0
DERIV 6
2.318073513053310466e-16
0
0
0
DERIV 7
-3.649743960122316430e-17
0
0
0
DERIV 8
5.049187189942613098e-18
0
0
0
DERIV 9
-6.237067208540424931e-19
0
0
0
DERIV 10
6.967609671750733005e-20
0
0
0
DERIV 11
-7.113120173245283681e-21
0
0
0
DERIV 12
6.694107743210803409e-22
0
0
0
DERIV 13
-5.850646188995308938e-23
0
0
0
DERIV 14
4.779527367383907899e-24
0
0
0
DERIV 15
-3.670208944333229335e-25
0
0
0
DERIV 16
2.662622245862323431e-26
0
0
0
DERIV 17
-1.8332263783993057065e-27
0
0
0
DERIV 18
1.2028536157246532402e-28
0
0
0
DERIV 19
-7.550247764962830282e-30
0
0
0
DERIV 20
4.549952651037651647e-31
0
0
0
DERIV 21
-2.641181311462659003e-32
0
0
0
DERIV 22
1.4814974786219795805e-33
0
0
0
DERIV 23
-8.053939962616775075e-35
0
0
0
DERIV 24
4.255482131926967254e-36
0
0
0
DERIV 25
-2.191235340506401978e-37
0
0
0
DERIV 26
1.1023931206907784405e-38
0
0
0
DERIV 27
-5.431733858805375982e-40
0
0
0
DERIV 28
2.627122418557398623e-41
0
0
0
DERIV 29
-1.2499208708606534386e-42
0
0
0
DERIV 30
5.861352248037322568e-44
0
0
0
DERIV 31
-2.7139911498820795136e-45
0
0
0
DERIV 32
1.2428659692019108891e-46
0
0
0
DERIV 33
-5.637450201641464632e-48
0
0
0
DERIV 34
2.5360010394970543331e-49
0
0
0
DERIV 35
-1.1327166601100902020e-50
0
0
0
AT 24
5.840550677113818125e-14
0
0
0
DERIV 1
-6.301274558332106875e-14
0
0
0
DERIV 2
3.408303067429746518e-14
0
0
0
DERIV 3
-1.2325315137241461254e-14
0
0
0
DERIV 4
3.3530749490892977223e-15
0
0
0
DERIV 5
-7.321379719344326535e-16
0
0
0
DERIV 6
1.3368243850038864678e-16
0
0
0
DERIV 7
-2.1000499282525061045e-17
0
0
0
DERIV 8
2.8982188390723996797e-18
0
0
0
DERIV 9
-3.570648174599456560e-19
0
0
0
DERIV 10
3.977525643834967369e-20
0
0
0
DERIV 11
-4.048066712355026936e-21
0
0
0
DERIV 12
3.796850666098598191e-22
0
0
0
DERIV 13
-3.306366415996488026e-23
0
0
0
DERIV 14
2.6903473875660783160e-24
0
0
0
DERIV 15
-2.0570087111948712619e-25
0
0
0
DERIV 16
1.4852756699007255461e-26
0
0
0
DERIV 17
-1.0173712706345039000e-27
0
0
0
DERIV 18
6.638014065329156321e-29
0
0
0
DERIV 19
-4.141202299945354066e-30
0
0
0
DERIV 20
2.478968403287052932e-31
0
0
0
DERIV 21
-1.4285693045748961062e-32
0
0
0
DERIV 22
7.949954418199830168e-34
0
0
0
DERIV 23
-4.284863148235436811e-35
0
0
0
DERIV 24
2.2430077392175417812e-36
0
0
0
DERIV 25
-1.1434046801319910836e-37
0
0
0
DERIV 26
5.690391462629071947e-39
0
0
0
DERIV 27
-2.7713980855997028876e-40
0
0
0
DERIV 28
1.3238979487107815260e-41
0
0
0
DERIV 29
-6.216319613098712791e-43
0
0
0
DERIV 30
2.874729302920538152e-44
0
0
0
DERIV 31
-1.3117200410277726707e-45
0
0
0
DERIV 32
5.915529220046845165e-47
0
0
0
DERIV 33
-2.6406607317548983352e-48
0
0
0
DERIV 34
1.1683883120677761831e-49
0
0
0
DERIV 35
-5.130252997342452782e-51
0
0
0
AT 49/2
3.406785051102324479e-14
0
0
0
DERIV 1
-3.670301905491273063e-14
0
0
0
DERIV 2
1.9822217762016567581e-14
0
0
0
DERIV 3
-7.156604594867985245e-15
0
0
0
DERIV 4
1.9435565105919314524e-15
0
0
0
DERIV 5
-4.235814300420525587e-16
0
0
0
DERIV 6
7.718771668124609306e-17
0
0
0
DERIV 7
-1.2099491849017394041e-17
0
0
0
DERIV 8
1.6659407429359093596e-18
0
0
0
DERIV 9
-2.0473218051207593308e-19
0
0
0
DERIV 10
2.2744392758929436409e-20
0
0
0
DERIV 11
-2.3079897883620752967e-21
0
0
0
DERIV 12
2.157879209333999625e-22
0
0
0
DERIV 13
-1.8726364145603754200e-23
0
0
0
DERIV 14
1.5180254732154292435e-24
0
0
0
DERIV 15
-1.1559289655447568843e-25
0
0
0
DERIV 16
8.309370826639395225e-27
0
0
0
DERIV 17
-5.664125843868340123e-28
0
0
0
DERIV 18
3.676154768671658862e-29
0
0
0
DERIV 19
-2.2802203179467358603e-30
0
0
0
DERIV 20
1.3564092786510710500e-31
0
0
0
DERIV 21
-7.763310313158416231e-33
0
0
0
DERIV 22
4.288195782191988918e-34
0
0
0
DERIV 23
-2.2926218055157016978e-35
0
0
0
DERIV 24
1.1896437829083451681e-36
0
0
0
DERIV 25
-6.007145532732180097e-38
0
0
0
DERIV 26
2.959188160937526736e-39
0
0
0
DERIV 27
-1.4254902545646640566e-40
0
0
0
DERIV 28
6.730137885377563845e-42
0
0
0
DERIV 29
-3.1208811666486448601e-43
0
0
0
DERIV 30
1.4242673325531546200e-44
0
0
0
DERIV 31
-6.408747327662401628e-46
0
0
0
DERIV 32
2.848161830945549919e-47
0
0
0
DERIV 33
-1.2521109847484260940e-48
0
0
0
DERIV 34
5.452779144829558548e-50
0
0
0
DERIV 35
-2.3552352368954000441e-51
0
0
0
AT 25
1.9886672871577099047e-14
0
0
0
DERIV 1
-2.1395599021360841261e-14
0
0
0
DERIV 2
1.1538267072398421309e-14
0
0
0
DERIV 3
-4.159276887147309144e-15
0
0
0
DERIV 4
1.1276730262496869091e-15
0
0
0
DERIV 5
-2.453275949774232188e-16
0
0
0
DERIV 6
4.461947219394345991e-17
0
0
0
DERIV 7
-6.979878277597634279e-18
0
0
0
DERIV 8
9.589066573175366443e-19
0
0
0
DERIV 9
-1.1756111897782035781e-19
0
0
0
DERIV 10
1.3026565444058476976e-20
0
0
0
DERIV 11
-1.3181845158870587886e-21
0
0
0
DERIV 12
1.2287277647706685462e-22
0
0
0
DERIV 13
-1.0628144679235242151e-23
0
0
0
DERIV 14
8.584924713766105794e-25
0
0
0
DERIV 15
-6.511899731067401118e-26
0
0
0
DERIV 16
4.661397615428785482e-27
0
0
0
DERIV 17
-3.162934947046206932e-28
0
0
0
DERIV 18
2.0425984850421835655e-29
0
0
0
DERIV 19
-1.2600973190718362335e-30
0
0
0
DERIV 20
7.451527573516063999e-32
0
0
0
DERIV 21
-4.237411297105382056e-33
0
0
0
DERIV 22
2.324244291536009177e-34
0
0
0
DERIV 23
-1.2331912329548822893e-35
0
0
0
DERIV 24
6.346394833634719735e-37
0
0
0
DERIV 25
-3.176122962777880655e-38
0
0
0
DERIV 26
1.5495853190050522674e-39
0
0
0
DERIV 27
-7.387654391829785846e-41
0
0
0
DERIV 28
3.449418363473293025e-42
0
0
0
DERIV 29
-1.5807296979369255010e-43
0
0
0
DERIV 30
7.123811305506221587e-45
0
0
0
DERIV 31
-3.1631828639823310752e-46
0
0
0
DERIV 32
1.3862700308195928564e-47
0
0
0
DERIV 33
-6.005866211141818026e-49
0
0
0
DERIV 34
2.575947530142419617e-50
0
0
0
DERIV 35
-1.0952103129399364158e-51
0
0
0
AT 51/2
1.1616989772078141546e-14
0
0
0
DERIV 1
-1.2481959208167998280e-14
0
0
0
DERIV 2
6.721840610747248761e-15
0
0
0
DERIV 3
-2.4194344248890651961e-15
0
0
0
DERIV 4
6.549119803039020221e-16
0
0
0
DERIV 5
-1.4223320798598560997e-16
0
0
0
DERIV 6
2.5821436417544334172e-17
0
0
0
DERIV 7
-4.031313179118491444e-18
0
0
0
DERIV 8
5.526540818271147524e-19
0
0
0
DERIV 9
-6.760026737835527841e-20
0
0
0
DERIV 10
7.472132147941851671e-21
0
0
0
DERIV 11
-7.541108883225066245e-22
0
0
0
DERIV 12
7.009143067823799465e-23
0
0
0
DERIV 13
-6.043845055493482055e-24
0
0
0
DERIV 14
4.865471053783337802e-25
0
0
0
DERIV 15
-3.677080588983912929e-26
0
0
0
DERIV 16
2.6216861556971294828e-27
0
0
0
DERIV 17
-1.7712201090073176048e-28
0
0
0
DERIV 18
1.1384584671198100602e-29
0
0
0
DERIV 19
-6.987294579534341331e-31
0
0
0
DERIV 20
4.108883802694653266e-32
0
0
0
DERIV 21
-2.3224103442757338765e-33
0
0
0
DERIV 22
1.2654625428747728383e-34
0
0
0
DERIV 23
-6.666223814698947626e-36
0
0
0
DERIV 24
3.404044847211512468e-37
0
0
0
DERIV 25
-1.6892979912412391692e-38
0
0
0
DERIV 26
8.167223016625379599e-40
0
0
0
DERIV 27
-3.855798451687197214e-41
0
0
0
DERIV 28
1.7815342640661832399e-42
0
0
0
DERIV 29
-8.072996673139922230e-44
0
0
0
DERIV 30
3.595070609903027893e-45
0
0
0
DERIV 31
-1.5762721630018263250e-46
0
0
0
DERIV 32
6.816633783588752493e-48
0
0
0
DERIV 33
-2.9122562592927230910e-49
0
0
0
DERIV 34
1.2309941306885019921e-50
0
0
0
DERIV 35
-5.155063802810491007e-52
0
0
0
AT 26
6.790902227615749520e-15
0
0
0
DERIV 1
-7.287253406440380746e-15
0
0
0
DERIV 2
3.919051491589939865e-15
0
0
0
DERIV 3
-1.4085734239013442509e-15
0
0
0
DERIV 4
3.806967385831297372e-16
0
0
0
DERIV 5
-8.254326204761962609e-17
0
0
0
DERIV 6
1.4958736601626798276e-17
0
0
0
DERIV 7
-2.3309859241238067760e-18
0
0
0
DERIV 8
3.189073109213548859e-19
0
0
0
DERIV 9
-3.892341880919646953e-20
0
0
0
DERIV 10
4.292255254521692285e-21
0
0
0
DERIV 11
-4.320901528079831636e-22
0
0
0
DERIV 12
4.005105685419504589e-23
0
0
0
DERIV 13
-3.443302681477051236e-24
0
0
0
DERIV 14
2.763075986597195530e-25
0
0
0
DERIV 15
-2.0809409503641891248e-26
0
0
0
DERIV 16
1.4780768776254285870e-27
0
0
0
DERIV 17
-9.945052159840784356e-29
0
0
0
DERIV 18
6.363776633745408085e-30
0
0
0
DERIV 19
-3.886875234863466692e-31
0
0
0
DERIV 20
2.2736554478559897619e-32
0
0
0
DERIV 21
-1.2777581226713946599e-33
0
0
0
DERIV 22
6.919128759000560678e-35
0
0
0
DERIV 23
-3.620277018674121224e-36
0
0
0
DERIV 24
1.8351374589382250866e-37
0
0
0
DERIV 25
-9.034992244748342224e-39
0
0
0
DERIV 26
4.330794176171997913e-40
0
0
0
DERIV 27
-2.0257751054525224347e-41
0
0
0
DERIV 28
9.267412524026859642e-43
0
0
0
DERIV 29
-4.155132720482919273e-44
0
0
0
DERIV 30
1.8295331647279804532e-45
0
0
0
DERIV 31
-7.925858327675422667e-47
0
0
0
DERIV 32
3.384336317104936906e-48
0
0
0
DERIV 33
-1.4267191559511576373e-49
0
0
0
DERIV 34
5.947047325058977648e-51
0
0
0
DERIV 35
-2.4545072687229360656e-52
0
0
0
AT 53/2
3.972397481645082723e-15
0
0
0
DERIV 1
-4.257509928612409490e-15
0
0
0
DERIV 2
2.2866807773728421024e-15
0
0
0
DERIV 3
-8.207295294616195036e-16
0
0
0
DERIV 4
2.2149078369625875991e-16
0
0
0
DERIV 5
-4.794798520397975843e-17
0
0
0
DERIV 6
8.674573818903242349e-18
0
0
0
DERIV 7
-1.3492896235500130625e-18
0
0
0
DERIV 8
1.8424052128744813745e-19
0
0
0
DERIV 9
-2.2440068299235547024e-20
0
0
0
DERIV 10
2.4690082980514145706e-21
0
0
0
DERIV 11
-2.479475202531699561e-22
0
0
0
DERIV 12
2.2922655508326760775e-23
0
0
0
DERIV 13
-1.9651724344583389101e-24
0
0
0
DERIV 14
1.5721456237145112872e-25
0
0
0
DERIV 15
-1.1801148375203782442e-26
0
0
0
DERIV 16
8.352287270914605025e-28
0
0
0
DERIV 17
-5.597923553168753945e-29
0
0
0
DERIV 18
3.566985246782721383e-30
0
0
0
DERIV 19
-2.168677420481877540e-31
0
0
0
DERIV 20
1.2622755261801974600e-32
0
0
0
DERIV 21
-7.055463161495856163e-34
0
0
0
DERIV 22
3.798152971336941127e-35
0
0
0
DERIV 23
-1.9746412148720210101e-36
0
0
0
DERIV 24
9.940451830205652614e-38
0
0
0
DERIV 25
-4.857439791108610995e-39
0
0
0
DERIV 26
2.3095461272018789957e-40
0
0
0
DERIV 27
-1.0709154429764733451e-41
0
0
0
DERIV 28
4.853366293645352494e-43
0
0
0
DERIV 29
-2.1542649162891912563e-44
0
0
0
DERIV 30
9.384038028419711684e-46
0
0
0
DERIV 31
-4.019176107644500160e-47
0
0
0
DERIV 32
1.6955702902557149089e-48
0
0
0
DERIV 33
-7.057499156868907339e-50
0
0
0
DERIV 34
2.902780284947506190e-51
0
0
0
DERIV 35
-1.1814706277890647397e-52
0
0
0
AT 27
2.3251919968811885721e-15
0
0
0
DERIV 1
-2.4891249759067620814e-15
0
0
0
DERIV 2
1.3352093215421749303e-15
0
0
0
DERIV 3
-4.785879290307258470e-16
0
0
0
DERIV 4
1.2897252883036130140e-16
0
0
0
DERIV 5
-2.787728005357607934e-17
0
0
0
DERIV 6
5.035255395095037977e-18
0
0
0
DERIV 7
-7.818483653455838085e-19
0
0
0
DERIV 8
1.0655959555677684477e-19
0
0
0
DERIV 9
-1.2952768326638305976e-20
0
0
0
DERIV 10
1.4220906854159806485e-21
0
0
0
DERIV 11
-1.4248196209568057593e-22
0
0
0
DERIV 12
1.3139613053610776716e-23
0
0
0
DERIV 13
-1.1234413025122241585e-24
0
0
0
DERIV 14
8.961500614454339903e-26
0
0
0
DERIV 15
-6.705751709177320782e-27
0
0
0
DERIV 16
4.729887375282267565e-28
0
0
0
DERIV 17
-3.158424865993090397e-29
0
0
0
DERIV 18
2.0045059100861325801e-30
0
0
0
DERIV 19
-1.2134307428199750871e-31
0
0
0
DERIV 20
7.029530264845509661e-33
0
0
0
DERIV 21
-3.909072388729201122e-34
0
0
0
DERIV 22
2.0926948847541694432e-35
0
0
0
DERIV 23
-1.0814368642788848496e-36
0
0
0
DERIV 24
5.408512631396102316e-38
0
0
0
DERIV 25
-2.6242338336631959540e-39
0
0
0
DERIV 26
1.2382148042871175153e-40
0
0
0
DERIV 27
-5.694259366052541355e-42
0
0
0
DERIV 28
2.5577955412299510335e-43
0
0
0
DERIV 29
-1.1245597383543207491e-44
0
0
0
DERIV 30
4.848962249162353008e-46
0
0
0
DERIV 31
-2.0544002243134480939e-47
0
0
0
DERIV 32
8.567778448292304118e-49
0
0
0
DERIV 33
-3.523132521213155768e-50
0
0
0
DERIV 34
1.4307008972481101055e-51
0
0
0
DERIV 35
-5.745896770842139044e-53
0
0
0
AT 55/2
1.3618709253671630919e-15
0
0
0
DERIV 1
-1.4562171592949647792e-15
0
0
0
DERIV 2
7.801902970588818090e-16
0
0
0
DERIV 3
-2.792875006795764589e-16
0
0
0
DERIV 4
7.516046932319095543e-17
0
0
0
DERIV 5
-1.6222057254196070387e-17
0
0
0
DERIV 6
2.9254827049736783410e-18
0
0
0
DERIV 7
-4.534949007091616289e-19
0
0
0
DERIV 8
6.169718132945563719e-20
0
0
0
DERIV 9
-7.485184718552843677e-21
0
0
0
DERIV 10
8.201124342800654998e-22
0
0
0
DERIV 11
-8.198707073773547540e-23
0
0
0
DERIV 12
7.542828123718096099e-24
0
0
0
DERIV 13
-6.432619568256415780e-25
0
0
0
DERIV 14
5.117006468025625103e-26
0
0
0
DERIV 15
-3.817541711419901405e-27
0
0
0
DERIV 16
2.683998158354626857e-28
0
0
0
DERIV 17
-1.7859975878371523443e-29
0
0
0
DERIV 18
1.1291960339823013371e-30
0
0
0
DERIV 19
-6.807530472143849881e-32
0
0
0
DERIV 20
3.926103524883160898e-33
0
0
0
DERIV 21
-2.172725472242507776e-34
0
0
0
DERIV 22
1.1570540409553693865e-35
0
0
0
DERIV 23
-5.945275766005434896e-37
0
0
0
DERIV 24
2.955042894078925725e-38
0
0
0
DERIV 25
-1.4242337025430704714e-39
0
0
0
DERIV 26
6.671622323679481353e-41
0
0
0
DERIV 27
-3.044252735754685044e-42
0
0
0
DERIV 28
1.3559929759003993346e-43
0
0
0
DERIV 29
-5.908176240411308482e-45
0
0
0
DERIV 30
2.5230378135780628711e-46
0
0
0
DERIV 31
-1.0579995371751004856e-47
0
0
0
DERIV 32
4.364310334316484303e-49
0
0
0
DERIV 33
-1.7739792393143102404e-50
0
0
0
DERIV 34
7.116607475499144158e-52
0
0
0
DERIV 35
-2.821822504560276593e-53
0
0
0
AT 28
7.981319614540701871e-16
0
0
0
DERIV 1
-8.524791051020840869e-16
0
0
0
DERIV 2
4.561922327550679341e-16
0
0
0
DERIV 3
-1.6310115272911017163e-16
0
0
0
DERIV 4
4.383479152140376301e-17
0
0
0
DERIV 5
-9.447612715525213080e-18
0
0
0
DERIV 6
1.7012175030600388059e-18
0
0
0
DERIV 7
-2.632914144015548075e-19
0
0
0
DERIV 8
3.575883833997854987e-20
0
0
0
DERIV 9
-4.330337574150391937e-21
0
0
0
DERIV 10
4.735177190190005186e-22
0
0
0
DERIV 11
-4.723771134963203087e-23
0
0
0
DERIV 12
4.336001040512841662e-24
0
0
0
DERIV 13
-3.688749593227536268e-25
0
0
0
DERIV 14
2.926581412007526053e-26
0
0
0
DERIV 15
-2.1771632822655028292e-27
0
0
0
DERIV 16
1.5259928603408864380e-28
0
0
0
DERIV 17
-1.0120576243096511659e-29
0
0
0
DERIV 18
6.375709156796061662e-31
0
0
0
DERIV 19
-3.828715557944587406e-32
0
0
0
DERIV 20
2.1988078679918721568e-33
0
0
0
DERIV 21
-1.2112602281899140670e-34
0
0
0
DERIV 22
6.418375124262802573e-36
0
0
0
DERIV 23
-3.280200320770324440e-37
0
0
0
DERIV 24
1.6208884952188289640e-38
0
0
0
DERIV 25
-7.762859302800564184e-40
0
0
0
DERIV 26
3.611599199301832323e-41
0
0
0
DERIV 27
-1.6358375451211665105e-42
0
0
0
DERIV 28
7.228704418673633351e-44
0
0
0
DERIV 29
-3.122787462811317581e-45
0
0
0
DERIV 30
1.3213977676501018483e-46
0
0
0
DERIV 31
-5.487141607489499624e-48
0
0
0
DERIV 32
2.2400388700362440596e-49
0
0
0
DERIV 33
-9.005290565046775019e-51
0
0
0
DERIV 34
3.570809156268153757e-52
0
0
0
DERIV 35
-1.3986576326157634662e-53
0
0
0
AT 57/2
4.680218749117607980e-16
0
0
0
DERIV 1
-4.993554077169837171e-16
0
0
0
DERIV 2
2.669197667603641129e-16
0
0
0
DERIV 3
-9.531619158876621751e-17
0
0
0
DERIV 4
2.5584257900050592219e-17
0
0
0
DERIV 5
-5.506616322556600143e-18
0
0
0
DERIV 6
9.901317299926319419e-19
0
0
0
DERIV 7
-1.5300244529506907962e-19
0
0
0
DERIV 8
2.0745695230500403747e-20
0
0
0
DERIV 9
-2.5078380687021311895e-21
0
0
0
DERIV 10
2.737113225716608634e-22
0
0
0
DERIV 11
-2.724989003719896593e-23
0
0
0
DERIV 12
2.4958568271645486871e-24
0
0
0
DERIV 13
-2.118325575740098645e-25
0
0
0
DERIV 14
1.6764070717638755927e-26
0
0
0
DERIV 15
-1.2437408069337840764e-27
0
0
0
DERIV 16
8.691964211270414007e-29
0
0
0
DERIV 17
-5.746387106186340389e-30
0
0
0
DERIV 18
3.607699622443699792e-31
0
0
0
DERIV 19
-2.1584640572098911338e-32
0
0
0
DERIV 20
1.2346255865253268208e-33
0
0
0
DERIV 21
-6.771677136722318738e-35
0
0
0
DERIV 22
3.571384818046542045e-36
0
0
0
DERIV 23
-1.8159069052113151618e-37
0
0
0
DERIV 24
8.923669696848095123e-39
0
0
0
DERIV 25
-4.248260457549935090e-40
0
0
0
DERIV 26
1.9637067747046597715e-41
0
0
0
DERIV 27
-8.832440940051113413e-43
0
0
0
DERIV 28
3.873722597086758820e-44
0
0
0
DERIV 29
-1.6599369295614339673e-45
0
0
0
DERIV 30
6.963202412172196806e-47
0
0
0
DERIV 31
-2.864751996339602571e-48
0
0
0
DERIV 32
1.1579710107167988473e-49
0
0
0
DERIV 33
-4.606561191264217888e-51
0
0
0
DERIV 34
1.8064318899566029869e-52
0
0
0
DERIV 35
-6.993386231541460665e-54
0
0
0
AT 29
2.746005999494906222e-16
0
0
0
DERIV 1
-2.926810746009895282e-16
0
0
0
DERIV 2
1.5627472005508380162e-16
0
0
0
DERIV 3
-5.574028319229438875e-17
0
0
0
DERIV 4
1.4943034924407435733e-17
0
0
0
DERIV 5
-3.2120380247573247131e-18
0
0
0
DERIV 6
5.767428148667283900e-19
0
0
0
DERIV 7
-8.899000514255609884e-20
0
0
0
DERIV 8
1.2047065506777232044e-20
0
0
0
DERIV 9
-1.4538382080291547831e-21
0
0
0
DERIV 10
1.5838763298613011479e-22
0
0
0
DERIV 11
-1.5737982642951978437e-23
0
0
0
DERIV 12
1.4384622080232103458e-24
0
0
0
DERIV 13
-1.2181448075784839491e-25
0
0
0
DERIV 14
9.617002870315155992e-27
0
0
0
DERIV 15
-7.116458189616721820e-28
0
0
0
DERIV 16
4.959499156304850108e-29
0
0
0
DERIV 17
-3.268921357987293678e-30
0
0
0
DERIV 18
2.045617752591696999e-31
0
0
0
DERIV 19
-1.2195750041101258597e-32
0
0
0
DERIV 20
6.949332818659557027e-34
0
0
0
DERIV 21
-3.795872177412644279e-35
0
0
0
DERIV 22
1.9930168286306157534e-36
0
0
0
DERIV 23
-1.0084768517289656909e-37
0
0
0
DERIV 24
4.929922428966756468e-39
0
0
0
DERIV 25
-2.3337005271685601217e-40
0
0
0
DERIV 26
1.0721317031720617308e-41
0
0
0
DERIV 27
-4.790459877871386183e-43
0
0
0
DERIV 28
2.0860536285004496390e-44
0
0
0
DERIV 29
-8.870615884787393986e-46
0
0
0
DERIV 30
3.690557914791216770e-47
0
0
0
DERIV 31
-1.5050098403406796191e-48
0
0
0
DERIV 32
6.026472448101062908e-50
0
0
0
DERIV 33
-2.3735458226472380115e-51
0
0
0
DERIV 34
9.209606633077769981e-53
0
0
0
DERIV 35
-3.525767284416810421e-54
0
0
0
AT 59/2
1.6120134039230961656e-16
0
0
0
DERIV 1
-1.7164294166919952876e-16
0
0
0
DERIV 2
9.155012094868350263e-17
0
0
0
DERIV 3
-3.261752101593638131e-17
0
0
0
DERIV 4
8.733787847413972523e-18
0
0
0
DERIV 5
-1.8749709522492601928e-18
0
0
0
DERIV 6
3.362105791068761622e-19
0
0
0
DERIV 7
-5.180217750673361692e-20
0
0
0
DERIV 8
7.002040969845421364e-21
0
0
0
DERIV 9
-8.436288104613880449e-22
0
0
0
DERIV 10
9.174869456440733165e-23
0
0
0
DERIV 11
-9.099508286365820145e-24
0
0
0
DERIV 12
8.300411622089567961e-25
0
0
0
DERIV 13
-7.014054237336170138e-26
0
0
0
DERIV 14
5.524714028981896396e-27
0
0
0
DERIV 15
-4.078102865754730473e-28
0
0
0
DERIV 16
2.834481242233248158e-29
0
0
0
DERIV 17
-1.8629073928472725942e-30
0
0
0
DERIV 18
1.1621532744396249828e-31
0
0
0
DERIV 19
-6.905442966273848088e-33
0
0
0
DERIV 20
3.920598411412908356e-34
0
0
0
DERIV 21
-2.1331363454362251398e-35
0
0
0
DERIV 22
1.1152600563794404876e-36
0
0
0
DERIV 23
-5.617432046444723342e-38
0
0
0
DERIV 24
2.7324674343642346866e-39
0
0
0
DERIV 25
-1.2865503531459603031e-40
0
0
0
DERIV 26
5.876349911394825040e-42
0
0
0
DERIV 27
-2.6092350020358812962e-43
0
0
0
DERIV 28
1.1285599545391734757e-44
0
0
0
DERIV 29
-4.764219813871993093e-46
0
0
0
DERIV 30
1.9666852696354724275e-47
0
0
0
DERIV 31
-7.953257390463111414e-49
0
0
0
DERIV 32
3.156341719966891703e-50
0
0
0
DERIV 33
-1.2313533527938941298e-51
0
0
0
DERIV 34
4.729760508377181125e-53
0
0
0
DERIV 35
-1.7914972675241347004e-54
0
0
0
AT 30
9.467105319601674769e-17
0
0
0
DERIV 1
-1.0070611591548788192e-16
0
0
0
DERIV 2
5.365940145286692419e-17
0
0
0
DERIV 3
-1.9097152235681932067e-17
0
0
0
DERIV 4
5.107668537294773786e-18
0
0
0
DERIV 5
-1.0951821556883418712e-18
0
0
0
DERIV 6
1.9612896354088628970e-19
0
0
0
DERIV 7
-3.017733708147079548e-20
0
0
0
DERIV 8
4.073061788545582168e-21
0
0
0
DERIV 9
-4.899691340425205418e-22
0
0
0
DERIV 10
5.319758961237701504e-23
0
0
0
DERIV 11
-5.266649020433153576e-24
0
0
0
DERIV 12
4.794966539230016464e-25
0
0
0
DERIV 13
-4.043567322875685260e-26
0
0
0
DERIV 14
3.1779684438133007900e-27
0
0
0
DERIV 15
-2.340295777344496831e-28
0
0
0
DERIV 16
1.6224858461504971101e-29
0
0
0
DERIV 17
-1.0634279801638567019e-30
0
0
0
DERIV 18
6.614493052553042434e-32
0
0
0
DERIV 19
-3.917773569505874794e-33
0
0
0
DERIV 20
2.216684286556357754e-34
0
0
0
DERIV 21
-1.2015806673504707960e-35
0
0
0
DERIV 22
6.256938210087474366e-37
0
0
0
DERIV 23
-3.137851208655688485e-38
0
0
0
DERIV 24
1.5191618309526895566e-39
0
0
0
DERIV 25
-7.116460519897054562e-41
0
0
0
DERIV 26
3.232619371587665414e-42
0
0
0
DERIV 27
-1.4268524532951692878e-43
0
0
0
DERIV 28
6.132067161090727301e-45
0
0
0
DERIV 29
-2.5708501184617465684e-46
0
0
0
DERIV 30
1.0534132127048678305e-47
0
0
0
DERIV 31
-4.226253090129115924e-49
0
0
0
DERIV 32
1.6630372924251540250e-50
0
0
0
DERIV 33
-6.429314999284418626e-52
0
0
0
DERIV 34
2.445906818984852133e-53
0
0
0
DERIV 35
-9.170465775268115286e-55
0
0
0
AT 61/2
5.556440711486447833e-17
0
0
0
DERIV 1
-5.905637584467386602e-17
0
0
0
DERIV 2
3.143857206855378126e-17
0
0
0
DERIV 3
-1.1178010372719441154e-17
0
0
0
DERIV 4
2.9865410892416523908e-18
0
0
0
DERIV 5
-6.396625595824464107e-19
0
0
0
DERIV 6
1.1441729548179754117e-19
0
0
0
DERIV 7
-1.7582485586387843101e-20
0
0
0
DERIV 8
2.3699052804188067286e-21
0
0
0
DERIV 9
-2.846737732472634232e-22
0
0
0
DERIV 10
3.085987131397511069e-23
0
0
0
DERIV 11
-3.0500772198998965220e-24
0
0
0
DERIV 12
2.771934962796907410e-25
0
0
0
DERIV 13
-2.3330562748989968506e-26
0
0
0
DERIV 14
1.8298277122816216247e-27
0
0
0
DERIV 15
-1.3445063929330662717e-28
0
0
0
DERIV 16
9.298862631019589025e-30
0
0
0
DERIV 17
-6.079003202104061537e-31
0
0
0
DERIV 18
3.770574160648404123e-32
0
0
0
DERIV 19
-2.2265896443295352183e-33
0
0
0
DERIV 20
1.2557098611124013781e-34
0
0
0
DERIV 21
-6.782790525275888497e-36
0
0
0
DERIV 22
3.518542738019247172e-37
0
0
0
DERIV 23
-1.7572913129163702697e-38
0
0
0
DERIV 24
8.469929910582718276e-40
0
0
0
DERIV 25
-3.948631631195199181e-41
0
0
0
DERIV 26
1.7843278325101093412e-42
0
0
0
DERIV 27
-7.831691145631065383e-44
0
0
0
DERIV 28
3.345392595173376734e-45
0
0
0
DERIV 29
-1.3934032864207078129e-46
0
0
0
DERIV 30
5.669498294487261570e-48
0
0
0
DERIV 31
-2.2574806138533405543e-49
0
0
0
DERIV 32
8.811759145318418682e-51
0
0
0
DERIV 33
-3.377391908093631481e-52
0
0
0
DERIV 34
1.2731328966374519431e-53
0
0
0
DERIV 35
-4.727187262901391759e-55
0
0
0
AT 31
3.225617483895219508e-17
0
0
0
DERIV 1
-3.428488047359380519e-17
0
0
0
DERIV 2
1.8250377063248488501e-17
0
0
0
DERIV 3
-6.487833311197468420e-18
0
0
0
DERIV 4
1.7329339275433049705e-18
0
0
0
DERIV 5
-3.710171233756714150e-19
0
0
0
DERIV 6
6.633062996310380574e-20
0
0
0
DERIV 7
-1.0186629396181493225e-20
0
0
0
DERIV 8
1.3720045653720899769e-21
0
0
0
DERIV 9
-1.6466100112002140786e-22
0
0
0
DERIV 10
1.7831917230802969510e-23
0
0
0
DERIV 11
-1.7604125523381987975e-24
0
0
0
DERIV 12
1.5977990586352367526e-25
0
0
0
DERIV 13
-1.3428638268071767320e-26
0
0
0
DERIV 14
1.0515080285234677074e-27
0
0
0
DERIV 15
-7.712306063022847284e-29
0
0
0
DERIV 16
5.323391461995998937e-30
0
0
0
DERIV 17
-3.472486726710432339e-31
0
0
0
DERIV 18
2.1486787857757022269e-32
0
0
0
DERIV 19
-1.2654913097111074140e-33
0
0
0
DERIV 20
7.116309973284113323e-35
0
0
0
DERIV 21
-3.831809292185851823e-36
0
0
0
DERIV 22
1.980900793942500187e-37
0
0
0
DERIV 23
-9.856280945667122884e-39
0
0
0
DERIV 24
4.731224050700618716e-40
0
0
0
DERIV 25
-2.1958829192190274921e-41
0
0
0
DERIV 26
9.875059502383031625e-43
0
0
0
DERIV 27
-4.311672799045171074e-44
0
0
0
DERIV 28
1.8313621783063271012e-45
0
0
0
DERIV 29
-7.581270921422992797e-47
0
0
0
DERIV 30
3.064354608272179817e-48
0
0
0
DERIV 31
-1.2115178632540232717e-49
0
0
0
DERIV 32
4.693041498417186212e-51
0
0
0
DERIV 33
-1.7841358685528666791e-52
0
0
0
DERIV 34
6.667143546142482030e-54
0
0
0
DERIV 35
-2.4527425473972584854e-55
0
0
0
AT 63/2
1.6591578850331746812e-17
0
0
0
DERIV 1
-1.7809601616894379232e-17
0
0
0
DERIV 2
9.566618592046765456e-18
0
0
0
DERIV 3
-3.4292598488815161437e-18
0
0
0
DERIV 4
9.229844143681351962e-19
0
0
0
DERIV 5
-1.9899037910092402838e-19
0
0
0
DERIV 6
3.580196748397805708e-20
0
0
0
DERIV 7
-5.529934134339172507e-21
0
0
0
DERIV 8
7.486785377309579475e-22
0
0
0
DERIV 9
-9.027030866510480488e-23
0
0
0
DERIV 10
9.816112616678010078e-24
0
0
0
DERIV 11
-9.725770484288245851e-25
0
0
0
DERIV 12
8.854971635806849109e-26
0
0
0
DERIV 13
-7.461830279936899003e-27
0
0
0
DERIV 14
5.855604951471331568e-28
0
0
0
DERIV 15
-4.302194910247129685e-29
0
0
0
DERIV 16
2.9733374616993873823e-30
0
0
0
DERIV 17
-1.9411145725591487677e-31
0
0
0
DERIV 18
1.2015508952597766419e-32
0
0
0
DERIV 19
-7.076114335906468688e-34
0
0
0
DERIV 20
3.977031984711562291e-35
0
0
0
DERIV 21
-2.1393309648140110719e-36
0
0
0
DERIV 22
1.1043453152852521422e-37
0
0
0
DERIV 23
-5.484254805061210076e-39
0
0
0
DERIV 24
2.6262140278222448586e-40
0
0
0
DERIV 25
-1.2153524188819178025e-41
0
0
0
DERIV 26
5.446880337630890118e-43
0
0
0
DERIV 27
-2.368871323679932344e-44
0
0
0
DERIV 28
1.0016678119884771845e-45
0
0
0
DERIV 29
-4.125773585350528443e-47
0
0
0
DERIV 30
1.6583287554148814089e-48
0
0
0
DERIV 31
-6.515968320482542261e-50
0
0
0
DERIV 32
2.5070694584148911429e-51
0
0
0
DERIV 33
-9.461182493208087154e-53
0
0
0
DERIV 34
3.507556149467719822e-54
0
0
0
DERIV 35
-1.2794020635095305354e-55
0
0
0
AT 32
1.1324592841580752097e-17
0
0
0
DERIV 1
-1.2003005628828333252e-17
0
0
0
DERIV 2
6.371221547469083226e-18
0
0
0
DERIV 3
-2.2583719206672220476e-18
0
0
0
DERIV 4
6.014499031801333256e-19
0
0
0
DERIV 5
-1.2838222774149205581e-19
0
0
0
DERIV 6
2.2881535613361233413e-20
0
0
0
DERIV 7
-3.502859012997576356e-21
0
0
0
DERIV 8
4.702446460301739004e-22
0
0
0
DERIV 9
-5.624498981201029237e-23
0
0
0
DERIV 10
6.069566191854218174e-24
0
0
0
DERIV 11
-5.970007417070320410e-25
0
0
0
DERIV 12
5.397710546084048768e-26
0
0
0
DERIV 13
-4.518183804278574275e-27
0
0
0
DERIV 14
3.522872973922195570e-28
0
0
0
DERIV 15
-2.572283288425364079e-29
0
0
0
DERIV 16
1.7670936876673507701e-30
0
0
0
DERIV 17
-1.1468925335972906295e-31
0
0
0
DERIV 18
7.058716343781859317e-33
0
0
0
DERIV 19
-4.133637363307350222e-34
0
0
0
DERIV 20
2.3103538098962545378e-35
0
0
0
DERIV 21
-1.2359270085023226975e-36
0
0
0
DERIV 22
6.344743469031012071e-38
0
0
0
DERIV 23
-3.133321814215727213e-39
0
0
0
DERIV 24
1.4919841202744601941e-40
0
0
0
DERIV 25
-6.864925317304557823e-42
0
0
0
DERIV 26
3.0585651822804380881e-43
0
0
0
DERIV 27
-1.3221123123413090144e-44
0
0
0
DERIV 28
5.555357676576564320e-46
0
0
0
DERIV 29
-2.273230829677351372e-47
0
0
0
DERIV 30
9.074681192792223954e-49
0
0
0
DERIV 31
-3.540137288082733137e-50
0
0
0
DERIV 32
1.3518601112244488132e-51
0
0
0
DERIV 33
-5.061349676171491602e-53
0
0
0
DERIV 34
1.8608080240894153778e-54
0
0
0
DERIV 35
-6.728089840362258485e-56
0
0
0
AT 33
3.927302713602098519e-18
0
0
0
DERIV 1
-4.155710146814383739e-18
0
0
0
DERIV 2
2.2020314875795556298e-18
0
0
0
DERIV 3
-7.791142744868893550e-19
0
0
0
DERIV 4
2.0709339703645474416e-19
0
0
0
DERIV 5
-4.411493547177234626e-20
0
0
0
DERIV 6
7.845651694795639217e-21
0
0
0
DERIV 7
-1.1983254014969078886e-21
0
0
0
DERIV 8
1.6048148565550092357e-22
0
0
0
DERIV 9
-1.9145634503748783086e-23
0
0
0
DERIV 10
2.0604353125539533371e-24
0
0
0
DERIV 11
-2.0207675338335065400e-25
0
0
0
DERIV 12
1.8214178194298913560e-26
0
0
0
DERIV 13
-1.5196155523583866572e-27
0
0
0
DERIV 14
1.1807020518679084891e-28
0
0
0
DERIV 15
-8.588767674586667746e-30
0
0
0
DERIV 16
5.876603056755028198e-31
0
0
0
DERIV 17
-3.797695427694688720e-32
0
0
0
DERIV 18
2.3265834924501772781e-33
0
0
0
DERIV 19
-1.3557314310522104897e-34
0
0
0
DERIV 20
7.537164382530215756e-36
0
0
0
DERIV 21
-4.009001491096893030e-37
0
0
0
DERIV 22
2.0454168537726442816e-38
0
0
0
DERIV 23
-1.0034396636006671675e-39
0
0
0
DERIV 24
4.744010918379696428e-41
0
0
0
DERIV 25
-2.1660616565066431290e-42
0
0
0
DERIV 26
9.570734112302931908e-44
0
0
0
DERIV 27
-4.100221812957021150e-45
0
0
0
DERIV 28
1.7063221045263814667e-46
0
0
0
DERIV 29
-6.910037328311143813e-48
0
0
0
DERIV 30
2.7278068432626650484e-49
0
0
0
DERIV 31
-1.0514427433988570242e-50
0
0
0
DERIV 32
3.963694333368976686e-52
0
0
0
DERIV 33
-1.4636620777032385253e-53
0
0
0
DERIV 34
5.302387755361310152e-55
0
0
0
DERIV 35
-1.8872778704249984141e-56
0
0
0
AT 34
1.3642787787526693097e-18
0
0
0
DERIV 1
-1.4413753289390551735e-18
0
0
0
DERIV 2
7.625065712482442811e-19
0
0
0
DERIV 3
-2.693221448598205950e-19
0
0
0
DERIV 4
7.145750312604686268e-20
0
0
0
DERIV 5
-1.5192692427736175208e-20
0
0
0
DERIV 6
2.6964922341023685288e-21
0
0
0
DERIV 7
-4.109754804226894571e-22
0
0
0
DERIV 8
5.491400137700507216e-23
0
0
0
DERIV 9
-6.535617596741581145e-24
0
0
0
DERIV 10
7.015708981347287919e-25
0
0
0
DERIV 11
-6.862091187073530708e-26
0
0
0
DERIV 12
6.167418801156839120e-27
0
0
0
DERIV 13
-5.129810325359869346e-28
0
0
0
DERIV 14
3.972782750595150069e-29
0
0
0
DERIV 15
-2.8799042303189180089e-30
0
0
0
DERIV 16
1.9631969784916633322e-31
0
0
0
DERIV 17
-1.2636788788804610633e-32
0
0
0
DERIV 18
7.708916584449962888e-34
0
0
0
DERIV 19
-4.471723339472175599e-35
0
0
0
DERIV 20
2.4739603907281404066e-36
0
0
0
DERIV 21
-1.3090279364070816510e-37
0
0
0
DERIV 22
6.641304969812832226e-39
0
0
0
DERIV 23
-3.2384573657994864205e-40
0
0
0
DERIV 24
1.5211386783163654004e-41
0
0
0
DERIV 25
-6.896908967098211763e-43
0
0
0
DERIV 26
3.024519253845684000e-44
0
0
0
DERIV 27
-1.2852703034108395221e-45
0
0
0
DERIV 28
5.302172256150932698e-47
0
0
0
DERIV 29
-2.1271065686804199582e-48
0
0
0
DERIV 30
8.312457016136852656e-50
0
0
0
DERIV 31
-3.169422197014198229e-51
0
0
0
DERIV 32
1.1809365161206247488e-52
0
0
0
DERIV 33
-4.306606195786280363e-54
0
0
0
DERIV 34
1.5394100713462837458e-55
0
0
0
DERIV 35
-5.401503434466186696e-57
0
0
0
AT 35
4.746872206792648795e-19
0
0
0
DERIV 1
-5.007731254270677327e-19
0
0
0
DERIV 2
2.645056062876107504e-19
0
0
0
DERIV 3
-9.327307213737008689e-20
0
0
0
DERIV 4
2.4705182207776755666e-20
0
0
0
DERIV 5
-5.243138785721144959e-21
0
0
0
DERIV 6
9.288157960852289593e-22
0
0
0
DERIV 7
-1.4127793947722074877e-22
0
0
0
DERIV 8
1.8837369237717290700e-23
0
0
0
DERIV 9
-2.2369144533199350843e-24
0
0
0
DERIV 10
2.395535205774424650e-25
0
0
0
DERIV 11
-2.3371888639404973440e-26
0
0
0
DERIV 12
2.0949813413464391810e-27
0
0
0
DERIV 13
-1.7375807471399976329e-28
0
0
0
DERIV 14
1.3416123303588649410e-29
0
0
0
DERIV 15
-9.694240743529291311e-31
0
0
0
DERIV 16
6.585836869551963260e-32
0
0
0
DERIV 17
-4.223719885821323075e-33
0
0
0
DERIV 18
2.566577569833986606e-34
0
0
0
DERIV 19
-1.4825886430272480775e-35
0
0
0
DERIV 20
8.165730311322682155e-37
0
0
0
DERIV 21
-4.300001021542696186e-38
0
0
0
DERIV 22
2.1703974215950436335e-39
0
0
0
DERIV 23
-1.0525098329986989471e-40
0
0
0
DERIV 24
4.914518786137979031e-42
0
0
0
DERIV 25
-2.2141047086400055455e-43
0
0
0
DERIV 26
9.643240784585520966e-45
0
0
0
DERIV 27
-4.067795044043498382e-46
0
0
0
DERIV 28
1.6648456002027535764e-47
0
0
0
DERIV 29
-6.622235414483989923e-49
0
0
0
DERIV 30
2.564256340128079592e-50
0
0
0
DERIV 31
-9.681259081880392843e-52
0
0
0
DERIV 32
3.569299489028313513e-53
0
0
0
DERIV 33
-1.2869564204615084905e-54
0
0
0
DERIV 34
4.544713684954131200e-56
0
0
0
DERIV 35
-1.5740809602945312119e-57
0
0
0
AT 36
1.6541302925124955689e-19
0
0
0
DERIV 1
-1.7425941693784005026e-19
0
0
0
DERIV 2
9.190803319217560559e-20
0
0
0
DERIV 3
-3.235984552172441087e-20
0
0
0
DERIV 4
8.557280475896408370e-21
0
0
0
DERIV 5
-1.8130097973534290724e-21
0
0
0
DERIV 6
3.205976811586012780e-22
0
0
0
DERIV 7
-4.867266566300415365e-23
0
0
0
DERIV 8
6.476880578086863168e-24
0
0
0
DERIV 9
-7.675051639413649079e-25
0
0
0
DERIV 10
8.201031278482985186e-26
0
0
0
DERIV 11
-7.982470061535061922e-27
0
0
0
DERIV 12
7.137405351757614730e-28
0
0
0
DERIV 13
-5.904133435540057515e-29
0
0
0
DERIV 14
4.545881323094506123e-30
0
0
0
DERIV 15
-3.274973778292084130e-31
0
0
0
DERIV 16
2.2178118013322665905e-32
0
0
0
DERIV 17
-1.4175496830178389141e-33
0
0
0
DERIV 18
8.582804298778000196e-35
0
0
0
DERIV 19
-4.938795225393312589e-36
0
0
0
DERIV 20
2.708980076148238379e-37
0
0
0
DERIV 21
-1.4202502371440104443e-38
0
0
0
DERIV 22
7.134862449352628850e-40
0
0
0
DERIV 23
-3.442512744727622507e-41
0
0
0
DERIV 24
1.5987263117897332101e-42
0
0
0
DERIV 25
-7.160814643980631927e-44
0
0
0
DERIV 26
3.099357919820095714e-45
0
0
0
DERIV 27
-1.2986452563413198600e-46
0
0
0
DERIV 28
5.276800986147052427e-48
0
0
0
DERIV 29
-2.0827288377810904100e-49
0
0
0
DERIV 30
7.997790364103331722e-51
0
0
0
DERIV 31
-2.9926276372925590101e-52
0
0
0
DERIV 32
1.0927744341629064130e-53
0
0
0
DERIV 33
-3.899737795909025214e-55
0
0
0
DERIV 34
1.3620184941843920383e-56
0
0
0
DERIV 35
-4.662018130312863991e-58
0
0
0
AT 37
5.772377974009458403e-20
0
0
0
DERIV 1
-6.073028912401544184e-20
0
0
0
DERIV 2
3.198593752922908152e-20
0
0
0
DERIV 3
-1.1245510603823411219e-20
0
0
0
DERIV 4
2.9692325763163746942e-21
0
0
0
DERIV 5
-6.280738274848841928e-22
0
0
0
DERIV 6
1.1087586345916640497e-22
0
0
0
DERIV 7
-1.6803094281983739852e-23
0
0
0
DERIV 8
2.2318042069350117688e-24
0
0
0
DERIV 9
-2.639447803552242299e-25
0
0
0
DERIV 10
2.814452713847918754e-26
0
0
0
DERIV 11
-2.7334113550092277360e-27
0
0
0
DERIV 12
2.438342844535181925e-28
0
0
0
DERIV 13
-2.0120438269867465858e-29
0
0
0
DERIV 14
1.5451179367405958819e-30
0
0
0
DERIV 15
-1.1100533578210521734e-31
0
0
0
DERIV 16
7.495105760573547433e-33
0
0
0
DERIV 17
-4.775587394527813447e-34
0
0
0
DERIV 18
2.881806397126171790e-35
0
0
0
DERIV 19
-1.6523726755752834246e-36
0
0
0
DERIV 20
9.029017844686841468e-38
0
0
0
DERIV 21
-4.714492216819893464e-39
0
0
0
DERIV 22
2.3581380413096080975e-40
0
0
0
DERIV 23
-1.1325066459278014976e-41
0
0
0
DERIV 24
5.233327557494060259e-43
0
0
0
DERIV 25
-2.331578252501407270e-44
0
0
0
DERIV 26
1.0034033940307324807e-45
0
0
0
DERIV 27
-4.178588840560695704e-47
0
0
0
DERIV 28
1.6867464656877327284e-48
0
0
0
DERIV 29
-6.610609598353278105e-50
0
0
0
DERIV 30
2.5193153976142406456e-51
0
0
0
DERIV 31
-9.350329010513220922e-53
0
0
0
DERIV 32
3.384604727361984982e-54
0
0
0
DERIV 33
-1.1965783676621212245e-55
0
0
0
DERIV 34
4.137385191584917619e-57
0
0
0
DERIV 35
-1.4010300596775625022e-58
0
0
0
AT 38
2.0171142555190852743e-20
0
0
0
DERIV 1
-2.1195018195501973152e-20
0
0
0
DERIV 2
1.1148455198029560427e-20
0
0
0
DERIV 3
-3.914125194764027676e-21
0
0
0
DERIV 4
1.0319783876075441693e-21
0
0
0
DERIV 5
-2.179600368562419440e-22
0
0
0
DERIV 6
3.841578960085715330e-23
0
0
0
DERIV 7
-5.812099306405479281e-24
0
0
0
DERIV 8
7.706066671465908368e-25
0
0
0
DERIV 9
-9.096656293893276797e-26
0
0
0
DERIV 10
9.680790475239461392e-27
0
0
0
DERIV 11
-9.382592550373018224e-28
0
0
0
DERIV 12
8.351469579917136856e-29
0
0
0
DERIV 13
-6.875451510711924185e-30
0
0
0
DERIV 14
5.266986637181752395e-31
0
0
0
DERIV 15
-3.774137782630229099e-32
0
0
0
DERIV 16
2.5413030180365712552e-33
0
0
0
DERIV 17
-1.6144933321897722547e-34
0
0
0
DERIV 18
9.712365603985711318e-36
0
0
0
DERIV 19
-5.550504443972779851e-37
0
0
0
DERIV 20
3.022285973542958989e-38
0
0
0
DERIV 21
-1.5721689237438308926e-39
0
0
0
DERIV 22
7.832366770687328112e-41
0
0
0
DERIV 23
-3.745460735228231311e-42
0
0
0
DERIV 24
1.7228778397172198342e-43
0
0
0
DERIV 25
-7.638348137134160794e-45
0
0
0
DERIV 26
3.2699970683136582914e-46
0
0
0
DERIV 27
-1.3541323313239850926e-47
0
0
0
DERIV 28
5.433321028435860908e-49
0
0
0
DERIV 29
-2.1156895326507150825e-50
0
0
0
DERIV 30
8.007266954767742047e-52
0
0
0
DERIV 31
-2.949861205845823902e-53
0
0
0
DERIV 32
1.0593069746894194633e-54
0
0
0
DERIV 33
-3.713170520518557261e-56
0
0
0
DERIV 34
1.2721978594839038780e-57
0
0
0
DERIV 35
-4.266000094221069600e-59
0
0
0
AT 39
7.057764863766185071e-21
0
0
0
DERIV 1
-7.407126414160772250e-21
0
0
0
DERIV 2
3.891223571061162351e-21
0
0
0
DERIV 3
-1.3643834497293378354e-21
0
0
0
DERIV 4
3.592324956341941076e-22
0
0
0
DERIV 5
-7.576286860686852106e-23
0
0
0
DERIV 6
1.3333160676833184747e-23
0
0
0
DERIV 7
-2.0140365879088809127e-24
0
0
0
DERIV 8
2.665894419369578909e-25
0
0
0
DERIV 9
-3.141450357495290590e-26
0
0
0
DERIV 10
3.337007148463222165e-27
0
0
0
DERIV 11
-3.227927689984815048e-28
0
0
0
DERIV 12
2.867292421812036942e-29
0
0
0
DERIV 13
-2.3554206699236371958e-30
0
0
0
DERIV 14
1.8002544188691733086e-31
0
0
0
DERIV 15
-1.2868737213609080140e-32
0
0
0
DERIV 16
8.642885212942665395e-34
0
0
0
DERIV 17
-5.475898061727813541e-35
0
0
0
DERIV 18
3.284643814734600385e-36
0
0
0
DERIV 19
-1.8713775516198039103e-37
0
0
0
DERIV 20
1.0156531838613181374e-38
0
0
0
DERIV 21
-5.264999649193055214e-40
0
0
0
DERIV 22
2.613258041134182157e-41
0
0
0
DERIV 23
-1.2447365971158713906e-42
0
0
0
DERIV 24
5.701559562924653689e-44
0
0
0
DERIV 25
-2.5164030087066362911e-45
0
0
0
DERIV 26
1.0720970761908004496e-46
0
0
0
DERIV 27
-4.416796576827599908e-48
0
0
0
DERIV 28
1.7624350044001755856e-49
0
0
0
DERIV 29
-6.822298190477625636e-51
0
0
0
DERIV 30
2.5657280016390571468e-52
0
0
0
DERIV 31
-9.388113002293763786e-54
0
0
0
DERIV 32
3.346860935648965379e-55
0
0
0
DERIV 33
-1.1640561984159851972e-56
0
0
0
DERIV 34
3.955088753626047932e-58
0
0
0
DERIV 35
-1.3144359780008768939e-59
0
0
0
AT 40
2.4725055376917017593e-21
0
0
0
DERIV 1
-2.5919331536291424754e-21
0
0
0
DERIV 2
1.3600098691989858116e-21
0
0
0
DERIV 3
-4.762671552860121638e-22
0
0
0
DERIV 4
1.2523423861148988461e-22
0
0
0
DERIV 5
-2.6376093293621648234e-23
0
0
0
DERIV 6
4.635166265580930372e-24
0
0
0
DERIV 7
-6.991129276223664449e-25
0
0
0
DERIV 8
9.239282468998681275e-26
0
0
0
DERIV 9
-1.0869413686318704047e-26
0
0
0
DERIV 10
1.1525944439638580151e-27
0
0
0
DERIV 11
-1.1128761763919559289e-28
0
0
0
DERIV 12
9.866338477681217271e-30
0
0
0
DERIV 13
-8.088493843051898835e-31
0
0
0
DERIV 14
6.168775822043666776e-32
0
0
0
DERIV 15
-4.399608424244577657e-33
0
0
0
DERIV 16
2.947765021930531168e-34
0
0
0
DERIV 17
-1.8628768304581724499e-35
0
0
0
DERIV 18
1.1144115703116190196e-36
0
0
0
DERIV 19
-6.331053348300051982e-38
0
0
0
DERIV 20
3.425628448443656478e-39
0
0
0
DERIV 21
-1.7700695793939791647e-40
0
0
0
DERIV 22
8.755515136113671849e-42
0
0
0
DERIV 23
-4.155155777600007496e-43
0
0
0
DERIV 24
1.8958727072510089911e-44
0
0
0
DERIV 25
-8.332745801276285776e-46
0
0
0
DERIV 26
3.534371134718030098e-47
0
0
0
DERIV 27
-1.4491836930358406425e-48
0
0
0
DERIV 28
5.753400219490230588e-50
0
0
0
DERIV 29
-2.2150518027279821937e-51
0
0
0
DERIV 30
8.282090436261602364e-53
0
0
0
DERIV 31
-3.011659107753549911e-54
0
0
0
DERIV 32
1.0665279987991482882e-55
0
0
0
DERIV 33
-3.683079059712490755e-57
0
0
0
DERIV 34
1.2418734541079372470e-58
0
0
0
DERIV 35
-4.093662054728649380e-60
0
0
0
AT 41
8.671918704642442368e-22
0
0
0
DERIV 1
-9.080894576731653328e-22
0
0
0
DERIV 2
4.759410639796515340e-22
0
0
0
DERIV 3
-1.6647388475275728031e-22
0
0
0
DERIV 4
4.371994693310140335e-23
0
0
0
DERIV 5
-9.196091582557714872e-24
0
0
0
DERIV 6
1.6138679563985834018e-24
0
0
0
DERIV 7
-2.430702054461469059e-25
0
0
0
DERIV 8
3.207556511322907026e-26
0
0
0
DERIV 9
-3.767573970332860177e-27
0
0
0
DERIV 10
3.988572569868397771e-28
0
0
0
DERIV 11
-3.844469677372313203e-29
0
0
0
DERIV 12
3.402161553616670647e-30
0
0
0
DERIV 13
-2.783772854680605465e-31
0
0
0
DERIV 14
2.1187863163222075986e-32
0
0
0
DERIV 15
-1.5079110449072171206e-33
0
0
0
DERIV 16
1.0080357995987805809e-34
0
0
0
DERIV 17
-6.355249012533953199e-36
0
0
0
DERIV 18
3.792268180680465037e-37
0
0
0
DERIV 19
-2.1486685061051434318e-38
0
0
0
DERIV 20
1.1593209528915150406e-39
0
0
0
DERIV 21
-5.972391034021655103e-41
0
0
0
DERIV 22
2.944778281276874491e-42
0
0
0
DERIV 23
-1.3927824692441093295e-43
0
0
0
DERIV 24
6.331918760667341955e-45
0
0
0
DERIV 25
-2.7723114105719375071e-46
0
0
0
DERIV 26
1.1710707726354574854e-47
0
0
0
DERIV 27
-4.780707376732519529e-49
0
0
0
DERIV 28
1.8891317733796729984e-50
0
0
0
DERIV 29
-7.236884618535385665e-52
0
0
0
DERIV 30
2.691462080829774317e-53
0
0
0
DERIV 31
-9.731364658850211749e-55
0
0
0
DERIV 32
3.425208396988713822e-56
0
0
0
DERIV 33
-1.1751336943447220722e-57
0
0
0
DERIV 34
3.934747364497301026e-59
0
0
0
DERIV 35
-1.2873697172215781046e-60
0
0
0
AT 42
3.044929166667315143e-22
0
0
0
DERIV 1
-3.185216383336137137e-22
0
0
0
DERIV 2
1.6676024241478677912e-22
0
0
0
DERIV 3
-5.826316004152954231e-23
0
0
0
DERIV 4
1.5283204037754273628e-23
0
0
0
DERIV 5
-3.2107157193759803844e-24
0
0
0
DERIV 6
5.627374189891603427e-25
0
0
0
DERIV 7
-8.464135603649065368e-26
0
0
0
DERIV 8
1.1153481076060076907e-26
0
0
0
DERIV 9
-1.3081376045744522978e-27
0
0
0
DERIV 10
1.3827158790726410665e-28
0
0
0
DERIV 11
-1.3305825240955239321e-29
0
0
0
DERIV 12
1.1754766118651358246e-30
0
0
0
DERIV 13
-9.600807286595268351e-32
0
0
0
DERIV 14
7.293474351472716177e-33
0
0
0
DERIV 15
-5.180263054008934434e-34
0
0
0
DERIV 16
3.455676102372711416e-35
0
0
0
DERIV 17
-2.1737984949793348899e-36
0
0
0
DERIV 18
1.2940772725919370622e-37
0
0
0
DERIV 19
-7.313843978541193006e-39
0
0
0
DERIV 20
3.935783385471477632e-40
0
0
0
DERIV 21
-2.0218930504618141339e-41
0
0
0
DERIV 22
9.939644947711528607e-43
0
0
0
DERIV 23
-4.686298992126031047e-44
0
0
0
DERIV 24
2.1233633605325579921e-45
0
0
0
DERIV 25
-9.263612189943414537e-47
0
0
0
DERIV 26
3.898258574028160405e-48
0
0
0
DERIV 27
-1.5849688007901962511e-49
0
0
0
DERIV 28
6.236132169142107982e-51
0
0
0
DERIV 29
-2.3779547746303034399e-52
0
0
0
DERIV 30
8.800427983055696658e-54
0
0
0
DERIV 31
-3.1652445757315788725e-55
0
0
0
DERIV 32
1.1078527920314929687e-56
0
0
0
DERIV 33
-3.778121845403813858e-58
0
0
0
DERIV 34
1.2569538037763463985e-59
0
0
0
DERIV 35
-4.084391282185669526e-61
0
0
0
AT 43
1.0702891648321667690e-22
0
0
0
DERIV 1
-1.1184875713837250521e-22
0
0
0
DERIV 2
5.849718775447756759e-23
0
0
0
DERIV 3
-2.0415858071265991014e-23
0
0
0
DERIV 4
5.349323579615228025e-24
0
0
0
DERIV 5
-1.1224723317216516975e-24
0
0
0
DERIV 6
1.9649253244222802223e-25
0
0
0
DERIV 7
-2.951651081370327508e-26
0
0
0
DERIV 8
3.884267319318632837e-27
0
0
0
DERIV 9
-4.549260561587523012e-28
0
0
0
DERIV 10
4.801530030252539256e-29
0
0
0
DERIV 11
-4.613350729914708783e-30
0
0
0
DERIV 12
4.068957174781133384e-31
0
0
0
DERIV 13
-3.317688056269128449e-32
0
0
0
DERIV 14
2.5158377538188901430e-33
0
0
0
DERIV 15
-1.7835256145863802799e-34
0
0
0
DERIV 16
1.1873971214490402036e-35
0
0
0
DERIV 17
-7.453676576400339761e-37
0
0
0
DERIV 18
4.427404359808795459e-38
0
0
0
DERIV 19
-2.4964223398247734608e-39
0
0
0
DERIV 20
1.3400733003130882015e-40
0
0
0
DERIV 21
-6.866220428620858833e-42
0
0
0
DERIV 22
3.3660847528505896164e-43
0
0
0
DERIV 23
-1.5823626340737339998e-44
0
0
0
DERIV 24
7.147329778219332886e-46
0
0
0
DERIV 25
-3.107841789130155559e-47
0
0
0
DERIV 26
1.3032184409922883687e-48
0
0
0
DERIV 27
-5.278824969741330850e-50
0
0
0
DERIV 28
2.0686935053012416419e-51
0
0
0
DERIV 29
-7.854795520022704918e-53
0
0
0
DERIV 30
2.893762985919384261e-54
0
0
0
DERIV 31
-1.0357678028231602128e-55
0
0
0
DERIV 32
3.606545076824880089e-57
0
0
0
DERIV 33
-1.2231710628713380961e-58
0
0
0
DERIV 34
4.045472661804885368e-60
0
0
0
DERIV 35
-1.3062952914750990573e-61
0
0
0
AT 44
3.765878941685808173e-23
0
0
0
DERIV 1
-3.931726987003744972e-23
0
0
0
DERIV 2
2.0542686540707545280e-23
0
0
0
DERIV 3
-7.162127616065317055e-24
0
0
0
DERIV 4
1.8745908525356947402e-24
0
0
0
DERIV 5
-3.929129782283672905e-25
0
0
0
DERIV 6
6.870028713941709267e-26
0
0
0
DERIV 7
-1.0307340812651365214e-26
0
0
0
DERIV 8
1.3546770163416407743e-27
0
0
0
DERIV 9
-1.5844804144540566229e-28
0
0
0
DERIV 10
1.6700052753680905405e-29
0
0
0
DERIV 11
-1.6022036756041851660e-30
0
0
0
DERIV 12
1.4109655722815758807e-31
0
0
0
DERIV 13
-1.1485973024257086075e-32
0
0
0
DERIV 14
8.695177461590607786e-34
0
0
0
DERIV 15
-6.153198565787440477e-35
0
0
0
DERIV 16
4.088865812775317379e-36
0
0
0
DERIV 17
-2.561647404287930817e-37
0
0
0
DERIV 18
1.5184254512630669839e-38
0
0
0
DERIV 19
-8.542952430552161785e-40
0
0
0
DERIV 20
4.575205726472434297e-41
0
0
0
DERIV 21
-2.3384845068175679368e-42
0
0
0
DERIV 22
1.1434435388094538154e-43
0
0
0
DERIV 23
-5.360461799374016514e-45
0
0
0
DERIV 24
2.4142100982486108602e-46
0
0
0
DERIV 25
-1.0465218345942918367e-47
0
0
0
DERIV 26
4.374032096107995289e-49
0
0
0
DERIV 27
-1.7655833294188413051e-50
0
0
0
DERIV 28
6.893461004294243044e-52
0
0
0
DERIV 29
-2.607131395722845061e-53
0
0
0
DERIV 30
9.564595699745828793e-55
0
0
0
DERIV 31
-3.408176039598767434e-56
0
0
0
DERIV 32
1.1810771824821630567e-57
0
0
0
DERIV 33
-3.985320425218541104e-59
0
0
0
DERIV 34
1.3109503270312174781e-60
0
0
0
DERIV 35
-4.208627629879406554e-62
0
0
0
AT 45
1.3263360749343343672e-23
0
0
0
DERIV 1
-1.3834868465471964813e-23
0
0
0
DERIV 2
7.221667873195104930e-24
0
0
0
DERIV 3
-2.5153252068140856700e-24
0
0
0
DERIV 4
6.576769854260780078e-25
0
0
0
DERIV 5
-1.3770121915286882991e-25
0
0
0
DERIV 6
2.4050011724224793828e-26
0
0
0
DERIV 7
-3.604106048064770052e-27
0
0
0
DERIV 8
4.731059643067337927e-28
0
0
0
DERIV 9
-5.526592159899940098e-29
0
0
0
DERIV 10
5.817158481605461577e-30
0
0
0
DERIV 11
-5.573221264960644707e-31
0
0
0
DERIV 12
4.900853530731427340e-32
0
0
0
DERIV 13
-3.983448206911875230e-33
0
0
0
DERIV 14
3.010739539308635239e-34
0
0
0
DERIV 15
-2.1269832677887808139e-35
0
0
0
DERIV 16
1.4109026826373860657e-36
0
0
0
DERIV 17
-8.822763942407291967e-38
0
0
0
DERIV 18
5.219478637025585472e-39
0
0
0
DERIV 19
-2.9305164660452333635e-40
0
0
0
DERIV 20
1.5660305104665718989e-41
0
0
0
DERIV 21
-7.985917414736598873e-43
0
0
0
DERIV 22
3.895374437520320417e-44
0
0
0
DERIV 23
-1.8214619770283250327e-45
0
0
0
DERIV 24
8.181088743125565750e-47
0
0
0
DERIV 25
-3.536163093644673540e-48
0
0
0
DERIV 26
1.4734602607337606336e-49
0
0
0
DERIV 27
-5.928378839972778876e-51
0
0
0
DERIV 28
2.3066885200330730652e-52
0
0
0
DERIV 29
-8.692094846926247292e-54
0
0
0
DERIV 30
3.1764128511456215615e-55
0
0
0
DERIV 31
-1.1271777238225389060e-56
0
0
0
DERIV 32
3.888945260070452086e-58
0
0
0
DERIV 33
-1.3060939955641082571e-59
0
0
0
DERIV 34
4.274844858512090598e-61
0
0
0
DERIV 35
-1.3650645711108851700e-62
0
0
0
AT 46
4.675679767387048964e-24
0
0
0
DERIV 1
-4.872895129878912669e-24
0
0
0
DERIV 2
2.5412973850492064317e-24
0
0
0
DERIV 3
-8.843054931236226856e-25
0
0
0
DERIV 4
2.309906379762133227e-25
0
0
0
DERIV 5
-4.831427422497366395e-26
0
0
0
DERIV 6
8.429275687925092953e-27
0
0
0
DERIV 7
-1.2617986405076740540e-27
0
0
0
DERIV 8
1.6544265313130215962e-28
0
0
0
DERIV 9
-1.9302821871480279940e-29
0
0
0
DERIV 10
2.0292005684943096114e-30
0
0
0
DERIV 11
-1.9415381857632790243e-31
0
0
0
DERIV 12
1.7049443850676667614e-32
0
0
0
DERIV 13
-1.3837831857626486570e-33
0
0
0
DERIV 14
1.0442923789246198630e-34
0
0
0
DERIV 15
-7.365813052069839875e-36
0
0
0
DERIV 16
4.877832018756529211e-37
0
0
0
DERIV 17
-3.044883713429013906e-38
0
0
0
DERIV 18
1.7980013173395047479e-39
0
0
0
DERIV 19
-1.0075385645336634357e-40
0
0
0
DERIV 20
5.373127926720172999e-42
0
0
0
DERIV 21
-2.7340900626662549171e-43
0
0
0
DERIV 22
1.3305964187942352722e-44
0
0
0
DERIV 23
-6.206842266520501092e-46
0
0
0
DERIV 24
2.780708058540137467e-47
0
0
0
DERIV 25
-1.1986878079115673536e-48
0
0
0
DERIV 26
4.980498124228008540e-50
0
0
0
DERIV 27
-1.9978217929798488698e-51
0
0
0
DERIV 28
7.748480303392070339e-53
0
0
0
DERIV 29
-2.909867231777005724e-54
0
0
0
DERIV 30
1.0595335893032162389e-55
0
0
0
DERIV 31
-3.745417940644491666e-57
0
0
0
DERIV 32
1.2869553741338277150e-58
0
0
0
DERIV 33
-4.303439103834619277e-60
0
0
0
DERIV 34
1.4020019228449497763e-61
0
0
0
DERIV 35
-4.454891027492384090e-63
0
0
0
AT 47
1.6497683608735705780e-24
0
0
0
DERIV 1
-1.7179144346225136751e-24
0
0
0
DERIV 2
8.951425095324683830e-25
0
0
0
DERIV 3
-3.112049118711876121e-25
0
0
0
DERIV 4
8.121388664458468687e-26
0
0
0
DERIV 5
-1.6970187914560825412e-26
0
0
0
DERIV 6
2.9577349194952302869e-27
0
0
0
DERIV 7
-4.422810644204812295e-28
0
0
0
DERIV 8
5.792625879106664356e-29
0
0
0
DERIV 9
-6.750683130735575602e-30
0
0
0
DERIV 10
7.088082703310634765e-31
0
0
0
DERIV 11
-6.773345180104750245e-32
0
0
0
DERIV 12
5.940131803907698977e-33
0
0
0
DERIV 13
-4.814553823263210851e-34
0
0
0
DERIV 14
3.628140298140925021e-35
0
0
0
DERIV 15
-2.5552101213280598632e-36
0
0
0
DERIV 16
1.6894476609150995726e-37
0
0
0
DERIV 17
-1.0528498931762658232e-38
0
0
0
DERIV 18
6.206219798014190093e-40
0
0
0
DERIV 19
-3.471373007173014702e-41
0
0
0
DERIV 20
1.8476835689251511400e-42
0
0
0
DERIV 21
-9.382735619718727822e-44
0
0
0
DERIV 22
4.556501706172275655e-45
0
0
0
DERIV 23
-2.1206709351331683016e-46
0
0
0
DERIV 24
9.478083575996521708e-48
0
0
0
DERIV 25
-4.075444447565299340e-49
0
0
0
DERIV 26
1.6888158787878694257e-50
0
0
0
DERIV 27
-6.755214391946448129e-52
0
0
0
DERIV 28
2.612155428318896568e-53
0
0
0
DERIV 29
-9.778620028420155897e-55
0
0
0
DERIV 30
3.548600106749508052e-56
0
0
0
DERIV 31
-1.2499433784766940424e-57
0
0
0
DERIV 32
4.278626468622699377e-59
0
0
0
DERIV 33
-1.4249622401941353224e-60
0
0
0
DERIV 34
4.622442220202207413e-62
0
0
0
DERIV 35
-1.4620945926978042421e-63
0
0
0
AT 48
5.826024986404768073e-25
0
0
0
DERIV 1
-6.061800396678838206e-25
0
0
0
DERIV 2
3.155947753135836847e-25
0
0
0
DERIV 3
-1.0962450795656678536e-25
0
0
0
DERIV 4
2.858251258673109680e-26
0
0
0
DERIV 5
-5.966918912075665909e-27
0
0
0
DERIV 6
1.0389621155898153076e-27
0
0
0
DERIV 7
-1.5520240539807686888e-28
0
0
0
DERIV 8
2.0305648793867624340e-29
0
0
0
DERIV 9
-2.3638013028408254125e-30
0
0
0
DERIV 10
2.479095614508168674e-31
0
0
0
DERIV 11
-2.3661763937683245485e-32
0
0
0
DERIV 12
2.0725079510681687803e-33
0
0
0
DERIV 13
-1.6775974049355625598e-34
0
0
0
DERIV 14
1.2624702450272116441e-35
0
0
0
DERIV 15
-8.878532777536576576e-37
0
0
0
DERIV 16
5.861478115485051660e-38
0
0
0
DERIV 17
-3.647078020933832392e-39
0
0
0
DERIV 18
2.1462890235792556516e-40
0
0
0
DERIV 19
-1.1984192706186637456e-41
0
0
0
DERIV 20
6.367120820070976890e-43
0
0
0
DERIV 21
-3.227095824468370333e-44
0
0
0
DERIV 22
1.5640003401515218100e-45
0
0
0
DERIV 23
-7.263642492935913117e-47
0
0
0
DERIV 24
3.239121141141706798e-48
0
0
0
DERIV 25
-1.3894826259365802292e-49
0
0
0
DERIV 26
5.743465919030295887e-51
0
0
0
DERIV 27
-2.2913023465855003386e-52
0
0
0
DERIV 28
8.835419727256383455e-54
0
0
0
DERIV 29
-3.297760879461308106e-55
0
0
0
DERIV 30
1.1929859710183837478e-56
0
0
0
DERIV 31
-4.188156734634042824e-58
0
0
0
DERIV 32
1.4285743531029012392e-59
0
0
0
DERIV 33
-4.739939847476532087e-61
0
0
0
DERIV 34
1.5314758993908274785e-62
0
0
0
DERIV 35
-4.823632400191315407e-64
0
0
0
AT 49
2.0591024772628577923e-25
0
0
0
DERIV 1
-2.140777886197556048e-25
0
0
0
DERIV 2
1.1136575967903257610e-25
0
0
0
DERIV 3
-3.865167443380273283e-26
0
0
0
DERIV 4
1.0068992115726157887e-26
0
0
0
DERIV 5
-2.1001295259391182015e-27
0
0
0
DERIV 6
3.653344253994896077e-28
0
0
0
DERIV 7
-5.452152555214783441e-29
0
0
0
DERIV 8
7.126033851064155716e-30
0
0
0
DERIV 9
-8.286769024823077819e-31
0
0
0
DERIV 10
8.681435152323890400e-32
0
0
0
DERIV 11
-8.276542055893178641e-33
0
0
0
DERIV 12
7.240689430492881985e-34
0
0
0
DERIV 13
-5.853698989240993908e-35
0
0
0
DERIV 14
4.399449257245601893e-36
0
0
0
DERIV 15
-3.089775659948894025e-37
0
0
0
DERIV 16
2.0369196045056927272e-38
0
0
0
DERIV 17
-1.2655037105858542576e-39
0
0
0
DERIV 18
7.435786627182090294e-41
0
0
0
DERIV 19
-4.145095065955137252e-42
0
0
0
DERIV 20
2.1984683723184864186e-43
0
0
0
DERIV 21
-1.1122500414527833876e-44
0
0
0
DERIV 22
5.380222963439752611e-46
0
0
0
DERIV 23
-2.493718201328585349e-47
0
0
0
DERIV 24
1.1096938736180680920e-48
0
0
0
DERIV 25
-4.749660171361895052e-50
0
0
0
DERIV 26
1.9586809516011786517e-51
0
0
0
DERIV 27
-7.794626366313388860e-53
0
0
0
DERIV 28
2.997797273871765967e-54
0
0
0
DERIV 29
-1.1158117204839162254e-55
0
0
0
DERIV 30
4.024700223342510767e-57
0
0
0
DERIV 31
-1.4085498737010483556e-58
0
0
0
DERIV 32
4.788752956906370274e-60
0
0
0
DERIV 33
-1.5833466433042043017e-61
0
0
0
DERIV 34
5.096874848996153591e-63
0
0
0
DERIV 35
-1.5990387263690829032e-64
0
0
0
AT 50
7.283259640579391310e-26
0
0
0
DERIV 1
-7.566528059100902351e-26
0
0
0
DERIV 2
3.933164976518836940e-26
0
0
0
DERIV 3
-1.3639920963023796004e-26
0
0
0
DERIV 4
3.550336884046760503e-27
0
0
0
DERIV 5
-7.398708629679364761e-28
0
0
0
DERIV 6
1.2859149001843670944e-28
0
0
0
DERIV 7
-1.9172825575776873869e-29
0
0
0
DERIV 8
2.5034927575531613126e-30
0
0
0
DERIV 9
-2.908351904548118099e-31
0
0
0
DERIV 10
3.043676197429304873e-32
0
0
0
DERIV 11
-2.8985576035072835368e-33
0
0
0
DERIV 12
2.532904223837445384e-34
0
0
0
DERIV 13
-2.0452839443156200254e-35
0
0
0
DERIV 14
1.5352642610798488260e-36
0
0
0
DERIV 15
-1.0768351052805961184e-37
0
0
0
DERIV 16
7.089374069298404601e-39
0
0
0
DERIV 17
-4.398269792659021990e-40
0
0
0
DERIV 18
2.580481462072852107e-41
0
0
0
DERIV 19
-1.4362589926698245995e-42
0
0
0
DERIV 20
7.605188075916412770e-44
0
0
0
DERIV 21
-3.841036906155183910e-45
0
0
0
DERIV 22
1.8546634754699783220e-46
0
0
0
DERIV 23
-8.580072469075747981e-48
0
0
0
DERIV 24
3.810506438532465461e-49
0
0
0
DERIV 25
-1.6275420403789684174e-50
0
0
0
DERIV 26
6.696911928575908950e-52
0
0
0
DERIV 27
-2.658857134753687430e-53
0
0
0
DERIV 28
1.0200810185794731446e-54
0
0
0
DERIV 29
-3.787005435803373592e-56
0
0
0
DERIV 30
1.3622184187856895515e-57
0
0
0
DERIV 31
-4.753621657855515667e-59
0
0
0
DERIV 32
1.6111649222523074996e-60
0
0
0
DERIV 33
-5.309815527312715471e-62
0
0
0
DERIV 34
1.7033670523064102029e-63
0
0
0
DERIV 35
-5.324428461947226864e-65
0
0
0
AT 51
2.5781169732506042990e-26
0
0
0
DERIV 1
-2.676472586485256272e-26
0
0
0
DERIV 2
1.3902295778918463751e-26
0
0
0
DERIV 3
-4.817511175529385423e-27
0
0
0
DERIV 4
1.2529526360879947459e-27
0
0
0
DERIV 5
-2.608929072323230706e-28
0
0
0
DERIV 6
4.530500509469050730e-29
0
0
0
DERIV 7
-6.748904615363256864e-30
0
0
0
DERIV 8
8.804233151427015663e-31
0
0
0
DERIV 9
-1.0218193917447669211e-31
0
0
0
DERIV 10
1.0682937323378131026e-32
0
0
0
DERIV 11
-1.0162985289783300811e-33
0
0
0
DERIV 12
8.871280245102393728e-35
0
0
0
DERIV 13
-7.155322811962190874e-36
0
0
0
DERIV 14
5.364701696621725850e-37
0
0
0
DERIV 15
-3.758165437659632745e-38
0
0
0
DERIV 16
2.4710121735217546474e-39
0
0
0
DERIV 17
-1.5309595910587795397e-40
0
0
0
DERIV 18
8.969545601709660558e-42
0
0
0
DERIV 19
-4.984958451282534846e-43
0
0
0
DERIV 20
2.635525476894141994e-44
0
0
0
DERIV 21
-1.3289285114855417155e-45
0
0
0
DERIV 22
6.405888715400629692e-47
0
0
0
DERIV 23
-2.958212007254047021e-48
0
0
0
DERIV 24
1.3113105388168100462e-49
0
0
0
DERIV 25
-5.589813703685002457e-51
0
0
0
DERIV 26
2.2952861149429242145e-52
0
0
0
DERIV 27
-9.092977187684795496e-54
0
0
0
DERIV 28
3.480510848240939419e-55
0
0
0
DERIV 29
-1.2889801405750321678e-56
0
0
0
DERIV 30
4.624660589316741320e-58
0
0
0
DERIV 31
-1.6094489340842759632e-59
0
0
0
DERIV 32
5.439314948676933453e-61
0
0
0
DERIV 33
-1.7871564597174533949e-62
0
0
0
DERIV 34
5.714687078533342891e-64
0
0
0
DERIV 35
-1.7802249257331556805e-65
0
0
0
AT 52
9.132632290053594736e-27
0
0
0
DERIV 1
-9.474513749082996529e-27
0
0
0
DERIV 2
4.917800556691644472e-27
0
0
0
DERIV 3
-1.7028889272451602910e-27
0
0
0
DERIV 4
4.425535474880521007e-28
0
0
0
DERIV 5
-9.207649927443093145e-29
0
0
0
DERIV 6
1.5976262703836499518e-29
0
0
0
DERIV 7
-2.3778870537179860708e-30
0
0
0
DERIV 8
3.099303416063770646e-31
0
0
0
DERIV 9
-3.593736647393833645e-32
0
0
0
DERIV 10
3.753586407238803732e-33
0
0
0
DERIV 11
-3.567334608790961496e-34
0
0
0
DERIV 12
3.110698250022609342e-35
0
0
0
DERIV 13
-2.5062884182934091611e-36
0
0
0
DERIV 14
1.8769716536342939554e-37
0
0
0
DERIV 15
-1.3133402613806626155e-38
0
0
0
DERIV 16
8.624682479351602899e-40
0
0
0
DERIV 17
-5.336728389013639746e-41
0
0
0
DERIV 18
3.122480733722977132e-42
0
0
0
DERIV 19
-1.7329341419065122022e-43
0
0
0
DERIV 20
9.148512140748208162e-45
0
0
0
DERIV 21
-4.605929937478159822e-46
0
0
0
DERIV 22
2.216640788815972137e-47
0
0
0
DERIV 23
-1.0219063621760839049e-48
0
0
0
DERIV 24
4.521854857613232797e-50
0
0
0
DERIV 25
-1.9239713283481188481e-51
0
0
0
DERIV 26
7.884725654975641816e-53
0
0
0
DERIV 27
-3.117165185501071164e-54
0
0
0
DERIV 28
1.1905648922359903271e-55
0
0
0
DERIV 29
-4.399079260499998000e-57
0
0
0
DERIV 30
1.5745138391282630990e-58
0
0
0
DERIV 31
-5.465584899058961809e-60
0
0
0
DERIV 32
1.8421888673600869810e-61
0
0
0
DERIV 33
-6.035542528313126036e-63
0
0
0
DERIV 34
1.9241484129590769594e-64
0
0
0
DERIV 35
-5.974986204757988230e-66
0
0
0
AT 53
3.237382995028640014e-27
0
0
0
DERIV 1
-3.356345377952884204e-27
0
0
0
DERIV 2
1.7409338396059285004e-27
0
0
0
DERIV 3
-6.024054007252179427e-28
0
0
0
DERIV 4
1.5644026828786998158e-28
0
0
0
DERIV 5
-3.252371623896620262e-29
0
0
0
DERIV 6
5.638752654776119159e-30
0
0
0
DERIV 7
-8.385766613560488209e-31
0
0
0
DERIV 8
1.0920584170589853420e-31
0
0
0
DERIV 9
-1.2651559232850831306e-32
0
0
0
DERIV 10
1.3202168698052336736e-33
0
0
0
DERIV 11
-1.2535104522571647372e-34
0
0
0
DERIV 12
1.0919696291425578818e-35
0
0
0
DERIV 13
-8.788902468216774370e-37
0
0
0
DERIV 14
6.574967035986789299e-38
0
0
0
DERIV 15
-4.595424638314677905e-39
0
0
0
DERIV 16
3.0142767199101735214e-40
0
0
0
DERIV 17
-1.8628786078430474055e-41
0
0
0
DERIV 18
1.0885670103360942384e-42
0
0
0
DERIV 19
-6.033349129145250137e-44
0
0
0
DERIV 20
3.180690178400838318e-45
0
0
0
DERIV 21
-1.5990224584653718737e-46
0
0
0
DERIV 22
7.683674161989567455e-48
0
0
0
DERIV 23
-3.536626731985036596e-49
0
0
0
DERIV 24
1.5623030887914153077e-50
0
0
0
DERIV 25
-6.635621985710752789e-52
0
0
0
DERIV 26
2.714347299079463115e-53
0
0
0
DERIV 27
-1.0710093569691301701e-54
0
0
0
DERIV 28
4.082227405681954461e-56
0
0
0
DERIV 29
-1.5051148671214480809e-57
0
0
0
DERIV 30
5.374869465794824600e-59
0
0
0
DERIV 31
-1.8613071625011737864e-60
0
0
0
DERIV 32
6.257749699295827105e-62
0
0
0
DERIV 33
-2.0447567689946391482e-63
0
0
0
DERIV 34
6.500392894387580836e-65
0
0
0
DERIV 35
-2.0125350685035152356e-66
0
0
0
AT 54
1.1483797961001828180e-27
0
0
0
DERIV 1
-1.1898164634603190201e-27
0
0
0
DERIV 2
6.167483790626527492e-28
0
0
0
DERIV 3
-2.132637869160273565e-28
0
0
0
DERIV 4
5.534379289303179378e-29
0
0
0
DERIV 5
-1.1497454823833967118e-29
0
0
0
DERIV 6
1.9918392710118187987e-30
0
0
0
DERIV 7
-2.959863192795072204e-31
0
0
0
DERIV 8
3.851409072938804993e-32
0
0
0
DERIV 9
-4.458095429359136060e-33
0
0
0
DERIV 10
4.648020261102646498e-34
0
0
0
DERIV 11
-4.409133533348597741e-35
0
0
0
DERIV 12
3.837273196739923216e-36
0
0
0
DERIV 13
-3.085440019232511087e-37
0
0
0
DERIV 14
2.3058382663175371695e-38
0
0
0
DERIV 15
-1.6098862961021631378e-39
0
0
0
DERIV 16
1.0547933578817121687e-40
0
0
0
DERIV 17
-6.511226486169415887e-42
0
0
0
DERIV 18
3.800191027037274748e-43
0
0
0
DERIV 19
-2.1035722794800810850e-44
0
0
0
DERIV 20
1.1075015955062214002e-45
0
0
0
DERIV 21
-5.560006887249698570e-47
0
0
0
DERIV 22
2.6678389107029009111e-48
0
0
0
DERIV 23
-1.2260837796711263038e-49
0
0
0
DERIV 24
5.407604749214689073e-51
0
0
0
DERIV 25
-2.2929598343635042697e-52
0
0
0
DERIV 26
9.363099277793476992e-54
0
0
0
DERIV 27
-3.687642155271369437e-55
0
0
0
DERIV 28
1.4028568187573073589e-56
0
0
0
DERIV 29
-5.161822637010430518e-58
0
0
0
DERIV 30
1.8393837037806684418e-59
0
0
0
DERIV 31
-6.355416187596999740e-61
0
0
0
DERIV 32
2.131634988806659706e-62
0
0
0
DERIV 33
-6.947819872737676104e-64
0
0
0
DERIV 34
2.202918295552950526e-65
0
0
0
DERIV 35
-6.801263410899072846e-67
0
0
0
AT 55
4.075954064844182542e-28
0
0
0
DERIV 1
-4.220429424543094700e-28
0
0
0
DERIV 2
2.186294221756692244e-28
0
0
0
DERIV 3
-7.554960336762314063e-29
0
0
0
DERIV 4
1.9592442220766811245e-29
0
0
0
DERIV 5
-4.067387642099221909e-30
0
0
0
DERIV 6
7.041277137654032780e-31
0
0
0
DERIV 7
-1.0455399351286624829e-31
0
0
0
DERIV 8
1.3594036637758030514e-32
0
0
0
DERIV 9
-1.5722633149952314976e-33
0
0
0
DERIV 10
1.6378636148655868476e-34
0
0
0
DERIV 11
-1.5523252954992636743e-35
0
0
0
DERIV 12
1.3497618912638496507e-36
0
0
0
DERIV 13
-1.0842786333386855351e-37
0
0
0
DERIV 14
8.095161317499361863e-39
0
0
0
DERIV 15
-5.646084090776267409e-40
0
0
0
DERIV 16
3.695358755011378488e-41
0
0
0
DERIV 17
-2.2786081933305489183e-42
0
0
0
DERIV 18
1.3283402324468638924e-43
0
0
0
DERIV 19
-7.344066168119732611e-45
0
0
0
DERIV 20
3.861674275314147653e-46
0
0
0
DERIV 21
-1.9361287694112065232e-47
0
0
0
DERIV 22
9.277268652134632316e-49
0
0
0
DERIV 23
-4.257500215310172425e-50
0
0
0
DERIV 24
1.8749259513108514392e-51
0
0
0
DERIV 25
-7.937597278289738502e-53
0
0
0
DERIV 26
3.235880403907212810e-54
0
0
0
DERIV 27
-1.2722324295796941785e-55
0
0
0
DERIV 28
4.831013169878256680e-57
0
0
0
DERIV 29
-1.7741689645182493593e-58
0
0
0
DERIV 30
6.309405412351343140e-60
0
0
0
DERIV 31
-2.1753973750481355546e-61
0
0
0
DERIV 32
7.280097134321316163e-63
0
0
0
DERIV 33
-2.3672849159834920691e-64
0
0
0
DERIV 34
7.487250883548256642e-66
0
0
0
DERIV 35
-2.3055586405873170847e-67
0
0
0
AT 56
1.4370168127249585924e-28
0
0
0
DERIV 1
-1.4875430943894998809e-28
0
0
0
DERIV 2
7.703512637745187914e-29
0
0
0
DERIV 3
-2.661131313828695163e-29
0
0
0
DERIV 4
6.898631491784385336e-30
0
0
0
DERIV 5
-1.4315818317522892588e-30
0
0
0
DERIV 6
2.477216151380417966e-31
0
0
0
DERIV 7
-3.676631830274553020e-32
0
0
0
DERIV 8
4.777929761309936254e-33
0
0
0
DERIV 9
-5.523097206357139384e-34
0
0
0
DERIV 10
5.750226749190149941e-35
0
0
0
DERIV 11
-5.446568657000207661e-36
0
0
0
DERIV 12
4.732743774139613337e-37
0
0
0
DERIV 13
-3.799218055084810632e-38
0
0
0
DERIV 14
2.8343763193688548188e-39
0
0
0
DERIV 15
-1.9753244888819719883e-40
0
0
0
DERIV 16
1.2917735931409403547e-41
0
0
0
DERIV 17
-7.958236237011739803e-43
0
0
0
DERIV 18
4.635019805586605767e-44
0
0
0
DERIV 19
-2.5600627882987255563e-45
0
0
0
DERIV 20
1.3447358686658643352e-46
0
0
0
DERIV 21
-6.734684162325778813e-48
0
0
0
DERIV 22
3.2232782259222914193e-49
0
0
0
DERIV 23
-1.4774017727353324998e-50
0
0
0
DERIV 24
6.497771302208333744e-52
0
0
0
DERIV 25
-2.747098142120495787e-53
0
0
0
DERIV 26
1.1182761729007302688e-54
0
0
0
DERIV 27
-4.389947685295394596e-56
0
0
0
DERIV 28
1.6642942247258401962e-57
0
0
0
DERIV 29
-6.101637233276089667e-59
0
0
0
DERIV 30
2.1659952602993255396e-60
0
0
0
DERIV 31
-7.453854521508093733e-62
0
0
0
DERIV 32
2.489462327367302025e-63
0
0
0
DERIV 33
-8.077832729534224908e-65
0
0
0
DERIV 34
2.549114469365035379e-66
0
0
0
DERIV 35
-7.830852163280843134e-68
0
0
0
AT 57
1.4433021202439284847e-29
0
0
0
DERIV 1
-1.6562045510095670431e-29
0
0
0
DERIV 2
9.388034775852835001e-30
0
0
0
DERIV 3
-3.513566225215652481e-30
0
0
0
DERIV 4
9.785358800808191648e-31
0
0
0
DERIV 5
-2.166156327126679223e-31
0
0
0
DERIV 6
3.974514011125916594e-32
0
0
0
DERIV 7
-6.222521391619398859e-33
0
0
0
DERIV 8
8.491681151345708637e-34
0
0
0
DERIV 9
-1.0267248399063869843e-34
0
0
0
DERIV 10
1.1141677273304639282e-35
0
0
0
DERIV 11
-1.0965392757392141463e-36
0
0
0
DERIV 12
9.872568438296718688e-38
0
0
0
DERIV 13
-8.190793990739738624e-39
0
0
0
DERIV 14
6.300922350523690783e-40
0
0
0
DERIV 15
-4.518433088298979695e-41
0
0
0
DERIV 16
3.034609795575622412e-42
0
0
0
DERIV 17
-1.9165991832356701423e-43
0
0
0
DERIV 18
1.1424933859619641460e-44
0
0
0
DERIV 19
-6.448841793188727590e-46
0
0
0
DERIV 20
3.456880492051044195e-47
0
0
0
DERIV 21
-1.7644484361795726715e-48
0
0
0
DERIV 22
8.596039833665122640e-50
0
0
0
DERIV 23
-4.005947590410753422e-51
0
0
0
DERIV 24
1.7893837201109830224e-52
0
0
0
DERIV 25
-7.675352611476807839e-54
0
0
0
DERIV 26
3.1669025538560333702e-55
0
0
0
DERIV 27
-1.2589374472950704799e-56
0
0
0
DERIV 28
4.828931641930767179e-58
0
0
0
DERIV 29
-1.7896900404239301065e-59
0
0
0
DERIV 30
6.417257177154823951e-61
0
0
0
DERIV 31
-2.228935546758433093e-62
0
0
0
DERIV 32
7.507990011098030143e-64
0
0
0
DERIV 33
-2.455290122290656682e-65
0
0
0
DERIV 34
7.803432423288427130e-67
0
0
0
DERIV 35
-2.412689375997246714e-68
0
0
0
AT 58
-1.1768109953831628390e-27
0
0
0
DERIV 1
1.1643201542726210374e-27
0
0
0
DERIV 2
-5.759871700043102693e-28
0
0
0
DERIV 3
1.8996133218177656617e-28
0
0
0
DERIV 4
-4.698731093711430402e-29
0
0
0
DERIV 5
9.297924877890690650e-30
0
0
0
DERIV 6
-1.5332342564409435925e-30
0
0
0
DERIV 7
2.167108024900155997e-31
0
0
0
DERIV 8
-2.680124214315138312e-32
0
0
0
DERIV 9
2.9462442747196496447e-33
0
0
0
DERIV 10
-2.914839213654321123e-34
0
0
0
DERIV 11
2.621528482891445895e-35
0
0
0
DERIV 12
-2.1611745746277040642e-36
0
0
0
DERIV 13
1.6445368918991347591e-37
0
0
0
DERIV 14
-1.1619561763930216025e-38
0
0
0
DERIV 15
7.662063775075211211e-40
0
0
0
DERIV 16
-4.736328503077878644e-41
0
0
0
DERIV 17
2.7553253202430186040e-42
0
0
0
DERIV 18
-1.5136970768959275053e-43
0
0
0
DERIV 19
7.877286119571468368e-45
0
0
0
DERIV 20
-3.893891838609578578e-46
0
0
0
DERIV 21
1.8329069599742204845e-47
0
0
0
DERIV 22
-8.234245133250109991e-49
0
0
0
DERIV 23
3.537714866819704846e-50
0
0
0
DERIV 24
-1.4562926449713104833e-51
0
0
0
DERIV 25
5.753655962664613399e-53
0
0
0
DERIV 26
-2.1851954340179872530e-54
0
0
0
DERIV 27
7.989418524703184054e-56
0
0
0
DERIV 28
-2.815767941983450220e-57
0
0
0
DERIV 29
9.577874744406069114e-59
0
0
0
DERIV 30
-3.147930428919621332e-60
0
0
0
DERIV 31
1.0007376169142692998e-61
0
0
0
DERIV 32
-3.080170598227804081e-63
0
0
0
DERIV 33
9.187045893492068798e-65
0
0
0
DERIV 34
-2.657534206625345895e-66
0
0
0
DERIV 35
7.461187662543687574e-68
0
0
0
AT 59
-3.634708282632816532e-26
0
0
0
DERIV 1
3.598563708690227116e-26
0
0
0
DERIV 2
-1.7814769043212282313e-26
0
0
0
DERIV 3
5.879779949321453015e-27
0
0
0
DERIV 4
-1.4555399295019917401e-27
0
0
0
DERIV 5
2.882689396313589875e-28
0
0
0
DERIV 6
-4.757850587921542889e-29
0
0
0
DERIV 7
6.731273058954097277e-30
0
0
0
DERIV 8
-8.333198013996437432e-31
0
0
0
DERIV 9
9.170509969018145335e-32
0
0
0
DERIV 10
-9.083168717364972041e-33
0
0
0
DERIV 11
8.179146236887945163e-34
0
0
0
DERIV 12
-6.751638361293027353e-35
0
0
0
DERIV 13
5.144784843750483328e-36
0
0
0
DERIV 14
-3.640485580406161585e-37
0
0
0
DERIV 15
2.404399943560050346e-38
0
0
0
DERIV 16
-1.4888250939941374570e-39
0
0
0
DERIV 17
8.677003903186501645e-41
0
0
0
DERIV 18
-4.776284403865113188e-42
0
0
0
DERIV 19
2.4908472770498441304e-43
0
0
0
DERIV 20
-1.2340848682559223919e-44
0
0
0
DERIV 21
5.823322207798396879e-46
0
0
0
DERIV 22
-2.623071639224477420e-47
0
0
0
DERIV 23
1.1302148358497272553e-48
0
0
0
DERIV 24
-4.667075957540810006e-50
0
0
0
DERIV 25
1.8501891082901359173e-51
0
0
0
DERIV 26
-7.052935392696451073e-53
0
0
0
DERIV 27
2.5891001904596203987e-54
0
0
0
DERIV 28
-9.165344925632867529e-56
0
0
0
DERIV 29
3.132735652219760351e-57
0
0
0
DERIV 30
-1.0351183889220326453e-58
0
0
0
DERIV 31
3.310015882407171288e-60
0
0
0
DERIV 32
-1.0254055356797634034e-61
0
0
0
DERIV 33
3.080425021531459641e-63
0
0
0
DERIV 34
-8.982009880945386279e-65
0
0
0
DERIV 35
2.544249083770047670e-66
0
0
0
AT 60
-1.0440875227445897934e-24
0
0
0
DERIV 1
1.0337126160018628596e-24
0
0
0
DERIV 2
-5.117457889175850857e-25
0
0
0
DERIV 3
1.6890356335960545800e-25
0
0
0
DERIV 4
-4.181246120724813765e-26
0
0
0
DERIV 5
8.281014685102933123e-27
0
0
0
DERIV 6
-1.3667870105968884485e-27
0
0
0
DERIV 7
1.9337122634672159767e-28
0
0
0
DERIV 8
-2.3939287775160649025e-29
0
0
0
DERIV 9
2.6344999446532373390e-30
0
0
0
DERIV 10
-2.609441685249255764e-31
0
0
0
DERIV 11
2.3497629254516395666e-32
0
0
0
DERIV 12
-1.9396862400091182127e-33
0
0
0
DERIV 13
1.4780740050479477745e-34
0
0
0
DERIV 14
-1.0459125412712276645e-35
0
0
0
DERIV 15
6.907968360078676877e-37
0
0
0
DERIV 16
-4.277553099868774841e-38
0
0
0
DERIV 17
2.4930454136975385605e-39
0
0
0
DERIV 18
-1.3723341269959680320e-40
0
0
0
DERIV 19
7.156929650940298003e-42
0
0
0
DERIV 20
-3.5459726190579214978e-43
0
0
0
DERIV 21
1.6732956492591622896e-44
0
0
0
DERIV 22
-7.537449406561074548e-46
0
0
0
DERIV 23
3.247795172526034498e-47
0
0
0
DERIV 24
-1.3411795960811128341e-48
0
0
0
DERIV 25
5.317087517629356556e-50
0
0
0
DERIV 26
-2.0269569142089886178e-51
0
0
0
DERIV 27
7.441180389550515690e-53
0
0
0
DERIV 28
-2.634278897011058960e-54
0
0
0
DERIV 29
9.004475643390288851e-56
0
0
0
DERIV 30
-2.975420965989056847e-57
0
0
0
DERIV 31
9.515122796905766186e-59
0
0
0
DERIV 32
-2.947870307237756891e-60
0
0
0
DERIV 33
8.856344948390328388e-62
0
0
0
DERIV 34
-2.582567565265129131e-63
0
0
0
DERIV 35
7.316031847370901208e-65
0
0
0
AT 61
-2.836637403167780691e-23
0
0
0
DERIV 1
2.808450110684413398e-23
0
0
0
DERIV 2
-1.3903404391625759775e-23
0
0
0
DERIV 3
4.588869132524584486e-24
0
0
0
DERIV 4
-1.1359849537657892832e-24
0
0
0
DERIV 5
2.249833564294639306e-25
0
0
0
DERIV 6
-3.713365283207151527e-26
0
0
0
DERIV 7
5.253620265171666642e-27
0
0
0
DERIV 8
-6.503962871261888259e-28
0
0
0
DERIV 9
7.157560486190007621e-29
0
0
0
DERIV 10
-7.089480925725756149e-30
0
0
0
DERIV 11
6.383970977529435975e-31
0
0
0
DERIV 12
-5.269851301852021686e-32
0
0
0
DERIV 13
4.015716821595351785e-33
0
0
0
DERIV 14
-2.841595797230934034e-34
0
0
0
DERIV 15
1.8767970307337685679e-35
0
0
0
DERIV 16
-1.1621506267213113694e-36
0
0
0
DERIV 17
6.773252277847424416e-38
0
0
0
DERIV 18
-3.728438499817537246e-39
0
0
0
DERIV 19
1.9444372645951087478e-40
0
0
0
DERIV 20
-9.633911248486365952e-42
0
0
0
DERIV 21
4.546110954901921204e-43
0
0
0
DERIV 22
-2.0478203582486980072e-44
0
0
0
DERIV 23
8.823810786699326109e-46
0
0
0
DERIV 24
-3.643800692962833527e-47
0
0
0
DERIV 25
1.4445800767364755168e-48
0
0
0
DERIV 26
-5.506967085503165799e-50
0
0
0
DERIV 27
2.0216685955097823658e-51
0
0
0
DERIV 28
-7.156984425624135577e-53
0
0
0
DERIV 29
2.4463971115322085808e-54
0
0
0
DERIV 30
-8.083830112973047517e-56
0
0
0
DERIV 31
2.585136107465486081e-57
0
0
0
DERIV 32
-8.008988585171648614e-59
0
0
0
DERIV 33
2.4061580094128097440e-60
0
0
0
DERIV 34
-7.016518358521655638e-62
0
0
0
DERIV 35
1.9876776511452460030e-63
0
0
0
AT 62
-7.303482508206748160e-22
0
0
0
DERIV 1
7.230907726122475325e-22
0
0
0
DERIV 2
-3.579704676753379678e-22
0
0
0
DERIV 3
1.1814943680884802360e-22
0
0
0
DERIV 4
-2.924815678265911503e-23
0
0
0
DERIV 5
5.792636209491220770e-24
0
0
0
DERIV 6
-9.560783344198054190e-25
0
0
0
DERIV 7
1.3526468452989419552e-25
0
0
0
DERIV 8
-1.6745716748193094492e-26
0
0
0
DERIV 9
1.8428528431421549680e-27
0
0
0
DERIV 10
-1.8253242007899284971e-28
0
0
0
DERIV 11
1.6436767851740709154e-29
0
0
0
DERIV 12
-1.3568249556791204926e-30
0
0
0
DERIV 13
1.0339236910352486957e-31
0
0
0
DERIV 14
-7.316235127981216518e-33
0
0
0
DERIV 15
4.832174469652828461e-34
0
0
0
DERIV 16
-2.992179659663178066e-35
0
0
0
DERIV 17
1.7439034816237791056e-36
0
0
0
DERIV 18
-9.599577626001794621e-38
0
0
0
DERIV 19
5.006324833052882559e-39
0
0
0
DERIV 20
-2.4804340235216225753e-40
0
0
0
DERIV 21
1.1704827553200784365e-41
0
0
0
DERIV 22
-5.272502508361182345e-43
0
0
0
DERIV 23
2.271857444164021432e-44
0
0
0
DERIV 24
-9.381654940445863638e-46
0
0
0
DERIV 25
3.719344569992850437e-47
0
0
0
DERIV 26
-1.4178726559223428732e-48
0
0
0
DERIV 27
5.205166962443792238e-50
0
0
0
DERIV 28
-1.8427003827041456511e-51
0
0
0
DERIV 29
6.298709283467488090e-53
0
0
0
DERIV 30
-2.0813338243069866145e-54
0
0
0
DERIV 31
6.655917557803335758e-56
0
0
0
DERIV 32
-2.0620640556256476042e-57
0
0
0
DERIV 33
6.195103673630373318e-59
0
0
0
DERIV 34
-1.8065336666294815990e-60
0
0
0
DERIV 35
5.117646782061557212e-62
0
0
0
AT 63
-1.7851035461354699288e-20
0
0
0
DERIV 1
1.7673646996569188223e-20
0
0
0
DERIV 2
-8.749444773365168192e-21
0
0
0
DERIV 3
2.8877852229004306677e-21
0
0
0
DERIV 4
-7.148775775609120520e-22
0
0
0
DERIV 5
1.4158243201710395009e-22
0
0
0
DERIV 6
-2.3368268328889836952e-23
0
0
0
DERIV 7
3.3061109133407549113e-24
0
0
0
DERIV 8
-4.092952248358791685e-25
0
0
0
DERIV 9
4.504260880028620779e-26
0
0
0
DERIV 10
-4.461417166174331391e-27
0
0
0
DERIV 11
4.017438034321544128e-28
0
0
0
DERIV 12
-3.316320780489922822e-29
0
0
0
DERIV 13
2.5270925104398274073e-30
0
0
0
DERIV 14
-1.7882171396412939975e-31
0
0
0
DERIV 15
1.1810686743298083142e-32
0
0
0
DERIV 16
-7.313413964427360732e-34
0
0
0
DERIV 17
4.262406658104749555e-35
0
0
0
DERIV 18
-2.3463052298296331559e-36
0
0
0
DERIV 19
1.2236334945825822047e-37
0
0
0
DERIV 20
-6.062614571899127086e-39
0
0
0
DERIV 21
2.8608642271215517961e-40
0
0
0
DERIV 22
-1.2886915223158333243e-41
0
0
0
DERIV 23
5.552814971679882812e-43
0
0
0
DERIV 24
-2.293039474085702009e-44
0
0
0
DERIV 25
9.090723325077779764e-46
0
0
0
DERIV 26
-3.465526336383549986e-47
0
0
0
DERIV 27
1.2722328121537831352e-48
0
0
0
DERIV 28
-4.503877868294246710e-50
0
0
0
DERIV 29
1.5395131226813289326e-51
0
0
0
DERIV 30
-5.087138078220251309e-53
0
0
0
DERIV 31
1.6268206271921663757e-54
0
0
0
DERIV 32
-5.040038356551863915e-56
0
0
0
DERIV 33
1.5141894704303909940e-57
0
0
0
DERIV 34
-4.415477303577835357e-59
0
0
0
DERIV 35
1.2508402837957601643e-60
0
0
0
END
