AT 1
0.21938393439552028585
0
0
0
DERIV 1
-0.3678794411714423340
0
0
0
DERIV 2
0.3678794411714423340
0
0
0
DERIV 3
-0.3065662009762019080
0
0
0
DERIV 4
0.24525296078096153751
0
0
0
DERIV 5
-0.19926803063453124576
0
0
0
DERIV 6
0.16656763586373637964
0
0
0
DERIV 7
-0.14284525126438743503
0
0
0
DERIV 8
0.12499871885041566322
0
0
0
DERIV 9
-0.11111098608860021930
0
0
0
DERIV 10
0.09999998885745216282
0
0
0
DERIV 11
-0.09090908999565759652
0
0
0
DERIV 12
0.08333333326403244423
0
0
0
DERIV 13
-0.07692307691818478510
0
0
0
DERIV 14
0.07142857142824858563
0
0
0
DERIV 15
-0.06666666666664666785
0
0
0
DERIV 16
0.06249999999999883427
0
0
0
DERIV 17
-0.05882352941176464262
0
0
0
DERIV 18
0.05555555555555555247
0
0
0
DERIV 19
-0.05263157894736841813
0
0
0
DERIV 20
0.05000000000000000278
0
0
0
DERIV 21
-0.04761904761904761640
0
0
0
DERIV 22
0.04545454545454545581
0
0
0
DERIV 23
-0.04347826086956521618
0
0
0
DERIV 24
0.04166666666666666435
0
0
0
DERIV 25
-0.04000000000000000083
0
0
0
DERIV 26
0.03846153846153846367
0
0
0
DERIV 27
-0.03703703703703703498
0
0
0
DERIV 28
0.03571428571428571230
0
0
0
DERIV 29
-0.03448275862068965469
0
0
0
DERIV 30
0.03333333333333333287
0
0
0
DERIV 31
-0.03225806451612903136
0
0
0
DERIV 32
0.03125000000000000000
0
0
0
DERIV 33
-0.030303030303030303871
0
0
0
DERIV 34
0.029411764705882352533
0
0
0
DERIV 35
-0.028571428571428570536
0
0
0
AT 33/32
0.20823783157157402246
0
0
0
DERIV 1
-0.3457561024620092183
0
0
0
DERIV 2
0.3405173736368272142
0
0
0
DERIV 3
-0.2777584606402029865
0
0
0
DERIV 4
0.21641265746212529075
0
0
0
DERIV 5
-0.17076505936992303347
0
0
0
DERIV 6
0.13847218397658958566
0
0
0
DERIV 7
-0.11516236570649945881
0
0
0
DERIV 8
0.09772209771779616361
0
0
0
DERIV 9
-0.08423279461502056198
0
0
0
DERIV 10
0.07351235239967629509
0
0
0
DERIV 11
-0.06480428625943013277
0
0
0
DERIV 12
0.05760381073020895415
0
0
0
DERIV 13
-0.05156145301683104365
0
0
0
DERIV 14
0.04642762869444597845
0
0
0
DERIV 15
-0.04201934879847005894
0
0
0
DERIV 16
0.03819940799862567293
0
0
0
DERIV 17
-0.03486291781692850422
0
0
0
DERIV 18
0.03192832877509955980
0
0
0
DERIV 19
-0.029331287678560361704
0
0
0
DERIV 20
0.027020337740249544128
0
0
0
DERIV 21
-0.024953847263722524208
0
0
0
DERIV 22
0.023097775979643988403
0
0
0
DERIV 23
-0.021424024097061091648
0
0
0
DERIV 24
0.019909194110400204453
0
0
0
DERIV 25
-0.018533649790045281930
0
0
0
DERIV 26
0.017280792345030566298
0
0
0
DERIV 27
-0.016136497453496555926
0
0
0
DERIV 28
0.015088672943529246942
0
0
0
DERIV 29
-0.014126908001465208684
0
0
0
DERIV 30
0.013242192550868397624
0
0
0
DERIV 31
-0.012426690956826649814
0
0
0
DERIV 32
0.011673558171564428140
0
0
0
DERIV 33
-0.010976789318348920826
0
0
0
DERIV 34
0.010331095829034277200
0
0
0
DERIV 35
-0.009731802824233155153
0
0
0
AT 17/16
0.19775721477550092797
0
0
0
DERIV 1
-0.3252618847783289580
0
0
0
DERIV 2
0.3156953587554369167
0
0
0
DERIV 3
-0.2522936764860740921
0
0
0
DERIV 4
0.19164223252260031982
0
0
0
DERIV 5
-0.14700584372350278262
0
0
0
DERIV 6
0.11575045357735770646
0
0
0
DERIV 7
-0.09344305325989957223
0
0
0
DERIV 8
0.07696116969565439114
0
0
0
DERIV 9
-0.06438671150477968952
0
0
0
DERIV 10
0.05453942173162222573
0
0
0
DERIV 11
-0.04666475401512463345
0
0
0
DERIV 12
0.04025978845679591828
0
0
0
DERIV 13
-0.03497682984275347906
0
0
0
DERIV 14
0.030567985748658408479
0
0
0
DERIV 15
-0.026851877677501610059
0
0
0
DERIV 16
0.023692833244869905551
0
0
0
DERIV 17
-0.020987423220370105686
0
0
0
DERIV 18
0.018655487306995701541
0
0
0
DERIV 19
-0.016633994874349109644
0
0
0
DERIV 20
0.014872748358241557817
0
0
0
DERIV 21
-0.013331315055006438472
0
0
0
DERIV 22
0.011976796413053911877
0
0
0
DERIV 23
-0.010782179891035746297
0
0
0
DERIV 24
0.009725103431130281348
0
0
0
DERIV 25
-0.008786916982480066571
0
0
0
DERIV 26
0.007951961070117707225
0
0
0
DERIV 27
-0.007207006111479228802
0
0
0
DERIV 28
0.006540812269241653293
0
0
0
DERIV 29
-0.005943780723367668786
0
0
0
DERIV 30
0.005407675011063917819
0
0
0
DERIV 31
-0.004925396594517420824
0
0
0
DERIV 32
0.004490802777354118910
0
0
0
DERIV 33
-0.004098557971488963995
0
0
0
DERIV 34
0.003744011434162928913
0
0
0
DERIV 35
-0.003423096168377535043
0
0
0
AT 35/32
0.18789355622128936507
0
0
0
DERIV 1
-0.3062473535316982409
0
0
0
DERIV 2
0.2931224669517683012
0
0
0
DERIV 3
-0.22970634830207514732
0
0
0
DERIV 4
0.17027323094714849616
0
0
0
DERIV 5
-0.12709476734363084338
0
0
0
DERIV 6
0.09725945199886197601
0
0
0
DERIV 7
-0.07628041554249596901
0
0
0
DERIV 8
0.06103192785447127122
0
0
0
DERIV 9
-0.04960139482686112128
0
0
0
DERIV 10
0.04081494642252083555
0
0
0
DERIV 11
-0.03392411898436700768
0
0
0
DERIV 12
0.028431643216719409278
0
0
0
DERIV 13
-0.023995057181532601642
0
0
0
DERIV 14
0.020371313855589542191
0
0
0
DERIV 15
-0.017383521157003936630
0
0
0
DERIV 16
0.014900160991732296079
0
0
0
DERIV 17
-0.012821651139104954867
0
0
0
DERIV 18
0.011071393999481151174
0
0
0
DERIV 19
-0.009589658561956608887
0
0
0
DERIV 20
0.008329303436670883187
0
0
0
DERIV 21
-0.007252726801999136511
0
0
0
DERIV 22
0.006329652481744701270
0
0
0
DERIV 23
-0.005535497325650023774
0
0
0
DERIV 24
0.004850150037712401899
0
0
0
DERIV 25
-0.004257045975957857165
0
0
0
DERIV 26
0.003742458000842072228
0
0
0
DERIV 27
-0.003294947149947729040
0
0
0
DERIV 28
0.002904932997504936550
0
0
0
DERIV 29
-0.002564354646073323338
0
0
0
DERIV 30
0.002266401058624803715
0
0
0
DERIV 31
-0.002005294945880010948
0
0
0
DERIV 32
0.0017761183806365809894
0
0
0
DERIV 33
-0.0015746711876812632524
0
0
0
DERIV 34
0.0013973552724297596053
0
0
0
DERIV 35
-0.0012410796215539415289
0
0
0
AT 9/8
0.17860272743702818032
0
0
0
DERIV 1
-0.2885799709851997741
0
0
0
DERIV 2
0.2725477503749108577
0
0
0
DERIV 3
-0.20960643983081381214
0
0
0
DERIV 4
0.15176179201159253895
0
0
0
DERIV 5
-0.11032432963312024943
0
0
0
DERIV 6
0.08212253116942036524
0
0
0
DERIV 7
-0.06262680548840464378
0
0
0
DERIV 8
0.04871689484343637994
0
0
0
DERIV 9
-0.03849315660681509876
0
0
0
DERIV 10
0.030794604810355903635
0
0
0
DERIV 11
-0.024884536369218248492
0
0
0
DERIV 12
0.020276289495898484894
0
0
0
DERIV 13
-0.016636955530157326172
0
0
0
DERIV 14
0.013732090282170240914
0
0
0
DERIV 15
-0.011392548975058215330
0
0
0
DERIV 16
0.009493790812562305850
0
0
0
DERIV 17
-0.007942517803974504659
0
0
0
DERIV 18
0.006667792724324320651
0
0
0
DERIV 19
-0.005614983346799429925
0
0
0
DERIV 20
0.004741541492852852438
0
0
0
DERIV 21
-0.004014003380192890554
0
0
0
DERIV 22
0.003405821049860634567
0
0
0
DERIV 23
-0.002895770554470877833
0
0
0
DERIV 24
0.002466767509364081214
0
0
0
DERIV 25
-0.002104974941324016038
0
0
0
DERIV 26
0.0017991238814735177869
0
0
0
DERIV 27
-0.0015399908121254803420
0
0
0
DERIV 28
0.0013199921246789831503
0
0
0
DERIV 29
-0.0011328668043221923507
0
0
0
DERIV 30
0.0009734262911212912452
0
0
0
DERIV 31
-0.0008373559493516484226
0
0
0
DERIV 32
0.0007210565119416972348
0
0
0
DERIV 33
-0.0006215167240978938584
0
0
0
DERIV 34
0.0005362105070648495991
0
0
0
DERIV 35
-0.0004630135172115526867
0
0
0
AT 37/32
0.16984450809341827826
0
0
0
DERIV 1
-0.2721418041240726837
0
0
0
DERIV 2
0.2537538443859596593
0
0
0
DERIV 3
-0.19166549024321408168
0
0
0
DERIV 4
0.13566280307734460142
0
0
0
DERIV 5
-0.09613184184824172251
0
0
0
DERIV 6
0.06966218506902521757
0
0
0
DERIV 7
-0.05169546176906175683
0
0
0
DERIV 8
0.03912763953611148038
0
0
0
DERIV 9
-0.030080857220861668272
0
0
0
DERIV 10
0.023414363858791541889
0
0
0
DERIV 11
-0.018409334667390087059
0
0
0
DERIV 12
0.014594788412561196175
0
0
0
DERIV 13
-0.011651556697390480846
0
0
0
DERIV 14
0.009357234725350317001
0
0
0
DERIV 15
-0.007553227310040439534
0
0
0
DERIV 16
0.006124238359505255157
0
0
0
DERIV 17
-0.004985071605830162719
0
0
0
DERIV 18
0.004071890320678133238
0
0
0
DERIV 19
-0.003336285668151644720
0
0
0
DERIV 20
0.002741164440859729726
0
0
0
DERIV 21
-0.002257844584491926817
0
0
0
DERIV 22
0.0018639699763864554533
0
0
0
DERIV 23
-0.0015419916138379138101
0
0
0
DERIV 24
0.0012780471033611538745
0
0
0
DERIV 25
-0.0010611245139258010991
0
0
0
DERIV 26
0.0008824320282127245257
0
0
0
DERIV 27
-0.0007349183658388255824
0
0
0
DERIV 28
0.0006129048919736924429
0
0
0
DERIV 29
-0.0005118012891038475117
0
0
0
DERIV 30
0.0004278843209805139355
0
0
0
DERIV 31
-0.0003581246278476838654
0
0
0
DERIV 32
0.0003000503638723837777
0
0
0
DERIV 33
-0.0002516392896030474969
0
0
0
DERIV 34
0.00021123298077966467688
0
0
0
DERIV 35
-0.00017746832670909279232
0
0
0
AT 19/16
0.16158216061321384327
0
0
0
DERIV 1
-0.2568275947040499219
0
0
0
DERIV 2
0.23655173196425652304
0
0
0
DERIV 3
-0.17560557144815233666
0
0
0
DERIV 4
0.12160993174658951688
0
0
0
DERIV 5
-0.08406692081672738348
0
0
0
DERIV 6
0.05935103539034794484
0
0
0
DERIV 7
-0.04289080294987705766
0
0
0
DERIV 8
0.03161011927402618271
0
0
0
DERIV 9
-0.023662083578851286769
0
0
0
DERIV 10
0.017933439381929525136
0
0
0
DERIV 11
-0.013728955243205389139
0
0
0
DERIV 12
0.010597790548471625049
0
0
0
DERIV 13
-0.008237958686209852915
0
0
0
DERIV 14
0.006441712058328144877
0
0
0
DERIV 15
-0.005062959653057819316
0
0
0
DERIV 16
0.003997073410321079490
0
0
0
DERIV 17
-0.003167959111586469804
0
0
0
DERIV 18
0.002519546427928460574
0
0
0
DERIV 19
-0.002010053659954009336
0
0
0
DERIV 20
0.0016080429279632074257
0
0
0
DERIV 21
-0.0012896584885920461122
0
0
0
DERIV 22
0.0010366632826959987224
0
0
0
DERIV 23
-0.0008350239714164566646
0
0
0
DERIV 24
0.0006738789944764387403
0
0
0
DERIV 25
-0.0005447779660609525666
0
0
0
DERIV 26
0.0004411157619926741528
0
0
0
DERIV 27
-0.0003577079083605310761
0
0
0
DERIV 28
0.0002904695797213335058
0
0
0
DERIV 29
-0.00023617127353023126051
0
0
0
DERIV 30
0.00019225170336496016032
0
0
0
DERIV 31
-0.00015667371411745480841
0
0
0
DERIV 32
0.00012781276678002891837
0
0
0
DERIV 33
-0.00010437023379804595134
0
0
0
DERIV 34
8.530570192781464364e-5
0
0
0
DERIV 35
-6.978391255448295350e-5
0
0
0
AT 39/32
0.15378206029764657226
0
0
0
DERIV 1
-0.24254312646348369364
0
0
0
DERIV 2
0.22077643562701720903
0
0
0
DERIV 3
-0.16119045167664131091
0
0
0
DERIV 4
0.10930008771134749890
0
0
0
DERIV 5
-0.07376689132079815303
0
0
0
DERIV 6
0.05077576550183050125
0
0
0
DERIV 7
-0.03575855212100693958
0
0
0
DERIV 8
0.025678822105504726936
0
0
0
DERIV 9
-0.018729381942266951772
0
0
0
DERIV 10
0.013830995041903826337
0
0
0
DERIV 11
-0.010316832214699731690
0
0
0
DERIV 12
0.007759669180655463100
0
0
0
DERIV 13
-0.005877145927257203598
0
0
0
DERIV 14
0.004477825471168591503
0
0
0
DERIV 15
-0.003429172326823987441
0
0
0
DERIV 16
0.002637824866799275136
0
0
0
DERIV 17
-0.002037053290801932055
0
0
0
DERIV 18
0.0015785712111058085826
0
0
0
DERIV 19
-0.0012270675001308328864
0
0
0
DERIV 20
0.0009564833847173672809
0
0
0
DERIV 21
-0.0007474351235886631363
0
0
0
DERIV 22
0.0005854037331603515132
0
0
0
DERIV 23
-0.0004594473000500417592
0
0
0
DERIV 24
0.0003612748000393490840
0
0
0
DERIV 25
-0.0002845733809540718778
0
0
0
DERIV 26
0.00022451548793220662973
0
0
0
DERIV 27
-0.00017739495342791635878
0
0
0
DERIV 28
0.00014035644666824149290
0
0
0
DERIV 29
-0.00011119308241798796591
0
0
0
DERIV 30
8.819417135375455280e-5
0
0
0
DERIV 31
-7.003011124863886007e-5
0
0
0
DERIV 32
5.566496022327703828e-5
0
0
0
DERIV 33
-4.428975856148848709e-5
0
0
0
DERIV 34
3.527148193132115250e-5
0
0
0
DERIV 35
-2.8113825891045721232e-5
0
0
0
AT 5/4
0.14641337252591019036
0
0
0
DERIV 1
-0.22920383748815206792
0
0
0
DERIV 2
0.20628345373933687501
0
0
0
DERIV 3
-0.14821848157567169002
0
0
0
DERIV 4
0.09848124884074267726
0
0
0
DERIV 5
-0.06493803123714324277
0
0
0
DERIV 6
0.04361035948794015488
0
0
0
DERIV 7
-0.029949723457898674850
0
0
0
DERIV 8
0.020970491039514392584
0
0
0
DERIV 9
-0.014912980807986381954
0
0
0
DERIV 10
0.010737409344183365678
0
0
0
DERIV 11
-0.007809030719627281167
0
0
0
DERIV 12
0.005726623006229955050
0
0
0
DERIV 13
-0.004228890872177757006
0
0
0
DERIV 14
0.003141461793389758745
0
0
0
DERIV 15
-0.002345624805906295837
0
0
0
DERIV 16
0.0017592186044406766567
0
0
0
DERIV 17
-0.0013245881256971538814
0
0
0
DERIV 18
0.0010007999171934409046
0
0
0
DERIV 19
-0.0007585009898729255491
0
0
0
DERIV 20
0.0005764607523034234347
0
0
0
DERIV 21
-0.0004392081922311798269
0
0
0
DERIV 22
0.0003353953467947191317
0
0
0
DERIV 23
-0.0002566503523298720147
0
0
0
DERIV 24
0.00019676527011956856266
0
0
0
DERIV 25
-0.00015111572745182865266
0
0
0
DERIV 26
0.00011624286727063741574
0
0
0
DERIV 27
-8.955006071219474709e-5
0
0
0
DERIV 28
6.908147540655023850e-5
0
0
0
DERIV 29
-5.335948445195604447e-5
0
0
0
DERIV 30
4.126466797617934368e-5
0
0
0
DERIV 31
-3.194683972349368368e-5
0
0
0
DERIV 32
2.4758800785707606884e-5
0
0
0
DERIV 33
-1.9206827276185295140e-5
0
0
0
DERIV 34
1.4913536473273286795e-5
0
0
0
DERIV 35
-1.1589948344943812198e-5
0
0
0
AT 41/32
0.13944777004410252585
0
0
0
DERIV 1
-0.21673363586637264810
0
0
0
DERIV 2
0.19294579778347809018
0
0
0
DERIV 3
-0.13651683409270926051
0
0
0
DERIV 4
0.08894286128853841344
0
0
0
DERIV 5
-0.05734116848555107643
0
0
0
DERIV 6
0.03759608787239505229
0
0
0
DERIV 7
-0.025194392501695767744
0
0
0
DERIV 8
0.017211301924715070172
0
0
0
DERIV 9
-0.011941229489411637338
0
0
0
DERIV 10
0.008388045318542222337
0
0
0
DERIV 11
-0.005951611864076911465
0
0
0
DERIV 12
0.004258064225142456534
0
0
0
DERIV 13
-0.003067723604138752110
0
0
0
DERIV 14
0.002223297945555296334
0
0
0
DERIV 15
-0.0016195731377409800997
0
0
0
DERIV 16
0.0011850535154305881155
0
0
0
DERIV 17
-0.0008705127688678418333
0
0
0
DERIV 18
0.0006416787889757871732
0
0
0
DERIV 19
-0.0004744633921053335542
0
0
0
DERIV 20
0.0003517972468293205932
0
0
0
DERIV 21
-0.0002614985342285309697
0
0
0
DERIV 22
0.00019481930709708736283
0
0
0
DERIV 23
-0.00014544304580736957199
0
0
0
DERIV 24
0.00010878666840876423502
0
0
0
DERIV 25
-8.151040130529847803e-5
0
0
0
DERIV 26
6.117103287452043542e-5
0
0
0
DERIV 27
-4.597497683071453950e-5
0
0
0
DERIV 28
3.460137629071199195e-5
0
0
0
DERIV 29
-2.6074712494935190648e-5
0
0
0
DERIV 30
1.9672628614064926079e-5
0
0
0
DERIV 31
-1.4858948441779959806e-5
0
0
0
DERIV 32
1.1234814675492164649e-5
0
0
0
DERIV 33
-8.502919606580913527e-6
0
0
0
DERIV 34
6.441236086477363293e-6
0
0
0
DERIV 35
-4.883668893440677424e-6
0
0
0
AT 21/16
0.13285918453869510758
0
0
0
DERIV 1
-0.20506388474604486660
0
0
0
DERIV 2
0.18065151751437286132
0
0
0
DERIV 3
-0.12593681508402226887
0
0
0
DERIV 4
0.08050822286481221224
0
0
0
DERIV 5
-0.05078054440476924281
0
0
0
DERIV 6
0.03252642644612775691
0
0
0
DERIV 7
-0.021282435161904925819
0
0
0
DERIV 8
0.014193376017776549933
0
0
0
DERIV 9
-0.009613010234825592956
0
0
0
DERIV 10
0.006591834956846881650
0
0
0
DERIV 11
-0.004565778267566221287
0
0
0
DERIV 12
0.003188797948311868427
0
0
0
DERIV 13
-0.002242671117458327687
0
0
0
DERIV 14
0.0015866516772887395356
0
0
0
DERIV 15
-0.0011282856373399194772
0
0
0
DERIV 16
0.0008059183123954576783
0
0
0
DERIV 17
-0.0005779134116903164890
0
0
0
DERIV 18
0.0004158530369835401904
0
0
0
DERIV 19
-0.0003001645981234592436
0
0
0
DERIV 20
0.00021726199483221821031
0
0
0
DERIV 21
-0.00015765042708913793714
0
0
0
DERIV 22
0.00011465485606482759065
0
0
0
DERIV 23
-8.355799034124081724e-5
0
0
0
DERIV 24
6.101059612217583309e-5
0
0
0
DERIV 25
-4.462489316364860969e-5
0
0
0
DERIV 26
3.269222942391839193e-5
0
0
0
DERIV 27
-2.3985833228130604654e-5
0
0
0
DERIV 28
1.7622244820667382320e-5
0
0
0
DERIV 29
-1.2963490442789798410e-5
0
0
0
DERIV 30
9.547713595959470172e-6
0
0
0
DERIV 31
-7.039788826513895569e-6
0
0
0
DERIV 32
5.196034610045970035e-6
0
0
0
DERIV 33
-3.838917345373069227e-6
0
0
0
DERIV 34
2.838863246998572138e-6
0
0
0
DERIV 35
-2.101145042676494092e-6
0
0
0
AT 43/32
0.12662358764629277896
0
0
0
DERIV 1
-0.19413252921025855868
0
0
0
DERIV 2
0.16930162431127201983
0
0
0
DERIV 3
-0.11635002584451137331
0
0
0
DERIV 4
0.07302840469232525777
0
0
0
DERIV 5
-0.04509514689357835976
0
0
0
DERIV 6
0.028235611082453024312
0
0
0
DERIV 7
-0.018049273600933678913
0
0
0
DERIV 8
0.011757830162921124872
0
0
0
DERIV 9
-0.007778324438985202011
0
0
0
DERIV 10
0.005209721959180647725
0
0
0
DERIV 11
-0.003524552489090489269
0
0
0
DERIV 12
0.002404346289316485179
0
0
0
DERIV 13
-0.0016516439937832166907
0
0
0
DERIV 14
0.0011413353866351805179
0
0
0
DERIV 15
-0.0007927414779973880003
0
0
0
DERIV 16
0.0005530754497748979759
0
0
0
DERIV 17
-0.0003873797951917192536
0
0
0
DERIV 18
0.0002722669361554505346
0
0
0
DERIV 19
-0.00019195318877055181253
0
0
0
DERIV 20
0.00013570644043313438536
0
0
0
DERIV 21
-9.618175180200001426e-5
0
0
0
DERIV 22
6.832361227372515846e-5
0
0
0
DERIV 23
-4.863480590566482973e-5
0
0
0
DERIV 24
3.468528793272220446e-5
0
0
0
DERIV 25
-2.4779815006819212064e-5
0
0
0
DERIV 26
1.7731531310782977615e-5
0
0
0
DERIV 27
-1.2706833807555071241e-5
0
0
0
DERIV 28
9.118525257248821493e-6
0
0
0
DERIV 29
-6.551883424615031379e-6
0
0
0
DERIV 30
4.713292882203681414e-6
0
0
0
DERIV 31
-3.394419480056664807e-6
0
0
0
DERIV 32
2.447139625157130432e-6
0
0
0
DERIV 33
-1.7659414913043704418e-6
0
0
0
DERIV 34
1.2755363986439229254e-6
0
0
0
DERIV 35
-9.221153499831149486e-7
0
0
0
AT 11/8
0.12071879733211558772
0
0
0
DERIV 1
-0.18388334240345197146
0
0
0
DERIV 2
0.15880834116661762812
0
0
0
DERIV 3
-0.10764520732984447782
0
0
0
DERIV 4
0.06637737356793779742
0
0
0
DERIV 5
-0.04015192398985924227
0
0
0
DERIV 6
0.024589892918909384695
0
0
0
DERIV 7
-0.015365249207141887938
0
0
0
DERIV 8
0.009782446457860218686
0
0
0
DERIV 9
-0.006324512524136598722
0
0
0
DERIV 10
0.004139731598209075818
0
0
0
DERIV 11
-0.002737017233580515616
0
0
0
DERIV 12
0.0018246785396091290150
0
0
0
DERIV 13
-0.0012249590491276434335
0
0
0
DERIV 14
0.0008272450742474279743
0
0
0
DERIV 15
-0.0005615239293267514824
0
0
0
DERIV 16
0.0003828572245497555908
0
0
0
DERIV 17
-0.0002620626991575689428
0
0
0
DERIV 18
0.00018000266204765182358
0
0
0
DERIV 19
-0.00012402097289407741534
0
0
0
DERIV 20
8.568721763590810979e-5
0
0
0
DERIV 21
-5.935045377378916649e-5
0
0
0
DERIV 22
4.120196790907677500e-5
0
0
0
DERIV 23
-2.8662238545444713631e-5
0
0
0
DERIV 24
1.9976711713491770517e-5
0
0
0
DERIV 25
-1.3947376905419709954e-5
0
0
0
DERIV 26
9.753410423370426020e-6
0
0
0
DERIV 27
-6.830671272932823476e-6
0
0
0
DERIV 28
4.790340892706136010e-6
0
0
0
DERIV 29
-3.363750344721550269e-6
0
0
0
DERIV 30
2.364818424167877824e-6
0
0
0
DERIV 31
-1.6643883337251923710e-6
0
0
0
DERIV 32
1.1726372351245674967e-6
0
0
0
DERIV 33
-8.269838352393643103e-7
0
0
0
DERIV 34
5.837532954630807581e-7
0
0
0
DERIV 35
-4.124179126388518159e-7
0
0
0
AT 45/32
0.11512430620989219654
0
0
0
DERIV 1
-0.17426527235237398994
0
0
0
DERIV 2
0.14909362190147551486
0
0
0
DERIV 3
-0.09972563281202109775
0
0
0
DERIV 4
0.06044805718109350079
0
0
0
DERIV 5
-0.03584043868818075074
0
0
0
DERIV 6
0.021480813582374299470
0
0
0
DERIV 7
-0.013127643769326629783
0
0
0
DERIV 8
0.008172633734058007415
0
0
0
DERIV 9
-0.005166391922000777154
0
0
0
DERIV 10
0.003306538852917895958
0
0
0
DERIV 11
-0.002137564836285675909
0
0
0
DERIV 12
0.0013933759607955926909
0
0
0
DERIV 13
-0.0009146262996870588953
0
0
0
DERIV 14
0.0006039437173478676450
0
0
0
DERIV 15
-0.0004008396821656260724
0
0
0
DERIV 16
0.0002672264547854130159
0
0
0
DERIV 17
-0.00017884960111177290124
0
0
0
DERIV 18
0.00012011627531460061216
0
0
0
DERIV 19
-8.092043810667973657e-5
0
0
0
DERIV 20
5.466625152095705138e-5
0
0
0
DERIV 21
-3.702264653271165765e-5
0
0
0
DERIV 22
2.5130523707052762438e-5
0
0
0
DERIV 23
-1.7093612260642650799e-5
0
0
0
DERIV 24
1.1648980207252770375e-5
0
0
0
DERIV 25
-7.952370488151224996e-6
0
0
0
DERIV 26
5.437518282496563817e-6
0
0
0
DERIV 27
-3.723469309495589194e-6
0
0
0
DERIV 28
2.553236097939832542e-6
0
0
0
DERIV 29
-1.7530264703096475858e-6
0
0
0
DERIV 30
1.2050433810721132404e-6
0
0
0
DERIV 31
-8.292771654689811900e-7
0
0
0
DERIV 32
5.712798251008536898e-7
0
0
0
DERIV 33
-3.939330241772890173e-7
0
0
0
DERIV 34
2.718910284517759328e-7
0
0
0
DERIV 35
-1.8782059616224269091e-7
0
0
0
AT 23/16
0.10982112890349035594
0
0
0
DERIV 1
-0.16523187415336218486
0
0
0
DERIV 2
0.14008789330393750516
0
0
0
DERIV 3
-0.09250694403608210326
0
0
0
DERIV 4
0.05514915396362133487
0
0
0
DERIV 5
-0.03206863536001800657
0
0
0
DERIV 6
0.018820001966286244860
0
0
0
DERIV 7
-0.011254648628495794380
0
0
0
DERIV 8
0.006854753699662302809
0
0
0
DERIV 9
-0.004239143612802254157
0
0
0
DERIV 10
0.002654118056272953326
0
0
0
DERIV 11
-0.0016784977718324030436
0
0
0
DERIV 12
0.0010703467501770283672
0
0
0
DERIV 13
-0.0006873129898590385218
0
0
0
DERIV 14
0.0004439785791955812365
0
0
0
DERIV 15
-0.0002882643529953706082
0
0
0
DERIV 16
0.00018799849109183455450
0
0
0
DERIV 17
-0.00012308852613731786105
0
0
0
DERIV 18
8.086975630280469950e-5
0
0
0
DERIV 19
-5.329631536660948764e-5
0
0
0
DERIV 20
3.522191276402025084e-5
0
0
0
DERIV 21
-2.3335428746348824369e-5
0
0
0
DERIV 22
1.5495462566745462756e-5
0
0
0
DERIV 23
-1.0310780384677510759e-5
0
0
0
DERIV 24
6.873853589785006891e-6
0
0
0
DERIV 25
-4.590538745178161281e-6
0
0
0
DERIV 26
3.070594478380041197e-6
0
0
0
DERIV 27
-2.056952178753779615e-6
0
0
0
DERIV 28
1.3798188528286223633e-6
0
0
0
DERIV 29
-9.267748816600041589e-7
0
0
0
DERIV 30
6.232225291162926542e-7
0
0
0
DERIV 31
-4.195607489141942357e-7
0
0
0
DERIV 32
2.827474612247830777e-7
0
0
0
DERIV 33
-1.9073346527943205062e-7
0
0
0
DERIV 34
1.2878167476667535837e-7
0
0
0
DERIV 35
-8.702761623984023792e-8
0
0
0
AT 47/32
0.10479166598742864491
0
0
0
DERIV 1
-0.15674081480671420152
0
0
0
DERIV 2
0.13172898265670660023
0
0
0
DERIV 3
-0.08591534778714189635
0
0
0
DERIV 4
0.05040253423874938021
0
0
0
DERIV 5
-0.028759468701658449930
0
0
0
DERIV 6
0.016535124626706788897
0
0
0
DERIV 7
-0.009680776961718432633
0
0
0
DERIV 8
0.005771158802451429280
0
0
0
DERIV 9
-0.003493142700271080568
0
0
0
DERIV 10
0.002140522124796629365
0
0
0
DERIV 11
-0.0013248918956142278786
0
0
0
DERIV 12
0.0008268832124300330277
0
0
0
DERIV 13
-0.0005196778542596730555
0
0
0
DERIV 14
0.0003285501345821649553
0
0
0
DERIV 15
-0.00020878079486143661585
0
0
0
DERIV 16
0.00013326433715308923689
0
0
0
DERIV 17
-8.539592067926630992e-5
0
0
0
DERIV 18
5.491179769449359266e-5
0
0
0
DERIV 19
-3.541903188357162333e-5
0
0
0
DERIV 20
2.2909331260863412532e-5
0
0
0
DERIV 21
-1.4855088152940817796e-5
0
0
0
DERIV 22
9.654370637114342195e-6
0
0
0
DERIV 23
-6.287397713717388415e-6
0
0
0
DERIV 24
4.102415529517729194e-6
0
0
0
DERIV 25
-2.681408618442226151e-6
0
0
0
DERIV 26
1.7554229907968747518e-6
0
0
0
DERIV 27
-1.1509156251717885489e-6
0
0
0
DERIV 28
7.556163374988035011e-7
0
0
0
DERIV 29
-4.967221118113924460e-7
0
0
0
DERIV 30
3.269206523127462176e-7
0
0
0
DERIV 31
-2.1540413604683348866e-7
0
0
0
DERIV 32
1.4207506845642207756e-7
0
0
0
DERIV 33
-9.380068994157073533e-8
0
0
0
DERIV 34
6.198593778366627325e-8
0
0
0
DERIV 35
-4.099738620585343488e-8
0
0
0
AT 3/2
0.10001958240663265387
0
0
0
DERIV 1
-0.14875344009895322128
0
0
0
DERIV 2
0.12396120008246101774
0
0
0
DERIV 3
-0.07988610671980821143
0
0
0
DERIV 4
0.04614111336402715313
0
0
0
DERIV 5
-0.025848205794972427263
0
0
0
DERIV 6
0.014566716330677671395
0
0
0
DERIV 7
-0.008353352474692588708
0
0
0
DERIV 8
0.004876478265001702936
0
0
0
DERIV 9
-0.002890174822382234054
0
0
0
DERIV 10
0.0017341458858896850476
0
0
0
DERIV 11
-0.0010510012331871132572
0
0
0
DERIV 12
0.0006422788419410668109
0
0
0
DERIV 13
-0.0003952485420059597071
0
0
0
DERIV 14
0.0002446776705671450535
0
0
0
DERIV 15
-0.00015224388402220001928
0
0
0
DERIV 16
9.515242752098463730e-5
0
0
0
DERIV 17
-5.970348393515367640e-5
0
0
0
DERIV 18
3.759108247771258661e-5
0
0
0
DERIV 19
-2.3741736301714435356e-5
0
0
0
DERIV 20
1.5036432991085870158e-5
0
0
0
DERIV 21
-9.546941581641824796e-6
0
0
0
DERIV 22
6.075326461044798137e-6
0
0
0
DERIV 23
-3.874121221535813243e-6
0
0
0
DERIV 24
2.475133002647880566e-6
0
0
0
DERIV 25
-1.5840851216946435958e-6
0
0
0
DERIV 26
1.0154391805734894628e-6
0
0
0
DERIV 27
-6.518868813558204468e-7
0
0
0
DERIV 28
4.190701380144559713e-7
0
0
0
DERIV 29
-2.697462957334429143e-7
0
0
0
DERIV 30
1.7383650169488543484e-7
0
0
0
DERIV 31
-1.1215258173863577253e-7
0
0
0
DERIV 32
7.243187570620226452e-8
0
0
0
DERIV 33
-4.682464692118126224e-8
0
0
0
DERIV 34
3.029830094899964105e-8
0
0
0
DERIV 35
-1.9621756805066435436e-8
0
0
0
AT 49/32
0.09548969857907869951
0
0
0
DERIV 1
-0.14123439466441620183
0
0
0
DERIV 2
0.11673455069201746359
0
0
0
DERIV 3
-0.07436227152086608005
0
0
0
DERIV 4
0.04230710351579528711
0
0
0
DERIV 5
-0.023280256350183589631
0
0
0
DERIV 6
0.012865686146884391244
0
0
0
DERIV 7
-0.007229806196484672362
0
0
0
DERIV 8
0.004134820663731926180
0
0
0
DERIV 9
-0.002400647911421012991
0
0
0
DERIV 10
0.0014110319785543218654
0
0
0
DERIV 11
-0.0008377219670456764310
0
0
0
DERIV 12
0.0005014937173007259687
0
0
0
DERIV 13
-0.0003023133467679871723
0
0
0
DERIV 14
0.00018332704572426595504
0
0
0
DERIV 15
-0.00011174219940660445741
0
0
0
DERIV 16
6.841359148018156199e-5
0
0
0
DERIV 17
-4.205013065808370294e-5
0
0
0
DERIV 18
2.5935681494350329993e-5
0
0
0
DERIV 19
-1.6046135919169570859e-5
0
0
0
DERIV 20
9.955153713117506457e-6
0
0
0
DERIV 21
-6.191737975116819132e-6
0
0
0
DERIV 22
3.859784711761134489e-6
0
0
0
DERIV 23
-2.411081133167558517e-6
0
0
0
DERIV 24
1.5089759472885400447e-6
0
0
0
DERIV 25
-9.460355326674275101e-7
0
0
0
DERIV 26
5.940568493986986384e-7
0
0
0
DERIV 27
-3.735867715039435078e-7
0
0
0
DERIV 28
2.3526164036399940942e-7
0
0
0
DERIV 29
-1.4834231510636414764e-7
0
0
0
DERIV 30
9.364739348211287713e-8
0
0
0
DERIV 31
-5.918465947519971496e-8
0
0
0
DERIV 32
3.744335599451410592e-8
0
0
0
DERIV 33
-2.3711809856760941489e-8
0
0
0
DERIV 34
1.5029814651104174511e-8
0
0
0
DERIV 35
-9.534949469621773275e-9
0
0
0
AT 25/16
0.09118789263921288357
0
0
0
DERIV 1
-0.13415128777670259907
0
0
0
DERIV 2
0.11000405597689613679
0
0
0
DERIV 3
-0.06929361184625945635
0
0
0
DERIV 4
0.03885057067690048105
0
0
0
DERIV 5
-0.021009419584712234891
0
0
0
DERIV 6
0.011391345011536388801
0
0
0
DERIV 7
-0.006275583725331847912
0
0
0
DERIV 8
0.003517654051061248812
0
0
0
DERIV 9
-0.002001523989589889911
0
0
0
DERIV 10
0.0011529147865023921856
0
0
0
DERIV 11
-0.0006707901456467205885
0
0
0
DERIV 12
0.0003935304988437928332
0
0
0
DERIV 13
-0.00023248573162959327481
0
0
0
DERIV 14
0.00013816295062154501953
0
0
0
DERIV 15
-8.252933594052390236e-5
0
0
0
DERIV 16
4.951760157072607454e-5
0
0
0
DERIV 17
-2.9827072946508629902e-5
0
0
0
DERIV 18
1.8028808536577280608e-5
0
0
0
DERIV 19
-1.0931151281125854943e-5
0
0
0
DERIV 20
6.646139978924574321e-6
0
0
0
DERIV 21
-4.050980558582600948e-6
0
0
0
DERIV 22
2.474780850334097954e-6
0
0
0
DERIV 23
-1.5149962770740912901e-6
0
0
0
DERIV 24
9.291977166054426424e-7
0
0
0
DERIV 25
-5.708990770823839568e-7
0
0
0
DERIV 26
3.513225089737747426e-7
0
0
0
DERIV 27
-2.1651876108605970021e-7
0
0
0
DERIV 28
1.3362300684168255785e-7
0
0
0
DERIV 29
-8.256980284837762591e-8
0
0
0
DERIV 30
5.108318469552963063e-8
0
0
0
DERIV 31
-3.163861761787641212e-8
0
0
0
DERIV 32
1.9615942923083376706e-8
0
0
0
DERIV 33
-1.2173773062568107754e-8
0
0
0
DERIV 34
7.562061384748188964e-9
0
0
0
DERIV 35
-4.701441592346303288e-9
0
0
0
AT 51/32
0.08710101249398423395
0
0
0
DERIV 1
-0.12747439858919637490
0
0
0
DERIV 2
0.10372916747944412041
0
0
0
DERIV 3
-0.06463571165169236521
0
0
0
DERIV 4
0.03572823875769919749
0
0
0
DERIV 5
-0.018996461403872701851
0
0
0
DERIV 6
0.010109838052353074464
0
0
0
DERIV 7
-0.005462516365878221543
0
0
0
DERIV 8
0.003002190160456507956
0
0
0
DERIV 9
-0.0016747754270491452700
0
0
0
DERIV 10
0.0009457906638017595001
0
0
0
DERIV 11
-0.0005394916291825978564
0
0
0
DERIV 12
0.0003102961051321885435
0
0
0
DERIV 13
-0.00017971903158845521815
0
0
0
DERIV 14
0.00010471024955858125724
0
0
0
DERIV 15
-6.132051225727837317e-5
0
0
0
DERIV 16
3.607088956919753174e-5
0
0
0
DERIV 17
-2.1301378846297416576e-5
0
0
0
DERIV 18
1.2623039316344304486e-5
0
0
0
DERIV 19
-7.503478479066393614e-6
0
0
0
DERIV 20
4.472661681639628234e-6
0
0
0
DERIV 21
-2.672739006768781169e-6
0
0
0
DERIV 22
1.6007848596690027304e-6
0
0
0
DERIV 23
-9.607438543964006361e-7
0
0
0
DERIV 24
5.777021869573128056e-7
0
0
0
DERIV 25
-3.479806114378166292e-7
0
0
0
DERIV 26
2.0994305365780792725e-7
0
0
0
DERIV 27
-1.2685012392396238253e-7
0
0
0
DERIV 28
7.674965481113690649e-8
0
0
0
DERIV 29
-4.649607215062790014e-8
0
0
0
DERIV 30
2.8201539186786072971e-8
0
0
0
DERIV 31
-1.7124274269016211191e-8
0
0
0
DERIV 32
1.0408872594892207549e-8
0
0
0
DERIV 33
-6.333146486731800375e-9
0
0
0
DERIV 34
3.856864296417982021e-9
0
0
0
DERIV 35
-2.350850618769055857e-9
0
0
0
AT 13/8
0.08321679654403273119
0
0
0
DERIV 1
-0.12117641551027326374
0
0
0
DERIV 2
0.09787325868137455864
0
0
0
DERIV 3
-0.06034920101842997792
0
0
0
DERIV 4
0.03290249470604957732
0
0
0
DERIV 5
-0.017207954702486941145
0
0
0
DERIV 6
0.008992892732219110591
0
0
0
DERIV 7
-0.004767546798338309633
0
0
0
DERIV 8
0.002570145951168799348
0
0
0
DERIV 9
-0.0014062257320652084627
0
0
0
DERIV 10
0.0007788661061154541175
0
0
0
DERIV 11
-0.0004357323258592149182
0
0
0
DERIV 12
0.0002457979752566150674
0
0
0
DERIV 13
-0.00013962490481264378537
0
0
0
DERIV 14
7.978566128292313708e-5
0
0
0
DERIV 15
-4.582561067567785456e-5
0
0
0
DERIV 16
2.6437852318682666838e-5
0
0
0
DERIV 17
-1.5312421252790372941e-5
0
0
0
DERIV 18
8.899526881982562963e-6
0
0
0
DERIV 19
-5.188388141723623873e-6
0
0
0
DERIV 20
3.033211529007706546e-6
0
0
0
DERIV 21
-1.7777063906272296268e-6
0
0
0
DERIV 22
1.0442471105782328603e-6
0
0
0
DERIV 23
-6.146738844875217159e-7
0
0
0
DERIV 24
3.624999831593076949e-7
0
0
0
DERIV 25
-2.1415383620488330756e-7
0
0
0
DERIV 26
1.2671824627507887552e-7
0
0
0
DERIV 27
-7.509229408893562993e-8
0
0
0
DERIV 28
4.456026242640136275e-8
0
0
0
DERIV 29
-2.6476124094201341314e-8
0
0
0
DERIV 30
1.5749899461165926420e-8
0
0
0
DERIV 31
-9.379592731215439994e-9
0
0
0
DERIV 32
5.591680282070743137e-9
0
0
0
DERIV 33
-3.336760261562028310e-9
0
0
0
DERIV 34
1.992997079304017123e-9
0
0
0
DERIV 35
-1.1914180342213025536e-9
0
0
0
AT 53/32
0.07952380207572681825
0
0
0
DERIV 1
-0.11523220520109664355
0
0
0
DERIV 2
0.09240318341597372753
0
0
0
DERIV 3
-0.05639910173868792342
0
0
0
DERIV 4
0.030340557765049028238
0
0
0
DERIV 5
-0.015615330240548544807
0
0
0
DERIV 6
0.008016814661797436875
0
0
0
DERIV 7
-0.004171727185244593177
0
0
0
DERIV 8
0.002206789284745336484
0
0
0
DERIV 9
-0.0011846740624726632540
0
0
0
DERIV 10
0.0006437791699861210217
0
0
0
DERIV 11
-0.0003533636662188858156
0
0
0
DERIV 12
0.00019557258413515973415
0
0
0
DERIV 13
-0.00010899838179677429257
0
0
0
DERIV 14
6.110960621055686450e-5
0
0
0
DERIV 15
-3.443660836777967635e-5
0
0
0
DERIV 16
1.9492419836326181680e-5
0
0
0
DERIV 17
-1.1076713603208547640e-5
0
0
0
DERIV 18
6.316281132245933204e-6
0
0
0
DERIV 19
-3.612887718147578426e-6
0
0
0
DERIV 20
2.072297860975262208e-6
0
0
0
DERIV 21
-1.1916178176317793178e-6
0
0
0
DERIV 22
6.867642996985899143e-7
0
0
0
DERIV 23
-3.966218761179715094e-7
0
0
0
DERIV 24
2.2949190316259987906e-7
0
0
0
DERIV 25
-1.3301870311613336822e-7
0
0
0
DERIV 26
7.722421080762459176e-8
0
0
0
DERIV 27
-4.489905198598439127e-8
0
0
0
DERIV 28
2.6140687948713282084e-8
0
0
0
DERIV 29
-1.5238813534188096130e-8
0
0
0
DERIV 30
8.894099974670787201e-9
0
0
0
DERIV 31
-5.196796089886765425e-9
0
0
0
DERIV 32
3.039635448801693078e-9
0
0
0
DERIV 33
-1.7796379071314659149e-9
0
0
0
DERIV 34
1.0428954661103373046e-9
0
0
0
DERIV 35
-6.116820847051466978e-10
0
0
0
AT 27/16
0.07601134045998809985
0
0
0
DERIV 1
-0.10961860735247661025
0
0
0
DERIV 2
0.08728889103993507648
0
0
0
DERIV 3
-0.05275426805600440944
0
0
0
DERIV 4
0.028013783331244039576
0
0
0
DERIV 5
-0.014194096788675220414
0
0
0
DERIV 6
0.007161678578693363509
0
0
0
DERIV 7
-0.003659427731906247233
0
0
0
DERIV 8
0.0019001997616337406530
0
0
0
DERIV 9
-0.0010012303489981165192
0
0
0
DERIV 10
0.0005340197274152191486
0
0
0
DERIV 11
-0.0002876901414177545735
0
0
0
DERIV 12
0.00015627635505033974782
0
0
0
DERIV 13
-8.548451951157836563e-5
0
0
0
DERIV 14
4.703910194102699845e-5
0
0
0
DERIV 15
-2.6016688564790224028e-5
0
0
0
DERIV 16
1.4453715874567099549e-5
0
0
0
DERIV 17
-8.061331729914238673e-6
0
0
0
DERIV 18
4.511691832397107208e-6
0
0
0
DERIV 19
-2.532879625206294473e-6
0
0
0
DERIV 20
1.4259174186346998432e-6
0
0
0
DERIV 21
-8.047505713635011814e-7
0
0
0
DERIV 22
4.552124444076371298e-7
0
0
0
DERIV 23
-2.580270216288055840e-7
0
0
0
DERIV 24
1.4653386413487725505e-7
0
0
0
DERIV 25
-8.336148715228571849e-8
0
0
0
DERIV 26
4.749942287879528274e-8
0
0
0
DERIV 27
-2.7105294811493606639e-8
0
0
0
DERIV 28
1.5488739892282059519e-8
0
0
0
DERIV 29
-8.862012096733540620e-9
0
0
0
DERIV 30
5.076510633190571686e-9
0
0
0
DERIV 31
-2.911260578173804652e-9
0
0
0
DERIV 32
1.6712792208034805251e-9
0
0
0
DERIV 33
-9.603759383292726496e-10
0
0
0
DERIV 34
5.523730887122613926e-10
0
0
0
DERIV 35
-3.179798521264235080e-10
0
0
0
AT 55/32
0.07266941840495622085
0
0
0
DERIV 1
-0.10431425195643265202
0
0
0
DERIV 2
0.08250309018372400938
0
0
0
DERIV 3
-0.04938690727612263243
0
0
0
DERIV 4
0.025897077612613964015
0
0
0
DERIV 5
-0.012923197921750589900
0
0
0
DERIV 6
0.006410673837252907174
0
0
0
DERIV 7
-0.003217708640402040972
0
0
0
DERIV 8
0.0016406933759586452178
0
0
0
DERIV 9
-0.0008488076727108718501
0
0
0
DERIV 10
0.0004444953093763733616
0
0
0
DERIV 11
-0.00023510757031746593927
0
0
0
DERIV 12
0.00012539092194364400389
0
0
0
DERIV 13
-6.734283357195438842e-5
0
0
0
DERIV 14
3.638262297050123991e-5
0
0
0
DERIV 15
-1.9756866856479367859e-5
0
0
0
DERIV 16
1.0776472835792604200e-5
0
0
0
DERIV 17
-5.901127371336926414e-6
0
0
0
DERIV 18
3.242639686892341431e-6
0
0
0
DERIV 19
-1.7873305833979757848e-6
0
0
0
DERIV 20
9.879063588236513245e-7
0
0
0
DERIV 21
-5.474113157118088044e-7
0
0
0
DERIV 22
3.040168629407732803e-7
0
0
0
DERIV 23
-1.6919199328877817341e-7
0
0
0
DERIV 24
9.433735383374297680e-8
0
0
0
DERIV 25
-5.269170017768334866e-8
0
0
0
DERIV 26
2.9477874225277399335e-8
0
0
0
DERIV 27
-1.6515549734296831406e-8
0
0
0
DERIV 28
9.265866863917184563e-9
0
0
0
DERIV 29
-5.205151542363508743e-9
0
0
0
DERIV 30
2.927503412917173368e-9
0
0
0
DERIV 31
-1.6483303673903146796e-9
0
0
0
DERIV 32
9.290589343472682702e-10
0
0
0
DERIV 33
-5.241632775601116782e-10
0
0
0
DERIV 34
2.959980861515924850e-10
0
0
0
DERIV 35
-1.6729658064048447166e-10
0
0
0
AT 7/4
0.06948868460463879237
0
0
0
DERIV 1
-0.09929939625739721276
0
0
0
DERIV 2
0.07802095420224067213
0
0
0
DERIV 3
-0.04627216764375312319
0
0
0
DERIV 4
0.023968403834238129202
0
0
0
DERIV 5
-0.011784479578749073453
0
0
0
DERIV 6
0.005749572770396737392
0
0
0
DERIV 7
-0.002835819536458543226
0
0
0
DERIV 8
0.0014203725508745443720
0
0
0
DERIV 9
-0.0007217327159762274100
0
0
0
DERIV 10
0.0003712041896108168263
0
0
0
DERIV 11
-0.00019283583291161002292
0
0
0
DERIV 12
0.00010100945311577980926
0
0
0
DERIV 13
-5.327972748013172011e-5
0
0
0
DERIV 14
2.8270876944822289457e-5
0
0
0
DERIV 15
-1.5077801113174429487e-5
0
0
0
DERIV 16
8.077393458232292578e-6
0
0
0
DERIV 17
-4.344144381177215807e-6
0
0
0
DERIV 18
2.344458872396864637e-6
0
0
0
DERIV 19
-1.2691807429525023978e-6
0
0
0
DERIV 20
6.889838318885421075e-7
0
0
0
DERIV 21
-3.749571874223377517e-7
0
0
0
DERIV 22
2.0452210223036615706e-7
0
0
0
DERIV 23
-1.1178847823771566242e-7
0
0
0
DERIV 24
6.121749998732048464e-8
0
0
0
DERIV 25
-3.358217142161580527e-8
0
0
0
DERIV 26
1.8451742539349343412e-8
0
0
0
DERIV 27
-1.0153339810012337185e-8
0
0
0
DERIV 28
5.594697446333328518e-9
0
0
0
DERIV 29
-3.086729625563216148e-9
0
0
0
DERIV 30
1.7050506503111096811e-9
0
0
0
DERIV 31
-9.428851522457750379e-10
0
0
0
DERIV 32
5.219542807074825955e-10
0
0
0
DERIV 33
-2.892214196128041770e-10
0
0
0
DERIV 34
1.6040851844071493103e-10
0
0
0
DERIV 35
-8.904309595076420725e-11
0
0
0
AT 57/32
0.06646038120731190268
0
0
0
DERIV 1
-0.09455577896319114495
0
0
0
DERIV 2
0.07381986252389484415
0
0
0
DERIV 3
-0.04338778305251589362
0
0
0
DERIV 4
0.022208364356104570714
0
0
0
DERIV 5
-0.010762247763575311446
0
0
0
DERIV 6
0.005166297184735572576
0
0
0
DERIV 7
-0.002504798810285252877
0
0
0
DERIV 8
0.0012327726191609844533
0
0
0
DERIV 9
-0.0006154453471918148490
0
0
0
DERIV 10
0.0003109879166716127304
0
0
0
DERIV 11
-0.00015872028482627389273
0
0
0
DERIV 12
8.168081181532299063e-5
0
0
0
DERIV 13
-4.232853304856509818e-5
0
0
0
DERIV 14
2.2066003275355960793e-5
0
0
0
DERIV 15
-1.1562069624775570201e-5
0
0
0
DERIV 16
6.085299807032730025e-6
0
0
0
DERIV 17
-3.215349330710377688e-6
0
0
0
DERIV 18
1.7048245964148132478e-6
0
0
0
DERIV 19
-9.067211149914812609e-7
0
0
0
DERIV 20
4.835845946621622180e-7
0
0
0
DERIV 21
-2.585581792679916613e-7
0
0
0
DERIV 22
1.3855749319624443417e-7
0
0
0
DERIV 23
-7.440463402757901491e-8
0
0
0
DERIV 24
4.003056333647525473e-8
0
0
0
DERIV 25
-2.1574366766605613177e-8
0
0
0
DERIV 26
1.1646081925293178206e-8
0
0
0
DERIV 27
-6.295997506071426082e-9
0
0
0
DERIV 28
3.408359552158967317e-9
0
0
0
DERIV 29
-1.8474834596094584824e-9
0
0
0
DERIV 30
1.0026109067354254561e-9
0
0
0
DERIV 31
-5.447122073944586136e-10
0
0
0
DERIV 32
2.962469899864599505e-10
0
0
0
DERIV 33
-1.6127427844026313627e-10
0
0
0
DERIV 34
8.787700620893596270e-11
0
0
0
DERIV 35
-4.792490363675304457e-11
0
0
0
AT 29/16
0.06357629959769560413
0
0
0
DERIV 1
-0.09006648962977015227
0
0
0
DERIV 2
0.06987917298861477666
0
0
0
DERIV 3
-0.04071376592261310295
0
0
0
DERIV 4
0.020599845955425154231
0
0
0
DERIV 5
-0.009842899881263324907
0
0
0
DERIV 6
0.004650563556484255297
0
0
0
DERIV 7
-0.002217151623039512014
0
0
0
DERIV 8
0.0010725828513038853339
0
0
0
DERIV 9
-0.0005262658426519418661
0
0
0
DERIV 10
0.0002613430314337839965
0
0
0
DERIV 11
-0.00013108340064826713126
0
0
0
DERIV 12
6.629524123104412056e-5
0
0
0
DERIV 13
-3.376310814116578312e-5
0
0
0
DERIV 14
1.7297356928111274092e-5
0
0
0
DERIV 15
-8.907144785879745317e-6
0
0
0
DERIV 16
4.607143859070093111e-6
0
0
0
DERIV 17
-2.392350563989412498e-6
0
0
0
DERIV 18
1.2465887996407346635e-6
0
0
0
DERIV 19
-6.515745450035200838e-7
0
0
0
DERIV 20
3.415149339329165225e-7
0
0
0
DERIV 21
-1.7944955477591850178e-7
0
0
0
DERIV 22
9.450634859672203672e-8
0
0
0
DERIV 23
-4.987441485164342045e-8
0
0
0
DERIV 24
2.6370380266386176785e-8
0
0
0
DERIV 25
-1.3967208306610057011e-8
0
0
0
DERIV 26
7.409659579103478514e-9
0
0
0
DERIV 27
-3.936677375360213259e-9
0
0
0
DERIV 28
2.094389933689177701e-9
0
0
0
DERIV 29
-1.1156797744265774598e-9
0
0
0
DERIV 30
5.950292130275079855e-10
0
0
0
DERIV 31
-3.177019157432745642e-10
0
0
0
DERIV 32
1.6980619634554328282e-10
0
0
0
DERIV 33
-9.084720222457488545e-11
0
0
0
DERIV 34
4.864840037989405247e-11
0
0
0
DERIV 35
-2.6073625425283120363e-11
0
0
0
AT 59/32
0.06082874004757501951
0
0
0
DERIV 1
-0.08581585141667710803
0
0
0
DERIV 2
0.06618002100777641006
0
0
0
DERIV 3
-0.03823214102423539568
0
0
0
DERIV 4
0.019127717841485546851
0
0
0
DERIV 5
-0.009014616446698806018
0
0
0
DERIV 6
0.004193591596285335329
0
0
0
DERIV 7
-0.001966590118052423571
0
0
0
DERIV 8
0.0009354253745081921815
0
0
0
DERIV 9
-0.0004512136905171613044
0
0
0
DERIV 10
0.00022027711103785266463
0
0
0
DERIV 11
-0.00010861336024106611536
0
0
0
DERIV 12
5.400004187438970944e-5
0
0
0
DERIV 13
-2.7035236831747112948e-5
0
0
0
DERIV 14
1.3615810333048311627e-5
0
0
0
DERIV 15
-6.892523262467322021e-6
0
0
0
DERIV 16
3.504672849423916445e-6
0
0
0
DERIV 17
-1.7890254228784013726e-6
0
0
0
DERIV 18
9.164122693597788957e-7
0
0
0
DERIV 19
-4.708773123568451689e-7
0
0
0
DERIV 20
2.426215304347487420e-7
0
0
0
DERIV 21
-1.2532508432464992035e-7
0
0
0
DERIV 22
6.488324858718401685e-8
0
0
0
DERIV 23
-3.366087472761794357e-8
0
0
0
DERIV 24
1.7496047881021757324e-8
0
0
0
DERIV 25
-9.109806625508277834e-9
0
0
0
DERIV 26
4.750876988531044350e-9
0
0
0
DERIV 27
-2.481311773043207205e-9
0
0
0
DERIV 28
1.2977320653204181519e-9
0
0
0
DERIV 29
-6.795838284787227729e-10
0
0
0
DERIV 30
3.563015778690705114e-10
0
0
0
DERIV 31
-1.8701449685856078808e-10
0
0
0
DERIV 32
9.826185428161667935e-11
0
0
0
DERIV 33
-5.167957821488211495e-11
0
0
0
DERIV 34
2.7205201692380614617e-11
0
0
0
DERIV 35
-1.4333781811772449995e-11
0
0
0
AT 15/8
0.05821047484202459404
0
0
0
DERIV 1
-0.08178931565062851072
0
0
0
DERIV 2
0.06270514199881518924
0
0
0
DERIV 3
-0.03592671420801682447
0
0
0
DERIV 4
0.017778573835316249102
0
0
0
DERIV 5
-0.008267102466823503595
0
0
0
DERIV 6
0.003787864034769652596
0
0
0
DERIV 7
-0.0017478230261428388901
0
0
0
DERIV 8
0.0008176792503857710113
0
0
0
DERIV 9
-0.0003878659229442668979
0
0
0
DERIV 10
0.00018619818195605308429
0
0
0
DERIV 11
-9.027995539773527066e-5
0
0
0
DERIV 12
4.413703783290395214e-5
0
0
0
DERIV 13
-2.1729016375396306845e-5
0
0
0
DERIV 14
1.0761037619333079779e-5
0
0
0
DERIV 15
-5.356605455280317591e-6
0
0
0
DERIV 16
2.678302731549260316e-6
0
0
0
DERIV 17
-1.3444029399880073556e-6
0
0
0
DERIV 18
6.771807401548822679e-7
0
0
0
DERIV 19
-3.421544792368233959e-7
0
0
0
DERIV 20
1.7335826948002413860e-7
0
0
0
DERIV 21
-8.805499402160116137e-8
0
0
0
DERIV 22
4.482799695645157300e-8
0
0
0
DERIV 23
-2.2868775258943413745e-8
0
0
0
DERIV 24
1.1688485132348855914e-8
0
0
0
DERIV 25
-5.984504387762614248e-9
0
0
0
DERIV 26
3.068976609109032884e-9
0
0
0
DERIV 27
-1.5761657646782195053e-9
0
0
0
DERIV 28
8.105995361202270973e-10
0
0
0
DERIV 29
-4.174121749216801920e-10
0
0
0
DERIV 30
2.1519916573739955989e-10
0
0
0
DERIV 31
-1.1107053715478687379e-10
0
0
0
DERIV 32
5.738644419663988005e-11
0
0
0
DERIV 33
-2.967864588755516928e-11
0
0
0
DERIV 34
1.5363063753557970705e-11
0
0
0
DERIV 35
-7.959530173271939136e-12
0
0
0
AT 61/32
0.05571471453393603973
0
0
0
DERIV 1
-0.07797336683967083515
0
0
0
DERIV 2
0.05943871406630645005
0
0
0
DERIV 3
-0.03378287097734192918
0
0
0
DERIV 4
0.016540511653120815172
0
0
0
DERIV 5
-0.007591369832733205029
0
0
0
DERIV 6
0.003426927963699851008
0
0
0
DERIV 7
-0.0015563846509207889066
0
0
0
DERIV 8
0.0007163399325399889958
0
0
0
DERIV 9
-0.0003342458804907002569
0
0
0
DERIV 10
0.00015782937848653045654
0
0
0
DERIV 11
-7.527080751898053272e-5
0
0
0
DERIV 12
3.619596093430685921e-5
0
0
0
DERIV 13
-1.7527438749739122594e-5
0
0
0
DERIV 14
8.537957006697753060e-6
0
0
0
DERIV 15
-4.180333107715590745e-6
0
0
0
DERIV 16
2.055901532111436215e-6
0
0
0
DERIV 17
-1.0150642089376906748e-6
0
0
0
DERIV 18
5.029097720177377847e-7
0
0
0
DERIV 19
-2.499361766030714959e-7
0
0
0
DERIV 20
1.2455835686451358015e-7
0
0
0
DERIV 21
-6.223056080662814082e-8
0
0
0
DERIV 22
3.116165190913129766e-8
0
0
0
DERIV 23
-1.5636352775501380369e-8
0
0
0
DERIV 24
7.860898663093590809e-9
0
0
0
DERIV 25
-3.958800113610411652e-9
0
0
0
DERIV 26
1.996872692867798934e-9
0
0
0
DERIV 27
-1.0087420039259313186e-9
0
0
0
DERIV 28
5.102769855925085735e-10
0
0
0
DERIV 29
-2.584557258851824001e-10
0
0
0
DERIV 30
1.3106388722483566414e-10
0
0
0
DERIV 31
-6.653692846950937748e-11
0
0
0
DERIV 32
3.381384889434083043e-11
0
0
0
DERIV 33
-1.7200884882168412313e-11
0
0
0
DERIV 34
8.758020460737628435e-12
0
0
0
DERIV 35
-4.463103635261143095e-12
0
0
0
AT 31/16
0.05333507701916497673
0
0
0
DERIV 1
-0.07435543695558878563
0
0
0
DERIV 2
0.05636621833730117576
0
0
0
DERIV 3
-0.03178740064091681999
0
0
0
DERIV 4
0.015402943454579699073
0
0
0
DERIV 5
-0.006979553680606900151
0
0
0
DERIV 6
0.003105230012520138628
0
0
0
DERIV 7
-0.0013884953725743422615
0
0
0
DERIV 8
0.0006289065591848981866
0
0
0
DERIV 9
-0.0002887355114493119173
0
0
0
DERIV 10
0.00013414279245770583770
0
0
0
DERIV 11
-6.294276244736576290e-5
0
0
0
DERIV 12
2.9779526710512926500e-5
0
0
0
DERIV 13
-1.4187776527418574044e-5
0
0
0
DERIV 14
6.799672552688945100e-6
0
0
0
DERIV 15
-3.275541243532483897e-6
0
0
0
DERIV 16
1.5849393149404868893e-6
0
0
0
DERIV 17
-7.699135953224525336e-7
0
0
0
DERIV 18
3.752983833946013526e-7
0
0
0
DERIV 19
-1.8350752872326860865e-7
0
0
0
DERIV 20
8.997788505143969530e-8
0
0
0
DERIV 21
-4.422876070116996427e-8
0
0
0
DERIV 22
2.1790122574183509059e-8
0
0
0
DERIV 23
-1.0757535969302381609e-8
0
0
0
DERIV 24
5.320931769762468029e-9
0
0
0
DERIV 25
-2.636435870437145570e-9
0
0
0
DERIV 26
1.3084048984799729693e-9
0
0
0
DERIV 27
-6.502944298299507129e-10
0
0
0
DERIV 28
3.236488406526943757e-10
0
0
0
DERIV 29
-1.6128440557553623161e-10
0
0
0
DERIV 30
8.046877869575141015e-11
0
0
0
DERIV 31
-4.019252213731600209e-11
0
0
0
DERIV 32
2.0096261068658001045e-11
0
0
0
DERIV 33
-1.0057952753815148779e-11
0
0
0
DERIV 34
5.038519026579125821e-12
0
0
0
DERIV 35
-2.5262252077963540654e-12
0
0
0
AT 63/32
0.05106555915915218097
0
0
0
DERIV 1
-0.07092382795245662230
0
0
0
DERIV 2
0.05347431472605856245
0
0
0
DERIV 3
-0.029928342449577413631
0
0
0
DERIV 4
0.014356432812143755592
0
0
0
DERIV 5
-0.006424756978824124401
0
0
0
DERIV 6
0.002817979170071163286
0
0
0
DERIV 7
-0.0012409474730147465691
0
0
0
DERIV 8
0.0005532912337395019548
0
0
0
DERIV 9
-0.0002500059511789915574
0
0
0
DERIV 10
0.00011430797953035658123
0
0
0
DERIV 11
-5.278468220226783614e-5
0
0
0
DERIV 12
2.4577142953780491716e-5
0
0
0
DERIV 13
-1.1523360466919035854e-5
0
0
0
DERIV 14
5.435055183433902382e-6
0
0
0
DERIV 15
-2.576618807864536632e-6
0
0
0
DERIV 16
1.2269613404681390297e-6
0
0
0
DERIV 17
-5.865585495175012478e-7
0
0
0
DERIV 18
2.813825846120660065e-7
0
0
0
DERIV 19
-1.3540214597932158049e-7
0
0
0
DERIV 20
6.533690853608274027e-8
0
0
0
DERIV 21
-3.160666777255841855e-8
0
0
0
DERIV 22
1.5324444980634446214e-8
0
0
0
DERIV 23
-7.445417023027366975e-9
0
0
0
DERIV 24
3.624224159357236869e-9
0
0
0
DERIV 25
-1.7672407329437194250e-9
0
0
0
DERIV 26
8.631212370909496692e-10
0
0
0
DERIV 27
-4.221733505347854842e-10
0
0
0
DERIV 28
2.0677878393540513459e-10
0
0
0
DERIV 29
-1.0140875227483470579e-10
0
0
0
DERIV 30
4.979223392118868093e-11
0
0
0
DERIV 31
-2.4475445245438368690e-11
0
0
0
DERIV 32
1.2043473057279196984e-11
0
0
0
DERIV 33
-5.931946325470849826e-12
0
0
0
DERIV 34
2.9244329223609791723e-12
0
0
0
DERIV 35
-1.4429854963849185286e-12
0
0
0
AT 2
0.04890051070806111788
0
0
0
DERIV 1
-0.06766764161830635116
0
0
0
DERIV 2
0.05075073121372975643
0
0
0
DERIV 3
-0.028194850674294311826
0
0
0
DERIV 4
0.013392554070289797510
0
0
0
DERIV 5
-0.005920918641601805379
0
0
0
DERIV 6
0.002561032269581733217
0
0
0
DERIV 7
-0.0011110113777608829778
0
0
0
DERIV 8
0.0004877457426914752546
0
0
0
DERIV 9
-0.00021696235952077666184
0
0
0
DERIV 10
9.765170917236159955e-5
0
0
0
DERIV 11
-4.438883574998364590e-5
0
0
0
DERIV 12
2.0345024320166837695e-5
0
0
0
DERIV 13
-9.390022091468618092e-6
0
0
0
DERIV 14
4.359653890094446054e-6
0
0
0
DERIV 15
-2.034505200457294854e-6
0
0
0
DERIV 16
9.536743159485165717e-7
0
0
0
DERIV 17
-4.487879135777819094e-7
0
0
0
DERIV 18
2.1192762586674393974e-7
0
0
0
DERIV 19
-1.0038677014796128720e-7
0
0
0
DERIV 20
4.768371582030942554e-8
0
0
0
DERIV 21
-2.2706531343005812154e-8
0
0
0
DERIV 22
1.0837208140980107320e-8
0
0
0
DERIV 23
-5.183012589164402030e-9
0
0
0
DERIV 24
2.483526865641275904e-9
0
0
0
DERIV 25
-1.1920928955078125248e-9
0
0
0
DERIV 26
5.731215843787560414e-10
0
0
0
DERIV 27
-2.759474295156973226e-10
0
0
0
DERIV 28
1.3304608208792549485e-10
0
0
0
DERIV 29
-6.422914307692955191e-11
0
0
0
DERIV 30
3.104408582051595009e-11
0
0
0
DERIV 31
-1.5021331848636749835e-11
0
0
0
DERIV 32
7.275957614183425903e-12
0
0
0
DERIV 33
-3.5277370250586308389e-12
0
0
0
DERIV 34
1.7119900268666884241e-12
0
0
0
DERIV 35
-8.315380130495343630e-13
0
0
0
AT 33/16
0.04486284349840580221
0
0
0
DERIV 1
-0.06164156748219906667
0
0
0
DERIV 2
0.04576419403981445838
0
0
0
DERIV 3
-0.025066061340710578398
0
0
0
DERIV 4
0.011683330041713655550
0
0
0
DERIV 5
-0.005045395623986047122
0
0
0
DERIV 6
0.002124156974628729593
0
0
0
DERIV 7
-0.0008949970046491724550
0
0
0
DERIV 8
0.0003812245076593896178
0
0
0
DERIV 9
-0.00016446864534704820518
0
0
0
DERIV 10
7.178512291496495410e-5
0
0
0
DERIV 11
-3.164236977848688970e-5
0
0
0
DERIV 12
1.4063404144707753306e-5
0
0
0
DERIV 13
-6.294120844929533348e-6
0
0
0
DERIV 14
2.833717451112277986e-6
0
0
0
DERIV 15
-1.2823287522881143341e-6
0
0
0
DERIV 16
5.828767085316513053e-7
0
0
0
DERIV 17
-2.659829545121666495e-7
0
0
0
DERIV 18
1.2179690847311165472e-7
0
0
0
DERIV 19
-5.594499145227093547e-8
0
0
0
DERIV 20
2.5768602123495586741e-8
0
0
0
DERIV 21
-1.1898921615468144475e-8
0
0
0
DERIV 22
5.506938929472914724e-9
0
0
0
DERIV 23
-2.553942691929470084e-9
0
0
0
DERIV 24
1.1866804427147033484e-9
0
0
0
DERIV 25
-5.523458060635710338e-10
0
0
0
DERIV 26
2.575038722907091126e-10
0
0
0
DERIV 27
-1.2022627482933220212e-10
0
0
0
DERIV 28
5.620968693319427573e-11
0
0
0
DERIV 29
-2.6313416662561164579e-11
0
0
0
DERIV 30
1.2332752860028667025e-11
0
0
0
DERIV 31
-5.786628907931339841e-12
0
0
0
DERIV 32
2.7179620628162352695e-12
0
0
0
DERIV 33
-1.2778664611220500463e-12
0
0
0
DERIV 34
6.013489228809646564e-13
0
0
0
DERIV 35
-2.832327394348439747e-13
0
0
0
AT 17/8
0.04118306585502073264
0
0
0
DERIV 1
-0.05620374977257393961
0
0
0
DERIV 2
0.04132628659748083938
0
0
0
DERIV 3
-0.022332401149540624663
0
0
0
DERIV 4
0.010223846842322565839
0
0
0
DERIV 5
-0.004317342216194846802
0
0
0
DERIV 6
0.0017711361424729594061
0
0
0
DERIV 7
-0.0007255593934407006699
0
0
0
DERIV 8
0.0003001536924469495491
0
0
0
DERIV 9
-0.00012570936819684974412
0
0
0
DERIV 10
5.325710301246527255e-5
0
0
0
DERIV 11
-2.2785195407442850784e-5
0
0
0
DERIV 12
9.829025158021065955e-6
0
0
0
DERIV 13
-4.269630813884462938e-6
0
0
0
DERIV 14
1.8657216726148148782e-6
0
0
0
DERIV 15
-8.194542678146698988e-7
0
0
0
DERIV 16
3.615239443691880820e-7
0
0
0
DERIV 17
-1.6012133192014617558e-7
0
0
0
DERIV 18
7.116503641773244351e-8
0
0
0
DERIV 19
-3.172682738174213009e-8
0
0
0
DERIV 20
1.4183758123625464939e-8
0
0
0
DERIV 21
-6.356866385939683913e-9
0
0
0
DERIV 22
2.855490782988998729e-9
0
0
0
DERIV 23
-1.2853360046190911010e-9
0
0
0
DERIV 24
5.796613354164529650e-10
0
0
0
DERIV 25
-2.618705327057858280e-10
0
0
0
DERIV 26
1.1849345371302526035e-10
0
0
0
DERIV 27
-5.369637989609858991e-11
0
0
0
DERIV 28
2.4366424490666587997e-11
0
0
0
DERIV 29
-1.1071154332473257158e-11
0
0
0
DERIV 30
5.036289813987834211e-12
0
0
0
DERIV 31
-2.2935665187041372174e-12
0
0
0
DERIV 32
1.0455965011739448901e-12
0
0
0
DERIV 33
-4.771349452772368672e-13
0
0
0
DERIV 34
2.1793014801590056815e-13
0
0
0
DERIV 35
-9.962521052155454652e-14
0
0
0
AT 35/16
0.03782646204399898321
0
0
0
DERIV 1
-0.05129000709501427974
0
0
0
DERIV 2
0.03736843374065326046
0
0
0
DERIV 3
-0.019936809560606231356
0
0
0
DERIV 4
0.008972561192595349816
0
0
0
DERIV 5
-0.003708810533369513805
0
0
0
DERIV 6
0.0014841163241536838805
0
0
0
DERIV 7
-0.0005917078830715879860
0
0
0
DERIV 8
0.00023795522681730122273
0
0
0
DERIV 9
-9.683425907370751622e-5
0
0
0
DERIV 10
3.985451502702484067e-5
0
0
0
DERIV 11
-1.6564200258723262412e-5
0
0
0
DERIV 12
6.941295756747341611e-6
0
0
0
DERIV 13
-2.929082490081403519e-6
0
0
0
DERIV 14
1.2433662167773414924e-6
0
0
0
DERIV 15
-5.305029583806404887e-7
0
0
0
DERIV 16
2.2735841318595449581e-7
0
0
0
DERIV 17
-9.782143506118176148e-8
0
0
0
DERIV 18
4.223401641537845702e-8
0
0
0
DERIV 19
-1.8290822147232154597e-8
0
0
0
DERIV 20
7.943442761104760830e-9
0
0
0
DERIV 21
-3.458369637488790885e-9
0
0
0
DERIV 22
1.5091067509042452779e-9
0
0
0
DERIV 23
-6.598827035009887265e-10
0
0
0
DERIV 24
2.890914701051951586e-10
0
0
0
DERIV 25
-1.2686985659473708762e-10
0
0
0
DERIV 26
5.576696993175256592e-11
0
0
0
DERIV 27
-2.4549269303290017246e-11
0
0
0
DERIV 28
1.0821718713287027740e-11
0
0
0
DERIV 29
-4.776482742416343351e-12
0
0
0
DERIV 30
2.1107504690296982558e-12
0
0
0
DERIV 31
-9.337882259301892241e-13
0
0
0
DERIV 32
4.135347857690837675e-13
0
0
0
DERIV 33
-1.8331585308551593362e-13
0
0
0
DERIV 34
8.133678187323731867e-14
0
0
0
DERIV 35
-3.612017088901314212e-14
0
0
0
AT 9/4
0.03476207311944459755
0
0
0
DERIV 1
-0.04684409980527303591
0
0
0
DERIV 2
0.03383184985936386197
0
0
0
DERIV 3
-0.017831601777727391911
0
0
0
DERIV 4
0.007895704751128839599
0
0
0
DERIV 5
-0.003197729187667529803
0
0
0
DERIV 6
0.0012494053933101124335
0
0
0
DERIV 7
-0.0004852584236033113041
0
0
0
DERIV 8
0.00018987341720995025212
0
0
0
DERIV 9
-7.514081016044902423e-5
0
0
0
DERIV 10
3.0069233042300551253e-5
0
0
0
DERIV 11
-1.2150358611061721234e-5
0
0
0
DERIV 12
4.950243896091718891e-6
0
0
0
DERIV 13
-2.030876813418817523e-6
0
0
0
DERIV 14
8.381401746207080818e-7
0
0
0
DERIV 15
-3.476729971465956826e-7
0
0
0
DERIV 16
1.4486375104998467424e-7
0
0
0
DERIV 17
-6.059660187809899740e-8
0
0
0
DERIV 18
2.5435610672197738548e-8
0
0
0
DERIV 19
-1.0709730809731505115e-8
0
0
0
DERIV 20
4.521886341905889703e-9
0
0
0
DERIV 21
-1.914025964828806672e-9
0
0
0
DERIV 22
8.120110153819596889e-10
0
0
0
DERIV 23
-3.452027505005450366e-10
0
0
0
DERIV 24
1.4703080113912110209e-10
0
0
0
DERIV 25
-6.273314181935834999e-11
0
0
0
DERIV 26
2.6809034965537753506e-11
0
0
0
DERIV 27
-1.1473825664263072178e-11
0
0
0
DERIV 28
4.917353856112745219e-12
0
0
0
DERIV 29
-2.1101288577955073691e-12
0
0
0
DERIV 30
9.065738796454772774e-13
0
0
0
DERIV 31
-3.899242493098827184e-13
0
0
0
DERIV 32
1.6788405178619949956e-13
0
0
0
DERIV 33
-7.235406945667856587e-14
0
0
0
DERIV 34
3.121155937346918503e-14
0
0
0
DERIV 35
-1.3475466904100981969e-14
0
0
0
AT 37/16
0.03196223662873228649
0
0
0
DERIV 1
-0.04281660902219516091
0
0
0
DERIV 2
0.030665949705085720350
0
0
0
DERIV 3
-0.015976735652913093971
0
0
0
DERIV 4
0.006965669371464180450
0
0
0
DERIV 5
-0.002766550155042838376
0
0
0
DERIV 6
0.0010564225233570746949
0
0
0
DERIV 7
-0.0004000650973201534677
0
0
0
DERIV 8
0.00015243790263640971260
0
0
0
DERIV 9
-5.871274045803438817e-5
0
0
0
DERIV 10
2.2862162963566841063e-5
0
0
0
DERIV 11
-8.988655138149809331e-6
0
0
0
DERIV 12
3.563159892406697176e-6
0
0
0
DERIV 13
-1.4223077061710391648e-6
0
0
0
DERIV 14
5.711201878248698916e-7
0
0
0
DERIV 15
-2.3050619863944636405e-7
0
0
0
DERIV 16
9.344846095429378001e-8
0
0
0
DERIV 17
-3.803307802864290107e-8
0
0
0
DERIV 18
1.5533028871238468672e-8
0
0
0
DERIV 19
-6.363459907772575985e-9
0
0
0
DERIV 20
2.614178124291738166e-9
0
0
0
DERIV 21
-1.0766241953333427478e-9
0
0
0
DERIV 22
4.444050732580272687e-10
0
0
0
DERIV 23
-1.8381972477888015415e-10
0
0
0
DERIV 24
7.617754360205850945e-11
0
0
0
DERIV 25
-3.162397485750320849e-11
0
0
0
DERIV 26
1.3149261895011730876e-11
0
0
0
DERIV 27
-5.475568516841721404e-12
0
0
0
DERIV 28
2.2832486479494439174e-12
0
0
0
DERIV 29
-9.533041885194322313e-13
0
0
0
DERIV 30
3.984983274531680490e-13
0
0
0
DERIV 31
-1.6676477522015751593e-13
0
0
0
DERIV 32
6.986091934898490498e-14
0
0
0
DERIV 33
-2.929466888344002618e-14
0
0
0
DERIV 34
1.2295377718963699699e-14
0
0
0
DERIV 35
-5.165008091981662214e-15
0
0
0
AT 19/8
0.029402190571456595508
0
0
0
DERIV 1
-0.03916399545712146574
0
0
0
DERIV 2
0.027827049403744200801
0
0
0
DERIV 3
-0.014338434163202826849
0
0
0
DERIV 4
0.006159759721900252144
0
0
0
DERIV 5
-0.002401233061449430627
0
0
0
DERIV 6
0.0008969323544329366920
0
0
0
DERIV 7
-0.0003314755438898037121
0
0
0
DERIV 8
0.00012309389805391539384
0
0
0
DERIV 9
-4.617815632307807562e-5
0
0
0
DERIV 10
1.7509883364415417206e-5
0
0
0
DERIV 11
-6.703328839956766015e-6
0
0
0
DERIV 12
2.587331489424194493e-6
0
0
0
DERIV 13
-1.0056088115685537576e-6
0
0
0
DERIV 14
3.931708116580088596e-7
0
0
0
DERIV 15
-1.5450926119740819292e-7
0
0
0
DERIV 16
6.099049971291646597e-8
0
0
0
DERIV 17
-2.4169609903461790994e-8
0
0
0
DERIV 18
9.611306868312438939e-9
0
0
0
DERIV 19
-3.833873100147413379e-9
0
0
0
DERIV 20
1.5335492400750627828e-9
0
0
0
DERIV 21
-6.149570887526714797e-10
0
0
0
DERIV 22
2.471597868671372314e-10
0
0
0
DERIV 23
-9.954261439042750062e-11
0
0
0
DERIV 24
4.016631808736554574e-11
0
0
0
DERIV 25
-1.6235648574261443810e-11
0
0
0
DERIV 26
6.573137074599774969e-12
0
0
0
DERIV 27
-2.6651316013971796343e-12
0
0
0
DERIV 28
1.0820835073341932365e-12
0
0
0
DERIV 29
-4.399032770287827784e-13
0
0
0
DERIV 30
1.7904835135206595093e-13
0
0
0
DERIV 31
-7.295688340321872775e-14
0
0
0
DERIV 32
2.975872875657605901e-14
0
0
0
DERIV 33
-1.2150294356751948519e-14
0
0
0
DERIV 34
4.965445371799557681e-15
0
0
0
DERIV 35
-2.0309791595932024502e-15
0
0
0
AT 39/16
0.027059731425576223629
0
0
0
DERIV 1
-0.03584780561863400161
0
0
0
DERIV 2
0.025277298833652182136
0
0
0
DERIV 3
-0.012888083523420794385
0
0
0
DERIV 4
0.005459222728495635897
0
0
0
DERIV 5
-0.002090476608994876629
0
0
0
DERIV 6
0.0007644814766907955753
0
0
0
DERIV 7
-0.0002759413109889830799
0
0
0
DERIV 8
9.994493770743533142e-5
0
0
0
DERIV 9
-3.654594371309383924e-5
0
0
0
DERIV 10
1.3503765603679153607e-5
0
0
0
DERIV 11
-5.037267519029371345e-6
0
0
0
DERIV 12
1.8944318542959981574e-6
0
0
0
DERIV 13
-7.174237371399305093e-7
0
0
0
DERIV 14
2.733046920162701453e-7
0
0
0
DERIV 15
-1.0465002914271074473e-7
0
0
0
DERIV 16
4.025001292207264520e-8
0
0
0
DERIV 17
-1.5541483220016244020e-8
0
0
0
DERIV 18
6.021771281730793018e-9
0
0
0
DERIV 19
-2.340445518700182052e-9
0
0
0
DERIV 20
9.121736380722414653e-10
0
0
0
DERIV 21
-3.564048402731280919e-10
0
0
0
DERIV 22
1.3957112626083729861e-10
0
0
0
DERIV 23
-5.477038622498993921e-11
0
0
0
DERIV 24
2.1533656122645674680e-11
0
0
0
DERIV 25
-8.480947642149683173e-12
0
0
0
DERIV 26
3.3455414761931692023e-12
0
0
0
DERIV 27
-1.3216953980022397547e-12
0
0
0
DERIV 28
5.228685090997870747e-13
0
0
0
DERIV 29
-2.0711325559390329925e-13
0
0
0
DERIV 30
8.213722273125737235e-14
0
0
0
DERIV 31
-3.261031175434536304e-14
0
0
0
DERIV 32
1.2960508517752643274e-14
0
0
0
DERIV 33
-5.156006496572923740e-15
0
0
0
DERIV 34
2.0530704601738341446e-15
0
0
0
DERIV 35
-8.182200222231250149e-16
0
0
0
AT 5/2
0.024914917870269736450
0
0
0
DERIV 1
-0.03283399944955951721
0
0
0
DERIV 2
0.022983799614691661356
0
0
0
DERIV 3
-0.011601346472177696476
0
0
0
DERIV 4
0.004848487252051622044
0
0
0
DERIV 5
-0.0018251325827361817179
0
0
0
DERIV 6
0.0006539803045920043658
0
0
0
DERIV 7
-0.00023073650114772679986
0
0
0
DERIV 8
8.157211070551289678e-5
0
0
0
DERIV 9
-2.9093898840161088143e-5
0
0
0
DERIV 10
1.0482851752500307990e-5
0
0
0
DERIV 11
-3.812768652731232051e-6
0
0
0
DERIV 12
1.3980837194108632048e-6
0
0
0
DERIV 13
-5.162207999934529546e-7
0
0
0
DERIV 14
1.9173953091373717311e-7
0
0
0
DERIV 15
-7.158278331649218666e-8
0
0
0
DERIV 16
2.6843545312978130628e-8
0
0
0
DERIV 17
-1.0105805386609034922e-8
0
0
0
DERIV 18
3.817748706736267714e-9
0
0
0
DERIV 19
-1.4467258259805019927e-9
0
0
0
DERIV 20
5.497558138860865770e-10
0
0
0
DERIV 21
-2.0943078624296137226e-10
0
0
0
DERIV 22
7.996448202006900767e-11
0
0
0
DERIV 23
-3.059510616420158310e-11
0
0
0
DERIV 24
1.1728124029610660925e-11
0
0
0
DERIV 25
-4.503599627370495366e-12
0
0
0
DERIV 26
1.7321537028348060807e-12
0
0
0
DERIV 27
-6.671999447956289879e-13
0
0
0
DERIV 28
2.573485501354569141e-13
0
0
0
DERIV 29
-9.938978487990059791e-14
0
0
0
DERIV 30
3.843071682022823363e-14
0
0
0
DERIV 31
-1.4876406511056089624e-14
0
0
0
DERIV 32
5.764607523034235203e-15
0
0
0
DERIV 33
-2.2359689786314609390e-15
0
0
0
DERIV 34
8.680820740569200597e-16
0
0
0
DERIV 35
-3.373118916335461020e-16
0
0
0
AT 41/16
0.022949813291540062388
0
0
0
DERIV 1
-0.030092378524221155556
0
0
0
DERIV 2
0.020917872876592753795
0
0
0
DERIV 3
-0.010457444648760177291
0
0
0
DERIV 4
0.004314564612130080030
0
0
0
DERIV 5
-0.0015977558462855426941
0
0
0
DERIV 6
0.0005613903673385595714
0
0
0
DERIV 7
-0.00019375285380339866601
0
0
0
DERIV 8
6.690584980789993671e-5
0
0
0
DERIV 9
-2.3291459794817096423e-5
0
0
0
DERIV 10
8.188707800259964969e-6
0
0
0
DERIV 11
-2.905838684715935458e-6
0
0
0
DERIV 12
1.0395498322940397458e-6
0
0
0
DERIV 13
-3.744768171644982420e-7
0
0
0
DERIV 14
1.3569926150643596676e-7
0
0
0
DERIV 15
-4.942544508927546652e-8
0
0
0
DERIV 16
1.8082481348968948947e-8
0
0
0
DERIV 17
-6.641485343335215297e-9
0
0
0
DERIV 18
2.447810320942980342e-9
0
0
0
DERIV 19
-9.049671022134611155e-10
0
0
0
DERIV 20
3.354999988817496047e-10
0
0
0
DERIV 21
-1.2469221793573402352e-10
0
0
0
DERIV 22
4.644854237963501737e-11
0
0
0
DERIV 23
-1.7338162160798114808e-11
0
0
0
DERIV 24
6.484190726802595863e-12
0
0
0
DERIV 25
-2.4291992576509256504e-12
0
0
0
DERIV 26
9.115194212573831591e-13
0
0
0
DERIV 27
-3.425402703189443015e-13
0
0
0
DERIV 28
1.2890017140921947343e-13
0
0
0
DERIV 29
-4.856793674628285812e-14
0
0
0
DERIV 30
1.8321563130305079816e-14
0
0
0
DERIV 31
-6.919237059438582419e-15
0
0
0
DERIV 32
2.6158091322267811393e-15
0
0
0
DERIV 33
-9.898701224686710079e-16
0
0
0
DERIV 34
3.749292859852641875e-16
0
0
0
DERIV 35
-1.4213347148152177175e-16
0
0
0
AT 21/8
0.021148261331675511504
0
0
0
DERIV 1
-0.027596097917810081396
0
0
0
DERIV 2
0.019054448562297435915
0
0
0
DERIV 3
-0.009438574684662933909
0
0
0
DERIV 4
0.003846573037431496537
0
0
0
DERIV 5
-0.0014022564083418257927
0
0
0
DERIV 6
0.0004834886783276967637
0
0
0
DERIV 7
-0.00016334927040135310719
0
0
0
DERIV 8
5.513418383214275002e-5
0
0
0
DERIV 9
-1.8745823983717788868e-5
0
0
0
DERIV 10
6.434744396356960111e-6
0
0
0
DERIV 11
-2.229174248265302524e-6
0
0
0
DERIV 12
7.784994126845384915e-7
0
0
0
DERIV 13
-2.737624668991897251e-7
0
0
0
DERIV 14
9.684146130127357017e-8
0
0
0
DERIV 15
-3.443254067697406994e-8
0
0
0
DERIV 16
1.2297337275011412209e-8
0
0
0
DERIV 17
-4.409129408681778208e-9
0
0
0
DERIV 18
1.5863534423545295238e-9
0
0
0
DERIV 19
-5.725185358134545763e-10
0
0
0
DERIV 20
2.0719718440097403987e-10
0
0
0
DERIV 21
-7.517358164261688494e-11
0
0
0
DERIV 22
2.7335847870067057602e-11
0
0
0
DERIV 23
-9.960888664870222244e-12
0
0
0
DERIV 24
3.6365149093971096410e-12
0
0
0
DERIV 25
-1.3299254525795162594e-12
0
0
0
DERIV 26
4.871521804320572604e-13
0
0
0
DERIV 27
-1.7870838365056071173e-13
0
0
0
DERIV 28
6.564797766755291194e-14
0
0
0
DERIV 29
-2.4146382590364289303e-14
0
0
0
DERIV 30
8.892001207880182352e-15
0
0
0
DERIV 31
-3.2781571273290997226e-15
0
0
0
DERIV 32
1.2097960827047866850e-15
0
0
0
DERIV 33
-4.469087982286081216e-16
0
0
0
DERIV 34
1.6524358926099795718e-16
0
0
0
DERIV 35
-6.115136908706318623e-17
0
0
0
AT 43/16
0.019495689696959118964
0
0
0
DERIV 1
-0.025321248009306119436
0
0
0
DERIV 2
0.017371553866849544917
0
0
0
DERIV 3
-0.008529430666195868607
0
0
0
DERIV 4
0.003435358232814508892
0
0
0
DERIV 5
-0.0012336286647293118104
0
0
0
DERIV 6
0.0004176889162080605808
0
0
0
DERIV 7
-0.00013824045566953355006
0
0
0
DERIV 8
4.563652759363376072e-5
0
0
0
DERIV 9
-1.5164030592087603542e-5
0
0
0
DERIV 10
5.085164846123596286e-6
0
0
0
DERIV 11
-1.7207746791480518848e-6
0
0
0
DERIV 12
5.869837608681961846e-7
0
0
0
DERIV 13
-2.0161566221202387599e-7
0
0
0
DERIV 14
6.966151593548942473e-8
0
0
0
DERIV 15
-2.4192545827990972475e-8
0
0
0
DERIV 16
8.439261382778299105e-9
0
0
0
DERIV 17
-2.955473277743976612e-9
0
0
0
DERIV 18
1.0386159361854195740e-9
0
0
0
DERIV 19
-3.661216521315359558e-10
0
0
0
DERIV 20
1.2941974681039264542e-10
0
0
0
DERIV 21
-4.586303320019178649e-11
0
0
0
DERIV 22
1.6289618557384516568e-11
0
0
0
DERIV 23
-5.797720659454315367e-12
0
0
0
DERIV 24
2.0674042661620447856e-12
0
0
0
DERIV 25
-7.384960355406762745e-13
0
0
0
DERIV 26
2.642204062757339718e-13
0
0
0
DERIV 27
-9.467328941490554244e-14
0
0
0
DERIV 28
3.396915367710896393e-14
0
0
0
DERIV 29
-1.2203833879185898936e-14
0
0
0
DERIV 30
4.389596061970741873e-15
0
0
0
DERIV 31
-1.5806497447456534985e-15
0
0
0
DERIV 32
5.697690940362239332e-16
0
0
0
DERIV 33
-2.0558264703773549313e-16
0
0
0
DERIV 34
7.424599017505085360e-17
0
0
0
DERIV 35
-2.6837088807460239292e-17
0
0
0
AT 11/4
0.017978938215454407651
0
0
0
DERIV 1
-0.023246494984257300154
0
0
0
DERIV 2
0.015849882943811795244
0
0
0
DERIV 3
-0.007716811695876045658
0
0
0
DERIV 4
0.003073188965643581724
0
0
0
DERIV 5
-0.0010877393997227012296
0
0
0
DERIV 6
0.0003619047985052163447
0
0
0
DERIV 7
-0.00011741389543645325234
0
0
0
DERIV 8
3.793551670458854817e-5
0
0
0
DERIV 9
-1.2326046305754759680e-5
0
0
0
DERIV 10
4.040384901805484780e-6
0
0
0
DERIV 11
-1.3362468040608478473e-6
0
0
0
DERIV 12
4.454641324962765245e-7
0
0
0
DERIV 13
-1.4953015526147231709e-7
0
0
0
DERIV 14
5.049096843123104623e-8
0
0
0
DERIV 15
-1.7136346456665868859e-8
0
0
0
DERIV 16
5.841937403106141151e-9
0
0
0
DERIV 17
-1.999379711339377390e-9
0
0
0
DERIV 18
6.866556620707043747e-10
0
0
0
DERIV 19
-2.365512330575637130e-10
0
0
0
DERIV 20
8.171769870216795911e-11
0
0
0
DERIV 21
-2.8300501715491526355e-11
0
0
0
DERIV 22
9.823314645067326856e-12
0
0
0
DERIV 23
-3.4168050939373609056e-12
0
0
0
DERIV 24
1.1907048054630571128e-12
0
0
0
DERIV 25
-4.156642229980141872e-13
0
0
0
DERIV 26
1.4533714090839663178e-13
0
0
0
DERIV 27
-5.089246685007828084e-14
0
0
0
DERIV 28
1.7845410453923553267e-14
0
0
0
DERIV 29
-6.265473262819555157e-15
0
0
0
DERIV 30
2.2024087832941467164e-15
0
0
0
DERIV 31
-7.750412140624562143e-16
0
0
0
DERIV 32
2.730258822265471091e-16
0
0
0
DERIV 33
-9.627358932506343237e-17
0
0
0
DERIV 34
3.397891387943415659e-17
0
0
0
DERIV 35
-1.2002941006761155320e-17
0
0
0
AT 45/16
0.016586107773892660999
0
0
0
DERIV 1
-0.021352770807220602944
0
0
0
DERIV 2
0.014472433547116185515
0
0
0
DERIV 3
-0.006989297901260603692
0
0
0
DERIV 4
0.002753511557303685992
0
0
0
DERIV 5
-0.0009611608219154423559
0
0
0
DERIV 6
0.0003144450177997893140
0
0
0
DERIV 7
-0.00010006752344200336741
0
0
0
DERIV 8
3.166170101348489142e-5
0
0
0
DERIV 9
-1.0065503573197134808e-5
0
0
0
DERIV 10
3.226845394637594615e-6
0
0
0
DERIV 11
-1.0435556655488246815e-6
0
0
0
DERIV 12
3.401664242099625332e-7
0
0
0
DERIV 13
-1.1164779391973509382e-7
0
0
0
DERIV 14
3.686173879776506941e-8
0
0
0
DERIV 15
-1.2232652611331042158e-8
0
0
0
DERIV 16
4.077551890994521514e-9
0
0
0
DERIV 17
-1.3645141568880853225e-9
0
0
0
DERIV 18
4.582072263889102885e-10
0
0
0
DERIV 19
-1.5434348695916626481e-10
0
0
0
DERIV 20
5.213380004831727541e-11
0
0
0
DERIV 21
-1.7653773561752886521e-11
0
0
0
DERIV 22
5.991583754310885635e-12
0
0
0
DERIV 23
-2.0377173734476199100e-12
0
0
0
DERIV 24
6.943333272488530959e-13
0
0
0
DERIV 25
-2.369991090342765516e-13
0
0
0
DERIV 26
8.102533642197494165e-14
0
0
0
DERIV 27
-2.7742008190569201067e-14
0
0
0
DERIV 28
9.511545665338011614e-15
0
0
0
DERIV 29
-3.2652662513957313930e-15
0
0
0
DERIV 30
1.1222841041834216941e-15
0
0
0
DERIV 31
-3.861622724071988789e-16
0
0
0
DERIV 32
1.3301144938470183169e-16
0
0
0
DERIV 33
-4.585983978785679412e-17
0
0
0
DERIV 34
1.5826140789534892701e-17
0
0
0
DERIV 35
-5.466298786988560195e-18
0
0
0
AT 23/8
0.015306427287421348060
0
0
0
DERIV 1
-0.019623005044792120322
0
0
0
DERIV 2
0.013224199051925124640
0
0
0
DERIV 3
-0.006336981780375527430
0
0
0
DERIV 4
0.002470750892036765924
0
0
0
DERIV 5
-0.0008510383337371213051
0
0
0
DERIV 6
0.0002739319515681401919
0
0
0
DERIV 7
-8.556260664445430745e-5
0
0
0
DERIV 8
2.6527474999310950203e-5
0
0
0
DERIV 9
-8.255807142168466889e-6
0
0
0
DERIV 10
2.589834157776878173e-6
0
0
0
DERIV 11
-8.194114894363853441e-7
0
0
0
DERIV 12
2.613026007838195655e-7
0
0
0
DERIV 13
-8.389963847516511552e-8
0
0
0
DERIV 14
2.7098244970676286018e-8
0
0
0
DERIV 15
-8.797126416803522211e-9
0
0
0
DERIV 16
2.868629117269530624e-9
0
0
0
DERIV 17
-9.390909170886771132e-10
0
0
0
DERIV 18
3.084936376641366819e-10
0
0
0
DERIV 19
-1.0165465421997646110e-10
0
0
0
DERIV 20
3.359023357640572922e-11
0
0
0
DERIV 21
-1.1127199528800055832e-11
0
0
0
DERIV 22
3.694406167682298668e-12
0
0
0
DERIV 23
-1.2291408043714294222e-12
0
0
0
DERIV 24
4.097136014571747625e-13
0
0
0
DERIV 25
-1.3680871561700571176e-13
0
0
0
DERIV 26
4.575542328327954969e-14
0
0
0
DERIV 27
-1.5325487991823104133e-14
0
0
0
DERIV 28
5.140225786077314479e-15
0
0
0
DERIV 29
-1.7262527377531009892e-15
0
0
0
DERIV 30
5.804212103749556972e-16
0
0
0
DERIV 31
-1.9537319844318285386e-16
0
0
0
DERIV 32
6.583227338846378905e-17
0
0
0
DERIV 33
-2.2204297743671579591e-17
0
0
0
DERIV 34
7.496080056687081138e-18
0
0
0
DERIV 35
-2.5328369880979949934e-18
0
0
0
AT 47/16
0.014130136290044163772
0
0
0
DERIV 1
-0.018041892222418996761
0
0
0
DERIV 2
0.012091906489493582308
0
0
0
DERIV 3
-0.005751244502770504023
0
0
0
DERIV 4
0.002220148361038650712
0
0
0
DERIV 5
-0.0007549852512427412477
0
0
0
DERIV 6
0.00023923839676075675173
0
0
0
DERIV 7
-7.338790492467578202e-5
0
0
0
DERIV 8
2.2307694563879746806e-5
0
0
0
DERIV 9
-6.800037540741122832e-6
0
0
0
DERIV 10
2.088387618997017035e-6
0
0
0
DERIV 11
-6.467615020226506121e-7
0
0
0
DERIV 12
2.0186394993907788733e-7
0
0
0
DERIV 13
-6.343641353918288803e-8
0
0
0
DERIV 14
2.0053055002816029156e-8
0
0
0
DERIV 15
-6.371480918392499765e-9
0
0
0
DERIV 16
2.033452219241925580e-9
0
0
0
DERIV 17
-6.515191597677295670e-10
0
0
0
DERIV 18
2.0947188397263694625e-10
0
0
0
DERIV 19
-6.755644201183142119e-11
0
0
0
DERIV 20
2.1848040828263401942e-11
0
0
0
DERIV 21
-7.083458019648257619e-12
0
0
0
DERIV 22
2.3017813294181932599e-12
0
0
0
DERIV 23
-7.495162145753547128e-13
0
0
0
DERIV 24
2.445230203579462428e-13
0
0
0
DERIV 25
-7.991220409995976296e-14
0
0
0
DERIV 26
2.6157840949250375155e-14
0
0
0
DERIV 27
-8.574989625601385153e-15
0
0
0
DERIV 28
2.8148902114436160814e-15
0
0
0
DERIV 29
-9.252170320812472069e-16
0
0
0
DERIV 30
3.044685836068784982e-16
0
0
0
DERIV 31
-1.0030536728297988356e-16
0
0
0
DERIV 32
3.307942963587634209e-17
0
0
0
DERIV 33
-1.0919837507136484530e-17
0
0
0
DERIV 34
3.608056447914933859e-18
0
0
0
DERIV 35
-1.1931809773043914138e-18
0
0
0
AT 3
0.013048381094197036845
0
0
0
DERIV 1
-0.016595689455954649311
0
0
0
DERIV 2
0.011063792970636431717
0
0
0
DERIV 3
-0.005224568902800537200
0
0
0
DERIV 4
0.001997629286364911282
0
0
0
DERIV 5
-0.0006709985551635983762
0
0
0
DERIV 6
0.00020943805623426989520
0
0
0
DERIV 7
-6.313224016533795259e-5
0
0
0
DERIV 8
1.8825169489095460986e-5
0
0
0
DERIV 9
-5.623561267977013576e-6
0
0
0
DERIV 10
1.6916417075139029597e-6
0
0
0
DERIV 11
-5.130344562576189826e-7
0
0
0
DERIV 12
1.5679517471852094108e-7
0
0
0
DERIV 13
-4.824733425320504365e-8
0
0
0
DERIV 14
1.4933889062352375891e-8
0
0
0
DERIV 15
-4.646111510393968446e-9
0
0
0
DERIV 16
1.4519106401853308102e-9
0
0
0
DERIV 17
-4.555014239711164802e-10
0
0
0
DERIV 18
1.4339859902746657376e-10
0
0
0
DERIV 19
-4.528376825036392071e-11
0
0
0
DERIV 20
1.4339859952769929614e-11
0
0
0
DERIV 21
-4.552336493267661375e-12
0
0
0
DERIV 22
1.4484707024181116520e-12
0
0
0
DERIV 23
-4.618312384527934912e-13
0
0
0
DERIV 24
1.4752942339466911781e-13
0
0
0
DERIV 25
-4.720941548629518525e-14
0
0
0
DERIV 26
1.5131222912274137724e-14
0
0
0
DERIV 27
-4.856935749618860639e-15
0
0
0
DERIV 28
1.5611579195203482035e-15
0
0
0
DERIV 29
-5.024416292709166451e-16
0
0
0
DERIV 30
1.6189785832062869784e-16
0
0
0
DERIV 31
-5.222511558729958373e-17
0
0
0
DERIV 32
1.6864360241732156025e-17
0
0
0
DERIV 33
-5.451106340761909057e-18
0
0
0
DERIV 34
1.7635932278935588579e-18
0
0
0
DERIV 35
-5.710682833179143326e-19
0
0
0
AT 49/16
0.012053122768716549931
0
0
0
DERIV 1
-0.015272039962109055025
0
0
0
DERIV 2
0.010129414260582536231
0
0
0
DERIV 3
-0.004750382553811653696
0
0
0
DERIV 4
0.0017996939911914114959
0
0
0
DERIV 5
-0.0005973911443219986472
0
0
0
DERIV 6
0.00018376658003499236958
0
0
0
DERIV 7
-5.446337856398613146e-5
0
0
0
DERIV 8
1.5939736136389615507e-5
0
0
0
DERIV 9
-4.668585025499219901e-6
0
0
0
DERIV 10
1.3762008988286338331e-6
0
0
0
DERIV 11
-4.089023441335726966e-7
0
0
0
DERIV 12
1.2242442144681679173e-7
0
0
0
DERIV 13
-3.690274911782906488e-8
0
0
0
DERIV 14
1.1189346925866571250e-8
0
0
0
DERIV 15
-3.410098360947870581e-9
0
0
0
DERIV 16
1.0439083914383424190e-9
0
0
0
DERIV 17
-3.208170275804038458e-10
0
0
0
DERIV 18
9.893677279565480197e-11
0
0
0
DERIV 19
-3.060557538349278683e-11
0
0
0
DERIV 20
9.493974410952607514e-12
0
0
0
DERIV 21
-2.9524507403424894767e-12
0
0
0
DERIV 22
9.202443866138436241e-13
0
0
0
DERIV 23
-2.874232689341071801e-13
0
0
0
DERIV 24
8.994197531273841294e-14
0
0
0
DERIV 25
-2.8194055934769599358e-14
0
0
0
DERIV 26
8.852136871199283225e-15
0
0
0
DERIV 27
-2.7834383510346968092e-15
0
0
0
DERIV 28
8.764179064482428484e-16
0
0
0
DERIV 29
-2.763090936585592993e-16
0
0
0
DERIV 30
8.721593160379014642e-17
0
0
0
DERIV 31
-2.7560004720091687029e-17
0
0
0
DERIV 32
8.717960676763697043e-18
0
0
0
DERIV 33
-2.7604179755739101080e-18
0
0
0
DERIV 34
8.748503548037362350e-19
0
0
0
DERIV 35
-2.775035527773950387e-19
0
0
0
AT 25/8
0.011137055436362950853
0
0
0
DERIV 1
-0.014059818759490373338
0
0
0
DERIV 2
0.009279480381263647062
0
0
0
DERIV 3
-0.004322925607917973805
0
0
0
DERIV 4
0.0016233279275457458690
0
0
0
DERIV 5
-0.0005327371057807973485
0
0
0
DERIV 6
0.00016159075426306037846
0
0
0
DERIV 7
-4.711168203427481112e-5
0
0
0
DERIV 8
1.3539976792004942066e-5
0
0
0
DERIV 9
-3.890116267771182907e-6
0
0
0
DERIV 10
1.1242279942559672999e-6
0
0
0
DERIV 11
-3.274003718869965467e-7
0
0
0
DERIV 12
9.606679476213919228e-8
0
0
0
DERIV 13
-2.8378911094505233075e-8
0
0
0
DERIV 14
8.432752001828552722e-9
0
0
0
DERIV 15
-2.518592682986403699e-9
0
0
0
DERIV 16
7.555784768817717047e-10
0
0
0
DERIV 17
-2.2756249844826597101e-10
0
0
0
DERIV 18
6.877444617150812556e-11
0
0
0
DERIV 19
-2.0849516428627318411e-11
0
0
0
DERIV 20
6.338253000081736282e-12
0
0
0
DERIV 21
-1.9316580574429593941e-12
0
0
0
DERIV 22
5.900337339223581214e-13
0
0
0
DERIV 23
-1.8060162986199607219e-13
0
0
0
DERIV 24
5.538449982436812538e-14
0
0
0
DERIV 25
-1.7014118346046793930e-14
0
0
0
DERIV 26
5.235113337245202437e-15
0
0
0
DERIV 27
-1.6131904802177822124e-15
0
0
0
DERIV 28
4.977844910386300007e-16
0
0
0
DERIV 29
-1.5379824274848704395e-16
0
0
0
DERIV 30
4.757492309019866458e-17
0
0
0
DERIV 31
-1.4732879408577648979e-17
0
0
0
DERIV 32
4.567192616659071461e-18
0
0
0
DERIV 33
-1.4172137089269361172e-18
0
0
0
DERIV 34
4.401699048902483752e-19
0
0
0
DERIV 35
-1.3682995900588294282e-19
0
0
0
AT 51/16
0.010293533603794249517
0
0
0
DERIV 1
-0.012948997454367857859
0
0
0
DERIV 2
0.008505714014143593571
0
0
0
DERIV 3
-0.003937139108097877961
0
0
0
DERIV 4
0.0014659272330922791007
0
0
0
DERIV 5
-0.0004758273039546571351
0
0
0
DERIV 6
0.00014238401383816638225
0
0
0
DERIV 7
-4.085738370162939417e-5
0
0
0
DERIV 8
1.1536908079515116105e-5
0
0
0
DERIV 9
-3.252948092397372996e-6
0
0
0
DERIV 10
9.220478579475936348e-7
0
0
0
DERIV 11
-2.632970507957577296e-7
0
0
0
DERIV 12
7.574644660804991876e-8
0
0
0
DERIV 13
-2.1937702032305203257e-8
0
0
0
DERIV 14
6.390963692525968179e-9
0
0
0
DERIV 15
-1.871350905089215104e-9
0
0
0
DERIV 16
5.503979439206378973e-10
0
0
0
DERIV 17
-1.6251661500265006917e-10
0
0
0
DERIV 18
4.815307313442702757e-11
0
0
0
DERIV 19
-1.4311749397176522717e-11
0
0
0
DERIV 20
4.265462570755451685e-12
0
0
0
DERIV 21
-1.2744612725613347673e-12
0
0
0
DERIV 22
3.816568516876420783e-13
0
0
0
DERIV 23
-1.1452959232279417348e-13
0
0
0
DERIV 24
3.443373363955375841e-14
0
0
0
DERIV 25
-1.0370630366737026148e-14
0
0
0
DERIV 26
3.1283952840835993898e-15
0
0
0
DERIV 27
-9.451070720252570216e-16
0
0
0
DERIV 28
2.859147444782290850e-16
0
0
0
DERIV 29
-8.660568324965965030e-17
0
0
0
DERIV 30
2.6264730083556913744e-17
0
0
0
DERIV 31
-7.974111600320884581e-18
0
0
0
DERIV 32
2.4235045059798768602e-18
0
0
0
DERIV 33
-7.372752864300040965e-19
0
0
0
DERIV 34
2.244990491551569442e-19
0
0
0
DERIV 35
-6.841875783776212069e-20
0
0
0
AT 13/4
0.009516507415488777502
0
0
0
DERIV 1
-0.011930525486683695932
0
0
0
DERIV 2
0.007800728202831647140
0
0
0
DERIV 3
-0.003588570289387107721
0
0
0
DERIV 4
0.0013252368338549994076
0
0
0
DERIV 5
-0.0004256331894405178200
0
0
0
DERIV 6
0.00012570688952821910131
0
0
0
DERIV 7
-3.552063312537414783e-5
0
0
0
DERIV 8
9.859143349320222279e-6
0
0
0
DERIV 9
-2.729395169064961307e-6
0
0
0
DERIV 10
7.591202413499152511e-7
0
0
0
DERIV 11
-2.1264021106931223094e-7
0
0
0
DERIV 12
6.000035121588703008e-8
0
0
0
DERIV 13
-1.7043435800285786700e-8
0
0
0
DERIV 14
4.869689937818643356e-9
0
0
0
DERIV 15
-1.3984841825340472533e-9
0
0
0
DERIV 16
4.034094690246595238e-10
0
0
0
DERIV 17
-1.1682449516016336996e-10
0
0
0
DERIV 18
3.394900045700521761e-11
0
0
0
DERIV 19
-9.896065008620528387e-12
0
0
0
DERIV 20
2.8926959305005948193e-12
0
0
0
DERIV 21
-8.476764633838729348e-13
0
0
0
DERIV 22
2.489679123331504457e-13
0
0
0
DERIV 23
-7.327483707510109157e-14
0
0
0
DERIV 24
2.1606682727292627584e-14
0
0
0
DERIV 25
-6.382281667139514370e-15
0
0
0
DERIV 26
1.8882490139466317120e-15
0
0
0
DERIV 27
-5.594811893175215773e-16
0
0
0
DERIV 28
1.6599991331398994753e-16
0
0
0
DERIV 29
-4.931562411450099445e-17
0
0
0
DERIV 30
1.4668236916107988376e-17
0
0
0
DERIV 31
-4.367713225640095768e-18
0
0
0
DERIV 32
1.3019145191811824071e-18
0
0
0
DERIV 33
-3.884500197090707149e-19
0
0
0
DERIV 34
1.1600769819365913995e-19
0
0
0
DERIV 35
-3.467482847107174322e-20
0
0
0
AT 53/16
0.008800464874276561766
0
0
0
DERIV 1
-0.010996225611279768219
0
0
0
DERIV 2
0.007157920445078339543
0
0
0
DERIV 3
-0.003273292031078118072
0
0
0
DERIV 4
0.0011992987911543441949
0
0
0
DERIV 5
-0.0003812771856306447146
0
0
0
DERIV 6
0.00011119132440911994194
0
0
0
DERIV 7
-3.095366988827567600e-5
0
0
0
DERIV 8
8.449164952049489864e-6
0
0
0
DERIV 9
-2.297583811079871042e-6
0
0
0
DERIV 10
6.272794514008964685e-7
0
0
0
DERIV 11
-1.7242764368583330229e-7
0
0
0
DERIV 12
4.773878247862644707e-8
0
0
0
DERIV 13
-1.3304880889992149336e-8
0
0
0
DERIV 14
3.729796249621303199e-9
0
0
0
DERIV 15
-1.0509195535411541923e-9
0
0
0
DERIV 16
2.974305878850786383e-10
0
0
0
DERIV 17
-8.450861082505216023e-11
0
0
0
DERIV 18
2.4094699982108338525e-11
0
0
0
DERIV 19
-6.891036430859913506e-12
0
0
0
DERIV 20
1.9762972450683015261e-12
0
0
0
DERIV 21
-5.682076537838327148e-13
0
0
0
DERIV 22
1.6373736851009852587e-13
0
0
0
DERIV 23
-4.728101207225035898e-14
0
0
0
DERIV 24
1.3678783366832292320e-14
0
0
0
DERIV 25
-3.964266273860029634e-15
0
0
0
DERIV 26
1.1507304133120823960e-15
0
0
0
DERIV 27
-3.345240055470494286e-16
0
0
0
DERIV 28
9.738165121046186270e-17
0
0
0
DERIV 29
-2.838450210949051404e-17
0
0
0
DERIV 30
8.283276087297859789e-18
0
0
0
DERIV 31
-2.4199467570924970436e-18
0
0
0
DERIV 32
7.077202780176170817e-19
0
0
0
DERIV 33
-2.0717711969412233621e-19
0
0
0
DERIV 34
6.070450565954305375e-20
0
0
0
DERIV 35
-1.7802291686680013598e-20
0
0
0
AT 27/8
0.008140380199495048097
0
0
0
DERIV 1
-0.010138701721975122011
0
0
0
DERIV 2
0.006571380745724615668
0
0
0
DERIV 3
-0.002987834138003185244
0
0
0
DERIV 4
0.0010864090468607823844
0
0
0
DERIV 5
-0.0003420083624945706923
0
0
0
DERIV 6
9.852803942732857854e-5
0
0
0
DERIV 7
-2.7034641307332480254e-5
0
0
0
DERIV 8
7.260436975561111001e-6
0
0
0
DERIV 9
-1.940153397632649232e-6
0
0
0
DERIV 10
5.201681937673988683e-7
0
0
0
DERIV 11
-1.4036664064025793092e-7
0
0
0
DERIV 12
3.814543908769202344e-8
0
0
0
DERIV 13
-1.0434568783734740965e-8
0
0
0
DERIV 14
2.871002947961300285e-9
0
0
0
DERIV 15
-7.939641240254457753e-10
0
0
0
DERIV 16
2.2054607458401885053e-10
0
0
0
DERIV 17
-6.150307326869734766e-11
0
0
0
DERIV 18
1.7210738136142087266e-11
0
0
0
DERIV 19
-4.831084472439084576e-12
0
0
0
DERIV 20
1.3598608186316633836e-12
0
0
0
DERIV 21
-3.837349754736930919e-13
0
0
0
DERIV 22
1.0853110418339803969e-13
0
0
0
DERIV 23
-3.075921793320708569e-14
0
0
0
DERIV 24
8.734098919322055960e-15
0
0
0
DERIV 25
-2.4843659148300384618e-15
0
0
0
DERIV 26
7.077965569316600453e-16
0
0
0
DERIV 27
-2.0195018359641422918e-16
0
0
0
DERIV 28
5.770005245611838817e-17
0
0
0
DERIV 29
-1.6506783844406792186e-17
0
0
0
DERIV 30
4.727868952965896285e-18
0
0
0
DERIV 31
-1.3556613485206871536e-18
0
0
0
DERIV 32
3.891250167050120712e-19
0
0
0
DERIV 33
-1.1180247393544677757e-19
0
0
0
DERIV 34
3.215234544548796214e-20
0
0
0
DERIV 35
-9.254431704944683820e-21
0
0
0
AT 55/16
0.007531667603111312330
0
0
0
DERIV 1
-0.009351257404182130445
0
0
0
DERIV 2
0.006035811597244829414
0
0
0
DERIV 3
-0.002729124543799049066
0
0
0
DERIV 4
0.0009850810801849570458
0
0
0
DERIV 5
-0.0003071823782415319818
0
0
0
DERIV 6
8.745631283708899494e-5
0
0
0
DERIV 7
-2.3662696610857171747e-5
0
0
0
DERIV 8
6.255157891471263386e-6
0
0
0
DERIV 9
-1.6432649324994763328e-6
0
0
0
DERIV 10
4.328135927269172987e-7
0
0
0
DERIV 11
-1.1469736761701612694e-7
0
0
0
DERIV 12
3.060548709070677456e-8
0
0
0
DERIV 13
-8.220038116114225166e-9
0
0
0
DERIV 14
2.220585094663220288e-9
0
0
0
DERIV 15
-6.029296494894181114e-10
0
0
0
DERIV 16
1.6443580589288739898e-10
0
0
0
DERIV 17
-4.502202234261680819e-11
0
0
0
DERIV 18
1.2369688407250602646e-11
0
0
0
DERIV 19
-3.4090625278667437128e-12
0
0
0
DERIV 20
9.421409206359275573e-13
0
0
0
DERIV 21
-2.610260561167950880e-13
0
0
0
DERIV 22
7.248326848372717452e-14
0
0
0
DERIV 23
-2.0169257317572765298e-14
0
0
0
DERIV 24
5.622944464308084381e-15
0
0
0
DERIV 25
-1.5703350358510060853e-15
0
0
0
DERIV 26
4.392545554828221264e-16
0
0
0
DERIV 27
-1.2305043439788233387e-16
0
0
0
DERIV 28
3.451804393499040197e-17
0
0
0
DERIV 29
-9.695350271395423903e-18
0
0
0
DERIV 30
2.7264500157136222052e-18
0
0
0
DERIV 31
-7.675636407874127289e-19
0
0
0
DERIV 32
2.1631338967645267727e-19
0
0
0
DERIV 33
-6.102063664702136049e-20
0
0
0
DERIV 34
1.7229356229747208127e-20
0
0
0
DERIV 35
-4.868971318951938059e-21
0
0
0
AT 7/2
0.006970139857548392735
0
0
0
DERIV 1
-0.008627823834948143353
0
0
0
DERIV 2
0.005546458179609520603
0
0
0
DERIV 3
-0.002494438863845551378
0
0
0
DERIV 4
0.0008940152734706955902
0
0
0
DERIV 5
-0.0002762448801797744765
0
0
0
DERIV 6
7.775567917864411476e-5
0
0
0
DERIV 7
-2.0754076954311854764e-5
0
0
0
DERIV 8
5.402502964643145872e-6
0
0
0
DERIV 9
-1.3958402145515334526e-6
0
0
0
DERIV 10
3.613079378409598053e-7
0
0
0
DERIV 11
-9.406236279887213790e-8
0
0
0
DERIV 12
2.4653392831191576619e-8
0
0
0
DERIV 13
-6.503379259732673782e-9
0
0
0
DERIV 14
1.7254853017870636966e-9
0
0
0
DERIV 15
-4.601360116480351392e-10
0
0
0
DERIV 16
1.2325112977060816651e-10
0
0
0
DERIV 17
-3.314318520347607619e-11
0
0
0
DERIV 18
8.943400529488031123e-12
0
0
0
DERIV 19
-2.4207701390582912168e-12
0
0
0
DERIV 20
6.570661841478457881e-13
0
0
0
DERIV 21
-1.7879351966488435064e-13
0
0
0
DERIV 22
4.876186900718990850e-14
0
0
0
DERIV 23
-1.3326225070621664698e-14
0
0
0
DERIV 24
3.648847340779362038e-15
0
0
0
DERIV 25
-1.0008266991857525027e-15
0
0
0
DERIV 26
2.749523898862171430e-16
0
0
0
DERIV 27
-7.564827658245207590e-17
0
0
0
DERIV 28
2.0841872119655190747e-17
0
0
0
DERIV 29
-5.749481964042812091e-18
0
0
0
DERIV 30
1.5879521614975386123e-18
0
0
0
DERIV 31
-4.390651137781213214e-19
0
0
0
DERIV 32
1.2152695113501571946e-19
0
0
0
DERIV 33
-3.366980464346755494e-20
0
0
0
DERIV 34
9.337004649028818300e-21
0
0
0
DERIV 35
-2.5914951678937128526e-21
0
0
0
AT 57/16
0.006451971108966341947
0
0
0
DERIV 1
-0.007962895845533501937
0
0
0
DERIV 2
0.005099047339683734047
0
0
0
DERIV 3
-0.002281356996886457940
0
0
0
DERIV 4
0.0008120730104522730147
0
0
0
DERIV 5
-0.0002487177203582018785
0
0
0
DERIV 6
6.923916127276188786e-5
0
0
0
DERIV 7
-1.8238985973157584584e-5
0
0
0
DERIV 8
4.677243397261993710e-6
0
0
0
DERIV 9
-1.1889750972110382045e-6
0
0
0
DERIV 10
3.025670167651526187e-7
0
0
0
DERIV 11
-7.740957135278973395e-8
0
0
0
DERIV 12
1.9934876222059500476e-8
0
0
0
DERIV 13
-5.166590822472198806e-9
0
0
0
DERIV 14
1.3467716549818104259e-9
0
0
0
DERIV 15
-3.528445112468024345e-10
0
0
0
DERIV 16
9.285419933396046742e-11
0
0
0
DERIV 17
-2.4531162768655923589e-11
0
0
0
DERIV 18
6.503389424125599300e-12
0
0
0
DERIV 19
-1.7294332641195013967e-12
0
0
0
DERIV 20
4.611822070382034836e-13
0
0
0
DERIV 21
-1.2329014740082396478e-13
0
0
0
DERIV 22
3.303468065036740140e-14
0
0
0
DERIV 23
-8.869723561657617880e-15
0
0
0
DERIV 24
2.3860075078271642316e-15
0
0
0
DERIV 25
-6.429662336886754925e-16
0
0
0
DERIV 26
1.7354014404554620022e-16
0
0
0
DERIV 27
-4.690883685701646800e-17
0
0
0
DERIV 28
1.2697128773327792024e-17
0
0
0
DERIV 29
-3.4412061043259841866e-18
0
0
0
DERIV 30
9.337541709983958454e-19
0
0
0
DERIV 31
-2.536513877075438451e-19
0
0
0
DERIV 32
6.897537735906894097e-20
0
0
0
DERIV 33
-1.8774797027029927851e-20
0
0
0
DERIV 34
5.115114979500414495e-21
0
0
0
DERIV 35
-1.3947982700993610944e-21
0
0
0
AT 29/8
0.005973663458483239805
0
0
0
DERIV 1
-0.007351475127270478555
0
0
0
DERIV 2
0.004689734132913926483
0
0
0
DERIV 3
-0.002087725695080974459
0
0
0
DERIV 4
0.0007382547108944025179
0
0
0
DERIV 5
-0.00022418747030394974235
0
0
0
DERIV 6
6.174773161636985309e-5
0
0
0
DERIV 7
-1.6059074872417801986e-5
0
0
0
DERIV 8
4.058656669644605667e-6
0
0
0
DERIV 9
-1.0154848512261445150e-6
0
0
0
DERIV 10
2.541462463246400649e-7
0
0
0
DERIV 11
-6.391990570707689146e-8
0
0
0
DERIV 12
1.6179001812705523389e-8
0
0
0
DERIV 13
-4.121032497090080096e-9
0
0
0
DERIV 14
1.0557182670422541061e-9
0
0
0
DERIV 15
-2.718227388249657479e-10
0
0
0
DERIV 16
7.029933554095775740e-11
0
0
0
DERIV 17
-1.8252180808809583728e-11
0
0
0
DERIV 18
4.755358600345761541e-12
0
0
0
DERIV 19
-1.2427798035368621016e-12
0
0
0
DERIV 20
3.256940205003157373e-13
0
0
0
DERIV 21
-8.556821571047540177e-14
0
0
0
DERIV 22
2.2532069347229900178e-14
0
0
0
DERIV 23
-5.945493561172617725e-15
0
0
0
DERIV 24
1.5717971483678279942e-15
0
0
0
DERIV 25
-4.162552448096090631e-16
0
0
0
DERIV 26
1.1041253177975537844e-16
0
0
0
DERIV 27
-2.933053206920772192e-17
0
0
0
DERIV 28
7.802210501168582118e-18
0
0
0
DERIV 29
-2.0781155199307524656e-18
0
0
0
DERIV 30
5.541641386482007666e-19
0
0
0
DERIV 31
-1.4794148306514814690e-19
0
0
0
DERIV 32
3.953608599154820731e-20
0
0
0
DERIV 33
-1.0576006284050513694e-20
0
0
0
DERIV 34
2.8317095932954720027e-21
0
0
0
DERIV 35
-7.588423737698211440e-22
0
0
0
AT 59/16
0.005532016893022136984
0
0
0
DERIV 1
-0.006789019701684107823
0
0
0
DERIV 2
0.004315054895138203603
0
0
0
DERIV 3
-0.0019116262025090603391
0
0
0
DERIV 4
0.0006716811502273811350
0
0
0
DERIV 5
-0.00020229582050121749275
0
0
0
DERIV 6
5.514576363491172827e-5
0
0
0
DERIV 7
-1.4165413454548227498e-5
0
0
0
DERIV 8
3.529663013360382278e-6
0
0
0
DERIV 9
-8.695502733233828180e-7
0
0
0
DERIV 10
2.1410009108318107458e-7
0
0
0
DERIV 11
-5.295284439346678305e-8
0
0
0
DERIV 12
1.3177592216718370353e-8
0
0
0
DERIV 13
-3.299783479303083114e-9
0
0
0
DERIV 14
8.310160878237171166e-10
0
0
0
DERIV 15
-2.1034146701069618956e-10
0
0
0
DERIV 16
5.347696863491947528e-11
0
0
0
DERIV 17
-1.3649175588074966948e-11
0
0
0
DERIV 18
3.4958351093141940258e-12
0
0
0
DERIV 19
-8.981271846971981792e-13
0
0
0
DERIV 20
2.313819215599503795e-13
0
0
0
DERIV 21
-5.975965703294897288e-14
0
0
0
DERIV 22
1.5469371934445947883e-14
0
0
0
DERIV 23
-4.012688961887499126e-15
0
0
0
DERIV 24
1.0428457189195577202e-15
0
0
0
DERIV 25
-2.714933939428852479e-16
0
0
0
DERIV 26
7.079358381823985370e-17
0
0
0
DERIV 27
-1.8487213351154282467e-17
0
0
0
DERIV 28
4.834428672941093611e-18
0
0
0
DERIV 29
-1.2658235216116956863e-18
0
0
0
DERIV 30
3.318317028405801018e-19
0
0
0
DERIV 31
-8.708541135236657601e-20
0
0
0
DERIV 32
2.2878370779011556726e-20
0
0
0
DERIV 33
-6.016294729765750811e-21
0
0
0
DERIV 34
1.5835511551925804593e-21
0
0
0
DERIV 35
-4.171679556536386370e-22
0
0
0
AT 15/4
0.005124102198586809494
0
0
0
DERIV 1
-0.006271398894935761859
0
0
0
DERIV 2
0.003971885966792649061
0
0
0
DERIV 3
-0.0017513462099190981423
0
0
0
DERIV 4
0.0006115775292728096914
0
0
0
DERIV 5
-0.00018273153036933075183
0
0
0
DERIV 6
4.931728299170650705e-5
0
0
0
DERIV 7
-1.2516847004242392027e-5
0
0
0
DERIV 8
3.076138281519052393e-6
0
0
0
DERIV 9
-7.464409979003487173e-7
0
0
0
DERIV 10
1.8087406890937067190e-7
0
0
0
DERIV 11
-4.400537089438867481e-8
0
0
0
DERIV 12
1.0769961087920920403e-8
0
0
0
DERIV 13
-2.652074471416715732e-9
0
0
0
DERIV 14
6.567760924482619163e-10
0
0
0
DERIV 15
-1.6346906773965178818e-10
0
0
0
DERIV 16
4.086756667500155279e-11
0
0
0
DERIV 17
-1.0256975542358543506e-11
0
0
0
DERIV 18
2.5832392642849250864e-12
0
0
0
DERIV 19
-6.526078656900217910e-13
0
0
0
DERIV 20
1.6532732855254964637e-13
0
0
0
DERIV 21
-4.198789308847661358e-14
0
0
0
DERIV 22
1.0687827337191762118e-14
0
0
0
DERIV 23
-2.7261704514683133108e-15
0
0
0
DERIV 24
6.966880042742323387e-16
0
0
0
DERIV 25
-1.7835212909460778788e-16
0
0
0
DERIV 26
4.573131515247908754e-17
0
0
0
DERIV 27
-1.1743350063847058248e-17
0
0
0
DERIV 28
3.0197185878464068105e-18
0
0
0
DERIV 29
-7.774907628478112449e-19
0
0
0
DERIV 30
2.0041984108965802927e-19
0
0
0
DERIV 31
-5.172124931346013853e-20
0
0
0
DERIV 32
1.3361322739310534683e-20
0
0
0
DERIV 33
-3.455049112387370468e-21
0
0
0
DERIV 34
8.942480055590841631e-22
0
0
0
DERIV 35
-2.316528166781627554e-22
0
0
0
AT 61/16
0.004747236533012590826
0
0
0
DERIV 1
-0.005794853158049165752
0
0
0
DERIV 2
0.003657407321063817565
0
0
0
DERIV 3
-0.0016053554950521404902
0
0
0
DERIV 4
0.0005572598532896281360
0
0
0
DERIV 5
-0.00016522365810025518569
0
0
0
DERIV 6
4.416286795089820080e-5
0
0
0
DERIV 7
-1.1078660796926498189e-5
0
0
0
DERIV 8
2.686365018088923392e-6
0
0
0
DERIV 9
-6.422982463785710701e-7
0
0
0
DERIV 10
1.5322141024646292137e-7
0
0
0
DERIV 11
-3.668082998005496956e-8
0
0
0
DERIV 12
8.831532304839695535e-9
0
0
0
DERIV 13
-2.139208280895716960e-9
0
0
0
DERIV 14
5.210914389986579680e-10
0
0
0
DERIV 15
-1.2757217167668510201e-10
0
0
0
DERIV 16
3.137048311369766666e-11
0
0
0
DERIV 17
-7.744320705778094336e-12
0
0
0
DERIV 18
1.9184482930624232752e-12
0
0
0
DERIV 19
-4.767154129540073382e-13
0
0
0
DERIV 20
1.1878810528188365298e-13
0
0
0
DERIV 21
-2.967384374355718871e-14
0
0
0
DERIV 22
7.429516769563321182e-15
0
0
0
DERIV 23
-1.8639985054887941809e-15
0
0
0
DERIV 24
4.685460724272880361e-16
0
0
0
DERIV 25
-1.1798143725419563438e-16
0
0
0
DERIV 26
2.975572188001326211e-17
0
0
0
DERIV 27
-7.515713601752516115e-18
0
0
0
DERIV 28
1.9009299039561590042e-18
0
0
0
DERIV 29
-4.814113041110007994e-19
0
0
0
DERIV 30
1.2206275688934667422e-19
0
0
0
DERIV 31
-3.098367176461470196e-20
0
0
0
DERIV 32
7.872900202484063440e-21
0
0
0
DERIV 33
-2.0024465492656934440e-21
0
0
0
DERIV 34
5.097838852518254678e-22
0
0
0
DERIV 35
-1.2989341151147216717e-22
0
0
0
AT 31/8
0.004398961373621165967
0
0
0
DERIV 1
-0.005355958160954772153
0
0
0
DERIV 2
0.003369070456084453675
0
0
0
DERIV 3
-0.0014722847181951636327
0
0
0
DERIV 4
0.0005081232559270181578
0
0
0
DERIV 5
-0.00014953585041439459535
0
0
0
DERIV 6
3.959707818004892202e-5
0
0
0
DERIV 7
-9.821490814721510113e-6
0
0
0
DERIV 8
2.350592254333554855e-6
0
0
0
DERIV 9
-5.539635428624987129e-7
0
0
0
DERIV 10
1.3013845876565906522e-7
0
0
0
DERIV 11
-3.066519476357233516e-8
0
0
0
DERIV 12
7.265313598304853723e-9
0
0
0
DERIV 13
-1.7315551663817682325e-9
0
0
0
DERIV 14
4.149963154134592891e-10
0
0
0
DERIV 15
-9.996019756590500531e-11
0
0
0
DERIV 16
2.4184174752750994558e-11
0
0
0
DERIV 17
-5.873970216210855399e-12
0
0
0
DERIV 18
1.4316494914052803931e-12
0
0
0
DERIV 19
-3.500128229128425758e-13
0
0
0
DERIV 20
8.580959749623033265e-14
0
0
0
DERIV 21
-2.1089916540157280697e-14
0
0
0
DERIV 22
5.195170061578021141e-15
0
0
0
DERIV 23
-1.2823982201759457785e-15
0
0
0
DERIV 24
3.171522480091351432e-16
0
0
0
DERIV 25
-7.857191176518909635e-17
0
0
0
DERIV 26
1.9496752299067647454e-17
0
0
0
DERIV 27
-4.845071061178592985e-18
0
0
0
DERIV 28
1.2056858861919254072e-18
0
0
0
DERIV 29
-3.004156156918707861e-19
0
0
0
DERIV 30
7.494239015109037063e-20
0
0
0
DERIV 31
-1.8716101598607377191e-20
0
0
0
DERIV 32
4.679025399651844298e-21
0
0
0
DERIV 33
-1.1708998067554958140e-21
0
0
0
DERIV 34
2.932804070051716303e-22
0
0
0
DERIV 35
-7.352283014323195866e-23
0
0
0
AT 63/16
0.004077022588580495564
0
0
0
DERIV 1
-0.004951592662501078622
0
0
0
DERIV 2
0.003104570002679247522
0
0
0
DERIV 3
-0.0013509069256852903815
0
0
0
DERIV 4
0.0004636319658299811980
0
0
0
DERIV 5
-0.00013546151286407658856
0
0
0
DERIV 6
3.554631528290791664e-5
0
0
0
DERIV 7
-8.720432256526087597e-6
0
0
0
DERIV 8
2.060681192484494782e-6
0
0
0
DERIV 9
-4.788431325805524091e-7
0
0
0
DERIV 10
1.1081438507223173629e-7
0
0
0
DERIV 11
-2.5708898646389208139e-8
0
0
0
DERIV 12
5.995477745286213017e-9
0
0
0
DERIV 13
-1.4063284227524737166e-9
0
0
0
DERIV 14
3.317079457755112736e-10
0
0
0
DERIV 15
-7.863085519225167652e-11
0
0
0
DERIV 16
1.8721868848880248489e-11
0
0
0
DERIV 17
-4.475082478906651417e-12
0
0
0
DERIV 18
1.0733891634018070608e-12
0
0
0
DERIV 19
-2.582590875387546845e-13
0
0
0
DERIV 20
6.231013109223124106e-14
0
0
0
DERIV 21
-1.5071233618847689869e-14
0
0
0
DERIV 22
3.653632396853253306e-15
0
0
0
DERIV 23
-8.875628736852180968e-16
0
0
0
DERIV 24
2.1602059360332474931e-16
0
0
0
DERIV 25
-5.266787805979649935e-17
0
0
0
DERIV 26
1.2861508683723266003e-17
0
0
0
DERIV 27
-3.1454365740327175293e-18
0
0
0
DERIV 28
7.703109977223144347e-19
0
0
0
DERIV 29
-1.8888852051428454758e-19
0
0
0
DERIV 30
4.637263149133759967e-20
0
0
0
DERIV 31
-1.1397267340420916998e-20
0
0
0
DERIV 32
2.8040895837543525230e-21
0
0
0
DERIV 33
-6.905694405397923926e-22
0
0
0
DERIV 34
1.7022439990896843213e-22
0
0
0
DERIV 35
-4.199640523831239345e-23
0
0
0
AT 4
0.003779352409848906694
0
0
0
DERIV 1
-0.004578909722183544667
0
0
0
DERIV 2
0.002861818576364715851
0
0
0
DERIV 3
-0.0012401213830913768253
0
0
0
DERIV 4
0.0004233106644206142142
0
0
0
DERIV 5
-0.00012281971390231904658
0
0
0
DERIV 6
3.194703723268250403e-5
0
0
0
DERIV 7
-7.754307526484255521e-6
0
0
0
DERIV 8
1.8098190006392529212e-6
0
0
0
DERIV 9
-4.148002478332586873e-7
0
0
0
DERIV 10
9.459188053160344203e-8
0
0
0
DERIV 11
-2.1612866008920805423e-8
0
0
0
DERIV 12
4.962507738931625849e-9
0
0
0
DERIV 13
-1.1459294227191398455e-9
0
0
0
DERIV 14
2.660718537826241625e-10
0
0
0
DERIV 15
-6.208693411651485462e-11
0
0
0
DERIV 16
1.4551844031510410457e-11
0
0
0
DERIV 17
-3.4239761749408169340e-12
0
0
0
DERIV 18
8.084395342726348545e-13
0
0
0
DERIV 19
-1.9147255891664437857e-13
0
0
0
DERIV 20
4.547473462478037444e-14
0
0
0
DERIV 21
-1.0827317857427581169e-14
0
0
0
DERIV 22
2.5837917655053421280e-15
0
0
0
DERIV 23
-6.178632484501366667e-16
0
0
0
DERIV 24
1.4802973661522522891e-16
0
0
0
DERIV 25
-3.552713678794925359e-17
0
0
0
DERIV 26
8.540177112499155442e-18
0
0
0
DERIV 27
-2.0559685641205877309e-18
0
0
0
DERIV 28
4.956352788505137815e-19
0
0
0
DERIV 29
-1.1963610179150386366e-19
0
0
0
DERIV 30
2.891205793294678451e-20
0
0
0
DERIV 31
-6.994852725712931638e-21
0
0
0
DERIV 32
1.6940658945086006781e-21
0
0
0
DERIV 33
-4.106826410929941152e-22
0
0
0
DERIV 34
9.965093497109415615e-23
0
0
0
DERIV 35
-2.4200941350122866075e-23
0
0
0
AT 33/8
0.003249382215200880431
0
0
0
DERIV 1
-0.003918422930464454147
0
0
0
DERIV 2
0.002434171820440039855
0
0
0
DERIV 3
-0.0010464719947444862079
0
0
0
DERIV 4
0.0003535352575107740254
0
0
0
DERIV 5
-0.00010121793799838420941
0
0
0
DERIV 6
2.5890322352591377952e-5
0
0
0
DERIV 7
-6.157272109252555418e-6
0
0
0
DERIV 8
1.4032711315692401988e-6
0
0
0
DERIV 9
-3.131865151429239702e-7
0
0
0
DERIV 10
6.941141561940463024e-8
0
0
0
DERIV 11
-1.5395446435161627947e-8
0
0
0
DERIV 12
3.429390715254306199e-9
0
0
0
DERIV 13
-7.680453653689670978e-10
0
0
0
DERIV 14
1.7293827623338610117e-10
0
0
0
DERIV 15
-3.913246504406944250e-11
0
0
0
DERIV 16
8.893929335606076153e-12
0
0
0
DERIV 17
-2.0292854459929722506e-12
0
0
0
DERIV 18
4.646181552168975998e-13
0
0
0
DERIV 19
-1.0670659417561504241e-13
0
0
0
DERIV 20
2.4574853602556111180e-14
0
0
0
DERIV 21
-5.673847950301089337e-15
0
0
0
DERIV 22
1.3129565539690358775e-15
0
0
0
DERIV 23
-3.044536938255506116e-16
0
0
0
DERIV 24
7.073166624861510618e-17
0
0
0
DERIV 25
-1.6461187781748496857e-17
0
0
0
DERIV 26
3.837106709042000102e-18
0
0
0
DERIV 27
-8.957555504837896122e-19
0
0
0
DERIV 28
2.0939740141180783955e-19
0
0
0
DERIV 29
-4.901255790621251949e-20
0
0
0
DERIV 30
1.1485771145698302807e-20
0
0
0
DERIV 31
-2.6946090664394847270e-21
0
0
0
DERIV 32
6.328248565123032940e-22
0
0
0
DERIV 33
-1.4876323532336974124e-22
0
0
0
DERIV 34
3.500311419373405261e-23
0
0
0
DERIV 35
-8.243157628307933182e-24
0
0
0
AT 17/4
0.002795652712273958597
0
0
0
DERIV 1
-0.003356290331529236410
0
0
0
DERIV 2
0.002073002851826881605
0
0
0
DERIV 3
-0.0008845586398551678973
0
0
0
DERIV 4
0.0002959440139842380003
0
0
0
DERIV 5
-8.367619461075706446e-5
0
0
0
DERIV 6
2.1068611331847546134e-5
0
0
0
DERIV 7
-4.915062318514503547e-6
0
0
0
DERIV 8
1.0951659226551759176e-6
0
0
0
DERIV 9
-2.3830334702812324210e-7
0
0
0
DERIV 10
5.138914183493408719e-8
0
0
0
DERIV 11
-1.1076411953422457315e-8
0
0
0
DERIV 12
2.396036874932756178e-9
0
0
0
DERIV 13
-5.209451872160489150e-10
0
0
0
DERIV 14
1.1385845602327847360e-10
0
0
0
DERIV 15
-2.5006776560379845046e-11
0
0
0
DERIV 16
5.516361124984099772e-12
0
0
0
DERIV 17
-1.2216257405615490076e-12
0
0
0
DERIV 18
2.714729110173886811e-13
0
0
0
DERIV 19
-6.051411301886332733e-14
0
0
0
DERIV 20
1.3526685466111378539e-14
0
0
0
DERIV 21
-3.0311900861095883210e-15
0
0
0
DERIV 22
6.808020544117044788e-16
0
0
0
DERIV 23
-1.5322399191558146920e-16
0
0
0
DERIV 24
3.455050798637390731e-17
0
0
0
DERIV 25
-7.804350039491425776e-18
0
0
0
DERIV 26
1.7656900541919027110e-18
0
0
0
DERIV 27
-4.000692061788657241e-19
0
0
0
DERIV 28
9.077200476328306390e-20
0
0
0
DERIV 29
-2.0621631913768540352e-20
0
0
0
DERIV 30
4.690410396072857636e-21
0
0
0
DERIV 31
-1.0680251376256983790e-21
0
0
0
DERIV 32
2.434469063705636398e-22
0
0
0
DERIV 33
-5.554581820932646133e-23
0
0
0
DERIV 34
1.2685204158531302129e-23
0
0
0
DERIV 35
-2.8994752362357262324e-24
0
0
0
AT 35/8
0.002406849213251102508
0
0
0
DERIV 1
-0.002877289655413485525
0
0
0
DERIV 2
0.0017674779311825695744
0
0
0
DERIV 3
-0.0007488782463681628717
0
0
0
DERIV 4
0.0002482661969243897971
0
0
0
DERIV 5
-6.937466123271508387e-5
0
0
0
DERIV 6
1.7210456819702555351e-5
0
0
0
DERIV 7
-3.942735406056645611e-6
0
0
0
DERIV 8
8.599084317920206999e-7
0
0
0
DERIV 9
-1.8264059334924931969e-7
0
0
0
DERIV 10
3.836468309861516366e-8
0
0
0
DERIV 11
-8.043964374613373044e-9
0
0
0
DERIV 12
1.6914089071347792840e-9
0
0
0
DERIV 13
-3.573307577014461992e-10
0
0
0
DERIV 14
7.587463486366946715e-11
0
0
0
DERIV 15
-1.6188789081426034175e-11
0
0
0
DERIV 16
3.4691637511410179819e-12
0
0
0
DERIV 17
-7.463155854206565315e-13
0
0
0
DERIV 18
1.6110984562761890095e-13
0
0
0
DERIV 19
-3.488696766875345008e-14
0
0
0
DERIV 20
7.575457019301043977e-15
0
0
0
DERIV 21
-1.6490791353485405647e-15
0
0
0
DERIV 22
3.597990866359097844e-16
0
0
0
DERIV 23
-7.866414824536072166e-17
0
0
0
DERIV 24
1.7231194382192641801e-17
0
0
0
DERIV 25
-3.781016367478054542e-18
0
0
0
DERIV 26
8.309926082440695447e-19
0
0
0
DERIV 27
-1.8290630953969967085e-19
0
0
0
DERIV 28
4.031404373529017885e-20
0
0
0
DERIV 29
-8.896892410547123579e-21
0
0
0
DERIV 30
1.9657895611875655467e-21
0
0
0
DERIV 31
-4.348290273594618878e-22
0
0
0
DERIV 32
9.628357034388086002e-23
0
0
0
DERIV 33
-2.1340774032929438821e-23
0
0
0
DERIV 34
4.734423819070060194e-24
0
0
0
DERIV 35
-1.0512353296220867813e-24
0
0
0
AT 9/2
0.002073400754714614571
0
0
0
DERIV 1
-0.002468665897387179418
0
0
0
DERIV 2
0.0015086291595143872055
0
0
0
DERIV 3
-0.0006349449324555501897
0
0
0
DERIV 4
0.00020868523446705748931
0
0
0
DERIV 5
-5.767181305014782794e-5
0
0
0
DERIV 6
1.4108668014916977041e-5
0
0
0
DERIV 7
-3.177179998354658113e-6
0
0
0
DERIV 8
6.790118324525718396e-7
0
0
0
DERIV 9
-1.4092877548387215894e-7
0
0
0
DERIV 10
2.8866053238691094181e-8
0
0
0
DERIV 11
-5.893371192435068779e-9
0
0
0
DERIV 12
1.2056553130021351376e-9
0
0
0
DERIV 13
-2.477103544980584241e-10
0
0
0
DERIV 14
5.114315249362963458e-11
0
0
0
DERIV 15
-1.0609356494577053523e-11
0
0
0
DERIV 16
2.2104005923638638941e-12
0
0
0
DERIV 17
-4.623129467946826616e-13
0
0
0
DERIV 18
9.702902874047544871e-14
0
0
0
DERIV 19
-2.0427184239365140494e-14
0
0
0
DERIV 20
4.312406576343846663e-15
0
0
0
DERIV 21
-9.126786888151042086e-16
0
0
0
DERIV 22
1.9359851194497903936e-16
0
0
0
DERIV 23
-4.115137461519789012e-17
0
0
0
DERIV 24
8.763718672030244139e-18
0
0
0
DERIV 25
-1.8695933168589390850e-18
0
0
0
DERIV 26
3.994857514717065380e-19
0
0
0
DERIV 27
-8.548666286660012859e-20
0
0
0
DERIV 28
1.8318570614279551911e-20
0
0
0
DERIV 29
-3.930421281225011326e-21
0
0
0
DERIV 30
8.443127196705672526e-22
0
0
0
DERIV 31
-1.8157262788614377704e-22
0
0
0
DERIV 32
3.908855183660041065e-23
0
0
0
DERIV 33
-8.423122281287629841e-24
0
0
0
DERIV 34
1.8167518645914495591e-24
0
0
0
DERIV 35
-3.921877041022811891e-25
0
0
0
AT 37/8
0.0017871989622216860518
0
0
0
DERIV 1
-0.002119709196934449220
0
0
0
DERIV 2
0.0012890123494871650895
0
0
0
DERIV 3
-0.0005390884480638014065
0
0
0
DERIV 4
0.00017574096487360589373
0
0
0
DERIV 5
-4.806268047511350094e-5
0
0
0
DERIV 6
1.1603982979246225249e-5
0
0
0
DERIV 7
-2.571122329736830402e-6
0
0
0
DERIV 8
5.390007015708773870e-7
0
0
0
DERIV 9
-1.0943307672823062965e-7
0
0
0
DERIV 10
2.1879220231188617642e-8
0
0
0
DERIV 11
-4.353687013773483602e-9
0
0
0
DERIV 12
8.673181870277334308e-10
0
0
0
DERIV 13
-1.7344341117189814364e-10
0
0
0
DERIV 14
3.484693001535890829e-11
0
0
0
DERIV 15
-7.033794240689996671e-12
0
0
0
DERIV 16
1.4258704138631468962e-12
0
0
0
DERIV 17
-2.901671883660481116e-13
0
0
0
DERIV 18
5.925369086822688018e-14
0
0
0
DERIV 19
-1.2137331059815127446e-14
0
0
0
DERIV 20
2.4930742781487518324e-15
0
0
0
DERIV 21
-5.133744102197028823e-16
0
0
0
DERIV 22
1.0595442561670883068e-16
0
0
0
DERIV 23
-2.1913018775931389579e-17
0
0
0
DERIV 24
4.540535425456252333e-18
0
0
0
DERIV 25
-9.424678938529814567e-19
0
0
0
DERIV 26
1.9593927107656192571e-19
0
0
0
DERIV 27
-4.079616454866802207e-20
0
0
0
DERIV 28
8.505764037180980977e-21
0
0
0
DERIV 29
-1.7756674224872291041e-21
0
0
0
DERIV 30
3.711304883036450803e-22
0
0
0
DERIV 31
-7.765589990660427835e-23
0
0
0
DERIV 32
1.6265762818275230234e-23
0
0
0
DERIV 33
-3.410348305879163810e-24
0
0
0
DERIV 34
7.156851770684413903e-25
0
0
0
DERIV 35
-1.5032151981669193523e-25
0
0
0
AT 19/4
0.0015413647052638951730
0
0
0
DERIV 1
-0.0018214095164464493698
0
0
0
DERIV 2
0.0011024320757439035317
0
0
0
DERIV 3
-0.0004582955616174122461
0
0
0
DERIV 4
0.00014825452028275484741
0
0
0
DERIV 5
-4.014759500046509016e-5
0
0
0
DERIV 6
9.573173158888797945e-6
0
0
0
DERIV 7
-2.088880670406025240e-6
0
0
0
DERIV 8
4.299676548404615512e-7
0
0
0
DERIV 9
-8.548109971018978314e-8
0
0
0
DERIV 10
1.6698350527280217345e-8
0
0
0
DERIV 11
-3.241486708865308963e-9
0
0
0
DERIV 12
6.293525790081541130e-10
0
0
0
DERIV 13
-1.2259583614456216371e-10
0
0
0
DERIV 14
2.3986996231648205395e-11
0
0
0
DERIV 15
-4.714627208950722363e-12
0
0
0
DERIV 16
9.306055819373477936e-13
0
0
0
DERIV 17
-1.8439755810289371510e-13
0
0
0
DERIV 18
3.666412645170098477e-14
0
0
0
DERIV 19
-7.312527728053160842e-15
0
0
0
DERIV 20
1.4625062942677957268e-15
0
0
0
DERIV 21
-2.932343803656886352e-16
0
0
0
DERIV 22
5.892748475615866898e-17
0
0
0
DERIV 23
-1.1866404323411657893e-17
0
0
0
DERIV 24
2.3940991208169333921e-18
0
0
0
DERIV 25
-4.838600329562160958e-19
0
0
0
DERIV 26
9.794737509686780753e-20
0
0
0
DERIV 27
-1.9856777797582967640e-20
0
0
0
DERIV 28
4.031075191996501019e-21
0
0
0
DERIV 29
-8.193837050884240697e-22
0
0
0
DERIV 30
1.6675177156186158562e-22
0
0
0
DERIV 31
-3.397319624350342872e-23
0
0
0
DERIV 32
6.928743970714521757e-24
0
0
0
DERIV 33
-1.4144804278332680136e-24
0
0
0
DERIV 34
2.890269604860547512e-25
0
0
0
DERIV 35
-5.910927312196006679e-26
0
0
0
AT 39/8
0.0013300539136643853462
0
0
0
DERIV 1
-0.0015661731730994793259
0
0
0
DERIV 2
0.0009437197325086605889
0
0
0
DERIV 3
-0.0003900845520989608016
0
0
0
DERIV 4
0.00012527022356103638076
0
0
0
DERIV 5
-3.360860800122983486e-5
0
0
0
DERIV 6
7.920301714985146196e-6
0
0
0
DERIV 7
-1.7033291667723155212e-6
0
0
0
DERIV 8
3.445693285642412224e-7
0
0
0
DERIV 9
-6.714340932965993816e-8
0
0
0
DERIV 10
1.2827301678694824993e-8
0
0
0
DERIV 11
-2.431273549163479604e-9
0
0
0
DERIV 12
4.604322093795250010e-10
0
0
0
DERIV 13
-8.743394261480018373e-11
0
0
0
DERIV 14
1.6672049481611600040e-11
0
0
0
DERIV 15
-3.1931114251755439697e-12
0
0
0
DERIV 16
6.141347443486296010e-13
0
0
0
DERIV 17
-1.1857038705490883965e-13
0
0
0
DERIV 18
2.2971145819652188969e-14
0
0
0
DERIV 19
-4.464041212360676945e-15
0
0
0
DERIV 20
8.699163671813076949e-16
0
0
0
DERIV 21
-1.6994706209418694215e-16
0
0
0
DERIV 22
3.327634921602960034e-17
0
0
0
DERIV 23
-6.529138814229077380e-18
0
0
0
DERIV 24
1.2835059232701470419e-18
0
0
0
DERIV 25
-2.527519357603224372e-19
0
0
0
DERIV 26
4.985245281657035404e-20
0
0
0
DERIV 27
-9.847398087367605385e-21
0
0
0
DERIV 28
1.9478369843196082649e-21
0
0
0
DERIV 29
-3.857785008733798570e-22
0
0
0
DERIV 30
7.649624974583849372e-23
0
0
0
DERIV 31
-1.5185359751035127467e-23
0
0
0
DERIV 32
3.0176035402698066414e-24
0
0
0
DERIV 33
-6.002381556403035927e-25
0
0
0
DERIV 34
1.1950442917725502889e-25
0
0
0
DERIV 35
-2.3813336803086713623e-26
0
0
0
AT 5
0.0011482955912753257076
0
0
0
DERIV 1
-0.0013475893998170934435
0
0
0
DERIV 2
0.0008085536398902560661
0
0
0
DERIV 3
-0.0003324053852882163972
0
0
0
DERIV 4
0.00010601036611894468730
0
0
0
DERIV 5
-2.8191570244173595647e-5
0
0
0
DERIV 6
6.570246984886006176e-6
0
0
0
DERIV 7
-1.3937069037219450733e-6
0
0
0
DERIV 8
2.773210642975976602e-7
0
0
0
DERIV 9
-5.301511766915705684e-8
0
0
0
DERIV 10
9.914080693184463095e-9
0
0
0
DERIV 11
-1.8363200817368289275e-9
0
0
0
DERIV 12
3.394720112936928249e-10
0
0
0
DERIV 13
-6.288816590360027117e-11
0
0
0
DERIV 14
1.1694688665844122143e-11
0
0
0
DERIV 15
-2.1840390746359358432e-12
0
0
0
DERIV 16
4.095717342241359001e-13
0
0
0
DERIV 17
-7.709964454394898584e-14
0
0
0
DERIV 18
1.4563476674412254003e-14
0
0
0
DERIV 19
-2.7594066584558712549e-15
0
0
0
DERIV 20
5.242878190086614599e-16
0
0
0
DERIV 21
-9.986437285412817633e-17
0
0
0
DERIV 22
1.9065017834710284533e-17
0
0
0
DERIV 23
-3.647220855289018901e-18
0
0
0
DERIV 24
6.990506661023557544e-19
0
0
0
DERIV 25
-1.3421772797853072519e-19
0
0
0
DERIV 26
2.5811101537674307488e-20
0
0
0
DERIV 27
-4.971026962935106578e-21
0
0
0
DERIV 28
9.586980571419047096e-22
0
0
0
DERIV 29
-1.8512790068962368621e-22
0
0
0
DERIV 30
3.579139413333232343e-23
0
0
0
DERIV 31
-6.927366606451581865e-24
0
0
0
DERIV 32
1.3421772799999989731e-24
0
0
0
DERIV 33
-2.603010482424242125e-25
0
0
0
DERIV 34
5.052902701176470493e-26
0
0
0
DERIV 35
-9.817068105142857589e-27
0
0
0
AT 41/8
0.0009918563831670024113
0
0
0
DERIV 1
-0.0011602375329701646901
0
0
0
DERIV 2
0.0006933126721407081817
0
0
0
DERIV 3
-0.0002835599364239000785
0
0
0
DERIV 4
8.983980660245768240e-5
0
0
0
DERIV 5
-2.3692420797248834880e-5
0
0
0
DERIV 6
5.463867163908236903e-6
0
0
0
DERIV 7
-1.1440233644814431742e-6
0
0
0
DERIV 8
2.2409679469307689261e-7
0
0
0
DERIV 9
-4.206504035610561392e-8
0
0
0
DERIV 10
7.706761837886853281e-9
0
0
0
DERIV 11
-1.3961194940584230566e-9
0
0
0
DERIV 12
2.521346295339900531e-10
0
0
0
DERIV 13
-4.559893925527492061e-11
0
0
0
DERIV 14
8.275137504815088208e-12
0
0
0
DERIV 15
-1.5079041640842423670e-12
0
0
0
DERIV 16
2.758915808662759451e-13
0
0
0
DERIV 17
-5.066914768402986971e-14
0
0
0
DERIV 18
9.337585129153718331e-15
0
0
0
DERIV 19
-1.7260843242799757344e-15
0
0
0
DERIV 20
3.199575711512539122e-16
0
0
0
DERIV 21
-5.945787565258329484e-17
0
0
0
DERIV 22
1.1074195167088346485e-17
0
0
0
DERIV 23
-2.0668699806249769762e-18
0
0
0
DERIV 24
3.864878844258884247e-19
0
0
0
DERIV 25
-7.239577940140537261e-20
0
0
0
DERIV 26
1.3582697826780367260e-20
0
0
0
DERIV 27
-2.5521238916786543815e-21
0
0
0
DERIV 28
4.801905580199982427e-22
0
0
0
DERIV 29
-9.046483178859178620e-23
0
0
0
DERIV 30
1.7063285345494856505e-23
0
0
0
DERIV 31
-3.2220208362855587462e-24
0
0
0
DERIV 32
6.090405239320307945e-25
0
0
0
DERIV 33
-1.1523604887405769093e-25
0
0
0
DERIV 34
2.1823756745158705599e-26
0
0
0
DERIV 35
-4.136628456225203906e-27
0
0
0
AT 21/4
0.0008571271048688705943
0
0
0
DERIV 1
-0.0009995273141297875575
0
0
0
DERIV 2
0.0005949567346010640068
0
0
0
DERIV 3
-0.00024213794722494096957
0
0
0
DERIV 4
7.623810673992318569e-5
0
0
0
DERIV 5
-1.9946629597165094617e-5
0
0
0
DERIV 6
4.554364062825513484e-6
0
0
0
DERIV 7
-9.418885544439759402e-7
0
0
0
DERIV 8
1.8177128968237364301e-7
0
0
0
DERIV 9
-3.353052070165020087e-8
0
0
0
DERIV 10
6.023532195825712097e-9
0
0
0
DERIV 11
-1.0680761446728473674e-9
0
0
0
DERIV 12
1.8857617446178113599e-10
0
0
0
DERIV 13
-3.331676498435576689e-11
0
0
0
DERIV 14
5.904226477233943174e-12
0
0
0
DERIV 15
-1.0504046175219252614e-12
0
0
0
DERIV 16
1.8762002531032508320e-13
0
0
0
DERIV 17
-3.363777264893673326e-14
0
0
0
DERIV 18
6.051395642387249763e-15
0
0
0
DERIV 19
-1.0919893853005512056e-15
0
0
0
DERIV 20
1.9759849008233506131e-16
0
0
0
DERIV 21
-3.584555064438491262e-17
0
0
0
DERIV 22
6.517373733692221120e-18
0
0
0
DERIV 23
-1.1874304497709027923e-18
0
0
0
DERIV 24
2.1675317895010880006e-19
0
0
0
DERIV 25
-3.963486707245892133e-20
0
0
0
DERIV 26
7.259133165932439720e-21
0
0
0
DERIV 27
-1.3314812157125584082e-21
0
0
0
DERIV 28
2.445577743178298551e-22
0
0
0
DERIV 29
-4.497614240339210091e-23
0
0
0
DERIV 30
8.281321458406124226e-24
0
0
0
DERIV 31
-1.5265108679090844788e-24
0
0
0
DERIV 32
2.816776006260848440e-25
0
0
0
DERIV 33
-5.202703157307206704e-26
0
0
0
DERIV 34
9.618442811828451961e-27
0
0
0
DERIV 35
-1.7797390781070334553e-27
0
0
0
AT 43/8
0.0007410274849337990678
0
0
0
DERIV 1
-0.0008615662760061852709
0
0
0
DERIV 2
0.0005109288380966913422
0
0
0
DERIV 3
-0.00020696539801302361612
0
0
0
DERIV 4
6.477748757959435474e-5
0
0
0
DERIV 5
-1.6821019443681091448e-5
0
0
0
DERIV 6
3.804529819054754771e-6
0
0
0
DERIV 7
-7.776481193004719525e-7
0
0
0
DERIV 8
1.4796209109659420556e-7
0
0
0
DERIV 9
-2.6843428713778493272e-8
0
0
0
DERIV 10
4.732138214103025783e-9
0
0
0
DERIV 11
-8.219456947050043283e-10
0
0
0
DERIV 12
1.4197545612080148036e-10
0
0
0
DERIV 13
-2.4520548550306571928e-11
0
0
0
DERIV 14
4.245990862770114313e-12
0
0
0
DERIV 15
-7.379471896987004862e-13
0
0
0
DERIV 16
1.2875289749835946535e-13
0
0
0
DERIV 17
-2.2547389260573482033e-14
0
0
0
DERIV 18
3.961949737052371200e-15
0
0
0
DERIV 19
-6.983189089813876697e-16
0
0
0
DERIV 20
1.2342416129990820423e-16
0
0
0
DERIV 21
-2.1869192730479311034e-17
0
0
0
DERIV 22
3.883747467067779997e-18
0
0
0
DERIV 23
-6.911421508232392137e-19
0
0
0
DERIV 24
1.2322689649663812638e-19
0
0
0
DERIV 25
-2.2008896918200119208e-20
0
0
0
DERIV 26
3.937190864068379327e-21
0
0
0
DERIV 27
-7.053709731421923986e-22
0
0
0
DERIV 28
1.2654495863963111221e-22
0
0
0
DERIV 29
-2.2731411977064057976e-23
0
0
0
DERIV 30
4.088129905955853810e-24
0
0
0
DERIV 31
-7.360473949208887101e-25
0
0
0
DERIV 32
1.3265970489853554689e-25
0
0
0
DERIV 33
-2.3932970016931104540e-26
0
0
0
DERIV 34
4.321685420293991994e-27
0
0
0
DERIV 35
-7.810620826046285013e-28
0
0
0
AT 11/2
0.0006409260498657626650
0
0
0
DERIV 1
-0.0007430493524480121480
0
0
0
DERIV 2
0.0004390746173556435666
0
0
0
DERIV 3
-0.00017706272448141335786
0
0
0
DERIV 4
5.510530666007202569e-5
0
0
0
DERIV 5
-1.4207395269440880871e-5
0
0
0
DERIV 6
3.184648636396110088e-6
0
0
0
DERIV 7
-6.437393054724120190e-7
0
0
0
DERIV 8
1.2084187470928374827e-7
0
0
0
DERIV 9
-2.1577644773474143165e-8
0
0
0
DERIV 10
3.735651808614355032e-9
0
0
0
DERIV 11
-6.360780617751367099e-10
0
0
0
DERIV 12
1.0756425637196111317e-10
0
0
0
DERIV 13
-1.8172068949400149394e-11
0
0
0
DERIV 14
3.0765349708963065571e-12
0
0
0
DERIV 15
-5.226468837337573291e-13
0
0
0
DERIV 16
8.912305087544098621e-14
0
0
0
DERIV 17
-1.5253092409856507659e-14
0
0
0
DERIV 18
2.6193339469774561547e-15
0
0
0
DERIV 19
-4.511832475299858592e-16
0
0
0
DERIV 20
7.793195726297330208e-17
0
0
0
DERIV 21
-1.3494725758028852638e-17
0
0
0
DERIV 22
2.3420605033780365058e-18
0
0
0
DERIV 23
-4.073148988951154242e-19
0
0
0
DERIV 24
7.097153661114339861e-20
0
0
0
DERIV 25
-1.2387759165485414864e-20
0
0
0
DERIV 26
2.1656921636406118161e-21
0
0
0
DERIV 27
-3.791784260255182161e-22
0
0
0
DERIV 28
6.647933443548251305e-23
0
0
0
DERIV 29
-1.1670353380607614823e-23
0
0
0
DERIV 30
2.0511530184126244611e-24
0
0
0
DERIV 31
-3.609066894568571358e-25
0
0
0
DERIV 32
6.356879189297198193e-26
0
0
0
DERIV 33
-1.1207720884711399765e-26
0
0
0
DERIV 34
1.9778330973020140234e-27
0
0
0
DERIV 35
-3.493315600429532153e-28
0
0
0
AT 45/8
0.0005545726277894609622
0
0
0
DERIV 1
-0.0006411667797361299184
0
0
0
DERIV 2
0.0003775759925112765099
0
0
0
DERIV 3
-0.00015161087721661737271
0
0
0
DERIV 4
4.693006611788772827e-5
0
0
0
DERIV 5
-1.2017554790122893092e-5
0
0
0
DERIV 6
2.670887903725794130e-6
0
0
0
DERIV 7
-5.342080733725276991e-7
0
0
0
DERIV 8
9.900098749822976256e-8
0
0
0
DERIV 9
-1.7411484256047774757e-8
0
0
0
DERIV 10
2.962525857217679853e-9
0
0
0
DERIV 11
-4.948546373912444975e-10
0
0
0
DERIV 12
8.198152625016434863e-11
0
0
0
DERIV 13
-1.3556343920918600198e-11
0
0
0
DERIV 14
2.2452273082788215832e-12
0
0
0
DERIV 15
-3.730317307747423962e-13
0
0
0
DERIV 16
6.220259955002402234e-14
0
0
0
DERIV 17
-1.0409557831821684024e-14
0
0
0
DERIV 18
1.7478777564351666822e-15
0
0
0
DERIV 19
-2.943846824083617837e-16
0
0
0
DERIV 20
4.971856545776807924e-17
0
0
0
DERIV 21
-8.417970722263394263e-18
0
0
0
DERIV 22
1.4285046929986178812e-18
0
0
0
DERIV 23
-2.429148324997378138e-19
0
0
0
DERIV 24
4.138549101482940043e-20
0
0
0
DERIV 25
-7.063123841199921451e-21
0
0
0
DERIV 26
1.2073715983761462366e-21
0
0
0
DERIV 27
-2.0669406792903783523e-22
0
0
0
DERIV 28
3.543326878993801249e-23
0
0
0
DERIV 29
-6.082032344092527052e-24
0
0
0
DERIV 30
1.0452085213575773652e-24
0
0
0
DERIV 31
-1.7982082087880095885e-25
0
0
0
DERIV 32
3.096914137357371231e-26
0
0
0
DERIV 33
-5.338788007835003628e-27
0
0
0
DERIV 34
9.212026366460420272e-28
0
0
0
DERIV 35
-1.5909023312236413548e-28
0
0
0
AT 23/4
0.0004800413909395483190
0
0
0
DERIV 1
-0.0005535270950451595152
0
0
0
DERIV 2
0.0003248963383960718800
0
0
0
DERIV 3
-0.00012992365652446244894
0
0
0
DERIV 4
4.001019285471007781e-5
0
0
0
DERIV 5
-1.0179361319654832996e-5
0
0
0
DERIV 6
2.244057388478880922e-6
0
0
0
DERIV 7
-4.443446761469438469e-7
0
0
0
DERIV 8
8.134601868087407245e-8
0
0
0
DERIV 9
-1.4100602226733192544e-8
0
0
0
DERIV 10
2.359588011887611003e-9
0
0
0
DERIV 11
-3.869244139631620497e-10
0
0
0
DERIV 12
6.283918729095717653e-11
0
0
0
DERIV 13
-1.0176787446353507596e-11
0
0
0
DERIV 14
1.6498057262849319540e-12
0
0
0
DERIV 15
-2.682178439049176500e-13
0
0
0
DERIV 16
4.375762590392505887e-14
0
0
0
DERIV 17
-7.163929767258410635e-15
0
0
0
DERIV 18
1.1767705729038872040e-15
0
0
0
DERIV 19
-1.9388894679533118528e-16
0
0
0
DERIV 20
3.203405350948948365e-17
0
0
0
DERIV 21
-5.305858206325379641e-18
0
0
0
DERIV 22
8.808148982546553883e-19
0
0
0
DERIV 23
-1.4652499503407259913e-19
0
0
0
DERIV 24
2.4420833397819181680e-20
0
0
0
DERIV 25
-4.077217437756297268e-21
0
0
0
DERIV 26
6.818089374521720728e-22
0
0
0
DERIV 27
-1.1418378345667302052e-22
0
0
0
DERIV 28
1.9148833252313465246e-23
0
0
0
DERIV 29
-3.2153962883071437437e-24
0
0
0
DERIV 30
5.405593760073457203e-25
0
0
0
DERIV 31
-9.097773509246772841e-26
0
0
0
DERIV 32
1.5327770586233077780e-26
0
0
0
DERIV 33
-2.5849204677705962183e-27
0
0
0
DERIV 34
4.363292861198467106e-28
0
0
0
DERIV 35
-7.371525827614807664e-29
0
0
0
AT 47/8
0.0004156827180219934879
0
0
0
DERIV 1
-0.0004780926288554063902
0
0
0
DERIV 2
0.0002797350487983760702
0
0
0
DERIV 3
-0.00011142508907004303284
0
0
0
DERIV 4
3.414500565805877818e-5
0
0
0
DERIV 5
-8.633637925814403597e-6
0
0
0
DERIV 6
1.8886470331002730820e-6
0
0
0
DERIV 7
-3.704069360864131322e-7
0
0
0
DERIV 8
6.702444655375788258e-8
0
0
0
DERIV 9
-1.1458309727806697252e-8
0
0
0
DERIV 10
1.887065044690418072e-9
0
0
0
DERIV 11
-3.039795563548837430e-10
0
0
0
DERIV 12
4.842753668790600953e-11
0
0
0
DERIV 13
-7.685686306221623654e-12
0
0
0
DERIV 14
1.2202430087764870450e-12
0
0
0
DERIV 15
-1.9421981374766071357e-13
0
0
0
DERIV 16
3.101537379919535225e-14
0
0
0
DERIV 17
-4.970014783168624304e-15
0
0
0
DERIV 18
7.990368616423713642e-16
0
0
0
DERIV 19
-1.2885197958290032448e-16
0
0
0
DERIV 20
2.0835835762958827993e-17
0
0
0
DERIV 21
-3.3776524398200963100e-18
0
0
0
DERIV 22
5.487872821089768091e-19
0
0
0
DERIV 23
-8.934928921608208279e-20
0
0
0
DERIV 24
1.4574707522119340199e-20
0
0
0
DERIV 25
-2.3815692599687034770e-21
0
0
0
DERIV 26
3.897822041263446483e-22
0
0
0
DERIV 27
-6.388865131126643109e-23
0
0
0
DERIV 28
1.0486283195514555305e-23
0
0
0
DERIV 29
-1.7233510167784010665e-24
0
0
0
DERIV 30
2.835584651738514097e-25
0
0
0
DERIV 31
-4.670832645285452820e-26
0
0
0
DERIV 32
7.701904893823574327e-27
0
0
0
DERIV 33
-1.2712363976911156020e-27
0
0
0
DERIV 34
2.100165262768817888e-28
0
0
0
DERIV 35
-3.472613686766682720e-29
0
0
0
AT 6
0.0003600824521626586733
0
0
0
DERIV 1
-0.0004131253627777263971
0
0
0
DERIV 2
0.00024098979495367373613
0
0
0
DERIV 3
-9.563087101336259542e-5
0
0
0
DERIV 4
2.9167415659075589842e-5
0
0
0
DERIV 5
-7.331700111024465401e-6
0
0
0
DERIV 6
1.5920769081669068430e-6
0
0
0
DERIV 7
-3.094088763210117905e-7
0
0
0
DERIV 8
5.536829254824592347e-8
0
0
0
DERIV 9
-9.341172757306622382e-9
0
0
0
DERIV 10
1.5150221886119012258e-9
0
0
0
DERIV 11
-2.398984778214312288e-10
0
0
0
DERIV 12
3.751362811425330956e-11
0
0
0
DERIV 13
-5.837671385302320556e-12
0
0
0
DERIV 14
9.081879988998475105e-13
0
0
0
DERIV 15
-1.4158961244684693992e-13
0
0
0
DERIV 16
2.2143122177888137692e-14
0
0
0
DERIV 17
-3.4745924141629415494e-15
0
0
0
DERIV 18
5.469911106162852928e-16
0
0
0
DERIV 19
-8.637041361864779198e-17
0
0
0
DERIV 20
1.3675485297265159686e-17
0
0
0
DERIV 21
-2.1707200380252282081e-18
0
0
0
DERIV 22
3.453421917803034355e-19
0
0
0
DERIV 23
-5.505456829319405620e-20
0
0
0
DERIV 24
8.793438657123718208e-21
0
0
0
DERIV 25
-1.4069502117737816652e-21
0
0
0
DERIV 26
2.254727913727465559e-22
0
0
0
DERIV 27
-3.618699124591181985e-23
0
0
0
DERIV 28
5.815766451590834067e-24
0
0
0
DERIV 29
-9.358704635211113344e-25
0
0
0
DERIV 30
1.5077913023551431836e-25
0
0
0
DERIV 31
-2.4319214554165453228e-26
0
0
0
DERIV 32
3.926539849892866844e-27
0
0
0
DERIV 33
-6.345922989726321450e-28
0
0
0
DERIV 34
1.0265463659851543201e-28
0
0
0
DERIV 35
-1.6620274496902538339e-29
0
0
0
AT 49/8
0.0003120273714509895274
0
0
0
DERIV 1
-0.0003571414070502669752
0
0
0
DERIV 2
0.00020772510410066547339
0
0
0
DERIV 3
-8.213310298191964427e-5
0
0
0
DERIV 4
2.4938006611275092883e-5
0
0
0
DERIV 5
-6.233387418864345663e-6
0
0
0
DERIV 6
1.3441096529481841841e-6
0
0
0
DERIV 7
-2.589583679598004979e-7
0
0
0
DERIV 8
4.585172635165470585e-8
0
0
0
DERIV 9
-7.638404766481583087e-9
0
0
0
DERIV 10
1.2207964408599872422e-9
0
0
0
DERIV 11
-1.9014142217489969776e-10
0
0
0
DERIV 12
2.920213480964361210e-11
0
0
0
DERIV 13
-4.458303168156555777e-12
0
0
0
DERIV 14
6.799910360773270023e-13
0
0
0
DERIV 15
-1.0389079356948623727e-13
0
0
0
DERIV 16
1.5918721569556715158e-14
0
0
0
DERIV 17
-2.4470981585118748430e-15
0
0
0
DERIV 18
3.773861109521533526e-16
0
0
0
DERIV 19
-5.837414965330981158e-17
0
0
0
DERIV 20
9.054096538607952415e-18
0
0
0
DERIV 21
-1.4078354122486953779e-18
0
0
0
DERIV 22
2.194032391306666958e-19
0
0
0
DERIV 23
-3.426351877224406205e-20
0
0
0
DERIV 24
5.360959295084981983e-21
0
0
0
DERIV 25
-8.402483370298852441e-22
0
0
0
DERIV 26
1.3190711815870389617e-22
0
0
0
DERIV 27
-2.0738231761453644373e-23
0
0
0
DERIV 28
3.2649111239658353796e-24
0
0
0
DERIV 29
-5.146657929808198441e-25
0
0
0
DERIV 30
8.122616596838736997e-26
0
0
0
DERIV 31
-1.2833627276154669617e-26
0
0
0
DERIV 32
2.0298083957196978998e-27
0
0
0
DERIV 33
-3.213549470032833487e-28
0
0
0
DERIV 34
5.092299280244226176e-29
0
0
0
DERIV 35
-8.076416351174551469e-30
0
0
0
AT 25/4
0.0002704758872637179020
0
0
0
DERIV 1
-0.0003088726617964334840
0
0
0
DERIV 2
0.00017914614384193143048
0
0
0
DERIV 3
-7.058769897587826930e-5
0
0
0
DERIV 4
2.1340218118623452794e-5
0
0
0
DERIV 5
-5.305486767487414338e-6
0
0
0
DERIV 6
1.1363880437155905548e-6
0
0
0
DERIV 7
-2.1713176143108129339e-7
0
0
0
DERIV 8
3.805897888696927666e-8
0
0
0
DERIV 9
-6.264002806882063228e-9
0
0
0
DERIV 10
9.871334295978825437e-10
0
0
0
DERIV 11
-1.5132095570577067672e-10
0
0
0
DERIV 12
2.2838566120231711580e-11
0
0
0
DERIV 13
-3.4226825308382229476e-12
0
0
0
DERIV 14
5.120558328786678946e-13
0
0
0
DERIV 15
-7.670320435825177188e-14
0
0
0
DERIV 16
1.1520243152594268326e-14
0
0
0
DERIV 17
-1.7356814687939900058e-15
0
0
0
DERIV 18
2.623289987447405142e-16
0
0
0
DERIV 19
-3.976609262342989615e-17
0
0
0
DERIV 20
6.044573035235858492e-18
0
0
0
DERIV 21
-9.210838413918696082e-19
0
0
0
DERIV 22
1.4067489784650397448e-19
0
0
0
DERIV 23
-2.1529387618141646140e-20
0
0
0
DERIV 24
3.3011732659367260801e-21
0
0
0
DERIV 25
-5.070602335607480748e-22
0
0
0
DERIV 26
7.800926746753304602e-23
0
0
0
DERIV 27
-1.2019205682622850596e-23
0
0
0
DERIV 28
1.8543917349034505949e-24
0
0
0
DERIV 29
-2.864715508062251055e-25
0
0
0
DERIV 30
4.430759985919392801e-26
0
0
0
DERIV 31
-6.860531591138557754e-27
0
0
0
DERIV 32
1.0633823966276503390e-27
0
0
0
DERIV 33
-1.6498539002226496064e-28
0
0
0
DERIV 34
2.562126056816454669e-29
0
0
0
DERIV 35
-3.982275928309033103e-30
0
0
0
AT 51/8
0.00023453314877437643005
0
0
0
DERIV 1
-0.0002672344777729528022
0
0
0
DERIV 2
0.00015457680577062954614
0
0
0
DERIV 3
-6.070397434993704821e-5
0
0
0
DERIV 4
1.8276413948375430657e-5
0
0
0
DERIV 5
-4.520464751433484248e-6
0
0
0
DERIV 6
9.620694219308638003e-7
0
0
0
DERIV 7
-1.8237658570009040865e-7
0
0
0
DERIV 8
3.165991962068846983e-8
0
0
0
DERIV 9
-5.150881604528411425e-9
0
0
0
DERIV 10
8.008259434616317730e-10
0
0
0
DERIV 11
-1.2089456513523919697e-10
0
0
0
DERIV 12
1.7941431166792960835e-11
0
0
0
DERIV 13
-2.6407695885271156084e-12
0
0
0
DERIV 14
3.877152907638454723e-13
0
0
0
DERIV 15
-5.696790441795287855e-14
0
0
0
DERIV 16
8.390405413929611830e-15
0
0
0
DERIV 17
-1.2394732248659214674e-15
0
0
0
DERIV 18
1.8366740284927423895e-16
0
0
0
DERIV 19
-2.7296423885975650113e-17
0
0
0
DERIV 20
4.067812224866490797e-18
0
0
0
DERIV 21
-6.077082706941312805e-19
0
0
0
DERIV 22
9.099398951462827511e-20
0
0
0
DERIV 23
-1.3652987450958672772e-20
0
0
0
DERIV 24
2.0524103089605377073e-21
0
0
0
DERIV 25
-3.090688637542960646e-22
0
0
0
DERIV 26
4.661672219420164573e-23
0
0
0
DERIV 27
-7.041596405365473820e-24
0
0
0
DERIV 28
1.0651154235368230584e-24
0
0
0
DERIV 29
-1.6131565579239342385e-25
0
0
0
DERIV 30
2.4460936042729870989e-26
0
0
0
DERIV 31
-3.713235072932669429e-27
0
0
0
DERIV 32
5.642661140250976712e-28
0
0
0
DERIV 33
-8.583013974478716393e-29
0
0
0
DERIV 34
1.3067564528619019620e-29
0
0
0
DERIV 35
-1.9912479281705433996e-30
0
0
0
AT 13/2
0.00020342986683939820111
0
0
0
DERIV 1
-0.00023129833738116500463
0
0
0
DERIV 2
0.00013344134848913363984
0
0
0
DERIV 3
-5.223601504959248513e-5
0
0
0
DERIV 4
1.5664663229937418609e-5
0
0
0
DERIV 5
-3.855444696219954869e-6
0
0
0
DERIV 6
8.155354723738344922e-7
0
0
0
DERIV 7
-1.5343566647229967296e-7
0
0
0
DERIV 8
2.6391367163157450756e-8
0
0
0
DERIV 9
-4.246472063290954811e-9
0
0
0
DERIV 10
6.517126761091086233e-10
0
0
0
DERIV 11
-9.694313704669137121e-11
0
0
0
DERIV 12
1.4154343963166669520e-11
0
0
0
DERIV 13
-2.0472286511926978918e-12
0
0
0
DERIV 14
2.951144002699483099e-13
0
0
0
DERIV 15
-4.255227869008798395e-14
0
0
0
DERIV 16
6.148402739598780392e-15
0
0
0
DERIV 17
-8.909167454209510526e-16
0
0
0
DERIV 18
1.2948556860839085800e-16
0
0
0
DERIV 19
-1.8874291985669906237e-17
0
0
0
DERIV 20
2.7586454380996091735e-18
0
0
0
DERIV 21
-4.042016609762141193e-19
0
0
0
DERIV 22
5.935849165893156328e-20
0
0
0
DERIV 23
-8.735037819899541135e-21
0
0
0
DERIV 24
1.2878585129056143684e-21
0
0
0
DERIV 25
-1.9020681066390264856e-22
0
0
0
DERIV 26
2.813710274274286030e-23
0
0
0
DERIV 27
-4.168459686833256711e-24
0
0
0
DERIV 28
6.183978663877424348e-25
0
0
0
DERIV 29
-9.185750803070505682e-26
0
0
0
DERIV 30
1.3660860169540950040e-26
0
0
0
DERIV 31
-2.0338749632352178439e-27
0
0
0
DERIV 32
3.031255954830509312e-28
0
0
0
DERIV 33
-4.522153405810416486e-29
0
0
0
DERIV 34
6.752536759808193091e-30
0
0
0
DERIV 35
-1.0091703289383896825e-30
0
0
0
AT 53/8
0.00017650428203123730200
0
0
0
DERIV 1
-0.00020026874430596096821
0
0
0
DERIV 2
0.00011524899436475113446
0
0
0
DERIV 3
-4.497550713172316673e-5
0
0
0
DERIV 4
1.3436097857849110874e-5
0
0
0
DERIV 5
-3.291378396705039236e-6
0
0
0
DERIV 6
6.921608949790387299e-7
0
0
0
DERIV 7
-1.2928767587111226589e-7
0
0
0
DERIV 8
2.2042713521113477998e-8
0
0
0
DERIV 9
-3.509399897007319138e-9
0
0
0
DERIV 10
5.319373624280861710e-10
0
0
0
DERIV 11
-7.801027434731177514e-11
0
0
0
DERIV 12
1.1211970628706929431e-11
0
0
0
DERIV 13
-1.5943516378283203273e-12
0
0
0
DERIV 14
2.2576430773913919432e-13
0
0
0
DERIV 15
-3.195893805420181767e-14
0
0
0
DERIV 16
4.532063033323123080e-15
0
0
0
DERIV 17
-6.444077398723324923e-16
0
0
0
DERIV 18
9.189653471108920373e-17
0
0
0
DERIV 19
-1.3142759542253397308e-17
0
0
0
DERIV 20
1.8847044398550218628e-18
0
0
0
DERIV 21
-2.709407665480627345e-19
0
0
0
DERIV 22
3.903795585937905920e-20
0
0
0
DERIV 23
-5.636332792880795387e-21
0
0
0
DERIV 24
8.153189028829128758e-22
0
0
0
DERIV 25
-1.1814433695161828004e-22
0
0
0
DERIV 26
1.7147219212350258214e-23
0
0
0
DERIV 27
-2.4923980590411545486e-24
0
0
0
DERIV 28
3.627749203016634770e-25
0
0
0
DERIV 29
-5.287025516095391151e-26
0
0
0
DERIV 30
7.714402011661492451e-27
0
0
0
DERIV 31
-1.1268755221173303578e-27
0
0
0
DERIV 32
1.6477896785754055887e-28
0
0
0
DERIV 33
-2.4118591064362904096e-29
0
0
0
DERIV 34
3.533467281350182669e-30
0
0
0
DERIV 35
-5.181148789904504408e-31
0
0
0
AT 27/4
0.00015318679417502929449
0
0
0
DERIV 1
-0.00017346364752461842693
0
0
0
DERIV 2
9.958098283820687572e-5
0
0
0
DERIV 3
-3.874576671960498330e-5
0
0
0
DERIV 4
1.1532737171259655387e-5
0
0
0
DERIV 5
-2.812373320039631139e-6
0
0
0
DERIV 6
5.881283153940232514e-7
0
0
0
DERIV 7
-1.0910035106682407720e-7
0
0
0
DERIV 8
1.8444811898988565224e-8
0
0
0
DERIV 9
-2.906965733771362236e-9
0
0
0
DERIV 10
4.353973622554437962e-10
0
0
0
DERIV 11
-6.298500548665935654e-11
0
0
0
DERIV 12
8.915655105180473038e-12
0
0
0
DERIV 13
-1.2470914893754544665e-12
0
0
0
DERIV 14
1.7354731675619230075e-13
0
0
0
DERIV 15
-2.4129316512023250361e-14
0
0
0
DERIV 16
3.3595846157166008629e-15
0
0
0
DERIV 17
-4.689264991505958430e-16
0
0
0
DERIV 18
6.563820875361290379e-17
0
0
0
DERIV 19
-9.213806157320519270e-18
0
0
0
DERIV 20
1.2968292026916302544e-18
0
0
0
DERIV 21
-1.8297753313965868877e-19
0
0
0
DERIV 22
2.5875765074011061037e-20
0
0
0
DERIV 23
-3.666781792820718291e-21
0
0
0
DERIV 24
5.205927563363749589e-22
0
0
0
DERIV 25
-7.403986986206622301e-23
0
0
0
DERIV 26
1.0546990438961154781e-23
0
0
0
DERIV 27
-1.5046461142183744750e-24
0
0
0
DERIV 28
2.149494454572807462e-25
0
0
0
DERIV 29
-3.074628085131145131e-26
0
0
0
DERIV 30
4.403171085533126566e-27
0
0
0
DERIV 31
-6.312790086996798101e-28
0
0
0
DERIV 32
9.060022810107624245e-29
0
0
0
DERIV 33
-1.3015520984237438412e-29
0
0
0
DERIV 34
1.8715128212634871308e-30
0
0
0
DERIV 35
-2.693394113141271198e-31
0
0
0
AT 55/8
0.00013298684774109968037
0
0
0
DERIV 1
-0.00015029783834874719498
0
0
0
DERIV 2
8.607967105428248169e-5
0
0
0
DERIV 3
-3.339675934217617041e-5
0
0
0
DERIV 4
9.905692768526109003e-6
0
0
0
DERIV 5
-2.405144417486234748e-6
0
0
0
DERIV 6
5.002796543715914408e-7
0
0
0
DERIV 7
-9.219352800960786161e-8
0
0
0
DERIV 8
1.5461346705723674543e-8
0
0
0
DERIV 9
-2.413223357401741471e-9
0
0
0
DERIV 10
3.573309309785607158e-10
0
0
0
DERIV 11
-5.101564877489778011e-11
0
0
0
DERIV 12
7.115859648020571873e-12
0
0
0
DERIV 13
-9.795525163196121356e-13
0
0
0
DERIV 14
1.3402722527698933333e-13
0
0
0
DERIV 15
-1.8310146406957698158e-14
0
0
0
DERIV 16
2.5040215975182693476e-15
0
0
0
DERIV 17
-3.432190955012411829e-16
0
0
0
DERIV 18
4.717276521748019937e-17
0
0
0
DERIV 19
-6.501597449274070388e-18
0
0
0
DERIV 20
8.984643338123335110e-19
0
0
0
DERIV 21
-1.2446553346767859125e-19
0
0
0
DERIV 22
1.7281298694182033347e-20
0
0
0
DERIV 23
-2.4043604147058242979e-21
0
0
0
DERIV 24
3.351535121693635793e-22
0
0
0
DERIV 25
-4.679962738891259226e-23
0
0
0
DERIV 26
6.545402804693705604e-24
0
0
0
DERIV 27
-9.167971743256421609e-25
0
0
0
DERIV 28
1.2858973403473863301e-25
0
0
0
DERIV 29
-1.8058997147896093109e-26
0
0
0
DERIV 30
2.5392044480283745969e-27
0
0
0
DERIV 31
-3.574246730545302380e-28
0
0
0
DERIV 32
5.036438574916409129e-29
0
0
0
DERIV 33
-7.103737053342932037e-30
0
0
0
DERIV 34
1.0028805251783348715e-30
0
0
0
DERIV 35
-1.4170571576547276158e-31
0
0
0
AT 7
0.00011548173161033820349
0
0
0
DERIV 1
-0.00013026885222207373362
0
0
0
DERIV 2
7.443934412689926861e-5
0
0
0
DERIV 3
-2.8800936715764601523e-5
0
0
0
DERIV 4
8.513683490704041445e-6
0
0
0
DERIV 5
-2.058566167454885765e-6
0
0
0
DERIV 6
4.259963623070332584e-7
0
0
0
DERIV 7
-7.800981436283730506e-8
0
0
0
DERIV 8
1.2982101106417999259e-8
0
0
0
DERIV 9
-2.007506809980751802e-9
0
0
0
DERIV 10
2.940066218823559203e-10
0
0
0
DERIV 11
-4.144618757165421289e-11
0
0
0
DERIV 12
5.699436060999973336e-12
0
0
0
DERIV 13
-7.724939181499977103e-13
0
0
0
DERIV 14
1.0396796388304531061e-13
0
0
0
DERIV 15
-1.3962013908615885104e-14
0
0
0
DERIV 16
1.8761387473098856866e-15
0
0
0
DERIV 17
-2.526201945277308820e-16
0
0
0
DERIV 18
3.410402400109992203e-17
0
0
0
DERIV 19
-4.616653088355697858e-18
0
0
0
DERIV 20
6.265993209127503571e-19
0
0
0
DERIV 21
-8.525415803201596738e-20
0
0
0
DERIV 22
1.1625682901846129833e-20
0
0
0
DERIV 23
-1.5886076715712861004e-21
0
0
0
DERIV 24
2.174881649957485940e-22
0
0
0
DERIV 25
-2.982695674064222972e-23
0
0
0
DERIV 26
4.097109765410069848e-24
0
0
0
DERIV 27
-5.636235775754546255e-25
0
0
0
DERIV 28
7.764202386878411799e-26
0
0
0
DERIV 29
-1.0709244686289788572e-26
0
0
0
DERIV 30
1.4788956952644638579e-27
0
0
0
DERIV 31
-2.044556260892704772e-28
0
0
0
DERIV 32
2.829519825392090191e-29
0
0
0
DERIV 33
-3.919681143415300311e-30
0
0
0
DERIV 34
5.434852005580248838e-31
0
0
0
DERIV 35
-7.542243599582014278e-32
0
0
0
AT 57/8
0.00010030700530720169992
0
0
0
DERIV 1
-0.00011294498387713866367
0
0
0
DERIV 2
6.439845571942117287e-5
0
0
0
DERIV 3
-2.4849750479585911442e-5
0
0
0
DERIV 4
7.321804203258243442e-6
0
0
0
DERIV 5
-1.7633055130262041362e-6
0
0
0
DERIV 6
3.631025960897340443e-7
0
0
0
DERIV 7
-6.609123434230755492e-8
0
0
0
DERIV 8
1.0917682253276329411e-8
0
0
0
DERIV 9
-1.6732961252442161908e-9
0
0
0
DERIV 10
2.424883308379824667e-10
0
0
0
DERIV 11
-3.376900992511202448e-11
0
0
0
DERIV 12
4.580343482657507225e-12
0
0
0
DERIV 13
-6.115427081364513074e-13
0
0
0
DERIV 14
8.099536473823712337e-14
0
0
0
DERIV 15
-1.0696290002044953187e-14
0
0
0
DERIV 16
1.4128047591189176382e-15
0
0
0
DERIV 17
-1.8694190445992015054e-16
0
0
0
DERIV 18
2.4797464703920223885e-17
0
0
0
DERIV 19
-3.2980983016432863413e-18
0
0
0
DERIV 20
4.397928641948743188e-19
0
0
0
DERIV 21
-5.878822425881266339e-20
0
0
0
DERIV 22
7.876034835258978459e-21
0
0
0
DERIV 23
-1.0573515321426043236e-21
0
0
0
DERIV 24
1.4221705478200088714e-22
0
0
0
DERIV 25
-1.9161884136344972594e-23
0
0
0
DERIV 26
2.5859495562178752134e-24
0
0
0
DERIV 27
-3.494980660536853989e-25
0
0
0
DERIV 28
4.730049051305107303e-26
0
0
0
DERIV 29
-6.409745853623061718e-27
0
0
0
DERIV 30
8.696263384612107409e-28
0
0
0
DERIV 31
-1.1811563172323783493e-28
0
0
0
DERIV 32
1.6059581506658940703e-29
0
0
0
DERIV 33
-2.1856740381335220376e-30
0
0
0
DERIV 34
2.977388782600574154e-31
0
0
0
DERIV 35
-4.059397237431449834e-32
0
0
0
AT 29/4
8.714830861656061079e-5
0
0
0
DERIV 1
-9.795508811621357820e-5
0
0
0
DERIV 2
5.573306737646635463e-5
0
0
0
DERIV 3
-2.1450727778124460536e-5
0
0
0
DERIV 4
6.300502809475799148e-6
0
0
0
DERIV 5
-1.5115202971864661410e-6
0
0
0
DERIV 6
3.097866986885878736e-7
0
0
0
DERIV 7
-5.606056177277636518e-8
0
0
0
DERIV 8
9.195371538677132331e-9
0
0
0
DERIV 9
-1.3973398377570414176e-9
0
0
0
DERIV 10
2.0045667273954061003e-10
0
0
0
DERIV 11
-2.7589614429789819771e-11
0
0
0
DERIV 12
3.692840511373981143e-12
0
0
0
DERIV 13
-4.859066307689670801e-13
0
0
0
DERIV 14
6.335796469378006340e-14
0
0
0
DERIV 15
-8.231335498458454740e-15
0
0
0
DERIV 16
1.0690785729296484277e-15
0
0
0
DERIV 17
-1.3906044455017872174e-16
0
0
0
DERIV 18
1.8130453504140996968e-17
0
0
0
DERIV 19
-2.3699389232825345492e-18
0
0
0
DERIV 20
3.105839836343470492e-19
0
0
0
DERIV 21
-4.080112694198719147e-20
0
0
0
DERIV 22
5.372022357261370637e-21
0
0
0
DERIV 23
-7.087563639405644288e-22
0
0
0
DERIV 24
9.368634391601638971e-23
0
0
0
DERIV 25
-1.2405370475029726272e-23
0
0
0
DERIV 26
1.6452748416993789073e-24
0
0
0
DERIV 27
-2.185294898857196158e-25
0
0
0
DERIV 28
2.906549897603272036e-26
0
0
0
DERIV 29
-3.870791789099688556e-27
0
0
0
DERIV 30
5.161055722492479572e-28
0
0
0
DERIV 31
-6.889062144673988450e-29
0
0
0
DERIV 32
9.205212348859062219e-30
0
0
0
DERIV 33
-1.2312091751982818881e-30
0
0
0
DERIV 34
1.6482719181186646405e-31
0
0
0
DERIV 35
-2.2085219789579766528e-32
0
0
0
AT 59/8
7.573434906340298259e-5
0
0
0
DERIV 1
-8.497989131504492418e-5
0
0
0
DERIV 2
4.825129422125433697e-5
0
0
0
DERIV 3
-1.8525014131829922243e-5
0
0
0
DERIV 4
5.424728547013534132e-6
0
0
0
DERIV 5
-1.2966108914822105804e-6
0
0
0
DERIV 6
2.645373320786786355e-7
0
0
0
DERIV 7
-4.760634848071964068e-8
0
0
0
DERIV 8
7.755847030025042538e-9
0
0
0
DERIV 9
-1.1689731550433949698e-9
0
0
0
DERIV 10
1.6607253104982297082e-10
0
0
0
DERIV 11
-2.2600115715890524456e-11
0
0
0
DERIV 12
2.9864643847726165782e-12
0
0
0
DERIV 13
-3.874417180224577408e-13
0
0
0
DERIV 14
4.975679079450705219e-14
0
0
0
DERIV 15
-6.361890112002766872e-15
0
0
0
DERIV 16
8.127764393886045135e-16
0
0
0
DERIV 17
-1.0396312893883178786e-16
0
0
0
DERIV 18
1.3326818887254126459e-17
0
0
0
DERIV 19
-1.7126182316555384539e-18
0
0
0
DERIV 20
2.206433796138474416e-19
0
0
0
DERIV 21
-2.849475510480265985e-20
0
0
0
DERIV 22
3.688148684656933934e-21
0
0
0
DERIV 23
-4.783482897457459581e-22
0
0
0
DERIV 24
6.215838930512630931e-23
0
0
0
DERIV 25
-8.091131408498973976e-24
0
0
0
DERIV 26
1.0549065221237706112e-24
0
0
0
DERIV 27
-1.3774047020337583281e-25
0
0
0
DERIV 28
1.8009650135824619311e-26
0
0
0
DERIV 29
-2.3577800390820971950e-27
0
0
0
DERIV 30
3.090423557254841729e-28
0
0
0
DERIV 31
-4.055230475288038214e-29
0
0
0
DERIV 32
5.326785794133515358e-30
0
0
0
DERIV 33
-7.003888871685846941e-31
0
0
0
DERIV 34
9.217480868050038238e-32
0
0
0
DERIV 35
-1.2141185453323527343e-32
0
0
0
AT 15/2
6.583089326707985023e-5
0
0
0
DERIV 1
-7.374458268637743745e-5
0
0
0
DERIV 2
4.178859685561391014e-5
0
0
0
DERIV 3
-1.6005305723784162350e-5
0
0
0
DERIV 4
4.673221517644149515e-6
0
0
0
DERIV 5
-1.1130151509351896804e-6
0
0
0
DERIV 6
2.2609138161276789532e-7
0
0
0
DERIV 7
-4.047087668558175650e-8
0
0
0
DERIV 8
6.550584985499860812e-9
0
0
0
DERIV 9
-9.795859285239083881e-10
0
0
0
DERIV 10
1.3787234148415037514e-10
0
0
0
DERIV 11
-1.8559256246074110824e-11
0
0
0
DERIV 12
2.4223083143783618161e-12
0
0
0
DERIV 13
-3.099729289382234189e-13
0
0
0
DERIV 14
3.922350607289098959e-14
0
0
0
DERIV 15
-4.937541112217958124e-15
0
0
0
DERIV 16
6.207172446406039052e-16
0
0
0
DERIV 17
-7.810125848117534291e-17
0
0
0
DERIV 18
9.846491609219985828e-18
0
0
0
DERIV 19
-1.2443735884803088477e-18
0
0
0
DERIV 20
1.5765096590662308348e-19
0
0
0
DERIV 21
-2.0020613672227565854e-20
0
0
0
DERIV 22
2.5481437127549021817e-21
0
0
0
DERIV 23
-3.249834999897635450e-22
0
0
0
DERIV 24
4.152578830005103564e-23
0
0
0
DERIV 25
-5.315305656683115709e-24
0
0
0
DERIV 26
6.814496260212936945e-25
0
0
0
DERIV 27
-8.749477357026948837e-26
0
0
0
DERIV 28
1.1249328272337284166e-26
0
0
0
DERIV 29
-1.4481893951241353129e-27
0
0
0
DERIV 30
1.8665552231623803787e-28
0
0
0
DERIV 31
-2.4084583533644139376e-29
0
0
0
DERIV 32
3.1109253733759595342e-30
0
0
0
DERIV 33
-4.022206543439702789e-31
0
0
0
DERIV 34
5.205208468005769964e-32
0
0
0
DERIV 35
-6.741984301424134306e-33
0
0
0
AT 61/8
5.723561469466009174e-5
0
0
0
DERIV 1
-6.401249095388970780e-5
0
0
0
DERIV 2
3.620378586736391267e-5
0
0
0
DERIV 3
-1.3834106819516206116e-5
0
0
0
DERIV 4
4.027918941391821350e-6
0
0
0
DERIV 5
-9.560387561716146095e-7
0
0
0
DERIV 6
1.9339134740006957181e-7
0
0
0
DERIV 7
-3.444043362715884944e-8
0
0
0
DERIV 8
5.539792290819603247e-9
0
0
0
DERIV 9
-8.222058305324928989e-10
0
0
0
DERIV 10
1.1468737204643706838e-10
0
0
0
DERIV 11
-1.5277254066637375346e-11
0
0
0
DERIV 12
1.9702471002861022584e-12
0
0
0
DERIV 13
-2.487964669057301336e-13
0
0
0
DERIV 14
3.103266977889797106e-14
0
0
0
DERIV 15
-3.847485842802104625e-15
0
0
0
DERIV 16
4.761110005444768032e-16
0
0
0
DERIV 17
-5.894776787067534518e-17
0
0
0
DERIV 18
7.311361112675383568e-18
0
0
0
DERIV 19
-9.089265686588206931e-19
0
0
0
DERIV 20
1.1326962136052596475e-19
0
0
0
DERIV 21
-1.4148902731357692825e-20
0
0
0
DERIV 22
1.7713055786464760213e-21
0
0
0
DERIV 23
-2.222047439964567323e-22
0
0
0
DERIV 24
2.792747536761267184e-23
0
0
0
DERIV 25
-3.516119058382407383e-24
0
0
0
DERIV 26
4.433947436409476838e-25
0
0
0
DERIV 27
-5.599642766214343649e-26
0
0
0
DERIV 28
7.081515652004807410e-27
0
0
0
DERIV 29
-8.966984278441285414e-28
0
0
0
DERIV 30
1.1367980092976226950e-28
0
0
0
DERIV 31
-1.4427896476924298238e-29
0
0
0
DERIV 32
1.8330524214918513461e-30
0
0
0
DERIV 33
-2.331154594718100273e-31
0
0
0
DERIV 34
2.967332753182619482e-32
0
0
0
DERIV 35
-3.780395826074918717e-33
0
0
0
AT 31/4
4.977367266401013131e-5
0
0
0
DERIV 1
-5.557968265492579680e-5
0
0
0
DERIV 2
3.137562730520016593e-5
0
0
0
DERIV 3
-1.1962259135408157549e-5
0
0
0
DERIV 4
3.473458091467888281e-6
0
0
0
DERIV 5
-8.217145347920422979e-7
0
0
0
DERIV 6
1.6555040527794068978e-7
0
0
0
DERIV 7
-2.9337437055207089820e-8
0
0
0
DERIV 8
4.690755631987304539e-9
0
0
0
DERIV 9
-6.911705201504498256e-10
0
0
0
DERIV 10
9.558123420327155369e-11
0
0
0
DERIV 11
-1.2604263213755607350e-11
0
0
0
DERIV 12
1.6068591845595102641e-12
0
0
0
DERIV 13
-2.0031326004077110881e-13
0
0
0
DERIV 14
2.4638207501796445052e-14
0
0
0
DERIV 15
-3.0096846720534522435e-15
0
0
0
DERIV 16
3.667311770500485607e-16
0
0
0
DERIV 17
-4.469287343368912296e-17
0
0
0
DERIV 18
5.455124463176858814e-18
0
0
0
DERIV 19
-6.672972421466738870e-19
0
0
0
DERIV 20
8.182057147160052608e-20
0
0
0
DERIV 21
-1.0055843184624111885e-20
0
0
0
DERIV 22
1.2385990485364605917e-21
0
0
0
DERIV 23
-1.5287271972204695554e-22
0
0
0
DERIV 24
1.8903705459470681300e-23
0
0
0
DERIV 25
-2.3416238723676516019e-24
0
0
0
DERIV 26
2.905241914588026213e-25
0
0
0
DERIV 27
-3.609859042292216286e-26
0
0
0
DERIV 28
4.491529866253260364e-27
0
0
0
DERIV 29
-5.595676870650905338e-28
0
0
0
DERIV 30
6.979553967141697582e-29
0
0
0
DERIV 31
-8.715363961566716406e-30
0
0
0
DERIV 32
1.0894204954070639244e-30
0
0
0
DERIV 33
-1.3631067782859447521e-31
0
0
0
DERIV 34
1.7071166483465743250e-32
0
0
0
DERIV 35
-2.1397959831863385486e-33
0
0
0
AT 63/8
4.329391627471425817e-5
0
0
0
DERIV 1
-4.827034385643649215e-5
0
0
0
DERIV 2
2.7199955665135095871e-5
0
0
0
DERIV 3
-1.0347699058835670654e-5
0
0
0
DERIV 4
2.996759475812119841e-6
0
0
0
DERIV 5
-7.066855741242492736e-7
0
0
0
DERIV 6
1.4182368648042412983e-7
0
0
0
DERIV 7
-2.5014040903625363537e-8
0
0
0
DERIV 8
3.976519025413720106e-9
0
0
0
DERIV 9
-5.818688358062882621e-10
0
0
0
DERIV 10
7.980130826775357309e-11
0
0
0
DERIV 11
-1.0421546124795802248e-11
0
0
0
DERIV 12
1.3138628489496812042e-12
0
0
0
DERIV 13
-1.6175765738847796914e-13
0
0
0
DERIV 14
1.9627162104588898976e-14
0
0
0
DERIV 15
-2.3630952976448298723e-15
0
0
0
DERIV 16
2.836279389101257596e-16
0
0
0
DERIV 17
-3.403335350093164767e-17
0
0
0
DERIV 18
4.089140922977262957e-18
0
0
0
DERIV 19
-4.923235404662849630e-19
0
0
0
DERIV 20
5.941125187535707700e-20
0
0
0
DERIV 21
-7.185979033001406952e-21
0
0
0
DERIV 22
8.710707066939015048e-22
0
0
0
DERIV 23
-1.0580479635649342293e-22
0
0
0
DERIV 24
1.2875793757853475665e-23
0
0
0
DERIV 25
-1.5696236843510180995e-24
0
0
0
DERIV 26
1.9165136320146705546e-25
0
0
0
DERIV 27
-2.3435326917363842668e-26
0
0
0
DERIV 28
2.8696320257536887553e-27
0
0
0
DERIV 29
-3.518322844789672866e-28
0
0
0
DERIV 30
4.318787848839151771e-29
0
0
0
DERIV 31
-5.307266179558943017e-30
0
0
0
DERIV 32
6.528779825895065886e-31
0
0
0
DERIV 33
-8.039286366256411577e-32
0
0
0
DERIV 34
9.908364149050954083e-33
0
0
0
DERIV 35
-1.2222562578467844627e-33
0
0
0
AT 8
3.766562284392489964e-5
0
0
0
DERIV 1
-4.193282848781398165e-5
0
0
0
DERIV 2
2.3587216024395362562e-5
0
0
0
DERIV 3
-8.954406083335277156e-6
0
0
0
DERIV 4
2.586676757304931451e-6
0
0
0
DERIV 5
-6.081079131289429358e-7
0
0
0
DERIV 6
1.2158461385067318935e-7
0
0
0
DERIV 7
-2.1346928564916172837e-8
0
0
0
DERIV 8
3.374821018330711607e-9
0
0
0
DERIV 9
-4.905357472081908142e-10
0
0
0
DERIV 10
6.674083496695486248e-11
0
0
0
DERIV 11
-8.634691555884269569e-12
0
0
0
DERIV 12
1.0769338877938104327e-12
0
0
0
DERIV 13
-1.3099561374662463417e-13
0
0
0
DERIV 14
1.5685848831938734624e-14
0
0
0
DERIV 15
-1.8620824175779820909e-15
0
0
0
DERIV 16
2.2021695334232374760e-16
0
0
0
DERIV 17
-2.6025769218650084272e-17
0
0
0
DERIV 18
3.0790362191377067757e-18
0
0
0
DERIV 19
-3.649674246489018036e-19
0
0
0
DERIV 20
4.335711740144996747e-20
0
0
0
DERIV 21
-5.162382344191323744e-21
0
0
0
DERIV 22
6.160033819219471395e-22
0
0
0
DERIV 23
-7.365420030643955832e-23
0
0
0
DERIV 24
8.823226996424041518e-24
0
0
0
DERIV 25
-1.0587899429594903819e-24
0
0
0
DERIV 26
1.2725851058219281921e-25
0
0
0
DERIV 27
-1.5318157902541164711e-26
0
0
0
DERIV 28
1.8463852418591911335e-27
0
0
0
DERIV 29
-2.228396028980069399e-28
0
0
0
DERIV 30
2.692645217492875443e-29
0
0
0
DERIV 31
-3.257232123034485732e-30
0
0
0
DERIV 32
3.944304525580683946e-31
0
0
0
DERIV 33
-4.780975183004954075e-32
0
0
0
DERIV 34
5.800447832464219734e-33
0
0
0
DERIV 35
-7.043400939461419040e-34
0
0
0
AT 33/4
2.8526242909659896529e-5
0
0
0
DERIV 1
-3.166770391535363876e-5
0
0
0
DERIV 2
1.7753106740425527121e-5
0
0
0
DERIV 3
-6.712545136633729659e-6
0
0
0
DERIV 4
1.929719039197346877e-6
0
0
0
DERIV 5
-4.510218030955685043e-7
0
0
0
DERIV 6
8.954067999309910160e-8
0
0
0
DERIV 7
-1.5586202377870506293e-8
0
0
0
DERIV 8
2.438491393677666625e-9
0
0
0
DERIV 9
-3.500007820420927710e-10
0
0
0
DERIV 10
4.690867375436171169e-11
0
0
0
DERIV 11
-5.962342613545099195e-12
0
0
0
DERIV 12
7.285944085165817570e-13
0
0
0
DERIV 13
-8.660658315503752166e-14
0
0
0
DERIV 14
1.0111179283636452824e-14
0
0
0
DERIV 15
-1.1681078013490720200e-15
0
0
0
DERIV 16
1.3425307361089823478e-16
0
0
0
DERIV 17
-1.5404891060959195767e-17
0
0
0
DERIV 18
1.7684691266161076361e-18
0
0
0
DERIV 19
-2.0333812308694114708e-19
0
0
0
DERIV 20
2.3427709393675867496e-20
0
0
0
DERIV 21
-2.7051173070057672745e-21
0
0
0
DERIV 22
3.130169534185425991e-22
0
0
0
DERIV 23
-3.629304564688441806e-23
0
0
0
DERIV 24
4.215909877797592618e-24
0
0
0
DERIV 25
-4.905806455630292867e-25
0
0
0
DERIV 26
5.717730994072277621e-26
0
0
0
DERIV 27
-6.673897671266149025e-27
0
0
0
DERIV 28
7.800660654431240721e-28
0
0
0
DERIV 29
-9.129300183618225342e-29
0
0
0
DERIV 30
1.0696957910293055752e-29
0
0
0
DERIV 31
-1.2547751252931893701e-30
0
0
0
DERIV 32
1.4734101862068628731e-31
0
0
0
DERIV 33
-1.7318319914985658960e-32
0
0
0
DERIV 34
2.0374494018702823712e-33
0
0
0
DERIV 35
-2.399074620414701908e-34
0
0
0
AT 17/2
2.1621121043483370965e-5
0
0
0
DERIV 1
-2.3937455177722842959e-5
0
0
0
DERIV 2
1.3376813187551001773e-5
0
0
0
DERIV 3
-5.038737681585258611e-6
0
0
0
DERIV 4
1.4419884670547980633e-6
0
0
0
DERIV 5
-3.351953547528478253e-7
0
0
0
DERIV 6
6.610875520626681425e-8
0
0
0
DERIV 7
-1.1415924171375276044e-8
0
0
0
DERIV 8
1.7688555490685221057e-9
0
0
0
DERIV 9
-2.509435674467613982e-10
0
0
0
DERIV 10
3.316701631413954110e-11
0
0
0
DERIV 11
-4.146958193684451086e-12
0
0
0
DERIV 12
4.971946251371830063e-13
0
0
0
DERIV 13
-5.783811286064710427e-14
0
0
0
DERIV 14
6.593029762705022790e-15
0
0
0
DERIV 15
-7.422458868704032408e-16
0
0
0
DERIV 16
8.300944041369942216e-17
0
0
0
DERIV 17
-9.258655856018221338e-18
0
0
0
DERIV 18
1.0324783802248010906e-18
0
0
0
DERIV 19
-1.1527177083416593959e-19
0
0
0
DERIV 20
1.2893154618205970217e-20
0
0
0
DERIV 21
-1.4450796881031513824e-21
0
0
0
DERIV 22
1.6230297285861544045e-22
0
0
0
DERIV 23
-1.8265199102061097119e-23
0
0
0
DERIV 24
2.0593502443635391768e-24
0
0
0
DERIV 25
-2.325869825992461537e-25
0
0
0
DERIV 26
2.631080399314817975e-26
0
0
0
DERIV 27
-2.9807468773039659896e-27
0
0
0
DERIV 28
3.381520351811389144e-28
0
0
0
DERIV 29
-3.841078155142232819e-29
0
0
0
DERIV 30
4.368285050993899947e-30
0
0
0
DERIV 31
-4.973379593809876368e-31
0
0
0
DERIV 32
5.668189987336365462e-32
0
0
0
DERIV 33
-6.466384302035280282e-33
0
0
0
DERIV 34
7.383760622511984612e-34
0
0
0
DERIV 35
-8.438583568816782189e-35
0
0
0
AT 35/4
1.6399398694359726192e-5
0
0
0
DERIV 1
-1.8109865727514428422e-5
0
0
0
DERIV 2
1.0089782333900896319e-5
0
0
0
DERIV 3
-3.787056275263901603e-6
0
0
0
DERIV 4
1.0791825622404832768e-6
0
0
0
DERIV 5
-2.495836677055596546e-7
0
0
0
DERIV 6
4.892246440302968670e-8
0
0
0
DERIV 7
-8.385632003102936395e-9
0
0
0
DERIV 8
1.2877166161712665423e-9
0
0
0
DERIV 9
-1.8072159134163359796e-10
0
0
0
DERIV 10
2.3579100047562964353e-11
0
0
0
DERIV 11
-2.9034669473697177222e-12
0
0
0
DERIV 12
3.419802544073087420e-13
0
0
0
DERIV 13
-3.898530910355529058e-14
0
0
0
DERIV 14
4.344950138865026081e-15
0
0
0
DERIV 15
-4.773102589835603283e-16
0
0
0
DERIV 16
5.200594181846809219e-17
0
0
0
DERIV 17
-5.644831544268890516e-18
0
0
0
DERIV 18
6.121120221879429720e-19
0
0
0
DERIV 19
-6.642265745394266229e-20
0
0
0
DERIV 20
7.219046539310765708e-21
0
0
0
DERIV 21
-7.861010254364025243e-22
0
0
0
DERIV 22
8.577258747190530903e-23
0
0
0
DERIV 23
-9.377082753377635553e-24
0
0
0
DERIV 24
1.0270430137209321994e-24
0
0
0
DERIV 25
-1.1268245818227942214e-25
0
0
0
DERIV 26
1.2382732617493784053e-26
0
0
0
DERIV 27
-1.3627574221161820287e-27
0
0
0
DERIV 28
1.5018148959074926812e-28
0
0
0
DERIV 29
-1.6571752623750044564e-29
0
0
0
DERIV 30
1.8307841676596891122e-30
0
0
0
DERIV 31
-2.024830437868678610e-31
0
0
0
DERIV 32
2.2417765630942080110e-32
0
0
0
DERIV 33
-2.4843930763371827691e-33
0
0
0
DERIV 34
2.755797362600872671e-34
0
0
0
DERIV 35
-3.059497480287249295e-35
0
0
0
AT 9
1.2447354178006272326e-5
0
0
0
DERIV 1
-1.3712200454075505296e-5
0
0
0
DERIV 2
7.617889141153058686e-6
0
0
0
DERIV 3
-2.849654826875773874e-6
0
0
0
DERIV 4
8.088129211594605788e-7
0
0
0
DERIV 5
-1.8616281899813682133e-7
0
0
0
DERIV 6
3.628202090826568692e-8
0
0
0
DERIV 7
-6.176105255960919736e-9
0
0
0
DERIV 8
9.405390143214858677e-10
0
0
0
DERIV 9
-1.3067989067283277755e-10
0
0
0
DERIV 10
1.6846703919045706708e-11
0
0
0
DERIV 11
-2.0452067965284741244e-12
0
0
0
DERIV 12
2.369347273112855427e-13
0
0
0
DERIV 13
-2.6503045954865204721e-14
0
0
0
DERIV 14
2.8917304123052634525e-15
0
0
0
DERIV 15
-3.103690980682788964e-16
0
0
0
DERIV 16
3.298548589458644755e-17
0
0
0
DERIV 17
-3.488013842651305094e-18
0
0
0
DERIV 18
3.681678809507965339e-19
0
0
0
DERIV 19
-3.886723678265592421e-20
0
0
0
DERIV 20
4.108288921420647490e-21
0
0
0
DERIV 21
-4.350079564956383574e-22
0
0
0
DERIV 22
4.614940696581029432e-23
0
0
0
DERIV 23
-4.905298301333819689e-24
0
0
0
DERIV 24
5.223455307032739123e-25
0
0
0
DERIV 25
-5.571774062709538902e-26
0
0
0
DERIV 26
5.952784067718377194e-27
0
0
0
DERIV 27
-6.369246574780529914e-28
0
0
0
DERIV 28
6.824197256143293253e-29
0
0
0
DERIV 29
-7.320979450155595150e-30
0
0
0
DERIV 30
7.863274741189455186e-31
0
0
0
DERIV 31
-8.455134297068745731e-32
0
0
0
DERIV 32
9.101012663539883774e-33
0
0
0
DERIV 33
-9.805804905800731950e-34
0
0
0
DERIV 34
1.0574887648155131312e-34
0
0
0
DERIV 35
-1.1414164446954772555e-35
0
0
0
AT 37/4
9.453882399809165091e-6
0
0
0
DERIV 1
-1.0390448871502129188e-5
0
0
0
DERIV 2
5.756870320697125700e-6
0
0
0
DERIV 3
-2.146651051246543891e-6
0
0
0
DERIV 4
6.069881575848310356e-7
0
0
0
DERIV 5
-1.3908334701760223487e-7
0
0
0
DERIV 6
2.6961210251044448571e-8
0
0
0
DERIV 7
-4.559933083352782701e-9
0
0
0
DERIV 8
6.890446461874755094e-10
0
0
0
DERIV 9
-9.484779217778098459e-11
0
0
0
DERIV 10
1.2091762997838706590e-11
0
0
0
DERIV 11
-1.4486823071095058466e-12
0
0
0
DERIV 12
1.6525499912387826618e-13
0
0
0
DERIV 13
-1.8159750102830489019e-14
0
0
0
DERIV 14
1.9421726924604568394e-15
0
0
0
DERIV 15
-2.0391272075113636639e-16
0
0
0
DERIV 16
2.1163438954405162043e-17
0
0
0
DERIV 17
-2.1825669818412718491e-18
0
0
0
DERIV 18
2.244675825388394107e-19
0
0
0
DERIV 19
-2.3074983576418240517e-20
0
0
0
DERIV 20
2.3741339826296959331e-21
0
0
0
DERIV 21
-2.446444509360169056e-22
0
0
0
DERIV 22
2.5255108881364410262e-23
0
0
0
DERIV 23
-2.6119760466364014967e-24
0
0
0
DERIV 24
2.706268776346521245e-25
0
0
0
DERIV 25
-2.808735122158831786e-26
0
0
0
DERIV 26
2.9197088432853801050e-27
0
0
0
DERIV 27
-3.039546276016544010e-28
0
0
0
DERIV 28
3.168642382950083762e-29
0
0
0
DERIV 29
-3.307437772457023265e-30
0
0
0
DERIV 30
3.456421847619670538e-31
0
0
0
DERIV 31
-3.616134578970793801e-32
0
0
0
DERIV 32
3.787168010707178601e-33
0
0
0
DERIV 33
-3.970167951118477666e-34
0
0
0
DERIV 34
4.165836009462485823e-35
0
0
0
DERIV 35
-4.374932026386997594e-36
0
0
0
AT 19/2
7.184774692384830263e-6
0
0
0
DERIV 1
-7.879139988179009700e-6
0
0
0
DERIV 2
4.354261572414715708e-6
0
0
0
DERIV 3
-1.6187522136378851008e-6
0
0
0
DERIV 4
4.560937268999233451e-7
0
0
0
DERIV 5
-1.0406739269306424195e-7
0
0
0
DERIV 6
2.0071968640868293408e-8
0
0
0
DERIV 7
-3.374326115627644416e-9
0
0
0
DERIV 8
5.062083731386902329e-10
0
0
0
DERIV 9
-6.907732372810396382e-11
0
0
0
DERIV 10
8.715447269730747648e-12
0
0
0
DERIV 11
-1.0314031617651292254e-12
0
0
0
DERIV 12
1.1597044679483985756e-13
0
0
0
DERIV 13
-1.2533698038901659178e-14
0
0
0
DERIV 14
1.3154779148875981779e-15
0
0
0
DERIV 15
-1.3526524285328232959e-16
0
0
0
DERIV 16
1.3725125412348631112e-17
0
0
0
DERIV 17
-1.3819166120119994525e-18
0
0
0
DERIV 18
1.3861418201370058891e-19
0
0
0
DERIV 19
-1.3887792456933767229e-20
0
0
0
DERIV 20
1.3920178224883721816e-21
0
0
0
DERIV 21
-1.3970487683869624142e-22
0
0
0
DERIV 22
1.4044342029031102456e-23
0
0
0
DERIV 23
-1.4143804061797237885e-24
0
0
0
DERIV 24
1.4269142429074357662e-25
0
0
0
DERIV 25
-1.4419851892565646671e-26
0
0
0
DERIV 26
1.4595187164955504279e-27
0
0
0
DERIV 27
-1.4794414125224950768e-28
0
0
0
DERIV 28
1.5016912360791919456e-29
0
0
0
DERIV 29
-1.5262206591937749968e-30
0
0
0
DERIV 30
1.5529967572748650442e-31
0
0
0
DERIV 31
-1.5820001881205662455e-32
0
0
0
DERIV 32
1.6132239059878093738e-33
0
0
0
DERIV 33
-1.6466719386308166518e-34
0
0
0
DERIV 34
1.6823583300625024059e-35
0
0
0
DERIV 35
-1.7203062630820622563e-36
0
0
0
AT 39/4
5.463522729984569124e-6
0
0
0
DERIV 1
-5.978939869832697910e-6
0
0
0
DERIV 2
3.296082235933410528e-6
0
0
0
DERIV 3
-1.2218631226427768347e-6
0
0
0
DERIV 4
3.431119655488837432e-7
0
0
0
DERIV 5
-7.797727557569371382e-8
0
0
0
DERIV 6
1.4968807560724364149e-8
0
0
0
DERIV 7
-2.502236719438299804e-9
0
0
0
DERIV 8
3.728469047432133341e-10
0
0
0
DERIV 9
-5.046809606476950930e-11
0
0
0
DERIV 10
6.306229029041764135e-12
0
0
0
DERIV 11
-7.377784323103242912e-13
0
0
0
DERIV 12
8.184587170506128872e-14
0
0
0
DERIV 13
-8.708882156217901871e-15
0
0
0
DERIV 14
8.980002464022029739e-16
0
0
0
DERIV 15
-9.053460996234420256e-17
0
0
0
DERIV 16
8.991013033713436772e-18
0
0
0
DERIV 17
-8.847202942891302120e-19
0
0
0
DERIV 18
8.663326471880909144e-20
0
0
0
DERIV 19
-8.466957782015274544e-21
0
0
0
DERIV 20
8.274431642340835603e-22
0
0
0
DERIV 21
-8.094175454480818127e-23
0
0
0
DERIV 22
7.929686915890379450e-24
0
0
0
DERIV 23
-7.781715750093155441e-25
0
0
0
DERIV 24
7.649658616242634446e-26
0
0
0
DERIV 25
-7.532357019889073801e-27
0
0
0
DERIV 26
7.428508233736331739e-28
0
0
0
DERIV 27
-7.336853164271535296e-29
0
0
0
DERIV 28
7.256248014485122751e-30
0
0
0
DERIV 29
-7.185681188527802056e-31
0
0
0
DERIV 30
7.124267364046310363e-32
0
0
0
DERIV 31
-7.071233842792570260e-33
0
0
0
DERIV 32
7.025905647946465364e-34
0
0
0
DERIV 33
-6.987691777768823557e-35
0
0
0
DERIV 34
6.956073283188900853e-36
0
0
0
DERIV 35
-6.930593167058633133e-37
0
0
0
AT 10
4.156968929685324636e-6
0
0
0
DERIV 1
-4.539992976248485248e-6
0
0
0
DERIV 2
2.496996136936666759e-6
0
0
0
DERIV 3
-9.231319051705253182e-7
0
0
0
DERIV 4
2.584012668981429394e-7
0
0
0
DERIV 5
-5.850537615392214643e-8
0
0
0
DERIV 6
1.1180993813171963532e-8
0
0
0
DERIV 7
-1.8591631554640424419e-9
0
0
0
DERIV 8
2.752758082521236832e-10
0
0
0
DERIV 9
-3.697996430563543282e-11
0
0
0
DERIV 10
4.579297144718522124e-12
0
0
0
DERIV 11
-5.300361365390777757e-13
0
0
0
DERIV 12
5.806467885859221863e-14
0
0
0
DERIV 13
-6.088895972268263760e-15
0
0
0
DERIV 14
6.174745875852221381e-16
0
0
0
DERIV 15
-6.110276847102247543e-17
0
0
0
DERIV 16
5.945372479350133208e-18
0
0
0
DERIV 17
-5.723284648324698935e-19
0
0
0
DERIV 18
5.476235480016390603e-20
0
0
0
DERIV 19
-5.225334186295503245e-21
0
0
0
DERIV 20
4.982728290120715878e-22
0
0
0
DERIV 21
-4.754341615895914329e-23
0
0
0
DERIV 22
4.542274315853023430e-24
0
0
0
DERIV 23
-4.346540274747799826e-25
0
0
0
DERIV 24
4.166166157691874267e-26
0
0
0
DERIV 25
-3.999812202474292899e-27
0
0
0
DERIV 26
3.846085845106086838e-28
0
0
0
DERIV 27
-3.703679915100746344e-29
0
0
0
DERIV 28
3.571420523092675908e-30
0
0
0
DERIV 29
-3.448273225977100542e-31
0
0
0
DERIV 30
3.333332496682932795e-32
0
0
0
DERIV 31
-3.225806194071139666e-33
0
0
0
DERIV 32
3.124999923043890272e-34
0
0
0
DERIV 33
-3.030303007963006765e-35
0
0
0
DERIV 34
2.9411764642829427387e-36
0
0
0
DERIV 35
-2.857142855411335889e-37
0
0
0
AT 41/4
3.164563874279931875e-6
0
0
0
DERIV 1
-3.449512278088778828e-6
0
0
0
DERIV 2
1.8930250306584760828e-6
0
0
0
DERIV 3
-6.980422922446160462e-7
0
0
0
DERIV 4
1.9480594353989052466e-7
0
0
0
DERIV 5
-4.395030197580444774e-8
0
0
0
DERIV 6
8.364184557709031896e-9
0
0
0
DERIV 7
-1.3838710441291714461e-9
0
0
0
DERIV 8
2.0368871294833321011e-10
0
0
0
DERIV 9
-2.7169992928932859202e-11
0
0
0
DERIV 10
3.3362510258546906609e-12
0
0
0
DERIV 11
-3.823156508870767827e-13
0
0
0
DERIV 12
4.139229352276961934e-14
0
0
0
DERIV 13
-4.281594878562629295e-15
0
0
0
DERIV 14
4.274481531880564241e-16
0
0
0
DERIV 15
-4.156000677632100983e-17
0
0
0
DERIV 16
3.966088789389752981e-18
0
0
0
DERIV 17
-3.738727366925685571e-19
0
0
0
DERIV 18
3.498776491075922905e-20
0
0
0
DERIV 19
-3.2621428992575677423e-21
0
0
0
DERIV 20
3.037628107493522947e-22
0
0
0
DERIV 21
-2.829170392972458542e-23
0
0
0
DERIV 22
2.6377730944767636722e-24
0
0
0
DERIV 23
-2.462882922986691489e-25
0
0
0
DERIV 24
2.3032513866546204692e-26
0
0
0
DERIV 25
-2.1574139309644862497e-27
0
0
0
DERIV 26
2.023925994544606968e-28
0
0
0
DERIV 27
-1.9014617012260032602e-29
0
0
0
DERIV 28
1.7888428796315073624e-30
0
0
0
DERIV 29
-1.6850367232420081313e-31
0
0
0
DERIV 30
1.5891416248201780146e-32
0
0
0
DERIV 31
-1.5003701675637898264e-33
0
0
0
DERIV 32
1.4180329114143811828e-34
0
0
0
DERIV 33
-1.3415241539980306669e-35
0
0
0
DERIV 34
1.2703098275214882059e-36
0
0
0
DERIV 35
-1.2039173311635406629e-37
0
0
0
AT 21/2
2.410312959437700175e-6
0
0
0
DERIV 1
-2.622518985690205675e-6
0
0
0
DERIV 2
1.4361413493065410821e-6
0
0
0
DERIV 3
-5.282700753487829277e-7
0
0
0
DERIV 4
1.4700520121438591800e-7
0
0
0
DERIV 5
-3.305472116375254619e-8
0
0
0
DERIV 6
6.265778048677074378e-9
0
0
0
DERIV 7
-1.0318331541956183831e-9
0
0
0
DERIV 8
1.5102872975663400090e-10
0
0
0
DERIV 9
-2.0012460217741407588e-11
0
0
0
DERIV 10
2.4380496615455502020e-12
0
0
0
DERIV 11
-2.767861806555542479e-13
0
0
0
DERIV 12
2.963884207040625927e-14
0
0
0
DERIV 13
-3.0267639632470043182e-15
0
0
0
DERIV 14
2.977552516625247009e-16
0
0
0
DERIV 15
-2.847261668845120911e-17
0
0
0
DERIV 16
2.6675406190703342826e-18
0
0
0
DERIV 17
-2.464803824086322072e-19
0
0
0
DERIV 18
2.2579809794867789318e-20
0
0
0
DERIV 19
-2.0588348437261008421e-21
0
0
0
DERIV 20
1.8735347208041586644e-22
0
0
0
DERIV 21
-1.7044842616384981380e-23
0
0
0
DERIV 22
1.5518643473779318833e-24
0
0
0
DERIV 23
-1.4147210868269088706e-25
0
0
0
DERIV 24
1.2916363715959079517e-26
0
0
0
DERIV 25
-1.1810937550971790768e-27
0
0
0
DERIV 26
1.0816527157007009106e-28
0
0
0
DERIV 27
-9.920159929801526753e-30
0
0
0
DERIV 28
9.110436971658129330e-31
0
0
0
DERIV 29
-8.377442967864239535e-32
0
0
0
DERIV 30
7.712576428707400725e-33
0
0
0
DERIV 31
-7.108368561391564387e-34
0
0
0
DERIV 32
6.558317228895955773e-35
0
0
0
DERIV 33
-6.056743485991264461e-36
0
0
0
DERIV 34
5.598670538064472253e-37
0
0
0
DERIV 35
-5.179722427942720447e-38
0
0
0
AT 43/4
1.8367312554688961675e-6
0
0
0
DERIV 1
-1.994921703868759563e-6
0
0
0
DERIV 2
1.0902479079282754669e-6
0
0
0
DERIV 3
-4.000992240046862959e-7
0
0
0
DERIV 4
1.1103563701036246465e-7
0
0
0
DERIV 5
-2.4887464705103847325e-8
0
0
0
DERIV 6
4.699985418559622012e-9
0
0
0
DERIV 7
-7.705674663116783257e-10
0
0
0
DERIV 8
1.1219783252137590786e-10
0
0
0
DERIV 9
-1.4774809578843203391e-11
0
0
0
DERIV 10
1.7867077441533558418e-12
0
0
0
DERIV 11
-2.0107278706319876956e-13
0
0
0
DERIV 12
2.1310491094670010310e-14
0
0
0
DERIV 13
-2.1502465182765215621e-15
0
0
0
DERIV 14
2.0861881900426060959e-16
0
0
0
DERIV 15
-1.9638190940146852619e-17
0
0
0
DERIV 16
1.8079797614620439854e-18
0
0
0
DERIV 17
-1.6389961484389604264e-19
0
0
0
DERIV 18
1.4711040315918909720e-20
0
0
0
DERIV 19
-1.3128437130808658833e-21
0
0
0
DERIV 20
1.1683872292103281673e-22
0
0
0
DERIV 21
-1.0390206876611013819e-23
0
0
0
DERIV 22
9.243724910016585122e-25
0
0
0
DERIV 23
-8.232669093811264560e-26
0
0
0
DERIV 24
7.342416420403345121e-27
0
0
0
DERIV 25
-6.558234733395037326e-28
0
0
0
DERIV 26
5.866536460930249672e-29
0
0
0
DERIV 27
-5.255306307652678680e-30
0
0
0
DERIV 28
4.714127567654888744e-31
0
0
0
DERIV 29
-4.234042510985600338e-32
0
0
0
DERIV 30
3.807363577220296525e-33
0
0
0
DERIV 31
-3.427486516595136961e-34
0
0
0
DERIV 32
3.088724072521724579e-35
0
0
0
DERIV 33
-2.7861642979785297077e-36
0
0
0
DERIV 34
2.515551964514820305e-37
0
0
0
DERIV 35
-2.2731898344157779731e-38
0
0
0
AT 11
1.4003003042474418322e-6
0
0
0
DERIV 1
-1.5183364354768781340e-6
0
0
0
DERIV 2
8.281835102601153170e-7
0
0
0
DERIV 3
-3.032490125952442328e-7
0
0
0
DERIV 4
8.394008718545476072e-8
0
0
0
DERIV 5
-1.8757537242461602489e-8
0
0
0
DERIV 6
3.529826153500330995e-9
0
0
0
DERIV 7
-5.763086178457266945e-10
0
0
0
DERIV 8
8.349988462266166025e-11
0
0
0
DERIV 9
-1.0931593608237985758e-11
0
0
0
DERIV 10
1.3128159318197415767e-12
0
0
0
DERIV 11
-1.4653471339504451310e-13
0
0
0
DERIV 12
1.5381020195181374873e-14
0
0
0
DERIV 13
-1.5345452951774882966e-15
0
0
0
DERIV 14
1.4695598888771222043e-16
0
0
0
DERIV 15
-1.3630089728741093376e-17
0
0
0
DERIV 16
1.2342239203716119552e-18
0
0
0
DERIV 17
-1.0987078464887030999e-19
0
0
0
DERIV 18
9.670502307461816014e-21
0
0
0
DERIV 19
-8.453479174546179916e-22
0
0
0
DERIV 20
7.363140464469368167e-23
0
0
0
DERIV 21
-6.404731698716956084e-24
0
0
0
DERIV 22
5.571333350342229495e-25
0
0
0
DERIV 23
-4.850510879658458464e-26
0
0
0
DERIV 24
4.228271032308339347e-27
0
0
0
DERIV 25
-3.691106310329636258e-28
0
0
0
DERIV 26
3.226868016143596075e-29
0
0
0
DERIV 27
-2.8250070628693735873e-30
0
0
0
DERIV 28
2.476517030190767393e-31
0
0
0
DERIV 29
-2.1737625279820727536e-32
0
0
0
DERIV 30
1.9102818850635209036e-33
0
0
0
DERIV 31
-1.6806017453698235513e-34
0
0
0
DERIV 32
1.4800759777790083668e-35
0
0
0
DERIV 33
-1.3047503481054324208e-36
0
0
0
DERIV 34
1.1512503585802992297e-37
0
0
0
DERIV 35
-1.0166886430504698445e-38
0
0
0
AT 45/4
1.0680497998382846822e-6
0
0
0
DERIV 1
-1.1562042359171218004e-6
0
0
0
DERIV 2
6.294889728882108027e-7
0
0
0
DERIV 3
-2.3000375623141428592e-7
0
0
0
DERIV 4
6.350876024530769584e-8
0
0
0
DERIV 5
-1.4151213805642340357e-8
0
0
0
DERIV 6
2.654077276228768487e-9
0
0
0
DERIV 7
-4.316210138867001751e-10
0
0
0
DERIV 8
6.224622359786244510e-11
0
0
0
DERIV 9
-8.104409057856684701e-12
0
0
0
DERIV 10
9.669716168014629699e-13
0
0
0
DERIV 11
-1.0710447438351573053e-13
0
0
0
DERIV 12
1.1140810732222791860e-14
0
0
0
DERIV 13
-1.0997931487586815073e-15
0
0
0
DERIV 14
1.0403910200708221021e-16
0
0
0
DERIV 15
-9.515560476461672939e-18
0
0
0
DERIV 16
8.482238924102342661e-19
0
0
0
DERIV 17
-7.421314050455460054e-20
0
0
0
DERIV 18
6.410828888525373442e-21
0
0
0
DERIV 19
-5.493640081172659135e-22
0
0
0
DERIV 20
4.686597512793962670e-23
0
0
0
DERIV 21
-3.990120275287663642e-24
0
0
0
DERIV 22
3.395843105107797721e-25
0
0
0
DERIV 23
-2.891759286035915077e-26
0
0
0
DERIV 24
2.4652140007263714400e-27
0
0
0
DERIV 25
-2.104394679742592137e-28
0
0
0
DERIV 26
1.7989146233742153051e-29
0
0
0
DERIV 27
-1.5399178762928516329e-30
0
0
0
DERIV 28
1.3199675304693080766e-31
0
0
0
DERIV 29
-1.1328587732749858877e-32
0
0
0
DERIV 30
9.734237492452832543e-34
0
0
0
DERIV 31
-8.373551688805659586e-35
0
0
0
DERIV 32
7.210562792721652047e-36
0
0
0
DERIV 33
-6.215166567000851563e-37
0
0
0
DERIV 34
5.362104880801794129e-38
0
0
0
DERIV 35
-4.630135120077145926e-39
0
0
0
AT 23/2
8.149828770671901109e-7
0
0
0
DERIV 1
-8.808777042287574666e-7
0
0
0
DERIV 2
4.787378827330203577e-7
0
0
0
DERIV 3
-1.7456587144293902991e-7
0
0
0
DERIV 4
4.808796842247685642e-8
0
0
0
DERIV 5
-1.0685897512455426871e-8
0
0
0
DERIV 6
1.997781655326566079e-9
0
0
0
DERIV 7
-3.236803027888453345e-10
0
0
0
DERIV 8
4.647501440868955981e-11
0
0
0
DERIV 9
-6.019734454388471013e-12
0
0
0
DERIV 10
7.138559338793781815e-13
0
0
0
DERIV 11
-7.849914284155736574e-14
0
0
0
DERIV 12
8.096165029309397322e-15
0
0
0
DERIV 13
-7.913199370167887937e-16
0
0
0
DERIV 14
7.399972268902746157e-17
0
0
0
DERIV 15
-6.679396198246189408e-18
0
0
0
DERIV 16
5.866173446219116073e-19
0
0
0
DERIV 17
-5.048615366366632131e-20
0
0
0
DERIV 18
4.283791968199984900e-21
0
0
0
DERIV 19
-3.601395684800062639e-22
0
0
0
DERIV 20
3.011272872003750521e-23
0
0
0
DERIV 21
-2.5110491288827141239e-24
0
0
0
DERIV 22
2.092107013103147202e-25
0
0
0
DERIV 23
-1.7435342010511251977e-26
0
0
0
DERIV 24
1.4543649112340506964e-27
0
0
0
DERIV 25
-1.2146464320719600150e-28
0
0
0
DERIV 26
1.0158090843739014711e-29
0
0
0
DERIV 27
-8.506778759402501089e-31
0
0
0
DERIV 28
7.133302163591851452e-32
0
0
0
DERIV 29
-5.989078954694702334e-33
0
0
0
DERIV 30
5.034331460752832724e-34
0
0
0
DERIV 31
-4.236474774918946415e-35
0
0
0
DERIV 32
3.568772859160117558e-36
0
0
0
DERIV 33
-3.009242951026029281e-37
0
0
0
DERIV 34
2.539770563938995976e-38
0
0
0
DERIV 35
-2.1453963380161032731e-39
0
0
0
AT 47/4
6.221348537900149788e-7
0
0
0
DERIV 1
-6.714319001872530785e-7
0
0
0
DERIV 2
3.642875203143607061e-7
0
0
0
DERIV 3
-1.3257411217670448218e-7
0
0
0
DERIV 4
3.643850654745001421e-8
0
0
0
DERIV 5
-8.076185429613775843e-9
0
0
0
DERIV 6
1.5053234142988758620e-9
0
0
0
DERIV 7
-2.430314416915124306e-10
0
0
0
DERIV 8
3.475066297297530922e-11
0
0
0
DERIV 9
-4.479178082611716000e-12
0
0
0
DERIV 10
5.281146129020666215e-13
0
0
0
DERIV 11
-5.768071610266464015e-14
0
0
0
DERIV 12
5.901646083604874913e-15
0
0
0
DERIV 13
-5.714573140742380150e-16
0
0
0
DERIV 14
5.286258489601476578e-17
0
0
0
DERIV 15
-4.712468803261693148e-18
0
0
0
DERIV 16
4.080857867959389498e-19
0
0
0
DERIV 17
-3.457542468350171661e-20
0
0
0
DERIV 18
2.8839844876446785177e-21
0
0
0
DERIV 19
-2.380469014592997521e-22
0
0
0
DERIV 20
1.9522325061588280935e-23
0
0
0
DERIV 21
-1.5954985382739336989e-24
0
0
0
DERIV 22
1.3021232724806711071e-25
0
0
0
DERIV 23
-1.0626050572355096044e-26
0
0
0
DERIV 24
8.677458711836776514e-28
0
0
0
DERIV 25
-7.093997082431606597e-29
0
0
0
DERIV 26
5.806899808370818302e-30
0
0
0
DERIV 27
-4.759620405295576715e-31
0
0
0
DERIV 28
3.906291679459736851e-32
0
0
0
DERIV 29
-3.209941441996521698e-33
0
0
0
DERIV 30
2.640828201350612217e-34
0
0
0
DERIV 31
-2.1750210972433314553e-35
0
0
0
DERIV 32
1.7932380308137794546e-36
0
0
0
DERIV 33
-1.4799135259460497526e-37
0
0
0
DERIV 34
1.2224569572423252474e-38
0
0
0
DERIV 35
-1.0106635676225571118e-39
0
0
0
AT 12
4.751081824672494135e-7
0
0
0
DERIV 1
-5.120176961106841858e-7
0
0
0
DERIV 2
2.773429187266205610e-7
0
0
0
DERIV 3
-1.0074422261437072145e-7
0
0
0
DERIV 4
2.7630584584676675352e-8
0
0
0
DERIV 5
-6.108853106567479685e-9
0
0
0
DERIV 6
1.1353615992209141389e-9
0
0
0
DERIV 7
-1.8268806980758199745e-10
0
0
0
DERIV 8
2.6019856680182916475e-11
0
0
0
DERIV 9
-3.3383803011298527133e-12
0
0
0
DERIV 10
3.914768735852581929e-13
0
0
0
DERIV 11
-4.248446172620312626e-14
0
0
0
DERIV 12
4.314267727826267947e-15
0
0
0
DERIV 13
-4.140918945650271690e-16
0
0
0
DERIV 14
3.791604990829606394e-17
0
0
0
DERIV 15
-3.3405744195533395108e-18
0
0
0
DERIV 16
2.854541462510269065e-19
0
0
0
DERIV 17
-2.3828076356360283133e-20
0
0
0
DERIV 18
1.9553309650515220218e-21
0
0
0
DERIV 19
-1.5857734480255779031e-22
0
0
0
DERIV 20
1.2764495332846300890e-23
0
0
0
DERIV 21
-1.0230768773359196861e-24
0
0
0
DERIV 22
8.183664670578396469e-26
0
0
0
DERIV 23
-6.543016685090925002e-27
0
0
0
DERIV 24
5.233578206477878538e-28
0
0
0
DERIV 25
-4.190163517813853898e-29
0
0
0
DERIV 26
3.358772415927081720e-30
0
0
0
DERIV 27
-2.695781419138762019e-31
0
0
0
DERIV 28
2.1664208622267144369e-32
0
0
0
DERIV 29
-1.7431551544811724166e-33
0
0
0
DERIV 30
1.4042276218914118258e-34
0
0
0
DERIV 31
-1.1324478573330098164e-35
0
0
0
DERIV 32
9.142176640267795928e-37
0
0
0
DERIV 33
-7.387623383652720074e-38
0
0
0
DERIV 34
5.975285353415474858e-39
0
0
0
DERIV 35
-4.837136257798602701e-40
0
0
0
AT 49/4
3.629657950979702328e-7
0
0
0
DERIV 1
-3.906218279288986782e-7
0
0
0
DERIV 2
2.1125466204317989954e-7
0
0
0
DERIV 3
-7.660049034424120595e-8
0
0
0
DERIV 4
2.0965735436480784874e-8
0
0
0
DERIV 5
-4.624372785055214022e-9
0
0
0
DERIV 6
8.571134992247321358e-10
0
0
0
DERIV 7
-1.3747728715224896769e-10
0
0
0
DERIV 8
1.9507847592444836572e-11
0
0
0
DERIV 9
-2.4919844670185037837e-12
0
0
0
DERIV 10
2.907294771680092491e-13
0
0
0
DERIV 11
-3.136137177492802898e-14
0
0
0
DERIV 12
3.1622610140740579947e-15
0
0
0
DERIV 13
-3.010166748149359094e-16
0
0
0
DERIV 14
2.7298314123845709323e-17
0
0
0
DERIV 15
-2.3785864598325098777e-18
0
0
0
DERIV 16
2.0070435976962534125e-19
0
0
0
DERIV 17
-1.6518479507317830180e-20
0
0
0
DERIV 18
1.3345455992262999442e-21
0
0
0
DERIV 19
-1.0641984178405947261e-22
0
0
0
DERIV 20
8.413525300367758221e-24
0
0
0
DERIV 21
-6.617583721749415243e-25
0
0
0
DERIV 22
5.191311553384535449e-26
0
0
0
DERIV 23
-4.068662860220811592e-27
0
0
0
DERIV 24
3.189263342471791021e-28
0
0
0
DERIV 25
-2.5018593878907096135e-29
0
0
0
DERIV 26
1.9647514634599603826e-30
0
0
0
DERIV 27
-1.5448345641470472158e-31
0
0
0
DERIV 28
1.2161786511772418461e-32
0
0
0
DERIV 29
-9.586086333136109281e-34
0
0
0
DERIV 30
7.564677975808391351e-35
0
0
0
DERIV 31
-5.976093305005630228e-36
0
0
0
DERIV 32
4.726006999624573338e-37
0
0
0
DERIV 33
-3.741061368983186628e-38
0
0
0
DERIV 34
2.964107569831045172e-39
0
0
0
DERIV 35
-2.3505463226169556279e-40
0
0
0
AT 25/2
2.773944544005240105e-7
0
0
0
DERIV 1
-2.981322537662936645e-7
0
0
0
DERIV 2
1.6099141703379859258e-7
0
0
0
DERIV 3
-5.827491786951820517e-8
0
0
0
DERIV 4
1.5918672312433330183e-8
0
0
0
DERIV 5
-3.503230476048180375e-9
0
0
0
DERIV 6
6.476212730786198854e-10
0
0
0
DERIV 7
-1.0356154082187791893e-10
0
0
0
DERIV 8
1.4643460976735165669e-11
0
0
0
DERIV 9
-1.8628853493682465560e-12
0
0
0
DERIV 10
2.1628500203455499444e-13
0
0
0
DERIV 11
-2.3198659864335023976e-14
0
0
0
DERIV 12
2.3236385179303353556e-15
0
0
0
DERIV 13
-2.1946895680196581285e-16
0
0
0
DERIV 14
1.9723207457005557006e-17
0
0
0
DERIV 15
-1.7006527726184786083e-18
0
0
0
DERIV 16
1.4179812143568153764e-19
0
0
0
DERIV 17
-1.1514750525115765065e-20
0
0
0
DERIV 18
9.165692667646149251e-22
0
0
0
DERIV 19
-7.191713883667965522e-23
0
0
0
DERIV 20
5.588244377260990832e-24
0
0
0
DERIV 21
-4.316063252043296531e-25
0
0
0
DERIV 22
3.322427051706079697e-26
0
0
0
DERIV 23
-2.5539112242147385304e-27
0
0
0
DERIV 24
1.9628037147768065776e-28
0
0
0
DERIV 25
-1.5093552967667902974e-29
0
0
0
DERIV 26
1.1617817835968396999e-30
0
0
0
DERIV 27
-8.952760583347452930e-32
0
0
0
DERIV 28
6.907393147924100102e-33
0
0
0
DERIV 29
-5.335702928317357458e-34
0
0
0
DERIV 30
4.126389326722934748e-35
0
0
0
DERIV 31
-3.194660251492222252e-36
0
0
0
DERIV 32
2.475873025097081492e-37
0
0
0
DERIV 33
-1.9206806892239811613e-38
0
0
0
DERIV 34
1.4913530743948246590e-39
0
0
0
DERIV 35
-1.1589946777642380099e-40
0
0
0
AT 51/4
2.1207172212836399720e-7
0
0
0
DERIV 1
-2.2763297322748265461e-7
0
0
0
DERIV 2
1.2274326987756416950e-7
0
0
0
DERIV 3
-4.435677762301516895e-8
0
0
0
DERIV 4
1.2093929430930317599e-8
0
0
0
DERIV 5
-2.655776231385434119e-9
0
0
0
DERIV 6
4.897370531025778714e-10
0
0
0
DERIV 7
-7.808877183401089496e-11
0
0
0
DERIV 8
1.1004692419378906487e-11
0
0
0
DERIV 9
-1.3945071228527474132e-12
0
0
0
DERIV 10
1.6116534199860049958e-13
0
0
0
DERIV 11
-1.7193975899470151453e-14
0
0
0
DERIV 12
1.7113920283722945989e-15
0
0
0
DERIV 13
-1.6045736426968317850e-16
0
0
0
DERIV 14
1.4297090432583025674e-17
0
0
0
DERIV 15
-1.2206590593824319453e-18
0
0
0
DERIV 16
1.0063400895809638512e-19
0
0
0
DERIV 17
-8.068557736444018365e-21
0
0
0
DERIV 18
6.332254086574446738e-22
0
0
0
DERIV 19
-4.892209200145563747e-23
0
0
0
DERIV 20
3.738739864611787300e-24
0
0
0
DERIV 21
-2.837263983740548313e-25
0
0
0
DERIV 22
2.1444068849057909801e-26
0
0
0
DERIV 23
-1.6175674291637013165e-27
0
0
0
DERIV 24
1.2194875020610677492e-28
0
0
0
DERIV 25
-9.196698929545235178e-30
0
0
0
DERIV 26
6.941314762970441017e-31
0
0
0
DERIV 27
-5.244623083968951392e-32
0
0
0
DERIV 28
3.967268271083476283e-33
0
0
0
DERIV 29
-3.004544445701370928e-34
0
0
0
DERIV 30
2.2780410833712523419e-35
0
0
0
DERIV 31
-1.7290911239048985296e-36
0
0
0
DERIV 32
1.3137788676349170427e-37
0
0
0
DERIV 33
-9.991927287898712898e-39
0
0
0
DERIV 34
7.606319140521719237e-40
0
0
0
DERIV 35
-5.795292976670093445e-41
0
0
0
AT 13
1.6218662188014327655e-7
0
0
0
DERIV 1
-1.7387149284469647996e-7
0
0
0
DERIV 2
9.362311153175964408e-8
0
0
0
DERIV 3
-3.377976734753965369e-8
0
0
0
DERIV 4
9.193478266784513137e-9
0
0
0
DERIV 5
-2.014681615764338226e-9
0
0
0
DERIV 6
3.706344419273137873e-10
0
0
0
DERIV 7
-5.893574780383165561e-11
0
0
0
DERIV 8
8.279118188149105480e-12
0
0
0
DERIV 9
-1.0452367745536626043e-12
0
0
0
DERIV 10
1.2027686825336097056e-13
0
0
0
DERIV 11
-1.2766817291811231684e-14
0
0
0
DERIV 12
1.2632115865411160817e-15
0
0
0
DERIV 13
-1.1761759652485764322e-16
0
0
0
DERIV 14
1.0395692555751686647e-17
0
0
0
DERIV 15
-8.793197916670286576e-19
0
0
0
DERIV 16
7.172263356398346581e-20
0
0
0
DERIV 17
-5.681421125193127142e-21
0
0
0
DERIV 18
4.399101651143185964e-22
0
0
0
DERIV 19
-3.348756477856649071e-23
0
0
0
DERIV 20
2.5186349014798973415e-24
0
0
0
DERIV 21
-1.8791855387984776071e-25
0
0
0
DERIV 22
1.3952905334767461143e-26
0
0
0
DERIV 23
-1.0333608203548405403e-27
0
0
0
DERIV 24
7.645747517961591905e-29
0
0
0
DERIV 25
-5.657299883504820723e-30
0
0
0
DERIV 26
4.188704715998577363e-31
0
0
0
DERIV 27
-3.104341015939460969e-32
0
0
0
DERIV 28
2.3032408130392630505e-33
0
0
0
DERIV 29
-1.7108264295807309311e-34
0
0
0
DERIV 30
1.2722185354361952249e-35
0
0
0
DERIV 31
-9.470820894410915746e-37
0
0
0
DERIV 32
7.057648956007989689e-38
0
0
0
DERIV 33
-5.264466797336918093e-39
0
0
0
DERIV 34
3.930490149756536891e-40
0
0
0
DERIV 35
-2.937071245112969106e-41
0
0
0
AT 53/4
1.2407641584908859236e-7
0
0
0
DERIV 1
-1.3285632544574862317e-7
0
0
0
DERIV 2
7.144160896611011568e-8
0
0
0
DERIV 3
-2.5737267270699494142e-8
0
0
0
DERIV 4
6.992506676191070242e-9
0
0
0
DERIV 5
-1.5293251277173032309e-9
0
0
0
DERIV 6
2.807066445268921370e-10
0
0
0
DERIV 7
-4.451930243354812214e-11
0
0
0
DERIV 8
6.235001688401742941e-12
0
0
0
DERIV 9
-7.843974528233327376e-13
0
0
0
DERIV 10
8.989146869656892199e-14
0
0
0
DERIV 11
-9.495841781504136639e-15
0
0
0
DERIV 12
9.343059509722922957e-16
0
0
0
DERIV 13
-8.642498478377313656e-17
0
0
0
DERIV 14
7.580698588345458763e-18
0
0
0
DERIV 15
-6.355837230061965700e-19
0
0
0
DERIV 16
5.132038439844004616e-20
0
0
0
DERIV 17
-4.018918993722806515e-21
0
0
0
DERIV 18
3.072149320870421845e-22
0
0
0
DERIV 19
-2.3057878496231602571e-23
0
0
0
DERIV 20
1.7078145523334965153e-24
0
0
0
DERIV 21
-1.2535435505361632079e-25
0
0
0
DERIV 22
9.148873450239909244e-27
0
0
0
DERIV 23
-6.655992101625933144e-28
0
0
0
DERIV 24
4.835495290781845818e-29
0
0
0
DERIV 25
-3.512018373062899952e-30
0
0
0
DERIV 26
2.551928823748917214e-31
0
0
0
DERIV 27
-1.8558713878084664383e-32
0
0
0
DERIV 28
1.3510699176661001041e-33
0
0
0
DERIV 29
-9.846644485510359699e-35
0
0
0
DERIV 30
7.184216340409011197e-36
0
0
0
DERIV 31
-5.247306797226770962e-37
0
0
0
DERIV 32
3.836524799888252804e-38
0
0
0
DERIV 33
-2.8077635814021519423e-39
0
0
0
DERIV 34
2.0567458582388548432e-40
0
0
0
DERIV 35
-1.5079119958129126352e-41
0
0
0
AT 27/2
9.495117715144538273e-8
0
0
0
DERIV 1
-1.0155252491733959685e-7
0
0
0
DERIV 2
5.453746708523793189e-8
0
0
0
DERIV 3
-1.9618629070679459287e-8
0
0
0
DERIV 4
5.321279042149119370e-9
0
0
0
DERIV 5
-1.1616060953274073505e-9
0
0
0
DERIV 6
2.1274925345478691603e-10
0
0
0
DERIV 7
-3.365719960771258253e-11
0
0
0
DERIV 8
4.700148972193166291e-12
0
0
0
DERIV 9
-5.893263641597084091e-13
0
0
0
DERIV 10
6.727357774880297111e-14
0
0
0
DERIV 11
-7.074312116856110019e-15
0
0
0
DERIV 12
6.923632648735645070e-16
0
0
0
DERIV 13
-6.364944243394754061e-17
0
0
0
DERIV 14
5.542887155072102160e-18
0
0
0
DERIV 15
-4.608708300040356720e-19
0
0
0
DERIV 16
3.685859865917155383e-20
0
0
0
DERIV 17
-2.8551732344957621122e-21
0
0
0
DERIV 18
2.156063286224419370e-22
0
0
0
DERIV 19
-1.5965094940978260966e-23
0
0
0
DERIV 20
1.1652109572807253885e-24
0
0
0
DERIV 21
-8.418951278650776754e-26
0
0
0
DERIV 22
6.043142996346058896e-27
0
0
0
DERIV 23
-4.321058280822147730e-28
0
0
0
DERIV 24
3.083785517383333028e-29
0
0
0
DERIV 25
-2.1994611864887728558e-30
0
0
0
DERIV 26
1.5690858892574858336e-31
0
0
0
DERIV 27
-1.1201708469402182393e-32
0
0
0
DERIV 28
8.004551145622008405e-34
0
0
0
DERIV 29
-5.725987177954922218e-35
0
0
0
DERIV 30
4.100472435977248965e-36
0
0
0
DERIV 31
-2.939530264709981874e-37
0
0
0
DERIV 32
2.1094237375853089191e-38
0
0
0
DERIV 33
-1.5151982181987340365e-39
0
0
0
DERIV 34
1.0893616358345934138e-40
0
0
0
DERIV 35
-7.838802551305857056e-42
0
0
0
AT 55/4
7.268479835701071612e-8
0
0
0
DERIV 1
-7.765120072980241857e-8
0
0
0
DERIV 2
4.164928039143948266e-8
0
0
0
DERIV 3
-1.4961225837582315802e-8
0
0
0
DERIV 4
4.051533560943227130e-9
0
0
0
DERIV 5
-8.828189284153532961e-10
0
0
0
DERIV 6
1.6135306738222171460e-10
0
0
0
DERIV 7
-2.5465357303405207441e-11
0
0
0
DERIV 8
3.5463957714626961022e-12
0
0
0
DERIV 9
-4.432478415259319835e-13
0
0
0
DERIV 10
5.041117525715798316e-14
0
0
0
DERIV 11
-5.278296561878765754e-15
0
0
0
DERIV 12
5.139969622038093785e-16
0
0
0
DERIV 13
-4.697613013534297498e-17
0
0
0
DERIV 14
4.063131152095826722e-18
0
0
0
DERIV 15
-3.351815621921281605e-19
0
0
0
DERIV 16
2.6564609868488997673e-20
0
0
0
DERIV 17
-2.0366392685879253624e-21
0
0
0
DERIV 18
1.5201887575959927979e-22
0
0
0
DERIV 19
-1.1112370001194314153e-23
0
0
0
DERIV 20
7.996808554201673956e-25
0
0
0
DERIV 21
-5.690901253435862054e-26
0
0
0
DERIV 22
4.019792961596986219e-27
0
0
0
DERIV 23
-2.826414518252962600e-28
0
0
0
DERIV 24
1.9824406060632141947e-29
0
0
0
DERIV 25
-1.3891101210849582752e-30
0
0
0
DERIV 26
9.733311153520357867e-32
0
0
0
DERIV 27
-6.823726262057389038e-33
0
0
0
DERIV 28
4.788017238973880207e-34
0
0
0
DERIV 29
-3.362996920380627928e-35
0
0
0
DERIV 30
2.3645814880912829350e-36
0
0
0
DERIV 31
-1.6643160087659250684e-37
0
0
0
DERIV 32
1.1726157893938010761e-38
0
0
0
DERIV 33
-8.269776535503361163e-40
0
0
0
DERIV 34
5.837515620863811952e-41
0
0
0
DERIV 35
-4.124174394961827251e-42
0
0
0
AT 14
5.565631111145198847e-8
0
0
0
DERIV 1
-5.939490850739787567e-8
0
0
0
DERIV 2
3.181870098610599537e-8
0
0
0
DERIV 3
-1.1414327655333260124e-8
0
0
0
DERIV 4
3.086269693153477191e-9
0
0
0
DERIV 5
-6.713158390751805300e-10
0
0
0
DERIV 6
1.2245220461792437120e-10
0
0
0
DERIV 7
-1.9281777821045952085e-11
0
0
0
DERIV 8
2.6781991224313884545e-12
0
0
0
DERIV 9
-3.337208341275820118e-13
0
0
0
DERIV 10
3.782112673409393636e-14
0
0
0
DERIV 11
-3.943885005866433137e-15
0
0
0
DERIV 12
3.822278729828623903e-16
0
0
0
DERIV 13
-3.474009217313292045e-17
0
0
0
DERIV 14
2.9854936722823018335e-18
0
0
0
DERIV 15
-2.444531705047395983e-19
0
0
0
DERIV 16
1.9208398142145683145e-20
0
0
0
DERIV 17
-1.4583071298999039184e-21
0
0
0
DERIV 18
1.0765487562626479521e-22
0
0
0
DERIV 19
-7.773180274108220472e-24
0
0
0
DERIV 20
5.518789982317833643e-25
0
0
0
DERIV 21
-3.870532203904022366e-26
0
0
0
DERIV 22
2.6918416410109610962e-27
0
0
0
DERIV 23
-1.8621214241400856025e-28
0
0
0
DERIV 24
1.2842393516055917644e-29
0
0
0
DERIV 25
-8.844504298953332830e-31
0
0
0
DERIV 26
6.089249722666021959e-32
0
0
0
DERIV 27
-4.193827469306399588e-33
0
0
0
DERIV 28
2.890553742090909359e-34
0
0
0
DERIV 29
-1.9941570935839036381e-35
0
0
0
DERIV 30
1.3771419112591732898e-36
0
0
0
DERIV 31
-9.520136449483691625e-38
0
0
0
DERIV 32
6.587820142030695853e-39
0
0
0
DERIV 33
-4.563060707338501666e-40
0
0
0
DERIV 34
3.163486574759480745e-41
0
0
0
DERIV 35
-2.1950780651775314164e-42
0
0
0
AT 57/4
4.262933284405442609e-8
0
0
0
DERIV 1
-4.544527842696344467e-8
0
0
0
DERIV 2
2.4317210386357607480e-8
0
0
0
DERIV 3
-8.711860340697756633e-9
0
0
0
DERIV 4
2.352072233090019549e-9
0
0
0
DERIV 5
-5.107568140122037429e-10
0
0
0
DERIV 6
9.298726179254854658e-11
0
0
0
DERIV 7
-1.4610139077249164322e-11
0
0
0
DERIV 8
2.0242288433402520526e-12
0
0
0
DERIV 9
-2.515026906177588647e-13
0
0
0
DERIV 10
2.8407880908416384091e-14
0
0
0
DERIV 11
-2.9508050428906806269e-15
0
0
0
DERIV 12
2.846928716526967023e-16
0
0
0
DERIV 13
-2.5739720692218610861e-17
0
0
0
DERIV 14
2.1985662600293351758e-18
0
0
0
DERIV 15
-1.7875240997251798936e-19
0
0
0
DERIV 16
1.3932073752933205540e-20
0
0
0
DERIV 17
-1.0479457035170025766e-21
0
0
0
DERIV 18
7.655268316625989838e-23
0
0
0
DERIV 19
-5.462964115774048724e-24
0
0
0
DERIV 20
3.828770605997371735e-25
0
0
0
DERIV 21
-2.647860790494787581e-26
0
0
0
DERIV 22
1.8141183701136056903e-27
0
0
0
DERIV 23
-1.2352938550193399907e-28
0
0
0
DERIV 24
8.380777636191535853e-30
0
0
0
DERIV 25
-5.675295910502162524e-31
0
0
0
DERIV 26
3.840753014298815198e-32
0
0
0
DERIV 27
-2.5996141868727643987e-33
0
0
0
DERIV 28
1.7606279744842191821e-34
0
0
0
DERIV 29
-1.1934379598644756702e-35
0
0
0
DERIV 30
8.097549734256401050e-37
0
0
0
DERIV 31
-5.499737550362869266e-38
0
0
0
DERIV 32
3.739029377825831141e-39
0
0
0
DERIV 33
-2.5444210782627194545e-40
0
0
0
DERIV 34
1.7330576135202675918e-41
0
0
0
DERIV 35
-1.1814371571005758086e-42
0
0
0
AT 29/2
3.266042690503870922e-8
0
0
0
DERIV 1
-3.478259741847697344e-8
0
0
0
DERIV 2
1.8590698620220371230e-8
0
0
0
DERIV 3
-6.651844333894172879e-9
0
0
0
DERIV 4
1.7933358062586334285e-9
0
0
0
DERIV 5
-3.887976436601931199e-10
0
0
0
DERIV 6
7.065385524559587443e-11
0
0
0
DERIV 7
-1.1077891587696733552e-11
0
0
0
DERIV 8
1.5311570843285471683e-12
0
0
0
DERIV 9
-1.8971554987093963400e-13
0
0
0
DERIV 10
2.1360599328027056667e-14
0
0
0
DERIV 11
-2.2105999288577851036e-15
0
0
0
DERIV 12
2.1236535358638330720e-16
0
0
0
DERIV 13
-1.9105032370925825221e-17
0
0
0
DERIV 14
1.6224573056344747627e-18
0
0
0
DERIV 15
-1.3103285521383232684e-19
0
0
0
DERIV 16
1.0134378204953487821e-20
0
0
0
DERIV 17
-7.555993244953894999e-22
0
0
0
DERIV 18
5.464804755195519904e-23
0
0
0
DERIV 19
-3.856406392714693368e-24
0
0
0
DERIV 20
2.669578608035768293e-25
0
0
0
DERIV 21
-1.8214975778799481906e-26
0
0
0
DERIV 22
1.2300503399049821664e-27
0
0
0
DERIV 23
-8.248820111611170526e-29
0
0
0
DERIV 24
5.507866814684749897e-30
0
0
0
DERIV 25
-3.669011851836941755e-31
0
0
0
DERIV 26
2.4416564118457719990e-32
0
0
0
DERIV 27
-1.6247285968310859073e-33
0
0
0
DERIV 28
1.0816253655075087149e-34
0
0
0
DERIV 29
-7.206195547898269812e-36
0
0
0
DERIV 30
4.805441664885170082e-37
0
0
0
DERIV 31
-3.207614322381315965e-38
0
0
0
DERIV 32
2.1431503769836586061e-39
0
0
0
DERIV 33
-1.4332858679555096690e-40
0
0
0
DERIV 34
9.594120581384783646e-42
0
0
0
DERIV 35
-6.427621833932382853e-43
0
0
0
AT 59/4
2.5029403275260678771e-8
0
0
0
DERIV 1
-2.6629583359199862665e-8
0
0
0
DERIV 2
1.4217489420589496245e-8
0
0
0
DERIV 3
-5.080862285090856188e-9
0
0
0
DERIV 4
1.3679149030503134966e-9
0
0
0
DERIV 5
-2.961051894016941120e-10
0
0
0
DERIV 6
5.371463918918813927e-11
0
0
0
DERIV 7
-8.405079309193538538e-12
0
0
0
DERIV 8
1.1590623361859301425e-12
0
0
0
DERIV 9
-1.4323332393736653318e-13
0
0
0
DERIV 10
1.6078059737946893291e-14
0
0
0
DERIV 11
-1.6580707979695165956e-15
0
0
0
DERIV 12
1.5863788194421932680e-16
0
0
0
DERIV 13
-1.4204250902403119528e-17
0
0
0
DERIV 14
1.1996755186110193678e-18
0
0
0
DERIV 15
-9.627574963993344718e-20
0
0
0
DERIV 16
7.391976275781348172e-21
0
0
0
DERIV 17
-5.465394025636633148e-22
0
0
0
DERIV 18
3.915431973440467070e-23
0
0
0
DERIV 19
-2.7337301298145031551e-24
0
0
0
DERIV 20
1.8701635870192069338e-25
0
0
0
DERIV 21
-1.2596528947757752603e-26
0
0
0
DERIV 22
8.388754763358598533e-28
0
0
0
DERIV 23
-5.543025587387013351e-29
0
0
0
DERIV 24
3.644320705367087599e-30
0
0
0
DERIV 25
-2.389064825867093926e-31
0
0
0
DERIV 26
1.5640116833557481468e-32
0
0
0
DERIV 27
-1.0235203747632831910e-33
0
0
0
DERIV 28
6.700029636619284893e-35
0
0
0
DERIV 29
-4.388770529491875799e-36
0
0
0
DERIV 30
2.877260324207611451e-37
0
0
0
DERIV 31
-1.8880834931263528112e-38
0
0
0
DERIV 32
1.2401560394096272234e-39
0
0
0
DERIV 33
-8.153361274317108903e-41
0
0
0
DERIV 34
5.365213270427733674e-42
0
0
0
DERIV 35
-3.5335318474344523598e-43
0
0
0
AT 15
1.9186278921499587247e-8
0
0
0
DERIV 1
-2.0393488033475674557e-8
0
0
0
DERIV 2
1.0876526951186196162e-8
0
0
0
DERIV 3
-3.882315870075897023e-9
0
0
0
DERIV 4
1.0438444615650792797e-9
0
0
0
DERIV 5
-2.2561743822904837918e-10
0
0
0
DERIV 6
4.085859105920797514e-11
0
0
0
DERIV 7
-6.381103622721876349e-12
0
0
0
DERIV 8
8.780219185046330330e-13
0
0
0
DERIV 9
-1.0822991448684745102e-13
0
0
0
DERIV 10
1.2113693467497396357e-14
0
0
0
DERIV 11
-1.2450631130258594055e-15
0
0
0
DERIV 12
1.1866217962142251226e-16
0
0
0
DERIV 13
-1.0577287159852978998e-17
0
0
0
DERIV 14
8.887129563111269547e-19
0
0
0
DERIV 15
-7.089292926483362438e-20
0
0
0
DERIV 16
5.405510216894210259e-21
0
0
0
DERIV 17
-3.965046883840713319e-22
0
0
0
DERIV 18
2.815041111342628211e-23
0
0
0
DERIV 19
-1.9455681284300105408e-24
0
0
0
DERIV 20
1.3160168612703705884e-25
0
0
0
DERIV 21
-8.754823150596129431e-27
0
0
0
DERIV 22
5.752687704631928900e-28
0
0
0
DERIV 23
-3.747266047358629119e-29
0
0
0
DERIV 24
2.4269555922372181484e-30
0
0
0
DERIV 25
-1.5663991593795009257e-31
0
0
0
DERIV 26
1.0091587869154546917e-32
0
0
0
DERIV 27
-6.497278983922120933e-34
0
0
0
DERIV 28
4.183511042140655280e-35
0
0
0
DERIV 29
-2.6951411897195206664e-36
0
0
0
DERIV 30
1.7376375986840803226e-37
0
0
0
DERIV 31
-1.1213045255948727293e-38
0
0
0
DERIV 32
7.242533426700700871e-40
0
0
0
DERIV 33
-4.682276669453124306e-41
0
0
0
DERIV 34
3.029777509132219174e-42
0
0
0
DERIV 35
-1.9621613609494374311e-43
0
0
0
AT 61/4
1.4710895448824582074e-8
0
0
0
DERIV 1
-1.5622096180405193180e-8
0
0
0
DERIV 2
8.323247964967381487e-9
0
0
0
DERIV 3
-2.967540531266583043e-9
0
0
0
DERIV 4
7.968652904747168521e-10
0
0
0
DERIV 5
-1.7198690417292225089e-10
0
0
0
DERIV 6
3.109554729094328305e-11
0
0
0
DERIV 7
-4.847381356331117889e-12
0
0
0
DERIV 8
6.655812207292955554e-13
0
0
0
DERIV 9
-8.184557154947006548e-14
0
0
0
DERIV 10
9.135261366000649363e-15
0
0
0
DERIV 11
-9.359423850788444226e-16
0
0
0
DERIV 12
8.887270244982268680e-17
0
0
0
DERIV 13
-7.888191452384719039e-18
0
0
0
DERIV 14
6.595085143182470414e-19
0
0
0
DERIV 15
-5.230983535747439319e-20
0
0
0
DERIV 16
3.962423112840960142e-21
0
0
0
DERIV 17
-2.884677015569727353e-22
0
0
0
DERIV 18
2.0305078232755262586e-23
0
0
0
DERIV 19
-1.3898261711888300478e-24
0
0
0
DERIV 20
9.300051297869345396e-26
0
0
0
DERIV 21
-6.113764933238205901e-27
0
0
0
DERIV 22
3.965784253571351132e-28
0
0
0
DERIV 23
-2.547877353491466152e-29
0
0
0
DERIV 24
1.6263038322029174737e-30
0
0
0
DERIV 25
-1.0338430804722505198e-31
0
0
0
DERIV 26
6.557293114718802448e-33
0
0
0
DERIV 27
-4.154956951431774291e-34
0
0
0
DERIV 28
2.632380026471426015e-35
0
0
0
DERIV 29
-1.6683952476542981441e-36
0
0
0
DERIV 30
1.0581509659999085597e-37
0
0
0
DERIV 31
-6.716765834832570736e-39
0
0
0
DERIV 32
4.267391669547510134e-40
0
0
0
DERIV 33
-2.713672873545540090e-41
0
0
0
DERIV 34
1.7271735476156062673e-42
0
0
0
DERIV 35
-1.1002287131628622904e-43
0
0
0
AT 31/2
1.1282158685645053725e-8
0
0
0
DERIV 1
-1.1970266855790516259e-8
0
0
0
DERIV 2
6.371271068396645701e-9
0
0
0
DERIV 3
-2.269077640191951416e-9
0
0
0
DERIV 4
6.085551983534570128e-10
0
0
0
DERIV 5
-1.3116152435792207552e-10
0
0
0
DERIV 6
2.3677065490890213093e-11
0
0
0
DERIV 7
-3.684383758115866669e-12
0
0
0
DERIV 8
5.048710241447186065e-13
0
0
0
DERIV 9
-6.194002350569480384e-14
0
0
0
DERIV 10
6.895202143256634077e-15
0
0
0
DERIV 11
-7.042911055593266887e-16
0
0
0
DERIV 12
6.664165974483142142e-17
0
0
0
DERIV 13
-5.891044480825945613e-18
0
0
0
DERIV 14
4.902276012788580114e-19
0
0
0
DERIV 15
-3.867294042316520667e-20
0
0
0
DERIV 16
2.9112053294871217542e-21
0
0
0
DERIV 17
-2.1042537469494842632e-22
0
0
0
DERIV 18
1.4691278567817247660e-23
0
0
0
DERIV 19
-9.963421253686521886e-25
0
0
0
DERIV 20
6.598629014574133853e-26
0
0
0
DERIV 21
-4.288750479488586718e-27
0
0
0
DERIV 22
2.747662951561392323e-28
0
0
0
DERIV 23
-1.7419155098119557049e-29
0
0
0
DERIV 24
1.0962837010226362929e-30
0
0
0
DERIV 25
-6.867057863577461401e-32
0
0
0
DERIV 26
4.289642882796854269e-33
0
0
0
DERIV 27
-2.676004231820082467e-34
0
0
0
DERIV 28
1.6687213743696528567e-35
0
0
0
DERIV 29
-1.0408243217788126733e-36
0
0
0
DERIV 30
6.495675212695992581e-38
0
0
0
DERIV 31
-4.057028187423844310e-39
0
0
0
DERIV 32
2.5360975340548084248e-40
0
0
0
DERIV 33
-1.5867482365969678489e-41
0
0
0
DERIV 34
9.936400102213260563e-43
0
0
0
DERIV 35
-6.227537105586838947e-44
0
0
0
AT 63/4
8.654596720261780066e-9
0
0
0
DERIV 1
-9.174477753696680962e-9
0
0
0
DERIV 2
4.878492138846376481e-9
0
0
0
DERIV 3
-1.7355766473503939679e-9
0
0
0
DERIV 4
4.649164134148585803e-10
0
0
0
DERIV 5
-1.0006878323049630608e-10
0
0
0
DERIV 6
1.8036974828521172959e-11
0
0
0
DERIV 7
-2.8019369598851398490e-12
0
0
0
DERIV 8
3.832047753851323476e-13
0
0
0
DERIV 9
-4.690947848664428968e-14
0
0
0
DERIV 10
5.208781749420658862e-15
0
0
0
DERIV 11
-5.304911942824687357e-16
0
0
0
DERIV 12
5.002848312806615284e-17
0
0
0
DERIV 13
-4.405405675427208659e-18
0
0
0
DERIV 14
3.649672330901689154e-19
0
0
0
DERIV 15
-2.864356124003470610e-20
0
0
0
DERIV 16
2.1434659679094146213e-21
0
0
0
DERIV 17
-1.5388125422433886033e-22
0
0
0
DERIV 18
1.0660428011790838162e-23
0
0
0
DERIV 19
-7.166487877745826176e-25
0
0
0
DERIV 20
4.699743657741986567e-26
0
0
0
DERIV 21
-3.0214422048577876785e-27
0
0
0
DERIV 22
1.9128005085555019839e-28
0
0
0
DERIV 23
-1.1971616278751752359e-29
0
0
0
DERIV 24
7.432185288262023588e-31
0
0
0
DERIV 25
-4.589241291945926068e-32
0
0
0
DERIV 26
2.8244836112204725027e-33
0
0
0
DERIV 27
-1.7353291158986248669e-34
0
0
0
DERIV 28
1.0654555245726504946e-35
0
0
0
DERIV 29
-6.541904420274177013e-37
0
0
0
DERIV 30
4.018595871269753000e-38
0
0
0
DERIV 31
-2.4702990622551427231e-39
0
0
0
DERIV 32
1.5197786447723619749e-40
0
0
0
DERIV 33
-9.358039080766440103e-42
0
0
0
DERIV 34
5.767169571293580677e-43
0
0
0
DERIV 35
-3.557163896593392460e-44
0
0
0
AT 16
6.640487249441042670e-9
0
0
0
DERIV 1
-7.033448419953694779e-9
0
0
0
DERIV 2
3.736519473100400480e-9
0
0
0
DERIV 3
-1.3279297147047991498e-9
0
0
0
DERIV 4
3.553070562081914265e-10
0
0
0
DERIV 5
-7.637742297669036459e-11
0
0
0
DERIV 6
1.3746669141082754640e-11
0
0
0
DERIV 7
-2.1319541841361185902e-12
0
0
0
DERIV 8
2.910319294636368010e-13
0
0
0
DERIV 9
-3.555073886116791184e-14
0
0
0
DERIV 10
3.937958894481726273e-15
0
0
0
DERIV 11
-3.999503765992827617e-16
0
0
0
DERIV 12
3.759738300434172148e-17
0
0
0
DERIV 13
-3.2985843537126235614e-18
0
0
0
DERIV 14
2.721145965994362539e-19
0
0
0
DERIV 15
-2.1251944634969978439e-20
0
0
0
DERIV 16
1.5813932038721176069e-21
0
0
0
DERIV 17
-1.1279736922288018917e-22
0
0
0
DERIV 18
7.756746910147447720e-24
0
0
0
DERIV 19
-5.171004810345896936e-25
0
0
0
DERIV 20
3.359381176074804108e-26
0
0
0
DERIV 21
-2.1372969238216343837e-27
0
0
0
DERIV 22
1.3376670381418416453e-28
0
0
0
DERIV 23
-8.268988264377918523e-30
0
0
0
DERIV 24
5.066140159912750831e-31
0
0
0
DERIV 25
-3.085028388238874277e-32
0
0
0
DERIV 26
1.8714235188132560377e-33
0
0
0
DERIV 27
-1.1327790112930526481e-34
0
0
0
DERIV 28
6.850085294475757705e-36
0
0
0
DERIV 29
-4.141626964518851543e-37
0
0
0
DERIV 30
2.504884559083253429e-38
0
0
0
DERIV 31
-1.5159064998820045189e-39
0
0
0
DERIV 32
9.181013121239317501e-41
0
0
0
DERIV 33
-5.565060372034433214e-42
0
0
0
DERIV 34
3.3761020626019925859e-43
0
0
0
DERIV 35
-2.0498443191449707534e-44
0
0
0
AT 33/2
3.911920796827056888e-9
0
0
0
DERIV 1
-4.136729318990830051e-9
0
0
0
DERIV 2
2.193720093404228245e-9
0
0
0
DERIV 3
-7.780900417875314315e-10
0
0
0
DERIV 4
2.0773145079677845485e-10
0
0
0
DERIV 5
-4.454457224234314771e-11
0
0
0
DERIV 6
7.995183258312675356e-12
0
0
0
DERIV 7
-1.2361138220209169579e-12
0
0
0
DERIV 8
1.6814894390970214282e-13
0
0
0
DERIV 9
-2.0458246003497647348e-14
0
0
0
DERIV 10
2.2558760313300287662e-15
0
0
0
DERIV 11
-2.279244816919993032e-16
0
0
0
DERIV 12
2.1298620476827138553e-17
0
0
0
DERIV 13
-1.8558503902342226090e-18
0
0
0
DERIV 14
1.5189316647782175747e-19
0
0
0
DERIV 15
-1.1755361331308799511e-20
0
0
0
DERIV 16
8.656322975641170720e-22
0
0
0
DERIV 17
-6.100676799547880427e-23
0
0
0
DERIV 18
4.138094199326461385e-24
0
0
0
DERIV 19
-2.716004681656199099e-25
0
0
0
DERIV 20
1.7337929854838008234e-26
0
0
0
DERIV 21
-1.0817142711233720529e-27
0
0
0
DERIV 22
6.625887333240132061e-29
0
0
0
DERIV 23
-4.001109835783101043e-30
0
0
0
DERIV 24
2.390550145472241726e-31
0
0
0
DERIV 25
-1.4175348274433392160e-32
0
0
0
DERIV 26
8.363266653231949585e-34
0
0
0
DERIV 27
-4.918909249083100420e-35
0
0
0
DERIV 28
2.8882552374601529436e-36
0
0
0
DERIV 29
-1.6947757341565259592e-37
0
0
0
DERIV 30
9.944584567960244127e-39
0
0
0
DERIV 31
-5.837631699739730402e-40
0
0
0
DERIV 32
3.428969518254325290e-41
0
0
0
DERIV 33
-2.0156650972287628664e-42
0
0
0
DERIV 34
1.1858254688498891841e-43
0
0
0
DERIV 35
-6.981883615634164449e-45
0
0
0
AT 17
2.306431989821654317e-9
0
0
0
DERIV 1
-2.435257481638333430e-9
0
0
0
DERIV 2
1.2892539608673529803e-9
0
0
0
DERIV 3
-4.564352257972654763e-10
0
0
0
DERIV 4
1.2160590993186873730e-10
0
0
0
DERIV 5
-2.6016443402603463438e-11
0
0
0
DERIV 6
4.657617910899815981e-12
0
0
0
DERIV 7
-7.180238861220689914e-13
0
0
0
DERIV 8
9.735536281839148091e-14
0
0
0
DERIV 9
-1.1801393268646907182e-14
0
0
0
DERIV 10
1.2958713217753230376e-15
0
0
0
DERIV 11
-1.3030626602220058520e-16
0
0
0
DERIV 12
1.2110346130608087104e-17
0
0
0
DERIV 13
-1.0486544220239093738e-18
0
0
0
DERIV 14
8.521366225663465650e-20
0
0
0
DERIV 15
-6.540678412624263676e-21
0
0
0
DERIV 16
4.770917564869512717e-22
0
0
0
DERIV 17
-3.326000675513544679e-23
0
0
0
DERIV 18
2.2281460593381526175e-24
0
0
0
DERIV 19
-1.4418849372991632028e-25
0
0
0
DERIV 20
9.058560471079877955e-27
0
0
0
DERIV 21
-5.551475304944958043e-28
0
0
0
DERIV 22
3.333798318220143765e-29
0
0
0
DERIV 23
-1.9699943536322275030e-30
0
0
0
DERIV 24
1.1497859924693282706e-31
0
0
0
DERIV 25
-6.649908973082418597e-33
0
0
0
DERIV 26
3.821645284896064864e-34
0
0
0
DERIV 27
-2.1871310417657080852e-35
0
0
0
DERIV 28
1.2485869153008748002e-36
0
0
0
DERIV 29
-7.118908519286881076e-38
0
0
0
DERIV 30
4.057187695663454510e-39
0
0
0
DERIV 31
-2.3125560912664615789e-40
0
0
0
DERIV 32
1.3187423832456466771e-41
0
0
0
DERIV 33
-7.525042717449703838e-43
0
0
0
DERIV 34
4.297129525744962722e-44
0
0
0
DERIV 35
-2.4557382604465462959e-45
0
0
0
AT 35/2
1.3609172156768225370e-9
0
0
0
DERIV 1
-1.4348566604251325325e-9
0
0
0
DERIV 2
7.584242347961414401e-10
0
0
0
DERIV 3
-2.680351285392798490e-10
0
0
0
DERIV 4
7.127291397892107779e-11
0
0
0
DERIV 5
-1.5215329190198208924e-11
0
0
0
DERIV 6
2.7173959580602177247e-12
0
0
0
DERIV 7
-4.177907267149655280e-13
0
0
0
DERIV 8
5.647625906454620318e-14
0
0
0
DERIV 9
-6.822715684256084983e-15
0
0
0
DERIV 10
7.462905512245756474e-16
0
0
0
DERIV 11
-7.471452489789793907e-17
0
0
0
DERIV 12
6.909133352054219662e-18
0
0
0
DERIV 13
-5.948620632785041609e-19
0
0
0
DERIV 14
4.802298520102865923e-20
0
0
0
DERIV 15
-3.658484258784512460e-21
0
0
0
DERIV 16
2.645688769864401641e-22
0
0
0
DERIV 17
-1.8262952559446267432e-23
0
0
0
DERIV 18
1.2097328934327159578e-24
0
0
0
DERIV 19
-7.728473273064643372e-26
0
0
0
DERIV 20
4.785228581490889737e-27
0
0
0
DERIV 21
-2.885049679232496465e-28
0
0
0
DERIV 22
1.7013196652582504729e-29
0
0
0
DERIV 23
-9.854165516325189114e-31
0
0
0
DERIV 24
5.627589974004929325e-32
0
0
0
DERIV 25
-3.179639567003920495e-33
0
0
0
DERIV 26
1.7826333592795448366e-34
0
0
0
DERIV 27
-9.940972222988890394e-36
0
0
0
DERIV 28
5.524740281023684536e-37
0
0
0
DERIV 29
-3.064360744417434176e-38
0
0
0
DERIV 30
1.6981038982990333885e-39
0
0
0
DERIV 31
-9.407885955115616598e-41
0
0
0
DERIV 32
5.213389883997252502e-42
0
0
0
DERIV 33
-2.8904572132931852660e-43
0
0
0
DERIV 34
1.6035967318940528118e-44
0
0
0
DERIV 35
-8.902986781079160884e-46
0
0
0
AT 18
8.036090344828677965e-10
0
0
0
DERIV 1
-8.461099858173682059e-10
0
0
0
DERIV 2
4.465580480702776958e-10
0
0
0
DERIV 3
-1.5755751793512722163e-10
0
0
0
DERIV 4
4.181947932302064712e-11
0
0
0
DERIV 5
-8.909560073945653596e-12
0
0
0
DERIV 6
1.5876323911327176823e-12
0
0
0
DERIV 7
-2.434805078748453347e-13
0
0
0
DERIV 8
3.282072870168812189e-14
0
0
0
DERIV 9
-3.952429023786429391e-15
0
0
0
DERIV 10
4.307866809670353476e-16
0
0
0
DERIV 11
-4.295374214984446252e-17
0
0
0
DERIV 12
3.953862346856073609e-18
0
0
0
DERIV 13
-3.386393451637810944e-19
0
0
0
DERIV 14
2.717500242330003383e-20
0
0
0
DERIV 15
-2.0561083593939841090e-21
0
0
0
DERIV 16
1.4752861203097724647e-22
0
0
0
DERIV 17
-1.0092716412161327676e-23
0
0
0
DERIV 18
6.617117779121920014e-25
0
0
0
DERIV 19
-4.178249725152012205e-26
0
0
0
DERIV 20
2.5529654335378932686e-27
0
0
0
DERIV 21
-1.5163839705157626085e-28
0
0
0
DERIV 22
8.794196550563142231e-30
0
0
0
DERIV 23
-5.000534284598665101e-31
0
0
0
DERIV 24
2.798692219457175591e-32
0
0
0
DERIV 25
-1.5471841405140186325e-33
0
0
0
DERIV 26
8.474673661391862081e-35
0
0
0
DERIV 27
-4.611480149847454109e-36
0
0
0
DERIV 28
2.498187264919733079e-37
0
0
0
DERIV 29
-1.3495932928009057726e-38
0
0
0
DERIV 30
7.279714073500058403e-40
0
0
0
DERIV 31
-3.924114526115566103e-41
0
0
0
DERIV 32
2.1151521858868319484e-42
0
0
0
DERIV 33
-1.1404503337137550860e-43
0
0
0
DERIV 34
6.152353001368903057e-45
0
0
0
DERIV 35
-3.3211363236063625353e-46
0
0
0
AT 37/2
4.748571830069095799e-10
0
0
0
DERIV 1
-4.993216033497618600e-10
0
0
0
DERIV 2
2.631559801437934378e-10
0
0
0
DERIV 3
-9.270336560852044308e-11
0
0
0
DERIV 4
2.4563311357936853557e-11
0
0
0
DERIV 5
-5.223210609158798458e-12
0
0
0
DERIV 6
9.287819840439846151e-13
0
0
0
DERIV 7
-1.4210411661347714466e-13
0
0
0
DERIV 8
1.9105108987685099041e-14
0
0
0
DERIV 9
-2.2939596764976732989e-15
0
0
0
DERIV 10
2.491976865055215224e-16
0
0
0
DERIV 11
-2.4754645486778661310e-17
0
0
0
DERIV 12
2.2690031103212370388e-18
0
0
0
DERIV 13
-1.9340056757553964148e-19
0
0
0
DERIV 14
1.5434955479159084704e-20
0
0
0
DERIV 15
-1.1605398621712660671e-21
0
0
0
DERIV 16
8.267610451189955387e-23
0
0
0
DERIV 17
-5.609918870826621633e-24
0
0
0
DERIV 18
3.643823293328870313e-25
0
0
0
DERIV 19
-2.2764433312415711539e-26
0
0
0
DERIV 20
1.3742214519351674939e-27
0
0
0
DERIV 21
-8.051818340465643074e-29
0
0
0
DERIV 22
4.598736877905599907e-30
0
0
0
DERIV 23
-2.570871388437244231e-31
0
0
0
DERIV 24
1.4122352400353678412e-32
0
0
0
DERIV 25
-7.650265995455035988e-34
0
0
0
DERIV 26
4.100041325548830974e-35
0
0
0
DERIV 27
-2.1800117924048957988e-36
0
0
0
DERIV 28
1.1526767784403820844e-37
0
0
0
DERIV 29
-6.072307160032324065e-39
0
0
0
DERIV 30
3.1917416174659562107e-40
0
0
0
DERIV 31
-1.6756843807053718054e-41
0
0
0
DERIV 32
8.793674787230853303e-43
0
0
0
DERIV 33
-4.615047540938987170e-44
0
0
0
DERIV 34
2.4229403882603152192e-45
0
0
0
DERIV 35
-1.2727608015147839790e-46
0
0
0
AT 19
2.807829097060795398e-10
0
0
0
DERIV 1
-2.948840230282772431e-10
0
0
0
DERIV 2
1.5520211738330380400e-10
0
0
0
DERIV 3
-5.459302550061827298e-11
0
0
0
DERIV 4
1.4441822141553501225e-11
0
0
0
DERIV 5
-3.0654435803185980225e-12
0
0
0
DERIV 6
5.440104229333645302e-13
0
0
0
DERIV 7
-8.305055831881163215e-14
0
0
0
DERIV 8
1.1138288605661212212e-14
0
0
0
DERIV 9
-1.3337108410753950836e-15
0
0
0
DERIV 10
1.4443790824895314028e-16
0
0
0
DERIV 11
-1.4298371206946341363e-17
0
0
0
DERIV 12
1.3054559074173690307e-18
0
0
0
DERIV 13
-1.1077851359070564437e-19
0
0
0
DERIV 14
8.796527115305122836e-21
0
0
0
DERIV 15
-6.576127445092214550e-22
0
0
0
DERIV 16
4.654191229943667078e-23
0
0
0
DERIV 17
-3.1345355495445461824e-24
0
0
0
DERIV 18
2.0186879248886746709e-25
0
0
0
DERIV 19
-1.2489613951266305025e-26
0
0
0
DERIV 20
7.456873972319471102e-28
0
0
0
DERIV 21
-4.314956200085951468e-29
0
0
0
DERIV 22
2.4301531255505869044e-30
0
0
0
DERIV 23
-1.3374842076436233048e-31
0
0
0
DERIV 24
7.221358285303309222e-33
0
0
0
DERIV 25
-3.838796555133930645e-34
0
0
0
DERIV 26
2.0158301394125746576e-35
0
0
0
DERIV 27
-1.0487495309111033954e-36
0
0
0
DERIV 28
5.419319696075752270e-38
0
0
0
DERIV 29
-2.7872705383560476761e-39
0
0
0
DERIV 30
1.4292021019300712034e-40
0
0
0
DERIV 31
-7.315328996683366164e-42
0
0
0
DERIV 32
3.741061990168189984e-43
0
0
0
DERIV 33
-1.9127099177545067390e-44
0
0
0
DERIV 34
9.780797363790754272e-46
0
0
0
DERIV 35
-5.003562194144655165e-47
0
0
0
AT 39/2
1.6613201049093578690e-10
0
0
0
DERIV 1
-1.7427014458949082124e-10
0
0
0
DERIV 2
9.160353754062979562e-11
0
0
0
DERIV 3
-3.217676897143239490e-11
0
0
0
DERIV 4
8.498824061924901722e-12
0
0
0
DERIV 5
-1.8009209100170349168e-12
0
0
0
DERIV 6
3.190042995374139969e-13
0
0
0
DERIV 7
-4.859957665340557067e-14
0
0
0
DERIV 8
6.502926439544185118e-15
0
0
0
DERIV 9
-7.766714958161549834e-16
0
0
0
DERIV 10
8.387055678660414778e-17
0
0
0
DERIV 11
-8.275883818043276578e-18
0
0
0
DERIV 12
7.528568193813045989e-19
0
0
0
DERIV 13
-6.362431154755328183e-20
0
0
0
DERIV 14
5.028737615177685168e-21
0
0
0
DERIV 15
-3.739589478388624733e-22
0
0
0
DERIV 16
2.6307997626949517239e-23
0
0
0
DERIV 17
-1.7597206701591985372e-24
0
0
0
DERIV 18
1.1244825101434395734e-25
0
0
0
DERIV 19
-6.895684216820481443e-27
0
0
0
DERIV 20
4.075741547025629453e-28
0
0
0
DERIV 21
-2.3316920890773572399e-29
0
0
0
DERIV 22
1.2964322481464829682e-30
0
0
0
DERIV 23
-7.033417491147197139e-32
0
0
0
DERIV 24
3.737471805717318997e-33
0
0
0
DERIV 25
-1.952337215559851383e-34
0
0
0
DERIV 26
1.0059028946257813979e-35
0
0
0
DERIV 27
-5.127465997898579464e-37
0
0
0
DERIV 28
2.592718786009113534e-38
0
0
0
DERIV 29
-1.3034610117212987991e-39
0
0
0
DERIV 30
6.527301225484556365e-41
0
0
0
DERIV 31
-3.260548875573641546e-42
0
0
0
DERIV 32
1.6264469070849718381e-43
0
0
0
DERIV 33
-8.108072802293145529e-45
0
0
0
DERIV 34
4.041595149367413887e-46
0
0
0
DERIV 35
-2.0150819012896307147e-47
0
0
0
AT 20
9.835525290649881540e-11
0
0
0
DERIV 1
-1.0305768112192788574e-10
0
0
0
DERIV 2
5.410528258901214486e-11
0
0
0
DERIV 3
-1.8979789606621719765e-11
0
0
0
DERIV 4
5.005812156995309811e-12
0
0
0
DERIV 5
-1.0590464956292115857e-12
0
0
0
DERIV 6
1.8726260554278366579e-13
0
0
0
DERIV 7
-2.847349284110499200e-14
0
0
0
DERIV 8
3.801709387242983313e-15
0
0
0
DERIV 9
-4.529642033713148173e-16
0
0
0
DERIV 10
4.878332332331627925e-17
0
0
0
DERIV 11
-4.799235984842295779e-18
0
0
0
DERIV 12
4.351159990901742163e-19
0
0
0
DERIV 13
-3.663235506966720111e-20
0
0
0
DERIV 14
2.8829363559904224659e-21
0
0
0
DERIV 15
-2.133469260823255993e-22
0
0
0
DERIV 16
1.4926255668615628584e-23
0
0
0
DERIV 17
-9.921542966705364671e-25
0
0
0
DERIV 18
6.294852318756820015e-26
0
0
0
DERIV 19
-3.828971756856363817e-27
0
0
0
DERIV 20
2.242361387439918552e-28
0
0
0
DERIV 21
-1.2695053287490781026e-29
0
0
0
DERIV 22
6.975885395724811251e-31
0
0
0
DERIV 23
-3.734937663316859239e-32
0
0
0
DERIV 24
1.9557595669935828146e-33
0
0
0
DERIV 25
-1.0052053668186215386e-34
0
0
0
DERIV 26
5.088259550711456047e-36
0
0
0
DERIV 27
-2.544547724789421675e-37
0
0
0
DERIV 28
1.2606372880772470097e-38
0
0
0
DERIV 29
-6.202393038686428720e-40
0
0
0
DERIV 30
3.036675920320186277e-41
0
0
0
DERIV 31
-1.4818924189576425126e-42
0
0
0
DERIV 32
7.217082350181335214e-44
0
0
0
DERIV 33
-3.511059910953148500e-45
0
0
0
DERIV 34
1.7073874475040239196e-46
0
0
0
DERIV 35
-8.302998247911129179e-48
0
0
0
AT 41/2
5.826274488896286991e-11
0
0
0
DERIV 1
-6.098306665301183273e-11
0
0
0
DERIV 2
3.197892519609157382e-11
0
0
0
DERIV 3
-1.1203809489196007633e-11
0
0
0
DERIV 4
2.9508565796590869763e-12
0
0
0
DERIV 5
-6.233476008268353741e-13
0
0
0
DERIV 6
1.1003803705168318515e-13
0
0
0
DERIV 7
-1.6700708347367537498e-14
0
0
0
DERIV 8
2.2253119639008291262e-15
0
0
0
DERIV 9
-2.645434751611221487e-16
0
0
0
DERIV 10
2.841940213770802212e-17
0
0
0
DERIV 11
-2.7880383040136793515e-18
0
0
0
DERIV 12
2.519812457367552092e-19
0
0
0
DERIV 13
-2.1139544869663561130e-20
0
0
0
DERIV 14
1.6570616032960113402e-21
0
0
0
DERIV 15
-1.2207820466581814520e-22
0
0
0
DERIV 16
8.497516572846343569e-24
0
0
0
DERIV 17
-5.615811708312396782e-25
0
0
0
DERIV 18
3.539737465955265043e-26
0
0
0
DERIV 19
-2.1371417394007864192e-27
0
0
0
DERIV 20
1.2410425308707860657e-28
0
0
0
DERIV 21
-6.959204640176392536e-30
0
0
0
DERIV 22
3.782981503718882404e-31
0
0
0
DERIV 23
-2.0010168047239110276e-32
0
0
0
DERIV 24
1.0337233848604795749e-33
0
0
0
DERIV 25
-5.234005771906444906e-35
0
0
0
DERIV 26
2.6061879488768705169e-36
0
0
0
DERIV 27
-1.2802305518834862965e-37
0
0
0
DERIV 28
6.222008104804392778e-39
0
0
0
DERIV 29
-2.9994380128793421600e-40
0
0
0
DERIV 30
1.4373596849694790328e-41
0
0
0
DERIV 31
-6.859495929681360322e-43
0
0
0
DERIV 32
3.264706036992454006e-44
0
0
0
DERIV 33
-1.5513037712241785153e-45
0
0
0
DERIV 34
7.365422704485463983e-47
0
0
0
DERIV 35
-3.496136842128213396e-48
0
0
0
AT 21
3.453201267146755945e-11
0
0
0
DERIV 1
-3.610743060910431990e-11
0
0
0
DERIV 2
1.8913416033340358041e-11
0
0
0
DERIV 3
-6.618331007337714745e-12
0
0
0
DERIV 4
1.7408452399271220735e-12
0
0
0
DERIV 5
-3.672131689778549059e-13
0
0
0
DERIV 6
6.472116032922643536e-14
0
0
0
DERIV 7
-9.805852753339464435e-15
0
0
0
DERIV 8
1.3040987905435173253e-15
0
0
0
DERIV 9
-1.5470234797137550222e-16
0
0
0
DERIV 10
1.6580340543874733864e-17
0
0
0
DERIV 11
-1.6223309250470943699e-18
0
0
0
DERIV 12
1.4619663787079000422e-19
0
0
0
DERIV 13
-1.2224733950340293789e-20
0
0
0
DERIV 14
9.547286110939115895e-22
0
0
0
DERIV 15
-7.004432609559928225e-23
0
0
0
DERIV 16
4.852725304823184297e-24
0
0
0
DERIV 17
-3.190035870135392165e-25
0
0
0
DERIV 18
1.9986416485150230489e-26
0
0
0
DERIV 19
-1.1984688656843909600e-27
0
0
0
DERIV 20
6.905774952223470358e-29
0
0
0
DERIV 21
-3.838599337894447874e-30
0
0
0
DERIV 22
2.066058158707698284e-31
0
0
0
DERIV 23
-1.0807313732163076837e-32
0
0
0
DERIV 24
5.513866069523893990e-34
0
0
0
DERIV 25
-2.753407298958966387e-35
0
0
0
DERIV 26
1.3502494777414481306e-36
0
0
0
DERIV 27
-6.523219624612047880e-38
0
0
0
DERIV 28
3.113784323110007777e-39
0
0
0
DERIV 29
-1.4724623461539280875e-40
0
0
0
DERIV 30
6.914125842651304510e-42
0
0
0
DERIV 31
-3.2301442577624704295e-43
0
0
0
DERIV 32
1.5038185439313128994e-44
0
0
0
DERIV 33
-6.985621981426500839e-46
0
0
0
DERIV 34
3.240878970512614930e-47
0
0
0
DERIV 35
-1.5026764389707261372e-48
0
0
0
AT 43/2
2.0477626882620392579e-11
0
0
0
DERIV 1
-2.1390955249545658577e-11
0
0
0
DERIV 2
1.1192941700343658745e-11
0
0
0
DERIV 3
-3.912227167958188592e-12
0
0
0
DERIV 4
1.0277628428071298996e-12
0
0
0
DERIV 5
-2.1650029874988998577e-13
0
0
0
DERIV 6
3.810114451648357252e-14
0
0
0
DERIV 7
-5.763219658328171680e-15
0
0
0
DERIV 8
7.650792813434957263e-16
0
0
0
DERIV 9
-9.057892299016007328e-17
0
0
0
DERIV 10
9.686449669276989381e-18
0
0
0
DERIV 11
-9.454635682498144181e-19
0
0
0
DERIV 12
8.496783966051399479e-20
0
0
0
DERIV 13
-7.083175996654344261e-21
0
0
0
DERIV 14
5.512881059476885228e-22
0
0
0
DERIV 15
-4.028990048715276933e-23
0
0
0
DERIV 16
2.7792029134590117556e-24
0
0
0
DERIV 17
-1.8180116976198965762e-25
0
0
0
DERIV 18
1.1327195469505706692e-26
0
0
0
DERIV 19
-6.749647889112924191e-28
0
0
0
DERIV 20
3.861638759071441932e-29
0
0
0
DERIV 21
-2.1292658594660475563e-30
0
0
0
DERIV 22
1.1356508887135400224e-31
0
0
0
DERIV 23
-5.879879308860995671e-33
0
0
0
DERIV 24
2.965642498693495899e-34
0
0
0
DERIV 25
-1.4621002849110610073e-35
0
0
0
DERIV 26
7.069319366888511013e-37
0
0
0
DERIV 27
-3.362723584330258028e-38
0
0
0
DERIV 28
1.5783582492244738784e-39
0
0
0
DERIV 29
-7.329987201603570083e-41
0
0
0
DERIV 30
3.376296797070249010e-42
0
0
0
DERIV 31
-1.5457275633950985558e-43
0
0
0
DERIV 32
7.046054812005101998e-45
0
0
0
DERIV 33
-3.2025591929298493926e-46
0
0
0
DERIV 34
1.4529972095687521800e-47
0
0
0
DERIV 35
-6.585738521748623450e-49
0
0
0
AT 22
1.2149378956204373073e-11
0
0
0
DERIV 1
-1.2679400422131477098e-11
0
0
0
DERIV 2
6.627868402477817501e-12
0
0
0
DERIV 3
-2.3140779007333616201e-12
0
0
0
DERIV 4
6.071973702653276065e-13
0
0
0
DERIV 5
-1.2774157455771360412e-13
0
0
0
DERIV 6
2.2448974370045496776e-14
0
0
0
DERIV 7
-3.3903894170769212372e-15
0
0
0
DERIV 8
4.493142901350178973e-16
0
0
0
DERIV 9
-5.309514123286985059e-17
0
0
0
DERIV 10
5.666176809540679019e-18
0
0
0
DERIV 11
-5.517852512219788614e-19
0
0
0
DERIV 12
4.946152827072021859e-20
0
0
0
DERIV 13
-4.111499350527996439e-21
0
0
0
DERIV 14
3.189794868235753172e-22
0
0
0
DERIV 15
-2.3228608182298271878e-23
0
0
0
DERIV 16
1.5958645313722511427e-24
0
0
0
DERIV 17
-1.0391987171454789298e-25
0
0
0
DERIV 18
6.441628408316880627e-27
0
0
0
DERIV 19
-3.816234230250983105e-28
0
0
0
DERIV 20
2.1690829567804751117e-29
0
0
0
DERIV 21
-1.1871701081687363357e-30
0
0
0
DERIV 22
6.279004489573729496e-32
0
0
0
DERIV 23
-3.220462736932288829e-33
0
0
0
DERIV 24
1.6072117465568992588e-34
0
0
0
DERIV 25
-7.830722262912048227e-36
0
0
0
DERIV 26
3.736916410618949922e-37
0
0
0
DERIV 27
-1.7521309989150721376e-38
0
0
0
DERIV 28
8.095665252547580763e-40
0
0
0
DERIV 29
-3.696360085364933194e-41
0
0
0
DERIV 30
1.6719594020592548929e-42
0
0
0
DERIV 31
-7.508857490012742601e-44
0
0
0
DERIV 32
3.354643809527662708e-45
0
0
0
DERIV 33
-1.4932329033057210847e-46
0
0
0
DERIV 34
6.630739347152128524e-48
0
0
0
DERIV 35
-2.9401295401332217350e-49
0
0
0
AT 45/2
7.211669954118324342e-12
0
0
0
DERIV 1
-7.519546322733912158e-12
0
0
0
DERIV 2
3.926874190761043447e-12
0
0
0
DERIV 3
-1.3696095483300534079e-12
0
0
0
DERIV 4
3.589680817249148003e-13
0
0
0
DERIV 5
-7.542619559522402508e-14
0
0
0
DERIV 6
1.3237377136953546457e-14
0
0
0
DERIV 7
-1.9962545105216256182e-15
0
0
0
DERIV 8
2.641288044452336993e-16
0
0
0
DERIV 9
-3.115657204381829674e-17
0
0
0
DERIV 10
3.3184482661040082973e-18
0
0
0
DERIV 11
-3.224592073088638987e-19
0
0
0
DERIV 12
2.883560108830850121e-20
0
0
0
DERIV 13
-2.3905662593054749782e-21
0
0
0
DERIV 14
1.8491309294499993076e-22
0
0
0
DERIV 15
-1.3420789232576462648e-23
0
0
0
DERIV 16
9.185945633507891922e-25
0
0
0
DERIV 17
-5.956575368226130973e-26
0
0
0
DERIV 18
3.674784398551319942e-27
0
0
0
DERIV 19
-2.165432116888200482e-28
0
0
0
DERIV 20
1.2233707981603607293e-29
0
0
0
DERIV 21
-6.650085462725380577e-31
0
0
0
DERIV 22
3.490246728118243752e-32
0
0
0
DERIV 23
-1.7746452346556261251e-33
0
0
0
DERIV 24
8.770627680202087087e-35
0
0
0
DERIV 25
-4.226915889924140262e-36
0
0
0
DERIV 26
1.992828701563360994e-37
0
0
0
DERIV 27
-9.219550618489161698e-39
0
0
0
DERIV 28
4.197868769868328428e-40
0
0
0
DERIV 29
-1.8864300895466570882e-41
0
0
0
DERIV 30
8.388148573051343783e-43
0
0
0
DERIV 31
-3.699252923713529721e-44
0
0
0
DERIV 32
1.6213111120356116781e-45
0
0
0
DERIV 33
-7.074066384843909451e-47
0
0
0
DERIV 34
3.077027936354787643e-48
0
0
0
DERIV 35
-1.3357717119473604671e-49
0
0
0
AT 23
4.282684795665672977e-12
0
0
0
DERIV 1
-4.461686796392126061e-12
0
0
0
DERIV 2
2.3278365894219787443e-12
0
0
0
DERIV 3
-8.110879903964262088e-13
0
0
0
DERIV 4
2.1235213794230900427e-13
0
0
0
DERIV 5
-4.456688462300020415e-14
0
0
0
DERIV 6
7.811529413696800457e-15
0
0
0
DERIV 7
-1.1763682141493191709e-15
0
0
0
DERIV 8
1.5541005317482626449e-16
0
0
0
DERIV 9
-1.8301398362507052657e-17
0
0
0
DERIV 10
1.9456629483108312871e-18
0
0
0
DERIV 11
-1.8867833505138769812e-19
0
0
0
DERIV 12
1.6834343816241992653e-20
0
0
0
DERIV 13
-1.3921300772732363384e-21
0
0
0
DERIV 14
1.0738288350907087633e-22
0
0
0
DERIV 15
-7.769491232535536921e-24
0
0
0
DERIV 16
5.299365277931637100e-25
0
0
0
DERIV 17
-3.422922392181922878e-26
0
0
0
DERIV 18
2.1024279372188769260e-27
0
0
0
DERIV 19
-1.2327676214042771187e-28
0
0
0
DERIV 20
6.925761249212989733e-30
0
0
0
DERIV 21
-3.741093368172923481e-31
0
0
0
DERIV 22
1.9495746493028266511e-32
0
0
0
DERIV 23
-9.833728265109849905e-34
0
0
0
DERIV 24
4.816493601149971351e-35
0
0
0
DERIV 25
-2.2980052761752911039e-36
0
0
0
DERIV 26
1.0713363659761581408e-37
0
0
0
DERIV 27
-4.895213744641413416e-39
0
0
0
DERIV 28
2.1986795512582799252e-40
0
0
0
DERIV 29
-9.734454316468419285e-42
0
0
0
DERIV 30
4.259497434138527512e-43
0
0
0
DERIV 31
-1.8464745995813074637e-44
0
0
0
DERIV 32
7.946832264452798170e-46
0
0
0
DERIV 33
-3.401825398029838897e-47
0
0
0
DERIV 34
1.4506653533807047508e-48
0
0
0
DERIV 35
-6.170212179400653282e-50
0
0
0
AT 47/2
2.5444072774103737117e-12
0
0
0
DERIV 1
-2.6485721799607587805e-12
0
0
0
DERIV 2
1.3806386895540125601e-12
0
0
0
DERIV 3
-4.805957516829353698e-13
0
0
0
DERIV 4
1.2569533645278487037e-13
0
0
0
DERIV 5
-2.6350425010122403027e-14
0
0
0
DERIV 6
4.612984706569224407e-15
0
0
0
DERIV 7
-6.937651145006490970e-16
0
0
0
DERIV 8
9.152047394108908747e-17
0
0
0
DERIV 9
-1.0760522240927840149e-17
0
0
0
DERIV 10
1.1419805976088324850e-18
0
0
0
DERIV 11
-1.1052951645284653827e-19
0
0
0
DERIV 12
9.840794815527704822e-21
0
0
0
DERIV 13
-8.118804992999154251e-22
0
0
0
DERIV 14
6.246148214437162638e-23
0
0
0
DERIV 15
-4.506146227942492373e-24
0
0
0
DERIV 16
3.063543788325508442e-25
0
0
0
DERIV 17
-1.9715859512364635228e-26
0
0
0
DERIV 18
1.2060491187515278487e-27
0
0
0
DERIV 19
-7.039306706447587427e-29
0
0
0
DERIV 20
3.934324469992918906e-30
0
0
0
DERIV 21
-2.112861210404050351e-31
0
0
0
DERIV 22
1.0938600968260120408e-32
0
0
0
DERIV 23
-5.476857310049511894e-34
0
0
0
DERIV 24
2.660350508850390790e-35
0
0
0
DERIV 25
-1.2575336161546508049e-36
0
0
0
DERIV 26
5.802130196159871440e-38
0
0
0
DERIV 27
-2.6207840953331679854e-39
0
0
0
DERIV 28
1.1622679629546369645e-40
0
0
0
DERIV 29
-5.074828093704177251e-42
0
0
0
DERIV 30
2.1873687827789808903e-43
0
0
0
DERIV 31
-9.329795237639226470e-45
0
0
0
DERIV 32
3.946715299268415894e-46
0
0
0
DERIV 33
-1.6590626401646299760e-47
0
0
0
DERIV 34
6.941909951155078496e-49
0
0
0
DERIV 35
-2.895235917026604905e-50
0
0
0
AT 24
1.5123058939997058519e-12
0
0
0
DERIV 1
-1.5729727267829573859e-12
0
0
0
DERIV 2
8.192566285327903052e-13
0
0
0
DERIV 3
-2.849192497008481755e-13
0
0
0
DERIV 4
7.444425683577472832e-14
0
0
0
DERIV 5
-1.5589581284383803545e-14
0
0
0
DERIV 6
2.7259892484618783010e-15
0
0
0
DERIV 7
-4.094545221242253204e-16
0
0
0
DERIV 8
5.394024985876906040e-17
0
0
0
DERIV 9
-6.332478188064411264e-18
0
0
0
DERIV 10
6.709370476782303863e-19
0
0
0
DERIV 11
-6.482056534773433610e-20
0
0
0
DERIV 12
5.759642418590724343e-21
0
0
0
DERIV 13
-4.741290881426589296e-22
0
0
0
DERIV 14
3.638745017709026257e-23
0
0
0
DERIV 15
-2.6179455056264788597e-24
0
0
0
DERIV 16
1.7744337123476153395e-25
0
0
0
DERIV 17
-1.1380909161435386498e-26
0
0
0
DERIV 18
6.935457170158332658e-28
0
0
0
DERIV 19
-4.030763965881680998e-29
0
0
0
DERIV 20
2.2420524884833703356e-30
0
0
0
DERIV 21
-1.1975803932022285331e-31
0
0
0
DERIV 22
6.162544858219984958e-33
0
0
0
DERIV 23
-3.064539336951535512e-34
0
0
0
DERIV 24
1.4772095066698469282e-35
0
0
0
DERIV 25
-6.922925723505628936e-37
0
0
0
DERIV 26
3.163641791850488401e-38
0
0
0
DERIV 27
-1.4138193842172531200e-39
0
0
0
DERIV 28
6.196441943265159697e-41
0
0
0
DERIV 29
-2.6707241030416095947e-42
0
0
0
DERIV 30
1.1350091964850140392e-43
0
0
0
DERIV 31
-4.767943138098817140e-45
0
0
0
DERIV 32
1.9843394913488912603e-46
0
0
0
DERIV 33
-8.198682116818892387e-48
0
0
0
DERIV 34
3.3689225673722092529e-49
0
0
0
DERIV 35
-1.3788341051497766271e-50
0
0
0
AT 49/2
8.992239668453619603e-13
0
0
0
DERIV 1
-9.345856512838990903e-13
0
0
0
DERIV 2
4.863660021987637938e-13
0
0
0
DERIV 3
-1.6899872425340533607e-13
0
0
0
DERIV 4
4.411449913778371285e-14
0
0
0
DERIV 5
-9.228687201932912936e-15
0
0
0
DERIV 6
1.6119365520190066060e-15
0
0
0
DERIV 7
-2.418279426723164616e-16
0
0
0
DERIV 8
3.181591985942546720e-17
0
0
0
DERIV 9
-3.729786601329028841e-18
0
0
0
DERIV 10
3.945593203742849778e-19
0
0
0
DERIV 11
-3.805376108243675601e-20
0
0
0
DERIV 12
3.3748919291739960348e-21
0
0
0
DERIV 13
-2.772400034200434390e-22
0
0
0
DERIV 14
2.1228032858753806351e-23
0
0
0
DERIV 15
-1.5233799157255076249e-24
0
0
0
DERIV 16
1.0296090817088605594e-25
0
0
0
DERIV 17
-6.582828595265838560e-27
0
0
0
DERIV 18
3.997346996433069383e-28
0
0
0
DERIV 19
-2.3139868612914496909e-29
0
0
0
DERIV 20
1.2814045988178630818e-30
0
0
0
DERIV 21
-6.810423608382144942e-32
0
0
0
DERIV 22
3.484893153258604038e-33
0
0
0
DERIV 23
-1.7220752908149562585e-34
0
0
0
DERIV 24
8.242315598184315742e-36
0
0
0
DERIV 25
-3.832164753341594689e-37
0
0
0
DERIV 26
1.7357288155076842557e-38
0
0
0
DERIV 27
-7.680509020444159213e-40
0
0
0
DERIV 28
3.329474609981440713e-41
0
0
0
DERIV 29
-1.4178095109846157903e-42
0
0
0
DERIV 30
5.946415977001304779e-44
0
0
0
DERIV 31
-2.4624720388596650763e-45
0
0
0
DERIV 32
1.0091994526652659754e-46
0
0
0
DERIV 33
-4.101987779732161350e-48
0
0
0
DERIV 34
1.6566930639575555900e-49
0
0
0
DERIV 35
-6.659257543817406945e-51
0
0
0
AT 25
5.348899755340216658e-13
0
0
0
DERIV 1
-5.555177545985608237e-13
0
0
0
DERIV 2
2.888692323912516304e-13
0
0
0
DERIV 3
-1.0028947196352684710e-13
0
0
0
DERIV 4
2.6155257267179171680e-14
0
0
0
DERIV 5
-5.466282854204407378e-15
0
0
0
DERIV 6
9.537618654159257293e-16
0
0
0
DERIV 7
-1.4292218352032397519e-16
0
0
0
DERIV 8
1.8779998511469296645e-17
0
0
0
DERIV 9
-2.1985912902142369446e-18
0
0
0
DERIV 10
2.322350874283565007e-19
0
0
0
DERIV 11
-2.2361803268362413378e-20
0
0
0
DERIV 12
1.9796737030266520886e-21
0
0
0
DERIV 13
-1.6230648415175560368e-22
0
0
0
DERIV 14
1.2400729392230208390e-23
0
0
0
DERIV 15
-8.877740865114040595e-25
0
0
0
DERIV 16
5.984237340260324245e-26
0
0
0
DERIV 17
-3.814703772711274843e-27
0
0
0
DERIV 18
2.308784992515292056e-28
0
0
0
DERIV 19
-1.3315788805215429502e-29
0
0
0
DERIV 20
7.343354162771130141e-31
0
0
0
DERIV 21
-3.884779879526748283e-32
0
0
0
DERIV 22
1.9775121481113530627e-33
0
0
0
DERIV 23
-9.714970643846023016e-35
0
0
0
DERIV 24
4.619420916638429129e-36
0
0
0
DERIV 25
-2.131997166588138382e-37
0
0
0
DERIV 26
9.577448850719691979e-39
0
0
0
DERIV 27
-4.199261686372630385e-40
0
0
0
DERIV 28
1.8019188923174881483e-41
0
0
0
DERIV 29
-7.587423551125825311e-43
0
0
0
DERIV 30
3.143233279344401872e-44
0
0
0
DERIV 31
-1.2842933682115158179e-45
0
0
0
DERIV 32
5.187755255693027453e-47
0
0
0
DERIV 33
-2.0761955094425690841e-48
0
0
0
DERIV 34
8.248686357402170227e-50
0
0
0
DERIV 35
-3.258964588836395202e-51
0
0
0
AT 51/2
3.182899598082894900e-13
0
0
0
DERIV 1
-3.303319119399469360e-13
0
0
0
DERIV 2
1.7164305228252145260e-13
0
0
0
DERIV 3
-5.954271871633158928e-14
0
0
0
DERIV 4
1.5515086096997738325e-14
0
0
0
DERIV 5
-3.2395137319543888669e-15
0
0
0
DERIV 6
5.646607839673899947e-16
0
0
0
DERIV 7
-8.452224043890267774e-17
0
0
0
DERIV 8
1.1093028708715699892e-17
0
0
0
DERIV 9
-1.2969912913199829653e-18
0
0
0
DERIV 10
1.3680678269504536635e-19
0
0
0
DERIV 11
-1.3152758015993319085e-20
0
0
0
DERIV 12
1.1624374677572382007e-21
0
0
0
DERIV 13
-9.512733089865024051e-23
0
0
0
DERIV 14
7.253173777566815749e-24
0
0
0
DERIV 15
-5.180858631768432241e-25
0
0
0
DERIV 16
3.483541323431321165e-26
0
0
0
DERIV 17
-2.2144501787674922113e-27
0
0
0
DERIV 18
1.3361189829687320186e-28
0
0
0
DERIV 19
-7.679447692627491052e-30
0
0
0
DERIV 20
4.218739788207250932e-31
0
0
0
DERIV 21
-2.2221831425484362378e-32
0
0
0
DERIV 22
1.1257226729964330395e-33
0
0
0
DERIV 23
-5.500439691126876295e-35
0
0
0
DERIV 24
2.5995670608552702721e-36
0
0
0
DERIV 25
-1.1916238819195289255e-37
0
0
0
DERIV 26
5.312392496640365117e-39
0
0
0
DERIV 27
-2.3094988258771164667e-40
0
0
0
DERIV 28
9.816851004016587371e-42
0
0
0
DERIV 29
-4.090599813652387576e-43
0
0
0
DERIV 30
1.6752196188203532316e-44
0
0
0
DERIV 31
-6.759294621027602713e-46
0
0
0
DERIV 32
2.693408314464257649e-47
0
0
0
DERIV 33
-1.0622734574033263203e-48
0
0
0
DERIV 34
4.155143996674562129e-50
0
0
0
DERIV 35
-1.6148801765831810272e-51
0
0
0
AT 26
1.8946858856749770120e-13
0
0
0
DERIV 1
-1.9650342415628158509e-13
0
0
0
DERIV 2
1.0203062408114621784e-13
0
0
0
DERIV 3
-3.536674054094811770e-14
0
0
0
DERIV 4
9.207837111859596680e-15
0
0
0
DERIV 5
-1.9208465996159752776e-15
0
0
0
DERIV 6
3.344870185808177174e-16
0
0
0
DERIV 7
-5.001581920278124707e-17
0
0
0
DERIV 8
6.556821513981842272e-18
0
0
0
DERIV 9
-7.656755968929446438e-19
0
0
0
DERIV 10
8.065523115787300946e-20
0
0
0
DERIV 11
-7.742938057621600887e-21
0
0
0
DERIV 12
6.832236240889457476e-22
0
0
0
DERIV 13
-5.581303105293926674e-23
0
0
0
DERIV 14
4.247363325184458708e-24
0
0
0
DERIV 15
-3.027388385375615981e-25
0
0
0
DERIV 16
2.0307900504490059778e-26
0
0
0
DERIV 17
-1.2875885974199511902e-27
0
0
0
DERIV 18
7.746365719483954981e-29
0
0
0
DERIV 19
-4.437945382610633506e-30
0
0
0
DERIV 20
2.429248454073865863e-31
0
0
0
DERIV 21
-1.2744495925384032332e-32
0
0
0
DERIV 22
6.427173301870053498e-34
0
0
0
DERIV 23
-3.124620600824057519e-35
0
0
0
DERIV 24
1.4684150576346856906e-36
0
0
0
DERIV 25
-6.688688019051856534e-38
0
0
0
DERIV 26
2.960876382229509868e-39
0
0
0
DERIV 27
-1.2770835327697418439e-40
0
0
0
DERIV 28
5.380945645165995996e-42
0
0
0
DERIV 29
-2.2204737954777772128e-43
0
0
0
DERIV 30
8.996423179224471632e-45
0
0
0
DERIV 31
-3.587517342519255456e-46
0
0
0
DERIV 32
1.4113741433251326434e-47
0
0
0
DERIV 33
-5.490166207133148457e-49
0
0
0
DERIV 34
2.1160552401781897588e-50
0
0
0
DERIV 35
-8.096308473204810652e-52
0
0
0
AT 53/2
1.1282401310862317662e-13
0
0
0
DERIV 1
-1.1693657127252059229e-13
0
0
0
DERIV 2
6.067463603762863373e-14
0
0
0
DERIV 3
-2.1015834483473664331e-14
0
0
0
DERIV 4
5.467144904755228918e-15
0
0
0
DERIV 5
-1.1395173111881455316e-15
0
0
0
DERIV 6
1.9824578225548687964e-16
0
0
0
DERIV 7
-2.961396314813946301e-17
0
0
0
DERIV 8
3.878032119073978662e-18
0
0
0
DERIV 9
-4.523265842911122409e-19
0
0
0
DERIV 10
4.758661917334111766e-20
0
0
0
DERIV 11
-4.561981728867753142e-21
0
0
0
DERIV 12
4.019300375713371664e-22
0
0
0
DERIV 13
-3.277936099187530527e-23
0
0
0
DERIV 14
2.4899526059448320722e-24
0
0
0
DERIV 15
-1.7711975465882137879e-25
0
0
0
DERIV 16
1.1854985973567401777e-26
0
0
0
DERIV 17
-7.498049586769580263e-28
0
0
0
DERIV 18
4.498717367918757876e-29
0
0
0
DERIV 19
-2.5695731898401156542e-30
0
0
0
DERIV 20
1.4018141970123173467e-31
0
0
0
DERIV 21
-7.326759183754118508e-33
0
0
0
DERIV 22
3.679501667704074327e-34
0
0
0
DERIV 23
-1.7804525698052671888e-35
0
0
0
DERIV 24
8.323454223601314941e-37
0
0
0
DERIV 25
-3.769173338649484357e-38
0
0
0
DERIV 26
1.6575800637717825860e-39
0
0
0
DERIV 27
-7.097260938483643697e-41
0
0
0
DERIV 28
2.966100259475386388e-42
0
0
0
DERIV 29
-1.2129419753549846154e-43
0
0
0
DERIV 30
4.865417639040292797e-45
0
0
0
DERIV 31
-1.9189901276704567012e-46
0
0
0
DERIV 32
7.459580838635505257e-48
0
0
0
DERIV 33
-2.8643031497095660409e-49
0
0
0
DERIV 34
1.0886871039220297430e-50
0
0
0
DERIV 35
-4.104041012726997028e-52
0
0
0
AT 27
6.720637435261063372e-14
0
0
0
DERIV 1
-6.961217839032674003e-14
0
0
0
DERIV 2
3.609520360979927220e-14
0
0
0
DERIV 3
-1.2493269327024955156e-14
0
0
0
DERIV 4
3.2475426920143616664e-15
0
0
0
DERIV 5
-6.763249737568663487e-16
0
0
0
DERIV 6
1.1755780868276746205e-16
0
0
0
DERIV 7
-1.7543934083248426498e-17
0
0
0
DERIV 8
2.2950459389659627244e-18
0
0
0
DERIV 9
-2.673895701274345205e-19
0
0
0
DERIV 10
2.809623588870836751e-20
0
0
0
DERIV 11
-2.6899330463552912568e-21
0
0
0
DERIV 12
2.366525405413666747e-22
0
0
0
DERIV 13
-1.9269735390183200085e-23
0
0
0
DERIV 14
1.4612193562065293116e-24
0
0
0
DERIV 15
-1.0374485897533821565e-25
0
0
0
DERIV 16
6.929350334501817949e-27
0
0
0
DERIV 17
-4.372576450854009248e-28
0
0
0
DERIV 18
2.616789072523012003e-29
0
0
0
DERIV 19
-1.4904279316639167665e-30
0
0
0
DERIV 20
8.105379914426145616e-32
0
0
0
DERIV 21
-4.221555599117408948e-33
0
0
0
DERIV 22
2.111794180715987298e-34
0
0
0
DERIV 23
-1.0174113973043334181e-35
0
0
0
DERIV 24
4.733148061879139477e-37
0
0
0
DERIV 25
-2.1316833419383348709e-38
0
0
0
DERIV 26
9.317565867058936778e-40
0
0
0
DERIV 27
-3.962434003356221562e-41
0
0
0
DERIV 28
1.6434752358701007640e-42
0
0
0
DERIV 29
-6.664361805937676026e-44
0
0
0
DERIV 30
2.6484431300155409003e-45
0
0
0
DERIV 31
-1.0339198839524690579e-46
0
0
0
DERIV 32
3.974219729472362446e-48
0
0
0
DERIV 33
-1.5074969167337144189e-49
0
0
0
DERIV 34
5.654893978020726621e-51
0
0
0
DERIV 35
-2.1019328618716868497e-52
0
0
0
AT 55/2
4.004597190449901874e-14
0
0
0
DERIV 1
-4.145424920153333223e-14
0
0
0
DERIV 2
2.1480838222614516294e-14
0
0
0
DERIV 3
-7.429789126865574532e-15
0
0
0
DERIV 4
1.9298909959485410515e-15
0
0
0
DERIV 5
-4.015943601980636340e-16
0
0
0
DERIV 6
6.974487217987273628e-17
0
0
0
DERIV 7
-1.0398915590618920779e-17
0
0
0
DERIV 8
1.3590057675684132019e-18
0
0
0
DERIV 9
-1.5816425699753245128e-19
0
0
0
DERIV 10
1.6599964558846156658e-20
0
0
0
DERIV 11
-1.5872755030048759717e-21
0
0
0
DERIV 12
1.3945221210306512933e-22
0
0
0
DERIV 13
-1.1338069464755544307e-23
0
0
0
DERIV 14
8.583550505408953329e-25
0
0
0
DERIV 15
-6.083279330258888868e-26
0
0
0
DERIV 16
4.055141670125572814e-27
0
0
0
DERIV 17
-2.553324469075700927e-28
0
0
0
DERIV 18
1.5243818106187906158e-29
0
0
0
DERIV 19
-8.659261490206712689e-31
0
0
0
DERIV 20
4.695282552616194505e-32
0
0
0
DERIV 21
-2.4374534561438688545e-33
0
0
0
DERIV 22
1.2148680319239047561e-34
0
0
0
DERIV 23
-5.829148839201822757e-36
0
0
0
DERIV 24
2.699503759222917159e-37
0
0
0
DERIV 25
-1.2096257050806864855e-38
0
0
0
DERIV 26
5.257358521426079864e-40
0
0
0
DERIV 27
-2.2216635278953660371e-41
0
0
0
DERIV 28
9.149902192050344207e-43
0
0
0
DERIV 29
-3.681350864813616377e-44
0
0
0
DERIV 30
1.4503326136773397324e-45
0
0
0
DERIV 31
-5.607945289530671588e-47
0
0
0
DERIV 32
2.1330685269545002547e-48
0
0
0
DERIV 33
-7.998964998508498539e-50
0
0
0
DERIV 34
2.963576189683305485e-51
0
0
0
DERIV 35
-1.0869914020229165403e-52
0
0
0
AT 28
2.3869415118701968566e-14
0
0
0
DERIV 1
-2.4694286095585135103e-14
0
0
0
DERIV 2
1.2788112442370530768e-14
0
0
0
DERIV 3
-4.420193216948894236e-15
0
0
0
DERIV 4
1.1473266199163194750e-15
0
0
0
DERIV 5
-2.385664780331533117e-16
0
0
0
DERIV 6
4.139781237599453952e-17
0
0
0
DERIV 7
-6.166939910325763226e-18
0
0
0
DERIV 8
8.051743646523118351e-19
0
0
0
DERIV 9
-9.361192343637062459e-20
0
0
0
DERIV 10
9.814037931392803573e-21
0
0
0
DERIV 11
-9.372815269492797600e-22
0
0
0
DERIV 12
8.223847287540454903e-23
0
0
0
DERIV 13
-6.676824675771157481e-24
0
0
0
DERIV 14
5.046871816488441687e-25
0
0
0
DERIV 15
-3.570703095656405441e-26
0
0
0
DERIV 16
2.3758057178433220224e-27
0
0
0
DERIV 17
-1.4928594551125335550e-28
0
0
0
DERIV 18
8.892490293025729840e-30
0
0
0
DERIV 19
-5.038764503901070705e-31
0
0
0
DERIV 20
2.724594407180392751e-32
0
0
0
DERIV 21
-1.4100725979187473962e-33
0
0
0
DERIV 22
7.004064794546581148e-35
0
0
0
DERIV 23
-3.347909950856129011e-36
0
0
0
DERIV 24
1.5438691236765539475e-37
0
0
0
DERIV 25
-6.885293914593093506e-39
0
0
0
DERIV 26
2.9767739230840564966e-40
0
0
0
DERIV 27
-1.2505428924308515639e-41
0
0
0
DERIV 28
5.116661825671244326e-43
0
0
0
DERIV 29
-2.0436576060387414373e-44
0
0
0
DERIV 30
7.986456123129135107e-46
0
0
0
DERIV 31
-3.060609292140133406e-47
0
0
0
DERIV 32
1.1527640979211368763e-48
0
0
0
DERIV 33
-4.276644302777327448e-50
0
0
0
DERIV 34
1.5660936682401657353e-51
0
0
0
DERIV 35
-5.672367445179488854e-53
0
0
0
AT 57/2
1.4231630369351854145e-14
0
0
0
DERIV 1
-1.4715072480736723364e-14
0
0
0
DERIV 2
7.615695406801955046e-15
0
0
0
DERIV 3
-2.6306570019886455518e-15
0
0
0
DERIV 4
6.823558358982785445e-16
0
0
0
DERIV 5
-1.4177945203816982220e-16
0
0
0
DERIV 6
2.4583198681909967588e-17
0
0
0
DERIV 7
-3.659001559741255625e-18
0
0
0
DERIV 8
4.772949219998404199e-19
0
0
0
DERIV 9
-5.543718630936600498e-20
0
0
0
DERIV 10
5.805727486761006972e-21
0
0
0
DERIV 11
-5.538342601699750713e-22
0
0
0
DERIV 12
4.853368186540122857e-23
0
0
0
DERIV 13
-3.935041053720225215e-24
0
0
0
DERIV 14
2.970022105470384005e-25
0
0
0
DERIV 15
-2.0979245042255727363e-26
0
0
0
DERIV 16
1.3934102986064139618e-27
0
0
0
DERIV 17
-8.738641085881215619e-29
0
0
0
DERIV 18
5.194223600711960041e-30
0
0
0
DERIV 19
-2.936284158416820414e-31
0
0
0
DERIV 20
1.5835976037396275128e-32
0
0
0
DERIV 21
-8.172060864927875693e-34
0
0
0
DERIV 22
4.046223180398819537e-35
0
0
0
DERIV 23
-1.9272041965166160069e-36
0
0
0
DERIV 24
8.852048506801068422e-38
0
0
0
DERIV 25
-3.930416062337550113e-39
0
0
0
DERIV 26
1.6909256905537501412e-40
0
0
0
DERIV 27
-7.064715789138205246e-42
0
0
0
DERIV 28
2.8729554509392591343e-43
0
0
0
DERIV 29
-1.1397209663478518982e-44
0
0
0
DERIV 30
4.420476649015207480e-46
0
0
0
DERIV 31
-1.6799644280766792645e-47
0
0
0
DERIV 32
6.269635656778058923e-49
0
0
0
DERIV 33
-2.302673080970605920e-50
0
0
0
DERIV 34
8.340343395760260329e-52
0
0
0
DERIV 35
-2.985230295972790918e-53
0
0
0
AT 29
8.487759742657072599e-15
0
0
0
DERIV 1
-8.771260817635635871e-15
0
0
0
DERIV 2
4.536859044366268888e-15
0
0
0
DERIV 3
-1.5661724136580025737e-15
0
0
0
DERIV 4
4.059736598959122191e-16
0
0
0
DERIV 5
-8.429311357289785875e-17
0
0
0
DERIV 6
1.4604522608653370221e-17
0
0
0
DERIV 7
-2.1719902958053558156e-18
0
0
0
DERIV 8
2.830753811246754249e-19
0
0
0
DERIV 9
-3.284788350098569723e-20
0
0
0
DERIV 10
3.436541421186957540e-21
0
0
0
DERIV 11
-3.274671482316022561e-22
0
0
0
DERIV 12
2.866252116518966428e-23
0
0
0
DERIV 13
-2.3209155136269355875e-24
0
0
0
DERIV 14
1.7492793037773970050e-25
0
0
0
DERIV 15
-1.2337391201310404512e-26
0
0
0
DERIV 16
8.180585011464924603e-28
0
0
0
DERIV 17
-5.120959087630323617e-29
0
0
0
DERIV 18
3.0377466811532599867e-30
0
0
0
DERIV 19
-1.7134206971696643342e-31
0
0
0
DERIV 20
9.218196672076155752e-33
0
0
0
DERIV 21
-4.744116103678210001e-34
0
0
0
DERIV 22
2.3419036979988176309e-35
0
0
0
DERIV 23
-1.1117292949735273265e-36
0
0
0
DERIV 24
5.087515137783167790e-38
0
0
0
DERIV 25
-2.2496217683562704367e-39
0
0
0
DERIV 26
9.633876680434013136e-41
0
0
0
DERIV 27
-4.004513818804607846e-42
0
0
0
DERIV 28
1.6192378020400944067e-43
0
0
0
DERIV 29
-6.383067780726168131e-45
0
0
0
DERIV 30
2.4583647092996479873e-46
0
0
0
DERIV 31
-9.270359210536550710e-48
0
0
0
DERIV 32
3.430121664281139512e-49
0
0
0
DERIV 33
-1.2479709160932096260e-50
0
0
0
DERIV 34
4.473875351180269319e-52
0
0
0
DERIV 35
-1.5835227409885020808e-53
0
0
0
AT 59/2
5.063523776676293135e-15
0
0
0
DERIV 1
-5.229868233551900108e-15
0
0
0
DERIV 2
2.7035759565895850777e-15
0
0
0
DERIV 3
-9.327424708567920799e-16
0
0
0
DERIV 4
2.416249693439563140e-16
0
0
0
DERIV 5
-5.013477716858779649e-17
0
0
0
DERIV 6
8.679942594897418110e-18
0
0
0
DERIV 7
-1.2898740026516137506e-18
0
0
0
DERIV 8
1.6796800999033120335e-19
0
0
0
DERIV 9
-1.9473298038690678699e-20
0
0
0
DERIV 10
2.0353121270533361022e-21
0
0
0
DERIV 11
-1.9374071142866344977e-22
0
0
0
DERIV 12
1.6938460643185609806e-23
0
0
0
DERIV 13
-1.3698838724857086816e-24
0
0
0
DERIV 14
1.0311032079913512842e-25
0
0
0
DERIV 15
-7.261613408440044358e-27
0
0
0
DERIV 16
4.807319861333644786e-28
0
0
0
DERIV 17
-3.004096273273319788e-29
0
0
0
DERIV 18
1.7786273705243132620e-30
0
0
0
DERIV 19
-1.0011200674157240703e-31
0
0
0
DERIV 20
5.373588008902895979e-33
0
0
0
DERIV 21
-2.758453593733893578e-34
0
0
0
DERIV 22
1.3578563616672576159e-35
0
0
0
DERIV 23
-6.425778813739871712e-37
0
0
0
DERIV 24
2.930388064298203716e-38
0
0
0
DERIV 25
-1.2907848295182599994e-39
0
0
0
DERIV 26
5.504047953771010616e-41
0
0
0
DERIV 27
-2.2769709425227040926e-42
0
0
0
DERIV 28
9.158222156573728315e-44
0
0
0
DERIV 29
-3.588927164221255294e-45
0
0
0
DERIV 30
1.3731980249097941437e-46
0
0
0
DERIV 31
-5.140767621898153989e-48
0
0
0
DERIV 32
1.8869312468869590359e-49
0
0
0
DERIV 33
-6.804836708152152102e-51
0
0
0
DERIV 34
2.4160233606032300367e-52
0
0
0
DERIV 35
-8.462037664355297281e-54
0
0
0
AT 30
3.0215502615365727687e-15
0
0
0
DERIV 1
-3.1192059222331819976e-15
0
0
0
DERIV 2
1.6115897628112782678e-15
0
0
0
DERIV 3
-5.556807835548953176e-16
0
0
0
DERIV 4
1.4385894194237269306e-16
0
0
0
DERIV 5
-2.982962349763310032e-17
0
0
0
DERIV 6
5.160831587943251738e-18
0
0
0
DERIV 7
-7.663424779314788303e-19
0
0
0
DERIV 8
9.971292559048661774e-20
0
0
0
DERIV 9
-1.1550153897411284113e-20
0
0
0
DERIV 10
1.2060743187203797745e-21
0
0
0
DERIV 11
-1.1469040835771616668e-22
0
0
0
DERIV 12
1.0016321083541086733e-23
0
0
0
DERIV 13
-8.091092691638241816e-25
0
0
0
DERIV 14
6.082348574979674699e-26
0
0
0
DERIV 15
-4.277594762779037839e-27
0
0
0
DERIV 16
2.827566228146269766e-28
0
0
0
DERIV 17
-1.7640313021496763939e-29
0
0
0
DERIV 18
1.0425385860023354894e-30
0
0
0
DERIV 19
-5.856413465853044743e-32
0
0
0
DERIV 20
3.136624129285352229e-33
0
0
0
DERIV 21
-1.6062742730042000070e-34
0
0
0
DERIV 22
7.885966284554759530e-36
0
0
0
DERIV 23
-3.720928515654762594e-37
0
0
0
DERIV 24
1.6913643065595916132e-38
0
0
0
DERIV 25
-7.423303269797535206e-40
0
0
0
DERIV 26
3.152701376568433238e-41
0
0
0
DERIV 27
-1.2984365604603861911e-42
0
0
0
DERIV 28
5.196611606002424900e-44
0
0
0
DERIV 29
-2.0252539195623844657e-45
0
0
0
DERIV 30
7.701755598932703513e-47
0
0
0
DERIV 31
-2.863771945195780547e-48
0
0
0
DERIV 32
1.0433017721313593144e-49
0
0
0
DERIV 33
-3.731506990357853832e-51
0
0
0
DERIV 34
1.3129047436756731734e-52
0
0
0
DERIV 35
-4.553174837362778510e-54
0
0
0
AT 61/2
1.8035080708052088110e-15
0
0
0
DERIV 1
-1.8608688398441349047e-15
0
0
0
DERIV 2
9.609407055627643594e-16
0
0
0
DERIV 3
-3.311491330965611948e-16
0
0
0
DERIV 4
8.567927188815286458e-17
0
0
0
DERIV 5
-1.7754581033547210858e-17
0
0
0
DERIV 6
3.0696411077349690174e-18
0
0
0
DERIV 7
-4.554868142737741493e-19
0
0
0
DERIV 8
5.921982459316462086e-20
0
0
0
DERIV 9
-6.853962134431457207e-21
0
0
0
DERIV 10
7.150547389482178792e-22
0
0
0
DERIV 11
-6.793190600706122650e-23
0
0
0
DERIV 12
5.926570071234912052e-24
0
0
0
DERIV 13
-4.782051439339837905e-25
0
0
0
DERIV 14
3.590455648088627910e-26
0
0
0
DERIV 15
-2.5217601418607184479e-27
0
0
0
DERIV 16
1.6645322939385949413e-28
0
0
0
DERIV 17
-1.0368226769211204206e-29
0
0
0
DERIV 18
6.117102736075529509e-31
0
0
0
DERIV 19
-3.429807735970433957e-32
0
0
0
DERIV 20
1.8331802016337901110e-33
0
0
0
DERIV 21
-9.366499783190980794e-35
0
0
0
DERIV 22
4.586977182462386387e-36
0
0
0
DERIV 23
-2.158357996276107152e-37
0
0
0
DERIV 24
9.780973068598150958e-39
0
0
0
DERIV 25
-4.278300423290223625e-40
0
0
0
DERIV 26
1.8101934234487123259e-41
0
0
0
DERIV 27
-7.424216976150277117e-43
0
0
0
DERIV 28
2.957582702510617292e-44
0
0
0
DERIV 29
-1.1467261451754955337e-45
0
0
0
DERIV 30
4.335982053083933432e-47
0
0
0
DERIV 31
-1.6020806313137077634e-48
0
0
0
DERIV 32
5.795783125068900450e-50
0
0
0
DERIV 33
-2.0569785156816454758e-51
0
0
0
DERIV 34
7.176143051266644677e-53
0
0
0
DERIV 35
-2.4656985015239501029e-54
0
0
0
AT 31
1.0766916118225079670e-15
0
0
0
DERIV 1
-1.1104017112119273497e-15
0
0
0
DERIV 2
5.731120868040093985e-16
0
0
0
DERIV 3
-1.9739295173887781047e-16
0
0
0
DERIV 4
5.104274897409661465e-17
0
0
0
DERIV 5
-1.0570679005249670341e-17
0
0
0
DERIV 6
1.8264031270404538081e-18
0
0
0
DERIV 7
-2.708209090791181311e-19
0
0
0
DERIV 8
3.518436740447003868e-20
0
0
0
DERIV 9
-4.068903654426784727e-21
0
0
0
DERIV 10
4.241334870837198014e-22
0
0
0
DERIV 11
-4.025654581604305805e-23
0
0
0
DERIV 12
3.508604932008203931e-24
0
0
0
DERIV 13
-2.827998587889213769e-25
0
0
0
DERIV 14
2.1208511547381027252e-26
0
0
0
DERIV 15
-1.4877075863357294042e-27
0
0
0
DERIV 16
9.806450756815964912e-29
0
0
0
DERIV 17
-6.099259081755453127e-30
0
0
0
DERIV 18
3.592627850008368674e-31
0
0
0
DERIV 19
-2.0107769677789220523e-32
0
0
0
DERIV 20
1.0726368528385699545e-33
0
0
0
DERIV 21
-5.468836709917353935e-35
0
0
0
DERIV 22
2.6719025327779537566e-36
0
0
0
DERIV 23
-1.2539742255224925545e-37
0
0
0
DERIV 24
5.666304493267900193e-39
0
0
0
DERIV 25
-2.4706364289578950051e-40
0
0
0
DERIV 26
1.0416769070021582465e-41
0
0
0
DERIV 27
-4.255612908680800017e-43
0
0
0
DERIV 28
1.6879721027611645991e-44
0
0
0
DERIV 29
-6.513248845140407689e-46
0
0
0
DERIV 30
2.449660034615001796e-47
0
0
0
DERIV 31
-8.997698168515442758e-49
0
0
0
DERIV 32
3.233805288734206094e-50
0
0
0
DERIV 33
-1.1394384607476029034e-51
0
0
0
DERIV 34
3.943639115636451141e-53
0
0
0
DERIV 35
-1.3432627227683578991e-54
0
0
0
AT 63/2
6.425536530062077944e-16
0
0
0
DERIV 1
-6.623777013207157072e-16
0
0
0
DERIV 2
3.417122399059176637e-16
0
0
0
DERIV 3
-1.1763453972776932433e-16
0
0
0
DERIV 4
3.040221755841322085e-17
0
0
0
DERIV 5
-6.292548592328947915e-18
0
0
0
DERIV 6
1.0865655444983574794e-18
0
0
0
DERIV 7
-1.6101214377979847815e-19
0
0
0
DERIV 8
2.0903700281434471177e-20
0
0
0
DERIV 9
-2.4156037813377296115e-21
0
0
0
DERIV 10
2.515946740260241504e-22
0
0
0
DERIV 11
-2.3859384935687459920e-23
0
0
0
DERIV 12
2.0775504534574717798e-24
0
0
0
DERIV 13
-1.6728541837394336879e-25
0
0
0
DERIV 14
1.2531838451392888943e-26
0
0
0
DERIV 15
-8.780269020192285059e-28
0
0
0
DERIV 16
5.780204530103574690e-29
0
0
0
DERIV 17
-3.590045262311776836e-30
0
0
0
DERIV 18
2.111403218994996304e-31
0
0
0
DERIV 19
-1.1797691469824140515e-32
0
0
0
DERIV 20
6.281895429934853689e-34
0
0
0
DERIV 21
-3.196392315043390488e-35
0
0
0
DERIV 22
1.5582087785225003315e-36
0
0
0
DERIV 23
-7.295173447603562613e-38
0
0
0
DERIV 24
3.287599497780497439e-39
0
0
0
DERIV 25
-1.4292109345216734207e-40
0
0
0
DERIV 26
6.006071543517454822e-42
0
0
0
DERIV 27
-2.4447499569095170511e-43
0
0
0
DERIV 28
9.657822285323452050e-45
0
0
0
DERIV 29
-3.709884662933814671e-46
0
0
0
DERIV 30
1.3883652841410470078e-47
0
0
0
DERIV 31
-5.071417314489233053e-49
0
0
0
DERIV 32
1.8115685319951587013e-50
0
0
0
DERIV 33
-6.340104597551838619e-52
0
0
0
DERIV 34
2.178057102596651084e-53
0
0
0
DERIV 35
-7.358417503402751334e-55
0
0
0
AT 32
3.840961801225066641e-16
0
0
0
DERIV 1
-3.957551734091929855e-16
0
0
0
DERIV 2
2.0406126128911512701e-16
0
0
0
DERIV 3
-7.021047184505539453e-17
0
0
0
DERIV 4
1.8135356825918194471e-17
0
0
0
DERIV 5
-3.751343699057896536e-18
0
0
0
DERIV 6
6.473512052312896071e-19
0
0
0
DERIV 7
-9.586261629274148327e-20
0
0
0
DERIV 8
1.2436599897617571119e-20
0
0
0
DERIV 9
-1.4360562730852571961e-21
0
0
0
DERIV 10
1.4944859916233309816e-22
0
0
0
DERIV 11
-1.4160200338185393533e-23
0
0
0
DERIV 12
1.2318391970498012528e-24
0
0
0
DERIV 13
-9.908831977609288662e-26
0
0
0
DERIV 14
7.414937620950674677e-27
0
0
0
DERIV 15
-5.189094748218789377e-28
0
0
0
DERIV 16
3.411745482501500213e-29
0
0
0
DERIV 17
-2.1161033069029569404e-30
0
0
0
DERIV 18
1.2426825750101340116e-31
0
0
0
DERIV 19
-6.932353393052064048e-33
0
0
0
DERIV 20
3.684721877343099345e-34
0
0
0
DERIV 21
-1.8712526843429545996e-35
0
0
0
DERIV 22
9.102812920759529279e-37
0
0
0
DERIV 23
-4.251797871011682028e-38
0
0
0
DERIV 24
1.9111783651849417110e-39
0
0
0
DERIV 25
-8.284949023311848806e-41
0
0
0
DERIV 26
3.470780904699771253e-42
0
0
0
DERIV 27
-1.4078972348910670430e-43
0
0
0
DERIV 28
5.540580604991440169e-45
0
0
0
DERIV 29
-2.1193245390162168434e-46
0
0
0
DERIV 30
7.894118319404040094e-48
0
0
0
DERIV 31
-2.8686219458818832662e-49
0
0
0
DERIV 32
1.0188329021188590774e-50
0
0
0
DERIV 33
-3.543137370726916005e-52
0
0
0
DERIV 34
1.2087133393017173924e-53
0
0
0
DERIV 35
-4.052304099404337211e-55
0
0
0
AT 33
1.3713843484487465106e-16
0
0
0
DERIV 1
-1.4117836803343628012e-16
0
0
0
DERIV 2
7.272825019904293816e-17
0
0
0
DERIV 3
-2.4998985585351358165e-17
0
0
0
DERIV 4
6.450590764696618554e-18
0
0
0
DERIV 5
-1.3328643582106750022e-18
0
0
0
DERIV 6
2.297392575770119031e-19
0
0
0
DERIV 7
-3.397883440257388315e-20
0
0
0
DERIV 8
4.402401562369381285e-21
0
0
0
DERIV 9
-5.076329426090656071e-22
0
0
0
DERIV 10
5.274950835261675249e-23
0
0
0
DERIV 11
-4.989970277725513081e-24
0
0
0
DERIV 12
4.333449336301608637e-25
0
0
0
DERIV 13
-3.479343261563835278e-26
0
0
0
DERIV 14
2.5984571263053287013e-27
0
0
0
DERIV 15
-1.8145312627786546006e-28
0
0
0
DERIV 16
1.1902506458559158039e-29
0
0
0
DERIV 17
-7.363823718073081763e-31
0
0
0
DERIV 18
4.312585786287040867e-32
0
0
0
DERIV 19
-2.3986387734707422227e-33
0
0
0
DERIV 20
1.2708051568241037592e-34
0
0
0
DERIV 21
-6.430823227085923245e-36
0
0
0
DERIV 22
3.116189968429246473e-37
0
0
0
DERIV 23
-1.4493454210751850854e-38
0
0
0
DERIV 24
6.484382462068535105e-40
0
0
0
DERIV 25
-2.796535727089308077e-41
0
0
0
DERIV 26
1.1649067661459433016e-42
0
0
0
DERIV 27
-4.695817350839807842e-44
0
0
0
DERIV 28
1.8352038305198959209e-45
0
0
0
DERIV 29
-6.966179496198067992e-47
0
0
0
DERIV 30
2.5728387351823117150e-48
0
0
0
DERIV 31
-9.261887115011827127e-50
0
0
0
DERIV 32
3.255458159407541771e-51
0
0
0
DERIV 33
-1.1191942050947028980e-52
0
0
0
DERIV 34
3.769941035180277420e-54
0
0
0
DERIV 35
-1.2463928702134333237e-55
0
0
0
AT 34
4.900676118392787436e-17
0
0
0
DERIV 1
-5.040907151594155556e-17
0
0
0
DERIV 2
2.5945845633205213959e-17
0
0
0
DERIV 3
-8.910253990562911299e-18
0
0
0
DERIV 4
2.2969277002109623227e-18
0
0
0
DERIV 5
-4.741209536182022963e-19
0
0
0
DERIV 6
8.163321093598588328e-20
0
0
0
DERIV 7
-1.2059780011586554980e-20
0
0
0
DERIV 8
1.5605869735868832370e-21
0
0
0
DERIV 9
-1.7971354699513354790e-22
0
0
0
DERIV 10
1.8648512058307717183e-23
0
0
0
DERIV 11
-1.7614768402939019775e-24
0
0
0
DERIV 12
1.5272859076702415276e-25
0
0
0
DERIV 13
-1.2241692469865083954e-26
0
0
0
DERIV 14
9.125615723793271651e-28
0
0
0
DERIV 15
-6.359935217516271233e-29
0
0
0
DERIV 16
4.162948754342403373e-30
0
0
0
DERIV 17
-2.569602855586593829e-31
0
0
0
DERIV 18
1.5011282920980319556e-32
0
0
0
DERIV 19
-8.326656311954221662e-34
0
0
0
DERIV 20
4.398538684490281699e-35
0
0
0
DERIV 21
-2.2187374509651274767e-36
0
0
0
DERIV 22
1.0713865666963750308e-37
0
0
0
DERIV 23
-4.964039673722723104e-39
0
0
0
DERIV 24
2.2116397940742033863e-40
0
0
0
DERIV 25
-9.494477786250317652e-42
0
0
0
DERIV 26
3.935031325312728754e-43
0
0
0
DERIV 27
-1.5774381686464208536e-44
0
0
0
DERIV 28
6.127188449966330983e-46
0
0
0
DERIV 29
-2.310097107286371405e-47
0
0
0
DERIV 30
8.468338908119093939e-49
0
0
0
DERIV 31
-3.023380484648381630e-50
0
0
0
DERIV 32
1.0530153000862076220e-51
0
0
0
DERIV 33
-3.583779978668315743e-53
0
0
0
DERIV 34
1.1937948444373969791e-54
0
0
0
DERIV 35
-3.898680888232124595e-56
0
0
0
AT 35
1.7527059389947371224e-17
0
0
0
DERIV 1
-1.8014619314705683932e-17
0
0
0
DERIV 2
9.264661361848637803e-18
0
0
0
DERIV 3
-3.1789062926766355326e-18
0
0
0
DERIV 4
8.187285586700933475e-19
0
0
0
DERIV 5
-1.6883562324929234988e-19
0
0
0
DERIV 6
2.904020039540771014e-20
0
0
0
DERIV 7
-4.285517810220296366e-21
0
0
0
DERIV 8
5.539290988940412234e-22
0
0
0
DERIV 9
-6.371150212222544359e-23
0
0
0
DERIV 10
6.602641920396490205e-24
0
0
0
DERIV 11
-6.228013883320497539e-25
0
0
0
DERIV 12
5.392014789871261780e-26
0
0
0
DERIV 13
-4.315045447476440918e-27
0
0
0
DERIV 14
3.211219127850467574e-28
0
0
0
DERIV 15
-2.2339325354197054487e-29
0
0
0
DERIV 16
1.4593794329353731890e-30
0
0
0
DERIV 17
-8.989114884057865515e-32
0
0
0
DERIV 18
5.239374850430024234e-33
0
0
0
DERIV 19
-2.899092796174106669e-34
0
0
0
DERIV 20
1.5273546885693451832e-35
0
0
0
DERIV 21
-7.682058001042173113e-37
0
0
0
DERIV 22
3.697829828130430417e-38
0
0
0
DERIV 23
-1.7074231644588948072e-39
0
0
0
DERIV 24
7.578571113868899105e-41
0
0
0
DERIV 25
-3.240087342372810619e-42
0
0
0
DERIV 26
1.3368237126288703501e-43
0
0
0
DERIV 27
-5.332440263069539243e-45
0
0
0
DERIV 28
2.0600012651335394793e-46
0
0
0
DERIV 29
-7.720208869341268111e-48
0
0
0
DERIV 30
2.8113970834559874421e-49
0
0
0
DERIV 31
-9.964251123287889079e-51
0
0
0
DERIV 32
3.442588291439821089e-52
0
0
0
DERIV 33
-1.1612530975724379879e-53
0
0
0
DERIV 34
3.830465234763962868e-55
0
0
0
DERIV 35
-1.2374876875791622992e-56
0
0
0
AT 36
6.273339009762241328e-18
0
0
0
DERIV 1
-6.443118972898803769e-18
0
0
0
DERIV 2
3.3110472499618854518e-18
0
0
0
DERIV 3
-1.1351688519639096750e-18
0
0
0
DERIV 4
2.921126416200315965e-19
0
0
0
DERIV 5
-6.018405014349073783e-20
0
0
0
DERIV 6
1.0341925660125438746e-20
0
0
0
DERIV 7
-1.5246329468479874287e-21
0
0
0
DERIV 8
1.9685662849230732995e-22
0
0
0
DERIV 9
-2.2616166127066460204e-23
0
0
0
DERIV 10
2.3409550165195857785e-24
0
0
0
DERIV 11
-2.205287405190432824e-25
0
0
0
DERIV 12
1.9066458056218331764e-26
0
0
0
DERIV 13
-1.5235868402194236650e-27
0
0
0
DERIV 14
1.1320624550444947182e-28
0
0
0
DERIV 15
-7.862135308235729761e-30
0
0
0
DERIV 16
5.126905177937546898e-31
0
0
0
DERIV 17
-3.151822724477818606e-32
0
0
0
DERIV 18
1.8332311603889859066e-33
0
0
0
DERIV 19
-1.0120945620020022810e-34
0
0
0
DERIV 20
5.319131640512243026e-36
0
0
0
DERIV 21
-2.668285561884859868e-37
0
0
0
DERIV 22
1.2807308137768929871e-38
0
0
0
DERIV 23
-5.895216020989762150e-40
0
0
0
DERIV 24
2.607790031287209169e-41
0
0
0
DERIV 25
-1.1107953519564518903e-42
0
0
0
DERIV 26
4.564501300105379390e-44
0
0
0
DERIV 27
-1.8126732019146655837e-45
0
0
0
DERIV 28
6.968646305222836463e-47
0
0
0
DERIV 29
-2.5976999636664361276e-48
0
0
0
DERIV 30
9.404353339874962823e-50
0
0
0
DERIV 31
-3.311615805949749169e-51
0
0
0
DERIV 32
1.1360103122186212239e-52
0
0
0
DERIV 33
-3.801971642317175778e-54
0
0
0
DERIV 34
1.2432799639672760487e-55
0
0
0
DERIV 35
-3.978421270488909858e-57
0
0
0
AT 37
2.2470206975885713600e-18
0
0
0
DERIV 1
-2.3062290880389368073e-18
0
0
0
DERIV 2
1.1842798019659403769e-18
0
0
0
DERIV 3
-4.057098894833532632e-19
0
0
0
DERIV 4
1.0431672777943807944e-19
0
0
0
DERIV 5
-2.1474072550510520657e-20
0
0
0
DERIV 6
3.686746238278790057e-21
0
0
0
DERIV 7
-5.429923852788772576e-22
0
0
0
DERIV 8
7.003917820280957740e-23
0
0
0
DERIV 9
-8.037972018040280701e-24
0
0
0
DERIV 10
8.310531501039639574e-25
0
0
0
DERIV 11
-7.819489739226056485e-26
0
0
0
DERIV 12
6.751919394364033096e-27
0
0
0
DERIV 13
-5.388053937233516383e-28
0
0
0
DERIV 14
3.997631024470005223e-29
0
0
0
DERIV 15
-2.7720225735279621484e-30
0
0
0
DERIV 16
1.8046275494662271101e-31
0
0
0
DERIV 17
-1.1074332034163019697e-32
0
0
0
DERIV 18
6.428928394467133658e-34
0
0
0
DERIV 19
-3.541965121475224205e-35
0
0
0
DERIV 20
1.8573568835316890622e-36
0
0
0
DERIV 21
-9.294810000938434561e-38
0
0
0
DERIV 22
4.449727865964453129e-39
0
0
0
DERIV 23
-2.0424295854207823522e-40
0
0
0
DERIV 24
9.007112697652271328e-42
0
0
0
DERIV 25
-3.823795019322128610e-43
0
0
0
DERIV 26
1.5655614272402305602e-44
0
0
0
DERIV 27
-6.192503515011032409e-46
0
0
0
DERIV 28
2.370293995107416070e-47
0
0
0
DERIV 29
-8.793633078293563743e-49
0
0
0
DERIV 30
3.166881182215941691e-50
0
0
0
DERIV 31
-1.1087700039374919552e-51
0
0
0
DERIV 32
3.779486741596148403e-53
0
0
0
DERIV 33
-1.2561219577288266032e-54
0
0
0
DERIV 34
4.076229621435712638e-56
0
0
0
DERIV 35
-1.2933944686896850817e-57
0
0
0
AT 38
8.054106914290749918e-19
0
0
0
DERIV 1
-8.260875768547446253e-19
0
0
0
DERIV 2
4.239133618070400342e-19
0
0
0
DERIV 3
-1.4511833933205463071e-19
0
0
0
DERIV 4
3.728449345225579098e-20
0
0
0
DERIV 5
-7.668999844714221726e-21
0
0
0
DERIV 6
1.3155236778987144971e-21
0
0
0
DERIV 7
-1.9357973166772527778e-22
0
0
0
DERIV 8
2.4945711187942281054e-23
0
0
0
DERIV 9
-2.8600013141406001017e-24
0
0
0
DERIV 10
2.953844638531975496e-25
0
0
0
DERIV 11
-2.776184947901182689e-26
0
0
0
DERIV 12
2.3942966967016343543e-27
0
0
0
DERIV 13
-1.9082281945881418954e-28
0
0
0
DERIV 14
1.4138804068937852983e-29
0
0
0
DERIV 15
-9.789915675717009528e-31
0
0
0
DERIV 16
6.363542097087414586e-32
0
0
0
DERIV 17
-3.898619408403614029e-33
0
0
0
DERIV 18
2.259238399830918763e-34
0
0
0
DERIV 19
-1.2423414955378207558e-35
0
0
0
DERIV 20
6.501336064389851404e-37
0
0
0
DERIV 21
-3.246303880432561415e-38
0
0
0
DERIV 22
1.5504119930382623034e-39
0
0
0
DERIV 23
-7.098086207196111758e-41
0
0
0
DERIV 24
3.121523914956124691e-42
0
0
0
DERIV 25
-1.3211700692103545218e-43
0
0
0
DERIV 26
5.391405341768576266e-45
0
0
0
DERIV 27
-2.1248962796809957640e-46
0
0
0
DERIV 28
8.101599770190468821e-48
0
0
0
DERIV 29
-2.9927846837481521643e-49
0
0
0
DERIV 30
1.0727564140560581842e-50
0
0
0
DERIV 31
-3.736603074101285976e-52
0
0
0
DERIV 32
1.2665335137241289262e-53
0
0
0
DERIV 33
-4.183333626820798396e-55
0
0
0
DERIV 34
1.3483074030687490482e-56
0
0
0
DERIV 35
-4.246254811723649583e-58
0
0
0
AT 39
2.888779301522701192e-19
0
0
0
DERIV 1
-2.961083121286098746e-19
0
0
0
DERIV 2
1.5185041647621020937e-19
0
0
0
DERIV 3
-5.194711896974626822e-20
0
0
0
DERIV 4
1.3336829395802584577e-20
0
0
0
DERIV 5
-2.7411452553446224845e-21
0
0
0
DERIV 6
4.698330244381253432e-22
0
0
0
DERIV 7
-6.907764976896870219e-23
0
0
0
DERIV 8
8.893775219312806868e-24
0
0
0
DERIV 9
-1.0187022557260805057e-24
0
0
0
DERIV 10
1.0510802641571635255e-25
0
0
0
DERIV 11
-9.868208075097035797e-27
0
0
0
DERIV 12
8.501231890338396109e-28
0
0
0
DERIV 13
-6.767342256124957928e-29
0
0
0
DERIV 14
5.007855083544468763e-30
0
0
0
DERIV 15
-3.462849790834861076e-31
0
0
0
DERIV 16
2.2476587808547137127e-32
0
0
0
DERIV 17
-1.3749172874499612054e-33
0
0
0
DERIV 18
7.954548790980466649e-35
0
0
0
DERIV 19
-4.366477486040653875e-36
0
0
0
DERIV 20
2.280728344966475803e-37
0
0
0
DERIV 21
-1.1365254729625866681e-38
0
0
0
DERIV 22
5.416119585634165953e-40
0
0
0
DERIV 23
-2.473765577530971280e-41
0
0
0
DERIV 24
1.0851186383870535589e-42
0
0
0
DERIV 25
-4.580056830808125555e-44
0
0
0
DERIV 26
1.8634343973033817301e-45
0
0
0
DERIV 27
-7.320439490615398523e-47
0
0
0
DERIV 28
2.781201241109702595e-48
0
0
0
DERIV 29
-1.0234352866791854711e-49
0
0
0
DERIV 30
3.653044614855988955e-51
0
0
0
DERIV 31
-1.2665674169788417759e-52
0
0
0
DERIV 32
4.271448279537039895e-54
0
0
0
DERIV 33
-1.4030622325353888495e-55
0
0
0
DERIV 34
4.494749337383406689e-57
0
0
0
DERIV 35
-1.4061328351688929687e-58
0
0
0
AT 40
1.0367732614516570203e-19
0
0
0
DERIV 1
-1.0620885638228972659e-19
0
0
0
DERIV 2
5.443203889592348578e-20
0
0
0
DERIV 3
-1.8608676711980344858e-20
0
0
0
DERIV 4
4.774281704278369873e-21
0
0
0
DERIV 5
-9.805594372713150187e-22
0
0
0
DERIV 6
1.6794062214077702014e-22
0
0
0
DERIV 7
-2.4671913407439214690e-23
0
0
0
DERIV 8
3.1738463295548389892e-24
0
0
0
DERIV 9
-3.632130544086749055e-25
0
0
0
DERIV 10
3.744060732160747462e-26
0
0
0
DERIV 11
-3.511678675255832589e-27
0
0
0
DERIV 12
3.022056181065241238e-28
0
0
0
DERIV 13
-2.4030102607477068263e-29
0
0
0
DERIV 14
1.7761364394606331796e-30
0
0
0
DERIV 15
-1.2266283503988534358e-31
0
0
0
DERIV 16
7.951138412026722278e-33
0
0
0
DERIV 17
-4.856872694464764498e-34
0
0
0
DERIV 18
2.805659718147125020e-35
0
0
0
DERIV 19
-1.5376026225779156398e-36
0
0
0
DERIV 20
8.017327570022110592e-38
0
0
0
DERIV 21
-3.987707203052674961e-39
0
0
0
DERIV 22
1.8965299854469989623e-40
0
0
0
DERIV 23
-8.643519701129668755e-42
0
0
0
DERIV 24
3.782651303873864409e-43
0
0
0
DERIV 25
-1.5925595297876799590e-44
0
0
0
DERIV 26
6.461818934520201535e-46
0
0
0
DERIV 27
-2.531012274632288341e-47
0
0
0
DERIV 28
9.585080297071949582e-49
0
0
0
DERIV 29
-3.514858295602774668e-50
0
0
0
DERIV 30
1.2498301627359213292e-51
0
0
0
DERIV 31
-4.315415150593091741e-53
0
0
0
DERIV 32
1.4487747626632135195e-54
0
0
0
DERIV 33
-4.735318078816726953e-56
0
0
0
DERIV 34
1.5087571326531222573e-57
0
0
0
DERIV 35
-4.691970545684318225e-59
0
0
0
AT 41
3.723166776459977959e-20
0
0
0
DERIV 1
-3.811907778865826459e-20
0
0
0
DERIV 2
1.9524405696629842693e-20
0
0
0
DERIV 3
-6.670649642770358002e-21
0
0
0
DERIV 4
1.7103189866919260000e-21
0
0
0
DERIV 5
-3.510310593612629447e-22
0
0
0
DERIV 6
6.007794122465266132e-23
0
0
0
DERIV 7
-8.819293919016106199e-24
0
0
0
DERIV 8
1.1336302741469929776e-24
0
0
0
DERIV 9
-1.2962330963160857331e-25
0
0
0
DERIV 10
1.3349985675080734074e-26
0
0
0
DERIV 11
-1.2509718198684473128e-27
0
0
0
DERIV 12
1.0754915451107623699e-28
0
0
0
DERIV 13
-8.542928744604684244e-30
0
0
0
DERIV 14
6.307352083328295355e-31
0
0
0
DERIV 15
-4.350848278007175443e-32
0
0
0
DERIV 16
2.8167512823781159958e-33
0
0
0
DERIV 17
-1.7183015852114109648e-34
0
0
0
DERIV 18
9.912044937334230470e-36
0
0
0
DERIV 19
-5.423961652110651283e-37
0
0
0
DERIV 20
2.823586774509615128e-38
0
0
0
DERIV 21
-1.4019878925671932489e-39
0
0
0
DERIV 22
6.655426466162827136e-41
0
0
0
DERIV 23
-3.027208381235212329e-42
0
0
0
DERIV 24
1.3219586932760741296e-43
0
0
0
DERIV 25
-5.552835909864133192e-45
0
0
0
DERIV 26
2.2474590571907100293e-46
0
0
0
DERIV 27
-8.779322841220844129e-48
0
0
0
DERIV 28
3.3150868459754885078e-49
0
0
0
DERIV 29
-1.2118018200453609385e-50
0
0
0
DERIV 30
4.294178238909296054e-52
0
0
0
DERIV 31
-1.4771503726056265596e-53
0
0
0
DERIV 32
4.938892014120205081e-55
0
0
0
DERIV 33
-1.6070966347716546696e-56
0
0
0
DERIV 34
5.095614402838822811e-58
0
0
0
DERIV 35
-1.5762241919435410517e-59
0
0
0
AT 42
1.3377908810011774563e-20
0
0
0
DERIV 1
-1.3689338724508474369e-20
0
0
0
DERIV 2
7.007637680403148561e-21
0
0
0
DERIV 3
-2.3927887982181293073e-21
0
0
0
DERIV 4
6.131174849179387612e-22
0
0
0
DERIV 5
-1.2575625098838850628e-22
0
0
0
DERIV 6
2.1508134160793289459e-23
0
0
0
DERIV 7
-3.1550801493007511156e-24
0
0
0
DERIV 8
4.052481659206623838e-25
0
0
0
DERIV 9
-4.630082847988084730e-26
0
0
0
DERIV 10
4.764575382248679870e-27
0
0
0
DERIV 11
-4.460761347295207852e-28
0
0
0
DERIV 12
3.831468844242853896e-29
0
0
0
DERIV 13
-3.0404579714085721935e-30
0
0
0
DERIV 14
2.242479314819448711e-31
0
0
0
DERIV 15
-1.5451748826931216925e-32
0
0
0
DERIV 16
9.991839490356113884e-34
0
0
0
DERIV 17
-6.087766739330174777e-35
0
0
0
DERIV 18
3.507108404210384651e-36
0
0
0
DERIV 19
-1.916427687873215042e-37
0
0
0
DERIV 20
9.961529934130243679e-39
0
0
0
DERIV 21
-4.938256525715642503e-40
0
0
0
DERIV 22
2.340242937897210085e-41
0
0
0
DERIV 23
-1.0625014992278311559e-42
0
0
0
DERIV 24
4.630720734162446129e-44
0
0
0
DERIV 25
-1.9409953153528976930e-45
0
0
0
DERIV 26
7.838073908487607125e-47
0
0
0
DERIV 27
-3.054275668777589536e-48
0
0
0
DERIV 28
1.1502319081399193133e-49
0
0
0
DERIV 29
-4.192470412222297855e-51
0
0
0
DERIV 30
1.4810200426858067881e-52
0
0
0
DERIV 31
-5.077283340135371537e-54
0
0
0
DERIV 32
1.6913479432289087728e-55
0
0
0
DERIV 33
-5.481498228093638600e-57
0
0
0
DERIV 34
1.7304122519733571119e-58
0
0
0
DERIV 35
-5.327112532669575666e-60
0
0
0
AT 43
4.809496556950018053e-21
0
0
0
DERIV 1
-4.918909389746698754e-21
0
0
0
DERIV 2
2.5166513156843573971e-21
0
0
0
DERIV 3
-8.588360814800211738e-22
0
0
0
DERIV 4
2.199342570016942321e-22
0
0
0
DERIV 5
-4.508271171148656803e-23
0
0
0
DERIV 6
7.705514560271318205e-24
0
0
0
DERIV 7
-1.1295723821496868163e-24
0
0
0
DERIV 8
1.4498224517888809222e-25
0
0
0
DERIV 9
-1.6552244624657147565e-26
0
0
0
DERIV 10
1.7019618922244033091e-27
0
0
0
DERIV 11
-1.5921133218964469614e-28
0
0
0
DERIV 12
1.3663127624807066808e-29
0
0
0
DERIV 13
-1.0832348804839851390e-30
0
0
0
DERIV 14
7.981567358735707300e-32
0
0
0
DERIV 15
-5.494003773689826609e-33
0
0
0
DERIV 16
3.548802183030184233e-34
0
0
0
DERIV 17
-2.1596859565039499800e-35
0
0
0
DERIV 18
1.2426442668712567153e-36
0
0
0
DERIV 19
-6.781427937025488443e-38
0
0
0
DERIV 20
3.520050446418459748e-39
0
0
0
DERIV 21
-1.7424098861862771345e-40
0
0
0
DERIV 22
8.244179994717933337e-42
0
0
0
DERIV 23
-3.736610272752763451e-43
0
0
0
DERIV 24
1.6255707765422773055e-44
0
0
0
DERIV 25
-6.800377697468396178e-46
0
0
0
DERIV 26
2.740347843289734818e-47
0
0
0
DERIV 27
-1.0654242385525358330e-48
0
0
0
DERIV 28
4.002588198624836624e-50
0
0
0
DERIV 29
-1.4550635510294213864e-51
0
0
0
DERIV 30
5.125495853874573296e-53
0
0
0
DERIV 31
-1.7517258369592380537e-54
0
0
0
DERIV 32
5.815853136304670145e-56
0
0
0
DERIV 33
-1.8780165240833268674e-57
0
0
0
DERIV 34
5.905137086563630885e-59
0
0
0
DERIV 35
-1.8100829320204429957e-60
0
0
0
AT 44
1.7299598742816476230e-21
0
0
0
DERIV 1
-1.7684391457122263997e-21
0
0
0
DERIV 2
9.043154722392067372e-22
0
0
0
DERIV 3
-3.084416071980863216e-22
0
0
0
DERIV 4
7.894249180009802477e-23
0
0
0
DERIV 5
-1.6172310913664276792e-23
0
0
0
DERIV 6
2.7624592474601178724e-24
0
0
0
DERIV 7
-4.046949240636980391e-25
0
0
0
DERIV 8
5.190800828164752423e-26
0
0
0
DERIV 9
-5.921990838610947418e-27
0
0
0
DERIV 10
6.084660514556166462e-28
0
0
0
DERIV 11
-5.687474178482117178e-29
0
0
0
DERIV 12
4.876817883137162731e-30
0
0
0
DERIV 13
-3.863052823186393398e-31
0
0
0
DERIV 14
2.843786208797025415e-32
0
0
0
DERIV 15
-1.9555817473257070960e-33
0
0
0
DERIV 16
1.2618937283633214007e-34
0
0
0
DERIV 17
-7.671128986714007559e-36
0
0
0
DERIV 18
4.408742419668086225e-37
0
0
0
DERIV 19
-2.403020077490831255e-38
0
0
0
DERIV 20
1.2457185390049459435e-39
0
0
0
DERIV 21
-6.157715991358619724e-41
0
0
0
DERIV 22
2.909211555585706602e-42
0
0
0
DERIV 23
-1.3164996498945091830e-43
0
0
0
DERIV 24
5.717635944740544018e-45
0
0
0
DERIV 25
-2.3875881314618171221e-46
0
0
0
DERIV 26
9.602646503615047675e-48
0
0
0
DERIV 27
-3.725668967859636785e-49
0
0
0
DERIV 28
1.3965305797399623513e-50
0
0
0
DERIV 29
-5.064585276068243341e-52
0
0
0
DERIV 30
1.7793734080889701563e-53
0
0
0
DERIV 31
-6.064221006592675707e-55
0
0
0
DERIV 32
2.0072382734744000357e-56
0
0
0
DERIV 33
-6.460259489165829266e-58
0
0
0
DERIV 34
2.024055438108145658e-59
0
0
0
DERIV 35
-6.180117246825971399e-61
0
0
0
AT 45
6.225690809462383813e-22
0
0
0
DERIV 1
-6.361152401220875024e-22
0
0
0
DERIV 2
3.251255671735113765e-22
0
0
0
DERIV 3
-1.1083588175625177521e-22
0
0
0
DERIV 4
2.835206636769117670e-23
0
0
0
DERIV 5
-5.804997069776349851e-24
0
0
0
DERIV 6
9.909933347950538773e-25
0
0
0
DERIV 7
-1.4508940481397075493e-25
0
0
0
DERIV 8
1.8597850533140887650e-26
0
0
0
DERIV 9
-2.1203280223314632969e-27
0
0
0
DERIV 10
2.177028677994972812e-28
0
0
0
DERIV 11
-2.0334065674492997124e-29
0
0
0
DERIV 12
1.7422147773556755298e-30
0
0
0
DERIV 13
-1.3789176428658962686e-31
0
0
0
DERIV 14
1.0142101702542182613e-32
0
0
0
DERIV 15
-6.968024413306008078e-34
0
0
0
DERIV 16
4.491970123721760525e-35
0
0
0
DERIV 17
-2.7279078257814846907e-36
0
0
0
DERIV 18
1.5660854238040690678e-37
0
0
0
DERIV 19
-8.526293308713203577e-39
0
0
0
DERIV 20
4.414630935992941949e-40
0
0
0
DERIV 21
-2.1793780360504316785e-41
0
0
0
DERIV 22
1.0282307699698459548e-42
0
0
0
DERIV 23
-4.646213295410463217e-44
0
0
0
DERIV 24
2.0147221820001219953e-45
0
0
0
DERIV 25
-8.399077316473315617e-47
0
0
0
DERIV 26
3.371983612659148953e-48
0
0
0
DERIV 27
-1.3057652484490217672e-49
0
0
0
DERIV 28
4.884455919146148308e-51
0
0
0
DERIV 29
-1.7674498434379770696e-52
0
0
0
DERIV 30
6.194890693887554202e-54
0
0
0
DERIV 31
-2.1058302306515799874e-55
0
0
0
DERIV 32
6.950871001901560697e-57
0
0
0
DERIV 33
-2.2304024481619414433e-58
0
0
0
DERIV 34
6.965294476055333823e-60
0
0
0
DERIV 35
-2.1192255618581177201e-61
0
0
0
AT 46
2.241531759744299842e-22
0
0
0
DERIV 1
-2.289264642946480915e-22
0
0
0
DERIV 2
1.1695156328096152656e-22
0
0
0
DERIV 3
-3.984936090825238589e-23
0
0
0
DERIV 4
1.0188320519839089326e-23
0
0
0
DERIV 5
-2.0849087187424575304e-24
0
0
0
DERIV 6
3.557235081159205081e-25
0
0
0
DERIV 7
-5.205030586876548085e-26
0
0
0
DERIV 8
6.667827029742419134e-27
0
0
0
DERIV 9
-7.597068646640599116e-28
0
0
0
DERIV 10
7.794982651467881985e-29
0
0
0
DERIV 11
-7.275601001233913071e-30
0
0
0
DERIV 12
6.229090188779438910e-31
0
0
0
DERIV 13
-4.926324778783109057e-32
0
0
0
DERIV 14
3.620401675433722091e-33
0
0
0
DERIV 15
-2.485212407994329251e-34
0
0
0
DERIV 16
1.6006459409004442174e-35
0
0
0
DERIV 17
-9.711148594741776743e-37
0
0
0
DERIV 18
5.569484682813109698e-38
0
0
0
DERIV 19
-3.028954419968599136e-39
0
0
0
DERIV 20
1.5665054151915674837e-40
0
0
0
DERIV 21
-7.724046626598526485e-42
0
0
0
DERIV 22
3.639526996631372093e-43
0
0
0
DERIV 23
-1.6423279753285966918e-44
0
0
0
DERIV 24
7.111210450486693217e-46
0
0
0
DERIV 25
-2.959956236797780301e-47
0
0
0
DERIV 26
1.1863651545816900124e-48
0
0
0
DERIV 27
-4.585923789723395085e-50
0
0
0
DERIV 28
1.7121884022407455859e-51
0
0
0
DERIV 29
-6.182948560231067867e-53
0
0
0
DERIV 30
2.1623652154493964020e-54
0
0
0
DERIV 31
-7.333187491252020764e-56
0
0
0
DERIV 32
2.4143633623927030465e-57
0
0
0
DERIV 33
-7.725961030640770595e-59
0
0
0
DERIV 34
2.4055680165899090953e-60
0
0
0
DERIV 35
-7.295538664620202340e-62
0
0
0
AT 47
8.074197842725813905e-23
0
0
0
DERIV 1
-8.242548146142951102e-23
0
0
0
DERIV 2
4.208960755477251939e-23
0
0
0
DERIV 3
-1.4334595953568358662e-23
0
0
0
DERIV 4
3.663138613343455635e-24
0
0
0
DERIV 5
-7.492303077248508827e-25
0
0
0
DERIV 6
1.2776406067736695589e-25
0
0
0
DERIV 7
-1.8684305854497687308e-26
0
0
0
DERIV 8
2.3921288939726155357e-27
0
0
0
DERIV 9
-2.723837388789796299e-28
0
0
0
DERIV 10
2.793011187783092491e-29
0
0
0
DERIV 11
-2.6051663675924196632e-30
0
0
0
DERIV 12
2.228876569544897580e-31
0
0
0
DERIV 13
-1.7614243191525114608e-32
0
0
0
DERIV 14
1.2934834937965528172e-33
0
0
0
DERIV 15
-8.871831228089459091e-35
0
0
0
DERIV 16
5.709154389014204745e-36
0
0
0
DERIV 17
-3.460617130720352937e-37
0
0
0
DERIV 18
1.9828165317629476801e-38
0
0
0
DERIV 19
-1.0772616834267691316e-39
0
0
0
DERIV 20
5.565392918812082949e-41
0
0
0
DERIV 21
-2.7410482840412003225e-42
0
0
0
DERIV 22
1.2900149055210543040e-43
0
0
0
DERIV 23
-5.813735122917788820e-45
0
0
0
DERIV 24
2.5139071676500615539e-46
0
0
0
DERIV 25
-1.0448718919874516246e-47
0
0
0
DERIV 26
4.181445778531581788e-49
0
0
0
DERIV 27
-1.6136886578421266679e-50
0
0
0
DERIV 28
6.014223899443762892e-52
0
0
0
DERIV 29
-2.167726342274960746e-53
0
0
0
DERIV 30
7.565874704156908382e-55
0
0
0
DERIV 31
-2.560229735530787567e-56
0
0
0
DERIV 32
8.409559645818401775e-58
0
0
0
DERIV 33
-2.684287275242480522e-59
0
0
0
DERIV 34
8.335152501191375519e-61
0
0
0
DERIV 35
-2.520447341316084868e-62
0
0
0
AT 48
2.909664190405842339e-23
0
0
0
DERIV 1
-2.969091839043614514e-23
0
0
0
DERIV 2
1.5154739595118450549e-23
0
0
0
DERIV 3
-5.158968892782669540e-24
0
0
0
DERIV 4
1.3177304885512354426e-24
0
0
0
DERIV 5
-2.693864947294885128e-25
0
0
0
DERIV 6
4.591423552021493395e-26
0
0
0
DERIV 7
-6.710952299058629395e-27
0
0
0
DERIV 8
8.587169724762956732e-28
0
0
0
DERIV 9
-9.772237777082466062e-29
0
0
0
DERIV 10
1.0014315744588585993e-29
0
0
0
DERIV 11
-9.334851765007495390e-31
0
0
0
DERIV 12
7.981198265516107529e-32
0
0
0
DERIV 13
-6.302923420166631156e-33
0
0
0
DERIV 14
4.625085256788238405e-34
0
0
0
DERIV 15
-3.169835276062032821e-35
0
0
0
DERIV 16
2.0381791666043991021e-36
0
0
0
DERIV 17
-1.2343904528137251610e-37
0
0
0
DERIV 18
7.066263505599553758e-39
0
0
0
DERIV 19
-3.835439373092676035e-40
0
0
0
DERIV 20
1.9794884270499218065e-41
0
0
0
DERIV 21
-9.738942360616493709e-43
0
0
0
DERIV 22
4.578260563867900208e-44
0
0
0
DERIV 23
-2.0608297812199862431e-45
0
0
0
DERIV 24
8.899900772498865160e-47
0
0
0
DERIV 25
-3.694138902108358162e-48
0
0
0
DERIV 26
1.4762267022269314133e-49
0
0
0
DERIV 27
-5.688287777651729191e-51
0
0
0
DERIV 28
2.1165656205783536089e-52
0
0
0
DERIV 29
-7.615491432226932822e-54
0
0
0
DERIV 30
2.6530193080803043769e-55
0
0
0
DERIV 31
-8.959616186295031340e-57
0
0
0
DERIV 32
2.9366267884735421424e-58
0
0
0
DERIV 33
-9.351885181385747870e-60
0
0
0
DERIV 34
2.8966843743925971050e-61
0
0
0
DERIV 35
-8.735703651871960311e-63
0
0
0
AT 49
1.0489811642368023808e-23
0
0
0
DERIV 1
-1.0699766659925436256e-23
0
0
0
DERIV 2
5.459064622410936700e-24
0
0
0
DERIV 3
-1.8575674313809188219e-24
0
0
0
DERIV 4
4.742557653921793816e-25
0
0
0
DERIV 5
-9.690767343775435687e-26
0
0
0
DERIV 6
1.6508876711989766575e-26
0
0
0
DERIV 7
-2.4117545907521146147e-27
0
0
0
DERIV 8
3.084382431861845144e-28
0
0
0
DERIV 9
-3.508094012404629741e-29
0
0
0
DERIV 10
3.592912652894033764e-30
0
0
0
DERIV 11
-3.347105758981564614e-31
0
0
0
DERIV 12
2.859923524487367618e-32
0
0
0
DERIV 13
-2.2570413218691536369e-33
0
0
0
DERIV 14
1.6550622140480529845e-34
0
0
0
DERIV 15
-1.1334786209401290445e-35
0
0
0
DERIV 16
7.282574541971058581e-37
0
0
0
DERIV 17
-4.407007497178651567e-38
0
0
0
DERIV 18
2.5206419135114564517e-39
0
0
0
DERIV 19
-1.3669309423406407446e-40
0
0
0
DERIV 20
7.048116181912167949e-42
0
0
0
DERIV 21
-3.4641552675372080448e-43
0
0
0
DERIV 22
1.6267713609405700504e-44
0
0
0
DERIV 23
-7.314448090692733997e-46
0
0
0
DERIV 24
3.155068413234958037e-47
0
0
0
DERIV 25
-1.3079444894994277899e-48
0
0
0
DERIV 26
5.219720208469549315e-50
0
0
0
DERIV 27
-2.0084287408474480090e-51
0
0
0
DERIV 28
7.461852181235504635e-53
0
0
0
DERIV 29
-2.680455338910133438e-54
0
0
0
DERIV 30
9.321771911491393021e-56
0
0
0
DERIV 31
-3.142260027955938599e-57
0
0
0
DERIV 32
1.0278705760128601110e-58
0
0
0
DERIV 33
-3.266349575523717668e-60
0
0
0
DERIV 34
1.0094139670642851752e-61
0
0
0
DERIV 35
-3.036650411820590157e-63
0
0
0
AT 50
3.783264029550459097e-24
0
0
0
DERIV 1
-3.857499695927835435e-24
0
0
0
DERIV 2
1.9673248449231960941e-24
0
0
0
DERIV 3
-6.691476139202818318e-25
0
0
0
DERIV 4
1.7076636820579736419e-25
0
0
0
DERIV 5
-3.487809269069138471e-26
0
0
0
DERIV 6
5.938940011411294947e-27
0
0
0
DERIV 7
-8.671873239908275794e-28
0
0
0
DERIV 8
1.1084789364424016332e-28
0
0
0
DERIV 9
-1.2600864273053234937e-29
0
0
0
DERIV 10
1.2898390621860769974e-30
0
0
0
DERIV 11
-1.2009011979166674373e-31
0
0
0
DERIV 12
1.0254860569446607272e-32
0
0
0
DERIV 13
-8.087980699948643700e-34
0
0
0
DERIV 14
5.926893324092687719e-35
0
0
0
DERIV 15
-4.056246597517832928e-36
0
0
0
DERIV 16
2.604229472672425941e-37
0
0
0
DERIV 17
-1.5747274511135343631e-38
0
0
0
DERIV 18
8.999593798632206460e-40
0
0
0
DERIV 19
-4.876295989843748955e-41
0
0
0
DERIV 20
2.5120511362796623764e-42
0
0
0
DERIV 21
-1.2335120727243880029e-43
0
0
0
DERIV 22
5.786823693403160811e-45
0
0
0
DERIV 23
-2.5991910583515380489e-46
0
0
0
DERIV 24
1.1199060052259191796e-47
0
0
0
DERIV 25
-4.637130406201263073e-49
0
0
0
DERIV 26
1.8482600304877421547e-50
0
0
0
DERIV 27
-7.102219996277671532e-52
0
0
0
DERIV 28
2.634931029892367555e-53
0
0
0
DERIV 29
-9.450960517955564236e-55
0
0
0
DERIV 30
3.281458313318981563e-56
0
0
0
DERIV 31
-1.1042411616684821249e-57
0
0
0
DERIV 32
3.605467868858597131e-59
0
0
0
DERIV 33
-1.1434848649077016163e-60
0
0
0
DERIV 34
3.526301830565852954e-62
0
0
0
DERIV 35
-1.0584231888908674013e-63
0
0
0
AT 51
1.3650010191078969145e-24
0
0
0
DERIV 1
-1.3912694435852345750e-24
0
0
0
DERIV 2
7.092746182983548958e-25
0
0
0
DERIV 3
-2.411498042354260702e-25
0
0
0
DERIV 4
6.151588079990575076e-26
0
0
0
DERIV 5
-1.2558867022816653704e-26
0
0
0
DERIV 6
2.1375289171170195481e-27
0
0
0
DERIV 7
-3.119703802707457981e-28
0
0
0
DERIV 8
3.985812355995121541e-29
0
0
0
DERIV 9
-4.528660582353419083e-30
0
0
0
DERIV 10
4.633141015231452250e-31
0
0
0
DERIV 11
-4.311295128127233607e-32
0
0
0
DERIV 12
3.679425394919233607e-33
0
0
0
DERIV 13
-2.900205045833264135e-34
0
0
0
DERIV 14
2.1239383222828786582e-35
0
0
0
DERIV 15
-1.4526211179450002122e-36
0
0
0
DERIV 16
9.319800176845974028e-38
0
0
0
DERIV 17
-5.631411557570201787e-39
0
0
0
DERIV 18
3.2159065309853886200e-40
0
0
0
DERIV 19
-1.7410938806885211154e-41
0
0
0
DERIV 20
8.961773404222718817e-43
0
0
0
DERIV 21
-4.396657264560257635e-44
0
0
0
DERIV 22
2.0606871671210278240e-45
0
0
0
DERIV 23
-9.246553378434149414e-47
0
0
0
DERIV 24
3.979867179038314031e-48
0
0
0
DERIV 25
-1.6460959624931735108e-49
0
0
0
DERIV 26
6.553285688590751780e-51
0
0
0
DERIV 27
-2.5150656506133039757e-52
0
0
0
DERIV 28
9.318585904030561055e-54
0
0
0
DERIV 29
-3.337688293987172924e-55
0
0
0
DERIV 30
1.1571405879922659221e-56
0
0
0
DERIV 31
-3.887670300579645760e-58
0
0
0
DERIV 32
1.2672035381278980804e-59
0
0
0
DERIV 33
-4.011651077109341978e-61
0
0
0
DERIV 34
1.2347078857323795419e-62
0
0
0
DERIV 35
-3.698238481332169782e-64
0
0
0
AT 52
4.926747149728479061e-25
0
0
0
DERIV 1
-5.019767441667801625e-25
0
0
0
DERIV 2
2.558150715465332340e-25
0
0
0
DERIV 3
-8.694247109890679236e-26
0
0
0
DERIV 4
2.2169675622158023684e-26
0
0
0
DERIV 5
-4.524211467371821262e-27
0
0
0
DERIV 6
7.696933113540649547e-28
0
0
0
DERIV 7
-1.1228581273551115120e-28
0
0
0
DERIV 8
1.4339244777349539734e-29
0
0
0
DERIV 9
-1.6284286335414583494e-30
0
0
0
DERIV 10
1.6651567555458693272e-31
0
0
0
DERIV 11
-1.5486689010834098308e-32
0
0
0
DERIV 12
1.3209671807928596628e-33
0
0
0
DERIV 13
-1.0406178694893288787e-34
0
0
0
DERIV 14
7.616293723830744551e-36
0
0
0
DERIV 15
-5.205725430845692660e-37
0
0
0
DERIV 16
3.337718699249701546e-38
0
0
0
DERIV 17
-2.0153981406651785132e-39
0
0
0
DERIV 18
1.1500924001510222125e-40
0
0
0
DERIV 19
-6.221877756844412138e-42
0
0
0
DERIV 20
3.1999730636190719588e-43
0
0
0
DERIV 21
-1.5685917755545022020e-44
0
0
0
DERIV 22
7.345390356315521912e-46
0
0
0
DERIV 23
-3.292890229331572348e-47
0
0
0
DERIV 24
1.4159175610394214935e-48
0
0
0
DERIV 25
-5.850220764710405588e-50
0
0
0
DERIV 26
2.3264712501695067559e-51
0
0
0
DERIV 27
-8.918278830172485234e-53
0
0
0
DERIV 28
3.300229826596767515e-54
0
0
0
DERIV 29
-1.1805086035027938344e-55
0
0
0
DERIV 30
4.086981339922569421e-57
0
0
0
DERIV 31
-1.3710709565863169002e-58
0
0
0
DERIV 32
4.461986603054872629e-60
0
0
0
DERIV 33
-1.4101653597745346999e-61
0
0
0
DERIV 34
4.332370288615819673e-63
0
0
0
DERIV 35
-1.2951365605456854331e-64
0
0
0
AT 53
1.7788630597201434531e-25
0
0
0
DERIV 1
-1.8118264253364080973e-25
0
0
0
DERIV 2
9.230059147945240005e-26
0
0
0
DERIV 3
-3.135812081827490935e-26
0
0
0
DERIV 4
7.993023764958968822e-27
0
0
0
DERIV 5
-1.6305047697704588803e-27
0
0
0
DERIV 6
2.772794265244098647e-28
0
0
0
DERIV 7
-4.043324040468611416e-29
0
0
0
DERIV 8
5.161147038688923135e-30
0
0
0
DERIV 9
-5.858509098659288715e-31
0
0
0
DERIV 10
5.987749085865824695e-32
0
0
0
DERIV 11
-5.566065360578879550e-33
0
0
0
DERIV 12
4.745190259094181361e-34
0
0
0
DERIV 13
-3.736068229839129746e-35
0
0
0
DERIV 14
2.7328672093216553362e-36
0
0
0
DERIV 15
-1.8667929671746503411e-37
0
0
0
DERIV 16
1.1961693531553848988e-38
0
0
0
DERIV 17
-7.218035660430789634e-40
0
0
0
DERIV 18
4.116161962551624782e-41
0
0
0
DERIV 19
-2.2251952586720874292e-42
0
0
0
DERIV 20
1.1435739625644633903e-43
0
0
0
DERIV 21
-5.601216919123039498e-45
0
0
0
DERIV 22
2.6207396745855192315e-46
0
0
0
DERIV 23
-1.1738253822250468522e-47
0
0
0
DERIV 24
5.042671724504225043e-49
0
0
0
DERIV 25
-2.0814650842037339601e-50
0
0
0
DERIV 26
8.268840929802491567e-52
0
0
0
DERIV 27
-3.166300209457540808e-53
0
0
0
DERIV 28
1.1703378782771002251e-54
0
0
0
DERIV 29
-4.181209339574568278e-56
0
0
0
DERIV 30
1.4456668293935810588e-57
0
0
0
DERIV 31
-4.843091289742050473e-59
0
0
0
DERIV 32
1.5737996862273834105e-60
0
0
0
DERIV 33
-4.966010660947217590e-62
0
0
0
DERIV 34
1.5231189687959672046e-63
0
0
0
DERIV 35
-4.545112401437048667e-65
0
0
0
AT 54
6.425012913297125465e-26
0
0
0
DERIV 1
-6.541904743756411882e-26
0
0
0
DERIV 2
3.331525564178643903e-26
0
0
0
DERIV 3
-1.1314474026811854265e-26
0
0
0
DERIV 4
2.8829391163925006426e-27
0
0
0
DERIV 5
-5.878689379283337587e-28
0
0
0
DERIV 6
9.993183965011557249e-29
0
0
0
DERIV 7
-1.4566189411975719387e-29
0
0
0
DERIV 8
1.8585224343044600442e-30
0
0
0
DERIV 9
-2.108703193356475152e-31
0
0
0
DERIV 10
2.1542241068837424481e-32
0
0
0
DERIV 11
-2.0015490590336092627e-33
0
0
0
DERIV 12
1.7055066871247612295e-34
0
0
0
DERIV 13
-1.3421069560361392948e-35
0
0
0
DERIV 14
9.811908387245845719e-37
0
0
0
DERIV 15
-6.698587074216752687e-38
0
0
0
DERIV 16
4.289637691240870115e-39
0
0
0
DERIV 17
-2.5868778276288544279e-40
0
0
0
DERIV 18
1.4742311228825131641e-41
0
0
0
DERIV 19
-7.964231668930294120e-43
0
0
0
DERIV 20
4.090045469758201827e-44
0
0
0
DERIV 21
-2.0017915689221584264e-45
0
0
0
DERIV 22
9.358716639350017715e-47
0
0
0
DERIV 23
-4.188263770551350938e-48
0
0
0
DERIV 24
1.7976709196083863314e-49
0
0
0
DERIV 25
-7.413392883818942460e-51
0
0
0
DERIV 26
2.9421768486613549978e-52
0
0
0
DERIV 27
-1.1254562689636507006e-53
0
0
0
DERIV 28
4.155415636928755926e-55
0
0
0
DERIV 29
-1.4828731929309691197e-56
0
0
0
DERIV 30
5.120816085797182786e-58
0
0
0
DERIV 31
-1.7132863952456283798e-59
0
0
0
DERIV 32
5.559783500978112349e-61
0
0
0
DERIV 33
-1.7517775620189796710e-62
0
0
0
DERIV 34
5.364466000385797979e-64
0
0
0
DERIV 35
-1.5981351258485493560e-65
0
0
0
AT 55
2.3213958132035087189e-26
0
0
0
DERIV 1
-2.3628744792287823404e-26
0
0
0
DERIV 2
1.2029179263538011171e-26
0
0
0
DERIV 3
-4.083932429604514014e-27
0
0
0
DERIV 4
1.0402210445950941913e-27
0
0
0
DERIV 5
-2.120367008683924527e-28
0
0
0
DERIV 6
3.603037970178413953e-29
0
0
0
DERIV 7
-5.249755649725155153e-30
0
0
0
DERIV 8
6.695492492520757509e-31
0
0
0
DERIV 9
-7.593548839539707836e-32
0
0
0
DERIV 10
7.754029811268700555e-33
0
0
0
DERIV 11
-7.201157039058306146e-34
0
0
0
DERIV 12
6.133108892348362065e-35
0
0
0
DERIV 13
-4.823883798513439503e-36
0
0
0
DERIV 14
3.524815415182999517e-37
0
0
0
DERIV 15
-2.405079491209708098e-38
0
0
0
DERIV 16
1.5392873623660335241e-39
0
0
0
DERIV 17
-9.277196036236578911e-41
0
0
0
DERIV 18
5.283676893798076348e-42
0
0
0
DERIV 19
-2.8525402114632829146e-43
0
0
0
DERIV 20
1.4639280911284560143e-44
0
0
0
DERIV 21
-7.159781401863617053e-46
0
0
0
DERIV 22
3.344807151268354302e-47
0
0
0
DERIV 23
-1.4957057984080598084e-48
0
0
0
DERIV 24
6.414488263422768692e-50
0
0
0
DERIV 25
-2.6429534679819913174e-51
0
0
0
DERIV 26
1.0479523822287447357e-52
0
0
0
DERIV 27
-4.004789835329714996e-54
0
0
0
DERIV 28
1.4771352867671325287e-55
0
0
0
DERIV 29
-5.265492965803677951e-57
0
0
0
DERIV 30
1.8162512202156601804e-58
0
0
0
DERIV 31
-6.069301389426921604e-60
0
0
0
DERIV 32
1.9670095077079563464e-61
0
0
0
DERIV 33
-6.189171915442325841e-63
0
0
0
DERIV 34
1.8925498052177740362e-64
0
0
0
DERIV 35
-5.629379660158760707e-66
0
0
0
AT 56
8.389691366546819177e-27
0
0
0
DERIV 1
-8.536972765705826109e-27
0
0
0
DERIV 2
4.344713165898642211e-27
0
0
0
DERIV 3
-1.4745540990743234746e-27
0
0
0
DERIV 4
3.754566347869545763e-28
0
0
0
DERIV 5
-7.650535640590760170e-29
0
0
0
DERIV 6
1.2995431119534581102e-29
0
0
0
DERIV 7
-1.8927623236489968240e-30
0
0
0
DERIV 8
2.413061727715016848e-31
0
0
0
DERIV 9
-2.735602763241772450e-32
0
0
0
DERIV 10
2.7922294826984932867e-33
0
0
0
DERIV 11
-2.591993976867852974e-34
0
0
0
DERIV 12
2.2065444839615712212e-35
0
0
0
DERIV 13
-1.7346862695690205522e-36
0
0
0
DERIV 14
1.2669044754637847299e-37
0
0
0
DERIV 15
-8.639947086486261540e-39
0
0
0
DERIV 16
5.526697674060229442e-40
0
0
0
DERIV 17
-3.329022120075756648e-41
0
0
0
DERIV 18
1.8948684521149219226e-42
0
0
0
DERIV 19
-1.0223642657177885304e-43
0
0
0
DERIV 20
5.243389666451160369e-45
0
0
0
DERIV 21
-2.5626969085425044063e-46
0
0
0
DERIV 22
1.1963529781948947801e-47
0
0
0
DERIV 23
-5.345765272644106172e-49
0
0
0
DERIV 24
2.290787411882436520e-50
0
0
0
DERIV 25
-9.430914148320232989e-52
0
0
0
DERIV 26
3.736185955762106746e-53
0
0
0
DERIV 27
-1.4264911753040139522e-54
0
0
0
DERIV 28
5.256422925044382656e-56
0
0
0
DERIV 29
-1.8718296115084113261e-57
0
0
0
DERIV 30
6.449635997451687036e-59
0
0
0
DERIV 31
-2.1527954508890650558e-60
0
0
0
DERIV 32
6.968605554070030143e-62
0
0
0
DERIV 33
-2.1898558006360275538e-63
0
0
0
DERIV 34
6.687124274117746840e-65
0
0
0
DERIV 35
-1.9862064506230994012e-66
0
0
0
AT 57
3.0206096348348534064e-27
0
0
0
DERIV 1
-3.0729986070306264492e-27
0
0
0
DERIV 2
1.5635964440158613368e-27
0
0
0
DERIV 3
-5.305476663125776830e-28
0
0
0
DERIV 4
1.3505741309262924260e-28
0
0
0
DERIV 5
-2.751313024966606976e-29
0
0
0
DERIV 6
4.672213567477414891e-30
0
0
0
DERIV 7
-6.803085842004918673e-31
0
0
0
DERIV 8
8.670615365258551314e-32
0
0
0
DERIV 9
-9.826516252257623093e-33
0
0
0
DERIV 10
1.0026648735091789824e-33
0
0
0
DERIV 11
-9.304425502833473528e-35
0
0
0
DERIV 12
7.917926951434589180e-36
0
0
0
DERIV 13
-6.222356668304439312e-37
0
0
0
DERIV 14
4.542599697130674543e-38
0
0
0
DERIV 15
-3.096629977192300086e-39
0
0
0
DERIV 16
1.9799400895954410485e-40
0
0
0
DERIV 17
-1.1920680487754865130e-41
0
0
0
DERIV 18
6.781890402681171208e-43
0
0
0
DERIV 19
-3.657239093806822735e-44
0
0
0
DERIV 20
1.8746653967114592704e-45
0
0
0
DERIV 21
-9.157142904121955081e-47
0
0
0
DERIV 22
4.272278432720473684e-48
0
0
0
DERIV 23
-1.9078007451927655910e-49
0
0
0
DERIV 24
8.169872908474252807e-51
0
0
0
DERIV 25
-3.361050924761563141e-52
0
0
0
DERIV 26
1.3305243278999288288e-53
0
0
0
DERIV 27
-5.075951276649191380e-55
0
0
0
DERIV 28
1.8688406990070955487e-56
0
0
0
DERIV 29
-6.649056591262105152e-58
0
0
0
DERIV 30
2.288848874188432038e-59
0
0
0
DERIV 31
-7.632161430550080554e-61
0
0
0
DERIV 32
2.467892478368309741e-62
0
0
0
DERIV 33
-7.746436968212896333e-64
0
0
0
DERIV 34
2.362654291241875744e-65
0
0
0
DERIV 35
-7.008500104057926853e-67
0
0
0
AT 58
6.509960082092815656e-28
0
0
0
DERIV 1
-6.717658014192734296e-28
0
0
0
DERIV 2
3.465728712522508063e-28
0
0
0
DERIV 3
-1.1919470974546801011e-28
0
0
0
DERIV 4
3.074449797120549827e-29
0
0
0
DERIV 5
-6.344014860085275250e-30
0
0
0
DERIV 6
1.0909017787159249511e-30
0
0
0
DERIV 7
-1.6079618247787636107e-31
0
0
0
DERIV 8
2.0739523178161782147e-32
0
0
0
DERIV 9
-2.3779552282001413698e-33
0
0
0
DERIV 10
2.454115692615895668e-34
0
0
0
DERIV 11
-2.3027525930943342489e-35
0
0
0
DERIV 12
1.9809535205248083669e-36
0
0
0
DERIV 13
-1.5733030986260624133e-37
0
0
0
DERIV 14
1.1605106121852841352e-38
0
0
0
DERIV 15
-7.991277180718917215e-40
0
0
0
DERIV 16
5.160106701182947961e-41
0
0
0
DERIV 17
-3.136802717288229952e-42
0
0
0
DERIV 18
1.8014337497647794172e-43
0
0
0
DERIV 19
-9.804060649357378480e-45
0
0
0
DERIV 20
5.070688837341322943e-46
0
0
0
DERIV 21
-2.498623072801567679e-47
0
0
0
DERIV 22
1.1757262589823229652e-48
0
0
0
DERIV 23
-5.294136604323112920e-50
0
0
0
DERIV 24
2.2856169145961540539e-51
0
0
0
DERIV 25
-9.477648982183931963e-53
0
0
0
DERIV 26
3.780922221100037484e-54
0
0
0
DERIV 27
-1.4532964570877908715e-55
0
0
0
DERIV 28
5.389935751041102261e-57
0
0
0
DERIV 29
-1.9313393280213828580e-58
0
0
0
DERIV 30
6.694458337705921109e-60
0
0
0
DERIV 31
-2.2472828219199702897e-61
0
0
0
DERIV 32
7.314079712217802545e-63
0
0
0
DERIV 33
-2.3103042789429799701e-64
0
0
0
DERIV 34
7.089414069961359429e-66
0
0
0
DERIV 35
-2.1153679539375924269e-67
0
0
0
AT 59
-1.4379978236392354783e-26
0
0
0
DERIV 1
1.4301551925921928808e-26
0
0
0
DERIV 2
-7.111799709855583208e-27
0
0
0
DERIV 3
2.3576832735144781279e-27
0
0
0
DERIV 4
-5.862096236665973321e-28
0
0
0
DERIV 5
1.1660309305739455229e-28
0
0
0
DERIV 6
-1.9327912945170484729e-29
0
0
0
DERIV 7
2.7460686010068830695e-30
0
0
0
DERIV 8
-3.413842242958152800e-31
0
0
0
DERIV 9
3.772417981442299733e-32
0
0
0
DERIV 10
-3.751756660505797143e-33
0
0
0
DERIV 11
3.391969504942332570e-34
0
0
0
DERIV 12
-2.811090440009779199e-35
0
0
0
DERIV 13
2.1504470025343839448e-36
0
0
0
DERIV 14
-1.5275310787903847982e-37
0
0
0
DERIV 15
1.0126958869827407880e-38
0
0
0
DERIV 16
-6.294032210994756066e-40
0
0
0
DERIV 17
3.681613804101744157e-41
0
0
0
DERIV 18
-2.0338116967972239086e-42
0
0
0
DERIV 19
1.0643571776717690563e-43
0
0
0
DERIV 20
-5.291406944288262838e-45
0
0
0
DERIV 21
2.5052280608845289086e-46
0
0
0
DERIV 22
-1.1321385325664861485e-47
0
0
0
DERIV 23
4.893550430603402324e-49
0
0
0
DERIV 24
-2.0269360816506391038e-50
0
0
0
DERIV 25
8.059339927583009661e-52
0
0
0
DERIV 26
-3.081021953141863034e-53
0
0
0
DERIV 27
1.1341373776172929870e-54
0
0
0
DERIV 28
-4.025359000671609251e-56
0
0
0
DERIV 29
1.3793102028276990433e-57
0
0
0
DERIV 30
-4.568250433769728930e-59
0
0
0
DERIV 31
1.4640177150813957750e-60
0
0
0
DERIV 32
-4.544622651687973629e-62
0
0
0
DERIV 33
1.3677996422262609651e-63
0
0
0
DERIV 34
-3.994958550446144826e-65
0
0
0
DERIV 35
1.1332745737223059046e-66
0
0
0
AT 60
-4.614841505541802061e-25
0
0
0
DERIV 1
4.592384420584657142e-25
0
0
0
DERIV 2
-2.285071773091674511e-25
0
0
0
DERIV 3
7.580192852294703764e-26
0
0
0
DERIV 4
-1.8859574178042815801e-26
0
0
0
DERIV 5
3.753905635582913439e-27
0
0
0
DERIV 6
-6.226777205577393993e-28
0
0
0
DERIV 7
8.853320095411435564e-29
0
0
0
DERIV 8
-1.1014546337833932316e-29
0
0
0
DERIV 9
1.2181029552504846038e-30
0
0
0
DERIV 10
-1.2124204386685354761e-31
0
0
0
DERIV 11
1.0970819753147171965e-32
0
0
0
DERIV 12
-9.100086444975189473e-34
0
0
0
DERIV 13
6.967852081570206471e-35
0
0
0
DERIV 14
-4.954235217056397189e-36
0
0
0
DERIV 15
3.287759052356210047e-37
0
0
0
DERIV 16
-2.0455184845623764325e-38
0
0
0
DERIV 17
1.1978062964778682967e-39
0
0
0
DERIV 18
-6.624525759530880969e-41
0
0
0
DERIV 19
3.470966377472048423e-42
0
0
0
DERIV 20
-1.7277386130560681782e-43
0
0
0
DERIV 21
8.190769265417282268e-45
0
0
0
DERIV 22
-3.706603935254749234e-46
0
0
0
DERIV 23
1.6044664704630333487e-47
0
0
0
DERIV 24
-6.655945152302134555e-49
0
0
0
DERIV 25
2.650745234368565522e-50
0
0
0
DERIV 26
-1.0150810917189252611e-51
0
0
0
DERIV 27
3.743266974276191732e-53
0
0
0
DERIV 28
-1.3311108648649438432e-54
0
0
0
DERIV 29
4.570305270967718118e-56
0
0
0
DERIV 30
-1.5169118597329296516e-57
0
0
0
DERIV 31
4.872393387748575088e-59
0
0
0
DERIV 32
-1.5161537421846979739e-60
0
0
0
DERIV 33
4.574959344370061017e-62
0
0
0
DERIV 34
-1.3399024849742145059e-63
0
0
0
DERIV 35
3.812210019400542784e-65
0
0
0
AT 61
-1.3623033926978769942e-23
0
0
0
DERIV 1
1.3556828604908845306e-23
0
0
0
DERIV 2
-6.745631806323548101e-24
0
0
0
DERIV 3
2.2377216171573506317e-24
0
0
0
DERIV 4
-5.567507419004949693e-25
0
0
0
DERIV 5
1.1081932519412308177e-25
0
0
0
DERIV 6
-1.8382256426888727207e-26
0
0
0
DERIV 7
2.6136361218061477351e-27
0
0
0
DERIV 8
-3.251690203339776661e-28
0
0
0
DERIV 9
3.596087665140592835e-29
0
0
0
DERIV 10
-3.579343590031344766e-30
0
0
0
DERIV 11
3.238867909712618979e-31
0
0
0
DERIV 12
-2.686605188348645896e-32
0
0
0
DERIV 13
2.0571293267852969245e-33
0
0
0
DERIV 14
-1.4626614462754875598e-34
0
0
0
DERIV 15
9.706706118763087710e-36
0
0
0
DERIV 16
-6.039211142719665075e-37
0
0
0
DERIV 17
3.536458087293952153e-38
0
0
0
DERIV 18
-1.9558793471424953478e-39
0
0
0
DERIV 19
1.0248097737844113138e-40
0
0
0
DERIV 20
-5.101251457375343653e-42
0
0
0
DERIV 21
2.4184075987874801909e-43
0
0
0
DERIV 22
-1.0944285055225275753e-44
0
0
0
DERIV 23
4.737492983848734579e-46
0
0
0
DERIV 24
-1.9653265667480236774e-47
0
0
0
DERIV 25
7.827091247515230065e-49
0
0
0
DERIV 26
-2.997374104310210110e-50
0
0
0
DERIV 27
1.1053485320361220180e-51
0
0
0
DERIV 28
-3.930713034614957931e-53
0
0
0
DERIV 29
1.3496199274535395043e-54
0
0
0
DERIV 30
-4.479569811632866632e-56
0
0
0
DERIV 31
1.4388932323436736095e-57
0
0
0
DERIV 32
-4.477549045251589536e-59
0
0
0
DERIV 33
1.3511261849592143575e-60
0
0
0
DERIV 34
-3.957256179307716948e-62
0
0
0
DERIV 35
1.1259287326808390487e-63
0
0
0
AT 62
-3.804831478058538317e-22
0
0
0
DERIV 1
3.786340772395514456e-22
0
0
0
DERIV 2
-1.8840144593826649796e-22
0
0
0
DERIV 3
6.249822224551515913e-23
0
0
0
DERIV 4
-1.5549714530555358819e-23
0
0
0
DERIV 5
3.0951174099268747540e-24
0
0
0
DERIV 6
-5.134054320778556087e-25
0
0
0
DERIV 7
7.299729668671880016e-26
0
0
0
DERIV 8
-9.081776963176032024e-27
0
0
0
DERIV 9
1.0043658961592467325e-27
0
0
0
DERIV 10
-9.996894209052967208e-29
0
0
0
DERIV 11
9.045966293686765837e-30
0
0
0
DERIV 12
-7.503529624720682588e-31
0
0
0
DERIV 13
5.745441063518515912e-32
0
0
0
DERIV 14
-4.085127548717723655e-33
0
0
0
DERIV 15
2.711026224569486925e-34
0
0
0
DERIV 16
-1.6867164660672549758e-35
0
0
0
DERIV 17
9.877122097767384421e-37
0
0
0
DERIV 18
-5.462657940887315699e-38
0
0
0
DERIV 19
2.8622347273778583653e-39
0
0
0
DERIV 20
-1.4247503261315595765e-40
0
0
0
DERIV 21
6.754474719778798448e-42
0
0
0
DERIV 22
-3.0566768670699801641e-43
0
0
0
DERIV 23
1.3231551452704323953e-44
0
0
0
DERIV 24
-5.489047325893444726e-46
0
0
0
DERIV 25
2.1860631916961156701e-47
0
0
0
DERIV 26
-8.371501033363620023e-49
0
0
0
DERIV 27
3.087178189919854982e-50
0
0
0
DERIV 28
-1.0978269231246067723e-51
0
0
0
DERIV 29
3.769416314855652674e-53
0
0
0
DERIV 30
-1.2511201677682388853e-54
0
0
0
DERIV 31
4.018753644828166711e-56
0
0
0
DERIV 32
-1.2505563670245615671e-57
0
0
0
DERIV 33
3.773626774100123153e-59
0
0
0
DERIV 34
-1.1052418526811294034e-60
0
0
0
DERIV 35
3.144663574111182196e-62
0
0
0
AT 63
-1.0074824930515302603e-20
0
0
0
DERIV 1
1.0025862666157598685e-20
0
0
0
DERIV 2
-4.988686998972448206e-21
0
0
0
DERIV 3
1.6548920145940316957e-21
0
0
0
DERIV 4
-4.117412594884847049e-22
0
0
0
DERIV 5
8.195568199191312827e-23
0
0
0
DERIV 6
-1.3594472870767355728e-23
0
0
0
DERIV 7
1.9328967815235932120e-24
0
0
0
DERIV 8
-2.404765268166267945e-25
0
0
0
DERIV 9
2.659462003075128589e-26
0
0
0
DERIV 10
-2.6470789962744278438e-27
0
0
0
DERIV 11
2.395282518439183041e-28
0
0
0
DERIV 12
-1.9868604064973307126e-29
0
0
0
DERIV 13
1.5213358600279496316e-30
0
0
0
DERIV 14
-1.0817012309116637042e-31
0
0
0
DERIV 15
7.178527965385489437e-33
0
0
0
DERIV 16
-4.466257286912859223e-34
0
0
0
DERIV 17
2.615363455556609526e-35
0
0
0
DERIV 18
-1.4464572786824541560e-36
0
0
0
DERIV 19
7.578911348128116513e-38
0
0
0
DERIV 20
-3.772596189033258128e-39
0
0
0
DERIV 21
1.7885171697347526031e-40
0
0
0
DERIV 22
-8.093773377614089845e-42
0
0
0
DERIV 23
3.5035817616608176302e-43
0
0
0
DERIV 24
-1.4534444553046091303e-44
0
0
0
DERIV 25
5.788474888213115542e-46
0
0
0
DERIV 26
-2.216688941812058512e-47
0
0
0
DERIV 27
8.174535703971755844e-49
0
0
0
DERIV 28
-2.906934546650834114e-50
0
0
0
DERIV 29
9.981032287808514282e-52
0
0
0
DERIV 30
-3.312839214185972358e-53
0
0
0
DERIV 31
1.0641251232164848691e-54
0
0
0
DERIV 32
-3.311346010831879989e-56
0
0
0
DERIV 33
9.992179248901319596e-58
0
0
0
DERIV 34
-2.926567691259869833e-59
0
0
0
DERIV 35
8.326748010157882219e-61
0
0
0
END
