AT 1/8
0.8824969025845954551
-5.224526916735663009e-17
0
0
DERIV 1
-0.8824969025845954551
5.224526916735663009e-17
0
0
DERIV 2
0.4412484512922977276
-2.6122634583678315046e-17
0
0
DERIV 3
-0.14708281709743256660
-5.443136773168660587e-19
0
0
DERIV 4
0.03677070427435814165
1.3607841932921651466e-19
0
0
DERIV 5
-0.007354140854871628677
3.197290113295181208e-19
0
0
DERIV 6
0.0012256901424786046349
9.127212110981424175e-20
0
0
DERIV 7
-0.00017509859178265781273
-5.294573212219859578e-21
0
0
DERIV 8
2.1887323972832226592e-5
6.618216515274824472e-22
0
0
DERIV 9
-2.431924885870247493e-6
2.0579032858535320340e-23
0
0
DERIV 10
2.431924885870247705e-7
-2.3233726967211040217e-23
0
0
DERIV 11
-2.2108408053365887625e-8
1.5105710969806198758e-24
0
0
DERIV 12
1.8423673377804904286e-9
8.091422838987192907e-26
0
0
DERIV 13
-1.4172056444465312779e-10
1.1671562991589777931e-26
0
0
DERIV 14
1.0122897460332364886e-11
5.511059010801292083e-28
0
0
DERIV 15
-6.748598306888243123e-13
-5.020361952111388016e-29
0
0
DERIV 16
4.217873941805151952e-14
3.1377262200696175103e-30
0
0
DERIV 17
-2.4811023187089131680e-15
7.064757403799690960e-32
0
0
DERIV 18
1.3783901770605073155e-16
-3.924865224333161417e-33
0
0
DERIV 19
-7.254685142423722713e-18
2.065718539122716670e-34
0
0
DERIV 20
3.627342571211861453e-19
-1.9958242417549761547e-35
0
0
DERIV 21
-1.7273059862913625393e-20
3.771990602442637167e-37
0
0
DERIV 22
7.851390846778920120e-22
3.414888711568783236e-38
0
0
DERIV 23
-3.413648194251704707e-23
1.5817727797238878578e-39
0
0
DERIV 24
1.4223534142715436279e-24
-6.590719915516199068e-41
0
0
DERIV 25
-5.689413657086174787e-26
5.391352850946215795e-42
0
0
DERIV 26
2.1882360219562208787e-27
-1.4196121338695063357e-44
0
0
DERIV 27
-8.104577859097114573e-29
2.6017799967291758771e-45
0
0
DERIV 28
2.8944920925346836761e-30
7.172033282873514142e-48
0
0
DERIV 29
-9.981007215636841319e-32
1.0322827785799317810e-47
0
0
DERIV 30
3.327002405212279756e-33
3.4013350625695813564e-49
0
0
DERIV 31
-1.0732265823265420705e-34
1.0410069091803430804e-50
0
0
DERIV 32
3.353833069770443970e-36
-3.2531465911885721263e-52
0
0
DERIV 33
-1.0163130514455890502e-37
6.694235988814570590e-54
0
0
DERIV 34
2.989156033663497053e-39
-4.335271807105149855e-56
0
0
DERIV 35
-8.540445810467134175e-41
-1.3831250288622214060e-57
0
0
AT 33/256
0.8790563732176523981
-5.017485149773177610e-17
0
0
DERIV 1
-0.8790563732176523981
5.017485149773177610e-17
0
0
DERIV 2
0.4395281866088261991
-2.5087425748865888049e-17
0
0
DERIV 3
-0.14650939553627539969
8.362475249621963197e-18
0
0
DERIV 4
0.03662734888406884992
-2.0906188124054907992e-18
0
0
DERIV 5
-0.007325469776813769811
2.446514148834174119e-19
0
0
DERIV 6
0.0012209116294689616351
-4.077523581390290398e-20
0
0
DERIV 7
-0.00017441594706699451930
5.825033687700414855e-21
0
0
DERIV 8
2.1801993383374314913e-5
-7.281292109625518569e-22
0
0
DERIV 9
-2.422443709263812580e-6
-1.0732629817178319453e-22
0
0
DERIV 10
2.422443709263812474e-7
2.1320541657857075454e-23
0
0
DERIV 11
-2.2022215538761932785e-8
-7.350592597280574474e-25
0
0
DERIV 12
1.8351846282301610654e-9
6.125493831067145778e-26
0
0
DERIV 13
-1.4116804832539700702e-10
-2.7235033975684108021e-27
0
0
DERIV 14
1.0083432023242643820e-11
-2.670603670001512919e-28
0
0
DERIV 15
-6.722288015495095880e-13
1.7804024466676751862e-29
0
0
DERIV 16
4.201430009684434925e-14
-1.1127515291672969914e-30
0
0
DERIV 17
-2.4714294174614323089e-15
6.545597230395864398e-32
0
0
DERIV 18
1.3730163430341290331e-16
-8.973425404247449945e-34
0
0
DERIV 19
-7.226401805442784385e-18
4.722855475919710300e-35
0
0
DERIV 20
3.613200902721392096e-19
7.268221983976324115e-36
0
0
DERIV 21
-1.7205718584387580837e-20
-9.192992445903118587e-37
0
0
DERIV 22
7.820781174721628337e-22
-2.660606929373709827e-38
0
0
DERIV 23
-3.400339641183316668e-23
1.1567856214668304802e-39
0
0
DERIV 24
1.4168081838263818839e-24
1.3024263210876206064e-41
0
0
DERIV 25
-5.667232735305528132e-26
5.448336721834380305e-42
0
0
DERIV 26
2.1797048981944337867e-27
-9.917221026527519933e-44
0
0
DERIV 27
-8.072981104423828923e-29
4.503443914610084258e-45
0
0
DERIV 28
2.8832075372942243650e-30
8.939458596478575346e-47
0
0
DERIV 29
-9.942094956186981928e-32
1.0507607142295484447e-47
0
0
DERIV 30
3.314031652062326944e-33
1.4667903674738306039e-50
0
0
DERIV 31
-1.0690424684072023229e-34
7.803790596584273228e-51
0
0
DERIV 32
3.340757713772507259e-36
-2.4386845614325853836e-52
0
0
DERIV 33
-1.0123508223553051921e-37
3.593412435081420226e-54
0
0
DERIV 34
2.977502418692073864e-39
1.2461626254461203441e-55
0
0
DERIV 35
-8.507149767691639815e-41
-1.5213069978822334972e-57
0
0
AT 17/128
0.8756292572035382360
-2.1452399010158892635e-17
0
0
DERIV 1
-0.8756292572035382360
2.1452399010158892635e-17
0
0
DERIV 2
0.4378146286017691180
-1.0726199505079446318e-17
0
0
DERIV 3
-0.14593820953392303008
-5.676458703516489321e-18
0
0
DERIV 4
0.03648455238348075752
1.4191146758791223303e-18
0
0
DERIV 5
-0.007296910476696151504
-2.838229351758244372e-19
0
0
DERIV 6
0.0012161517461160252507
4.730382252930407687e-20
0
0
DERIV 7
-0.00017373596373086076946
1.2603064147340568842e-20
0
0
DERIV 8
2.1716995466357596182e-5
-1.5753830184175711052e-21
0
0
DERIV 9
-2.412999496261954990e-6
3.387039972623561727e-23
0
0
DERIV 10
2.412999496261955202e-7
-2.4562863653981070792e-23
0
0
DERIV 11
-2.1936359056926864871e-8
1.6314017048688044068e-24
0
0
DERIV 12
1.8280299214105718658e-9
7.084501106585655531e-26
0
0
DERIV 13
-1.4061768626235167602e-10
-1.1414861037900222843e-26
0
0
DERIV 14
1.0044120447310834694e-11
1.2295273103888783491e-28
0
0
DERIV 15
-6.696080298207223600e-13
3.892444266927591506e-29
0
0
DERIV 16
4.185050186379514750e-14
-2.4327776668297446914e-30
0
0
DERIV 17
-2.4617942272820674537e-15
9.670098597698429642e-32
0
0
DERIV 18
1.3676634596011486128e-16
-8.111377364072085237e-33
0
0
DERIV 19
-7.198228734742886381e-18
-6.272786346081667401e-34
0
0
DERIV 20
3.599114367371443576e-19
-7.154667157336381123e-36
0
0
DERIV 21
-1.7138639844625921790e-20
3.406984360636371784e-37
0
0
DERIV 22
7.790290838466327830e-22
1.0160856924139128782e-38
0
0
DERIV 23
-3.387082973246229312e-23
-2.2305721392573562967e-39
0
0
DERIV 24
1.4112845721859289414e-24
3.171684169706236622e-41
0
0
DERIV 25
-5.645138288743715720e-26
-1.7278511486724506940e-42
0
0
DERIV 26
2.1712070341321982985e-27
1.2164541446696397748e-43
0
0
DERIV 27
-8.041507533822957408e-29
2.968206088733692017e-45
0
0
DERIV 28
2.8719669763653417314e-30
9.417813459162772658e-47
0
0
DERIV 29
-9.903334401259798621e-32
-7.777581573175149709e-48
0
0
DERIV 30
3.301111467086600042e-33
-2.4251430913546989259e-49
0
0
DERIV 31
-1.0648746668021290182e-34
5.064059303629665565e-51
0
0
DERIV 32
3.327733333756653182e-36
-1.5825185323842704890e-52
0
0
DERIV 33
-1.0084040405323191587e-37
6.061024297988412580e-54
0
0
DERIV 34
2.965894236859762231e-39
-1.7826542052907094972e-55
0
0
DERIV 35
-8.473983533885034918e-41
4.801989494223521333e-57
0
0
AT 35/256
0.8722155022485461595
-3.738531830680260748e-18
0
0
DERIV 1
-0.8722155022485461595
3.738531830680260748e-18
0
0
DERIV 2
0.4361077511242730798
-1.8692659153401303742e-18
0
0
DERIV 3
-0.14536925037475770250
9.874947176989681552e-18
0
0
DERIV 4
0.03634231259368942563
-2.4687367942474203879e-18
0
0
DERIV 5
-0.007268462518737884952
3.202750112518033778e-19
0
0
DERIV 6
0.0012114104197896474920
-5.337916854196722762e-20
0
0
DERIV 7
-0.00017305863139852105479
-7.863006958083317399e-21
0
0
DERIV 8
2.1632328924815131849e-5
9.828758697604146749e-22
0
0
DERIV 9
-2.403592102757236966e-6
-1.5093658056234917391e-23
0
0
DERIV 10
2.403592102757236860e-7
1.2097277646302245390e-23
0
0
DERIV 11
-2.1850837297793063269e-8
-1.9737366324235580384e-25
0
0
DERIV 12
1.8209031081494220080e-9
-5.248391244255599308e-26
0
0
DERIV 13
-1.4006946985764783086e-10
-1.1870095438130841096e-26
0
0
DERIV 14
1.0004962132689131930e-11
-3.061268500568200613e-28
0
0
DERIV 15
-6.669974755126087751e-13
2.136174967967693374e-31
0
0
DERIV 16
4.168734221953804845e-14
-1.3351093549798083588e-32
0
0
DERIV 17
-2.4521966011492970834e-15
1.1679431509425456244e-31
0
0
DERIV 18
1.3623314450829426872e-16
7.206928765961757346e-33
0
0
DERIV 19
-7.170165500436540215e-18
-6.225874017100591259e-34
0
0
DERIV 20
3.585082750218270300e-19
1.1870070641630596163e-35
0
0
DERIV 21
-1.7071822620087001287e-20
-7.085398180826501080e-37
0
0
DERIV 22
7.759919372766818767e-22
3.220635536739318910e-38
0
0
DERIV 23
-3.373877988159486318e-23
-2.4224453210364756341e-39
0
0
DERIV 24
1.4057824950664528162e-24
-8.273577060612927170e-41
0
0
DERIV 25
-5.623129980265811219e-26
2.8502533434552148230e-42
0
0
DERIV 26
2.1627423001022349462e-27
2.834887404678141611e-44
0
0
DERIV 27
-8.010156667045314200e-29
-5.201953747880250924e-45
0
0
DERIV 28
2.8607702382304696576e-30
-1.1449417993102327070e-46
0
0
DERIV 29
-9.864724959415412084e-32
-1.3369944691208140472e-48
0
0
DERIV 30
3.288241653138470786e-33
-4.666388646711980982e-50
0
0
DERIV 31
-1.0607231139156356201e-34
-1.0220390777594154891e-50
0
0
DERIV 32
3.314759730986361313e-36
3.1938721179981734034e-52
0
0
DERIV 33
-1.0044726457534429676e-37
4.875005971056789808e-54
0
0
DERIV 34
2.954331311039537795e-39
2.0207476680413393839e-55
0
0
DERIV 35
-8.440946602970108771e-41
2.0917575839872517542e-57
0
0
AT 9/64
0.8688150562628431661
6.146598011714697219e-19
0
0
DERIV 1
-0.8688150562628431661
-6.146598011714697219e-19
0
0
DERIV 2
0.4344075281314215831
3.073299005857348609e-19
0
0
DERIV 3
-0.14480250937714053694
9.149415238347726987e-18
0
0
DERIV 4
0.03620062734428513423
-2.2873538095869317467e-18
0
0
DERIV 5
-0.007240125468857026153
-2.364186284733365173e-19
0
0
DERIV 6
0.0012066875781428377645
-3.287704008681087204e-20
0
0
DERIV 7
-0.00017238393973469109759
-6.919731835657422071e-21
0
0
DERIV 8
2.1547992466836387199e-5
8.649664794571777588e-22
0
0
DERIV 9
-2.394221385204043304e-6
1.8623692914508034375e-22
0
0
DERIV 10
2.394221385204043199e-7
-8.035781073829281606e-24
0
0
DERIV 11
-2.1765648956400393617e-8
1.6329044022241466337e-24
0
0
DERIV 12
1.8138040797000327325e-9
-6.714364913925992089e-26
0
0
DERIV 13
-1.3952339074615636404e-10
5.164896087635377978e-27
0
0
DERIV 14
9.965956481868311717e-12
-3.689211491168127063e-28
0
0
DERIV 15
-6.643970987912207542e-13
-2.3317089570896878508e-30
0
0
DERIV 16
4.152481867445129714e-14
1.4573180981810549067e-31
0
0
DERIV 17
-2.4426363926147820685e-15
-1.2458141605121381734e-31
0
0
DERIV 18
1.3570202181193234262e-16
1.4429890499215193232e-33
0
0
DERIV 19
-7.142211674312229370e-18
7.349710792198088384e-34
0
0
DERIV 20
3.571105837156114203e-19
1.1399694648690456012e-35
0
0
DERIV 21
-1.7005265891219590872e-20
-1.1160360381481275678e-36
0
0
DERIV 22
7.729666314190723893e-22
-2.621253759254392593e-38
0
0
DERIV 23
-3.360724484430749365e-23
-3.935779535706390115e-40
0
0
DERIV 24
1.4003018685128122356e-24
1.6399081398776625480e-41
0
0
DERIV 25
-5.601207474051249401e-26
3.935811551948495763e-42
0
0
DERIV 26
2.1543105669427881761e-27
-9.618776632614933093e-44
0
0
DERIV 27
-7.978928025714029825e-29
-1.0046851309049837712e-45
0
0
DERIV 28
2.8496171520407248375e-30
1.3597435926980777983e-46
0
0
DERIV 29
-9.826266041519741310e-32
2.1879365562694661278e-49
0
0
DERIV 30
3.275422013839913542e-33
2.2078280007363581437e-49
0
0
DERIV 31
-1.0565877463999721516e-34
-2.983551419006787697e-51
0
0
DERIV 32
3.301836707499912974e-36
9.323598184396211554e-53
0
0
DERIV 33
-1.0005565780302766081e-37
-7.887387158324980455e-54
0
0
DERIV 34
2.942813464794931546e-39
-1.1347532011977541766e-55
0
0
DERIV 35
-8.408038470842661093e-41
-1.4187797594339342707e-57
0
0
AT 37/256
0.8654278673596752514
4.442145993454004781e-18
0
0
DERIV 1
-0.8654278673596752514
-4.442145993454004781e-18
0
0
DERIV 2
0.4327139336798376257
2.2210729967270023906e-18
0
0
DERIV 3
-0.14423797789327921781
8.511500872967304092e-18
0
0
DERIV 4
0.03605949447331980445
-2.1278752182418260230e-18
0
0
DERIV 5
-0.007211898894663960544
7.863034845300376886e-20
0
0
DERIV 6
0.0012019831491106600183
5.917508675686633212e-20
0
0
DERIV 7
-0.00017171187844438001811
7.035018641669157895e-21
0
0
DERIV 8
2.1463984805547502263e-5
-8.793773302086447369e-22
0
0
DERIV 9
-2.384887200616389234e-6
1.9182336416254946855e-22
0
0
DERIV 10
2.384887200616388811e-7
2.3169310946460071273e-23
0
0
DERIV 11
-2.1680792732876262820e-8
-1.2039221450748853295e-24
0
0
DERIV 12
1.8067327277396886373e-9
3.139512771015480838e-26
0
0
DERIV 13
-1.3897944059536066838e-10
1.5618200441853402383e-27
0
0
DERIV 14
9.927102899668618478e-12
5.808359113693180462e-28
0
0
DERIV 15
-6.618068599779079254e-13
-1.1795941859744000404e-29
0
0
DERIV 16
4.136292874861924534e-14
7.372463662340000253e-31
0
0
DERIV 17
-2.4331134558011320093e-15
-1.1297280729797162751e-31
0
0
DERIV 18
1.3517296976672955881e-16
3.537166706758800034e-33
0
0
DERIV 19
-7.114366829827871922e-18
2.192922668836917792e-34
0
0
DERIV 20
3.557183414913935961e-19
-1.0964613344184588427e-35
0
0
DERIV 21
-1.6938968642447313669e-20
9.222936808902003184e-38
0
0
DERIV 22
7.699531201112414877e-22
3.855300511676409212e-38
0
0
DERIV 23
-3.347622261353224217e-23
1.9013738887302624934e-39
0
0
DERIV 24
1.3948426088971766347e-24
4.322341618022734825e-41
0
0
DERIV 25
-5.579370435588706309e-26
-4.024824051158874194e-42
0
0
DERIV 26
2.1459117059956565488e-27
-1.2114708023785343420e-43
0
0
DERIV 27
-7.947821133317246477e-29
4.486928897698274949e-45
0
0
DERIV 28
2.8385075476133021130e-30
3.993803427146403587e-47
0
0
DERIV 29
-9.787957060735524339e-32
-3.264698466694903919e-48
0
0
DERIV 30
3.262652353578508387e-33
-1.6486782409027737654e-49
0
0
DERIV 31
-1.0524685011543574406e-34
-5.027869068412454469e-51
0
0
DERIV 32
3.288964066107367002e-36
1.5712090838788920215e-52
0
0
DERIV 33
-9.966557776082930372e-38
-4.128482851221028482e-54
0
0
DERIV 34
2.9313405223773325968e-39
-1.2918537540527614572e-56
0
0
DERIV 35
-8.375258635363807274e-41
-1.0874401033060245469e-57
0
0
AT 19/128
0.8620538838545757088
5.763785158040173914e-18
0
0
DERIV 1
-0.8620538838545757088
-5.763785158040173914e-18
0
0
DERIV 2
0.4310269419272878544
2.8818925790200869571e-18
0
0
DERIV 3
-0.14367564730909596071
8.291227678869608723e-18
0
0
DERIV 4
0.03591891182727399018
-2.0728069197174021807e-18
0
0
DERIV 5
-0.007183782365454798036
4.145613839434804361e-19
0
0
DERIV 6
0.0011972970609091329337
3.1865808417868881982e-21
0
0
DERIV 7
-0.00017104243727273328785
1.1161226013517991352e-20
0
0
DERIV 8
2.1380304659091660982e-5
-1.3951532516897489190e-21
0
0
DERIV 9
-2.375589406565740156e-6
2.0207441392409990395e-22
0
0
DERIV 10
2.3755894065657399973e-7
-4.325573631391859625e-24
0
0
DERIV 11
-2.1596267332415816353e-8
-1.4115237336255276717e-24
0
0
DERIV 12
1.7996889443679847650e-9
4.869526008937499973e-26
0
0
DERIV 13
-1.3843761110522961321e-10
1.2161530234529378825e-26
0
0
DERIV 14
9.888400793230685273e-12
5.161082408701577159e-28
0
0
DERIV 15
-6.592267195487123852e-13
-7.491507685806769989e-31
0
0
DERIV 16
4.120166997179452408e-14
4.682192303629231243e-32
0
0
DERIV 17
-2.4236276453996778868e-15
-2.7542307668407240394e-33
0
0
DERIV 18
1.3464598029998209661e-16
8.370313916432245980e-33
0
0
DERIV 19
-7.086630542104321685e-18
3.703750336139810858e-34
0
0
DERIV 20
3.543315271052160650e-19
7.405477631733051404e-37
0
0
DERIV 21
-1.6872929862153146668e-20
6.812276155881892600e-37
0
0
DERIV 22
7.669513573705975331e-22
1.1780357503165486335e-38
0
0
DERIV 23
-3.334571119002597970e-23
-5.121894566593690420e-40
0
0
DERIV 24
1.3894046329177490929e-24
8.256489146613452119e-41
0
0
DERIV 25
-5.557618531670996647e-26
-5.475307739056443510e-43
0
0
DERIV 26
2.1375455891042293969e-27
1.0384327750417550818e-43
0
0
DERIV 27
-7.916835515200850324e-29
3.212344949777763116e-45
0
0
DERIV 28
2.8274412554288750657e-30
-6.468023162331950856e-47
0
0
DERIV 29
-9.749797432513361993e-32
-7.896869792062607280e-49
0
0
DERIV 30
3.249932477504453770e-33
2.5439882123474271181e-49
0
0
DERIV 31
-1.0483653153240173520e-34
-7.516667856580811488e-51
0
0
DERIV 32
3.276141610387554225e-36
2.3489587051815035901e-52
0
0
DERIV 33
-9.927701849659256809e-38
8.700863240052473033e-54
0
0
DERIV 34
2.9199123087233105191e-39
5.116540908074018531e-56
0
0
DERIV 35
-8.342606596352316235e-41
3.199062931977797680e-57
0
0
AT 39/256
0.8586930542645764275
4.684289487235453086e-17
0
0
DERIV 1
-0.8586930542645764275
-4.684289487235453086e-17
0
0
DERIV 2
0.4293465271322882137
2.3421447436177265428e-17
0
0
DERIV 3
-0.14311550904409608975
1.0696567931693521045e-17
0
0
DERIV 4
0.03577887726102402244
-2.6741419829233802612e-18
0
0
DERIV 5
-0.007155775452204803620
-3.325333414037275239e-19
0
0
DERIV 6
0.0011926292420341340090
-1.6857921265079044634e-20
0
0
DERIV 7
-0.00017037560600487627925
-5.336026765599453759e-21
0
0
DERIV 8
2.1296950750609534907e-5
6.670033456999317199e-22
0
0
DERIV 9
-2.366327861178837306e-6
2.0003289061596511608e-23
0
0
DERIV 10
2.3663278611788373589e-7
-7.294284826499028868e-24
0
0
DERIV 11
-2.1512071465262158711e-8
1.5654956524668509468e-24
0
0
DERIV 12
1.7926726221051796858e-9
7.633718209935267315e-26
0
0
DERIV 13
-1.3789789400809075301e-10
2.0815688053673683080e-27
0
0
DERIV 14
9.849849572006481666e-12
5.437109998563160284e-28
0
0
DERIV 15
-6.566566381337654780e-13
-2.5893347009912338204e-30
0
0
DERIV 16
4.104103988336034238e-14
1.6183341881195211378e-31
0
0
DERIV 17
-2.4141788166682553643e-15
-7.912498686138057261e-32
0
0
DERIV 18
1.3412104537045862861e-16
7.134932968760767703e-33
0
0
DERIV 19
-7.059002387918875515e-18
-5.115563930113751366e-35
0
0
DERIV 20
3.529501193959437854e-19
-7.071867756879302781e-36
0
0
DERIV 21
-1.6807148542663989206e-20
-2.364378283590914508e-37
0
0
DERIV 22
7.639612973938176997e-22
2.1981241921602481484e-39
0
0
DERIV 23
-3.321570858233989820e-23
-1.8843663683017525497e-39
0
0
DERIV 24
1.3839878575974958807e-24
-4.393206286474858741e-41
0
0
DERIV 25
-5.535951430389983798e-26
4.512347399329679665e-42
0
0
DERIV 26
2.1292120886115320922e-27
-3.557782040992877662e-44
0
0
DERIV 27
-7.885970698561229597e-29
-2.4190988526465945825e-45
0
0
DERIV 28
2.8164181066290106206e-30
3.635001386863490765e-47
0
0
DERIV 29
-9.711786574582795545e-32
1.7665910397126261401e-48
0
0
DERIV 30
3.237262191527598333e-33
1.2357436955187302064e-49
0
0
DERIV 31
-1.0442781262992253721e-34
6.359915989006143962e-51
0
0
DERIV 32
3.263369144685079288e-36
-1.9874737465644199882e-52
0
0
DERIV 33
-9.888997408136603206e-38
-9.376770490032141904e-55
0
0
DERIV 34
2.9085286494519422538e-39
-1.0676576701752213683e-55
0
0
DERIV 35
-8.310081855576977868e-41
3.050450486214918454e-57
0
0
AT 5/32
0.8553453273074225205
1.7204900005057593749e-17
0
0
DERIV 1
-0.8553453273074225205
-1.7204900005057593749e-17
0
0
DERIV 2
0.4276726636537112602
8.602450002528796874e-18
0
0
DERIV 3
-0.14255755455123708675
-2.8674833341762657532e-18
0
0
DERIV 4
0.03563938863780927169
7.168708335440664383e-19
0
0
DERIV 5
-0.007127877727561854858
3.770428760842288503e-19
0
0
DERIV 6
0.0011879796212603090707
9.439665484995489224e-21
0
0
DERIV 7
-0.00016971137446575843867
-1.3485236407136413715e-21
0
0
DERIV 8
2.1213921808219804834e-5
1.6856545508920517144e-22
0
0
DERIV 9
-2.357102423135534012e-6
1.2244266286580504791e-22
0
0
DERIV 10
2.3571024231355340116e-7
-1.2244266286580503322e-23
0
0
DERIV 11
-2.1428203846686673133e-8
1.4139080669811468127e-24
0
0
DERIV 12
1.7856836538905560255e-9
-4.889395453567659099e-26
0
0
DERIV 13
-1.3736028106850431164e-10
5.749488359842977316e-27
0
0
DERIV 14
9.811448647750306821e-12
7.433130699345245657e-28
0
0
DERIV 15
-6.540965765166872022e-13
3.122515203232996742e-29
0
0
DERIV 16
4.088103603229295013e-14
-1.9515720020206229639e-30
0
0
DERIV 17
-2.4047668254289967651e-15
-1.8682493423035022442e-31
0
0
DERIV 18
1.3359815696827760354e-16
4.900962282095763591e-33
0
0
DERIV 19
-7.031481945698822212e-18
7.151560623169315834e-34
0
0
DERIV 20
3.515740972849410913e-19
-1.6498503671974223849e-35
0
0
DERIV 21
-1.6741623680235288631e-20
-6.473405575750637314e-37
0
0
DERIV 22
7.609828945561495431e-22
-3.041877797026810732e-38
0
0
DERIV 23
-3.308621280678910648e-23
-2.7661204389354302010e-39
0
0
DERIV 24
1.3785922002828794979e-24
5.403135418364878400e-41
0
0
DERIV 25
-5.514368801131518543e-26
3.348875602133520977e-42
0
0
DERIV 26
2.1209110773582763349e-27
-1.0120810724612365977e-43
0
0
DERIV 27
-7.855226212438059586e-29
-5.385941573149783183e-45
0
0
DERIV 28
2.8054379330135927594e-30
1.4230868245803451235e-46
0
0
DERIV 29
-9.673923906943423799e-32
3.687181018869181868e-52
0
0
DERIV 30
3.224641302314474782e-33
-1.8247302814569013274e-49
0
0
DERIV 31
-1.0402068717143466143e-34
-3.080467796899942842e-51
0
0
DERIV 32
3.250646474107333170e-36
9.626461865312321382e-53
0
0
DERIV 33
-9.850443860931313647e-38
7.206999094193977134e-54
0
0
DERIV 34
2.8971893708621507657e-39
9.510258984128418393e-56
0
0
DERIV 35
-8.277683916749002071e-41
-3.882449793322141729e-57
0
0
AT 41/256
0.8520106519007895063
-3.421466773341153261e-17
0
0
DERIV 1
-0.8520106519007895063
3.421466773341153261e-17
0
0
DERIV 2
0.4260053259503947531
-1.7107333866705766305e-17
0
0
DERIV 3
-0.14200177531679825105
5.702444622235254922e-18
0
0
DERIV 4
0.03550044382919956276
-1.4256111555588137304e-18
0
0
DERIV 5
-0.007100088765839912379
1.1164988351408204145e-19
0
0
DERIV 6
0.0011833481276399854688
-9.088845875138063584e-20
0
0
DERIV 7
-0.00016904973251999792024
9.111914919891860498e-21
0
0
DERIV 8
2.1131216564999740030e-5
-1.1389893649864825623e-21
0
0
DERIV 9
-2.347912951666637452e-6
-2.0284732782261874128e-22
0
0
DERIV 10
2.3479129516666377693e-7
-1.1479002739774388881e-23
0
0
DERIV 11
-2.1344663196969433966e-8
7.427527535965707605e-25
0
0
DERIV 12
1.7787219330807861638e-9
-6.189606279971423387e-26
0
0
DERIV 13
-1.3682476408313739920e-10
6.749650533999718911e-27
0
0
DERIV 14
9.773197434509813306e-12
4.410747526529527378e-28
0
0
DERIV 15
-6.515464956339875335e-13
-4.959982268385475103e-29
0
0
DERIV 16
4.072165597712422084e-14
3.0999889177409219397e-30
0
0
DERIV 17
-2.3953915280661309396e-15
1.1927099801150910562e-31
0
0
DERIV 18
1.3307730711478504672e-16
-1.1479658254934792511e-33
0
0
DERIV 19
-7.004068795515002216e-18
-1.8285610742294141145e-34
0
0
DERIV 20
3.502034397757501108e-19
9.142805371147070305e-36
0
0
DERIV 21
-1.6676354275035720134e-20
1.3782175148919779887e-37
0
0
DERIV 22
7.580161034107145430e-22
2.2844247564712821648e-39
0
0
DERIV 23
-3.295722188742237297e-23
1.4339306855737975888e-39
0
0
DERIV 24
1.3732175786425988737e-24
-5.974711189890823287e-41
0
0
DERIV 25
-5.492870314570394990e-26
-2.6610678127331874868e-42
0
0
DERIV 26
2.1126424286809212050e-27
4.715916097171441409e-44
0
0
DERIV 27
-7.824601587707115657e-29
-9.162365015747162222e-46
0
0
DERIV 28
2.7945005670382556920e-30
-6.737001525267563999e-47
0
0
DERIV 29
-9.636208851856054110e-32
2.3231039742301944089e-48
0
0
DERIV 30
3.212069617285351553e-33
-2.5989753668330035708e-49
0
0
DERIV 31
-1.0361514894468875976e-34
8.383791505912915587e-51
0
0
DERIV 32
3.237973404521523742e-36
-2.6199348455977861209e-52
0
0
DERIV 33
-9.812040619762191640e-38
-7.246966623712365945e-54
0
0
DERIV 34
2.8858942999300564224e-39
1.5556986127390613918e-55
0
0
DERIV 35
-8.245412285514447358e-41
-7.522965157687785341e-59
0
0
AT 21/128
0.8486889771615039324
2.2088650680117401589e-17
0
0
DERIV 1
-0.8486889771615039324
-2.2088650680117401589e-17
0
0
DERIV 2
0.4243444885807519662
1.1044325340058700794e-17
0
0
DERIV 3
-0.14144816286025066465
5.570416758523404752e-18
0
0
DERIV 4
0.03536204071506266616
-1.3926041896308511881e-18
0
0
DERIV 5
-0.007072408143012532886
-6.842385726919119571e-20
0
0
DERIV 6
0.0011787346905020887420
8.368412104389882421e-20
0
0
DERIV 7
-0.00016839067007172697863
3.533728029235945169e-21
0
0
DERIV 8
2.1048833758965872329e-5
-4.417160036544931462e-22
0
0
DERIV 9
-2.338759306551763545e-6
2.0221700030381062695e-24
0
0
DERIV 10
2.3387593065517636509e-7
-1.0790128840982564535e-23
0
0
DERIV 11
-2.1261448241379668651e-8
7.854195366783933952e-26
0
0
DERIV 12
1.7717873534483057899e-9
-7.547688051840558645e-26
0
0
DERIV 13
-1.3629133488063890095e-10
-1.5933091603390458274e-28
0
0
DERIV 14
9.735095348617064815e-12
-4.502155442526160203e-28
0
0
DERIV 15
-6.490063565744709809e-13
2.3282756558955099679e-29
0
0
DERIV 16
4.056289728590443631e-14
-1.4551722849346937300e-30
0
0
DERIV 17
-2.3860527815237902319e-15
-5.361237827813774496e-32
0
0
DERIV 18
1.3255848786243280436e-16
-1.0717036366857136399e-32
0
0
DERIV 19
-6.976762519075410431e-18
2.396873970956832075e-34
0
0
DERIV 20
3.488381259537705312e-19
-2.1614019576720339104e-35
0
0
DERIV 21
-1.6611339331131929770e-20
7.426423095481060665e-37
0
0
DERIV 22
7.550608786878149383e-22
1.7537830329149541354e-38
0
0
DERIV 23
-3.282873385599195665e-23
2.0484503898294031124e-39
0
0
DERIV 24
1.3678639106663314046e-24
3.709522863442982076e-41
0
0
DERIV 25
-5.471455642665326032e-26
2.6487881817324116641e-42
0
0
DERIV 26
2.1044060164097406710e-27
8.502733584800524323e-45
0
0
DERIV 27
-7.794096357073113181e-29
-4.466911508547625348e-45
0
0
DERIV 28
2.7836058418118261361e-30
1.5953255387670090529e-46
0
0
DERIV 29
-9.598640833833884058e-32
2.803986885487138441e-48
0
0
DERIV 30
3.199546944611294732e-33
-1.3908141390181143434e-49
0
0
DERIV 31
-1.0321119176165466670e-34
2.4172600277289912209e-51
0
0
DERIV 32
3.225349742551708334e-36
-7.553937586653097565e-53
0
0
DERIV 33
-9.773787098641540090e-38
-8.747119885286488878e-55
0
0
DERIV 34
2.8746432643063352248e-39
1.2168718301552680602e-55
0
0
DERIV 35
-8.213266469446672916e-41
4.971162162590181191e-57
0
0
AT 43/256
0.8453802524047673295
2.5486624711612741335e-17
0
0
DERIV 1
-0.8453802524047673295
-2.5486624711612741335e-17
0
0
DERIV 2
0.4226901262023836647
1.2743312355806370667e-17
0
0
DERIV 3
-0.14089670873412787899
-1.3499629323811761393e-17
0
0
DERIV 4
0.03522417718353196975
3.3749073309529403482e-18
0
0
DERIV 5
-0.007044835436706394297
-3.280367709952266508e-19
0
0
DERIV 6
0.0011741392394510657884
-1.7607349666495854812e-20
0
0
DERIV 7
-0.00016773417706443795815
-9.101116181416711321e-21
0
0
DERIV 8
2.0966772133054744769e-5
1.1376395226770889151e-21
0
0
DERIV 9
-2.329641348117193957e-6
-3.228961949142094962e-23
0
0
DERIV 10
2.3296413481171940632e-7
-7.358949891536658394e-24
0
0
DERIV 11
-2.1178557710156309064e-8
6.740954464658524402e-26
0
0
DERIV 12
1.7648798091796924220e-9
-5.617462053882103668e-27
0
0
DERIV 13
-1.3575998532151480567e-10
4.408942333726640751e-27
0
0
DERIV 14
9.697141808679629438e-12
-7.765207763783692600e-28
0
0
DERIV 15
-6.464761205786419491e-13
3.830482564278601884e-29
0
0
DERIV 16
4.040475753616512182e-14
-2.3940516026741261778e-30
0
0
DERIV 17
-2.3767504433038304631e-15
-9.119134843711370861e-32
0
0
DERIV 18
1.3204169129465725617e-16
-3.151115071768111764e-33
0
0
DERIV 19
-6.949562699718802145e-18
-6.450697096489355835e-34
0
0
DERIV 20
3.474781349859401361e-19
3.364536316638239510e-36
0
0
DERIV 21
-1.6546577856473340676e-20
6.995741386662903069e-37
0
0
DERIV 22
7.521171752942427238e-22
2.3973748118169856867e-39
0
0
DERIV 23
-3.270074675192359669e-23
-1.0423368747030372196e-40
0
0
DERIV 24
1.3625311146634832566e-24
-5.688059379406481589e-41
0
0
DERIV 25
-5.450124458653932567e-26
-2.3165510561369676874e-42
0
0
DERIV 26
2.0962017148668971964e-27
3.390851648724442793e-44
0
0
DERIV 27
-7.763710055062582209e-29
-1.2558709810090529094e-45
0
0
DERIV 28
2.7727535910937792602e-30
1.4494528248781025739e-46
0
0
DERIV 29
-9.561219279633722531e-32
4.439511166401054330e-48
0
0
DERIV 30
3.187073093211240935e-33
-2.3921407431784876331e-49
0
0
DERIV 31
-1.0280880945842712555e-34
6.337091579237859396e-51
0
0
DERIV 32
3.212775295575847673e-36
-1.9803411185118310613e-52
0
0
DERIV 33
-9.735682713866205450e-38
9.797574473841053042e-54
0
0
DERIV 34
2.8634360923135894353e-39
1.1486955614576023403e-55
0
0
DERIV 35
-8.181245978038827366e-41
7.963279740487854606e-58
0
0
AT 11/64
0.8420844271433823858
-3.896788744068552353e-17
0
0
DERIV 1
-0.8420844271433823858
3.896788744068552353e-17
0
0
DERIV 2
0.4210422135716911929
-1.9483943720342761763e-17
0
0
DERIV 3
-0.14034740452389704579
-1.2009069170305022266e-17
0
0
DERIV 4
0.03508685113097426145
3.0022672925762555666e-18
0
0
DERIV 5
-0.007017370226194852983
9.343593187547173649e-20
0
0
DERIV 6
0.0011695617043658089029
-8.785280014494558301e-20
0
0
DERIV 7
-0.00016708024348082982390
-6.810353059391781606e-21
0
0
DERIV 8
2.0885030435103727988e-5
8.512941324239727007e-22
0
0
DERIV 9
-2.320558937233747507e-6
-1.4164562289456920520e-22
0
0
DERIV 10
2.3205589372337477189e-7
-7.011261391900587663e-24
0
0
DERIV 11
-2.1095990338488615627e-8
6.373873992636897959e-25
0
0
DERIV 12
1.7579991948740511644e-9
8.474781882019713331e-26
0
0
DERIV 13
-1.3523070729800394765e-10
5.411426617961197146e-27
0
0
DERIV 14
9.659336235571710085e-12
7.506585125780941503e-29
0
0
DERIV 15
-6.439557490381140393e-13
2.865367520557587902e-29
0
0
DERIV 16
4.024723431488212746e-14
-1.7908547003484924387e-30
0
0
DERIV 17
-2.3674843714636544635e-15
1.2537228818027568448e-32
0
0
DERIV 18
1.3152690952575857035e-16
1.0259888749290299202e-32
0
0
DERIV 19
-6.922468922408346700e-18
3.520155137535461168e-34
0
0
DERIV 20
3.461234461204173157e-19
1.6585237561950522232e-36
0
0
DERIV 21
-1.6482068862877016468e-20
1.3540062678502622530e-36
0
0
DERIV 22
7.491849483125915636e-22
3.249380861804380400e-38
0
0
DERIV 23
-3.257325862228659023e-23
-9.016897873835186557e-40
0
0
DERIV 24
1.3572191092619413209e-24
-2.365325629768086032e-41
0
0
DERIV 25
-5.428876437047764870e-26
-3.186467075202370362e-42
0
0
DERIV 26
2.0880293988645250329e-27
3.977202438459427279e-44
0
0
DERIV 27
-7.733442218016760087e-29
5.585354324577068476e-45
0
0
DERIV 28
2.7619436492916998810e-30
-4.933781898580775941e-47
0
0
DERIV 29
-9.523943618247240365e-32
-4.338775484648081773e-48
0
0
DERIV 30
3.174647872749080441e-33
-1.7468044121074490396e-49
0
0
DERIV 31
-1.0240799589513162161e-34
1.1688708918852875908e-52
0
0
DERIV 32
3.200249871722863175e-36
-3.652721537141523721e-54
0
0
DERIV 33
-9.697726884008676162e-38
-1.1548250623651221802e-54
0
0
DERIV 34
2.8522726129437283214e-39
-4.418700918664196534e-57
0
0
DERIV 35
-8.149350322696367099e-41
4.787180360532208929e-57
0
0
AT 45/256
0.8388014510869825635
-3.125809678501088241e-17
0
0
DERIV 1
-0.8388014510869825635
3.125809678501088241e-17
0
0
DERIV 2
0.4194007255434912818
-1.5629048392505441204e-17
0
0
DERIV 3
-0.13980024184783040875
-1.3294034279584129119e-17
0
0
DERIV 4
0.03495006046195760219
3.3235085698960322798e-18
0
0
DERIV 5
-0.006990012092391520958
-1.4428467118616430838e-19
0
0
DERIV 6
0.0011650020153985867540
9.632759003006100965e-20
0
0
DERIV 7
-0.00016642885934265526219
-2.1446324419497401232e-21
0
0
DERIV 8
2.0803607417831907774e-5
2.680790552437175154e-22
0
0
DERIV 9
-2.311511935314656655e-6
2.0550036809911481208e-22
0
0
DERIV 10
2.3115119353146564958e-7
-4.668169048893349998e-24
0
0
DERIV 11
-2.1013744866496877535e-8
7.251719544641328241e-25
0
0
DERIV 12
1.7511454055414064613e-9
-6.043099620534440200e-26
0
0
DERIV 13
-1.3470349273395434317e-10
4.648538169641877188e-27
0
0
DERIV 14
9.621678052425310458e-12
-5.628366026733672146e-28
0
0
DERIV 15
-6.414452034950206635e-13
3.864374888794644737e-30
0
0
DERIV 16
4.009032521843879147e-14
-2.415234305496652961e-31
0
0
DERIV 17
-2.3582544246140466498e-15
1.0701442594068759306e-31
0
0
DERIV 18
1.3101413470078035300e-16
1.0489356306510658659e-32
0
0
DERIV 19
-6.895480773725281940e-18
-3.493419167229571518e-34
0
0
DERIV 20
3.447740386862641066e-19
7.837446114211679125e-36
0
0
DERIV 21
-1.6417811366012575789e-20
-1.0897035145112837091e-36
0
0
DERIV 22
7.462641530005717123e-22
-3.595852030928983056e-38
0
0
DERIV 23
-3.244626752176398774e-23
1.8189561766696202671e-39
0
0
DERIV 24
1.3519278134068327003e-24
4.665748751608743762e-41
0
0
DERIV 25
-5.407711253627330847e-26
-1.4071220198535413705e-42
0
0
DERIV 26
2.0798889437028196117e-27
-1.0695233698104320615e-45
0
0
DERIV 27
-7.703292384084516582e-29
-4.942782563161926349e-45
0
0
DERIV 28
2.7511758514587562725e-30
-1.7379666739684975806e-46
0
0
DERIV 29
-9.486813280892262593e-32
1.8404338144460617490e-48
0
0
DERIV 30
3.162271093630754015e-33
1.2111294372742515941e-49
0
0
DERIV 31
-1.0200874495583077124e-34
-7.355597810681063773e-51
0
0
DERIV 32
3.187773279869711601e-36
2.2986243158378324289e-52
0
0
DERIV 33
-9.659919029908218682e-38
1.0118905286402704883e-53
0
0
DERIV 34
2.8411526558553580328e-39
1.0541864989394695843e-55
0
0
DERIV 35
-8.117579016729594991e-41
3.105511513207275252e-57
0
0
AT 23/128
0.8355312741412650457
2.5615928215175679745e-17
0
0
DERIV 1
-0.8355312741412650457
-2.5615928215175679745e-17
0
0
DERIV 2
0.4177656370706325228
1.2807964107587839873e-17
0
0
DERIV 3
-0.13925521235687751687
4.982537169347024546e-18
0
0
DERIV 4
0.03481380308921937922
-1.2456342923367561365e-18
0
0
DERIV 5
-0.006962760617843876017
4.225992060650319175e-19
0
0
DERIV 6
0.0011604601029739792638
1.8469438215283074730e-21
0
0
DERIV 7
-0.00016578001471056845852
-8.008150349400504221e-21
0
0
DERIV 8
2.0722501838821057315e-5
1.0010187936750630277e-21
0
0
DERIV 9
-2.302500204313450766e-6
-1.5828169636691258269e-22
0
0
DERIV 10
2.3025002043134510304e-7
-1.0641609965005627327e-23
0
0
DERIV 11
-2.0931820039213189080e-8
-1.1381315624071952503e-24
0
0
DERIV 12
1.7443183366010992279e-9
-4.301913855823834545e-26
0
0
DERIV 13
-1.3417833358469994061e-10
3.309164504479872616e-27
0
0
DERIV 14
9.584166684621423637e-12
4.560255927768513966e-28
0
0
DERIV 15
-6.389444456414282828e-13
9.987972162192374637e-30
0
0
DERIV 16
3.993402785258926768e-14
-6.242482601370234148e-31
0
0
DERIV 17
-2.3490604619170158849e-15
1.7593123387059170110e-31
0
0
DERIV 18
1.3050335899538976590e-16
-4.295756706553623634e-33
0
0
DERIV 19
-6.868597841862618731e-18
-3.010041581189475316e-34
0
0
DERIV 20
3.434298920931309654e-19
-1.3838741259861160680e-35
0
0
DERIV 21
-1.6353804385387188114e-20
-5.750411574591040889e-38
0
0
DERIV 22
7.433547447903267239e-22
1.1162873267158018881e-38
0
0
DERIV 23
-3.231977151262290002e-23
-1.5075113166784248827e-39
0
0
DERIV 24
1.3466571463592875007e-24
6.281297152826769665e-41
0
0
DERIV 25
-5.386628585437150692e-26
4.375143350718632925e-42
0
0
DERIV 26
2.0717802251681348262e-27
-1.1308514320192384941e-43
0
0
DERIV 27
-7.673260093215313756e-29
3.634318725698118906e-47
0
0
DERIV 28
2.7404500332911834342e-30
4.874840275242271389e-47
0
0
DERIV 29
-9.449827701004081487e-32
5.114110130801885665e-48
0
0
DERIV 30
3.149942567001359994e-33
3.3129669054791198688e-49
0
0
DERIV 31
-1.0161105054843096755e-34
-1.0686990017674580069e-50
0
0
DERIV 32
3.175345329638467736e-36
3.3396843805233062715e-52
0
0
DERIV 33
-9.622258574662023948e-38
-5.058201323380860918e-54
0
0
DERIV 34
2.8300760513711835526e-39
1.1038648322885754149e-55
0
0
DERIV 35
-8.085931575346238896e-41
-1.4060501097534676765e-57
0
0
AT 47/256
0.8322738464072263476
-4.518251029838290828e-17
0
0
DERIV 1
-0.8322738464072263476
4.518251029838290828e-17
0
0
DERIV 2
0.4161369232036131738
-2.2591255149191454142e-17
0
0
DERIV 3
-0.13871230773453771534
-1.7214401554791529302e-18
0
0
DERIV 4
0.03467807693363442884
4.303600388697882326e-19
0
0
DERIV 5
-0.006935615386726885767
-8.607200777395764892e-20
0
0
DERIV 6
0.0011559358977878142222
8.662547946135990175e-20
0
0
DERIV 7
-0.00016513369968397347194
-7.586166464210102480e-22
0
0
DERIV 8
2.0641712460496683992e-5
9.482708080262628100e-23
0
0
DERIV 9
-2.293523606721853777e-6
-1.0536342311402919131e-23
0
0
DERIV 10
2.2935236067218537240e-7
6.347590151479668738e-24
0
0
DERIV 11
-2.0850214606562308687e-8
1.5284970000004641628e-24
0
0
DERIV 12
1.7375178838801922527e-9
1.0488685425465931768e-26
0
0
DERIV 13
-1.3365522183693786162e-10
-4.783651823848474233e-27
0
0
DERIV 14
9.546801559781275599e-12
5.724875779738384706e-28
0
0
DERIV 15
-6.364534373187517672e-13
2.2418678989384477524e-29
0
0
DERIV 16
3.977833983242198545e-14
-1.4011674368365298453e-30
0
0
DERIV 17
-2.3399023430836462261e-15
1.0562340526159033168e-31
0
0
DERIV 18
1.2999457461575811271e-16
5.088434502425700789e-33
0
0
DERIV 19
-6.841819716618848565e-18
2.592842741256803085e-34
0
0
DERIV 20
3.420909858309424090e-19
6.295085737588343910e-36
0
0
DERIV 21
-1.6290046944330590617e-20
-5.863627054189740809e-37
0
0
DERIV 22
7.404566792877541104e-22
3.520190007047909512e-38
0
0
DERIV 23
-3.219376866468496388e-23
1.0249051074189252366e-39
0
0
DERIV 24
1.3414070276952067670e-24
1.8519284629538922850e-41
0
0
DERIV 25
-5.365628110780827619e-26
4.769358384297915933e-42
0
0
DERIV 26
2.0637031195310874906e-27
-1.2824725987805011282e-43
0
0
DERIV 27
-7.643344887152175933e-29
5.165098058986987199e-45
0
0
DERIV 28
2.7297660311257768686e-30
6.576408080846778712e-47
0
0
DERIV 29
-9.412986314226816675e-32
-3.400241847106230636e-48
0
0
DERIV 30
3.137662104742272316e-33
2.211102613239408184e-50
0
0
DERIV 31
-1.0121490660458943231e-34
2.0457240190501992789e-51
0
0
DERIV 32
3.162965831393419760e-36
-6.392887559531872746e-53
0
0
DERIV 33
-9.584744943616422755e-38
-5.655842908358321085e-54
0
0
DERIV 34
2.8190426304754184766e-39
1.4715624886936673195e-55
0
0
DERIV 35
-8.054407515644053577e-41
3.660858096409171963e-57
0
0
AT 3/16
0.8290291181804003706
-2.7604408719539223146e-17
0
0
DERIV 1
-0.8290291181804003706
2.7604408719539223146e-17
0
0
DERIV 2
0.4145145590902001853
-1.3802204359769611573e-17
0
0
DERIV 3
-0.13817151969673338585
-4.651123751953100389e-18
0
0
DERIV 4
0.03454287992418334646
1.1627809379882750973e-18
0
0
DERIV 5
-0.006908575984836669813
2.878608551953870800e-19
0
0
DERIV 6
0.0011514293308061114909
9.658348046550273651e-20
0
0
DERIV 7
-0.00016448990440087309724
1.3307414245637219920e-20
0
0
DERIV 8
2.0561238050109137155e-5
-1.6634267807046524900e-21
0
0
DERIV 9
-2.284582005567681859e-6
1.3776781189750023954e-22
0
0
DERIV 10
2.2845820055676818061e-7
-8.482825269410647129e-24
0
0
DERIV 11
-2.0768927323342560971e-8
-1.3121291647506220945e-25
0
0
DERIV 12
1.7307439436118801499e-9
-5.799730800649712021e-26
0
0
DERIV 13
-1.3313414950860615941e-10
-1.5039134169499402904e-27
0
0
DERIV 14
9.509582107757583277e-12
-3.541739370443277378e-28
0
0
DERIV 15
-6.339721405171721780e-13
-1.6778082544360620233e-29
0
0
DERIV 16
3.962325878232326113e-14
1.0486301590225387645e-30
0
0
DERIV 17
-2.3307799283719567458e-15
1.4713199496894202761e-31
0
0
DERIV 18
1.2948777379844204143e-16
-8.173999720496778095e-33
0
0
DERIV 19
-6.815145989391685823e-18
-1.3743199831956537056e-34
0
0
DERIV 20
3.407572994695842912e-19
6.871599915978268795e-36
0
0
DERIV 21
-1.6226538069980204342e-20
-3.272190436180127819e-37
0
0
DERIV 22
7.375699122718275043e-22
-1.9322606404920509197e-38
0
0
DERIV 23
-3.206825705529684903e-23
1.8622823226680982613e-39
0
0
DERIV 24
1.3361773773040353764e-24
-7.759509677783742415e-41
0
0
DERIV 25
-5.344709509216141552e-26
3.562981351903453202e-42
0
0
DERIV 26
2.0556575035446696895e-27
9.362583372337898892e-46
0
0
DERIV 27
-7.613546309424702263e-29
-2.941073049608279534e-45
0
0
DERIV 28
2.7191236819373937155e-30
5.499194947440937507e-47
0
0
DERIV 29
-9.376288558404805915e-32
-1.8962741198072195890e-48
0
0
DERIV 30
3.125429519468268821e-33
-1.1925160021538657488e-49
0
0
DERIV 31
-1.0082030707962156728e-34
-3.740377234604085589e-51
0
0
DERIV 32
3.150634596238173978e-36
1.1688678858137767466e-52
0
0
DERIV 33
-9.547377564358103215e-38
-1.0109967088180775360e-54
0
0
DERIV 34
2.8080522248112068664e-39
-8.648946611224334859e-57
0
0
DERIV 35
-8.023006356603448132e-41
-3.355037100363158792e-58
0
0
AT 49/256
0.8257970399501006753
-1.6425514406411233177e-17
0
0
DERIV 1
-0.8257970399501006753
1.6425514406411233177e-17
0
0
DERIV 2
0.4128985199750503376
-8.212757203205616589e-18
0
0
DERIV 3
-0.13763283999168343663
-6.514272804141098460e-18
0
0
DERIV 4
0.03440820999792085916
1.6285682010352746151e-18
0
0
DERIV 5
-0.006881641999584172352
1.9470340258598719086e-19
0
0
DERIV 6
0.0011469403332640287253
-3.245056709766453181e-20
0
0
DERIV 7
-0.00016384861903771837772
-6.980656548392614821e-21
0
0
DERIV 8
2.0481077379714797215e-5
8.725820685490768527e-22
0
0
DERIV 9
-2.275675264412755481e-6
1.3833336662074155761e-22
0
0
DERIV 10
2.2756752644127554284e-7
-8.539380741734778348e-24
0
0
DERIV 11
-2.0687956949206867832e-8
1.0771002901769900303e-24
0
0
DERIV 12
1.7239964124339055148e-9
4.810507791075544903e-26
0
0
DERIV 13
-1.3261510864876196466e-10
-1.7119756744979489492e-27
0
0
DERIV 14
9.472507760625854619e-12
1.2228397674985348676e-28
0
0
DERIV 15
-6.315005173750569746e-13
-8.152265116656899024e-30
0
0
DERIV 16
3.946878233594106091e-14
5.095165697910561890e-31
0
0
DERIV 17
-2.3216930785847684514e-15
1.3244097638132265084e-31
0
0
DERIV 18
1.2898294881026489479e-16
1.1815870536270556335e-32
0
0
DERIV 19
-6.788576253171837014e-18
-1.7588309373509043478e-34
0
0
DERIV 20
3.394288126585918507e-19
8.794154686754521472e-36
0
0
DERIV 21
-1.6163276793266280467e-20
1.4441093956481526726e-36
0
0
DERIV 22
7.346943996939217368e-22
3.694726172411996822e-38
0
0
DERIV 23
-3.194323476930094712e-23
4.379353177726752553e-40
0
0
DERIV 24
1.3309681153875395247e-24
-7.947096901252228008e-41
0
0
DERIV 25
-5.323872461550157732e-26
-4.945810858187574059e-43
0
0
DERIV 26
2.0476432544423683031e-27
7.421195051105270023e-44
0
0
DERIV 27
-7.583863905342105075e-29
-2.5739348975783246760e-46
0
0
DERIV 28
2.7085228233364661484e-30
-4.085374909167802016e-47
0
0
DERIV 29
-9.339733873574021051e-32
-1.0126992822319007085e-49
0
0
DERIV 30
3.113244624524673912e-33
-2.2470025765376104004e-49
0
0
DERIV 31
-1.0042724595240881861e-34
-9.995247882731551915e-51
0
0
DERIV 32
3.138351436012775582e-36
3.1235149633536099735e-52
0
0
DERIV 33
-9.510155866705382512e-38
1.0150263845154322189e-53
0
0
DERIV 34
2.7971046666780532578e-39
1.2368841130713034192e-55
0
0
DERIV 35
-7.991727619080152165e-41
-3.533954608775152659e-57
0
0
AT 25/128
0.8225775623986646412
-5.149396189997403081e-17
0
0
DERIV 1
-0.8225775623986646412
5.149396189997403081e-17
0
0
DERIV 2
0.4112887811993323206
-2.5746980949987015407e-17
0
0
DERIV 3
-0.13709626039977743095
-6.695315552139659705e-19
0
0
DERIV 4
0.03427406509994435774
1.6738288880349149261e-19
0
0
DERIV 5
-0.006854813019988871201
-3.804212729560597078e-19
0
0
DERIV 6
0.0011424688366648118668
6.340354549267661395e-20
0
0
DERIV 7
-0.00016320983380925884972
2.5588024919623162981e-21
0
0
DERIV 8
2.0401229226157356216e-5
-3.198503114952895373e-22
0
0
DERIV 9
-2.266803247350817404e-6
8.259630945804885370e-23
0
0
DERIV 10
2.2668032473508174043e-7
-8.259630945804885370e-24
0
0
DERIV 11
-2.0607302248643792780e-8
-1.0538821595879798934e-24
0
0
DERIV 12
1.7172751873869827317e-9
8.782351329899832827e-26
0
0
DERIV 13
-1.3209809133746022604e-10
9.151664603019892456e-27
0
0
DERIV 14
9.435577952675729046e-12
7.310986431208353265e-28
0
0
DERIV 15
-6.290385301783819364e-13
-4.873990954138902139e-29
0
0
DERIV 16
3.931490813614887103e-14
3.0462443463368138371e-30
0
0
DERIV 17
-2.3126416550675806718e-15
-1.5598905257213575827e-31
0
0
DERIV 18
1.2848009194819892347e-16
1.1405158841580499480e-32
0
0
DERIV 19
-6.762110102536786176e-18
1.2955456621092623413e-34
0
0
DERIV 20
3.381055051268392992e-19
3.151921411389867692e-36
0
0
DERIV 21
-1.6100262148897109770e-20
1.3650522213429735988e-37
0
0
DERIV 22
7.318300976771413019e-22
4.508951612068630122e-38
0
0
DERIV 23
-3.181869989900614305e-23
-2.4714982447351815500e-39
0
0
DERIV 24
1.3257791624585893550e-24
4.175542942530509531e-41
0
0
DERIV 25
-5.303116649834357144e-26
-4.425282061751940134e-42
0
0
DERIV 26
2.0396602499362913474e-27
3.222915358001570509e-44
0
0
DERIV 27
-7.554297221986263917e-29
-4.515268714696444334e-45
0
0
DERIV 28
2.6979632935665228276e-30
1.6125959695344443771e-46
0
0
DERIV 29
-9.303321701953527747e-32
1.9894237274933870501e-48
0
0
DERIV 30
3.101107233984509431e-33
-2.4877486179207346538e-49
0
0
DERIV 31
-1.0003571722530675516e-34
7.335249810043093861e-51
0
0
DERIV 32
3.126116163290836099e-36
-2.2922655656384668317e-52
0
0
DERIV 33
-9.473079282699501621e-38
-1.0138174226400783259e-53
0
0
DERIV 34
2.7861997890292653938e-39
8.706880328242371516e-56
0
0
DERIV 35
-7.960570825797901329e-41
-4.485224475339959477e-58
0
0
AT 51/256
0.8193706364007008469
-2.6310356812541586439e-17
0
0
DERIV 1
-0.8193706364007008469
2.6310356812541586439e-17
0
0
DERIV 2
0.4096853182003504235
-1.3155178406270793219e-17
0
0
DERIV 3
-0.13656177273345013190
-4.866799069786039840e-18
0
0
DERIV 4
0.03414044318336253298
1.2166997674465099601e-18
0
0
DERIV 5
-0.006828088636672506768
-6.986760589162128739e-20
0
0
DERIV 6
0.0011380147727787510558
8.392474581430383949e-20
0
0
DERIV 7
-0.00016257353896839303120
1.1243654294074546087e-20
0
0
DERIV 8
2.0321692371049128901e-5
-1.4054567867593182608e-21
0
0
DERIV 9
-2.257965819005458720e-6
1.0910447923690755264e-22
0
0
DERIV 10
2.2579658190054585079e-7
1.0265375757666752331e-23
0
0
DERIV 11
-2.0526961990958714310e-8
-3.316300779311391590e-25
0
0
DERIV 12
1.7105801659132261236e-9
9.656755754034723998e-26
0
0
DERIV 13
-1.3158308968563278669e-10
5.253860791370171857e-28
0
0
DERIV 14
9.398792120402342137e-12
-2.683257390658772529e-28
0
0
DERIV 15
-6.265861413601561156e-13
-9.038069627152052484e-30
0
0
DERIV 16
3.916163383500975722e-14
5.648793516970032803e-31
0
0
DERIV 17
-2.3036255197064565160e-15
1.7558792481162057520e-31
0
0
DERIV 18
1.2797919553924757327e-16
1.2015167496462430245e-33
0
0
DERIV 19
-6.735747133644609565e-18
3.827671055609260226e-34
0
0
DERIV 20
3.367873566822304686e-19
-9.508705556110122934e-36
0
0
DERIV 21
-1.6037493175344307314e-20
-2.636962921150074882e-37
0
0
DERIV 22
7.289769625156503239e-22
2.0535244920298795923e-38
0
0
DERIV 23
-3.169465054415870973e-23
-8.928367356651650472e-40
0
0
DERIV 24
1.3206104393399463614e-24
-8.524579755793974524e-41
0
0
DERIV 25
-5.282441757359785308e-26
2.0322994599477213814e-42
0
0
DERIV 26
2.0317083682153018483e-27
1.1499823985355472620e-43
0
0
DERIV 27
-7.524845808204822200e-29
1.1384000161565276664e-45
0
0
DERIV 28
2.6874449315017222643e-30
-9.070351716004802911e-47
0
0
DERIV 29
-9.267051487936972608e-32
-4.044887022005759081e-48
0
0
DERIV 30
3.089017162645657855e-33
-1.8447672329882232702e-49
0
0
DERIV 31
-9.964571492405346748e-35
-5.774815395926331526e-51
0
0
DERIV 32
3.113928591376670859e-36
1.8046298112269786018e-52
0
0
DERIV 33
-9.436147246595972236e-38
-6.101331982433124887e-54
0
0
DERIV 34
2.7753374254694038099e-39
-3.166185095191917492e-56
0
0
DERIV 35
-7.929535501341153451e-41
-2.0084580388730791336e-57
0
0
AT 13/64
0.8161762130223397804
6.554697808700811096e-18
0
0
DERIV 1
-0.8161762130223397804
-6.554697808700811096e-18
0
0
DERIV 2
0.4080881065111698902
3.2773489043504055479e-18
0
0
DERIV 3
-0.13602936883705663007
-1.0924496347834684518e-18
0
0
DERIV 4
0.03400734220926415752
2.731124086958671129e-19
0
0
DERIV 5
-0.006801468441852831850
2.923222134561879963e-19
0
0
DERIV 6
0.0011335780736421384972
9.583992075536925849e-20
0
0
DERIV 7
-0.00016193972480601980467
5.669335829331256538e-21
0
0
DERIV 8
2.0242465600752475584e-5
-7.086669786664070672e-22
0
0
DERIV 9
-2.249162844528052937e-6
1.7285554732452303992e-22
0
0
DERIV 10
2.2491628445280528309e-7
-6.697642891773550048e-24
0
0
DERIV 11
-2.0446934950255025736e-8
6.088766265248681778e-25
0
0
DERIV 12
1.7039112458545853401e-9
8.712371654843226050e-26
0
0
DERIV 13
-1.3107009583496810706e-10
-2.7249944818360023158e-27
0
0
DERIV 14
9.362149702497722625e-12
-4.977520229656993392e-28
0
0
DERIV 15
-6.241433134998481010e-13
-4.086427543903235331e-29
0
0
DERIV 16
3.900895709374050631e-14
2.5540172149395220817e-30
0
0
DERIV 17
-2.2946445349259122752e-15
-1.1025558780969802242e-32
0
0
DERIV 18
1.2748025194032846247e-16
-2.1265693219635240857e-33
0
0
DERIV 19
-6.709486944227813449e-18
-2.529883409384486767e-34
0
0
DERIV 20
3.354743472113906628e-19
2.2279066768858612565e-35
0
0
DERIV 21
-1.5974968914828127232e-20
-6.310128645020687859e-37
0
0
DERIV 22
7.261349506740058174e-22
-5.513796364736144785e-39
0
0
DERIV 23
-3.157108481191329692e-23
7.508147770851748122e-40
0
0
DERIV 24
1.3154618671630539160e-24
9.116337916543932817e-41
0
0
DERIV 25
-5.261847468652215985e-26
-4.322928010878809167e-43
0
0
DERIV 26
2.0237874879431599667e-27
4.422144672393027950e-44
0
0
DERIV 27
-7.495509214604296173e-29
-1.6378313601455658266e-45
0
0
DERIV 28
2.6769675766443914404e-30
1.0854035087394224912e-46
0
0
DERIV 29
-9.230922678084108604e-32
-1.8552458486639337358e-48
0
0
DERIV 30
3.0769742260280364293e-33
-1.6623439363906956935e-49
0
0
DERIV 31
-9.925723309767858691e-35
-2.2248032531949563331e-51
0
0
DERIV 32
3.101788534302455841e-36
6.952510166234238541e-53
0
0
DERIV 33
-9.399359194855926822e-38
-1.7904428640468107270e-54
0
0
DERIV 34
2.7645174102517431638e-39
7.185215620137243954e-56
0
0
DERIV 35
-7.898621172147838310e-41
4.938478895673492437e-57
0
0
AT 53/256
0.8129942435204869922
9.946126775526018394e-18
0
0
DERIV 1
-0.8129942435204869922
-9.946126775526018394e-18
0
0
DERIV 2
0.4064971217602434961
4.973063387763009197e-18
0
0
DERIV 3
-0.13549904058674783203
-1.6576877959210031298e-18
0
0
DERIV 4
0.03387476014668695801
4.144219489802507825e-19
0
0
DERIV 5
-0.006774952029337391775
9.058795780163055776e-20
0
0
DERIV 6
0.0011291586715562319625
-1.5097992966938426294e-20
0
0
DERIV 7
-0.00016130838165089028810
9.901157370173378285e-21
0
0
DERIV 8
2.0163547706361286012e-5
-1.2376446712716722856e-21
0
0
DERIV 9
-2.240394189595698116e-6
-1.9188562712426432757e-22
0
0
DERIV 10
2.2403941895956984340e-7
-1.2575172809609830546e-23
0
0
DERIV 11
-2.0367219905415437602e-8
-1.5639390220271968195e-24
0
0
DERIV 12
1.6972683254512865358e-9
6.139653412284744020e-26
0
0
DERIV 13
-1.3055910195779127198e-10
-4.722810317142110398e-27
0
0
DERIV 14
9.325650139842234636e-12
-5.858490538570676572e-28
0
0
DERIV 15
-6.217100093228156155e-13
1.2130151358927306494e-29
0
0
DERIV 16
3.885687558267597597e-14
-7.581344599329566559e-31
0
0
DERIV 17
-2.2856985636868222086e-15
1.3740331002205766790e-31
0
0
DERIV 18
1.2698325353815677841e-16
3.322884237955294133e-33
0
0
DERIV 19
-6.683329133587198864e-18
-1.7488864410291019729e-34
0
0
DERIV 20
3.341664566793599528e-19
-8.852175167906692002e-37
0
0
DERIV 21
-1.5912688413302855756e-20
9.019433688295716502e-37
0
0
DERIV 22
7.233040187864933921e-22
1.0296873089082924389e-38
0
0
DERIV 23
-3.144800081680406104e-23
6.339436604956308903e-41
0
0
DERIV 24
1.3103333673668358766e-24
-2.6414319187317955885e-42
0
0
DERIV 25
-5.241333469467343598e-26
1.0240122383291839646e-42
0
0
DERIV 26
2.0158974882566705044e-27
7.099411602338620986e-44
0
0
DERIV 27
-7.466286993543224256e-29
-9.686135246293356885e-46
0
0
DERIV 28
2.6665310691225801916e-30
-6.549940728643923325e-47
0
0
DERIV 29
-9.194934721112345677e-32
4.146125122383703346e-48
0
0
DERIV 30
3.0649782403707819152e-33
-1.6101176293891018613e-49
0
0
DERIV 31
-9.887026581841230467e-35
-9.980478259268265592e-51
0
0
DERIV 32
3.089695806825384521e-36
3.1188994560213329975e-52
0
0
DERIV 33
-9.362714566137530275e-38
4.785817457386680091e-54
0
0
DERIV 34
2.7537395782757440066e-39
5.116138266505424119e-56
0
0
DERIV 35
-7.867827366502125762e-41
-1.1704455552516157228e-57
0
0
AT 27/128
0.8098246793420792455
5.000811407538222672e-17
0
0
DERIV 1
-0.8098246793420792455
-5.000811407538222672e-17
0
0
DERIV 2
0.4049123396710396228
2.5004057037691113359e-17
0
0
DERIV 3
-0.13497077989034655943
1.0169031397855571734e-17
0
0
DERIV 4
0.03374269497258663986
-2.5422578494638929335e-18
0
0
DERIV 5
-0.006748538994517327104
-3.589101680956249798e-19
0
0
DERIV 6
0.0011247564990862213286
-8.474192831546310260e-20
0
0
DERIV 7
-0.00016067949986946016656
-1.1126913936766081002e-20
0
0
DERIV 8
2.0084937483682520820e-5
1.3908642420957601253e-21
0
0
DERIV 9
-2.231659720409169168e-6
3.368907249031561437e-23
0
0
DERIV 10
2.2316597204091691153e-7
1.9250486713078154616e-24
0
0
DERIV 11
-2.0287815640083356195e-8
4.265814753742186798e-25
0
0
DERIV 12
1.6906513033402795451e-9
1.0231497914431972249e-25
0
0
DERIV 13
-1.3005010025694459232e-10
4.060106593028690121e-27
0
0
DERIV 14
9.289292875496042539e-12
-5.208057757724253069e-28
0
0
DERIV 15
-6.192861916997361222e-13
-1.2400906353706750731e-29
0
0
DERIV 16
3.870538698123350764e-14
7.750566471066719207e-31
0
0
DERIV 17
-2.2767874694843241178e-15
9.361918050331549781e-32
0
0
DERIV 18
1.2648819274912911765e-16
-5.201065583517527884e-33
0
0
DERIV 19
-6.657273302585742548e-18
-2.128104289232212697e-34
0
0
DERIV 20
3.328636651292871467e-19
-8.618777997711293974e-36
0
0
DERIV 21
-1.5850650720442243359e-20
-1.3091623075975893699e-36
0
0
DERIV 22
7.204841236564656842e-22
-1.7434070799386572009e-38
0
0
DERIV 23
-3.132539668071590085e-23
2.2912565793067475787e-39
0
0
DERIV 24
1.3052248616964957461e-24
2.697830407287379623e-41
0
0
DERIV 25
-5.220899446785982525e-26
-5.670906970814512274e-42
0
0
DERIV 26
2.0080382487638397363e-27
-8.543099924087913496e-44
0
0
DERIV 27
-7.437178699125332066e-29
2.5771426809960645763e-46
0
0
DERIV 28
2.6561352496876187452e-30
-1.5934320218121633843e-46
0
0
DERIV 29
-9.159087067888339670e-32
-2.810516254296951301e-48
0
0
DERIV 30
3.0530290226294466251e-33
2.526109856487150214e-50
0
0
DERIV 31
-9.848480718159505380e-35
5.646173160194718631e-52
0
0
DERIV 32
3.077650224424845431e-36
-1.7644291125608495723e-53
0
0
DERIV 33
-9.326212801287410366e-38
2.1829709020638958811e-55
0
0
DERIV 34
2.7430037650845323839e-39
7.034778520567706271e-56
0
0
DERIV 35
-7.837153614527235674e-41
9.031456316228536875e-58
0
0
AT 55/256
0.8066674721233439982
-4.694978210131909052e-17
0
0
DERIV 1
-0.8066674721233439982
4.694978210131909052e-17
0
0
DERIV 2
0.4033337360616719991
-2.3474891050659545262e-17
0
0
DERIV 3
-0.13444457868722398119
-1.0678753393532760073e-17
0
0
DERIV 4
0.03361114467180599530
2.6696883483831900182e-18
0
0
DERIV 5
-0.006722228934361199754
1.5995172071408482449e-19
0
0
DERIV 6
0.0011203714890601998867
4.562152471335282485e-20
0
0
DERIV 7
-0.00016005306986574283708
-1.0389511289355776529e-20
0
0
DERIV 8
2.0006633733217854635e-5
1.2986889111694720661e-21
0
0
DERIV 9
-2.222959303690872690e-6
-1.9135615386629135429e-22
0
0
DERIV 10
2.2229593036908727960e-7
8.547703545950381485e-24
0
0
DERIV 11
-2.0208720942644298447e-8
-4.762710087034791873e-25
0
0
DERIV 12
1.6840600785536916751e-9
-9.817418470021467637e-26
0
0
DERIV 13
-1.2954308296566859437e-10
1.1528690229598376947e-26
0
0
DERIV 14
9.253077354690612960e-12
9.971477439590569520e-29
0
0
DERIV 15
-6.168718236460408640e-13
-6.647651626393712640e-30
0
0
DERIV 16
3.855448897787755400e-14
4.154782266496070400e-31
0
0
DERIV 17
-2.2679111163457383314e-15
-1.6365064366544956011e-31
0
0
DERIV 18
1.2599506201920769604e-16
-1.8646990355446328847e-33
0
0
DERIV 19
-6.631319053642510237e-18
1.7050267370254960405e-35
0
0
DERIV 20
3.315659526821254926e-19
1.8406786075359609842e-35
0
0
DERIV 21
-1.5788854889625024172e-20
-1.6002182784925382698e-37
0
0
DERIV 22
7.176752222556829511e-22
-2.692247984895500620e-38
0
0
DERIV 23
-3.120327053285578125e-23
1.9371693526647530346e-39
0
0
DERIV 24
1.3001362722023240963e-24
4.173193851629023727e-41
0
0
DERIV 25
-5.200545088809296247e-26
-3.046809983021477537e-42
0
0
DERIV 26
2.0002096495420372666e-27
-1.3116820540720305103e-43
0
0
DERIV 27
-7.408183887192729953e-29
-1.7851110380138346519e-45
0
0
DERIV 28
2.6457799597116892688e-30
6.375396564335123201e-47
0
0
DERIV 29
-9.123379171419618470e-32
8.216271854120633308e-49
0
0
DERIV 30
3.0411263904732060884e-33
4.103520373129143243e-50
0
0
DERIV 31
-9.810085130558729800e-35
3.504503872060371619e-51
0
0
DERIV 32
3.065651603299603063e-36
-1.0951574600188661310e-52
0
0
DERIV 33
-9.289853343332129955e-38
-2.0597738038688864067e-54
0
0
DERIV 34
2.7323098068623911823e-39
4.138951050203041094e-56
0
0
DERIV 35
-7.806599448178261104e-41
4.643607260654956651e-57
0
0
AT 7/32
0.8035225736890607706
-3.661886830920417176e-17
0
0
DERIV 1
-0.8035225736890607706
3.661886830920417176e-17
0
0
DERIV 2
0.4017612868445303853
-1.8309434154602085879e-17
0
0
DERIV 3
-0.13392042894817679510
6.103144718200695293e-18
0
0
DERIV 4
0.03348010723704419878
-1.5257861795501738233e-18
0
0
DERIV 5
-0.006696021447408839061
-3.887321544806880731e-19
0
0
DERIV 6
0.0011160035745681399881
-7.977159725128590834e-20
0
0
DERIV 7
-0.00015942908208116285157
7.523791848449756999e-21
0
0
DERIV 8
1.9928635260145356446e-5
-9.404739810562196248e-22
0
0
DERIV 9
-2.214292806682817477e-6
1.9861188092339110971e-22
0
0
DERIV 10
2.2142928066828173182e-7
-3.979320331320980349e-24
0
0
DERIV 11
-2.0129934606207429263e-8
-5.406224563013956387e-25
0
0
DERIV 12
1.6774945505172858409e-9
-2.3879846354302670640e-26
0
0
DERIV 13
-1.2903804234748352622e-10
1.8369112580232823293e-27
0
0
DERIV 14
9.217003024820252335e-12
-5.928042709709865156e-28
0
0
DERIV 15
-6.144668683213501152e-13
-8.693936159167041668e-31
0
0
DERIV 16
3.840417927008438220e-14
5.433710099479401043e-32
0
0
DERIV 17
-2.2590693688284930012e-15
-7.280167404860657683e-32
0
0
DERIV 18
1.2550385382380517495e-16
-4.172763648907396558e-33
0
0
DERIV 19
-6.605465990726587669e-18
-2.669315833763860831e-34
0
0
DERIV 20
3.302732995363293931e-19
3.716929446883124489e-36
0
0
DERIV 21
-1.5727299977920447432e-20
-3.369828137038419937e-38
0
0
DERIV 22
7.148772717236566758e-22
2.717888953477646426e-38
0
0
DERIV 23
-3.108162050972420406e-23
-4.150640988018326444e-40
0
0
DERIV 24
1.2950675212385085638e-24
-4.392932665525111589e-41
0
0
DERIV 25
-5.180270084954034531e-26
4.512237950949781186e-42
0
0
DERIV 26
1.9924115711361668513e-27
1.0240039178435702672e-43
0
0
DERIV 27
-7.379302115319136320e-29
-5.453405283064857890e-45
0
0
DERIV 28
2.6354650411854061790e-30
-1.5556014168603077443e-46
0
0
DERIV 29
-9.087810486846227864e-32
1.9665980487307610199e-48
0
0
DERIV 30
3.0292701622820759545e-33
-6.555326829102536923e-50
0
0
DERIV 31
-9.771839233167987640e-35
9.012078874141967689e-51
0
0
DERIV 32
3.053699760364996137e-36
-2.8162746481693649029e-52
0
0
DERIV 33
-9.253635637469684253e-38
-1.5899431498359984094e-54
0
0
DERIV 34
2.7216575404322599591e-39
1.6191546560691508660e-55
0
0
DERIV 35
-7.776164401235029212e-41
2.947857954443570653e-57
0
0
AT 57/256
0.8003899360518268447
-5.164115991471758507e-17
0
0
DERIV 1
-0.8003899360518268447
5.164115991471758507e-17
0
0
DERIV 2
0.4001949680259134223
-2.5820579957358792534e-17
0
0
DERIV 3
-0.13339832267530446486
-6.449985527567070884e-19
0
0
DERIV 4
0.03334958066882611621
1.6124963818917677210e-19
0
0
DERIV 5
-0.006669916133765223416
1.4122241995984534539e-19
0
0
DERIV 6
0.0011116526889608706417
-9.581721482567451582e-20
0
0
DERIV 7
-0.00015880752699441006456
-1.3416880765612679804e-20
0
0
DERIV 8
1.9850940874301258070e-5
1.6771100957015849755e-21
0
0
DERIV 9
-2.205660097144584606e-6
1.9011352147951293381e-22
0
0
DERIV 10
2.2056600971445844477e-7
-3.1294843869331626849e-24
0
0
DERIV 11
-2.0051455428587131944e-8
8.860844806688530985e-25
0
0
DERIV 12
1.6709546190489275931e-9
-4.908655676318784587e-27
0
0
DERIV 13
-1.2853497069607135530e-10
2.3660038322000690487e-27
0
0
DERIV 14
9.181069335433668697e-12
-6.305965976978998912e-28
0
0
DERIV 15
-6.120712890289111590e-13
-4.547119657265758428e-29
0
0
DERIV 16
3.825445556430694744e-14
2.8419497857910990178e-30
0
0
DERIV 17
-2.2502620920180557084e-15
-1.9037530814127087767e-31
0
0
DERIV 18
1.2501456066766978349e-16
-1.1336396914957500782e-32
0
0
DERIV 19
-6.579713719351040871e-18
2.317394271138658908e-34
0
0
DERIV 20
3.289856859675520339e-19
-1.9573216337571151412e-36
0
0
DERIV 21
-1.5665985046073905231e-20
-1.0531810795753967867e-36
0
0
DERIV 22
7.120902293669957094e-22
3.077376760510294568e-38
0
0
DERIV 23
-3.096044475508677279e-23
1.4729748560922986330e-39
0
0
DERIV 24
1.2900185314619488049e-24
-1.5028823185163316565e-43
0
0
DERIV 25
-5.160074125847795288e-26
6.947777504589994205e-43
0
0
DERIV 26
1.9846438945568443969e-27
-8.191182222798508005e-44
0
0
DERIV 27
-7.350532942803126732e-29
-3.609421526133018682e-45
0
0
DERIV 28
2.6251903367154024041e-30
1.2890791164760780173e-46
0
0
DERIV 29
-9.052380471432422272e-32
-2.5575755305144705147e-48
0
0
DERIV 30
3.0174601571441408714e-33
-2.878544328011799708e-50
0
0
DERIV 31
-9.733742442400454079e-35
-2.5201659717280589350e-51
0
0
DERIV 32
3.041794513250141900e-36
7.875518661650184172e-53
0
0
DERIV 33
-9.217559131061036724e-38
4.257425560856017806e-54
0
0
DERIV 34
2.7110468032532458650e-39
1.0508646472771211091e-55
0
0
DERIV 35
-7.745848009294988681e-41
1.9497695772428198204e-57
0
0
AT 29/128
0.7972695114113244053
2.6020337682703143416e-17
0
0
DERIV 1
-0.7972695114113244053
-2.6020337682703143416e-17
0
0
DERIV 2
0.3986347557056622026
1.3010168841351571708e-17
0
0
DERIV 3
-0.13287825190188740088
-4.336722947117190569e-18
0
0
DERIV 4
0.03321956297547185022
1.0841807367792976423e-18
0
0
DERIV 5
-0.006643912595094370564
3.035808954371826095e-19
0
0
DERIV 6
0.0011073187658490616161
9.396347375853681894e-20
0
0
DERIV 7
-0.00015818839512129453983
9.809550302041262877e-21
0
0
DERIV 8
1.9773549390161817478e-5
-1.2261937877551578597e-21
0
0
DERIV 9
-2.197061043351312771e-6
-1.4610056155641590117e-22
0
0
DERIV 10
2.1970610433513128767e-7
4.022144314962836172e-24
0
0
DERIV 11
-1.9973282212284661312e-8
-1.5688212832555708322e-24
0
0
DERIV 12
1.6644401843570552472e-9
-7.128328487540379813e-27
0
0
DERIV 13
-1.2803386033515810190e-10
6.513577762645132972e-27
0
0
DERIV 14
9.145275738225578707e-12
-4.652555544746523423e-28
0
0
DERIV 15
-6.096850492150385872e-13
3.774865002286278948e-29
0
0
DERIV 16
3.810531557593991170e-14
-2.3592906264289243426e-30
0
0
DERIV 17
-2.2414891515258769037e-15
-1.1643790307568475073e-31
0
0
DERIV 18
1.2452717508477093362e-16
1.1946973123795068133e-32
0
0
DERIV 19
-6.554061846566891851e-18
-2.0599655656402760168e-35
0
0
DERIV 20
3.277030923283446022e-19
-8.599666939116041791e-36
0
0
DERIV 21
-1.5604909158492599388e-20
-3.069838453052018701e-37
0
0
DERIV 22
7.093140526587545775e-22
-4.588953761889819050e-38
0
0
DERIV 23
-3.083974141994585145e-23
2.2507395379569402930e-39
0
0
DERIV 24
1.2849892258310769601e-24
8.989017823444324425e-41
0
0
DERIV 25
-5.139956903324308253e-26
5.369901977318747758e-43
0
0
DERIV 26
1.9769065012785799043e-27
1.7251013455416421563e-43
0
0
DERIV 27
-7.321875930661407676e-29
-1.6127106796985808320e-46
0
0
DERIV 28
2.6149556895219314129e-30
-9.433306645284915190e-47
0
0
DERIV 29
-9.017088584558383956e-32
9.878345150904600838e-49
0
0
DERIV 30
3.0056961948527946520e-33
-3.292781716968200501e-50
0
0
DERIV 31
-9.695794176944498463e-35
-3.076286739185270689e-51
0
0
DERIV 32
3.029935680295155770e-36
9.613396059953970902e-53
0
0
DERIV 33
-9.181623273621684214e-38
-2.2803935243013460725e-54
0
0
DERIV 34
2.7004774334181423968e-39
8.626246973827055658e-56
0
0
DERIV 35
-7.715649809766121600e-41
2.1962897703340731587e-57
0
0
AT 59/256
0.7941612521535916791
5.060498772988519880e-17
0
0
DERIV 1
-0.7941612521535916791
-5.060498772988519880e-17
0
0
DERIV 2
0.3970806260767958396
2.5302493864942599399e-17
0
0
DERIV 3
-0.13236020869226527985
-8.434164621647533647e-18
0
0
DERIV 4
0.03309005217306631996
2.1085411554118834117e-18
0
0
DERIV 5
-0.006618010434613264339
-7.476353588701522493e-20
0
0
DERIV 6
0.0011030017391022107955
-5.981955551786442879e-20
0
0
DERIV 7
-0.00015757167701460153835
4.673500172246687847e-21
0
0
DERIV 8
1.9696459626825192293e-5
-5.841875215308359809e-22
0
0
DERIV 9
-2.188495514091687844e-6
-1.2331981921975164347e-22
0
0
DERIV 10
2.1884955140916878444e-7
1.2331981921975163466e-23
0
0
DERIV 11
-1.9895413764469889494e-8
-1.1210892656341058364e-24
0
0
DERIV 12
1.6579511470391574578e-9
9.342410546950881205e-26
0
0
DERIV 13
-1.2753470361839674145e-10
6.732434886651230472e-27
0
0
DERIV 14
9.109621687028338905e-12
-7.116863681740353448e-28
0
0
DERIV 15
-6.073081124685559136e-13
3.398253176249708444e-29
0
0
DERIV 16
3.795675702928474460e-14
-2.1239082351560677773e-30
0
0
DERIV 17
-2.2327504134873376855e-15
-1.0708213476170537407e-31
0
0
DERIV 18
1.2404168963818542697e-16
5.949007486761408987e-33
0
0
DERIV 19
-6.528509980957128181e-18
1.3289917202854888585e-34
0
0
DERIV 20
3.264254990478564187e-19
-1.6274608323363621954e-35
0
0
DERIV 21
-1.5544071383231256457e-20
-8.013005997996187907e-37
0
0
DERIV 22
7.065486992377844186e-22
2.2265552396979417150e-39
0
0
DERIV 23
-3.071950866251236449e-23
-1.6300602506246334593e-39
0
0
DERIV 24
1.2799795276046819763e-24
-5.452815110129522807e-41
0
0
DERIV 25
-5.119918110418727836e-26
1.4923598228668749088e-42
0
0
DERIV 26
1.9691992732379723276e-27
-1.4018285631037669267e-43
0
0
DERIV 27
-7.293330641622119483e-29
2.7007603712142767760e-45
0
0
DERIV 28
2.6047609434364709936e-30
1.5377614108606458654e-46
0
0
DERIV 29
-8.981934287711969585e-32
1.1149590071405231788e-48
0
0
DERIV 30
2.9939780959039896792e-33
1.4529543730427645141e-49
0
0
DERIV 31
-9.657993857754806451e-35
5.659236384089903800e-51
0
0
DERIV 32
3.018123080548377016e-36
-1.7685113700280949376e-52
0
0
DERIV 33
-9.145827516813262799e-38
-3.499469792834072651e-54
0
0
DERIV 34
2.6899492696509598963e-39
-1.4657135339894145549e-55
0
0
DERIV 35
-7.685569341859884923e-41
-7.644870437791244590e-58
0
0
AT 15/64
0.7910651108502959605
5.426586044764941723e-17
0
0
DERIV 1
-0.7910651108502959605
-5.426586044764941723e-17
0
0
DERIV 2
0.3955325554251479803
2.7132930223824708613e-17
0
0
DERIV 3
-0.13184418514171600267
2.0754846393473538320e-19
0
0
DERIV 4
0.03296104628542900067
-5.188711598368384580e-20
0
0
DERIV 5
-0.006592209257085800481
3.573221183920982025e-19
0
0
DERIV 6
0.0010987015428476332689
8.500660326605089881e-20
0
0
DERIV 7
-0.00015695736326394761758
-4.399499234539381800e-21
0
0
DERIV 8
1.9619670407993452198e-5
5.499374043174227249e-22
0
0
DERIV 9
-2.179963378665939227e-6
3.301061588187528980e-23
0
0
DERIV 10
2.1799633786659392272e-7
-3.3010615881875294213e-24
0
0
DERIV 11
-1.9817848896963084786e-8
1.2024753580748965519e-24
0
0
DERIV 12
1.6514874080802569966e-9
-3.127456212682240259e-26
0
0
DERIV 13
-1.2703749292925054615e-10
1.0359395284303912127e-26
0
0
DERIV 14
9.074106637803609286e-12
4.140340039016006507e-28
0
0
DERIV 15
-6.049404425202406190e-13
-2.760226692677337671e-29
0
0
DERIV 16
3.780877765751503869e-14
1.7251416829233360447e-30
0
0
DERIV 17
-2.2240457445597082278e-15
-3.187354853481285138e-32
0
0
DERIV 18
1.2355809691998378496e-16
7.248953427079963070e-33
0
0
DERIV 19
-6.503057732630725686e-18
-2.193402903189676484e-34
0
0
DERIV 20
3.251528866315362747e-19
2.0596664237884561688e-35
0
0
DERIV 21
-1.5483470791977917985e-20
-8.374951761799764285e-37
0
0
DERIV 22
7.037941269080872153e-22
3.871763256986928871e-39
0
0
DERIV 23
-3.059974464817770246e-23
-2.7237600347000566365e-39
0
0
DERIV 24
1.2749893603407377861e-24
-7.018099087014672654e-41
0
0
DERIV 25
-5.099957441362950662e-26
-2.0141239134886694690e-42
0
0
DERIV 26
1.9615220928319040733e-27
1.0506110489319138647e-43
0
0
DERIV 27
-7.264896640118163899e-29
2.7520406866809335583e-45
0
0
DERIV 28
2.5946059428993441996e-30
-4.824079365557558745e-47
0
0
DERIV 29
-8.946917044480497315e-32
2.4184855917465811157e-48
0
0
DERIV 30
2.9823056814934989683e-33
5.622936676516771196e-50
0
0
DERIV 31
-9.620340908043544921e-35
-3.193342004085252652e-51
0
0
DERIV 32
3.0063565337636077878e-36
9.979193762766414537e-53
0
0
DERIV 33
-9.110171314435175558e-38
1.4052994683485696346e-54
0
0
DERIV 34
2.6794621513044632266e-39
1.3139631037794419259e-55
0
0
DERIV 35
-7.655606146584181492e-41
4.693758523663970001e-57
0
0
AT 61/256
0.7879810402580101902
-3.145150352441823405e-17
0
0
DERIV 1
-0.7879810402580101902
3.145150352441823405e-17
0
0
DERIV 2
0.3939905201290050951
-1.5725751762209117027e-17
0
0
DERIV 3
-0.13133017337633501320
-1.3261799823016236151e-17
0
0
DERIV 4
0.03283254334408375330
3.3154499557540590378e-18
0
0
DERIV 5
-0.006566508668816751527
2.0427174683759172520e-19
0
0
DERIV 6
0.0010944181114694586602
-1.0632543597196558715e-19
0
0
DERIV 7
-0.00015634544449563694758
1.1317197379975424110e-20
0
0
DERIV 8
1.9543180561954618448e-5
-1.4146496724969280138e-21
0
0
DERIV 9
-2.171464506883846353e-6
1.6011139068386397631e-23
0
0
DERIV 10
2.1714645068838462472e-7
8.986797933840114475e-24
0
0
DERIV 11
-1.9740586426216786472e-8
1.5893619698051609943e-24
0
0
DERIV 12
1.6450488688513986658e-9
7.434832232116016537e-26
0
0
DERIV 13
-1.2654222068087681448e-10
-1.1684346519077424389e-26
0
0
DERIV 14
9.038730048634058870e-12
1.4220169398011649756e-28
0
0
DERIV 15
-6.025820032422706115e-13
1.0714726241650134780e-29
0
0
DERIV 16
3.766137520264191322e-14
-6.696703901031334238e-31
0
0
DERIV 17
-2.2153750119201125191e-15
1.6190584558389855791e-32
0
0
DERIV 18
1.2307638955111736765e-16
-6.377677650612019023e-33
0
0
DERIV 19
-6.477704713216703480e-18
2.545754576369594759e-34
0
0
DERIV 20
3.238852356608351643e-19
-3.099123159911793592e-36
0
0
DERIV 21
-1.5423106460039769874e-20
2.908756522865166482e-37
0
0
DERIV 22
7.010502936381713408e-22
3.876479089846151817e-39
0
0
DERIV 23
-3.048044754948570996e-23
-6.796270694812620745e-40
0
0
DERIV 24
1.2700186478952379150e-24
2.831779456171925140e-41
0
0
DERIV 25
-5.080074591580952050e-26
2.7702968042458565499e-42
0
0
DERIV 26
1.9538748429157505678e-27
1.1420852713956132965e-43
0
0
DERIV 27
-7.236573492280558572e-29
4.904444540059499367e-45
0
0
DERIV 28
2.5844905329573420468e-30
1.2511950878176439215e-46
0
0
DERIV 29
-8.912036320542559046e-32
-1.6719310004827918326e-48
0
0
DERIV 30
2.9706787735141864400e-33
-3.549933542172055378e-50
0
0
DERIV 31
-9.582834753271568575e-35
-4.717698866598346703e-51
0
0
DERIV 32
2.9946358603973651797e-36
1.4742808958119833446e-52
0
0
DERIV 33
-9.074654122416258975e-38
4.074698892010240014e-54
0
0
DERIV 34
2.6690159183577231510e-39
-4.307579720031854125e-56
0
0
DERIV 35
-7.625759766736351452e-41
-2.847578229632834101e-57
0
0
AT 31/128
0.7849089933174917544
-5.313807232301296183e-17
0
0
DERIV 1
-0.7849089933174917544
5.313807232301296183e-17
0
0
DERIV 2
0.3924544966587458772
-2.6569036161506480914e-17
0
0
DERIV 3
-0.13081816555291528315
-3.955131513741440704e-19
0
0
DERIV 4
0.03270454138822882079
9.887828784353601760e-20
0
0
DERIV 5
-0.006540908277645763810
-3.667203527640686128e-19
0
0
DERIV 6
0.0010901513796076273740
-1.1160086038355524799e-20
0
0
DERIV 7
-0.00015573591137251819629
1.5942980054793607393e-21
0
0
DERIV 8
1.9466988921564774536e-5
-1.9928725068492009241e-22
0
0
DERIV 9
-2.162998769062752820e-6
1.1625779977102449239e-22
0
0
DERIV 10
2.1629987690627527674e-7
-6.331824056763071973e-24
0
0
DERIV 11
-1.9663625173297752431e-8
5.756203687966428982e-25
0
0
DERIV 12
1.6386354311081458980e-9
8.989507135911769664e-26
0
0
DERIV 13
-1.2604887931601122094e-10
-8.903420423184600662e-27
0
0
DERIV 14
9.003491379715087441e-12
4.051604396713811776e-28
0
0
DERIV 15
-6.002327586476725028e-13
-2.0279082920206114464e-29
0
0
DERIV 16
3.751454741547953142e-14
1.2674426825128821540e-30
0
0
DERIV 17
-2.2067380832635017788e-15
-1.4416082590261174372e-31
0
0
DERIV 18
1.2259656018130566533e-16
-2.9474666890356221143e-33
0
0
DERIV 19
-6.452450535858192872e-18
1.1458393217266988167e-34
0
0
DERIV 20
3.226225267929096436e-19
-5.729196608633494083e-36
0
0
DERIV 21
-1.5362977466329028928e-20
-1.4467614213631988805e-36
0
0
DERIV 22
6.983171575604104913e-22
-1.9728615452384593360e-38
0
0
DERIV 23
-3.036161554610480295e-23
-1.6440311148091984577e-40
0
0
DERIV 24
1.2650673144210333949e-24
6.807379375036579703e-41
0
0
DERIV 25
-5.060269257684133970e-26
1.1800568366999944316e-42
0
0
DERIV 26
1.9462574068015898228e-27
1.2018200175791705274e-43
0
0
DERIV 27
-7.208360765931815072e-29
4.683204739379657449e-45
0
0
DERIV 28
2.5744145592613623256e-30
3.292818278284325452e-47
0
0
DERIV 29
-8.877291583659869899e-32
-3.022979449845911144e-48
0
0
DERIV 30
2.9590971945532901946e-33
-1.2730994026633698907e-49
0
0
DERIV 31
-9.545474821139645789e-35
4.106772266656031982e-51
0
0
DERIV 32
2.9829608816061393090e-36
-1.2833663333300099944e-52
0
0
DERIV 33
-9.039275398806482755e-38
3.888988888878818007e-54
0
0
DERIV 34
2.6586104114136713025e-39
-1.8421666319986938955e-56
0
0
DERIV 35
-7.596029746896203430e-41
-2.3867490283568572394e-57
0
0
AT 63/256
0.7818489231529648364
-5.532541976649483876e-17
0
0
DERIV 1
-0.7818489231529648364
5.532541976649483876e-17
0
0
DERIV 2
0.3909244615764824182
-2.7662709883247419378e-17
0
0
DERIV 3
-0.13030815385882746349
-3.095524412716511401e-20
0
0
DERIV 4
0.03257703846470686587
7.738811031791278504e-21
0
0
DERIV 5
-0.006515407692941373521
3.453969329890031641e-19
0
0
DERIV 6
0.0010859012821568955146
1.4713989334199769256e-20
0
0
DERIV 7
-0.00015512875459384222799
9.514453371744723543e-21
0
0
DERIV 8
1.9391094324230278499e-5
-1.1893066714680904428e-21
0
0
DERIV 9
-2.154566036025586453e-6
8.508779976010447873e-23
0
0
DERIV 10
2.1545660360255862940e-7
7.373087785007683485e-24
0
0
DERIV 11
-1.9586963963868966309e-8
-6.702807077279713010e-25
0
0
DERIV 12
1.6322469969890806636e-9
-8.200670978150700406e-26
0
0
DERIV 13
-1.2555746130685234681e-10
-5.622281159398898734e-27
0
0
DERIV 14
8.968390093346597355e-12
-7.523992985376730872e-28
0
0
DERIV 15
-5.978926728897731166e-13
9.770274888529066826e-30
0
0
DERIV 16
3.736829205561081979e-14
-6.106421805330666766e-31
0
0
DERIV 17
-2.1981348268006365509e-15
1.2872729358677002077e-31
0
0
DERIV 18
1.2211860148892425556e-16
-9.890616675726847701e-33
0
0
DERIV 19
-6.427294815206539402e-18
1.5564573031225255045e-34
0
0
DERIV 20
3.213647407603269701e-19
-7.782286515612627522e-36
0
0
DERIV 21
-1.5303082893348901618e-20
-1.3489952353165734628e-36
0
0
DERIV 22
6.955946769704046874e-22
-7.074433351634293814e-39
0
0
DERIV 23
-3.024324682480020354e-23
5.204180858795026837e-41
0
0
DERIV 24
1.2601352843666750864e-24
5.905525541416287731e-41
0
0
DERIV 25
-5.040541137466700552e-26
-2.9591155301171292784e-43
0
0
DERIV 26
1.9386696682564231238e-27
1.7695001674682887426e-43
0
0
DERIV 27
-7.180258030579346065e-29
5.071882935627042533e-45
0
0
DERIV 28
2.5643778680640519160e-30
6.909319235703725197e-47
0
0
DERIV 29
-8.842682303669145066e-32
2.902545764775503908e-48
0
0
DERIV 30
2.9475607678897150221e-33
-9.675152549251678807e-50
0
0
DERIV 31
-9.508260541579725085e-35
-4.811058962450490632e-51
0
0
DERIV 32
2.9713314192436640890e-36
1.5034559257657783225e-52
0
0
DERIV 33
-9.004034603768679912e-38
3.986289710332073643e-54
0
0
DERIV 34
2.6482454716966704855e-39
-4.047552715096070360e-56
0
0
DERIV 35
-7.566415633419057947e-41
-4.669721070685519896e-57
0
0
AT 1/4
0.7788007830714048785
-1.0231869534531497598e-17
0
0
DERIV 1
-0.7788007830714048785
1.0231869534531497598e-17
0
0
DERIV 2
0.3894003915357024392
-5.115934767265748799e-18
0
0
DERIV 3
-0.12980013051190081308
1.7053115890885829330e-18
0
0
DERIV 4
0.03245003262797520327
-4.263278972721457333e-19
0
0
DERIV 5
-0.006490006525595041001
4.322102746497905463e-19
0
0
DERIV 6
0.0010816677542658400223
7.252524388976882546e-20
0
0
DERIV 7
-0.00015452396489512001867
5.127853336968801595e-21
0
0
DERIV 8
1.9315495611890002334e-5
-6.409816671211001994e-22
0
0
DERIV 9
-2.146166179098889101e-6
2.4162799277105563445e-23
0
0
DERIV 10
2.1461661790988891541e-7
-7.710235848049933170e-24
0
0
DERIV 11
-1.9510601628171717477e-8
-1.4046201184940764204e-24
0
0
DERIV 12
1.6258834690143099965e-9
-8.974347659708387986e-26
0
0
DERIV 13
-1.2506795915494690889e-10
-7.015560184530071299e-27
0
0
DERIV 14
8.933425653924779899e-12
-1.9128304420183727217e-28
0
0
DERIV 15
-5.955617102616520067e-13
2.621542906256108405e-29
0
0
DERIV 16
3.722260689135325042e-14
-1.6384643164100677530e-30
0
0
DERIV 17
-2.1895651112560735309e-15
7.317846257644481666e-32
0
0
DERIV 18
1.2164250618089298216e-16
-1.2282771239188029150e-32
0
0
DERIV 19
-6.402237167415419505e-18
3.827324067708498026e-35
0
0
DERIV 20
3.201118583707709656e-19
7.715987688081930787e-36
0
0
DERIV 21
-1.5243421827179569936e-20
-2.241296261893749471e-37
0
0
DERIV 22
6.928828103263440965e-22
1.6386604571731345251e-39
0
0
DERIV 23
-3.012533957940626302e-23
-2.1155841082636797049e-39
0
0
DERIV 24
1.2552224824752609593e-24
8.814933784431998770e-41
0
0
DERIV 25
-5.020889929901043929e-26
-2.6076185521928874818e-42
0
0
DERIV 26
1.9311115115004014559e-27
1.5548262229467308623e-43
0
0
DERIV 27
-7.152264857408894904e-29
4.693775342335171934e-46
0
0
DERIV 28
2.5543803062174624157e-30
3.328289036040356983e-47
0
0
DERIV 29
-8.808207952474008405e-32
-3.926759260458034817e-49
0
0
DERIV 30
2.9360693174913362035e-33
-5.533357904350008932e-50
0
0
DERIV 31
-9.471191346746245439e-35
-2.0086473613082745708e-51
0
0
DERIV 32
2.9597472958582016995e-36
6.277023004088358034e-53
0
0
DERIV 33
-8.968931199570308180e-38
-1.9021281830570784555e-54
0
0
DERIV 34
2.6379209410500908524e-39
-1.5516784505121467206e-55
0
0
DERIV 35
-7.536916974428830599e-41
3.550517089641983374e-58
0
0
AT 33/128
0.7727401072945725424
-4.627828202250690501e-17
0
0
DERIV 1
-0.7727401072945725424
4.627828202250690501e-17
0
0
DERIV 2
0.3863700536472862712
-2.3139141011253452506e-17
0
0
DERIV 3
-0.12879001788242874782
-1.5388115347918198856e-18
0
0
DERIV 4
0.03219750447060718695
3.847028836979549714e-19
0
0
DERIV 5
-0.006439500894121437391
-7.694057673959098947e-20
0
0
DERIV 6
0.0010732501490202394929
8.510357428896546051e-20
0
0
DERIV 7
-0.00015332144986003422489
-5.412016217932326061e-22
0
0
DERIV 8
1.9165181232504278111e-5
6.765020272415407577e-23
0
0
DERIV 9
-2.129464581389364376e-6
1.3365546868414404417e-22
0
0
DERIV 10
2.1294645813893643228e-7
-8.071590948075027298e-24
0
0
DERIV 11
-1.9358768921721493843e-8
7.337809952795479863e-25
0
0
DERIV 12
1.6132307434767910847e-9
7.783301439456642149e-27
0
0
DERIV 13
-1.2409467257513776580e-10
-1.0540790165451323893e-26
0
0
DERIV 14
8.863905183938412305e-12
2.913172592771997072e-28
0
0
DERIV 15
-5.909270122625608742e-13
3.443175384460776213e-29
0
0
DERIV 16
3.693293826641005463e-14
-2.1519846152879851334e-30
0
0
DERIV 17
-2.1725257803770618981e-15
-1.2623417669120611635e-32
0
0
DERIV 18
1.2069587668761454442e-16
6.179501712319282780e-33
0
0
DERIV 19
-6.352414562506028654e-18
-3.252369322273306749e-34
0
0
DERIV 20
3.176207281253014423e-19
6.632196889430353411e-36
0
0
DERIV 21
-1.5124796577395307636e-20
5.439712542476181925e-37
0
0
DERIV 22
6.874907535179685033e-22
9.211833703218094410e-40
0
0
DERIV 23
-2.989090232686819375e-23
-2.0843894523136223266e-39
0
0
DERIV 24
1.2454542636195081342e-24
2.562589640774011747e-41
0
0
DERIV 25
-4.981817054478032720e-26
8.116740668502195706e-43
0
0
DERIV 26
1.9160834824915508531e-27
1.6194537035730478972e-43
0
0
DERIV 27
-7.096605490709447812e-29
-3.921978954974522708e-45
0
0
DERIV 28
2.5345019609676599828e-30
9.002430323748949536e-47
0
0
DERIV 29
-8.739661934371241735e-32
1.0482683979456716307e-48
0
0
DERIV 30
2.9132206447904137977e-33
7.909568103241129764e-50
0
0
DERIV 31
-9.397485950936819392e-35
4.345983734676269562e-51
0
0
DERIV 32
2.9367143596677560600e-36
-1.3581199170863342381e-52
0
0
DERIV 33
-8.899134423235624329e-38
3.166379704916378691e-54
0
0
DERIV 34
2.6173924774222422963e-39
6.040776086713060387e-56
0
0
DERIV 35
-7.478264221206406794e-41
6.045298566528842662e-58
0
0
AT 17/64
0.7667265960708200545
2.5682592802096573770e-17
0
0
DERIV 1
-0.7667265960708200545
-2.5682592802096573770e-17
0
0
DERIV 2
0.3833632980354100273
1.2841296401048286885e-17
0
0
DERIV 3
-0.12778776601180333317
-1.3532290672225732952e-17
0
0
DERIV 4
0.03194694150295083329
3.3830726680564332379e-18
0
0
DERIV 5
-0.006389388300590167526
1.9074720437711686592e-19
0
0
DERIV 6
0.0010648980500983613266
-1.0407134556188643992e-19
0
0
DERIV 7
-0.00015212829287119446361
3.2508832322105152849e-21
0
0
DERIV 8
1.9016036608899307951e-5
-4.063604040263144106e-22
0
0
DERIV 9
-2.112892956544367315e-6
-1.9013577378993737406e-22
0
0
DERIV 10
2.1128929565443675795e-7
-7.456202222703147896e-24
0
0
DERIV 11
-1.9208117786766976491e-8
-8.261281843961278153e-25
0
0
DERIV 12
1.6006764822305813743e-9
6.884401536634398078e-26
0
0
DERIV 13
-1.2312896017158319854e-10
1.0611625982454841269e-26
0
0
DERIV 14
8.794925726541656577e-12
-2.963769604917365922e-28
0
0
DERIV 15
-5.863283817694437382e-13
-1.3899601256647398488e-29
0
0
DERIV 16
3.664552386059023364e-14
8.687250785404624055e-31
0
0
DERIV 17
-2.1556190506229550589e-15
8.810927277191605945e-32
0
0
DERIV 18
1.1975661392349749780e-16
5.832411322616896476e-34
0
0
DERIV 19
-6.302979680184078629e-18
-2.334263695282190321e-34
0
0
DERIV 20
3.151489840092039411e-19
2.0416687544747717393e-36
0
0
DERIV 21
-1.5007094476628760244e-20
1.0491645500174131153e-36
0
0
DERIV 22
6.821406580285799427e-22
2.0703100865232492375e-38
0
0
DERIV 23
-2.965828947950347935e-23
2.6774566822751145430e-39
0
0
DERIV 24
1.2357620616459781837e-24
1.0886633115858512430e-41
0
0
DERIV 25
-4.943048246583912896e-26
1.1716558581305057051e-42
0
0
DERIV 26
1.9011724025322742458e-27
-1.0025328790765840711e-43
0
0
DERIV 27
-7.041379268638052721e-29
3.297885192335550185e-45
0
0
DERIV 28
2.5147783102278759216e-30
-6.773524028609762370e-47
0
0
DERIV 29
-8.671649345613364870e-32
-1.4393518013544383060e-48
0
0
DERIV 30
2.8905497818711216004e-33
7.078598557126801684e-50
0
0
DERIV 31
-9.324354135068134126e-35
-2.973164621032438302e-51
0
0
DERIV 32
2.9138606672087919143e-36
9.291139440726369693e-53
0
0
DERIV 33
-8.829880809723612368e-38
2.2465575749545010785e-54
0
0
DERIV 34
2.5970237675657682859e-39
-8.499006898674818305e-57
0
0
DERIV 35
-7.420067907330766764e-41
2.573294649961610808e-57
0
0
AT 35/128
0.7607598823626836593
-3.515244854872631077e-17
0
0
DERIV 1
-0.7607598823626836593
3.515244854872631077e-17
0
0
DERIV 2
0.3803799411813418296
-1.7576224274363155384e-17
0
0
DERIV 3
-0.12679331372711394321
5.858741424787718718e-18
0
0
DERIV 4
0.03169832843177848580
-1.4646853561969296796e-18
0
0
DERIV 5
-0.006339665686355696640
-2.274799715536561924e-19
0
0
DERIV 6
0.0010566109477259495123
-3.436681624009092619e-20
0
0
DERIV 7
-0.00015094442110370707706
8.781695793175505291e-21
0
0
DERIV 8
1.8868052637963384632e-5
-1.0977119741469381614e-21
0
0
DERIV 9
-2.096450293107042690e-6
7.491061116886533243e-23
0
0
DERIV 10
2.0964502931070425311e-7
8.390806644131597233e-24
0
0
DERIV 11
-1.9058639028245841793e-8
-1.6121470397339782400e-25
0
0
DERIV 12
1.5882199190204868161e-9
1.3434558664449819623e-26
0
0
DERIV 13
-1.2217076300157591887e-10
8.908647080535442549e-27
0
0
DERIV 14
8.726483071541136139e-12
2.868607136146867637e-28
0
0
DERIV 15
-5.817655381027424429e-13
1.4534017715117385933e-29
0
0
DERIV 16
3.636034613142140268e-14
-9.083761071948366208e-31
0
0
DERIV 17
-2.1388438900836117137e-15
-1.5538223331174801931e-31
0
0
DERIV 18
1.1882466056020064802e-16
1.1371446660447848076e-32
0
0
DERIV 19
-6.253929503168455727e-18
-3.085468273049091580e-35
0
0
DERIV 20
3.126964751584228056e-19
-1.7716565307347812473e-35
0
0
DERIV 21
-1.4890308340877274881e-20
-7.326359815146573453e-37
0
0
DERIV 22
6.768321973126034635e-22
-2.654171324574112250e-38
0
0
DERIV 23
-2.942748683967840839e-23
-1.9125194697215707393e-39
0
0
DERIV 24
1.2261452849866003496e-24
7.968831123839878420e-41
0
0
DERIV 25
-4.904581139946401559e-26
-1.5804112667711050511e-42
0
0
DERIV 26
1.8863773615178466431e-27
1.7116425083493577896e-43
0
0
DERIV 27
-6.986582820436470128e-29
4.455771472023191156e-45
0
0
DERIV 28
2.4952081501558820885e-30
-5.904194797762704316e-47
0
0
DERIV 29
-8.604166035020282875e-32
1.4840436948065080311e-49
0
0
DERIV 30
2.8680553450067610952e-33
-1.4179236547274210419e-49
0
0
DERIV 31
-9.251791435505680366e-35
-1.2888914455976513990e-51
0
0
DERIV 32
2.8911848235955251144e-36
4.027785767492660622e-53
0
0
DERIV 33
-8.761166132107652242e-38
2.5759996397165170417e-54
0
0
DERIV 34
2.5768135682669564840e-39
-1.8188479391675285747e-56
0
0
DERIV 35
-7.362324480762732316e-41
-4.432569158272443227e-57
0
0
AT 9/32
0.7548396019890073472
-9.844076038651083643e-18
0
0
DERIV 1
-0.7548396019890073472
9.844076038651083643e-18
0
0
DERIV 2
0.3774198009945036736
-4.922038019325541821e-18
0
0
DERIV 3
-0.12580660033150123378
1.0892537878318151007e-17
0
0
DERIV 4
0.03145165008287530845
-2.7231344695795377517e-18
0
0
DERIV 5
-0.006290330016575060995
-1.4926249647481524890e-19
0
0
DERIV 6
0.0010483883360958435715
-4.740306208656442279e-20
0
0
DERIV 7
-0.00014976976229940622450
6.771866012366345683e-21
0
0
DERIV 8
1.8721220287425778062e-5
-8.464832515457932104e-22
0
0
DERIV 9
-2.080135587491752836e-6
-1.8829062113523420337e-22
0
0
DERIV 10
2.0801355874917529415e-7
8.241150272844665217e-24
0
0
DERIV 11
-1.8910323522652298867e-8
-1.3507813793880806683e-24
0
0
DERIV 12
1.5758602935543583078e-9
4.363339723625441611e-26
0
0
DERIV 13
-1.2122002258110448323e-10
-5.344830106041271557e-27
0
0
DERIV 14
8.658573041507463549e-12
-7.982274496637551575e-29
0
0
DERIV 15
-5.772382027671642568e-13
2.551635550474960215e-29
0
0
DERIV 16
3.607738767294776605e-14
-1.5947722190468501342e-30
0
0
DERIV 17
-2.1221992748792804024e-15
1.4021371319222717034e-31
0
0
DERIV 18
1.1789995971551556695e-16
3.166750728501431670e-33
0
0
DERIV 19
-6.205261037658714496e-18
2.793337382527582149e-34
0
0
DERIV 20
3.102630518829356959e-19
1.4922262253170627050e-35
0
0
DERIV 21
-1.4774431042044556519e-20
-1.1404789936897997433e-36
0
0
DERIV 22
6.715650473656617198e-22
-8.003394510507372742e-39
0
0
DERIV 23
-2.919848032024616403e-23
2.6478539259787090714e-39
0
0
DERIV 24
1.2166033466769234400e-24
-4.910358281045207707e-41
0
0
DERIV 25
-4.866413386707693553e-26
-1.0215535113671926823e-43
0
0
DERIV 26
1.8716974564260360649e-27
-7.885534961793076278e-44
0
0
DERIV 27
-6.932212801577911310e-29
2.5053689593826750566e-45
0
0
DERIV 28
2.4757902862778252676e-30
1.1070803206844976922e-46
0
0
DERIV 29
-8.537207883716639722e-32
4.865096059997096532e-48
0
0
DERIV 30
2.8457359612388796565e-33
8.871364545408420346e-50
0
0
DERIV 31
-9.179793423351225354e-35
3.690853952029762987e-51
0
0
DERIV 32
2.8686854447972579230e-36
-1.1533918600093009333e-52
0
0
DERIV 33
-8.692986196355326755e-38
6.477212624773135969e-55
0
0
DERIV 34
2.5567606459868607142e-39
7.690973445652790462e-56
0
0
DERIV 35
-7.305030417105316210e-41
-3.362653925186247970e-57
0
0
AT 37/128
0.7489653936027156345
3.355015530164772755e-17
0
0
DERIV 1
-0.7489653936027156345
-3.355015530164772755e-17
0
0
DERIV 2
0.3744826968013578172
1.6775077650823863777e-17
0
0
DERIV 3
-0.12482756560045260574
-5.591692550274621516e-18
0
0
DERIV 4
0.031206891400113151436
1.3979231375686553790e-18
0
0
DERIV 5
-0.006241378280022630634
6.736006768163033587e-20
0
0
DERIV 6
0.0010402297133371050334
6.105346688542856694e-20
0
0
DERIV 7
-0.00014860424476244359169
6.766678623303124564e-21
0
0
DERIV 8
1.8575530595305448961e-5
-8.458348279128905705e-22
0
0
DERIV 9
-2.063947843922827427e-6
-1.4130528224698447785e-22
0
0
DERIV 10
2.0639478439228276918e-7
-1.2339251376998437517e-23
0
0
DERIV 11
-1.8763162217480251442e-8
8.209571751623933637e-25
0
0
DERIV 12
1.5635968514566874823e-9
6.945033749530516167e-26
0
0
DERIV 13
-1.2027668088128364652e-10
-1.1307578455550115971e-26
0
0
DERIV 14
8.591191491520260466e-12
8.076841753964368167e-28
0
0
DERIV 15
-5.727460994346840782e-13
-6.724320287894018643e-30
0
0
DERIV 16
3.579663121466775489e-14
4.202700179933761652e-31
0
0
DERIV 17
-2.1056841890981031822e-15
-7.112534842437575911e-32
0
0
DERIV 18
1.1698245494989461849e-16
6.690508611149389480e-33
0
0
DERIV 19
-6.156971313152348585e-18
-1.0885667076947489162e-34
0
0
DERIV 20
3.078485656576174581e-19
-2.3446115627334792146e-35
0
0
DERIV 21
-1.4659455507505591382e-20
-7.463969699062349897e-37
0
0
DERIV 22
6.663388867047996767e-22
-3.446526359755877414e-38
0
0
DERIV 23
-2.897125594368693812e-23
-2.8457285314058984933e-39
0
0
DERIV 24
1.2071356643202891495e-24
5.734835803658496625e-41
0
0
DERIV 25
-4.828542657281156759e-26
-6.868131386985522660e-43
0
0
DERIV 26
1.8571317912619832308e-27
1.6438989259115707414e-43
0
0
DERIV 27
-6.878265893562901644e-29
1.8002768143042637503e-45
0
0
DERIV 28
2.4565235334153218154e-30
1.3588989439267874167e-46
0
0
DERIV 29
-8.470770804880420959e-32
4.374260954076705697e-48
0
0
DERIV 30
2.8235902682934735162e-33
-8.963145312503104798e-51
0
0
DERIV 31
-9.108355704172494765e-35
-4.194213535880356886e-51
0
0
DERIV 32
2.8463611575539046142e-36
1.3106917299626115268e-52
0
0
DERIV 33
-8.625336841072438573e-38
-4.916307381662765677e-55
0
0
DERIV 34
2.5368637767860113449e-39
1.4459727593125782069e-56
0
0
DERIV 35
-7.248182219388604280e-41
3.956488453588275248e-57
0
0
AT 19/64
0.7431368986687583167
-9.001102395673581834e-19
0
0
DERIV 1
-0.7431368986687583167
9.001102395673581834e-19
0
0
DERIV 2
0.3715684493343791583
-4.500551197836790917e-19
0
0
DERIV 3
-0.12385614977812638149
-4.475910896010259510e-18
0
0
DERIV 4
0.030964037444531595372
1.1189777240025648775e-18
0
0
DERIV 5
-0.006192807488906318901
-3.972678923981936849e-19
0
0
DERIV 6
0.0010321345814843865558
-6.068829432668016782e-21
0
0
DERIV 7
-0.00014744779735491236124
-3.0051749827813703662e-21
0
0
DERIV 8
1.8430974669364045155e-5
3.756468728476712958e-22
0
0
DERIV 9
-2.047886074373782936e-6
9.943361644819768901e-23
0
0
DERIV 10
2.0478860743737827244e-7
1.1232462036537740164e-23
0
0
DERIV 11
-1.8617146130670754446e-8
1.3852106877417406274e-24
0
0
DERIV 12
1.5514288442225627327e-9
2.2429211447026233556e-26
0
0
DERIV 13
-1.1934068032481252983e-10
1.0205165646666650863e-26
0
0
DERIV 14
8.524334308915179317e-12
6.558485685746382461e-28
0
0
DERIV 15
-5.682889539276786144e-13
-5.045485096286185160e-29
0
0
DERIV 16
3.551805962047991340e-14
3.1534281851788657252e-30
0
0
DERIV 17
-2.0892976247341127386e-15
1.1855504148126309338e-34
0
0
DERIV 18
1.1607209026300627421e-16
-1.0962987852596345280e-32
0
0
DERIV 19
-6.109057382263487549e-18
9.356850738306551321e-36
0
0
DERIV 20
3.054528691131743871e-19
-1.0097492258851506230e-35
0
0
DERIV 21
-1.4545374719674970813e-20
4.808329647072145744e-37
0
0
DERIV 22
6.611533963488623182e-22
-3.040509367449002569e-38
0
0
DERIV 23
-2.874579984125488085e-23
-1.2334619072445367947e-39
0
0
DERIV 24
1.1977416600522867631e-24
-9.829417970138438285e-42
0
0
DERIV 25
-4.790966640209147213e-26
2.0002979015703837847e-42
0
0
DERIV 26
1.8426794770035181865e-27
-1.0452933520402655093e-43
0
0
DERIV 27
-6.824738803716733567e-29
-6.957381354280503540e-46
0
0
DERIV 28
2.4374067156131191312e-30
2.484779055100180044e-47
0
0
DERIV 29
-8.404850743493513830e-32
-5.009375080307439985e-48
0
0
DERIV 30
2.8016169144978380119e-33
9.855639276522113949e-50
0
0
DERIV 31
-9.037473917734961846e-35
1.9938545109777614296e-51
0
0
DERIV 32
2.8242105992921755768e-36
-6.230795346805504468e-53
0
0
DERIV 33
-8.558213937249017184e-38
4.735525388097993875e-54
0
0
DERIV 34
2.5171217462497106679e-39
1.2940884903235118476e-55
0
0
DERIV 35
-7.191776417856316806e-41
2.4200772521100113114e-57
0
0
AT 39/128
0.7373537614422268627
1.4920017233483322260e-17
0
0
DERIV 1
-0.7373537614422268627
-1.4920017233483322260e-17
0
0
DERIV 2
0.3686768807211134313
7.460008616741661130e-18
0
0
DERIV 3
-0.12289229357370448636
6.765188999629084384e-18
0
0
DERIV 4
0.030723073393426121591
-1.6912972499072710959e-18
0
0
DERIV 5
-0.006144614678685223971
-8.685245213907214745e-21
0
0
DERIV 6
0.0010241024464475374008
-7.083260396338242096e-20
0
0
DERIV 7
-0.00014630034949250533523
2.3746421913010293254e-21
0
0
DERIV 8
1.8287543686563166904e-5
-2.968302739126286657e-22
0
0
DERIV 9
-2.031949298507018545e-6
3.298114154584762756e-23
0
0
DERIV 10
2.0319492985070183861e-7
1.2583753606433368014e-23
0
0
DERIV 11
-1.8472266350063805014e-8
3.599871495115622875e-25
0
0
DERIV 12
1.5393555291719838201e-9
-9.893064683871582637e-26
0
0
DERIV 13
-1.1841196378246029186e-10
5.621634822802593526e-27
0
0
DERIV 14
8.457997413032878221e-12
-6.323435064705613028e-28
0
0
DERIV 15
-5.638664942021918275e-13
-1.1696670698383655011e-29
0
0
DERIV 16
3.524165588763698922e-14
7.310419186489784382e-31
0
0
DERIV 17
-2.0730385816257051787e-15
-1.1260783979297035382e-31
0
0
DERIV 18
1.1516881009031695437e-16
6.255991099609464405e-33
0
0
DERIV 19
-6.061516320542998045e-18
1.1674213977338806533e-34
0
0
DERIV 20
3.030758160271498926e-19
3.792542733266775731e-36
0
0
DERIV 21
-1.4432181715578567461e-20
9.657895986463653937e-37
0
0
DERIV 22
6.560082597990257338e-22
1.5943821557936210733e-38
0
0
DERIV 23
-2.852209825213155671e-23
2.3732973691913496534e-39
0
0
DERIV 24
1.1884207605054813460e-24
8.478360193300952769e-41
0
0
DERIV 25
-4.753683042021925682e-26
-4.066904521856667224e-43
0
0
DERIV 26
1.8283396315468944932e-27
1.5641940468679489132e-44
0
0
DERIV 27
-6.771628264988497957e-29
-2.2401293084101345062e-45
0
0
DERIV 28
2.4184386660673207990e-30
-2.0088129294267839269e-47
0
0
DERIV 29
-8.339443676094209501e-32
-8.173257833062997528e-49
0
0
DERIV 30
2.7798145586980699020e-33
-4.117858380148355012e-50
0
0
DERIV 31
-8.967143737735709534e-35
3.052705742042821120e-51
0
0
DERIV 32
2.8022324180424092293e-36
-9.539705443883816001e-53
0
0
DERIV 33
-8.491613388007300157e-38
-2.4876129421430819548e-54
0
0
DERIV 34
2.4975333494139119644e-39
-8.037148918399228484e-56
0
0
DERIV 35
-7.135809569754033834e-41
-1.1993705597422870670e-57
0
0
AT 5/16
0.7316156289466417828
8.355764680316039471e-18
0
0
DERIV 1
-0.7316156289466417828
-8.355764680316039471e-18
0
0
DERIV 2
0.3658078144733208914
4.177882340158019735e-18
0
0
DERIV 3
-0.12193593815777363509
3.2333018225521455449e-18
0
0
DERIV 4
0.030483984539443408773
-8.083254556380363862e-19
0
0
DERIV 5
-0.006096796907888681581
-1.1807256470073431595e-20
0
0
DERIV 6
0.0010161328179814470025
-7.031226875402139585e-20
0
0
DERIV 7
-0.00014516183114020669528
-9.316143258095238419e-21
0
0
DERIV 8
1.8145228892525836910e-5
1.1645179072619048024e-21
0
0
DERIV 9
-2.016136543613982161e-6
1.5295343716677735982e-22
0
0
DERIV 10
2.0161365436139821083e-7
-1.0001387796338360038e-23
0
0
DERIV 11
-1.8328514032854381900e-8
6.838222336547955252e-27
0
0
DERIV 12
1.5273761694045317561e-9
6.836186585137330530e-26
0
0
DERIV 13
-1.1749047456957938176e-10
1.0648714406683353995e-26
0
0
DERIV 14
8.392176754969955609e-12
-5.298242956355778442e-28
0
0
DERIV 15
-5.594784503313303336e-13
-5.068058638277280133e-30
0
0
DERIV 16
3.496740314570814585e-14
3.167536648923300083e-31
0
0
DERIV 17
-2.0569060673945967913e-15
-4.183435985310799638e-32
0
0
DERIV 18
1.1427255929969981352e-16
1.0541432199002650398e-32
0
0
DERIV 19
-6.014345226299990956e-18
2.155597567547548511e-34
0
0
DERIV 20
3.007172613149995478e-19
-1.0777987837737741754e-35
0
0
DERIV 21
-1.4319869586428548748e-20
-6.331493555763193329e-37
0
0
DERIV 22
6.509031630194795142e-22
3.132366690073696777e-39
0
0
DERIV 23
-2.830013752258606558e-23
-3.917321062689188373e-40
0
0
DERIV 24
1.1791723967744194604e-24
-4.490149301078918779e-41
0
0
DERIV 25
-4.716689587097677405e-26
-2.5661263470730149484e-42
0
0
DERIV 26
1.8141113796529528206e-27
1.2629196772335850957e-43
0
0
DERIV 27
-6.718931035751677113e-29
-4.677480286050315261e-45
0
0
DERIV 28
2.3996182270541704977e-30
6.696011990716718562e-47
0
0
DERIV 29
-8.274545610531622217e-32
-4.196494523098460555e-48
0
0
DERIV 30
2.7581818701772073829e-33
1.6269074296273541882e-49
0
0
DERIV 31
-8.897360871539379482e-35
3.028860296971463482e-51
0
0
DERIV 32
2.7804252723560560882e-36
-9.465188428035823383e-53
0
0
DERIV 33
-8.425531128351684515e-38
-3.142950652933239663e-54
0
0
DERIV 34
2.4780973906916721464e-39
-1.3786513849014675364e-55
0
0
DERIV 35
-7.080278259119063042e-41
1.6085380754332912475e-57
0
0
AT 41/128
0.7259221509524081961
5.472585707681507829e-17
0
0
DERIV 1
-0.7259221509524081961
-5.472585707681507829e-17
0
0
DERIV 2
0.3629610754762040981
2.7362928538407539144e-17
0
0
DERIV 3
-0.12098702515873470398
-4.495046910197694386e-18
0
0
DERIV 4
0.030246756289683675994
1.1237617275494235966e-18
0
0
DERIV 5
-0.006049351257936735025
-3.982246931075654191e-19
0
0
DERIV 6
0.0010082252096561225042
6.637078218459424455e-20
0
0
DERIV 7
-0.00014403217280801750835
-1.7372390800455741011e-21
0
0
DERIV 8
1.8004021601002188544e-5
2.171548850056967626e-22
0
0
DERIV 9
-2.000446844555798915e-6
1.6410122327810044550e-22
0
0
DERIV 10
2.0004468445557988094e-7
-5.822210487131289284e-24
0
0
DERIV 11
-1.8185880405052716750e-8
8.300848124857635680e-25
0
0
DERIV 12
1.5154900337543929246e-9
6.868970105169097798e-26
0
0
DERIV 13
-1.1657615644264562351e-10
8.635081380329524627e-27
0
0
DERIV 14
8.326868317331830020e-12
-3.859933651817329278e-28
0
0
DERIV 15
-5.551245544887886545e-13
1.2269664896343593337e-29
0
0
DERIV 16
3.469528465554929091e-14
-7.668540560214745836e-31
0
0
DERIV 17
-2.0408990973852525455e-15
1.8431981009908883253e-31
0
0
DERIV 18
1.1338328318806958312e-16
-7.500889084598644150e-33
0
0
DERIV 19
-5.967541220424714415e-18
-9.176708676105728727e-35
0
0
DERIV 20
2.983770610212357111e-19
1.4218004059989044698e-35
0
0
DERIV 21
-1.4208431477201700529e-20
-6.770478123804306084e-37
0
0
DERIV 22
6.458377944182591406e-22
5.127751090260574894e-39
0
0
DERIV 23
-2.807990410514169947e-23
-2.5228259511853702473e-39
0
0
DERIV 24
1.1699960043809043280e-24
-7.855324434992533628e-41
0
0
DERIV 25
-4.679984017523617220e-26
2.2237748124171011316e-42
0
0
DERIV 26
1.7999938528936988757e-27
-3.034019942109571425e-44
0
0
DERIV 27
-6.666643899606291509e-29
-5.104282085106753236e-45
0
0
DERIV 28
2.3809442498593901251e-30
-1.1798245360150532542e-46
0
0
DERIV 29
-8.210152585722034159e-32
-3.481739015491287631e-48
0
0
DERIV 30
2.7367175285740115688e-33
-6.640277035925097916e-50
0
0
DERIV 31
-8.828121059916166282e-35
1.4522791186617228693e-51
0
0
DERIV 32
2.7587878312238019631e-36
-4.538372245817883967e-53
0
0
DERIV 33
-8.359963124920611693e-38
-1.7885196675696228373e-54
0
0
DERIV 34
2.4588126838001799289e-39
3.341144766969912496e-56
0
0
DERIV 35
-7.025179096571943004e-41
2.5410860315792346093e-57
0
0
AT 21/64
0.7202729799554398182
-3.737408828048469508e-17
0
0
DERIV 1
-0.7202729799554398182
3.737408828048469508e-17
0
0
DERIV 2
0.3601364899777199091
-1.8687044140242347541e-17
0
0
DERIV 3
-0.12004549665923996971
6.229014713414116361e-18
0
0
DERIV 4
0.030011374164809992426
-1.5572536783535290902e-18
0
0
DERIV 5
-0.006002274832961998138
-3.549395952465560566e-20
0
0
DERIV 6
0.0010003791388269996174
7.819580475314290056e-20
0
0
DERIV 7
-0.00014291130554671424655
4.317773213629649193e-21
0
0
DERIV 8
1.7863913193339280819e-5
-5.397216517037061491e-22
0
0
DERIV 9
-1.984879243704364677e-6
2.0114123028723962863e-22
0
0
DERIV 10
1.9848792437043645178e-7
-4.232255267705831800e-24
0
0
DERIV 11
-1.8044356760948767441e-8
-5.176283711755000021e-25
0
0
DERIV 12
1.5036963967457306201e-9
4.313569759795833351e-26
0
0
DERIV 13
-1.1566895359582542933e-10
-6.300752985490885059e-27
0
0
DERIV 14
8.262068113987531128e-12
-1.1542539291403111503e-29
0
0
DERIV 15
-5.508045409325021021e-13
2.769595485097074447e-29
0
0
DERIV 16
3.442528380828138138e-14
-1.7309971781856715295e-30
0
0
DERIV 17
-2.0250166946047871170e-15
7.862157209265679965e-32
0
0
DERIV 18
1.1250092747804371777e-16
6.588536345144230650e-33
0
0
DERIV 19
-5.921101446212827332e-18
-2.656732836649706299e-34
0
0
DERIV 20
2.960550723106413859e-19
-5.975635260623827036e-36
0
0
DERIV 21
-1.4097860586221018804e-20
7.144491369018568736e-37
0
0
DERIV 22
6.408118448282280847e-22
1.0270288352544232359e-38
0
0
DERIV 23
-2.786138455774904691e-23
-7.020765263763334561e-40
0
0
DERIV 24
1.1608910232395435599e-24
9.047685270434136838e-41
0
0
DERIV 25
-4.643564092958174331e-26
-2.7007191465937427343e-42
0
0
DERIV 26
1.7859861895992978197e-27
1.0387381333052856670e-43
0
0
DERIV 27
-6.614763665182584601e-29
-3.016779181530796173e-45
0
0
DERIV 28
2.3624155947080661790e-30
-1.4248975500333176759e-46
0
0
DERIV 29
-8.146260671407124378e-32
1.1383900854467390431e-48
0
0
DERIV 30
2.7154202238023747241e-33
3.047644039680223791e-50
0
0
DERIV 31
-8.759420076781853673e-35
-3.742093907088790449e-51
0
0
DERIV 32
2.7373187739943292728e-36
1.1694043459652470154e-52
0
0
DERIV 33
-8.294905375740392337e-38
2.4675400372918318494e-54
0
0
DERIV 34
2.4396780516883507257e-39
-1.1095885090857460724e-55
0
0
DERIV 35
-6.970508719109572686e-41
-4.986377701896024282e-57
0
0
AT 43/128
0.7146677711559481505
1.0718653305004492883e-17
0
0
DERIV 1
-0.7146677711559481505
-1.0718653305004492883e-17
0
0
DERIV 2
0.3573338855779740753
5.359326652502246441e-18
0
0
DERIV 3
-0.11911129519265802046
-6.412371486772234656e-18
0
0
DERIV 4
0.029777823798164505115
1.6030928716930586639e-18
0
0
DERIV 5
-0.005955564759632901717
3.732708160521111050e-19
0
0
DERIV 6
0.0009925941266054835472
1.0068342157015108930e-20
0
0
DERIV 7
-0.00014179916094364051061
2.4338160221603575784e-21
0
0
DERIV 8
1.7724895117955063827e-5
-3.042270027700446973e-22
0
0
DERIV 9
-1.969432790883896122e-6
1.7497515818349947255e-22
0
0
DERIV 10
1.9694327908838960690e-7
-1.2203559898010569548e-23
0
0
DERIV 11
-1.7903934462580873655e-8
1.4102074862020617739e-24
0
0
DERIV 12
1.4919945385484060690e-9
-4.858557280408617683e-26
0
0
DERIV 13
-1.1476881065756968966e-10
-4.216307981926329591e-27
0
0
DERIV 14
8.197772189826406866e-12
-1.6043146811744281023e-28
0
0
DERIV 15
-5.465181459884270907e-13
-2.2962634081600315228e-29
0
0
DERIV 16
3.415738412427669317e-14
1.4351646301000197017e-30
0
0
DERIV 17
-2.0092578896633348924e-15
-8.442144882941292814e-32
0
0
DERIV 18
1.1162543831462972172e-16
-7.881202401785306469e-34
0
0
DERIV 19
-5.875023069191038026e-18
8.202590620702235879e-35
0
0
DERIV 20
2.937511534595519206e-19
-2.3360594754223476470e-35
0
0
DERIV 21
-1.3988150164740566499e-20
-3.397759764842721354e-38
0
0
DERIV 22
6.358250074882075511e-22
1.8642535905070872747e-38
0
0
DERIV 23
-2.764456554296554493e-23
-1.5771717898871820008e-39
0
0
DERIV 24
1.1518568976235644946e-24
-5.673183696535569531e-41
0
0
DERIV 25
-4.607427590494257864e-26
1.1213297766393377318e-42
0
0
DERIV 26
1.7720875348054837385e-27
1.2061532724202880541e-44
0
0
DERIV 27
-6.563287165946235612e-29
-5.013918429066177417e-45
0
0
DERIV 28
2.3440311306950843973e-30
-7.116335330563957894e-47
0
0
DERIV 29
-8.082865967914084015e-32
1.3213938120009199546e-48
0
0
DERIV 30
2.6942886559713614069e-33
-1.1246923697839088256e-49
0
0
DERIV 31
-8.691253728939875644e-35
5.007531365802129333e-51
0
0
DERIV 32
2.7160167902937111387e-36
-1.5648535518131654167e-52
0
0
DERIV 33
-8.230353909980942750e-38
3.792845264694654990e-54
0
0
DERIV 34
2.4206923264649830465e-39
3.598159297189987117e-57
0
0
DERIV 35
-6.916263789899951882e-41
3.101586035615275547e-57
0
0
AT 11/32
0.7091061824373984246
-1.2868055655346303836e-17
0
0
DERIV 1
-0.7091061824373984246
1.2868055655346303836e-17
0
0
DERIV 2
0.3545530912186992123
-6.434027827673151918e-18
0
0
DERIV 3
-0.11818436373956640872
6.770605211829202634e-18
0
0
DERIV 4
0.029546090934891602181
-1.6926513029573006586e-18
0
0
DERIV 5
-0.005909218186978319916
-1.8188678220158197735e-19
0
0
DERIV 6
0.0009848696978297199860
3.031446370026366490e-20
0
0
DERIV 7
-0.00014069567111853144206
1.1157964792612396284e-20
0
0
DERIV 8
1.7586958889816430257e-5
-1.3947455990765495355e-21
0
0
DERIV 9
-1.954106543312936507e-6
-3.325781060356122893e-23
0
0
DERIV 10
1.9541065433129366129e-7
-7.262130780322631934e-24
0
0
DERIV 11
-1.7764604939208515264e-8
1.2617796073406228967e-24
0
0
DERIV 12
1.4803837449340427319e-9
1.0164685252653833634e-25
0
0
DERIV 13
-1.1387567268723406823e-10
4.111500948242642239e-27
0
0
DERIV 14
8.133976620516719159e-12
-2.936786391601887634e-28
0
0
DERIV 15
-5.422651080344479709e-13
4.650502817555645123e-29
0
0
DERIV 16
3.389156925215299818e-14
-2.9065642609722782022e-30
0
0
DERIV 17
-1.9936217207148822458e-15
1.7097436829248695436e-31
0
0
DERIV 18
1.1075676226193789159e-16
1.4578254451536661577e-33
0
0
DERIV 19
-5.829303276944099476e-18
-1.5781944214018182694e-34
0
0
DERIV 20
2.914651638472049834e-19
-1.7386776149270873839e-36
0
0
DERIV 21
-1.3879293516533571213e-20
6.559876079689195618e-37
0
0
DERIV 22
6.308769780242532028e-22
4.378580752606564004e-39
0
0
DERIV 23
-2.742943382714144334e-23
-4.459153263790435808e-40
0
0
DERIV 24
1.1428930761308934726e-24
1.8579805265793480836e-41
0
0
DERIV 25
-4.571572304523573936e-26
-2.8401472984178317883e-43
0
0
DERIV 26
1.7582970402013744806e-27
1.2130284556842340998e-43
0
0
DERIV 27
-6.512211260005091333e-29
2.1504947357464139270e-45
0
0
DERIV 28
2.3257897357161038974e-30
7.333573775814418600e-47
0
0
DERIV 29
-8.019964605917600288e-32
3.888766018448123847e-48
0
0
DERIV 30
2.6733215353058667855e-33
-1.5243312614105751462e-49
0
0
DERIV 31
-8.623617855825376762e-35
5.262070483271816288e-51
0
0
DERIV 32
2.6948805799454302381e-36
-1.6443970260224425899e-52
0
0
DERIV 33
-8.166304787713424647e-38
1.8192373064929655218e-54
0
0
DERIV 34
2.4018543493274777031e-39
8.083752415017651690e-56
0
0
DERIV 35
-6.862440998078508102e-41
1.4773635101726718519e-57
0
0
AT 45/128
0.7035878743456275286
2.0931264376159458314e-17
0
0
DERIV 1
-0.7035878743456275286
-2.0931264376159458314e-17
0
0
DERIV 2
0.3517939371728137643
1.0465632188079729157e-17
0
0
DERIV 3
-0.11726464572427125477
-3.488544062693243309e-18
0
0
DERIV 4
0.029316161431067813692
8.721360156733108273e-19
0
0
DERIV 5
-0.005863232286213562738
-1.7442720313466214620e-19
0
0
DERIV 6
0.0009772053810355937897
2.907120052244369505e-20
0
0
DERIV 7
-0.00013960076871937055301
7.463423201995591932e-21
0
0
DERIV 8
1.7450096089921319126e-5
-9.329279002494489915e-22
0
0
DERIV 9
-1.938899565546813330e-6
1.9777342750041657922e-22
0
0
DERIV 10
1.9388995655468132244e-7
-9.189430909362904272e-24
0
0
DERIV 11
-1.7626359686789209928e-8
-3.677689901350489319e-25
0
0
DERIV 12
1.4688633072324340917e-9
9.957913355733971340e-26
0
0
DERIV 13
-1.1298948517172570235e-10
-4.677310949532041847e-27
0
0
DERIV 14
8.070677512266121827e-12
1.0329547726762697974e-28
0
0
DERIV 15
-5.380451674844081622e-13
3.350331319614067171e-29
0
0
DERIV 16
3.362782296777551014e-14
-2.0939570747587919817e-30
0
0
DERIV 17
-1.9781072333985593270e-15
3.036678025392755670e-32
0
0
DERIV 18
1.0989484629991995576e-16
5.160707565936419000e-33
0
0
DERIV 19
-5.783939278943155810e-18
-2.834082628458173154e-35
0
0
DERIV 20
2.891969639471578001e-19
-8.212608407707092421e-36
0
0
DERIV 21
-1.3771283997483703765e-20
-6.120119218584904669e-37
0
0
DERIV 22
6.259674544310774609e-22
1.0720624072516292648e-38
0
0
DERIV 23
-2.721597627961206377e-23
-2.1057183993064590088e-40
0
0
DERIV 24
1.1339990116505027185e-24
-5.244983744155056693e-41
0
0
DERIV 25
-4.535996046602010897e-26
2.3275822380570004769e-42
0
0
DERIV 26
1.7446138640776965264e-27
-1.1711719429966565754e-43
0
0
DERIV 27
-6.461532829917394501e-29
3.922474317965448763e-45
0
0
DERIV 28
2.3076902963990694145e-30
-9.004199477287970053e-47
0
0
DERIV 29
-7.957552746203687334e-32
8.485657767512520601e-50
0
0
DERIV 30
2.6525175820678958921e-33
-1.1686651355310451351e-49
0
0
DERIV 31
-8.556508329251277071e-35
3.769887533971113435e-51
0
0
DERIV 32
2.6739088528910240848e-36
-1.1780898543659729483e-52
0
0
DERIV 33
-8.102754099669769416e-38
-1.8084635179685625948e-54
0
0
DERIV 34
2.3831629704911087286e-39
-2.357818438914256517e-56
0
0
DERIV 35
-6.809037058546025230e-41
3.586744762903414533e-57
0
0
AT 23/64
0.6981125100681258022
4.379112262891346143e-17
0
0
DERIV 1
-0.6981125100681258022
-4.379112262891346143e-17
0
0
DERIV 2
0.3490562550340629011
2.1895561314456730715e-17
0
0
DERIV 3
-0.11635208501135431425
6.579267369662213954e-18
0
0
DERIV 4
0.029088021252838578562
-1.6448168424155534885e-18
0
0
DERIV 5
-0.005817604250567715539
1.5549102088542995938e-19
0
0
DERIV 6
0.0009696007084279525175
4.636497468479529836e-20
0
0
DERIV 7
-0.00013851438691827894657
8.865034651965020935e-21
0
0
DERIV 8
1.7314298364784868321e-5
-1.1081293314956276169e-21
0
0
DERIV 9
-1.923810929420540689e-6
-1.1216144851556926092e-22
0
0
DERIV 10
1.9238109294205407951e-7
6.282330108781713031e-25
0
0
DERIV 11
-1.7489190267459460571e-8
-1.2602838919751467198e-24
0
0
DERIV 12
1.4574325222882885187e-9
-3.283977776090905059e-26
0
0
DERIV 13
-1.1211019402217603692e-10
-4.564856501933938715e-28
0
0
DERIV 14
8.007871001584002868e-12
-1.9819204411370503454e-28
0
0
DERIV 15
-5.338580667722667973e-13
-4.737171458006003769e-29
0
0
DERIV 16
3.336612917326667483e-14
2.9607321612537523554e-30
0
0
DERIV 17
-1.9627134807803929387e-15
1.2746257192251907344e-31
0
0
DERIV 18
1.0903963782113293282e-16
1.1360471003567017895e-33
0
0
DERIV 19
-5.738928306375417679e-18
1.0239162161383555885e-34
0
0
DERIV 20
2.869464153187708840e-19
-5.119581080691777809e-36
0
0
DERIV 21
-1.3664115015179564613e-20
-1.0458956553454155417e-36
0
0
DERIV 22
6.210961370536166246e-22
-3.753587338362748217e-39
0
0
DERIV 23
-2.700417987189637703e-23
2.2075374509240979043e-39
0
0
DERIV 24
1.1251741613290156482e-24
-3.075706301650993321e-41
0
0
DERIV 25
-4.500696645316062295e-26
-1.7543711044743171494e-42
0
0
DERIV 26
1.7310371712754087680e-27
-1.2568779198714720586e-43
0
0
DERIV 27
-6.411248782501513250e-29
-2.4032888578158487214e-45
0
0
DERIV 28
2.2897317080362549822e-30
-1.6440012370743701984e-46
0
0
DERIV 29
-7.895626579435361744e-32
3.026434963437020007e-48
0
0
DERIV 30
2.6318755264784538917e-33
-7.807357325511394021e-50
0
0
DERIV 31
-8.489921053156303083e-35
4.587739557978278246e-51
0
0
DERIV 32
2.6531003291113447135e-36
-1.4336686118682119519e-52
0
0
DERIV 33
-8.039697967004074352e-38
-1.0339824346284443891e-54
0
0
DERIV 34
2.3646170491188453592e-39
6.879539200671027230e-56
0
0
DERIV 35
-6.756048711768130093e-41
2.986657369271444031e-57
0
0
AT 47/128
0.6926797554134793700
-5.204368599603043398e-17
0
0
DERIV 1
-0.6926797554134793700
5.204368599603043398e-17
0
0
DERIV 2
0.3463398777067396850
-2.6021842998015216991e-17
0
0
DERIV 3
-0.11544662590224655241
-5.779108725378992571e-19
0
0
DERIV 4
0.028861656475561638102
1.4447771813447481427e-19
0
0
DERIV 5
-0.005772331295112327273
-3.758402388222563962e-19
0
0
DERIV 6
0.0009620552158520546179
-9.640105028657564910e-21
0
0
DERIV 7
-0.00013743645940743638560
1.2993609709295771711e-20
0
0
DERIV 8
1.7179557425929548200e-5
-1.6242012136619714638e-21
0
0
DERIV 9
-1.908839713992171834e-6
-7.762742316292142270e-24
0
0
DERIV 10
1.9088397139921719398e-7
-9.811637609049540158e-24
0
0
DERIV 11
-1.7353088309019742802e-8
-1.2135835947668395383e-24
0
0
DERIV 12
1.4460906924183120380e-9
-3.673146919493464904e-26
0
0
DERIV 13
-1.1123774557063937859e-10
-6.122369572718066308e-27
0
0
DERIV 14
7.945553255045670130e-12
2.065139503523430159e-28
0
0
DERIV 15
-5.297035503363780491e-13
2.662208165715960562e-29
0
0
DERIV 16
3.310647189602362807e-14
-1.6638801035724753514e-30
0
0
DERIV 17
-1.9474395232955074870e-15
5.147171755008607935e-32
0
0
DERIV 18
1.0819108462752819646e-16
-5.598640229244406662e-33
0
0
DERIV 19
-5.694267611975168073e-18
1.3248170095920153410e-34
0
0
DERIV 20
2.847133805987584036e-19
-6.624085047960076705e-36
0
0
DERIV 21
-1.3557780028512305938e-20
1.3185211340331176119e-36
0
0
DERIV 22
6.162627285687411191e-22
-8.943005055252610841e-41
0
0
DERIV 23
-2.679403167690178702e-23
-7.627384874687733133e-40
0
0
DERIV 24
1.1164179865375744593e-24
3.178077031119888635e-41
0
0
DERIV 25
-4.465671946150297929e-26
-3.5287585086804343413e-43
0
0
DERIV 26
1.7175661331347298623e-27
1.2395135022327956139e-43
0
0
DERIV 27
-6.361356048647148095e-29
-2.359575417391357926e-47
0
0
DERIV 28
2.2719128745168387053e-30
-9.925004194556143964e-47
0
0
DERIV 29
-7.834182325920133202e-32
7.798804199240694944e-49
0
0
DERIV 30
2.6113941086400442868e-33
8.804194696646469902e-50
0
0
DERIV 31
-8.423851963354981639e-35
-2.1503170737331333118e-51
0
0
DERIV 32
2.6324537385484317623e-36
6.719740855416041599e-53
0
0
DERIV 33
-7.977132541055854173e-38
1.4438772752307154860e-54
0
0
DERIV 34
2.3462154532517218156e-39
-4.246697868325633942e-56
0
0
DERIV 35
-6.703472723576348161e-41
2.3785751888070606921e-57
0
0
AT 3/8
0.6872892787909722356
-3.708800306137139574e-17
0
0
DERIV 1
-0.6872892787909722356
3.708800306137139574e-17
0
0
DERIV 2
0.3436446393954861178
-1.8544001530685697870e-17
0
0
DERIV 3
-0.11454821313182869669
-3.0705246949810720085e-18
0
0
DERIV 4
0.028637053282957174172
7.676311737452680021e-19
0
0
DERIV 5
-0.005727410656591435355
3.668908080439885086e-19
0
0
DERIV 6
0.0009545684427652391174
4.727174924121902329e-20
0
0
DERIV 7
-0.00013636692039503415575
-1.0625257650479519592e-20
0
0
DERIV 8
1.7045865049379269469e-5
1.3281572063099399491e-21
0
0
DERIV 9
-1.8939850054865856142e-6
-2.992955802689604791e-23
0
0
DERIV 10
1.8939850054865857730e-7
-1.2888911958328525979e-23
0
0
DERIV 11
-1.7218045504423505824e-8
-3.145253113817421193e-26
0
0
DERIV 12
1.4348371253686254854e-9
2.6210442615145178997e-27
0
0
DERIV 13
-1.1037208656681735099e-10
5.763626012717832707e-27
0
0
DERIV 14
7.883720469058381983e-12
-1.8088941035232633004e-28
0
0
DERIV 15
-5.255813646038921322e-13
1.2059294023488420695e-29
0
0
DERIV 16
3.284883528774325826e-14
-7.537058764680262934e-31
0
0
DERIV 17
-1.9322844286907799210e-15
6.753743112226659720e-32
0
0
DERIV 18
1.0734913492726554980e-16
-2.3825293241172213575e-33
0
0
DERIV 19
-5.649954469856081609e-18
1.6594217378274293489e-34
0
0
DERIV 20
2.824977234928040804e-19
-8.297108689137145943e-36
0
0
DERIV 21
-1.3452272547276384855e-20
4.667495932471273669e-37
0
0
DERIV 22
6.114669339671084025e-22
-2.1215890602142153515e-38
0
0
DERIV 23
-2.658551886813514487e-23
-2.1440769759650042016e-39
0
0
DERIV 24
1.1077299528389644919e-24
-3.311078754544643865e-41
0
0
DERIV 25
-4.430919811355857715e-26
-1.2010446425269008549e-42
0
0
DERIV 26
1.7041999274445605493e-27
1.5657322682554332060e-43
0
0
DERIV 27
-6.311851583128002989e-29
3.750581133711964043e-45
0
0
DERIV 28
2.2542327082600009175e-30
1.6189794973660259534e-47
0
0
DERIV 29
-7.773216235379313546e-32
-1.8076381796974571944e-49
0
0
DERIV 30
2.5910720784597712961e-33
-1.0801250036494215692e-49
0
0
DERIV 31
-8.358297027289584895e-35
4.174019936957410543e-51
0
0
DERIV 32
2.6119678210279952798e-36
-1.3043812302991907947e-52
0
0
DERIV 33
-7.915054003115136326e-38
-4.905924761709539874e-54
0
0
DERIV 34
2.3279570597397460741e-39
4.833154493265523450e-56
0
0
DERIV 35
-6.651305884970702894e-41
-3.128750694861182670e-57
0
0
AT 49/128
0.6819407511903481378
5.789896368328067474e-18
0
0
DERIV 1
-0.6819407511903481378
-5.789896368328067474e-18
0
0
DERIV 2
0.3409703755951740689
2.8949481841640337368e-18
0
0
DERIV 3
-0.11365679186505801834
-5.590911997326163241e-18
0
0
DERIV 4
0.028414197966264504586
1.3977279993315408101e-18
0
0
DERIV 5
-0.005682839593252901091
-1.0607325226862746944e-19
0
0
DERIV 6
0.0009471399322088168123
5.381894779428805937e-20
0
0
DERIV 7
-0.00013530570460125956010
7.800181350608911789e-21
0
0
DERIV 8
1.6913213075157445013e-5
-9.750226688261139736e-22
0
0
DERIV 9
-1.8792458972397159243e-6
-7.989369174249851750e-23
0
0
DERIV 10
1.8792458972397160831e-7
-7.892498586768279608e-24
0
0
DERIV 11
-1.7084053611270147113e-8
1.6198787215822373944e-24
0
0
DERIV 12
1.4236711342725121215e-9
2.8735419603181606711e-27
0
0
DERIV 13
-1.0951316417480863070e-10
5.744203112809860324e-27
0
0
DERIV 14
7.822368869629187445e-12
5.129610162576203080e-29
0
0
DERIV 15
-5.214912579752791899e-13
2.3506712123159735546e-29
0
0
DERIV 16
3.259320362345494937e-14
-1.4691695076974834716e-30
0
0
DERIV 17
-1.9172472719679380127e-15
-9.919259489332728328e-32
0
0
DERIV 18
1.0651373733155211182e-16
5.510699716295960182e-33
0
0
DERIV 19
-5.605986175344848072e-18
-2.089450400413774316e-34
0
0
DERIV 20
2.802993087672424228e-19
-8.812047441803485615e-36
0
0
DERIV 21
-1.3347586131773447775e-20
-5.118180264704465563e-37
0
0
DERIV 22
6.067084605351567427e-22
-2.3826937238296103306e-39
0
0
DERIV 23
-2.6378628718919857867e-23
-4.074891210605767637e-40
0
0
DERIV 24
1.0991095299549940778e-24
1.6978713377524029271e-41
0
0
DERIV 25
-4.396438119819976403e-26
2.3920642647895091449e-43
0
0
DERIV 26
1.6909377383922987821e-27
-1.7476905034172264298e-43
0
0
DERIV 27
-6.262732364415920460e-29
-3.076661744223840485e-45
0
0
DERIV 28
2.2366901301485432717e-30
-1.4035109205000875923e-46
0
0
DERIV 29
-7.712724586719114655e-32
4.084682880859775205e-48
0
0
DERIV 30
2.5709081955730381954e-33
-1.1334850383587244493e-49
0
0
DERIV 31
-8.293252243783993282e-35
-5.310291161732771347e-51
0
0
DERIV 32
2.5916413261824979006e-36
1.6594659880414910460e-52
0
0
DERIV 33
-7.853458564189388590e-38
5.095423938102283650e-54
0
0
DERIV 34
2.3098407541733495853e-39
-1.4986540994418481109e-55
0
0
DERIV 35
-6.599545011923855667e-41
1.3687865037630818028e-57
0
0
AT 25/64
0.6766338461617289468
-1.0126839197811899569e-17
0
0
DERIV 1
-0.6766338461617289468
1.0126839197811899569e-17
0
0
DERIV 2
0.3383169230808644734
-5.063419598905949785e-18
0
0
DERIV 3
-0.11277230769362149576
6.313735802240135256e-18
0
0
DERIV 4
0.028193076923405373940
-1.5784339505600338141e-18
0
0
DERIV 5
-0.005638615384681074788
3.156867901120067725e-19
0
0
DERIV 6
0.0009397692307801790591
1.9665679813699165855e-20
0
0
DERIV 7
-0.00013425274725431128641
-1.0553684062567770296e-20
0
0
DERIV 8
1.6781593406788910801e-5
1.3192105078209712870e-21
0
0
DERIV 9
-1.8646214896432124994e-6
4.165059852084771797e-23
0
0
DERIV 10
1.8646214896432125524e-7
-9.459015772424149210e-24
0
0
DERIV 11
-1.6951104451301931091e-8
-3.432612753112994505e-25
0
0
DERIV 12
1.4125920376084942576e-9
2.860510627594162087e-26
0
0
DERIV 13
-1.0866092596988417068e-10
-5.183015191489599306e-27
0
0
DERIV 14
7.761494712134583851e-12
1.3941720883602393791e-28
0
0
DERIV 15
-5.174329808089722298e-13
-3.622093282061213140e-29
0
0
DERIV 16
3.233956130056076436e-14
2.2638083012882582128e-30
0
0
DERIV 17
-1.9023271353271039484e-15
2.924734511678135886e-32
0
0
DERIV 18
1.0568484085150576943e-16
3.853348224213617373e-33
0
0
DERIV 19
-5.562360044816093250e-18
-8.117012057625971777e-35
0
0
DERIV 20
2.781180022408046721e-19
-5.571143693123193243e-36
0
0
DERIV 21
-1.3243714392419269169e-20
-6.661467764076033319e-37
0
0
DERIV 22
6.019870178372395846e-22
-4.666204948984048543e-38
0
0
DERIV 23
-2.6173348601619111098e-23
7.510735095340563381e-40
0
0
DERIV 24
1.0905561917341295066e-24
9.115259864673593466e-41
0
0
DERIV 25
-4.362224766936518486e-26
9.456708620301232490e-43
0
0
DERIV 26
1.6777787565140455162e-27
1.8817644824557286405e-44
0
0
DERIV 27
-6.213995394496465124e-29
1.7942474615938493242e-45
0
0
DERIV 28
2.2192840694630231585e-30
3.601248096627802989e-47
0
0
DERIV 29
-7.652703687803528623e-32
3.665754976438317668e-48
0
0
DERIV 30
2.5509012292678426464e-33
1.0588408937992344206e-49
0
0
DERIV 31
-8.228713642799492477e-35
-2.725870054812447508e-51
0
0
DERIV 32
2.5714730133748413990e-36
8.518343921288898461e-53
0
0
DERIV 33
-7.792342464772246632e-38
-2.897694738232928312e-54
0
0
DERIV 34
2.2918654308153668484e-39
-1.0669440381663519238e-55
0
0
DERIV 35
-6.548186945186761812e-41
-3.069061401130468584e-57
0
0
AT 51/128
0.6713682397956894921
-2.3449008181394705334e-17
0
0
DERIV 1
-0.6713682397956894921
2.3449008181394705334e-17
0
0
DERIV 2
0.3356841198978447460
-1.1724504090697352667e-17
0
0
DERIV 3
-0.11189470663261491534
3.908168030232450889e-18
0
0
DERIV 4
0.027973676658153728836
-9.770420075581127222e-19
0
0
DERIV 5
-0.005594735331630745420
-1.5153629368373886962e-19
0
0
DERIV 6
0.0009324558886051242728
-1.0884023468893668026e-20
0
0
DERIV 7
-0.00013320798408644632469
1.5548604955562383163e-21
0
0
DERIV 8
1.6650998010805790586e-5
-1.9435756194452978953e-22
0
0
DERIV 9
-1.8501108900895322168e-6
-4.899079427735505164e-23
0
0
DERIV 10
1.8501108900895323756e-7
-1.0982788333282626781e-23
0
0
DERIV 11
-1.6819189909904838575e-8
-2.0473649705143788858e-25
0
0
DERIV 12
1.4015991591587366169e-9
-5.187034295846581744e-26
0
0
DERIV 13
-1.0781531993528743306e-10
4.984233848431298066e-27
0
0
DERIV 14
7.701094281091959735e-12
-5.868148654440401473e-28
0
0
DERIV 15
-5.134062854061306221e-13
1.2194538798058807329e-29
0
0
DERIV 16
3.208789283788316388e-14
-7.621586748786754581e-31
0
0
DERIV 17
-1.8875231081107741603e-15
-1.4078146741208068425e-31
0
0
DERIV 18
1.0486239489504302260e-16
-5.874309192749194263e-33
0
0
DERIV 19
-5.519073415528580137e-18
3.091741680394313018e-34
0
0
DERIV 20
2.759536707764289780e-19
1.3430240763836973243e-35
0
0
DERIV 21
-1.3140650989353761285e-20
-2.096401975962764372e-37
0
0
DERIV 22
5.973023176978982488e-22
9.800500665777476368e-40
0
0
DERIV 23
-2.5969665986865139845e-23
-1.4480932484430719389e-39
0
0
DERIV 24
1.0820694161193808881e-24
-8.864454201994777145e-43
0
0
DERIV 25
-4.328277664477523300e-26
-2.4900183275367793304e-42
0
0
DERIV 26
1.6647221786452015175e-27
-1.5258326907969145891e-43
0
0
DERIV 27
-6.165637698685930924e-29
-5.767609866402441948e-46
0
0
DERIV 28
2.2020134638164038012e-30
1.2069135411749564655e-46
0
0
DERIV 29
-7.593149875228979267e-32
2.2558137301946247359e-48
0
0
DERIV 30
2.5310499584096597783e-33
-9.800138319927421345e-50
0
0
DERIV 31
-8.164677285192450932e-35
3.506207807730419706e-51
0
0
DERIV 32
2.5514616516226409164e-36
-1.0956899399157561580e-52
0
0
DERIV 33
-7.731701974614063415e-38
3.636650943647674220e-54
0
0
DERIV 34
2.2740299925335481015e-39
-1.4534446580139350048e-55
0
0
DERIV 35
-6.497228550095850932e-41
-3.712623326922692943e-57
0
0
AT 13/32
0.6661436107034878207
-4.620916718484540791e-17
0
0
DERIV 1
-0.6661436107034878207
4.620916718484540791e-17
0
0
DERIV 2
0.3330718053517439103
-2.3104583592422703954e-17
0
0
DERIV 3
-0.11102393511724796549
3.0755985948694154762e-18
0
0
DERIV 4
0.027755983779311991372
-7.688996487173538690e-19
0
0
DERIV 5
-0.005551196755862398274
1.5377992974347076418e-19
0
0
DERIV 6
0.0009251994593103996401
4.665015654178850157e-20
0
0
DERIV 7
-0.00013217135133005710693
8.824294386680276974e-21
0
0
DERIV 8
1.6521418916257138367e-5
-1.1030367983350346218e-21
0
0
DERIV 9
-1.8357132129174596303e-6
-6.566989957484066509e-23
0
0
DERIV 10
1.8357132129174596303e-7
6.566989957484066656e-24
0
0
DERIV 11
-1.6688301935613270870e-8
9.069656630524078446e-25
0
0
DERIV 12
1.3906918279677725036e-9
-6.648754208281686550e-27
0
0
DERIV 13
-1.0697629445905942435e-10
1.5056500984171341239e-27
0
0
DERIV 14
7.641163889932816486e-12
-5.691427595705473197e-28
0
0
DERIV 15
-5.094109259955210318e-13
-2.937327994082318459e-29
0
0
DERIV 16
3.183818287472006449e-14
1.8358299963014490369e-30
0
0
DERIV 17
-1.8728342867482393426e-15
1.4722970484788916115e-31
0
0
DERIV 18
1.0404634926379106226e-16
4.146523596973355454e-33
0
0
DERIV 19
-5.476123645462687407e-18
-2.993298711833233801e-34
0
0
DERIV 20
2.738061822731343703e-19
1.4966493559166169540e-35
0
0
DERIV 21
-1.3038389632054018709e-20
3.620475226962738566e-37
0
0
DERIV 22
5.926540741842735264e-22
3.483759336786918678e-38
0
0
DERIV 23
-2.5767568442794502937e-23
2.7411777873525542659e-40
0
0
DERIV 24
1.0736486851164376224e-24
-1.1421574113968975683e-41
0
0
DERIV 25
-4.294594740465750558e-26
1.1456291857436931013e-42
0
0
DERIV 26
1.6517672078714426328e-27
-1.5444186310311225622e-43
0
0
DERIV 27
-6.117656325449786657e-29
-2.999121440868778580e-45
0
0
DERIV 28
2.1848772590892095204e-30
1.0711148003102780920e-46
0
0
DERIV 29
-7.534059514100723050e-32
1.9690753019667827730e-48
0
0
DERIV 30
2.5113531713669075466e-33
7.120970975782765735e-50
0
0
DERIV 31
-8.101139262473895070e-35
-4.711197472271262568e-51
0
0
DERIV 32
2.5316060195230922094e-36
1.4722492100847695524e-52
0
0
DERIV 33
-7.671533392494218880e-38
-3.828604445784293094e-54
0
0
DERIV 34
2.2563333507335940376e-39
-1.3689092242981731843e-55
0
0
DERIV 35
-6.446666716381696813e-41
-4.584543153970886611e-58
0
0
AT 53/128
0.6609596399974488889
3.286064759617715097e-17
0
0
DERIV 1
-0.6609596399974488889
-3.286064759617715097e-17
0
0
DERIV 2
0.3304798199987244445
1.6430323798088575483e-17
0
0
DERIV 3
-0.11015993999957482408
3.775083939180112419e-18
0
0
DERIV 4
0.027539984999893706019
-9.437709847950281048e-19
0
0
DERIV 5
-0.005507996999978740683
-3.316628458340364881e-19
0
0
DERIV 6
0.0009179994999964568528
-1.7003003860027546578e-20
0
0
DERIV 7
-0.00013114278571377954653
-1.4431500645871522269e-21
0
0
DERIV 8
1.6392848214222443317e-5
1.8039375807339402836e-22
0
0
DERIV 9
-1.8214275793580493280e-6
5.054232804081458066e-23
0
0
DERIV 10
1.8214275793580492221e-7
5.533679036597295732e-24
0
0
DERIV 11
-1.6558432539618628390e-8
-1.4054405806576025634e-24
0
0
DERIV 12
1.3798693783015525726e-9
-8.967510475012337559e-26
0
0
DERIV 13
-1.0614379833088864949e-10
-3.0439896893297847288e-27
0
0
DERIV 14
7.581699880777760678e-12
2.174278349521274934e-28
0
0
DERIV 15
-5.054466587185173987e-13
5.699650176849403263e-30
0
0
DERIV 16
3.159041616990733742e-14
-3.562281360530877040e-31
0
0
DERIV 17
-1.8582597747004316361e-15
4.415638756844668146e-32
0
0
DERIV 18
1.0323665415002398252e-16
-5.192233008042218119e-33
0
0
DERIV 19
-5.433508113159156691e-18
-1.0545833486423294310e-35
0
0
DERIV 20
2.716754056579578538e-19
-1.8732007769551194550e-35
0
0
DERIV 21
-1.2936924078950373705e-20
6.054036520638610321e-37
0
0
DERIV 22
5.880420035886533502e-22
-2.751834782108459332e-38
0
0
DERIV 23
-2.5567043634289274691e-23
-2.0903247071862236060e-40
0
0
DERIV 24
1.0652934847620531121e-24
8.709686279942597084e-42
0
0
DERIV 25
-4.261173939048212540e-26
5.699675103822081876e-43
0
0
DERIV 26
1.6389130534800817739e-27
-4.951662785063517415e-44
0
0
DERIV 27
-6.070048346222525047e-29
1.4187496346680237295e-45
0
0
DERIV 28
2.1678744093651875668e-30
-1.0071600353545858890e-46
0
0
DERIV 29
-7.475428997810991798e-32
5.360490510280922947e-48
0
0
DERIV 30
2.4918096659369971064e-33
-1.9029871659856941958e-50
0
0
DERIV 31
-8.038095696570958615e-35
2.683104022647407775e-51
0
0
DERIV 32
2.5119049051784245671e-36
-8.384700070773149297e-53
0
0
DERIV 33
-7.611833045995225392e-38
-3.153992968806849189e-54
0
0
DERIV 34
2.2387744252927135232e-39
-7.996414859975950460e-56
0
0
DERIV 35
-6.396498357979181029e-41
-2.3762418028629602530e-57
0
0
AT 27/64
0.6558160112715015755
-2.2954950495149665856e-17
0
0
DERIV 1
-0.6558160112715015755
2.2954950495149665856e-17
0
0
DERIV 2
0.3279080056357507877
-1.1477475247574832928e-17
0
0
DERIV 3
-0.10930266854525025333
-5.426033456018027118e-18
0
0
DERIV 4
0.027325667136312563332
1.3565083640045067794e-18
0
0
DERIV 5
-0.005465133427262513187
2.491153699921408110e-19
0
0
DERIV 6
0.0009108555712104188283
-5.379155915839983598e-21
0
0
DERIV 7
-0.00013012222445863127281
1.2384902693178973628e-20
0
0
DERIV 8
1.6265278057328909101e-5
-1.5481128366473717035e-21
0
0
DERIV 9
-1.8072531174809896883e-6
-3.974569940831156281e-23
0
0
DERIV 10
1.8072531174809898472e-7
-1.1907297820186975077e-23
0
0
DERIV 11
-1.6429573795281724079e-8
-7.222760800986989775e-25
0
0
DERIV 12
1.3691311496068104088e-9
-8.742044371194056676e-27
0
0
DERIV 13
-1.0531778073898541606e-10
6.724649516303120865e-28
0
0
DERIV 14
7.522698624213244466e-12
-5.096295348000600377e-28
0
0
DERIV 15
-5.015132416142162304e-13
-3.334082825885567230e-29
0
0
DERIV 16
3.134457760088851440e-14
2.0838017661784795186e-30
0
0
DERIV 17
-1.8437986824052068687e-15
1.6634173499091531601e-32
0
0
DERIV 18
1.0243326013362259697e-16
5.923630163427308903e-33
0
0
DERIV 19
-5.391224217559084010e-18
-3.523159021674843768e-34
0
0
DERIV 20
2.695612108779542390e-19
-2.0902803779370496618e-35
0
0
DERIV 21
-1.2836248137045438235e-20
-7.242086989471512044e-37
0
0
DERIV 22
5.834658244111563518e-22
-3.547382136842621892e-38
0
0
DERIV 23
-2.5368079322224187803e-23
1.3685768351362230174e-40
0
0
DERIV 24
1.0570033050926744918e-24
-5.702403479734262785e-42
0
0
DERIV 25
-4.228013220370698105e-26
1.6056285815592387103e-42
0
0
DERIV 26
1.6261589309118068530e-27
4.862425666838410502e-44
0
0
DERIV 27
-6.022810855228914229e-29
-2.2160979401104680573e-45
0
0
DERIV 28
2.1510038768674695176e-30
-7.099276617371368274e-47
0
0
DERIV 29
-7.417254747818859651e-32
-5.102073064725482437e-48
0
0
DERIV 30
2.4724182492729534906e-33
-1.0362200415592476686e-49
0
0
DERIV 31
-7.975542739590171860e-35
-3.554812021014544978e-51
0
0
DERIV 32
2.4923571061219287064e-36
1.1108787565670453057e-52
0
0
DERIV 33
-7.552597291278572565e-38
3.910403901989126547e-54
0
0
DERIV 34
2.2213521444936977941e-39
-9.581980750556687875e-56
0
0
DERIV 35
-6.346720412839135943e-41
-3.379764152875277125e-57
0
0
AT 55/128
0.6507124105818659077
-1.6981496173912734839e-17
0
0
DERIV 1
-0.6507124105818659077
1.6981496173912734839e-17
0
0
DERIV 2
0.3253562052909329538
-8.490748086956367420e-18
0
0
DERIV 3
-0.10845206843031097999
-1.7956799069526961884e-18
0
0
DERIV 4
0.027113017107577744996
4.489199767381740471e-19
0
0
DERIV 5
-0.005422603421515548826
-2.632563429453155189e-19
0
0
DERIV 6
0.0009037672369192581738
7.735984741369106347e-21
0
0
DERIV 7
-0.00012910960527417973524
-4.977291293358102242e-21
0
0
DERIV 8
1.6138700659272466905e-5
6.221614116697627802e-22
0
0
DERIV 9
-1.7931889621413852822e-6
1.4570331967736061705e-24
0
0
DERIV 10
1.7931889621413851763e-7
1.0442208521001393970e-23
0
0
DERIV 11
-1.6301717837648955547e-8
-1.5508775837659649501e-24
0
0
DERIV 12
1.3584764864707463645e-9
6.030808093441143960e-26
0
0
DERIV 13
-1.0449819126698048858e-10
-5.633290615811730761e-27
0
0
DERIV 14
7.464156519070034668e-12
6.331760631140711053e-28
0
0
DERIV 15
-4.976104346046690250e-13
4.909553864263699183e-30
0
0
DERIV 16
3.110065216279181406e-14
-3.068471165164811989e-31
0
0
DERIV 17
-1.8294501272230480484e-15
1.8046236969353073892e-31
0
0
DERIV 18
1.0163611817905821669e-16
-1.8083861091439456658e-33
0
0
DERIV 19
-5.349269377845169219e-18
1.4086429138639845732e-35
0
0
DERIV 20
2.674634688922584706e-19
-1.0333971178868171285e-35
0
0
DERIV 21
-1.2736355661536117646e-20
4.920938656603891327e-37
0
0
DERIV 22
5.789252573425507422e-22
3.747544578457149248e-38
0
0
DERIV 23
-2.5170663362719597872e-23
-1.2460538327567104171e-39
0
0
DERIV 24
1.0487776401133166392e-24
-9.304754407131208693e-42
0
0
DERIV 25
-4.195110560453266718e-26
1.9793113590500945373e-42
0
0
DERIV 26
1.6135040617127948500e-27
-3.473515917110134680e-44
0
0
DERIV 27
-5.975940969306647177e-29
-2.865508073143852505e-45
0
0
DERIV 28
2.1342646318952311848e-30
5.229320031496555260e-47
0
0
DERIV 29
-7.359533213431832087e-32
2.3493409125154625772e-48
0
0
DERIV 30
2.4531777378106106957e-33
-7.831136375051541671e-50
0
0
DERIV 31
-7.913476573582614389e-35
-5.061030023793477539e-51
0
0
DERIV 32
2.4729614292445669964e-36
1.5815718824354617310e-52
0
0
DERIV 33
-7.493822512862325054e-38
3.433196291672498875e-54
0
0
DERIV 34
2.2040654449595072153e-39
5.256021419783297379e-56
0
0
DERIV 35
-6.297329842741449798e-41
4.615752533096246274e-57
0
0
AT 7/16
0.6456485264278920555
-1.8153089476490167621e-17
0
0
DERIV 1
-0.6456485264278920555
1.8153089476490167621e-17
0
0
DERIV 2
0.3228242632139460278
-9.076544738245083810e-18
0
0
DERIV 3
-0.10760808773798200000
-6.226343625794609643e-18
0
0
DERIV 4
0.026902021934495500000
1.5565859064486524108e-18
0
0
DERIV 5
-0.005380404386899100520
2.0909986150331162690e-19
0
0
DERIV 6
0.0008967340644831833839
1.2900954989648764622e-21
0
0
DERIV 7
-0.00012810486635474047567
-7.928600589034299979e-21
0
0
DERIV 8
1.6013108294342559459e-5
9.910750736292874974e-22
0
0
DERIV 9
-1.7792342549269511451e-6
-1.6004680708331903218e-23
0
0
DERIV 10
1.7792342549269511451e-7
1.6004680708331902850e-24
0
0
DERIV 11
-1.6174856862972282235e-8
-1.0478759474063203002e-24
0
0
DERIV 12
1.3479047385810236575e-9
-5.054043980831125987e-26
0
0
DERIV 13
-1.0368497989084796371e-10
-6.054348531007639674e-27
0
0
DERIV 14
7.406069992203426672e-12
-2.599410194534395343e-28
0
0
DERIV 15
-4.937379994802283909e-13
-3.652350316619176992e-29
0
0
DERIV 16
3.085862496751427443e-14
2.2827189478869856201e-30
0
0
DERIV 17
-1.8152132333831928689e-15
1.2094211946050465884e-31
0
0
DERIV 18
1.0084517963239960109e-16
-3.979906271343967985e-33
0
0
DERIV 19
-5.307641033284189571e-18
2.500146446894138337e-34
0
0
DERIV 20
2.653820516642094882e-19
-2.2130381956406869345e-35
0
0
DERIV 21
-1.2637240555438546341e-20
3.373359174229328430e-37
0
0
DERIV 22
5.744200252472066348e-22
1.7646488563726881818e-39
0
0
DERIV 23
-2.4974783706400287190e-23
-1.3544351142143424934e-39
0
0
DERIV 24
1.0406159877666786329e-24
5.643479642559760389e-41
0
0
DERIV 25
-4.162463951066714784e-26
2.6808428732085424978e-43
0
0
DERIV 26
1.6009476734871980629e-27
-7.929793544833154616e-44
0
0
DERIV 27
-5.929435827730363279e-29
3.767359662130689765e-45
0
0
DERIV 28
2.1176556527608440282e-30
-1.3454855936181033485e-46
0
0
DERIV 29
-7.302260871589116508e-32
-3.665503937724744926e-48
0
0
DERIV 30
2.4340869571963722834e-33
8.145503626891140949e-51
0
0
DERIV 31
-7.851893410310878851e-35
4.910334805762599700e-51
0
0
DERIV 32
2.4537166907221496409e-36
-1.5344796268008124062e-52
0
0
DERIV 33
-7.435505123400453457e-38
4.649938263032765359e-54
0
0
DERIV 34
2.1869132715883686447e-39
-1.1757081812449743842e-55
0
0
DERIV 35
-6.248323633109624699e-41
3.359166232128498273e-57
0
0
AT 57/128
0.6406240497330474293
-4.619006563461039552e-17
0
0
DERIV 1
-0.6406240497330474293
4.619006563461039552e-17
0
0
DERIV 2
0.3203120248665237146
-2.3095032817305197762e-17
0
0
DERIV 3
-0.10677067495550789100
-6.179443535379390835e-18
0
0
DERIV 4
0.026692668738876972750
1.5448608838448477086e-18
0
0
DERIV 5
-0.005338533747775394897
3.797251842639189641e-20
0
0
DERIV 6
0.0008897556246292324467
2.981131934511816707e-20
0
0
DERIV 7
-0.00012710794637560464686
7.357691941613523425e-21
0
0
DERIV 8
1.5888493296950580857e-5
-9.197114927016904281e-22
0
0
DERIV 9
-1.7653881441056199776e-6
-1.5453299040687214236e-23
0
0
DERIV 10
1.7653881441056200835e-7
-9.042581936610032815e-24
0
0
DERIV 11
-1.6048983128232908346e-8
-6.819118467682291363e-25
0
0
DERIV 12
1.3374152606860756955e-9
5.682598723068576518e-26
0
0
DERIV 13
-1.0287809697585197857e-10
-2.3828148529541269770e-27
0
0
DERIV 14
7.348435498275141788e-12
-2.913952630440287016e-28
0
0
DERIV 15
-4.898956998850094794e-13
4.635280310114578531e-29
0
0
DERIV 16
3.061848124281309247e-14
-2.8970501938216115817e-30
0
0
DERIV 17
-1.8010871319301816777e-15
-6.160319601667338171e-32
0
0
DERIV 18
1.0006039621834342654e-16
3.422399778704076762e-33
0
0
DERIV 19
-5.266336643070706660e-18
-1.8012630414231984645e-34
0
0
DERIV 20
2.633168321535353330e-19
9.006315207115992055e-36
0
0
DERIV 21
-1.2538896769215968023e-20
-6.438196911558845715e-37
0
0
DERIV 22
5.699498531461803989e-22
-4.931667880471792257e-39
0
0
DERIV 23
-2.4780428397660016704e-23
-4.244352828176870045e-40
0
0
DERIV 24
1.0325178499025006348e-24
7.890846755606443289e-41
0
0
DERIV 25
-4.130071399610002815e-26
-4.012738175028410040e-43
0
0
DERIV 26
1.5884889998500011101e-27
-1.2161192162748667547e-44
0
0
DERIV 27
-5.883292592037040941e-29
-1.6255832003794078815e-45
0
0
DERIV 28
2.1011759257275145717e-30
1.0810291659657947092e-46
0
0
DERIV 29
-7.245434226646602840e-32
4.954927627992623850e-48
0
0
DERIV 30
2.4151447422155340746e-33
4.010407546865982271e-50
0
0
DERIV 31
-7.790789491017852233e-35
2.4999216701740899001e-51
0
0
DERIV 32
2.4346217159430788228e-36
-7.812255219294030938e-53
0
0
DERIV 33
-7.377641563463875379e-38
3.949242058694803305e-54
0
0
DERIV 34
2.1698945774893749195e-39
7.576654145010945408e-56
0
0
DERIV 35
-6.199698792826785455e-41
-2.4560665623244897757e-57
0
0
AT 29/64
0.6356386738260519920
-1.4420373617975652689e-17
0
0
DERIV 1
-0.6356386738260519920
1.4420373617975652689e-17
0
0
DERIV 2
0.3178193369130259960
-7.210186808987826344e-18
0
0
DERIV 3
-0.10593977897100866070
-2.2225336662755432135e-18
0
0
DERIV 4
0.026484944742752165175
5.556334165688858034e-19
0
0
DERIV 5
-0.005296988948550433382
2.358180118815842389e-19
0
0
DERIV 6
0.0008828314914250722303
-3.930300198026404183e-20
0
0
DERIV 7
-0.00012611878448929602129
-6.001737279449826923e-21
0
0
DERIV 8
1.5764848061162002661e-5
7.502171599312283654e-22
0
0
DERIV 9
-1.7516497845735559218e-6
-1.2771383276722573126e-23
0
0
DERIV 10
1.7516497845735559218e-7
1.2771383276722573493e-24
0
0
DERIV 11
-1.5924088950668691402e-8
1.0870683157432895028e-24
0
0
DERIV 12
1.3270074125557242145e-9
-2.1657308599188493310e-26
0
0
DERIV 13
-1.0207749327351723932e-10
-6.287712920764612828e-27
0
0
DERIV 14
7.291249519536946820e-12
-7.048684584401220548e-28
0
0
DERIV 15
-4.860833013024630944e-13
2.0064778331130935524e-29
0
0
DERIV 16
3.038020633140394340e-14
-1.2540486456956834702e-30
0
0
DERIV 17
-1.7870709606708199911e-15
-1.3504855457640410374e-31
0
0
DERIV 18
9.928172003726778002e-17
4.763597111116158685e-33
0
0
DERIV 19
-5.225353686171988990e-18
3.169268724974927350e-34
0
0
DERIV 20
2.612676843085994495e-19
-1.5846343624874635144e-35
0
0
DERIV 21
-1.2441318300409497308e-20
4.679910737459296955e-37
0
0
DERIV 22
5.655144682004317044e-22
-2.982137135806798811e-38
0
0
DERIV 23
-2.4587585573931811445e-23
-4.922143878570467459e-40
0
0
DERIV 24
1.0244827322471588102e-24
2.0508932827376947745e-41
0
0
DERIV 25
-4.097930928988635379e-26
5.571751292747902381e-43
0
0
DERIV 26
1.5761272803802443764e-27
-2.1429812664415011456e-44
0
0
DERIV 27
-5.837508445852756742e-29
-1.2823009595769508841e-45
0
0
DERIV 28
2.0848244449474132222e-30
-5.429628460973868778e-47
0
0
DERIV 29
-7.189049810163493945e-32
2.6272956246487570626e-48
0
0
DERIV 30
2.3963499367211644888e-33
7.207662452788191341e-50
0
0
DERIV 31
-7.730161086197304975e-35
-6.006880750334839849e-52
0
0
DERIV 32
2.4156753394366578047e-36
1.8771502344796374528e-53
0
0
DERIV 33
-7.320228301323205595e-38
6.966801894058842989e-55
0
0
DERIV 34
2.1530083239185897274e-39
1.3304598191155691592e-55
0
0
DERIV 35
-6.151452354053113798e-41
-8.882314171165707265e-58
0
0
AT 59/128
0.6306920944221606762
2.856684016938258360e-17
0
0
DERIV 1
-0.6306920944221606762
-2.856684016938258360e-17
0
0
DERIV 2
0.3153460472110803381
1.4283420084691291799e-17
0
0
DERIV 3
-0.10511534907036011732
-1.3521075895894453314e-19
0
0
DERIV 4
0.026278837267590029331
3.380268973973613329e-20
0
0
DERIV 5
-0.005255767453518005866
-6.760537947947227409e-21
0
0
DERIV 6
0.0008759612422530009416
3.726682874084135024e-20
0
0
DERIV 7
-0.00012513732032185727349
-9.195983293282709372e-21
0
0
DERIV 8
1.5642165040232159187e-5
1.1494979116603386714e-21
0
0
DERIV 9
-1.7380183378035734312e-6
6.050755364980689747e-23
0
0
DERIV 10
1.7380183378035733253e-7
4.537156475698065079e-24
0
0
DERIV 11
-1.5800166707305213552e-8
1.0914959795784080380e-24
0
0
DERIV 12
1.3166805589421009915e-9
4.690543712730394264e-26
0
0
DERIV 13
-1.0128311991862316313e-10
6.333964121854356163e-27
0
0
DERIV 14
7.234508565615940108e-12
-3.370269277115517453e-28
0
0
DERIV 15
-4.823005710410627008e-13
4.939491407898065414e-29
0
0
DERIV 16
3.014378569006641880e-14
-3.0871821299362908837e-30
0
0
DERIV 17
-1.7731638641215537803e-15
-8.522165147556042514e-32
0
0
DERIV 18
9.850910356230854198e-17
6.104086375762057395e-33
0
0
DERIV 19
-5.184689661174134032e-18
-7.799234259119430171e-35
0
0
DERIV 20
2.592344830587066920e-19
1.3529266851495895420e-35
0
0
DERIV 21
-1.2344499193271747666e-20
-2.143557255800345765e-37
0
0
DERIV 22
5.611135996941703399e-22
1.8292491895981843494e-38
0
0
DERIV 23
-2.4396243464963929483e-23
8.656988915540217331e-40
0
0
DERIV 24
1.0165101443734970006e-24
2.515287695724323549e-41
0
0
DERIV 25
-4.066040577493988117e-26
1.4182862368516070410e-43
0
0
DERIV 26
1.5638617605746108556e-27
-4.684714785717769979e-44
0
0
DERIV 27
-5.792080594720780864e-29
9.046804602955787997e-46
0
0
DERIV 28
2.0686002124002788299e-30
1.7736357286758509338e-47
0
0
DERIV 29
-7.133104180690616504e-32
-2.1216184240313464188e-48
0
0
DERIV 30
2.3777013935635387662e-33
1.3914339071273842250e-49
0
0
DERIV 31
-7.670004495366254809e-35
2.753833707580839223e-51
0
0
DERIV 32
2.3968764048019546277e-36
-8.605730336190122573e-53
0
0
DERIV 33
-7.263261832733195493e-38
-8.723653113597819805e-55
0
0
DERIV 34
2.1362534802156457910e-39
-3.191841261881692313e-56
0
0
DERIV 35
-6.103581372044701852e-41
-3.166360646247165788e-57
0
0
AT 15/32
0.6257840096045911293
-7.658883125910196119e-18
0
0
DERIV 1
-0.6257840096045911293
7.658883125910196119e-18
0
0
DERIV 2
0.3128920048022955647
-3.829441562955098060e-18
0
0
DERIV 3
-0.10429733493409852618
5.902409790256518528e-18
0
0
DERIV 4
0.026074333733524631546
-1.4756024475641296321e-18
0
0
DERIV 5
-0.005214866746704925615
-3.987689008778969210e-19
0
0
DERIV 6
0.0008691444577841543053
3.032141106346600770e-20
0
0
DERIV 7
-0.00012416349396916491238
7.284821696135260693e-21
0
0
DERIV 8
1.5520436746145614048e-5
-9.106027120169075866e-22
0
0
DERIV 9
-1.7244929717939569987e-6
-1.6465385783440867213e-23
0
0
DERIV 10
1.7244929717939570517e-7
-3.647417341995290398e-24
0
0
DERIV 11
-1.5677208834490518952e-8
6.323763447461273808e-25
0
0
DERIV 12
1.3064340695408764415e-9
8.516540669666066790e-26
0
0
DERIV 13
-1.0049492842622127169e-10
4.082671385635951881e-28
0
0
DERIV 14
7.178209173301519406e-12
-2.916193846882822452e-29
0
0
DERIV 15
-4.785472782201012938e-13
1.9441292312552149211e-30
0
0
DERIV 16
2.990920488875633086e-14
-1.2150807695345093257e-31
0
0
DERIV 17
-1.7593649934562547681e-15
1.8748429603453170770e-32
0
0
DERIV 18
9.774249963645859686e-17
3.279707602613027082e-34
0
0
DERIV 19
-5.144342086129399754e-18
-9.835340609321532847e-35
0
0
DERIV 20
2.572171043064699973e-19
-4.711979417275412574e-36
0
0
DERIV 21
-1.2248433538403333205e-20
2.243799722512101027e-37
0
0
DERIV 22
5.567469790183332762e-22
4.109520929719026793e-38
0
0
DERIV 23
-2.4206390392101449730e-23
1.1519876467430985031e-39
0
0
DERIV 24
1.0085995996708936775e-24
1.3224178824365039295e-41
0
0
DERIV 25
-4.034398398683574917e-26
1.5373315105802005099e-42
0
0
DERIV 26
1.5516916918013749542e-27
-4.533073475819413764e-44
0
0
DERIV 27
-5.747006265931017768e-29
-4.133877527636495437e-45
0
0
DERIV 28
2.0525022378325063456e-30
1.4763848312987483702e-46
0
0
DERIV 29
-7.077593923560367464e-32
2.4591173076164769700e-48
0
0
DERIV 30
2.3591979745201222827e-33
1.2329775281453139456e-49
0
0
DERIV 31
-7.610316046839104241e-35
-2.942728267529840066e-51
0
0
DERIV 32
2.3782237646372200754e-36
9.196025836030750207e-53
0
0
DERIV 33
-7.206738680718849251e-38
2.5917582778561320022e-54
0
0
DERIV 34
2.1196290237408379958e-39
-5.703611267812587070e-56
0
0
DERIV 35
-6.056082924973822816e-41
1.3382949841965193745e-57
0
0
AT 61/128
0.6209141198060957878
3.876422096230560006e-17
0
0
DERIV 1
-0.6209141198060957878
-3.876422096230560006e-17
0
0
DERIV 2
0.3104570599030478939
1.9382110481152800030e-17
0
0
DERIV 3
-0.10348568663434930259
-1.8347742244461139114e-18
0
0
DERIV 4
0.025871421658587325648
4.586935561115284779e-19
0
0
DERIV 5
-0.005174284331717465477
2.552059839730557137e-19
0
0
DERIV 6
0.0008623807219529109128
-4.253433066217595027e-20
0
0
DERIV 7
-0.00012319724599327297205
-9.412269512339213304e-21
0
0
DERIV 8
1.5399655749159121506e-5
1.1765336890424016630e-21
0
0
DERIV 9
-1.7110728610176802615e-6
-3.661119353201125233e-23
0
0
DERIV 10
1.7110728610176802085e-7
8.955075273540502059e-24
0
0
DERIV 11
-1.5555207827433457644e-8
3.890740479370854883e-25
0
0
DERIV 12
1.2962673189527880681e-9
3.650888038466184888e-26
0
0
DERIV 13
-9.971287068867600424e-11
-3.802582881215607956e-27
0
0
DERIV 14
7.122347906334000880e-12
-3.053823420176823394e-28
0
0
DERIV 15
-4.748231937556000452e-13
6.895596685406886883e-30
0
0
DERIV 16
2.967644960972500283e-14
-4.309747928379304302e-31
0
0
DERIV 17
-1.7456735064544119889e-15
8.335593672730560567e-32
0
0
DERIV 18
9.698186146968955083e-17
-5.222348257130969243e-34
0
0
DERIV 19
-5.104308498404713283e-18
1.0857783059067818308e-34
0
0
DERIV 20
2.552154249202356545e-19
4.200758192402269577e-36
0
0
DERIV 21
-1.2153115472392173594e-20
-6.299311812722589670e-37
0
0
DERIV 22
5.524143396541897174e-22
2.0084185688213314724e-38
0
0
DERIV 23
-2.4018014767573466868e-23
2.1172410920726764989e-41
0
0
DERIV 24
1.0007506153155610583e-24
6.034148031696386299e-41
0
0
DERIV 25
-4.003002461262244348e-26
-1.2657155107036642858e-42
0
0
DERIV 26
1.5396163312547094887e-27
-7.549523658079670175e-44
0
0
DERIV 27
-5.702282708350775303e-29
-3.016673756428992624e-45
0
0
DERIV 28
2.0365295386967056655e-30
-9.244714645965270212e-47
0
0
DERIV 29
-7.022515650678294983e-32
-9.647220799400440001e-49
0
0
DERIV 30
2.3408385502260985101e-33
-1.5030333487762575864e-49
0
0
DERIV 31
-7.551092097503543133e-35
3.651474178332769128e-52
0
0
DERIV 32
2.3597162804698572290e-36
-1.1410856807289903526e-53
0
0
DERIV 33
-7.150655395363203186e-38
-5.032649234008180943e-54
0
0
DERIV 34
2.1031339398127068963e-39
7.125080725908149805e-56
0
0
DERIV 35
-6.008954113750591336e-41
3.420295990067581080e-60
0
0
AT 31/64
0.6160821277906782800
-4.790177517910084161e-17
0
0
DERIV 1
-0.6160821277906782800
4.790177517910084161e-17
0
0
DERIV 2
0.3080410638953391400
-2.3950887589550420807e-17
0
0
DERIV 3
-0.10268035463177969946
-5.894158611297649563e-18
0
0
DERIV 4
0.025670088657944924865
1.4735396528244123907e-18
0
0
DERIV 5
-0.005134017731588984973
-2.947079305648824974e-19
0
0
DERIV 6
0.0008556696219314974955
4.911798842748041222e-20
0
0
DERIV 7
-0.00012223851741878535263
-1.0889006105659717367e-20
0
0
DERIV 8
1.5279814677348169078e-5
1.3611257632074646708e-21
0
0
DERIV 9
-1.6977571863720189747e-6
3.699334792234843873e-23
0
0
DERIV 10
1.6977571863720190277e-7
-8.993290712574220404e-24
0
0
DERIV 11
-1.5434156239745626020e-8
-6.863928671351211235e-25
0
0
DERIV 12
1.2861796866454689729e-9
-8.066402983091118169e-26
0
0
DERIV 13
-9.893689897272838153e-11
5.210717904597701977e-27
0
0
DERIV 14
7.066921355194884395e-12
-3.721941360426929792e-28
0
0
DERIV 15
-4.711280903463255994e-13
-2.1135098286976696353e-30
0
0
DERIV 16
2.944550564664534996e-14
1.3209436429360435220e-31
0
0
DERIV 17
-1.7320885674497264569e-15
-1.9371152388168077807e-32
0
0
DERIV 18
9.622714263609591975e-17
-4.402025598025466244e-33
0
0
DERIV 19
-5.064586454531363630e-18
-3.359569521338449597e-34
0
0
DERIV 20
2.532293227265681815e-19
1.6797847606692249052e-35
0
0
DERIV 21
-1.2058539177455629194e-20
7.047352639719447737e-37
0
0
DERIV 22
5.481154171570740457e-22
-2.3484371265471762858e-38
0
0
DERIV 23
-2.3831105093785825776e-23
-1.2788206313709206380e-39
0
0
DERIV 24
9.929627122410761964e-25
-6.916313523686659223e-41
0
0
DERIV 25
-3.971850848964304786e-26
2.7665254094746635234e-42
0
0
DERIV 26
1.5276349419093478290e-27
5.916397972812209840e-44
0
0
DERIV 27
-5.657907192256844309e-29
2.7911360313726052466e-45
0
0
DERIV 28
2.0206811400917299102e-30
1.0050206521166654260e-46
0
0
DERIV 29
-6.967866000316310564e-32
1.8194811835813908051e-48
0
0
DERIV 30
2.3226220001054368318e-33
-3.784178059325961893e-50
0
0
DERIV 31
-7.492329032598183225e-35
1.8608400232752490645e-52
0
0
DERIV 32
2.3413528226869322578e-36
-5.815125072735153327e-54
0
0
DERIV 33
-7.095008553596764101e-38
-2.987568073189128598e-54
0
0
DERIV 34
2.0867672216461070502e-39
1.2625379314084803996e-55
0
0
DERIV 35
-5.962192061846020697e-41
1.9276052357959473570e-57
0
0
AT 63/128
0.6112877386354506060
2.1815508172337325074e-17
0
0
DERIV 1
-0.6112877386354506060
-2.1815508172337325074e-17
0
0
DERIV 2
0.3056438693177253030
1.0907754086168662537e-17
0
0
DERIV 3
-0.10188128977257510099
-3.635918028722887512e-18
0
0
DERIV 4
0.025470322443143775248
9.089795071807218781e-19
0
0
DERIV 5
-0.005094064488628755223
-8.323553838463661362e-21
0
0
DERIV 6
0.0008490107481047925011
3.752733138926075803e-20
0
0
DERIV 7
-0.00012128724972925607932
2.3832538907163520070e-21
0
0
DERIV 8
1.5160906216157009915e-5
-2.979067363395440009e-22
0
0
DERIV 9
-1.6845451351285565867e-6
-3.748533045568680855e-23
0
0
DERIV 10
1.6845451351285567455e-7
-1.2133334715449450797e-23
0
0
DERIV 11
-1.5314046682986877399e-8
-1.0025202214577567697e-24
0
0
DERIV 12
1.2761705569155731166e-9
8.354335178814640130e-26
0
0
DERIV 13
-9.816696591658255936e-11
5.504077928118945762e-27
0
0
DERIV 14
7.011926136898753778e-12
6.844790053225593605e-29
0
0
DERIV 15
-4.674617424599169253e-13
2.1684196890689052831e-30
0
0
DERIV 16
2.921635890374480783e-14
-1.3552623056680658019e-31
0
0
DERIV 17
-1.7186093472791063778e-15
4.277481820485678993e-32
0
0
DERIV 18
9.547829707106146680e-17
-3.745928971834078193e-33
0
0
DERIV 19
-5.025173530055866147e-18
-3.299424599462920083e-34
0
0
DERIV 20
2.512586765027933170e-19
6.867473275378421148e-36
0
0
DERIV 21
-1.1964698881085395688e-20
-6.852684343162409737e-37
0
0
DERIV 22
5.438499491402452500e-22
3.969761502035486345e-38
0
0
DERIV 23
-2.3645649962619360228e-23
-1.9272976068201037639e-40
0
0
DERIV 24
9.852354151091400095e-25
8.030406695083766108e-42
0
0
DERIV 25
-3.940941660436559854e-26
-2.1579261909631747353e-42
0
0
DERIV 26
1.5157467924756001095e-27
-8.257164197856396490e-44
0
0
DERIV 27
-5.613877009168888713e-29
-2.7545846676227978195e-45
0
0
DERIV 28
2.0049560747031745405e-30
9.837802384367135625e-47
0
0
DERIV 29
-6.913641636907498453e-32
-3.014840675556335125e-48
0
0
DERIV 30
2.3045472123024995300e-33
5.487950479963770481e-50
0
0
DERIV 31
-7.434023265491934244e-35
9.886763201068567604e-52
0
0
DERIV 32
2.3231322704662294512e-36
-3.089613500333927376e-53
0
0
DERIV 33
-7.039794758988574253e-38
2.5181385074947717999e-54
0
0
DERIV 34
2.0705278702907569220e-39
1.3704989433245897160e-55
0
0
DERIV 35
-5.915793915116448290e-41
-4.498327736998695989e-57
0
0
AT 1/2
0.6065306597126334243
-6.593178415491413728e-19
0
0
DERIV 1
-0.6065306597126334243
6.593178415491413728e-19
0
0
DERIV 2
0.3032653298563167121
-3.296589207745706864e-19
0
0
DERIV 3
-0.10108844328543890867
4.735815576196342160e-18
0
0
DERIV 4
0.025272110821359727167
-1.1839538940490855399e-18
0
0
DERIV 5
-0.005054422164271945260
6.331843121213641780e-20
0
0
DERIV 6
0.0008424036940453241739
2.5587000547494079171e-20
0
0
DERIV 7
-0.00012034338486361773719
-5.591361100508983729e-21
0
0
DERIV 8
1.5042923107952217148e-5
6.989201375636229661e-22
0
0
DERIV 9
-1.6714359008835796596e-6
-1.0118648604191089062e-22
0
0
DERIV 10
1.6714359008835797655e-7
-4.692632364876652131e-25
0
0
DERIV 11
-1.5194871826214363009e-8
1.5466250443225652872e-24
0
0
DERIV 12
1.2662393188511967106e-9
7.790973277804314478e-26
0
0
DERIV 13
-9.740302452701514252e-11
4.943225769577576518e-27
0
0
DERIV 14
6.957358894786795894e-12
-3.530875549698268685e-28
0
0
DERIV 15
-4.638239263191197061e-13
3.344331157663889481e-30
0
0
DERIV 16
2.898899539494498163e-14
-2.090206973539930926e-31
0
0
DERIV 17
-1.7052350232320577778e-15
4.709802213351482071e-32
0
0
DERIV 18
9.473527906844765295e-17
-1.2470066025198999666e-33
0
0
DERIV 19
-4.986067319391981775e-18
1.0617782001446285380e-34
0
0
DERIV 20
2.493033659695990791e-19
4.320758721213036308e-36
0
0
DERIV 21
-1.1871588855695194315e-20
-1.3410123581716705682e-37
0
0
DERIV 22
5.396176752588724603e-22
1.4644560543124228727e-38
0
0
DERIV 23
-2.3461638054733585870e-23
2.1356018327984365307e-42
0
0
DERIV 24
9.775682522805660779e-25
-8.898340969993486208e-44
0
0
DERIV 25
-3.910273009122264518e-26
2.0698579999427996729e-42
0
0
DERIV 26
1.5039511573547170534e-27
-1.0622921754116684892e-44
0
0
DERIV 27
-5.570189471684137152e-29
-4.369575435214959012e-46
0
0
DERIV 28
1.9893533827443346971e-30
1.5605626554339137244e-47
0
0
DERIV 29
-6.859839250842533250e-32
-2.4256499247250793776e-48
0
0
DERIV 30
2.2866130836141776814e-33
1.4927777406919619033e-49
0
0
DERIV 31
-7.376171237465089502e-35
-2.746174871838177023e-51
0
0
DERIV 32
2.3050535117078404693e-36
8.581796474494303195e-53
0
0
DERIV 33
-6.985010641538910260e-38
-5.131571573797701742e-54
0
0
DERIV 34
2.0544148945702677427e-39
1.3173650373523085293e-55
0
0
DERIV 35
-5.869756841629336495e-41
-2.889975401185365093e-57
0
0
AT 33/64
0.5971272734216274136
-1.4241634624074989729e-19
0
0
DERIV 1
-0.5971272734216274136
1.4241634624074989729e-19
0
0
DERIV 2
0.2985636367108137068
-7.120817312037494865e-20
0
0
DERIV 3
-0.09952121223693789764
-4.602193211564693615e-18
0
0
DERIV 4
0.024880303059234474411
1.1505483028911734036e-18
0
0
DERIV 5
-0.004976060611846895229
1.1683503461712671408e-19
0
0
DERIV 6
0.0008293434353078157992
5.280763906284583924e-20
0
0
DERIV 7
-0.00011847763361540226284
-1.7357225135199178890e-21
0
0
DERIV 8
1.4809704201925282855e-5
2.169653141899897361e-22
0
0
DERIV 9
-1.6455226891028092532e-6
2.2950128826351159267e-23
0
0
DERIV 10
1.6455226891028092003e-7
2.9989430377042613394e-24
0
0
DERIV 11
-1.4959297173661901520e-8
-5.734241352651247559e-25
0
0
DERIV 12
1.2466080978051584600e-9
4.778534460542705916e-26
0
0
DERIV 13
-9.589293060039681058e-11
2.2894490631860987081e-27
0
0
DERIV 14
6.849495042885486008e-12
2.980642480274592666e-28
0
0
DERIV 15
-4.566330028590324140e-13
-6.407723752725351124e-30
0
0
DERIV 16
2.853956267868952588e-14
4.004827345453344453e-31
0
0
DERIV 17
-1.6787978046287955702e-15
-9.316318190452071812e-32
0
0
DERIV 18
9.326654470159975801e-17
1.0670817800028252894e-33
0
0
DERIV 19
-4.908765510610513823e-18
1.8711316244876530868e-34
0
0
DERIV 20
2.454382755305256911e-19
-9.355658122438265167e-36
0
0
DERIV 21
-1.1687536930025032123e-20
-3.426334446256925471e-37
0
0
DERIV 22
5.312516786375014430e-22
3.267234713131020443e-38
0
0
DERIV 23
-2.3097899071195714914e-23
-1.4205368317960959511e-39
0
0
DERIV 24
9.624124612998215772e-25
-6.325829355248428752e-41
0
0
DERIV 25
-3.849649845199286309e-26
2.5303317420993715007e-42
0
0
DERIV 26
1.4806345558458791840e-27
6.824835155024871925e-44
0
0
DERIV 27
-5.483831688318070886e-29
-4.188514904023809627e-45
0
0
DERIV 28
1.9585113172564538878e-30
1.4958981800085034381e-46
0
0
DERIV 29
-6.753487300884324732e-32
4.656859743625107756e-48
0
0
DERIV 30
2.2511624336281080617e-33
2.723207942145697024e-50
0
0
DERIV 31
-7.261814302026155176e-35
5.010372883876826197e-52
0
0
DERIV 32
2.2693169693831734924e-36
-1.5657415262115081864e-53
0
0
DERIV 33
-6.876718089039919832e-38
2.0563591213970689361e-54
0
0
DERIV 34
2.0225641438352706348e-39
-1.5644151045283327803e-55
0
0
DERIV 35
-5.778754696672201493e-41
1.2653668545459610132e-57
0
0
AT 17/32
0.5878696731223465033
-9.261624149939299853e-18
0
0
DERIV 1
-0.5878696731223465033
9.261624149939299853e-18
0
0
DERIV 2
0.2939348365611732516
-4.630812074969649927e-18
0
0
DERIV 3
-0.09797827885372441259
-3.0823252442816025330e-18
0
0
DERIV 4
0.024494569713431103147
7.705813110704006332e-19
0
0
DERIV 5
-0.004898913942686221150
3.663007805789620306e-19
0
0
DERIV 6
0.0008164856571143701194
1.1230014735873294017e-20
0
0
DERIV 7
-0.00011664080815919572747
-5.476438435430129159e-21
0
0
DERIV 8
1.4580101019899465933e-5
6.845548044287661449e-22
0
0
DERIV 9
-1.6200112244332740867e-6
1.8053126980614910788e-23
0
0
DERIV 10
1.6200112244332739808e-7
8.782599142617262866e-24
0
0
DERIV 11
-1.4727374767575218609e-8
-1.9683220383573108209e-25
0
0
DERIV 12
1.2272812306312682864e-9
-5.252903405977471798e-26
0
0
DERIV 13
-9.440624851009755154e-11
-4.907172275422677327e-27
0
0
DERIV 14
6.743303465006968083e-12
2.351132243950032186e-28
0
0
DERIV 15
-4.495535643337978991e-13
1.1252237271876989600e-29
0
0
DERIV 16
2.8097097770862368694e-14
-7.032648294923118500e-31
0
0
DERIV 17
-1.6527704571095510764e-15
1.8166728051870937914e-32
0
0
DERIV 18
9.182058095053061399e-17
3.602875131269822591e-34
0
0
DERIV 19
-4.832662155291084622e-18
-3.433296492192703611e-34
0
0
DERIV 20
2.416331077645542504e-19
-2.0928169829088400087e-36
0
0
DERIV 21
-1.1506338464978773111e-20
-6.168338432198305045e-37
0
0
DERIV 22
5.230153847717624227e-22
1.9488852140375656865e-38
0
0
DERIV 23
-2.2739799337902714413e-23
-4.640280221395000312e-40
0
0
DERIV 24
9.474916390792797672e-25
1.9334500922479169666e-41
0
0
DERIV 25
-3.789966556317119069e-26
-7.733800368991667803e-43
0
0
DERIV 26
1.4576794447373534604e-27
5.734018656282589155e-44
0
0
DERIV 27
-5.398812758286493966e-29
-5.445306973319043809e-45
0
0
DERIV 28
1.9281474136737481452e-30
-1.0580299330820923352e-46
0
0
DERIV 29
-6.648784185081889929e-32
1.3833492342408082238e-48
0
0
DERIV 30
2.2162613950272965975e-33
-4.964567557868007505e-52
0
0
DERIV 31
-7.149230306539666754e-35
3.119870526422768882e-51
0
0
DERIV 32
2.2341344707936458606e-36
-9.749595395071152755e-53
0
0
DERIV 33
-6.770104456950441749e-38
4.233956594039522130e-55
0
0
DERIV 34
1.9912071932207181997e-39
-5.083695744128403236e-56
0
0
DERIV 35
-5.689163409202051358e-41
-4.956296675604721346e-57
0
0
AT 35/64
0.5787555986124842677
-4.142861778589799393e-17
0
0
DERIV 1
-0.5787555986124842677
4.142861778589799393e-17
0
0
DERIV 2
0.2893777993062421339
-2.0714308892948996965e-17
0
0
DERIV 3
-0.09645926643541404000
2.2788403617115135318e-18
0
0
DERIV 4
0.024114816608853509999
-5.697100904278783829e-19
0
0
DERIV 5
-0.004822963321770701653
-2.330026771097857327e-19
0
0
DERIV 6
0.0008038272202951170144
-3.344636531406933614e-20
0
0
DERIV 7
-0.00011483246004215957349
4.778052187724190985e-21
0
0
DERIV 8
1.4354057505269946686e-5
-5.972565234655238732e-22
0
0
DERIV 9
-1.5948952783633273625e-6
1.9304449982041524584e-23
0
0
DERIV 10
1.5948952783633273625e-7
-1.9304449982041523114e-24
0
0
DERIV 11
-1.4499047985121158292e-8
6.266844248656653389e-25
0
0
DERIV 12
1.2082539987600964554e-9
1.6708015640613530867e-26
0
0
DERIV 13
-9.294261528923818490e-11
-5.262061840398289107e-27
0
0
DERIV 14
6.638758234945584751e-12
2.604624790361183777e-28
0
0
DERIV 15
-4.425838823297056535e-13
-1.3998358740131573692e-29
0
0
DERIV 16
2.7661492645606603341e-14
8.748974212582233558e-31
0
0
DERIV 17
-1.6271466262121532537e-15
6.454440245848859687e-32
0
0
DERIV 18
9.039703478956406006e-17
6.001051142144874426e-33
0
0
DERIV 19
-4.757738673134950773e-18
-7.256943555871094929e-35
0
0
DERIV 20
2.378869336567475483e-19
-6.001177944000631400e-36
0
0
DERIV 21
-1.1327949221749882606e-20
-3.590722370224819099e-37
0
0
DERIV 22
5.149067828068128885e-22
-2.642378380160672834e-38
0
0
DERIV 23
-2.2387251426383167532e-23
-3.843933357852997199e-40
0
0
DERIV 24
9.328021427659652526e-25
7.724005309638163277e-41
0
0
DERIV 25
-3.731208571063861217e-26
-1.0233034603004630506e-42
0
0
DERIV 26
1.4350802196399466357e-27
2.556042513205037695e-44
0
0
DERIV 27
-5.315111924592395570e-29
5.281310762478802742e-45
0
0
DERIV 28
1.8982542587829983678e-30
-1.3857186779121377954e-46
0
0
DERIV 29
-6.545704340631028477e-32
1.0032905264081874377e-48
0
0
DERIV 30
2.1819014468770095151e-33
-5.625060973972632124e-50
0
0
DERIV 31
-7.038391764119385015e-35
-3.358557189219529387e-51
0
0
DERIV 32
2.1994974262873078173e-36
1.0495491216311029335e-52
0
0
DERIV 33
-6.665143716022145629e-38
4.096251280582890908e-54
0
0
DERIV 34
1.9603363870653369496e-39
-1.2047797884067325773e-55
0
0
DERIV 35
-5.600961105900961868e-41
-5.005710853300282086e-57
0
0
AT 9/16
0.5697828247309230099
-9.276604382700605680e-20
0
0
DERIV 1
-0.5697828247309230099
9.276604382700605680e-20
0
0
DERIV 2
0.2848914123654615049
-4.638302191350302840e-20
0
0
DERIV 3
-0.09496380412182049702
-4.610468261966984437e-18
0
0
DERIV 4
0.023740951030455124254
1.1526170654917461093e-18
0
0
DERIV 5
-0.004748190206091024677
-4.039957606960299409e-19
0
0
DERIV 6
0.0007913650343485042213
-4.108759046587878859e-20
0
0
DERIV 7
-0.00011305214776407202968
3.933580472829997272e-21
0
0
DERIV 8
1.4131518470509003710e-5
-4.916975591037496590e-22
0
0
DERIV 9
-1.5701687189454448802e-6
7.816175510192497414e-23
0
0
DERIV 10
1.5701687189454447214e-7
8.065692250825634237e-24
0
0
DERIV 11
-1.4274261081322225191e-8
-2.820553250461334675e-25
0
0
DERIV 12
1.1895217567768520993e-9
2.3504610420511121333e-26
0
0
DERIV 13
-9.150167359821939424e-11
1.8036797859776872092e-28
0
0
DERIV 14
6.535833828444242561e-12
-1.2828250803502863880e-28
0
0
DERIV 15
-4.357222552296161438e-13
-1.8374285029208625917e-29
0
0
DERIV 16
2.7232640951851008988e-14
1.1483928143255391198e-30
0
0
DERIV 17
-1.6019200559912358692e-15
-2.1148935829678082952e-32
0
0
DERIV 18
8.899555866617977188e-17
-1.946093032488075918e-34
0
0
DERIV 19
-4.683976771904198358e-18
-1.5194097935635630272e-34
0
0
DERIV 20
2.341988385952099468e-19
-2.1291900197990722660e-35
0
0
DERIV 21
-1.1152325647390949345e-20
5.123557530772869446e-37
0
0
DERIV 22
5.069238930632249361e-22
1.0907301429498955160e-38
0
0
DERIV 23
-2.2040169263618474969e-23
-9.853149972922534390e-40
0
0
DERIV 24
9.183403859841032462e-25
-8.139253665681105545e-41
0
0
DERIV 25
-3.673361543936412548e-26
-1.1064846012321404074e-42
0
0
DERIV 26
1.4128313630524663234e-27
8.394930083975384146e-44
0
0
DERIV 27
-5.232708752046171361e-29
-5.185231089360982589e-45
0
0
DERIV 28
1.8688245543022043576e-30
-1.1509141773528285964e-46
0
0
DERIV 29
-6.444222601042083086e-32
-5.091449804331736384e-48
0
0
DERIV 30
2.1480742003473612795e-33
-8.116852064292956261e-50
0
0
DERIV 31
-6.929271614023745994e-35
1.9285936439416772029e-51
0
0
DERIV 32
2.1653973793824206231e-36
-6.026855137317741259e-53
0
0
DERIV 33
-6.561810240552789356e-38
-2.2865994412482393026e-54
0
0
DERIV 34
1.9299441883978793374e-39
-4.789950704561398435e-56
0
0
DERIV 35
-5.514126252565369302e-41
-9.619085372676448968e-58
0
0
AT 37/64
0.5609491608144707708
3.284656806980418682e-17
0
0
DERIV 1
-0.5609491608144707708
-3.284656806980418682e-17
0
0
DERIV 2
0.2804745804072353854
1.6423284034902093409e-17
0
0
DERIV 3
-0.09349152680241179514
-5.474428011634031393e-18
0
0
DERIV 4
0.023372881700602948785
1.3686070029085078483e-18
0
0
DERIV 5
-0.004674576340120590277
2.466956422113405779e-19
0
0
DERIV 6
0.0007790960566867650462
-4.111594036855676499e-20
0
0
DERIV 7
-0.00011129943666953785600
-1.8705954651026372098e-21
0
0
DERIV 8
1.3912429583692232000e-5
2.338244331378296512e-22
0
0
DERIV 9
-1.5458255092991368654e-6
-4.950918555015608047e-23
0
0
DERIV 10
1.5458255092991370242e-7
-1.0930949206002523017e-23
0
0
DERIV 11
-1.4052959175446699017e-8
-2.094491449859926531e-25
0
0
DERIV 12
1.1710799312872249181e-9
1.7454095415499389675e-26
0
0
DERIV 13
-9.008307163747884582e-11
4.622622077795919659e-27
0
0
DERIV 14
6.434505116962774124e-12
2.468081136905172178e-28
0
0
DERIV 15
-4.289670077975182850e-13
-6.356454659205530546e-30
0
0
DERIV 16
2.6810437987344892815e-14
3.972784162003456591e-31
0
0
DERIV 17
-1.5770845874908759784e-15
-9.297469259010960855e-32
0
0
DERIV 18
8.761581041615978342e-17
-1.6824902139263047424e-33
0
0
DERIV 19
-4.611358442955777953e-18
-3.308556417570412907e-35
0
0
DERIV 20
2.305679221477888977e-19
1.6542782087852065203e-36
0
0
DERIV 21
-1.0979424864180423125e-20
-6.519685886288300605e-37
0
0
DERIV 22
4.990647665536556564e-22
-3.020841292236963497e-38
0
0
DERIV 23
-2.1698468111028504246e-23
-1.2420132442932495059e-39
0
0
DERIV 24
9.041028379595210103e-25
5.175055184555206274e-41
0
0
DERIV 25
-3.616411351838084225e-26
-2.3331215066225837255e-43
0
0
DERIV 26
1.3909274430146478063e-27
-1.8621256272001846829e-44
0
0
DERIV 27
-5.151583122276472942e-29
-3.462319291629019378e-45
0
0
DERIV 28
1.8398511150987402862e-30
1.7370063414120843349e-46
0
0
DERIV 29
-6.344314189995656310e-32
-4.479657142450272813e-48
0
0
DERIV 30
2.1147713966652190438e-33
-1.2436920156509840328e-49
0
0
DERIV 31
-6.821843215049093448e-35
1.5977996671779654818e-51
0
0
DERIV 32
2.1318260047028417026e-36
-4.993123959931142131e-53
0
0
DERIV 33
-6.460078802129822930e-38
-2.5998513131835722928e-54
0
0
DERIV 34
1.9000231770970068209e-39
-3.0207276517169275110e-58
0
0
DERIV 35
-5.428637648848590829e-41
-8.652940551020397581e-58
0
0
AT 19/32
0.5522524501630203808
-1.5752952405025438132e-17
0
0
DERIV 1
-0.5522524501630203808
1.5752952405025438132e-17
0
0
DERIV 2
0.2761262250815101904
-7.876476202512719066e-18
0
0
DERIV 3
-0.09204207502717005884
-2.0004372017672458964e-18
0
0
DERIV 4
0.023010518756792514711
5.001093004418114741e-19
0
0
DERIV 5
-0.004602103751358502942
-1.0002186008836229964e-19
0
0
DERIV 6
0.0007670172918930838598
-1.9469762401456429188e-20
0
0
DERIV 7
-0.00010957389884186911509
-4.962906603259827394e-21
0
0
DERIV 8
1.3696737355233639386e-5
6.203633254074784243e-22
0
0
DERIV 9
-1.5218597061370710429e-6
-6.892925837860870728e-23
0
0
DERIV 10
1.5218597061370711488e-7
-3.694986002817883364e-24
0
0
DERIV 11
-1.3835088237609738017e-8
6.367007684572721625e-25
0
0
DERIV 12
1.1529240198008115014e-9
-5.305839737143935070e-26
0
0
DERIV 13
-8.868646306160087677e-11
-3.872244553668393581e-27
0
0
DERIV 14
6.334747361542919654e-12
3.919879776829303921e-28
0
0
DERIV 15
-4.223164907695280072e-13
4.159726914958160382e-30
0
0
DERIV 16
2.6394780673095500451e-14
-2.599829321848850239e-31
0
0
DERIV 17
-1.5526341572409118377e-15
6.169669631799392856e-32
0
0
DERIV 18
8.625745318005065628e-17
-2.0580440572131840970e-33
0
0
DERIV 19
-4.539865956844771424e-18
1.4886400184042517420e-34
0
0
DERIV 20
2.269932978422385616e-19
2.1864496299149202210e-36
0
0
DERIV 21
-1.0809204659154216572e-20
-7.489592643517939515e-37
0
0
DERIV 22
4.913274845070098442e-22
3.404360292508154088e-38
0
0
DERIV 23
-2.1362064543783039003e-23
8.197236026922345663e-40
0
0
DERIV 24
8.900860226576266251e-25
-3.415515011217644196e-41
0
0
DERIV 25
-3.560344090630506501e-26
1.3662060044870576594e-42
0
0
DERIV 26
1.3693631117809639145e-27
7.163021758912772508e-44
0
0
DERIV 27
-5.071715228818385450e-29
3.159822607972288241e-45
0
0
DERIV 28
1.8113268674351374604e-30
8.733468747596357018e-47
0
0
DERIV 29
-6.245954715293577299e-32
-4.521560844348761859e-48
0
0
DERIV 30
2.0819849050978593733e-33
-1.2297241150181543885e-49
0
0
DERIV 31
-6.716080339025351989e-35
-4.310096795710817713e-51
0
0
DERIV 32
2.0987751059454224967e-36
1.3469052486596305354e-52
0
0
DERIV 33
-6.359924563470978180e-38
5.093442498459650694e-54
0
0
DERIV 34
1.8705660480796992728e-39
4.211358733937863201e-56
0
0
DERIV 35
-5.344474423084855123e-41
-6.206288821966641667e-58
0
0
AT 39/64
0.5436905695130004323
-8.326348733999239042e-18
0
0
DERIV 1
-0.5436905695130004323
8.326348733999239042e-18
0
0
DERIV 2
0.2718452847565002162
-4.163174366999619521e-18
0
0
DERIV 3
-0.09061509491883340539
1.3877247889998731737e-18
0
0
DERIV 4
0.022653773729708351348
-3.469311972499682934e-19
0
0
DERIV 5
-0.004530754745941670096
-1.0408610814768705317e-19
0
0
DERIV 6
0.0007551257909902783132
5.348775710746465465e-20
0
0
DERIV 7
-0.00010787511299861119341
-1.8328822341797485549e-21
0
0
DERIV 8
1.3484389124826399176e-5
2.291102792724685694e-22
0
0
DERIV 9
-1.4982654583140444235e-6
4.512938124091740617e-23
0
0
DERIV 10
1.4982654583140444764e-7
-9.806894044431118324e-24
0
0
DERIV 11
-1.3620595075582222212e-8
5.907428722017279158e-25
0
0
DERIV 12
1.1350495896318518510e-9
-4.922857268347733014e-26
0
0
DERIV 13
-8.731150689475782773e-11
-3.1726389857315441775e-27
0
0
DERIV 14
6.236536206768416498e-12
-4.181091575265729762e-30
0
0
DERIV 15
-4.157690804512277497e-13
-1.6550293206363869865e-29
0
0
DERIV 16
2.5985567528201734354e-14
1.0343933253977418665e-30
0
0
DERIV 17
-1.5285627957765726439e-15
-2.604397920482252821e-32
0
0
DERIV 18
8.492015532092069970e-17
4.185988098951987231e-33
0
0
DERIV 19
-4.469481858995826624e-18
1.0405198542564039692e-34
0
0
DERIV 20
2.234740929497913120e-19
1.4056700172590339753e-35
0
0
DERIV 21
-1.0641623473799587573e-20
6.203185557311983420e-37
0
0
DERIV 22
4.837101578999812362e-22
-1.1098198339457561952e-38
0
0
DERIV 23
-2.1030876430433964876e-23
-1.4340365137555747864e-39
0
0
DERIV 24
8.762865179347485365e-25
5.975152140648227937e-41
0
0
DERIV 25
-3.505146071738994467e-26
8.241815092704011853e-43
0
0
DERIV 26
1.3481331045149978031e-27
3.728771250251402789e-44
0
0
DERIV 27
-4.993085572277769641e-29
-1.3810263889820010043e-45
0
0
DERIV 28
1.7832448472420606862e-30
-5.077037641670118349e-47
0
0
DERIV 29
-6.149120162903657010e-32
-3.534367004097437430e-48
0
0
DERIV 30
2.0497067209678856245e-33
1.6342741785548804830e-49
0
0
DERIV 31
-6.611957164412535066e-35
2.6602237249352885170e-51
0
0
DERIV 32
2.0662366138789172080e-36
-8.313199140422776616e-53
0
0
DERIV 33
-6.261323072360354480e-38
-4.441173511191524315e-54
0
0
DERIV 34
1.8415656095177515863e-39
-1.3806625717665913215e-55
0
0
DERIV 35
-5.261616027193575873e-41
3.070825499511886758e-57
0
0
AT 5/8
0.5352614285189902787
-3.678989186939499856e-17
0
0
DERIV 1
-0.5352614285189902787
3.678989186939499856e-17
0
0
DERIV 2
0.2676307142594951394
-1.8394945934697499279e-17
0
0
DERIV 3
-0.08921023808649837517
1.5057193756276805846e-18
0
0
DERIV 4
0.022302559521624593791
-3.764298439069201461e-19
0
0
DERIV 5
-0.004460511904324919105
4.222306639767454385e-19
0
0
DERIV 6
0.0007434186507208198147
-3.423170491327408994e-20
0
0
DERIV 7
-0.00010620266438868853915
-9.179823649903319037e-22
0
0
DERIV 8
1.3275333048586067394e-5
1.1474779562379148796e-22
0
0
DERIV 9
-1.4750370053984518621e-6
-8.333583400716853214e-23
0
0
DERIV 10
1.4750370053984519150e-7
3.0396274803774757277e-24
0
0
DERIV 11
-1.3409427321804108770e-8
1.7485965408551730196e-25
0
0
DERIV 12
1.1174522768170091331e-9
-8.350335555321208523e-26
0
0
DERIV 13
-8.595786744746223703e-11
2.4465051745113732831e-27
0
0
DERIV 14
6.139847674818731332e-12
-2.901494506002861235e-28
0
0
DERIV 15
-4.093231783212487353e-13
-8.515424669721619920e-31
0
0
DERIV 16
2.5582698645078045953e-14
5.322140418576012450e-32
0
0
DERIV 17
-1.5048646261810615615e-15
3.167201616058816185e-32
0
0
DERIV 18
8.360359034339231034e-17
-3.129106636041376861e-33
0
0
DERIV 19
-4.400188965441700747e-18
3.674192907797814765e-34
0
0
DERIV 20
2.200094482720850277e-19
-8.741314817052895898e-36
0
0
DERIV 21
-1.0476640393908810700e-20
2.729547275689447283e-37
0
0
DERIV 22
4.762109269958550147e-22
4.691066577008512349e-39
0
0
DERIV 23
-2.0704822912863260744e-23
-9.705861669279489401e-40
0
0
DERIV 24
8.627009547026358643e-25
4.044109028866453577e-41
0
0
DERIV 25
-3.450803818810543572e-26
-4.696999095716913819e-43
0
0
DERIV 26
1.3272322380040552338e-27
4.267980873251469587e-45
0
0
DERIV 27
-4.915674955570575127e-29
1.7103245867571090152e-45
0
0
DERIV 28
1.7555981984180623952e-30
8.905610022204793841e-47
0
0
DERIV 29
-6.053786891096767106e-32
-8.058701623042114946e-49
0
0
DERIV 30
2.0179289636989222320e-33
1.6370789190019414117e-49
0
0
DERIV 31
-6.509448269996523708e-35
-1.4872982147141136146e-51
0
0
DERIV 32
2.0342025843739136589e-36
4.647806920981605046e-53
0
0
DERIV 33
-6.164250255678526271e-38
-1.0920479412429822502e-54
0
0
DERIV 34
1.8130147810819196257e-39
-1.0222544665752897458e-55
0
0
DERIV 35
-5.180042231662627356e-41
1.4641858714654426152e-57
0
0
AT 41/64
0.5269629692433709378
5.334790260466548151e-17
0
0
DERIV 1
-0.5269629692433709378
-5.334790260466548151e-17
0
0
DERIV 2
0.2634814846216854689
2.6673951302332740753e-17
0
0
DERIV 3
-0.08782716154056183222
3.605414377653912884e-19
0
0
DERIV 4
0.021956790385140458055
-9.013535944134782210e-20
0
0
DERIV 5
-0.004391358077028091958
3.649717670836309905e-19
0
0
DERIV 6
0.0007318930128380152179
4.759158940127861365e-20
0
0
DERIV 7
-0.00010455614469114504468
6.753728670171861047e-21
0
0
DERIV 8
1.3069518086393130585e-5
-8.442160837714826309e-22
0
0
DERIV 9
-1.4521686762659032572e-6
-4.737037078999643346e-23
0
0
DERIV 10
1.4521686762659033631e-7
-5.850874761679110598e-24
0
0
DERIV 11
-1.3201533420599121482e-8
5.318977056071918976e-25
0
0
DERIV 12
1.1001277850499267213e-9
2.4606908912152981440e-26
0
0
DERIV 13
-8.462521423460974680e-11
-2.8870466140995413680e-27
0
0
DERIV 14
6.044658159614981799e-12
3.216166962851552661e-28
0
0
DERIV 15
-4.029772106409987866e-13
-2.1441113085677018111e-29
0
0
DERIV 16
2.5186075665062424161e-14
1.3400695678548136319e-30
0
0
DERIV 17
-1.4815338626507309374e-15
2.558043934661546874e-32
0
0
DERIV 18
8.230743681392950063e-17
-5.529786067282518311e-33
0
0
DERIV 19
-4.331970358627868454e-18
2.910413719622377923e-34
0
0
DERIV 20
2.1659851793139340345e-19
4.707230845760468780e-36
0
0
DERIV 21
-1.0314215139590162499e-20
2.057412270740333011e-37
0
0
DERIV 22
4.688279608904619232e-22
-8.028241337485130804e-40
0
0
DERIV 23
-2.0383824386541823005e-23
2.9044764729825873149e-40
0
0
DERIV 24
8.493260161059093531e-25
-7.332564940942158649e-41
0
0
DERIV 25
-3.397304064423636999e-26
-1.1995713507327409652e-42
0
0
DERIV 26
1.3066554093937065933e-27
-9.052241412918142040e-45
0
0
DERIV 27
-4.839464479235950470e-29
1.5808668354338425649e-45
0
0
DERIV 28
1.7283801711556965965e-30
-5.645952983692295291e-47
0
0
DERIV 29
-5.959931624674816039e-32
3.834405210331418048e-48
0
0
DERIV 30
1.9866438748916052322e-33
-1.3775546047113581353e-50
0
0
DERIV 31
-6.408528628682597902e-35
4.237973977134522366e-51
0
0
DERIV 32
2.0026651964633118445e-36
-1.3243668678545382394e-52
0
0
DERIV 33
-6.068682413525186712e-38
-2.947091832972552990e-54
0
0
DERIV 34
1.7849065922132904012e-39
-1.0524154808899917562e-55
0
0
DERIV 35
-5.099733120609400622e-41
-2.2366468592416953151e-57
0
0
AT 21/32
0.5187931656538893321
2.4208659867147630613e-17
0
0
DERIV 1
-0.5187931656538893321
-2.4208659867147630613e-17
0
0
DERIV 2
0.2593965828269446661
1.2104329933573815306e-17
0
0
DERIV 3
-0.08646552760898155998
5.911526247468806113e-19
0
0
DERIV 4
0.021616381902245389995
-1.4778815618672015284e-19
0
0
DERIV 5
-0.004323276380449077652
-3.173870639580173691e-19
0
0
DERIV 6
0.0007205460634081796087
5.289784399300289685e-20
0
0
DERIV 7
-0.00010293515191545423175
-5.620759548133441632e-21
0
0
DERIV 8
1.2866893989431778969e-5
7.025949435166802040e-22
0
0
DERIV 9
-1.4296548877146421076e-6
-7.806610483518669717e-23
0
0
DERIV 10
1.4296548877146422135e-7
-2.7813013571600852561e-24
0
0
DERIV 11
-1.2996862615587655885e-8
-3.487403221149214884e-25
0
0
DERIV 12
1.0830718846323046571e-9
2.906169350957679261e-26
0
0
DERIV 13
-8.331322189479266195e-11
-6.212344753395463198e-27
0
0
DERIV 14
5.950944421056619403e-12
-2.486555749971664062e-28
0
0
DERIV 15
-3.967296280704412734e-13
-3.617800840513473921e-30
0
0
DERIV 16
2.4795601754402579585e-14
2.261125525320921201e-31
0
0
DERIV 17
-1.4585648090825047742e-15
7.950642693587832041e-32
0
0
DERIV 18
8.103137828236137498e-17
-3.0474735359845393138e-33
0
0
DERIV 19
-4.264809383282177144e-18
-3.261573787933785832e-34
0
0
DERIV 20
2.1324046916410886682e-19
6.678219217732749626e-36
0
0
DERIV 21
-1.0154308055433756065e-20
1.8353381741118793492e-37
0
0
DERIV 22
4.615594570651706789e-22
4.295185269900945833e-38
0
0
DERIV 23
-2.0067802481094379772e-23
5.601795202195304071e-40
0
0
DERIV 24
8.361584367122658850e-25
-8.456447744780790800e-41
0
0
DERIV 25
-3.344633746849063081e-26
-1.2091957099872443408e-42
0
0
DERIV 26
1.2863975949419474492e-27
-6.387167480576850002e-44
0
0
DERIV 27
-4.764435536822027424e-29
7.048194054583093983e-46
0
0
DERIV 28
1.7015841202935810225e-30
1.7501337328003423757e-46
0
0
DERIV 29
-5.867531449288211178e-32
1.5151555783006354041e-48
0
0
DERIV 30
1.9558438164294037487e-33
-7.331277813614124395e-50
0
0
DERIV 31
-6.309173601385173590e-35
4.434165521882385488e-51
0
0
DERIV 32
1.9716167504328667468e-36
-1.3856767255882454652e-52
0
0
DERIV 33
-5.974596213432929472e-38
3.566263583673613779e-54
0
0
DERIV 34
1.7572341804214497105e-39
2.945439835074568394e-56
0
0
DERIV 35
-5.020669086918428006e-41
1.7802198780138161657e-57
0
0
AT 43/64
0.5107500231290107440
-5.339720030981564305e-17
0
0
DERIV 1
-0.5107500231290107440
5.339720030981564305e-17
0
0
DERIV 2
0.2553750115645053720
-2.6698600154907821527e-17
0
0
DERIV 3
-0.08512500385483511012
-4.978254422845183170e-18
0
0
DERIV 4
0.021281250963708777529
1.2445636057112957924e-18
0
0
DERIV 5
-0.004256250192741755332
-4.223850687399398679e-19
0
0
DERIV 6
0.0007093750321236259610
-1.8826333757103179884e-21
0
0
DERIV 7
-0.00010133929030337514310
6.077173549130962306e-21
0
0
DERIV 8
1.2667411287921892887e-5
-7.596466936413702883e-22
0
0
DERIV 9
-1.4074901431024325430e-6
8.440518818237446864e-23
0
0
DERIV 10
1.4074901431024324371e-7
2.1473930224413070070e-24
0
0
DERIV 11
-1.2795364937294841089e-8
5.567648275535427288e-25
0
0
DERIV 12
1.0662804114412366196e-9
9.146636646270938508e-26
0
0
DERIV 13
-8.202157011086436132e-11
-1.0706295412202339441e-27
0
0
DERIV 14
5.858683579347454380e-12
7.647353865858814207e-29
0
0
DERIV 15
-3.905789052898302752e-13
-2.1927268555287461694e-29
0
0
DERIV 16
2.4411181580614392198e-14
1.3704542847054663559e-30
0
0
DERIV 17
-1.4359518576831995874e-15
-3.421137526379144253e-32
0
0
DERIV 18
7.977510320462220204e-17
-8.384684062512107932e-34
0
0
DERIV 19
-4.198689642348537071e-18
1.6576759681662598249e-34
0
0
DERIV 20
2.0993448211742684874e-19
-3.473554979863210160e-36
0
0
DERIV 21
-9.996880100829849080e-21
-6.943827737508155180e-37
0
0
DERIV 22
4.544036409468113817e-22
-2.828049541682483860e-38
0
0
DERIV 23
-1.9756680041165710714e-23
-3.0366674381929500583e-40
0
0
DERIV 24
8.231950017152379158e-25
4.326461304513436413e-41
0
0
DERIV 25
-3.292780006860951801e-26
-3.5305207943550636148e-43
0
0
DERIV 26
1.2664538487926737972e-27
-1.4015874396107692642e-44
0
0
DERIV 27
-4.690569810343236410e-29
1.7647050940704927025e-45
0
0
DERIV 28
1.6752035036940130037e-30
-6.302518193108902509e-47
0
0
DERIV 29
-5.776563805841424302e-32
3.683302032456536753e-48
0
0
DERIV 30
1.9255212686138078497e-33
1.2810677970543622266e-49
0
0
DERIV 31
-6.211358931012283834e-35
3.508704909470308835e-52
0
0
DERIV 32
1.9410496659413386983e-36
-1.0964702842094715110e-53
0
0
DERIV 33
-5.881968684670723708e-38
4.128804503868678206e-54
0
0
DERIV 34
1.7299907896090361543e-39
1.0886943699204562748e-55
0
0
DERIV 35
-4.942830827454389187e-41
-1.3627059315588415054e-57
0
0
AT 11/16
0.5028315779709409128
4.689686142116618842e-17
0
0
DERIV 1
-0.5028315779709409128
-4.689686142116618842e-17
0
0
DERIV 2
0.2514157889854704564
2.3448430710583094209e-17
0
0
DERIV 3
-0.08380526299515682342
-3.1902143009228790229e-18
0
0
DERIV 4
0.020951315748789205856
7.975535752307197557e-19
0
0
DERIV 5
-0.004190263149757841171
-1.5951071504614396559e-19
0
0
DERIV 6
0.0006983771916263068619
2.6585119174357324589e-20
0
0
DERIV 7
-9.976817023232955944e-5
3.946427064273985409e-21
0
0
DERIV 8
1.2471021279041194930e-5
-4.933033830342481761e-22
0
0
DERIV 9
-1.3856690310045770733e-6
-8.636067087191137158e-23
0
0
DERIV 10
1.3856690310045772850e-7
-1.2539756594166370437e-23
0
0
DERIV 11
-1.2596991190950701087e-8
-3.639868778994711122e-25
0
0
DERIV 12
1.0497492659125584239e-9
3.033223982495592601e-26
0
0
DERIV 13
-8.074994353173526437e-11
-1.3390417502934515821e-27
0
0
DERIV 14
5.767853109409662203e-12
-3.659504846626483663e-28
0
0
DERIV 15
-3.845235406273107798e-13
-9.261366311919945946e-30
0
0
DERIV 16
2.4032721289206923741e-14
5.788353944949966216e-31
0
0
DERIV 17
-1.4136894876004073949e-15
8.195981579750193997e-32
0
0
DERIV 18
7.853830486668929835e-17
-3.183772917185850713e-33
0
0
DERIV 19
-4.133594992983647160e-18
4.592931494321936250e-35
0
0
DERIV 20
2.0667974964918236761e-19
-1.1926115469097147657e-35
0
0
DERIV 21
-9.841892840437255529e-21
4.962610809545056498e-37
0
0
DERIV 22
4.473587654744206460e-22
3.728602690756619672e-38
0
0
DERIV 23
-1.9450381107583508776e-23
8.065197720214112436e-40
0
0
DERIV 24
8.104325461493128657e-25
-3.360499050089214025e-41
0
0
DERIV 25
-3.241730184597251509e-26
1.8033771008256415913e-42
0
0
DERIV 26
1.2468193017681735330e-27
5.481594465302834002e-44
0
0
DERIV 27
-4.617849265808050143e-29
-1.8226203998418177599e-45
0
0
DERIV 28
1.6492318806457323441e-30
-8.504553546902262887e-47
0
0
DERIV 29
-5.687006484985283228e-32
-4.239989838937669162e-48
0
0
DERIV 30
1.8956688283284277654e-33
1.1852540243846890002e-49
0
0
DERIV 31
-6.115060736543315959e-35
2.0394386402516259615e-51
0
0
DERIV 32
1.9109564801697862370e-36
-6.373245750786331130e-53
0
0
DERIV 33
-5.790777212635715553e-38
-1.2324973933367601616e-54
0
0
DERIV 34
1.7031697684222694531e-39
-1.3647872434887976000e-55
0
0
DERIV 35
-4.866199338349340537e-41
-3.674621990387437305e-57
0
0
AT 45/64
0.4950358969261985931
-1.1414522841706549787e-17
0
0
DERIV 1
-0.4950358969261985931
1.1414522841706549787e-17
0
0
DERIV 2
0.24751794846309929654
-5.707261420853274894e-18
0
0
DERIV 3
-0.08250598282103309422
-2.7235087956537272872e-18
0
0
DERIV 4
0.020626495705258273555
6.808771989134318218e-19
0
0
DERIV 5
-0.004125299141051654538
-3.096477873803670834e-19
0
0
DERIV 6
0.0006875498568419424229
5.160796456339451190e-20
0
0
DERIV 7
-9.822140812027750254e-5
6.179960789869589439e-21
0
0
DERIV 8
1.2277676015034687818e-5
-7.724950987336986799e-22
0
0
DERIV 9
-1.3641862238927429732e-6
-3.181067614824185978e-23
0
0
DERIV 10
1.3641862238927429732e-7
3.1810676148241861250e-24
0
0
DERIV 11
-1.2401692944479482327e-8
4.627944100641900317e-25
0
0
DERIV 12
1.0334744120399567916e-9
3.036551687406979977e-26
0
0
DERIV 13
-7.949803169538128968e-11
-4.324223924334762883e-27
0
0
DERIV 14
5.678430835384378296e-12
-1.5272318651684042899e-28
0
0
DERIV 15
-3.785620556922918796e-13
3.449932709903394200e-30
0
0
DERIV 16
2.3660128480768242477e-14
-2.156207943689621375e-31
0
0
DERIV 17
-1.3917722635746024175e-15
-6.852269351575343925e-32
0
0
DERIV 18
7.732068130970013567e-17
2.4372661237553790213e-33
0
0
DERIV 19
-4.069509542615796614e-18
-1.2827716440817784435e-34
0
0
DERIV 20
2.0347547713078984035e-19
-3.215791501527286914e-36
0
0
DERIV 21
-9.689308434799515347e-21
-7.066572251001451646e-37
0
0
DERIV 22
4.404231106727052944e-22
-1.9173515985875037608e-38
0
0
DERIV 23
-1.9148830898813272901e-23
6.700437928437932119e-41
0
0
DERIV 24
7.978679541172197042e-25
-2.7918491368491384891e-42
0
0
DERIV 25
-3.191471816468879023e-26
2.1779726290287678252e-42
0
0
DERIV 26
1.2274891601803380170e-27
-1.4781176718961614782e-44
0
0
DERIV 27
-4.546256148816066854e-29
1.7930496245465637776e-45
0
0
DERIV 28
1.6236629102914524979e-30
-1.1408386031683503308e-46
0
0
DERIV 29
-5.598837621694663824e-32
4.311431192047333389e-48
0
0
DERIV 30
1.8662792072315545851e-33
-1.2090678087545770631e-49
0
0
DERIV 31
-6.020255507198562419e-35
-3.686984310085661841e-51
0
0
DERIV 32
1.8813298459995507559e-36
1.1521825969017693254e-52
0
0
DERIV 33
-5.700999533331972779e-38
4.417997546356486618e-54
0
0
DERIV 34
1.6767645686270507788e-39
-9.155696037519945573e-56
0
0
DERIV 35
-4.790755910363002400e-41
4.363762564648160517e-57
0
0
AT 23/32
0.4873610767136191124
-1.7066980170339886501e-18
0
0
DERIV 1
-0.4873610767136191124
1.7066980170339886501e-18
0
0
DERIV 2
0.24368053835680955621
-8.533490085169943250e-19
0
0
DERIV 3
-0.08122684611893651874
2.844496695056647911e-19
0
0
DERIV 4
0.020306711529734129684
-7.111241737641619776e-20
0
0
DERIV 5
-0.004061342305946825937
1.4222483475283238349e-20
0
0
DERIV 6
0.0006768903843244709895
-2.3704139125472063915e-21
0
0
DERIV 7
-9.669862633206728034e-5
-3.533520057084343172e-21
0
0
DERIV 8
1.2087328291508410042e-5
4.416900071355428965e-22
0
0
DERIV 9
-1.3430364768342678060e-6
-2.5547974480218650641e-23
0
0
DERIV 10
1.3430364768342678589e-7
-2.7391584723175119816e-24
0
0
DERIV 11
-1.2209422516675161452e-8
-6.533644434835290681e-25
0
0
DERIV 12
1.0174518763895968566e-9
-1.4484680755791548648e-26
0
0
DERIV 13
-7.826552895304590906e-11
-1.8684161890485865697e-27
0
0
DERIV 14
5.590394925217565048e-12
1.8059218225425303718e-29
0
0
DERIV 15
-3.726929950145043601e-13
2.2356697820905864366e-29
0
0
DERIV 16
2.3293312188406522507e-14
-1.3972936138066165229e-30
0
0
DERIV 17
-1.3701948346121482552e-15
-4.541611032653916662e-32
0
0
DERIV 18
7.612193525623046684e-17
-5.694183855688919044e-33
0
0
DERIV 19
-4.006417645064760885e-18
-2.274027292170898357e-34
0
0
DERIV 20
2.0032088225323804427e-19
1.1370136460854492588e-35
0
0
DERIV 21
-9.539089631106574110e-21
3.175836626503482581e-38
0
0
DERIV 22
4.335949832321170306e-22
-2.709071157544240206e-38
0
0
DERIV 23
-1.8851955792700738418e-23
-8.664809764108303875e-40
0
0
DERIV 24
7.854981580291974953e-25
-2.512029008820954326e-41
0
0
DERIV 25
-3.141992632116790073e-26
1.9231665651082936421e-42
0
0
DERIV 26
1.2084587046603038743e-27
-7.396794481185744930e-44
0
0
DERIV 27
-4.475772980223347413e-29
4.075646914692463647e-47
0
0
DERIV 28
1.5984903500797669831e-30
-5.150196190970506480e-47
0
0
DERIV 29
-5.512035689930230372e-32
-4.264149866582657722e-48
0
0
DERIV 30
1.8373452299767435031e-33
9.652314450051512089e-50
0
0
DERIV 31
-5.926920096699173142e-35
2.4043160304963034416e-51
0
0
DERIV 32
1.8521625302184916070e-36
-7.513487595300948255e-53
0
0
DERIV 33
-5.612613727934822640e-38
-1.8361047570109039283e-54
0
0
DERIV 34
1.6507687435102419530e-39
5.400308108855599736e-56
0
0
DERIV 35
-4.716482124314977649e-41
4.865835999968379554e-57
0
0
AT 47/64
0.4798052435596775189
1.1511549249037201604e-17
0
0
DERIV 1
-0.4798052435596775189
-1.1511549249037201604e-17
0
0
DERIV 2
0.23990262177983875946
5.755774624518600802e-18
0
0
DERIV 3
-0.07996754059327958186
-6.544520810777685596e-18
0
0
DERIV 4
0.019991885148319895465
1.6361302026944213989e-18
0
0
DERIV 5
-0.003998377029663979614
1.9319100225415782928e-19
0
0
DERIV 6
0.0006663961716106632689
-3.219850037569297355e-20
0
0
DERIV 7
-9.519945308723760404e-5
-1.2084401560733492827e-21
0
0
DERIV 8
1.1899931635904700505e-5
1.5105501950916866034e-22
0
0
DERIV 9
-1.3222146262116334365e-6
3.027349490199794873e-23
0
0
DERIV 10
1.3222146262116333835e-7
2.2666064301395824665e-24
0
0
DERIV 11
-1.2020132965560304239e-8
5.459272450355176370e-25
0
0
DERIV 12
1.0016777471300252154e-9
9.236949833921147224e-26
0
0
DERIV 13
-7.705213439461732823e-11
-3.1285161580497879167e-27
0
0
DERIV 14
5.503723885329809390e-12
-7.332722123962592725e-30
0
0
DERIV 15
-3.669149256886539762e-13
1.7317880786312425818e-29
0
0
DERIV 16
2.2932182855540873512e-14
-1.0823675491445266136e-30
0
0
DERIV 17
-1.3489519326788748081e-15
-4.073938162369117602e-32
0
0
DERIV 18
7.494177403771526438e-17
5.002399344444689431e-33
0
0
DERIV 19
-3.944303896721855979e-18
-3.038300695894518135e-34
0
0
DERIV 20
1.9721519483609280377e-19
1.0376678618504499972e-35
0
0
DERIV 21
-9.391199754099657108e-21
-7.090750916981944485e-37
0
0
DERIV 22
4.268727160954389765e-22
1.5132586337957385567e-38
0
0
DERIV 23
-1.8559683308497348850e-23
1.3863994649971354240e-39
0
0
DERIV 24
7.733201378540561715e-25
-2.715481232221690548e-41
0
0
DERIV 25
-3.093280551416224479e-26
-9.801061706661260282e-43
0
0
DERIV 26
1.1897232890062401981e-27
2.389899091534511069e-44
0
0
DERIV 27
-4.406382551874963759e-29
-2.6234849420175205660e-46
0
0
DERIV 28
1.5737080542410584604e-30
3.439277594157716122e-47
0
0
DERIV 29
-5.426579497382959831e-32
-4.961007533343223920e-48
0
0
DERIV 30
1.8088598324609868383e-33
-6.270900414975989465e-50
0
0
DERIV 31
-5.835031717616086334e-35
-3.912389591232768830e-52
0
0
DERIV 32
1.8234474117550269793e-36
1.2226217472602402593e-53
0
0
DERIV 33
-5.525598217439475790e-38
5.786437567815307683e-55
0
0
DERIV 34
1.6251759463057280775e-39
7.894142580052151882e-56
0
0
DERIV 35
-4.643359846587794274e-41
-4.585935190014373486e-57
0
0
AT 3/4
0.4723665527410146892
1.7984004434373213866e-17
0
0
DERIV 1
-0.4723665527410146892
-1.7984004434373213866e-17
0
0
DERIV 2
0.23618327637050734458
8.992002217186606933e-18
0
0
DERIV 3
-0.07872775879016911948
1.6285951968759499407e-18
0
0
DERIV 4
0.019681939697542279871
-4.071487992189874852e-19
0
0
DERIV 5
-0.003936387939508455801
-9.204258775388321240e-20
0
0
DERIV 6
0.0006560646565847426696
-2.0799641123869612399e-20
0
0
DERIV 7
-9.372352236924895474e-5
4.907452611419774190e-21
0
0
DERIV 8
1.1715440296156119342e-5
-6.134315764274717737e-22
0
0
DERIV 9
-1.3017155884617908968e-6
-7.301309382821986596e-23
0
0
DERIV 10
1.3017155884617910557e-7
-8.580558378196145643e-24
0
0
DERIV 11
-1.1833778076925372331e-8
-1.2232808840365337882e-25
0
0
DERIV 12
9.861481730771144298e-10
-5.873771034578118942e-26
0
0
DERIV 13
-7.585755177516264745e-11
3.524077944203087464e-27
0
0
DERIV 14
5.418396555368760071e-12
2.098764708119601146e-28
0
0
DERIV 15
-3.612264370245840317e-13
1.2934687510746529582e-29
0
0
DERIV 16
2.2576652314036501978e-14
-8.084179694216580989e-31
0
0
DERIV 17
-1.3280383714139117651e-15
-6.845495844887478459e-32
0
0
DERIV 18
7.377990952299510491e-17
-3.0446976662171279916e-33
0
0
DERIV 19
-3.883153132789215886e-18
-1.9363286738131221127e-36
0
0
DERIV 20
1.9415765663946079428e-19
9.681643369065609728e-38
0
0
DERIV 21
-9.245602697117180178e-21
-5.061545627170644109e-37
0
0
DERIV 22
4.202546680507809557e-22
-1.5463698630681028701e-38
0
0
DERIV 23
-1.8271942089164387460e-23
-1.2442321532675979215e-39
0
0
DERIV 24
7.613309203818495387e-25
-9.380657719177558002e-42
0
0
DERIV 25
-3.045323681527398293e-26
1.7527587511369703660e-42
0
0
DERIV 26
1.1712783390489991916e-27
8.435760478468131948e-44
0
0
DERIV 27
-4.338067922403700959e-29
-6.331584628551889523e-46
0
0
DERIV 28
1.5493099722870361567e-30
-7.747994520694447244e-47
0
0
DERIV 29
-5.342448180300124225e-32
-1.8583374421899010792e-48
0
0
DERIV 30
1.7808160601000413173e-33
1.5317495017747698829e-49
0
0
DERIV 31
-5.744567935806585343e-35
-4.577801694413808200e-52
0
0
DERIV 32
1.7951774799395579196e-36
1.4305630295043150624e-53
0
0
DERIV 33
-5.439931757392599851e-38
5.156312470105990053e-55
0
0
DERIV 34
1.5999799286448821940e-39
9.998680687613281076e-56
0
0
DERIV 35
-4.571371224699663703e-41
5.631644103840373959e-59
0
0
AT 49/64
0.4650431881340563178
-4.794521123255047456e-18
0
0
DERIV 1
-0.4650431881340563178
4.794521123255047456e-18
0
0
DERIV 2
0.23252159406702815891
-2.3972605616275237279e-18
0
0
DERIV 3
-0.07750719802234272426
5.425016123147327085e-18
0
0
DERIV 4
0.019376799505585681066
-1.3562540307868317711e-18
0
0
DERIV 5
-0.003875359901117135866
-7.569388903799508151e-20
0
0
DERIV 6
0.0006458933168528559416
4.875572058918265938e-20
0
0
DERIV 7
-9.227047383612228511e-5
7.791982907275086344e-22
0
0
DERIV 8
1.1533809229515285639e-5
-9.739978634093857930e-23
0
0
DERIV 9
-1.2815343588350318082e-6
8.140827742018486518e-23
0
0
DERIV 10
1.2815343588350318082e-7
-8.140827742018487693e-24
0
0
DERIV 11
-1.1650312353045743110e-8
1.3848934923584233611e-25
0
0
DERIV 12
9.708593627538119947e-10
-8.047249681573916376e-26
0
0
DERIV 13
-7.468148944260092068e-11
4.201777128727465577e-27
0
0
DERIV 14
5.334392103042922675e-12
-6.932877578158580318e-29
0
0
DERIV 15
-3.556261402028614848e-13
-2.2304533846104816079e-29
0
0
DERIV 16
2.2226633762678842797e-14
1.3940333653815510049e-30
0
0
DERIV 17
-1.3074490448634613410e-15
-8.200196266950299643e-32
0
0
DERIV 18
7.263605804797007724e-17
1.8165642273994312988e-33
0
0
DERIV 19
-3.822950423577372527e-18
-5.506274998129141488e-35
0
0
DERIV 20
1.9114752117886862634e-19
2.7531374990645708777e-36
0
0
DERIV 21
-9.102262913279458397e-21
-1.3110178566974147832e-37
0
0
DERIV 22
4.137392233308844555e-22
2.3057271724221522570e-38
0
0
DERIV 23
-1.7988661883951498576e-23
-4.914055746086367977e-40
0
0
DERIV 24
7.495275784979791380e-25
-1.0136599777303870614e-41
0
0
DERIV 25
-2.998110313991916230e-26
-2.8087783744375376820e-42
0
0
DERIV 26
1.1531193515353525895e-27
-8.513366621933102999e-44
0
0
DERIV 27
-4.270812413093898334e-29
1.6999003414161537781e-45
0
0
DERIV 28
1.5252901475335350193e-30
3.938202097262429940e-47
0
0
DERIV 29
-5.259621198391500670e-32
4.682078864413028775e-48
0
0
DERIV 30
1.7532070661305001095e-33
-4.203133451650061190e-50
0
0
DERIV 31
-5.655506664937097093e-35
1.0109766347139300403e-51
0
0
DERIV 32
1.7673458327928428415e-36
-3.159301983481031376e-53
0
0
DERIV 33
-5.355593432705584590e-38
3.172013026557387389e-54
0
0
DERIV 34
1.5751745390310541567e-39
4.105000297181116574e-56
0
0
DERIV 35
-4.500498682945869019e-41
-1.1728572277660333555e-57
0
0
AT 25/32
0.4578333617716142667
-5.819850114657435745e-18
0
0
DERIV 1
-0.4578333617716142667
5.819850114657435745e-18
0
0
DERIV 2
0.22891668088580713336
-2.9099250573287178725e-18
0
0
DERIV 3
-0.07630556029526903983
-3.655954250161912961e-18
0
0
DERIV 4
0.019076390073817259957
9.139885625404782402e-19
0
0
DERIV 5
-0.003815278014763452252
7.741080888842541371e-20
0
0
DERIV 6
0.0006358796691272420058
2.3238270934779245516e-20
0
0
DERIV 7
-9.083995273246314175e-5
-5.255828298692579028e-21
0
0
DERIV 8
1.1354994091557892719e-5
6.569785373365723785e-22
0
0
DERIV 9
-1.2616660101730993086e-6
4.464584963681145274e-23
0
0
DERIV 10
1.2616660101730991498e-7
1.1417282797336986083e-23
0
0
DERIV 11
-1.1469691001573630289e-8
6.164264253481475073e-25
0
0
DERIV 12
9.558075834644691907e-10
-5.136886877901229610e-26
0
0
DERIV 13
-7.352366026649762608e-11
-2.537842350399502426e-29
0
0
DERIV 14
5.251690019035544951e-12
-2.289854174486621135e-28
0
0
DERIV 15
-3.501126679357029732e-13
-8.294951206023413372e-30
0
0
DERIV 16
2.1882041745981435822e-14
5.184344503764633358e-31
0
0
DERIV 17
-1.2871789262342022116e-15
7.391191684534195772e-32
0
0
DERIV 18
7.150994034634456183e-17
1.3719831281824732771e-33
0
0
DERIV 19
-3.763681070860239975e-18
-1.938473190235345466e-34
0
0
DERIV 20
1.8818405354301199874e-19
9.692365951176726530e-36
0
0
DERIV 21
-8.961145406810095608e-21
-3.164615889816948348e-38
0
0
DERIV 22
4.073247912186406881e-22
2.2811086328503840540e-38
0
0
DERIV 23
-1.7709773531245249352e-23
1.0525516393212025352e-39
0
0
DERIV 24
7.379072304685519951e-25
1.7367345800277365341e-41
0
0
DERIV 25
-2.951628921874208187e-26
1.3716048315437076146e-42
0
0
DERIV 26
1.1352418930285415828e-27
-2.515923145420774400e-44
0
0
DERIV 27
-4.204599603809413457e-29
2.8002213396259687431e-45
0
0
DERIV 28
1.5016427156462189165e-30
7.515440305396039304e-47
0
0
DERIV 29
-5.178078329814547837e-32
-4.101551036693480287e-48
0
0
DERIV 30
1.7260261099381826579e-33
9.110318350420920894e-50
0
0
DERIV 31
-5.567826161090911731e-35
-3.628558102740218405e-51
0
0
DERIV 32
1.7399456753409099158e-36
1.1339244071063182515e-52
0
0
DERIV 33
-5.272562652548212404e-38
1.9422982066341832745e-54
0
0
DERIV 34
1.5507537213377094922e-39
-1.8742273912778775563e-56
0
0
DERIV 35
-4.430724918107741567e-41
2.1376888338468883520e-57
0
0
AT 51/64
0.4507353134063624145
-1.8198646494020610763e-17
0
0
DERIV 1
-0.4507353134063624145
1.8198646494020610763e-17
0
0
DERIV 2
0.22536765670318120725
-9.099323247010305382e-18
0
0
DERIV 3
-0.07512255223439373575
3.0331077490034349988e-18
0
0
DERIV 4
0.018780638058598433937
-7.582769372508587497e-19
0
0
DERIV 5
-0.003756127611719686787
1.5165538745017174513e-19
0
0
DERIV 6
0.0006260212686199477256
4.700424692400500675e-20
0
0
DERIV 7
-8.943160980284968671e-5
4.901559430343975114e-21
0
0
DERIV 8
1.1178951225356210838e-5
-6.126949287929968893e-22
0
0
DERIV 9
-1.2421056917062456252e-6
4.454852133104687304e-23
0
0
DERIV 10
1.2421056917062456781e-7
-9.748808053444064423e-24
0
0
DERIV 11
-1.1291869924602231783e-8
-7.681059475202313530e-25
0
0
DERIV 12
9.409891603835194531e-10
-7.385460646548534072e-26
0
0
DERIV 13
-7.238378156796303485e-11
5.681123574268102911e-27
0
0
DERIV 14
5.170270111997358940e-12
2.865999449348350174e-28
0
0
DERIV 15
-3.446846741331573031e-13
2.1283015351660135677e-29
0
0
DERIV 16
2.1542792133322331441e-14
-1.3301884594787584798e-30
0
0
DERIV 17
-1.2672230666660193573e-15
-6.096436801083981592e-32
0
0
DERIV 18
7.040128148144552670e-17
-3.460841579441293107e-33
0
0
DERIV 19
-3.705330604286606222e-18
-2.638552724138181348e-34
0
0
DERIV 20
1.8526653021433033519e-19
-1.0881360684149540891e-35
0
0
DERIV 21
-8.822215724491919720e-21
-4.849284801231357580e-37
0
0
DERIV 22
4.010098056587236664e-22
-2.0703045478849737850e-38
0
0
DERIV 23
-1.7435208941683635370e-23
-1.3997478394849217253e-39
0
0
DERIV 24
7.264670392368182322e-25
-3.351266951278614307e-41
0
0
DERIV 25
-2.905868156947272929e-26
1.3405067805114456719e-42
0
0
DERIV 26
1.1176415988258740655e-27
8.641604954461869192e-44
0
0
DERIV 27
-4.139413328984719114e-29
3.2860170479514317319e-46
0
0
DERIV 28
1.4783619032088282800e-30
-3.675896203419827739e-47
0
0
DERIV 29
-5.097799666237339161e-32
3.910085234550403617e-48
0
0
DERIV 30
1.6992665554124461360e-33
1.2054733963564064663e-49
0
0
DERIV 31
-5.481505017459504216e-35
1.6293419938793508837e-51
0
0
DERIV 32
1.7129703179560950676e-36
-5.091693730872971512e-53
0
0
DERIV 33
-5.190819145321500078e-38
2.7742390041027765563e-55
0
0
DERIV 34
1.5267115133298528299e-39
1.2618497727025557604e-55
0
0
DERIV 35
-4.362032895228151307e-41
3.606787486687451534e-59
0
0
AT 13/16
0.4437473100810798710
8.891197132847201342e-19
0
0
DERIV 1
-0.4437473100810798710
-8.891197132847201342e-19
0
0
DERIV 2
0.22187365504053993548
4.445598566423600671e-19
0
0
DERIV 3
-0.07395788501351331645
4.477742650390699121e-18
0
0
DERIV 4
0.018489471253378329113
-1.1194356625976747802e-18
0
0
DERIV 5
-0.003697894250675665736
1.3715095872069459650e-19
0
0
DERIV 6
0.0006163157084459442532
1.3281579296067716053e-20
0
0
DERIV 7
-8.804510120656346280e-5
-3.833443778876645710e-21
0
0
DERIV 8
1.1005637650820432850e-5
4.791804723595807138e-22
0
0
DERIV 9
-1.2228486278689370775e-6
4.087249721052440085e-23
0
0
DERIV 10
1.2228486278689370245e-7
1.2067061992869371079e-24
0
0
DERIV 11
-1.1116805707899428097e-8
4.918853364670258112e-25
0
0
DERIV 12
9.264004756582856059e-10
2.794127300716682006e-26
0
0
DERIV 13
-7.126157505063735330e-11
-3.1435361598698367841e-27
0
0
DERIV 14
5.090112503616953692e-12
3.399373781258906145e-28
0
0
DERIV 15
-3.393408335744636232e-13
2.1092993001199411412e-29
0
0
DERIV 16
2.1208802098403976451e-14
-1.3183120625749632133e-30
0
0
DERIV 17
-1.2475765940237632046e-15
-3.846118826338625070e-32
0
0
DERIV 18
6.930981077909795855e-17
-6.023676840514993898e-34
0
0
DERIV 19
-3.647884777847261220e-18
2.749789237147824072e-34
0
0
DERIV 20
1.8239423889236304173e-19
5.510353258133238973e-36
0
0
DERIV 21
-8.685439947255382868e-21
-3.340469536755127135e-37
0
0
DERIV 22
3.947927248752446801e-22
1.0909427527714987185e-38
0
0
DERIV 23
-1.7164901081532377650e-23
-2.1878068580884996685e-40
0
0
DERIV 24
7.152042117305157048e-25
3.972769396136582084e-41
0
0
DERIV 25
-2.860816846922063164e-26
1.8547233474700378039e-42
0
0
DERIV 26
1.1003141718931012306e-27
-8.513291362835349441e-44
0
0
DERIV 27
-4.075237673678152353e-29
-3.761252572494099163e-46
0
0
DERIV 28
1.4554420263136258904e-30
-3.661332882412168340e-47
0
0
DERIV 29
-5.018765607978020085e-32
-1.0025012652104867652e-48
0
0
DERIV 30
1.6729218693260066266e-33
1.0183948541870976991e-49
0
0
DERIV 31
-5.396522159116150340e-35
-3.974890422562817280e-51
0
0
DERIV 32
1.6864131747237969811e-36
1.2421532570508804000e-52
0
0
DERIV 33
-5.110342953708475637e-38
-4.396857575838888070e-54
0
0
DERIV 34
1.5030420452083753793e-39
-6.260137918116576695e-56
0
0
DERIV 35
-4.294405843452501040e-41
1.3516484809798351077e-57
0
0
AT 53/64
0.4368676457055573059
-2.5358369751889127300e-17
0
0
DERIV 1
-0.4368676457055573059
2.5358369751889127300e-17
0
0
DERIV 2
0.21843382285277865296
-1.2679184875944563650e-17
0
0
DERIV 3
-0.07281127428425954173
-5.025463579894783287e-18
0
0
DERIV 4
0.018202818571064885433
1.2563658949736958217e-18
0
0
DERIV 5
-0.003640563714212977260
-7.780083139705843805e-20
0
0
DERIV 6
0.0006067606190354961739
4.910687764902655414e-20
0
0
DERIV 7
-8.668008843364231636e-5
-1.2070423115457341691e-21
0
0
DERIV 8
1.0835011054205289545e-5
1.5088028894321677114e-22
0
0
DERIV 9
-1.2038901171339210606e-6
-1.6764476549246306598e-23
0
0
DERIV 10
1.2038901171339210606e-7
1.6764476549246306598e-24
0
0
DERIV 11
-1.0944455610308372677e-8
-7.539902323044411380e-25
0
0
DERIV 12
9.120379675256977920e-10
-6.099198354048881421e-27
0
0
DERIV 13
-7.015676673274597803e-11
-5.496075697907496941e-27
0
0
DERIV 14
5.011197623767570090e-12
1.6177867358015948001e-28
0
0
DERIV 15
-3.340798415845047063e-13
2.2872820384085872070e-29
0
0
DERIV 16
2.0879990099031544147e-14
-1.4295512740053670044e-30
0
0
DERIV 17
-1.2282347117077379026e-15
9.569214707709528572e-32
0
0
DERIV 18
6.823526176154098637e-17
2.9010707028802457226e-33
0
0
DERIV 19
-3.591329566396894506e-18
3.338627910620256053e-34
0
0
DERIV 20
1.7956647831984470123e-19
7.380984751739168434e-36
0
0
DERIV 21
-8.550784681897366582e-21
-4.947738233259154144e-37
0
0
DERIV 22
3.886720309953348831e-22
-1.5981004966642341976e-38
0
0
DERIV 23
-1.6898783956318908600e-23
1.3336819283443886418e-39
0
0
DERIV 24
7.041159981799544332e-25
3.626541581030835488e-41
0
0
DERIV 25
-2.816463992719818054e-26
1.7636257331173581584e-42
0
0
DERIV 26
1.0832553818153145120e-27
5.634484341103923822e-44
0
0
DERIV 27
-4.012056969686350377e-29
1.2347503076203351606e-45
0
0
DERIV 28
1.4328774891736964379e-30
8.101770904256098413e-47
0
0
DERIV 29
-4.940956859219643116e-32
-5.286842595632821128e-49
0
0
DERIV 30
1.6469856197398810387e-33
1.7622808652109404550e-50
0
0
DERIV 31
-5.312856837870584168e-35
1.1558866306365970778e-51
0
0
DERIV 32
1.6602677618345575525e-36
-3.612145720739365868e-53
0
0
DERIV 33
-5.031114429801689648e-38
2.0437248076905023330e-54
0
0
DERIV 34
1.4797395381769675627e-39
-7.930162513206925627e-56
0
0
DERIV 35
-4.227827251934192672e-41
-1.3755922216721979230e-57
0
0
AT 27/32
0.4300946406400622535
-2.0823020031814208258e-18
0
0
DERIV 1
-0.4300946406400622535
2.0823020031814208258e-18
0
0
DERIV 2
0.21504732032003112674
-1.0411510015907104129e-18
0
0
DERIV 3
-0.07168244010667704225
3.470503338635701697e-19
0
0
DERIV 4
0.017920610026669260562
-8.676258346589254243e-20
0
0
DERIV 5
-0.003584122005333852199
1.0408869049201885839e-19
0
0
DERIV 6
0.0005973536675556420693
-5.348818749818662420e-20
0
0
DERIV 7
-8.533623822223457939e-5
5.705094334588259932e-21
0
0
DERIV 8
1.0667029777779322424e-5
-7.131367918235324915e-22
0
0
DERIV 9
-1.1852255308643691347e-6
5.570872833443971448e-23
0
0
DERIV 10
1.1852255308643690818e-7
-2.769169131045940621e-25
0
0
DERIV 11
-1.0774777553312446349e-8
1.7557073983733176262e-25
0
0
DERIV 12
8.978981294427038279e-10
1.9834963869931840524e-26
0
0
DERIV 13
-6.906908688020798477e-11
-3.514181385554919699e-27
0
0
DERIV 14
4.933506205729141654e-12
3.664120371033965434e-28
0
0
DERIV 15
-3.289004137152761237e-13
-1.0964243024454502533e-29
0
0
DERIV 16
2.0556275857204757734e-14
6.852651890284064083e-31
0
0
DERIV 17
-1.2091926974826327731e-15
-7.511240399671560431e-32
0
0
DERIV 18
6.717737208236848876e-17
2.8033611504754989984e-33
0
0
DERIV 19
-3.535651162229920421e-18
-1.8809121727528385660e-34
0
0
DERIV 20
1.7678255811149604029e-19
-9.854738580108165700e-36
0
0
DERIV 21
-8.418217052928381796e-21
-6.054644264609406922e-37
0
0
DERIV 22
3.826462296785628474e-22
-1.0949613915050286742e-38
0
0
DERIV 23
-1.6636792594720123672e-23
3.4829904513019858442e-40
0
0
DERIV 24
6.931996914466718503e-25
-4.512429226642200984e-41
0
0
DERIV 25
-2.772798765786687126e-26
-9.500931940828558577e-43
0
0
DERIV 26
1.0664610637641105019e-27
-3.244495539434269319e-44
0
0
DERIV 27
-3.949855791718927702e-29
3.712659246350228988e-46
0
0
DERIV 28
1.4106627827567598685e-30
1.1763689554549486329e-47
0
0
DERIV 29
-4.864354423299172073e-32
7.268704552780486878e-49
0
0
DERIV 30
1.6214514744330573578e-33
-2.422901517593495594e-50
0
0
DERIV 31
-5.230488627203410797e-35
4.367082688892314920e-52
0
0
DERIV 32
1.6345276960010658741e-36
-1.3647133402788484126e-53
0
0
DERIV 33
-4.953114230306260320e-38
1.3626846923994364989e-54
0
0
DERIV 34
1.4567983030312529200e-39
7.507347024704935933e-56
0
0
DERIV 35
-4.162280865803580106e-41
1.2050884117799749840e-57
0
0
AT 55/64
0.4234266412852628059
6.517523358353928006e-18
0
0
DERIV 1
-0.4234266412852628059
-6.517523358353928006e-18
0
0
DERIV 2
0.21171332064263140293
3.2587616791769640031e-18
0
0
DERIV 3
-0.07057110688087712969
-5.712183162330473715e-18
0
0
DERIV 4
0.017642776720219282421
1.4280457905826184286e-18
0
0
DERIV 5
-0.003528555344043856831
6.133553707883773797e-20
0
0
DERIV 6
0.0005880925573406428413
-4.636266192932310212e-20
0
0
DERIV 7
-8.401322247723468388e-5
-1.1210638135645880812e-21
0
0
DERIV 8
1.0501652809654335485e-5
1.4013297669557351015e-22
0
0
DERIV 9
-1.1668503121838150068e-6
-6.262771670252485199e-23
0
0
DERIV 10
1.1668503121838150068e-7
6.262771670252485052e-24
0
0
DERIV 11
-1.0607730110761955359e-8
1.8263949593434467045e-25
0
0
DERIV 12
8.839775092301629121e-10
1.9245900861847429625e-26
0
0
DERIV 13
-6.799826994078175949e-11
-4.463076313482353991e-27
0
0
DERIV 14
4.857019281484411623e-12
8.799300326407783596e-29
0
0
DERIV 15
-3.238012854322941183e-13
4.231219369223761812e-30
0
0
DERIV 16
2.0237580339518382393e-14
-2.644512105764851132e-31
0
0
DERIV 17
-1.1904459023246107754e-15
6.195953622338217104e-32
0
0
DERIV 18
6.613588346247837093e-17
2.0360042738469058891e-33
0
0
DERIV 19
-3.480835971709388106e-18
5.502545458803534871e-35
0
0
DERIV 20
1.7404179858546940530e-19
-2.7512727294017675022e-36
0
0
DERIV 21
-8.287704694546162515e-21
4.892588845078288913e-37
0
0
DERIV 22
3.767138497520982620e-22
1.1957159091747050151e-38
0
0
DERIV 23
-1.6378863032699925583e-23
6.300636435545399930e-40
0
0
DERIV 24
6.824526263624968687e-25
4.359180237891237692e-42
0
0
DERIV 25
-2.729810505449987222e-26
-2.6998433538604077618e-42
0
0
DERIV 26
1.0499271174807644818e-27
-6.172867417482423465e-44
0
0
DERIV 27
-3.888618953632460753e-29
-6.201496232357598618e-46
0
0
DERIV 28
1.3887924834401646547e-30
-7.794454662192408421e-47
0
0
DERIV 29
-4.788939598069532858e-32
-1.6535642166296104536e-48
0
0
DERIV 30
1.5963131993565110895e-33
-8.172674593573340513e-50
0
0
DERIV 31
-5.149397417279067376e-35
-3.916237807460434571e-51
0
0
DERIV 32
1.6091866928997085548e-36
1.2238243148313858034e-52
0
0
DERIV 33
-4.876323311817298714e-38
-3.075801732895251571e-54
0
0
DERIV 34
1.4342127387697938547e-39
-2.468767493834892135e-56
0
0
DERIV 35
-4.097750682199411101e-41
1.5792868466312002014e-57
0
0
AT 7/8
0.4168620196785083887
1.3909388946226857373e-17
0
0
DERIV 1
-0.4168620196785083887
-1.3909388946226857373e-17
0
0
DERIV 2
0.20843100983925419434
6.954694473113428687e-18
0
0
DERIV 3
-0.06947700327975139811
-2.3182314910378095622e-18
0
0
DERIV 4
0.017369250819937849528
5.795578727594523906e-19
0
0
DERIV 5
-0.003473850163987570166
1.4429694684463058123e-19
0
0
DERIV 6
0.0005789750273312616220
4.823065369159519873e-20
0
0
DERIV 7
-8.271071819018024527e-5
6.662433771555205607e-21
0
0
DERIV 8
1.0338839773772530659e-5
-8.328042214444007008e-22
0
0
DERIV 9
-1.1487599748636144471e-6
2.1947723444852829353e-23
0
0
DERIV 10
1.1487599748636143941e-7
3.0991835758540941838e-24
0
0
DERIV 11
-1.0443272498760131156e-8
1.9048988578001506380e-26
0
0
DERIV 12
8.702727082300109297e-10
-1.5874157148334587454e-27
0
0
DERIV 13
-6.694405447923161594e-11
6.087353703206138630e-27
0
0
DERIV 14
4.781718177087971990e-12
1.4218442616121585952e-28
0
0
DERIV 15
-3.187812118058648296e-13
2.0813297016405796587e-29
0
0
DERIV 16
1.9923825737866551853e-14
-1.3008310635253622867e-30
0
0
DERIV 17
-1.1719897492862676284e-15
-5.109037799014236536e-32
0
0
DERIV 18
6.511054162701486962e-17
1.4688041501103193225e-33
0
0
DERIV 19
-3.4268706119481512352e-18
1.2542398624548170327e-34
0
0
DERIV 20
1.7134353059740755694e-19
-1.4563744513059954308e-36
0
0
DERIV 21
-8.159215742733692615e-21
-5.038422714816299477e-37
0
0
DERIV 22
3.708734428515314996e-22
5.803821782658997091e-39
0
0
DERIV 23
-1.6124932297892673128e-23
-1.0189668280431873078e-39
0
0
DERIV 24
6.718721790788614110e-25
1.1845119115802404036e-41
0
0
DERIV 25
-2.687488716315445644e-26
-4.738047646320961391e-43
0
0
DERIV 26
1.0336495062751714980e-27
-7.835854167069138585e-44
0
0
DERIV 27
-3.828331504722857276e-29
1.6565695750702138391e-45
0
0
DERIV 28
1.3672612516867346662e-30
1.5906361479178987521e-47
0
0
DERIV 29
-4.714693971333567796e-32
-7.372477105326828826e-49
0
0
DERIV 30
1.5715646571111891740e-33
1.1580529245556970621e-49
0
0
DERIV 31
-5.069563410036094386e-35
-9.766716687941757485e-52
0
0
DERIV 32
1.5842385656362794955e-36
3.052098964981799214e-53
0
0
DERIV 33
-4.800722926170543704e-38
-3.139527263375801762e-54
0
0
DERIV 34
1.4119773312266305588e-39
3.476282126400719688e-56
0
0
DERIV 35
-4.034220946361801728e-41
3.1766359361735514317e-58
0
0
AT 57/64
0.4103991730963699736
-6.694054257585603330e-18
0
0
DERIV 1
-0.4103991730963699736
6.694054257585603330e-18
0
0
DERIV 2
0.20519958654818498678
-3.3470271287928016650e-18
0
0
DERIV 3
-0.06839986218272832430
-3.510253559673884773e-18
0
0
DERIV 4
0.017099965545682081075
8.775633899184711933e-19
0
0
DERIV 5
-0.003419993109136416562
1.7143201721166715614e-19
0
0
DERIV 6
0.0005699988515227360575
7.568069547572286939e-21
0
0
DERIV 7
-8.142840736039086923e-5
2.7909978235093318262e-21
0
0
DERIV 8
1.0178550920048858654e-5
-3.488747279386664783e-22
0
0
DERIV 9
-1.1309501022276510086e-6
8.582124461842407328e-23
0
0
DERIV 10
1.1309501022276509027e-7
2.0057873788363466895e-24
0
0
DERIV 11
-1.0281364565705917298e-8
-1.8234430716694061440e-25
0
0
DERIV 12
8.567803804754931426e-10
-1.9270499925797767630e-26
0
0
DERIV 13
-6.590618311349947648e-11
5.459176016181692211e-27
0
0
DERIV 14
4.707584508107104886e-12
1.8705426094867633402e-28
0
0
DERIV 15
-3.138389672071403527e-13
1.4456168168298779943e-29
0
0
DERIV 16
1.9614935450446272042e-14
-9.035105105186737464e-31
0
0
DERIV 17
-1.1538197323791923918e-15
-2.805859256577040279e-32
0
0
DERIV 18
6.410109624328846621e-17
1.5588106980983559385e-33
0
0
DERIV 19
-3.3737419075414982015e-18
-1.0231561510398963507e-34
0
0
DERIV 20
1.6868709537707490526e-19
9.930605616167571119e-36
0
0
DERIV 21
-8.032718827479757895e-21
2.865827462857737472e-38
0
0
DERIV 22
3.651235830672617353e-22
-1.4126223582996654195e-38
0
0
DERIV 23
-1.5874938394228770079e-23
-4.079853666716998352e-40
0
0
DERIV 24
6.614557664261987839e-25
-1.3612441774676244054e-41
0
0
DERIV 25
-2.645823065704795227e-26
1.4628526325669617376e-42
0
0
DERIV 26
1.0176242560403058429e-27
-4.246616252691572026e-44
0
0
DERIV 27
-3.768978726075206452e-29
-2.1639750705359670981e-45
0
0
DERIV 28
1.3460638307411452364e-30
2.2152633588836241820e-48
0
0
DERIV 29
-4.641599416348776904e-32
2.1886414536669716078e-48
0
0
DERIV 30
1.5471998054495922329e-33
-4.531938543872177672e-51
0
0
DERIV 31
-4.990967114353522987e-35
-3.302537092252117492e-51
0
0
DERIV 32
1.5596772232354759334e-36
1.0320428413287867161e-52
0
0
DERIV 33
-4.726294615865079092e-38
1.9346518256934408533e-54
0
0
DERIV 34
1.3900866517250232625e-39
-5.690152428510119944e-56
0
0
DERIV 35
-3.971676147785780444e-41
-1.4329786326571312613e-57
0
0
AT 29/32
0.4040365236633420842
1.1121210819526035118e-17
0
0
DERIV 1
-0.4040365236633420842
-1.1121210819526035118e-17
0
0
DERIV 2
0.20201826183167104212
5.560605409763017559e-18
0
0
DERIV 3
-0.06733942061055701866
2.7723941326838129371e-18
0
0
DERIV 4
0.016834855152639254666
-6.930985331709532343e-19
0
0
DERIV 5
-0.003366971030527850933
1.3861970663419064685e-19
0
0
DERIV 6
0.0005611618384213084166
4.917686039333518378e-20
0
0
DERIV 7
-8.016597691732977574e-5
-5.089190462466625694e-21
0
0
DERIV 8
1.0020747114666221967e-5
6.361488078083282118e-22
0
0
DERIV 9
-1.1134163460740247571e-6
2.3431571049552455977e-23
0
0
DERIV 10
1.1134163460740247042e-7
2.9507988153841315949e-24
0
0
DERIV 11
-1.0121966782491134727e-8
7.845208873052959700e-25
0
0
DERIV 12
8.434972318742611928e-10
-3.091088175239851296e-26
0
0
DERIV 13
-6.488440245186624858e-11
5.360382535832437656e-27
0
0
DERIV 14
4.634600175133303470e-12
-3.828844668451741054e-28
0
0
DERIV 15
-3.089733450088868576e-13
-1.4864047224304199463e-29
0
0
DERIV 16
1.9310834063055428601e-14
9.290029515190124664e-31
0
0
DERIV 17
-1.1359314154738488688e-15
7.296261987286882537e-32
0
0
DERIV 18
6.310730085965827186e-17
-5.423029064501413800e-33
0
0
DERIV 19
-3.3214368873504350367e-18
-3.894456618619689303e-35
0
0
DERIV 20
1.6607184436752175184e-19
1.9472283093098446514e-36
0
0
DERIV 21
-7.908183065120083922e-21
4.088190987646595835e-37
0
0
DERIV 22
3.594628665963674296e-22
2.7899382529207008663e-39
0
0
DERIV 23
-1.5628820286798582620e-23
-1.3990129140642559749e-39
0
0
DERIV 24
6.512008452832743371e-25
-2.931459352650140385e-42
0
0
DERIV 25
-2.604803381133097463e-26
1.2652020760808957472e-42
0
0
DERIV 26
1.0018474542819605627e-27
-4.866161831080368029e-44
0
0
DERIV 27
-3.710546126970224099e-29
-2.7371556526625927454e-46
0
0
DERIV 28
1.3251950453465085816e-30
3.479874276530956186e-47
0
0
DERIV 29
-4.569638087401754051e-32
2.0088356338365627247e-48
0
0
DERIV 30
1.5232126958005846379e-33
-2.1346003408978618304e-50
0
0
DERIV 31
-4.913589341292208820e-35
3.792436547493472686e-51
0
0
DERIV 32
1.5354966691538152562e-36
-1.1851364210917102143e-52
0
0
DERIV 33
-4.653020209557015770e-38
2.0094304959146313745e-54
0
0
DERIV 34
1.3685353557520633849e-39
1.7667390920140542375e-56
0
0
DERIV 35
-3.910101016434466814e-41
-5.047825977183012350e-58
0
0
AT 59/64
0.3977725179666116717
2.2290329668598003694e-18
0
0
DERIV 1
-0.3977725179666116717
-2.2290329668598003694e-18
0
0
DERIV 2
0.19888625898330583586
1.1145164834299001847e-18
0
0
DERIV 3
-0.06629541966110194529
-3.715054944766333788e-19
0
0
DERIV 4
0.016573854915275486321
9.287637361915834471e-20
0
0
DERIV 5
-0.003314770983055097264
-1.8575274723831668942e-20
0
0
DERIV 6
0.0005524618305091828774
3.0958791206386116158e-21
0
0
DERIV 7
-7.892311864416898248e-5
-4.422684458055159317e-22
0
0
DERIV 8
9.865389830521122810e-6
5.528355572568949146e-23
0
0
DERIV 9
-1.0961544256134580430e-6
-5.320000326142663161e-23
0
0
DERIV 10
1.0961544256134581489e-7
-5.267911514536091665e-24
0
0
DERIV 11
-9.965040232849618332e-9
-7.242707533011228470e-25
0
0
DERIV 12
8.304200194041349644e-10
-4.304168046070155544e-26
0
0
DERIV 13
-6.387846303108729700e-11
-4.642761239109761674e-27
0
0
DERIV 14
4.562747359363378588e-12
1.0082764080889268006e-28
0
0
DERIV 15
-3.041831572908919193e-13
6.741383395179089755e-30
0
0
DERIV 16
1.9011447330680744958e-14
-4.213364621986931097e-31
0
0
DERIV 17
-1.1183204312165143513e-15
-3.321998054868068512e-32
0
0
DERIV 18
6.212891284536190840e-17
1.8455544749267048810e-33
0
0
DERIV 19
-3.2699427813348372033e-18
-1.7822623318086808228e-34
0
0
DERIV 20
1.6349713906674186498e-19
4.096486798075314482e-36
0
0
DERIV 21
-7.785578050797231522e-21
-3.383691588657319207e-37
0
0
DERIV 22
3.538899113998741644e-22
1.1105891399997678541e-38
0
0
DERIV 23
-1.5386517886951050114e-23
-9.939493438356762444e-40
0
0
DERIV 24
6.411049119562937548e-25
4.141455599315317515e-41
0
0
DERIV 25
-2.5644196478251751913e-26
6.533331323620815539e-44
0
0
DERIV 26
9.863152491635289749e-28
-5.770242079633926331e-44
0
0
DERIV 27
-3.653019441346403403e-29
6.112897123505852259e-47
0
0
DERIV 28
1.3046498004808583583e-30
-2.1831775441092331668e-48
0
0
DERIV 29
-4.498792415451235831e-32
1.2077969069559356351e-48
0
0
DERIV 30
1.4995974718170784850e-33
8.518186016179586495e-50
0
0
DERIV 31
-4.837411199409930907e-35
3.560538516620381607e-52
0
0
DERIV 32
1.5116909998156034085e-36
-1.1126682864438692522e-53
0
0
DERIV 33
-4.580881817623040569e-38
-2.9558458888353295300e-55
0
0
DERIV 34
1.3473181816538354806e-39
-1.0498407585774104130e-56
0
0
DERIV 35
-3.849480519010958603e-41
1.1738792079862053752e-57
0
0
AT 15/16
0.3916056266767989902
3.0445588566079219746e-18
0
0
DERIV 1
-0.3916056266767989902
-3.0445588566079219746e-18
0
0
DERIV 2
0.19580281333839949509
1.5222794283039609873e-18
0
0
DERIV 3
-0.06526760444613316503
-5.074264761013203612e-19
0
0
DERIV 4
0.016316901111533291258
1.2685661902533009030e-19
0
0
DERIV 5
-0.003263380222306658078
-1.9884367140274672750e-19
0
0
DERIV 6
0.0005438967037177764186
-3.913953293190917435e-20
0
0
DERIV 7
-7.769952910253948063e-5
-2.1529393846237211575e-21
0
0
DERIV 8
9.712441137817435079e-6
2.691174230779651447e-22
0
0
DERIV 9
-1.0791601264241595473e-6
6.421283601959280329e-23
0
0
DERIV 10
1.0791601264241595473e-7
-6.421283601959279742e-24
0
0
DERIV 11
-9.810546603855995433e-9
1.3256362969464673897e-25
0
0
DERIV 12
8.175455503213329528e-10
-1.1046969141220561581e-26
0
0
DERIV 13
-6.288811925548714823e-11
-1.1386480770047348523e-27
0
0
DERIV 14
4.492008518249082478e-12
-3.802643184689852691e-28
0
0
DERIV 15
-2.994672345499388083e-13
1.7903088619981322546e-30
0
0
DERIV 16
1.8716702159371175518e-14
-1.1189430387488326591e-31
0
0
DERIV 17
-1.1009824799630102550e-15
-6.302335611509614173e-32
0
0
DERIV 18
6.116569333127835298e-17
-1.9769031687516850674e-33
0
0
DERIV 19
-3.2192470174357025856e-18
-9.868193263277823514e-35
0
0
DERIV 20
1.6096235087178513409e-19
1.1927177067082250866e-37
0
0
DERIV 21
-7.664873851037387194e-21
-1.4897796708456564524e-37
0
0
DERIV 22
3.484033568653358072e-22
-1.8875423695915106497e-38
0
0
DERIV 23
-1.5147972037623295199e-23
5.404384493829541744e-41
0
0
DERIV 24
6.311655015676372694e-25
2.836000518023476188e-41
0
0
DERIV 25
-2.5246620062705490545e-26
-1.3639889476043685170e-42
0
0
DERIV 26
9.710238485655959144e-28
-7.171548900769269592e-44
0
0
DERIV 27
-3.596384624317021448e-29
-1.9110657723293039722e-45
0
0
DERIV 28
1.2844230801132220960e-30
-8.188677216589811851e-47
0
0
DERIV 29
-4.429045103838696864e-32
2.6349293117113550992e-48
0
0
DERIV 30
1.4763483679462322537e-33
-5.361958876786506887e-50
0
0
DERIV 31
-4.762414090149136302e-35
1.7296641538020987565e-51
0
0
DERIV 32
1.4882544031716050945e-36
-5.405200480631558614e-53
0
0
DERIV 33
-4.509861827792742347e-38
-2.0004120425714322071e-54
0
0
DERIV 34
1.3264299493508066493e-39
-1.7932639547881696221e-56
0
0
DERIV 35
-3.789799855288018794e-41
-1.5267965163100619201e-57
0
0
AT 61/64
0.3855343441745787136
7.975178897389116496e-18
0
0
DERIV 1
-0.3855343441745787136
-7.975178897389116496e-18
0
0
DERIV 2
0.19276717208728935682
3.987589448694558248e-18
0
0
DERIV 3
-0.06425572402909644765
-5.955125752169671924e-18
0
0
DERIV 4
0.016063931007274111912
1.4887814380424179811e-18
0
0
DERIV 5
-0.003212786201454822469
-2.1102011380964323669e-19
0
0
DERIV 6
0.0005354643669091371143
-9.700534479096098568e-22
0
0
DERIV 7
-7.649490955844816112e-5
2.0746543719969164151e-21
0
0
DERIV 8
9.561863694806020141e-6
-2.593317964996145519e-22
0
0
DERIV 9
-1.0624292994228910091e-6
-8.882882084091786944e-23
0
0
DERIV 10
1.0624292994228910885e-7
9.419482035827217424e-25
0
0
DERIV 11
-9.658448176571737168e-9
-8.563165487115652099e-26
0
0
DERIV 12
8.048706813809780973e-10
7.135971239263043416e-27
0
0
DERIV 13
-6.191312933699831816e-11
2.4337015364738559821e-27
0
0
DERIV 14
4.422366381214165468e-12
-5.843674304151598925e-29
0
0
DERIV 15
-2.948244254142777180e-13
2.4090622043092301128e-29
0
0
DERIV 16
1.8426526588392357378e-14
-1.5056638776932688205e-30
0
0
DERIV 17
-1.0839133287289621523e-15
4.216488073366218058e-32
0
0
DERIV 18
6.021740715160900435e-17
1.7661571739337599778e-33
0
0
DERIV 19
-3.1693372185057372333e-18
6.922793353083249687e-35
0
0
DERIV 20
1.5846686092528685685e-19
1.3534281844264644884e-36
0
0
DERIV 21
-7.546040996442230849e-21
-4.943440380353158596e-37
0
0
DERIV 22
3.430018634746468610e-22
1.8195658634978765366e-38
0
0
DERIV 23
-1.4913124498897689099e-23
-1.3022000931826799626e-39
0
0
DERIV 24
6.213801874540704710e-25
-3.757715894204620972e-41
0
0
DERIV 25
-2.4855207498162816313e-26
-1.0223897866629098909e-42
0
0
DERIV 26
9.559695191601084025e-28
-4.346171748230804461e-44
0
0
DERIV 27
-3.540627848741142252e-29
1.8172930125780485797e-45
0
0
DERIV 28
1.2645099459789793508e-30
-3.988013501484428868e-47
0
0
DERIV 29
-4.360379124065445999e-32
9.976720952519535896e-49
0
0
DERIV 30
1.4534597080218153674e-33
-6.746712479757855473e-50
0
0
DERIV 31
-4.688579703296178518e-35
1.3141766998921483694e-51
0
0
DERIV 32
1.4651811572800557869e-36
-4.106802187162963654e-53
0
0
DERIV 33
-4.439942900848654026e-38
2.5099991050551575285e-54
0
0
DERIV 34
1.3058655590731334604e-39
2.944784768948599663e-57
0
0
DERIV 35
-3.731044454494666826e-41
-2.1232943539337847567e-57
0
0
AT 31/32
0.3795571881830895888
-5.180815165748834176e-18
0
0
DERIV 1
-0.3795571881830895888
5.180815165748834176e-18
0
0
DERIV 2
0.18977859409154479442
-2.5904075828744170882e-18
0
0
DERIV 3
-0.06325953136384826481
8.634691942914723306e-19
0
0
DERIV 4
0.015814882840962066202
-2.1586729857286808266e-19
0
0
DERIV 5
-0.003162976568192413327
1.2990963351341397125e-19
0
0
DERIV 6
0.0005271627613654022212
-2.1651605585568994206e-20
0
0
DERIV 7
-7.530896590934316865e-5
-2.7151394118053456875e-21
0
0
DERIV 8
9.413620738667896081e-6
3.393924264756682109e-22
0
0
DERIV 9
-1.0459578598519884534e-6
-3.771026960840758422e-23
0
0
DERIV 10
1.0459578598519885064e-7
-1.5229289594986188810e-24
0
0
DERIV 11
-9.508707816836259299e-9
2.888445622367885706e-25
0
0
DERIV 12
7.923923180696882060e-10
4.486133752635325869e-26
0
0
DERIV 13
-6.095325523612986498e-11
-4.682497163792373762e-28
0
0
DERIV 14
4.353803945437847845e-12
-3.127508346641899589e-28
0
0
DERIV 15
-2.902535963625231459e-13
-2.2905429231979457917e-29
0
0
DERIV 16
1.8140849772657696619e-14
1.4315893269987161198e-30
0
0
DERIV 17
-1.0671088101563351880e-15
8.596028437841613656e-33
0
0
DERIV 18
5.928382278646306737e-17
-1.8471073181110130349e-33
0
0
DERIV 19
-3.1202011992875296792e-18
-8.524034640979008573e-35
0
0
DERIV 20
1.5601005996437648878e-19
-5.528075404785853627e-37
0
0
DERIV 21
-7.429050474494118943e-21
4.562192454663691709e-37
0
0
DERIV 22
3.376841124770054065e-22
-2.0737238430289510852e-38
0
0
DERIV 23
-1.4681917933782842739e-23
-1.2054993852853219077e-40
0
0
DERIV 24
6.117465805742851447e-25
-2.558891794730823009e-41
0
0
DERIV 25
-2.4469863222971403608e-26
-1.1575363158599620774e-42
0
0
DERIV 26
9.411485854989000974e-28
8.591282832543929797e-44
0
0
DERIV 27
-3.485735501847778346e-29
-1.1059588797202447744e-45
0
0
DERIV 28
1.2449055363742065772e-30
1.4475344555637009923e-47
0
0
DERIV 29
-4.292777711635194924e-32
-2.1979221962778056350e-48
0
0
DERIV 30
1.4309259038783984220e-33
-4.077388775467349592e-50
0
0
DERIV 31
-4.615890012510962462e-35
-5.815140602372519093e-52
0
0
DERIV 32
1.4424656289096757693e-36
1.8172314382414122166e-53
0
0
DERIV 33
-4.371107966392957146e-38
2.1385401934050245615e-54
0
0
DERIV 34
1.2856199901155756215e-39
-5.330220500014995689e-56
0
0
DERIV 35
-3.673199971758787534e-41
1.9598824956291854684e-57
0
0
AT 63/64
0.3736726994060429741
2.4064649895148874087e-17
0
0
DERIV 1
-0.3736726994060429741
-2.4064649895148874087e-17
0
0
DERIV 2
0.18683634970302148703
1.2032324947574437044e-17
0
0
DERIV 3
-0.06227878323434050262
2.9281189213824159014e-18
0
0
DERIV 4
0.015569695808585125654
-7.320297303456039753e-19
0
0
DERIV 5
-0.003113939161717024784
-2.0053874912624062863e-19
0
0
DERIV 6
0.0005189898602861708335
-2.7169475618100435305e-21
0
0
DERIV 7
-7.414140861231011907e-5
3.881353659728633615e-22
0
0
DERIV 8
9.267676076538764883e-6
-4.851692074660792019e-23
0
0
DERIV 9
-1.0297417862820850811e-6
9.950554088898981050e-23
0
0
DERIV 10
1.0297417862820850017e-7
-2.0096202083899150041e-24
0
0
DERIV 11
-9.361288966200772893e-9
3.330892212269064125e-25
0
0
DERIV 12
7.801074138500643388e-10
4.117428261051010520e-26
0
0
DERIV 13
-6.000826260385110100e-11
-5.155667442522478685e-27
0
0
DERIV 14
4.286304471703650302e-12
1.3746379819551530610e-28
0
0
DERIV 15
-2.857536314469100269e-13
-2.4326401551483862168e-30
0
0
DERIV 16
1.7859601965431876680e-14
1.5204000969677413855e-31
0
0
DERIV 17
-1.0505648214959928387e-15
8.386363533795584680e-32
0
0
DERIV 18
5.836471230533293274e-17
-1.9199904867579228343e-33
0
0
DERIV 19
-3.0718269634385754278e-18
1.2132507766501948519e-34
0
0
DERIV 20
1.5359134817192875695e-19
8.378220699653294638e-36
0
0
DERIV 21
-7.313873722472798523e-21
1.7423054536985378501e-37
0
0
DERIV 22
3.324488055669453874e-22
-7.919570244084262955e-39
0
0
DERIV 23
-1.4454295894215017738e-23
1.2387270166727953921e-39
0
0
DERIV 24
6.022623289256256779e-25
9.610038410627666369e-42
0
0
DERIV 25
-2.4090493157025027000e-26
-4.991959066225956342e-43
0
0
DERIV 26
9.265574291163472889e-28
-7.738195928644140374e-44
0
0
DERIV 27
-3.431694181912397013e-29
-6.631976402831909744e-46
0
0
DERIV 28
1.2256050649687132191e-30
2.368563001011396198e-47
0
0
DERIV 29
-4.226224361961079915e-32
-2.3267657593194655488e-48
0
0
DERIV 30
1.4087414539870267979e-33
-8.209428670552497653e-50
0
0
DERIV 31
-4.544327270925892552e-35
-8.005258612310597175e-52
0
0
DERIV 32
1.4201022721643414224e-36
2.501643316347061617e-53
0
0
DERIV 33
-4.303340218679822619e-38
5.074398615672709223e-55
0
0
DERIV 34
1.2656882996117124773e-39
4.265151408330254542e-56
0
0
DERIV 35
-3.616252284604892676e-41
-2.3838476288083804754e-57
0
0
AT 1
0.3678794411714423340
-1.2428753672788362585e-17
0
0
DERIV 1
-0.3678794411714423340
1.2428753672788362585e-17
0
0
DERIV 2
0.18393972058572116701
-6.214376836394181292e-18
0
0
DERIV 3
-0.06131324019524038438
-2.5544703238067584876e-18
0
0
DERIV 4
0.015328310048810096095
6.386175809516896219e-19
0
0
DERIV 5
-0.003065662009762019132
-2.1445968998917827429e-19
0
0
DERIV 6
0.0005109436682936698915
-3.967907513204354032e-22
0
0
DERIV 7
-7.299195261338141307e-5
5.668439304577648953e-23
0
0
DERIV 8
9.123994076672676634e-6
-7.085549130722061192e-24
0
0
DERIV 9
-1.0137771196302973802e-6
-2.2741409742539224189e-23
0
0
DERIV 10
1.0137771196302973538e-7
4.921118934423611272e-24
0
0
DERIV 11
-9.216155633002704419e-9
7.557973514931665190e-25
0
0
DERIV 12
7.680129694168919660e-10
5.948605088321762748e-27
0
0
DERIV 13
-5.907792072437631104e-11
5.507659795271121785e-27
0
0
DERIV 14
4.219851480312593415e-12
-1.6260610910613265757e-28
0
0
DERIV 15
-2.813234320208395543e-13
4.108794215856210419e-30
0
0
DERIV 16
1.7582714501302472142e-14
-2.567996384910131512e-31
0
0
DERIV 17
-1.0342773236060277615e-15
3.504965422691776098e-33
0
0
DERIV 18
5.745985131144598127e-17
5.283480429440816909e-33
0
0
DERIV 19
-3.0242027006024205331e-18
1.8819985867055095715e-34
0
0
DERIV 20
1.5121013503012102666e-19
-9.409992933527548392e-36
0
0
DERIV 21
-7.200482620481953435e-21
2.331473631604744715e-37
0
0
DERIV 22
3.272946645673615027e-22
6.500492231938978565e-39
0
0
DERIV 23
-1.4230202807276586563e-23
-7.937145973983414486e-40
0
0
DERIV 24
5.929251169698577734e-25
3.307144155826422872e-41
0
0
DERIV 25
-2.3717004678794312659e-26
3.990578906317661410e-43
0
0
DERIV 26
9.121924876459351023e-28
-1.5348380408914081773e-44
0
0
DERIV 27
-3.378490694984944989e-29
2.2292567136040085497e-45
0
0
DERIV 28
1.2066038196374803533e-30
-7.961631120014315693e-47
0
0
DERIV 29
-4.160702826336138885e-32
1.0285522180619743874e-49
0
0
DERIV 30
1.3869009421120463179e-33
-2.623609958632665270e-50
0
0
DERIV 31
-4.473874006813052776e-35
2.2258172563807025926e-51
0
0
DERIV 32
1.3980856271290789926e-36
-6.955678926189695602e-53
0
0
DERIV 33
-4.236623112512360362e-38
-1.0686729635413691650e-55
0
0
DERIV 34
1.2460656213271647836e-39
3.193126372217398704e-56
0
0
DERIV 35
-3.560187489506185227e-41
3.985652376697324974e-58
0
0
AT 33/32
0.3565609806639469803
4.122101702338631217e-18
0
0
DERIV 1
-0.3565609806639469803
-4.122101702338631217e-18
0
0
DERIV 2
0.17828049033197349016
2.0610508511693156087e-18
0
0
DERIV 3
-0.05942683011065783005
-6.870169503897718696e-19
0
0
DERIV 4
0.014856707527664457513
1.7175423759744296739e-19
0
0
DERIV 5
-0.002971341505532891329
-2.0782319511716931255e-19
0
0
DERIV 6
0.0004952235842554819243
-1.5028732299885970253e-21
0
0
DERIV 7
-7.074622632221170735e-5
4.086846791732315330e-21
0
0
DERIV 8
8.843278290276463419e-6
-5.108558489665394163e-22
0
0
DERIV 9
-9.825864766973848713e-7
1.0381914695485439973e-22
0
0
DERIV 10
9.825864766973847919e-8
-2.4409808149763742941e-24
0
0
DERIV 11
-8.932604333612589318e-9
5.227002968353167926e-25
0
0
DERIV 12
7.443836944677157765e-10
-4.355835806960973463e-26
0
0
DERIV 13
-5.726028418982428951e-11
2.3564354614206673118e-27
0
0
DERIV 14
4.090020299273163652e-12
-2.837158996652356970e-28
0
0
DERIV 15
-2.726680199515442165e-13
-8.012058920528157237e-30
0
0
DERIV 16
1.7041751246971513533e-14
5.007536825330098273e-31
0
0
DERIV 17
-1.0024559557042067248e-15
1.6947483687529529734e-32
0
0
DERIV 18
5.569199753912259171e-17
3.167123676496684987e-33
0
0
DERIV 19
-2.9311577652169786328e-18
-4.505303911747378106e-35
0
0
DERIV 20
1.4655788826084894127e-19
-7.376997766062489945e-36
0
0
DERIV 21
-6.978947060040425703e-21
2.796364284290458243e-37
0
0
DERIV 22
3.172248663654738871e-22
-4.161696922612718992e-39
0
0
DERIV 23
-1.3792385494151038951e-23
5.642567197295597957e-40
0
0
DERIV 24
5.746827289229599563e-25
-2.351069665539832482e-41
0
0
DERIV 25
-2.2987309156918397333e-26
2.2072904636020874708e-44
0
0
DERIV 26
8.841272752660921913e-28
1.2948442393505087329e-44
0
0
DERIV 27
-3.274545463948489660e-29
1.4322737697750802468e-46
0
0
DERIV 28
1.1694805228387462820e-30
1.9907923399460732528e-47
0
0
DERIV 29
-4.032691458064642201e-32
-2.1965000141245263193e-48
0
0
DERIV 30
1.3442304860215474459e-33
2.760148275191074176e-50
0
0
DERIV 31
-4.336227374263056518e-35
1.5237396493764753846e-51
0
0
DERIV 32
1.3550710544572051620e-36
-4.761686404301485577e-53
0
0
DERIV 33
-4.106275922597591005e-38
-2.5117947065744131396e-54
0
0
DERIV 34
1.2077282125287032462e-39
6.428027891689667499e-56
0
0
DERIV 35
-3.450652035796295412e-41
2.3873900124627113882e-57
0
0
AT 17/16
0.3455907525769745248
-8.877246785063271734e-18
0
0
DERIV 1
-0.3455907525769745248
8.877246785063271734e-18
0
0
DERIV 2
0.17279537628848726238
-4.438623392531635867e-18
0
0
DERIV 3
-0.05759845876282908284
-3.1463881384276069628e-18
0
0
DERIV 4
0.014399614690707270709
7.865970346069017407e-19
0
0
DERIV 5
-0.002879922938141454315
1.6152940676300366717e-20
0
0
DERIV 6
0.0004799871563569090525
-2.6921567793833945782e-21
0
0
DERIV 7
-6.856959376527272179e-5
3.845938256261992053e-22
0
0
DERIV 8
8.571199220659090224e-6
-4.807422820327490066e-23
0
0
DERIV 9
-9.523554689621211242e-7
-6.422765578168070976e-24
0
0
DERIV 10
9.523554689621211772e-8
-4.651679362522569875e-24
0
0
DERIV 11
-8.657776990564736771e-9
-7.802918580296248446e-25
0
0
DERIV 12
7.214814158803947654e-10
3.055846264609257819e-26
0
0
DERIV 13
-5.549857045233806086e-11
-3.622360387546511788e-28
0
0
DERIV 14
3.964183603738432919e-12
2.587400276818936911e-29
0
0
DERIV 15
-2.642789069158955246e-13
-5.090740046822274884e-30
0
0
DERIV 16
1.6517431682243470285e-14
3.181712529263921802e-31
0
0
DERIV 17
-9.716136283672629927e-16
1.6086730940550979203e-32
0
0
DERIV 18
5.397853490929238780e-17
-2.089321831373705936e-34
0
0
DERIV 19
-2.8409755215417045400e-18
-7.009535644065358700e-35
0
0
DERIV 20
1.4204877607708524145e-19
-1.0939706760871590082e-35
0
0
DERIV 21
-6.764227432242153853e-21
1.9394160833518745651e-38
0
0
DERIV 22
3.074648832837342703e-22
-5.156077677240988764e-39
0
0
DERIV 23
-1.3368038403640620193e-23
-3.136495986393256654e-41
0
0
DERIV 24
5.570016001516925387e-25
-2.930495872499988152e-41
0
0
DERIV 25
-2.2280064006067701202e-26
8.278152384075281793e-43
0
0
DERIV 26
8.569255386949115295e-28
2.335055342542632697e-44
0
0
DERIV 27
-3.173798291462635440e-29
5.883630953951315218e-46
0
0
DERIV 28
1.1334993898080841357e-30
-7.105934141856958843e-47
0
0
DERIV 29
-3.908618585545117596e-32
1.3178071952054031088e-48
0
0
DERIV 30
1.3028728618483725434e-33
-5.533070260324013965e-50
0
0
DERIV 31
-4.202815683381846552e-35
-1.8363037167945832118e-51
0
0
DERIV 32
1.3133799010568270475e-36
5.738449114983072537e-53
0
0
DERIV 33
-3.979939094111597272e-38
-1.5703198199522808159e-55
0
0
DERIV 34
1.1705703217975286574e-39
-4.336159220601185441e-56
0
0
DERIV 35
-3.344486633707224590e-41
-2.1763854143504625358e-58
0
0
AT 35/32
0.3349580429252949632
-9.450906368179749818e-18
0
0
DERIV 1
-0.3349580429252949632
9.450906368179749818e-18
0
0
DERIV 2
0.16747902146264748158
-4.725453184089874909e-18
0
0
DERIV 3
-0.05582634048754915590
-3.0507782079081938204e-18
0
0
DERIV 4
0.013956585121887288975
7.626945519770484551e-19
0
0
DERIV 5
-0.002791317024377458142
1.9440578479995173268e-19
0
0
DERIV 6
0.0004652195040629096361
2.1809144490949933924e-20
0
0
DERIV 7
-6.645992915184423179e-5
-5.051667378145534085e-21
0
0
DERIV 8
8.307491143980528974e-6
6.314584222681917606e-22
0
0
DERIV 9
-9.230545715533922024e-7
2.3952724998456506101e-23
0
0
DERIV 10
9.230545715533922024e-8
-2.3952724998456507570e-24
0
0
DERIV 11
-8.391405195939928511e-9
-3.838338545980518932e-25
0
0
DERIV 12
6.992837663283273759e-10
3.198615454983765777e-26
0
0
DERIV 13
-5.379105894833287706e-11
-4.720584928888878487e-28
0
0
DERIV 14
3.842218496309490988e-12
2.645166257624394367e-28
0
0
DERIV 15
-2.561478997539660961e-13
1.2657817042990890320e-29
0
0
DERIV 16
1.6009243734622881008e-14
-7.911135651869306450e-31
0
0
DERIV 17
-9.417202196836989293e-16
9.293967472987896381e-32
0
0
DERIV 18
5.231778998242771281e-17
3.148854679304171075e-34
0
0
DERIV 19
-2.7535678938119850877e-18
1.8615654846547655107e-34
0
0
DERIV 20
1.3767839469059923512e-19
9.951472020598530977e-36
0
0
DERIV 21
-6.556114032885678150e-21
-1.8728290211373422313e-37
0
0
DERIV 22
2.980051833129853704e-22
8.512859186987919115e-39
0
0
DERIV 23
-1.2956747100564581515e-23
-1.7846762484366699825e-40
0
0
DERIV 24
5.398644625235241992e-25
3.804798308781653048e-41
0
0
DERIV 25
-2.1594578500940969000e-26
-4.887699917352600541e-43
0
0
DERIV 26
8.305607115746526125e-28
6.019104662833536863e-44
0
0
DERIV 27
-3.076150783609824719e-29
5.429947414654016593e-47
0
0
DERIV 28
1.0986252798606516353e-30
4.810710679208132186e-47
0
0
DERIV 29
-3.788363034002247113e-32
-7.151033158874908811e-49
0
0
DERIV 30
1.2627876780007490490e-33
1.2432981099856327630e-50
0
0
DERIV 31
-4.073508638712093655e-35
-9.183732051745000008e-52
0
0
DERIV 32
1.2729714495975292671e-36
2.869916266170312502e-53
0
0
DERIV 33
-3.857489241204634269e-38
3.958419979844676040e-55
0
0
DERIV 34
1.1345556591778336566e-39
-5.962259161717937405e-56
0
0
DERIV 35
-3.241587597650953101e-41
-3.356550286158424749e-58
0
0
AT 9/8
0.3246524673583497389
-9.104711209161230299e-18
0
0
DERIV 1
-0.3246524673583497389
9.104711209161230299e-18
0
0
DERIV 2
0.16232623367917486945
-4.552355604580615149e-18
0
0
DERIV 3
-0.05410874455972495417
-7.955127664422044094e-19
0
0
DERIV 4
0.013527186139931238543
1.9887819161055110236e-19
0
0
DERIV 5
-0.002705437227986247709
-3.977563832211021566e-20
0
0
DERIV 6
0.0004509062046643746362
-1.1440763154406704624e-20
0
0
DERIV 7
-6.441517209491065456e-5
-6.109906495695502869e-21
0
0
DERIV 8
8.051896511863831821e-6
7.637383119619378587e-22
0
0
DERIV 9
-8.946551679848702846e-7
-2.5093870127138908376e-24
0
0
DERIV 10
8.946551679848703376e-8
-5.043017219067987852e-24
0
0
DERIV 11
-8.133228799862457313e-9
1.5766316080507974738e-25
0
0
DERIV 12
6.777690666552047417e-10
2.1327262122619507505e-26
0
0
DERIV 13
-5.213608205040036723e-11
8.449600427102413032e-28
0
0
DERIV 14
3.724005860742883027e-12
2.858429542119753927e-28
0
0
DERIV 15
-2.482670573828588651e-13
-2.2422003476408007457e-29
0
0
DERIV 16
1.5516691086428679070e-14
1.4013752172755004660e-30
0
0
DERIV 17
-9.127465344958048020e-16
6.837780733486987399e-32
0
0
DERIV 18
5.070814080532248284e-17
2.3642087478797175142e-33
0
0
DERIV 19
-2.6688495160696044206e-18
-6.361319901301977891e-35
0
0
DERIV 20
1.3344247580348022585e-19
-1.6341649103171004200e-36
0
0
DERIV 21
-6.354403609689534672e-21
1.8529114589980441262e-37
0
0
DERIV 22
2.888365277131606754e-22
-1.6971374637789564980e-38
0
0
DERIV 23
-1.2558109900572203216e-23
6.740002912722480303e-40
0
0
DERIV 24
5.232545791905084367e-25
2.5284865829867361353e-42
0
0
DERIV 25
-2.0930183167620337584e-26
1.3654906878019570931e-44
0
0
DERIV 26
8.050070449084744811e-28
4.086701206628615066e-44
0
0
DERIV 27
-2.981507573735090733e-29
-8.907937220143831435e-46
0
0
DERIV 28
1.0648241334768181439e-30
6.790874637570523626e-48
0
0
DERIV 29
-3.671807356816614384e-32
7.095943446128814088e-49
0
0
DERIV 30
1.2239357856055381735e-33
-6.926832920600284632e-50
0
0
DERIV 31
-3.948179953566252155e-35
2.0620257995425308553e-51
0
0
DERIV 32
1.2338062354894537986e-36
-6.443830623570408923e-53
0
0
DERIV 33
-3.738806774210465677e-38
-1.8438648348444721635e-54
0
0
DERIV 34
1.0996490512383723730e-39
-6.092111311631301678e-56
0
0
DERIV 35
-3.141854432109635089e-41
-8.811708847118922975e-58
0
0
AT 37/32
0.3146639610184590041
2.2871361864230517725e-17
0
0
DERIV 1
-0.3146639610184590041
-2.2871361864230517725e-17
0
0
DERIV 2
0.15733198050922950206
1.1435680932115258863e-17
0
0
DERIV 3
-0.05244399350307650531
8.140356252330662210e-19
0
0
DERIV 4
0.013110998375769126328
-2.0350890630826655525e-19
0
0
DERIV 5
-0.002622199675153825179
-4.603439253718704487e-20
0
0
DERIV 6
0.0004370332791923041784
2.5742434964289582382e-20
0
0
DERIV 7
-6.243332559890060079e-5
1.9465990683543277262e-22
0
0
DERIV 8
7.804165699862575099e-6
-2.4332488354429096577e-23
0
0
DERIV 9
-8.671295222069527770e-7
-9.060736672484271756e-24
0
0
DERIV 10
8.671295222069528299e-8
-4.387882253090949797e-24
0
0
DERIV 11
-7.882995656426843908e-9
3.988983866446318206e-25
0
0
DERIV 12
6.569163047022369234e-10
3.569018549236632311e-26
0
0
DERIV 13
-5.053202343863360999e-11
-2.2482951505227533323e-27
0
0
DERIV 14
3.6094302456166867742e-12
-1.8560473222536737465e-28
0
0
DERIV 15
-2.406286830411124482e-13
9.007842286081508500e-30
0
0
DERIV 16
1.5039292690069528015e-14
-5.629901428800942813e-31
0
0
DERIV 17
-8.846642758864427838e-16
-7.486067599311240721e-33
0
0
DERIV 18
4.914801532702460047e-17
-9.536575382691876777e-34
0
0
DERIV 19
-2.5867376487907685878e-18
1.9210312949533251283e-34
0
0
DERIV 20
1.2933688243953841494e-19
4.839318108137643123e-36
0
0
DERIV 21
-6.158899163787543676e-21
-1.2296995021708813208e-37
0
0
DERIV 22
2.799499619903429029e-22
-2.959506632476266248e-39
0
0
DERIV 23
-1.2171737477840996290e-23
6.397587017695278696e-40
0
0
DERIV 24
5.071557282433747842e-25
3.456705153159714307e-41
0
0
DERIV 25
-2.0286229129734992516e-26
-2.3473835928899568679e-43
0
0
DERIV 26
7.802395819128843275e-28
9.028398434192141512e-45
0
0
DERIV 27
-2.889776229306978846e-29
-1.7875835346402600621e-45
0
0
DERIV 28
1.0320629390382068807e-30
-8.629685208336396828e-47
0
0
DERIV 29
-3.558837720821402961e-32
2.2207435716651277233e-48
0
0
DERIV 30
1.1862792402738009985e-33
-8.542858181856429916e-50
0
0
DERIV 31
-3.826707226689680278e-35
-8.654043872679975454e-52
0
0
DERIV 32
1.1958460083405250870e-36
2.704388710212492329e-53
0
0
DERIV 33
-3.623775782850075847e-38
-2.5595929218336950637e-54
0
0
DERIV 34
1.0658164067206105529e-39
6.568610877746379200e-56
0
0
DERIV 35
-3.045189733487459130e-41
2.2015693274286839662e-57
0
0
AT 19/16
0.3049827687110592822
9.828286298167116266e-18
0
0
DERIV 1
-0.3049827687110592822
-9.828286298167116266e-18
0
0
DERIV 2
0.15249138435552964110
4.914143149083558133e-18
0
0
DERIV 3
-0.05083046145184321601
6.749169182745567482e-19
0
0
DERIV 4
0.012707615362960804004
-1.6872922956863918706e-19
0
0
DERIV 5
-0.002541523072592160974
2.0721819351140855167e-19
0
0
DERIV 6
0.0004235871787653601082
1.9673743039040464092e-20
0
0
DERIV 7
-6.051245410933716218e-5
1.0616158961567351974e-21
0
0
DERIV 8
7.564056763667145272e-6
-1.3270198701959189967e-22
0
0
DERIV 9
-8.404507515185716852e-7
2.9803187347560403520e-24
0
0
DERIV 10
8.404507515185716852e-8
-2.980318734756040444e-25
0
0
DERIV 11
-7.640461377441561226e-9
4.782832317085245331e-25
0
0
DERIV 12
6.367051147867966999e-10
2.907478173704192466e-26
0
0
DERIV 13
-4.897731652206128858e-11
1.7403081959632542051e-27
0
0
DERIV 14
3.4983797515758062696e-12
-6.660818778692414636e-29
0
0
DERIV 15
-2.332253167717204011e-13
-1.2388486792253309412e-29
0
0
DERIV 16
1.4576582298232525071e-14
7.742804245158318383e-31
0
0
DERIV 17
-8.574460175430897391e-16
-1.6543668161923496995e-32
0
0
DERIV 18
4.763588986350498413e-17
2.2886428583377843315e-33
0
0
DERIV 19
-2.5071520980792099751e-18
1.6336636768139348119e-34
0
0
DERIV 20
1.2535760490396048431e-19
6.276156198834594571e-36
0
0
DERIV 21
-5.969409757331452028e-21
9.520590623591950326e-38
0
0
DERIV 22
2.713368071514296505e-22
-1.7151115928784930629e-38
0
0
DERIV 23
-1.1797252484844766900e-23
2.3461619219835026612e-40
0
0
DERIV 24
4.915521868685319542e-25
-9.775674674931261513e-42
0
0
DERIV 25
-1.9662087474741278167e-26
3.910269869972504733e-43
0
0
DERIV 26
7.562341336438953141e-28
-1.5039499499894249738e-44
0
0
DERIV 27
-2.800867161644056491e-29
-1.7265789974221369730e-45
0
0
DERIV 28
1.0003097005871630324e-30
6.166353562221918039e-47
0
0
DERIV 29
-3.449343795128148784e-32
1.8374734148077919525e-48
0
0
DERIV 30
1.1497812650427161472e-33
5.278884713700728312e-50
0
0
DERIV 31
-3.708971822718439564e-35
2.0907354873241717172e-51
0
0
DERIV 32
1.1590536945995123637e-36
-6.533548397888036616e-53
0
0
DERIV 33
-3.512283923028825313e-38
1.6634847524267495289e-54
0
0
DERIV 34
1.0330246832437720741e-39
2.784226572860765987e-56
0
0
DERIV 35
-2.951499094982206159e-41
1.5349725748963971459e-57
0
0
AT 39/32
0.2955994353773707672
-2.1115147032906762202e-17
0
0
DERIV 1
-0.2955994353773707672
2.1115147032906762202e-17
0
0
DERIV 2
0.14779971768868538362
-1.0557573516453381101e-17
0
0
DERIV 3
-0.04926657256289512093
-3.4197027317561014724e-18
0
0
DERIV 4
0.012316643140723780234
8.549256829390253681e-19
0
0
DERIV 5
-0.002463328628144756133
-8.424896278896471168e-20
0
0
DERIV 6
0.0004105547713574593917
-2.2098578618022695854e-20
0
0
DERIV 7
-5.865068162249419494e-5
-7.152108134449878969e-22
0
0
DERIV 8
7.331335202811774368e-6
8.940135168062348712e-23
0
0
DERIV 9
-8.145928003124193507e-7
-3.346217649935539884e-23
0
0
DERIV 10
8.145928003124193507e-8
3.346217649935539737e-24
0
0
DERIV 11
-7.405389093749267351e-9
2.221860579941503750e-25
0
0
DERIV 12
6.171157578124389459e-10
-1.8515504832845862672e-26
0
0
DERIV 13
-4.747044290864914819e-11
-6.704159798967097398e-29
0
0
DERIV 14
3.3907459220463677859e-12
-5.291085492547465346e-29
0
0
DERIV 15
-2.2604972813642452411e-13
8.576100121779451704e-30
0
0
DERIV 16
1.4128108008526532757e-14
-5.360062576112157315e-31
0
0
DERIV 17
-8.310651769721490031e-16
4.893112335700560046e-32
0
0
DERIV 18
4.617028760956382871e-17
2.0750298973079203959e-33
0
0
DERIV 19
-2.4300151373454646893e-18
-8.893915307528806224e-35
0
0
DERIV 20
1.2150075686727324409e-19
-5.182692068171776287e-36
0
0
DERIV 21
-5.785750327013011588e-21
2.109702706497862912e-37
0
0
DERIV 22
2.629886512278641545e-22
-1.0405079326463769181e-39
0
0
DERIV 23
-1.1434289183820180057e-23
-5.297305875697546476e-40
0
0
DERIV 24
4.764287159925075330e-25
-8.539724237257292264e-42
0
0
DERIV 25
-1.9057148639700301549e-26
5.711777098852696971e-43
0
0
DERIV 26
7.329672553730884797e-28
1.9423827335238068212e-44
0
0
DERIV 27
-2.714693538418846553e-29
2.6021953474648231117e-45
0
0
DERIV 28
9.695334065781593582e-31
3.218038619097212595e-47
0
0
DERIV 29
-3.343218643372963663e-32
2.4766287657977721883e-48
0
0
DERIV 30
1.1144062144576544060e-33
6.569505705985471793e-50
0
0
DERIV 31
-3.594858756315014178e-35
-2.4640682548459193235e-51
0
0
DERIV 32
1.1233933613484419308e-36
7.700213296393497886e-53
0
0
DERIV 33
-3.404222307116490683e-38
-2.4915871678282969763e-54
0
0
DERIV 34
1.0012418550342620137e-39
2.530179561260781923e-56
0
0
DERIV 35
-2.860691014383605783e-41
-4.316002108960035373e-58
0
0
AT 5/4
0.2865047968601900918
8.479830077607643709e-18
0
0
DERIV 1
-0.2865047968601900918
-8.479830077607643709e-18
0
0
DERIV 2
0.14325239843009504592
4.239915038803821855e-18
0
0
DERIV 3
-0.04775079947669835095
8.996596217011356360e-19
0
0
DERIV 4
0.011937699869174587738
-2.249149054252839090e-19
0
0
DERIV 5
-0.002387539973834917374
-1.2848936651262391801e-19
0
0
DERIV 6
0.0003979233289724862471
3.3448582106789145664e-21
0
0
DERIV 7
-5.684618985321231811e-5
-3.3819498492545888502e-21
0
0
DERIV 8
7.105773731651539764e-6
4.227437311568236063e-22
0
0
DERIV 9
-7.895304146279489568e-7
4.714324623305296770e-23
0
0
DERIV 10
7.895304146279489568e-8
-4.714324623305296770e-24
0
0
DERIV 11
-7.177549223890444385e-9
-2.482091717883592753e-25
0
0
DERIV 12
5.981291019908703999e-10
-1.3781761207346211596e-26
0
0
DERIV 13
-4.600993092237464763e-11
2.5514466780044460893e-27
0
0
DERIV 14
3.2864236373124744848e-12
1.6395105169096075235e-28
0
0
DERIV 15
-2.1909490915416497575e-13
-8.326505259017653985e-31
0
0
DERIV 16
1.3693431822135310985e-14
5.204065786886033741e-32
0
0
DERIV 17
-8.054959895373712460e-16
8.539680496258388251e-33
0
0
DERIV 18
4.474977719652062135e-17
2.9494487624518420552e-33
0
0
DERIV 19
-2.3552514313958222576e-18
-7.414235826010807338e-35
0
0
DERIV 20
1.1776257156979112251e-19
-5.922531808930775463e-36
0
0
DERIV 21
-5.607741503323386356e-21
-1.4786975263735203347e-37
0
0
DERIV 22
2.548973410601539381e-22
-6.102222343636225957e-39
0
0
DERIV 23
-1.1082493089571909650e-23
-4.374271730508794398e-40
0
0
DERIV 24
4.617705453988295994e-25
-1.2385699842210428046e-41
0
0
DERIV 25
-1.8470821815953183400e-26
-7.854385729902799461e-44
0
0
DERIV 26
7.104162236905070401e-28
1.6818317852545428457e-44
0
0
DERIV 27
-2.631171198853729653e-29
-1.8684992961607792717e-45
0
0
DERIV 28
9.397039995906177834e-31
1.6685743994141506477e-47
0
0
DERIV 29
-3.240358619277992281e-32
-1.3303804310074748807e-48
0
0
DERIV 30
1.0801195397593307946e-33
1.0134626077735726034e-50
0
0
DERIV 31
-3.484256579868809308e-35
2.6044959375935137590e-51
0
0
DERIV 32
1.0888301812090029087e-36
-8.139049804979730497e-53
0
0
DERIV 33
-3.299485397603038738e-38
-1.3301620525992231314e-54
0
0
DERIV 34
9.704368816479526371e-40
-2.804983856471354060e-56
0
0
DERIV 35
-2.772676804708436164e-41
1.3840404293488265481e-57
0
0
AT 41/32
0.2776899709537899441
1.7090038398940032117e-17
0
0
DERIV 1
-0.2776899709537899441
-1.7090038398940032117e-17
0
0
DERIV 2
0.13884498547689497205
8.545019199470016059e-18
0
0
DERIV 3
-0.04628166182563166198
1.7775895361148135656e-18
0
0
DERIV 4
0.011570415456407915494
-4.443973840287033914e-19
0
0
DERIV 5
-0.002314083091281583186
1.7561565060458103300e-19
0
0
DERIV 6
0.0003856805152135971615
6.870797315419975132e-21
0
0
DERIV 7
-5.509721645908530684e-5
-2.9176177816412544728e-21
0
0
DERIV 8
6.887152057385663355e-6
3.647022227051568091e-22
0
0
DERIV 9
-7.652391174872959519e-7
-1.6993776210175745189e-23
0
0
DERIV 10
7.652391174872959784e-8
-9.476003391521141509e-25
0
0
DERIV 11
-6.956719249884508744e-9
-6.425098963217647262e-26
0
0
DERIV 12
5.797266041570423609e-10
3.982010799239085917e-26
0
0
DERIV 13
-4.459435416592634092e-11
2.4050558383757657297e-27
0
0
DERIV 14
3.1853110118518814366e-12
-1.1409016224496069504e-28
0
0
DERIV 15
-2.1235406745679209577e-13
7.606010816330712629e-30
0
0
DERIV 16
1.3272129216049505986e-14
-4.753756760206695393e-31
0
0
DERIV 17
-7.807134832970297407e-16
4.761483730009627857e-33
0
0
DERIV 18
4.337297129427943209e-17
-2.3188521479024754985e-33
0
0
DERIV 19
-2.2827879628568120531e-18
-4.013872437458431917e-35
0
0
DERIV 20
1.1413939814284061229e-19
-7.622713503206963040e-36
0
0
DERIV 21
-5.435209435373361845e-21
-2.818562580126565997e-37
0
0
DERIV 22
2.470549743351528111e-22
1.2811648091484390656e-38
0
0
DERIV 23
-1.0741520623267514550e-23
4.651408228244068782e-40
0
0
DERIV 24
4.475633593028130756e-25
1.1230964434980115563e-41
0
0
DERIV 25
-1.7902534372112523025e-26
-4.492385773992046162e-43
0
0
DERIV 26
6.885590143120201508e-28
-1.7215093837256858239e-44
0
0
DERIV 27
-2.550218571526000268e-29
-2.2688007468493665020e-45
0
0
DERIV 28
9.107923469735715243e-31
8.102859810176309630e-47
0
0
DERIV 29
-3.140663265426108969e-32
-1.5155477013791927901e-49
0
0
DERIV 30
1.0468877551420363457e-33
-1.7755766521522760213e-50
0
0
DERIV 31
-3.377057274651730354e-35
2.6420038568946921679e-51
0
0
DERIV 32
1.0553303983286657358e-36
-8.256262052795913025e-53
0
0
DERIV 33
-3.197970904026259695e-38
1.3945731971868907817e-54
0
0
DERIV 34
9.405796776547823015e-40
-7.940100267019398334e-56
0
0
DERIV 35
-2.687370507585092042e-41
-2.0751992272604047753e-58
0
0
AT 21/16
0.2691463487291838597
2.3240746941214279553e-17
0
0
DERIV 1
-0.2691463487291838597
-2.3240746941214279553e-17
0
0
DERIV 2
0.13457317436459192983
1.1620373470607139777e-17
0
0
DERIV 3
-0.04485772478819731457
7.524714457357722942e-19
0
0
DERIV 4
0.011214431197049328642
-1.8811786143394307354e-19
0
0
DERIV 5
-0.002242886239409865555
-1.3584877531089208510e-19
0
0
DERIV 6
0.0003738143732349776286
-1.3498609864368131109e-20
0
0
DERIV 7
-5.340205331928251644e-5
-7.702470242953400323e-24
0
0
DERIV 8
6.675256664910314555e-6
9.628087803691750403e-25
0
0
DERIV 9
-7.416951849900349035e-7
-4.716436471194659094e-23
0
0
DERIV 10
7.416951849900350094e-8
-5.871475369484094850e-24
0
0
DERIV 11
-6.742683499909408424e-9
-2.182118869132892844e-25
0
0
DERIV 12
5.618902916591173687e-10
1.8184323909440770829e-26
0
0
DERIV 13
-4.322233012762441198e-11
-2.3930016138909100308e-27
0
0
DERIV 14
3.0873092948303151416e-12
1.7092868670649356402e-28
0
0
DERIV 15
-2.0582061965535435960e-13
5.433786864282013827e-30
0
0
DERIV 16
1.2863788728459647475e-14
-3.396116790176258642e-31
0
0
DERIV 17
-7.566934546152733693e-16
8.376261924257230569e-33
0
0
DERIV 18
4.203852525640407813e-17
-2.5196731586940089064e-33
0
0
DERIV 19
-2.2125539608633723099e-18
-9.038803783988999956e-35
0
0
DERIV 20
1.1062769804316861068e-19
9.334226752962589611e-36
0
0
DERIV 21
-5.267985621103267892e-21
2.720048065506042912e-37
0
0
DERIV 22
2.394538918683303288e-22
1.7557819541358030759e-38
0
0
DERIV 23
-1.0411038776883927467e-23
-6.356123332305353642e-40
0
0
DERIV 24
4.337932823701637057e-25
-3.473981688738850257e-41
0
0
DERIV 25
-1.7351731294806545587e-26
-1.2506778390467072680e-42
0
0
DERIV 26
6.673742805694825984e-28
-2.778270764317827607e-44
0
0
DERIV 27
-2.4717565947017873394e-29
4.061898544918692756e-46
0
0
DERIV 28
8.827702123934954283e-31
3.553959320831956342e-47
0
0
DERIV 29
-3.044035215149984443e-32
8.507741441599109801e-49
0
0
DERIV 30
1.0146784050499947916e-33
-5.551545945876964975e-51
0
0
DERIV 31
-3.273156145322563654e-35
-1.7177186347145592155e-51
0
0
DERIV 32
1.0228612954133011419e-36
5.367870733482997548e-53
0
0
DERIV 33
-3.099579683070609711e-38
2.7164289569563198977e-55
0
0
DERIV 34
9.116410832560616413e-40
3.039464699717861436e-56
0
0
DERIV 35
-2.604688809303033567e-41
2.1903179837406336515e-57
0
0
AT 43/32
0.2608655861262849651
-9.745135465889228691e-18
0
0
DERIV 1
-0.2608655861262849651
9.745135465889228691e-18
0
0
DERIV 2
0.13043279306314248256
-4.872567732944614346e-18
0
0
DERIV 3
-0.04347759768771415623
-3.0017400249566143934e-18
0
0
DERIV 4
0.010869399421928539057
7.504350062391535983e-19
0
0
DERIV 5
-0.002173879884385707985
2.3385346349849998801e-20
0
0
DERIV 6
0.0003623133140642846822
-2.1967593933066739865e-20
0
0
DERIV 7
-5.175904486632638317e-5
3.1382277047238199808e-21
0
0
DERIV 8
6.469880608290797897e-6
-3.922784630904774976e-22
0
0
DERIV 9
-7.188756231434219415e-7
-3.470890059630295658e-24
0
0
DERIV 10
7.188756231434219944e-8
-4.946866914376347627e-24
0
0
DERIV 11
-6.535232937667472526e-9
2.993186990245720127e-25
0
0
DERIV 12
5.446027448056226760e-10
9.522633937661817774e-27
0
0
DERIV 13
-4.189251883120174729e-11
2.2501120981354886134e-27
0
0
DERIV 14
2.9923227736572676637e-12
-1.6072229272396348520e-28
0
0
DERIV 15
-1.9948818491048449072e-13
-9.480019658727002831e-30
0
0
DERIV 16
1.2468011556905280670e-14
5.925012286704376770e-31
0
0
DERIV 17
-7.334124445238400800e-16
5.750121376349859714e-33
0
0
DERIV 18
4.074513580688000171e-17
2.4196491777757430771e-33
0
0
DERIV 19
-2.1444808319410527822e-18
-6.653111637596851187e-35
0
0
DERIV 20
1.0722404159705264392e-19
-1.4882690421696640723e-36
0
0
DERIV 21
-5.105906742716792353e-21
-1.4407758404704380754e-37
0
0
DERIV 22
2.320866701234905914e-22
-2.3372693291519873062e-38
0
0
DERIV 23
-1.0090724787977850779e-23
-5.964944561994676462e-42
0
0
DERIV 24
4.204468661657438131e-25
-3.036329269591395762e-41
0
0
DERIV 25
-1.6817874646629751719e-26
4.109711164541352419e-43
0
0
DERIV 26
6.468413325626827791e-28
-3.650268179826403835e-44
0
0
DERIV 27
-2.3957086391210471224e-29
-7.240465472121719431e-46
0
0
DERIV 28
8.556102282575167794e-31
7.590517898346389197e-47
0
0
DERIV 29
-2.950380097439713108e-32
-1.8624100164961595118e-48
0
0
DERIV 30
9.834600324799044035e-34
2.786894559402521342e-50
0
0
DERIV 31
-3.172451717677110807e-35
-2.6233625740602944940e-51
0
0
DERIV 32
9.913911617740971271e-37
8.198008043938420294e-53
0
0
DERIV 33
-3.004215641739688422e-38
-9.023528695574546833e-55
0
0
DERIV 34
8.835928358057907028e-40
3.613582626345237943e-56
0
0
DERIV 35
-2.524550959445116323e-41
-7.411439437772767062e-58
0
0
AT 11/8
0.2528395958047464642
1.3586110554737692294e-17
0
0
DERIV 1
-0.2528395958047464642
-1.3586110554737692294e-17
0
0
DERIV 2
0.12641979790237323211
6.793055277368846147e-18
0
0
DERIV 3
-0.04213993263412441070
-2.2643517591229488440e-18
0
0
DERIV 4
0.010534983158531102676
5.660879397807372110e-19
0
0
DERIV 5
-0.002106996631706220622
-2.6481414157307083869e-20
0
0
DERIV 6
0.0003511661052843701217
-1.3656467181873892252e-20
0
0
DERIV 7
-5.016658646919573071e-5
9.828862291199272383e-22
0
0
DERIV 8
6.270823308649466338e-6
-1.2286077863999090479e-22
0
0
DERIV 9
-6.967581454054962128e-7
-3.340618833190658562e-23
0
0
DERIV 10
6.967581454054962128e-8
3.340618833190658562e-24
0
0
DERIV 11
-6.334164958231784128e-9
7.229856632495270913e-26
0
0
DERIV 12
5.278470798526486429e-10
2.844097832929675782e-26
0
0
DERIV 13
-4.060362152712682018e-11
-6.964563632757826794e-28
0
0
DERIV 14
2.9002586805090584686e-12
1.6514596408345819125e-28
0
0
DERIV 15
-1.9335057870060391810e-13
9.185108234760689375e-30
0
0
DERIV 16
1.2084411168787744881e-14
-5.740692646725430859e-31
0
0
DERIV 17
-7.108477158110437933e-16
1.0566988944825714568e-32
0
0
DERIV 18
3.949153976728021074e-17
-5.870549413792063934e-34
0
0
DERIV 19
-2.0785020930147479743e-18
7.144352205968951179e-35
0
0
DERIV 20
1.0392510465073739872e-19
-3.572176102984475322e-36
0
0
DERIV 21
-4.948814507177971332e-21
1.3427903421229579589e-37
0
0
DERIV 22
2.249461139626350648e-22
-1.0378117376276307984e-38
0
0
DERIV 23
-9.780265824462393738e-24
6.790911935257183941e-41
0
0
DERIV 24
4.075110760192663905e-25
1.2476369386641376134e-41
0
0
DERIV 25
-1.6300443040770655045e-26
-1.0730266264531000539e-42
0
0
DERIV 26
6.269401169527175845e-28
-4.151414672114688182e-44
0
0
DERIV 27
-2.3220004331582131929e-29
7.071618997018448178e-46
0
0
DERIV 28
8.292858689850760652e-31
4.981377845662074662e-47
0
0
DERIV 29
-2.859606444776124382e-32
-1.5289640113914458283e-48
0
0
DERIV 30
9.532021482587081273e-34
5.096546704638152571e-50
0
0
DERIV 31
-3.074845639544219990e-35
5.976263037424374329e-52
0
0
DERIV 32
9.608892623575687467e-37
-1.8675821991951169779e-53
0
0
DERIV 33
-2.911785643507784208e-38
1.8314475935497493657e-54
0
0
DERIV 34
8.564075422081717778e-40
-5.885925780885828615e-57
0
0
DERIV 35
-2.446878692023347791e-41
-1.2883718678672182616e-57
0
0
AT 45/32
0.24506053924552589907
7.291486542182270493e-18
0
0
DERIV 1
-0.24506053924552589907
-7.291486542182270493e-18
0
0
DERIV 2
0.12253026962276294953
3.645743271091135247e-18
0
0
DERIV 3
-0.04084342320758765216
1.0977168776053643128e-18
0
0
DERIV 4
0.010210855801896913039
-2.744292194013410782e-19
0
0
DERIV 5
-0.002042171160379382695
1.4162201767910857036e-19
0
0
DERIV 6
0.0003403618600632304491
-2.3603669613184763733e-20
0
0
DERIV 7
-4.862312286617577554e-5
4.678398398687935088e-22
0
0
DERIV 8
6.077890358271971942e-6
-5.847997998359918859e-23
0
0
DERIV 9
-6.753211509191080171e-7
3.002646853301936371e-23
0
0
DERIV 10
6.753211509191079642e-8
2.2913090670374408220e-24
0
0
DERIV 11
-6.139283190173708615e-9
-3.586972992857723792e-25
0
0
DERIV 12
5.116069325144757524e-10
-4.574417249228454610e-27
0
0
DERIV 13
-3.935437942419044448e-11
2.3402931839623513858e-27
0
0
DERIV 14
2.8110271017278885451e-12
1.7903344412253892303e-28
0
0
DERIV 15
-1.8740180678185925822e-13
9.942179496626798641e-30
0
0
DERIV 16
1.1712612923866203639e-14
-6.213862185391749150e-31
0
0
DERIV 17
-6.889772308156590144e-16
1.3350339172274647140e-32
0
0
DERIV 18
3.827651282309216678e-17
-5.691041823312993766e-35
0
0
DERIV 19
-2.0145533064785351748e-18
8.408707230225887305e-35
0
0
DERIV 20
1.0072766532392675393e-19
6.104712458551459131e-37
0
0
DERIV 21
-4.796555491615559496e-21
-2.440175977625109596e-37
0
0
DERIV 22
2.180252496188890894e-22
-1.0280915571200184865e-38
0
0
DERIV 23
-9.479358679082133170e-24
-7.029437966217950125e-40
0
0
DERIV 24
3.949732782950889280e-25
-1.6628423219754148625e-41
0
0
DERIV 25
-1.5798931131803557120e-26
6.651369287901659036e-43
0
0
DERIV 26
6.076511973770598754e-28
-1.1784789304731259552e-44
0
0
DERIV 27
-2.2505599902854068423e-29
-6.015251845098178699e-46
0
0
DERIV 28
8.037714251019309901e-31
4.650622916686522321e-47
0
0
DERIV 29
-2.771625603799762148e-32
-4.711481520431836864e-49
0
0
DERIV 30
9.238752012665874283e-34
-2.991024598413401330e-50
0
0
DERIV 31
-2.980242584730927033e-35
-5.870812515330808685e-52
0
0
DERIV 32
9.313258077284146978e-37
1.8346289110408777140e-53
0
0
DERIV 33
-2.822199417358832228e-38
-2.4542185455513519232e-54
0
0
DERIV 34
8.300586521643625542e-40
-6.216160535434162540e-56
0
0
DERIV 35
-2.371596149041035447e-41
-2.4479235428214270583e-57
0
0
AT 23/16
0.23752081909545813554
-3.725598565836384803e-18
0
0
DERIV 1
-0.23752081909545813554
3.725598565836384803e-18
0
0
DERIV 2
0.11876040954772906777
-1.8627992829181924015e-18
0
0
DERIV 3
-0.03958680318257635361
-1.6920315403296786587e-18
0
0
DERIV 4
0.009896700795644088403
4.230078850824196647e-19
0
0
DERIV 5
-0.001979340159128817767
2.1345967823564234391e-21
0
0
DERIV 6
0.0003298900265214696459
-1.8425802338484478935e-20
0
0
DERIV 7
-4.712714664592422933e-5
-3.1759684471031340669e-21
0
0
DERIV 8
5.890893330740528666e-6
3.969960558878917584e-22
0
0
DERIV 9
-6.545437034156143668e-7
2.647540606142594595e-23
0
0
DERIV 10
6.545437034156143403e-8
-5.626459729058394413e-28
0
0
DERIV 11
-5.950397303778312486e-9
3.008440996531833312e-25
0
0
DERIV 12
4.958664419815259715e-10
4.386137607498702864e-26
0
0
DERIV 13
-3.814357246011738441e-11
-1.3855370717465319549e-27
0
0
DERIV 14
2.7245408900083845433e-12
1.5666647419234627602e-28
0
0
DERIV 15
-1.8163605933389231298e-13
-3.470120259941345163e-31
0
0
DERIV 16
1.1352253708368269561e-14
2.1688251624633407268e-32
0
0
DERIV 17
-6.677796299040158856e-16
2.772645965520582006e-32
0
0
DERIV 18
3.709886832800088185e-17
-8.555837783959728681e-34
0
0
DERIV 19
-1.9525720172632041252e-18
-1.3742579586847639679e-34
0
0
DERIV 20
9.762860086316020867e-20
4.463877362939775424e-36
0
0
DERIV 21
-4.648980993483819926e-21
2.531540779000789056e-37
0
0
DERIV 22
2.1131731788562817846e-22
-1.1507003540912677528e-38
0
0
DERIV 23
-9.187709473288180778e-24
-3.940933738468414652e-40
0
0
DERIV 24
3.828212280536741991e-25
1.6420557243618395231e-41
0
0
DERIV 25
-1.5312849122146967274e-26
-1.3455885109296699660e-42
0
0
DERIV 26
5.889557354671911111e-28
-1.0334896922019975649e-44
0
0
DERIV 27
-2.1813175387673744648e-29
1.7517418758224840365e-46
0
0
DERIV 28
7.790419781312051285e-31
3.127855930933444492e-47
0
0
DERIV 29
-2.686351648728293830e-32
1.7527162960240622631e-48
0
0
DERIV 30
8.954505495760979432e-34
-5.842387653413540750e-50
0
0
DERIV 31
-2.888550159922896487e-35
8.500225810654535882e-52
0
0
DERIV 32
9.026719249759051523e-37
-2.656320565829542463e-53
0
0
DERIV 33
-2.735369469623954960e-38
3.303780283363323267e-55
0
0
DERIV 34
8.045204322423396556e-40
2.866714309598154617e-56
0
0
DERIV 35
-2.298629806406684672e-41
-1.4016777016707695318e-57
0
0
AT 47/32
0.23021307174736146961
6.691094813508133519e-18
0
0
DERIV 1
-0.23021307174736146961
-6.691094813508133519e-18
0
0
DERIV 2
0.11510653587368073481
3.3455474067540667595e-18
0
0
DERIV 3
-0.03836884529122690929
-3.4281471035537649173e-18
0
0
DERIV 4
0.009592211322806727322
8.570367758884412293e-19
0
0
DERIV 5
-0.0019184422645613457246
8.880116621883281589e-20
0
0
DERIV 6
0.0003197403774268909541
-1.4800194369805469315e-20
0
0
DERIV 7
-4.567719677527013340e-5
-7.897994806139627696e-22
0
0
DERIV 8
5.709649596908766675e-6
9.872493507674534620e-23
0
0
DERIV 9
-6.344055107676407534e-7
7.949092588935770985e-25
0
0
DERIV 10
6.344055107676407269e-8
2.5674870342803307671e-24
0
0
DERIV 11
-5.767322825160370846e-9
3.681779878312627805e-25
0
0
DERIV 12
4.806102354300309039e-10
-3.068149898593856696e-26
0
0
DERIV 13
-3.697001811000237473e-11
-1.2540336091646759394e-28
0
0
DERIV 14
2.6407155792858840250e-12
-1.0644169806972604969e-28
0
0
DERIV 15
-1.7604770528572559157e-13
-3.0013063821805483805e-30
0
0
DERIV 16
1.1002981580357849473e-14
1.8758164888628427378e-31
0
0
DERIV 17
-6.472342106092852979e-16
2.3768472354674974022e-32
0
0
DERIV 18
3.595745614496029091e-17
2.1034047703175872141e-33
0
0
DERIV 19
-1.8924976918400153513e-18
-7.015962066119436455e-35
0
0
DERIV 20
9.462488459200076516e-20
5.915393463543763044e-36
0
0
DERIV 21
-4.505946885333370343e-21
2.915080328036410118e-37
0
0
DERIV 22
2.0481576751515318244e-22
1.7104720648454323048e-39
0
0
DERIV 23
-8.905033370224051666e-24
1.8117389953330458076e-40
0
0
DERIV 24
3.710430570926688194e-25
-7.548912480554357107e-42
0
0
DERIV 25
-1.4841722283706751973e-26
-5.016040921602488328e-43
0
0
DERIV 26
5.708354724502597533e-28
-4.279583610545924857e-44
0
0
DERIV 27
-2.1142054535194804642e-29
5.470321044060335780e-46
0
0
DERIV 28
7.550733762569572711e-31
1.7997919422770684879e-47
0
0
DERIV 29
-2.603701297437784014e-32
2.5881743697861793611e-48
0
0
DERIV 30
8.679004324792612013e-34
5.057307416384777741e-50
0
0
DERIV 31
-2.799678814449229888e-35
4.378477057537071096e-52
0
0
DERIV 32
8.748996295153843401e-37
-1.3682740804803347174e-53
0
0
DERIV 33
-2.651210998531467397e-38
-2.5909662760234613652e-54
0
0
DERIV 34
7.797679407445493303e-40
-1.9755469352229437914e-56
0
0
DERIV 35
-2.2279084021272836479e-41
-9.649262531948844868e-58
0
0
AT 3/2
0.22313016014842981805
1.0887723699042263148e-17
0
0
DERIV 1
-0.22313016014842981805
-1.0887723699042263148e-17
0
0
DERIV 2
0.11156508007421490902
5.443861849521131574e-18
0
0
DERIV 3
-0.03718836002473830532
4.983440181286989024e-19
0
0
DERIV 4
0.009297090006184576330
-1.2458600453217472560e-19
0
0
DERIV 5
-0.0018594180012369151359
-1.0518705979182558455e-19
0
0
DERIV 6
0.0003099030002061525227
1.7531176631970930759e-20
0
0
DERIV 7
-4.427185717230750904e-5
3.3037721194622122166e-21
0
0
DERIV 8
5.533982146538438631e-6
-4.129715149327765271e-22
0
0
DERIV 9
-6.148869051709375668e-7
-1.2936008566795687694e-23
0
0
DERIV 10
6.148869051709375139e-8
6.587556777018945889e-24
0
0
DERIV 11
-5.589880956099432170e-9
-3.732740853963511820e-25
0
0
DERIV 12
4.658234130082860486e-10
-3.359685073346888673e-27
0
0
DERIV 13
-3.583257023140661763e-11
-1.2328738871818997492e-27
0
0
DERIV 14
2.5594693022433297732e-12
1.4576196100915828375e-28
0
0
DERIV 15
-1.7063128681622199329e-13
-1.3029477449197592852e-30
0
0
DERIV 16
1.0664455426013874581e-14
8.143423405748495532e-32
0
0
DERIV 17
-6.273209074125808403e-16
-2.2191592559727316448e-32
0
0
DERIV 18
3.485116152292116190e-17
-2.8757842947079190201e-33
0
0
DERIV 19
-1.8342716591011135208e-18
-1.1219124003678390853e-34
0
0
DERIV 20
9.171358295505568326e-20
-1.6126752896129390227e-36
0
0
DERIV 21
-4.367313474050270309e-21
-2.456272462439731995e-37
0
0
DERIV 22
1.9851424882046684933e-22
-5.933224819052673220e-39
0
0
DERIV 23
-8.631054296542035969e-24
-7.003171416897920889e-40
0
0
DERIV 24
3.596272623559181960e-25
-1.4319511489224004167e-42
0
0
DERIV 25
-1.4385090494236728873e-26
1.0904273777342971021e-42
0
0
DERIV 26
5.532727113167972574e-28
-3.504081439618155796e-44
0
0
DERIV 27
-2.0491581900622119401e-29
5.220930564392408642e-47
0
0
DERIV 28
7.318422107365043018e-31
-3.939939835312631783e-47
0
0
DERIV 29
-2.523593830125876922e-32
1.5473524303239702605e-48
0
0
DERIV 30
8.411979433752922274e-34
2.824815833062123999e-50
0
0
DERIV 31
-2.713541752823523366e-35
-3.939216151634859511e-52
0
0
DERIV 32
8.479817977573510519e-37
1.2310050473858935973e-53
0
0
DERIV 33
-2.569641811385912278e-38
-3.730318325411798670e-55
0
0
DERIV 34
7.557770033487977481e-40
-8.220547478196252453e-57
0
0
DERIV 35
-2.1593628667108506434e-41
-4.205707440603160339e-58
0
0
AT 49/32
0.21626516682988730644
-1.2055729629667763251e-17
0
0
DERIV 1
-0.21626516682988730644
1.2055729629667763251e-17
0
0
DERIV 2
0.10813258341494365322
-6.027864814833881625e-18
0
0
DERIV 3
-0.03604419447164788209
-3.036763630244489174e-19
0
0
DERIV 4
0.009011048617911970524
7.591909075611222935e-20
0
0
DERIV 5
-0.0018022097235823940180
-1.0191999195006280059e-19
0
0
DERIV 6
0.0003003682872637323544
-1.0833708830812738018e-21
0
0
DERIV 7
-4.290975532339033925e-5
3.0588802310263544016e-21
0
0
DERIV 8
5.363719415423792406e-6
-3.823600288782943002e-22
0
0
DERIV 9
-5.959688239359768869e-7
-4.572938305428427559e-24
0
0
DERIV 10
5.959688239359769134e-8
-2.1896841296268458037e-24
0
0
DERIV 11
-5.417898399417971714e-9
-2.653251891202156658e-26
0
0
DERIV 12
4.514915332848309934e-10
-1.5021886185519612678e-26
0
0
DERIV 13
-3.473011794498699900e-11
6.584259730730064522e-28
0
0
DERIV 14
2.4807227103562143295e-12
-1.6242950764040275926e-28
0
0
DERIV 15
-1.6538151402374760682e-13
-4.317495537549909286e-30
0
0
DERIV 16
1.0336344626484225426e-14
2.698434710968693304e-31
0
0
DERIV 17
-6.080202721461309190e-16
-4.272249693624493086e-33
0
0
DERIV 18
3.377890400811838576e-17
-1.1322029774740069147e-33
0
0
DERIV 19
-1.7778370530588622260e-18
-1.2286689065384302480e-34
0
0
DERIV 20
8.889185265294311371e-20
3.735932102208106958e-36
0
0
DERIV 21
-4.232945364425862844e-21
1.0869518923819073214e-37
0
0
DERIV 22
1.9240660747390285441e-22
-2.8034279638772377510e-39
0
0
DERIV 23
-8.365504672778384527e-24
-3.2531076547033815196e-40
0
0
DERIV 24
3.485626946990993706e-25
-1.7513007984011117305e-42
0
0
DERIV 25
-1.3942507787963973791e-26
-9.630972998413566099e-43
0
0
DERIV 26
5.362502995370759081e-28
4.394090397211281979e-44
0
0
DERIV 27
-1.9861122205076886213e-29
-9.008416841320510886e-46
0
0
DERIV 28
7.093257930384602594e-31
-5.361863003984348252e-48
0
0
DERIV 29
-2.4459510104774491422e-32
-9.823690294547849630e-50
0
0
DERIV 30
8.153170034924830702e-34
-1.9533028761270785512e-50
0
0
DERIV 31
-2.630054849975751977e-35
2.0095891652498683298e-51
0
0
DERIV 32
8.218921406174224929e-37
-6.279966141405838531e-53
0
0
DERIV 33
-2.490582244295219407e-38
-7.861963439612590249e-55
0
0
DERIV 34
7.325241894985939671e-40
-8.666680746634256522e-58
0
0
DERIV 35
-2.0929262557102683754e-41
-9.948168781343858187e-58
0
0
AT 25/16
0.20961138715109781105
1.1469498175586003733e-17
0
0
DERIV 1
-0.20961138715109781105
-1.1469498175586003733e-17
0
0
DERIV 2
0.10480569357554890553
5.734749087793001866e-18
0
0
DERIV 3
-0.03493523119184963749
4.013816053714087889e-19
0
0
DERIV 4
0.008733807797962409372
-1.0034540134285219724e-19
0
0
DERIV 5
-0.0017467615595924818311
-2.3299006630849739117e-20
0
0
DERIV 6
0.0002911269265987469538
2.1953203979900030420e-20
0
0
DERIV 7
-4.158956094267814206e-5
2.6720539269009121039e-21
0
0
DERIV 8
5.198695117834767758e-6
-3.340067408626140130e-22
0
0
DERIV 9
-5.776327908705296685e-7
-4.523856533165542041e-23
0
0
DERIV 10
5.776327908705296950e-8
1.8768785729958534080e-24
0
0
DERIV 11
-5.251207189732087986e-9
-3.210217998274462507e-25
0
0
DERIV 12
4.376005991443406999e-10
-7.714042204088966996e-27
0
0
DERIV 13
-3.366158454956466575e-11
-2.8863382726849794537e-27
0
0
DERIV 14
2.4043988963974764710e-12
-1.4003022349949407385e-28
0
0
DERIV 15
-1.6029325975983174959e-13
-5.810781146943821881e-30
0
0
DERIV 16
1.0018328734989484349e-14
3.631738216839888675e-31
0
0
DERIV 17
-5.893134549993814091e-16
-4.456495731144086948e-32
0
0
DERIV 18
3.273963638885452684e-17
-1.6328195862793882960e-33
0
0
DERIV 19
-1.7231387573081328596e-18
-4.583628112757991402e-35
0
0
DERIV 20
8.615693786540664298e-20
2.2918140563789959683e-36
0
0
DERIV 21
-4.102711326924126179e-21
2.132873049693990672e-37
0
0
DERIV 22
1.8648687849655117498e-22
5.265959693674611394e-39
0
0
DERIV 23
-8.108125152023964066e-24
-2.9284033183489000195e-40
0
0
DERIV 24
3.378385480009985180e-25
-3.104235533211450783e-42
0
0
DERIV 25
-1.3513541920039941525e-26
9.277300127108810751e-43
0
0
DERIV 26
5.197516123092285271e-28
-4.258062369786375693e-44
0
0
DERIV 27
-1.9250059715156610765e-29
2.2766161575624130311e-46
0
0
DERIV 28
6.875021326841646952e-31
-3.315395885423749215e-47
0
0
DERIV 29
-2.3706970092557403283e-32
1.1432399604909480157e-48
0
0
DERIV 30
7.902323364185801208e-34
-4.951179477942497494e-50
0
0
DERIV 31
-2.549136569092194007e-35
2.2869004019407269472e-51
0
0
DERIV 32
7.966051778413106272e-37
-7.146563756064771710e-53
0
0
DERIV 33
-2.413955084367607613e-38
-1.3145370023068579821e-54
0
0
DERIV 34
7.099867895198846545e-40
-2.371138087625477962e-56
0
0
DERIV 35
-2.0285336843425273950e-41
-1.2160355036244353856e-57
0
0
AT 51/32
0.20316232275153173203
8.981640226278582059e-19
0
0
DERIV 1
-0.20316232275153173203
-8.981640226278582059e-19
0
0
DERIV 2
0.10158116137576586602
4.490820113139291029e-19
0
0
DERIV 3
-0.03386038712525529099
2.1632706308644329632e-18
0
0
DERIV 4
0.008465096781313822746
-5.408176577161082408e-19
0
0
DERIV 5
-0.0016930193562627645493
1.0816353154322164816e-19
0
0
DERIV 6
0.0002821698927104607582
-1.8027255257203608026e-20
0
0
DERIV 7
-4.030998467292296159e-5
-1.2968284364191430725e-21
0
0
DERIV 8
5.038748084115370198e-6
1.6210355455239288406e-22
0
0
DERIV 9
-5.598608982350411214e-7
-2.977585255102004934e-23
0
0
DERIV 10
5.598608982350411346e-8
1.6540962750171604707e-24
0
0
DERIV 11
-5.089644529409464935e-9
-7.517415113310298770e-26
0
0
DERIV 12
4.241370441174554285e-10
-1.0968416833762828063e-26
0
0
DERIV 13
-3.262592647057349450e-11
8.437243718279099062e-28
0
0
DERIV 14
2.3304233193266779478e-12
1.7053213542552533058e-28
0
0
DERIV 15
-1.5536155462177854164e-13
4.115138229320880734e-31
0
0
DERIV 16
9.710097163861158852e-15
-2.571961393325550459e-32
0
0
DERIV 17
-5.711821861094799557e-16
2.471470979669184620e-32
0
0
DERIV 18
3.173234367274888232e-17
2.7356111148765561041e-33
0
0
DERIV 19
-1.6701233511973097376e-18
-2.0689048807592571439e-36
0
0
DERIV 20
8.350616755986548688e-20
1.0344524403796284049e-37
0
0
DERIV 21
-3.976484169517404316e-21
1.7419698469492177171e-37
0
0
DERIV 22
1.8074928043260927428e-22
4.905529977383056037e-39
0
0
DERIV 23
-7.858664366635186477e-24
4.255717133867624959e-40
0
0
DERIV 24
3.274443486097994212e-25
-2.4262386981165695838e-42
0
0
DERIV 25
-1.3097773944391975472e-26
-1.2804828944452054347e-42
0
0
DERIV 26
5.037605363227683564e-28
-1.9737659226560016771e-44
0
0
DERIV 27
-1.8657797641584011331e-29
-1.1373735366345701903e-45
0
0
DERIV 28
6.663499157708576226e-31
-3.444907713759483212e-47
0
0
DERIV 29
-2.2977583302443364032e-32
-1.0771306337114126766e-48
0
0
DERIV 30
7.659194434147788410e-34
-4.008931880329700480e-51
0
0
DERIV 31
-2.470707881983157776e-35
2.3709940110557027293e-51
0
0
DERIV 32
7.720962131197368049e-37
-7.409356284549071029e-53
0
0
DERIV 33
-2.3396854943022325523e-38
3.469890894759053771e-55
0
0
DERIV 34
6.881427924418331084e-40
-1.5003579446349072843e-56
0
0
DERIV 35
-1.9661222641195230431e-41
-8.093863010415322436e-58
0
0
AT 13/8
0.19691167520419405879
-8.724555627170523886e-18
0
0
DERIV 1
-0.19691167520419405879
8.724555627170523886e-18
0
0
DERIV 2
0.09845583760209702939
-4.362277813585261943e-18
0
0
DERIV 3
-0.03281861253403234313
1.4540926045284208403e-18
0
0
DERIV 4
0.008204653133508085783
-3.635231511321052101e-19
0
0
DERIV 5
-0.0016409306267016171132
2.933654332700086225e-20
0
0
DERIV 6
0.0002734884377836028341
1.3180612320258264027e-20
0
0
DERIV 7
-3.906977682622897534e-5
-2.8509822711846666771e-21
0
0
DERIV 8
4.883722103278621917e-6
3.563727838980833346e-22
0
0
DERIV 9
-5.426357892531802836e-7
3.098910294918243617e-23
0
0
DERIV 10
5.426357892531802836e-8
-3.0989102949182435436e-24
0
0
DERIV 11
-4.933052629574365914e-9
-1.9073832299442464541e-26
0
0
DERIV 12
4.110877191311971595e-10
1.5894860249535387715e-27
0
0
DERIV 13
-3.162213224086131946e-11
-6.193718892710821485e-28
0
0
DERIV 14
2.2587237314900942473e-12
4.424084923364871928e-29
0
0
DERIV 15
-1.5058158209933963163e-13
1.2196739431333511858e-29
0
0
DERIV 16
9.411348881208726977e-15
-7.622962144583444911e-31
0
0
DERIV 17
-5.536087577181603350e-16
-3.056486803092939401e-32
0
0
DERIV 18
3.075604209545335263e-17
1.0132731326028379354e-33
0
0
DERIV 19
-1.6187390576554397438e-18
7.844398921581940387e-35
0
0
DERIV 20
8.093695288277197997e-20
3.300037830661164523e-36
0
0
DERIV 21
-3.854140613465332451e-21
-8.549547912422078382e-38
0
0
DERIV 22
1.7518820970296965473e-22
6.023420598050558252e-39
0
0
DERIV 23
-7.616878682737811778e-24
4.408533359024301847e-40
0
0
DERIV 24
3.173699451140754908e-25
-1.8368888995934592730e-41
0
0
DERIV 25
-1.2694797804563018195e-26
-7.001740676312289619e-43
0
0
DERIV 26
4.882614540216545805e-28
-7.563728828332843794e-45
0
0
DERIV 27
-1.8083757556357577677e-29
9.029374222307647589e-46
0
0
DERIV 28
6.458484841556277366e-31
5.287015214744573186e-48
0
0
DERIV 29
-2.2270637384676818600e-32
-8.793462591759189707e-50
0
0
DERIV 30
7.423545794892273038e-34
-1.4174539947336989374e-50
0
0
DERIV 31
-2.3946921919007332293e-35
3.710250076530578646e-52
0
0
DERIV 32
7.483413099689791342e-37
-1.1594531489158058269e-53
0
0
DERIV 33
-2.2677009392999367702e-38
3.513494390653956897e-55
0
0
DERIV 34
6.669708644999814222e-40
-2.952587899603670874e-56
0
0
DERIV 35
-1.9056310414285183054e-41
4.066341899761476433e-58
0
0
AT 53/32
0.19085333986431632369
-3.0581848126744659770e-18
0
0
DERIV 1
-0.19085333986431632369
3.0581848126744659770e-18
0
0
DERIV 2
0.09542666993215816185
-1.5290924063372329885e-18
0
0
DERIV 3
-0.03180888997738605395
5.096974687790776949e-19
0
0
DERIV 4
0.007952222494346513487
-1.2742436719476942373e-19
0
0
DERIV 5
-0.0015904444988693027408
6.885296033837405488e-20
0
0
DERIV 6
0.0002650740831448837901
-1.1475493389729009649e-20
0
0
DERIV 7
-3.786772616355482619e-5
6.713185445278010178e-22
0
0
DERIV 8
4.733465770444353274e-6
-8.391481806597512722e-23
0
0
DERIV 9
-5.259406411604836854e-7
-2.4404778156458237843e-24
0
0
DERIV 10
5.259406411604836589e-8
2.8910257417342710482e-24
0
0
DERIV 11
-4.781278556004396749e-9
-4.132169969854842055e-25
0
0
DERIV 12
3.984398796670330796e-10
1.7201820320602273896e-26
0
0
DERIV 13
-3.064922151284869843e-11
-1.3232169477386364812e-27
0
0
DERIV 14
2.1892301080606214320e-12
-2.0883584725285406880e-29
0
0
DERIV 15
-1.4594867387070809379e-13
-2.906642827857979749e-31
0
0
DERIV 16
9.121792116919255862e-15
1.8166517674112373429e-32
0
0
DERIV 17
-5.365760068776033034e-16
1.6332724810809827165e-32
0
0
DERIV 18
2.980977815986685156e-17
-2.2769237832759134813e-33
0
0
DERIV 19
-1.5689356926245710130e-18
-1.7995868415141779299e-36
0
0
DERIV 20
7.844678463122854824e-20
2.4973917725597538465e-36
0
0
DERIV 21
-3.735561172915645477e-21
2.034978899131724797e-37
0
0
DERIV 22
1.6979823513252932489e-22
5.710933105321273335e-39
0
0
DERIV 23
-7.382531962283884138e-24
1.9889749845103227650e-40
0
0
DERIV 24
3.076054984284951418e-25
2.2324436283870726515e-41
0
0
DERIV 25
-1.2304219937139806074e-26
-4.911971556636175037e-43
0
0
DERIV 26
4.732392283515309960e-28
2.579089842681515611e-44
0
0
DERIV 27
-1.7527378827834481954e-29
-3.3241914277471670035e-46
0
0
DERIV 28
6.259778152798029019e-31
3.689529910489732846e-47
0
0
DERIV 29
-2.1585441906200102520e-32
1.1815306391930098251e-48
0
0
DERIV 30
7.195147302066700327e-34
1.1932727794003159863e-50
0
0
DERIV 31
-2.3210152587311936797e-35
-1.2627205366859911762e-52
0
0
DERIV 32
7.253172683534980249e-37
3.946001677143722426e-54
0
0
DERIV 33
-2.1979311162227212322e-38
-6.732380056830179560e-55
0
0
DERIV 34
6.464503283008003816e-40
6.090458495048666559e-58
0
0
DERIV 35
-1.8470009380022869211e-41
1.1478316307281688675e-57
0
0
AT 27/16
0.18498139990730427806
9.530157387135599812e-18
0
0
DERIV 1
-0.18498139990730427806
-9.530157387135599812e-18
0
0
DERIV 2
0.09249069995365213903
4.765078693567799906e-18
0
0
DERIV 3
-0.030830233317884047500
-4.318772472047285564e-19
0
0
DERIV 4
0.007707558329471011875
1.0796931180118213910e-19
0
0
DERIV 5
-0.0015415116658942023750
-2.1593862360236427819e-20
0
0
DERIV 6
0.0002569186109823670444
2.1669013268131145203e-20
0
0
DERIV 7
-3.670265871176672063e-5
-3.0955733240187349216e-21
0
0
DERIV 8
4.587832338970840079e-6
3.869466655023418652e-22
0
0
DERIV 9
-5.097591487745378454e-7
1.5827658503510647677e-23
0
0
DERIV 10
5.097591487745378322e-8
-2.592768702662205613e-25
0
0
DERIV 11
-4.634174079768525822e-9
9.876886207447711551e-26
0
0
DERIV 12
3.861811733140438013e-10
9.002190921981649789e-27
0
0
DERIV 13
-2.970624410108029141e-11
-1.6866836917786699784e-27
0
0
DERIV 14
2.1218745786485922437e-12
1.2047740655561928097e-28
0
0
DERIV 15
-1.4145830524323949806e-13
7.114302276535474693e-30
0
0
DERIV 16
8.841144077702468629e-15
-4.446438922834671683e-31
0
0
DERIV 17
-5.200672986883804786e-16
-2.8467160870391288789e-33
0
0
DERIV 18
2.889262770491002933e-17
-2.5809494716263395387e-33
0
0
DERIV 19
-1.5206646160478961485e-18
4.065291785417515372e-36
0
0
DERIV 20
7.603323080239480983e-20
-2.6106770197549206517e-36
0
0
DERIV 21
-3.620630038209276515e-21
-1.8980405635720734452e-38
0
0
DERIV 22
1.6457409264587620739e-22
-1.2745167453259439179e-39
0
0
DERIV 23
-7.155395332429399874e-24
-3.917851662769161890e-40
0
0
DERIV 24
2.981414721845583587e-25
-1.4287450124458895977e-41
0
0
DERIV 25
-1.1925658887382333716e-26
-5.987103110783370137e-44
0
0
DERIV 26
4.586791879762436183e-28
-1.1494668298435364376e-44
0
0
DERIV 27
-1.6988118073194206423e-29
-1.2350697244429178825e-45
0
0
DERIV 28
6.067185026140788133e-31
3.159803958434691273e-47
0
0
DERIV 29
-2.0921327676347545288e-32
-1.0895875718740315153e-48
0
0
DERIV 30
6.973775892115848828e-34
-3.593700608242404194e-51
0
0
DERIV 31
-2.2496051264889833896e-35
-9.186927713827078807e-52
0
0
DERIV 32
7.030016020278073092e-37
2.870914910570962127e-53
0
0
DERIV 33
-2.1303078849327494536e-38
-5.535958168761206302e-55
0
0
DERIV 34
6.265611426272792367e-40
3.067628388164735312e-56
0
0
DERIV 35
-1.7901746932207978118e-41
-9.492923125559793724e-58
0
0
AT 55/32
0.17929012055011864235
-1.2366981661837681571e-17
0
0
DERIV 1
-0.17929012055011864235
1.2366981661837681571e-17
0
0
DERIV 2
0.08964506027505932118
-6.183490830918840785e-18
0
0
DERIV 3
-0.029881686758353103589
-1.4082833416473338628e-18
0
0
DERIV 4
0.007470421689588275897
3.520708354118334657e-19
0
0
DERIV 5
-0.0014940843379176553529
1.0305818051531401148e-19
0
0
DERIV 6
0.0002490140563196092255
-1.7176363419219002917e-20
0
0
DERIV 7
-3.557343661708702834e-5
-1.4183844132740870088e-21
0
0
DERIV 8
4.446679577135878543e-6
1.7729805165926087610e-22
0
0
DERIV 9
-4.940755085706532420e-7
5.088629542016271065e-23
0
0
DERIV 10
4.940755085706532155e-8
-2.4416515818465822114e-24
0
0
DERIV 11
-4.491595532460483702e-9
1.4677008811759588783e-25
0
0
DERIV 12
3.742996277050402740e-10
2.2235018179909831047e-26
0
0
DERIV 13
-2.8792279054233869471e-11
5.265807869351961217e-28
0
0
DERIV 14
2.0565913610167050199e-12
-9.531245384867944521e-29
0
0
DERIV 15
-1.3710609073444698955e-13
-5.426159261388480321e-30
0
0
DERIV 16
8.569130670902936847e-15
3.391349538367800200e-31
0
0
DERIV 17
-5.040665100531139670e-16
1.4853572063469343660e-32
0
0
DERIV 18
2.800369500295077663e-17
-1.5099735393082030461e-33
0
0
DERIV 19
-1.4738786843658302170e-18
-5.230186254711597643e-35
0
0
DERIV 20
7.369393421829151085e-20
2.6150931273557992224e-36
0
0
DERIV 21
-3.509234962775786088e-21
-2.678266031171835870e-37
0
0
DERIV 22
1.5951068012617210772e-22
-6.496382309166102819e-40
0
0
DERIV 23
-6.935246962007482689e-24
-2.2729710970412291717e-40
0
0
DERIV 24
2.889686234169784454e-25
9.470712904338455732e-42
0
0
DERIV 25
-1.1558744936679138791e-26
5.969236305051183967e-43
0
0
DERIV 26
4.445671129491976182e-28
4.636199354968766582e-45
0
0
DERIV 27
-1.6465448627748060037e-29
-6.791120097478267143e-47
0
0
DERIV 28
5.880517367052878835e-31
-2.259778682812949653e-47
0
0
DERIV 29
-2.0277646093285789274e-32
9.679865156689073104e-49
0
0
DERIV 30
6.759215364428596026e-34
7.647069148413211699e-51
0
0
DERIV 31
-2.1803920530414825200e-35
-9.364253815855089456e-52
0
0
DERIV 32
6.813725165754632875e-37
2.926329317454715455e-53
0
0
DERIV 33
-2.0647652017438281202e-38
-1.1240502586710722287e-54
0
0
DERIV 34
6.072838828658318000e-40
3.306030172561977170e-56
0
0
DERIV 35
-1.7350968081880910029e-41
5.119611265891057658e-58
0
0
AT 7/4
0.17377394345044513968
-1.2999409968044820983e-17
0
0
DERIV 1
-0.17377394345044513968
1.2999409968044820983e-17
0
0
DERIV 2
0.08688697172522256984
-6.499704984022410492e-18
0
0
DERIV 3
-0.028962323908407520967
-1.4639630662827251633e-19
0
0
DERIV 4
0.007240580977101880242
3.659907665706812908e-20
0
0
DERIV 5
-0.0014481161954203760050
-5.068790223083380438e-20
0
0
DERIV 6
0.00024135269923672935223
-9.622052502952773170e-21
0
0
DERIV 7
-3.447895703381847695e-5
-5.614963790165760499e-22
0
0
DERIV 8
4.309869629227309619e-6
7.018704737707200623e-23
0
0
DERIV 9
-4.788744032474788701e-7
1.5730132159611454150e-23
0
0
DERIV 10
4.788744032474788436e-8
1.0739647442085431813e-24
0
0
DERIV 11
-4.353403665886171381e-9
-2.2434921059592320073e-26
0
0
DERIV 12
3.627836388238475979e-10
1.9102506183154102515e-26
0
0
DERIV 13
-2.7906433755680586936e-11
1.0160951149768108488e-27
0
0
DERIV 14
1.9933166968343276383e-12
-7.257822249834363206e-29
0
0
DERIV 15
-1.3288777978895516916e-13
-1.8930648913297255726e-30
0
0
DERIV 16
8.305486236809698072e-15
1.1831655570810784829e-31
0
0
DERIV 17
-4.885580139299822221e-16
-2.4361140892116898387e-32
0
0
DERIV 18
2.7142111884999013026e-17
6.686216248910327277e-34
0
0
DERIV 19
-1.4285322044736322949e-18
-4.781191661834840092e-36
0
0
DERIV 20
7.142661022368160993e-20
5.053884444059831671e-36
0
0
DERIV 21
-3.401267153508648020e-21
-3.123103434815409233e-37
0
0
DERIV 22
1.5460305243221128434e-22
3.509612423503792191e-39
0
0
DERIV 23
-6.721871844878751876e-24
2.3072153076797232286e-40
0
0
DERIV 24
2.800779935366146309e-25
2.0998434937331557068e-41
0
0
DERIV 25
-1.1203119741464586613e-26
5.375950448766059130e-43
0
0
DERIV 26
4.308892208255609615e-28
4.141156869329166894e-44
0
0
DERIV 27
-1.5958860030576333257e-29
-1.8436328225357121499e-46
0
0
DERIV 28
5.699592868062976413e-31
-1.8438783925315616852e-47
0
0
DERIV 29
-1.9653768510561986217e-32
-7.798235179896725890e-49
0
0
DERIV 30
6.551256170187328682e-34
3.169601531451910653e-50
0
0
DERIV 31
-2.1133084419959125729e-35
-7.405172591951464498e-53
0
0
DERIV 32
6.604088881237226790e-37
2.3141164349848326557e-54
0
0
DERIV 33
-2.0012390549203716439e-38
-1.1774491350235323981e-54
0
0
DERIV 34
5.885997220354034823e-40
-2.294535898164779028e-56
0
0
DERIV 35
-1.6817134915297241622e-41
-7.268890275632697972e-59
0
0
AT 57/32
0.16842748127818424342
-5.004075510951125623e-18
0
0
DERIV 1
-0.16842748127818424342
5.004075510951125623e-18
0
0
DERIV 2
0.08421374063909212171
-2.5020377554755628113e-18
0
0
DERIV 3
-0.028071246879697371590
-1.4789520494772218555e-18
0
0
DERIV 4
0.007017811719924342898
3.697380123693054639e-19
0
0
DERIV 5
-0.0014035623439848687096
5.615665822439943690e-20
0
0
DERIV 6
0.00023392705733081144257
-3.244249333540361958e-22
0
0
DERIV 7
-3.341815104725877751e-5
4.634641905057659689e-23
0
0
DERIV 8
4.177268880907347189e-6
-5.793302381322074611e-24
0
0
DERIV 9
-4.641409867674830033e-7
-1.7002819469873248039e-23
0
0
DERIV 10
4.641409867674830166e-8
3.767929669024805884e-25
0
0
DERIV 11
-4.219463516068027348e-9
-1.0945214358686439801e-25
0
0
DERIV 12
3.516219596723356296e-10
-8.111917462616043871e-27
0
0
DERIV 13
-2.7047843051718125351e-11
6.239936509704649614e-28
0
0
DERIV 14
1.9319887894084375828e-12
-1.0227051556548435112e-28
0
0
DERIV 15
-1.2879925262722916209e-13
-3.279385215796660474e-30
0
0
DERIV 16
8.049953289201822631e-15
2.049615759872912796e-31
0
0
DERIV 17
-4.735266640706954605e-16
-4.556676283551958670e-34
0
0
DERIV 18
2.6307036892816414127e-17
3.677024139107972554e-34
0
0
DERIV 19
-1.3845808890956006827e-18
-8.017159897595467477e-35
0
0
DERIV 20
6.922904445478003654e-20
1.6011675183136887886e-36
0
0
DERIV 21
-3.2966211645133352168e-21
6.705228665673177493e-38
0
0
DERIV 22
1.4984641656878795585e-22
5.501218612492465130e-39
0
0
DERIV 23
-6.515061589947302588e-24
-7.946951157273115195e-41
0
0
DERIV 24
2.714608995811376231e-25
-1.1994686377468071020e-41
0
0
DERIV 25
-1.0858435983245504753e-26
3.0759589980248931436e-43
0
0
DERIV 26
4.176321532017501828e-28
-1.1830611530864973821e-44
0
0
DERIV 27
-1.5467857525990748031e-29
9.571702286708571875e-46
0
0
DERIV 28
5.524234830710980814e-31
2.837331613339872107e-47
0
0
DERIV 29
-1.9049085623141312963e-32
-1.1671426986092254032e-48
0
0
DERIV 30
6.349695207713771672e-34
-2.951801995805269415e-50
0
0
DERIV 31
-2.0482887766818617607e-35
2.6244846055855258854e-52
0
0
DERIV 32
6.400902427130818002e-37
-8.201514392454768392e-54
0
0
DERIV 33
-1.9396674021608537977e-38
-1.1751720538525639595e-54
0
0
DERIV 34
5.704904124002511506e-40
9.777579986124145637e-58
0
0
DERIV 35
-1.6299726068578603573e-41
-7.562065307637615015e-58
0
0
AT 29/16
0.16324551245395840793
-1.0954372866764565628e-17
0
0
DERIV 1
-0.16324551245395840793
1.0954372866764565628e-17
0
0
DERIV 2
0.08162275622697920396
-5.477186433382282814e-18
0
0
DERIV 3
-0.027207585408993064519
-1.6437181408261865841e-18
0
0
DERIV 4
0.006801896352248266130
4.109295352065466460e-19
0
0
DERIV 5
-0.0013603792704496532259
-8.218590704130933161e-20
0
0
DERIV 6
0.00022672987840827556476
-1.3407403138586056083e-20
0
0
DERIV 7
-3.238998262975365211e-5
1.9153433055122937261e-21
0
0
DERIV 8
4.048747828719206514e-6
-2.394179131890367158e-22
0
0
DERIV 9
-4.498608698576895832e-7
-2.8088758697702386154e-24
0
0
DERIV 10
4.498608698576896097e-8
-2.3660903731926645511e-24
0
0
DERIV 11
-4.089644271433541380e-9
-3.112885376980481150e-25
0
0
DERIV 12
3.408036892861285000e-10
-2.5758076809726888677e-26
0
0
DERIV 13
-2.6215668406625265752e-11
-1.4983356107128317700e-27
0
0
DERIV 14
1.8725477433303761251e-12
1.0702397219377368825e-28
0
0
DERIV 15
-1.2483651622202508847e-13
6.328294636187021328e-30
0
0
DERIV 16
7.802282263876568030e-15
-3.955184147616888330e-31
0
0
DERIV 17
-4.589577802280334309e-16
4.066713260115107702e-32
0
0
DERIV 18
2.5497654457112964617e-17
1.5069778578488681701e-33
0
0
DERIV 19
-1.3419818135322614578e-18
8.286895016687943637e-35
0
0
DERIV 20
6.709909067661306567e-20
3.078789783108162764e-36
0
0
DERIV 21
-3.1951947941244318956e-21
5.042620627553758350e-38
0
0
DERIV 22
1.4523612700565600380e-22
-1.0841150109413798952e-38
0
0
DERIV 23
-6.314614217637217014e-24
-7.167292904665241100e-41
0
0
DERIV 24
2.631089257348840575e-25
-1.2319543982721351468e-41
0
0
DERIV 25
-1.0524357029395361670e-26
-1.3858727677733551437e-43
0
0
DERIV 26
4.047829626690523650e-28
1.2228980008112004782e-44
0
0
DERIV 27
-1.4991961580335274128e-29
8.964733357160458912e-46
0
0
DERIV 28
5.354271992976882867e-31
4.305265574182784767e-47
0
0
DERIV 29
-1.8463006872334080832e-32
4.973267787584389739e-49
0
0
DERIV 30
6.154335624111360391e-34
-2.798135538834133104e-50
0
0
DERIV 31
-1.9852695561649549305e-35
5.577515015475016492e-52
0
0
DERIV 32
6.203967363015484158e-37
-1.7429734423359426536e-53
0
0
DERIV 33
-1.8799901100046920267e-38
-8.955290226130288423e-55
0
0
DERIV 34
5.529382676484388266e-40
3.113710689155858479e-56
0
0
DERIV 35
-1.5798236218526823980e-41
-5.254963314999705262e-58
0
0
AT 59/32
0.15822297604949842054
-1.3590698335833618672e-17
0
0
DERIV 1
-0.15822297604949842054
1.3590698335833618672e-17
0
0
DERIV 2
0.07911148802474921027
-6.795349167916809336e-18
0
0
DERIV 3
-0.026370496008249734443
-4.784824533013977692e-20
0
0
DERIV 4
0.006592624002062433611
1.1962061332534944231e-20
0
0
DERIV 5
-0.0013185248004124866788
-4.576049916592716500e-20
0
0
DERIV 6
0.00021975413340208111313
7.626749860987860834e-21
0
0
DERIV 7
-3.139344762886873432e-5
2.7826149215928215384e-21
0
0
DERIV 8
3.924180953608591790e-6
-3.478268651991026923e-22
0
0
DERIV 9
-4.360201059565101754e-7
1.5118736487280842669e-23
0
0
DERIV 10
4.360201059565101754e-8
-1.5118736487280842669e-24
0
0
DERIV 11
-3.963819145059183412e-9
1.3744305897528039207e-25
0
0
DERIV 12
3.303182620882652844e-10
-1.1453588247940032673e-26
0
0
DERIV 13
-2.5409097083712711944e-11
-1.3559215509328728508e-27
0
0
DERIV 14
1.8149355059794795977e-12
-7.624708213614824396e-29
0
0
DERIV 15
-1.2099570039863196981e-13
1.7173322801335661980e-30
0
0
DERIV 16
7.562231274914498113e-15
-1.0733326750834788737e-31
0
0
DERIV 17
-4.448371338184999180e-16
3.531596078067531136e-32
0
0
DERIV 18
2.4713174101027769800e-17
1.4618776355397909995e-33
0
0
DERIV 19
-1.3006933737383037446e-18
-5.985614445722414997e-36
0
0
DERIV 20
6.503466868691518964e-20
-2.1081317081979242001e-36
0
0
DERIV 21
-3.0968889850911992558e-21
-1.5038490397552018662e-37
0
0
DERIV 22
1.4076768114050906777e-22
-3.850634826769877716e-39
0
0
DERIV 23
-6.120333962630828906e-24
3.964778042235474299e-41
0
0
DERIV 24
2.550139151096178864e-25
-1.6957906877263317067e-41
0
0
DERIV 25
-1.0200556604384714365e-26
-4.122302417856130215e-43
0
0
DERIV 26
3.923291001686428981e-28
-2.2087841426886855050e-44
0
0
DERIV 27
-1.4530707413653438595e-29
-1.2579295239298454160e-45
0
0
DERIV 28
5.189538362019085588e-31
7.391274131651167521e-48
0
0
DERIV 29
-1.7894959869031329425e-32
-4.436240088937925457e-49
0
0
DERIV 30
5.964986623010443313e-34
-2.3182271814636342631e-51
0
0
DERIV 31
-1.9241892332291753311e-35
7.645272536193935109e-52
0
0
DERIV 32
6.013091353841172910e-37
-2.389147667560604722e-53
0
0
DERIV 33
-1.8221488951033856669e-38
9.122734478820512129e-56
0
0
DERIV 34
5.359261456186428096e-40
3.090296873857460557e-56
0
0
DERIV 35
-1.5312175589104081367e-41
2.0946391796012133858e-58
0
0
AT 15/8
0.15335496684492846975
-6.453556358030684030e-18
0
0
DERIV 1
-0.15335496684492846975
6.453556358030684030e-18
0
0
DERIV 2
0.07667748342246423487
-3.2267781790153420151e-18
0
0
DERIV 3
-0.025559161140821410468
-8.088959097942404989e-20
0
0
DERIV 4
0.006389790285205352617
2.0222397744856012472e-20
0
0
DERIV 5
-0.0012779580570410704801
-4.741256644839138226e-20
0
0
DERIV 6
0.00021299300950684509808
-1.0167941800026510190e-20
0
0
DERIV 7
-3.0427572786692156384e-5
9.685442872870441728e-22
0
0
DERIV 8
3.803446598336519548e-6
-1.2106803591088052160e-22
0
0
DERIV 9
-4.226051775929465929e-7
-1.0076688989188284959e-23
0
0
DERIV 10
4.226051775929465929e-8
1.0076688989188285694e-24
0
0
DERIV 11
-3.841865250844968951e-9
-1.6680450104289601595e-25
0
0
DERIV 12
3.201554375704141137e-10
-2.0565483769468152747e-26
0
0
DERIV 13
-2.4627341351570313459e-11
-1.4006621110734631636e-27
0
0
DERIV 14
1.7590958108264511056e-12
-4.420155759230907879e-29
0
0
DERIV 15
-1.1727305405509672859e-13
-8.833552345146504842e-30
0
0
DERIV 16
7.329565878443545537e-15
5.520970215716565526e-31
0
0
DERIV 17
-4.311509340260909575e-16
1.1027063357237767196e-32
0
0
DERIV 18
2.3952829668116163961e-17
-2.702270852888118465e-34
0
0
DERIV 19
-1.2606752456903243278e-18
-7.700578235051054849e-35
0
0
DERIV 20
6.303376228451622361e-20
-3.371948173926607158e-36
0
0
DERIV 21
-3.0016077278341056533e-21
-7.229087264257661906e-38
0
0
DERIV 22
1.3643671490155026552e-22
-5.263101067681335259e-39
0
0
DERIV 23
-5.932031082676098501e-24
2.2883048120353631559e-40
0
0
DERIV 24
2.471679617781707709e-25
-9.534603383480680241e-42
0
0
DERIV 25
-9.886718471126830835e-27
3.813841353392272351e-43
0
0
DERIV 26
3.802584027356473225e-28
2.5781297401813177610e-45
0
0
DERIV 27
-1.4083644545764716480e-29
7.349128032968797710e-46
0
0
DERIV 28
5.029873052058826814e-31
2.379948789385490148e-47
0
0
DERIV 29
-1.7344389834685610270e-32
-2.5441453500167073779e-49
0
0
DERIV 30
5.781463278228536928e-34
-8.625209644534361430e-51
0
0
DERIV 31
-1.8649881542672698990e-35
-4.977313789127547997e-52
0
0
DERIV 32
5.828087982085218434e-37
1.5554105591023587492e-53
0
0
DERIV 33
-1.7660872672985511673e-38
7.941770607323324216e-55
0
0
DERIV 34
5.194374315583974165e-40
-3.775220281859475582e-56
0
0
DERIV 35
-1.4841069473097069044e-41
1.0786343662455643993e-57
0
0
AT 61/32
0.14863673053812251346
8.400804435152434361e-18
0
0
DERIV 1
-0.14863673053812251346
-8.400804435152434361e-18
0
0
DERIV 2
0.07431836526906125673
4.200402217576217181e-18
0
0
DERIV 3
-0.024772788423020421222
9.128305621103370656e-19
0
0
DERIV 4
0.006193197105755105306
-2.282076405275842664e-19
0
0
DERIV 5
-0.0012386394211510211045
8.900961500493703064e-20
0
0
DERIV 6
0.00020643990352517017505
-5.799917730110301741e-21
0
0
DERIV 7
-2.9491414789310025491e-5
1.3125785027325004156e-21
0
0
DERIV 8
3.686426848663753186e-6
-1.6407231284156255195e-22
0
0
DERIV 9
-4.096029831848614299e-7
-1.7062782486533340709e-23
0
0
DERIV 10
4.096029831848614166e-8
3.0297672287381784977e-24
0
0
DERIV 11
-3.723663483498740452e-9
2.5359565588539302033e-26
0
0
DERIV 12
3.103052902915617216e-10
-1.9346226560566353164e-26
0
0
DERIV 13
-2.3869637714735516546e-11
9.910675403842940508e-28
0
0
DERIV 14
1.7049741224811083247e-12
-7.079053859887814328e-29
0
0
DERIV 15
-1.1366494149874055077e-13
5.121110787464802912e-31
0
0
DERIV 16
7.104058843671284423e-15
-3.200694242165501820e-32
0
0
DERIV 17
-4.178858143336049545e-16
-9.718134346093995504e-33
0
0
DERIV 18
2.3215878574089164822e-17
-1.4487873877690629046e-34
0
0
DERIV 19
-1.2218883460046928144e-18
-6.333011696285046745e-35
0
0
DERIV 20
6.109441730023464794e-20
-4.055731443309611210e-36
0
0
DERIV 21
-2.9092579666778401275e-21
-5.764205944639222829e-38
0
0
DERIV 22
1.3223899848535637584e-22
-3.791693756921921366e-39
0
0
DERIV 23
-5.749521673276363943e-24
-5.874321860546027160e-41
0
0
DERIV 24
2.395634030531818157e-25
1.7753550134892712819e-41
0
0
DERIV 25
-9.582536122127272627e-27
-7.101420053957085096e-43
0
0
DERIV 26
3.685590816202797647e-28
-2.0977746870743367351e-44
0
0
DERIV 27
-1.3650336356306657226e-29
5.035438408133070371e-47
0
0
DERIV 28
4.875120127252377455e-31
1.0713222571424056031e-47
0
0
DERIV 29
-1.6810759059490957498e-32
3.855884804707314009e-49
0
0
DERIV 30
5.603586353163652442e-34
-7.151051300827696222e-51
0
0
DERIV 31
-1.8076085010205329252e-35
-9.763759561439691377e-52
0
0
DERIV 32
5.648776565689165391e-37
3.051174862949903555e-53
0
0
DERIV 33
-1.7117504744512623742e-38
4.200097500876039876e-55
0
0
DERIV 34
5.034560218974300669e-40
3.082893397682541294e-56
0
0
DERIV 35
-1.4384457768498002348e-41
-4.438643322843963388e-58
0
0
AT 31/16
0.14406365910145327303
6.059042225163153955e-18
0
0
DERIV 1
-0.14406365910145327303
-6.059042225163153955e-18
0
0
DERIV 2
0.07203182955072663651
3.0295211125815769773e-18
0
0
DERIV 3
-0.024010609850242212171
-1.0098403708605255307e-18
0
0
DERIV 4
0.006002652462560553043
2.524600927151313827e-19
0
0
DERIV 5
-0.0012005304925121107387
7.961224215523424592e-20
0
0
DERIV 6
0.00020008841541868511407
-4.233688921826505290e-21
0
0
DERIV 7
-2.8584059345526444384e-5
1.2079387611561481071e-22
0
0
DERIV 8
3.573007418190805548e-6
-1.5099234514451851339e-23
0
0
DERIV 9
-3.970008242434228622e-7
2.5206385703114104012e-23
0
0
DERIV 10
3.970008242434228225e-8
1.4498283699431224015e-24
0
0
DERIV 11
-3.609098402212934975e-9
9.379213342872369406e-26
0
0
DERIV 12
3.007582001844112307e-10
9.416918309127769678e-27
0
0
DERIV 13
-2.3135246168031633630e-11
-2.272745979659415612e-28
0
0
DERIV 14
1.6525175834308309158e-12
7.393344035087554322e-29
0
0
DERIV 15
-1.1016783889538872941e-13
-3.245992758920211544e-30
0
0
DERIV 16
6.885489930961795588e-15
2.028745474325132215e-31
0
0
DERIV 17
-4.050288194683409430e-16
1.4168218338488585084e-32
0
0
DERIV 18
2.2501601081574496151e-17
-1.0234814968945971652e-34
0
0
DERIV 19
-1.1842947937670786434e-18
-9.597798919461980060e-35
0
0
DERIV 20
5.921473968835394180e-20
-4.830750262205189636e-36
0
0
DERIV 21
-2.8197495089692350730e-21
-2.0736401403745648135e-38
0
0
DERIV 22
1.2817043222587431723e-22
5.217088612251302276e-39
0
0
DERIV 23
-5.572627488081492309e-24
2.871231051565805693e-41
0
0
DERIV 24
2.321928120033955282e-25
-1.6502262297817621178e-41
0
0
DERIV 25
-9.287712480135821012e-27
5.452961217152158327e-43
0
0
DERIV 26
3.572197107744546302e-28
3.172522703934700964e-45
0
0
DERIV 27
-1.3230359658313133828e-29
-7.403001583641668129e-46
0
0
DERIV 28
4.725128449397547796e-31
2.643929137014881683e-47
0
0
DERIV 29
-1.6293546377232924000e-32
-3.454422410807712761e-49
0
0
DERIV 30
5.431182125744308000e-34
1.1514741369359041905e-50
0
0
DERIV 31
-1.7519942341110670795e-35
-5.438797028884978570e-52
0
0
DERIV 32
5.474981981597084623e-37
1.6996240715265558032e-53
0
0
DERIV 33
-1.6590854489688135697e-38
-4.046999975966967697e-56
0
0
DERIV 34
4.879663085202392564e-40
2.997840205763083613e-56
0
0
DERIV 35
-1.3941894529149694206e-41
3.0870716763885554997e-58
0
0
AT 63/32
0.13963128628139898080
-1.3587717356502254392e-17
0
0
DERIV 1
-0.13963128628139898080
1.3587717356502254392e-17
0
0
DERIV 2
0.06981564314069949040
-6.793858678251127196e-18
0
0
DERIV 3
-0.023271881046899828976
1.1081372420991709382e-18
0
0
DERIV 4
0.005817970261724957244
-2.770343105247927345e-19
0
0
DERIV 5
-0.0011635940523449914055
1.2038775205538366840e-20
0
0
DERIV 6
0.00019393234205749857661
-1.1041480638302265509e-20
0
0
DERIV 7
-2.7704620293928368087e-5
1.5773543769003234561e-21
0
0
DERIV 8
3.463077536741046011e-6
-1.9716929711254043201e-22
0
0
DERIV 9
-3.847863929712273345e-7
2.1907699679171161398e-23
0
0
DERIV 10
3.847863929712273081e-8
4.562079922525725116e-25
0
0
DERIV 11
-3.498058117920248443e-9
1.4652213992090877616e-25
0
0
DERIV 12
2.915048431600206864e-10
5.022751101445677350e-27
0
0
DERIV 13
-2.2423449473847744111e-11
-1.3805729363528258206e-27
0
0
DERIV 14
1.6016749624176961522e-12
-4.563649864378317232e-29
0
0
DERIV 15
-1.0677833082784640930e-13
2.2009816106831324159e-30
0
0
DERIV 16
6.673645676740400582e-15
-1.3756135066769577599e-31
0
0
DERIV 17
-3.925673927494353167e-16
-3.509051508091598269e-33
0
0
DERIV 18
2.1809299597190852299e-17
-1.1746028766702789060e-33
0
0
DERIV 19
-1.1478578735363606777e-18
9.223062420981314460e-35
0
0
DERIV 20
5.739289367681802907e-20
2.032936504774326280e-37
0
0
DERIV 21
-2.7329949369913348789e-21
1.5153000380432167652e-37
0
0
DERIV 22
1.2422704259051522604e-22
-1.1162252357732031017e-38
0
0
DERIV 23
-5.401175764805008997e-24
-3.4519699317957135436e-40
0
0
DERIV 24
2.250489902002087235e-25
-9.227079771830627458e-43
0
0
DERIV 25
-9.001959608008348310e-27
-5.944607169988670696e-43
0
0
DERIV 26
3.462292156926287915e-28
1.2515823532634700268e-44
0
0
DERIV 27
-1.2823304284912178812e-29
8.858495014744646518e-46
0
0
DERIV 28
4.579751530325777647e-31
1.8408891530369731338e-47
0
0
DERIV 29
-1.5792246656295785932e-32
3.0897307244739146278e-49
0
0
DERIV 30
5.264082218765261863e-34
1.1046936814803194199e-51
0
0
DERIV 31
-1.6980910383113749067e-35
1.0852015338618781498e-51
0
0
DERIV 32
5.306534494723046584e-37
-3.391254793318369218e-53
0
0
DERIV 33
-1.6080407559766806405e-38
-3.960498253456267849e-55
0
0
DERIV 34
4.729531635225531392e-40
2.0524882925206039658e-57
0
0
DERIV 35
-1.3512947529215803466e-41
-5.684319342058305421e-58
0
0
AT 2
0.13533528323661270232
-1.0423814232886689884e-17
0
0
DERIV 1
-0.13533528323661270232
1.0423814232886689884e-17
0
0
DERIV 2
0.06766764161830635116
-5.211907116443344942e-18
0
0
DERIV 3
-0.022555880539435448073
-5.756622624879610490e-19
0
0
DERIV 4
0.005638970134858862018
1.4391556562199026224e-19
0
0
DERIV 5
-0.0011277940269717723603
-7.215120002381822981e-20
0
0
DERIV 6
0.00018796567116196206005
1.2025200003969705470e-20
0
0
DERIV 7
-2.6852238737423154340e-5
1.1862272471619290601e-21
0
0
DERIV 8
3.356529842177894292e-6
-1.4827840589524113251e-22
0
0
DERIV 9
-3.729477602419882488e-7
1.0593205187983039330e-23
0
0
DERIV 10
3.729477602419882356e-8
2.641684612865403009e-25
0
0
DERIV 11
-3.390434184018074756e-9
-1.3681267091964381372e-25
0
0
DERIV 12
2.825361820015062642e-10
-2.3064802946405837223e-26
0
0
DERIV 13
-2.1733552461654324781e-11
-1.4569586565232769591e-27
0
0
DERIV 14
1.5523966044038804858e-12
-4.018037577446523466e-29
0
0
DERIV 15
-1.0349310696025870073e-13
4.361594982769174396e-30
0
0
DERIV 16
6.468319185016168796e-15
-2.725996864230733997e-31
0
0
DERIV 17
-3.804893638244805116e-16
1.0234827839438052987e-32
0
0
DERIV 18
2.1138297990248916969e-17
-2.262140009666054872e-34
0
0
DERIV 19
-1.1125419994867850833e-18
-8.366946732149563830e-36
0
0
DERIV 20
5.562709997433925417e-20
4.183473366074781414e-37
0
0
DERIV 21
-2.6489095225875835318e-21
-1.9921301743213244703e-38
0
0
DERIV 22
1.2040497829943561722e-22
-1.2317487404399206208e-39
0
0
DERIV 23
-5.234999056497200365e-24
-3.2975908220553200421e-40
0
0
DERIV 24
2.181249606873833792e-25
-1.6871870294099905377e-41
0
0
DERIV 25
-8.724998427495334765e-27
2.7309451607278464062e-43
0
0
DERIV 26
3.355768625959744106e-28
-7.054285167538320314e-45
0
0
DERIV 27
-1.2428772688739792414e-29
-3.0962955333461728763e-46
0
0
DERIV 28
4.438847388835640398e-31
-1.3964988529563972095e-47
0
0
DERIV 29
-1.5306370306329794004e-32
9.670110823859686402e-51
0
0
DERIV 30
5.102123435443264554e-34
1.1081459068931378583e-50
0
0
DERIV 31
-1.6458462694978273703e-35
5.909339594220249883e-52
0
0
DERIV 32
5.143269592180710532e-37
-1.8466686231938280884e-53
0
0
DERIV 33
-1.5585665430850638530e-38
1.1132587497677014667e-54
0
0
DERIV 34
4.584019244367834382e-40
1.5237275506821461668e-56
0
0
DERIV 35
-1.3097197841050956542e-41
7.298822119476948537e-58
0
0
AT 33/16
0.12713573293203558889
-1.3572684901648677099e-17
0
0
DERIV 1
-0.12713573293203558889
1.3572684901648677099e-17
0
0
DERIV 2
0.06356786646601779445
-6.786342450824338550e-18
0
0
DERIV 3
-0.021189288822005929169
-5.085048436096340243e-20
0
0
DERIV 4
0.005297322205501482292
1.2712621090240850607e-20
0
0
DERIV 5
-0.0010594644411002964585
-2.5425242180481700463e-21
0
0
DERIV 6
0.00017657740685004941878
-8.611264067704508546e-21
0
0
DERIV 7
-2.5225343835721345540e-5
1.2301805811006440512e-21
0
0
DERIV 8
3.153167979465168192e-6
-1.5377257263758050640e-22
0
0
DERIV 9
-3.503519977183520214e-7
1.7085841404175611822e-23
0
0
DERIV 10
3.503519977183519817e-8
2.2618827998369716572e-24
0
0
DERIV 11
-3.185018161075927369e-9
5.756812219078411579e-26
0
0
DERIV 12
2.654181800896605969e-10
1.2435585912289400722e-26
0
0
DERIV 13
-2.0416783083820046660e-11
-2.109279314564313134e-28
0
0
DERIV 14
1.4583416488442891048e-12
-4.263325967784891333e-29
0
0
DERIV 15
-9.722277658961927197e-14
1.1593140473851022300e-30
0
0
DERIV 16
6.076423536851204498e-15
-7.245712796156888938e-32
0
0
DERIV 17
-3.574366786383061238e-16
-1.8939607332290412388e-32
0
0
DERIV 18
1.9857593257683673542e-17
1.0522004073494673169e-33
0
0
DERIV 19
-1.0451364872465092656e-18
7.639518528178627966e-35
0
0
DERIV 20
5.225682436232545726e-20
2.1987718121207981916e-36
0
0
DERIV 21
-2.4884202077297837686e-21
-1.5141945276435155101e-38
0
0
DERIV 22
1.1311000944226290498e-22
-5.723517128283606808e-39
0
0
DERIV 23
-4.917826497489691170e-24
-1.0252202320085304938e-40
0
0
DERIV 24
2.0490943739540380639e-25
-3.381207046463724118e-42
0
0
DERIV 25
-8.196377495816151624e-27
-4.961207542276406402e-43
0
0
DERIV 26
3.152452883006212336e-28
1.8348171401422749584e-45
0
0
DERIV 27
-1.1675751418541526650e-29
-5.869556216070535087e-46
0
0
DERIV 28
4.169911220907688089e-31
2.0962700771680484536e-47
0
0
DERIV 29
-1.4379004210026510936e-32
-4.397230200785261691e-49
0
0
DERIV 30
4.793001403342170426e-34
3.253637906224170523e-51
0
0
DERIV 31
-1.5461294849490871997e-35
-4.498289273094500763e-52
0
0
DERIV 32
4.831654640465897499e-37
1.4057153978420314885e-53
0
0
DERIV 33
-1.4641377698381507968e-38
-3.050136492191716686e-56
0
0
DERIV 34
4.306287558347502488e-40
-1.3496955005234475533e-56
0
0
DERIV 35
-1.2303678738135720228e-41
-7.796056548501800182e-58
0
0
AT 17/8
0.11943296826671961908
-1.0811883698576512684e-18
0
0
DERIV 1
-0.11943296826671961908
1.0811883698576512684e-18
0
0
DERIV 2
0.05971648413335980954
-5.405941849288256342e-19
0
0
DERIV 3
-0.019905494711119936513
1.8019806164294186202e-19
0
0
DERIV 4
0.004976373677779984128
-4.504951541073546550e-20
0
0
DERIV 5
-0.0009952747355559967389
-7.772627071669326403e-20
0
0
DERIV 6
0.00016587912259266612315
1.2954378452782209668e-20
0
0
DERIV 7
-2.3697017513238018561e-5
-8.825878392496868423e-22
0
0
DERIV 8
2.962127189154752320e-6
1.1032347990621085528e-22
0
0
DERIV 9
-3.291252432394169186e-7
-1.8140337678844957518e-23
0
0
DERIV 10
3.291252432394169450e-8
-8.329441922851927711e-25
0
0
DERIV 11
-2.992047665812881206e-9
-3.707515695857715829e-26
0
0
DERIV 12
2.493373054844067672e-10
3.0895964132147629520e-27
0
0
DERIV 13
-1.9179792729569750574e-11
-9.833168628131197626e-28
0
0
DERIV 14
1.3699851949692680135e-12
-4.516216221996517569e-29
0
0
DERIV 15
-9.133234633128453003e-14
-1.1964473465143846059e-30
0
0
DERIV 16
5.708271645705283127e-15
7.477795915714903787e-32
0
0
DERIV 17
-3.357806850414872601e-16
1.3002640017690022248e-32
0
0
DERIV 18
1.8654482502304847101e-17
-3.759379853398409428e-35
0
0
DERIV 19
-9.818148685423604650e-19
9.320688149907875730e-35
0
0
DERIV 20
4.909074342711801843e-20
1.5448078601415183013e-37
0
0
DERIV 21
-2.3376544489103819377e-21
1.0011754131260191756e-37
0
0
DERIV 22
1.0625702040501735225e-22
3.998252491771094952e-39
0
0
DERIV 23
-4.619870452392058730e-24
-2.3772262740430234828e-40
0
0
DERIV 24
1.9249460218300245473e-25
2.2521514620133306398e-42
0
0
DERIV 25
-7.699784087320098189e-27
-9.008605848053322639e-44
0
0
DERIV 26
2.961455418200037731e-28
6.914198469127750537e-45
0
0
DERIV 27
-1.0968353400740880328e-29
-4.117812541519334298e-46
0
0
DERIV 28
3.917269071693171858e-31
-1.6572510216109901411e-47
0
0
DERIV 29
-1.3507824385148868289e-32
3.827133824083132874e-49
0
0
DERIV 30
4.502608128382955982e-34
-1.3533166505504084741e-51
0
0
DERIV 31
-1.4524542349622438997e-35
3.885282416425545144e-52
0
0
DERIV 32
4.538919484257012187e-37
-1.2141507551329828575e-53
0
0
DERIV 33
-1.3754301467445491949e-38
8.424920689250390309e-55
0
0
DERIV 34
4.045382784542791798e-40
-2.957719648897065023e-56
0
0
DERIV 35
-1.1558236527265118839e-41
2.6244628647072180083e-58
0
0
AT 35/16
0.11219689052034373389
2.8983593568177082333e-18
0
0
DERIV 1
-0.11219689052034373389
-2.8983593568177082333e-18
0
0
DERIV 2
0.05609844526017186694
1.4491796784088541167e-18
0
0
DERIV 3
-0.018699481753390621158
-1.6395422101208227043e-18
0
0
DERIV 4
0.004674870438347655290
4.098855525302056761e-19
0
0
DERIV 5
-0.0009349740876695311230
-1.6924980156910870980e-20
0
0
DERIV 6
0.00015582901461158851146
1.1855848130197682615e-20
0
0
DERIV 7
-2.2261287801655502605e-5
-7.256549360233256466e-22
0
0
DERIV 8
2.782660975206937826e-6
9.070686700291570583e-23
0
0
DERIV 9
-3.091845528007708813e-7
1.6858057115413150099e-24
0
0
DERIV 10
3.091845528007709077e-8
-2.8155585313238200606e-24
0
0
DERIV 11
-2.810768661825189770e-9
-4.483308353529914899e-26
0
0
DERIV 12
2.342307218187658314e-10
-1.3496839133579814144e-26
0
0
DERIV 13
-1.8017747832212754022e-11
-1.1987484058836588639e-27
0
0
DERIV 14
1.2869819880151967736e-12
2.792534563838162599e-29
0
0
DERIV 15
-8.579879920101312413e-14
4.028471716424779888e-30
0
0
DERIV 16
5.362424950063320258e-15
-2.517794822765487430e-31
0
0
DERIV 17
-3.154367617684306063e-16
1.7710781697227175020e-32
0
0
DERIV 18
1.7524264542690589582e-17
-1.3263198621814627069e-33
0
0
DERIV 19
-9.223297127731887835e-19
-7.210431894529828994e-35
0
0
DERIV 20
4.611648563865944038e-20
2.4015097320228917546e-36
0
0
DERIV 21
-2.1960231256504495238e-21
-1.3226990115647732475e-37
0
0
DERIV 22
9.981923298411134520e-23
2.8063745503245490975e-39
0
0
DERIV 23
-4.339966651483101773e-24
-3.1367297243078812190e-40
0
0
DERIV 24
1.8083194381179593019e-25
-9.889166854881630719e-42
0
0
DERIV 25
-7.233277752471836634e-27
-1.7840517679217985464e-43
0
0
DERIV 26
2.782029904796860347e-28
-3.486312629160962805e-45
0
0
DERIV 27
-1.0303814462210593204e-29
-5.455765706319132977e-46
0
0
DERIV 28
3.679933736503783600e-31
-1.1794106056110619372e-47
0
0
DERIV 29
-1.2689426677599253132e-32
-2.5394039261483578896e-49
0
0
DERIV 30
4.229808892533084548e-34
-8.641014390762192503e-51
0
0
DERIV 31
-1.3644544814622852175e-35
-9.283126306622112123e-52
0
0
DERIV 32
4.263920254569641305e-37
2.900976970819410038e-53
0
0
DERIV 33
-1.2920970468392853941e-38
6.237134620786268930e-55
0
0
DERIV 34
3.800285431880251303e-40
-3.273856756407400524e-56
0
0
DERIV 35
-1.0857958376800716989e-41
-8.419117843694071547e-59
0
0
AT 9/4
0.10539922456186433253
4.255434683396740403e-18
0
0
DERIV 1
-0.10539922456186433253
-4.255434683396740403e-18
0
0
DERIV 2
0.05269961228093216626
2.1277173416983702013e-18
0
0
DERIV 3
-0.017566537426977391068
1.6037255207362861230e-18
0
0
DERIV 4
0.004391634356744347767
-4.009313801840715307e-19
0
0
DERIV 5
-0.0008783268713488694883
1.5134145687684037099e-20
0
0
DERIV 6
0.00014638781189147824805
-2.5223576146140060578e-21
0
0
DERIV 7
-2.0912544555925464008e-5
3.603368020877151511e-22
0
0
DERIV 8
2.614068069490683001e-6
-4.504210026096439389e-23
0
0
DERIV 9
-2.904520077211869707e-7
-2.4406188417333827813e-23
0
0
DERIV 10
2.9045200772118700378e-8
-8.681036084787278815e-25
0
0
DERIV 11
-2.640472797465336360e-9
4.131939110929217904e-26
0
0
DERIV 12
2.2003939978877802142e-10
5.173182121653023599e-27
0
0
DERIV 13
-1.6926107676059847304e-11
-8.950408197864270593e-28
0
0
DERIV 14
1.2090076911471320080e-12
6.231946631436500300e-30
0
0
DERIV 15
-8.060051274314213808e-14
3.791795052416296229e-30
0
0
DERIV 16
5.037532046446383630e-15
-2.369871907760185143e-31
0
0
DERIV 17
-2.963254144968460872e-16
5.239751238063458991e-33
0
0
DERIV 18
1.6462523027602560056e-17
5.129025466531642520e-35
0
0
DERIV 19
-8.664485804001347144e-19
-2.804067056642765090e-35
0
0
DERIV 20
4.332242902000673693e-20
1.983273130793601953e-37
0
0
DERIV 21
-2.0629728104765111388e-21
-1.5274251672306743586e-37
0
0
DERIV 22
9.377149138529597154e-23
-3.743470610972275656e-39
0
0
DERIV 23
-4.077021364578085304e-24
-2.5249656475907870362e-40
0
0
DERIV 24
1.6987589019075356199e-25
2.8677321851290121122e-42
0
0
DERIV 25
-6.795035607630143053e-27
4.592625635822846037e-43
0
0
DERIV 26
2.613475233703901071e-28
-7.315894555073834852e-45
0
0
DERIV 27
-9.679537902607041367e-30
6.342586594573168249e-46
0
0
DERIV 28
3.456977822359657193e-31
2.1138482029532076130e-47
0
0
DERIV 29
-1.1920613180550542423e-32
-3.514081992067048941e-49
0
0
DERIV 30
3.973537726850181093e-34
-1.6795883600759922807e-50
0
0
DERIV 31
-1.2817863635000584859e-35
1.2315484284354028762e-51
0
0
DERIV 32
4.005582385937682769e-37
-3.848588838860633988e-53
0
0
DERIV 33
-1.2138128442235402408e-38
1.2453336416910832845e-54
0
0
DERIV 34
3.5700377771280591719e-40
-6.423251159223522332e-58
0
0
DERIV 35
-1.0200107934651597052e-41
-5.642643241878010627e-58
0
0
AT 37/16
0.09901340836382629962
2.4844547660849242124e-18
0
0
DERIV 1
-0.09901340836382629962
-2.4844547660849242124e-18
0
0
DERIV 2
0.04950670418191314981
1.2422273830424621062e-18
0
0
DERIV 3
-0.016502234727304384426
7.424065229703839633e-19
0
0
DERIV 4
0.004125558681826096107
-1.8560163074259599084e-19
0
0
DERIV 5
-0.0008251117363652191346
-4.961584765032115776e-20
0
0
DERIV 6
0.00013751862272753652243
8.269307941720192960e-21
0
0
DERIV 7
-1.9645517532505219426e-5
7.547456020498018077e-22
0
0
DERIV 8
2.455689691563152428e-6
-9.434320025622522596e-23
0
0
DERIV 9
-2.728544101736835973e-7
4.600404561425717523e-24
0
0
DERIV 10
2.7285441017368358402e-8
8.634485239422724173e-25
0
0
DERIV 11
-2.480494637942578037e-9
-7.849532035838840575e-26
0
0
DERIV 12
2.0670788649521484500e-10
-2.0751880175616707755e-27
0
0
DERIV 13
-1.5900606653478065994e-11
1.1538373145155944766e-27
0
0
DERIV 14
1.1357576181055760559e-12
4.132359707419975167e-30
0
0
DERIV 15
-7.571717454037173538e-14
-1.9583939116328236228e-30
0
0
DERIV 16
4.732323408773233461e-15
1.2239961947705147642e-31
0
0
DERIV 17
-2.783719652219549066e-16
-1.0100201532550864901e-32
0
0
DERIV 18
1.5465109178997494125e-17
1.2458973987016207598e-33
0
0
DERIV 19
-8.139531146840786787e-19
-2.502765373403823424e-35
0
0
DERIV 20
4.069765573420393393e-20
1.2513826867019118124e-36
0
0
DERIV 21
-1.9379836063906635565e-21
-2.376506200836417807e-38
0
0
DERIV 22
8.809016392684833920e-23
5.354755003370326483e-39
0
0
DERIV 23
-3.830007127254276001e-24
1.5049794033899260826e-40
0
0
DERIV 24
1.5958363030226149238e-25
1.3822104990412424451e-42
0
0
DERIV 25
-6.383345212090459638e-27
-1.1268560506039420901e-43
0
0
DERIV 26
2.455132773880946153e-28
-9.463338531029190909e-45
0
0
DERIV 27
-9.093084347707207401e-30
-2.2040535468680729296e-46
0
0
DERIV 28
3.247530124181145563e-31
1.6158230945073267634e-48
0
0
DERIV 29
-1.1198379738555673931e-32
-4.804111337452470763e-49
0
0
DERIV 30
3.732793246185224986e-34
-1.8197683831005202361e-50
0
0
DERIV 31
-1.2041268536081370749e-35
4.145856261555100393e-52
0
0
DERIV 32
3.762896417525428359e-37
-1.2955800817359688727e-53
0
0
DERIV 33
-1.1402716416743721747e-38
-1.6106217251624786514e-55
0
0
DERIV 34
3.3537401225716830106e-40
-9.656931252460043164e-57
0
0
DERIV 35
-9.582114635919093733e-42
-3.0670414885815273325e-58
0
0
AT 19/8
0.09301448921066349240
-5.702411091568212682e-18
0
0
DERIV 1
-0.09301448921066349240
5.702411091568212682e-18
0
0
DERIV 2
0.04650724460533174620
-2.8512055457841063408e-18
0
0
DERIV 3
-0.015502414868443914822
3.721606899357664155e-19
0
0
DERIV 4
0.003875603717110978706
-9.304017248394160386e-20
0
0
DERIV 5
-0.0007751207434221956761
-4.644409585234194527e-20
0
0
DERIV 6
0.00012918679057036594601
7.740682642056991380e-21
0
0
DERIV 7
-1.8455255795766565652e-5
8.302635020016877342e-22
0
0
DERIV 8
2.306906974470820706e-6
-1.0378293775021096678e-22
0
0
DERIV 9
-2.563229971634244994e-7
-1.1997255451484901509e-23
0
0
DERIV 10
2.5632299716342450603e-8
5.379810551060680294e-25
0
0
DERIV 11
-2.330209065122040813e-9
-1.9930384365564757574e-25
0
0
DERIV 12
1.9418408876017009364e-10
-9.240740504311484006e-27
0
0
DERIV 13
-1.4937237596936159061e-11
-1.2775887413823562870e-27
0
0
DERIV 14
1.0669455426382971912e-12
-2.4142742322162564409e-29
0
0
DERIV 15
-7.112970284255315029e-14
5.816774315989567350e-30
0
0
DERIV 16
4.445606427659571893e-15
-3.635483947493479593e-31
0
0
DERIV 17
-2.615062604505630496e-16
1.8484975774884395544e-32
0
0
DERIV 18
1.4528125580586835748e-17
-6.845555529358466739e-34
0
0
DERIV 19
-7.646381884519387337e-19
4.616571301971422473e-35
0
0
DERIV 20
3.823190942259693187e-20
2.5065392099823784629e-36
0
0
DERIV 21
-1.8205671153617588933e-21
1.1350082330658751130e-37
0
0
DERIV 22
8.275305069826176254e-23
1.8402780798369288986e-40
0
0
DERIV 23
-3.597958726011380852e-24
-1.3577233413214833392e-40
0
0
DERIV 24
1.4991494691714088414e-25
-9.648735437492354680e-42
0
0
DERIV 25
-5.996597876685635337e-27
3.5725082495032195430e-43
0
0
DERIV 26
2.306383798725244257e-28
-3.392366146152194252e-45
0
0
DERIV 27
-8.542162217500904655e-30
1.2564319059822942321e-46
0
0
DERIV 28
3.050772220536037189e-31
1.4280133340127749575e-47
0
0
DERIV 29
-1.0519904208744956061e-32
-2.5647778214799064163e-49
0
0
DERIV 30
3.506634736248318829e-34
-5.705485715558689121e-51
0
0
DERIV 31
-1.1311724955639738159e-35
1.8404792630834480197e-52
0
0
DERIV 32
3.534914048637418175e-37
-5.751497697135775062e-54
0
0
DERIV 33
-1.0711860753446722019e-38
4.511189076464760775e-55
0
0
DERIV 34
3.1505472804255061402e-40
2.0317922772154875825e-56
0
0
DERIV 35
-9.001563658358589992e-42
4.390667439203444560e-58
0
0
AT 39/16
0.08737902619542038674
-2.9121288998657293270e-18
0
0
DERIV 1
-0.08737902619542038674
2.9121288998657293270e-18
0
0
DERIV 2
0.04368951309771019337
-1.4560644499328646635e-18
0
0
DERIV 3
-0.014563171032570064456
4.853548166442882212e-19
0
0
DERIV 4
0.003640792758142516114
-1.2133870416107205529e-19
0
0
DERIV 5
-0.0007281585516285032011
2.5836973825043207984e-21
0
0
DERIV 6
0.00012135975860475053804
-4.948125282440322004e-21
0
0
DERIV 7
-1.7337108372107220688e-5
1.6749126943535320218e-21
0
0
DERIV 8
2.167138546513402586e-6
-2.0936408679419150272e-22
0
0
DERIV 9
-2.407931718348224801e-7
-6.148189913641927239e-24
0
0
DERIV 10
2.4079317183482247352e-8
1.2765634814066148271e-24
0
0
DERIV 11
-2.189028834862022675e-9
7.194436817963221560e-26
0
0
DERIV 12
1.8241906957183520565e-10
1.1237565413218725739e-26
0
0
DERIV 13
-1.4032236120910401056e-11
-2.430484418273511217e-28
0
0
DERIV 14
1.0023025800650285891e-12
7.506014348383337378e-29
0
0
DERIV 15
-6.682017200433524517e-14
8.861518600613299070e-31
0
0
DERIV 16
4.176260750270952823e-15
-5.538449125383311919e-32
0
0
DERIV 17
-2.456623970747619105e-16
-1.7043656163550560866e-32
0
0
DERIV 18
1.3647910948597885455e-17
-5.938741686458686153e-34
0
0
DERIV 19
-7.183111025577833740e-19
-3.969877854869455336e-35
0
0
DERIV 20
3.591555512788917352e-20
-2.8298859335333619645e-36
0
0
DERIV 21
-1.7102645298994844174e-21
9.893188328605228080e-38
0
0
DERIV 22
7.773929681361292592e-23
-2.3596413296891267709e-39
0
0
DERIV 23
-3.379969426678822962e-24
1.9842144510786591354e-40
0
0
DERIV 24
1.4083205944495095675e-25
-8.267560212827745973e-42
0
0
DERIV 25
-5.633282377798038012e-27
7.241507556875955799e-44
0
0
DERIV 26
2.166647068383860601e-28
1.4461555115968534413e-44
0
0
DERIV 27
-8.024618771792077339e-30
5.023857100195483557e-46
0
0
DERIV 28
2.865935275640027308e-31
1.3336636792266509463e-47
0
0
DERIV 29
-9.882535433241473807e-33
-1.2956717487227864105e-49
0
0
DERIV 30
3.294178477747157822e-34
1.5722701925469322792e-50
0
0
DERIV 31
-1.0626382186281154867e-35
9.634358210245311917e-53
0
0
DERIV 32
3.320744433212860896e-37
-3.010736940701659974e-54
0
0
DERIV 33
-1.0062861918826851517e-38
4.076128511969484282e-55
0
0
DERIV 34
2.9596652702431915026e-40
6.431707439980234058e-60
0
0
DERIV 35
-8.456186486409119089e-42
5.096056484926710238e-58
0
0
AT 5/2
0.08208499862389879997
-4.804734666105928405e-18
0
0
DERIV 1
-0.08208499862389879997
4.804734666105928405e-18
0
0
DERIV 2
0.04104249931194939999
-2.4023673330529642025e-18
0
0
DERIV 3
-0.013680833103983132751
2.225479523587190681e-19
0
0
DERIV 4
0.003420208275995783188
-5.563698808967976703e-20
0
0
DERIV 5
-0.0006840416551991565725
-5.392473273119430902e-20
0
0
DERIV 6
0.00011400694253319277563
-4.565071700869753169e-21
0
0
DERIV 7
-1.6286706076170397487e-5
1.6201907541291650722e-21
0
0
DERIV 8
2.035838259521299686e-6
-2.0252384426614563403e-22
0
0
DERIV 9
-2.2620425105792216673e-7
1.9150430060297162491e-24
0
0
DERIV 10
2.2620425105792217997e-8
-1.5149932806878159047e-24
0
0
DERIV 11
-2.056402282344747128e-9
1.7532578063312088982e-25
0
0
DERIV 12
1.7136685686206224345e-10
2.6224477087613360999e-27
0
0
DERIV 13
-1.3182065912466326171e-11
-4.502786135805077480e-28
0
0
DERIV 14
9.415761366047376413e-13
-2.553678238327202434e-29
0
0
DERIV 15
-6.277174244031583687e-14
-4.187709266765419484e-30
0
0
DERIV 16
3.923233902519739804e-15
2.617318291728387178e-31
0
0
DERIV 17
-2.307784648541023501e-16
-6.695318202582294931e-33
0
0
DERIV 18
1.2821025825227909025e-17
-3.128129689720007739e-34
0
0
DERIV 19
-6.747908329067320286e-19
-8.877343006568850876e-36
0
0
DERIV 20
3.373954164533660023e-20
1.6475733655704650856e-36
0
0
DERIV 21
-1.6066448402541239457e-21
4.693018953673614460e-38
0
0
DERIV 22
7.302931092064199005e-23
5.347228162653823261e-39
0
0
DERIV 23
-3.1751874313322605168e-24
-1.5263122780408689748e-40
0
0
DERIV 24
1.3229947630551086252e-25
-1.2933235213289799696e-42
0
0
DERIV 25
-5.291979052220434300e-27
-1.4915720699244657491e-43
0
0
DERIV 26
2.035376558546320919e-28
2.2874655875253185288e-45
0
0
DERIV 27
-7.538431698319706692e-30
-4.999204926712539011e-46
0
0
DERIV 28
2.692297035114181274e-31
-1.3424680268991313151e-47
0
0
DERIV 29
-9.283782879704073266e-33
3.685437657192035905e-49
0
0
DERIV 30
3.094594293234691117e-34
-1.5135741214738462340e-50
0
0
DERIV 31
-9.982562236240938613e-36
1.4049526104238278454e-53
0
0
DERIV 32
3.119550698825293317e-37
-4.390476907574462017e-55
0
0
DERIV 33
-9.453183935834221974e-39
-1.8443202355275995693e-55
0
0
DERIV 34
2.7803482164218300642e-40
-1.7725557057995506935e-57
0
0
DERIV 35
-7.943852046919514396e-42
-2.218261005749637063e-59
0
0
AT 41/16
0.07711171996831671371
-1.3811116138543383628e-18
0
0
DERIV 1
-0.07711171996831671371
1.3811116138543383628e-18
0
0
DERIV 2
0.03855585998415835686
-6.905558069271691814e-19
0
0
DERIV 3
-0.012851953328052785619
2.301852689757230765e-19
0
0
DERIV 4
0.003212988332013196405
-5.754631724393076913e-20
0
0
DERIV 5
-0.0006425976664026393026
3.319330689849624371e-20
0
0
DERIV 6
0.00010709961106710654140
3.502800287629830167e-21
0
0
DERIV 7
-1.5299944438158077827e-5
-1.6381214087518381333e-23
0
0
DERIV 8
1.912493054769759728e-6
2.0476517609397976667e-24
0
0
DERIV 9
-2.1249922830775108682e-7
5.654656382494885702e-24
0
0
DERIV 10
2.1249922830775109344e-8
-1.2272101282919107469e-24
0
0
DERIV 11
-1.931811166434100699e-9
-3.883191789219496546e-26
0
0
DERIV 12
1.6098426386950838297e-10
1.1852457871776952069e-26
0
0
DERIV 13
-1.2383404913039107625e-11
3.310318051653361554e-28
0
0
DERIV 14
8.845289223599362012e-13
3.405441155578428336e-29
0
0
DERIV 15
-5.896859482399574843e-14
-5.873908392474603196e-31
0
0
DERIV 16
3.685537176499734277e-15
3.671192745296626997e-32
0
0
DERIV 17
-2.1679630449998437793e-16
6.541146604469026332e-33
0
0
DERIV 18
1.2044239138888020825e-17
-1.9220326074719158791e-34
0
0
DERIV 19
-6.339073230993695526e-19
4.559361796224864129e-35
0
0
DERIV 20
3.169536615496847402e-20
1.3314377476136351932e-36
0
0
DERIV 21
-1.5093031502365940994e-21
3.511582427779003586e-38
0
0
DERIV 22
6.860468864711791575e-23
-3.733436286849160498e-39
0
0
DERIV 23
-2.9828125498746919889e-24
1.6232331681952873237e-40
0
0
DERIV 24
1.2428385624477883287e-25
-6.763471534147030940e-42
0
0
DERIV 25
-4.971354249791153028e-27
-1.6447064127841323501e-44
0
0
DERIV 26
1.9120593268427512336e-28
-6.266120742528279866e-45
0
0
DERIV 27
-7.081701210528708324e-30
2.8397848914270727811e-46
0
0
DERIV 28
2.529179003760253036e-31
-1.6397885613689620467e-47
0
0
DERIV 29
-8.721306909518113727e-33
3.766918443938208909e-49
0
0
DERIV 30
2.907102303172704291e-34
1.5953095427856057672e-50
0
0
DERIV 31
-9.377749365073239647e-36
-5.146159815437438437e-52
0
0
DERIV 32
2.930546676585387390e-37
1.6081749423241995116e-53
0
0
DERIV 33
-8.880444474501174778e-39
3.827148556348943361e-55
0
0
DERIV 34
2.6118954336768160153e-40
-1.6602833010284745821e-57
0
0
DERIV 35
-7.462558381933759789e-42
-2.0745804003752166299e-58
0
0
AT 21/8
0.07243975703425145629
6.447014434882727300e-18
0
0
DERIV 1
-0.07243975703425145629
-6.447014434882727300e-18
0
0
DERIV 2
0.03621987851712572815
3.2235072174413636500e-18
0
0
DERIV 3
-0.012073292839041909960
-4.962612471548521531e-19
0
0
DERIV 4
0.003018323209760477490
1.2406531178871303828e-19
0
0
DERIV 5
-0.0006036646419520954980
-2.4813062357742606452e-20
0
0
DERIV 6
0.00010061077365868258300
4.135510392957100825e-21
0
0
DERIV 7
-1.4372967665526083044e-5
-8.327966124951002818e-22
0
0
DERIV 8
1.7966209581907603805e-6
1.0409957656188753523e-22
0
0
DERIV 9
-1.9962455091008448966e-7
-8.625532995576737869e-24
0
0
DERIV 10
1.9962455091008448966e-8
8.625532995576737869e-25
0
0
DERIV 11
-1.8147686446371317806e-9
-2.2015258194809369820e-26
0
0
DERIV 12
1.5123072038642763977e-10
1.0451069563661485526e-26
0
0
DERIV 13
-1.1633132337417511621e-11
6.600310566053379849e-29
0
0
DERIV 14
8.309380241012508589e-13
-3.356427779526370146e-29
0
0
DERIV 15
-5.539586827341672393e-14
2.2376185196842469975e-30
0
0
DERIV 16
3.4622417670885452456e-15
-1.3985115748026543735e-31
0
0
DERIV 17
-2.0366128041697324394e-16
2.4260908428022913397e-33
0
0
DERIV 18
1.1314515578720735090e-17
5.499922667375565717e-34
0
0
DERIV 19
-5.955008199326702881e-19
-8.674014624216283495e-36
0
0
DERIV 20
2.977504099663351561e-20
-7.700054840312082334e-37
0
0
DERIV 21
-1.4178590950777864039e-21
-1.7069956798008940761e-38
0
0
DERIV 22
6.444814068535392852e-23
-2.9272410083803671299e-40
0
0
DERIV 23
-2.8020930732762576819e-24
-6.712981836181684995e-41
0
0
DERIV 24
1.1675387805317741106e-25
-4.855882248090232003e-42
0
0
DERIV 25
-4.670155122127096356e-27
1.0813951227549252168e-43
0
0
DERIV 26
1.7962135085104216411e-28
-7.098619445655477053e-46
0
0
DERIV 27
-6.652642624112672381e-30
-3.3700841872993228280e-46
0
0
DERIV 28
2.375943794325954672e-31
-1.2987171908302723657e-47
0
0
DERIV 29
-8.192909635606740202e-33
4.006453923012248177e-49
0
0
DERIV 30
2.730969878535579754e-34
1.8005592855040934833e-50
0
0
DERIV 31
-8.809580253340579894e-36
-5.377164677417689382e-52
0
0
DERIV 32
2.752993829168931217e-37
1.6803639616930279318e-53
0
0
DERIV 33
-8.342405542936156270e-39
5.585758942503561004e-55
0
0
DERIV 34
2.4536486890988691313e-40
1.9556432161746094207e-56
0
0
DERIV 35
-7.010424825996769602e-42
9.668832453032051425e-59
0
0
AT 43/16
0.06805085402501019620
-2.4133738920487101634e-18
0
0
DERIV 1
-0.06805085402501019620
2.4133738920487101634e-18
0
0
DERIV 2
0.03402542701250509810
-1.2066869460243550817e-18
0
0
DERIV 3
-0.011341809004168364877
-7.542533353097530036e-19
0
0
DERIV 4
0.002835452251042091219
1.8856333382743825090e-19
0
0
DERIV 5
-0.0005670904502084183089
2.733946358364261586e-20
0
0
DERIV 6
9.451507503473638482e-5
-4.556577263940435726e-21
0
0
DERIV 7
-1.3502153576390911875e-5
4.089301956331192724e-22
0
0
DERIV 8
1.6877691970488639844e-6
-5.111627445413990905e-23
0
0
DERIV 9
-1.8752991078320711232e-7
8.620672672870754797e-24
0
0
DERIV 10
1.8752991078320709246e-8
1.1231662028401909767e-24
0
0
DERIV 11
-1.7048173707564281133e-9
-1.0210601844001735317e-25
0
0
DERIV 12
1.4206811422970236001e-10
-8.724094558186629506e-27
0
0
DERIV 13
-1.0928316479207873847e-11
6.710841967835869265e-28
0
0
DERIV 14
7.805940342291338029e-13
-4.659930112417848136e-30
0
0
DERIV 15
-5.203960228194225185e-14
-1.3722412569769687008e-30
0
0
DERIV 16
3.2524751426213907403e-15
8.576507856106054380e-32
0
0
DERIV 17
-1.9132206721302299633e-16
6.555891043776024537e-33
0
0
DERIV 18
1.0629003734056833300e-17
-5.354099419330890136e-34
0
0
DERIV 19
-5.594212491608859125e-19
-2.2502896329501524127e-35
0
0
DERIV 20
2.797106245804429442e-20
2.3288510317170986813e-36
0
0
DERIV 21
-1.3319553551449665712e-21
5.926913308488835016e-38
0
0
DERIV 22
6.054342523386211260e-23
1.5804734082224840830e-39
0
0
DERIV 23
-2.6323228362548745087e-24
-2.0802063231590844098e-41
0
0
DERIV 24
1.0968011817728643021e-25
8.519710647815553332e-42
0
0
DERIV 25
-4.387204727091457782e-27
2.3318342507482295969e-43
0
0
DERIV 26
1.6873864334967143419e-28
1.0002832091058178818e-44
0
0
DERIV 27
-6.249579383321164748e-30
1.4852416859962932065e-46
0
0
DERIV 28
2.231992636900415982e-31
-5.304434592843904569e-48
0
0
DERIV 29
-7.696526334139365029e-33
-2.4178155831934251221e-49
0
0
DERIV 30
2.565508778046455095e-34
-4.934617949836089346e-52
0
0
DERIV 31
-8.275834767891790845e-36
2.3146366355529349984e-52
0
0
DERIV 32
2.586198364966184639e-37
-7.233239486102921870e-54
0
0
DERIV 33
-7.836964742321771159e-39
-2.5537852233616779868e-55
0
0
DERIV 34
2.3049896300946385042e-40
1.4708159996650366985e-56
0
0
DERIV 35
-6.585684657413252906e-42
-3.838196133641258679e-58
0
0
AT 11/4
0.06392786120670757022
2.4838752330396897541e-18
0
0
DERIV 1
-0.06392786120670757022
-2.4838752330396897541e-18
0
0
DERIV 2
0.03196393060335378511
1.2419376165198448771e-18
0
0
DERIV 3
-0.010654643534451262860
7.425031118112564052e-19
0
0
DERIV 4
0.002663660883612815715
-1.8562577795281410129e-19
0
0
DERIV 5
-0.0005327321767225630779
-2.792697475856744819e-20
0
0
DERIV 6
8.878869612042718869e-5
-4.380522310951295836e-21
0
0
DERIV 7
-1.2684099445775311944e-5
-1.0023933893921514939e-22
0
0
DERIV 8
1.5855124307219139930e-6
1.2529917367401893674e-23
0
0
DERIV 9
-1.7616804785799043484e-7
-1.0215472908054727339e-23
0
0
DERIV 10
1.7616804785799044808e-8
-3.019416892793714816e-25
0
0
DERIV 11
-1.6015277077999130703e-9
-6.654855240108300914e-26
0
0
DERIV 12
1.3346064231665943976e-10
-1.1687216728097825798e-26
0
0
DERIV 13
-1.0266203255127648467e-11
1.5336107113400251795e-28
0
0
DERIV 14
7.333002325091177765e-13
-3.980413247194004177e-29
0
0
DERIV 15
-4.888668216727451380e-14
-1.9743751458339333975e-30
0
0
DERIV 16
3.0554176354546571127e-15
1.2339844661462083734e-31
0
0
DERIV 17
-1.7973044914439160792e-16
5.792275469340514426e-33
0
0
DERIV 18
9.985024952466200611e-18
-4.929868544644495059e-34
0
0
DERIV 19
-5.255276290771684735e-19
4.621962333378403758e-35
0
0
DERIV 20
2.6276381453858421869e-20
-5.054218438261682332e-37
0
0
DERIV 21
-1.2512562597075438896e-21
1.5111559414028679699e-38
0
0
DERIV 22
5.687528453216109016e-23
-4.961413976355076320e-39
0
0
DERIV 23
-2.4728384579200471269e-24
-5.579998966905765107e-41
0
0
DERIV 24
1.0303493574666863411e-25
-1.5014794370388981412e-42
0
0
DERIV 25
-4.121397429866744991e-27
-3.1302252566028336176e-43
0
0
DERIV 26
1.5851528576410559557e-28
-6.932097453155855566e-45
0
0
DERIV 27
-5.870936509781688517e-30
4.914457762431803993e-47
0
0
DERIV 28
2.096763039207745774e-31
1.0756429944888794197e-47
0
0
DERIV 29
-7.230217376578433467e-33
-6.068519863008556836e-49
0
0
DERIV 30
2.410072458859478164e-34
-1.3982988745818248152e-50
0
0
DERIV 31
-7.774427286643478122e-36
6.235005860000851314e-52
0
0
DERIV 32
2.429508527076086913e-37
-1.9484393312502660356e-53
0
0
DERIV 33
-7.362147051745717246e-39
-8.186793571794916696e-56
0
0
DERIV 34
2.1653373681605052164e-40
-1.1986173511233535019e-56
0
0
DERIV 35
-6.186678194744300181e-42
-9.450025244680020908e-59
0
0
AT 45/16
0.06005466789530794491
-1.9526408607241041762e-18
0
0
DERIV 1
-0.06005466789530794491
1.9526408607241041762e-18
0
0
DERIV 2
0.030027333947653972457
-9.763204303620520881e-19
0
0
DERIV 3
-0.010009111315884656329
-8.310421738638540657e-19
0
0
DERIV 4
0.002502277828971164082
2.0776054346596351642e-19
0
0
DERIV 5
-0.0005004555657942328815
2.3500021655937563961e-20
0
0
DERIV 6
8.340926096570548025e-5
-3.916670275989593743e-21
0
0
DERIV 7
-1.1915608709386496937e-5
3.175149116401419201e-22
0
0
DERIV 8
1.4894510886733121171e-6
-3.968936395501774001e-23
0
0
DERIV 9
-1.6549456540814578785e-7
1.4688427059245390939e-24
0
0
DERIV 10
1.6549456540814580108e-8
-1.4703732506772982627e-24
0
0
DERIV 11
-1.5044960491649616964e-9
2.0733798826817963203e-27
0
0
DERIV 12
1.2537467076374681665e-10
-8.789246370984187345e-27
0
0
DERIV 13
-9.644205443365138624e-12
-4.423875256961154819e-28
0
0
DERIV 14
6.888718173832242019e-13
1.7174223854252605070e-29
0
0
DERIV 15
-4.592478782554828054e-14
-7.242224408323008077e-31
0
0
DERIV 16
2.8702992390967675340e-15
4.526390255201880048e-32
0
0
DERIV 17
-1.6884113171157456227e-16
-1.2124705449330693828e-33
0
0
DERIV 18
9.380062872865253117e-18
4.097470203873458030e-34
0
0
DERIV 19
-4.936875196244870163e-19
-1.1429159260453800441e-35
0
0
DERIV 20
2.4684375981224350815e-20
5.714579630226899719e-37
0
0
DERIV 21
-1.1754464752963976310e-21
-5.408072625797085301e-38
0
0
DERIV 22
5.342938524074535221e-23
-2.8849413101935405714e-39
0
0
DERIV 23
-2.3230167495976239451e-24
6.154666833329049036e-41
0
0
DERIV 24
9.679236456656766055e-26
1.2620344926958634897e-42
0
0
DERIV 25
-3.871694582662706824e-27
3.5129891598337699506e-43
0
0
DERIV 26
1.4891133010241179575e-28
-8.337471669545945428e-45
0
0
DERIV 27
-5.515234448237473657e-30
4.929553140451332671e-47
0
0
DERIV 28
1.9697265886562405292e-31
4.495242022717457659e-48
0
0
DERIV 29
-6.792160650538761059e-33
4.584372375053861302e-49
0
0
DERIV 30
2.264053550179587020e-34
-1.5281241250179535934e-50
0
0
DERIV 31
-7.303398548966408706e-36
-5.416753313202197122e-52
0
0
DERIV 32
2.282312046552002721e-37
1.6927354103756866006e-53
0
0
DERIV 33
-6.916097110763645399e-39
2.7799587176476461900e-55
0
0
DERIV 34
2.0341462090481311197e-40
-2.0171394147490365295e-56
0
0
DERIV 35
-5.811846311566088841e-42
5.034984882765268680e-58
0
0
AT 23/8
0.05641613950377735026
-1.9551660598182980802e-18
0
0
DERIV 1
-0.05641613950377735026
1.9551660598182980802e-18
0
0
DERIV 2
0.028208069751888675131
-9.775830299091490401e-19
0
0
DERIV 3
-0.009402689917296223887
-8.306213073481550496e-19
0
0
DERIV 4
0.002350672479324055972
2.0765532683703876239e-19
0
0
DERIV 5
-0.0004701344958648112160
-1.9847021917697664400e-20
0
0
DERIV 6
7.835574931080187386e-5
-1.2096720657399912004e-21
0
0
DERIV 7
-1.1193678472971695781e-5
-3.112085318967443080e-22
0
0
DERIV 8
1.3992098091214619727e-6
3.890106648709303850e-23
0
0
DERIV 9
-1.5546775656905133324e-7
-1.3812540983773503429e-24
0
0
DERIV 10
1.5546775656905133985e-8
-5.236190802046871423e-25
0
0
DERIV 11
-1.4133432415368303999e-9
8.520085331647281321e-26
0
0
DERIV 12
1.1777860346140251609e-10
1.0132858318482009270e-26
0
0
DERIV 13
-9.059892573954040569e-12
9.048089375126279553e-29
0
0
DERIV 14
6.471351838538600118e-13
2.2386849265849660631e-29
0
0
DERIV 15
-4.314234559025733454e-14
-1.0717308016054376641e-30
0
0
DERIV 16
2.6963965993910834089e-15
6.698317510033985401e-32
0
0
DERIV 17
-1.5861156467006372558e-16
-8.290522644988807401e-33
0
0
DERIV 18
8.811753592781319115e-18
-5.665780456182587200e-34
0
0
DERIV 19
-4.637765048832272509e-19
-4.113541660277928048e-35
0
0
DERIV 20
2.3188825244161363748e-20
8.530646148969417493e-37
0
0
DERIV 21
-1.1042297735314935745e-21
2.2070907524953349672e-38
0
0
DERIV 22
5.019226243324970580e-23
1.1340393867244614820e-39
0
0
DERIV 23
-2.1822722797065089317e-24
-6.527745092854027248e-41
0
0
DERIV 24
9.092801165443787215e-26
2.7198937886891781263e-42
0
0
DERIV 25
-3.637120466177515030e-27
3.469721119929414759e-44
0
0
DERIV 26
1.3988924869913519862e-28
-6.508533222095252844e-45
0
0
DERIV 27
-5.181083285153155504e-30
2.4105678600352789897e-46
0
0
DERIV 28
1.8503868875546983319e-31
-2.3533742129616344681e-48
0
0
DERIV 29
-6.380644439843786596e-33
-6.738591135211597176e-49
0
0
DERIV 30
2.126881479947929208e-34
-1.1749417838474779877e-50
0
0
DERIV 31
-6.860907999832029400e-36
7.724972106942242817e-53
0
0
DERIV 32
2.144033749947509188e-37
-2.4140537834194508802e-54
0
0
DERIV 33
-6.497071969537906629e-39
7.315314495210456444e-56
0
0
DERIV 34
1.9109035204523253831e-40
7.444472895524166859e-57
0
0
DERIV 35
-5.459724344149501604e-42
2.9709018597597998853e-58
0
0
AT 47/16
0.05299805840335580082
1.9551733720091543468e-18
0
0
DERIV 1
-0.05299805840335580082
-1.9551733720091543468e-18
0
0
DERIV 2
0.026499029201677900408
9.775866860045771734e-19
0
0
DERIV 3
-0.008833009733892633469
-3.258622286681923911e-19
0
0
DERIV 4
0.002208252433473158367
8.146555716704809778e-20
0
0
DERIV 5
-0.0004416504866946316735
-1.6293111433409617751e-20
0
0
DERIV 6
7.360841444910528795e-5
-6.319499531810933992e-21
0
0
DERIV 7
-1.0515487778443611354e-5
-3.072614201045813696e-22
0
0
DERIV 8
1.3144359723054514192e-6
3.840767751307267120e-23
0
0
DERIV 9
-1.4604844136727237109e-7
-1.3090779590907036770e-23
0
0
DERIV 10
1.4604844136727238432e-8
-1.4411020994140651621e-26
0
0
DERIV 11
-1.3277131033388398011e-9
-5.508858531096637131e-26
0
0
DERIV 12
1.1064275861156998342e-10
4.590715442580530943e-27
0
0
DERIV 13
-8.510981431659230613e-12
7.653514432656275405e-28
0
0
DERIV 14
6.079272451185164435e-13
-2.581818998517639338e-29
0
0
DERIV 15
-4.052848300790109245e-14
-2.0653196793824303237e-30
0
0
DERIV 16
2.5330301879938182779e-15
1.2908247996140189523e-31
0
0
DERIV 17
-1.4900177576434225164e-16
-7.593087056553052178e-33
0
0
DERIV 18
8.277876431352348340e-18
-6.053244671980228800e-34
0
0
DERIV 19
-4.356777069132814257e-19
-3.402789456072002403e-35
0
0
DERIV 20
2.1783885345664073693e-20
-7.060177024480436150e-37
0
0
DERIV 21
-1.0373278736030511730e-21
7.840062776694636640e-38
0
0
DERIV 22
4.715126698195686883e-23
-8.920868284469085336e-40
0
0
DERIV 23
-2.0500550861720378391e-24
1.0267194639020729992e-40
0
0
DERIV 24
8.541896192383490996e-26
-4.277997766258637922e-42
0
0
DERIV 25
-3.416758476953395882e-27
-3.4545475523835504498e-43
0
0
DERIV 26
1.3141378757513062292e-28
1.2139961242152320711e-45
0
0
DERIV 27
-4.867177317597430790e-30
2.6643683932346928247e-46
0
0
DERIV 28
1.7382776134276537284e-31
2.995992027061964107e-48
0
0
DERIV 29
-5.994060735957426650e-33
-1.0331006989868840961e-49
0
0
DERIV 30
1.998020245319142274e-34
-2.2582290515737366625e-51
0
0
DERIV 31
-6.445226597803684322e-36
-3.582449838350722895e-52
0
0
DERIV 32
2.014133311813651351e-37
1.1195155744846009047e-53
0
0
DERIV 33
-6.103434278223186386e-39
1.3532045388940755045e-55
0
0
DERIV 34
1.7951277288891723464e-40
8.015031628250006238e-57
0
0
DERIV 35
-5.128936368254778169e-42
-1.9258737426697270772e-58
0
0
AT 3
0.04978706836786394446
-1.4831389691394365384e-18
0
0
DERIV 1
-0.04978706836786394446
1.4831389691394365384e-18
0
0
DERIV 2
0.024893534183931972231
-7.415694845697182692e-19
0
0
DERIV 3
-0.008297844727977324655
8.254309868488418200e-19
0
0
DERIV 4
0.002074461181994331164
-2.0635774671221045499e-19
0
0
DERIV 5
-0.0004148922363988661786
-1.2938559281833131604e-20
0
0
DERIV 6
6.914870606647770094e-5
-2.3610825050507466663e-21
0
0
DERIV 7
-9.878386580925385365e-6
-1.4672132628092211871e-22
0
0
DERIV 8
1.2347983226156731706e-6
1.8340165785115264839e-23
0
0
DERIV 9
-1.3719981362396369151e-7
3.844377046475389676e-24
0
0
DERIV 10
1.3719981362396368158e-8
6.081790304160942238e-25
0
0
DERIV 11
-1.2472710329451244720e-9
3.870879411592639255e-26
0
0
DERIV 12
1.0393925274542703072e-10
5.390731871100172234e-27
0
0
DERIV 13
-7.995327134263617872e-12
-2.903957490159646232e-28
0
0
DERIV 14
5.710947953045441770e-13
-2.2532101870983747958e-29
0
0
DERIV 15
-3.807298635363627889e-14
1.9228659408501228034e-30
0
0
DERIV 16
2.3795616471022674304e-15
-1.2017912130313267521e-31
0
0
DERIV 17
-1.3997421453542747705e-16
-1.1782095378994316006e-32
0
0
DERIV 18
7.776345251968193170e-18
6.545608543885731400e-34
0
0
DERIV 19
-4.092813290509575555e-19
-1.4177624500585575224e-35
0
0
DERIV 20
2.0464066452547877174e-20
1.3107343326502900655e-36
0
0
DERIV 21
-9.744793548832323807e-22
7.192629092015237974e-38
0
0
DERIV 22
4.429451613105601356e-23
4.708324380639883055e-40
0
0
DERIV 23
-1.9258485274372181727e-24
1.7118571206606911591e-40
0
0
DERIV 24
8.024368864321741621e-26
5.202200104130541751e-43
0
0
DERIV 25
-3.2097475457286964906e-27
-1.7865105943806956187e-43
0
0
DERIV 26
1.2345182868187293850e-28
1.0320544659802225265e-44
0
0
DERIV 27
-4.572289951180479281e-30
-3.0439248012277775795e-46
0
0
DERIV 28
1.6329606968501713283e-31
-4.768331784954556051e-48
0
0
DERIV 29
-5.630898954655762800e-33
-2.3667380115057515307e-49
0
0
DERIV 30
1.8769663182185877141e-34
-3.514669391374196479e-51
0
0
DERIV 31
-6.054730058769637313e-36
-3.608237585204154582e-52
0
0
DERIV 32
1.892103143365511660e-37
1.1275742453762983068e-53
0
0
DERIV 33
-5.733645888986399208e-39
-1.0440536642923497019e-55
0
0
DERIV 34
1.6863664379371762496e-40
1.8712415736542409548e-57
0
0
DERIV 35
-4.818189822677646737e-42
2.5605095491561239995e-58
0
0
AT 49/16
0.04677062238395898047
3.1802654895671887931e-18
0
0
DERIV 1
-0.04677062238395898047
-3.1802654895671887931e-18
0
0
DERIV 2
0.023385311191979490236
1.5901327447835943965e-18
0
0
DERIV 3
-0.007795103730659830657
4.819691039773758000e-20
0
0
DERIV 4
0.0019487759326649576642
-1.2049227599434395001e-20
0
0
DERIV 5
-0.0003897551865329915112
-1.9274197929823209981e-20
0
0
DERIV 6
6.495919775549859423e-5
-5.822651782408668871e-21
0
0
DERIV 7
-9.279885393642656318e-6
8.318073974869526958e-22
0
0
DERIV 8
1.1599856742053320398e-6
-1.0397592468586908698e-22
0
0
DERIV 9
-1.2888729713392578220e-7
1.1552880520652120612e-23
0
0
DERIV 10
1.2888729713392577227e-8
-1.6267131700157881920e-25
0
0
DERIV 11
-1.1717027012175069079e-9
-9.800905471163296897e-26
0
0
DERIV 12
9.764189176812558858e-11
-4.757275845171643100e-27
0
0
DERIV 13
-7.510914751394275796e-12
1.1739242902972144709e-28
0
0
DERIV 14
5.364939108138768426e-13
-8.385173502122960106e-30
0
0
DERIV 15
-3.576626072092512536e-14
3.0833664635154351177e-30
0
0
DERIV 16
2.2353912950578203352e-15
-1.9271040396971469486e-31
0
0
DERIV 17
-1.3149360559163646855e-16
-1.0415773256037328841e-32
0
0
DERIV 18
7.305200310646471331e-18
-2.773147943922532451e-34
0
0
DERIV 19
-3.844842268761300498e-19
-5.677431288694417838e-36
0
0
DERIV 20
1.9224211343806501286e-20
1.4875777796767432332e-36
0
0
DERIV 21
-9.154386354193572220e-22
-5.292474225779101148e-38
0
0
DERIV 22
4.161084706451623897e-23
8.027232605964721909e-40
0
0
DERIV 23
-1.8091672636746192133e-24
9.287011375909768355e-41
0
0
DERIV 24
7.538196931977580055e-26
-3.869588073295736178e-42
0
0
DERIV 25
-3.0152787727910317925e-27
-7.480521746314857184e-44
0
0
DERIV 26
1.1597226049196277332e-28
-9.195601482523478446e-45
0
0
DERIV 27
-4.295268907109732060e-30
5.512814550877722703e-47
0
0
DERIV 28
1.5340246096820471642e-31
-1.9688623395991865493e-48
0
0
DERIV 29
-5.289740033386369438e-33
-2.648443874259385016e-50
0
0
DERIV 30
1.7632466777954564934e-34
-5.426598872960426182e-52
0
0
DERIV 31
-5.687892509017601678e-36
1.0372337410929801571e-52
0
0
DERIV 32
1.7774664090680005243e-37
-3.241355440915562991e-54
0
0
DERIV 33
-5.386261845660607847e-39
2.9595939117921477765e-55
0
0
DERIV 34
1.5841946604884140847e-40
-9.904192473653103787e-57
0
0
DERIV 35
-4.526270458538325774e-42
1.0090928083209414431e-58
0
0
AT 25/8
0.04393693362340742037
-3.0416753225184860955e-18
0
0
DERIV 1
-0.04393693362340742037
3.0416753225184860955e-18
0
0
DERIV 2
0.021968466811703710184
-1.5208376612592430477e-18
0
0
DERIV 3
-0.007322822270567902816
-7.129527157252134889e-20
0
0
DERIV 4
0.0018307055676419757041
1.7823817893130337222e-20
0
0
DERIV 5
-0.0003661411135283951300
-1.4406785303481112386e-20
0
0
DERIV 6
6.102351892139919285e-5
-2.1163781681094165360e-21
0
0
DERIV 7
-8.717645560199883967e-6
-4.236885022023407989e-22
0
0
DERIV 8
1.0897056950249854958e-6
5.296106277529259986e-23
0
0
DERIV 9
-1.2107841055833171882e-7
-8.825649152998831065e-24
0
0
DERIV 10
1.2107841055833173205e-8
-4.409240647849611182e-25
0
0
DERIV 11
-1.1007128232575610877e-9
-7.271335036768912361e-26
0
0
DERIV 12
9.172606860479675731e-11
6.059445863974093634e-27
0
0
DERIV 13
-7.055851431138212970e-12
4.038203133287947357e-28
0
0
DERIV 14
5.039893879384437980e-13
-4.326919321895526842e-29
0
0
DERIV 15
-3.359929252922958233e-14
-1.3226452799150452194e-30
0
0
DERIV 16
2.0999557830768488955e-15
8.266532999469032621e-32
0
0
DERIV 17
-1.2352681076922641867e-16
8.188341152865838369e-33
0
0
DERIV 18
6.862600598290355993e-18
1.4427036309459348614e-34
0
0
DERIV 19
-3.611895051731766515e-19
1.2679769778044931184e-35
0
0
DERIV 20
1.8059475258658833177e-20
-1.2358415965232578301e-36
0
0
DERIV 21
-8.599750123170872673e-22
3.198115752993141632e-38
0
0
DERIV 22
3.908977328714032819e-23
6.835734774072765602e-40
0
0
DERIV 23
-1.6995553603104490519e-24
-2.972058597422941610e-41
0
0
DERIV 24
7.081480667960204766e-26
-2.5881212576567416898e-42
0
0
DERIV 25
-2.8325922671840817914e-27
-1.1269519891219353033e-44
0
0
DERIV 26
1.0894585643015698508e-28
7.332143204799843678e-45
0
0
DERIV 27
-4.035031719635443970e-30
-1.9371094475231919647e-46
0
0
DERIV 28
1.4410827570126585293e-31
1.0046146384736437458e-47
0
0
DERIV 29
-4.969250886250547101e-33
1.0186831603972420669e-49
0
0
DERIV 30
1.6564169620835157717e-34
-1.0522983094903328059e-50
0
0
DERIV 31
-5.343280522850050531e-36
-5.421798240821100534e-54
0
0
DERIV 32
1.6697751633906407911e-37
1.6943119502565939168e-55
0
0
DERIV 33
-5.059924737547396416e-39
7.396032097496213693e-56
0
0
DERIV 34
1.4882131581021754524e-40
-5.773817051468660270e-57
0
0
DERIV 35
-4.252037594577643858e-42
-1.2634203370797239503e-58
0
0
AT 51/16
0.04127492938579754855
-1.4990457653359019305e-19
0
0
DERIV 1
-0.04127492938579754855
1.4990457653359019305e-19
0
0
DERIV 2
0.020637464692898774277
-7.495228826679509652e-20
0
0
DERIV 3
-0.006879154897632924759
2.4984096088931697838e-20
0
0
DERIV 4
0.0017197887244082311897
-6.246024022232924460e-21
0
0
DERIV 5
-0.0003439577448816462596
2.2933248254156673422e-20
0
0
DERIV 6
5.732629081360770542e-5
6.953010096634895401e-22
0
0
DERIV 7
-8.189470116229672687e-6
3.846901113362445586e-22
0
0
DERIV 8
1.0236837645287090859e-6
-4.808626391703056983e-23
0
0
DERIV 9
-1.1374264050318989402e-7
9.312882793872488031e-25
0
0
DERIV 10
1.1374264050318989402e-8
-9.312882793872488031e-26
0
0
DERIV 11
-1.0340240045744534880e-9
-8.553153979568724875e-26
0
0
DERIV 12
8.616866704787113692e-11
-5.797068754833786930e-27
0
0
DERIV 13
-6.628359003682394899e-12
1.9737649900373250577e-28
0
0
DERIV 14
4.734542145487424784e-13
3.265637666318942239e-31
0
0
DERIV 15
-3.156361430324949730e-14
-1.2839483661290784656e-30
0
0
DERIV 16
1.9727258939530935811e-15
8.024677288306740410e-32
0
0
DERIV 17
-1.1604269964429962532e-16
-1.8201744886325980558e-33
0
0
DERIV 18
6.446816646905534911e-18
-7.007296791038772870e-35
0
0
DERIV 19
-3.393061393108176370e-19
1.3824524334163754916e-35
0
0
DERIV 20
1.6965306965540882453e-20
-1.2930793243291988831e-36
0
0
DERIV 21
-8.078717602638515051e-22
2.1272542463673899170e-38
0
0
DERIV 22
3.672144364835688286e-23
2.7732755497221010512e-39
0
0
DERIV 23
-1.5965845064502992945e-24
-8.064872122357343996e-41
0
0
DERIV 24
6.652435443542913727e-26
3.360363384315559786e-42
0
0
DERIV 25
-2.6609741774171656774e-27
5.212631619829724749e-44
0
0
DERIV 26
1.0234516066989098242e-28
3.169166783726353560e-45
0
0
DERIV 27
-3.790561506292258660e-30
-6.547660442227912167e-47
0
0
DERIV 28
1.3537719665329495527e-31
-7.894481999293551444e-49
0
0
DERIV 29
-4.668179194941205448e-33
1.2159859527806080332e-49
0
0
DERIV 30
1.5560597316470684401e-34
2.2313702687881936989e-52
0
0
DERIV 31
-5.019547521442156538e-36
2.7301123486841342288e-52
0
0
DERIV 32
1.5686086004506739183e-37
-8.531601089637919465e-54
0
0
DERIV 33
-4.753359395305072183e-39
-3.807138219272323883e-56
0
0
DERIV 34
1.3980468809720801258e-40
-6.077280451682982863e-57
0
0
DERIV 35
-3.994419659920228894e-42
1.3722305493648632405e-58
0
0
AT 13/4
0.03877420783172200874
1.1433418851841824278e-18
0
0
DERIV 1
-0.03877420783172200874
-1.1433418851841824278e-18
0
0
DERIV 2
0.019387103915861004372
5.716709425920912139e-19
0
0
DERIV 3
-0.006462367971953668702
3.876841777949052775e-19
0
0
DERIV 4
0.0016155919929884171755
-9.692104444872631937e-20
0
0
DERIV 5
-0.0003231183985976834026
-1.3141856284819868244e-20
0
0
DERIV 6
5.385306643294723828e-5
-2.3271996712196236423e-21
0
0
DERIV 7
-7.693295204706747842e-6
-1.5156173111393966336e-22
0
0
DERIV 8
9.616619005883434802e-7
1.8945216389242457920e-23
0
0
DERIV 9
-1.0685132228759371708e-7
-5.046110665659926812e-24
0
0
DERIV 10
1.0685132228759372701e-8
-4.880056684976405102e-25
0
0
DERIV 11
-9.713756571599428976e-10
-3.083408582321701340e-26
0
0
DERIV 12
8.094797142999525009e-11
-6.046957562159286924e-27
0
0
DERIV 13
-6.226767033076557202e-12
-3.195315180086474069e-29
0
0
DERIV 14
4.447690737911826717e-13
-1.2142517138265305421e-29
0
0
DERIV 15
-2.965127158607884226e-14
-1.7148537541562172992e-30
0
0
DERIV 16
1.8532044741299276410e-15
1.0717835963476358120e-31
0
0
DERIV 17
-1.0901202788999574794e-16
-1.9542735158996313123e-33
0
0
DERIV 18
6.056223771666430441e-18
1.0857075088331283405e-34
0
0
DERIV 19
-3.187486195613910682e-19
-1.3316605090123975740e-35
0
0
DERIV 20
1.5937430978069553412e-20
6.658302545061988037e-37
0
0
DERIV 21
-7.589252846699787742e-22
8.596460861230868130e-39
0
0
DERIV 22
3.449660384863539669e-23
1.7465142350754833406e-39
0
0
DERIV 23
-1.4998523412450172394e-24
-8.392109684310720801e-41
0
0
DERIV 24
6.249384755187572213e-26
-3.2976663812016698730e-43
0
0
DERIV 25
-2.4997539020750287993e-27
-7.290511212331008135e-44
0
0
DERIV 26
9.614438084903956834e-29
3.666380290481044307e-45
0
0
DERIV 27
-3.560902994408873317e-30
2.7940768237472193412e-46
0
0
DERIV 28
1.2717510694317403764e-31
-5.951507254935261574e-49
0
0
DERIV 29
-4.385348515281863060e-33
-2.8620035274804485390e-49
0
0
DERIV 30
1.4617828384272878721e-34
-8.991156898371060638e-51
0
0
DERIV 31
-4.715428511055767049e-36
9.828115824884685719e-54
0
0
DERIV 32
1.4735714097049272028e-37
-3.0712861952764642871e-55
0
0
DERIV 33
-4.465367908196749258e-39
1.6749612708868080696e-55
0
0
DERIV 34
1.3133435024108085212e-40
3.470174805478078045e-57
0
0
DERIV 35
-3.752410006888024292e-42
-1.5376814568105774661e-58
0
0
AT 53/16
0.03642499733736423440
-1.1577255318892310913e-18
0
0
DERIV 1
-0.03642499733736423440
1.1577255318892310913e-18
0
0
DERIV 2
0.018212498668682117198
-5.788627659446155456e-19
0
0
DERIV 3
-0.006070832889560705443
-9.616632401459599250e-20
0
0
DERIV 4
0.0015177082223901763609
2.4041581003648998124e-20
0
0
DERIV 5
-0.0003035416444780352830
6.033705524125244414e-21
0
0
DERIV 6
5.059027407967254717e-5
-1.0056175873542074651e-21
0
0
DERIV 7
-7.227182011381792574e-6
2.646643620869296796e-22
0
0
DERIV 8
9.033977514227240717e-7
-3.308304526086620995e-23
0
0
DERIV 9
-1.0037752793585822725e-7
7.348072954632583124e-25
0
0
DERIV 10
1.0037752793585822394e-8
2.573915154748852479e-25
0
0
DERIV 11
-9.125229812350747537e-10
-3.279900836763761132e-26
0
0
DERIV 12
7.604358176958956712e-11
-1.5749816597438850431e-27
0
0
DERIV 13
-5.849506289968428178e-12
5.901446867673608031e-29
0
0
DERIV 14
4.178218778548877198e-13
2.9971233708252454064e-30
0
0
DERIV 15
-2.7854791856992516333e-14
1.4830950397498088245e-30
0
0
DERIV 16
1.7409244910620322708e-15
-9.269343998436305153e-32
0
0
DERIV 17
-1.0240732300364894551e-16
-6.148340371817052730e-33
0
0
DERIV 18
5.689295722424941417e-18
3.415744651009473691e-34
0
0
DERIV 19
-2.994366169697337968e-19
2.0034171791803477251e-35
0
0
DERIV 20
1.4971830848486687433e-20
1.4057038408938709538e-36
0
0
DERIV 21
-7.129443261184137992e-22
4.501356479765257116e-38
0
0
DERIV 22
3.240656027810971601e-23
9.119132887449666981e-41
0
0
DERIV 23
-1.4089808816569440945e-24
-8.382179356670960262e-41
0
0
DERIV 24
5.870753673570600394e-26
3.492574731946233230e-42
0
0
DERIV 25
-2.3483014694282404444e-27
1.4728293621587320374e-43
0
0
DERIV 26
9.031928728570154779e-29
2.0963093325730946901e-45
0
0
DERIV 27
-3.345158788359316611e-30
-5.169111483002541061e-47
0
0
DERIV 28
1.1946995672711845665e-31
-4.409685471806311371e-48
0
0
DERIV 29
-4.119653680245463574e-33
-2.9622903717524580571e-49
0
0
DERIV 30
1.3732178934151546672e-34
-4.380443881316850041e-51
0
0
DERIV 31
-4.429735140048886109e-36
2.2752285778738858970e-52
0
0
DERIV 32
1.3842922312652769092e-37
-7.110089305855893428e-54
0
0
DERIV 33
-4.194824943228111332e-39
-2.9865764578606882786e-55
0
0
DERIV 34
1.2337720421259151576e-40
2.786525916503379883e-57
0
0
DERIV 35
-3.525062977502614900e-42
8.424585610209851871e-59
0
0
AT 27/8
0.03421811831166603202
2.6820724846257027189e-18
0
0
DERIV 1
-0.03421811831166603202
-2.6820724846257027189e-18
0
0
DERIV 2
0.017109059155833016008
1.3410362423128513595e-18
0
0
DERIV 3
-0.005703019718611005914
1.3122907788798526906e-19
0
0
DERIV 4
0.0014257549296527514786
-3.280726947199631726e-20
0
0
DERIV 5
-0.0002851509859305502740
-1.5122589555310826431e-20
0
0
DERIV 6
4.752516432175837901e-5
2.5204315925518042798e-21
0
0
DERIV 7
-6.789309188822625935e-6
2.9524641730138329621e-24
0
0
DERIV 8
8.486636486028282419e-7
-3.690580216267291203e-25
0
0
DERIV 9
-9.429596095586979877e-8
-5.841166797974115633e-24
0
0
DERIV 10
9.429596095586980870e-9
-4.085000552662216098e-25
0
0
DERIV 11
-8.572360086897254772e-10
-1.9262309468049920044e-26
0
0
DERIV 12
7.143633405747712741e-11
-2.7030399013761925892e-27
0
0
DERIV 13
-5.495102619805932381e-12
-2.891775872457181769e-28
0
0
DERIV 14
3.925073299861380344e-13
1.3443099384102046359e-29
0
0
DERIV 15
-2.6167155332409203135e-14
-5.475499337105723194e-32
0
0
DERIV 16
1.6354472082755751959e-15
3.422187085691076997e-33
0
0
DERIV 17
-9.620277695738677986e-17
3.423974772629439590e-33
0
0
DERIV 18
5.344598719854820932e-18
-1.9027047867214559476e-35
0
0
DERIV 19
-2.812946694660431892e-19
-1.6737404863186931796e-35
0
0
DERIV 20
1.4064733473302159460e-20
8.368702431593466566e-37
0
0
DERIV 21
-6.697492130143885413e-22
-4.432903767738712256e-38
0
0
DERIV 22
3.044314604610857166e-23
4.120094160326590654e-40
0
0
DERIV 23
-1.3236150454829813126e-24
-8.179901541567471922e-41
0
0
DERIV 24
5.515062689512422136e-26
3.408292308986446422e-42
0
0
DERIV 25
-2.2060250758049689835e-27
-7.188025887282717911e-45
0
0
DERIV 26
8.484711830019111389e-29
1.1388000506338381650e-45
0
0
DERIV 27
-3.1424858629700411903e-30
-1.0705270855703183275e-46
0
0
DERIV 28
1.1223163796321576305e-31
-2.4324856958417963816e-48
0
0
DERIV 29
-3.870056481490198301e-33
-3.4081427890562210358e-49
0
0
DERIV 30
1.2900188271633994622e-34
8.509526939422394763e-51
0
0
DERIV 31
-4.161351055365804889e-36
-1.0206443610445171710e-52
0
0
DERIV 32
1.3004222048018140279e-37
3.189513628264116159e-54
0
0
DERIV 33
-3.940673347884284775e-39
-2.5484112735342231066e-55
0
0
DERIV 34
1.1590215729071425689e-40
8.694831772894502882e-57
0
0
DERIV 35
-3.311490208306122099e-42
2.2495211722522860334e-58
0
0
AT 55/16
0.03214494732687606798
2.6873065639203512973e-18
0
0
DERIV 1
-0.03214494732687606798
-2.6873065639203512973e-18
0
0
DERIV 2
0.016072473663438033992
1.3436532819601756487e-18
0
0
DERIV 3
-0.005357491221146011909
1.3035673133887715661e-19
0
0
DERIV 4
0.0013393728052865029772
-3.258918283471928915e-20
0
0
DERIV 5
-0.0002678745610573005846
-4.324185157911186209e-21
0
0
DERIV 6
4.464576017621676410e-5
7.206975263185310975e-22
0
0
DERIV 7
-6.377965739459537487e-6
-3.449662029753045125e-22
0
0
DERIV 8
7.972457174324421858e-7
4.312077537191306406e-23
0
0
DERIV 9
-8.858285749249358650e-8
5.502605914891781561e-24
0
0
DERIV 10
8.858285749249358319e-9
-2.193883464679670862e-25
0
0
DERIV 11
-8.052987044772143268e-10
-4.585406268326655930e-26
0
0
DERIV 12
6.710822537310120252e-11
-4.795292823821824766e-27
0
0
DERIV 13
-5.162171182546246223e-12
2.445927453791686710e-28
0
0
DERIV 14
3.687265130390175657e-13
4.166417301835703748e-30
0
0
DERIV 15
-2.4581767535934505855e-14
1.1947792029568418220e-30
0
0
DERIV 16
1.5363604709959066159e-15
-7.467370018480261387e-32
0
0
DERIV 17
-9.037414535270038410e-17
-6.828212543379737277e-34
0
0
DERIV 18
5.020785852927799031e-18
1.2353140054709790692e-34
0
0
DERIV 19
-2.642518869961999465e-19
-9.035771008251516805e-36
0
0
DERIV 20
1.3212594349809998527e-20
-7.519176648294465846e-37
0
0
DERIV 21
-6.291711595147617585e-22
-4.032165010899354162e-38
0
0
DERIV 22
2.859868906885281041e-23
-1.3730914063792594788e-39
0
0
DERIV 23
-1.2434212638631655741e-24
-3.612871745271868020e-41
0
0
DERIV 24
5.180921932763189510e-26
5.331842233779579036e-42
0
0
DERIV 25
-2.0723687731052759043e-27
-1.1282861542838027538e-43
0
0
DERIV 26
7.970649127327984420e-29
2.6148870988456199434e-45
0
0
DERIV 27
-2.9520922693807349962e-30
-7.089769876604487020e-47
0
0
DERIV 28
1.0543186676359768156e-31
-5.958376876520069610e-49
0
0
DERIV 29
-3.635581612537851324e-33
2.5648673605131128825e-49
0
0
DERIV 30
1.2118605375126169798e-34
4.279712740065495804e-51
0
0
DERIV 31
-3.909227540363280731e-36
1.2826629115995057681e-53
0
0
DERIV 32
1.2216336063635252284e-37
-4.008321598748455525e-55
0
0
DERIV 33
-3.701920019283409922e-39
1.5056197840829735299e-55
0
0
DERIV 34
1.0888000056715910694e-40
3.968238001959943672e-57
0
0
DERIV 35
-3.110857159061689061e-42
1.7793000655107857492e-58
0
0
AT 7/2
0.030197383422318500867
-1.2760102183793105904e-19
0
0
DERIV 1
-0.030197383422318500867
1.2760102183793105904e-19
0
0
DERIV 2
0.015098691711159250434
-6.380051091896552952e-20
0
0
DERIV 3
-0.005032897237053083478
2.1266836972988509841e-20
0
0
DERIV 4
0.0012582243092632708695
-5.316709243247127460e-21
0
0
DERIV 5
-0.0002516448618526541631
-9.778679876205618848e-21
0
0
DERIV 6
4.194081030877569384e-5
1.6297799793676032040e-21
0
0
DERIV 7
-5.991544329825099362e-6
9.183702162999648184e-24
0
0
DERIV 8
7.489430412281374203e-7
-1.1479627703749560230e-24
0
0
DERIV 9
-8.321589346979305111e-8
4.539181352546698085e-24
0
0
DERIV 10
8.321589346979304118e-9
5.386985998089633830e-25
0
0
DERIV 11
-7.565081224526640390e-10
-2.0773260918325274479e-26
0
0
DERIV 12
6.304234353772200325e-11
1.7311050765271060870e-27
0
0
DERIV 13
-4.849411041363230957e-12
-1.9529989565180170065e-28
0
0
DERIV 14
3.463865029545165330e-13
-2.2112220263546131286e-29
0
0
DERIV 15
-2.3092433530301100095e-14
-6.294810630196226645e-31
0
0
DERIV 16
1.4432770956438187559e-15
3.934256643872641653e-32
0
0
DERIV 17
-8.489865268493052231e-17
4.936291176591569459e-33
0
0
DERIV 18
4.716591815829473205e-18
-1.7447739447900177652e-35
0
0
DERIV 19
-2.482416745173406924e-19
-1.6158162716726694743e-36
0
0
DERIV 20
1.2412083725867034923e-20
-2.201357402268721534e-37
0
0
DERIV 21
-5.910516059936683118e-22
-7.429640573155232156e-39
0
0
DERIV 22
2.686598209062128636e-23
8.720265491535503437e-40
0
0
DERIV 23
-1.1680861778530995349e-24
8.985692730009428383e-41
0
0
DERIV 24
4.867025741054580822e-26
1.9956798723705224418e-42
0
0
DERIV 25
-1.9468102964218324864e-27
7.801506412672650436e-44
0
0
DERIV 26
7.487731909314740074e-29
-4.135668399667415617e-46
0
0
DERIV 27
-2.7732340404869405994e-30
-1.5335752478107088732e-46
0
0
DERIV 28
9.904407287453360222e-32
-3.906640617136868512e-48
0
0
DERIV 29
-3.415312857742537724e-33
-1.4841698525056401900e-49
0
0
DERIV 30
1.1384376192475125891e-34
3.521758329636296645e-51
0
0
DERIV 31
-3.672379416927459792e-36
-2.8604154031679638267e-52
0
0
DERIV 32
1.1476185677898311851e-37
8.938798134899886958e-54
0
0
DERIV 33
-3.477632023605549402e-39
8.505302749992295667e-56
0
0
DERIV 34
1.0228329481192792958e-40
-8.499082121319907098e-57
0
0
DERIV 35
-2.922379851769369471e-42
2.9745121184796714408e-58
0
0
AT 57/16
0.028367816449713100652
1.4858212592777715830e-18
0
0
DERIV 1
-0.028367816449713100652
-1.4858212592777715830e-18
0
0
DERIV 2
0.014183908224856550326
7.429106296388857915e-19
0
0
DERIV 3
-0.004727969408285516775
-2.476368765462952478e-19
0
0
DERIV 4
0.0011819923520713791938
6.190921913657381194e-20
0
0
DERIV 5
-0.00023639847041427586045
9.302199622395325689e-21
0
0
DERIV 6
3.939974506904597674e-5
-1.5503666037325542816e-21
0
0
DERIV 7
-5.628535009863710842e-6
1.0047623663975055650e-22
0
0
DERIV 8
7.035668762329638553e-7
-1.2559529579968819562e-23
0
0
DERIV 9
-7.817409735921820614e-8
1.3955032866632021123e-24
0
0
DERIV 10
7.817409735921819952e-9
5.221941613761019287e-25
0
0
DERIV 11
-7.106736123565291430e-10
8.926481639878985100e-27
0
0
DERIV 12
5.922280102971076191e-11
-7.438734699899153353e-28
0
0
DERIV 13
-4.555600079208520209e-12
1.1935900284124856763e-28
0
0
DERIV 14
3.254000056577514147e-13
2.0324127187993534053e-29
0
0
DERIV 15
-2.1693333710516761820e-14
-5.134901802971563561e-31
0
0
DERIV 16
1.3558333569072976137e-15
3.209313626857227226e-32
0
0
DERIV 17
-7.975490334748809275e-17
-4.062999482400423486e-33
0
0
DERIV 18
4.430827963749339000e-18
-2.878591250365727100e-34
0
0
DERIV 19
-2.332014717762809797e-19
-5.122466517940761121e-36
0
0
DERIV 20
1.1660073588814049286e-20
-4.480322791346753553e-38
0
0
DERIV 21
-5.552415994673356848e-22
6.611560760916692260e-39
0
0
DERIV 22
2.5238254521242530860e-23
-3.336768212751157126e-41
0
0
DERIV 23
-1.0973154139670665192e-24
-3.847770780227828609e-41
0
0
DERIV 24
4.572147558196110497e-26
1.6032378250949285870e-42
0
0
DERIV 25
-1.8288590232784441269e-27
-1.3587599437722777990e-43
0
0
DERIV 26
7.034073166455554334e-29
5.225999783739529709e-45
0
0
DERIV 27
-2.6052122838724276220e-30
-1.0273064708041110788e-46
0
0
DERIV 28
9.304329585258670079e-32
3.668951681443253853e-48
0
0
DERIV 29
-3.208389512158162261e-33
3.864285100144692274e-50
0
0
DERIV 30
1.0694631707193874774e-34
-6.989993081578247503e-51
0
0
DERIV 31
-3.449881195868991863e-36
2.2548364779284669605e-52
0
0
DERIV 32
1.0780878737090599571e-37
-7.046363993526459252e-54
0
0
DERIV 33
-3.266932950633514507e-39
-3.0058871585665768632e-55
0
0
DERIV 34
9.608626325392691287e-41
-6.752713887300659616e-57
0
0
DERIV 35
-2.7453218072550546079e-42
1.4741777074766306279e-58
0
0
AT 29/8
0.026649097336355485194
8.935669258339581092e-19
0
0
DERIV 1
-0.026649097336355485194
-8.935669258339581092e-19
0
0
DERIV 2
0.013324548668177742597
4.467834629169790546e-19
0
0
DERIV 3
-0.004441516222725914488
1.4019275835714149753e-19
0
0
DERIV 4
0.0011103790556814786220
-3.504818958928537438e-20
0
0
DERIV 5
-0.00022207581113629570814
-9.253394669425491332e-21
0
0
DERIV 6
3.701263518938262254e-5
-2.9752766071186867117e-21
0
0
DERIV 7
-5.287519312768945351e-6
-3.009887252010164814e-22
0
0
DERIV 8
6.609399140961181689e-7
3.762359065012706017e-23
0
0
DERIV 9
-7.343776823290202318e-8
2.312309724909185890e-25
0
0
DERIV 10
7.343776823290202649e-9
-3.539953422703029380e-25
0
0
DERIV 11
-6.676160748445638772e-10
3.218139475184572060e-26
0
0
DERIV 12
5.563467290371365212e-11
1.6264494610598757570e-27
0
0
DERIV 13
-4.279590223362588376e-12
-3.736633637573184460e-28
0
0
DERIV 14
3.056850159544706055e-13
1.9477797706359210037e-29
0
0
DERIV 15
-2.0379001063631373491e-14
-1.5088827551495504956e-30
0
0
DERIV 16
1.2736875664769608432e-15
9.430517219684690597e-32
0
0
DERIV 17
-7.492279802805652019e-17
-5.547363070402759577e-33
0
0
DERIV 18
4.162377668225362746e-18
-2.053944812586651446e-34
0
0
DERIV 19
-2.190725088539664578e-19
8.276117507841275944e-36
0
0
DERIV 20
1.0953625442698323190e-20
-7.147324292025693992e-37
0
0
DERIV 21
-5.216012115570630001e-22
2.507873014623825854e-38
0
0
DERIV 22
2.3709145979866498669e-23
1.9584675565086043502e-40
0
0
DERIV 23
-1.0308324339072391125e-24
3.141340025778485656e-41
0
0
DERIV 24
4.295135141280162969e-26
-1.3088916774077023568e-42
0
0
DERIV 25
-1.7180540565120651158e-27
-1.9390814277122542048e-44
0
0
DERIV 26
6.607900217354096340e-29
3.332813098642837170e-45
0
0
DERIV 27
-2.4473704508718877281e-30
7.118726453982322731e-47
0
0
DERIV 28
8.740608753113883961e-32
5.277343589676051777e-48
0
0
DERIV 29
-3.0140030183151324830e-33
-9.939815204942911272e-50
0
0
DERIV 30
1.0046676727717107992e-34
6.164220759079312130e-51
0
0
DERIV 31
-3.240863460553905976e-36
-2.640939802886842145e-53
0
0
DERIV 32
1.0127698314230956176e-37
8.252936884021381704e-55
0
0
DERIV 33
-3.068999489160896048e-39
2.1227489918776035553e-55
0
0
DERIV 34
9.026469085767341198e-41
-5.043874890081457455e-57
0
0
DERIV 35
-2.5789911673620972029e-42
-1.3809414168399275876e-58
0
0
AT 59/16
0.025034510149960147868
-1.3569241032460859155e-18
0
0
DERIV 1
-0.025034510149960147868
1.3569241032460859155e-18
0
0
DERIV 2
0.012517255074980073934
-6.784620516230429577e-19
0
0
DERIV 3
-0.004172418358326691022
-6.296656212178687519e-20
0
0
DERIV 4
0.0010431045895816727555
1.5741640530446718798e-20
0
0
DERIV 5
-0.00020862091791633456737
1.3114704481193222450e-20
0
0
DERIV 6
3.477015298605575671e-5
2.3317249718240647334e-21
0
0
DERIV 7
-4.967164712293680256e-6
3.929246731002482194e-22
0
0
DERIV 8
6.208955890367100320e-7
-4.911558413753102743e-23
0
0
DERIV 9
-6.898839878185667023e-8
5.457287126392335973e-24
0
0
DERIV 10
6.898839878185666195e-9
2.814518999137940684e-25
0
0
DERIV 11
-6.271672616532423720e-10
-3.498631604390204589e-26
0
0
DERIV 12
5.226393847110353531e-11
-1.3927060200551819226e-27
0
0
DERIV 13
-4.020302959315656189e-12
-2.656965678171318862e-28
0
0
DERIV 14
2.871644970939754493e-13
1.1765883710631599420e-29
0
0
DERIV 15
-1.9144299806265032268e-14
1.5295997412728613112e-30
0
0
DERIV 16
1.1965187378915645167e-15
-9.559998382955383195e-32
0
0
DERIV 17
-7.038345517009202242e-17
-2.3520873091357392339e-33
0
0
DERIV 18
3.910191953894001588e-18
-2.117160284946341705e-34
0
0
DERIV 19
-2.0579957652073690921e-19
-5.328820393067981174e-36
0
0
DERIV 20
1.0289978826036845761e-20
-3.448553415710654544e-38
0
0
DERIV 21
-4.899989917160402296e-22
-4.313856888098683396e-38
0
0
DERIV 22
2.2272681441638195192e-23
-9.778918370108627550e-40
0
0
DERIV 23
-9.683774539842692524e-25
-6.129700274334385185e-41
0
0
DERIV 24
4.034906058267788934e-26
-1.2724372256103064421e-42
0
0
DERIV 25
-1.6139624233071154517e-27
-7.107152931041982415e-44
0
0
DERIV 26
6.207547781950444735e-29
-4.165179773967568063e-45
0
0
DERIV 27
-2.2990917710927571405e-30
-1.4408897595855094938e-47
0
0
DERIV 28
8.211042039616989788e-32
5.146034855662534340e-49
0
0
DERIV 29
-2.8313938067644792017e-33
-5.313603911178125618e-50
0
0
DERIV 30
9.437979355881597767e-35
-2.5052222324214709040e-51
0
0
DERIV 31
-3.044509469639224870e-36
-1.3473192073577478161e-52
0
0
DERIV 32
9.514092092622577720e-38
4.210372522992961925e-54
0
0
DERIV 33
-2.8830582098856297605e-39
2.071532812139186780e-56
0
0
DERIV 34
8.479582970251851937e-41
2.3894868879730904942e-57
0
0
DERIV 35
-2.4227379915005293160e-42
1.2289997539380597745e-58
0
0
AT 15/4
0.023517745856009106969
1.2666758876675962079e-18
0
0
DERIV 1
-0.023517745856009106969
-1.2666758876675962079e-18
0
0
DERIV 2
0.011758872928004553485
6.333379438337981040e-19
0
0
DERIV 3
-0.003919624309334851162
-2.1111264794459937601e-19
0
0
DERIV 4
0.0009799060773337127904
5.277816198614984400e-20
0
0
DERIV 5
-0.00019598121546674255808
-1.0555632397229968500e-20
0
0
DERIV 6
3.266353591112376194e-5
-4.994824598064727895e-22
0
0
DERIV 7
-4.666219415874823376e-6
3.133640506164390802e-22
0
0
DERIV 8
5.832774269843529220e-7
-3.917050632705488503e-23
0
0
DERIV 9
-6.480860299826143578e-8
4.352278480783875951e-24
0
0
DERIV 10
6.480860299826142751e-9
3.919527644746400981e-25
0
0
DERIV 11
-5.891691181660130431e-10
3.016638831902355769e-26
0
0
DERIV 12
4.909742651383441595e-11
1.7943666637950559989e-27
0
0
DERIV 13
-3.776725116448801724e-12
3.590755285981132717e-28
0
0
DERIV 14
2.697660797463429442e-13
1.0413960767381019871e-29
0
0
DERIV 15
-1.7984405316422864422e-14
7.782763052538207588e-31
0
0
DERIV 16
1.1240253322764290264e-15
-4.864226907836379742e-32
0
0
DERIV 17
-6.611913719273111920e-17
2.8613099457861056703e-33
0
0
DERIV 18
3.673285399596173374e-18
-2.445585500719941117e-34
0
0
DERIV 19
-1.9333081050506174008e-19
-3.600266625838510336e-36
0
0
DERIV 20
9.666540525253087907e-21
-7.227663301395913227e-37
0
0
DERIV 21
-4.603114535834803183e-22
-2.379751403407560830e-38
0
0
DERIV 22
2.0923247890158196553e-23
8.145473763620077173e-40
0
0
DERIV 23
-9.097064300068782308e-25
8.437032645120559126e-41
0
0
DERIV 24
3.790443458361992437e-26
-1.6021907655087495011e-42
0
0
DERIV 25
-1.5161773833447969246e-27
1.3865093658948538512e-44
0
0
DERIV 26
5.831451474403065008e-29
3.2906468347109747652e-46
0
0
DERIV 27
-2.1597968423715055327e-30
-3.813755243087059268e-47
0
0
DERIV 28
7.713560151326806099e-32
-4.893741271776126558e-48
0
0
DERIV 29
-2.6598483280437259108e-33
-1.6156715342049319245e-49
0
0
DERIV 30
8.866161093479087082e-35
-1.7418007795627483646e-51
0
0
DERIV 31
-2.8600519656384152848e-36
1.5318261543278931674e-52
0
0
DERIV 32
8.937662392620047765e-38
-4.786956732274666148e-54
0
0
DERIV 33
-2.7083825432181960749e-39
-7.245085401587003150e-56
0
0
DERIV 34
7.965831009465283293e-41
-5.066119515708077695e-57
0
0
DERIV 35
-2.2759517169900808134e-42
1.7298918986777461603e-59
0
0
AT 61/16
0.022092877665062442966
1.3003883236206390641e-18
0
0
DERIV 1
-0.022092877665062442966
-1.3003883236206390641e-18
0
0
DERIV 2
0.011046438832531221483
6.501941618103195321e-19
0
0
DERIV 3
-0.003682146277510407305
-7.217109760537257412e-20
0
0
DERIV 4
0.0009205365693776018264
1.8042774401343143530e-20
0
0
DERIV 5
-0.00018410731387552035985
-9.029565742696150876e-21
0
0
DERIV 6
3.068455231258673116e-5
-3.0125814282402433290e-21
0
0
DERIV 7
-4.383507473226675275e-6
-1.7465475829017975990e-22
0
0
DERIV 8
5.479384341533344094e-7
2.1831844786272469987e-23
0
0
DERIV 9
-6.088204823925937588e-8
-5.366847154218817287e-24
0
0
DERIV 10
6.088204823925938250e-9
-1.2505977462054041579e-25
0
0
DERIV 11
-5.534731658114489694e-10
4.896818917245947548e-26
0
0
DERIV 12
4.612276381762074099e-11
2.3816661045322390867e-27
0
0
DERIV 13
-3.5479049090477494619e-12
-2.786016824357298098e-29
0
0
DERIV 14
2.534217792176964118e-13
-1.9647315668663966820e-29
0
0
DERIV 15
-1.6894785281179758261e-14
-1.2145338521296398959e-30
0
0
DERIV 16
1.0559240800737348913e-15
7.590836575810249349e-32
0
0
DERIV 17
-6.211318118080794421e-17
4.960529742053854595e-33
0
0
DERIV 18
3.4507322878226634387e-18
-1.4718965604384286744e-34
0
0
DERIV 19
-1.8161748883277174599e-19
-6.190826911021160825e-36
0
0
DERIV 20
9.080874441638586999e-21
6.104678993615636934e-37
0
0
DERIV 21
-4.324225924589804049e-22
4.257927950909353790e-38
0
0
DERIV 22
1.9655572384499108513e-23
-1.1339483748526922214e-39
0
0
DERIV 23
-8.545901036738742672e-25
3.333071261829249014e-41
0
0
DERIV 24
3.560792098641142589e-26
5.244598108626297387e-43
0
0
DERIV 25
-1.4243168394564570068e-27
-4.967698498387744436e-44
0
0
DERIV 26
5.478141690217142592e-29
-6.763592809120683488e-46
0
0
DERIV 27
-2.0289413667470896804e-30
-1.4362447141272544284e-46
0
0
DERIV 28
7.246219166953892185e-32
4.375978707954946550e-49
0
0
DERIV 29
-2.4986962644668595157e-33
1.2647478358296957474e-49
0
0
DERIV 30
8.328987548222864197e-35
4.337020952862706791e-51
0
0
DERIV 31
-2.6867701768460855050e-36
1.4030530177215900789e-52
0
0
DERIV 32
8.396156802644017203e-38
-4.384540680379968997e-54
0
0
DERIV 33
-2.5442899401951565799e-39
-1.5437505170270438238e-56
0
0
DERIV 34
7.483205706456342642e-41
2.853053265301529259e-57
0
0
DERIV 35
-2.1380587732732408551e-42
1.8621398262567591909e-59
0
0
AT 31/8
0.020754337873699742201
1.4636786598961357167e-20
0
0
DERIV 1
-0.020754337873699742201
-1.4636786598961357167e-20
0
0
DERIV 2
0.010377168936849871100
7.318393299480678584e-21
0
0
DERIV 3
-0.003459056312283290222
-1.4699975409789415976e-19
0
0
DERIV 4
0.0008647640780708225556
3.674993852447353994e-20
0
0
DERIV 5
-0.00017295281561416451111
-7.349987704894707687e-21
0
0
DERIV 6
2.8825469269027420777e-5
-1.0337565751956828937e-21
0
0
DERIV 7
-4.117924181289631419e-6
2.667480399162609266e-23
0
0
DERIV 8
5.147405226612039273e-7
-3.334350498953261583e-24
0
0
DERIV 9
-5.719339140680043416e-8
-1.8353315780354893018e-24
0
0
DERIV 10
5.719339140680043913e-9
-3.127752097282676656e-25
0
0
DERIV 11
-5.199399218800039169e-10
-4.676412752952363721e-26
0
0
DERIV 12
4.332832682333366405e-11
-4.112217295867162185e-28
0
0
DERIV 13
-3.3329482171795126190e-12
3.163244073743970566e-29
0
0
DERIV 14
2.380677297985365940e-13
1.9377867633387774202e-29
0
0
DERIV 15
-1.5871181986569107950e-14
3.910454222456402877e-31
0
0
DERIV 16
9.919488741605692469e-16
-2.4440338890352517983e-32
0
0
DERIV 17
-5.834993377415112564e-17
-5.087836818020721758e-33
0
0
DERIV 18
3.2416629874528404847e-18
1.1146382816673023695e-34
0
0
DERIV 19
-1.7061384144488633623e-19
-1.0934753967689053416e-35
0
0
DERIV 20
8.530692072244316812e-21
5.467376983844527042e-37
0
0
DERIV 21
-4.062234320116341518e-22
-8.122833624824794509e-39
0
0
DERIV 22
1.8464701455074278559e-23
1.4378509382395702715e-39
0
0
DERIV 23
-8.028131067423599972e-25
-2.6225432986826983383e-42
0
0
DERIV 24
3.345054611426500180e-26
-1.8039668658463711700e-42
0
0
DERIV 25
-1.3380218445706000145e-27
1.4761489535110339175e-44
0
0
DERIV 26
5.146237863733076634e-29
2.881600468526074986e-45
0
0
DERIV 27
-1.9060140236048432626e-30
-4.185101437481680661e-47
0
0
DERIV 28
6.807192941445868795e-32
1.4946790848148860805e-48
0
0
DERIV 29
-2.3473079108434029502e-33
-1.3411987120887908729e-49
0
0
DERIV 30
7.824359702811343595e-35
1.9423883748178962603e-52
0
0
DERIV 31
-2.5239870009068850414e-36
4.511508105797897584e-54
0
0
DERIV 32
7.887459377834015754e-38
-1.4098462830618429950e-55
0
0
DERIV 33
-2.3901392054042471093e-39
-8.470916309979247580e-56
0
0
DERIV 34
7.029821192365432734e-41
1.8916937246263849514e-57
0
0
DERIV 35
-2.0085203406758380061e-42
2.788204901177226337e-59
0
0
AT 63/16
0.019496896108597994851
5.692411411013551703e-19
0
0
DERIV 1
-0.019496896108597994851
-5.692411411013551703e-19
0
0
DERIV 2
0.009748448054298997426
2.846205705506775852e-19
0
0
DERIV 3
-0.003249482684766332764
1.9424705581257531266e-19
0
0
DERIV 4
0.0008123706711915831911
-4.856176395314382816e-20
0
0
DERIV 5
-0.00016247413423831663279
4.291341928201243312e-21
0
0
DERIV 6
2.7079022373052771003e-5
4.141536083055264883e-22
0
0
DERIV 7
-3.868431767578967165e-6
-1.8016950793711811148e-22
0
0
DERIV 8
4.835539709473708956e-7
2.2521188492139763936e-23
0
0
DERIV 9
-5.372821899415232615e-8
1.9092756567117291802e-24
0
0
DERIV 10
5.372821899415232780e-9
-3.563636881817784714e-25
0
0
DERIV 11
-4.884383544922938421e-10
-1.4602199514896713230e-26
0
0
DERIV 12
4.070319620769115351e-11
1.2168499595747261025e-27
0
0
DERIV 13
-3.1310150928993197804e-12
1.8601700705259201766e-28
0
0
DERIV 14
2.2364393520709426282e-13
-6.074486513164465656e-30
0
0
DERIV 15
-1.4909595680472950434e-14
-1.5760048573575263081e-32
0
0
DERIV 16
9.318497300295594021e-16
9.850030358484539426e-34
0
0
DERIV 17
-5.481469000173878836e-17
-5.794135504990905607e-35
0
0
DERIV 18
3.0452605556521549945e-18
-8.237792224777109214e-35
0
0
DERIV 19
-1.6027687135011341950e-19
3.068620944364770524e-36
0
0
DERIV 20
8.013843567505670072e-21
7.493486142132783133e-37
0
0
DERIV 21
-3.816115984526509872e-22
-4.336751321561774561e-39
0
0
DERIV 22
1.7345981747847771876e-23
4.642828670760550881e-40
0
0
DERIV 23
-7.541731194716422395e-25
-3.615760224817478042e-41
0
0
DERIV 24
3.142387997798509523e-26
-4.066727429508677500e-43
0
0
DERIV 25
-1.2569551991194038162e-27
2.344155785537777241e-44
0
0
DERIV 26
4.834443073536168481e-29
-4.704296207992014083e-46
0
0
DERIV 27
-1.7905344716800624522e-30
6.932326241200068658e-47
0
0
DERIV 28
6.394765970285936860e-32
2.2160167363732469656e-48
0
0
DERIV 29
-2.2050917138917024128e-33
-2.922624844158768765e-50
0
0
DERIV 30
7.350305712972341732e-35
-2.5894779987366713720e-51
0
0
DERIV 31
-2.3710663590233360427e-36
8.353154834634424259e-53
0
0
DERIV 32
7.409582371947925133e-38
-2.610360885823257581e-54
0
0
DERIV 33
-2.2453279914993710251e-39
-1.4829512885984987071e-55
0
0
DERIV 34
6.603905857351092150e-41
-4.634662296399440091e-57
0
0
DERIV 35
-1.8868302449574548818e-42
1.1421215805561311639e-58
0
0
AT 4
0.018315638888734178669
1.6250688994271398522e-18
0
0
DERIV 1
-0.018315638888734178669
-1.6250688994271398522e-18
0
0
DERIV 2
0.009157819444367089334
8.125344497135699261e-19
0
0
DERIV 3
-0.003052606481455696734
1.8275762758277888754e-20
0
0
DERIV 4
0.0007631516203639241835
-4.568940689569472189e-21
0
0
DERIV 5
-0.00015263032407278483669
9.137881379138944753e-22
0
0
DERIV 6
2.5438387345464140579e-5
-1.2816752859913828960e-21
0
0
DERIV 7
-3.634055335066305676e-6
6.209176267672607956e-23
0
0
DERIV 8
4.542569168832882095e-7
-7.761470334590759945e-24
0
0
DERIV 9
-5.047299076480979958e-8
-6.081577184730759644e-25
0
0
DERIV 10
5.047299076480980289e-9
-2.700564731739034735e-25
0
0
DERIV 11
-4.588453705891799934e-10
-8.348640438004194544e-27
0
0
DERIV 12
3.823711421576499945e-11
6.957200365003494557e-28
0
0
DERIV 13
-2.9413164781357692195e-12
-2.2447942540553187424e-29
0
0
DERIV 14
2.1009403415255495507e-13
-9.215239375848648916e-30
0
0
DERIV 15
-1.4006268943503662304e-14
-7.530096106598438975e-31
0
0
DERIV 16
8.753918089689788940e-16
4.706310066624024360e-32
0
0
DERIV 17
-5.149363582170464662e-17
3.0320301462580136518e-33
0
0
DERIV 18
2.8607575456502579318e-18
4.554609680646989131e-35
0
0
DERIV 19
-1.5056618661317147643e-19
3.938132879880650255e-36
0
0
DERIV 20
7.528309330658574122e-21
-4.978331978045381148e-37
0
0
DERIV 21
-3.584909205075511039e-22
-2.1074394421585329164e-38
0
0
DERIV 22
1.6295041841252323973e-23
-1.1070420885729188010e-40
0
0
DERIV 23
-7.084800800544488285e-25
-3.511525011837479551e-41
0
0
DERIV 24
2.952000333560203835e-26
-2.3633435849840175479e-42
0
0
DERIV 25
-1.1808001334240814693e-27
2.996191016327312531e-44
0
0
DERIV 26
4.541538974708005263e-29
2.7281376641582193287e-45
0
0
DERIV 27
-1.6820514721140762180e-30
9.358265100221647278e-47
0
0
DERIV 28
6.007326686121700778e-32
-3.342237535793445456e-48
0
0
DERIV 29
-2.0714919607316209699e-33
1.2704660064431884872e-49
0
0
DERIV 30
6.904973202438735640e-35
5.030697640175650305e-51
0
0
DERIV 31
-2.2274107104641083463e-36
-8.683962964016061182e-53
0
0
DERIV 32
6.960658470200338582e-38
2.713738426255019119e-54
0
0
DERIV 33
-2.1092904455152540961e-39
-1.0200814766832944652e-55
0
0
DERIV 34
6.203795427986041339e-41
4.199744135097653804e-57
0
0
DERIV 35
-1.7725129794245833308e-42
-2.895886608093568629e-59
0
0
AT 33/8
0.016163494588165874116
9.893551697850295602e-19
0
0
DERIV 1
-0.016163494588165874116
-9.893551697850295602e-19
0
0
DERIV 2
0.008081747294082937058
4.946775848925147801e-19
0
0
DERIV 3
-0.002693915764694312497
-2.0332238632770992132e-20
0
0
DERIV 4
0.0006734789411735781243
5.083059658192748033e-21
0
0
DERIV 5
-0.00013469578823471561402
-1.1858633656493593646e-20
0
0
DERIV 6
2.2449298039119271262e-5
-2.823155832625352339e-22
0
0
DERIV 7
-3.207042577017038631e-6
-8.067390914168072428e-23
0
0
DERIV 8
4.008803221271298288e-7
1.0084238642710090535e-23
0
0
DERIV 9
-4.454225801412553727e-8
-3.851993046984299499e-25
0
0
DERIV 10
4.454225801412553727e-9
3.851993046984299728e-26
0
0
DERIV 11
-4.049296183102321664e-10
5.897967827207769606e-27
0
0
DERIV 12
3.374413485918601387e-11
-4.914973189339807706e-28
0
0
DERIV 13
-2.5957026814758470343e-12
-1.4860641399268979701e-28
0
0
DERIV 14
1.8540733439113193102e-13
1.0614743856620699786e-29
0
0
DERIV 15
-1.2360488959408796874e-14
7.648907659711753668e-31
0
0
DERIV 16
7.725305599630498046e-16
-4.780567287319846043e-32
0
0
DERIV 17
-4.544297411547351284e-17
-2.2632934491382181688e-33
0
0
DERIV 18
2.5246096730818619530e-18
-2.6568046736924962445e-36
0
0
DERIV 19
-1.3287419332009800513e-19
7.742186868565009960e-36
0
0
DERIV 20
6.643709666004899956e-21
-8.618278961774488341e-38
0
0
DERIV 21
-3.163671269526142657e-22
-1.3808352506923196274e-38
0
0
DERIV 22
1.4380323952391557531e-23
6.276523866783270811e-40
0
0
DERIV 23
-6.252314761909373119e-25
6.606994098961472778e-43
0
0
DERIV 24
2.605131150795572133e-26
-2.752914207900613492e-44
0
0
DERIV 25
-1.0420524603182288173e-27
-3.477207500355507341e-44
0
0
DERIV 26
4.007894078147034042e-29
4.388122537536391476e-47
0
0
DERIV 27
-1.4844052141285310424e-30
-8.596263814456264993e-47
0
0
DERIV 28
5.301447193316182138e-32
4.634043398382613693e-48
0
0
DERIV 29
-1.8280852390745456002e-33
-1.2440350861059348019e-49
0
0
DERIV 30
6.093617463581819237e-35
-1.5551144278435681774e-51
0
0
DERIV 31
-1.9656830527683286893e-36
-4.683051196806941782e-53
0
0
DERIV 32
6.142759539901027154e-38
1.4634534990021693068e-54
0
0
DERIV 33
-1.8614422848184930868e-39
-3.446025077582554185e-56
0
0
DERIV 34
5.474830249466155778e-41
4.612050280905820004e-57
0
0
DERIV 35
-1.5642372141331874653e-42
-3.163565932612642752e-59
0
0
AT 17/4
0.014264233908999255501
-2.279506671192722443e-19
0
0
DERIV 1
-0.014264233908999255501
2.279506671192722443e-19
0
0
DERIV 2
0.007132116954499627751
-1.1397533355963612215e-19
0
0
DERIV 3
-0.002377372318166542584
3.799177785321204473e-20
0
0
DERIV 4
0.0005943430795416356459
-9.497944463303011182e-21
0
0
DERIV 5
-0.00011886861590832712105
-6.231927400980680718e-21
0
0
DERIV 6
1.9811435984721189100e-5
-1.2200999591813541179e-21
0
0
DERIV 7
-2.830205140674455525e-6
1.1379764079345770019e-22
0
0
DERIV 8
3.537756425843069406e-7
-1.4224705099182212524e-23
0
0
DERIV 9
-3.930840473158965566e-8
-2.8311071448181241080e-24
0
0
DERIV 10
3.930840473158966228e-9
-3.786337755606097566e-25
0
0
DERIV 11
-3.573491339235423420e-10
-7.877756272769848102e-27
0
0
DERIV 12
2.977909449362852850e-11
6.564796893974873119e-28
0
0
DERIV 13
-2.2906995764329636689e-12
-1.1263640433413872313e-28
0
0
DERIV 14
1.6362139831664026206e-13
8.045457452438481024e-30
0
0
DERIV 15
-1.0908093221109351751e-14
4.102692561026488525e-31
0
0
DERIV 16
6.817558263193344844e-16
-2.564182850641555328e-32
0
0
DERIV 17
-4.010328390113731971e-17
-1.3918810629351580360e-33
0
0
DERIV 18
2.2279602167298511808e-18
-8.270160698590589241e-36
0
0
DERIV 19
-1.1726106403841322764e-19
8.037626659349119695e-36
0
0
DERIV 20
5.863053201920661081e-21
-1.0095477915695040361e-37
0
0
DERIV 21
-2.791930096152695574e-22
-1.3104924433627694566e-38
0
0
DERIV 22
1.2690591346148616779e-23
6.136276933658275677e-41
0
0
DERIV 23
-5.517648411368963577e-25
-2.662503244715347984e-41
0
0
DERIV 24
2.2990201714037348239e-26
1.1093763519647282736e-42
0
0
DERIV 25
-9.196080685614939367e-28
-3.720040594124606873e-44
0
0
DERIV 26
3.536954109851899972e-29
-7.250589473748698450e-46
0
0
DERIV 27
-1.3099830036488517962e-30
-1.8558415144790562207e-47
0
0
DERIV 28
4.678510727317327765e-32
1.4447751303523509468e-48
0
0
DERIV 29
-1.6132795611439062557e-33
7.994750280887794416e-50
0
0
DERIV 30
5.377598537146353544e-35
3.749718543925337921e-51
0
0
DERIV 31
-1.7347092055310819178e-36
8.368661974611467255e-54
0
0
DERIV 32
5.420966267284630993e-38
-2.6152068670660835170e-55
0
0
DERIV 33
-1.6427170506923123629e-39
-5.139608041493784456e-56
0
0
DERIV 34
4.831520737330330599e-41
3.1214492617491384693e-58
0
0
DERIV 35
-1.3804344963800945206e-42
5.480524998315769217e-59
0
0
AT 35/8
0.012588142242433998305
-3.758884475014246379e-20
0
0
DERIV 1
-0.012588142242433998305
3.758884475014246379e-20
0
0
DERIV 2
0.006294071121216999153
-1.8794422375071231896e-20
0
0
DERIV 3
-0.002098023707072333051
6.264807458357076797e-21
0
0
DERIV 4
0.0005245059267680832627
-1.5662018645892691993e-21
0
0
DERIV 5
-0.00010490118535361665525
3.0237458041316150753e-21
0
0
DERIV 6
1.7483530892269441413e-5
6.254196289837980022e-22
0
0
DERIV 7
-2.497647270324205856e-6
-1.4984801465870686825e-22
0
0
DERIV 8
3.122059087905257320e-7
1.8731001832338358531e-23
0
0
DERIV 9
-3.468954542116952945e-8
1.5951358521980829790e-24
0
0
DERIV 10
3.468954542116952945e-9
-1.5951358521980830249e-25
0
0
DERIV 11
-3.153595038288138947e-10
5.101455331879985805e-27
0
0
DERIV 12
2.6279958652401158967e-11
-1.5021793669184202687e-27
0
0
DERIV 13
-2.0215352809539353673e-12
1.7769022568190279155e-28
0
0
DERIV 14
1.4439537721099536535e-13
5.338947427772927384e-30
0
0
DERIV 15
-9.626358480733025303e-15
5.907032577470190601e-31
0
0
DERIV 16
6.016474050458140814e-16
-3.691895360918869126e-32
0
0
DERIV 17
-3.539102382622435773e-17
2.1717031534816875399e-33
0
0
DERIV 18
1.9661679903457975662e-18
-3.505328877621660557e-35
0
0
DERIV 19
-1.0348252580767355485e-19
5.778507616513766922e-37
0
0
DERIV 20
5.174126290383678043e-21
-3.298190918930744575e-37
0
0
DERIV 21
-2.463869662087465735e-22
1.5705671042527355369e-38
0
0
DERIV 22
1.1199407554943025801e-23
-4.467363312916325767e-40
0
0
DERIV 23
-4.869307632583924062e-25
-5.409195434053687227e-43
0
0
DERIV 24
2.0288781802433016923e-26
2.253831430855703343e-44
0
0
DERIV 25
-8.115512720973207056e-28
2.779705997702997427e-44
0
0
DERIV 26
3.121351046528156646e-29
-1.9314552079318095872e-45
0
0
DERIV 27
-1.1560559431585764189e-30
-4.523949395551959033e-47
0
0
DERIV 28
4.128771225566344510e-32
5.174703376318064040e-50
0
0
DERIV 29
-1.4237142157125326308e-33
3.950522608131458456e-50
0
0
DERIV 30
4.745714052375108413e-35
2.2468454107457745910e-51
0
0
DERIV 31
-1.5308755007661640257e-36
-5.092433010395889109e-53
0
0
DERIV 32
4.783985939894262580e-38
1.5913853157487153466e-54
0
0
DERIV 33
-1.4496927090588674634e-39
-3.339356001966139621e-56
0
0
DERIV 34
4.263802085467257215e-41
1.2820396544385026202e-57
0
0
DERIV 35
-1.2182291672763593045e-42
6.350750143008263388e-59
0
0
AT 9/2
0.011108996538242306082
4.142425331867430466e-19
0
0
DERIV 1
-0.011108996538242306082
-4.142425331867430466e-19
0
0
DERIV 2
0.005554498269121153041
2.0712126659337152332e-19
0
0
DERIV 3
-0.0018514994230403843470
-6.904042219779050376e-20
0
0
DERIV 4
0.0004628748557600960867
1.7260105549447625940e-20
0
0
DERIV 5
-9.257497115201922006e-5
-7.415156786757642159e-22
0
0
DERIV 6
1.5429161858669870010e-5
1.2358594644596071832e-22
0
0
DERIV 7
-2.204165979809981551e-6
1.0334957154404852229e-22
0
0
DERIV 8
2.755207474762476939e-7
-1.2918696443006065286e-23
0
0
DERIV 9
-3.061341638624974156e-8
-7.704042509185110820e-25
0
0
DERIV 10
3.061341638624974321e-9
-8.839569741875442908e-26
0
0
DERIV 11
-2.783037853295430872e-10
-2.4863256415745015983e-26
0
0
DERIV 12
2.3191982110795259422e-11
-8.217814387809156767e-29
0
0
DERIV 13
-1.7839986239073276168e-12
-2.4747587661158960177e-29
0
0
DERIV 14
1.2742847313623767609e-13
1.2586348675970944773e-29
0
0
DERIV 15
-8.495231542415845809e-15
-1.0281973352511862436e-31
0
0
DERIV 16
5.309519714009903631e-16
6.426233345319914023e-33
0
0
DERIV 17
-3.123246890594060959e-17
-3.780137261952890853e-34
0
0
DERIV 18
1.7351371614411451486e-18
-1.5019301026801602266e-34
0
0
DERIV 19
-9.132300849690237307e-20
4.737247342416573732e-36
0
0
DERIV 20
4.566150424845118503e-21
-8.639909021557586680e-38
0
0
DERIV 21
-2.174357345164341920e-22
-1.8276126195873291712e-38
0
0
DERIV 22
9.883442478019737204e-24
-3.714771226194625489e-40
0
0
DERIV 23
-4.297148903486842502e-25
4.010826519858303513e-41
0
0
DERIV 24
1.7904787097861841846e-26
2.4206178668385703063e-43
0
0
DERIV 25
-7.161914839144737277e-28
4.412738956271869510e-44
0
0
DERIV 26
2.754582630440283223e-29
1.7521427751565231222e-45
0
0
DERIV 27
-1.0202157890519568855e-30
7.134317384059710355e-47
0
0
DERIV 28
3.643627818042702693e-32
2.1438770424948034588e-48
0
0
DERIV 29
-1.2564233855319664519e-33
-6.802827934651389309e-50
0
0
DERIV 30
4.188077951773221827e-35
-9.397083405601715736e-52
0
0
DERIV 31
-1.3509928876687812291e-36
2.492453374772288541e-53
0
0
DERIV 32
4.221852773964941341e-38
-7.788916796163401691e-55
0
0
DERIV 33
-1.2793493254439216333e-39
3.843301559746149875e-56
0
0
DERIV 34
3.762792133658593039e-41
-1.1303828116900440642e-57
0
0
DERIV 35
-1.0750834667595979156e-42
-6.328886290537444452e-59
0
0
AT 37/8
0.009803655035821827804
5.109246464527942410e-19
0
0
DERIV 1
-0.009803655035821827804
-5.109246464527942410e-19
0
0
DERIV 2
0.004901827517910913902
2.554623232263971205e-19
0
0
DERIV 3
-0.0016339425059703047063
-1.2873962909765405720e-20
0
0
DERIV 4
0.0004084856264925761766
3.2184907274413514299e-21
0
0
DERIV 5
-8.169712529851522989e-5
-6.064709007915792230e-21
0
0
DERIV 6
1.3616187549752539445e-5
-1.1859242835310171569e-22
0
0
DERIV 7
-1.945169649964648492e-6
1.6941775479014529134e-23
0
0
DERIV 8
2.431462062455810615e-7
-2.1177219348768161417e-24
0
0
DERIV 9
-2.7016245138397894989e-8
-4.999692183941561601e-25
0
0
DERIV 10
2.701624513839789416e-9
1.3271498309471836972e-25
0
0
DERIV 11
-2.456022285308899751e-10
1.6134340601151546214e-26
0
0
DERIV 12
2.0466852377574164593e-11
-1.3445283834292953983e-27
0
0
DERIV 13
-1.5743732598133970900e-12
-8.298863980074252572e-29
0
0
DERIV 14
1.1245523284381408687e-13
-3.0877932167585259391e-30
0
0
DERIV 15
-7.497015522920939440e-15
5.213972432056398023e-31
0
0
DERIV 16
4.685634701825587150e-16
-3.258732770035248764e-32
0
0
DERIV 17
-2.7562557069562274817e-17
-6.207942972895056911e-34
0
0
DERIV 18
1.5312531705312374684e-18
5.588779367594182327e-35
0
0
DERIV 19
-8.059227213322303099e-20
3.393833044645285169e-36
0
0
DERIV 20
4.029613606661151700e-21
-3.201549291375170344e-37
0
0
DERIV 21
-1.9188636222195959580e-22
6.289325381235764788e-39
0
0
DERIV 22
8.722107373725435238e-24
6.491738980979212537e-40
0
0
DERIV 23
-3.792220597271928764e-25
1.1703524499216995438e-41
0
0
DERIV 24
1.5800919155299702225e-26
4.689728975117003105e-43
0
0
DERIV 25
-6.320367662119881177e-28
9.939676648904241392e-45
0
0
DERIV 26
2.4309106392768773973e-29
-5.978796348539810995e-46
0
0
DERIV 27
-9.003372738062507971e-31
-6.868121028572032102e-47
0
0
DERIV 28
3.215490263593752847e-32
2.4529003673471544091e-48
0
0
DERIV 29
-1.1087897460668114444e-33
3.338753315761572181e-50
0
0
DERIV 30
3.695965820222704850e-35
-1.4692863999328170110e-51
0
0
DERIV 31
-1.1922470387815177098e-36
6.356225106693882228e-53
0
0
DERIV 32
3.725771996192242843e-38
-1.9863203458418381962e-54
0
0
DERIV 33
-1.1290218170279523866e-39
7.007835058308377395e-56
0
0
DERIV 34
3.320652403023389072e-41
9.376332861586227495e-58
0
0
DERIV 35
-9.487578294352541026e-43
5.514091868227975587e-59
0
0
AT 19/4
0.008651695203120634073
1.0421398403221319286e-19
0
0
DERIV 1
-0.008651695203120634073
-1.0421398403221319286e-19
0
0
DERIV 2
0.004325847601560317036
5.210699201610659643e-20
0
0
DERIV 3
-0.0014419492005201056065
-8.964914217106916509e-20
0
0
DERIV 4
0.0003604873001300264016
2.2412285542767291272e-20
0
0
DERIV 5
-7.209746002600528304e-5
-1.7719516773396970942e-21
0
0
DERIV 6
1.2016243337667547738e-5
-2.693633519462507103e-22
0
0
DERIV 7
-1.7166061910953639625e-6
3.848047884946439139e-23
0
0
DERIV 8
2.1457577388692049531e-7
-4.810059856183048924e-24
0
0
DERIV 9
-2.3841752654102277257e-8
5.344510951314498498e-25
0
0
DERIV 10
2.384175265410227643e-9
2.927295174215778251e-26
0
0
DERIV 11
-2.1674320594638434528e-10
1.1438492101048628258e-26
0
0
DERIV 12
1.8061933828865361030e-11
1.2385041417436913420e-28
0
0
DERIV 13
-1.3893795252973354949e-12
2.1542028407599148661e-29
0
0
DERIV 14
9.924139466409538708e-14
3.870615606686998704e-30
0
0
DERIV 15
-6.616092977606359402e-15
4.912594627870670050e-33
0
0
DERIV 16
4.135058111003974626e-16
-3.070371642419168781e-34
0
0
DERIV 17
-2.4323871241199849292e-17
-1.4320509484655706630e-33
0
0
DERIV 18
1.3513261800666583582e-18
1.5360721212957178332e-35
0
0
DERIV 19
-7.112243052982412348e-20
-1.4419885981777578987e-36
0
0
DERIV 20
3.556121526491206475e-21
-2.288271239016177071e-37
0
0
DERIV 21
-1.6933912030910506464e-22
5.298937562828045166e-39
0
0
DERIV 22
7.697232741322957083e-24
1.5987591219723232288e-40
0
0
DERIV 23
-3.346622931009981340e-25
-6.951126617270969729e-42
0
0
DERIV 24
1.3944262212541589875e-26
-6.669894759261179953e-43
0
0
DERIV 25
-5.577704885016635699e-28
1.5683105563439991697e-45
0
0
DERIV 26
2.1452711096217829180e-29
3.708491214713283674e-46
0
0
DERIV 27
-7.945448554154752197e-31
5.113977625684048402e-47
0
0
DERIV 28
2.837660197912411342e-32
-2.6247140166749810915e-49
0
0
DERIV 29
-9.785035165215210641e-34
-7.942699034555205704e-50
0
0
DERIV 30
3.261678388405070499e-35
-2.0338267924660670379e-52
0
0
DERIV 31
-1.0521543188403453168e-36
1.1720930601885321259e-54
0
0
DERIV 32
3.287982246376079115e-38
-3.662790813089162893e-56
0
0
DERIV 33
-9.963582564775997565e-40
2.582699898880930687e-56
0
0
DERIV 34
2.930465460228234548e-41
-4.597414928694592727e-58
0
0
DERIV 35
-8.372758457794956443e-43
7.230745649547563371e-59
0
0
AT 39/8
0.007635094218859961659
-2.3188937195963408158e-20
0
0
DERIV 1
-0.007635094218859961659
2.3188937195963408158e-20
0
0
DERIV 2
0.003817547109429980830
-1.1594468597981704079e-20
0
0
DERIV 3
-0.0012725157031433268710
-6.841532196637305990e-20
0
0
DERIV 4
0.0003181289257858317177
1.7103830491593264976e-20
0
0
DERIV 5
-6.362578515716634897e-5
2.0002447641088691748e-21
0
0
DERIV 6
1.0604297526194391495e-5
-3.333741273514782115e-22
0
0
DERIV 7
-1.5148996465991988152e-6
7.787605202357904232e-23
0
0
DERIV 8
1.8936245582489985190e-7
-9.734506502947380290e-24
0
0
DERIV 9
-2.1040272869433315040e-8
-7.565673053459081342e-25
0
0
DERIV 10
2.104027286943331421e-9
1.5837479178989359468e-25
0
0
DERIV 11
-1.9127520790393924127e-10
6.751795953695040681e-27
0
0
DERIV 12
1.5939600658661601285e-11
1.5914665157155894535e-27
0
0
DERIV 13
-1.2261231275893540227e-12
-4.474804284866880205e-29
0
0
DERIV 14
8.758022339923957124e-14
4.999399415410083973e-30
0
0
DERIV 15
-5.838681559949304802e-15
-2.807025673459381649e-31
0
0
DERIV 16
3.649175974968315501e-16
1.7543910459121135307e-32
0
0
DERIV 17
-2.1465741029225387296e-17
9.619092095349539355e-34
0
0
DERIV 18
1.1925411682902992514e-18
-1.0640957321114420719e-35
0
0
DERIV 19
-6.276532464685785407e-20
-7.070087886171593656e-37
0
0
DERIV 20
3.1382662323428927788e-21
-3.988119902176843014e-38
0
0
DERIV 21
-1.4944124915918537378e-22
5.257660003385984916e-39
0
0
DERIV 22
6.792784052690243995e-24
2.817326139661148152e-41
0
0
DERIV 23
-2.953384370734888774e-25
6.760770909537867469e-42
0
0
DERIV 24
1.2305768211395368933e-26
6.749209637483306691e-43
0
0
DERIV 25
-4.922307284558147609e-28
-2.340951448126169287e-44
0
0
DERIV 26
1.8931951094454415175e-29
-3.931403331743813029e-46
0
0
DERIV 27
-7.011833738686820338e-31
4.829513744943634942e-48
0
0
DERIV 28
2.504226335245293056e-32
-9.544572232149607307e-49
0
0
DERIV 29
-8.635263224983767979e-34
-8.505798640355343617e-50
0
0
DERIV 30
2.878421074994589540e-35
6.970544453780247481e-52
0
0
DERIV 31
-9.285229274176094806e-37
-7.098337402596402099e-53
0
0
DERIV 32
2.901634148180029627e-38
2.2182304383113756559e-54
0
0
DERIV 33
-8.792830752060696580e-40
6.932082945093058300e-57
0
0
DERIV 34
2.586126691782557728e-41
6.957435808426477648e-58
0
0
DERIV 35
-7.388933405093022853e-43
5.750036194521489153e-59
0
0
AT 5
0.006737946999085467001
9.579094181215285741e-20
0
0
DERIV 1
-0.006737946999085467001
-9.579094181215285741e-20
0
0
DERIV 2
0.003368973499542733500
4.789547090607642871e-20
0
0
DERIV 3
-0.0011229911665142445001
-1.5965156968692142902e-20
0
0
DERIV 4
0.0002807477916285611250
3.991289242173035725e-21
0
0
DERIV 5
-5.614955832571222907e-5
3.2675002983860347081e-21
0
0
DERIV 6
9.358259720952038179e-6
-5.445833830643390553e-22
0
0
DERIV 7
-1.3368942458502911079e-6
1.7295272776741272758e-23
0
0
DERIV 8
1.6711178073128638849e-7
-2.1619090970926590947e-24
0
0
DERIV 9
-1.8567975636809596883e-8
-1.5979670171075437409e-24
0
0
DERIV 10
1.8567975636809598537e-9
-5.639420799851154141e-27
0
0
DERIV 11
-1.6879977851645090284e-10
7.562509384245227477e-27
0
0
DERIV 12
1.4066648209704240826e-11
4.468489739079858884e-28
0
0
DERIV 13
-1.0820498622849416642e-12
2.776496869525617142e-29
0
0
DERIV 14
7.728927587749582955e-14
1.6230092313491844806e-30
0
0
DERIV 15
-5.152618391833055566e-15
1.5475301965039163497e-31
0
0
DERIV 16
3.220386494895659729e-16
-9.672063728149477186e-33
0
0
DERIV 17
-1.8943449969974469356e-17
9.314729147169782775e-34
0
0
DERIV 18
1.0524138872208038103e-18
-8.950052053449110987e-36
0
0
DERIV 19
-5.539020459056861589e-20
-5.230710911491205601e-36
0
0
DERIV 20
2.7695102295284308699e-21
1.8630390712193387953e-37
0
0
DERIV 21
-1.3188143950135385431e-22
-5.513059336790315452e-39
0
0
DERIV 22
5.994610886425175530e-24
-8.335365253859005584e-41
0
0
DERIV 23
-2.606352559315293549e-25
-1.2347318786668469591e-41
0
0
DERIV 24
1.0859802330480389787e-26
5.144716161111861799e-43
0
0
DERIV 25
-4.343920932192156381e-28
2.605634824828246532e-44
0
0
DERIV 26
1.6707388200739061495e-29
5.069234135697082391e-46
0
0
DERIV 27
-6.187921555829282003e-31
-2.201868768851886229e-47
0
0
DERIV 28
2.2099719842247436506e-32
4.407113694414153468e-51
0
0
DERIV 29
-7.620593049050840558e-34
3.818837950703238839e-50
0
0
DERIV 30
2.540197683016946746e-35
-2.0384009953086798401e-52
0
0
DERIV 31
-8.194186074248214501e-37
-7.425409084453437094e-53
0
0
DERIV 32
2.560683148202567031e-38
2.3204403388916990919e-54
0
0
DERIV 33
-7.759645903644143113e-40
-1.0995424196731566184e-56
0
0
DERIV 34
2.2822487951894537667e-41
1.2230232026610191398e-57
0
0
DERIV 35
-6.520710843398439288e-43
-3.949521125069326524e-59
0
0
AT 41/8
0.005946217356472094200
1.8685707681579584731e-19
0
0
DERIV 1
-0.005946217356472094200
-1.8685707681579584731e-19
0
0
DERIV 2
0.002973108678236047100
9.342853840789792365e-20
0
0
DERIV 3
-0.0009910362260786822943
-1.0342299096833293281e-19
0
0
DERIV 4
0.0002477590565196705736
2.5855747742083233201e-20
0
0
DERIV 5
-4.955181130393412285e-5
2.9603667452246363138e-21
0
0
DERIV 6
8.258635217322353808e-6
-4.933944575374394170e-22
0
0
DERIV 7
-1.1798050310460504835e-6
9.982569130041317286e-24
0
0
DERIV 8
1.4747562888075631043e-7
-1.2478211412551646608e-24
0
0
DERIV 9
-1.6386180986750700792e-8
-2.289890343285495599e-25
0
0
DERIV 10
1.6386180986750701619e-9
-5.981915782244780691e-26
0
0
DERIV 11
-1.4896528169773365813e-10
1.2487940022663105719e-26
0
0
DERIV 12
1.2413773474811136562e-11
5.749254653373733975e-28
0
0
DERIV 13
-9.549056519085489508e-13
-5.975952746722711610e-29
0
0
DERIV 14
6.820754656489635904e-14
-1.1407942452850015050e-30
0
0
DERIV 15
-4.547169770993090813e-15
2.864158577446032630e-31
0
0
DERIV 16
2.841981106870681758e-16
-1.7900991109037703940e-32
0
0
DERIV 17
-1.6717535922768716223e-17
1.0529994770022177883e-33
0
0
DERIV 18
9.287519957093729737e-19
9.129458028555069160e-35
0
0
DERIV 19
-4.888168398470384484e-20
-6.870355944641699678e-37
0
0
DERIV 20
2.4440841992351921668e-21
1.0958341817583490725e-37
0
0
DERIV 21
-1.1638496186834249309e-22
3.737889426463385461e-39
0
0
DERIV 22
5.290225539470113389e-24
-2.3669351659051115159e-40
0
0
DERIV 23
-2.300098060639179694e-25
6.298174801413910325e-42
0
0
DERIV 24
9.583741919329914437e-27
6.941958015868288834e-43
0
0
DERIV 25
-3.833496767731966259e-28
2.0661042863592522436e-44
0
0
DERIV 26
1.4744218337430639458e-29
-7.946554947535585911e-46
0
0
DERIV 27
-5.460821606455792067e-31
-3.005779461090817554e-48
0
0
DERIV 28
1.9502934308770686737e-32
-6.746253229994446135e-49
0
0
DERIV 29
-6.725149761645063979e-34
-1.8026664383512381040e-50
0
0
DERIV 30
2.2417165872150214333e-35
-4.682170712531322337e-52
0
0
DERIV 31
-7.231343829725875187e-37
-2.531101247105111361e-53
0
0
DERIV 32
2.2597949467893359960e-38
7.909691397203473002e-55
0
0
DERIV 33
-6.847863475119200062e-40
-1.6553643096072806229e-56
0
0
DERIV 34
2.0140774926821177253e-41
-1.1288039313007597958e-58
0
0
DERIV 35
-5.754507121948908128e-43
3.736283789941186123e-59
0
0
AT 21/4
0.005247518399181384623
-3.461602049984130951e-19
0
0
DERIV 1
-0.005247518399181384623
3.461602049984130951e-19
0
0
DERIV 2
0.002623759199590692311
-1.7308010249920654753e-19
0
0
DERIV 3
-0.0008745863998635640315
-1.4586777332631444418e-20
0
0
DERIV 4
0.00021864659996589100787
3.646694333157861104e-21
0
0
DERIV 5
-4.372931999317820293e-5
6.259138489753082464e-22
0
0
DERIV 6
7.288219998863034104e-6
-3.866632905806515031e-22
0
0
DERIV 7
-1.0411742855518619544e-6
-5.264740435214096675e-24
0
0
DERIV 8
1.3014678569398274429e-7
6.580925544017620844e-25
0
0
DERIV 9
-1.4460753965998083067e-8
2.945144328678165128e-25
0
0
DERIV 10
1.4460753965998083481e-9
-7.081047391443303732e-26
0
0
DERIV 11
-1.3146139969089166331e-10
1.7374259663517094267e-27
0
0
DERIV 12
1.0955116640907639147e-11
-6.833145418268531482e-28
0
0
DERIV 13
-8.427012800698183105e-13
-3.287704713264088131e-29
0
0
DERIV 14
6.019294857641559541e-14
5.452498689691786991e-31
0
0
DERIV 15
-4.012863238427706045e-15
-3.518943533530166354e-31
0
0
DERIV 16
2.508039524017316278e-16
2.1993397084563539715e-32
0
0
DERIV 17
-1.4753173670690098111e-17
1.0627026916877039243e-33
0
0
DERIV 18
8.196207594827831535e-19
1.5858237187964512869e-35
0
0
DERIV 19
-4.313793470962016439e-20
-2.4184680299481618110e-36
0
0
DERIV 20
2.1568967354810082947e-21
4.569176304478168169e-38
0
0
DERIV 21
-1.0270936835623848966e-22
-2.7355574549049788937e-39
0
0
DERIV 22
4.668607652556295385e-24
-2.7639318983009896975e-40
0
0
DERIV 23
-2.0298294141549108075e-25
-1.0941778829493500412e-41
0
0
DERIV 24
8.457622558978795510e-27
-2.2402424593975065464e-44
0
0
DERIV 25
-3.383049023591518096e-28
-9.865875222255591988e-45
0
0
DERIV 26
1.3011727013813531355e-29
1.6387236019062785723e-46
0
0
DERIV 27
-4.819158153264270743e-31
-1.9044332454512300294e-47
0
0
DERIV 28
1.7211279118800968892e-32
-1.2747817431491380256e-48
0
0
DERIV 29
-5.934923834069299530e-34
3.511021830966507720e-50
0
0
DERIV 30
1.9783079446897664208e-35
-2.7941904029143743458e-52
0
0
DERIV 31
-6.381638531257310711e-37
-2.331831374171406235e-53
0
0
DERIV 32
1.9942620410179095973e-38
7.286973044285644483e-55
0
0
DERIV 33
-6.043218306114877568e-40
-2.208173649783528878e-56
0
0
DERIV 34
1.7774171488573169317e-41
6.494628381716260158e-58
0
0
DERIV 35
-5.078334711020905678e-43
-2.625161979293365117e-60
0
0
AT 43/8
0.004630918733533245790
3.024748083376811168e-19
0
0
DERIV 1
-0.004630918733533245790
-3.024748083376811168e-19
0
0
DERIV 2
0.002315459366766622895
1.5123740416884055838e-19
0
0
DERIV 3
-0.0007718197889222077040
2.1867676776086776140e-20
0
0
DERIV 4
0.00019295494723055192600
-5.466919194021694035e-21
0
0
DERIV 5
-3.859098944611038655e-5
2.4486365544112191991e-21
0
0
DERIV 6
6.431831574351730810e-6
-1.2576177665043645150e-22
0
0
DERIV 7
-9.188330820502471981e-7
-4.253638528238767652e-23
0
0
DERIV 8
1.1485413525628089976e-7
5.317048160298459565e-24
0
0
DERIV 9
-1.2761570584031211268e-8
-4.069652150213782462e-25
0
0
DERIV 10
1.2761570584031212095e-9
-4.202153975316494402e-26
0
0
DERIV 11
-1.1601427803664738034e-10
1.4701950555348027828e-27
0
0
DERIV 12
9.667856503053948361e-12
-1.2251625462790021695e-28
0
0
DERIV 13
-7.436812694656882811e-13
-4.494639357308664356e-29
0
0
DERIV 14
5.312009067612059782e-14
-3.1004305579761914319e-30
0
0
DERIV 15
-3.5413393784080398283e-15
1.8040000702437903820e-31
0
0
DERIV 16
2.2133371115050248927e-16
-1.1275000439023689887e-32
0
0
DERIV 17
-1.3019630067676616291e-17
-6.182065912085999497e-35
0
0
DERIV 18
7.233127815375897832e-19
1.4134091864421308530e-35
0
0
DERIV 19
-3.806909376513630533e-20
2.063948086425803358e-37
0
0
DERIV 20
1.9034546882568153418e-21
-8.555137888475541939e-38
0
0
DERIV 21
-9.064069944080073056e-23
4.073875184988352962e-39
0
0
DERIV 22
4.120031792763669103e-24
2.8235001748666648041e-40
0
0
DERIV 23
-1.7913181707668127335e-25
-4.290392398725393574e-42
0
0
DERIV 24
7.463825711528385911e-27
6.570762257697623190e-43
0
0
DERIV 25
-2.985530284611354562e-28
-6.552766653097068103e-45
0
0
DERIV 26
1.1482808786966748638e-29
-7.134708203276288475e-47
0
0
DERIV 27
-4.252892143321018079e-31
9.129977410124629689e-48
0
0
DERIV 28
1.5188900511860777681e-32
8.468912624102954152e-49
0
0
DERIV 29
-5.237551900641648095e-34
3.273126285419517641e-50
0
0
DERIV 30
1.7458506335472160140e-35
-9.128577811336928967e-52
0
0
DERIV 31
-5.631776237249083350e-37
-2.713367935046162876e-53
0
0
DERIV 32
1.7599300741403385470e-38
8.479274797019258987e-55
0
0
DERIV 33
-5.333121436788904663e-40
-2.816647835005780140e-56
0
0
DERIV 34
1.5685651284673248709e-41
1.1283019582736911329e-57
0
0
DERIV 35
-4.481614652763785550e-43
-1.1754588521831074774e-59
0
0
AT 11/2
0.004086771438464066597
3.964685978215831607e-19
0
0
DERIV 1
-0.004086771438464066597
-3.964685978215831607e-19
0
0
DERIV 2
0.002043385719232033298
1.9823429891079158036e-19
0
0
DERIV 3
-0.0006811285730773445051
6.202045195436432470e-21
0
0
DERIV 4
0.00017028214326933612628
-1.5505112988591081174e-21
0
0
DERIV 5
-3.405642865386722390e-5
-1.0451504558350588438e-21
0
0
DERIV 6
5.676071442311204266e-6
-1.0815257311225696455e-22
0
0
DERIV 7
-8.108673489016005791e-7
-1.4800809100188302468e-23
0
0
DERIV 8
1.0135841861270007239e-7
1.8501011375235378085e-24
0
0
DERIV 9
-1.1262046512522230817e-8
3.458869486438475517e-25
0
0
DERIV 10
1.1262046512522229577e-9
8.948839701856939147e-26
0
0
DERIV 11
-1.0238224102292936331e-10
-4.610391436831474604e-27
0
0
DERIV 12
8.531853418577448020e-12
-6.928588028591319312e-28
0
0
DERIV 13
-6.562964168136497467e-13
-4.767736487912551983e-29
0
0
DERIV 14
4.687831548668927393e-14
-2.9053611789734143551e-30
0
0
DERIV 15
-3.1252210324459513325e-15
-6.926288980877630563e-32
0
0
DERIV 16
1.9532631452787195828e-16
4.328930613048519102e-33
0
0
DERIV 17
-1.1489783207521879808e-17
-3.452749746210769234e-34
0
0
DERIV 18
6.383212893067711112e-19
8.482332232352963378e-36
0
0
DERIV 19
-3.359585733193532259e-20
5.038558419093353944e-37
0
0
DERIV 20
1.6797928665967661295e-21
-2.519279209546677181e-38
0
0
DERIV 21
-7.999013650460791317e-23
3.438693625159917596e-39
0
0
DERIV 22
3.635915295663995719e-24
1.7764300306724450753e-40
0
0
DERIV 23
-1.5808327372452156299e-25
2.2585103185971092923e-42
0
0
DERIV 24
6.586803071855064646e-27
3.842052792146580064e-43
0
0
DERIV 25
-2.634721228742026002e-28
-1.0189148939001931744e-45
0
0
DERIV 26
1.0133543187469330346e-29
4.703577926345665046e-46
0
0
DERIV 27
-3.753164143507159679e-31
1.1773059020301595134e-47
0
0
DERIV 28
1.3404157655382713140e-32
-4.204663935821998479e-49
0
0
DERIV 29
-4.622123329442314817e-34
8.600325935734459169e-51
0
0
DERIV 30
1.5407077764807714987e-35
7.824283528457295799e-52
0
0
DERIV 31
-4.970025085421843598e-37
-1.9850985756934431609e-53
0
0
DERIV 32
1.5531328391943261244e-38
6.203433049042009878e-55
0
0
DERIV 33
-4.706463149073715899e-40
1.8277311601379465553e-56
0
0
DERIV 34
1.3842538673746223833e-41
-1.1373202371727897609e-57
0
0
DERIV 35
-3.955011049641777601e-43
-3.122881252607552573e-59
0
0
AT 45/8
0.003606563136015730493
6.296581764645868618e-20
0
0
DERIV 1
-0.003606563136015730493
-6.296581764645868618e-20
0
0
DERIV 2
0.0018032815680078652463
3.148290882322934309e-20
0
0
DERIV 3
-0.0006010938560026217849
2.5645769475107033437e-20
0
0
DERIV 4
0.00015027346400065544623
-6.411442368776758359e-21
0
0
DERIV 5
-3.0054692800131086535e-5
-1.4282169574584094132e-21
0
0
DERIV 6
5.009115466688514987e-6
-3.266524719264653239e-22
0
0
DERIV 7
-7.155879238126449982e-7
4.666463884663790425e-23
0
0
DERIV 8
8.944849047658062477e-8
-5.833079855829738031e-24
0
0
DERIV 9
-9.938721164064512393e-9
-8.224233272243005195e-25
0
0
DERIV 10
9.938721164064512806e-10
4.088330209477866820e-26
0
0
DERIV 11
-9.035201058240466070e-11
-4.891636287810884148e-27
0
0
DERIV 12
7.529334215200389469e-12
-6.694217319441810761e-28
0
0
DERIV 13
-5.791795550154145668e-13
4.372673354429935374e-29
0
0
DERIV 14
4.136996821538675477e-14
-3.1233381103070966459e-30
0
0
DERIV 15
-2.7579978810257832831e-15
-1.5991254841599907635e-31
0
0
DERIV 16
1.7237486756411145519e-16
9.994534275999942272e-33
0
0
DERIV 17
-1.0139698092006557094e-17
3.184061928881144056e-34
0
0
DERIV 18
5.633165606670309604e-19
-2.838884374037988719e-35
0
0
DERIV 19
-2.964824003510689360e-20
2.4444440510005382276e-36
0
0
DERIV 20
1.4824120017553444920e-21
6.585689358153908990e-38
0
0
DERIV 21
-7.059104770263545480e-23
-3.3724647811546275827e-40
0
0
DERIV 22
3.2086839864834297636e-24
1.5329385368884669440e-41
0
0
DERIV 23
-1.3950799941232302721e-25
-6.655766504603108065e-42
0
0
DERIV 24
5.812833308846793279e-27
-2.0098627146440804421e-43
0
0
DERIV 25
-2.325133323538717311e-28
8.039450858576322565e-45
0
0
DERIV 26
8.942820475148913060e-30
-6.325862170971240142e-46
0
0
DERIV 27
-3.312155731536634223e-31
-8.989791872271844479e-49
0
0
DERIV 28
1.1829127612630836316e-32
2.2760004691057146355e-49
0
0
DERIV 29
-4.079009521596840227e-34
3.948752964869985018e-51
0
0
DERIV 30
1.3596698405322800757e-35
-1.3162509882899951295e-52
0
0
DERIV 31
-4.386031743652516562e-37
2.310620577940862367e-53
0
0
DERIV 32
1.3706349198914114256e-38
-7.220689306065194896e-55
0
0
DERIV 33
-4.153439151186094685e-40
-3.249666054827499244e-56
0
0
DERIV 34
1.2215997503488515429e-41
-6.935345506937448909e-58
0
0
DERIV 35
-3.4902850009967185803e-43
8.436044940303766334e-60
0
0
AT 23/4
0.003182780796509666887
1.8058031989230334002e-19
0
0
DERIV 1
-0.003182780796509666887
-1.8058031989230334002e-19
0
0
DERIV 2
0.0015913903982548334437
9.029015994615167001e-20
0
0
DERIV 3
-0.0005304634660849445174
6.043352434132922959e-21
0
0
DERIV 4
0.00013261586652123612934
-1.5108381085332307399e-21
0
0
DERIV 5
-2.6523173304247224513e-5
-1.0530850939002343945e-21
0
0
DERIV 6
4.420528884041204368e-6
-1.0683013343472771393e-22
0
0
DERIV 7
-6.315041262916005635e-7
-4.524090574177463484e-23
0
0
DERIV 8
7.893801578645007044e-8
5.655113217721829354e-24
0
0
DERIV 9
-8.770890642938897083e-9
-2.607100852788576334e-25
0
0
DERIV 10
8.770890642938897703e-10
-3.596753741359130883e-26
0
0
DERIV 11
-7.973536948126269817e-11
-4.955031098581463010e-27
0
0
DERIV 12
6.644614123438558719e-12
-1.2560978641575549742e-28
0
0
DERIV 13
-5.111241633414275938e-13
9.662291262750422447e-30
0
0
DERIV 14
3.650886881010197189e-14
-1.5917189818776149451e-30
0
0
DERIV 15
-2.4339245873401313013e-15
-5.165758225236136036e-32
0
0
DERIV 16
1.5212028670875820633e-16
3.228598890772585023e-33
0
0
DERIV 17
-8.948252159338717748e-18
-4.618135739589383133e-34
0
0
DERIV 18
4.971251199632620757e-19
4.705553126868808304e-35
0
0
DERIV 19
-2.6164479998066426778e-20
-7.344005447122349986e-37
0
0
DERIV 20
1.3082239999033213013e-21
7.433584646192494810e-38
0
0
DERIV 21
-6.229638094777720762e-23
-7.410061390862178563e-40
0
0
DERIV 22
2.8316536794444186285e-24
-6.650208039570778834e-41
0
0
DERIV 23
-1.2311537736714863602e-25
2.891394799813381908e-42
0
0
DERIV 24
5.129807390297859834e-27
-1.2047478332555758613e-43
0
0
DERIV 25
-2.051922956119143862e-28
-2.3556568043207599827e-45
0
0
DERIV 26
7.892011369689014422e-30
5.217709430353575596e-46
0
0
DERIV 27
-2.922967173958894247e-31
-1.7702976519452111720e-47
0
0
DERIV 28
1.0439168478424622310e-32
6.322491614090040008e-49
0
0
DERIV 29
-3.599713268422283762e-34
-1.1568919430466270230e-51
0
0
DERIV 30
1.1999044228074278760e-35
4.840238497835868418e-52
0
0
DERIV 31
-3.870659428411057853e-37
3.246562275776805175e-54
0
0
DERIV 32
1.2095810713784555791e-38
-1.0145507111802516173e-55
0
0
DERIV 33
-3.6653971859953200354e-40
1.2961221045998526019e-56
0
0
DERIV 34
1.0780579958809763836e-41
5.933850207516611910e-58
0
0
DERIV 35
-3.0801657025170756092e-43
5.804598137558998785e-60
0
0
AT 47/8
0.002808794194525512759
-1.3680385930573047204e-19
0
0
DERIV 1
-0.002808794194525512759
1.3680385930573047204e-19
0
0
DERIV 2
0.0014043970972627563797
-6.840192965286523602e-20
0
0
DERIV 3
-0.0004681323657542520904
-1.3339429198561736797e-20
0
0
DERIV 4
0.00011703309143856302260
3.3348572996404341993e-21
0
0
DERIV 5
-2.3406618287712605876e-5
6.882812556787936462e-22
0
0
DERIV 6
3.901103047952100979e-6
-1.1471354261313229004e-22
0
0
DERIV 7
-5.573004354217287416e-7
4.663882563238676783e-23
0
0
DERIV 8
6.966255442771609270e-8
-5.829853204048345979e-24
0
0
DERIV 9
-7.740283825301786975e-9
-4.551460162875540643e-25
0
0
DERIV 10
7.740283825301786975e-10
4.551460162875540528e-26
0
0
DERIV 11
-7.036621659365260886e-11
-4.137691057159582429e-27
0
0
DERIV 12
5.863851382804384341e-12
7.554306578119315415e-29
0
0
DERIV 13
-4.510654909849526494e-13
1.9562407759304892920e-30
0
0
DERIV 14
3.221896364178233120e-14
7.618238362575499335e-31
0
0
DERIV 15
-2.1479309094521554394e-15
-2.4492892243136271274e-32
0
0
DERIV 16
1.3424568184075971496e-16
1.5308057651960169546e-33
0
0
DERIV 17
-7.896804814162335902e-18
-3.619433901014931354e-34
0
0
DERIV 18
4.387113785645742703e-19
-3.339008789400693165e-35
0
0
DERIV 19
-2.3090072556030223802e-20
8.070786665987683793e-37
0
0
DERIV 20
1.1545036278015112277e-21
-7.796975255625161296e-38
0
0
DERIV 21
-5.497636322864339236e-23
4.272604574498785362e-39
0
0
DERIV 22
2.4989256013019722463e-24
-6.063039533832120317e-41
0
0
DERIV 23
-1.0864893918704225960e-25
-9.342438831984888105e-42
0
0
DERIV 24
4.527039132793428201e-27
-3.2819652906826930940e-43
0
0
DERIV 25
-1.8108156531173711906e-28
4.159550991051943595e-45
0
0
DERIV 26
6.964675588912966657e-30
-6.989436782423121126e-46
0
0
DERIV 27
-2.579509477375172414e-31
-1.6281900889688953354e-47
0
0
DERIV 28
9.212533847768474081e-33
-5.914654238544266044e-49
0
0
DERIV 29
-3.176735809575335580e-34
-1.0571845473674176663e-50
0
0
DERIV 30
1.0589119365251118333e-35
6.196713201316921151e-52
0
0
DERIV 31
-3.415844956532618992e-37
-2.4763222062649955490e-54
0
0
DERIV 32
1.0674515489164434351e-38
7.738506894578111090e-56
0
0
DERIV 33
-3.2347016633831621099e-40
1.6192794694820623341e-56
0
0
DERIV 34
9.513828421715182151e-42
4.852455029008359454e-59
0
0
DERIV 35
-2.7182366919186235970e-43
1.1130735007752592940e-59
0
0
AT 6
0.002478752176666358491
-6.768570073847723552e-20
0
0
DERIV 1
-0.002478752176666358491
6.768570073847723552e-20
0
0
DERIV 2
0.0012393760883331792454
-3.384285036923861776e-20
0
0
DERIV 3
-0.0004131253627777263971
-6.789086085012201815e-21
0
0
DERIV 4
0.00010328134069443159926
1.6972715212530504538e-21
0
0
DERIV 5
-2.0656268138886321885e-5
1.6934247691597106478e-21
0
0
DERIV 6
3.442711356481053506e-6
-1.4106530365090173379e-22
0
0
DERIV 7
-4.918159080687218992e-7
-1.0098990451810478921e-23
0
0
DERIV 8
6.147698850859023740e-8
1.2623738064763098651e-24
0
0
DERIV 9
-6.830776500954471282e-9
3.192810284765364857e-25
0
0
DERIV 10
6.830776500954470869e-10
9.430927779997734023e-27
0
0
DERIV 11
-6.209796819049518502e-11
-5.557246914960178192e-27
0
0
DERIV 12
5.174830682541265956e-12
-7.542513505086251324e-29
0
0
DERIV 13
-3.980638986570204776e-13
2.5220048055506638629e-29
0
0
DERIV 14
2.843313561835860644e-14
-2.7029873242173446724e-30
0
0
DERIV 15
-1.8955423745572403771e-15
1.2760842793308886510e-31
0
0
DERIV 16
1.1847139840982752357e-16
-7.975526745818054069e-33
0
0
DERIV 17
-6.968905788813383105e-18
-1.6527534957355687400e-34
0
0
DERIV 18
3.871614327118546116e-19
1.4531769266273258962e-35
0
0
DERIV 19
-2.0376917511150244774e-20
1.2941411962680247441e-36
0
0
DERIV 20
1.0188458755575122011e-21
-2.709124058708803591e-38
0
0
DERIV 21
-4.851647026464343563e-23
-1.2288573904721382270e-39
0
0
DERIV 22
2.2052941029383380165e-24
2.2462428236736753653e-41
0
0
DERIV 23
-9.588235230166687477e-26
3.515326301782754671e-42
0
0
DERIV 24
3.995098012569452637e-27
3.3183794658192279551e-43
0
0
DERIV 25
-1.5980392050277811715e-28
-1.6147146400944329814e-45
0
0
DERIV 26
6.146304634722235383e-30
-4.568778032904619474e-47
0
0
DERIV 27
-2.276409123971198274e-31
7.026678958872822199e-50
0
0
DERIV 28
8.130032585611422406e-33
-2.5095281995974365845e-51
0
0
DERIV 29
-2.803459512279801036e-34
2.0731338733112042450e-50
0
0
DERIV 30
9.344865040932669853e-36
-4.237681534278485319e-52
0
0
DERIV 31
-3.014472593849248218e-37
1.5455037442301141194e-54
0
0
DERIV 32
9.420226855778900683e-39
-4.829699200719106623e-56
0
0
DERIV 33
-2.8546141987208789824e-40
2.2769209340000878114e-58
0
0
DERIV 34
8.395924113884937959e-42
2.1821026705987534899e-58
0
0
DERIV 35
-2.3988354611099821487e-43
-1.8751729789179993158e-59
0
0
AT 49/8
0.002187491118182885094
2.904510593183388025e-20
0
0
DERIV 1
-0.002187491118182885094
-2.904510593183388025e-20
0
0
DERIV 2
0.0010937455590914425471
1.4522552965916940127e-20
0
0
DERIV 3
-0.0003645818530304808310
-2.2910887196730719606e-20
0
0
DERIV 4
9.114546325762020774e-5
5.727721799182679902e-21
0
0
DERIV 5
-1.8229092651524044259e-5
1.5649610713772250295e-21
0
0
DERIV 6
3.038182108587340569e-6
-1.1965468735382079741e-22
0
0
DERIV 7
-4.340260155124771938e-7
-1.3157649922822042730e-23
0
0
DERIV 8
5.425325193905964923e-8
1.6447062403527553413e-24
0
0
DERIV 9
-6.028139104339961026e-9
-1.8274513781697281060e-25
0
0
DERIV 10
6.028139104339960819e-10
3.895402909552297064e-26
0
0
DERIV 11
-5.480126458490873648e-11
-1.7788166808010351182e-27
0
0
DERIV 12
4.566772048742394976e-12
-1.2102979891535242893e-28
0
0
DERIV 13
-3.512901575955688559e-13
2.0960853285983592613e-29
0
0
DERIV 14
2.5092154113969203095e-14
-5.956484858891001911e-31
0
0
DERIV 15
-1.6728102742646134213e-15
-7.861923672387841817e-32
0
0
DERIV 16
1.0455064214153833883e-16
4.913702295242401135e-33
0
0
DERIV 17
-6.150037773031667035e-18
-2.437253127933827677e-34
0
0
DERIV 18
3.416687651684259411e-19
1.8890100556263587280e-35
0
0
DERIV 19
-1.7982566587811893060e-20
4.312257519306272186e-37
0
0
DERIV 20
8.991283293905946154e-22
1.6054531629781839323e-38
0
0
DERIV 21
-4.281563473288545648e-23
-2.1638995428732869234e-39
0
0
DERIV 22
1.9461652151311573463e-24
-1.3540401099882822938e-40
0
0
DERIV 23
-8.461587891874597008e-26
4.389813040851370516e-42
0
0
DERIV 24
3.525661621614415181e-27
5.624606120929501194e-44
0
0
DERIV 25
-1.4102646486457661172e-28
2.2343126374676139999e-45
0
0
DERIV 26
5.424094802483715404e-30
3.4523365681272780302e-46
0
0
DERIV 27
-2.008924000919894902e-31
1.8029159495560456862e-47
0
0
DERIV 28
7.174728574713909388e-33
3.3356968342084381095e-49
0
0
DERIV 29
-2.474044336108244646e-34
-8.553145265444604077e-51
0
0
DERIV 30
8.246814453694148909e-36
1.9601268517841362425e-52
0
0
DERIV 31
-2.660262726998112780e-37
1.6578723901284705551e-53
0
0
DERIV 32
8.313321021869102439e-39
-5.180851219151470485e-55
0
0
DERIV 33
-2.5191881884451825325e-40
1.3227842911065619182e-56
0
0
DERIV 34
7.409377024838771780e-42
-1.4209047706058873796e-59
0
0
DERIV 35
-2.1169648642396490343e-43
-4.145718383062467333e-60
0
0
AT 25/4
0.0019304541362277093022
-5.994859130191625488e-20
0
0
DERIV 1
-0.0019304541362277093022
5.994859130191625488e-20
0
0
DERIV 2
0.0009652270681138546511
-2.997429565095812744e-20
0
0
DERIV 3
-0.0003217423560379515323
-8.078604324439031421e-21
0
0
DERIV 4
8.043558900948788307e-5
2.0196510811097578551e-21
0
0
DERIV 5
-1.6087117801897577292e-5
2.736961415814886626e-22
0
0
DERIV 6
2.681186300316262741e-6
9.555613427880194216e-23
0
0
DERIV 7
-3.830266143308947000e-7
9.037506190197052220e-24
0
0
DERIV 8
4.787832679136183749e-8
-1.1296882737746315275e-24
0
0
DERIV 9
-5.319814087929093239e-9
3.093388332089652392e-25
0
0
DERIV 10
5.319814087929093239e-10
-3.093388332089652162e-26
0
0
DERIV 11
-4.836194625390084704e-11
2.2246849804841813370e-27
0
0
DERIV 12
4.030162187825070586e-12
-1.8539041504034842233e-28
0
0
DERIV 13
-3.100124759865438680e-13
-9.040936351116931180e-30
0
0
DERIV 14
2.2143748284753134327e-14
-2.557741523156612835e-31
0
0
DERIV 15
-1.4762498856502090340e-15
9.593770067647860382e-32
0
0
DERIV 16
9.226561785313806463e-17
-5.996106292279912739e-33
0
0
DERIV 17
-5.427389285478709095e-18
-2.363958481490419973e-34
0
0
DERIV 18
3.015216269710393942e-19
1.3133102674946778814e-35
0
0
DERIV 19
-1.5869559314265233331e-20
1.3677552273904711029e-36
0
0
DERIV 20
7.934779657132615725e-22
2.565178669625944863e-38
0
0
DERIV 21
-3.778466503396483567e-23
-2.3410320815573903096e-39
0
0
DERIV 22
1.7174847742711290275e-24
-2.716835434083310998e-41
0
0
DERIV 23
-7.467325105526647796e-26
-3.1608507471363445759e-43
0
0
DERIV 24
3.1113854606361031287e-27
1.3274768040211915580e-43
0
0
DERIV 25
-1.2445541842544413770e-28
7.245727024265594624e-45
0
0
DERIV 26
4.786746862517082112e-30
-1.7088961906215233521e-46
0
0
DERIV 27
-1.7728692083396598791e-31
-9.889487075531592707e-48
0
0
DERIV 28
6.331675744070214831e-33
-6.242722698504460750e-49
0
0
DERIV 29
-2.183336463472487607e-34
-5.016688505382974209e-51
0
0
DERIV 30
7.277788211574958603e-36
2.5631510718250567913e-52
0
0
DERIV 31
-2.347673616637083676e-37
1.7327803746003706559e-53
0
0
DERIV 32
7.336480051990886488e-39
-5.414938670626158300e-55
0
0
DERIV 33
-2.2231757733305715641e-40
6.522080110990593946e-57
0
0
DERIV 34
6.538752274501680396e-42
4.828953943916682096e-58
0
0
DERIV 35
-1.8682149355719088440e-43
2.1339078429911458745e-60
0
0
AT 51/8
0.0017036197958025739788
7.530229911178090269e-21
0
0
DERIV 1
-0.0017036197958025739788
-7.530229911178090269e-21
0
0
DERIV 2
0.0008518098979012869894
3.765114955589045134e-21
0
0
DERIV 3
-0.0002839366326337623117
-1.9325074526621421526e-20
0
0
DERIV 4
7.098415815844057793e-5
4.831268631655355381e-21
0
0
DERIV 5
-1.4196831631688116264e-5
-2.886273685276308521e-22
0
0
DERIV 6
2.366138605281352852e-6
-9.306759645444491450e-23
0
0
DERIV 7
-3.380198007544789486e-7
-1.6955805765590022644e-23
0
0
DERIV 8
4.225247509430986857e-8
2.1194757206987528306e-24
0
0
DERIV 9
-4.694719454923319374e-9
4.078653963524934020e-25
0
0
DERIV 10
4.694719454923319167e-10
-2.0107024321423649477e-26
0
0
DERIV 11
-4.267926777203017248e-11
6.545261042836939822e-29
0
0
DERIV 12
3.5566056476691811747e-12
-1.4008664536008346371e-28
0
0
DERIV 13
-2.735850498207062481e-13
1.4659518714940632681e-29
0
0
DERIV 14
1.9541789272907589150e-14
-1.0471084796386165200e-30
0
0
DERIV 15
-1.3027859515271725442e-15
4.068823207490122385e-33
0
0
DERIV 16
8.142412197044828401e-17
-2.543014504681326491e-34
0
0
DERIV 17
-4.789654233555781141e-18
-2.569370832977196192e-34
0
0
DERIV 18
2.660919018642101008e-19
-2.3174355402100719783e-35
0
0
DERIV 19
-1.4004836940221582670e-20
-3.641210515236758512e-37
0
0
DERIV 20
7.002418470110791147e-22
3.701396218934039478e-38
0
0
DERIV 21
-3.334484985767043599e-23
1.9658762330665092330e-40
0
0
DERIV 22
1.5156749935304742631e-24
9.124837656750627510e-41
0
0
DERIV 23
-6.589891276219453767e-26
5.246328960971231656e-43
0
0
DERIV 24
2.7457880317581056167e-27
9.771776495167093146e-44
0
0
DERIV 25
-1.0983152127032422646e-28
-2.1150485637310712582e-45
0
0
DERIV 26
4.224289279627854702e-30
2.4303630602713545572e-46
0
0
DERIV 27
-1.5645515850473536177e-31
-6.568534833774432946e-48
0
0
DERIV 28
5.587684232311977206e-33
2.3459052977765829238e-49
0
0
DERIV 29
-1.926787666314474825e-34
-1.5462472640863240188e-50
0
0
DERIV 30
6.422625554381583552e-36
-2.8641365833221737899e-52
0
0
DERIV 31
-2.071814694961800998e-37
-5.579605684350927868e-54
0
0
DERIV 32
6.474420921755628117e-39
1.7436267763596649589e-55
0
0
DERIV 33
-1.9619457338653420638e-40
1.5725785517844749342e-56
0
0
DERIV 34
5.770428629015710903e-42
5.870433321035935991e-58
0
0
DERIV 35
-1.6486938940044890456e-43
4.847866448123464968e-60
0
0
AT 13/2
0.0015034391929775723674
7.993950818061376382e-20
0
0
DERIV 1
-0.0015034391929775723674
-7.993950818061376382e-20
0
0
DERIV 2
0.0007517195964887861837
3.996975409030688191e-20
0
0
DERIV 3
-0.0002505731988295953946
-1.3323251363435628307e-20
0
0
DERIV 4
6.264329970739884864e-5
3.3308128408589070768e-21
0
0
DERIV 5
-1.2528659941479770745e-5
3.502769685333790197e-22
0
0
DERIV 6
2.088109990246628458e-6
-5.837949475556316604e-23
0
0
DERIV 7
-2.983014271780897948e-7
2.3465516166050102043e-23
0
0
DERIV 8
3.728767839726122435e-8
-2.9331895207562627553e-24
0
0
DERIV 9
-4.143075377473469280e-9
2.340009898003594330e-25
0
0
DERIV 10
4.143075377473468866e-10
1.7958931647615438724e-26
0
0
DERIV 11
-3.766432161339517151e-11
-1.6326301497832216369e-27
0
0
DERIV 12
3.1386934677829309593e-12
1.3605251248193515136e-28
0
0
DERIV 13
-2.414379590602254778e-13
8.952536706829894983e-30
0
0
DERIV 14
1.7245568504301818042e-14
1.1636437328744630815e-30
0
0
DERIV 15
-1.1497045669534545756e-15
-3.813320359724694557e-32
0
0
DERIV 16
7.185653543459091097e-17
2.3833252248279340984e-33
0
0
DERIV 17
-4.226855025564171460e-18
8.638439199685514711e-35
0
0
DERIV 18
2.348252791980095416e-19
-2.0848549091941141469e-35
0
0
DERIV 19
-1.2359225220947869028e-20
-4.865319099531273546e-37
0
0
DERIV 20
6.179612610473934514e-22
2.432659549765636773e-38
0
0
DERIV 21
-2.942672671654254782e-23
1.3605071566355509663e-39
0
0
DERIV 22
1.3375784871155702888e-24
4.948217358741292972e-42
0
0
DERIV 23
-5.815558639632914549e-26
2.2803899017392702957e-42
0
0
DERIV 24
2.4231494331803810620e-27
-9.501624590580292235e-44
0
0
DERIV 25
-9.692597732721523755e-29
-1.1319207581912391272e-45
0
0
DERIV 26
3.727922204892893590e-30
2.0522369812175732077e-46
0
0
DERIV 27
-1.3807119277381087695e-31
-4.357131263016898538e-48
0
0
DERIV 28
4.931114027636103139e-33
-2.3537546391145483702e-49
0
0
DERIV 29
-1.7003841474607251319e-34
-7.313775261171019971e-52
0
0
DERIV 30
5.667947158202417285e-36
-1.5380506313557631849e-52
0
0
DERIV 31
-1.8283700510330378540e-37
6.982193097689101740e-54
0
0
DERIV 32
5.713656409478243294e-39
-2.1819353430278442938e-55
0
0
DERIV 33
-1.7314110331752251231e-40
-5.128679348019029430e-57
0
0
DERIV 34
5.092385391691838897e-42
-1.4903261421260779521e-58
0
0
DERIV 35
-1.4549672547690968164e-43
3.120151898122756887e-60
0
0
AT 53/8
0.0013267804310269915025
-2.1465812186421492943e-20
0
0
DERIV 1
-0.0013267804310269915025
2.1465812186421492943e-20
0
0
DERIV 2
0.0006633902155134957512
-1.0732906093210746472e-20
0
0
DERIV 3
-0.00022113007183783192611
1.2612653468449452942e-20
0
0
DERIV 4
5.528251795945798153e-5
-3.1531633671123632355e-21
0
0
DERIV 5
-1.1056503591891595289e-5
-3.858068632826877786e-22
0
0
DERIV 6
1.8427505986485992854e-6
-6.284935057410397268e-24
0
0
DERIV 7
-2.632500855212284693e-7
8.978478653443424143e-25
0
0
DERIV 8
3.290626069015355867e-8
-1.1223098316804280179e-25
0
0
DERIV 9
-3.656251187794839668e-9
-1.7134780465977917199e-25
0
0
DERIV 10
3.656251187794839772e-10
6.795022809065071838e-27
0
0
DERIV 11
-3.323864716177127359e-11
2.3197018062534156102e-27
0
0
DERIV 12
2.7698872634809393311e-12
-5.867622269673195646e-29
0
0
DERIV 13
-2.1306825103699531763e-13
-1.1020936079988236040e-29
0
0
DERIV 14
1.5219160788356810656e-14
-1.4666785806323025840e-30
0
0
DERIV 15
-1.0146107192237872982e-15
1.8892481520052325971e-32
0
0
DERIV 16
6.341316995148670614e-17
-1.1807800950032703732e-33
0
0
DERIV 17
-3.730186467734512035e-18
-2.1174344735677546344e-35
0
0
DERIV 18
2.0723258154080621614e-19
9.201060586928902556e-36
0
0
DERIV 19
-1.0906977975831906746e-20
1.4926324028901694766e-37
0
0
DERIV 20
5.453488987915953749e-22
-4.507898124076404973e-38
0
0
DERIV 21
-2.5968995180552157912e-23
-6.521779190643013429e-40
0
0
DERIV 22
1.1804088718432799051e-24
2.964445086655915241e-41
0
0
DERIV 23
-5.132212486275130172e-26
2.0842870402989364319e-43
0
0
DERIV 24
2.1384218692813043579e-27
-1.2826199829029661689e-43
0
0
DERIV 25
-8.553687477125216893e-29
-2.5050617139543252213e-46
0
0
DERIV 26
3.289879798894314028e-30
1.7132313709114936544e-46
0
0
DERIV 27
-1.2184739995904868068e-31
6.629684407039070455e-48
0
0
DERIV 28
4.351692855680309536e-33
2.5195967530832039647e-49
0
0
DERIV 29
-1.5005837433380379257e-34
6.795337792660981591e-51
0
0
DERIV 30
5.001945811126792685e-36
1.7440344675846331119e-52
0
0
DERIV 31
-1.6135309068150944212e-37
-4.952337821318323636e-54
0
0
DERIV 32
5.042284083797170066e-39
1.5476055691619761361e-55
0
0
DERIV 33
-1.5279648738779302922e-40
-7.779346643293168739e-57
0
0
DERIV 34
4.494014334935089132e-42
1.9131979748197665324e-58
0
0
DERIV 35
-1.2840040956957397578e-43
-4.897318531223457437e-60
0
0
AT 27/4
0.0011708796207911744292
-2.826994047703267263e-20
0
0
DERIV 1
-0.0011708796207911744292
2.826994047703267263e-20
0
0
DERIV 2
0.0005854398103955872146
-1.4134970238516336317e-20
0
0
DERIV 3
-0.00019514660346519572013
-1.3358379461919629464e-20
0
0
DERIV 4
4.878665086629893003e-5
3.3395948654799073661e-21
0
0
DERIV 5
-9.757330173259787362e-6
6.873337425108991257e-22
0
0
DERIV 6
1.6262216955432977525e-6
2.661653412390020810e-23
0
0
DERIV 7
-2.3231738507761396842e-7
-2.0964931743331672770e-26
0
0
DERIV 8
2.9039673134701746053e-8
2.6206164679164590963e-27
0
0
DERIV 9
-3.226630348300194052e-9
4.566329886762193053e-26
0
0
DERIV 10
3.226630348300194259e-10
-2.5245845200587885499e-26
0
0
DERIV 11
-2.933300316636540059e-11
5.326181448978453319e-28
0
0
DERIV 12
2.4444169305304500490e-12
-4.438484540815377953e-29
0
0
DERIV 13
-1.8803207157926537868e-13
-6.294838417477547141e-30
0
0
DERIV 14
1.3430862255661812763e-14
4.496313155341104976e-31
0
0
DERIV 15
-8.953908170441208246e-16
-5.627078454297442377e-32
0
0
DERIV 16
5.596192606525755153e-17
3.516924033935901485e-33
0
0
DERIV 17
-3.2918780038386797286e-18
1.9702109108151178602e-35
0
0
DERIV 18
1.8288211132437108801e-19
6.930146484493972353e-36
0
0
DERIV 19
-9.625374280230057105e-21
-5.231269485578436514e-37
0
0
DERIV 20
4.812687140115029117e-22
-3.026738141157761781e-38
0
0
DERIV 21
-2.2917557810071567223e-23
1.4413038767417913866e-39
0
0
DERIV 22
1.0417071731850712374e-24
-6.551381257917233946e-41
0
0
DERIV 23
-4.529161622543787590e-26
-1.1444210251660380973e-42
0
0
DERIV 24
1.8871506760599113760e-27
1.6726167833763598408e-43
0
0
DERIV 25
-7.548602704239646536e-29
3.623089563925214428e-45
0
0
DERIV 26
2.9033087323998639982e-30
-8.545350383078452346e-47
0
0
DERIV 27
-1.0752995305184681962e-31
8.030564254119856709e-48
0
0
DERIV 28
3.840355466137386317e-33
-1.8905904253519458999e-49
0
0
DERIV 29
-1.3242605055646158313e-34
-7.489696324097212417e-51
0
0
DERIV 30
4.414201685215386416e-36
-6.216600537418240716e-53
0
0
DERIV 31
-1.4239360274888343615e-37
5.373254092327702577e-54
0
0
DERIV 32
4.449800085902607380e-39
-1.6791419038524070552e-55
0
0
DERIV 33
-1.3484242684553355696e-40
5.088308799552749047e-57
0
0
DERIV 34
3.965953730750986782e-42
3.776643661697235032e-59
0
0
DERIV 35
-1.1331296373574247664e-43
-3.923848030364303472e-60
0
0
AT 55/8
0.0010332976386476370231
1.8337499621389043554e-20
0
0
DERIV 1
-0.0010332976386476370231
-1.8337499621389043554e-20
0
0
DERIV 2
0.0005166488193238185115
9.168749810694521777e-21
0
0
DERIV 3
-0.00017221627310793949481
-1.2091268040944044209e-20
0
0
DERIV 4
4.305406827698487370e-5
3.0228170102360110523e-21
0
0
DERIV 5
-8.610813655396975418e-6
7.306295575623804670e-23
0
0
DERIV 6
1.4351356092328291658e-6
5.840891964515202439e-23
0
0
DERIV 7
-2.0501937274754703881e-7
6.781456965947931142e-24
0
0
DERIV 8
2.5627421593443379851e-8
-8.476821207434913927e-25
0
0
DERIV 9
-2.847491288160375355e-9
-8.963101159584043202e-26
0
0
DERIV 10
2.847491288160375459e-10
-1.3766564973288029496e-27
0
0
DERIV 11
-2.5886284437821593903e-11
-1.0498218703465685067e-27
0
0
DERIV 12
2.1571903698184661586e-12
8.748515586221405343e-29
0
0
DERIV 13
-1.6593772075526664312e-13
8.804864298028074196e-30
0
0
DERIV 14
1.1852694339661902629e-14
-1.7814121830428431810e-31
0
0
DERIV 15
-7.901796226441267828e-16
-4.728848667129026675e-32
0
0
DERIV 16
4.938622641525792392e-17
2.9555304169556416721e-33
0
0
DERIV 17
-2.9050721420739956382e-18
-6.056473368049444863e-35
0
0
DERIV 18
1.6139289678188864924e-19
6.898047261563086188e-37
0
0
DERIV 19
-8.494362988520455936e-21
6.764152734377075336e-37
0
0
DERIV 20
4.247181494260227404e-22
2.2602965167584422657e-38
0
0
DERIV 21
-2.0224673782191560884e-23
7.428857730542819303e-40
0
0
DERIV 22
9.193033537359800903e-25
-8.385962395228074674e-41
0
0
DERIV 23
-3.996971103199912837e-26
-2.3432008819437420339e-42
0
0
DERIV 24
1.6654046263332970155e-27
9.763337008098924477e-44
0
0
DERIV 25
-6.661618505333188510e-29
5.788202825998445436e-46
0
0
DERIV 26
2.5621609635896879425e-30
-7.615841334325621893e-47
0
0
DERIV 27
-9.489485050332177565e-32
2.820681975676156032e-48
0
0
DERIV 28
3.389101803690063416e-33
-1.0073864198843414128e-49
0
0
DERIV 29
-1.1686557943758838481e-34
-5.374026557945400914e-51
0
0
DERIV 30
3.895519314586279984e-36
-3.1087264491872250218e-52
0
0
DERIV 31
-1.2566191337375096654e-37
9.354570020036361344e-54
0
0
DERIV 32
3.926934792929717704e-39
-2.9233031312613629201e-55
0
0
DERIV 33
-1.1899802402817325203e-40
-2.882110292765942255e-57
0
0
DERIV 34
3.499941883181566086e-42
2.3470601201146438371e-58
0
0
DERIV 35
-9.999833951947332357e-44
1.2165070452581284401e-61
0
0
AT 7
0.0009118819655545162437
-3.574480397859320739e-20
0
0
DERIV 1
-0.0009118819655545162437
3.574480397859320739e-20
0
0
DERIV 2
0.0004559409827772581219
-1.7872401989296603696e-20
0
0
DERIV 3
-0.00015198032759241935589
-1.2112568878326206503e-20
0
0
DERIV 4
3.799508189810483897e-5
3.0281422195815516257e-21
0
0
DERIV 5
-7.599016379620968133e-6
-2.668152650145901707e-22
0
0
DERIV 6
1.2665027299368280928e-6
-2.6116868102093329219e-23
0
0
DERIV 7
-1.8092896141954686284e-7
-3.831813014471491186e-24
0
0
DERIV 8
2.2616120177443357854e-8
4.789766268089363982e-25
0
0
DERIV 9
-2.512902241938151102e-9
1.7655276717484807236e-25
0
0
DERIV 10
2.512902241938150792e-10
1.3363996253253729424e-26
0
0
DERIV 11
-2.2844565835801373189e-11
1.1350361717298532196e-27
0
0
DERIV 12
1.9037138196501144324e-12
-9.458634764415443123e-29
0
0
DERIV 13
-1.4643952458847033319e-13
-4.913729403180827967e-31
0
0
DERIV 14
1.0459966042033595228e-14
3.509806716557734184e-32
0
0
DERIV 15
-6.973310694689063354e-16
-1.5487552898055352332e-32
0
0
DERIV 16
4.358319184180664596e-17
9.679720561284595208e-34
0
0
DERIV 17
-2.5637171671650968665e-18
-1.1623534021974425471e-35
0
0
DERIV 18
1.4242873150917205884e-19
-1.0053858912041620585e-35
0
0
DERIV 19
-7.496249026798528383e-21
-5.003351097705917833e-37
0
0
DERIV 20
3.748124513399264568e-22
-1.2599063737783609526e-38
0
0
DERIV 21
-1.7848211968567924834e-23
-1.0793222279469054169e-39
0
0
DERIV 22
8.112823622076329887e-25
7.316693925772424525e-42
0
0
DERIV 23
-3.527314618294056473e-26
-3.1811712720749673755e-43
0
0
DERIV 24
1.4697144242891901372e-27
7.304361477817122742e-44
0
0
DERIV 25
-5.878857697156760594e-29
-2.4733290825429074971e-45
0
0
DERIV 26
2.2610991142910618476e-30
1.4283899463680076084e-47
0
0
DERIV 27
-8.374441164040970130e-32
2.7147131317267034098e-48
0
0
DERIV 28
2.9908718443003463285e-33
4.966619510624675638e-50
0
0
DERIV 29
-1.0313351187242574652e-34
9.347088624304024499e-51
0
0
DERIV 30
3.437783729080857861e-36
4.479900720215859049e-53
0
0
DERIV 31
-1.1089624932518897202e-37
7.311408344083226806e-54
0
0
DERIV 32
3.465507791412155376e-39
-2.2848151075260083769e-55
0
0
DERIV 33
-1.0501538761855016290e-40
6.923682144018207065e-57
0
0
DERIV 34
3.088687871133827946e-42
1.7120744544239444561e-58
0
0
DERIV 35
-8.824822488953794159e-44
-4.607160599937617351e-60
0
0
AT 57/8
0.0008047330101246132463
2.4410959048953830354e-20
0
0
DERIV 1
-0.0008047330101246132463
-2.4410959048953830354e-20
0
0
DERIV 2
0.0004023665050623066231
1.2205479524476915177e-20
0
0
DERIV 3
-0.00013412216835410219868
-1.3103511278871509177e-20
0
0
DERIV 4
3.353054208852554967e-5
3.2758778197178772943e-21
0
0
DERIV 5
-6.706108417705110442e-6
-1.4695579559099523662e-22
0
0
DERIV 6
1.1176847362841850737e-6
2.4492632598499205124e-23
0
0
DERIV 7
-1.5966924804059786389e-7
-7.280344600028013590e-24
0
0
DERIV 8
1.9958656005074732986e-8
9.100430750035016987e-25
0
0
DERIV 9
-2.217628445008303573e-9
-1.9302485417294771073e-25
0
0
DERIV 10
2.2176284450083038834e-10
-1.1716787553443768170e-26
0
0
DERIV 11
-2.0160258590984579877e-11
1.8393315909890677678e-28
0
0
DERIV 12
1.6800215492487150571e-12
-8.264389383710191107e-29
0
0
DERIV 13
-1.2923242686528577556e-13
8.299034061859560464e-30
0
0
DERIV 14
9.230887633234697353e-15
3.087671729769020364e-31
0
0
DERIV 15
-6.153925088823131437e-16
-3.373215995214366622e-32
0
0
DERIV 16
3.846203180514457148e-17
2.1082599970089791385e-33
0
0
DERIV 17
-2.2624724591261513769e-18
-1.0725297213043722753e-35
0
0
DERIV 18
1.2569291439589728802e-19
1.1295460647320406523e-35
0
0
DERIV 19
-6.615416547152489477e-21
3.903165816314832086e-38
0
0
DERIV 20
3.307708273576244926e-22
-2.0759492521314014865e-38
0
0
DERIV 21
-1.5750991778934497690e-23
-9.706099884507641864e-40
0
0
DERIV 22
7.159541717697499535e-25
-1.4322134443686946889e-41
0
0
DERIV 23
-3.112844225085869313e-26
1.2359554017121937838e-43
0
0
DERIV 24
1.2970184271191122735e-27
-6.493854865165966996e-44
0
0
DERIV 25
-5.188073708476448601e-29
-2.3350286483569694408e-45
0
0
DERIV 26
1.9954129647986342659e-30
-9.882753756845731652e-47
0
0
DERIV 27
-7.390418388143089428e-32
-7.998721929428386376e-49
0
0
DERIV 28
2.6394351386225318407e-33
1.2631368771704454040e-49
0
0
DERIV 29
-9.101500478008731222e-35
3.017499623804521100e-51
0
0
DERIV 30
3.033833492669577208e-36
-2.3422155629809384121e-52
0
0
DERIV 31
-9.786559653772828490e-38
-4.568902614794231826e-54
0
0
DERIV 32
3.058299891804008903e-39
1.4277820671231974455e-55
0
0
DERIV 33
-9.267575429709117826e-41
-4.944538884085307236e-57
0
0
DERIV 34
2.7257574793262113691e-42
-9.822173687657189493e-59
0
0
DERIV 35
-7.787878512360603741e-44
1.0994511488315698347e-60
0
0
AT 29/4
0.0007101743888425490281
3.546078199295509522e-20
0
0
DERIV 1
-0.0007101743888425490281
-3.546078199295509522e-20
0
0
DERIV 2
0.0003550871944212745141
1.7730390996477547611e-20
0
0
DERIV 3
-0.00011836239814042484706
3.1248877718866874955e-21
0
0
DERIV 4
2.9590599535106211764e-5
-7.812219429716718739e-22
0
0
DERIV 5
-5.918119907021242353e-6
1.5624438859433435597e-22
0
0
DERIV 6
9.863533178368737960e-7
-9.662681037024742483e-23
0
0
DERIV 7
-1.4090761683383910238e-7
2.4596387950223951729e-24
0
0
DERIV 8
1.7613452104229887797e-8
-3.074548493777993966e-25
0
0
DERIV 9
-1.957050233803321004e-9
1.7202508535637121720e-25
0
0
DERIV 10
1.9570502338033207974e-10
3.477006778188570725e-27
0
0
DERIV 11
-1.7791365761848372648e-11
1.4463671662293650368e-27
0
0
DERIV 12
1.4826138134873643200e-12
-5.321446660692074567e-29
0
0
DERIV 13
-1.1404721642210495546e-13
1.1860666344246943367e-29
0
0
DERIV 14
8.146229744436066895e-15
5.051425272183814760e-31
0
0
DERIV 15
-5.430819829624045057e-16
1.2340717656666923401e-32
0
0
DERIV 16
3.394262393515028160e-17
-7.712948535416827126e-34
0
0
DERIV 17
-1.9966249373617812935e-18
6.802828484818411644e-35
0
0
DERIV 18
1.1092360763121006919e-19
-1.1044464576946231724e-36
0
0
DERIV 19
-5.838084612168951287e-21
3.352979552304458728e-37
0
0
DERIV 20
2.919042306084475455e-22
2.0430118516343073991e-39
0
0
DERIV 21
-1.3900201457545122476e-23
1.1621719543746267628e-39
0
0
DERIV 22
6.318273389793237406e-25
-4.447731645721110450e-41
0
0
DERIV 23
-2.747075386866624610e-26
-1.5599453339578784359e-42
0
0
DERIV 24
1.1446147445277603736e-27
-5.457974670747279188e-44
0
0
DERIV 25
-4.578458978111041180e-29
-9.557186917886786634e-46
0
0
DERIV 26
1.7609457608119389694e-30
-1.7137683559082244761e-47
0
0
DERIV 27
-6.522021336340514620e-32
-1.7620759059233419353e-49
0
0
DERIV 28
2.3292933344073267968e-33
-1.4032710728961708689e-49
0
0
DERIV 29
-8.032045980714919768e-35
2.6269225602553238510e-51
0
0
DERIV 30
2.6773486602383065892e-36
-8.756408534184411724e-53
0
0
DERIV 31
-8.636608581413891786e-38
-1.5536208900814575930e-54
0
0
DERIV 32
2.6989401816918411830e-39
4.855065281504554978e-56
0
0
DERIV 33
-8.178606611187397833e-41
1.6184008938615572815e-57
0
0
DERIV 34
2.4054725327021758145e-42
-2.885776851201695598e-59
0
0
DERIV 35
-6.872778664863359698e-44
3.100353259103987804e-60
0
0
AT 59/8
0.0006267266984484575745
2.2850176032274750679e-20
0
0
DERIV 1
-0.0006267266984484575745
-2.2850176032274750679e-20
0
0
DERIV 2
0.0003133633492242287872
1.1425088016137375339e-20
0
0
DERIV 3
-0.00010445444974140960027
7.091463799771432365e-22
0
0
DERIV 4
2.6113612435352400067e-5
-1.7728659499428580914e-22
0
0
DERIV 5
-5.222722487070479844e-6
-1.3394927045200290128e-22
0
0
DERIV 6
8.704537478450800093e-7
-1.2968161060262030091e-23
0
0
DERIV 7
-1.2435053540644000511e-7
5.633991523136987955e-24
0
0
DERIV 8
1.5543816925805000638e-8
-7.042489403921234944e-25
0
0
DERIV 9
-1.7270907695338888909e-9
9.318164553039191863e-27
0
0
DERIV 10
1.7270907695338888392e-10
4.238062373152503925e-27
0
0
DERIV 11
-1.5700825177580807042e-11
-9.727646280657301906e-28
0
0
DERIV 12
1.3084020981317339874e-12
1.3747588426617844627e-29
0
0
DERIV 13
-1.0064631524090261442e-13
-1.0575068020475265367e-30
0
0
DERIV 14
7.189022517207329601e-15
7.553620014625189704e-32
0
0
DERIV 15
-4.792681678138220129e-16
3.440729858463379640e-32
0
0
DERIV 16
2.995426048836387580e-17
-2.1504561615396122753e-33
0
0
DERIV 17
-1.7620153228449338255e-18
8.118142257557164884e-35
0
0
DERIV 18
9.788974015805187518e-20
-4.977249811694612229e-37
0
0
DERIV 19
-5.152091587265887772e-21
-3.697599402154304602e-37
0
0
DERIV 20
2.576045793632944074e-22
-3.1991260238507696045e-40
0
0
DERIV 21
-1.2266884731585447551e-23
-4.045854775610513801e-40
0
0
DERIV 22
5.575856696175203182e-25
4.343629338677266681e-41
0
0
DERIV 23
-2.4242855200761755460e-26
6.069952918248626405e-43
0
0
DERIV 24
1.0101189666984065373e-27
-8.508020497056147503e-44
0
0
DERIV 25
-4.040475866793625992e-29
1.8337539187786636081e-45
0
0
DERIV 26
1.5540291795360098892e-30
3.726319268734501679e-47
0
0
DERIV 27
-5.755663627911147738e-32
-1.3801182476794451563e-48
0
0
DERIV 28
2.0555941528254100041e-33
-4.845688626624868926e-50
0
0
DERIV 29
-7.088255699397965679e-35
3.145555918197372824e-51
0
0
DERIV 30
2.3627518997993217148e-36
7.333245006623394278e-53
0
0
DERIV 31
-7.621780321933296157e-38
6.655462668691875774e-55
0
0
DERIV 32
2.3818063506041550491e-39
-2.079832083966211179e-56
0
0
DERIV 33
-7.217595001830772598e-41
-2.1504173709565800407e-57
0
0
DERIV 34
2.1228220593619920905e-42
-8.669049249021374148e-59
0
0
DERIV 35
-6.065205883891405745e-44
2.0102562667403227430e-61
0
0
AT 15/2
0.0005530843701478336269
-4.382887767098950562e-20
0
0
DERIV 1
-0.0005530843701478336269
4.382887767098950562e-20
0
0
DERIV 2
0.0002765421850739168135
-2.1914438835494752811e-20
0
0
DERIV 3
-9.218072835797225760e-5
-6.247714210903887821e-21
0
0
DERIV 4
2.3045182089493064401e-5
1.5619285527259719553e-21
0
0
DERIV 5
-4.609036417898613558e-6
3.652406472582458520e-22
0
0
DERIV 6
7.681727363164355224e-7
9.712637728150715675e-24
0
0
DERIV 7
-1.0973896233091935656e-7
-5.168916761406800287e-24
0
0
DERIV 8
1.3717370291364919570e-8
6.461145951758500358e-25
0
0
DERIV 9
-1.5241522545961021514e-9
-9.476774981267854540e-26
0
0
DERIV 10
1.5241522545961022031e-10
4.306896152811431859e-27
0
0
DERIV 11
-1.3855929587237293490e-11
3.428217742410662753e-28
0
0
DERIV 12
1.1546607989364411242e-12
-2.856848118675552107e-29
0
0
DERIV 13
-8.882006145664931530e-14
2.557640168987034015e-31
0
0
DERIV 14
6.344290104046379552e-15
9.442555668166573237e-32
0
0
DERIV 15
-4.229526736030919734e-16
-3.0081166736901659826e-33
0
0
DERIV 16
2.6434542100193248338e-17
1.8800729210563537391e-34
0
0
DERIV 17
-1.5549730647172499249e-18
1.1598746868930105767e-35
0
0
DERIV 18
8.638739248429165714e-20
4.705430575023982456e-36
0
0
DERIV 19
-4.546704867594297982e-21
-1.0080645677178873371e-38
0
0
DERIV 20
2.273352433797148991e-22
5.040322838589436849e-40
0
0
DERIV 21
-1.0825487779986424326e-23
5.357576773506633803e-40
0
0
DERIV 22
4.920676263630193043e-25
-4.104998463557401123e-41
0
0
DERIV 23
-2.1394244624479097315e-26
-1.0850773142600945077e-42
0
0
DERIV 24
8.914268593532957813e-28
-1.4577179717021593029e-44
0
0
DERIV 25
-3.565707437413183080e-29
1.3467168009692226859e-46
0
0
DERIV 26
1.3714259374666088501e-30
2.1768367387134087935e-47
0
0
DERIV 27
-5.079355323950403554e-32
3.248447227342305150e-48
0
0
DERIV 28
1.8140554728394298406e-33
-1.1601597240508234577e-49
0
0
DERIV 29
-6.255363699446309205e-35
-1.8979644496833856821e-51
0
0
DERIV 30
2.0851212331487697797e-36
1.8719403154576260885e-53
0
0
DERIV 31
-6.726197526286353892e-38
-2.961381070843862532e-54
0
0
DERIV 32
2.1019367269644855914e-39
9.254315846387070412e-56
0
0
DERIV 33
-6.369505233225713913e-41
-2.804338135268809061e-57
0
0
DERIV 34
1.8733838921252099932e-42
6.373827561223024596e-59
0
0
DERIV 35
-5.352525406072028979e-44
2.4461168873267758969e-60
0
0
AT 61/8
0.0004880952435234149969
2.3616064492598232649e-21
0
0
DERIV 1
-0.0004880952435234149969
-2.3616064492598232649e-21
0
0
DERIV 2
0.00024404762176170749846
1.1808032246299116324e-21
0
0
DERIV 3
-8.134920725390249949e-5
-3.936010748766371951e-22
0
0
DERIV 4
2.0337301813475624872e-5
9.840026871915929878e-23
0
0
DERIV 5
-4.067460362695124805e-6
-1.8908664319469192052e-22
0
0
DERIV 6
6.779100604491874675e-7
3.151444053244865342e-23
0
0
DERIV 7
-9.684429434988392393e-8
-4.502062933206950489e-24
0
0
DERIV 8
1.2105536793735490491e-8
5.627578666508688111e-25
0
0
DERIV 9
-1.3450596437483879242e-9
2.938030510023987057e-26
0
0
DERIV 10
1.3450596437483878725e-10
2.2318483184324359829e-27
0
0
DERIV 11
-1.2227814943167163212e-11
5.314624864573386848e-28
0
0
DERIV 12
1.0189845785972634664e-12
9.034372061960779106e-29
0
0
DERIV 13
-7.838342912286642146e-14
-5.978611241236277522e-30
0
0
DERIV 14
5.598816365919030442e-15
8.896041499358618582e-32
0
0
DERIV 15
-3.732544243946020525e-16
1.7077748736040431207e-32
0
0
DERIV 16
2.3328401524662628281e-17
-1.0673592960025269504e-33
0
0
DERIV 17
-1.3722589132154487111e-18
5.145684126845902085e-35
0
0
DERIV 18
7.623660628974715329e-20
-5.533616104341106510e-36
0
0
DERIV 19
-4.012452962618270751e-21
-1.8390423736705585574e-37
0
0
DERIV 20
2.0062264813091355634e-22
-9.612697744803806818e-39
0
0
DERIV 21
-9.553459434805407305e-24
3.1780770798800422385e-40
0
0
DERIV 22
4.342481561275184888e-25
1.0600239498179229573e-41
0
0
DERIV 23
-1.8880354614239936168e-26
1.4107673619947457167e-42
0
0
DERIV 24
7.866814422599972806e-28
1.0067610614111252103e-45
0
0
DERIV 25
-3.146725769039989346e-29
2.2018071004632623984e-45
0
0
DERIV 26
1.2102791419384574005e-30
-4.426281739306344298e-47
0
0
DERIV 27
-4.482515340512805045e-32
2.2022453737710093924e-49
0
0
DERIV 28
1.6008983358974305199e-33
-1.5448539757423977427e-49
0
0
DERIV 29
-5.520339089301484220e-35
2.0091678624455422542e-51
0
0
DERIV 30
1.8401130297671613174e-36
2.211989492155511739e-53
0
0
DERIV 31
-5.935848483119875790e-38
5.011883438967895452e-54
0
0
DERIV 32
1.8549526509749611844e-39
-1.5662135746774673287e-55
0
0
DERIV 33
-5.621068639318063639e-41
-8.152372937791447215e-58
0
0
DERIV 34
1.6532554821523716960e-42
-1.3506948091965208047e-59
0
0
DERIV 35
-4.723587091863919103e-44
1.0143210421106803708e-61
0
0
AT 31/4
0.0004307425405756875290
7.810453968664867539e-21
0
0
DERIV 1
-0.0004307425405756875290
-7.810453968664867539e-21
0
0
DERIV 2
0.00021537127028784376452
3.905226984332433769e-21
0
0
DERIV 3
-7.179042342928125032e-5
-5.819251380133746147e-21
0
0
DERIV 4
1.7947605857320312581e-5
1.4548128450334365368e-21
0
0
DERIV 5
-3.589521171464062601e-6
-2.0625927428125729227e-22
0
0
DERIV 6
5.982535285773438374e-7
-3.620953322431547954e-23
0
0
DERIV 7
-8.546478979676340156e-8
1.3913933746597991092e-24
0
0
DERIV 8
1.0683098724595425195e-8
-1.7392417183247488865e-25
0
0
DERIV 9
-1.1870109693994916883e-9
1.9324907981386098101e-26
0
0
DERIV 10
1.1870109693994916366e-10
3.237388030317813014e-27
0
0
DERIV 11
-1.0791008812722651536e-11
-5.648875029589708635e-31
0
0
DERIV 12
8.992507343935542610e-13
3.370513924800975044e-29
0
0
DERIV 13
-6.917313341488879125e-14
-6.508915600721056704e-31
0
0
DERIV 14
4.940938101063485202e-15
-6.620216074070843057e-32
0
0
DERIV 15
-3.293958734042323468e-16
4.413477382713895280e-33
0
0
DERIV 16
2.0587242087764521675e-17
-2.758423364196184550e-34
0
0
DERIV 17
-1.2110142404567366371e-18
8.420001782658588480e-35
0
0
DERIV 18
6.727856891426314517e-20
-3.340327417874746406e-36
0
0
DERIV 19
-3.540977311277007601e-21
1.3621110701834116140e-37
0
0
DERIV 20
1.7704886556385037534e-22
-2.1085779476279084950e-39
0
0
DERIV 21
-8.430898360183351137e-24
3.043857186190709490e-41
0
0
DERIV 22
3.832226527356068615e-25
6.965110020639787183e-42
0
0
DERIV 23
-1.6661854466765515592e-26
-4.276073598076962599e-43
0
0
DERIV 24
6.942439361152298163e-28
1.7816973325320675007e-44
0
0
DERIV 25
-2.776975744460919355e-29
1.8415208415505588776e-46
0
0
DERIV 26
1.0680675940234304673e-30
4.681332231422158621e-47
0
0
DERIV 27
-3.955805903790483597e-32
2.1181221512920716676e-48
0
0
DERIV 28
1.4127878227823154239e-33
7.097301583605503560e-50
0
0
DERIV 29
-4.871682147525225821e-35
-2.3540216530490817036e-52
0
0
DERIV 30
1.6238940491750752290e-36
5.239281734503353188e-53
0
0
DERIV 31
-5.238367900564758837e-38
-1.3533009740721255502e-54
0
0
DERIV 32
1.6369899689264871366e-39
4.229065543975392344e-56
0
0
DERIV 33
-4.960575663413597105e-41
-4.062204530938884165e-57
0
0
DERIV 34
1.4589928421804696994e-42
1.5696111940720135982e-58
0
0
DERIV 35
-4.168550977658485154e-44
-1.4975560782609764046e-60
0
0
AT 63/8
0.0003801289578694636820
-2.5170645644870238158e-20
0
0
DERIV 1
-0.0003801289578694636820
2.5170645644870238158e-20
0
0
DERIV 2
0.00019006447893473184100
-1.2585322822435119079e-20
0
0
DERIV 3
-6.335482631157727130e-5
-4.839910496567497006e-21
0
0
DERIV 4
1.5838706577894317825e-5
1.2099776241418742516e-21
0
0
DERIV 5
-3.167741315578863819e-6
1.2114359347915242885e-23
0
0
DERIV 6
5.279568859298106718e-7
-3.731209936024839015e-23
0
0
DERIV 7
-7.542241227568723883e-8
5.330299908606912773e-24
0
0
DERIV 8
9.427801534460904854e-9
-6.662874885758640966e-25
0
0
DERIV 9
-1.0475335038289893592e-9
5.100225462343701468e-27
0
0
DERIV 10
1.0475335038289894109e-10
-5.679901374690792828e-27
0
0
DERIV 11
-9.523031852990812386e-12
7.573999754662696651e-29
0
0
DERIV 12
7.935859877492343655e-13
-6.311666462218912942e-30
0
0
DERIV 13
-6.104507598071033678e-14
1.4564185342888539733e-30
0
0
DERIV 14
4.360362570050738003e-15
2.340533497883726391e-31
0
0
DERIV 15
-2.906908380033825401e-16
-9.029715775716410436e-33
0
0
DERIV 16
1.8168177375211408758e-17
5.643572359822756522e-34
0
0
DERIV 17
-1.0687163161889063522e-18
-7.851348316101000024e-35
0
0
DERIV 18
5.937312867716146535e-20
3.024408825342752671e-36
0
0
DERIV 19
-3.1249015093242876698e-21
-1.3938161226734846281e-37
0
0
DERIV 20
1.5624507546621439759e-22
-7.136851596500027477e-39
0
0
DERIV 21
-7.440241688867351567e-24
-3.5984894232278891177e-40
0
0
DERIV 22
3.381928040394250879e-25
-3.4059283223527024825e-43
0
0
DERIV 23
-1.4704034958235873512e-26
1.3958487335532589780e-43
0
0
DERIV 24
6.126681232598280331e-28
2.407833084912418345e-44
0
0
DERIV 25
-2.4506724930393121549e-29
-7.389254796729966438e-46
0
0
DERIV 26
9.425663434766585885e-31
-3.894990772050094681e-47
0
0
DERIV 27
-3.490986457320957755e-32
1.6453233276581395124e-48
0
0
DERIV 28
1.2467808776146277209e-33
-9.888135574676259996e-51
0
0
DERIV 29
-4.299244405567681815e-35
5.252987929262293855e-52
0
0
DERIV 30
1.4330814685225605937e-36
-6.373440138823497270e-54
0
0
DERIV 31
-4.622843446846969725e-38
8.791746592393152769e-55
0
0
DERIV 32
1.4446385771396780389e-39
-2.747420810122860240e-56
0
0
DERIV 33
-4.377692657999024268e-41
-9.433807856104483159e-59
0
0
DERIV 34
1.2875566641173601443e-42
-6.282325285365848419e-59
0
0
DERIV 35
-3.678733326049600355e-44
1.2259886847000807949e-60
0
0
AT 8
0.0003354626279025118532
-1.4402182510425795195e-20
0
0
DERIV 1
-0.0003354626279025118532
1.4402182510425795195e-20
0
0
DERIV 2
0.00016773131395125592661
-7.201091255212897597e-21
0
0
DERIV 3
-5.591043798375197328e-5
1.4160922572616507917e-22
0
0
DERIV 4
1.3977609495937993320e-5
-3.540230643154126979e-23
0
0
DERIV 5
-2.795521899187598833e-6
1.7648705073716831589e-22
0
0
DERIV 6
4.659203165312664369e-7
5.878531012734460744e-24
0
0
DERIV 7
-6.656004521875234624e-8
-2.7304886876547004010e-24
0
0
DERIV 8
8.320005652344043280e-9
3.413110859568375501e-25
0
0
DERIV 9
-9.244450724826714641e-10
-4.941207361399622455e-26
0
0
DERIV 10
9.244450724826714899e-11
2.3562679471714108277e-27
0
0
DERIV 11
-8.404046113478831433e-12
-5.079492922687886204e-28
0
0
DERIV 12
7.003371761232359528e-13
4.232910768906572397e-29
0
0
DERIV 13
-5.387209047101815361e-14
1.4208484640853378236e-31
0
0
DERIV 14
3.848006462215582739e-15
-3.482321626953289120e-31
0
0
DERIV 15
-2.565337641477054699e-16
-2.2801408624870429308e-32
0
0
DERIV 16
1.6033360259231591869e-17
1.4250880390544018318e-33
0
0
DERIV 17
-9.431388387783290128e-19
-4.525710469608040501e-36
0
0
DERIV 18
5.239660215435161316e-20
-1.0860229908462448330e-36
0
0
DERIV 19
-2.7577159028606112188e-21
5.715910478138130700e-38
0
0
DERIV 20
1.3788579514303056094e-22
-2.8579552390690653500e-39
0
0
DERIV 21
-6.565990244906217188e-24
1.3609310662233643941e-40
0
0
DERIV 22
2.984541020411916904e-25
-6.186050301015292585e-42
0
0
DERIV 23
-1.2976265306138767773e-26
-1.1035826740562690289e-42
0
0
DERIV 24
5.406777210891154136e-28
-4.370049029777708466e-44
0
0
DERIV 25
-2.1627108843564614300e-29
-4.940579310086238305e-46
0
0
DERIV 26
8.318118785986389846e-31
4.595027550657816493e-47
0
0
DERIV 27
-3.080784735550514981e-32
5.282136252732894085e-49
0
0
DERIV 28
1.1002802626966123954e-33
7.888205135218282040e-50
0
0
DERIV 29
-3.794069871367629189e-35
-3.2379892723399073318e-52
0
0
DERIV 30
1.2646899571225430965e-36
-2.261626130168608935e-53
0
0
DERIV 31
-4.079645022975945254e-38
-1.4595775859838246822e-54
0
0
DERIV 32
1.2748890696799828918e-39
4.561179956199452132e-56
0
0
DERIV 33
-3.863300211151463602e-41
1.5529754131775325372e-57
0
0
DERIV 34
1.1362647679857245888e-42
-4.567574744639801996e-59
0
0
DERIV 35
-3.246470765673498512e-44
-1.8242663269702307197e-60
0
0
AT 33/4
0.0002612585573016675401
-7.618896267341693616e-21
0
0
DERIV 1
-0.0002612585573016675401
7.618896267341693616e-21
0
0
DERIV 2
0.00013062927865083377005
-3.809448133670846808e-21
0
0
DERIV 3
-4.354309288361125668e-5
1.2698160445569489988e-21
0
0
DERIV 4
1.0885773220902814171e-5
-3.174540111392372497e-22
0
0
DERIV 5
-2.177154644180562750e-6
-2.1212492497582583380e-23
0
0
DERIV 6
3.628591073634271073e-7
2.1181935150728354784e-23
0
0
DERIV 7
-5.183701533763244579e-8
-1.1352921928399872691e-24
0
0
DERIV 8
6.479626917204055723e-9
1.4191152410499840864e-25
0
0
DERIV 9
-7.199585463560061685e-10
-3.874518636036170559e-26
0
0
DERIV 10
7.199585463560061427e-11
6.459458050264381756e-27
0
0
DERIV 11
-6.545077694145510975e-12
2.627713914678932458e-31
0
0
DERIV 12
5.454231411787925813e-13
-2.1897615955657770487e-32
0
0
DERIV 13
-4.195562624452250528e-14
-9.692212975061946347e-31
0
0
DERIV 14
2.9968304460373218621e-15
1.2882885163227349642e-32
0
0
DERIV 15
-1.9978869640248812085e-16
-4.145779449302706106e-33
0
0
DERIV 16
1.2486793525155507553e-17
2.591112155814191316e-34
0
0
DERIV 17
-7.345172661856180744e-19
-3.223533571997085319e-35
0
0
DERIV 18
4.080651478808989636e-20
-1.5527763912294593270e-36
0
0
DERIV 19
-2.1477113046363101964e-21
-5.685952392697182253e-38
0
0
DERIV 20
1.0738556523181550512e-22
7.544953599637741681e-39
0
0
DERIV 21
-5.113598344372167225e-24
-4.441894648868448200e-41
0
0
DERIV 22
2.324362883805530599e-25
-2.1552977122412150668e-42
0
0
DERIV 23
-1.0105925581763176828e-26
4.056498195471425664e-43
0
0
DERIV 24
4.210802325734656414e-28
4.288665866339458975e-44
0
0
DERIV 25
-1.6843209302938628233e-29
8.629228278218798453e-46
0
0
DERIV 26
6.478157424207164705e-31
-3.318933953161076515e-47
0
0
DERIV 27
-2.3993175645211720117e-32
2.1556403334321036008e-49
0
0
DERIV 28
8.568991301861328857e-34
-3.213542139738615673e-50
0
0
DERIV 29
-2.954824586848734070e-35
9.237893785241988646e-52
0
0
DERIV 30
9.849415289495780457e-37
-5.306601853490825920e-53
0
0
DERIV 31
-3.177230738547025920e-38
1.3750171414874393068e-54
0
0
DERIV 32
9.928846057959456001e-40
-4.296928567148247834e-56
0
0
DERIV 33
-3.008741229684683714e-41
2.0745077651394459708e-57
0
0
DERIV 34
8.849238910837303729e-43
7.018087017739471623e-59
0
0
DERIV 35
-2.528353974524943979e-44
-1.4362063225211162370e-60
0
0
AT 17/2
0.00020346836901064416854
5.826962619516512326e-21
0
0
DERIV 1
-0.00020346836901064416854
-5.826962619516512326e-21
0
0
DERIV 2
0.00010173418450532208427
2.9134813097582561632e-21
0
0
DERIV 3
-3.391139483510735916e-5
-3.2299149625975530840e-21
0
0
DERIV 4
8.477848708776839791e-6
8.074787406493882710e-22
0
0
DERIV 5
-1.6955697417553680429e-6
-7.679245340444761089e-23
0
0
DERIV 6
2.825949569592280425e-7
-2.2494297234854578000e-23
0
0
DERIV 7
-4.037070813703257749e-8
3.2134710335506540000e-24
0
0
DERIV 8
5.046338517129072187e-9
-4.016838791938317500e-25
0
0
DERIV 9
-5.607042796810080092e-10
3.314292251385591991e-26
0
0
DERIV 10
5.607042796810079575e-11
1.8555865770708309772e-27
0
0
DERIV 11
-5.097311633463709146e-12
2.719249840551877737e-28
0
0
DERIV 12
4.247759694553090786e-13
-5.831382693217397592e-30
0
0
DERIV 13
-3.267507457348531471e-14
1.4194736289810451946e-30
0
0
DERIV 14
2.3339338981060937953e-15
1.1303441532927035792e-32
0
0
DERIV 15
-1.5559559320707292462e-16
4.176817888769521626e-33
0
0
DERIV 16
9.724724575442057789e-18
-2.610511180480951016e-34
0
0
DERIV 17
-5.720426220848269344e-19
2.1020447956909228917e-35
0
0
DERIV 18
3.178014567137927547e-20
-2.5052540145416485411e-36
0
0
DERIV 19
-1.6726392458620670311e-21
3.286647648557835294e-38
0
0
DERIV 20
8.363196229310334920e-23
7.076648773656574506e-40
0
0
DERIV 21
-3.982474394909683330e-24
1.2866234237272502119e-42
0
0
DERIV 22
1.8102156340498561636e-25
-1.0494334719032057656e-41
0
0
DERIV 23
-7.870502756738504622e-27
1.9557709858772580864e-44
0
0
DERIV 24
3.279376148641043593e-28
-8.149045774488575360e-46
0
0
DERIV 25
-1.3117504594564173250e-29
-1.0884425883618993491e-45
0
0
DERIV 26
5.045194074832374394e-31
3.512616462774220059e-47
0
0
DERIV 27
-1.8685903980860646715e-32
-4.900324489876642083e-49
0
0
DERIV 28
6.673537136021659541e-34
1.7501158892416578868e-50
0
0
DERIV 29
-2.3012197020764343430e-35
-4.191596369735237607e-52
0
0
DERIV 30
7.670732340254782034e-37
-7.512016910395573013e-53
0
0
DERIV 31
-2.474429787178961458e-38
-2.4602224049551625260e-54
0
0
DERIV 32
7.732593084934254557e-40
7.688195015484882894e-56
0
0
DERIV 33
-2.343210025737653359e-41
2.3046931307232299210e-57
0
0
DERIV 34
6.891794193346038824e-43
-2.092944763502287396e-59
0
0
DERIV 35
-1.9690840552417252858e-44
-3.265780517101446823e-61
0
0
AT 35/4
0.00015846132511575125546
-5.050784502144309768e-21
0
0
DERIV 1
-0.00015846132511575125546
5.050784502144309768e-21
0
0
DERIV 2
7.923066255787562773e-5
-2.5253922510721548840e-21
0
0
DERIV 3
-2.6410220852625209244e-5
8.417974170240516907e-22
0
0
DERIV 4
6.602555213156302311e-6
-2.1044935425601292268e-22
0
0
DERIV 5
-1.3205110426312603352e-6
-8.496507123694246868e-23
0
0
DERIV 6
2.2008517377187674017e-7
-3.485674528307512285e-24
0
0
DERIV 7
-3.144073911026810196e-8
-3.2834435819127676684e-24
0
0
DERIV 8
3.930092388783512745e-9
4.104304477390959585e-25
0
0
DERIV 9
-4.366769320870570348e-10
1.7584024821234507229e-26
0
0
DERIV 10
4.366769320870570348e-11
-1.7584024821234510098e-27
0
0
DERIV 11
-3.969790291700518425e-12
8.641899228883043412e-29
0
0
DERIV 12
3.308158576417098519e-13
9.627449953979049472e-30
0
0
DERIV 13
-2.5447373664746911443e-14
-9.832995057586996244e-31
0
0
DERIV 14
1.8176695474819223586e-15
-4.245873604880885148e-32
0
0
DERIV 15
-1.2117796983212815560e-16
1.1871221840434820567e-33
0
0
DERIV 16
7.573623114508009725e-18
-7.419513650271762854e-35
0
0
DERIV 17
-4.455072420298828797e-19
-4.095157889718686702e-35
0
0
DERIV 18
2.4750402334993496993e-20
-1.4029034967291315424e-36
0
0
DERIV 19
-1.3026527544733418183e-21
-5.484867120953823768e-38
0
0
DERIV 20
6.513263772366709327e-23
3.914448588323368844e-40
0
0
DERIV 21
-3.1015541773174806143e-24
-3.613270683163341550e-41
0
0
DERIV 22
1.4097973533261276563e-25
-8.793456071061119370e-42
0
0
DERIV 23
-6.129553710113598194e-27
7.038295363991544869e-44
0
0
DERIV 24
2.553980712547332730e-28
-1.7879806687794527030e-44
0
0
DERIV 25
-1.0215922850189329520e-29
-6.861061968130360395e-46
0
0
DERIV 26
3.929201096226665267e-31
1.9651688029708995249e-47
0
0
DERIV 27
-1.4552596652691354666e-32
1.0967670780263094633e-48
0
0
DERIV 28
5.197355947389769157e-34
-2.5151939053895102317e-51
0
0
DERIV 29
-1.7921917059964721323e-35
1.7889512467178295235e-52
0
0
DERIV 30
5.973972353321573607e-37
1.0741608615683456937e-53
0
0
DERIV 31
-1.9270878559101850936e-38
2.4287883531330358574e-55
0
0
DERIV 32
6.022149549719328417e-40
-7.589963603540737054e-57
0
0
DERIV 33
-1.8248938029452511128e-41
1.0024070964139385605e-57
0
0
DERIV 34
5.367334714544855933e-43
-1.3691749921902124418e-60
0
0
DERIV 35
-1.5335242041556731877e-44
6.792008569282948916e-61
0
0
AT 9
0.00012340980408667956121
-1.1716659184174644342e-20
0
0
DERIV 1
-0.00012340980408667956121
1.1716659184174644342e-20
0
0
DERIV 2
6.170490204333978061e-5
-5.858329592087322171e-21
0
0
DERIV 3
-2.0568300681113257944e-5
-3.059779953156934825e-22
0
0
DERIV 4
5.142075170278314486e-6
7.649449882892337061e-23
0
0
DERIV 5
-1.0284150340556628548e-6
-5.765054712849969343e-23
0
0
DERIV 6
1.7140250567594382678e-7
-8.038095213047974826e-24
0
0
DERIV 7
-2.4486072239420544320e-8
-1.2150738625732254195e-24
0
0
DERIV 8
3.060759029927568040e-9
1.5188423282165317744e-25
0
0
DERIV 9
-3.400843366586186769e-10
-1.1131716059676549911e-26
0
0
DERIV 10
3.400843366586186639e-11
2.4056413130817609483e-27
0
0
DERIV 11
-3.0916757878056242543e-12
-1.8197677541896389017e-28
0
0
DERIV 12
2.576396489838020548e-13
-1.8493334004516180451e-29
0
0
DERIV 13
-1.9818434537215540739e-14
-5.192473048120152325e-31
0
0
DERIV 14
1.4156024669439671675e-15
6.526269695875151122e-32
0
0
DERIV 15
-9.437349779626448276e-17
5.795341937145565914e-34
0
0
DERIV 16
5.898343612266530173e-18
-3.622088710715978696e-35
0
0
DERIV 17
-3.469613889568547302e-19
1.6291890009150838700e-35
0
0
DERIV 18
1.9275632719825262120e-20
-2.363793253739230483e-37
0
0
DERIV 19
-1.0145069852539611642e-21
1.2441017124943318194e-38
0
0
DERIV 20
5.072534926269805821e-23
-6.220508562471659586e-40
0
0
DERIV 21
-2.4154928220332408497e-24
1.2128993886438148573e-41
0
0
DERIV 22
1.0979512827423822253e-25
-2.6384882711560798592e-42
0
0
DERIV 23
-4.773701229314705327e-27
1.1471688135461216779e-43
0
0
DERIV 24
1.9890421788811271449e-28
2.6937217532901842611e-45
0
0
DERIV 25
-7.956168715524509028e-30
3.4066663845233407358e-46
0
0
DERIV 26
3.060064890586349660e-31
-1.6471068941255197712e-47
0
0
DERIV 27
-1.1333573668838331516e-32
5.252067014873897788e-50
0
0
DERIV 28
4.047704881727975542e-34
-1.8757382195978208082e-51
0
0
DERIV 29
-1.3957603040441295524e-35
6.176664303500342995e-52
0
0
DERIV 30
4.652534346813765230e-37
-2.615714082435988610e-53
0
0
DERIV 31
-1.5008175312302468569e-38
9.279762132761061935e-55
0
0
DERIV 32
4.690054785094521428e-40
-2.899925666487831855e-56
0
0
DERIV 33
-1.4212287227559155996e-41
1.0332469933485505012e-57
0
0
DERIV 34
4.180084478693869176e-43
-6.961795228891893737e-60
0
0
DERIV 35
-1.1943098510553912573e-44
8.389900065483429325e-61
0
0
AT 37/4
9.611165206139469499e-5
-1.1725117390794668937e-21
0
0
DERIV 1
-9.611165206139469499e-5
1.1725117390794668937e-21
0
0
DERIV 2
4.805582603069734750e-5
-5.862558695397334469e-22
0
0
DERIV 3
-1.6018608676899116961e-5
1.3247958861856448717e-21
0
0
DERIV 4
4.004652169224779240e-6
-3.311989715464112179e-22
0
0
DERIV 5
-8.009304338449558057e-7
2.3888146946567230157e-23
0
0
DERIV 6
1.3348840564082597644e-7
-1.2804617691660166892e-23
0
0
DERIV 7
-1.9069772234403710448e-8
1.3565564630640079225e-24
0
0
DERIV 8
2.383721529300463806e-9
-1.6956955788300099031e-25
0
0
DERIV 9
-2.648579477000515225e-10
7.352442368208060270e-27
0
0
DERIV 10
2.6485794770005150958e-11
5.572254702932997150e-28
0
0
DERIV 11
-2.4077995245459227042e-12
-1.6081052915570672365e-28
0
0
DERIV 12
2.0064996037882690043e-13
4.986361107284767013e-30
0
0
DERIV 13
-1.5434612336832839951e-14
1.0727923552322704590e-30
0
0
DERIV 14
1.1024723097737741414e-15
6.423999341573278492e-32
0
0
DERIV 15
-7.349815398491827691e-17
-3.460936118110298866e-33
0
0
DERIV 16
4.593634624057392307e-18
2.163085073818936791e-34
0
0
DERIV 17
-2.702138014151407353e-19
-1.3950301731276513679e-36
0
0
DERIV 18
1.5011877856396708518e-20
-9.255868364168158290e-37
0
0
DERIV 19
-7.900988345471951060e-22
-3.047610171766906354e-38
0
0
DERIV 20
3.950494172735975883e-23
-2.0026779665834094120e-39
0
0
DERIV 21
-1.8811877013028453960e-24
-1.6702151442362207074e-40
0
0
DERIV 22
8.550853187740207076e-26
2.8679073396079278137e-43
0
0
DERIV 23
-3.717762255539220717e-27
2.3708381634407208613e-43
0
0
DERIV 24
1.5490676064746752989e-28
-9.878492347669670670e-45
0
0
DERIV 25
-6.196270425898700747e-30
-5.327581467715465611e-47
0
0
DERIV 26
2.383180933037961691e-31
1.5523093490706112081e-47
0
0
DERIV 27
-8.826596048288747562e-33
-1.7410468276550614685e-50
0
0
DERIV 28
3.152355731531695619e-34
-5.487374041762496158e-51
0
0
DERIV 29
-1.0870192177695501627e-35
-3.1768385737050271921e-52
0
0
DERIV 30
3.623397392565167432e-37
-1.1683577338418204865e-53
0
0
DERIV 31
-1.1688378685694087647e-38
-4.650851785024481107e-55
0
0
DERIV 32
3.6526183392794023898e-40
1.4533911828201503458e-56
0
0
DERIV 33
-1.1068540422058795314e-41
-2.4731952071732408622e-58
0
0
DERIV 34
3.2554530653114106206e-43
-1.6153718672026530300e-59
0
0
DERIV 35
-9.301294472318316201e-45
6.037751684090126584e-61
0
0
AT 19/2
7.485182988770059808e-5
-6.604030962480574502e-21
0
0
DERIV 1
-7.485182988770059808e-5
6.604030962480574502e-21
0
0
DERIV 2
3.742591494385029904e-5
-3.3020154812402872512e-21
0
0
DERIV 3
-1.2475304981283432448e-5
5.359831955772287637e-22
0
0
DERIV 4
3.118826245320858112e-6
-1.3399579889430719092e-22
0
0
DERIV 5
-6.237652490641716436e-7
4.797498346021894784e-23
0
0
DERIV 6
1.0396087484402859403e-7
5.239059224145284825e-24
0
0
DERIV 7
-1.4851553549146942240e-8
-5.120997141484613799e-25
0
0
DERIV 8
1.8564441936433677800e-9
6.401246426855767249e-26
0
0
DERIV 9
-2.0627157707148531176e-10
-4.240341125141728229e-27
0
0
DERIV 10
2.0627157707148531823e-11
-2.222007410428800660e-28
0
0
DERIV 11
-1.8751961551953212216e-12
1.6707162499413746853e-28
0
0
DERIV 12
1.5626634626627674323e-13
1.1320913550894254461e-29
0
0
DERIV 13
-1.2020488174328980855e-14
-2.640234229757028174e-31
0
0
DERIV 14
8.586062981663557754e-16
1.8858815926835915529e-32
0
0
DERIV 15
-5.724041987775705909e-17
6.138316591324591262e-33
0
0
DERIV 16
3.577526242359816193e-18
-3.836447869577869538e-34
0
0
DERIV 17
-2.1044272013881268324e-19
-1.1419658609316694633e-35
0
0
DERIV 18
1.1691262229934038292e-20
3.000626407281434402e-37
0
0
DERIV 19
-6.153295910491599200e-22
-5.893870768240918319e-39
0
0
DERIV 20
3.076647955245799483e-23
1.4701878892343335544e-39
0
0
DERIV 21
-1.4650704548789521433e-24
-6.126270937706433473e-41
0
0
DERIV 22
6.659411158540691665e-26
1.7410834244348423854e-42
0
0
DERIV 23
-2.8953961558872572611e-27
-6.010221815511692370e-44
0
0
DERIV 24
1.2064150649530237841e-28
9.977850899528896614e-45
0
0
DERIV 25
-4.825660259812095360e-30
-1.7490628168918510598e-46
0
0
DERIV 26
1.8560231768508058910e-31
8.411417642282140353e-48
0
0
DERIV 27
-6.874159914262244801e-33
4.487190863417008563e-49
0
0
DERIV 28
2.455057112236515878e-34
-3.807328694639278041e-51
0
0
DERIV 29
-8.465714180125916084e-36
-6.060272064171823455e-52
0
0
DERIV 30
2.821904726708638890e-37
7.119975361504838085e-55
0
0
DERIV 31
-9.102918473253673753e-39
-1.0716513946289978540e-55
0
0
DERIV 32
2.8446620228917730479e-40
3.348910608215618294e-57
0
0
DERIV 33
-8.620187948156887908e-42
-2.1734336954343952177e-58
0
0
DERIV 34
2.5353493965167316439e-43
1.5763580934409705471e-59
0
0
DERIV 35
-7.243855418619233268e-45
-4.503880266974201583e-61
0
0
AT 39/4
5.829466373086881077e-5
-3.0080300979413158763e-21
0
0
DERIV 1
-5.829466373086881077e-5
3.0080300979413158763e-21
0
0
DERIV 2
2.9147331865434405383e-5
-1.5040150489706579382e-21
0
0
DERIV 3
-9.715777288478133998e-6
-6.280389133488477747e-22
0
0
DERIV 4
2.428944322119533500e-6
1.5700972833721194367e-22
0
0
DERIV 5
-4.857888644239067634e-7
3.212552537663013670e-23
0
0
DERIV 6
8.096481073731778508e-8
3.469005637793939572e-24
0
0
DERIV 7
-1.1566401533902541435e-8
2.134397196463181075e-25
0
0
DERIV 8
1.4458001917378176794e-9
-2.667996495578976343e-26
0
0
DERIV 9
-1.6064446574864641744e-10
1.1580905264737345647e-26
0
0
DERIV 10
1.6064446574864639159e-11
1.4268488877544769552e-27
0
0
DERIV 11
-1.4604042340786036150e-12
-7.463670114043090100e-29
0
0
DERIV 12
1.2170035283988363458e-13
6.219725095035908183e-30
0
0
DERIV 13
-9.361565603067972741e-15
3.711021213890967028e-31
0
0
DERIV 14
6.686832573619980106e-16
1.5753111251904439376e-32
0
0
DERIV 15
-4.457888382413320276e-17
1.0041178572194223077e-33
0
0
DERIV 16
2.7861802390083251727e-18
-6.275736607621389423e-35
0
0
DERIV 17
-1.6389295523578382802e-19
-1.9728900672439941822e-36
0
0
DERIV 18
9.105164179765768558e-21
-2.247578338314509782e-37
0
0
DERIV 19
-4.792191673560930523e-22
-1.7867339713855105649e-38
0
0
DERIV 20
2.3960958367804653791e-23
-2.8212736512953224183e-40
0
0
DERIV 21
-1.1409980175145072796e-24
-3.029655221192285137e-41
0
0
DERIV 22
5.186354625065942598e-26
-2.7972247248212890414e-42
0
0
DERIV 23
-2.2549367935069315953e-27
1.5281258863285197918e-43
0
0
DERIV 24
9.395569972945547940e-29
-2.6303952881693201730e-45
0
0
DERIV 25
-3.758227989178218840e-30
-2.3109581991118328232e-46
0
0
DERIV 26
1.4454723035300841860e-31
7.204047803885875424e-48
0
0
DERIV 27
-5.353601124185497416e-33
1.6399348942353184657e-49
0
0
DERIV 28
1.9120004014948203835e-34
6.361442623866756835e-51
0
0
DERIV 29
-6.593104832740760404e-36
2.4146141126186970074e-52
0
0
DERIV 30
2.197701610913586829e-37
-1.0832843615075027001e-53
0
0
DERIV 31
-7.089360035205117878e-39
-5.767256788425316121e-55
0
0
DERIV 32
2.2154250110015993368e-40
1.8022677463829112877e-56
0
0
DERIV 33
-6.713409124247270756e-42
-5.075213313613076099e-58
0
0
DERIV 34
1.9745320953668443166e-43
1.7269880203468536773e-59
0
0
DERIV 35
-5.641520272476698616e-45
7.553624816248905372e-62
0
0
AT 10
4.539992976248485417e-5
-2.6375540553275308923e-21
0
0
DERIV 1
-4.539992976248485417e-5
2.6375540553275308923e-21
0
0
DERIV 2
2.2699964881242427087e-5
-1.3187770276637654462e-21
0
0
DERIV 3
-7.566654960414141515e-6
-4.074406046997118257e-22
0
0
DERIV 4
1.8916637401035353788e-6
1.0186015117492795642e-22
0
0
DERIV 5
-3.783327480207070863e-7
-9.784118394306837339e-24
0
0
DERIV 6
6.305545800345118106e-8
1.6306863990511397401e-24
0
0
DERIV 7
-9.007922571921597767e-9
2.397194358801387347e-25
0
0
DERIV 8
1.1259903214901997208e-9
-2.996492948501734184e-26
0
0
DERIV 9
-1.2511003572113328795e-10
-1.1031337914043692165e-26
0
0
DERIV 10
1.2511003572113329442e-11
4.568989378473163635e-28
0
0
DERIV 11
-1.1373639611012117123e-12
-9.661310118700486543e-29
0
0
DERIV 12
9.478033009176765111e-14
-3.634245567737208806e-31
0
0
DERIV 13
-7.290794622443665713e-15
2.706821675121360079e-31
0
0
DERIV 14
5.207710444602618507e-16
-3.342124241552778046e-32
0
0
DERIV 15
-3.471806963068412009e-17
-1.0588376107190303097e-33
0
0
DERIV 16
2.1698793519177575058e-18
6.617735066993939436e-35
0
0
DERIV 17
-1.2763996187751516015e-19
8.852339298448508340e-36
0
0
DERIV 18
7.091108993195285505e-21
6.784733037937158039e-37
0
0
DERIV 19
-3.732162627997519107e-22
6.361202882391564610e-39
0
0
DERIV 20
1.8660813139987596124e-23
-9.058073195307219519e-40
0
0
DERIV 21
-8.886101495232188193e-25
-5.975067642471494256e-43
0
0
DERIV 22
4.039137043287358061e-26
2.1143297656019435777e-42
0
0
DERIV 23
-1.7561465405597208961e-27
-9.192738111312797212e-44
0
0
DERIV 24
7.317277252332170400e-29
3.830307546380332379e-45
0
0
DERIV 25
-2.9269109009328682302e-30
-8.314737863897243500e-47
0
0
DERIV 26
1.1257349618972571127e-31
-6.907541670074260316e-48
0
0
DERIV 27
-4.169388747767618885e-33
2.0515133846322430028e-49
0
0
DERIV 28
1.4890674099170067752e-34
-1.0381421756649090954e-50
0
0
DERIV 29
-5.134715206610368121e-36
2.8885683531310153632e-52
0
0
DERIV 30
1.7115717355367891928e-37
8.468283214145857274e-54
0
0
DERIV 31
-5.521199146892868722e-39
8.466885101456887452e-56
0
0
DERIV 32
1.7253747334040214756e-40
-2.645901594205277329e-57
0
0
DERIV 33
-5.228408283042489050e-42
-1.9016403357989261215e-58
0
0
DERIV 34
1.5377671420713203204e-43
4.421668700046508554e-60
0
0
DERIV 35
-4.393620405918057934e-45
-2.5079369698712306671e-61
0
0
AT 41/4
3.535750085040998108e-5
1.3231598493241130028e-21
0
0
DERIV 1
-3.535750085040998108e-5
-1.3231598493241130028e-21
0
0
DERIV 2
1.7678750425204990541e-5
6.615799246620565014e-22
0
0
DERIV 3
-5.892916808401663796e-6
6.181767419741462039e-23
0
0
DERIV 4
1.4732292021004159490e-6
-1.5454418549353655098e-23
0
0
DERIV 5
-2.946458404200831898e-7
3.0908837098707310930e-24
0
0
DERIV 6
4.910764007001386717e-8
-2.7209622517865290431e-24
0
0
DERIV 7
-7.015377152859123882e-9
3.887088931123612919e-25
0
0
DERIV 8
8.769221441073904852e-10
-4.858861163904516148e-26
0
0
DERIV 9
-9.743579378971005104e-11
2.5265797218625606186e-27
0
0
DERIV 10
9.743579378971004135e-12
7.166943081493232805e-28
0
0
DERIV 11
-8.857799435428185761e-13
-4.679508331024947599e-29
0
0
DERIV 12
7.381499529523488555e-14
-3.076678853246067318e-31
0
0
DERIV 13
-5.678076561171914394e-15
1.4502997659743309991e-31
0
0
DERIV 14
4.055768972265653209e-16
-1.7402684982147112542e-32
0
0
DERIV 15
-2.7038459815104353700e-17
1.3301636180328173588e-34
0
0
DERIV 16
1.6899037384440221062e-18
-8.313522612705108492e-36
0
0
DERIV 17
-9.940610226141306366e-20
-9.270942171844318338e-37
0
0
DERIV 18
5.522561236745170287e-21
-3.208547510378312787e-38
0
0
DERIV 19
-2.906611177234300200e-22
6.638159114187690219e-39
0
0
DERIV 20
1.4533055886171500414e-23
2.5583921970175920227e-40
0
0
DERIV 21
-6.920502802938809852e-25
9.365366082006867950e-43
0
0
DERIV 22
3.145683092244913517e-26
4.792227459794643240e-43
0
0
DERIV 23
-1.3676883009760494254e-27
4.935100369229239180e-44
0
0
DERIV 24
5.698701254066872606e-29
-2.0562918205121829917e-45
0
0
DERIV 25
-2.2794805016267489723e-30
1.2186749604246463593e-47
0
0
DERIV 26
8.767232698564419545e-32
-4.679353543447030617e-48
0
0
DERIV 27
-3.247123221690525859e-33
2.7467646691042364685e-49
0
0
DERIV 28
1.1596868648894733378e-34
8.517655622402781740e-51
0
0
DERIV 29
-3.998920223756805189e-36
2.8231461433356693014e-52
0
0
DERIV 30
1.3329734079189349795e-37
-1.0580974254141193111e-54
0
0
DERIV 31
-4.299914219093338559e-39
-5.006530199307389147e-56
0
0
DERIV 32
1.3437231934666682998e-40
1.5645406872835591083e-57
0
0
DERIV 33
-4.071888465050509980e-42
-6.672052884050120573e-59
0
0
DERIV 34
1.1976142544266206409e-43
-3.894587060325156895e-60
0
0
DERIV 35
-3.421755012647487439e-45
4.593654103099188604e-63
0
0
AT 21/2
2.7536449349747158107e-5
-2.499189668339765884e-22
0
0
DERIV 1
-2.7536449349747158107e-5
2.499189668339765884e-22
0
0
DERIV 2
1.3768224674873579054e-5
-1.2495948341698829421e-22
0
0
DERIV 3
-4.589408224957859402e-6
-2.406911546124373718e-22
0
0
DERIV 4
1.1473520562394648506e-6
6.017278865310934295e-23
0
0
DERIV 5
-2.2947041124789299129e-7
9.141265950735641650e-24
0
0
DERIV 6
3.824506854131549414e-8
2.8880856084935407801e-24
0
0
DERIV 7
-5.463581220187928325e-9
1.7825963632451394532e-25
0
0
DERIV 8
6.829476525234910406e-10
-2.2282454540564243165e-26
0
0
DERIV 9
-7.588307250261011706e-11
3.911905734633922447e-27
0
0
DERIV 10
7.588307250261011059e-12
2.550442800936606443e-28
0
0
DERIV 11
-6.898461136600919420e-13
4.352573410109808602e-30
0
0
DERIV 12
5.748717613834099096e-14
3.844543710336245812e-30
0
0
DERIV 13
-4.422090472180076228e-15
-2.957341315643265673e-31
0
0
DERIV 14
3.158636051557197728e-16
-2.1136539096530876847e-32
0
0
DERIV 15
-2.1057573677047982800e-17
-6.452226675776598438e-34
0
0
DERIV 16
1.3160983548154989250e-18
4.032641672360374024e-35
0
0
DERIV 17
-7.741755028326464336e-20
-1.6640796806578539113e-36
0
0
DERIV 18
4.300975015736924380e-21
3.432209993230798810e-37
0
0
DERIV 19
-2.263671060914170825e-22
-8.165363325869151222e-39
0
0
DERIV 20
1.1318355304570853833e-23
7.021417539990294381e-40
0
0
DERIV 21
-5.389693002176597238e-25
-1.5942846160336410107e-41
0
0
DERIV 22
2.4498604555348171352e-26
-1.3624955417572361814e-42
0
0
DERIV 23
-1.0651567197977465181e-27
-3.149308074407673824e-45
0
0
DERIV 24
4.438152999157277346e-29
-1.7371767826661029667e-45
0
0
DERIV 25
-1.7752611996629109383e-30
6.948707130664412061e-47
0
0
DERIV 26
6.827927691011195495e-32
1.5380527391820083346e-48
0
0
DERIV 27
-2.5288621077819241942e-33
-1.2031933902374123830e-49
0
0
DERIV 28
9.031650384935444162e-35
-1.8120572293628316646e-51
0
0
DERIV 29
-3.114362201701877389e-36
1.5464903239500094303e-52
0
0
DERIV 30
1.0381207339006256572e-37
8.765681785230154764e-54
0
0
DERIV 31
-3.348776560969760269e-39
-1.9856645154937885543e-55
0
0
DERIV 32
1.0464926753030500840e-40
6.205201610918089232e-57
0
0
DERIV 33
-3.171189925160757946e-42
-7.217518255152132655e-59
0
0
DERIV 34
9.327029191649287843e-44
4.465581709063057136e-60
0
0
DERIV 35
-2.6648654833283679817e-45
-1.0091798335382530443e-61
0
0
AT 43/4
2.1445408316589163717e-5
2.121029938515875570e-22
0
0
DERIV 1
-2.1445408316589163717e-5
-2.121029938515875570e-22
0
0
DERIV 2
1.0722704158294581859e-5
1.0605149692579377849e-22
0
0
DERIV 3
-3.574234719431527145e-6
-1.7652265685098131601e-22
0
0
DERIV 4
8.935586798578817862e-7
4.413066421274532900e-23
0
0
DERIV 5
-1.7871173597157636784e-7
1.7617789981296884379e-24
0
0
DERIV 6
2.9785289328596060203e-8
8.092776503824220990e-25
0
0
DERIV 7
-4.255041332656580029e-9
-1.1561109291177458556e-25
0
0
DERIV 8
5.318801665820725036e-10
1.4451386613971823196e-26
0
0
DERIV 9
-5.909779628689694772e-11
1.2664452809233656187e-27
0
0
DERIV 10
5.909779628689694934e-12
-2.882032414815997796e-28
0
0
DERIV 11
-5.372526935172449848e-13
1.7020822328482752448e-29
0
0
DERIV 12
4.477105779310374663e-14
6.852272198824687771e-31
0
0
DERIV 13
-3.4439275225464422000e-15
9.899423409000467035e-32
0
0
DERIV 14
2.459948230390315646e-16
1.4059186097705338590e-32
0
0
DERIV 15
-1.6399654869268771589e-17
-3.209814909764405128e-34
0
0
DERIV 16
1.0249784293292982243e-18
2.0061343186027532052e-35
0
0
DERIV 17
-6.029284878407636755e-20
2.360459481654656609e-37
0
0
DERIV 18
3.3496027102264646968e-21
1.5406775499664391814e-37
0
0
DERIV 19
-1.7629487948560341375e-22
5.527081114987548051e-40
0
0
DERIV 20
8.814743974280170982e-24
-3.2150899328050960909e-40
0
0
DERIV 21
-4.197497130609605273e-25
1.9683070925642896100e-41
0
0
DERIV 22
1.9079532411861842150e-26
-8.946850420746770810e-43
0
0
DERIV 23
-8.295448874722538896e-28
-7.807860910560745895e-44
0
0
DERIV 24
3.456437031134391580e-29
-4.835205254658678589e-46
0
0
DERIV 25
-1.3825748124537565550e-30
-5.773059451923022066e-47
0
0
DERIV 26
5.317595432514448120e-32
3.904660443437721499e-48
0
0
DERIV 27
-1.9694797898201662365e-33
1.2147152212185556676e-49
0
0
DERIV 28
7.033856392214878652e-35
3.298201953054288493e-51
0
0
DERIV 29
-2.4254677214534066622e-36
1.1667964904055864917e-52
0
0
DERIV 30
8.084892404844688387e-38
9.829057014202769349e-55
0
0
DERIV 31
-2.6080298080144155245e-39
-1.1590411253611893546e-55
0
0
DERIV 32
8.150093150045048514e-41
3.622003516753716733e-57
0
0
DERIV 33
-2.4697251969833480442e-42
-1.0010257983415836508e-58
0
0
DERIV 34
7.263897638186318246e-44
-1.7413709199731429532e-60
0
0
DERIV 35
-2.0753993251960909184e-45
4.086343303085959993e-62
0
0
AT 11
1.6701700790245659262e-5
5.014455476731922330e-23
0
0
DERIV 1
-1.6701700790245659262e-5
-5.014455476731922330e-23
0
0
DERIV 2
8.350850395122829631e-6
2.5072277383659611650e-23
0
0
DERIV 3
-2.783616798374276403e-6
-1.4952958367026992804e-22
0
0
DERIV 4
6.959041995935691006e-7
3.738239591756748201e-23
0
0
DERIV 5
-1.3918083991871383072e-7
3.1114326571652580567e-24
0
0
DERIV 6
2.3196806653118971786e-8
-5.185721095275429788e-25
0
0
DERIV 7
-3.313829521874138827e-9
7.408172993250614475e-26
0
0
DERIV 8
4.142286902342673533e-10
-9.260216241563268094e-27
0
0
DERIV 9
-4.602541002602970808e-11
3.1830290942527616203e-27
0
0
DERIV 10
4.602541002602970646e-12
-1.5674419603601292635e-28
0
0
DERIV 11
-4.184128184184518769e-13
1.4249472366910267305e-29
0
0
DERIV 12
3.486773486820431887e-14
3.0198021306028739033e-30
0
0
DERIV 13
-2.6821334514003324636e-15
1.0433960790859474026e-32
0
0
DERIV 14
1.9158096081430945816e-16
2.7764175561038402234e-33
0
0
DERIV 15
-1.2772064054287297314e-17
-8.237824003960344391e-35
0
0
DERIV 16
7.982540033929560821e-19
5.148640002475215244e-36
0
0
DERIV 17
-4.695611784664447860e-20
2.8834199813773994776e-36
0
0
DERIV 18
2.6086732137024709499e-21
-7.659928957360397969e-38
0
0
DERIV 19
-1.3729859019486688097e-22
-7.104720714442514783e-39
0
0
DERIV 20
6.864929509743344636e-24
-2.3251113968901803929e-40
0
0
DERIV 21
-3.269014052258735497e-25
6.698840168144134654e-42
0
0
DERIV 22
1.4859154782994253043e-26
-1.0871816226257947976e-42
0
0
DERIV 23
-6.460502079562718480e-28
2.387317444891587119e-44
0
0
DERIV 24
2.691875866484465847e-29
8.736823503949280246e-46
0
0
DERIV 25
-1.0767503465937864017e-30
2.811113687881964643e-47
0
0
DERIV 26
4.141347486899178089e-32
2.7083715920776557778e-48
0
0
DERIV 27
-1.5338324025552512138e-33
-3.062019393232407971e-50
0
0
DERIV 28
5.477972866268754335e-35
1.0935783547258600955e-51
0
0
DERIV 29
-1.8889561607823291848e-36
6.597523945268482877e-53
0
0
DERIV 30
6.296520535941096586e-38
4.761150117442264971e-54
0
0
DERIV 31
-2.0311356567551927525e-39
1.5163036648889017982e-55
0
0
DERIV 32
6.347298927359977351e-41
-4.738448952777818119e-57
0
0
DERIV 33
-1.9234239173818110772e-42
-9.778820008740737276e-59
0
0
DERIV 34
5.657129168770032404e-44
4.633210198672774537e-60
0
0
DERIV 35
-1.6163226196485809626e-45
1.4321324234319985533e-61
0
0
AT 45/4
1.3007297654067620466e-5
5.130303099439230261e-22
0
0
DERIV 1
-1.3007297654067620466e-5
-5.130303099439230261e-22
0
0
DERIV 2
6.503648827033810233e-6
2.565151549719615131e-22
0
0
DERIV 3
-2.167882942344603693e-6
1.9683926409411294200e-22
0
0
DERIV 4
5.419707355861509234e-7
-4.920981602352823550e-23
0
0
DERIV 5
-1.0839414711723016879e-7
-6.039904556312484845e-24
0
0
DERIV 6
1.8065691186205028131e-8
1.0066507593854140796e-24
0
0
DERIV 7
-2.580813026600718600e-9
1.5161439599959359335e-25
0
0
DERIV 8
3.226016283250898250e-10
-1.8951799499949199169e-26
0
0
DERIV 9
-3.584462536945442069e-11
-2.2024768570526637166e-27
0
0
DERIV 10
3.5844625369454421498e-12
1.3946832901063476727e-28
0
0
DERIV 11
-3.258602306314038226e-13
-2.1858411352629479342e-29
0
0
DERIV 12
2.7155019219283652937e-14
7.697197390911075963e-31
0
0
DERIV 13
-2.0888476322525888088e-15
6.215400548853199691e-32
0
0
DERIV 14
1.4920340230375634701e-16
-7.961272290346088587e-33
0
0
DERIV 15
-9.946893486917090006e-18
7.361840134243777529e-34
0
0
DERIV 16
6.216808429323181254e-19
-4.601150083902360956e-35
0
0
DERIV 17
-3.656946134895988654e-20
-4.797222851098471361e-37
0
0
DERIV 18
2.0316367416088825857e-21
2.665123806165817481e-38
0
0
DERIV 19
-1.0692824955836224011e-22
-2.6400592146370485624e-39
0
0
DERIV 20
5.346412477918111859e-24
2.7893975458463837477e-40
0
0
DERIV 21
-2.545910703770529435e-25
-1.5469404888744475750e-41
0
0
DERIV 22
1.1572321380775133794e-26
7.031547676702033852e-43
0
0
DERIV 23
-5.031444078597884141e-28
-4.226974229654644470e-44
0
0
DERIV 24
2.0964350327491184856e-29
8.270402861395572003e-46
0
0
DERIV 25
-8.385740130996474853e-31
5.800278873553081615e-47
0
0
DERIV 26
3.225284665767874944e-32
-2.2308764898281083838e-48
0
0
DERIV 27
-1.1945498762103240532e-33
8.262505517881882903e-50
0
0
DERIV 28
4.266249557894014017e-35
1.6309875323430914995e-51
0
0
DERIV 29
-1.4711205372048325293e-36
5.320415727211692806e-53
0
0
DERIV 30
4.903735124016107735e-38
5.186852856794528444e-54
0
0
DERIV 31
-1.5818500400051961487e-39
-6.207098783210536651e-56
0
0
DERIV 32
4.943281375016237965e-41
1.9397183697532927033e-57
0
0
DERIV 33
-1.4979640530352236064e-42
-7.808954952140222752e-59
0
0
DERIV 34
4.405776626574187136e-44
1.7110559009484287949e-60
0
0
DERIV 35
-1.2587933218783391818e-45
-4.888731145566938723e-62
0
0
AT 23/2
1.0130093598630710548e-5
1.8095421753432151975e-22
0
0
DERIV 1
-1.0130093598630710548e-5
-1.8095421753432151975e-22
0
0
DERIV 2
5.065046799315355274e-6
9.047710876716075988e-23
0
0
DERIV 3
-1.6883489331051184247e-6
-3.015903625572025525e-23
0
0
DERIV 4
4.220872332762796062e-7
7.539759063930063813e-24
0
0
DERIV 5
-8.441744665525592388e-8
1.1390261473836759072e-24
0
0
DERIV 6
1.4069574442542654531e-8
-7.412914329326310705e-25
0
0
DERIV 7
-2.009939206077522135e-9
1.6498310560130641542e-25
0
0
DERIV 8
2.512424007596902669e-10
-2.0622888200163301928e-26
0
0
DERIV 9
-2.7915822306632251157e-11
1.5733932960658636510e-27
0
0
DERIV 10
2.7915822306632247926e-12
1.6577809717194006591e-28
0
0
DERIV 11
-2.537802027875659178e-13
1.2467680948448042360e-29
0
0
DERIV 12
2.1148350232297158763e-14
1.2841127924012180424e-32
0
0
DERIV 13
-1.6267961717151660587e-15
-9.877790710778600194e-34
0
0
DERIV 14
1.1619972655108327934e-16
1.0635657057144111870e-32
0
0
DERIV 15
-7.746648436738885392e-18
-6.063275401089549533e-34
0
0
DERIV 16
4.841655272961803370e-19
3.789547125680968458e-35
0
0
DERIV 17
-2.848032513506943159e-20
-2.2291453680476283475e-36
0
0
DERIV 18
1.5822402852816352136e-21
-1.5446547517313141156e-39
0
0
DERIV 19
-8.327580448850711403e-23
-2.3934273305873783758e-39
0
0
DERIV 20
4.163790224425356142e-24
-3.2113901502898892117e-40
0
0
DERIV 21
-1.9827572497263599038e-25
-1.1068616934989590184e-42
0
0
DERIV 22
9.012532953301636187e-27
-2.1058440074434054287e-43
0
0
DERIV 23
-3.918492588392015812e-28
1.6954374094692047742e-44
0
0
DERIV 24
1.6327052451633397347e-29
1.1619656984875873868e-45
0
0
DERIV 25
-6.530820980653359254e-31
-1.4949412492195111181e-47
0
0
DERIV 26
2.511854223328214929e-32
2.2592303654748326267e-48
0
0
DERIV 27
-9.303163790104499865e-34
-7.100431416974191052e-50
0
0
DERIV 28
3.322558496465892885e-35
1.7722213031787265348e-51
0
0
DERIV 29
-1.1457098263675493284e-36
-3.508391702451868776e-54
0
0
DERIV 30
3.819032754558497761e-38
1.1694639008172896766e-55
0
0
DERIV 31
-1.2319460498575799388e-39
1.2014562742521303267e-56
0
0
DERIV 32
3.849831405804937309e-41
-3.754550857037907271e-58
0
0
DERIV 33
-1.1666155775166476886e-42
3.068763182293247133e-59
0
0
DERIV 34
3.431222286813669584e-44
-2.403407321173508827e-62
0
0
DERIV 35
-9.803492248039055911e-46
-3.758323106708384427e-63
0
0
AT 47/4
7.889324827200222879e-6
3.636882265153973553e-22
0
0
DERIV 1
-7.889324827200222879e-6
-3.636882265153973553e-22
0
0
DERIV 2
3.944662413600111439e-6
1.8184411325769867765e-22
0
0
DERIV 3
-1.3148874712000372876e-6
8.055745345648382671e-23
0
0
DERIV 4
3.287218678000093219e-7
-2.0139363364120956677e-23
0
0
DERIV 5
-6.574437356000185644e-8
-3.913061207684874343e-24
0
0
DERIV 6
1.0957395593333642740e-8
6.521768679474790572e-25
0
0
DERIV 7
-1.5653422276190918200e-9
-9.316812399249700325e-26
0
0
DERIV 8
1.9566777845238647750e-10
1.1646015499062125407e-26
0
0
DERIV 9
-2.1740864272487386748e-11
-9.349823590307623192e-28
0
0
DERIV 10
2.1740864272487385940e-12
1.7427759259770783182e-28
0
0
DERIV 11
-1.9764422065897625877e-13
7.105263370274176009e-30
0
0
DERIV 12
1.6470351721581354897e-14
-5.921052808561813049e-31
0
0
DERIV 13
-1.2669501324293350073e-15
6.071696208934110421e-32
0
0
DERIV 14
9.049643803066678447e-17
-2.5760756286560341752e-33
0
0
DERIV 15
-6.033095868711118605e-18
-1.8776854770854840282e-34
0
0
DERIV 16
3.770684917944449128e-19
1.1735534231784275176e-35
0
0
DERIV 17
-2.2180499517320290760e-20
1.0798306558391931387e-36
0
0
DERIV 18
1.2322499731844604933e-21
4.449779474869260064e-38
0
0
DERIV 19
-6.485526174655055413e-23
-4.859454854749460435e-40
0
0
DERIV 20
3.2427630873275277067e-24
2.429727427374730217e-41
0
0
DERIV 21
-1.5441728987273941789e-25
2.1228260878450529027e-42
0
0
DERIV 22
7.018967721488154967e-27
2.9485234895302832279e-43
0
0
DERIV 23
-3.051725096299197851e-28
-8.920402053749567344e-45
0
0
DERIV 24
1.2715521234579991979e-29
-5.625155573103127931e-46
0
0
DERIV 25
-5.086208493831996581e-31
1.4811453275402540690e-48
0
0
DERIV 26
1.9562340360892295386e-32
-8.990936089467508235e-49
0
0
DERIV 27
-7.245311244774923995e-34
1.1125715329114775972e-50
0
0
DERIV 28
2.587611158848187141e-35
-3.973469760398134594e-52
0
0
DERIV 29
-8.922797099476507844e-37
5.978377003744521855e-53
0
0
DERIV 30
2.974265699825502441e-38
-2.5271114311523402248e-55
0
0
DERIV 31
-9.594405483308072916e-40
6.077539548757629909e-56
0
0
DERIV 32
2.998251713533772786e-41
-1.8992311089867593467e-57
0
0
DERIV 33
-9.085611253132644807e-43
5.755245784808361174e-59
0
0
DERIV 34
2.672238603862542561e-44
-1.3998715706913466667e-60
0
0
DERIV 35
-7.634967439607264149e-46
8.881254201875624614e-63
0
0
AT 12
6.144212353328209806e-6
-4.775776004588107820e-23
0
0
DERIV 1
-6.144212353328209806e-6
4.775776004588107820e-23
0
0
DERIV 2
3.072106176664104903e-6
-2.3878880022940539101e-23
0
0
DERIV 3
-1.0240353922213683717e-6
7.854570561217187070e-23
0
0
DERIV 4
2.560088480553420929e-7
-1.9636426403042967676e-23
0
0
DERIV 5
-5.120176961106841461e-8
-4.318165964593909065e-26
0
0
DERIV 6
8.533628268511402435e-9
7.196943274323182254e-27
0
0
DERIV 7
-1.2190897526444859736e-9
-8.965462895558485019e-26
0
0
DERIV 8
1.5238621908056074670e-10
1.1206828619448106274e-26
0
0
DERIV 9
-1.6931802120062305907e-11
-5.271644537641752550e-28
0
0
DERIV 10
1.6931802120062307118e-12
-6.845258966552988333e-29
0
0
DERIV 11
-1.5392547381874823965e-13
-6.616415668806587554e-31
0
0
DERIV 12
1.2827122818229019445e-14
5.810440673873961145e-31
0
0
DERIV 13
-9.867017552483861870e-16
3.115631262606682200e-32
0
0
DERIV 14
7.047869680345615973e-17
-5.747151371598575801e-33
0
0
DERIV 15
-4.698579786897076853e-18
-7.907976187969823440e-35
0
0
DERIV 16
2.936612366810673033e-19
4.942485117481139650e-36
0
0
DERIV 17
-1.7274190393003958489e-20
-8.217812783409591985e-37
0
0
DERIV 18
9.596772440557754716e-22
4.565451546338662736e-38
0
0
DERIV 19
-5.050932863451450345e-23
2.5465806632840198522e-39
0
0
DERIV 20
2.5254664317257250992e-24
-5.386063623780801317e-41
0
0
DERIV 21
-1.2026030627265356850e-25
-5.088165811365552475e-42
0
0
DERIV 22
5.466377557847890064e-27
-3.5573640162963462412e-43
0
0
DERIV 23
-2.376685894716473746e-28
-4.029526389317689121e-45
0
0
DERIV 24
9.902857894651974409e-30
-2.9920255522003529732e-46
0
0
DERIV 25
-3.961143157860789238e-31
-4.058059020337922846e-47
0
0
DERIV 26
1.5235165991772268616e-32
-7.550558917529905907e-49
0
0
DERIV 27
-5.642654071026766186e-34
3.113275416577558797e-50
0
0
DERIV 28
2.0152335967952734087e-35
1.1790571027298966978e-51
0
0
DERIV 29
-6.949081368259563997e-37
1.1185277472309079943e-53
0
0
DERIV 30
2.3163604560865212627e-38
3.2318989417620659153e-55
0
0
DERIV 31
-7.472130503504907720e-40
3.167325804591930220e-56
0
0
DERIV 32
2.335040782345283662e-41
-9.897893139349781937e-58
0
0
DERIV 33
-7.075881158622071125e-43
-2.793699937648377671e-59
0
0
DERIV 34
2.0811415172417856982e-44
8.955700779527082922e-62
0
0
DERIV 35
-5.946118620690816192e-46
-1.1448793476809368988e-62
0
0
AT 49/4
4.785117392129008755e-6
3.349348258330971289e-22
0
0
DERIV 1
-4.785117392129008755e-6
-3.349348258330971289e-22
0
0
DERIV 2
2.392558696064504377e-6
1.6746741291654856446e-22
0
0
DERIV 3
-7.975195653548348277e-7
-2.0529431503253671087e-23
0
0
DERIV 4
1.9937989133870870693e-7
5.132357875813417772e-24
0
0
DERIV 5
-3.987597826774174006e-8
-2.3499605552475276872e-24
0
0
DERIV 6
6.645996377956956953e-9
1.1593322169024542019e-25
0
0
DERIV 7
-9.494280539938510228e-10
1.2980275921144499380e-26
0
0
DERIV 8
1.1867850674923137785e-10
-1.6225344901430624225e-27
0
0
DERIV 9
-1.3186500749914598078e-11
7.188106546467732272e-28
0
0
DERIV 10
1.3186500749914596866e-12
4.928796957727008947e-29
0
0
DERIV 11
-1.1987727954467816939e-13
1.1583352108385140849e-29
0
0
DERIV 12
9.989773295389846398e-15
8.653519792925396667e-32
0
0
DERIV 13
-7.684440996453727771e-16
-2.941215672208718539e-32
0
0
DERIV 14
5.488886426038377155e-17
3.400181024236118116e-34
0
0
DERIV 15
-3.659257617358917949e-18
-1.7674226904588631665e-34
0
0
DERIV 16
2.287036010849323718e-19
1.1046391815367894791e-35
0
0
DERIV 17
-1.3453153004996023023e-20
5.008137754302922798e-37
0
0
DERIV 18
7.473973891664456713e-22
2.442120584597431582e-38
0
0
DERIV 19
-3.933670469297082418e-23
-1.9040078607472207111e-39
0
0
DERIV 20
1.9668352346485412092e-24
9.520039303736102332e-41
0
0
DERIV 21
-9.365882069754958358e-26
-2.3467926170650204442e-42
0
0
DERIV 22
4.257219122615890489e-27
-2.1944797819445651986e-43
0
0
DERIV 23
-1.8509648359199523474e-28
5.641951151202965431e-45
0
0
DERIV 24
7.712353482999801448e-30
-2.3508129796679025222e-46
0
0
DERIV 25
-3.084941393199920316e-31
-1.6871094287418709699e-47
0
0
DERIV 26
1.1865159204615079192e-32
-4.037698593817451254e-49
0
0
DERIV 27
-4.394503409116696219e-34
3.712848720157025689e-50
0
0
DERIV 28
1.5694655032559629353e-35
-1.3260174000560806455e-51
0
0
DERIV 29
-5.411950011227458282e-37
3.420420038946745114e-53
0
0
DERIV 30
1.8039833370758193057e-38
7.791682104414280844e-56
0
0
DERIV 31
-5.819301087341352573e-40
-5.144616996584656717e-57
0
0
DERIV 32
1.8185315897941726789e-41
1.6076928114327052241e-58
0
0
DERIV 33
-5.510701787255068700e-43
-7.285572021208882884e-60
0
0
DERIV 34
1.6207946433103144260e-44
-8.106856922003973159e-61
0
0
DERIV 35
-4.630841838029469633e-46
7.604910153929927853e-63
0
0
AT 25/2
3.726653172078670938e-6
5.469656173191848702e-23
0
0
DERIV 1
-3.726653172078670938e-6
-5.469656173191848702e-23
0
0
DERIV 2
1.8633265860393354691e-6
2.734828086595924351e-23
0
0
DERIV 3
-6.211088620131117877e-7
-4.440913309091559334e-23
0
0
DERIV 4
1.5527721550327794694e-7
1.1102283272728898335e-23
0
0
DERIV 5
-3.105544310065559336e-8
1.7500102857087530255e-24
0
0
DERIV 6
5.175907183442598341e-9
2.597853607505595817e-25
0
0
DERIV 7
-7.394153119203712507e-10
2.1972135075136319786e-26
0
0
DERIV 8
9.242691399004640634e-11
-2.7465168843920399732e-27
0
0
DERIV 9
-1.0269657110005156260e-11
3.051685427102266786e-28
0
0
DERIV 10
1.0269657110005155856e-12
9.872824076293138815e-30
0
0
DERIV 11
-9.336051918186506012e-14
5.987074802265817491e-30
0
0
DERIV 12
7.780043265155421677e-15
-4.989229001888181535e-31
0
0
DERIV 13
-5.984648665504170445e-16
3.079348361816858807e-32
0
0
DERIV 14
4.274749046788693087e-17
-1.3191094267207342110e-33
0
0
DERIV 15
-2.8498326978591285962e-18
-4.045470117776676865e-35
0
0
DERIV 16
1.7811454361619553726e-19
2.5284188236104230407e-36
0
0
DERIV 17
-1.0477326095070325721e-20
-1.4873051903590724751e-37
0
0
DERIV 18
5.820736719483514081e-22
2.916048396105773843e-38
0
0
DERIV 19
-3.063545641833428371e-23
-2.4627841696522132306e-39
0
0
DERIV 20
1.5317728209167142221e-24
8.640501001941416467e-41
0
0
DERIV 21
-7.294156290079592518e-26
5.724993158860288453e-42
0
0
DERIV 22
3.315525586399814324e-27
1.9634155606454548679e-43
0
0
DERIV 23
-1.4415328636520933404e-28
7.060471774026421936e-45
0
0
DERIV 24
6.006386931883722252e-30
-2.9418632391776758066e-46
0
0
DERIV 25
-2.402554772753488866e-31
8.264206795898660549e-48
0
0
DERIV 26
9.240595279821110495e-33
2.0847494306820698227e-49
0
0
DERIV 27
-3.422442696230041051e-34
4.949590363836816811e-51
0
0
DERIV 28
1.2223009629393004899e-35
-1.3222416744622558561e-51
0
0
DERIV 29
-4.214830906687242377e-37
-2.352868476230658186e-53
0
0
DERIV 30
1.4049436355624143346e-38
-1.3038079376826417867e-54
0
0
DERIV 31
-4.532076243749722871e-40
-3.687681412312273891e-56
0
0
DERIV 32
1.4162738261717883970e-41
1.1524004413475855911e-57
0
0
DERIV 33
-4.291738867187238146e-43
2.300938945488961329e-59
0
0
DERIV 34
1.2622761374080112048e-44
-5.303228597823734622e-61
0
0
DERIV 35
-3.606503249737174982e-46
2.626460898996270739e-62
0
0
AT 51/4
2.902320408650404051e-6
-1.6574535256947633213e-22
0
0
DERIV 1
-2.902320408650404051e-6
1.6574535256947633213e-22
0
0
DERIV 2
1.4511602043252020257e-6
-8.287267628473816607e-23
0
0
DERIV 3
-4.837200681084006046e-7
-4.296185350961230427e-23
0
0
DERIV 4
1.2093001702710015116e-7
1.0740463377403076069e-23
0
0
DERIV 5
-2.4186003405420031556e-8
-8.246036953957711176e-25
0
0
DERIV 6
4.031000567570005259e-9
1.3743394923262850430e-25
0
0
DERIV 7
-5.758572239385722390e-10
3.945090814912647616e-26
0
0
DERIV 8
7.198215299232152987e-11
-4.931363518640809520e-27
0
0
DERIV 9
-7.998016999146836473e-12
3.684195983053530082e-28
0
0
DERIV 10
7.998016999146836271e-13
-1.6647120656877399723e-29
0
0
DERIV 11
-7.270924544678941376e-14
-5.371229658576339354e-30
0
0
DERIV 12
6.059103787232451410e-15
1.8464883647435768501e-31
0
0
DERIV 13
-4.660849067101885927e-16
8.551846383347825888e-33
0
0
DERIV 14
3.329177905072775574e-17
2.695789471950344981e-34
0
0
DERIV 15
-2.2194519367151838190e-18
8.474433388765028252e-35
0
0
DERIV 16
1.3871574604469898868e-19
-5.296520867978142658e-36
0
0
DERIV 17
-8.159749767335234983e-21
6.655912908346032126e-37
0
0
DERIV 18
4.533194315186240926e-22
3.616457678257548984e-38
0
0
DERIV 19
-2.3858917448348637688e-23
-6.660363034805125505e-40
0
0
DERIV 20
1.1929458724174319578e-24
-4.016658175236734274e-41
0
0
DERIV 21
-5.680694630559199198e-26
-4.100344069755741791e-42
0
0
DERIV 22
2.5821339229814544418e-27
-7.451702000539586233e-44
0
0
DERIV 23
-1.1226669230354150137e-28
7.139135727051485048e-45
0
0
DERIV 24
4.677778845980895657e-30
-6.391424457300903510e-47
0
0
DERIV 25
-1.8711115383923583328e-31
9.563062104544446224e-48
0
0
DERIV 26
7.196582839970608762e-33
-1.5727846070290884456e-49
0
0
DERIV 27
-2.665401051840966319e-34
1.6912152156786472654e-50
0
0
DERIV 28
9.519289470860593614e-36
-2.2218190415777462946e-52
0
0
DERIV 29
-3.282513610641583803e-37
-1.2499495730168728417e-53
0
0
DERIV 30
1.0941712035471946272e-38
1.5563767895235000238e-55
0
0
DERIV 31
-3.5295845275715954664e-40
-1.5545254914589554524e-56
0
0
DERIV 32
1.1029951648661235832e-41
4.857892160809235789e-58
0
0
DERIV 33
-3.3424095905034048339e-43
-1.1100221901393627142e-59
0
0
DERIV 34
9.830616442657073553e-45
-1.8600649637110498937e-61
0
0
DERIV 35
-2.8087475550448779914e-46
-1.1354319597953628951e-62
0
0
AT 13
2.260329406981054240e-6
8.624211933289055342e-23
0
0
DERIV 1
-2.260329406981054240e-6
-8.624211933289055342e-23
0
0
DERIV 2
1.1301647034905271198e-6
4.312105966644527671e-23
0
0
DERIV 3
-3.767215678301757419e-7
2.0919352913447422871e-23
0
0
DERIV 4
9.418039195754393547e-8
-5.229838228361855718e-24
0
0
DERIV 5
-1.8836078391508785109e-8
-9.392658244548954231e-25
0
0
DERIV 6
3.139346398584797794e-9
-1.1918256677519332877e-25
0
0
DERIV 7
-4.484780569406854065e-10
2.4411622151393938561e-26
0
0
DERIV 8
5.605975711758567581e-11
-3.0514527689242423201e-27
0
0
DERIV 9
-6.228861901953963441e-12
-1.9947873697262824831e-28
0
0
DERIV 10
6.228861901953964047e-13
-4.063664382371087958e-29
0
0
DERIV 11
-5.662601729049057995e-14
1.3993722596944093191e-30
0
0
DERIV 12
4.718834774207548329e-15
-1.1661435497453411722e-31
0
0
DERIV 13
-3.629872903236575524e-16
-2.4074665195696614900e-33
0
0
DERIV 14
2.5927663594546966707e-17
1.4925995704062231895e-33
0
0
DERIV 15
-1.7285109063031312165e-18
3.209625673571028542e-36
0
0
DERIV 16
1.0803193164394570103e-19
-2.006016045981892839e-37
0
0
DERIV 17
-6.354819508467394488e-21
3.215774291930610114e-37
0
0
DERIV 18
3.530455282481885461e-22
1.8705522625967778261e-38
0
0
DERIV 19
-1.8581343592009925026e-23
5.622019023468110789e-40
0
0
DERIV 20
9.290671796004962513e-25
-2.811009511734055190e-41
0
0
DERIV 21
-4.424129426669029795e-26
1.6118958870102383114e-42
0
0
DERIV 22
2.0109679212131952311e-27
5.718015308759031683e-44
0
0
DERIV 23
-8.743338787883457575e-29
-1.9986854509996428365e-45
0
0
DERIV 24
3.643057828284774223e-30
-1.5027118359581772697e-46
0
0
DERIV 25
-1.4572231313139096630e-31
3.383412723223677095e-48
0
0
DERIV 26
5.604704351207344542e-33
1.8566617177613646761e-49
0
0
DERIV 27
-2.075816426373090619e-34
-2.1249431737670763174e-51
0
0
DERIV 28
7.413630094189608970e-36
4.577143576477092147e-52
0
0
DERIV 29
-2.556424170410209947e-37
-2.0103455290802789559e-53
0
0
DERIV 30
8.521413901367367533e-39
-3.739335385196709438e-55
0
0
DERIV 31
-2.7488431939894730819e-40
-1.9511681667100251494e-56
0
0
DERIV 32
8.590134981217103381e-42
6.097400520968828592e-58
0
0
DERIV 33
-2.6030712064294254963e-43
4.453897142152484799e-60
0
0
DERIV 34
7.656091783615956683e-45
5.279105252396360396e-61
0
0
DERIV 35
-2.1874547953188448221e-46
-9.526894223042153025e-63
0
0
AT 53/4
1.7603463121561693431e-6
-4.447745969442639473e-23
0
0
DERIV 1
-1.7603463121561693431e-6
4.447745969442639473e-23
0
0
DERIV 2
8.801731560780846715e-7
-2.2238729847213197363e-23
0
0
DERIV 3
-2.933910520260282238e-7
7.412909949071065298e-24
0
0
DERIV 4
7.334776300650705596e-8
-1.8532274872677663245e-24
0
0
DERIV 5
-1.4669552601301411192e-8
3.706454974535532833e-25
0
0
DERIV 6
2.444925433550235061e-9
7.608918584991240243e-26
0
0
DERIV 7
-3.492750619357478806e-10
3.901198674173722726e-27
0
0
DERIV 8
4.365938274196848508e-11
-4.876498342717153408e-28
0
0
DERIV 9
-4.851042526885387500e-12
3.234478372345181885e-28
0
0
DERIV 10
4.851042526885386894e-13
2.823973379752189005e-29
0
0
DERIV 11
-4.410038660804897119e-14
-3.1409655490263622263e-30
0
0
DERIV 12
3.675032217337414266e-15
2.617471290855301855e-31
0
0
DERIV 13
-2.826947859490319045e-16
1.7791610513661707354e-32
0
0
DERIV 14
2.0192484710645133397e-17
1.3704460298980872161e-33
0
0
DERIV 15
-1.3461656473763423677e-18
4.987179392852481910e-35
0
0
DERIV 16
8.413535296102139798e-20
-3.116987120532801193e-36
0
0
DERIV 17
-4.949138409471846630e-21
-1.2642515124417923338e-37
0
0
DERIV 18
2.749521338595470455e-22
-3.425219160410376066e-39
0
0
DERIV 19
-1.4471164939976159669e-23
-4.384065446217104701e-40
0
0
DERIV 20
7.235582469988080018e-25
3.553227999487281702e-42
0
0
DERIV 21
-3.445515461899085914e-26
1.7440381699825653675e-42
0
0
DERIV 22
1.5661433917723116650e-27
3.486766718579576380e-44
0
0
DERIV 23
-6.809319094662224826e-29
4.336471161999296962e-46
0
0
DERIV 24
2.8372162894425935605e-30
9.870624218540434866e-47
0
0
DERIV 25
-1.1348865157770375731e-31
1.0940546496035006946e-47
0
0
DERIV 26
4.364948137603990192e-33
5.290589569499346676e-50
0
0
DERIV 27
-1.6166474583718483381e-34
9.919476648743333513e-51
0
0
DERIV 28
5.773740922756600539e-36
3.1392415435364412733e-52
0
0
DERIV 29
-1.990945145778138304e-37
7.895902668408037910e-54
0
0
DERIV 30
6.636483819260461014e-39
-2.6319675561360125159e-55
0
0
DERIV 31
-2.1408012320195033424e-40
-1.2559151328588748422e-56
0
0
DERIV 32
6.690003850060947945e-42
3.924734790183983882e-58
0
0
DERIV 33
-2.0272738939578632912e-43
1.5865283935841263431e-59
0
0
DERIV 34
5.962570276346656885e-45
-6.130498870038287090e-61
0
0
DERIV 35
-1.7035915075276160140e-46
-6.376222598821776906e-63
0
0
AT 27/2
1.3709590863840844516e-6
-8.706772219128016086e-23
0
0
DERIV 1
-1.3709590863840844516e-6
8.706772219128016086e-23
0
0
DERIV 2
6.854795431920422258e-7
-4.353386109564008043e-23
0
0
DERIV 3
-2.2849318106401406644e-7
5.688027164647731122e-24
0
0
DERIV 4
5.712329526600351661e-8
-1.4220067911619327806e-24
0
0
DERIV 5
-1.1424659053200703653e-8
6.152736032535976261e-25
0
0
DERIV 6
1.904109842200117275e-9
-1.0254560054226627101e-25
0
0
DERIV 7
-2.720156917428738817e-10
-1.2171086098031273962e-28
0
0
DERIV 8
3.400196146785923522e-11
1.5213857622539092452e-29
0
0
DERIV 9
-3.777995718651026315e-12
1.7781925291889923011e-28
0
0
DERIV 10
3.777995718651026315e-13
-1.7781925291889922451e-29
0
0
DERIV 11
-3.434541562410023578e-14
-1.8257634689744222327e-30
0
0
DERIV 12
2.8621179686750197799e-15
2.0670138211033209364e-32
0
0
DERIV 13
-2.2016292066730922711e-16
1.1684091138927932754e-32
0
0
DERIV 14
1.5725922904807800176e-17
9.262722963734776809e-34
0
0
DERIV 15
-1.0483948603205201144e-18
4.096477727575407389e-35
0
0
DERIV 16
6.552467877003250715e-20
-2.5602985797346296184e-36
0
0
DERIV 17
-3.854392868825441686e-21
2.391136087521857207e-37
0
0
DERIV 18
2.141329371569689564e-22
1.2838007309818293179e-38
0
0
DERIV 19
-1.1270154587208893603e-23
4.843427246368209862e-40
0
0
DERIV 20
5.635077293604446618e-25
-5.850037000242805723e-42
0
0
DERIV 21
-2.683370139811641110e-26
-1.0880264547204499147e-42
0
0
DERIV 22
1.2197136999143823716e-27
5.376924599541093176e-46
0
0
DERIV 23
-5.303103043106010506e-29
1.9262547129756536283e-45
0
0
DERIV 24
2.2096262679608375942e-30
3.651425898641584825e-47
0
0
DERIV 25
-8.838505071843350990e-32
4.670110421964440853e-48
0
0
DERIV 26
3.399425027632058231e-33
-3.3751834679484820635e-49
0
0
DERIV 27
-1.2590463065303917552e-34
-5.713717031930214495e-51
0
0
DERIV 28
4.496593951894256650e-36
-1.7776220744423455345e-52
0
0
DERIV 29
-1.5505496385842263160e-37
-5.390806252320340460e-54
0
0
DERIV 30
5.168498795280754604e-39
-3.781660718927278562e-56
0
0
DERIV 31
-1.6672576758970175156e-40
-8.647001282198646314e-57
0
0
DERIV 32
5.210180237178179736e-42
2.7021879006870769730e-58
0
0
DERIV 33
-1.5788424961146000890e-43
8.707981176595471745e-60
0
0
DERIV 34
4.643654400337059085e-45
-2.5611709342927859091e-61
0
0
DERIV 35
-1.3267584000963025625e-46
3.983873056268062736e-63
0
0
AT 55/4
1.0677040100347826664e-6
2.833120992445203306e-23
0
0
DERIV 1
-1.0677040100347826664e-6
-2.833120992445203306e-23
0
0
DERIV 2
5.338520050173913332e-7
1.4165604962226016531e-23
0
0
DERIV 3
-1.7795066833913046205e-7
1.2924651413722585866e-23
0
0
DERIV 4
4.448766708478261551e-8
-3.2311628534306464666e-24
0
0
DERIV 5
-8.897533416956522441e-9
-1.5511919356292883313e-26
0
0
DERIV 6
1.4829222361594204068e-9
2.5853198927154804326e-27
0
0
DERIV 7
-2.1184603373706006180e-10
3.323439178509519252e-27
0
0
DERIV 8
2.6480754217132507726e-11
-4.154298973136899065e-28
0
0
DERIV 9
-2.9423060241258340122e-12
-1.3335080406432692149e-28
0
0
DERIV 10
2.942306024125834214e-13
-6.859758767225210911e-30
0
0
DERIV 11
-2.6748236582962130080e-14
1.4841899663524866137e-30
0
0
DERIV 12
2.2290197152468441734e-15
-1.2368249719604054384e-31
0
0
DERIV 13
-1.7146305501898800196e-16
-1.8637632717614744584e-33
0
0
DERIV 14
1.2247361072784857503e-17
-8.698033137557877751e-35
0
0
DERIV 15
-8.164907381856571412e-19
-1.9880377166791225851e-35
0
0
DERIV 16
5.103067113660357132e-20
1.2425235729244516157e-36
0
0
DERIV 17
-3.0018041845060923865e-21
-1.1734352690886563458e-37
0
0
DERIV 18
1.6676689913922736787e-22
-6.541963514199548458e-39
0
0
DERIV 19
-8.777205217854072148e-24
4.989841784871193063e-40
0
0
DERIV 20
4.388602608927036074e-25
-2.494920892435596837e-41
0
0
DERIV 21
-2.0898107661557314227e-26
7.780776742640138731e-43
0
0
DERIV 22
9.499139846162415069e-28
1.3550888469883892836e-44
0
0
DERIV 23
-4.130060802679310948e-29
-1.0176090240371119877e-46
0
0
DERIV 24
1.7208586677830461116e-30
1.2101490962722273144e-46
0
0
DERIV 25
-6.883434671132184972e-32
4.142728561291551504e-49
0
0
DERIV 26
2.6474748735123786512e-33
1.6828159632138690621e-49
0
0
DERIV 27
-9.805462494490292330e-35
4.062441982525979252e-51
0
0
DERIV 28
3.501950890889390118e-36
-1.4508721366164212939e-52
0
0
DERIV 29
-1.2075692727204793438e-37
4.282973771174029182e-54
0
0
DERIV 30
4.025230909068264175e-39
1.6174841613413018273e-55
0
0
DERIV 31
-1.2984615835704077852e-40
-6.533276421261966119e-57
0
0
DERIV 32
4.057692448657524329e-42
2.0416488816443644123e-58
0
0
DERIV 33
-1.2296037723204620204e-43
4.071731604582111191e-60
0
0
DERIV 34
3.616481683295476457e-45
-4.654486745404865387e-62
0
0
DERIV 35
-1.0332804809415647132e-46
2.441106084019451484e-63
0
0
AT 14
8.315287191035678771e-7
6.974174696131514412e-24
0
0
DERIV 1
-8.315287191035678771e-7
-6.974174696131514412e-24
0
0
DERIV 2
4.157643595517839385e-7
3.487087348065757206e-24
0
0
DERIV 3
-1.3858811985059464618e-7
-1.1623624493552524021e-24
0
0
DERIV 4
3.464702996264866155e-8
2.905906123388131005e-25
0
0
DERIV 5
-6.929405992529732640e-9
2.727541225534484315e-25
0
0
DERIV 6
1.1549009987549553711e-9
2.3472697287177563833e-26
0
0
DERIV 7
-1.6498585696499363552e-10
7.725069305666969284e-27
0
0
DERIV 8
2.0623232120624204439e-11
-9.656336632083711606e-28
0
0
DERIV 9
-2.2914702356249114698e-12
-2.733963191234478220e-29
0
0
DERIV 10
2.291470235624911470e-13
2.7339631912344785706e-30
0
0
DERIV 11
-2.0831547596590104844e-14
3.251749136848741663e-31
0
0
DERIV 12
1.7359622997158421361e-15
-9.283631824215716796e-32
0
0
DERIV 13
-1.3353556151660324124e-16
7.141255249396705122e-33
0
0
DERIV 14
9.538254394043088440e-18
-2.899833813126519888e-34
0
0
DERIV 15
-6.358836262695392422e-19
3.217175838342504005e-35
0
0
DERIV 16
3.974272664184620263e-20
-2.0107348989640650033e-36
0
0
DERIV 17
-2.3378074495203648830e-21
1.4040547595454099052e-37
0
0
DERIV 18
1.2987819164002025822e-22
5.260744122773139214e-39
0
0
DERIV 19
-6.835694296843171408e-24
-3.5421642427899994559e-40
0
0
DERIV 20
3.417847148421585979e-25
-9.839827633447366444e-42
0
0
DERIV 21
-1.6275462611531360850e-26
-4.880565310053909661e-43
0
0
DERIV 22
7.397937550696073521e-28
-1.8580658461931450884e-44
0
0
DERIV 23
-3.216494587259162206e-29
-1.1417779302809866883e-45
0
0
DERIV 24
1.3402060780246509774e-30
-1.0813355585159596036e-47
0
0
DERIV 25
-5.360824312098603822e-32
-4.432773167966267884e-49
0
0
DERIV 26
2.0618555046533091886e-33
-9.267324961037511242e-51
0
0
DERIV 27
-7.636501869086330091e-35
-2.0325565955990810526e-51
0
0
DERIV 28
2.7273220961022609853e-36
-1.6604839927255029325e-52
0
0
DERIV 29
-9.404558952076761010e-38
-4.354663479095986578e-54
0
0
DERIV 30
3.134852984025587264e-39
-1.1585672941674142847e-55
0
0
DERIV 31
-1.0112428980727701116e-40
6.368485008603967698e-57
0
0
DERIV 32
3.160134056477406599e-42
-1.9901515651887399057e-58
0
0
DERIV 33
-9.576163807507292482e-44
3.616986695825799278e-60
0
0
DERIV 34
2.816518766913909737e-45
-2.8941182275549825613e-61
0
0
DERIV 35
-8.047196476896884017e-47
-1.1767389680249970551e-63
0
0
AT 57/4
6.475952175842209272e-7
-2.3513909886529165485e-24
0
0
DERIV 1
-6.475952175842209272e-7
2.3513909886529165485e-24
0
0
DERIV 2
3.237976087921104636e-7
-1.1756954943264582742e-24
0
0
DERIV 3
-1.0793253626403682120e-7
3.918984981088193788e-25
0
0
DERIV 4
2.6983134066009205299e-8
-9.797462452720484471e-26
0
0
DERIV 5
-5.396626813201841060e-9
1.9594924905440971237e-26
0
0
DERIV 6
8.994378022003068088e-10
3.120003803880265983e-26
0
0
DERIV 7
-1.2849111460004384461e-10
1.0313934075760828300e-26
0
0
DERIV 8
1.6061389325005480576e-11
-1.2892417594701035375e-27
0
0
DERIV 9
-1.7845988138894976398e-12
-5.869930735101195873e-29
0
0
DERIV 10
1.7845988138894976903e-13
8.212209416867200032e-31
0
0
DERIV 11
-1.6223625580813615079e-14
-3.615149602337061034e-31
0
0
DERIV 12
1.3519687984011345242e-15
9.586465545455982938e-32
0
0
DERIV 13
-1.0399759987701034991e-16
-5.477904012800246748e-33
0
0
DERIV 14
7.428399991215025874e-18
-4.891462593770045160e-34
0
0
DERIV 15
-4.952266660810016607e-19
-3.158791418777422879e-35
0
0
DERIV 16
3.095166663006260380e-20
1.9742446367358892995e-36
0
0
DERIV 17
-1.8206862723566237749e-21
-9.400508496898572396e-38
0
0
DERIV 18
1.0114923735314577180e-22
-1.3080194507357235318e-39
0
0
DERIV 19
-5.323644071218198709e-24
2.6218101563449326070e-40
0
0
DERIV 20
2.661822035609099263e-25
-3.925501165925542262e-42
0
0
DERIV 21
-1.2675343026709995669e-26
-6.330311601760861898e-43
0
0
DERIV 22
5.761519557595453066e-28
-2.0143911837516968217e-44
0
0
DERIV 23
-2.5050085033023709349e-29
1.2413783749332988115e-45
0
0
DERIV 24
1.0437535430426545562e-30
-5.172409895555411390e-47
0
0
DERIV 25
-4.175014172170617984e-32
-3.3951777733611475559e-49
0
0
DERIV 26
1.6057746816040839453e-33
-9.220743406916513939e-50
0
0
DERIV 27
-5.947313635570680685e-35
-2.5243869828283926576e-51
0
0
DERIV 28
2.1240405841323859589e-36
9.015667795815687533e-53
0
0
DERIV 29
-7.324277876318572380e-38
-2.0288005693711711117e-54
0
0
DERIV 30
2.4414259587728574817e-39
4.587567075237729165e-56
0
0
DERIV 31
-7.875567608944701850e-41
1.4802072041565148775e-57
0
0
DERIV 32
2.4611148777952193281e-42
-4.625647512989108992e-59
0
0
DERIV 33
-7.457923872106724633e-44
-4.632727689747437601e-60
0
0
DERIV 34
2.1935070212078602778e-45
4.474176620049608284e-62
0
0
DERIV 35
-6.267162917736743651e-47
-1.2783361771570308613e-63
0
0
AT 29/2
5.043476625678880272e-7
4.868572409174934461e-23
0
0
DERIV 1
-5.043476625678880272e-7
-4.868572409174934461e-23
0
0
DERIV 2
2.521738312839440136e-7
2.4342862045874672304e-23
0
0
DERIV 3
-8.405794376131468444e-8
5.120602452223552765e-24
0
0
DERIV 4
2.1014485940328671109e-8
-1.2801506130558881911e-24
0
0
DERIV 5
-4.202897188065734222e-9
2.560301226111776290e-25
0
0
DERIV 6
7.004828646776223703e-10
-4.267168710186293817e-26
0
0
DERIV 7
-1.0006898066823175980e-10
-1.2895858832430419255e-27
0
0
DERIV 8
1.2508622583528969975e-11
1.6119823540538024069e-28
0
0
DERIV 9
-1.3898469537254411757e-12
4.940521553381742510e-29
0
0
DERIV 10
1.3898469537254411757e-13
-4.940521553381742650e-30
0
0
DERIV 11
-1.2634972306594919635e-14
3.057090675399744581e-31
0
0
DERIV 12
1.0529143588829100353e-15
-9.121416439674885894e-32
0
0
DERIV 13
-8.099341222176229998e-17
-3.413177206777888612e-33
0
0
DERIV 14
5.785243730125878680e-18
1.3374523223343569704e-34
0
0
DERIV 15
-3.856829153417252710e-19
1.6762717109600764548e-35
0
0
DERIV 16
2.4105182208857829439e-20
-1.0476698193500477843e-36
0
0
DERIV 17
-1.4179518946386957498e-21
-3.794364975494389265e-38
0
0
DERIV 18
7.877510525770532466e-23
-3.116438795046616821e-39
0
0
DERIV 19
-4.146058171458174557e-24
-2.6132025615034788404e-40
0
0
DERIV 20
2.073029085729087554e-25
-1.4484636039879970796e-41
0
0
DERIV 21
-9.871567074900415625e-27
-6.085250896201747722e-43
0
0
DERIV 22
4.487075943136552475e-28
3.581324059335233397e-44
0
0
DERIV 23
-1.9509025839724143999e-29
1.2454995115473586910e-45
0
0
DERIV 24
8.128760766551725498e-31
6.487905904592814703e-47
0
0
DERIV 25
-3.251504306620690659e-32
2.0028482242286801816e-48
0
0
DERIV 26
1.2505785794694962758e-33
5.454963864189731713e-50
0
0
DERIV 27
-4.631772516553689970e-35
-1.4264092733831162961e-51
0
0
DERIV 28
1.6542044701977466087e-36
-1.3996857667147410171e-52
0
0
DERIV 29
-5.704153345509470632e-38
5.063010650311183883e-55
0
0
DERIV 30
1.9013844485031567469e-39
1.1362938719226654788e-55
0
0
DERIV 31
-6.133498220977925352e-41
-4.760376285619045065e-59
0
0
DERIV 32
1.9167181940556016725e-42
1.4876175892559515829e-60
0
0
DERIV 33
-5.808236951683641583e-44
1.4635304434434297431e-60
0
0
DERIV 34
1.7083049857893062746e-45
3.016693140297138185e-62
0
0
DERIV 35
-4.880871387969446638e-47
5.271535844376797036e-64
0
0
AT 59/4
3.927863545481039239e-7
-2.1318812036418910407e-23
0
0
DERIV 1
-3.927863545481039239e-7
2.1318812036418910407e-23
0
0
DERIV 2
1.9639317727405196194e-7
-1.0659406018209455203e-23
0
0
DERIV 3
-6.546439242468397849e-8
-5.270124527829142974e-24
0
0
DERIV 4
1.6366098106170994622e-8
1.3175311319572857436e-24
0
0
DERIV 5
-3.273219621234199338e-9
1.5008407988505667953e-25
0
0
DERIV 6
5.455366035390332230e-10
-2.5014013314176112299e-26
0
0
DERIV 7
-7.793380050557616918e-11
-1.9657254141781514742e-27
0
0
DERIV 8
9.741725063197021147e-12
2.457156767722689343e-28
0
0
DERIV 9
-1.0824138959107801948e-12
4.001438871527423630e-29
0
0
DERIV 10
1.0824138959107801190e-13
3.571625818594289562e-30
0
0
DERIV 11
-9.840126326461638450e-15
6.793115322272613887e-31
0
0
DERIV 12
8.200105272051365046e-16
-2.3740089968062960816e-32
0
0
DERIV 13
-6.307773286193356969e-17
-5.759040244966424062e-33
0
0
DERIV 14
4.505552347280969374e-18
3.013068778183311230e-34
0
0
DERIV 15
-3.003701564853979775e-19
-8.278257440163823561e-37
0
0
DERIV 16
1.8773134780337373595e-20
5.173910900102389725e-38
0
0
DERIV 17
-1.1043020459021985131e-21
6.333738045813953099e-38
0
0
DERIV 18
6.135011366123324942e-23
-2.2126385245385438146e-39
0
0
DERIV 19
-3.2289533505912235185e-24
-1.8881861467642644697e-41
0
0
DERIV 20
1.6144766752956118052e-25
-3.647681734517428471e-42
0
0
DERIV 21
-7.687984168074341929e-27
1.7369913021511563292e-43
0
0
DERIV 22
3.494538258215609927e-28
-3.818910386287606211e-45
0
0
DERIV 23
-1.5193644600937433125e-29
-1.1743328621242769012e-45
0
0
DERIV 24
6.330685250390597719e-31
-9.456900091689173335e-48
0
0
DERIV 25
-2.532274100156239175e-32
1.2540875438705775359e-48
0
0
DERIV 26
9.739515769831688741e-34
-8.759457507506710274e-51
0
0
DERIV 27
-3.607228062900625420e-35
-7.154079010600268299e-53
0
0
DERIV 28
1.2882957367502233405e-36
2.641899884389469914e-53
0
0
DERIV 29
-4.442399092242149378e-38
-1.6310335566031026568e-54
0
0
DERIV 30
1.4807996974140499231e-39
-7.613830413986706502e-56
0
0
DERIV 31
-4.776773217464676711e-41
-2.1484751966967954700e-57
0
0
DERIV 32
1.4927416304577114722e-42
6.713984989677485844e-59
0
0
DERIV 33
-4.523459486235489973e-44
4.603342057089010224e-60
0
0
DERIV 34
1.3304292606574969229e-45
-7.271510664300319810e-63
0
0
DERIV 35
-3.801226459021419710e-47
-4.867755075669932891e-64
0
0
AT 15
3.059023205018257859e-7
2.4757952939059972804e-24
0
0
DERIV 1
-3.059023205018257859e-7
-2.4757952939059972804e-24
0
0
DERIV 2
1.5295116025091289295e-7
1.2378976469529986402e-24
0
0
DERIV 3
-5.098372008363763319e-8
1.7931824178237407971e-24
0
0
DERIV 4
1.2745930020909408297e-8
-4.482956044559351993e-25
0
0
DERIV 5
-2.549186004181881411e-9
-1.5849506287472125342e-25
0
0
DERIV 6
4.248643340303135858e-10
9.182914384265466155e-27
0
0
DERIV 7
-6.069490486147337494e-11
4.227310975593958220e-27
0
0
DERIV 8
7.586863107684171867e-12
-5.284138719492447775e-28
0
0
DERIV 9
-8.429847897426857069e-13
2.6158769564219104829e-30
0
0
DERIV 10
8.429847897426857574e-14
-5.310297489056666848e-30
0
0
DERIV 11
-7.663498088569869661e-15
-3.778212157814068334e-31
0
0
DERIV 12
6.386248407141558051e-16
3.148510131511723247e-32
0
0
DERIV 13
-4.912498774724275661e-17
-5.155555422472781015e-35
0
0
DERIV 14
3.508927696231625692e-18
-2.164237397710606810e-34
0
0
DERIV 15
-2.339285130821083474e-19
-1.7670583088383217752e-35
0
0
DERIV 16
1.4620532067631771711e-20
1.1044114430239511095e-36
0
0
DERIV 17
-8.600312980959865602e-22
-7.602885524444218176e-38
0
0
DERIV 18
4.777951656088814615e-23
3.0551078861694088488e-40
0
0
DERIV 19
-2.5147113979414813377e-24
-5.474709252004582469e-41
0
0
DERIV 20
1.2573556989707406229e-25
7.329129433901851303e-42
0
0
DERIV 21
-5.987408090336860622e-27
1.6346870343394016967e-43
0
0
DERIV 22
2.721549131971300283e-28
-7.430395610633644189e-45
0
0
DERIV 23
-1.1832822312918697063e-29
5.058387392873084754e-46
0
0
DERIV 24
4.930342630382789859e-31
3.731082187656285815e-47
0
0
DERIV 25
-1.9721370521531161955e-32
1.0255253030211414214e-48
0
0
DERIV 26
7.585142508281215808e-34
-6.547715222755336377e-51
0
0
DERIV 27
-2.809312040104154240e-35
2.6182988246284457682e-51
0
0
DERIV 28
1.0033257286086264905e-36
-6.964670168233559938e-53
0
0
DERIV 29
-3.459743891753884198e-38
-1.1850718480165092569e-55
0
0
DERIV 30
1.1532479639179613450e-39
5.832777672670940614e-56
0
0
DERIV 31
-3.720154722316004733e-41
2.0652155499439656531e-57
0
0
DERIV 32
1.1625483507237514792e-42
-6.453798593574892666e-59
0
0
DERIV 33
-3.522873790071973893e-44
-9.106620087194069085e-61
0
0
DERIV 34
1.0361393500211688835e-45
-6.473075382974011095e-62
0
0
DERIV 35
-2.960398142917625131e-47
-6.508685290052054051e-64
0
0
AT 61/4
2.3823696675018179733e-7
-5.530148253442350770e-24
0
0
DERIV 1
-2.3823696675018179733e-7
5.530148253442350770e-24
0
0
DERIV 2
1.1911848337509089867e-7
-2.7650741267211753852e-24
0
0
DERIV 3
-3.970616112503030176e-8
3.1275063423817989281e-24
0
0
DERIV 4
9.926540281257575440e-9
-7.818765855954497320e-25
0
0
DERIV 5
-1.985308056251514923e-9
-9.060805391515590867e-27
0
0
DERIV 6
3.308846760419191710e-10
-1.5722795196268812372e-26
0
0
DERIV 7
-4.726923943455987973e-11
3.997283035896791251e-28
0
0
DERIV 8
5.908654929319984966e-12
-4.996603794870989064e-29
0
0
DERIV 9
-6.565172143688871848e-13
-2.810628329512873620e-29
0
0
DERIV 10
6.565172143688871595e-14
5.334983226220111398e-30
0
0
DERIV 11
-5.968338312444428866e-15
-3.415692196161898028e-31
0
0
DERIV 12
4.973615260370357389e-16
2.846410163468248356e-32
0
0
DERIV 13
-3.825857892592582559e-17
-2.6636213428247415125e-33
0
0
DERIV 14
2.7327556375661306195e-18
-2.984761201391684660e-35
0
0
DERIV 15
-1.8218370917107538266e-19
1.0014548902541272583e-35
0
0
DERIV 16
1.1386481823192211416e-20
-6.259093064088295365e-37
0
0
DERIV 17
-6.697930484230712653e-22
4.234993261615367650e-38
0
0
DERIV 18
3.721072491239284546e-23
2.5943563426321228467e-40
0
0
DERIV 19
-1.9584592059154130930e-24
1.6034959091707742884e-40
0
0
DERIV 20
9.792296029577065235e-26
-5.721592141904091408e-42
0
0
DERIV 21
-4.662998109322411948e-27
2.0412678640168946510e-43
0
0
DERIV 22
2.119544595146550967e-28
-1.7431499537966639323e-44
0
0
DERIV 23
-9.215411283245873588e-30
5.751132236953124826e-46
0
0
DERIV 24
3.839754701352446890e-31
1.9827526022845846692e-47
0
0
DERIV 25
-1.5359018805409789532e-32
1.1774749245429401687e-48
0
0
DERIV 26
5.907314925157611029e-34
-1.2391931435132214833e-50
0
0
DERIV 27
-2.1878944167250410230e-35
-5.309524320662867517e-52
0
0
DERIV 28
7.813908631160861751e-37
-7.649329564378246052e-53
0
0
DERIV 29
-2.694451252124434817e-38
-6.242613697240804381e-56
0
0
DERIV 30
8.981504173748116164e-40
-8.794636214250606461e-57
0
0
DERIV 31
-2.897259410886489052e-41
-4.519845216119640724e-59
0
0
DERIV 32
9.053935659020278288e-43
1.4124516300373877264e-60
0
0
DERIV 33
-2.743616866369781405e-44
1.0132252704843940910e-60
0
0
DERIV 34
8.069461371675827021e-46
3.425970814020604558e-62
0
0
DERIV 35
-2.305560391907379246e-47
-6.502666840083566776e-66
0
0
AT 31/2
1.8553913626159783573e-7
-1.1654417662268299867e-23
0
0
DERIV 1
-1.8553913626159783573e-7
1.1654417662268299867e-23
0
0
DERIV 2
9.276956813079891786e-8
-5.827208831134149934e-24
0
0
DERIV 3
-3.092318937693297262e-8
1.9424029437113831887e-24
0
0
DERIV 4
7.730797344233243155e-9
-4.856007359278457972e-25
0
0
DERIV 5
-1.5461594688466485070e-9
-2.695694469738498491e-26
0
0
DERIV 6
2.576932448077747512e-10
4.492824116230830339e-27
0
0
DERIV 7
-3.681332068682496537e-11
2.813606313342425795e-28
0
0
DERIV 8
4.601665085853120672e-12
-3.517007891678032244e-29
0
0
DERIV 9
-5.112961206503467189e-13
-1.8530923646644299038e-29
0
0
DERIV 10
5.112961206503467063e-14
3.1152698130180490026e-30
0
0
DERIV 11
-4.648146551366788526e-15
3.652164351454394682e-33
0
0
DERIV 12
3.873455459472323607e-16
1.6130255162816545990e-32
0
0
DERIV 13
-2.979581122671018301e-17
1.8143633102314753076e-34
0
0
DERIV 14
2.1282722304792988418e-18
-6.798630776986012913e-35
0
0
DERIV 15
-1.4188481536528659427e-19
9.347245378958764997e-36
0
0
DERIV 16
8.867800960330412142e-21
-5.842028361849228123e-37
0
0
DERIV 17
-5.216353506076712471e-22
-2.0952508498406305533e-38
0
0
DERIV 18
2.897974170042618431e-23
-2.7542862528294971227e-39
0
0
DERIV 19
-1.5252495631803252872e-24
-5.804234662137547354e-41
0
0
DERIV 20
7.626247815901626895e-26
-1.6896574768307870919e-42
0
0
DERIV 21
-3.631546579000774849e-27
2.1711984436990536250e-43
0
0
DERIV 22
1.6507029904548976585e-28
-9.869083834995697730e-45
0
0
DERIV 23
-7.176969523716945306e-30
-6.066517416750518468e-46
0
0
DERIV 24
2.990403968215394315e-31
-1.8513421107023373184e-47
0
0
DERIV 25
-1.1961615872861576823e-32
3.0263107417942960180e-49
0
0
DERIV 26
4.600621489562145064e-34
-2.479788296427810244e-50
0
0
DERIV 27
-1.7039338850230166506e-35
5.224749675521969933e-52
0
0
DERIV 28
6.085478160796487919e-37
-6.727834956809735139e-54
0
0
DERIV 29
-2.0984407451022370603e-38
-1.2980770836406976328e-54
0
0
DERIV 30
6.994802483674123589e-40
3.783148239802448399e-56
0
0
DERIV 31
-2.2563878979593948869e-41
5.885597701238011186e-58
0
0
DERIV 32
7.051212181123109022e-43
-1.8392492816368784956e-59
0
0
DERIV 33
-2.1367309639766996884e-44
4.064872907296930680e-61
0
0
DERIV 34
6.284502835225587502e-46
-3.025849466222962492e-62
0
0
DERIV 35
-1.7955722386358820323e-47
-2.4672430926864314009e-64
0
0
AT 63/4
1.4449802461092448087e-7
-5.075916692629425970e-24
0
0
DERIV 1
-1.4449802461092448087e-7
5.075916692629425970e-24
0
0
DERIV 2
7.224901230546224044e-8
-2.5379583463147129852e-24
0
0
DERIV 3
-2.4083004101820744606e-8
-1.3598288513698361379e-24
0
0
DERIV 4
6.020751025455186152e-9
3.399572128424590345e-25
0
0
DERIV 5
-1.2041502050910372303e-9
-6.799144256849181149e-26
0
0
DERIV 6
2.0069170084850621367e-10
2.7154423806545962507e-27
0
0
DERIV 7
-2.8670242978358031909e-11
9.968686318144566621e-28
0
0
DERIV 8
3.5837803722947539886e-12
-1.2460857897680708277e-28
0
0
DERIV 9
-3.981978191438615262e-13
-1.4202990077101853751e-29
0
0
DERIV 10
3.981978191438615262e-14
1.4202990077101854451e-30
0
0
DERIV 11
-3.619980174035104856e-15
-5.740346386265215404e-32
0
0
DERIV 12
3.016650145029254211e-16
-1.1650980203550067355e-32
0
0
DERIV 13
-2.3205001115609646116e-17
-7.630334748913057471e-34
0
0
DERIV 14
1.6575000796864034316e-18
-8.306403353542358205e-35
0
0
DERIV 15
-1.1050000531242688420e-19
-5.696989106563970429e-36
0
0
DERIV 16
6.906250332026680263e-21
3.560618191602481518e-37
0
0
DERIV 17
-4.062500195309811947e-22
-1.8178943831020981033e-38
0
0
DERIV 18
2.2569445529498955914e-23
3.5688890682211691586e-40
0
0
DERIV 19
-1.1878655541841556131e-24
1.9883950654832249389e-41
0
0
DERIV 20
5.939327770920777606e-26
3.597577275157948363e-42
0
0
DERIV 21
-2.8282513194860845744e-27
-1.7131320357894991638e-43
0
0
DERIV 22
1.2855687815845839994e-28
-2.4042977596827645713e-45
0
0
DERIV 23
-5.589429485150365215e-30
1.0453468520359846047e-46
0
0
DERIV 24
2.328928952145985652e-31
-1.8952470886866781152e-47
0
0
DERIV 25
-9.315715808583942389e-33
5.391459504239185544e-49
0
0
DERIV 26
3.582967618686131557e-34
-7.578156443542981586e-51
0
0
DERIV 27
-1.3270250439578265717e-35
9.736114597847537118e-52
0
0
DERIV 28
4.739375156992237756e-37
-3.477183784945548971e-53
0
0
DERIV 29
-1.6342672955145645365e-38
-8.710676984872736181e-55
0
0
DERIV 30
5.447557651715215122e-40
2.903558994957578727e-56
0
0
DERIV 31
-1.7572766618436177565e-41
-1.1833042297745664027e-57
0
0
DERIV 32
5.491489568261305489e-43
3.697825718045520008e-59
0
0
DERIV 33
-1.6640877479579715866e-44
1.1423613986023788126e-60
0
0
DERIV 34
4.894375729288151405e-46
-1.5686389699023234776e-63
0
0
DERIV 35
-1.3983930655109003737e-47
-2.3299492576444886875e-64
0
0
AT 16
1.1253517471925911646e-7
-1.9439621238579301186e-24
0
0
DERIV 1
-1.1253517471925911646e-7
1.9439621238579301186e-24
0
0
DERIV 2
5.626758735962955823e-8
-9.719810619289650593e-25
0
0
DERIV 3
-1.8755862453209853846e-8
1.4269011707136919808e-24
0
0
DERIV 4
4.688965613302463461e-9
-3.567252926784229952e-25
0
0
DERIV 5
-9.377931226604926096e-10
-1.1373002719618170742e-26
0
0
DERIV 6
1.5629885377674877688e-10
-6.720964260824343635e-27
0
0
DERIV 7
-2.2328407682392682411e-11
9.601377515463347024e-28
0
0
DERIV 8
2.7910509602990853014e-12
-1.2001721894329183781e-28
0
0
DERIV 9
-3.101167733665650223e-13
2.1158914527780368074e-30
0
0
DERIV 10
3.101167733665650096e-14
1.0505883030758152430e-30
0
0
DERIV 11
-2.8192433942415001953e-15
1.2063914068700226594e-32
0
0
DERIV 12
2.349369495201249998e-16
1.5429276019712727519e-32
0
0
DERIV 13
-1.8072073040009617269e-17
7.094328668033763339e-34
0
0
DERIV 14
1.2908623600006868377e-18
5.937936347902945958e-35
0
0
DERIV 15
-8.605749066671246387e-20
4.066083869678185906e-36
0
0
DERIV 16
5.378593166669528992e-21
-2.541302418548866191e-37
0
0
DERIV 17
-3.163878333335016805e-22
-9.943983790655112267e-39
0
0
DERIV 18
1.7577101851861206432e-23
-1.4067137074451952557e-39
0
0
DERIV 19
-9.251106237821686919e-25
6.369303222806222841e-42
0
0
DERIV 20
4.625553118910843460e-26
-3.1846516114031114206e-43
0
0
DERIV 21
-2.2026443423384970393e-27
1.6890746775927092830e-43
0
0
DERIV 22
1.0012019737902258760e-28
-2.5819813915129804021e-45
0
0
DERIV 23
-4.353052059957503778e-30
8.179705040654660501e-47
0
0
DERIV 24
1.8137716916489599076e-31
-3.408210433606108340e-48
0
0
DERIV 25
-7.255086766595839685e-33
1.9106663860693249586e-49
0
0
DERIV 26
2.790417987152246033e-34
-7.348716869497404143e-51
0
0
DERIV 27
-1.0334881433897206885e-35
-3.712686572630321207e-52
0
0
DERIV 28
3.691029083534716924e-37
-4.638383067116234224e-54
0
0
DERIV 29
-1.2727686494947300187e-38
6.099652414866649706e-55
0
0
DERIV 30
4.242562164982432961e-40
2.316985507043466660e-56
0
0
DERIV 31
-1.3685684403169140145e-41
8.148431944513511252e-58
0
0
DERIV 32
4.276776375990356295e-43
-2.546384982660472266e-59
0
0
DERIV 33
-1.2959928412091987642e-44
-3.598255103200645329e-61
0
0
DERIV 34
3.811743650615290437e-46
1.5158849772546855036e-62
0
0
DERIV 35
-1.0890696144615116125e-47
1.5724301834932763064e-64
0
0
AT 33/2
6.825603376334869915e-8
-1.5935338082741062040e-24
0
0
DERIV 1
-6.825603376334869915e-8
1.5935338082741062040e-24
0
0
DERIV 2
3.412801688167434957e-8
-7.967669041370531020e-25
0
0
DERIV 3
-1.1376005627224782640e-8
-2.858647736563340979e-25
0
0
DERIV 4
2.844001406806195660e-9
7.146619341408352447e-26
0
0
DERIV 5
-5.688002813612391733e-10
2.706579194483468115e-26
0
0
DERIV 6
9.480004689353985792e-11
-2.027329670920940853e-28
0
0
DERIV 7
-1.3542863841934264955e-11
-4.326344715275957272e-28
0
0
DERIV 8
1.6928579802417831194e-12
5.407930894094946590e-29
0
0
DERIV 9
-1.8809533113797590215e-13
-6.008812104549940811e-30
0
0
DERIV 10
1.8809533113797590215e-14
6.008812104549940986e-31
0
0
DERIV 11
-1.7099575557997810362e-15
5.294637703422942203e-32
0
0
DERIV 12
1.4249646298331507814e-16
3.805103009866421593e-33
0
0
DERIV 13
-1.0961266383331930036e-17
6.554498949393760358e-34
0
0
DERIV 14
7.829475988094235602e-19
-3.306120717861803065e-35
0
0
DERIV 15
-5.219650658729490080e-20
-1.0058027620708577453e-36
0
0
DERIV 16
3.2622816617059313003e-21
6.286267262942860908e-38
0
0
DERIV 17
-1.9189892127681949378e-22
1.8339338491973171504e-39
0
0
DERIV 18
1.0661051182045527759e-23
-4.284114224060419272e-40
0
0
DERIV 19
-5.611079569497645899e-25
-6.452713396942386159e-42
0
0
DERIV 20
2.805539784748822835e-26
1.4705793718220093887e-42
0
0
DERIV 21
-1.3359713260708680421e-27
-4.440384578672760563e-44
0
0
DERIV 22
6.072596936685764134e-29
-1.0390218409483461374e-45
0
0
DERIV 23
-2.6402595376894627277e-30
1.0610088283796362367e-46
0
0
DERIV 24
1.1001081407039426572e-31
1.0175988885135027241e-47
0
0
DERIV 25
-4.400432562815771258e-33
2.2244998911551284262e-49
0
0
DERIV 26
1.6924740626214504840e-34
-8.555768812135108692e-51
0
0
DERIV 27
-6.268422454153519866e-36
-1.2858045863999153608e-52
0
0
DERIV 28
2.238722305054828583e-37
-1.3738334193132389929e-54
0
0
DERIV 29
-7.719732086395960406e-39
-1.7763693271328569682e-55
0
0
DERIV 30
2.5732440287986534144e-40
1.1358984813774960786e-56
0
0
DERIV 31
-8.300787189673075654e-42
-2.4308271700184114509e-58
0
0
DERIV 32
2.5939959967728361418e-43
7.596334906307535784e-60
0
0
DERIV 33
-7.860593929614655767e-45
5.618281594154321089e-61
0
0
DERIV 34
2.3119393910631337975e-46
8.642248273249261181e-63
0
0
DERIV 35
-6.605541117323239526e-48
-1.4274143596792852267e-64
0
0
AT 17
4.139937718785166831e-8
-1.7163831541032036181e-24
0
0
DERIV 1
-4.139937718785166831e-8
1.7163831541032036181e-24
0
0
DERIV 2
2.0699688593925834156e-8
-8.581915770516018090e-25
0
0
DERIV 3
-6.899896197975277501e-9
-2.653898826848178010e-25
0
0
DERIV 4
1.7249740494938193752e-9
6.634747067120445025e-26
0
0
DERIV 5
-3.449948098987638854e-10
-2.9297364773280451176e-27
0
0
DERIV 6
5.749913498312731207e-11
2.6424055914115172092e-27
0
0
DERIV 7
-8.214162140446758868e-12
-3.774865130587881407e-28
0
0
DERIV 8
1.0267702675558448585e-12
4.718581413234851759e-29
0
0
DERIV 9
-1.1408558528398275925e-13
-8.047707011046766307e-30
0
0
DERIV 10
1.1408558528398277503e-14
-7.729511093373469976e-31
0
0
DERIV 11
-1.0371416843998433197e-15
-1.9375002017174342236e-32
0
0
DERIV 12
8.642847369998694331e-17
1.6145835014311951863e-33
0
0
DERIV 13
-6.648344130768226171e-18
-3.612362624962132896e-34
0
0
DERIV 14
4.748817236263018831e-19
1.2045947718392120973e-35
0
0
DERIV 15
-3.165878157508679301e-20
-5.923710647931334241e-40
0
0
DERIV 16
1.9786738484429245632e-21
3.702319154957083900e-41
0
0
DERIV 17
-1.1639257932017203866e-22
5.529560286719613785e-39
0
0
DERIV 18
6.466254406676223717e-24
3.4585462341684785423e-40
0
0
DERIV 19
-3.403291792987486433e-25
8.381084497479146854e-42
0
0
DERIV 20
1.7016458964937431015e-26
7.288894771009327062e-43
0
0
DERIV 21
-8.103075697589253292e-28
7.997216193664292122e-45
0
0
DERIV 22
3.683216226176933212e-29
6.556163288878536541e-46
0
0
DERIV 23
-1.6013983592073624490e-30
1.5427300278637380605e-46
0
0
DERIV 24
6.672493163364009110e-32
4.519602469772058114e-48
0
0
DERIV 25
-2.6689972653456039312e-33
1.0659156283823055965e-49
0
0
DERIV 26
1.0265374097483091550e-34
8.346593556228783576e-52
0
0
DERIV 27
-3.801990406475219191e-36
6.807797609145619003e-53
0
0
DERIV 28
1.3578537165982924789e-37
6.517632695703112067e-54
0
0
DERIV 29
-4.682254195166525744e-39
-2.6974805480354543533e-55
0
0
DERIV 30
1.5607513983888420915e-40
-8.681097774044489415e-57
0
0
DERIV 31
-5.034681930286587166e-42
5.391914080844192486e-59
0
0
DERIV 32
1.5733381032145584893e-43
-1.6849731502638101519e-60
0
0
DERIV 33
-4.767691221862298094e-45
-3.0723502659613207589e-61
0
0
DERIV 34
1.4022621240771465898e-46
-1.1516874402720570931e-64
0
0
DERIV 35
-4.006463211648990170e-48
-8.352608384616942735e-65
0
0
AT 35/2
2.5109991557439818904e-8
-8.688920397605995839e-25
0
0
DERIV 1
-2.5109991557439818904e-8
8.688920397605995839e-25
0
0
DERIV 2
1.2554995778719909452e-8
-4.344460198802997919e-25
0
0
DERIV 3
-4.184998592906636208e-9
-1.3091153089090928665e-25
0
0
DERIV 4
1.0462496482266590521e-9
3.272788272272732166e-26
0
0
DERIV 5
-2.0924992964533181042e-10
-6.545576544545464907e-27
0
0
DERIV 6
3.487498827422196840e-11
1.0909294240909107580e-27
0
0
DERIV 7
-4.982141182031710003e-12
7.495110140024591707e-29
0
0
DERIV 8
6.227676477539637503e-13
-9.368887675030739634e-30
0
0
DERIV 9
-6.919640530599597226e-14
1.0409875194478598425e-30
0
0
DERIV 10
6.919640530599597068e-15
5.367342909941636807e-32
0
0
DERIV 11
-6.290582300545088423e-16
1.3049254291439688394e-32
0
0
DERIV 12
5.242151917120907019e-17
-1.0874378576199741469e-33
0
0
DERIV 13
-4.032424551631466819e-18
-3.486969983767804737e-35
0
0
DERIV 14
2.880303251165333649e-19
-1.8144270844314808564e-35
0
0
DERIV 15
-1.9202021674435555652e-20
-7.965589691157166980e-37
0
0
DERIV 16
1.2001263546522222282e-21
4.978493556973229363e-38
0
0
DERIV 17
-7.059566792071895391e-23
-3.619992886938539144e-39
0
0
DERIV 18
3.921981551151052995e-24
2.0111071594102997962e-40
0
0
DERIV 19
-2.0642008163952911830e-25
2.7072051838655719719e-42
0
0
DERIV 20
1.0321004081976456489e-26
-7.093321101807237027e-43
0
0
DERIV 21
-4.914763848560216735e-28
-3.028163883671908263e-44
0
0
DERIV 22
2.2339835675273712941e-29
8.668750510054793946e-46
0
0
DERIV 23
-9.712972032727702193e-31
5.369881067311939967e-47
0
0
DERIV 24
4.047071680303209247e-32
-2.2374504447133083194e-48
0
0
DERIV 25
-1.6188286721212836851e-33
7.581346247286029335e-50
0
0
DERIV 26
6.226264123543398378e-35
1.1960433050318280247e-51
0
0
DERIV 27
-2.3060237494605178063e-36
-1.5566309644020548548e-52
0
0
DERIV 28
8.235799105216135321e-38
2.5763999732080132693e-54
0
0
DERIV 29
-2.8399307259365985665e-39
9.116702073071744917e-56
0
0
DERIV 30
9.466435753121993998e-41
9.196045186473318062e-57
0
0
DERIV 31
-3.053688952619998475e-42
1.1447387427697741804e-58
0
0
DERIV 32
9.542777976937495234e-44
-3.577308571155544314e-60
0
0
DERIV 33
-2.891750902102270868e-45
-3.0646439515572629240e-61
0
0
DERIV 34
8.505149712065503641e-47
-1.8537393225670295935e-63
0
0
DERIV 35
-2.4300427748758580788e-48
-5.121596262299237550e-65
0
0
AT 18
1.5229979744712629153e-8
-7.170963862158596610e-25
0
0
DERIV 1
-1.5229979744712629153e-8
7.170963862158596610e-25
0
0
DERIV 2
7.614989872356314577e-9
-3.585481931079298305e-25
0
0
DERIV 3
-2.538329957452104721e-9
-1.8347371056194663237e-26
0
0
DERIV 4
6.345824893630261803e-10
4.586842764048665809e-27
0
0
DERIV 5
-1.2691649787260523605e-10
-9.173685528097331977e-28
0
0
DERIV 6
2.1152749645434207085e-11
-9.241633304601326153e-28
0
0
DERIV 7
-3.0218213779191722100e-12
-9.877482906178565495e-29
0
0
DERIV 8
3.777276722398965262e-13
1.2346853632723206869e-29
0
0
DERIV 9
-4.196974135998850712e-14
2.8353855353205956102e-30
0
0
DERIV 10
4.196974135998850239e-15
1.8977798960054753974e-31
0
0
DERIV 11
-3.815431032726227625e-16
-3.806051806509801638e-33
0
0
DERIV 12
3.179525860605189482e-17
2.3714962578888684938e-33
0
0
DERIV 13
-2.4457891235424537437e-18
1.1387412545273871686e-34
0
0
DERIV 14
1.7469922311017526741e-19
-8.133866103767051014e-36
0
0
DERIV 15
-1.1646614874011684594e-20
6.425665915213052794e-37
0
0
DERIV 16
7.279134296257302871e-22
-4.016041197008157996e-38
0
0
DERIV 17
-4.281843703680766222e-23
6.337090117367289710e-40
0
0
DERIV 18
2.3788020576004254749e-24
1.6887282414349552730e-40
0
0
DERIV 19
-1.2520010829475925485e-25
1.0445745288866805858e-41
0
0
DERIV 20
6.260005414737962169e-27
5.168458654410475746e-44
0
0
DERIV 21
-2.980954959399029690e-28
6.080076994736753637e-45
0
0
DERIV 22
1.3549795269995588224e-29
9.975405587163449133e-46
0
0
DERIV 23
-5.891215334780690837e-31
-1.2908318545823319825e-47
0
0
DERIV 24
2.4546730561586212732e-32
-3.744570816354977878e-49
0
0
DERIV 25
-9.818692224634484682e-34
-2.607538268159621570e-50
0
0
DERIV 26
3.776420086397878560e-35
2.6476776170412056397e-51
0
0
DERIV 27
-1.3986741060732884111e-36
-4.237953583756835239e-53
0
0
DERIV 28
4.995264664547458313e-38
4.496551179569623880e-54
0
0
DERIV 29
-1.7225050567405031814e-39
1.5996120950442449227e-55
0
0
DERIV 30
5.741683522468343462e-41
-5.740058088985592577e-58
0
0
DERIV 31
-1.8521559749897883267e-42
1.3157445204483724184e-58
0
0
DERIV 32
5.787987421843088521e-44
-4.111701626401163808e-60
0
0
DERIV 33
-1.7539355823766935101e-45
1.4345464103597811741e-61
0
0
DERIV 34
5.158634065813803984e-47
3.564923797220714901e-64
0
0
DERIV 35
-1.4738954473753726449e-48
6.794946088733572925e-65
0
0
AT 37/2
9.237449661970594358e-9
5.401220271220031800e-25
0
0
DERIV 1
-9.237449661970594358e-9
-5.401220271220031800e-25
0
0
DERIV 2
4.618724830985297179e-9
2.700610135610015900e-25
0
0
DERIV 3
-1.5395749436617657952e-9
-2.1088620140914893302e-26
0
0
DERIV 4
3.848937359154414488e-10
5.272155035228723325e-27
0
0
DERIV 5
-7.697874718308829493e-11
4.115447821410678590e-27
0
0
DERIV 6
1.2829791197181381950e-11
-1.4737892560423566844e-28
0
0
DERIV 7
-1.8328273138830545066e-12
-3.664540826698891165e-29
0
0
DERIV 8
2.291034142353818133e-13
4.580676033373613956e-30
0
0
DERIV 9
-2.5455934915042425105e-14
8.934553833513971756e-31
0
0
DERIV 10
2.5455934915042423527e-15
6.842664270906264352e-32
0
0
DERIV 11
-2.314175901367492958e-16
-1.5184932351062647200e-32
0
0
DERIV 12
1.9284799178062441319e-17
1.2654110292552206000e-33
0
0
DERIV 13
-1.4834460906201879271e-18
3.599430159179167045e-35
0
0
DERIV 14
1.0596043504429913593e-19
-8.514412347822300202e-37
0
0
DERIV 15
-7.064029002953275528e-21
-1.4385495355485506111e-37
0
0
DERIV 16
4.415018126845797205e-22
8.990934597178441319e-39
0
0
DERIV 17
-2.5970694863798808126e-23
5.083223920679924486e-40
0
0
DERIV 18
1.4428163813221560274e-24
-4.864802092777540527e-41
0
0
DERIV 19
-7.593770428011347573e-26
3.164603049869700555e-42
0
0
DERIV 20
3.796885214005673643e-27
-1.4737189746623744236e-44
0
0
DERIV 21
-1.8080405780979398834e-28
6.040050804409957437e-45
0
0
DERIV 22
8.218366264081544670e-30
-1.9766224868667696520e-47
0
0
DERIV 23
-3.573202723513715169e-31
1.0379091735626972817e-47
0
0
DERIV 24
1.4888344681307147450e-32
-1.3447658433625933652e-48
0
0
DERIV 25
-5.955337872522858535e-34
9.315828958569595877e-51
0
0
DERIV 26
2.2905145663549455082e-35
4.640880277756911438e-52
0
0
DERIV 27
-8.483387282796094970e-37
3.230719730631136176e-53
0
0
DERIV 28
3.029781172427176551e-38
1.0834187709455170628e-54
0
0
DERIV 29
-1.0447521284231642999e-39
-6.548558032570112388e-56
0
0
DERIV 30
3.482507094743881237e-41
-1.9616457643442463517e-58
0
0
DERIV 31
-1.1233893854012520532e-42
4.743993888194795250e-59
0
0
DERIV 32
3.510591829378912666e-44
-1.4824980900608735157e-60
0
0
DERIV 33
-1.0638157058723977022e-45
-3.050630366919949149e-62
0
0
DERIV 34
3.128869723154110803e-47
1.7551966995345175593e-63
0
0
DERIV 35
-8.939627780440317275e-49
1.930481838228545763e-65
0
0
AT 19
5.602796437537267826e-9
-2.859707768249006263e-25
0
0
DERIV 1
-5.602796437537267826e-9
2.859707768249006263e-25
0
0
DERIV 2
2.801398218768633913e-9
-1.4298538841245031313e-25
0
0
DERIV 3
-9.337994062562112354e-10
-2.1269921575268871398e-26
0
0
DERIV 4
2.334498515640528088e-10
5.317480393817217850e-27
0
0
DERIV 5
-4.668997031281056048e-11
-2.3559657858775493119e-27
0
0
DERIV 6
7.781661718801761157e-12
-6.843971249488299296e-28
0
0
DERIV 7
-1.1116659598288229070e-12
-1.7628063142498028745e-29
0
0
DERIV 8
1.3895824497860286337e-13
2.2035078928122535931e-30
0
0
DERIV 9
-1.5439804997622539323e-14
-1.2966487506071549508e-30
0
0
DERIV 10
1.5439804997622540901e-15
-2.810730598348685834e-32
0
0
DERIV 11
-1.4036186361475037631e-16
7.037373869072736762e-33
0
0
DERIV 12
1.1696821967895864179e-17
-7.286650391946511592e-35
0
0
DERIV 13
-8.997555359919894781e-19
-6.846911294416560246e-35
0
0
DERIV 14
6.426825257085639129e-20
4.890650924583256937e-36
0
0
DERIV 15
-4.284550171390426187e-21
-2.257345437020486035e-37
0
0
DERIV 16
2.677843857119016367e-22
1.4108408981378037716e-38
0
0
DERIV 17
-1.5752022688935392639e-23
1.4173622011968415658e-39
0
0
DERIV 18
8.751123716075217725e-25
-3.792656844071732120e-41
0
0
DERIV 19
-4.605854587408009027e-26
-1.0247692977909043600e-42
0
0
DERIV 20
2.3029272937040046569e-27
-9.225449785731604608e-44
0
0
DERIV 21
-1.0966320446209544490e-28
-1.0554112292925855671e-44
0
0
DERIV 22
4.984691111913429569e-30
2.2495083798302671711e-46
0
0
DERIV 23
-2.167257005179752291e-31
2.0682538877364426251e-47
0
0
DERIV 24
9.030237521582299844e-33
5.066830783436863850e-49
0
0
DERIV 25
-3.612095008632920348e-34
2.0786342813268670387e-50
0
0
DERIV 26
1.3892673110126614667e-35
1.2564981303298169978e-51
0
0
DERIV 27
-5.145434485232079754e-37
-2.178914640025067329e-53
0
0
DERIV 28
1.8376551732971715271e-38
-1.0861889051334830649e-54
0
0
DERIV 29
-6.336741976886797807e-40
-1.8797834891936140937e-56
0
0
DERIV 30
2.1122473256289325683e-41
9.664541041061278126e-58
0
0
DERIV 31
-6.813701050415911870e-43
4.797104312470603959e-60
0
0
DERIV 32
2.1292815782549724595e-44
-1.4990950976470637372e-61
0
0
DERIV 33
-6.452368418954461928e-46
-2.528895853184437388e-63
0
0
DERIV 34
1.8977554173395475400e-47
9.323317637693688141e-64
0
0
DERIV 35
-5.422158335255850028e-49
-3.531971233239092533e-65
0
0
AT 39/2
3.398267819495071066e-9
1.5935089540008025732e-25
0
0
DERIV 1
-3.398267819495071066e-9
-1.5935089540008025732e-25
0
0
DERIV 2
1.6991339097475355329e-9
7.967544770004012866e-26
0
0
DERIV 3
-5.663779699158452466e-10
4.237323514607226144e-26
0
0
DERIV 4
1.4159449247896131164e-10
-1.0593308786518065360e-26
0
0
DERIV 5
-2.8318898495792261036e-11
8.261920501895073658e-28
0
0
DERIV 6
4.719816415965376570e-12
1.3156584728385412033e-28
0
0
DERIV 7
-6.742594879950537669e-13
-4.764489128863330767e-29
0
0
DERIV 8
8.428243599938172086e-14
5.955611411079163459e-30
0
0
DERIV 9
-9.364715111042413955e-15
-1.3582733108367695367e-31
0
0
DERIV 10
9.364715111042413166e-16
9.246882363046887810e-32
0
0
DERIV 11
-8.513377373674922068e-17
1.6786128332941734604e-33
0
0
DERIV 12
7.094481144729101210e-18
3.736969157287484106e-34
0
0
DERIV 13
-5.457293188253154925e-19
-1.3931070868463449950e-35
0
0
DERIV 14
3.898066563037967976e-20
-7.245038168840713606e-37
0
0
DERIV 15
-2.5987110420253118082e-21
-1.2724023526385683964e-37
0
0
DERIV 16
1.6241944012658198801e-22
7.952514703991052478e-39
0
0
DERIV 17
-9.554084713328352149e-24
-5.542283907364066041e-40
0
0
DERIV 18
5.307824840737973722e-25
1.7863409935885199653e-43
0
0
DERIV 19
-2.793592021441038529e-26
-2.7282158256962584374e-42
0
0
DERIV 20
1.3967960107205194082e-27
-7.082171462048350423e-45
0
0
DERIV 21
-6.651409574859616230e-29
3.3724626009754051113e-46
0
0
DERIV 22
3.0233679885725528953e-30
-7.902476020101625373e-47
0
0
DERIV 23
-1.3145078211185011256e-31
-9.891707776958151380e-48
0
0
DERIV 24
5.477115921327088707e-33
-2.7207327507701243190e-49
0
0
DERIV 25
-2.190846368530835449e-34
7.461792174162487751e-51
0
0
DERIV 26
8.426332186657058801e-36
3.2979984947656487953e-52
0
0
DERIV 27
-3.120863772835947797e-37
-2.934376218719315481e-54
0
0
DERIV 28
1.1145942045842671077e-38
-2.6807539035994014986e-55
0
0
DERIV 29
-3.843428291669886859e-40
3.737029133999157656e-56
0
0
DERIV 30
1.2811427638899620826e-41
7.934812682498197054e-58
0
0
DERIV 31
-4.132718593193426587e-43
2.579389170589137442e-59
0
0
DERIV 32
1.2914745603729458083e-44
-8.060591158091054506e-61
0
0
DERIV 33
-3.913559273857411210e-46
-8.574804782321042913e-63
0
0
DERIV 34
1.1510468452521797535e-47
3.951922196514723015e-64
0
0
DERIV 35
-3.2887052721490851944e-49
7.157325344576970664e-66
0
0
AT 20
2.061153622438557870e-9
-4.197557675950539864e-26
0
0
DERIV 1
-2.061153622438557870e-9
4.197557675950539864e-26
0
0
DERIV 2
1.0305768112192789350e-9
-2.0987788379752699320e-26
0
0
DERIV 3
-3.435256037397596450e-10
6.995929459917565484e-27
0
0
DERIV 4
8.588140093493991125e-11
-1.7489823649793913709e-27
0
0
DERIV 5
-1.7176280186987980957e-11
-9.426732341182275037e-28
0
0
DERIV 6
2.8627133644979969608e-12
2.2479944528651892214e-29
0
0
DERIV 7
-4.089590520711424302e-13
4.001021915070408847e-30
0
0
DERIV 8
5.111988150889280377e-14
-5.001277393838011059e-31
0
0
DERIV 9
-5.679986834321422641e-15
5.556974882042234753e-32
0
0
DERIV 10
5.679986834321423036e-16
-4.500002014309282502e-32
0
0
DERIV 11
-5.163624394837656913e-17
1.6901721716534018385e-34
0
0
DERIV 12
4.303020329031381018e-18
-2.708754273487431308e-34
0
0
DERIV 13
-3.310015637716446640e-19
-8.793120117592618855e-36
0
0
DERIV 14
2.3642968840831763007e-20
-6.616052222169798168e-37
0
0
DERIV 15
-1.5761979227221175338e-21
4.410701481446532321e-38
0
0
DERIV 16
9.851237017013234586e-23
-2.7566884259040827003e-39
0
0
DERIV 17
-5.794845304125432023e-24
7.572473455154254017e-41
0
0
DERIV 18
3.219358502291906680e-25
-4.206929697307919323e-42
0
0
DERIV 19
-1.6943992117325825233e-26
8.255982482661484279e-43
0
0
DERIV 20
8.471996058662912975e-28
-7.715315310002273841e-44
0
0
DERIV 21
-4.034283837458529561e-29
-5.966642198459787161e-46
0
0
DERIV 22
1.8337653806629681416e-30
-1.3211736095300291617e-46
0
0
DERIV 23
-7.972892959404208217e-32
-5.203411167624463706e-48
0
0
DERIV 24
3.322038733085086985e-33
-1.1267123276848048628e-50
0
0
DERIV 25
-1.3288154932340347427e-34
-4.681023312303093719e-51
0
0
DERIV 26
5.110828820130902856e-36
1.8003935816550359603e-52
0
0
DERIV 27
-1.892899563011445657e-37
8.799263992088961731e-54
0
0
DERIV 28
6.760355582183733744e-39
4.314896537680827723e-55
0
0
DERIV 29
-2.3311570973047359847e-40
6.215780693337204262e-57
0
0
DERIV 30
7.770523657682453027e-42
4.770201600328554321e-59
0
0
DERIV 31
-2.5066205347362751572e-43
-2.823526251019253141e-60
0
0
DERIV 32
7.833189171050859866e-45
8.823519534435166066e-62
0
0
DERIV 33
-2.3736936881972303922e-46
1.0290821363897024745e-62
0
0
DERIV 34
6.981452024109500796e-48
5.480898090222109996e-65
0
0
DERIV 35
-1.9947005783170003685e-49
1.2541729767922526170e-65
0
0
AT 41/2
1.2501528663867425645e-9
6.448235878237776080e-26
0
0
DERIV 1
-1.2501528663867425645e-9
-6.448235878237776080e-26
0
0
DERIV 2
6.250764331933712822e-10
3.224117939118888040e-26
0
0
DERIV 3
-2.0835881106445710269e-10
-2.1305950829689210166e-27
0
0
DERIV 4
5.208970276611427567e-11
5.326487707422302541e-28
0
0
DERIV 5
-1.0417940553222855458e-11
2.165876726300803578e-28
0
0
DERIV 6
1.7363234255371425090e-12
3.121818514051294590e-29
0
0
DERIV 7
-2.480462036481632300e-13
9.965144389682366256e-30
0
0
DERIV 8
3.100577545602040375e-14
-1.2456430487102957820e-30
0
0
DERIV 9
-3.4450861617800445542e-15
-1.6837445772924950654e-31
0
0
DERIV 10
3.445086161780044653e-16
6.976684457662302812e-33
0
0
DERIV 11
-3.131896510709131727e-17
1.6068380754994834068e-33
0
0
DERIV 12
2.6099137589242764389e-18
-1.3390317295829026965e-34
0
0
DERIV 13
-2.0076259684032895128e-19
4.744676926443763782e-36
0
0
DERIV 14
1.4340185488594925951e-20
-1.1986956484902848235e-36
0
0
DERIV 15
-9.560123659063283717e-22
5.483583041514352558e-38
0
0
DERIV 16
5.975077286914552323e-23
-3.427239400946470348e-39
0
0
DERIV 17
-3.514751345243854178e-24
7.195220547968713179e-41
0
0
DERIV 18
1.9526396362465855524e-25
6.206599268683072165e-42
0
0
DERIV 19
-1.0277050717087292155e-26
-5.532309553204689667e-43
0
0
DERIV 20
5.138525358543646795e-28
-4.408493360740718570e-44
0
0
DERIV 21
-2.4469168374017364889e-29
1.2985405731194944372e-45
0
0
DERIV 22
1.1122349260916983244e-30
2.0594659422114861367e-47
0
0
DERIV 23
-4.835804026485645008e-32
2.9454135692300963284e-49
0
0
DERIV 24
2.0149183443690187532e-33
-1.2272556538458736284e-50
0
0
DERIV 25
-8.059673377476074927e-35
-3.643824456911531732e-52
0
0
DERIV 26
3.099874375952336819e-36
-2.9438121863790130152e-52
0
0
DERIV 27
-1.1481016207230875715e-37
-3.017641434030137560e-54
0
0
DERIV 28
4.100362931153884091e-39
2.0099154361534096200e-55
0
0
DERIV 29
-1.4139182521220291374e-40
7.132413297743682504e-57
0
0
DERIV 30
4.713060840406763621e-42
-6.781730607066119161e-59
0
0
DERIV 31
-1.5203422065828269811e-43
2.830030805155381974e-60
0
0
DERIV 32
4.751069395571334316e-45
-8.843846266110568669e-62
0
0
DERIV 33
-1.4397179986579801370e-46
6.805058238312671725e-63
0
0
DERIV 34
4.234464701935235268e-48
2.2882746526983468487e-64
0
0
DERIV 35
-1.2098470576957815377e-49
-3.282304352020488749e-66
0
0
AT 21
7.582560427911906597e-10
1.3143551367989659387e-26
0
0
DERIV 1
-7.582560427911906597e-10
-1.3143551367989659387e-26
0
0
DERIV 2
3.791280213955953298e-10
6.571775683994829693e-27
0
0
DERIV 3
-1.2637600713186510994e-10
-2.1905918946649429920e-27
0
0
DERIV 4
3.159400178296627749e-11
5.476479736662357480e-28
0
0
DERIV 5
-6.318800356593255820e-12
2.135878320452792769e-28
0
0
DERIV 6
1.0531333927655425021e-12
9.903428915017280197e-29
0
0
DERIV 7
-1.5044762753793466118e-13
3.883350812169869757e-30
0
0
DERIV 8
1.8805953442241832648e-14
-4.854188515212337196e-31
0
0
DERIV 9
-2.0895503824713147825e-15
9.776103379241551724e-32
0
0
DERIV 10
2.0895503824713147332e-16
-4.845722721610227803e-33
0
0
DERIV 11
-1.8995912567921041068e-17
-1.5204266050478921903e-33
0
0
DERIV 12
1.5829927139934202816e-18
-6.589077735139923255e-35
0
0
DERIV 13
-1.2176867030718616625e-19
-4.190757244061769301e-36
0
0
DERIV 14
8.697762164799012090e-21
8.439226471119382067e-38
0
0
DERIV 15
-5.798508109866008311e-22
1.9451061836795877574e-38
0
0
DERIV 16
3.624067568666255194e-23
-1.2156913647997423484e-39
0
0
DERIV 17
-2.1318044521566205944e-24
-3.653050343294598921e-41
0
0
DERIV 18
1.1843358067536781590e-25
-3.072499595835845969e-42
0
0
DERIV 19
-6.233346351335147979e-27
-6.485733087210486007e-44
0
0
DERIV 20
3.116673175667573989e-28
3.242866543605243128e-45
0
0
DERIV 21
-1.4841300836512257626e-29
3.794057700472997172e-46
0
0
DERIV 22
6.746045834778298443e-31
3.052582173619604848e-47
0
0
DERIV 23
-2.933063406425347411e-32
1.2907052892504754166e-48
0
0
DERIV 24
1.2221097526772279739e-33
6.025857391183054171e-50
0
0
DERIV 25
-4.888439010708912152e-35
1.5551116521528615567e-52
0
0
DERIV 26
1.8801688502726585715e-36
-5.738052001005323280e-53
0
0
DERIV 27
-6.963588334343179392e-38
-2.901696774974669811e-54
0
0
DERIV 28
2.4869958336939926865e-39
5.702271004910588688e-56
0
0
DERIV 29
-8.575847702393077983e-41
-4.427352678201370378e-57
0
0
DERIV 30
2.8586159007976929372e-42
-1.2855750865624604638e-58
0
0
DERIV 31
-9.221341615476429279e-44
8.643646802591471704e-60
0
0
DERIV 32
2.881669254836384150e-45
-2.7011396258098349076e-61
0
0
DERIV 33
-8.732331075261769267e-47
-6.542387445078039313e-64
0
0
DERIV 34
2.5683326691946381090e-48
-7.012773335692151816e-65
0
0
DERIV 35
-7.338093340556109073e-50
3.902763073635431637e-66
0
0
AT 43/2
4.599055378652316642e-10
1.3664563092829809507e-26
0
0
DERIV 1
-4.599055378652316642e-10
-1.3664563092829809507e-26
0
0
DERIV 2
2.2995276893261583212e-10
6.832281546414904754e-27
0
0
DERIV 3
-7.665092297753861932e-11
6.339037531955736217e-27
0
0
DERIV 4
1.9162730744384654831e-11
-1.5847593829889340543e-27
0
0
DERIV 5
-3.832546148876930320e-12
-3.292829769592660422e-28
0
0
DERIV 6
6.387576914794884540e-13
-1.2435634418981998960e-29
0
0
DERIV 7
-9.125109878278405764e-14
-5.435923359308965127e-30
0
0
DERIV 8
1.1406387347848007205e-14
6.794904199136206408e-31
0
0
DERIV 9
-1.2673763719831120651e-15
7.789068491368333176e-32
0
0
DERIV 10
1.2673763719831118679e-16
1.1932454139156962233e-32
0
0
DERIV 11
-1.1521603381664654465e-17
3.577250044739525681e-35
0
0
DERIV 12
9.601336151387211412e-19
6.121662310895825703e-35
0
0
DERIV 13
-7.385643193374778287e-20
-1.9311874347459681121e-36
0
0
DERIV 14
5.275459423839127133e-21
3.528894980607874261e-37
0
0
DERIV 15
-3.516972949226085069e-22
7.820549484541837776e-39
0
0
DERIV 16
2.1981080932663031679e-23
-4.887843427838648610e-40
0
0
DERIV 17
-1.2930047607448842056e-24
1.7947844145169556969e-41
0
0
DERIV 18
7.183359781916022727e-26
5.380362558462192153e-42
0
0
DERIV 19
-3.780715674692643729e-27
-9.437044683108738695e-44
0
0
DERIV 20
1.8903578373463218646e-28
4.718522341554369596e-45
0
0
DERIV 21
-9.001703987363438051e-30
3.758649446366182581e-46
0
0
DERIV 22
4.091683630619744250e-31
1.4762922160263192879e-47
0
0
DERIV 23
-1.7789928828781498406e-32
1.0240796836355880222e-48
0
0
DERIV 24
7.412470345325623766e-34
1.4348993663817340316e-50
0
0
DERIV 25
-2.964988138130249399e-35
-1.6430656305895720016e-51
0
0
DERIV 26
1.1403800531270190383e-36
2.464534093480763657e-53
0
0
DERIV 27
-4.223629826396367060e-38
1.6006602049028525694e-54
0
0
DERIV 28
1.5084392237129882823e-39
-1.0377575351794847348e-55
0
0
DERIV 29
-5.201514564527545414e-41
-2.8889369054400546343e-58
0
0
DERIV 30
1.7338381881758483440e-42
1.3707714257539635956e-58
0
0
DERIV 31
-5.593026413470479107e-44
1.3595386266775649724e-60
0
0
DERIV 32
1.7478207542095247210e-45
-4.248558208367390539e-62
0
0
DERIV 33
-5.296426527907650758e-47
2.1713929151105457936e-63
0
0
DERIV 34
1.5577725082081325759e-48
-6.386449750325134340e-65
0
0
DERIV 35
-4.450778594880379005e-50
3.995115413409420848e-66
0
0
AT 22
2.789468092868924638e-10
1.6924962566137554019e-26
0
0
DERIV 1
-2.789468092868924638e-10
-1.6924962566137554019e-26
0
0
DERIV 2
1.3947340464344623192e-10
8.462481283068777009e-27
0
0
DERIV 3
-4.649113488114874613e-11
-6.667109158327496424e-28
0
0
DERIV 4
1.1622783720287186532e-11
1.6667772895818741061e-28
0
0
DERIV 5
-2.3245567440574372257e-12
-1.1411490248626908203e-28
0
0
DERIV 6
3.874261240095728709e-13
1.9019150414378181272e-29
0
0
DERIV 7
-5.534658914422470126e-14
2.6923104337471977124e-30
0
0
DERIV 8
6.918323643028087657e-15
-3.365388042183997140e-31
0
0
DERIV 9
-7.687026270031208399e-16
2.643679900730813760e-32
0
0
DERIV 10
7.687026270031207905e-17
2.2867007569005097505e-33
0
0
DERIV 11
-6.988205700028371243e-18
2.123210099662596517e-34
0
0
DERIV 12
5.823504750023642382e-19
1.4405414909265627468e-35
0
0
DERIV 13
-4.479619038479725002e-20
-1.8218098129580017054e-37
0
0
DERIV 14
3.1997278846283750549e-21
-4.072395737360455812e-38
0
0
DERIV 15
-2.133151923085583182e-22
-1.6092979121582963094e-38
0
0
DERIV 16
1.3332199519284894887e-23
1.0058111950989351933e-39
0
0
DERIV 17
-7.842470305461703523e-25
5.659691693938785922e-42
0
0
DERIV 18
4.356927947478724052e-26
9.610656858643898316e-43
0
0
DERIV 19
-2.2931199723572233551e-27
1.1934347241789413581e-43
0
0
DERIV 20
1.1465599861786115879e-28
3.001136550784122090e-45
0
0
DERIV 21
-5.459809457993388414e-30
-2.4300401177482609375e-46
0
0
DERIV 22
2.481731571815176790e-31
-1.2840132379408196253e-47
0
0
DERIV 23
-1.0790137268761637446e-32
-2.1520824047675905363e-49
0
0
DERIV 24
4.495890528650682554e-34
-1.9542480221118460449e-50
0
0
DERIV 25
-1.7983562114602728720e-35
-7.150490288068911914e-52
0
0
DERIV 26
6.916754659462588612e-37
-3.674726596156658207e-53
0
0
DERIV 27
-2.561760984986143911e-38
1.1676674958210281584e-54
0
0
DERIV 28
9.149146374950512802e-40
7.482088350636549987e-56
0
0
DERIV 29
-3.154878060327763246e-41
-4.705570385820459727e-58
0
0
DERIV 30
1.0516260201092543623e-42
6.878829832381661127e-59
0
0
DERIV 31
-3.392342000352433507e-44
-1.4160076520120015050e-60
0
0
DERIV 32
1.0601068751101354710e-45
4.425023912537504703e-62
0
0
DERIV 33
-3.212445076091319771e-47
2.7966055814376193740e-64
0
0
DERIV 34
9.448367870856822946e-49
-1.7162315470825750665e-65
0
0
DERIV 35
-2.699533677387663699e-50
4.903518705950214062e-67
0
0
AT 45/2
1.6918979226151304294e-10
-6.808296175228794096e-27
0
0
DERIV 1
-1.6918979226151304294e-10
6.808296175228794096e-27
0
0
DERIV 2
8.459489613075652147e-11
-3.404148087614397048e-27
0
0
DERIV 3
-2.8198298710252173823e-11
1.1347160292047990161e-27
0
0
DERIV 4
7.049574677563043456e-12
-2.836790073011997540e-28
0
0
DERIV 5
-1.4099149355126087315e-12
9.712547980755575524e-29
0
0
DERIV 6
2.349858225854347549e-13
1.7470485321503876890e-29
0
0
DERIV 7
-3.356940322649068378e-14
2.0119929839052279038e-30
0
0
DERIV 8
4.196175403311335473e-15
-2.514991229881534880e-31
0
0
DERIV 9
-4.662417114790372310e-16
-1.5881258846928046994e-32
0
0
DERIV 10
4.662417114790372433e-17
3.555307202849736936e-34
0
0
DERIV 11
-4.238561013445793331e-18
1.7778047390724630857e-34
0
0
DERIV 12
3.532134177871494121e-19
1.7283792914183405170e-35
0
0
DERIV 13
-2.717026290670380093e-20
-1.3295225318602619233e-36
0
0
DERIV 14
1.9407330647645574245e-21
-1.1998164330319956941e-37
0
0
DERIV 15
-1.2938220431763714596e-22
-7.674481790750528203e-39
0
0
DERIV 16
8.086387769852321622e-24
4.796551119219080127e-40
0
0
DERIV 17
-4.756698688148425186e-25
4.201213753717516044e-41
0
0
DERIV 18
2.642610382304680659e-26
-2.3340076409541755089e-42
0
0
DERIV 19
-1.3908475696340423293e-27
1.1826296408841807988e-46
0
0
DERIV 20
6.954237848170211422e-29
2.2361643947152863395e-45
0
0
DERIV 21
-3.311541832462005706e-30
1.6042997440876103200e-46
0
0
DERIV 22
1.5052462874827298266e-31
-3.311310017657271802e-48
0
0
DERIV 23
-6.544549076011868752e-33
8.447193417782901837e-50
0
0
DERIV 24
2.726895448338278504e-34
1.0735081196415500223e-50
0
0
DERIV 25
-1.0907581793353113856e-35
-5.897691304621517892e-52
0
0
DERIV 26
4.195223766674275138e-37
-3.514080842171955031e-53
0
0
DERIV 27
-1.5537865802497314360e-38
3.347996499898315041e-55
0
0
DERIV 28
5.549237786606183584e-40
-3.0480094963947440850e-58
0
0
DERIV 29
-1.9135302712435115014e-41
-7.805421576092357623e-58
0
0
DERIV 30
6.378434237478372202e-43
-2.708499178410721745e-59
0
0
DERIV 31
-2.0575594314446361542e-44
4.722245557543526574e-61
0
0
DERIV 32
6.429873223264487982e-46
-1.4757017367323520544e-62
0
0
DERIV 33
-1.9484464312922689970e-47
-4.367686893227448606e-64
0
0
DERIV 34
5.730724797918438137e-49
2.178314285844289646e-65
0
0
DERIV 35
-1.6373499422624110320e-50
7.341341677244599562e-67
0
0
AT 23
1.0261879631701890183e-10
1.2076075579263725501e-27
0
0
DERIV 1
-1.0261879631701890183e-10
-1.2076075579263725501e-27
0
0
DERIV 2
5.130939815850945092e-11
6.038037789631862750e-28
0
0
DERIV 3
-1.7103132719503151382e-11
8.757901629406926634e-28
0
0
DERIV 4
4.275783179875787846e-12
-2.189475407351731659e-28
0
0
DERIV 5
-8.551566359751575085e-13
-1.6795009373939071803e-29
0
0
DERIV 6
1.4252610599585958476e-13
2.7991682289898451838e-30
0
0
DERIV 7
-2.0360872285122798273e-14
5.089648455631456589e-32
0
0
DERIV 8
2.5451090356403497841e-15
-6.362060569539320736e-33
0
0
DERIV 9
-2.827898928489277483e-16
-4.771305111863768795e-33
0
0
DERIV 10
2.827898928489277360e-17
1.7097256755942078939e-33
0
0
DERIV 11
-2.5708172077175249076e-18
-1.2041269879243277942e-34
0
0
DERIV 12
2.1423476730979375033e-19
2.0096834644225825645e-36
0
0
DERIV 13
-1.6479597485368750720e-20
5.398548576840450639e-37
0
0
DERIV 14
1.1771141060977678279e-21
4.204426565038221176e-38
0
0
DERIV 15
-7.847427373985118853e-23
-2.8029510433588142260e-39
0
0
DERIV 16
4.904642108740699283e-24
1.7518444020992588912e-40
0
0
DERIV 17
-2.885083593376882255e-25
2.2107560984589493105e-41
0
0
DERIV 18
1.6028242185427122684e-26
-2.7157808083145226103e-43
0
0
DERIV 19
-8.435916939698486001e-28
5.205488918767150795e-44
0
0
DERIV 20
4.217958469849242776e-29
-3.606669164638679753e-46
0
0
DERIV 21
-2.0085516523091631767e-30
-3.287175865617832653e-47
0
0
DERIV 22
9.129780237768923332e-32
3.484651621196766363e-48
0
0
DERIV 23
-3.969469668595183998e-33
-2.1100465881582478271e-49
0
0
DERIV 24
1.6539456952479934036e-34
1.6644882237468449157e-51
0
0
DERIV 25
-6.615782780991973294e-36
-3.873112941609372771e-52
0
0
DERIV 26
2.544531838843066748e-37
5.259215484222843487e-54
0
0
DERIV 27
-9.424191995715061691e-39
-5.331348792378065861e-55
0
0
DERIV 28
3.3657828556125222072e-40
1.5620372906399020684e-57
0
0
DERIV 29
-1.1606147777974214068e-41
-4.933369855068799952e-58
0
0
DERIV 30
3.868715925991404530e-43
3.237548529488718751e-59
0
0
DERIV 31
-1.2479728793520661461e-44
6.418659044885935996e-61
0
0
DERIV 32
3.899915247975206706e-46
-2.005830951526854999e-62
0
0
DERIV 33
-1.1817924993864261347e-47
-7.917615757608215859e-64
0
0
DERIV 34
3.475860292313018445e-49
-1.6929417047899690469e-65
0
0
DERIV 35
-9.931029406608623384e-51
-2.6238269294113591360e-67
0
0
AT 47/2
6.224144622907782609e-11
6.230448517625885115e-27
0
0
DERIV 1
-6.224144622907782609e-11
-6.230448517625885115e-27
0
0
DERIV 2
3.112072311453891305e-11
3.1152242588129425574e-27
0
0
DERIV 3
-1.0373574371512971554e-11
-4.998790416401034301e-28
0
0
DERIV 4
2.5933935928782428884e-12
1.2496976041002585752e-28
0
0
DERIV 5
-5.186787185756485979e-13
-4.799112908347270126e-30
0
0
DERIV 6
8.644645309594142877e-14
5.007110312569941083e-30
0
0
DERIV 7
-1.2349493299420205012e-14
1.8625384702830759162e-31
0
0
DERIV 8
1.5436866624275256265e-15
-2.3281730878538448952e-32
0
0
DERIV 9
-1.7152074026972506687e-16
-1.5224137884646330349e-34
0
0
DERIV 10
1.7152074026972507303e-17
-6.010734443192691191e-34
0
0
DERIV 11
-1.5592794569975005589e-18
-5.040768384664294577e-35
0
0
DERIV 12
1.2993995474979172929e-19
-1.1848775882673387519e-35
0
0
DERIV 13
-9.995381134599363213e-21
3.327393874931343628e-37
0
0
DERIV 14
7.139557953285259303e-22
-1.0332877954397741415e-38
0
0
DERIV 15
-4.759705302190172595e-23
-2.0539616216254880692e-39
0
0
DERIV 16
2.9748158138688578717e-24
1.2837260135159300432e-40
0
0
DERIV 17
-1.7498916552169751916e-25
-1.0252373495916977740e-41
0
0
DERIV 18
9.721620306760974243e-27
-3.870434463170208192e-43
0
0
DERIV 19
-5.116642266716302186e-28
1.5650544452643816540e-44
0
0
DERIV 20
2.558321133358151205e-29
-1.9035659940920444215e-45
0
0
DERIV 21
-1.2182481587419767394e-30
6.562281285572563018e-47
0
0
DERIV 22
5.537491630645348815e-32
-2.982855129805710352e-48
0
0
DERIV 23
-2.4076050568023253338e-33
-1.0830291288970028434e-49
0
0
DERIV 24
1.0031687736676356270e-34
-2.6147511898416766411e-51
0
0
DERIV 25
-4.012675094670542401e-36
-2.3205408100207568058e-54
0
0
DERIV 26
1.5433365748732854747e-37
6.514166738107037304e-54
0
0
DERIV 27
-5.716061388419576171e-39
9.708368581818135013e-56
0
0
DERIV 28
2.0414504958641344632e-40
-1.5119603900646699806e-56
0
0
DERIV 29
-7.039484468497015170e-42
3.0162883641782381108e-58
0
0
DERIV 30
2.3464948228323382574e-43
3.221471378842975678e-60
0
0
DERIV 31
-7.569338138168833490e-45
2.9756642506062282129e-61
0
0
DERIV 32
2.3654181681777604656e-46
-9.298950783144463165e-63
0
0
DERIV 33
-7.167933842962909728e-48
-4.916707671956931877e-64
0
0
DERIV 34
2.1082158361655616401e-49
1.8929407386113234342e-65
0
0
DERIV 35
-6.023473817615891248e-51
3.069783376967467378e-67
0
0
AT 24
3.775134544279097726e-11
2.551313785803785222e-28
0
0
DERIV 1
-3.775134544279097726e-11
-2.551313785803785222e-28
0
0
DERIV 2
1.8875672721395488631e-11
1.2756568929018926111e-28
0
0
DERIV 3
-6.291890907131829544e-12
-4.252189643006308890e-29
0
0
DERIV 4
1.5729727267829573859e-12
1.0630474107515772226e-29
0
0
DERIV 5
-3.145945453565914671e-13
-1.2223514408332105555e-29
0
0
DERIV 6
5.243242422609858205e-14
-2.1700057597900452530e-30
0
0
DERIV 7
-7.490346318014082700e-15
-1.4077683729914312899e-31
0
0
DERIV 8
9.362932897517603375e-16
1.7597104662392891124e-32
0
0
DERIV 9
-1.0403258775019559442e-16
-5.856836687016200139e-34
0
0
DERIV 10
1.0403258775019559134e-17
3.667171579721197379e-34
0
0
DERIV 11
-9.457507977290508654e-19
1.6789846277570390355e-36
0
0
DERIV 12
7.881256647742090144e-20
3.872438665160321274e-36
0
0
DERIV 13
-6.062505113647761765e-21
-1.8213891508521488732e-37
0
0
DERIV 14
4.330360795462686840e-22
2.644414365834149353e-38
0
0
DERIV 15
-2.886907196975124835e-23
9.798772413625714135e-40
0
0
DERIV 16
1.8043169981094530216e-24
-6.124232758516071334e-41
0
0
DERIV 17
-1.0613629400643840898e-25
-4.490761490195703179e-43
0
0
DERIV 18
5.896460778135466927e-27
2.6410361285696713553e-43
0
0
DERIV 19
-3.103400409544982593e-28
-1.3900190150366691999e-44
0
0
DERIV 20
1.5517002047724912404e-29
1.2555288932482613972e-45
0
0
DERIV 21
-7.389048594154720401e-31
-3.893443443555981134e-47
0
0
DERIV 22
3.358658451888509323e-32
1.2721268265010080898e-48
0
0
DERIV 23
-1.4602862834297867142e-33
-3.249053755639324062e-51
0
0
DERIV 24
6.084526180957444999e-35
-3.428309040304622211e-51
0
0
DERIV 25
-2.4338104723829777858e-36
-7.668881519519076104e-53
0
0
DERIV 26
9.360809509165299979e-38
-5.081574145413924126e-54
0
0
DERIV 27
-3.466966484876037126e-39
2.8487762713382719762e-55
0
0
DERIV 28
1.2382023160271560873e-40
-7.261118617280201142e-57
0
0
DERIV 29
-4.269663158714330984e-42
-1.0119550392991357146e-58
0
0
DERIV 30
1.4232210529047770477e-43
-1.9371229061110551158e-60
0
0
DERIV 31
-4.591035654531538623e-45
-1.7840307830071983766e-61
0
0
DERIV 32
1.4346986420411058196e-46
5.575096196897494927e-63
0
0
DERIV 33
-4.347571642548805606e-48
-7.686407631073816144e-65
0
0
DERIV 34
1.2786975419261192289e-49
8.963461829675686527e-66
0
0
DERIV 35
-3.653421548360340654e-51
-2.5609890941930532087e-67
0
0
AT 49/2
2.2897348456455529833e-11
-8.919910408461467464e-28
0
0
DERIV 1
-2.2897348456455529833e-11
8.919910408461467464e-28
0
0
DERIV 2
1.1448674228227764916e-11
-4.459955204230733732e-28
0
0
DERIV 3
-3.816224742742588305e-12
1.4866517347435778359e-28
0
0
DERIV 4
9.540561856856470764e-13
-3.716629336858944590e-29
0
0
DERIV 5
-1.9081123713712941527e-13
7.433258673717890020e-30
0
0
DERIV 6
3.180187285618823167e-14
2.9683817155590811753e-30
0
0
DERIV 7
-4.543124693741176291e-15
-8.597128569943512878e-32
0
0
DERIV 8
5.678905867176470364e-16
1.0746410712429391097e-32
0
0
DERIV 9
-6.309895407973856645e-17
5.653705278662462028e-33
0
0
DERIV 10
6.309895407973856183e-18
-1.0314734121330956387e-34
0
0
DERIV 11
-5.736268552703505708e-19
1.8131258039333759927e-35
0
0
DERIV 12
4.780223793919588090e-20
-1.5109381699444801053e-36
0
0
DERIV 13
-3.677095226091990781e-21
5.835552195524738670e-38
0
0
DERIV 14
2.626496590065707566e-22
9.265969584022758184e-39
0
0
DERIV 15
-1.7509977267104718087e-23
3.6184732008372235596e-40
0
0
DERIV 16
1.0943735791940448804e-24
-2.2615457505232647248e-41
0
0
DERIV 17
-6.437491642317910724e-26
-2.0459839760889329211e-42
0
0
DERIV 18
3.576384245732172943e-27
-2.0520747409919543341e-43
0
0
DERIV 19
-1.8823074977537750208e-28
-1.0440341243492204697e-44
0
0
DERIV 20
9.411537488768875945e-30
-3.1876201642028003105e-46
0
0
DERIV 21
-4.481684518461369164e-31
-1.8185105511529929013e-47
0
0
DERIV 22
2.0371293265733498190e-32
-1.1638850681191184533e-48
0
0
DERIV 23
-8.857084028579781227e-34
-8.894367976003729171e-51
0
0
DERIV 24
3.690451678574909023e-35
-1.4112444743946416659e-51
0
0
DERIV 25
-1.4761806714299635089e-36
-4.377889765267166787e-53
0
0
DERIV 26
5.677617967038320947e-38
4.093146944056057642e-54
0
0
DERIV 27
-2.1028214692734523838e-39
2.966042247936427843e-56
0
0
DERIV 28
7.510076675976615220e-41
3.310322724843145035e-57
0
0
DERIV 29
-2.5896816124057294630e-42
-3.724117411233488304e-59
0
0
DERIV 30
8.632272041352431809e-44
-1.4137807148095909350e-60
0
0
DERIV 31
-2.7846038843072360372e-45
1.5494465262271604357e-62
0
0
DERIV 32
8.701887138460112616e-47
-4.842020394459876361e-64
0
0
DERIV 33
-2.6369354965030643095e-48
-1.0502891341788146994e-64
0
0
DERIV 34
7.755692636773718557e-50
3.089085688761220045e-66
0
0
DERIV 35
-2.2159121819353481677e-51
-7.978140562017788538e-68
0
0
AT 25
1.3887943864964020896e-11
-3.016952059034864429e-28
0
0
DERIV 1
-1.3887943864964020896e-11
3.016952059034864429e-28
0
0
DERIV 2
6.943971932482010448e-12
-1.5084760295174322143e-28
0
0
DERIV 3
-2.3146573108273368161e-12
5.028253431724774234e-29
0
0
DERIV 4
5.786643277068342040e-13
-1.2570633579311935586e-29
0
0
DERIV 5
-1.1573286554136685090e-13
1.2611546302691338507e-29
0
0
DERIV 6
1.9288810923561140765e-14
-1.0501098434872072855e-30
0
0
DERIV 7
-2.7555444176515912561e-15
-1.3172034565218888033e-31
0
0
DERIV 8
3.444430522064489070e-16
1.6465043206523610041e-32
0
0
DERIV 9
-3.827145024516099172e-17
2.248760288437614342e-34
0
0
DERIV 10
3.827145024516098864e-18
2.856611882175816059e-34
0
0
DERIV 11
-3.479222749560090358e-19
2.2179049680809841731e-35
0
0
DERIV 12
2.899352291300075098e-20
1.5792288533588382065e-37
0
0
DERIV 13
-2.2302709933077499594e-21
-1.2788889649141629307e-37
0
0
DERIV 14
1.5930507095055357860e-22
-9.407446862327290412e-40
0
0
DERIV 15
-1.0620338063370238476e-23
-3.524155015300868857e-41
0
0
DERIV 16
6.637711289606399047e-25
2.2025968845630430354e-42
0
0
DERIV 17
-3.904536052709646228e-26
-2.8306085272681558876e-42
0
0
DERIV 18
2.1691866959498035399e-27
7.753771665553017264e-44
0
0
DERIV 19
-1.1416772083946335600e-28
7.719475665075818487e-45
0
0
DERIV 20
5.708386041973167520e-30
-1.0571409038882752570e-46
0
0
DERIV 21
-2.718279067606270060e-31
-1.3733385842977489541e-47
0
0
DERIV 22
1.2355813943664864406e-32
1.2662461774726617420e-49
0
0
DERIV 23
-5.372093018984724027e-34
3.168087345574940887e-50
0
0
DERIV 24
2.2383720912436348330e-35
4.618067460719050363e-52
0
0
DERIV 25
-8.953488364974539933e-37
4.166493613419819910e-53
0
0
DERIV 26
3.443649371144053820e-38
-1.6024975436230077692e-54
0
0
DERIV 27
-1.2754256930163161211e-39
-4.940331359171586278e-56
0
0
DERIV 28
4.555091760772557502e-41
2.4926746447932590377e-57
0
0
DERIV 29
-1.5707212968181233866e-42
2.391410956798777841e-59
0
0
DERIV 30
5.235737656060411289e-44
-7.971369855995926228e-61
0
0
DERIV 31
-1.6889476309872292672e-45
-1.5495408917662693771e-61
0
0
DERIV 32
5.277961346835091460e-47
4.842315286769591803e-63
0
0
DERIV 33
-1.5993822263136642077e-48
-1.7827301111187934169e-65
0
0
DERIV 34
4.704065371510777305e-50
-1.7099188486732487313e-66
0
0
DERIV 35
-1.3440186775745078777e-51
1.2515849363337692315e-67
0
0
AT 51/2
8.423463754468647248e-12
1.5813450220290713326e-28
0
0
DERIV 1
-8.423463754468647248e-12
-1.5813450220290713326e-28
0
0
DERIV 2
4.211731877234323624e-12
7.906725110145356663e-29
0
0
DERIV 3
-1.4039106257447745413e-12
-2.635575036715119074e-29
0
0
DERIV 4
3.509776564361936353e-13
6.588937591787797686e-30
0
0
DERIV 5
-7.019553128723872959e-14
1.2065673783496782751e-30
0
0
DERIV 6
1.1699255214539788791e-14
-7.270018332056208869e-31
0
0
DERIV 7
-1.6713221735056839721e-15
-3.701061404580626399e-32
0
0
DERIV 8
2.0891527168821049651e-16
4.626326755725782999e-33
0
0
DERIV 9
-2.3212807965356722862e-17
5.131263308147721218e-34
0
0
DERIV 10
2.3212807965356723632e-18
-1.2834983085696663774e-34
0
0
DERIV 11
-2.1102552695778839228e-19
7.291052931571432131e-36
0
0
DERIV 12
1.7585460579815697350e-20
1.3985892811057513917e-36
0
0
DERIV 13
-1.3527277369088999119e-21
8.157191380521281562e-39
0
0
DERIV 14
9.662340977920713489e-23
1.0966211168517477337e-39
0
0
DERIV 15
-6.441560651947142130e-24
-2.6902379959383110296e-40
0
0
DERIV 16
4.025975407466963831e-25
1.6813987474614443935e-41
0
0
DERIV 17
-2.3682208279217434976e-26
-3.1379708558032602179e-43
0
0
DERIV 18
1.3156782377343020428e-27
-8.221471937530221493e-44
0
0
DERIV 19
-6.924622303864747299e-29
1.3769884632794488612e-45
0
0
DERIV 20
3.462311151932373369e-30
2.1141026970099098668e-46
0
0
DERIV 21
-1.6487195961582730641e-31
-6.939257342179294016e-48
0
0
DERIV 22
7.494179982537605583e-33
-4.310095016648707426e-49
0
0
DERIV 23
-3.258339122842437210e-34
1.8739543550646554957e-50
0
0
DERIV 24
1.3576413011843487485e-35
1.1010725542045880211e-52
0
0
DERIV 25
-5.430565204737394860e-37
-1.7768113767279329202e-53
0
0
DERIV 26
2.0886789248989980031e-38
8.841675900645442413e-55
0
0
DERIV 27
-7.735847869996289203e-40
-2.5372048727677281219e-57
0
0
DERIV 28
2.762802810712960429e-41
9.061445974170458083e-59
0
0
DERIV 29
-9.526906243837795408e-43
7.927666920541289482e-59
0
0
DERIV 30
3.175635414612598038e-44
1.6720682858032951450e-60
0
0
DERIV 31
-1.0243985208427735406e-45
-7.401192947062611058e-62
0
0
DERIV 32
3.201245377633667314e-47
2.3128727959570659556e-63
0
0
DERIV 33
-9.700743568586872077e-49
7.263420624059982699e-65
0
0
DERIV 34
2.853159873113785570e-50
1.2150766678975811636e-66
0
0
DERIV 35
-8.151885351753673099e-52
-3.047738348200240834e-68
0
0
AT 26
5.109089028063325100e-12
-3.800638116652004961e-28
0
0
DERIV 1
-5.109089028063325100e-12
3.800638116652004961e-28
0
0
DERIV 2
2.5545445140316625500e-12
-1.9003190583260024803e-28
0
0
DERIV 3
-8.515148380105541497e-13
2.968590332143691231e-29
0
0
DERIV 4
2.1287870950263853742e-13
-7.421475830359228078e-30
0
0
DERIV 5
-4.257574190052770370e-14
-2.3022371789890110503e-30
0
0
DERIV 6
7.095956983421284212e-15
1.2075256142449793578e-31
0
0
DERIV 7
-1.0137081404887549438e-15
3.909684159800113657e-32
0
0
DERIV 8
1.2671351756109436798e-16
-4.887105199750142071e-33
0
0
DERIV 9
-1.4079279729010485673e-17
8.853992345299687882e-34
0
0
DERIV 10
1.4079279729010484903e-18
-1.1502725677507452449e-35
0
0
DERIV 11
-1.2799345208191350787e-19
9.799929354260840464e-36
0
0
DERIV 12
1.0666121006826124151e-20
6.879719895307913049e-37
0
0
DERIV 13
-8.204708466789326343e-22
-4.568711088192371491e-38
0
0
DERIV 14
5.860506047706661841e-23
1.5840874189627118610e-39
0
0
DERIV 15
-3.907004031804441081e-24
-2.5254262178363340133e-40
0
0
DERIV 16
2.441877519877775675e-25
1.5783913861477087583e-41
0
0
DERIV 17
-1.4363985411045740111e-26
-8.438926981123296111e-44
0
0
DERIV 18
7.979991895025410874e-28
3.458266000622014980e-44
0
0
DERIV 19
-4.199995734223900578e-29
-6.400991882643725217e-46
0
0
DERIV 20
2.0999978671119502889e-30
3.200495941321862511e-47
0
0
DERIV 21
-9.999989843390239992e-32
3.689118243436081186e-48
0
0
DERIV 22
4.545449928813745389e-33
-1.0548466872131260196e-49
0
0
DERIV 23
-1.976282577745106523e-34
-1.2147541283998417373e-50
0
0
DERIV 24
8.234510740604610960e-36
6.068676848456807289e-53
0
0
DERIV 25
-3.293804296241844200e-37
-2.0802728121266567983e-53
0
0
DERIV 26
1.2668478062468633346e-38
-1.0069024633970311338e-54
0
0
DERIV 27
-4.692028912025419788e-40
4.031365812025972625e-56
0
0
DERIV 28
1.6757246114376498515e-41
-7.115029163487263657e-58
0
0
DERIV 29
-5.778360729095344041e-43
-2.932518593706888182e-60
0
0
DERIV 30
1.9261202430317812474e-44
1.0934330642480123253e-60
0
0
DERIV 31
-6.213291106554133131e-46
-2.774419326865224021e-62
0
0
DERIV 32
1.9416534707981666036e-47
8.670060396453825065e-64
0
0
DERIV 33
-5.883798396358081100e-49
2.206816186794738318e-65
0
0
DERIV 34
1.7305289401053179567e-50
-5.094228822078671748e-67
0
0
DERIV 35
-4.944368400300908554e-52
2.515267135076026680e-68
0
0
AT 53/2
3.0988191387218255587e-12
-1.1709102913397911244e-28
0
0
DERIV 1
-3.0988191387218255587e-12
1.1709102913397911244e-28
0
0
DERIV 2
1.5494095693609127794e-12
-5.854551456698955622e-29
0
0
DERIV 3
-5.164698564536375258e-13
-4.780095905652981825e-29
0
0
DERIV 4
1.2911746411340938145e-13
1.1950239764132454563e-29
0
0
DERIV 5
-2.5823492822681877552e-14
-1.1278705044728721291e-30
0
0
DERIV 6
4.303915470446979592e-15
1.8797841741214534755e-31
0
0
DERIV 7
-6.148450672067113985e-16
1.3195441275867996154e-33
0
0
DERIV 8
7.685563340083892481e-17
-1.6494301594834995192e-34
0
0
DERIV 9
-8.539514822315435405e-18
-6.664480895656449801e-34
0
0
DERIV 10
8.539514822315435983e-19
8.866910624947422415e-36
0
0
DERIV 11
-7.763195293014033149e-20
3.571030725884861265e-36
0
0
DERIV 12
6.469329410845027123e-21
2.039583625271042174e-37
0
0
DERIV 13
-4.976407239111559615e-22
1.3246140748925214040e-38
0
0
DERIV 14
3.554576599365399641e-23
-1.0651408862159558465e-40
0
0
DERIV 15
-2.3697177329102664762e-24
5.607987052570168242e-41
0
0
DERIV 16
1.4810735830689165476e-25
-3.504991907856355151e-42
0
0
DERIV 17
-8.712197547464214311e-27
-4.690850065819144879e-43
0
0
DERIV 18
4.840109748591230272e-28
1.6095489063796548495e-44
0
0
DERIV 19
-2.547426183469068741e-29
9.229302147367926460e-46
0
0
DERIV 20
1.2737130917345343357e-30
-1.1114049128719205526e-47
0
0
DERIV 21
-6.065300436831116040e-32
2.0931896136348620569e-48
0
0
DERIV 22
2.7569547440141434681e-33
9.146259004848864326e-50
0
0
DERIV 23
-1.1986759756583231912e-34
-9.554578092735392588e-51
0
0
DERIV 24
4.994483231909680186e-36
1.7537702802295841205e-52
0
0
DERIV 25
-1.997793292763872191e-37
4.678264485735019725e-54
0
0
DERIV 26
7.683820356784123211e-39
4.224025475946707361e-55
0
0
DERIV 27
-2.8458593914015274625e-40
1.9096665543708042630e-56
0
0
DERIV 28
1.0163783540719740209e-41
4.624681852811951338e-59
0
0
DERIV 29
-3.5047529450757726096e-43
1.0765477981954559775e-59
0
0
DERIV 30
1.1682509816919241202e-44
4.708861043163335731e-61
0
0
DERIV 31
-3.768551553844916341e-46
-3.275483681061882169e-62
0
0
DERIV 32
1.1776723605765363566e-47
1.0235886503318381779e-63
0
0
DERIV 33
-3.568704122959201518e-49
1.2719322637080340165e-65
0
0
DERIV 34
1.0496188596938827924e-50
-3.042773735482468369e-67
0
0
DERIV 35
-2.9989110276968080420e-52
1.5052278359699774917e-68
0
0
AT 27
1.8795288165390832388e-12
5.596559509325792845e-29
0
0
DERIV 1
-1.8795288165390832388e-12
-5.596559509325792845e-29
0
0
DERIV 2
9.397644082695416194e-13
2.798279754662896423e-29
0
0
DERIV 3
-3.132548027565139068e-13
2.4330466107220183223e-29
0
0
DERIV 4
7.831370068912847670e-14
-6.082616526805045806e-30
0
0
DERIV 5
-1.5662740137825692815e-14
-1.3078315913462285461e-30
0
0
DERIV 6
2.6104566896376158636e-15
-1.7645852071946778979e-31
0
0
DERIV 7
-3.729223842339450811e-16
-1.7052045534058803364e-32
0
0
DERIV 8
4.661529802924313514e-17
2.1315056917573504206e-33
0
0
DERIV 9
-5.179477558804792879e-18
-1.5123707933360624529e-34
0
0
DERIV 10
5.179477558804793071e-19
-4.135591510511734269e-36
0
0
DERIV 11
-4.708615962549811774e-20
-7.183155129007717860e-37
0
0
DERIV 12
3.923846635458176227e-21
3.106317542504856366e-37
0
0
DERIV 13
-3.018343565737059070e-22
1.9508118011093259016e-38
0
0
DERIV 14
2.1559596898121849663e-23
-5.537981787764559023e-40
0
0
DERIV 15
-1.4373064598747899041e-24
-3.654851834129590876e-41
0
0
DERIV 16
8.983165374217436901e-26
2.2842823963309942973e-42
0
0
DERIV 17
-5.284214926010256874e-27
-2.6098099044317136932e-43
0
0
DERIV 18
2.935674958894587202e-28
9.516549373687949263e-45
0
0
DERIV 19
-1.5450920836287302095e-29
5.316646908873416343e-46
0
0
DERIV 20
7.725460418143650347e-31
4.348168867187377280e-47
0
0
DERIV 21
-3.678790675306500139e-32
-2.3312147999115518224e-48
0
0
DERIV 22
1.6721775796847729149e-33
-1.8440739237402564956e-50
0
0
DERIV 23
-7.270337302977273869e-35
4.055571787825393382e-51
0
0
DERIV 24
3.029307209573863889e-36
5.374823468162492218e-53
0
0
DERIV 25
-1.2117228838295455891e-37
1.1910265003502476703e-54
0
0
DERIV 26
4.660472630113636530e-39
3.0555383672491101451e-55
0
0
DERIV 27
-1.7261009741161617985e-40
7.670883953709332839e-58
0
0
DERIV 28
6.164646336129148916e-42
3.367392798527414999e-58
0
0
DERIV 29
-2.1257401159066031432e-43
-4.744923826247756546e-60
0
0
DERIV 30
7.085800386355343894e-45
7.519059050344332358e-62
0
0
DERIV 31
-2.2857420601146271754e-46
8.866258673427286980e-63
0
0
DERIV 32
7.142943937858209923e-48
-2.7707058354460271812e-64
0
0
DERIV 33
-2.1645284660176394627e-49
1.7603901557845947883e-65
0
0
DERIV 34
6.366260194169527133e-51
1.8044170019275145044e-67
0
0
DERIV 35
-1.8189314840484363980e-52
2.2629351530105158293e-69
0
0
AT 55/2
1.1399918530443553749e-12
-2.963211202531516703e-29
0
0
DERIV 1
-1.1399918530443553749e-12
2.963211202531516703e-29
0
0
DERIV 2
5.699959265221776875e-13
-1.4816056012657583516e-29
0
0
DERIV 3
-1.8999864217405922074e-13
-3.475830984804931653e-30
0
0
DERIV 4
4.749966054351480519e-14
8.689577462012329131e-31
0
0
DERIV 5
-9.499932108702961353e-15
1.4175281284815815267e-31
0
0
DERIV 6
1.5833220181171602912e-15
-8.936387757644400923e-32
0
0
DERIV 7
-2.261888597310228776e-16
-8.363934593213672627e-33
0
0
DERIV 8
2.827360746637785970e-17
1.0454918241517090784e-33
0
0
DERIV 9
-3.1415119407086513347e-18
1.4062490101255267009e-34
0
0
DERIV 10
3.141511940708651335e-19
-1.4062490101255267009e-35
0
0
DERIV 11
-2.855919946098774050e-20
2.3726865685159537051e-36
0
0
DERIV 12
2.3799332884156446656e-21
1.7843431155346920075e-37
0
0
DERIV 13
-1.8307179141658807471e-22
9.784170743101966591e-39
0
0
DERIV 14
1.3076556529756291051e-23
-6.988693387929976136e-40
0
0
DERIV 15
-8.717704353170860823e-25
5.883602207393200041e-41
0
0
DERIV 16
5.448565220731788014e-26
-3.677251379620750026e-42
0
0
DERIV 17
-3.2050383651363457219e-27
4.749365439314850732e-44
0
0
DERIV 18
1.7805768695201920179e-28
2.3438581846466546304e-45
0
0
DERIV 19
-9.371457208001011211e-30
4.666594489448359160e-46
0
0
DERIV 20
4.685728604000505605e-31
-2.333297244724179288e-47
0
0
DERIV 21
-2.2312993352383359243e-32
3.2911933659215924037e-49
0
0
DERIV 22
1.0142269705628799345e-33
1.6141292235974674343e-50
0
0
DERIV 23
-4.409682480708173814e-35
1.1575192663261067695e-51
0
0
DERIV 24
1.8373677002950724226e-36
-4.822996943025445182e-53
0
0
DERIV 25
-7.349470801180289189e-38
-3.082235054212688764e-54
0
0
DERIV 26
2.8267195389154959926e-39
-3.203644717640099468e-56
0
0
DERIV 27
-1.0469331625612947063e-40
-9.386874936982757238e-57
0
0
DERIV 28
3.739047009147481731e-42
-3.0199123098931099428e-58
0
0
DERIV 29
-1.2893265548784417978e-43
-7.440125521680551197e-60
0
0
DERIV 30
4.297755182928139824e-45
-2.4983703817287297256e-61
0
0
DERIV 31
-1.3863726396542385336e-46
-3.859822385488139967e-63
0
0
DERIV 32
4.332414498919495418e-48
1.2061944954650437396e-64
0
0
DERIV 33
-1.3128528784604531396e-49
-5.381601697607974134e-66
0
0
DERIV 34
3.861331995471920929e-51
2.2810275394258600054e-67
0
0
DERIV 35
-1.1032377129919773924e-52
-8.106881320082780845e-69
0
0
AT 28
6.914400106940203020e-13
-1.0161024051455130795e-30
0
0
DERIV 1
-6.914400106940203020e-13
1.0161024051455130795e-30
0
0
DERIV 2
3.457200053470101510e-13
-5.080512025727565398e-31
0
0
DERIV 3
-1.1524000178233672541e-13
8.583866723215044070e-30
0
0
DERIV 4
2.881000044558418135e-14
-2.1459666808037610176e-30
0
0
DERIV 5
-5.762000089116835639e-15
-2.018953880160571883e-31
0
0
DERIV 6
9.603333481861393390e-16
-3.208917743240811542e-32
0
0
DERIV 7
-1.3719047831230560929e-16
-5.980933204580248957e-33
0
0
DERIV 8
1.7148809789038201161e-17
7.476166505725311197e-34
0
0
DERIV 9
-1.9054233098931334195e-18
-1.2586695993888647670e-34
0
0
DERIV 10
1.9054233098931336602e-19
-1.1487428310951801028e-35
0
0
DERIV 11
-1.7322030089937577362e-20
-3.235363072339526393e-37
0
0
DERIV 12
1.4435025074947981135e-21
2.696135893616272168e-38
0
0
DERIV 13
-1.1103865442267677253e-22
-7.499309229653844012e-39
0
0
DERIV 14
7.931332458762627659e-24
-5.138835825446250117e-40
0
0
DERIV 15
-5.287554972508418011e-25
-8.597659370754232727e-42
0
0
DERIV 16
3.304721857817761257e-26
5.373537106721395454e-43
0
0
DERIV 17
-1.9439540340104477348e-27
-9.491476066315289501e-44
0
0
DERIV 18
1.0799744633391376304e-28
5.273042259064049101e-45
0
0
DERIV 19
-5.684076122837566513e-30
-2.4065226457377054992e-46
0
0
DERIV 20
2.842038061418783256e-31
1.2032613228688527982e-47
0
0
DERIV 21
-1.3533514578184681522e-32
-1.2246270735409794946e-48
0
0
DERIV 22
6.151597535538492301e-34
-1.4312972703278416346e-50
0
0
DERIV 23
-2.674607624147170751e-35
2.4816177419458065582e-51
0
0
DERIV 24
1.1144198433946543127e-36
6.364705513302029414e-53
0
0
DERIV 25
-4.457679373578617460e-38
-4.577847755612839258e-55
0
0
DERIV 26
1.7144920667610066400e-39
9.289908138310928015e-56
0
0
DERIV 27
-6.349970617633358417e-41
1.4683765045596573711e-57
0
0
DERIV 28
2.2678466491547706810e-42
1.2962562896657821127e-58
0
0
DERIV 29
-7.820160859154382174e-44
6.802323345547997356e-61
0
0
DERIV 30
2.6067202863847940579e-45
-2.267441115182665469e-62
0
0
DERIV 31
-8.408775117370303475e-47
1.3587527062949266635e-63
0
0
DERIV 32
2.6277422241782198361e-48
-4.246102207171645823e-65
0
0
DERIV 33
-7.962855224782484438e-50
2.1499310699695713957e-66
0
0
DERIV 34
2.3420162425830837106e-51
-1.1559853006763334490e-67
0
0
DERIV 35
-6.691474978808809992e-53
-2.790880674196954248e-69
0
0
AT 57/2
4.193795658379544558e-13
-1.3290005675441591938e-29
0
0
DERIV 1
-4.193795658379544558e-13
1.3290005675441591938e-29
0
0
DERIV 2
2.0968978291897722791e-13
-6.645002837720795969e-30
0
0
DERIV 3
-6.989659430632573843e-14
-1.9922572152717976392e-30
0
0
DERIV 4
1.7474148576581434607e-14
4.980643038179494098e-31
0
0
DERIV 5
-3.4948297153162871581e-15
1.3704541080271365966e-31
0
0
DERIV 6
5.824716192193811930e-16
-2.2840901800452277523e-32
0
0
DERIV 7
-8.321023131705445438e-17
1.5021357366248525805e-33
0
0
DERIV 8
1.0401278914631806798e-17
-1.8776696707810657256e-34
0
0
DERIV 9
-1.1556976571813119092e-18
6.366143955061708614e-35
0
0
DERIV 10
1.1556976571813119574e-19
-1.1180968816029797712e-35
0
0
DERIV 11
-1.0506342338011926338e-20
4.693125218017895989e-37
0
0
DERIV 12
8.755285281676604028e-22
8.627668727089487109e-38
0
0
DERIV 13
-6.734834832058927080e-23
2.4055959854872218672e-39
0
0
DERIV 14
4.810596308613519448e-24
-2.7678313742964865504e-40
0
0
DERIV 15
-3.207064205742346268e-25
1.5391025956710204304e-41
0
0
DERIV 16
2.0044151285889664174e-26
-9.619391222943877690e-43
0
0
DERIV 17
-1.1790677226993918941e-27
-5.947583032205616156e-44
0
0
DERIV 18
6.550376237218843981e-29
2.0586141607143936977e-45
0
0
DERIV 19
-3.447566440641496869e-30
-7.147183834484131768e-47
0
0
DERIV 20
1.7237832203207484345e-31
3.573591917242066127e-48
0
0
DERIV 21
-8.208491525336897177e-33
-3.0050014192268925679e-49
0
0
DERIV 22
3.731132511516771561e-34
1.9961240797199308599e-51
0
0
DERIV 23
-1.6222315267464223131e-35
-1.1326524552412909811e-51
0
0
DERIV 24
6.759298028110093806e-37
-3.633004488866065640e-53
0
0
DERIV 25
-2.703719211244037460e-38
8.267725666185680404e-55
0
0
DERIV 26
1.0398920043246297797e-39
-1.9250282431486220482e-56
0
0
DERIV 27
-3.851451867868999203e-41
9.017843165596321920e-58
0
0
DERIV 28
1.3755185242389283095e-42
-5.496503860759332763e-59
0
0
DERIV 29
-4.743167324961821482e-44
-8.513640327251479057e-61
0
0
DERIV 30
1.5810557749872738275e-45
2.837880109083826439e-62
0
0
DERIV 31
-5.100179919313787105e-47
4.730435599967946823e-63
0
0
DERIV 32
1.5938062247855584702e-48
-1.4782611249899833823e-64
0
0
DERIV 33
-4.829715832683510516e-50
4.479579166636313040e-66
0
0
DERIV 34
1.4205046566716206876e-51
-7.938706512665737767e-68
0
0
DERIV 35
-4.058584733347487454e-53
1.6183840701419238054e-71
0
0
AT 29
2.543665647376922751e-13
1.5911986484237450716e-29
0
0
DERIV 1
-2.543665647376922751e-13
-1.5911986484237450716e-29
0
0
DERIV 2
1.2718328236884613756e-13
7.955993242118725358e-30
0
0
DERIV 3
-4.239442745628204585e-14
-2.6519977473729083359e-30
0
0
DERIV 4
1.0598606864070511463e-14
6.629994368432270840e-31
0
0
DERIV 5
-2.1197213728141025293e-15
1.0405838419765812483e-31
0
0
DERIV 6
3.532868954690170882e-16
-1.7343064032943019893e-32
0
0
DERIV 7
-5.046955649557386975e-17
2.4775805761347172253e-33
0
0
DERIV 8
6.308694561946733718e-18
-3.096975720168396532e-34
0
0
DERIV 9
-7.009660624385259259e-19
-8.387601873400837203e-36
0
0
DERIV 10
7.009660624385259740e-20
-3.976064673628005779e-36
0
0
DERIV 11
-6.372418749441144877e-21
1.9498431908789623658e-38
0
0
DERIV 12
5.310348957867620417e-22
2.972164669619519889e-38
0
0
DERIV 13
-4.084883813744323669e-23
4.263987560364174488e-40
0
0
DERIV 14
2.9177741526745168014e-24
7.449779874938871264e-41
0
0
DERIV 15
-1.9451827684496778370e-25
-8.027703121892287385e-42
0
0
DERIV 16
1.2157392302810486481e-26
5.017314451182679615e-43
0
0
DERIV 17
-7.151407236947345253e-28
-3.136231560842736214e-45
0
0
DERIV 18
3.973004020526302981e-29
-4.485642307642111567e-46
0
0
DERIV 19
-2.0910547476454225291e-30
-6.858204471799001214e-47
0
0
DERIV 20
1.0455273738227112646e-31
3.429102235899500242e-48
0
0
DERIV 21
-4.978701780108149172e-33
1.2994988838823421102e-49
0
0
DERIV 22
2.263046263685522312e-34
-2.0191553484219973384e-51
0
0
DERIV 23
-9.839331581241401764e-36
4.945144275541165872e-52
0
0
DERIV 24
4.099721492183917402e-37
-2.0604767814754857801e-53
0
0
DERIV 25
-1.6398885968735668458e-38
-3.2426287377754595538e-55
0
0
DERIV 26
6.307263834129103253e-40
1.2471648991444076600e-56
0
0
DERIV 27
-2.336023642270038147e-41
-1.4059673914653079530e-57
0
0
DERIV 28
8.342941579535851664e-43
-6.357915824284273702e-59
0
0
DERIV 29
-2.876876406736500282e-44
-7.259948115885788486e-61
0
0
DERIV 30
9.589588022455001044e-46
1.3828134923184060357e-62
0
0
DERIV 31
-3.093415491114516466e-47
-4.460688684898083834e-64
0
0
DERIV 32
9.666923409732863956e-49
1.3939652140306511980e-65
0
0
DERIV 33
-2.929370730222080116e-50
8.724364459276539996e-67
0
0
DERIV 34
8.615796265359058554e-52
3.543291171933240889e-68
0
0
DERIV 35
-2.461656075816873820e-53
-1.5422554992219861001e-69
0
0
AT 59/2
1.5428112031918877351e-13
9.791868363096549169e-30
0
0
DERIV 1
-1.5428112031918877351e-13
-9.791868363096549169e-30
0
0
DERIV 2
7.714056015959438675e-14
4.895934181548274585e-30
0
0
DERIV 3
-2.5713520053198131021e-14
4.716510200732732570e-31
0
0
DERIV 4
6.428380013299532755e-15
-1.1791275501831831426e-31
0
0
DERIV 5
-1.2856760026599065905e-15
6.302559626471425312e-32
0
0
DERIV 6
2.1427933377665109842e-16
-1.0504266044119043099e-32
0
0
DERIV 7
-3.061133339666444263e-17
1.5006094348741488676e-33
0
0
DERIV 8
3.826416674583055329e-18
-1.8757617935926860844e-34
0
0
DERIV 9
-4.251574082870061263e-19
-5.574238977172188531e-37
0
0
DERIV 10
4.251574082870061142e-20
1.2594486050137443436e-36
0
0
DERIV 11
-3.865067348063691879e-21
-1.8288772632181894079e-37
0
0
DERIV 12
3.220889456719743546e-22
-1.6105872161776087610e-38
0
0
DERIV 13
-2.4776072743998026147e-23
1.0863021357673039436e-40
0
0
DERIV 14
1.7697194817141446723e-24
4.471812540622852421e-41
0
0
DERIV 15
-1.1798129878094298580e-25
4.671749652750699647e-42
0
0
DERIV 16
7.373831173808936613e-27
-2.9198435329691872793e-43
0
0
DERIV 17
-4.337547749299374636e-28
3.300197990866373945e-44
0
0
DERIV 18
2.4097487496107634689e-29
3.4635428291284093454e-46
0
0
DERIV 19
-1.2682888155846124350e-30
6.474244681329359266e-47
0
0
DERIV 20
6.341444077923062394e-32
-5.426651191172206428e-48
0
0
DERIV 21
-3.0197352752014579408e-33
-8.370192140741026992e-50
0
0
DERIV 22
1.3726069432733900314e-34
-2.0268538489552329926e-51
0
0
DERIV 23
-5.967856275101695818e-36
1.1717587071644703528e-52
0
0
DERIV 24
2.486606781292373257e-37
-4.882327946518626277e-54
0
0
DERIV 25
-9.946427125169492873e-39
3.868581062878047221e-56
0
0
DERIV 26
3.825548894295958986e-40
-2.0310909451102684892e-56
0
0
DERIV 27
-1.4168699608503550949e-41
-9.739311367424546458e-59
0
0
DERIV 28
5.060249860179839624e-43
3.478325488365909528e-60
0
0
DERIV 29
-1.7449137448895999306e-44
4.809005961946650443e-61
0
0
DERIV 30
5.816379149631999976e-46
-3.677340413269264136e-62
0
0
DERIV 31
-1.8762513385909675931e-47
-2.2523135612156488385e-64
0
0
DERIV 32
5.863285433096773728e-49
7.038479878798902620e-66
0
0
DERIV 33
-1.7767531615444768442e-50
-6.449039847708667251e-67
0
0
DERIV 34
5.225744592777873202e-52
5.876448432011061798e-69
0
0
DERIV 35
-1.4930698836508209480e-53
1.6328059396820371705e-70
0
0
AT 30
9.357622968840174817e-14
-2.1170146115735926631e-30
0
0
DERIV 1
-9.357622968840174817e-14
2.1170146115735926631e-30
0
0
DERIV 2
4.678811484420087408e-14
-1.0585073057867963316e-30
0
0
DERIV 3
-1.5596038281400292413e-14
1.4046503088902812428e-30
0
0
DERIV 4
3.899009570350073103e-15
-3.511625772225703107e-31
0
0
DERIV 5
-7.798019140700145615e-16
1.1067947552938172902e-32
0
0
DERIV 6
1.2996698567833576846e-16
-1.0061959021541902246e-32
0
0
DERIV 7
-1.8566712239762249996e-17
-1.2038526349393660652e-33
0
0
DERIV 8
2.3208390299702812495e-18
1.5048157936742075815e-34
0
0
DERIV 9
-2.578710033300312820e-19
1.5378656921184958351e-35
0
0
DERIV 10
2.5787100333003127603e-20
-9.360125844974845642e-37
0
0
DERIV 11
-2.3442818484548295769e-21
-1.2008514264375522093e-37
0
0
DERIV 12
1.9535682070456913925e-22
2.1704662148310183579e-39
0
0
DERIV 13
-1.5027447746505319534e-23
9.633240900344288463e-40
0
0
DERIV 14
1.0733891247503798617e-24
3.614598917810217987e-41
0
0
DERIV 15
-7.155927498335866510e-26
5.243225401292455808e-42
0
0
DERIV 16
4.472454686459916569e-27
-3.2770158758077848802e-43
0
0
DERIV 17
-2.630855697917597771e-28
-1.8253423109632166328e-45
0
0
DERIV 18
1.4615864988431099660e-29
-8.327910700519214985e-46
0
0
DERIV 19
-7.692560520226893728e-31
-3.914051064807882357e-47
0
0
DERIV 20
3.846280260113447302e-32
-2.4220321686111122895e-48
0
0
DERIV 21
-1.8315620286254508519e-33
-1.2903219403647159629e-49
0
0
DERIV 22
8.325281948297504650e-35
-1.9102157913376785199e-51
0
0
DERIV 23
-3.619687803607610601e-36
-3.315430081541378547e-53
0
0
DERIV 24
1.5082032515031711534e-37
-5.578895565222851960e-54
0
0
DERIV 25
-6.032813006012684666e-39
2.7535825835290227173e-55
0
0
DERIV 26
2.3203126946202631133e-40
1.1369457022960332925e-56
0
0
DERIV 27
-8.593750720815790300e-42
5.701661882986987683e-58
0
0
DERIV 28
3.0691966860056392221e-43
-3.294236248534395426e-60
0
0
DERIV 29
-1.0583436848295307877e-44
3.281810871170874635e-61
0
0
DERIV 30
3.527812282765102315e-46
2.017570681873612728e-62
0
0
DERIV 31
-1.1380039621822912104e-47
7.606409468943556781e-64
0
0
DERIV 32
3.556262381819660032e-49
-2.377002959044861494e-65
0
0
DERIV 33
-1.0776552672180788121e-50
8.641761655554096045e-67
0
0
DERIV 34
3.1695743153472902965e-52
7.311343519141672250e-69
0
0
DERIV 35
-9.055926615277972772e-54
2.8787315177730328242e-70
0
0
AT 61/2
5.675685232632722736e-14
-2.7440212425016779008e-30
0
0
DERIV 1
-5.675685232632722736e-14
2.7440212425016779008e-30
0
0
DERIV 2
2.8378426163163613681e-14
-1.3720106212508389504e-30
0
0
DERIV 3
-9.459475387721204560e-15
4.573368737502796501e-31
0
0
DERIV 4
2.3648688469303011401e-15
-1.1433421843756991253e-31
0
0
DERIV 5
-4.729737693860602083e-16
3.145321056988686140e-33
0
0
DERIV 6
7.882896156434336394e-17
3.584430371861321788e-33
0
0
DERIV 7
-1.1261280223477623860e-17
-7.184892297739210929e-35
0
0
DERIV 8
1.4076600279347029826e-18
8.981115372174013661e-36
0
0
DERIV 9
-1.5640666977052256432e-19
9.701709094131974850e-36
0
0
DERIV 10
1.5640666977052255228e-20
2.335353058288248647e-37
0
0
DERIV 11
-1.4218788160956595320e-21
-5.542668164472334967e-38
0
0
DERIV 12
1.1848990134130496884e-22
-3.217738868421637145e-39
0
0
DERIV 13
-9.114607795484997603e-24
2.4751837449397212261e-40
0
0
DERIV 14
6.510434139632140751e-25
2.1678185889569654796e-41
0
0
DERIV 15
-4.340289426421427282e-26
-2.9726869066308679409e-43
0
0
DERIV 16
2.7126808915133920514e-27
1.8579293166442924631e-44
0
0
DERIV 17
-1.5956946420667012858e-28
6.820315259337618042e-45
0
0
DERIV 18
8.864970233703896344e-30
-6.903060620353825650e-46
0
0
DERIV 19
-4.665773807212576931e-31
2.711282915762002320e-47
0
0
DERIV 20
2.3328869036062884107e-32
-8.082592452541194918e-49
0
0
DERIV 21
-1.1108985255268038992e-33
-6.740385683536129797e-50
0
0
DERIV 22
5.049538752394563956e-35
-4.711503845933601009e-51
0
0
DERIV 23
-2.1954516314758970961e-36
-7.114401480588536805e-53
0
0
DERIV 24
9.147715131149571234e-38
2.964333950245224055e-54
0
0
DERIV 25
-3.659086052459828467e-39
-1.4467457588180304509e-55
0
0
DERIV 26
1.4073407894076264591e-40
-6.984255673773967813e-57
0
0
DERIV 27
-5.212373294102320219e-42
2.5867613606570254303e-58
0
0
DERIV 28
1.8615618907508287065e-43
-1.4928047399248134353e-59
0
0
DERIV 29
-6.419178933623546148e-45
-6.010907601941311525e-61
0
0
DERIV 30
2.1397263112078489493e-46
-3.299948618841577326e-63
0
0
DERIV 31
-6.902342939380157391e-48
-4.032476164549267225e-64
0
0
DERIV 32
2.1569821685562991848e-49
1.2601488014216460077e-65
0
0
DERIV 33
-6.536309601685755429e-51
-5.815073637080866393e-68
0
0
DERIV 34
1.9224440004958105294e-52
-9.199114079350984185e-69
0
0
DERIV 35
-5.492697144273743575e-54
-5.319980585944193405e-70
0
0
AT 31
3.442477108469976751e-14
-2.9219453590059694431e-30
0
0
DERIV 1
-3.442477108469976751e-14
2.9219453590059694431e-30
0
0
DERIV 2
1.7212385542349883753e-14
-1.4609726795029847216e-30
0
0
DERIV 3
-5.737461847449960988e-15
2.240372580939909720e-31
0
0
DERIV 4
1.4343654618624902470e-15
-5.600931452349774301e-32
0
0
DERIV 5
-2.868730923724980395e-16
1.3411015894369010689e-33
0
0
DERIV 6
4.781218206208300659e-17
-2.235169315728168733e-34
0
0
DERIV 7
-6.830311723154715007e-18
-1.8817528913385312475e-34
0
0
DERIV 8
8.537889653943393759e-19
2.3521911141731640594e-35
0
0
DERIV 9
-9.486544059937104310e-20
-1.2760943321457127788e-36
0
0
DERIV 10
9.486544059937104310e-21
1.2760943321457129041e-37
0
0
DERIV 11
-8.624130963579186591e-22
7.388964067665987947e-38
0
0
DERIV 12
7.186775802982655101e-23
-2.2391555536473653646e-39
0
0
DERIV 13
-5.528289079217426888e-24
5.921443193226968054e-41
0
0
DERIV 14
3.948777913726733229e-25
2.2009110907121083992e-41
0
0
DERIV 15
-2.632518609151155448e-26
-1.8499219611330356689e-42
0
0
DERIV 16
1.6453241307194721548e-27
1.1562012257081472931e-43
0
0
DERIV 17
-9.678377239526307782e-29
3.090334891068430834e-45
0
0
DERIV 18
5.376876244181281945e-30
-1.5985442356599817869e-47
0
0
DERIV 19
-2.829934865358569376e-31
-6.072962561781672253e-48
0
0
DERIV 20
1.4149674326792847426e-32
-2.4373408453779802529e-49
0
0
DERIV 21
-6.737940155615641428e-34
-8.757536622712060296e-51
0
0
DERIV 22
3.062700070734382273e-35
2.3418987265539632107e-51
0
0
DERIV 23
-1.3316087264062532202e-36
-4.371810310903762716e-53
0
0
DERIV 24
5.548369693359388766e-38
-1.6585747533893119493e-54
0
0
DERIV 25
-2.2193478773437555324e-39
9.244420800756657970e-56
0
0
DERIV 26
8.535953374399059191e-41
1.9344933549961980109e-57
0
0
DERIV 27
-3.161464212740392458e-42
9.356162948795069000e-59
0
0
DERIV 28
1.1290943616929973065e-43
-3.341486767426810041e-60
0
0
DERIV 29
-3.893428833424128450e-45
-7.790437871200749506e-62
0
0
DERIV 30
1.2978096111413762018e-46
-2.589033441150701659e-63
0
0
DERIV 31
-4.186482616585084600e-48
1.6193221884081321395e-64
0
0
DERIV 32
1.3082758176828389376e-49
-5.060381838775412936e-66
0
0
DERIV 33
-3.964472174796481719e-51
2.4326505331288941725e-67
0
0
DERIV 34
1.1660212278813181527e-52
-7.154854509202629132e-69
0
0
DERIV 35
-3.331489222518051848e-54
1.8786545851879200065e-70
0
0
AT 63/2
2.0879679116459336139e-14
-6.335689429329940681e-31
0
0
DERIV 1
-2.0879679116459336139e-14
6.335689429329940681e-31
0
0
DERIV 2
1.0439839558229668069e-14
-3.167844714664970341e-31
0
0
DERIV 3
-3.4799465194098893564e-15
1.0559482382216569262e-31
0
0
DERIV 4
8.699866298524723391e-16
-2.639870595554142316e-32
0
0
DERIV 5
-1.7399732597049445796e-16
-4.581020124154363210e-33
0
0
DERIV 6
2.899955432841574505e-17
-1.2908219199873243179e-33
0
0
DERIV 7
-4.142793475487963248e-18
-1.4575628761105123147e-34
0
0
DERIV 8
5.178491844359954060e-19
1.8219535951381403934e-35
0
0
DERIV 9
-5.753879827066615756e-20
-6.869415332179089931e-37
0
0
DERIV 10
5.753879827066615756e-21
6.869415332179089931e-38
0
0
DERIV 11
-5.230799842787832591e-22
2.3041267949083729666e-39
0
0
DERIV 12
4.358999868989860493e-23
-1.9201056624236440029e-40
0
0
DERIV 13
-3.353076822299892800e-24
1.2779834652078644345e-40
0
0
DERIV 14
2.395054873071352000e-25
-9.128453322913317207e-42
0
0
DERIV 15
-1.5967032487142345899e-26
-1.5673224645570558930e-43
0
0
DERIV 16
9.979395304463966187e-28
9.795765403481599331e-45
0
0
DERIV 17
-5.870232532037627103e-29
-1.2356560657694198228e-45
0
0
DERIV 18
3.261240295576459891e-30
-3.2060201421414808510e-46
0
0
DERIV 19
-1.7164422608297154901e-31
-7.326265494338553361e-48
0
0
DERIV 20
8.582211304148577724e-33
9.262216840348684150e-50
0
0
DERIV 21
-4.086767287689798550e-34
-4.106563832904948264e-50
0
0
DERIV 22
1.8576214944044540320e-35
4.087482639974152826e-52
0
0
DERIV 23
-8.076615193062844053e-37
2.580602183857209023e-53
0
0
DERIV 24
3.365256330442851689e-38
-1.0752509099405037115e-54
0
0
DERIV 25
-1.3461025321771406690e-39
3.648473192962162593e-56
0
0
DERIV 26
5.177317431450540564e-41
3.302489494051950344e-57
0
0
DERIV 27
-1.9175249746113114380e-42
-4.307617473594291453e-60
0
0
DERIV 28
6.848303480754683280e-44
4.421053957447435973e-60
0
0
DERIV 29
-2.3614839588809253550e-45
-6.661544297596481325e-62
0
0
DERIV 30
7.871613196269751248e-47
1.5722840077549580365e-63
0
0
DERIV 31
-2.5392300633128231205e-48
8.650743039823973012e-65
0
0
DERIV 32
7.935093947852572251e-50
-2.703357199944991566e-66
0
0
DERIV 33
-2.4045739235916885161e-51
3.695984059606130838e-68
0
0
DERIV 34
7.072276245857907237e-53
5.493603430661768429e-70
0
0
DERIV 35
-2.0206503559594021338e-54
5.053981431752747462e-71
0
0
AT 32
1.2664165549094175537e-14
1.8589079626748090536e-31
0
0
DERIV 1
-1.2664165549094175537e-14
-1.8589079626748090536e-31
0
0
DERIV 2
6.332082774547087769e-15
9.294539813374045268e-32
0
0
DERIV 3
-2.1106942581823627210e-15
1.0049501815892182762e-31
0
0
DERIV 4
5.276735645455906803e-16
-2.512375453973045691e-32
0
0
DERIV 5
-1.0553471290911813112e-16
9.437025031476713762e-35
0
0
DERIV 6
1.7589118818186355187e-17
-1.5728375052461189603e-35
0
0
DERIV 7
-2.5127312597409078838e-18
2.2469107217801698479e-36
0
0
DERIV 8
3.140914074676134855e-19
-2.808638402225212310e-37
0
0
DERIV 9
-3.489904527417927683e-20
6.999327684925147894e-37
0
0
DERIV 10
3.489904527417927683e-21
-6.999327684925148521e-38
0
0
DERIV 11
-3.172640479470843434e-22
1.4912074992275861638e-38
0
0
DERIV 12
2.6438670662257027637e-23
-2.6309429033774889342e-40
0
0
DERIV 13
-2.0337438970966942358e-24
-1.7756150785276961144e-40
0
0
DERIV 14
1.4526742122119246181e-25
-3.716230895872029546e-42
0
0
DERIV 15
-9.684494748079497741e-27
5.347346518851911513e-43
0
0
DERIV 16
6.052809217549686088e-28
-3.342091574282444695e-44
0
0
DERIV 17
-3.560476010323344758e-29
1.9659362201661439018e-45
0
0
DERIV 18
1.9780422279574136765e-30
-3.136876421340704886e-47
0
0
DERIV 19
-1.0410748568196914663e-31
7.412905617830704024e-48
0
0
DERIV 20
5.205374284098456647e-33
3.1358248489206685384e-49
0
0
DERIV 21
-2.478749659094503125e-34
-1.9005283600715101369e-50
0
0
DERIV 22
1.1267043904975014810e-35
2.5643000228427831100e-52
0
0
DERIV 23
-4.898714741293484773e-37
-3.886182952326786147e-54
0
0
DERIV 24
2.0411311422056187423e-38
-7.081163060528538716e-55
0
0
DERIV 25
-8.164524568822475426e-40
7.400178351810382800e-56
0
0
DERIV 26
3.140201757239413547e-41
-2.0619310406003245278e-57
0
0
DERIV 27
-1.1630376878664493556e-42
-2.983831109029961505e-59
0
0
DERIV 28
4.153706028094462198e-44
-1.0679512706131195160e-60
0
0
DERIV 29
-1.4323124234808489050e-45
-9.192613434839880587e-62
0
0
DERIV 30
4.774374744936163665e-47
-3.418103102825395426e-63
0
0
DERIV 31
-1.5401208854632785231e-48
3.184637935196409830e-65
0
0
DERIV 32
4.812877767072745385e-50
-9.951993547488780719e-67
0
0
DERIV 33
-1.4584478082038622648e-51
5.713360093678360777e-68
0
0
DERIV 34
4.289552377070182641e-53
3.228843407180892449e-69
0
0
DERIV 35
-1.2255863934486236737e-54
-3.0156583664642335033e-71
0
0
AT 33
4.658886145103397737e-15
-3.729065338633055118e-31
0
0
DERIV 1
-4.658886145103397737e-15
3.729065338633055118e-31
0
0
DERIV 2
2.3294430725516988685e-15
-1.8645326693165275590e-31
0
0
DERIV 3
-7.764810241838995900e-16
2.928188459300876372e-32
0
0
DERIV 4
1.9412025604597489749e-16
-7.320471148252190931e-33
0
0
DERIV 5
-3.882405120919497950e-17
1.4640942296504380836e-33
0
0
DERIV 6
6.470675201532496070e-18
2.695656135615232136e-34
0
0
DERIV 7
-9.243821716474994110e-19
-6.602265828574953964e-35
0
0
DERIV 8
1.1554777145593742637e-19
8.252832285718692455e-36
0
0
DERIV 9
-1.2838641272881936765e-20
-4.154371087290121028e-37
0
0
DERIV 10
1.2838641272881936389e-21
7.915953009921441263e-38
0
0
DERIV 11
-1.1671492066256305595e-22
-9.333583374150923890e-39
0
0
DERIV 12
9.726243388546921819e-24
2.8800930166995715503e-40
0
0
DERIV 13
-7.481725683497631956e-25
-4.334736847261005918e-41
0
0
DERIV 14
5.344089773926880625e-26
-3.463437691812939092e-42
0
0
DERIV 15
-3.562726515951253319e-27
-1.9958304211972116887e-43
0
0
DERIV 16
2.226704072469533325e-28
1.2473940132482573054e-44
0
0
DERIV 17
-1.3098259249820784757e-29
-2.3918525567845128896e-46
0
0
DERIV 18
7.276810694344880810e-31
-2.563688758244207087e-47
0
0
DERIV 19
-3.829900365444673938e-32
-3.792655355353068575e-49
0
0
DERIV 20
1.9149501827223368319e-33
1.5580882993348575996e-49
0
0
DERIV 21
-9.118810393915890439e-35
2.1700250819266569830e-52
0
0
DERIV 22
4.144913815416314018e-36
-1.9209770787867996047e-52
0
0
DERIV 23
-1.8021364414853538393e-37
1.8125822610097638037e-55
0
0
DERIV 24
7.508901839522307229e-39
4.274678717790276178e-55
0
0
DERIV 25
-3.0035607358089229568e-40
-1.0573410403162581270e-56
0
0
DERIV 26
1.1552156676188166199e-41
-5.736946221137175607e-58
0
0
DERIV 27
-4.278576546736357261e-43
-3.775545514884202899e-59
0
0
DERIV 28
1.5280630524058420569e-44
-4.295952526445395511e-61
0
0
DERIV 29
-5.269182939330489744e-46
4.084292715568359698e-63
0
0
DERIV 30
1.7563943131101631669e-47
6.741453571192241159e-64
0
0
DERIV 31
-5.665788106806978521e-49
3.461416477743802604e-65
0
0
DERIV 32
1.7705587833771807880e-50
-1.0816926492949383138e-66
0
0
DERIV 33
-5.365329646597517427e-52
2.153854649170291440e-68
0
0
DERIV 34
1.5780381313522109261e-53
1.8472057760155137165e-70
0
0
DERIV 35
-4.508680375292031279e-55
9.318777225797068572e-73
0
0
AT 34
1.7139084315420129998e-15
-3.353257579899916377e-32
0
0
DERIV 1
-1.7139084315420129998e-15
3.353257579899916377e-32
0
0
DERIV 2
8.569542157710064999e-16
-1.6766287899499581886e-32
0
0
DERIV 3
-2.856514052570021666e-16
5.588762633166527979e-33
0
0
DERIV 4
7.141285131425054166e-17
-1.3971906582916319949e-33
0
0
DERIV 5
-1.4282570262850108948e-17
8.957357138622419404e-34
0
0
DERIV 6
2.3804283771416848247e-18
-1.4928928564370696868e-34
0
0
DERIV 7
-3.400611967345263691e-19
-1.3064565343528213845e-35
0
0
DERIV 8
4.250764959181579614e-20
1.6330706679410267306e-36
0
0
DERIV 9
-4.723072176868421794e-21
-1.8145229643789187288e-37
0
0
DERIV 10
4.723072176868422170e-22
-1.9470589582524011401e-38
0
0
DERIV 11
-4.293701978971292614e-23
-9.015244716393796190e-40
0
0
DERIV 12
3.578084982476077424e-24
-1.6976761711802827617e-40
0
0
DERIV 13
-2.752373063443136126e-25
-2.2262297205532905691e-41
0
0
DERIV 14
1.9659807596022401723e-26
7.702042989845718684e-43
0
0
DERIV 15
-1.3106538397348268174e-27
-1.5473712578922804391e-44
0
0
DERIV 16
8.191586498342667609e-29
9.671070361826752745e-46
0
0
DERIV 17
-4.818580293142745982e-30
2.7282863653627016329e-46
0
0
DERIV 18
2.676989051745969649e-31
1.8902191200324294195e-47
0
0
DERIV 19
-1.4089416061820894908e-32
1.0218191412398644107e-48
0
0
DERIV 20
7.044708030910446599e-34
3.443751366095704109e-50
0
0
DERIV 21
-3.354622871862117504e-35
-8.762345428763747565e-52
0
0
DERIV 22
1.5248285781191443202e-36
3.982884285801703312e-53
0
0
DERIV 23
-6.629689470083236492e-38
1.4458507471115845551e-54
0
0
DERIV 24
2.7623706125346818719e-39
-6.024378112964935646e-56
0
0
DERIV 25
-1.1049482450138728058e-40
8.119392654684682993e-57
0
0
DERIV 26
4.249800942361049008e-42
-6.719326962134130734e-59
0
0
DERIV 27
-1.5740003490226107659e-43
4.701267269955861543e-60
0
0
DERIV 28
5.621429817937895770e-45
-3.457028390087420005e-61
0
0
DERIV 29
-1.9384240751509984878e-46
6.556119209041842293e-63
0
0
DERIV 30
6.461413583836660816e-48
5.917511406701080878e-64
0
0
DERIV 31
-2.0843269625279551631e-49
-1.2962573734029422316e-65
0
0
DERIV 32
6.513521757899859885e-51
4.050804291884194474e-67
0
0
DERIV 33
-1.9737944720908667666e-52
1.2128578452748818842e-69
0
0
DERIV 34
5.805277859090784608e-54
-3.5672289566908291895e-71
0
0
DERIV 35
-1.6586508168830811923e-55
-1.1400008749050683194e-71
0
0
AT 35
6.305116760146989222e-16
1.6363666480723477294e-32
0
0
DERIV 1
-6.305116760146989222e-16
-1.6363666480723477294e-32
0
0
DERIV 2
3.152558380073494611e-16
8.181833240361738647e-33
0
0
DERIV 3
-1.0508527933578315781e-16
1.3813728012388568806e-33
0
0
DERIV 4
2.6271319833945789452e-17
-3.453432003097142201e-34
0
0
DERIV 5
-5.254263966789158199e-18
3.772174311639005891e-34
0
0
DERIV 6
8.757106611315263022e-19
1.3280929522577649823e-36
0
0
DERIV 7
-1.2510152301878947175e-19
-1.897275646082521582e-37
0
0
DERIV 8
1.5637690377348683968e-20
2.371594557603151978e-38
0
0
DERIV 9
-1.7375211530387426632e-21
-2.6351050640035020164e-39
0
0
DERIV 10
1.7375211530387427102e-22
-4.438466896888800059e-39
0
0
DERIV 11
-1.5795646845806750575e-23
-9.322920443990722518e-40
0
0
DERIV 12
1.3163039038172293370e-24
-4.475632451073226619e-41
0
0
DERIV 13
-1.0125414644747917624e-25
-8.934027448179531288e-44
0
0
DERIV 14
7.232439031962798918e-27
-6.085883921664200295e-43
0
0
DERIV 15
-4.821626021308532134e-28
-7.258428104525752149e-45
0
0
DERIV 16
3.013516263317832583e-29
4.536517565328595093e-46
0
0
DERIV 17
-1.7726566254810780521e-30
3.513659363004430855e-47
0
0
DERIV 18
9.848092363783767078e-32
-3.168437896395531892e-48
0
0
DERIV 19
-5.183206507254614071e-33
-1.3300049080130438944e-50
0
0
DERIV 20
2.591603253627306950e-34
9.217849526301548490e-51
0
0
DERIV 21
-1.2340967874415747382e-35
-4.389452155381689792e-52
0
0
DERIV 22
5.609530852007157825e-37
2.754513681449687347e-53
0
0
DERIV 23
-2.438926457394416400e-38
-1.6515488679693264508e-54
0
0
DERIV 24
1.0162193572476736088e-39
-3.994053830125346880e-56
0
0
DERIV 25
-4.064877428990694109e-41
-1.6650307019491236471e-57
0
0
DERIV 26
1.5634143957656515069e-42
1.3756696135800254626e-58
0
0
DERIV 27
-5.790423688020932171e-44
1.5428103201629013236e-60
0
0
DERIV 28
2.0680084600074758197e-45
-9.955047770482604713e-62
0
0
DERIV 29
-7.131063655198192482e-47
3.432775093269863843e-63
0
0
DERIV 30
2.3770212183993972508e-48
1.2866069784912204755e-64
0
0
DERIV 31
-7.667810381933539580e-50
-3.537727817987175825e-66
0
0
DERIV 32
2.3961907443542311188e-51
1.1055399431209924454e-67
0
0
DERIV 33
-7.261184073800700472e-53
-2.2261191759159101142e-69
0
0
DERIV 34
2.1356423746472650323e-54
-1.2203173222288516239e-70
0
0
DERIV 35
-6.101835356135042924e-56
3.227887232687384286e-72
0
0
AT 36
2.319522830243569634e-16
-2.4569853636432665680e-32
0
0
DERIV 1
-2.319522830243569634e-16
2.4569853636432665680e-32
0
0
DERIV 2
1.1597614151217848170e-16
-1.2284926818216332840e-32
0
0
DERIV 3
-3.865871383739282107e-17
-2.0680002159670438971e-33
0
0
DERIV 4
9.664678459348205268e-18
5.170000539917609743e-34
0
0
DERIV 5
-1.9329356918696412846e-18
1.2771158252811609468e-34
0
0
DERIV 6
3.221559486449401981e-19
-5.235847551459051897e-36
0
0
DERIV 7
-4.602227837784859714e-20
-1.8313922395958976510e-36
0
0
DERIV 8
5.752784797231074643e-21
2.289240299494872064e-37
0
0
DERIV 9
-6.391983108034527590e-22
-4.538325979769024384e-39
0
0
DERIV 10
6.391983108034527120e-23
5.155810001266052340e-39
0
0
DERIV 11
-5.810893734576843170e-24
-1.3476274135876400739e-40
0
0
DERIV 12
4.842411445480702948e-25
-1.9381603606100070754e-41
0
0
DERIV 13
-3.724931881139002400e-26
2.8154430104402633752e-42
0
0
DERIV 14
2.6606656293850015606e-27
-4.736061208838173105e-44
0
0
DERIV 15
-1.7737770862566676473e-28
-2.821499308560437017e-45
0
0
DERIV 16
1.1086106789104172795e-29
1.7634370678502731359e-46
0
0
DERIV 17
-6.521239287708336990e-31
-5.221326633219192195e-48
0
0
DERIV 18
3.622910715393520611e-32
-3.1812875662880228729e-49
0
0
DERIV 19
-1.9067951133650108478e-33
1.6743618769936963863e-50
0
0
DERIV 20
9.533975566825054667e-35
-5.113604474644361346e-51
0
0
DERIV 21
-4.539988365154787905e-36
2.1168634748196724287e-52
0
0
DERIV 22
2.063631075070357911e-37
1.3157137984559973738e-53
0
0
DERIV 23
-8.972309022045034848e-39
-1.1811525372879716850e-55
0
0
DERIV 24
3.738462092518764248e-40
3.211023752202706679e-56
0
0
DERIV 25
-1.4953848370075058930e-41
6.527902630559792122e-58
0
0
DERIV 26
5.751480142336560882e-43
-5.982114847307057599e-61
0
0
DERIV 27
-2.1301778304950225304e-44
-1.6222965694660027274e-61
0
0
DERIV 28
7.607777966053652339e-46
-3.865619280805814716e-62
0
0
DERIV 29
-2.623371712432293893e-47
1.1653262800768664842e-63
0
0
DERIV 30
8.744572374774312471e-49
1.1798818641490043423e-65
0
0
DERIV 31
-2.820829798314294254e-50
-1.2995329638312721793e-66
0
0
DERIV 32
8.815093119732169542e-52
4.061040511972725560e-68
0
0
DERIV 33
-2.671240339312778986e-53
2.1413872545725873210e-69
0
0
DERIV 34
7.856589233272879116e-55
-3.741300185309479406e-71
0
0
DERIV 35
-2.244739780935108332e-56
1.1983097540716613422e-72
0
0
AT 37
8.533047625744065802e-17
-7.397559824895349607e-35
0
0
DERIV 1
-8.533047625744065802e-17
7.397559824895349607e-35
0
0
DERIV 2
4.266523812872032901e-17
-3.698779912447674803e-35
0
0
DERIV 3
-1.4221746042906777363e-17
1.0394919033813513585e-33
0
0
DERIV 4
3.555436510726694341e-18
-2.598729758453378396e-34
0
0
DERIV 5
-7.110873021453388104e-19
-5.803303162549507266e-36
0
0
DERIV 6
1.1851455035755647642e-19
-7.057490907855231176e-36
0
0
DERIV 7
-1.6930650051079494482e-20
-1.1412623975242926798e-36
0
0
DERIV 8
2.1163312563849368103e-21
1.4265779969053658498e-37
0
0
DERIV 9
-2.351479173761041214e-22
1.5495649389645825554e-38
0
0
DERIV 10
2.3514791737610410962e-23
-3.740705881422949821e-40
0
0
DERIV 11
-2.1377083397827645328e-24
-6.617776052305450885e-41
0
0
DERIV 12
1.7814236164856372637e-25
-9.791102649410659098e-42
0
0
DERIV 13
-1.3703258588351056316e-26
1.1946785507142392659e-42
0
0
DERIV 14
9.788041848822182058e-28
1.7160791196740960325e-44
0
0
DERIV 15
-6.525361232548121970e-29
4.834820701336488773e-45
0
0
DERIV 16
4.078350770342576231e-30
-3.0217629383353054830e-46
0
0
DERIV 17
-2.399029864907397525e-31
-7.984086839292633491e-48
0
0
DERIV 18
1.3327943693929985340e-32
1.3558640676721713078e-48
0
0
DERIV 19
-7.014707207331571682e-34
-2.634628212856151083e-50
0
0
DERIV 20
3.507353603665786055e-35
-8.208976616456808863e-52
0
0
DERIV 21
-1.6701683826979933435e-36
2.318105108972173699e-53
0
0
DERIV 22
7.591674466809061032e-38
-4.850224921822856545e-54
0
0
DERIV 23
-3.300728029047417897e-39
2.6762112240967659895e-55
0
0
DERIV 24
1.3753033454364240556e-40
-4.353687946238061908e-57
0
0
DERIV 25
-5.501213381745696146e-42
9.767910611516475994e-59
0
0
DERIV 26
2.1158513006714214108e-43
1.4624941047098882001e-59
0
0
DERIV 27
-7.836486298783042723e-45
-8.070038856950362831e-62
0
0
DERIV 28
2.7987451067082294329e-46
1.3994684016520026105e-62
0
0
DERIV 29
-9.650845195545619028e-48
-1.8919501090756020884e-64
0
0
DERIV 30
3.2169483985152064438e-49
-3.822105231891778405e-66
0
0
DERIV 31
-1.0377252898436149742e-50
4.671655791780091920e-68
0
0
DERIV 32
3.2428915307612967944e-52
-1.4598924349312787251e-69
0
0
DERIV 33
-9.826944032609989794e-54
-4.475116507371572386e-70
0
0
DERIV 34
2.8902776566499972540e-55
-1.2406868847947269198e-71
0
0
DERIV 35
-8.257936161857135076e-57
4.191653890758270170e-73
0
0
AT 38
3.139132792048029595e-17
3.332818439440314087e-34
0
0
DERIV 1
-3.139132792048029595e-17
-3.332818439440314087e-34
0
0
DERIV 2
1.5695663960240147977e-17
1.6664092197201570437e-34
0
0
DERIV 3
-5.231887986746715736e-18
-3.123376332423033343e-34
0
0
DERIV 4
1.3079719966866789339e-18
7.808440831057583357e-35
0
0
DERIV 5
-2.615943993373358253e-19
2.2901717225629549278e-35
0
0
DERIV 6
4.359906655622263554e-20
-1.8107758455348875328e-36
0
0
DERIV 7
-6.228438079460376614e-21
3.661560328658787971e-37
0
0
DERIV 8
7.785547599325470767e-22
-4.576950410823484964e-38
0
0
DERIV 9
-8.650608443694966996e-23
-1.3891888051740565858e-40
0
0
DERIV 10
8.650608443694966409e-24
6.016390634628843280e-40
0
0
DERIV 11
-7.864189494268151698e-25
-1.2951052970266206613e-41
0
0
DERIV 12
6.553491245223459366e-26
4.905733420771817912e-42
0
0
DERIV 13
-5.041147111710353469e-27
-2.6698490717716961173e-43
0
0
DERIV 14
3.600819365507395719e-28
-1.9365264508825723469e-44
0
0
DERIV 15
-2.4005462436715968845e-29
-1.3247394994846102492e-45
0
0
DERIV 16
1.5003414022947480528e-30
8.279621871778814058e-47
0
0
DERIV 17
-8.825537660557342389e-32
4.145341224572866590e-48
0
0
DERIV 18
4.903076478087412286e-33
-7.824612007991433867e-50
0
0
DERIV 19
-2.580566567414427564e-34
8.619715305413926094e-51
0
0
DERIV 20
1.2902832837072136751e-35
6.381201187661819686e-52
0
0
DERIV 21
-6.144206112891493611e-37
-3.834132919747353427e-53
0
0
DERIV 22
2.792820960405224701e-38
-1.5791854929140882014e-54
0
0
DERIV 23
-1.2142699827848801771e-39
-5.900876163848903712e-56
0
0
DERIV 24
5.059458261603668084e-41
-4.338493752561420024e-57
0
0
DERIV 25
-2.0237833046414669789e-42
-8.135495567873555700e-59
0
0
DERIV 26
7.783781940928719073e-44
3.894946329534277836e-60
0
0
DERIV 27
-2.882882200343970165e-45
-5.968043067318242917e-63
0
0
DERIV 28
1.0296007858371321463e-46
5.769408036208813540e-63
0
0
DERIV 29
-3.550347537369421530e-48
1.3634666673962828481e-64
0
0
DERIV 30
1.1834491791231403959e-49
6.849792403590815881e-66
0
0
DERIV 31
-3.817577997171420919e-51
6.620330187287082691e-68
0
0
DERIV 32
1.1929931241160690372e-52
-2.0688531835272133410e-69
0
0
DERIV 33
-3.615130679139602880e-54
-2.0074541612564942370e-70
0
0
DERIV 34
1.0632737291587067613e-55
2.708154917050848978e-72
0
0
DERIV 35
-3.037924940453448229e-57
2.6221211068312029916e-73
0
0
AT 39
1.1548224173015786119e-17
-1.3306953064848110754e-34
0
0
DERIV 1
-1.1548224173015786119e-17
1.3306953064848110754e-34
0
0
DERIV 2
5.774112086507893060e-18
-6.653476532424055377e-35
0
0
DERIV 3
-1.9247040288359643532e-18
2.2178255108080182808e-35
0
0
DERIV 4
4.811760072089910883e-19
-5.544563777020045702e-36
0
0
DERIV 5
-9.623520144179821525e-20
-1.2984996750800355757e-36
0
0
DERIV 6
1.6039200240299703545e-20
-7.866719001883461054e-37
0
0
DERIV 7
-2.2913143200428147922e-21
1.1238170002690657753e-37
0
0
DERIV 8
2.864142900053518490e-22
-1.4047712503363322191e-38
0
0
DERIV 9
-3.182381000059465120e-23
2.8669617790651330301e-39
0
0
DERIV 10
3.1823810000594647524e-24
8.064580672545154119e-41
0
0
DERIV 11
-2.893073636417695104e-25
-1.9854459178403487602e-41
0
0
DERIV 12
2.4108946970147461115e-26
-2.5870123842452634034e-43
0
0
DERIV 13
-1.8545343823190354152e-27
-3.528950579306000000e-44
0
0
DERIV 14
1.3246674159421681858e-28
-6.822889332381533162e-46
0
0
DERIV 15
-8.831116106281120771e-30
-4.216135592257288129e-46
0
0
DERIV 16
5.519447566425700482e-31
2.635084745160805081e-47
0
0
DERIV 17
-3.246733862603353547e-32
1.6698455182988305331e-48
0
0
DERIV 18
1.8037410347796407072e-33
5.928141915753210786e-50
0
0
DERIV 19
-9.493373867261267612e-35
4.194860303540108598e-51
0
0
DERIV 20
4.746686933630633672e-36
-7.610477967239565503e-53
0
0
DERIV 21
-2.260327111252682522e-37
-1.4273940842110446820e-53
0
0
DERIV 22
1.0274214142057648302e-38
1.7424789515058210661e-55
0
0
DERIV 23
-4.467049626981586679e-40
3.852669916952948288e-56
0
0
DERIV 24
1.8612706779089941948e-41
9.436679257481951897e-58
0
0
DERIV 25
-7.445082711635977608e-43
4.509406234895971188e-59
0
0
DERIV 26
2.863493350629221812e-44
1.7122060635477203561e-60
0
0
DERIV 27
-1.0605530928256377831e-45
1.1491625991005581915e-62
0
0
DERIV 28
3.787689617234420585e-47
2.8411774115394592089e-64
0
0
DERIV 29
-1.3060998680118692195e-48
4.259217579888351597e-65
0
0
DERIV 30
4.353666226706230858e-50
-2.685814892730756786e-66
0
0
DERIV 31
-1.4044084602278163772e-51
5.792275537308954358e-68
0
0
DERIV 32
4.388776438211926179e-53
-1.8100861054090482369e-69
0
0
DERIV 33
-1.3299322540036138442e-54
-9.443040343856616033e-71
0
0
DERIV 34
3.911565452951805877e-56
-1.7504747323967044388e-72
0
0
DERIV 35
-1.1175901294148016630e-57
3.3842708284858138881e-74
0
0
AT 40
4.248354255291588871e-18
1.2437470802645773219e-34
0
0
DERIV 1
-4.248354255291588871e-18
-1.2437470802645773219e-34
0
0
DERIV 2
2.1241771276457944355e-18
6.218735401322886610e-35
0
0
DERIV 3
-7.080590425485981452e-19
-2.0729118004409623814e-35
0
0
DERIV 4
1.7701476063714953629e-19
5.182279501102405954e-36
0
0
DERIV 5
-3.540295212742991087e-20
2.5746627455055861674e-36
0
0
DERIV 6
5.900492021238318227e-21
-1.7833832940884301924e-37
0
0
DERIV 7
-8.429274316054740325e-22
2.547690420126328623e-38
0
0
DERIV 8
1.0536592895068425406e-22
-3.184613025157910778e-39
0
0
DERIV 9
-1.1707325438964917444e-23
6.803721002459588749e-40
0
0
DERIV 10
1.1707325438964917077e-24
-3.130301156139939981e-41
0
0
DERIV 11
-1.0643023126331742380e-25
-1.3286124106905640487e-42
0
0
DERIV 12
8.869185938609785317e-27
1.1071770089088035067e-43
0
0
DERIV 13
-6.822450722007526960e-28
-2.921284661855732678e-44
0
0
DERIV 14
4.873179087148234023e-29
-2.7178199763595640253e-45
0
0
DERIV 15
-3.248786058098822542e-30
4.105815199148922047e-47
0
0
DERIV 16
2.030491286311764089e-31
-2.5661344994680762794e-48
0
0
DERIV 17
-1.1944066390069200844e-32
4.729386250433466627e-49
0
0
DERIV 18
6.635592438927333612e-34
-7.268041230641422016e-51
0
0
DERIV 19
-3.492417073119649326e-35
9.452157932110633610e-52
0
0
DERIV 20
1.7462085365598244624e-36
1.5319656359636150912e-52
0
0
DERIV 21
-8.315278745522974625e-38
2.648246637123394524e-54
0
0
DERIV 22
3.779672157055897201e-39
2.3555085111249251886e-55
0
0
DERIV 23
-1.6433357204590858281e-40
-1.3754385429364613597e-57
0
0
DERIV 24
6.847232168579524709e-42
-3.675145703463013721e-58
0
0
DERIV 25
-2.7388928674318097242e-43
-1.2303362974724672839e-60
0
0
DERIV 26
1.0534203336276191726e-44
-4.313728560865313949e-61
0
0
DERIV 27
-3.901556791213403795e-46
-3.876271379279591578e-62
0
0
DERIV 28
1.3934131397190728535e-47
6.898496803385660943e-64
0
0
DERIV 29
-4.804872895583010102e-49
2.406749631800615601e-66
0
0
DERIV 30
1.6016242985276700972e-50
-7.132628374440071295e-67
0
0
DERIV 31
-5.166529995250548653e-52
1.8222406174726136081e-68
0
0
DERIV 32
1.6145406235157964540e-53
-5.694501929601917525e-70
0
0
DERIV 33
-4.892547343987261806e-55
-3.064626692338731622e-73
0
0
DERIV 34
1.4389845129374299963e-56
-5.236733967182221347e-73
0
0
DERIV 35
-4.111384322678371398e-58
1.2940740111853955046e-74
0
0
AT 41
1.5628821893349887941e-18
-2.599655586708218655e-35
0
0
DERIV 1
-1.5628821893349887941e-18
2.599655586708218655e-35
0
0
DERIV 2
7.814410946674943970e-19
-1.2998277933541093273e-35
0
0
DERIV 3
-2.604803648891647990e-19
4.332759311180364202e-36
0
0
DERIV 4
6.512009122229119975e-20
-1.0831898277950910504e-36
0
0
DERIV 5
-1.3024018244458239349e-20
-3.852151420619930107e-37
0
0
DERIV 6
2.1706697074097065581e-21
6.420252367699883164e-38
0
0
DERIV 7
-3.100956724871009503e-22
4.262432055540595944e-39
0
0
DERIV 8
3.876195906088761879e-23
-5.328040069425744930e-40
0
0
DERIV 9
-4.306884340098624310e-24
5.920044521584160920e-41
0
0
DERIV 10
4.306884340098624494e-25
-2.428714375318240221e-41
0
0
DERIV 11
-3.915349400089658161e-26
-2.4882111668806958735e-42
0
0
DERIV 12
3.262791166741381801e-27
2.0735093057339130951e-43
0
0
DERIV 13
-2.509839359031832258e-28
-5.602021384477605870e-45
0
0
DERIV 14
1.7927423993084517729e-29
-1.2013395746228191126e-45
0
0
DERIV 15
-1.1951615995389678369e-30
6.841181777214779404e-47
0
0
DERIV 16
7.469759997118548981e-32
-4.275738610759237128e-48
0
0
DERIV 17
-4.393976468893263623e-33
-2.3147026933199928137e-49
0
0
DERIV 18
2.441098038274035584e-34
-1.0898449126819556251e-50
0
0
DERIV 19
-1.2847884411968607492e-35
-2.7042837545966402505e-52
0
0
DERIV 20
6.423942205984303913e-37
-3.183360665093020840e-54
0
0
DERIV 21
-3.059020098087763818e-38
6.487546578043171192e-55
0
0
DERIV 22
1.3904636809489835388e-39
-1.4658610654745042026e-56
0
0
DERIV 23
-6.045494264995580426e-41
-1.1358496639237276514e-57
0
0
DERIV 24
2.5189559437481585109e-42
4.732706933015531586e-59
0
0
DERIV 25
-1.0075823774992633645e-43
-5.875812551037343150e-60
0
0
DERIV 26
3.875316836535628517e-45
3.451539725955500500e-62
0
0
DERIV 27
-1.4353025320502328055e-46
8.824211470515999748e-64
0
0
DERIV 28
5.126080471607974392e-48
-1.1833166035593243756e-64
0
0
DERIV 29
-1.7676139557268876298e-49
-5.087732293977307077e-66
0
0
DERIV 30
5.892046519089625591e-51
1.1331614036580274479e-68
0
0
DERIV 31
-1.9006601674482661521e-52
-1.7116789520413525520e-68
0
0
DERIV 32
5.939563023275831725e-54
5.348996725129226725e-70
0
0
DERIV 33
-1.7998675828108581096e-55
-1.5111422915079265963e-71
0
0
DERIV 34
5.293728184737818902e-57
-4.877486429651242887e-73
0
0
DERIV 35
-1.5124937670679480302e-58
-8.804590030639420155e-75
0
0
AT 42
5.749522264293559897e-19
-9.021557247449316932e-36
0
0
DERIV 1
-5.749522264293559897e-19
9.021557247449316932e-36
0
0
DERIV 2
2.874761132146779948e-19
-4.510778623724658466e-36
0
0
DERIV 3
-9.582537107155933563e-20
5.515946925381627516e-36
0
0
DERIV 4
2.3956342767889833907e-20
-1.3789867313454068790e-36
0
0
DERIV 5
-4.791268553577966330e-21
-1.7559248444667702727e-37
0
0
DERIV 6
7.985447589296611177e-22
-3.342761796940916255e-38
0
0
DERIV 7
-1.1407782270423729581e-22
-1.9417365804974769643e-39
0
0
DERIV 8
1.4259727838029661976e-23
2.4271707256218462054e-40
0
0
DERIV 9
-1.5844142042255179769e-24
-4.737645165312967378e-41
0
0
DERIV 10
1.5844142042255180229e-25
1.4587035741340641005e-43
0
0
DERIV 11
-1.4403765492959255536e-26
7.694279461271154647e-43
0
0
DERIV 12
1.2003137910799379613e-27
-6.411899551059295207e-44
0
0
DERIV 13
-9.233183008307214570e-29
-2.4179467515371288357e-46
0
0
DERIV 14
6.595130720219439179e-30
-1.8291444667828007876e-46
0
0
DERIV 15
-4.396753813479625827e-31
-1.6999421561548350717e-47
0
0
DERIV 16
2.747971133424766142e-32
1.0624638475967719198e-48
0
0
DERIV 17
-1.6164536078969214210e-33
9.849689503162567187e-50
0
0
DERIV 18
8.980297821649562618e-35
2.843218262974293375e-51
0
0
DERIV 19
-4.726472537710296080e-36
-1.8481102318407064471e-52
0
0
DERIV 20
2.363236268855148123e-37
8.881614401654208125e-55
0
0
DERIV 21
-1.1253506042167372638e-38
5.791641664681727906e-55
0
0
DERIV 22
5.115230019166987637e-40
-3.374076264400617703e-56
0
0
DERIV 23
-2.2240130518117335778e-41
-3.0619088178193920821e-58
0
0
DERIV 24
9.266721049215556043e-43
6.586101711199587772e-59
0
0
DERIV 25
-3.706688419686222915e-44
2.3439715378090784118e-60
0
0
DERIV 26
1.4256493921870087177e-45
5.585945128283783310e-63
0
0
DERIV 27
-5.280182934025958178e-47
-5.670150555534006156e-64
0
0
DERIV 28
1.8857796192949851503e-48
-6.656608169146813438e-65
0
0
DERIV 29
-6.502688342396500289e-50
3.348533487915383599e-69
0
0
DERIV 30
2.1675627807988333506e-51
7.901811343173447937e-68
0
0
DERIV 31
-6.992138002576882315e-53
2.835360108038692883e-69
0
0
DERIV 32
2.1850431258052757233e-54
-8.860500337620915261e-71
0
0
DERIV 33
-6.621342805470532632e-56
4.057072690010385530e-72
0
0
DERIV 34
1.9474537663148625555e-57
-1.3597213624814867988e-73
0
0
DERIV 35
-5.564153618042463863e-59
-1.9264830160410194619e-75
0
0
AT 43
2.1151310375910804642e-19
2.2423105474681811759e-36
0
0
DERIV 1
-2.1151310375910804642e-19
-2.2423105474681811759e-36
0
0
DERIV 2
1.0575655187955402321e-19
1.1211552737340905879e-36
0
0
DERIV 3
-3.525218395985134308e-20
1.6324586008253404286e-36
0
0
DERIV 4
8.813045989962835769e-21
-4.081146502063351072e-37
0
0
DERIV 5
-1.7626091979925671538e-21
8.162293004126702143e-38
0
0
DERIV 6
2.937681996654278276e-22
1.7742694348383162437e-38
0
0
DERIV 7
-4.196688566648969050e-23
-1.6950317991816751718e-39
0
0
DERIV 8
5.245860708311211313e-24
2.1187897489770939648e-40
0
0
DERIV 9
-5.828734120345790245e-25
-3.374605233952228922e-41
0
0
DERIV 10
5.828734120345790016e-26
5.670492637902009338e-42
0
0
DERIV 11
-5.298849200314355342e-27
2.6718955699178789684e-43
0
0
DERIV 12
4.415707666928628854e-28
3.752293806187653364e-44
0
0
DERIV 13
-3.396698205329714934e-29
1.4253077316243190256e-45
0
0
DERIV 14
2.4262130038069390386e-30
9.837779978752251386e-47
0
0
DERIV 15
-1.6174753358712926924e-31
-6.558519985834834581e-48
0
0
DERIV 16
1.0109220849195579327e-32
4.099074991146771613e-49
0
0
DERIV 17
-5.946600499526811369e-34
-2.411220583027512434e-50
0
0
DERIV 18
3.303666944181562050e-35
-4.422761494906234568e-52
0
0
DERIV 19
-1.7387720758850325348e-36
-9.981015641263409027e-53
0
0
DERIV 20
8.693860379425162674e-38
4.990507820631704397e-54
0
0
DERIV 21
-4.139933514011982505e-39
4.201267621747464567e-56
0
0
DERIV 22
1.8817879609145376507e-40
-1.6739904528063676617e-56
0
0
DERIV 23
-8.181686786584945975e-42
3.953505806359958687e-58
0
0
DERIV 24
3.4090361610770605574e-43
1.0078590992374376754e-59
0
0
DERIV 25
-1.3636144644308242628e-44
-4.870661911861997290e-63
0
0
DERIV 26
5.244671017041631481e-46
3.010567583248094825e-62
0
0
DERIV 27
-1.9424707470524562390e-47
2.3545571523098802762e-64
0
0
DERIV 28
6.937395525187343277e-49
3.499917700808093614e-65
0
0
DERIV 29
-2.392205353512876943e-50
-1.6980182285076079691e-66
0
0
DERIV 30
7.974017845042923044e-52
6.649182401875339153e-68
0
0
DERIV 31
-2.572263820981588153e-53
-1.3970737282889357376e-69
0
0
DERIV 32
8.038324440567462980e-55
4.365855400902924180e-71
0
0
DERIV 33
-2.435855891081049415e-56
-1.0485719675818948199e-72
0
0
DERIV 34
7.164282032591322309e-58
-1.9099054697003344404e-74
0
0
DERIV 35
-2.046937723597520773e-59
1.6827005542536726790e-75
0
0
AT 44
7.781132241133796610e-20
-9.437877624428643413e-37
0
0
DERIV 1
-7.781132241133796610e-20
9.437877624428643413e-37
0
0
DERIV 2
3.890566120566898305e-20
-4.718938812214321706e-37
0
0
DERIV 3
-1.2968553735222994852e-20
6.588422167579867548e-37
0
0
DERIV 4
3.2421384338057487129e-21
-1.6471055418949668870e-37
0
0
DERIV 5
-6.484276867611497050e-22
-4.673708388413863168e-39
0
0
DERIV 6
1.0807128112685827632e-22
8.615580403550893806e-39
0
0
DERIV 7
-1.5438754446694041154e-23
4.484804435245687767e-40
0
0
DERIV 8
1.9298443058367551443e-24
-5.606005544057109709e-41
0
0
DERIV 9
-2.144271450929728040e-25
1.6432839066506921484e-41
0
0
DERIV 10
2.1442714509297279827e-26
-1.0693120556632472036e-42
0
0
DERIV 11
-1.9493376826633890100e-27
3.198611290263098395e-44
0
0
DERIV 12
1.6244480688861575083e-28
-2.6655094085525823072e-45
0
0
DERIV 13
-1.2495754376047365664e-29
4.206235644001704662e-46
0
0
DERIV 14
8.925538840033832868e-31
-5.506772717724105659e-47
0
0
DERIV 15
-5.950359226689221401e-32
-1.4377188393681586273e-48
0
0
DERIV 16
3.718974516680763376e-33
8.985742746050991420e-50
0
0
DERIV 17
-2.187632068635743112e-34
-1.0316817540203539629e-50
0
0
DERIV 18
1.2153511492420795065e-35
5.731565300113077489e-52
0
0
DERIV 19
-6.396584996010944815e-37
-2.577013856952245716e-53
0
0
DERIV 20
3.198292498005472408e-38
1.2885069284761228289e-54
0
0
DERIV 21
-1.5229964276216535430e-39
-4.582103357505697590e-56
0
0
DERIV 22
6.922711034643879833e-41
1.1558844142073448781e-57
0
0
DERIV 23
-3.009874362888643461e-42
5.156048465157256009e-60
0
0
DERIV 24
1.2541143178702681752e-43
-6.852718315766770431e-60
0
0
DERIV 25
-5.016457271481072328e-45
-9.927218404099769693e-62
0
0
DERIV 26
1.9294066428773353610e-46
1.8777332265666117281e-62
0
0
DERIV 27
-7.145950529175316962e-48
1.1483169705794292777e-64
0
0
DERIV 28
2.5521251889911847378e-49
-1.4953209461509160877e-65
0
0
DERIV 29
-8.800431686176499096e-51
5.156279124658331155e-67
0
0
DERIV 30
2.9334772287254996739e-52
-1.4714792981736156535e-68
0
0
DERIV 31
-9.462829770082257013e-54
4.746707413463276322e-70
0
0
DERIV 32
2.9571343031507053165e-55
-1.4833460667072738507e-71
0
0
DERIV 33
-8.961013039850621657e-57
-6.502841229476812189e-74
0
0
DERIV 34
2.6355920705443005497e-58
-4.329825473977439770e-75
0
0
DERIV 35
-7.530263058698001349e-60
-9.737661575391949627e-77
0
0
AT 45
2.862518580549393657e-20
-1.2894660200493100424e-37
0
0
DERIV 1
-2.862518580549393657e-20
1.2894660200493100424e-37
0
0
DERIV 2
1.4312592902746968287e-20
-6.447330100246550212e-38
0
0
DERIV 3
-4.770864300915655845e-21
-2.292810278412661746e-37
0
0
DERIV 4
1.1927160752289139612e-21
5.732025696031654366e-38
0
0
DERIV 5
-2.385432150457828016e-22
-2.0600965854850082105e-39
0
0
DERIV 6
3.975720250763046890e-23
-1.6158078204563110905e-39
0
0
DERIV 7
-5.679600358232923604e-24
-2.9394457512333391027e-40
0
0
DERIV 8
7.099500447791154505e-25
3.674307189041673878e-41
0
0
DERIV 9
-7.888333830879060561e-26
-4.082563543379637643e-42
0
0
DERIV 10
7.888333830879060274e-27
6.952422798316863163e-43
0
0
DERIV 11
-7.171212573526418920e-28
-1.4285788139177866022e-44
0
0
DERIV 12
5.976010477938682807e-29
-2.5463135599346900206e-45
0
0
DERIV 13
-4.596931136875909582e-30
-7.361020006748866814e-47
0
0
DERIV 14
3.283522240625649952e-31
-1.9765315429551113215e-47
0
0
DERIV 15
-2.1890148270837664520e-32
-5.069196801195313164e-49
0
0
DERIV 16
1.3681342669273540325e-33
3.168248000747070728e-50
0
0
DERIV 17
-8.047848628984436114e-35
4.425182846836300953e-51
0
0
DERIV 18
4.471027016102464508e-36
-2.4584349149090563321e-52
0
0
DERIV 19
-2.353172113738139039e-37
-4.644847224769412293e-54
0
0
DERIV 20
1.1765860568690694150e-38
1.2762910761182345969e-54
0
0
DERIV 21
-5.602790746995569342e-40
9.138210913401593554e-57
0
0
DERIV 22
2.546723066816167697e-41
1.4384064550722356442e-57
0
0
DERIV 23
-1.1072708986157251828e-42
3.443140089187815234e-59
0
0
DERIV 24
4.613628744232188594e-44
-4.753583185354198591e-60
0
0
DERIV 25
-1.8454514976928752756e-45
2.834493018977826290e-62
0
0
DERIV 26
7.097890375741828058e-47
-1.8381481897343973774e-63
0
0
DERIV 27
-2.6288482873117880683e-48
-3.320649337201573212e-65
0
0
DERIV 28
9.388743883256386501e-50
-4.240092520005037498e-66
0
0
DERIV 29
-3.237497890778064126e-51
-3.797118403396032344e-68
0
0
DERIV 30
1.0791659635926880916e-52
-3.679902066451217527e-69
0
0
DERIV 31
-3.481180527718348683e-54
1.1870651827261992334e-70
0
0
DERIV 32
1.0878689149119839633e-55
-3.709578696019372604e-72
0
0
DERIV 33
-3.296572469430254349e-57
2.6656938905637126967e-74
0
0
DERIV 34
9.695801380677218672e-59
-7.840276148716801905e-76
0
0
DERIV 35
-2.770228965907776527e-60
-2.1447697708625676493e-76
0
0
AT 46
1.0530617357553811741e-20
6.381524386895124963e-37
0
0
DERIV 1
-1.0530617357553811741e-20
-6.381524386895124963e-37
0
0
DERIV 2
5.265308678776905870e-21
3.190762193447562482e-37
0
0
DERIV 3
-1.7551028929256352901e-21
-1.0635873978158541606e-37
0
0
DERIV 4
4.387757232314088225e-22
2.658968494539635401e-38
0
0
DERIV 5
-8.775514464628176451e-23
-5.317936989079271064e-39
0
0
DERIV 6
1.4625857441046960751e-23
8.863228315132117352e-40
0
0
DERIV 7
-2.0894082058638515883e-24
-7.414012098303527422e-41
0
0
DERIV 8
2.611760257329814485e-25
9.267515122879409278e-42
0
0
DERIV 9
-2.901955841477571842e-26
8.835156007493269523e-43
0
0
DERIV 10
2.9019558414775719135e-27
-1.6009804144836333723e-43
0
0
DERIV 11
-2.638141674070519595e-28
-1.8057669583526349806e-44
0
0
DERIV 12
2.1984513950587665162e-29
-3.635921538058936626e-46
0
0
DERIV 13
-1.6911164577375127587e-30
8.186472199756170755e-47
0
0
DERIV 14
1.2079403269553660998e-31
9.792011646656497648e-48
0
0
DERIV 15
-8.052935513035775093e-33
4.419636488099968723e-49
0
0
DERIV 16
5.033084695647359433e-34
-2.762272805062480452e-50
0
0
DERIV 17
-2.960638056263152262e-35
-1.8340056218472648275e-51
0
0
DERIV 18
1.6447989201461957382e-36
6.476746912912309923e-53
0
0
DERIV 19
-8.656836421822083602e-38
4.284176366002307629e-54
0
0
DERIV 20
4.328418210911041801e-39
-2.1420881830011538145e-55
0
0
DERIV 21
-2.0611515290052577286e-40
-1.6988348697607405135e-56
0
0
DERIV 22
9.368870586387536057e-42
-1.5469217113127200852e-58
0
0
DERIV 23
-4.073421994081537070e-43
-2.790668627978061300e-59
0
0
DERIV 24
1.6972591642006404457e-44
1.1627785949908589672e-60
0
0
DERIV 25
-6.789036656802562623e-46
3.749956245149105574e-62
0
0
DERIV 26
2.611167944924062510e-47
-1.0683115799935777105e-63
0
0
DERIV 27
-9.670992388607638363e-49
-1.6702935530666297565e-65
0
0
DERIV 28
3.453925853074156829e-50
-2.1164859441218603681e-66
0
0
DERIV 29
-1.1910089148531575121e-51
5.763383469101275548e-68
0
0
DERIV 30
3.970029716177191521e-53
-6.652474769004774799e-71
0
0
DERIV 31
-1.2806547471539328189e-54
7.225444279382124528e-71
0
0
DERIV 32
4.002046084856040059e-56
-2.2579513373069139149e-72
0
0
DERIV 33
-1.2127412378351635728e-57
-1.3044042097568673186e-74
0
0
DERIV 34
3.566885993632834168e-59
-9.168570854269083178e-76
0
0
DERIV 35
-1.0191102838950954647e-60
1.4352028422353571120e-77
0
0
AT 47
3.873997628687186783e-21
3.300111266790933501e-37
0
0
DERIV 1
-3.873997628687186783e-21
-3.300111266790933501e-37
0
0
DERIV 2
1.9369988143435933915e-21
1.6500556333954667505e-37
0
0
DERIV 3
-6.456662714478644952e-22
-2.365533842458789147e-38
0
0
DERIV 4
1.6141656786196612379e-22
5.913834606146972868e-39
0
0
DERIV 5
-3.228331357239322476e-23
-1.1827669212293946062e-39
0
0
DERIV 6
5.380552262065537705e-24
-4.776683621641081006e-41
0
0
DERIV 7
-7.686503231522196590e-25
-6.295522848797200579e-42
0
0
DERIV 8
9.608129039402745737e-26
7.869403560996500723e-43
0
0
DERIV 9
-1.0675698932669717645e-26
7.199880792988473978e-44
0
0
DERIV 10
1.0675698932669718363e-27
-7.894636216641910303e-44
0
0
DERIV 11
-9.705180847881561740e-29
3.100437391638632999e-45
0
0
DERIV 12
8.087650706567967650e-30
2.0872970547171962005e-46
0
0
DERIV 13
-6.221269774283051971e-31
-2.279314303784774553e-47
0
0
DERIV 14
4.443764124487894421e-32
6.413246662660558335e-50
0
0
DERIV 15
-2.9625094163252630616e-33
1.0976246318882663378e-49
0
0
DERIV 16
1.8515683852032894135e-34
-6.860153949301664611e-51
0
0
DERIV 17
-1.0891578736489937333e-35
1.0484833768892705421e-53
0
0
DERIV 18
6.050877075827742870e-37
8.697942256214973599e-54
0
0
DERIV 19
-3.184672145172496275e-38
-1.8303677272716597976e-55
0
0
DERIV 20
1.5923360725862480722e-39
7.440488331634354788e-56
0
0
DERIV 21
-7.582552726601181830e-41
1.7975612965419569304e-57
0
0
DERIV 22
3.446614875727809807e-42
3.415389823954394310e-59
0
0
DERIV 23
-1.4985282068381781163e-43
-7.545627846244935537e-60
0
0
DERIV 24
6.243867528492409648e-45
-5.153342101212798906e-61
0
0
DERIV 25
-2.4975470113969638125e-46
1.5946106946455340897e-62
0
0
DERIV 26
9.605950043834475267e-48
3.216364031803747808e-64
0
0
DERIV 27
-3.557759275494250408e-49
1.903605772024027795e-65
0
0
DERIV 28
1.2706283126765178334e-50
1.0157778931628112404e-66
0
0
DERIV 29
-4.381476940263854982e-52
3.344274208393625263e-69
0
0
DERIV 30
1.4604923134212849939e-53
-1.1147580694645417973e-70
0
0
DERIV 31
-4.711265527165435628e-55
1.9954639850346777564e-71
0
0
DERIV 32
1.4722704772391986337e-56
-6.235824953233367989e-73
0
0
DERIV 33
-4.461425688603631687e-58
-3.4700146204848653052e-74
0
0
DERIV 34
1.3121840260598917638e-59
1.1023876774676946281e-76
0
0
DERIV 35
-3.749097217313976192e-61
-3.0785418454781350529e-77
0
0
AT 48
1.4251640827409351546e-21
-4.830736069847306609e-38
0
0
DERIV 1
-1.4251640827409351546e-21
4.830736069847306609e-38
0
0
DERIV 2
7.125820413704675773e-22
-2.415368034923653305e-38
0
0
DERIV 3
-2.375273471234891611e-22
-2.3295289238848820791e-38
0
0
DERIV 4
5.938183678087229027e-23
5.823822309712205198e-39
0
0
DERIV 5
-1.1876367356174458642e-23
-5.770172865312973671e-40
0
0
DERIV 6
1.9793945593624098961e-24
-2.627778045543872769e-41
0
0
DERIV 7
-2.827706513374871083e-25
-1.5925066254506870314e-41
0
0
DERIV 8
3.534633141718588854e-26
1.9906332818133587892e-42
0
0
DERIV 9
-3.927370157465098647e-27
-3.0089978839418500997e-43
0
0
DERIV 10
3.927370157465098827e-28
1.2153358496060841493e-44
0
0
DERIV 11
-3.570336506786453479e-29
-1.1048507723691675782e-45
0
0
DERIV 12
2.9752804223220445656e-30
9.207089769743063152e-47
0
0
DERIV 13
-2.288677247940034281e-31
-7.082376745956202050e-48
0
0
DERIV 14
1.6347694628143103573e-32
-1.0580651256513617414e-48
0
0
DERIV 15
-1.0898463085428734803e-33
-2.0692693727722827207e-50
0
0
DERIV 16
6.811539428392959252e-35
1.2932933579826767005e-51
0
0
DERIV 17
-4.006787899054682070e-36
8.114537365350111609e-53
0
0
DERIV 18
2.225993277252601011e-37
9.412573217646790705e-54
0
0
DERIV 19
-1.1715754090803163489e-38
-2.2064892859199844568e-55
0
0
DERIV 20
5.857877045401582071e-40
-2.159407591039270035e-56
0
0
DERIV 21
-2.789465259715038766e-41
-2.1275498853674912685e-57
0
0
DERIV 22
1.2679387544159268711e-42
-6.260237814199562378e-59
0
0
DERIV 23
-5.512777193112724834e-44
-4.204644042228243216e-60
0
0
DERIV 24
2.2969904971303021178e-45
7.147658046182445040e-62
0
0
DERIV 25
-9.187961988521209482e-47
7.253336608051377776e-63
0
0
DERIV 26
3.533831534046618845e-48
-9.198484316239847352e-65
0
0
DERIV 27
-1.3088264940913402144e-49
-6.440409396995403737e-66
0
0
DERIV 28
4.674380336040501274e-51
-2.7867650791586766129e-67
0
0
DERIV 29
-1.6118552882898279233e-52
-6.227580737629668847e-70
0
0
DERIV 30
5.372850960966093232e-54
-1.3379165381987700135e-70
0
0
DERIV 31
-1.7331777293439008907e-55
-1.0874311557390711543e-71
0
0
DERIV 32
5.416180404199690284e-57
3.398222361684597357e-73
0
0
DERIV 33
-1.6412667891514215124e-58
1.1140990662572035810e-74
0
0
DERIV 34
4.827255262210062752e-60
1.9252595700768783753e-76
0
0
DERIV 35
-1.3792157892028751311e-61
4.212025232736805472e-79
0
0
AT 49
5.242885663363463898e-22
3.946311221816783938e-39
0
0
DERIV 1
-5.242885663363463898e-22
-3.946311221816783938e-39
0
0
DERIV 2
2.621442831681731949e-22
1.9731556109083919688e-39
0
0
DERIV 3
-8.738142772272439830e-23
-6.577185369694639352e-40
0
0
DERIV 4
2.1845356930681099574e-23
1.6442963424236598380e-40
0
0
DERIV 5
-4.369071386136220209e-24
2.6098766085709868839e-40
0
0
DERIV 6
7.281785643560366402e-25
1.7725720629144360492e-41
0
0
DERIV 7
-1.0402550919371952987e-25
7.307271641335578675e-42
0
0
DERIV 8
1.3003188649214941234e-26
-9.134089551669473344e-43
0
0
DERIV 9
-1.4447987388016600374e-27
1.8419931110071498168e-45
0
0
DERIV 10
1.4447987388016600374e-28
-1.8419931110071498168e-46
0
0
DERIV 11
-1.3134533989106001614e-29
1.2906530867589896648e-45
0
0
DERIV 12
1.0945444990921666844e-30
9.220448130485621225e-48
0
0
DERIV 13
-8.419573069939743558e-32
-2.3935182027354528264e-48
0
0
DERIV 14
6.013980764242674068e-33
7.321876222630348354e-50
0
0
DERIV 15
-4.009320509495116387e-34
2.933013747409320727e-50
0
0
DERIV 16
2.505825318434447742e-35
-1.8331335921308254542e-51
0
0
DERIV 17
-1.4740148931967339069e-36
4.887334269683835423e-53
0
0
DERIV 18
8.188971628870743927e-38
-2.715185705379908569e-54
0
0
DERIV 19
-4.309985067826706987e-39
-2.0053256645361137194e-55
0
0
DERIV 20
2.1549925339133534118e-40
1.8183258907678723802e-56
0
0
DERIV 21
-1.0261869209111207208e-41
-3.803557464967157012e-58
0
0
DERIV 22
4.664486004141457967e-43
2.806243830464784401e-60
0
0
DERIV 23
-2.0280373931049817355e-44
-1.3784248666101203164e-62
0
0
DERIV 24
8.450155804604091083e-46
-5.128411695442196814e-62
0
0
DERIV 25
-3.380062321841636297e-47
6.900800861447538693e-64
0
0
DERIV 26
1.3000239699390908134e-48
4.357957388619721700e-65
0
0
DERIV 27
-4.814903592367003013e-50
-1.6140582920813782122e-66
0
0
DERIV 28
1.7196084258453583884e-51
-1.1191877074280432955e-67
0
0
DERIV 29
-5.929684227052959384e-53
-1.8963967599355048103e-69
0
0
DERIV 30
1.9765614090176533020e-54
-1.1065581298228938163e-70
0
0
DERIV 31
-6.376004545218236487e-56
3.861661034229551646e-72
0
0
DERIV 32
1.9925014203806989022e-57
-1.2067690731967348895e-73
0
0
DERIV 33
-6.037883092062723223e-59
-3.578663057320536984e-75
0
0
DERIV 34
1.7758479682537421406e-60
8.899847852336742910e-77
0
0
DERIV 35
-5.073851337867834860e-62
-8.155799610773232389e-79
0
0
AT 50
1.9287498479639178206e-22
-3.754610107124009601e-39
0
0
DERIV 1
-1.9287498479639178206e-22
3.754610107124009601e-39
0
0
DERIV 2
9.643749239819589103e-23
-1.8773050535620048006e-39
0
0
DERIV 3
-3.214583079939863230e-23
2.5849256025578141135e-39
0
0
DERIV 4
8.036457699849658075e-24
-6.462314006394535284e-40
0
0
DERIV 5
-1.6072915399699314314e-24
-5.442471218809171949e-41
0
0
DERIV 6
2.678819233283219358e-25
-2.1541046687981783939e-41
0
0
DERIV 7
-3.826884618976027245e-26
-1.0225065516272099078e-42
0
0
DERIV 8
4.783605773720034056e-27
1.2781331895340123848e-43
0
0
DERIV 9
-5.315117526355593296e-28
-2.416626896335439510e-44
0
0
DERIV 10
5.315117526355593969e-29
-4.309605732423682679e-45
0
0
DERIV 11
-4.831925023959630817e-30
3.2808695456920672620e-46
0
0
DERIV 12
4.026604186633025389e-31
1.8531384593331276505e-48
0
0
DERIV 13
-3.097387835871557991e-32
-1.4254911225639442735e-49
0
0
DERIV 14
2.2124198827653987120e-33
-1.3643815607817226400e-49
0
0
DERIV 15
-1.4749465885102656797e-34
-3.733393536564387535e-51
0
0
DERIV 16
9.218416178189160498e-36
2.3333709603527422096e-52
0
0
DERIV 17
-5.422597751875976764e-37
-1.3725711531486719971e-53
0
0
DERIV 18
3.012554306597765101e-38
-1.5575687257613243744e-54
0
0
DERIV 19
-1.5855548982093498813e-39
-8.974123727568094438e-56
0
0
DERIV 20
7.927774491046750018e-41
-1.6304110749645695245e-57
0
0
DERIV 21
-3.775130710022261822e-42
-1.3395200875922533077e-59
0
0
DERIV 22
1.7159685045555736461e-43
-8.442785818892454515e-60
0
0
DERIV 23
-7.460732628502494276e-45
5.294171732873539111e-61
0
0
DERIV 24
3.1086385952093723557e-46
3.870181437448344512e-63
0
0
DERIV 25
-1.2434554380837489228e-47
-3.492764849310944507e-64
0
0
DERIV 26
4.782520915706726685e-49
7.590284653805295517e-66
0
0
DERIV 27
-1.7713040428543433484e-50
1.0377071997331092806e-66
0
0
DERIV 28
6.326085867336940000e-52
1.5927687876494974942e-68
0
0
DERIV 29
-2.181408919771358445e-53
-2.3079059464981730067e-69
0
0
DERIV 30
7.271363065904529502e-55
-5.830127602720646631e-71
0
0
DERIV 31
-2.345600989001460823e-56
-1.1865598161443230097e-72
0
0
DERIV 32
7.330003090629565072e-58
3.707999425451009405e-74
0
0
DERIV 33
-2.221213057766534817e-59
-1.6596020441013186639e-75
0
0
DERIV 34
6.532979581666278954e-61
4.068366618642047935e-77
0
0
DERIV 35
-1.8665655947617941718e-62
6.882170850510814545e-79
0
0
AT 51
7.095474162284703661e-23
4.777848813192516662e-39
0
0
DERIV 1
-7.095474162284703661e-23
-4.777848813192516662e-39
0
0
DERIV 2
3.547737081142351831e-23
2.3889244065962583309e-39
0
0
DERIV 3
-1.1825790270474507571e-23
6.730598029957733290e-40
0
0
DERIV 4
2.9564475676186268928e-24
-1.6826495074894333226e-40
0
0
DERIV 5
-5.912895135237253051e-25
-3.981540677660430178e-41
0
0
DERIV 6
9.854825225395422900e-26
-4.843535890314851149e-42
0
0
DERIV 7
-1.4078321750564888217e-26
-9.479858756334358021e-43
0
0
DERIV 8
1.7597902188206110271e-27
1.1849823445417947527e-43
0
0
DERIV 9
-1.9553224653562346240e-28
1.7807131245558849419e-45
0
0
DERIV 10
1.9553224653562347361e-29
-1.2991100839154420887e-45
0
0
DERIV 11
-1.7775658775965768417e-30
-7.298523750652576815e-47
0
0
DERIV 12
1.4813048979971474411e-31
-1.2163263761479415148e-48
0
0
DERIV 13
-1.1394653061516518883e-32
1.9882937751654965644e-49
0
0
DERIV 14
8.139037901083227529e-34
1.0234607526803669430e-50
0
0
DERIV 15
-5.426025267388817996e-35
-4.245993448576505688e-51
0
0
DERIV 16
3.391265792118011248e-36
2.6537459053603160550e-52
0
0
DERIV 17
-1.994862230657653921e-37
8.955582083286704595e-54
0
0
DERIV 18
1.1082567948098076613e-38
2.2750149181724137490e-55
0
0
DERIV 19
-5.832930498998987605e-40
-2.055968965880023431e-56
0
0
DERIV 20
2.916465249499493701e-41
2.0475633060647813425e-57
0
0
DERIV 21
-1.3887929759521400319e-42
7.697848045427899878e-59
0
0
DERIV 22
6.312695345236999873e-44
-7.835242630369109488e-61
0
0
DERIV 23
-2.7446501501030433015e-45
-8.768837443480882875e-62
0
0
DERIV 24
1.1436042292096013756e-46
3.653682268117033991e-63
0
0
DERIV 25
-4.574416916838405721e-48
7.263059013762439235e-65
0
0
DERIV 26
1.7593911218609252482e-49
1.2822891647899979335e-67
0
0
DERIV 27
-6.516263414299723229e-51
8.317270444299814664e-68
0
0
DERIV 28
2.3272369336784725289e-52
2.328412199446382383e-69
0
0
DERIV 29
-8.024954943718870949e-54
7.958949961768600372e-71
0
0
DERIV 30
2.6749849812396236739e-55
-5.067831074943323221e-72
0
0
DERIV 31
-8.628983810450399131e-57
3.460525967487102787e-73
0
0
DERIV 32
2.6965574407657497283e-58
-1.0814143648397196209e-74
0
0
DERIV 33
-8.171386184138635373e-60
1.6021199312535610684e-76
0
0
DERIV 34
2.4033488776878339942e-61
-1.0808236424930082604e-77
0
0
DERIV 35
-6.866711079108096509e-63
-3.080624275087437188e-79
0
0
AT 52
2.6102790696677047449e-23
5.984495845470894796e-40
0
0
DERIV 1
-2.6102790696677047449e-23
-5.984495845470894796e-40
0
0
DERIV 2
1.3051395348338523724e-23
2.9922479227354473979e-40
0
0
DERIV 3
-4.350465116112841241e-24
-9.974159742451490647e-41
0
0
DERIV 4
1.0876162790282103104e-24
2.493539935612872662e-41
0
0
DERIV 5
-2.175232558056420804e-25
1.3380019360372496479e-41
0
0
DERIV 6
3.625387596760700958e-26
1.5964757798542176290e-42
0
0
DERIV 7
-5.179125138229573002e-27
-2.307802176937214188e-44
0
0
DERIV 8
6.473906422786966253e-28
2.884752721171517735e-45
0
0
DERIV 9
-7.193229358652184850e-29
9.250705548252243147e-46
0
0
DERIV 10
7.193229358652184569e-30
1.8775263738244099827e-46
0
0
DERIV 11
-6.539299416956531825e-31
2.274119388355130463e-47
0
0
DERIV 12
5.449416180797109489e-32
1.7541152605499357360e-48
0
0
DERIV 13
-4.191858600613161514e-33
2.3349839230271376153e-49
0
0
DERIV 14
2.994184714723686735e-34
-1.0569280112840249552e-50
0
0
DERIV 15
-1.9961231431491243294e-35
-8.990401518659673681e-52
0
0
DERIV 16
1.2475769644682027058e-36
5.619000949162296051e-53
0
0
DERIV 17
-7.338688026283545206e-38
-4.533587281718720247e-54
0
0
DERIV 18
4.077048903490858955e-39
-2.5565772074884523929e-55
0
0
DERIV 19
-2.1458152123636098905e-40
4.869742581520112080e-57
0
0
DERIV 20
1.0729076061818048688e-41
5.211969882675715173e-58
0
0
DERIV 21
-5.109083838960975604e-43
-2.102582822433089743e-59
0
0
DERIV 22
2.322310835891352683e-44
-4.020293231546627903e-61
0
0
DERIV 23
-1.0097003634310228109e-45
-7.721852278681464116e-62
0
0
DERIV 24
4.207084847629262036e-47
-2.371534110206778347e-65
0
0
DERIV 25
-1.6828339390517048388e-48
2.525726707322779512e-65
0
0
DERIV 26
6.472438227121941615e-50
-2.4100506083493072351e-67
0
0
DERIV 27
-2.3971993433784968393e-51
-4.602508886814954746e-68
0
0
DERIV 28
8.561426226351774426e-53
1.6437531738624839849e-69
0
0
DERIV 29
-2.952215940121301726e-54
1.4316832539953834908e-70
0
0
DERIV 30
9.840719800404338966e-56
-3.564853636141049618e-72
0
0
DERIV 31
-3.174425742065915869e-57
1.8802494857573314789e-73
0
0
DERIV 32
9.920080443955987089e-59
-5.875779642991660872e-75
0
0
DERIV 33
-3.006084983016965768e-60
1.6130499562017021580e-76
0
0
DERIV 34
8.841426420638134612e-62
-4.744264577063829651e-78
0
0
DERIV 35
-2.526121834468038460e-63
1.3555041648753798488e-79
0
0
AT 53
9.602680054508675555e-24
4.749703304225080210e-40
0
0
DERIV 1
-9.602680054508675555e-24
-4.749703304225080210e-40
0
0
DERIV 2
4.801340027254337778e-24
2.3748516521125401051e-40
0
0
DERIV 3
-1.6004466757514459259e-24
-7.916172173708467017e-41
0
0
DERIV 4
4.001116689378614815e-25
1.9790430434271167543e-41
0
0
DERIV 5
-8.002233378757229859e-26
-1.6621986829044534744e-42
0
0
DERIV 6
1.3337055631262048808e-26
1.2336528654631507526e-42
0
0
DERIV 7
-1.9052936616088643717e-27
8.000130983894502825e-44
0
0
DERIV 8
2.381617077011080465e-28
-1.0000163729868128531e-44
0
0
DERIV 9
-2.646241196678978045e-29
-1.3800679665921050078e-45
0
0
DERIV 10
2.6462411966789783252e-30
-1.4225289620575290952e-46
0
0
DERIV 11
-2.405673815162707529e-31
8.951119926872944051e-48
0
0
DERIV 12
2.0047281793022560913e-32
1.0786807148501936582e-48
0
0
DERIV 13
-1.5420985994632738638e-33
-1.3560834466413813558e-49
0
0
DERIV 14
1.1014989996166243717e-34
-8.641219107479474916e-51
0
0
DERIV 15
-7.343326664110829234e-36
6.651734308350381727e-52
0
0
DERIV 16
4.589579165069268271e-37
-4.157333942718988579e-53
0
0
DERIV 17
-2.699752450040745980e-38
1.8313442516701322353e-54
0
0
DERIV 18
1.4998624722448587330e-39
4.326541864051542387e-56
0
0
DERIV 19
-7.894013011815046553e-41
3.625697468589958789e-57
0
0
DERIV 20
3.947006505907523022e-42
7.360983235169441602e-59
0
0
DERIV 21
-1.8795269075750109058e-43
-9.194844080315634770e-60
0
0
DERIV 22
8.543304125340958889e-45
1.9165599354666915787e-61
0
0
DERIV 23
-3.714480054496069319e-46
1.5341645359399162768e-62
0
0
DERIV 24
1.5477000227066955496e-47
-6.392352233082984037e-64
0
0
DERIV 25
-6.190800090826782107e-49
1.6453663896402530952e-65
0
0
DERIV 26
2.381076958010300884e-50
-1.3632615149200819039e-66
0
0
DERIV 27
-8.818803548186298689e-52
-3.743075635258770085e-68
0
0
DERIV 28
3.149572695780820960e-53
1.3368127268781320997e-69
0
0
DERIV 29
-1.0860595502692487170e-54
6.382021754720243827e-71
0
0
DERIV 30
3.620198500897495572e-56
-6.180607384356291224e-73
0
0
DERIV 31
-1.1678059680314501938e-57
2.9066151924160126173e-74
0
0
DERIV 32
3.649393650098281855e-59
-9.083172476300039429e-76
0
0
DERIV 33
-1.1058768636661459498e-60
-3.947096674164162881e-77
0
0
DERIV 34
3.252579010782782180e-62
1.4149157440216493456e-78
0
0
DERIV 35
-9.293082887950806922e-64
2.8971618917104664933e-80
0
0
AT 54
3.532628572200807111e-24
-8.094096174283543790e-41
0
0
DERIV 1
-3.532628572200807111e-24
8.094096174283543790e-41
0
0
DERIV 2
1.7663142861004035553e-24
-4.047048087141771895e-41
0
0
DERIV 3
-5.887714287001345491e-25
4.410199234313631017e-41
0
0
DERIV 4
1.4719285717503363726e-25
-1.1025498085784077543e-41
0
0
DERIV 5
-2.943857143500672630e-26
1.0571559151819254596e-42
0
0
DERIV 6
4.906428572501120573e-27
3.0211722329255001016e-43
0
0
DERIV 7
-7.009183675001600946e-28
-3.034773165368024395e-44
0
0
DERIV 8
8.761479593752001182e-29
3.793466456710030494e-45
0
0
DERIV 9
-9.734977326391112892e-30
4.560321514049120178e-47
0
0
DERIV 10
9.734977326391112892e-31
-4.560321514049120422e-48
0
0
DERIV 11
-8.849979387628284945e-32
5.390776616067026169e-48
0
0
DERIV 12
7.374982823023569875e-33
4.630723030392172918e-49
0
0
DERIV 13
-5.673063710018130936e-34
-9.304493857493555885e-51
0
0
DERIV 14
4.052188364298664878e-35
1.4282537641330241340e-51
0
0
DERIV 15
-2.7014589095324432076e-36
-1.3976299611040486599e-52
0
0
DERIV 16
1.6884118184577770047e-37
8.735187256900304125e-54
0
0
DERIV 17
-9.931834226222218826e-39
6.376897733585452110e-55
0
0
DERIV 18
5.517685681234565743e-40
-8.238441014369771516e-57
0
0
DERIV 19
-2.904045095386613361e-41
-1.4445693576314292978e-57
0
0
DERIV 20
1.4520225476933068717e-42
-1.1894256145432280481e-58
0
0
DERIV 21
-6.914393084253842104e-44
4.241528005742348555e-60
0
0
DERIV 22
3.142905947388109708e-45
1.4664046944050098014e-61
0
0
DERIV 23
-1.3664808466904825324e-46
-1.3025623035045462590e-63
0
0
DERIV 24
5.693670194543676813e-48
4.594176531317741740e-64
0
0
DERIV 25
-2.2774680778174709835e-49
7.451238143195685590e-66
0
0
DERIV 26
8.759492606990273014e-51
-2.8658608243060329700e-67
0
0
DERIV 27
-3.2442565211075083861e-52
-3.123501208819957248e-69
0
0
DERIV 28
1.1586630432526815665e-53
1.1155361460071275425e-70
0
0
DERIV 29
-3.995389804319591334e-55
-3.1325978397843567679e-71
0
0
DERIV 30
1.3317966014398638383e-56
4.404873413396713938e-73
0
0
DERIV 31
-4.296118069160851274e-58
4.048148422161229261e-75
0
0
DERIV 32
1.3425368966127660231e-59
-1.2650463819253841442e-76
0
0
DERIV 33
-4.068293626099290728e-61
-2.1289925548379643837e-77
0
0
DERIV 34
1.1965569488527325670e-62
6.261742808346954070e-79
0
0
DERIV 35
-3.418734139579235867e-64
-2.1746126128801318869e-80
0
0
AT 55
1.2995814250075031197e-24
-4.605270636669060651e-41
0
0
DERIV 1
-1.2995814250075031197e-24
4.605270636669060651e-41
0
0
DERIV 2
6.497907125037515598e-25
-2.302635318334530325e-41
0
0
DERIV 3
-2.165969041679171560e-25
-2.2936380991548635252e-41
0
0
DERIV 4
5.414922604197928900e-26
5.734095247887158813e-42
0
0
DERIV 5
-1.0829845208395859522e-26
5.750965033849034382e-43
0
0
DERIV 6
1.8049742013993098007e-27
2.372805172490048368e-44
0
0
DERIV 7
-2.578534573427585686e-28
2.2234021672668015196e-44
0
0
DERIV 8
3.223168216784482107e-29
-2.7792527090835018995e-45
0
0
DERIV 9
-3.581298018649423941e-30
-3.1399346091286294454e-46
0
0
DERIV 10
3.581298018649424116e-31
1.3883115287226080581e-47
0
0
DERIV 11
-3.255725471499476768e-32
1.7236197700351655213e-48
0
0
DERIV 12
2.7131045595828971924e-33
-2.959701987233010304e-50
0
0
DERIV 13
-2.087003507371459379e-34
2.2766938363330847352e-51
0
0
DERIV 14
1.4907167909796138420e-35
-1.6262098830950603927e-52
0
0
DERIV 15
-9.938111939864092837e-37
6.652399734755448352e-53
0
0
DERIV 16
6.211319962415058023e-38
-4.157749834222155220e-54
0
0
DERIV 17
-3.653717624950033862e-39
-2.411548784569483834e-56
0
0
DERIV 18
2.0298431249722410800e-40
-3.191712111349262376e-57
0
0
DERIV 19
-1.0683384868274952784e-41
-1.0032536864603078568e-58
0
0
DERIV 20
5.341692434137476233e-43
2.094718754362606029e-59
0
0
DERIV 21
-2.543663063874988825e-44
4.249183709574961105e-61
0
0
DERIV 22
1.1562104835795403748e-45
-1.9314471407158913326e-62
0
0
DERIV 23
-5.027002102519740971e-47
2.953555576758655896e-63
0
0
DERIV 24
2.0945842093832253034e-48
-2.177875974350613815e-65
0
0
DERIV 25
-8.378336837532901024e-50
-1.0279631594117143289e-66
0
0
DERIV 26
3.222437245204961841e-51
1.3084058060967938395e-67
0
0
DERIV 27
-1.1934952760018378013e-52
3.396732904872811253e-69
0
0
DERIV 28
4.262483128577991816e-54
2.0986723113734793613e-70
0
0
DERIV 29
-1.4698217684751695793e-55
-8.485860256988096610e-72
0
0
DERIV 30
4.899405894917232195e-57
1.8738035433824096518e-74
0
0
DERIV 31
-1.5804535144894297290e-58
-1.7455413495319658535e-75
0
0
DERIV 32
4.938917232779467903e-60
5.454816717287393292e-77
0
0
DERIV 33
-1.4966415856907479489e-61
8.291704179415604877e-78
0
0
DERIV 34
4.401887016737493681e-63
4.188192485487191786e-80
0
0
DERIV 35
-1.2576820047821410470e-64
-1.6785554732583074133e-81
0
0
AT 56
4.780892883885468821e-25
2.599771917525214845e-41
0
0
DERIV 1
-4.780892883885468821e-25
-2.599771917525214845e-41
0
0
DERIV 2
2.390446441942734411e-25
1.2998859587626074224e-41
0
0
DERIV 3
-7.968154806475781369e-26
-4.332953195875358287e-42
0
0
DERIV 4
1.9920387016189453422e-26
1.0832382989688395718e-42
0
0
DERIV 5
-3.984077403237890684e-27
-2.1664765979376790640e-43
0
0
DERIV 6
6.640129005396484773e-28
6.213576060031887716e-45
0
0
DERIV 7
-9.485898579137835710e-29
2.3153141955950263995e-45
0
0
DERIV 8
1.1857373223922294638e-29
-2.8941427444937829994e-46
0
0
DERIV 9
-1.3174859137691438292e-30
1.2694662934308464247e-47
0
0
DERIV 10
1.3174859137691438292e-31
-1.2694662934308463032e-48
0
0
DERIV 11
-1.1977144670628580265e-32
1.1540602667553147693e-49
0
0
DERIV 12
9.980953892190483554e-34
-9.617168889627623077e-51
0
0
DERIV 13
-7.677656840146525318e-35
-4.194552627121928329e-51
0
0
DERIV 14
5.484040600104660941e-36
2.9961090193728062672e-52
0
0
DERIV 15
-3.656027066736440627e-37
-1.9974060129152041626e-53
0
0
DERIV 16
2.2850169167102753922e-38
1.2483787580720026017e-54
0
0
DERIV 17
-1.3441275980648680313e-39
8.010253112514160479e-56
0
0
DERIV 18
7.467375544804821603e-41
3.479916895129229035e-57
0
0
DERIV 19
-3.930197655160432758e-42
1.5223424996845158560e-58
0
0
DERIV 20
1.9650988275802162994e-43
3.537470572396820497e-61
0
0
DERIV 21
-9.357613464667696367e-45
-3.131791588143249540e-61
0
0
DERIV 22
4.253460665758043874e-46
7.163808039445290441e-63
0
0
DERIV 23
-1.8493307242426279087e-47
1.0624974529757964774e-63
0
0
DERIV 24
7.705544684344281940e-49
5.701532874744633622e-65
0
0
DERIV 25
-3.082217873737713004e-50
-1.6768909155016044142e-69
0
0
DERIV 26
1.1854684129760434174e-51
4.571626381290294231e-68
0
0
DERIV 27
-4.390623751763124077e-53
1.3978101695394088851e-69
0
0
DERIV 28
1.5680799113439728847e-54
-4.992179176926460074e-71
0
0
DERIV 29
-5.407172108082664683e-56
-2.650266046010667650e-72
0
0
DERIV 30
1.8023907026942215986e-57
5.061020537191096446e-74
0
0
DERIV 31
-5.814163557078134160e-59
-1.9178594184621829227e-75
0
0
DERIV 32
1.8169261115869169251e-60
5.993310682694321634e-77
0
0
DERIV 33
-5.505836701778536713e-62
3.941290951064683728e-78
0
0
DERIV 34
1.6193637358172166167e-63
-5.241908271444331225e-80
0
0
DERIV 35
-4.626753530906333166e-65
1.2567235531388253998e-81
0
0
AT 57
1.7587922024243116074e-25
4.166260367978977046e-42
0
0
DERIV 1
-1.7587922024243116074e-25
-4.166260367978977046e-42
0
0
DERIV 2
8.793961012121558037e-26
2.0831301839894885230e-42
0
0
DERIV 3
-2.931320337373852488e-26
-2.6076162312879797485e-42
0
0
DERIV 4
7.328300843434631219e-27
6.519040578219949371e-43
0
0
DERIV 5
-1.4656601686869263514e-27
-2.276108950425303339e-44
0
0
DERIV 6
2.442766947811543770e-28
1.8740698536840220159e-44
0
0
DERIV 7
-3.489667068302205705e-29
5.257252703366931379e-46
0
0
DERIV 8
4.362083835377757132e-30
-6.571565879208664223e-47
0
0
DERIV 9
-4.846759817086396813e-31
7.301739865787404828e-48
0
0
DERIV 10
4.846759817086396485e-32
2.5541192891825494665e-48
0
0
DERIV 11
-4.406145288260360441e-33
-2.3219266265295904241e-49
0
0
DERIV 12
3.671787740216967319e-34
-9.160101686570165505e-51
0
0
DERIV 13
-2.824452107859205753e-35
1.9382069190094875534e-51
0
0
DERIV 14
2.0174657913280038708e-36
1.0019635490041121459e-52
0
0
DERIV 15
-1.3449771942186693168e-37
2.8056777250434574710e-55
0
0
DERIV 16
8.406107463866683230e-39
-1.7535485781521609193e-56
0
0
DERIV 17
-4.944769096392166846e-40
2.502158911949584513e-56
0
0
DERIV 18
2.747093942440092636e-41
-8.236556049026751724e-58
0
0
DERIV 19
-1.4458389170737328990e-42
-2.372725915806772140e-59
0
0
DERIV 20
7.229194585368665092e-44
-4.787731708843309858e-60
0
0
DERIV 21
-3.442473612080316651e-45
1.6872041206052770772e-61
0
0
DERIV 22
1.5647607327637801723e-46
4.706204833904420482e-63
0
0
DERIV 23
-6.803307533755565597e-48
-5.745318927871826362e-64
0
0
DERIV 24
2.8347114723981525852e-49
-1.3826851225601873466e-66
0
0
DERIV 25
-1.1338845889592610246e-50
-3.964827255519048702e-68
0
0
DERIV 26
4.361094572920234539e-52
1.864434656298773377e-68
0
0
DERIV 27
-1.6152202121926795876e-53
5.973874481372904675e-70
0
0
DERIV 28
5.768643614973855670e-55
-2.1335266004903231556e-71
0
0
DERIV 29
-1.9891874534392604665e-56
-3.572279576203538874e-73
0
0
DERIV 30
6.630624844797535077e-58
-6.958399493543854911e-75
0
0
DERIV 31
-2.138911240257269380e-59
2.2446449979173726211e-76
0
0
DERIV 32
6.684097625803966812e-61
-7.014515618491789441e-78
0
0
DERIV 33
-2.025484129031505016e-62
-5.725451529330771186e-79
0
0
DERIV 34
5.957306261857368170e-64
-3.0786366210209741726e-80
0
0
DERIV 35
-1.7020875033878194772e-65
8.796104631488497569e-82
0
0
AT 58
6.470234925645459878e-26
4.868226409854744611e-42
0
0
DERIV 1
-6.470234925645459878e-26
-4.868226409854744611e-42
0
0
DERIV 2
3.235117462822729939e-26
2.4341132049273723053e-42
0
0
DERIV 3
-1.0783724876075767898e-26
6.235585591594885789e-43
0
0
DERIV 4
2.6959312190189419744e-27
-1.5588963978987214471e-43
0
0
DERIV 5
-5.391862438037883949e-28
3.117792795797443193e-44
0
0
DERIV 6
8.986437396729805834e-29
2.2772704834032858270e-45
0
0
DERIV 7
-1.2837767709614007934e-29
-7.256953445789886114e-46
0
0
DERIV 8
1.6047209637017509917e-30
9.071191807237357643e-47
0
0
DERIV 9
-1.7830232930019457167e-31
6.950566829239254388e-48
0
0
DERIV 10
1.7830232930019457714e-32
-1.2424388955508071071e-48
0
0
DERIV 11
-1.6209302663654049979e-33
-1.3586110614396373824e-49
0
0
DERIV 12
1.3507752219711710454e-34
-1.0060358835407253649e-50
0
0
DERIV 13
-1.0390578630547469169e-35
3.626791857863740218e-52
0
0
DERIV 14
7.421841878962477978e-37
-2.590565612759814375e-53
0
0
DERIV 15
-4.947894585974984831e-38
-3.145183594265688730e-54
0
0
DERIV 16
3.092434116234365520e-39
1.9657397464160554563e-55
0
0
DERIV 17
-1.8190788919025680607e-40
-7.676344987733558219e-58
0
0
DERIV 18
1.0105993843903156459e-41
-5.237863184707965973e-58
0
0
DERIV 19
-5.318944128370082347e-43
2.756770097214719096e-59
0
0
DERIV 20
2.659472064185040974e-44
6.129798403082058950e-61
0
0
DERIV 21
-1.2664152686595432989e-45
-5.141457076894245060e-62
0
0
DERIV 22
5.756433039361560715e-47
-3.148271573184431850e-64
0
0
DERIV 23
-2.5027969736354610349e-48
-1.3163533431256546833e-64
0
0
DERIV 24
1.0428320723481087646e-49
5.484805596356894865e-66
0
0
DERIV 25
-4.171328289392435391e-51
1.1295264724731716550e-67
0
0
DERIV 26
1.6043570343817058481e-52
2.788756164886688607e-69
0
0
DERIV 27
-5.942063090302614853e-54
4.977415090507696494e-70
0
0
DERIV 28
2.1221653893937908121e-55
2.922212571219284580e-72
0
0
DERIV 29
-7.317811687564796528e-57
5.237636409115220917e-73
0
0
DERIV 30
2.4392705625215986541e-58
1.4072100505049149989e-75
0
0
DERIV 31
-7.868614717811608597e-60
-9.734854046865354239e-78
0
0
DERIV 32
2.4589420993161276866e-61
3.042141889645423200e-79
0
0
DERIV 33
-7.451339694897356397e-63
-2.3820792953552066293e-79
0
0
DERIV 34
2.1915704984992226086e-64
-6.884780538859023639e-81
0
0
DERIV 35
-6.261629995712064867e-66
4.677931053647569836e-82
0
0
AT 59
2.3802664086944026775e-26
5.021999065419247115e-43
0
0
DERIV 1
-2.3802664086944026775e-26
-5.021999065419247115e-43
0
0
DERIV 2
1.1901332043472013388e-26
2.5109995327096235573e-43
0
0
DERIV 3
-3.967110681157338035e-27
1.5545495348778134147e-43
0
0
DERIV 4
9.917776702893345088e-28
-3.886373837194533537e-44
0
0
DERIV 5
-1.9835553405786688830e-28
-5.679717583129176558e-45
0
0
DERIV 6
3.305925567631114992e-29
-9.217783552448932311e-46
0
0
DERIV 7
-4.722750810901592545e-30
-1.6859562017747605917e-46
0
0
DERIV 8
5.903438513626990682e-31
2.1074452522184507396e-47
0
0
DERIV 9
-6.559376126252211990e-32
-1.1252009188496525180e-48
0
0
DERIV 10
6.559376126252212537e-33
-4.348621207419164013e-49
0
0
DERIV 11
-5.963069205683828802e-34
-3.822023513523510872e-50
0
0
DERIV 12
4.969224338069857335e-35
3.185019594602925529e-51
0
0
DERIV 13
-3.822480260053736720e-36
6.339442081041290279e-53
0
0
DERIV 14
2.730343042895526169e-37
1.4378197414263007138e-54
0
0
DERIV 15
-1.8202286952636841299e-38
7.815346971820726407e-56
0
0
DERIV 16
1.1376429345398025812e-39
-4.884591857387954004e-57
0
0
DERIV 17
-6.692017261998838713e-41
2.8732893278752671447e-58
0
0
DERIV 18
3.717787367777132760e-42
-1.5757088836663612312e-58
0
0
DERIV 19
-1.9567301935669117483e-43
-1.4764704589199381042e-59
0
0
DERIV 20
9.783650967834559240e-45
2.4039400723107773625e-61
0
0
DERIV 21
-4.658881413254552500e-46
3.670695121054084699e-62
0
0
DERIV 22
2.1176733696611601170e-47
-5.635589900634437547e-64
0
0
DERIV 23
-9.207275520265912561e-49
-7.458162038777860189e-65
0
0
DERIV 24
3.836364800110797059e-50
1.5249728918641421299e-66
0
0
DERIV 25
-1.5345459200443189184e-51
3.395676178303230261e-68
0
0
DERIV 26
5.902099692478149401e-53
1.5472062011813895261e-69
0
0
DERIV 27
-2.1859628490659814421e-54
1.2515123028519785788e-70
0
0
DERIV 28
7.807010175235647231e-56
3.292323843094401319e-72
0
0
DERIV 29
-2.692072474219188544e-57
-2.6966080629337093862e-73
0
0
DERIV 30
8.973574914063963465e-59
-7.519054777665496073e-75
0
0
DERIV 31
-2.894701585181923377e-60
-7.838101283236465249e-77
0
0
DERIV 32
9.045942453693510555e-62
2.449406651011395390e-78
0
0
DERIV 33
-2.741194682937427784e-63
2.6925953265303222667e-79
0
0
DERIV 34
8.062337302757139451e-65
2.994877498490653112e-81
0
0
DERIV 35
-2.3035249436448971967e-66
1.2527603033630609529e-82
0
0
AT 60
8.756510762697617758e-27
4.891843640381025012e-43
0
0
DERIV 1
-8.756510762697617758e-27
-4.891843640381025012e-43
0
0
DERIV 2
4.378255381348808879e-27
2.4459218201905125061e-43
0
0
DERIV 3
-1.4594184604496030793e-27
3.804674161603397318e-44
0
0
DERIV 4
3.648546151124007698e-28
-9.511685404008493296e-45
0
0
DERIV 5
-7.297092302248015396e-29
1.9023370808016987214e-45
0
0
DERIV 6
1.2161820503746691393e-29
6.171427960829282863e-46
0
0
DERIV 7
-1.7374029291066702491e-30
-3.811688285738913995e-47
0
0
DERIV 8
2.171753661383337811e-31
4.764610357173642494e-48
0
0
DERIV 9
-2.4130596237592642044e-32
-8.335023800342278538e-49
0
0
DERIV 10
2.4130596237592644097e-33
-1.2191809173165783265e-49
0
0
DERIV 11
-2.193690567053876581e-34
-4.467168155840243996e-51
0
0
DERIV 12
1.8280754725448971505e-35
3.722640129866870491e-52
0
0
DERIV 13
-1.4062119019576132441e-36
2.276362804125860872e-53
0
0
DERIV 14
1.0044370728268665433e-37
4.340019224937321967e-54
0
0
DERIV 15
-6.696247152179110549e-39
-2.832243627588047735e-56
0
0
DERIV 16
4.185154470111944093e-40
1.7701522672425298346e-57
0
0
DERIV 17
-2.461855570654084581e-41
-1.9033833506462125953e-57
0
0
DERIV 18
1.3676975392522693709e-42
-5.356567163290008549e-59
0
0
DERIV 19
-7.198408101327733269e-44
1.9902891631636588576e-61
0
0
DERIV 20
3.599204050663866883e-45
-2.5887205693026396948e-61
0
0
DERIV 21
-1.7139066907923175173e-46
7.697021105413506359e-63
0
0
DERIV 22
7.790484958146896922e-48
5.340864380864800977e-64
0
0
DERIV 23
-3.3871673731073467024e-49
-1.7529093611726328701e-66
0
0
DERIV 24
1.4113197387947278718e-50
-7.182594220977902147e-67
0
0
DERIV 25
-5.645278955178911458e-52
2.576301196336167164e-68
0
0
DERIV 26
2.171261136607273566e-53
-2.7757620038171399034e-70
0
0
DERIV 27
-8.041707913360272736e-55
3.711224172917966592e-71
0
0
DERIV 28
2.872038540485811627e-56
-6.786029846973657924e-73
0
0
DERIV 29
-9.903581174089005707e-58
3.3158377790024154186e-74
0
0
DERIV 30
3.301193724696335088e-59
3.686268404019800070e-76
0
0
DERIV 31
-1.0649012015149467625e-60
-5.200758426888968046e-77
0
0
DERIV 32
3.327816254734208633e-62
1.6252370084028025145e-78
0
0
DERIV 33
-1.0084291681012754537e-63
6.115595759932322157e-80
0
0
DERIV 34
2.965968141474339570e-65
-1.7987046352742123578e-81
0
0
DERIV 35
-8.474194689926683845e-67
-1.2614640790350678535e-83
0
0
AT 61
3.2213402860457349591e-27
1.6422894664918722645e-43
0
0
DERIV 1
-3.2213402860457349591e-27
-1.6422894664918722645e-43
0
0
DERIV 2
1.6106701430228674795e-27
8.211447332459361322e-44
0
0
DERIV 3
-5.368900476742891897e-28
2.5228761307315601869e-45
0
0
DERIV 4
1.3422251191857229744e-28
-6.307190326828900467e-46
0
0
DERIV 5
-2.684450238371446061e-29
1.2471825779964316661e-45
0
0
DERIV 6
4.474083730619076301e-30
2.5923572510886706633e-46
0
0
DERIV 7
-6.391548186598680555e-31
-2.452208158408085845e-47
0
0
DERIV 8
7.989435233248350694e-32
3.065260198010107306e-48
0
0
DERIV 9
-8.877150259164833952e-33
-4.926350810641457618e-49
0
0
DERIV 10
8.877150259164834636e-34
-1.9159268471945635683e-50
0
0
DERIV 11
-8.070136599240759052e-35
4.657494999368361915e-51
0
0
DERIV 12
6.725113832700632098e-36
5.733620173466909315e-53
0
0
DERIV 13
-5.173164486692794178e-37
2.128918361745041251e-53
0
0
DERIV 14
3.695117490494852686e-38
1.4623403555528675858e-54
0
0
DERIV 15
-2.4634116603299020301e-39
1.4177180678975473296e-55
0
0
DERIV 16
1.5396322877061887688e-40
-8.860737924359670810e-57
0
0
DERIV 17
-9.056660515918757464e-42
5.212198779035100685e-58
0
0
DERIV 18
5.031478064399309791e-43
-3.780717050093084733e-59
0
0
DERIV 19
-2.648146349683847206e-44
1.4658076871764747975e-60
0
0
DERIV 20
1.3240731748419235718e-45
-4.217530796951803307e-62
0
0
DERIV 21
-6.305110356390111691e-47
-3.547915642398970111e-63
0
0
DERIV 22
2.865959252904596223e-48
1.6126889283631682628e-64
0
0
DERIV 23
-1.2460692403933027552e-49
-2.0574817342260538095e-66
0
0
DERIV 24
5.191955168305428345e-51
-1.1209592244391022635e-67
0
0
DERIV 25
-2.0767820673221713824e-52
8.934884278581315170e-69
0
0
DERIV 26
7.987623335854505228e-54
-2.5448578593852602597e-70
0
0
DERIV 27
-2.9583790132794461123e-55
-1.7406242235837443239e-71
0
0
DERIV 28
1.0565639333140878973e-56
6.216515084227657941e-73
0
0
DERIV 29
-3.643323907979613488e-58
-1.6557121476417188833e-74
0
0
DERIV 30
1.2144413026598711773e-59
4.045134392069610816e-76
0
0
DERIV 31
-3.917552589225391073e-61
4.780688655454302493e-78
0
0
DERIV 32
1.2242351841329347102e-62
-1.4939652048294695291e-79
0
0
DERIV 33
-3.709803588281619986e-64
-3.0230139870925270574e-80
0
0
DERIV 34
1.0911187024357706587e-65
1.4496661197564755369e-82
0
0
DERIV 35
-3.117482006959344796e-67
1.5057028417121361622e-84
0
0
AT 62
1.1850648666557960086e-27
-8.049091490737192091e-44
0
0
DERIV 1
-1.1850648666557960086e-27
8.049091490737192091e-44
0
0
DERIV 2
5.925324333278980043e-28
-4.024545745368596046e-44
0
0
DERIV 3
-1.9751081110929931234e-28
-9.005622944635085901e-45
0
0
DERIV 4
4.937770277732482809e-29
2.2514057361587714753e-45
0
0
DERIV 5
-9.875540555464965898e-30
-1.7002145436679087700e-46
0
0
DERIV 6
1.6459234259108275328e-30
1.4511178108819990532e-46
0
0
DERIV 7
-2.351319179872610886e-31
-8.218661009699833013e-48
0
0
DERIV 8
2.939148974840763608e-32
1.0273326262124791266e-48
0
0
DERIV 9
-3.265721083156403857e-33
-2.6619868419774258439e-49
0
0
DERIV 10
3.265721083156404113e-34
9.613272028891812150e-52
0
0
DERIV 11
-2.968837348324003982e-35
2.3423927180029796623e-51
0
0
DERIV 12
2.4740311236033364292e-36
2.753099934076800638e-53
0
0
DERIV 13
-1.903100864310258760e-37
-5.330226764304504873e-54
0
0
DERIV 14
1.3593577602216134743e-38
-3.650185988923667717e-55
0
0
DERIV 15
-9.062385068144090155e-40
5.696109559948373652e-56
0
0
DERIV 16
5.663990667590056347e-41
-3.560068474967733533e-57
0
0
DERIV 17
-3.331759216229444910e-42
2.0941579264516080020e-58
0
0
DERIV 18
1.8509773423496915280e-43
-2.783700085106420756e-60
0
0
DERIV 19
-9.741986012366796861e-45
-5.085437089797822525e-61
0
0
DERIV 20
4.870993006183398430e-46
2.542718544898911090e-62
0
0
DERIV 21
-2.319520479134951680e-47
-7.477963846348132280e-64
0
0
DERIV 22
1.0543274905158871825e-48
-2.125619485556550053e-65
0
0
DERIV 23
-4.584032567460379178e-50
2.1627346996889085439e-66
0
0
DERIV 24
1.9100135697751578919e-51
8.798218197960047625e-69
0
0
DERIV 25
-7.640054279100631345e-53
-2.577452418330854736e-69
0
0
DERIV 26
2.938482415038704497e-54
-3.4612628766869338640e-71
0
0
DERIV 27
-1.0883268203847053157e-55
-4.084379129420668656e-72
0
0
DERIV 28
3.886881501373947637e-57
6.501640570407109831e-74
0
0
DERIV 29
-1.3403039659910165241e-58
7.516329845147022699e-75
0
0
DERIV 30
4.467679886636721710e-60
-2.1369667566983114259e-76
0
0
DERIV 31
-1.4411870602053940833e-61
5.221924656105305114e-78
0
0
DERIV 32
4.503709563141856510e-63
-1.6318514550329078482e-79
0
0
DERIV 33
-1.3647604736793504628e-64
5.456141279165443289e-81
0
0
DERIV 34
4.014001393174559937e-66
8.757697280644044628e-83
0
0
DERIV 35
-1.1468575409070171248e-67
-2.502199223041155647e-84
0
0
AT 63
4.359611036794056172e-28
3.389890558451282836e-44
0
0
DERIV 1
-4.359611036794056172e-28
-3.389890558451282836e-44
0
0
DERIV 2
2.179805518397028086e-28
1.6949452792256414181e-44
0
0
DERIV 3
-7.266018394656761034e-29
1.8237742123135530882e-45
0
0
DERIV 4
1.8165045986641902586e-29
-4.559435530783882720e-46
0
0
DERIV 5
-3.633009197328380237e-30
-1.8907098224928574422e-46
0
0
DERIV 6
6.055015328880634020e-31
2.3181123681139369831e-48
0
0
DERIV 7
-8.650021898400906212e-32
4.360688627071280402e-48
0
0
DERIV 8
1.0812527373001132765e-32
-5.450860783839100502e-49
0
0
DERIV 9
-1.2013919303334590821e-33
-5.347284114349923088e-50
0
0
DERIV 10
1.2013919303334592104e-34
-7.481986494092616489e-51
0
0
DERIV 11
-1.0921744821213264820e-35
-4.875523965308825812e-53
0
0
DERIV 12
9.101454017677720127e-37
5.974553476467809902e-53
0
0
DERIV 13
-7.001118475136708271e-38
2.2287600985444138163e-55
0
0
DERIV 14
5.000798910811934200e-39
2.6373619078176239138e-55
0
0
DERIV 15
-3.3338659405412895210e-40
-1.2144658995452054446e-56
0
0
DERIV 16
2.0836662128383059506e-41
7.590411872157534028e-58
0
0
DERIV 17
-1.2256860075519447987e-42
7.717519395626085631e-59
0
0
DERIV 18
6.809366708621914884e-44
2.3503721877040593212e-60
0
0
DERIV 19
-3.583877215064165630e-45
-2.2196193531907377525e-61
0
0
DERIV 20
1.7919386075320829708e-46
-4.459441428699165182e-63
0
0
DERIV 21
-8.533040988248013510e-48
-4.243008551109824149e-64
0
0
DERIV 22
3.878654994658187890e-49
2.619226995650632819e-65
0
0
DERIV 23
-1.6863717368079078815e-50
-1.0666741704812310087e-67
0
0
DERIV 24
7.026548903366282839e-52
4.444475710338462365e-69
0
0
DERIV 25
-2.810619561346513321e-53
1.6768240469301721674e-69
0
0
DERIV 26
1.0810075235948127378e-54
1.3524925643346592266e-71
0
0
DERIV 27
-4.003731568869676706e-56
-1.5071097362898788562e-72
0
0
DERIV 28
1.4299041317391701714e-57
1.3467962521416275039e-73
0
0
DERIV 29
-4.930703902548862690e-59
-4.339178917715380608e-75
0
0
DERIV 30
1.6435679675162876371e-60
7.094399225370675127e-77
0
0
DERIV 31
-5.301832153278347579e-62
1.3331031923393878190e-78
0
0
DERIV 32
1.6568225478994836184e-63
-4.165947476060586934e-80
0
0
DERIV 33
-5.020674387574192451e-65
-2.0599813287573203481e-81
0
0
DERIV 34
1.4766689375218213710e-66
-1.4252429379054199296e-84
0
0
DERIV 35
-4.219054107205203776e-68
-1.3711802834567901542e-84
0
0
AT 64
1.6038108905486379266e-28
-7.361325221284214211e-45
0
0
DERIV 1
-1.6038108905486379266e-28
7.361325221284214211e-45
0
0
DERIV 2
8.019054452743189633e-29
-3.680662610642107106e-45
0
0
DERIV 3
-2.673018150914396171e-29
-2.5099083679854763836e-45
0
0
DERIV 4
6.682545377285990427e-30
6.274770919963690959e-46
0
0
DERIV 5
-1.3365090754571981904e-30
-2.0398033574912541775e-47
0
0
DERIV 6
2.227515125761996984e-31
3.399672262485423629e-48
0
0
DERIV 7
-3.182164465374281406e-32
-4.856674660693462002e-49
0
0
DERIV 8
3.977705581717851757e-33
6.070843325866827502e-50
0
0
DERIV 9
-4.419672868575391031e-34
1.2260945354136915204e-50
0
0
DERIV 10
4.419672868575390924e-35
-1.5698865137681333981e-52
0
0
DERIV 11
-4.017884425977628235e-36
1.3576100058390100638e-52
0
0
DERIV 12
3.348237021648023529e-37
-1.1313416715325085410e-53
0
0
DERIV 13
-2.575566939729248989e-38
2.0749344183478110089e-54
0
0
DERIV 14
1.8396906712351778492e-39
-1.4820960131055792662e-55
0
0
DERIV 15
-1.2264604474901183894e-40
-7.792059513458808894e-57
0
0
DERIV 16
7.665377796813239934e-42
4.870037195911755559e-58
0
0
DERIV 17
-4.509045762831317842e-43
-5.219455400474262229e-60
0
0
DERIV 18
2.505025423795176745e-44
-1.3695009962921788373e-60
0
0
DERIV 19
-1.3184344335764088132e-45
7.207899980485151275e-62
0
0
DERIV 20
6.592172167882043288e-47
4.174819107083851604e-63
0
0
DERIV 21
-3.139129603753354178e-48
3.271007517834121237e-65
0
0
DERIV 22
1.4268770926151609901e-49
-1.4868215990155097732e-66
0
0
DERIV 23
-6.203813446152874128e-51
3.226761495702340636e-67
0
0
DERIV 24
2.5849222692303639727e-52
1.1283201439156389921e-68
0
0
DERIV 25
-1.0339689076921456633e-53
2.905131725712287421e-70
0
0
DERIV 26
3.976803491123636721e-55
3.3408221135330401575e-71
0
0
DERIV 27
-1.4728901818976432718e-56
-8.180971217332226712e-73
0
0
DERIV 28
5.260322078205868828e-58
2.9217754347615093715e-74
0
0
DERIV 29
-1.8139041648985756179e-59
5.934582001576771560e-76
0
0
DERIV 30
6.046347216328585301e-61
-1.0570026879821832849e-77
0
0
DERIV 31
-1.950434585912446788e-62
-4.947896382406936105e-79
0
0
DERIV 32
6.095108080976396212e-64
1.5462176195021675329e-80
0
0
DERIV 33
-1.8470024487807261247e-65
-4.685507937885356125e-82
0
0
DERIV 34
5.432360143472724323e-67
-2.8852983041342979674e-83
0
0
DERIV 35
-1.5521028981350640039e-68
-5.806749987043407915e-86
0
0
AT 66
2.1705220113036394660e-29
-5.402539683164097619e-46
0
0
DERIV 1
-2.1705220113036394660e-29
5.402539683164097619e-46
0
0
DERIV 2
1.0852610056518197330e-29
-2.7012698415820488095e-46
0
0
DERIV 3
-3.617536685506065777e-30
9.004232805273496680e-47
0
0
DERIV 4
9.043841713765164442e-31
-2.251058201318374170e-47
0
0
DERIV 5
-1.8087683427530329321e-31
8.881174103651801200e-48
0
0
DERIV 6
3.014613904588387855e-32
2.1690190669039110234e-48
0
0
DERIV 7
-4.306591292269125508e-33
-3.0985986670055869593e-49
0
0
DERIV 8
5.383239115336406884e-34
3.873248333756983699e-50
0
0
DERIV 9
-5.981376794818230822e-35
5.199554153931157858e-51
0
0
DERIV 10
5.981376794818230555e-36
-2.5267894438389622856e-52
0
0
DERIV 11
-5.437615268016573232e-37
2.297081312580874889e-53
0
0
DERIV 12
4.531346056680477345e-38
1.5659279557818171465e-54
0
0
DERIV 13
-3.485650812831136720e-39
1.8071190192440748305e-55
0
0
DERIV 14
2.4897505805936690277e-40
-7.081828291030423804e-57
0
0
DERIV 15
-1.6598337203957792838e-41
-2.0759732934781802058e-58
0
0
DERIV 16
1.0373960752473620524e-42
1.2974833084238626286e-59
0
0
DERIV 17
-6.102329854396247718e-44
2.750947857836960732e-60
0
0
DERIV 18
3.390183252442359567e-45
1.2374802024733070187e-61
0
0
DERIV 19
-1.7843069749696631552e-46
1.6004435795032777992e-62
0
0
DERIV 20
8.921534874848315047e-48
-7.096218687728639461e-65
0
0
DERIV 21
-4.248349940403959835e-49
3.231802488599588023e-65
0
0
DERIV 22
1.9310681547290724798e-50
2.5746573168378698041e-67
0
0
DERIV 23
-8.395948498822055034e-52
6.621535741939892292e-68
0
0
DERIV 24
3.498311874509189288e-53
3.320318997645625927e-70
0
0
DERIV 25
-1.3993247498036756342e-54
-9.442016053686984266e-71
0
0
DERIV 26
5.382018268475675447e-56
4.328135334404741054e-72
0
0
DERIV 27
-1.9933400994354355183e-57
7.396452037356110841e-75
0
0
DERIV 28
7.119071783697983994e-59
-2.6415900133414681135e-76
0
0
DERIV 29
-2.4548523392062014058e-60
3.769762698700736191e-77
0
0
DERIV 30
8.182841130687338019e-62
-1.2565875662335786345e-78
0
0
DERIV 31
-2.639626171189463964e-63
1.2759323353872878952e-79
0
0
DERIV 32
8.248831784967074888e-65
-3.987288548085274672e-81
0
0
DERIV 33
-2.499645995444567813e-66
-2.1460664522141739693e-82
0
0
DERIV 34
7.351899986601670279e-68
3.889580111468498658e-84
0
0
DERIV 35
-2.1005428533147631281e-69
8.006413585256969409e-86
0
0
AT 68
2.9374821117108028070e-30
1.3957530027117971343e-46
0
0
DERIV 1
-2.9374821117108028070e-30
-1.3957530027117971343e-46
0
0
DERIV 2
1.4687410558554014035e-30
6.978765013558985672e-47
0
0
DERIV 3
-4.895803519518004678e-31
-2.326255004519661891e-47
0
0
DERIV 4
1.2239508798795011696e-31
5.815637511299154726e-48
0
0
DERIV 5
-2.4479017597590025581e-32
1.0264013482476958192e-48
0
0
DERIV 6
4.079836266265004036e-33
5.700903055325139510e-50
0
0
DERIV 7
-5.828337523235720539e-34
4.072926461979280680e-50
0
0
DERIV 8
7.285421904044650674e-35
-5.091158077474100850e-51
0
0
DERIV 9
-8.094913226716277339e-36
-6.222111958771868676e-52
0
0
DERIV 10
8.094913226716277339e-37
6.222111958771868491e-53
0
0
DERIV 11
-7.359012024287525613e-38
1.9366161456965844576e-54
0
0
DERIV 12
6.132510020239604678e-39
-1.6138467880804869876e-55
0
0
DERIV 13
-4.717315400184310914e-40
-2.523178125321851222e-56
0
0
DERIV 14
3.369511000131650871e-41
-3.825416743231837695e-58
0
0
DERIV 15
-2.2463406667544338080e-42
-8.070334912061789814e-59
0
0
DERIV 16
1.4039629167215211300e-43
5.043959320038618634e-60
0
0
DERIV 17
-8.258605392479535766e-45
-5.895512671957372171e-61
0
0
DERIV 18
4.588114106933075426e-46
3.275284817754095603e-62
0
0
DERIV 19
-2.414796898385829171e-47
-1.7238341146074187666e-63
0
0
DERIV 20
1.2073984491929146768e-48
-4.965744628923133653e-66
0
0
DERIV 21
-5.749516424728164676e-50
-4.285234896603564217e-66
0
0
DERIV 22
2.6134165566946203880e-51
1.1385527019425463865e-67
0
0
DERIV 23
-1.1362680681280958934e-52
2.3069133298556224564e-69
0
0
DERIV 24
4.734450283867066223e-54
-9.612138874398427438e-71
0
0
DERIV 25
-1.8937801135468263007e-55
-1.4990956934200191071e-71
0
0
DERIV 26
7.283769667487794422e-57
-3.812369435605103102e-73
0
0
DERIV 27
-2.6976924694399237945e-58
7.569193020450966375e-75
0
0
DERIV 28
9.634615962285441965e-60
-1.1240981143723608425e-76
0
0
DERIV 29
-3.322281366305324935e-61
1.5788157022103926592e-77
0
0
DERIV 30
1.1074271221017748775e-62
4.812810973575543079e-79
0
0
DERIV 31
-3.572345555167016017e-64
1.2768702307071781129e-80
0
0
DERIV 32
1.1163579859896925053e-65
-3.990219470959931603e-82
0
0
DERIV 33
-3.382902987847553206e-67
2.8064601341136948915e-83
0
0
DERIV 34
9.949714670139862492e-69
-9.465484533150403813e-85
0
0
DERIV 35
-2.8427756200399604177e-70
-2.370373273673297746e-87
0
0
AT 70
3.975449735908646841e-31
-3.364838305916921630e-48
0
0
DERIV 1
-3.975449735908646841e-31
3.364838305916921630e-48
0
0
DERIV 2
1.987724867954323421e-31
-1.6824191529584608149e-48
0
0
DERIV 3
-6.625749559847745101e-32
4.210021135165364828e-48
0
0
DERIV 4
1.6564373899619362752e-32
-1.0525052837913412071e-48
0
0
DERIV 5
-3.312874779923872277e-33
-6.319004955517259844e-50
0
0
DERIV 6
5.521457966539786843e-34
3.904116516684551997e-50
0
0
DERIV 7
-7.887797095056838652e-35
-2.5227210694439934152e-51
0
0
DERIV 8
9.859746368821048315e-36
3.1534013368049917689e-52
0
0
DERIV 9
-1.0955273743134498313e-36
-1.6476926588859662289e-53
0
0
DERIV 10
1.0955273743134498731e-37
-2.5285022006330894102e-54
0
0
DERIV 11
-9.959339766485907463e-39
-2.4470376125143002578e-55
0
0
DERIV 12
8.299449805404922342e-40
7.476951733760687019e-56
0
0
DERIV 13
-6.384192158003786966e-41
-2.6146151683638545102e-58
0
0
DERIV 14
4.560137255716990963e-42
-2.5442564784867855726e-58
0
0
DERIV 15
-3.0400915038113270431e-43
-9.589821995628965993e-60
0
0
DERIV 16
1.9000571898820794020e-44
5.993638747268103745e-61
0
0
DERIV 17
-1.1176806999306350155e-45
3.795524593208340804e-62
0
0
DERIV 18
6.209337221836861414e-47
-4.269393967706418975e-63
0
0
DERIV 19
-3.268072222019400616e-48
9.676466446273213579e-65
0
0
DERIV 20
1.6340361110097002321e-49
2.758220973471231892e-66
0
0
DERIV 21
-7.781124338141429789e-51
-1.8301382715775351945e-68
0
0
DERIV 22
3.536874699155195696e-52
-3.288817488280495246e-68
0
0
DERIV 23
-1.5377716083283459246e-53
1.1275397108811319807e-69
0
0
DERIV 24
6.407381701368107778e-55
-2.2832343743175934223e-71
0
0
DERIV 25
-2.562952680547243220e-56
1.9999752391862427223e-72
0
0
DERIV 26
9.857510309797088327e-58
2.1035942374375770948e-74
0
0
DERIV 27
-3.650929744369291924e-59
-1.2704110101852161364e-75
0
0
DERIV 28
1.3039034801318899333e-60
8.485144947276089897e-77
0
0
DERIV 29
-4.496218897006516892e-62
-4.117107713556506202e-78
0
0
DERIV 30
1.4987396323355057207e-63
4.727683466964973890e-80
0
0
DERIV 31
-4.834643975275824688e-65
-3.701512951816938066e-81
0
0
DERIV 32
1.5108262422736952150e-66
1.1567227974427931457e-82
0
0
DERIV 33
-4.578261340223318983e-68
-2.0077492995571587509e-84
0
0
DERIV 34
1.3465474530068586152e-69
-3.1787801591872309453e-86
0
0
DERIV 35
-3.847278437162453209e-71
1.1380245807261743034e-87
0
0
AT 72
5.380186160021138245e-32
1.6916090256898303807e-48
0
0
DERIV 1
-5.380186160021138245e-32
-1.6916090256898303807e-48
0
0
DERIV 2
2.690093080010569122e-32
8.458045128449151903e-49
0
0
DERIV 3
-8.966976933368564653e-33
6.303688500964976918e-49
0
0
DERIV 4
2.2417442333421411633e-33
-1.5759221252412442294e-49
0
0
DERIV 5
-4.483488466684281985e-34
-2.692945784355218257e-51
0
0
DERIV 6
7.472480777807136997e-35
-3.114861982730391350e-51
0
0
DERIV 7
-1.0674972539724480852e-35
-1.2775501177255746948e-52
0
0
DERIV 8
1.3343715674655601065e-36
1.5969376471569683684e-53
0
0
DERIV 9
-1.4826350749617335445e-37
7.506057857645713958e-54
0
0
DERIV 10
1.4826350749617335967e-38
-1.2726301432044533579e-54
0
0
DERIV 11
-1.3478500681470303941e-39
-3.260872489047070094e-56
0
0
DERIV 12
1.1232083901225253284e-40
2.717393740872558789e-57
0
0
DERIV 13
-8.640064539404041576e-42
3.791882640433240108e-58
0
0
DERIV 14
6.171474671002886726e-43
-1.5705648066434200373e-59
0
0
DERIV 15
-4.114316447335257718e-44
5.136075997116400456e-62
0
0
DERIV 16
2.5714477795845360738e-45
-3.210047498197750285e-63
0
0
DERIV 17
-1.5126163409320801120e-46
7.052446115182009062e-63
0
0
DERIV 18
8.403424116289333010e-48
5.535339602899750313e-64
0
0
DERIV 19
-4.422854798047017694e-49
2.851703970455374441e-66
0
0
DERIV 20
2.211427399023508752e-50
8.069715760532111264e-67
0
0
DERIV 21
-1.0530606662016708342e-51
-3.842721790729577184e-68
0
0
DERIV 22
4.786639391825777109e-53
-4.154318062125635583e-69
0
0
DERIV 23
-2.0811475616633810873e-54
-8.396079473243109810e-71
0
0
DERIV 24
8.671448173597421801e-56
-2.538752938699845824e-72
0
0
DERIV 25
-3.468579269438968403e-57
-2.1539865021094109361e-73
0
0
DERIV 26
1.3340689497842187800e-58
-8.041781023425424343e-75
0
0
DERIV 27
-4.940996110311921305e-60
1.9548915132574822226e-76
0
0
DERIV 28
1.7646414679685431751e-61
7.823104975670896860e-78
0
0
DERIV 29
-6.084970579201872832e-63
-4.558865628484456769e-79
0
0
DERIV 30
2.0283235264006245021e-64
-7.293803517276927105e-81
0
0
DERIV 31
-6.542979117421369362e-66
2.3528398442828796548e-82
0
0
DERIV 32
2.0446809741941779255e-67
-7.352624513383998921e-84
0
0
DERIV 33
-6.196002952103569284e-69
3.562289109158679475e-86
0
0
DERIV 34
1.8223538094422261654e-70
8.414689948534264132e-87
0
0
DERIV 35
-5.206725169834932217e-72
7.555759457395581210e-89
0
0
AT 74
7.281290178321643462e-33
3.726649567668615330e-49
0
0
DERIV 1
-7.281290178321643462e-33
-3.726649567668615330e-49
0
0
DERIV 2
3.640645089160821731e-33
1.8633247838343076651e-49
0
0
DERIV 3
-1.2135483630536072436e-33
-6.211082612781025550e-50
0
0
DERIV 4
3.033870907634018109e-34
1.5527706531952563876e-50
0
0
DERIV 5
-6.067741815268036432e-35
-9.673295383167561100e-52
0
0
DERIV 6
1.0112903025446726941e-35
6.066823747348252680e-52
0
0
DERIV 7
-1.4447004322066754205e-36
5.651491307853543482e-53
0
0
DERIV 8
1.8058755402583442756e-37
-7.064364134816929352e-54
0
0
DERIV 9
-2.0065283780648268859e-38
-8.511124742014439499e-56
0
0
DERIV 10
2.0065283780648268206e-39
7.376416942199968839e-56
0
0
DERIV 11
-1.8241167073316608016e-40
-1.1444945485921378694e-57
0
0
DERIV 12
1.5200972561097173347e-41
9.537454571601150091e-59
0
0
DERIV 13
-1.1693055816228594269e-42
-6.860926932940289874e-59
0
0
DERIV 14
8.352182725877567620e-44
2.0558551107922562030e-60
0
0
DERIV 15
-5.568121817251712037e-45
1.5335037224736953395e-61
0
0
DERIV 16
3.4800761357823200231e-46
-9.584398265460595872e-63
0
0
DERIV 17
-2.0471036092837175605e-47
-4.371564197024096524e-64
0
0
DERIV 18
1.1372797829353986785e-48
-9.475550890345415678e-66
0
0
DERIV 19
-5.985683068081045426e-50
-2.0001204125501884021e-66
0
0
DERIV 20
2.992841534040523069e-51
-2.5607776983848305269e-67
0
0
DERIV 21
-1.4251626352573918760e-52
6.012169264972537903e-69
0
0
DERIV 22
6.478011978442690556e-54
-4.840307706059915685e-70
0
0
DERIV 23
-2.8165269471489956419e-55
-4.153595236474697223e-72
0
0
DERIV 24
1.1735528946454147753e-56
9.277063914220050397e-73
0
0
DERIV 25
-4.694211578581659582e-58
1.1000039449386706293e-74
0
0
DERIV 26
1.8054659917621766774e-59
4.272520019867335176e-76
0
0
DERIV 27
-6.686911080600654361e-61
-1.5824148221730871660e-77
0
0
DERIV 28
2.388182528785948048e-62
-5.172103173064349073e-80
0
0
DERIV 29
-8.235112168227407294e-64
2.5049024141289549126e-80
0
0
DERIV 30
2.745037389409135708e-65
-2.727169144040238142e-82
0
0
DERIV 31
-8.854959320674631742e-67
5.130618249380126177e-83
0
0
DERIV 32
2.767174787710822419e-68
-1.6033182029312894302e-84
0
0
DERIV 33
-8.385378144578249561e-70
2.9087075886296540945e-86
0
0
DERIV 34
2.4662876895818381772e-71
-1.5651838849096448576e-87
0
0
DERIV 35
-7.046536255948109257e-73
6.267279567050725184e-89
0
0
AT 76
9.854154686111257471e-34
5.579789539289404532e-50
0
0
DERIV 1
-9.854154686111257471e-34
-5.579789539289404532e-50
0
0
DERIV 2
4.927077343055628735e-34
2.789894769644702266e-50
0
0
DERIV 3
-1.6423591143518762452e-34
-9.299649232149007157e-51
0
0
DERIV 4
4.105897785879690613e-35
2.3249123080372517892e-51
0
0
DERIV 5
-8.211795571759381493e-36
-1.9770599059823079323e-52
0
0
DERIV 6
1.3686325952932302488e-36
3.295099843303846708e-53
0
0
DERIV 7
-1.955189421847471963e-37
1.3190692478933315495e-53
0
0
DERIV 8
2.443986777309339954e-38
-1.6488365598666644369e-54
0
0
DERIV 9
-2.7155408636770443206e-39
1.1070067922964577200e-55
0
0
DERIV 10
2.7155408636770443206e-40
-1.1070067922964576747e-56
0
0
DERIV 11
-2.468673512433676470e-41
-8.474098672300737901e-58
0
0
DERIV 12
2.0572279270280639372e-42
-1.4179476588182082109e-58
0
0
DERIV 13
-1.5824830207908183213e-43
1.7163748112989919705e-60
0
0
DERIV 14
1.1303450148505845152e-44
-1.2259820080707084764e-61
0
0
DERIV 15
-7.535633432337229687e-46
-3.331355513193622269e-62
0
0
DERIV 16
4.709770895210768554e-47
2.0820971957460139181e-63
0
0
DERIV 17
-2.770453467771040397e-48
-5.098026613463292077e-65
0
0
DERIV 18
1.5391408154283557131e-49
9.162615504652805406e-66
0
0
DERIV 19
-8.100741133833451809e-51
2.0493632346141671275e-67
0
0
DERIV 20
4.050370566916725459e-52
3.426365763517822181e-68
0
0
DERIV 21
-1.9287478890079645596e-53
-1.0796375435371441931e-69
0
0
DERIV 22
8.767035859127112425e-55
-2.9956947254435658774e-71
0
0
DERIV 23
-3.811754721359614098e-56
1.3024759675841591318e-72
0
0
DERIV 24
1.5882311338998392074e-57
-5.426983198267329978e-74
0
0
DERIV 25
-6.352924535599356334e-59
-2.781531216926426296e-75
0
0
DERIV 26
2.4434325136920603624e-60
-1.2685890176384855792e-76
0
0
DERIV 27
-9.049750050711334420e-62
2.1396130860404815597e-78
0
0
DERIV 28
3.232053589539761984e-63
2.3201983818049866380e-79
0
0
DERIV 29
-1.1145012377723318351e-64
3.632086069064761116e-81
0
0
DERIV 30
3.715004125907772608e-66
5.463376341835002532e-83
0
0
DERIV 31
-1.1983884277121847760e-67
4.613949936039428730e-84
0
0
DERIV 32
3.744963836600577425e-69
-1.4418593550123214780e-85
0
0
DERIV 33
-1.1348375262425991709e-70
-5.053102778679927380e-88
0
0
DERIV 34
3.337757430125291472e-72
2.2185254910937686673e-88
0
0
DERIV 35
-9.536449800357975725e-74
-5.440981455184897622e-90
0
0
AT 78
1.3336148155022613675e-34
-2.6038449748288670577e-51
0
0
DERIV 1
-1.3336148155022613675e-34
2.6038449748288670577e-51
0
0
DERIV 2
6.668074077511306837e-35
-1.3019224874144335289e-51
0
0
DERIV 3
-2.2226913591704357016e-35
1.3248957325022097745e-51
0
0
DERIV 4
5.556728397926089254e-36
-3.3122393312555244361e-52
0
0
DERIV 5
-1.1113456795852178508e-36
6.624478662511048687e-53
0
0
DERIV 6
1.8522427993086963484e-37
-4.080473004986654983e-54
0
0
DERIV 7
-2.646061141869565988e-38
-1.6543225311728291259e-54
0
0
DERIV 8
3.307576427336957485e-39
2.0679031639660364074e-55
0
0
DERIV 9
-3.675084919263286185e-40
-1.3913778949624677023e-56
0
0
DERIV 10
3.675084919263286491e-41
-1.6673585744118406696e-57
0
0
DERIV 11
-3.340986290239351182e-42
-2.221379263155472294e-59
0
0
DERIV 12
2.7841552418661258522e-43
1.5126915312066662185e-59
0
0
DERIV 13
-2.1416578783585584436e-44
-2.0622190433418302221e-61
0
0
DERIV 14
1.5297556273989703168e-45
1.4730136023870215872e-62
0
0
DERIV 15
-1.0198370849326469816e-46
9.389683061510554833e-63
0
0
DERIV 16
6.373981780829043635e-48
-5.868551913444096770e-64
0
0
DERIV 17
-3.749401047546495630e-49
-2.803814095180516270e-65
0
0
DERIV 18
2.0830005819702755876e-50
-8.162174391174407068e-67
0
0
DERIV 19
-1.0963160957738291941e-51
-1.951202784750179861e-68
0
0
DERIV 20
5.481580478869146342e-53
-2.733604758312331558e-69
0
0
DERIV 21
-2.610276418509117140e-54
-3.5417905140815527027e-71
0
0
DERIV 22
1.1864892811405078897e-55
-8.269017852319344356e-72
0
0
DERIV 23
-5.158649048436990480e-57
1.5012985145476985604e-74
0
0
DERIV 24
2.1494371035154128180e-58
-1.2416789848283822632e-74
0
0
DERIV 25
-8.597748414061650388e-60
-3.876720661103182146e-76
0
0
DERIV 26
3.306826313100634711e-61
2.0225029345839591330e-77
0
0
DERIV 27
-1.2247504863335685155e-62
2.904636466006428074e-79
0
0
DERIV 28
4.374108879762744795e-64
-2.0012282640976576501e-80
0
0
DERIV 29
-1.5083134068147394390e-65
-7.640175562739833200e-82
0
0
DERIV 30
5.027711356049132034e-67
-3.1636320316699224441e-83
0
0
DERIV 31
-1.6218423729190747900e-68
4.227455804714297214e-85
0
0
DERIV 32
5.068257415372108719e-70
-1.3210799389732178795e-86
0
0
DERIV 33
-1.5358355804157905757e-71
9.487176224304762815e-88
0
0
DERIV 34
4.517163471811148567e-73
-9.422166437422566934e-90
0
0
DERIV 35
-1.2906181348031853274e-74
4.936204566256837257e-91
0
0
AT 80
1.8048513878454152987e-35
-1.2636603623764077553e-51
0
0
DERIV 1
-1.8048513878454152987e-35
1.2636603623764077553e-51
0
0
DERIV 2
9.024256939227076493e-36
-6.318301811882038777e-52
0
0
DERIV 3
-3.0080856464090252751e-36
-1.2120332111615002019e-53
0
0
DERIV 4
7.520214116022563188e-37
3.030083027903750505e-54
0
0
DERIV 5
-1.5040428232045125540e-37
-8.958406324618861959e-54
0
0
DERIV 6
2.506738038674187764e-38
-2.4701347069646296518e-55
0
0
DERIV 7
-3.581054340963125377e-39
3.528763867092328203e-56
0
0
DERIV 8
4.476317926203906721e-40
-4.410954833865410254e-57
0
0
DERIV 9
-4.973686584671007355e-41
-6.427592663758094002e-58
0
0
DERIV 10
4.973686584671007737e-42
-3.1806613203420760647e-58
0
0
DERIV 11
-4.521533258791825216e-43
2.891510291220069069e-59
0
0
DERIV 12
3.767944382326521013e-44
-2.4095919093500576499e-60
0
0
DERIV 13
-2.898418755635785251e-45
4.174517892243962332e-62
0
0
DERIV 14
2.0702991111684181476e-46
-1.4094325776354868075e-62
0
0
DERIV 15
-1.3801994074456120822e-47
7.775640288960240990e-64
0
0
DERIV 16
8.626246296535075514e-49
-4.859775180600150619e-65
0
0
DERIV 17
-5.074262527373573329e-50
-2.1683739944609814655e-66
0
0
DERIV 18
2.819034737429763224e-51
-1.4330054880105099673e-67
0
0
DERIV 19
-1.4837024933840858685e-52
3.637706620384345386e-69
0
0
DERIV 20
7.418512466920429574e-54
-4.137107154371811316e-70
0
0
DERIV 21
-3.532624984247823676e-55
2.6600075271352787694e-71
0
0
DERIV 22
1.6057386292035561339e-56
-3.858507778954255148e-73
0
0
DERIV 23
-6.981472300885026608e-58
1.0624164882119918273e-74
0
0
DERIV 24
2.908946792035427901e-59
-1.9165796368244483956e-75
0
0
DERIV 25
-1.1635787168141710774e-60
-6.244032655928728360e-78
0
0
DERIV 26
4.475302756977581399e-62
-3.081448188269835156e-78
0
0
DERIV 27
-1.6575195396213263241e-63
-5.819074810762275688e-81
0
0
DERIV 28
5.919712641504736751e-65
1.4126467224678554242e-81
0
0
DERIV 29
-2.0412802212085298415e-66
-1.2141676934875723821e-82
0
0
DERIV 30
6.804267404028433189e-68
2.0371597815577978632e-85
0
0
DERIV 31
-2.1949249690414300030e-69
-6.468906885385773804e-86
0
0
DERIV 32
6.859140528254468759e-71
2.021533401683054314e-87
0
0
DERIV 33
-2.0785274328043845868e-72
5.298940544441211064e-89
0
0
DERIV 34
6.113315978836425255e-74
-1.5585119248356503772e-90
0
0
DERIV 35
-1.7466617082389785742e-75
-2.5600994508948942609e-92
0
0
AT 82
2.4426007377405277067e-36
-2.726469178563180566e-53
0
0
DERIV 1
-2.4426007377405277067e-36
2.726469178563180566e-53
0
0
DERIV 2
1.2213003688702638534e-36
-1.3632345892815902829e-53
0
0
DERIV 3
-4.071001229567546456e-37
3.238541436106567458e-53
0
0
DERIV 4
1.0177503073918866141e-37
-8.096353590266418644e-54
0
0
DERIV 5
-2.0355006147837730715e-38
5.319764573363773730e-56
0
0
DERIV 6
3.392501024639621568e-39
2.0864387464434453706e-55
0
0
DERIV 7
-4.846430035199459849e-40
1.6803049822225956581e-56
0
0
DERIV 8
6.058037543999324812e-41
-2.1003812277782445726e-57
0
0
DERIV 9
-6.731152826665916174e-42
-4.984064778151989477e-59
0
0
DERIV 10
6.731152826665916334e-43
-1.0946854333172534177e-59
0
0
DERIV 11
-6.119229842423560032e-44
-1.7203290000509952181e-60
0
0
DERIV 12
5.099358202019633567e-45
-6.407309259112179449e-62
0
0
DERIV 13
-3.922583232322795351e-46
3.484704211211100997e-62
0
0
DERIV 14
2.801845165944853475e-47
9.835903390127969614e-64
0
0
DERIV 15
-1.8678967772965689022e-48
-1.4660153403133675123e-64
0
0
DERIV 16
1.1674354858103555639e-49
9.162595876958546952e-66
0
0
DERIV 17
-6.867267563590327195e-51
-1.8987447269756897085e-67
0
0
DERIV 18
3.815148646439070747e-52
2.3059014816706734505e-69
0
0
DERIV 19
-2.0079729718100373204e-53
7.327302856624628668e-70
0
0
DERIV 20
1.0039864859050186023e-54
2.1319831821367815009e-71
0
0
DERIV 21
-4.780888028119136676e-56
3.728220859320287003e-72
0
0
DERIV 22
2.1731309218723346982e-57
-1.5106418398194073541e-74
0
0
DERIV 23
-9.448395312488412423e-59
7.577751182856299080e-75
0
0
DERIV 24
3.936831380203504808e-60
5.273689239835051157e-77
0
0
DERIV 25
-1.5747325520814018817e-61
-6.254836602379354343e-78
0
0
DERIV 26
6.056663661851546031e-63
-9.158969048904194429e-80
0
0
DERIV 27
-2.2432087636487208772e-64
1.5886667580459951457e-80
0
0
DERIV 28
8.011459870174002530e-66
3.503032602531734126e-83
0
0
DERIV 29
-2.7625723690255180685e-67
-5.751993114334443719e-84
0
0
DERIV 30
9.208574563418393905e-69
-1.5143740215338712391e-85
0
0
DERIV 31
-2.970507923683353039e-70
2.1490101970973869747e-86
0
0
DERIV 32
9.282837261510478245e-72
-6.715656865929334296e-88
0
0
DERIV 33
-2.8129809883365084164e-73
6.069476179525809979e-90
0
0
DERIV 34
8.273473495107377638e-75
-1.2075996451196234127e-91
0
0
DERIV 35
-2.3638495700306793250e-76
3.450284700341781179e-93
0
0
AT 84
3.305700626760734337e-37
-3.831150552708143109e-54
0
0
DERIV 1
-3.305700626760734337e-37
3.831150552708143109e-54
0
0
DERIV 2
1.6528503133803671684e-37
-1.9155752763540715546e-54
0
0
DERIV 3
-5.509501044601224243e-38
4.118687475050570169e-54
0
0
DERIV 4
1.3773752611503060607e-38
-1.0296718687626425423e-54
0
0
DERIV 5
-2.7547505223006118603e-39
-5.507780496741247080e-56
0
0
DERIV 6
4.591250870501020039e-40
-1.8009134455425108571e-56
0
0
DERIV 7
-6.558929815001457199e-41
2.572733493632158286e-57
0
0
DERIV 8
8.198662268751821498e-42
-3.215916867040197858e-58
0
0
DERIV 9
-9.109624743057579797e-43
7.113445210339002582e-59
0
0
DERIV 10
9.109624743057579000e-44
8.520143453232588033e-61
0
0
DERIV 11
-8.281477039143253976e-45
2.6198134739940238373e-61
0
0
DERIV 12
6.901230865952711128e-46
3.002668169889264748e-62
0
0
DERIV 13
-5.308639127655931637e-47
-2.3097447460686652735e-63
0
0
DERIV 14
3.791885091182808312e-48
1.6498176757633323382e-64
0
0
DERIV 15
-2.5279233941218721321e-49
-1.8595238701696721253e-65
0
0
DERIV 16
1.5799521213261700825e-50
1.1622024188560450783e-66
0
0
DERIV 17
-9.293836007801000835e-52
-3.345467263212103765e-68
0
0
DERIV 18
5.163242226556111987e-53
-2.2627472434237438065e-69
0
0
DERIV 19
-2.717495908713743121e-54
8.858862012520180502e-71
0
0
DERIV 20
1.3587479543568715603e-55
-4.429431006260090251e-72
0
0
DERIV 21
-6.470228354080340278e-57
-2.7420037892476007032e-73
0
0
DERIV 22
2.9410128882183367794e-58
-1.6478502559329235023e-74
0
0
DERIV 23
-1.2787012557471028034e-59
-7.254080300971058339e-76
0
0
DERIV 24
5.327921898946261911e-61
7.195551773794222798e-78
0
0
DERIV 25
-2.131168759578504868e-62
7.485181556595645102e-79
0
0
DERIV 26
8.196802921455787643e-64
2.350871014636143229e-81
0
0
DERIV 27
-3.035852933872514020e-65
6.938342545120334916e-82
0
0
DERIV 28
1.0842331906687550259e-66
-4.360514827405569666e-83
0
0
DERIV 29
-3.738735140237085955e-68
-1.9044123256458777792e-84
0
0
DERIV 30
1.2462450467456953871e-69
-5.153690338044460139e-87
0
0
DERIV 31
-4.020145312082887982e-71
-3.466101030050602366e-87
0
0
DERIV 32
1.2562954100259024945e-72
1.0831565718908132393e-88
0
0
DERIV 33
-3.806955787957280858e-74
2.430107026616708579e-90
0
0
DERIV 34
1.1196928788109650014e-75
-1.1478926665311842460e-91
0
0
DERIV 35
-3.1991225108884712792e-77
1.7456016250407010759e-93
0
0
AT 86
4.473779306181120725e-38
9.132016537443702501e-56
0
0
DERIV 1
-4.473779306181120725e-38
-9.132016537443702501e-56
0
0
DERIV 2
2.2368896530905603627e-38
4.566008268721851251e-56
0
0
DERIV 3
-7.456298843635201644e-39
4.198002703041621038e-55
0
0
DERIV 4
1.8640747109088004110e-39
-1.0495006757604052594e-55
0
0
DERIV 5
-3.728149421817600822e-40
2.099001351520810428e-56
0
0
DERIV 6
6.213582369696001370e-41
-3.498335585868017947e-57
0
0
DERIV 7
-8.876546242422858918e-42
3.1769457956600797236e-58
0
0
DERIV 8
1.1095682803028573648e-42
-3.971182244575099655e-59
0
0
DERIV 9
-1.2328536447809526718e-43
8.837680024895811251e-60
0
0
DERIV 10
1.2328536447809526718e-44
-8.837680024895812357e-61
0
0
DERIV 11
-1.1207760407099568329e-45
-6.108961972506402287e-62
0
0
DERIV 12
9.339800339249640922e-47
-1.3915059373500206157e-63
0
0
DERIV 13
-7.184461799422800055e-48
-5.474248279115968665e-64
0
0
DERIV 14
5.131758428159143005e-49
2.824969599853143234e-65
0
0
DERIV 15
-3.421172285439428733e-50
-1.2502752168514423100e-66
0
0
DERIV 16
2.1382326783996429583e-51
7.814220105321514437e-68
0
0
DERIV 17
-1.2577839284703783308e-52
7.403772778505472280e-69
0
0
DERIV 18
6.987688491502101709e-54
-2.8252882968476855075e-70
0
0
DERIV 19
-3.677730785001105896e-55
-1.1820484143659333251e-71
0
0
DERIV 20
1.8388653925005529478e-56
5.910242071829666626e-73
0
0
DERIV 21
-8.756501869050252537e-58
1.2283128878906553143e-74
0
0
DERIV 22
3.980228122295569456e-59
-1.7642472127343949543e-75
0
0
DERIV 23
-1.7305339662154648845e-60
-1.9417910320425343330e-77
0
0
DERIV 24
7.210558192564437307e-62
-2.0696432550137589030e-78
0
0
DERIV 25
-2.884223277025774772e-63
-6.834721951360242243e-80
0
0
DERIV 26
1.1093166450099134126e-64
-1.2637646439004075686e-81
0
0
DERIV 27
-4.108580166703382971e-66
7.760920354716859071e-84
0
0
DERIV 28
1.4673500595369224424e-67
4.429162640559452771e-84
0
0
DERIV 29
-5.059827791506628899e-69
-3.657321292386582183e-85
0
0
DERIV 30
1.6866092638355430735e-70
1.4669926632302128774e-87
0
0
DERIV 31
-5.440675044630784238e-72
8.240440979166724347e-89
0
0
DERIV 32
1.7002109514471200743e-73
-2.575137805989601358e-90
0
0
DERIV 33
-5.152154398324605750e-75
-4.575029899721883299e-91
0
0
DERIV 34
1.5153395289190019620e-76
-1.3616236316798100065e-92
0
0
DERIV 35
-4.329541511197147641e-78
-4.327995201837361662e-94
0
0
AT 88
6.054601895401185753e-39
1.3166710294579802881e-55
0
0
DERIV 1
-6.054601895401185753e-39
-1.3166710294579802881e-55
0
0
DERIV 2
3.027300947700592876e-39
6.583355147289901441e-56
0
0
DERIV 3
-1.0091003159001976799e-39
3.243302007568803443e-56
0
0
DERIV 4
2.5227507897504941996e-40
-8.108255018922008607e-57
0
0
DERIV 5
-5.045501579500988603e-41
3.660808650033940296e-57
0
0
DERIV 6
8.409169299168314339e-42
-6.101347750056567868e-58
0
0
DERIV 7
-1.2013098998811876944e-42
1.8886743095131581508e-59
0
0
DERIV 8
1.5016373748514846180e-43
-2.3608428868914476885e-60
0
0
DERIV 9
-1.6684859720572051864e-44
8.154727899089289600e-61
0
0
DERIV 10
1.6684859720572051242e-45
-1.9317126212281484971e-62
0
0
DERIV 11
-1.5168054291429136962e-46
-3.547603819787883748e-63
0
0
DERIV 12
1.2640045242857614945e-47
-5.146547959891791808e-64
0
0
DERIV 13
-9.723111725275088536e-49
5.127568307087199957e-65
0
0
DERIV 14
6.945079803767919976e-50
4.069802431204852833e-67
0
0
DERIV 15
-4.630053202511946413e-51
-2.6452120985202733409e-67
0
0
DERIV 16
2.8937832515699665084e-52
1.6532575615751708380e-68
0
0
DERIV 17
-1.7022254420999805036e-53
1.0730136498201686990e-69
0
0
DERIV 18
9.456808011666557709e-55
4.784070681647249113e-72
0
0
DERIV 19
-4.977267374561346115e-56
-7.284078821302085056e-73
0
0
DERIV 20
2.4886336872806731708e-57
-7.677559437882347931e-74
0
0
DERIV 21
-1.1850636606098443586e-58
2.813748627523336011e-75
0
0
DERIV 22
5.386653002772020214e-60
-5.298720558154566902e-76
0
0
DERIV 23
-2.3420230446834868092e-61
-9.931622482864242255e-79
0
0
DERIV 24
9.758429352847860985e-63
7.610624732698046882e-79
0
0
DERIV 25
-3.903371741139144475e-64
-2.2346090910391146442e-80
0
0
DERIV 26
1.5012968235150556160e-65
3.729020530197892164e-82
0
0
DERIV 27
-5.560358605611317267e-67
3.271078036909117919e-84
0
0
DERIV 28
1.985842359146898847e-68
1.6480526722137128462e-84
0
0
DERIV 29
-6.847732272920340898e-70
-5.239185284403489760e-86
0
0
DERIV 30
2.2825774243067803529e-71
1.2101911792315771012e-87
0
0
DERIV 31
-7.363152981634775535e-73
-1.8768619860434451653e-89
0
0
DERIV 32
2.3009853067608673545e-74
5.865193706385766141e-91
0
0
DERIV 33
-6.972682747760204328e-76
4.540746944123707243e-93
0
0
DERIV 34
2.0507890434588835130e-77
9.944572280445524207e-94
0
0
DERIV 35
-5.859397267025381500e-79
-2.4988751810412344868e-95
0
0
AT 90
8.194012623990514689e-40
7.410727010388848813e-56
0
0
DERIV 1
-8.194012623990514689e-40
-7.410727010388848813e-56
0
0
DERIV 2
4.097006311995257345e-40
3.705363505194424407e-56
0
0
DERIV 3
-1.3656687706650859175e-40
1.2431726243488445530e-57
0
0
DERIV 4
3.414171926662714794e-41
-3.1079315608721113825e-58
0
0
DERIV 5
-6.828343853325430097e-42
5.719480427798269280e-58
0
0
DERIV 6
1.1380573088875715236e-42
6.398451731660739753e-59
0
0
DERIV 7
-1.6257961555536736335e-43
-6.295838346778820896e-60
0
0
DERIV 8
2.0322451944420920419e-44
7.869797933473526120e-61
0
0
DERIV 9
-2.2580502160467690392e-45
1.6274722036868733188e-62
0
0
DERIV 10
2.2580502160467691170e-46
-9.406241301013300237e-63
0
0
DERIV 11
-2.0527729236788809049e-47
-2.4982594668720378672e-64
0
0
DERIV 12
1.7106441030657341887e-48
-8.046722706417086265e-65
0
0
DERIV 13
-1.3158800792813339913e-49
6.189786697243912917e-66
0
0
DERIV 14
9.399143423438099599e-51
-1.0300020174028668399e-67
0
0
DERIV 15
-6.266095615625400029e-52
3.654032932151848418e-68
0
0
DERIV 16
3.916309759765875018e-53
-2.2837705825949052610e-69
0
0
DERIV 17
-2.3037116233916909316e-54
-1.2135031619070098185e-70
0
0
DERIV 18
1.2798397907731617695e-55
-7.344927667580386801e-72
0
0
DERIV 19
-6.735998898806114219e-57
2.9114124129492241508e-74
0
0
DERIV 20
3.367999449403057251e-58
-1.5605204767141349757e-74
0
0
DERIV 21
-1.6038092616205033476e-59
-3.096850825666870298e-76
0
0
DERIV 22
7.290042098275014839e-61
5.176169381162517230e-77
0
0
DERIV 23
-3.169583520989137243e-62
1.3166046722509589965e-78
0
0
DERIV 24
1.3206598004121403382e-63
1.2506165022067764816e-79
0
0
DERIV 25
-5.282639201648561859e-65
5.778900392354543476e-83
0
0
DERIV 26
2.0317843083263698443e-66
9.914463391861866194e-83
0
0
DERIV 27
-7.525127067875443624e-68
-6.112347076437386679e-84
0
0
DERIV 28
2.687545381384087082e-69
1.4476157288036338867e-85
0
0
DERIV 29
-9.267397866841680702e-71
6.102095740047876261e-87
0
0
DERIV 30
3.089132622280559832e-72
1.9874974534226056169e-88
0
0
DERIV 31
-9.964943942840515891e-74
-3.370811316404651391e-90
0
0
DERIV 32
3.114044982137661216e-75
1.0533785363764535597e-91
0
0
DERIV 33
-9.436499945871700422e-77
-5.516437546452191739e-93
0
0
DERIV 34
2.775441160550500152e-78
1.3404794791209500785e-94
0
0
DERIV 35
-7.929831887287142950e-80
-7.254253216920435979e-96
0
0
AT 92
1.1089390193121364621e-40
-8.266595567437595465e-57
0
0
DERIV 1
-1.1089390193121364621e-40
8.266595567437595465e-57
0
0
DERIV 2
5.544695096560682311e-41
-4.133297783718797733e-57
0
0
DERIV 3
-1.8482316988535606003e-41
-3.215321106350164943e-58
0
0
DERIV 4
4.620579247133901501e-42
8.038302765875412359e-59
0
0
DERIV 5
-9.241158494267802683e-43
-4.793844375439986849e-59
0
0
DERIV 6
1.5401930823779671802e-43
1.3518576626814271115e-60
0
0
DERIV 7
-2.2002758319685245787e-44
1.6247834978043279098e-61
0
0
DERIV 8
2.7503447899606557233e-45
-2.030979372255409887e-62
0
0
DERIV 9
-3.0559386555118396062e-46
-6.386433027856686190e-63
0
0
DERIV 10
3.055938655511839606e-47
6.386433027856685920e-64
0
0
DERIV 11
-2.778126050465308512e-48
-2.7904624051819790024e-64
0
0
DERIV 12
2.3151050420544238865e-49
1.0593096382170094762e-65
0
0
DERIV 13
-1.7808500323495570184e-50
1.0112171524791848078e-66
0
0
DERIV 14
1.2720357373925406214e-51
3.374752198541312475e-68
0
0
DERIV 15
-8.480238249283604885e-53
5.168577502347300573e-69
0
0
DERIV 16
5.300148905802253053e-54
-3.230360938967062858e-70
0
0
DERIV 17
-3.1177346504719132410e-55
-1.2959097107817437894e-71
0
0
DERIV 18
1.7320748058177296286e-56
2.1685655716615137626e-73
0
0
DERIV 19
-9.116183188514367286e-58
7.050464655300998803e-74
0
0
DERIV 20
4.558091594257183643e-59
-3.525232327650499402e-75
0
0
DERIV 21
-2.1705198067891349759e-60
7.574907482425447278e-77
0
0
DERIV 22
9.865999121768795659e-62
-6.583564693864092350e-78
0
0
DERIV 23
-4.289564835551650193e-63
1.9237054587349918102e-79
0
0
DERIV 24
1.7873186814798540220e-64
1.4474582867495983045e-80
0
0
DERIV 25
-7.149274725919416552e-66
-1.1512660519769632744e-82
0
0
DERIV 26
2.7497210484305447263e-67
1.4564675145325361285e-83
0
0
DERIV 27
-1.0184152031224240566e-68
2.994288240123691052e-85
0
0
DERIV 28
3.637197154008657161e-70
7.690247676229778859e-87
0
0
DERIV 29
-1.2542059151753990627e-71
1.5083932496847979894e-88
0
0
DERIV 30
4.180686383917996750e-73
7.539301772212853984e-90
0
0
DERIV 31
-1.3486085109412893439e-74
4.535712733902304444e-91
0
0
DERIV 32
4.214401596691529200e-76
-1.4174102293444701387e-92
0
0
DERIV 33
-1.2770913929368270418e-77
5.457373200972287408e-94
0
0
DERIV 34
3.756151155696549876e-79
8.624090666576857143e-96
0
0
DERIV 35
-1.0731860444847285093e-80
-5.139269535988930280e-97
0
0
AT 94
1.5007857627073948029e-41
8.459576176456869597e-58
0
0
DERIV 1
-1.5007857627073948029e-41
-8.459576176456869597e-58
0
0
DERIV 2
7.503928813536974015e-42
4.229788088228434798e-58
0
0
DERIV 3
-2.5013096045123247778e-42
-3.478680886545101993e-59
0
0
DERIV 4
6.253274011280811944e-43
8.696702216362754983e-60
0
0
DERIV 5
-1.2506548022561623092e-43
-9.704799998934812161e-60
0
0
DERIV 6
2.0844246704269374310e-44
-8.717394446553212767e-61
0
0
DERIV 7
-2.977749529181339009e-45
-5.326623013098671983e-62
0
0
DERIV 8
3.722186911476673762e-46
6.658278766373339979e-63
0
0
DERIV 9
-4.135763234974081849e-47
-1.8201933486701527451e-63
0
0
DERIV 10
4.135763234974082092e-48
-6.106719942443558523e-65
0
0
DERIV 11
-3.759784759067347219e-49
-8.260171318883745071e-66
0
0
DERIV 12
3.133153965889455857e-50
2.2709422342002785472e-66
0
0
DERIV 13
-2.4101184352995816798e-51
7.639685987728095035e-68
0
0
DERIV 14
1.7215131680711296123e-52
1.0439679225997452636e-68
0
0
DERIV 15
-1.1476754453807531676e-53
2.3132292260535847614e-70
0
0
DERIV 16
7.172971533629707297e-55
-1.4457682662834904758e-71
0
0
DERIV 17
-4.219395019782180444e-56
-2.345670106477962702e-72
0
0
DERIV 18
2.3441083443234336427e-57
6.742834564581243143e-74
0
0
DERIV 19
-1.2337412338544388338e-58
3.898244208466049964e-75
0
0
DERIV 20
6.168706169272193727e-60
2.4725961959753308503e-76
0
0
DERIV 21
-2.9374791282248543694e-61
9.610530727018002603e-78
0
0
DERIV 22
1.3352177855567520253e-62
-8.293954219142021794e-79
0
0
DERIV 23
-5.805294719811965064e-64
9.659340016701043501e-81
0
0
DERIV 24
2.418872799921652110e-65
-4.024725006958767735e-82
0
0
DERIV 25
-9.675491199686608808e-67
5.299659282914190310e-83
0
0
DERIV 26
3.721342769110233714e-68
2.396488352882382698e-84
0
0
DERIV 27
-1.3782750996704569881e-69
-3.1563743557110142105e-86
0
0
DERIV 28
4.922411070251631871e-71
3.425293336623589414e-87
0
0
DERIV 29
-1.6973831276729767411e-72
1.1589784378634440405e-88
0
0
DERIV 30
5.657943758909921842e-74
2.420378176036276578e-90
0
0
DERIV 31
-1.8251431480354586587e-75
-7.807671535600891878e-92
0
0
DERIV 32
5.703572337610808309e-77
2.439897354875278712e-93
0
0
DERIV 33
-1.7283552538214570487e-78
-8.846366707865939173e-95
0
0
DERIV 34
5.083397805357227231e-80
-3.566924517986797034e-96
0
0
DERIV 35
-1.4523993729592077200e-81
4.171914738215165067e-98
0
0
AT 96
2.0310926627348109307e-42
-4.971158229958301987e-60
0
0
DERIV 1
-2.0310926627348109307e-42
4.971158229958301987e-60
0
0
DERIV 2
1.0155463313674054653e-42
-2.4855791149791509937e-60
0
0
DERIV 3
-3.3851544378913516839e-43
1.4104292297763485973e-59
0
0
DERIV 4
8.462886094728379210e-44
-3.526073074440871493e-60
0
0
DERIV 5
-1.6925772189456758917e-44
1.2030558371170656905e-60
0
0
DERIV 6
2.820962031576126071e-45
2.1435837900456516539e-61
0
0
DERIV 7
-4.029945759394466261e-46
1.3827483555498845092e-62
0
0
DERIV 8
5.037432199243082826e-47
-1.7284354444373556365e-63
0
0
DERIV 9
-5.597146888047869806e-48
1.9204838271526173364e-64
0
0
DERIV 10
5.597146888047869958e-49
-3.439774666474184967e-65
0
0
DERIV 11
-5.088315352770790094e-50
-4.642033004281485273e-66
0
0
DERIV 12
4.240262793975659005e-51
-2.0663690041986363801e-67
0
0
DERIV 13
-3.2617406107505068702e-52
1.0188675185085786516e-68
0
0
DERIV 14
2.329814721964647764e-53
-7.277625132204132674e-70
0
0
DERIV 15
-1.5532098146430985289e-54
6.783628291619121011e-71
0
0
DERIV 16
9.707561341519365806e-56
-4.239767682261950632e-72
0
0
DERIV 17
-5.710330200893744392e-57
4.964047221776078084e-74
0
0
DERIV 18
3.1724056671631914468e-58
-1.4549052812653435565e-74
0
0
DERIV 19
-1.6696871932437848440e-59
-5.142314651838168394e-76
0
0
DERIV 20
8.348435966218924496e-61
-1.9241661171113813126e-78
0
0
DERIV 21
-3.975445698199487979e-62
1.3253653229711769366e-78
0
0
DERIV 22
1.8070207719088581722e-63
-6.024387831687167757e-80
0
0
DERIV 23
-7.856612051777643127e-65
-8.381255318289603511e-81
0
0
DERIV 24
3.273588354907351830e-66
-1.7789092556612601494e-82
0
0
DERIV 25
-1.3094353419629407320e-67
7.115637022645040561e-84
0
0
DERIV 26
5.036289776780541039e-69
-3.609876597243869293e-86
0
0
DERIV 27
-1.8652925099187189511e-70
6.103248359597755780e-87
0
0
DERIV 28
6.661758963995424825e-72
-2.1797315569991985726e-88
0
0
DERIV 29
-2.2971582634466981073e-73
-3.317545726866711662e-90
0
0
DERIV 30
7.657194211488993887e-75
-8.577888104968534549e-92
0
0
DERIV 31
-2.4700626488674172840e-76
-7.130305178432986542e-93
0
0
DERIV 32
7.718945777710679013e-78
2.2282203682603082945e-94
0
0
DERIV 33
-2.3390744780941453278e-79
1.0499085088016378045e-95
0
0
DERIV 34
6.879630817923956461e-81
7.675319720946401597e-98
0
0
DERIV 35
-1.9656088051211303505e-82
-8.881057569830683131e-99
0
0
AT 98
2.7487850079102147471e-43
1.8281221358163003239e-59
0
0
DERIV 1
-2.7487850079102147471e-43
-1.8281221358163003239e-59
0
0
DERIV 2
1.3743925039551073736e-43
9.140610679081501620e-60
0
0
DERIV 3
-4.581308346517024579e-44
-3.046870226360500171e-60
0
0
DERIV 4
1.1453270866292561446e-44
7.617175565901250428e-61
0
0
DERIV 5
-2.2906541732585122893e-45
-1.5234351131802501202e-61
0
0
DERIV 6
3.817756955430854075e-46
-5.386451047505872729e-64
0
0
DERIV 7
-5.453938507758363381e-47
4.244147031389241097e-63
0
0
DERIV 8
6.817423134697954226e-48
-5.305183789236551371e-64
0
0
DERIV 9
-7.574914594108837016e-49
-4.233956940769839082e-65
0
0
DERIV 10
7.574914594108837776e-50
-3.362497255837999705e-66
0
0
DERIV 11
-6.886285994644397762e-51
8.987321085436819545e-68
0
0
DERIV 12
5.738571662203664802e-52
-7.489434237864017317e-69
0
0
DERIV 13
-4.414285894002818722e-53
-2.990434049671442466e-69
0
0
DERIV 14
3.153061352859156478e-54
-3.4781908328429658530e-71
0
0
DERIV 15
-2.1020409019061043428e-55
4.733641642915767334e-72
0
0
DERIV 16
1.3137755636913152143e-56
-2.958526026822354584e-73
0
0
DERIV 17
-7.728091551125383447e-58
7.566253805235696474e-76
0
0
DERIV 18
4.293384195069657864e-59
-3.972451010214292066e-75
0
0
DERIV 19
-2.2596758921419249150e-60
-6.728102480437527271e-77
0
0
DERIV 20
1.1298379460709625611e-61
-6.999351025894569723e-78
0
0
DERIV 21
-5.380180695576011990e-63
1.2767936896892132953e-79
0
0
DERIV 22
2.4455366798072779934e-64
1.2597319638687762603e-80
0
0
DERIV 23
-1.0632768173075123177e-65
9.190310338978222332e-82
0
0
DERIV 24
4.430320072114633998e-67
2.7595777399448174664e-83
0
0
DERIV 25
-1.7721280288458537722e-68
6.257482540833306431e-85
0
0
DERIV 26
6.815877034022513915e-70
3.532765472142607322e-86
0
0
DERIV 27
-2.5243989014898202961e-71
1.9683700499094693342e-87
0
0
DERIV 28
9.015710362463642658e-73
5.537386235771218567e-89
0
0
DERIV 29
-3.1088656422288426479e-74
1.6115614386372596220e-90
0
0
DERIV 30
1.0362885474096141587e-75
3.554042473898155124e-93
0
0
DERIV 31
-3.3428662819664971748e-77
-1.2281001903797675172e-93
0
0
DERIV 32
1.0446457131145303671e-78
3.837813094936773491e-95
0
0
DERIV 33
-3.1655930700440315290e-80
-2.8021821570610609472e-98
0
0
DERIV 34
9.310567853070680830e-82
1.4593807559995013770e-98
0
0
DERIV 35
-2.6601622437344804566e-83
1.7775698609763960974e-99
0
0
AT 100
3.720075976020836120e-44
-1.5705024907732008185e-60
0
0
DERIV 1
-3.720075976020836120e-44
1.5705024907732008185e-60
0
0
DERIV 2
1.8600379880104180600e-44
-7.852512453866004092e-61
0
0
DERIV 3
-6.200126626701393533e-45
2.6175041512886680308e-61
0
0
DERIV 4
1.5500316566753483833e-45
-6.543760378221670077e-62
0
0
DERIV 5
-3.1000633133506966111e-46
-2.470017438209514006e-63
0
0
DERIV 6
5.166772188917827685e-47
4.116695730349189785e-64
0
0
DERIV 7
-7.381103127025467774e-48
-4.060764165642039033e-64
0
0
DERIV 8
9.226378908781834718e-49
5.075955207052548791e-65
0
0
DERIV 9
-1.0251532120868705875e-49
6.904282671148113266e-67
0
0
DERIV 10
1.0251532120868705400e-50
4.057355605765088047e-67
0
0
DERIV 11
-9.319574655335186728e-52
-3.688505096150079893e-68
0
0
DERIV 12
7.766312212779322273e-53
3.073754246791733416e-69
0
0
DERIV 13
-5.974086317522555862e-54
3.1048193805978783817e-71
0
0
DERIV 14
4.267204512516111330e-55
-2.2177281289984845225e-72
0
0
DERIV 15
-2.844803008344074039e-56
-1.6632872738321100547e-72
0
0
DERIV 16
1.7780018802150462744e-57
1.0395545461450687842e-73
0
0
DERIV 17
-1.0458834589500271994e-58
-8.195835353892572150e-75
0
0
DERIV 18
5.810463660833485424e-60
-5.272798803856027683e-76
0
0
DERIV 19
-3.0581387688597287704e-61
-1.2247523813826755320e-77
0
0
DERIV 20
1.5290693844298643852e-62
6.123761906913377420e-79
0
0
DERIV 21
-7.281282782999354858e-64
3.509643552581758562e-80
0
0
DERIV 22
3.309673992272433988e-65
-1.2119398714196892834e-81
0
0
DERIV 23
-1.4389886922923626264e-66
7.561085950353110565e-83
0
0
DERIV 24
5.995786217884843727e-68
2.340275616118767958e-84
0
0
DERIV 25
-2.398314487153937347e-69
-2.3774263714985553032e-85
0
0
DERIV 26
9.224286489053605799e-71
2.956979326114601333e-87
0
0
DERIV 27
-3.416402403353187445e-72
2.191396257937853167e-90
0
0
DERIV 28
1.2201437154832812751e-73
-4.566578177484273319e-90
0
0
DERIV 29
-4.207392122356142362e-75
1.9132403001875236183e-91
0
0
DERIV 30
1.4024640407853805827e-76
1.4077088438115447896e-92
0
0
DERIV 31
-4.524077550920583453e-78
4.737784221004328332e-94
0
0
DERIV 32
1.4137742346626823290e-79
-1.4805575690638526036e-95
0
0
DERIV 33
-4.284164347462673554e-81
2.784110322729662949e-97
0
0
DERIV 34
1.2600483374890215130e-82
3.859872022429442712e-99
0
0
DERIV 35
-3.600138107111489946e-84
-2.0172104908628034366e-100
0
0
AT 102
5.034575358764982317e-45
7.953947080179478758e-62
0
0
DERIV 1
-5.034575358764982317e-45
-7.953947080179478758e-62
0
0
DERIV 2
2.5172876793824911586e-45
3.976973540089739379e-62
0
0
DERIV 3
-8.390958931274970010e-46
-6.511503911580864261e-62
0
0
DERIV 4
2.0977397328187425025e-46
1.6278759778952160653e-62
0
0
DERIV 5
-4.195479465637485102e-47
-2.2834058186246288468e-63
0
0
DERIV 6
6.992465776062475981e-48
-4.297208112007313745e-64
0
0
DERIV 7
-9.989236822946392956e-49
-6.883624177031561624e-65
0
0
DERIV 8
1.2486546028682991195e-49
8.604530221289452031e-66
0
0
DERIV 9
-1.3873940031869990217e-50
-9.560589134766058105e-67
0
0
DERIV 10
1.3873940031869990810e-51
3.625859293666184134e-68
0
0
DERIV 11
-1.2612672756245446528e-52
7.576987001930668566e-71
0
0
DERIV 12
1.0510560630204538001e-53
7.664371255582705649e-70
0
0
DERIV 13
-8.085046638618875274e-55
-7.010215313996137928e-71
0
0
DERIV 14
5.775033313299196883e-56
2.419959773189609344e-72
0
0
DERIV 15
-3.850022208866131406e-57
-1.0402666898862090918e-74
0
0
DERIV 16
2.4062638805413321289e-58
6.501666811788806824e-76
0
0
DERIV 17
-1.4154493414949012783e-59
2.2185597758996912647e-76
0
0
DERIV 18
7.863607452749450932e-61
4.908742208122887783e-77
0
0
DERIV 19
-4.138740764604974766e-62
3.325408901842047313e-78
0
0
DERIV 20
2.0693703823024871129e-63
1.0360982225459902291e-79
0
0
DERIV 21
-9.854144677630890853e-65
-6.540231222520794526e-81
0
0
DERIV 22
4.479156671650405412e-66
-1.8190757821407854527e-82
0
0
DERIV 23
-1.9474594224566978622e-67
-6.414613370081534028e-84
0
0
DERIV 24
8.114414260236241436e-69
-7.589494887780465767e-86
0
0
DERIV 25
-3.245765704094496343e-70
-2.0128211197493943396e-86
0
0
DERIV 26
1.2483714246517294553e-71
-1.5388326935144007440e-88
0
0
DERIV 27
-4.623597869080479138e-73
-2.6882454801107873065e-89
0
0
DERIV 28
1.6512849532430283198e-74
3.990484182912552268e-91
0
0
DERIV 29
-5.694086045665615404e-76
3.702343521717457862e-92
0
0
DERIV 30
1.8980286818885384168e-77
-7.227506046039726721e-94
0
0
DERIV 31
-6.122673167382381564e-79
-1.9213208286366138507e-95
0
0
DERIV 32
1.9133353648069942389e-80
6.004127589489418283e-97
0
0
DERIV 33
-5.797985953960588425e-82
-3.592794858440808036e-98
0
0
DERIV 34
1.7052899864589965526e-83
1.4870055056712117685e-99
0
0
DERIV 35
-4.872257104168562085e-85
8.132141451894698640e-102
0
0
AT 104
6.813556821545298352e-46
1.6128883226277641440e-62
0
0
DERIV 1
-6.813556821545298352e-46
-1.6128883226277641440e-62
0
0
DERIV 2
3.4067784107726491761e-46
8.064441613138820720e-63
0
0
DERIV 3
-1.1355928035908829939e-46
-9.170454785484962492e-63
0
0
DERIV 4
2.838982008977207485e-47
2.2926136963712406229e-63
0
0
DERIV 5
-5.677964017954414969e-48
-4.585227392742481246e-64
0
0
DERIV 6
9.463273363257359802e-49
-7.550862738644875357e-65
0
0
DERIV 7
-1.3518961947510512646e-49
-2.778150010164176121e-66
0
0
DERIV 8
1.6898702434388140807e-50
3.472687512705220151e-67
0
0
DERIV 9
-1.8776336038209045341e-51
-3.858541680783577488e-68
0
0
DERIV 10
1.8776336038209045341e-52
3.858541680783577900e-69
0
0
DERIV 11
-1.7069396398371860033e-53
2.8147453197775793586e-70
0
0
DERIV 12
1.4224496998643216694e-54
-2.3456210998146497336e-71
0
0
DERIV 13
-1.0941920768187090322e-55
7.377049509904630019e-72
0
0
DERIV 14
7.815657691562206726e-57
1.1990211206586299574e-73
0
0
DERIV 15
-5.210438461041470962e-58
-2.6859472218613183815e-74
0
0
DERIV 16
3.256524038150919351e-59
1.6787170136633239884e-75
0
0
DERIV 17
-1.9156023753828937686e-60
-6.623542506689880008e-77
0
0
DERIV 18
1.0642235418793855421e-61
-7.835145569742659922e-78
0
0
DERIV 19
-5.601176536207291929e-63
1.4657793896580031355e-80
0
0
DERIV 20
2.8005882681036460996e-64
-1.4226903062164070452e-80
0
0
DERIV 21
-1.3336134610017362480e-65
7.778734595623893795e-82
0
0
DERIV 22
6.061879368189710098e-67
-2.3378114135528467134e-83
0
0
DERIV 23
-2.635599725299873759e-68
-9.530605500778342523e-85
0
0
DERIV 24
1.0981665522082807328e-69
3.971085625324309861e-86
0
0
DERIV 25
-4.392666208833122899e-71
-1.9101565994714756713e-87
0
0
DERIV 26
1.6894870033973549225e-72
1.1213611312170961698e-88
0
0
DERIV 27
-6.257359271842055472e-74
-2.116824678162039872e-90
0
0
DERIV 28
2.234771168515019952e-75
-6.465893193129075741e-92
0
0
DERIV 29
-7.706107477637999516e-77
-9.443645014841934935e-94
0
0
DERIV 30
2.568702492545999743e-78
1.2735954846023599244e-94
0
0
DERIV 31
-8.286137072729031815e-80
-2.422139929069589794e-97
0
0
DERIV 32
2.589417835227822442e-81
7.569187278342468107e-99
0
0
DERIV 33
-7.846720712811583513e-83
3.3173551996655299530e-99
0
0
DERIV 34
2.307859033179877396e-84
1.0006013306992644996e-101
0
0
DERIV 35
-6.593882951942506602e-86
-2.7351447900903789233e-102
0
0
AT 106
9.221146422925875649e-47
-7.233096281855493248e-63
0
0
DERIV 1
-9.221146422925875649e-47
7.233096281855493248e-63
0
0
DERIV 2
4.610573211462937824e-47
-3.616548140927746624e-63
0
0
DERIV 3
-1.5368577371543126081e-47
1.2055160469759154063e-63
0
0
DERIV 4
3.842144342885781520e-48
-3.0137901174397885158e-64
0
0
DERIV 5
-7.684288685771562737e-49
2.988998556236441938e-65
0
0
DERIV 6
1.2807147809619271228e-49
-4.981664260394069897e-66
0
0
DERIV 7
-1.8295925442313243933e-50
3.341148393059574497e-68
0
0
DERIV 8
2.2869906802891554917e-51
-4.176435491324468121e-69
0
0
DERIV 9
-2.5411007558768394764e-52
4.585388555355409223e-69
0
0
DERIV 10
2.541100755876839662e-53
-2.3131419308792515122e-69
0
0
DERIV 11
-2.3100915962516721037e-54
-1.0583989412638235383e-70
0
0
DERIV 12
1.9250763302097268739e-55
-3.254247594570420002e-72
0
0
DERIV 13
-1.4808279463151744139e-56
-7.945593095130499464e-73
0
0
DERIV 14
1.0577342473679817242e-57
5.675423639378927964e-74
0
0
DERIV 15
-7.051561649119878869e-59
3.291133520747417388e-75
0
0
DERIV 16
4.407226030699924293e-60
-2.0569584504671358677e-76
0
0
DERIV 17
-2.5924859004117200910e-61
3.971596950894262455e-78
0
0
DERIV 18
1.4402699446731779003e-62
-9.403249879742182863e-79
0
0
DERIV 19
-7.580368129858830699e-64
1.3980227347761304966e-80
0
0
DERIV 20
3.790184064929415265e-65
1.4436446807037659211e-82
0
0
DERIV 21
-1.8048495547282929709e-66
-1.9424734126244746668e-83
0
0
DERIV 22
8.203861612401332435e-68
-6.604414033487826638e-84
0
0
DERIV 23
-3.566896353217970199e-69
-1.3808458202180123073e-85
0
0
DERIV 24
1.4862068138408210233e-70
-4.970554060483341704e-87
0
0
DERIV 25
-5.944827255363283892e-72
-2.254305919261209552e-90
0
0
DERIV 26
2.2864720212935706552e-73
7.337057499488227243e-90
0
0
DERIV 27
-8.468414893679892007e-75
4.191665803201160796e-91
0
0
DERIV 28
3.024433890599961080e-76
2.0094718312122471563e-92
0
0
DERIV 29
-1.0429082381379177263e-77
4.311976027886290278e-94
0
0
DERIV 30
3.476360793793059168e-79
-2.2363314404962320070e-95
0
0
DERIV 31
-1.1214067076751802739e-80
-3.055511228046654322e-97
0
0
DERIV 32
3.504395961484938356e-82
9.548472587645794757e-99
0
0
DERIV 33
-1.0619381701469509948e-83
-5.110179361167380810e-100
0
0
DERIV 34
3.123347559255738355e-85
1.5830288118772952981e-102
0
0
DERIV 35
-8.923850169302109635e-87
5.796828200035981892e-105
0
0
AT 108
1.2479464629129512984e-47
-4.347252919677886050e-64
0
0
DERIV 1
-1.2479464629129512984e-47
4.347252919677886050e-64
0
0
DERIV 2
6.239732314564756492e-48
-2.1736264598389430249e-64
0
0
DERIV 3
-2.0799107715215853960e-48
-2.883184062680642055e-65
0
0
DERIV 4
5.199776928803963490e-49
7.207960156701605137e-66
0
0
DERIV 5
-1.0399553857607926600e-49
-5.239819129644240316e-66
0
0
DERIV 6
1.7332589762679878459e-50
8.200587612739017894e-68
0
0
DERIV 7
-2.4760842518114111660e-51
-5.410605259748341048e-68
0
0
DERIV 8
3.0951053147642639575e-52
6.763256574685426309e-69
0
0
DERIV 9
-3.439005905293626516e-53
-1.7818079946004422543e-69
0
0
DERIV 10
3.439005905293626748e-54
-5.364458495791961279e-71
0
0
DERIV 11
-3.1263690048123880846e-55
1.8048677292649728791e-71
0
0
DERIV 12
2.605307504010323253e-56
5.223405416974712068e-75
0
0
DERIV 13
-2.0040826953925563049e-57
-4.393871906489570895e-74
0
0
DERIV 14
1.4314876395661116716e-58
6.117837616592046600e-76
0
0
DERIV 15
-9.543250930440744404e-60
-1.1448088911408623200e-76
0
0
DERIV 16
5.964531831525465252e-61
7.155055569630389500e-78
0
0
DERIV 17
-3.508548136191450047e-62
-1.4369054517540752629e-78
0
0
DERIV 18
1.9491934089952500860e-63
1.9854687909292757351e-80
0
0
DERIV 19
-1.0258912678922368785e-64
-1.9327476114979788432e-81
0
0
DERIV 20
5.129456339461184603e-66
-1.1420657828971152525e-82
0
0
DERIV 21
-2.4425982568862783668e-67
3.869629034148387519e-84
0
0
DERIV 22
1.1102719349483082924e-68
3.856595082079491662e-85
0
0
DERIV 23
-4.827269282383948957e-70
-3.0755732936943521212e-86
0
0
DERIV 24
2.0113622009933121997e-71
-5.902091655131916787e-89
0
0
DERIV 25
-8.045448803973248648e-73
-1.2719898463341848977e-89
0
0
DERIV 26
3.0944033861435572025e-74
1.8712880457174948047e-91
0
0
DERIV 27
-1.1460753282013175642e-75
7.488752795600843081e-92
0
0
DERIV 28
4.093126172147562839e-77
-3.770334361218543574e-93
0
0
DERIV 29
-1.4114228179819181873e-78
9.694920840612348587e-95
0
0
DERIV 30
4.704742726606393558e-80
7.633902091332262659e-97
0
0
DERIV 31
-1.5176589440665786049e-81
1.3129963856123332665e-98
0
0
DERIV 32
4.742684200208058140e-83
-4.103113705038541458e-100
0
0
DERIV 33
-1.4371770303660783005e-84
8.863283731287451646e-101
0
0
DERIV 34
4.226991265782582985e-86
-8.555244019717338528e-104
0
0
DERIV 35
-1.2077117902235951576e-87
2.1579188993618040213e-104
0
0
AT 110
1.6889118802246612675e-48
-8.511307121531457701e-65
0
0
DERIV 1
-1.6889118802246612675e-48
8.511307121531457701e-65
0
0
DERIV 2
8.444559401123306337e-49
-4.255653560765728851e-65
0
0
DERIV 3
-2.8148531337077685259e-49
-1.1136002119473700491e-65
0
0
DERIV 4
7.037132834269421315e-50
2.784000529868425123e-66
0
0
DERIV 5
-1.4074265668538844054e-50
8.675350558902847876e-67
0
0
DERIV 6
2.3457109447564740090e-51
-1.4458917598171413126e-67
0
0
DERIV 7
-3.351015635366391123e-52
-1.1137599008504448798e-68
0
0
DERIV 8
4.188769544207988904e-53
1.3921998760630560998e-69
0
0
DERIV 9
-4.654188382453321069e-54
-9.029293500201627691e-71
0
0
DERIV 10
4.654188382453321504e-55
-3.4437966078166590065e-71
0
0
DERIV 11
-4.231080347684837401e-56
-1.6225002155820532906e-73
0
0
DERIV 12
3.525900289737364313e-57
2.0218081593874027199e-73
0
0
DERIV 13
-2.7122309921056649375e-58
-7.389198210287673393e-75
0
0
DERIV 14
1.9373078515040464787e-59
-4.197111921669566998e-76
0
0
DERIV 15
-1.2915385676693641901e-60
-1.0098603761161325975e-76
0
0
DERIV 16
8.072116047933526188e-62
6.311627350725828734e-78
0
0
DERIV 17
-4.748303557607956835e-63
-1.1726723959874154981e-79
0
0
DERIV 18
2.6379464208933094280e-64
-9.818274485893969639e-82
0
0
DERIV 19
-1.3883928531017417043e-65
-9.470594131171338958e-82
0
0
DERIV 20
6.941964265508709312e-67
-3.1713513918372227929e-83
0
0
DERIV 21
-3.305697269289861479e-68
5.296801695476243496e-85
0
0
DERIV 22
1.5025896678590279451e-69
-2.4076371343073833099e-86
0
0
DERIV 23
-6.532998555908816733e-71
-3.149579715628334965e-87
0
0
DERIV 24
2.722082731628673806e-72
-3.633123546431510480e-89
0
0
DERIV 25
-1.0888330926514694408e-73
-6.715482107682813002e-90
0
0
DERIV 26
4.187819587121036500e-75
6.947648624558024487e-92
0
0
DERIV 27
-1.5510442915263099852e-76
1.4472260226891911706e-92
0
0
DERIV 28
5.539443898308249673e-78
-2.429214888344362283e-94
0
0
DERIV 29
-1.9101530683821549977e-79
2.177417821181234500e-96
0
0
DERIV 30
6.367176894607183138e-81
1.1468646014831344542e-97
0
0
DERIV 31
-2.0539280305184463436e-82
1.3290391282405125403e-98
0
0
DERIV 32
6.418525095370144824e-84
-4.153247275751601688e-100
0
0
DERIV 33
-1.9450076046576194790e-85
-3.866493432846074630e-102
0
0
DERIV 34
5.720610601934174938e-87
1.1372039508370808754e-103
0
0
DERIV 35
-1.6344601719811928235e-88
-4.843723608533226083e-105
0
0
AT 112
2.2856936789882258313e-49
-1.5329956342777841113e-66
0
0
DERIV 1
-2.2856936789882258313e-49
1.5329956342777841113e-66
0
0
DERIV 2
1.1428468394941129157e-49
-7.664978171388920557e-67
0
0
DERIV 3
-3.809489464980376227e-50
-1.3270953519136691500e-66
0
0
DERIV 4
9.523723662450940568e-51
3.317738379784172875e-67
0
0
DERIV 5
-1.9047447324901881136e-51
-6.635476759568345420e-68
0
0
DERIV 6
3.1745745541503137700e-52
-1.3668913071968900891e-68
0
0
DERIV 7
-4.535106505929019407e-53
-6.967310973526010096e-70
0
0
DERIV 8
5.668883132411274258e-54
8.709138716907512620e-71
0
0
DERIV 9
-6.298759036012526792e-55
-2.5775805825589168896e-71
0
0
DERIV 10
6.298759036012527155e-56
-1.0446910489717679820e-72
0
0
DERIV 11
-5.726144578193206196e-57
-2.1374441868984082092e-73
0
0
DERIV 12
4.771787148494338732e-58
-5.770462710291161059e-75
0
0
DERIV 13
-3.670605498841798957e-59
-2.3638260693273461948e-76
0
0
DERIV 14
2.621861070601285048e-60
-6.207478343709673847e-77
0
0
DERIV 15
-1.7479073804008564914e-61
-1.6588485636420218892e-77
0
0
DERIV 16
1.0924421127505353071e-62
1.0367803522762636808e-78
0
0
DERIV 17
-6.426130075003149421e-64
-5.423495091929926760e-81
0
0
DERIV 18
3.570072263890638661e-65
-6.357789787354949831e-82
0
0
DERIV 19
-1.8789854020477044891e-66
-3.589451390359580541e-83
0
0
DERIV 20
9.394927010238522445e-68
1.7947256951797904078e-84
0
0
DERIV 21
-4.473774766780248612e-69
-2.5704838132416240649e-85
0
0
DERIV 22
2.0335339849001130054e-70
1.1684017332916474159e-86
0
0
DERIV 23
-8.841452108261361287e-72
-1.1459027207303059309e-88
0
0
DERIV 24
3.683938378442233869e-73
4.774594669709608627e-90
0
0
DERIV 25
-1.4735753513768934771e-74
-8.978932457912569862e-91
0
0
DERIV 26
5.667597505295744709e-76
-2.2109030530694655950e-92
0
0
DERIV 27
-2.0991101871465718588e-77
-1.7379665305575786872e-93
0
0
DERIV 28
7.496822096952043038e-79
-6.416003725869489679e-96
0
0
DERIV 29
-2.5851110679144976896e-80
1.1252893555912344290e-96
0
0
DERIV 30
8.617036893048325008e-82
2.4912706209521493048e-98
0
0
DERIV 31
-2.7796893203381695697e-83
1.3201086299463724034e-99
0
0
DERIV 32
8.686529126056779905e-85
-4.125339468582413761e-101
0
0
DERIV 33
-2.6322815533505392895e-86
4.924407727734658384e-103
0
0
DERIV 34
7.742004568678056077e-88
5.117519046543315990e-104
0
0
DERIV 35
-2.2120013053365875802e-89
-1.6656061009378171022e-106
0
0
AT 114
3.093385032519542332e-50
2.0226908168859278245e-66
0
0
DERIV 1
-3.093385032519542332e-50
-2.0226908168859278245e-66
0
0
DERIV 2
1.5466925162597711661e-50
1.0113454084429639122e-66
0
0
DERIV 3
-5.155641720865904085e-51
-1.3929080811099217998e-67
0
0
DERIV 4
1.2889104302164760212e-51
3.482270202774804499e-68
0
0
DERIV 5
-2.5778208604329520425e-52
-6.964540405549608587e-69
0
0
DERIV 6
4.296368100721587047e-53
-1.9302483913145829711e-69
0
0
DERIV 7
-6.137668715316552924e-54
2.7574977018779756271e-70
0
0
DERIV 8
7.672085894145691155e-55
-3.4468721273474695339e-71
0
0
DERIV 9
-8.524539882384100075e-56
-8.244380852493983116e-72
0
0
DERIV 10
8.524539882384100755e-57
1.4526215433739492803e-73
0
0
DERIV 11
-7.749581711258273928e-58
3.824707164447951149e-74
0
0
DERIV 12
6.457984759381894350e-59
2.708368429904515071e-75
0
0
DERIV 13
-4.967680584139918986e-60
4.676309963475012871e-77
0
0
DERIV 14
3.548343274385656123e-61
2.6269499357841659737e-77
0
0
DERIV 15
-2.365562182923771094e-62
1.7031674648483339795e-78
0
0
DERIV 16
1.4784763643273569336e-63
-1.0644796655302087372e-79
0
0
DERIV 17
-8.696919790160922048e-65
-4.652630426343314266e-81
0
0
DERIV 18
4.831622105644957045e-66
-9.292712997750000111e-83
0
0
DERIV 19
-2.5429590029710298500e-67
-1.2448239776234412081e-83
0
0
DERIV 20
1.2714795014855149662e-68
2.1060738165427833060e-85
0
0
DERIV 21
-6.054664292788166628e-70
2.227166562815386401e-87
0
0
DERIV 22
2.7521201330855301759e-71
9.955458926279999717e-88
0
0
DERIV 23
-1.1965739709067521739e-72
-1.1978108654742195717e-88
0
0
DERIV 24
4.985724878778134843e-74
-2.863670938333780500e-90
0
0
DERIV 25
-1.9942899515112538981e-75
7.527408981096941086e-92
0
0
DERIV 26
7.670345967350976413e-77
-1.7150867558791777869e-93
0
0
DERIV 27
-2.840868876796657647e-78
-2.2056932532031555773e-94
0
0
DERIV 28
1.0145960274273777738e-79
3.597086094292688235e-96
0
0
DERIV 29
-3.498606991128888827e-81
-1.7246858623104647176e-97
0
0
DERIV 30
1.1662023303762963340e-82
-1.0314256899703191196e-100
0
0
DERIV 31
-3.761943001213859363e-84
2.2455054569969941430e-100
0
0
DERIV 32
1.1756071878793310510e-85
-7.017204553115606697e-102
0
0
DERIV 33
-3.562446023876760639e-87
9.087543956481389587e-104
0
0
DERIV 34
1.0477782423166942317e-88
4.713801497131848895e-105
0
0
DERIV 35
-2.993652120904840973e-90
1.7675930552254334758e-106
0
0
AT 116
4.661998862331554383e-51
-7.727215363913366074e-68
0
0
DERIV 1
-4.661998862331554383e-51
7.727215363913366074e-68
0
0
DERIV 2
2.3309994311657771917e-51
-3.863607681956683037e-68
0
0
DERIV 3
-7.769998103885924467e-52
6.233477428235456468e-68
0
0
DERIV 4
1.9424995259714811167e-52
-1.5583693570588641170e-68
0
0
DERIV 5
-3.884999051942961863e-53
-5.924674365696933062e-70
0
0
DERIV 6
6.474998419904936438e-54
9.874457276161554031e-71
0
0
DERIV 7
-9.249997742721338596e-55
6.868841261189915132e-71
0
0
DERIV 8
1.1562497178401673245e-55
-8.586051576487393915e-72
0
0
DERIV 9
-1.2847219087112969266e-56
-5.218083359325762502e-74
0
0
DERIV 10
1.2847219087112969832e-57
-5.137991088334118980e-74
0
0
DERIV 11
-1.1679290079193608617e-58
1.4551058619703949868e-75
0
0
DERIV 12
9.732741732661340145e-60
2.4721770318649673201e-76
0
0
DERIV 13
-7.486724409739493057e-61
4.475803677712076436e-77
0
0
DERIV 14
5.347660292671065853e-62
2.971689198130262718e-78
0
0
DERIV 15
-3.565106861780710928e-63
1.6172774325358432086e-79
0
0
DERIV 16
2.2281917886129443301e-64
-1.0107983953349020054e-80
0
0
DERIV 17
-1.3107010521252614079e-65
9.666648658404315075e-82
0
0
DERIV 18
7.281672511807007382e-67
-9.777778894341235354e-84
0
0
DERIV 19
-3.832459216740530245e-68
9.480984756573727110e-85
0
0
DERIV 20
1.9162296083702650708e-69
4.070652111811655239e-87
0
0
DERIV 21
-9.124902897001261935e-71
-3.257862951436286595e-87
0
0
DERIV 22
4.147683135000573561e-72
1.9378387696042095932e-88
0
0
DERIV 23
-1.8033404934785103943e-73
6.600708825936477941e-90
0
0
DERIV 24
7.513918722827126316e-75
5.224336327249517572e-92
0
0
DERIV 25
-3.005567489130850772e-76
2.2455732795588824374e-92
0
0
DERIV 26
1.1559874958195579006e-77
2.1370877807471828695e-95
0
0
DERIV 27
-4.281435169702066054e-79
-2.5205589205486420118e-95
0
0
DERIV 28
1.5290839891793093854e-80
9.762652510585245240e-98
0
0
DERIV 29
-5.272703410963135489e-82
-3.565385503601007594e-98
0
0
DERIV 30
1.7575678036543787889e-83
-1.7375858871489549189e-99
0
0
DERIV 31
-5.669573560175414895e-85
7.453161363078188027e-103
0
0
DERIV 32
1.7717417375548171547e-86
-2.3291129259619337585e-104
0
0
DERIV 33
-5.368914356226718143e-88
-5.003050930875835208e-104
0
0
DERIV 34
1.5790924577137406919e-89
8.559348559750085537e-106
0
0
DERIV 35
-4.511692736324973888e-91
2.3817817386863590315e-107
0
0
AT 118
5.714965119113801806e-49
-1.5238883105737524421e-65
0
0
DERIV 1
-5.714965119113801806e-49
1.5238883105737524421e-65
0
0
DERIV 2
2.8574825595569009029e-49
-7.619441552868762211e-66
0
0
DERIV 3
-9.524941865189669676e-50
2.539813850956254070e-66
0
0
DERIV 4
2.381235466297417419e-50
-6.349534627390635176e-67
0
0
DERIV 5
-4.762470932594834957e-51
2.4568528936981018786e-67
0
0
DERIV 6
7.937451554324724434e-52
8.508533780863920157e-69
0
0
DERIV 7
-1.1339216506178178292e-52
4.083361103715756463e-69
0
0
DERIV 8
1.4174020632722722865e-53
-5.104201379644695579e-70
0
0
DERIV 9
-1.5748911814136358095e-54
-7.682591453382227741e-72
0
0
DERIV 10
1.5748911814136358457e-55
-2.854012486192462072e-72
0
0
DERIV 11
-1.4317192558305780827e-56
6.710774568732562394e-73
0
0
DERIV 12
1.1930993798588150689e-57
-5.592312140610468138e-74
0
0
DERIV 13
-9.177687537375499306e-59
-7.942979800107393770e-75
0
0
DERIV 14
6.555491098125357437e-60
-2.2223685360096396236e-76
0
0
DERIV 15
-4.370327398750238015e-61
-1.2819949136237958516e-77
0
0
DERIV 16
2.731454624218898759e-62
8.012468210148724072e-79
0
0
DERIV 17
-1.6067380142464111142e-63
3.2244383277566737824e-80
0
0
DERIV 18
8.926322301368950447e-65
8.281389670949654667e-83
0
0
DERIV 19
-4.698064369141552922e-66
5.112662619018714840e-83
0
0
DERIV 20
2.3490321845707763294e-67
1.0621416119528797342e-83
0
0
DERIV 21
-1.1185867545575125476e-68
-4.077330039876945063e-85
0
0
DERIV 22
5.084485247988693340e-70
2.4382815623836149056e-86
0
0
DERIV 23
-2.2106457599950843580e-71
1.9123123309254831217e-87
0
0
DERIV 24
9.211023999979516902e-73
4.599311225639333635e-89
0
0
DERIV 25
-3.684409599991807043e-74
9.879133457557569270e-91
0
0
DERIV 26
1.4170806153814643041e-75
-9.464005328250288888e-92
0
0
DERIV 27
-5.248446723635052609e-77
-1.8799658264285880324e-94
0
0
DERIV 28
1.8744452584410901832e-78
4.095728214585074789e-95
0
0
DERIV 29
-6.463604339452035295e-80
3.957756216104093408e-97
0
0
DERIV 30
2.154534779817345286e-81
-2.0045957490803490418e-97
0
0
DERIV 31
-6.950112192959177586e-83
-1.0846529944056453379e-99
0
0
DERIV 32
2.171910060299742996e-84
3.389540607517641681e-101
0
0
DERIV 33
-6.581545637271949034e-86
4.601213485096765571e-102
0
0
DERIV 34
1.9357487168446906561e-87
1.0104166499578618526e-103
0
0
DERIV 35
-5.530710619556259456e-89
1.4981613098668458582e-105
0
0
AT 120
6.083339744249585495e-46
-1.2176994148607545002e-62
0
0
DERIV 1
-6.083339744249585495e-46
1.2176994148607545002e-62
0
0
DERIV 2
3.0416698721247927476e-46
-6.088497074303772501e-63
0
0
DERIV 3
-1.0138899573749309159e-46
2.0294990247679240771e-63
0
0
DERIV 4
2.534724893437327290e-47
-5.073747561919810193e-64
0
0
DERIV 5
-5.069449786874654701e-48
2.2301821838412164131e-64
0
0
DERIV 6
8.449082978124423995e-49
1.3473324913365322579e-65
0
0
DERIV 7
-1.2070118540177749107e-49
3.501278009953410420e-66
0
0
DERIV 8
1.5087648175222186384e-50
-4.376597512441763025e-67
0
0
DERIV 9
-1.6764053528024651208e-51
1.5658139909909175931e-68
0
0
DERIV 10
1.6764053528024650466e-52
5.852598310383925384e-69
0
0
DERIV 11
-1.5240048661840591122e-53
-7.428047413239603292e-70
0
0
DERIV 12
1.2700040551533825935e-54
6.190039511033002476e-71
0
0
DERIV 13
-9.769261962718328617e-56
4.990700922557226799e-72
0
0
DERIV 14
6.978044259084520118e-57
-3.3061527367419319012e-74
0
0
DERIV 15
-4.652029506056346981e-58
2.5786599425605850606e-74
0
0
DERIV 16
2.907518441285216863e-59
-1.6116624641003656629e-75
0
0
DERIV 17
-1.7103049654618922074e-60
2.9778405238133930128e-77
0
0
DERIV 18
9.501694252566068394e-62
-7.411801549959292748e-78
0
0
DERIV 19
-5.000891711876877705e-63
-7.623470302544556098e-81
0
0
DERIV 20
2.5004458559384387174e-64
1.3875186882462297579e-80
0
0
DERIV 21
-1.1906885028278280209e-65
-5.831187383741283949e-83
0
0
DERIV 22
5.412220467399218097e-67
2.0620195304934428356e-83
0
0
DERIV 23
-2.353139333651833884e-68
-1.6127121561405269656e-84
0
0
DERIV 24
9.804747223549308277e-70
2.4300026593621719486e-86
0
0
DERIV 25
-3.921898889419723440e-71
3.148883336221383921e-88
0
0
DERIV 26
1.5084226497768167269e-72
-3.144536555648559805e-89
0
0
DERIV 27
-5.586750554728950782e-74
5.828246839826991280e-91
0
0
DERIV 28
1.9952680552603394949e-75
4.931473936201398287e-92
0
0
DERIV 29
-6.880234673311515949e-77
2.795967441722651078e-93
0
0
DERIV 30
2.293411557770505316e-78
-9.319891472408836304e-95
0
0
DERIV 31
-7.398101799259694038e-80
-2.309551385841193863e-96
0
0
DERIV 32
2.311906812268654387e-81
7.217348080753730822e-98
0
0
DERIV 33
-7.005778218995921985e-83
-6.177140251007738778e-99
0
0
DERIV 34
2.060523005587036174e-84
-1.1415143506694943041e-100
0
0
DERIV 35
-5.887208587391531925e-86
3.2614695733414124220e-102
0
0
AT 122
5.776114499060615852e-43
6.604896476835412348e-60
0
0
DERIV 1
-5.776114499060615852e-43
-6.604896476835412348e-60
0
0
DERIV 2
2.8880572495303079259e-43
3.302448238417706174e-60
0
0
DERIV 3
-9.626857498434359753e-44
-1.1008160794725687707e-60
0
0
DERIV 4
2.406714374608589938e-44
2.7520401986814219268e-61
0
0
DERIV 5
-4.813428749217180001e-45
6.941950158359440252e-62
0
0
DERIV 6
8.022381248695300520e-46
-6.342837757944191465e-62
0
0
DERIV 7
-1.1460544640993286180e-46
6.283064976589406070e-63
0
0
DERIV 8
1.4325680801241607724e-47
-7.853831220736757588e-64
0
0
DERIV 9
-1.5917423112490673899e-48
-4.778328326484204687e-65
0
0
DERIV 10
1.5917423112490673899e-49
4.778328326484205109e-66
0
0
DERIV 11
-1.4470384647718793806e-50
-1.0818185578003685489e-66
0
0
DERIV 12
1.2058653873098996322e-51
-5.821669954413280969e-68
0
0
DERIV 13
-9.275887594691534491e-53
-6.934734344874157206e-69
0
0
DERIV 14
6.625633996208239916e-54
-4.981991943002623289e-70
0
0
DERIV 15
-4.417089330805492649e-55
-2.9572761993181048881e-71
0
0
DERIV 16
2.760680831753432906e-56
1.8482976245738155551e-72
0
0
DERIV 17
-1.6239299010314312709e-57
4.109483037330572851e-74
0
0
DERIV 18
9.021832783507951505e-59
-2.283046131850318305e-75
0
0
DERIV 19
-4.748333043951553162e-60
-1.4165194504653063392e-76
0
0
DERIV 20
2.3741665219757767191e-61
-6.735272435824580088e-78
0
0
DERIV 21
-1.1305554866551317093e-62
-2.961419236579565309e-79
0
0
DERIV 22
5.138888575705144072e-64
1.9594638969604874691e-80
0
0
DERIV 23
-2.234299380741366878e-65
-1.9519962623199187448e-81
0
0
DERIV 24
9.309580753089029536e-67
-6.518471930257747968e-84
0
0
DERIV 25
-3.723832301235611485e-68
-3.033697980049228369e-84
0
0
DERIV 26
1.4322431927829277120e-69
-1.0110059109098473562e-85
0
0
DERIV 27
-5.304604417714546456e-71
-2.511246011608702277e-87
0
0
DERIV 28
1.8945015777551952346e-72
1.7874333150812620813e-89
0
0
DERIV 29
-6.532764061224811533e-74
3.175495188684705475e-90
0
0
DERIV 30
2.1775880204082704456e-75
-4.039526008552048876e-92
0
0
DERIV 31
-7.024477485187969328e-77
2.787677784602795974e-93
0
0
DERIV 32
2.195149214121240415e-78
-8.711493076883737419e-95
0
0
DERIV 33
-6.651967315518909894e-80
-1.899960987312514122e-96
0
0
DERIV 34
1.9564609751526206535e-81
-4.050624885211836493e-98
0
0
DERIV 35
-5.589888500436058947e-83
5.303111696999625351e-100
0
0
AT 124
4.905604785908113620e-40
2.149469938935400174e-56
0
0
DERIV 1
-4.905604785908113620e-40
-2.149469938935400174e-56
0
0
DERIV 2
2.4528023929540568100e-40
1.0747349694677000869e-56
0
0
DERIV 3
-8.176007976513522700e-41
-3.582449898225666768e-57
0
0
DERIV 4
2.0440019941283806750e-41
8.956124745564166919e-58
0
0
DERIV 5
-4.088003988256761223e-42
-3.0656984780187949932e-58
0
0
DERIV 6
6.813339980427935902e-43
-2.0080890707684900102e-60
0
0
DERIV 7
-9.733342829182764721e-44
-8.247551085242638665e-60
0
0
DERIV 8
1.2166678536478455901e-44
1.0309438856553298331e-60
0
0
DERIV 9
-1.3518531707198285890e-45
4.102606131815855930e-62
0
0
DERIV 10
1.3518531707198285890e-46
-4.102606131815856362e-63
0
0
DERIV 11
-1.2289574279271168549e-47
-6.901132309210552490e-65
0
0
DERIV 12
1.0241311899392640964e-48
-4.489208438637680169e-65
0
0
DERIV 13
-7.877932230302030853e-50
-3.120617332727799206e-66
0
0
DERIV 14
5.627094450215736832e-51
-2.8578989118514642761e-67
0
0
DERIV 15
-3.751396300143824407e-52
4.215834809593409357e-69
0
0
DERIV 16
2.344622687589890254e-53
-2.6348967559958808479e-70
0
0
DERIV 17
-1.3791898162293471913e-54
-1.5465914660509836933e-72
0
0
DERIV 18
7.662165645718595105e-56
4.110668005370260160e-72
0
0
DERIV 19
-4.032718760904523829e-57
-1.2698569358369744391e-73
0
0
DERIV 20
2.0163593804522619851e-58
-7.254646011484964490e-76
0
0
DERIV 21
-9.601711335486961465e-60
-3.339305916293393010e-76
0
0
DERIV 22
4.364414243403164240e-61
2.1459513114129564320e-77
0
0
DERIV 23
-1.8975714101752888092e-62
-8.391509119719979689e-79
0
0
DERIV 24
7.906547542397037155e-64
-1.0015423225616981225e-80
0
0
DERIV 25
-3.162619016958814929e-65
1.0753175973914327541e-81
0
0
DERIV 26
1.2163919295995442644e-66
-1.0217874187984659169e-82
0
0
DERIV 27
-4.505155294813126539e-68
1.2391245044668261245e-85
0
0
DERIV 28
1.6089840338618309069e-69
-4.425444658810093684e-87
0
0
DERIV 29
-5.548220806420106270e-71
-2.898213841730057012e-87
0
0
DERIV 30
1.8494069354733688573e-72
-3.931106111628872220e-90
0
0
DERIV 31
-5.965828824107641222e-74
-2.406915784939830561e-90
0
0
DERIV 32
1.8643215075336378818e-75
7.521611827936970504e-92
0
0
DERIV 33
-5.649459113738296635e-77
-2.046838173934606398e-93
0
0
DERIV 34
1.6616056216877344735e-78
-1.0900016855032843843e-94
0
0
DERIV 35
-4.747444633393526554e-80
-2.022177241995771019e-96
0
0
AT 126
3.739921958803802616e-37
1.7519648186508559435e-53
0
0
DERIV 1
-3.739921958803802616e-37
-1.7519648186508559435e-53
0
0
DERIV 2
1.8699609794019013082e-37
8.759824093254279717e-54
0
0
DERIV 3
-6.233203264673004361e-38
-2.919941364418093046e-54
0
0
DERIV 4
1.5583008161682510902e-38
7.299853411045232615e-55
0
0
DERIV 5
-3.116601632336502180e-39
-1.4599706822090466678e-55
0
0
DERIV 6
5.194336053894170573e-40
-2.855923913176408108e-57
0
0
DERIV 7
-7.420480076991671809e-41
-3.961634397223810802e-57
0
0
DERIV 8
9.275600096239589762e-42
4.952042996529763502e-58
0
0
DERIV 9
-1.0306222329155100443e-42
1.5781384977778284513e-59
0
0
DERIV 10
1.0306222329155100045e-43
2.4045912800533022413e-60
0
0
DERIV 11
-9.369293026504636178e-45
-4.448906719270689931e-61
0
0
DERIV 12
7.807744188753863482e-46
3.707422266058908420e-62
0
0
DERIV 13
-6.005957068272202604e-47
-3.599821848634393535e-63
0
0
DERIV 14
4.289969334480145064e-48
-9.013634551390167070e-65
0
0
DERIV 15
-2.8599795563200967094e-49
6.009089700926778469e-66
0
0
DERIV 16
1.7874872227000604434e-50
-3.755681063079236543e-67
0
0
DERIV 17
-1.0514630721765060908e-51
-3.027302175629750236e-68
0
0
DERIV 18
5.841461512091700401e-53
2.712169583874145075e-69
0
0
DERIV 19
-3.074453427416684788e-54
2.2329431308761949186e-70
0
0
DERIV 20
1.5372267137083422490e-55
3.324370871741765396e-72
0
0
DERIV 21
-7.320127208134963791e-57
5.424336967310306019e-73
0
0
DERIV 22
3.327330549152256333e-58
-3.1087667378986272654e-74
0
0
DERIV 23
-1.4466654561531547833e-59
-9.022695098158245060e-77
0
0
DERIV 24
6.027772733971478033e-61
2.6789239104484454443e-77
0
0
DERIV 25
-2.411109093588591472e-62
1.5192810023489553058e-78
0
0
DERIV 26
9.273496513802274375e-64
-6.533833292901854643e-81
0
0
DERIV 27
-3.434628338445286618e-65
-1.6321746975779503572e-81
0
0
DERIV 28
1.2266529780161737922e-66
5.829195348492679220e-83
0
0
DERIV 29
-4.229837855228185859e-68
1.6819739440002829531e-84
0
0
DERIV 30
1.4099459517427286885e-69
-1.2469989932624981639e-85
0
0
DERIV 31
-4.548212747557189084e-71
1.6874958298179246875e-87
0
0
DERIV 32
1.4213164836116215888e-72
-5.273424468181014648e-89
0
0
DERIV 33
-4.307019647307944185e-74
1.3599907617373873543e-90
0
0
DERIV 34
1.2667704845023364960e-75
-1.1122707902289469768e-92
0
0
DERIV 35
-3.619344241435247066e-77
-3.396762204655321016e-94
0
0
END
