AT 1/8
0.9928090154076698592
-3.102035219764729765e-17
0
0
DERIV 1
-0.11031211282307443189
6.530658645919578761e-18
0
0
DERIV 2
-0.3860923948807604700
-1.8776058162724845756e-17
0
0
DERIV 3
0.2757802820576860658
-2.4488588069844901483e-18
0
0
DERIV 4
-0.10571577478877965117
-6.462757621490322476e-18
0
0
DERIV 5
0.028497295812627561340
-1.4557903533989835867e-18
0
0
DERIV 6
-0.005975239444583197758
-2.823212645375187710e-19
0
0
DERIV 7
0.0010287042267231147515
-7.053833604872436379e-20
0
0
DERIV 8
-0.00015047535231322155020
-1.2173320379540144735e-20
0
0
DERIV 9
1.9151408476228197421e-5
1.4261268923408475274e-21
0
0
DERIV 10
-2.158333336209844746e-6
1.1355509822805888895e-22
0
0
DERIV 11
2.1832052952698813782e-7
-1.2435347745024539282e-23
0
0
DERIV 12
-2.0035744798362833799e-8
-4.922013216056254658e-25
0
0
DERIV 13
1.6829317027802558053e-9
-5.135810529492646925e-26
0
0
DERIV 14
-1.3033230480177920397e-10
-1.0370367243092924879e-27
0
0
DERIV 15
9.363680150807438570e-12
-5.403586785310914425e-28
0
0
DERIV 16
-6.274087488435164175e-13
1.8012916704587407710e-29
0
0
DERIV 17
3.938749930950399630e-14
-8.750112049716348000e-31
0
0
DERIV 18
-2.3260334237896059717e-15
-5.702741578016098911e-32
0
0
DERIV 19
1.2967749692082404350e-16
-3.692471888681855973e-33
0
0
DERIV 20
-6.846609103162387849e-18
-2.672709995232302185e-34
0
0
DERIV 21
3.433020647754083152e-19
-1.8029260705722436218e-35
0
0
DERIV 22
-1.6389778392650996480e-20
1.5948478969834776650e-38
0
0
DERIV 23
7.467355424925603488e-22
2.1234702107598611370e-38
0
0
DERIV 24
-3.253633435146155718e-23
-1.7984506810133529609e-39
0
0
DERIV 25
1.3583475106293240324e-24
6.930173927432763881e-41
0
0
DERIV 26
-5.443237104616099243e-26
-1.5750581686109086623e-42
0
0
DERIV 27
2.0970595210413784169e-27
-8.834053438023968313e-44
0
0
DERIV 28
-7.778947498686962283e-29
-1.1561410887005374806e-45
0
0
DERIV 29
2.7822057613587693590e-30
-1.2900798286736029769e-46
0
0
DERIV 30
-9.606719445050458949e-32
1.7249885544286184883e-48
0
0
DERIV 31
3.206264414700543882e-33
2.4226148087145700689e-49
0
0
DERIV 32
-1.0354959602916243962e-34
-7.913547795637222904e-51
0
0
DERIV 33
3.239497851482814918e-36
-3.328036882670516179e-53
0
0
DERIV 34
-9.826850460668745616e-38
-8.036470872012042088e-54
0
0
DERIV 35
2.8930760182957417999e-39
-5.128110137305130915e-56
0
0
AT 33/256
0.9923722338277403132
3.269555556419430469e-17
0
0
DERIV 1
-0.11331586061008799837
3.963197849606617637e-19
0
0
DERIV 2
-0.3828702563037821860
1.1011478048571099882e-17
0
0
DERIV 3
0.2741328143042027765
6.470749144606946620e-18
0
0
DERIV 4
-0.10516055246011954405
4.729315262537539516e-19
0
0
DERIV 5
0.028357580268837678100
1.8117932265887392614e-19
0
0
DERIV 6
-0.005947175007608574218
-4.231021869567778593e-19
0
0
DERIV 7
0.0010240123767253624196
-1.0026788876323278353e-19
0
0
DERIV 8
-0.00014980354047404461737
1.3261615306366649046e-20
0
0
DERIV 9
1.9067281539713213192e-5
-4.857970680671067586e-23
0
0
DERIV 10
-2.148972524897702408e-6
-1.7528124858736731674e-22
0
0
DERIV 11
2.1738335416582580609e-7
-1.3778587789409717847e-24
0
0
DERIV 12
-1.9950464142048979342e-8
1.1564741100051130334e-24
0
0
DERIV 13
1.6758191361753184770e-9
-6.834030911970651119e-26
0
0
DERIV 14
-1.2978479889290823593e-10
-8.237782376702621345e-27
0
0
DERIV 15
9.324548727743392522e-12
-7.147577317379392313e-30
0
0
DERIV 16
-6.247985955808063819e-13
1.5594751115035090109e-30
0
0
DERIV 17
3.922428798103827682e-14
1.3277248427295041497e-30
0
0
DERIV 18
-2.3164287443610951267e-15
1.0517637502547230782e-31
0
0
DERIV 19
1.2914370414023725047e-16
8.689327294938196666e-33
0
0
DERIV 20
-6.818505297284001897e-18
-2.780305414579711449e-34
0
0
DERIV 21
3.418964470264829442e-19
-2.0805950747774571489e-35
0
0
DERIV 22
-1.6322825709585021951e-20
-1.0110484559221147950e-36
0
0
DERIV 23
7.436914707416167420e-22
3.053581488830559475e-38
0
0
DERIV 24
-3.240395279806041286e-23
-1.2241262194516151710e-39
0
0
DERIV 25
1.3528304392754719295e-24
-9.010393485364698261e-41
0
0
DERIV 26
-5.421164487032796126e-26
-4.713731992297991091e-42
0
0
DERIV 27
2.0885685099452740367e-27
2.475938172200114076e-44
0
0
DERIV 28
-7.747494003533972192e-29
-4.727136248334872132e-45
0
0
DERIV 29
2.7709706059528946995e-30
1.6608727014826406300e-46
0
0
DERIV 30
-9.567971851715882678e-32
4.301969585333662723e-48
0
0
DERIV 31
3.193346779652294862e-33
2.8106535058804887202e-49
0
0
DERIV 32
-1.0313284457790672972e-34
-5.211296194566818852e-52
0
0
DERIV 33
3.226472796717552393e-36
2.5138046344212150806e-52
0
0
DERIV 34
-9.787376114567890795e-38
-8.516147047124430866e-54
0
0
DERIV 35
2.8814646732677426544e-39
-7.006440816938424197e-56
0
0
AT 17/128
0.9919237679258831042
2.947488200158540064e-17
0
0
DERIV 1
-0.11629451072234492370
4.583870219513535287e-18
0
0
DERIV 2
-0.3796673732405966284
-1.9321311220306234066e-17
0
0
DERIV 3
0.2724940006141219340
-1.5638679838677011550e-17
0
0
DERIV 4
-0.10460805253701123407
-4.448338620117097628e-18
0
0
DERIV 5
0.028218520984098400400
-9.081775119729245602e-19
0
0
DERIV 6
-0.005919238576799092273
3.931796754623178455e-19
0
0
DERIV 7
0.0010193414747021595224
7.449798357934139522e-20
0
0
DERIV 8
-0.00014913467980412755342
9.203794016085904048e-21
0
0
DERIV 9
1.8983519474498347320e-5
1.4375272765129928090e-21
0
0
DERIV 10
-2.139651897076030443e-6
7.139254913489937206e-23
0
0
DERIV 11
2.1645016788202052284e-7
1.0527529456790422393e-23
0
0
DERIV 12
-1.9865543911578949527e-8
-1.8989023762478304128e-25
0
0
DERIV 13
1.6687364486915016774e-9
-1.1758081352759557319e-26
0
0
DERIV 14
-1.2923958106813238054e-10
-1.8218695591016270151e-27
0
0
DERIV 15
9.285580101029548006e-12
-1.9346260743582543952e-28
0
0
DERIV 16
-6.221992581781418411e-13
-4.227379454434401638e-29
0
0
DERIV 17
3.906175059070217617e-14
1.9723605668085985378e-30
0
0
DERIV 18
-2.3068636009991246018e-15
-1.4802891589181255207e-31
0
0
DERIV 19
1.2861210247153893338e-16
-6.908073560104332815e-33
0
0
DERIV 20
-6.790516560314090603e-18
-7.114624260263884549e-35
0
0
DERIV 21
3.404965712881540480e-19
7.544441350295983747e-37
0
0
DERIV 22
-1.6256145960580907720e-20
-1.8806622680270967025e-38
0
0
DERIV 23
7.406597845403278643e-22
-1.5095248376466168780e-38
0
0
DERIV 24
-3.227210892803292543e-23
2.7400800843421561827e-39
0
0
DERIV 25
1.3473357400087540646e-24
1.8680656837856958733e-42
0
0
DERIV 26
-5.399181241908428350e-26
5.601414016318368456e-42
0
0
DERIV 27
2.0801118316006101979e-27
3.620054525027232899e-44
0
0
DERIV 28
-7.716167524781570214e-29
-5.190579153840142996e-45
0
0
DERIV 29
2.7597807663510707561e-30
-9.561065108399750313e-47
0
0
DERIV 30
-9.529380367878895662e-32
1.4680830833557271293e-48
0
0
DERIV 31
3.180481133737921028e-33
9.932248283851669600e-50
0
0
DERIV 32
-1.0271776876306668264e-34
-5.618340445557414735e-51
0
0
DERIV 33
3.213500063540101126e-36
1.2496079506887545771e-52
0
0
DERIV 34
-9.748060198803920097e-38
-9.638515110201171538e-54
0
0
DERIV 35
2.8698998921399707035e-39
-5.597237512358049135e-56
0
0
AT 35/256
0.9914637154465896218
-4.631670352184364789e-17
0
0
DERIV 1
-0.11924821319804342068
9.448082677200186066e-19
0
0
DERIV 2
-0.3764836445252513486
-1.9419819930241564736e-17
0
0
DERIV 3
0.2708637985498414946
-1.2653532405452131657e-17
0
0
DERIV 4
-0.10405826223114979234
-1.3067740082967752681e-18
0
0
DERIV 5
0.028080114964967844982
-1.6201713379715747380e-18
0
0
DERIV 6
-0.005891429580617620933
-3.993937234531066274e-19
0
0
DERIV 7
0.0010146914286296097440
8.040785562974861495e-20
0
0
DERIV 8
-0.00014846875750351636340
2.5186693325898146332e-21
0
0
DERIV 9
1.8900120714259055780e-5
-9.235618934293114706e-22
0
0
DERIV 10
-2.130371281701629021e-6
-1.6326306063898246139e-22
0
0
DERIV 11
2.1552095381612299739e-7
-8.121587066516741235e-24
0
0
DERIV 12
-1.9780982592826337010e-8
-7.182832373155139902e-25
0
0
DERIV 13
1.6616835154596738183e-9
3.493374266014402931e-27
0
0
DERIV 14
-1.2869664180838011411e-10
-4.790161284907819858e-27
0
0
DERIV 15
9.246773596071283715e-12
-3.472992245669862388e-28
0
0
DERIV 16
-6.196106919739932617e-13
2.7868909036821548625e-30
0
0
DERIV 17
3.889988436432537378e-14
-2.7633207464475653988e-30
0
0
DERIV 18
-2.2973378314152594269e-15
9.426798353946124602e-32
0
0
DERIV 19
1.2808268294334491967e-16
7.095056569468951663e-33
0
0
DERIV 20
-6.762642422189073534e-18
1.5337818586947549940e-34
0
0
DERIV 21
3.391024141529000016e-19
1.8482029498983094432e-35
0
0
DERIV 22
-1.6189738035135774911e-20
1.1794733524777316751e-36
0
0
DERIV 23
7.376404335831502256e-22
1.9626318261216197528e-38
0
0
DERIV 24
-3.214080056103104831e-23
2.0200373944618573746e-39
0
0
DERIV 25
1.3418633222438999494e-24
1.1397989401591391724e-41
0
0
DERIV 26
-5.377287007871376939e-26
-2.5363431214184877162e-42
0
0
DERIV 27
2.0716893473635557427e-27
6.841582154559122226e-44
0
0
DERIV 28
-7.684967550121460223e-29
-3.429948240095304981e-45
0
0
DERIV 29
2.7486360599808647048e-30
-4.271606720315081395e-47
0
0
DERIV 30
-9.490944365250062606e-32
-8.038347587068445330e-50
0
0
DERIV 31
3.167667267923841988e-33
-1.5341531519618226211e-49
0
0
DERIV 32
-1.0230436185360641209e-34
-6.884408629810953257e-51
0
0
DERIV 33
3.200579441957356911e-36
7.655932118028570578e-53
0
0
DERIV 34
-9.708902078037356679e-38
-2.6592330342479644732e-55
0
0
DERIV 35
2.8583814883260885812e-39
1.3455559926937060472e-55
0
0
AT 9/64
0.9909921735498055106
-2.3585032327964091357e-17
0
0
DERIV 1
-0.12217711728696231677
-3.555883486493352431e-18
0
0
DERIV 2
-0.3733189694879404108
-1.2407175965153515401e-17
0
0
DERIV 3
0.2692421658731206646
4.238168621913083677e-18
0
0
DERIV 4
-0.10351116881256529345
-5.711082249798567935e-18
0
0
DERIV 5
0.027942359231370086231
-9.143702348395612063e-21
0
0
DERIV 6
-0.005863747450037852353
2.512414249753110215e-19
0
0
DERIV 7
0.0010100621468829556072
8.332046756089737222e-20
0
0
DERIV 8
-0.00014780576082720585504
5.660634020516656743e-21
0
0
DERIV 9
1.8817083699338028044e-5
-1.6622292120123424779e-21
0
0
DERIV 10
-2.121130508454207050e-6
1.0014331939031226001e-22
0
0
DERIV 11
2.1459569517951010771e-7
7.009941522521514457e-24
0
0
DERIV 12
-1.9696778677992543707e-8
1.4820016692656172561e-24
0
0
DERIV 13
1.6546602121301981717e-9
-1.0325770502050924622e-25
0
0
DERIV 14
-1.2815597163402531291e-10
-3.333840267539146976e-27
0
0
DERIV 15
9.208128541059575298e-12
-1.2545615221703747670e-28
0
0
DERIV 16
-6.170328524906747280e-13
-1.7548271263325640401e-29
0
0
DERIV 17
3.873868653912505919e-14
2.1545096940263548120e-30
0
0
DERIV 18
-2.2878512739855470214e-15
1.5825026521438933799e-31
0
0
DERIV 19
1.2755543662091996134e-16
-3.0631401585179657809e-33
0
0
DERIV 20
-6.734882414761609689e-18
3.439799574378676120e-34
0
0
DERIV 21
3.377139523084390638e-19
2.0847224522177008692e-35
0
0
DERIV 22
-1.6123600827257212396e-20
-1.7762124234976368626e-37
0
0
DERIV 23
7.346333677685341211e-22
6.582987163357380316e-39
0
0
DERIV 24
-3.201002552553506777e-23
1.9909909963728564614e-40
0
0
DERIV 25
1.3364130957619152370e-24
-4.404219919273684749e-41
0
0
DERIV 26
-5.355481425009337162e-26
-8.037927451464641281e-43
0
0
DERIV 27
2.0633009191494873733e-27
5.278036268720818917e-44
0
0
DERIV 28
-7.653893569309384741e-29
8.096038410283957387e-47
0
0
DERIV 29
2.7375363050046404950e-30
-7.058392142483646611e-47
0
0
DERIV 30
-9.452663218066125886e-32
-2.3838886734175273720e-48
0
0
DERIV 31
3.154904974016167139e-33
-2.0291256392566655981e-49
0
0
DERIV 32
-1.0189261714550514006e-34
1.0256928705971411496e-50
0
0
DERIV 33
3.187710722818334880e-36
-2.4724603610782736078e-52
0
0
DERIV 34
-9.669901119474594725e-38
-2.786380582706531767e-54
0
0
DERIV 35
2.8469092759868824657e-39
-1.3803413930318704993e-55
0
0
AT 37/256
0.9905092388140033233
-3.1557616043194299784e-18
0
0
DERIV 1
-0.12508137145432807191
7.597907597773434760e-18
0
0
DERIV 2
-0.3701732479526735897
-6.020026795613719385e-18
0
0
DERIV 3
0.2676290605441704051
2.7470332641135740536e-18
0
0
DERIV 4
-0.10296675960936239880
-5.497777001693795868e-18
0
0
DERIV 5
0.027805250816536442732
-1.4076878144817745057e-18
0
0
DERIV 6
-0.005836191618533399968
-3.305214648364726624e-19
0
0
DERIV 7
0.0010054535382348658672
-9.921508869888077707e-20
0
0
DERIV 8
-0.00014714567708490572211
-2.712637385000633194e-22
0
0
DERIV 9
1.8734406876717024930e-5
-6.756817685650905292e-23
0
0
DERIV 10
-2.111929407733341332e-6
-5.876414062352417823e-23
0
0
DERIV 11
2.1367437525408912710e-7
-9.395909603808541012e-24
0
0
DERIV 12
-1.9612930665580449987e-8
1.5098462341141656943e-24
0
0
DERIV 13
1.6476664148707797192e-9
6.125350600898579498e-26
0
0
DERIV 14
-1.2761756110472432448e-10
6.814619920635159977e-27
0
0
DERIV 15
9.169644266959529530e-12
-4.155856006177227595e-28
0
0
DERIV 16
-6.144656954335898662e-13
5.048040263944605136e-29
0
0
DERIV 17
3.857815436365935765e-14
-1.0699247096689164443e-30
0
0
DERIV 18
-2.2784037677478050906e-15
1.6272800919019301713e-31
0
0
DERIV 19
1.2703035460602812257e-16
8.488626329610622787e-33
0
0
DERIV 20
-6.707236071792799802e-18
-3.364295053608571034e-34
0
0
DERIV 21
3.363311625373425542e-19
4.034459474679430479e-36
0
0
DERIV 22
-1.6057733235444995500e-20
1.3254404914802366068e-36
0
0
DERIV 23
7.316385371980972113e-22
-6.887517807568544747e-39
0
0
DERIV 24
-3.187978165881789144e-23
-2.0827427435339820066e-39
0
0
DERIV 25
1.3309849707086028040e-24
4.223409769536107205e-42
0
0
DERIV 26
-5.333764134863422698e-26
1.0073106630212201497e-42
0
0
DERIV 27
2.0549464094307364536e-27
-6.836750211086592570e-44
0
0
DERIV 28
-7.622945074156816925e-29
-3.803991872321870984e-45
0
0
DERIV 29
2.7264813203166024608e-30
1.3254930712390809725e-46
0
0
DERIV 30
-9.414536303079859269e-32
-1.9726831940946525369e-48
0
0
DERIV 31
3.142194044657325841e-33
5.831662483885080764e-50
0
0
DERIV 32
-1.0148252796164881090e-34
9.379734583289854648e-51
0
0
DERIV 33
3.174893697810793128e-36
-1.3773561915880675561e-52
0
0
DERIV 34
-9.631056692857711622e-38
-1.0195743309914872747e-53
0
0
DERIV 35
2.8354830700272702272e-39
2.992567191932602828e-56
0
0
AT 19/128
0.9900150072392392975
-3.195468864704663707e-19
0
0
DERIV 1
-0.12796112338466358871
6.083332044510640333e-18
0
0
DERIV 2
-0.3670463802349560600
-5.923558601275406738e-18
0
0
DERIV 3
0.2660244407207479900
-1.5568566683654110210e-17
0
0
DERIV 4
-0.10242502200746098073
-9.739453132762984519e-19
0
0
DERIV 5
0.027668786766946992794
1.1680064594932248913e-18
0
0
DERIV 6
-0.005808761522066965138
-1.2557417925829075054e-19
0
0
DERIV 7
0.0010008655118537283270
-1.2582810628146179100e-20
0
0
DERIV 8
-0.00014648849364080771202
1.3132399947259624811e-20
0
0
DERIV 9
1.8652088699988818093e-5
-4.847953146553078446e-22
0
0
DERIV 10
-2.102767810655455613e-6
-1.4307126395563430991e-22
0
0
DERIV 11
2.1275697739200269208e-7
1.2613244574931132111e-23
0
0
DERIV 12
-1.9529437060368209587e-8
-6.172769506777031527e-25
0
0
DERIV 13
1.6407020003643227538e-9
-6.012260470774770755e-26
0
0
DERIV 14
-1.2708140081925373681e-10
1.4703819041223471377e-27
0
0
DERIV 15
9.131320107498962119e-12
-7.098530977738654991e-28
0
0
DERIV 16
-6.119091766904795871e-13
-2.5100762971618737330e-29
0
0
DERIV 17
3.841828509778083155e-14
-5.644945436314571902e-33
0
0
DERIV 18
-2.2689951523989170158e-15
-1.7514182812303184712e-31
0
0
DERIV 19
1.2650742803678417808e-16
-4.613620743697826890e-33
0
0
DERIV 20
-6.679702928944424834e-18
9.512539331461151770e-35
0
0
DERIV 21
3.349540217166495712e-19
-9.080063941466667352e-36
0
0
DERIV 22
-1.5992134162672849855e-20
-5.137985095309334180e-37
0
0
DERIV 23
7.286558921758020522e-22
3.102860709415934406e-38
0
0
DERIV 24
-3.175006680690950133e-23
-1.3141998562841130597e-39
0
0
DERIV 25
1.3255788575930900756e-24
-2.904127631104471451e-42
0
0
DERIV 26
-5.312134780422307678e-26
-1.6754288931460298972e-42
0
0
DERIV 27
2.0466256812343447794e-27
-4.039211423285258856e-44
0
0
DERIV 28
-7.592121558522690655e-29
5.160641021929185317e-45
0
0
DERIV 29
2.7154709255398543453e-30
1.3099055301612542596e-47
0
0
DERIV 30
-9.376562999549959957e-32
2.6688487414188210350e-49
0
0
DERIV 31
3.129534273322711288e-33
1.0995654116164099195e-49
0
0
DERIV 32
-1.0107408765172228264e-34
-3.002846604296382743e-51
0
0
DERIV 33
3.162128159457873723e-36
2.1960271333190382874e-52
0
0
DERIV 34
-9.592368170454313541e-38
3.009198952119935861e-54
0
0
DERIV 35
2.8241026860933268682e-39
7.395643585027286621e-56
0
0
AT 39/256
0.9895095742501955893
-4.273171664764220639e-17
0
0
DERIV 1
-0.13081651998561907857
6.307884673109994398e-18
0
0
DERIV 2
-0.3639382671394786883
-1.2697601964917805486e-17
0
0
DERIV 3
0.2644282647572556710
-2.4967751020473527196e-17
0
0
DERIV 4
-0.10188594345033792632
-4.961708069772694310e-18
0
0
DERIV 5
0.027532964142272391833
-1.6241549538023057035e-18
0
0
DERIV 6
-0.005781456599079532431
7.070997906836243474e-20
0
0
DERIV 7
0.0009962979773019524105
-7.446410990394904087e-20
0
0
DERIV 8
-0.00014583419791335357945
1.8647468142592950177e-21
0
0
DERIV 9
1.8570127629329234552e-5
2.433764800508709006e-22
0
0
DERIV 10
-2.093645549050807270e-6
6.236597562650259177e-23
0
0
DERIV 11
2.1184348501533554363e-7
-3.926407350118612811e-24
0
0
DERIV 12
-1.9446296373383140483e-8
-9.209757707062575242e-25
0
0
DERIV 13
1.6337668458067938591e-9
7.671638098504693031e-26
0
0
DERIV 14
-1.2654748141534889717e-10
-9.023828604588843109e-27
0
0
DERIV 15
9.093155399157025579e-12
3.147185468511507925e-28
0
0
DERIV 16
-6.093632523306744726e-13
1.1722693611831594128e-29
0
0
DERIV 17
3.825907601259028472e-14
-2.1649652447112952790e-30
0
0
DERIV 18
-2.2596252682921410501e-15
5.014160555657761223e-32
0
0
DERIV 19
1.2598664808750523327e-16
1.0711176857565754694e-32
0
0
DERIV 20
-6.652282523771206056e-18
7.818095736057084549e-35
0
0
DERIV 21
3.335825068174832982e-19
2.3453626580891458589e-35
0
0
DERIV 22
-1.5926802516370332616e-20
2.910268623545459469e-37
0
0
DERIV 23
7.256853832071369171e-22
4.059501681273014552e-38
0
0
DERIV 24
-3.162087882456153617e-23
4.340776085821267937e-40
0
0
DERIV 25
1.3201946672863613116e-24
-4.850774562843219744e-41
0
0
DERIV 26
-5.290593006116389390e-26
5.571368814836657232e-42
0
0
DERIV 27
2.0383385981398303930e-27
-8.368908601455134916e-45
0
0
DERIV 28
-7.561422518305151940e-29
-4.992329662177586832e-45
0
0
DERIV 29
2.7045049410234667337e-30
-7.799640178339384841e-48
0
0
DERIV 30
-9.338742689230982224e-32
-4.109685762341085605e-49
0
0
DERIV 31
3.116925454317335993e-33
1.7174636471842567339e-49
0
0
DERIV 32
-1.0066728959210183909e-34
4.854541140051372970e-51
0
0
DERIV 33
3.149413901114755062e-36
-1.1263351998974899937e-52
0
0
DERIV 34
-9.553834927047414430e-38
-2.2421448746356386966e-54
0
0
DERIV 35
2.8127679405693168145e-39
5.079650491958831847e-57
0
0
AT 5/32
0.9889930346992072963
1.2954271726940615839e-17
0
0
DERIV 1
-0.13364770739178477577
4.250628278116979451e-18
0
0
DERIV 2
-0.3608488099578188724
-1.0727764141587286600e-17
0
0
DERIV 3
0.2628404912038433960
-1.2060312362380580155e-17
0
0
DERIV 4
-0.10134951143877012070
2.2982072570510788894e-18
0
0
DERIV 5
0.027397780015315877089
1.0715114960800432816e-18
0
0
DERIV 6
-0.005754276290479622136
2.881551966543153135e-20
0
0
DERIV 7
0.0009917508445342758557
2.820922575952355182e-20
0
0
DERIV 8
-0.00014518277737500428679
-3.694718675029648820e-21
0
0
DERIV 9
1.8488522131469343514e-5
4.292537922354282682e-22
0
0
DERIV 10
-2.084562455460487964e-6
1.8107712387661277684e-22
0
0
DERIV 11
2.1093388161582193028e-7
-5.542953832246258287e-24
0
0
DERIV 12
-1.9363507121875715021e-8
-1.3503496043547808623e-24
0
0
DERIV 13
1.6268608289050979160e-9
-4.305390218655446794e-26
0
0
DERIV 14
-1.2601579356954302549e-10
1.2717882946986287565e-26
0
0
DERIV 15
9.055149481152888821e-12
-7.983046584701175094e-28
0
0
DERIV 16
-6.068278786043484762e-13
2.660206418933058602e-29
0
0
DERIV 17
3.810052439039066768e-14
2.7751182770509366017e-30
0
0
DERIV 18
-2.2502939564344258245e-15
-1.4263959770393226379e-31
0
0
DERIV 19
1.2546800596856335519e-16
-9.101799092632001013e-33
0
0
DERIV 20
-6.624974395713108254e-18
-1.2544982445646886453e-34
0
0
DERIV 21
3.322165949046690439e-19
-2.2325126787222673427e-35
0
0
DERIV 22
-1.5861737208404740748e-20
-6.560636467096847525e-37
0
0
DERIV 23
7.227269609982996269e-22
-2.1862161219564320677e-38
0
0
DERIV 24
-3.149221557521203252e-23
2.7548256172300163375e-39
0
0
DERIV 25
1.3148323110197963190e-24
5.359870271620982939e-41
0
0
DERIV 26
-5.269138457811967060e-26
-4.581786508944988972e-42
0
0
DERIV 27
2.0300850242769612899e-27
-1.2635313145846311899e-43
0
0
DERIV 28
-7.530847451433362997e-29
-4.487904994137659640e-45
0
0
DERIV 29
2.6935831878395595493e-30
1.4700630469698031149e-47
0
0
DERIV 30
-9.301074756363312661e-32
-1.2508724996861701612e-49
0
0
DERIV 31
3.104367382772503028e-33
2.4093934340137257493e-49
0
0
DERIV 32
-1.0026212718574806549e-34
5.070013272991913306e-51
0
0
DERIV 33
3.136750716965314929e-36
3.151430131420152290e-53
0
0
DERIV 34
-9.515456339925377645e-38
9.111420192397556006e-54
0
0
DERIV 35
2.8014786505747405631e-39
-4.320621326737053267e-56
0
0
AT 41/256
0.9884654828692752693
1.6684152356655510462e-17
0
0
DERIV 1
-0.13645483096848581850
4.612331141190787030e-18
0
0
DERIV 2
-0.3577779104661518161
-1.2954407319518542261e-17
0
0
DERIV 3
0.2612610788055155231
-1.3843088490624076296e-18
0
0
DERIV 4
-0.10081571353057844354
1.7716883678244157341e-18
0
0
DERIV 5
0.027263231471955601953
-1.3333492950673688077e-18
0
0
DERIV 6
-0.005727220039632585288
-1.9284767256395998547e-19
0
0
DERIV 7
0.0009872240238960815987
-4.738880788308891771e-20
0
0
DERIV 8
-0.00014453421955200993648
3.674458561355395732e-21
0
0
DERIV 9
1.8407270679667741458e-5
-1.5836845970274191070e-22
0
0
DERIV 10
-2.075518363133437849e-6
-4.679953417470269648e-23
0
0
DERIV 11
2.1002815075455470526e-7
-8.820760597596010275e-24
0
0
DERIV 12
-1.9281067829293679096e-8
1.6241400584857428377e-24
0
0
DERIV 13
1.6199838278749586593e-9
7.710006688552945962e-26
0
0
DERIV 14
-1.2548632799700687056e-10
4.206896739991488209e-27
0
0
DERIV 15
9.017301695434445806e-12
-4.664664170082533815e-28
0
0
DERIV 16
-6.043030119417770648e-13
7.121500419970628623e-30
0
0
DERIV 17
3.794262752464125432e-14
-2.4639314678140160790e-30
0
0
DERIV 18
-2.2410010584837436039e-15
1.2159844517861217260e-31
0
0
DERIV 19
1.2495149292623835133e-16
-7.757806015382225227e-33
0
0
DERIV 20
-6.597778086087667600e-18
3.017102976224747513e-34
0
0
DERIV 21
3.308562631363531968e-19
1.3581499574516335690e-35
0
0
DERIV 22
-1.5796937155063133683e-20
4.832021128096958835e-37
0
0
DERIV 23
7.197805764553846728e-22
1.1799943324914757367e-38
0
0
DERIV 24
-3.136407493095029504e-23
1.0374507452219860677e-39
0
0
DERIV 25
1.3094917003837157787e-24
-6.592843336275366565e-41
0
0
DERIV 26
-5.247770782805460803e-26
5.523977872625491869e-42
0
0
DERIV 27
2.0218648243235380934e-27
-1.7627236658961004424e-43
0
0
DERIV 28
-7.500395857859318670e-29
5.461976952101366196e-45
0
0
DERIV 29
2.6827054877803943598e-30
1.4695569173325204221e-47
0
0
DERIV 30
-9.263558587663182638e-32
-4.061630257482378288e-48
0
0
DERIV 31
3.091859854642489567e-33
1.6678026620536393448e-49
0
0
DERIV 32
-9.985859386209932270e-35
-4.949889834357844118e-51
0
0
DERIV 33
3.124138402018813589e-36
8.131281264330057529e-53
0
0
DERIV 34
-9.477231788871870117e-38
7.221641455720927444e-54
0
0
DERIV 35
2.7902346339613927478e-39
1.2437746355858277240e-55
0
0
AT 21/128
0.9879270124770631600
3.698827252617340738e-17
0
0
DERIV 1
-0.13923803531555925539
1.2855953769572906175e-17
0
0
DERIV 2
-0.3547254709229723524
-3.594514417030696356e-18
0
0
DERIV 3
0.2596899865012414210
2.3383330329449075751e-17
0
0
DERIV 4
-0.10028453734037302836
2.4856655111758110132e-18
0
0
DERIV 5
0.027129315611087136823
1.3060142310108361116e-18
0
0
DERIV 6
-0.005700287292349945530
3.491681439455978096e-19
0
0
DERIV 7
0.0009827174261217192126
-6.890349391411426745e-20
0
0
DERIV 8
-0.00014388851202418076036
-4.497874413150029223e-21
0
0
DERIV 9
1.8326371753682959187e-5
4.506842677217262413e-22
0
0
DERIV 10
-2.066513106023472485e-6
1.6689202704170627829e-22
0
0
DERIV 11
2.0912627606169532354e-7
1.0316856339634263254e-23
0
0
DERIV 12
-1.9198977025256250728e-8
5.254414887578441185e-25
0
0
DERIV 13
1.6131357214388120557e-9
-6.213180941650050775e-26
0
0
DERIV 14
-1.2495907545138934851e-10
-1.1125502804556957871e-27
0
0
DERIV 15
8.979611386667093683e-12
5.826846937110826864e-28
0
0
DERIV 16
-6.017886089525977852e-13
-4.127350831377607229e-29
0
0
DERIV 17
3.778538271991190058e-14
-2.8549461974065851368e-30
0
0
DERIV 18
-2.2317464167464270920e-15
-1.9672766764199996629e-32
0
0
DERIV 19
1.2443710024257158387e-16
-9.908394521468952236e-33
0
0
DERIV 20
-6.570693138082349561e-18
3.533297003772528847e-34
0
0
DERIV 21
3.295014887636247319e-19
1.6537143294820961382e-35
0
0
DERIV 22
-1.5732401277034395080e-20
6.499161088989865631e-37
0
0
DERIV 23
7.168461806835742873e-22
3.383543227899599902e-38
0
0
DERIV 24
-3.123645477248192561e-23
-2.5489308608218244256e-39
0
0
DERIV 25
1.3041727473259304274e-24
-4.349575027453576966e-41
0
0
DERIV 26
-5.226489629817629436e-26
4.502395152700568808e-43
0
0
DERIV 27
2.0136778635031864161e-27
5.007130565372257174e-44
0
0
DERIV 28
-7.470067239549705448e-29
-2.7485354496952597175e-45
0
0
DERIV 29
2.6718716633554785936e-30
1.4859884372057853714e-46
0
0
DERIV 30
-9.226193572312725657e-32
3.898286840860393140e-48
0
0
DERIV 31
3.0794026667012434357e-33
2.426535824912935238e-50
0
0
DERIV 32
-9.945668307696556370e-35
-2.687326601987907919e-51
0
0
DERIV 33
3.111576752106584244e-36
-1.6383354255015788117e-52
0
0
DERIV 34
-9.439160656155881247e-38
4.178760478353939681e-54
0
0
DERIV 35
2.7790357093104326048e-39
7.052089064743176199e-56
0
0
AT 43/256
0.9873777166758805901
3.150230468211825363e-17
0
0
DERIV 1
-0.14199746427111326064
-6.015679970505509981e-18
0
0
DERIV 2
-0.3516913940668270344
-9.735472370553616062e-18
0
0
DERIV 3
0.2581271734230702330
7.492928242119996090e-18
0
0
DERIV 4
-0.09975597053929953495
1.6907545124242891995e-18
0
0
DERIV 5
0.026996029544566299552
1.7246093444871759438e-18
0
0
DERIV 6
-0.005673477496878782597
-5.298710658426591067e-20
0
0
DERIV 7
0.0009782309623328354527
3.603145591641013424e-20
0
0
DERIV 8
-0.00014324564242465919329
1.1299087432857651275e-20
0
0
DERIV 9
1.8245823839745990859e-5
1.1297047582136272668e-21
0
0
DERIV 10
-2.057546518786318651e-6
5.320715168035523618e-23
0
0
DERIV 11
2.0822824123618526832e-7
4.119365166808695055e-24
0
0
DERIV 12
-1.9117233245528464230e-8
-8.891167102155275894e-25
0
0
DERIV 13
1.6063163888237044374e-9
-1.1575116733049161813e-26
0
0
DERIV 14
-1.2443402672465851736e-10
1.1417185047697002856e-27
0
0
DERIV 15
8.942077902222543228e-12
-2.355884276693800880e-28
0
0
DERIV 16
-5.992846264250740609e-13
4.496553848474194191e-30
0
0
DERIV 17
3.762878729183759973e-14
-1.1477870549814417827e-30
0
0
DERIV 18
-2.2225298741745239871e-15
1.4635097316590843059e-31
0
0
DERIV 19
1.2392481923522005506e-16
2.5112177930303376759e-33
0
0
DERIV 20
-6.543719096746943014e-18
-3.739979582984797268e-36
0
0
DERIV 21
3.281522491301372952e-19
-1.9544634623837076771e-36
0
0
DERIV 22
-1.5668128499391393906e-20
1.4884860446409343796e-36
0
0
DERIV 23
7.139237249863319620e-22
8.062651836265449821e-40
0
0
DERIV 24
-3.110935298909398161e-23
-3.793745296236869430e-41
0
0
DERIV 25
1.2988753641502985065e-24
8.740435067840371762e-41
0
0
DERIV 26
-5.205294648987837640e-26
-5.216871146674472734e-42
0
0
DERIV 27
2.0055240075831585469e-27
-7.125438793264245005e-44
0
0
DERIV 28
-7.439861100477800837e-29
-2.3045048436981800373e-45
0
0
DERIV 29
2.6610815377886823685e-30
4.822331992904749535e-47
0
0
DERIV 30
-9.188979101950065349e-32
-1.0945388170036269724e-48
0
0
DERIV 31
3.0669956165390933465e-33
4.966298414417356126e-50
0
0
DERIV 32
-9.905638831242251341e-35
-2.690316497700338543e-51
0
0
DERIV 33
3.099065563878738174e-36
1.1602014366349251686e-52
0
0
DERIV 34
-9.401242326521765809e-38
1.1748309086328083995e-54
0
0
DERIV 35
2.7678816959294642242e-39
-3.960647359677069458e-56
0
0
AT 11/64
0.9868176880586512212
-3.352242876271569273e-17
0
0
DERIV 1
-0.14473326091526883541
-5.445458677969825401e-18
0
0
DERIV 2
-0.3486755831140567752
2.2206673059327674078e-17
0
0
DERIV 3
0.2565725988952493042
4.606844817195797573e-18
0
0
DERIV 4
-0.09923000085478658749
-4.153978496875204960e-18
0
0
DERIV 5
0.026863370397152169788
1.4312491578902920668e-18
0
0
DERIV 6
-0.005646790103891170462
-2.229688710024700571e-19
0
0
DERIV 7
0.0009737645440367113069
5.027950076494647840e-20
0
0
DERIV 8
-0.00014260559843969265151
3.0281636390093211917e-21
0
0
DERIV 9
1.8165625430532931432e-5
-6.183334772891722679e-22
0
0
DERIV 10
-2.048618436776667936e-6
9.002043280217532323e-23
0
0
DERIV 11
2.0733403004545843042e-7
-1.1227406708706618130e-23
0
0
DERIV 12
-1.9035835031995587170e-8
9.887328423308589708e-25
0
0
DERIV 13
1.5995257097592028375e-9
4.181392680439512346e-26
0
0
DERIV 14
-1.2391117264694335287e-10
8.478133190518483154e-27
0
0
DERIV 15
8.904700592167669679e-12
6.245594089038853797e-28
0
0
DERIV 16
-5.967910213253615140e-13
-5.689672147303870874e-30
0
0
DERIV 17
3.747283856707315760e-14
-1.9980297649207756749e-30
0
0
DERIV 18
-2.2133512743631562698e-15
1.5552377216443417363e-31
0
0
DERIV 19
1.2341464125731130608e-16
-6.347998954051960888e-33
0
0
DERIV 20
-6.516855508985982100e-18
-2.042596610381506672e-34
0
0
DERIV 21
3.268085216717333101e-19
5.220080360713520944e-36
0
0
DERIV 22
-1.5604117751573196662e-20
-1.7573064058469358824e-37
0
0
DERIV 23
7.110131608645995371e-22
-4.001087511246341965e-38
0
0
DERIV 24
-3.098276747862025188e-23
-1.7989758013533428601e-39
0
0
DERIV 25
1.2935994635152878014e-24
-2.4554951241664932598e-42
0
0
DERIV 26
-5.184185491868328875e-26
2.1794697364503318788e-42
0
0
DERIV 27
1.9974031228721412379e-27
-6.596167797031794889e-44
0
0
DERIV 28
-7.409776946615388430e-29
-2.4734577526052653435e-46
0
0
DERIV 29
2.6503349350153651287e-30
-1.5021420871658403104e-46
0
0
DERIV 30
-9.151914570659458222e-32
2.6729855905570046852e-48
0
0
DERIV 31
3.0546385025594728126e-33
8.471471272584087064e-50
0
0
DERIV 32
-9.865770307670638322e-35
-7.989211471329776975e-51
0
0
DERIV 33
3.086604634800886599e-36
-1.0223306873027866185e-52
0
0
DERIV 34
-9.363476187179332799e-38
-3.168573509059977923e-54
0
0
DERIV 35
2.7567724138496301802e-39
9.040442308975182118e-56
0
0
AT 45/256
0.9862470186608661704
1.0084849740872716436e-17
0
0
DERIV 1
-0.14744556757388363466
-1.3587370910254683793e-17
0
0
DERIV 2
-0.3456779417565494228
-1.9210629575810588706e-17
0
0
DERIV 3
0.2550262224333468830
1.9697577471520990481e-17
0
0
DERIV 4
-0.09870661607029433682
5.629884870038176470e-18
0
0
DERIV 5
0.026731335306450387801
-4.612752600284288766e-19
0
0
DERIV 6
-0.005620224566473651026
-3.808491041871576629e-19
0
0
DERIV 7
0.0009693180831246054436
2.1702291781652479191e-20
0
0
DERIV 8
-0.00014196836780840758484
-6.368997316967478488e-21
0
0
DERIV 9
1.8085775025137722531e-5
-3.919243327600452831e-22
0
0
DERIV 10
-2.039728696045237961e-6
1.0209411744863102412e-22
0
0
DERIV 11
2.0644362632515486405e-7
-8.028800824880325010e-26
0
0
DERIV 12
-1.8954780932637646511e-8
1.4457560178144574700e-24
0
0
DERIV 13
1.5927635644753117353e-9
-8.404590059563753759e-26
0
0
DERIV 14
-1.2339050408637614477e-10
2.6425464629082275071e-27
0
0
DERIV 15
8.867478809253429810e-12
3.248368402587710717e-28
0
0
DERIV 16
-5.943077507967782240e-13
4.935898057382551363e-29
0
0
DERIV 17
3.731753388324805714e-14
-3.190760771763833604e-31
0
0
DERIV 18
-2.2042104615478944794e-15
-1.5163072876483201733e-31
0
0
DERIV 19
1.2290655769729868577e-16
-1.8471126965215934400e-33
0
0
DERIV 20
-6.490101923551198116e-18
-1.947416532242811943e-34
0
0
DERIV 21
3.254702839160696251e-19
1.4232171264659746578e-35
0
0
DERIV 22
-1.5540367967367372903e-20
-5.596640564120897090e-37
0
0
DERIV 23
7.081144400159975838e-22
3.094715792323330139e-38
0
0
DERIV 24
-3.085669614740673239e-23
-9.687804163521768431e-40
0
0
DERIV 25
1.2883449584325426404e-24
3.883317691534083723e-42
0
0
DERIV 26
-5.163161811418522969e-26
6.795551664657760385e-43
0
0
DERIV 27
1.9893150762180760461e-27
-1.7135856168052857606e-43
0
0
DERIV 28
-7.379814285924717813e-29
-2.0639991133787173570e-45
0
0
DERIV 29
2.6396316796795148949e-30
1.4974050891552749907e-46
0
0
DERIV 30
-9.114999374961459388e-32
4.922877323914488593e-48
0
0
DERIV 31
3.0423311239756563837e-33
-1.5489562516732462507e-49
0
0
DERIV 32
-9.826062090410897025e-35
1.2696699672798668440e-51
0
0
DERIV 33
3.074193763150869208e-36
-9.225397176561303991e-53
0
0
DERIV 34
-9.325861627793973953e-38
-4.358788662327282163e-54
0
0
DERIV 35
2.7457076838227172317e-39
-3.092289958792904983e-56
0
0
AT 23/128
0.9856657999635236589
-2.0088190486987344883e-17
0
0
DERIV 1
-0.15013452582225855769
-9.807032529094800852e-18
0
0
DERIV 2
-0.3426983741595032718
1.9851127772588474834e-17
0
0
DERIV 3
0.2534880037433785982
-2.3477212216668779354e-18
0
0
DERIV 4
-0.09818580402506402183
-5.106329306153752661e-18
0
0
DERIV 5
0.026599921422856682290
-1.3095291684087690928e-18
0
0
DERIV 6
-0.005593780340116759862
4.332483520770341250e-19
0
0
DERIV 7
0.0009648914918701055740
-4.614017014385076661e-20
0
0
DERIV 8
-0.00014133393832258426084
1.1542766052340684946e-20
0
0
DERIV 9
1.8006271129045033845e-5
3.345310997114647870e-22
0
0
DERIV 10
-2.030877133335848419e-6
-9.163292697055275863e-23
0
0
DERIV 11
2.0555701397883578673e-7
-4.668871000267027839e-24
0
0
DERIV 12
-1.8874069501504080491e-8
-5.329523260647083384e-25
0
0
DERIV 13
1.5860298337003984876e-9
-1.0034790146792367836e-26
0
0
DERIV 14
-1.2287201194893559094e-10
-1.0125172157315745918e-26
0
0
DERIV 15
8.830411908903801618e-12
5.917832978245363829e-29
0
0
DERIV 16
-5.918347721590769067e-13
3.479092609934223663e-29
0
0
DERIV 17
3.716287058892153744e-14
1.4412641712525328905e-31
0
0
DERIV 18
-2.1951072806021418513e-15
1.7669342636299122366e-33
0
0
DERIV 19
1.2240055997881745743e-16
-4.211494780771230903e-33
0
0
DERIV 20
-6.463457891034003770e-18
1.5700593224486946647e-34
0
0
DERIV 21
3.241375134822445089e-19
-5.842686899764272801e-36
0
0
DERIV 22
-1.5476878084892348907e-20
-6.945307264871376932e-37
0
0
DERIV 23
7.052275143340294529e-22
-4.700251363024266624e-38
0
0
DERIV 24
-3.073113691027717843e-23
-1.0431107806572087949e-39
0
0
DERIV 25
1.2831117622654586080e-24
7.362430885797624818e-41
0
0
DERIV 26
-5.142223261999346993e-26
1.3102218334800961165e-42
0
0
DERIV 27
1.9812597350059854146e-27
-1.0586061496854194471e-43
0
0
DERIV 28
-7.349972628350494749e-29
2.981292240235780553e-45
0
0
DERIV 29
2.6289715971309008247e-30
1.4048098221174921225e-46
0
0
DERIV 30
-9.078232913803139747e-32
4.975729282834371203e-48
0
0
DERIV 31
3.0300732808075081951e-33
-3.946108914091769934e-50
0
0
DERIV 32
-9.786513535487309883e-35
8.991905976013474772e-52
0
0
DERIV 33
3.061832748015502078e-36
-7.787259673085343971e-53
0
0
DERIV 34
-9.288398040476829854e-38
-2.771570558037930634e-54
0
0
DERIV 35
2.7346873273182711593e-39
-1.6002682191803696571e-55
0
0
AT 47/256
0.9850741228960530060
2.986909568043738041e-19
0
0
DERIV 1
-0.15280027648882671398
1.0029949976070544933e-17
0
0
DERIV 2
-0.3397367849591997890
-1.0179295454472731835e-17
0
0
DERIV 3
0.2519579027209376543
-4.137319898239574616e-18
0
0
DERIV 4
-0.09766755261386883546
-6.334923968217123004e-18
0
0
DERIV 5
0.026469125909500654942
-7.286113697547862755e-19
0
0
DERIV 6
-0.005567456882704590118
1.0708989366347143978e-19
0
0
DERIV 7
0.0009604846829274863189
1.2565114720919844914e-20
0
0
DERIV 8
-0.00014070229782643247046
-5.053598209934808475e-21
0
0
DERIV 9
1.7927112254103239384e-5
5.720472545263816121e-22
0
0
DERIV 10
-2.022063586082509401e-6
2.6444935041651579901e-23
0
0
DERIV 11
2.0467417697769953205e-7
-9.046062154114778370e-24
0
0
DERIV 12
-1.8793699298688486452e-8
6.054863919919276834e-25
0
0
DERIV 13
1.5793243986591290994e-9
-1.3954415406919072421e-26
0
0
DERIV 14
-1.2235568717829048613e-10
-1.0423257233615863069e-26
0
0
DERIV 15
8.793499249204785408e-12
-5.594200530081256155e-28
0
0
DERIV 16
-5.893720429077210293e-13
-7.811289942532280992e-30
0
0
DERIV 17
3.700884604353782440e-14
3.770660297468089270e-31
0
0
DERIV 18
-2.1860415770345263428e-15
1.8213508050051857886e-31
0
0
DERIV 19
1.2189663956054127546e-16
2.3589728208061411905e-33
0
0
DERIV 20
-6.436922963858005931e-18
-3.746146195482360871e-34
0
0
DERIV 21
3.228101880804261390e-19
-9.374727525254588112e-36
0
0
DERIV 22
-1.5413647046579851618e-20
6.730407225475329691e-37
0
0
DERIV 23
7.023523359072872056e-22
-2.773212271639364896e-38
0
0
DERIV 24
-3.060608769049883893e-23
-2.7115844586900220138e-40
0
0
DERIV 25
1.2778997887277618497e-24
-1.0453409857976245703e-41
0
0
DERIV 26
-5.121369499367577628e-26
2.7930751285007181066e-42
0
0
DERIV 27
1.9732369671558095169e-27
1.4424419785544971232e-43
0
0
DERIV 28
-7.320251485811898256e-29
3.440680078932376884e-45
0
0
DERIV 29
2.6183545134222331320e-30
-1.6469705042926640785e-46
0
0
DERIV 30
-9.041614588548337115e-32
-9.726184019681058638e-50
0
0
DERIV 31
3.0178647738782465966e-33
-2.925705749503866030e-50
0
0
DERIV 32
-9.747124001508861788e-35
-7.040082207961309520e-51
0
0
DERIV 33
3.049521389287334940e-36
-2.5431041668679190978e-52
0
0
DERIV 34
-9.251084819774996753e-38
-6.705321203030886623e-55
0
0
DERIV 35
2.7237111665207253050e-39
3.268438835921090241e-56
0
0
AT 3/16
0.9844720778392254124
-5.024659738823913975e-18
0
0
DERIV 1
-0.15544295965882506949
5.175826634913604340e-18
0
0
DERIV 2
-0.3367930792607876644
2.5092078850127267314e-17
0
0
DERIV 3
0.2504358794503292462
2.4042673084206259412e-17
0
0
DERIV 4
-0.09715184978676566496
-2.345553051326114283e-19
0
0
DERIV 5
0.026338945942189800897
1.6672460294056229710e-18
0
0
DERIV 6
-0.005541253654504411930
-8.533723937030539465e-20
0
0
DERIV 7
0.0009560975693300747744
2.5988674262258303592e-20
0
0
DERIV 8
-0.00014007343421636848056
-4.973289291094836815e-21
0
0
DERIV 9
1.7848296918497512327e-5
1.1206806764916207611e-21
0
0
DERIV 10
-2.013287892406519461e-6
-5.593963909669703755e-23
0
0
DERIV 11
2.0379509936029887891e-7
1.9079122023263189547e-24
0
0
DERIV 12
-1.8713668890303454702e-8
1.2087072610215977729e-24
0
0
DERIV 13
1.5726471410704101982e-9
7.754170119174856190e-26
0
0
DERIV 14
-1.2184152075564403109e-10
-1.0695944156086825422e-28
0
0
DERIV 15
8.756740190893440419e-12
5.220480782653134553e-28
0
0
DERIV 16
-5.869195207131633504e-13
2.943223736707631629e-29
0
0
DERIV 17
3.685545761738156316e-14
5.577480142679287676e-31
0
0
DERIV 18
-2.1770131969863068585e-15
1.7440322523308701284e-31
0
0
DERIV 19
1.2139478793603940152e-16
4.662826906112579311e-33
0
0
DERIV 20
-6.410496696271554598e-18
-8.901351895138935466e-36
0
0
DERIV 21
3.214882855114828226e-19
-1.7591097003158569126e-35
0
0
DERIV 22
-1.5350673799157409768e-20
2.375825366872878472e-37
0
0
DERIV 23
6.994888570186624329e-22
4.607167520994581279e-38
0
0
DERIV 24
-3.048154641974830243e-23
-2.8216366626551443350e-39
0
0
DERIV 25
1.2727089518820937034e-24
-8.125616937352944565e-41
0
0
DERIV 26
-5.100600180670211643e-26
-2.6985943971378122737e-43
0
0
DERIV 27
1.9652466411202513509e-27
-3.256915141338450787e-45
0
0
DERIV 28
-7.290650372194636928e-29
-1.1898328947166228462e-45
0
0
DERIV 29
2.6077802553063366671e-30
3.084483545206303338e-47
0
0
DERIV 30
-9.005143802967948942e-32
-2.5510562194006928104e-48
0
0
DERIV 31
3.0057054048112180187e-33
6.740937859011307135e-50
0
0
DERIV 32
-9.707892849658874040e-35
1.1175260180928333477e-51
0
0
DERIV 33
3.037259487661421810e-36
-1.9230814089987416002e-52
0
0
DERIV 34
-9.213921362661772021e-38
-4.814100554943048675e-54
0
0
DERIV 35
2.7127790243265408574e-39
5.340184564949967406e-56
0
0
AT 49/256
0.9838597546280496431
-2.997780137912422641e-17
0
0
DERIV 1
-0.15806271467794896779
1.3552286972712993233e-17
0
0
DERIV 2
-0.3338671626360758538
1.4366137168491207428e-18
0
0
DERIV 3
0.24892189420370872122
6.035401565191391546e-18
0
0
DERIV 4
-0.09663868354884803946
-3.1374185923331226942e-18
0
0
DERIV 5
0.026209378709353779030
1.6470867490644022996e-18
0
0
DERIV 6
-0.005515170118156325664
1.9161697791446592615e-19
0
0
DERIV 7
0.0009517300644886220401
-1.6521046823368573509e-20
0
0
DERIV 8
-0.00013944733544079255562
4.580680573389195816e-21
0
0
DERIV 9
1.7769823646723038451e-5
3.409072303549203696e-22
0
0
DERIV 10
-2.004549891113579351e-6
-6.260903373613289345e-23
0
0
DERIV 11
2.0291976523225954542e-7
-4.709951401126310770e-24
0
0
DERIV 12
-1.8633976848455534713e-8
7.579811784596176097e-25
0
0
DERIV 13
1.5659979431453415560e-9
-5.460585388837401192e-26
0
0
DERIV 14
-1.2132950369957881367e-10
-5.453792321252464524e-27
0
0
DERIV 15
8.720134097346977994e-12
2.640326109406457596e-28
0
0
DERIV 16
-5.844771634201271855e-13
-1.7011554753581416077e-29
0
0
DERIV 17
3.670270269153342737e-14
-8.303472952540071201e-32
0
0
DERIV 18
-2.1680219872287885474e-15
-9.759314206365590030e-32
0
0
DERIV 19
1.2089499663363438910e-16
8.353306272433668562e-33
0
0
DERIV 20
-6.384178644340311884e-18
1.5131951500773284348e-34
0
0
DERIV 21
3.201717836666144704e-19
-1.3665243150001000205e-35
0
0
DERIV 22
-1.5287957293630942264e-20
-2.707048282311927129e-37
0
0
DERIV 23
6.966370301445593330e-22
-1.5244554195876883512e-38
0
0
DERIV 24
-3.035751103807751363e-23
2.6125943144392108258e-39
0
0
DERIV 25
1.2675391661386019426e-24
7.598838097791309970e-41
0
0
DERIV 26
-5.079914964438859913e-26
-7.340683448072056605e-43
0
0
DERIV 27
1.9572886258826282905e-27
1.6280016162925148674e-43
0
0
DERIV 28
-7.261168803343034403e-29
4.586161623591165496e-45
0
0
DERIV 29
2.5972486502333381610e-30
-3.875066247830347703e-47
0
0
DERIV 30
-8.968819963230261166e-32
5.584701348335005816e-49
0
0
DERIV 31
2.9935949760266865760e-33
2.991609748295947270e-50
0
0
DERIV 32
-9.668819443684672507e-35
-7.260950140385284908e-51
0
0
DERIV 33
3.025046844632106323e-36
-1.3484621016846705617e-53
0
0
DERIV 34
-9.176907068526941367e-38
-1.7614415390700025164e-54
0
0
DERIV 35
2.7018907243413562726e-39
-2.071405248063648487e-56
0
0
AT 25/128
0.9832372425546537231
4.426675570102252656e-17
0
0
DERIV 1
-0.16065968015598916518
-1.2493990754109813756e-17
0
0
DERIV 2
-0.3309589411213377241
1.8116188519227467070e-17
0
0
DERIV 3
0.24741590744022332049
1.3134519125890753199e-17
0
0
DERIV 4
-0.09612804196000018786
-3.4510126702761799367e-18
0
0
DERIV 5
0.026080421411988911201
-1.3579890593562343141e-18
0
0
DERIV 6
-0.005489205738662963734
1.6292796440002908500e-19
0
0
DERIV 7
0.0009473820821896822286
-1.4217774129621782009e-20
0
0
DERIV 8
-0.00013882398949986764496
1.2261467444749616169e-20
0
0
DERIV 9
1.7691690969558331205e-5
8.608303308731446101e-22
0
0
DERIV 10
-1.995849421690915073e-6
1.3393483467206550207e-22
0
0
DERIV 11
2.0204815876599968863e-7
8.730322799763780399e-24
0
0
DERIV 12
-1.8554621751220290669e-8
-2.638966715772948925e-25
0
0
DERIV 13
1.5593766875851748133e-9
9.068467672533238277e-26
0
0
DERIV 14
-1.2081962706590251389e-10
5.254525195098585931e-27
0
0
DERIV 15
8.683680334571882216e-12
3.446730834252028337e-28
0
0
DERIV 16
-5.820449290468915095e-13
-2.4588312060411990593e-29
0
0
DERIV 17
3.655057865782590511e-14
1.2543334802929829404e-30
0
0
DERIV 18
-2.1590677951607491444e-15
-1.4408966059425758059e-31
0
0
DERIV 19
1.2039725721626043371e-16
-8.983422937504345152e-34
0
0
DERIV 20
-6.357968365939861071e-18
1.2843204077355747373e-34
0
0
DERIV 21
3.188606605269857067e-19
1.9254791206872487342e-35
0
0
DERIV 22
-1.5225496485267400749e-20
-8.690129993062813495e-37
0
0
DERIV 23
6.937968079541106098e-22
-4.611860843280327119e-38
0
0
DERIV 24
-3.023397949387986029e-23
-2.5894742244140743927e-39
0
0
DERIV 25
1.2623903462535380815e-24
9.740270149264316950e-42
0
0
DERIV 26
-5.059313510584160380e-26
1.2212383026145904325e-42
0
0
DERIV 27
1.9493627909547369105e-27
-9.718291764826619624e-44
0
0
DERIV 28
-7.231806297052140608e-29
-3.096376946428815448e-45
0
0
DERIV 29
2.5867595263478597746e-30
-4.470977467839294852e-47
0
0
DERIV 30
-8.932642477891316475e-32
-2.0925748039829997440e-48
0
0
DERIV 31
2.9815332907386346180e-33
9.258521260859126812e-50
0
0
DERIV 32
-9.629903149887317793e-35
7.358806325391102931e-51
0
0
DERIV 33
3.012883262489818425e-36
-4.770643285598513616e-53
0
0
DERIV 34
-9.140041339167098417e-38
1.7190950860935186385e-54
0
0
DERIV 35
2.6910460908771500716e-39
-1.3052609409744088510e-55
0
0
AT 51/256
0.9826046303711529761
-3.892444798169153405e-17
0
0
DERIV 1
-0.16323399397045212922
1.2614091169149949156e-17
0
0
DERIV 2
-0.3280683212151243588
6.848132821695818641e-18
0
0
DERIV 3
0.24591787980515825152
2.5840881292207669598e-18
0
0
DERIV 4
-0.09561991313465209585
-1.8627217997517018926e-18
0
0
DERIV 5
0.025952071263602927848
-1.4657838577325261042e-18
0
0
DERIV 6
-0.005463359983379239247
3.772129983048847314e-19
0
0
DERIV 7
0.0009430535365939985218
5.103329300010310893e-20
0
0
DERIV 8
-0.00013820338444529893735
-1.1749968416287972692e-20
0
0
DERIV 9
1.7613897424038675533e-5
-3.564461696155722752e-22
0
0
DERIV 10
-1.987186324304413214e-6
-1.6520317192832709023e-22
0
0
DERIV 11
2.0118026420045083366e-7
6.326311752655118999e-24
0
0
DERIV 12
-1.8475602182617462882e-8
-3.374744180169735449e-27
0
0
DERIV 13
1.5527832575792837856e-9
-8.219450109056918770e-27
0
0
DERIV 14
-1.2031188194749404826e-10
8.010172339808741901e-27
0
0
DERIV 15
8.647378271193091939e-12
2.020407905582536794e-28
0
0
DERIV 16
-5.796227757845779782e-13
-3.843597772866023716e-29
0
0
DERIV 17
3.639908291879928041e-14
4.380247571480451688e-31
0
0
DERIV 18
-2.1501504688058743832e-15
9.498419059533916222e-32
0
0
DERIV 19
1.1990156128132219137e-16
1.1931161521070690279e-32
0
0
DERIV 20
-6.331865420748340316e-18
-3.077895285612752169e-34
0
0
DERIV 21
3.175548941633605204e-19
7.325527484577258080e-36
0
0
DERIV 22
-1.5163290333577493402e-20
8.860984575569654410e-37
0
0
DERIV 23
6.909681433083975083e-22
7.342252873345495702e-39
0
0
DERIV 24
-3.011094974385650713e-23
-2.3022859850792565548e-39
0
0
DERIV 25
1.2572624073278581689e-24
5.929424873029549243e-41
0
0
DERIV 26
-5.038795480390215690e-26
5.201378015259157480e-45
0
0
DERIV 27
1.9414690063747206811e-27
1.7352935877979583359e-44
0
0
DERIV 28
-7.202562373059888980e-29
-1.7871957668658995766e-46
0
0
DERIV 29
2.5763127124862280625e-30
-5.736575934067170346e-47
0
0
DERIV 30
-8.896610757885325268e-32
-5.156145615984969815e-48
0
0
DERIV 31
2.9695201529515779911e-33
-7.137814993682821777e-50
0
0
DERIV 32
-9.591143337111348241e-35
1.3819130268801348481e-51
0
0
DERIV 33
3.0007685443178834223e-36
-2.628346839381553268e-53
0
0
DERIV 34
-9.103323578776009188e-38
-2.055405547684912547e-56
0
0
DERIV 35
2.6802449489494140786e-39
8.357940614640760779e-56
0
0
AT 13/64
0.9819620062925025206
3.564169641672207410e-17
0
0
DERIV 1
-0.16578579327016276790
-1.3314229923923521937e-18
0
0
DERIV 2
-0.3251952098760885201
1.1266150399660226726e-17
0
0
DERIV 3
0.24442777212908614604
-1.1914792370312911691e-17
0
0
DERIV 4
-0.09511428524153568709
-4.233308220024867808e-18
0
0
DERIV 5
0.025824325490159970309
-4.864946550372987587e-19
0
0
DERIV 6
-0.005437632322002133693
1.2980281141558111780e-19
0
0
DERIV 7
0.0009387443422348960582
-3.582904645104467630e-20
0
0
DERIV 8
-0.00013758550838011447269
-4.977097582004612464e-21
0
0
DERIV 9
1.7536441553429659790e-5
1.6036473300433121002e-21
0
0
DERIV 10
-1.978560439795771527e-6
1.1103070590441118629e-22
0
0
DERIV 11
2.0031606584077970277e-7
-3.483546362826735239e-24
0
0
DERIV 12
-1.8396916732586228479e-8
1.4439427325166705409e-24
0
0
DERIV 13
1.5462175368031393177e-9
1.0242445960223859652e-25
0
0
DERIV 14
-1.1980625947415054142e-10
3.567636483544149659e-27
0
0
DERIV 15
8.611227278443216741e-12
5.906205709754138709e-28
0
0
DERIV 16
-5.772106619964415842e-13
-7.913366692062417846e-30
0
0
DERIV 17
3.624821288765777263e-14
-1.9828721638455718750e-30
0
0
DERIV 18
-2.1412698568102044539e-15
-1.5340660145897049304e-31
0
0
DERIV 19
1.1940790046055436143e-16
1.0557044142806326043e-32
0
0
DERIV 20
-6.305869370239109476e-18
1.9135175467991086894e-34
0
0
DERIV 21
3.162544627357380720e-19
2.1754978286419018851e-35
0
0
DERIV 22
-1.5101337802298465928e-20
1.3077964998574937593e-36
0
0
DERIV 23
6.881509892596726723e-22
-4.483441965325569271e-38
0
0
DERIV 24
-2.998841975298274725e-23
4.300168294030101833e-40
0
0
DERIV 25
1.2521552648058320319e-24
1.1395413757757601917e-42
0
0
DERIV 26
-5.018360536509054363e-26
-2.2680392029080055795e-42
0
0
DERIV 27
1.9336071427049520116e-27
5.906651244065295380e-44
0
0
DERIV 28
-7.173436553039268242e-29
2.6364395990851401374e-45
0
0
DERIV 29
2.5659080381736920452e-30
6.987312968429163977e-47
0
0
DERIV 30
-8.860724216515110547e-32
-1.2961814258447559221e-48
0
0
DERIV 31
2.9575553674573915637e-33
1.4680922132657085590e-49
0
0
DERIV 32
-9.552539376734594555e-35
-1.3163573805024373342e-51
0
0
DERIV 33
2.9887024939893454055e-36
1.3311341760662119941e-52
0
0
DERIV 34
-9.066753193935014146e-38
2.419036657944985199e-56
0
0
DERIV 35
2.6694871242743397097e-39
-1.4778805099362563109e-55
0
0
AT 53/256
0.9813094579993377753
5.147024491299400412e-17
0
0
DERIV 1
-0.16831521447885081089
-1.3768542521839069136e-17
0
0
DERIV 2
-0.3223395145208181045
1.5788995680970980585e-17
0
0
DERIV 3
0.24294554542702054278
-1.2857169302945628813e-17
0
0
DERIV 4
-0.09461114650344208676
-4.139023527151071812e-18
0
0
DERIV 5
0.025697181330025808260
1.6045784856169874434e-18
0
0
DERIV 6
-0.005412022226560533195
-3.968920443006267187e-19
0
0
DERIV 7
0.0009344544140166807832
8.076199941148138754e-21
0
0
DERIV 8
-0.00013697034945844637713
-6.548143899406248147e-21
0
0
DERIV 9
1.7459321907200853343e-5
-1.2922399685501589493e-21
0
0
DERIV 10
-1.969971609679655019e-6
-1.7019507945555581636e-23
0
0
DERIV 11
1.9945554805811134149e-7
1.0029404867521208230e-23
0
0
DERIV 12
-1.8318563996960564649e-8
-1.2418388616467096458e-24
0
0
DERIV 13
1.5396794094162963404e-9
4.804959764616584413e-27
0
0
DERIV 14
-1.1930275081243484054e-10
1.0397756769423857243e-26
0
0
DERIV 15
8.575226730151804581e-12
-3.014171525140263649e-28
0
0
DERIV 16
-5.748085462171637370e-13
-5.646842475012772876e-30
0
0
DERIV 17
3.609796598822586510e-14
6.587997209910535118e-31
0
0
DERIV 18
-2.1324258084395938707e-15
1.0251035026077996651e-31
0
0
DERIV 19
1.1891626641988161441e-16
-6.517861542683226290e-33
0
0
DERIV 20
-6.279979777673440047e-18
-2.991489372748996662e-34
0
0
DERIV 21
3.149593444929904739e-19
1.6495808017513803951e-35
0
0
DERIV 22
-1.5039637859376969804e-20
-4.352424351124600498e-37
0
0
DERIV 23
6.853452990505853523e-22
2.3459950272492433121e-38
0
0
DERIV 24
-2.986638749447455938e-23
-4.850671832591664381e-40
0
0
DERIV 25
1.2470688344736558248e-24
4.603350668338792640e-42
0
0
DERIV 26
-4.998008342955112630e-26
7.453667542110843316e-43
0
0
DERIV 27
1.9257770710299182407e-27
1.3445986089696813450e-43
0
0
DERIV 28
-7.144428360590537921e-29
-3.227935165768000314e-47
0
0
DERIV 29
2.5555453336216538932e-30
-1.2194711091175178991e-46
0
0
DERIV 30
-8.824982269442591130e-32
3.838186392719928724e-48
0
0
DERIV 31
2.9456387398321511733e-33
9.171224200571554842e-50
0
0
DERIV 32
-9.514090642658011537e-35
3.504014266949744779e-51
0
0
DERIV 33
2.9766849161638030270e-36
-9.673104004083671936e-53
0
0
DERIV 34
-9.030329593603465768e-38
3.907009380724008988e-54
0
0
DERIV 35
2.6587724432660114394e-39
-7.287963155597857724e-56
0
0
AT 27/128
0.9806470726407992000
-5.306768703832270115e-17
0
0
DERIV 1
-0.17082239329871984346
-7.946501348810727711e-18
0
0
DERIV 2
-0.3195011430216797010
-2.1030806363285747193e-17
0
0
DERIV 3
0.24147116089757311719
6.093095928449315937e-18
0
0
DERIV 4
-0.09411048519697991221
-5.919910036555664236e-18
0
0
DERIV 5
0.025570636033913310414
6.755304374183542990e-19
0
0
DERIV 6
-0.005386529171405106398
-2.784647792092928458e-20
0
0
DERIV 7
0.0009301836672130467561
5.382648837138113909e-20
0
0
DERIV 8
-0.00013635789588531337210
-1.3429117104839996110e-21
0
0
DERIV 9
1.7382537040999545164e-5
-1.2020834670543384517e-21
0
0
DERIV 10
-1.961419676140871518e-6
2.0828054867989544756e-22
0
0
DERIV 11
1.9859869528925346231e-7
1.2522875892133807832e-23
0
0
DERIV 12
-1.8240542577444734324e-8
-1.5594782764319843121e-24
0
0
DERIV 13
1.5331687600603858890e-9
-7.896490270931045805e-26
0
0
DERIV 14
-1.1880134716552359842e-10
-1.4551833761992364622e-27
0
0
DERIV 15
8.539376002734643377e-12
-5.839430135285987820e-28
0
0
DERIV 16
-5.724163871521486745e-13
-8.454828993945908535e-30
0
0
DERIV 17
3.594833965490483573e-14
-9.419801956482233871e-31
0
0
DERIV 18
-2.1236181735771756786e-15
1.8901011621192078417e-31
0
0
DERIV 19
1.1842665085927918553e-16
4.050513388120236022e-33
0
0
DERIV 20
-6.254196208093246712e-18
9.498260024978487188e-35
0
0
DERIV 21
3.136695177725016307e-19
-2.3275588910711587451e-35
0
0
DERIV 22
-1.4978189476951993726e-20
4.513347477588078635e-37
0
0
DERIV 23
6.825510261134112215e-22
3.686021105925076032e-38
0
0
DERIV 24
-2.974485094975530019e-23
1.9881520865673379118e-39
0
0
DERIV 25
1.2420030324580717420e-24
1.7061964704532292952e-41
0
0
DERIV 26
-4.977738565099736930e-26
4.502092070730729936e-43
0
0
DERIV 27
1.9179786629541187468e-27
8.645255735641752492e-44
0
0
DERIV 28
-7.115537321233471870e-29
-1.0765323041187584528e-45
0
0
DERIV 29
2.5452244297249083688e-30
-1.4957517721656972678e-46
0
0
DERIV 30
-8.789384334679305374e-32
-2.1674528577513663160e-49
0
0
DERIV 31
2.9337700764329837835e-33
1.0713004291503927018e-49
0
0
DERIV 32
-9.475796511295559000e-35
-1.9937871949232710367e-51
0
0
DERIV 33
2.9647156162842556394e-36
3.963490079620041062e-53
0
0
DERIV 34
-8.994052189109204728e-38
-5.151262842363627215e-54
0
0
DERIV 35
2.6481007330336165803e-39
1.3054514802198434900e-55
0
0
AT 55/256
0.9799749368373436020
2.6230077497237373452e-17
0
0
DERIV 1
-0.17330746471399968711
1.0086867248330273475e-17
0
0
DERIV 2
-0.3166800037046721417
4.553669618679952539e-18
0
0
DERIV 3
0.24000457992211471359
-9.342853556446500037e-18
0
0
DERIV 4
-0.09361228965233467370
-3.339749592715652497e-19
0
0
DERIV 5
0.025444686864828133799
6.007326615309510439e-19
0
0
DERIV 6
-0.005361152633198222259
-7.346349013614437794e-20
0
0
DERIV 7
0.0009259320174654888779
1.7012144978499599968e-20
0
0
DERIV 8
-0.00013574813591640396099
-6.813338822499123042e-21
0
0
DERIV 9
1.7306085516624648439e-5
-1.3574181111594013850e-21
0
0
DERIV 10
-1.952904482031551901e-6
-9.515204108426407699e-23
0
0
DERIV 11
1.9774549203642174130e-7
1.1833593111991940370e-23
0
0
DERIV 12
-1.8162851081588838024e-8
3.528123441970944873e-25
0
0
DERIV 13
1.5266854738571176692e-9
-3.469127145363916644e-26
0
0
DERIV 14
-1.1830203977305615799e-10
-3.913447572376205137e-28
0
0
DERIV 15
8.503674475183117525e-12
5.712663467397791510e-28
0
0
DERIV 16
-5.700341436768223993e-13
-3.611962489788580433e-29
0
0
DERIV 17
3.579933133262941384e-14
-2.6768488834382245970e-30
0
0
DERIV 18
-2.1148468027208418313e-15
1.8344773027743260113e-31
0
0
DERIV 19
1.1793904551263418305e-16
-7.158348565087578872e-33
0
0
DERIV 20
-6.228518228313834279e-18
-2.641604725455549007e-35
0
0
DERIV 21
3.123849609998076197e-19
-9.329448081832828274e-36
0
0
DERIV 22
-1.4916991631337846215e-20
-8.142710722255423614e-37
0
0
DERIV 23
6.797681240692838850e-22
2.605519548891396873e-38
0
0
DERIV 24
-2.962380810842248487e-23
-2.2293910377836001007e-39
0
0
DERIV 25
1.2369577752249925055e-24
-5.609187480079032477e-41
0
0
DERIV 26
-4.957550869665713383e-26
2.4817116091352978301e-42
0
0
DERIV 27
1.9102117905999692333e-27
-3.034139926691611556e-44
0
0
DERIV 28
-7.086762962399629834e-29
-5.386068400166939268e-45
0
0
DERIV 29
2.5349451580588962814e-30
3.088283988809086308e-47
0
0
DERIV 30
-8.753929832576975398e-32
4.106860227761602413e-48
0
0
DERIV 31
2.9219491843949340633e-33
1.2755345377839283891e-51
0
0
DERIV 32
-9.437656361564129722e-35
4.746993534357481074e-51
0
0
DERIV 33
2.9527944005739664727e-36
5.531522711730670152e-53
0
0
DERIV 34
-8.957920394139082021e-38
1.6903046386940718153e-54
0
0
DERIV 35
2.6374718213786632199e-39
-8.439931490833560445e-56
0
0
AT 7/32
0.9792931366835427864
-1.6873670136213671591e-17
0
0
DERIV 1
-0.17577056299448204357
8.010377442638413343e-18
0
0
DERIV 2
-0.3138760053472893219
-2.7329117990160489517e-17
0
0
DERIV 3
0.23854576406393990240
3.0065612785194678793e-18
0
0
DERIV 4
-0.09311654825302917438
7.741458599203068535e-19
0
0
DERIV 5
0.025319331098014673243
9.277923728873494631e-19
0
0
DERIV 6
-0.005335892090903919006
6.969982476812825568e-20
0
0
DERIV 7
0.0009216993807817226670
2.5112747103748164878e-20
0
0
DERIV 8
-0.00013514105785786069999
7.965775960139303272e-21
0
0
DERIV 9
1.7229965902000672937e-5
-9.895833267995025859e-22
0
0
DERIV 10
-1.944425870868348957e-6
3.411622604685932860e-23
0
0
DERIV 11
1.9689592286696641180e-7
1.0974830112000090595e-23
0
0
DERIV 12
-1.8085488122764488134e-8
4.190133068965888545e-25
0
0
DERIV 13
1.5202294364062902739e-9
-2.2540651518752088684e-27
0
0
DERIV 14
-1.1780481991098385025e-10
7.677753784216211472e-27
0
0
DERIV 15
8.468121529053606408e-12
-1.2054730130777790847e-28
0
0
DERIV 16
-5.676617748359347449e-13
-3.038545421986724387e-29
0
0
DERIV 17
3.565093847682465787e-14
-1.5504819914735773261e-30
0
0
DERIV 18
-2.1061115469807306699e-15
1.4783175973647157489e-31
0
0
DERIV 19
1.1745344214760714324e-16
-1.5128951023471517642e-33
0
0
DERIV 20
-6.202945406916686237e-18
-2.458506151534194717e-34
0
0
DERIV 21
3.111056526882388533e-19
-1.8724736694182287226e-36
0
0
DERIV 22
-1.4856043303007240532e-20
-3.267736921030601869e-37
0
0
DERIV 23
6.769965467274303379e-22
-9.142813337254842384e-39
0
0
DERIV 24
-2.950325696821477332e-23
1.0983401875328051323e-39
0
0
DERIV 25
1.2319329795781311797e-24
4.981813543678861234e-41
0
0
DERIV 26
-4.937444924721813911e-26
1.7895999489289376835e-42
0
0
DERIV 27
1.9024763266057149825e-27
-9.343330728739555686e-45
0
0
DERIV 28
-7.058104813424666001e-29
4.943377786459183628e-45
0
0
DERIV 29
2.5247073508769677512e-30
-1.2750480909725506698e-46
0
0
DERIV 30
-8.718618185818099771e-32
1.0314202957715712476e-48
0
0
DERIV 31
2.9101758716278408873e-33
1.6326052670934910688e-49
0
0
DERIV 32
-9.399669574873503055e-35
1.8616477803802662011e-51
0
0
DERIV 33
2.9409210760333341622e-36
-8.519595220364399022e-53
0
0
DERIV 34
-8.921933624729503017e-38
3.073146569158919595e-54
0
0
DERIV 35
2.6268855367922082706e-39
-6.453430447863291278e-56
0
0
AT 57/256
0.9786017577508663301
2.2295744264878828307e-17
0
0
DERIV 1
-0.17821182169903956871
9.329822667290328697e-18
0
0
DERIV 2
-0.3110890571763936241
7.277880815899170660e-18
0
0
DERIV 3
0.23709467506743567289
-1.7809617192096832279e-18
0
0
DERIV 4
-0.09262324943568503444
2.839907916132440589e-19
0
0
DERIV 5
0.025194566020902229436
6.693411597059093563e-19
0
0
DERIV 6
-0.005310747025777908664
-2.325800796224112477e-19
0
0
DERIV 7
0.0009174856735341112984
5.051475704197680352e-20
0
0
DERIV 8
-0.00013453665006606517376
-4.603322936931483871e-21
0
0
DERIV 9
1.7154176771151826136e-5
3.213668048462074833e-22
0
0
DERIV 10
-1.935983686829640905e-6
-1.8253191778752952511e-22
0
0
DERIV 11
1.9604997241309996975e-7
-1.2566811074524206519e-23
0
0
DERIV 12
-1.8008452320140589050e-8
-1.6361940789106705842e-24
0
0
DERIV 13
1.5138005337838090521e-9
4.594689673408210066e-26
0
0
DERIV 14
-1.1730967889142004202e-10
9.811776149578055034e-27
0
0
DERIV 15
8.432716548456913617e-12
-2.653349474470284083e-28
0
0
DERIV 16
-5.652992398428640675e-13
3.267414615495245913e-29
0
0
DERIV 17
3.550315855336299716e-14
1.9574515322658579217e-30
0
0
DERIV 18
-2.0974122580767254444e-15
1.6554272464052490235e-31
0
0
DERIV 19
1.1696983256549447270e-16
3.665258490846515740e-33
0
0
DERIV 20
-6.177477314242275640e-18
-2.101945520743771903e-34
0
0
DERIV 21
3.098315714385632524e-19
-1.9890000070725313355e-35
0
0
DERIV 22
-1.4795343476574415708e-20
3.090798563058950789e-37
0
0
DERIV 23
6.742362480844091512e-22
2.878649530247990571e-38
0
0
DERIV 24
-2.938319553497899757e-23
-4.033793826688873508e-40
0
0
DERIV 25
1.2269285626576377814e-24
8.959756070387440276e-41
0
0
DERIV 26
-4.917420399677368761e-26
2.0996222997479180486e-42
0
0
DERIV 27
1.8947721441233530770e-27
-1.2065671639175416260e-43
0
0
DERIV 28
-7.029562405540657732e-29
-2.2256753059984083240e-45
0
0
DERIV 29
2.5145108411076545820e-30
-2.752890783051111324e-47
0
0
DERIV 30
-8.683448819406595468e-32
-4.641444382935595249e-48
0
0
DERIV 31
2.8984499468132288889e-33
1.4879544966630571903e-49
0
0
DERIV 32
-9.361835535116355203e-35
2.6214899640649825211e-51
0
0
DERIV 33
2.9290954504367786443e-36
-1.1754900401498722454e-52
0
0
DERIV 34
-8.886091299257025798e-38
-3.480140436661837151e-54
0
0
DERIV 35
2.6163417084521002032e-39
9.216419068293908557e-57
0
0
AT 29/128
0.9779008850904525874
3.538501739089418663e-17
0
0
DERIV 1
-0.18063137367912818210
-9.364679708191044758e-18
0
0
DERIV 2
-0.3083190688660981116
-8.327828987256048559e-18
0
0
DERIV 3
0.23565127485725345657
-1.1391051134216736099e-17
0
0
DERIV 4
-0.09213238168978521436
1.7635820467748863823e-18
0
0
DERIV 5
0.025070388933051412916
-1.3588026199911776726e-19
0
0
DERIV 6
-0.005285716921357630146
-3.604373427548184016e-19
0
0
DERIV 7
0.0009132908124580989316
-4.350581488949970192e-20
0
0
DERIV 8
-0.00013393490094742419071
1.3440684226977023312e-20
0
0
DERIV 9
1.7078716704176222756e-5
-1.2531940250794421599e-21
0
0
DERIV 10
-1.927577774752753553e-6
1.1070934635230263057e-22
0
0
DERIV 11
1.9520762537162588495e-7
-7.346214823202278122e-26
0
0
DERIV 12
-1.7931742298659213291e-8
9.782942221520745355e-25
0
0
DERIV 13
1.5073986525397128690e-9
1.9642182168455889982e-26
0
0
DERIV 14
-1.1681660806249077810e-10
-6.476913345189792966e-27
0
0
DERIV 15
8.397458920047757551e-12
-3.004604965702587127e-29
0
0
DERIV 16
-5.629464980789247650e-13
1.0548055971761135390e-29
0
0
DERIV 17
3.535598903852145046e-14
3.544303015949542880e-31
0
0
DERIV 18
-2.0887487883359626968e-15
3.957906406449325941e-32
0
0
DERIV 19
1.1648820860109123592e-16
6.330490988854817176e-33
0
0
DERIV 20
-6.152113522382906812e-18
1.0615005553963090129e-34
0
0
DERIV 21
3.085626959386310083e-19
5.999596217602739772e-36
0
0
DERIV 22
-1.4734891140778344845e-20
-1.2441563104383334393e-36
0
0
DERIV 23
6.714871823233522306e-22
-2.967496471722716706e-38
0
0
DERIV 24
-2.926362182263741837e-23
-3.840249176498314491e-40
0
0
DERIV 25
1.2219444419387397471e-24
8.507816106912466087e-41
0
0
DERIV 26
-4.897476965276857390e-26
2.8055097256147790245e-43
0
0
DERIV 27
1.8870991168165610794e-27
1.6872149819502509500e-43
0
0
DERIV 28
-7.001135271868483621e-29
3.177005291884692304e-45
0
0
DERIV 29
2.5043554623519573473e-30
4.423729830062462021e-47
0
0
DERIV 30
-8.648421160658470477e-32
-2.901334693189489457e-48
0
0
DERIV 31
2.8867712194012095926e-33
1.5874484430227787458e-49
0
0
DERIV 32
-9.324153628658296222e-35
1.6250014301847661039e-51
0
0
DERIV 33
2.9173173323296397467e-36
1.4602874899647690980e-52
0
0
DERIV 34
-8.850392838428990827e-38
4.236014636633989131e-54
0
0
DERIV 35
2.6058401662202299352e-39
-3.466757589418236041e-56
0
0
AT 59/256
0.9771906032358648186
5.021981288522542649e-18
0
0
DERIV 1
-0.18302935108227308403
-9.928144789895171642e-18
0
0
DERIV 2
-0.3055659505356593253
7.417154145633899933e-18
0
0
DERIV 3
0.23421552553748506420
-3.2900786321067382715e-18
0
0
DERIV 4
-0.09164393355743759295
5.652872406522030112e-18
0
0
DERIV 5
0.024946797146100780501
1.3728019209501392889e-18
0
0
DERIV 6
-0.005260801263452341385
3.369802491860766125e-19
0
0
DERIV 7
0.0009091147146506502186
3.624592839819451702e-20
0
0
DERIV 8
-0.00013333579895815646623
-7.334685317260680378e-21
0
0
DERIV 9
1.7003584287220185786e-5
-7.557810400376623991e-22
0
0
DERIV 10
-1.919207980131187109e-6
-1.9086376209449902616e-22
0
0
DERIV 11
1.9436886650366874164e-7
-5.591095636408606097e-24
0
0
DERIV 12
-1.7855356689011553697e-8
1.4754080143019119828e-24
0
0
DERIV 13
1.5010236796962085186e-9
-7.449181558122225288e-26
0
0
DERIV 14
-1.1632559880818608262e-10
-1.5838090072324984146e-27
0
0
DERIV 15
8.362348033014294337e-12
4.889647449752660947e-28
0
0
DERIV 16
-5.606035090926781281e-13
-4.105816280933425553e-29
0
0
DERIV 17
3.520942741893899585e-14
-1.0508076824549802344e-30
0
0
DERIV 18
-2.0801209906903516878e-15
-1.2287322628837623865e-31
0
0
DERIV 19
1.1600856212255458369e-16
8.077586161226013849e-33
0
0
DERIV 20
-6.126853605175586325e-18
3.346190294072763493e-34
0
0
DERIV 21
3.072990049630210785e-19
-1.2123673357679913011e-35
0
0
DERIV 22
-1.4674685288466015634e-20
9.250076987361574676e-37
0
0
DERIV 23
6.687493038132086448e-22
1.3031868754726935154e-38
0
0
DERIV 24
-2.914453385315504058e-23
-2.0802816470841747439e-39
0
0
DERIV 25
1.2169805352303890126e-24
-2.917245555027427202e-41
0
0
DERIV 26
-4.877614293594524042e-26
-3.658928536915387865e-43
0
0
DERIV 27
1.8794571188586375489e-27
-3.149952678593693988e-44
0
0
DERIV 28
-6.972822947410209399e-29
-2.7822710710297909586e-45
0
0
DERIV 29
2.4942410488806401838e-30
8.916284813912591215e-47
0
0
DERIV 30
-8.613534639192533625e-32
3.998578388874321702e-48
0
0
DERIV 31
2.8751394996073975997e-33
-1.1326351834445949733e-49
0
0
DERIV 32
-9.286623244327955134e-35
3.048144907744119614e-51
0
0
DERIV 33
2.9055865310250884748e-36
1.6549967463796081711e-52
0
0
DERIV 34
-8.814837665274179837e-38
-3.742270465753068185e-54
0
0
DERIV 35
2.5953807406397931399e-39
5.612494272441416926e-56
0
0
AT 15/64
0.9764709962058341075
3.575939892248471851e-17
0
0
DERIV 1
-0.18540588535553811922
-9.249114090464217877e-18
0
0
DERIV 2
-0.3028296127473789623
1.9124990244850772132e-17
0
0
DERIV 3
0.23278738939084231419
2.6693133263246451083e-18
0
0
DERIV 4
-0.09115789363313958615
6.323452688309751259e-18
0
0
DERIV 5
0.024823787983713714589
1.5004896007042043252e-18
0
0
DERIV 6
-0.005235999540133253090
3.877132449402513524e-19
0
0
DERIV 7
0.0009049572975686980512
-4.324380595345720679e-20
0
0
DERIV 8
-0.00013273933260408071538
1.1631801917899130649e-20
0
0
DERIV 9
1.6928778112452683028e-5
1.0274362467246111767e-21
0
0
DERIV 10
-1.910874149111862480e-6
1.5466732109201651362e-22
0
0
DERIV 11
1.9353368063440512026e-7
-7.141731261373945207e-24
0
0
DERIV 12
-1.7779294127614017915e-8
1.5225311641737644116e-24
0
0
DERIV 13
1.4946755027457134070e-9
-7.180155899121661985e-26
0
0
DERIV 14
-1.1583664254821169986e-10
-5.209672184155153871e-27
0
0
DERIV 15
8.327383279067687600e-12
5.179631909192387941e-29
0
0
DERIV 16
-5.582702325992455137e-13
-4.962411626168578508e-30
0
0
DERIV 17
3.506347119157414902e-14
1.5070714726115411034e-30
0
0
DERIV 18
-2.0715287186741032903e-15
2.4067068994787533472e-32
0
0
DERIV 19
1.1553088503126774859e-16
-8.669975541928804417e-33
0
0
DERIV 20
-6.101697138194923251e-18
-3.969142407244476205e-35
0
0
DERIV 21
3.060404773726885489e-19
2.8708613481109203050e-36
0
0
DERIV 22
-1.4614724916575749998e-20
1.3360711088574872648e-36
0
0
DERIV 23
6.660225671079928732e-22
-8.857598643961057154e-39
0
0
DERIV 24
-2.902592965650710487e-23
-2.1933699554938906336e-39
0
0
DERIV 25
1.2120367606739138679e-24
-7.670291465311477198e-41
0
0
DERIV 26
-4.857832058029012825e-26
1.3273369680963442800e-42
0
0
DERIV 27
1.8718460249304454289e-27
1.6731269061745548178e-43
0
0
DERIV 28
-6.944624969041525402e-29
-4.275682109727871321e-45
0
0
DERIV 29
2.4841674356315378456e-30
1.6993415683567944446e-46
0
0
DERIV 30
-8.578788686921143824e-32
5.363788544406537739e-48
0
0
DERIV 31
2.8635545984098363531e-33
1.5986636481008585118e-49
0
0
DERIV 32
-9.249243773407100318e-35
4.259060647379838082e-51
0
0
DERIV 33
2.8939028566010486551e-36
3.594729425552174747e-53
0
0
DERIV 34
-8.779425205133531111e-38
3.897229399811442384e-54
0
0
DERIV 35
2.5849632629325649531e-39
-7.962964054953484736e-56
0
0
AT 61/256
0.9757421475069891770
-3.504267927764820086e-17
0
0
DERIV 1
-0.18776110724897898674
3.591175753229966804e-18
0
0
DERIV 2
-0.3001099665045156017
1.3930163885594133625e-17
0
0
DERIV 3
0.23136682887784021379
8.618411861151524943e-18
0
0
DERIV 4
-0.09067425056354380675
-5.470052921041940273e-18
0
0
DERIV 5
0.024701358781525514091
-3.245675958129686414e-19
0
0
DERIV 6
-0.005211311241723711081
2.327001801064939736e-19
0
0
DERIV 7
0.0009008184790275956463
-1.7455025940194096708e-20
0
0
DERIV 8
-0.00013214549044040407085
2.0839612600398881653e-22
0
0
DERIV 9
1.6854296778039855120e-5
-9.332565973928132120e-22
0
0
DERIV 10
-1.9025761284923701049e-6
5.257512628340495312e-23
0
0
DERIV 11
1.9270205265279588211e-7
-1.5562317043516319118e-24
0
0
DERIV 12
-1.7703553256584389048e-8
2.621328061797327422e-25
0
0
DERIV 13
1.4883540096489067154e-9
1.7369678647533943567e-26
0
0
DERIV 14
-1.1534973073784168809e-10
5.310253671608363467e-27
0
0
DERIV 15
8.292564052431715387e-12
7.325212907532049572e-28
0
0
DERIV 16
-5.559466284796241438e-13
-2.618024855666789114e-29
0
0
DERIV 17
3.491811786366271184e-14
-1.0979783838712883417e-30
0
0
DERIV 18
-2.0629718264212679541e-15
-3.840132744546643206e-33
0
0
DERIV 19
1.1505516926170448413e-16
6.353787975511458847e-33
0
0
DERIV 20
-6.076643698746059458e-18
-2.279234281182355580e-34
0
0
DERIV 21
3.047870921146140181e-19
2.2169788000320392571e-35
0
0
DERIV 22
-1.4555009026120629054e-20
1.3308455363523671709e-36
0
0
DERIV 23
6.633069269460347466e-22
-4.541518800319216897e-39
0
0
DERIV 24
-2.890780727064668520e-23
-3.2887715739103835085e-40
0
0
DERIV 25
1.2071130367416768732e-24
6.571567592658538236e-41
0
0
DERIV 26
-4.838129933298024613e-26
-2.2002177158640412147e-42
0
0
DERIV 27
1.8642657102183705006e-27
-1.6672183286934471667e-43
0
0
DERIV 28
-6.916540875504199748e-29
5.243160501794539732e-46
0
0
DERIV 29
2.4741344582068736196e-30
1.4327667129855055362e-46
0
0
DERIV 30
-8.544182738040997622e-32
-2.2771697510423301836e-48
0
0
DERIV 31
2.8520163275459406649e-33
1.3852753912811018574e-49
0
0
DERIV 32
-9.212014609620801597e-35
5.350201440882250494e-52
0
0
DERIV 33
2.8822661198971326102e-36
1.4011641748229818157e-52
0
0
DERIV 34
-8.744154885650868327e-38
-3.080007563055735858e-54
0
0
DERIV 35
2.5745875649961831619e-39
-3.441474680981781023e-56
0
0
AT 31/128
0.9750041401365717730
-5.039493792995140088e-17
0
0
DERIV 1
-0.19009514681908001865
-2.7431343930615621087e-18
0
0
DERIV 2
-0.2974069232492058124
-2.7570547873220565630e-17
0
0
DERIV 3
0.22995380663598388726
9.585695775780998895e-18
0
0
DERIV 4
-0.09019299304722479260
-2.4953022317887856451e-18
0
0
DERIV 5
0.024579506887090724759
-1.5628320672457041230e-18
0
0
DERIV 6
-0.005186735860789414183
-3.788892062453297878e-19
0
0
DERIV 7
0.0008966981771995774118
6.066924065903274179e-21
0
0
DERIV 8
-0.00013155426107151196456
1.2993448898515816856e-20
0
0
DERIV 9
1.6780138888119635043e-5
1.1693540415466303821e-21
0
0
DERIV 10
-1.8943137657182389133e-6
2.1745317910584465420e-23
0
0
DERIV 11
1.9187396751131945979e-7
9.479250549194262580e-24
0
0
DERIV 12
-1.7628132723718102122e-8
3.609383017042352520e-25
0
0
DERIV 13
1.4820590888327882138e-9
7.459443757572492153e-26
0
0
DERIV 14
-1.1486485486777138819e-10
-5.964132714207822911e-27
0
0
DERIV 15
8.257889749832432032e-12
1.0150211681342051572e-28
0
0
DERIV 16
-5.536326567800065397e-13
-1.3004377415835697681e-30
0
0
DERIV 17
3.477336495267565347e-14
-2.0763201780301244685e-30
0
0
DERIV 18
-2.0544501686632862932e-15
-2.2218283847231588860e-33
0
0
DERIV 19
1.1458140678129431750e-16
-3.930597272041174520e-33
0
0
DERIV 20
-6.051692865857625326e-18
9.666065771968645202e-36
0
0
DERIV 21
3.035388282214540416e-19
3.852439754226649969e-36
0
0
DERIV 22
-1.4495536622171957204e-20
-7.880119694550033910e-37
0
0
DERIV 23
6.606023382492334312e-22
-1.9749163950111316457e-38
0
0
DERIV 24
-2.879016474147242740e-23
1.7956103272948393205e-39
0
0
DERIV 25
1.2022092822357382849e-24
7.783533251100699552e-41
0
0
DERIV 26
-4.818507595432998623e-26
-2.2860046209493709898e-42
0
0
DERIV 27
1.8567160504122805545e-27
1.2897717938180545607e-43
0
0
DERIV 28
-6.888570207398567365e-29
1.1661233343554894057e-45
0
0
DERIV 29
2.4641419528705873991e-30
9.244941819040376458e-48
0
0
DERIV 30
-8.509716229023953989e-32
2.875362566798414020e-48
0
0
DERIV 31
2.8405244995094460875e-33
-5.271667662895311983e-50
0
0
DERIV 32
-9.174935149127632954e-35
1.7757327779877857716e-51
0
0
DERIV 33
2.8706761325115898640e-36
4.354201443316538776e-53
0
0
DERIV 34
-8.709026136763689962e-38
-4.236996971537146032e-54
0
0
DERIV 35
2.5642534794014450980e-39
-9.387213808517555695e-56
0
0
AT 63/256
0.9742570565851397246
-1.6898955507851463392e-17
0
0
DERIV 1
-0.19240813343217491593
-1.0670888643014460313e-17
0
0
DERIV 2
-0.2947203948603949186
-8.635209218688721501e-18
0
0
DERIV 3
0.22854828547895911228
-6.342500221519565445e-18
0
0
DERIV 4
-0.08971410983444663700
-5.361007659559128579e-18
0
0
DERIV 5
0.024458229659830701963
-3.140294866632617434e-19
0
0
DERIV 6
-0.005162272892128678958
-1.7921617605409036449e-19
0
0
DERIV 7
0.0008925963106122249092
4.319291180526293830e-20
0
0
DERIV 8
-0.00013096563315075838876
-7.597939093206977637e-21
0
0
DERIV 9
1.6706303052776520090e-5
-7.937660815922130636e-22
0
0
DERIV 10
-1.8860869088802105696e-6
3.1820934098017197417e-24
0
0
DERIV 11
1.9104941022570628601e-7
5.193686688963612534e-24
0
0
DERIV 12
-1.7553031182464603257e-8
-1.5915714331283354686e-24
0
0
DERIV 13
1.4757906291887449329e-9
1.0021304386219781210e-25
0
0
DERIV 14
-1.1438200646397124534e-10
3.518645702292569872e-27
0
0
DERIV 15
8.223359770487855857e-12
3.838109338984358986e-29
0
0
DERIV 16
-5.513282777111017730e-13
-3.965349960694072163e-29
0
0
DERIV 17
3.462920998627721245e-14
1.1829526883001984290e-30
0
0
DERIV 18
-2.0459636007265471668e-15
-5.856807748407935601e-32
0
0
DERIV 19
1.1410958959028797479e-16
-2.6279027549617875041e-33
0
0
DERIV 20
-6.026844220274725517e-18
-5.341557017502157830e-35
0
0
DERIV 21
3.022956648111929710e-19
6.758560994227178768e-36
0
0
DERIV 22
-1.4436306713842813485e-20
7.257530943316680045e-37
0
0
DERIV 23
6.579087561223137641e-22
3.764542562760907309e-38
0
0
DERIV 24
-2.867300012279641703e-23
1.4787160248995579993e-40
0
0
DERIV 25
1.1973254162865237068e-24
-2.559317296094960748e-41
0
0
DERIV 26
-4.798964721773810057e-26
-2.7799212792279910238e-42
0
0
DERIV 27
1.8491969217035010634e-27
-7.649564445056757643e-44
0
0
DERIV 28
-6.860712507176051551e-29
-2.8984194037834569028e-46
0
0
DERIV 29
2.4541897565456746182e-30
1.3317866529473881246e-46
0
0
DERIV 30
-8.475388598607887553e-32
2.2260492338571363409e-48
0
0
DERIV 31
2.8290789275473736791e-33
1.3475364566434086746e-49
0
0
DERIV 32
-9.138004790509909457e-35
-1.3545367207335094862e-51
0
0
DERIV 33
2.8591327067982655353e-36
-7.588681066146079132e-53
0
0
DERIV 34
-8.674038390693977485e-38
2.656281985899720525e-54
0
0
DERIV 35
2.5539608393896126866e-39
-3.976276055574218634e-56
0
0
AT 1/4
0.9735009788392561259
-4.054541253379328589e-17
0
0
DERIV 1
-0.19470019576785121962
2.5579673836328743996e-18
0
0
DERIV 2
-0.2920502936517768156
-1.0040836732365145349e-17
0
0
DERIV 3
0.22715022839582640901
1.0893492526909436430e-17
0
0
DERIV 4
-0.08923758972693181246
4.641848669452015196e-18
0
0
DERIV 5
0.024337524470981402452
-3.197459229541092999e-19
0
0
DERIV 6
-0.005137921832762740865
4.144466122634511648e-19
0
0
DERIV 7
0.0008885127981469400802
-2.3801023754329996386e-21
0
0
DERIV 8
-0.00013037959538025751236
9.384944640502251072e-22
0
0
DERIV 9
1.6632787888016391275e-5
-9.284155232450808179e-22
0
0
DERIV 10
-1.8778954067115279105e-6
-3.179710983592640391e-23
0
0
DERIV 11
1.9022836587467425450e-7
4.596059417233941686e-24
0
0
DERIV 12
-1.7478247291903831274e-8
-2.243297571263256172e-25
0
0
DERIV 13
1.4695485200706263152e-9
-5.327648707875276442e-26
0
0
DERIV 14
-1.1390117708754094088e-10
-3.884186707386811633e-28
0
0
DERIV 15
8.188973516097715042e-12
-3.099750516760701866e-28
0
0
DERIV 16
-5.490334516474604532e-13
3.363367952970064540e-29
0
0
DERIV 17
3.448565050228315644e-14
5.237686380156441722e-31
0
0
DERIV 18
-2.0375119785299571985e-15
-4.694559044720584403e-32
0
0
DERIV 19
1.1363970972162369372e-16
1.8243589056851482776e-33
0
0
DERIV 20
-6.002097344451955546e-18
-2.048600799136373217e-34
0
0
DERIV 21
3.010575810867965280e-19
-1.7390615034021501120e-35
0
0
DERIV 22
-1.4377318314271639039e-20
-9.979075721606183700e-37
0
0
DERIV 23
6.552261358520862560e-22
1.0749123830066410137e-38
0
0
DERIV 24
-2.855631147631218829e-23
-5.360294974304204373e-40
0
0
DERIV 25
1.1924613583514979848e-24
1.0273474025711022384e-41
0
0
DERIV 26
-4.779500990963494159e-26
1.7121574046477154424e-42
0
0
DERIV 27
1.8417082007827904966e-27
-7.094100700815538912e-44
0
0
DERIV 28
-6.832967319131712426e-29
3.751483845935161123e-45
0
0
DERIV 29
2.4442777068115374474e-30
-1.0405350770387409667e-46
0
0
DERIV 30
-8.441199287787591115e-32
-3.113225492261636539e-48
0
0
DERIV 31
2.8176794256570081115e-33
-3.378950585430567669e-50
0
0
DERIV 32
-9.101222934763970151e-35
-2.681899648470599966e-51
0
0
DERIV 33
2.8476356558635727638e-36
1.4391646700244334548e-52
0
0
DERIV 34
-8.639191081939047403e-38
3.695119725977593926e-54
0
0
DERIV 35
2.5437094788697302201e-39
9.507278125055909248e-56
0
0
AT 33/128
0.9719621662064544809
-1.3106591231037485664e-17
0
0
DERIV 1
-0.19922205891188196625
-5.416115175840508918e-18
0
0
DERIV 2
-0.2867590241913452465
-1.5786164824269662531e-17
0
0
DERIV 3
0.22437635927954382997
6.800866476215040151e-18
0
0
DERIV 4
-0.08829159429049314445
-2.0849195027517152500e-18
0
0
DERIV 5
0.024097819752220066974
-1.9996491310078882719e-19
0
0
DERIV 6
-0.005089553441056917683
3.096246353896675047e-19
0
0
DERIV 7
0.0008804005128681652954
-1.6585834836021655541e-20
0
0
DERIV 8
-0.00012921524534102493665
-1.3825526372386486187e-21
0
0
DERIV 9
1.6486714063725467554e-5
9.140518242219117680e-22
0
0
DERIV 10
-1.8616178645114832776e-6
6.663659171653268866e-24
0
0
DERIV 11
1.8859675660458360277e-7
5.879462607760214469e-24
0
0
DERIV 12
-1.7329627127192092488e-8
6.741006823639813137e-25
0
0
DERIV 13
1.4571429131283757071e-9
-9.897714156456118862e-26
0
0
DERIV 14
-1.1294554183596524437e-10
2.6241116510389739323e-27
0
0
DERIV 15
8.120629801326910984e-12
-6.940486707483290314e-28
0
0
DERIV 16
-5.444723008493419406e-13
-4.957071397086207701e-30
0
0
DERIV 17
3.420030818327952839e-14
9.074624273726124076e-31
0
0
DERIV 18
-2.0207129979809218580e-15
1.2418654310235079298e-31
0
0
DERIV 19
1.1270573024571243834e-16
-2.3184911329242972434e-33
0
0
DERIV 20
-5.952907240410923504e-18
2.537371055858271860e-34
0
0
DERIV 21
2.985965699302964054e-19
8.868063275749106208e-36
0
0
DERIV 22
-1.4260062113985986955e-20
-3.783678191591585689e-37
0
0
DERIV 23
6.498936029349546015e-22
1.3612218549340584701e-40
0
0
DERIV 24
-2.832435438590928509e-23
1.8666359331285197364e-39
0
0
DERIV 25
1.1827923459811515675e-24
8.799007176923334983e-41
0
0
DERIV 26
-4.740809678945892123e-26
-1.1454312539861009227e-42
0
0
DERIV 27
1.8268214915537212283e-27
8.562200138590598597e-45
0
0
DERIV 28
-6.777812665931484706e-29
-4.549254924880662139e-47
0
0
DERIV 29
2.4245734006993969274e-30
-1.2820875601403278819e-46
0
0
DERIV 30
-8.373233400143697706e-32
3.213803055145518531e-48
0
0
DERIV 31
2.7950178918137865371e-33
1.6374276823516508179e-49
0
0
DERIV 32
-9.028102347884859203e-35
1.7007622595902135107e-51
0
0
DERIV 33
2.8247799345004953055e-36
3.546321356226887965e-53
0
0
DERIV 34
-8.569915525684857281e-38
-3.099418938203999250e-54
0
0
DERIV 35
2.5233299352648805902e-39
-6.819091710650330894e-56
0
0
AT 17/64
0.9703883481521317078
-4.382330142782603583e-17
0
0
DERIV 1
-0.20366175208131157004
-1.3760832616964130930e-17
0
0
DERIV 2
-0.2815324219947542561
7.916907715248235335e-18
0
0
DERIV 3
0.22163190667672141854
1.0893321433809655020e-17
0
0
DERIV 4
-0.08735491817213118793
-6.106403026508847378e-18
0
0
DERIV 5
0.023860371935016406325
-1.8377303225911238047e-19
0
0
DERIV 6
-0.005041626705934428541
-3.712608295548302125e-19
0
0
DERIV 7
0.0008723606794332557264
7.192721356548987548e-21
0
0
DERIV 8
-0.00012806112153805626359
-1.0657125132593912396e-20
0
0
DERIV 9
1.6341906460772841658e-5
7.625147710611552594e-22
0
0
DERIV 10
-1.8454799417317209820e-6
-1.0561759759679229735e-23
0
0
DERIV 11
1.8697902158055978973e-7
5.095010612760896064e-24
0
0
DERIV 12
-1.7182261613943898012e-8
3.337523794566090489e-25
0
0
DERIV 13
1.4448413920134214436e-9
2.734439194803889732e-26
0
0
DERIV 14
-1.1199788229892890116e-10
-3.0415828648475839935e-27
0
0
DERIV 15
8.052853868364703849e-12
1.8301372695705649043e-28
0
0
DERIV 16
-5.399488906333841927e-13
-4.386151922219696615e-29
0
0
DERIV 17
3.391731849964555746e-14
-3.386384490239605014e-31
0
0
DERIV 18
-2.0040520861260282540e-15
-1.9541982246162125542e-31
0
0
DERIV 19
1.1177940526576452493e-16
-1.3612666315540332160e-33
0
0
DERIV 20
-5.904119247297429831e-18
-2.902753768884117358e-34
0
0
DERIV 21
2.961556300622206810e-19
-1.1300651860171587604e-35
0
0
DERIV 22
-1.4143760206311337967e-20
2.877856969990404249e-37
0
0
DERIV 23
6.446043854060833342e-22
4.154050124875526280e-38
0
0
DERIV 24
-2.809427812023278537e-23
-1.4992558507548020747e-40
0
0
DERIV 25
1.1732016072751504686e-24
7.990088565404652064e-41
0
0
DERIV 26
-4.702431114388422081e-26
2.4909128058055866341e-42
0
0
DERIV 27
1.8120549461635737448e-27
5.018112525279406263e-44
0
0
DERIV 28
-6.723102638749836325e-29
-5.277740338994476240e-45
0
0
DERIV 29
2.4050277481974568132e-30
-1.1026847197381115277e-46
0
0
DERIV 30
-8.305814138845301248e-32
7.082655384051884334e-49
0
0
DERIV 31
2.7725384248491655602e-33
3.461580198790596349e-50
0
0
DERIV 32
-8.955568644374521500e-35
-1.8428463840523739861e-51
0
0
DERIV 33
2.8021074882107275836e-36
-4.258176088350324340e-53
0
0
DERIV 34
-8.501194989141069850e-38
2.5467725604014204435e-54
0
0
DERIV 35
2.5031135331136134207e-39
-1.5690453079712661536e-55
0
0
AT 35/128
0.9687801626962299073
2.0287684150361605153e-17
0
0
DERIV 1
-0.20802028033354630354
7.101853216991176207e-20
0
0
DERIV 2
-0.2763698010145686501
-1.0214860607350713676e-17
0
0
DERIV 3
0.21891658073197015066
6.798070649538824191e-18
0
0
DERIV 4
-0.08642747361477103041
6.704061597719452009e-18
0
0
DERIV 5
0.023625160409309901161
4.479187803888921370e-19
0
0
DERIV 6
-0.004994137682610933111
3.199383100764253028e-20
0
0
DERIV 7
0.0008643926614766974867
2.1497112464195347620e-20
0
0
DERIV 8
-0.00012691713532255057386
1.7987047051397210651e-21
0
0
DERIV 9
1.6198354217834883147e-5
8.075531875294383263e-22
0
0
DERIV 10
-1.8294804510941927531e-6
9.614233181480277078e-23
0
0
DERIV 11
1.8537504367317244789e-7
-7.583805786891380125e-25
0
0
DERIV 12
-1.7036140225118189153e-8
-1.6045974022130769816e-24
0
0
DERIV 13
1.4326430880106674777e-9
2.902008015753733190e-26
0
0
DERIV 14
-1.1105813221516024630e-10
2.2562396576830242579e-27
0
0
DERIV 15
7.985641019113425388e-12
-2.3586120678380358559e-29
0
0
DERIV 16
-5.354629098260105210e-13
3.393694485843408212e-29
0
0
DERIV 17
3.363666211514305025e-14
2.0337905114011836093e-30
0
0
DERIV 18
-1.9875281114014813299e-15
-1.2056693425577894828e-32
0
0
DERIV 19
1.1086067220850957778e-16
1.2330600045276706701e-33
0
0
DERIV 20
-5.855730085583902061e-18
3.219902545145391087e-34
0
0
DERIV 21
2.937345981305868686e-19
1.3629543433522130433e-35
0
0
DERIV 22
-1.4028404839612008300e-20
1.1253760263785881356e-36
0
0
DERIV 23
6.393581320402004501e-22
1.1246760059235464902e-38
0
0
DERIV 24
-2.786606745332828871e-23
2.3904325633491756046e-39
0
0
DERIV 25
1.1636885095325954007e-24
6.920070315363345871e-41
0
0
DERIV 26
-4.664362772815613692e-26
2.7966095510175654151e-42
0
0
DERIV 27
1.7974075959138512164e-27
-7.066594394253049354e-44
0
0
DERIV 28
-6.668833657565056608e-29
2.8069246882008811297e-46
0
0
DERIV 29
2.3856394733036707837e-30
-1.6875704916735761319e-46
0
0
DERIV 30
-8.238937112179578672e-32
5.265260309476687505e-48
0
0
DERIV 31
2.7502395634452431357e-33
1.6769282886117427744e-49
0
0
DERIV 32
-8.883617118125937812e-35
-2.6924492816375599989e-52
0
0
DERIV 33
2.7796168486319668456e-36
-7.161339164404584478e-53
0
0
DERIV 34
-8.433025029273656473e-38
-2.731129502852937203e-54
0
0
DERIV 35
2.4830589674572435659e-39
-2.502789811251219212e-56
0
0
AT 9/32
0.9671382400484156427
8.203959287199984649e-18
0
0
DERIV 1
-0.21229863805940832333
9.707540289777845219e-18
0
0
DERIV 2
-0.2712704819647995258
1.3946055682251076738e-17
0
0
DERIV 3
0.21623009431976772388
2.9624939713507656258e-18
0
0
DERIV 4
-0.08550917366281723941
1.9825109767418464416e-18
0
0
DERIV 5
0.023392164749138508184
4.466496915171688176e-19
0
0
DERIV 6
-0.004947082460952261819
1.8980188133080385403e-19
0
0
DERIV 7
0.0008564958281497293260
-1.8397818024116830767e-20
0
0
DERIV 8
-0.00012578319880614193026
-1.0406316651508407993e-20
0
0
DERIV 9
1.6056046565951967968e-5
6.857446234383792905e-22
0
0
DERIV 10
-1.8136182153443722498e-6
8.200306499349872078e-23
0
0
DERIV 11
1.8378470673577704223e-7
5.134021894942367921e-25
0
0
DERIV 12
-1.6891252521535777873e-8
-7.068023724422115563e-25
0
0
DERIV 13
1.4205471396223183268e-9
-1.0134736628493101740e-25
0
0
DERIV 14
-1.1012622587167305232e-10
1.3181681251459570839e-27
0
0
DERIV 15
7.918986594212034715e-12
-4.163168181193485991e-28
0
0
DERIV 16
-5.310140498111999546e-13
4.654723507681042336e-29
0
0
DERIV 17
3.335831985200868648e-14
1.3794650813455785538e-31
0
0
DERIV 18
-1.9711399514937758942e-15
-4.369965000907458463e-32
0
0
DERIV 19
1.0994946901101533941e-16
3.115386967455490685e-33
0
0
DERIV 20
-5.807736502433703119e-18
2.819019263050552727e-34
0
0
DERIV 21
2.913333121103161020e-19
1.9385515070649899757e-35
0
0
DERIV 22
-1.3913988325107303889e-20
2.980634444820819931e-37
0
0
DERIV 23
6.341544944553462940e-22
2.3490830156498159788e-38
0
0
DERIV 24
-2.763970728231635266e-23
-6.235626865170004947e-40
0
0
DERIV 25
1.1542524251597311176e-24
-5.049003277813103336e-41
0
0
DERIV 26
-4.626602150103107610e-26
-9.318639692835979069e-43
0
0
DERIV 27
1.7828784799058191284e-27
-1.2784371343482113330e-43
0
0
DERIV 28
-6.615002171148564628e-29
-5.494984962706127412e-46
0
0
DERIV 29
2.3664073102677060603e-30
-1.2219616774604787958e-46
0
0
DERIV 30
-8.172597963682907790e-32
2.2123923427103383354e-49
0
0
DERIV 31
2.7281198580021920138e-33
1.6126395659871181475e-49
0
0
DERIV 32
-8.812243100736576470e-35
1.4236567287601507273e-51
0
0
DERIV 33
2.7573065591564552412e-36
-5.676034859159410490e-53
0
0
DERIV 34
-8.365401238588260473e-38
3.223838399942929764e-54
0
0
DERIV 35
2.4631649437676989382e-39
-1.5337339379628345337e-56
0
0
AT 37/128
0.9654632026910006104
5.539131140036792332e-17
0
0
DERIV 1
-0.21649780908828500370
5.914419516908716978e-18
0
0
DERIV 2
-0.2662337922572153293
-5.854499601463766666e-18
0
0
DERIV 3
0.21357216301952439141
-1.7086661211137607014e-18
0
0
DERIV 4
-0.08459993215499425623
5.968137296617013126e-18
0
0
DERIV 5
0.023161364711021481533
-9.140428318096714723e-19
0
0
DERIV 6
-0.004900457165174018116
-4.146740087437187000e-19
0
0
DERIV 7
0.0008486695540730176393
2.1495260554785138119e-20
0
0
DERIV 8
-0.00012465922485443265387
-1.8410727414352515063e-21
0
0
DERIV 9
1.5914972827748679598e-5
-1.3952543602829382975e-21
0
0
DERIV 10
-1.7978920671671506178e-6
4.069161307816534453e-23
0
0
DERIV 11
1.8220789559631212368e-7
-2.4146440775878998778e-24
0
0
DERIV 12
-1.6747588151149363215e-8
-1.1090009165258550672e-24
0
0
DERIV 13
1.4085526925081578732e-9
-3.660845931422270602e-26
0
0
DERIV 14
-1.0920209809924581915e-10
-1.8855648161351173729e-27
0
0
DERIV 15
7.852885972717739395e-12
-5.743907297144580821e-28
0
0
DERIV 16
-5.266020045095264103e-13
-2.1318834586752597159e-29
0
0
DERIV 17
3.308227268965848216e-14
-5.773724472996764466e-31
0
0
DERIV 18
-1.9548864932642546973e-15
-1.5700767019206171697e-32
0
0
DERIV 19
1.0904573411653416998e-16
5.719628270468617555e-33
0
0
DERIV 20
-5.760135271484326313e-18
9.376174181554256430e-35
0
0
DERIV 21
2.889516112924734946e-19
1.2760863401646182136e-35
0
0
DERIV 22
-1.3800503036362686683e-20
3.435271997810443228e-37
0
0
DERIV 23
6.289931270898906704e-22
2.445230509909681920e-38
0
0
DERIV 24
-2.741518262639907070e-23
2.5360017783820351708e-39
0
0
DERIV 25
1.1448927316287743571e-24
-6.241193835062151785e-41
0
0
DERIV 26
-4.589146762313791687e-26
-9.373327860074535565e-43
0
0
DERIV 27
1.7684666449777741043e-27
1.4231772772752008632e-44
0
0
DERIV 28
-6.561604656833582854e-29
2.3586149301336431421e-45
0
0
DERIV 29
2.3473300035086602122e-30
6.831621921494782078e-47
0
0
DERIV 30
-8.106792371858214447e-32
-5.050770409372405662e-48
0
0
DERIV 31
2.7061778705443747960e-33
1.4056708058955807978e-49
0
0
DERIV 32
-8.741441961206562334e-35
1.8240257450490131245e-51
0
0
DERIV 33
2.7351751748369553013e-36
3.981526444851418098e-53
0
0
DERIV 34
-8.298319244846116696e-38
-1.4925700686905322779e-54
0
0
DERIV 35
2.4434301778642050944e-39
4.305799417953309176e-56
0
0
AT 19/64
0.9637556654610459628
-2.1984012178660601324e-17
0
0
DERIV 1
-0.22061876679228761833
-6.671673676535668637e-18
0
0
DERIV 2
-0.2612590659382353353
-1.0091895849762942671e-17
0
0
DERIV 3
0.21094250509087150713
-6.037911628549883278e-18
0
0
DERIV 4
-0.08369966371724947563
3.859947135088520323e-18
0
0
DERIV 5
0.022932740232356214199
-5.481938822171910699e-19
0
0
DERIV 6
-0.004854257953543755083
-4.085265373577021934e-19
0
0
DERIV 7
0.0008409132192897345818
-4.460451581309654672e-21
0
0
DERIV 8
-0.00012354512708058086449
-3.2062222142011659121e-21
0
0
DERIV 9
1.5775122416660545893e-5
2.1526366447959531231e-23
0
0
DERIV 10
-1.7823008491034329676e-6
9.249401972545385321e-23
0
0
DERIV 11
1.8064449604916466300e-7
-1.2200101535664534664e-23
0
0
DERIV 12
-1.6605136848319615914e-8
-1.0737056148575507975e-24
0
0
DERIV 13
1.3966588994263215776e-9
-5.884781168767193361e-26
0
0
DERIV 14
-1.0828568426793814499e-10
-6.068003637505541479e-28
0
0
DERIV 15
7.787334571790222482e-12
-7.774698759210576624e-28
0
0
DERIV 16
-5.222264703573688122e-13
3.912755181811914268e-29
0
0
DERIV 17
3.280850176340286139e-14
2.7098476770614674472e-30
0
0
DERIV 18
-1.9387666326742762965e-15
-1.9436611262449989725e-31
0
0
DERIV 19
1.0814940647038330747e-16
-4.619358494622065753e-33
0
0
DERIV 20
-5.712923192632339828e-18
3.084729650435080787e-34
0
0
DERIV 21
2.865893362735958875e-19
1.2343263143514817668e-35
0
0
DERIV 22
-1.3687941408785039560e-20
7.937816982391836987e-39
0
0
DERIV 23
6.238736871797348357e-22
2.695364894798257206e-38
0
0
DERIV 24
-2.719247862587457299e-23
2.9490498622672989681e-40
0
0
DERIV 25
1.1356088114370744122e-24
-3.422989524579262566e-41
0
0
DERIV 26
-4.551994145535253291e-26
2.8967694607656745223e-43
0
0
DERIV 27
1.7541711456428167471e-27
-5.445938895859457532e-44
0
0
DERIV 28
-6.508637620285657158e-29
-8.824665421079725194e-46
0
0
DERIV 29
2.3284063075334376229e-30
1.9206541950957591105e-47
0
0
DERIV 30
-8.041516049894575980e-32
2.8756719087826232818e-49
0
0
DERIV 31
2.6844121746272126671e-33
1.5944185307303144006e-49
0
0
DERIV 32
-8.671209105639257644e-35
9.118387635868957409e-53
0
0
DERIV 33
2.7132212622934774653e-36
-1.3626468132504735627e-52
0
0
DERIV 34
-8.231774710782257541e-38
1.9975528432812313411e-54
0
0
DERIV 35
2.4238533958306367079e-39
-1.6088088589976439494e-56
0
0
AT 39/128
0.9620162356316553920
-1.2626424321260659212e-17
0
0
DERIV 1
-0.22466247418942850156
-2.0913406088493208725e-19
0
0
DERIV 2
-0.2563456436263991667
-2.1233229394113652636e-17
0
0
DERIV 3
0.20834084144917086601
9.564412670285104075e-18
0
0
DERIV 4
-0.08280828375571884503
6.239087986243223262e-18
0
0
DERIV 5
0.022706271429828991937
-1.9829826644865318165e-19
0
0
DERIV 6
-0.004808481018085702940
3.207227495352588260e-19
0
0
DERIV 7
0.0008332262092190343035
-2.4959274143077196887e-20
0
0
DERIV 8
-0.00012244081983894244806
-3.3595240362371244359e-21
0
0
DERIV 9
1.5636484836167291305e-5
-4.126188684122119138e-22
0
0
DERIV 10
-1.7668434134674309003e-6
-4.014329372962408153e-23
0
0
DERIV 11
1.7909439484710298829e-7
-7.238350061129725179e-24
0
0
DERIV 12
-1.6463888433097231948e-8
-1.9398584499958704122e-25
0
0
DERIV 13
1.3848649201745550750e-9
-8.595381152106591943e-27
0
0
DERIV 14
-1.0737692028264395847e-10
4.708271732819529346e-27
0
0
DERIV 15
7.722327846378456103e-12
-6.791584427311991215e-28
0
0
DERIV 16
-5.178871462862904451e-13
-8.770737182093785738e-30
0
0
DERIV 17
3.253698836317220425e-14
-1.6684437852862235519e-30
0
0
DERIV 18
-1.9227792747109950778e-15
1.9599934491921014578e-31
0
0
DERIV 19
1.0726042551585851892e-16
-9.042121475002294587e-34
0
0
DERIV 20
-5.666097091820076118e-18
3.206779065778938946e-34
0
0
DERIV 21
2.842463289451059753e-19
1.0130731945802987846e-35
0
0
DERIV 22
-1.3576295939122023850e-20
-1.2372970716266799884e-36
0
0
DERIV 23
6.187958347356979020e-22
-3.955081357949534208e-38
0
0
DERIV 24
-2.697158054115956176e-23
2.7264165818805183984e-39
0
0
DERIV 25
1.1264000520666015553e-24
6.331199373280347159e-41
0
0
DERIV 26
-4.515141855718542004e-26
1.7436910577932855839e-42
0
0
DERIV 27
1.7399910440271227606e-27
-6.400181916017059785e-44
0
0
DERIV 28
-6.456097595275027644e-29
2.2057746375628734687e-45
0
0
DERIV 29
2.3096349868557793116e-30
-1.7339516191402674451e-46
0
0
DERIV 30
-7.976764745389071137e-32
3.563065687183154834e-48
0
0
DERIV 31
2.6628213552447992522e-33
2.720116795512178324e-50
0
0
DERIV 32
-8.601539976944238753e-35
9.158384996489047497e-52
0
0
DERIV 33
2.6914433996207513057e-36
8.072169461481897228e-53
0
0
DERIV 34
-8.165763333825954305e-38
2.1587646963236038935e-54
0
0
DERIV 35
2.4044333339335271184e-39
1.0381822387688788972e-55
0
0
AT 5/16
0.9602455129924672983
5.260030456635817563e-17
0
0
DERIV 1
-0.22862988404582557100
1.1266611345215693939e-17
0
0
DERIV 2
-0.2514928724504081337
1.7944387602863046806e-17
0
0
DERIV 3
0.20576689564124300835
-4.588835087568341843e-18
0
0
DERIV 4
-0.08192570844975416433
5.424981179483736325e-18
0
0
DERIV 5
0.022481938597839513927
-5.527719366336316659e-19
0
0
DERIV 6
-0.004763122584288032729
2.347210696919936077e-19
0
0
DERIV 7
0.0008256079146099256760
-4.357619120657357193e-20
0
0
DERIV 8
-0.00012134621821876654302
8.943742045425907092e-22
0
0
DERIV 9
1.5499049679032485906e-5
7.829341423059685026e-22
0
0
DERIV 10
-1.7515186222646468490e-6
-2.0646423151204099677e-23
0
0
DERIV 11
1.7755747969327682362e-7
9.677304868059762974e-25
0
0
DERIV 12
-1.6323832810510935172e-8
1.2985599988825936911e-24
0
0
DERIV 13
1.3731699215319589468e-9
-4.690866720126536319e-26
0
0
DERIV 14
-1.0647574257868130180e-10
-3.274299640084267503e-27
0
0
DERIV 15
7.657861288910083827e-12
1.8296502296324595784e-28
0
0
DERIV 16
-5.135837337025883472e-13
-4.961739105070376846e-29
0
0
DERIV 17
3.226771393225273822e-14
-4.037553211951030021e-31
0
0
DERIV 18
-1.9069233333137408123e-15
-1.8060828482506074778e-33
0
0
DERIV 19
1.0637873119018108103e-16
5.191009292410601574e-33
0
0
DERIV 20
-5.619653820824053869e-18
2.0857715431420698246e-35
0
0
DERIV 21
2.819224324828120881e-19
-2.2141425750299356391e-35
0
0
DERIV 22
-1.3465559184965482809e-20
2.937249410998980852e-37
0
0
DERIV 23
6.137592325210853020e-22
3.720244254491635225e-39
0
0
DERIV 24
-2.675247375181964007e-23
-4.162270047863329664e-40
0
0
DERIV 25
1.1172658459437623960e-24
1.5934108574315762500e-43
0
0
DERIV 26
-4.478587468518227776e-26
1.8819999675405338663e-42
0
0
DERIV 27
1.7259254098087123500e-27
-1.7131730573164448136e-43
0
0
DERIV 28
-6.403981143450817809e-29
1.1469704596575615112e-45
0
0
DERIV 29
2.2910148159159429582e-30
5.939953754824964951e-47
0
0
DERIV 30
-7.912534240070864409e-32
2.6241114403880374973e-48
0
0
DERIV 31
2.6414040087382530967e-33
9.717423964011338170e-50
0
0
DERIV 32
-8.532430054542647338e-35
5.076251025803402142e-51
0
0
DERIV 33
2.6698401762964401148e-36
1.5415821177641070326e-53
0
0
DERIV 34
-8.100280845823403222e-38
3.446104738346911480e-54
0
0
DERIV 35
2.3851687385407343267e-39
-1.8502367606792069806e-56
0
0
AT 41/128
0.9584440899293514837
3.495867843823106096e-17
0
0
DERIV 1
-0.23252193897694325986
-7.988396977044891563e-18
0
0
DERIV 2
-0.24670010598773248200
-9.490942242070637377e-18
0
0
DERIV 3
0.20322039382131221186
-6.219093483593215806e-18
0
0
DERIV 4
-0.08105185474501172549
-3.0384353086047336413e-18
0
0
DERIV 5
0.022259722206939079603
1.5263287976215542853e-18
0
0
DERIV 6
-0.004718178910812636205
1.1292195387268181483e-19
0
0
DERIV 7
0.0008180577314955369585
-6.650167384012510256e-21
0
0
DERIV 8
-0.00012026123803794430158
-6.162147540038535364e-21
0
0
DERIV 9
1.5362806626549611519e-5
-7.970249701138413992e-22
0
0
DERIV 10
-1.7363253471105409164e-6
-3.094232274895086051e-23
0
0
DERIV 11
1.7603363923328371366e-7
-2.5290406310521996964e-24
0
0
DERIV 12
-1.6184959969861369477e-8
5.556539911458394664e-25
0
0
DERIV 13
1.3615730772012124288e-9
2.617048634299070091e-26
0
0
DERIV 14
-1.0558208811741843231e-10
-1.2525289259043699140e-27
0
0
DERIV 15
7.593930428983350822e-12
5.776903738150912718e-29
0
0
DERIV 16
-5.093159364670087046e-13
-1.5465485263859035803e-29
0
0
DERIV 17
3.200066006603282364e-14
4.933967038864391603e-31
0
0
DERIV 18
-1.8911977313010040572e-15
-1.9247336192618874423e-31
0
0
DERIV 19
1.0550426392047757234e-16
-2.5905583366261985149e-33
0
0
DERIV 20
-5.573590257045114030e-18
-1.8320922860870068366e-34
0
0
DERIV 21
2.796174913364928586e-19
-4.355345666161697536e-36
0
0
DERIV 22
-1.3355723764258842911e-20
-5.167286289429096632e-37
0
0
DERIV 23
6.087635460294392196e-22
2.2689407827529141494e-38
0
0
DERIV 24
-2.653514375560754001e-23
6.637528541693979735e-40
0
0
DERIV 25
1.1082055903995377662e-24
-2.2345404248133634243e-41
0
0
DERIV 26
-4.442328579133745917e-26
9.449684254057975512e-43
0
0
DERIV 27
1.7119733201567096502e-27
-1.2912723973692464064e-43
0
0
DERIV 28
-6.352284854117044275e-29
-1.5761735023985768491e-45
0
0
DERIV 29
2.2725445790010289253e-30
-1.5508025602011727078e-46
0
0
DERIV 30
-7.848820349527497410e-32
3.593597999815848343e-48
0
0
DERIV 31
2.6201587427048060336e-33
-1.6220826779813882144e-49
0
0
DERIV 32
-8.463874854074898985e-35
4.446200913626967940e-51
0
0
DERIV 33
2.6484101930900844889e-36
-2.474342908207206098e-53
0
0
DERIV 34
-8.035323012762619675e-38
3.131729606025987090e-54
0
0
DERIV 35
2.3660583660407536472e-39
-1.1648896653017332455e-55
0
0
AT 21/64
0.9566125515033184756
-1.6677714953959405004e-17
0
0
DERIV 1
-0.23633957154787868515
7.059202289103620350e-18
0
0
DERIV 2
-0.24196670420378055266
1.2796551878760819593e-18
0
0
DERIV 3
0.20070106472716681134
2.5962920958368276823e-18
0
0
DERIV 4
-0.08018664034660169526
9.081806543943221696e-19
0
0
DERIV 5
0.022039602902282337538
-4.930868665495702712e-19
0
0
DERIV 6
-0.004673646289207388990
-2.1285509482531540080e-19
0
0
DERIV 7
0.0008105750611477698011
4.157869993977975648e-20
0
0
DERIV 8
-0.00011918579583681050596
-4.657615840768763222e-21
0
0
DERIV 9
1.5227745447794421317e-5
-1.0714483271786051467e-22
0
0
DERIV 10
-1.7212624691498785147e-6
-5.387468842492002428e-23
0
0
DERIV 11
1.7452276304730135818e-7
6.919292068991915654e-24
0
0
DERIV 12
-1.6047259984020844078e-8
-3.440164991629421027e-25
0
0
DERIV 13
1.3500735677512750245e-9
-1.7941020204143871206e-26
0
0
DERIV 14
-1.0469589438193575132e-10
5.447410898168448089e-27
0
0
DERIV 15
7.530530833061551086e-12
7.131278600977646960e-28
0
0
DERIV 16
-5.050834608746283495e-13
-1.7595945110852243496e-29
0
0
DERIV 17
3.173580851075939965e-14
-2.7790543814714335509e-30
0
0
DERIV 18
-1.8756014002980100471e-15
-1.6993226864408323096e-31
0
0
DERIV 19
1.0463696461979231704e-16
-4.332851554548265468e-33
0
0
DERIV 20
-5.527903303300256833e-18
-1.8182707533328244155e-34
0
0
DERIV 21
2.773313512195665819e-19
8.373878098698029645e-36
0
0
DERIV 22
-1.3246782354808527987e-20
3.357681240331412347e-37
0
0
DERIV 23
6.038084434624676021e-22
3.900070822498182362e-38
0
0
DERIV 24
-2.6319576167509029737e-23
1.0395585226611523174e-39
0
0
DERIV 25
1.0992186876299429466e-24
-5.265694618355102569e-41
0
0
DERIV 26
-4.406362802152018038e-26
1.9213933475752803221e-42
0
0
DERIV 27
1.6981338596710918250e-27
-1.0717469462393375280e-43
0
0
DERIV 28
-6.301005344010420174e-29
2.919183571900210014e-45
0
0
DERIV 29
2.2542230701659400193e-30
1.4810840037247405745e-46
0
0
DERIV 30
-7.785618922933370877e-32
-4.899000342900910902e-48
0
0
DERIV 31
2.5990841759076158062e-33
-5.066732231117763394e-50
0
0
DERIV 32
-8.395869927110732054e-35
-1.2063513224644191572e-51
0
0
DERIV 33
2.6271520619727772469e-36
6.034796771466645292e-53
0
0
DERIV 34
-7.970885634500533253e-38
2.2895854487351379482e-54
0
0
DERIV 35
2.3471009827626766924e-39
-9.655257056695689655e-56
0
0
AT 43/128
0.9547514755286494736
2.2993068279538474689e-17
0
0
DERIV 1
-0.24008370437270132314
-1.2274414974533981806e-17
0
0
DERIV 2
-0.23729203339162341369
7.778808347647447506e-19
0
0
DERIV 3
0.19820863965653248706
1.0779007144455471573e-17
0
0
DERIV 4
-0.07932998371229763035
-8.283977058533122721e-19
0
0
DERIV 5
0.021821561502092426399
1.1801875058999970442e-18
0
0
DERIV 6
-0.004629521043620888308
1.5463446435482020858e-19
0
0
DERIV 7
0.0008031593100323387900
2.5813504221120891154e-20
0
0
DERIV 8
-0.00011811980887199741597
4.656707641471346123e-22
0
0
DERIV 9
1.5093855998883608113e-5
6.673739790130248278e-22
0
0
DERIV 10
-1.7063288789767505506e-6
7.781506000519251769e-23
0
0
DERIV 11
1.7302474164228545924e-7
1.4418635003258599095e-24
0
0
DERIV 12
-1.5910723008738862453e-8
1.3759963530780629927e-24
0
0
DERIV 13
1.3386705805605589898e-9
1.7675330709531247499e-26
0
0
DERIV 14
-1.0381709937272348265e-10
3.975467409670626604e-27
0
0
DERIV 15
7.467658104169991772e-12
5.859198795568658895e-28
0
0
DERIV 16
-5.008860156349012484e-13
3.136460255704490073e-29
0
0
DERIV 17
3.147314116230458443e-14
-1.3893265108927522243e-30
0
0
DERIV 18
-1.8601332806648842312e-15
-1.0280769771226155446e-31
0
0
DERIV 19
1.0377677468313231980e-16
-1.1178915246684247691e-33
0
0
DERIV 20
-5.482589887616167468e-18
-3.637087162214195313e-34
0
0
DERIV 21
2.750638590988437758e-19
2.0792600889836086702e-35
0
0
DERIV 22
-1.3138727693799289928e-20
6.947549077170980205e-37
0
0
DERIV 23
5.988935957081520357e-22
-7.754580587628772197e-40
0
0
DERIV 24
-2.6105756718796567083e-23
1.1910685433097033802e-39
0
0
DERIV 25
1.0903045446568052778e-24
-6.460569459628095524e-41
0
0
DERIV 26
-4.370687771391337446e-26
-2.1079640128631986981e-42
0
0
DERIV 27
1.6844061203229206607e-27
9.180585009090944242e-44
0
0
DERIV 28
-6.250139257079939866e-29
1.7469739917787628311e-45
0
0
DERIV 29
2.2360490931549819932e-30
1.1850799641840212267e-46
0
0
DERIV 30
-7.722925842780409627e-32
-2.0816127114571010694e-48
0
0
DERIV 31
2.5781789381863049981e-33
1.5180821089074576878e-49
0
0
DERIV 32
-8.328410860861574367e-35
-3.251138880108390428e-51
0
0
DERIV 33
2.6060644060275593276e-36
2.660400790101638354e-54
0
0
DERIV 34
-7.906964544492260707e-38
-3.344497475358265421e-54
0
0
DERIV 35
2.3282953648967885313e-39
-1.4670857639264647023e-55
0
0
AT 11/32
0.9528614326502541365
-2.0760896738825208909e-17
0
0
DERIV 1
-0.24375525021285571192
7.892841083478906614e-18
0
0
DERIV 2
-0.23267546611227135633
2.4876072859336986111e-18
0
0
DERIV 3
0.19574285244365685621
-2.9738783712022833813e-18
0
0
DERIV 4
-0.07848180404580581970
5.905567847711485982e-18
0
0
DERIV 5
0.021605578996139483683
-8.257544397430344710e-19
0
0
DERIV 6
-0.004585799530519634078
2.518715659216426735e-19
0
0
DERIV 7
0.0007958098897641933912
1.4814792789181761091e-20
0
0
DERIV 8
-0.00011706319511034060416
-4.571034995711704128e-22
0
0
DERIV 9
1.4961128222239669549e-5
8.369652636708470991e-22
0
0
DERIV 10
-1.6915234765552606480e-6
-4.467066006472581937e-23
0
0
DERIV 11
1.7153946644423220753e-7
5.807118989645461118e-24
0
0
DERIV 12
-1.5775339281953395220e-8
1.2755829432473187700e-24
0
0
DERIV 13
1.3273633097605720706e-9
-1.0766178848422761678e-26
0
0
DERIV 14
-1.0294564160341472605e-10
2.9090767099248228708e-27
0
0
DERIV 15
7.405307881595429357e-12
1.0960040350619233103e-28
0
0
DERIV 16
-4.967233118518673583e-13
2.1300088008907634235e-29
0
0
DERIV 17
3.121264006494237279e-14
-3.102347379162135361e-31
0
0
DERIV 18
-1.8447923214254031455e-15
1.1438505092504021934e-31
0
0
DERIV 19
1.0292363598354426057e-16
-1.4023981037546524315e-33
0
0
DERIV 20
-5.437646963024418079e-18
1.3926613085621296649e-34
0
0
DERIV 21
2.728148631843629892e-19
7.042127770806920895e-36
0
0
DERIV 22
-1.3031552577313480020e-20
-2.902790983108182272e-37
0
0
DERIV 23
5.940186763190318506e-22
4.143193545756112067e-38
0
0
DERIV 24
-2.5893671256090555630e-23
-3.064785438167090664e-41
0
0
DERIV 25
1.0814625732888580523e-24
-8.619296992577298678e-41
0
0
DERIV 26
-4.335301139746514407e-26
1.5381233506513692482e-42
0
0
DERIV 27
1.6707892013950562956e-27
-1.0562037527968735919e-43
0
0
DERIV 28
-6.199683264268239391e-29
-2.5569761935051007051e-45
0
0
DERIV 29
2.2180214613240862280e-30
-5.940861978841007389e-48
0
0
DERIV 30
-7.660737024610874359e-32
2.882104592168418766e-48
0
0
DERIV 31
2.5574416703682132709e-33
-1.3099610861241546970e-49
0
0
DERIV 32
-8.261493277895209529e-35
4.592163685501751790e-51
0
0
DERIV 33
2.5851458593605309854e-36
-5.302251785606897316e-53
0
0
DERIV 34
-7.843555609522544247e-38
-3.914323926935163730e-54
0
0
DERIV 35
2.3096402984157978031e-39
3.025069829960011665e-56
0
0
AT 45/128
0.9509429864202622040
3.089199722236823047e-17
0
0
DERIV 1
-0.24735511207463467542
-9.960732846208770614e-18
0
0
DERIV 2
-0.22811638113549642659
-5.485265764975343850e-18
0
0
DERIV 3
0.19330343943610339696
5.316965984351691259e-18
0
0
DERIV 4
-0.07764202129009366293
-2.2013775117612334495e-18
0
0
DERIV 5
0.021391636544232296713
-7.730760752945368394e-19
0
0
DERIV 6
-0.004542478138407642953
-1.8934576730282206686e-19
0
0
DERIV 7
0.0007885262170633195811
-1.5263383417197938328e-20
0
0
DERIV 8
-0.00011601587322283626338
-5.472809616180101678e-22
0
0
DERIV 9
1.4829552145861953235e-5
3.336094278206402919e-22
0
0
DERIV 10
-1.6768451711408766565e-6
-1.3583600032022371263e-23
0
0
DERIV 11
1.7006682979050527563e-7
-4.413217280066754794e-24
0
0
DERIV 12
-1.5641099123107873796e-8
3.371206908276421628e-25
0
0
DERIV 13
1.3161509561800236678e-9
-2.3651080101573485974e-27
0
0
DERIV 14
-1.0208146009655352367e-10
-2.9347352966284190418e-27
0
0
DERIV 15
7.343475840587976043e-12
5.256528117049294872e-28
0
0
DERIV 16
-4.925950630045240507e-13
7.105979793809264993e-30
0
0
DERIV 17
3.095428741013526717e-14
5.725132268668368289e-31
0
0
DERIV 18
-1.8295774801963239135e-15
1.8900878219400831941e-31
0
0
DERIV 19
1.0207749086822335181e-16
5.480000174224956932e-35
0
0
DERIV 20
-5.393071507358325304e-18
-8.119423917683100237e-35
0
0
DERIV 21
2.705842129193087032e-19
1.9524731954137626357e-35
0
0
DERIV 22
-1.2925249859854200726e-20
-5.049521482582250235e-37
0
0
DERIV 23
5.891833614906642690e-22
2.2420555318727882857e-38
0
0
DERIV 24
-2.5683305740428182737e-23
1.2610882761810171156e-39
0
0
DERIV 25
1.0726921900831473815e-24
-1.5807326081706221554e-41
0
0
DERIV 26
-4.300200579035259468e-26
-4.062955472926550915e-43
0
0
DERIV 27
1.6572822094233441189e-27
1.0710309370110719729e-44
0
0
DERIV 28
-6.149634063294706850e-29
-5.447245547925937569e-45
0
0
DERIV 29
2.2001389975636601940e-30
-8.103234484942883402e-47
0
0
DERIV 30
-7.599048416752323558e-32
2.7039067142367985712e-48
0
0
DERIV 31
2.5368710241803591459e-33
-1.5720827500453902325e-49
0
0
DERIV 32
-8.195112835852724739e-35
5.030567579328441271e-51
0
0
DERIV 33
2.5643950670126746098e-36
1.2746363395629231066e-52
0
0
DERIV 34
-7.780654729439331196e-38
5.103000877672666688e-54
0
0
DERIV 35
2.2911345789966975010e-39
8.657290065532417058e-56
0
0
AT 23/64
0.9489966933738586130
-4.108540428297557995e-17
0
0
DERIV 1
-0.2508841833057326998
-2.6145775550626615745e-17
0
0
DERIV 2
-0.22361416338119655123
-8.822673539143421301e-18
0
0
DERIV 3
0.19089013947175315078
1.0239411617866716311e-17
0
0
DERIV 4
-0.07681055612077686279
-4.384483014004739971e-18
0
0
DERIV 5
0.021179715474723088964
-1.4595615607288552206e-19
0
0
DERIV 6
-0.004499553287548467562
1.9480148582445317946e-19
0
0
DERIV 7
0.0007813077137109171542
-2.1205215877093983015e-20
0
0
DERIV 8
-0.00011497776257864951259
3.758781316132374930e-21
0
0
DERIV 9
1.4699117882603819160e-5
4.003798694350000677e-22
0
0
DERIV 10
-1.6622928812024360697e-6
3.344916293037310457e-23
0
0
DERIV 11
1.6860672492222636517e-7
9.047997098999045558e-24
0
0
DERIV 12
-1.5507992932473818811e-8
-8.590234159145159619e-25
0
0
DERIV 13
1.3050327272893929829e-9
-4.779864875493780523e-26
0
0
DERIV 14
-1.0122449437939778436e-10
6.120051350943743433e-28
0
0
DERIV 15
7.282157692065452159e-12
2.691042814979878163e-28
0
0
DERIV 16
-4.885009849273574789e-13
2.4396460937498670230e-29
0
0
DERIV 17
3.069806553533082923e-14
2.0801327293922313421e-30
0
0
DERIV 18
-1.8144877231172904055e-15
1.7638476258149247036e-31
0
0
DERIV 19
1.0123828215465384888e-16
1.8048664456944993666e-33
0
0
DERIV 20
-5.348860523051463328e-18
-8.512374120403319680e-35
0
0
DERIV 21
2.683717589700111805e-19
-2.3703563009182348518e-35
0
0
DERIV 22
-1.2819812453872304817e-20
-7.483083927967633994e-37
0
0
DERIV 23
5.843873300402574908e-22
-4.426135962332451019e-39
0
0
DERIV 24
-2.5474646246339745471e-23
1.2559816845709291285e-39
0
0
DERIV 25
1.0639928163067503860e-24
7.305167637616812371e-42
0
0
DERIV 26
-4.265383779845811727e-26
1.1968650318088470993e-42
0
0
DERIV 27
1.6438842581382787821e-27
-8.884259423694273059e-44
0
0
DERIV 28
-6.099988378440334889e-29
-2.1177048182376460966e-45
0
0
DERIV 29
2.1824005342220555354e-30
-1.6216769003491973321e-46
0
0
DERIV 30
-7.537856000054697067e-32
4.411706408024794820e-48
0
0
DERIV 31
2.5164656621621103041e-33
2.0707363293455057896e-50
0
0
DERIV 32
-8.129265227167729372e-35
1.5008352908354973520e-51
0
0
DERIV 33
2.5438106848723828209e-36
1.1216143236854766456e-52
0
0
DERIV 34
-7.718257836889481410e-38
4.852775981170377076e-56
0
0
DERIV 35
2.2727770119432472918e-39
1.2176330103982992981e-55
0
0
AT 47/128
0.9470231031043662151
3.986882551481779754e-17
0
0
DERIV 1
-0.2543433476908869562
1.9109790951667425604e-17
0
0
DERIV 2
-0.21916820386129617915
-1.1288628093447409321e-17
0
0
DERIV 3
0.18850269385601195471
-4.911071634855935120e-18
0
0
DERIV 4
-0.07598732993956462678
1.0832901905795089415e-18
0
0
DERIV 5
0.020969797283025254364
-1.5755412752704525732e-18
0
0
DERIV 6
-0.004457021429689596650
-8.917040658810183160e-20
0
0
DERIV 7
0.0007741538065059502122
-1.9615733276808088587e-20
0
0
DERIV 8
-0.00011394878323917332133
6.880360842457811809e-22
0
0
DERIV 9
1.4569815629455873640e-5
4.960029200140721984e-22
0
0
DERIV 10
-1.6478655343448045050e-6
-9.272821359575145734e-23
0
0
DERIV 11
1.6715904597672925499e-7
-2.0875038563714205397e-24
0
0
DERIV 12
-1.5376011190479083425e-8
3.485535593180576724e-25
0
0
DERIV 13
1.2940078371459535608e-9
-9.326658777430922827e-26
0
0
DERIV 14
-1.0037468447975662652e-10
-5.776917408803041647e-27
0
0
DERIV 15
7.221349182320153864e-12
-3.550452385395360356e-28
0
0
DERIV 16
-4.844407957910331815e-13
-3.925466490538746755e-29
0
0
DERIV 17
3.044395692276805133e-14
-1.5010639774038795945e-30
0
0
DERIV 18
-1.7995220247813085603e-15
-1.7670165202067250760e-31
0
0
DERIV 19
1.0040595312678089297e-16
-2.0230613767317450406e-33
0
0
DERIV 20
-5.305011036937803206e-18
2.618515494355262194e-34
0
0
DERIV 21
2.661773532160267227e-19
7.850409666840085342e-36
0
0
DERIV 22
-1.2715233329297228300e-20
-5.704736185916854138e-37
0
0
DERIV 23
5.796302633854770008e-22
-4.470817950335556702e-38
0
0
DERIV 24
-2.5267678960932446798e-23
-8.627811783057924204e-40
0
0
DERIV 25
1.0553638778988008503e-24
3.578247794467964921e-41
0
0
DERIV 26
-4.230848451385783916e-26
-1.8313381082806383385e-42
0
0
DERIV 27
1.6305944684071324118e-27
-1.5345042437917356340e-43
0
0
DERIV 28
-6.050742960334299577e-29
5.079158603942896826e-45
0
0
DERIV 29
2.1648049130296492230e-30
6.303736812881472955e-47
0
0
DERIV 30
-7.477155787629501595e-32
-4.629699915888469590e-48
0
0
DERIV 31
2.4962242575785504294e-33
5.286183602673306786e-50
0
0
DERIV 32
-8.063946178787813335e-35
-1.0509386068665199865e-51
0
0
DERIV 33
2.5233913795886838216e-36
3.510583307154757027e-54
0
0
DERIV 34
-7.656360897056595156e-38
-3.678586229624023760e-55
0
0
DERIV 35
2.2545664121090763914e-39
-2.495940345086270663e-59
0
0
AT 3/8
0.9450227583375867546
1.8392934829686616174e-17
0
0
DERIV 1
-0.2577334795466145745
3.021334019981646693e-20
0
0
DERIV 2
-0.21477789962217880282
-9.226680755043124734e-18
0
0
DERIV 3
0.18614084633922164946
-1.2357632130423828882e-17
0
0
DERIV 4
-0.07517226486776258654
2.3217768588606891221e-18
0
0
DERIV 5
0.020761863630143952836
-1.0047185274138071581e-18
0
0
DERIV 6
-0.004414879047789230931
-2.0507931308456917051e-19
0
0
DERIV 7
0.0007670639272220671498
3.605015176082688483e-20
0
0
DERIV 8
-0.00011292885595213767336
4.329969190638303892e-21
0
0
DERIV 9
1.4441635666835215494e-5
4.292442274320417789e-23
0
0
DERIV 10
-1.6335620672321800473e-6
-7.081286912108254566e-23
0
0
DERIV 11
1.6572368798007623860e-7
5.265814287523092899e-24
0
0
DERIV 12
-1.5245144457041645368e-8
-4.414389015551055768e-25
0
0
DERIV 13
1.2830755063392515405e-9
9.778773525920367806e-26
0
0
DERIV 14
-9.953197092186207476e-11
4.505161114800488886e-27
0
0
DERIV 15
7.161046092728030503e-12
-3.662562728066087447e-28
0
0
DERIV 16
-4.804142160832451142e-13
-2.684237500726368394e-29
0
0
DERIV 17
3.019194419829343405e-14
1.1633989346486801160e-30
0
0
DERIV 18
-1.7846793681657896868e-15
-3.896839171755042069e-32
0
0
DERIV 19
9.958044753121343999e-17
-4.561771265649994326e-33
0
0
DERIV 20
-5.261520100053476119e-18
2.749042708593815705e-34
0
0
DERIV 21
2.640008487402990571e-19
-1.3485779978500892594e-35
0
0
DERIV 22
-1.2611505513071610519e-20
1.5545909947183288888e-37
0
0
DERIV 23
5.749118455234225577e-22
-3.592845304704001475e-39
0
0
DERIV 24
-2.5062390182981570941e-23
6.036534703079156666e-41
0
0
DERIV 25
1.0468048054328214247e-24
-1.1085885075688816678e-41
0
0
DERIV 26
-4.196592321332230622e-26
-1.1651226590753553368e-42
0
0
DERIV 27
1.6174119681765506077e-27
6.223808491733524808e-44
0
0
DERIV 28
-6.001894585742252237e-29
-2.4892104106507793961e-45
0
0
DERIV 29
2.1473509850235353220e-30
5.015263301313195892e-47
0
0
DERIV 30
-7.416943824591094895e-32
-1.3128584192854691640e-48
0
0
DERIV 31
2.4761454943345395172e-33
-1.1563704650208668913e-49
0
0
DERIV 32
-7.999151451898235586e-35
4.412287003743177175e-51
0
0
DERIV 33
2.5031358284851620039e-36
1.4203294080296076711e-53
0
0
DERIV 34
-7.594959907400921791e-38
6.662567574466158937e-55
0
0
DERIV 35
2.2365016038213988404e-39
1.1285108328814304054e-55
0
0
AT 49/128
0.9429961950054033260
-3.362702235161471258e-17
0
0
DERIV 1
-0.2610554438150551326
-1.6094232511315043881e-17
0
0
DERIV 2
-0.21044265368764650259
5.152168071493488974e-18
0
0
DERIV 3
0.18380434309427351458
8.499451909433152501e-18
0
0
DERIV 4
-0.07436528373983289364
6.885749879171013824e-18
0
0
DERIV 5
0.020555896341219476869
1.6779531855949969024e-18
0
0
DERIV 6
-0.004373122655745396471
-1.5277744997920345673e-19
0
0
DERIV 7
0.0007600375125648876429
-1.4634338176584813936e-21
0
0
DERIV 8
-0.00011191790214576840038
1.1579518960334242184e-21
0
0
DERIV 9
1.4314568357880648735e-5
5.159210014638738043e-22
0
0
DERIV 10
-1.6193814255120364659e-6
-5.958146932063722983e-23
0
0
DERIV 11
1.6430054683963710969e-7
-7.332720661328678728e-24
0
0
DERIV 12
-1.5115383370908937791e-8
4.703230777249005131e-25
0
0
DERIV 13
1.2722349619370345132e-9
5.948626023576608616e-26
0
0
DERIV 14
-9.869629472227451582e-11
1.7004375217064365878e-27
0
0
DERIV 15
7.101244239460246561e-12
2.131746654398148058e-28
0
0
DERIV 16
-4.764209685897203847e-13
1.3389301884781435705e-29
0
0
DERIV 17
2.994201013018678250e-14
9.821155774330324184e-31
0
0
DERIV 18
-1.7699587445641512930e-15
9.331694421928786033e-32
0
0
DERIV 19
9.876170957345806615e-17
3.163430275049884662e-33
0
0
DERIV 20
-5.218384787440145942e-18
6.249282757190519340e-35
0
0
DERIV 21
2.618420998193994460e-19
-3.395470238748032652e-36
0
0
DERIV 22
-1.2508622088689677330e-20
4.730370935245557264e-37
0
0
DERIV 23
5.702317630097753945e-22
-2.0670425532538492630e-38
0
0
DERIV 24
-2.4858766322028967378e-23
-6.250789213829462443e-40
0
0
DERIV 25
1.0383150340793585170e-24
-3.309241215069556823e-41
0
0
DERIV 26
-4.162613135682916112e-26
-2.2501491377237190203e-42
0
0
DERIV 27
1.6043358924156097722e-27
-6.928431067246994203e-44
0
0
DERIV 28
-5.953440057356317494e-29
-4.380380383551304376e-46
0
0
DERIV 29
2.1300376104728179178e-30
-3.805556958688604903e-47
0
0
DERIV 30
-7.357216187800030287e-32
2.1345180324273695773e-48
0
0
DERIV 31
2.4562280668894625158e-33
2.681156160525700939e-50
0
0
DERIV 32
-7.934876841647820352e-35
1.0007656336007160867e-51
0
0
DERIV 33
2.4830427194745667908e-36
-1.0629041651178068458e-52
0
0
DERIV 34
-7.534050897401354440e-38
-1.6371162920846840904e-54
0
0
DERIV 35
2.2185814208053398748e-39
-4.116435281689482029e-57
0
0
AT 25/64
0.9409439423186543028
-2.0484795164271651623e-19
0
0
DERIV 1
-0.2643100961569253560
-9.921991246169183679e-18
0
0
DERIV 2
-0.20616187500240179542
1.0024415221990542394e-17
0
0
DERIV 3
0.18149293269442207110
1.3474438803453777767e-17
0
0
DERIV 4
-0.07356631009701089519
1.6792712016502033685e-18
0
0
DERIV 5
0.020351877404083253825
-6.515410304420474558e-19
0
0
DERIV 6
-0.004331748798127387813
-1.2791594257045881905e-19
0
0
DERIV 7
0.0007530740041296524103
2.1083088912022567553e-20
0
0
DERIV 8
-0.00011091584392299546887
2.8216669562106106696e-21
0
0
DERIV 9
1.4188604147753819398e-5
3.977490261262403208e-22
0
0
DERIV 10
-1.6053225637397031898e-6
-3.560984276053925793e-23
0
0
DERIV 11
1.6288951933672950463e-7
-7.248026492606584611e-24
0
0
DERIV 12
-1.4986718649002619643e-8
5.753971014412737634e-25
0
0
DERIV 13
1.2614854374316241621e-9
-5.796824217719915591e-26
0
0
DERIV 14
-9.786759738582201731e-11
-2.6919751794484172678e-27
0
0
DERIV 15
7.041939473197107229e-12
-2.959166476154935878e-28
0
0
DERIV 16
-4.724607783753799914e-13
4.147453114175246670e-29
0
0
DERIV 17
2.969413762799651319e-14
-4.503698018602198680e-31
0
0
DERIV 18
-1.7553591535179787956e-15
9.238380582269549183e-32
0
0
DERIV 19
9.794968391418339102e-17
2.4765794992831329388e-33
0
0
DERIV 20
-5.175602197949974175e-18
-1.6640607988071434080e-34
0
0
DERIV 21
2.597009619138466255e-19
-6.097835974785438747e-36
0
0
DERIV 22
-1.2406576195739358781e-20
1.7850256496933217946e-37
0
0
DERIV 23
5.655897049381129970e-22
-3.432182186321176821e-38
0
0
DERIV 24
-2.4656793897488837591e-23
1.2164759841097661523e-39
0
0
DERIV 25
1.0298940035689185884e-24
5.049598058578965499e-41
0
0
DERIV 26
-4.128908658608784052e-26
1.1848365159416454019e-42
0
0
DERIV 27
1.5913653830593291325e-27
-6.311546227473399033e-44
0
0
DERIV 28
-5.905376203586762793e-29
-4.888473897373064993e-45
0
0
DERIV 29
2.1128636588045055481e-30
-1.6843458179084056989e-46
0
0
DERIV 30
-7.297968985608469192e-32
3.182227566650515376e-48
0
0
DERIV 31
2.4364706801726621958e-33
1.1044581605398799971e-49
0
0
DERIV 32
-7.871118176877053569e-35
-2.868424013376964934e-51
0
0
DERIV 33
2.4631107509741023663e-36
5.913092988803880740e-53
0
0
DERIV 34
-7.473629928299484587e-38
-3.973883372583976981e-54
0
0
DERIV 35
2.2008047061088632764e-39
5.455993223907955155e-56
0
0
AT 51/128
0.9388665228392845119
-2.0648908046831507544e-17
0
0
DERIV 1
-0.2674982830435950198
-2.8001001345631970192e-18
0
0
DERIV 2
-0.20193497837604723610
1.3124554157978951562e-17
0
0
DERIV 3
0.17920636609129730887
1.0220697660860508625e-17
0
0
DERIV 4
-0.07277526818097805605
-1.5781324076570142413e-18
0
0
DERIV 5
0.020149788967826355590
1.5079968608012260949e-18
0
0
DERIV 6
-0.004290754049909517413
3.016522995781082161e-19
0
0
DERIV 7
0.0007461728483592344491
3.279496617082147333e-20
0
0
DERIV 8
-0.00010992260405571009673
-3.905013209408154354e-21
0
0
DERIV 9
1.4063733562946210455e-5
-3.406231033967530675e-22
0
0
DERIV 10
-1.5913844453035742036e-6
-3.436424013213272267e-23
0
0
DERIV 11
1.6149050311932068128e-7
-2.6871006731403340187e-24
0
0
DERIV 12
-1.4859141085768793873e-8
7.583174230427597998e-25
0
0
DERIV 13
1.2508261726867330987e-9
-4.641481637407451483e-26
0
0
DERIV 14
-9.704582090157288866e-11
-2.7909878053915420232e-27
0
0
DERIV 15
6.983127678844323334e-12
3.923905373699131285e-29
0
0
DERIV 16
-4.685333727656533470e-13
-2.693383115075565718e-29
0
0
DERIV 17
2.944830974138450287e-14
-6.878618220430342794e-31
0
0
DERIV 18
-1.7408796027497376566e-15
7.421895888066474326e-32
0
0
DERIV 19
9.714431566551477324e-17
-4.864169458815381492e-33
0
0
DERIV 20
-5.133169454052167206e-18
-2.035560053101959672e-34
0
0
DERIV 21
2.575772916585046008e-19
-1.0302285305385482851e-35
0
0
DERIV 22
-1.2305361029448106686e-20
-2.251673901243670162e-37
0
0
DERIV 23
5.609853629193915557e-22
-2.696558662613487996e-38
0
0
DERIV 24
-2.4456459537760695280e-23
6.958869061051938078e-40
0
0
DERIV 25
1.0215411581552030981e-24
-7.929881190949081517e-41
0
0
DERIV 26
-4.095476672307608458e-26
-2.1232589286599358606e-42
0
0
DERIV 27
1.5784995889526403255e-27
-2.665990340457052759e-44
0
0
DERIV 28
-5.857699878355356199e-29
4.534879708904182403e-45
0
0
DERIV 29
2.0958280085299987358e-30
-6.765227731787093906e-47
0
0
DERIV 30
-7.239198357607627735e-32
-4.603238325004982673e-48
0
0
DERIV 31
2.4168720494995466679e-33
-1.6367586384402324832e-49
0
0
DERIV 32
-7.807871319848346393e-35
-5.132523512489955539e-51
0
0
DERIV 33
2.4433386318213972887e-36
-1.9899105771137441853e-53
0
0
DERIV 34
-7.413693092845699865e-38
1.6134475929758246088e-54
0
0
DERIV 35
2.1831703120283013358e-39
-5.025120167934908263e-56
0
0
AT 13/32
0.9367644525517796472
3.563232025296595603e-17
0
0
DERIV 1
-0.2706208418482918820
-2.6330336206553536914e-17
0
0
DERIV 2
-0.19776138442759794156
8.514176080070558901e-18
0
0
DERIV 3
0.17694439659311395063
-1.0539586557497754285e-17
0
0
DERIV 4
-0.07199208292759047556
-6.565066386182183281e-20
0
0
DERIV 5
0.019949613341380494774
-1.5284285777525521381e-18
0
0
DERIV 6
-0.004250135016207148841
2.803680845826704757e-19
0
0
DERIV 7
0.0007393334965025068640
2.856613442190282764e-20
0
0
DERIV 8
-0.00010893810597907049636
-2.4677300044028188328e-21
0
0
DERIV 9
1.3939947210591959226e-5
3.398621222862649877e-22
0
0
DERIV 10
-1.5775660423509418433e-6
-8.290484954882558693e-23
0
0
DERIV 11
1.6010339669478980780e-7
9.147727910199082324e-25
0
0
DERIV 12
-1.4732641552533590716e-8
8.265300185557359912e-25
0
0
DERIV 13
1.2402564138847201045e-9
7.907520042156112369e-26
0
0
DERIV 14
-9.623090773884140692e-11
6.460822257263553987e-27
0
0
DERIV 15
6.924804775251614032e-12
3.929821369537970802e-28
0
0
DERIV 16
-4.646384813279459794e-13
1.1468109894694801512e-29
0
0
DERIV 17
2.920450965898035329e-14
1.6607672677773655403e-30
0
0
DERIV 18
-1.7265191080960329899e-15
-1.8347011394331037885e-32
0
0
DERIV 19
9.634555038735916778e-17
-5.952207004924052871e-33
0
0
DERIV 20
-5.091083701641092836e-18
3.596810544625259301e-34
0
0
DERIV 21
2.554709468530584407e-19
-1.8707752833954317502e-35
0
0
DERIV 22
-1.2204969840232383493e-20
-1.5907687177896951341e-37
0
0
DERIV 23
5.564184310615938325e-22
-4.063304833228509896e-38
0
0
DERIV 24
-2.4257749979349511773e-23
-4.995866531659409320e-40
0
0
DERIV 25
1.0132559465786380566e-24
-6.128863345695339195e-41
0
0
DERIV 26
-4.062314976858828754e-26
-9.100582694392185079e-43
0
0
DERIV 27
1.5657376657948048612e-27
-1.1873363491309382627e-44
0
0
DERIV 28
-5.810407960890366524e-29
-3.286401692176651162e-45
0
0
DERIV 29
2.0789295471721681678e-30
4.453674054208459408e-47
0
0
DERIV 30
-7.180900474377251948e-32
4.784742901767398551e-48
0
0
DERIV 31
2.3974309004883684703e-33
-8.582345626327658685e-51
0
0
DERIV 32
-7.745132165978460457e-35
-2.2176957415164087932e-51
0
0
DERIV 33
2.4237250811911422962e-36
1.0203658875180178520e-52
0
0
DERIV 34
-7.354236515047307309e-38
-3.113682152870179046e-54
0
0
DERIV 35
2.1656771000344763341e-39
-4.545491134738873206e-56
0
0
AT 53/128
0.9346382409338925834
3.258922168365479381e-17
0
0
DERIV 1
-0.2736786009364436945
2.714259125223549425e-19
0
0
DERIV 2
-0.19364051953050262500
1.1189538861279160989e-17
0
0
DERIV 3
0.17470677984307569908
-7.504930226273165825e-18
0
0
DERIV 4
-0.07121667996066262385
-4.118890362543909009e-18
0
0
DERIV 5
0.019751332992111268055
-1.4466442956223924865e-18
0
0
DERIV 6
-0.004209888332015001601
3.303905312961265909e-19
0
0
DERIV 7
0.0007325554045730654469
-3.1618404872146841250e-21
0
0
DERIV 8
-0.00010796227378585562080
-3.1732954861887598925e-21
0
0
DERIV 9
1.3817235777786451568e-5
3.726321382513504069e-22
0
0
DERIV 10
-1.5638663357144501955e-6
7.367013738573395506e-23
0
0
DERIV 11
1.5872809942275047006e-7
-1.1006910686593676103e-23
0
0
DERIV 12
-1.4607210996864091262e-8
5.243956379769968727e-25
0
0
DERIV 13
1.2297754134742802631e-9
-1.5421572034662031162e-26
0
0
DERIV 14
-9.542280084322634536e-11
-4.655042862965293028e-27
0
0
DERIV 15
6.866966714933607662e-12
-2.675505692328037816e-28
0
0
DERIV 16
-4.607758358532577847e-13
-1.4476297495737146893e-29
0
0
DERIV 17
2.896272070724500867e-14
-6.543223298463715861e-31
0
0
DERIV 18
-1.7122766934414132846e-15
-2.693403557870552083e-32
0
0
DERIV 19
9.555333408375986135e-17
-4.045568977998061879e-33
0
0
DERIV 20
-5.049342109845950633e-18
-6.787903498863110014e-35
0
0
DERIV 21
2.533817864525670616e-19
1.1511429602752547440e-35
0
0
DERIV 22
-1.2105395933250792378e-20
-6.325132494906246634e-37
0
0
DERIV 23
5.518886059495411268e-22
1.8126774153824959401e-38
0
0
DERIV 24
-2.4060652065992934986e-23
8.278233240491983794e-40
0
0
DERIV 25
1.0050378220301994725e-24
1.8663332337704844989e-41
0
0
DERIV 26
-4.029421390079544828e-26
1.5116853950546873424e-42
0
0
DERIV 27
1.5530787760842787448e-27
8.832794269012453462e-44
0
0
DERIV 28
-5.763497355523229315e-29
4.503149054354131767e-45
0
0
DERIV 29
2.0621671711930165161e-30
-9.835317163736444821e-47
0
0
DERIV 30
-7.123071537237087639e-32
-1.2868571045114621476e-48
0
0
DERIV 31
2.3781459689776735152e-33
-1.3567725462636166892e-49
0
0
DERIV 32
-7.682896643573071323e-35
-4.362724100018102463e-51
0
0
DERIV 33
2.4042688285123983075e-36
-6.269512385329072096e-53
0
0
DERIV 34
-7.295256349918677876e-38
-7.053754795852131841e-55
0
0
DERIV 35
2.1483239406994141958e-39
-1.1263719418895753680e-55
0
0
AT 27/64
0.9324883910266662523
1.7667910568036473636e-17
0
0
DERIV 1
-0.2766723797551647324
1.4888290168071687529e-17
0
0
DERIV 2
-0.18957181575816842156
4.033330163538989934e-18
0
0
DERIV 3
0.17249327379797305126
1.3333448606714667796e-17
0
0
DERIV 4
-0.07044898558580582615
-4.689870515683173921e-18
0
0
DERIV 5
0.019554930544423677896
1.2092757759375361401e-18
0
0
DERIV 6
-0.004170010661947698948
2.736541346699692027e-19
0
0
DERIV 7
0.0007258380333083025394
-3.986189865511560116e-20
0
0
DERIV 8
-0.00010699503222086672314
3.1427183795196206802e-21
0
0
DERIV 9
1.3695590030910625052e-5
2.317147068741567346e-22
0
0
DERIV 10
-1.5502843148391615375e-6
3.638143041582569511e-23
0
0
DERIV 11
1.5736451150793276272e-7
7.641833615679250308e-24
0
0
DERIV 12
-1.4482840441934541669e-8
4.058983420892077927e-25
0
0
DERIV 13
1.2193824301185654331e-9
7.945582196210743101e-26
0
0
DERIV 14
-9.462144363268221459e-11
5.450929131658254950e-27
0
0
DERIV 15
6.809609483793030281e-12
-7.425315098536123635e-29
0
0
DERIV 16
-4.569451703379529448e-13
4.042234362101516371e-29
0
0
DERIV 17
2.872292634934361228e-14
7.146209458416511891e-31
0
0
DERIV 18
-1.6981513906527121310e-15
-8.260264875353174474e-32
0
0
DERIV 19
9.476761319928077775e-17
2.0643406495076745883e-33
0
0
DERIV 20
-5.007941870841993050e-18
-1.5935142647150268242e-34
0
0
DERIV 21
2.513096705580927120e-19
2.2642207759995165530e-35
0
0
DERIV 22
-1.2006632667960825967e-20
-1.0461625873667834306e-37
0
0
DERIV 23
5.473955866248687760e-22
2.3449572943355092606e-38
0
0
DERIV 24
-2.3865152747795540772e-23
-3.5912649477345317882e-40
0
0
DERIV 25
9.968862421155286326e-25
-7.903555426169135229e-42
0
0
DERIV 26
-3.996793747381675525e-26
1.2487714633548529060e-42
0
0
DERIV 27
1.5405220890640208520e-27
-7.766586014275377096e-44
0
0
DERIV 28
-5.716964991486821528e-29
3.895747333801389747e-45
0
0
DERIV 29
2.0455397859219200447e-30
-1.5982549626312435968e-47
0
0
DERIV 30
-7.065707778000362429e-32
3.282054352729600682e-48
0
0
DERIV 31
2.3590160009444055253e-33
1.0046733606640949863e-49
0
0
DERIV 32
-7.621160713563460538e-35
7.584549374062922550e-52
0
0
DERIV 33
2.3849686133865615884e-36
3.100336006236468347e-53
0
0
DERIV 34
-7.236748783233374668e-38
1.3526604082708210941e-54
0
0
DERIV 35
2.1311097136236411775e-39
5.183348623493926725e-56
0
0
AT 55/128
0.9303153995037614088
-1.8206700645222039705e-17
0
0
DERIV 1
-0.2796029889218955011
1.2252044713093039023e-18
0
0
DERIV 2
-0.18555471082998520327
7.878145851301716528e-18
0
0
DERIV 3
0.17030363870697270978
3.795560559123609598e-18
0
0
DERIV 4
-0.06968892678432092591
2.0716368354345377423e-18
0
0
DERIV 5
0.019360388778379734875
-1.0184327621299954998e-18
0
0
DERIV 6
-0.004130498699982547428
2.704230261955139535e-19
0
0
DERIV 7
0.0007191808481288293562
-2.2038117743656339087e-20
0
0
DERIV 8
-0.00010603630667537613304
-1.2555284827299215625e-21
0
0
DERIV 9
1.3575000814960955738e-5
2.0402666654564860762e-23
0
0
DERIV 10
-1.5368189777102341232e-6
1.9281260335578381787e-23
0
0
DERIV 11
1.5601253399312477831e-7
6.415480635501242433e-24
0
0
DERIV 12
-1.4359520985897811706e-8
-1.1240944323691549871e-25
0
0
DERIV 13
1.2090767286437352680e-9
-1.8528675546552836408e-26
0
0
DERIV 14
-9.382677999362255681e-11
3.690676867440305770e-27
0
0
DERIV 15
6.752729100846172173e-12
3.885485621388828417e-28
0
0
DERIV 16
-4.531462209656776191e-13
2.0198772675212964257e-29
0
0
DERIV 17
2.848511018402761483e-14
-2.3198989127666898616e-30
0
0
DERIV 18
-1.6841422395139255838e-15
7.432142599843629409e-33
0
0
DERIV 19
9.398833461542020522e-17
-5.676217992716528789e-33
0
0
DERIV 20
-4.966880199663268799e-18
3.615524188682478616e-34
0
0
DERIV 21
2.492544604074060490e-19
-6.245006999938646124e-36
0
0
DERIV 22
-1.1908673457679188571e-20
-5.144769255923318499e-37
0
0
DERIV 23
5.429390745661625584e-22
4.444130920460079741e-38
0
0
DERIV 24
-2.3671239080370093151e-23
1.4024377351311207017e-39
0
0
DERIV 25
9.888006688193362961e-25
3.903921642278077973e-41
0
0
DERIV 26
-3.964429901630265663e-26
2.7690287163032258646e-42
0
0
DERIV 27
1.5280667806672387775e-27
6.223671149500323669e-44
0
0
DERIV 28
-5.670807822715376291e-29
1.6786306277799385346e-45
0
0
DERIV 29
2.0290463054844479030e-30
1.1304162750592712350e-46
0
0
DERIV 30
-7.008805458729220856e-32
-2.5949784611932920578e-48
0
0
DERIV 31
2.3400397524226717765e-33
-1.0642802941025294067e-49
0
0
DERIV 32
-7.559920369245305266e-35
-4.182384221926679915e-51
0
0
DERIV 33
2.3658231855059887579e-36
-1.5194348712583207145e-52
0
0
DERIV 34
-7.178710031278270060e-38
-9.574142723780273432e-55
0
0
DERIV 35
2.1140333073640632670e-39
-1.5758085661207611717e-55
0
0
AT 7/16
0.9281197567400948367
-3.303396002636184510e-17
0
0
DERIV 1
-0.2824712303122027812
1.4880870549871677482e-17
0
0
DERIV 2
-0.18158864805784463714
1.6361094633092452619e-18
0
0
DERIV 3
0.16813763709059689755
-1.2822743272394414130e-17
0
0
DERIV 4
-0.06893643120714472439
1.6490999116499511217e-18
0
0
DERIV 5
0.019167690628328043490
1.3692759797411859334e-18
0
0
DERIV 6
-0.004091349169204523857
-3.379229760377129917e-19
0
0
DERIV 7
0.0007125833190982439535
-1.3495399636789130832e-20
0
0
DERIV 8
-0.00010508602318162304687
-6.080413697065048480e-21
0
0
DERIV 9
1.3455459052885067559e-5
5.974914306873039430e-22
0
0
DERIV 10
-1.5234693307812019974e-6
6.570533094858146565e-23
0
0
DERIV 11
1.5467206875217246231e-7
-3.421371206913762489e-24
0
0
DERIV 12
-1.4237243801262061219e-8
-6.293893409274074312e-25
0
0
DERIV 13
1.1988575799879296854e-9
-3.500975881324526148e-26
0
0
DERIV 14
-9.303875427705553898e-11
-5.317297591920774111e-27
0
0
DERIV 15
6.696321617950598410e-12
-3.629306531889849539e-28
0
0
DERIV 16
-4.493787260894266751e-13
2.0400446876424574348e-29
0
0
DERIV 17
2.8249255944525935793e-14
1.3472375966444132856e-30
0
0
DERIV 18
-1.6702482876616182590e-15
-6.812752651021714228e-32
0
0
DERIV 19
9.321544564705357612e-17
-1.1649495405092102182e-33
0
0
DERIV 20
-4.926154334016888477e-18
2.633412036986547965e-34
0
0
DERIV 21
2.472160183657665675e-19
-1.1301111287875274673e-35
0
0
DERIV 22
-1.1811511769145685898e-20
-5.652580499791927776e-37
0
0
DERIV 23
5.385187736692561848e-22
3.691918882751802184e-38
0
0
DERIV 24
-2.3478898223985687068e-23
-8.600503616415854132e-40
0
0
DERIV 25
9.807805684700947015e-25
-3.680899060370564591e-41
0
0
DERIV 26
-3.932327723002930079e-26
3.2224932083285573616e-43
0
0
DERIV 27
1.5157120334635739521e-27
6.484619203413821402e-44
0
0
DERIV 28
-5.625022827645991775e-29
1.8223230276420657429e-45
0
0
DERIV 29
2.0126856527317503457e-30
-7.077534710270855292e-48
0
0
DERIV 30
-6.952360871492138807e-32
4.492792060099923530e-48
0
0
DERIV 31
2.3212159894231533832e-33
3.190888934825110021e-50
0
0
DERIV 32
-7.499171636019569788e-35
4.167729001970101344e-51
0
0
DERIV 33
2.3468313045732679346e-36
4.116509225138585653e-53
0
0
DERIV 34
-7.121136340609624602e-38
-4.144706631656749824e-54
0
0
DERIV 35
2.0970936193624175246e-39
1.5234847734662734601e-55
0
0
AT 57/128
0.9259019468797951014
-5.548337664367359584e-17
0
0
DERIV 1
-0.2852778971467476721
9.293311009063197232e-18
0
0
DERIV 2
-0.17767307629314985085
-9.307198302855312824e-18
0
0
DERIV 3
0.16599503371989118850
-4.595944838149961903e-18
0
0
DERIV 4
-0.06819142716884976640
-3.865321626260971229e-18
0
0
DERIV 5
0.018976819181545350607
-1.6935210595417276020e-18
0
0
DERIV 6
-0.004052558821553457584
2.885822629946865670e-19
0
0
DERIV 7
0.0007060449208832413710
2.4987132192090479801e-20
0
0
DERIV 8
-0.00010414410840735574884
-5.591811820326820715e-21
0
0
DERIV 9
1.3336955744922925334e-5
7.073518024593034301e-22
0
0
DERIV 10
-1.5102343889028545100e-6
-9.345633383135657262e-23
0
0
DERIV 11
1.5334301848303786049e-7
1.2486664645285482551e-23
0
0
DERIV 12
-1.4116000134272564897e-8
-2.702007617847816936e-25
0
0
DERIV 13
1.1887242611506646451e-9
4.106322324259418156e-26
0
0
DERIV 14
-9.225731129475118555e-11
-4.949673731273601747e-27
0
0
DERIV 15
6.640383119535088920e-12
-1.2027133782273037766e-28
0
0
DERIV 16
-4.456424262137561247e-13
-1.4829540159330118288e-29
0
0
DERIV 17
2.8015347497445250298e-14
-1.5254607932411800179e-30
0
0
DERIV 18
-1.6564685905208571786e-15
-7.206419839161303550e-32
0
0
DERIV 19
9.244889403890529890e-17
8.057306872880297588e-35
0
0
DERIV 20
-4.885761534098800124e-18
-1.6710936419453501952e-34
0
0
DERIV 21
2.451942079167778995e-19
-1.2248502765975098193e-35
0
0
DERIV 22
-1.1715141122090629591e-20
-2.248307902162997458e-37
0
0
DERIV 23
5.341343902276874359e-22
-3.541460462555587237e-38
0
0
DERIV 24
-2.3288117442722808931e-23
-1.3389154412442329030e-40
0
0
DERIV 25
9.728254117050124267e-25
-3.556903768861627242e-41
0
0
DERIV 26
-3.900485098850432430e-26
4.695726858313703554e-43
0
0
DERIV 27
1.5034570366057158026e-27
-6.434434451959833772e-44
0
0
DERIV 28
-5.579607009021736431e-29
1.8395847715935854296e-45
0
0
DERIV 29
1.9964567591705130771e-30
-7.178643003717966667e-47
0
0
DERIV 30
-6.896370338123263649e-32
2.1931237804211552788e-48
0
0
DERIV 31
2.3025434878531666267e-33
9.608672704595227244e-50
0
0
DERIV 32
-7.438910571135453958e-35
7.504638083837009946e-52
0
0
DERIV 33
2.3279917402211400327e-36
-1.0610154759602536437e-52
0
0
DERIV 34
-7.064023987811114109e-38
3.543861082456405847e-54
0
0
DERIV 35
2.0802895558743002615e-39
9.667071858263298533e-56
0
0
AT 29/64
0.9236624479034817314
4.843433362545141216e-17
0
0
DERIV 1
-0.2880237740774297950
-7.343556012169239372e-18
0
0
DERIV 2
-0.17380744987431109849
1.0881964815072446800e-17
0
0
DERIV 3
0.16387559559577902224
3.2211413305228802504e-18
0
0
DERIV 4
-0.06745384364169691727
-4.830365701153219959e-18
0
0
DERIV 5
0.018787757676889817182
3.833104331536983531e-19
0
0
DERIV 6
-0.004014124437573375094
-2.4582070212019017025e-20
0
0
DERIV 7
0.0006995651327140638880
1.3385612211472203086e-20
0
0
DERIV 8
-0.00010321048965041999205
9.647131026519476991e-22
0
0
DERIV 9
1.3219481967953555532e-5
-5.885215140273912318e-22
0
0
DERIV 10
-1.4971131752527110819e-6
-5.952457969005657361e-24
0
0
DERIV 11
1.5202528670091514978e-7
3.0635796271249817291e-24
0
0
DERIV 12
-1.3995781304298653983e-8
3.867444657535440977e-25
0
0
DERIV 13
1.1786760551426444131e-9
3.221375678463808558e-26
0
0
DERIV 14
-9.148239631544012173e-11
9.426656127972523105e-28
0
0
DERIV 15
6.584909722331804839e-12
-3.791001270645970142e-28
0
0
DERIV 16
-4.419370639771417206e-13
-2.957423798393822747e-31
0
0
DERIV 17
2.7783368841679155406e-14
1.2429293576665899338e-30
0
0
DERIV 18
-1.6428022112416652779e-15
-9.846713138074999425e-32
0
0
DERIV 19
9.168862796204911221e-17
1.5407904540734896504e-33
0
0
DERIV 20
-4.845699082411055445e-18
3.239928097986473270e-34
0
0
DERIV 21
2.431888936533168768e-19
6.744920603489856561e-36
0
0
DERIV 22
-1.1619555088805744552e-20
-1.1745384251537049589e-38
0
0
DERIV 23
5.297856329133120029e-22
7.391439522827611537e-39
0
0
DERIV 24
-2.3098884103635159178e-23
-8.359092319055086431e-41
0
0
DERIV 25
9.649346734352926534e-25
7.028555147447078317e-41
0
0
DERIV 26
-3.868899933558380929e-26
-1.3573102033057419060e-42
0
0
DERIV 27
1.4913009857764463924e-27
8.933620782380690647e-44
0
0
DERIV 28
-5.534557393696336011e-29
1.1677055741857159999e-45
0
0
DERIV 29
1.9803585648934749184e-30
-1.7977676780449865138e-47
0
0
DERIV 30
-6.840830209983699745e-32
2.876361264010813908e-48
0
0
DERIV 31
2.2840210334373599301e-33
4.197038565221549538e-50
0
0
DERIV 32
-7.379133263435415729e-35
3.401318898310917271e-52
0
0
DERIV 33
2.3093032719330548409e-36
1.5224754644539684841e-52
0
0
DERIV 34
-7.007369279253785114e-38
-3.229085813552952861e-54
0
0
DERIV 35
2.0636200318987554159e-39
1.3334836254469185015e-55
0
0
AT 59/128
0.9214017316948753811
2.3519771562200888390e-17
0
0
DERIV 1
-0.2907096372727147049
5.047068607181691357e-18
0
0
DERIV 2
-0.16999122857472301340
1.0948621227346777189e-17
0
0
DERIV 3
0.16177909192860112642
-8.140258919428133480e-18
0
0
DERIV 4
-0.06672361024974031440
5.470708992070911690e-18
0
0
DERIV 5
0.018600489503466068747
-1.0873812604662351644e-18
0
0
DERIV 6
-0.003976042826164012146
-1.0901712557641987951e-19
0
0
DERIV 7
0.0006931434383452875995
5.409105295530112120e-21
0
0
DERIV 8
-0.00010228509483339310573
-5.213767862618803667e-21
0
0
DERIV 9
1.3103028874847252411e-5
-4.588864486169556583e-23
0
0
DERIV 10
-1.4841047212650825418e-6
-3.171202751156476945e-23
0
0
DERIV 11
1.5071877773140363216e-7
-3.923650437984347077e-24
0
0
DERIV 12
-1.3876578703225736867e-8
1.4220199727922039861e-25
0
0
DERIV 13
1.1687122509359876230e-9
-1.0277442146011214964e-25
0
0
DERIV 14
-9.071395506104362020e-11
4.079149294884320170e-28
0
0
DERIV 15
6.529897575110637515e-12
-2.112215038692621352e-28
0
0
DERIV 16
-4.382623841344812383e-13
-8.955022845307203438e-30
0
0
DERIV 17
2.7553304107326332583e-14
5.307814315444094295e-31
0
0
DERIV 18
-1.6292482206359937854e-15
6.438521965151704235e-32
0
0
DERIV 19
9.093459601043696136e-17
1.7624341813876653812e-34
0
0
DERIV 20
-4.805964283580555155e-18
3.724742008409491436e-34
0
0
DERIV 21
2.411999412685362601e-19
1.2495740422854254669e-36
0
0
DERIV 22
-1.1524747293718545943e-20
7.024253501089072243e-38
0
0
DERIV 23
5.254722127570746578e-22
-3.905678155247634327e-38
0
0
DERIV 24
-2.2911185675918272143e-23
-6.630625508345121512e-40
0
0
DERIV 25
9.571078328116707951e-25
-1.8587416588869714019e-42
0
0
DERIV 26
-3.837570148410041041e-26
-1.4381339335778148372e-43
0
0
DERIV 27
1.4792430831361119517e-27
-4.955419933214847471e-44
0
0
DERIV 28
-5.489871032440427796e-29
2.6028448293443259848e-45
0
0
DERIV 29
1.9643900185105017890e-30
7.998055700273421354e-47
0
0
DERIV 30
-6.785736867724693399e-32
-5.472103303846586434e-49
0
0
DERIV 31
2.2656474216390475083e-33
2.214044261604506802e-50
0
0
DERIV 32
-7.319835833102218559e-35
-4.280883004766276182e-51
0
0
DERIV 33
2.2907646889643678955e-36
1.1699182159523789002e-52
0
0
DERIV 34
-6.951168550857940767e-38
-3.159520581111765686e-54
0
0
DERIV 35
2.0470839711084303040e-39
-1.1572093560872652706e-55
0
0
AT 15/32
0.9191202641067431900
1.9976037976401927631e-17
0
0
DERIV 1
-0.2933362545021520607
-2.7634921102312123750e-17
0
0
DERIV 2
-0.16622387755121950659
-1.0108673501517753576e-17
0
0
DERIV 3
0.15970529411783834783
1.1344935851397189676e-17
0
0
DERIV 4
-0.06600065726298422197
2.1088154366684462094e-18
0
0
DERIV 5
0.018414998199301771398
-1.4107729672372379676e-18
0
0
DERIV 6
-0.003938310824334449213
-1.2045323493624433328e-19
0
0
DERIV 7
0.0006867793260169433598
2.1539235142815760848e-20
0
0
DERIV 8
-0.00010136785249826353063
-5.169933469852264252e-21
0
0
DERIV 9
1.2987587693823239050e-5
-2.796592022443384915e-22
0
0
DERIV 10
-1.4712080665617196684e-6
8.984685269016229168e-23
0
0
DERIV 11
1.4942339670373774439e-7
8.344926107247329628e-24
0
0
DERIV 12
-1.3758383794852355555e-8
-3.669856093574242727e-25
0
0
DERIV 13
1.1588321434148640315e-9
2.9662084444285457351e-27
0
0
DERIV 14
-8.995193370293466728e-11
2.5868678505398728898e-27
0
0
DERIV 15
6.475342858415745833e-12
-2.282548903970011484e-28
0
0
DERIV 16
-4.346181335397404454e-13
1.4387438726766023362e-29
0
0
DERIV 17
2.7325137554617457058e-14
-4.822387977618458504e-31
0
0
DERIV 18
-1.6158056971152061797e-15
-5.036580641692212328e-33
0
0
DERIV 19
9.018674719745603957e-17
1.5798134047426387755e-33
0
0
DERIV 20
-4.766554464179271889e-18
-1.6094553831728212970e-34
0
0
DERIV 21
2.392272175469400761e-19
2.1196335740861527892e-35
0
0
DERIV 22
-1.1430711412970155788e-20
-1.3256193363545373491e-37
0
0
DERIV 23
5.211938431299342704e-22
4.434839458803004362e-38
0
0
DERIV 24
-2.2725009730084824487e-23
1.0164382596247744615e-39
0
0
DERIV 25
9.493443731902287339e-25
-4.747540292465567677e-41
0
0
DERIV 26
-3.806493681450247901e-26
7.813131494562930219e-43
0
0
DERIV 27
1.4672825372705130502e-27
2.917229432176674227e-44
0
0
DERIV 28
-5.445544999749368591e-29
-1.9902481170928682001e-45
0
0
DERIV 29
1.9485500770802135018e-30
9.788054594431557884e-47
0
0
DERIV 30
-6.731086721052723776e-32
-4.640400188228321279e-48
0
0
DERIV 31
2.2474214575821731914e-33
-1.3326654884335403001e-49
0
0
DERIV 32
-7.261014431408013331e-35
5.074906159279078858e-51
0
0
DERIV 33
2.2723747902641621124e-36
-3.963316438006068435e-53
0
0
DERIV 34
-6.895418167856913329e-38
-9.076025701078430034e-55
0
0
DERIV 35
2.0306803057802850430e-39
-1.2484791762768865055e-55
0
0
AT 61/128
0.9168185050261883351
3.381902808896746200e-17
0
0
DERIV 1
-0.2959043852200925473
4.945192873338134209e-18
0
0
DERIV 2
-0.16250486729300164801
5.900868697807047532e-18
0
0
DERIV 3
0.15765397573201650472
1.3745605799658220976e-17
0
0
DERIV 4
-0.06528491559159145530
-4.256480540724697256e-19
0
0
DERIV 5
0.018231267450035757577
-1.2109104587446461119e-18
0
0
DERIV 6
-0.003900925296958870220
-4.476783887651755685e-20
0
0
DERIV 7
0.0006804722884159687332
3.190726020488005427e-22
0
0
DERIV 8
-0.00010045869180115521316
-1.2164177642985016191e-21
0
0
DERIV 9
1.2873149727812703663e-5
4.541130386499448636e-22
0
0
DERIV 10
-1.4584222588830383501e-6
-9.142407058091063383e-23
0
0
DERIV 11
1.4813904954407331608e-7
-4.999975047578553776e-25
0
0
DERIV 12
-1.3641188114292231695e-8
6.255430377599301964e-25
0
0
DERIV 13
1.1490350333265399022e-9
3.422627756277048267e-26
0
0
DERIV 14
-8.919627885822971222e-11
1.8996160651227997478e-27
0
0
DERIV 15
6.421241784304247109e-12
2.838233418953364146e-28
0
0
DERIV 16
-4.310040611287404850e-13
2.0557339374987970301e-29
0
0
DERIV 17
2.7098853572850910864e-14
-1.0489923851142266976e-30
0
0
DERIV 18
-1.6024737266280735247e-15
9.577744448651616811e-32
0
0
DERIV 19
8.944503095251384608e-17
-5.068404174327856239e-33
0
0
DERIV 20
-4.727466972545927583e-18
-1.2633688863152044309e-34
0
0
DERIV 21
2.372705903555316103e-19
-2.1297206499630858693e-35
0
0
DERIV 22
-1.1337441173996535082e-20
3.922824166335625369e-37
0
0
DERIV 23
5.169502397239445565e-22
-1.6182531780232575445e-38
0
0
DERIV 24
-2.2540343937146582226e-23
-1.4064502382830798704e-39
0
0
DERIV 25
9.416437820984858489e-25
-5.887776633822699901e-41
0
0
DERIV 26
-3.775668487350416178e-26
-1.0955279546382085862e-42
0
0
DERIV 27
1.4554185631392175341e-27
-4.193932307946322488e-44
0
0
DERIV 28
-5.401576393652589751e-29
-4.215099238619474297e-45
0
0
DERIV 29
1.9328377060421588147e-30
5.759930274453074999e-47
0
0
DERIV 30
-6.676876208496472439e-32
-3.046898586069456120e-48
0
0
DERIV 31
2.2293419559738975791e-33
2.722296625293626713e-50
0
0
DERIV 32
-7.202665240465415223e-35
-5.182549492496786096e-51
0
0
DERIV 33
2.2541323843976975196e-36
-1.0652565673061028971e-52
0
0
DERIV 34
-6.840114524562733699e-38
2.2143009286539264930e-55
0
0
DERIV 35
2.0144079767268582568e-39
1.3553711615407377710e-55
0
0
AT 31/64
0.9144969084392879921
8.693082363455312935e-18
0
0
DERIV 1
-0.2984147806486097676
-1.0837063112983286834e-18
0
0
DERIV 2
-0.15883367357103422846
-3.2628348704293277840e-18
0
0
DERIV 3
0.15562491248879112282
-6.896017573040364726e-18
0
0
DERIV 4
-0.06457631678014270904
3.719911692389292980e-18
0
0
DERIV 5
0.018049281087617524699
1.6323937632591924340e-18
0
0
DERIV 6
-0.003863883136534418568
-3.206303630787796481e-20
0
0
DERIV 7
0.0006742218226379880245
-3.891313216170294766e-21
0
0
DERIV 8
-9.955754250709666876e-5
-4.262843400203379369e-21
0
0
DERIV 9
1.2759706353827204392e-5
4.366559187669158769e-22
0
0
DERIV 10
-1.4457463540199224214e-6
4.473703764097328304e-23
0
0
DERIV 11
1.4686564296882946717e-7
1.1959829896211880495e-23
0
0
DERIV 12
-1.3524983267381259144e-8
3.247824573094625801e-25
0
0
DERIV 13
1.1393202272328251921e-9
1.6533767098030537148e-26
0
0
DERIV 14
-8.844693758611097047e-11
1.1440341983630166931e-28
0
0
DERIV 15
6.367590596087056722e-12
2.368246852568390724e-28
0
0
DERIV 16
-4.274199179020864203e-13
1.0309911774226332335e-29
0
0
DERIV 17
2.6874436679337163885e-14
-1.5267667949619391608e-30
0
0
DERIV 18
-1.5892514025992715213e-15
-8.060181955583462046e-32
0
0
DERIV 19
8.870939711765091600e-17
5.956718362633899336e-33
0
0
DERIV 20
-4.688699178609114521e-18
2.246266186900388134e-34
0
0
DERIV 21
2.353299286350325142e-19
-1.4482155633462304241e-35
0
0
DERIV 22
-1.1244930355113096813e-20
7.478163527097709871e-38
0
0
DERIV 23
5.127411205334856650e-22
2.0259620950358657451e-38
0
0
DERIV 24
-2.2357176067802980495e-23
8.168275290437701002e-40
0
0
DERIV 25
9.340055512017622456e-25
-1.3399107493307578658e-41
0
0
DERIV 26
-3.745092537274635877e-26
1.9463055370011133153e-42
0
0
DERIV 27
1.4436503820242852899e-27
6.961291536415248370e-44
0
0
DERIV 28
-5.357962335524477938e-29
8.164757994288718873e-46
0
0
DERIV 29
1.9172518791495348878e-30
-1.0924986368226329481e-46
0
0
DERIV 30
-6.623101797175659467e-32
-1.4065891556560730718e-48
0
0
DERIV 31
2.2114077410278075009e-33
1.1045346012497105336e-50
0
0
DERIV 32
-7.144784472980591566e-35
-1.3416387041023726155e-51
0
0
DERIV 33
2.2360362894694804019e-36
-1.2150623761075010458e-52
0
0
DERIV 34
-6.785254044133670837e-38
4.714135827433868855e-54
0
0
DERIV 35
1.9982659332280802542e-39
5.535492667730010191e-56
0
0
AT 63/128
0.9121559224950864797
3.929891247292282914e-18
0
0
DERIV 1
-0.3008681838596358737
1.7885616925045039849e-17
0
0
DERIV 2
-0.15520977738790739386
7.905013066937731049e-18
0
0
DERIV 3
0.15361788223521088970
1.0252772211619947819e-17
0
0
DERIV 4
-0.06387479300194649767
-3.472172560085708833e-18
0
0
DERIV 5
0.017869023089018054584
8.762304134532861807e-19
0
0
DERIV 6
-0.003827181262941135257
1.4169491811417622878e-19
0
0
DERIV 7
0.0006680274301494182202
1.6096121110312202722e-20
0
0
DERIV 8
-9.866433498483429421e-5
5.062155175584921420e-21
0
0
DERIV 9
1.2647249022332366373e-5
1.5735574067888193173e-22
0
0
DERIV 10
-1.4331794157460923171e-6
1.6917165679006354780e-24
0
0
DERIV 11
1.4560308447808617143e-7
8.368551556676132574e-24
0
0
DERIV 12
-1.3409760930089421563e-8
4.625796437520358586e-26
0
0
DERIV 13
1.1296870374619227472e-9
-7.666849063679552493e-26
0
0
DERIV 14
-8.770385738417894493e-11
3.303132955762945407e-28
0
0
DERIV 15
6.314385568071846581e-12
-1.7457693002935906043e-29
0
0
DERIV 16
-4.238654569082352254e-13
7.537519285018395939e-30
0
0
DERIV 17
2.6651871518351766105e-14
1.0548737335687881705e-31
0
0
DERIV 18
-1.5761378258683818375e-15
2.938517354242982646e-32
0
0
DERIV 19
8.797979594418122200e-17
2.7973978418044350714e-33
0
0
DERIV 20
-4.650248473711854677e-18
1.1326317712667667400e-34
0
0
DERIV 21
2.334051023911737025e-19
6.397406628433630515e-36
0
0
DERIV 22
-1.1153172785102686351e-20
-2.535473769862428436e-37
0
0
DERIV 23
5.085662058366492368e-22
-2.404830176458475007e-38
0
0
DERIV 24
-2.2175493991636189096e-23
-1.4549643973838180234e-39
0
0
DERIV 25
9.264291762698132671e-25
-4.433596353379408144e-41
0
0
DERIV 26
-3.714763818746841482e-26
-1.4683854536696693496e-42
0
0
DERIV 27
1.4319772214794080599e-27
-4.832145332639050114e-44
0
0
DERIV 28
-5.314699969896774891e-29
2.4281301459987420053e-45
0
0
DERIV 29
1.9017915784024455396e-30
1.6304993327398746077e-47
0
0
DERIV 30
-6.569759982571735190e-32
4.507699584885939734e-49
0
0
DERIV 31
2.1936176463877371760e-33
-4.587845491497933752e-50
0
0
DERIV 32
-7.087368372008301887e-35
4.137362561188639185e-51
0
0
DERIV 33
2.2180853330469468480e-36
-5.544210832913052595e-53
0
0
DERIV 34
-6.730833178343625420e-38
3.240078899429808595e-54
0
0
DERIV 35
1.9822531329636287866e-39
1.3882527208623968580e-56
0
0
AT 1/2
0.9097959895689501364
-9.889767623237120591e-19
0
0
DERIV 1
-0.3032653298563167121
3.296589207745706864e-19
0
0
DERIV 2
-0.15163266492815835607
1.6482946038728534319e-19
0
0
DERIV 3
0.15163266492815835607
-1.6482946038728534319e-19
0
0
DERIV 4
-0.06318027705339931965
4.694608211099521426e-18
0
0
DERIV 5
0.017690477574951807976
2.1206635975172431131e-19
0
0
DERIV 6
-0.003790816623203958728
-1.6935161108799857345e-19
0
0
DERIV 7
0.0006618886167498975884
-3.1288318373726045600e-21
0
0
DERIV 8
-9.777900020168941401e-5
-2.0018820524006481683e-21
0
0
DERIV 9
1.2535769256626849035e-5
-8.292881307874814267e-22
0
0
DERIV 10
-1.4207205157510427213e-6
-7.542060129494550220e-23
0
0
DERIV 11
1.4435128234903642707e-7
6.813758005314348767e-24
0
0
DERIV 12
-1.3295512847937565565e-8
-7.146546176003245149e-25
0
0
DERIV 13
1.1201347820606741325e-9
-5.038474781457159514e-26
0
0
DERIV 14
-8.696698618483494545e-11
1.1824201693375715908e-27
0
0
DERIV 15
6.261623005308115982e-12
5.338627305682250353e-30
0
0
DERIV 16
-4.203404332267022116e-13
-1.9057305234555432067e-29
0
0
DERIV 17
2.6431142860096894274e-14
5.518796279146644600e-31
0
0
DERIV 18
-1.5631321046293862799e-15
2.673858476361750683e-32
0
0
DERIV 19
8.725617808935968067e-17
-1.4729258613756528992e-33
0
0
DERIV 20
-4.612112270437582699e-18
-3.447494036956861128e-34
0
0
DERIV 21
2.314959826860563049e-19
-1.3183669976616785925e-35
0
0
DERIV 22
-1.1062162342806885578e-20
-1.5915416903537221274e-37
0
0
DERIV 23
5.044252181767721418e-22
-4.559632153376880510e-38
0
0
DERIV 24
-2.1995285676312737304e-23
5.530151036661958300e-40
0
0
DERIV 25
9.189141571437321647e-25
-5.151152225359301449e-41
0
0
DERIV 26
-3.684680335519056718e-26
-3.675201290416593090e-43
0
0
DERIV 27
1.4203983152794549850e-27
-6.797035480039199147e-47
0
0
DERIV 28
-5.271786464272487228e-29
2.3890478249596468858e-45
0
0
DERIV 29
1.8864557939816965506e-30
1.5976034907650957212e-46
0
0
DERIV 30
-6.516847288300406751e-32
-6.622207906081804949e-49
0
0
DERIV 31
2.1759705150522014137e-33
7.032109987885744789e-50
0
0
DERIV 32
-7.030413210708913665e-35
-2.7877880339009154384e-52
0
0
DERIV 33
2.2002783520847570242e-36
-1.3068913559170628813e-52
0
0
DERIV 34
-6.676848407353370409e-38
-1.8344471958955560951e-54
0
0
DERIV 35
1.9663685419458277106e-39
1.1210785828658126796e-55
0
0
AT 33/64
0.9050210237796540991
-5.052283057809854106e-17
0
0
DERIV 1
-0.3078937503580266299
-5.130736999400034708e-18
0
0
DERIV 2
-0.14461676153180039184
2.6365766728203921099e-18
0
0
DERIV 3
0.14772679941420469030
8.349263589896048882e-18
0
0
DERIV 4
-0.06181200291278565045
2.315827515884285166e-19
0
0
DERIV 5
0.017338461194404023585
1.5715718910419946048e-18
0
0
DERIV 6
-0.003719086967708486614
-9.789585307274406527e-20
0
0
DERIV 7
0.0006497757718594717423
5.250627523324154420e-20
0
0
DERIV 8
-9.603167568435925572e-5
-1.6980520348193806322e-21
0
0
DERIV 9
1.2315708876253837243e-5
5.892387931140635459e-22
0
0
DERIV 10
-1.3961231565356646920e-6
-1.4277219066056217003e-23
0
0
DERIV 11
1.4187958413144961072e-7
-8.054814209366096798e-24
0
0
DERIV 12
-1.3069906775425958526e-8
-2.0373143971128000471e-25
0
0
DERIV 13
1.1012703748639320759e-9
1.9347444947439005575e-26
0
0
DERIV 14
-8.551166467602349004e-11
-3.0648135733239302757e-27
0
0
DERIV 15
6.157410647927265609e-12
-3.143371898741180986e-28
0
0
DERIV 16
-4.133777281741435885e-13
-1.8619731818021521341e-29
0
0
DERIV 17
2.5995134756049007473e-14
3.763788275900391315e-31
0
0
DERIV 18
-1.5374406978154335901e-15
6.156554449708132189e-32
0
0
DERIV 19
8.582669697458069475e-17
4.600681947992695897e-33
0
0
DERIV 20
-4.536773124259560659e-18
1.0433154049271779894e-35
0
0
DERIV 21
2.277243523709564883e-19
3.643223097507225758e-36
0
0
DERIV 22
-1.0882358604590069589e-20
2.975714927833989571e-37
0
0
DERIV 23
4.962439253577204347e-22
3.345808187267496758e-38
0
0
DERIV 24
-2.1639242684538172900e-23
-1.4532757793529609192e-39
0
0
DERIV 25
9.040662058335199113e-25
-7.664241503548828182e-41
0
0
DERIV 26
-3.625241170328894977e-26
-4.551201387133309975e-44
0
0
DERIV 27
1.3975202318198084200e-27
6.400208134532485020e-44
0
0
DERIV 28
-5.186994816796390066e-29
7.675894809799867050e-46
0
0
DERIV 29
1.8561537753524259344e-30
6.325078102032046999e-47
0
0
DERIV 30
-6.412295494537564523e-32
3.885612892130225600e-48
0
0
DERIV 31
2.1411005606130241894e-33
-1.4104580122282531997e-50
0
0
DERIV 32
-6.917870948854018075e-35
1.7928078991295421388e-51
0
0
DERIV 33
2.1650917108461622396e-36
-4.467787047364038225e-53
0
0
DERIV 34
-6.570173210989886613e-38
1.6816093159951498122e-54
0
0
DERIV 35
1.9349798929638323577e-39
6.866848793574450825e-56
0
0
AT 17/32
0.9001754369685930346
3.439039534775604820e-17
0
0
DERIV 1
-0.3123057638462465868
1.1859131733562480510e-17
0
0
DERIV 2
-0.13778195463804995824
-1.2987537918115909061e-18
0
0
DERIV 3
0.14390559706640773663
-1.1106860943860196735e-18
0
0
DERIV 4
-0.06047096898003304077
2.9765371644797185221e-18
0
0
DERIV 5
0.016993107738692829478
-1.1350805610725864155e-18
0
0
DERIV 6
-0.003648670280229841627
1.0566993394385747914e-19
0
0
DERIV 7
0.0006378794196206016625
1.9971854343666080035e-21
0
0
DERIV 8
-9.431502847247467036e-5
-4.322334772741793502e-21
0
0
DERIV 9
1.2099458832486015332e-5
3.680915202957732135e-22
0
0
DERIV 10
-1.3719470056919290266e-6
4.969945539391420569e-23
0
0
DERIV 11
1.3944982983047785679e-7
-3.719714204663357771e-24
0
0
DERIV 12
-1.2848100383171089065e-8
-2.578802416330495113e-25
0
0
DERIV 13
1.0827216626001813665e-9
-1.6018392207941462280e-26
0
0
DERIV 14
-8.408056507930563608e-11
-1.2953408133016220379e-28
0
0
DERIV 15
6.054924569620840062e-12
2.397214382340286608e-28
0
0
DERIV 16
-4.065298833721648978e-13
1.0964223906937899462e-29
0
0
DERIV 17
2.5566293008413368990e-14
-1.0575515281293121187e-30
0
0
DERIV 18
-1.5121701925290510272e-15
-2.788908634782447934e-32
0
0
DERIV 19
8.442056702524114355e-17
-3.0543309288208792355e-33
0
0
DERIV 20
-4.462661459026611254e-18
-1.8524331570898422919e-35
0
0
DERIV 21
2.240140269900554979e-19
3.075226818936689599e-36
0
0
DERIV 22
-1.0705471157047011910e-20
-5.781753307487131212e-37
0
0
DERIV 23
4.881950670355988799e-22
3.007407525890746886e-38
0
0
DERIV 24
-2.1288952765562566799e-23
-9.050789854116588102e-40
0
0
DERIV 25
8.894577761856738700e-25
2.962969976072622329e-41
0
0
DERIV 26
-3.566759391341711904e-26
1.5520120237005061151e-43
0
0
DERIV 27
1.3750101243760916141e-27
-4.348363838550682575e-44
0
0
DERIV 28
-5.103565185567701817e-29
-2.4297212307879880395e-46
0
0
DERIV 29
1.8263379058396814764e-30
1.2553156174422868881e-46
0
0
DERIV 30
-6.309419158968335243e-32
2.4303128011896504544e-48
0
0
DERIV 31
2.1067888059584078564e-33
9.816170542978642803e-50
0
0
DERIV 32
-6.807128465699389438e-35
3.680295812360549392e-53
0
0
DERIV 33
2.1304672462965922500e-36
-1.2555896900644274270e-52
0
0
DERIV 34
-6.465200855488519733e-38
4.933656272383448444e-54
0
0
DERIV 35
1.9040918785173117418e-39
-1.1908002920736155537e-56
0
0
AT 35/64
0.8952625666036865271
1.0508216329441745409e-17
0
0
DERIV 1
-0.3165069679912023148
3.574317115918087681e-18
0
0
DERIV 2
-0.13112431531064094870
-8.828425280638960386e-18
0
0
DERIV 3
0.14016737153896102752
-3.961961204103345527e-18
0
0
DERIV 4
-0.05915665949359376341
-1.9092465604998993279e-18
0
0
DERIV 5
0.016654295220489456070
-1.1198714867670414288e-18
0
0
DERIV 6
-0.003579543090376692809
3.2511786114753604044e-21
0
0
DERIV 7
0.0006261957586674014344
-3.621971120323508215e-20
0
0
DERIV 8
-9.262852733869512598e-5
5.124720423869909236e-21
0
0
DERIV 9
1.1886953871551674176e-5
-7.108658486773679527e-23
0
0
DERIV 10
-1.3481849149915001115e-6
-3.331254387773718203e-23
0
0
DERIV 11
1.3706131298434845514e-7
-1.1585143520968025204e-23
0
0
DERIV 12
-1.2630030080789133212e-8
-2.231185900100672545e-25
0
0
DERIV 13
1.0644833907345560647e-9
8.207747832336219344e-26
0
0
DERIV 14
-8.267328614455673396e-11
-4.392153287248454478e-27
0
0
DERIV 15
5.954136291966821947e-12
-3.899133736011690626e-28
0
0
DERIV 16
-3.997950108935329277e-13
-2.3836965884445864215e-29
0
0
DERIV 17
2.5144500208184679411e-14
3.399530341411649811e-31
0
0
DERIV 18
-1.4873137130220462811e-15
6.612323384879418302e-33
0
0
DERIV 19
8.303740777955843836e-17
6.165620737549349632e-34
0
0
DERIV 20
-4.389757322634669842e-18
3.507294134117648707e-34
0
0
DERIV 21
2.203640122043531930e-19
-9.377548137142490156e-37
0
0
DERIV 22
-1.0531452792095594961e-20
6.418353408256599673e-37
0
0
DERIV 23
4.802765032566263955e-22
3.654663473869448010e-39
0
0
DERIV 24
-2.0944323111792064638e-23
-6.580833465782343075e-40
0
0
DERIV 25
8.750850101823212544e-25
-2.936178155412973881e-41
0
0
DERIV 26
-3.509219599588306980e-26
-8.968841728861839361e-43
0
0
DERIV 27
1.3528620820564080628e-27
-1.2337734296918585366e-44
0
0
DERIV 28
-5.021475718936900266e-29
2.6311065582996453020e-45
0
0
DERIV 29
1.7970003947638619233e-30
8.569623500438637772e-47
0
0
DERIV 30
-6.208191460567240767e-32
-2.0932551990967639005e-48
0
0
DERIV 31
2.0730263242757876841e-33
3.260203034456885771e-50
0
0
DERIV 32
-6.698157005990567863e-35
4.555856648515028707e-51
0
0
DERIV 33
2.0963959844300904983e-36
-1.3487581019248237505e-52
0
0
DERIV 34
-6.361904181147975446e-38
-4.817707818884302222e-54
0
0
DERIV 35
1.8736965199584313697e-39
-5.223070365585416099e-56
0
0
AT 9/16
0.8902856636420671821
2.0671734768241988123e-17
0
0
DERIV 1
-0.3205028389111441722
-2.0764500812068993470e-17
0
0
DERIV 2
-0.12463999290988940494
-3.4491543798664565767e-18
0
0
DERIV 3
0.13651046842511696533
5.760186388589136629e-18
0
0
DERIV 4
-0.05786856813673436906
8.767832893145839222e-19
0
0
DERIV 5
0.016321903833437897274
1.4429455360168780744e-18
0
0
DERIV 6
-0.003511682339921487137
-1.6326325978741741136e-19
0
0
DERIV 7
0.0006147210534671416690
-2.901214034630181449e-20
0
0
DERIV 8
-9.097165015390171064e-5
2.4241492078828758857e-21
0
0
DERIV 9
1.1678129847156746416e-5
-7.004420617782029994e-22
0
0
DERIV 10
-1.3248298566102191508e-6
9.903620536937029878e-23
0
0
DERIV 11
1.3471333895497851358e-7
-1.0676390247294686644e-23
0
0
DERIV 12
-1.2415633336358393657e-8
-3.745763419754954105e-25
0
0
DERIV 13
1.0465503917796343685e-9
-4.891498563809831090e-26
0
0
DERIV 14
-8.128943324127525953e-11
-5.725115506765321198e-27
0
0
DERIV 15
5.855017804647966806e-12
3.731221999153528343e-28
0
0
DERIV 16
-3.931712537423489596e-13
7.750186580372874727e-31
0
0
DERIV 17
2.4729640864364704964e-14
-9.061084675371755823e-31
0
0
DERIV 18
-1.4628644955753299148e-15
-8.231239910864099493e-32
0
0
DERIV 19
8.167684496007946368e-17
-2.1653540334416266079e-33
0
0
DERIV 20
-4.318041086599183102e-18
1.0067065270426351205e-34
0
0
DERIV 21
2.1677332977116155655e-19
1.1388062460492975225e-35
0
0
DERIV 22
-1.0360257064479659701e-20
-1.5238831191604765817e-37
0
0
DERIV 23
4.724861285888210344e-22
4.389789330163450347e-38
0
0
DERIV 24
-2.0605262410518314359e-23
-4.007657405940888809e-40
0
0
DERIV 25
8.609441118600967703e-25
-5.334662907626255523e-41
0
0
DERIV 26
-3.452606643459464785e-26
2.2410687929244683287e-44
0
0
DERIV 27
1.3310702888017449695e-27
2.2792078855744134848e-45
0
0
DERIV 28
-4.940704915436452319e-29
-1.4677000756689645920e-45
0
0
DERIV 29
1.7681335761609216397e-30
4.664167785978212837e-47
0
0
DERIV 30
-6.108586007237808016e-32
-3.913966439311322023e-48
0
0
DERIV 31
2.0398043313782400465e-33
1.2363864253769008764e-49
0
0
DERIV 32
-6.590928273495242141e-35
-4.471630205452686571e-51
0
0
DERIV 33
2.0628690943737832235e-36
2.0642121266573079942e-54
0
0
DERIV 34
-6.260256461115620656e-38
-2.891623409031891310e-54
0
0
DERIV 35
1.8437859657015453860e-39
6.674346136767640211e-57
0
0
AT 37/64
0.8852478944103366887
4.836654328320611987e-17
0
0
DERIV 1
-0.3242987335958659179
-1.5519975213401929968e-17
0
0
DERIV 2
-0.11832521360930244037
5.214491379613329100e-18
0
0
DERIV 3
0.13293326467217927989
-8.896650508418974820e-19
0
0
DERIV 4
-0.05660619786864776876
-1.1461907401980334778e-18
0
0
DERIV 5
0.015995815913850144896
-8.848192321601374488e-19
0
0
DERIV 6
-0.003445065375661789196
1.8858581239524632977e-19
0
0
DERIV 7
0.0006034516331926506215
-4.830313857319336087e-20
0
0
DERIV 8
-8.934388373277355291e-5
-9.721956895230619723e-22
0
0
DERIV 9
1.1472923701829532597e-5
-8.071454833202346512e-22
0
0
DERIV 10
-1.3018749211128668827e-6
1.2236158732935331647e-23
0
0
DERIV 11
1.3240522473116187619e-7
-6.918787922030147404e-24
0
0
DERIV 12
-1.2204848658884046831e-8
-5.437959186503573028e-25
0
0
DERIV 13
1.0289175838593285802e-9
5.908039747723951076e-26
0
0
DERIV 14
-7.992861824977196085e-11
-2.0434558040829623339e-27
0
0
DERIV 15
5.757541557782316149e-12
-3.319918789828909925e-28
0
0
DERIV 16
-3.866567853487396111e-13
-2.0668553051262271543e-29
0
0
DERIV 17
2.4321601372710855401e-14
-9.882054107732910776e-31
0
0
DERIV 18
-1.4388158866778739436e-15
2.782223697625975673e-32
0
0
DERIV 19
8.033851037337019551e-17
-9.041460813740921750e-34
0
0
DERIV 20
-4.247493440816298404e-18
-2.260771663542936342e-34
0
0
DERIV 21
2.1324101728400417325e-19
-5.205061700223211964e-36
0
0
DERIV 22
-1.0191838279462936199e-20
2.069587777997446206e-37
0
0
DERIV 23
4.648218715659387763e-22
-1.0311616987918012302e-38
0
0
DERIV 24
-2.0271680819873635221e-23
-1.0914677825434943568e-39
0
0
DERIV 25
8.470313463133263447e-25
-4.978018262874900895e-41
0
0
DERIV 26
-3.396905614737335114e-26
-3.0193517771760616125e-43
0
0
DERIV 27
1.3096290218662222363e-27
-4.265243355640771579e-44
0
0
DERIV 28
-4.861231618174953129e-29
-1.8033209804289140362e-45
0
0
DERIV 29
1.7397299067878716751e-30
-1.7343002438117112323e-46
0
0
DERIV 30
-6.010576828959426877e-32
-2.0706469339604247256e-49
0
0
DERIV 31
2.0071141834277254795e-33
-6.354799372644716365e-50
0
0
DERIV 32
-6.485414423681926060e-35
-3.0286307777988575678e-52
0
0
DERIV 33
2.0298778861067302412e-36
1.3927801491152703876e-52
0
0
DERIV 34
-6.160231394494201967e-38
1.6615114588954273934e-54
0
0
DERIV 35
1.8143524892011149960e-39
-8.710689903133730130e-58
0
0
AT 19/32
0.8801523424473136625
4.428267114356299310e-17
0
0
DERIV 1
-0.3278998922842933372
-4.524472317330603442e-18
0
0
DERIV 2
-0.11217627893936350791
-3.739075446636436353e-18
0
0
DERIV 3
0.12943416800695789481
3.2467956839793916043e-18
0
0
DERIV 4
-0.05536906075853199188
2.1576387305169548136e-18
0
0
DERIV 5
0.015675915903064902707
-1.7192846667964744205e-18
0
0
DERIV 6
-0.003379669942403900652
-1.9243444878115843976e-20
0
0
DERIV 7
0.0005923838906138549458
-1.5520933538841574656e-20
0
0
DERIV 8
-8.774472368196550083e-5
-5.456510211086683835e-21
0
0
DERIV 9
1.1271273448577682623e-5
2.987490830529956715e-22
0
0
DERIV 10
-1.2793133154714753666e-6
-3.676783414316044023e-23
0
0
DERIV 11
1.3013629873501658923e-7
3.0066225582129596484e-24
0
0
DERIV 12
-1.1997615581052194764e-8
6.296871300733870587e-25
0
0
DERIV 13
1.0115799692963850814e-9
-3.661156725435149663e-26
0
0
DERIV 14
-7.859045945414185047e-11
-1.3542475417057946565e-27
0
0
DERIV 15
5.661680454378984728e-12
6.256279682949393439e-29
0
0
DERIV 16
-3.802498090717820744e-13
2.4748800718297938988e-29
0
0
DERIV 17
2.3920269984992797777e-14
-7.286475980556844217e-31
0
0
DERIV 18
-1.4151613412352059582e-15
-8.756880118274205679e-32
0
0
DERIV 19
7.902204181132930069e-17
-6.893082119525053437e-34
0
0
DERIV 20
-4.178095388408703182e-18
-3.817959770755453725e-34
0
0
DERIV 21
2.0976612791671153796e-19
-8.082020585993810544e-36
0
0
DERIV 22
-1.0026151480721170456e-20
1.2814377338565604071e-37
0
0
DERIV 23
4.572816941403556693e-22
-8.179987762015543442e-39
0
0
DERIV 24
-1.9943489945172445444e-23
-3.5969599573443896933e-40
0
0
DERIV 25
8.333430387132029048e-25
-9.018885253027390444e-42
0
0
DERIV 26
-3.342101844690415489e-26
2.6070106290868827441e-42
0
0
DERIV 27
1.2885326503216710470e-27
-7.397340004433426977e-44
0
0
DERIV 28
-4.783035009320910202e-29
1.1532739926397291462e-45
0
0
DERIV 29
1.7117819641601460079e-30
1.4444585986394133155e-46
0
0
DERIV 30
-5.914138371043606812e-32
3.792534711753770570e-48
0
0
DERIV 31
1.9749473746946426789e-33
1.7160430785091214299e-50
0
0
DERIV 32
-6.381588056515300889e-35
2.0018107231921321829e-51
0
0
DERIV 33
1.9974138082151039408e-36
-1.6082964947880946988e-53
0
0
DERIV 34
-6.061803099558275931e-38
3.386493876044686586e-54
0
0
DERIV 35
1.7853884869617845683e-39
-1.3284117663728608815e-55
0
0
AT 39/64
0.8750020103099850344
2.3028975501732922614e-17
0
0
DERIV 1
-0.3313114407969846575
2.4155826995525663824e-17
0
0
DERIV 2
-0.10618956435800790128
5.963048677051244364e-18
0
0
DERIV 3
0.12601161637150271044
-8.001336950621773547e-18
0
0
DERIV 4
-0.05415667782258402896
2.3472654349054114875e-18
0
0
DERIV 5
0.015362090310458475020
5.019947591550083005e-19
0
0
DERIV 6
-0.003315474176066690853
-1.0101347788378255292e-19
0
0
DERIV 7
0.0005815142810081385142
-3.988280485756493972e-20
0
0
DERIV 8
-8.617367425084370498e-5
-3.714089144619854683e-21
0
0
DERIV 9
1.1073118152852233419e-5
8.145923569899472205e-22
0
0
DERIV 10
-1.2571383611166278901e-6
2.893282083188456624e-23
0
0
DERIV 11
1.2790590063163931306e-7
-1.3147166662100293893e-23
0
0
DERIV 12
-1.1793874642268460446e-8
3.176451819721407480e-25
0
0
DERIV 13
9.945326332231009936e-10
-7.594301646695298195e-26
0
0
DERIV 14
-7.727458143698991119e-11
5.819208661082969126e-28
0
0
DERIV 15
5.567407842917221954e-12
-1.4677927277174632562e-28
0
0
DERIV 16
-3.739485577105280907e-13
-7.637906881583832448e-30
0
0
DERIV 17
2.3525536778748813609e-14
1.3890664501255768201e-31
0
0
DERIV 18
-1.3918944208069658701e-15
-4.203312795184105791e-32
0
0
DERIV 19
7.772708295409929055e-17
5.027522243531909378e-33
0
0
DERIV 20
-4.109828240654756167e-18
6.197527819664427245e-35
0
0
DERIV 21
2.0634773017164512492e-19
-9.160158278718887128e-36
0
0
DERIV 22
-9.863152438429304293e-21
-3.761416542809204994e-37
0
0
DERIV 23
4.498635911447516020e-22
-4.137000943389126585e-38
0
0
DERIV 24
-1.9620602815632730116e-23
-1.7271105148750385176e-40
0
0
DERIV 25
8.198755733426991791e-25
-2.376227570111739173e-41
0
0
DERIV 26
-3.288180900231112103e-26
1.8286665865340612976e-42
0
0
DERIV 27
1.2677756335861524564e-27
2.665733237179721544e-44
0
0
DERIV 28
-4.706094604674750466e-29
-1.8021119353562961842e-45
0
0
DERIV 29
1.6842824446203298998e-30
-9.707636773324174899e-51
0
0
DERIV 30
-5.819245487497888233e-32
-1.1748864557747043642e-49
0
0
DERIV 31
1.9432955353531214255e-33
1.3045705726589579947e-49
0
0
DERIV 32
-6.279422209366396944e-35
3.690547493360046293e-51
0
0
DERIV 33
1.9654684456831175140e-36
1.4887290372834430119e-52
0
0
DERIV 34
-5.964946107078591841e-38
4.039328570948943580e-55
0
0
DERIV 35
1.7568864765801048103e-39
3.112362864937364561e-56
0
0
AT 5/8
0.8697998213433590919
5.123872817474878215e-17
0
0
DERIV 1
-0.3345383928243689242
2.2993682418371873329e-17
0
0
DERIV 2
-0.10036151784731067726
6.898104725511561845e-18
0
0
DERIV 3
0.12266407736893526759
-3.805087617464867609e-18
0
0
DERIV 4
-0.05296857886385841069
1.3277017482731370485e-18
0
0
DERIV 5
0.015054227677096600896
-3.408263184360114389e-19
0
0
DERIV 6
-0.003252456596903586378
-1.6194441559400837753e-19
0
0
DERIV 7
0.0005708393210892008691
3.373327541846924814e-20
0
0
DERIV 8
-8.463024818473618451e-5
4.138922249610556261e-21
0
0
DERIV 9
1.0878397914813583356e-5
-2.589009510531293177e-22
0
0
DERIV 10
-1.2353434920212034160e-6
-8.832260670219145677e-23
0
0
DERIV 11
1.2571338114191352902e-7
-1.0945091148273286002e-23
0
0
DERIV 12
-1.1593567371976469678e-8
7.887991314377290268e-25
0
0
DERIV 13
9.777707422148830173e-10
-9.891483025134268224e-26
0
0
DERIV 14
-7.598061497588179649e-11
-1.4544579594817137262e-28
0
0
DERIV 15
5.474697510046702124e-12
-2.789114326255796602e-28
0
0
DERIV 16
-3.677512930229969098e-13
-1.5539185903913134979e-30
0
0
DERIV 17
2.3137293627533821483e-14
-4.623053451808863381e-31
0
0
DERIV 18
-1.3690087918730490032e-15
-2.733882056582167790e-32
0
0
DERIV 19
7.645328327454954152e-17
2.5716640641019431554e-33
0
0
DERIV 20
-4.042673611999562306e-18
8.238075577261549708e-35
0
0
DERIV 21
2.0298490763198319491e-19
7.124722498035051713e-36
0
0
DERIV 22
-9.702797637540545573e-21
-4.482287867532347086e-37
0
0
DERIV 23
4.425655897624522035e-22
1.5603491533237400828e-38
0
0
DERIV 24
-1.9302933861471477923e-23
-4.456919144189129823e-40
0
0
DERIV 25
8.066253926469646066e-25
-3.565597750649162601e-41
0
0
DERIV 26
-3.235128580134884491e-26
-1.5165408858249200914e-42
0
0
DERIV 27
1.2473525199760333985e-27
-3.462480155704356023e-45
0
0
DERIV 28
-4.630390248327640001e-29
1.9864124806483886346e-45
0
0
DERIV 29
1.6572241614377399379e-30
7.953582801890036666e-47
0
0
DERIV 30
-5.725873434495692030e-32
-2.6780566060401524229e-48
0
0
DERIV 31
1.9121504293114790010e-33
-1.1801287990335074011e-49
0
0
DERIV 32
-6.178890350035762543e-35
-3.374582936222118659e-51
0
0
DERIV 33
1.9340335177191377910e-36
-1.3931009469226218762e-52
0
0
DERIV 34
-5.869635353752714833e-38
3.758163517712398991e-54
0
0
DERIV 35
1.7288390948174018764e-39
-4.504378287344126649e-56
0
0
AT 41/64
0.8645486214149055160
1.6400240195730210006e-17
0
0
DERIV 1
-0.3375856521715345226
-1.8563488822322558603e-17
0
0
DERIV 2
-0.09468865853591822146
-3.514419083357003155e-18
0
0
DERIV 3
0.11939004771920123937
8.109315900202765103e-19
0
0
DERIV 4
-0.05180430231494077137
3.3568494138898928472e-18
0
0
DERIV 5
0.014752218540016244497
6.983818261151975537e-19
0
0
DERIV 6
-0.003190596102840722887
8.899194649280616802e-20
0
0
DERIV 7
0.0005603555879541054436
-5.914336727361078658e-21
0
0
DERIV 8
-8.311396658065630934e-5
-1.1055771981698321502e-22
0
0
DERIV 9
1.0687053851894382214e-5
-8.151759599494437040e-23
0
0
DERIV 10
-1.2139222528160285471e-6
3.414722520494793841e-24
0
0
DERIV 11
1.2355810185841989849e-7
-8.423270256521732477e-25
0
0
DERIV 12
-1.1396636273251585549e-8
6.659724693069655530e-25
0
0
DERIV 13
9.612895429462702224e-10
-9.705777075458333555e-26
0
0
DERIV 14
-7.470819694149141437e-11
-5.275024127453568609e-27
0
0
DERIV 15
5.383523673407093455e-12
-3.860942992365935558e-30
0
0
DERIV 16
-3.616563052530057651e-13
-1.0987606308319425720e-30
0
0
DERIV 17
2.2755434171651069213e-14
8.859179224837026318e-31
0
0
DERIV 18
-1.3464982241278777971e-15
-3.684012537954634601e-32
0
0
DERIV 19
7.520029794430564336e-17
5.540318377722825281e-33
0
0
DERIV 20
-3.976613415146675590e-18
-2.624638502880293958e-34
0
0
DERIV 21
1.9967675871800329230e-19
5.844111204987960490e-36
0
0
DERIV 22
-9.545044266254248766e-21
5.644192386689276693e-37
0
0
DERIV 23
4.353857490062917609e-22
-1.6397520290048268510e-38
0
0
DERIV 24
-1.8990398891368065263e-23
-3.935197187449101834e-41
0
0
DERIV 25
7.935889962989589479e-25
3.537525136179925986e-41
0
0
DERIV 26
-3.182930911319982124e-26
-8.217352512635763080e-44
0
0
DERIV 27
1.2272579452812418315e-27
-5.708053878476850569e-44
0
0
DERIV 28
-4.555902107405719098e-29
2.4954211905286033406e-45
0
0
DERIV 29
1.6306000429383754699e-30
-1.2423636443479789955e-46
0
0
DERIV 30
-5.633997863950411481e-32
-1.9346394216003484628e-48
0
0
DERIV 31
1.8815039520772814240e-33
-7.046782964994766904e-50
0
0
DERIV 32
-6.079966369887834933e-35
-4.681451000645695424e-51
0
0
DERIV 33
1.9031008756164140559e-36
5.685604859903169135e-53
0
0
DERIV 34
-5.775846175740193768e-38
-2.987208500799846859e-54
0
0
DERIV 35
1.7012390957032922403e-39
7.302004940888347640e-56
0
0
AT 21/32
0.8592511806142542063
4.009559290496326108e-17
0
0
DERIV 1
-0.3404580149603648742
-1.5886933037815633553e-17
0
0
DERIV 2
-0.08916757534676222896
-4.160863414665998530e-18
0
0
DERIV 3
0.11618805272456897426
-3.830127422463033225e-18
0
0
DERIV 4
-0.05066339508338763009
-2.3641269401511356335e-18
0
0
DERIV 5
0.014455955397126603670
7.902124519882445535e-19
0
0
DERIV 6
-0.003129871962929280365
-4.003962965964306457e-20
0
0
DERIV 7
0.0005500597180482085522
2.876538441445662840e-20
0
0
DERIV 8
-8.162435874545784968e-5
-2.6042021008151580759e-21
0
0
DERIV 9
1.0499028081654403560e-5
-9.037193853929217649e-24
0
0
DERIV 10
-1.1928682969369046515e-6
7.780040362730428360e-23
0
0
DERIV 11
1.2143943506439715823e-7
4.706108456729096150e-24
0
0
DERIV 12
-1.1203024806665402279e-8
6.816700851670354567e-25
0
0
DERIV 13
9.450843608690543479e-10
-1.8386006567764985565e-26
0
0
DERIV 14
-7.345697019741764540e-11
2.7159325683322596980e-27
0
0
DERIV 15
5.293860974564951041e-12
-2.514921140183828338e-28
0
0
DERIV 16
-3.556619126647120007e-13
-3.440517151687449301e-30
0
0
DERIV 17
2.2379853789359682679e-14
-1.2692305448736962508e-30
0
0
DERIV 18
-1.3243565888023435940e-15
-7.845978869244259831e-32
0
0
DERIV 19
7.396778774130026282e-17
2.6716006246474440706e-33
0
0
DERIV 20
-3.911629856229122461e-18
3.123352864808954827e-34
0
0
DERIV 21
1.9642239644729672071e-19
-5.384003467830435260e-36
0
0
DERIV 22
-9.389850204669566510e-21
-3.624617107377786138e-37
0
0
DERIV 23
4.283221592058581632e-22
-6.905379345996084897e-39
0
0
DERIV 24
-1.8682915070289689658e-23
6.784069373909487798e-40
0
0
DERIV 25
7.807629402800782254e-25
-3.419227643986991720e-41
0
0
DERIV 26
-3.131574145186802896e-26
-2.7050712479945168490e-42
0
0
DERIV 27
1.2074866313633325990e-27
-4.168484070060592306e-44
0
0
DERIV 28
-4.482610666898402878e-29
-8.883095064831068099e-46
0
0
DERIV 29
1.6044031306647453711e-30
-1.6869639977990798424e-46
0
0
DERIV 30
-5.543594817192091245e-32
2.0245037610944095122e-48
0
0
DERIV 31
1.8513481286564617797e-33
-3.456370614694024515e-50
0
0
DERIV 32
-5.982624577094729937e-35
3.223257022219853979e-51
0
0
DERIV 33
1.8726625006478836090e-36
1.1073280815797984874e-52
0
0
DERIV 34
-5.683554302300626372e-38
-1.3095182847505998832e-54
0
0
DERIV 35
1.6740793486693633992e-39
-1.2021531756278286270e-55
0
0
AT 43/64
0.8539101949188147023
4.603498685821792841e-17
0
0
DERIV 1
-0.3431601717898040693
1.1590115294482085662e-17
0
0
DERIV 2
-0.08379492566960330957
-6.852033107962134815e-18
0
0
DERIV 3
0.11305664574470289385
-6.615522348981895571e-18
0
0
DERIV 4
-0.04954541239988449752
-3.0601299704194362812e-18
0
0
DERIV 5
0.014165332672718656051
-1.7989537035993787081e-19
0
0
DERIV 6
-0.003070263810910068419
-1.8497523939473425739e-19
0
0
DERIV 7
0.0005399484061476706722
-2.0309720818089626344e-20
0
0
DERIV 8
-8.016096205638071845e-5
-5.171967676640429527e-21
0
0
DERIV 9
1.0314263704922512182e-5
6.784874308341844666e-22
0
0
DERIV 10
-1.1721753848024945149e-6
-1.7056576902465981077e-23
0
0
DERIV 11
1.1935676355570344463e-7
-1.0285902553052467631e-23
0
0
DERIV 12
-1.1012677374416523396e-8
4.899653087739869876e-25
0
0
DERIV 13
9.291505989121353063e-10
4.888283256769284458e-26
0
0
DERIV 14
-7.222658350164283340e-11
-3.568104436350934232e-27
0
0
DERIV 15
5.205684472066019293e-12
1.3526605607445935540e-28
0
0
DERIV 16
-3.497664610847406327e-13
2.4885297040365343019e-29
0
0
DERIV 17
2.2010449568550293171e-14
1.0297602538725139334e-30
0
0
DERIV 18
-1.3025778570129718199e-15
-5.910953495201696198e-32
0
0
DERIV 19
7.275541895882073540e-17
5.661835427477841501e-33
0
0
DERIV 20
-3.847705430058463893e-18
-5.173199318847761567e-36
0
0
DERIV 21
1.9322094819885194698e-19
-6.797385785240864108e-36
0
0
DERIV 22
-9.237174013621899000e-21
-5.432995553245585356e-37
0
0
DERIV 23
4.213729415029874181e-22
1.2170443032316357004e-38
0
0
DERIV 24
-1.8380400897673048504e-23
9.496133645222072672e-40
0
0
DERIV 25
7.681438359755314641e-25
-4.360078975172221345e-41
0
0
DERIV 26
-3.081044754015926457e-26
-2.3102767502097463491e-42
0
0
DERIV 27
1.1880333847759977439e-27
5.847392822516046002e-44
0
0
DERIV 28
-4.410496724569393283e-29
-1.6249584077318366571e-45
0
0
DERIV 29
1.5786265775651017617e-30
-1.2734262122128675979e-46
0
0
DERIV 30
-5.454640718745052400e-32
-5.120427577074505619e-48
0
0
DERIV 31
1.8216751114859462108e-33
1.4723569648375288861e-49
0
0
DERIV 32
-5.886839689987716213e-35
-2.4690815837536518691e-52
0
0
DERIV 33
1.8427105019945001466e-36
-1.1433950332136433824e-52
0
0
DERIV 34
-5.592735849532962647e-38
1.0277767833779969365e-54
0
0
DERIV 35
1.6473528367125332925e-39
-1.0082940381672461274e-55
0
0
AT 11/16
0.8485282878259629014
-3.188384881429771378e-17
0
0
DERIV 1
-0.3456967098550219331
2.3269559004206072098e-17
0
0
DERIV 2
-0.07856743405795953150
6.550153210757240008e-18
0
0
DERIV 3
0.10999440768114333855
-3.619099371934352846e-18
0
0
DERIV 4
-0.04844991766907504049
1.0722126775286851600e-19
0
0
DERIV 5
0.013880246683572849964
-5.558229288951525585e-19
0
0
DERIV 6
-0.003011751638888448667
2.1061232530623535268e-19
0
0
DERIV 7
0.0005300184043592507744
-1.0800998411903941959e-20
0
0
DERIV 8
-7.872332182394753495e-5
-4.932835393512162074e-21
0
0
DERIV 9
1.0132704789220971304e-5
-8.243254723424767715e-22
0
0
DERIV 10
-1.1518373820225547954e-6
3.144483278434152539e-23
0
0
DERIV 11
1.1730948046572840284e-7
4.423603566130109366e-24
0
0
DERIV 12
-1.0825539304723258385e-8
-6.746927411868075905e-25
0
0
DERIV 13
9.134837362027551710e-10
2.2418051902711513994e-26
0
0
DERIV 14
-7.101669140960646244e-11
1.0726426828870147503e-27
0
0
DERIV 15
5.118969634601074599e-12
2.810641200716366247e-28
0
0
DERIV 16
-3.439683234517741051e-13
7.873188263319967905e-31
0
0
DERIV 17
2.1647120278881236434e-14
5.445792606361847527e-31
0
0
DERIV 18
-1.2811560981378691893e-15
6.195013142240782090e-32
0
0
DERIV 19
7.156286331602938630e-17
4.356711336281370518e-33
0
0
DERIV 20
-3.784822915450652020e-18
1.3112828892279489389e-34
0
0
DERIV 21
1.9007155548094448546e-19
2.3589804784205499891e-36
0
0
DERIV 22
-9.086974923699169566e-21
-5.634158536742609050e-37
0
0
DERIV 23
4.145362473553734998e-22
1.3851445060194701807e-38
0
0
DERIV 24
-1.8082776185956541410e-23
-1.1557751947271617418e-39
0
0
DERIV 25
7.557283492842342371e-25
-2.1234749064702886325e-41
0
0
DERIV 26
-3.031329427423871903e-26
-1.3215022666621530381e-42
0
0
DERIV 27
1.1688930954076627208e-27
1.7758784968418463424e-44
0
0
DERIV 28
-4.339541385949082957e-29
-4.991504111057504607e-46
0
0
DERIV 29
1.5532636462116056314e-30
-3.404115823062376502e-47
0
0
DERIV 30
-5.367112370204861874e-32
4.277665555484160216e-48
0
0
DERIV 31
1.7924771783992593440e-33
8.655282273517193099e-50
0
0
DERIV 32
-5.792586830514664642e-35
3.038581755979656540e-51
0
0
DERIV 33
1.8132371147065584235e-36
4.772800088405523602e-53
0
0
DERIV 34
-5.503367314214457524e-38
-2.0541609580878611346e-54
0
0
DERIV 35
1.6210526545876241621e-39
2.682533038683435885e-56
0
0
AT 45/64
0.8431080119524320127
-5.326746699632920544e-17
0
0
DERIV 1
-0.3480721150262333641
-1.3658207076635169826e-17
0
0
DERIV 2
-0.07348189094998260062
-1.3414228486435963710e-18
0
0
DERIV 3
0.10699994647102729906
-1.4552795240698929051e-18
0
0
DERIV 4
-0.04737648232301509832
-3.170573178959585474e-19
0
0
DERIV 5
0.013600595605654674028
5.465315985572394638e-19
0
0
DERIV 6
-0.002954315791117721572
1.8637253417994979834e-21
0
0
DERIV 7
0.0005202665211370948719
-8.382282575279347284e-21
0
0
DERIV 8
-7.731099115717154511e-5
1.2621452613501638881e-22
0
0
DERIV 9
9.954296352467359779e-6
-6.645452564882796912e-22
0
0
DERIV 10
-1.1318482576360102964e-6
8.444928171536129573e-23
0
0
DERIV 11
1.1529698909320768072e-7
2.2373549369318579593e-24
0
0
DERIV 12
-1.0641556836473929840e-8
-5.614703501821527931e-25
0
0
DERIV 13
8.980793268087605419e-10
1.3711196983054522301e-26
0
0
DERIV 14
-6.982695417886727923e-11
4.250911537104075564e-27
0
0
DERIV 15
5.033692334283443835e-12
-2.935756482413943846e-28
0
0
DERIV 16
-3.382658993734834758e-13
1.2253211567688018527e-29
0
0
DERIV 17
2.1289766344367747208e-14
1.9461092602136799431e-31
0
0
DERIV 18
-1.2600854782190194565e-15
1.8250669965479856694e-32
0
0
DERIV 19
7.038979786993260687e-17
2.4113870725614246991e-33
0
0
DERIV 20
-3.722965370627420174e-18
-1.2698321184848013252e-34
0
0
DERIV 21
1.8697337370277192151e-19
-1.0155729520038735304e-35
0
0
DERIV 22
-8.939212824435064628e-21
-2.544206997993950173e-37
0
0
DERIV 23
4.078102580481639403e-22
-2.0436931594776196630e-38
0
0
DERIV 24
-1.7789962039457383150e-23
1.1964669632192763753e-40
0
0
DERIV 25
7.435131997429840995e-25
9.796137566927522490e-42
0
0
DERIV 26
-2.982415068875664894e-26
-9.552815564431579183e-43
0
0
DERIV 27
1.1500607351458144381e-27
-7.145773611900107160e-44
0
0
DERIV 28
-4.269726059407053432e-29
-2.5887233766511904919e-45
0
0
DERIV 29
1.5283077070469650988e-30
4.909191958933596001e-47
0
0
DERIV 30
-5.280986944213039160e-32
-1.1277614714916997044e-48
0
0
DERIV 31
1.7637467306245788761e-33
6.558697868682725785e-50
0
0
DERIV 32
-5.699841517801764398e-35
1.1761445439617157618e-51
0
0
DERIV 33
1.7842346976974906684e-36
4.884358866123203009e-53
0
0
DERIV 34
-5.415425567737677421e-38
-3.456147092837030100e-54
0
0
DERIV 35
1.5951720070286807046e-39
1.0545301016747876565e-55
0
0
AT 23/32
0.8376518506015327992
4.737359358655023905e-17
0
0
DERIV 1
-0.3502907738879137423
6.430859627673600668e-18
0
0
DERIV 2
-0.06853515141285268508
-2.3620808053198059125e-18
0
0
DERIV 3
0.10407189658988741376
5.029105989342705291e-19
0
0
DERIV 4
-0.04632468567720598313
-5.461523235715143452e-20
0
0
DERIV 5
0.013326279441388023256
-6.971888273945757808e-19
0
0
DERIV 6
-0.002897936957889141532
1.1856855181164316484e-19
0
0
DERIV 7
0.0005106896203162303912
-4.825420003161303901e-20
0
0
DERIV 8
-7.592353083103720555e-5
2.2019532077988855296e-21
0
0
DERIV 9
9.778984346949513409e-6
-7.602734315765715879e-22
0
0
DERIV 10
-1.1122020823783781427e-6
9.464836939099280897e-23
0
0
DERIV 11
1.1331870273289135473e-7
-6.447068023783039143e-24
0
0
DERIV 12
-1.0460677104130542740e-8
2.070817608406166299e-25
0
0
DERIV 13
8.829329985015491838e-10
-1.1362529583193270063e-27
0
0
DERIV 14
-6.865703767532821815e-11
-2.8218753174394594800e-27
0
0
DERIV 15
4.949828840036386031e-12
-2.953471711234639952e-28
0
0
DERIV 16
-3.326576146906806211e-13
-8.542500778933307370e-30
0
0
DERIV 17
2.0938289816416891726e-14
-5.077653493702085345e-31
0
0
DERIV 18
-1.2393602583905021226e-15
-7.292154431686706635e-32
0
0
DERIV 19
6.923590492877540269e-17
2.946106442519263771e-34
0
0
DERIV 20
-3.662116128692008448e-18
2.435295235407622024e-34
0
0
DERIV 21
1.8392557194977362416e-19
7.286981037978069754e-36
0
0
DERIV 22
-8.793848253676373196e-21
2.173563400321449750e-37
0
0
DERIV 23
4.011931842134126144e-22
-6.539456675730625177e-39
0
0
DERIV 24
-1.7501880833588055390e-23
-7.432046382135814466e-40
0
0
DERIV 25
7.314951596646901595e-25
-1.5357664230820904907e-41
0
0
DERIV 26
-2.934288792253299878e-26
-2.8674871293100773500e-42
0
0
DERIV 27
1.1315313565627149531e-27
6.360451718136149409e-44
0
0
DERIV 28
-4.201032451303387380e-29
-8.688358468257034212e-46
0
0
DERIV 29
1.5037522366590910556e-30
3.422400665367587814e-47
0
0
DERIV 30
-5.196241978527977499e-32
-4.932153301521162277e-48
0
0
DERIV 31
1.7354762908147264914e-33
7.392791557700867740e-50
0
0
DERIV 32
-5.608579661817869981e-35
3.110416934355879504e-51
0
0
DERIV 33
1.7556957317696118915e-36
-1.2690419929071097734e-52
0
0
DERIV 34
-5.328887850143999886e-38
-9.276239028901326902e-55
0
0
DERIV 35
1.5697042069985783556e-39
-1.8562832372026926134e-56
0
0
AT 47/64
0.8321622192988157307
-1.3861764552748840027e-17
0
0
DERIV 1
-0.3523569757391382118
2.5373313801786041631e-17
0
0
DERIV 2
-0.06372413391026966745
-4.564643717597165633e-18
0
0
DERIV 3
0.10120891856336948489
-5.811719091171048768e-18
0
0
DERIV 4
-0.04529411478916226669
-1.8320042990165927904e-19
0
0
DERIV 5
0.013057199987496432084
7.108108217145775593e-19
0
0
DERIV 6
-0.002842596169526735283
-8.626996991006996303e-20
0
0
DERIV 7
0.0005012846201624855539
-3.874131174446776640e-20
0
0
DERIV 8
-7.456050915621538966e-5
-3.905887349765002709e-22
0
0
DERIV 9
9.606715643568899471e-6
-5.045059921155703344e-22
0
0
DERIV 10
-1.0928930269780533331e-6
9.582959606447184232e-23
0
0
DERIV 11
1.1137404450901968778e-7
1.1196480702232071852e-24
0
0
DERIV 12
-1.0282848122881666691e-8
6.415071083618822591e-25
0
0
DERIV 13
8.680404515393608602e-10
1.3434263535479109458e-26
0
0
DERIV 14
-6.750661328099844757e-11
4.356100195236960638e-27
0
0
DERIV 15
4.867355811088550356e-12
-1.8318971889788605511e-28
0
0
DERIV 16
-3.271419210485752361e-13
-2.2178154849462113154e-29
0
0
DERIV 17
2.0592594347300949108e-14
-2.439859803973406067e-31
0
0
DERIV 18
-1.2189747933322124507e-15
2.2247879171050132637e-32
0
0
DERIV 19
6.810087196683830209e-17
-2.2051254270927399318e-33
0
0
DERIV 20
-3.602258793178007557e-18
-2.516026221145380562e-34
0
0
DERIV 21
1.8092733276257621453e-19
5.596883566857135737e-36
0
0
DERIV 22
-8.650842387121630324e-21
-4.918116802596779379e-37
0
0
DERIV 23
3.946832653572638908e-22
1.3863703063742143081e-38
0
0
DERIV 24
-1.7218456194406719298e-23
4.596909757375309104e-40
0
0
DERIV 25
7.196710532904309637e-25
3.562746617240481226e-41
0
0
DERIV 26
-2.886937918479204891e-26
1.0203588948287698643e-42
0
0
DERIV 27
1.1133000916221587694e-27
4.945558298974336122e-44
0
0
DERIV 28
-4.133442561217530405e-29
2.0278839930264637296e-45
0
0
DERIV 29
1.4795908160833228333e-30
-5.666091727598904183e-47
0
0
DERIV 30
-5.112855370190507448e-32
-4.845256226767719261e-48
0
0
DERIV 31
1.7076585011085826233e-33
1.5427571685864384776e-49
0
0
DERIV 32
-5.518777557139824231e-35
3.519047349732888529e-51
0
0
DERIV 33
1.7276128176713109375e-36
1.4683541172054015339e-52
0
0
DERIV 34
-5.243731764252075728e-38
-2.766303888816777492e-54
0
0
DERIV 35
1.5446426739664711314e-39
-3.989150255947834064e-56
0
0
AT 3/4
0.8266414672967757893
-5.179471908673361627e-17
0
0
DERIV 1
-0.3542749145557610446
1.4267572289849003111e-17
0
0
DERIV 2
-0.05904581909262683614
-2.2480005542966517333e-18
0
0
DERIV 3
0.09840969848771140283
-5.505190948048551615e-18
0
0
DERIV 4
-0.04428436431947013058
1.7834465362311253889e-18
0
0
DERIV 5
0.012793260803402482437
-7.850637622853839937e-19
0
0
DERIV 6
-0.002788274790485156373
1.1550352908858346355e-19
0
0
DERIV 7
0.0004920484924385569751
1.1505323469235401551e-20
0
0
DERIV 8
-7.322150185097574292e-5
8.693320372816472580e-22
0
0
DERIV 9
9.437438016347984320e-6
2.1170757503423137461e-22
0
0
DERIV 10
-1.0739153604809775217e-6
-2.847206688624512641e-23
0
0
DERIV 11
1.0946244721155969820e-7
-3.0043682450313447178e-24
0
0
DERIV 12
-1.0108018774040421717e-8
-5.870105995007200996e-25
0
0
DERIV 13
8.533974574705797354e-10
8.821737144494234050e-27
0
0
DERIV 14
-6.637535780326730844e-11
-4.994367468285459805e-27
0
0
DERIV 15
4.786250290575738116e-12
1.3153797808747702122e-28
0
0
DERIV 16
-3.217172954750201595e-13
1.7830843306026721521e-29
0
0
DERIV 17
2.0252585164062154516e-14
9.453305031927141070e-31
0
0
DERIV 18
-1.1989235297486704147e-15
9.416994232773825574e-33
0
0
DERIV 19
6.698439154061397017e-17
3.885261558397747872e-33
0
0
DERIV 20
-3.543377233670159303e-18
-1.943598943535780445e-34
0
0
DERIV 21
1.7797785191950573611e-19
-7.935959704063715171e-36
0
0
DERIV 22
-8.510157028028314035e-21
-4.243577450726809662e-39
0
0
DERIV 23
3.882787693947432666e-22
-6.620845359940379187e-39
0
0
DERIV 24
-1.6939612978496152375e-23
3.4647287848868751507e-40
0
0
DERIV 25
7.080377559551201059e-25
-4.362150021887179067e-41
0
0
DERIV 26
-2.840349972193823286e-26
4.206133811831560026e-43
0
0
DERIV 27
1.0953621504069345537e-27
-4.566988124319843216e-44
0
0
DERIV 28
-4.066938677253469789e-29
8.077124053980774330e-46
0
0
DERIV 29
1.4558171291317838843e-30
1.7796762542061902257e-47
0
0
DERIV 30
-5.030805369782617234e-32
8.045159008632910347e-49
0
0
DERIV 31
1.6802861212234262582e-33
-3.204693011540693821e-50
0
0
DERIV 32
-5.430411876817163283e-35
5.330403589711241512e-51
0
0
DERIV 33
1.6999786741851874770e-36
-3.960457255387590843e-53
0
0
DERIV 34
-5.159935269879744994e-38
-4.040237580255098885e-54
0
0
DERIV 35
1.5199809322126382475e-39
-6.814514516763693751e-56
0
0
AT 49/64
0.8210918790491932295
-5.183341325766737093e-17
0
0
DERIV 1
-0.3560486909151368562
-8.472259096845503543e-18
0
0
DERIV 2
-0.05449724860945972388
-3.055037938569527337e-19
0
0
DERIV 3
0.09567294755882929658
-3.0102168905592664092e-18
0
0
DERIV 4
-0.04329503639529300174
-1.3606386985269658154e-18
0
0
DERIV 5
0.012534367180175736561
8.769335480268397738e-22
0
0
DERIV 6
-0.002734954513548811927
-1.5732209342907090345e-19
0
0
DERIV 7
0.0004829782614859525836
-1.5375172112639019734e-21
0
0
DERIV 8
-7.190609191525935181e-5
-6.486674140285476387e-21
0
0
DERIV 9
9.271100127197182692e-6
-4.299880267665165680e-23
0
0
DERIV 10
-1.0552634486032213441e-6
-9.343841039710388607e-23
0
0
DERIV 11
1.0758335313515678703e-7
-4.277392304854456969e-24
0
0
DERIV 12
-9.936138790683544178e-9
3.679901378408582716e-25
0
0
DERIV 13
8.389998579567196420e-10
2.913215214587924919e-26
0
0
DERIV 14
-6.526295338566575632e-11
6.564422322359507307e-29
0
0
DERIV 15
4.706489699247244943e-12
3.141192268448477014e-28
0
0
DERIV 16
-3.163822399656316770e-13
4.217063923887844727e-30
0
0
DERIV 17
1.9918169042841795839e-14
-7.229036130093197596e-31
0
0
DERIV 18
-1.1792010048725142878e-15
3.560564724110092764e-32
0
0
DERIV 19
6.588616120634127977e-17
8.165643980321968040e-34
0
0
DERIV 20
-3.485455581495932654e-18
-5.062758512929693884e-36
0
0
DERIV 21
1.7507633822260959164e-19
-6.506135705573734646e-36
0
0
DERIV 22
-8.371754597085866321e-21
7.001286606463255256e-37
0
0
DERIV 23
3.819779921920326097e-22
3.271521548006957294e-39
0
0
DERIV 24
-1.6665277253166005003e-23
3.3300068273363668745e-40
0
0
DERIV 25
6.965921932665593399e-25
1.1988447623799916303e-41
0
0
DERIV 26
-2.794512678486456043e-26
2.0799767738559982081e-42
0
0
DERIV 27
1.0777128198666633919e-27
-2.704373380024876176e-44
0
0
DERIV 28
-4.001503371420008263e-29
-1.1754820817366797757e-45
0
0
DERIV 29
1.4324249607494351759e-30
-4.266924861583192293e-47
0
0
DERIV 30
-4.950070575777833358e-32
-4.260366018678572820e-48
0
0
DERIV 31
1.6533520265777044009e-33
4.778785874282786803e-50
0
0
DERIV 32
-5.343459666334610503e-35
-1.7958731546400849576e-51
0
0
DERIV 33
1.6727861362466347943e-36
4.333892563768939978e-53
0
0
DERIV 34
-5.077476678157913801e-38
3.539859744957701764e-55
0
0
DERIV 35
1.4957126091602913353e-39
-1.3944711711779789291e-55
0
0
AT 25/32
0.8155156756556879438
-4.159163058431608628e-17
0
0
DERIV 1
-0.3576823138840736216
-1.9739370761599176490e-17
0
0
DERIV 2
-0.05007552394377030869
-1.0981773696861500598e-18
0
0
DERIV 3
0.09299740160985914272
4.022013373390629840e-18
0
0
DERIV 4
-0.04232574047628204911
1.5499550460654784886e-18
0
0
DERIV 5
0.012280426110019861813
-1.2719329670500004966e-19
0
0
DERIV 6
-0.002682617354130552127
-1.8273975023152997423e-19
0
0
DERIV 7
0.0004740710033225420655
-1.7040375797048871632e-20
0
0
DERIV 8
-7.061386950687564921e-5
-2.209974572140639616e-22
0
0
DERIV 9
9.107651510937060402e-6
-9.067665555088493820e-23
0
0
DERIV 10
-1.0369317521110159076e-6
-4.999522052530288457e-23
0
0
DERIV 11
1.0573621392075690138e-7
-2.8392477530272025966e-24
0
0
DERIV 12
-9.767158743527544168e-9
1.5010941277244122951e-25
0
0
DERIV 13
8.248435636147702345e-10
8.362649858148604477e-27
0
0
DERIV 14
-6.416908742009055593e-11
-6.138300764892781659e-27
0
0
DERIV 15
4.628051829275073877e-12
-9.072178367151501016e-29
0
0
DERIV 16
-3.111352810756735310e-13
-1.6936428317095105227e-29
0
0
DERIV 17
1.9589254283626762942e-14
8.411423027404424627e-31
0
0
DERIV 18
-1.1598018449922759624e-15
7.789650574792677494e-32
0
0
DERIV 19
6.480588343887476378e-17
-3.378872156613999293e-33
0
0
DERIV 20
-3.4284782254867499183e-18
-1.1037895033468976075e-34
0
0
DERIV 21
1.7222201328713152788e-19
-2.3070263737150783898e-36
0
0
DERIV 22
-8.235598122451891566e-21
-3.069280181590117781e-37
0
0
DERIV 23
3.757792571161101082e-22
4.114792796654700713e-39
0
0
DERIV 24
-1.6395376276973139900e-23
-1.2759338155556243088e-40
0
0
DERIV 25
6.853313402976676978e-25
-1.6242089983684299843e-41
0
0
DERIV 26
-2.749413959678499087e-26
1.5174587907871321327e-44
0
0
DERIV 27
1.0603474625856864202e-27
-3.470980876036896483e-44
0
0
DERIV 28
-3.937119495084930493e-29
7.390874474320402227e-46
0
0
DERIV 29
1.4094081953963973256e-30
2.542639379126679908e-47
0
0
DERIV 30
-4.870629928981809237e-32
-2.0790292528524393762e-48
0
0
DERIV 31
1.6268492064437508735e-33
3.788681903414268714e-51
0
0
DERIV 32
-5.257898337670812405e-35
-8.999799277153765598e-52
0
0
DERIV 33
1.6460281530923949584e-36
4.083236233901614978e-53
0
0
DERIV 34
-4.996334645934932442e-38
-2.679191172834416491e-54
0
0
DERIV 35
1.4718314337339151800e-39
1.5058773388917278905e-55
0
0
AT 51/64
0.8099150162770574202
1.0667393980476894947e-17
0
0
DERIV 1
-0.3591797028706950612
2.6645110756760322852e-17
0
0
DERIV 2
-0.04577780526783368359
2.7156617725373715630e-18
0
0
DERIV 3
0.09038182065700496592
-6.251292974484968441e-18
0
0
DERIV 4
-0.04137609322284967195
-1.1483467710815134252e-18
0
0
DERIV 5
0.012031346256289621524
-2.689307284292304741e-19
0
0
DERIV 6
-0.002631245644668218052
7.009768597990037790e-20
0
0
DERIV 7
0.0004653238447554522384
1.2189539741807868539e-20
0
0
DERIV 8
-6.934443181978773726e-5
-4.299129327950188222e-21
0
0
DERIV 9
8.947042560571550165e-6
3.314473445999885041e-23
0
0
DERIV 10
-1.0189148252277796425e-6
6.466784973117733004e-23
0
0
DERIV 11
1.0392049039985492340e-7
-1.9524635073843291884e-24
0
0
DERIV 12
-9.601030027038096403e-9
2.365598987475127578e-25
0
0
DERIV 13
8.109245528785857715e-10
3.975123902615611817e-26
0
0
DERIV 14
-6.309345246046777003e-11
-4.279964971012152252e-27
0
0
DERIV 15
4.550914838164342362e-12
-1.2638557464156942337e-28
0
0
DERIV 16
-3.059749695185937165e-13
-3.392487608959341621e-30
0
0
DERIV 17
1.9265750685406825234e-14
1.2349976985167567688e-30
0
0
DERIV 18
-1.1407207640040469217e-15
-7.199789258486647815e-32
0
0
DERIV 19
6.374326555186802620e-17
1.0122760225848395065e-33
0
0
DERIV 20
-3.3724298078077317365e-18
5.174923191330127126e-35
0
0
DERIV 21
1.6941411133438391276e-19
-7.567956657943456672e-36
0
0
DERIV 22
-8.101651229948900793e-21
-3.619681596684072017e-37
0
0
DERIV 23
3.696809145916358726e-22
-1.1738780358175305931e-38
0
0
DERIV 24
-1.6129838480554979255e-23
1.8589836519078943081e-40
0
0
DERIV 25
6.742522207916719031e-25
-1.2449861234462672947e-41
0
0
DERIV 26
-2.705041932158248542e-26
8.888196135481600455e-44
0
0
DERIV 27
1.0432615155706800474e-27
-6.652325726466530235e-44
0
0
DERIV 28
-3.873770174501882935e-29
1.7870099070558085634e-45
0
0
DERIV 29
1.3867608154561259922e-30
6.999316923459448987e-47
0
0
DERIV 30
-4.792462707061664759e-32
-7.430835663297849005e-49
0
0
DERIV 31
1.6007707621299706991e-33
9.407465171987844711e-50
0
0
DERIV 32
-5.173705663451768476e-35
2.4566134912469196187e-51
0
0
DERIV 33
1.6196977864385992672e-36
4.550353444189831219e-53
0
0
DERIV 34
-4.916488170270042333e-38
2.3546980954142247400e-54
0
0
DERIV 35
1.4483312347437220735e-39
3.886869540729198087e-56
0
0
AT 13/16
0.8042919995219572904
-2.2674599183346743441e-17
0
0
DERIV 1
-0.3605446894408774194
2.3563718896631465308e-17
0
0
DERIV 2
-0.04160131032010123964
1.6513685028563645156e-18
0
0
DERIV 3
0.08782498845354705375
4.223659720533483813e-18
0
0
DERIV 4
-0.04044571836676508908
-3.4059262194893103620e-18
0
0
DERIV 5
0.011787037924028683639
4.572981113783271934e-19
0
0
DERIV 6
-0.002580822029117391635
1.8922286056094869807e-20
0
0
DERIV 7
0.0004567339625090479607
2.2427088444685502051e-20
0
0
DERIV 8
-6.809738296445143303e-5
1.7996311555805333762e-21
0
0
DERIV 9
8.789224512807984344e-6
6.062014327570499847e-22
0
0
DERIV 10
-1.0012073140676922269e-6
2.817040117077747729e-23
0
0
DERIV 11
1.0213565244132599358e-7
-2.4512449974082305914e-24
0
0
DERIV 12
-9.437704845768785140e-9
2.452608611562713975e-25
0
0
DERIV 13
7.972388708790054022e-10
2.3051407284349056659e-26
0
0
DERIV 14
-6.203574613783163185e-11
4.591281146697750453e-27
0
0
DERIV 15
4.475057242763238498e-12
2.551061267260867157e-28
0
0
DERIV 16
-3.008998797711063731e-13
-2.4092151720457597655e-29
0
0
DERIV 17
1.8947569521735903843e-14
4.115659737330822807e-31
0
0
DERIV 18
-1.1219525619866481255e-15
-6.882711484541557639e-32
0
0
DERIV 19
6.269801961924980038e-17
-2.8965668041799484428e-33
0
0
DERIV 20
-3.3172952198548530802e-18
1.5857728639473654036e-34
0
0
DERIV 21
1.6665187898796265642e-19
8.760514625293475791e-36
0
0
DERIV 22
-7.969878133419001718e-21
-4.817815612737052885e-37
0
0
DERIV 23
3.636813416649672408e-22
1.5288333334901990320e-38
0
0
DERIV 24
-1.5868593447770816701e-23
-1.3808137201268812725e-39
0
0
DERIV 25
6.633519063800533771e-25
-2.399358005550238101e-41
0
0
DERIV 26
-2.661384903266438208e-26
-1.8756937394382860535e-42
0
0
DERIV 27
1.0264504890576846999e-27
-6.654678677265181566e-44
0
0
DERIV 28
-3.811438806408807921e-29
2.1630524163608263908e-45
0
0
DERIV 29
1.3644768996690241628e-30
7.515144675276225396e-47
0
0
DERIV 30
-4.715548519162681468e-32
1.5985391659689750969e-50
0
0
DERIV 31
1.5751099051920265046e-33
-8.266444810734872232e-51
0
0
DERIV 32
-5.090859771197462458e-35
-5.340801028926721757e-52
0
0
DERIV 33
1.5937882086878309059e-36
7.056889007289037553e-53
0
0
DERIV 34
-4.837916583014458321e-38
2.708295492118616273e-54
0
0
DERIV 35
1.4252059392957987377e-39
6.735793141687646824e-59
0
0
AT 53/64
0.7986486648054719195
-1.6000608873078188763e-17
0
0
DERIV 1
-0.3617810190999146136
-9.357760878810940078e-18
0
0
DERIV 2
-0.03754331330282132534
-3.4586163963716510592e-18
0
0
DERIV 3
0.08532571205186666174
-5.386487461160047118e-18
0
0
DERIV 4
-0.03953424658403154740
-3.3791909816372982311e-18
0
0
DERIV 5
0.011547413031019287261
2.332219849314759535e-19
0
0
DERIV 6
-0.002531329457538710609
-1.9639742571948964644e-19
0
0
DERIV 7
0.0004482985823677438416
1.9583440874280823744e-20
0
0
DERIV 8
-6.687233385017327483e-5
2.4833872852974823188e-21
0
0
DERIV 9
8.634149433819839921e-6
3.055211874635040567e-22
0
0
DERIV 10
-9.838039550953761829e-7
5.247472832415499993e-23
0
0
DERIV 11
1.0038117880079711236e-7
1.9466168492394585267e-25
0
0
DERIV 12
-9.277136200925457638e-9
4.723994152663195589e-25
0
0
DERIV 13
7.837826283423965238e-10
1.0914372753415564191e-26
0
0
DERIV 14
-6.099567107679589853e-11
4.366980998251663304e-27
0
0
DERIV 15
4.400457913370898016e-12
-3.880526305709423807e-28
0
0
DERIV 16
-2.959086096847126512e-13
6.750178959384982817e-30
0
0
DERIV 17
1.8634623516690835020e-14
-4.811606019641382042e-31
0
0
DERIV 18
-1.1034921237999206193e-15
-6.656023820589127875e-32
0
0
DERIV 19
6.166986239797166346e-17
3.655858363619554262e-33
0
0
DERIV 20
-3.2630595982184278982e-18
-1.6609977862787642214e-34
0
0
DERIV 21
1.6393457507325109106e-19
-6.642040599205248866e-36
0
0
DERIV 22
-7.840243625234020392e-21
-1.3093317447435609962e-37
0
0
DERIV 23
3.577789415751893864e-22
-2.1578473605211987844e-38
0
0
DERIV 24
-1.5611571897146177609e-23
-3.922474630856886813e-40
0
0
DERIV 25
6.526275158130453001e-25
-1.2265840757583597668e-42
0
0
DERIV 26
-2.618431368231705695e-26
1.1500806957214300937e-43
0
0
DERIV 27
1.0099099653382360663e-27
-8.853421743694812582e-44
0
0
DERIV 28
-3.750109053696784019e-29
1.6045506030776541856e-45
0
0
DERIV 29
1.3425506215910874094e-30
7.865178840376837093e-48
0
0
DERIV 30
-4.639867300610946062e-32
-1.0096383868338462461e-48
0
0
DERIV 31
1.5498599556725592760e-33
1.6556863839314735742e-49
0
0
DERIV 32
-5.009339137660203660e-35
-3.467420548770838727e-51
0
0
DERIV 33
1.5682927011647454292e-36
-4.788287090483094961e-53
0
0
DERIV 34
-4.760599545478712385e-38
-1.9093753801250758061e-54
0
0
DERIV 35
1.4024495712275454921e-39
2.898316275694831292e-56
0
0
AT 27/32
0.7929869936801148267
-5.067677816973953667e-17
0
0
DERIV 1
-0.3628923530400525177
-6.916675064699711566e-18
0
0
DERIV 2
-0.03360114380000486095
-2.4394053699666619891e-18
0
0
DERIV 3
0.08288282137334533617
-6.472809114448578173e-18
0
0
DERIV 4
-0.03864131537000559113
-1.7644820898755770309e-18
0
0
DERIV 5
0.011312385079334970339
3.355439012819369410e-19
0
0
DERIV 6
-0.002482751180778137307
1.7826456603211453167e-19
0
0
DERIV 7
0.0004400149783333970072
1.3358271173621451541e-20
0
0
DERIV 8
-6.566890206945394663e-5
-2.6507129993877497233e-21
0
0
DERIV 9
8.481770205248141759e-6
-5.376319300522428730e-22
0
0
DERIV 10
-9.666995736112509835e-7
-4.654505256811928599e-23
0
0
DERIV 11
9.865655697251707866e-8
6.612537750610143707e-24
0
0
DERIV 12
-9.119277877152460555e-9
-3.985504821388963504e-25
0
0
DERIV 13
7.705520005073203212e-10
4.809081531900655065e-26
0
0
DERIV 14
-5.997293481339488639e-11
3.699469990326213655e-27
0
0
DERIV 15
4.327096067941601762e-12
-1.1449805462201233041e-28
0
0
DERIV 16
-2.909997801035548805e-13
1.9092637708383553479e-29
0
0
DERIV 17
1.8326826821221152961e-14
1.1445853488972600582e-30
0
0
DERIV 18
-1.0853344177057659070e-15
-3.489178188767870915e-32
0
0
DERIV 19
6.065851525200708124e-17
-5.800856667936079500e-33
0
0
DERIV 20
-3.2097083207118496595e-18
-1.4306631523215211085e-34
0
0
DERIV 21
1.6126147042015931675e-19
8.636182155320230737e-36
0
0
DERIV 22
-7.712713066958532641e-21
4.690263370864405964e-37
0
0
DERIV 23
3.519721433320476299e-22
-2.0868519608760472726e-38
0
0
DERIV 24
-1.5358705663615322944e-23
7.615867823681230684e-40
0
0
DERIV 25
6.420762142024798028e-25
-4.328870252434074648e-41
0
0
DERIV 26
-2.5761700071551793611e-26
8.309922158218210789e-44
0
0
DERIV 27
9.936355976042926652e-28
7.543889867505164054e-44
0
0
DERIV 28
-3.689764841148149954e-29
-1.0795029247150881382e-45
0
0
DERIV 29
1.3209762480771813468e-30
4.971004242589109889e-47
0
0
DERIV 30
-4.565399307700577038e-32
-1.7308649868208394959e-49
0
0
DERIV 31
1.5250143403689944375e-33
1.0319820159743533086e-50
0
0
DERIV 32
-4.929122583253214706e-35
4.702586584833669891e-51
0
0
DERIV 33
1.5432046523797940275e-36
1.6080708923058410563e-52
0
0
DERIV 34
-4.684517043184872750e-38
-1.6188097955943609517e-54
0
0
DERIV 35
1.3800562495679995060e-39
-1.6856379941659239161e-56
0
0
AT 55/64
0.7873089111397855167
2.5128946064265386686e-17
0
0
DERIV 1
-0.3638822698545227108
-1.8611422705911460991e-17
0
0
DERIV 2
-0.029772185715370040604
-8.919442301284622703e-19
0
0
DERIV 3
0.08049516878600047887
3.696533271070884499e-18
0
0
DERIV 4
-0.03776656891671940214
-2.3521791083503395533e-18
0
0
DERIV 5
0.011081869127387736912
7.560449797865916349e-19
0
0
DERIV 6
-0.002435070745238599246
1.7333567221150887026e-19
0
0
DERIV 7
0.0004318804717970345375
1.5080331086402763253e-20
0
0
DERIV 8
-6.448671178428365945e-5
4.751089215538483796e-21
0
0
DERIV 9
8.332040510437554992e-6
-5.123284709825455873e-22
0
0
DERIV 10
-9.498890822621369999e-7
4.497007542800207235e-23
0
0
DERIV 11
9.696128304368349885e-8
-2.3156739960819219271e-24
0
0
DERIV 12
-8.964084429537121322e-9
3.460562264268601967e-25
0
0
DERIV 13
7.575432260590218085e-10
3.053636233991434152e-26
0
0
DERIV 14
-5.896724971427168620e-11
2.696180400018910358e-28
0
0
DERIV 15
4.254951266383739478e-12
3.648619954590933030e-28
0
0
DERIV 16
-2.861720344885021092e-13
-1.3073092642964703475e-29
0
0
DERIV 17
1.8024094989883559072e-14
1.0992173461884130427e-32
0
0
DERIV 18
-1.0674744940115649258e-15
-6.290688861500109218e-32
0
0
DERIV 19
5.966370407758122420e-17
5.364249885320153808e-33
0
0
DERIV 20
-3.1572270024645308463e-18
-3.434962821013763234e-35
0
0
DERIV 21
1.5863184766904763905e-19
-6.520024507292726664e-36
0
0
DERIV 22
-7.587252380163354275e-21
-2.3358202430094720383e-38
0
0
DERIV 23
3.462594013006718515e-22
-5.088875004804230022e-40
0
0
DERIV 24
-1.5109927680557156520e-23
-8.096749998064612239e-40
0
0
DERIV 25
6.316952122767861870e-25
-1.8866510646700980903e-41
0
0
DERIV 26
-2.5345896820434077434e-26
-1.1442723379290396188e-42
0
0
DERIV 27
9.776231088116609113e-28
-5.955368102775679119e-44
0
0
DERIV 28
-3.630390351242805064e-29
-1.4985699295309212687e-45
0
0
DERIV 29
1.2997481377885592750e-30
-7.785458917047060815e-47
0
0
DERIV 30
-4.492125112564181884e-32
1.2628090023319758381e-48
0
0
DERIV 31
1.5005665911289784180e-33
-7.647991603042297788e-50
0
0
DERIV 32
-4.850189266568027777e-35
-4.080201242001384829e-51
0
0
DERIV 33
1.5185175563206058993e-36
-1.2575169835010871277e-52
0
0
DERIV 34
-4.609649380702290566e-38
8.444562434716092468e-55
0
0
DERIV 35
1.3580201870226484970e-39
3.575942953398749424e-56
0
0
AT 7/8
0.7816162868972033051
-5.024772866880415458e-17
0
0
DERIV 1
-0.3647542672186948609
8.645966383773184931e-18
0
0
DERIV 2
-0.026053876229906774292
-8.693368091391785858e-19
0
0
DERIV 3
0.07816162868972031941
6.077457379371149946e-18
0
0
DERIV 4
-0.03690965799236792938
-2.0989222176022398772e-18
0
0
DERIV 5
0.010855781762461156822
-5.051380675137458031e-19
0
0
DERIV 6
-0.002388271987741454570
1.8051931389209635564e-19
0
0
DERIV 7
0.0004238924307246737418
-1.8898380028643024136e-20
0
0
DERIV 8
-6.332539361435674669e-5
1.5010358305161780397e-21
0
0
DERIV 9
8.184914820903253226e-6
-4.475451051632421367e-22
0
0
DERIV 10
-9.333674795766867250e-7
4.597635498094481419e-24
0
0
DERIV 11
9.529486155118619556e-8
1.0669488980552777784e-24
0
0
DERIV 12
-8.811511170828861387e-9
7.398556200965879489e-25
0
0
DERIV 13
7.447526060814516530e-10
6.595198210892787548e-27
0
0
DERIV 14
-5.797833289719166392e-11
1.8101106881853906280e-27
0
0
DERIV 15
4.184003404951975996e-12
-3.804596064503836644e-28
0
0
DERIV 16
-2.814240385473650295e-13
2.9914511204860109333e-30
0
0
DERIV 17
1.7726344957954798349e-14
3.043558046259275453e-31
0
0
DERIV 18
-1.0499074837356147217e-15
-7.452901745235192414e-32
0
0
DERIV 19
5.868515922961209154e-17
-3.784926217183024523e-33
0
0
DERIV 20
-3.1056014920780117921e-18
-1.5114987981827714756e-34
0
0
DERIV 21
1.5604500107978188179e-19
-8.964459412815235412e-37
0
0
DERIV 22
-7.463828037387072111e-21
5.649848101009144208e-37
0
0
DERIV 23
3.406391947929827411e-22
2.1983913375837226316e-40
0
0
DERIV 24
-1.4865171962119810152e-23
1.1728563670314844697e-39
0
0
DERIV 25
6.214817656479467707e-25
4.539504624136392730e-41
0
0
DERIV 26
-2.4936794338888511606e-26
1.1056726777835321550e-42
0
0
DERIV 27
9.618682905616177798e-28
6.908126810802141874e-44
0
0
DERIV 28
-3.571970020031594397e-29
3.945719810442338335e-46
0
0
DERIV 29
1.2788607397242302735e-30
1.1102883193012195853e-47
0
0
DERIV 30
-4.420025598125219637e-32
-2.4017391430833955299e-48
0
0
DERIV 31
1.4765103431730125860e-33
-6.777396720968867870e-50
0
0
DERIV 32
-4.772518678979292014e-35
-5.853492244392425123e-52
0
0
DERIV 33
1.4942250107705818728e-36
-4.714397311699540951e-53
0
0
DERIV 34
-4.535977176565550789e-38
6.595580171850141609e-56
0
0
DERIV 35
1.3363356884823467847e-39
2.707436256415098327e-56
0
0
AT 57/64
0.7759109366353245107
-4.214624542235349971e-17
0
0
DERIV 1
-0.3655117635389544817
-2.0058960066489929100e-17
0
0
DERIV 2
-0.022443704778707732062
-5.012806457766909253e-19
0
0
DERIV 3
0.07588109710896423499
3.677347108266115467e-18
0
0
DERIV 4
-0.03607023982292314329
1.6725467849686141288e-18
0
0
DERIV 5
0.010634041073721045220
-5.059413742053899675e-19
0
0
DERIV 6
-0.002342339030476243630
1.1289556523617619930e-19
0
0
DERIV 7
0.0004160482688569970750
8.186118597745965751e-21
0
0
DERIV 8
-6.218458452717348965e-5
-4.062521885796780926e-21
0
0
DERIV 9
8.040348383024705178e-6
6.008570058185238559e-22
0
0
DERIV 10
-9.171298485252356399e-7
-3.032775243865246978e-23
0
0
DERIV 11
9.365680534072733790e-8
4.142584510757932828e-24
0
0
DERIV 12
-8.661514158869439036e-9
7.424967485769641608e-25
0
0
DERIV 13
7.321765030265331650e-10
2.0939116706809437988e-26
0
0
DERIV 14
-5.700590615285947531e-11
-1.8251740139190639449e-28
0
0
DERIV 15
4.114232710731105239e-12
1.3234391974888099672e-28
0
0
DERIV 16
-2.767544798711403747e-13
1.7875564493285988524e-29
0
0
DERIV 17
1.7433495018916859161e-14
1.3083348275110558741e-30
0
0
DERIV 18
-1.0326285972942250753e-15
-8.520048035455996442e-32
0
0
DERIV 19
5.772261544934282771e-17
-5.164735979395595978e-33
0
0
DERIV 20
-3.0548178678442161991e-18
1.5682452099521852664e-34
0
0
DERIV 21
1.5350023634387100612e-19
-8.141335223042447731e-36
0
0
DERIV 22
-7.342407053243215930e-21
-2.441682465364421092e-37
0
0
DERIV 23
3.351100276656729665e-22
-1.4530228932228370895e-38
0
0
DERIV 24
-1.4624373585829237066e-23
-1.3707304361389512021e-39
0
0
DERIV 25
6.114331740902175038e-25
-1.5510257305502320628e-41
0
0
DERIV 26
-2.4534284797971746985e-26
-6.717385046606700635e-43
0
0
DERIV 27
9.463670020004464143e-28
1.0019997602466708455e-44
0
0
DERIV 28
-3.514488533075708973e-29
7.659710882426047577e-46
0
0
DERIV 29
1.2583085917758011454e-30
3.406438812145862730e-47
0
0
DERIV 30
-4.349081953130963267e-32
1.1270039615811381603e-48
0
0
DERIV 31
1.4528393334438459646e-33
-3.650115806854872192e-50
0
0
DERIV 32
-4.696090639335565899e-35
-2.3034989821059755951e-51
0
0
DERIV 33
1.4703207156542768158e-36
7.293040200723801117e-53
0
0
DERIV 34
-4.463481358273316490e-38
-2.0881102994571932959e-54
0
0
DERIV 35
1.3149971495559482147e-39
7.667826348491269830e-56
0
0
AT 29/32
0.7701946232332458342
3.507759593253595990e-17
0
0
DERIV 1
-0.3661580995699037500
-2.3956385113009926321e-17
0
0
DERIV 2
-0.018939212046719160198
-5.213067571652828721e-19
0
0
DERIV 3
0.07365249129279673179
4.340268690278509571e-18
0
0
DERIV 4
-0.03524797797583843761
-3.919686393986741584e-19
0
0
DERIV 5
0.010416566625695539150
-7.541153691451786529e-19
0
0
DERIV 6
-0.002297256276037231391
-1.4033140003290630713e-19
0
0
DERIV 7
0.0004083454449226485905
-1.9393198759915692617e-20
0
0
DERIV 8
-6.106392772999729747e-5
3.482066931689734232e-21
0
0
DERIV 9
7.898297204962612141e-6
8.131641381300219950e-22
0
0
DERIV 10
-9.011713551036638169e-7
4.808168538009809343e-23
0
0
DERIV 11
9.204663542827874738e-8
1.9130511308662046743e-24
0
0
DERIV 12
-8.514050184230822819e-9
-7.833613640909321364e-25
0
0
DERIV 13
7.198113397003911415e-10
-5.748471554961080990e-27
0
0
DERIV 14
-5.604969586801838500e-11
7.934895779138227732e-28
0
0
DERIV 15
4.045619736210112134e-12
3.523982993874354435e-28
0
0
DERIV 16
-2.721620675761874496e-13
-1.0332122179697539322e-29
0
0
DERIV 17
1.7145464802308406457e-14
-1.1937241810367011398e-30
0
0
DERIV 18
-1.0156331232101252192e-15
-6.323321290400035681e-33
0
0
DERIV 19
5.677581179314649564e-17
3.939789583703604247e-33
0
0
DERIV 20
-3.0048624340248468418e-18
1.0921208360746767441e-34
0
0
DERIV 21
1.5099687039963660084e-19
-6.254237123952298822e-36
0
0
DERIV 22
-7.222956975670758740e-21
6.448281849081635586e-37
0
0
DERIV 23
3.296704279246576493e-22
-1.7693016369164581226e-38
0
0
DERIV 24
-1.4387468675477343733e-23
1.4136007798931098909e-39
0
0
DERIV 25
6.015467808304246310e-25
3.517420658816080745e-41
0
0
DERIV 26
-2.4138262101605987038e-26
9.033915610255614028e-43
0
0
DERIV 27
9.311151687365906984e-28
-8.176357790264448331e-44
0
0
DERIV 28
-3.457930821451045772e-29
-1.4937286615430599653e-45
0
0
DERIV 29
1.2380863193054126370e-30
4.666776194026783779e-47
0
0
DERIV 30
-4.279275667264767350e-32
-5.763271891695730348e-49
0
0
DERIV 31
1.4295473989822018201e-33
7.308227742643869751e-50
0
0
DERIV 32
-4.620885288734762514e-35
8.415527713866817889e-52
0
0
DERIV 33
1.4467984714091345018e-36
2.658967650583429144e-53
0
0
DERIV 34
-4.392143157366778226e-38
-2.5653873206678088027e-54
0
0
DERIV 35
1.2939990551262814021e-39
-2.407800383175074576e-56
0
0
AT 59/64
0.7644690579670817554
5.545826527449948885e-17
0
0
DERIV 1
-0.3666965400004701392
2.2819189236181389214e-18
0
0
DERIV 2
-0.015537988983070767993
-5.207524692621627436e-19
0
0
DERIV 3
0.07147474932212553866
-3.502598459715195578e-18
0
0
DERIV 4
-0.03444254224580686752
-2.6866737106439734827e-18
0
0
DERIV 5
0.010203279432216471809
-4.849240687334578454e-19
0
0
DERIV 6
-0.002253008402545261368
-6.683549066312956379e-20
0
0
DERIV 7
0.0004007814618649206142
2.2458944513561360828e-21
0
0
DERIV 8
-5.996307256363619958e-5
-3.360203621452064901e-22
0
0
DERIV 9
7.758718043795257479e-6
6.081668445996331429e-22
0
0
DERIV 10
-8.854872469408716369e-7
1.8566609939324060568e-23
0
0
DERIV 11
9.046388086383794535e-8
2.6459125226848744842e-24
0
0
DERIV 12
-8.369076758057297525e-9
2.706051353698520056e-25
0
0
DERIV 13
7.076535982662640138e-10
-2.656989325513976933e-28
0
0
DERIV 14
-5.510943294981080976e-11
1.5337379882659822106e-27
0
0
DERIV 15
3.978145353944945621e-12
1.7373716581829939795e-28
0
0
DERIV 16
-2.676455319522398589e-13
2.1845380820911695371e-30
0
0
DERIV 17
1.6862175251936506664e-14
-7.101297298201179368e-31
0
0
DERIV 18
-9.989164268418345337e-16
7.047530156595533191e-32
0
0
DERIV 19
5.584449156248401678e-17
2.8752510184081296020e-33
0
0
DERIV 20
-2.9557217171909426993e-18
-1.5267386257944988849e-34
0
0
DERIV 21
1.4853423125036595112e-19
-1.2023322085941067865e-35
0
0
DERIV 22
-7.105445877325598117e-21
-5.631441535347778433e-37
0
0
DERIV 23
3.243189473358901442e-22
-2.0008042773427716915e-38
0
0
DERIV 24
-1.4154394384285049271e-23
3.0246458005704855270e-40
0
0
DERIV 25
5.918199718496537321e-25
-2.1462260501514759776e-41
0
0
DERIV 26
-2.3748621858765594765e-26
5.532996269963045179e-44
0
0
DERIV 27
9.161087817751527444e-28
-1.7472770013448995473e-44
0
0
DERIV 28
-3.402282057816488214e-29
-2.1763862506252037090e-45
0
0
DERIV 29
1.2181886337464048931e-30
2.665188306056128541e-47
0
0
DERIV 30
-4.210588526336390802e-32
-1.2130576802047662416e-48
0
0
DERIV 31
1.4066284753284190353e-33
-7.399858806443060995e-50
0
0
DERIV 32
-4.546883085382869592e-35
-1.5086561452775937013e-53
0
0
DERIV 33
1.4236521773831606567e-36
-7.074876493158587785e-53
0
0
DERIV 34
-4.321944104586444117e-38
2.2971345440930909162e-55
0
0
DERIV 35
1.2733359779290935579e-39
5.372891686012678066e-56
0
0
AT 15/16
0.7587359016862980088
4.059330230421399307e-17
0
0
DERIV 1
-0.3671302750094990741
1.7962407783651758234e-17
0
0
DERIV 2
-0.012237675833649968443
-9.514246426899758578e-20
0
0
DERIV 3
0.06934682972401648438
4.008587582811267030e-18
0
0
DERIV 4
-0.03365360854253741235
-1.1290035147281468720e-18
0
0
DERIV 5
0.009994101930814141069
-9.577266844466602161e-20
0
0
DERIV 6
-0.002209580358853466524
-1.7178500493013451985e-20
0
0
DERIV 7
0.0003933538660816061580
-2.6370194044531627641e-20
0
0
DERIV 8
-5.888167439801820482e-5
3.0271568324884882164e-21
0
0
DERIV 9
7.621568392870626750e-6
-4.005635951849803528e-22
0
0
DERIV 10
-8.700728519294786086e-7
2.5301819439099810076e-23
0
0
DERIV 11
8.890807859744495789e-8
-4.775748581238367057e-25
0
0
DERIV 12
-8.226552100108412915e-9
1.8870830941037823861e-25
0
0
DERIV 13
6.956998192638266370e-10
-4.718042960216251103e-26
0
0
DERIV 14
-5.418485275137955517e-11
2.3655060324297656126e-27
0
0
DERIV 15
3.911790751308575358e-12
3.016247834412062821e-28
0
0
DERIV 16
-2.632036241161571638e-13
9.659337926755916552e-30
0
0
DERIV 17
1.6583548604442841448e-14
1.4669792705349247737e-30
0
0
DERIV 18
-9.824739491336586032e-16
9.030227745744591381e-32
0
0
DERIV 19
5.492840223499667801e-17
-9.643931979856704577e-34
0
0
DERIV 20
-2.9073824626216191455e-18
1.5884135993087876659e-34
0
0
DERIV 21
1.4611165778540020035e-19
-4.119034059318409071e-36
0
0
DERIV 22
-6.989842347110799297e-21
4.367229791494488775e-38
0
0
DERIV 23
3.190541610424406628e-22
-8.852480161284109225e-39
0
0
DERIV 24
-1.3925088878335996538e-23
-1.3431574280232358445e-39
0
0
DERIV 25
5.822501751961454478e-25
-4.064821867617204005e-41
0
0
DERIV 26
-2.3365261356109649929e-26
-3.437691694436482257e-44
0
0
DERIV 27
9.013438964694534900e-28
5.840582440143930991e-44
0
0
DERIV 28
-3.347527652545084779e-29
-9.530616796418930841e-46
0
0
DERIV 29
1.1986103312263472857e-30
-1.8280122649959383949e-47
0
0
DERIV 30
-4.143002607549114053e-32
-5.800567640736992578e-49
0
0
DERIV 31
1.3840765949495927699e-33
-8.234154099097984685e-50
0
0
DERIV 32
-4.474064799534637915e-35
2.6272251607744358651e-51
0
0
DERIV 33
1.4008758302581205728e-36
8.073491680617090624e-53
0
0
DERIV 34
-4.252866025106023534e-38
-2.2798554492453975273e-54
0
0
DERIV 35
1.2530025771546012323e-39
3.199984365136497584e-56
0
0
AT 61/64
0.7529967659659740908
-2.5189480401491845891e-17
0
0
DERIV 1
-0.3674624217913953217
-2.2346491932376863094e-17
0
0
DERIV 2
-0.009035961191591689035
2.467626135866443437e-19
0
0
DERIV 3
0.06726771109296035556
-5.691951625537923936e-18
0
0
DERIV 4
-0.03288085878051420080
-6.579353165793704538e-20
0
0
DERIV 5
0.009788957957557662543
3.109149939400709764e-19
0
0
DERIV 6
-0.002166957359835414241
-1.4709039792585410595e-20
0
0
DERIV 7
0.0003860602466777930740
-2.1270191361164265263e-20
0
0
DERIV 8
-5.781939452953014931e-5
-2.1640919668806541836e-21
0
0
DERIV 9
7.486806469370685870e-6
-1.6481906873735129750e-22
0
0
DERIV 10
-8.549235768793576668e-7
-1.3576798891714167433e-23
0
0
DERIV 11
8.737877334742243655e-8
-1.0864575005818179065e-24
0
0
DERIV 12
-8.086435126999514477e-9
8.340215380922178308e-26
0
0
DERIV 13
6.839466006446532352e-10
3.390166925197565758e-26
0
0
DERIV 14
-5.327569499868939574e-11
-3.1709046276173471495e-27
0
0
DERIV 15
3.846537425326903973e-12
3.152036678978975544e-28
0
0
DERIV 16
-2.588351156713238746e-13
7.380963593789549158e-31
0
0
DERIV 17
1.6309508368218601140e-14
6.104714262625861647e-31
0
0
DERIV 18
-9.663012053859757604e-16
-9.659782939912117003e-33
0
0
DERIV 19
5.402729539671498762e-17
6.013652691497830170e-34
0
0
DERIV 20
-2.8598316307610363196e-18
5.043033099454190437e-35
0
0
DERIV 21
1.4372849960411063662e-19
-1.1508090345182811511e-35
0
0
DERIV 22
-6.876115481843311474e-21
-1.8329915378989931219e-37
0
0
DERIV 23
3.138746671877373107e-22
1.6937996024193220138e-38
0
0
DERIV 24
-1.3699491320276459795e-23
7.093597669705301597e-40
0
0
DERIV 25
5.728348603092211996e-25
-1.8857217497544108983e-41
0
0
DERIV 26
-2.2988079531053230279e-26
-4.178371091727328723e-43
0
0
DERIV 27
8.868166314893828676e-28
6.036810428612817884e-44
0
0
DERIV 28
-3.293653249917122405e-29
-2.6916568873374262095e-45
0
0
DERIV 29
1.1793462912120759853e-30
8.540049807868895985e-47
0
0
DERIV 30
-4.076500274842434927e-32
-1.7186631075274703876e-48
0
0
DERIV 31
1.3618858856918117405e-33
7.533624995204818662e-50
0
0
DERIV 32
-4.402411508514917719e-35
2.1971006591507039945e-51
0
0
DERIV 33
1.3784635224978555345e-36
-5.769918461396390850e-53
0
0
DERIV 34
-4.184891033842182327e-38
-6.857268668047661065e-55
0
0
DERIV 35
1.2329935970712845154e-39
-1.7611121200742578380e-56
0
0
AT 31/32
0.7472532142354576523
-3.448585852124331102e-17
0
0
DERIV 1
-0.3676960260523680080
-2.6206107875763347095e-17
0
0
DERIV 2
-0.005930581065360774826
8.095023696482550993e-20
0
0
DERIV 3
0.06523639171896852829
-6.094623034543502061e-18
0
0
DERIV 4
-0.03212398077070419827
1.7395230572087434775e-18
0
0
DERIV 5
0.009587772722333251854
6.497560144297619302e-19
0
0
DERIV 6
-0.002125124881754277602
-1.4360918653691035900e-20
0
0
DERIV 7
0.0003788982347313828397
-8.785827936593311214e-21
0
0
DERIV 8
-5.677590008009075274e-5
2.4529019601070964630e-21
0
0
DERIV 9
7.354391202084294501e-6
-4.230639364600032092e-22
0
0
DERIV 10
-8.400349061936282319e-7
-2.4992104358912964691e-23
0
0
DERIV 11
8.587551747080246085e-8
3.336733200023890024e-24
0
0
DERIV 12
-7.948685440636560702e-9
4.353264573119312479e-25
0
0
DERIV 13
6.723905968235575606e-10
1.7686179971476363380e-26
0
0
DERIV 14
-5.238170371854910090e-11
-2.2199376256426184796e-27
0
0
DERIV 15
3.782367177599130078e-12
-3.441292732403464410e-29
0
0
DERIV 16
-2.545387983726033360e-13
1.0185549493405590801e-29
0
0
DERIV 17
1.6039979302662412753e-14
4.131328198831388817e-31
0
0
DERIV 18
-9.503937840454859529e-16
-6.629987203701717843e-32
0
0
DERIV 19
5.314092667536574277e-17
-1.4732564532463767883e-33
0
0
DERIV 20
-2.8130563937326635264e-18
-2.689569187753245432e-35
0
0
DERIV 21
1.4138411684271618317e-19
9.279131165282714564e-36
0
0
DERIV 22
-6.764234878055013938e-21
-1.958642551208528044e-37
0
0
DERIV 23
3.087790865448704165e-22
-2.6074718901693137337e-39
0
0
DERIV 24
-1.3477541853277220114e-23
1.0832003736702722248e-39
0
0
DERIV 25
5.635715373540601920e-25
-2.598447243310497282e-41
0
0
DERIV 26
-2.2616976945270445874e-26
8.445029562426070751e-43
0
0
DERIV 27
8.725231678062721129e-28
-6.795508698217138065e-44
0
0
DERIV 28
-3.240644724374106492e-29
-4.151280678478077605e-46
0
0
DERIV 29
1.1603914751763886000e-30
8.729486582381621788e-47
0
0
DERIV 30
-4.011064174309135693e-32
2.3082684547233886666e-48
0
0
DERIV 31
1.3400505692570887665e-33
4.010172348018867112e-50
0
0
DERIV 32
-4.331904591819370323e-35
2.2366525088576966629e-51
0
0
DERIV 33
1.3564094408213144645e-36
-1.6606128808110916326e-53
0
0
DERIV 34
-4.118001530838952755e-38
-2.3658811444724010496e-54
0
0
DERIV 35
1.2133038656715744510e-39
-8.501224220775965409e-57
0
0
AT 63/64
0.7415067628838665215
5.295746006361647653e-17
0
0
DERIV 1
-0.3678340634778236029
2.6618341062790230738e-17
0
0
DERIV 2
-0.002919317964109710735
-1.8800507730585060288e-19
0
0
DERIV 3
0.06325188922237706679
3.2060816036383594189e-18
0
0
DERIV 4
-0.03138266811417939062
-1.8042141465407932627e-18
0
0
DERIV 5
0.009390472784552903948
-4.794525071516849996e-19
0
0
DERIV 6
-0.002084068657711654789
4.648562633757405781e-20
0
0
DERIV 7
0.0003718655025711179460
-7.028939128483442834e-21
0
0
DERIV 8
-5.575086389792850814e-5
9.271343118070382744e-22
0
0
DERIV 9
7.224282219385252181e-6
2.680533951626172663e-22
0
0
DERIV 10
-8.254024005667337474e-7
4.321038253994763043e-24
0
0
DERIV 11
8.439787083590383828e-8
1.8308291944829278922e-24
0
0
DERIV 12
-7.813263316842050518e-9
-5.384019707145156733e-25
0
0
DERIV 13
6.610285177455473285e-10
1.2768149772962455793e-26
0
0
DERIV 14
-5.150262716781417723e-11
2.4124979335056640455e-27
0
0
DERIV 15
3.719262109301188017e-12
3.330071978137797418e-28
0
0
DERIV 16
-2.503134837967561341e-13
-1.4654102631289913096e-29
0
0
DERIV 17
1.5774887397775764781e-14
1.4277925590375782053e-30
0
0
DERIV 18
-9.347473455150977113e-16
-8.924309214894703562e-33
0
0
DERIV 19
5.226905567475950985e-17
-1.9019216855861736295e-33
0
0
DERIV 20
-2.7670441319099040521e-18
-1.1068995572003627314e-34
0
0
DERIV 21
1.3907788000389680960e-19
-3.501181810430190547e-36
0
0
DERIV 22
-6.654170623925890800e-21
-3.116825921621659559e-37
0
0
DERIV 23
3.037660621518624491e-22
7.074073905191618517e-39
0
0
DERIV 24
-1.3259181585253226681e-23
-1.3451654075841788492e-39
0
0
DERIV 25
5.544577565671541274e-25
2.1130239222915423237e-41
0
0
DERIV 26
-2.2251855758622275722e-26
-2.8000534057122663012e-43
0
0
DERIV 27
8.584597476940231077e-28
-2.571139392159620997e-44
0
0
DERIV 28
-3.188488176832668275e-29
2.2958769029431390500e-45
0
0
DERIV 29
1.1417409252860480101e-30
4.849024813515929711e-47
0
0
DERIV 30
-3.946677229685529656e-32
1.2254713375274101121e-48
0
0
DERIV 31
1.3185649597045909823e-33
5.162588323701205724e-50
0
0
DERIV 32
-4.262525726293281162e-35
3.662482482490493437e-52
0
0
DERIV 33
1.3347078646999137438e-36
-2.552652115842016440e-53
0
0
DERIV 34
-4.052180196725623564e-38
1.9939973416228820516e-54
0
0
DERIV 35
1.1939282933390842319e-39
-5.575273792970227471e-56
0
0
AT 1
0.7357588823428846680
-2.4857507345576725169e-17
0
0
DERIV 1
-0.3678794411714423340
1.2428753672788362585e-17
0
0
DERIV 2
2.451234878256771759e-47
-6.065095502589639763e-64
0
0
DERIV 3
0.06131324019524038438
2.5544703238067584876e-18
0
0
DERIV 4
-0.030656620097620192189
-1.2772351619033792438e-18
0
0
DERIV 5
0.009196986029286058698
-6.576635370150705220e-19
0
0
DERIV 6
-0.002043774673174679566
1.5871630052817416129e-21
0
0
DERIV 7
0.0003649597630669070654
-2.834219652288824242e-22
0
0
DERIV 8
-5.474396446003605980e-5
4.251329478433236715e-23
0
0
DERIV 9
7.096439837412081450e-6
3.709481050113496570e-22
0
0
DERIV 10
-8.110216957042378830e-7
-3.936895147538889018e-23
0
0
DERIV 11
8.294540069702432654e-8
6.432713637409943943e-24
0
0
DERIV 12
-7.680129694168919247e-9
-4.730763571597314979e-25
0
0
DERIV 13
6.498571279681393956e-10
-3.473486360570022264e-26
0
0
DERIV 14
-5.063821776375112098e-11
1.9512733092735919805e-27
0
0
DERIV 15
3.657204616270914509e-12
-3.563369124109992617e-28
0
0
DERIV 16
-2.461580030182346226e-13
1.6216969422410373178e-29
0
0
DERIV 17
1.5514159854090416225e-14
1.4464074496487631604e-31
0
0
DERIV 18
-9.193576209831357003e-16
-8.453568687105307055e-32
0
0
DERIV 19
5.141144591024114406e-17
1.8080202580074467754e-33
0
0
DERIV 20
-2.7217824305421782872e-18
-2.3213121635227719598e-35
0
0
DERIV 21
1.3680916978915712280e-19
-1.1952963745311655553e-35
0
0
DERIV 22
-6.545893291347230054e-21
-1.3000984463877956607e-37
0
0
DERIV 23
2.988342589528083531e-22
-1.8596823979303455144e-38
0
0
DERIV 24
-1.3044352573336871016e-23
-7.275717142818130218e-40
0
0
DERIV 25
5.454911076122691883e-25
-6.308472229593395166e-42
0
0
DERIV 26
-2.1892619703502442455e-26
3.683611298139379825e-43
0
0
DERIV 27
8.446226737462361128e-28
7.879323473508222849e-44
0
0
DERIV 28
-3.137169931057448919e-29
2.0700240912037221581e-45
0
0
DERIV 29
1.1233897631107575100e-30
-1.3724735241304963529e-47
0
0
DERIV 30
-3.883322637913729553e-32
-6.338447431500579331e-49
0
0
DERIV 31
1.2974234619757851768e-33
6.374400564938501731e-50
0
0
DERIV 32
-4.194256881387236710e-35
-5.860610322352869470e-52
0
0
DERIV 33
1.3133531648788316392e-36
7.639629622856171868e-53
0
0
DERIV 34
-3.987409988246927308e-38
-1.0218004391095675852e-54
0
0
DERIV 35
1.1748618715370411096e-39
2.1410295037703691626e-57
0
0
AT 33/32
0.7242644919736422882
2.3985530366666610123e-17
0
0
DERIV 1
-0.3677035113096953078
-1.9863428664327976594e-17
0
0
DERIV 2
0.005571265322874171567
6.440783909904111277e-20
0
0
DERIV 3
0.05756974166969977547
-1.9365375432751191550e-18
0
0
DERIV 4
-0.029249142945089401380
3.123801482213368214e-19
0
0
DERIV 5
0.008821170094550771432
3.188195130705826577e-19
0
0
DERIV 6
-0.001965418600013943938
5.678650496677525881e-20
0
0
DERIV 7
0.0003515203120384894167
-1.6071355260148439890e-20
0
0
DERIV 8
-5.278331729508763711e-5
-8.683565325321068597e-22
0
0
DERIV 9
6.847399509484899777e-6
3.220666139253854002e-22
0
0
DERIV 10
-7.829985986182284436e-7
-4.300057037841060735e-23
0
0
DERIV 11
8.011429511708790207e-8
3.687235414857657751e-24
0
0
DERIV 12
-7.420574954225040949e-9
-2.637112598351950416e-25
0
0
DERIV 13
6.280737422071351089e-10
4.079581780561313183e-26
0
0
DERIV 14
-4.895243045692567501e-11
9.471004243122689661e-28
0
0
DERIV 15
3.5361633837465892978e-12
-1.3590732606158804863e-28
0
0
DERIV 16
-2.380519627311333194e-13
-1.7250094770756133861e-29
0
0
DERIV 17
1.5005512586947344042e-14
1.1609590287464164294e-31
0
0
DERIV 18
-8.893315857028639315e-16
-5.508245510395117324e-33
0
0
DERIV 19
4.973808332852560389e-17
3.0515355664844756353e-33
0
0
DERIV 20
-2.6334620546871293187e-18
3.776356415862610674e-35
0
0
DERIV 21
1.3238190204514181617e-19
3.582383790453030991e-36
0
0
DERIV 22
-6.334584050235556791e-21
1.918371128744843338e-37
0
0
DERIV 23
2.892090833304796029e-22
-1.6699039388202740119e-38
0
0
DERIV 24
-1.2625061201026276620e-23
5.968566762865242688e-40
0
0
DERIV 25
5.279897571979694667e-25
-2.848811476399654976e-41
0
0
DERIV 26
-2.1191425629034148617e-26
1.0965456795627912312e-42
0
0
DERIV 27
8.176130705296385219e-28
-1.3560460127221475314e-44
0
0
DERIV 28
-3.036994732746869252e-29
-5.115100636534771049e-46
0
0
DERIV 29
1.0875664775968081922e-30
6.060531528748803006e-47
0
0
DERIV 30
-3.759644640591515818e-32
2.2856638576279682455e-48
0
0
DERIV 31
1.2561508674818290759e-33
6.510842455714372264e-50
0
0
DERIV 32
-4.060978566326436612e-35
3.516477179629445837e-52
0
0
DERIV 33
1.2716623247794415541e-36
-1.2098926727453317894e-53
0
0
DERIV 34
-3.860956129427698501e-38
1.0496573497903824456e-54
0
0
DERIV 35
1.1376368430515909904e-39
7.438686818644865093e-56
0
0
AT 17/16
0.7127809271900099608
-2.1778768446146614547e-17
0
0
DERIV 1
-0.3671901746130354360
1.2901521661083341273e-17
0
0
DERIV 2
0.010799711018030453899
-2.774139620332272417e-19
0
0
DERIV 3
0.05399855509015227123
-3.1217932861429435435e-18
0
0
DERIV 4
-0.027899253463245340251
1.7285747629056411433e-18
0
0
DERIV 5
0.008459773630790522539
-5.353402408551092994e-19
0
0
DERIV 6
-0.0018899494281553294757
9.191553025523494586e-20
0
0
DERIV 7
0.0003385623692160340367
2.5206122298108250808e-20
0
0
DERIV 8
-5.089149537266334482e-5
-3.1026910590602566560e-21
0
0
DERIV 9
6.606966065924715663e-6
-3.194015333247911726e-22
0
0
DERIV 10
-7.559321534886836893e-7
4.188578861534106705e-23
0
0
DERIV 11
7.737888185317234730e-8
-5.433850707155643143e-24
0
0
DERIV 12
-7.169721570311423673e-9
3.877965707605015708e-25
0
0
DERIV 13
6.070156143224475165e-10
2.819576368226848001e-26
0
0
DERIV 14
-4.732244176962754216e-11
-1.1166644749915767361e-27
0
0
DERIV 15
3.4191083582243985541e-12
-1.3924238600169989116e-28
0
0
DERIV 16
-2.302117040712683768e-13
5.229034251295803533e-30
0
0
DERIV 17
1.4513478573735991188e-14
-4.744886246619681463e-31
0
0
DERIV 18
-8.602829001168474764e-16
4.916698934516805864e-32
0
0
DERIV 19
4.811902289611262151e-17
3.205716247393139518e-34
0
0
DERIV 20
-2.5479999208827164567e-18
1.3454104649198049451e-34
0
0
DERIV 21
1.2809755699808579057e-19
-2.3421074301662041712e-36
0
0
DERIV 22
-6.130081110469451882e-21
-2.944381577751513976e-38
0
0
DERIV 23
2.798933040762255033e-22
-1.7343053399815189864e-38
0
0
DERIV 24
-1.2219222603327754900e-23
4.764256952433258296e-40
0
0
DERIV 25
5.110489681391778829e-25
-5.535546773454433194e-42
0
0
DERIV 26
-2.0512655082509443885e-26
-1.4109433389306315508e-42
0
0
DERIV 27
7.914659489334947314e-28
-3.323950934371991900e-44
0
0
DERIV 28
-2.940014042314718304e-29
2.6094367657217830192e-45
0
0
DERIV 29
1.0528841314812159765e-30
4.045085068113428163e-47
0
0
DERIV 30
-3.639901057788890399e-32
-2.3991992081180594494e-48
0
0
DERIV 31
1.2161897883786219118e-33
-1.2678792181277068301e-50
0
0
DERIV 32
-3.931931078788876363e-35
2.1763535027034621009e-51
0
0
DERIV 33
1.2312936572407754093e-36
1.5955247089781065018e-54
0
0
DERIV 34
-3.738508965240856975e-38
-3.586189364638521671e-55
0
0
DERIV 35
1.1015902849773171253e-39
-1.8958237884055382348e-56
0
0
AT 35/32
0.7013184023748363360
-2.6726729112283581004e-17
0
0
DERIV 1
-0.3663603594495413729
1.7275822744103831186e-17
0
0
DERIV 2
0.015701158262123201398
-4.430112360084258209e-19
0
0
DERIV 3
0.05059262106684142557
-2.709983320426116813e-19
0
0
DERIV 4
-0.026604740388597645367
-6.949449689663955709e-19
0
0
DERIV 5
0.008112265102096987562
-4.023614862020340422e-19
0
0
DERIV 6
-0.0018172636877457409507
9.946121183366429180e-20
0
0
DERIV 7
0.0003260690274012358059
-1.8837453709569939940e-20
0
0
DERIV 8
-4.906611956913500301e-5
2.915739691945004192e-23
0
0
DERIV 9
6.374845634790615136e-6
-4.036515234358622105e-22
0
0
DERIV 10
-7.297900206344006703e-7
-2.0767046200640653772e-23
0
0
DERIV 11
7.473595252633998644e-8
5.279676645758211879e-24
0
0
DERIV 12
-6.927279810189993740e-9
3.552214041900056785e-25
0
0
DERIV 13
5.866587366552554784e-10
-3.281790970840742331e-26
0
0
DERIV 14
-4.574641397168487884e-11
-1.3823526477889781455e-27
0
0
DERIV 15
3.3059088311996247089e-12
5.593838044034010853e-29
0
0
DERIV 16
-2.2262854568459942847e-13
4.504084085497213461e-31
0
0
DERIV 17
1.4037517024660135759e-14
1.9776460982668917359e-32
0
0
DERIV 18
-8.321798469079908270e-16
1.5021024447359054977e-32
0
0
DERIV 19
4.655250720475886954e-17
1.990941308783592530e-34
0
0
DERIV 20
-2.4653037549285429241e-18
1.9194611531807946090e-34
0
0
DERIV 21
1.2395153093424486587e-19
-9.812798457253398447e-36
0
0
DERIV 22
-5.932165680324115500e-21
3.007386371379367517e-37
0
0
DERIV 23
2.708769940711783028e-22
-1.6794144609423122561e-38
0
0
DERIV 24
-1.1826405882155953208e-23
3.862015538308399432e-40
0
0
DERIV 25
4.946508137871791073e-25
-2.494640236867988027e-41
0
0
DERIV 26
-1.9855592011081539078e-26
-1.3772850760283504239e-42
0
0
DERIV 27
7.661538045428219444e-28
2.334548915576263333e-44
0
0
DERIV 28
-2.846126115639000904e-29
1.3702122410241376762e-45
0
0
DERIV 29
1.0193064288362296786e-30
-4.558983221489849598e-47
0
0
DERIV 30
-3.523966863920840262e-32
-8.761652914161202864e-49
0
0
DERIV 31
1.1774985908777145147e-33
8.384411893467683391e-50
0
0
DERIV 32
-3.806980241452611270e-35
2.1955581576717503219e-51
0
0
DERIV 33
1.1922052686098072462e-36
2.0392530589785170842e-53
0
0
DERIV 34
-3.619941650064275200e-38
-1.2022842026292935929e-54
0
0
DERIV 35
1.0666849188520167983e-39
-3.260557007963912331e-56
0
0
AT 9/8
0.6898864931364931952
-1.9347511319467615926e-17
0
0
DERIV 1
-0.3652340257781434563
1.0242800110306384086e-17
0
0
DERIV 2
0.020290779209896858681
-5.690444505725768937e-19
0
0
DERIV 3
0.04734515148975933230
3.2981588846021394999e-18
0
0
DERIV 4
-0.025363474012371073352
7.113055632157211171e-19
0
0
DERIV 5
0.007778132030460462379
-1.0248547432103400776e-19
0
0
DERIV 6
-0.0017472615430744516812
1.0451639333153965351e-20
0
0
DERIV 7
0.0003140239639626894817
-1.0871787301690841668e-20
0
0
DERIV 8
-4.730489200720001703e-5
5.952351007494173498e-22
0
0
DERIV 9
6.150754279895983299e-6
-7.539219289353110269e-23
0
0
DERIV 10
-7.045409447880853478e-7
-3.2996312525970333833e-24
0
0
DERIV 11
7.218240559877930742e-8
-1.5848963331554134036e-25
0
0
DERIV 12
-6.692969533220146785e-9
-2.493808046742907952e-25
0
0
DERIV 13
5.669798922981039556e-10
2.877735718200298126e-26
0
0
DERIV 14
-4.422256959632174150e-11
2.1591956914887156409e-27
0
0
DERIV 15
3.1964383638043082481e-12
-7.103727802202827430e-29
0
0
DERIV 16
-2.1529408882419794142e-13
-1.1698896178278071894e-31
0
0
DERIV 17
1.3577104700625096158e-14
-7.459489479364665839e-31
0
0
DERIV 18
-8.049917352844944759e-16
2.3327572370046139215e-32
0
0
DERIV 19
4.503683558367457580e-17
-1.3023348189731358699e-34
0
0
DERIV 20
-2.3852842549872089918e-18
-1.5928285299657668126e-35
0
0
DERIV 21
1.1993936813288995931e-19
4.119833014469615121e-36
0
0
DERIV 22
-5.740625988299067942e-21
-1.4464661291107029615e-37
0
0
DERIV 23
2.621505441744447511e-22
-2.3069634703791315663e-38
0
0
DERIV 24
-1.1446193919792372547e-23
4.383051478463679287e-40
0
0
DERIV 25
4.787779399593152283e-25
-6.410806911576301270e-42
0
0
DERIV 26
-1.9219543197189830231e-26
1.0197491001159576776e-42
0
0
DERIV 27
7.416500089666038317e-28
1.0247456888346836797e-44
0
0
DERIV 28
-2.755232445371267225e-29
2.6049877588974214382e-45
0
0
DERIV 29
9.867982271444650835e-31
1.3088356980358111920e-47
0
0
DERIV 30
-3.411721002375437479e-32
1.3475679143537400235e-49
0
0
DERIV 31
1.1400369615922552624e-33
-1.2099421357654109400e-50
0
0
DERIV 32
-3.685996128524743058e-35
2.7549742928163275227e-52
0
0
DERIV 33
1.1543565915374813246e-36
9.947134606233698811e-54
0
0
DERIV 34
-3.505131350822311833e-38
8.814985045327171755e-55
0
0
DERIV 35
1.0328846445560425215e-39
4.298770165286903783e-56
0
0
AT 37/32
0.6784941659460522745
2.4788401683732594072e-18
0
0
DERIV 1
-0.3638302049275932704
2.0392521695857255622e-17
0
0
DERIV 2
0.024583121954567112299
-8.152600683222015406e-19
0
0
DERIV 3
0.04424961951822080353
-2.8552469037614083716e-18
0
0
DERIV 4
-0.024173403255324327210
9.173206322486187445e-19
0
0
DERIV 5
0.007456880326218690881
-3.976382553090577405e-19
0
0
DERIV 6
-0.0016798466668954193434
5.860064379531178361e-20
0
0
DERIV 7
0.0003024114208696747656
1.8538873863114780124e-20
0
0
DERIV 8
-4.560559330857192419e-5
1.0951050444822828668e-21
0
0
DERIV 9
5.934417667603832971e-6
1.5796236765846543997e-22
0
0
DERIV 10
-6.801547189810785854e-7
-6.114398592416217522e-24
0
0
DERIV 11
6.971524283652489833e-8
-1.0462157692293795854e-24
0
0
DERIV 12
-6.466519874412645187e-9
1.2042617965616761334e-25
0
0
DERIV 13
5.479566291626832392e-10
-6.518153397215483533e-27
0
0
DERIV 14
-4.274918947152262886e-11
-2.9261843930214979377e-27
0
0
DERIV 15
3.0905746478092877626e-12
1.2885240625665429530e-28
0
0
DERIV 16
-2.0820020817815001002e-13
-1.0645728869044845871e-29
0
0
DERIV 17
1.3131735345189385704e-14
-5.205837058317371509e-31
0
0
DERIV 18
-7.786888678375460326e-16
3.398362507694735294e-32
0
0
DERIV 19
4.357036227181950668e-17
-1.5144371996409151550e-33
0
0
DERIV 20
-2.3078549960305138211e-18
1.4310491478842946112e-34
0
0
DERIV 21
1.1605675611762152359e-19
4.879792684195841475e-36
0
0
DERIV 22
-5.555257058245866660e-21
-2.615945008608724331e-37
0
0
DERIV 23
2.537046530537482705e-22
-1.7375732270960211095e-38
0
0
DERIV 24
-1.1078182938816218958e-23
2.6085614435445262109e-40
0
0
DERIV 25
4.634135466823837240e-25
1.6662375211323318791e-41
0
0
DERIV 26
-1.8603837531235336133e-26
2.3314463341867259143e-43
0
0
DERIV 27
7.179287819684526030e-28
-1.6574085759594025743e-45
0
0
DERIV 28
-2.667237658076865624e-29
-6.052055903778094026e-46
0
0
DERIV 29
9.553255006829953404e-31
-4.250739110729572118e-47
0
0
DERIV 30
-3.303046259637364165e-32
-2.5231984032984373117e-48
0
0
DERIV 31
1.1037658656983046568e-33
2.345807764583444115e-50
0
0
DERIV 32
-3.568852931141254745e-35
1.0774169246539332605e-51
0
0
DERIV 33
1.1177083430228203698e-36
-2.170537723606920670e-53
0
0
DERIV 34
-3.393959120150944265e-38
-1.7399373324043170439e-54
0
0
DERIV 35
1.0001545030922872109e-39
7.489389999090275641e-56
0
0
AT 19/16
0.6671498065554422041
-2.7867523864347322011e-18
0
0
DERIV 1
-0.3621670378443829219
1.2615038684601848852e-17
0
0
DERIV 2
0.028592134566661809442
-8.133216355236398963e-19
0
0
DERIV 3
0.04129974992962261171
7.526726108845280110e-19
0
0
DERIV 4
-0.023032552845366458666
1.7152845528243143509e-18
0
0
DERIV 5
0.007148033641665452360
-2.0333040888090997408e-19
0
0
DERIV 6
-0.0016149261190429354835
-3.855377766980541058e-21
0
0
DERIV 7
0.0002912161854011850845
3.3613029722887151827e-21
0
0
DERIV 8
-4.396607993881528423e-5
3.1006709045007039522e-21
0
0
DERIV 9
5.725570744720269850e-6
-2.651488826962217236e-22
0
0
DERIV 10
-6.566021496238840794e-7
-4.730246274165350268e-23
0
0
DERIV 11
6.733156588870375944e-8
-5.352244321691785340e-24
0
0
DERIV 12
-6.247668938845443251e-9
3.480138606911879229e-25
0
0
DERIV 13
5.295672348947876408e-10
2.3188183112355751935e-26
0
0
DERIV 14
-4.132461081548921386e-11
3.0839721742366276327e-27
0
0
DERIV 15
2.9881993711376677122e-12
8.615228374541243680e-29
0
0
DERIV 16
-2.0133904299433676655e-13
3.307532704048032614e-30
0
0
DERIV 17
1.2700919134857017247e-14
-2.418220052926014319e-31
0
0
DERIV 18
-7.532425084666725501e-16
-4.774474486378962886e-32
0
0
DERIV 19
4.215149464895671265e-17
2.3089690473730662706e-33
0
0
DERIV 20
-2.2329323373517963239e-18
8.531286045413995011e-35
0
0
DERIV 21
1.1229952105979792835e-19
1.1139376747981926980e-35
0
0
DERIV 22
-5.375860491687699347e-21
-2.626343704573708951e-37
0
0
DERIV 23
2.455303173408317221e-22
-1.5903209039087111784e-38
0
0
DERIV 24
-1.0721982076069853710e-23
6.724093846368941671e-40
0
0
DERIV 25
4.485413705175354082e-25
-8.920303140874776720e-42
0
0
DERIV 26
-1.8007825307395257167e-26
3.5812808184123182126e-43
0
0
DERIV 27
6.949651644829315269e-28
3.268132750718185497e-44
0
0
DERIV 28
-2.582049414640614954e-29
2.1742996096244131519e-45
0
0
DERIV 29
9.248553050687348800e-31
-3.660904226753728183e-47
0
0
DERIV 30
-3.197829143400054505e-32
7.341683101179542664e-49
0
0
DERIV 31
1.0686475064207503666e-33
-2.749794852989830400e-50
0
0
DERIV 32
-3.455428827024795965e-35
-7.458315682694198293e-52
0
0
DERIV 33
1.0822224837832568289e-36
-8.061999404014257469e-53
0
0
DERIV 34
-3.286309773569250180e-38
1.8059560145580601686e-54
0
0
DERIV 35
9.684606405410364011e-40
-5.546418172941187970e-56
0
0
AT 39/32
0.6558612472435413343
8.661918751995948868e-18
0
0
DERIV 1
-0.3602618118661706226
2.5734085446355115952e-17
0
0
DERIV 2
0.03233118824439992767
-2.3094692067241772602e-18
0
0
DERIV 3
0.03848950981476181865
-2.7493681032430680752e-18
0
0
DERIV 4
-0.021939020594414236631
1.5671398188485486488e-18
0
0
DERIV 5
0.006851132747027603200
3.102952041577603163e-20
0
0
DERIV 6
-0.0015524102291953932944
5.306706429824350705e-20
0
0
DERIV 7
0.0002804235715075503992
-2.6226551452116663758e-20
0
0
DERIV 8
-4.238428164125557088e-5
-1.9921420918324193236e-22
0
0
DERIV 9
5.523957427118593729e-6
2.202979394858295834e-22
0
0
DERIV 10
-6.338550227431013503e-7
1.6975635764196520495e-23
0
0
DERIV 11
6.502857297948575442e-8
-2.4422098104644931842e-24
0
0
DERIV 12
-6.036163506102918136e-9
-1.2262559952554123842e-25
0
0
DERIV 13
5.117907126088735819e-10
4.777676750294905394e-26
0
0
DERIV 14
-3.994722539410877059e-11
7.369519799425739452e-28
0
0
DERIV 15
2.8891980877436757302e-12
1.0890119106472663479e-28
0
0
DERIV 16
-1.9470298849250627063e-13
-1.5371527526081288108e-30
0
0
DERIV 17
1.2284182147119577319e-14
-5.907591869468972241e-31
0
0
DERIV 18
-7.286248513384292456e-16
4.101655130314051333e-32
0
0
DERIV 19
4.077869152357857832e-17
2.4915863211955562903e-33
0
0
DERIV 20
-2.1604353330462022467e-18
-3.272977649418042818e-35
0
0
DERIV 21
1.0866362332921312663e-19
-6.712942176565451138e-36
0
0
DERIV 22
-5.202244257101187451e-21
-3.350044935810808334e-37
0
0
DERIV 23
2.376188221012631112e-22
1.6564511290492433165e-38
0
0
DERIV 24
-1.0377212970211804723e-23
2.0609488332732096353e-40
0
0
DERIV 25
4.341456674481724572e-25
2.447539431429370323e-41
0
0
DERIV 26
-1.7430877541841259730e-26
-1.1401513505493417664e-42
0
0
DERIV 27
6.727349924894203638e-28
-1.6841505667318866344e-44
0
0
DERIV 28
-2.4995783138343171277e-29
-5.066950760361399644e-46
0
0
DERIV 29
8.953557429283217340e-31
3.066207166580401352e-47
0
0
DERIV 30
-3.095959764540171144e-32
-1.8518184510450108249e-48
0
0
DERIV 31
1.0346452858019151542e-33
-6.505794016615633735e-50
0
0
DERIV 32
-3.345605854265829017e-35
1.6219629084669261538e-51
0
0
DERIV 33
1.0478621789092948918e-36
-2.656877569636188424e-53
0
0
DERIV 34
-3.182071770530764160e-38
1.1687623309332366509e-54
0
0
DERIV 35
9.377702731526257289e-40
5.588740248510486456e-56
0
0
AT 5/4
0.6446357929354277205
5.201829866802740050e-18
0
0
DERIV 1
-0.3581309960752376287
3.2780002108049028889e-18
0
0
DERIV 2
0.03581309960752376148
1.0599787597009554637e-18
0
0
DERIV 3
0.03581309960752376148
1.0599787597009554637e-18
0
0
DERIV 4
-0.020890974771055528109
-4.007978449995495089e-20
0
0
DERIV 5
0.006565734928046022996
1.3650532341261492384e-19
0
0
DERIV 6
-0.0014922124836468234673
2.811436317816048863e-20
0
0
DERIV 7
0.0002700194018027585229
4.205800522399092574e-21
0
0
DERIV 8
-4.085819895699635936e-5
3.2866959398147916584e-21
0
0
DERIV 9
5.329330298738655458e-6
-3.182169120731075613e-22
0
0
DERIV 10
-6.118860713366604415e-7
3.653601583061605290e-23
0
0
DERIV 11
6.280355570904139188e-8
-1.3436873502022238902e-24
0
0
DERIV 12
-5.831758744410986011e-9
-2.533687403626061696e-25
0
0
DERIV 13
4.946067574155274798e-10
-4.519951026136674834e-26
0
0
DERIV 14
-3.861547773842157823e-11
1.1028010186798965936e-27
0
0
DERIV 15
2.7934600917156033525e-12
9.896871559000083730e-29
0
0
DERIV 16
-1.8828468755436052998e-13
3.228745480408229117e-30
0
0
DERIV 17
1.1881065845676226125e-14
-3.724793202013774344e-31
0
0
DERIV 18
-7.048089908451998649e-16
3.212412372238271103e-32
0
0
DERIV 19
3.945046147588002397e-17
8.632653422446877605e-35
0
0
DERIV 20
-2.0902856453637923884e-18
6.901375315126058737e-35
0
0
DERIV 21
1.0514515318731349192e-19
5.029507015529142335e-36
0
0
DERIV 22
-5.034222485938040195e-21
3.823428672925533546e-38
0
0
DERIV 23
2.299617316086171219e-22
1.2382691702493433174e-38
0
0
DERIV 24
-1.0043509362424542799e-23
-7.178426121303287480e-40
0
0
DERIV 25
4.202111963129349216e-25
2.5043375672871930658e-42
0
0
DERIV 26
-1.6872385312649543053e-26
4.525544173115348452e-43
0
0
DERIV 27
6.512148717162981649e-28
-2.942475949356083664e-44
0
0
DERIV 28
-2.4197377989458408536e-29
1.8341017029296369497e-46
0
0
DERIV 29
8.667959306568628859e-31
8.485207566586930127e-47
0
0
DERIV 30
-2.997331722832142805e-32
-1.7779841113087958228e-48
0
0
DERIV 31
1.0017237667122826373e-33
-3.612416990947668296e-50
0
0
DERIV 32
-3.239269789096783282e-35
-1.2954461079904897523e-51
0
0
DERIV 33
1.0145917597629343805e-36
7.222394456381903271e-53
0
0
DERIV 34
-3.081137099232249716e-38
1.8285948917044426971e-54
0
0
DERIV 35
9.080516535420128795e-40
-8.101258287054099607e-56
0
0
AT 41/32
0.6334802462383333221
2.6843585765744295332e-17
0
0
DERIV 1
-0.3557902752845433780
-9.753547366804264756e-18
0
0
DERIV 2
0.03905015216537671002
3.2706483878393454674e-18
0
0
DERIV 3
0.03326494443717275401
1.7581236038768900687e-18
0
0
DERIV 4
-0.019886651565701102262
-1.7298569929173261239e-18
0
0
DERIV 5
0.006291413404421803378
4.305642693754052559e-19
0
0
DERIV 6
-0.0014342494159505644272
-4.249143646180403916e-20
0
0
DERIV 7
0.0002599899901663088294
-2.3925457245696695428e-20
0
0
DERIV 8
-3.938590082817426533e-5
9.319140384983295353e-22
0
0
DERIV 9
5.141450320617769948e-6
-1.5713830700527479286e-22
0
0
DERIV 10
-5.906689438105065688e-7
-7.161370601847603122e-24
0
0
DERIV 11
6.065389595993056542e-8
-4.247798994608934630e-24
0
0
DERIV 12
-5.634217934151256042e-9
2.107655649892252187e-25
0
0
DERIV 13
4.779957337160229859e-10
-4.496428948256524945e-26
0
0
DERIV 14
-3.732786342013923348e-11
-7.708422499424103444e-28
0
0
DERIV 15
2.7008782954660743545e-12
1.6857020281619440143e-29
0
0
DERIV 16
-1.8207702268267915314e-13
-5.781880915805454696e-31
0
0
DERIV 17
1.1491126582278156976e-14
-5.507952027701332476e-31
0
0
DERIV 18
-6.817688925319548176e-16
3.086426036111904962e-32
0
0
DERIV 19
3.816536125401232796e-17
-7.733781601528453573e-34
0
0
DERIV 20
-2.0224074608434571546e-18
1.9073636733989191775e-34
0
0
DERIV 21
1.0174032661839512545e-19
-3.140542722213162820e-36
0
0
DERIV 22
-4.871615275171295082e-21
3.351174896071859338e-37
0
0
DERIV 23
2.225508804133237928e-22
1.4607434562816498091e-38
0
0
DERIV 24
-9.720516709857972121e-24
3.903163865189024561e-40
0
0
DERIV 25
4.067232027664313968e-25
-4.143157344397946858e-42
0
0
DERIV 26
-1.6331759120713227687e-26
1.4207379873072085393e-43
0
0
DERIV 27
6.303821531490832400e-28
7.386796825895386826e-45
0
0
DERIV 28
-2.3424440673726545181e-29
4.558992091590113994e-46
0
0
DERIV 29
8.391459662310384829e-31
1.1233745555350352671e-47
0
0
DERIV 30
-2.901841996284332055e-32
1.0801758894887420708e-48
0
0
DERIV 31
9.698486360640438038e-34
-6.852494531244090344e-50
0
0
DERIV 32
-3.136310027533003126e-35
-1.1169887260735072970e-51
0
0
DERIV 33
9.823766870805665353e-37
7.184268062398927495e-53
0
0
DERIV 34
-2.983401165061262476e-38
1.1522649304580244092e-54
0
0
DERIV 35
8.792740379504973353e-40
-2.586859170652263629e-56
0
0
AT 21/16
0.6224009314362377587
-2.952249954532871733e-17
0
0
DERIV 1
-0.3532545827070538436
-2.7479047447148289806e-18
0
0
DERIV 2
0.04205411698893498501
-3.3075271943424971012e-18
0
0
DERIV 3
0.030839685791885652899
3.500376190450601371e-19
0
0
DERIV 4
-0.018924352645020740132
-1.6341150193041291514e-18
0
0
DERIV 5
0.006027756768414014275
-2.312176112190049464e-19
0
0
DERIV 6
-0.0013784405013039799717
1.5894805984685471875e-20
0
0
DERIV 7
0.0002503221249341368001
-4.199059407007657569e-21
0
0
DERIV 8
-3.796552228167741287e-5
-1.1701462774130126662e-21
0
0
DERIV 9
4.960086549620858603e-6
1.3012323179926465789e-22
0
0
DERIV 10
-5.701781734610893506e-7
-1.7728759651121123120e-23
0
0
DERIV 11
5.857706290546298951e-8
-1.9299945654985524444e-24
0
0
DERIV 12
-5.443312200447699690e-9
4.785121123267325894e-27
0
0
DERIV 13
4.619386532389859475e-10
-1.8853441433588285047e-26
0
0
DERIV 14
-3.608292738332930862e-11
-1.5938322424089855174e-27
0
0
DERIV 15
2.6113491118773083585e-12
9.944919681523128141e-30
0
0
DERIV 16
-1.7607310822079141042e-13
-9.748276663729710740e-30
0
0
DERIV 17
1.1113935114661828141e-14
-6.530422677078954130e-31
0
0
DERIV 18
-6.594793649598389290e-16
-7.080131977158844378e-33
0
0
DERIV 19
3.692199422190752896e-17
-2.0305458913583813105e-33
0
0
DERIV 20
-1.9567274091385450828e-18
1.1626719211979693584e-34
0
0
DERIV 21
9.844548129436731816e-20
-4.518852534019720166e-36
0
0
DERIV 22
-4.714248496157753980e-21
2.861586413464932921e-37
0
0
DERIV 23
2.153783646967862559e-22
6.720745412647314737e-39
0
0
DERIV 24
-9.407891811402924919e-24
3.0572173497503095893e-40
0
0
DERIV 25
3.936674037509235211e-25
1.0258766926580936189e-41
0
0
DERIV 26
-1.5808428270989619606e-26
1.2130170791704129723e-42
0
0
DERIV 27
6.102149093170037056e-28
3.376276497738251083e-44
0
0
DERIV 28
-2.2676159830857914537e-29
-1.9037877987122499935e-46
0
0
DERIV 29
8.123768980431519953e-31
8.027124377816448641e-47
0
0
DERIV 30
-2.809390833982173073e-32
8.956207533425576013e-50
0
0
DERIV 31
9.389866691894104399e-34
5.762944305241203690e-50
0
0
DERIV 32
-3.036619470758238090e-35
1.6534048792733008053e-51
0
0
DERIV 33
9.511835152422933850e-37
-3.835244191445291986e-53
0
0
DERIV 34
-2.888762682567645566e-38
1.4430756458513586544e-54
0
0
DERIV 35
8.514076545409291031e-40
-7.764976835582528558e-56
0
0
AT 43/32
0.6114037174834803245
3.960988388698717575e-17
0
0
DERIV 1
-0.3505381313571954149
6.156131878381421809e-18
0
0
DERIV 2
0.04483627261545522491
1.7945017937539030557e-18
0
0
DERIV 3
0.028532173482562418060
-1.0658741915816343399e-18
0
0
DERIV 4
-0.018002442792569142704
-1.3513281963321486087e-18
0
0
DERIV 5
0.005774368442899536699
7.340794531889900086e-20
0
0
DERIV 6
-0.0013247080545475407084
-8.061724466054179143e-20
0
0
DERIV 7
0.00024100305265883220640
6.342203004571190357e-22
0
0
DERIV 8
-3.659526219064482370e-5
3.130009255333376181e-22
0
0
DERIV 9
4.785015866548402682e-6
-3.607086922651906658e-22
0
0
DERIV 10
-5.503891489691823776e-7
-4.897951450487399388e-23
0
0
DERIV 11
5.657061011668405486e-8
1.5966243626182511696e-24
0
0
DERIV 12
-5.258820254529294363e-9
3.054815009770405782e-25
0
0
DERIV 13
4.464171537949936184e-10
-2.2766066695336826841e-26
0
0
DERIV 14
-3.487926233044252520e-11
8.636772658808041710e-28
0
0
DERIV 15
2.5247723402733193893e-12
6.633895725073482874e-29
0
0
DERIV 16
-1.7026628282398774881e-13
1.5722011849267296195e-30
0
0
DERIV 17
1.0749076140052530868e-14
2.207920867688105410e-31
0
0
DERIV 18
-6.379160324764650691e-16
4.487826336967708897e-33
0
0
DERIV 19
3.571900885701816227e-17
-7.575857264879091937e-34
0
0
DERIV 20
-1.8931744844479606563e-18
-6.174376671376476016e-35
0
0
DERIV 21
9.525707266881016575e-20
-5.728592124509917538e-36
0
0
DERIV 22
-4.561953609614861595e-21
1.1705677283444625007e-37
0
0
DERIV 23
2.0843653390166747206e-22
8.204737048011929356e-39
0
0
DERIV 24
-9.105302445401889431e-24
6.374660426613261178e-40
0
0
DERIV 25
3.810299724627052875e-25
1.5531154818386354095e-41
0
0
DERIV 26
-1.5301840273435962938e-26
-6.919247291103633064e-43
0
0
DERIV 27
5.906919113332832046e-28
-5.619476597740569896e-45
0
0
DERIV 28
-2.1951749918731917794e-29
9.755787671330524777e-46
0
0
DERIV 29
7.864606947237735848e-31
-9.882948620947626576e-48
0
0
DERIV 30
-2.719881652327235829e-32
1.3621157120688122489e-48
0
0
DERIV 31
9.091056953468470679e-34
7.283706464158464633e-50
0
0
DERIV 32
-2.940094414136307167e-35
1.3169131258878646682e-51
0
0
DERIV 33
9.209798576708233020e-37
-4.248426787361341551e-53
0
0
DERIV 34
-2.797123570847706522e-38
2.1442169544249671739e-54
0
0
DERIV 35
8.244236726937958836e-40
-6.023088937604327454e-56
0
0
AT 11/8
0.6004940400362729358
-5.099971427938471999e-17
0
0
DERIV 1
-0.3476544442315264161
9.074673602864586799e-18
0
0
DERIV 2
0.04740742421338996204
2.5473957290133172088e-18
0
0
DERIV 3
0.026337457896327756690
1.4152198494518429794e-18
0
0
DERIV 4
-0.017119347632613041849
-9.198929021436978596e-19
0
0
DERIV 5
0.005530866158228829078
1.2372382078720631911e-19
0
0
DERIV 6
-0.0012729771316558416167
-2.5034205824085568167e-20
0
0
DERIV 7
0.00023202046242003023673
1.3241843082660644066e-20
0
0
DERIV 8
-3.527338111115324847e-5
1.0087292350703113667e-21
0
0
DERIV 9
4.616022713311412568e-6
6.249732008869981252e-23
0
0
DERIV 10
-5.312780858716908358e-7
-5.194199820477565971e-23
0
0
DERIV 11
5.463217276474914028e-8
-2.7949242425044147384e-24
0
0
DERIV 12
-5.080528143581743770e-9
3.078669517818662784e-25
0
0
DERIV 13
4.314134787257224813e-10
-9.563816046067447915e-27
0
0
DERIV 14
-3.371550716091780864e-11
2.0181718063930892744e-27
0
0
DERIV 15
2.4410510560951241505e-12
1.9958237062455102248e-28
0
0
DERIV 16
-1.6465010217473302322e-13
7.032832825942387423e-30
0
0
DERIV 17
1.0396147843736514935e-14
3.877996590213695622e-31
0
0
DERIV 18
-6.170553088637533175e-16
3.382463674720672037e-32
0
0
DERIV 19
3.455509729637018440e-17
-5.136730737068055408e-34
0
0
DERIV 20
-1.8316799694692465801e-18
-9.262769099419963096e-36
0
0
DERIV 21
9.217167019618971614e-20
-2.5949865602697919825e-36
0
0
DERIV 22
-4.414567486516712965e-21
2.1468929131967990891e-38
0
0
DERIV 23
2.0171798262953688004e-22
-1.0584175202445915515e-38
0
0
DERIV 24
-8.812427018916635550e-24
-4.132944507329810499e-40
0
0
DERIV 25
3.687975237974361052e-25
-1.0519816042612468109e-41
0
0
DERIV 26
-1.4811460263007951544e-26
-4.093163603231234291e-43
0
0
DERIV 27
5.717926066652099511e-28
3.023028600688585222e-44
0
0
DERIV 28
-2.1250450392742575595e-29
1.4671567987898577977e-46
0
0
DERIV 29
7.613702159216431214e-31
3.591907244281202735e-47
0
0
DERIV 30
-2.633220934564681236e-32
-1.0658071442644885398e-48
0
0
DERIV 31
8.801745643195329299e-34
2.498899123932480795e-50
0
0
DERIV 32
-2.846634439734297498e-35
1.4093911727129599371e-51
0
0
DERIV 33
8.917343533242588248e-37
3.265605821231885982e-53
0
0
DERIV 34
-2.708388852233343445e-38
2.1641253196825670317e-54
0
0
DERIV 35
7.982941732726173021e-40
-4.335659424753143799e-56
0
0
AT 45/32
0.5896769225595467345
-2.2353500455340474364e-17
0
0
DERIV 1
-0.3446163833140207799
-2.5866164233735080623e-17
0
0
DERIV 2
0.04977792203424744738
2.3484449418691770726e-18
0
0
DERIV 3
0.024250782529505167384
4.324327764073193432e-19
0
0
DERIV 4
-0.016273551434273204885
1.6632102529951125446e-19
0
0
DERIV 5
0.005296881447234023065
4.322669938528716762e-19
0
0
DERIV 6
-0.0012231754346022343655
2.3839315470073116304e-20
0
0
DERIV 7
0.00022336247066649496189
4.838882550450707502e-21
0
0
DERIV 8
-3.399819919158384303e-5
3.006526084315610547e-22
0
0
DERIV 9
4.452898838872868706e-6
-4.163627086035957294e-22
0
0
DERIV 10
-5.128219989791976723e-7
4.463891771366151166e-23
0
0
DERIV 11
5.275946491555531053e-8
9.629045960699729099e-25
0
0
DERIV 12
-4.908229008810751733e-9
2.772994414585916789e-26
0
0
DERIV 13
4.169104570250175188e-10
-2.2369100216762212870e-26
0
0
DERIV 14
-3.259034546065770981e-11
-8.142862439696786842e-29
0
0
DERIV 15
2.3600915041590398368e-12
7.121704236438819426e-29
0
0
DERIV 16
-1.5921833193380618870e-13
-8.562844360561158584e-30
0
0
DERIV 17
1.0054761462216023729e-14
-1.8250556065130482874e-31
0
0
DERIV 18
-5.968743718350934748e-16
-7.551813787074801720e-35
0
0
DERIV 19
3.342899392937819166e-17
9.793536651377934927e-37
0
0
DERIV 20
-1.7721773617928361877e-18
-1.4991900961912281267e-34
0
0
DERIV 21
8.918595367222680961e-20
4.302103338232230723e-36
0
0
DERIV 22
-4.271932234720108029e-21
1.3532013223944992961e-37
0
0
DERIV 23
1.9521554279734768851e-22
5.935547668986908376e-39
0
0
DERIV 24
-8.528954228184576271e-24
9.073817356493556556e-41
0
0
DERIV 25
3.569571002591865914e-25
1.2235725437050830329e-41
0
0
DERIV 26
-1.4336770438115005713e-26
-4.450226349331024197e-43
0
0
DERIV 27
5.534970976108172307e-28
2.933223157390831010e-44
0
0
DERIV 28
-2.0571524911202547400e-29
-6.813526685434950430e-47
0
0
DERIV 29
7.370791840104992911e-31
-3.228732249042751750e-47
0
0
DERIV 30
-2.549318133494989708e-32
1.0605391446128112539e-48
0
0
DERIV 31
8.521631140714994894e-34
-2.413985508726271462e-50
0
0
DERIV 32
-2.756142312246277224e-35
-7.674059670603090263e-52
0
0
DERIV 33
8.634166342482177353e-37
7.443121818116182131e-53
0
0
DERIV 34
-2.622466554181782891e-38
1.4235414429076028644e-54
0
0
DERIV 35
7.729921198280625899e-40
-1.9143999707489400804e-56
0
0
AT 23/16
0.5789569965451791811
1.5204982159449109728e-17
0
0
DERIV 1
-0.3414361774497210456
-1.8930580725285496071e-17
0
0
DERIV 2
0.05195767917713146888
-2.5496981622535163182e-18
0
0
DERIV 3
0.022267576790199198472
1.3854486104296459710e-18
0
0
DERIV 4
-0.015463594993193888888
9.799170029857238977e-20
0
0
DERIV 5
0.005072059157767595285
2.384755845544501644e-19
0
0
DERIV 6
-0.0011752332194827355086
-3.939016462868229204e-20
0
0
DERIV 7
0.00021501760657202930393
6.867059514619345635e-21
0
0
DERIV 8
-3.276809415224418996e-5
-2.9494443897239105939e-21
0
0
DERIV 9
4.295443053664968925e-6
1.8359717234480020691e-22
0
0
DERIV 10
-4.949986757080583292e-7
-1.5712176628337426684e-23
0
0
DERIV 11
5.095027691360180086e-8
-2.7827727564186389798e-24
0
0
DERIV 12
-4.741722851448342503e-9
-1.8758799511690688520e-26
0
0
DERIV 13
4.028914841099898906e-10
-3.1367231524962107729e-27
0
0
DERIV 14
-3.150250404072194545e-11
-2.6444932237623925296e-27
0
0
DERIV 15
2.2818029953820222418e-12
-5.559409022024558487e-29
0
0
DERIV 16
-1.5396494091974464390e-13
-1.2324275717279520239e-29
0
0
DERIV 17
9.724540860477230760e-15
1.6939018272070661404e-31
0
0
DERIV 18
-5.773511383545137518e-16
4.143359973934097272e-32
0
0
DERIV 19
3.233947403592182283e-17
-2.2257465009335234071e-33
0
0
DERIV 20
-1.7146023026592512513e-18
8.119538033890557328e-36
0
0
DERIV 21
8.629670969154340056e-20
2.1186946637490530200e-36
0
0
DERIV 22
-4.133895031137601171e-21
1.5457609571976699452e-37
0
0
DERIV 23
1.8892227604448823359e-22
-8.243173316396757714e-39
0
0
DERIV 24
-8.254582729907350721e-24
4.494923258169014659e-40
0
0
DERIV 25
3.454961583184409674e-25
1.2064488027625866503e-41
0
0
DERIV 26
-1.3877269516945688913e-26
-1.3988057914635899569e-42
0
0
DERIV 27
5.357861204597363736e-28
-2.497186833128002845e-44
0
0
DERIV 28
-1.9914260565978930992e-29
-9.035607927439692201e-46
0
0
DERIV 29
7.135621566934529818e-31
2.0155680550762046673e-47
0
0
DERIV 30
-2.468085577269120007e-32
2.1234789213098087702e-48
0
0
DERIV 31
8.250421394279773553e-34
-7.038396122077239681e-50
0
0
DERIV 32
-2.668523878210019650e-35
1.2237752275228593556e-51
0
0
DERIV 33
8.359972941538212016e-37
2.285560907236339270e-53
0
0
DERIV 34
-2.539267614264884885e-38
2.5617612946572986512e-54
0
0
DERIV 35
7.484913307111767817e-40
-3.974759627604500687e-56
0
0
AT 47/32
0.5683385208762986585
-1.3839020508745919142e-17
0
0
DERIV 1
-0.3381254491289371611
-7.225460293374860850e-18
0
0
DERIV 2
0.05395618869078784574
2.671827399333634727e-19
0
0
DERIV 3
0.020383449060964297511
-1.3036076171097030869e-19
0
0
DERIV 4
-0.014688073588047802567
4.291515252770485893e-20
0
0
DERIV 5
0.004856056982170906325
-1.8412037052321413878e-19
0
0
DERIV 6
-0.0011290832077887086749
4.548692279034115911e-20
0
0
DERIV 7
0.00020697479788794279640
-8.681440765530579157e-22
0
0
DERIV 8
-3.158149933290161368e-5
-2.5313057672705139829e-21
0
0
DERIV 9
4.143460992201153561e-6
1.0399608975985097297e-22
0
0
DERIV 10
-4.777866502968793997e-7
-4.208385357213200567e-23
0
0
DERIV 11
4.920247285214940779e-8
2.8560409823239900305e-24
0
0
DERIV 12
-4.580816306442482104e-9
3.441318254942911599e-25
0
0
DERIV 13
3.893405032209624914e-10
1.8890164225733924002e-26
0
0
DERIV 14
-3.045075152364034989e-11
9.497267922287322744e-28
0
0
DERIV 15
2.2060978068617487389e-12
1.1807393293424320657e-28
0
0
DERIV 16
-1.4888409450921716143e-13
8.210015647143751927e-30
0
0
DERIV 17
9.405122122916176277e-15
3.633566056306320612e-31
0
0
DERIV 18
-5.584642407514145977e-16
4.687240136419781349e-32
0
0
DERIV 19
3.128535246823025794e-17
-3.0049972756820282866e-33
0
0
DERIV 20
-1.6588925080035135876e-18
6.970468497555225289e-35
0
0
DERIV 21
8.350082821883401164e-20
2.1211556123701678038e-36
0
0
DERIV 22
-4.000307959280335340e-21
-2.883429948510959408e-37
0
0
DERIV 23
1.8283146638241255874e-22
-1.6993457093173530435e-39
0
0
DERIV 24
-7.989020823026525679e-24
3.2324964012342063694e-40
0
0
DERIV 25
3.344025552047677854e-25
-1.8742071873638471997e-41
0
0
DERIV 26
-1.3432472211095173081e-26
-7.333731743348349126e-43
0
0
DERIV 27
5.186410253164975456e-28
-7.639025145870641154e-45
0
0
DERIV 28
-1.9277967137560440078e-29
-7.085682870078452471e-46
0
0
DERIV 29
6.907945004764620048e-31
-2.1263510259342649774e-48
0
0
DERIV 30
-2.3894383781694661679e-32
3.3961158406630871592e-49
0
0
DERIV 31
7.987833617475458938e-34
-3.805857046985819487e-51
0
0
DERIV 32
-2.583687968412619553e-35
2.1371893060922568272e-51
0
0
DERIV 33
8.094478579891387079e-37
1.0752874812556762509e-53
0
0
DERIV 34
-2.458705788160156898e-38
-1.4672219443932930453e-54
0
0
DERIV 35
7.247664520670319890e-40
4.068730898324531855e-57
0
0
AT 3/2
0.5578254003710745312
4.109709705542011617e-17
0
0
DERIV 1
-0.3346952402226447409
-2.4537977407489383523e-18
0
0
DERIV 2
0.05578254003710745451
2.7219309247605657871e-18
0
0
DERIV 3
0.018594180012369152660
-2.491720090643494512e-19
0
0
DERIV 4
-0.013945635009276863628
-6.804827311901414468e-19
0
0
DERIV 5
0.004648545003092288165
-6.229300226608736280e-20
0
0
DERIV 6
-0.0010846605007215339919
1.0127120766092741045e-19
0
0
DERIV 7
0.00019922335727538378392
-8.090710959545552262e-21
0
0
DERIV 8
-3.0436901805961409927e-5
-2.697555096326301653e-22
0
0
DERIV 9
3.996764883611094661e-6
-3.923719771463719582e-22
0
0
DERIV 10
-4.611651788782032016e-7
1.6767773176600120193e-23
0
0
DERIV 11
4.751398812684517634e-8
2.776975819333881159e-25
0
0
DERIV 12
-4.425322423578717307e-9
-1.2317935665689724773e-25
0
0
DERIV 13
3.762419874297695207e-10
-2.2597741130227959820e-26
0
0
DERIV 14
-2.943389697579829421e-11
1.4127297402389099261e-28
0
0
DERIV 15
2.1328910852027748783e-12
5.415217026210555492e-29
0
0
DERIV 16
-1.4397014825118731236e-13
4.422664176771035566e-30
0
0
DERIV 17
9.096153157482421741e-15
7.655123513028652468e-31
0
0
DERIV 18
-5.401930036052780033e-16
3.841168074593358717e-32
0
0
DERIV 19
3.026548237516837290e-17
2.0437484550456580653e-33
0
0
DERIV 20
-1.6049877017134743789e-18
-5.001908642250502631e-35
0
0
DERIV 21
8.079529926993000411e-20
1.1586803251453160849e-36
0
0
DERIV 22
-3.871027851999103280e-21
-1.6642076022582187347e-37
0
0
DERIV 23
1.7693661307911174986e-22
1.8668739271539329677e-39
0
0
DERIV 24
-7.731986140652241627e-24
4.440466824127920791e-40
0
0
DERIV 25
3.236645361203263580e-25
1.7078343197568081666e-41
0
0
DERIV 26
-1.3001908715944735326e-26
5.992513840182959082e-43
0
0
DERIV 27
5.020437565652419309e-28
-6.884321845575408873e-45
0
0
DERIV 28
-1.8661976373780859741e-29
1.0484752350148716188e-45
0
0
DERIV 29
6.687523649833573596e-31
-1.6372639835375532879e-47
0
0
DERIV 30
-2.3132943442820536169e-32
-8.623528248150342632e-49
0
0
DERIV 31
7.733593995547041032e-34
6.735482494409545914e-50
0
0
DERIV 32
-2.501546303384185478e-35
-1.6160049468345552995e-51
0
0
DERIV 33
7.837407524727033284e-37
-7.214642629787512506e-53
0
0
DERIV 34
-2.380697560548712662e-38
-2.1880419299362647549e-54
0
0
DERIV 35
7.017929316810265037e-40
-3.093802432974839450e-56
0
0
AT 49/32
0.5474212035381522679
-5.393483255078342083e-17
0
0
DERIV 1
-0.3311560367082649337
1.4123527305486744068e-17
0
0
DERIV 2
0.05744543493918881361
-1.0338988379094907937e-18
0
0
DERIV 3
0.016895716158584945382
-5.081730083235921822e-19
0
0
DERIV 4
-0.013234977657558206002
-8.162375766636177551e-19
0
0
DERIV 5
0.004449205255094035652
-1.6851336171141541718e-19
0
0
DERIV 6
-0.0010419024964460716839
8.337903979259239435e-20
0
0
DERIV 7
0.00019175296910140055755
7.294694412144911654e-21
0
0
DERIV 8
-2.9332840553098861252e-5
-1.3765097198941199487e-21
0
0
DERIV 9
3.855173329835850501e-6
1.6346304862391700065e-23
0
0
DERIV 10
-4.451142153771827493e-7
8.495987523896741696e-24
0
0
DERIV 11
4.588282707007094855e-8
-3.698387957363059925e-25
0
0
DERIV 12
-4.275060455790743700e-9
3.732674449657852209e-25
0
0
DERIV 13
3.635809222365826528e-10
-1.3961090616388302911e-26
0
0
DERIV 14
-2.8450788584397831350e-11
1.2105853702287507472e-28
0
0
DERIV 15
2.0621007529836032068e-12
-1.8045791636681507335e-28
0
0
DERIV 16
-1.3921764168795941165e-13
-3.190719992149139656e-30
0
0
DERIV 17
8.797293312614331593e-15
2.035625566615299275e-31
0
0
DERIV 18
-5.225174213755812616e-16
-5.899766694389716058e-34
0
0
DERIV 19
2.927875396756314226e-17
-2.9478425634940751649e-33
0
0
DERIV 20
-1.5528295510311001278e-18
4.495228642264981542e-35
0
0
DERIV 21
7.817720969924015722e-20
-4.828650718216324930e-36
0
0
DERIV 22
-3.745916139257546230e-21
8.764001678861180759e-38
0
0
DERIV 23
1.7123142377093255457e-22
1.0378042325119628589e-38
0
0
DERIV 24
-7.483205351821289680e-24
1.0503993150669866705e-40
0
0
DERIV 25
3.132707218608155547e-25
3.075190400435305837e-42
0
0
DERIV 26
-1.2585124217260750654e-26
-5.968355661548293621e-43
0
0
DERIV 27
4.859768339554750446e-28
3.701884729607760692e-44
0
0
DERIV 28
-1.8065641291448283542e-29
-1.0539963640807412431e-45
0
0
DERIV 29
6.474126580857497802e-31
4.219988996956410396e-47
0
0
DERIV 30
-2.2395738939684143939e-32
1.4097870669251195446e-49
0
0
DERIV 31
7.487437401024718362e-34
-2.4188149913171766367e-51
0
0
DERIV 32
-2.422013401881966604e-35
-1.1979947251533777050e-51
0
0
DERIV 33
7.588492775586996575e-37
2.933779604116839574e-53
0
0
DERIV 34
-2.3051620588283880138e-38
1.2635122840133475898e-54
0
0
DERIV 35
6.795469936509278223e-40
-2.680324939108813930e-56
0
0
AT 25/16
0.5371291795746881981
-2.785528563229549917e-17
0
0
DERIV 1
-0.3275177924235903593
1.1569208192252589387e-17
0
0
DERIV 2
0.05895320263624626023
2.3584346238951601952e-18
0
0
DERIV 3
0.015284163646434216835
-6.092853213441931398e-19
0
0
DERIV 4
-0.012554848709570963147
-1.8101413731530130345e-19
0
0
DERIV 5
0.004257731301506674504
1.6133747194489822446e-20
0
0
DERIV 6
-0.0010007488101831927586
2.956794677862688955e-20
0
0
DERIV 7
0.00018455367668313425625
-1.2704272247877098811e-20
0
0
DERIV 8
-2.8267904703226548094e-5
2.279748773386506862e-22
0
0
DERIV 9
3.718511091229034906e-6
1.2578714181192622511e-22
0
0
DERIV 10
-4.296143882099564681e-7
-6.514658873679409432e-24
0
0
DERIV 11
4.430706066336449372e-8
1.3644529406454076080e-24
0
0
DERIV 12
-4.129855654424715556e-9
2.731340779037760312e-25
0
0
DERIV 13
3.513427887360812266e-10
2.2572776615015688157e-27
0
0
DERIV 14
-2.7500312377546135168e-11
-3.674011381561820513e-28
0
0
DERIV 15
1.9936474182629073618e-12
9.593741767174413622e-29
0
0
DERIV 16
-1.3462129237642120551e-13
4.684790246926167763e-30
0
0
DERIV 17
8.508213006553568971e-15
7.666660876247106238e-31
0
0
DERIV 18
-5.054181367529416987e-16
-3.411198992393880910e-32
0
0
DERIV 19
2.832409332325243649e-17
-1.8586086160405935865e-33
0
0
DERIV 20
-1.5023616040280283039e-18
-7.306542852726435800e-35
0
0
DERIV 21
7.564374009016357176e-20
7.224729438829633758e-37
0
0
DERIV 22
-3.624838700776713303e-21
-2.625181968453369399e-37
0
0
DERIV 23
1.6570980779448978038e-22
-8.800590599561019703e-39
0
0
DERIV 24
-7.242413872771405957e-24
2.9326593038326129376e-40
0
0
DERIV 25
3.032100968308961864e-25
-1.9201646329298205764e-41
0
0
DERIV 26
-1.2181678413497543049e-26
4.430691760460542659e-43
0
0
DERIV 27
4.704233342891396814e-28
-1.1343836900383017228e-44
0
0
DERIV 28
-1.7488335500153438504e-29
-8.719593311103258612e-47
0
0
DERIV 29
6.267530218219863383e-31
-1.9276762202941805349e-47
0
0
DERIV 30
-2.1681999730484789746e-32
-9.614798990995532667e-49
0
0
DERIV 31
7.249107118355926481e-34
-4.231523014440575868e-50
0
0
DERIV 32
-2.3450064922703578875e-35
-6.107569529958190588e-52
0
0
DERIV 33
7.347475788043905758e-37
3.152832419931690845e-53
0
0
DERIV 34
-2.2320209695531373036e-38
-4.474705162443674424e-56
0
0
DERIV 35
6.580056138586073929e-40
-2.969503729433080593e-56
0
0
AT 51/32
0.5269522746367854005
3.181991202529672773e-17
0
0
DERIV 1
-0.3237899518852537240
2.4589403228588957497e-17
0
0
DERIV 2
0.06031381456686098208
1.1340041822060489039e-18
0
0
DERIV 3
0.013755782269634961312
-2.283073902973732670e-19
0
0
DERIV 4
-0.011904042348722563074
5.978945052904515575e-19
0
0
DERIV 5
0.004073827826007276817
1.1920226259404943996e-19
0
0
DERIV 6
-0.0009611411970450069306
3.430028390771218049e-20
0
0
DERIV 7
0.00017761586996506680881
-3.603212121825454490e-21
0
0
DERIV 8
-2.7240731829748721299e-5
2.882979606757889037e-22
0
0
DERIV 9
3.586608879318232200e-6
1.7420794315391162088e-22
0
0
DERIV 10
-4.146469777553273534e-7
7.774441108643407013e-25
0
0
DERIV 11
4.278482432534831216e-8
3.0876251514794480630e-24
0
0
DERIV 12
-3.989539071229815378e-9
3.568188508637248525e-25
0
0
DERIV 13
3.395135473344054029e-10
1.5453800264055296613e-26
0
0
DERIV 14
-2.6581390986069921706e-11
-5.819805254754897929e-28
0
0
DERIV 15
1.9274542870264401923e-12
-1.6524410712561660796e-28
0
0
DERIV 16
-1.3017599010301365667e-13
-3.846019984693918979e-30
0
0
DERIV 17
8.228593368639695402e-15
-1.4650511005926066681e-31
0
0
DERIV 18
-4.888764197082875418e-16
3.142501513702546663e-32
0
0
DERIV 19
2.7400461230580862967e-17
-5.031646436698500948e-35
0
0
DERIV 20
-1.4535292290889086160e-18
-1.6846921469561069711e-35
0
0
DERIV 21
7.319216174517971574e-20
4.246320934672398990e-36
0
0
DERIV 22
-3.507665723395323537e-21
-2.876851410707395192e-37
0
0
DERIV 23
1.6036586973164926900e-22
-3.633370487609105849e-39
0
0
DERIV 24
-7.009355587428519101e-24
2.9156991991881615356e-40
0
0
DERIV 25
2.934719974415327445e-25
-1.5433266190996956471e-41
0
0
DERIV 26
-1.1791145053304796814e-26
4.339586169851740583e-43
0
0
DERIV 27
4.553668736899097680e-28
3.634197597247698594e-44
0
0
DERIV 28
-1.6929452547553351863e-29
1.2638632369921047261e-45
0
0
DERIV 29
6.067518090801450671e-31
4.281176387789763305e-47
0
0
DERIV 30
-2.0990979746086283409e-32
9.090264376628523465e-49
0
0
DERIV 31
7.018354577258406957e-34
-7.380890443857418784e-51
0
0
DERIV 32
-2.2704454267052258044e-35
-1.9639699392625162707e-52
0
0
DERIV 33
7.114106206112725535e-37
2.142335489131602221e-53
0
0
DERIV 34
-2.1611984575126319356e-38
-1.2340394146892762562e-54
0
0
DERIV 35
6.371464962162329998e-40
-3.741484703161431598e-56
0
0
AT 13/8
0.5168931474110093349
4.648698051774965723e-17
0
0
DERIV 1
-0.3199814722068153316
2.996150863376456189e-19
0
0
DERIV 2
0.06153489850131064337
-2.7264236334907890033e-18
0
0
DERIV 3
0.012306979700262128674
-5.452847266981577429e-19
0
0
DERIV 4
-0.011281398058573617951
4.998443328066446699e-19
0
0
DERIV 5
0.003897210238416340400
1.7427119840761145734e-19
0
0
DERIV 6
-0.0009230234775196595855
-2.4155775846768433519e-20
0
0
DERIV 7
0.00017093027361475177811
1.4616191221270121165e-21
0
0
DERIV 8
-2.6250006305122593333e-5
-1.3861081214182601412e-21
0
0
DERIV 9
3.459303156489023964e-6
1.4655160352102147848e-22
0
0
DERIV 10
-4.001938945742204459e-7
9.619573624173603658e-24
0
0
DERIV 11
4.131431577268531163e-8
3.0548754894434275083e-24
0
0
DERIV 12
-3.853947366854973680e-9
2.952912982234459713e-25
0
0
DERIV 13
3.280796219989362145e-10
-1.8615617224148320799e-26
0
0
DERIV 14
-2.5692982445699822467e-11
-9.934287655959617322e-29
0
0
DERIV 15
1.8634470784793276732e-12
1.1727805731239181476e-28
0
0
DERIV 16
-1.2587679128616672075e-13
7.631913926412068742e-30
0
0
DERIV 17
7.958125892198555099e-15
1.5587309013080891924e-31
0
0
DERIV 18
-4.728741472175952636e-16
-4.870506945722908854e-32
0
0
DERIV 19
2.6506852069107824337e-17
1.8400125918622466372e-34
0
0
DERIV 20
-1.4062795563381632137e-18
4.351786223415916005e-36
0
0
DERIV 21
7.081983377242549000e-20
-4.635630743434120927e-36
0
0
DERIV 22
-3.394271562995037110e-21
-6.674526417728234524e-38
0
0
DERIV 23
1.5519390316078290488e-22
1.1195178583670176356e-39
0
0
DERIV 24
-6.783782576813363867e-24
6.451826167225777444e-40
0
0
DERIV 25
2.840461008770975413e-25
6.518718388136342830e-42
0
0
DERIV 26
-1.1413111487756174978e-26
-6.639769172326100428e-43
0
0
DERIV 27
4.407915904362159594e-28
-2.551234582768693136e-44
0
0
DERIV 28
-1.6388405285449053894e-29
-5.752450130638011148e-47
0
0
DERIV 29
5.873880610208510635e-31
2.934627250702877024e-47
0
0
DERIV 30
-2.0321956613517597622e-32
5.697760313446193611e-49
0
0
DERIV 31
6.794939094518330207e-34
2.254762869523540508e-50
0
0
DERIV 32
-2.1982525980338760949e-35
-7.765427624273294620e-52
0
0
DERIV 33
6.888141603123557626e-37
2.0649222234781522738e-53
0
0
DERIV 34
-2.0926210873686916672e-38
4.777597713257532293e-55
0
0
DERIV 35
6.169480496624828237e-40
-3.546806865633211317e-56
0
0
AT 53/32
0.5069541840145902478
-2.1133729478492604627e-17
0
0
DERIV 1
-0.3161008441502738964
-9.680030949810776786e-18
0
0
DERIV 2
0.06262375214297878634
6.369107881242620804e-18
0
0
DERIV 3
0.010934305929726455611
2.584723641013938130e-19
0
0
DERIV 4
-0.010685798976778126956
-3.708745928247808151e-19
0
0
DERIV 5
0.003727604294224928089
4.869004512600228430e-20
0
0
DERIV 6
-0.0008863414655157051021
-3.277958654745484969e-20
0
0
DERIV 7
0.00016448793552294128581
-1.2445160584403514550e-20
0
0
DERIV 8
-2.5294457710812013153e-5
7.925269438621141304e-22
0
0
DERIV 9
3.336435942361818257e-6
1.3790451180085129300e-22
0
0
DERIV 10
-3.862376583522302048e-7
-3.446587120970957404e-24
0
0
DERIV 11
3.989379295166168584e-8
2.9824902240365558225e-24
0
0
DERIV 12
-3.722922625638840491e-9
-7.248730900827441652e-27
0
0
DERIV 13
3.170278850235287163e-10
2.1764960972634681732e-26
0
0
DERIV 14
-2.4834079038312675253e-11
1.1204223780749896516e-27
0
0
DERIV 15
1.8015539430915531124e-12
-7.608706418668499568e-29
0
0
DERIV 16
-1.2171891356014132381e-13
3.159553183551676194e-30
0
0
DERIV 17
7.696512098650621591e-15
5.576698716269779533e-31
0
0
DERIV 18
-4.573937836404569331e-16
-3.555248666493303313e-32
0
0
DERIV 19
2.5642292726332833528e-17
-1.0057753476671418894e-33
0
0
DERIV 20
-1.3605614209478702656e-18
8.871738692902610029e-35
0
0
DERIV 21
6.852420026567137381e-20
-5.825294362558429446e-36
0
0
DERIV 22
-3.2845346108448642393e-21
4.664171027950054441e-40
0
0
DERIV 23
1.5018838460771277184e-22
-7.949329570827814672e-39
0
0
DERIV 24
-6.565454857083193938e-24
2.7828579711462446823e-40
0
0
DERIV 25
2.749224142204675669e-25
-1.3911874279549799558e-41
0
0
DERIV 26
-1.1047178236831052088e-26
-2.0128492435406859655e-43
0
0
DERIV 27
4.266821283400956864e-28
-8.197766140853988200e-45
0
0
DERIV 28
-1.5864625255997507012e-29
1.2818327244491291286e-45
0
0
DERIV 29
5.686414852164589626e-31
-4.292887673600798992e-47
0
0
DERIV 30
-1.9674230904088633313e-32
-7.191819380008266158e-49
0
0
DERIV 31
6.578627623966227327e-34
-2.0559382766850786174e-50
0
0
DERIV 32
-2.1283528593247958673e-35
8.891064013580866775e-52
0
0
DERIV 33
6.669347230788319958e-37
-1.5127705387009637855e-54
0
0
DERIV 34
-2.0262177477678212542e-38
5.620701483357003968e-55
0
0
DERIV 35
5.973893658851146340e-40
4.932447147532527147e-57
0
0
AT 27/16
0.4971375122508802646
8.265063218158853551e-18
0
0
DERIV 1
-0.3121561123435759866
1.2650941689767466461e-18
0
0
DERIV 2
0.06358735621813585426
-5.397625778056173037e-18
0
0
DERIV 3
0.009634447911838765061
-8.187879474562321594e-20
0
0
DERIV 4
-0.010116170307430703140
-8.749961311477632909e-20
0
0
DERIV 5
0.003564745727380342830
2.1256613258087241271e-19
0
0
DERIV 6
-0.0008510428988790909397
3.325347900884882619e-20
0
0
DERIV 7
0.00015828021569449398612
9.961528170813593510e-21
0
0
DERIV 8
-2.4372859300782588344e-5
-1.6321376868540409599e-21
0
0
DERIV 9
3.217854626639270248e-6
-1.9917376780977428701e-22
0
0
DERIV 10
-3.727613775413807670e-7
-2.0851504731386522309e-23
0
0
DERIV 11
3.852157203807587302e-8
-2.9406664856612243613e-24
0
0
DERIV 12
-3.596312176487033168e-9
1.8435456126522281588e-25
0
0
DERIV 13
3.063456422923905480e-10
-2.5419133476687219515e-26
0
0
DERIV 14
-2.4003706170962200968e-11
-1.5121031124096890861e-28
0
0
DERIV 15
1.7417053833073862141e-12
1.8112514519772546533e-29
0
0
DERIV 16
-1.1769773053441409597e-13
-1.1731440938296482704e-29
0
0
DERIV 17
7.443463212477445162e-15
4.783149073605275376e-31
0
0
DERIV 18
-4.424183617314348071e-16
2.2572605273670646627e-32
0
0
DERIV 19
2.4805841549281307019e-17
-1.1616877281198636391e-33
0
0
DERIV 20
-1.3163253082664600332e-18
-6.689779538990627507e-35
0
0
DERIV 21
6.630278757470737864e-20
-2.0974495715062220312e-36
0
0
DERIV 22
-3.1783371642234842566e-21
2.608347258263515188e-38
0
0
DERIV 23
1.4534396768997219715e-22
-4.255984799012971471e-39
0
0
DERIV 24
-6.354140125933399693e-24
-2.2662674285313452196e-41
0
0
DERIV 25
2.660912639247183367e-25
-1.4358670418844410581e-41
0
0
DERIV 26
-1.0692958569696179026e-26
-5.713178901608314043e-44
0
0
DERIV 27
4.130236206545341521e-28
2.1619841889569539118e-44
0
0
DERIV 28
-1.5357562097418869946e-29
-8.162468433575877833e-46
0
0
DERIV 29
5.504924344838947909e-31
2.319595085866663840e-47
0
0
DERIV 30
-1.9047125405341412300e-32
2.8524647756907437747e-49
0
0
DERIV 31
6.369194514371934603e-34
-1.2076408029040873042e-50
0
0
DERIV 32
-2.0606734459440101940e-35
-6.536081644827557477e-52
0
0
DERIV 33
6.457495776202396540e-37
4.092449973065194832e-53
0
0
DERIV 34
-1.9619195778516683295e-38
1.2366412247897954304e-54
0
0
DERIV 35
5.784501977469703068e-40
1.6814108222612746546e-56
0
0
AT 55/32
0.4874450152456350494
-2.4081752275248758040e-17
0
0
DERIV 1
-0.3081548946955163792
-1.6040805002217837041e-17
0
0
DERIV 2
0.06443238707269888232
3.261055242133027433e-19
0
0
DERIV 3
0.008404224400786810059
7.213403415839640453e-19
0
0
DERIV 4
-0.009571477789784978846
-9.872505181362271548e-20
0
0
DERIV 5
0.003408379895874650949
9.015917744509123624e-20
0
0
DERIV 6
-0.0008170773722987177169
2.1498338450371287064e-21
0
0
DERIV 7
0.00015229877551690385279
-6.633035939484820138e-21
0
0
DERIV 8
-2.3484026516748860141e-5
6.518314407763416882e-22
0
0
DERIV 9
3.103411788209415550e-6
-1.9389808999983680297e-22
0
0
DERIV 10
-3.597487296780068581e-7
3.3026148606424434725e-24
0
0
DERIV 11
3.719602550318838177e-8
-2.3269637403419718741e-24
0
0
DERIV 12
-3.473968419637405111e-9
-1.3851410285879755486e-25
0
0
DERIV 13
2.960206190263419845e-10
-1.9449321941369727482e-26
0
0
DERIV 14
-2.3200921291469703165e-11
7.344557089249378188e-28
0
0
DERIV 15
1.6838341768324270912e-12
6.585115752370625565e-29
0
0
DERIV 16
-1.1380876672292963162e-13
-2.8771104886263977379e-30
0
0
DERIV 17
7.198699846696033625e-15
3.576577739948847549e-33
0
0
DERIV 18
-4.279314642638415274e-16
-4.851701046061443423e-33
0
0
DERIV 19
2.3996587329831174708e-17
-6.350374762286656070e-34
0
0
DERIV 20
-1.2735233007098502366e-18
1.9507130962141301194e-35
0
0
DERIV 21
6.415320166324484741e-20
-3.097156497355542681e-36
0
0
DERIV 22
-3.0755653011827560681e-21
1.2860590428356178078e-37
0
0
DERIV 23
1.4065547744821426545e-22
-2.5532991941365713050e-39
0
0
DERIV 24
-6.149613517092572839e-24
9.691675351801869302e-41
0
0
DERIV 25
2.575432856203820697e-25
-2.1864940856145452925e-41
0
0
DERIV 26
-1.0350078098348507082e-26
-7.430535308907097860e-44
0
0
DERIV 27
3.998016744925076014e-28
-1.7005816957655185604e-44
0
0
DERIV 28
-1.4866682968580558237e-29
-4.960950163737704843e-46
0
0
DERIV 29
5.329218863891671499e-31
-2.595306643926117200e-47
0
0
DERIV 30
-1.8439984416081764091e-32
3.499862192041209502e-49
0
0
DERIV 31
6.166421275007942879e-34
1.3787647950027244449e-50
0
0
DERIV 32
-1.9951439000975284115e-35
-1.1283184691359475061e-51
0
0
DERIV 33
6.252367126530530149e-37
-2.819744446815252365e-53
0
0
DERIV 34
-1.8996598960896802749e-38
7.195080124200600433e-55
0
0
DERIV 35
5.601109383932181323e-40
-2.194325761555490925e-56
0
0
AT 7/4
0.4778783444887240717
2.6701667723041795769e-17
0
0
DERIV 1
-0.3041044010382789597
-1.1945502075457704782e-17
0
0
DERIV 2
0.06516522879391692391
-1.4053317860631938725e-18
0
0
DERIV 3
0.007240580977101880242
3.659907665706812908e-20
0
0
DERIV 4
-0.009050726221377350736
3.879320231728666092e-19
0
0
DERIV 5
0.003258261439695846282
-1.5700276310200005316e-19
0
0
DERIV 6
-0.0007843962725193703812
1.7719143478527708130e-20
0
0
DERIV 7
0.00014653556739372853722
-7.778035756231156021e-21
0
0
DERIV 8
-2.2626815553443375078e-5
-7.919984723567781934e-22
0
0
DERIV 9
2.992965020296742885e-6
-4.537376679417781210e-23
0
0
DERIV 10
-3.471839423544221650e-7
-4.477521945299827319e-24
0
0
DERIV 11
3.591558024356091658e-8
-2.5032488920557032676e-24
0
0
DERIV 12
-3.355748659120590319e-9
-1.3792409098075228964e-25
0
0
DERIV 13
2.860409459957260016e-10
4.125309276521379114e-27
0
0
DERIV 14
-2.2424812839386183507e-11
-1.6068756977325824056e-27
0
0
DERIV 15
1.6278753024147007969e-12
4.843359388586151718e-29
0
0
DERIV 16
-1.1004769263772850419e-13
3.165471068193642188e-30
0
0
DERIV 17
6.961951698502247331e-15
-3.184551310675628972e-31
0
0
DERIV 18
-4.139172062462349533e-16
-5.574247913058882943e-33
0
0
DERIV 19
2.3213648322696525515e-17
-6.445293646403973220e-34
0
0
DERIV 20
-1.2321090263585077653e-18
-9.319803773624220920e-35
0
0
DERIV 21
6.207312555153283427e-20
-2.1996582689876500056e-36
0
0
DERIV 22
-2.9761087593200672059e-21
-8.519245441478232224e-38
0
0
DERIV 23
1.3611790485879471594e-22
4.878780602379646230e-39
0
0
DERIV 24
-5.951657362653061526e-24
1.7367285664814511201e-40
0
0
DERIV 25
2.492694142475870206e-25
1.9606962055804997549e-41
0
0
DERIV 26
-1.0018174384194292916e-26
-4.022995863891044596e-43
0
0
DERIV 27
3.870023557414760878e-28
-1.8350334948125745348e-45
0
0
DERIV 28
-1.4391471991859015137e-29
1.5904525504316562224e-46
0
0
DERIV 29
5.159114234022521950e-31
-3.632053721281006455e-47
0
0
DERIV 30
-1.7852173063760472433e-32
9.109993501805723072e-49
0
0
DERIV 31
5.970096348638452771e-34
2.681503482557909842e-50
0
0
DERIV 32
-1.9316959977618888508e-35
7.847891435986059929e-53
0
0
DERIV 33
6.053748141134124627e-37
-4.839051367128996083e-54
0
0
DERIV 34
-1.8393741313606357597e-38
-5.064521195732298641e-55
0
0
DERIV 35
5.423526010183360308e-40
1.3814478874045201528e-56
0
0
AT 57/32
0.4684389323049499287
-1.5652308490809626388e-17
0
0
DERIV 1
-0.3000114510267656853
1.0648232979858499224e-17
0
0
DERIV 2
0.06579198487429072095
-2.8220787344536868009e-18
0
0
DERIV 3
0.006140585254933800252
1.0668032632604139408e-19
0
0
DERIV 4
-0.008552958033657792961
-3.964080939508158124e-19
0
0
DERIV 5
0.003114153950716427172
1.5322922126402425044e-19
0
0
DERIV 6
-0.0007529527157835492774
-5.231883292278761672e-20
0
0
DERIV 7
0.00014098282473062295999
7.427772569919082550e-21
0
0
DERIV 8
-2.1800121972235217188e-5
-9.226782688585632228e-22
0
0
DERIV 9
2.886376761460285213e-6
-1.8046820836507332115e-22
0
0
DERIV 10
-3.350517748227767846e-7
-2.0711152552855633405e-23
0
0
DERIV 11
3.467871577268410176e-8
-1.0908435438511811110e-24
0
0
DERIV 12
-3.241514940729344161e-9
1.5071433440144535992e-25
0
0
DERIV 13
2.763951461847446112e-10
-2.4147893593673391866e-26
0
0
DERIV 14
-2.1674499231175907908e-11
-7.696477840273267031e-29
0
0
DERIV 15
1.5737658680389563795e-12
-1.5150275259955380947e-29
0
0
DERIV 16
-1.0641032004163659950e-13
3.897374248643967076e-30
0
0
DERIV 17
6.732957254755200838e-15
2.468350811502024909e-31
0
0
DERIV 18
-4.003602177125498163e-16
8.174427990663790083e-33
0
0
DERIV 19
2.2456171295019276257e-17
-1.3839817390984450904e-33
0
0
DERIV 20
-1.1920376092057437892e-18
7.412608674507447596e-36
0
0
DERIV 21
6.006031684097731930e-20
5.455199065143260889e-36
0
0
DERIV 22
-2.8798608184313937293e-21
9.704623030800503500e-38
0
0
DERIV 23
1.3172640152174703694e-22
-1.1135400904810123247e-38
0
0
DERIV 24
-5.760060962987263810e-24
1.2393365547225687835e-40
0
0
DERIV 25
2.412608745027360500e-25
1.9097060186502991923e-42
0
0
DERIV 26
-9.696896557153137439e-27
6.558451937786213496e-43
0
0
DERIV 27
3.746121744575884155e-28
-9.781549910516258643e-45
0
0
DERIV 28
-1.3931429713699254338e-29
-1.1178654925199069828e-45
0
0
DERIV 29
4.994432136817363326e-31
-2.755080952789973557e-48
0
0
DERIV 30
-1.7283076643495922067e-32
6.003134877662399300e-49
0
0
DERIV 31
5.780014891699128288e-34
2.934454726738103660e-50
0
0
DERIV 32
-1.8702636779272859706e-35
1.0957579448559442229e-51
0
0
DERIV 33
5.861432430904830329e-37
9.574145242063030097e-54
0
0
DERIV 34
-1.7809997562120339707e-38
-9.303026939267903050e-55
0
0
DERIV 35
5.251567992720169376e-40
-2.932316824211870403e-56
0
0
AT 29/16
0.4591280037767579980
-6.523045024100040641e-18
0
0
DERIV 1
-0.2958824913227995901
-4.431327842664524987e-18
0
0
DERIV 2
0.06631848943442060496
-6.184937453099911448e-18
0
0
DERIV 3
0.005101422264186200248
-3.423241520863926759e-19
0
0
DERIV 4
-0.008077251918294815758
-7.590293661791503108e-19
0
0
DERIV 5
0.002975829654108616811
-1.9968908871706238223e-19
0
0
DERIV 6
-0.0007227014874263783034
-1.6556208803557972698e-20
0
0
DERIV 7
0.00013563305226209340973
4.498293807102736946e-22
0
0
DERIV 8
-2.1002879361480882730e-5
1.8318924060025250394e-22
0
0
DERIV 9
2.783514132244454266e-6
4.715842149611234855e-23
0
0
DERIV 10
-3.233375002102143797e-7
-1.0290685656927635983e-23
0
0
DERIV 11
3.348396247236212248e-8
1.1883185302824998004e-25
0
0
DERIV 12
-3.131133895316305390e-9
3.308835181889413357e-26
0
0
DERIV 13
2.670721218924949146e-10
-4.526648356047770831e-27
0
0
DERIV 14
-2.0949127878508584314e-11
2.163080532382099522e-28
0
0
DERIV 15
1.5214450414559306017e-12
8.695697740744112310e-29
0
0
DERIV 16
-1.0289259735487223063e-13
-5.039292673203381536e-30
0
0
DERIV 17
6.511463506985223358e-15
3.659703569931597832e-31
0
0
DERIV 18
-3.872456270674031549e-16
-1.8072401355111594482e-32
0
0
DERIV 19
2.1723330606553479652e-17
1.3548607913157693989e-33
0
0
DERIV 20
-1.1532656210042870940e-18
-2.508099316969978053e-35
0
0
DERIV 21
5.811260531813810743e-20
-3.244605441264469081e-36
0
0
DERIV 22
-2.7867181869210245318e-21
1.6687226544559722019e-37
0
0
DERIV 23
1.2747627451855132457e-22
-4.660163239377119866e-39
0
0
DERIV 24
-5.574620364007855869e-24
1.6057526421110574181e-40
0
0
DERIV 25
2.335091715897095879e-25
2.2677572880460370425e-42
0
0
DERIV 26
-9.385904946888652292e-27
2.9377549336372754644e-43
0
0
DERIV 27
3.626180707243594085e-28
1.2823525876366760223e-44
0
0
DERIV 28
-1.3486072582310525680e-29
8.752395547069475048e-46
0
0
DERIV 29
4.834999924692487454e-31
-1.6615940789100530836e-47
0
0
DERIV 30
-1.6732099978052758958e-32
-1.3453954919321202396e-48
0
0
DERIV 31
5.595978561439966156e-34
3.973824728454285731e-50
0
0
DERIV 32
-1.8107829740801444991e-35
1.1142786281120662610e-51
0
0
DERIV 33
5.675220144576663935e-37
3.910559563592807649e-53
0
0
DERIV 34
-1.7244762222285687387e-38
5.123986664660561360e-55
0
0
DERIV 35
5.085057282838321869e-40
-2.307219379926925350e-56
0
0
AT 59/32
0.4499465881407611056
-1.0892972776897937757e-17
0
0
DERIV 1
-0.2917236120912626851
-2.6977255589356801442e-18
0
0
DERIV 2
0.06675031802088214616
-5.733575860429807733e-18
0
0
DERIV 3
0.004120390001289020790
2.243167228299352119e-19
0
0
DERIV 4
-0.007622721502384689242
3.656396269541830144e-19
0
0
DERIV 5
0.002843069100889424571
-7.073551312432961884e-20
0
0
DERIV 6
-0.0006935989835503185777
4.030257474258388710e-20
0
0
DERIV 7
0.00013047901670748567786
-1.2412276215124463565e-20
0
0
DERIV 8
-2.0234058042044298135e-5
-1.4887703969275406243e-21
0
0
DERIV 9
2.684248777294765641e-6
3.265673160823751229e-23
0
0
DERIV 10
-3.120268883251275711e-7
-1.2341711352774421494e-23
0
0
DERIV 11
3.232989990188896140e-8
2.1877025004449800691e-24
0
0
DERIV 12
-3.024476587245679010e-9
1.0487191739520092237e-25
0
0
DERIV 13
2.580611422564572534e-10
-8.948115818703150167e-27
0
0
DERIV 14
-2.0247874238583566876e-11
-1.5348838673069358613e-27
0
0
DERIV 15
1.4708539829708699130e-12
-5.085303492877211219e-29
0
0
DERIV 16
-9.949060521059386452e-14
1.3020432967255767730e-31
0
0
DERIV 17
6.297225675618138747e-15
2.180451134661266614e-31
0
0
DERIV 18
-3.745590449687021809e-16
2.2717584790572638201e-32
0
0
DERIV 19
2.1014327319459470927e-17
-9.565378549480669055e-34
0
0
DERIV 20
-1.1157510346598887625e-18
7.641656119092575597e-35
0
0
DERIV 21
5.622789063556208665e-20
2.5658567036904181451e-36
0
0
DERIV 22
-2.6965808918478765980e-21
-1.5766172691782738844e-37
0
0
DERIV 23
1.2336298143427764173e-22
2.5987627837075870120e-39
0
0
DERIV 24
-5.395138141537853066e-24
1.5817536407103603354e-41
0
0
DERIV 25
2.260060822658988344e-25
2.3624021149449715818e-42
0
0
DERIV 26
-9.084870725780136657e-27
5.885217406443281843e-44
0
0
DERIV 27
3.510074009610659177e-28
-1.1301769251232978879e-44
0
0
DERIV 28
-1.3054932441954262727e-29
3.587085616893975570e-46
0
0
DERIV 29
4.680650440743507310e-31
-9.094349432325702160e-48
0
0
DERIV 30
-1.6198666798112734434e-32
-6.239461735970724778e-49
0
0
DERIV 31
5.417795309810896210e-34
3.660641195978420700e-50
0
0
DERIV 32
-1.7531919478543168616e-35
-4.518677195446014544e-52
0
0
DERIV 33
5.494917761796147017e-37
3.574822174492198506e-53
0
0
DERIV 34
-1.6697448974430840412e-38
-5.881254022628623498e-55
0
0
DERIV 35
4.923821462871281247e-40
-1.4939997454237282021e-56
0
0
AT 15/8
0.4408955296791693401
-8.145633673477374598e-18
0
0
DERIV 1
-0.2875405628342408426
-2.6063498300182224483e-17
0
0
DERIV 2
0.06709279799465620031
2.3807395212919971163e-18
0
0
DERIV 3
0.003194895142602676309
1.0111198872428006236e-20
0
0
DERIV 4
-0.007188514070856021586
-1.3117041471151345969e-19
0
0
DERIV 5
0.002715660871212275014
-1.4319378510640680658e-19
0
0
DERIV 6
-0.0006656031547088909518
5.210360885918605286e-20
0
0
DERIV 7
0.00012551373774510513450
6.592666655619696979e-21
0
0
DERIV 8
-1.9492663816474660937e-5
-1.1265317696687317232e-21
0
0
DERIV 9
2.588456712756798067e-6
-1.2356873715309995545e-22
0
0
DERIV 10
-3.011061890349744342e-7
-2.0414530705645094932e-23
0
0
DERIV 11
3.121515516311537635e-8
-2.2636286089459660599e-24
0
0
DERIV 12
-2.921418367830028568e-9
-3.205981081300109129e-26
0
0
DERIV 13
2.493518311846494609e-10
-2.2976800204911726560e-26
0
0
DERIV 14
-1.9569940895444268676e-11
6.179600730498004269e-28
0
0
DERIV 15
1.4219357804180480393e-12
-9.799701317256170854e-29
0
0
DERIV 16
-9.620055215457153695e-14
-5.471336371380715483e-30
0
0
DERIV 17
6.090006943118534682e-15
-6.331263259039614823e-32
0
0
DERIV 18
-3.622865487302569772e-16
1.3908827428511486789e-33
0
0
DERIV 19
2.0328388336756480628e-17
3.991238897325669675e-34
0
0
DERIV 20
-1.0794531791223402767e-18
5.082465561654664136e-36
0
0
DERIV 21
5.440414006699316840e-20
-2.1221714377543780888e-36
0
0
DERIV 22
-2.6093521724921487693e-21
4.188209037829116591e-38
0
0
DERIV 23
1.1938212553885647057e-22
7.149730074001705994e-39
0
0
DERIV 24
-5.221423192563857535e-24
2.0141849647602936452e-40
0
0
DERIV 25
2.187436461736811322e-25
-8.438123994380401383e-42
0
0
DERIV 26
-8.793475563261844070e-27
-3.2306336153475858275e-43
0
0
DERIV 27
3.397679246665737487e-28
1.8703988692908019057e-44
0
0
DERIV 28
-1.2637556043297802326e-29
-6.417527103432549411e-46
0
0
DERIV 29
4.531221844311615580e-31
1.6909996213672679026e-47
0
0
DERIV 30
-1.5682219142194906705e-32
5.226174002979516715e-49
0
0
DERIV 31
5.245279183876697096e-34
-3.644973887106896311e-50
0
0
DERIV 32
-1.6974306247823199515e-35
3.717851594164514658e-52
0
0
DERIV 33
5.320337892736885235e-37
-8.263853231365054414e-54
0
0
DERIV 34
-1.6167490057255118988e-38
5.734858070851478216e-55
0
0
DERIV 35
4.767693568232433328e-40
-2.445534078439106485e-56
0
0
AT 61/32
0.4319754981264185556
2.3547476151673357034e-17
0
0
DERIV 1
-0.2833387675882960699
1.2608903899107989297e-17
0
0
DERIV 2
0.06735101852508676434
3.3729336406842449261e-18
0
0
DERIV 3
0.002322448914658164273
1.3126256929925678690e-19
0
0
DERIV 4
-0.006773809334419646049
-1.2986865354288125450e-19
0
0
DERIV 5
0.002593401288034950444
-1.9314014499462131664e-19
0
0
DERIV 6
-0.0006386734515309951858
-2.5255184832440572057e-20
0
0
DERIV 7
0.00012073047929373790870
2.7793238717614671342e-21
0
0
DERIV 8
-1.8777736760380992197e-5
2.401733024985293532e-22
0
0
DERIV 9
2.496018178782749487e-6
-4.491617948223243717e-23
0
0
DERIV 10
-2.905621161967610705e-7
-1.8390483981787598537e-23
0
0
DERIV 11
3.013840131956792898e-8
1.3457096645546869427e-24
0
0
DERIV 12
-2.821838733588889119e-9
-1.1002917491384562859e-25
0
0
DERIV 13
2.409341556831116151e-10
-4.954878192339492913e-27
0
0
DERIV 14
-1.8914556671274795578e-11
8.863067334495938998e-28
0
0
DERIV 15
1.3746353862503934858e-12
4.389932412294400148e-29
0
0
DERIV 16
-9.301877048432088596e-14
5.965769142168784342e-30
0
0
DERIV 17
5.889578195764244574e-15
3.896469646438675938e-31
0
0
DERIV 18
-3.504146672276583510e-16
2.1638655901725010258e-32
0
0
DERIV 19
1.9664765568513026661e-17
-6.599511003917466054e-34
0
0
DERIV 20
-1.0443326957258860219e-18
7.797929778112570696e-35
0
0
DERIV 21
5.263938633457717246e-20
-1.6136562197502105005e-36
0
0
DERIV 22
-2.5249383773297731286e-21
-1.0025308010579552807e-37
0
0
DERIV 23
1.1552945112239694724e-22
-8.072054689064146823e-39
0
0
DERIV 24
-5.053290533153054663e-24
3.6449980998844235668e-40
0
0
DERIV 25
2.117141574482494224e-25
2.2864348069054499787e-41
0
0
DERIV 26
-8.511411291168335970e-27
6.385976728719595245e-43
0
0
DERIV 27
3.288877915847635042e-28
1.7091235248783361478e-44
0
0
DERIV 28
-1.2233504569323935238e-29
2.9223183904088132379e-46
0
0
DERIV 29
4.386557442085921537e-31
8.412700263874108399e-48
0
0
DERIV 30
-1.5182216775602771469e-32
8.271940324736507422e-49
0
0
DERIV 31
5.078250132554559678e-34
2.826530098982344225e-50
0
0
DERIV 32
-1.6434409320801917037e-35
5.896277448653783940e-52
0
0
DERIV 33
5.151299084051767953e-37
-3.719112647754328035e-53
0
0
DERIV 34
-1.5654335680873217516e-38
4.152952983187116503e-55
0
0
DERIV 35
4.616511915077327904e-40
-1.3315219148339081186e-56
0
0
AT 31/16
0.4231869986105190051
2.1859252526255001695e-18
0
0
DERIV 1
-0.2791233395090657043
-2.3882458643091259340e-17
0
0
DERIV 2
0.06752984020380622954
-4.966079598850403677e-18
0
0
DERIV 3
0.0015006631156401382607
6.311502317878284567e-20
0
0
DERIV 4
-0.006377818241470587825
-5.139841401272622535e-20
0
0
DERIV 5
0.002476094140806228087
1.4750787514441187753e-19
0
0
DERIV 6
-0.0006127707722197231737
2.4824133584653876868e-20
0
0
DERIV 7
0.00011612274109120118010
-2.789668849061100793e-22
0
0
DERIV 8
-1.8088350054590952637e-5
-3.735463784994345671e-22
0
0
DERIV 9
2.406817496975750956e-6
-7.229925515796384243e-24
0
0
DERIV 10
-2.803818321219173713e-7
-7.344280718787704972e-24
0
0
DERIV 11
2.9098355867841788188e-8
-7.045002874845205400e-25
0
0
DERIV 12
-2.725621189171226723e-9
-1.4027078472881990208e-25
0
0
DERIV 13
2.3279841456581830815e-10
7.537608827183341478e-27
0
0
DERIV 14
-1.8280975766703568193e-11
3.685581175708410304e-28
0
0
DERIV 15
1.3288995566756264996e-12
8.806416377817777786e-29
0
0
DERIV 16
-8.994171222318845339e-14
-4.129162973126601208e-30
0
0
DERIV 17
5.695717773773544336e-15
-2.3595759456879808023e-32
0
0
DERIV 18
-3.389303662912158625e-16
1.5793500593163033566e-32
0
0
DERIV 19
1.9022735124883703574e-17
-1.3231743408374328077e-33
0
0
DERIV 20
-1.0103514959325390146e-18
-3.493667963722114176e-35
0
0
DERIV 21
5.093172550575680601e-20
2.8665992740984052059e-36
0
0
DERIV 22
-2.4432488643057293455e-21
7.393466507524695652e-38
0
0
DERIV 23
1.1180083897963493981e-22
-9.433827143523546036e-40
0
0
DERIV 24
-4.890561102821518005e-24
4.050395936950053113e-41
0
0
DERIV 25
2.0491015659299654409e-25
-5.035313751432462490e-42
0
0
DERIV 26
-8.238379579735859423e-27
-5.580155735158807509e-43
0
0
DERIV 27
3.183555292781597831e-28
1.7463147944556562196e-44
0
0
DERIV 28
-1.1842353176302604776e-29
-4.956666182224725661e-47
0
0
DERIV 29
4.246505524566330821e-31
8.660974525275800042e-48
0
0
DERIV 30
-1.4698136627795533354e-32
-4.826746297541796279e-49
0
0
DERIV 31
4.916533819474182095e-34
4.905660910701212859e-51
0
0
DERIV 32
-1.5911666384016527343e-35
-3.373459385554406993e-52
0
0
DERIV 33
4.987625630962495471e-37
3.351688648436776776e-53
0
0
DERIV 34
-1.5157453458409933075e-38
2.4131153267832709058e-55
0
0
DERIV 35
4.470119933408620526e-40
7.944705842262659735e-57
0
0
AT 63/32
0.4145303811479031930
-9.113513334533538197e-18
0
0
DERIV 1
-0.2748990948665042122
-4.474204021968715425e-18
0
0
DERIV 2
0.06763390429255262959
-4.846827118578972232e-18
0
0
DERIV 3
0.0007272462827156196555
-3.462928881559909784e-20
0
0
DERIV 4
-0.005999781832403862022
1.5016636116800443369e-19
0
0
DERIV 5
0.002363550418825763853
-8.544013433855943605e-20
0
0
DERIV 6
-0.0005878574118617925070
-1.9893587492167180400e-20
0
0
DERIV 7
0.00011168425055989872623
1.2645866934092736902e-21
0
0
DERIV 8
-1.7423608856728386789e-5
3.909596043638122073e-23
0
0
DERIV 9
2.320742932607714756e-6
-2.6251695283213518277e-23
0
0
DERIV 10
-2.705529325578942196e-7
1.5403851336917223087e-23
0
0
DERIV 11
2.8093779259546994289e-8
-1.5570486761965516279e-25
0
0
DERIV 12
-2.632653114788936929e-9
5.965144281808981279e-26
0
0
DERIV 13
2.2493522753453519321e-10
3.751452680960332113e-27
0
0
DERIV 14
-1.7668476929170209347e-11
-8.281695823488347474e-28
0
0
DERIV 15
1.2846767927725270737e-12
1.1779193899687635771e-29
0
0
DERIV 16
-8.696594522502334190e-14
-1.3874991732837932651e-30
0
0
DERIV 17
5.508211229515514171e-15
1.6633291959165417720e-31
0
0
DERIV 18
-3.278210345702750044e-16
2.3433539323111836825e-32
0
0
DERIV 19
1.8401596535129780471e-17
1.6448678944179367954e-34
0
0
DERIV 20
-9.774727204333070478e-19
-1.3242457983535206012e-35
0
0
DERIV 21
4.927931495762500509e-20
-7.927097022399009533e-37
0
0
DERIV 22
-2.3641959043007427090e-21
2.582188699004957871e-38
0
0
DERIV 23
1.0819230203875033478e-22
8.613683948551125336e-39
0
0
DERIV 24
-4.733061575148139753e-24
5.527894283184660479e-41
0
0
DERIV 25
1.9832442261393394823e-25
-1.1431615648160308514e-41
0
0
DERIV 26
-7.974091623920857394e-27
2.5124484802906164787e-43
0
0
DERIV 27
3.081600310967957796e-28
-3.859421182268314910e-45
0
0
DERIV 28
-1.1463690549346713102e-29
4.697521953461315273e-46
0
0
DERIV 29
4.110919207716996760e-31
-6.503442819133053833e-48
0
0
DERIV 30
-1.4229472247599847272e-32
-1.2326053706190029150e-48
0
0
DERIV 31
4.759961441766572663e-34
-1.8141542609079749399e-50
0
0
DERIV 32
-1.5405532954992842642e-35
-9.861182921503153782e-52
0
0
DERIV 33
4.829147395292468828e-37
3.391677389690587548e-53
0
0
DERIV 34
-1.4676327855559226768e-38
-3.950543948428300876e-55
0
0
DERIV 35
4.328366005451937466e-40
-2.361107727469636129e-56
0
0
AT 2
0.4060058497098380514
2.4239708532597755829e-17
0
0
DERIV 1
-0.2706705664732254046
2.0847628465773379768e-17
0
0
DERIV 2
0.06766764161830635116
-5.211907116443344942e-18
0
0
DERIV 3
-3.0849182849087769845e-49
-1.7663741459868918691e-65
0
0
DERIV 4
-0.005638970134858862018
-1.4391556562199026224e-19
0
0
DERIV 5
0.002255588053943544721
1.4430240004763645962e-19
0
0
DERIV 6
-0.0005638970134858861801
-3.607560001190911490e-20
0
0
DERIV 7
0.00010740895494969261736
-4.744908988647716240e-21
0
0
DERIV 8
-1.6782649210889470615e-5
-1.0564091777809470004e-22
0
0
DERIV 9
2.237686561451929387e-6
4.231988727888930347e-23
0
0
DERIV 10
-2.610634321693917583e-7
-8.466624129430003092e-24
0
0
DERIV 11
2.7123473472144598051e-8
1.0945013673571505098e-24
0
0
DERIV 12
-2.542825638013555964e-9
-2.0600707975886131965e-25
0
0
DERIV 13
2.1733552461654325427e-10
8.107238029662240163e-27
0
0
DERIV 14
-1.7076362648442683526e-11
-1.3755513921100935848e-27
0
0
DERIV 15
1.2419172835231043078e-12
4.863505607505942115e-29
0
0
DERIV 16
-8.408814940521018961e-14
-1.1893695078261169427e-30
0
0
DERIV 17
5.326851093542726965e-15
5.392763655312021227e-32
0
0
DERIV 18
-3.170744698537337268e-16
-2.4340181184677115087e-32
0
0
DERIV 19
1.7800671991788561334e-17
1.3387114771439302128e-34
0
0
DERIV 20
-9.456606995637674171e-19
8.918459249703466032e-35
0
0
DERIV 21
4.768037140657650357e-20
3.585834313778384308e-37
0
0
DERIV 22
-2.2876945876892768917e-21
1.8797243518347873997e-37
0
0
DERIV 23
1.0469998112994401906e-22
-5.159761864112235322e-39
0
0
DERIV 24
-4.580624174435050687e-24
7.880278770212436295e-41
0
0
DERIV 25
1.9194996540489735622e-25
2.6014984112104142290e-42
0
0
DERIV 26
-7.718267839707411578e-27
2.9677321142856381599e-43
0
0
DERIV 27
2.982905445297550067e-28
1.8641496994629352093e-44
0
0
DERIV 28
-1.1097118472089100820e-29
1.7396240519849718067e-46
0
0
DERIV 29
3.979656279645746715e-31
-2.762053351276443396e-47
0
0
DERIV 30
-1.3775733275696813782e-32
-8.123702191988487621e-49
0
0
DERIV 31
4.608369554593916316e-34
1.5527025657289650158e-50
0
0
DERIV 32
-1.4915481817324060460e-35
4.520100035358290016e-52
0
0
DERIV 33
4.675699629255191089e-37
1.3584429676558332592e-53
0
0
DERIV 34
-1.4210459657540287073e-38
1.7042294388424059496e-56
0
0
DERIV 35
4.191103309136306094e-40
-2.335623078232623532e-56
0
0
AT 33/16
0.3893531821043589303
1.9148974147889176711e-17
0
0
DERIV 1
-0.2622174491723233691
-4.966083433908939529e-18
0
0
DERIV 2
0.06754085812014390400
-4.608403640035648827e-18
0
0
DERIV 3
-0.0013243305513753705731
-3.1781552725602126519e-21
0
0
DERIV 4
-0.004966239567657639541
-1.2033829952065124733e-19
0
0
DERIV 5
0.002052712354631824280
1.1334635792101878243e-19
0
0
DERIV 6
-0.0005186961326220201592
1.6825258726338991499e-20
0
0
DERIV 7
9.932479135315279298e-5
2.383616454420159301e-22
0
0
DERIV 8
-1.5568766898609267315e-5
1.2397736695732852101e-22
0
0
DERIV 9
2.080214986452714915e-6
1.1031105347628237635e-22
0
0
DERIV 10
-2.430566984171067042e-7
1.2653906334680768304e-24
0
0
DERIV 11
2.5281081653540174451e-8
-1.4133745531537871352e-24
0
0
DERIV 12
-2.372174984551341646e-9
-4.975073800316649468e-26
0
0
DERIV 13
2.0289178189546170702e-10
8.760393246155393906e-27
0
0
DERIV 14
-1.5950611784234410746e-11
-8.716068175283636211e-28
0
0
DERIV 15
1.1605968955385801112e-12
-6.590413118524643541e-29
0
0
DERIV 16
-7.861372950801245987e-14
2.6137435165974477105e-30
0
0
DERIV 17
4.981773708521392068e-15
-2.044153852811781260e-31
0
0
DERIV 18
-2.966227992866499105e-16
2.1260611347452259927e-32
0
0
DERIV 19
1.6656862765491239482e-17
7.204187411111873159e-34
0
0
DERIV 20
-8.850999626368874470e-19
-2.2571528069533871479e-35
0
0
DERIV 21
4.463603747615299487e-20
1.7527315254321378295e-36
0
0
DERIV 22
-2.1420208038128536941e-21
3.932881250606140846e-38
0
0
DERIV 23
9.804916579370071710e-23
2.6409635625939502413e-39
0
0
DERIV 24
-4.290291345466266919e-24
-2.0614739556610802893e-40
0
0
DERIV 25
1.7980803131446684464e-25
-7.501386806072734461e-42
0
0
DERIV 26
-7.230938800395500243e-27
6.557605170817454534e-43
0
0
DERIV 27
2.794882995813377860e-28
2.2282878670127144686e-44
0
0
DERIV 28
-1.0398716107138548180e-29
4.844259207396802240e-46
0
0
DERIV 29
3.729554216975626382e-31
6.287285221950393236e-49
0
0
DERIV 30
-1.2911147530252970633e-32
-1.0391491078917352569e-48
0
0
DERIV 31
4.319499248576512264e-34
2.258996331955349519e-50
0
0
DERIV 32
-1.3981600615848190241e-35
-1.0540890964759914907e-51
0
0
DERIV 33
4.383262448452964165e-37
-2.0783502743745199261e-53
0
0
DERIV 34
-1.3322577133637586244e-38
8.406872570712209854e-55
0
0
DERIV 35
3.929487396992096234e-40
-3.372712672789661951e-56
0
0
AT 17/8
0.3732280258334987888
1.7437968055916524967e-17
0
0
DERIV 1
-0.2537950575667791697
-1.8519156425774175851e-17
0
0
DERIV 2
0.06718104465002978920
-4.077615409998542618e-18
0
0
DERIV 3
-0.002488186838889992064
2.2524757705367732752e-20
0
0
DERIV 4
-0.004354326968057486112
3.941832598439353382e-20
0
0
DERIV 5
0.0018661401291674940481
-1.6893568279025801069e-20
0
0
DERIV 6
-0.0004769024774539151312
-1.0138783739611243826e-20
0
0
DERIV 7
9.182594286379732785e-5
-2.5092027536875661653e-21
0
0
DERIV 8
-1.4440370047129417455e-5
-6.437060829495654002e-22
0
0
DERIV 9
1.933610804031574655e-6
-1.5150586725333051024e-22
0
0
DERIV 10
-2.2627360472709914145e-7
-2.5453148035695763787e-24
0
0
DERIV 11
2.3562375368276439030e-8
7.572559556098731657e-25
0
0
DERIV 12
-2.212868586174109916e-9
-1.6959183594983264537e-25
0
0
DERIV 13
1.8940045320450128732e-10
9.306357236806399185e-27
0
0
DERIV 14
-1.4898588995290787728e-11
-1.4273712073553794167e-27
0
0
DERIV 15
1.0845716126840038777e-12
-6.941144371356893352e-29
0
0
DERIV 16
-7.349399743845552154e-14
3.191327468358503897e-31
0
0
DERIV 17
4.658957004950635476e-15
7.843335428019542765e-32
0
0
DERIV 18
-2.774854272217846183e-16
1.8277763241555582880e-32
0
0
DERIV 19
1.5586311038109969757e-17
1.1444203054297336591e-33
0
0
DERIV 20
-8.284062953326165400e-19
-2.3671722030724203553e-35
0
0
DERIV 21
4.178557327427307478e-20
5.613876506818157892e-37
0
0
DERIV 22
-2.0056012601447024415e-21
-1.5775162033973953201e-37
0
0
DERIV 23
9.181992524129217772e-23
-5.744509342350488905e-39
0
0
DERIV 24
-4.018324820570176458e-24
1.6822578235076363216e-40
0
0
DERIV 25
1.6843277691012715650e-25
-6.638945235550011296e-42
0
0
DERIV 26
-6.774329269132586056e-27
-4.103960135597643386e-43
0
0
DERIV 27
2.618694374426885471e-28
-1.9420827999903146487e-44
0
0
DERIV 28
-9.744206815836764314e-30
-2.7198657415786828538e-46
0
0
DERIV 29
3.495149559657269362e-31
2.0887540690446987151e-47
0
0
DERIV 30
-1.2100759345029194394e-32
2.2880944411018031842e-49
0
0
DERIV 31
4.048716179957254643e-34
1.1888275299997455765e-50
0
0
DERIV 32
-1.3106130010792122313e-35
-2.527150681206618280e-53
0
0
DERIV 33
4.109097563399340844e-37
-3.756752904833273627e-53
0
0
DERIV 34
-1.2490119347275869278e-38
5.155602005783087896e-55
0
0
DERIV 35
3.684187893065756656e-40
-1.0914422439066180890e-56
0
0
AT 35/16
0.3576275885335956639
-2.9045438819812050283e-18
0
0
DERIV 1
-0.24543069801325193002
5.802903238798912876e-18
0
0
DERIV 2
0.06661690374645409807
-4.350631297808310747e-18
0
0
DERIV 3
-0.003506152828760741684
-9.057372990055338229e-20
0
0
DERIV 4
-0.003798332231157470085
-1.7040168555796645875e-19
0
0
DERIV 5
0.0016946405339010252485
-5.741489998004627766e-20
0
0
DERIV 6
-0.0004382691035950927105
-1.1321716237569172786e-20
0
0
DERIV 7
8.487115974381161088e-5
-4.433220608072623972e-21
0
0
DERIV 8
-1.3391555943183388339e-5
-3.835872382481380484e-22
0
0
DERIV 9
1.7971352131544806614e-6
7.622803800718098864e-23
0
0
DERIV 10
-2.1063197659552517015e-7
8.427644531454164435e-24
0
0
DERIV 11
2.1959130170509294041e-8
1.3842342308108092410e-24
0
0
DERIV 12
-2.064158236027873789e-9
1.8774492563328917139e-26
0
0
DERIV 13
1.7679915060358765712e-10
3.482834671533662501e-27
0
0
DERIV 14
-1.3915492745414315543e-11
1.2719753272522909284e-28
0
0
DERIV 15
1.0134983155619674743e-12
6.845080309982103596e-30
0
0
DERIV 16
-6.870606967268629293e-14
5.345988299449750125e-30
0
0
DERIV 17
4.356970271926447463e-15
4.194820353187033826e-32
0
0
DERIV 18
-2.595781685386043618e-16
2.3305379852898664798e-32
0
0
DERIV 19
1.4584338583226049588e-17
-8.098545253695472079e-34
0
0
DERIV 20
-7.753334147999618801e-19
-1.6310885665322736373e-36
0
0
DERIV 21
3.911666192564863574e-20
-1.2409550991664473163e-36
0
0
DERIV 22
-1.8778493205135946308e-21
-1.0348811510719171826e-37
0
0
DERIV 23
8.598558928250896059e-23
-4.893454532483684906e-40
0
0
DERIV 24
-3.763564830583002905e-24
3.1343800722736990592e-40
0
0
DERIV 25
1.5777587097579193962e-25
8.422374604086210458e-43
0
0
DERIV 26
-6.346505720317837659e-27
7.112371606678556002e-44
0
0
DERIV 27
2.453595818813897614e-28
2.2190601436754045148e-45
0
0
DERIV 28
-9.130835583700013016e-30
2.5158759057022865102e-46
0
0
DERIV 29
3.275458261155307145e-31
1.3568170983652371313e-47
0
0
DERIV 30
-1.1341175093104332983e-32
2.6910590429360202316e-49
0
0
DERIV 31
3.794889026566981205e-34
-1.8616018264990004360e-50
0
0
DERIV 32
-1.2285420233478780564e-35
7.197885954535058055e-52
0
0
DERIV 33
3.852064320889619048e-37
3.474990643766887320e-53
0
0
DERIV 34
-1.1709629486981023313e-38
-5.723815941115301514e-57
0
0
DERIV 35
3.4541880086197279169e-40
2.0202342886482150487e-56
0
0
AT 9/4
0.3425474798260590981
-3.517072038728664828e-18
0
0
DERIV 1
-0.23714825526419475166
-6.105281085689051524e-18
0
0
DERIV 2
0.06587451535116521650
-6.013970702761072817e-18
0
0
DERIV 3
-0.004391634356744347767
4.009313801840715307e-19
0
0
DERIV 4
-0.003293725767558260391
-1.3298233385614813758e-19
0
0
DERIV 5
0.0015370720248605216317
-5.358980926558467502e-20
0
0
DERIV 6
-0.0004025664827015651686
-6.616043715880288296e-21
0
0
DERIV 7
7.842204208472049003e-5
-1.3512630078289319107e-21
0
0
DERIV 8
-1.2416823330080744255e-5
2.139499762395808592e-22
0
0
DERIV 9
1.6700990443968252271e-6
-5.248204409663353507e-24
0
0
DERIV 10
-1.9605510521180122507e-7
3.378157519572329395e-24
0
0
DERIV 11
2.0463664180356355656e-8
8.171480611633986754e-25
0
0
DERIV 12
-1.925344748151807771e-9
3.874518739795291943e-26
0
0
DERIV 13
1.6502954984158352253e-10
-2.5824619443307611899e-27
0
0
DERIV 14
-1.2996832679831668581e-11
-5.718644056293899239e-28
0
0
DERIV 15
9.470560247319201066e-13
-2.877637376147124616e-29
0
0
DERIV 16
-6.422853359219139424e-14
5.979815076973030032e-30
0
0
DERIV 17
4.074474449331633760e-15
-1.3367633774376410483e-31
0
0
DERIV 18
-2.428222146571377446e-16
-1.6934342789166198213e-32
0
0
DERIV 19
1.3646565141302122354e-17
-1.6021254619977568638e-34
0
0
DERIV 20
-7.256506860851128871e-19
4.031236780844402920e-35
0
0
DERIV 21
3.661776738595807648e-20
-1.0504022507968729607e-36
0
0
DERIV 22
-1.7582154634742994370e-21
4.080271518517297840e-38
0
0
DERIV 23
8.052117195041718861e-23
1.1297163153561737148e-39
0
0
DERIV 24
-3.524924721458136750e-24
2.7913794924116557123e-40
0
0
DERIV 25
1.4779202446595559778e-25
3.642870703037130873e-42
0
0
DERIV 26
-5.945656156676374813e-27
4.312233626734584314e-44
0
0
DERIV 27
2.298890251869172342e-28
-1.6815266242517296182e-44
0
0
DERIV 28
-8.556020110340151848e-30
-2.2759103541240274322e-46
0
0
DERIV 29
3.069557893991764920e-31
-1.5583438438637024945e-47
0
0
DERIV 30
-1.0629213419324234572e-32
5.989647100854909186e-49
0
0
DERIV 31
3.556957158712662031e-34
-7.447821788160473057e-51
0
0
DERIV 32
-1.1516049359570836456e-35
-3.969608582544277886e-52
0
0
DERIV 33
3.611093211565031649e-37
1.9721473031277435125e-53
0
0
DERIV 34
-1.0977866164668782005e-38
7.073043847085079859e-56
0
0
DERIV 35
3.2385342692518822168e-40
2.621709946091141741e-57
0
0
AT 37/16
0.3279819152051746123
1.3433926840586733796e-17
0
0
DERIV 1
-0.22896850684134831266
-1.0949472074501809584e-17
0
0
DERIV 2
0.06497754923876100652
4.232508654208441915e-18
0
0
DERIV 3
-0.005156948352282619483
-4.185192650630576839e-19
0
0
DERIV 4
-0.002836321593755440802
-1.4344942198584134976e-19
0
0
DERIV 5
0.0013923760551163074251
-5.179852865077110317e-20
0
0
DERIV 6
-0.0003695812985802544447
1.8433816374833400142e-20
0
0
DERIV 7
7.244284590111299917e-5
-5.324223249321545218e-21
0
0
DERIV 8
-1.1511045429202277325e-5
7.598711064214184017e-22
0
0
DERIV 9
1.5518594578628253634e-6
6.978815011304243802e-23
0
0
DERIV 10
-1.8247138680365090136e-7
-1.2248186348222951874e-24
0
0
DERIV 11
1.9068802529183569070e-8
1.8984246897859706332e-25
0
0
DERIV 12
-1.7957747639271789255e-9
-2.2361482444748790046e-26
0
0
DERIV 13
1.5403712695556876351e-10
-1.0370005417423504842e-26
0
0
DERIV 14
-1.2138409543503343580e-11
-5.616573481980347594e-28
0
0
DERIV 15
8.849444774405947030e-13
-2.2865203660610060068e-29
0
0
DERIV 16
-6.004135324881040713e-14
6.039841040637147891e-30
0
0
DERIV 17
3.810216273975507620e-15
3.015653677608275466e-31
0
0
DERIV 18
-2.271437910665257315e-16
1.8293550899927424866e-32
0
0
DERIV 19
1.2768889486606484994e-17
-3.296024111924886098e-34
0
0
DERIV 20
-6.791421300645281836e-19
1.5228737872922519846e-35
0
0
DERIV 21
3.427808503803486245e-20
-3.789916242862140631e-37
0
0
DERIV 22
-1.6461849383829785064e-21
6.744096086669299109e-38
0
0
DERIV 23
7.540326531781855748e-23
-1.6772312542120400847e-39
0
0
DERIV 24
-3.3013863518780347284e-24
7.615538310629302208e-41
0
0
DERIV 25
1.3843879928721183506e-25
1.0784397519408609829e-41
0
0
DERIV 26
-5.570082480742396281e-27
-8.798097537143571351e-44
0
0
DERIV 27
2.153924354863144959e-28
-1.5360719355627002046e-44
0
0
DERIV 28
-8.017339994072203139e-30
-9.784610951171139080e-48
0
0
DERIV 29
2.876583795341488891e-31
-2.6269213784352622008e-48
0
0
DERIV 30
-9.961891975756818721e-33
2.593515710409369339e-50
0
0
DERIV 31
3.333926225927529329e-34
8.232800212749259022e-51
0
0
DERIV 32
-1.0794809097776071822e-35
-4.113670002118168419e-52
0
0
DERIV 33
3.385181436220792650e-37
-2.0830286790318099236e-53
0
0
DERIV 34
-1.0291790001141852397e-38
4.543817953942068428e-55
0
0
DERIV 35
3.0363325752568627885e-40
1.3542108303660599742e-56
0
0
AT 19/8
0.3139239010859892764
-8.837296578181874367e-18
0
0
DERIV 1
-0.22090941187532578405
3.1348854866136624559e-18
0
0
DERIV 2
0.06394746133233114582
1.2837628024772751128e-18
0
0
DERIV 3
-0.005813405575666468275
3.564006932230132926e-19
0
0
DERIV 4
-0.002422252323194361637
3.939999178188277705e-21
0
0
DERIV 5
0.0012595712080610680685
-1.9396034332425976915e-20
0
0
DERIV 6
-0.0003391153252472106422
1.3562025954772412508e-20
0
0
DERIV 7
6.690030225965380218e-5
-4.703771089264718962e-21
0
0
DERIV 8
-1.0669444756927545979e-5
6.917543239083008487e-22
0
0
DERIV 9
1.4418168590442629415e-6
-6.486433609388186158e-23
0
0
DERIV 10
-1.6981398562076872821e-7
-1.0595159696778436379e-23
0
0
DERIV 11
1.7767844121555561410e-8
1.3128966547360559439e-24
0
0
DERIV 12
-1.6748377655564669898e-9
1.1846727226195992537e-26
0
0
DERIV 13
1.4377091187051053096e-10
1.2296791635805179688e-26
0
0
DERIV 14
-1.1336296390531907353e-11
-4.640595043189128293e-29
0
0
DERIV 15
8.268827955446803232e-13
-1.8710625299675987277e-29
0
0
DERIV 16
-5.612578114920208972e-14
-8.336202396839381645e-31
0
0
DERIV 17
3.563022798638921040e-15
2.596691982964499523e-31
0
0
DERIV 18
-2.1247383661608246857e-16
5.774579084034839114e-33
0
0
DERIV 19
1.1947471694561542738e-17
-7.454133902378751895e-34
0
0
DERIV 20
-6.356054941506740254e-19
-8.569293446801424010e-36
0
0
DERIV 21
3.208749540825100026e-20
-1.7653531406141474059e-36
0
0
DERIV 22
-1.5412755692551252964e-21
-3.428424463278132513e-38
0
0
DERIV 23
7.060993999797334885e-23
3.031874041975375698e-39
0
0
DERIV 24
-3.0919957801660306493e-24
1.1290939075016305858e-40
0
0
DERIV 25
1.2967642908332686318e-25
-6.739034970666041118e-42
0
0
DERIV 26
-5.218193344615864969e-27
-8.579833780498537805e-44
0
0
DERIV 27
2.0180858238845887808e-28
-8.573514235182438176e-45
0
0
DERIV 28
-7.512526593069992241e-30
3.1068419377788100028e-46
0
0
DERIV 29
2.695725453490895174e-31
-1.1730849567169095503e-47
0
0
DERIV 30
-9.336414985261148247e-33
-4.842094438251924883e-49
0
0
DERIV 31
3.124864018995477613e-34
2.6120545591636589211e-52
0
0
DERIV 32
-1.0118691464224609358e-35
-2.4111728002506590669e-54
0
0
DERIV 33
3.173388748208591354e-37
-8.959817123127848582e-54
0
0
DERIV 34
-9.648551046303113645e-39
4.687129558462602489e-55
0
0
DERIV 35
2.8467445069559040275e-40
-8.150354896404065603e-57
0
0
AT 39/16
0.3003654025467575872
-1.7816698735184075499e-17
0
0
DERIV 1
-0.21298637635133718660
1.0267820275038899949e-18
0
0
DERIV 2
0.06280367507795840687
-5.996220467726308808e-18
0
0
DERIV 3
-0.006371387326749402766
-2.213381367123257130e-19
0
0
DERIV 4
-0.002047945926455165423
1.7667323833915345946e-19
0
0
DERIV 5
0.0011377477369195361772
7.050187219821542913e-20
0
0
DERIV 6
-0.0003109843814246732478
6.750340405473222574e-21
0
0
DERIV 7
6.176344857563197328e-5
-5.543360000007307811e-21
0
0
DERIV 8
-9.887569618467398398e-6
5.525113954080466352e-23
0
0
DERIV 9
1.3394120183312000623e-6
1.7655694143572665073e-23
0
0
DERIV 10
-1.5802051901660225424e-7
-2.3803884057214593782e-24
0
0
DERIV 11
1.6554530563644046502e-8
-5.699286785007507259e-25
0
0
DERIV 12
-1.5619632832088391325e-9
8.795527941307473636e-26
0
0
DERIV 13
1.3418325790620570838e-10
4.040712054734966650e-27
0
0
DERIV 14
-1.0586821001936865306e-11
4.021435036539846932e-29
0
0
DERIV 15
7.726082388001262462e-13
1.5786278990334261029e-29
0
0
DERIV 16
-5.246427567527884242e-14
-1.7201188508630701647e-30
0
0
DERIV 17
3.3317962603264587526e-15
-1.1089057140501859480e-31
0
0
DERIV 18
-1.9874770318895669529e-16
-3.0035835826373151900e-33
0
0
DERIV 19
1.1178716533555504493e-17
-1.1644855013357469896e-34
0
0
DERIV 20
-5.948513818056643837e-19
-5.792161142692171317e-36
0
0
DERIV 21
3.003652080635969607e-20
-2.7249064549020148121e-36
0
0
DERIV 22
-1.4430356971026899536e-21
5.996388950616087024e-38
0
0
DERIV 23
6.612065190940447507e-23
-4.754056733423543433e-39
0
0
DERIV 24
-2.8958592223368040540e-24
1.7574142538614497880e-40
0
0
DERIV 25
1.2146765127127019217e-25
9.048352302603001578e-43
0
0
DERIV 26
-4.888497448041086135e-27
3.2671624707132468708e-43
0
0
DERIV 27
1.8908007981035081705e-28
-6.582594051117545234e-45
0
0
DERIV 28
-7.039453520790817457e-30
5.284949656563660697e-47
0
0
DERIV 29
2.526223120122351774e-31
1.4750749092346329121e-49
0
0
DERIV 30
-8.750161581515888509e-33
1.2760973096352902694e-49
0
0
DERIV 31
2.928896590093743389e-34
-1.0506716317594688898e-50
0
0
DERIV 32
-9.484876287364233428e-36
-4.203694528478943757e-52
0
0
DERIV 33
2.974833554753187973e-37
-1.1397524466709936936e-53
0
0
DERIV 34
-9.045476982180753533e-39
-4.972412453319595060e-55
0
0
DERIV 35
2.6689838597728780259e-40
2.554747079699762801e-57
0
0
AT 5/2
0.2872974951836457791
4.000110380350934560e-18
0
0
DERIV 1
-0.20521249655974699300
5.072942761357593020e-18
0
0
DERIV 2
0.06156374896792409651
-1.3410404762583233164e-19
0
0
DERIV 3
-0.006840416551991566375
1.1127397617935953407e-19
0
0
DERIV 4
-0.0017101041379978915939
2.781849404483988352e-20
0
0
DERIV 5
0.0010260624827987349129
2.6676990472516244842e-20
0
0
DERIV 6
-0.0002850173563329819323
4.636415674139980586e-21
0
0
DERIV 7
5.700347126659638782e-5
-2.2825358504348765845e-21
0
0
DERIV 8
-9.161272167845848163e-6
4.878408255705052071e-22
0
0
DERIV 9
1.2441233808185719832e-6
-7.670718553740565685e-23
0
0
DERIV 10
-1.4703276318764940705e-7
-7.871102616552869490e-26
0
0
DERIV 11
1.5423017117585600773e-8
1.3733936360489332926e-24
0
0
DERIV 12
-1.4566182833275290952e-9
3.558588617810758170e-27
0
0
DERIV 13
1.2522962616843009701e-10
5.893233962907455380e-27
0
0
DERIV 14
-9.886549434349745436e-12
4.700846067609353002e-28
0
0
DERIV 15
7.218750380636322186e-13
-4.650465205871908978e-29
0
0
DERIV 16
-4.904042378149674795e-14
-2.8772174120499782444e-30
0
0
DERIV 17
3.1155092755303817019e-15
1.1503869902301761348e-31
0
0
DERIV 18
-1.8590487446580467778e-16
1.4543001390744340918e-33
0
0
DERIV 19
1.0459257910054346106e-17
4.746365568695834983e-34
0
0
DERIV 20
-5.567024371480539790e-19
4.804667792071372843e-35
0
0
DERIV 21
2.811628470444716585e-20
2.3760663173437395225e-36
0
0
DERIV 22
-1.3510422520318769629e-21
4.801307284369021209e-38
0
0
DERIV 23
6.191615491097908798e-23
-4.921543727407549336e-39
0
0
DERIV 24
-2.7121392642629728079e-24
1.5278693940448200519e-40
0
0
DERIV 25
1.1377754962273934498e-25
-4.326500593872614914e-42
0
0
DERIV 26
-4.579597256729221866e-27
-2.5325495458209332029e-43
0
0
DERIV 27
1.7715314491051311288e-28
6.142937720475198898e-45
0
0
DERIV 28
-6.596127736029743356e-30
-4.374304310873471343e-46
0
0
DERIV 29
2.367364634324538669e-31
-8.029410494272487654e-48
0
0
DERIV 30
-8.200674877071930883e-33
-1.7622003518934500280e-49
0
0
DERIV 31
2.745204614966257925e-34
1.8991182180301866849e-50
0
0
DERIV 32
-8.890719491652086224e-36
2.8396552505532582594e-52
0
0
DERIV 33
2.788689261071095737e-37
-2.0007942730387827704e-53
0
0
DERIV 34
-8.480062060086581879e-39
2.3758713718934480427e-55
0
0
DERIV 35
2.5023133947796470986e-40
-5.673615427718673595e-57
0
0
AT 41/16
0.2747105023871282969
-9.257018814298097780e-18
0
0
DERIV 1
-0.19759878241881156935
-6.001880607370696760e-18
0
0
DERIV 2
0.06024353122524743476
-3.2473977932947107200e-18
0
0
DERIV 3
-0.007229223747029691477
-3.042016551953575340e-19
0
0
DERIV 4
-0.0014056823952557733187
-8.324370345433073416e-20
0
0
DERIV 5
0.0009237341454537939230
2.6823520691790082891e-20
0
0
DERIV 6
-0.0002610553019760721862
-1.7008405173640713764e-20
0
0
DERIV 7
5.259355900616839063e-5
1.9621345547480200665e-21
0
0
DERIV 8
-8.486687930540808133e-6
-6.708309447315925049e-22
0
0
DERIV 9
1.1554645539233964055e-6
9.829298147845637311e-23
0
0
DERIV 10
-1.3679637822311474924e-7
-9.263832509596149108e-24
0
0
DERIV 11
1.4367845550353624259e-8
-2.1380340384185327824e-26
0
0
DERIV 12
-1.3583047263989770798e-9
-1.4542981256674698033e-27
0
0
DERIV 13
1.1686838386680658003e-10
-4.941648186877070973e-27
0
0
DERIV 14
-9.232270627131834832e-12
3.766199994316005060e-28
0
0
DERIV 15
6.744533032994514090e-13
-2.956931891627371371e-29
0
0
DERIV 16
-4.583886863271544260e-14
-2.9217949265119298586e-30
0
0
DERIV 17
2.9132003417185398165e-15
1.7402981493911153408e-31
0
0
DERIV 18
-1.7388870256769579132e-16
-6.565825653240515071e-33
0
0
DERIV 19
9.785944300346517402e-18
-6.376476354539021030e-34
0
0
DERIV 20
-5.209925811722943236e-19
1.0087938365967090925e-35
0
0
DERIV 21
2.6318473682250609126e-20
-1.3037950200682588209e-37
0
0
DERIV 22
-1.2648989469312365701e-21
6.736586360025353762e-38
0
0
DERIV 23
5.797841893818932700e-23
-4.624527409207448813e-39
0
0
DERIV 24
-2.5400513120026672132e-24
-4.544254283685248871e-41
0
0
DERIV 25
1.0657340672989783541e-25
7.975647583167603783e-42
0
0
DERIV 26
-4.290183114603423019e-27
7.893895173018631398e-44
0
0
DERIV 27
1.6597737212176659951e-28
-4.816541604855879287e-45
0
0
DERIV 28
-6.180681190439118287e-30
3.3230055310617992201e-46
0
0
DERIV 29
2.218482445108670053e-31
3.076114875228820357e-48
0
0
DERIV 30
-7.685651714012837209e-33
-1.8121113646564692441e-49
0
0
DERIV 31
2.573019982041970288e-34
-1.9168122669467031477e-51
0
0
DERIV 32
-8.333742111539695891e-36
4.381863391884247825e-53
0
0
DERIV 33
2.614180842181283069e-37
1.4345651474142006006e-53
0
0
DERIV 34
-7.949956726253808899e-39
2.0347169644376961648e-55
0
0
DERIV 35
2.3460417913204259972e-40
-1.9843708995562497580e-56
0
0
AT 21/8
0.2625941192491615395
1.2962086470589043126e-17
0
0
DERIV 1
-0.19015436221491008317
-6.515072035706315826e-18
0
0
DERIV 2
0.05885730259032931344
3.402880041179437123e-20
0
0
DERIV 3
-0.007545808024401193942
-9.332284497468169686e-20
0
0
DERIV 4
-0.0011318712036601790046
-1.0073460054504261406e-19
0
0
DERIV 5
0.0008300388826841313640
-2.0092147882379138581e-20
0
0
DERIV 6
-0.00023895058743937113463
-9.821837183273114928e-21
0
0
DERIV 7
4.850876587115053303e-5
5.783148859448724344e-23
0
0
DERIV 8
-7.860216692084576797e-6
-3.230867494497735372e-22
0
0
DERIV 9
1.0729819611417042014e-6
-2.3120931603229356809e-23
0
0
DERIV 10
-1.2726065120517887705e-7
9.390473741274327573e-24
0
0
DERIV 11
1.3383918754198847218e-8
-1.7367959466294837794e-25
0
0
DERIV 12
-1.2665572832363316349e-9
6.433748299024247820e-26
0
0
DERIV 13
1.0906061566328916802e-10
2.8143435439543390360e-27
0
0
DERIV 14
-8.620982000050477232e-12
-8.091095031436950268e-29
0
0
DERIV 15
6.301280016101151590e-13
5.027773623980882451e-29
0
0
DERIV 16
-4.284524186772074268e-14
-3.0025073575077862260e-30
0
0
DERIV 17
2.7239696255770170760e-15
2.918079319791090072e-32
0
0
DERIV 18
-1.6264616144411058155e-16
6.730928742990616326e-33
0
0
DERIV 19
9.155825106464805247e-18
5.666972123344534021e-34
0
0
DERIV 20
-4.875662963198737768e-19
-2.876856134793348809e-35
0
0
DERIV 21
2.4635301776976537875e-20
1.1899662059903438808e-36
0
0
DERIV 22
-1.1842345850933783763e-21
-5.486528012674330473e-38
0
0
DERIV 23
5.429055329472748896e-23
4.928142329000854035e-39
0
0
DERIV 24
-2.3788602653334894893e-24
-1.6221859139444902420e-40
0
0
DERIV 25
9.982456573546667969e-26
2.6210885195347033019e-42
0
0
DERIV 26
-4.019027725292068282e-27
-1.2424668542282757773e-43
0
0
DERIV 27
1.5550552133863372935e-28
-4.558952083070583986e-45
0
0
DERIV 28
-5.791362998669514097e-30
-9.944816633155118518e-47
0
0
DERIV 29
2.078950820035210119e-31
1.0531513085310383837e-47
0
0
DERIV 30
-7.202933054637591509e-33
-5.657715116948393215e-49
0
0
DERIV 31
2.411622594351983898e-34
-4.813609842184371366e-52
0
0
DERIV 32
-7.811619990266842844e-36
4.000083973508643817e-53
0
0
DERIV 33
2.450581628237495785e-37
-4.499486239506903651e-54
0
0
DERIV 34
-7.452957893137815460e-39
-1.1992247416001982691e-55
0
0
DERIV 35
2.1995207891564863575e-40
7.480810431335379228e-57
0
0
AT 43/16
0.2509375242172250942
-4.562507536987600510e-18
0
0
DERIV 1
-0.18288667019221488408
-1.1728654162875566409e-17
0
0
DERIV 2
0.05741790808360235088
1.3212012355490973984e-19
0
0
DERIV 3
-0.007797493690365751504
1.3197213546584744033e-19
0
0
DERIV 4
-0.0008860788284506535602
-4.715933196799235468e-21
0
0
DERIV 5
0.0007443062158985489559
3.865585340484750104e-20
0
0
DERIV 6
-0.00021856611101782788651
7.148953133845056589e-21
0
0
DERIV 7
4.472588372179489590e-5
-1.6722186282550701964e-21
0
0
DERIV 8
-7.278504662273225761e-6
4.838536617244860471e-23
0
0
DERIV 9
9.962526510357877494e-7
-1.1055737847398724077e-23
0
0
DERIV 10
-1.1837825618189948353e-7
-6.793369081427407272e-25
0
0
DERIV 11
1.2466477023656381612e-8
-2.873255058486576928e-25
0
0
DERIV 12
-1.1809411995344007416e-9
-5.349676042869894078e-26
0
0
DERIV 13
1.0176994721262331550e-10
3.444051220808639936e-27
0
0
DERIV 14
-8.049875977987942097e-12
-1.9806907314464662430e-28
0
0
DERIV 15
5.886980008144717603e-13
-2.0764122420614584259e-29
0
0
DERIV 16
-4.004610019352587418e-14
-3.657292377146725618e-31
0
0
DERIV 17
2.5469750197733684784e-15
7.296207185274970000e-32
0
0
DERIV 18
-1.5212761594368842074e-16
1.7889684635362667164e-33
0
0
DERIV 19
8.566137877776066245e-18
-3.656110669473011552e-34
0
0
DERIV 20
-4.562779563468475983e-19
7.525758808953801886e-36
0
0
DERIV 21
2.3059477085947232412e-20
3.257216369135010100e-37
0
0
DERIV 22
-1.1087014745950999281e-21
-3.775862691924139475e-38
0
0
DERIV 23
5.083673477517226264e-23
1.7103956664114728511e-39
0
0
DERIV 24
-2.2278774004761306380e-24
-1.4866281886678699746e-40
0
0
DERIV 25
9.350230074613669237e-26
-3.355425916004975080e-42
0
0
DERIV 26
-3.764980979739544126e-27
2.764423408240663957e-44
0
0
DERIV 27
1.4569331937367464707e-28
2.6682111009422160844e-45
0
0
DERIV 28
-5.426532098464136136e-30
-8.998881901223523601e-47
0
0
DERIV 29
1.9481832283290269107e-31
-7.649988091436635020e-48
0
0
DERIV 30
-6.750494972234735522e-33
5.662465084695906893e-49
0
0
DERIV 31
2.260337370980445329e-34
-1.7280369653829921231e-51
0
0
DERIV 32
-7.322174120810510325e-36
2.7004413763027421521e-52
0
0
DERIV 33
2.297210290093069089e-37
1.5642413520977075086e-53
0
0
DERIV 34
-6.986999816224373942e-39
5.304056232435024962e-55
0
0
DERIV 35
2.0621425083525247340e-40
2.0222774985796319523e-56
0
0
AT 11/4
0.23972947952515338832
9.314532123898837926e-18
0
0
DERIV 1
-0.17580161831844581810
-6.830656890859147402e-18
0
0
DERIV 2
0.05593687855586912394
2.1733908289097288237e-18
0
0
DERIV 3
-0.007990982650838446277
-3.104844041299612193e-19
0
0
DERIV 4
-0.0006659152209032039287
4.640644448820352532e-20
0
0
DERIV 5
0.0006659152209032039287
-4.640644448820352532e-20
0
0
DERIV 6
-0.00019977456627096116778
3.0799116216060134823e-21
0
0
DERIV 7
4.122332319876976424e-5
-9.773862207470094870e-23
0
0
DERIV 8
-6.738427830568134735e-6
2.1144564720551080968e-22
0
0
DERIV 9
9.248822512544498822e-7
-4.563044073907600025e-23
0
0
DERIV 10
-1.1010502991124403170e-7
3.541496783102127144e-24
0
0
DERIV 11
1.1611075881549370742e-8
-4.997999724988685390e-25
0
0
DERIV 12
-1.1010502991124403005e-9
1.8871355579960717599e-26
0
0
DERIV 13
9.496238010993074428e-11
2.6203779267420571527e-27
0
0
DERIV 14
-7.516327383218456855e-12
5.458267229837213088e-29
0
0
DERIV 15
5.499751743818382819e-13
2.0633998580189724221e-29
0
0
DERIV 16
-3.742886603431955170e-14
5.591289051760508467e-31
0
0
DERIV 17
2.3814284511631888234e-15
-9.523657743487928136e-32
0
0
DERIV 18
-1.4228660557264336140e-16
9.721364598260535568e-33
0
0
DERIV 19
8.014296343426818161e-18
3.544122135727731582e-34
0
0
DERIV 20
-4.269911986251993606e-19
1.3479319653859082034e-35
0
0
DERIV 21
2.1584170479955130637e-20
1.1969385951276417538e-36
0
0
DERIV 22
-1.0379739427119397427e-21
-6.226846053841722880e-38
0
0
DERIV 23
4.760214031496091114e-23
-2.8747765336642621023e-39
0
0
DERIV 24
-2.0864574488700399125e-24
1.0215143997346832410e-40
0
0
DERIV 25
8.757969538466833268e-26
5.037432839378832470e-42
0
0
DERIV 26
-3.526965108251349059e-27
-2.8857114639392439904e-43
0
0
DERIV 27
1.3649927385242426223e-28
-5.346506822739845921e-45
0
0
DERIV 28
-5.084650370078783655e-30
-1.0757640662802638243e-46
0
0
DERIV 29
1.8256298875860544949e-31
1.0875532176503192360e-47
0
0
DERIV 30
-6.326440204506130481e-33
6.664031021080549169e-49
0
0
DERIV 31
2.118531435610347534e-34
8.400873777373538826e-51
0
0
DERIV 32
-6.863361588989944903e-36
-7.599511784965818386e-53
0
0
DERIV 33
2.153428012635622415e-37
-9.677176146047257671e-54
0
0
DERIV 34
-6.550145538685528545e-39
6.276722427272544615e-55
0
0
DERIV 35
1.9333369358575939724e-40
-1.3615022986814996604e-56
0
0
AT 45/16
0.22895842135086152958
2.9638975743501955391e-18
0
0
DERIV 1
-0.16890375345555358466
-4.916538435074299715e-18
0
0
DERIV 2
0.05442454278012281987
3.4345896478992019458e-18
0
0
DERIV 3
-0.008132402944156284785
8.426612752153247492e-19
0
0
DERIV 4
-0.0004691770929320933196
1.5255006724407063877e-20
0
0
DERIV 5
0.0005942909843806515671
-4.823506645052906421e-20
0
0
DERIV 6
-0.00018245775836248074144
1.1955848017744437527e-20
0
0
DERIV 7
3.798100276116946121e-5
-3.2355402673954907839e-21
0
0
DERIV 8
-6.237076433819494557e-6
2.323736605658790032e-22
0
0
DERIV 9
8.585030580547562265e-7
4.035685399109205940e-23
0
0
DERIV 10
-1.0239976234629020408e-7
-1.2418231683470633605e-24
0
0
DERIV 11
1.0813565353373162801e-8
-6.223631802504050682e-25
0
0
DERIV 12
-1.0265051168781769208e-9
-6.859412598622596403e-26
0
0
DERIV 13
8.860613751091722151e-11
-6.335906782100758624e-27
0
0
DERIV 14
-7.017881639591596575e-12
-1.5602974378989413747e-28
0
0
DERIV 15
5.137835637983213582e-13
3.847338340782032025e-29
0
0
DERIV 16
-3.498177197649185282e-14
-2.0554199129302827436e-30
0
0
DERIV 17
2.2265924244463893628e-15
1.9317501019493055101e-31
0
0
DERIV 18
-1.3307964200877577225e-16
-1.2168854668223346286e-32
0
0
DERIV 19
7.497879204296897126e-18
-3.921615648956084397e-34
0
0
DERIV 20
-3.995783361960691879e-19
-2.226791621146263659e-37
0
0
DERIV 21
2.0202986294156836034e-20
-8.219741001663342556e-37
0
0
DERIV 22
-9.717469440660561014e-22
6.055139374104825049e-38
0
0
DERIV 23
4.457288388290440770e-23
5.639477283568218054e-40
0
0
DERIV 24
-1.9539958596875845907e-24
-8.215704160630794881e-41
0
0
DERIV 25
8.203152897016609464e-26
-1.2550117639394082710e-42
0
0
DERIV 26
-3.303970136647261871e-27
3.3772918527945570579e-43
0
0
DERIV 27
1.2788449876850642296e-28
-3.682893601030883535e-45
0
0
DERIV 28
-4.764276186312281772e-30
-1.1693939961388172702e-46
0
0
DERIV 29
1.7107754638544503297e-31
-3.426582549604280574e-49
0
0
DERIV 30
-5.928990234532792952e-33
-1.5575755446010008066e-49
0
0
DERIV 31
1.985611480500242414e-34
1.0049459827607131202e-50
0
0
DERIV 32
-6.433267081218458149e-36
3.122615045044737960e-54
0
0
DERIV 33
2.018635844204139004e-37
-8.440269730533992649e-54
0
0
DERIV 34
-6.140578868564045005e-39
-2.0419015061463828117e-55
0
0
DERIV 35
1.8125695684196738058e-40
-5.684859473658852835e-58
0
0
AT 23/8
0.21861254057713722099
3.699434112053341390e-18
0
0
DERIV 1
-0.16219640107335986379
-1.2593494075778867463e-17
0
0
DERIV 2
0.05289013078479126717
-3.1340107880622596025e-18
0
0
DERIV 3
-0.008227353677634196769
1.4056809405876787883e-19
0
0
DERIV 4
-0.0002938340599155069965
-2.5956915854629845299e-20
0
0
DERIV 5
0.0005289013078479126587
-1.8329681810796545706e-20
0
0
DERIV 6
-0.00016650596728545397009
-9.287908121862723399e-21
0
0
DERIV 7
3.498024522803654720e-5
3.0901090303130768571e-21
0
0
DERIV 8
-5.771740462626030796e-6
-1.6482216490774735358e-24
0
0
DERIV 9
7.967722524163881325e-7
-4.255190949899774074e-23
0
0
DERIV 10
-9.522400089854393863e-8
-3.823868340447026914e-24
0
0
DERIV 11
1.0070070595949916444e-8
-4.519597150261760721e-25
0
0
DERIV 12
-9.569511531238956048e-10
7.922923955159689835e-26
0
0
DERIV 13
8.267151973733061474e-11
4.626968421407360339e-27
0
0
DERIV 14
-6.552243736520333099e-12
2.529605815576473841e-28
0
0
DERIV 15
4.799585946916128539e-13
4.823257020871388487e-30
0
0
DERIV 16
-3.269380876761688717e-14
2.599371370570426277e-32
0
0
DERIV 17
2.0817767862945864815e-15
2.561293611794950093e-32
0
0
DERIV 18
-1.2446601949803612672e-16
2.2251250611961973628e-33
0
0
DERIV 19
7.014619636358812290e-18
5.018025545928343838e-34
0
0
DERIV 20
-3.739198070621019867e-19
-1.7517248837844505817e-35
0
0
DERIV 21
1.8909934871726826641e-20
4.448817542107751111e-37
0
0
DERIV 22
-9.097347566026509616e-22
2.352657427145491690e-38
0
0
DERIV 23
4.173595734938698401e-23
5.596650278233986169e-40
0
0
DERIV 24
-1.8299262345455620680e-24
-1.6379251418498427531e-40
0
0
DERIV 25
7.683416984800000312e-26
1.1503665494674652400e-42
0
0
DERIV 26
-3.0950496274683661378e-27
1.2279241892324674939e-44
0
0
DERIV 27
1.1981255096916670703e-28
8.438546466916587934e-45
0
0
DERIV 28
-4.464058366225709676e-30
7.510753751280083823e-48
0
0
DERIV 29
1.6031369155107514644e-31
8.719977037815913316e-48
0
0
DERIV 30
-5.556477866363964435e-33
-3.1312787171123574752e-49
0
0
DERIV 31
1.8610212949544380566e-34
-1.0280740608665432096e-50
0
0
DERIV 32
-6.030094921727368885e-36
-6.368376198851686294e-52
0
0
DERIV 33
1.892272211127915358e-37
-7.350828921128865382e-54
0
0
DERIV 34
-5.756596855362630237e-39
-2.0387316951517012546e-55
0
0
DERIV 35
1.6993392021165322565e-40
2.5419481038777702773e-57
0
0
AT 47/16
0.20867985496321347916
-5.745611786534210536e-18
0
0
DERIV 1
-0.15568179655985767140
7.618912546361361196e-19
0
0
DERIV 2
0.05134186907825093182
2.1109146386309691482e-18
0
0
DERIV 3
-0.008280946625524344962
7.787063331090741034e-19
0
0
DERIV 4
-0.00013801577709207239796
-5.091597322940506111e-21
0
0
DERIV 5
0.0004692536421130461531
1.7311430897997720177e-20
0
0
DERIV 6
-0.00015181735480127963775
-5.600757055234556572e-21
0
0
DERIV 7
3.220368132148356178e-5
-1.0707151506586828491e-21
0
0
DERIV 8
-5.339896137490896430e-6
-1.1632652049431239983e-22
0
0
DERIV 9
7.393702344218164630e-7
-1.8100350801441952313e-23
0
0
DERIV 10
-8.854186757890888341e-8
5.009571210534915176e-25
0
0
DERIV 11
9.376973792330556832e-9
-3.476445992963402397e-25
0
0
DERIV 12
-8.920572413057830011e-10
-2.731912045244973874e-26
0
0
DERIV 13
7.713076922441176804e-11
2.4546027611561744804e-27
0
0
DERIV 14
-6.117267904005071448e-12
-5.261727428422490334e-30
0
0
DERIV 15
4.483463432749058695e-13
-1.1467850423945877839e-29
0
0
DERIV 16
-3.055467664267543473e-14
1.9322771892470958890e-31
0
0
DERIV 17
1.9463356959217208346e-15
-7.337862334087208375e-32
0
0
DERIV 18
-1.1640763731589239642e-16
6.393852381146237189e-33
0
0
DERIV 19
6.562395460381301950e-18
3.708120680024649933e-35
0
0
DERIV 20
-3.499036583647291544e-19
-1.7999929650952594798e-35
0
0
DERIV 21
1.7699406843352060628e-20
-1.3259557677652994423e-36
0
0
DERIV 22
-8.516697598615959311e-22
3.991032845967446747e-39
0
0
DERIV 23
3.907917508015446956e-23
-2.1230955106149372560e-40
0
0
DERIV 24
-1.7137179235969378696e-24
7.434789316581501285e-41
0
0
DERIV 25
7.196547542083090659e-26
1.4467391706166144832e-42
0
0
DERIV 26
-2.8993166883763194087e-27
1.3853865974921136060e-44
0
0
DERIV 27
1.1224927688709075022e-28
-8.772134227506542585e-45
0
0
DERIV 28
-4.182730507310291778e-30
-7.756488027744732876e-47
0
0
DERIV 29
1.5022614719493299993e-31
8.063030753104695172e-48
0
0
DERIV 30
-5.207340264363014812e-33
3.2078603624567569303e-49
0
0
DERIV 31
1.7442394480306221950e-34
-2.833579703520523071e-51
0
0
DERIV 32
-5.652161606277059745e-36
3.2792590156131366020e-52
0
0
DERIV 33
1.7738105871086134292e-37
7.486532127836510729e-54
0
0
DERIV 34
-5.396602734973074583e-39
-2.429138841025231594e-56
0
0
DERIV 35
1.5931758593891404728e-40
5.583972335384726562e-57
0
0
AT 3
0.19914827347145577785
-5.932555876557746154e-18
0
0
DERIV 1
-0.14936120510359182645
-2.4894769964889185698e-18
0
0
DERIV 2
0.04978706836786394446
-1.4831389691394365384e-18
0
0
DERIV 3
-0.008297844727977324655
8.254309868488418200e-19
0
0
DERIV 4
4.917525562153218831e-41
-4.779723129708942039e-57
0
0
DERIV 5
0.0004148922363988661786
1.2938559281833131604e-20
0
0
DERIV 6
-0.00013829741213295540189
4.722165010101493333e-21
0
0
DERIV 7
2.9635159742776156095e-5
4.401639788427663091e-22
0
0
DERIV 8
-4.939193290462692683e-6
-7.336066314046105936e-23
0
0
DERIV 9
6.859990681198184046e-7
3.371767397101682061e-23
0
0
DERIV 10
-8.231988817437821226e-8
-3.403517322844547813e-25
0
0
DERIV 11
8.730897230615871097e-9
-6.416640567322784638e-26
0
0
DERIV 12
-8.315140219634162457e-10
-4.312585496880137787e-26
0
0
DERIV 13
7.195794420837256569e-11
-2.2331996605342151482e-27
0
0
DERIV 14
-5.710947953045441568e-12
2.3372626973258451794e-29
0
0
DERIV 15
4.188028498899990362e-13
1.0402910859489121028e-29
0
0
DERIV 16
-2.855473976522720759e-14
-1.3557235480443150825e-31
0
0
DERIV 17
1.8196647889605574235e-15
-6.869988966648345809e-32
0
0
DERIV 18
-1.0886883352755471670e-16
3.162099682638285671e-33
0
0
DERIV 19
6.139219935764363718e-18
-1.7252162136866353423e-34
0
0
DERIV 20
-3.274250632407660348e-19
-2.0971749322404641048e-35
0
0
DERIV 21
1.6566149033014949908e-20
-6.585096572478925144e-37
0
0
DERIV 22
-7.973012903590082089e-22
-4.373981440982041490e-38
0
0
DERIV 23
3.659112202130714087e-23
1.1555752863282647691e-39
0
0
DERIV 24
-1.6048737728643484161e-24
8.143109594973012901e-41
0
0
DERIV 25
6.740469846030262594e-26
4.110404655066613731e-42
0
0
DERIV 26
-2.7159402310012049160e-27
4.199732263471592427e-44
0
0
DERIV 27
1.0516266887715102417e-28
6.300377810661480247e-45
0
0
DERIV 28
-3.919105672440411013e-30
-6.072234520169278378e-47
0
0
DERIV 29
1.4077247386639406795e-31
7.969528326115185197e-48
0
0
DERIV 30
-4.880112427368327714e-33
-2.5073247871607194848e-49
0
0
DERIV 31
1.6347771158678021681e-34
3.875649947285329060e-52
0
0
DERIV 32
-5.297888801423433150e-36
1.8542259443692314847e-52
0
0
DERIV 33
1.6627573078060557964e-37
4.176338392484043067e-55
0
0
DERIV 34
-5.059099313811528790e-39
-1.5354094284636448655e-56
0
0
DERIV 35
1.4936388450300704566e-40
-4.751395780119080517e-57
0
0
AT 49/16
0.19000565343483336034
1.0751424206395695508e-17
0
0
DERIV 1
-0.14323503105087440068
1.3245522994893178418e-17
0
0
DERIV 2
0.04823220433345769970
2.1954466136306589607e-18
0
0
DERIV 3
-0.008282297713826070398
3.764698690432475101e-19
0
0
DERIV 4
0.00012179849579155985402
-7.530767249646496876e-22
0
0
DERIV 5
0.0003653954873746795349
2.4845824137243662446e-20
0
0
DERIV 6
-0.00012585844565127850768
-7.353337011177811570e-21
0
0
DERIV 7
2.7259663343825301241e-5
-7.493683356093228188e-22
0
0
DERIV 8
-4.567443592183494695e-6
1.9764696663703442757e-22
0
0
DERIV 9
6.363810295987584437e-7
4.883677083606770063e-23
0
0
DERIV 10
-7.652683267326841995e-8
-6.375366991711246414e-24
0
0
DERIV 11
8.128687489696455492e-9
-6.383812841944340822e-25
0
0
DERIV 12
-7.750325159094968666e-10
4.503101912356676231e-26
0
0
DERIV 13
6.712880059058633973e-11
-8.472464427165564098e-28
0
0
DERIV 14
-5.331408238712901224e-12
1.8430185754563642943e-28
0
0
DERIV 15
3.911934766351185311e-13
-6.114189011964658936e-30
0
0
DERIV 16
-2.6684983584752727737e-14
-2.140136880035059270e-31
0
0
DERIV 17
1.7011985223417968874e-15
5.925761268000329926e-32
0
0
DERIV 18
-1.0181622932963519466e-16
4.346557432938838687e-33
0
0
DERIV 19
5.743233138962193028e-18
-3.244534833074147512e-34
0
0
DERIV 20
-3.063858682919161154e-19
-2.2579796286808699460e-35
0
0
DERIV 21
1.5505241887415365134e-20
-1.2900066705381194994e-36
0
0
DERIV 22
-7.463945692197600045e-22
-4.635760114993016271e-38
0
0
DERIV 23
3.426110505583809933e-23
2.6165313616289441348e-40
0
0
DERIV 24
-1.5029280133130300006e-24
5.419103817183594141e-41
0
0
DERIV 25
6.313239930531223067e-26
-9.448926074353990385e-43
0
0
DERIV 26
-2.5441414645424332543e-27
1.1624930119904498910e-43
0
0
DERIV 27
9.852273055682947628e-29
1.5818856680522071173e-45
0
0
DERIV 28
-3.672071409426400323e-30
-2.950386751360790032e-47
0
0
DERIV 29
1.3191289208257258152e-31
6.989562524641753566e-48
0
0
DERIV 30
-4.573421070531965214e-33
-5.140749457051769062e-50
0
0
DERIV 31
1.5321760446166164904e-34
-6.636147660826746845e-51
0
0
DERIV 32
-4.965796780333726668e-36
2.9414486703213251121e-52
0
0
DERIV 33
1.5586495215880384129e-37
-1.0277217305098139601e-53
0
0
DERIV 34
-4.742682764837189565e-39
1.9582335339641883705e-55
0
0
DERIV 35
1.4003149231102944416e-40
6.357015995495177938e-57
0
0
AT 25/8
0.18123985119655558473
1.1739217958286544082e-17
0
0
DERIV 1
-0.13730291757314819212
1.2974682334823882563e-17
0
0
DERIV 2
0.04668299197487037894
1.9723903977545297586e-18
0
0
DERIV 3
-0.008238175054388891319
5.703141229722160948e-19
0
0
DERIV 4
0.00022883819595524696302
2.2279772366412921528e-21
0
0
DERIV 5
0.0003203734743373457591
-7.722853593557234423e-21
0
0
DERIV 6
-0.00011441909797762348151
-1.1139886183206460764e-21
0
0
DERIV 7
2.5063230985574668733e-5
-1.1112361611175961943e-21
0
0
DERIV 8
-4.222609568221819299e-6
2.977016941779820209e-22
0
0
DERIV 9
5.902572514718671524e-7
1.9863982469384530218e-23
0
0
DERIV 10
-7.113356620301989506e-8
5.071970718270729697e-24
0
0
DERIV 11
7.567400659895732426e-9
5.516030720624269416e-25
0
0
DERIV 12
-7.223427902627745284e-10
1.6905349176909297940e-26
0
0
DERIV 13
6.262068145135164233e-11
-5.805337589895422361e-27
0
0
DERIV 14
-4.976895205892132291e-12
2.127131168170680562e-28
0
0
DERIV 15
3.653923062553717157e-13
6.495158366865997897e-30
0
0
DERIV 16
-2.4936974924037580338e-14
-1.2774736331448270549e-30
0
0
DERIV 17
1.5904076886537900941e-15
-5.920257367785400271e-32
0
0
DERIV 18
-9.521858330127869105e-17
-3.647108352083340809e-34
0
0
DERIV 19
5.372693889451002354e-18
1.4842616481934793596e-34
0
0
DERIV 20
-2.866941697312089695e-19
1.2471979691807207624e-35
0
0
DERIV 21
1.4512078332850848035e-20
-9.393501125971704762e-37
0
0
DERIV 22
-6.987296975076333459e-22
-3.279002704804509964e-38
0
0
DERIV 23
3.207910742585972879e-23
-2.3777598167921384403e-39
0
0
DERIV 24
-1.4074442827570906211e-24
-2.461236025990873473e-41
0
0
DERIV 25
5.913036357746771134e-26
-3.710805247809481137e-42
0
0
DERIV 26
-2.3831906094096843513e-27
1.4228983568916389924e-43
0
0
DERIV 27
9.230135058666078650e-29
-1.2616371501102678772e-45
0
0
DERIV 28
-3.440585082367722592e-30
1.1320978220875623010e-46
0
0
DERIV 29
1.2361011579548235563e-31
9.726929381528211721e-49
0
0
DERIV 30
-4.285978889391096917e-33
1.3062565794573725125e-49
0
0
DERIV 31
1.4360066405159511204e-34
-3.863436237416226665e-51
0
0
DERIV 32
-4.654498267951410996e-36
-2.1353263753729303649e-52
0
0
DERIV 33
1.4610532679668106922e-37
1.4825229564745197225e-55
0
0
DERIV 34
-4.446036809830248682e-39
-3.0925820951382732236e-55
0
0
DERIV 35
1.3128166073258475285e-40
5.175283819639609834e-57
0
0
AT 51/16
0.17283876680302723283
1.1069980617423981369e-18
0
0
DERIV 1
-0.13156383741722968428
-1.2569026382759883300e-18
0
0
DERIV 2
0.04514445401571606786
7.034036074047892615e-19
0
0
DERIV 3
-0.008168996440939097284
-8.376931238827971829e-19
0
0
DERIV 4
0.0003224603858265433481
-1.1711295041686733832e-21
0
0
DERIV 5
0.0002794656677163375792
-1.1857000628467895007e-20
0
0
DERIV 6
-0.00010390390209966396862
1.2808657617478261376e-21
0
0
DERIV 7
2.3032884701895952950e-5
4.003667195618377958e-22
0
0
DERIV 8
-3.902794352265703205e-6
-1.9595760281991586909e-24
0
0
DERIV 9
5.473864574216013774e-7
-1.6889534032846549207e-23
0
0
DERIV 10
-6.611290979247912052e-8
-4.835362669200841818e-24
0
0
DERIV 11
7.044288531163464839e-9
1.3031921736818236236e-25
0
0
DERIV 12
-6.731927113114932112e-10
-7.546336688010569821e-28
0
0
DERIV 13
5.841241371995110768e-11
-4.364709490045919861e-27
0
0
DERIV 14
-4.645769480259535437e-12
-1.3573303903720544668e-28
0
0
DERIV 15
3.412815796538852246e-13
-2.1221618573564365362e-29
0
0
DERIV 16
-2.3302824622320918937e-14
6.281303013318763531e-32
0
0
DERIV 17
1.4867970891925889833e-15
-1.0575381385610187612e-32
0
0
DERIV 18
-8.904665493538270048e-17
4.864003831654216230e-34
0
0
DERIV 19
5.025972188541486357e-18
-3.131093260715826162e-34
0
0
DERIV 20
-2.682639163926151901e-19
6.717042798351138891e-36
0
0
DERIV 21
1.3582343969436002307e-20
7.649524848647671694e-37
0
0
DERIV 22
-6.541007149863570556e-22
3.031423993571144578e-38
0
0
DERIV 23
3.003574602759625870e-23
-1.7085177345309660930e-39
0
0
DERIV 24
-1.3180137722519398324e-24
-1.6354662590350586787e-41
0
0
DERIV 25
5.538152506749475741e-26
2.1661334813565139471e-42
0
0
DERIV 26
-2.2324038171119972488e-27
1.2565303607111849893e-43
0
0
DERIV 27
8.647218436229215007e-29
2.1067531165253499530e-45
0
0
DERIV 28
-3.223669495306585976e-30
-1.2762600661687307350e-46
0
0
DERIV 29
1.1582919627447866412e-31
-6.951474798592596236e-48
0
0
DERIV 30
-4.016579182313995744e-33
3.2699948190016884477e-49
0
0
DERIV 31
1.3458661791866781989e-34
-5.023206562173854808e-51
0
0
DERIV 32
-4.362692670003436367e-36
-2.3123170549673941250e-52
0
0
DERIV 33
1.3695616757722738979e-37
3.584704027852275811e-54
0
0
DERIV 34
-4.167927263898013837e-39
1.4294471759862008737e-55
0
0
DERIV 35
1.2307805577129205400e-40
-5.423004313579824599e-57
0
0
AT 13/4
0.16479038328481854236
-3.449674158976460616e-19
0
0
DERIV 1
-0.12601617545309654056
8.427203204989057060e-18
0
0
DERIV 2
0.04362098381068726244
-1.3158255931330053622e-18
0
0
DERIV 3
-0.008077959964942085444
5.092435324942984730e-20
0
0
DERIV 4
0.0004038979982471042939
-2.4230261112181579841e-20
0
0
DERIV 5
0.00024233879894826256549
-3.696134942453904618e-21
0
0
DERIV 6
-9.424286625765765683e-5
-6.091795942417262789e-21
0
0
DERIV 7
2.1156561812943557412e-5
-4.302381866909663177e-22
0
0
DERIV 8
-3.606232127206288157e-6
3.483455694712832886e-23
0
0
DERIV 9
5.075437808660702289e-7
-4.882286824278178064e-23
0
0
DERIV 10
-6.143951031536638931e-8
-9.162801626271916260e-25
0
0
DERIV 11
6.556785685829615179e-9
-4.122553801080559114e-25
0
0
DERIV 12
-6.273467785824631042e-10
-3.714660985568240046e-26
0
0
DERIV 13
5.448421153941987390e-11
1.8951772121501985296e-27
0
0
DERIV 14
-4.336498469464031024e-12
9.314599313101435358e-29
0
0
DERIV 15
3.187511695503475763e-13
-3.653427489008993797e-30
0
0
DERIV 16
-2.1775152571026651951e-14
9.100217636493103146e-31
0
0
DERIV 17
1.3899033555974457307e-15
8.038376972607269137e-32
0
0
DERIV 18
-8.327307686041341548e-17
-4.574335735665128753e-33
0
0
DERIV 19
4.701542138530518774e-18
-3.211737474747410134e-34
0
0
DERIV 20
-2.510145379045954753e-19
-1.4590298941574625337e-36
0
0
DERIV 21
1.2711998518222144867e-20
-5.436587987051948376e-37
0
0
DERIV 22
-6.123147183132783089e-22
-1.3368212410255514230e-38
0
0
DERIV 23
2.812223139834407237e-23
2.4459577793091765937e-39
0
0
DERIV 24
-1.2342534891495455150e-24
9.382750357810523988e-42
0
0
DERIV 25
5.186989346805684489e-26
4.203274128062333014e-42
0
0
DERIV 26
-2.0911402834666106647e-27
-2.649442967361966592e-44
0
0
DERIV 27
8.101054312280185674e-29
4.853862940573612868e-45
0
0
DERIV 28
-3.0204087899003833666e-30
-1.3234280900872838489e-47
0
0
DERIV 29
1.0853737575322612494e-31
-7.114267409495632483e-48
0
0
DERIV 30
-3.764090808950266244e-33
2.0479464303213285526e-49
0
0
DERIV 31
1.2613771267074176071e-34
7.588344237580159801e-51
0
0
DERIV 32
-4.089160661931173139e-36
1.5990988284945796433e-52
0
0
DERIV 33
1.2837932736065654246e-37
-6.120574547399277517e-54
0
0
DERIV 34
-3.907196919672155600e-39
1.4655911120259568345e-55
0
0
DERIV 35
1.1538660771180675637e-40
-4.670871795988942815e-57
0
0
AT 53/16
0.15708280101738325563
2.1147907165811199746e-19
0
0
DERIV 1
-0.12065780368001902123
-1.3692046035473431610e-18
0
0
DERIV 2
0.04211640317132739342
1.2634650677182872224e-18
0
0
DERIV 3
-0.007967968167548425407
-6.141092778876341918e-19
0
0
DERIV 4
0.0004742838194969300992
2.1065521219709118467e-20
0
0
DERIV 5
0.00020868488057864924691
6.016222819215498252e-21
0
0
DERIV 6
-8.537108750944742165e-5
2.9137841516243989721e-24
0
0
DERIV 7
1.9423051655588566007e-5
8.239617437897958007e-22
0
0
DERIV 8
-3.331279208371294928e-6
3.596694569392927137e-23
0
0
DERIV 9
4.705196621993354386e-7
-1.7900479723779679955e-24
0
0
DERIV 10
-5.708971901351936394e-8
-2.3944924333855660849e-24
0
0
DERIV 11
6.102497437009562318e-9
3.162785964921344552e-25
0
0
DERIV 12
-5.845850348537197819e-10
-3.240406262698889272e-27
0
0
DERIV 13
5.081758589410072015e-11
-8.660978821681578688e-28
0
0
DERIV 14
-4.047649441719225053e-12
2.391780751202744440e-28
0
0
DERIV 15
2.976980879716074946e-13
7.815248919304272942e-30
0
0
DERIV 16
-2.0347054989287502264e-14
1.1819621929698696692e-30
0
0
DERIV 17
1.2992929106087960331e-15
4.102921353519393253e-32
0
0
DERIV 18
-7.787223520069139181e-17
1.4876753309699374573e-33
0
0
DERIV 19
4.397975311742964542e-18
3.045919438907925848e-34
0
0
DERIV 20
-2.348705964356349241e-19
-7.005651313497320527e-36
0
0
DERIV 21
1.1897258442101029481e-20
4.229482424421674919e-38
0
0
DERIV 22
-5.731910349190655652e-22
-3.834714509266414590e-38
0
0
DERIV 23
2.6330330225964145727e-23
-1.3952749838173308401e-39
0
0
DERIV 24
-1.1558046294842119381e-24
-8.310936130987760209e-41
0
0
DERIV 25
4.858048664879671998e-26
1.1681900377231729516e-42
0
0
DERIV 26
-1.9587995430086524068e-27
4.351874383444689206e-44
0
0
DERIV 27
7.589329001090199417e-29
2.6178312090411692772e-45
0
0
DERIV 28
-2.8299445999736184172e-30
7.982222504520232879e-47
0
0
DERIV 29
1.0170395023105988767e-31
1.6255110521876883678e-48
0
0
DERIV 30
-3.527453463710178763e-33
3.2367106429861004388e-49
0
0
DERIV 31
1.1821855655005465256e-34
-1.0582306715481512918e-50
0
0
DERIV 32
-3.832759115315734999e-36
-2.4686010616801462548e-52
0
0
DERIV 33
1.2033904055885644767e-37
4.734124838538716175e-54
0
0
DERIV 34
-3.662760750061310636e-39
-7.125472638604044202e-56
0
0
DERIV 35
1.0817537012211149470e-40
-2.5454674113548370226e-57
0
0
AT 27/8
0.14970426761353888834
1.3468790596214256490e-17
0
0
DERIV 1
-0.11548614930187287020
3.0910696962259033697e-18
0
0
DERIV 2
0.04063401549510341909
-2.8865710904258028517e-18
0
0
DERIV 3
-0.007841652113090133783
8.309612855872823723e-19
0
0
DERIV 4
0.0005346580986197817503
4.190738257227660498e-20
0
0
DERIV 5
0.00017821936620659393482
-4.100908683999539658e-21
0
0
DERIV 6
-7.722839202285737266e-5
2.6805622401377208049e-21
0
0
DERIV 7
1.7821936620659392127e-5
9.451618472069266519e-22
0
0
DERIV 8
-3.076405726185252575e-6
1.9986118234112352983e-22
0
0
DERIV 9
4.361188194208978392e-7
7.163061739357621982e-24
0
0
DERIV 10
-5.304147803767676512e-8
2.3066126351670570016e-26
0
0
DERIV 11
5.679188557569431002e-9
4.119561357909339803e-25
0
0
DERIV 12
-5.447020471882630917e-10
1.5763917846315571557e-26
0
0
DERIV 13
4.739526009582616921e-11
7.077598915537098736e-29
0
0
DERIV 14
-3.777883051116578916e-12
2.050871922417268089e-28
0
0
DERIV 15
2.780260254068477596e-13
2.4247598961197838056e-29
0
0
DERIV 16
-1.9012073796203560963e-14
-7.300362169395440817e-31
0
0
DERIV 17
1.2145600590870080325e-15
1.9942820671454663887e-32
0
0
DERIV 18
-7.282015755802192923e-17
-5.711139300409632958e-33
0
0
DERIV 19
4.113934540940882033e-18
-1.4641997382954839679e-34
0
0
DERIV 20
-2.197614605203462732e-19
1.8521190600738296663e-35
0
0
DERIV 21
1.1134580666364210074e-20
1.6097801948364006494e-37
0
0
DERIV 22
-5.365604490626635777e-22
-5.057614049783827328e-39
0
0
DERIV 23
2.4652330222120528233e-23
2.3780971590506461871e-40
0
0
DERIV 24
-1.0823310528168129590e-24
4.790663363363000493e-41
0
0
DERIV 25
4.549926718847748721e-26
-1.7799336529857421365e-42
0
0
DERIV 26
-1.8348189332416328617e-27
-8.044772014348591015e-46
0
0
DERIV 27
7.109874264969718802e-29
-3.664822673308079055e-45
0
0
DERIV 28
-2.6514724468809723090e-30
-3.558750158230744266e-47
0
0
DERIV 29
9.530014085669614155e-32
1.0761487201818778130e-50
0
0
DERIV 30
-3.305673244606211191e-33
-1.4856474536030178851e-49
0
0
DERIV 31
1.1079597184911456387e-34
-5.969019696518608254e-51
0
0
DERIV 32
-3.592416340765011022e-36
-3.1780103125434426580e-52
0
0
DERIV 33
1.1280177458318765494e-37
4.032175036492451302e-54
0
0
DERIV 34
-3.433601409737410260e-39
1.4260029680447238277e-55
0
0
DERIV 35
1.0141438762937497223e-40
1.0156924859094613099e-56
0
0
AT 55/16
0.14264320376301256599
-2.3865457994121000563e-18
0
0
DERIV 1
-0.11049825643613649107
-1.8650415405747774092e-18
0
0
DERIV 2
0.03917665455463020807
3.0583144402808270522e-18
0
0
DERIV 3
-0.007701393630397392227
2.958080185481863485e-19
0
0
DERIV 4
0.0005859756023128450796
-4.136282180232729797e-20
0
0
DERIV 5
0.00015067944059473156867
1.2596749518376646405e-20
0
0
DERIV 6
-6.975900027533869221e-5
-2.8201557793813054356e-21
0
0
DERIV 7
1.6343537207365064703e-5
9.898550135310053322e-22
0
0
DERIV 8
-2.840187868353075485e-6
4.490558475028634243e-23
0
0
DERIV 9
4.041592873095019694e-7
-6.080485397974116209e-24
0
0
DERIV 10
-4.927421448019955162e-8
-2.8121578089679431358e-24
0
0
DERIV 11
5.284772748131719310e-9
1.0111602258262999138e-26
0
0
DERIV 12
-5.075059543840778117e-10
3.952659302299908171e-27
0
0
DERIV 13
4.420109075055223137e-11
-1.7581566081163114959e-28
0
0
DERIV 14
-3.5259472809356053114e-12
-2.0076899011389033349e-28
0
0
DERIV 15
2.596449195983082053e-13
1.991343786098003673e-31
0
0
DERIV 16
-1.7764167945890170826e-14
1.4427343856584606792e-30
0
0
DERIV 17
1.1353252009932986731e-15
-8.925929916725078388e-32
0
0
DERIV 18
-6.809440813033327479e-17
-1.2420603824328873091e-33
0
0
DERIV 19
3.848168104382161537e-18
3.151486131320711304e-34
0
0
DERIV 20
-2.0562099956891808138e-19
-8.986981915563997108e-36
0
0
DERIV 21
1.0420647329463242689e-20
-3.959950575639646192e-37
0
0
DERIV 22
-5.022644767717274791e-22
2.0441497978216094940e-38
0
0
DERIV 23
2.3081007210460011567e-23
7.370859268914764930e-41
0
0
DERIV 24
-1.0135178530967991394e-24
8.725894156874678308e-41
0
0
DERIV 25
4.261308289697723885e-26
-7.516078290539297290e-43
0
0
DERIV 26
-1.7186712180800967904e-27
9.355543261389673635e-44
0
0
DERIV 27
6.660658182790283707e-29
-2.1225697174539080015e-45
0
0
DERIV 28
-2.4842383606172704061e-30
4.825081380448051537e-47
0
0
DERIV 29
8.929897335796096212e-32
4.733217269000249882e-48
0
0
DERIV 30
-3.097818499016627389e-33
1.2446675521514289625e-49
0
0
DERIV 31
1.0383885654089964037e-34
3.710201677839865141e-51
0
0
DERIV 32
-3.367127627539466430e-36
3.062384981054600428e-53
0
0
DERIV 33
1.0573609055078238809e-37
3.489155700386245382e-54
0
0
DERIV 34
-3.218765016766641444e-39
2.2807129040057481371e-55
0
0
DERIV 35
9.507557192382287639e-41
-9.898643176388205645e-57
0
0
AT 7/2
0.13588822540043324349
9.834136257590153415e-18
0
0
DERIV 1
-0.10569084197811474957
-3.0228433755208554461e-18
0
0
DERIV 2
0.03774672927789812782
-1.8942247532742208761e-18
0
0
DERIV 3
-0.007549345855579625217
3.190025545948276476e-20
0
0
DERIV 4
0.0006291121546316354347
-2.6583546216235637301e-21
0
0
DERIV 5
0.00012582243092632708153
4.889339938102809424e-21
0
0
DERIV 6
-6.291121546316354076e-5
-2.4446699690514047120e-21
0
0
DERIV 7
1.4978860824562747559e-5
8.240736918468012546e-22
0
0
DERIV 8
-2.621300644298480865e-6
-1.0186124871047520025e-22
0
0
DERIV 9
3.744715206140687101e-7
-5.739813851874780115e-25
0
0
DERIV 10
-4.576874140838617348e-8
-2.1356616863962710693e-24
0
0
DERIV 11
4.917302795942315995e-9
3.935201373919354282e-25
0
0
DERIV 12
-4.728175765329150631e-10
2.5790803139469876787e-26
0
0
DERIV 13
4.121999385158746515e-11
-3.594348043254757327e-28
0
0
DERIV 14
-3.2906717780679070381e-12
1.8482254353661587364e-28
0
0
DERIV 15
2.424705520681615478e-13
9.764994782590085593e-30
0
0
DERIV 16
-1.6597686599903916679e-14
5.336366174809110022e-31
0
0
DERIV 17
1.0612331585616313686e-15
9.853373166562340884e-32
0
0
DERIV 18
-6.367398951369788557e-17
-2.4607574395954776356e-33
0
0
DERIV 19
3.599504280501440016e-18
4.750346024409415621e-35
0
0
DERIV 20
-1.9238729775093903304e-19
-4.863376256272386034e-36
0
0
DERIV 21
9.752351498895527332e-21
-6.549002667450467332e-38
0
0
DERIV 22
-4.701546865858725378e-22
1.1188158283314338649e-38
0
0
DERIV 23
2.1609594290282339927e-23
-1.9298521652388479459e-40
0
0
DERIV 24
-9.490700195056433721e-25
7.300875343132660689e-41
0
0
DERIV 25
3.990961107664756400e-26
3.737194231714491860e-43
0
0
DERIV 26
-1.6098623605026690542e-27
-5.276544537100700739e-44
0
0
DERIV 27
6.239776591095616541e-29
1.5237589191274715117e-45
0
0
DERIV 28
-2.3275357125515394879e-30
-7.240860928534809107e-47
0
0
DERIV 29
8.367516501469217288e-32
5.004671670206022541e-48
0
0
DERIV 30
-2.9030159290811571342e-33
-5.773166088461920571e-50
0
0
DERIV 31
9.731805454857768182e-35
1.0252865528487299898e-50
0
0
DERIV 32
-3.155951061422036177e-36
1.7180253724215869574e-52
0
0
DERIV 33
9.911251267275815729e-38
-1.7714808369479516946e-54
0
0
DERIV 34
-3.017357196951873688e-39
1.6219793260240284779e-56
0
0
DERIV 35
8.913258547896575963e-41
1.6767112320522545390e-58
0
0
AT 57/16
0.12942816255181602281
5.694857322969328762e-18
0
0
DERIV 1
-0.10106034610210293256
6.199304792169285580e-18
0
0
DERIV 2
0.03634626482619491422
-2.1078395497467215832e-18
0
0
DERIV 3
-0.007387452200446120720
3.720089011362667280e-19
0
0
DERIV 4
0.0006648706980401508778
-4.649122717209006258e-20
0
0
DERIV 5
0.00010342433080624568217
2.7065512432364479115e-21
0
0
DERIV 6
-5.663713353675358818e-5
-1.1594797961516546706e-21
0
0
DERIV 7
1.3719554086542795230e-5
-2.978503860127857556e-22
0
0
DERIV 8
-2.418511137050813365e-6
1.5566994623835457552e-22
0
0
DERIV 9
3.468975570315307964e-7
-1.2809990734992180922e-23
0
0
DERIV 10
-4.250716543907490157e-8
2.7440383822503827118e-24
0
0
DERIV 11
4.574961379545156578e-9
-2.771840757661189257e-25
0
0
DERIV 12
-4.404695826584737756e-10
-1.0623312405876326026e-26
0
0
DERIV 13
3.843787566832188750e-11
7.599568412220315847e-28
0
0
DERIV 14
-3.0709625533950290643e-12
-1.0345652895193565682e-28
0
0
DERIV 15
2.2642417060351870701e-13
-1.6247257969551362004e-31
0
0
DERIV 16
-1.5507344019627216013e-14
-8.107995052586144436e-31
0
0
DERIV 17
9.919516103843831081e-16
9.598550274989403452e-32
0
0
DERIV 18
-5.953925076288174502e-17
6.082926428724266898e-33
0
0
DERIV 19
3.3668462487700566687e-18
4.988148604792929199e-35
0
0
DERIV 20
-1.8000238602731689686e-19
1.1694276954610766075e-35
0
0
DERIV 21
9.126783791244330912e-21
-7.023021771728233242e-37
0
0
DERIV 22
-4.400920632141666592e-22
2.794882681217986596e-38
0
0
DERIV 23
2.0231752945017790107e-23
-4.499904013901332137e-40
0
0
DERIV 24
-8.887111816243689878e-25
-2.1118427833002384530e-41
0
0
DERIV 25
3.737730628825320532e-26
-6.982545564409536999e-43
0
0
DERIV 26
-1.5079294350589095389e-27
-3.355965636172641349e-44
0
0
DERIV 27
5.845445061938759190e-29
5.173301688031584228e-45
0
0
DERIV 28
-2.1807022465450010350e-30
1.4938329639573285886e-46
0
0
DERIV 29
7.840501870336508868e-32
6.379420370267207125e-49
0
0
DERIV 30
-2.7204469405174416979e-33
-1.9976639534175790776e-50
0
0
DERIV 31
9.120623411578646702e-35
-6.156945183389937121e-52
0
0
DERIV 32
-2.9580036034892330902e-36
2.628681769162001044e-53
0
0
DERIV 33
9.290340578364057362e-38
3.735579562024791642e-54
0
0
DERIV 34
-2.8285393745374732185e-39
-8.032668777299247502e-56
0
0
DERIV 35
8.356073250832571891e-41
1.2281888340556780968e-57
0
0
AT 29/8
0.12325207518064412726
-4.107189478907777347e-18
0
0
DERIV 1
-0.09660297784428863166
-5.407584451119107110e-18
0
0
DERIV 2
0.03497694025396657497
5.222852866657673098e-19
0
0
DERIV 3
-0.007217463861929610501
-3.142878539123972835e-19
0
0
DERIV 4
0.0006939869098009241117
5.199935818834251108e-21
0
0
DERIV 5
8.327842917611089394e-5
8.189121201735769356e-23
0
0
DERIV 6
-5.089237338540110261e-5
7.028735457709927312e-22
0
0
DERIV 7
1.2557858367826246692e-5
-7.674594353426114324e-22
0
0
DERIV 8
-2.230672210074399005e-6
5.830883876769936300e-23
0
0
DERIV 9
3.212902360189463762e-7
-2.5827053881238599601e-23
0
0
DERIV 10
-3.947280042518483862e-8
1.2823395052881074841e-24
0
0
DERIV 11
4.256052477134094510e-9
1.6387615952404474073e-27
0
0
DERIV 12
-4.103057126648881989e-10
2.5452194297171062485e-27
0
0
DERIV 13
3.584156812066167886e-11
1.9177403210480680820e-27
0
0
DERIV 14
-2.8657970245731619456e-12
-1.6367169177181332022e-28
0
0
DERIV 15
2.1143213603517550509e-13
1.0527062700740010072e-29
0
0
DERIV 16
-1.4488196068675431292e-14
6.282599931436731130e-31
0
0
DERIV 17
9.271696255971995606e-16
-5.461089844454895150e-32
0
0
DERIV 18
-5.567180131251422808e-17
4.095302147905711561e-33
0
0
DERIV 19
3.1491673147757678367e-18
-1.2498772025142847044e-34
0
0
DERIV 20
-1.6841199118148670269e-19
-5.373870264456737431e-36
0
0
DERIV 21
8.541219839246905851e-21
3.651620653980582782e-37
0
0
DERIV 22
-4.119464114001804280e-22
1.0188816051948999278e-38
0
0
DERIV 23
1.8941545973045517016e-23
1.0987765751465429098e-39
0
0
DERIV 24
-8.321824336230315436e-25
-6.208675554535246129e-42
0
0
DERIV 25
3.500535140143332992e-26
-2.7886622700496126248e-42
0
0
DERIV 26
-1.4124386714594380773e-27
-8.665316309106362623e-44
0
0
DERIV 27
5.475991383825848341e-29
2.917614387966960253e-45
0
0
DERIV 28
-2.0431172960403705853e-30
8.601578992110453606e-47
0
0
DERIV 29
7.346632357143135457e-32
2.1234803086745087601e-48
0
0
DERIV 30
-2.5493442196582162010e-33
-1.0830733697997803020e-49
0
0
DERIV 31
8.547777377210926678e-35
4.037503760626649286e-51
0
0
DERIV 32
-2.7724574135207243157e-36
4.005050817277730168e-53
0
0
DERIV 33
8.708286050494042243e-38
-3.086913253853363531e-54
0
0
DERIV 34
-2.6515252939441564641e-39
1.3541908960708320294e-55
0
0
DERIV 35
7.833685670862370696e-41
-2.2622049974127514976e-58
0
0
AT 59/16
0.11734926632793818424
2.5298760804151087263e-18
0
0
DERIV 1
-0.09231475617797804678
6.521540672199647925e-18
0
0
DERIV 2
0.03364012301400894772
-8.475848084999739102e-19
0
0
DERIV 3
-0.007040955979676291263
5.637425229231032149e-20
0
0
DERIV 4
0.0007171344053374000601
-2.983520360352429917e-20
0
0
DERIV 5
6.519403684885454722e-5
9.838525331529195487e-22
0
0
DERIV 6
-4.563582579419818577e-5
2.0218086580067171188e-21
0
0
DERIV 7
1.1486568397179134640e-5
4.427375911676391220e-23
0
0
DERIV 8
-2.056716638684101650e-6
-1.6817687256563954122e-22
0
0
DERIV 9
2.975124697467568771e-7
-1.0299660931718507233e-23
0
0
DERIV 10
-3.665008685286135606e-8
2.8991837858959286004e-24
0
0
DERIV 11
3.958993339186092932e-9
-2.379756259983758665e-25
0
0
DERIV 12
-3.821800500699446173e-10
2.5532240543633524291e-26
0
0
DERIV 13
3.341876834931139238e-11
1.9056801323750405563e-27
0
0
DERIV 14
-2.6742193791876466146e-12
1.3339936675281487645e-28
0
0
DERIV 15
1.9742559175210813086e-13
-1.3772858115929172385e-30
0
0
DERIV 16
-1.3535618222398323287e-14
7.733260259698700572e-31
0
0
DERIV 17
8.665962917817580191e-16
3.589342279352783897e-32
0
0
DERIV 18
-5.205443038621389325e-17
-7.042528724603617956e-35
0
0
DERIV 19
2.9455064389530471981e-18
-1.0880108871767547222e-34
0
0
DERIV 20
-1.5756530077368918972e-19
-1.0474567381915917422e-35
0
0
DERIV 21
7.993108552367907526e-21
-5.775909375251957330e-37
0
0
DERIV 22
-3.855957974583612445e-22
7.195189835503493399e-39
0
0
DERIV 23
1.7733412126086932417e-23
-6.108936272445997719e-40
0
0
DERIV 24
-7.792412325029667286e-25
1.5246901341053061098e-41
0
0
DERIV 25
3.278361172342578150e-26
2.5534688228631576775e-42
0
0
DERIV 26
-1.3229836210281884893e-27
4.392884307428964251e-44
0
0
DERIV 27
5.129848514250714622e-29
-2.1964596504761388983e-45
0
0
DERIV 28
-1.9141991754857107716e-30
1.5372416874080801964e-47
0
0
DERIV 29
6.883826192696140391e-32
-2.0223582896091407166e-48
0
0
DERIV 30
-2.3889885244575293799e-33
8.621761201278475054e-51
0
0
DERIV 31
8.010865541988210900e-35
-1.0486806811108874126e-51
0
0
DERIV 32
-2.5985364027975418087e-36
1.5384674454729393542e-52
0
0
DERIV 33
8.162658556738689433e-38
-2.3197867267490152730e-54
0
0
DERIV 34
-2.4855777581550742475e-39
7.843433171383333792e-56
0
0
DERIV 35
7.343924536735979101e-41
1.5775602926060890176e-58
0
0
AT 15/4
0.11170929281604326244
1.6799017764790645406e-18
0
0
DERIV 1
-0.08819154696003415894
3.0562210631421456636e-18
0
0
DERIV 2
0.03233690055201252078
3.0427219525255503475e-18
0
0
DERIV 3
-0.006859342541335989966
6.423373509115284752e-20
0
0
DERIV 4
0.0007349295580002845928
3.958362148961238752e-20
0
0
DERIV 5
4.899530386668563952e-5
2.6389080993074913726e-21
0
0
DERIV 6
-4.082941988890470412e-5
2.3184189692666916416e-21
0
0
DERIV 7
1.0498993685718351326e-5
5.654803069944626251e-22
0
0
DERIV 8
-1.8956516376991468377e-6
-3.151453204725294310e-23
0
0
DERIV 9
2.754365627426111021e-7
-1.8497183543331473160e-23
0
0
DERIV 10
-3.402451657408725378e-8
2.2849462024115349846e-24
0
0
DERIV 11
3.682306988537581390e-9
-5.929295628248665994e-26
0
0
DERIV 12
-3.559563422252995447e-10
1.6071410097553223561e-26
0
0
DERIV 13
3.115798221070260938e-11
1.8843882907434618170e-27
0
0
DERIV 14
-2.4953362376536722216e-12
-1.0895091158181061358e-28
0
0
DERIV 15
1.8434015449333435954e-13
-7.188471223630650446e-30
0
0
DERIV 16
-1.2645284988109826300e-14
3.007064942500264990e-31
0
0
DERIV 17
8.099594306109561609e-16
1.4252759740433443120e-32
0
0
DERIV 18
-4.867103154464929471e-17
7.366918607505156277e-34
0
0
DERIV 19
2.7549640496971298382e-18
9.174081884727989500e-36
0
0
DERIV 20
-1.4741474301010957290e-19
-6.657248501738436866e-36
0
0
DERIV 21
7.480061120731556136e-21
-5.771957646205471386e-37
0
0
DERIV 22
-3.609260261052288913e-22
-1.3316258272980702003e-38
0
0
DERIV 23
1.6602142347625526197e-23
-2.447277112764712872e-41
0
0
DERIV 24
-7.296603657346834795e-25
-3.372966100004414297e-41
0
0
DERIV 25
3.070259201273213983e-26
-2.3883210369382328001e-42
0
0
DERIV 26
-1.2391834383106514067e-27
8.549307412167710753e-44
0
0
DERIV 27
4.805547974276600003e-29
-1.0782248468597528268e-45
0
0
DERIV 28
-1.7934027351834821663e-30
-1.3801633323957062238e-46
0
0
DERIV 29
6.450132195506035984e-32
-2.5821603044972597474e-48
0
0
DERIV 30
-2.2387056761034693653e-33
-7.896670698028160396e-50
0
0
DERIV 31
7.507636409800839195e-35
5.250108933021584032e-51
0
0
DERIV 32
-2.4355130019889628202e-36
-6.531456308547108921e-53
0
0
DERIV 33
7.651180684591404091e-38
2.5227789724873416553e-55
0
0
DERIV 34
-2.3300055702685951287e-39
-8.631913348423571490e-56
0
0
DERIV 35
6.884753943894994030e-41
3.778055860707603112e-57
0
0
AT 61/16
0.10632197376311301740
-4.367062482933617801e-18
0
0
DERIV 1
-0.08422909609805057096
2.1980038546006428685e-18
0
0
DERIV 2
0.031068109216494062264
-1.4472613133833877934e-20
0
0
DERIV 3
-0.006673890127987613594
2.215555916480511347e-19
0
0
DERIV 4
0.0007479359626193014636
3.498854493519451921e-20
0
0
DERIV 5
3.452012135166006578e-5
3.3871094712641272747e-21
0
0
DERIV 6
-3.643790587119673648e-5
-3.1988231319991134772e-21
0
0
DERIV 7
9.588922597683351793e-6
7.526341981835246378e-22
0
0
DERIV 8
-1.7465537588637534894e-6
-1.0032001152425502923e-23
0
0
DERIV 9
2.549435770018986613e-7
-2.3417459182995332241e-24
0
0
DERIV 10
-3.158256252411580239e-8
-1.6259991036767726861e-24
0
0
DERIV 11
3.424615213458340059e-9
1.3644902991420294201e-25
0
0
DERIV 12
-3.315073649391491029e-10
9.942859366376121972e-27
0
0
DERIV 13
2.9048471442828448038e-11
9.096809496052079971e-28
0
0
DERIV 14
-2.3283125965625856222e-12
1.9582088040763799992e-29
0
0
DERIV 15
1.7211562505201880227e-13
-2.6152935806285179510e-30
0
0
DERIV 16
-1.1813150645824909244e-14
-7.013134221898319489e-31
0
0
DERIV 17
7.570043956410967777e-16
-1.8085997454762165732e-32
0
0
DERIV 18
-4.550653204566137412e-17
1.9651377133830183975e-33
0
0
DERIV 19
2.5766981228149491628e-18
7.128139634053491685e-35
0
0
DERIV 20
-1.3791578058238604183e-19
-7.484729808303871576e-36
0
0
DERIV 21
6.999840715429745305e-21
-6.892520870534517009e-37
0
0
DERIV 22
-3.378301503585783943e-22
-1.3754711916412170571e-38
0
0
DERIV 23
1.5542857510568586697e-23
9.320422249011581280e-40
0
0
DERIV 24
-6.832269839267692834e-25
3.908326711987327897e-41
0
0
DERIV 25
2.875339619652722883e-26
-2.0015297731503819475e-42
0
0
DERIV 26
-1.1606812706147571337e-27
6.127386081920582241e-44
0
0
DERIV 27
4.501713657470105590e-29
-4.260546438675730863e-46
0
0
DERIV 28
-1.6802170693374336580e-30
-1.0251754900985681794e-46
0
0
DERIV 29
6.043721589679216548e-32
-3.999922005865529720e-48
0
0
DERIV 30
-2.0978637387086339383e-33
-9.052936227958406337e-50
0
0
DERIV 31
7.035979400615685777e-35
2.715333044905741496e-51
0
0
DERIV 32
-2.2827051307188419148e-36
-1.4311253986571028243e-52
0
0
DERIV 33
7.171717268925097897e-38
-2.4400676042248517768e-54
0
0
DERIV 34
-2.1841606655719452305e-39
1.3848490184864897764e-55
0
0
DERIV 35
6.454264921818596192e-41
-4.166503908988432769e-57
0
0
AT 31/8
0.10117739713428623716
6.142886500588761711e-18
0
0
DERIV 1
-0.08042305926058650190
8.106441899174278857e-19
0
0
DERIV 2
0.029834360693443379847
-4.126404882581946004e-19
0
0
DERIV 3
-0.006485730585531169871
4.291068731820262844e-19
0
0
DERIV 4
0.0007566685683119698039
-3.560643957142966162e-20
0
0
DERIV 5
2.1619101951770563889e-5
9.187484631118348874e-22
0
0
DERIV 6
-3.242865292765584583e-5
-1.3781226946677570330e-21
0
0
DERIV 7
8.750588885240466659e-6
4.919515992458201319e-23
0
0
DERIV 8
-1.6085641333162623655e-6
1.0306407391516804644e-22
0
0
DERIV 9
2.3592273955305178679e-7
1.1706645822161529770e-23
0
0
DERIV 10
-2.9311613095985224742e-8
1.2927802201499866892e-24
0
0
DERIV 11
3.184632021515024198e-9
7.963512798007534197e-26
0
0
DERIV 12
-3.087143286162523773e-10
2.3932587563909571521e-26
0
0
DERIV 13
2.7080204264583538414e-11
1.3585735529009344737e-27
0
0
DERIV 14
-2.1723680344116465023e-12
-9.478150801167820412e-29
0
0
DERIV 15
1.6069571761401221484e-13
-8.038912793530611350e-31
0
0
DERIV 16
-1.1035431225036332674e-14
7.468354384991884166e-32
0
0
DERIV 17
7.074929470115824369e-16
2.3171422530756530836e-32
0
0
DERIV 18
-4.254682671031853194e-17
-8.851837613721635265e-34
0
0
DERIV 19
2.4099205104090198243e-18
-1.7054727832173816386e-34
0
0
DERIV 20
-1.2902671759269528877e-19
-1.1278673226169902274e-35
0
0
DERIV 21
6.550352841187600839e-21
-1.0078629898374688036e-38
0
0
DERIV 22
-3.162080124181470365e-22
-8.460149993546187012e-39
0
0
DERIV 23
1.4550987559705273928e-23
1.0692034920462761079e-39
0
0
DERIV 24
-6.397416944353181070e-25
-1.7874065093292513102e-41
0
0
DERIV 25
2.692768962198332619e-26
-1.1939059940619784328e-42
0
0
DERIV 26
-1.0871427487136124221e-27
-7.768939146951113885e-44
0
0
DERIV 27
4.217056027225716073e-29
-2.6210830447793713944e-45
0
0
DERIV 28
-1.5741633677093571479e-30
-4.551209808888186695e-47
0
0
DERIV 29
5.662880334909710383e-32
-4.419156236789840331e-48
0
0
DERIV 30
-1.9658703753313502146e-33
1.3143074942297202442e-49
0
0
DERIV 31
6.593916039869237375e-35
-2.1641986304283073515e-51
0
0
DERIV 32
-2.1394733562374768478e-36
7.821267897798842697e-53
0
0
DERIV 33
6.722266515199444901e-38
3.320457729456451160e-54
0
0
DERIV 34
-2.0474354222764321909e-39
-1.4813214733987866751e-55
0
0
DERIV 35
6.050667526285961918e-41
-8.322806869172461129e-59
0
0
AT 63/16
0.09626592453620259893
3.4611494376792448130e-18
0
0
DERIV 1
-0.07676902842760460755
5.775386553757245462e-19
0
0
DERIV 2
0.028636066159503304612
1.1613335777382672362e-18
0
0
DERIV 3
-0.006295872701734769351
-3.1170897330620340954e-21
0
0
DERIV 4
0.0007615975042421091468
4.934103638640933481e-20
0
0
DERIV 5
1.0154633389894789550e-5
-2.682088705125856534e-22
0
0
DERIV 6
-2.8771461271368570673e-5
1.0422694488704049720e-21
0
0
DERIV 7
7.978640520631619513e-6
6.362974061372747728e-22
0
0
DERIV 8
-1.4808840360263234407e-6
3.820754147488428172e-24
0
0
DERIV 9
2.1827088966374380927e-7
7.959999283116122424e-24
0
0
DERIV 10
-2.7199910865789614865e-8
7.184166174444049004e-25
0
0
DERIV 11
2.961157524109531567e-9
-6.010818175906086884e-26
0
0
DERIV 12
-2.874663232168187927e-10
1.2408629901107717675e-26
0
0
DERIV 13
2.5243809186500764594e-11
-3.638024158432663878e-28
0
0
DERIV 14
-2.0267731628142915391e-12
-1.6267557581544628054e-28
0
0
DERIV 15
1.5002780653475906019e-13
3.708459562266153819e-30
0
0
DERIV 16
-1.0308587638452000270e-14
-6.271941782879889201e-31
0
0
DERIV 17
6.612021981459741099e-16
2.535082088344614245e-32
0
0
DERIV 18
-3.977871600820627418e-17
6.427273718743819731e-34
0
0
DERIV 19
2.2538935033609700986e-18
-1.8007406401390965255e-34
0
0
DERIV 20
-1.2070851873555416026e-19
-6.491046550232571155e-36
0
0
DERIV 21
6.129636300145706887e-21
-3.358864829311032205e-37
0
0
DERIV 22
-2.959658135726525964e-22
-1.9125756950760117807e-38
0
0
DERIV 23
1.3622251970456539030e-23
-4.259703892487398273e-40
0
0
DERIV 24
-5.990177120803408709e-25
9.362834320250071918e-43
0
0
DERIV 25
2.5217663682333039680e-26
-1.0868675787764360990e-42
0
0
DERIV 26
-1.0182545723635554432e-27
-3.318150388990494344e-44
0
0
DERIV 27
3.950366678144137864e-29
-2.3176748631474747439e-45
0
0
DERIV 28
-1.4747929018971942246e-30
-1.4842814396077097180e-47
0
0
DERIV 29
5.306001936551909093e-32
-9.217843406103513454e-49
0
0
DERIV 30
-1.8421703693136930431e-33
-3.867084017273475123e-50
0
0
DERIV 31
6.179591698204569227e-35
1.1639149088386478186e-51
0
0
DERIV 32
-2.0052182294084071348e-36
-3.376198001538448675e-53
0
0
DERIV 33
6.300951676145110704e-38
-3.485309119806234157e-54
0
0
DERIV 34
-1.9192601397926610140e-39
-7.408925483906010840e-57
0
0
DERIV 35
5.672283423903348591e-41
-1.9598929837493512759e-57
0
0
AT 4
0.09157819444367090722
-5.752443310678758265e-18
0
0
DERIV 1
-0.07326255555493671467
-6.500275597708559409e-18
0
0
DERIV 2
0.027473458333101271472
-1.0318436028129046032e-18
0
0
DERIV 3
-0.006105212962911393468
3.655152551655577751e-20
0
0
DERIV 4
0.0007631516203639241835
-4.568940689569472189e-21
0
0
DERIV 5
-6.787520452610072795e-59
4.416819394736935351e-75
0
0
DERIV 6
-2.5438387345464140579e-5
1.2816752859913828960e-21
0
0
DERIV 7
7.268110670132611352e-6
-1.2418352535345215912e-22
0
0
DERIV 8
-1.3627707506498645226e-6
-8.259470740301526255e-23
0
0
DERIV 9
2.0189196305923919834e-7
2.4326308738923038575e-24
0
0
DERIV 10
-2.5236495382404899792e-8
-3.040788592365379822e-25
0
0
DERIV 11
2.753072223535079857e-9
1.5348941919715361514e-25
0
0
DERIV 12
-2.676597995103550091e-10
8.054656815638610602e-27
0
0
DERIV 13
2.3530531825086153756e-11
1.7958354032442549939e-28
0
0
DERIV 14
-1.8908463073729944694e-12
-4.328059045272405283e-29
0
0
DERIV 15
1.4006268943503661988e-13
1.0685539727482486372e-29
0
0
DERIV 16
-9.629309898658767933e-15
-4.190864941760162422e-31
0
0
DERIV 17
6.179236298604557595e-16
-3.638436175509616382e-32
0
0
DERIV 18
-3.718984809345335658e-17
2.8745746414129160928e-33
0
0
DERIV 19
2.1079266125844006219e-18
-6.985611708648203239e-36
0
0
DERIV 20
-1.1292463995987860130e-19
-3.064931416299624349e-36
0
0
DERIV 21
5.735854728120817662e-21
3.371903107453652666e-37
0
0
DERIV 22
-2.770157113012895193e-22
1.3636915058796837470e-38
0
0
DERIV 23
1.2752641440980080015e-23
-4.699514517651483011e-40
0
0
DERIV 24
-5.608800633764386941e-25
1.0465217055449627164e-41
0
0
DERIV 25
2.3616002668481630103e-26
-1.3167030169997688068e-42
0
0
DERIV 26
-9.537231846886811108e-28
-5.168569709002333824e-44
0
0
DERIV 27
3.700513238650967750e-29
-2.7594675542111707810e-45
0
0
DERIV 28
-1.3816851378079910915e-30
-1.0709690697051823867e-47
0
0
DERIV 29
4.971580705755889507e-32
5.161614773939572959e-48
0
0
DERIV 30
-1.7262433006096841986e-33
1.6289114768556588106e-49
0
0
DERIV 31
5.791267847206682435e-35
-5.092272582109361823e-51
0
0
DERIV 32
-1.8793777869540913859e-36
-1.0459239895527843859e-52
0
0
DERIV 33
5.906013247442712252e-38
-4.974137226885004857e-54
0
0
DERIV 34
-1.7991006741159522534e-39
1.4329791409460810084e-55
0
0
DERIV 35
5.317538938273749865e-41
2.1432395113340324456e-57
0
0
AT 33/8
0.08283790976435011222
-2.3021295277531540405e-18
0
0
DERIV 1
-0.06667441517618423463
-1.7796225441543075666e-19
0
0
DERIV 2
0.025255460294009178523
1.3290270182920078010e-18
0
0
DERIV 3
-0.005724570999975414111
1.1004101529636861163e-20
0
0
DERIV 4
0.0007576638088202754034
-7.834085040601964076e-21
0
0
DERIV 5
-1.6836973529339451753e-5
-1.4823292070616992057e-21
0
0
DERIV 6
-1.9643135784229361507e-5
-6.000068118995819859e-22
0
0
DERIV 7
6.013204831906947539e-6
4.538446123386382592e-23
0
0
DERIV 8
-1.1525309261154983770e-6
9.012182210984446847e-23
0
0
DERIV 9
1.7260124980473646438e-7
-5.951978207270832645e-24
0
0
DERIV 10
-2.1714350781886198180e-8
-1.4285555798700261456e-24
0
0
DERIV 11
2.378961507572613810e-9
1.3337050093998809868e-25
0
0
DERIV 12
-2.3199092715690384858e-10
6.610218335456382052e-27
0
0
DERIV 13
2.0441158616622297112e-11
-5.462858195684894755e-28
0
0
DERIV 14
-1.6454900927212960393e-12
5.725544207492555323e-29
0
0
DERIV 15
1.2205982847416186637e-13
-4.792283145691815461e-30
0
0
DERIV 16
-8.401269839598166256e-15
1.5010814317368395899e-31
0
0
DERIV 17
5.396353176212480035e-16
-1.1641989179228377290e-32
0
0
DERIV 18
-3.250434954092896971e-17
-2.9028368050167437686e-33
0
0
DERIV 19
1.8436294323163596828e-18
3.100337195149306776e-35
0
0
DERIV 20
-9.882518128182288439e-20
-1.1630592541464027897e-36
0
0
DERIV 21
5.022328140372751421e-21
2.662273700802972480e-37
0
0
DERIV 22
-2.426679666966075569e-22
1.2918252991248979860e-38
0
0
DERIV 23
1.1176012636913004462e-23
-2.328943897164253527e-41
0
0
DERIV 24
-4.917185047126642674e-25
2.778327547864488161e-41
0
0
DERIV 25
2.0710792648824798170e-26
2.6510025754091264221e-43
0
0
DERIV 26
-8.366478888131933388e-28
-1.8432251383770934068e-44
0
0
DERIV 27
3.247136405906161920e-29
-7.688971997017992079e-46
0
0
DERIV 28
-1.2127060454710768132e-30
4.315791020282296215e-47
0
0
DERIV 29
4.364553508290478163e-32
-2.4609241228294224058e-48
0
0
DERIV 30
-1.5157873440659774605e-33
-3.615394048997271608e-50
0
0
DERIV 31
5.086204899038050321e-35
2.840455492386227663e-51
0
0
DERIV 32
-1.6508666263484012369e-36
1.4990351678627391793e-52
0
0
DERIV 33
5.188770368931549614e-38
-3.852645561485586207e-55
0
0
DERIV 34
-1.5808572345333525956e-39
-1.8470334259618987176e-56
0
0
DERIV 35
4.673158677222897843e-41
-1.9622774154486983994e-57
0
0
AT 17/4
0.07488722802224609398
-3.798826216341389852e-18
0
0
DERIV 1
-0.06062299411324683501
1.0142859726850356326e-19
0
0
DERIV 2
0.023179380102123791491
-1.6714624410514227780e-18
0
0
DERIV 3
-0.005349087715874720379
-3.481993688244746940e-19
0
0
DERIV 4
0.0007429288494270445574
-1.1872430579128763225e-20
0
0
DERIV 5
-2.9717153977081780261e-5
-1.5579818502451701794e-21
0
0
DERIV 6
-1.4858576988540890131e-5
-7.789909251225850897e-22
0
0
DERIV 7
4.952858996180297275e-6
-3.050249897953385295e-22
0
0
DERIV 8
-9.728830171068440471e-7
-5.867303797942445960e-25
0
0
DERIV 9
1.4740651774346121203e-7
7.307929342855854246e-24
0
0
DERIV 10
-1.8671492247505088755e-8
9.713298213598686577e-25
0
0
DERIV 11
2.054757520060368635e-9
-1.2272396335640712023e-25
0
0
DERIV 12
-2.0100888783199257709e-10
5.262284899922753418e-27
0
0
DERIV 13
1.7752921717355470655e-11
-1.3485001755127942071e-27
0
0
DERIV 14
-1.4316872352706023940e-12
3.057644315945280914e-29
0
0
DERIV 15
1.0635390890581617287e-13
2.7051924473777745381e-30
0
0
DERIV 16
-7.328875132932845387e-15
-4.482508630206887968e-32
0
0
DERIV 17
4.712135858383635683e-16
-4.527515573090344123e-32
0
0
DERIV 18
-2.840649276330560352e-17
1.0684095211006478822e-33
0
0
DERIV 19
1.6123396305281817958e-18
-2.625793149910882791e-35
0
0
DERIV 20
-8.648003472832975358e-20
4.122190338406942330e-36
0
0
DERIV 21
4.397289901440495435e-21
3.004421078954192155e-37
0
0
DERIV 22
-2.125674050479893178e-22
-1.4252137833138495556e-38
0
0
DERIV 23
9.793825930179911222e-24
-3.998428875639422732e-40
0
0
DERIV 24
-4.310662821382002623e-25
-3.801996212896200702e-41
0
0
DERIV 25
1.8162259354089506372e-26
-3.863307541202438117e-43
0
0
DERIV 26
-7.339179777942692288e-28
-3.693099495444399749e-46
0
0
DERIV 27
2.849213032936252740e-29
-4.283754337936654006e-46
0
0
DERIV 28
-1.0643611904646920953e-30
-4.131068052604697819e-48
0
0
DERIV 29
3.831538957716777280e-32
-1.1289969552042988395e-48
0
0
DERIV 30
-1.3309556379437226011e-33
6.086760311259123593e-51
0
0
DERIV 31
4.466876204242535838e-35
7.867937204383281043e-52
0
0
DERIV 32
-1.4501084764986387176e-36
-6.608773167218169808e-53
0
0
DERIV 33
4.558539815671167019e-38
-6.944827205849951284e-55
0
0
DERIV 34
-1.3890622119824701135e-39
5.729845687558124219e-56
0
0
DERIV 35
4.106792626730781111e-41
-7.542556358760927157e-58
0
0
AT 35/8
0.06766126455308274501
-4.322008295976932864e-18
0
0
DERIV 1
-0.05507312231064874497
2.5496959752499829331e-18
0
0
DERIV 2
0.021242490034107372465
-3.886918272615167416e-19
0
0
DERIV 3
-0.004982806304296791104
1.2329913496214849722e-19
0
0
DERIV 4
0.0007211956493061145133
-2.925858187594785548e-20
0
0
DERIV 5
-3.933794450760624741e-5
2.8279705710579560963e-21
0
0
DERIV 6
-1.0927206807668401307e-5
3.262920551227644165e-23
0
0
DERIV 7
4.058676814276834674e-6
8.468434621021735908e-23
0
0
DERIV 8
-8.195405105751301192e-7
2.3623014094778242776e-23
0
0
DERIV 9
1.2574960215173953019e-7
8.279702949183419008e-24
0
0
DERIV 10
-1.6043914757290905302e-8
-1.3302011997409556877e-24
0
0
DERIV 11
1.7738972090370780413e-9
8.762658739844459726e-26
0
0
DERIV 12
-1.7410472607215767856e-10
1.0355835089307692571e-26
0
0
DERIV 13
1.5414206517273754247e-11
1.5733637093558870053e-27
0
0
DERIV 14
-1.2454101284448349725e-12
-9.969096311957029778e-29
0
0
DERIV 15
9.265370037705536006e-14
2.7947358753108189254e-30
0
0
DERIV 16
-6.392503678611774184e-15
-3.914442544511101043e-32
0
0
DERIV 17
4.114206519798581217e-16
1.1731805773010310514e-32
0
0
DERIV 18
-2.4822870878115693984e-17
1.5365827914164927533e-34
0
0
DERIV 19
1.4099494141295520855e-18
9.143254612996683726e-35
0
0
DERIV 20
-7.567159699686129044e-20
3.883208738278383632e-36
0
0
DERIV 21
3.849796347011665023e-21
-5.732201390792391005e-38
0
0
DERIV 22
-1.8619015060092779769e-22
1.1821777689799891302e-39
0
0
DERIV 23
8.582154702429166239e-24
-7.082235218572268158e-41
0
0
DERIV 24
-3.778785610703149244e-25
-1.6204002006151613875e-41
0
0
DERIV 25
1.5926693714909916964e-26
1.3378278340033409880e-42
0
0
DERIV 26
-6.437786533464322733e-28
4.803802055473143047e-45
0
0
DERIV 27
2.4999709770804217117e-29
-1.0798530626889639174e-45
0
0
DERIV 28
-9.341344897843854959e-31
4.946207802909459684e-47
0
0
DERIV 29
3.363524834620857983e-32
2.6375026865121162353e-48
0
0
DERIV 30
-1.1686320853973704667e-33
-3.528283291392323322e-50
0
0
DERIV 31
3.922868470713295291e-35
1.5555076504850899840e-51
0
0
DERIV 32
-1.2737362564968474251e-36
-2.932002509581250176e-53
0
0
DERIV 33
4.004776108775121256e-38
2.0440338009803924626e-54
0
0
DERIV 34
-1.2205133469650024831e-39
6.844568102643971366e-56
0
0
DERIV 35
3.609003908056214356e-41
-1.0450364765216606109e-57
0
0
AT 9/2
0.06109948096033268605
-3.237512814381239332e-19
0
0
DERIV 1
-0.04999048442209037824
-9.967296613519400664e-19
0
0
DERIV 2
0.019440743941924035210
1.1586053020710020571e-18
0
0
DERIV 3
-0.004628748557600961301
2.610798134997255202e-19
0
0
DERIV 4
0.0006943122836401441301
2.5890158324171440415e-20
0
0
DERIV 5
-4.628748557600961003e-5
-3.707578393378821080e-22
0
0
DERIV 6
-7.714580929334935005e-6
-6.179297322298035916e-23
0
0
DERIV 7
3.306248969714972326e-6
-1.5502435731607278931e-22
0
0
DERIV 8
-6.888018686906191817e-7
-2.0642818095878608712e-23
0
0
DERIV 9
1.0714695735187409876e-7
-6.123075719973220504e-25
0
0
DERIV 10
-1.3776037373812384032e-8
-1.5809667892118897988e-26
0
0
DERIV 11
1.5306708193124871606e-9
-4.419784870937721454e-26
0
0
DERIV 12
-1.5074788372016918301e-10
-2.6970163325776692604e-27
0
0
DERIV 13
1.3379989679304957732e-11
-4.202382677510448568e-28
0
0
DERIV 14
-1.0831420216580204109e-12
5.709910454021742075e-29
0
0
DERIV 15
8.070469965295053913e-14
-2.9675170576164319423e-30
0
0
DERIV 16
-5.574995699710398960e-15
8.043596960308061491e-32
0
0
DERIV 17
3.591733924183170103e-16
4.347157851245824353e-33
0
0
DERIV 18
-2.1689214518014313587e-17
1.1070406505953058458e-33
0
0
DERIV 19
1.2328606147081820184e-18
-4.589724589399340459e-35
0
0
DERIV 20
-6.620918116025421416e-20
-2.8849533067686017871e-36
0
0
DERIV 21
3.3702538850047303058e-21
-4.585846219420447548e-38
0
0
DERIV 22
-1.6307680088732566754e-22
9.802792369540781376e-39
0
0
DERIV 23
7.520010581101973736e-24
-5.904616786926466960e-41
0
0
DERIV 24
-3.312385613104440598e-25
-1.8827439328337482709e-41
0
0
DERIV 25
1.3965733936332235492e-26
1.3367518955882985631e-42
0
0
DERIV 26
-5.646894392402581056e-28
8.922623967685424442e-45
0
0
DERIV 27
2.1934639464617072600e-29
-1.0959724674713324160e-45
0
0
DERIV 28
-8.198162590596081772e-31
2.292245418536154027e-47
0
0
DERIV 29
2.952594956000121205e-32
1.1710222110283252411e-48
0
0
DERIV 30
-1.0260790981844392434e-33
-8.121496934987142739e-50
0
0
DERIV 31
3.445031863555392243e-35
-1.7213862740418879897e-51
0
0
DERIV 32
-1.1187909851007094841e-36
4.935196916902652341e-53
0
0
DERIV 33
3.518210644970784190e-38
1.9610453875191263848e-54
0
0
DERIV 34
-1.0723957580926990569e-39
7.299906305815703426e-56
0
0
DERIV 35
3.171496226940813827e-41
2.1059852423784139638e-57
0
0
AT 37/8
0.05514555957649778378
4.887063568288576343e-19
0
0
DERIV 1
-0.04534190454067595771
1.7569417656007435086e-18
0
0
DERIV 2
0.017769124752427062353
1.4681520079384416705e-18
0
0
DERIV 3
-0.004289099078172049773
-1.1510931557454702501e-19
0
0
DERIV 4
0.0006637891430504363208
-2.865127045807982026e-20
0
0
DERIV 5
-5.106070331157202207e-5
-4.023113409301689287e-22
0
0
DERIV 6
-5.106070331157201868e-6
-3.790443129947370144e-22
0
0
DERIV 7
2.674608268701391677e-6
-2.3294941283644979028e-23
0
0
DERIV 8
-5.774722398332549682e-7
-4.790996960806133047e-23
0
0
DERIV 9
9.117982734209289807e-8
-7.941457255788061450e-25
0
0
DERIV 10
-1.1819607248049078644e-8
-6.323268393239571690e-25
0
0
DERIV 11
1.3201119783535336292e-9
-9.964677780233060971e-26
0
0
DERIV 12
-1.3047618390703528313e-10
-7.584502894564563566e-27
0
0
DERIV 13
1.1611002791123804044e-11
1.0717023918902855629e-28
0
0
DERIV 14
-9.418125750669429381e-13
-1.3582777070697934830e-29
0
0
DERIV 15
7.028452052738380587e-14
-3.507592570916102323e-30
0
0
DERIV 16
-4.861346003144046089e-15
-2.412262023805234791e-31
0
0
DERIV 17
3.135240866662708737e-16
9.372651064932809522e-33
0
0
DERIV 18
-1.8949257985324065862e-17
1.4991338650007006316e-33
0
0
DERIV 19
1.0779216397818579281e-18
6.595030793775638704e-35
0
0
DERIV 20
-5.792569559575404675e-20
-4.331529959897577602e-36
0
0
DERIV 21
2.9502528191626288560e-21
-1.6722803878583711925e-37
0
0
DERIV 22
-1.4282450824475400771e-22
-4.936421819558004943e-39
0
0
DERIV 23
6.588983287759976387e-24
-3.6406085645037991310e-40
0
0
DERIV 24
-2.903418894786320144e-25
-2.2607940859596467279e-41
0
0
DERIV 25
1.2245712345357269870e-26
-2.8226433678930795769e-43
0
0
DERIV 26
-4.952980427526637757e-28
1.8137316033530337852e-44
0
0
DERIV 27
1.9244709227608612845e-29
-5.900962496198031296e-46
0
0
DERIV 28
-7.194659464791022980e-31
4.364515255344612047e-47
0
0
DERIV 29
2.591796031431171589e-32
8.446073561767873998e-49
0
0
DERIV 30
-9.008916686792842558e-34
-1.5636864670912353401e-50
0
0
DERIV 31
3.025326860908101258e-35
-2.3019642726442169699e-51
0
0
DERIV 32
-9.826723639957039200e-37
-7.746435979159215689e-53
0
0
DERIV 33
3.090697224114019222e-38
2.4454025157620951092e-54
0
0
DERIV 34
-9.422351193578867500e-40
7.407806428882006031e-56
0
0
DERIV 35
2.786976123966058668e-41
9.690098692982672056e-58
0
0
AT 19/4
0.04974724741794364635
1.6554953919102409736e-19
0
0
DERIV 1
-0.04109555221482301401
1.6733879208179960936e-18
0
0
DERIV 2
0.016221928505851187369
1.7132842615401059262e-18
0
0
DERIV 3
-0.003965360301430290689
2.4515402150935913535e-20
0
0
DERIV 4
0.0006308527752275462164
2.5668972543773952044e-20
0
0
DERIV 5
-5.407309501950396567e-5
2.0591680310124286297e-21
0
0
DERIV 6
-3.004060834416886934e-6
6.734083798656267759e-23
0
0
DERIV 7
2.145757738869204953e-6
-4.810059856183048483e-23
0
0
DERIV 8
-4.827954912455710615e-7
-4.211692452698191313e-23
0
0
DERIV 9
7.748569612583240109e-8
-1.7369660591772121726e-24
0
0
DERIV 10
-1.0132744877993467172e-8
-4.346027746115559652e-25
0
0
DERIV 11
1.1379018312185177481e-9
4.571401825199990539e-27
0
0
DERIV 12
-1.1288708643040851209e-10
4.880489880034405258e-27
0
0
DERIV 13
1.0073001558405681429e-11
7.525880568595117384e-28
0
0
DERIV 14
-8.187415059787870097e-13
3.433173728339724989e-29
0
0
DERIV 15
6.119886004285882309e-14
1.3350650838289669571e-30
0
0
DERIV 16
-4.238434563779074152e-15
1.6338450230649766655e-31
0
0
DERIV 17
2.736435514634982984e-16
2.2273548992276826057e-32
0
0
DERIV 18
-1.6553745705816565128e-17
5.257240818967905976e-35
0
0
DERIV 19
9.423722045201696572e-19
-1.9585098408800988992e-36
0
0
DERIV 20
-5.067473175249968964e-20
6.276791697561282875e-37
0
0
DERIV 21
2.5824215847138521241e-21
3.086316549498962252e-38
0
0
DERIV 22
-1.2508003204649805296e-22
-2.2306415885730602527e-39
0
0
DERIV 23
5.772924555992218180e-24
-2.4743505048404059898e-40
0
0
DERIV 24
-2.544827853788840131e-25
1.0020163494448735349e-41
0
0
DERIV 25
1.0737081903657023429e-26
2.6128010236993996409e-43
0
0
DERIV 26
-4.344173996984110143e-28
-3.413436553196592268e-44
0
0
DERIV 27
1.6884078177578846054e-29
1.2779709130902685948e-45
0
0
DERIV 28
-6.313793940355114991e-31
-1.8792210881107842669e-47
0
0
DERIV 29
2.2750206759125365382e-32
1.2052139951119583759e-48
0
0
DERIV 30
-7.909570091882295425e-34
-4.852326423011370037e-50
0
0
DERIV 31
2.656689655071871904e-35
1.7921439320619236077e-52
0
0
DERIV 32
-8.630953396737207559e-37
-1.0784065453961439511e-53
0
0
DERIV 33
2.715076248901459202e-38
6.420583240796419932e-55
0
0
DERIV 34
-8.278564925144762815e-40
3.465374716496357618e-56
0
0
DERIV 35
2.449031848905024780e-41
-2.3141295913842188604e-57
0
0
AT 39/8
0.04485617853580227410
5.142862974650176442e-19
0
0
DERIV 1
-0.03722108431694231417
1.1972482413158260841e-18
0
0
DERIV 2
0.014792995049041175390
2.803320859284722363e-19
0
0
DERIV 3
-0.003658482646537064998
4.725143815591594742e-20
0
0
DERIV 4
0.0005964917358484344775
2.5293418593702969870e-20
0
0
DERIV 5
-5.567256201252055196e-5
-1.6379176204219408283e-21
0
0
DERIV 6
-1.3255371907742989369e-6
4.167176591893477643e-23
0
0
DERIV 7
1.7042621024240984818e-6
9.767789868535178244e-23
0
0
DERIV 8
-4.023952186279121621e-7
-2.4752308327215925147e-24
0
0
DERIV 9
6.575085271697910826e-8
3.605043748035504432e-24
0
0
DERIV 10
-8.679112558641242992e-9
2.255833847042808466e-25
0
0
DERIV 11
9.802854405076886018e-10
-2.4909431459331290066e-26
0
0
DERIV 12
-9.763005403430232241e-11
4.792551796275704038e-27
0
0
DERIV 13
8.736127284074146982e-12
7.479701377369956234e-28
0
0
DERIV 14
-7.115893151188215148e-13
-4.219784206064895457e-29
0
0
DERIV 15
5.327796923453741036e-14
-1.4815012122259999286e-30
0
0
DERIV 16
-3.694790674655419353e-15
-2.700767307291888238e-31
0
0
DERIV 17
2.388063689501324263e-16
-3.382706167404865971e-33
0
0
DERIV 18
-1.4459561665519879049e-17
7.549488394443639620e-34
0
0
DERIV 19
8.237948859900093437e-19
2.516937362850485490e-37
0
0
DERIV 20
-4.432801053184335989e-20
-4.793512624511039573e-38
0
0
DERIV 21
2.2602988935326787343e-21
-3.544106939537723998e-38
0
0
DERIV 22
-1.0953364284963018994e-22
5.055835929459112813e-39
0
0
DERIV 23
5.057670734883496680e-24
2.2860490876663105593e-40
0
0
DERIV 24
-2.230420488315410572e-25
-1.6896463757211484878e-41
0
0
DERIV 25
9.413912681717458367e-27
-6.172798684327310411e-43
0
0
DERIV 26
-3.810055157758950893e-28
-8.202983134600972293e-45
0
0
DERIV 27
1.4812498772975909025e-29
-1.1639449703580846776e-45
0
0
DERIV 28
-5.540600766730210373e-31
-3.019971637013914914e-47
0
0
DERIV 29
1.9969046207774964221e-32
1.1972096990756208285e-48
0
0
DERIV 30
-6.944190843424447519e-34
8.574826251131012667e-51
0
0
DERIV 31
2.3329138551367441185e-35
-1.2025220521537787775e-51
0
0
DERIV 32
-7.580519212120328698e-37
7.190228871228594386e-53
0
0
DERIV 33
2.385055341496463966e-38
-3.715569380481077506e-55
0
0
DERIV 34
-7.273481320638443628e-40
-1.7656077917840525459e-56
0
0
DERIV 35
2.1520268542333426132e-41
1.2526083450514975036e-57
0
0
AT 5
0.04042768199451280547
-2.8947013010806971406e-18
0
0
DERIV 1
-0.03368973499542733674
1.2557687669160427592e-18
0
0
DERIV 2
0.013475893998170934002
1.9158188362430571482e-19
0
0
DERIV 3
-0.003368973499542733500
-4.789547090607642871e-20
0
0
DERIV 4
0.0005614955832571222501
7.982578484346071451e-21
0
0
DERIV 5
-5.614955832571222907e-5
3.2675002983860347081e-21
0
0
DERIV 6
6.874811763572176052e-53
3.365542211744207146e-69
0
0
DERIV 7
1.3368942458502911079e-6
-1.7295272776741272758e-23
0
0
DERIV 8
-3.342235614625727770e-7
4.323818194185318189e-24
0
0
DERIV 9
5.570392691042879396e-8
1.4851786011105207069e-24
0
0
DERIV 10
-7.427190254723839415e-9
2.2557683199404616563e-26
0
0
DERIV 11
8.439988925822544884e-10
-1.1963152778944021110e-26
0
0
DERIV 12
-8.439988925822545142e-11
3.781254692122613739e-27
0
0
DERIV 13
7.574349035994590841e-12
6.134387860795228832e-28
0
0
DERIV 14
-6.183142070199666364e-13
-1.2984073850793475845e-29
0
0
DERIV 15
4.637356552649749773e-14
9.738055388095107234e-31
0
0
DERIV 16
-3.2203864948956598275e-15
1.9532825043412125574e-31
0
0
DERIV 17
2.0837794966971914442e-16
8.242725404230702281e-33
0
0
DERIV 18
-1.2628966646649645724e-17
1.0740062464138932650e-34
0
0
DERIV 19
7.200726596773920909e-19
-1.6260193217555896429e-35
0
0
DERIV 20
-3.877314321339803594e-20
1.1533272229242457121e-36
0
0
DERIV 21
1.9782215925203079792e-21
-8.187331906326551608e-38
0
0
DERIV 22
-9.591377418280280847e-23
1.3336584406174408934e-39
0
0
DERIV 23
4.430799350835999400e-24
-1.5743756525860087339e-40
0
0
DERIV 24
-1.9547644194864701616e-25
-9.260489090001352193e-42
0
0
DERIV 25
8.253449771165097214e-27
-5.847537184341551038e-43
0
0
DERIV 26
-3.341477640147812187e-28
-2.1348855985992700728e-44
0
0
DERIV 27
1.2994635267241493520e-29
-8.513248688456198425e-46
0
0
DERIV 28
-4.861938365294435922e-31
-1.1044600753814745895e-47
0
0
DERIV 29
1.7527364012816932685e-32
-2.7963343360109309867e-49
0
0
DERIV 30
-6.096474439240671762e-34
-3.787207297273429783e-50
0
0
DERIV 31
2.0485465185620537755e-35
3.529221216864991762e-52
0
0
DERIV 32
-6.657776185326674804e-37
-8.129013067195978437e-54
0
0
DERIV 33
2.0951043939839185752e-38
9.494069001116047804e-55
0
0
DERIV 34
-6.390296626530470751e-40
-1.3853073212013146201e-56
0
0
DERIV 35
1.8910061445855476325e-41
-1.2442767404285736661e-57
0
0
AT 41/8
0.03642058130839157665
1.4697602472424009491e-18
0
0
DERIV 1
-0.030474363951919485050
1.3191820435386055880e-18
0
0
DERIV 2
0.012264073297723694991
-3.193386911829989200e-19
0
0
DERIV 3
-0.003096988206495882631
1.3758907653029895589e-19
0
0
DERIV 4
0.0005264879951043000298
-6.042908250382750474e-21
0
0
DERIV 5
-5.574578771692588312e-5
-1.7517850951480859933e-21
0
0
DERIV 6
1.0323294021652942260e-6
-6.167430719217992712e-23
0
0
DERIV 7
1.0323294021652942260e-6
-6.167430719217992712e-23
0
0
DERIV 8
-2.765168041514180887e-7
8.957109540277655184e-24
0
0
DERIV 9
4.711027033690826436e-8
1.0719337799710937761e-24
0
0
DERIV 10
-6.349645132365896515e-9
-1.3009228142996434737e-25
0
0
DERIV 11
7.262057482764515349e-10
-1.2411093593703672186e-26
0
0
DERIV 12
-7.293091916451542629e-11
-4.387429067539963765e-27
0
0
DERIV 13
6.564976356871274314e-12
1.3316771269939024528e-28
0
0
DERIV 14
-5.371344291985588479e-13
2.949413821736569163e-29
0
0
DERIV 15
4.035613171756367584e-14
2.5856551464532227811e-30
0
0
DERIV 16
-2.8064563430347981127e-15
5.351277076096422326e-32
0
0
DERIV 17
1.8180320316010978893e-16
-1.1451369312399118768e-32
0
0
DERIV 18
-1.1028929949048804472e-17
-6.748630277086267504e-34
0
0
DERIV 19
6.293516813030620317e-19
-2.0494755717798108657e-35
0
0
DERIV 20
-3.391166826438829051e-20
-2.3198060857488646713e-36
0
0
DERIV 21
1.7312263077915944672e-21
6.194832986358588383e-38
0
0
DERIV 22
-8.398233043908804151e-23
-4.783191566818818093e-39
0
0
DERIV 23
3.881415477328615654e-24
-2.592564063561742185e-41
0
0
DERIV 24
-1.7130938680802223814e-25
5.169137983125939216e-42
0
0
DERIV 25
7.235725149094085299e-27
6.245629041208586592e-43
0
0
DERIV 26
-2.930413394564339564e-28
1.2991181029577343460e-44
0
0
DERIV 27
1.1399465103476465787e-29
2.1601266578579767894e-46
0
0
DERIV 28
-4.266266880043587936e-31
3.596848967990451563e-47
0
0
DERIV 29
1.5383780079763084301e-32
-3.666452352264315285e-50
0
0
DERIV 30
-5.352098351975863224e-34
-3.359012631787574679e-50
0
0
DERIV 31
1.7987967776443114434e-35
7.235758195565751149e-52
0
0
DERIV 32
-5.847219424817407304e-37
2.096935688152664569e-53
0
0
DERIV 33
1.8403633089382850116e-38
4.958580993631951485e-55
0
0
DERIV 34
-5.614241010851403529e-40
4.010627329677376160e-56
0
0
DERIV 35
1.6616139314627469959e-41
1.1813472045736491363e-57
0
0
AT 21/4
0.03279698999488365324
-1.5129799777487792680e-18
0
0
DERIV 1
-0.027549471595702267751
2.994580347619625776e-19
0
0
DERIV 2
0.011150976598260441131
4.570319541124270564e-19
0
0
DERIV 3
-0.002842405799556582940
-2.1003735220387785194e-19
0
0
DERIV 4
0.0004919548499232547813
-5.347464906463617564e-21
0
0
DERIV 5
-5.466164999147275197e-5
-9.116735832894652761e-22
0
0
DERIV 6
1.8220549997157585260e-6
-9.666582264516287577e-23
0
0
DERIV 7
7.808807141638964658e-7
3.948555326410572873e-24
0
0
DERIV 8
-2.2775687496446981575e-7
1.2083227830645359472e-23
0
0
DERIV 9
3.976707340649472595e-8
1.6716271472725874767e-24
0
0
DERIV 10
-5.422782737249280737e-9
-3.031473939510826681e-25
0
0
DERIV 11
6.244416485317353619e-10
3.052131787325255365e-26
0
0
DERIV 12
-6.299192068521892308e-11
1.9095746981386156042e-27
0
0
DERIV 13
5.688233640471273520e-12
2.976507150465430668e-28
0
0
DERIV 14
-4.664953514672208234e-13
-4.524645355600375147e-29
0
0
DERIV 15
3.511255333624243381e-14
-2.8373811973186930243e-30
0
0
DERIV 16
-2.4453385359168834452e-15
-1.4047991171002466367e-31
0
0
DERIV 17
1.5859661695991855546e-16
-1.2194425913397711014e-32
0
0
DERIV 18
-9.630543923922702463e-18
2.229258262237046119e-34
0
0
DERIV 19
5.500086675476571276e-19
-7.618207682640267943e-37
0
0
DERIV 20
-2.965733011286386189e-20
-2.7911713473787570021e-36
0
0
DERIV 21
1.5149631832545176726e-21
9.030798236979565777e-38
0
0
DERIV 22
-7.353057052776164534e-23
-2.6263049681832733356e-39
0
0
DERIV 23
3.399964268709475620e-24
1.6605563986439276379e-40
0
0
DERIV 24
-1.5012280042187361348e-25
-6.418272693932852661e-42
0
0
DERIV 25
6.343216919234096274e-27
3.4193058842167188786e-43
0
0
DERIV 26
-2.569816085228172478e-28
2.6676704704714259910e-46
0
0
DERIV 27
9.999753168023361878e-30
3.0758874441082916843e-46
0
0
DERIV 28
-3.743453208339210590e-31
1.3357719832038109440e-47
0
0
DERIV 29
1.3501951722507655853e-32
-2.2144028916496627402e-49
0
0
DERIV 30
-4.698481368638195069e-34
-1.1404959586200681976e-50
0
0
DERIV 31
1.5794555364861845264e-35
-6.757301927482936939e-52
0
0
DERIV 32
-5.135224755621117291e-37
-1.0933590227437305402e-53
0
0
DERIV 33
1.6165608968857297494e-38
5.906864513170938957e-55
0
0
DERIV 34
-4.932332588079054485e-40
-1.8022593759262624804e-56
0
0
DERIV 35
1.4600212294185103367e-41
5.334873313552642727e-58
0
0
AT 43/8
0.029522106926274445382
-1.5411700488008970996e-18
0
0
DERIV 1
-0.024891188192741196122
-1.6258020948150359244e-18
0
0
DERIV 2
0.010130134729603975166
6.616636432386774760e-19
0
0
DERIV 3
-0.002604891787612450757
-1.7014207968994563119e-19
0
0
DERIV 4
0.0004582679996725608175
-6.207669507767120621e-21
0
0
DERIV 5
-5.306261048840177558e-5
-2.5623553684646756927e-21
0
0
DERIV 6
2.411936840381899160e-6
-1.5303978465070119994e-22
0
0
DERIV 7
5.742706762814045517e-7
-2.6354318401901474099e-23
0
0
DERIV 8
-1.8663796979145646873e-7
-2.0227583600607753031e-24
0
0
DERIV 9
3.349912278308193351e-8
-2.8608242201957636512e-24
0
0
DERIV 10
-4.626069336711314643e-9
4.108220230280440755e-25
0
0
DERIV 11
5.365660359194941308e-10
-3.568477864063197978e-27
0
0
DERIV 12
-5.438169282967845711e-11
-1.7342267685570095066e-27
0
0
DERIV 13
4.926888410210184850e-12
3.103916319052351794e-28
0
0
DERIV 14
-4.050406914054195166e-13
-1.8168844972145165931e-29
0
0
DERIV 15
3.054405213876934012e-14
1.8460125931803441790e-30
0
0
DERIV 16
-2.1303369698235862219e-15
-1.2875268992290443748e-31
0
0
DERIV 17
1.3833356946906404039e-16
8.360564280708080303e-33
0
0
DERIV 18
-8.408511085374481098e-18
-2.967165016005202010e-34
0
0
DERIV 19
4.806223087848458510e-19
1.1558474635187433951e-36
0
0
DERIV 20
-2.5934570127499106916e-20
-9.502522941753250113e-37
0
0
DERIV 21
1.3256202293217106374e-21
-1.2560650547563165265e-38
0
0
DERIV 22
-6.437549676193233277e-23
-1.3811476500154538056e-39
0
0
DERIV 23
2.9780664588998263761e-24
-1.3530209272667056613e-40
0
0
DERIV 24
-1.3154992816568781873e-25
5.458820846997715098e-42
0
0
DERIV 25
5.560550155088647698e-27
2.9580628849021018749e-43
0
0
DERIV 26
-2.253501224442224583e-28
1.7690281132668968795e-44
0
0
DERIV 27
8.771590045599599635e-30
-3.503876454829363145e-47
0
0
DERIV 28
-3.284599735689893560e-31
2.0344845217150880725e-47
0
0
DERIV 29
1.1849961175201727993e-32
8.266670863223039031e-50
0
0
DERIV 30
-4.124572121755297629e-34
1.1864341648305016582e-51
0
0
DERIV 31
1.3868248984225868658e-35
-2.4015552794027695324e-52
0
0
DERIV 32
-4.509820814984618098e-37
3.536827242762523695e-53
0
0
DERIV 33
1.4199435825450458879e-38
5.358209332140874181e-55
0
0
DERIV 34
-4.333161167390984886e-40
-3.817894600629350833e-56
0
0
DERIV 35
1.2828621943536335351e-41
1.1230642275590627487e-57
0
0
AT 11/2
0.026564014350016436350
-8.924010661133235719e-19
0
0
DERIV 1
-0.022477242911552369753
1.2888696639349066844e-18
0
0
DERIV 2
0.009195235736544151578
-8.426691308782448985e-19
0
0
DERIV 3
-0.002383950005770705659
-8.671305906452293126e-20
0
0
DERIV 4
0.0004257053581733402886
2.3228776064989841685e-20
0
0
DERIV 5
-5.108464298080083924e-5
1.8204061052646129025e-21
0
0
DERIV 6
2.838035721155602133e-6
-5.407628655612848228e-23
0
0
DERIV 7
4.054336744508002896e-7
7.400404550094151234e-24
0
0
DERIV 8
-1.5203762791905012182e-7
1.0459738094563135167e-23
0
0
DERIV 9
2.8155116281305574562e-8
1.6168244660494641913e-24
0
0
DERIV 10
-3.941716279382780869e-9
2.0377849328064941517e-25
0
0
DERIV 11
4.607200846031821801e-10
-2.4489678283252064534e-26
0
0
DERIV 12
-4.692519380217596088e-11
5.795491479399610425e-28
0
0
DERIV 13
4.265926709288724010e-12
-3.464294014295659656e-28
0
0
DERIV 14
-3.515873661501695324e-13
-2.978965038877221001e-31
0
0
DERIV 15
2.6564378775790587510e-14
-5.945567944569191541e-31
0
0
DERIV 16
-1.8555999880147838255e-15
1.8074228876944864702e-31
0
0
DERIV 17
1.2064272367897974184e-16
-2.264726552531640100e-34
0
0
DERIV 18
-7.340694827027867441e-18
-4.345845609398253110e-34
0
0
DERIV 19
4.199482166491915053e-19
2.0785191819078810710e-35
0
0
DERIV 20
-2.2677203699056343501e-20
1.0924190778150654193e-36
0
0
DERIV 21
1.1598569793168147174e-21
-2.635117054837305629e-38
0
0
DERIV 22
-5.635668708279193989e-23
3.491347191201112642e-39
0
0
DERIV 23
2.6083740164546057204e-24
3.161120186164110407e-41
0
0
DERIV 24
-1.1526905375746364638e-25
8.343168702163917557e-42
0
0
DERIV 25
4.874234273172747924e-27
1.9821612897073017343e-43
0
0
DERIV 26
-1.9760409215565195015e-28
-7.641861704251448808e-46
0
0
DERIV 27
7.693986494189677211e-30
-1.0997597888573110472e-46
0
0
DERIV 28
-2.881893895907283435e-31
1.9987671714554929110e-47
0
0
DERIV 29
1.0399777491245208424e-32
-2.7903580427697560681e-49
0
0
DERIV 30
-3.620663274729813102e-34
-1.0368772161598059377e-50
0
0
DERIV 31
1.2176561459283518235e-35
-9.335571011915852745e-52
0
0
DERIV 32
-3.960488739945532113e-37
3.377355968173166223e-53
0
0
DERIV 33
1.2472127345045347337e-38
-6.882645220615097048e-55
0
0
DERIV 34
-3.806698135280210993e-40
-2.480052874961060074e-56
0
0
DERIV 35
1.1271781491479066959e-41
9.347520142692631376e-59
0
0
AT 45/8
0.023893480776104213809
1.1218799540233667442e-18
0
0
DERIV 1
-0.020286917640088483750
-6.252332673827062363e-19
0
0
DERIV 2
0.008340177252036376845
6.429329037102287623e-20
0
0
DERIV 3
-0.002178965228009503794
-8.321693868163147733e-20
0
0
DERIV 4
0.0003944678430017205294
1.1062272704701573554e-22
0
0
DERIV 5
-4.883887580021302070e-5
2.7613451276558867380e-21
0
0
DERIV 6
3.130697166680321655e-6
7.600441859534254420e-24
0
0
DERIV 7
2.683454714297418743e-7
-1.7499239567489213358e-23
0
0
DERIV 8
-1.2299167440529835906e-7
8.020484801765890068e-24
0
0
DERIV 9
2.3604462764653218587e-8
2.988941770516584184e-25
0
0
DERIV 10
-3.354318392871773098e-9
-1.1213175042759588461e-25
0
0
DERIV 11
3.952900462980204310e-10
-1.8988769588143186292e-26
0
0
DERIV 12
-4.047017140670208774e-11
-2.0564131594242390567e-27
0
0
DERIV 13
3.692269663223267850e-12
-2.661361518613722066e-28
0
0
DERIV 14
-3.051035155884772722e-13
-2.1141592128861823471e-29
0
0
DERIV 15
2.3098232253590937658e-14
-1.3231379621369226090e-30
0
0
DERIV 16
-1.6160143834135449109e-15
-7.520983137138199136e-32
0
0
DERIV 17
1.0519936770456803024e-16
-3.688650240091634513e-33
0
0
DERIV 18
-6.407725877587476560e-18
-2.909670722266101859e-34
0
0
DERIV 19
3.668969704344477820e-19
-3.918921672712419344e-36
0
0
DERIV 20
-1.9827260523477732275e-20
-1.1864644828668800481e-36
0
0
DERIV 21
1.0147463107253846348e-21
3.276590895493910312e-38
0
0
DERIV 22
-4.933351629218273188e-23
-9.703732693105314666e-40
0
0
DERIV 23
2.2844434903767897485e-24
-6.894309729323207129e-41
0
0
DERIV 24
-1.0099797874121302658e-25
-3.144413060348243656e-42
0
0
DERIV 25
4.272432482002392881e-27
3.164129390723666542e-44
0
0
DERIV 26
-1.7326714670601017565e-28
-2.6324382271944033321e-45
0
0
DERIV 27
6.748517303005891655e-30
5.930680241979796105e-46
0
0
DERIV 28
-2.528476027199841490e-31
1.7885622209591305361e-47
0
0
DERIV 29
9.126783804572929538e-33
3.820532413872605218e-49
0
0
DERIV 30
-3.178228252244204463e-34
-1.8305380995609702671e-50
0
0
DERIV 31
1.0690952375153009005e-35
-4.483684072363111650e-52
0
0
DERIV 32
-3.477986109224456222e-37
-8.757514428053445334e-54
0
0
DERIV 33
1.0954695761253326058e-38
-4.683530481014473580e-55
0
0
DERIV 34
-3.3441293165799809172e-40
8.242605383313108380e-58
0
0
DERIV 35
9.903683690328188703e-42
2.946148482248193877e-59
0
0
AT 23/4
0.021483770376440253225
-5.158063167037595312e-19
0
0
DERIV 1
-0.018300989579930586337
6.963866365960627990e-19
0
0
DERIV 2
0.007559104391710458858
4.288782597442204656e-19
0
0
DERIV 3
-0.001989237997818541805
-1.1286269993268960256e-19
0
0
DERIV 4
0.0003646936329333993489
2.6214587795680182720e-21
0
0
DERIV 5
-4.641555328243264798e-5
3.2392987692003917499e-21
0
0
DERIV 6
3.315396663030903064e-6
1.3163563673752929932e-22
0
0
DERIV 7
1.5787603157290014087e-7
1.1310226435443658709e-23
0
0
DERIV 8
-9.867251973306260128e-8
6.165998278696155738e-24
0
0
DERIV 9
1.9734503946612517609e-8
1.4137783044304573386e-24
0
0
DERIV 10
-2.850539458955141469e-9
-1.6744883897093151098e-25
0
0
DERIV 11
3.388753202953665092e-10
-2.0946383312237220257e-26
0
0
DERIV 12
-3.488422414805243287e-11
2.555545952095582890e-28
0
0
DERIV 13
3.1945260208839224611e-12
-6.038932039219014169e-29
0
0
DERIV 14
-2.646892988732393041e-13
1.9428571670822827194e-29
0
0
DERIV 15
2.0079877845556084222e-14
-5.599010779442835502e-31
0
0
DERIV 16
-1.4071126520560135195e-15
8.106902505705837881e-32
0
0
DERIV 17
9.171958463322186115e-17
4.965432554271985142e-34
0
0
DERIV 18
-5.592657599586699170e-18
2.891454995918343422e-34
0
0
DERIV 19
3.205148799763137574e-19
-2.0343932323799417759e-35
0
0
DERIV 20
-1.7333967998719007853e-20
-3.736929031929160712e-37
0
0
DERIV 21
8.877234285058251352e-22
8.402773440837157476e-38
0
0
DERIV 22
-4.318271861152738509e-23
2.0243471837724469515e-39
0
0
DERIV 23
2.0006248822161654272e-24
-1.3882066165495866517e-40
0
0
DERIV 24
-8.848917748263808214e-26
2.0781900123658683857e-42
0
0
DERIV 25
3.744759394917437593e-27
-1.8508141795402751854e-45
0
0
DERIV 26
-1.5192121886651352903e-28
-8.642792189105816496e-45
0
0
DERIV 27
5.919008527266761517e-30
-3.0932102488589036575e-46
0
0
DERIV 28
-2.218323301665232432e-31
5.723082761999522823e-48
0
0
DERIV 29
8.009362022239581476e-33
-8.116974267090037188e-50
0
0
DERIV 30
-2.789777783027269808e-34
-1.1587650096229919177e-50
0
0
DERIV 31
9.386349113896815774e-36
-5.589915440322789133e-52
0
0
DERIV 32
-3.054192205230600252e-37
-5.921155262667946949e-54
0
0
DERIV 33
9.621667613237715011e-39
-2.5866574660747978142e-55
0
0
DERIV 34
-2.9377080387756606229e-40
-1.8400070491068201173e-56
0
0
DERIV 35
8.701468109610737998e-42
4.334295692886278669e-58
0
0
AT 47/8
0.019310460087362899678
-3.984254464841447271e-19
0
0
DERIV 1
-0.016501665892837386052
-6.057401508099892681e-19
0
0
DERIV 2
0.006846435849155937080
-6.240886393634189151e-20
0
0
DERIV 3
-0.0018140129172977269723
7.028245626019252212e-20
0
0
DERIV 4
0.0003364701378858686934
6.199582947449047625e-21
0
0
DERIV 5
-4.388740928946113686e-5
2.1375603016520386256e-21
0
0
DERIV 6
3.413465166958088357e-6
-1.0037434978649074203e-22
0
0
DERIV 7
6.966255442771609270e-8
-5.829853204048345979e-24
0
0
DERIV 8
-7.837037373118059436e-8
-3.367582496081942872e-24
0
0
DERIV 9
1.6448103128766298562e-8
-2.735856342184891830e-25
0
0
DERIV 10
-2.418838695406808636e-9
6.456202304839627936e-26
0
0
DERIV 11
2.902606434488170115e-10
1.7067975610783276264e-26
0
0
DERIV 12
-3.005223833687247268e-11
2.5410934680517807960e-27
0
0
DERIV 13
2.7627761322828348134e-12
1.5210109353339619911e-28
0
0
DERIV 14
-2.295601159476990901e-13
-2.5149517463860338576e-29
0
0
DERIV 15
1.7451938639298764572e-14
-1.4280208675428546836e-30
0
0
DERIV 16
-1.2249918467969323282e-15
-8.484282456086393406e-32
0
0
DERIV 17
7.995514874339365467e-17
5.409930441869682399e-36
0
0
DERIV 18
-4.880664086530888023e-18
-3.627960634768065343e-34
0
0
DERIV 19
2.799671297418664644e-19
-1.0538145217036330228e-35
0
0
DERIV 20
-1.5152860114894835311e-20
1.4700408556132717866e-36
0
0
DERIV 21
7.765411306045878274e-22
2.928090463540408014e-38
0
0
DERIV 22
-3.779624971969232710e-23
-2.2053721398795929517e-39
0
0
DERIV 23
1.7519641443910564934e-24
9.324964106701182047e-41
0
0
DERIV 24
-7.752554514908745570e-26
3.378288017374405197e-42
0
0
DERIV 25
3.282103371275235356e-27
-1.4825938185770697071e-43
0
0
DERIV 26
-1.3319942063796048153e-28
7.586941681044348891e-45
0
0
DERIV 27
5.191262823217534910e-30
-9.928487044397748436e-47
0
0
DERIV 28
-1.9461477753410900229e-31
-1.6350658807187601181e-49
0
0
DERIV 29
7.028527978685430361e-33
-1.5632156656841941872e-49
0
0
DERIV 30
-2.448733853214321150e-34
-1.0821895596049372106e-50
0
0
DERIV 31
8.240725957634943053e-36
3.2597369552048281096e-52
0
0
DERIV 32
-2.681972016652564217e-37
6.701728562835294916e-54
0
0
DERIV 33
8.450658095588510038e-39
5.506610146819660217e-55
0
0
DERIV 34
-2.5806259593902429786e-40
-1.9318167022415228981e-56
0
0
DERIV 35
7.645040696021128583e-42
-2.928242542257363753e-59
0
0
AT 6
0.017351265236664508568
3.935618328190629347e-19
0
0
DERIV 1
-0.014872513059998150944
4.061142044308633890e-19
0
0
DERIV 2
0.006196880441665895793
2.644666171480086908e-19
0
0
DERIV 3
-0.0016525014511109055882
-2.715634434004880726e-20
0
0
DERIV 4
0.0003098440220832948113
-8.460712592309654440e-21
0
0
DERIV 5
-4.131253627777264377e-5
3.3868495383194212955e-21
0
0
DERIV 6
3.442711356481053506e-6
-1.4106530365090173379e-22
0
0
DERIV 7
-3.426494150425686956e-48
2.2287421370055894171e-64
0
0
DERIV 8
-6.147698850859023740e-8
-1.2623738064763098651e-24
0
0
DERIV 9
1.3661553001908942565e-8
-6.385620569530729714e-25
0
0
DERIV 10
-2.049232950286341467e-9
1.7850236979826372239e-25
0
0
DERIV 11
2.483918727619807401e-10
2.2228987659840712769e-26
0
0
DERIV 12
-2.5874153412706328167e-11
-1.2384614586383195216e-27
0
0
DERIV 13
2.3883833919421225627e-12
1.5160229927182870150e-28
0
0
DERIV 14
-1.9903194932851023880e-13
1.2610024027753319315e-29
0
0
DERIV 15
1.5164338996457923017e-14
-1.0208674234647109208e-30
0
0
DERIV 16
-1.0662425856884476628e-15
2.2475934136049247412e-32
0
0
DERIV 17
6.968905788813382797e-17
4.734241406755145977e-33
0
0
DERIV 18
-4.258775759830400872e-18
-1.5404716099963159600e-35
0
0
DERIV 19
2.445230101338029253e-19
-3.492632202796072180e-36
0
0
DERIV 20
-1.3244996382247658050e-20
-2.120511607625535736e-37
0
0
DERIV 21
6.792305837050081341e-22
-1.8060827058058689735e-38
0
0
DERIV 22
-3.307941154407506841e-23
-2.1736463467108754825e-39
0
0
DERIV 23
1.5341176368266699964e-24
-5.624522082852407474e-41
0
0
DERIV 24
-6.791666621368070344e-26
2.968332672918988600e-42
0
0
DERIV 25
2.8764705690500062432e-27
-1.0545978905348263456e-43
0
0
DERIV 26
-1.1677978805972246246e-28
-8.941021424021841378e-45
0
0
DERIV 27
4.552818247942396372e-30
1.7375697224882757140e-46
0
0
DERIV 28
-1.7073068429783985958e-31
-1.0894944160346087760e-47
0
0
DERIV 29
6.167610927015562108e-33
-2.8503251068256443629e-49
0
0
DERIV 30
-2.149318959414513786e-34
-1.8317361927127537680e-50
0
0
DERIV 31
7.234734225238196058e-36
-3.711876786230471946e-52
0
0
DERIV 32
-2.355056713944725158e-37
-9.763609341992821337e-56
0
0
DERIV 33
7.421996916674285110e-39
2.3877892312154444399e-55
0
0
DERIV 34
-2.2668995107489334655e-40
1.5774372780784716191e-56
0
0
DERIV 35
6.716739291107951132e-42
-5.901159036956767855e-58
0
0
AT 49/8
0.015585874217053055646
8.574676832556190670e-19
0
0
DERIV 1
-0.013398383098870170552
-8.284225773237851567e-19
0
0
DERIV 2
0.005605445990343642729
3.996887356959756713e-19
0
0
DERIV 3
-0.0015039001437507336107
8.845170692041464809e-20
0
0
DERIV 4
0.0002848295726800631543
1.2816932938920072846e-20
0
0
DERIV 5
-3.873682188448859066e-5
-6.258951234059810985e-23
0
0
DERIV 6
3.417954872160757875e-6
1.3008627274392047651e-22
0
0
DERIV 7
-5.425325193905964923e-8
-1.6447062403527553413e-24
0
0
DERIV 8
-4.747159544667719639e-8
1.8696044899034499595e-24
0
0
DERIV 9
1.1302760820637426923e-8
3.426471334068240141e-25
0
0
DERIV 10
-1.7330899924977388776e-9
3.017883413292308387e-26
0
0
DERIV 11
2.1235490026652134820e-10
1.2547469606728224377e-26
0
0
DERIV 12
-2.2263013737619176416e-11
1.4987880325269487609e-27
0
0
DERIV 13
2.0638296758739667194e-12
1.8608846179148302988e-28
0
0
DERIV 14
-1.7250855953353826260e-13
-4.582386616943566155e-30
0
0
DERIV 15
1.3173380909833832098e-14
-7.860319982243847230e-31
0
0
DERIV 16
-9.278869490061527340e-16
-6.672026720292314587e-32
0
0
DERIV 17
6.073162300868771669e-17
-2.3117408999140728914e-33
0
0
DERIV 18
-3.715647821206631959e-18
-3.558931204546193080e-34
0
0
DERIV 19
2.1354297823026621918e-19
5.787781771454629341e-36
0
0
DERIV 20
-1.1576277240903905462e-20
-4.182910778814529614e-37
0
0
DERIV 21
5.940669319187857314e-22
7.248903110185035554e-39
0
0
DERIV 22
-2.894920757507596282e-23
-6.950124730531709692e-40
0
0
DERIV 23
1.3432770778350922449e-24
-3.955475984667463785e-41
0
0
DERIV 24
-5.949553986474325752e-26
3.960942428449710280e-43
0
0
DERIV 25
2.5208480594543068364e-27
5.815255410800359020e-44
0
0
DERIV 26
-1.0237978939688013176e-28
-3.013039111528194157e-45
0
0
DERIV 27
3.992736451828290817e-30
-5.726932802947916832e-47
0
0
DERIV 28
-1.4977245899715286344e-31
-2.0026158394789992017e-48
0
0
DERIV 29
5.411971985236785388e-33
-3.741218296614370689e-50
0
0
DERIV 30
-1.8864588062825365747e-34
-3.314455612790876115e-51
0
0
DERIV 31
6.351377260707993840e-36
2.702269638313207096e-53
0
0
DERIV 32
-2.067938604189938904e-37
-1.9902287544053303894e-53
0
0
DERIV 33
6.518399437601909466e-39
-5.809423692648994114e-57
0
0
DERIV 34
-1.9912700754254198695e-40
-4.238098385183779341e-57
0
0
DERIV 35
5.901039559068022261e-42
-4.619339178576476962e-58
0
0
AT 25/4
0.013995792487650891844
1.6168390792813460589e-19
0
0
DERIV 1
-0.012065338351423182325
-4.384729337271517115e-19
0
0
DERIV 2
0.005067442107597736403
3.576309797630844205e-19
0
0
DERIV 3
-0.0013674050131612940258
-2.0781541222797079617e-20
0
0
DERIV 4
0.0002614156642808356098
1.6728261380658316722e-20
0
0
DERIV 5
-3.619601505426954806e-5
-2.312166286959508012e-22
0
0
DERIV 6
3.351482875395328744e-6
-1.9819218737186020239e-22
0
0
DERIV 7
-9.575665358272367499e-8
2.2593765475492630550e-24
0
0
DERIV 8
-3.590874509352137977e-8
2.5016274304370291790e-24
0
0
DERIV 9
9.309674653875911927e-9
6.994279607138523667e-25
0
0
DERIV 10
-1.4629488741805006406e-9
8.506817913246543160e-26
0
0
DERIV 11
1.8135729845212817154e-10
-3.495807275137782674e-27
0
0
DERIV 12
-1.9143270392169083266e-11
-1.1388794459241350869e-27
0
0
DERIV 13
1.7825717369226272660e-12
2.674183505184997511e-29
0
0
DERIV 14
-1.4947030092208364882e-13
-6.162133524079404117e-30
0
0
DERIV 15
1.1440936613789119718e-14
-4.476943407848296814e-31
0
0
DERIV 16
-8.073241562149580224e-16
9.325099303175151646e-33
0
0
DERIV 17
5.291704553341741579e-17
1.8633658062720003505e-34
0
0
DERIV 18
-3.2413574899386737761e-18
1.4770863790240752442e-34
0
0
DERIV 19
1.8646732194261647885e-19
-3.281745384891547497e-36
0
0
DERIV 20
-1.0116844062844086060e-20
6.838648613298593247e-37
0
0
DERIV 21
5.195391442170165315e-22
-8.953111157365946266e-39
0
0
DERIV 22
-2.5332900420499152788e-23
3.339124189532355653e-41
0
0
DERIV 23
1.1761037041204470594e-24
-2.659011187756973501e-41
0
0
DERIV 24
-5.211570646565472929e-26
-3.4017851068294176112e-43
0
0
DERIV 25
2.2090836770516332536e-27
6.196493646746081271e-44
0
0
DERIV 26
-8.975150367219528083e-29
-5.553935044614750457e-45
0
0
DERIV 27
3.501416686470828283e-30
1.7342208123667369197e-46
0
0
DERIV 28
-1.3138227168945693825e-31
-6.546841725435902807e-48
0
0
DERIV 29
4.748756808052660782e-33
-1.2609031949603353257e-49
0
0
DERIV 30
-1.6556968181333031522e-34
1.1848386755900096954e-51
0
0
DERIV 31
5.575724839513073198e-36
1.2092950562109156134e-52
0
0
DERIV 32
-1.8157788128677442785e-37
6.776294972026192540e-55
0
0
DERIV 33
5.724677616326221370e-39
2.3988796639189998286e-55
0
0
DERIV 34
-1.7491162334291995665e-40
-6.863702537673804857e-57
0
0
DERIV 35
5.184296446212047301e-42
-3.1809337820202779677e-58
0
0
AT 51/8
0.012564195994043982768
3.807960973405897330e-19
0
0
DERIV 1
-0.010860576198241409657
4.940958705589919060e-19
0
0
DERIV 2
0.004578478201219417405
1.8286781875911677471e-19
0
0
DERIV 3
-0.0012422227677727102832
8.485938839689134826e-20
0
0
DERIV 4
0.00023957153378473697932
-1.2493588574809386269e-20
0
0
DERIV 5
-3.371747512525927486e-5
-1.9560394211345737646e-21
0
0
DERIV 6
3.253440582261859907e-6
1.3672985089210709558e-22
0
0
DERIV 7
-1.2675742528292960572e-7
-6.358427162096259226e-24
0
0
DERIV 8
-2.6407796933943667858e-8
-1.3246723254367207028e-24
0
0
DERIV 9
7.628919114250393672e-9
-3.525885393654164346e-25
0
0
DERIV 10
-1.2323638569173711391e-9
-8.939072893881454672e-26
0
0
DERIV 11
1.5471234567360936636e-10
8.648463523606637332e-27
0
0
DERIV 12
-1.6449301120469963186e-11
9.003362244611098114e-28
0
0
DERIV 13
1.5389159052414724878e-12
7.531238827266130015e-29
0
0
DERIV 14
-1.2946435393301278127e-13
1.0092537298489882280e-29
0
0
DERIV 15
9.933742880394690625e-15
-6.372873668955565806e-33
0
0
DERIV 16
-7.022830519951164851e-16
3.763046098701278338e-32
0
0
DERIV 17
4.610042199797439637e-17
-4.158754898403024928e-34
0
0
DERIV 18
-2.8272264573072322550e-18
1.8002368430900890689e-34
0
0
DERIV 19
1.6280622943007590080e-19
1.9759580703839400161e-36
0
0
DERIV 20
-8.840553318514874775e-21
4.848491515256304065e-37
0
0
DERIV 21
4.543235793107596911e-22
-3.413190336817048431e-39
0
0
DERIV 22
-2.2166746780383187062e-23
-3.702347976408716424e-40
0
0
DERIV 23
1.0296705119092896468e-24
-3.892600119111711420e-42
0
0
DERIV 24
-4.564872602797850816e-26
6.623612514565723612e-43
0
0
DERIV 25
1.9357805623894645082e-27
2.0462149363862323430e-44
0
0
DERIV 26
-7.867738783306880180e-29
3.443333816091998645e-45
0
0
DERIV 27
3.0704324856554315925e-30
1.1220320398043677550e-47
0
0
DERIV 28
-1.1524598729143453330e-31
-1.4172908477461920005e-48
0
0
DERIV 29
4.166678328405051921e-33
2.2211985303479533975e-49
0
0
DERIV 30
-1.4531190316788332201e-34
6.334362164397400845e-52
0
0
DERIV 31
4.894662216847254695e-36
2.9364573509915405452e-52
0
0
DERIV 32
-1.5943261519823234385e-37
-2.825487431486006680e-54
0
0
DERIV 33
5.027485943029938564e-39
7.113089885824608472e-56
0
0
DERIV 34
-1.5363766224754332158e-40
3.168455834104757937e-57
0
0
DERIV 35
4.554516882187400764e-42
9.010623937359038537e-59
0
0
AT 13/2
0.011275793947331793840
-4.846558611309012053e-19
0
0
DERIV 1
-0.009772354754354220172
-7.364472376710903517e-19
0
0
DERIV 2
0.004134457780688324119
1.1141343024813740711e-19
0
0
DERIV 3
-0.0011275793947331793840
4.846558611309012053e-20
0
0
DERIV 4
0.00021925154897589597025
1.1657844943006174393e-20
0
0
DERIV 5
-3.132164985369942432e-5
-1.6654064204294535384e-21
0
0
DERIV 6
3.132164985369942686e-6
-8.756924213334475494e-23
0
0
DERIV 7
-1.4915071358904489739e-7
1.1732758083025051021e-23
0
0
DERIV 8
-1.8643839198630612173e-8
1.4665947603781313777e-24
0
0
DERIV 9
6.214613066210203506e-9
6.258882157597466501e-26
0
0
DERIV 10
-1.0357688443683673200e-9
5.850024745008985824e-26
0
0
DERIV 11
1.3182512564688310029e-10
5.714205524241276088e-27
0
0
DERIV 12
-1.4124120605023189317e-11
-6.122363061687081139e-28
0
0
DERIV 13
1.3279087748312400523e-12
2.649169501365271231e-29
0
0
DERIV 14
-1.1209619527796182358e-13
-1.2527970219159154986e-30
0
0
DERIV 15
8.622784252150909021e-15
5.818218664372315407e-31
0
0
DERIV 16
-6.107805511940227618e-16
-1.7693369449199766730e-33
0
0
DERIV 17
4.015512274285962926e-17
-1.2058377128475710575e-33
0
0
DERIV 18
-2.4656654315790998259e-18
-1.4220209910722475840e-34
0
0
DERIV 19
1.4213109004090049683e-19
2.5858514263559087242e-36
0
0
DERIV 20
-7.724515763092418895e-21
4.482339408055593667e-37
0
0
DERIV 21
3.972608106733243750e-22
2.2043045248100939149e-39
0
0
DERIV 22
-1.9394888063175770290e-23
1.0302768021941457304e-39
0
0
DERIV 23
9.014115891431017723e-25
-5.256519900658204271e-41
0
0
DERIV 24
-3.998196564747628680e-26
8.503032437114419482e-43
0
0
DERIV 25
1.6962046032262665281e-27
1.4872807198622985844e-43
0
0
DERIV 26
-6.896656079051853247e-29
-2.7456645670088977477e-45
0
0
DERIV 27
2.6923882590893122319e-30
-4.640767140162208590e-47
0
0
DERIV 28
-1.0108783756654010477e-31
-4.753991710785605037e-48
0
0
DERIV 29
3.655825917040559247e-33
-1.9809655999585796832e-49
0
0
DERIV 30
-1.2752881105955438490e-34
-5.485331445878264608e-52
0
0
DERIV 31
4.296669619927638758e-36
3.428771803146125935e-53
0
0
DERIV 32
-1.3998458203221695645e-37
1.1042936862191774327e-54
0
0
DERIV 33
4.415098134596824156e-39
3.901922929325600270e-56
0
0
DERIV 34
-1.3494821287983373332e-40
6.498311334446030066e-57
0
0
DERIV 35
4.001159950615016185e-42
-2.606323053090885373e-59
0
0
AT 53/8
0.010116700786580810206
-1.6367681792146387918e-19
0
0
DERIV 1
-0.008789920355553818704
1.4221100573504239827e-19
0
0
DERIV 2
0.003731569962263413601
-6.037259677431044665e-20
0
0
DERIV 3
-0.0010227265822499726888
8.882670839273352699e-20
0
0
DERIV 4
0.00020039912760303518389
-1.2277250153036616927e-20
0
0
DERIV 5
-2.9023321928715439116e-5
4.695646415779701393e-22
0
0
DERIV 6
2.994469722803973971e-6
-1.4256191747677632749e-22
0
0
DERIV 7
-1.6453130345076779334e-7
5.611549158402140549e-25
0
0
DERIV 8
-1.2339847758807584501e-8
4.208661868801605067e-26
0
0
DERIV 9
5.027345383217905164e-9
-3.847822280075744119e-25
0
0
DERIV 10
-8.683596571012745039e-10
4.202295764860521242e-26
0
0
DERIV 11
1.1218043417097803786e-10
2.6723227741968311105e-27
0
0
DERIV 12
-1.2118256777729109826e-11
5.091439639689261307e-28
0
0
DERIV 13
1.1452418493238498575e-12
3.399398246286438989e-29
0
0
DERIV 14
-9.702215002577466438e-14
5.800201878036376024e-30
0
0
DERIV 15
7.482754054275431669e-15
-4.844586972445785330e-31
0
0
DERIV 16
-5.310852983437011115e-16
-4.249626119168042448e-32
0
0
DERIV 17
3.497049813501105245e-17
-1.9200134569289825189e-33
0
0
DERIV 18
-2.1500380334858647362e-18
1.4828950499712218766e-34
0
0
DERIV 19
1.2406687447508793472e-19
2.8160289488700160813e-36
0
0
DERIV 20
-6.748692622545992224e-21
1.7124991476202840160e-38
0
0
DERIV 21
3.473353105398851282e-22
-7.440167656321423110e-39
0
0
DERIV 22
-1.6968377532747149370e-23
3.0854498805714192815e-40
0
0
DERIV 23
7.890776697648012768e-25
-1.6118957971677127999e-41
0
0
DERIV 24
-3.501665810948135505e-26
-1.7112416009598951945e-42
0
0
DERIV 25
1.4862031991505064408e-27
-1.2526491293036283089e-45
0
0
DERIV 26
-6.045154130468302000e-29
-3.410806106110773233e-45
0
0
DERIV 27
2.3607933742065680568e-30
2.921595644069616409e-48
0
0
DERIV 28
-8.866574193448630893e-32
-2.995466616333272193e-48
0
0
DERIV 29
3.207497751385056187e-33
-2.6552475727227728129e-49
0
0
DERIV 30
-1.1191853752396198006e-34
-1.0166569410499200008e-50
0
0
DERIV 31
3.771628494680283531e-36
-2.0528408325221157782e-52
0
0
DERIV 32
-1.2290567454255603105e-37
6.912897491515266646e-54
0
0
DERIV 33
3.877210867465248420e-39
-1.0592377880605476924e-55
0
0
DERIV 34
-1.1852962808391298200e-40
1.0873441992728067631e-57
0
0
DERIV 35
3.514961211967087564e-42
1.5646694979254226114e-58
0
0
AT 27/4
0.009074317061131601664
-5.646171282417752674e-20
0
0
DERIV 1
-0.007903437440340426584
-6.223295311441577581e-19
0
0
DERIV 2
0.003366278909774626620
-2.1680135043215698356e-19
0
0
DERIV 3
-0.0009269463664596797655
3.141538764836340329e-20
0
0
DERIV 4
0.00018294994074862099779
2.3590853784980479898e-21
0
0
DERIV 5
-2.6832657976464413551e-5
1.9610189739637184705e-22
0
0
DERIV 6
2.845887967200771173e-6
-5.930018368996217673e-23
0
0
DERIV 7
-1.7423803880821046970e-7
-6.633168599231719819e-24
0
0
DERIV 8
-7.259918283675436513e-9
-6.551541169791142360e-28
0
0
DERIV 9
4.033287935375242875e-9
-3.672718532919127927e-25
0
0
DERIV 10
-7.259918283675436306e-10
-2.0745030725523602147e-26
0
0
DERIV 11
9.533226029068754707e-11
3.1157524307598990243e-27
0
0
DERIV 12
-1.0388771954754412305e-11
-2.152611904885044744e-28
0
0
DERIV 13
9.871683757911433201e-13
-4.899363245122810895e-29
0
0
DERIV 14
-8.394288909788632661e-14
-5.965639342972237897e-30
0
0
DERIV 15
6.491583423569876274e-15
1.1214034847868515623e-31
0
0
DERIV 16
-4.616858900383747940e-16
-3.517759910201034267e-32
0
0
DERIV 17
3.044987153550778576e-17
1.5510924406981139666e-33
0
0
DERIV 18
-1.8745416410748037665e-18
4.331808898192890748e-35
0
0
DERIV 19
1.0828546065258814770e-19
6.189634795918927081e-37
0
0
DERIV 20
-5.895541746640909939e-21
-3.580310752179924158e-37
0
0
DERIV 21
3.036576409834482422e-22
4.412610649617013960e-39
0
0
DERIV 22
-1.4844327217887265133e-23
9.335718292532057252e-40
0
0
DERIV 23
6.906971474379275844e-25
4.041129467327988268e-41
0
0
DERIV 24
-3.066619848597356085e-26
-1.7314881541019135383e-42
0
0
DERIV 25
1.3021339664813389966e-27
-3.166972876256397613e-44
0
0
DERIV 26
-5.298538436629752165e-29
5.237934913764462343e-45
0
0
DERIV 27
2.0699515962480510477e-30
7.531216741148306937e-47
0
0
DERIV 28
-7.776719818928207138e-32
2.2889331383245855368e-48
0
0
DERIV 29
2.8140535743248089569e-33
-1.5623018890381331111e-49
0
0
DERIV 30
-9.821598749604234492e-35
-1.4566188848973992383e-51
0
0
DERIV 31
3.310651263911539979e-36
-2.1367229841139902166e-52
0
0
DERIV 32
-1.0790765208313823499e-37
1.0107825749740722649e-53
0
0
DERIV 33
3.404771277849722476e-39
-2.9161240888867002844e-55
0
0
DERIV 34
-1.0410628543221341274e-40
8.726491696712434649e-57
0
0
DERIV 35
3.087778261798982862e-42
-2.6645605784424122633e-58
0
0
AT 55/8
0.008137218904350141530
1.7151286383057632695e-19
0
0
DERIV 1
-0.007103921265702504290
-3.700157987062881792e-19
0
0
DERIV 2
0.003035311813527433959
-1.4942150220320176989e-19
0
0
DERIV 3
-0.0008395543314012051490
5.286341733796542905e-20
0
0
DERIV 4
0.00016683451457331639322
4.090119389375840199e-21
0
0
DERIV 5
-2.4756089259266303903e-5
-2.134604758279657823e-22
0
0
DERIV 6
2.690879267311554606e-6
1.8892606313975069077e-22
0
0
DERIV 7
-1.7939195115410364572e-7
-7.301114955644003049e-24
0
0
DERIV 8
-3.203427699180422481e-9
1.0596026509293642409e-25
0
0
DERIV 9
3.203427699180422481e-9
-1.0596026509293642409e-25
0
0
DERIV 10
-6.050918987340798043e-10
2.2312440663535292801e-26
0
0
DERIV 11
8.089463886819247933e-11
4.896280478725659142e-27
0
0
DERIV 12
-8.898410275501173308e-12
4.302051554152509217e-29
0
0
DERIV 13
8.504308188707415207e-13
-1.9881380560321505109e-29
0
0
DERIV 14
-7.259775283042915636e-14
3.852128130387282548e-30
0
0
DERIV 15
5.630029811339403512e-15
1.5204119287176848615e-31
0
0
DERIV 16
-4.012630896239706373e-16
-1.8621080793480327813e-32
0
0
DERIV 17
2.6508783296425211113e-17
-3.621635287494251838e-34
0
0
DERIV 18
-1.6341030799166226187e-18
3.815471021924321580e-35
0
0
DERIV 19
9.449978824729006420e-20
5.622812166628415031e-37
0
0
DERIV 20
-5.149707561790526232e-21
2.314016181966224822e-37
0
0
DERIV 21
2.654488433912642480e-22
-2.1137977294928360426e-38
0
0
DERIV 22
-1.2985159871520717650e-23
5.953236039057325449e-41
0
0
DERIV 23
6.045418793589868224e-25
2.970119482952464706e-41
0
0
DERIV 24
-2.685464959962441653e-26
5.780563486469673619e-43
0
0
DERIV 25
1.1408021690383085632e-27
-4.074086355466831210e-44
0
0
DERIV 26
-4.643916746506309072e-29
-1.8601314569046204257e-45
0
0
DERIV 27
1.8148640158760290468e-30
-1.4152669680510755696e-46
0
0
DERIV 28
-6.820567379926252625e-32
2.0273651700172371858e-48
0
0
DERIV 29
2.4687853656190548749e-33
-1.3236804229188539861e-49
0
0
DERIV 30
-8.618836483522143486e-35
-2.894238702447854975e-51
0
0
DERIV 31
2.9059317467679909524e-36
-6.754748984297450688e-53
0
0
DERIV 32
-9.473730187942943431e-38
1.7506589239192373603e-54
0
0
DERIV 33
2.989825353707853230e-39
-2.0032431408013152466e-55
0
0
DERIV 34
-9.143598169811841814e-41
-1.9896555948551313119e-57
0
0
DERIV 35
2.7124549594657139716e-42
-7.299754647230746076e-59
0
0
AT 7
0.007295055724436129950
-2.859584318287456591e-19
0
0
DERIV 1
-0.006383173758881613598
1.4179341060160200233e-19
0
0
DERIV 2
0.002735645896663548623
1.1858053127708261124e-21
0
0
DERIV 3
-0.0007599016379620968879
4.785737285691941239e-20
0
0
DERIV 4
0.00015198032759241935589
1.2112568878326206503e-20
0
0
DERIV 5
-2.2797049138862906094e-5
8.936200994648300720e-22
0
0
DERIV 6
2.533005459873656186e-6
-5.223373620418666432e-23
0
0
DERIV 7
-1.8092896141954686284e-7
-3.831813014471491186e-24
0
0
DERIV 8
2.0798656476209163810e-44
1.0194826068666610414e-60
0
0
DERIV 9
2.512902241938151102e-9
-1.7655276717484809532e-25
0
0
DERIV 10
-5.025804483876301585e-10
-2.672799250650745885e-26
0
0
DERIV 11
6.853369750740411957e-11
-3.405108515189559659e-27
0
0
DERIV 12
-7.614855278600457730e-12
3.783453905766177249e-28
0
0
DERIV 13
7.321976229423516659e-13
2.4568647015904132830e-30
0
0
DERIV 14
-6.275979625220157137e-14
-2.105884029934640182e-31
0
0
DERIV 15
4.881317486282344545e-15
-8.880235601886548229e-32
0
0
DERIV 16
-3.486655347344531677e-16
-7.743776449027676166e-33
0
0
DERIV 17
2.3073454504485871028e-17
8.749837839526642025e-34
0
0
DERIV 18
-1.4242873150917203958e-18
-9.205440531830737946e-35
0
0
DERIV 19
8.245873929478381974e-20
-2.0194776377861304352e-36
0
0
DERIV 20
-4.497749416079117481e-21
1.5118876485340332475e-37
0
0
DERIV 21
2.320267555913830581e-22
-2.1233641561358855472e-38
0
0
DERIV 22
-1.1357953070906861659e-23
-2.8610470727679637922e-40
0
0
DERIV 23
5.290971927441084709e-25
4.771756908112450306e-42
0
0
DERIV 24
-2.3515430788627042195e-26
-1.1686978364507396387e-42
0
0
DERIV 25
9.994058085166493794e-28
-3.642611959896032759e-44
0
0
DERIV 26
-4.069978405723911396e-29
4.435390418161672146e-46
0
0
DERIV 27
1.5911438211677842372e-30
3.600160451749369850e-47
0
0
DERIV 28
-5.981743688600692794e-32
3.751316294422691192e-49
0
0
DERIV 29
2.1658037493209405273e-33
-4.661403734522156898e-50
0
0
DERIV 30
-7.563124203977887294e-35
-9.855781584474889165e-52
0
0
DERIV 31
2.5506137344793462520e-36
-6.375752042593782295e-53
0
0
DERIV 32
-8.317218699389172379e-38
2.6331268366360059178e-55
0
0
DERIV 33
2.6253846904637537461e-39
1.5317316979947104517e-55
0
0
DERIV 34
-8.030588464947952914e-41
-1.9024465236903316597e-57
0
0
DERIV 35
2.3827020720175246519e-42
-1.0461362602697434801e-58
0
0
AT 57/8
0.006538455707262482396
4.287320039259195567e-19
0
0
DERIV 1
-0.005733722697137869258
-2.959008276284152920e-19
0
0
DERIV 2
0.002464494843506628060
8.153482566545550159e-20
0
0
DERIV 3
-0.0006873761128147738665
3.110032657728236006e-20
0
0
DERIV 4
0.00013831348611516791017
-4.274695886004063846e-21
0
0
DERIV 5
-2.0956588805328469390e-5
-1.2003906900693727818e-21
0
0
DERIV 6
2.375080064603893440e-6
-1.0677183333837049865e-22
0
0
DERIV 7
-1.7962790404567259357e-7
-1.1499110125243625437e-23
0
0
DERIV 8
2.494832000634341623e-9
1.1375538437543768938e-25
0
0
DERIV 9
1.940424889382265937e-9
-1.4129598230605615128e-25
0
0
DERIV 10
-4.158053334390569717e-10
1.5506628127136538223e-26
0
0
DERIV 11
5.796074344908066674e-11
-1.2491104893619917709e-28
0
0
DERIV 12
-6.510083503338770821e-12
2.950015396516975332e-28
0
0
DERIV 13
6.300080809682681212e-13
-5.747911221840839577e-30
0
0
DERIV 14
-5.423146484525384616e-14
-2.6028680464603109574e-30
0
0
DERIV 15
4.230823498565903479e-15
-3.843889825329277794e-31
0
0
DERIV 16
-3.028885004655135266e-16
9.590099767220698639e-33
0
0
DERIV 17
2.0079443074744592555e-17
1.0100037363497000765e-33
0
0
DERIV 18
-1.2412175296594859238e-18
9.308738269885480099e-35
0
0
DERIV 19
7.194265495028332757e-20
-4.938367589681822169e-36
0
0
DERIV 20
-3.927903574871790251e-21
-3.529831452287626621e-37
0
0
DERIV 21
2.0279401915378167907e-22
-8.809231507350373488e-39
0
0
DERIV 22
-9.933864133305281029e-24
6.234587851368657877e-40
0
0
DERIV 23
4.630355784815230503e-25
8.206023732233398393e-42
0
0
DERIV 24
-2.0590167530515907409e-26
1.0981617861326885061e-42
0
0
DERIV 25
8.754874383054007084e-28
3.239711611939976820e-44
0
0
DERIV 26
-3.566800674577558483e-29
-9.046829635830077217e-46
0
0
DERIV 27
1.3949414707620080952e-30
4.930897593097617839e-47
0
0
DERIV 28
-5.245877338012282145e-32
-1.3986144239779064291e-48
0
0
DERIV 29
1.8999382247843225625e-33
1.7192636655846480972e-50
0
0
DERIV 30
-6.636510765214699582e-35
-4.725045677347320106e-52
0
0
DERIV 31
2.2386755208005346894e-36
-6.775439064174300217e-53
0
0
DERIV 32
-7.301690991682071664e-38
6.694856072424441318e-55
0
0
DERIV 33
2.3053093881401431587e-39
2.358646948695698416e-56
0
0
DERIV 34
-7.052897477756571459e-41
-2.0386518028245020664e-57
0
0
DERIV 35
2.0929923501969123525e-42
-1.2662678795948226241e-58
0
0
AT 29/4
0.005858938707951029563
2.1123628850546664887e-19
0
0
DERIV 1
-0.005148764319108481077
3.663255797302406393e-19
0
0
DERIV 2
0.002219294965132965862
-3.826285498877220817e-20
0
0
DERIV 3
-0.0006214025902372304674
3.673445153650832181e-20
0
0
DERIV 4
0.00012576004802420138475
1.1926399792947798617e-20
0
0
DERIV 5
-1.9233889697819035952e-5
-1.1862716315770136686e-21
0
0
DERIV 6
2.219294965132965882e-6
-5.859164572287541875e-23
0
0
DERIV 7
-1.7613452104229888459e-7
9.691993394202218212e-24
0
0
DERIV 8
4.403363026057471949e-9
-7.686371234444990655e-26
0
0
DERIV 9
1.4677876753524906498e-9
-2.5621237448149967894e-26
0
0
DERIV 10
-3.424837909155811654e-10
1.9764632280452121093e-26
0
0
DERIV 11
4.892625584508301994e-11
8.692516945471419639e-28
0
0
DERIV 12
-5.559801800577616049e-12
4.809295597351860249e-29
0
0
DERIV 13
5.417242780049985132e-13
-3.109461616810060497e-29
0
0
DERIV 14
-4.684082103050738701e-14
-5.379868158426573700e-31
0
0
DERIV 15
3.665803384996229945e-15
3.850863182924739902e-31
0
0
DERIV 16
-2.630553354974146963e-16
1.9844230714536143997e-32
0
0
DERIV 17
1.7470468201915586030e-17
-3.063580007635258680e-34
0
0
DERIV 18
-1.0815051744042981204e-18
-4.339842672336841878e-35
0
0
DERIV 19
6.275940958081622051e-20
2.2259989613512523741e-36
0
0
DERIV 20
-3.429874709649258402e-21
-2.826141464376063159e-37
0
0
DERIV 21
1.7722756858370028879e-22
7.957510628905326671e-39
0
0
DERIV 22
-8.687625910965701180e-24
3.5901548685217698249e-40
0
0
DERIV 23
4.051936195628271385e-25
1.4399615911067027102e-41
0
0
DERIV 24
-1.8027682226312225794e-26
7.699479089259082965e-43
0
0
DERIV 25
7.668918788335993893e-28
2.441607887340926070e-44
0
0
DERIV 26
-3.125678725441191758e-29
1.1800054233767209386e-45
0
0
DERIV 27
1.2228790005638464092e-30
8.541122421763850437e-47
0
0
DERIV 28
-4.600354335454469919e-32
-2.2747194036841274961e-48
0
0
DERIV 29
1.6666495409983456647e-33
1.3258488658115570982e-49
0
0
DERIV 30
-5.823233336018316564e-35
-7.682458539070852385e-52
0
0
DERIV 31
1.9648284522716603838e-36
3.273475346215372739e-53
0
0
DERIV 32
-6.409982931518123438e-38
5.127527546091248715e-54
0
0
DERIV 33
2.0242051362688809688e-39
-4.515331623869741689e-56
0
0
DERIV 34
-6.194091771708102906e-41
2.575143236986757592e-57
0
0
DERIV 35
1.8384682928509486196e-42
1.6633794764746573378e-59
0
0
AT 59/8
0.005248836099505832173
2.0492275142636962569e-19
0
0
DERIV 1
-0.004622109401057374924
1.4318807635155643112e-19
0
0
DERIV 2
0.001997691351304458404
1.8803141692946051760e-19
0
0
DERIV 3
-0.0005614426673600765930
-4.658667680165833997e-21
0
0
DERIV 4
0.00011424705440466674479
4.730085304052946887e-21
0
0
DERIV 5
-1.7626688393862868944e-5
-9.814743798094467838e-22
0
0
DERIV 6
2.067327651132064850e-6
1.4125418489290733334e-22
0
0
DERIV 7
-1.7098198618385500371e-7
4.438015894101254902e-24
0
0
DERIV 8
5.828931347176874826e-9
1.4949695362946727449e-25
0
0
DERIV 9
1.0794317309586805310e-9
2.0025541296632572572e-26
0
0
DERIV 10
-2.806522500492569525e-10
9.269019982553515901e-27
0
0
DERIV 11
4.121466609114962091e-11
1.3012644783359175778e-28
0
0
DERIV 12
-4.742957605727535932e-12
1.7735693265716193074e-28
0
0
DERIV 13
4.654892079891746169e-13
-2.0352580007602587203e-29
0
0
DERIV 14
-4.043825165929122901e-14
-4.248911258226651323e-31
0
0
DERIV 15
3.1751516117665704162e-15
1.9113400277546347813e-31
0
0
DERIV 16
-2.284012362237745145e-16
-2.2121370656005163199e-32
0
0
DERIV 17
1.5197382159537554727e-17
-1.1816722558111150800e-33
0
0
DERIV 18
-9.421887490212493212e-19
2.736009447954402391e-35
0
0
DERIV 19
5.474097311470005663e-20
4.869094845446776026e-36
0
0
DERIV 20
-2.9946532350982975211e-21
3.898381452739527669e-38
0
0
DERIV 21
1.5486941973626628231e-22
-1.8716060537990650014e-39
0
0
DERIV 22
-7.597104748538715127e-24
2.0026165696789693429e-40
0
0
DERIV 23
3.545517573111406636e-25
1.1672012493416571540e-42
0
0
DERIV 24
-1.5783108854662601271e-26
4.549679609263378685e-43
0
0
DERIV 25
6.717291128544402729e-28
1.7858638119510874181e-44
0
0
DERIV 26
-2.738976428932217412e-29
-8.319260791550568552e-46
0
0
DERIV 27
1.0719923506984512662e-30
2.570470236302961651e-47
0
0
DERIV 28
-4.034103524919867176e-32
1.3786087465898835191e-48
0
0
DERIV 29
1.4619527380008302876e-33
6.876114469178889623e-50
0
0
DERIV 30
-5.109450983316033576e-35
2.0892372436944624513e-51
0
0
DERIV 31
1.7244277978374082516e-36
-1.1142801607116329766e-53
0
0
DERIV 32
-5.627017503302316585e-38
3.305397881661383812e-54
0
0
DERIV 33
1.7773327692008277281e-39
7.716902480901897934e-56
0
0
DERIV 34
-5.439731527115104127e-41
-3.832305392241589358e-57
0
0
DERIV 35
1.6148610665860868494e-42
-7.505007842224097028e-59
0
0
AT 15/2
0.004701217146256585558
-1.0149491708203538142e-19
0
0
DERIV 1
-0.004148132776108751606
-2.675946123346055146e-19
0
0
DERIV 2
0.0017975242029804590436
1.0150163637852234257e-19
0
0
DERIV 3
-0.0005069940059688474642
1.3071416886269511202e-20
0
0
DERIV 4
0.00010370331940271879827
-1.4416509852761448261e-21
0
0
DERIV 5
-1.6131627462645147452e-5
1.2783422654038629504e-21
0
0
DERIV 6
1.920431840791088700e-6
1.3016071272716405533e-22
0
0
DERIV 7
-1.6460844349637904807e-7
5.481514658738266980e-24
0
0
DERIV 8
6.858685145682459785e-9
3.230572975879240077e-25
0
0
DERIV 9
7.620761272980510757e-10
4.738387490633916365e-26
0
0
DERIV 10
-2.2862283818941534339e-10
6.464352841923943352e-27
0
0
DERIV 11
3.463982396809323130e-11
1.5663262652362773764e-27
0
0
DERIV 12
-4.041312796277544137e-12
3.019380758902239653e-28
0
0
DERIV 13
3.996902765549219315e-13
-1.3772712559580413376e-29
0
0
DERIV 14
-3.489359557225508635e-14
-1.7026319195806740688e-30
0
0
DERIV 15
2.7491923784200977532e-15
9.350846824345552682e-32
0
0
DERIV 16
-1.9825906575144936099e-16
-2.9507986463020243726e-33
0
0
DERIV 17
1.3217271050096624169e-17
9.400364605281571980e-35
0
0
DERIV 18
-8.206802286007708151e-19
2.752078245179363377e-35
0
0
DERIV 19
4.774040110974013107e-20
-2.1511023739684208133e-36
0
0
DERIV 20
-2.6143552988667215277e-21
1.8228272486718854103e-37
0
0
DERIV 21
1.3531859724983029820e-22
-8.194992127718751875e-40
0
0
DERIV 22
-6.642912955900760516e-24
4.623392964222589545e-40
0
0
DERIV 23
3.102165470549469068e-25
2.0038409939177161407e-41
0
0
DERIV 24
-1.3817116319976083623e-26
-7.605678332708345135e-43
0
0
DERIV 25
5.883417271731751690e-28
3.701427427949557395e-44
0
0
DERIV 26
-2.3999953905665654701e-29
-5.561087373154450751e-46
0
0
DERIV 27
9.396807349308245370e-31
6.032781307208117925e-47
0
0
DERIV 28
-3.537408172036887916e-32
-4.745996012352975000e-49
0
0
DERIV 29
1.2823495583864934727e-33
-4.662019950444104930e-50
0
0
DERIV 30
-4.483010651269854859e-35
-2.0729451116310051406e-51
0
0
DERIV 31
1.5133944434144298189e-36
-1.2651793815876964709e-52
0
0
DERIV 32
-4.939551308366541515e-38
1.5772858451981974546e-54
0
0
DERIV 33
1.5605287821403000719e-39
-9.442632738587752860e-56
0
0
DERIV 34
-4.777128924919285435e-41
-2.1032536014515998627e-57
0
0
DERIV 35
1.4184192326090876346e-42
-2.001638751355955280e-59
0
0
AT 61/8
0.004209821475389454240
1.2878907287341433735e-19
0
0
DERIV 1
-0.003721726231866039243
-1.2642746642415475370e-19
0
0
DERIV 2
0.0016168154941713121231
6.203292998744758502e-20
0
0
DERIV 3
-0.0004575892908032015596
-2.2140060461808585454e-21
0
0
DERIV 4
9.406002088732476503e-5
4.551012428260653175e-22
0
0
DERIV 5
-1.4744543814769828371e-5
2.674729840803369077e-22
0
0
DERIV 6
1.7795139086791172610e-6
-7.609327121250447556e-23
0
0
DERIV 7
-1.5737197831856137638e-7
-7.315852266461216667e-24
0
0
DERIV 8
7.565960496084681557e-9
3.517236666567892876e-25
0
0
DERIV 9
5.043973664056454716e-10
-1.1017614412590201858e-26
0
0
DERIV 10
-1.8494570101540332924e-10
-6.299965705629772400e-27
0
0
DERIV 11
2.9041060490022010003e-11
1.3631056872393336861e-27
0
0
DERIV 12
-3.4390729527657647038e-12
1.9996092225027293939e-28
0
0
DERIV 13
3.429275024125406207e-13
-6.648465971058572224e-31
0
0
DERIV 14
-3.009363796681478873e-14
-3.795546174378844117e-31
0
0
DERIV 15
2.3794969555155879183e-15
5.752969900279824505e-32
0
0
DERIV 16
-1.7204696124438687009e-16
-5.609734802691929098e-33
0
0
DERIV 17
1.1492668398179382257e-17
2.671985592170229841e-34
0
0
DERIV 18
-7.147181839663795410e-19
3.081279221146283620e-35
0
0
DERIV 19
4.162919948716456318e-20
-2.2297336522112682021e-36
0
0
DERIV 20
-2.2820826224891416211e-21
2.705983228958430555e-38
0
0
DERIV 21
1.1822406050571691209e-22
-6.267925246639268923e-40
0
0
DERIV 22
-5.808069088205559639e-24
-2.9101088454488004899e-40
0
0
DERIV 23
2.714050975796990670e-25
-4.854287333387016463e-42
0
0
DERIV 24
-1.2095227174747458345e-26
1.4146647668518943237e-43
0
0
DERIV 25
5.152763446802981784e-28
4.101682426777876284e-44
0
0
DERIV 26
-2.1028600091180697443e-29
8.785428947298640741e-46
0
0
DERIV 27
8.236621938192279702e-31
-4.715297511867156955e-47
0
0
DERIV 28
-3.101740525801271209e-32
-1.2405047227851271078e-48
0
0
DERIV 29
1.1247690894451773549e-33
1.3854881359561534904e-50
0
0
DERIV 30
-3.933241601127307466e-35
1.0306173954786389121e-51
0
0
DERIV 31
1.3281460980980721284e-36
-3.253217743732531062e-53
0
0
DERIV 32
-4.335951821653971552e-38
1.4995171257840897855e-54
0
0
DERIV 33
1.3701354808337779585e-39
7.339929724991637263e-56
0
0
DERIV 34
-4.195135785961643346e-41
2.0154853145227128808e-57
0
0
DERIV 35
1.2458460954791086049e-42
5.582107186332720095e-59
0
0
AT 31/4
0.003768997230037265771
1.7676168947436199627e-19
0
0
DERIV 1
-0.003338254689461578242
-1.6895123550569782087e-19
0
0
DERIV 2
0.0014537560744429453563
8.057039076851682273e-20
0
0
DERIV 3
-0.0004127949347183672334
1.0585017821455237630e-20
0
0
DERIV 4
8.525112782227148561e-5
6.063328066654386524e-21
0
0
DERIV 5
-1.3460704392990235283e-5
-2.440766865207555285e-22
0
0
DERIV 6
1.6451972035876954470e-6
6.302902039917332449e-24
0
0
DERIV 7
-1.4956338214433595935e-7
9.052383306079109393e-24
0
0
DERIV 8
8.012324043446568069e-9
6.967374836786586227e-25
0
0
DERIV 9
2.967527423498729221e-10
-4.831226995347004509e-27
0
0
DERIV 10
-1.4837637117493646104e-10
2.4156134976735011784e-27
0
0
DERIV 11
2.4279769828625966764e-11
-8.065225700646974613e-28
0
0
DERIV 12
-2.9225648867790515250e-12
6.716314021347964704e-29
0
0
DERIV 13
2.939858170132773565e-13
9.077176372074071393e-30
0
0
DERIV 14
-2.5939925030583296719e-14
-2.440843350269979378e-31
0
0
DERIV 15
2.0587242087764519703e-15
1.6963099266328780274e-31
0
0
DERIV 16
-1.4925750513629276982e-16
-1.0326094705035836459e-32
0
0
DERIV 17
9.990867483768076967e-18
-4.057606554112641682e-34
0
0
DERIV 18
-6.223267624569340356e-19
-2.627801660865366503e-35
0
0
DERIV 19
3.629501744058932847e-20
-1.9604011353327531244e-36
0
0
DERIV 20
-1.9917997375933165403e-21
-1.5848012246663740352e-37
0
0
DERIV 21
1.0327850491224605032e-22
7.291534485873667879e-40
0
0
DERIV 22
-5.077700148746790708e-24
-2.9891757412894924509e-40
0
0
DERIV 23
2.374314261514086080e-25
-4.668567328755305384e-42
0
0
DERIV 24
-1.0587220025757255506e-26
5.354390722399713521e-43
0
0
DERIV 25
4.512585584748994344e-28
-4.222882836861526200e-44
0
0
DERIV 26
-1.8424165996904177137e-29
7.689309624451265454e-46
0
0
DERIV 27
7.219345774417631895e-31
2.839859178571153889e-47
0
0
DERIV 28
-2.719616558855957371e-32
4.298673303379397850e-49
0
0
DERIV 29
9.865156348738582340e-34
-5.786355727615852578e-52
0
0
DERIV 30
-3.450774854497035045e-35
7.241783696064773049e-52
0
0
DERIV 31
1.1655368578756588230e-36
4.838179918349879003e-53
0
0
DERIV 32
-3.806001677754082568e-38
-1.2279566565241622594e-54
0
0
DERIV 33
1.2029395983777974026e-39
-5.998369495022861346e-57
0
0
DERIV 34
-3.683956926505686453e-41
6.566982772523367092e-58
0
0
DERIV 35
1.0942446316353524339e-42
-4.158835155784597211e-59
0
0
AT 63/8
0.003373644501091489778
1.7641007100578905211e-19
0
0
DERIV 1
-0.002993515543222026367
6.946982647071485920e-20
0
0
DERIV 2
0.0013066932926762812612
5.916557252349150154e-20
0
0
DERIV 3
-0.0003722096045805164824
-1.4881947011263327757e-20
0
0
DERIV 4
7.721369456723480278e-5
2.5105091286740391259e-21
0
0
DERIV 5
-1.2274997597868097669e-5
4.175200568969910370e-22
0
0
DERIV 6
1.5178760470482056417e-6
-6.756761625817658533e-23
0
0
DERIV 7
-1.4141702301691355957e-7
-3.2405774722097553889e-24
0
0
DERIV 8
8.249326342653291747e-9
-5.830015525039234322e-25
0
0
DERIV 9
1.3094168797862366991e-10
-6.375281827936446338e-28
0
0
DERIV 10
-1.1784751918076130550e-10
3.1587147787424846412e-27
0
0
DERIV 11
2.0236442687605474907e-11
1.2526912473693668107e-27
0
0
DERIV 12
-2.4799562117163575437e-12
1.7118525149688112876e-28
0
0
DERIV 13
2.518109384204301313e-13
1.8808825982673001545e-30
0
0
DERIV 14
-2.2346858171510034338e-14
8.712364585398611479e-31
0
0
DERIV 15
1.7804813827707179720e-15
1.4158867063480202157e-31
0
0
DERIV 16
-1.2944826379838128817e-16
-3.250673328618153788e-33
0
0
DERIV 17
8.683320069034864978e-18
-2.287464242910945612e-34
0
0
DERIV 18
-5.417797991790984180e-19
1.9045885309378535635e-35
0
0
DERIV 19
3.163962778190841364e-20
4.238235695160190530e-37
0
0
DERIV 20
-1.7382264645616352349e-21
1.4111092742924182092e-37
0
0
DERIV 21
9.021293047751664693e-23
-4.820381190135769422e-39
0
0
DERIV 22
-4.438780553017454210e-24
-6.440634119538266601e-41
0
0
DERIV 23
2.076944937850817166e-25
-5.200227997949424324e-42
0
0
DERIV 24
-9.266605364304899707e-27
3.4206967192675215387e-43
0
0
DERIV 25
3.951709395025890899e-28
7.010628734588180135e-45
0
0
DERIV 26
-1.6141448632037778656e-29
9.954464972897906806e-46
0
0
DERIV 27
6.327412953894235692e-31
-5.873513511380958133e-48
0
0
DERIV 28
-2.3844684284379754264e-32
-7.089383497251716931e-49
0
0
DERIV 29
8.652229366204960367e-34
-8.206809420261104967e-50
0
0
DERIV 30
-3.027384602253909035e-35
-2.0578633783147023569e-51
0
0
DERIV 31
1.0228041126148919498e-36
8.234301036510187010e-53
0
0
DERIV 32
-3.340726709635505212e-38
-1.8932144190083451726e-54
0
0
DERIV 33
1.0561183537422646492e-39
-4.233066736642888966e-56
0
0
DERIV 34
-3.234986118594867269e-41
6.424927301580199060e-58
0
0
DERIV 35
9.610690814304581402e-43
-7.932387049953923162e-59
0
0
AT 8
0.003019163651122606408
1.4143090052754394573e-19
0
0
DERIV 1
-0.002683701023220094826
1.1521746008340636156e-19
0
0
DERIV 2
0.0011741191976587914050
3.090752414992254636e-20
0
0
DERIV 3
-0.0003354626279025118532
1.4402182510425795195e-20
0
0
DERIV 4
6.988804747968997168e-5
-5.259209215683508236e-21
0
0
DERIV 5
-1.1182087596750395333e-5
7.059482029486732636e-22
0
0
DERIV 6
1.3977609495937994167e-6
-8.824352536858415795e-23
0
0
DERIV 7
-1.3312009043750469248e-7
-5.460977375309400802e-24
0
0
DERIV 8
8.320005652344043280e-9
3.413110859568375501e-25
0
0
DERIV 9
-6.014949862004262743e-72
-3.932101142142126909e-88
0
0
DERIV 10
-9.244450724826714899e-11
-2.3562679471714108277e-27
0
0
DERIV 11
1.6808092226957662866e-11
1.0158985845375772407e-27
0
0
DERIV 12
-2.1010115283697078583e-12
-1.2698732306719715509e-28
0
0
DERIV 13
2.1548836188407261444e-13
-5.683393856341351294e-31
0
0
DERIV 14
-1.9240032311077912905e-14
9.522999082556326670e-31
0
0
DERIV 15
1.5392025848862330166e-15
-6.040677455603037550e-32
0
0
DERIV 16
-1.1223352181462116157e-16
8.513311192736651367e-33
0
0
DERIV 17
7.545110710226632102e-18
3.620568375686432401e-35
0
0
DERIV 18
-4.715694193891645064e-19
-2.2628552348040202506e-36
0
0
DERIV 19
2.757715902860611219e-20
-5.715910478138130700e-37
0
0
DERIV 20
-1.5167437465733361704e-21
3.143750762975971885e-38
0
0
DERIV 21
7.879188293887460625e-23
-1.6331172794680374361e-39
0
0
DERIV 22
-3.879903326535491975e-24
8.041865391319881252e-41
0
0
DERIV 23
1.8166771428594276604e-25
-1.7689980928355867194e-42
0
0
DERIV 24
-8.110165816336730217e-27
-3.3100676441801493305e-43
0
0
DERIV 25
3.460337414970338288e-28
7.904926896137981288e-45
0
0
DERIV 26
-1.4140801936176864490e-29
9.704683967941925348e-46
0
0
DERIV 27
5.545412523990926856e-31
1.4397989976184237103e-48
0
0
DERIV 28
-2.0905324991235637565e-32
5.539243216593327161e-49
0
0
DERIV 29
7.588139742735258165e-34
2.785809622541737850e-50
0
0
DERIV 30
-2.655848909957340486e-35
3.0789369295464559746e-52
0
0
DERIV 31
8.975219050547079662e-37
2.167021974284650493e-53
0
0
DERIV 32
-2.932244860263960994e-38
2.3767134557733513681e-54
0
0
DERIV 33
9.271920506763512237e-40
3.511743008729996833e-57
0
0
DERIV 34
-2.840661919964311217e-41
-1.4070533716519732149e-57
0
0
DERIV 35
8.440823990751097127e-43
-5.213731994455226639e-59
0
0
AT 33/4
0.002416641655040424868
-1.9244753487752991478e-19
0
0
DERIV 1
-0.002155383097738757057
-8.622190451118788734e-20
0
0
DERIV 2
0.0009470622702185448397
-3.439476254714804207e-20
0
0
DERIV 3
-0.0002721443305225703475
1.1600867004465287649e-21
0
0
DERIV 4
5.715030940973977270e-5
2.743233602760508198e-23
0
0
DERIV 5
-9.252907237767391368e-6
-4.077904483350886161e-22
0
0
DERIV 6
1.1792920989311382442e-6
-7.674249856946571626e-23
0
0
DERIV 7
-1.1663328450967300633e-7
7.543150163221391603e-25
0
0
DERIV 8
8.099533646505070068e-9
-2.362009011452658152e-25
0
0
DERIV 9
-1.7998963658900154213e-10
-9.686296590090426398e-27
0
0
DERIV 10
-5.399689097670046393e-11
-1.6134192699130221414e-27
0
0
DERIV 11
1.1453885964754644207e-11
-4.598499350688132131e-31
0
0
DERIV 12
-1.4999136382416795985e-12
6.021844387805887158e-32
0
0
DERIV 13
1.5733359841695940427e-13
-5.831750997003911610e-30
0
0
DERIV 14
-1.4234944618677278352e-14
-5.542317702884622919e-31
0
0
DERIV 15
1.1487850043143067072e-15
1.1512280189412249622e-32
0
0
DERIV 16
-8.428585629479967367e-17
-4.060116638439262012e-33
0
0
DERIV 17
5.692508812938540389e-18
-6.313976413315171524e-35
0
0
DERIV 18
-3.570570043957865706e-19
-8.982698112530151292e-36
0
0
DERIV 19
2.0940185220204023945e-20
1.0245780986168903094e-36
0
0
DERIV 20
-1.1543948262420168387e-21
7.758348616490309116e-38
0
0
DERIV 21
6.008478054637296875e-23
-3.335168217393587977e-39
0
0
DERIV 22
-2.9635626768520515018e-24
1.6000608811326589781e-41
0
0
DERIV 23
1.3895647674924367959e-25
-3.784022984437444218e-42
0
0
DERIV 24
-6.210933430458618838e-27
-4.796503267552141728e-45
0
0
DERIV 25
2.652805465212833828e-28
-1.6799975914336623055e-45
0
0
DERIV 26
-1.0850913685547000531e-29
2.0559682107327603519e-46
0
0
DERIV 27
4.258788677025080663e-31
-3.803764988102209007e-47
0
0
DERIV 28
-1.6066858690989991394e-32
3.887179743936148595e-49
0
0
DERIV 29
5.835778559026249722e-34
-1.1562928450622438126e-50
0
0
DERIV 30
-2.0437536725703742695e-35
-6.528819563986569958e-52
0
0
DERIV 31
6.910476856339780776e-37
3.012617827823461746e-53
0
0
DERIV 32
-2.2588124781857760200e-38
-1.2247390089232755890e-54
0
0
DERIV 33
7.145760420501123068e-40
2.592437878338990737e-56
0
0
DERIV 34
-2.1901866304322327764e-41
-7.014667946544253019e-58
0
0
DERIV 35
6.510511484401730896e-43
2.204707613805200052e-59
0
0
AT 17/2
0.0019329495056011195605
9.601372635361328977e-20
0
0
DERIV 1
-0.0017294811365904754191
-6.308170942195915832e-20
0
0
DERIV 2
0.0007630063837899156388
1.5074846245152519452e-20
0
0
DERIV 3
-0.00022042406642819786507
9.498738844270717537e-21
0
0
DERIV 4
4.662816789827262478e-5
-1.4880975572084669770e-21
0
0
DERIV 5
-7.630063837899155982e-6
-5.573242771335893573e-22
0
0
DERIV 6
9.890823493572979898e-7
8.008863728819029498e-23
0
0
DERIV 7
-1.0092677034258143050e-7
-5.201212216971807798e-24
0
0
DERIV 8
7.569507775693608280e-9
-6.025258187907476250e-25
0
0
DERIV 9
-2.803521398405040046e-10
1.6571461256927959954e-26
0
0
DERIV 10
-2.8035213984050397877e-11
-9.277932885354154886e-28
0
0
DERIV 11
7.645967450195562911e-12
3.999060908635344058e-28
0
0
DERIV 12
-1.0619399236382726714e-12
-1.0665092234028884143e-29
0
0
DERIV 13
1.1436276100719860780e-13
-1.1279044943201752800e-29
0
0
DERIV 14
-1.0502702541477421685e-14
-4.452959395086775740e-31
0
0
DERIV 15
8.557757626389010977e-16
-3.529845003231067874e-32
0
0
DERIV 16
-6.321070974037336869e-17
-5.236515532481430761e-33
0
0
DERIV 17
4.290319665636202056e-18
-2.058016082865000905e-34
0
0
DERIV 18
-2.701312382067238114e-19
-8.797996257446546101e-36
0
0
DERIV 19
1.5890072835689637736e-20
-1.2526270072708242705e-36
0
0
DERIV 20
-8.781356040775852195e-22
4.546676457466353679e-38
0
0
DERIV 21
4.579845554146136014e-23
-1.8515060925326875687e-39
0
0
DERIV 22
-2.2627695425623201242e-24
5.082312484965841887e-41
0
0
DERIV 23
1.0625178721596980882e-25
3.323294985578101636e-42
0
0
DERIV 24
-4.755095415529513120e-27
-7.786698534377986262e-44
0
0
DERIV 25
2.033213212157446938e-28
8.463069333660537407e-45
0
0
DERIV 26
-8.324570223473418933e-30
6.027638629163180550e-46
0
0
DERIV 27
3.270033196650613066e-31
1.9523212109821757430e-47
0
0
DERIV 28
-1.2346043701640070151e-32
-3.2377143950970673754e-49
0
0
DERIV 29
4.487378419049047316e-34
-2.657232831021482992e-50
0
0
DERIV 30
-1.5725001297522302502e-35
8.717722891080435979e-52
0
0
DERIV 31
5.320024042434767996e-37
-3.323923727104452799e-53
0
0
DERIV 32
-1.7398334441102073324e-38
-1.1588797375342277822e-54
0
0
DERIV 33
5.506543560483484528e-40
3.250391139360949733e-56
0
0
DERIV 34
-1.6884895773697795517e-41
9.110444448411734637e-58
0
0
DERIV 35
5.021164340866399441e-43
1.2061549485325372835e-59
0
0
AT 35/4
0.0015449979198785747814
-8.990273036411344009e-20
0
0
DERIV 1
-0.0013865365947628234718
3.064183723769390486e-20
0
0
DERIV 2
0.0006140376348235360810
1.4309527944362812177e-20
0
0
DERIV 3
-0.00017826899075522016917
1.2458396142946750919e-20
0
0
DERIV 4
3.796469247564873998e-5
-2.9041496814806750423e-21
0
0
DERIV 5
-6.272427452498486857e-6
-1.3888629235850786144e-22
0
0
DERIV 6
8.253194016445377889e-7
-2.6306169282001615334e-23
0
0
DERIV 7
-8.646203255323728700e-8
-2.4120249498358895972e-24
0
0
DERIV 8
6.877661680371148130e-9
-1.0892732900960975889e-25
0
0
DERIV 9
-3.275076990652927632e-10
2.633215447848240777e-28
0
0
DERIV 10
-1.0916923302176425870e-11
4.396006205308627525e-28
0
0
DERIV 11
4.962237864625647829e-12
9.392465137554098233e-29
0
0
DERIV 12
-7.443356796938471542e-13
-3.428353687998905125e-29
0
0
DERIV 13
8.270396441042746298e-14
2.4068624884947623681e-30
0
0
DERIV 14
-7.725095576798169827e-15
-1.6765598097815338036e-32
0
0
DERIV 15
6.361843416186727861e-16
2.4582487643967492253e-32
0
0
DERIV 16
-4.733514446567505731e-17
-3.0029542967550392555e-33
0
0
DERIV 17
3.2299275047166510702e-18
1.0430595256588118324e-34
0
0
DERIV 18
-2.0419081926369633590e-19
-2.7200574579836811643e-36
0
0
DERIV 19
1.2049537978878412337e-20
-9.867305673577806272e-39
0
0
DERIV 20
-6.676095366675876795e-22
-3.046093269653292026e-38
0
0
DERIV 21
3.489248449482165921e-23
-1.8893944520939042308e-39
0
0
DERIV 22
-1.7270017578245063388e-24
6.754180730137755309e-41
0
0
DERIV 23
8.121658665900516997e-26
5.165876781012724310e-42
0
0
DERIV 24
-3.639422515379948614e-27
-2.7210097728505921471e-43
0
0
DERIV 25
1.5579282346538728533e-28
3.0370563504387572169e-46
0
0
DERIV 26
-6.384951781368331826e-30
4.469951671948631446e-46
0
0
DERIV 27
2.510322922589258584e-31
-9.340043374983407982e-48
0
0
DERIV 28
-9.485174603986328647e-33
-1.8244064268854135634e-50
0
0
DERIV 29
3.449969034043208741e-34
7.915518867960009524e-51
0
0
DERIV 30
-1.2097294015476187495e-35
7.221262689241974622e-52
0
0
DERIV 31
4.095061693809143448e-37
-1.7559253739604898812e-53
0
0
DERIV 32
-1.3399282748125506687e-38
1.1272807839160646305e-54
0
0
DERIV 33
4.242878091847708825e-40
-2.203149146271811123e-56
0
0
DERIV 34
-1.3015786682771274483e-41
-1.1217891420104152041e-57
0
0
DERIV 35
3.872148615493074307e-43
3.201199905766357299e-59
0
0
AT 9
0.0012340980408667955037
-8.746374593196001527e-21
0
0
DERIV 1
-0.0011106882367801159967
5.123982403329657888e-20
0
0
DERIV 2
0.0004936392163467182449
-4.686663673669857737e-20
0
0
DERIV 3
-0.00014397810476779281238
4.634417610824548617e-21
0
0
DERIV 4
3.085245102166989030e-5
-2.9291647960436610856e-21
0
0
DERIV 5
-5.142075170278314486e-6
-7.649449882892337061e-23
0
0
DERIV 6
6.856100227037753071e-7
-3.215238085219189930e-23
0
0
DERIV 7
-7.345821671826163627e-8
-3.364991375075656968e-25
0
0
DERIV 8
6.121518059855136080e-9
3.037684656433063549e-25
0
0
DERIV 9
-3.400843366586186769e-10
-1.1131716059676549911e-26
0
0
DERIV 10
7.843036864818759334e-68
4.379200946133109928e-85
0
0
DERIV 11
3.0916757878056242543e-12
1.8197677541896389017e-28
0
0
DERIV 12
-5.152792979676041097e-13
3.698666800903236090e-29
0
0
DERIV 13
5.945530361164662222e-14
1.5577419144360456975e-30
0
0
DERIV 14
-5.662409867775868670e-15
-2.610507878350060449e-31
0
0
DERIV 15
4.718674889813223892e-16
2.1754232319583837074e-32
0
0
DERIV 16
-3.539006167359917795e-17
-2.8641625883766185896e-33
0
0
DERIV 17
2.4287297226979829669e-18
3.040151576498681273e-35
0
0
DERIV 18
-1.5420506175860209696e-19
1.8910346029913843863e-36
0
0
DERIV 19
9.130562867285650478e-21
-1.1196915412448987157e-37
0
0
DERIV 20
-5.072534926269805821e-22
6.220508562471659097e-39
0
0
DERIV 21
2.657042104236564898e-23
2.3392305188114520429e-40
0
0
DERIV 22
-1.3175415392908585785e-24
-6.017363690411825325e-41
0
0
DERIV 23
6.205811598109116925e-26
-1.4913194576099581813e-42
0
0
DERIV 24
-2.7846590504335778684e-27
-1.7223675712124502220e-43
0
0
DERIV 25
1.1934253073286762421e-28
6.100388137813525308e-45
0
0
DERIV 26
-4.896103824938159456e-30
2.6353710306008316339e-46
0
0
DERIV 27
1.9267075237025163714e-31
-2.2613069240957669088e-48
0
0
DERIV 28
-7.285868787110355290e-33
-6.504644778308413275e-49
0
0
DERIV 29
2.651944577683845882e-34
1.4991984924271305958e-50
0
0
DERIV 30
-9.305068693627529458e-36
-4.791439497973756824e-52
0
0
DERIV 31
3.151716815583518112e-37
9.223839180395276550e-54
0
0
DERIV 32
-1.0318120527207946325e-38
-1.7767941187249253063e-55
0
0
DERIV 33
3.2688260623386055223e-40
1.1920577962350267637e-56
0
0
DERIV 34
-1.0032202748865285386e-41
-4.701536789595754700e-58
0
0
DERIV 35
2.9857746276384778693e-43
6.406517058880448678e-60
0
0
AT 37/4
0.0009851444336292955288
8.284944476691710043e-20
0
0
DERIV 1
-0.0008890327815679008880
-2.981184788172134713e-20
0
0
DERIV 2
0.0003964605647532531236
-1.1612874501737203085e-20
0
0
DERIV 3
-0.00011613491290751859204
3.675539544065823463e-21
0
0
DERIV 4
2.5029076057654867923e-5
2.593470327842557381e-22
0
0
DERIV 5
-4.204884777686018245e-6
3.901105674864468216e-22
0
0
DERIV 6
5.673257239735103006e-7
4.484204831680760949e-23
0
0
DERIV 7
-6.197675976181204820e-8
-6.344539458231333474e-24
0
0
DERIV 8
5.363373440926043460e-9
-2.781339286676237918e-25
0
0
DERIV 9
-3.310724346250643773e-10
-1.6658841182022039502e-26
0
0
DERIV 10
6.621448692501287740e-12
1.3930636757332492874e-28
0
0
DERIV 11
1.8058496434094421292e-12
1.9633700998490526043e-29
0
0
DERIV 12
-3.511374306629470695e-13
-1.5037019179516436541e-29
0
0
DERIV 13
4.244518392629030829e-14
-1.3724571664467202390e-30
0
0
DERIV 14
-4.134271161651652882e-15
-3.888113950379376871e-31
0
0
DERIV 15
3.491162314283618246e-16
7.194982827965186320e-33
0
0
DERIV 16
-2.6413399088330007114e-17
1.0437704362517655987e-34
0
0
DERIV 17
1.8239431595522000113e-18
-3.873179494106925055e-35
0
0
DERIV 18
-1.1634205338707447522e-19
-8.625346092821221850e-36
0
0
DERIV 19
6.913364802287956801e-21
6.428240822927363229e-37
0
0
DERIV 20
-3.851731818417576236e-22
-5.453144780785367696e-39
0
0
DERIV 21
2.0222767789005591037e-23
-1.2350900931597727516e-39
0
0
DERIV 22
-1.0047252495594742998e-24
-3.493824292834879496e-41
0
0
DERIV 23
4.740146875812505984e-26
1.2819702240189189437e-42
0
0
DERIV 24
-2.1299679589026783566e-27
-4.353693365311862239e-44
0
0
DERIV 25
9.139498878200583322e-29
3.588415195137665407e-45
0
0
DERIV 26
-3.753509969534790145e-30
2.3720762463303460406e-46
0
0
DERIV 27
1.4784548380883652610e-31
-4.155855133961190981e-48
0
0
DERIV 28
-5.595431423468759627e-33
1.1813596779652727427e-51
0
0
DERIV 29
2.038161033317906705e-34
-9.077729168571673894e-51
0
0
DERIV 30
-7.156209850316205427e-36
-1.9821039137383776032e-53
0
0
DERIV 31
2.425338577281523200e-37
8.345456560326093481e-54
0
0
DERIV 32
-7.944444887932700728e-39
2.1406840576149739890e-55
0
0
DERIV 33
2.5180929460183760135e-40
-2.3389404593431380876e-57
0
0
DERIV 34
-7.731701030114600164e-42
3.239098717931631668e-58
0
0
DERIV 35
2.3020703818987830482e-43
6.214816526604817801e-60
0
0
AT 19/2
0.0007859442138208562120
-1.5796893257020012011e-21
0
0
DERIV 1
-0.0007110923839331556411
2.2080712675359036608e-20
0
0
DERIV 2
0.0003181202770227275350
-2.1290868012508036102e-20
0
0
DERIV 3
-9.356478735962574082e-5
1.4787751250663150394e-21
0
0
DERIV 4
2.0272370594585575822e-5
1.0348514385091789162e-21
0
0
DERIV 5
-3.430708869852943881e-6
1.0504373142102290246e-22
0
0
DERIV 6
4.678239367981287062e-7
-9.511457993467325281e-24
0
0
DERIV 7
-5.198043742201429701e-8
-2.6195296120726424127e-24
0
0
DERIV 8
4.641110484108419967e-9
-3.569567221742481500e-25
0
0
DERIV 9
-3.094073656072279806e-10
6.564185383428465435e-27
0
0
DERIV 10
1.0313578853574265911e-11
-1.1110037052144003302e-28
0
0
DERIV 11
9.375980775976606108e-13
-8.353581249706873427e-29
0
0
DERIV 12
-2.343995193994151527e-13
2.0883953124267183566e-29
0
0
DERIV 13
3.005122043582245450e-14
-1.7065241582237783070e-30
0
0
DERIV 14
-3.0051220435822452138e-15
-6.600585574392570435e-32
0
0
DERIV 15
2.575818894499067227e-16
1.5518406093313422774e-32
0
0
DERIV 16
-1.9676394332978987135e-17
1.8411638388059239309e-34
0
0
DERIV 17
1.3678776809022825374e-18
-2.2068716258803280882e-35
0
0
DERIV 18
-8.768446672450528870e-20
-7.458370364085478748e-37
0
0
DERIV 19
5.230301523917859038e-21
3.322165457273967991e-37
0
0
DERIV 20
-2.922815557483509479e-22
-1.6905520824781886069e-38
0
0
DERIV 21
1.5383239776228997413e-23
7.350939446171667772e-40
0
0
DERIV 22
-7.658322832321795587e-25
-2.8033038513773344675e-42
0
0
DERIV 23
3.619245194859071881e-26
-2.2979477314318404648e-42
0
0
DERIV 24
-1.6286603376865822318e-27
-1.1386722283056193334e-44
0
0
DERIV 25
6.997207376727537992e-29
5.338738013142818324e-45
0
0
DERIV 26
-2.8768359241187494267e-30
1.6520942136314292786e-46
0
0
DERIV 27
1.1342363858532703032e-31
1.4910960305487634365e-48
0
0
DERIV 28
-4.296349946413902830e-33
1.0939248751766249487e-49
0
0
DERIV 29
1.5661571233232945825e-34
5.204444783490901388e-52
0
0
DERIV 30
-5.502714217081845856e-36
6.997022342660845090e-54
0
0
DERIV 31
1.8660982870170032108e-37
-6.938540896208489090e-54
0
0
DERIV 32
-6.116023349217312257e-39
1.3191418654831809956e-55
0
0
DERIV 33
1.9395422883353000278e-40
-1.9962007998938865592e-56
0
0
DERIV 34
-5.958071081814319602e-42
-1.3148036528876023039e-58
0
0
DERIV 35
1.7747445775617123499e-43
-8.879142235068860517e-60
0
0
AT 39/4
0.0006266676351068396463
3.712037812198348260e-20
0
0
DERIV 1
-0.0005683729713759709101
3.441049113845363098e-20
0
0
DERIV 2
0.0002550391538225510327
1.2394284248298484761e-21
0
0
DERIV 3
-7.529727398570553679e-5
-6.561367472962171191e-21
0
0
DERIV 4
1.6395374174306852393e-5
-2.1073375460526984767e-22
0
0
DERIV 5
-2.793285970437463863e-6
1.5825199131392640628e-22
0
0
DERIV 6
3.845828510022594990e-7
-3.374557921751453064e-24
0
0
DERIV 7
-4.337400575213453245e-8
2.8683504800562622050e-24
0
0
DERIV 8
3.975950527278998257e-9
2.885216143635277784e-25
0
0
DERIV 9
-2.811278150601311982e-10
-1.2045158464562289385e-26
0
0
DERIV 10
1.2048334931148480985e-11
-5.454504680767745060e-28
0
0
DERIV 11
3.651010585196509037e-13
1.8659175285107725250e-29
0
0
DERIV 12
-1.5212544104985455585e-13
4.847118114741303833e-30
0
0
DERIV 13
2.1063522606902937483e-14
3.483115847060501378e-31
0
0
DERIV 14
-2.1732205864264937564e-15
1.7066951802472014777e-31
0
0
DERIV 15
1.8946025625256611945e-16
-1.1971220670731488305e-32
0
0
DERIV 16
-1.4627446254793708023e-17
1.1961446468743791053e-33
0
0
DERIV 17
1.0243309702236488529e-18
8.455293583479630746e-35
0
0
DERIV 18
-6.601244030330181828e-20
-2.1320876273533004438e-36
0
0
DERIV 19
3.953558130687767728e-21
1.0038577860641312977e-37
0
0
DERIV 20
-2.216388649021930578e-22
1.2895253697143188748e-38
0
0
DERIV 21
1.1695229679523699295e-23
6.319638967251784811e-40
0
0
DERIV 22
-5.834648953199185307e-25
1.9989341134490600749e-41
0
0
DERIV 23
2.762297572045990792e-26
2.2534684682198248761e-42
0
0
DERIV 24
-1.2449130214152850096e-27
-5.763296107719443073e-44
0
0
DERIV 25
5.355474884578961777e-29
3.993764665896770435e-45
0
0
DERIV 26
-2.2043452628833784657e-30
-2.775439711522734844e-47
0
0
DERIV 27
8.699601826801432702e-32
3.322098747474125536e-48
0
0
DERIV 28
-3.298200692578565183e-33
-8.835276758096399469e-50
0
0
DERIV 29
1.2032416319751886601e-34
6.952579262362709810e-51
0
0
DERIV 30
-4.230575601008654615e-36
1.7721077814380136306e-52
0
0
DERIV 31
1.4355954071290365072e-37
-2.0244443862356360175e-54
0
0
DERIV 32
-4.707778148378398774e-39
-1.9945770794391017293e-55
0
0
DERIV 33
1.4937335301450177655e-40
9.062020947203661822e-57
0
0
DERIV 34
-4.590787121727913643e-42
2.0584157638860396723e-58
0
0
DERIV 35
1.3680686660755993647e-43
3.146658204348553645e-60
0
0
AT 10
0.0004993992273873333349
3.197327759370678234e-20
0
0
DERIV 1
-0.0004539992976248485011
-1.4282040914931105847e-20
0
0
DERIV 2
0.00020429968393118183361
-1.7045978819222853229e-21
0
0
DERIV 3
-6.053323968331313212e-5
-3.2595248375976946053e-21
0
0
DERIV 4
1.3241646180724748287e-5
7.774634778377047588e-23
0
0
DERIV 5
-2.269996488124242624e-6
4.717440804094651541e-23
0
0
DERIV 6
3.152772900172559318e-7
-1.8316347606441187079e-23
0
0
DERIV 7
-3.603169028768639107e-8
9.588777435205549389e-25
0
0
DERIV 8
3.377970964470599162e-9
-8.989478845505202552e-26
0
0
DERIV 9
-2.502200714422665759e-10
-2.2062675828087384331e-26
0
0
DERIV 10
1.2511003572113329442e-11
4.568989378473163635e-28
0
0
DERIV 11
-2.6843591874235082798e-64
7.478336837157874513e-81
0
0
DERIV 12
-9.478033009176765111e-14
3.634245567737208806e-31
0
0
DERIV 13
1.4581589244887331425e-14
-5.413643350242720157e-31
0
0
DERIV 14
-1.5623131333807854535e-15
1.6561140939568728745e-33
0
0
DERIV 15
1.3887227852273648037e-16
4.235350442876121239e-33
0
0
DERIV 16
-1.0849396759588787529e-17
-3.308867533496969718e-34
0
0
DERIV 17
7.658397712650909127e-19
-4.965787181010152379e-36
0
0
DERIV 18
-4.963776295236700606e-20
2.7738507187066294235e-36
0
0
DERIV 19
2.9857301023980152859e-21
-5.088962305913251688e-38
0
0
DERIV 20
-1.6794731825988836218e-22
5.213529998720778960e-39
0
0
DERIV 21
8.886101495232188561e-24
-3.6136691698949335135e-40
0
0
DERIV 22
-4.443050747616094097e-25
-2.9875338212357471278e-43
0
0
DERIV 23
2.1073758486716650753e-26
1.1031285733575357451e-42
0
0
DERIV 24
-9.512460428031821520e-28
-4.979399810294431906e-44
0
0
DERIV 25
4.097675261306015873e-29
-2.3391828598664286067e-45
0
0
DERIV 26
-1.6886024428458854501e-30
-1.1533975999963877109e-46
0
0
DERIV 27
6.671021996428190216e-32
-3.282421415411588805e-48
0
0
DERIV 28
-2.5314145968589113682e-33
2.680934609787159597e-50
0
0
DERIV 29
9.242487371898662485e-35
-3.863040680589730053e-51
0
0
DERIV 30
-3.251986297519899654e-36
2.703138760958622513e-53
0
0
DERIV 31
1.1042398293785736661e-37
6.136988341306852087e-54
0
0
DERIV 32
-3.623286940148445201e-39
1.5752181579078776850e-55
0
0
DERIV 33
1.1502498222693477183e-40
-8.561126550301980890e-57
0
0
DERIV 34
-3.536864426764036598e-42
-2.4109392232515926823e-58
0
0
DERIV 35
1.0544688974203340535e-43
-8.916187939175786496e-60
0
0
AT 41/4
0.0003977718845671123177
-1.5607637796258542806e-20
0
0
DERIV 1
-0.0003624143837167023230
3.3782704895138492549e-21
0
0
DERIV 2
0.00016352844143314616420
4.425548408615421772e-21
0
0
DERIV 3
-4.861656366931372907e-5
3.2628528907051468436e-21
0
0
DERIV 4
1.0680911715228015260e-5
2.585323799409423974e-22
0
0
DERIV 5
-1.8415365026255199892e-6
7.225758239008584153e-23
0
0
DERIV 6
2.578151103675727646e-7
2.3765256355559994925e-23
0
0
DERIV 7
-2.981535289965127484e-8
-2.3484293785198930385e-27
0
0
DERIV 8
2.849996968349018870e-9
4.888216531136014964e-26
0
0
DERIV 9
-2.1923053602684762130e-10
1.2147152909761290371e-26
0
0
DERIV 10
1.2179474223713756380e-11
-3.158224652328200773e-28
0
0
DERIV 11
-2.2144498588570464401e-13
-1.1698770827562368998e-29
0
0
DERIV 12
-5.536124647142616100e-14
-2.9246927068905922494e-30
0
0
DERIV 13
9.936633982050850584e-15
-6.482329116560138713e-31
0
0
DERIV 14
-1.1153364673730546695e-15
8.483523863313948787e-32
0
0
DERIV 15
1.0139422430664133023e-16
-4.350671245536778135e-33
0
0
DERIV 16
-8.027042757609105053e-18
8.763748102003016601e-35
0
0
DERIV 17
5.715850880031251100e-19
1.1349322825020594793e-35
0
0
DERIV 18
-3.727728834802990188e-20
2.6616052066608941454e-36
0
0
DERIV 19
2.2526236623565827259e-21
-1.2197539418429185196e-37
0
0
DERIV 20
-1.2716423900400062789e-22
-2.973277141654322498e-39
0
0
DERIV 21
6.747490232865339583e-24
1.3827642109541107953e-41
0
0
DERIV 22
-3.381609324163282160e-25
7.762722127938272882e-42
0
0
DERIV 23
1.6070337536468579986e-26
1.8243207120826492027e-43
0
0
DERIV 24
-7.265844098935262629e-28
3.182291456882960112e-44
0
0
DERIV 25
3.134285689736779933e-29
-1.1309605012817006143e-45
0
0
DERIV 26
-1.2931668230382518309e-30
1.7019154566289943566e-47
0
0
DERIV 27
5.114219074162578159e-32
-3.641926588055570590e-48
0
0
DERIV 28
-1.9424754986898678301e-33
-1.5336179051561537851e-49
0
0
DERIV 29
7.098083397168328225e-35
4.844735464044158676e-51
0
0
DERIV 30
-2.4993251398480031596e-36
9.292273676809820812e-53
0
0
DERIV 31
8.492330582709343720e-38
3.362592675633567974e-55
0
0
DERIV 32
-2.7882256264433366609e-39
-9.363894864862001306e-56
0
0
DERIV 33
8.856357411484859063e-41
2.884954222300108393e-57
0
0
DERIV 34
-2.7245724288205617639e-42
-1.0555622104687031172e-58
0
0
DERIV 35
8.126668155037783134e-44
-4.776360743344461817e-60
0
0
AT 21/2
0.0003166691675220923352
-1.9814727063676736819e-20
0
0
DERIV 1
-0.0002891327181723451567
-7.639826372604472015e-22
0
0
DERIV 2
0.00013079813441129898915
1.0671346169098816646e-20
0
0
DERIV 3
-3.900996991214180450e-5
-2.4693912878328676652e-21
0
0
DERIV 4
8.605140421795986485e-6
3.454167964915324768e-22
0
0
DERIV 5
-1.4915576731113042845e-6
-9.940044893039964138e-23
0
0
DERIV 6
2.1034787697723522437e-7
9.267025946290253442e-24
0
0
DERIV 7
-2.4586115490845676220e-8
-4.386025553692287469e-25
0
0
DERIV 8
2.390316783832218384e-9
1.8050535053084629876e-25
0
0
DERIV 9
-1.8970768125652528618e-10
3.317415801014276689e-27
0
0
DERIV 10
1.1382460875391516589e-11
3.825664201404909664e-28
0
0
DERIV 11
-3.449230568300459710e-13
2.1762867050549043008e-30
0
0
DERIV 12
-2.874358806917049548e-14
-1.9222718551681229061e-30
0
0
DERIV 13
6.633135708270115131e-15
-3.452597078745219107e-31
0
0
DERIV 14
-7.896590128892993827e-16
3.537541165013952910e-33
0
0
DERIV 15
7.370150786966794288e-17
-8.232085744977679970e-34
0
0
DERIV 16
-5.922442596669744970e-18
-3.740618696949404004e-34
0
0
DERIV 17
4.257965265579555685e-19
-2.0940217137432365529e-35
0
0
DERIV 18
-2.795633760229001110e-20
4.021708502419047703e-37
0
0
DERIV 19
1.6977532956856280250e-21
1.5527977300980164068e-37
0
0
DERIV 20
-9.620602008885226713e-23
3.582686691439335941e-39
0
0
DERIV 21
5.120208352067767560e-24
-3.221395379278653220e-41
0
0
DERIV 22
-2.572353478311557648e-25
-2.0132107870795724350e-41
0
0
DERIV 23
1.2249302277674085676e-26
-6.812477708786180907e-43
0
0
DERIV 24
-5.547691248946596150e-28
-3.153463186101676301e-44
0
0
DERIV 25
2.3966026195449297667e-29
-9.380754626396956331e-46
0
0
DERIV 26
-9.900495151966232866e-31
-8.251380810709610103e-47
0
0
DERIV 27
3.919736267061982518e-32
1.6938928134220888053e-48
0
0
DERIV 28
-1.4902223135143481797e-33
-7.701164411920110887e-50
0
0
DERIV 29
5.450133852978285565e-35
-4.042740421958614493e-51
0
0
DERIV 30
-1.9205233577161576120e-36
-1.5998292943590906193e-53
0
0
DERIV 31
6.530114293891032394e-38
5.177106698812592803e-54
0
0
DERIV 32
-2.1453099843712527129e-39
-8.642348009883004417e-56
0
0
DERIV 33
6.818058339095629520e-41
2.1890031893106893829e-57
0
0
DERIV 34
-2.0985815681210900234e-42
1.5840184710510471886e-58
0
0
DERIV 35
6.262433885821664524e-44
4.705203338012822803e-60
0
0
AT 43/4
0.0002519835477199226965
-2.0377679398109956289e-20
0
0
DERIV 1
-0.00023053813940333351589
3.649123446875536265e-21
0
0
DERIV 2
0.00010454636554337216761
6.539716252179441127e-21
0
0
DERIV 3
-3.127455379502586135e-5
-2.7092435499207494754e-21
0
0
DERIV 4
6.925079768898584505e-6
-3.197318423936458240e-22
0
0
DERIV 5
-1.2063042178081405226e-6
5.159667763992072682e-23
0
0
DERIV 6
1.7126541363942735031e-7
5.174434269337889242e-25
0
0
DERIV 7
-2.0211446330118754311e-8
-1.3763333038839569104e-24
0
0
DERIV 8
1.994550624682771785e-9
1.5759027637152279060e-25
0
0
DERIV 9
-1.6251893978896661269e-10
9.945073058109784968e-27
0
0
DERIV 10
1.0342114350206965528e-11
1.0148950261693745223e-28
0
0
DERIV 11
-4.029395201379337133e-13
-1.2477932220710314138e-29
0
0
DERIV 12
-1.1192764448275936657e-14
-1.7130680497061719427e-31
0
0
DERIV 13
4.304909403183052257e-15
3.692952731506265350e-31
0
0
DERIV 14
-5.534883518378210326e-16
-1.9307217075758705789e-32
0
0
DERIV 15
5.329887832512350689e-17
1.8135618234283261362e-33
0
0
DERIV 16
-4.356158324649517598e-18
5.918403728842568043e-35
0
0
DERIV 17
3.165374561164009477e-19
-1.9294834456499030018e-35
0
0
DERIV 18
-2.0935016938915404731e-20
-5.867652764658923971e-37
0
0
DERIV 19
1.2781378762706246968e-21
4.889011197863697062e-38
0
0
DERIV 20
-7.272163778781140435e-23
-3.592364544179197785e-39
0
0
DERIV 21
3.882684845813884855e-24
-1.5910953202269899687e-40
0
0
DERIV 22
-1.9556520722158387056e-25
-2.3089153384834609269e-42
0
0
DERIV 23
9.332379984062857199e-27
-6.328821558819311369e-44
0
0
DERIV 24
-4.234135363139629994e-28
3.675169265210285916e-44
0
0
DERIV 25
1.8319116265012275711e-29
-5.925775099348661089e-46
0
0
DERIV 26
-7.577573491333089064e-31
-6.377012182568180609e-48
0
0
DERIV 27
3.003456679475753348e-32
-2.2739976862224253040e-49
0
0
DERIV 28
-1.1430016637349178104e-33
-2.419536992611803546e-50
0
0
DERIV 29
4.183931819507126325e-35
-3.422460021420142571e-52
0
0
DERIV 30
-1.4754928638841556750e-36
2.643404133146991145e-53
0
0
DERIV 31
5.020457380427749819e-38
2.883684613120141951e-54
0
0
DERIV 32
-1.6503938628841225484e-39
1.5096176987318652270e-55
0
0
DERIV 33
5.248166043589615191e-41
-3.846914845270830847e-57
0
0
DERIV 34
-1.6162172244964559092e-42
1.3831374741518070714e-58
0
0
DERIV 35
4.825303431080911378e-44
-8.722871269942214593e-61
0
0
AT 11
0.00020042040948294791115
6.017346572078306561e-22
0
0
DERIV 1
-0.00018371870869270226544
1.3000937053628293575e-20
0
0
DERIV 2
8.350850395122829631e-5
2.507227738365960989e-22
0
0
DERIV 3
-2.5052551185368488894e-5
-7.521683215097883201e-23
0
0
DERIV 4
5.567233596748552805e-6
2.990591673405398561e-22
0
0
DERIV 5
-9.742658794309967621e-7
-3.115953060323696516e-23
0
0
DERIV 6
1.3918083991871383072e-7
-3.1114326571652580567e-24
0
0
DERIV 7
-1.6569147609370694133e-8
3.704086496625307123e-25
0
0
DERIV 8
1.6569147609370694133e-9
-3.704086496625307238e-26
0
0
DERIV 9
-1.3807623007808911777e-10
3.0867387471877557923e-27
0
0
DERIV 10
9.205082005205941293e-12
-3.134883920720258527e-28
0
0
DERIV 11
-4.184128184184518769e-13
1.4249472366910267305e-29
0
0
DERIV 12
3.0826761118936399308e-61
1.1867107359837982642e-78
0
0
DERIV 13
2.6821334514003324636e-15
-1.0433960790859474026e-32
0
0
DERIV 14
-3.831619216286189163e-16
-5.552835112207680447e-33
0
0
DERIV 15
3.831619216286189040e-17
1.7878786756285988538e-33
0
0
DERIV 16
-3.1930160135718243284e-18
-2.0594560009900860976e-35
0
0
DERIV 17
2.347805892332223629e-19
1.5675555474163562816e-35
0
0
DERIV 18
-1.5652039282214824195e-20
-1.0450370316109041321e-36
0
0
DERIV 19
9.610901313640682843e-22
-6.781639008113115123e-38
0
0
DERIV 20
-5.491943607794675709e-23
1.8600891175121443144e-39
0
0
DERIV 21
2.9421126470328620394e-24
-1.5212505767128842345e-40
0
0
DERIV 22
-1.4859154782994252469e-25
5.132097716383497891e-42
0
0
DERIV 23
7.106552287518990149e-27
-8.323871550449802291e-44
0
0
DERIV 24
-3.230251039781359240e-28
1.1936587224457935595e-44
0
0
DERIV 25
1.3997754505719223748e-29
-8.909317035464617469e-46
0
0
DERIV 26
-5.797886481658849653e-31
-5.074269531474282612e-48
0
0
DERIV 27
2.3007486038328768379e-32
2.8824596753896069800e-49
0
0
DERIV 28
-8.764756586030006936e-34
-1.7497253675613761528e-50
0
0
DERIV 29
3.211225473329959714e-35
-2.1238658369802154656e-51
0
0
DERIV 30
-1.1333736964693975109e-36
3.958514367161089911e-53
0
0
DERIV 31
3.859157747834865936e-38
5.541004731042272002e-56
0
0
DERIV 32
-1.2694597854719953479e-39
-2.758047971941597475e-56
0
0
DERIV 33
4.039190226501803676e-41
-2.0884867671088209862e-57
0
0
DERIV 34
-1.2445684171294073082e-42
7.729221563159983583e-59
0
0
DERIV 35
3.717542025191736121e-44
-2.3604522822144254510e-60
0
0
AT 45/4
0.00015933939626232835707
-6.812580759419506162e-23
0
0
DERIV 1
-0.00014633209860826073829
2.2752220120467186131e-21
0
0
DERIV 2
6.666240047709655976e-5
-2.2411591082496213467e-21
0
0
DERIV 3
-2.0052917216687581199e-5
-1.1438521225195065673e-21
0
0
DERIV 4
4.471258568585744800e-6
-8.834362697374530398e-23
0
0
DERIV 5
-7.858575665999187965e-7
2.900258587140092100e-23
0
0
DERIV 6
1.1291056991378142913e-7
2.9828447959467274360e-24
0
0
DERIV 7
-1.3549268389653771099e-8
-7.549880695390606056e-25
0
0
DERIV 8
1.3710569203816317174e-9
-4.177105666136091990e-26
0
0
DERIV 9
-1.1649503245072687694e-10
2.5354730179346357169e-27
0
0
DERIV 10
8.065040708127245948e-12
-7.969124142772563788e-28
0
0
DERIV 11
-4.073252882892548035e-13
-2.0794652237144724547e-30
0
0
DERIV 12
6.788754804820913234e-15
1.9242993477277689908e-31
0
0
DERIV 13
1.5666357241894416066e-15
-4.661550411639900042e-32
0
0
DERIV 14
-2.611059540315736011e-16
7.769250686066499613e-33
0
0
DERIV 15
2.7353957089021996746e-17
-1.2541340591621443938e-33
0
0
DERIV 16
-2.3313031609961929220e-18
1.2439487953665763417e-34
0
0
DERIV 17
1.7370494140755945355e-19
9.801844699534413405e-36
0
0
DERIV 18
-1.1681911264251075620e-20
5.990717656717294778e-37
0
0
DERIV 19
7.217656845189451737e-22
-3.507684608820286275e-38
0
0
DERIV 20
-4.143469670386537186e-23
2.7973336945005780707e-39
0
0
DERIV 21
2.2276718657992133357e-24
5.500123363827184505e-41
0
0
DERIV 22
-1.1283013346255756023e-25
-1.1160404749100324430e-42
0
0
DERIV 23
5.408802384492725609e-27
2.9745430168349480215e-43
0
0
DERIV 24
-2.463311163480214214e-28
-1.0418372594302206222e-44
0
0
DERIV 25
1.0691818667020504080e-29
6.179723309366486072e-46
0
0
DERIV 26
-4.434766415430827391e-31
-3.501131378008930696e-47
0
0
DERIV 27
1.7619610674102279784e-32
-1.2187195638875778041e-48
0
0
DERIV 28
-6.719343053683071944e-34
-3.905187718486466935e-50
0
0
DERIV 29
2.464126899818094165e-35
2.3245004075217142467e-51
0
0
DERIV 30
-8.704129845128592117e-37
-3.322497443322947910e-54
0
0
DERIV 31
2.965968825009743154e-38
-2.5882190472471759175e-54
0
0
DERIV 32
-9.762980715657070541e-40
1.7767397469234790676e-56
0
0
DERIV 33
3.108275410048089286e-41
-1.4065164785825631673e-57
0
0
DERIV 34
-9.582564162798856847e-43
-5.463990862363951651e-59
0
0
DERIV 35
2.863754807273221887e-44
-1.3770197755279779247e-60
0
0
AT 23/2
0.00012662616998288387846
5.650059508196220776e-21
0
0
DERIV 1
-0.00011649607638425317469
1.3071582873725037380e-21
0
0
DERIV 2
5.318299139281122868e-5
2.6440755365637887744e-21
0
0
DERIV 3
-1.6039314864498626728e-5
1.4075550500792581857e-21
0
0
DERIV 4
3.587741482848376652e-6
6.408795204340554021e-23
0
0
DERIV 5
-6.331308499144194092e-7
-1.1309638595895094985e-23
0
0
DERIV 6
9.145223387652724536e-8
4.280592424021202557e-24
0
0
DERIV 7
-1.1054665633426371536e-8
7.006119276689283661e-25
0
0
DERIV 8
1.1305908034186061234e-9
-1.5254814473888514155e-26
0
0
DERIV 9
-9.770537807321287582e-11
2.2757022684452586028e-27
0
0
DERIV 10
6.978955576658062789e-12
-3.933483240164659127e-28
0
0
DERIV 11
-3.806703041813488767e-13
1.8701521422672064241e-29
0
0
DERIV 12
1.0574175116148579381e-14
6.420563962006090212e-33
0
0
DERIV 13
8.133980858575830293e-16
4.938895355389300097e-34
0
0
DERIV 14
-1.7429958982662493134e-16
-3.627533941637859030e-33
0
0
DERIV 15
1.9366621091847214250e-17
7.454468725174929137e-34
0
0
DERIV 16
-1.6945793455366313240e-18
1.1810596430208800966e-35
0
0
DERIV 17
1.2816146310781244215e-19
1.0031154156214327564e-35
0
0
DERIV 18
-8.702321569048993487e-21
-1.7958349499704377641e-37
0
0
DERIV 19
5.412927291752962177e-22
3.906716466526370797e-38
0
0
DERIV 20
-3.122842668319016776e-23
-8.975352489702668093e-40
0
0
DERIV 21
1.6853436622674059527e-24
-2.502998666450555236e-41
0
0
DERIV 22
-8.561906305636553661e-26
-5.174096330271828624e-42
0
0
DERIV 23
4.114417217811616333e-27
9.102837715609837134e-44
0
0
DERIV 24
-1.8776110319378407229e-28
-1.0560008603957621195e-44
0
0
DERIV 25
8.163526225816698673e-30
5.809828492437936934e-46
0
0
DERIV 26
-3.391003201493090264e-31
-1.9551965681372606790e-47
0
0
DERIV 27
1.3489587495651526343e-32
-5.099499175518470656e-49
0
0
DERIV 28
-5.149965669522134159e-34
-8.760077228624890876e-51
0
0
DERIV 29
1.8904212135064565087e-35
-1.1114460975748797459e-51
0
0
DERIV 30
-6.683307320477371082e-37
-2.0465618264302566896e-54
0
0
DERIV 31
2.2791001922365227480e-38
1.1643577887130423232e-54
0
0
DERIV 32
-7.507171241319628287e-40
6.084926238527431919e-56
0
0
DERIV 33
2.391561933909127730e-41
-3.1047807014362523118e-58
0
0
DERIV 34
-7.377127916649389233e-43
-3.682135909311454462e-59
0
0
DERIV 35
2.2057857558087876967e-44
-1.0822530946980254332e-60
0
0
AT 47/4
0.00010058889154680284805
-1.7157222163359363334e-21
0
0
DERIV 1
-9.269956671960261671e-5
-6.390919029691669420e-21
0
0
DERIV 2
4.240512094620119945e-5
4.725165598252351561e-22
0
0
DERIV 3
-1.2820152844200362389e-5
-3.792351312739456058e-22
0
0
DERIV 4
2.876316343250081381e-6
9.069027775819817225e-24
0
0
DERIV 5
-5.095188950900143907e-7
-2.701750190934566179e-23
0
0
DERIV 6
7.396242025500208684e-8
6.056555083751538619e-24
0
0
DERIV 7
-9.000717808809777965e-9
-5.357167129568577314e-25
0
0
DERIV 8
9.294219476488358715e-10
-4.807900294858336404e-26
0
0
DERIV 9
-8.152824102182770757e-11
3.763958256151486147e-27
0
0
DERIV 10
5.978737674934031436e-12
1.7634079203882803786e-28
0
0
DERIV 11
-3.458773861532084402e-13
-1.8756358555638084871e-31
0
0
DERIV 12
1.2352763791186016173e-14
-4.440789606421360006e-31
0
0
DERIV 13
3.167375331073337518e-16
-1.5179240522335276054e-32
0
0
DERIV 14
-1.1312054753833346518e-16
-1.2187345019277844277e-32
0
0
DERIV 15
1.3574465704600017054e-17
2.298862379055103210e-34
0
0
DERIV 16
-1.2254725983319460269e-18
2.2044824508802226085e-35
0
0
DERIV 17
9.426712294861122821e-20
2.9338835579460687941e-36
0
0
DERIV 18
-6.469312359218417637e-21
-1.8659364839774465041e-37
0
0
DERIV 19
4.053453859159409839e-22
-1.7533991855171618842e-38
0
0
DERIV 20
-2.3510032383124575139e-23
-9.108392077485975772e-40
0
0
DERIV 21
1.2739426414501002492e-24
-6.917078181359174630e-41
0
0
DERIV 22
-6.492545142376543524e-26
-9.337221934797462047e-43
0
0
DERIV 23
3.1280182237066778195e-27
6.901334562173598686e-44
0
0
DERIV 24
-1.4304961388902489645e-28
-6.984035391344743562e-45
0
0
DERIV 25
6.230605404944195593e-30
2.0080885478838455415e-46
0
0
DERIV 26
-2.592010097818229111e-31
9.176079255410040107e-48
0
0
DERIV 27
1.0324568523804265945e-32
5.898326753859292447e-49
0
0
DERIV 28
-3.946107017243484909e-34
-4.205022339705236728e-50
0
0
DERIV 29
1.4499545286649323577e-35
6.989916806991374912e-52
0
0
DERIV 30
-5.130608332198992010e-37
3.437566777153100113e-53
0
0
DERIV 31
1.7509790007037232827e-38
-8.644520500983226823e-55
0
0
DERIV 32
-5.771634548552512231e-40
-1.6740070191837394188e-57
0
0
DERIV 33
1.8398362787593605733e-41
-1.1654372714236931776e-57
0
0
DERIV 34
-5.678507033207903004e-43
3.597028615505225955e-59
0
0
DERIV 35
1.6987802553126161680e-44
8.525259221473349501e-61
0
0
AT 12
7.987476059326672833e-5
-1.4678838278507544027e-21
0
0
DERIV 1
-7.373054823993851429e-5
-2.8150386684666282298e-21
0
0
DERIV 2
3.379316794330515690e-5
-3.2272829956423971874e-21
0
0
DERIV 3
-1.0240353922213683293e-5
3.619405824945685610e-22
0
0
DERIV 4
2.304079632498078572e-6
8.796995838958213218e-23
0
0
DERIV 5
-4.096141568885473169e-7
-3.454532771675127252e-25
0
0
DERIV 6
5.973539787957981374e-8
3.359101053132373123e-24
0
0
DERIV 7
-7.314538515866916255e-9
-1.2433746745699526370e-25
0
0
DERIV 8
7.619310954028037593e-10
3.018474895495841796e-26
0
0
DERIV 9
-6.772720848024922363e-11
-2.1086578150567010198e-27
0
0
DERIV 10
5.079540636018691934e-12
-3.409377260010640420e-30
0
0
DERIV 11
-3.078509476374964793e-13
-1.3232831337613175109e-30
0
0
DERIV 12
1.2827122818229019445e-14
5.810440673873961145e-31
0
0
DERIV 13
-1.4250845563588191457e-58
2.0858691230758345726e-75
0
0
DERIV 14
-7.047869680345615973e-17
5.747151371598575801e-33
0
0
DERIV 15
9.397159573794153707e-18
1.5815952375939646881e-34
0
0
DERIV 16
-8.809837100432019582e-19
3.332079325723747938e-35
0
0
DERIV 17
6.909676157201583395e-20
3.287125113363836794e-36
0
0
DERIV 18
-4.798386220278877358e-21
-2.282725773169331525e-37
0
0
DERIV 19
3.030559718070870207e-22
-1.5279483979704119113e-38
0
0
DERIV 20
-1.7678265022080073858e-23
-1.4596854694951680677e-39
0
0
DERIV 21
9.620824501812285480e-25
4.070532649092441980e-41
0
0
DERIV 22
-4.919739802063100843e-26
1.0492331734637924767e-42
0
0
DERIV 23
2.3766858947164739254e-27
-1.3907093954039970134e-43
0
0
DERIV 24
-1.0893143684117171710e-28
1.8899296430955713940e-45
0
0
DERIV 25
4.753371789432947436e-30
1.3664246635934645436e-46
0
0
DERIV 26
-1.980571578930394619e-31
-2.0290295101689614231e-47
0
0
DERIV 27
7.899715699437471805e-33
4.194261489086443847e-49
0
0
DERIV 28
-3.022850395192910487e-34
1.9732849400342287391e-50
0
0
DERIV 29
1.1118530189215302395e-35
-1.7896443955694527909e-52
0
0
DERIV 30
-3.937812775347086042e-37
-1.5934715349793150900e-53
0
0
DERIV 31
1.3449834906308833896e-38
-5.701186448265474033e-55
0
0
DERIV 32
-4.436577486456038551e-40
-2.197715596022619318e-56
0
0
DERIV 33
1.4151762317244142250e-41
5.587399875296755166e-58
0
0
DERIV 34
-4.370397186207750141e-43
1.5543745614310508451e-59
0
0
DERIV 35
1.3081460965519796244e-44
-3.704280712963080184e-61
0
0
AT 49/4
6.340280544570936960e-5
8.379964164577603643e-22
0
0
DERIV 1
-5.861768805358036339e-5
2.0380372511382377348e-21
0
0
DERIV 2
2.6916285330725675198e-5
9.310963296500834393e-22
0
0
DERIV 3
-8.174575544887056799e-6
-3.957151301202283403e-22
0
0
DERIV 4
1.8442639948830556781e-6
-9.149203255763453848e-23
0
0
DERIV 5
-3.289768207088693572e-7
-1.7732813355686048437e-23
0
0
DERIV 6
4.818347374018793729e-8
1.4609013166690500755e-24
0
0
DERIV 7
-5.933925337461568738e-9
-7.396964034653956863e-26
0
0
DERIV 8
6.230621604334646885e-10
3.671813367574262011e-26
0
0
DERIV 9
-5.604262818713703739e-11
-1.3879193359559522053e-27
0
0
DERIV 10
4.285612743722243931e-12
2.106729990602725702e-28
0
0
DERIV 11
-2.697238789755258496e-13
-5.491893964973904606e-30
0
0
DERIV 12
1.2487216619237308786e-14
-6.806919078094443307e-31
0
0
DERIV 13
-1.9211102491134319426e-16
-7.353039180521796348e-33
0
0
DERIV 14
-4.116664819528783174e-17
2.8264743342018684955e-33
0
0
DERIV 15
6.403700830378106989e-18
-2.684800124858696911e-34
0
0
DERIV 16
-6.289349029835640105e-19
-4.241463964468193542e-35
0
0
DERIV 17
5.044932376873508521e-20
-7.495770810742000626e-37
0
0
DERIV 18
-3.550137598540617291e-21
2.366475774783082470e-37
0
0
DERIV 19
2.261860519845822538e-22
-3.745634185982074761e-39
0
0
DERIV 20
-1.3276137833877653897e-23
9.208131626174271880e-41
0
0
DERIV 21
7.258558604060093301e-25
-3.920954231649059998e-41
0
0
DERIV 22
-3.725066732288903944e-26
-4.115908354350012365e-43
0
0
DERIV 23
1.8046907150219533818e-27
1.0193640428015060335e-43
0
0
DERIV 24
-8.290779994224786276e-29
-2.7547297550663910548e-46
0
0
DERIV 25
3.624806137009906820e-30
-2.5061805647687313575e-46
0
0
DERIV 26
-1.5128077985884224670e-31
-7.852261842771189634e-48
0
0
DERIV 27
6.042442187535456895e-33
-1.0425646308757729279e-49
0
0
DERIV 28
-2.314961617302545276e-34
1.4213227230642796374e-50
0
0
DERIV 29
8.523821267683246377e-36
-1.2109667018220681937e-52
0
0
DERIV 30
-3.021672089601997513e-37
1.6313215311106623900e-53
0
0
DERIV 31
1.0329259430030900674e-38
2.3405798692684539603e-55
0
0
DERIV 32
-3.4097467308640737029e-40
-1.0024028430419112579e-56
0
0
DERIV 33
1.0883636029828760981e-41
-1.5481468591845935200e-58
0
0
DERIV 34
-3.3631488848689024028e-43
1.3710220474227674869e-59
0
0
DERIV 35
1.0072080997714096666e-44
-3.793229460244526516e-61
0
0
AT 25/2
5.030981782306206105e-5
-2.6497282056363018991e-21
0
0
DERIV 1
-4.658316465098339012e-5
2.7044247673682204331e-21
0
0
DERIV 2
2.1428255739452359589e-5
-1.3795606645500692955e-21
0
0
DERIV 3
-6.521643051137674142e-6
-9.571898303085735228e-23
0
0
DERIV 4
1.4751335472811405091e-6
9.223680129007609505e-23
0
0
DERIV 5
-2.639712663555725071e-7
-2.1520859523808817345e-23
0
0
DERIV 6
3.881930387581948673e-8
2.7755708181822245837e-24
0
0
DERIV 7
-4.806199527482413337e-9
3.496140311266430002e-25
0
0
DERIV 8
5.083480269452552090e-10
1.0743551278125895346e-26
0
0
DERIV 9
-4.621345699502320317e-11
1.3732584421960199866e-27
0
0
DERIV 10
3.5943799885018044487e-12
1.3552908013531549134e-28
0
0
DERIV 11
-2.334012979546626377e-13
2.3459125221283551916e-30
0
0
DERIV 12
1.1670064897733132515e-14
-7.483843502832271864e-31
0
0
DERIV 13
-2.992324332752085222e-16
1.5396741809084294036e-32
0
0
DERIV 14
-2.1373745233943465434e-17
6.595547133603671055e-34
0
0
DERIV 15
4.274749046788693087e-18
-1.3191094267207342966e-34
0
0
DERIV 16
-4.452863590404888311e-19
-1.8358109211446282853e-35
0
0
DERIV 17
3.667064133274614002e-20
5.205568166256753663e-37
0
0
DERIV 18
-2.6193315237675814303e-21
-3.718262975897681188e-38
0
0
DERIV 19
1.6849501030083856920e-22
4.729105301920015643e-39
0
0
DERIV 20
-9.956523335958642352e-24
-6.534680612841833533e-40
0
0
DERIV 21
5.470617217559694044e-25
-8.499137632205458427e-42
0
0
DERIV 22
-2.818196748439842355e-26
1.2475880778712935245e-43
0
0
DERIV 23
1.3694562204694886734e-27
-6.707448185325100528e-44
0
0
DERIV 24
-6.306706278477908364e-29
3.088956401136559519e-45
0
0
DERIV 25
2.7629379886665121517e-30
-5.124780114268406285e-47
0
0
DERIV 26
-1.1550744099776389282e-31
9.025935229968647889e-48
0
0
DERIV 27
4.620297639910555248e-33
1.0423747153410349114e-49
0
0
DERIV 28
-1.7723363962619854831e-34
-3.545995756080952633e-51
0
0
DERIV 29
6.532987905365226019e-36
3.059902505422755142e-53
0
0
DERIV 30
-2.318156998677983391e-37
-4.588386900230508047e-54
0
0
DERIV 31
7.931133426562015268e-39
4.006453296047032544e-55
0
0
DERIV 32
-2.6201065784178086620e-40
-8.574672875870714865e-57
0
0
DERIV 33
8.368890791015114066e-42
-1.3006471214385696400e-58
0
0
DERIV 34
-2.5876660816864228827e-43
2.1593972365330575858e-60
0
0
DERIV 35
7.753981986934925083e-45
5.632324258281336609e-61
0
0
AT 51/4
3.990690561894305062e-5
2.8031990856955025558e-21
0
0
DERIV 1
-3.700458521029264657e-5
-2.9689444382649790525e-21
0
0
DERIV 2
1.7051132400821121261e-5
1.5673448954172275865e-21
0
0
DERIV 3
-5.199990732165306976e-6
1.4616107602211638916e-23
0
0
DERIV 4
1.1790676660142266459e-6
-6.733404948134975625e-23
0
0
DERIV 5
-2.1162752979742527777e-7
-5.560921109606941424e-24
0
0
DERIV 6
3.124025439866753993e-8
1.8922937191058985258e-24
0
0
DERIV 7
-3.887036261585362096e-9
-2.506942528390385942e-25
0
0
DERIV 8
4.138973797058487838e-10
-1.5430643161043595887e-26
0
0
DERIV 9
-3.799058074594747123e-11
-2.694908254153633656e-28
0
0
DERIV 10
2.9992563746800634754e-12
6.379104237207164411e-29
0
0
DERIV 11
-1.9995042497867090678e-13
4.161780164219349931e-30
0
0
DERIV 12
1.0603431627656790559e-14
-2.685102150856329327e-31
0
0
DERIV 13
-3.495636800326414199e-16
-1.8238018500645748135e-32
0
0
DERIV 14
-8.322944762681938936e-18
-6.739473679875862452e-35
0
0
DERIV 15
2.7743149208939797737e-18
-1.0593041735956284514e-34
0
0
DERIV 16
-3.121104286005727005e-19
-1.2156952351889627016e-35
0
0
DERIV 17
2.6519186743839512189e-20
-6.585389261599323682e-37
0
0
DERIV 18
-1.9266075839541523698e-21
-1.7720933834239156894e-37
0
0
DERIV 19
1.2525931660383035374e-22
-2.3807811608387464662e-39
0
0
DERIV 20
-7.455911702608949277e-24
-2.0813634483766017713e-40
0
0
DERIV 21
4.118503607155419505e-25
2.1117916740917450787e-41
0
0
DERIV 22
-2.1302604864596998427e-26
-1.0269939868979045121e-43
0
0
DERIV 23
1.0384669038077588204e-27
1.2253208123649819291e-45
0
0
DERIV 24
-4.794723317130417821e-29
-1.6219889976544852544e-45
0
0
DERIV 25
2.1050004806914030806e-30
-6.379387166597449111e-47
0
0
DERIV 26
-8.815813978963996075e-32
5.347799972528643892e-48
0
0
DERIV 27
3.531656393689280276e-33
-1.2786648651410171585e-49
0
0
DERIV 28
-1.3564987495976345032e-34
-5.520393173551347111e-51
0
0
DERIV 29
5.005833256228415446e-36
4.445048980190616997e-53
0
0
DERIV 30
-1.7780282057641913312e-37
3.669926961622911060e-54
0
0
DERIV 31
6.088533310061002098e-39
3.497219531266513874e-55
0
0
DERIV 32
-2.0129661758806758198e-40
1.9172764442454304355e-56
0
0
DERIV 33
6.434138461719054236e-42
2.8337704271387209357e-58
0
0
DERIV 34
-1.9906998296380574226e-43
6.566988426552390079e-60
0
0
DERIV 35
5.968588554470366130e-45
-1.5738262478146477054e-61
0
0
AT 13
3.164461169773475935e-5
1.2073896706604677949e-21
0
0
DERIV 1
-2.9384282290753705114e-5
-1.1211475513275771709e-21
0
0
DERIV 2
1.3561976441886325437e-5
5.174527159973433675e-22
0
0
DERIV 3
-4.143937246131933055e-6
1.2423376364113409451e-22
0
0
DERIV 4
9.418039195754393018e-7
6.411769197752173196e-25
0
0
DERIV 5
-1.6952470552357906267e-7
-1.1762114870306169507e-23
0
0
DERIV 6
2.5114771188678382351e-8
-9.534605342015466301e-25
0
0
DERIV 7
-3.139346398584797794e-9
1.1918256677519332877e-25
0
0
DERIV 8
3.363585427055140420e-10
-5.384019542404395783e-27
0
0
DERIV 9
-3.114430950976981559e-11
-2.6129808187557734863e-27
0
0
DERIV 10
2.4915447607815856187e-12
-1.6254657529484351833e-28
0
0
DERIV 11
-1.6987805187147173984e-13
4.198116779083227957e-30
0
0
DERIV 12
9.437669548415096658e-15
-2.332287099490682344e-31
0
0
DERIV 13
-3.629872903236575524e-16
-2.4074665195696614900e-33
0
0
DERIV 14
3.047356219699263383e-56
1.5928109278986709828e-72
0
0
DERIV 15
1.7285109063031312165e-18
-3.209625673571028542e-36
0
0
DERIV 16
-2.1606386328789140206e-19
4.012032091963785677e-37
0
0
DERIV 17
1.9064458525402182712e-20
-2.124159030529190292e-37
0
0
DERIV 18
-1.4121821129927541844e-21
-7.482209050387111304e-38
0
0
DERIV 19
9.290671796004961925e-23
3.066462242377382390e-39
0
0
DERIV 20
-5.574403077602977508e-24
1.6866057070404333182e-40
0
0
DERIV 21
3.096890598668320685e-25
5.935884320551683351e-42
0
0
DERIV 22
-1.6087743369705561849e-26
-4.574412247007225346e-43
0
0
DERIV 23
7.869004909095111930e-28
6.777781344398247716e-45
0
0
DERIV 24
-3.643057828284774083e-29
1.0141337163336023765e-46
0
0
DERIV 25
1.6029454444453004761e-30
1.1604947958006642091e-46
0
0
DERIV 26
-6.725645221448813998e-32
3.245828064955179224e-48
0
0
DERIV 27
2.6985613542850179325e-33
-1.0066844482545339117e-49
0
0
DERIV 28
-1.0379082131865453093e-34
-1.0624715868835381587e-51
0
0
DERIV 29
3.834636255615314962e-36
2.5978988076685130728e-52
0
0
DERIV 30
-1.3634262242187788052e-37
5.982936616314735101e-54
0
0
DERIV 31
4.673033429782104565e-39
5.433364940778032090e-57
0
0
DERIV 32
-1.5462242966190788125e-40
9.416255524751498388e-57
0
0
DERIV 33
4.945835292215908084e-42
2.7382163430390453181e-58
0
0
DERIV 34
-1.5312183567231913864e-43
-5.579798282503807426e-60
0
0
DERIV 35
4.593655070169574632e-45
-3.0555521264233254695e-61
0
0
AT 53/4
2.5084934948225412715e-5
-2.1028732701842591564e-22
0
0
DERIV 1
-2.3324588636069241678e-5
-1.5282560271846011161e-21
0
0
DERIV 2
1.0782121161956537014e-5
-6.066620381478656897e-23
0
0
DERIV 3
-3.300649335292817306e-6
-1.2836299988652560421e-22
0
0
DERIV 4
7.518145708166972707e-7
3.394397745889916480e-23
0
0
DERIV 5
-1.3569336156203805353e-7
3.428470851445367939e-24
0
0
DERIV 6
2.0170634826789440389e-8
-5.096375589986357300e-25
0
0
DERIV 7
-2.532244199034171953e-9
-1.5266206860821530855e-25
0
0
DERIV 8
2.728711421373030479e-10
-1.9203682803124542363e-26
0
0
DERIV 9
-2.5467973266148282961e-11
2.844624033251672896e-28
0
0
DERIV 10
2.0616930739262897076e-12
-1.5766016999832813682e-28
0
0
DERIV 11
-1.4332625647615916741e-13
8.359146387584883907e-31
0
0
DERIV 12
8.268822489009182493e-15
1.9450058783193699282e-31
0
0
DERIV 13
-3.533684824362898560e-16
-2.4123901460794843850e-33
0
0
DERIV 14
5.048121177661283349e-18
3.426115074745218040e-34
0
0
DERIV 15
1.0096242355322568239e-18
-8.555209405607450530e-35
0
0
DERIV 16
-1.4723686768178743744e-19
-3.573069153382766307e-36
0
0
DERIV 17
1.3610130626047577669e-20
9.119064543161908852e-37
0
0
DERIV 18
-1.0310705019733013499e-21
-5.768508919779833876e-38
0
0
DERIV 19
6.873803346488676136e-23
-8.563047901025940166e-40
0
0
DERIV 20
-4.160459920243145758e-24
-2.7297867543152772006e-40
0
0
DERIV 21
2.325722936781883093e-25
-2.1816765039662604199e-41
0
0
DERIV 22
-1.2137611286235415180e-26
-4.944321749818878933e-43
0
0
DERIV 23
5.958154207829446610e-28
7.415975447849152095e-45
0
0
DERIV 24
-2.766285882206528976e-29
1.5774676052810385951e-45
0
0
DERIV 25
1.2200030044603151995e-30
7.397289958703225499e-47
0
0
DERIV 26
-5.128814061684688801e-32
2.6284376130559366523e-48
0
0
DERIV 27
2.0612255094241064226e-33
8.200232011571375425e-50
0
0
DERIV 28
-7.938893768790325992e-35
-1.8107402066511735829e-51
0
0
DERIV 29
2.9366440900227537168e-36
1.6542858865851770386e-52
0
0
DERIV 30
-1.0452462015335225575e-37
-1.0748946734845997187e-54
0
0
DERIV 31
3.585842063632668262e-39
4.723317305389841385e-56
0
0
DERIV 32
-1.1874756833858183112e-40
-1.8685101369527238209e-57
0
0
DERIV 33
3.801138551170993382e-42
-8.726164904266708586e-60
0
0
DERIV 34
-1.1776076295784646913e-43
7.751624573822817721e-60
0
0
DERIV 35
3.534952378119803672e-45
-3.1011087348488865543e-61
0
0
AT 27/2
1.9878906752569224230e-5
-9.448446165531997113e-22
0
0
DERIV 1
-1.8507947666185139567e-5
6.460186575483444069e-22
0
0
DERIV 2
8.568494289900527452e-6
-1.7359634927174457474e-22
0
0
DERIV 3
-2.627671582236161566e-6
-1.3311103461927773333e-22
0
0
DERIV 4
5.997946002930369343e-7
-2.4857238657836626846e-23
0
0
DERIV 5
-1.0853426100540668222e-7
3.363557393250094607e-24
0
0
DERIV 6
1.6184933658700995601e-8
3.691333142202782087e-25
0
0
DERIV 7
-2.040117688071554165e-9
5.078595682721188338e-26
0
0
DERIV 8
2.2101274954108502244e-10
6.561238610117032510e-27
0
0
DERIV 9
-2.0778976452580642307e-11
-1.4453748097850025342e-27
0
0
DERIV 10
1.7000980733929618416e-12
-8.001866381350465243e-29
0
0
DERIV 11
-1.2020895468435084417e-13
1.2542489583893806391e-29
0
0
DERIV 12
7.155294921687549647e-15
-1.4553988077766991973e-31
0
0
DERIV 13
-3.302443810009638283e-16
5.200185064313588988e-33
0
0
DERIV 14
7.862961452403900088e-18
4.631361481867388405e-34
0
0
DERIV 15
5.241974301602600572e-19
-2.0482388637877036947e-35
0
0
DERIV 16
-9.828701815504876073e-20
3.840447869601944428e-36
0
0
DERIV 17
9.635982172063603462e-21
1.5453236264579966147e-37
0
0
DERIV 18
-7.494652800493914180e-22
2.559663546497322566e-38
0
0
DERIV 19
5.071569564244001754e-23
1.4938775854539541061e-39
0
0
DERIV 20
-3.0992925114824457776e-24
1.6992844773832225583e-40
0
0
DERIV 21
1.7441905908775668649e-25
-7.277124319003201883e-42
0
0
DERIV 22
-9.147852749357867159e-27
-6.318144054671738601e-43
0
0
DERIV 23
4.507637586640109155e-28
-3.879394048949013162e-44
0
0
DERIV 24
-2.0991449545627957320e-29
-1.7172315233034843421e-46
0
0
DERIV 25
9.280430325435517335e-31
7.138792734728733443e-47
0
0
DERIV 26
-3.909338781776866658e-32
8.024360421145449887e-49
0
0
DERIV 27
1.5738078831629898330e-33
-6.756230202566648589e-50
0
0
DERIV 28
-6.070401835057246077e-35
-1.6093572646411267751e-51
0
0
DERIV 29
2.2482969759471283252e-36
-8.888110372211727672e-53
0
0
DERIV 30
-8.011173132685169995e-38
4.175074868832916828e-54
0
0
DERIV 31
2.7509751652300790740e-39
-3.065287877493313564e-56
0
0
DERIV 32
-9.117815415061815144e-41
1.3249204361009336316e-57
0
0
DERIV 33
2.920858617812009727e-42
2.7700262379440813950e-58
0
0
DERIV 34
-9.055126080657265216e-44
4.994283321870933024e-60
0
0
DERIV 35
2.7198547201974201170e-45
5.445906154971718929e-62
0
0
AT 55/4
1.5748634148013044383e-5
3.649457871822737106e-22
0
0
DERIV 1
-1.4680930137978262775e-5
7.221766068100537698e-22
0
0
DERIV 2
6.806613063971739737e-6
-5.761655314689027428e-23
0
0
DERIV 3
-2.090920352984782836e-6
5.922042550530127773e-23
0
0
DERIV 4
4.782424211614131068e-7
-2.4808833323743115030e-23
0
0
DERIV 5
-8.675095081532609297e-8
-9.784218262768833331e-25
0
0
DERIV 6
1.2975569566394928973e-8
-3.909687572152533750e-25
0
0
DERIV 7
-1.6418067614622154208e-9
-3.240448318668598526e-26
0
0
DERIV 8
1.7874509096564441665e-10
7.697164563434702957e-27
0
0
DERIV 9
-1.6918259638723547590e-11
1.2527167939959104625e-27
0
0
DERIV 10
1.3975953614597712770e-12
-5.782740311139212505e-29
0
0
DERIV 11
-1.0030588718610798228e-13
4.368603727474188986e-32
0
0
DERIV 12
6.129804216928821280e-15
-1.4291164098385853875e-31
0
0
DERIV 13
-3.000603462832290158e-16
9.064365918495729243e-33
0
0
DERIV 14
9.185520804588642742e-18
3.199507403457630741e-34
0
0
DERIV 15
2.0412268454641428529e-19
4.970094291697806463e-36
0
0
DERIV 16
-6.378833892075447017e-20
4.465376610054547438e-36
0
0
DERIV 17
6.754059415138708058e-21
7.594383941338165564e-38
0
0
DERIV 18
-5.419924222024888927e-22
-3.163586436585440341e-38
0
0
DERIV 19
3.730312217587980442e-23
8.336914922153189313e-41
0
0
DERIV 20
-2.3040163696866937551e-24
-5.268764546311359808e-41
0
0
DERIV 21
1.3061317288473321320e-25
-4.145520650415780287e-42
0
0
DERIV 22
-6.886876388467751508e-27
4.846962197524656330e-43
0
0
DERIV 23
3.407300162210431336e-28
2.0457705945378056592e-44
0
0
DERIV 24
-1.5917942676993178197e-29
5.446540123339101226e-46
0
0
DERIV 25
7.055520537910489268e-31
2.859663598228906013e-47
0
0
DERIV 26
-2.978409232701426316e-32
1.4424423995794575522e-48
0
0
DERIV 27
1.2011691555750606875e-33
7.318226237829774825e-50
0
0
DERIV 28
-4.640084930428441773e-35
5.860232259706603218e-52
0
0
DERIV 29
1.7207862136266831328e-36
-1.2889554270641457207e-52
0
0
DERIV 30
-6.138477136329103209e-38
9.591214996537402846e-55
0
0
DERIV 31
2.1100000733019128039e-39
-4.677108162320846746e-56
0
0
DERIV 32
-6.999519473934229818e-41
-1.7042116345133652602e-59
0
0
DERIV 33
2.2440268844848432220e-42
-1.0915798733964592348e-58
0
0
DERIV 34
-6.961727240343791838e-44
-2.526669704333191386e-60
0
0
DERIV 35
2.0923929739066685928e-45
-9.804970505968406039e-62
0
0
AT 14
1.2472930786553518368e-5
-1.0714561637160237887e-22
0
0
DERIV 1
-1.1641402067449950703e-5
3.258780278813089648e-22
0
0
DERIV 2
5.404936674173191519e-6
-2.723052196955077754e-22
0
0
DERIV 3
-1.6630574382071357542e-6
-1.3948349392263028825e-23
0
0
DERIV 4
3.811173295891353035e-7
-2.3273282865969941674e-23
0
0
DERIV 5
-6.929405992529732309e-8
-5.811812246776261092e-25
0
0
DERIV 6
1.0394108988794598133e-8
4.180494287228549817e-25
0
0
DERIV 7
-1.3198868557199490841e-9
6.180055444533575428e-26
0
0
DERIV 8
1.4436262484436942138e-10
2.9340871608971954791e-27
0
0
DERIV 9
-1.3748821413749469626e-11
6.437557754722473507e-28
0
0
DERIV 10
1.1457351178124557349e-12
1.3669815956172391101e-29
0
0
DERIV 11
-8.332619038636041938e-14
1.3006996547394968402e-30
0
0
DERIV 12
5.207886899147526211e-15
-8.129372842121855251e-32
0
0
DERIV 13
-2.670711230332064825e-16
1.4282510498793410244e-32
0
0
DERIV 14
9.538254394043088440e-18
-2.899833813126519888e-34
0
0
DERIV 15
-3.359698473061776016e-54
5.658696358494647574e-71
0
0
DERIV 16
-3.974272664184620263e-20
2.0107348989640650033e-36
0
0
DERIV 17
4.675614899040729766e-21
-2.808109519090819810e-37
0
0
DERIV 18
-3.896345749200607982e-22
7.727654648126332517e-39
0
0
DERIV 19
2.734277718737268563e-23
1.4168656971159997823e-39
0
0
DERIV 20
-1.7089235742107928519e-24
-8.855410606974998640e-41
0
0
DERIV 21
9.765277566918817084e-26
-2.8113793238421049258e-42
0
0
DERIV 22
-5.178556285487251375e-27
4.038150751673186863e-44
0
0
DERIV 23
2.573195669807329764e-28
9.134223442247893506e-45
0
0
DERIV 24
-1.2061854702221858271e-29
-4.281667238553700470e-46
0
0
DERIV 25
5.360824312098604260e-31
-3.935780384218426422e-47
0
0
DERIV 26
-2.2680410551186401417e-32
4.440544574632136830e-49
0
0
DERIV 27
9.163802242903596964e-34
-6.113779157576128567e-50
0
0
DERIV 28
-3.545518724932939047e-35
-1.8003993078751734097e-52
0
0
DERIV 29
1.3166382532907466249e-36
-2.255860848303730533e-53
0
0
DERIV 30
-4.702279476038380505e-38
-2.1773317395479932889e-54
0
0
DERIV 31
1.6179886369164321786e-39
-1.0189576013766348317e-55
0
0
DERIV 32
-5.372227896011590453e-41
-4.263583512614913232e-57
0
0
DERIV 33
1.7237094853513124875e-42
9.420343058838084844e-59
0
0
DERIV 34
-5.351385657136427566e-44
-3.835698284437245556e-60
0
0
DERIV 35
1.6094392953793767256e-45
1.0132247033376420758e-61
0
0
AT 57/4
9.875827068159369140e-6
-3.585871257695702732e-23
0
0
DERIV 1
-9.228231850575148212e-6
3.350732158830410490e-23
0
0
DERIV 2
4.290318316495463643e-6
-1.5577965299825594174e-23
0
0
DERIV 3
-1.3221735692344510597e-6
4.800756601833044565e-24
0
0
DERIV 4
3.035602582426035596e-7
-1.1022145259310561015e-24
0
0
DERIV 5
-5.531542483531887086e-8
2.0084798028077023069e-25
0
0
DERIV 6
8.319799670352837749e-9
5.212448991394635580e-25
0
0
DERIV 7
-1.0600516954503616663e-9
3.339116784046261348e-26
0
0
DERIV 8
1.1644507260628972771e-10
-2.8846542205877229679e-27
0
0
DERIV 9
-1.1153742586809359895e-11
-7.202803564828379496e-28
0
0
DERIV 10
9.369143772919862054e-13
8.635294408684050467e-29
0
0
DERIV 11
-6.895040871845786014e-14
-5.480743107098309638e-30
0
0
DERIV 12
4.393898594803687352e-15
1.6364871049837970735e-31
0
0
DERIV 13
-2.339945997232733058e-16
6.163643437316909690e-33
0
0
DERIV 14
9.285499989018782343e-18
-6.114328242212556237e-34
0
0
DERIV 15
-1.2380666652025041519e-19
-7.896978546943557198e-36
0
0
DERIV 16
-2.3213749972546952848e-20
-1.4806834775519169746e-36
0
0
DERIV 17
3.1862009766240917001e-21
7.046935062994200847e-38
0
0
DERIV 18
-2.781604027211508754e-22
6.535789366578959706e-39
0
0
DERIV 19
1.9963665267068243506e-23
6.698601222144919479e-40
0
0
DERIV 20
-1.2643654669143221843e-24
5.308444159739303693e-41
0
0
DERIV 21
7.288322240358247653e-26
2.2049995435438825323e-42
0
0
DERIV 22
-3.889025701376930685e-27
1.4467523280571203005e-45
0
0
DERIV 23
1.9413815900593373975e-28
-1.9135408519465723269e-45
0
0
DERIV 24
-9.132843501623226929e-30
1.4680095759593213052e-47
0
0
DERIV 25
4.070638817866352384e-31
1.8363309176266361527e-47
0
0
DERIV 26
-1.7262077827243900701e-32
-7.193394982154799082e-49
0
0
DERIV 27
6.988093521795550312e-34
-2.1120982443518106517e-50
0
0
DERIV 28
-2.708151744768792164e-35
-4.813064664434511469e-52
0
0
DERIV 29
1.0070882079938037623e-36
-3.213679327673282634e-53
0
0
DERIV 30
-3.601103289189964745e-38
-1.0844976728474725971e-54
0
0
DERIV 31
1.2404018984087905184e-39
-3.727399451578036766e-58
0
0
DERIV 32
-4.122367420306992080e-41
-2.1724240771693608458e-57
0
0
DERIV 33
1.3237814872989437319e-42
-2.729415239733908312e-59
0
0
DERIV 34
-4.112825664764737966e-44
-1.3834219530721512886e-60
0
0
DERIV 35
1.2377646762530069488e-45
-5.254055147441291277e-62
0
0
AT 29/2
7.817388769802264845e-6
3.311122497949643428e-22
0
0
DERIV 1
-7.313041107234376818e-6
-2.824265257032150452e-22
0
0
DERIV 2
3.404346722333244395e-6
1.1687040080573285028e-22
0
0
DERIV 3
-1.0507242970164333900e-6
-1.0142859185781108758e-22
0
0
DERIV 4
2.416665883137796797e-7
2.3328576127296552142e-23
0
0
DERIV 5
-4.413042047469020767e-8
1.0339550623113111557e-24
0
0
DERIV 6
6.654587214437412518e-9
-4.053810274676981537e-25
0
0
DERIV 7
-8.505863356799699325e-10
-3.681087414984793847e-26
0
0
DERIV 8
9.381466937646727804e-11
-2.0221875022449159914e-27
0
0
DERIV 9
-9.034005199215367743e-12
4.221080968381031442e-28
0
0
DERIV 10
7.644158245489925961e-13
2.3314229390545142596e-29
0
0
DERIV 11
-5.685737537967713441e-14
-2.5686137221751718637e-30
0
0
DERIV 12
3.685200256090184433e-15
3.710037166797642194e-31
0
0
DERIV 13
-2.0248353055440576844e-16
9.955984449172750186e-33
0
0
DERIV 14
8.677865595188817635e-18
5.858038372276004168e-34
0
0
DERIV 15
-1.9284145767086263551e-19
8.381358554800388956e-36
0
0
DERIV 16
-1.2052591104428914719e-20
5.238349096750243098e-37
0
0
DERIV 17
2.1269278419580435306e-21
1.5095502269819877174e-37
0
0
DERIV 18
-1.9693776314426331164e-22
7.791096987616549882e-39
0
0
DERIV 19
1.4511203600103610581e-23
1.2819628811581819510e-39
0
0
DERIV 20
-9.328630885780893303e-25
-3.695759939033510777e-42
0
0
DERIV 21
5.429361891195228378e-26
5.499282434113878396e-42
0
0
DERIV 22
-2.9165993630387594227e-27
8.110479215196894519e-44
0
0
DERIV 23
1.4631769379793108139e-28
-1.0742544800930012310e-44
0
0
DERIV 24
-6.909446651568966674e-30
-5.514720018903889920e-46
0
0
DERIV 25
3.088929091289655935e-31
1.3131931176838538595e-49
0
0
DERIV 26
-1.3131075084429711751e-32
2.8251350148958127062e-49
0
0
DERIV 27
5.326538394036743492e-34
1.3730941933813623806e-50
0
0
DERIV 28
-2.0677555877471831272e-35
4.132248533473292087e-52
0
0
DERIV 29
7.700607016437784727e-37
5.580785851486570990e-53
0
0
DERIV 30
-2.757007450329577577e-38
1.2887608963114720798e-54
0
0
DERIV 31
9.506922242515783735e-40
5.681469359613323772e-56
0
0
DERIV 32
-3.162585020191742935e-41
1.7278554120229754212e-57
0
0
DERIV 33
1.0164414665446372023e-42
4.906440057407364267e-59
0
0
DERIV 34
-3.160364223710216670e-44
6.421329683114476586e-62
0
0
DERIV 35
9.517699206540420895e-46
-5.417764210705771400e-63
0
0
AT 59/4
6.186385084132636325e-6
1.4068474325694465376e-22
0
0
DERIV 1
-5.793598729584532189e-6
-3.737617921069387342e-22
0
0
DERIV 2
2.700406187518214450e-6
-1.2009705314868376226e-22
0
0
DERIV 3
-8.346710034147207588e-7
-3.410686322770027932e-23
0
0
DERIV 4
1.9230165274750920170e-7
5.917397745435657177e-25
0
0
DERIV 5
-3.518711092826764009e-8
-1.1783307086021010277e-24
0
0
DERIV 6
5.318981884505574079e-9
-3.989829946669109929e-25
0
0
DERIV 7
-6.819207544237914771e-10
-2.0431271641843932181e-26
0
0
DERIV 8
7.549836923977691833e-11
-2.5385681232196718365e-27
0
0
DERIV 9
-7.306293797397765456e-12
-5.881835410523580747e-28
0
0
DERIV 10
6.223879901486985464e-13
4.262495380310534962e-29
0
0
DERIV 11
-4.674060005069277988e-14
4.657166098059612469e-31
0
0
DERIV 12
3.0750394770192619170e-15
-1.1367724066839342536e-31
0
0
DERIV 13
-1.7346376537031734131e-16
8.814542614498992947e-33
0
0
DERIV 14
7.884716607741696212e-18
7.198800306208012117e-34
0
0
DERIV 15
-2.252776173640485072e-19
2.3453254996828212763e-35
0
0
DERIV 16
-4.693283695084343399e-21
-1.2934777250254846741e-38
0
0
DERIV 17
1.3803775573777480474e-21
1.4867822493108258022e-38
0
0
DERIV 18
-1.3803775573777481414e-22
7.917172557267474001e-39
0
0
DERIV 19
1.0494098389421475792e-23
7.042145228757746439e-40
0
0
DERIV 20
-6.861525870006349655e-25
-3.615481921717082810e-41
0
0
DERIV 21
4.036191688239029513e-26
-9.119204336293665169e-43
0
0
DERIV 22
-2.1840864113847563278e-27
1.4718245477488194653e-43
0
0
DERIV 23
1.1015392335679639647e-28
2.2080701609393051999e-45
0
0
DERIV 24
-5.222815331572243250e-30
2.0939115678688848947e-46
0
0
DERIV 25
2.342353542644520964e-31
1.5768800850541186249e-47
0
0
DERIV 26
-9.983003664077481259e-33
3.891340869822719701e-49
0
0
DERIV 27
4.058131570763203785e-34
-1.7904519081952932668e-50
0
0
DERIV 28
-1.5781622775190236881e-35
6.368920818516764133e-52
0
0
DERIV 29
5.886178797220847978e-37
1.6390951050592155109e-53
0
0
DERIV 30
-2.1101395688150210589e-38
2.6930777549329502337e-55
0
0
DERIV 31
7.284579156633632239e-40
7.274776171506724267e-57
0
0
DERIV 32
-2.425705149493781031e-41
-2.2061868986153023882e-57
0
0
DERIV 33
7.802967613756219059e-43
3.509583062785940059e-59
0
0
DERIV 34
-2.428033400699931752e-44
-1.1896856769220061088e-60
0
0
DERIV 35
7.317360933616232298e-46
7.378836010789892661e-62
0
0
AT 15
4.894437128029212574e-6
3.961272470248879185e-23
0
0
DERIV 1
-4.588534807527387212e-6
3.863795442185669305e-22
0
0
DERIV 2
2.141316243512780501e-6
1.7330567057338846067e-23
0
0
DERIV 3
-6.627883610872892381e-7
2.992881633213382522e-23
0
0
DERIV 4
1.5295116025091289295e-7
1.2378976469527747453e-24
0
0
DERIV 5
-2.8041046046000695938e-8
-1.3298553853453789456e-24
0
0
DERIV 6
4.248643340303135548e-9
4.020218735500338206e-25
0
0
DERIV 7
-5.462541437532603615e-10
2.5121101709205364380e-26
0
0
DERIV 8
6.069490486147337494e-11
-4.227310975594047186e-27
0
0
DERIV 9
-5.900893528198800251e-12
3.212337262998305278e-28
0
0
DERIV 10
5.057908738456114039e-13
1.8625312999804014572e-29
0
0
DERIV 11
-3.831749044284935146e-14
1.2663375419770691067e-30
0
0
DERIV 12
2.5544993628566232204e-15
1.2594040526046520766e-31
0
0
DERIV 13
-1.4737496324172827599e-16
6.008309159365186510e-33
0
0
DERIV 14
7.017855392463251384e-18
-4.328474795421316253e-34
0
0
DERIV 15
-2.339285130821083474e-19
-1.7670583088382878310e-35
0
0
DERIV 16
2.0821051437850562165e-52
-6.369121105030069226e-69
0
0
DERIV 17
8.600312980959865602e-22
7.602885524444091846e-38
0
0
DERIV 18
-9.555903312177629230e-23
-6.110215772337410679e-40
0
0
DERIV 19
7.544134193824444748e-24
-5.704426917038032808e-40
0
0
DERIV 20
-5.029422795882962492e-25
-2.931651773560666602e-41
0
0
DERIV 21
2.993704045168430383e-26
-1.5348083309040510783e-42
0
0
DERIV 22
-1.6329294791827801695e-27
4.458237366380426224e-44
0
0
DERIV 23
8.282975619043087524e-29
6.630242179631703026e-46
0
0
DERIV 24
-3.944274104306231887e-30
-2.9848657501249706998e-46
0
0
DERIV 25
1.7749233469378043843e-31
9.928649714750326104e-48
0
0
DERIV 26
-7.585142508281215294e-33
-4.476936721101370596e-49
0
0
DERIV 27
3.090243244114569451e-34
-7.419169390175790211e-51
0
0
DERIV 28
-1.2039908743303515882e-35
-1.1688131123811019605e-51
0
0
DERIV 29
4.497667059280049353e-37
1.1981080551218442530e-53
0
0
DERIV 30
-1.6145471494851460461e-38
8.147372428257231173e-55
0
0
DERIV 31
5.580232083474006692e-40
9.804919675830477069e-57
0
0
DERIV 32
-1.8600773611580023667e-41
1.0326077749720099936e-57
0
0
DERIV 33
5.988885443122355767e-43
5.460174813623003268e-61
0
0
DERIV 34
-1.8650508300381039281e-44
5.428520411492352203e-61
0
0
DERIV 35
5.624756471543487847e-46
2.643040679440045374e-63
0
0
AT 61/4
3.871350709690454385e-6
-2.685359214299270892e-22
0
0
DERIV 1
-3.633113742940272297e-6
-2.816180244218315130e-23
0
0
DERIV 2
1.6974383880950453159e-6
-4.932847365642838885e-23
0
0
DERIV 3
-5.261066349066514239e-7
-3.300679609320890852e-23
0
0
DERIV 4
1.2160011844540529542e-7
-5.855675417056731288e-24
0
0
DERIV 5
-2.2334715632829544327e-8
1.3456320113134494548e-24
0
0
DERIV 6
3.391567929429671154e-9
1.8780817015902265737e-25
0
0
DERIV 7
-4.372404647696788842e-10
4.663125404232093040e-28
0
0
DERIV 8
4.874640316688987718e-11
-1.6239101634967699651e-27
0
0
DERIV 9
-4.759749804174432468e-12
1.7488268061644521026e-28
0
0
DERIV 10
4.103232589805545283e-13
-2.0298896391156801057e-29
0
0
DERIV 11
-3.133377614033325510e-14
1.7566356705098386601e-30
0
0
DERIV 12
2.1137864856574021860e-15
-1.7485040751049790162e-31
0
0
DERIV 13
-1.2434038150925893471e-16
-7.116025408669502863e-33
0
0
DERIV 14
6.148700184523793509e-18
3.180288618460790144e-34
0
0
DERIV 15
-2.277296364638442343e-19
1.8536717204388741087e-35
0
0
DERIV 16
2.8466204557980528541e-21
-1.5647732660223198190e-37
0
0
DERIV 17
5.023447863173033785e-22
3.876721158721739276e-38
0
0
DERIV 18
-6.511876859668748543e-23
5.423459394151407408e-39
0
0
DERIV 19
5.385762816267385914e-24
-3.4912587886402053009e-40
0
0
DERIV 20
-3.672111011091399320e-25
7.106674257457540119e-42
0
0
DERIV 21
2.2149241019281456397e-26
-6.108698285410721303e-43
0
0
DERIV 22
-1.2187381422092666940e-27
-1.1872754802666171716e-44
0
0
DERIV 23
6.220402616190964356e-29
-7.290927152130832723e-46
0
0
DERIV 24
-2.9758098935481463728e-30
-1.2082039391941549965e-46
0
0
DERIV 25
1.3439141454733564335e-31
4.750105257487304844e-48
0
0
DERIV 26
-5.759632052028670390e-33
-2.4267466907994746745e-49
0
0
DERIV 27
2.351986497979419167e-34
-9.741731305200314831e-52
0
0
DERIV 28
-9.181342641614012056e-36
3.976528406722401792e-52
0
0
DERIV 29
3.435425346458654404e-37
-5.091276472046053544e-55
0
0
DERIV 30
-1.2349568238903660663e-38
1.0589387652208452169e-54
0
0
DERIV 31
4.273457631057571072e-40
2.870509480530494858e-56
0
0
DERIV 32
-1.4259948662956937109e-41
-1.2170650465222992779e-57
0
0
DERIV 33
4.595558251169383990e-43
-3.066215689191226443e-59
0
0
DERIV 34
-1.4323293934724593624e-44
5.308555378421837906e-62
0
0
DERIV 35
4.322925734826336293e-46
-2.054043041152565874e-62
0
0
AT 31/2
3.061395748316364117e-6
-2.0244324016562980952e-23
0
0
DERIV 1
-2.875856612054766202e-6
-7.081943245080603647e-23
0
0
DERIV 2
1.3451587378965841436e-6
8.094159445908752253e-23
0
0
DERIV 3
-4.174630565885950973e-7
-6.864784761994828640e-24
0
0
DERIV 4
9.663496680291552786e-8
5.510519376639082886e-24
0
0
DERIV 5
-1.7780833891736459588e-8
1.4477539376562190507e-24
0
0
DERIV 6
2.705779070481634939e-9
-4.524135064286977252e-27
0
0
DERIV 7
-3.497265465248371549e-10
-1.3482945341232089404e-26
0
0
DERIV 8
3.911415322975152288e-11
2.5283318135173567320e-27
0
0
DERIV 9
-3.834720904877600695e-12
1.6394066025524376254e-28
0
0
DERIV 10
3.323424784227253875e-13
-8.149738803357084962e-30
0
0
DERIV 11
-2.5564806032517335313e-14
-1.5576349065076419452e-30
0
0
DERIV 12
1.7430549567625456971e-15
-1.3695616318896148861e-33
0
0
DERIV 13
-1.0428533929348563747e-16
-2.4464607524329283374e-33
0
0
DERIV 14
5.320680576198247297e-18
-3.625587638636609150e-34
0
0
DERIV 15
-2.1282722304792987936e-19
1.9838059160293685267e-36
0
0
DERIV 16
4.433900480165206071e-21
-2.921014180926961501e-37
0
0
DERIV 17
2.608176753038356236e-22
1.0476254249188692692e-38
0
0
DERIV 18
-4.346961255063927059e-23
-1.7460423748648184395e-39
0
0
DERIV 19
3.813123907950813494e-24
-1.3040062192074254216e-40
0
0
DERIV 20
-2.669186735565569299e-25
-5.565635850826634352e-42
0
0
DERIV 21
1.6341959605503485384e-26
4.578903278031507193e-43
0
0
DERIV 22
-9.078866447501937122e-28
5.427996109252563686e-44
0
0
DERIV 23
4.665030190416014659e-29
1.8412886243980789416e-45
0
0
DERIV 24
-2.2428029761615456707e-30
7.316479278757122669e-47
0
0
DERIV 25
1.0167373491932340847e-31
-8.046186256799485945e-48
0
0
DERIV 26
-4.370590415084037896e-33
3.2110835888382938094e-49
0
0
DERIV 27
1.7891305792741674297e-34
-1.4045773912338361062e-52
0
0
DERIV 28
-6.998299884915960480e-36
-5.490591269241667690e-52
0
0
DERIV 29
2.623050931377796286e-37
2.0141146226293608727e-53
0
0
DERIV 30
-9.442983352960067946e-39
5.904201166019325968e-55
0
0
DERIV 31
3.2717624520411225605e-40
-5.985169609000937144e-57
0
0
DERIV 32
-1.0929378880740818107e-41
-5.911169124685398398e-58
0
0
DERIV 33
3.5256060905615545108e-43
-9.196246408203511988e-60
0
0
DERIV 34
-1.0997879961644777662e-44
6.279751075002919817e-62
0
0
DERIV 35
3.3218086414763819542e-46
-1.4882523021864181569e-62
0
0
AT 63/4
2.420341912232984810e-6
1.5982385671338553868e-22
0
0
DERIV 1
-2.275843887622060514e-6
2.0388683805817357176e-23
0
0
DERIV 2
1.0656729315055681093e-6
-1.0030061216251013240e-22
0
0
DERIV 3
-3.311413064000352499e-7
-7.117118130487834814e-24
0
0
DERIV 4
7.676457557455362467e-8
3.0936835448874662072e-24
0
0
DERIV 5
-1.4148764909819688697e-8
4.418714686542494825e-25
0
0
DERIV 6
2.157435784121441635e-9
1.9074971898061604967e-25
0
0
DERIV 7
-2.795348690389908152e-10
1.3758436995011158323e-26
0
0
DERIV 8
3.135807825757909669e-11
-3.835056949789757875e-28
0
0
DERIV 9
-3.0860330983649269672e-12
2.876634622233678108e-29
0
0
DERIV 10
2.687835279221065491e-13
-9.345643423345698204e-30
0
0
DERIV 11
-2.0814886000701851934e-14
-1.3161460487299212896e-30
0
0
DERIV 12
1.4329088188888957871e-15
-9.232001089955142827e-32
0
0
DERIV 13
-8.701875418353617062e-17
-5.172491464079547576e-33
0
0
DERIV 14
4.558125219137609003e-18
2.049081452632728367e-34
0
0
DERIV 15
-1.9337500929674706541e-19
8.085862292204336597e-36
0
0
DERIV 16
5.179687749020010573e-21
-1.0911182789456278608e-37
0
0
DERIV 17
1.0156250488274529867e-22
4.544735957721393284e-39
0
0
DERIV 18
-2.821180691187369342e-23
-1.9154790720464602547e-39
0
0
DERIV 19
2.6726974969143499457e-24
1.3893210334175670074e-40
0
0
DERIV 20
-1.9302815255492527794e-25
-5.952407634327369153e-42
0
0
DERIV 21
1.2020068107815860876e-26
-7.068485122619025510e-43
0
0
DERIV 22
-6.749236103319066277e-28
4.064853252504561735e-44
0
0
DERIV 23
3.493393428218978259e-29
-6.533417825336022767e-46
0
0
DERIV 24
-1.6884734903058396087e-30
1.4835305818285872139e-46
0
0
DERIV 25
7.685465542081751513e-32
5.131234629948666519e-48
0
0
DERIV 26
-3.314245047284671390e-33
-2.2925170042649981014e-49
0
0
DERIV 27
1.3602006700567721492e-34
-1.2930321550373219031e-51
0
0
DERIV 28
-5.331797051616266975e-36
-1.0996020733421796635e-52
0
0
DERIV 29
2.001977437005341681e-37
-1.7274991827917119027e-54
0
0
DERIV 30
-7.218013888522660362e-39
-5.845634342965945032e-56
0
0
DERIV 31
2.5041192431271556408e-40
-1.6911463241799978463e-56
0
0
DERIV 32
-8.374521591598491687e-42
2.5254118245610063368e-58
0
0
DERIV 33
2.7041425904317038407e-43
-1.9807975782946792403e-59
0
0
DERIV 34
-8.442798133022061543e-45
3.965505543565024304e-61
0
0
DERIV 35
2.5520673445573930604e-46
1.6406484109692663121e-62
0
0
AT 16
1.913097970227405046e-6
-9.922180510982702894e-23
0
0
DERIV 1
-1.8005627955081458633e-6
3.110339398172688190e-23
0
0
DERIV 2
8.440138103944433403e-7
1.8507508573186629636e-23
0
0
DERIV 3
-2.625820743449379340e-7
1.2428168871902279989e-25
0
0
DERIV 4
6.095655297293201755e-8
2.8071967081577504576e-24
0
0
DERIV 5
-1.1253517471925911315e-8
-1.3647603263541804890e-25
0
0
DERIV 6
1.7192873915442365198e-9
-4.808121272678565797e-26
0
0
DERIV 7
-2.2328407682392682411e-10
9.601377515463347024e-27
0
0
DERIV 8
2.5119458642691767713e-11
-1.0801549704896266299e-27
0
0
DERIV 9
-2.4809341869325201782e-12
1.6927131622224294459e-29
0
0
DERIV 10
2.1708174135659552569e-13
-1.1578543603773577330e-29
0
0
DERIV 11
-1.6915460365449001961e-14
8.612443896332131978e-31
0
0
DERIV 12
1.1746847476006250485e-15
2.784257352225039702e-32
0
0
DERIV 13
-7.228829216003846907e-17
2.8377314672135053356e-33
0
0
DERIV 14
3.872587080002060513e-18
1.7813809043708837873e-34
0
0
DERIV 15
-1.7211498133342492774e-19
8.132167739356371812e-36
0
0
DERIV 16
5.378593166669528992e-21
-2.541302418548866191e-37
0
0
DERIV 17
-3.062857074830843720e-95
1.1496362398592770146e-111
0
0
DERIV 18
-1.7577101851861206432e-23
1.4067137074451952557e-39
0
0
DERIV 19
1.8502212475643373839e-24
-1.2738606445612445682e-41
0
0
DERIV 20
-1.3876659356732530379e-25
9.553954834209334262e-43
0
0
DERIV 21
8.810577369353988157e-27
-6.756298710370837132e-43
0
0
DERIV 22
-5.006009868951128819e-28
-4.314203161542778269e-44
0
0
DERIV 23
2.611831235974502407e-29
-1.8920807667640968371e-45
0
0
DERIV 24
-1.2696401841542718477e-30
-6.372368098505830916e-47
0
0
DERIV 25
5.804069413276671748e-32
-1.5285331088554599669e-48
0
0
DERIV 26
-2.5113761884370214294e-33
6.613845182547663610e-50
0
0
DERIV 27
1.0334881433897207687e-34
-4.305607557646265731e-51
0
0
DERIV 28
-4.060131991888188658e-36
9.278416233346912996e-53
0
0
DERIV 29
1.5273223793936759180e-37
3.120904250957660175e-54
0
0
DERIV 30
-5.515330814477162849e-39
-3.0120811591565064322e-55
0
0
DERIV 31
1.9159958164436794673e-40
3.885877624552626673e-57
0
0
DERIV 32
-6.415164563985534204e-42
1.4299396072920298069e-58
0
0
DERIV 33
2.0735885459347180227e-43
5.757208165121032526e-60
0
0
DERIV 34
-6.479964206045993821e-45
-1.7991275516003226643e-61
0
0
DERIV 35
1.9603253060307208296e-46
4.462221698455627749e-63
0
0
AT 33/2
1.1944805908586022086e-6
-1.4170620430999723312e-24
0
0
DERIV 1
-1.1262245570952534565e-6
-5.311603096856791002e-23
0
0
DERIV 2
5.289842616659524581e-7
-5.205455641666965134e-23
0
0
DERIV 3
-1.6495208159475936068e-7
8.262669970278571278e-24
0
0
DERIV 4
3.839401899188363996e-8
2.4123596830579260171e-24
0
0
DERIV 5
-7.110003517015488943e-9
-3.854606366734657242e-25
0
0
DERIV 6
1.0902005392757083984e-9
-3.464317179941172706e-26
0
0
DERIV 7
-1.4220007034030979334e-10
6.766447986208670286e-27
0
0
DERIV 8
1.6082150812296939836e-11
3.118050432024409263e-28
0
0
DERIV 9
-1.5988103146727951683e-12
-5.107490288867450180e-29
0
0
DERIV 10
1.4107149835348192661e-13
4.506609078412455959e-30
0
0
DERIV 11
-1.1114724112698575749e-14
-6.419246808037734971e-31
0
0
DERIV 12
7.837305464082329914e-16
-4.070169166612622785e-32
0
0
DERIV 13
-4.932569872499368516e-17
2.9495245272271920326e-33
0
0
DERIV 14
2.7403165958329825089e-18
-1.6386247373484400894e-34
0
0
DERIV 15
-1.3049126646823725201e-19
-2.5145069051771442797e-36
0
0
DERIV 16
4.893422492558896950e-21
9.429400894414291884e-38
0
0
DERIV 17
-9.594946063840974689e-23
9.169669245986585752e-40
0
0
DERIV 18
-5.330525591022763879e-24
2.1420571120302096362e-40
0
0
DERIV 19
8.416619354246469767e-25
-8.215642606257762977e-41
0
0
DERIV 20
-7.013849461872057374e-26
-8.065891746177982699e-43
0
0
DERIV 21
4.675899641248038058e-27
2.4509656197033492467e-43
0
0
DERIV 22
-2.732668621508593804e-28
-9.295955730317109764e-46
0
0
DERIV 23
1.4521427457292044302e-29
1.1709437655360865388e-46
0
0
DERIV 24
-7.150702914575627929e-31
-4.580622381518765623e-49
0
0
DERIV 25
3.300324422111828410e-32
-1.3262610354745451440e-48
0
0
DERIV 26
-1.4386029532282329114e-33
7.272403490314842567e-50
0
0
DERIV 27
5.955001331445843939e-35
5.533231795568707276e-52
0
0
DERIV 28
-2.3506584203075701167e-36
1.1883012239076540881e-52
0
0
DERIV 29
8.877691899355354402e-38
2.695355173002637876e-54
0
0
DERIV 30
-3.216555035998316727e-39
-1.8277046309717777340e-55
0
0
DERIV 31
1.1206062706058653216e-40
-7.551408316175820467e-57
0
0
DERIV 32
-3.761294195320612226e-42
-2.8936969614386014174e-58
0
0
DERIV 33
1.2183920590902715755e-43
-1.8630196652919419135e-60
0
0
DERIV 34
-3.814699995254170980e-45
7.131905366786393777e-62
0
0
DERIV 35
1.1559696955315668988e-46
4.321124136624630591e-63
0
0
AT 17
7.451887893813299635e-7
3.527955223038454299e-23
0
0
DERIV 1
-7.037894121934783812e-7
4.903084832102712570e-23
0
0
DERIV 2
3.311950175028133465e-7
-1.3731065232825628945e-23
0
0
DERIV 3
-1.0349844296962916747e-7
9.822354350458987131e-25
0
0
DERIV 4
2.4149636692913473734e-8
-1.5526772482622207441e-24
0
0
DERIV 5
-4.484932528683930458e-9
-8.978536248982881693e-26
0
0
DERIV 6
6.899896197975277707e-10
5.859472954656090235e-27
0
0
DERIV 7
-9.035578354491435401e-11
2.3099968919238591173e-27
0
0
DERIV 8
1.0267702675558448585e-11
4.718581413234851647e-28
0
0
DERIV 9
-1.0267702675558448585e-12
-4.718581413234851759e-29
0
0
DERIV 10
9.126846822718622002e-14
-6.183608874698775981e-30
0
0
DERIV 11
-7.259991790798903435e-15
6.159021218503255023e-32
0
0
DERIV 12
5.185708421999216598e-16
9.687501008587171118e-33
0
0
DERIV 13
-3.324172065384113394e-17
1.2753065985385109596e-33
0
0
DERIV 14
1.8995268945052075325e-18
4.818379087356848389e-35
0
0
DERIV 15
-9.497634472526037903e-20
-1.7771131943794002722e-39
0
0
DERIV 16
3.957347696885849126e-21
7.404638309914167801e-41
0
0
DERIV 17
-1.1639257932017203866e-22
5.529560286719613785e-39
0
0
DERIV 18
1.5142411168983206917e-92
-7.363631629894513830e-110
0
0
DERIV 19
3.403291792987486433e-25
-8.381084497479146854e-42
0
0
DERIV 20
-3.403291792987486203e-26
-1.4577789542018654124e-42
0
0
DERIV 21
2.4309227092767758081e-27
1.5537455485258371369e-43
0
0
DERIV 22
-1.4732864904707732850e-28
-2.6224653155514146165e-45
0
0
DERIV 23
8.006991796036810844e-30
6.299334503929480601e-46
0
0
DERIV 24
-4.003495898018406123e-31
3.856825069659345151e-47
0
0
DERIV 25
1.8682980857419226492e-32
2.8020070880778926753e-49
0
0
DERIV 26
-8.212299277986473240e-34
-6.677274844983026861e-51
0
0
DERIV 27
3.421791365827697005e-35
2.0600629252690899822e-51
0
0
DERIV 28
-1.3578537165982925207e-36
-2.341437836184056602e-53
0
0
DERIV 29
5.150479614683178188e-38
4.272289496438704766e-54
0
0
DERIV 30
-1.8729016780666104282e-39
2.260686743855232093e-56
0
0
DERIV 31
6.545086509372563379e-41
-1.3381855949627261020e-57
0
0
DERIV 32
-2.2026733445003820045e-42
1.4307151743862725903e-58
0
0
DERIV 33
7.151536832793447950e-44
-3.481394462277502839e-60
0
0
DERIV 34
-2.2436193985234345437e-45
1.8426999044352913490e-63
0
0
DERIV 35
6.810987459803283714e-47
-2.834070924715509456e-63
0
0
AT 35/2
4.645348438126366166e-7
1.7012721766550016162e-23
0
0
DERIV 1
-4.394248522551968110e-7
-4.646724005462171479e-24
0
0
DERIV 2
2.0715743034887850265e-7
-3.859636877812835868e-24
0
0
DERIV 3
-6.486747819005286661e-8
3.347545252785586070e-24
0
0
DERIV 4
1.5170619899286556979e-8
-2.492287365043530083e-25
0
0
DERIV 5
-2.824874050211979544e-9
1.5032293217764684553e-26
0
0
DERIV 6
4.359373534277746050e-10
1.3636617801136385461e-26
0
0
DERIV 7
-5.729462359336466422e-11
5.414409915651190151e-29
0
0
DERIV 8
6.539060301416619076e-12
2.045492670170457783e-28
0
0
DERIV 9
-6.573658504069617365e-13
9.889381434754668679e-30
0
0
DERIV 10
5.881694451009657390e-14
1.6395155051765568586e-30
0
0
DERIV 11
-4.717936725408816219e-15
-7.382059668288079320e-34
0
0
DERIV 12
3.407398746128589316e-16
1.7583557213626788162e-32
0
0
DERIV 13
-2.2178335033973066736e-17
-9.621553268621236204e-34
0
0
DERIV 14
1.2961364630244000215e-18
3.872140272478559827e-35
0
0
DERIV 15
-6.720707586052444779e-20
2.213091462000474938e-37
0
0
DERIV 16
3.0003158866305557587e-21
-6.361675720723526199e-38
0
0
DERIV 17
-1.0589350188107842499e-22
-1.1307461084519247234e-38
0
0
DERIV 18
1.9609907755755264975e-24
1.0055535797051498981e-40
0
0
DERIV 19
1.0321004081976455915e-25
-1.3536025919327859860e-42
0
0
DERIV 20
-1.5481506122964683298e-26
-3.709314621975272062e-43
0
0
DERIV 21
1.2286909621400543183e-27
-5.882055548338473722e-44
0
0
DERIV 22
-7.818942486345800370e-29
5.373728107429724700e-45
0
0
DERIV 23
4.370837414727465636e-30
1.0867996805216695951e-46
0
0
DERIV 24
-2.225889424166765086e-31
1.2305977445923196972e-47
0
0
DERIV 25
1.0522386368788343440e-32
2.0383318264109638312e-50
0
0
DERIV 26
-4.669698092657549157e-34
2.844838115355202775e-50
0
0
DERIV 27
1.9601201870414403191e-35
-5.143894184466378523e-52
0
0
DERIV 28
-7.824009149955329286e-37
4.860761029610735096e-53
0
0
DERIV 29
2.981927262233428234e-38
1.6528680695268765762e-54
0
0
DERIV 30
-1.0886401116090294831e-39
6.757388028676764663e-56
0
0
DERIV 31
3.817111190774997711e-41
2.3924971582556676243e-57
0
0
DERIV 32
-1.2882750268865618168e-42
8.466367932288542141e-60
0
0
DERIV 33
4.193038808048293195e-44
8.762303525523194112e-62
0
0
DERIV 34
-1.3182982053701530789e-45
4.331815155727600769e-62
0
0
DERIV 35
4.009570578545165891e-47
2.3734704755074711801e-64
0
0
AT 18
2.893696151495399440e-7
-3.698663987465002287e-24
0
0
DERIV 1
-2.741396354048273181e-7
6.290290051461253050e-24
0
0
DERIV 2
1.2945482783005734615e-7
-4.440958057728752274e-24
0
0
DERIV 3
-4.061327931923367554e-8
-2.935579368991146118e-25
0
0
DERIV 4
9.518737340445392807e-9
-3.459493510839846792e-26
0
0
DERIV 5
-1.7768309702164733047e-9
-1.2843159739336265127e-26
0
0
DERIV 6
2.749857453906446953e-10
-1.5245297563766987995e-26
0
0
DERIV 7
-3.626185653503006652e-11
-1.1852979487414279491e-27
0
0
DERIV 8
4.155004394638861587e-12
3.377637816965343061e-28
0
0
DERIV 9
-4.196974135998850460e-13
3.1103063861335772779e-30
0
0
DERIV 10
3.777276722398965136e-14
2.4968628116259395755e-30
0
0
DERIV 11
-3.0523448261809820996e-15
-3.044841445207841310e-32
0
0
DERIV 12
2.225668102423632822e-16
-1.8884536608953854170e-33
0
0
DERIV 13
-1.4674734741254720922e-17
-8.574992027933563385e-34
0
0
DERIV 14
8.734961155508763370e-19
-4.066933051883525373e-35
0
0
DERIV 15
-4.658645949604673838e-20
2.5702663660852211176e-36
0
0
DERIV 16
2.1837402888771907674e-21
-2.644168784446173925e-38
0
0
DERIV 17
-8.563687407361532444e-23
1.2674180234734579421e-39
0
0
DERIV 18
2.3788020576004254749e-24
1.6887282414349552730e-40
0
0
DERIV 19
-4.216761057201252771e-90
-1.2993198777727684958e-108
0
0
DERIV 20
-6.260005414737962169e-27
-5.168458654410475746e-44
0
0
DERIV 21
5.961909918798059379e-28
-1.2160153989473507273e-44
0
0
DERIV 22
-4.064938580998676747e-29
-1.9002474749940055921e-46
0
0
DERIV 23
2.3564861339122763347e-30
5.163327418329327930e-47
0
0
DERIV 24
-1.2273365280793106640e-31
4.609196471311896977e-48
0
0
DERIV 25
5.891215334780690809e-33
1.5645229608957728471e-49
0
0
DERIV 26
-2.643494060478515205e-34
2.848374361449125988e-51
0
0
DERIV 27
1.1189392848586307288e-35
3.390362867005468191e-52
0
0
DERIV 28
-4.495738198092712690e-37
-1.9587986318531334699e-53
0
0
DERIV 29
1.7225050567405029204e-38
1.0105096921551648155e-54
0
0
DERIV 30
-6.315851874715178114e-40
3.690142859162723449e-56
0
0
DERIV 31
2.2225871699877458646e-41
-3.0441989563208497435e-58
0
0
DERIV 32
-7.524383648396014978e-43
4.349529669863730111e-59
0
0
DERIV 33
2.455509815327370541e-44
1.7254441922129913114e-60
0
0
DERIV 34
-7.737951098720706754e-46
7.244030527743319629e-62
0
0
DERIV 35
2.358232715800596232e-47
-1.0871913741973716681e-63
0
0
AT 37/2
1.8013026840842661314e-7
-1.2628677622605712794e-23
0
0
DERIV 1
-1.7089281874645601216e-7
6.551354749303494391e-24
0
0
DERIV 2
8.082768454224270559e-8
-2.370159380006380862e-25
0
0
DERIV 3
-2.5402986570419136138e-8
1.6902565052054655875e-25
0
0
DERIV 4
5.965852906689342327e-9
2.109653737574557631e-25
0
0
DERIV 5
-1.1161918341547802894e-9
7.259869048159588800e-26
0
0
DERIV 6
1.7320218116194864421e-10
1.0127288008537560200e-26
0
0
DERIV 7
-2.2910341423538181938e-11
1.4777757187237565695e-28
0
0
DERIV 8
2.6346892637068907775e-12
1.2840842128501368926e-28
0
0
DERIV 9
-2.672873166079454573e-13
3.0703942834215760756e-30
0
0
DERIV 10
2.4183138169290301956e-14
1.0444835583466009286e-30
0
0
DERIV 11
-1.9670495161623691625e-15
1.8839494744907215052e-32
0
0
DERIV 12
1.4463599383546832222e-16
-2.8353689246641549596e-33
0
0
DERIV 13
-9.642399589031220660e-18
-6.327055146276103000e-34
0
0
DERIV 14
5.827823927436452777e-19
-3.477558217235282782e-35
0
0
DERIV 15
-3.178813051328973837e-20
-2.1519800600493759105e-36
0
0
DERIV 16
1.5452563443960291158e-21
-6.257127697565845341e-38
0
0
DERIV 17
-6.492673715949702325e-23
4.209541857225699728e-39
0
0
DERIV 18
2.1642245719832341329e-24
-1.6480752754965431946e-40
0
0
DERIV 19
-3.796885214005673787e-26
1.5823015249348502773e-42
0
0
DERIV 20
-1.8984426070028368215e-27
7.368594873311872118e-45
0
0
DERIV 21
2.712060867146909937e-28
-2.0270463921213472101e-44
0
0
DERIV 22
-2.0545915660203860273e-29
-1.3518829021531478065e-45
0
0
DERIV 23
1.2506209532298001997e-30
7.314962145068192577e-47
0
0
DERIV 24
-6.699755106588215668e-32
-7.908313627043510144e-49
0
0
DERIV 25
3.275435829887571809e-33
3.3364105898114339038e-49
0
0
DERIV 26
-1.4888344681307146338e-34
2.3289572396423989691e-51
0
0
DERIV 27
6.362540462097070559e-36
4.258871977257136775e-52
0
0
DERIV 28
-2.575313996563100199e-37
3.841549382960154672e-54
0
0
DERIV 29
9.925145220020061746e-39
-2.7511635125563646372e-55
0
0
DERIV 30
-3.6566324494810753758e-40
9.706569225997230183e-57
0
0
DERIV 31
1.2918977932114397975e-41
9.167746731057947473e-59
0
0
DERIV 32
-4.388239786723641032e-43
3.844487501491657075e-59
0
0
DERIV 33
1.4361512029277370225e-44
-8.327679560380352150e-61
0
0
DERIV 34
-4.536861098573460835e-46
-8.434294742848943770e-63
0
0
DERIV 35
1.3856423059682490561e-47
9.162079865318295853e-64
0
0
AT 19
1.1205592875074534990e-7
8.980293639262092410e-25
0
0
DERIV 1
-1.0645313231320808373e-7
4.703610843549454366e-25
0
0
DERIV 2
5.042516793783540878e-8
-9.193757663180500571e-25
0
0
DERIV 3
-1.5874589906355590795e-8
-5.683838199178277526e-25
0
0
DERIV 4
3.735197625024844942e-9
8.507968630107548559e-26
0
0
DERIV 5
-7.003495546921584782e-10
3.574634710311257828e-26
0
0
DERIV 6
1.0894326406322464327e-10
3.343137321857438585e-27
0
0
DERIV 7
-1.4451657477774698599e-11
5.786287460938417291e-28
0
0
DERIV 8
1.6674989397432343605e-12
2.644209471374703891e-29
0
0
DERIV 9
-1.6983785497384793571e-13
-1.1107692635794658288e-29
0
0
DERIV 10
1.5439804997622539323e-14
1.2966487506071549508e-30
0
0
DERIV 11
-1.2632567725327532388e-15
-8.457505490728509086e-32
0
0
DERIV 12
9.357457574316691343e-17
-5.829320313557209274e-34
0
0
DERIV 13
-6.298288751943926925e-18
9.849519270701154939e-35
0
0
DERIV 14
3.856095154251383959e-19
-1.8804343062181352033e-35
0
0
DERIV 15
-2.1422750856952132438e-20
3.759600505422849512e-37
0
0
DERIV 16
1.0711375428476065467e-21
5.643363592551215086e-38
0
0
DERIV 17
-4.725606806680617498e-23
1.3133507265348057644e-39
0
0
DERIV 18
1.7502247432150435449e-24
-7.585313688143464240e-41
0
0
DERIV 19
-4.605854587408009027e-26
-1.0247692977909043600e-42
0
0
DERIV 20
7.016384398165690531e-88
1.4798190628585188425e-104
0
0
DERIV 21
1.0966320446209544490e-28
1.0554112292925855671e-44
0
0
DERIV 22
-9.969382223826859137e-30
-4.499016759660534342e-46
0
0
DERIV 23
6.501771015539255997e-31
2.553353738820778818e-47
0
0
DERIV 24
-3.612095008632919938e-32
-2.0267323133747455402e-48
0
0
DERIV 25
1.8060475043164601740e-33
-1.0393171406634334482e-49
0
0
DERIV 26
-8.335603866075969870e-35
3.152070058389880598e-51
0
0
DERIV 27
3.601804139662455828e-36
1.5252402480175469452e-52
0
0
DERIV 28
-1.4701241386377372217e-37
8.689511241067864519e-54
0
0
DERIV 29
5.703067779198118352e-39
-1.5708470937250095111e-55
0
0
DERIV 30
-2.1122473256289324663e-40
-1.9860329272308973831e-56
0
0
DERIV 31
7.495071155457502580e-42
4.251594259025590119e-58
0
0
DERIV 32
-2.5551378939059667523e-43
-1.8114734771979176840e-59
0
0
DERIV 33
8.388078944640801051e-45
-5.116381907214522328e-61
0
0
DERIV 34
-2.6568575842753666533e-46
-3.329183321113129480e-63
0
0
DERIV 35
8.133237502883775345e-48
2.2593751712155032431e-64
0
0
AT 39/2
6.966449029964895457e-8
5.541440040222471370e-24
0
0
DERIV 1
-6.626622248015389137e-8
2.4761266744313715925e-24
0
0
DERIV 2
3.143397733032940746e-8
1.3705982058816139381e-24
0
0
DERIV 3
-9.911614473527291401e-9
3.279413087797507464e-25
0
0
DERIV 4
2.336309125902861332e-9
1.3540313472983728744e-25
0
0
DERIV 5
-4.389429266847800557e-10
2.2499499581293157684e-26
0
0
DERIV 6
6.843733803149796471e-11
-2.5351598325888536312e-27
0
0
DERIV 7
-9.102503087933226761e-12
2.655617304180559518e-28
0
0
DERIV 8
1.0535304499922715486e-12
3.657981918788097448e-29
0
0
DERIV 9
-1.0769422377698776284e-13
8.045684082007504709e-31
0
0
DERIV 10
9.832950866594534416e-15
3.792769692041643277e-31
0
0
DERIV 11
-8.087708504991175903e-16
9.783846094255493999e-33
0
0
DERIV 12
6.030308973019736722e-17
-3.756924016099687666e-33
0
0
DERIV 13
-4.092969891189866675e-18
3.769994545833330926e-34
0
0
DERIV 14
2.533743265974679004e-19
1.3346318418883872571e-35
0
0
DERIV 15
-1.4292910731139215509e-20
-1.3558400555651464553e-37
0
0
DERIV 16
7.308874805696189578e-22
2.403137265973686172e-38
0
0
DERIV 17
-3.343929649664923179e-23
-2.6744833368413526846e-39
0
0
DERIV 18
1.3269562101844934765e-24
-4.547116283059847652e-41
0
0
DERIV 19
-4.190388032161558081e-26
-1.2224644836071621356e-42
0
0
DERIV 20
6.983980053602597041e-28
-3.541085731024175211e-45
0
0
DERIV 21
3.325704787429808115e-29
-1.6862313004877025557e-46
0
0
DERIV 22
-4.535051982858828993e-30
-2.3178747577967988714e-46
0
0
DERIV 23
3.286269552796253033e-31
2.833980937320111718e-48
0
0
DERIV 24
-1.9169905724644810818e-32
1.2943703456613445733e-48
0
0
DERIV 25
9.858808658388759947e-34
-7.634230014520632344e-50
0
0
DERIV 26
-4.634482702661382474e-35
-4.775168170750089030e-52
0
0
DERIV 27
2.0285614523433661934e-36
-1.0621240036389611623e-52
0
0
DERIV 28
-8.359456534382003177e-38
7.055045340998460194e-55
0
0
DERIV 29
3.266914047919403749e-39
-2.3608117053994685096e-55
0
0
DERIV 30
-1.2170856256954641314e-40
7.755610298498254446e-57
0
0
DERIV 31
4.339354522853097438e-42
2.0709171042787626938e-58
0
0
DERIV 32
-1.4851957444288876298e-43
4.291267609515798764e-60
0
0
DERIV 33
4.891949092321763935e-45
1.8497275075227730397e-61
0
0
DERIV 34
-1.5539132410904428009e-46
8.034664420734919621e-63
0
0
DERIV 35
4.768622644616173247e-48
1.8108581487642787410e-64
0
0
AT 20
4.328422607120971403e-8
3.592838068799281696e-25
0
0
DERIV 1
-4.122307244877115905e-8
2.4938727602961632078e-24
0
0
DERIV 2
1.9580959413166298730e-8
6.352077864759833151e-25
0
0
DERIV 3
-6.183460867315673196e-9
-2.876635759979976587e-25
0
0
DERIV 4
1.4599838158939784395e-9
2.1966088079914573505e-26
0
0
DERIV 5
-2.748204829918076953e-10
-1.5082771745891640059e-26
0
0
DERIV 6
4.294070046746995562e-11
-8.744911824896956854e-28
0
0
DERIV 7
-5.725426728995993922e-12
-4.495988905730378443e-29
0
0
DERIV 8
6.645584596156064301e-13
1.2431001113314868077e-29
0
0
DERIV 9
-6.815984201185707170e-14
6.668369858450681704e-31
0
0
DERIV 10
6.247985517753564748e-15
9.664545734173777880e-32
0
0
DERIV 11
-5.163624394837657036e-16
1.4016123815731712196e-32
0
0
DERIV 12
3.872718296128242531e-17
1.4139810426357836140e-33
0
0
DERIV 13
-2.6480125101731573124e-18
-7.034496094074095084e-35
0
0
DERIV 14
1.6550078188582233202e-19
4.396560058796309427e-36
0
0
DERIV 15
-9.457187536332705203e-21
2.646420888867919184e-37
0
0
DERIV 16
4.925618508506617293e-22
-1.3783442129520412849e-38
0
0
DERIV 17
-2.3179381216501728093e-23
3.0289893820617016066e-40
0
0
DERIV 18
9.658075506875720039e-25
-1.2620789091923756694e-41
0
0
DERIV 19
-3.388798423465165047e-26
1.6511964965322968559e-42
0
0
DERIV 20
8.471996058662912975e-28
-7.715315310002273841e-44
0
0
DERIV 21
-7.334209074294249709e-86
-4.469607970661415572e-102
0
0
DERIV 22
-1.8337653806629681416e-30
1.3211736095300291617e-46
0
0
DERIV 23
1.5945785918808416433e-31
1.0406822335248927412e-47
0
0
DERIV 24
-9.966116199255260271e-33
-6.504263959530579633e-49
0
0
DERIV 25
5.315261972936138971e-34
1.8724093249212374877e-50
0
0
DERIV 26
-2.555414410065451428e-35
-9.001967908275179430e-52
0
0
DERIV 27
1.1357397378068673942e-36
-5.279558395253377502e-53
0
0
DERIV 28
-4.732248907528614143e-38
2.1998159980222404327e-54
0
0
DERIV 29
1.8649256778437887877e-39
-4.972624554669763410e-56
0
0
DERIV 30
-6.993471291914207342e-41
-4.252738730747455239e-57
0
0
DERIV 31
2.5066205347362750776e-42
1.0788985806681515300e-58
0
0
DERIV 32
-8.616508088155945480e-44
-4.704396315504553171e-60
0
0
DERIV 33
2.848432425836676315e-45
3.208552557976424142e-62
0
0
DERIV 34
-9.075887631342351156e-47
5.029159197283799824e-64
0
0
DERIV 35
2.792580809643800440e-48
-9.961967478483698061e-65
0
0
AT 41/2
2.6878286627314965860e-8
6.625876778372225901e-25
0
0
DERIV 1
-2.5628133760928222261e-8
-1.6320810847461294573e-24
0
0
DERIV 2
1.2188990447270740986e-8
-3.535739792785372334e-25
0
0
DERIV 3
-3.854638004692456671e-9
2.320026294590371582e-25
0
0
DERIV 4
9.115697984069997823e-10
5.132661896919746566e-26
0
0
DERIV 5
-1.7189601912817712071e-10
9.228251567020538995e-27
0
0
DERIV 6
2.6913013095825708990e-11
3.829076738096611083e-28
0
0
DERIV 7
-3.5966699528983667844e-12
9.400749571624956007e-29
0
0
DERIV 8
4.185779686562754569e-13
-2.3127068399357087588e-29
0
0
DERIV 9
-4.306357702225056146e-14
2.4312694834051991479e-30
0
0
DERIV 10
3.961849086047051573e-15
-1.4163525833029309682e-31
0
0
DERIV 11
-3.288491336244588190e-16
4.545848148666265628e-33
0
0
DERIV 12
2.4794180709780626170e-17
-1.2720801431037575830e-33
0
0
DERIV 13
-1.7064820731427960739e-18
2.829269172235176873e-35
0
0
DERIV 14
1.0755139116446193561e-19
3.757925063803153487e-38
0
0
DERIV 15
-6.214080378391134228e-21
1.6835380156686690453e-37
0
0
DERIV 16
3.286292507803003425e-22
1.6415013819463037670e-38
0
0
DERIV 17
-1.5816381053597344903e-23
1.4258108785544866879e-39
0
0
DERIV 18
6.834238726863049893e-25
-2.419465063860485384e-41
0
0
DERIV 19
-2.5692626792718231104e-26
-6.656125745668659967e-43
0
0
DERIV 20
7.707788037815469295e-28
2.355570130567751399e-44
0
0
DERIV 21
-1.2234584187008682444e-29
6.492702865597472186e-46
0
0
DERIV 22
-5.561174630458491622e-31
-1.0297329711057430684e-47
0
0
DERIV 23
7.253706039728467238e-32
2.2950990277498938734e-48
0
0
DERIV 24
-5.037295860922546541e-33
-3.1143249154565418775e-49
0
0
DERIV 25
2.820885682116626118e-34
1.1966397400287818913e-50
0
0
DERIV 26
-1.3949434691785513681e-35
-6.798580486985908592e-52
0
0
DERIV 27
6.314558913976981852e-37
-4.283946410429521616e-54
0
0
DERIV 28
-2.665235905250025018e-38
2.2824724238994720012e-54
0
0
DERIV 29
1.0604386890915217307e-39
6.885635904189471440e-56
0
0
DERIV 30
-4.006101714345748951e-41
-6.980264273053417018e-58
0
0
DERIV 31
1.4443250962536855026e-42
1.0255342513053562014e-58
0
0
DERIV 32
-4.988622865349900689e-44
-2.494054544882018393e-60
0
0
DERIV 33
1.6556756984566771478e-45
-6.853470836893768930e-62
0
0
DERIV 34
-5.293080877419043964e-47
-4.075775987330187767e-63
0
0
DERIV 35
1.6332935278893051709e-48
-5.064456870532139252e-65
0
0
AT 21
1.6681632941406193685e-8
1.1163387426488001986e-24
0
0
DERIV 1
-1.5923376898615004266e-8
1.3757572754873102188e-25
0
0
DERIV 2
7.582560427911907424e-9
-6.957450988731310982e-25
0
0
DERIV 3
-2.401144135505437296e-9
1.6517390713962299972e-25
0
0
DERIV 4
5.686920320933929947e-10
9.857663525992243823e-27
0
0
DERIV 5
-1.0741960606208534087e-10
-4.446942524693412776e-27
0
0
DERIV 6
1.6850134284248680033e-11
1.5845486264027648315e-27
0
0
DERIV 7
-2.2567144130690199935e-12
1.3398090908376518948e-28
0
0
DERIV 8
2.632833481913856255e-13
2.4758572287543200492e-29
0
0
DERIV 9
-2.7164154972127090200e-14
-7.012588237511278660e-31
0
0
DERIV 10
2.5074604589655775812e-15
4.045894049330374477e-32
0
0
DERIV 11
-2.0895503824713147332e-16
4.845722721610227803e-33
0
0
DERIV 12
1.5829927139934202431e-17
-2.737217846365451763e-34
0
0
DERIV 13
-1.0959180327646755203e-18
-1.3642690891715477550e-35
0
0
DERIV 14
6.958209731839209672e-20
6.751381176895505654e-37
0
0
DERIV 15
-4.058955676906205441e-21
-2.400007594055608413e-37
0
0
DERIV 16
2.174440541199753116e-22
-7.294148188798455069e-39
0
0
DERIV 17
-1.0659022260783103339e-23
1.8468946746723489509e-40
0
0
DERIV 18
4.737343227014712636e-25
-1.2289998383343383877e-41
0
0
DERIV 19
-1.8700039054005445371e-26
1.2403576348522980506e-42
0
0
DERIV 20
6.233346351335147979e-28
6.485733087210486256e-45
0
0
DERIV 21
-1.4841300836512257626e-29
3.794057700472997172e-46
0
0
DERIV 22
5.027191925174418539e-84
3.380946844026811359e-100
0
0
DERIV 23
2.933063406425347411e-32
-1.2907052892504754166e-48
0
0
DERIV 24
-2.4442195053544559478e-33
-1.2051714782366108342e-49
0
0
DERIV 25
1.4665317032126736457e-34
-4.665334956458584856e-52
0
0
DERIV 26
-7.520675401090634286e-36
2.2952208004021293122e-52
0
0
DERIV 27
3.481794167171590009e-37
-1.6812977571519570414e-53
0
0
DERIV 28
-1.4921975002163955466e-38
-9.946667070944878102e-55
0
0
DERIV 29
6.003093391675155098e-40
-1.9987472408828879085e-56
0
0
DERIV 30
-2.2868927206381543497e-41
1.0284600692499683711e-57
0
0
DERIV 31
8.299207453928786152e-43
-5.787917233416759409e-59
0
0
DERIV 32
-2.881669254836384025e-44
1.4565365702376064280e-60
0
0
DERIV 33
9.605564182787945610e-46
6.553739441953404864e-62
0
0
DERIV 34
-3.081999203033565852e-47
2.0569654717403124913e-63
0
0
DERIV 35
9.539521342722940940e-49
3.472418975457757534e-65
0
0
AT 43/2
1.0347874601967712937e-8
-1.8368581911468943647e-25
0
0
DERIV 1
-9.887969064102481324e-9
2.490491704920834929e-25
0
0
DERIV 2
4.714031763118624856e-9
-1.5720626093473876316e-25
0
0
DERIV 3
-1.4946929980620029476e-9
-5.635738838273712944e-27
0
0
DERIV 4
3.545105187711160691e-10
1.5918391163698420069e-26
0
0
DERIV 5
-6.706955760534628545e-11
-9.156906951092593407e-28
0
0
DERIV 6
1.0539501909411559188e-11
9.773461969166553853e-29
0
0
DERIV 7
-1.4143920311331530197e-12
4.196093276607292695e-29
0
0
DERIV 8
1.6539261654379612656e-13
-1.2235494257440831041e-29
0
0
DERIV 9
-1.7109581021772010808e-14
-1.0192356298704309174e-30
0
0
DERIV 10
1.5842204649788899334e-15
5.054806358683554061e-32
0
0
DERIV 11
-1.3249843888914352018e-16
-5.751592066894109405e-33
0
0
DERIV 12
1.0081402958956572657e-17
-3.130093789147084971e-35
0
0
DERIV 13
-7.016361033706039553e-19
-2.906874014563602748e-37
0
0
DERIV 14
4.484140510263258289e-20
7.426115799379011484e-37
0
0
DERIV 15
-2.6377297119195635664e-21
-1.7644474903039371305e-37
0
0
DERIV 16
1.4287702606230970886e-22
-6.115834105150840040e-39
0
0
DERIV 17
-7.111526184096862672e-24
-3.6046433799152349957e-40
0
0
DERIV 18
3.232511901862210514e-25
-4.486961036292389242e-42
0
0
DERIV 19
-1.3232504861424252694e-26
-6.890289707759590344e-43
0
0
DERIV 20
4.725894593365804662e-28
1.1796305853885923368e-44
0
0
DERIV 21
-1.3502555981045157777e-29
1.2644466491173359226e-45
0
0
DERIV 22
2.045841815309872125e-31
7.381461080131596440e-48
0
0
DERIV 23
8.894964414390749203e-33
-5.120398418177940111e-49
0
0
DERIV 24
-1.1118705517988436504e-33
6.400498022722425139e-50
0
0
DERIV 25
7.412470345325623766e-35
1.4348993663817342096e-51
0
0
DERIV 26
-3.991330185944566551e-36
-1.6978259046220783035e-52
0
0
DERIV 27
1.900633421878365203e-37
-9.813092709262246228e-54
0
0
DERIV 28
-8.296415730421435389e-39
4.076340326487535181e-55
0
0
DERIV 29
3.3809844669429046722e-40
-1.3415873358335506966e-56
0
0
DERIV 30
-1.3003786411318863536e-41
-7.222342263600136586e-59
0
0
DERIV 31
4.754072451449907341e-43
-2.151290277133712748e-59
0
0
DERIV 32
-1.6604297164990483293e-44
-1.1521407896703833299e-60
0
0
DERIV 33
5.561247854303033344e-46
-2.766135629448974847e-62
0
0
DERIV 34
-1.7914383844393524623e-47
7.344417212873904533e-64
0
0
DERIV 35
5.563473243600473377e-49
-1.1956671684578566930e-65
0
0
AT 22
6.415776613598526772e-9
2.858765624520353204e-25
0
0
DERIV 1
-6.136829804311634411e-9
-1.6555402331676929839e-25
0
0
DERIV 2
2.928941497512371025e-9
2.2615742090751641074e-26
0
0
DERIV 3
-9.298226976229749484e-10
1.2515175825627122350e-26
0
0
DERIV 4
2.2083289068545655542e-10
-8.142233087042863880e-27
0
0
DERIV 5
-4.184202139303387087e-11
-1.2462746778065276119e-27
0
0
DERIV 6
6.586244108162739412e-12
-2.825196181653079821e-28
0
0
DERIV 7
-8.855454263075952201e-13
4.307696693995516340e-29
0
0
DERIV 8
1.0377485464542131013e-13
-3.149166319499250971e-31
0
0
DERIV 9
-1.0761836778043691561e-14
1.7289995979706099689e-31
0
0
DERIV 10
9.993134151040571017e-16
-4.422860002476322863e-32
0
0
DERIV 11
-8.385846840034044876e-17
-3.615123702444039081e-33
0
0
DERIV 12
6.405855225026007101e-18
-3.230229220948870531e-34
0
0
DERIV 13
-4.479619038479724761e-19
-2.589593411779844953e-35
0
0
DERIV 14
2.879755096165537587e-20
-7.426738086255730152e-37
0
0
DERIV 15
-1.7065215384684665455e-21
-1.2874383297266370475e-37
0
0
DERIV 16
9.332539663499427008e-23
1.1632066115811086504e-39
0
0
DERIV 17
-4.705482183277022114e-24
3.395815016363271553e-41
0
0
DERIV 18
2.178463973739362141e-25
-6.674108590426952287e-42
0
0
DERIV 19
-9.172479889428893420e-27
4.773738896715765432e-43
0
0
DERIV 20
3.439679958535834764e-28
9.003409652352366893e-45
0
0
DERIV 21
-1.0919618915986776827e-29
-4.860080235496521875e-46
0
0
DERIV 22
2.481731571815176790e-31
-1.2840132379408196253e-47
0
0
DERIV 23
-2.3447985831615391657e-82
4.351774449404877999e-99
0
0
DERIV 24
-4.495890528650682554e-34
1.9542480221118460449e-50
0
0
DERIV 25
3.596712422920545744e-35
1.4300980576137823827e-51
0
0
DERIV 26
-2.0750263978387764165e-36
-5.680599649606248631e-53
0
0
DERIV 27
1.0247043939944575644e-37
-4.670669983284112634e-54
0
0
DERIV 28
-4.574573187475256891e-39
1.1529341756806183111e-55
0
0
DERIV 29
1.8929268361966579478e-40
2.823342231492276261e-57
0
0
DERIV 30
-7.361382140764781333e-42
3.1502786729950986845e-58
0
0
DERIV 31
2.7138736002819468057e-43
1.1328061216096012040e-59
0
0
DERIV 32
-9.540961875991220017e-45
3.796247576042673592e-61
0
0
DERIV 33
3.2124450760913198683e-46
-1.2520066953095652279e-62
0
0
DERIV 34
-1.0393204657942504784e-47
-2.6700178161738710365e-64
0
0
DERIV 35
3.2394404128651964385e-49
-5.884222447140257401e-66
0
0
AT 45/2
3.975960118145556716e-9
-3.667901132561335707e-25
0
0
DERIV 1
-3.806770325884043259e-9
-5.360848919560904509e-26
0
0
DERIV 2
1.8187902668112651082e-9
3.020839268541891744e-26
0
0
DERIV 3
-5.780651235601695634e-10
2.3261678598698382340e-26
0
0
DERIV 4
1.3746670621247934739e-10
-5.531740642373395293e-27
0
0
DERIV 5
-2.6083426306983258201e-11
-1.5353270872137723044e-27
0
0
DERIV 6
4.112251895245108413e-12
1.0378510138973882479e-28
0
0
DERIV 7
-5.538951532370962225e-13
-2.675554456236063820e-29
0
0
DERIV 8
6.504071875132569470e-14
1.2293594776201976716e-30
0
0
DERIV 9
-6.760504816446040440e-15
3.613674256353021713e-31
0
0
DERIV 10
6.294263104967002815e-16
1.7181768128275676907e-33
0
0
DERIV 11
-5.298201266807241317e-17
-1.2444179760564457105e-33
0
0
DERIV 12
4.061954304552218384e-18
5.431887268406647850e-35
0
0
DERIV 13
-2.852877605203899098e-19
-1.3959986584532750947e-35
0
0
DERIV 14
1.8436964115263294780e-20
-3.875092268541319357e-37
0
0
DERIV 15
-1.0997487366999158112e-21
5.296565827957758143e-39
0
0
DERIV 16
6.064790827389241951e-23
-3.749426353224986544e-39
0
0
DERIV 17
-3.0918541472964759577e-24
-1.4018083871932190409e-40
0
0
DERIV 18
1.4534357102675741328e-25
1.0121832014249837910e-41
0
0
DERIV 19
-6.258814063353190392e-27
-8.915091837839041608e-44
0
0
DERIV 20
2.433983246859573942e-28
1.3431769238802771405e-44
0
0
DERIV 21
-8.278854581155014265e-30
4.010749360219026383e-46
0
0
DERIV 22
2.257869431224094521e-31
1.6928323478589360245e-47
0
0
DERIV 23
-3.272274538005934376e-33
4.223596708891450919e-50
0
0
DERIV 24
-1.3634477241691392521e-34
-5.367540598207750111e-51
0
0
DERIV 25
1.6361372690029671452e-35
2.1646251817017877229e-52
0
0
DERIV 26
-1.0488059416685687428e-36
4.609007245910831649e-53
0
0
DERIV 27
5.438253030874060287e-38
-3.781920562163820003e-54
0
0
DERIV 28
-2.4971570039727825718e-39
-3.941154865161314501e-56
0
0
DERIV 29
1.0524416491839313130e-40
5.567455395756759151e-57
0
0
DERIV 30
-4.145982254360942011e-42
2.5570704215331952066e-58
0
0
DERIV 31
1.5431695735834771779e-43
-9.764699446018786361e-60
0
0
DERIV 32
-5.465392239774814590e-45
-6.903457981091075373e-62
0
0
DERIV 33
1.8510241097276555958e-46
-7.124281372629405134e-64
0
0
DERIV 34
-6.017261037814360424e-48
1.5109970981674154343e-64
0
0
DERIV 35
1.8829524336017726393e-49
-3.694759055951389793e-66
0
0
AT 23
2.462851111608453747e-9
-7.441499517889552246e-26
0
0
DERIV 1
-2.360232315291434652e-9
-1.1824785333029396503e-25
0
0
DERIV 2
1.1288067594872079848e-9
-5.133980221851519246e-26
0
0
DERIV 3
-3.591657871095661629e-10
2.2357220828282250537e-27
0
0
DERIV 4
8.551566359751575368e-11
-1.1477765469181991415e-27
0
0
DERIV 5
-1.6247976083527993975e-11
9.935593681829212211e-28
0
0
DERIV 6
2.5654699079254726266e-12
-5.058916774647229288e-29
0
0
DERIV 7
-3.461348288470875486e-13
-2.1222865108730983096e-29
0
0
DERIV 8
4.072174457024559655e-14
-1.0179296911262913178e-31
0
0
DERIV 9
-4.241848392733916175e-15
-1.2087338325426975676e-31
0
0
DERIV 10
3.959058499884988674e-16
-1.3041695473916019233e-32
0
0
DERIV 11
-3.342062370032782727e-17
1.9013088155953983817e-33
0
0
DERIV 12
2.5708172077175249076e-18
1.2041269879243277942e-34
0
0
DERIV 13
-1.8127557233905624287e-19
-9.107924256000784399e-36
0
0
DERIV 14
1.1771141060977678656e-20
4.428446424069012548e-38
0
0
DERIV 15
-7.062684636586606968e-22
-2.522655939022932706e-38
0
0
DERIV 16
3.923713686992559426e-23
1.4014755216794071130e-39
0
0
DERIV 17
-2.0195585153638173951e-24
-2.891806542385596884e-41
0
0
DERIV 18
9.616945311256273037e-26
4.110250024885737077e-42
0
0
DERIV 19
-4.217958469849243000e-27
2.6027444593835754973e-43
0
0
DERIV 20
1.6871833879396971105e-28
-1.4426676658554719013e-45
0
0
DERIV 21
-6.025654956927489881e-30
2.5170934011266929788e-46
0
0
DERIV 22
1.8259560475537846663e-31
6.969303242393532727e-48
0
0
DERIV 23
-3.969469668595183998e-33
-2.1100465881582478271e-49
0
0
DERIV 24
7.685419546820661134e-81
-2.422457141003636634e-97
0
0
DERIV 25
6.615782780991973294e-36
3.873112941609372771e-52
0
0
DERIV 26
-5.089063677686133496e-37
-1.0518430968445686974e-53
0
0
DERIV 27
2.827257598714518899e-38
-2.3157780430856949577e-54
0
0
DERIV 28
-1.3463131422450088829e-39
-6.248149162559608273e-57
0
0
DERIV 29
5.803073888987107289e-41
-8.226213027752361430e-59
0
0
DERIV 30
-2.3212295555948428773e-42
-3.494372065607791061e-59
0
0
DERIV 31
8.735810155464462773e-44
-2.0038552202756983765e-60
0
0
DERIV 32
-3.119932198380165365e-45
1.6046647612214839991e-61
0
0
DERIV 33
1.0636132494477835942e-46
-1.6674184689613126654e-64
0
0
DERIV 34
-3.475860292313018294e-48
1.7365086546840116297e-65
0
0
DERIV 35
1.0924132347269486434e-49
-4.235466186967354110e-66
0
0
AT 47/2
1.5249154326124068297e-9
6.217310918384678409e-26
0
0
DERIV 1
-1.4626739863833290295e-9
-3.009326652393878270e-26
0
0
DERIV 2
7.002162700771256146e-10
-9.932880679846093439e-28
0
0
DERIV 3
-2.2303184898752888760e-10
-1.1555192962208539880e-26
0
0
DERIV 4
5.316456865400398022e-11
1.5521381297226350915e-27
0
0
DERIV 5
-1.0114235012225147709e-11
-4.309560377862700561e-29
0
0
DERIV 6
1.5992593822749166027e-12
-7.776241474519463783e-29
0
0
DERIV 7
-2.1611613273985359086e-13
6.414885943879429922e-30
0
0
DERIV 8
2.5470829930054174020e-14
-1.5674399173274021678e-30
0
0
DERIV 9
-2.6585714741807386228e-15
8.392192013642798248e-32
0
0
DERIV 10
2.487050733911013235e-16
2.3640058123076160318e-32
0
0
DERIV 11
-2.1050272669466259664e-17
1.4380192068962797186e-33
0
0
DERIV 12
1.6242494343723964958e-18
-2.773907700921509516e-35
0
0
DERIV 13
-1.1494688304789267620e-19
3.074186571644780958e-36
0
0
DERIV 14
7.496535850949522033e-21
1.2660365164328123044e-37
0
0
DERIV 15
-4.521720037080663818e-22
-3.420631479072073328e-38
0
0
DERIV 16
2.5285934417885293562e-23
-5.618718193553012407e-40
0
0
DERIV 17
-1.3124187414127315544e-24
8.381931705710729164e-41
0
0
DERIV 18
6.319053199394633402e-26
-3.950712028529247926e-42
0
0
DERIV 19
-2.8141532466939662472e-27
1.3091954534793513351e-43
0
0
DERIV 20
1.1512445100111680143e-28
-5.763450044764566222e-45
0
0
DERIV 21
-4.263868555596918675e-30
3.1726099901534076285e-46
0
0
DERIV 22
1.3843729076613372038e-31
-7.457137824514275273e-48
0
0
DERIV 23
-3.611407585203488001e-33
-1.6245436933455041702e-49
0
0
DERIV 24
5.015843868338178135e-35
-1.3073755949208383205e-51
0
0
DERIV 25
2.0063375473352712006e-36
1.1602704050103784029e-54
0
0
DERIV 26
-2.315004862309928212e-37
-9.771250107160557116e-54
0
0
DERIV 27
1.4290153471048939774e-38
4.098212322543990773e-55
0
0
DERIV 28
-7.145076735524470213e-40
1.2135460727272668767e-56
0
0
DERIV 29
3.167768010823656890e-41
-1.9945665283331880784e-57
0
0
DERIV 30
-1.2905721525577860615e-42
2.1955563055192866823e-60
0
0
DERIV 31
4.920069789809741893e-44
-3.178784818466276818e-60
0
0
DERIV 32
-1.7740636261333201547e-45
-1.2472709655957720893e-61
0
0
DERIV 33
6.092743766518473573e-47
1.1406198425202565635e-63
0
0
DERIV 34
-2.0028050443572836720e-48
-6.588255721895814971e-65
0
0
DERIV 35
6.324647508496685870e-50
-3.816745529925828234e-66
0
0
AT 24
9.437836360697744703e-10
-3.239580674891371077e-26
0
0
DERIV 1
-9.060322906269834543e-10
-6.123153085929084175e-27
0
0
DERIV 2
4.341404725920962191e-10
2.2321056460385939561e-26
0
0
DERIV 3
-1.3842159995690026288e-10
1.1989215349679669161e-26
0
0
DERIV 4
3.303242726244210672e-11
-1.3923471776348009537e-27
0
0
DERIV 5
-6.291890907131829544e-12
-4.252189643006308890e-29
0
0
DERIV 6
9.962160602958729707e-13
4.712231194874245995e-29
0
0
DERIV 7
-1.3482623372425348229e-13
-8.844870313152670634e-30
0
0
DERIV 8
1.5916985925779926920e-14
-8.841405785708385453e-31
0
0
DERIV 9
-1.6645214040031295108e-15
-9.370938699225920223e-33
0
0
DERIV 10
1.5604888162529339780e-16
-5.284450318986724452e-33
0
0
DERIV 11
-1.3240511168206711345e-17
-7.468661929662957827e-34
0
0
DERIV 12
1.0245633642064718029e-18
-3.391773241985739001e-35
0
0
DERIV 13
-7.275006136377314719e-20
3.832864095187533644e-36
0
0
DERIV 14
4.763396875008955995e-21
-1.7931216008715859520e-37
0
0
DERIV 15
-2.886907196975124717e-22
-1.9561710945971609445e-39
0
0
DERIV 16
1.6238852982985076827e-23
-1.8383896363448157386e-40
0
0
DERIV 17
-8.490903520515072719e-25
-3.592609192156562543e-42
0
0
DERIV 18
4.127522544694827207e-26
-1.7385987786727616732e-42
0
0
DERIV 19
-1.8620402457269895558e-27
-8.340114090220014701e-44
0
0
DERIV 20
7.758501023862456482e-29
3.475047537591673000e-45
0
0
DERIV 21
-2.9556194376618881604e-30
-1.5573773774223924537e-46
0
0
DERIV 22
1.0075975355665527422e-31
9.290202605771840953e-48
0
0
DERIV 23
-2.9205725668595734284e-33
-6.498107511278648125e-51
0
0
DERIV 24
6.084526180957444999e-35
-3.428309040304622211e-51
0
0
DERIV 25
-1.8207001418065393091e-79
6.014812946243268149e-96
0
0
DERIV 26
-9.360809509165299979e-38
5.081574145413924126e-54
0
0
DERIV 27
6.933932969752074252e-39
-5.697552542676543952e-55
0
0
DERIV 28
-3.714606948081467650e-40
-3.939137353564556628e-56
0
0
DERIV 29
1.7078652634857323936e-41
4.047820157196542859e-58
0
0
DERIV 30
-7.116105264523885239e-43
9.685614530555275303e-60
0
0
DERIV 31
2.754621392718923174e-44
1.0704184698043189568e-60
0
0
DERIV 32
-1.0042890494287741515e-45
3.876201759498180793e-62
0
0
DERIV 33
3.478057314039044485e-47
6.149126104859052915e-64
0
0
DERIV 34
-1.1508277877335074199e-48
3.327565648203641150e-65
0
0
DERIV 35
3.653421548360341129e-50
-2.1867947786868462309e-66
0
0
AT 49/2
5.838823856396159914e-10
-3.358725934865156442e-27
0
0
DERIV 1
-5.609850371831604744e-10
1.5391431965160066756e-26
0
0
DERIV 2
2.690438443633524788e-10
-1.3712068997727489970e-26
0
0
DERIV 3
-8.586505671170822718e-11
-6.348556400182742856e-27
0
0
DERIV 4
2.0512207992241411334e-11
8.718259521642944472e-30
0
0
DERIV 5
-3.911630361311153013e-12
1.5238180281121674332e-28
0
0
DERIV 6
6.201365206956705996e-13
-2.4158090689583142917e-29
0
0
DERIV 7
-8.404780683421175784e-14
-5.140342858934103056e-30
0
0
DERIV 8
9.938085267558823186e-15
1.3875838089120110567e-31
0
0
DERIV 9
-1.0411327423156863156e-15
6.247125798773484811e-32
0
0
DERIV 10
9.780337882359477121e-17
-1.9839697776837454962e-33
0
0
DERIV 11
-8.317589401420082554e-18
-4.593204875748739139e-34
0
0
DERIV 12
6.453302121791443560e-19
1.5713521163010190656e-35
0
0
DERIV 13
-4.596369032614988363e-20
-3.990305523488037000e-37
0
0
DERIV 14
3.0204710785755639361e-21
-1.2854021994819579031e-37
0
0
DERIV 15
-1.8385476130459952963e-22
-6.486178708815930468e-39
0
0
DERIV 16
1.0396549002343426272e-23
-1.2301135014171894749e-40
0
0
DERIV 17
-5.471867895970224402e-25
1.1307728752616323624e-41
0
0
DERIV 18
2.682288184299129564e-26
-1.0412642827535308987e-43
0
0
DERIV 19
-1.2234998735399539205e-27
8.908320992168018826e-44
0
0
DERIV 20
5.176345618822881419e-29
1.7500550705005026037e-45
0
0
DERIV 21
-2.0167580333076161238e-30
-8.183297480188467813e-47
0
0
DERIV 22
7.129952643006724367e-32
-4.073597738416914511e-48
0
0
DERIV 23
-2.2142710071449453067e-33
-2.223591994000932352e-50
0
0
DERIV 24
5.535677517862363267e-35
5.558979985002330732e-52
0
0
DERIV 25
-7.380903357149817544e-37
-2.188944882633583394e-53
0
0
DERIV 26
-2.838808983519160473e-38
-2.0465734720280288210e-54
0
0
DERIV 27
3.154232203910178739e-39
-2.0762324541900953987e-55
0
0
DERIV 28
-1.8775191689941538559e-40
-3.177912696484014734e-57
0
0
DERIV 29
9.063885643420053598e-42
-3.475834639465635881e-58
0
0
DERIV 30
-3.884522418608594513e-43
2.627566210579881087e-59
0
0
DERIV 31
1.5315321363689798049e-44
7.035582300403472088e-62
0
0
DERIV 32
-5.656226639999072860e-46
-3.088480154440419847e-62
0
0
DERIV 33
1.9777016223772982777e-47
3.319295988376406846e-64
0
0
DERIV 34
-6.592338741257660774e-49
-2.625722835447036748e-65
0
0
DERIV 35
2.1051165728385807445e-50
9.062915994191868077e-67
0
0
AT 25
3.610865404890645239e-10
1.1542970253220938526e-26
0
0
DERIV 1
-3.471985966241005256e-10
1.0773554415372426009e-26
0
0
DERIV 2
1.6665532637956823783e-10
9.304354600299220285e-27
0
0
DERIV 3
-5.323711814902874838e-11
2.7720854231893301113e-27
0
0
DERIV 4
1.2730615209550351681e-11
5.312396282014535199e-28
0
0
DERIV 5
-2.4303901763687034145e-12
-1.8954140905078469127e-28
0
0
DERIV 6
3.857762184712228027e-13
-8.380422386207956123e-30
0
0
DERIV 7
-5.235534393538023426e-14
-2.1082561147810829768e-30
0
0
DERIV 8
6.199974939716080622e-15
5.479382595455763803e-34
0
0
DERIV 9
-6.506146541677368408e-16
-1.4666034975773519594e-32
0
0
DERIV 10
6.123432039225758183e-17
4.570579011481305694e-33
0
0
DERIV 11
-5.218834124340135585e-18
3.808339938218285383e-34
0
0
DERIV 12
4.059093207820105016e-19
1.4247982547122597362e-35
0
0
DERIV 13
-2.899352291300075098e-20
-1.5792288533588382065e-37
0
0
DERIV 14
1.9116608514066430373e-21
-1.0532848430057574130e-37
0
0
DERIV 15
-1.1682371869707263058e-22
6.959182640956200948e-39
0
0
DERIV 16
6.637711289606399598e-24
-5.289870081023168384e-40
0
0
DERIV 17
-3.514082447438682065e-25
2.0442271333582202473e-41
0
0
DERIV 18
1.7353493567598428319e-26
6.203017332442413811e-43
0
0
DERIV 19
-7.991740458762434472e-28
9.194778797136585625e-45
0
0
DERIV 20
3.425031625183900232e-29
2.1683123863166688321e-45
0
0
DERIV 21
-1.3591395338031350738e-30
-2.487635220473691424e-47
0
0
DERIV 22
4.942325577465945763e-32
5.064984709890646968e-49
0
0
DERIV 23
-1.6116279056954170370e-33
-7.601432107865229473e-50
0
0
DERIV 24
4.476744182487269666e-35
9.236134921438100727e-52
0
0
DERIV 25
-8.953488364974539933e-37
4.166493613419819910e-53
0
0
DERIV 26
3.195803897961484681e-78
8.843290955934397282e-95
0
0
DERIV 27
1.2754256930163161211e-39
4.940331359171586278e-56
0
0
DERIV 28
-9.110183521545115005e-41
-4.985349289586518075e-57
0
0
DERIV 29
4.712163890454370160e-42
-7.174232870396333080e-59
0
0
DERIV 30
-2.0942950624241645154e-43
3.188547942398370491e-60
0
0
DERIV 31
8.444738154936146958e-45
1.5246891809702050057e-61
0
0
DERIV 32
-3.1667768081010552650e-46
9.839953766014585928e-63
0
0
DERIV 33
1.1195675584195648846e-47
7.325074435069426063e-64
0
0
DERIV 34
-3.763252297208621844e-49
1.3679350789385989851e-65
0
0
DERIV 35
1.2096168098170570009e-50
-2.3621696653541112636e-67
0
0
AT 51/2
2.2322178949341915287e-10
3.382770741430722999e-27
0
0
DERIV 1
-2.1479832573895051047e-10
1.6221251624500803307e-27
0
0
DERIV 2
1.0318743099224093404e-10
-3.313510533165441830e-27
0
0
DERIV 3
-3.299189970500220212e-11
-2.154633501548949521e-28
0
0
DERIV 4
7.896997269814357098e-12
-1.5467149178964309725e-28
0
0
DERIV 5
-1.5092039226756326925e-12
3.225208587628617534e-29
0
0
DERIV 6
2.398347318980656710e-13
-1.5692398485936239462e-29
0
0
DERIV 7
-3.259078238336083558e-14
-2.5952516237931250215e-30
0
0
DERIV 8
3.864932526231894469e-15
-1.979098428328741280e-31
0
0
DERIV 9
-4.062241393937426609e-16
1.9764918477827034276e-32
0
0
DERIV 10
3.830113314283859226e-17
-3.844352591914374047e-34
0
0
DERIV 11
-3.2708956678457198155e-18
-1.5180404691388773510e-34
0
0
DERIV 12
2.549891784073276387e-19
-6.803845266912109422e-36
0
0
DERIV 13
-1.8261824448270149563e-20
8.624384681633012435e-37
0
0
DERIV 14
1.2077926222400891802e-21
1.9585235714758284129e-38
0
0
DERIV 15
-7.407794749739214184e-23
4.253065997310239180e-39
0
0
DERIV 16
4.227274177840311931e-24
2.6838236464144286396e-40
0
0
DERIV 17
-2.249809786525656151e-25
-2.0200227842636448917e-41
0
0
DERIV 18
1.1183265020741566198e-26
4.670552076281790159e-43
0
0
DERIV 19
-5.193466727898560082e-28
-2.890894352649901215e-44
0
0
DERIV 20
2.2505022487560429000e-29
-7.277809434307843874e-46
0
0
DERIV 21
-9.067957778870502181e-31
-5.322982624373215163e-48
0
0
DERIV 22
3.372380992141922376e-32
-5.710872259247141711e-49
0
0
DERIV 23
-1.1404186929948530236e-33
6.558840242726294116e-50
0
0
DERIV 24
3.394103252960871738e-35
1.6116504935972449674e-51
0
0
DERIV 25
-8.145847807106092290e-37
-2.665217065091899380e-53
0
0
DERIV 26
1.0443394624494990016e-38
4.420837950322721206e-55
0
0
DERIV 27
3.867923934998144601e-40
1.2686024363838640609e-57
0
0
DERIV 28
-4.144204216069440644e-41
-1.3592168961255687125e-58
0
0
DERIV 29
2.3817265609594486131e-42
4.077211365633561778e-59
0
0
DERIV 30
-1.1114723951144094378e-43
6.593791555410749716e-60
0
0
DERIV 31
4.609793343792481244e-45
2.190291872476040794e-62
0
0
DERIV 32
-1.7606849576985171201e-46
-2.997339006105828704e-63
0
0
DERIV 33
6.305483319581466622e-48
-2.4422871466566370548e-64
0
0
DERIV 34
-2.1398699048353392723e-49
3.824927365279402178e-67
0
0
DERIV 35
6.929102548990622505e-51
-1.1186285547172167596e-67
0
0
AT 26
1.3794540375770975993e-10
7.509735557858540783e-27
0
0
DERIV 1
-1.3283631472964643644e-10
-6.274212235631109146e-27
0
0
DERIV 2
6.386361285079155648e-11
2.5193444567018387548e-27
0
0
DERIV 3
-2.0436356112253300400e-11
1.5202552466608019842e-27
0
0
DERIV 4
4.896210318560686083e-12
1.0698509453953392652e-28
0
0
DERIV 5
-9.366663218116094939e-13
-3.802744345422205983e-29
0
0
DERIV 6
1.4901509665184697872e-13
-7.719387977958697432e-30
0
0
DERIV 7
-2.0274162809775097299e-14
-7.957849784820007481e-31
0
0
DERIV 8
2.4075568336607928437e-15
5.505642093368700732e-32
0
0
DERIV 9
-2.534270351221887360e-16
9.774210399500284142e-33
0
0
DERIV 10
2.3934775539317824720e-17
-5.807323253950738502e-34
0
0
DERIV 11
-2.0478952333106161260e-18
1.5679886966817344742e-34
0
0
DERIV 12
1.5999181510239186077e-19
1.1824212612014397249e-35
0
0
DERIV 13
-1.1486591853505057820e-20
3.007759283108979768e-37
0
0
DERIV 14
7.618657862018660511e-22
8.838192938292378461e-39
0
0
DERIV 15
-4.688404838165329591e-23
-9.177558434788197470e-41
0
0
DERIV 16
2.6860652718655535643e-24
-1.4780118407672128214e-40
0
0
DERIV 17
-1.4363985411045739537e-25
-6.583611207986780891e-42
0
0
DERIV 18
7.181992705522870055e-27
4.219463490561648056e-44
0
0
DERIV 19
-3.359996587379120462e-28
-5.120793506114980173e-45
0
0
DERIV 20
1.4699985069783652023e-29
2.2403471589253039036e-46
0
0
DERIV 21
-5.999993906034143558e-31
-2.1655867549534046350e-47
0
0
DERIV 22
2.2727249644068726260e-32
1.5680442217703909459e-49
0
0
DERIV 23
-7.905130310980426094e-34
-4.859016513599366949e-50
0
0
DERIV 24
2.470353222181383154e-35
1.5184426604998021716e-51
0
0
DERIV 25
-6.587608592483688401e-37
-4.160545624253313597e-53
0
0
DERIV 26
1.2668478062468633346e-38
-1.0069024633970311338e-54
0
0
DERIV 27
-4.248320300614116262e-77
2.532848507486989079e-93
0
0
DERIV 28
-1.6757246114376498515e-41
7.115029163487263657e-58
0
0
DERIV 29
1.1556721458190688082e-42
5.865037187413776365e-60
0
0
DERIV 30
-5.778360729095344240e-44
1.6981130295448765280e-60
0
0
DERIV 31
2.4853164426216532526e-45
1.1097677307460896084e-61
0
0
DERIV 32
-9.708267353990832775e-47
-6.765895541141420607e-63
0
0
DERIV 33
3.530279037814848812e-48
-2.8433805513984107063e-64
0
0
DERIV 34
-1.2113702580737225460e-49
1.1920682390151206024e-66
0
0
DERIV 35
3.955494720240726843e-51
-2.0122137080608213441e-67
0
0
AT 53/2
8.521752631485019358e-11
6.069622718698209025e-27
0
0
DERIV 1
-8.211870717612836882e-11
-5.378920180885871959e-27
0
0
DERIV 2
3.950994401870327204e-11
2.3441088215367674465e-27
0
0
DERIV 3
-1.2653511483114119887e-11
-6.662525175435330310e-28
0
0
DERIV 4
3.0342604066651207418e-12
3.1515958193165386392e-30
0
0
DERIV 5
-5.810285885103422418e-13
-2.853252997152367196e-29
0
0
DERIV 6
9.253418261461006596e-14
-6.916294569649457179e-31
0
0
DERIV 7
-1.2604323877737583767e-14
1.2565826776815587275e-31
0
0
DERIV 8
1.4986848513163590214e-15
9.109562833085485675e-33
0
0
DERIV 9
-1.5798102421283555808e-16
-9.247801745944854809e-33
0
0
DERIV 10
1.4944150939052013500e-17
-3.744597987699099887e-34
0
0
DERIV 11
-1.2809272233473153493e-18
-6.144861454710202995e-35
0
0
DERIV 12
1.0027460586809791815e-19
5.418303772748907824e-36
0
0
DERIV 13
-7.215790496711760501e-21
-7.483264397984144433e-37
0
0
DERIV 14
4.798678409143289897e-22
-3.964150659811588431e-38
0
0
DERIV 15
-2.962147166137833132e-23
1.0683403662032358867e-39
0
0
DERIV 16
1.7032346205292540068e-24
-1.7348532900850283263e-41
0
0
DERIV 17
-9.147807424837425600e-26
8.143259407643487593e-43
0
0
DERIV 18
4.598104261161668983e-27
-7.130060818590350820e-44
0
0
DERIV 19
-2.165312255948708374e-28
2.2397129679634690516e-45
0
0
DERIV 20
9.552848188009007780e-30
-3.4609883052629724225e-46
0
0
DERIV 21
-3.942445283940225262e-31
-2.815733890179846072e-48
0
0
DERIV 22
1.5163251092077790101e-32
-5.232974034087155142e-49
0
0
DERIV 23
-5.394041890462454574e-34
-2.161348373657170385e-50
0
0
DERIV 24
1.7480691311683881654e-35
-3.884671682042189622e-52
0
0
DERIV 25
-4.994483231909680687e-37
3.257663551193282809e-53
0
0
DERIV 26
1.1525730535176184816e-38
6.336038213920061042e-55
0
0
DERIV 27
-1.4229296957007637313e-40
9.548332771854021315e-57
0
0
DERIV 28
-5.081891770359870105e-42
-2.312340926405975669e-59
0
0
DERIV 29
5.257129417613659114e-43
-3.606186586208749423e-59
0
0
DERIV 30
-2.920627454229810176e-44
-2.4218183163630621705e-60
0
0
DERIV 31
1.3189930438457208361e-45
-2.0396076227305337873e-63
0
0
DERIV 32
-5.299525622594413726e-47
-3.390716255036017561e-63
0
0
DERIV 33
1.9627872676275607969e-48
-3.197400352090268119e-65
0
0
DERIV 34
-6.822522588010237973e-50
1.9738397573364197698e-67
0
0
DERIV 35
2.2491832707726057719e-51
1.4675234285037119027e-67
0
0
AT 27
5.262680686309433392e-11
-1.6641376051740425825e-27
0
0
DERIV 1
-5.074727804655524826e-11
-7.032775005716477889e-28
0
0
DERIV 2
2.4433874615008081297e-11
1.5353463031586690802e-27
0
0
DERIV 3
-7.831370068912847771e-12
7.092358485487940889e-28
0
0
DERIV 4
1.8795288165390832388e-12
5.596559509325791724e-29
0
0
DERIV 5
-3.602430231699909474e-13
-1.7458352117427068024e-29
0
0
DERIV 6
5.743004717202754032e-14
4.795382501602838353e-30
0
0
DERIV 7
-7.831370068912846408e-15
-6.539157956731142731e-31
0
0
DERIV 8
9.323059605848627521e-16
-6.673692741166229427e-33
0
0
DERIV 9
-9.841007361729106855e-17
9.783553814359532594e-34
0
0
DERIV 10
9.323059605848627336e-18
1.1815234724951233907e-34
0
0
DERIV 11
-8.004647136334680376e-19
2.3899822737947552718e-35
0
0
DERIV 12
6.278154616733081964e-20
4.970108068007770186e-36
0
0
DERIV 13
-4.527515348605588418e-21
1.0454267403483288397e-37
0
0
DERIV 14
3.018343565737059070e-22
-1.9508118011093259016e-38
0
0
DERIV 15
-1.8684983978372269121e-23
-1.0778875380488192173e-40
0
0
DERIV 16
1.0779798449060925199e-24
-6.442410740201928382e-41
0
0
DERIV 17
-5.812636418611282633e-26
-2.1533260811405785231e-42
0
0
DERIV 18
2.9356749588945874709e-27
-1.7388381141348539494e-43
0
0
DERIV 19
-1.3905828752658570484e-28
-9.228002425262096234e-45
0
0
DERIV 20
6.180368334514920278e-30
3.4785350937499018242e-46
0
0
DERIV 21
-2.575153472714550262e-31
1.0296277942558710315e-49
0
0
DERIV 22
1.0033065478108637490e-32
-1.1064443542441540398e-49
0
0
DERIV 23
-3.635168651488636827e-34
9.586800098758184328e-51
0
0
DERIV 24
1.2117228838295455557e-35
2.1499293872649965164e-52
0
0
DERIV 25
-3.635168651488636767e-37
3.573079501050743591e-54
0
0
DERIV 26
9.320945260227273059e-39
6.111076734498220290e-55
0
0
DERIV 27
-1.7261009741161617985e-40
7.670883953709337084e-58
0
0
DERIV 28
4.361357123075234767e-76
-1.7076018337146022252e-92
0
0
DERIV 29
2.1257401159066031432e-43
4.744923826247755993e-60
0
0
DERIV 30
-1.4171600772710687787e-44
-1.5038118100688662988e-61
0
0
DERIV 31
6.857226180343881137e-46
1.2295069466350273651e-62
0
0
DERIV 32
-2.857177575143283969e-47
1.1082823341784108725e-63
0
0
DERIV 33
1.0822642330088195794e-48
6.390957614292704265e-65
0
0
DERIV 34
-3.819756116501716280e-50
-1.0826502011565086368e-66
0
0
DERIV 35
1.2732520388339055157e-51
-5.293260757794782646e-68
0
0
AT 55/2
3.248976781176412788e-11
-5.415926051166151901e-28
0
0
DERIV 1
-3.134977595871977150e-11
-4.977814655915951439e-28
0
0
DERIV 2
1.5104892052837707557e-11
7.685777681499027390e-28
0
0
DERIV 3
-4.844965375438510596e-12
3.783719657783134534e-28
0
0
DERIV 4
1.1637416833161127996e-12
-5.128573849840294024e-29
0
0
DERIV 5
-2.2324840455451957996e-13
-8.501722476383449644e-30
0
0
DERIV 6
3.562474540763610547e-14
-9.260035007911005462e-31
0
0
DERIV 7
-4.863060484216992140e-15
9.134634241562908679e-32
0
0
DERIV 8
5.796089530607461516e-16
-6.300808804066187974e-33
0
0
DERIV 9
-6.125948284381869294e-17
-5.346720196681610480e-33
0
0
DERIV 10
5.811797090311004391e-18
3.176229164429480383e-34
0
0
DERIV 11
-4.997859905672854046e-19
-1.2644764736861795642e-35
0
0
DERIV 12
3.926889925885814168e-20
-1.7578112626569100466e-36
0
0
DERIV 13
-2.8376127669571149817e-21
-2.466950610526251941e-38
0
0
DERIV 14
1.8961006968146620260e-22
7.498809849835838413e-39
0
0
DERIV 15
-1.1768900876780661652e-23
3.3510881720812647281e-40
0
0
DERIV 16
6.810706525914734616e-25
-5.787612676138251168e-42
0
0
DERIV 17
-3.685794119906797437e-26
-8.887526019474031139e-43
0
0
DERIV 18
1.8696057129962015516e-27
9.187283722638100450e-44
0
0
DERIV 19
-8.902884347600960090e-29
-1.1719290923233232702e-45
0
0
DERIV 20
3.982869313400429765e-30
-1.9833026580155543154e-46
0
0
DERIV 21
-1.6734745014287519706e-31
5.205306087575610545e-48
0
0
DERIV 22
6.592475308658719403e-33
2.7597534097973561734e-49
0
0
DERIV 23
-2.425325364389495384e-34
-1.5015761715943966513e-50
0
0
DERIV 24
8.268154651327825902e-36
-2.1703486243614540875e-52
0
0
DERIV 25
-2.572314780413101425e-37
1.0093151607850879404e-53
0
0
DERIV 26
7.066798847288740308e-39
-4.063563413409290617e-55
0
0
DERIV 27
-1.5703997438419422634e-40
6.311264057021259514e-57
0
0
DERIV 28
1.8695235045737408657e-42
-1.5099561549465558557e-58
0
0
DERIV 29
6.446632774392208989e-44
3.720062760840272282e-60
0
0
DERIV 30
-6.446632774392209736e-45
3.747555572593097352e-61
0
0
DERIV 31
3.4659315991355964313e-46
-7.390540793770084295e-65
0
0
DERIV 32
-1.5163450746218234873e-47
4.894064301801761299e-64
0
0
DERIV 33
5.907837953072039413e-49
-4.269495598043538469e-66
0
0
DERIV 34
-2.1237325975095566890e-50
5.258538056457402011e-67
0
0
DERIV 35
7.171045134447854256e-52
-6.785447131680315661e-68
0
0
AT 28
2.0051760310126590170e-11
-1.4431057119052937360e-27
0
0
DERIV 1
-1.9360320299432569263e-11
8.362444342904104487e-28
0
0
DERIV 2
9.334440144369274177e-12
-1.1469157833776360312e-28
0
0
DERIV 3
-2.9962400463407547091e-12
7.171924100116000128e-29
0
0
DERIV 4
7.202500111396044391e-13
4.101414160642664222e-29
0
0
DERIV 5
-1.3828800213880405534e-13
-4.845489312385229586e-30
0
0
DERIV 6
2.2087667008281203810e-14
2.480250505808551886e-31
0
0
DERIV 7
-3.0181905228707233550e-15
-1.8088433707707557019e-31
0
0
DERIV 8
3.601250055698022275e-16
1.2618461751003202047e-32
0
0
DERIV 9
-3.810846619786266993e-17
-9.765952432679013374e-34
0
0
DERIV 10
3.620304288796954075e-18
-3.386317594322902049e-34
0
0
DERIV 11
-3.117965416188763865e-19
-1.1842184606420937062e-35
0
0
DERIV 12
2.4539542627411568681e-20
-2.939732826115231748e-37
0
0
DERIV 13
-1.7766184707628283605e-21
-1.1998894767445966667e-37
0
0
DERIV 14
1.1896998688143940754e-22
-3.6141404553020108934e-40
0
0
DERIV 15
-7.402576961511785031e-24
-3.0403822350653403190e-40
0
0
DERIV 16
4.296138415163089921e-25
-2.1712994310634884552e-41
0
0
DERIV 17
-2.3327448408125374252e-26
2.9595249951080219531e-43
0
0
DERIV 18
1.1879719096730513935e-27
5.800346484970331231e-44
0
0
DERIV 19
-5.684076122837566653e-29
-1.0052241814128298541e-45
0
0
DERIV 20
2.5578342552769051060e-30
-6.686878898240802924e-47
0
0
DERIV 21
-1.0826811662547745217e-31
-9.797016588327724137e-48
0
0
DERIV 22
4.306118274876944183e-33
3.2745154469179792605e-49
0
0
DERIV 23
-1.6047645744883022370e-34
-6.492411229062560835e-51
0
0
DERIV 24
5.572099216973271731e-36
1.5118748128433351210e-52
0
0
DERIV 25
-1.7830717494314469839e-37
-1.8311391022449525612e-54
0
0
DERIV 26
5.143476200283020246e-39
-4.756797925060365630e-56
0
0
DERIV 27
-1.2699941235266716833e-40
2.936753009119443786e-57
0
0
DERIV 28
2.2678466491547706810e-42
1.2962562896657596503e-58
0
0
DERIV 29
-3.518550019049332674e-75
-4.804519939889442305e-92
0
0
DERIV 30
-2.6067202863847940579e-45
2.267441115182947871e-62
0
0
DERIV 31
1.6817550234740606951e-46
-2.717505412590031448e-63
0
0
DERIV 32
-7.883226672534658900e-48
-4.803332695134694716e-64
0
0
DERIV 33
3.1851420899129937752e-49
-8.599724279878619771e-66
0
0
DERIV 34
-1.1710081212915418850e-50
8.747291423931726577e-67
0
0
DERIV 35
4.014884987285285810e-52
3.529131479861840929e-68
0
0
AT 57/2
1.2371697192219656169e-11
-1.1437612878800530562e-28
0
0
DERIV 1
-1.1952317626381700956e-11
-6.562203458996169774e-28
0
0
DERIV 2
5.766469030271873679e-12
-9.438515665269650339e-29
0
0
DERIV 3
-1.8522597491176320242e-12
-9.697102689703820897e-29
0
0
DERIV 4
4.455907887028266061e-13
-1.0965187409282528096e-29
0
0
DERIV 5
-8.562332802524902610e-14
-5.911503071678505117e-30
0
0
DERIV 6
1.3688083051655456951e-14
5.479225523679591174e-31
0
0
DERIV 7
-1.8722302046337251928e-15
2.9831749639049269836e-33
0
0
DERIV 8
2.236274966645838315e-16
1.0600077785158743088e-32
0
0
DERIV 9
-2.3691801972216893177e-17
3.420945385945575536e-34
0
0
DERIV 10
2.2536104315035580882e-18
1.0675288983353240178e-35
0
0
DERIV 11
-1.9436733325322062221e-19
-6.364046037187863400e-36
0
0
DERIV 12
1.5321749242934059494e-20
-9.351862224700374172e-37
0
0
DERIV 13
-1.1112477472897228623e-21
-6.610215781344209200e-38
0
0
DERIV 14
7.456424278350954225e-23
4.893410985637915102e-39
0
0
DERIV 15
-4.650243098326402157e-24
2.9204649849089438677e-40
0
0
DERIV 16
2.705960423595104735e-25
-2.0160826288323289744e-41
0
0
DERIV 17
-1.4738346533742400381e-26
9.605310535936018438e-43
0
0
DERIV 18
7.532932672801671083e-28
-2.677268186749456020e-44
0
0
DERIV 19
-3.619944762673572028e-29
2.4024672421108052670e-45
0
0
DERIV 20
1.6375940593047109252e-30
1.2153027723406448193e-46
0
0
DERIV 21
-6.977217796536363284e-32
4.288026451494704062e-48
0
0
DERIV 22
2.7983493836375785208e-33
1.6464575436300064597e-49
0
0
DERIV 23
-1.0544504923851745436e-34
-3.353093893927771494e-51
0
0
DERIV 24
3.717613915460551635e-36
-2.4157719548290606642e-52
0
0
DERIV 25
-1.2166736450598167264e-37
-9.330132386210818186e-54
0
0
DERIV 26
3.639622015136204474e-39
-3.1207490606022622876e-55
0
0
DERIV 27
-9.628629669672498262e-41
4.803407849213102918e-57
0
0
DERIV 28
2.0632777863583923847e-42
-2.792962354811772746e-60
0
0
DERIV 29
-2.371583662480910741e-44
-4.256820163620969600e-61
0
0
DERIV 30
-7.905278874936369137e-46
-1.4189400545399895128e-62
0
0
DERIV 31
7.650269878970679685e-47
2.627807971704360000e-63
0
0
DERIV 32
-3.984515561963895872e-48
6.570711338327250157e-65
0
0
DERIV 33
1.6904005414392284906e-49
3.312608408288694276e-66
0
0
DERIV 34
-6.392270955022292352e-51
-3.845994370673825225e-67
0
0
DERIV 35
2.2322216033411179372e-52
1.6138765785394658697e-68
0
0
AT 29
7.630996942130768254e-12
4.773595945236581216e-28
0
0
DERIV 1
-7.376630377393075978e-12
-4.614476080395363845e-28
0
0
DERIV 2
3.5611319063276922556e-12
-1.8112897269545072067e-28
0
0
DERIV 3
-1.1446495413196152380e-12
-7.160393917854881465e-29
0
0
DERIV 4
2.755637784658332980e-13
1.7237985357798798884e-29
0
0
DERIV 5
-5.299303432035256363e-14
2.9958900575760159024e-30
0
0
DERIV 6
8.478885491256410117e-15
-4.162335367944812531e-31
0
0
DERIV 7
-1.1607997993981990041e-15
5.698435325162535909e-32
0
0
DERIV 8
1.3879128036282814180e-16
-6.813346584433460838e-33
0
0
DERIV 9
-1.4720287311209043288e-17
-1.3316976059670793075e-33
0
0
DERIV 10
1.4019321248770518518e-18
1.6775203746165577787e-35
0
0
DERIV 11
-1.2107595623938175040e-19
-1.8864789472568611808e-36
0
0
DERIV 12
9.558628124161717691e-21
-4.054058401306522249e-37
0
0
DERIV 13
-6.944302483365350355e-22
1.9003722361156909168e-38
0
0
DERIV 14
4.668438644279226882e-23
1.1919647799690511513e-39
0
0
DERIV 15
-2.9177741526745168014e-24
-7.449779874806598244e-41
0
0
DERIV 16
1.7020349223934681648e-25
1.2845217217041609984e-42
0
0
DERIV 17
-9.296829408031548739e-27
-1.3045411200353153976e-43
0
0
DERIV 18
4.767604824631563801e-28
-2.780354619858355156e-44
0
0
DERIV 19
-2.3001602224099649572e-29
9.972205885185454698e-46
0
0
DERIV 20
1.0455273738227112646e-30
3.429102235852185758e-47
0
0
DERIV 21
-4.480831602097333913e-32
-2.2515898334036365364e-48
0
0
DERIV 22
1.8104370109484178497e-33
-1.6153242788194216528e-50
0
0
DERIV 23
-6.887532106868981368e-35
4.797983347956013402e-51
0
0
DERIV 24
2.4598328953103504409e-36
-1.2362860688963845909e-52
0
0
DERIV 25
-8.199442984367833968e-38
-4.231436156050226973e-54
0
0
DERIV 26
2.5229055336516413012e-39
4.988659596464351339e-56
0
0
DERIV 27
-7.008070926810114952e-41
8.799919412592521153e-58
0
0
DERIV 28
1.6685883159071703329e-42
-1.2715831648642482071e-58
0
0
DERIV 29
-2.876876406736500282e-44
-7.259948115761715070e-61
0
0
DERIV 30
2.2658828797570346414e-74
-2.0056373330870694635e-91
0
0
DERIV 31
3.093415491114516466e-47
4.460688684750051808e-64
0
0
DERIV 32
-1.9333846819465727911e-48
-2.787930427971066664e-65
0
0
DERIV 33
8.788112190666240823e-50
-7.365093210703531196e-66
0
0
DERIV 34
-3.446318506143623422e-51
-1.4173164687574151933e-67
0
0
DERIV 35
1.2308280379084369098e-52
7.711277496053357555e-69
0
0
AT 59/2
4.705574169735258034e-12
-1.4311012189121364883e-28
0
0
DERIV 1
-4.551293049416069285e-12
1.7814553922000651049e-28
0
0
DERIV 2
2.1985059645484402686e-12
-1.0659047827439968607e-28
0
0
DERIV 3
-7.071218014629486315e-13
4.136939564626537604e-29
0
0
DERIV 4
1.7035207035243762669e-13
-1.1802157966932713712e-29
0
0
DERIV 5
-3.278473806782761658e-14
1.2803850775257871308e-31
0
0
DERIV 6
5.249843677527951566e-15
8.777212790656026528e-32
0
0
DERIV 7
-7.193663348216143525e-16
-1.4039484850370072827e-32
0
0
DERIV 8
8.609437517811873874e-17
1.9425117856896561803e-33
0
0
DERIV 9
-9.140884278170632003e-18
2.769048779384792132e-34
0
0
DERIV 10
8.715726869883626455e-19
-8.552412851485750939e-35
0
0
DERIV 11
-7.536881328724199051e-20
-4.694785239394593428e-36
0
0
DERIV 12
5.958645494931524949e-21
3.132984273817486362e-37
0
0
DERIV 13
-4.335812730199654737e-22
1.8064076065253886350e-38
0
0
DERIV 14
2.920037144828339058e-23
-2.7518997850604430710e-39
0
0
DERIV 15
-1.8287101311046162226e-24
1.5014934535142226056e-41
0
0
DERIV 16
1.0692055202022957012e-25
6.528199082259361691e-42
0
0
DERIV 17
-5.855689461554154997e-27
-3.1677963577373155455e-43
0
0
DERIV 18
3.012185937013454434e-28
-5.479660716537635947e-45
0
0
DERIV 19
-1.4585321379223042565e-29
3.0663236838081827965e-46
0
0
DERIV 20
6.658516281819214802e-31
1.4179850128279691213e-47
0
0
DERIV 21
-2.868748511441385369e-32
2.4549136343560529609e-48
0
0
DERIV 22
1.1667159017823815160e-33
-6.537198886087385364e-51
0
0
DERIV 23
-4.475892206326271563e-35
-2.1280412680841744449e-51
0
0
DERIV 24
1.6162944078400425755e-36
1.0026816928529298001e-53
0
0
DERIV 25
-5.470534918843220623e-38
-4.354941168657780924e-54
0
0
DERIV 26
1.7214970024331815843e-39
-1.3218224547011360542e-55
0
0
DERIV 27
-4.959044862976242450e-41
-4.164296484142608210e-57
0
0
DERIV 28
1.2650624650449599061e-42
8.695813709887525997e-60
0
0
DERIV 29
-2.617370617334399771e-44
-5.232521610556127361e-61
0
0
DERIV 30
2.9081895748159999880e-46
-1.8386702068645853852e-62
0
0
DERIV 31
9.381256692954837965e-48
1.1261567796761469651e-64
0
0
DERIV 32
-8.794928149645161352e-49
6.540682215602109449e-65
0
0
DERIV 33
4.441882903861191873e-50
3.986151897961945768e-66
0
0
DERIV 34
-1.8290106074722557320e-51
9.070861502516164479e-68
0
0
DERIV 35
6.718814476428694382e-53
-1.8938895955535546102e-69
0
0
AT 30
2.9008631203404540543e-12
7.321206587449814750e-29
0
0
DERIV 1
-2.8072868906520525712e-12
1.8972818365249178769e-28
0
0
DERIV 2
1.3568553304818253421e-12
-2.4385824853161830853e-29
0
0
DERIV 3
-4.366890718792081497e-13
1.4648852714075084439e-30
0
0
DERIV 4
1.0527325839945195880e-13
5.506967596571794499e-30
0
0
DERIV 5
-2.0274849765820379190e-14
8.794123186849539036e-31
0
0
DERIV 6
3.2491746419583939897e-15
-2.968184648880445584e-32
0
0
DERIV 7
-4.456010937542940492e-16
2.0411343412320717709e-32
0
0
DERIV 8
5.337929768931647413e-17
-1.9315275277633191624e-33
0
0
DERIV 9
-5.673162073260688012e-18
1.4573745877628320754e-34
0
0
DERIV 10
5.415291069930656827e-19
-2.2665529903120484099e-35
0
0
DERIV 11
-4.688563696909659455e-20
6.075626930701997614e-37
0
0
DERIV 12
3.711779593386813434e-21
2.528278406092161793e-37
0
0
DERIV 13
-2.704940594370957457e-22
1.1462361911724884061e-38
0
0
DERIV 14
1.8247615120756458384e-23
-1.2020215628589992805e-40
0
0
DERIV 15
-1.1449483997337386416e-24
8.389160661198978026e-41
0
0
DERIV 16
6.708682029689874136e-26
2.2591243124246891126e-42
0
0
DERIV 17
-3.683197977084636879e-27
-2.555479173839745464e-44
0
0
DERIV 18
1.9000624484960427597e-28
8.791894558152587248e-45
0
0
DERIV 19
-9.231072624272273175e-30
2.3096310592589478612e-46
0
0
DERIV 20
4.230908286124791813e-31
-4.747065420216834383e-48
0
0
DERIV 21
-1.8315620286254510571e-32
7.623613600393345339e-49
0
0
DERIV 22
7.492753753467754185e-34
-1.7191942246858129860e-50
0
0
DERIV 23
-2.895750242886088481e-35
-2.6523440170356165431e-52
0
0
DERIV 24
1.0557422760522197029e-36
6.535260235589212701e-53
0
0
DERIV 25
-3.619687803607610538e-38
-9.579722310729664484e-55
0
0
DERIV 26
1.1601563473101316790e-39
-6.550217385236634512e-56
0
0
DERIV 27
-3.437500288326316120e-41
2.2806647588716401153e-57
0
0
DERIV 28
9.207590058016917268e-43
2.994458888144626790e-59
0
0
DERIV 29
-2.1166873696590615754e-44
6.563621776748382972e-61
0
0
DERIV 30
3.527812282765102315e-46
2.017570676322277104e-62
0
0
DERIV 31
-1.1813111069579779435e-73
-5.536886342639475093e-91
0
0
DERIV 32
-3.556262381819660032e-49
2.377002965379285345e-65
0
0
DERIV 33
2.155310534436157624e-50
-1.7283523348379972150e-66
0
0
DERIV 34
-9.508722946041871260e-52
1.5158031112238430655e-68
0
0
DERIV 35
3.622370646111189109e-53
-1.1514926132793726705e-69
0
0
AT 61/2
1.7878408482793074821e-12
9.342361184585138856e-29
0
0
DERIV 1
-1.7310839959529802989e-12
-5.199142256795510552e-29
0
0
DERIV 2
8.371635718133265578e-13
5.279616645029406333e-30
0
0
DERIV 3
-2.695950485500543221e-13
5.145492664639579330e-30
0
0
DERIV 4
6.503389329058327701e-14
1.1945437751064893777e-30
0
0
DERIV 5
-1.2533804888730595964e-14
5.270853050790441711e-31
0
0
DERIV 6
2.0101385198907560085e-15
-1.3662713700779652678e-31
0
0
DERIV 7
-2.759013654752017800e-16
-6.382529645768013816e-33
0
0
DERIV 8
3.308001065646552067e-17
-3.667228720181692355e-34
0
0
DERIV 9
-3.519150069836757649e-18
1.7014021663970445458e-34
0
0
DERIV 10
3.362743400066235085e-19
-1.6043850707164531438e-35
0
0
DERIV 11
-2.914851572996102247e-20
9.326231717627750529e-37
0
0
DERIV 12
2.3105530761554466925e-21
1.3708812472857121410e-37
0
0
DERIV 13
-1.6862024421647244390e-22
-7.175853071010544524e-39
0
0
DERIV 14
1.1393259744356247003e-23
-3.0939800250715886542e-40
0
0
DERIV 15
-7.161477553595355102e-25
3.704646530002070207e-42
0
0
DERIV 16
4.204655381845757626e-26
8.260775275295699363e-43
0
0
DERIV 17
-2.3137572309967168869e-27
1.2131535366790680769e-43
0
0
DERIV 18
1.1967709815500258523e-28
6.095150909272904853e-45
0
0
DERIV 19
-5.832217259015720726e-30
-9.899538805437559369e-47
0
0
DERIV 20
2.682819939147231604e-31
-2.4527044707416203797e-48
0
0
DERIV 21
-1.1664434518031442054e-32
4.041296577445150534e-49
0
0
DERIV 22
4.797061814774834903e-34
4.076918274333894114e-50
0
0
DERIV 23
-1.8661338867545126152e-35
2.3051490215101393555e-52
0
0
DERIV 24
6.860786348362178634e-37
1.3515282690439039054e-54
0
0
DERIV 25
-2.378405934098888667e-38
6.909414450885303101e-55
0
0
DERIV 26
7.740374341741944709e-40
4.315289732756172774e-56
0
0
DERIV 27
-2.345567982346044098e-41
1.1640426823040048174e-57
0
0
DERIV 28
6.515466617627900274e-43
-3.233451894443972972e-59
0
0
DERIV 29
-1.6047947334058866614e-44
-2.5812379759738061558e-61
0
0
DERIV 30
3.2095894668117732295e-46
1.4496998886220621940e-62
0
0
DERIV 31
-3.451171469690078696e-48
-2.0162379917986561087e-64
0
0
DERIV 32
-1.0784910842781495924e-49
-6.300743636259420925e-66
0
0
DERIV 33
9.804464402528633737e-51
-5.062469105972606984e-67
0
0
DERIV 34
-4.806110001239526138e-52
4.451755940502998113e-69
0
0
DERIV 35
1.9224440004958104831e-53
-4.562606984729300290e-70
0
0
AT 31
1.1015926747103925602e-12
-9.350230934841219474e-29
0
0
DERIV 1
-1.0671679036256927548e-12
5.271503872651331885e-29
0
0
DERIV 2
5.163715662704964747e-13
-5.963884052307222175e-30
0
0
DERIV 3
-1.6638639357604887417e-13
1.2019115558500846824e-29
0
0
DERIV 4
4.016223293214972455e-14
7.983198002099394874e-31
0
0
DERIV 5
-7.745573494057446427e-15
-6.047393359206133965e-31
0
0
DERIV 6
1.2431167336141581220e-15
4.349230109637119117e-32
0
0
DERIV 7
-1.7075779307886787364e-16
-6.245117220715084623e-33
0
0
DERIV 8
2.0490935169464146562e-17
-9.762191635533301356e-34
0
0
DERIV 9
-2.1819051337855341960e-18
1.7528000145152270176e-34
0
0
DERIV 10
2.0870396931861630686e-19
-9.229665572255704344e-36
0
0
DERIV 11
-1.8110675023516289773e-20
-5.171866531338167544e-37
0
0
DERIV 12
1.4373551605965309732e-21
2.2365875681101925060e-39
0
0
DERIV 13
-1.0503749250513110940e-22
-3.4428822347842532757e-40
0
0
DERIV 14
7.107800244708120914e-24
-7.058623302320560409e-40
0
0
DERIV 15
-4.475281635556964204e-25
-3.718836839073016256e-41
0
0
DERIV 16
2.632518609151155448e-26
1.8499205816003865192e-42
0
0
DERIV 17
-1.4517565859289461561e-27
3.514471170524734271e-44
0
0
DERIV 18
7.527626741853794443e-29
2.5787967935094887254e-45
0
0
DERIV 19
-3.678915324966140057e-30
-2.1032005175028143577e-46
0
0
DERIV 20
1.6979609192151415817e-31
8.022826353823886554e-48
0
0
DERIV 21
-7.411734171177205143e-33
-5.239748688763103992e-49
0
0
DERIV 22
3.062700070734382701e-34
-1.9345264101232727019e-50
0
0
DERIV 23
-1.1984478537656278982e-35
-3.934623022010925894e-52
0
0
DERIV 24
4.438695754687511013e-37
-1.3268621180364658476e-53
0
0
DERIV 25
-1.5535435141406289379e-38
1.2996407121457546705e-54
0
0
DERIV 26
5.121572024639435718e-40
-8.784642965436123098e-57
0
0
DERIV 27
-1.5807321063701961653e-41
-1.6942779704343308136e-58
0
0
DERIV 28
4.516377446771989226e-43
-1.3365970410250859626e-59
0
0
DERIV 29
-1.1680286500272384727e-44
-8.560140640444909072e-61
0
0
DERIV 30
2.5956192222827524036e-46
-5.178080045933392685e-63
0
0
DERIV 31
-4.186482616585084600e-48
1.6193242307766663631e-64
0
0
DERIV 32
5.049869745047933013e-73
5.531406804077253696e-90
0
0
DERIV 33
3.964472174796481719e-51
-2.4326527732427176940e-67
0
0
DERIV 34
-2.3320424557626363053e-52
1.4309721745467879662e-68
0
0
DERIV 35
9.994467667554154965e-54
1.5966546472671509228e-71
0
0
AT 63/2
6.785895712849284024e-13
1.4965184680272945926e-30
0
0
DERIV 1
-6.577098921684691105e-13
4.204610489071952957e-29
0
0
DERIV 2
3.184151065260048588e-13
7.692733809411580786e-30
0
0
DERIV 3
-1.0265842232259173759e-13
4.692859289987276864e-30
0
0
DERIV 4
2.4794618950795459693e-14
1.2197673654007927979e-30
0
0
DERIV 5
-4.784926464188597471e-15
-2.492333675270738704e-31
0
0
DERIV 6
7.684881897030171606e-16
4.899271787250663113e-32
0
0
DERIV 7
-1.0564123362494306552e-16
-1.0203906544077685523e-33
0
0
DERIV 8
1.2687305018681888073e-17
-1.7955973969002239006e-34
0
0
DERIV 9
-1.3521617593606547087e-18
-1.0123408015017212158e-35
0
0
DERIV 10
1.2946229610899885150e-19
4.554770361889034250e-36
0
0
DERIV 11
-1.1246219661993840024e-20
2.5288209643003190092e-39
0
0
DERIV 12
8.935949731429214833e-22
-8.622160518060619003e-38
0
0
DERIV 13
-6.538499803484790739e-23
2.8807320484560133469e-40
0
0
DERIV 14
4.430851515182000832e-24
1.9846171229292657649e-40
0
0
DERIV 15
-2.794230685249910360e-25
-1.9961724848589063849e-41
0
0
DERIV 16
1.6466002252365543850e-26
5.203481028782155620e-43
0
0
DERIV 17
-9.098860424658322850e-28
6.492603614401579008e-44
0
0
DERIV 18
4.728798428585866246e-29
1.3067478450922858141e-45
0
0
DERIV 19
-2.3171970521201160539e-30
4.341682004110488955e-47
0
0
DERIV 20
1.0727764130185722634e-31
-3.631911142865400886e-48
0
0
DERIV 21
-4.699782380843269145e-33
3.4026974195363637660e-49
0
0
DERIV 22
1.950502569124676600e-34
1.7655509826540543788e-50
0
0
DERIV 23
-7.672784433409702017e-36
4.122117033286734474e-52
0
0
DERIV 24
2.860467880876423727e-37
1.1741091975683210346e-53
0
0
DERIV 25
-1.0095768991328554283e-38
-4.604524653200428492e-55
0
0
DERIV 26
3.3652563304428516725e-40
-9.121475760041807561e-57
0
0
DERIV 27
-1.0546387360362212590e-41
-3.423011236596579982e-58
0
0
DERIV 28
3.0817365663396077251e-43
-4.997584936039641712e-60
0
0
DERIV 29
-8.265193856083238742e-45
-2.3314693615174252654e-61
0
0
DERIV 30
1.9679032990674376661e-46
1.8515734267436224751e-62
0
0
DERIV 31
-3.808845094969234377e-48
-1.7409384559796583294e-64
0
0
DERIV 32
3.967546973926286126e-50
-1.3517079790441115715e-66
0
0
DERIV 33
1.2022869617958442580e-51
-1.8481147957504826119e-68
0
0
DERIV 34
-1.0608414368786861319e-52
3.812565573579004999e-69
0
0
DERIV 35
5.051625889898505335e-54
-1.2635412699400137937e-70
0
0
AT 32
4.179174631201077801e-13
1.8756170760363058216e-29
0
0
DERIV 1
-4.052532975710136172e-13
-5.948505480559388971e-30
0
0
DERIV 2
1.9629456601095972714e-13
-3.429579899622140837e-30
0
0
DERIV 3
-6.332082774547087769e-14
-9.294539813374044173e-31
0
0
DERIV 4
1.5302533371822128248e-14
7.505253156372139451e-31
0
0
DERIV 5
-2.9549719614553075728e-15
-9.596524614381299390e-32
0
0
DERIV 6
4.749062080910316024e-16
-1.2750617770494760911e-32
0
0
DERIV 7
-6.533101275326360498e-17
5.841967876628442005e-35
0
0
DERIV 8
7.852285186690337137e-18
-7.021596005563031359e-36
0
0
DERIV 9
-8.375770865803025958e-19
-3.134986216586053938e-35
0
0
DERIV 10
8.026780413061233972e-20
-4.619110905637840295e-36
0
0
DERIV 11
-6.979809054835855367e-21
1.3998655369850297041e-37
0
0
DERIV 12
5.552120839073975774e-22
-2.5862442200370083588e-39
0
0
DERIV 13
-4.067487794193388912e-23
8.568736585281857630e-40
0
0
DERIV 14
2.7600810032026567515e-24
-4.764951298207075784e-41
0
0
DERIV 15
-1.7432090546543094499e-25
-4.724072540752686084e-42
0
0
DERIV 16
1.0289775669834465184e-26
5.977247546902321849e-43
0
0
DERIV 17
-5.696761616517351612e-28
3.145497952265830243e-44
0
0
DERIV 18
2.967063341936120445e-29
2.3011776896130277821e-46
0
0
DERIV 19
-1.4575047995475680090e-30
5.999010163947932530e-47
0
0
DERIV 20
6.766986569327993983e-32
6.554334746788587488e-49
0
0
DERIV 21
-2.9744995909134040916e-33
1.1405047968321982627e-49
0
0
DERIV 22
1.2393748295472515623e-34
9.502641800357550685e-51
0
0
DERIV 23
-4.898714741293485107e-36
2.9523375923825658387e-52
0
0
DERIV 24
1.8370180279850567898e-37
1.4573186071225447326e-54
0
0
DERIV 25
-6.531619655057980341e-39
5.920142681448306240e-55
0
0
DERIV 26
2.1981412300675893809e-40
-4.237729052954576555e-57
0
0
DERIV 27
-6.978226127198696771e-42
4.582068979111832205e-58
0
0
DERIV 28
2.0768530140472310491e-43
-3.613441307766838687e-61
0
0
DERIV 29
-5.729249693923395620e-45
-3.677045373935952235e-61
0
0
DERIV 30
1.4323124234808489050e-46
9.192613434839881019e-63
0
0
DERIV 31
-3.080241770926557046e-48
6.369275870392819660e-65
0
0
DERIV 32
4.812877767072745385e-50
-9.951993547488780719e-67
0
0
DERIV 33
-1.1699078252568565032e-142
6.171632478439366788e-159
0
0
DERIV 34
-4.289552377070182641e-53
-3.228843407180892449e-69
0
0
DERIV 35
2.4511727868972473475e-54
6.031316732928467007e-71
0
0
AT 33
1.5840212893351551044e-13
-5.704766781619894158e-32
0
0
DERIV 1
-1.5374324278841211901e-13
5.995028375720987665e-30
0
0
DERIV 2
7.454217832165436379e-14
-5.966504541812888189e-30
0
0
DERIV 3
-2.4070911749700886205e-14
-1.7694532229561961174e-31
0
0
DERIV 4
5.823607681379246383e-15
3.227277378918799047e-31
0
0
DERIV 5
-1.1258974850666542822e-15
-8.080078378092038555e-32
0
0
DERIV 6
1.8117890564290989611e-16
1.3848613576834950787e-33
0
0
DERIV 7
-2.4958318634482485060e-17
-8.196468015216196651e-34
0
0
DERIV 8
3.0042420578543732302e-18
7.012889359964332020e-35
0
0
DERIV 9
-3.209660318220484146e-19
-1.4899826025382886100e-35
0
0
DERIV 10
3.081273905491665185e-20
-2.6140695847764383781e-36
0
0
DERIV 11
-2.6844431752389505924e-21
9.095611360832351305e-38
0
0
DERIV 12
2.139773545480322888e-22
-2.4800029944280986543e-39
0
0
DERIV 13
-1.5711623935345028118e-23
9.989571981309204363e-41
0
0
DERIV 14
1.0688179547853761249e-24
-6.926875383625878183e-41
0
0
DERIV 15
-6.769180380307381666e-26
-2.0475373160317078574e-43
0
0
DERIV 16
4.008067330445159895e-27
3.1421402410147463241e-43
0
0
DERIV 17
-2.226704072469533325e-28
-1.2473940132482573054e-44
0
0
DERIV 18
1.1642897110951809296e-29
-4.101902013190731339e-46
0
0
DERIV 19
-5.744850548167010797e-31
-1.6636627285567235773e-47
0
0
DERIV 20
2.680930255811271975e-32
-1.9240429756328117971e-48
0
0
DERIV 21
-1.1854453512090656823e-33
-7.201637927607682635e-50
0
0
DERIV 22
4.973896578499577089e-35
-4.977937204636355023e-51
0
0
DERIV 23
-1.9823500856338893277e-36
1.0639871197508712490e-52
0
0
DERIV 24
7.508901839522307490e-38
1.6645569305908663669e-54
0
0
DERIV 25
-2.7032046622280308242e-39
6.797191807149989079e-56
0
0
DERIV 26
9.241725340950532959e-41
-4.589556976909740485e-57
0
0
DERIV 27
-2.995003582715450402e-42
5.433019618459626575e-59
0
0
DERIV 28
9.168378314435051843e-44
2.4008407064216763352e-60
0
0
DERIV 29
-2.6345914696652448720e-45
2.042146357784179849e-62
0
0
DERIV 30
7.025577252440652668e-47
2.696581428476896463e-63
0
0
DERIV 31
-1.6997364320420933286e-48
-1.2405113156592109603e-64
0
0
DERIV 32
3.541117566754361576e-50
-2.1633852985898766276e-66
0
0
DERIV 33
-5.365329646597517427e-52
2.153854649170291440e-68
0
0
DERIV 34
5.546557285039061404e-141
1.5699095268294522548e-157
0
0
DERIV 35
4.508680375292031279e-55
-9.318777225797068572e-73
0
0
AT 34
5.998679510397044868e-14
5.137247088803123919e-30
0
0
DERIV 1
-5.827288667242844199e-14
1.1401075771659717215e-30
0
0
DERIV 2
2.8279489120443214497e-14
-5.532875006834862843e-31
0
0
DERIV 3
-9.140844968224069332e-15
1.7884040426132889534e-31
0
0
DERIV 4
2.2137983907417667915e-15
-4.331291040704059064e-32
0
0
DERIV 5
-4.284771078855032500e-16
8.383143949749790943e-33
0
0
DERIV 6
6.903242293710885529e-17
2.928425828618637204e-34
0
0
DERIV 7
-9.521713508566739299e-18
5.971571425748278747e-34
0
0
DERIV 8
1.1477065389790265019e-18
3.807437695819761169e-35
0
0
DERIV 9
-1.2279987659857897867e-19
7.319302445035035303e-36
0
0
DERIV 10
1.1807680442171054484e-20
4.536307410947297031e-37
0
0
DERIV 11
-1.0304884749531102745e-21
2.538318671354639077e-38
0
0
DERIV 12
8.229595459694977560e-23
1.2381325911328577401e-39
0
0
DERIV 13
-6.055220739574900029e-24
6.124243842622331867e-41
0
0
DERIV 14
4.128559595164704649e-25
-1.2524302270696245969e-41
0
0
DERIV 15
-2.621307679469653563e-26
-1.0269390653127624381e-42
0
0
DERIV 16
1.5564014346851069466e-27
-8.251845574391599780e-44
0
0
DERIV 17
-8.673444527656942768e-29
4.910915457652863095e-45
0
0
DERIV 18
4.550881387968149061e-30
-3.3552140474674499581e-46
0
0
DERIV 19
-2.254306569891343185e-31
1.6349106259837830571e-47
0
0
DERIV 20
1.0567062046365669813e-32
6.020911756373058628e-49
0
0
DERIV 21
-4.696472020606964399e-34
-2.295834244063802739e-50
0
0
DERIV 22
1.9822771515548876162e-35
5.177749571542213796e-52
0
0
DERIV 23
-7.955627364099884209e-37
5.911215756052957279e-53
0
0
DERIV 24
3.038607673788149929e-38
6.423793011735620205e-55
0
0
DERIV 25
-1.1049482450138726835e-39
-4.115553222812550268e-56
0
0
DERIV 26
3.824820848124944171e-41
-1.2419761910450526946e-57
0
0
DERIV 27
-1.2592002792180886127e-42
3.761013815964689234e-59
0
0
DERIV 28
3.935000872556526915e-44
-1.1753168174889653857e-60
0
0
DERIV 29
-1.1630544450905990927e-45
3.933671525425105160e-62
0
0
DERIV 30
3.230706791918330651e-47
5.278903604360319598e-64
0
0
DERIV 31
-8.337307850111820652e-49
-5.185029493611768926e-65
0
0
DERIV 32
1.9540565273699580841e-50
2.829531934528355224e-68
0
0
DERIV 33
-3.947588944181733533e-52
2.425715690549763768e-69
0
0
DERIV 34
5.805277859090784608e-54
-3.5672289566908291895e-71
0
0
DERIV 35
-2.0490378361062810746e-139
-4.191836021361508682e-156
0
0
AT 35
2.2698420336529161199e-14
5.890919933060451826e-31
0
0
DERIV 1
-2.2067908660514462277e-14
-5.727283268253217491e-31
0
0
DERIV 2
1.0718698492249881677e-14
2.781823301722991140e-31
0
0
DERIV 3
-3.4678142180808440721e-15
-9.000016564397912512e-32
0
0
DERIV 4
8.406822346862652625e-16
-1.1050982409910855044e-32
0
0
DERIV 5
-1.6288218297046389645e-16
3.990020588531974763e-33
0
0
DERIV 6
2.6271319833945789452e-17
-3.453432003097142201e-34
0
0
DERIV 7
-3.627944167544894873e-18
1.8709089506508427493e-34
0
0
DERIV 8
4.378553305657631511e-19
6.640464761288824912e-37
0
0
DERIV 9
-4.691307113204605191e-20
-7.114783672809455412e-38
0
0
DERIV 10
4.517554997900730623e-21
3.077778269769147183e-37
0
0
DERIV 11
-3.948911711451688085e-22
2.0773737045858976233e-38
0
0
DERIV 12
3.159129369161350115e-23
1.8645840887981445036e-39
0
0
DERIV 13
-2.3288453682920211913e-24
1.3569841792390552933e-40
0
0
DERIV 14
1.5911365870318155610e-25
6.700070156899336562e-42
0
0
DERIV 15
-1.0125414644747918198e-26
5.650378235392655688e-43
0
0
DERIV 16
6.027032526635665167e-28
9.073035130657190497e-45
0
0
DERIV 17
-3.368047588414047984e-29
-2.4853262657599966347e-45
0
0
DERIV 18
1.7726566254810780521e-30
-3.513659363004430855e-47
0
0
DERIV 19
-8.811451062332844400e-32
4.563493526122997122e-48
0
0
DERIV 20
4.146565205803691120e-33
1.4748559242082477583e-49
0
0
DERIV 21
-1.8511451811623621073e-34
-6.584178233072534466e-51
0
0
DERIV 22
7.853343192810021790e-36
-4.496070565008549572e-52
0
0
DERIV 23
-3.170604394612741633e-37
9.851326162791672419e-54
0
0
DERIV 24
1.2194632286972082001e-38
8.257744339846632254e-55
0
0
DERIV 25
-4.471365171889763520e-40
-1.8315337721440358987e-56
0
0
DERIV 26
1.5634143957656516981e-41
-5.360406797789172345e-58
0
0
DERIV 27
-5.211381319218839153e-43
3.379894177062176510e-59
0
0
DERIV 28
1.6544067680059806558e-44
-7.964038216386083770e-61
0
0
DERIV 29
-4.991744558638734737e-46
2.402942565288904690e-62
0
0
DERIV 30
1.4262127310396383505e-47
7.719641870947323190e-64
0
0
DERIV 31
-3.833905190966769980e-49
1.3024964015837183691e-66
0
0
DERIV 32
9.584762977416924475e-51
4.422159772483969781e-67
0
0
DERIV 33
-2.1783552221402101417e-52
-6.678357527747730343e-69
0
0
DERIV 34
4.271284749294530065e-54
-2.4406346444577032478e-70
0
0
DERIV 35
-6.101835356135042924e-56
3.227887232687384286e-72
0
0
AT 36
8.582234471901206660e-15
7.699154697825617313e-32
0
0
DERIV 1
-8.350282188876849894e-15
9.565382569056411528e-32
0
0
DERIV 2
4.059164952926246564e-15
-1.3414959917969220732e-31
0
0
DERIV 3
-1.3143962704713559287e-15
-5.798605569880118373e-32
0
0
DERIV 4
3.189343891584908000e-16
-9.131645461938295365e-33
0
0
DERIV 5
-6.185394213982852111e-17
4.086770640899715030e-33
0
0
DERIV 6
9.986834407993145803e-18
1.7472646617253566748e-34
0
0
DERIV 7
-1.3806683513354579504e-18
-1.8830580730616259958e-35
0
0
DERIV 8
1.6683075911970115938e-19
1.1905011560218977856e-35
0
0
DERIV 9
-1.7897552702496678004e-20
6.252432570927313485e-37
0
0
DERIV 10
1.7258354391693223929e-21
6.867720898484616400e-38
0
0
DERIV 11
-1.5108323709899791801e-22
-7.911935090911442102e-39
0
0
DERIV 12
1.2106028613701756176e-23
7.093213599013839789e-40
0
0
DERIV 13
-8.939836514733605301e-25
2.1652884171570712675e-41
0
0
DERIV 14
6.119530947585503410e-26
7.043679563029859768e-43
0
0
DERIV 15
-3.902309589764669003e-27
1.1729321864524696820e-43
0
0
DERIV 16
2.328082425711876231e-28
9.308411699784842414e-45
0
0
DERIV 17
-1.3042478575416675031e-29
9.465473155792289836e-46
0
0
DERIV 18
6.883530359247688996e-31
1.0377020002859205984e-47
0
0
DERIV 19
-3.432231204057019526e-32
3.0138513785886534479e-49
0
0
DERIV 20
1.6207758463602593575e-33
-1.5107762911116683720e-49
0
0
DERIV 21
-7.263981384247660647e-35
3.386981559711475886e-51
0
0
DERIV 22
3.095446612605537117e-36
-5.321462180274372648e-53
0
0
DERIV 23
-1.2561232630863048788e-37
-1.6536135522031604676e-54
0
0
DERIV 24
4.860000720274394094e-39
-1.5353105316351902324e-55
0
0
DERIV 25
-1.7944618044090069696e-40
-2.3623050745759434605e-57
0
0
DERIV 26
6.326628156570216651e-42
3.1203805589445270434e-58
0
0
DERIV 27
-2.1301778304950224308e-43
-1.1579121014043830357e-59
0
0
DERIV 28
6.847000169448286171e-45
5.855465564066479791e-61
0
0
DERIV 29
-2.0986973699458351145e-46
9.322610240614931874e-63
0
0
DERIV 30
6.121200662342018274e-48
5.383789822869006333e-64
0
0
DERIV 31
-1.6924978789885765521e-49
-7.797197782987633076e-66
0
0
DERIV 32
4.407546559866085068e-51
-9.368446645635741638e-68
0
0
DERIV 33
-1.0684961357251115945e-52
8.565549018290349284e-69
0
0
DERIV 34
2.3569767699818635899e-54
3.2651859701943015694e-71
0
0
DERIV 35
-4.489479561870216664e-56
2.396619508143322684e-72
0
0
AT 37
3.2425580977827450293e-15
-2.746297602161684961e-32
0
0
DERIV 1
-3.1572276215253042357e-15
-1.0819646766149349521e-31
0
0
DERIV 2
1.5359485726339319183e-15
-7.528727063295102039e-32
0
0
DERIV 3
-4.977611115017371738e-16
2.4858495971319470469e-33
0
0
DERIV 4
1.2088484136470759372e-16
5.031014420846611509e-33
0
0
DERIV 5
-2.3465880970796180646e-17
-2.878055015834955371e-34
0
0
DERIV 6
3.792465611441807246e-18
-2.258397090513673976e-34
0
0
DERIV 7
-5.248501515834643440e-19
-2.0332806632727793140e-35
0
0
DERIV 8
6.348993769154810807e-20
5.181520680847773986e-37
0
0
DERIV 9
-6.819289603907019238e-21
1.6725518810237991565e-37
0
0
DERIV 10
6.584141686530914834e-22
1.3035910548461491965e-38
0
0
DERIV 11
-5.771812517413464349e-23
-6.847735802265771595e-40
0
0
DERIV 12
4.631701402862656794e-24
-1.6273317272668594282e-40
0
0
DERIV 13
-3.425814647087763792e-25
1.1683712184837277175e-42
0
0
DERIV 14
2.3491300437173236939e-26
4.118589887217830080e-43
0
0
DERIV 15
-1.5008330834860679634e-27
2.1517774413950952346e-44
0
0
DERIV 16
8.972371694753666588e-29
4.562509250260864116e-45
0
0
DERIV 17
-5.037962716305534891e-30
-8.008466960484425340e-47
0
0
DERIV 18
2.665588738785997396e-31
-5.725651404169472728e-48
0
0
DERIV 19
-1.3327943693929985340e-32
-1.3558640676721713078e-48
0
0
DERIV 20
6.313236486598414685e-34
6.605959771115309513e-51
0
0
DERIV 21
-2.839286250586588584e-35
-6.082088977593038477e-52
0
0
DERIV 22
1.2146679146894497651e-36
-7.760359874916570471e-53
0
0
DERIV 23
-4.951092043571126715e-38
2.709255942545444043e-54
0
0
DERIV 24
1.9254246836109935556e-39
6.139782752763946817e-56
0
0
DERIV 25
-7.151577396269404926e-41
6.325916150441610038e-58
0
0
DERIV 26
2.5390215608057060116e-42
-1.4311908966130387140e-58
0
0
DERIV 27
-8.620134928661346747e-44
-3.376910385408996663e-60
0
0
DERIV 28
2.7987451067082295885e-45
-1.5628541781328283787e-62
0
0
DERIV 29
-8.685760675991057733e-47
4.374408259118229353e-63
0
0
DERIV 30
2.5735587188121651551e-48
-3.057684185513422724e-65
0
0
DERIV 31
-7.264077028905305057e-50
2.700907841864556410e-66
0
0
DERIV 32
1.9457349184567779283e-51
1.3960889141790917536e-67
0
0
DERIV 33
-4.913472016304994665e-53
-4.555812097865424495e-69
0
0
DERIV 34
1.1561110626599989016e-54
-4.962747539178907679e-71
0
0
DERIV 35
-2.477380848557140296e-56
-1.0064236024791969781e-72
0
0
AT 38
1.2242617888987316100e-15
-5.479474212861347615e-32
0
0
DERIV 1
-1.1928704609782513325e-15
7.361695143867497149e-32
0
0
DERIV 2
5.807395665288855275e-16
-4.621958037436823341e-32
0
0
DERIV 3
-1.8834796752288178805e-16
1.0326260580414121178e-32
0
0
DERIV 4
4.577901988403376673e-17
-1.3114985923430409668e-33
0
0
DERIV 5
-8.894209577469417290e-18
8.286407916510340918e-36
0
0
DERIV 6
1.4387691963553468465e-18
6.663354969776106695e-35
0
0
DERIV 7
-1.9931001854273205164e-19
1.1716993051708121507e-35
0
0
DERIV 8
2.4135197557908957779e-20
1.7981768976303067733e-37
0
0
DERIV 9
-2.5951825331084901930e-21
8.987198165026083170e-38
0
0
DERIV 10
2.508676448671540288e-22
1.4508796963367926253e-38
0
0
DERIV 11
-2.2019730583950824387e-23
-7.299714677994185804e-40
0
0
DERIV 12
1.7694426362103343387e-24
-1.7748999717238125794e-40
0
0
DERIV 13
-1.3106982490446918731e-25
-9.811466841543635824e-42
0
0
DERIV 14
9.002048413768488849e-27
-3.571610413670165142e-44
0
0
DERIV 15
-5.761310984811832971e-28
1.3047802870763501533e-44
0
0
DERIV 16
3.450785225277920486e-29
2.2546376465903313163e-45
0
0
DERIV 17
-1.9416182853226151066e-30
-1.2775537811014960601e-46
0
0
DERIV 18
1.0296460603983566485e-31
-8.485446179514221434e-48
0
0
DERIV 19
-5.161133134828854786e-33
-1.6971957678352251608e-49
0
0
DERIV 20
2.451538239043706143e-34
-3.912306003995716696e-51
0
0
DERIV 21
-1.1059571003204688835e-35
-3.560483367929991518e-52
0
0
DERIV 22
4.747795632688881731e-37
-7.449355075454026203e-55
0
0
DERIV 23
-1.9428319724558082834e-38
-9.441401862158245939e-55
0
0
DERIV 24
7.589187392405500699e-40
7.766362894904641970e-56
0
0
DERIV 25
-2.833296626498054025e-41
1.4099776783096258806e-57
0
0
DERIV 26
1.0118916523207334894e-42
4.067747783936777850e-59
0
0
DERIV 27
-3.459458640412764198e-44
-7.161651680781891500e-62
0
0
DERIV 28
1.1325608644208453998e-45
2.456964291166481435e-62
0
0
DERIV 29
-3.550347537369421530e-47
1.3634666673962828143e-63
0
0
DERIV 30
1.0651042612108264892e-48
-7.128981680831983637e-65
0
0
DERIV 31
-3.054062397737136735e-50
5.296264149829666153e-67
0
0
DERIV 32
8.350951868812483446e-52
-3.302800303812760057e-68
0
0
DERIV 33
-2.169078407483761844e-53
-4.534557466407730288e-71
0
0
DERIV 34
5.316368645793533987e-55
-4.570583572399179847e-72
0
0
DERIV 35
-1.2151699761813792916e-56
1.0488484427324811966e-72
0
0
AT 39
4.619289669206314448e-16
-5.322781225939244131e-33
0
0
DERIV 1
-4.503807427476156463e-16
-7.136239948787546501e-33
0
0
DERIV 2
2.1941625928729992394e-16
9.797630561757168566e-33
0
0
DERIV 3
-7.121404906693067491e-17
-5.342380383040187961e-33
0
0
DERIV 4
1.7322336259523679179e-17
-1.996042959727216720e-34
0
0
DERIV 5
-3.3682320504629376181e-18
3.881194643914032392e-35
0
0
DERIV 6
5.453328081701899386e-19
-4.480243783503410370e-35
0
0
DERIV 7
-7.561337256141287911e-20
-5.319200513427250898e-36
0
0
DERIV 8
9.165257280171259169e-21
-4.495268001076263101e-37
0
0
DERIV 9
-9.865381100184341048e-22
6.591210593458999681e-39
0
0
DERIV 10
9.547143000178394184e-23
3.154058171027475989e-39
0
0
DERIV 11
-8.389913545611315665e-24
-7.135325604106879527e-40
0
0
DERIV 12
6.750505151641289342e-25
-3.020250871538454026e-41
0
0
DERIV 13
-5.007242832261395549e-26
-1.6702814701469263801e-42
0
0
DERIV 14
3.444135281449637507e-27
-2.4194726655616270590e-43
0
0
DERIV 15
-2.207779026570280235e-28
-6.336443587668769344e-45
0
0
DERIV 16
1.3246674159421681858e-29
-6.822889332381533551e-47
0
0
DERIV 17
-7.467487883987712829e-31
5.563514163260199124e-48
0
0
DERIV 18
3.968230276515209830e-32
-1.4327198416687020637e-48
0
0
DERIV 19
-1.9936085121248660809e-33
-2.950958086971432549e-50
0
0
DERIV 20
9.493373867261267612e-35
-4.194860303540108598e-51
0
0
DERIV 21
-4.294621511380096750e-36
-3.1296682459528901641e-52
0
0
DERIV 22
1.8493585455703767988e-37
-7.304025036087161686e-54
0
0
DERIV 23
-7.593984365868696458e-39
-2.4227547846779589980e-55
0
0
DERIV 24
2.9780330846543907118e-40
1.5098686811971123036e-56
0
0
DERIV 25
-1.1167624067453965934e-41
1.9848336189465998621e-58
0
0
DERIV 26
4.008890690880910836e-43
-5.899588444065395762e-60
0
0
DERIV 27
-1.3787190206733291958e-44
9.272680476157152567e-61
0
0
DERIV 28
4.545227540681304896e-46
-1.6037509849468716109e-62
0
0
DERIV 29
-1.4367098548130560503e-47
-4.430605698052220210e-64
0
0
DERIV 30
4.353666226706230478e-49
1.1124122055731626077e-65
0
0
DERIV 31
-1.2639676142050346504e-50
-3.689046778071752404e-67
0
0
DERIV 32
3.511021150569540943e-52
-1.4480688843272385895e-68
0
0
DERIV 33
-9.309525778025297779e-54
2.0833236749740126494e-70
0
0
DERIV 34
2.3469392717710832545e-55
1.6664188842099911475e-71
0
0
DERIV 35
-5.587950647074007749e-57
-3.967664010023788207e-73
0
0
AT 40
1.7418252446695514063e-16
8.180850940104344577e-33
0
0
DERIV 1
-1.6993417021166355484e-16
-4.974988321058309459e-33
0
0
DERIV 2
8.284290797818598452e-17
8.845628510061371702e-34
0
0
DERIV 3
-2.6906243616846729516e-17
-7.877064841675657156e-34
0
0
DERIV 4
6.549546143574533228e-18
-1.934416473366581624e-34
0
0
DERIV 5
-1.2745062765874766228e-18
-7.583101129568204313e-35
0
0
DERIV 6
2.0651722074334114172e-19
-1.0003423451940825386e-35
0
0
DERIV 7
-2.865953267458611861e-20
2.3708475118954798358e-36
0
0
DERIV 8
3.477075655372580478e-21
-1.991317778959940518e-37
0
0
DERIV 9
-3.746344140468773582e-22
2.1771907207870683998e-38
0
0
DERIV 10
3.629270886079124202e-23
-5.203839682346930402e-41
0
0
DERIV 11
-3.1929069378995228058e-24
5.197712383727429360e-41
0
0
DERIV 12
2.572063922196837857e-25
-8.268623693913371037e-42
0
0
DERIV 13
-1.9102862021621075846e-26
-4.592272984524519002e-43
0
0
DERIV 14
1.3157583535300230629e-27
4.993312549887567792e-44
0
0
DERIV 15
-8.446843751056938749e-29
2.4688104161035368518e-45
0
0
DERIV 16
5.076228215779410441e-30
-2.8310624753745456004e-46
0
0
DERIV 17
-2.866575933616608202e-31
1.1350527001040319906e-47
0
0
DERIV 18
1.5261862609532867136e-32
3.891993141147805482e-51
0
0
DERIV 19
-7.683317560863228303e-34
-5.873702300941698917e-52
0
0
DERIV 20
3.667037926775631739e-35
-4.579236408531774518e-52
0
0
DERIV 21
-1.6630557491045947579e-36
-1.1408286163829433740e-52
0
0
DERIV 22
7.181377098406205073e-38
5.602834903382428164e-55
0
0
DERIV 23
-2.958004296826354246e-39
-2.6945681132280096008e-55
0
0
DERIV 24
1.1640294686585192132e-40
-7.522221224793085360e-57
0
0
DERIV 25
-4.382228587890895559e-42
-1.9685380759559476543e-59
0
0
DERIV 26
1.5801305004414286717e-43
2.2416285477076276040e-60
0
0
DERIV 27
-5.462179507698765780e-45
-7.595184725955721010e-62
0
0
DERIV 28
1.8114370816347947582e-46
4.106315158572341862e-63
0
0
DERIV 29
-5.765847474699611514e-48
-5.788353401470197474e-64
0
0
DERIV 30
1.7617867283804370120e-49
1.6496765338757207179e-66
0
0
DERIV 31
-5.166529995250548356e-51
-1.1451243030773234593e-67
0
0
DERIV 32
1.4530865611642167622e-52
-4.885440482824492337e-70
0
0
DERIV 33
-3.914037875189809445e-54
-2.451701353870985297e-72
0
0
DERIV 34
1.0072891590562009068e-55
5.389965301799157676e-72
0
0
DERIV 35
-2.4668305936070226971e-57
-6.385054493554365439e-74
0
0
AT 41
6.564105195206952935e-17
-1.0918553464174517922e-33
0
0
DERIV 1
-6.407816976273453439e-17
-5.097117031488785188e-33
0
0
DERIV 2
3.125764378669977588e-17
-5.199311173416437309e-34
0
0
DERIV 3
-1.0158734230677427162e-17
1.6897761313603422324e-34
0
0
DERIV 4
2.4745634664470655906e-18
-4.116121345621346025e-35
0
0
DERIV 5
-4.818886750449548589e-19
-1.1243694718188684791e-35
0
0
DERIV 6
7.814410946674944211e-20
-3.707240223838154144e-36
0
0
DERIV 7
-1.0853348537048532791e-20
-3.210126183849941477e-37
0
0
DERIV 8
1.3179066080701790623e-21
-4.162522325249328097e-38
0
0
DERIV 9
-1.4212718322325459047e-22
-9.801328816100102047e-39
0
0
DERIV 10
1.3782029888315598379e-23
-7.771886001018368708e-40
0
0
DERIV 11
-1.2137583140277941504e-24
4.339954253406189724e-41
0
0
DERIV 12
9.788373500224146263e-26
-2.3890498476099365594e-42
0
0
DERIV 13
-7.278534141192314131e-27
4.204815410092733468e-43
0
0
DERIV 14
5.019678718063664516e-28
1.1204042768955211739e-44
0
0
DERIV 15
-3.226936318755212967e-29
-7.966630859863293610e-47
0
0
DERIV 16
1.9421375992508224504e-30
1.7346954668623829613e-46
0
0
DERIV 17
-1.0984941172233158785e-31
-8.523667796434390794e-48
0
0
DERIV 18
5.858635291857685059e-33
8.055110384813167369e-50
0
0
DERIV 19
-2.955013414752779670e-34
-1.1565382055756663386e-50
0
0
DERIV 20
1.4132672853165468776e-35
-2.3708172901280869797e-52
0
0
DERIV 21
-6.423942205984303913e-37
3.183360665093020840e-54
0
0
DERIV 22
2.780927361897967012e-38
3.593582337049516212e-55
0
0
DERIV 23
-1.1486439103491603217e-39
1.9202009310439951500e-56
0
0
DERIV 24
4.534120698746685320e-41
8.518872479427958093e-58
0
0
DERIV 25
-1.7128900417487479786e-42
1.5898862219138864820e-58
0
0
DERIV 26
6.200506938457005626e-44
5.522463561528800799e-61
0
0
DERIV 27
-2.1529537980753490721e-45
-1.2289214199743848143e-61
0
0
DERIV 28
7.176512660251164028e-47
-4.412105735257999874e-64
0
0
DERIV 29
-2.2978981424449538807e-48
-1.0412279080474419226e-64
0
0
DERIV 30
7.070455822907550709e-50
1.3597936843896328551e-67
0
0
DERIV 31
-2.0907261841930929899e-51
3.426768431669651066e-68
0
0
DERIV 32
5.939563023275832189e-53
7.124890367699497356e-70
0
0
DERIV 33
-1.6198808245297725522e-54
1.1755620797143453854e-70
0
0
DERIV 34
4.234982547790255121e-56
-3.901989143720994309e-72
0
0
DERIV 35
-1.0587456369475636388e-57
-4.394525701364252144e-74
0
0
AT 42
2.4722945736462305631e-17
1.5380029827469152023e-33
0
0
DERIV 1
-2.4147993510032952337e-17
1.1492773821477656069e-33
0
0
DERIV 2
1.1786520641801797981e-17
-3.775349180114345684e-34
0
0
DERIV 3
-3.833014842862373521e-18
3.169343742346268773e-34
0
0
DERIV 4
9.342973679477035314e-19
-6.280827913678604018e-35
0
0
DERIV 5
-1.8206820503596272204e-19
-5.167881639921199360e-36
0
0
DERIV 6
2.954615608039746192e-20
-1.8010591532628369346e-36
0
0
DERIV 7
-4.106801617352542461e-21
-2.579816130294751550e-37
0
0
DERIV 8
4.990904743310381750e-22
2.6176257855650235673e-39
0
0
DERIV 9
-5.387008294366761452e-23
1.6952785054812748299e-39
0
0
DERIV 10
5.228566873944209636e-24
-1.5589839648184221009e-40
0
0
DERIV 11
-4.609204957746961772e-25
2.462169427606769487e-41
0
0
DERIV 12
3.720972752347807321e-26
1.5996352078431502172e-42
0
0
DERIV 13
-2.7699549024921644158e-27
3.758771060378275821e-44
0
0
DERIV 14
1.9125879088636373198e-28
-1.1006235606956713826e-45
0
0
DERIV 15
-1.2310910677742952666e-29
-1.2565918764214951346e-46
0
0
DERIV 16
7.419522060246869076e-31
-2.0577875251306509833e-47
0
0
DERIV 17
-4.202779380531995695e-32
2.5609192708222674687e-48
0
0
DERIV 18
2.2450744554123905584e-33
1.6729998613767636992e-49
0
0
DERIV 19
-1.1343534090504711126e-34
9.100648637666958192e-52
0
0
DERIV 20
5.435443418366840391e-36
3.1276135329013856517e-52
0
0
DERIV 21
-2.475771329276821824e-37
-2.919119060896657615e-54
0
0
DERIV 22
1.0741983040250672814e-38
5.149385722255936718e-55
0
0
DERIV 23
-4.448026103623467156e-40
-6.123817635638784589e-57
0
0
DERIV 24
1.7606769993509556641e-41
1.0920501340146764047e-57
0
0
DERIV 25
-6.672039155435201147e-43
3.223466323598558136e-59
0
0
DERIV 26
2.423603966717914696e-44
1.3395641227530527657e-60
0
0
DERIV 27
-8.448292694441533085e-46
-9.072240888854409849e-63
0
0
DERIV 28
2.828669428942477422e-47
2.0400904532711135414e-63
0
0
DERIV 29
-9.103763679355099835e-49
-5.692652700572797623e-65
0
0
DERIV 30
2.817831615038483237e-50
2.2141814428325229764e-66
0
0
DERIV 31
-8.390565603092258036e-52
-4.015980171728410694e-68
0
0
DERIV 32
2.403547438385803006e-53
1.9231622680862472306e-69
0
0
DERIV 33
-6.621342805470532451e-55
2.2459368742450430565e-71
0
0
DERIV 34
1.7527083896833762716e-56
-9.407592550200033260e-73
0
0
DERIV 35
-4.451322894433971090e-58
-1.5411864128328155696e-74
0
0
AT 43
9.306576565400754620e-18
-4.791173192275708042e-34
0
0
DERIV 1
-9.095063461641646526e-18
4.332113811653581061e-34
0
0
DERIV 2
4.441775178941269216e-18
-1.936527215515726612e-34
0
0
DERIV 3
-1.4453395423539049277e-18
-7.149541211899361235e-35
0
0
DERIV 4
3.525218395985133947e-19
1.9786600449007267291e-35
0
0
DERIV 5
-6.874175872171011148e-20
-4.339869573653226299e-36
0
0
DERIV 6
1.1163191587286257638e-20
4.861432891069941766e-37
0
0
DERIV 7
-1.5527747696601185309e-21
-8.034859183205629267e-38
0
0
DERIV 8
1.8885098549920361019e-22
4.688907219261818851e-39
0
0
DERIV 9
-2.0400569421210266134e-23
-9.056053434093063808e-40
0
0
DERIV 10
1.9817696009175686283e-24
1.6983787564917050313e-40
0
0
DERIV 11
-1.7486202361037371195e-25
-5.532040893957125932e-42
0
0
DERIV 12
1.4130264534171612333e-26
1.2007340179800490764e-42
0
0
DERIV 13
-1.0529764436522115512e-27
-3.428817432183586556e-44
0
0
DERIV 14
7.278639011420817396e-29
1.4873706497604119612e-46
0
0
DERIV 15
-4.690678474026748808e-30
-1.9019707958921018827e-46
0
0
DERIV 16
2.830581837774762212e-31
1.1477409975210959302e-47
0
0
DERIV 17
-1.6055821348722390697e-32
-6.510295574174283478e-49
0
0
DERIV 18
8.589534054872061437e-34
-2.219023872712499365e-50
0
0
DERIV 19
-4.346930189712581504e-35
-8.247759665082300334e-52
0
0
DERIV 20
2.0865264910620390417e-36
1.1977218769516090090e-52
0
0
DERIV 21
-9.521847082227560610e-38
9.449187361399998726e-54
0
0
DERIV 22
4.139933514011982505e-39
-4.201267621747464567e-56
0
0
DERIV 23
-1.7181542251828384763e-40
-9.540267211327552401e-57
0
0
DERIV 24
6.818072322154120796e-42
5.201902020739779905e-58
0
0
DERIV 25
-2.5908674824185661988e-43
9.864281868252448891e-60
0
0
DERIV 26
9.440407830674936821e-45
3.863267830381285345e-61
0
0
DERIV 27
-3.3022002699891756792e-46
1.1295343187670322009e-62
0
0
DERIV 28
1.1099832840299749243e-47
5.599868321292949783e-64
0
0
DERIV 29
-3.588308030269315462e-49
-2.072248955473422122e-65
0
0
DERIV 30
1.1163624983060092558e-50
6.341490442075538364e-67
0
0
DERIV 31
-3.343942967276064646e-52
-1.3525450779396887857e-68
0
0
DERIV 32
9.645989328680956155e-54
-5.566081293655867382e-71
0
0
DERIV 33
-2.6794414801891544473e-55
-2.478612564574131280e-72
0
0
DERIV 34
7.164282032591321743e-57
3.749893954566360711e-73
0
0
DERIV 35
-1.8422439512377685634e-58
1.8791500876579874118e-75
0
0
AT 44
3.501509508510208523e-18
-9.061869791960979619e-35
0
0
DERIV 1
-3.4236981860988703158e-18
-1.5106633289123754560e-34
0
0
DERIV 2
1.6729434318437662471e-18
3.782687412318863072e-36
0
0
DERIV 3
-5.446792568793657146e-19
-4.154173427258084310e-35
0
0
DERIV 4
1.3292767578603570212e-19
-1.1643189221190079977e-35
0
0
DERIV 5
-2.5937107470445989703e-20
1.3176844335159735096e-36
0
0
DERIV 6
4.214779963947473364e-21
-2.517395396726588747e-37
0
0
DERIV 7
-5.866726689743735874e-22
4.055214387037936204e-38
0
0
DERIV 8
7.140423931595993887e-23
-6.048541127732709831e-40
0
0
DERIV 9
-7.719377223347020577e-24
2.2424022176228438836e-40
0
0
DERIV 10
7.504950078254047681e-25
-1.1597188653778624512e-41
0
0
DERIV 11
-6.627748121055522490e-26
-3.4740178877915914660e-43
0
0
DERIV 12
5.360678627324319957e-27
-2.6732801391581180090e-43
0
0
DERIV 13
-3.998641400335157013e-28
1.3459954060805454917e-44
0
0
DERIV 14
2.766917040410487891e-29
1.2706596941957635896e-45
0
0
DERIV 15
-1.7851077680067665735e-30
1.1013545435448211318e-46
0
0
DERIV 16
1.0785026098374213036e-31
1.0132370819974410603e-47
0
0
DERIV 17
-6.125369792180081055e-33
5.324299176610192834e-50
0
0
DERIV 18
3.281448102953614668e-34
1.5475226310305308850e-50
0
0
DERIV 19
-1.6631120989628456686e-35
-5.029758084268216118e-52
0
0
DERIV 20
7.995731245013681228e-37
1.1331698914307789484e-53
0
0
DERIV 21
-3.655191426291968764e-38
1.5104169813980423891e-54
0
0
DERIV 22
1.5922235379680924738e-39
-8.556832901695570046e-56
0
0
DERIV 23
-6.621723598355015360e-41
-2.4355139915784641304e-57
0
0
DERIV 24
2.6336400675275628693e-42
1.5479764870623263505e-58
0
0
DERIV 25
-1.0032914542962145402e-43
5.482174652613415903e-60
0
0
DERIV 26
3.665872621466937303e-45
2.4008777658775982781e-61
0
0
DERIV 27
-1.2862710952515571018e-46
6.928701232871989288e-63
0
0
DERIV 28
4.338612821285013523e-48
2.7754723291689301182e-64
0
0
DERIV 29
-1.4080690697882398554e-49
8.250046599453329848e-66
0
0
DERIV 30
4.400215843088249548e-51
-2.5781395623291655776e-67
0
0
DERIV 31
-1.3247961678115159818e-52
6.645390378848586722e-69
0
0
DERIV 32
3.844274594095916911e-54
-1.9283498867194559456e-70
0
0
DERIV 33
-1.0753215647820746441e-55
3.747498591876138752e-72
0
0
DERIV 34
2.899151277598730569e-57
-1.2254333812084991789e-74
0
0
DERIV 35
-7.530263058698001570e-59
1.2370929925649828614e-75
0
0
AT 45
1.3167585470527211426e-18
-6.611685445432794735e-35
0
0
DERIV 1
-1.2881333612472271879e-18
4.793231462369268161e-35
0
0
DERIV 2
6.297540877208666167e-19
-1.4873887396528705256e-35
0
0
DERIV 3
-2.0514716493937320509e-19
-6.097502274543124815e-36
0
0
DERIV 4
5.009407515961439051e-20
-1.7302893225611571945e-36
0
0
DERIV 5
-9.780271816877094444e-21
-5.076419263009088248e-37
0
0
DERIV 6
1.5902881003052186149e-21
7.642700928042205473e-38
0
0
DERIV 7
-2.215044139710840536e-22
2.1596940187066813987e-38
0
0
DERIV 8
2.697810170160639024e-23
-1.7261701375358652008e-39
0
0
DERIV 9
-2.9186835174252526830e-24
1.2445163736892704190e-40
0
0
DERIV 10
2.839800179116461986e-25
-3.669870475431547181e-42
0
0
DERIV 11
-2.5099244007342465682e-26
-1.0381011951719551407e-42
0
0
DERIV 12
2.0318435624991519974e-27
7.037076696660005871e-44
0
0
DERIV 13
-1.5169872751690502251e-28
3.876706487234550605e-45
0
0
DERIV 14
1.0507271170002079845e-29
-6.324900937456356229e-46
0
0
DERIV 15
-6.785945963959676275e-31
1.1654600547638612152e-47
0
0
DERIV 16
4.104402800782062440e-32
-2.4706644286938891518e-48
0
0
DERIV 17
-2.3338761024054864517e-33
1.0694818487751516483e-49
0
0
DERIV 18
1.2518875645086900622e-34
-6.883617761745357433e-51
0
0
DERIV 19
-6.353564707092975739e-36
2.0868471369275033950e-52
0
0
DERIV 20
3.059123747859581001e-37
-1.9018867764914097564e-53
0
0
DERIV 21
-1.4006976867488923845e-38
7.178531079349292169e-55
0
0
DERIV 22
6.112135360358802474e-40
3.452175492173365772e-56
0
0
DERIV 23
-2.546723066816167697e-41
-1.4384064550722356442e-57
0
0
DERIV 24
1.0149983237310813910e-42
-5.010585632014102803e-60
0
0
DERIV 25
-3.875448145155037861e-44
-1.5828118132660562191e-60
0
0
DERIV 26
1.4195780751483655727e-45
2.1308816919441897405e-63
0
0
DERIV 27
-4.994811745892397846e-47
4.534665479625031882e-63
0
0
DERIV 28
1.6899738989861494942e-48
-3.571233940122842612e-67
0
0
DERIV 29
-5.503746414322708837e-50
-2.425929080907287879e-66
0
0
DERIV 30
1.7266655417483009466e-51
-5.887843306321948043e-68
0
0
DERIV 31
-5.221770791577523024e-53
1.7805977740892990110e-69
0
0
DERIV 32
1.5230164808767775486e-54
-5.193410174427121847e-71
0
0
DERIV 33
-4.285544210259330710e-56
9.125201481999522089e-73
0
0
DERIV 34
1.1634961656812662407e-57
-9.408331378460161304e-75
0
0
DERIV 35
-3.047251862498554566e-59
1.5097567647334869006e-75
0
0
AT 46
4.949390158050291969e-19
-1.5145818453168751976e-35
0
0
DERIV 1
-4.844083984474753822e-19
1.2774705353753210122e-35
0
0
DERIV 2
2.369388905449607837e-19
-5.201796127168832798e-36
0
0
DERIV 3
-7.722452728872795878e-20
1.3387465258203537344e-36
0
0
DERIV 4
1.8867356098950579745e-20
7.671982603889112618e-37
0
0
DERIV 5
-3.685716075143834109e-21
-2.233533535413293821e-37
0
0
DERIV 6
5.996601550829253908e-22
3.633923609204168277e-38
0
0
DERIV 7
-8.357632823455406647e-23
-2.686896226569235701e-41
0
0
DERIV 8
1.0185865003586276447e-23
4.073508378712925638e-40
0
0
DERIV 9
-1.1027432197614771966e-24
-6.974134034926569455e-41
0
0
DERIV 10
1.0737236613467016331e-25
-8.434754381659515151e-42
0
0
DERIV 11
-9.497310026653870543e-27
-6.500761050069485731e-43
0
0
DERIV 12
7.694579882705682751e-28
-7.120531525907009753e-45
0
0
DERIV 13
-5.749795956307542679e-29
-4.223091773706987609e-45
0
0
DERIV 14
3.986203078952708195e-30
2.5745051882443861612e-46
0
0
DERIV 15
-2.576939364171448030e-31
1.4142836761919899915e-47
0
0
DERIV 16
1.5602562556506814586e-32
-1.1984184524611699401e-48
0
0
DERIV 17
-8.881914168789457321e-34
-1.5648744535740295288e-51
0
0
DERIV 18
4.769916868423967741e-35
8.759698384599965382e-52
0
0
DERIV 19
-2.4239141981101831580e-36
-1.3061475332307871662e-52
0
0
DERIV 20
1.1686729169459811297e-37
9.877092629093342840e-54
0
0
DERIV 21
-5.358993975413670584e-39
4.770076896209680145e-56
0
0
DERIV 22
2.3422176465968841162e-40
-1.4063092509529495511e-56
0
0
DERIV 23
-9.776212785795690242e-42
6.047130581912270742e-58
0
0
DERIV 24
3.903696077661473623e-43
-3.299703898267720276e-59
0
0
DERIV 25
-1.4935880644965637615e-44
6.694149919862746145e-61
0
0
DERIV 26
5.483452684340531319e-46
-2.729627386569415063e-62
0
0
DERIV 27
-1.9341984777215277941e-47
8.813739608439282378e-64
0
0
DERIV 28
6.562459120840897786e-49
-2.122209744679574897e-65
0
0
DERIV 29
-2.143816046735683255e-50
-1.6332194040567139474e-66
0
0
DERIV 30
6.749050517501226050e-52
-4.749599759432357894e-68
0
0
DERIV 31
-2.0490475954462925103e-53
1.1560710847011399244e-69
0
0
DERIV 32
6.003069127284059410e-55
3.4048323031596633530e-71
0
0
DERIV 33
-1.6978377329692289171e-56
-1.0315865030059656580e-72
0
0
DERIV 34
4.636951791722684374e-58
-7.497423810341452729e-75
0
0
DERIV 35
-1.2229323406741145023e-59
-3.804904464578015949e-76
0
0
AT 47
1.8595188617698498965e-19
-8.233590224243968027e-36
0
0
DERIV 1
-1.8207788854829779836e-19
4.049703043765476803e-36
0
0
DERIV 2
8.910194545980530353e-20
6.709206835650687605e-38
0
0
DERIV 3
-2.905498221515390463e-20
1.2864984725381199624e-36
0
0
DERIV 4
7.102328985926509353e-21
3.542482707362497859e-37
0
0
DERIV 5
-1.3881824836129087351e-21
1.9670683436473284859e-38
0
0
DERIV 6
2.259831950067525968e-22
-1.5230518567839989711e-38
0
0
DERIV 7
-3.151466324924100372e-23
-2.5540038407504654337e-39
0
0
DERIV 8
3.843251615761098570e-24
-2.4402887422998763943e-40
0
0
DERIV 9
-4.163522583741190240e-25
3.868119419598082112e-41
0
0
DERIV 10
4.056765594414492619e-26
5.873623063476056271e-43
0
0
DERIV 11
-3.590916913716177440e-27
-2.8885777423491790917e-43
0
0
DERIV 12
2.911554254364468522e-28
-9.301312174915898996e-45
0
0
DERIV 13
-2.1774444209990681810e-29
-8.853411603449722041e-46
0
0
DERIV 14
1.5108798023258840376e-30
6.786636938053039503e-47
0
0
DERIV 15
-9.776281073873367727e-32
-1.4109142657853228907e-49
0
0
DERIV 16
5.925018832650526123e-33
-2.1952492637765326756e-49
0
0
DERIV 17
-3.376389408311880506e-34
-6.356881928394814825e-51
0
0
DERIV 18
1.8152631227483228443e-35
4.279860620672114428e-52
0
0
DERIV 19
-9.235549221000239249e-37
-8.782283468899415377e-56
0
0
DERIV 20
4.458541003241494994e-38
-1.8318459479414955204e-54
0
0
DERIV 21
-2.0472892361823190432e-39
-2.4447861496056357439e-57
0
0
DERIV 22
8.961198676892305243e-41
3.436948412040066199e-57
0
0
DERIV 23
-3.746320517095445470e-42
-9.417856153722506142e-60
0
0
DERIV 24
1.4985282068381781163e-43
7.545627846244935537e-60
0
0
DERIV 25
-5.744358126213016030e-45
-3.722226044775377673e-61
0
0
DERIV 26
2.1133090096435847046e-46
-7.509191187518805293e-63
0
0
DERIV 27
-7.471294478537925478e-48
1.993450229465388712e-65
0
0
DERIV 28
2.5412566253530359517e-49
-8.171145374023170381e-66
0
0
DERIV 29
-8.324806186501324391e-51
-1.0642913054269545139e-68
0
0
DERIV 30
2.6288861641583129890e-52
-2.0065645250361753639e-69
0
0
DERIV 31
-8.009151396181239915e-54
-3.127800162196281040e-70
0
0
DERIV 32
2.3556327635827178139e-55
-9.977319925173388782e-72
0
0
DERIV 33
-6.692138532905448026e-57
-2.5269743449393935698e-74
0
0
DERIV 34
1.8370576364838484250e-58
5.965061048663127821e-75
0
0
DERIV 35
-4.873826382508169187e-60
-2.6203174303064645054e-76
0
0
AT 48
6.983304005430581562e-20
4.591865882642761485e-36
0
0
DERIV 1
-6.840787597156489043e-20
5.328018851631763360e-36
0
0
DERIV 2
3.349135594441197660e-20
-1.6054207167430320615e-36
0
0
DERIV 3
-1.0926257967680502162e-20
-3.192669204607818139e-37
0
0
DERIV 4
2.6721826551392531563e-21
1.6803245587126625153e-37
0
0
DERIV 5
-5.225601636716761920e-22
-1.3633817099154208094e-38
0
0
DERIV 6
8.511396605258362076e-23
3.645501240631677853e-39
0
0
DERIV 7
-1.1876367356174458642e-23
-5.770172865312973671e-40
0
0
DERIV 8
1.4491995881046214589e-24
5.291737200497545961e-41
0
0
DERIV 9
-1.5709480629860395163e-25
-6.296273025892949995e-42
0
0
DERIV 10
1.5316743614113886948e-26
-1.0506317478390281201e-42
0
0
DERIV 11
-1.3567278725788523219e-27
-4.198432935002836424e-44
0
0
DERIV 12
1.1008537562591564893e-28
3.406623214804932899e-45
0
0
DERIV 13
-8.239238092584123412e-30
-2.5496556285442325437e-46
0
0
DERIV 14
5.721693119850085703e-31
1.7705941864890505126e-47
0
0
DERIV 15
-3.705477449045770107e-32
2.0333594763918321074e-48
0
0
DERIV 16
2.2478080113696764675e-33
1.2820715153637859283e-49
0
0
DERIV 17
-1.2821721276974982624e-34
2.5966519569120357148e-51
0
0
DERIV 18
6.900579159483064010e-36
-5.852111507519512228e-52
0
0
DERIV 19
-3.514726227240948942e-37
-1.7059955006557592975e-53
0
0
DERIV 20
1.6987843431664587843e-38
-4.630955897014251698e-55
0
0
DERIV 21
-7.810502727202108340e-40
-7.996297325278514466e-56
0
0
DERIV 22
3.423434636923002377e-41
6.213689241181555643e-59
0
0
DERIV 23
-1.4333220702093086161e-42
4.998844601531089745e-59
0
0
DERIV 24
5.742476242825755699e-44
-2.2580454190641308151e-60
0
0
DERIV 25
-2.2051108772450901202e-45
1.8504696646704513158e-62
0
0
DERIV 26
8.127812528307223100e-47
3.152139501793435714e-64
0
0
DERIV 27
-2.879418287000948396e-48
-2.1765354869997725321e-64
0
0
DERIV 28
9.816198705685052557e-50
-4.665260698013246208e-66
0
0
DERIV 29
-3.223710576579655847e-51
-1.2455161475259338209e-68
0
0
DERIV 30
1.0208416825835575982e-52
9.049227798320529352e-69
0
0
DERIV 31
-3.119719912819021821e-54
2.1598689858808293059e-71
0
0
DERIV 32
9.207506687139473822e-56
2.381098360303798370e-72
0
0
DERIV 33
-2.626026862642274420e-57
1.7825585060115257296e-73
0
0
DERIV 34
7.240882893315094127e-59
2.887889355115317901e-75
0
0
DERIV 35
-1.9309021048840250454e-60
-1.3228186155567958982e-76
0
0
AT 49
2.6214428316817320053e-20
-3.669217273038588265e-37
0
0
DERIV 1
-2.5690139750480974133e-20
8.410657788545906508e-37
0
0
DERIV 2
1.2582925592072314107e-20
-6.576049152026612167e-37
0
0
DERIV 3
-4.106927102968047049e-21
2.982256469926757027e-37
0
0
DERIV 4
1.0048864188113305569e-21
3.107365019159458599e-38
0
0
DERIV 5
-1.9660821237612990792e-22
1.0275076800041581511e-38
0
0
DERIV 6
3.203985683166561584e-23
-2.8934881386372966925e-39
0
0
DERIV 7
-4.473096895329939807e-24
3.3717155461692765024e-40
0
0
DERIV 8
5.461339232670275261e-25
-3.262345760713733605e-41
0
0
DERIV 9
-5.923674829086806530e-26
3.842211989656401281e-42
0
0
DERIV 10
5.779194955206640150e-27
-7.367972444028599267e-45
0
0
DERIV 11
-5.122468255751340377e-28
2.511209802575388576e-44
0
0
DERIV 12
4.159269096550233611e-29
-1.7515706675287720241e-45
0
0
DERIV 13
-3.1152420358777053135e-30
1.0849742304446563265e-46
0
0
DERIV 14
2.165033075127362692e-31
-1.0103562298748287737e-49
0
0
DERIV 15
-1.4032621783232906842e-32
5.133839872555606428e-49
0
0
DERIV 16
8.519806082677122109e-34
-4.094442445171049671e-50
0
0
DERIV 17
-4.864249147549221459e-35
-2.730422344904152319e-51
0
0
DERIV 18
2.6204709212386380568e-36
-8.688594257215707420e-53
0
0
DERIV 19
-1.3360953710262792833e-37
5.529038482335391002e-54
0
0
DERIV 20
6.464977601740061133e-39
-3.517315971194353767e-55
0
0
DERIV 21
-2.9759420706422503963e-40
1.9557048045338328314e-56
0
0
DERIV 22
1.3060560811596081670e-41
7.158115917059948342e-58
0
0
DERIV 23
-5.475700961383450761e-43
7.095443619448637077e-60
0
0
DERIV 24
2.1970405091970636505e-44
-1.0222362769219139309e-60
0
0
DERIV 25
-8.450155804604091083e-46
5.128411695442196814e-62
0
0
DERIV 26
3.120057527853818195e-47
-1.3849555696457754738e-63
0
0
DERIV 27
-1.1074278262444106929e-48
-3.712334071787169993e-65
0
0
DERIV 28
3.783138536859788217e-50
-8.832101990174546442e-68
0
0
DERIV 29
-1.2452336876811214893e-51
-2.127830120520849151e-68
0
0
DERIV 30
3.953122818035306256e-53
1.2642645066236697877e-69
0
0
DERIV 31
-1.2114408635914648148e-54
-4.435226837438578251e-71
0
0
DERIV 32
3.586502556685257628e-56
1.7896752652325639225e-72
0
0
DERIV 33
-1.0264401256506630451e-57
3.644053063013469995e-74
0
0
DERIV 34
2.841356749205987425e-59
1.4239756563738788655e-75
0
0
DERIV 35
-7.610777006801752031e-61
-3.814220508144318390e-77
0
0
AT 50
9.836624224615980579e-21
1.1414341575047027416e-37
0
0
DERIV 1
-9.643749239819588774e-21
-1.4140791287404003000e-37
0
0
DERIV 2
4.725437127511598484e-21
8.433620499880490336e-38
0
0
DERIV 3
-1.5429998783711342565e-21
3.003688085699207681e-38
0
0
DERIV 4
3.777135118929338899e-22
9.300058510197888702e-39
0
0
DERIV 5
-7.393541083861684548e-23
-2.8708787452841840445e-39
0
0
DERIV 6
1.2054686549774486379e-23
-2.3466313169525060008e-40
0
0
DERIV 7
-1.6838292323494520108e-24
-2.2031414232099434329e-41
0
0
DERIV 8
2.0569504826996147662e-25
-6.700929118486954013e-42
0
0
DERIV 9
-2.2323493610693492741e-26
-1.1815227929300157924e-43
0
0
DERIV 10
2.1791981858057934039e-27
-5.337957016878708387e-44
0
0
DERIV 11
-1.9327700095838522708e-28
7.518284325469000764e-45
0
0
DERIV 12
1.5703756327868798579e-29
5.101781700154973057e-46
0
0
DERIV 13
-1.1770073776311920368e-30
-5.416866265742988657e-48
0
0
DERIV 14
8.185953566231974379e-32
3.504635297402651901e-48
0
0
DERIV 15
-5.309807718636956361e-33
-2.1993063803926821195e-49
0
0
DERIV 16
3.226445662366206241e-34
1.4848865860041086182e-51
0
0
DERIV 17
-1.8436832356378320996e-35
-4.666741920705484419e-52
0
0
DERIV 18
9.941429211772624623e-37
-3.051879365252842268e-53
0
0
DERIV 19
-5.073775674269919620e-38
-2.871719592821790220e-54
0
0
DERIV 20
2.4576100922244924138e-39
4.121935075732759137e-56
0
0
DERIV 21
-1.1325392130066784575e-40
-9.323170728619409248e-57
0
0
DERIV 22
4.976308663211163514e-42
-1.8509984208041420840e-58
0
0
DERIV 23
-2.0890051359806982479e-43
-1.1155581482083093301e-61
0
0
DERIV 24
8.393324207065305282e-45
1.8228258978436958073e-61
0
0
DERIV 25
-3.2329841390177472966e-46
6.422727634495777933e-64
0
0
DERIV 26
1.1956302289266816940e-47
-3.813650955310277991e-65
0
0
DERIV 27
-4.251129702850423466e-49
-3.206843368096417186e-65
0
0
DERIV 28
1.4549997494874962965e-50
-5.980567780193451099e-67
0
0
DERIV 29
-4.799099623496989042e-52
-4.408853939367040370e-69
0
0
DERIV 30
1.5269862438399510505e-53
2.2458185604093813007e-70
0
0
DERIV 31
-4.691201978002922189e-55
3.0602878150073815016e-71
0
0
DERIV 32
1.3927005872196173778e-56
5.630249052290243827e-73
0
0
DERIV 33
-3.998183503979763024e-58
5.500909607843109725e-75
0
0
DERIV 34
1.1106065288832674083e-59
8.298010220506593320e-76
0
0
DERIV 35
-2.9865049516188706749e-61
1.1011473360817303272e-77
0
0
AT 51
3.689646564388046045e-21
1.0738881618733635763e-37
0
0
DERIV 1
-3.618691822765199396e-21
2.853021683972110478e-37
0
0
DERIV 2
1.7738685405711759976e-21
3.716161577225278120e-38
0
0
DERIV 3
-5.794637232532508284e-22
-9.631739870515029205e-39
0
0
DERIV 4
1.4190948324569407322e-22
9.555697626385033324e-39
0
0
DERIV 5
-2.779060713561509375e-23
2.5367796970831759968e-39
0
0
DERIV 6
4.533219603681894006e-24
3.0525145195396631872e-40
0
0
DERIV 7
-6.335244787754199697e-25
-4.265936440350461014e-41
0
0
DERIV 8
7.743076962810688519e-26
5.213922315983896752e-42
0
0
DERIV 9
-8.407886601031809197e-27
3.904615203646620587e-43
0
0
DERIV 10
8.212354354496186228e-28
-8.819378666824417961e-44
0
0
DERIV 11
-7.288020098145965682e-29
3.313448351694120510e-45
0
0
DERIV 12
5.925219591988589940e-30
-2.2381536308651980296e-46
0
0
DERIV 13
-4.443914693991442104e-31
-1.8246309376631442037e-47
0
0
DERIV 14
3.092834402411626495e-32
4.680120312673838141e-50
0
0
DERIV 15
-2.0076293489338627335e-33
-8.226434571474922584e-50
0
0
DERIV 16
1.2208556851624841294e-34
1.5351911290205504146e-51
0
0
DERIV 17
-6.982017807301788138e-36
-2.7122190741763314140e-52
0
0
DERIV 18
3.768073102353346388e-37
-2.619653251180612340e-53
0
0
DERIV 19
-1.9248670646696659586e-38
-1.8907192364051842886e-55
0
0
DERIV 20
9.332688798398379842e-40
6.552202579407300296e-56
0
0
DERIV 21
-4.305258225451634019e-41
1.5897869385164228678e-57
0
0
DERIV 22
1.8938086035710999421e-42
-3.592079001951674173e-60
0
0
DERIV 23
-7.959485435298825668e-44
-1.6095105669302844667e-60
0
0
DERIV 24
3.202091841786883696e-45
2.5787848545380549228e-61
0
0
DERIV 25
-1.2350925675463694779e-46
-4.723853759299039834e-63
0
0
DERIV 26
4.574416916838405721e-48
-7.263059013762440079e-65
0
0
DERIV 27
-1.6290658535749307361e-49
-5.042358198244895016e-66
0
0
DERIV 28
5.585368640828334366e-51
-2.4085459926828054602e-67
0
0
DERIV 29
-1.8457396370553401792e-52
-1.2078964573871052931e-68
0
0
DERIV 30
5.884966958727171720e-54
2.5073487950431536977e-70
0
0
DERIV 31
-1.8120866001945839193e-55
1.7454743495402968208e-71
0
0
DERIV 32
5.393114881531499598e-57
-3.577778585746112971e-73
0
0
DERIV 33
-1.5525633749863407098e-58
1.9385982943296772407e-75
0
0
DERIV 34
4.326027979838100982e-60
1.2719789673525195645e-77
0
0
DERIV 35
-1.1673408834483765361e-61
7.717191564993024438e-78
0
0
AT 52
1.3834479069238834971e-21
4.935024324332991026e-38
0
0
DERIV 1
-1.3573451162272065849e-21
8.643005668578024109e-38
0
0
DERIV 2
6.656211627652647423e-22
-1.7065630241662195580e-38
0
0
DERIV 3
-2.175232558056420797e-22
1.2645335391108589441e-38
0
0
DERIV 4
5.329319767238230741e-23
-9.822173393414872185e-40
0
0
DERIV 5
-1.0441116278670819861e-23
6.422409292978809321e-40
0
0
DERIV 6
1.7039321704775294617e-24
6.355492463339914646e-41
0
0
DERIV 7
-2.382397563585603782e-25
1.9027425783169485059e-41
0
0
DERIV 8
2.913257890254134760e-26
6.679124827534449051e-43
0
0
DERIV 9
-3.1650209178069611994e-27
-9.382154816287223790e-44
0
0
DERIV 10
3.093088624220439631e-28
-1.8551307414726595259e-44
0
0
DERIV 11
-2.746505755121743174e-29
-9.716552453374656928e-46
0
0
DERIV 12
2.2342606341268149891e-30
-2.661007259029157456e-47
0
0
DERIV 13
-1.6767434402452644414e-31
-7.081530686697881661e-48
0
0
DERIV 14
1.1677320387422377281e-32
5.713754889131570273e-49
0
0
DERIV 15
-7.585267943966672719e-34
-7.435878669984723111e-51
0
0
DERIV 16
4.616034768532350329e-35
-1.0948777420444376965e-51
0
0
DERIV 17
-2.6419276894620763576e-36
-7.968524495149252519e-53
0
0
DERIV 18
1.4269671162218004451e-37
9.975362730986123010e-54
0
0
DERIV 19
-7.295771722036273301e-39
-1.6069397562824163909e-55
0
0
DERIV 20
3.5405951003999561562e-40
8.278185910488088408e-57
0
0
DERIV 21
-1.6349068284675121932e-41
-6.728265031785870197e-58
0
0
DERIV 22
7.199163591263193367e-43
-1.7441321240083537383e-59
0
0
DERIV 23
-3.029101090293068868e-44
2.0395550108983630173e-60
0
0
DERIV 24
1.2200546058124859613e-45
2.848263922301400421e-62
0
0
DERIV 25
-4.711935029344773792e-47
3.138068820964891837e-63
0
0
DERIV 26
1.7475583213229243024e-48
-7.297611086286191059e-65
0
0
DERIV 27
-6.232718292784091960e-50
5.837666417580806531e-67
0
0
DERIV 28
2.1403565565879436807e-51
-3.309029366718655767e-68
0
0
DERIV 29
-7.085318256291124143e-53
3.436039809588928099e-69
0
0
DERIV 30
2.2633655540929978355e-54
4.478787347232958108e-71
0
0
DERIV 31
-6.983736632545014458e-56
-3.912906707472192013e-73
0
0
DERIV 32
2.0832168932307570765e-57
8.885110590717596110e-74
0
0
DERIV 33
-6.012169966033930873e-59
-3.406477537909123143e-75
0
0
DERIV 34
1.6798710199212455762e-60
-9.014102696421294362e-77
0
0
DERIV 35
-4.547019302042469229e-62
2.439907496775688642e-78
0
0
AT 53
5.185447229434685064e-22
-8.002250506992656856e-40
0
0
DERIV 1
-5.089420428889598147e-22
-1.4887851942684924798e-38
0
0
DERIV 2
2.496696814172255615e-22
1.5287964468034558783e-38
0
0
DERIV 3
-8.162278046332375030e-23
4.044275853313990459e-39
0
0
DERIV 4
2.0005583446893074441e-23
6.221795370810832317e-40
0
0
DERIV 5
-3.921094355591042849e-24
1.3666156791301093426e-40
0
0
DERIV 6
6.401786703005783887e-25
1.3297589463219299241e-41
0
0
DERIV 7
-8.954880209561661794e-26
-3.773318981777516488e-42
0
0
DERIV 8
1.0955438554250968971e-26
7.058727907440345270e-43
0
0
DERIV 9
-1.1908085385055400978e-27
-8.452383392581143530e-44
0
0
DERIV 10
1.1643461265387502949e-28
1.0556454138841708221e-44
0
0
DERIV 11
-1.0344397405199642417e-29
4.286887338659508778e-46
0
0
DERIV 12
8.419858353069475693e-31
3.435694577114903330e-47
0
0
DERIV 13
-6.322604257799423184e-32
-2.1388033023100412212e-48
0
0
DERIV 14
4.405995998466497145e-33
-3.534881407490268690e-51
0
0
DERIV 15
-2.863897399003223281e-34
1.3914322607158908194e-50
0
0
DERIV 16
1.7440400827263217258e-35
5.918344287162487725e-52
0
0
DERIV 17
-9.989084065150759814e-37
3.643827586542742680e-53
0
0
DERIV 18
5.399504900081491961e-38
-3.662688503341640354e-54
0
0
DERIV 19
-2.7629045541352660184e-39
-1.4838687084296881568e-55
0
0
DERIV 20
1.3419822120085579039e-40
-5.144106873481579286e-57
0
0
DERIV 21
-6.202438794997536905e-42
6.125979942509020667e-58
0
0
DERIV 22
2.7338573201091068446e-43
6.132991793486452162e-60
0
0
DERIV 23
-1.1514888168937813722e-44
-6.912243584572968285e-61
0
0
DERIV 24
4.643100068120086454e-46
2.6986604405529628405e-64
0
0
DERIV 25
-1.7953320263397666819e-47
-8.142409604272023226e-64
0
0
DERIV 26
6.667015482428842094e-49
-1.8905143474006045250e-67
0
0
DERIV 27
-2.381076958010300884e-50
1.3632615149206875532e-66
0
0
DERIV 28
8.188889009030134497e-52
3.475713089881060860e-68
0
0
DERIV 29
-2.715148875673121821e-53
1.8852871692032060803e-69
0
0
DERIV 30
8.688476402153989736e-55
-5.105617403778403364e-71
0
0
DERIV 31
-2.685953726472335191e-56
-1.8783882466636474185e-72
0
0
DERIV 32
8.028666030216219198e-58
6.845138655628663262e-74
0
0
DERIV 33
-2.322341413698906716e-59
1.3819688485302932856e-75
0
0
DERIV 34
6.505158021565565223e-61
-5.806337067052797096e-77
0
0
DERIV 35
-1.7656857487106532883e-62
2.805804920787352344e-79
0
0
AT 54
1.9429457147104439696e-22
-1.0329224651053022614e-38
0
0
DERIV 1
-1.9076194289884357222e-22
-7.384131573043927255e-39
0
0
DERIV 2
9.361465716332138549e-23
7.938003903475639715e-40
0
0
DERIV 3
-3.061611429240699692e-23
2.6606455866460910747e-39
0
0
DERIV 4
7.506835715926714376e-24
5.626844255184699919e-40
0
0
DERIV 5
-1.4719285717503362349e-24
-2.749826337092418377e-41
0
0
DERIV 6
2.404150000525549324e-25
-9.590059726974271890e-42
0
0
DERIV 7
-3.364408164000768885e-26
2.8480977632170865845e-42
0
0
DERIV 8
4.117895409063440455e-27
2.7918641287376183248e-43
0
0
DERIV 9
-4.478089570139911790e-28
-1.1915236744284989716e-44
0
0
DERIV 10
4.380739796876000591e-29
1.8967332281104137196e-45
0
0
DERIV 11
-3.893990930556445157e-30
1.8241286077936877263e-47
0
0
DERIV 12
3.171242613900135101e-31
1.4438286902647168426e-47
0
0
DERIV 13
-2.3826867582076149249e-32
-1.0750165076653301558e-48
0
0
DERIV 14
1.6613972293624525092e-33
1.4943240446331570235e-49
0
0
DERIV 15
-1.0805835638129774434e-34
1.0446068416740031914e-50
0
0
DERIV 16
6.584806091985330360e-36
2.9891035438717699321e-52
0
0
DERIV 17
-3.774097005964442815e-37
-9.699371843861852042e-54
0
0
DERIV 18
2.0415437020567893167e-38
-2.2325601179559343396e-55
0
0
DERIV 19
-1.0454562343391809119e-39
4.995338544357708346e-56
0
0
DERIV 20
5.082078916926573764e-41
-1.2954242111463245434e-57
0
0
DERIV 21
-2.3508936486463061361e-42
-3.501088779405145689e-59
0
0
DERIV 22
1.0371589626380761662e-43
8.572944657674945222e-60
0
0
DERIV 23
-4.372738709409544104e-45
-4.168199368776923819e-62
0
0
DERIV 24
1.7650377603085400187e-46
-6.420408168672082471e-63
0
0
DERIV 25
-6.832404233452412419e-48
-3.082146494286044513e-64
0
0
DERIV 26
2.5402528560271789840e-49
1.0680139099616829269e-65
0
0
DERIV 27
-9.083918259101023778e-51
2.0927845825863375181e-67
0
0
DERIV 28
3.1283902167822404150e-52
-1.5534083160960014920e-68
0
0
DERIV 29
-1.0388013491230937902e-53
-3.798028425024160433e-70
0
0
DERIV 30
3.329491503599660049e-55
-3.4266211862494939009e-71
0
0
DERIV 31
-1.0310683365986043057e-56
9.715556218924064414e-74
0
0
DERIV 32
3.0878348622093616762e-58
1.4777266520687449045e-74
0
0
DERIV 33
-8.950245977418440154e-60
8.433642551145992946e-77
0
0
DERIV 34
2.5127695925907383907e-61
1.3149659896131924268e-77
0
0
DERIV 35
-6.837468279158472274e-63
1.0483801215536515164e-79
0
0
AT 55
7.277655980042016882e-23
3.298520115423676980e-39
0
0
DERIV 1
-7.147697837541266350e-23
-5.548624731054301578e-39
0
0
DERIV 2
3.508869847520258497e-23
-1.9781070807689747783e-39
0
0
DERIV 3
-1.1479635920899610278e-23
-2.0543772185806553999e-40
0
0
DERIV 4
2.8157597541829233035e-24
2.2666461238470778338e-41
0
0
DERIV 5
-5.523221056281888442e-25
3.793950006071144825e-41
0
0
DERIV 6
9.024871006996548932e-26
1.9038672981456922554e-42
0
0
DERIV 7
-1.2634819409795168964e-26
1.9263605904842023268e-43
0
0
DERIV 8
1.5471207440565512321e-27
4.596207165213371375e-44
0
0
DERIV 9
-1.6832100687652294204e-28
2.0578890988736092399e-45
0
0
DERIV 10
1.6473970885787351810e-29
-2.3718825557296368349e-46
0
0
DERIV 11
-1.4650764621747644031e-30
-6.475648397898231896e-47
0
0
DERIV 12
1.1937660062164747783e-31
-2.6707245405784076116e-48
0
0
DERIV 13
-8.974115081697275671e-33
4.400117279737635660e-49
0
0
DERIV 14
6.261010522114378136e-34
-6.830082214944080691e-51
0
0
DERIV 15
-4.074625895344278013e-35
2.2263405540446623657e-51
0
0
DERIV 16
2.4845279849660229586e-36
8.426169540154199503e-53
0
0
DERIV 17
-1.4249498737305133173e-37
1.0152513730224472421e-53
0
0
DERIV 18
7.713403874894515859e-39
1.2341384862588337876e-55
0
0
DERIV 19
-3.952852401261732479e-40
-8.809932310113721730e-57
0
0
DERIV 20
1.9230092762894916031e-41
-8.389931812274790950e-58
0
0
DERIV 21
-8.902820723562461185e-43
4.474261732012522269e-59
0
0
DERIV 22
3.931115644170437274e-44
-6.566920721190932472e-61
0
0
DERIV 23
-1.6589106938315144914e-45
6.829695178614648919e-62
0
0
DERIV 24
6.702669470026320971e-47
-6.969203872563588589e-64
0
0
DERIV 25
-2.5972844196351994978e-48
1.4854893215133111145e-64
0
0
DERIV 26
9.667311735614885285e-50
6.299109245932267537e-66
0
0
DERIV 27
-3.461136300405329253e-51
-2.7241535693306988445e-67
0
0
DERIV 28
1.1934952760018378013e-52
-3.396733039128652299e-69
0
0
DERIV 29
-3.968518774882958118e-54
2.4440791731482114028e-71
0
0
DERIV 30
1.2738455326784803142e-55
6.146988202328995634e-72
0
0
DERIV 31
-3.951133786223574570e-57
2.0397769551424487701e-73
0
0
DERIV 32
1.1853401358670723852e-58
-7.534280721450391276e-75
0
0
DERIV 33
-3.442275647088719920e-60
-1.7200987932110687041e-76
0
0
DERIV 34
9.684151436822486423e-62
-2.317160970081581760e-78
0
0
DERIV 35
-2.641132210042496317e-63
8.282295498981347033e-80
0
0
AT 56
2.725108943814717559e-23
-1.8242136188708407283e-39
0
0
DERIV 1
-2.677300014975862834e-23
1.4828692521536363076e-39
0
0
DERIV 2
1.3147455430685040544e-23
-5.707624427182159434e-40
0
0
DERIV 3
-4.302803595496922307e-24
1.3336341978653793142e-40
0
0
DERIV 4
1.0557805118580411691e-24
-8.034183710541177473e-41
0
0
DERIV 5
-2.071720249683703156e-25
-1.1265634610358670538e-41
0
0
DERIV 6
3.386465792752207082e-26
1.8414979657337221985e-42
0
0
DERIV 7
-4.742949289568917721e-27
-1.8757942527754940187e-44
0
0
DERIV 8
5.810112879721924513e-28
-2.819440661330630546e-44
0
0
DERIV 9
-6.323932386091890100e-29
-2.1932397732897530596e-45
0
0
DERIV 10
6.192183794714976260e-30
-3.2240968339878352196e-46
0
0
DERIV 11
-5.509486548489146922e-31
5.308793376342959888e-48
0
0
DERIV 12
4.491429251485717599e-32
-4.327820677398847428e-49
0
0
DERIV 13
-3.378169009664471567e-33
2.4308275004504597184e-49
0
0
DERIV 14
2.358137458045004525e-34
-1.9189957435102765396e-50
0
0
DERIV 15
-1.5355313680293050635e-35
-8.389072897066426225e-52
0
0
DERIV 16
9.368569358512129108e-37
5.118333168831540936e-53
0
0
DERIV 17
-5.376510392259472125e-38
3.204112571647690721e-54
0
0
DERIV 18
2.9122764624738805169e-39
4.395405138700608169e-56
0
0
DERIV 19
-1.4934751089609643206e-40
-6.959802336273255920e-57
0
0
DERIV 20
7.270865662046800666e-42
-3.453585699649152973e-58
0
0
DERIV 21
-3.3687408472803707420e-43
-6.295966568517098188e-60
0
0
DERIV 22
1.4887112330153153481e-44
3.285178385109380351e-61
0
0
DERIV 23
-6.287724462424934355e-46
-1.7353991805830611962e-62
0
0
DERIV 24
2.542829745833613101e-47
1.2737841620961284010e-63
0
0
DERIV 25
-9.863097195960681613e-49
-5.345300387067118543e-68
0
0
DERIV 26
3.674952080225734772e-50
-3.632225040227336124e-67
0
0
DERIV 27
-1.3171871255289371304e-51
-5.079557168812823652e-68
0
0
DERIV 28
4.547431742897521134e-53
8.705123223914819666e-70
0
0
DERIV 29
-1.5140081902631461836e-54
-1.7616984385027183556e-72
0
0
DERIV 30
4.866454897274398033e-56
4.196365031619668107e-72
0
0
DERIV 31
-1.5116825248403149348e-57
3.196592264563332073e-75
0
0
DERIV 32
4.542315278967292506e-59
-4.361836240281332772e-76
0
0
DERIV 33
-1.3214008084268486728e-60
-4.358743667622773745e-77
0
0
DERIV 34
3.724536592379598110e-62
-1.2612564828753452562e-79
0
0
DERIV 35
-1.0178857767993933135e-63
4.451564837127747575e-80
0
0
AT 57
1.0200994774061007460e-23
1.0351656006653127942e-40
0
0
DERIV 1
-1.0025115553818576323e-23
-7.639788795937756939e-41
0
0
DERIV 2
4.924618166788072592e-24
2.463960792611192458e-41
0
0
DERIV 3
-1.6122261855556190691e-24
5.753024014781578282e-41
0
0
DERIV 4
3.957282455454701059e-25
1.5099327344578385198e-41
0
0
DERIV 5
-7.767998894040710039e-26
2.5631940745267577151e-42
0
0
DERIV 6
1.2702388128620028499e-26
7.722069114041390380e-44
0
0
DERIV 7
-1.7797302048341250219e-27
1.3898095738891090909e-43
0
0
DERIV 8
2.181041917688878510e-28
2.3114347610312945421e-45
0
0
DERIV 9
-2.3749123103723344384e-29
3.586536846855839691e-46
0
0
DERIV 10
2.3264447122014704002e-30
3.493150957099044002e-47
0
0
DERIV 11
-2.070888285482369571e-31
5.515982275275705095e-48
0
0
DERIV 12
1.6890223604998050180e-32
-9.351529308291140626e-49
0
0
DERIV 13
-1.2710034485366424874e-33
-1.4299290880242483447e-50
0
0
DERIV 14
8.876849481843217165e-35
3.069013048843976651e-51
0
0
DERIV 15
-5.783401935140277874e-36
-1.7565301550566819843e-52
0
0
DERIV 16
3.530565134824006774e-37
1.7521462287063400926e-53
0
0
DERIV 17
-2.0273553295207883008e-38
-3.373617766046181344e-56
0
0
DERIV 18
1.0988375769760370950e-39
-7.376951467714476377e-56
0
0
DERIV 19
-5.638771776587558433e-41
3.511698004773517173e-58
0
0
DERIV 20
2.7470939424400926355e-42
-8.246587321637856275e-59
0
0
DERIV 21
-1.2737152364697170739e-43
-2.4649158325079524266e-60
0
0
DERIV 22
5.633138637949608387e-45
4.025808185751354031e-61
0
0
DERIV 23
-2.3811576368144479953e-46
-1.6453627842247995798e-62
0
0
DERIV 24
9.638019006153719245e-48
-5.031502300534417213e-64
0
0
DERIV 25
-3.741819143565561595e-49
2.007028517594620514e-65
0
0
DERIV 26
1.3955502633344750524e-50
5.961100853610347842e-67
0
0
DERIV 27
-5.007182657797306652e-52
1.1582507906340784321e-68
0
0
DERIV 28
1.7305930844921565851e-53
5.184380466211523921e-70
0
0
DERIV 29
-5.768643614973855670e-55
2.1356290132223698427e-71
0
0
DERIV 30
1.8565749565433097084e-56
9.364482575823671910e-73
0
0
DERIV 31
-5.775060348694627325e-58
6.081576289843753525e-75
0
0
DERIV 32
1.7378653827090313710e-59
-1.8301018417272264574e-76
0
0
DERIV 33
-5.063710322578762799e-61
1.1613307715457413912e-77
0
0
DERIV 34
1.4297535028457683608e-62
-7.393929847305332888e-79
0
0
DERIV 35
-3.914801257791984798e-64
2.0245277991173926473e-80
0
0
AT 58
3.817438606130821236e-24
3.5652461287026188343e-40
0
0
DERIV 1
-3.752736256874366913e-24
-7.653353815201864480e-41
0
0
DERIV 2
1.8440169538089562947e-24
-1.0172876828311230711e-40
0
0
DERIV 3
-6.038885930602429219e-25
-4.187255966324363654e-41
0
0
DERIV 4
1.4827621704604180034e-25
-1.1981548641158935370e-42
0
0
DERIV 5
-2.911605716540457404e-26
2.5728899288085390506e-42
0
0
DERIV 6
4.762811820266797428e-27
-2.4371962981153822376e-43
0
0
DERIV 7
-6.675639208999284462e-28
-1.6635185564842496321e-46
0
0
DERIV 8
8.184076914878930513e-29
-4.107276671383699460e-46
0
0
DERIV 9
-8.915116465009728277e-30
9.358325735919923332e-47
0
0
DERIV 10
8.736814135709534034e-31
-4.140048086550717671e-47
0
0
DERIV 11
-7.780465278553945085e-32
4.885170576411517464e-48
0
0
DERIV 12
6.348643543264502909e-33
4.946852970826166291e-49
0
0
DERIV 13
-4.779666170051835711e-34
8.810372351738071312e-51
0
0
DERIV 14
3.339828845533114823e-35
1.3101116340955164046e-51
0
0
DERIV 15
-2.1770736178289934511e-36
-2.6903826116763239755e-55
0
0
DERIV 16
1.3297466699807771930e-37
5.711350932632118030e-54
0
0
DERIV 17
-7.640131345990785325e-39
-5.173979521612851976e-55
0
0
DERIV 18
4.143457476000293995e-40
-8.622950981846854449e-57
0
0
DERIV 19
-2.1275776513480329387e-41
1.2280487083563279925e-57
0
0
DERIV 20
1.0371941050321659302e-42
6.758099081474863514e-59
0
0
DERIV 21
-4.812378020906265189e-44
4.863824585239101699e-60
0
0
DERIV 22
2.1298802245637774158e-45
2.442764447595463408e-62
0
0
DERIV 23
-9.010069105087660333e-47
1.8687148398276329256e-63
0
0
DERIV 24
3.649912253218380562e-48
2.8443235618219236733e-64
0
0
DERIV 25
-1.4182516183934280565e-49
7.048854957679191972e-66
0
0
DERIV 26
5.294378213459629169e-51
1.9070347932746447293e-67
0
0
DERIV 27
-1.9014601888968367531e-52
1.7046114092100487757e-68
0
0
DERIV 28
6.578712707120751083e-54
4.865771326530667846e-70
0
0
DERIV 29
-2.1953435062694389585e-55
1.7003452523497485015e-71
0
0
DERIV 30
7.073884631312635814e-57
2.8222727148442262000e-73
0
0
DERIV 31
-2.2032121209872503630e-58
-3.399924132379234761e-75
0
0
DERIV 32
6.639143668153544581e-60
1.4194607170674495810e-76
0
0
DERIV 33
-1.9373483206733125553e-61
-1.5851250196376261059e-77
0
0
DERIV 34
5.478926246248056016e-63
3.017534767338700166e-79
0
0
DERIV 35
-1.5027911989708954838e-64
3.674792213939157547e-81
0
0
AT 59
1.4281598452166403667e-24
1.5586259835772802421e-42
0
0
DERIV 1
-1.4043571811296963974e-24
3.510219815910206451e-41
0
0
DERIV 2
6.902772585213762140e-25
-3.588151115089070416e-41
0
0
DERIV 3
-2.261253088259680764e-25
1.8070641074076792019e-41
0
0
DERIV 4
5.553954953620267940e-26
1.6077634053684304064e-42
0
0
DERIV 5
-1.0909554373182669373e-26
-1.1170778838259909485e-43
0
0
DERIV 6
1.7851998065208003580e-27
1.0322128490430306284e-43
0
0
DERIV 7
-2.503057929777841926e-28
9.269688535526202784e-46
0
0
DERIV 8
3.069788027086032667e-29
-1.2742374642079572845e-45
0
0
DERIV 9
-3.345281824388624929e-30
-2.7466008926833586143e-46
0
0
DERIV 10
3.279688063126103258e-31
-1.1679074584966509258e-47
0
0
DERIV 11
-2.921903910785073633e-32
-7.539200788124195790e-49
0
0
DERIV 12
2.3852276822735294681e-33
8.972613590934310795e-50
0
0
DERIV 13
-1.7965657222252545344e-34
-1.0067718746523817703e-50
0
0
DERIV 14
1.2559577997319409769e-35
-4.645651685086517830e-52
0
0
DERIV 15
-8.191029128686570572e-37
-7.148263644784628313e-53
0
0
DERIV 16
5.005628911975126855e-38
4.305306093025287764e-55
0
0
DERIV 17
-2.8775674226594981996e-39
1.1619279072857083486e-55
0
0
DERIV 18
1.5614706944663944082e-40
-9.919089697873337845e-57
0
0
DERIV 19
-8.022593793624331198e-42
-4.657609639812944440e-58
0
0
DERIV 20
3.913460387133820311e-43
1.4090627366074646450e-60
0
0
DERIV 21
-1.8169637511692736160e-44
-1.0640201136111840143e-60
0
0
DERIV 22
8.047158804712401298e-46
-1.946655043067387198e-62
0
0
DERIV 23
-3.406691942498384685e-47
-2.2191602307670560572e-63
0
0
DERIV 24
1.3810913280398858966e-48
-1.2329633279234276924e-64
0
0
DERIV 25
-5.370910720155111229e-50
-1.1241711054426398201e-66
0
0
DERIV 26
2.0067138954425690901e-51
-1.6922984361278761066e-68
0
0
DERIV 27
-7.213677401917732181e-53
2.1680477103130635319e-69
0
0
DERIV 28
2.4982432560754050855e-54
-7.574589401891978446e-71
0
0
DERIV 29
-8.345424670079478601e-56
6.568678353601060888e-72
0
0
DERIV 30
2.692072474219186280e-57
1.5398044233695844186e-73
0
0
DERIV 31
-8.394634597027570167e-59
-4.369269987596960822e-75
0
0
DERIV 32
2.532863887034180883e-60
-9.609695717333461255e-77
0
0
DERIV 33
-7.401225643931047731e-62
-2.4475673301845754360e-79
0
0
DERIV 34
2.0962076987168546041e-63
-1.1932255104067634741e-79
0
0
DERIV 35
-5.758812359112237404e-65
-1.9341011398405509329e-81
0
0
AT 60
5.341471565244880179e-25
-9.084959278521782475e-42
0
0
DERIV 1
-5.253906457617915351e-25
4.557162863431402515e-41
0
0
DERIV 2
2.583170674995474803e-25
4.888599083942471863e-42
0
0
DERIV 3
-8.464627070606640532e-26
-3.201379481848051350e-42
0
0
DERIV 4
2.0796713061404246926e-26
2.3668673228307781976e-43
0
0
DERIV 5
-4.086371689258378505e-27
6.539428117917143363e-44
0
0
DERIV 6
6.689001277059845681e-28
6.185589217555578978e-45
0
0
DERIV 7
-9.381975817174848630e-29
-6.551779677107860249e-46
0
0
DERIV 8
1.1510294405330254288e-29
5.333754161420402032e-47
0
0
DERIV 9
-1.2547910043546608459e-30
-2.221557170057355006e-47
0
0
DERIV 10
1.2306604081170713322e-31
-7.827012213861033011e-48
0
0
DERIV 11
-1.0968452835268014790e-32
-1.1661780401467615047e-49
0
0
DERIV 12
8.957569815468878608e-34
3.726349830238705859e-50
0
0
DERIV 13
-6.749817129395702185e-35
4.883373831862124639e-51
0
0
DERIV 14
4.720854242285684119e-36
1.8435917920890207416e-52
0
0
DERIV 15
-3.080273690002006773e-37
-6.073436403435075925e-54
0
0
DERIV 16
1.8833195115501401187e-38
-3.569999345676288897e-55
0
0
DERIV 17
-1.0832164510876623457e-39
5.473276662646980981e-56
0
0
DERIV 18
5.881099418784025042e-41
1.4159661215840431449e-57
0
0
DERIV 19
-3.023331402557271426e-42
1.5300342275100555667e-58
0
0
DERIV 20
1.4756736607720014325e-43
5.498661826322609513e-60
0
0
DERIV 21
-6.855626763168415805e-45
-9.380065931083983124e-62
0
0
DERIV 22
3.0382891336769115568e-46
1.0937055405757850365e-62
0
0
DERIV 23
-1.2871236017806315453e-47
3.680917833701944895e-64
0
0
DERIV 24
5.221883033539843225e-49
-3.397379058850976844e-65
0
0
DERIV 25
-2.0323004238641550975e-50
-3.011268874620252124e-67
0
0
DERIV 26
7.599413978124511912e-52
1.4751126903108410318e-69
0
0
DERIV 27
-2.734180690542152439e-53
-8.823694753782433595e-70
0
0
DERIV 28
9.477727183601999635e-55
-2.5428294110907952184e-73
0
0
DERIV 29
-3.169145975708087904e-56
1.3718542093253608706e-72
0
0
DERIV 30
1.0233700546557367662e-57
-5.180629273902107849e-74
0
0
DERIV 31
-3.194703604544443466e-59
-1.0330374280765514834e-75
0
0
DERIV 32
9.650667138728006810e-61
2.3184000983257867237e-77
0
0
DERIV 33
-2.823601670683220372e-62
-2.1278993317344663916e-78
0
0
DERIV 34
8.008113981979723004e-64
-3.500285218348475627e-80
0
0
DERIV 35
-2.203290619380664520e-65
-3.506063856015720945e-82
0
0
AT 61
1.9972309773155011600e-25
-9.546038014046876162e-43
0
0
DERIV 1
-1.9650175744555765029e-25
-7.783374069254507466e-42
0
0
DERIV 2
9.664020857978260377e-26
-3.218761049792049454e-42
0
0
DERIV 3
-3.167651281226212364e-26
-3.834092951791827221e-43
0
0
DERIV 4
7.784905691149178650e-27
-1.8375140750608730522e-44
0
0
DERIV 5
-1.5301366358465653140e-27
6.239376174591794433e-44
0
0
DERIV 6
2.505486889105491168e-28
1.2698388072536683918e-44
0
0
DERIV 7
-3.515351502571486429e-29
-4.231076283299879754e-47
0
0
DERIV 8
4.314295025883196031e-30
-1.1608649170670414707e-46
0
0
DERIV 9
-4.704889637280037319e-31
-2.227154903710802174e-47
0
0
DERIV 10
4.616118134689857373e-32
2.7033758900505607685e-49
0
0
DERIV 11
-4.115769665545161348e-33
2.0307835802977926172e-49
0
0
DERIV 12
3.362556916295073557e-34
1.6862866384160264380e-51
0
0
DERIV 13
-2.534850598437830647e-35
2.4136677909591378636e-51
0
0
DERIV 14
1.7736563954083984927e-36
1.2320441689364147628e-52
0
0
DERIV 15
-1.1578034803360408515e-37
3.301116502208658950e-54
0
0
DERIV 16
7.082308523332182721e-39
-5.595070409978520739e-56
0
0
DERIV 17
-4.075497232096535077e-40
-3.434212989931529707e-56
0
0
DERIV 18
2.2138503482993586779e-41
6.833404956449665676e-58
0
0
DERIV 19
-1.1387029303453673403e-42
6.947684466100023703e-59
0
0
DERIV 20
5.561107334244833698e-44
2.0493449431660235008e-60
0
0
DERIV 21
-2.5850952460775388612e-45
7.501430186065807380e-62
0
0
DERIV 22
1.1463837011430366209e-46
-4.099499469588594975e-63
0
0
DERIV 23
-4.859670037454193827e-48
-1.7609793010260982175e-64
0
0
DERIV 24
1.9729429639237186714e-49
-8.174266264906882023e-66
0
0
DERIV 25
-7.684093648966092360e-51
3.144000016462470290e-67
0
0
DERIV 26
2.8755444008605036971e-52
4.597556385456627196e-69
0
0
DERIV 27
-1.0354326546308443598e-53
-1.8974056974552568270e-71
0
0
DERIV 28
3.592317373209068813e-55
-2.8107993215212340979e-71
0
0
DERIV 29
-1.2022968896135887297e-56
4.005253768358423976e-73
0
0
DERIV 30
3.886212168447983649e-58
1.0810759653042343379e-74
0
0
DERIV 31
-1.2144413026400017439e-59
6.167738281269714238e-76
0
0
DERIV 32
3.672705552338736815e-61
-2.4930732203395784439e-77
0
0
DERIV 33
-1.0758430405840812470e-62
7.306107836819054901e-79
0
0
DERIV 34
3.055132366770231176e-64
-1.7509978529794566955e-80
0
0
DERIV 35
-8.417201418652738878e-66
1.6868040919382711069e-82
0
0
AT 62
7.465908644743768571e-26
2.889393946300514268e-42
0
0
DERIV 1
-7.347402158320662267e-26
-3.267502278124537633e-42
0
0
DERIV 2
3.614447835948777981e-26
1.8228053049742804993e-42
0
0
DERIV 3
-1.1850648642457416574e-26
-1.9230994780589308746e-43
0
0
DERIV 4
2.9132844579380599696e-27
-5.574546817824347796e-44
0
0
DERIV 5
-5.727813510523531591e-28
3.191368466159204954e-44
0
0
DERIV 6
9.381763508618237618e-29
2.4306751000093033370e-45
0
0
DERIV 7
-1.3167387380519891407e-29
5.475267142329841625e-46
0
0
DERIV 8
1.6165319328767159842e-30
-3.014746988075320324e-47
0
0
DERIV 9
-1.7634893813204950228e-31
-3.337909780299097774e-48
0
0
DERIV 10
1.7308321705557502457e-32
-8.220535317991949436e-49
0
0
DERIV 11
-1.5437954179918230164e-33
4.296335971857953499e-50
0
0
DERIV 12
1.2617558704744396314e-34
4.898604958310586229e-51
0
0
DERIV 13
-9.515504302223283747e-36
3.321495710052899381e-53
0
0
DERIV 14
6.660853011558319100e-37
5.053395232451369016e-54
0
0
DERIV 15
-4.349944823876195061e-38
-1.3291185480816366424e-54
0
0
DERIV 16
2.6620756083626108893e-39
1.2333299014832879794e-55
0
0
DERIV 17
-1.5326092363544705572e-40
-4.825280305386691592e-57
0
0
DERIV 18
8.329398023668591379e-42
2.7470143861967781206e-58
0
0
DERIV 19
-4.286473836743340280e-43
-4.093158155897864138e-60
0
0
DERIV 20
2.0945269884095002969e-44
1.1537387900021035448e-60
0
0
DERIV 21
-9.741985992606336827e-46
3.321605727753333529e-62
0
0
DERIV 22
4.322742702348833012e-47
1.3863249658989862725e-63
0
0
DERIV 23
-1.8336130232665076831e-48
-9.731886745685833963e-65
0
0
DERIV 24
7.449052907023737096e-50
-4.309971167465845331e-66
0
0
DERIV 25
-2.903220620174809912e-51
2.1421580033110440439e-67
0
0
DERIV 26
1.0872384913615863651e-52
6.929611129125605681e-69
0
0
DERIV 27
-3.917976545449344108e-54
-2.8182240650490695020e-70
0
0
DERIV 28
1.3604085227262692183e-55
9.021539628636660601e-73
0
0
DERIV 29
-4.557033475145028485e-57
-1.8911893628767687270e-73
0
0
DERIV 30
1.4743343596067212374e-58
-8.352174017235818324e-75
0
0
DERIV 31
-4.611798583328277791e-60
1.0390719948263895746e-76
0
0
DERIV 32
1.3961499617508175609e-61
-8.605305325786482053e-79
0
0
DERIV 33
-4.094281412762267482e-63
-1.7709464230976949463e-79
0
0
DERIV 34
1.1640604016686979544e-64
-1.8098547870606601570e-82
0
0
DERIV 35
-3.211201108054519478e-66
-2.0139983313252126695e-82
0
0
AT 63
2.790150403272212663e-26
1.0290872174015836655e-43
0
0
DERIV 1
-2.746554303285115698e-26
-2.6345569012904044521e-42
0
0
DERIV 2
1.3514791016490096536e-26
-2.8675671451689992318e-43
0
0
DERIV 3
-4.432270172184870810e-27
-8.720085384130560969e-44
0
0
DERIV 4
1.0899025013849274200e-27
7.708085319202273401e-45
0
0
DERIV 5
-2.143474919447274454e-28
1.9213428907742029134e-44
0
0
DERIV 6
3.511908060207822850e-29
-6.825390321015329251e-46
0
0
DERIV 7
-4.930511316195507162e-30
-1.6235869356069484202e-46
0
0
DERIV 8
6.055013897260513566e-31
-2.229169019684268332e-47
0
0
DERIV 9
-6.607654054751824538e-32
-4.955358381844900565e-48
0
0
DERIV 10
6.487514890325302038e-33
-1.2969840856663863527e-49
0
0
DERIV 11
-5.788523387180707940e-34
-4.457724497996828671e-51
0
0
DERIV 12
4.732754970812314963e-35
-7.042683158219289650e-52
0
0
DERIV 13
-3.570569578697979177e-36
-1.5433869226823207317e-52
0
0
DERIV 14
2.500398864726610507e-37
1.3527082915690508644e-53
0
0
DERIV 15
-1.6335939250173953663e-38
-9.443733880909909345e-55
0
0
DERIV 16
1.0001595459689898951e-39
-3.569216650655169377e-57
0
0
DERIV 17
-5.760722875306515082e-41
-3.305158159880886375e-57
0
0
DERIV 18
3.132307946520344356e-42
-7.924017677467485133e-59
0
0
DERIV 19
-1.6127443661306210336e-43
-1.4425561555813087496e-60
0
0
DERIV 20
7.884528012568462109e-45
2.7417588777113449812e-61
0
0
DERIV 21
-3.669206759278009620e-46
3.214446945910036483e-62
0
0
DERIV 22
1.6290347135063153807e-47
-8.427792442700856051e-64
0
0
DERIV 23
-6.914122490414581137e-49
9.758532191271542940e-66
0
0
DERIV 24
2.810618898703608453e-50
2.0897322158195263676e-66
0
0
DERIV 25
-1.0961413705604567355e-51
-2.122684859428478005e-68
0
0
DERIV 26
4.107827621690269206e-53
2.1128018407151048381e-69
0
0
DERIV 27
-1.4813803315078111615e-54
1.3544554135090552337e-70
0
0
DERIV 28
5.147653661973426272e-56
-1.8325635604046061143e-72
0
0
DERIV 29
-1.7257459596025954560e-57
-9.060657367360563974e-74
0
0
DERIV 30
5.588129774392676391e-59
-4.355956534527380947e-75
0
0
DERIV 31
-1.7496041989602259271e-60
9.199509479322050620e-77
0
0
DERIV 32
5.301830906412020605e-62
-2.194366455586045655e-78
0
0
DERIV 33
-1.5564086942646469691e-63
-1.1371990077059380504e-80
0
0
DERIV 34
4.430005771599509328e-65
1.9632326786707091282e-81
0
0
DERIV 35
-1.2235254037168230289e-66
-7.693735969510951865e-83
0
0
AT 64
1.0424770788566146254e-26
-2.0943683423310906478e-43
0
0
DERIV 1
-1.0264389699511282730e-26
4.711248141621897095e-43
0
0
DERIV 2
5.052004305228208886e-27
3.5105841668867116319e-43
0
0
DERIV 3
-1.6572712535669258276e-27
4.617266004767412306e-44
0
0
DERIV 4
4.076352680144454469e-28
7.447536396632540300e-45
0
0
DERIV 5
-8.019054452743189633e-29
3.680662610642107106e-45
0
0
DERIV 6
1.3142339241995783695e-29
-1.2882989548584781024e-45
0
0
DERIV 7
-1.8456553899170833905e-30
1.4699359500858006140e-46
0
0
DERIV 8
2.267292181579175611e-31
-7.487263556793542023e-48
0
0
DERIV 9
-2.475016806402219114e-32
2.0550684713988714222e-48
0
0
DERIV 10
2.4308200777164651528e-33
-1.5296367017070329430e-49
0
0
DERIV 11
-2.169657590027919327e-34
1.5349388161807240838e-50
0
0
DERIV 12
1.7745656214734524369e-35
-2.6551549715070501998e-52
0
0
DERIV 13
-1.3392948086592094115e-36
4.525366686130034164e-53
0
0
DERIV 14
9.382422423299406248e-38
2.7167569475977497533e-55
0
0
DERIV 15
-6.132302237450592396e-39
5.901170650195813235e-56
0
0
DERIV 16
3.756035120438487402e-40
4.043133813574510486e-56
0
0
DERIV 17
-2.1643419661590326918e-41
1.0239396696831972700e-57
0
0
DERIV 18
1.1773619491837330851e-42
-7.930178349259913826e-59
0
0
DERIV 19
-6.064798394451480541e-44
3.315633991023169846e-60
0
0
DERIV 20
2.966477475546919830e-45
-1.6217774956091590585e-61
0
0
DERIV 21
-1.3812170256514758384e-46
1.4392433078470134963e-63
0
0
DERIV 22
6.135571498245192257e-48
-6.393332875766691682e-65
0
0
DERIV 23
-2.6056016473842071574e-49
1.5926290218389780886e-65
0
0
DERIV 24
1.0598181303844492362e-50
3.884271359916635261e-67
0
0
DERIV 25
-4.135875630768582653e-52
1.1620526902849147624e-68
0
0
DERIV 26
1.5509533615382184949e-53
-4.357697588568430488e-70
0
0
DERIV 27
-5.596982691211044568e-55
-1.7504172007622392953e-71
0
0
DERIV 28
1.9463191689361716360e-56
-6.168829164182500033e-73
0
0
DERIV 29
-6.530054993634872136e-58
1.2521058605259668772e-74
0
0
DERIV 30
2.116221525715004924e-59
-1.0608444252013197140e-75
0
0
DERIV 31
-6.631477592102318560e-61
-6.863985903075025039e-77
0
0
DERIV 32
2.011385666722210669e-62
1.3198926164758195575e-78
0
0
DERIV 33
-5.910407836098323599e-64
-1.4993625401233139599e-80
0
0
DERIV 34
1.6840316444765445070e-65
-5.649987885556785082e-82
0
0
DERIV 35
-4.656308694405191806e-67
-2.2332255353985136347e-83
0
0
AT 66
1.4542497475734384394e-27
-3.339441894854982115e-44
0
0
DERIV 1
-1.4325445274604019859e-27
-2.600037052140890932e-44
0
0
DERIV 2
7.054196536736827662e-28
4.269757999568381492e-44
0
0
DERIV 3
-2.315223478723882097e-28
5.762708995375037875e-45
0
0
DERIV 4
5.697620279672053353e-29
1.0341056457378542491e-45
0
0
DERIV 5
-1.1214363725068804048e-29
4.192610633959600789e-46
0
0
DERIV 6
1.8389144817989168983e-30
-1.7422387598991516275e-46
0
0
DERIV 7
-2.583954775361475305e-31
-1.8591592002033521148e-47
0
0
DERIV 8
3.176111078048480062e-32
2.2852165169166205154e-48
0
0
DERIV 9
-3.469198540994573706e-33
1.3051719948210664507e-49
0
0
DERIV 10
3.409384773046391483e-34
-2.1084611605112575442e-50
0
0
DERIV 11
-3.045064550089281010e-35
1.2863655350452900123e-51
0
0
DERIV 12
2.4922403311742625084e-36
1.1744749901439286600e-52
0
0
DERIV 13
-1.882251438928813907e-37
1.7588808065516234097e-53
0
0
DERIV 14
1.3195678077146446622e-38
-1.1502168049994372028e-54
0
0
DERIV 15
-8.631135346058051868e-40
-5.157821405107731182e-56
0
0
DERIV 16
5.290719983761547041e-41
-5.073414392780658201e-57
0
0
DERIV 17
-3.051164927198123421e-42
-3.0055288266957632300e-58
0
0
DERIV 18
1.6611897936967563123e-43
-6.382377563603078746e-60
0
0
DERIV 19
-8.564673479854382522e-45
1.4591139037545920747e-61
0
0
DERIV 20
4.193121391178708279e-46
-2.399757819800578123e-62
0
0
DERIV 21
-1.9542409725858214027e-47
2.7119647329855631017e-64
0
0
DERIV 22
8.689806696280825969e-49
3.057709341729001155e-65
0
0
DERIV 23
-3.694217339481703978e-50
5.395837900136030203e-67
0
0
DERIV 24
1.5042741060389515517e-51
-1.4336388971433922481e-67
0
0
DERIV 25
-5.877163949175438301e-53
2.409551328945471793e-69
0
0
DERIV 26
2.2066274900750271957e-54
-8.516114457538027546e-71
0
0
DERIV 27
-7.973360397741742073e-56
2.958580814942444022e-73
0
0
DERIV 28
2.776437995642213758e-57
-1.0302201052031725673e-74
0
0
DERIV 29
-9.328438888983564624e-59
-5.752782412332298605e-75
0
0
DERIV 30
3.027651218354314929e-60
9.168495693086870405e-77
0
0
DERIV 31
-9.502654216282069624e-62
-1.8837700089265967468e-78
0
0
DERIV 32
2.887091124738475924e-63
1.4719268487288561302e-79
0
0
DERIV 33
-8.498796384511531090e-65
-2.0255269659129304101e-81
0
0
DERIV 34
2.426126995578551283e-66
3.775913010382313668e-83
0
0
DERIV 35
-6.721737130607242010e-68
2.562052347282230211e-84
0
0
AT 68
2.026862657080454203e-28
-1.6993975103460124257e-44
0
0
DERIV 1
-1.9974878359633460769e-28
7.324461153457585193e-45
0
0
DERIV 2
9.840565074231189754e-29
1.1725263982724775573e-45
0
0
DERIV 3
-3.231230322881883228e-29
-1.3402983865815969903e-46
0
0
DERIV 4
7.955680719216758478e-30
-4.977951019685656340e-46
0
0
DERIV 5
-1.5666571262457616372e-30
6.568968628785253243e-47
0
0
DERIV 6
2.570296847746952631e-31
-5.303392030331989191e-48
0
0
DERIV 7
-3.613569264406146529e-32
4.725311090763477464e-49
0
0
DERIV 8
4.444107361467236526e-33
7.431747552735602000e-50
0
0
DERIV 9
-4.856947936029766831e-34
5.431563608843917984e-51
0
0
DERIV 10
4.775998803762604165e-35
-1.6744833645089888549e-51
0
0
DERIV 11
-4.268226974086765023e-36
2.7937153083116410788e-52
0
0
DERIV 12
3.495530711536574457e-37
1.1682047605536502312e-53
0
0
DERIV 13
-2.641696624103214242e-38
-1.0791885658053172460e-55
0
0
DERIV 14
1.8532310500724079639e-39
-5.746109740903563695e-57
0
0
DERIV 15
-1.2130239600473942117e-40
-8.818638203684232522e-57
0
0
DERIV 16
7.441003458624061810e-42
4.465526839644476798e-58
0
0
DERIV 17
-4.294474804089358797e-43
-1.0743017005022681273e-59
0
0
DERIV 18
2.339938194535868716e-44
-8.188108540898680162e-61
0
0
DERIV 19
-1.2073984491929147412e-45
6.938367621615760759e-62
0
0
DERIV 20
5.916252401045282053e-47
-1.6106832422066445612e-63
0
0
DERIV 21
-2.759767883869519348e-48
9.816689282734246065e-65
0
0
DERIV 22
1.2283057816464716565e-49
-2.0672146022448743429e-66
0
0
DERIV 23
-5.226833113389240776e-51
-2.2771054038850927731e-67
0
0
DERIV 24
2.1305026277401797770e-52
-2.0072086492996538684e-69
0
0
DERIV 25
-8.332632499606036737e-54
3.546339517237834102e-70
0
0
DERIV 26
3.1320209570197514544e-55
-1.6777100700085358045e-72
0
0
DERIV 27
-1.1330308371647680715e-56
1.0961285276956111976e-72
0
0
DERIV 28
3.950192544537031460e-58
-3.0033682495124725812e-74
0
0
DERIV 29
-1.3289125465221299186e-59
7.881149335811260767e-77
0
0
DERIV 30
4.318965776196922346e-61
-1.3615669284659548678e-77
0
0
DERIV 31
-1.3574913109634659649e-62
-7.292505153914285888e-79
0
0
DERIV 32
4.130524548161862291e-64
-1.6872251631197851985e-80
0
0
DERIV 33
-1.2178450756251191541e-65
1.0103256482809301902e-81
0
0
DERIV 34
3.482400134548951481e-67
5.992241813930606890e-84
0
0
DERIV 35
-9.665437108135865420e-69
-8.059269130489212513e-86
0
0
AT 70
2.822569312495139424e-29
-1.9029454461058217591e-45
0
0
DERIV 1
-2.782814815136052771e-29
6.037637337358237171e-47
0
0
DERIV 2
1.3715301588884830596e-29
8.910963496793285273e-46
0
0
DERIV 3
-4.505509700696466712e-30
3.3007201420139532965e-46
0
0
DERIV 4
1.1098130512744971812e-30
5.264314382702851435e-47
0
0
DERIV 5
-2.186497354749755894e-31
1.4987834171299467939e-47
0
0
DERIV 6
3.588947678250861610e-32
9.126347921089038591e-49
0
0
DERIV 7
-5.048190140836376737e-33
-1.6145414844441557857e-49
0
0
DERIV 8
6.211640212357260519e-34
1.1848134291594861614e-50
0
0
DERIV 9
-6.792269720743389255e-35
1.9852908503444211281e-51
0
0
DERIV 10
6.682716983312043620e-36
4.513096203916446276e-52
0
0
DERIV 11
-5.975603859891544686e-37
6.198748622509477228e-54
0
0
DERIV 12
4.896675385188904720e-38
-9.719746631799772940e-55
0
0
DERIV 13
-3.702831451642196297e-39
-1.5790580321397807933e-55
0
0
DERIV 14
2.5992782357586846131e-40
9.075498357385614840e-57
0
0
DERIV 15
-1.7024512421343432079e-41
1.0020673269775879753e-58
0
0
DERIV 16
1.0450314544351437756e-42
-7.158164355809260870e-59
0
0
DERIV 17
-6.035475779625429333e-44
4.538789391476960553e-60
0
0
DERIV 18
3.290948727573536296e-45
2.653211537466866862e-62
0
0
DERIV 19
-1.6993975554500882231e-46
-4.691698819595962519e-63
0
0
DERIV 20
8.333584166149471449e-48
-1.2520662723424153156e-64
0
0
DERIV 21
-3.890562169070714657e-49
-2.465398850018826538e-65
0
0
DERIV 22
1.7330686025860457798e-50
-4.987587240512161681e-67
0
0
DERIV 23
-7.381303719976060067e-52
1.7029844615420121216e-68
0
0
DERIV 24
3.011469399643010721e-53
-1.7251290496047922110e-69
0
0
DERIV 25
-1.1789582330517317905e-54
1.4420702143000465780e-72
0
0
DERIV 26
4.435879639408689874e-56
-3.268374636130967536e-73
0
0
DERIV 27
-1.6064090875224884995e-57
-2.837464845649244188e-75
0
0
DERIV 28
5.606784964567127183e-59
-1.0494633666426593125e-75
0
0
DERIV 29
-1.8884119367427371638e-60
-1.0382917552861769103e-76
0
0
DERIV 30
6.144832492575573374e-62
2.747991023495743554e-78
0
0
DERIV 31
-1.9338575901103301450e-63
1.2181974927402387190e-79
0
0
DERIV 32
5.892222344867411549e-65
2.402779321380788857e-81
0
0
DERIV 33
-1.7397393092848611806e-66
-1.0923884195576742127e-82
0
0
DERIV 34
4.982225576125376928e-68
-1.6909044178460782523e-84
0
0
DERIV 35
-1.3850202373784830589e-69
-5.554781989638326193e-86
0
0
AT 72
3.927535896815431127e-30
-8.451778192285741921e-47
0
0
DERIV 1
-3.873734035215219799e-30
1.4094761221123541825e-46
0
0
DERIV 2
1.9099660868075042356e-30
-9.868872124980669892e-47
0
0
DERIV 3
-6.276883853357994655e-31
-1.6086223882202141901e-47
0
0
DERIV 4
1.5468035210060772043e-31
8.968742543559875237e-48
0
0
DERIV 5
-3.048772157345311818e-32
5.011074524474472534e-49
0
0
DERIV 6
5.006562121130781863e-33
-2.8353316472551768013e-49
0
0
DERIV 7
-7.045481876218157282e-34
-1.6450124907265380554e-50
0
0
DERIV 8
8.673415188526140642e-35
1.5391528537943162367e-51
0
0
DERIV 9
-9.488864479755094685e-36
4.803877028893256933e-52
0
0
DERIV 10
9.340600972258921581e-37
-7.234533366028233559e-53
0
0
DERIV 11
-8.356670422511589031e-38
3.851033077989488416e-54
0
0
DERIV 12
6.851571179747405238e-39
-5.683357344566079695e-55
0
0
DERIV 13
-5.184038723642424844e-40
1.2555507611351748340e-56
0
0
DERIV 14
3.641170055891703145e-41
-6.876694492497499075e-58
0
0
DERIV 15
-2.3863035394544495661e-42
9.259034407952795630e-59
0
0
DERIV 16
1.4657252343631855278e-43
3.239685695426356151e-60
0
0
DERIV 17
-8.470651509219648316e-45
8.378621855713543076e-62
0
0
DERIV 18
4.621883263959133654e-46
-1.9388371713798797510e-62
0
0
DERIV 19
-2.388341590945389676e-47
1.3694246858618445849e-63
0
0
DERIV 20
1.1720565214824597192e-48
-3.794283230813809808e-65
0
0
DERIV 21
-5.475915464248688338e-50
-1.9982153311793800700e-66
0
0
DERIV 22
2.4411860898311461867e-51
-7.277499051762910146e-68
0
0
DERIV 23
-1.0405737808316905147e-52
-7.095857041846103120e-69
0
0
DERIV 24
4.249009605062736809e-54
-2.5117840109986640244e-70
0
0
DERIV 25
-1.6649180493307050147e-55
7.772222947528251739e-72
0
0
DERIV 26
6.270124063985827629e-57
2.5876372712900826139e-73
0
0
DERIV 27
-2.2728582107434835460e-58
-1.6432379265213626139e-74
0
0
DERIV 28
7.940886605858445014e-60
-3.733984347227429841e-76
0
0
DERIV 29
-2.6773870548488241754e-61
-7.104755932689942368e-78
0
0
DERIV 30
8.721791163522685292e-63
-2.4616348440623250754e-79
0
0
DERIV 31
-2.7480512293169751319e-64
9.881927345988094667e-81
0
0
DERIV 32
8.383191994196129495e-66
-3.014576050487439649e-82
0
0
DERIV 33
-2.4784011808414275489e-67
-1.5047268642634221034e-83
0
0
DERIV 34
7.107179856824682656e-69
-2.830995557564920811e-85
0
0
DERIV 35
-1.9785555645372743430e-70
1.2925012010740064255e-86
0
0
AT 74
5.460967633741232870e-31
5.807611261705302693e-49
0
0
DERIV 1
-5.388154731958016490e-31
5.265725956865147719e-48
0
0
DERIV 2
2.657670915087400055e-31
-5.556106519950413613e-48
0
0
DERIV 3
-8.737548213985972154e-32
-4.471979481202338092e-48
0
0
DERIV 4
2.1540483444201530627e-32
-9.502161335821743255e-49
0
0
DERIV 5
-4.247419270687625353e-33
-2.1738789144733587528e-49
0
0
DERIV 6
6.977903087558242164e-34
-1.5603357410279261865e-50
0
0
DERIV 7
-9.823962939005392726e-35
2.5066317342943121153e-51
0
0
DERIV 8
1.2099366119730906521e-35
-3.480265512471626490e-52
0
0
DERIV 9
-1.3243087295227857186e-36
-3.171856020172362894e-53
0
0
DERIV 10
1.3042434457421374628e-37
1.8582840018306433369e-54
0
0
DERIV 11
-1.1674346926922629130e-38
-7.324765110989682364e-56
0
0
DERIV 12
9.576612713491218546e-40
7.228121988321873631e-56
0
0
DERIV 13
-7.249694606061728670e-41
-2.0234460228375464103e-57
0
0
DERIV 14
5.094831462785316587e-42
-2.1312486935731846197e-58
0
0
DERIV 15
-3.3408730903510270479e-43
-8.223420443169024812e-60
0
0
DERIV 16
2.0532449201115688642e-44
-1.0710994889883928457e-60
0
0
DERIV 17
-1.1873200933845562386e-45
2.812396520137942738e-62
0
0
DERIV 18
6.482494762731772802e-47
-3.882546247257137930e-63
0
0
DERIV 19
-3.351982518125385515e-48
-3.604220113673215632e-65
0
0
DERIV 20
1.6460628437222876110e-49
-6.369128547686730987e-66
0
0
DERIV 21
-7.695878230389915277e-51
-5.284602743495898885e-67
0
0
DERIV 22
3.433346348574625740e-52
-1.5283855614153055436e-70
0
0
DERIV 23
-1.4645940125174777338e-53
-2.1598695229668425963e-70
0
0
DERIV 24
5.985119762691615739e-55
8.826389877508731222e-72
0
0
DERIV 25
-2.347105789290829551e-56
-1.8554127828440100794e-72
0
0
DERIV 26
8.846783359634665565e-58
3.641136214807918836e-74
0
0
DERIV 27
-3.209717318688314093e-59
-7.595591146430818090e-76
0
0
DERIV 28
1.1224457885293956127e-60
-3.2657478434170799796e-77
0
0
DERIV 29
-3.788151597384607382e-62
1.4221353778460208341e-78
0
0
DERIV 30
1.2352668252341111615e-63
-1.0504360304860967232e-79
0
0
DERIV 31
-3.896182101096837861e-65
1.2032522354042033709e-81
0
0
DERIV 32
1.1898851587156535663e-66
5.182146562294167721e-84
0
0
DERIV 33
-3.521858820722864635e-68
-5.799879690893553016e-85
0
0
DERIV 34
1.0111779527285535441e-69
4.440875362154578980e-86
0
0
DERIV 35
-2.8186145023792434012e-71
-5.092351982586330088e-88
0
0
AT 76
7.587699108305668372e-32
3.099039355131537830e-48
0
0
DERIV 1
-7.489157561444556294e-32
1.9174098421924712867e-48
0
0
DERIV 2
3.695308007291721560e-32
2.0068926065105764814e-48
0
0
DERIV 3
-1.2153457446203885069e-32
1.6711066405047607003e-49
0
0
DERIV 4
2.9973053836921743399e-33
-2.272046063991870383e-50
0
0
DERIV 5
-5.912492811666754996e-34
1.7838345198033730641e-50
0
0
DERIV 6
9.717291426581935235e-35
-2.3378173539156112780e-51
0
0
DERIV 7
-1.3686325952932303825e-35
1.0068723707157132171e-51
0
0
DERIV 8
1.6863508763434445211e-36
-6.678753046121046839e-53
0
0
DERIV 9
-1.8465677873003901641e-37
1.0137767974815322451e-53
0
0
DERIV 10
1.8194123786636196622e-38
-4.154293274387004134e-55
0
0
DERIV 11
-1.6293245182062265924e-39
6.642040753778745595e-56
0
0
DERIV 12
1.3371981525682415401e-40
-7.304949488959409896e-57
0
0
DERIV 13
-1.0127891333061237256e-41
1.0984798792313548611e-58
0
0
DERIV 14
7.121173593558682247e-43
1.2189962238310190010e-59
0
0
DERIV 15
-4.672092728049082530e-44
-8.208373626078173963e-61
0
0
DERIV 16
2.872960246078568935e-45
1.0326392480610437679e-62
0
0
DERIV 17
-1.6622720806626242871e-46
1.8029147177510418135e-63
0
0
DERIV 18
9.080930811027298878e-48
3.696740953508391921e-64
0
0
DERIV 19
-4.698429857623401550e-49
-3.796542390447677264e-65
0
0
DERIV 20
2.308711223142533475e-50
2.3239491002739008438e-66
0
0
DERIV 21
-1.0800988178444601719e-51
-4.191367168464297303e-68
0
0
DERIV 22
4.821869722519911747e-53
-7.782869074265970021e-70
0
0
DERIV 23
-2.0583475495341916128e-54
7.033370224954459261e-71
0
0
DERIV 24
8.417625009669147799e-56
-2.876301095081684927e-72
0
0
DERIV 25
-3.303520758511665506e-57
6.760285512982689981e-74
0
0
DERIV 26
1.2461505819829507268e-58
-6.662987209328099263e-76
0
0
DERIV 27
-4.524875025355667072e-60
-3.1198042579487031707e-77
0
0
DERIV 28
1.5837062588744833507e-61
1.3528014209618046102e-77
0
0
DERIV 29
-5.349605941307192808e-63
1.7434013131510851109e-79
0
0
DERIV 30
1.7460519391766529833e-64
1.6799754104023657177e-80
0
0
DERIV 31
-5.512586767476049574e-66
-1.8309072581333091032e-82
0
0
DERIV 32
1.6852337264702598206e-67
-4.429344061768235027e-84
0
0
DERIV 33
-4.993285115467436223e-69
-1.5092259196289240700e-85
0
0
DERIV 34
1.4352356949538754788e-70
-5.038384342844923196e-87
0
0
DERIV 35
-4.005308916150349867e-72
-1.6568482476195480026e-88
0
0
AT 78
1.0535557042467865145e-32
-5.478176359032815127e-49
0
0
DERIV 1
-1.0402195560917637982e-32
-4.811278577469504389e-49
0
0
DERIV 2
5.134417039683706094e-33
7.080890991498913830e-50
0
0
DERIV 3
-1.6892454329695309515e-33
-8.105592461610136345e-50
0
0
DERIV 4
4.167546298444566346e-34
3.462721981513491941e-50
0
0
DERIV 5
-8.223958028930611695e-35
8.929671451198825776e-52
0
0
DERIV 6
1.3521372434953483072e-35
-2.642186349528719807e-53
0
0
DERIV 7
-1.9051640221460875533e-36
-7.734927364925314009e-53
0
0
DERIV 8
2.348379263409240121e-37
-1.5986818535434206204e-53
0
0
DERIV 9
-2.572559443484300542e-38
1.1467594256257931339e-54
0
0
DERIV 10
2.5358085942916676229e-39
-5.897090636255469058e-56
0
0
DERIV 11
-2.2718706773627588292e-40
1.0384091588662024304e-57
0
0
DERIV 12
1.8653840120503043409e-41
8.143668370169098097e-58
0
0
DERIV 13
-1.4134941997166485279e-42
-5.841635568665630121e-59
0
0
DERIV 14
9.943411578093307184e-44
-2.8714421402066436154e-61
0
0
DERIV 15
-6.526957343568940682e-45
6.009397159366755093e-61
0
0
DERIV 16
4.015608521922297393e-46
-2.724841568303977709e-62
0
0
DERIV 17
-2.324628649478827564e-47
9.963587717669019859e-64
0
0
DERIV 18
1.2706303550018680396e-48
1.905360237059466044e-65
0
0
DERIV 19
-6.577896574642975640e-50
3.577062202029791407e-66
0
0
DERIV 20
3.234132482532796063e-51
1.1690778056112904458e-67
0
0
DERIV 21
-1.5139603227352880107e-52
4.900523034371614104e-69
0
0
DERIV 22
6.762988902500894355e-54
1.4445215977801383584e-70
0
0
DERIV 23
-2.8888434671247145783e-55
-8.214951910680000765e-72
0
0
DERIV 24
1.1821904069334770181e-56
-3.645597240406086361e-73
0
0
DERIV 25
-4.642784143593291121e-58
-2.9777728170373896355e-74
0
0
DERIV 26
1.7526179459433364592e-59
4.501224193626982431e-76
0
0
DERIV 27
-6.368702528934556713e-61
5.828495239870564791e-77
0
0
DERIV 28
2.230795528678999758e-62
-1.4351554581302595916e-79
0
0
DERIV 29
-7.541567034073697364e-64
-2.1333361104530328138e-80
0
0
DERIV 30
2.463578564464074361e-65
1.8101458988864672070e-81
0
0
DERIV 31
-7.784843390011559322e-67
5.323615643522400988e-83
0
0
DERIV 32
2.382080985224890847e-68
1.8885267535482516692e-84
0
0
DERIV 33
-7.064843669912636045e-70
-1.6681929869776556274e-86
0
0
DERIV 34
2.0327235623150168615e-71
-4.868338860398264573e-88
0
0
DERIV 35
-5.678719793134015126e-73
-9.698898086375366445e-90
0
0
AT 80
1.4619296241547863358e-33
-4.622843044055292273e-50
0
0
DERIV 1
-1.4438811102763321962e-33
5.832859362863749246e-50
0
0
DERIV 2
7.129162981989390283e-34
-3.521437840836103110e-50
0
0
DERIV 3
-2.346306804199039862e-34
1.3754820000801105321e-50
0
0
DERIV 4
5.790564869337374072e-35
-3.942878466370466934e-51
0
0
DERIV 5
-1.1430725456354295912e-35
-1.7969549752874678812e-52
0
0
DERIV 6
1.8800535290056408804e-36
-7.594868962062174116e-53
0
0
DERIV 7
-2.649980212312712675e-37
-7.829201887149316644e-54
0
0
DERIV 8
3.267712086128851841e-38
3.305307439276774985e-55
0
0
DERIV 9
-3.581054340963125377e-39
3.528763867092328203e-56
0
0
DERIV 10
3.5313174751164151303e-40
1.3739800199391171999e-56
0
0
DERIV 11
-3.165073281154277269e-41
-1.7993633828638369572e-57
0
0
DERIV 12
2.5998816238052993398e-42
-6.952650631908749310e-60
0
0
DERIV 13
-1.9709247538323339459e-43
3.494660555814377721e-61
0
0
DERIV 14
1.3871004044828399645e-44
1.0003724473158305037e-60
0
0
DERIV 15
-9.109316089141038916e-46
-3.133019575195570262e-62
0
0
DERIV 16
5.607060092747798340e-47
4.285671245285584603e-63
0
0
DERIV 17
-3.247528017519086931e-48
-1.3877593564550281379e-64
0
0
DERIV 18
1.7759918845807506177e-49
1.2337092853493334635e-65
0
0
DERIV 19
-9.198955458981331940e-51
-2.1956692761866115135e-67
0
0
DERIV 20
4.525292604821461565e-52
2.228785016401453979e-68
0
0
DERIV 21
-2.119574990548694032e-53
-1.4268586685356160945e-70
0
0
DERIV 22
9.473857912300980556e-55
4.062455765595688139e-71
0
0
DERIV 23
-4.049253934513315291e-56
-7.987482929037184965e-73
0
0
DERIV 24
1.6580996714601939078e-57
-1.1366675759920192745e-73
0
0
DERIV 25
-6.516040814159358144e-59
7.557637463200801086e-76
0
0
DERIV 26
2.4614165163376695708e-60
2.9152226412331284168e-77
0
0
DERIV 27
-8.950605513955162798e-62
6.162896376539670312e-78
0
0
DERIV 28
3.137447699997510503e-63
4.956900122704307660e-80
0
0
DERIV 29
-1.0614657150284356019e-64
2.120086348449042017e-81
0
0
DERIV 30
3.470176376054500836e-66
1.0098652846058208003e-82
0
0
DERIV 31
-1.0974624845207150890e-67
5.516394459402761802e-84
0
0
DERIV 32
3.360978858844690022e-69
-2.3071027139282594835e-85
0
0
DERIV 33
-9.976931677461045614e-71
-1.4780379054401162814e-87
0
0
DERIV 34
2.873258510053119744e-72
5.242273224434623792e-89
0
0
DERIV 35
-8.034643857899301540e-74
-1.9582705435210600172e-91
0
0
AT 82
2.027358612324637953e-34
2.0802732356923778653e-51
0
0
DERIV 1
-2.002932604947232780e-34
8.249425324129247776e-51
0
0
DERIV 2
9.892532987849138031e-35
-9.289561941975437154e-51
0
0
DERIV 3
-3.256800983654037031e-35
1.2544507938391559946e-51
0
0
DERIV 4
8.040227428395903019e-36
5.923655499270744227e-52
0
0
DERIV 5
-1.5876904795313429592e-36
-3.239228865356799214e-53
0
0
DERIV 6
2.612225788972508719e-37
4.972560752017037043e-54
0
0
DERIV 7
-3.683286826751589616e-38
2.5820926800888777594e-54
0
0
DERIV 8
4.543528157999493160e-39
2.9108609009153020214e-55
0
0
DERIV 9
-4.981053091732777816e-40
-1.8981890282704014533e-56
0
0
DERIV 10
4.913741563466118629e-41
2.1480996692734416424e-57
0
0
DERIV 11
-4.405845486544963303e-42
-4.420909244704903522e-59
0
0
DERIV 12
3.620544323433939876e-43
-8.905300268472446034e-60
0
0
DERIV 13
-2.745808262625956450e-44
-5.166393091362714835e-61
0
0
DERIV 14
1.9332731645019489317e-45
3.383561859107987270e-62
0
0
DERIV 15
-1.2701698085616669993e-46
4.616287743356152062e-63
0
0
DERIV 16
7.821817754929382962e-48
-6.978695393848286824e-65
0
0
DERIV 17
-4.532396591969616210e-49
1.3581096102799895073e-65
0
0
DERIV 18
2.479846620185396215e-50
-2.1498242171176073791e-66
0
0
DERIV 19
-1.2851027019584238851e-51
4.689473828239762347e-68
0
0
DERIV 20
6.325114861201617339e-53
-1.0575924786610168550e-70
0
0
DERIV 21
-2.964150577433864721e-54
2.1303833512020434131e-70
0
0
DERIV 22
1.3256098623421241489e-55
7.764483049901701281e-73
0
0
DERIV 23
-5.669037187493047383e-57
3.839175781680442230e-73
0
0
DERIV 24
2.3227305143200677814e-58
8.638624526763124920e-75
0
0
DERIV 25
-9.133448802072130845e-60
-4.318698713787580706e-76
0
0
DERIV 26
3.452298287255381194e-61
-9.025280803281689166e-79
0
0
DERIV 27
-1.2561969076432836372e-62
3.498928498123544775e-79
0
0
DERIV 28
4.406302928595701603e-64
-1.9157727955068592057e-80
0
0
DERIV 29
-1.4917890792737797306e-65
-5.741625767548230433e-82
0
0
DERIV 30
4.880544518611748368e-67
3.2124766883721109452e-83
0
0
DERIV 31
-1.5446641203153433741e-68
-9.415377332965702690e-85
0
0
DERIV 32
4.734247003370343423e-70
1.4008502385023163185e-86
0
0
DERIV 33
-1.4064904941682541517e-71
-2.620537582260075860e-88
0
0
DERIV 34
4.054002012602615209e-73
-2.2608156043098424444e-89
0
0
DERIV 35
-1.1346477936147260760e-74
1.6561366561640549660e-91
0
0
AT 84
2.809845532746623927e-35
2.2635930159216223650e-51
0
0
DERIV 1
-2.776788526479016876e-35
6.559122351890084885e-52
0
0
DERIV 2
1.3718657601057046454e-35
8.850559669423759751e-52
0
0
DERIV 3
-4.517790856573003733e-36
1.9156555287097981723e-52
0
0
DERIV 4
1.1156739615317478282e-36
-2.4896459665923436786e-54
0
0
DERIV 5
-2.203800417840489697e-37
1.6474749900202280677e-53
0
0
DERIV 6
3.627088187695805464e-38
2.2477621412705865688e-54
0
0
DERIV 7
-5.115965255701136126e-39
-2.8872462259658101014e-55
0
0
DERIV 8
6.312969946938902452e-40
-1.4566771644961828580e-56
0
0
DERIV 9
-6.923314804723760263e-41
1.5827977731397566035e-57
0
0
DERIV 10
6.832218557293183732e-42
5.816559470172914047e-58
0
0
DERIV 11
-6.128293008966007619e-43
-1.2973059737322160481e-59
0
0
DERIV 12
5.037898532145479326e-44
1.6946779871429232754e-61
0
0
DERIV 13
-3.822220171912270779e-45
-1.6630162171694389106e-61
0
0
DERIV 14
2.6922384147397939016e-46
1.1713705497919659062e-62
0
0
DERIV 15
-1.7695463758853105456e-47
-7.699149153562217578e-64
0
0
DERIV 16
1.0901669637150575113e-48
-7.411100896752961924e-65
0
0
DERIV 17
-6.319808485304680330e-50
-4.648809675424180313e-66
0
0
DERIV 18
3.459372291792594920e-51
-4.032788078876819372e-68
0
0
DERIV 19
-1.7935472997510704016e-52
5.121431781422296680e-71
0
0
DERIV 20
8.831861703319664997e-54
-1.4302215014567845637e-70
0
0
DERIV 21
-4.140946146611417778e-55
-1.7548824251184644500e-71
0
0
DERIV 22
1.8528381195775519836e-56
8.366628980506011042e-73
0
0
DERIV 23
-7.927947785632037691e-58
-1.4023269764562070444e-74
0
0
DERIV 24
3.250032358357219966e-59
-1.5646624465804636736e-75
0
0
DERIV 25
-1.2787012557471027481e-60
-1.2781228176231502285e-76
0
0
DERIV 26
4.836113723658914993e-62
-2.695041417276832040e-78
0
0
DERIV 27
-1.7607947016460581062e-63
1.4941111697944683262e-80
0
0
DERIV 28
6.180129186811903555e-65
-1.5630511315885042128e-81
0
0
DERIV 29
-2.0936916785327681351e-66
-1.0664709023616915380e-82
0
0
DERIV 30
6.854347757101324526e-68
7.460585493011605055e-85
0
0
DERIV 31
-2.1708784685247596070e-69
-9.065275082020698196e-86
0
0
DERIV 32
6.658365673137283874e-71
-7.942553899830234750e-88
0
0
DERIV 33
-1.9796170097377857946e-72
-1.2498002003917476211e-88
0
0
DERIV 34
5.710433681935921286e-74
-3.645160539925062651e-90
0
0
DERIV 35
-1.5995612554442354708e-75
-8.147000661757430030e-92
0
0
AT 86
3.892187996377575271e-36
-2.3218635003476969215e-52
0
0
DERIV 1
-3.847450203315764054e-36
2.2183718305134648256e-52
0
0
DERIV 2
1.9013562051269764180e-36
-1.0574400803396163648e-52
0
0
DERIV 3
-6.263291028653568807e-37
-2.215945661283739564e-53
0
0
DERIV 4
1.5471820100543041943e-37
5.971079444185315590e-54
0
0
DERIV 5
-3.057082525890432478e-38
-2.3641023215249261661e-55
0
0
DERIV 6
5.033001719453760947e-39
-1.2023257075534632862e-55
0
0
DERIV 7
-7.101236993938286931e-40
5.023989902785249775e-57
0
0
DERIV 8
8.765589414392573070e-41
-2.0220696354216123498e-57
0
0
DERIV 9
-9.616258429291429964e-42
-1.8686150918097543498e-58
0
0
DERIV 10
9.492973064813334577e-43
3.151810825408051825e-59
0
0
DERIV 11
-8.517897909395672552e-44
1.5802041787562759344e-60
0
0
DERIV 12
7.004850254437230750e-45
-1.6270371353119974995e-61
0
0
DERIV 13
-5.316501731572872794e-46
3.484738836489159784e-62
0
0
DERIV 14
3.746183652556174827e-47
-2.2677510841736735835e-63
0
0
DERIV 15
-2.4632440455163887640e-48
-1.4055273647225456338e-65
0
0
DERIV 16
1.5181452016637464945e-49
6.141569258888263133e-66
0
0
DERIV 17
-8.804487499292647685e-51
-1.1230095112147855747e-67
0
0
DERIV 18
4.821505059136449866e-52
1.1801937648176086396e-68
0
0
DERIV 19
-2.500856933800751922e-53
-1.6731381133361989760e-69
0
0
DERIV 20
1.2320398129753705294e-54
-1.4735452591701507311e-71
0
0
DERIV 21
-5.779291233573166278e-56
-3.151173090978854063e-72
0
0
DERIV 22
2.587148279492119823e-57
2.0810936708747428832e-73
0
0
DERIV 23
-1.1075417383778975261e-58
-1.2427462605072219731e-75
0
0
DERIV 24
4.542651661315595598e-60
-2.2538537917190568883e-76
0
0
DERIV 25
-1.7882184317559805419e-61
1.4114330569732344758e-77
0
0
DERIV 26
6.766831534560471227e-63
5.132734415429844370e-79
0
0
DERIV 27
-2.4651481000220296559e-64
-1.2184982310593616003e-80
0
0
DERIV 28
8.657365351267842575e-66
9.659875293003079814e-83
0
0
DERIV 29
-2.9347001190738448849e-67
-8.858325281118905541e-84
0
0
DERIV 30
9.613672803862595937e-69
-3.346204723401551975e-85
0
0
DERIV 31
-3.046778024993238851e-70
-2.7557587985841815551e-86
0
0
DERIV 32
9.351160232959160283e-72
-1.5959786617806287159e-89
0
0
DERIV 33
-2.7821633750952872230e-73
-1.2923337141783623907e-89
0
0
DERIV 34
8.031299503270710061e-75
-3.841603490510806489e-91
0
0
DERIV 35
-2.2513615858225168500e-76
-1.4835116510026582054e-92
0
0
AT 88
5.388595686907055137e-37
2.998922467257189416e-53
0
0
DERIV 1
-5.328049667953043254e-37
-3.246767935682550401e-53
0
0
DERIV 2
2.633751824499515685e-37
1.7473067020539559244e-53
0
0
DERIV 3
-8.678262716741699492e-38
-2.757269071289575167e-54
0
0
DERIV 4
2.1443381712879200085e-38
-7.745438273350902895e-56
0
0
DERIV 5
-4.238221326780829896e-39
-2.2267306142202911251e-55
0
0
DERIV 6
6.979610518309700442e-40
-4.760139284854885535e-57
0
0
DERIV 7
-9.850741179025739508e-41
5.690751902745165891e-57
0
0
DERIV 8
1.2163262736297025824e-41
-6.094149005104759968e-58
0
0
DERIV 9
-1.3347887776457640695e-42
-1.4416772363908292632e-59
0
0
DERIV 10
1.3181039179251920823e-43
-4.948711373593865368e-60
0
0
DERIV 11
-1.1831082347314727414e-44
3.0669458435602712102e-61
0
0
DERIV 12
9.732834837000363484e-46
-3.719755394825228965e-62
0
0
DERIV 13
-7.389564911209067348e-47
4.504668249114899222e-63
0
0
DERIV 14
5.208809852825940125e-48
-1.1190999795236058338e-64
0
0
DERIV 15
-3.426239369858840180e-49
-3.619181308412966934e-65
0
0
DERIV 16
2.1124617736460756476e-50
2.4248442077114509794e-67
0
0
DERIV 17
-1.2256023183119858328e-51
-5.256523248700760011e-68
0
0
DERIV 18
6.714333688283255800e-53
2.0783594015316833329e-69
0
0
DERIV 19
-3.484087162192942589e-54
2.5690453693099363742e-70
0
0
DERIV 20
1.7171572442236643690e-55
6.588062778821240067e-72
0
0
DERIV 21
-8.058432892146941426e-57
-2.0907571738414216478e-74
0
0
DERIV 22
3.609057511857252880e-58
3.0824346763489736663e-74
0
0
DERIV 23
-1.5457352094911014046e-59
1.0398808666651849151e-75
0
0
DERIV 24
6.342979079351109878e-61
2.5719597236027585850e-77
0
0
DERIV 25
-2.498157914329052464e-62
-1.4301498182650333723e-78
0
0
DERIV 26
9.458169988144850360e-64
2.5601268928892826038e-80
0
0
DERIV 27
-3.447422335479016772e-65
8.616942097402730089e-82
0
0
DERIV 28
1.2113638390796085152e-66
-1.1772522878840794022e-82
0
0
DERIV 29
-4.108639363752204796e-68
-5.697323759080795970e-85
0
0
DERIV 30
1.3467206803410004323e-69
4.727210337403165605e-86
0
0
DERIV 31
-4.270628729348170237e-71
3.184295000289942835e-87
0
0
DERIV 32
1.3115616248536943803e-72
4.521342844311340844e-89
0
0
DERIV 33
-3.904702338745714227e-74
-1.7093555572481630906e-90
0
0
DERIV 34
1.1279339739023859437e-75
4.318945973315883142e-92
0
0
DERIV 35
-3.1640745241937061778e-77
3.285202077594172177e-94
0
0
AT 90
7.456551487831368661e-38
3.807374568854516338e-54
0
0
DERIV 1
-7.374611361591464199e-38
3.118302392647822623e-54
0
0
DERIV 2
3.646335617675779347e-38
1.9825389732373861253e-55
0
0
DERIV 3
-1.2017885181852757053e-38
1.0881948611424769318e-54
0
0
DERIV 4
2.970329576196561534e-39
3.0942200705158654438e-55
0
0
DERIV 5
-5.872375713859869731e-40
3.389384933219357734e-56
0
0
DERIV 6
9.673487125544359432e-41
-9.377070801620177484e-57
0
0
DERIV 7
-1.3656687706650860194e-41
1.1438960855596538560e-57
0
0
DERIV 8
1.6867635113869364421e-42
1.8024406736085591759e-59
0
0
DERIV 9
-1.8516011771583504441e-43
-1.5467614043201847364e-59
0
0
DERIV 10
1.8290206749978830120e-44
-1.0341624637885023272e-60
0
0
DERIV 11
-1.6422183389431048406e-45
9.669546072492010353e-62
0
0
DERIV 12
1.3514088414219299635e-46
-1.7990384201047954081e-63
0
0
DERIV 13
-1.0263864618394404525e-47
-1.2491297334360189336e-64
0
0
DERIV 14
7.237340436047336952e-49
-3.404382683484152368e-65
0
0
DERIV 15
-4.762232667875303607e-50
-1.3772458603345072041e-66
0
0
DERIV 16
2.937232319824405976e-51
1.1618068298365726977e-67
0
0
DERIV 17
-1.7047466013098514459e-52
6.668290050100686475e-69
0
0
DERIV 18
9.342830472644080646e-54
-2.6450934736856687453e-70
0
0
DERIV 19
-4.849919207140402419e-55
2.0207575094976864616e-71
0
0
DERIV 20
2.391279609076170627e-56
-8.957270600570347989e-73
0
0
DERIV 21
-1.1226664831343523698e-57
4.852354021582040579e-75
0
0
DERIV 22
5.030129047809760198e-59
3.986092963646670207e-75
0
0
DERIV 23
-2.1553167942726132392e-60
3.167432162120757836e-78
0
0
DERIV 24
8.848420662761341777e-62
-6.734164406629875877e-78
0
0
DERIV 25
-3.486541873088050709e-63
-1.1425854270522785454e-79
0
0
DERIV 26
1.3206598004121405068e-64
-4.361351687101073279e-81
0
0
DERIV 27
-4.816081323440283919e-66
-3.911902128919927474e-82
0
0
DERIV 28
1.6931535902719749800e-67
-2.719403364313572740e-84
0
0
DERIV 29
-5.745786677441842164e-69
5.070188756196690369e-85
0
0
DERIV 30
1.8843708995911416785e-70
-5.973147684595645405e-87
0
0
DERIV 31
-5.978966365704310163e-72
4.261152845738299241e-88
0
0
DERIV 32
1.8372865394612202843e-73
-1.0475984417391194401e-89
0
0
DERIV 33
-5.473169968605586766e-75
2.0163780299365630665e-91
0
0
DERIV 34
1.5820014615137852738e-76
-1.1056009659109348164e-92
0
0
DERIV 35
-4.440705856880800052e-78
-4.062381801475444348e-94
0
0
AT 92
1.0313132879602868629e-38
-2.9978712913430242453e-55
0
0
DERIV 1
-1.0202238977671655044e-38
3.526952629543510316e-55
0
0
DERIV 2
5.045672537870220729e-39
-2.0280169838719980122e-55
0
0
DERIV 3
-1.6634085289682044281e-39
-1.4109156050087612805e-55
0
0
DERIV 4
4.112315529949172348e-40
5.879615932723155655e-57
0
0
DERIV 5
-8.132219474955667253e-41
4.702731651954544254e-57
0
0
DERIV 6
1.3399679816688313970e-41
6.154528388821754748e-58
0
0
DERIV 7
-1.8922372154929310331e-42
-9.057351858694995755e-59
0
0
DERIV 8
2.3377930714665572310e-43
1.1653150380984355908e-59
0
0
DERIV 9
-2.566988470629945300e-44
-2.2530961044690454161e-61
0
0
DERIV 10
2.5364290840748269898e-45
-6.367414232868591563e-62
0
0
DERIV 11
-2.2780633613815531256e-46
-8.296599665005178226e-63
0
0
DERIV 12
1.8752350840640835494e-47
-1.1550195551452996967e-63
0
0
DERIV 13
-1.4246800258796455387e-48
4.932830232256392537e-66
0
0
DERIV 14
1.0049082325401072052e-49
-8.758300707269620552e-66
0
0
DERIV 15
-6.614585834441211884e-51
4.773331681968378888e-67
0
0
DERIV 16
4.081114657467734735e-52
-1.3282510009148193719e-68
0
0
DERIV 17
-2.369478334358654251e-53
8.986898682018310051e-70
0
0
DERIV 18
1.2990561043632972260e-54
1.1736402248047996156e-71
0
0
DERIV 19
-6.745975559500631423e-56
1.5384742191493875136e-72
0
0
DERIV 20
3.327406863807743599e-57
2.0251674330318252520e-73
0
0
DERIV 21
-1.5627742608881770721e-58
-5.600362363174567081e-75
0
0
DERIV 22
7.004859376455844054e-60
3.961837622450938952e-76
0
0
DERIV 23
-3.0026953848861550053e-61
5.116853785032755538e-79
0
0
DERIV 24
1.2332498902210994574e-62
-8.229455867330115437e-79
0
0
DERIV 25
-4.861506813625203129e-64
-2.0479246685319978662e-80
0
0
DERIV 26
1.8423131024484651116e-65
-4.737189824573976933e-82
0
0
DERIV 27
-6.721540340607998073e-67
-5.024448083194883532e-83
0
0
DERIV 28
2.364178150105627090e-68
1.1433107976384391459e-84
0
0
DERIV 29
-8.026917857122554001e-70
9.653716797982707132e-87
0
0
DERIV 30
2.6338324218683380719e-71
-7.189155191109973342e-88
0
0
DERIV 31
-8.361372767835993500e-73
-1.5078603544425707968e-89
0
0
DERIV 32
2.5707849739818326092e-74
1.1603808145351853691e-90
0
0
DERIV 33
-7.662548357620962404e-76
4.808515628488911950e-92
0
0
DERIV 34
2.2161291818609643131e-77
1.6474050387891771430e-93
0
0
DERIV 35
-6.224479058011425167e-79
-4.853446872750458332e-95
0
0
AT 94
1.4257464745720251902e-39
-4.708137921425591378e-56
0
0
DERIV 1
-1.4107386169449512065e-39
1.2242078022534671572e-56
0
0
DERIV 2
6.978653796589386114e-40
1.1298611584593285317e-56
0
0
DERIV 3
-2.3012048361513387318e-40
-9.572754060151302517e-57
0
0
DERIV 4
5.690479350265539244e-41
-2.952366089472252422e-57
0
0
DERIV 5
-1.1255893220305461022e-41
-6.344682132342652551e-58
0
0
DERIV 6
1.8551379566799743509e-42
-1.1492290224149044262e-58
0
0
DERIV 7
-2.6204195856795782286e-43
-1.4644252696104658560e-59
0
0
DERIV 8
3.238302612984706157e-44
7.348456346210091586e-61
0
0
DERIV 9
-3.556756382077710449e-45
-9.819585975568491692e-62
0
0
DERIV 10
3.515398749727970010e-46
-2.828393270876485524e-62
0
0
DERIV 11
-3.158219197616571603e-47
-1.3015707265148617438e-63
0
0
DERIV 12
2.6005177916882484043e-48
1.4575815058270403059e-64
0
0
DERIV 13
-1.9762971169456567934e-49
-1.2133119997472573758e-65
0
0
DERIV 14
1.3944256661376151677e-50
-9.718969965310427722e-67
0
0
DERIV 15
-9.181403563046024599e-52
-5.567828920531975014e-68
0
0
DERIV 16
5.666647511567468910e-53
-2.591065582976231738e-69
0
0
DERIV 17
-3.291128115430100927e-54
-1.8486867287468559443e-72
0
0
DERIV 18
1.8049634251290439671e-55
-1.0337967519658073051e-72
0
0
DERIV 19
-9.376433377293734571e-57
-2.6971338258324972570e-73
0
0
DERIV 20
4.626529626954145273e-58
2.0755330619919159784e-74
0
0
DERIV 21
-2.173734554886392033e-59
-1.2924118309825789374e-75
0
0
DERIV 22
9.747089834564289483e-61
-3.0319275856906198956e-77
0
0
DERIV 23
-4.179812198264614360e-62
-4.162372331038149820e-78
0
0
DERIV 24
1.7173996879443728883e-63
8.106331106019018862e-80
0
0
DERIV 25
-6.772843839780625401e-65
-3.933332010802196135e-81
0
0
DERIV 26
2.567726510686061188e-66
2.3948252563722399424e-82
0
0
DERIV 27
-9.372270677759107313e-68
-4.205357597670700716e-84
0
0
DERIV 28
3.298015417068593820e-69
-2.3700275299175961928e-85
0
0
DERIV 29
-1.1202728642641645335e-70
-3.912639239570474799e-87
0
0
DERIV 30
3.677663443291449480e-72
-1.2543920215879108499e-88
0
0
DERIV 31
-1.1680916147426935416e-73
-4.996909782784570802e-90
0
0
DERIV 32
3.593250572694809234e-75
1.5371353335714254821e-91
0
0
DERIV 33
-1.0715802573693033606e-76
-6.443554676317843866e-93
0
0
DERIV 34
3.100872661267908446e-78
-5.278738791202924002e-95
0
0
DERIV 35
-8.714396237755246039e-80
-3.058569698862199560e-97
0
0
AT 96
1.9701598828527666601e-40
-6.217333228382783923e-57
0
0
DERIV 1
-1.9498489562254182895e-40
-1.9914345272419391306e-56
0
0
DERIV 2
9.647690147990351634e-41
2.631435424115394688e-57
0
0
DERIV 3
-3.182045171617870607e-41
1.5647672626596354258e-57
0
0
DERIV 4
7.870484068097392914e-42
-5.768454070374467337e-58
0
0
DERIV 5
-1.5571710414300216710e-42
-3.867122965389736076e-59
0
0
DERIV 6
2.5670754487342750236e-43
-1.0363860844318048900e-59
0
0
DERIV 7
-3.626951183455019448e-44
-6.224310633634464970e-61
0
0
DERIV 8
4.483314657326343754e-45
-1.9272460004155678678e-61
0
0
DERIV 9
-4.925489261482125430e-46
1.6900257678943031211e-62
0
0
DERIV 10
4.869517792601646537e-47
2.7387134470882973788e-64
0
0
DERIV 11
-4.375951203382880108e-48
2.2749263285193899864e-64
0
0
DERIV 12
3.604223374879310149e-49
-1.6970663551578422831e-65
0
0
DERIV 13
-2.739862113030425801e-50
1.1525852076021997865e-66
0
0
DERIV 14
1.9337462192306576816e-51
-9.749635010416851596e-68
0
0
DERIV 15
-1.2736320480073407532e-52
1.5056309718133118794e-69
0
0
DERIV 16
7.863124686630685741e-54
2.1803092062403818420e-70
0
0
DERIV 17
-4.568264160714995332e-55
-1.4140120380232562771e-71
0
0
DERIV 18
2.506200477058921282e-56
-1.5384863826179568579e-72
0
0
DERIV 19
-1.3023560107301522446e-57
2.6215720218787620639e-74
0
0
DERIV 20
6.428295693988572235e-59
-3.878985606818376234e-75
0
0
DERIV 21
-3.021338730631610691e-60
-7.199560655607944149e-77
0
0
DERIV 22
1.3552655789316434996e-61
8.435961958876290626e-78
0
0
DERIV 23
-5.813892918315456352e-63
-1.8165745911504088804e-79
0
0
DERIV 24
2.3897194990823666830e-64
2.300149451357059468e-81
0
0
DERIV 25
-9.427934462133173270e-66
5.123258656304429277e-82
0
0
DERIV 26
3.575765741514183901e-67
2.1115752527509786290e-83
0
0
DERIV 27
-1.3057047569431032400e-68
1.6984950569844147835e-85
0
0
DERIV 28
4.596613685156842808e-70
1.7132087190880709192e-86
0
0
DERIV 29
-1.5620676191437547381e-71
2.5752475996307204730e-89
0
0
DERIV 30
5.130320121697625836e-73
1.1255458210878994350e-90
0
0
DERIV 31
-1.6302413482524955424e-74
8.794005611802977073e-91
0
0
DERIV 32
5.017314755511941569e-76
-6.610328590009165987e-93
0
0
DERIV 33
-1.4970076659802530098e-77
6.719414456330481949e-94
0
0
DERIV 34
4.334167415292092805e-79
-1.8572930349264757330e-95
0
0
DERIV 35
-1.2186774591751008642e-80
-8.245793386028256690e-98
0
0
AT 98
2.721297157831113014e-41
-2.3321980544862388163e-57
0
0
DERIV 1
-2.693809307752010388e-41
-2.4287964575529551310e-57
0
0
DERIV 2
1.3331607288364541364e-41
1.0459484269841508959e-57
0
0
DERIV 3
-4.398056012656343595e-42
-2.9249954173060805183e-58
0
0
DERIV 4
1.0880607322977934569e-42
-4.711872545887203977e-59
0
0
DERIV 5
-2.1532149228630015519e-43
-1.4320290063894351579e-59
0
0
DERIV 6
3.550513968550694048e-44
2.3613244254293876605e-60
0
0
DERIV 7
-5.017623427137693882e-45
-3.737077346514329421e-62
0
0
DERIV 8
6.203855052575137969e-46
-1.0598759666877738337e-62
0
0
DERIV 9
-6.817423134697953983e-47
2.874318446322043161e-63
0
0
DERIV 10
6.741673988756865886e-48
-5.651381526508563819e-64
0
0
DERIV 11
-6.059931675287070220e-49
2.689997804670399764e-65
0
0
DERIV 12
4.992557346117187843e-50
4.689676078295717346e-66
0
0
DERIV 13
-3.796285868842424453e-51
9.519725604356099394e-68
0
0
DERIV 14
2.6801021499302830933e-52
-1.1649914123590164385e-68
0
0
DERIV 15
-1.7657143576011277204e-53
1.1220802243110614052e-69
0
0
DERIV 16
1.0904337178637915984e-54
4.875190983561273532e-72
0
0
DERIV 17
-6.337035071922814483e-56
6.280232236296022814e-73
0
0
DERIV 18
3.477641198006422693e-57
-1.4489979981902343833e-73
0
0
DERIV 19
-1.8077407137135401531e-58
1.6726109516691756793e-74
0
0
DERIV 20
8.925719773960603179e-60
5.006638326758512237e-76
0
0
DERIV 21
-4.196540942549289266e-61
1.3228222244814186582e-78
0
0
DERIV 22
1.8830632434516041966e-62
-4.468777913912246084e-79
0
0
DERIV 23
-8.080903811537092265e-64
-6.509377509711620802e-80
0
0
DERIV 24
3.322740054085975571e-65
1.3449071963615146208e-81
0
0
DERIV 25
-1.3113747413459317214e-66
-2.3701412414598724099e-83
0
0
DERIV 26
4.975590234836435235e-68
1.8067851562438992147e-84
0
0
DERIV 27
-1.8175672090726705488e-69
7.737817372513143058e-86
0
0
DERIV 28
6.401154357349186978e-71
-2.980459371741633839e-87
0
0
DERIV 29
-2.1762059495601898064e-72
6.568200343775000342e-89
0
0
DERIV 30
7.150390977126337855e-74
-1.3502264455227884505e-90
0
0
DERIV 31
-2.273149071737218186e-75
2.3875606607563572918e-92
0
0
DERIV 32
6.999126277867353136e-77
5.807309469970885530e-93
0
0
DERIV 33
-2.0892914262290607342e-78
-7.675626189873546983e-95
0
0
DERIV 34
6.051869104495942563e-80
7.145136736650659153e-97
0
0
DERIV 35
-1.7025038359900674922e-81
1.1376447110248935024e-97
0
0
AT 100
3.757276735781044237e-42
8.532144732406346231e-59
0
0
DERIV 1
-3.720075976020835702e-42
-2.6113637759494865414e-58
0
0
DERIV 2
1.8414376081303139018e-42
-1.0014272829357355011e-58
0
0
DERIV 3
-6.076124094167365712e-43
3.062995290491785896e-59
0
0
DERIV 4
1.5035307069750879381e-43
-6.969749094661134007e-60
0
0
DERIV 5
-2.976060780816668996e-44
2.2520844370763432174e-60
0
0
DERIV 6
4.908433579471936651e-45
-3.1093599994137191422e-61
0
0
DERIV 7
-6.938236939403940145e-46
5.584393015425983426e-63
0
0
DERIV 8
8.580532385167106622e-47
1.3781984960514213767e-63
0
0
DERIV 9
-9.431409551199209633e-48
2.9141302647279780145e-64
0
0
DERIV 10
9.328894229990522176e-49
1.0809124711622853882e-65
0
0
DERIV 11
-8.387617189801668530e-50
1.4281292863448272394e-66
0
0
DERIV 12
6.912017869373597417e-51
-3.199088561455231698e-67
0
0
DERIV 13
-5.257195959419849437e-52
3.055128718508179330e-68
0
0
DERIV 14
3.712467925889016915e-53
-7.725058082677777452e-70
0
0
DERIV 15
-2.4465305871759039452e-54
1.2862766681523989023e-70
0
0
DERIV 16
1.5113015981827894294e-55
-7.854453790202965965e-73
0
0
DERIV 17
-8.785421055180229182e-57
1.9024758306360819546e-74
0
0
DERIV 18
4.822684838491792460e-58
4.529529300785251802e-76
0
0
DERIV 19
-2.507673790464977827e-59
1.3447408942518950786e-75
0
0
DERIV 20
1.2385462013881902384e-60
-3.675921410494608759e-77
0
0
DERIV 21
-5.825026226399483454e-62
-1.5103694354818155826e-78
0
0
DERIV 22
2.614642453895222500e-63
2.5425772187309793311e-79
0
0
DERIV 23
-1.1224111799880427537e-64
-3.590331107632044632e-81
0
0
DERIV 24
4.616755387771329851e-66
-9.928047081294744036e-85
0
0
DERIV 25
-1.8227190102369926513e-67
8.698859041844728927e-84
0
0
DERIV 26
6.918214866790204301e-69
2.700318018598578501e-85
0
0
DERIV 27
-2.5281377784813587693e-70
6.194457373245247872e-87
0
0
DERIV 28
8.907049123027953088e-72
-1.1343281971101380793e-88
0
0
DERIV 29
-3.029322328096422108e-73
-2.5497417561031642155e-89
0
0
DERIV 30
9.957494689576202444e-75
6.926549375250889694e-91
0
0
DERIV 31
-3.166854285644408302e-76
2.1658801737738753735e-92
0
0
DERIV 32
9.755042219172506812e-78
2.3684988148720460551e-94
0
0
DERIV 33
-2.913231756274617642e-79
-1.8521460642975877316e-95
0
0
DERIV 34
8.442323861176445220e-81
-8.240262315197981917e-97
0
0
DERIV 35
-2.3760911506935834831e-82
-1.4265203703588434248e-99
0
0
AT 102
5.185612619527932241e-43
-3.723544603580180387e-59
0
0
DERIV 1
-5.135266865940281926e-43
-1.1846835188499426012e-59
0
0
DERIV 2
2.5424605561763162040e-43
-9.362739571910980085e-60
0
0
DERIV 3
-8.390958931274970819e-44
1.5784159496386730534e-60
0
0
DERIV 4
2.0767623354905553226e-44
-8.387150475415737933e-61
0
0
DERIV 5
-4.111569876324735507e-45
-1.1681569513697264469e-61
0
0
DERIV 6
6.782691802780601653e-46
-3.682118800064235608e-62
0
0
DERIV 7
-9.589667350028538210e-47
3.115182161707795481e-63
0
0
DERIV 8
1.1862218727248843269e-47
-8.158072812481949150e-64
0
0
DERIV 9
-1.3041503629957791563e-48
-1.3904995900721726005e-65
0
0
DERIV 10
1.2902764229639091661e-49
1.2948936987245129946e-66
0
0
DERIV 11
-1.1603658935745811251e-50
4.520755661242741897e-67
0
0
DERIV 12
9.564610173486130995e-52
-7.166770606915592660e-68
0
0
DERIV 13
-7.276541974756988239e-53
-1.3829043637147466007e-69
0
0
DERIV 14
5.139779648836285461e-54
-2.0071236235622554944e-71
0
0
DERIV 15
-3.388019543802195456e-55
-1.9026792844753074134e-71
0
0
DERIV 16
2.093449576070959164e-56
-2.0658602828374613720e-72
0
0
DERIV 17
-1.2172864336856151435e-57
6.329679707482167614e-74
0
0
DERIV 18
6.684066334837033790e-59
-8.020022108299880214e-76
0
0
DERIV 19
-3.476542242268178423e-60
-1.0065706866942136288e-76
0
0
DERIV 20
1.7175774173110643334e-61
5.630932306317893628e-78
0
0
DERIV 21
-8.080398635657331377e-63
3.408119086300794729e-79
0
0
DERIV 22
3.628116904036828563e-64
-3.2656250338832485381e-80
0
0
DERIV 23
-1.5579675379653583952e-65
5.410507247165395049e-82
0
0
DERIV 24
6.410387265586631259e-67
-5.850078837392086794e-83
0
0
DERIV 25
-2.531697249193707237e-68
-6.691778952476063867e-85
0
0
DERIV 26
9.612459969818317007e-70
-3.1956658573920986372e-86
0
0
DERIV 27
-3.5139343805011644971e-71
1.4757716310412345597e-87
0
0
DERIV 28
1.2384637149322711574e-72
1.1240140158884516371e-88
0
0
DERIV 29
-4.213623673792555104e-74
-2.0572187310769040801e-91
0
0
DERIV 30
1.3855609377786330980e-75
-1.0645400391278477170e-91
0
0
DERIV 31
-4.408324680515315206e-77
3.410685590586477244e-93
0
0
DERIV 32
1.3584681090129659808e-78
-2.8532174705947407892e-95
0
0
DERIV 33
-4.058590167772412249e-80
9.963008651106088881e-97
0
0
DERIV 34
1.1766500906567078335e-81
-1.0953507993067736860e-97
0
0
DERIV 35
-3.313134830834622104e-83
-5.900017725534143908e-100
0
0
AT 104
7.154234662622563433e-44
5.999122726021822776e-62
0
0
DERIV 1
-7.086099094407110846e-44
3.923309895592389754e-60
0
0
DERIV 2
3.508981763095828632e-44
1.0251067130664142604e-60
0
0
DERIV 3
-1.1583046596627006965e-44
-5.075540875948555947e-61
0
0
DERIV 4
2.867371829066979623e-45
1.6835148437522662048e-61
0
0
DERIV 5
-5.677964017954415164e-46
-2.640535117569501246e-62
0
0
DERIV 6
9.368640629624785915e-47
-4.588701517935644022e-63
0
0
DERIV 7
-1.3248582708560301595e-47
-1.0698863914436119545e-63
0
0
DERIV 8
1.6391741361356496464e-48
4.555452853115450053e-65
0
0
DERIV 9
-1.8025282596680683528e-49
-3.704200010881766772e-66
0
0
DERIV 10
1.7837519236298594261e-50
-8.203845088097854892e-67
0
0
DERIV 11
-1.6045232614469548107e-51
-5.996947788837129610e-69
0
0
DERIV 12
1.3228782208738192047e-52
-7.397498774191339383e-69
0
0
DERIV 13
-1.0066567106732122227e-53
-1.9065663650703490782e-70
0
0
DERIV 14
7.112248499321608347e-55
-1.1728105509607099927e-71
0
0
DERIV 15
-4.689394614937324036e-56
-7.194126717006809972e-73
0
0
DERIV 16
2.898306393954318346e-57
2.5597701767280797852e-74
0
0
DERIV 17
-1.6857300903369467374e-58
1.6279874097650925645e-74
0
0
DERIV 18
9.258744814350653491e-60
4.378049392322682501e-77
0
0
DERIV 19
-4.817011821138271038e-61
-8.984718565356119554e-79
0
0
DERIV 20
2.380500027888098989e-62
7.473451776272041140e-79
0
0
DERIV 21
-1.1202353072414584398e-63
5.690761226524029258e-80
0
0
DERIV 22
5.031359875597459184e-65
3.627864036206969384e-83
0
0
DERIV 23
-2.1611917747458966552e-66
9.480696993173305907e-83
0
0
DERIV 24
8.895149072887073884e-68
3.731335114142944552e-84
0
0
DERIV 25
-3.514132967066498448e-69
-2.4123588169009543521e-86
0
0
DERIV 26
1.3346947326839104039e-70
7.350679422100460164e-87
0
0
DERIV 27
-4.880740232036803221e-72
-2.1223962209127591583e-88
0
0
DERIV 28
1.7207737997565654316e-73
-1.1851468612672259475e-89
0
0
DERIV 29
-5.856641683004879264e-75
-4.399537119234809254e-91
0
0
DERIV 30
1.9265268694095000325e-76
-1.2980005828194898870e-92
0
0
DERIV 31
-6.131741433819483783e-78
2.2177799397582665655e-94
0
0
DERIV 32
1.8902750197163102705e-79
1.1788573919784432097e-95
0
0
DERIV 33
-5.649638913224340129e-81
2.388495744594721592e-97
0
0
DERIV 34
1.6385799135577130794e-82
-1.2091031839988102196e-98
0
0
DERIV 35
-4.615718066359754793e-84
-2.0012026545735874934e-101
0
0
AT 106
9.866626672530686341e-45
-1.7108961424506756822e-61
0
0
DERIV 1
-9.774415208301426904e-45
-5.167858054571605043e-61
0
0
DERIV 2
4.841101872036084356e-45
-1.997091520641990390e-62
0
0
DERIV 3
-1.5983320466404848791e-45
-1.0798893154823137889e-61
0
0
DERIV 4
3.957408673172354358e-46
2.972947838356258775e-62
0
0
DERIV 5
-7.837974459486993232e-47
-4.547652501681860129e-63
0
0
DERIV 6
1.2935219287715463561e-47
-1.2332920366866853856e-64
0
0
DERIV 7
-1.8295925442313243743e-48
-1.5649446364500378064e-65
0
0
DERIV 8
2.2641207734862638715e-49
6.114668799494174959e-66
0
0
DERIV 9
-2.490278740759302739e-50
9.686642986770882270e-67
0
0
DERIV 10
2.4648677332005342587e-51
-1.1096141994469351999e-68
0
0
DERIV 11
-2.2176879324016052196e-52
-1.0160564307785848490e-68
0
0
DERIV 12
1.8288225136992404831e-53
1.6173638713054010009e-70
0
0
DERIV 13
-1.3919782695362638856e-54
-1.3807791739424855241e-70
0
0
DERIV 14
9.836928500522231167e-56
-6.041483924689197689e-72
0
0
DERIV 15
-6.487436717190288135e-57
-1.2169875648255046588e-73
0
0
DERIV 16
4.010575687936931129e-58
-2.0929299516365399978e-74
0
0
DERIV 17
-2.333237310370547999e-59
-4.716215641069658010e-76
0
0
DERIV 18
1.2818402507591281521e-60
9.551119500208371771e-77
0
0
DERIV 19
-6.670723954275770691e-62
-2.0082835012371764454e-78
0
0
DERIV 20
3.297460136488591361e-63
-6.756196939839956528e-80
0
0
DERIV 21
-1.5521706170663318654e-64
-1.0631349553844496536e-80
0
0
DERIV 22
6.973282370541132520e-66
-5.119606989137334490e-82
0
0
DERIV 23
-2.996192936703095152e-67
6.932190890736999875e-84
0
0
DERIV 24
1.2335516554878814268e-68
-1.8735398408247645247e-85
0
0
DERIV 25
-4.874758349397892570e-70
-2.2303120705303695375e-86
0
0
DERIV 26
1.8520423372477922779e-71
1.2302321822923751117e-88
0
0
DERIV 27
-6.774731914943912820e-73
-4.501196907066907984e-89
0
0
DERIV 28
2.3893027735739694498e-74
-3.761616905956438855e-91
0
0
DERIV 29
-8.134684257475758150e-76
2.2127965251363815052e-92
0
0
DERIV 30
2.6767978112206552354e-77
1.5139915890569826601e-93
0
0
DERIV 31
-8.522690978331369857e-79
-4.569368039018500216e-95
0
0
DERIV 32
2.6282969711137039836e-80
-1.4491476234962487044e-96
0
0
DERIV 33
-7.858342459087438093e-82
3.533609756874379118e-98
0
0
DERIV 34
2.2800437182566891588e-83
-1.4846279693323916335e-99
0
0
DERIV 35
-6.425172121897518509e-85
-4.244446605749605599e-101
0
0
AT 108
1.3602616445751168375e-45
2.348239591581162891e-62
0
0
DERIV 1
-1.3477821799459874023e-45
5.380672490679089274e-62
0
0
DERIV 2
6.676513576584289057e-46
1.2239768108567561983e-62
0
0
DERIV 3
-2.2047054178128803679e-46
-1.7127632890176856779e-62
0
0
DERIV 4
5.459765775244161930e-47
-2.1796256022835688466e-63
0
0
DERIV 5
-1.0815536011912244424e-47
2.6971267967356531020e-64
0
0
DERIV 6
1.7852567455560274979e-48
-1.7250039815069476869e-65
0
0
DERIV 7
-2.5256059368476395614e-49
1.2976288900854655927e-65
0
0
DERIV 8
3.126056367911906875e-50
-2.2577809609617232999e-66
0
0
DERIV 9
-3.439005905293626405e-51
-2.7197011640814136139e-67
0
0
DERIV 10
3.404615846240690539e-52
-1.2837541347017291776e-68
0
0
DERIV 11
-3.063841624716140004e-53
-1.2630560343204422583e-69
0
0
DERIV 12
2.5271482788900135689e-54
-2.5924613161712918283e-71
0
0
DERIV 13
-1.9239193875768542338e-55
1.4871277858879708532e-71
0
0
DERIV 14
1.3599132575878060438e-56
4.311638689776705274e-73
0
0
DERIV 15
-8.970655874614299408e-58
-3.936441947702090333e-74
0
0
DERIV 16
5.547014603318682705e-59
1.7622411374841508243e-76
0
0
DERIV 17
-3.227864285296134250e-60
9.147724719358422482e-77
0
0
DERIV 18
1.7737660021856774757e-61
1.1160837517722256029e-77
0
0
DERIV 19
-9.233021411030131873e-63
-1.6076562473842804541e-79
0
0
DERIV 20
4.565216142120453865e-64
3.0739033678509200297e-80
0
0
DERIV 21
-2.149486466059924936e-65
1.8617955671795483608e-82
0
0
DERIV 22
9.659365834050281959e-67
4.717642459812001004e-83
0
0
DERIV 23
-4.151451582850196528e-68
1.8126271308699988992e-84
0
0
DERIV 24
1.7096578708443152531e-69
1.0292359354800054072e-85
0
0
DERIV 25
-6.758176995337529216e-71
2.793609885966454654e-87
0
0
DERIV 26
2.568354810499152419e-72
6.139746179908082926e-89
0
0
DERIV 27
-9.397817691250803094e-74
-2.709276547565454917e-90
0
0
DERIV 28
3.315432199439525784e-75
-2.0717450624761165310e-91
0
0
DERIV 29
-1.1291382543855343964e-76
-7.011708095636117911e-93
0
0
DERIV 30
3.716746754019050971e-78
-1.8486013522075491230e-95
0
0
DERIV 31
-1.1837739763719313258e-79
3.029533260607876176e-96
0
0
DERIV 32
3.651866834160204541e-81
1.7663944664287596962e-97
0
0
DERIV 33
-1.0922545430782194992e-82
6.376028172692192057e-99
0
0
DERIV 34
3.170243449336937367e-84
-1.5108986340862465128e-100
0
0
DERIV 35
-8.937067247654603943e-86
-1.8207736934613856166e-103
0
0
AT 110
1.8746921870492315035e-46
7.127427979268918655e-63
0
0
DERIV 1
-1.8578030682469863919e-46
1.3883176318616832845e-62
0
0
DERIV 2
9.204569747223704457e-47
2.0000324350647751228e-63
0
0
DERIV 3
-3.040041384404159471e-47
1.2145130093496945111e-63
0
0
DERIV 4
7.529732132667709496e-48
3.636257337459093797e-65
0
0
DERIV 5
-1.4918721608650040024e-48
-1.3604231339018380935e-64
0
0
DERIV 6
2.4629964919941106823e-49
-6.507675959810686026e-66
0
0
DERIV 7
-3.485056260780782376e-50
-1.0151507725150768509e-67
0
0
DERIV 8
4.314432630533901151e-51
1.4158726859521060443e-67
0
0
DERIV 9
-4.747272150102027199e-52
-1.3568545167387320734e-68
0
0
DERIV 10
4.700730266277498121e-53
-4.423292065833785633e-69
0
0
DERIV 11
-4.231080347684516468e-54
8.458393378979545165e-71
0
0
DERIV 12
3.490641286839725797e-55
2.3803098359872693039e-71
0
0
DERIV 13
-2.657986372263350270e-56
2.0650964492727237268e-72
0
0
DERIV 14
1.8791886159587825701e-57
-8.061446390990764096e-74
0
0
DERIV 15
-1.2398770249624956168e-58
-5.317714650747539099e-75
0
0
DERIV 16
7.668510245536269235e-60
-3.996028640979217551e-76
0
0
DERIV 17
-4.463405344151141319e-61
2.9985809288280278638e-77
0
0
DERIV 18
2.453290171430591517e-62
1.9253233529725965703e-78
0
0
DERIV 19
-1.2773214248535056581e-63
6.318394671353353155e-80
0
0
DERIV 20
6.317187481612445896e-65
2.907965927014460019e-81
0
0
DERIV 21
-2.975127542360649704e-66
-1.0719280801155340851e-83
0
0
DERIV 22
1.3373048043944334643e-67
1.7090962494352583910e-85
0
0
DERIV 23
-5.749038729199322984e-69
-2.0934577785194072229e-85
0
0
DERIV 24
2.3682119765167665848e-70
8.743105662544423555e-87
0
0
DERIV 25
-9.363964596801928617e-72
5.610078332179774552e-88
0
0
DERIV 26
3.559646649052611157e-73
1.5898153759099813922e-89
0
0
DERIV 27
-1.3028772048820016043e-74
6.749521557688464525e-91
0
0
DERIV 28
4.597738435595498395e-76
2.5889747481473776888e-92
0
0
DERIV 29
-1.5663255160732484816e-77
7.084031911112951547e-94
0
0
DERIV 30
5.157413284631427600e-79
1.3385135016356326258e-95
0
0
DERIV 31
-1.6431424244146324486e-80
-5.620873612706263177e-97
0
0
DERIV 32
5.070634825342029763e-82
2.7300698596827766712e-98
0
0
DERIV 33
-1.5171059316328283748e-83
4.293838780453776107e-100
0
0
DERIV 34
4.404870163488981379e-85
-1.3629750120818520591e-101
0
0
DERIV 35
-1.2421897307056124504e-86
-8.156178995864623349e-103
0
0
AT 112
2.582833854705259112e-47
-9.142641987292252970e-64
0
0
DERIV 1
-2.559976917938103739e-47
1.2222259008623477524e-64
0
0
DERIV 2
1.2685599905854741830e-47
3.349095092783778395e-64
0
0
DERIV 3
-4.190438407339655191e-48
-4.107132595708199072e-65
0
0
DERIV 4
1.0380858781819324938e-48
-5.801649077204274985e-65
0
0
DERIV 5
-2.0571243090579020757e-49
-5.125654179760155251e-66
0
0
DERIV 6
3.396794769586565590e-50
4.772451704015440317e-67
0
0
DERIV 7
-4.807212891538039571e-51
-4.257699603043684824e-68
0
0
DERIV 8
5.952327283154803232e-52
2.1220138218673539101e-69
0
0
DERIV 9
-6.550709390985618580e-53
-2.971216585565084573e-69
0
0
DERIV 10
6.487721800688123128e-54
-9.905239144851584837e-71
0
0
DERIV 11
-5.840667463991479441e-55
1.8676791902825944292e-71
0
0
DERIV 12
4.819505015222069509e-56
-3.185645298178601714e-72
0
0
DERIV 13
-3.670605495218901528e-57
-2.6816522188226496028e-73
0
0
DERIV 14
2.5956424573335578529e-58
1.0332331918282687578e-74
0
0
DERIV 15
-1.7129492311024096501e-59
-1.0271222716134186681e-75
0
0
DERIV 16
1.0596688483223629941e-60
4.849124845709651152e-77
0
0
DERIV 17
-6.169084865916000102e-62
1.6274014674886326979e-78
0
0
DERIV 18
3.391568647349924588e-63
4.171691876491822475e-80
0
0
DERIV 19
-1.7662462761823766825e-64
-1.3884479962297944572e-80
0
0
DERIV 20
8.737282110902913777e-66
1.4676748346999562650e-82
0
0
DERIV 21
-4.115872781378068425e-67
-2.254970543447201152e-84
0
0
DERIV 22
1.8505159244339768630e-68
9.747681820062044199e-85
0
0
DERIV 23
-7.957306889587806046e-70
-6.301182127021767593e-86
0
0
DERIV 24
3.2787051535804605448e-71
-1.9935045061388734382e-87
0
0
DERIV 25
-1.2967463079330671667e-72
3.100653767966005960e-90
0
0
DERIV 26
4.930809824745962130e-74
1.3541796512530108093e-90
0
0
DERIV 27
-1.8052347591664289736e-75
-1.0682439269617078264e-91
0
0
DERIV 28
6.372298776127982507e-77
-8.625692161900036891e-95
0
0
DERIV 29
-2.171493294907932455e-78
4.304211196004657531e-95
0
0
DERIV 30
7.152140614181638419e-80
7.769833114360873300e-97
0
0
DERIV 31
-2.279345240431237443e-81
1.4623192435478725698e-97
0
0
DERIV 32
7.036088585173420812e-83
-7.091085492558042188e-99
0
0
DERIV 33
-2.105825240605825364e-84
1.4197703599114630627e-101
0
0
DERIV 34
6.116183603230862101e-86
-6.400843449805720546e-103
0
0
DERIV 35
-1.7253610164631604464e-87
8.054913434268103016e-104
0
0
AT 114
3.557352734871316924e-48
5.251769952811379444e-65
0
0
DERIV 1
-3.526419235288014966e-48
-2.9345042676557168626e-64
0
0
DERIV 2
1.7477428678523568080e-48
-3.666659086279876667e-65
0
0
DERIV 3
-5.774253726869019430e-49
-2.793325758531006115e-65
0
0
DERIV 4
1.4306744735575458982e-49
-1.9689574602980034694e-66
0
0
DERIV 5
-2.835571030795673783e-50
1.2346890888087245179e-66
0
0
DERIV 6
4.682988524127092316e-51
2.8710673545767852618e-67
0
0
DERIV 7
-6.628607614659136518e-52
-3.017857751591521842e-68
0
0
DERIV 8
8.209039529278033455e-53
3.742454871051481345e-69
0
0
DERIV 9
-9.035910600257941194e-54
4.890334335572415510e-70
0
0
DERIV 10
8.950666167984732172e-55
5.379830173628287615e-71
0
0
DERIV 11
-8.059474305192295634e-56
4.378036395744890685e-72
0
0
DERIV 12
6.651649472301755646e-57
-5.541047747927531028e-73
0
0
DERIV 13
-5.066977197648664515e-58
-2.4449169905890257505e-74
0
0
DERIV 14
3.583786396475149987e-59
1.6782391884847726627e-75
0
0
DERIV 15
-2.3655355773722645995e-60
-7.325549741398535300e-78
0
0
DERIV 16
1.4636751398506848294e-61
3.134943557755671200e-78
0
0
DERIV 17
-8.522885552021789906e-63
-3.418847209808196544e-79
0
0
DERIV 18
4.686620744564456724e-64
2.1568546026683944035e-80
0
0
DERIV 19
-2.441213195441594763e-65
-1.8872131428199204351e-81
0
0
DERIV 20
1.2078919468720010827e-66
-6.223640053194901503e-83
0
0
DERIV 21
-5.691320457253354897e-68
-1.7373999158438176146e-84
0
0
DERIV 22
2.559442954922961375e-69
-9.953859340234904098e-86
0
0
DERIV 23
-1.1008356807129791998e-70
4.141440037105291940e-87
0
0
DERIV 24
4.536958652820186041e-72
2.868970515133392023e-88
0
0
DERIV 25
-1.7948407877345171097e-73
-2.206149786352495332e-90
0
0
DERIV 26
6.826531209003691299e-75
-2.0934860227430677063e-92
0
0
DERIV 27
-2.4999365255661001471e-76
-4.222694658227508588e-93
0
0
DERIV 28
8.826886281816468783e-78
-8.679282220800954600e-94
0
0
DERIV 29
-3.008768217058031559e-79
-2.6749499798426054034e-95
0
0
DERIV 30
9.912608479448409624e-81
3.529044128180307693e-97
0
0
DERIV 31
-3.159996635065606678e-82
5.491470315994610710e-99
0
0
DERIV 32
9.757430098748337130e-84
6.578693342382160622e-100
0
0
DERIV 33
-2.921172943308077288e-85
5.151048530546513614e-102
0
0
DERIV 34
8.486908491163077339e-87
-7.174326336679162781e-103
0
0
DERIV 35
-2.3948948156998444883e-88
6.230021176778242700e-105
0
0
AT 116
4.901367865982421449e-49
6.359447622376425162e-67
0
0
DERIV 1
-4.859511774637554502e-49
-3.271045259722092567e-65
0
0
DERIV 2
2.4088278416463441570e-49
-5.589790766937092559e-66
0
0
DERIV 3
-7.959665986579702278e-50
-3.482487716851515855e-66
0
0
DERIV 4
1.9724764585845645787e-50
-1.6683218076943395809e-67
0
0
DERIV 5
-3.910072841048406939e-51
3.468064506354414317e-69
0
0
DERIV 6
6.458654608212808213e-52
-3.021420621621960646e-68
0
0
DERIV 7
-9.143601640016577401e-53
-1.1645301544603688904e-69
0
0
DERIV 8
1.1325692299661429168e-53
4.994928147362082488e-70
0
0
DERIV 9
-1.2468758388113485900e-54
-1.4329448206525939471e-71
0
0
DERIV 10
1.2353414221047605937e-55
-1.4766066452535646677e-72
0
0
DERIV 11
-1.1125518230892476923e-56
-8.361236824618496133e-73
0
0
DERIV 12
9.183883247663519447e-58
-2.9544166079589883255e-74
0
0
DERIV 13
-6.997308694551262071e-59
4.009399114927364337e-75
0
0
DERIV 14
4.950065581411956434e-60
2.6374984572670485759e-76
0
0
DERIV 15
-3.268035682572484251e-61
-7.541463412799100659e-78
0
0
DERIV 16
2.022517277627290190e-62
-7.320193342676789340e-79
0
0
DERIV 17
-1.1779483844981043922e-63
-3.696955340931538450e-80
0
0
DERIV 18
6.478781796294983759e-65
-2.870894412987909540e-81
0
0
DERIV 19
-3.375476789965174352e-66
2.1900754947881678572e-83
0
0
DERIV 20
1.6705342119928101594e-67
9.873086554587805681e-84
0
0
DERIV 21
-7.873000138109683075e-69
4.488775128334436569e-85
0
0
DERIV 22
3.541397935093628546e-70
1.2194815619278473313e-86
0
0
DERIV 23
-1.5235475842494631626e-71
1.7450383566482242835e-88
0
0
DERIV 24
6.280653899373010199e-73
3.0755714823876354045e-89
0
0
DERIV 25
-2.4852771457493032387e-74
7.570685511812963293e-91
0
0
DERIV 26
9.454972045190007682e-76
4.851748355251146777e-92
0
0
DERIV 27
-3.463402162036326091e-77
-2.399604444003036325e-93
0
0
DERIV 28
1.2232010092336182227e-78
3.366446033343477110e-95
0
0
DERIV 29
-4.170595430630463082e-80
1.4452890345706290452e-96
0
0
DERIV 30
1.3744187822207473680e-81
4.253344294978309314e-98
0
0
DERIV 31
-4.382706734079593322e-83
2.8281747075844393603e-99
0
0
DERIV 32
1.3536889041417340713e-84
7.532711426234280112e-101
0
0
DERIV 33
-4.053884708738167731e-86
-3.5634023579684126598e-102
0
0
DERIV 34
1.1781417144611914631e-87
-2.7441429292970836218e-104
0
0
DERIV 35
-3.325612562687339466e-89
2.4286283021932644814e-105
0
0
AT 118
4.972087077854013557e-49
-2.435565299649631741e-65
0
0
DERIV 1
-4.976684228692022216e-49
3.133716701921903346e-65
0
0
DERIV 2
2.4906406897650150577e-49
1.8822930462068318126e-65
0
0
DERIV 3
-8.309797550613398274e-50
-1.9455352349823867664e-66
0
0
DERIV 4
2.0793648671691865889e-50
-5.958099210144998379e-67
0
0
DERIV 5
-4.162560693370046744e-51
-1.3917765713307066059e-67
0
0
DERIV 6
6.943986087336201605e-52
-4.255049734199081197e-68
0
0
DERIV 7
-9.929101455793797257e-53
7.522739801787916277e-69
0
0
DERIV 8
1.2422778483526988952e-53
2.0386184161979313683e-70
0
0
DERIV 9
-1.3815755719235258002e-54
-5.319121854396793389e-71
0
0
DERIV 10
1.3828424234551641122e-55
-8.933296770961832382e-72
0
0
DERIV 11
-1.2582811590789110107e-56
-7.323979477847000130e-73
0
0
DERIV 12
1.0495273685745760692e-57
-3.750670701809282546e-74
0
0
DERIV 13
-8.080670035256867992e-59
9.414203035187194981e-76
0
0
DERIV 14
5.777180442814339044e-60
-4.629012279009764430e-76
0
0
DERIV 15
-3.854969145058704909e-61
8.545669087984751267e-78
0
0
DERIV 16
2.411552913484073489e-62
-2.0181763714421737880e-78
0
0
DERIV 17
-1.4198530066508565529e-63
4.726151478931096907e-80
0
0
DERIV 18
7.895252644211891882e-65
-2.735004470172853745e-81
0
0
DERIV 19
-4.159175278553872620e-66
-1.0922753387784978715e-82
0
0
DERIV 20
2.0814772142875855564e-67
-9.275709766865778231e-84
0
0
DERIV 21
-9.920794234753497219e-69
-6.998493735797872321e-85
0
0
DERIV 22
4.513541914088492609e-70
1.6570019438683909086e-86
0
0
DERIV 23
-1.9641877840387093504e-71
-1.9334237396847285994e-87
0
0
DERIV 24
8.191525167553571300e-73
-4.192726426452710375e-89
0
0
DERIV 25
-3.2795738273116740408e-74
-9.114498584307494604e-91
0
0
DERIV 26
1.2625144567699691822e-75
1.4531032442816500851e-92
0
0
DERIV 27
-4.680201350273740185e-77
-1.1547601204789152716e-93
0
0
DERIV 28
1.6730082967960985735e-78
5.818886877418132033e-95
0
0
DERIV 29
-5.774193487419226306e-80
-3.402705125142733859e-96
0
0
DERIV 30
1.9264642826517847374e-81
1.1691335361673525078e-97
0
0
DERIV 31
-6.219991622033852023e-83
-1.0523152068247521963e-99
0
0
DERIV 32
1.9454944788399229371e-84
-8.895706382523530091e-101
0
0
DERIV 33
-5.900732047861415181e-86
3.1407245433645705807e-102
0
0
DERIV 34
1.7370665532518813489e-87
8.076793799640334126e-104
0
0
DERIV 35
-4.967496230463343662e-89
8.706943326646448905e-106
0
0
AT 120
4.981143841789460387e-46
-2.033820708310805303e-62
0
0
DERIV 1
-4.993037326834786567e-46
-2.233859702505610416e-62
0
0
DERIV 2
2.5024654059400567624e-46
-6.386144920022002834e-63
0
0
DERIV 3
-8.361373828209066823e-47
1.4982218697519968179e-63
0
0
DERIV 4
2.0952990758211526951e-47
5.933562560973380095e-64
0
0
DERIV 5
-4.200509389180077490e-48
-1.9071032878080961398e-64
0
0
DERIV 6
7.017367711196416997e-49
-5.749448823107924840e-65
0
0
DERIV 7
-1.0048409200608624249e-49
3.785262830381330688e-66
0
0
DERIV 8
1.2590009231527959521e-50
-5.978832567374745567e-67
0
0
DERIV 9
-1.4021674402550153155e-51
-1.862231294307759091e-68
0
0
DERIV 10
1.4054449658958130631e-52
-5.293482750537210464e-69
0
0
DERIV 11
-1.2806568104878277863e-53
-1.1022085411747260789e-69
0
0
DERIV 12
1.0696969827101578766e-54
-2.6462474418020169613e-71
0
0
DERIV 13
-8.247538128311224091e-56
9.199257008571074960e-73
0
0
DERIV 14
5.904741377201980534e-57
-3.716324542042398346e-73
0
0
DERIV 15
-3.945589394216342765e-58
-3.0967382650913362845e-74
0
0
DERIV 16
2.471677835602936920e-59
1.8820167503818185305e-75
0
0
DERIV 17
-1.4572719410709764054e-60
5.500010897345119351e-77
0
0
DERIV 18
8.114531908622164678e-62
2.978792693698826238e-78
0
0
DERIV 19
-4.280583467932757196e-63
-2.3448258676377696539e-79
0
0
DERIV 20
2.1451803340848192217e-64
5.666373317028627789e-81
0
0
DERIV 21
-1.0238423496205998683e-65
-5.636936623817054549e-82
0
0
DERIV 22
4.664410247449567977e-67
-9.686899302872295488e-86
0
0
DERIV 23
-2.032605057820572930e-68
-1.6283471820497743447e-84
0
0
DERIV 24
8.488356917617876840e-70
4.261823092869211749e-86
0
0
DERIV 25
-3.4030104377266799967e-71
5.513897758500855825e-89
0
0
DERIV 26
1.3117992724639266221e-72
-5.434054829386584618e-89
0
0
DERIV 27
-4.869438431746065439e-74
-3.169407374061183835e-90
0
0
DERIV 28
1.7429860855541651984e-75
6.709632159863849251e-92
0
0
DERIV 29
-6.023748334183817666e-77
2.638788921932621127e-93
0
0
DERIV 30
2.0123999405430445475e-78
8.199005221991033958e-95
0
0
DERIV 31
-6.506076676424139996e-80
-1.925125576501562948e-96
0
0
DERIV 32
2.0376689504434700930e-81
-4.539291362842353559e-98
0
0
DERIV 33
-6.188451331831504111e-83
2.1357481568560225336e-99
0
0
DERIV 34
1.8241612554058132684e-84
3.380968144179657936e-101
0
0
DERIV 35
-5.223399331872291010e-86
-2.1419136968759968556e-102
0
0
AT 122
5.137119599077615502e-43
-1.4274859828659549956e-59
0
0
DERIV 1
-5.149386610887590824e-43
1.5731235378598520721e-59
0
0
DERIV 2
2.5808268113487830729e-43
-8.593805464268746849e-60
0
0
DERIV 3
-8.623201057512568781e-44
-2.1161040177986470680e-61
0
0
DERIV 4
2.1609115192989651630e-44
8.219556562456612287e-61
0
0
DERIV 5
-4.332045548439576510e-45
-6.928113129482559475e-62
0
0
DERIV 6
7.237113430468704802e-46
-3.541988783255255009e-62
0
0
DERIV 7
-1.0363072781244926329e-46
7.139298996483226710e-63
0
0
DERIV 8
1.2984265112989627286e-47
2.3673915812592221406e-64
0
0
DERIV 9
-1.4460765832692330636e-48
-5.047957635770078932e-65
0
0
DERIV 10
1.4494570428729520012e-49
5.777379248672614424e-66
0
0
DERIV 11
-1.3207613658878826587e-50
-7.210123657671925971e-67
0
0
DERIV 12
1.1031954258184773014e-51
-6.747153555540889413e-68
0
0
DERIV 13
-8.505818308182452358e-53
-4.019459624698275713e-69
0
0
DERIV 14
6.089655683016266379e-54
1.5082171277200361247e-71
0
0
DERIV 15
-4.069151240125282400e-55
-4.949280282964814159e-72
0
0
DERIV 16
2.549082515566492129e-56
-6.516062221279613340e-73
0
0
DERIV 17
-1.5029091212086368168e-57
-5.023374431693230511e-75
0
0
DERIV 18
8.368655217460369589e-59
1.1847785934113144230e-75
0
0
DERIV 19
-4.414639640576304901e-60
9.567951303547363215e-78
0
0
DERIV 20
2.2123619517709445479e-61
-1.0619940228456090486e-77
0
0
DERIV 21
-1.0559067063113030350e-62
-3.067832408006042024e-79
0
0
DERIV 22
4.810489642286858269e-64
-1.8638345177870130661e-80
0
0
DERIV 23
-2.096262324693506690e-65
-2.0898675597044950666e-81
0
0
DERIV 24
8.754197556708828793e-67
2.8397812061431135011e-83
0
0
DERIV 25
-3.509587504211218344e-68
-8.751890416713733566e-85
0
0
DERIV 26
1.3528830714380404879e-69
-1.4379440626629240642e-86
0
0
DERIV 27
-5.021943685564945853e-71
-5.983147636239745510e-88
0
0
DERIV 28
1.7975747602738495914e-72
3.781951813736815207e-89
0
0
DERIV 29
-6.212407600946566343e-74
-1.7166323391096310844e-90
0
0
DERIV 30
2.0754271819254700706e-75
-1.3668097067213167663e-92
0
0
DERIV 31
-6.709844613555111814e-77
1.7214217433548838059e-93
0
0
DERIV 32
2.1014883855632047306e-78
6.856812329565728162e-95
0
0
DERIV 33
-6.382273725425567566e-80
2.612865579594650140e-96
0
0
DERIV 34
1.8812943611565683285e-81
-3.830868248255276948e-98
0
0
DERIV 35
-5.386998260873191109e-83
2.9440185674269635576e-99
0
0
AT 124
4.732576091270273022e-40
-3.022049959483814876e-56
0
0
DERIV 1
-4.743877164043335238e-40
-2.762758685742356211e-56
0
0
DERIV 2
2.3775891184081991342e-40
1.9546837298518556530e-57
0
0
DERIV 3
-7.944132182649102166e-41
3.301475323002689917e-57
0
0
DERIV 4
1.9907418259843848827e-41
7.353190854895908787e-58
0
0
DERIV 5
-3.990901212612988703e-42
-2.0430669456477844764e-58
0
0
DERIV 6
6.667197955428679666e-43
1.7040063486398919875e-59
0
0
DERIV 7
-9.546991271193874417e-44
8.530276493637933181e-60
0
0
DERIV 8
1.1961767543290612720e-44
5.235013976356418444e-62
0
0
DERIV 9
-1.3321995552876538096e-45
7.732441579183028498e-62
0
0
DERIV 10
1.3353138279874615323e-46
6.857602075277710386e-63
0
0
DERIV 11
-1.2167528188066085330e-47
-7.564520798181911397e-64
0
0
DERIV 12
1.0163199798386949297e-48
2.348078778566361461e-65
0
0
DERIV 13
-7.835994441065765073e-50
4.645288248235981504e-66
0
0
DERIV 14
5.610102059551669045e-51
4.334481306898688591e-67
0
0
DERIV 15
-3.748710155085194964e-52
-2.409878319704789511e-68
0
0
DERIV 16
2.348345169043298270e-53
1.2063140217565335146e-69
0
0
DERIV 17
-1.3845567595049117681e-54
1.3418499659114290171e-70
0
0
DERIV 18
7.709633376710461338e-56
-1.4841414391147038134e-73
0
0
DERIV 19
-4.066991976932322749e-57
-1.8145162047948235040e-73
0
0
DERIV 20
2.0381410883243067383e-58
5.503292699732740097e-75
0
0
DERIV 21
-9.727553277059295765e-60
-4.998384359284249383e-77
0
0
DERIV 22
4.431669454633328065e-61
-2.5313188488580135704e-77
0
0
DERIV 23
-1.9311842536220052155e-62
-3.284700007790039683e-79
0
0
DERIV 24
8.064815420340392383e-64
-4.802082930718772931e-80
0
0
DERIV 25
-3.233211913568971257e-65
-1.8518648365191114097e-81
0
0
DERIV 26
1.2463452534622253785e-66
5.333074123642544497e-83
0
0
DERIV 27
-4.626472086089174868e-68
-6.554309797132142713e-85
0
0
DERIV 28
1.6560180860131336658e-69
-2.5088597684927882596e-86
0
0
DERIV 29
-5.723188664512775218e-71
2.790333236714168722e-88
0
0
DERIV 30
1.9119900452922712312e-72
-1.8986777882649707692e-90
0
0
DERIV 31
-6.181453341119196151e-74
2.525100212749373391e-90
0
0
DERIV 32
1.9359990183484176056e-75
-3.713638330146245253e-92
0
0
DERIV 33
-5.879678386657837990e-77
3.578506714756065086e-93
0
0
DERIV 34
1.7331450239266981586e-78
-5.819201344868413701e-95
0
0
DERIV 35
-4.962779643734209365e-80
-2.577448401091597932e-96
0
0
AT 126
3.908622204113593950e-37
-5.158588011990864192e-54
0
0
DERIV 1
-3.917955793571705071e-37
-6.944958586687173976e-54
0
0
DERIV 2
1.963644691514908095e-37
9.524252592682605493e-54
0
0
DERIV 3
-6.561038287479879548e-38
1.7683161351912180661e-54
0
0
DERIV 4
1.6441485674775161003e-38
9.322760035469169866e-55
0
0
DERIV 5
-3.296075126170125279e-39
1.9120423862152476198e-55
0
0
DERIV 6
5.506421862308695959e-40
3.569547636789834152e-56
0
0
DERIV 7
-7.884835972857881616e-41
-5.040914899676120375e-57
0
0
DERIV 8
9.879193749450604661e-42
7.660656310400463931e-59
0
0
DERIV 9
-1.1002602814254285006e-42
-3.551607992385782138e-59
0
0
DERIV 10
1.1028323684674565717e-43
-2.598478667119889070e-60
0
0
DERIV 11
-1.0049131413722586984e-44
1.1644972665383546118e-61
0
0
DERIV 12
8.393761685996306743e-46
5.685002283461271582e-62
0
0
DERIV 13
-6.471728610684967958e-47
-4.256919996572217293e-63
0
0
DERIV 14
4.633369616365170409e-48
1.8891744138982889489e-64
0
0
DERIV 15
-3.0960506262559569940e-49
1.8956625749610389492e-65
0
0
DERIV 16
1.9394926093344581924e-50
6.414928738116671102e-67
0
0
DERIV 17
-1.1435021042699668438e-51
7.302537021843752622e-68
0
0
DERIV 18
6.367367794717087043e-53
4.214378621174799369e-69
0
0
DERIV 19
-3.358919011193522681e-54
1.1899726484748039887e-70
0
0
DERIV 20
1.6832959073206049280e-55
-1.1932735770535421508e-71
0
0
DERIV 21
-8.033963376402134828e-57
-1.0634655484250542126e-73
0
0
DERIV 22
3.660105434563402192e-58
1.0995004816855536905e-74
0
0
DERIV 23
-1.5949605801732875003e-59
-8.769949241151452792e-76
0
0
DERIV 24
6.660712380858189707e-61
-2.0931399609576345979e-77
0
0
DERIV 25
-2.670302271064405569e-62
-4.910206175149835152e-79
0
0
DERIV 26
1.0293536883790520832e-63
8.108108693333869864e-81
0
0
DERIV 27
-3.820992747160491629e-65
-1.8954486059820387759e-81
0
0
DERIV 28
1.3677015808037216343e-66
-8.590089009667286170e-83
0
0
DERIV 29
-4.726768602635897726e-68
1.2395599610058091217e-84
0
0
DERIV 30
1.5791082858909184889e-69
-2.8276171911119875988e-86
0
0
DERIV 31
-5.105248508289906962e-71
3.362694465804218758e-87
0
0
DERIV 32
1.5989372875492175031e-72
-1.1680082167378157232e-88
0
0
DERIV 33
-4.856013382599512366e-74
3.894467917914585382e-90
0
0
DERIV 34
1.4314006639629772518e-75
3.690053235956758051e-92
0
0
DERIV 35
-4.098748850713221234e-77
-2.674043304002981215e-93
0
0
END
