AT 1/4
0.9205339436385560070
-4.956768117579808119e-17
0
0
DERIV 1
-0.4410094968433065921
-6.349058100839260665e-18
0
0
DERIV 2
-0.19064980976410858537
6.218027421672463077e-18
0
0
DERIV 3
0.6162725656086043280
4.251842292165629115e-17
0
0
DERIV 4
-1.0803754259036391083
3.119916011383864123e-17
0
0
DERIV 5
1.9892257210641337561
9.696743101668646905e-17
0
0
DERIV 6
-4.142446356977286470
-1.2611742523062421185e-16
0
0
DERIV 7
9.603120534383885243
-1.3525846243987524900e-16
0
0
DERIV 8
-24.154278533076499968
-1.6850055255344863047e-16
0
0
DERIV 9
64.61126639851829623
4.715324035041658496e-15
0
0
DERIV 10
-181.23385248210735199
1.1095349268595973588e-14
0
0
DERIV 11
527.8137491946936280
-5.049096158867424041e-14
0
0
DERIV 12
-1584.6192646280990175
-4.660710774998819682e-15
0
0
DERIV 13
4878.291358697785654
1.0729013325744442601e-13
0
0
DERIV 14
-15337.581634839260005
-6.686367802831513004e-13
0
0
DERIV 15
49094.20809183994425
2.7608939949234607580e-12
0
0
DERIV 16
-159591.05353183558327
1.3757298211926507496e-12
0
0
DERIV 17
525801.9952268943889
-5.235108078746520466e-11
0
0
DERIV 18
-1752914.1273466595449
-7.531984642235298565e-11
0
0
DERIV 19
5905211.988747583702
1.5660485305843241086e-10
0
0
DERIV 20
-20079566.526237122714
7.155586157554787268e-10
0
0
DERIV 21
68849502.10520623625
-2.2230966925608016583e-10
0
0
DERIV 22
-237859078.08631700278
5.373812572793700102e-9
0
0
DERIV 23
827381289.6074379683
-4.200354041988586945e-9
0
0
DERIV 24
-2895970616.903855324
8.172783529370860764e-8
0
0
DERIV 25
10194230340.291856766
6.212310143363209272e-7
0
0
DERIV 26
-36073165146.85635376
2.052031646508372050e-6
0
0
DERIV 27
128264103832.05786133
3.170319802535396396e-6
0
0
DERIV 28
-458098534527.8872070
3.902466671590202630e-6
0
0
DERIV 29
1642875619289.2460938
3.590026569109222002e-5
0
0
DERIV 30
-5914478617097.771485
-0.00018319359232351752433
0
0
DERIV 31
21368846582948.433594
0.0011743897555224424266
0
0
DERIV 32
-77463393932769.75000
-0.007048055113210221698
0
0
DERIV 33
281689405489272.8125
-0.009083975901187838972
0
0
DERIV 34
-1027352117347517.1250
-0.008942075002720675098
0
0
DERIV 35
3757220804615712.000
0.19864846835867200348
0
0
AT 33/128
0.9170772104974553862
-4.108311630750557489e-17
0
0
DERIV 1
-0.4438775815526596058
-1.7104605713641587842e-17
0
0
DERIV 2
-0.17659230719557506006
4.818649406530180553e-18
0
0
DERIV 3
0.5836866690631483667
3.153359504093789126e-17
0
0
DERIV 4
-1.0063096198585761432
-8.331288678942188138e-17
0
0
DERIV 5
1.8067412982290906864
1.0213214692005892435e-16
0
0
DERIV 6
-3.656102029855616387
1.4555227885190569508e-16
0
0
DERIV 7
8.225690110328232052
2.328150677912751601e-16
0
0
DERIV 8
-20.070294389494740984
-2.910734844955424116e-16
0
0
DERIV 9
52.07012707214242653
8.359311358823331817e-16
0
0
DERIV 10
-141.64611004808244843
-2.3602810335988027555e-15
0
0
DERIV 11
400.0485994552323632
-2.0822383987111170669e-14
0
0
DERIV 12
-1164.6984998090119916
-1.2205906912947696448e-14
0
0
DERIV 13
3477.016186557866604
3.777743100716629608e-14
0
0
DERIV 14
-10600.890436582507391
-5.383144909803187266e-13
0
0
DERIV 15
32904.82533120998414
-5.174501901728817679e-13
0
0
DERIV 16
-103724.16255746148818
1.1689635563418470698e-12
0
0
DERIV 17
331386.1845046834787
2.6291266475798693466e-11
0
0
DERIV 18
-1071303.7784786720295
-3.562746154069259669e-11
0
0
DERIV 19
3499666.050438656472
2.2475175474983577815e-10
0
0
DERIV 20
-11539420.990605991334
1.1536412362487757833e-10
0
0
DERIV 21
38367953.87862189859
-9.651167918472564798e-10
0
0
DERIV 22
-128536178.49354606867
-1.0189713411970017124e-9
0
0
DERIV 23
433559691.1860495806
-1.0885301533800991723e-8
0
0
DERIV 24
-1471548865.0819594860
-7.120743938872488776e-8
0
0
DERIV 25
5023103616.208214760
-1.8888744695006460472e-8
0
0
DERIV 26
-17236098055.929653168
5.405936451578233999e-7
0
0
DERIV 27
59428767998.17897034
3.345570527078374813e-6
0
0
DERIV 28
-205819863646.98156738
7.611538543731321092e-7
0
0
DERIV 29
715763865173.9968262
-5.231655258566900705e-5
0
0
DERIV 30
-2498723369249.940430
0.00013377026259099388623
0
0
DERIV 31
8754258329904.741211
0.00011887638489117595614
0
0
DERIV 32
-30773104245860.937500
-0.0015835738718492670552
0
0
DERIV 33
108512998203744.53125
-0.0011930939016851350824
0
0
DERIV 34
-383766438816629.1875
-0.028302486612800867305
0
0
DERIV 35
1360976969381149.5000
-0.05525614159397422565
0
0
AT 17/64
0.9135989131789762352
-5.045069203394250923e-17
0
0
DERIV 1
-0.4465318464871732007
1.2459217506495418149e-17
0
0
DERIV 2
-0.16327225666262215609
-7.307886247457829871e-18
0
0
DERIV 3
0.5533084142732058730
-3.386856012952302549e-17
0
0
DERIV 4
-0.9389488175902658273
-3.882567212958036881e-17
0
0
DERIV 5
1.6453922054116385532
-9.391727166021338149e-17
0
0
DERIV 6
-3.238579454645601707
-2.1690889587997496610e-16
0
0
DERIV 7
7.078069802177671122
4.777647880010349191e-17
0
0
DERIV 8
-16.768705532617804721
-9.990867009012030130e-16
0
0
DERIV 9
42.23345866630409518
2.1595488358881137765e-15
0
0
DERIV 10
-111.52136566328165657
-1.1226275891597740949e-15
0
0
DERIV 11
305.7263208708694720
-2.4874290935755937375e-14
0
0
DERIV 12
-863.9522396344138997
-2.5859934230494098838e-14
0
0
DERIV 13
2503.414420562361102
8.608641235864820608e-14
0
0
DERIV 14
-7408.225105968709613
3.984869579636868583e-13
0
0
DERIV 15
22318.988668286958272
3.060123562140382650e-13
0
0
DERIV 16
-68286.69497902925650
2.9107040964529595159e-12
0
0
DERIV 17
211753.43255420526838
-3.0109564723442586012e-12
0
0
DERIV 18
-664427.5388473889325
1.2037767950522224343e-11
0
0
DERIV 19
2106685.896598224528
-4.320025752455211656e-11
0
0
DERIV 20
-6742094.519744386897
8.224602922866017549e-11
0
0
DERIV 21
21757884.059406787158
1.0380474952344298676e-9
0
0
DERIV 22
-70747363.32735843957
1.8443181894461728514e-10
0
0
DERIV 23
231616958.61091470718
-1.4168592147261090055e-8
0
0
DERIV 24
-763013993.5379034281
5.465426482673551562e-8
0
0
DERIV 25
2527936310.591258526
2.0049729429338797295e-7
0
0
DERIV 26
-8419164074.103867531
-2.915752133120985211e-7
0
0
DERIV 27
28174916958.627948760
3.745931598894987247e-7
0
0
DERIV 28
-94708508861.81759644
7.458350369299969400e-6
0
0
DERIV 29
319673906576.3317261
-1.2167374527040424005e-5
0
0
DERIV 30
-1083156543007.5828857
1.6912170480391610549e-5
0
0
DERIV 31
3683222645164.350586
0.00022115861663380909021
0
0
DERIV 32
-12566531696543.751953
-0.0009019805197392424551
0
0
DERIV 33
43009198217409.90625
-0.0004168081894846994268
0
0
DERIV 34
-147632506546239.06250
0.010256077055200273768
0
0
DERIV 35
508160797899380.0000
-0.0015365086253167849119
0
0
AT 35/128
0.9101006781679166213
-2.6345841609572879319e-17
0
0
DERIV 1
-0.4489834225103912502
1.5583807990558451411e-17
0
0
DERIV 2
-0.15064027493629053578
2.3681397358834350070e-18
0
0
DERIV 3
0.5249405422554613843
-3.388160616600239480e-17
0
0
DERIV 4
-0.8775267876365029363
2.7333526395921485832e-17
0
0
DERIV 5
1.5022272905976388202
3.586864358504010835e-17
0
0
DERIV 6
-2.878546643337405620
2.5974135216425722102e-17
0
0
DERIV 7
6.116799392191753171
9.866770830986817502e-17
0
0
DERIV 8
-14.082918263132167880
-3.533071187184915565e-16
0
0
DERIV 9
34.46278321797574762
1.3418206624567673248e-15
0
0
DERIV 10
-88.41267424724541968
-2.5189569088547605092e-15
0
0
DERIV 11
235.46844481058118958
6.457221349413132638e-16
0
0
DERIV 12
-646.4310998076750821
-4.354276802845651958e-14
0
0
DERIV 13
1819.6646850951588021
-8.864232195500482539e-14
0
0
DERIV 14
-5231.120760541599339
2.1123482753559552903e-13
0
0
DERIV 15
15309.967747247485022
-3.711500083233789372e-13
0
0
DERIV 16
-45504.37229463355470
2.4463477860386508561e-12
0
0
DERIV 17
137076.62172161677154
-2.9392592159261959189e-12
0
0
DERIV 18
-417825.9913102146238
2.5360270111333532160e-11
0
0
DERIV 19
1286950.2410435820930
-3.494014709443476302e-11
0
0
DERIV 20
-4001016.734883311205
1.5923836172025739977e-10
0
0
DERIV 21
12543112.117824953049
-6.933096512075968658e-11
0
0
DERIV 22
-39619744.06364233792
-1.7921983321686893910e-9
0
0
DERIV 23
126003973.02179767191
1.1854418850548561512e-9
0
0
DERIV 24
-403235385.0648442507
8.875082022162985719e-9
0
0
DERIV 25
1297789695.4730618000
7.006012962035938481e-8
0
0
DERIV 26
-4198740869.104388714
-1.3112014491205931432e-7
0
0
DERIV 27
13649744445.637798309
6.072202727913334779e-7
0
0
DERIV 28
-44572043200.61967468
3.357076433917645392e-6
0
0
DERIV 29
146147808866.78814697
-5.514923772428506945e-6
0
0
DERIV 30
-481047371313.2050171
-2.363586789364039464e-6
0
0
DERIV 31
1589044360996.1555176
-6.586051467977706493e-5
0
0
DERIV 32
-5266654800299.378907
0.0002825912216754970286
0
0
DERIV 33
17510239748761.058594
6.077113891787232745e-5
0
0
DERIV 34
-58388056423639.69532
-0.002049156482473266094
0
0
DERIV 35
195233538397435.68750
0.010674257279722198025
0
0
AT 9/32
0.9065840479120269579
2.862716248320538736e-17
0
0
DERIV 1
-0.4512427035836908407
9.523108254899521886e-18
0
0
DERIV 2
-0.13865133490720613074
-3.2887772412995060436e-18
0
0
DERIV 3
0.4984080401830654483
7.466003260300550247e-18
0
0
DERIV 4
-0.8213828872734698638
3.372443938055120000e-17
0
0
DERIV 5
1.3747750499341919728
6.893987508358948496e-18
0
0
DERIV 6
-2.566787411028292887
9.839896777008009688e-17
0
0
DERIV 7
5.307557127013692977
2.0965650693077158024e-16
0
0
DERIV 8
-11.885187540497984315
7.783743586463156417e-16
0
0
DERIV 9
28.282740227545531298
7.693592343472782267e-16
0
0
DERIV 10
-70.55122597111109428
-5.595456628822347643e-15
0
0
DERIV 11
182.69295480817427801
-1.0273339628508019359e-14
0
0
DERIV 12
-487.6399168217503757
8.613473372825220630e-16
0
0
DERIV 13
1334.5953118307538716
3.995097396643014181e-14
0
0
DERIV 14
-3730.181165029127442
1.5745923598437677134e-13
0
0
DERIV 15
10614.109298676348772
-8.959431905193322623e-13
0
0
DERIV 16
-30671.465981626457506
-1.0595084078437228730e-12
0
0
DERIV 17
89828.78280360884674
-2.3737578902675098149e-12
0
0
DERIV 18
-266205.6422844750341
6.020048761197684171e-12
0
0
DERIV 19
797172.7877928784583
-3.842538660611061196e-11
0
0
DERIV 20
-2409513.644433422480
1.5212936696301719298e-10
0
0
DERIV 21
7343991.696779973805
-3.512061710794830753e-10
0
0
DERIV 22
-22553088.554157506674
-1.7151252669091586526e-9
0
0
DERIV 23
69734195.26305235923
5.470676006778963434e-9
0
0
DERIV 24
-216963735.32707753778
-1.4194243361043107904e-8
0
0
DERIV 25
678890296.1908700466
-4.836674042317862205e-8
0
0
DERIV 26
-2135408457.8407251834
9.918371338881373341e-8
0
0
DERIV 27
6749209051.316976547
-7.644346356262790106e-8
0
0
DERIV 28
-21426797471.635070800
-1.3793684686383499139e-6
0
0
DERIV 29
68305126189.38719177
-1.8406445091430236254e-7
0
0
DERIV 30
-218582315573.03036500
-4.327740237328206036e-6
0
0
DERIV 31
701987398772.0125733
-1.4374555471237638823e-5
0
0
DERIV 32
-2262008368237.998535
-5.678109371205897730e-6
0
0
DERIV 33
7311684667072.473633
-0.0004426397533759698867
0
0
DERIV 34
-23703656345156.578126
-0.0006715495502439245519
0
0
DERIV 35
77056924537690.10938
-0.004404285218657722108
0
0
AT 37/128
0.9030504863234097845
-4.353351433399559948e-17
0
0
DERIV 1
-0.4533194109500736646
2.7096309750591385951e-17
0
0
DERIV 2
-0.12726428068478007338
-9.684752631525036490e-18
0
0
DERIV 3
0.4735551154448748301
1.6897477661097515410e-17
0
0
DERIV 4
-0.7699451203836861213
-5.168243746874051255e-17
0
0
DERIV 5
1.2609551970775449981
1.0864484086640967195e-16
0
0
DERIV 6
-2.295761969526568969
-4.016881424414625415e-17
0
0
DERIV 7
4.623054476579468109
-3.211277686676493914e-16
0
0
DERIV 8
-10.076809816117318519
1.4990713571697447852e-16
0
0
DERIV 9
23.336407299952906414
-1.2142232788541720785e-15
0
0
DERIV 10
-56.64644908443646188
-3.691228998822179798e-16
0
0
DERIV 11
142.73324638604788106
-1.0219694494903809648e-14
0
0
DERIV 12
-370.7032350170610471
-3.782417563883974104e-15
0
0
DERIV 13
987.1737962319882627
3.651953071065888452e-14
0
0
DERIV 14
-2684.642455952893670
1.0469152691208823273e-13
0
0
DERIV 15
7432.752293058190844
-4.059271479503407910e-13
0
0
DERIV 16
-20898.166429199678532
1.4110578291342327517e-12
0
0
DERIV 17
59551.85025065927039
2.9654281635673166037e-12
0
0
DERIV 18
-171712.54775692519615
1.3986669819272484426e-11
0
0
DERIV 19
500312.6395392547129
-1.4190379671418535925e-11
0
0
DERIV 20
-1471370.4270688164979
-4.981827687707667920e-11
0
0
DERIV 21
4363429.457267088816
2.0397725065140525448e-10
0
0
DERIV 22
-13037808.012779926881
-1.9750893482762533532e-11
0
0
DERIV 23
39223543.39547479153
-9.852216040090167920e-10
0
0
DERIV 24
-118738186.72747579217
-1.959308056700185015e-9
0
0
DERIV 25
361497166.8056041598
-2.578950346880935775e-9
0
0
DERIV 26
-1106338752.5327634811
-4.109822558218705024e-8
0
0
DERIV 27
3402215193.936599255
1.3005676568457576589e-7
0
0
DERIV 28
-10509154633.279224396
-1.1809949810913046514e-7
0
0
DERIV 29
32596077135.851341248
-1.2179042269116178303e-6
0
0
DERIV 30
-101491226207.06481934
1.0356261283157016729e-6
0
0
DERIV 31
317134989970.3484497
-1.3701223805218423600e-5
0
0
DERIV 32
-994283788374.6148682
-8.544943957247820053e-6
0
0
DERIV 33
3127050232337.175781
-0.00022536977666079291904
0
0
DERIV 34
-9863565977376.121094
0.0002646924602105497014
0
0
DERIV 35
31198337386877.210938
0.0013539078216233779543
0
0
AT 19/64
0.8995013838066967526
1.7899851148257177144e-17
0
0
DERIV 1
-0.4552226502647077622
1.5860702888470815142e-17
0
0
DERIV 2
-0.11644140781084440228
5.498812105144494295e-18
0
0
DERIV 3
0.4502426491037175293
-1.2563101023124347809e-18
0
0
DERIV 4
-0.7227162800901074657
4.361684072698471673e-17
0
0
DERIV 5
1.1590083736340790477
1.0458364177186670456e-16
0
0
DERIV 6
-2.059267535340821631
2.1701642664147321201e-16
0
0
DERIV 7
4.041456105988191716
2.391916590957176948e-16
0
0
DERIV 8
-8.580971171151391630
7.189209248659514164e-16
0
0
DERIV 9
19.353642226940820592
1.0960707725678739264e-15
0
0
DERIV 10
-45.74839340008103506
3.2058999254804201400e-15
0
0
DERIV 11
112.24882545418279278
-1.6000137629101148349e-15
0
0
DERIV 12
-283.8734663407954031
5.936384576964118110e-15
0
0
DERIV 13
736.0829059513683888
3.163284147313747142e-14
0
0
DERIV 14
-1949.1701181969815480
-3.011439919562311626e-14
0
0
DERIV 15
5254.605514683690672
-2.290085263705025226e-13
0
0
DERIV 16
-14385.458974459903402
-1.3379830167018741417e-13
0
0
DERIV 17
39914.83977993444569
1.8791856020577180768e-12
0
0
DERIV 18
-112063.36569072546263
-9.562601496505510196e-13
0
0
DERIV 19
317925.0759522539447
6.977808436489208756e-12
0
0
DERIV 20
-910387.7059422074817
-4.882004909319027928e-11
0
0
DERIV 21
2628771.788568099029
-1.8888748458514208678e-10
0
0
DERIV 22
-7648031.846093269065
2.542669923393338503e-10
0
0
DERIV 23
22403290.105214934796
-1.6922570960179163546e-9
0
0
DERIV 24
-66035126.37096218765
-2.5818467553278798693e-11
0
0
DERIV 25
195753221.32468095422
1.2911186488342024652e-8
0
0
DERIV 26
-583326081.6424920559
3.597350368804129504e-8
0
0
DERIV 27
1746643048.4266755581
4.436475128066890392e-8
0
0
DERIV 28
-5253263126.716835976
-2.494212291712951328e-7
0
0
DERIV 29
15865201822.689632416
4.605442749894638790e-7
0
0
DERIV 30
-48098061270.49975586
-1.7201016622989197776e-6
0
0
DERIV 31
146339634860.16644287
-1.4153464847511601290e-5
0
0
DERIV 32
-446731766904.7456055
1.3034837761003101184e-5
0
0
DERIV 33
1368012143825.9931641
3.091032104846981235e-5
0
0
DERIV 34
-4201531448973.520020
0.00021952851192878612176
0
0
DERIV 35
12939683190653.140625
0.0007843228653694946529
0
0
AT 39/128
0.8959380618653518535
-4.140156299923536387e-17
0
0
DERIV 1
-0.4569609626074148667
-4.266822211931225754e-18
0
0
DERIV 2
-0.10614809840026451226
-1.1331666443737759361e-18
0
0
DERIV 3
0.4283460425377620395
-1.9298223921086938875e-17
0
0
DERIV 4
-0.6792625509678780205
3.151863937669380475e-17
0
0
DERIV 5
1.0674399204855089529
-1.0463737058760439680e-16
0
0
DERIV 6
-1.8521742908445555376
1.0082027239937160095e-16
0
0
DERIV 7
3.545184481547955180
-9.980566138430976259e-17
0
0
DERIV 8
-7.337485559633342369
4.712724241436315672e-17
0
0
DERIV 9
16.128434081687181845
-4.713747134972340712e-17
0
0
DERIV 10
-37.15199371123670602
8.079706880668843871e-16
0
0
DERIV 11
88.82667127889602910
5.159229358169726083e-15
0
0
DERIV 12
-218.89187282160187920
-2.1330193518631874646e-17
0
0
DERIV 13
553.0540287759949934
2.7078243850667185905e-14
0
0
DERIV 14
-1426.9932993793656806
6.770893299446915636e-14
0
0
DERIV 15
3748.353801751480205
-1.2379898644335659638e-13
0
0
DERIV 16
-9998.855944614895634
3.518885353344998647e-13
0
0
DERIV 17
27032.460597426616004
3.902521351807953365e-13
0
0
DERIV 18
-73950.02545504481532
-2.9453496044288646845e-12
0
0
DERIV 19
204419.38897502451436
-5.858714634794440482e-12
0
0
DERIV 20
-570355.5592336190166
-5.709420337926851766e-11
0
0
DERIV 21
1604699.3327544915956
-4.220175894896148393e-11
0
0
DERIV 22
-4548954.272287204862
-1.4579215093868071577e-10
0
0
DERIV 23
12983580.258970953524
2.374567031928064852e-10
0
0
DERIV 24
-37288782.38560555130
7.571951585111551122e-10
0
0
DERIV 25
107704146.12250252068
-1.6140554702483963314e-9
0
0
DERIV 26
-312719556.7880564928
-1.1190131832399890623e-8
0
0
DERIV 27
912363294.9411741495
-4.335120819052410253e-8
0
0
DERIV 28
-2673700005.099963665
-1.4428872024801015434e-7
0
0
DERIV 29
7867720051.344168663
-4.433263073068123112e-7
0
0
DERIV 30
-23240772321.277294158
6.096093753015053745e-7
0
0
DERIV 31
68897674704.91001892
3.808423686096626113e-6
0
0
DERIV 32
-204931624163.61254882
1.2211917895321017157e-5
0
0
DERIV 33
611464982764.2573242
4.643593360576261616e-5
0
0
DERIV 34
-1829821393072.5908203
-9.099242134512248732e-5
0
0
DERIV 35
5490907488253.316407
0.00014888315144344563810
0
0
AT 5/16
0.8923617773307209733
2.1878201994815125632e-17
0
0
DERIV 1
-0.4585423701677848740
2.0112512024446301966e-17
0
0
DERIV 2
-0.09635250283096340185
6.527608864263955848e-18
0
0
DERIV 3
0.4077533883138813042
2.5558924704198199931e-17
0
0
DERIV 4
-0.6392040846108059116
-4.327660133559729954e-17
0
0
DERIV 5
0.9849746242877382985
-1.7300383451643799089e-17
0
0
DERIV 6
-1.6702185636131208213
1.0186940255208825216e-16
0
0
DERIV 7
3.120008594327643881
-5.717284487761023292e-17
0
0
DERIV 8
-6.298891178520872991
3.307724449930235136e-16
0
0
DERIV 9
13.502551169807549769
-7.320840003614678262e-16
0
0
DERIV 10
-30.329806239960994674
1.4295075922760000569e-15
0
0
DERIV 11
70.70868588187470039
-1.4034696509671114908e-15
0
0
DERIV 12
-169.89810077305807567
1.0638687748847233348e-14
0
0
DERIV 13
418.5511183641135062
2.1223646652151591162e-14
0
0
DERIV 14
-1052.9801606390819870
-1.1105032732471940948e-13
0
0
DERIV 15
2696.826263650230885
1.3277473748463786877e-13
0
0
DERIV 16
-7014.143471651113032
-3.875449156868651155e-13
0
0
DERIV 17
18489.292105140208150
2.518542232211281479e-13
0
0
DERIV 18
-49315.36518040084775
-3.3888146918982843656e-12
0
0
DERIV 19
132915.11410846316721
-1.9417170838565160464e-12
0
0
DERIV 20
-361581.0473053338938
-1.4042447059742274478e-11
0
0
DERIV 21
991883.8854599223705
5.596860805948103860e-11
0
0
DERIV 22
-2741482.711555819959
-2.3878869022696846300e-11
0
0
DERIV 23
7629127.281835247763
4.028903928981697804e-10
0
0
DERIV 24
-21363125.252667270600
-1.2598959486379778591e-10
0
0
DERIV 25
60162376.40122967959
-2.743311187786918635e-9
0
0
DERIV 26
-170315196.88054034114
2.915987296016015632e-9
0
0
DERIV 27
484475494.4441764951
-1.4932086275137392972e-8
0
0
DERIV 28
-1384274481.6487925053
-5.059509941919644600e-8
0
0
DERIV 29
3971584946.618944645
-2.0535725291698221652e-7
0
0
DERIV 30
-11438546588.970966339
-4.205575836190627338e-7
0
0
DERIV 31
33062075177.716960906
6.167711549700590174e-7
0
0
DERIV 32
-95882580841.67237854
-4.064678892850778847e-6
0
0
DERIV 33
278937854336.3450318
-2.2089092760465119320e-5
0
0
DERIV 34
-813859893598.9390869
-4.852359524666518833e-6
0
0
DERIV 35
2381168403975.217774
-0.00011287435574073406122
0
0
AT 41/128
0.8887737262527581894
3.3318277247263439265e-18
0
0
DERIV 1
-0.4599744172744524295
2.5412152821093151483e-17
0
0
DERIV 2
-0.08702526105753213836
6.949854662689947785e-19
0
0
DERIV 3
0.3883639098136617007
-1.5861086482143976971e-17
0
0
DERIV 4
-0.6022071678102748349
-2.1625347137489061276e-18
0
0
DERIV 5
0.9105200876992747272
9.773940484097575954e-18
0
0
DERIV 6
-1.5098397757461141655
3.657510345381027984e-17
0
0
DERIV 7
2.754344268126750706
1.2486886107086117979e-16
0
0
DERIV 8
-5.427531430082964903
2.735293263833511206e-16
0
0
DERIV 9
11.353632825364140757
-3.593846080746833875e-16
0
0
DERIV 10
-24.884305471182077696
9.544676819000929059e-16
0
0
DERIV 11
56.60345959254932069
8.451694930830793181e-16
0
0
DERIV 12
-132.69678166284032272
1.3288608374488388886e-14
0
0
DERIV 13
318.9439672903465066
-5.708427817624489694e-15
0
0
DERIV 14
-782.8439917874122785
-2.6821235209077707643e-14
0
0
DERIV 15
1956.1128268346640198
6.149681857542501530e-14
0
0
DERIV 16
-4963.627962334561744
1.0043580435328720113e-13
0
0
DERIV 17
12765.178664275110350
-4.492056799249506075e-13
0
0
DERIV 18
-33217.71261291024712
-1.8151981814562025762e-12
0
0
DERIV 19
87345.75622596584435
-5.037406608678176470e-12
0
0
DERIV 20
-231820.79607109984500
3.976618287623463466e-12
0
0
DERIV 21
620420.7812569177477
-2.991892389346514486e-11
0
0
DERIV 22
-1672974.6663812317420
-7.934520042649879336e-11
0
0
DERIV 23
4542100.428755801171
4.913848372390816742e-11
0
0
DERIV 24
-12408646.382158523425
-4.026042597753497281e-10
0
0
DERIV 25
34092757.81523922831
-2.404003416295971146e-9
0
0
DERIV 26
-94160314.25010225177
-3.674895799940368345e-10
0
0
DERIV 27
261314499.95188379288
-3.946842545873609490e-9
0
0
DERIV 28
-728435286.5456004143
-5.701685033932432237e-8
0
0
DERIV 29
2038964099.5933301448
-3.392350463077537129e-8
0
0
DERIV 30
-5729192800.054847718
-4.393811695544650274e-7
0
0
DERIV 31
16155838060.253692627
-5.313405666344012941e-7
0
0
DERIV 32
-45710484012.07701111
5.104071732742484014e-7
0
0
DERIV 33
129735916463.46319580
-1.5207152396817804346e-6
0
0
DERIV 34
-369299762090.4575806
-4.052829144263638396e-6
0
0
DERIV 35
1054134577877.8046875
-4.129211811816600199e-5
0
0
AT 21/64
0.8851750474865028862
3.098261866237734582e-17
0
0
DERIV 1
-0.4612642073413288912
8.494848445365089014e-18
0
0
DERIV 2
-0.07813925779397043470
-1.5064719955486185638e-18
0
0
DERIV 3
0.3700866247150647603
-2.0680849365209002535e-17
0
0
DERIV 4
-0.5679776832649224838
-2.7564512267407285686e-17
0
0
DERIV 5
0.8431369184763303215
-3.931450898653135105e-17
0
0
DERIV 6
-1.3680511110494320004
4.093008240807334000e-17
0
0
DERIV 7
2.438713255864997542
-6.979108513129443252e-17
0
0
DERIV 8
-4.693355715704885079
-1.3352883542322129718e-16
0
0
DERIV 9
9.586446118918239279
-4.694786986270662102e-16
0
0
DERIV 10
-20.513751575300073426
-2.853108521354378328e-16
0
0
DERIV 11
45.55501908032763936
-1.5990071315904741885e-15
0
0
DERIV 12
-104.25919383830569132
1.4403496739267280006e-15
0
0
DERIV 13
244.63650136744900010
1.3769109460709799994e-14
0
0
DERIV 14
-586.1786410898511122
1.0788875361134228496e-14
0
0
DERIV 15
1429.8590832861862054
-2.999617656491684268e-14
0
0
DERIV 16
-3541.936926564181249
5.564936701003407270e-14
0
0
DERIV 17
8892.197752871168632
-5.303995753853280315e-13
0
0
DERIV 18
-22588.705464073875192
-1.4617963951524066045e-12
0
0
DERIV 19
57983.16609891145345
2.4029627561893571875e-12
0
0
DERIV 20
-150227.80195330869174
-6.163055935990371019e-12
0
0
DERIV 21
392483.6053260894260
-4.432043934206067055e-12
0
0
DERIV 22
-1033145.2575550603215
5.661849027588441356e-11
0
0
DERIV 23
2738200.538885991555
7.863336201203777167e-11
0
0
DERIV 24
-7302459.359625430778
3.482767286490047548e-10
0
0
DERIV 25
19585870.076078854502
-1.6567712862911779549e-9
0
0
DERIV 26
-52806142.60566841066
-1.5055299786580700463e-10
0
0
DERIV 27
143059172.10901311040
9.964406398675405508e-9
0
0
DERIV 28
-389294884.9372910857
-7.372608298372818396e-9
0
0
DERIV 29
1063733199.2049487829
2.3425335630120985359e-8
0
0
DERIV 30
-2917775618.135188103
1.1517330850943581712e-7
0
0
DERIV 31
8031990438.602705956
6.287353947566101930e-8
0
0
DERIV 32
-22184246383.851531982
1.5648290283094085211e-6
0
0
DERIV 33
61464477272.08849335
1.7128496103959945764e-6
0
0
DERIV 34
-170796140317.04830933
1.4615167775383185793e-5
0
0
DERIV 35
475915767593.5750122
-1.0097904286843533011e-5
0
0
AT 43/128
0.8815668260042444082
5.095146485925578427e-17
0
0
DERIV 1
-0.4624184362213490385
2.6856655920978711191e-18
0
0
DERIV 2
-0.06966940676155551626
-6.470361203101018086e-18
0
0
DERIV 3
0.3528391957980923088
-2.3854271196849510469e-17
0
0
DERIV 4
-0.5362556248553829175
2.1002939338594251030e-18
0
0
DERIV 5
0.7820143426052733604
3.049652213163103422e-17
0
0
DERIV 6
-1.2423363296443661330
-9.424758008232625868e-17
0
0
DERIV 7
2.165322377548787536
-3.493378244992724951e-17
0
0
DERIV 8
-4.072250717829144051
2.364541794205357763e-16
0
0
DERIV 9
8.126416239723777579
-4.644666466165886367e-16
0
0
DERIV 10
-16.987561200465041367
1.2989709202787096021e-15
0
0
DERIV 11
36.85047308784416487
2.2416702697170450091e-15
0
0
DERIV 12
-82.38133199870537738
-5.252380594539345716e-15
0
0
DERIV 13
188.81448415899475890
1.1037617293673847282e-15
0
0
DERIV 14
-441.9147840503966336
2.8147900629144533585e-14
0
0
DERIV 15
1052.9139029394161753
7.316080085171289487e-14
0
0
DERIV 16
-2547.587808931659765
-1.7350048831012659750e-13
0
0
DERIV 17
6247.186618693520359
-2.0615564965653076602e-14
0
0
DERIV 18
-15500.742422064402490
5.654311036653751985e-13
0
0
DERIV 19
38864.03990293571405
2.3731726209733449336e-12
0
0
DERIV 20
-98351.38512670571799
6.464391688131313542e-12
0
0
DERIV 21
250977.78694971022196
9.794450317030840519e-12
0
0
DERIV 22
-645295.0191603859421
2.937051085882457635e-11
0
0
DERIV 23
1670494.2697387833614
-1.0606577782946598689e-11
0
0
DERIV 24
-4351424.142643054947
1.9320716263786939588e-10
0
0
DERIV 25
11399542.867616467178
2.560556615415162066e-10
0
0
DERIV 26
-30020029.769289474934
1.3389649292381936799e-9
0
0
DERIV 27
79437273.61680020392
-5.236143115101646016e-9
0
0
DERIV 28
-211139328.01674079896
-6.652383143660093952e-10
0
0
DERIV 29
563514185.4454271794
4.845630084950637306e-8
0
0
DERIV 30
-1509752076.1073892117
1.0342938847291372501e-7
0
0
DERIV 31
4059368246.503902435
9.304826417019365701e-9
0
0
DERIV 32
-10951192145.664045334
4.042425896157853229e-7
0
0
DERIV 33
29636185292.655918122
-4.481265335674781403e-7
0
0
DERIV 34
-80437302391.82363892
4.348000420744199718e-6
0
0
DERIV 35
218922716272.11459350
3.051507231422132845e-6
0
0
AT 11/32
0.8779500959597501542
-4.140723586902885402e-17
0
0
DERIV 1
-0.4634434223894900451
1.2336300347611565190e-17
0
0
DERIV 2
-0.06159245997315366400
-1.9728476695779343207e-18
0
0
DERIV 3
0.3365469391953321843
-2.7223156255965357191e-17
0
0
DERIV 4
-0.5068104776733358685
3.936258115088083280e-17
0
0
DERIV 5
0.7264501565095202729
-4.523874982019461930e-17
0
0
DERIV 6
-1.1305669876981141453
-1.6431218810620600732e-17
0
0
DERIV 7
1.9277340408260543736
-6.190585403500280971e-17
0
0
DERIV 8
-3.544765610475212547
-9.296448338856817069e-17
0
0
DERIV 9
6.914803789237484289
4.284465876333981303e-17
0
0
DERIV 10
-14.128392722185092012
4.066899659983964272e-16
0
0
DERIV 11
29.954464675765613890
1.6386272583411736890e-15
0
0
DERIV 12
-65.44711229162199118
-4.540434057282365861e-15
0
0
DERIV 13
146.59932594480426360
4.345481600524162048e-15
0
0
DERIV 14
-335.3242450538398885
-5.191444707285103389e-15
0
0
DERIV 15
780.8103309682558120
-5.235406504811600221e-14
0
0
DERIV 16
-1846.3145819252533784
-8.478533247892008595e-14
0
0
DERIV 17
4424.692924775700703
5.408152026380029245e-14
0
0
DERIV 18
-10729.315267081734419
2.959126829063289912e-13
0
0
DERIV 19
26289.804115033035486
1.0722425090565019587e-12
0
0
DERIV 20
-65018.81649698361435
-1.6126216147829374798e-12
0
0
DERIV 21
162148.32684396274271
-2.8427889164561480167e-12
0
0
DERIV 22
-407430.6149313312490
1.8084634937141327820e-11
0
0
DERIV 23
1030761.3835016655503
2.3539865286243036504e-11
0
0
DERIV 24
-2623989.424434409011
-1.7672483271067556662e-10
0
0
DERIV 25
6717928.491355350241
2.386806121251830464e-10
0
0
DERIV 26
-17289249.475915335119
-8.482576812738827827e-10
0
0
DERIV 27
44710164.89733438939
3.691102161520121298e-9
0
0
DERIV 28
-116136265.99640415609
-4.858600295116765564e-9
0
0
DERIV 29
302914625.6967854500
-2.1197303702645380195e-8
0
0
DERIV 30
-793117610.5523184538
-3.970985398457037769e-8
0
0
DERIV 31
2084044034.7797579766
7.006583805135328637e-8
0
0
DERIV 32
-5494475615.488480568
3.465996853778997414e-7
0
0
DERIV 33
14531267581.173105240
1.8925459241950673737e-7
0
0
DERIV 34
-38543840739.60106659
-7.681833882798714336e-7
0
0
DERIV 35
102519047612.86891174
6.231191388427081893e-6
0
0
AT 45/128
0.8743258435278726814
-1.3757058290570737075e-17
0
0
DERIV 1
-0.4643451343190002079
1.1340341032600884527e-17
0
0
DERIV 2
-0.05388683866093878227
5.236390875945072647e-19
0
0
DERIV 3
0.3211419655288786923
-2.7595086629456367123e-17
0
0
DERIV 4
-0.4794373105630956866
2.1774214488491023889e-17
0
0
DERIV 5
0.6758341691768012804
1.9245977314175751157e-17
0
0
DERIV 6
-1.0309356769555348965
-9.993579946319281989e-17
0
0
DERIV 7
1.7206067887712024334
9.562616523092574320e-17
0
0
DERIV 8
-3.095131912262458762
1.9176880415896805129e-16
0
0
DERIV 9
5.905084375195860602
-1.3789299287352796762e-16
0
0
DERIV 10
-11.799015702878561385
-4.883701588682731826e-16
0
0
DERIV 11
24.462265286531120978
4.997390052073033697e-16
0
0
DERIV 12
-52.26293483864579770
1.5300760823611118880e-16
0
0
DERIV 13
114.47089827777816140
3.4377652897974082018e-15
0
0
DERIV 14
-256.0250947250651734
-1.5175571626810144980e-14
0
0
DERIV 15
582.9267992385549633
2.923566083715155787e-14
0
0
DERIV 16
-1347.7911088570913307
3.774192183958771586e-14
0
0
DERIV 17
3158.251211506450091
-1.1320897090365099683e-13
0
0
DERIV 18
-7488.259623261074921
3.241112576349223245e-13
0
0
DERIV 19
17940.750851150216477
-1.0208725260229610102e-12
0
0
DERIV 20
-43384.63610465607781
-1.5634820064194034645e-12
0
0
DERIV 21
105791.90226441141567
-4.799552238383342622e-12
0
0
DERIV 22
-259917.91393640232854
6.520937159693453586e-12
0
0
DERIV 23
642958.4766381309601
-2.8584936138861173927e-11
0
0
DERIV 24
-1600400.9641343823168
1.1439142207957373978e-10
0
0
DERIV 25
4006303.034922033083
1.8856862873485700457e-10
0
0
DERIV 26
-10081520.922025797889
6.946105213771791886e-10
0
0
DERIV 27
25491624.650277752430
-8.811324580993984127e-10
0
0
DERIV 28
-64744113.81669694186
-1.7645685855436628462e-9
0
0
DERIV 29
165117743.80381441116
-1.0489218463326738092e-8
0
0
DERIV 30
-422719288.9569691420
1.6680488282399422601e-8
0
0
DERIV 31
1086081075.8063895702
1.0144582299884151083e-7
0
0
DERIV 32
-2799770377.273374081
-4.169572982669596536e-8
0
0
DERIV 33
7240030701.768905640
3.068103503267111740e-7
0
0
DERIV 34
-18777275734.638130188
1.4971093683911610068e-6
0
0
DERIV 35
48834056011.73873902
-3.623486451449344831e-6
0
0
AT 23/64
0.8706950095402050671
-4.706794995148656347e-17
0
0
DERIV 1
-0.4651292153659801198
-1.3861409574464380363e-17
0
0
DERIV 2
-0.04653248297813657869
2.4194449675980213352e-18
0
0
DERIV 3
0.3065624336535845984
-2.744866087957934589e-20
0
0
DERIV 4
-0.4539534584212282509
-1.0838426332685766124e-17
0
0
DERIV 5
0.6296344656985158883
3.373164846957335320e-17
0
0
DERIV 6
-0.9419019133464033855
2.1858863677050467244e-17
0
0
DERIV 7
1.5394898491343174118
7.580964196258367263e-17
0
0
DERIV 8
-2.710505240851199371
3.371279857388090346e-17
0
0
DERIV 9
5.060212495652050891
-5.024243276062226079e-17
0
0
DERIV 10
-9.892616727960508172
4.725786262556460061e-16
0
0
DERIV 11
20.065944969161840560
8.220811697975907412e-16
0
0
DERIV 12
-41.94112563904797497
2.5525003741603450251e-15
0
0
DERIV 13
89.87029182004914674
4.475028909352184135e-15
0
0
DERIV 14
-196.64046838602843082
-1.3872941392885078025e-14
0
0
DERIV 15
437.9958928074595974
-1.2441387131373419191e-14
0
0
DERIV 16
-990.6990003287526179
-3.313057687837060170e-14
0
0
DERIV 17
2271.052231277074043
-5.057963608197114878e-14
0
0
DERIV 18
-5267.703616051725476
-5.151704995755492761e-14
0
0
DERIV 19
12346.391549413519897
1.4191406970228201115e-13
0
0
DERIV 20
-29207.448640388978674
1.6161775374317976641e-12
0
0
DERIV 21
69673.51626562971797
-6.534103051486517010e-12
0
0
DERIV 22
-167459.07512848716578
-4.339003631941621811e-12
0
0
DERIV 23
405239.9014498337638
1.3373764321073493416e-12
0
0
DERIV 24
-986766.9059577754233
3.976980961526607251e-11
0
0
DERIV 25
2416494.531395459082
3.362551153438602229e-11
0
0
DERIV 26
-5948728.129347447306
-3.991632105703023353e-10
0
0
DERIV 27
14714701.444999696687
-1.9913980450258370862e-10
0
0
DERIV 28
-36560317.77654710412
-2.450152047884956346e-9
0
0
DERIV 29
91213480.33753061295
3.375912782150986563e-9
0
0
DERIV 30
-228440369.37902414798
-1.3876300166141212243e-8
0
0
DERIV 31
574167298.0760036707
-4.022367719454568989e-8
0
0
DERIV 32
-1447951328.1937482357
-2.4033115216830105792e-8
0
0
DERIV 33
3662918314.045971871
1.5498850379155851896e-7
0
0
DERIV 34
-9293399962.593303680
-1.8554476956229797208e-7
0
0
DERIV 35
23643948800.060817718
-1.6827624311700136927e-6
0
0
AT 47/128
0.8670584919351536080
-9.490371013490780534e-18
0
0
DERIV 1
-0.4658010064361160496
2.2841477576944664498e-17
0
0
DERIV 2
-0.03951071803878079824
-2.6054109041273938395e-18
0
0
DERIV 3
0.2927519001848242763
-2.1283209363324451048e-17
0
0
DERIV 4
-0.4301956947768931228
1.3497968730852262337e-17
0
0
DERIV 5
0.5873859629772762991
-4.103930184089237825e-17
0
0
DERIV 6
-0.8621480677917444657
1.1082421712672074397e-17
0
0
DERIV 7
1.3806595776197647663
-2.6004041078257757885e-17
0
0
DERIV 8
-2.380375285461568513
8.667586526593199046e-17
0
0
DERIV 9
4.350540457924943816
-3.341564180598932334e-16
0
0
DERIV 10
-8.325592494621259832
-1.9744755060729195209e-16
0
0
DERIV 11
16.529790475302934993
-7.216859888648685321e-16
0
0
DERIV 12
-33.81715561771040513
-1.0542739768614582609e-15
0
0
DERIV 13
70.92407028264872793
2.4361540213221876957e-15
0
0
DERIV 14
-151.88864793295169875
-1.1044788817914171664e-14
0
0
DERIV 15
331.1262714111427386
-4.441120665721294723e-15
0
0
DERIV 16
-733.0505508803862540
1.1922194912561815212e-14
0
0
DERIV 17
1644.6976553322510881
-3.326983769796292200e-14
0
0
DERIV 18
-3733.753804124897215
1.7344685900351516986e-14
0
0
DERIV 19
8565.027689847140209
-3.113659336561545928e-13
0
0
DERIV 20
-19831.060916715225176
2.967878263660246601e-13
0
0
DERIV 21
46300.21978897871304
-3.4611791223682912566e-12
0
0
DERIV 22
-108914.70796329557197
2.1557928257847068882e-12
0
0
DERIV 23
257959.88909489414072
9.269053120180465439e-12
0
0
DERIV 24
-614775.2633460460929
3.479609578345861759e-11
0
0
DERIV 25
1473496.8125923655462
6.348209526974584445e-11
0
0
DERIV 26
-3550167.726048935671
-1.8289765502109430110e-10
0
0
DERIV 27
8594832.108845068142
-3.331205347168118102e-10
0
0
DERIV 28
-20900513.226891662926
-2.612439604799256216e-10
0
0
DERIV 29
51034861.20367403329
1.0494468059000900334e-9
0
0
DERIV 30
-125095469.55372057855
-3.797364867673682934e-9
0
0
DERIV 31
307728633.1633098722
-5.208535223012370203e-9
0
0
DERIV 32
-759528485.9575586319
1.9538583101250304915e-8
0
0
DERIV 33
1880519831.7164204120
5.040595213492600181e-8
0
0
DERIV 34
-4669666175.299386978
-2.409556528873095876e-7
0
0
DERIV 35
11627642954.599710464
-6.565446107350032267e-8
0
0
AT 3/8
0.8634171480388043163
-5.477087174695272413e-17
0
0
DERIV 1
-0.4663655666722019699
-1.9588779330589811128e-17
0
0
DERIV 2
-0.03280413421968497029
-2.7708991124535350284e-18
0
0
DERIV 3
0.2796587507979535481
2.0288907400891757674e-17
0
0
DERIV 4
-0.4080178136513946674
-8.421433450107027128e-18
0
0
DERIV 5
0.5486808363699815505
5.437501141498240076e-17
0
0
DERIV 6
-0.7905433112028080744
1.6952284982089460037e-17
0
0
DERIV 7
1.2409885891634364619
5.382323527187196405e-17
0
0
DERIV 8
-2.096104102179164208
-1.8748990101790897042e-16
0
0
DERIV 9
3.752225817078032488
1.5545144763225186747e-17
0
0
DERIV 10
-7.032156395355555923
-4.093021721462451656e-18
0
0
DERIV 11
13.672315250986748936
-4.619009547312911946e-16
0
0
DERIV 12
-27.390397012312959646
1.4263512823276283311e-15
0
0
DERIV 13
56.25129127107672389
-1.4456761319565548674e-15
0
0
DERIV 14
-117.96034818887846995
2.4592515315617655171e-15
0
0
DERIV 15
251.80969170264503986
-1.3707736970071243129e-14
0
0
DERIV 16
-545.8560879140325142
-2.1574699042250222064e-14
0
0
DERIV 17
1199.2061608945468834
6.087584395753411277e-15
0
0
DERIV 18
-2665.726658070533631
8.573771432644524664e-15
0
0
DERIV 19
5987.697189095207250
2.832949036002949817e-13
0
0
DERIV 20
-13574.921682782969583
-4.626268116530317736e-13
0
0
DERIV 21
31033.742010592010046
-1.1432056954398846246e-13
0
0
DERIV 22
-71482.02468186673650
-7.107816609177932359e-12
0
0
DERIV 23
165775.87396608354175
1.0479376299338413038e-11
0
0
DERIV 24
-386851.2853317584959
4.955077882540406718e-12
0
0
DERIV 25
907893.9394248921890
8.996104347060161020e-12
0
0
DERIV 26
-2141868.634258236270
1.7161212331344647709e-10
0
0
DERIV 27
5077374.790345968679
8.822591915799062295e-11
0
0
DERIV 28
-12089726.922560073435
3.561494828300756970e-10
0
0
DERIV 29
28905738.413438320160
1.5631320268825658627e-9
0
0
DERIV 30
-69377108.21867930889
2.450457184820107662e-9
0
0
DERIV 31
167109026.54766473174
-3.174784266214659666e-9
0
0
DERIV 32
-403862359.3611016870
2.9268919392675229339e-8
0
0
DERIV 33
979094182.8329857588
2.398728137971566644e-9
0
0
DERIV 34
-2380617206.783946514
2.0285856369437540850e-7
0
0
DERIV 35
5804336061.539361000
4.232730122197376825e-7
0
0
AT 49/128
0.8597717966912102883
-1.3859556188388747636e-17
0
0
DERIV 1
-0.4668276923710729109
1.4411978600824006211e-17
0
0
DERIV 2
-0.026396479949495257195
4.249623834860335091e-19
0
0
DERIV 3
0.2672357015790530199
1.2803128327455512606e-17
0
0
DERIV 4
-0.3872885544369505939
2.0226664240614362256e-17
0
0
DERIV 5
0.5131604802886788885
3.1090918944752980753e-18
0
0
DERIV 6
-0.7261139871168614812
4.937555147638734004e-17
0
0
DERIV 7
1.1178405342644437415
-9.398115599420448260e-17
0
0
DERIV 8
-1.8505628857806448728
7.152364184358422988e-17
0
0
DERIV 9
3.246005518820662239
-7.477620697936384179e-17
0
0
DERIV 10
-5.960276624389181599
-2.447905790870487835e-16
0
0
DERIV 11
11.353003494507806437
-8.778781710412208738e-16
0
0
DERIV 12
-22.281413345337266918
-1.2067394990103020630e-15
0
0
DERIV 13
44.82739230851775858
-2.8071042193727406306e-15
0
0
DERIV 14
-92.08900244662132195
-1.9778569911532960128e-15
0
0
DERIV 15
192.57549150329197118
-2.2837989231610859007e-15
0
0
DERIV 16
-408.9412178187536142
2.1988923271276035528e-14
0
0
DERIV 17
880.0934833362553036
3.024499636108506444e-14
0
0
DERIV 18
-1916.4671619287951216
1.0318668059362643117e-13
0
0
DERIV 19
4216.919868270658299
-1.0195007158686945139e-13
0
0
DERIV 20
-9365.302151228870571
2.2500325097643675844e-14
0
0
DERIV 21
20973.307138464035234
-4.105537004229340724e-13
0
0
DERIV 22
-47323.56232298431132
-2.7310146712403909753e-12
0
0
DERIV 23
107510.11449444934260
-5.644328619458265981e-12
0
0
DERIV 24
-245764.49073836658500
-2.5908535661938041549e-12
0
0
DERIV 25
565011.1714631743962
-6.318839882514143916e-12
0
0
DERIV 26
-1305753.9815870944876
6.334340813954312110e-11
0
0
DERIV 27
3032174.411798272748
2.1272125085883673802e-10
0
0
DERIV 28
-7072577.632076687180
3.361413229686770062e-10
0
0
DERIV 29
16565000.247908847407
-1.4935354802718501894e-10
0
0
DERIV 30
-38946605.26653505862
1.0928632910919016600e-10
0
0
DERIV 31
91896562.66506576538
5.205729680978045736e-9
0
0
DERIV 32
-217559773.09351065754
-5.703852338098786973e-10
0
0
DERIV 33
516672658.8035554290
3.795353126628338012e-9
0
0
DERIV 34
-1230626627.4166455269
-6.547561880997860502e-8
0
0
DERIV 35
2939239428.375860214
1.6379336510387351995e-7
0
0
AT 25/64
0.8561232202312051287
-1.5155020080246853357e-17
0
0
DERIV 1
-0.4671919343128583257
1.3921009516005097699e-18
0
0
DERIV 2
-0.020272565461644572599
8.479230846914560807e-19
0
0
DERIV 3
0.2554393605857476768
-4.648896620387888008e-18
0
0
DERIV 4
-0.3678898153555257289
1.8726638975188886646e-17
0
0
DERIV 5
0.4805087318672102703
4.161820298959281792e-18
0
0
DERIV 6
-0.6680191640939420195
3.438145954019594107e-17
0
0
DERIV 7
1.0089851006051941962
-5.890321608184306257e-17
0
0
DERIV 8
-1.6378447473269635015
-9.732161387070829301e-17
0
0
DERIV 9
2.816247020024003955
1.2810758409473420377e-16
0
0
DERIV 10
-5.068598487552364418
-2.0410660172917034518e-17
0
0
DERIV 11
9.462478516386148897
6.081886557818814325e-16
0
0
DERIV 12
-18.200952486823346987
1.6787762973752472806e-15
0
0
DERIV 13
35.88746544243409176
3.4415380476783092527e-15
0
0
DERIV 14
-72.25186517521078145
2.1339020052893378684e-15
0
0
DERIV 15
148.07451539678334029
-9.112624512545448376e-15
0
0
DERIV 16
-308.1594207495917317
-1.7835698279430743185e-15
0
0
DERIV 17
649.9450781815509117
-3.562816486596156800e-14
0
0
DERIV 18
-1387.0147648948452570
4.266095810005348403e-14
0
0
DERIV 19
2990.927019433044734
2.2679766017648971235e-13
0
0
DERIV 20
-6509.718353842263241
1.8549640796906726966e-14
0
0
DERIV 21
14286.854320155845926
1.7250048469251265106e-13
0
0
DERIV 22
-31591.912246824307658
-1.5732483190699387842e-12
0
0
DERIV 23
70335.76069892288069
-4.980755672416926994e-13
0
0
DERIV 24
-157570.18631994363386
3.1922067106829837914e-12
0
0
DERIV 25
355009.2998477661167
1.9124907267568535851e-11
0
0
DERIV 26
-804028.8128932021791
3.740616309435341472e-11
0
0
DERIV 27
1829750.2064340307843
-1.2047733509676370116e-11
0
0
DERIV 28
-4182563.727118294221
2.0334470094569516492e-10
0
0
DERIV 29
9600268.416286073625
3.614614144984872778e-10
0
0
DERIV 30
-22120172.590687263756
6.469831093028502897e-10
0
0
DERIV 31
51149930.33016288281
7.366160357992905674e-10
0
0
DERIV 32
-118672794.89480066299
4.470022033838459237e-9
0
0
DERIV 33
276194341.0036941171
2.2610052630289589350e-8
0
0
DERIV 34
-644691973.5686742068
-6.725510430937322114e-9
0
0
DERIV 35
1508994042.6704227924
-9.684950683734388796e-8
0
0
AT 51/128
0.8524721663515023584
-3.088934955787222642e-17
0
0
DERIV 1
-0.4674626136633715512
1.4519514337398520634e-17
0
0
DERIV 2
-0.014418176199970208357
-2.815697008417119657e-19
0
0
DERIV 3
0.24422984132401140411
4.150333394127444751e-18
0
0
DERIV 4
-0.3497151105827414064
1.0554820828331308442e-18
0
0
DERIV 5
0.4504461389094414625
-2.3240101735108383416e-17
0
0
DERIV 6
-0.6155303813288840464
1.1722760618242603520e-17
0
0
DERIV 7
0.9125290458306993813
-5.792822232928446832e-18
0
0
DERIV 8
-1.4530364765035352903
-4.758035070292467201e-17
0
0
DERIV 9
2.450209861163490377
1.5896420203581250647e-16
0
0
DERIV 10
-4.324098864482821547
1.7648236271558804708e-16
0
0
DERIV 11
7.915165067993396697
1.7990158746986456155e-16
0
0
DERIV 12
-14.927284525618349065
-5.701306361674369705e-16
0
0
DERIV 13
28.857028382754702278
8.964730288007527446e-16
0
0
DERIV 14
-56.96051917974800461
-3.0482329882248204746e-15
0
0
DERIV 15
114.45036997227808229
4.002154129213096167e-16
0
0
DERIV 16
-233.51862588933235542
-1.4917903641562182655e-15
0
0
DERIV 17
482.8696686808512482
-2.7645220590636034764e-14
0
0
DERIV 18
-1010.2760751715150036
-1.6021896548600092281e-14
0
0
DERIV 19
2135.843430786743284
-2.4904638927543167781e-14
0
0
DERIV 20
-4557.530301169260383
-1.0787837543301223771e-13
0
0
DERIV 21
9806.343319933239400
-6.475737311462798810e-13
0
0
DERIV 22
-21259.301198494289566
-1.2193331555508964913e-12
0
0
DERIV 23
46403.57470079659106
1.8378413949702428338e-12
0
0
DERIV 24
-101918.05803656965145
3.534929165846986001e-13
0
0
DERIV 25
225122.23365524830296
-1.3263634694576020806e-11
0
0
DERIV 26
-499863.7146051517921
7.272782860360433199e-12
0
0
DERIV 27
1115251.8606405518949
-8.334808931160233631e-12
0
0
DERIV 28
-2499336.382724066265
-9.934602955000364664e-11
0
0
DERIV 29
5624272.814270976000
-4.584091961910985202e-10
0
0
DERIV 30
-12704929.457716004923
-7.792958997339819444e-10
0
0
DERIV 31
28802450.516075391322
-5.235058188917063741e-10
0
0
DERIV 32
-65514302.93480626494
8.819540268841658343e-10
0
0
DERIV 33
149485895.60969480872
-2.348265744615942282e-9
0
0
DERIV 34
-342088227.7296529412
2.545639909729207664e-9
0
0
DERIV 35
785007415.4002969265
-1.7211448829209428036e-9
0
0
AT 13/32
0.8488193498346645605
2.1111845801339681718e-18
0
0
DERIV 1
-0.4676438365913963002
9.663624046829812994e-18
0
0
DERIV 2
-0.008819994744692236099
-5.694586490860034492e-19
0
0
DERIV 3
0.23357042112580947424
-1.6553304723238095970e-18
0
0
DERIV 4
-0.3326682338307079267
9.980960242869990910e-18
0
0
DERIV 5
0.4227250946284567545
-1.0462389786097639351e-17
0
0
DERIV 6
-0.5680148036900111164
2.3204353713509293064e-17
0
0
DERIV 7
0.8268599983489245409
-3.635579491835902199e-17
0
0
DERIV 8
-1.2920363204178593186
6.491212947473265438e-17
0
0
DERIV 9
2.137468056308275521
1.0315743175193428731e-16
0
0
DERIV 10
-3.700288673285024199
1.1668662333649870717e-16
0
0
DERIV 11
6.643780051638816353
3.466383465596807098e-16
0
0
DERIV 12
-12.289531777111101007
-5.460094130275642188e-16
0
0
DERIV 13
23.302134365327397348
1.2082343695359556434e-15
0
0
DERIV 14
-45.11296975936640763
3.278378263010736804e-16
0
0
DERIV 15
88.90453799840014426
-6.977121078489368310e-15
0
0
DERIV 16
-177.91175403916869868
1.3305464587307389182e-15
0
0
DERIV 17
360.8173237244007510
-7.374204700693695625e-15
0
0
DERIV 18
-740.4067365449561749
-2.6209235227747911712e-15
0
0
DERIV 19
1535.2228248784558673
-6.733989058838447840e-14
0
0
DERIV 20
-3212.938562006747816
1.9898351686688015691e-13
0
0
DERIV 21
6780.319064026590240
3.552672200957224451e-14
0
0
DERIV 22
-14416.561018550128210
-5.120645909718614742e-13
0
0
DERIV 23
30862.660135184887622
1.4916987425950784299e-12
0
0
DERIV 24
-66481.67382050523884
-1.5884702616393189219e-12
0
0
DERIV 25
144024.97247629187768
-4.246128444068876827e-12
0
0
DERIV 26
-313645.7441338226199
-9.416355779926799669e-13
0
0
DERIV 27
686323.5881892502075
8.180349935243624095e-12
0
0
DERIV 28
-1508511.7603601701558
-3.869821315034165503e-11
0
0
DERIV 29
3329340.783403791487
-7.045674625964999455e-11
0
0
DERIV 30
-7376186.628203357570
1.3059486110007437173e-10
0
0
DERIV 31
16400486.982551770285
-1.0011879083435304248e-10
0
0
DERIV 32
-36587354.56823622435
9.113639612779818508e-10
0
0
DERIV 33
81877129.32923427224
1.7596453217970875747e-9
0
0
DERIV 34
-183767183.41544970870
7.719660151527773477e-9
0
0
DERIV 35
413590897.6976951361
8.625765149120600497e-9
0
0
AT 53/128
0.8451654541794821895
4.784671840589639204e-17
0
0
DERIV 1
-0.4677395077261587431
1.1258954861682602176e-17
0
0
DERIV 2
-0.003465530278046643087
1.1920193128843518230e-19
0
0
DERIV 3
0.22342723847386261604
5.462490926257125981e-18
0
0
DERIV 4
-0.3166620974505273689
1.2163753430409484611e-17
0
0
DERIV 5
0.3971256945679860206
2.5942774247007227562e-17
0
0
DERIV 6
-0.5249211605386383539
4.504871158258114225e-17
0
0
DERIV 7
0.7506004742422870413
5.443213738657018463e-17
0
0
DERIV 8
-1.1514078430160781252
-5.389164898523281027e-17
0
0
DERIV 9
1.8694560452516555404
-9.424467792460828949e-17
0
0
DERIV 10
-3.175827925786586015
5.810711873651099081e-18
0
0
DERIV 11
5.595172140366750924
1.7743591686258254099e-16
0
0
DERIV 12
-10.155330626570874486
-2.412417239073062469e-16
0
0
DERIV 13
18.893180975994976478
-4.268698933976690736e-16
0
0
DERIV 14
-35.88848667579481600
1.0099501438982133035e-15
0
0
DERIV 15
69.39333996634898938
-5.129620011737831304e-15
0
0
DERIV 16
-136.24975086358452359
-1.2925992152050928345e-14
0
0
DERIV 17
271.1150232140848289
-2.0892765302110051997e-14
0
0
DERIV 18
-545.8460363758626954
-2.6697494879921573596e-14
0
0
DERIV 19
1110.4619112474497342
6.492100017676211961e-14
0
0
DERIV 20
-2280.164815509202526
1.2436458533673264945e-13
0
0
DERIV 21
4721.117808628578132
4.519403555431004499e-13
0
0
DERIV 22
-9848.877363564370171
4.850506877564639877e-13
0
0
DERIV 23
20686.562463962709444
4.347210159486154014e-13
0
0
DERIV 24
-43720.63750830663048
3.753236344287352616e-14
0
0
DERIV 25
92929.07711427003960
-7.221672978444759698e-12
0
0
DERIV 26
-198555.65875608893112
-7.412187324443420756e-12
0
0
DERIV 27
426285.5831236684462
1.3509670843440141305e-12
0
0
DERIV 28
-919282.7374205986271
-2.4990950337588500700e-11
0
0
DERIV 29
1990614.6705614645034
6.001589883613145684e-11
0
0
DERIV 30
-4327023.682319485583
-6.004863717475455483e-11
0
0
DERIV 31
9439357.694177707657
6.255316255087655120e-10
0
0
DERIV 32
-20660695.873602312058
3.598235431984185418e-10
0
0
DERIV 33
45363306.57507565618
-6.503415078665115231e-10
0
0
DERIV 34
-99893711.18423612416
-7.139864782219819603e-10
0
0
DERIV 35
220581556.37418112158
-5.051274814851237063e-9
0
0
AT 27/64
0.8415111331263807060
-3.063110631655263460e-17
0
0
DERIV 1
-0.4677533425659818334
-1.5786081185245683739e-17
0
0
DERIV 2
0.0016569452622668399185
8.176087561685767154e-20
0
0
DERIV 3
0.21376902420405580196
3.3227878407041208619e-18
0
0
DERIV 4
-0.3016177212313258527
-5.916749128400743511e-18
0
0
DERIV 5
0.3734521974023702340
2.4730493021250755510e-17
0
0
DERIV 6
-0.4857679666533297191
-2.0763320500439473628e-17
0
0
DERIV 7
0.6825701047053646109
-4.155182665087854865e-17
0
0
DERIV 8
-1.0282622117422803854
1.0170091106435334690e-16
0
0
DERIV 9
1.6391100820545627670
-4.607543386212161157e-17
0
0
DERIV 10
-2.733453181860067360
-4.641428403560811171e-18
0
0
DERIV 11
4.727162617924411947
4.074968240603929476e-16
0
0
DERIV 12
-8.421645255666538432
1.1146695848492379843e-16
0
0
DERIV 13
15.378489832569934848
-6.192069658648933032e-16
0
0
DERIV 14
-28.672334451754771578
-1.5444424822839420946e-15
0
0
DERIV 15
54.41526013837101772
-2.5636203112179049737e-15
0
0
DERIV 16
-104.86502651276558140
1.0259653052467373915e-15
0
0
DERIV 17
204.80400587235004650
-8.935451505606892980e-15
0
0
DERIV 18
-404.7094764903060877
6.956605221144648339e-15
0
0
DERIV 19
808.0980502848545939
-4.888452144165788501e-14
0
0
DERIV 20
-1628.5943229508307013
6.747099356406805434e-14
0
0
DERIV 21
3309.612155924300169
1.6884678057334648548e-13
0
0
DERIV 22
-6776.478022818469072
-3.968888660855022509e-13
0
0
DERIV 23
13969.801430496470857
7.929003073049957752e-14
0
0
DERIV 24
-28978.281967226386768
6.027697240773886832e-13
0
0
DERIV 25
60453.53830438616569
3.5897889239489894632e-12
0
0
DERIV 26
-126775.71886737711611
-1.2110941988307731798e-12
0
0
DERIV 27
267139.4147292212583
4.381854136973741797e-12
0
0
DERIV 28
-565418.1867277228739
-3.567521548847654745e-11
0
0
DERIV 29
1201686.1902293150779
-4.727280742087574504e-11
0
0
DERIV 30
-2563753.238269051071
4.880593357793831342e-11
0
0
DERIV 31
5489241.894414658658
-3.382039533036821268e-10
0
0
DERIV 32
-11792279.302518382668
-8.517982125954711640e-10
0
0
DERIV 33
25412086.438920427114
1.3569919642977237124e-9
0
0
DERIV 34
-54923285.63138673455
2.725936926195414590e-9
0
0
DERIV 35
119033784.14108093083
3.437333739939559435e-9
0
0
AT 55/128
0.8378570120896570161
-1.4302230904359464834e-17
0
0
DERIV 1
-0.4676888789366910881
1.6492680838439148161e-17
0
0
DERIV 2
0.006558455083765841846
3.139658738586122797e-19
0
0
DERIV 3
0.20456686225531506285
9.589411692121867830e-18
0
0
DERIV 4
-0.2874633492661882728
-2.4030900951409112640e-17
0
0
DERIV 5
0.3515299924486680050
9.362564164464734079e-18
0
0
DERIV 6
-0.4501336212363957756
-5.603431778243209582e-18
0
0
DERIV 7
0.6217544902915028704
7.835914157494064665e-20
0
0
DERIV 8
-0.9201629857888464770
3.172743664114214679e-17
0
0
DERIV 9
1.4405837085906867401
6.343371695210368259e-17
0
0
DERIV 10
-2.359142828764245969
4.238326186622468891e-17
0
0
DERIV 11
4.006133705967634740
-4.113609563438031230e-16
0
0
DERIV 12
-7.007888997920084684
1.9136667961663972884e-16
0
0
DERIV 13
12.564901561209941505
-2.294219802950831118e-16
0
0
DERIV 14
-23.001546661331808252
9.469673301358844172e-16
0
0
DERIV 15
42.86066529338846465
2.0881514910052994374e-15
0
0
DERIV 16
-81.09798265826024988
5.831957674908671830e-15
0
0
DERIV 17
155.50947059442972886
-6.118342304776942793e-16
0
0
DERIV 18
-301.7165940104567312
2.6982465931494971840e-14
0
0
DERIV 19
591.5018625515364193
6.834852326118079181e-15
0
0
DERIV 20
-1170.4161275372894124
1.0794593956098818619e-13
0
0
DERIV 21
2335.280743577026442
-1.5254318468301009147e-13
0
0
DERIV 22
-4694.616101367601914
1.3169165116762754443e-13
0
0
DERIV 23
9502.106410475162193
-3.386601884965858288e-13
0
0
DERIV 24
-19352.431320872921788
1.3085231070987726700e-13
0
0
DERIV 25
39638.53305115671537
1.4973181631028592420e-12
0
0
DERIV 26
-81613.99432510377665
3.519557137744836740e-13
0
0
DERIV 27
168849.20513223169837
-7.634913997936106485e-14
0
0
DERIV 28
-350883.6654411597992
1.0387476510489649893e-11
0
0
DERIV 29
732177.9237652830780
-3.798226944690398975e-11
0
0
DERIV 30
-1533676.7730532521382
-2.6721129481439212681e-11
0
0
DERIV 31
3224051.277044263668
2.2458836852110596017e-13
0
0
DERIV 32
-6800160.912928942591
6.151846285661688995e-12
0
0
DERIV 33
14387771.727212792262
3.538502448993304948e-10
0
0
DERIV 34
-30531028.739042934030
1.1253451750253383351e-10
0
0
DERIV 35
64966103.78310021013
-7.076099180276269318e-12
0
0
AT 7/16
0.8342036895036213373
8.564201721663356464e-18
0
0
DERIV 1
-0.4675494875875000900
1.3953841116906815779e-18
0
0
DERIV 2
0.011249370141929842734
-4.247463194414437953e-19
0
0
DERIV 3
0.19579397625705249886
-4.882059255668510128e-18
0
0
DERIV 4
-0.2741336767059984192
2.6970984596254066541e-17
0
0
DERIV 5
0.3312029937818814496
-7.744450992384635655e-18
0
0
DERIV 6
-0.4176480582629287230
7.161583064364886418e-18
0
0
DERIV 7
0.5672794256631997767
4.856697194165861954e-17
0
0
DERIV 8
-0.8250487952374212508
-3.193601232811314778e-17
0
0
DERIV 9
1.2690210177258078872
9.185608592384909965e-17
0
0
DERIV 10
-2.041464360811274581
1.9991531528660796575e-16
0
0
DERIV 11
3.405178079129863367
1.2943298549103361442e-16
0
0
DERIV 12
-5.850745329576120035
3.943947679511382262e-16
0
0
DERIV 13
10.303439709102425681
2.0347583194886498212e-16
0
0
DERIV 14
-18.525617041980037670
-1.3877826633498013517e-15
0
0
DERIV 15
33.90491005689585791
1.0155215801859482160e-15
0
0
DERIV 16
-63.00843599760943903
2.0936859290829600944e-15
0
0
DERIV 17
118.66653064532178519
-1.2595475594587463331e-15
0
0
DERIV 18
-226.12664270763167452
5.852394345597908873e-15
0
0
DERIV 19
435.4001525333657128
3.747531662550008726e-15
0
0
DERIV 20
-846.1585584342614084
-1.1716626473714719854e-15
0
0
DERIV 21
1658.1691230579679086
3.399855082921241791e-14
0
0
DERIV 22
-3273.915840344244771
-2.2376534372285493300e-13
0
0
DERIV 23
6508.255026298520534
4.017405756534686868e-13
0
0
DERIV 24
-13018.384195514536259
-8.830183250592661481e-13
0
0
DERIV 25
26188.805935919332114
-2.5719414216547983716e-14
0
0
DERIV 26
-52958.91541315597715
1.6775264948081140687e-12
0
0
DERIV 27
107609.24551913703908
-8.410543137180253718e-13
0
0
DERIV 28
-219628.98756447475170
-8.953229122642369766e-12
0
0
DERIV 29
450110.2815890968195
2.8822176315309597479e-12
0
0
DERIV 30
-926001.7609878377989
4.244172811518430576e-11
0
0
DERIV 31
1911857.3002743944526
4.570723882186095414e-11
0
0
DERIV 32
-3960483.341859851498
-1.3004820092239783891e-10
0
0
DERIV 33
8229963.851779171266
-2.737593359121458947e-10
0
0
DERIV 34
-17152251.825174596161
5.062459105191995191e-10
0
0
DERIV 35
35846089.41193643212
-3.416378960237792158e-9
0
0
AT 57/128
0.8305517380890693468
-3.2760194303977864543e-18
0
0
DERIV 1
-0.4673383820026280611
-2.1647451815569352541e-18
0
0
DERIV 2
0.015739457012284567561
-3.756369809092726212e-19
0
0
DERIV 3
0.18742553876643733290
-2.2823243993318091317e-18
0
0
DERIV 4
-0.2615691710721282925
2.4082586881612335419e-18
0
0
DERIV 5
0.3123313946658090035
2.5414273732166940030e-17
0
0
DERIV 6
-0.3879856828686565340
1.3317235507972162734e-18
0
0
DERIV 7
0.5183894938832412924
-3.885436765672238740e-17
0
0
DERIV 8
-0.7411703064364695281
-3.996358878361816511e-17
0
0
DERIV 9
1.1203752056067659559
-1.0692533816286752512e-16
0
0
DERIV 10
-1.7710616397240572795
8.140611220357682293e-17
0
0
DERIV 11
2.902671975631871515
-1.2548626672959651752e-16
0
0
DERIV 12
-4.900247906506180584
3.201471388653983283e-16
0
0
DERIV 13
8.478659690082594125
3.431703444460076382e-16
0
0
DERIV 14
-14.977832913625979572
-1.8082226103532662595e-16
0
0
DERIV 15
26.931819333653315596
2.1882998554512995408e-16
0
0
DERIV 16
-49.17285791310773391
-2.0554397296229964477e-15
0
0
DERIV 17
90.98638385786092897
-6.773499258493632487e-15
0
0
DERIV 18
-170.34118173621442338
1.2013215566688520481e-14
0
0
DERIV 19
322.2367165499723569
1.5816601065933958936e-14
0
0
DERIV 20
-615.2558884817868830
1.6216858523801575201e-15
0
0
DERIV 21
1184.5399078455980089
9.216810500494140622e-14
0
0
DERIV 22
-2297.759919286658715
8.180923397756054822e-14
0
0
DERIV 23
4487.634745879850925
4.196234174561813157e-13
0
0
DERIV 24
-8819.123999198513048
8.372640927249899848e-13
0
0
DERIV 25
17430.071957303687668
-1.4684909888707460151e-12
0
0
DERIV 26
-34628.79893066598015
1.2142378024864068009e-12
0
0
DERIV 27
69129.36778072120797
2.9865512009527685995e-12
0
0
DERIV 28
-138617.20339378798963
2.1321054505875224869e-12
0
0
DERIV 29
279100.5745625907439
-7.661536607884222878e-12
0
0
DERIV 30
-564115.2049522307934
2.5593117736618564144e-11
0
0
DERIV 31
1144262.2037553517148
6.877575680885421916e-11
0
0
DERIV 32
-2328800.371273072437
-4.970207925623103863e-11
0
0
DERIV 33
4754402.086453695782
-3.764449865356444928e-10
0
0
DERIV 34
-9734932.900378497317
3.796275923362484193e-10
0
0
DERIV 35
19987909.636297084392
-1.4743455561056672309e-9
0
0
AT 29/64
0.8269017060459347146
4.979109084348018473e-17
0
0
DERIV 1
-0.4670586274985913389
-2.1202264455703869769e-17
0
0
DERIV 2
0.020037921529701959583
-6.074815786382899966e-19
0
0
DERIV 3
0.17943850040873124407
1.2311851138586839607e-17
0
0
DERIV 4
-0.24971547516119335652
1.2227402628087310960e-17
0
0
DERIV 5
0.2947897272558542281
-2.5194705105920371785e-17
0
0
DERIV 6
-0.3608593775223521427
8.223712708080304301e-18
0
0
DERIV 7
0.4744302293523472991
1.9173938231922033162e-17
0
0
DERIV 8
-0.6670386425562494503
-9.852751584628377239e-18
0
0
DERIV 9
0.9912627761997631071
3.927147727380908099e-17
0
0
DERIV 10
-1.5402503394135922399
8.691307096617829172e-17
0
0
DERIV 11
2.481169708385382311
1.1222571330511815430e-16
0
0
DERIV 12
-4.116798446073817175
-4.274284846053634596e-16
0
0
DERIV 13
7.000692497120010849
3.472628089621656034e-16
0
0
DERIV 14
-12.154248756588842184
9.458970461275595052e-17
0
0
DERIV 15
21.478579737071299860
1.5369675068334910864e-15
0
0
DERIV 16
-38.54098851468889109
-2.9183829666999595174e-15
0
0
DERIV 17
70.08564105257615040
6.898183807791339063e-15
0
0
DERIV 18
-128.95134319887696961
1.2184343611416537451e-14
0
0
DERIV 19
239.73616270492183844
5.667132489548326442e-15
0
0
DERIV 20
-449.8478556178644681
-1.5133981358293580654e-14
0
0
DERIV 21
851.1579779105214812
-1.7944750923134857694e-14
0
0
DERIV 22
-1622.6136972893141319
-2.917736793248468527e-14
0
0
DERIV 23
3114.422502030912256
-1.1944193823233772297e-13
0
0
DERIV 24
-6014.986148503110599
7.988899063478465082e-15
0
0
DERIV 25
11683.076105299993287
-6.548800123487639186e-13
0
0
DERIV 26
-22810.985006298873486
-2.374506236731812143e-13
0
0
DERIV 27
44752.52714768017177
4.646719656258369770e-13
0
0
DERIV 28
-88190.19454271053837
-1.2480055622565697058e-12
0
0
DERIV 29
174506.63082569622202
-6.213437601966588843e-12
0
0
DERIV 30
-346630.6118697109050
-2.5915406728719381944e-11
0
0
DERIV 31
690991.1007445239229
5.118813362086893157e-12
0
0
DERIV 32
-1382059.8789843963459
-8.935116049544310220e-11
0
0
DERIV 33
2772924.973455120810
3.324151403767495041e-11
0
0
DERIV 34
-5579852.442050065846
4.406605223815877071e-10
0
0
DERIV 35
11259124.103758906946
8.719774416088055893e-10
0
0
AT 59/128
0.8232541181774537531
2.0954322426066204212e-17
0
0
DERIV 1
-0.4667131496698128101
8.052690273152929724e-18
0
0
DERIV 2
0.024153448632911848903
1.1231680280238471887e-18
0
0
DERIV 3
0.17181143654750383187
1.0948301428642069739e-17
0
0
DERIV 4
-0.23852288053990655659
7.877567506725409045e-18
0
0
DERIV 5
0.2784651817117969608
-2.7630634335575802581e-17
0
0
DERIV 6
-0.3360154010516359091
-1.3330823518077051224e-17
0
0
DERIV 7
0.4348332059663417848
1.8376102804471973531e-17
0
0
DERIV 8
-0.6013830260060638588
6.751894863272440438e-18
0
0
DERIV 9
0.8788459334622419350
-7.860858688438613074e-18
0
0
DERIV 10
-1.3426973919831350912
1.0556575116088512820e-16
0
0
DERIV 11
2.126543258375626522
6.979234876774764938e-17
0
0
DERIV 12
-3.468886931699945109
-1.6484748544688954575e-16
0
0
DERIV 13
5.799270230990885900
3.919763903944881090e-16
0
0
DERIV 14
-9.898177737309582724
6.348020008404305329e-16
0
0
DERIV 15
17.195815545630676269
4.908466932134829605e-16
0
0
DERIV 16
-30.333805937399727526
-1.5505892434451353906e-15
0
0
DERIV 17
54.22725444889875490
-1.9621766934262545118e-15
0
0
DERIV 18
-98.08379085671023745
-8.801538827916081577e-16
0
0
DERIV 19
179.26126148805715843
-5.798233734419616561e-15
0
0
DERIV 20
-330.6732782903134762
2.6237637805448927036e-14
0
0
DERIV 21
615.0683886547235489
-3.316922651897169716e-14
0
0
DERIV 22
-1152.6768110293312475
-1.0647812813875896761e-13
0
0
DERIV 23
2174.946868193557748
4.723487284081772473e-14
0
0
DERIV 24
-4129.372591467162238
1.4754709743747037414e-13
0
0
DERIV 25
7884.690353669530851
-3.326807948602811637e-13
0
0
DERIV 26
-15133.842510180973477
-1.0962595038249426061e-13
0
0
DERIV 27
29187.725359445932554
1.4575310637323096425e-13
0
0
DERIV 28
-56543.19154345861171
-3.2431277118537914275e-12
0
0
DERIV 29
109988.96793251720374
-2.1963039468017987549e-12
0
0
DERIV 30
-214773.72512795269722
-9.357840495885338197e-12
0
0
DERIV 31
420885.1658993666060
1.1720974981751482826e-11
0
0
DERIV 32
-827551.1679168090923
1.8127187823565524207e-11
0
0
DERIV 33
1632235.6591521024238
-1.5783664509892242938e-13
0
0
DERIV 34
-3228822.187725258991
-1.5353946485018616101e-11
0
0
DERIV 35
6404756.576645978727
1.8398148181801598401e-10
0
0
AT 15/32
0.8196094769507086264
-3.492522299480270930e-17
0
0
DERIV 1
-0.4663047422387621710
3.2533821728023935969e-18
0
0
DERIV 2
0.028094238800419849000
-3.137029131777107870e-19
0
0
DERIV 3
0.16452440942897095244
-3.4083128094587106797e-18
0
0
DERIV 4
-0.22794586226774804505
-1.3155630015824818157e-17
0
0
DERIV 5
0.2632561463837806981
5.261347247710573433e-18
0
0
DERIV 6
-0.3132290352427725688
1.7805494611407396064e-17
0
0
DERIV 7
0.3991035315414245832
-1.5326531244796981452e-17
0
0
DERIV 8
-0.5431158734289139867
-4.930003515737132977e-17
0
0
DERIV 9
0.7807373525745374687
-2.970213415512260413e-17
0
0
DERIV 10
-1.1731659514316346016
-1.0602328882666541711e-16
0
0
DERIV 11
1.8273096569967057778
1.0552634683614352509e-16
0
0
DERIV 12
-2.931340476739224599
1.4228131790715325163e-16
0
0
DERIV 13
4.819217109104553032
1.3987917376359647910e-16
0
0
DERIV 14
-8.088691607573709419
4.875892388138420594e-16
0
0
DERIV 15
13.818500502896579718
-5.225078145102932774e-16
0
0
DERIV 16
-23.970486426931824298
-5.510061405682073975e-16
0
0
DERIV 17
42.13829865820191856
-2.1979431331397577173e-15
0
0
DERIV 18
-74.94873813385545702
4.935341281310927485e-15
0
0
DERIV 19
134.69762294243398060
-5.258146734559250252e-15
0
0
DERIV 20
-244.33067208180284524
-1.0970096272696936753e-14
0
0
DERIV 21
446.8964726261043552
-1.5777391267940190644e-14
0
0
DERIV 22
-823.5597172571104921
-2.7840582380945093661e-14
0
0
DERIV 23
1528.0575900950348114
9.470574127536704306e-14
0
0
DERIV 24
-2852.845656839653657
-1.4453952862927198858e-13
0
0
DERIV 25
5356.506783017332055
-4.379014040506169576e-13
0
0
DERIV 26
-10109.944482310593230
7.473165806330458819e-13
0
0
DERIV 27
19173.532438243586512
1.4389495686936519520e-12
0
0
DERIV 28
-36524.50454261945561
1.4931972552199537161e-12
0
0
DERIV 29
69864.26867168674653
-1.9583551346404804129e-12
0
0
DERIV 30
-134149.47596309709479
-9.509825519594841523e-12
0
0
DERIV 31
258507.51608966616914
1.4154072669064937523e-11
0
0
DERIV 32
-499811.2604733060580
8.145783138386920022e-12
0
0
DERIV 33
969383.4046689496608
3.1076333012889962388e-12
0
0
DERIV 34
-1885637.9549452641514
6.449110322215076463e-11
0
0
DERIV 35
3678054.906548284460
2.1988443026223560158e-12
0
0
AT 61/128
0.8159682634980017779
-2.5848821230045667824e-17
0
0
DERIV 1
-0.4658360743611665855
-1.5270415375674016972e-17
0
0
DERIV 2
0.03186804141909770766
-1.4325322936427761832e-18
0
0
DERIV 3
0.15755884401519176796
-1.6368200217956941840e-18
0
0
DERIV 4
-0.21794266685790719684
5.968713646859984490e-18
0
0
DERIV 5
0.24907093692422746511
-9.653623914161658131e-18
0
0
DERIV 6
-0.2923008593104722275
9.613427785286458522e-18
0
0
DERIV 7
0.3668093283644656144
-7.550650946817840680e-18
0
0
DERIV 8
-0.4913039358433505255
5.065344596144140910e-18
0
0
DERIV 9
0.6949227902791725864
5.347702709334929178e-17
0
0
DERIV 10
-1.0273116807473627876
-2.3585972845712809219e-17
0
0
DERIV 11
1.5741029281946743446
2.2185179621938172510e-17
0
0
DERIV 12
-2.483972105715405387
-1.4968857124891170088e-16
0
0
DERIV 13
4.017029874913579768
-1.3609797015122256813e-16
0
0
DERIV 14
-6.632048703539628498
-3.890441675214944343e-16
0
0
DERIV 15
11.144647966228225400
-7.846818764922245925e-16
0
0
DERIV 16
-19.015814212695548946
-1.0273731600534129740e-15
0
0
DERIV 17
32.88102239747578182
-8.923711764954043018e-16
0
0
DERIV 18
-57.52559437448429236
2.8264424394898600085e-15
0
0
DERIV 19
101.69131673861187437
3.652563347948530654e-15
0
0
DERIV 20
-181.43792328784749657
-1.3318170700677573041e-14
0
0
DERIV 21
326.4242041040881191
1.3517576518430466251e-15
0
0
DERIV 22
-591.6913928541633823
-4.967909135263007229e-14
0
0
DERIV 23
1079.8516842909230036
5.104181003591290395e-14
0
0
DERIV 24
-1983.0172544805195684
-8.924719083963065457e-14
0
0
DERIV 25
3662.295436834188422
1.8770949418199913958e-13
0
0
DERIV 26
-6798.979242632377464
9.093913028789945173e-14
0
0
DERIV 27
12682.944101657723877
8.429093830271501248e-13
0
0
DERIV 28
-23764.303493874573178
6.913234771139766940e-13
0
0
DERIV 29
44711.42626564768580
1.7395639073275184586e-13
0
0
DERIV 30
-84445.18658498904552
-4.041214772882985342e-12
0
0
DERIV 31
160059.51214128563879
-5.723691300113293616e-12
0
0
DERIV 32
-304394.3899923200952
-4.546661726654041462e-12
0
0
DERIV 33
580695.4111807977315
3.626463248721623521e-11
0
0
DERIV 34
-1111049.1056585607585
-6.040142815671575498e-11
0
0
DERIV 35
2131646.637019662187
9.366590243527674365e-11
0
0
AT 31/64
0.8123309385631373170
4.628624821352362894e-17
0
0
DERIV 1
-0.4653096974318095547
2.6244539549131752503e-18
0
0
DERIV 2
0.03548218538764931484
-2.4329169202650209514e-18
0
0
DERIV 3
0.15089741595200134583
-4.117701272442837588e-18
0
0
DERIV 4
-0.20847494663977630958
-7.505085364913958275e-18
0
0
DERIV 5
0.23582668728655534207
-9.209237697968352418e-18
0
0
DERIV 6
-0.2730535532763010420
-3.473989382995584205e-18
0
0
DERIV 7
0.3375728584760346318
-7.675173942562731825e-18
0
0
DERIV 8
-0.4451443599090345593
2.3976135077029315055e-17
0
0
DERIV 9
0.6196979707521623748
6.758577010122949000e-18
0
0
DERIV 10
-0.9015194119855978183
3.2571721953865181564e-18
0
0
DERIV 11
1.3592578133905508508
5.463416106087419958e-17
0
0
DERIV 12
-2.110533515928125770
-7.706009420860888161e-17
0
0
DERIV 13
3.358272175394167558
-2.2200596817746496314e-16
0
0
DERIV 14
-5.455272481972544441
1.5537092733189672789e-16
0
0
DERIV 15
9.019616535294890270
3.989204471675736694e-16
0
0
DERIV 16
-15.142103266863934152
7.775743716898214433e-16
0
0
DERIV 17
25.761058565168280410
8.307305347241322784e-16
0
0
DERIV 18
-44.34297501527641572
-2.3670644168695339274e-15
0
0
DERIV 19
77.12435732745987594
-2.6868182188645704786e-15
0
0
DERIV 20
-135.38754079055178181
-1.1481672986914569871e-14
0
0
DERIV 21
239.64873058078620716
8.970114107826323930e-15
0
0
DERIV 22
-427.3951057859832758
-1.8667895027537317847e-14
0
0
DERIV 23
767.4311289209525740
-4.212366458230725505e-14
0
0
DERIV 24
-1386.5718968438661705
6.817847088169392133e-14
0
0
DERIV 25
2519.472027576243818
2.0455111725743577365e-13
0
0
DERIV 26
-4601.928517724567428
-2.978631022067322103e-13
0
0
DERIV 27
8446.095529222689948
-2.316663717297304814e-13
0
0
DERIV 28
-15570.428517871288932
-8.559525031393603825e-13
0
0
DERIV 29
28822.616226421570900
1.5023830606663373372e-12
0
0
DERIV 30
-53558.57776046291110
1.4431078842605374567e-12
0
0
DERIV 31
99879.13360814953921
1.9398765636331966907e-12
0
0
DERIV 32
-186882.63977750303456
-1.2634781620536464891e-11
0
0
DERIV 33
350767.7516812323011
1.2916189423907959012e-11
0
0
DERIV 34
-660303.1822180472082
5.650322620072707881e-11
0
0
DERIV 35
1246419.2642123044934
1.0762997506996347836e-10
0
0
AT 63/128
0.8086979433963478181
3.448701179643444209e-17
0
0
DERIV 1
-0.4647280514319869771
1.3680175266605867916e-17
0
0
DERIV 2
0.03894360722311078493
-2.0242735490794580024e-18
0
0
DERIV 3
0.14452395031560058558
-1.1814419923179132261e-17
0
0
DERIV 4
-0.19950743465730705339
-1.0263815510959111487e-19
0
0
DERIV 5
0.22344837980123286036
1.1121022045311240976e-17
0
0
DERIV 6
-0.2553291481778485195
-1.5274378272554374142e-17
0
0
DERIV 7
0.3110630153036271217
3.638794097592534911e-18
0
0
DERIV 8
-0.4039447691919818006
-2.3187000816405923481e-17
0
0
DERIV 9
0.5536169382743829637
-5.428354979832751808e-17
0
0
DERIV 10
-0.7927716940765715536
4.944875680276063882e-17
0
0
DERIV 11
1.1764803096590401577
9.459593837342390076e-17
0
0
DERIV 12
-1.7978999690484933627
-4.055522505072517662e-17
0
0
DERIV 13
2.815580111687328469
-2.1682125900188778464e-16
0
0
DERIV 14
-4.501317769450692730
4.682138423520335749e-17
0
0
DERIV 15
7.324492084252871571
-1.5984462978975457102e-16
0
0
DERIV 16
-12.101477083943642299
3.157159830056441264e-16
0
0
DERIV 17
20.261712030549411168
2.817679268438680676e-16
0
0
DERIV 18
-34.32382607197065738
1.4317241719981791111e-15
0
0
DERIV 19
58.75157157130559682
-3.550490209333340744e-16
0
0
DERIV 20
-101.49920686365733502
2.887184642995983240e-16
0
0
DERIV 21
176.81303837812856727
1.2620539910965100107e-14
0
0
DERIV 22
-310.3296432976314918
6.770603474180304274e-15
0
0
DERIV 23
548.3870348252227132
1.8393620353517689366e-14
0
0
DERIV 24
-975.0879614569887508
-3.446740631975474984e-14
0
0
DERIV 25
1743.6697591889035266
-4.894117187679573664e-14
0
0
DERIV 26
-3134.350612800788440
1.4168436674464432216e-13
0
0
DERIV 27
5661.303981997507435
2.2117962935639608073e-13
0
0
DERIV 28
-10271.021361580093071
3.883385308763316591e-13
0
0
DERIV 29
18711.081131813938554
6.137778233866049073e-13
0
0
DERIV 30
-34217.38310106241261
4.292610385359300442e-13
0
0
DERIV 31
62797.83551018153230
4.774653318671494535e-13
0
0
DERIV 32
-115635.42898254140164
1.1513185031807731271e-12
0
0
DERIV 33
213596.22432258268236
-1.2573679686896995045e-11
0
0
DERIV 34
-395702.8519091598573
-9.347976045829468503e-12
0
0
DERIV 35
735092.0927191765514
3.056351950136807426e-11
0
0
AT 1/2
0.8050697006012995649
3.635826102635725484e-17
0
0
DERIV 1
-0.4640934708557369337
-2.2856679328440964189e-17
0
0
DERIV 2
0.04225887690880376218
-1.3978790101616760611e-18
0
0
DERIV 3
0.13842332995185455125
4.372893073467544788e-18
0
0
DERIV 4
-0.19100765505781036602
-8.309973787378925788e-18
0
0
DERIV 5
0.21186799503309297621
7.427674223592740238e-20
0
0
DERIV 6
-0.23898665482102326996
-1.1737643032750361711e-18
0
0
DERIV 7
0.2869889538676839158
1.5178363105882707613e-17
0
0
DERIV 8
-0.3671066403282702284
2.4705363383661221531e-17
0
0
DERIV 9
0.4954496540888471690
5.781867025963963821e-18
0
0
DERIV 10
-0.6985426251767931083
-4.719664307236508844e-17
0
0
DERIV 11
1.0205859125187408676
-2.6179988862018538048e-17
0
0
DERIV 12
-1.5354332402755153097
-8.458701799949901357e-17
0
0
DERIV 13
2.367128881234192850
-2.1370912506284631530e-16
0
0
DERIV 14
-3.725415120677562531
1.8438766414278432284e-16
0
0
DERIV 15
5.967444736771900793
1.3158632911356945448e-16
0
0
DERIV 16
-9.705583161968736050
7.334707023865448649e-18
0
0
DERIV 17
15.996656802602370107
-4.063842141356771428e-17
0
0
DERIV 18
-26.675757803228989928
8.508975519486916671e-16
0
0
DERIV 19
44.94766716561336040
2.9781341178296742278e-15
0
0
DERIV 20
-76.43915000629576184
-2.1745826126682268062e-15
0
0
DERIV 21
131.07872058795931025
-1.3071656990288331460e-14
0
0
DERIV 22
-226.46715400779280004
7.728619353686778384e-16
0
0
DERIV 23
393.9423491185231114
-2.1432085747641919545e-14
0
0
DERIV 24
-689.5287766781558503
-2.4803314823653554302e-14
0
0
DERIV 25
1213.7677670959656098
1.0871479885658239780e-13
0
0
DERIV 26
-2147.738578948835311
-9.360027974665131241e-14
0
0
DERIV 27
3818.673765378818189
-1.6662610115594452971e-13
0
0
DERIV 28
-6819.801836435161022
2.642777061346406157e-13
0
0
DERIV 29
12229.786519345456327
-5.232077730252773147e-13
0
0
DERIV 30
-22015.497991774846014
-9.958798866518714112e-13
0
0
DERIV 31
39772.96793774743128
-1.6111781289202291830e-12
0
0
DERIV 32
-72093.43828337849118
-5.259388858465668515e-12
0
0
DERIV 33
131087.05272876433446
6.920015469030670138e-12
0
0
DERIV 34
-239054.39512142949388
-6.100348308615229241e-12
0
0
DERIV 35
437150.0759226066875
-4.043078988968277491e-12
0
0
AT 33/64
0.7978290740798575920
-2.0793573110000677585e-17
0
0
DERIV 1
-0.4626743493882652936
-2.5430678958847697356e-17
0
0
DERIV 2
0.04847554804970963249
3.1955824581101549591e-18
0
0
DERIV 3
0.12698495426986503021
1.1424148150404854979e-18
0
0
DERIV 4
-0.17529382166537191279
-7.765780181488924839e-18
0
0
DERIV 5
0.19085951618918070571
9.024840723817284069e-18
0
0
DERIV 6
-0.20995632111610190718
-3.579861711785591256e-18
0
0
DERIV 7
0.24515439259918042625
4.996226324134199209e-18
0
0
DERIV 8
-0.3045086879762181620
-9.038225539944775490e-18
0
0
DERIV 9
0.3988122839049429436
1.9228788584604587067e-17
0
0
DERIV 10
-0.5454943921797128503
-3.710582217109967504e-17
0
0
DERIV 11
0.7730451469780451612
1.8301347957257609764e-17
0
0
DERIV 12
-1.1279867599161075287
-7.966575405199927143e-17
0
0
DERIV 13
1.6865079057246947780
6.963012187604716630e-18
0
0
DERIV 14
-2.574061812275663996
-1.3503361478134803286e-16
0
0
DERIV 15
3.998527623380530916
-1.2829319618815986390e-16
0
0
DERIV 16
-6.306574015054285276
4.282940942890534625e-16
0
0
DERIV 17
10.079896856193846233
-7.829073022698125848e-16
0
0
DERIV 18
-16.300271328220070188
6.780782093991146820e-16
0
0
DERIV 19
26.633827758823056086
1.2572141378029484385e-15
0
0
DERIV 20
-43.92264314723427532
3.1290728932652195852e-15
0
0
DERIV 21
73.03807304839605763
-6.783584339526856696e-15
0
0
DERIV 22
-122.36733304375383113
-1.2587886852701197094e-15
0
0
DERIV 23
206.41204359210749430
7.394967461174625723e-15
0
0
DERIV 24
-350.3450492410449897
1.9903407742016632314e-14
0
0
DERIV 25
598.0255064082336958
3.368993377081158371e-14
0
0
DERIV 26
-1026.1372640195124859
-4.626298349035204099e-14
0
0
DERIV 27
1769.1963922521508721
4.865237522053000844e-16
0
0
DERIV 28
-3063.897839748414754
1.0350494597876996716e-13
0
0
DERIV 29
5327.949407956588402
4.414974396081767954e-13
0
0
DERIV 30
-9300.539170730051410
3.301180762300462833e-14
0
0
DERIV 31
16293.176280251385833
6.799032416780442514e-13
0
0
DERIV 32
-28638.576045756875828
-1.0146435283636895930e-12
0
0
DERIV 33
50495.56293465510680
-3.3170245230251524563e-12
0
0
DERIV 34
-89295.11981612353702
5.425682484795664842e-12
0
0
DERIV 35
158343.03991582497838
6.405205840647835768e-12
0
0
AT 17/32
0.7906120963568470383
8.867514914836392050e-18
0
0
DERIV 1
-0.4610691009930807382
-9.487315246094997769e-18
0
0
DERIV 2
0.05417828739297619878
2.0212984437997600612e-18
0
0
DERIV 3
0.11647953365899423039
8.308544422117460506e-19
0
0
DERIV 4
-0.16112029865316476740
-1.0445999364333575808e-17
0
0
DERIV 5
0.17237082822179877750
-1.1386315096227619445e-17
0
0
DERIV 6
-0.18510287839814756894
7.691878208588515764e-18
0
0
DERIV 7
0.21036069879344165834
-8.167460765254771635e-19
0
0
DERIV 8
-0.2539634828553453127
-9.022159835868757959e-18
0
0
DERIV 9
0.3230797365952898792
5.708809012383229806e-18
0
0
DERIV 10
-0.4291059288464530996
-7.744430270181656228e-18
0
0
DERIV 11
0.5903909042791878337
-4.299513797425251072e-17
0
0
DERIV 12
-0.8362922226483260335
-3.4368096486723793645e-18
0
0
DERIV 13
1.2137705537202074790
2.1839431399141104481e-17
0
0
DERIV 14
-1.7982301717881783443
-3.490166517500373804e-17
0
0
DERIV 15
2.711401030213557828
-1.7206854810491653181e-16
0
0
DERIV 16
-4.150945669019900919
-1.3596603782219435313e-16
0
0
DERIV 17
6.439678836763487624
3.227737046934524761e-17
0
0
DERIV 18
-10.107729561831979126
-2.363827339014070183e-16
0
0
DERIV 19
16.030242573422242458
-6.500798200282511181e-16
0
0
DERIV 20
-25.659043270483678612
6.455309027776035001e-16
0
0
DERIV 21
41.41379596349084125
6.178293780280116586e-16
0
0
DERIV 22
-67.34472612135833458
-3.4316434020535753939e-15
0
0
DERIV 23
110.25908694341623573
4.547530885985514264e-15
0
0
DERIV 24
-181.64176496845990982
-2.3871701778289349439e-15
0
0
DERIV 25
300.9394178850553203
1.5776850058558737679e-14
0
0
DERIV 26
-501.1916956028609320
-1.6220283909255807800e-14
0
0
DERIV 27
838.7122538889909720
9.000048726815319825e-15
0
0
DERIV 28
-1409.7734841214144126
7.050758950809323566e-14
0
0
DERIV 29
2379.429858670115209
-1.5070209665605278195e-13
0
0
DERIV 30
-4031.423234131987556
2.1717880437157368400e-13
0
0
DERIV 31
6854.775209676842678
-9.045527961857071157e-14
0
0
DERIV 32
-11694.343596190308745
1.6878598336538482452e-13
0
0
DERIV 33
20013.102578211059154
9.623947338118203690e-13
0
0
DERIV 34
-34349.90432722961123
-7.911108682675496797e-13
0
0
DERIV 35
59119.83887423441775
2.3613553100138663279e-12
0
0
AT 35/64
0.7834215536633022392
4.299260401969910934e-17
0
0
DERIV 1
-0.4592931254971162613
2.1832597834204252941e-17
0
0
DERIV 2
0.05940866341444892007
3.3515160010909208006e-18
0
0
DERIV 3
0.10681664596656385846
5.501667471366665306e-19
0
0
DERIV 4
-0.14830463147560174475
-8.403288487249370815e-18
0
0
DERIV 5
0.15604401986536048375
-3.3821821483286908675e-18
0
0
DERIV 6
-0.16373235741701666623
-1.0655224972830518254e-17
0
0
DERIV 7
0.18126942715155774932
7.785380638835973761e-18
0
0
DERIV 8
-0.21289638077922715120
4.738098817658996385e-18
0
0
DERIV 9
0.2633062651347010674
2.4168356835399019289e-17
0
0
DERIV 10
-0.3398838397863519489
-1.1037293544279401921e-17
0
0
DERIV 11
0.4544077801845302633
-1.0106215607773979989e-17
0
0
DERIV 12
-0.6254055913219600527
-1.5802856519421618117e-17
0
0
DERIV 13
0.8818852333704705337
-7.234013880958309705e-18
0
0
DERIV 14
-1.2693342046797162492
-5.499010183255435397e-17
0
0
DERIV 15
1.8593820070873436912
9.225702360101097187e-17
0
0
DERIV 16
-2.765402853954904039
1.1335417138003405300e-16
0
0
DERIV 17
4.167797115733417712
-2.2046351343866366393e-16
0
0
DERIV 18
-6.355108251794897356
-2.528190399250190761e-16
0
0
DERIV 19
9.791142942863480414
1.8331252602525271802e-16
0
0
DERIV 20
-15.224933477396113801
-7.030053020481955128e-16
0
0
DERIV 21
23.871506929854287904
-1.1850942546260725531e-15
0
0
DERIV 22
-37.71002497889720928
-2.6960308829344809091e-15
0
0
DERIV 23
59.97702490681846399
4.672691915350321548e-16
0
0
DERIV 24
-95.98483458161821602
7.625114989038652149e-16
0
0
DERIV 25
154.48332661202093163
-1.0659226923430842078e-14
0
0
DERIV 26
-249.93173890689476480
-1.1468514996118344981e-14
0
0
DERIV 27
406.2983171995198291
-9.519248466846039137e-15
0
0
DERIV 28
-663.4304941231861221
-2.6273728333754218006e-14
0
0
DERIV 29
1087.7590067260009619
7.480564717541009480e-14
0
0
DERIV 30
-1790.3236606063121599
-2.5874000322628768836e-14
0
0
DERIV 31
2957.191722662906159
1.5855929955184769838e-14
0
0
DERIV 32
-4900.890403781249006
-3.485193317974062896e-13
0
0
DERIV 33
8147.535062985117293
-1.8883427679913528383e-13
0
0
DERIV 34
-13584.693676491026054
-3.712673118664682615e-13
0
0
DERIV 35
22712.759823513391894
7.003711903718736996e-13
0
0
AT 9/16
0.7762600014221338052
4.102334699368163372e-17
0
0
DERIV 1
-0.4573605872584816101
-1.3887616865870599035e-17
0
0
DERIV 2
0.06420426026102585282
1.5190951343783602967e-18
0
0
DERIV 3
0.09791644892411303924
-2.4536741110450236307e-18
0
0
DERIV 4
-0.13668995452556059744
-1.0346164852029167472e-17
0
0
DERIV 5
0.14157989229660589148
-5.478717277046739039e-18
0
0
DERIV 6
-0.14528105462266888148
5.559113561101765587e-18
0
0
DERIV 7
0.15682450605736975024
1.1051834705744617781e-17
0
0
DERIV 8
-0.17933444497865524969
7.571245758165221480e-20
0
0
DERIV 9
0.21581156635454862291
1.2858291021074849089e-17
0
0
DERIV 10
-0.2709685373432211830
-1.9984237231492472150e-17
0
0
DERIV 11
0.3523161483428055019
-1.3903051541730655015e-17
0
0
DERIV 12
-0.4715234719206646830
-1.7057213572932382387e-17
0
0
DERIV 13
0.6465198026188143654
1.5096994779703061054e-17
0
0
DERIV 14
-0.9048090408558232545
5.467530367197604498e-17
0
0
DERIV 15
1.2886927196208257662
-8.062557707834567224e-17
0
0
DERIV 16
-1.8635071515180099411
-5.982548536204057798e-17
0
0
DERIV 17
2.730646532834632545
-2.1674213163369840279e-16
0
0
DERIV 18
-4.048218886578540676
1.7493286827206281835e-16
0
0
DERIV 19
6.063919595197774015
-2.1640556166956588880e-16
0
0
DERIV 20
-9.167524494030283577
-3.212207166641194747e-16
0
0
DERIV 21
13.974983184604365505
-3.366305043169491727e-16
0
0
DERIV 22
-21.463552367139321574
-9.493640384021032402e-16
0
0
DERIV 23
33.18958772025887782
-3.4148562758572432309e-15
0
0
DERIV 24
-51.64053942658980390
-2.2312991624019713536e-15
0
0
DERIV 25
80.80536569736284491
5.353686197794114879e-15
0
0
DERIV 26
-127.10124279840690065
-1.5285304127092869035e-15
0
0
DERIV 27
200.88276467582778650
-6.186736499541941866e-16
0
0
DERIV 28
-318.9054217447491055
8.153952113092066843e-15
0
0
DERIV 29
508.3555891103690101
2.2671905405846267574e-14
0
0
DERIV 30
-813.4569716741849561
-2.2930562170725497641e-14
0
0
DERIV 31
1306.3223571332271149
1.1078669666351846994e-13
0
0
DERIV 32
-2104.812788938445465
1.2619479210634764984e-13
0
0
DERIV 33
3401.982854143457189
2.906265629877741339e-14
0
0
DERIV 34
-5514.713459328353565
4.448263573767704466e-13
0
0
DERIV 35
8964.169764265134291
2.397387475507167741e-13
0
0
AT 37/64
0.7691297826184790853
2.6261583897310716390e-17
0
0
DERIV 1
-0.4552845323014632628
-2.3214116735515158983e-17
0
0
DERIV 2
0.06859913832745644091
5.114809241505589337e-18
0
0
DERIV 3
0.08970821480035763573
4.089519735549126775e-19
0
0
DERIV 4
-0.12614084594079774670
1.8418275627194649860e-19
0
0
DERIV 5
0.12872707482349854402
7.731862429549428962e-18
0
0
DERIV 6
-0.12928838605581033372
-2.6372011631338586989e-18
0
0
DERIV 7
0.13618703978868199056
-4.746658272820345745e-18
0
0
DERIV 8
-0.15175431089279448060
-9.497304941478036524e-18
0
0
DERIV 9
0.17783377695992519385
-1.2242929065223885025e-17
0
0
DERIV 10
-0.21735722061980577990
1.2088318114878260200e-17
0
0
DERIV 11
0.2750585130660976874
-2.2904490661055139074e-17
0
0
DERIV 12
-0.3582517734794677944
-4.173772525058727900e-18
0
0
DERIV 13
0.4780045860152149495
5.532977780627101929e-18
0
0
DERIV 14
-0.6509608507035301583
1.8454817246686085732e-18
0
0
DERIV 15
0.9021594807382369297
-1.0240190099410222784e-17
0
0
DERIV 16
-1.2693836216357892166
6.090674769214312834e-17
0
0
DERIV 17
1.8098783797402397955
9.279868159180936438e-19
0
0
DERIV 18
-2.610752549682536117
6.376901969545710717e-17
0
0
DERIV 19
3.805132473488661571
-1.9867695056146993776e-16
0
0
DERIV 20
-5.597326035122716093
-3.714806547281031185e-16
0
0
DERIV 21
8.302140849361160591
7.305294664896699036e-16
0
0
DERIV 22
-12.406497206512398179
6.511176174891298445e-16
0
0
DERIV 23
18.666247221534309376
1.4659184610315555856e-15
0
0
DERIV 24
-28.258722857554790408
-5.437096370160488032e-16
0
0
DERIV 25
43.02370124903713133
8.510562316950016447e-17
0
0
DERIV 26
-65.84495703578238590
8.009682941703997670e-17
0
0
DERIV 27
101.25582195134894903
6.913994639723730767e-15
0
0
DERIV 28
-156.40238627862612475
3.600375353958805753e-15
0
0
DERIV 29
242.57879339744732760
2.1072108914273385106e-15
0
0
DERIV 30
-377.6793497456176283
-2.0988491310543035431e-14
0
0
DERIV 31
590.1224750184181858
3.529667431698868217e-14
0
0
DERIV 32
-925.1415067021686127
2.2632306218020178665e-14
0
0
DERIV 33
1454.8877839603585471
4.951109623476024714e-14
0
0
DERIV 34
-2294.683688366510978
-1.9830659986113326448e-13
0
0
DERIV 35
3629.211578104975161
-6.575092506817645314e-14
0
0
AT 19/32
0.7620330444469113340
2.4831979485938831755e-18
0
0
DERIV 1
-0.4530769920715989607
-1.8523483949664856586e-17
0
0
DERIV 2
0.07262423182490990170
-6.435890178260219212e-18
0
0
DERIV 3
0.08212909949832473966
1.6027326798715410200e-18
0
0
DERIV 4
-0.11653994144369922425
2.3716056732482258552e-18
0
0
DERIV 5
0.11727338132086810585
6.919576848040315788e-18
0
0
DERIV 6
-0.11537593441615003054
-1.7007973762678293446e-19
0
0
DERIV 7
0.11868640233939269091
2.9329306573343560650e-18
0
0
DERIV 8
-0.12897128924354822610
6.916591534909642054e-18
0
0
DERIV 9
0.14728368714314768462
-3.897103491858496774e-18
0
0
DERIV 10
-0.17536910190676827104
-5.204329398730267446e-18
0
0
DERIV 11
0.21615358452836860859
9.419991751419695147e-18
0
0
DERIV 12
-0.2741814272179441958
-6.440177948966422309e-18
0
0
DERIV 13
0.3562591751188524114
1.5070846946967699486e-17
0
0
DERIV 14
-0.4724493009886442940
9.241443182351091386e-18
0
0
DERIV 15
0.6375848360463225450
-3.881054170631923180e-17
0
0
DERIV 16
-0.8735615954054595234
1.3116873282950149413e-17
0
0
DERIV 17
1.2128024053957440209
9.280706395107335715e-17
0
0
DERIV 18
-1.7034994845948963071
6.301565279108334369e-17
0
0
DERIV 19
2.417566511580135469
1.7736739900510123387e-16
0
0
DERIV 20
-3.462733731199270526
-8.738584416899095645e-17
0
0
DERIV 21
5.000995680805223387
-1.7924668689888812199e-16
0
0
DERIV 22
-7.276824682031253211
-4.057479509183280772e-16
0
0
DERIV 23
10.660433288478010638
7.539611192365339314e-16
0
0
DERIV 24
-15.714280047424821873
-3.972413284465117788e-16
0
0
DERIV 25
23.295553069174786742
9.113686811123688894e-17
0
0
DERIV 26
-34.71445875346999088
2.9503354048719203196e-15
0
0
DERIV 27
51.97924226489917033
2.0444232153770013702e-15
0
0
DERIV 28
-78.17626266269705582
4.390642665922480731e-15
0
0
DERIV 29
118.06075336864644498
-1.0771304428064122430e-15
0
0
DERIV 30
-178.97682815244246513
5.651409840859071194e-15
0
0
DERIV 31
272.2928764814401461
2.3832544687497599567e-14
0
0
DERIV 32
-415.6450342948668322
2.3944246257926462550e-14
0
0
DERIV 33
636.4495961975610499
1.4308303528815290624e-14
0
0
DERIV 34
-977.4110495853899465
1.7145155473306114025e-14
0
0
DERIV 35
1505.1730562484135589
8.094151413650015759e-15
0
0
AT 39/64
0.7549717534300368627
3.339237573525086359e-17
0
0
DERIV 1
-0.4507490756190700720
2.6374336410432241161e-17
0
0
DERIV 2
0.07630769329926166689
1.2764890717976846417e-18
0
0
DERIV 3
0.07512310368710345410
1.9777057803635414864e-19
0
0
DERIV 4
-0.10778515282184046586
-5.987906501878260321e-18
0
0
DERIV 5
0.10703890222617838679
-4.230064301633404941e-18
0
0
DERIV 6
-0.10323115968644971940
-5.022820483481374522e-19
0
0
DERIV 7
0.10378325705474845952
3.730588471375222402e-18
0
0
DERIV 8
-0.11005781302059546023
1.5258157593277908410e-18
0
0
DERIV 9
0.12256896186759762279
-3.642259673484829649e-18
0
0
DERIV 10
-0.14227348888623730927
1.2447314965899050307e-17
0
0
DERIV 11
0.17092130704574221012
1.1288880796087732982e-17
0
0
DERIV 12
-0.21129415346031638068
-6.223434495350568280e-18
0
0
DERIV 13
0.2675484501755837630
2.1373336011563081047e-17
0
0
DERIV 14
-0.3457483270464553060
2.4562690932129183408e-17
0
0
DERIV 15
0.4546728355769780183
-1.0912171686986618571e-18
0
0
DERIV 16
-0.6070188103320899309
-4.823585409191474016e-17
0
0
DERIV 17
0.8211833390756477780
-4.110257331578269175e-17
0
0
DERIV 18
-1.1239035821543901239
-1.0073917578953498608e-16
0
0
DERIV 19
1.5541719892348109244
9.997693016722975810e-17
0
0
DERIV 20
-2.169055988901882337
-7.121086217293339499e-17
0
0
DERIV 21
3.052369864392709076
-1.0901535816373458486e-17
0
0
DERIV 22
-4.327628964351422525
-1.0618393521462678006e-16
0
0
DERIV 23
6.177448400734395051
-2.697096686757968432e-16
0
0
DERIV 24
-8.872661142598127882
5.124423883156903254e-16
0
0
DERIV 25
12.816124902469120173
8.720120447965079754e-16
0
0
DERIV 26
-18.608771778636409522
-1.7653115563041760088e-15
0
0
DERIV 27
27.149402978209185022
1.7349079380720710814e-15
0
0
DERIV 28
-39.78577181213017156
1.0690023992569791883e-15
0
0
DERIV 29
58.54375387349588778
-1.2044465986466778572e-15
0
0
DERIV 30
-86.47560457265589662
2.7606495821586493140e-15
0
0
DERIV 31
128.19012284363191156
-8.043067743912509853e-15
0
0
DERIV 32
-190.66110523617925310
-1.3296171756950967938e-14
0
0
DERIV 33
284.4621756901851768
1.7566303361165009583e-14
0
0
DERIV 34
-425.6558082320559606
-1.6616172201977258531e-14
0
0
DERIV 35
638.6874637944567894
4.119088872236512815e-14
0
0
AT 5/8
0.7479477091770345698
-3.053722791558050913e-17
0
0
DERIV 1
-0.4483110517363157466
6.957272363646855748e-18
0
0
DERIV 2
0.07967519327727519418
-1.4044580721006126014e-19
0
0
DERIV 3
0.06864019208299788899
-5.158244897007776614e-18
0
0
DERIV 4
-0.09978737105959194220
5.772009477608454154e-18
0
0
DERIV 5
0.09787045025151644428
-5.538535625557916459e-18
0
0
DERIV 6
-0.09259464897615753143
2.0686251016231819122e-18
0
0
DERIV 7
0.09104138157020309763
2.3296962179746249201e-18
0
0
DERIV 8
-0.09428296170784396246
-3.655116615413256606e-18
0
0
DERIV 9
0.10246727918036377392
9.722281214911844972e-19
0
0
DERIV 10
-0.11602855956097538059
1.4369992170717824771e-18
0
0
DERIV 11
0.13595314440555314461
-5.709224468611632878e-18
0
0
DERIV 12
-0.16390202893095176528
-6.358945457825581875e-18
0
0
DERIV 13
0.20238280463866598069
-5.414037434267963266e-18
0
0
DERIV 14
-0.2550272962477429517
-2.7443848082018660231e-17
0
0
DERIV 15
0.3270154966496464644
-5.429161467534744418e-18
0
0
DERIV 16
-0.4257017488979000230
2.3729298554020563577e-17
0
0
DERIV 17
0.5615275777585377881
1.9079918017365814621e-17
0
0
DERIV 18
-0.7493471854213185068
-4.810252058758589010e-17
0
0
DERIV 19
1.0103520032802073558
-4.630952841292538608e-17
0
0
DERIV 20
-1.3748690965673635578
1.0998556332084783316e-16
0
0
DERIV 21
1.8864384739947814840
4.198790870541983683e-17
0
0
DERIV 22
-2.607766982896395636
-2.0633087511801912066e-16
0
0
DERIV 23
3.629442043462138834
6.961390571255268700e-17
0
0
DERIV 24
-5.082712660380826364
-3.324311116602946004e-16
0
0
DERIV 25
7.158276292796205809
1.8858240828651935405e-16
0
0
DERIV 26
-10.133950707105366718
1.6540243658479739085e-16
0
0
DERIV 27
14.415513635285417848
5.753871007043894795e-16
0
0
DERIV 28
-20.597090960459738084
2.1255500220820585760e-16
0
0
DERIV 29
29.550613851199219794
-2.4325998498926144394e-17
0
0
DERIV 30
-42.55857030341255154
-1.6574141793078862613e-15
0
0
DERIV 31
61.51133630198103220
2.1148053077627764704e-15
0
0
DERIV 32
-89.20097774051433248
6.478761697524259520e-15
0
0
DERIV 33
129.75936650170913822
-1.3315806581711663635e-14
0
0
DERIV 34
-189.31247523718596426
-9.062691503673358291e-16
0
0
DERIV 35
276.9589268298037155
-2.6094889308209886092e-14
0
0
AT 41/64
0.7409625569287224822
-1.9441572897701472228e-17
0
0
DERIV 1
-0.4457724223433014998
-1.6500902470891563470e-17
0
0
DERIV 2
0.08275018179263377016
4.182990532522646665e-18
0
0
DERIV 3
0.06263554364166910859
3.385784457338318546e-19
0
0
DERIV 4
-0.09246856022958675758
2.2442469809674296379e-18
0
0
DERIV 5
0.08963706899471583778
7.928769809708404166e-19
0
0
DERIV 6
-0.08325007219930788405
4.823402556315312866e-18
0
0
DERIV 7
0.08010604711956809121
3.811217102496105356e-18
0
0
DERIV 8
-0.08106726000656513942
3.744589489826983633e-18
0
0
DERIV 9
0.08603397967184499284
-2.4298463631392053647e-18
0
0
DERIV 10
-0.09509616068831461266
4.603225861196335248e-18
0
0
DERIV 11
0.10874633559778792979
6.219366696711481218e-18
0
0
DERIV 12
-0.12793445040922776790
-1.0999221941872023877e-17
0
0
DERIV 13
0.15414320642337389633
3.875080134665721010e-18
0
0
DERIV 14
-0.18952463136748062822
1.9947961570288106016e-18
0
0
DERIV 15
0.23711692875532852653
-2.298038794897981421e-19
0
0
DERIV 16
-0.3011659623260616314
6.476204468923862697e-18
0
0
DERIV 17
0.3875888930767311669
-1.8718022178155773810e-17
0
0
DERIV 18
-0.5046361585667354932
-5.479395342171903066e-17
0
0
DERIV 19
0.6638340068645165459
-2.976473217142841390e-17
0
0
DERIV 20
-0.8813267076011398471
4.121589400777087872e-18
0
0
DERIV 21
1.1797905323628494756
-2.4340555981706322957e-17
0
0
DERIV 22
-1.5911680810460873126
-8.162897170027436722e-17
0
0
DERIV 23
2.160582346247209351
1.9165459107941536681e-16
0
0
DERIV 24
-2.951950826471684497
3.390112031042275823e-17
0
0
DERIV 25
4.056054085813873833
-1.9172231558086282759e-16
0
0
DERIV 26
-5.602154204505135127
3.628861874245978763e-16
0
0
DERIV 27
7.774756148024240865
3.394899384649015092e-16
0
0
DERIV 28
-10.837832025368882682
-4.233928330002159070e-16
0
0
DERIV 29
15.169891598467861726
1.6005389999716559354e-16
0
0
DERIV 30
-21.314839889257058302
1.7173209823113430152e-15
0
0
DERIV 31
30.055846612460122458
9.106018528796230723e-17
0
0
DERIV 32
-42.52280509836218414
2.3243929215659083778e-15
0
0
DERIV 33
60.34888627715335474
-5.133494736865985050e-16
0
0
DERIV 34
-85.89894382449595867
1.3128237017730228422e-16
0
0
DERIV 35
122.60320559480220481
-3.555364698355978566e-15
0
0
AT 21/32
0.7340177990170789757
2.1376627533609294453e-18
0
0
DERIV 1
-0.4431419882214741035
-2.3411253456697774739e-17
0
0
DERIV 2
0.08555411739412259464
-5.649006622747174057e-18
0
0
DERIV 3
0.05706891064022161231
-4.630769948089426302e-19
0
0
DERIV 4
-0.08576016819891502108
5.957862559030016557e-18
0
0
DERIV 5
0.08222638136099695572
6.345218348511952881e-18
0
0
DERIV 6
-0.07501622094492263471
8.217008330993449512e-19
0
0
DERIV 7
0.07068731440617841144
3.841828504689495928e-18
0
0
DERIV 8
-0.06994863937918679997
3.4662805805350633474e-18
0
0
DERIV 9
0.07253428692828570168
-5.899725207051413923e-18
0
0
DERIV 10
-0.07830933541539385201
-1.5507692281596004947e-18
0
0
DERIV 11
0.08744893910634383982
-1.1874307175804914745e-18
0
0
DERIV 12
-0.10045374704087571549
-5.770819247511901491e-18
0
0
DERIV 13
0.11817097388809678915
2.9045967164991380827e-18
0
0
DERIV 14
-0.14185348880387790849
4.513150882961379058e-18
0
0
DERIV 15
0.17326528453285811038
1.2545517384790693469e-17
0
0
DERIV 16
-0.21484254275227868125
6.810187576047749065e-18
0
0
DERIV 17
0.2699258761395955108
-1.1646521040444928808e-17
0
0
DERIV 18
-0.3430879898789284677
-1.6577950042687126787e-17
0
0
DERIV 19
0.4405923617915992740
-1.5121138228077525397e-19
0
0
DERIV 20
-0.5710339573758858034
3.823226373248210938e-18
0
0
DERIV 21
0.7462344326219612078
-5.495473234730880074e-18
0
0
DERIV 22
-0.9824944416485527077
-4.914120296361427472e-18
0
0
DERIV 23
1.3023483598659846283
-9.735174780645796650e-17
0
0
DERIV 24
-1.7370273544108061348
1.5651325804088094868e-18
0
0
DERIV 25
2.329922989984296589
3.757236751489361238e-17
0
0
DERIV 26
-3.141466489221551584
-1.6163406358212164399e-17
0
0
DERIV 27
4.256014211019184757
-2.0535490053226792557e-16
0
0
DERIV 28
-5.791580622548567092
5.547979666024073848e-17
0
0
DERIV 29
7.913618747949798582
-2.801396202953100027e-16
0
0
DERIV 30
-10.854561896425410694
5.427974673906997245e-17
0
0
DERIV 31
14.941577305598180203
5.729246349313843635e-17
0
0
DERIV 32
-20.636040124995691514
1.0145781409782243531e-15
0
0
DERIV 33
28.589756310744082412
-1.4284497739318540933e-16
0
0
DERIV 34
-39.72514982670431749
9.149170351987462339e-16
0
0
DERIV 35
55.34977853495071543
-3.0399827015333180669e-15
0
0
AT 43/64
0.7271148053512268561
6.428789677091671722e-18
0
0
DERIV 1
-0.4404279080374280397
2.6975947549712712891e-18
0
0
DERIV 2
0.08810666830635838220
4.157322624239217757e-18
0
0
DERIV 3
0.05190406874940066417
-2.0895979716122812777e-18
0
0
DERIV 4
-0.07960179555613949853
-3.492829027099314308e-18
0
0
DERIV 5
0.07554160549104305122
-3.1735916847224410922e-18
0
0
DERIV 6
-0.06774066184102599253
-8.075738455183205543e-19
0
0
DERIV 7
0.06254704452439456552
5.313189694786959994e-18
0
0
DERIV 8
-0.06055662291236434819
-9.351124385526618193e-19
0
0
DERIV 9
0.06139317398210154819
1.1633112956115923175e-18
0
0
DERIV 10
-0.06477676644252469695
-5.410191981344400985e-18
0
0
DERIV 11
0.07068048624708361816
-4.656865707208930071e-18
0
0
DERIV 12
-0.07932290227599209098
6.585736135168680365e-18
0
0
DERIV 13
0.09115890312507073101
1.1771786837218247347e-18
0
0
DERIV 14
-0.10689657466414710651
6.536109417915446178e-18
0
0
DERIV 15
0.12754316658865416656
3.714059218248066994e-18
0
0
DERIV 16
-0.15448216249290536162
6.657893782833112131e-18
0
0
DERIV 17
0.18958685863137997307
-1.0194505795013568664e-17
0
0
DERIV 18
-0.23538019456385320116
3.347924487843721143e-20
0
0
DERIV 19
0.2952557290138963508
-2.5482332681996089454e-17
0
0
DERIV 20
-0.3737811737687149471
1.9047610026207233450e-17
0
0
DERIV 21
0.4771145672508830815
6.335747628290679508e-18
0
0
DERIV 22
-0.6135749905010824401
-4.877263325521139227e-17
0
0
DERIV 23
0.7944260389514502529
1.7197184510096401463e-17
0
0
DERIV 24
-1.0349528967053891471
-2.7305442992551515374e-17
0
0
DERIV 25
1.3559453639613254783
-8.308882754851439032e-17
0
0
DERIV 26
-1.7857431264902687840
7.220940386759470904e-17
0
0
DERIV 27
2.363060928932745331
3.647501010894592669e-17
0
0
DERIV 28
-3.140897149484199069
4.195318301411159389e-17
0
0
DERIV 29
4.191949463938307474
3.821823403344884156e-16
0
0
DERIV 30
-5.616129767935256645
1.2007491841593031645e-20
0
0
DERIV 31
7.551006949548316527
-1.2321930288864890175e-16
0
0
DERIV 32
-10.186338206832944664
7.544861887717884910e-16
0
0
DERIV 33
13.784316567291247324
-1.6876883927598224430e-16
0
0
DERIV 34
-18.707819479271790896
3.427214216405234377e-16
0
0
DERIV 35
25.459869178562787084
-8.988803470780949627e-16
0
0
AT 11/16
0.7202548230282632691
3.842692207198318483e-18
0
0
DERIV 1
-0.4376377514636227706
1.2861858556528593745e-18
0
0
DERIV 2
0.09042588965406447854
-1.0844381566152989230e-18
0
0
DERIV 3
0.04710834347091952951
-6.677194063303816042e-19
0
0
DERIV 4
-0.07394007605897919000
-4.541790347844133422e-18
0
0
DERIV 5
0.06949910425127717173
1.7632907530150937661e-18
0
0
DERIV 6
-0.06129464906982354938
2.6209247395367622559e-18
0
0
DERIV 7
0.05548873659180839080
-2.4986473967911301458e-18
0
0
DERIV 8
-0.05259261415762606778
-1.0373363466296280978e-18
0
0
DERIV 9
0.05215800713336508909
1.4565247459595601427e-18
0
0
DERIV 10
-0.05381329382277376394
-4.932538275889727115e-19
0
0
DERIV 11
0.05740472803159959309
1.2066207745414649542e-18
0
0
DERIV 12
-0.06297550058037618137
1.6602841291212287186e-18
0
0
DERIV 13
0.07073993379091218781
-5.799232910002389161e-18
0
0
DERIV 14
-0.08107763486753077897
-1.2582456159539117170e-18
0
0
DERIV 15
0.09454798170000724977
-6.149396714636341145e-18
0
0
DERIV 16
-0.11192356002400942472
-9.742082850786445718e-19
0
0
DERIV 17
0.13424329137207946516
1.1927970611216215590e-17
0
0
DERIV 18
-0.16288848486550863703
1.3762279034638454591e-17
0
0
DERIV 19
0.19968759776662223238
5.133194201797968524e-18
0
0
DERIV 20
-0.24705836342607923051
1.0621549932730760218e-17
0
0
DERIV 21
0.3081994952228679918
-1.5240555074419807388e-17
0
0
DERIV 22
-0.3873488003208599983
6.700422521287047897e-18
0
0
DERIV 23
0.4901307201712292727
6.527581769984905767e-18
0
0
DERIV 24
-0.6240246793766213163
2.4569391469412579304e-17
0
0
DERIV 25
0.7989970057581813334
-1.3150865035250465265e-17
0
0
DERIV 26
-1.0283547180975776136
-4.954645574704200446e-17
0
0
DERIV 27
1.3299007204105441904
4.379100399031079305e-17
0
0
DERIV 28
-1.7274990325680672498
-8.902707263430200236e-17
0
0
DERIV 29
2.253198574254280384
-1.9513054417147226250e-16
0
0
DERIV 30
-2.950118768193291885
1.0944840561179448049e-16
0
0
DERIV 31
3.876375452310437453
-5.140670733733232797e-17
0
0
DERIV 32
-5.110429045219999189
-2.556336869245540247e-16
0
0
DERIV 33
6.758379321446190247
2.630099277145104803e-16
0
0
DERIV 34
-8.963927367126695245
-8.454803702381601808e-16
0
0
DERIV 35
11.921995864044093949
-4.046814196388914673e-16
0
0
AT 45/64
0.7134389851556041107
2.1495888235181599679e-18
0
0
DERIV 1
-0.4347785470913091976
1.6938339901364250511e-17
0
0
DERIV 2
0.09252838003894267582
2.5233721814824673186e-18
0
0
DERIV 3
0.04265220093204483837
-1.0818525153273132414e-18
0
0
DERIV 4
-0.06872773117590057212
-4.240772329031258519e-18
0
0
DERIV 5
0.06402636351955508232
2.6179011172748521140e-18
0
0
DERIV 6
-0.05556902479992254645
2.5604891189391986949e-18
0
0
DERIV 7
0.04934953041395601092
6.729387404052266091e-19
0
0
DERIV 8
-0.04581474960208973407
-1.0888158398758850792e-18
0
0
DERIV 9
0.04447051445283827648
3.1379872779481491861e-18
0
0
DERIV 10
-0.04488900611692158565
-2.7028413771911848103e-18
0
0
DERIV 11
0.04683859988551485054
-9.130835728885643537e-19
0
0
DERIV 12
-0.05025504083930251720
-3.0654010746213684250e-18
0
0
DERIV 13
0.05520664054087189021
2.0311984917123051225e-18
0
0
DERIV 14
-0.06187641427696003588
1.9656686150701497730e-18
0
0
DERIV 15
0.07056014552178072052
5.406209568864494565e-18
0
0
DERIV 16
-0.08167741034588124616
6.811461357417285457e-18
0
0
DERIV 17
0.09579419498680040446
4.499742227744343953e-18
0
0
DERIV 18
-0.11365745905982119202
-2.0407935821307802444e-18
0
0
DERIV 19
0.13624347427548391676
-1.2081668501519774601e-17
0
0
DERIV 20
-0.16482316632436294634
-8.557162633599624785e-18
0
0
DERIV 21
0.20104920993556224529
-9.345924815618106786e-18
0
0
DERIV 22
-0.24707146268921664767
-4.262302665166463557e-18
0
0
DERIV 23
0.3056896629527051656
-2.3340319581048963250e-17
0
0
DERIV 24
-0.3805553810144993720
-1.3572695447235486912e-17
0
0
DERIV 25
0.4764392750072139471
-1.8261056298374630907e-17
0
0
DERIV 26
-0.5995851233751043896
-2.1958077820149496027e-17
0
0
DERIV 27
0.7581793609065862194
-9.929922801211323757e-18
0
0
DERIV 28
-0.9629745764791834972
7.131686891600360191e-18
0
0
DERIV 29
1.2281185010568700378
-9.370957590740187562e-17
0
0
DERIV 30
-1.5722575900448001462
8.989300417794432696e-17
0
0
DERIV 31
2.020007961343000869
-5.084299417602065964e-17
0
0
DERIV 32
-2.603918323133874058
-1.7175157146850004283e-16
0
0
DERIV 33
3.367092504032033862
-1.3261040450011151574e-16
0
0
DERIV 34
-4.366697201042334164
-2.535837725466843268e-16
0
0
DERIV 35
5.678658903243451128
4.902956928669074986e-19
0
0
AT 23/32
0.7066683189614092475
-7.829520333763271940e-18
0
0
DERIV 1
-0.4318568257362933593
2.3016687383742885309e-17
0
0
DERIV 2
0.09442942024638284471
-3.609271546047744456e-18
0
0
DERIV 3
0.03850889313235206224
-2.9550765105908171165e-18
0
0
DERIV 4
-0.06392276856877301960
-5.900375681400078390e-18
0
0
DERIV 5
0.05906031684007750221
4.120116610319864979e-19
0
0
DERIV 6
-0.05047089916168539386
-3.4154530170619538492e-18
0
0
DERIV 7
0.04399387784509026234
1.6587971178790312284e-18
0
0
DERIV 8
-0.04002618664228580619
2.5569691727925915597e-18
0
0
DERIV 9
0.03804561014076386638
-8.943652524593436397e-19
0
0
DERIV 10
-0.03759166831665875647
-7.446132401467546045e-20
0
0
DERIV 11
0.03838658457283919412
-1.8820403441690338010e-18
0
0
DERIV 12
-0.04030175491300335561
1.9539751638752404508e-18
0
0
DERIV 13
0.04331821929982958286
9.655387376652298501e-19
0
0
DERIV 14
-0.04750262595900647117
-2.4560819442789951357e-18
0
0
DERIV 15
0.05299691319376436532
1.6687436394009653924e-20
0
0
DERIV 16
-0.06001800728207252328
-8.422986768597769947e-19
0
0
DERIV 17
0.06886524037114642727
-6.873318455281214468e-18
0
0
DERIV 18
-0.07993459264249808127
4.664213278081646593e-18
0
0
DERIV 19
0.09373990147167460263
6.421340382469709275e-19
0
0
DERIV 20
-0.11094198822388258441
-3.0368621040957786167e-18
0
0
DERIV 21
0.13238738351138407134
-3.145551728336486232e-19
0
0
DERIV 22
-0.15915910105773262151
-7.342110117071445842e-21
0
0
DERIV 23
0.19264281204916153256
8.067615590513403632e-18
0
0
DERIV 24
-0.23461289320868541908
4.893243510239186362e-18
0
0
DERIV 25
0.2873442579082035042
7.829425113972829620e-18
0
0
DERIV 26
-0.3537577450322905159
2.0511443123201796240e-17
0
0
DERIV 27
0.4376092803966651346
-2.4682646504253517530e-17
0
0
DERIV 28
-0.5437362292000008646
-3.679233003605496960e-17
0
0
DERIV 29
0.6783785733982282684
1.8446265232929591429e-17
0
0
DERIV 30
-0.8495981027075825143
2.6524992798579047077e-17
0
0
DERIV 31
1.0678261359878999937
1.1058160246680696079e-16
0
0
DERIV 32
-1.3465799662711115392
6.290716771303045799e-17
0
0
DERIV 33
1.7034010112346964494
2.0133177341263274225e-17
0
0
DERIV 34
-2.161084565814106018
3.420922911795277001e-17
0
0
DERIV 35
2.749293443340358412
2.0750012685814292616e-16
0
0
AT 47/64
0.6999437532609120716
-3.405598481661562009e-17
0
0
DERIV 1
-0.4288786596581959376
1.1482794341822072365e-17
0
0
DERIV 2
0.09614309643615154277
-1.0838226632853355426e-18
0
0
DERIV 3
0.03465414943579821910
-2.8100044106173861612e-18
0
0
DERIV 4
-0.05948780010203871815
-7.189845866143499645e-19
0
0
DERIV 5
0.05454595123529826922
-4.362346744070181096e-19
0
0
DERIV 6
-0.04592094869673037094
2.1498239734894658333e-18
0
0
DERIV 7
0.03930850802517848325
-2.2387147533572094343e-18
0
0
DERIV 8
-0.03506599479550256276
-1.5458982861726539376e-18
0
0
DERIV 9
0.03265529549570819062
3.3637098845041611870e-18
0
0
DERIV 10
-0.03159879996990027501
-1.3803843783405290608e-18
0
0
DERIV 11
0.03159303280171935069
3.3755624824510497821e-18
0
0
DERIV 12
-0.03247224621874197914
-4.615500095596091981e-19
0
0
DERIV 13
0.03416653748476763258
-1.9974220743902271099e-19
0
0
DERIV 14
-0.03667480184213557648
-9.716056373583107757e-19
0
0
DERIV 15
0.04005028599454120430
2.853043104461318287e-19
0
0
DERIV 16
-0.04439470382997202230
-3.0565407887875280529e-18
0
0
DERIV 17
0.04985822365394200484
-8.425895948814098612e-19
0
0
DERIV 18
-0.05664390808983638115
-9.435358010918357261e-20
0
0
DERIV 19
0.06501604825885960726
-1.5233350893178406377e-18
0
0
DERIV 20
-0.07531240842197758911
5.119782421435789739e-18
0
0
DERIV 21
0.08796082218649411977
4.476243669613562995e-18
0
0
DERIV 22
-0.10350094951566758683
-8.237161838794045174e-19
0
0
DERIV 23
0.12261237627558382868
-4.879447699364211613e-18
0
0
DERIV 24
-0.14615065951561700963
1.0731439083694722349e-17
0
0
DERIV 25
0.17519343069056508844
-3.787118517020732404e-18
0
0
DERIV 26
-0.21109930504216778413
-8.323523398637742087e-18
0
0
DERIV 27
0.2555831536786576930
2.2136564767508759716e-17
0
0
DERIV 28
-0.3108123310474303347
-2.0062209000925630885e-17
0
0
DERIV 29
0.3795297847220558407
2.4755759732522528998e-17
0
0
DERIV 30
-0.4652116969064403196
-1.7230362986012486928e-17
0
0
DERIV 31
0.5722695344332180412
1.6777391254994570964e-17
0
0
DERIV 32
-0.7063092676898585776
2.4346824073765949886e-17
0
0
DERIV 33
0.8744642557277227946
-2.3645840906619380155e-17
0
0
DERIV 34
-1.0858231411577903280
-8.135222659713319912e-18
0
0
DERIV 35
1.3519803884107164382
1.7873297901472018353e-17
0
0
AT 3/4
0.6932661253388864298
8.384966875798208079e-18
0
0
DERIV 1
-0.4258496981459551356
-2.6187643772022730636e-17
0
0
DERIV 2
0.09768240981991811733
-1.8775193660032060459e-18
0
0
DERIV 3
0.031065907479506670724
-2.852951870197957780e-19
0
0
DERIV 4
-0.05538945951546964119
1.6675208819583467585e-18
0
0
DERIV 5
0.05043514230638478785
2.1337399872347797304e-18
0
0
DERIV 6
-0.04185120804619891360
2.2081153890215660090e-18
0
0
DERIV 7
0.03519840161997460359
3.4532357987371549639e-18
0
0
DERIV 8
-0.030802031869502206896
-8.357952496921706453e-19
0
0
DERIV 9
0.028116344570903038097
-8.915544477918321382e-19
0
0
DERIV 10
-0.026656787208894326680
-8.935712403496107151e-20
0
0
DERIV 11
0.026107280644970764366
7.614585342604794762e-19
0
0
DERIV 12
-0.026281993356899579356
7.456749138783648595e-19
0
0
DERIV 13
0.027082412207044534447
1.7027502195579515801e-18
0
0
DERIV 14
-0.028468977684641707387
2.772357734080861944e-19
0
0
DERIV 15
0.030444736807261386230
8.897803171121330180e-19
0
0
DERIV 16
-0.03304682222318885282
-2.3244576359726106082e-18
0
0
DERIV 17
0.03634291177239436926
-3.3820965974015123034e-18
0
0
DERIV 18
-0.04043104389245907176
1.1755353508339399758e-18
0
0
DERIV 19
0.04544195174310379504
4.978668596570516131e-19
0
0
DERIV 20
-0.05154356101759193648
-1.8276232111511476704e-18
0
0
DERIV 21
0.05894760465483694922
2.4341555731310250034e-18
0
0
DERIV 22
-0.06791852702222569982
-6.175339941698582594e-18
0
0
DERIV 23
0.07878503128320840654
2.9120474681597452991e-18
0
0
DERIV 24
-0.09195479772481976455
-1.9427340451549598511e-18
0
0
DERIV 25
0.10793308898223465120
6.335839896000983574e-18
0
0
DERIV 26
-0.12734617722715954602
7.736322866858108826e-19
0
0
DERIV 27
0.15097079438584920519
7.565803205393862212e-18
0
0
DERIV 28
-0.17977113645303768874
-1.6500455739189704547e-18
0
0
DERIV 29
0.21494536702392000316
7.056303060689114044e-18
0
0
DERIV 30
-0.2579840878164814666
-5.625958684126447121e-18
0
0
DERIV 31
0.3107439059008227367
2.2662571661464416706e-18
0
0
DERIV 32
-0.3755400674185164767
-2.2585601555091407349e-17
0
0
DERIV 33
0.4552631951398930510
1.2618664278697727284e-17
0
0
DERIV 34
-0.5535265252425944915
5.129107528501307963e-17
0
0
DERIV 35
0.6748517676452089331
2.988665885540928390e-17
0
0
AT 49/64
0.6866361873018743678
-1.3940788551112962794e-17
0
0
DERIV 1
-0.4227751998644448950
1.5073685399871194457e-18
0
0
DERIV 2
0.09905937453560946515
6.374105026538621788e-19
0
0
DERIV 3
0.027724077794451046364
-1.0492354900596299594e-18
0
0
DERIV 4
-0.05159790352677975228
1.9189468833680453232e-18
0
0
DERIV 5
0.04668567715702999499
3.547983081193881177e-19
0
0
DERIV 6
-0.03820325695721461801
-1.1517150242279976329e-18
0
0
DERIV 7
0.03158355622415359026
5.522834700700222448e-19
0
0
DERIV 8
-0.027125342720341196617
-1.3451498735132350330e-18
0
0
DERIV 9
0.024280829706323607542
5.658425023415919060e-19
0
0
DERIV 10
-0.022565157624394243524
-1.5699506056828116819e-18
0
0
DERIV 11
0.021657954649929443691
1.3305518080380409428e-18
0
0
DERIV 12
-0.021363911242934467000
1.0303303826500611495e-19
0
0
DERIV 13
0.021569521425071486176
2.213578423666810809e-19
0
0
DERIV 14
-0.022214297519294545769
1.3920960139941271806e-18
0
0
DERIV 15
0.023273674165723613055
6.618173239544172476e-19
0
0
DERIV 16
-0.024749341807783747232
8.964621887013119722e-19
0
0
DERIV 17
0.026664114857395507935
-4.780728764684042295e-19
0
0
DERIV 18
-0.029059640699245766621
1.2329155001913490800e-19
0
0
DERIV 19
0.03199601139438525838
3.1345656968837415540e-18
0
0
DERIV 20
-0.03555278397464846363
-9.358082706976645059e-19
0
0
DERIV 21
0.03983117829907217855
1.3280268791748163436e-18
0
0
DERIV 22
-0.04495738586882718629
-1.0101640540191789925e-18
0
0
DERIV 23
0.05108703593818148675
1.7210013815296180264e-18
0
0
DERIV 24
-0.05841095355178234361
2.6277065637565770955e-18
0
0
DERIV 25
0.06716242366579742995
1.3386014747129920259e-18
0
0
DERIV 26
-0.07762625649115925675
4.164555327985438684e-18
0
0
DERIV 27
0.09015003910682542476
8.619370626219397960e-19
0
0
DERIV 28
-0.10515806361728466389
3.668015536846050636e-18
0
0
DERIV 29
0.12316854897868448337
-8.413740555474223252e-19
0
0
DERIV 30
-0.14481492901035200593
-1.2647885154425725167e-17
0
0
DERIV 31
0.17087217113123998047
8.110764345835176271e-18
0
0
DERIV 32
-0.20228932880277006312
-8.745739013253840646e-18
0
0
DERIV 33
0.24022982758225930322
-8.968129448801455372e-18
0
0
DERIV 34
-0.2861213550943341732
1.7672439022061376011e-17
0
0
DERIV 35
0.3417176878554592512
1.0579118294354513436e-17
0
0
AT 25/32
0.6800546119480233020
-4.256769124275262126e-17
0
0
DERIV 1
-0.4196600623075849024
-6.542236350265315136e-18
0
0
DERIV 2
0.10028510518345354341
-1.8131191230762418398e-18
0
0
DERIV 3
0.024610337353639471364
-1.6630862056898324107e-18
0
0
DERIV 4
-0.04808638303849438467
-7.437097725122310343e-19
0
0
DERIV 5
0.04326043183070667902
-9.764674744249975656e-19
0
0
DERIV 6
-0.03492672563327223201
8.169022914698952792e-20
0
0
DERIV 7
0.028396375370005558919
1.7008064569490708742e-19
0
0
DERIV 8
-0.023945732621113779287
1.4238631950343455544e-18
0
0
DERIV 9
0.021028791231234678777
3.625186049230607371e-20
0
0
DERIV 10
-0.019164670036799013458
1.6549648561982757633e-18
0
0
DERIV 11
0.018033920829208800740
-8.050616446984086883e-19
0
0
DERIV 12
-0.017438275572346544767
-1.9536703226777413406e-20
0
0
DERIV 13
0.017257451423476597580
7.511468510422588999e-19
0
0
DERIV 14
-0.017420414696790818138
-1.1492091122557261567e-18
0
0
DERIV 15
0.017888122408435243316
4.770224541295504087e-19
0
0
DERIV 16
-0.018643452996388001214
1.5248399063463665869e-18
0
0
DERIV 17
0.019685428772851877588
-7.572387349356281361e-19
0
0
DERIV 18
-0.021026024720683975100
-1.7124912289027802881e-19
0
0
DERIV 19
0.022688597713784851989
1.3220638298291499067e-18
0
0
DERIV 20
-0.024707396622604401587
-8.367907995133794719e-19
0
0
DERIV 21
0.027127858092468995488
-5.342242938241415718e-19
0
0
DERIV 22
-0.030007536311333675438
-8.354398059984280871e-19
0
0
DERIV 23
0.03341760363005496365
1.1123002569744680595e-18
0
0
DERIV 24
-0.03744491780688528892
2.5581171659504103536e-18
0
0
DERIV 25
0.04219469512587416260
-1.6657252533596947729e-18
0
0
DERIV 26
-0.04779386494151126319
-2.7547165088472554167e-18
0
0
DERIV 27
0.05439521542880297600
-2.6256102539470856838e-18
0
0
DERIV 28
-0.06218247592671921620
3.4287700456465921594e-18
0
0
DERIV 29
0.07137652090983039044
-4.948580713355877680e-18
0
0
DERIV 30
-0.08224292665192432794
5.925763059756567215e-18
0
0
DERIV 31
0.09510116639581789322
4.913512400457814852e-18
0
0
DERIV 32
-0.11033579586759653668
-3.3823726268168952348e-18
0
0
DERIV 33
0.12841006121360443171
-5.385048465707251613e-18
0
0
DERIV 34
-0.14988245939513594740
1.3820961442075438432e-17
0
0
DERIV 35
0.17542690098465743564
5.297251552191201683e-18
0
0
AT 51/64
0.6735219981973272763
1.6269669938859392351e-17
0
0
DERIV 1
-0.4165088486608538587
-2.6153009961681966625e-17
0
0
DERIV 2
0.10136989528261761140
-1.5208609816428956531e-19
0
0
DERIV 3
0.021707948020467639216
8.988725614490524801e-19
0
0
DERIV 4
-0.04483087346492456438
-2.1470110273466054748e-19
0
0
DERIV 5
0.04012667637814378019
-2.4723665456644455330e-18
0
0
DERIV 6
-0.03197805760923706081
2.860373902047987066e-19
0
0
DERIV 7
0.025579551537005924822
1.5492260456897358907e-18
0
0
DERIV 8
-0.021188251761178264476
-3.272740992166591893e-19
0
0
DERIV 9
0.018262535695180385359
-8.118417205768986134e-19
0
0
DERIV 10
-0.016328241230416422336
-1.3657633199156231761e-18
0
0
DERIV 11
0.015070071094934803929
7.524408925191903621e-19
0
0
DERIV 12
-0.014290747813986714315
1.3158294563826449756e-19
0
0
DERIV 13
0.013868100140564450229
-5.261578611439291746e-19
0
0
DERIV 14
-0.013726619520393465099
1.9947903117074719610e-19
0
0
DERIV 15
0.013820332499716226141
-5.980040615919750261e-19
0
0
DERIV 16
-0.014122691655628641372
3.189298671727248333e-19
0
0
DERIV 17
0.014620605321952157701
5.198418120776099771e-19
0
0
DERIV 18
-0.015310913122260827110
-6.933080454780448152e-19
0
0
DERIV 19
0.016198343078004235479
1.4988114459116723385e-18
0
0
DERIV 20
-0.017294402147974004963
-1.7121604839979126765e-18
0
0
DERIV 21
0.018616887067385453486
-1.5665268481045792626e-18
0
0
DERIV 22
-0.020189836959006755152
-1.2794138753936998244e-18
0
0
DERIV 23
0.022043828473503848664
-1.6056103393603802747e-18
0
0
DERIV 24
-0.024216562852229367442
3.647556171767476432e-19
0
0
DERIV 25
0.026753725869691668410
-1.7120195699009612816e-18
0
0
DERIV 26
-0.029710123723417105474
-1.3225089026893975598e-18
0
0
DERIV 27
0.03315111500158435948
3.0724086267471098010e-18
0
0
DERIV 28
-0.03715437353290401701
-2.8727926690900489938e-18
0
0
DERIV 29
0.04181203091514215653
1.2041954568831345505e-18
0
0
DERIV 30
-0.04723326202129007889
1.2865821632048361713e-19
0
0
DERIV 31
0.05354739272602616201
2.9871500687887301864e-18
0
0
DERIV 32
-0.06090762729797202096
-3.0256685013250413216e-18
0
0
DERIV 33
0.06949551416762490830
3.506958958508139570e-18
0
0
DERIV 34
-0.07952629396124288874
2.5325260997142873821e-18
0
0
DERIV 35
0.09125530374837013958
-2.7468010351099380297e-18
0
0
AT 13/16
0.6670388761206248462
3.472096823188064855e-17
0
0
DERIV 1
-0.4133258123395644468
1.6876184817872760790e-17
0
0
DERIV 2
0.10232328773368279395
1.0587242450261579444e-18
0
0
DERIV 3
0.019001596495168759232
1.1983196117706657449e-18
0
0
DERIV 4
-0.04180975508888094827
-2.4732895442414645581e-18
0
0
DERIV 5
0.03725548576176909710
6.833689816010524389e-19
0
0
DERIV 6
-0.029319481859735967849
1.6099237585274299612e-18
0
0
DERIV 7
0.023084342375023273602
-1.3923137357017799860e-19
0
0
DERIV 8
-0.018790390210946077143
-1.0475593499862217079e-18
0
0
DERIV 9
0.015902178040689742694
-8.582299189664114786e-19
0
0
DERIV 10
-0.013953995374784127631
-4.739640254211722777e-19
0
0
DERIV 11
0.012636655084655435549
5.174292983936236481e-19
0
0
DERIV 12
-0.011756215450683754620
4.425114109458653176e-20
0
0
DERIV 13
0.011191471775032534389
-1.5696163509259635265e-19
0
0
DERIV 14
-0.010865930484761135086
-6.019174633185921764e-19
0
0
DERIV 15
0.010730956170329273083
3.505465041355590564e-19
0
0
DERIV 16
-0.010755795860194018732
6.668618537088241645e-19
0
0
DERIV 17
0.010921627758617321463
6.502568507249795175e-19
0
0
DERIV 18
-0.011217963713732070907
-5.414071879149810116e-19
0
0
DERIV 19
0.011640454436558618848
-2.869469684437327261e-19
0
0
DERIV 20
-0.012189554774339663584
2.3267400573803259364e-20
0
0
DERIV 21
0.012869735266167929913
2.0478417513213894236e-19
0
0
DERIV 22
-0.013689055942940541941
-4.487735037097050801e-19
0
0
DERIV 23
0.014658993400995508002
-6.940252776142982630e-19
0
0
DERIV 24
-0.015794456799326055119
-1.0766553232561439598e-19
0
0
DERIV 25
0.017113955835901632774
1.0999516812543980417e-18
0
0
DERIV 26
-0.018639901290030985725
-3.203872289554342365e-19
0
0
DERIV 27
0.020399030534359669647
1.6952648598075167133e-18
0
0
DERIV 28
-0.022422958939761265112
-1.1325826631589321005e-18
0
0
DERIV 29
0.024748864768293486749
-5.457062215935486408e-20
0
0
DERIV 30
-0.027420320876740979926
-3.969338793364821192e-20
0
0
DERIV 31
0.030488291928904287520
-1.3940165504674631672e-18
0
0
DERIV 32
-0.03401232125593781769
-2.3121725201672978487e-18
0
0
DERIV 33
0.03806193733155601583
1.0430222511437158825e-18
0
0
DERIV 34
-0.04271831631578545951
3.3959077177677256620e-18
0
0
DERIV 35
0.04807624452340553828
-1.7004592202347998297e-19
0
0
AT 53/64
0.6606057116017964859
5.263399805904735727e-17
0
0
DERIV 1
-0.4101149194377051166
-2.4151443058181617740e-17
0
0
DERIV 2
0.10315413822525010268
-5.573198967549361796e-18
0
0
DERIV 3
0.016477252875714141350
-1.4848848890008512175e-18
0
0
DERIV 4
-0.03900353589617487626
-1.6384806131107934236e-18
0
0
DERIV 5
0.03462123885457095429
-1.9093013171496468595e-18
0
0
DERIV 6
-0.026918155616413339676
-6.574091658586878730e-19
0
0
DERIV 7
0.020869161360032296298
-1.1534404575181762798e-18
0
0
DERIV 8
-0.016699829672847249507
1.6285487145994065105e-18
0
0
DERIV 9
0.013882139148029708220
5.817803415262158148e-19
0
0
DERIV 10
-0.011959911056584952155
1.7457335618609582605e-19
0
0
DERIV 11
0.010631226857530141211
8.482110206399652682e-19
0
0
DERIV 12
-0.009706835087288239600
7.359527194518348651e-19
0
0
DERIV 13
0.009068122376259401748
2.916228648492603742e-19
0
0
DERIV 14
-0.008639569738155061102
-1.1365801287157162953e-19
0
0
DERIV 15
0.008372243093079122234
2.0749538001939854018e-20
0
0
DERIV 16
-0.008234030948366171873
-3.867050982035505431e-19
0
0
DERIV 17
0.008203808008444645958
-2.518569750659637037e-19
0
0
DERIV 18
-0.008267880356784751070
-5.447619236929533185e-19
0
0
DERIV 19
0.008417778924752953792
5.559620857554247751e-19
0
0
DERIV 20
-0.008648869175897728676
6.037690423922059263e-19
0
0
DERIV 21
0.008959468803330726538
-6.156761803430388279e-19
0
0
DERIV 22
-0.009350291409774318802
3.001745060842891874e-19
0
0
DERIV 23
0.009824106600190668850
2.815779796575171698e-19
0
0
DERIV 24
-0.010385549487243893665
1.7976311166226083607e-19
0
0
DERIV 25
0.011041038249404369967
5.712302188850767547e-19
0
0
DERIV 26
-0.011798774244447106374
3.020071993779051482e-19
0
0
DERIV 27
0.012668809293443964933
5.725289946622703627e-19
0
0
DERIV 28
-0.013663171426533227137
-4.049887423672915253e-20
0
0
DERIV 29
0.014796044982629544956
-5.810870488418461092e-19
0
0
DERIV 30
-0.016084004300437597379
-5.538840579185123130e-19
0
0
DERIV 31
0.017546302834595389059
1.3305302926214155683e-18
0
0
DERIV 32
-0.019205221701993180350
1.2101208547360579153e-18
0
0
DERIV 33
0.021086483623942893495
1.6455324782672408148e-18
0
0
DERIV 34
-0.023219740129731211015
-1.5242319417150125212e-18
0
0
DERIV 35
0.025639141837759546472
3.033403186213994906e-20
0
0
AT 27/32
0.6542229106641561653
-1.5674907869033915356e-17
0
0
DERIV 1
-0.4068798692948347728
1.2424798935105044075e-17
0
0
DERIV 2
0.10387067239822082854
2.5287328921556067517e-18
0
0
DERIV 3
0.014122045380981013835
7.749747940820533674e-20
0
0
DERIV 4
-0.03639461059091891187
-2.6507655211809469624e-18
0
0
DERIV 5
0.03220119102937792771
1.0693239276415870943e-18
0
0
DERIV 6
-0.024745447021944286942
8.931428749080275553e-19
0
0
DERIV 7
0.018898420998047841396
8.011882693717005458e-19
0
0
DERIV 8
-0.014872633691749688467
4.429061485638842791e-19
0
0
DERIV 9
0.012148380975139308133
2.381079838019572497e-19
0
0
DERIV 10
-0.010279677534516222168
2.0017850136979985955e-19
0
0
DERIV 11
0.008972531869008270461
1.6444623970443738978e-19
0
0
DERIV 12
-0.008043132793386635615
3.857099964372716221e-20
0
0
DERIV 13
0.007376348185307300340
-1.7702485426780804296e-19
0
0
DERIV 14
-0.006898697481110905097
2.6805866844775397336e-20
0
0
DERIV 15
0.006562217803857994455
-1.1094409921540430355e-19
0
0
DERIV 16
-0.006334950510278283820
-3.555175523472501571e-20
0
0
DERIV 17
0.006195261154941434333
1.5402077791125198703e-20
0
0
DERIV 18
-0.006128376741222757267
1.6482885430895337104e-19
0
0
DERIV 19
0.006124226363417350875
-2.505737070427355000e-19
0
0
DERIV 20
-0.006176065626944167268
-1.7018528521167894023e-20
0
0
DERIV 21
0.006279584337286593133
-4.328707994338221131e-19
0
0
DERIV 22
-0.006432319952424036917
3.685175955536943335e-19
0
0
DERIV 23
0.006633269635185646933
-3.950013451015030288e-19
0
0
DERIV 24
-0.006882634850627813300
3.276142071702037728e-19
0
0
DERIV 25
0.007181657030847254583
-4.005830245846091088e-19
0
0
DERIV 26
-0.007532517864333746795
-3.975745566660452858e-19
0
0
DERIV 27
0.007938287178086386384
9.918024434623255127e-20
0
0
DERIV 28
-0.008402907411548697289
-6.328727795242630274e-19
0
0
DERIV 29
0.008931207643156479498
2.521713923563702610e-19
0
0
DERIV 30
-0.009528942805415063083
-6.180949190061526255e-20
0
0
DERIV 31
0.010202855589598309669
3.792353693607906377e-19
0
0
DERIV 32
-0.010960759892841740251
-1.8264484425468752081e-19
0
0
DERIV 33
0.011811645686965469709
1.1447254455322456759e-20
0
0
DERIV 34
-0.012765806012354250637
8.189835049520968653e-19
0
0
DERIV 35
0.013834987503551367249
-8.080313582615206484e-19
0
0
AT 55/64
0.6478908234889767526
-1.2980357199461668057e-17
0
0
DERIV 1
-0.4036241133647944235
8.448186537457177960e-18
0
0
DERIV 2
0.10448053747504548738
3.494577775704560699e-18
0
0
DERIV 3
0.011924149144387885535
-5.326972532427143039e-19
0
0
DERIV 4
-0.03396705052250061779
1.1416885689170492744e-18
0
0
DERIV 5
0.029975108435266819423
-2.1215213377118764545e-19
0
0
DERIV 6
-0.022776332773614047650
-4.358876756476943962e-19
0
0
DERIV 7
0.017141579735102482895
1.0238984430395887861e-18
0
0
DERIV 8
-0.013271784748988879610
2.437475080600647927e-19
0
0
DERIV 9
0.010656214028816900913
4.010801366347729461e-19
0
0
DERIV 10
-0.008859471223676727153
-5.150183345027808434e-19
0
0
DERIV 11
0.007595842059752928518
-1.5582671336330165937e-19
0
0
DERIV 12
-0.006687342173969387273
-4.113301509114780896e-19
0
0
DERIV 13
0.006022778377958091373
2.276079579064231588e-19
0
0
DERIV 14
-0.005531256224045401175
3.420755341863483845e-19
0
0
DERIV 15
0.005166436246819687030
3.532782032395117067e-20
0
0
DERIV 16
-0.004897284012980255771
-2.887214809376877070e-19
0
0
DERIV 17
0.004702563103462641982
2.0058859990284092686e-19
0
0
DERIV 18
-0.004567484094583480064
1.3062400739282777385e-19
0
0
DERIV 19
0.004481615702660430266
3.404034271784953753e-19
0
0
DERIV 20
-0.004437551556483944511
-8.744182626244871002e-20
0
0
DERIV 21
0.004430040454721754714
-2.395010541480763058e-19
0
0
DERIV 22
-0.004455407908448162820
1.0547018498760298656e-19
0
0
DERIV 23
0.004511165132111539730
1.1355996557265485858e-19
0
0
DERIV 24
-0.004595741461612169905
-3.032999619193025058e-19
0
0
DERIV 25
0.004708299890778387675
3.417645794846586486e-19
0
0
DERIV 26
-0.004848609854597265602
-2.405314102407106933e-19
0
0
DERIV 27
0.005016960366763821566
-2.432006067332572178e-19
0
0
DERIV 28
-0.005214102319577727969
2.189799629374272028e-19
0
0
DERIV 29
0.005441212445785192572
-2.242489657729498326e-19
0
0
DERIV 30
-0.005699873879753612239
2.268309787057027943e-19
0
0
DERIV 31
0.005992069897264289818
-2.408860879562384826e-19
0
0
DERIV 32
-0.006320188542117478533
-2.396479802482134274e-19
0
0
DERIV 33
0.006687036641633622470
-4.080140121913731176e-19
0
0
DERIV 34
-0.007095862285937860718
1.7155326979451387457e-19
0
0
DERIV 35
0.007550385271842214273
-3.457788809528412466e-19
0
0
AT 7/8
0.6416097481513853840
-1.1702793987886609476e-18
0
0
DERIV 1
-0.4003508725493560849
2.4598884551469231290e-17
0
0
DERIV 2
0.10499084897046767617
1.0938001823395651933e-18
0
0
DERIV 3
0.009872687288255688198
7.653995830212706332e-19
0
0
DERIV 4
-0.03170642010021211543
-2.1209668403546680140e-18
0
0
DERIV 5
0.027924954155207577788
1.0747911036879968050e-18
0
0
DERIV 6
-0.020988890674919363083
1.0125646591634421232e-18
0
0
DERIV 7
0.015572353848738158463
-3.261848593260213831e-19
0
0
DERIV 8
-0.011865997016544270817
8.420136274354937601e-19
0
0
DERIV 9
0.009368551084299433021
4.084166410645257826e-19
0
0
DERIV 10
-0.007655436142667029070
-2.834441063030688260e-19
0
0
DERIV 11
0.006449377793618391551
-5.084580948464127184e-20
0
0
DERIV 12
-0.005578390137432996318
-3.624974030579198826e-20
0
0
DERIV 13
0.004935427082828410840
2.0573634797072002598e-19
0
0
DERIV 14
-0.004452436346892381727
-2.529568088031265950e-19
0
0
DERIV 15
0.004085012036801604143
2.499986980044841726e-19
0
0
DERIV 16
-0.003803413384007011365
-1.8096464701601730569e-19
0
0
DERIV 17
0.003587236436976049252
-7.854665010553171773e-20
0
0
DERIV 18
-0.003422181603348163799
-3.098017694661826873e-20
0
0
DERIV 19
0.003298043562292406715
-1.8607039769781575159e-19
0
0
DERIV 20
-0.003207430282953996868
2.1219375788846456796e-19
0
0
DERIV 21
0.003144927553790546892
7.793456613795856293e-20
0
0
DERIV 22
-0.003106542333138657616
-1.8299142628324976627e-19
0
0
DERIV 23
0.003089324655357493597
-1.1747626512580110895e-19
0
0
DERIV 24
-0.003091106397138582585
4.866199452602510985e-20
0
0
DERIV 25
0.003110318111382460483
7.932700519330696046e-20
0
0
DERIV 26
-0.003145859037148536399
-2.1087858536698708267e-19
0
0
DERIV 27
0.003197004010915592033
2.4557595927822529164e-20
0
0
DERIV 28
-0.003263336453154596240
1.4622731879311408005e-19
0
0
DERIV 29
0.003344700115253684131
6.928733181966672727e-20
0
0
DERIV 30
-0.003441164574897290392
2.0677149782563135476e-19
0
0
DERIV 31
0.003553001004449184586
-1.3173278731550626140e-19
0
0
DERIV 32
-0.003680665778642711571
1.8347903206511709031e-19
0
0
DERIV 33
0.003824790205428984374
1.5986920747515685107e-19
0
0
DERIV 34
-0.003986175165854625828
1.2059927749740584784e-20
0
0
DERIV 35
0.004165789805711308039
3.181266553968355704e-19
0
0
AT 57/64
0.6353799340964570996
3.175021978257996458e-17
0
0
DERIV 1
-0.3970631531419049898
2.3114916342051143970e-17
0
0
DERIV 2
0.10540823302251919880
1.9747076874138673853e-18
0
0
DERIV 3
0.007957642743168895361
-6.274808270694168421e-19
0
0
DERIV 4
-0.029599615968949909151
-8.675001453160975941e-19
0
0
DERIV 5
0.026034618137476598504
-9.870452010060319159e-19
0
0
DERIV 6
-0.019363870800105820180
1.4186076491891636534e-19
0
0
DERIV 7
0.014168063483571179464
4.222928963259496943e-19
0
0
DERIV 8
-0.010628749113374920399
-6.561955524042413320e-20
0
0
DERIV 9
0.008254510468598191125
1.9855374319337576045e-19
0
0
DERIV 10
-0.006631705590117944853
3.904456520274222017e-19
0
0
DERIV 11
0.005491549904689909875
-2.439957587741317711e-19
0
0
DERIV 12
-0.004668102892572227429
1.3430049282180588699e-19
0
0
DERIV 13
0.004058532812752427971
6.439024163928360031e-20
0
0
DERIV 14
-0.003597724692828779217
8.136064273822061059e-20
0
0
DERIV 15
0.003243331602158990544
-1.4780925382605476836e-19
0
0
DERIV 16
-0.002967063057458816169
-3.344605135773278940e-20
0
0
DERIV 17
0.002749536429079579500
-1.8888589287362166377e-19
0
0
DERIV 18
-0.002577164543137752499
-1.6063046675710466734e-19
0
0
DERIV 19
0.002440226512672389551
-1.6737784438529890666e-19
0
0
DERIV 20
-0.002331641852876288872
-1.5857452447948363493e-19
0
0
DERIV 21
0.002246172853389964003
1.1219445370343144513e-19
0
0
DERIV 22
-0.002179894051539150480
-1.1702227519009269642e-20
0
0
DERIV 23
0.002129832148844813984
-2.1373196012219658370e-19
0
0
DERIV 24
-0.002093717055239692308
9.174222235511241204e-20
0
0
DERIV 25
0.002069806856408939848
1.0003324065458826692e-19
0
0
DERIV 26
-0.002056762883230899615
-1.3461025168162042871e-19
0
0
DERIV 27
0.002053559335547354165
-1.1663229500194754201e-19
0
0
DERIV 28
-0.002059417129533140309
6.797802883683677318e-20
0
0
DERIV 29
0.002073754989870028528
-2.1551672431834495496e-19
0
0
DERIV 30
-0.002096152999635208375
-1.4906327041629020233e-19
0
0
DERIV 31
0.002126325277630420479
6.893798215368157933e-20
0
0
DERIV 32
-0.002164099436258851150
9.748936655929035015e-20
0
0
DERIV 33
0.002209401146556269017
-1.1090205466674374170e-19
0
0
DERIV 34
-0.002262242604613306281
1.2302495991011009379e-19
0
0
DERIV 35
0.002322714022572133427
2.2867751152126749439e-21
0
0
AT 29/32
0.6292015853761965261
5.189440633272338639e-17
0
0
DERIV 1
-0.3937637615104881972
-1.0140170279062441999e-17
0
0
DERIV 2
0.10573886481569891305
-2.9403938341603807697e-18
0
0
DERIV 3
0.006169779490910296156
-3.366468924926404898e-20
0
0
DERIV 4
-0.027634725797016670285
-2.888644592703609352e-19
0
0
DERIV 5
0.024289684174131943861
1.4112271790467616046e-18
0
0
DERIV 6
-0.017884331997979348305
-9.731083930672260391e-19
0
0
DERIV 7
0.012909088170517047517
2.0886337976237889419e-19
0
0
DERIV 8
-0.009537493170405331525
2.0572492008498842727e-19
0
0
DERIV 9
0.007288294400257030493
2.196611782098563870e-19
0
0
DERIV 10
-0.005758841950595667940
-4.444993409859061325e-20
0
0
DERIV 11
0.004688823791598826368
-2.357445319922567707e-19
0
0
DERIV 12
-0.003918320616317909344
-2.759031860898335608e-19
0
0
DERIV 13
0.003348704657049005138
9.722192611062061705e-20
0
0
DERIV 14
-0.002917807124170538995
-1.1382864999085331921e-19
0
0
DERIV 15
0.002585368645165425205
-7.851721495945722064e-20
0
0
DERIV 16
-0.002324596471695759229
-1.4836532385597128077e-19
0
0
DERIV 17
0.002117194647671803969
-2.0223683469100646678e-19
0
0
DERIV 18
-0.0019503710395371235808
-2.3240926323937328771e-20
0
0
DERIV 19
0.0018149888696077911762
9.799208078343811016e-20
0
0
DERIV 20
-0.0017043961204102986515
-4.574205370983167112e-20
0
0
DERIV 21
0.0016136663187477123978
8.849648632769334894e-20
0
0
DERIV 22
-0.0015390950448857562260
-6.326536308494137931e-20
0
0
DERIV 23
0.0014778590938471485722
7.650128610933302999e-20
0
0
DERIV 24
-0.0014277813400869032289
1.0825768611807585636e-19
0
0
DERIV 25
0.0013871656857001597295
-8.104913131431089544e-20
0
0
DERIV 26
-0.0013546793469370115807
-4.881259775664214567e-20
0
0
DERIV 27
0.0013292676711544771252
3.674440527756020746e-20
0
0
DERIV 28
-0.0013100916684582271290
-6.131228738873813775e-20
0
0
DERIV 29
0.0012964816414298408181
1.0764783576014923236e-19
0
0
DERIV 30
-0.0012879023827540143042
-4.573584055343600312e-20
0
0
DERIV 31
0.0012839267937882765502
7.364590376797865829e-20
0
0
DERIV 32
-0.0012842157083287665271
8.148669161017928330e-20
0
0
DERIV 33
0.0012885023417953415589
-1.5348747605975596666e-20
0
0
DERIV 34
-0.0012965802262755318167
-4.851160560085906161e-21
0
0
DERIV 35
0.0013082938004544538910
5.437830825482672949e-20
0
0
AT 59/64
0.6230748636661852524
-3.695797571911422586e-17
0
0
DERIV 1
-0.3904553176357349331
-1.4125947065854721442e-17
0
0
DERIV 2
0.10598850351069348530
-8.386703994088040640e-19
0
0
DERIV 3
0.004500572090894586555
-2.340763780250553205e-19
0
0
DERIV 4
-0.025800904007089904557
2.729546227928736093e-19
0
0
DERIV 5
0.022677228326619260079
1.5265460426705456293e-18
0
0
DERIV 6
-0.016535332882291635392
1.0371257097179672688e-18
0
0
DERIV 7
0.011778412028773803041
-1.1324568058883288549e-19
0
0
DERIV 8
-0.008573005751847202413
1.4446799008773961118e-19
0
0
DERIV 9
0.006448284695330987540
-3.272096745389748526e-19
0
0
DERIV 10
-0.005012601035239716736
4.491375444465477965e-21
0
0
DERIV 11
0.004014057691292623534
-2.0392152073445070764e-20
0
0
DERIV 12
-0.003298692398299299996
-1.7128560853035987936e-19
0
0
DERIV 13
0.002772029261886988297
9.460925630069207578e-20
0
0
DERIV 14
-0.002374809763374981144
1.3163956173072349601e-19
0
0
DERIV 15
0.002068841823904460798
-1.9353096473290535675e-19
0
0
DERIV 16
-0.0018288240721646216620
8.252166386063820163e-20
0
0
DERIV 17
0.0016375529982560871854
2.799206187997037056e-20
0
0
DERIV 18
-0.0014830479463782504299
-8.067044888329124019e-20
0
0
DERIV 19
0.0013567822544076138525
1.0418479357252639703e-19
0
0
DERIV 20
-0.0012525671895717998845
3.014139451795487426e-20
0
0
DERIV 21
0.0011658306718957355246
-5.620293796859891586e-20
0
0
DERIV 22
-0.0010931405821179389620
-1.0289546912332986264e-19
0
0
DERIV 23
0.0010318831247567675658
-3.740429458782945921e-20
0
0
DERIV 24
-0.0009800416333079788305
-7.681242409637173876e-20
0
0
DERIV 25
0.0009360417598916614002
5.260213587600014142e-20
0
0
DERIV 26
-0.0008986413642927298159
3.049742219187828740e-20
0
0
DERIV 27
0.0008668510242750384395
3.239886786777612997e-20
0
0
DERIV 28
-0.0008398758605608995769
5.108522804395183810e-20
0
0
DERIV 29
0.0008170724196394448966
-3.740228969924541285e-20
0
0
DERIV 30
-0.0007979163414694725662
-2.987659284322265877e-20
0
0
DERIV 31
0.0007819778510895619966
4.296947840221976543e-20
0
0
DERIV 32
-0.0007689029941745301536
-9.754855537727795938e-21
0
0
DERIV 33
0.0007583991367898891903
4.662770693488644189e-20
0
0
DERIV 34
-0.0007502236640401062709
8.803637596546531591e-21
0
0
DERIV 35
0.0007441751021107415433
3.914845928110337227e-20
0
0
AT 15/16
0.6169998910789649127
3.218098056286913218e-17
0
0
DERIV 1
-0.3871402676070015425
6.485767627273851121e-18
0
0
DERIV 2
0.10616252404526270448
-5.313261945497309760e-18
0
0
DERIV 3
0.002942142503950966048
-5.030301675334762092e-20
0
0
DERIV 4
-0.024088262181679503948
1.2654587919996816706e-18
0
0
DERIV 5
0.021185644121446859517
1.6902731806772959751e-18
0
0
DERIV 6
-0.015303668403584113483
-5.661556021667658552e-19
0
0
DERIV 7
0.010761242689255134594
-2.1196609246569130340e-19
0
0
DERIV 8
-0.007718853351692410783
2.747058833962581293e-19
0
0
DERIV 9
0.005716310965856221879
-2.0471163706154372012e-19
0
0
DERIV 10
-0.004372949445803529615
-1.5541331539436880269e-19
0
0
DERIV 11
0.003445204158109657633
1.5365162688488488475e-19
0
0
DERIV 12
-0.002784983098258147702
-8.706660300499898010e-20
0
0
DERIV 13
0.002301888093771417045
1.2301422331740459583e-19
0
0
DERIV 14
-0.0019395124653831211526
6.408472283790002770e-20
0
0
DERIV 15
0.0016616875095237042780
9.432421810101895124e-20
0
0
DERIV 16
-0.0014445716048087366926
1.5703477362602573954e-20
0
0
DERIV 17
0.0012720321883832865981
1.7106682636477346586e-20
0
0
DERIV 18
-0.0011328869021939209655
5.164126763660266524e-20
0
0
DERIV 19
0.0010192129156991363344
8.809299552035561930e-20
0
0
DERIV 20
-0.0009252843065452791369
-3.739862926089656897e-20
0
0
DERIV 21
0.0008468879096602168876
6.807713102842778622e-22
0
0
DERIV 22
-0.0007808728244011484219
7.169166409017188575e-21
0
0
DERIV 23
0.0007248475467306944977
5.179074826642419280e-20
0
0
DERIV 24
-0.0006769724124433998229
-3.561576402483497008e-20
0
0
DERIV 25
0.0006358148282138150831
1.6356425367566600269e-20
0
0
DERIV 26
-0.0006002466448863050816
-1.8698680867384997097e-20
0
0
DERIV 27
0.0005693703092954867156
3.285776061974271475e-20
0
0
DERIV 28
-0.0005424649858433574579
3.008784854620601193e-20
0
0
DERIV 29
0.0005189467424959345833
3.833300957038979933e-20
0
0
DERIV 30
-0.0004983387795403232141
-2.2567585674461459707e-21
0
0
DERIV 31
0.0004802489218526667528
2.4668153587989183672e-20
0
0
DERIV 32
-0.0004643524276091724788
-1.4382860499848585040e-20
0
0
DERIV 33
0.0004503787318723608685
-1.6103867576936023473e-20
0
0
DERIV 34
-0.0004381011329846944764
-1.4276078608241809786e-20
0
0
DERIV 35
0.0004273287013922924299
-1.7507240970559035413e-20
0
0
AT 61/64
0.6109767527896985406
3.817610422705868115e-17
0
0
DERIV 1
-0.3838208951693889426
-1.9032741950215376487e-17
0
0
DERIV 2
0.10626594612783840654
1.3487483527164837071e-18
0
0
DERIV 3
0.0014872033583262765123
-6.785723242022981707e-20
0
0
DERIV 4
-0.022487772209202519513
6.422836237115433766e-19
0
0
DERIV 5
0.019804490597397254176
1.4583129585686261890e-18
0
0
DERIV 6
-0.014177644670180566955
4.735981494810260952e-19
0
0
DERIV 7
0.009844691024582687480
-6.499311411989603868e-19
0
0
DERIV 8
-0.006960950774101136961
-3.016154967054634936e-19
0
0
DERIV 9
0.005077056251863653127
3.627493723685670311e-19
0
0
DERIV 10
-0.003823280064385189102
-7.634050371404411994e-20
0
0
DERIV 11
0.002964291040639843462
1.0139906904693711797e-21
0
0
DERIV 12
-0.002357767335651652068
-1.8133573524270769145e-19
0
0
DERIV 13
0.0019173025699628022840
-4.055630406083790102e-20
0
0
DERIV 14
-0.0015892723353842222109
-8.274362889352998640e-21
0
0
DERIV 15
0.0013394763552975240753
6.173981095642835177e-20
0
0
DERIV 16
-0.0011454898694241441928
-6.318846427579152168e-20
0
0
DERIV 17
0.0009922180372099454176
6.202740653191911901e-21
0
0
DERIV 18
-0.0008692512559046633750
1.4142329497815676909e-20
0
0
DERIV 19
0.0007692511032707671391
2.5610318445808877612e-20
0
0
DERIV 20
-0.0006869399546827318660
3.744545553553748887e-20
0
0
DERIV 21
0.0006184530305500366039
2.6860556671099993432e-20
0
0
DERIV 22
-0.0005609133925235302957
-1.9941451795438522913e-21
0
0
DERIV 23
0.0005121473005482178381
2.2939428509714144598e-20
0
0
DERIV 24
-0.0004704898764850846938
1.8969443668450984261e-20
0
0
DERIV 25
0.0004346500558130028950
2.3456342838909296509e-20
0
0
DERIV 26
-0.0004036151990108202648
-1.3203414353138536345e-22
0
0
DERIV 27
0.0003765826966038705414
1.8773424172031650130e-20
0
0
DERIV 28
-0.0003529102443817821251
-3.2178384512671823641e-21
0
0
DERIV 29
0.0003320792254879117522
-1.2070640163867092597e-20
0
0
DERIV 30
-0.0003136674218353889434
1.1421302956238694040e-20
0
0
DERIV 31
0.0002973284518953246236
-5.489825003958342914e-21
0
0
DERIV 32
-0.0002827761165306723638
1.7507958955565841143e-20
0
0
DERIV 33
0.0002697723663121770889
-2.4289481104639988218e-20
0
0
DERIV 34
-0.0002581179690513865340
2.7605376624151112398e-21
0
0
DERIV 35
0.0002476452104322551221
2.1573346107903391102e-20
0
0
AT 31/32
0.6050054994882759773
-5.289806269409330112e-17
0
0
DERIV 1
-0.3804993324048297487
7.182777984304012975e-18
0
0
DERIV 2
0.10630346070799198688
1.9085314356095030802e-19
0
0
DERIV 3
0.00012900691461395789785
1.7809905408095853075e-21
0
0
DERIV 4
-0.020991180517724892379
1.3776159217636577480e-18
0
0
DERIV 5
0.018524359911315114308
-1.3472575830282058618e-18
0
0
DERIV 6
-0.013146885960885593830
-5.109510442969315998e-19
0
0
DERIV 7
0.009017501197592628706
-7.223211669921737713e-19
0
0
DERIV 8
-0.006287195082663054116
-1.3827163399472747315e-20
0
0
DERIV 9
0.004517572579163000625
-5.032667511971756950e-20
0
0
DERIV 10
-0.003349783332094050884
-6.137034975013511234e-20
0
0
DERIV 11
0.002556618507321444488
-7.822158938203905711e-20
0
0
DERIV 12
-0.002001417651132350421
3.865599303125632521e-20
0
0
DERIV 13
0.0016016734895667268570
-4.919339690382075193e-20
0
0
DERIV 14
-0.0013064686144539563312
5.209012592386915033e-20
0
0
DERIV 15
0.0010835110950856115860
4.402699321592785607e-20
0
0
DERIV 16
-0.0009117452905059953913
-4.193892497465956553e-20
0
0
DERIV 17
0.0007770761024768564531
2.832390042110359328e-20
0
0
DERIV 18
-0.0006698363635131941978
-1.0989137046634748242e-20
0
0
DERIV 19
0.0005832477528577988428
-5.385964018531070549e-20
0
0
DERIV 20
-0.0005124613797919830988
2.904425734526130063e-20
0
0
DERIV 21
0.0004539450538590097321
2.2424574678055467371e-20
0
0
DERIV 22
-0.0004050830199773700025
1.2339031536468077691e-20
0
0
DERIV 23
0.0003639089611401796244
2.6411697043617336513e-20
0
0
DERIV 24
-0.0003289244326863098740
-1.1255846908311172831e-20
0
0
DERIV 25
0.0002989731832855773742
1.9983801179917584607e-20
0
0
DERIV 26
-0.0002731527281628708505
1.4831429555629402407e-20
0
0
DERIV 27
0.0002507511888439605549
-2.5937677924153670034e-20
0
0
DERIV 28
-0.00023120154815085524323
-2.3298647820496600742e-21
0
0
DERIV 29
0.00021404808933083390278
-3.903232989115473355e-21
0
0
DERIV 30
-0.00019892147840950687664
1.2052470915836466618e-20
0
0
DERIV 31
0.00018552005739643404026
5.599069971390845636e-21
0
0
DERIV 32
-0.00017359565436694303093
1.9623978456103193057e-21
0
0
DERIV 33
0.00016294271546342189191
1.1931620268155622062e-20
0
0
DERIV 34
-0.00015338990570869335140
4.749807109971115231e-21
0
0
DERIV 35
0.00014479356269982189900
-7.276644475070360108e-21
0
0
AT 63/64
0.5990861496708007605
-5.198058152843414733e-17
0
0
DERIV 1
-0.3771775696220815988
-2.5880256530616332448e-17
0
0
DERIV 2
0.10627945417538396666
-2.7696636196755623510e-18
0
0
DERIV 3
-0.0011387009179747911020
1.5728549679811887876e-20
0
0
DERIV 4
-0.019590931979830489978
-3.134910238461269599e-19
0
0
DERIV 5
0.017336761727127038279
1.5661208902325654121e-18
0
0
DERIV 6
-0.012202168909022443472
4.052147307171799838e-19
0
0
DERIV 7
0.008269822481119341873
-8.585787577684681437e-20
0
0
DERIV 8
-0.005687161244010534474
-1.9665561731989357061e-19
0
0
DERIV 9
0.004026884770921528543
-1.1122899454380424229e-19
0
0
DERIV 10
-0.002940941522467231672
-2.0642262357479322742e-19
0
0
DERIV 11
0.002210123800292302515
3.927118132205946688e-20
0
0
DERIV 12
-0.0017033172377206708212
9.801288666778577855e-20
0
0
DERIV 13
0.0013418164468981313639
-4.969482757015763051e-20
0
0
DERIV 14
-0.0010773323913443101120
9.640272610746241324e-20
0
0
DERIV 15
0.0008794187556450893360
-2.891087793204425928e-20
0
0
DERIV 16
-0.0007283390609088792253
-2.3749417286923019854e-20
0
0
DERIV 17
0.0006109580233286261274
-2.806691899288101721e-20
0
0
DERIV 18
-0.0005183188052864425976
1.0128027629095916200e-20
0
0
DERIV 19
0.0004441771893167955568
1.0452245072955846777e-20
0
0
DERIV 20
-0.0003840918111815154381
-1.3423580310753088482e-20
0
0
DERIV 21
0.0003348456451299628616
1.9050691264274512994e-20
0
0
DERIV 22
-0.0002940697045220785270
9.405989463624172744e-22
0
0
DERIV 23
0.0002599930935837621885
-4.493014364814033809e-21
0
0
DERIV 24
-0.00023127374913483196009
1.2677138151266545543e-20
0
0
DERIV 25
0.00020688176867454422274
-9.177141513138874237e-21
0
0
DERIV 26
-0.00018601766016997431505
-1.1079784036920913361e-20
0
0
DERIV 27
0.00016805419015690178149
-5.753584999253907384e-21
0
0
DERIV 28
-0.00015249443764556359525
-4.606681244260527909e-21
0
0
DERIV 29
0.00013894114476649274898
2.3993010141352188043e-21
0
0
DERIV 30
-0.00012707405220342059228
1.2071923599831328823e-20
0
0
DERIV 31
0.00011663295176631406722
2.5748489489779322543e-21
0
0
DERIV 32
-0.00010740488197794196407
-6.388901417573436953e-22
0
0
DERIV 33
9.921435984319441534e-5
4.663219631673055187e-22
0
0
DERIV 34
-9.191586114091199991e-5
-5.355271912885884052e-22
0
0
DERIV 35
8.538798236895563283e-5
4.204613423408597830e-22
0
0
AT 1
0.5932186917822832584
5.525339238800706013e-17
0
0
DERIV 1
-0.3738574645230560156
-2.1627048837061772010e-17
0
0
DERIV 2
0.10619803051042753239
-1.5010818284346876446e-19
0
0
DERIV 3
-0.002321722079457403786
-1.7771100135956421400e-19
0
0
DERIV 4
-0.018280102271602271385
-1.6457129785942362678e-18
0
0
DERIV 5
0.016234022042395192253
4.590045715802387340e-19
0
0
DERIV 6
-0.011335279684006145315
-4.293496740239704881e-19
0
0
DERIV 7
0.007593015859768427293
3.569805132319559797e-19
0
0
DERIV 8
-0.005151848307069449399
-1.1335298147271649481e-19
0
0
DERIV 9
0.003595665370782805126
-4.216940782222475720e-20
0
0
DERIV 10
-0.002587120498626666910
-1.3547980698945122431e-19
0
0
DERIV 11
0.0019148767505134365891
-2.3545981640614580396e-20
0
0
DERIV 12
-0.0014532448756061678869
6.807961270040553981e-20
0
0
DERIV 13
0.0011272204826860727101
-4.022593016209741574e-20
0
0
DERIV 14
-0.0008910617915886717396
2.4938359117004166080e-20
0
0
DERIV 15
0.0007161036115495029303
3.307222303202227033e-20
0
0
DERIV 16
-0.0005838773698118420721
-1.6100774119885323983e-20
0
0
DERIV 17
0.0004821666713769271612
1.8791664479418241768e-20
0
0
DERIV 18
-0.0004026921061998600627
-7.587917684790192044e-21
0
0
DERIV 19
0.0003397169015506725474
-1.7130193565722042413e-20
0
0
DERIV 20
-0.0002891854459634934189
2.1516379323876256715e-20
0
0
DERIV 21
0.0002481779530706898387
1.3084827814421092564e-21
0
0
DERIV 22
-0.00021455733449382601496
-3.878691916457964120e-21
0
0
DERIV 23
0.00018673569005352351154
-3.409926653830550299e-21
0
0
DERIV 24
-0.00016351688367334854990
9.054868851576397705e-21
0
0
DERIV 25
0.00014398850898034214413
1.2009656461014050502e-20
0
0
DERIV 26
-0.00012744652484756818322
-2.4304979923947844227e-21
0
0
DERIV 27
0.00011334188129505414345
-5.223684844363430557e-21
0
0
DERIV 28
-0.00010124218817442305564
-2.3866200578212126310e-21
0
0
DERIV 29
9.080382923029780824e-5
-6.471295394801298574e-21
0
0
DERIV 30
-8.175143067974095866e-5
2.2565421071473256040e-21
0
0
DERIV 31
7.386257539775996166e-5
2.0379960182377527915e-21
0
0
DERIV 32
-6.695630383672466080e-5
4.625595068402661809e-21
0
0
DERIV 33
6.088437942449520182e-5
-8.818987021353843893e-22
0
0
DERIV 34
-5.552459346621651018e-5
1.1196896621899323309e-21
0
0
DERIV 35
5.077558957990846835e-5
-2.6180771407624819817e-21
0
0
AT 33/32
0.5816392672169803379
-1.1281720395899971140e-17
0
0
DERIV 1
-0.3672290455628323680
1.3220289888300582931e-17
0
0
DERIV 2
0.10587805579051286220
-6.747492568214169420e-18
0
0
DERIV 3
-0.004454872878857588613
-2.955933570049231969e-19
0
0
DERIV 4
-0.015901801156706221047
6.706056587577894927e-19
0
0
DERIV 5
0.014255982246689316920
-9.903430082768382659e-20
0
0
DERIV 6
-0.009806453871008565318
6.723046338704991099e-19
0
0
DERIV 7
0.006422559626052193153
-7.700453825819955563e-20
0
0
DERIV 8
-0.004245262230015766497
1.1519195160190866184e-19
0
0
DERIV 9
0.002881001762366871242
1.6967994270212739513e-19
0
0
DERIV 10
-0.002013500018759638906
1.5534125978611197357e-19
0
0
DERIV 11
0.0014467355487970557509
-7.710767063553873269e-20
0
0
DERIV 12
-0.0010654852585703976451
8.086890780198828316e-20
0
0
DERIV 13
0.0008018307130422138275
-4.562217738978021811e-20
0
0
DERIV 14
-0.0006148725378816924511
2.6502653367220588593e-21
0
0
DERIV 15
0.0004793083893724023347
8.919195928220894522e-21
0
0
DERIV 16
-0.0003790476075976953333
-8.276548424568203417e-21
0
0
DERIV 17
0.0003035858447734199328
2.2618938137409969633e-20
0
0
DERIV 18
-0.0002458976781487159143
8.468853807119674922e-21
0
0
DERIV 19
0.00020117963380441366227
2.2498939797736362022e-21
0
0
DERIV 20
-0.00016608105381007054642
-5.602336942153260780e-21
0
0
DERIV 21
0.00013822189904555800188
-1.2807792829091133543e-21
0
0
DERIV 22
-0.00011588351225449926405
-3.498418216076702486e-21
0
0
DERIV 23
9.780610114452895532e-5
-6.454532628477640427e-21
0
0
DERIV 24
-8.305352564094241319e-5
6.046499487910264466e-21
0
0
DERIV 25
7.092140289565522743e-5
-4.554451026010115065e-21
0
0
DERIV 26
-6.087362220200976808e-5
1.4341857365304534161e-21
0
0
DERIV 27
5.249782018354942278e-5
-1.8183461377125771069e-21
0
0
DERIV 28
-4.547371562044743161e-5
-2.7328286679907985993e-21
0
0
DERIV 29
3.955029765043461295e-5
-1.3238568385793597463e-21
0
0
DERIV 30
-3.452919438987213347e-5
2.0996580604700294931e-21
0
0
DERIV 31
3.0252412067794438204e-5
2.374872043440372309e-22
0
0
DERIV 32
-2.6593202165986213058e-5
1.3132772370333667635e-21
0
0
DERIV 33
2.3449192549017625764e-5
1.6863785241119302702e-21
0
0
DERIV 34
-2.0737174501465558947e-5
1.4268432850788895756e-21
0
0
DERIV 35
1.8389112869156681434e-5
-1.6463030079864392310e-23
0
0
AT 17/16
0.5702666053808408408
-2.0604290886859110313e-17
0
0
DERIV 1
-0.3606265933339541374
-1.3333622676351351675e-17
0
0
DERIV 2
0.10537145105182466054
-4.897418942639396571e-18
0
0
DERIV 3
-0.006309157321688382662
-8.986005260463630423e-20
0
0
DERIV 4
-0.013811366087272122088
-4.545230564868554385e-19
0
0
DERIV 5
0.012542061374423547904
4.511508708202934474e-19
0
0
DERIV 6
-0.008510599167135491847
2.460580559415533813e-19
0
0
DERIV 7
0.005455587008857494188
-3.010086684446055699e-19
0
0
DERIV 8
-0.003516653340911453374
-1.5798486652453237459e-19
0
0
DERIV 9
0.002322847181121250656
-9.491190262107183283e-20
0
0
DERIV 10
-0.0015784068706006740973
6.905570902670266275e-20
0
0
DERIV 11
0.0011020031650010226644
9.795834531552967170e-20
0
0
DERIV 12
-0.0007883339848378952651
3.995411666095278082e-21
0
0
DERIV 13
0.0005761249524518707518
2.968592542247948512e-20
0
0
DERIV 14
-0.0004289698038657796791
8.246650997764967126e-21
0
0
DERIV 15
0.0003246545131326472253
5.692062307117931973e-21
0
0
DERIV 16
-0.0002492499766908946087
2.3106621655050205209e-20
0
0
DERIV 17
0.00019379227261736564343
1.1732730780444069249e-20
0
0
DERIV 18
-0.00015237272345541545845
2.607610135664232240e-22
0
0
DERIV 19
0.00012101045361534399909
6.430113109248910986e-22
0
0
DERIV 20
-9.696969317067594130e-5
4.777076994501569831e-22
0
0
DERIV 21
7.833625821880255840e-5
1.0467415691602031580e-21
0
0
DERIV 22
-6.374881520430666058e-5
4.355145316857666176e-21
0
0
DERIV 23
5.222476396782874336e-5
3.985996972082709432e-22
0
0
DERIV 24
-4.304523647906977079e-5
-8.259267934764955992e-22
0
0
DERIV 25
3.567778604326420766e-5
1.9820340805770216941e-21
0
0
DERIV 26
-2.9723562213917259966e-5
1.1273302991818789177e-21
0
0
DERIV 27
2.4880671532710802238e-5
-3.146768234665339835e-22
0
0
DERIV 28
-2.0918410907829719785e-5
-1.5424043039877866320e-21
0
0
DERIV 29
1.7658914059338370916e-5
-1.5036928339589423684e-21
0
0
DERIV 30
-1.4963922513137557969e-5
2.610293876160397828e-22
0
0
DERIV 31
1.2725144847814434977e-5
2.0806207189283580803e-22
0
0
DERIV 32
-1.0857158639027046176e-5
1.0076914666201438399e-22
0
0
DERIV 33
9.292134371572535615e-6
-5.630891689472218785e-22
0
0
DERIV 34
-7.975878528123295157e-6
6.515278611720776992e-23
0
0
DERIV 35
6.864841155598870301e-6
1.4632032669835382289e-22
0
0
AT 35/32
0.5590997208010880515
7.715330992160649653e-18
0
0
DERIV 1
-0.3540609891421688249
-6.503312168413120607e-18
0
0
DERIV 2
0.10470275069306889115
4.566456569499970000e-19
0
0
DERIV 3
-0.007918115064806373685
-6.673441338810695788e-19
0
0
DERIV 4
-0.011970735119801706459
2.374854342696100868e-19
0
0
DERIV 5
0.011052464003142276061
3.024839052811531775e-19
0
0
DERIV 6
-0.007407695022138579763
1.9638434675802163574e-19
0
0
DERIV 7
0.004652635057755825747
5.428957465292591819e-20
0
0
DERIV 8
-0.002927518319203411146
1.2620665015229529305e-19
0
0
DERIV 9
0.0018838605741750230702
-3.751143057328166845e-21
0
0
DERIV 10
-0.0012457576433268584791
-1.0082101827001362128e-19
0
0
DERIV 11
0.0008458895489857926487
-2.1162511677031924590e-20
0
0
DERIV 12
-0.0005882959221644181412
1.5522593565700823147e-20
0
0
DERIV 13
0.0004178845933644681140
-2.4359038898484520498e-20
0
0
DERIV 14
-0.0003023813925950955971
-2.8878869368340396744e-21
0
0
DERIV 15
0.00022237929005867437858
1.7244563654025747680e-21
0
0
DERIV 16
-0.00016589062558883247204
-4.488728864655586392e-21
0
0
DERIV 17
0.00012531843759912801714
-7.469216613163951096e-21
0
0
DERIV 18
-9.573293217410600996e-5
5.675656889582396147e-21
0
0
DERIV 19
7.386530355218394342e-5
-5.864161145333891223e-21
0
0
DERIV 20
-5.750528939290846007e-5
-1.9130636572519088191e-21
0
0
DERIV 21
4.513168422598726865e-5
-2.1055239258010623301e-21
0
0
DERIV 22
-3.568059392179458178e-5
-3.1914187081930581810e-21
0
0
DERIV 23
2.8397042999405274763e-5
-6.346693647929600983e-22
0
0
DERIV 24
-2.2738128373412667190e-5
-1.0114307738904586351e-21
0
0
DERIV 25
1.8308698575105363437e-5
-1.3168236269326224456e-21
0
0
DERIV 26
-1.4817942373970535762e-5
8.216471570004589239e-22
0
0
DERIV 27
1.2049652776116477005e-5
3.571316035669783069e-22
0
0
DERIV 28
-9.841578670236155173e-6
-1.5455753264053877941e-23
0
0
DERIV 29
8.070905077909688592e-6
3.379198179399855768e-22
0
0
DERIV 30
-6.643923268174564333e-6
-2.678811223845476223e-22
0
0
DERIV 31
5.488601822824342097e-6
-1.6639081616596278582e-22
0
0
DERIV 32
-4.549190040688520763e-6
2.175429740222956477e-22
0
0
DERIV 33
3.782260857700163337e-6
1.7644530502209317514e-22
0
0
DERIV 34
-3.153783874004676825e-6
7.765801933787305039e-23
0
0
DERIV 35
2.636942605189712907e-6
1.8526940375957621023e-22
0
0
AT 9/8
0.5481373109351141970
2.2696176658653328804e-18
0
0
DERIV 1
-0.3475416746906365151
-4.920607953216425847e-18
0
0
DERIV 2
0.10389355619348934756
-5.969254380355555132e-18
0
0
DERIV 3
-0.009310893478456871986
5.587972139382351762e-20
0
0
DERIV 4
-0.010347517821112633268
2.293271911769710264e-19
0
0
DERIV 5
0.009754150836094988009
-5.060865465784782817e-19
0
0
DERIV 6
-0.006465389529152911798
-3.489888817486532574e-19
0
0
DERIV 7
0.003982675815637981391
4.214441764448387926e-20
0
0
DERIV 8
-0.002448430842918602676
5.891941300066506763e-20
0
0
DERIV 9
0.0015363129792166276694
-7.686193411789292317e-20
0
0
DERIV 10
-0.0009895232428257635850
4.517834138147814344e-20
0
0
DERIV 11
0.0006540199093767705418
1.2746524775732514104e-20
0
0
DERIV 12
-0.0004425806192897737941
1.3304253491055701289e-20
0
0
DERIV 13
0.0003058219935989353448
-8.638534145770546632e-21
0
0
DERIV 14
-0.00021523651318581957454
-7.860427547682752235e-21
0
0
DERIV 15
0.00015394244164028622894
3.595643104446905404e-21
0
0
DERIV 16
-0.00011167536883716552561
-2.2404657099092134315e-21
0
0
DERIV 17
8.203503538438198497e-5
-5.844804333577882780e-21
0
0
DERIV 18
-6.093656202483301856e-5
2.3502678663370962527e-21
0
0
DERIV 19
4.571689827426482700e-5
-2.2056479926527558431e-21
0
0
DERIV 20
-3.460622126314754775e-5
7.105665572123497184e-22
0
0
DERIV 21
2.6407701522669497205e-5
4.391810200839517913e-22
0
0
DERIV 22
-2.0299153966519167309e-5
-8.273599432624487780e-22
0
0
DERIV 23
1.5707645270275743388e-5
1.4469409623514366108e-21
0
0
DERIV 24
-1.2228719434602265304e-5
-5.453879756707993846e-22
0
0
DERIV 25
9.573460135312188211e-6
-3.038738332053889239e-22
0
0
DERIV 26
-7.533243118547750013e-6
6.257520452603864813e-24
0
0
DERIV 27
5.955923335137586592e-6
6.795141280649411701e-23
0
0
DERIV 28
-4.729530417901327657e-6
-3.658876590525727257e-22
0
0
DERIV 29
3.770966399977337701e-6
6.814003182996428262e-23
0
0
DERIV 30
-3.018081101735248216e-6
-1.8587783905974732909e-22
0
0
DERIV 31
2.424056785340633929e-6
1.1264658098263005141e-22
0
0
DERIV 32
-1.953389971573515365e-6
-1.2873365098626219516e-22
0
0
DERIV 33
1.5789898369379583543e-6
-2.681098795613461777e-23
0
0
DERIV 34
-1.2800650675358055662e-6
-7.525959824849338572e-23
0
0
DERIV 35
1.0405726950638345091e-6
-3.020226877420102046e-23
0
0
AT 37/32
0.5373777984227096072
-9.918537334818775148e-18
0
0
DERIV 1
-0.3410768231807949080
1.9693595747558988448e-17
0
0
DERIV 2
0.10296291661538876927
4.991723973988612826e-18
0
0
DERIV 3
-0.010512895020724027928
6.448278518889897318e-19
0
0
DERIV 4
-0.008914043519527238904
5.505860780159096845e-20
0
0
DERIV 5
0.008619559386168897802
8.218291288113395415e-19
0
0
DERIV 6
-0.005657379707604046244
4.072689491377835458e-19
0
0
DERIV 7
0.003421151215688020275
1.5176033273784716666e-19
0
0
DERIV 8
-0.002056732246439215740
2.1621632164451674008e-19
0
0
DERIV 9
0.0012594399340306841779
-2.5431762051298044088e-20
0
0
DERIV 10
-0.0007907528624986279999
-4.456714377302208824e-20
0
0
DERIV 11
0.0005091430303876362962
-4.905169459042186538e-20
0
0
DERIV 12
-0.0003355100256185868058
2.5965716541557556449e-20
0
0
DERIV 13
0.00022570433853964333264
-1.3348322975015373055e-20
0
0
DERIV 14
-0.00015462371407365968577
-1.1336102732224806196e-20
0
0
DERIV 15
0.00010763681240197400530
5.019190660359064723e-21
0
0
DERIV 16
-7.599230791104050978e-5
2.9921188372327287848e-21
0
0
DERIV 17
5.432479190487478831e-5
-8.748310971348492670e-22
0
0
DERIV 18
-3.926865058934821357e-5
-2.8848535785984947866e-21
0
0
DERIV 19
2.8668254458485502550e-5
5.148040532807636414e-22
0
0
DERIV 20
-2.1116663328895123817e-5
1.1049871293269623938e-23
0
0
DERIV 21
1.5679806036289339335e-5
-3.233868514534219558e-22
0
0
DERIV 22
-1.1727918693907067173e-5
-3.594511051807228691e-22
0
0
DERIV 23
8.830436801786948839e-6
7.714765258585496307e-22
0
0
DERIV 24
-6.689232097367414214e-6
-2.5928384516925006931e-23
0
0
DERIV 25
5.095481167816883381e-6
3.975936723120278479e-22
0
0
DERIV 26
-3.901365090582214691e-6
2.1191416848068319765e-24
0
0
DERIV 27
3.001233953386194913e-6
1.0488818575888544096e-22
0
0
DERIV 28
-2.318905601940737483e-6
7.413772458180458825e-23
0
0
DERIV 29
1.7989970091629370627e-6
-3.764864936608339764e-23
0
0
DERIV 30
-1.4009417738813003230e-6
7.168602922826051583e-23
0
0
DERIV 31
1.0948187571405378504e-6
-1.1506899001097750433e-23
0
0
DERIV 32
-8.584157388782268723e-7
-5.242129569652928912e-23
0
0
DERIV 33
6.751441034144283429e-7
5.053774510290882566e-23
0
0
DERIV 34
-5.325456911176678322e-7
-3.715226550034006668e-23
0
0
DERIV 35
4.212154485175505913e-7
2.2888803439485696211e-23
0
0
AT 19/16
0.5268193683440892672
6.005897634533690217e-18
0
0
DERIV 1
-0.3346734884180638803
-1.4814769374467049016e-17
0
0
DERIV 2
0.10192765362353027603
4.408545731595220155e-19
0
0
DERIV 3
-0.011546317210039127102
7.741230482779153352e-19
0
0
DERIV 4
-0.007646587677053423571
2.490306910282992059e-19
0
0
DERIV 5
0.007625591706312284841
-3.193423925917966776e-19
0
0
DERIV 6
-0.004962164739761150585
-4.157575146800462741e-19
0
0
DERIV 7
0.002948502176156712028
1.6982630249538497234e-19
0
0
DERIV 8
-0.0017348510475601848849
-4.873589834726789952e-20
0
0
DERIV 9
0.0010375687989234720805
2.1167080536738685303e-20
0
0
DERIV 10
-0.0006355281743009053106
4.080776438405221069e-20
0
0
DERIV 11
0.0003989322887397984095
2.3575394787809480661e-20
0
0
DERIV 12
-0.0002561865415784408289
-1.4093971162863576554e-20
0
0
DERIV 13
0.00016790870062218497556
-7.204665774710975354e-21
0
0
DERIV 14
-0.00011205233447590941622
-3.650538126230639372e-21
0
0
DERIV 15
7.597473980812761562e-5
-6.672899606337151499e-21
0
0
DERIV 16
-5.224060439962726477e-5
-1.1279244160105277669e-21
0
0
DERIV 17
3.636996045292146938e-5
-2.8148143499828590636e-21
0
0
DERIV 18
-2.5602320013412216350e-5
-1.6425643934765763305e-21
0
0
DERIV 19
1.8201616439918628785e-5
-1.6119254571294809155e-21
0
0
DERIV 20
-1.3055672617519820182e-5
-3.002463481915159995e-22
0
0
DERIV 21
9.440000574237756222e-6
3.050929990975000867e-22
0
0
DERIV 22
-6.875486752497365759e-6
-9.803704917386065951e-23
0
0
DERIV 23
5.040932603848337472e-6
3.428626352315481535e-22
0
0
DERIV 24
-3.718323324610416782e-6
1.9811919828397566141e-22
0
0
DERIV 25
2.758004565177278109e-6
2.3068743519810879030e-23
0
0
DERIV 26
-2.056186733101226736e-6
9.450264900365668562e-23
0
0
DERIV 27
1.5402092523009058990e-6
9.299909479090663352e-23
0
0
DERIV 28
-1.1587639234764453633e-6
-5.753396275000390925e-23
0
0
DERIV 29
8.753318880871475771e-7
-9.108298154145059395e-25
0
0
DERIV 30
-6.637299867982660084e-7
8.520265644656645678e-24
0
0
DERIV 31
5.050582344491294235e-7
-1.5073018449068320366e-23
0
0
DERIV 32
-3.855882237347628194e-7
1.6632426515499870720e-23
0
0
DERIV 33
2.952898755946833719e-7
1.5011641261407833760e-23
0
0
DERIV 34
-2.2679536728144540569e-7
-9.923685072561055713e-24
0
0
DERIV 35
1.7466510705556361469e-7
8.650892789026636153e-24
0
0
AT 39/32
0.5164600011199979024
4.389729290647414269e-17
0
0
DERIV 1
-0.3283377350959648111
3.576527198254075165e-20
0
0
DERIV 2
0.10080264012312774302
-5.407466132481971568e-19
0
0
DERIV 3
-0.012430605065124398015
6.459549869288319929e-19
0
0
DERIV 4
-0.006524739631115154814
-3.894971663560301976e-19
0
0
DERIV 5
0.006752808384400287543
-2.706262829870883775e-19
0
0
DERIV 6
-0.004362079436609930111
-3.721974379670487177e-20
0
0
DERIV 7
0.002549058828352011863
-1.0161382665107001343e-19
0
0
DERIV 8
-0.0014690693204575521347
5.231377006209278003e-20
0
0
DERIV 9
0.0008587814143673181029
1.3035711667309943316e-20
0
0
DERIV 10
-0.0005135422503345918929
-4.606089521090093519e-20
0
0
DERIV 11
0.0003145000316960198331
-1.7831321333954140689e-22
0
0
DERIV 12
-0.00019696084415644064293
3.518670364445416890e-21
0
0
DERIV 13
0.00012585984431926706462
-6.838404844000700943e-21
0
0
DERIV 14
-8.187522071870687273e-5
-3.353803407488238762e-22
0
0
DERIV 15
5.410895904182095174e-5
-2.0022326381154745549e-21
0
0
DERIV 16
-3.626120353570499739e-5
-1.6081195561857959776e-21
0
0
DERIV 17
2.4602899932073799992e-5
1.8341718405096060825e-22
0
0
DERIV 18
-1.6877734565032543977e-5
-7.924875214801613777e-22
0
0
DERIV 19
1.1692908898102674138e-5
5.889500936911596931e-22
0
0
DERIV 20
-8.172957579157783494e-6
-9.337865446177923143e-23
0
0
DERIV 21
5.758525810262186591e-6
-2.287377949572600026e-22
0
0
DERIV 22
-4.086915612877232301e-6
-1.9295154663324971451e-22
0
0
DERIV 23
2.919785406103836267e-6
-1.6430799332997681428e-22
0
0
DERIV 24
-2.098605884127859909e-6
8.933155273599830643e-23
0
0
DERIV 25
1.5167675620247116495e-6
-5.244987204745307145e-23
0
0
DERIV 26
-1.1018542013727599059e-6
5.264352972529175556e-24
0
0
DERIV 27
8.042230427723771651e-7
3.999434997442880213e-24
0
0
DERIV 28
-5.895559205180463195e-7
-2.928895068205635658e-23
0
0
DERIV 29
4.339447063936403556e-7
2.2995240847871397563e-23
0
0
DERIV 30
-3.206145923326961633e-7
1.5436723446424595591e-23
0
0
DERIV 31
2.3771812656866419035e-7
-3.782984816538702231e-24
0
0
DERIV 32
-1.7683676614349162508e-7
9.264582831605012769e-24
0
0
DERIV 33
1.3195456540969464592e-7
-8.469583889319493643e-24
0
0
DERIV 34
-9.874982202112849274e-8
-3.906347145507390654e-24
0
0
DERIV 35
7.410267592860401756e-8
-4.081564594077687012e-24
0
0
AT 5/4
0.5062975015993161909
1.8242158308961458407e-17
0
0
DERIV 1
-0.3220747529173699775
-5.092436928223466385e-18
0
0
DERIV 2
0.09960103995341933192
6.804969889451693999e-18
0
0
DERIV 3
-0.013182831828955078948
1.0555437981545222859e-19
0
0
DERIV 4
-0.005530883224138865781
1.2985901483341506512e-19
0
0
DERIV 5
0.005984782961870480957
-1.9550543976571916625e-20
0
0
DERIV 6
-0.003842539897218070089
-3.788240916282892443e-20
0
0
DERIV 7
0.002210196905862731390
-1.9789593968852717683e-19
0
0
DERIV 8
-0.0012486095596553228697
-3.018730835326385261e-20
0
0
DERIV 9
0.0007139503603266639936
-2.3450184906742423556e-20
0
0
DERIV 10
-0.0004171026731606579992
-2.7015634609811948460e-20
0
0
DERIV 11
0.0002493831784158191678
-1.2717439242718787363e-20
0
0
DERIV 12
-0.00015241364961277075385
9.327587262161271816e-21
0
0
DERIV 13
9.501982955966383382e-5
1.1576269411323100286e-21
0
0
DERIV 14
-6.029592565585780914e-5
-3.0683773237489498064e-21
0
0
DERIV 15
3.886535253437640764e-5
-2.1511773963625109447e-21
0
0
DERIV 16
-2.5401442405565665539e-5
1.5986836652437812712e-21
0
0
DERIV 17
1.6807376625567325328e-5
1.2228458773109319826e-21
0
0
DERIV 18
-1.1243633558224570655e-5
6.215625519928444909e-22
0
0
DERIV 19
7.595914240472981897e-6
1.9586876031494093007e-22
0
0
DERIV 20
-5.177153253323325077e-6
-2.537989654066548332e-22
0
0
DERIV 21
3.556878963573073496e-6
-5.933585907541548337e-23
0
0
DERIV 22
-2.461460572791485562e-6
1.7788012333067274059e-22
0
0
DERIV 23
1.7146771230223042751e-6
1.3688544509587742206e-24
0
0
DERIV 24
-1.2016895238381959313e-6
7.288529900322474167e-23
0
0
DERIV 25
8.468508422465061487e-7
1.8594047719869551698e-23
0
0
DERIV 26
-5.998403333529747692e-7
-2.6003893987598222551e-23
0
0
DERIV 27
4.268834342732829359e-7
1.1960325094142354368e-23
0
0
DERIV 28
-3.051244781560186645e-7
-4.616724795001384412e-24
0
0
DERIV 29
2.1897977323243459217e-7
8.438620995313416702e-24
0
0
DERIV 30
-1.5774987078324691741e-7
2.4908977073935054945e-24
0
0
DERIV 31
1.1404149754796268478e-7
-1.2580989094800430708e-24
0
0
DERIV 32
-8.271551874161504775e-8
8.935091978937769729e-26
0
0
DERIV 33
6.017994030792045228e-8
-6.410824761570237802e-24
0
0
DERIV 34
-4.391124482394010301e-8
-3.560076531280670380e-25
0
0
DERIV 35
3.212807548019176145e-8
-7.489720429122684655e-25
0
0
AT 41/32
0.4963295248033113838
-5.669012722794773490e-18
0
0
DERIV 1
-0.3158889567898555684
1.1371149982412943698e-17
0
0
DERIV 2
0.09833451474482554633
-3.717258319642164718e-18
0
0
DERIV 3
-0.013818020642218958871
-8.584600400162441661e-19
0
0
DERIV 4
-0.004649768098864781249
3.438321361765558502e-19
0
0
DERIV 5
0.005307581942417769275
-3.072304116141132502e-19
0
0
DERIV 6
-0.003391451023411109177
1.8107850812725449160e-19
0
0
DERIV 7
0.0019216918902704718201
-1.3816587830097662744e-20
0
0
DERIV 8
-0.0010649534508018320550
6.413452676893931950e-20
0
0
DERIV 9
0.0005960384616716551303
-2.920655543192489491e-20
0
0
DERIV 10
-0.0003404256681499770714
-1.4257722150755649389e-20
0
0
DERIV 11
0.00019884357793253733715
3.813052406586229507e-21
0
0
DERIV 12
-0.00011867168162342132346
3.2541554566869604105e-21
0
0
DERIV 13
7.222693053608946303e-5
-4.074582765048785564e-21
0
0
DERIV 14
-4.473609218217825212e-5
-2.0735956477183000965e-21
0
0
DERIV 15
2.8142722194884663833e-5
-7.244755503007437532e-22
0
0
DERIV 16
-1.7949781523162141233e-5
-1.0066649404738518613e-21
0
0
DERIV 17
1.1589697556018091989e-5
8.299140885870099612e-22
0
0
DERIV 18
-7.565387673529083976e-6
1.2551084099778280883e-22
0
0
DERIV 19
4.987036969379075643e-6
3.881003715943363580e-22
0
0
DERIV 20
-3.316504902753427891e-6
4.035195970779867044e-23
0
0
DERIV 21
2.223193611355350611e-6
1.7041796322298887155e-22
0
0
DERIV 22
-1.5011114608992501745e-6
-1.0468419333615629039e-22
0
0
DERIV 23
1.0202553862584866590e-6
3.116439467119333553e-23
0
0
DERIV 24
-6.976232656471813545e-7
-4.704833510246376553e-23
0
0
DERIV 25
4.796607556506606214e-7
2.885857398220072685e-23
0
0
DERIV 26
-3.314809501067196458e-7
2.0390813695699393049e-25
0
0
DERIV 27
2.3015764973596594986e-7
1.3194206992276679673e-23
0
0
DERIV 28
-1.6050342731026182090e-7
-4.066940298873155537e-24
0
0
DERIV 29
1.1238301383959242660e-7
9.809497263677033729e-26
0
0
DERIV 30
-7.898663612097030168e-8
-3.562027982728451311e-25
0
0
DERIV 31
5.571013160708815318e-8
-1.3063515775054084729e-25
0
0
DERIV 32
-3.942247124702703618e-8
1.0327419623459389504e-24
0
0
DERIV 33
2.7982932745350163740e-8
-7.796367266117494601e-25
0
0
DERIV 34
-1.9920536471950546627e-8
-1.3268655402100624153e-24
0
0
DERIV 35
1.4219786544383311191e-8
3.261436942860595491e-25
0
0
AT 21/16
0.4865535987313697186
-1.7940875747325102568e-17
0
0
DERIV 1
-0.3097840749849300468
-7.175455529496890745e-18
0
0
DERIV 2
0.09701340298056154721
6.414663134445575440e-18
0
0
DERIV 3
-0.014349417365578806538
-3.949140976193217841e-19
0
0
DERIV 4
-0.003868154210184078859
1.6201819166794231539e-20
0
0
DERIV 5
0.004709343731680696449
2.778168557280956065e-19
0
0
DERIV 6
-0.002998738351124314010
1.0757562259294187247e-19
0
0
DERIV 7
0.0016752212173319382116
6.844060250852404650e-20
0
0
DERIV 8
-0.0009113298597347636344
4.222135505953609429e-20
0
0
DERIV 9
0.0004995854756499094147
2.5304727544640025198e-20
0
0
DERIV 10
-0.0002791318655934708231
2.1996186291710707038e-20
0
0
DERIV 11
0.00015938083719835353892
-2.6387767876535885135e-21
0
0
DERIV 12
-9.294342779081790054e-5
5.000979774211010802e-21
0
0
DERIV 13
5.525835238216265282e-5
-3.2830446937466578925e-21
0
0
DERIV 14
-3.342763435278302693e-5
2.2428261689806812561e-21
0
0
DERIV 15
2.0535699472127363631e-5
-1.2133391344136145389e-21
0
0
DERIV 16
-1.2789728978486299829e-5
4.515713425940872340e-23
0
0
DERIV 17
8.063182521639624816e-6
-4.589364250500213399e-22
0
0
DERIV 18
-5.138995763445093191e-6
-2.0981256989353726977e-22
0
0
DERIV 19
3.307407291180819261e-6
-3.907545372918005303e-23
0
0
DERIV 20
-2.147397957632775195e-6
-9.612958498944597002e-23
0
0
DERIV 21
1.4053589108969123311e-6
-3.657704131162714372e-23
0
0
DERIV 22
-9.263905002145285503e-7
3.213835736715424316e-23
0
0
DERIV 23
6.146894032444556264e-7
-1.4469134094351879755e-23
0
0
DERIV 24
-4.103259718926666803e-7
-4.982542925297808627e-24
0
0
DERIV 25
2.754227525845700388e-7
3.406826190200078493e-24
0
0
DERIV 26
-1.8581414377645402092e-7
-1.0844020036151733323e-23
0
0
DERIV 27
1.2594985369233959373e-7
-4.096823310520471799e-24
0
0
DERIV 28
-8.574454869781441470e-8
6.072035959149487734e-24
0
0
DERIV 29
5.860991045996714469e-8
-6.955660111964180695e-25
0
0
DERIV 30
-4.021338770289256160e-8
-2.1533037601510630256e-24
0
0
DERIV 31
2.7688318844359990826e-8
6.792800347013565231e-25
0
0
DERIV 32
-1.9127159942890022328e-8
-9.968089072085150649e-25
0
0
DERIV 33
1.3253883378331987297e-8
-2.525316214989596710e-25
0
0
DERIV 34
-9.210715623519556462e-9
-9.873665261477030716e-26
0
0
DERIV 35
6.418404891300931922e-9
3.661906664607716156e-25
0
0
AT 43/32
0.4769671445786185515
-6.975666570108086218e-18
0
0
DERIV 1
-0.3037632268637287525
-1.5955882540767795442e-17
0
0
DERIV 2
0.09564687544200213554
6.629667465047583123e-18
0
0
DERIV 3
-0.014788722807883713725
-5.659520308536904955e-19
0
0
DERIV 4
-0.003174515769065017114
-2.0334822440794435340e-19
0
0
DERIV 5
0.004179935966812058437
-7.750913848495436098e-20
0
0
DERIV 6
-0.002655975995062264013
-1.2920770179805078207e-19
0
0
DERIV 7
0.0014639781433041488233
-5.726635954313528990e-20
0
0
DERIV 8
-0.0007823272814525514566
-2.2918563728817573952e-20
0
0
DERIV 9
0.0004203290286151840547
-3.698466880230415731e-21
0
0
DERIV 10
-0.00022988306486859910694
-9.949188531570965746e-22
0
0
DERIV 11
0.00012839001274154000993
-5.556542391122641589e-21
0
0
DERIV 12
-7.320098978687767960e-5
2.2343140162353242219e-21
0
0
DERIV 13
4.253796737475640678e-5
-5.305944495358026367e-22
0
0
DERIV 14
-2.5146918507832244664e-5
1.6781710379306991385e-21
0
0
DERIV 15
1.5095053478698769697e-5
-3.976484286276662222e-22
0
0
DERIV 16
-9.185326528482828739e-6
7.445540111458533970e-22
0
0
DERIV 17
5.657448815861197855e-6
-6.872877719675165751e-23
0
0
DERIV 18
-3.522518451568150167e-6
1.7806920771387727291e-22
0
0
DERIV 19
2.214667560447322554e-6
-8.670599797631720784e-23
0
0
DERIV 20
-1.4046487984631148954e-6
5.960910910073377901e-23
0
0
DERIV 21
8.979825092428234817e-7
1.2032304786250076262e-23
0
0
DERIV 22
-5.782199485344287367e-7
2.4630337355620614091e-23
0
0
DERIV 23
3.747722379404986673e-7
1.3033583996123941613e-23
0
0
DERIV 24
-2.443705317550671169e-7
1.7430452643502060653e-23
0
0
DERIV 25
1.6022270074173792600e-7
7.253736828898162035e-24
0
0
DERIV 26
-1.0558551080702993624e-7
3.723159825228798842e-24
0
0
DERIV 27
6.990721149521215105e-8
2.0275470979758693725e-24
0
0
DERIV 28
-4.648656208828534144e-8
-2.4090819736322051253e-24
0
0
DERIV 29
3.103750075037760983e-8
2.0989665573522860389e-24
0
0
DERIV 30
-2.0800777484790807749e-8
-6.720083068101084284e-25
0
0
DERIV 31
1.3989345177250979300e-8
7.261977075411602957e-25
0
0
DERIV 32
-9.439348779911279941e-9
-9.064209604031398369e-26
0
0
DERIV 33
6.388875728129303510e-9
-6.053826553164346196e-26
0
0
DERIV 34
-4.336741706820654828e-9
-1.4119047155731147906e-26
0
0
DERIV 35
2.951789771698318231e-9
5.260865371736888588e-26
0
0
AT 11/8
0.4675674946696081746
-1.9895143741121649762e-18
0
0
DERIV 1
-0.2978289915331591708
-1.1797062876429316214e-17
0
0
DERIV 2
0.09424307051787088330
-5.284632813594808212e-19
0
0
DERIV 3
-0.015146291078947812792
-2.554601422300012990e-19
0
0
DERIV 4
-0.002558793666623219477
-2.0328286067735066020e-19
0
0
DERIV 5
0.003710675307025804604
-1.9961749708438926614e-19
0
0
DERIV 6
-0.002356089366428597114
-1.6116502272339048013e-19
0
0
DERIV 7
0.0012823704021318552831
1.4338729066843209210e-20
0
0
DERIV 8
-0.0006735985220985953384
3.511429429369608864e-20
0
0
DERIV 9
0.0003549226297899364300
-1.3530616822710697073e-22
0
0
DERIV 10
-0.00019011847842775905066
-4.157597762978509584e-21
0
0
DERIV 11
0.00010391901291099638798
-1.1103730451733100325e-21
0
0
DERIV 12
-5.796003146017183002e-5
1.2821502091345835666e-21
0
0
DERIV 13
3.293904181886568962e-5
-6.266489695521338324e-22
0
0
DERIV 14
-1.9039674447878898495e-5
9.769494349528753203e-22
0
0
DERIV 15
1.1173631204192232598e-5
-1.4677946355573226020e-22
0
0
DERIV 16
-6.646612855954900652e-6
1.7833228936895984625e-22
0
0
DERIV 17
4.001701157981158088e-6
-6.230123375506385633e-23
0
0
DERIV 18
-2.435426568006674866e-6
-1.7351303985272047770e-22
0
0
DERIV 19
1.4966238478103422288e-6
-8.598595521935501801e-23
0
0
DERIV 20
-9.277745369897042045e-7
2.2005786789862183239e-23
0
0
DERIV 21
5.797009300033092732e-7
1.5592516297735176716e-24
0
0
DERIV 22
-3.648239865958155355e-7
-1.6940845985199075313e-23
0
0
DERIV 23
2.3110329672838140903e-7
7.195230054113093212e-24
0
0
DERIV 24
-1.4727576948761927579e-7
7.831679344776113840e-24
0
0
DERIV 25
9.437271040587546496e-8
-5.193875082866360350e-24
0
0
DERIV 26
-6.078038709039603764e-8
-9.787816224650390245e-25
0
0
DERIV 27
3.932921168849420618e-8
5.864075888022991984e-25
0
0
DERIV 28
-2.5559515066605866202e-8
-9.371168444194939658e-25
0
0
DERIV 29
1.6677923389787907004e-8
6.306964135560287753e-25
0
0
DERIV 30
-1.0923536408637210049e-8
-4.223434735954399643e-25
0
0
DERIV 31
7.179731068792246399e-9
2.911649436284276587e-25
0
0
DERIV 32
-4.734550454945518176e-9
4.119169074244249791e-25
0
0
DERIV 33
3.131742630350783841e-9
9.882036126821376355e-26
0
0
DERIV 34
-2.077539082778671193e-9
-1.0648570495785834666e-25
0
0
DERIV 35
1.3819563229058482668e-9
7.029008136713189705e-26
0
0
AT 45/32
0.4583519083728016530
-2.1408033177708027029e-17
0
0
DERIV 1
-0.2919834685973969335
1.4627456331391120207e-17
0
0
DERIV 2
0.09280921228705493742
-1.9377290342962757804e-18
0
0
DERIV 3
-0.015431299559898220553
-8.700017130829112924e-20
0
0
DERIV 4
-0.002012187629362028989
-1.3015638520758976589e-19
0
0
DERIV 5
0.003294097257378620757
-1.6464856863282093982e-19
0
0
DERIV 6
-0.002093116407496563736
2.3834808799930116011e-20
0
0
DERIV 7
0.0011257836730103993553
-8.572685390754042284e-20
0
0
DERIV 8
-0.0005816342235358052445
-5.371807411305642789e-20
0
0
DERIV 9
0.0003007244312825604893
6.205085524468260149e-21
0
0
DERIV 10
-0.00015786175324010147543
5.346806103262336888e-21
0
0
DERIV 11
8.449525358019436899e-5
5.761292186367913741e-21
0
0
DERIV 12
-4.612623507966078700e-5
8.643209377837105189e-22
0
0
DERIV 13
2.5649825131501087158e-5
3.450020452431766933e-22
0
0
DERIV 14
-1.4504511805540826455e-5
-5.080488172382225851e-22
0
0
DERIV 15
8.326283964917033519e-6
8.084087578931793388e-23
0
0
DERIV 16
-4.844297699364880358e-6
6.520890466896940681e-24
0
0
DERIV 17
2.852463686052785390e-6
1.4609306885747847905e-23
0
0
DERIV 18
-1.6977532299449092248e-6
-7.320977321075958414e-23
0
0
DERIV 19
1.0202826211122849702e-6
-8.832139190064160143e-23
0
0
DERIV 20
-6.185097172288595972e-7
1.4353872898460939784e-24
0
0
DERIV 21
3.779157146447974805e-7
1.0317957729005317786e-23
0
0
DERIV 22
-2.3257006629495629962e-7
-3.667781181207468843e-24
0
0
DERIV 23
1.4406223037718689193e-7
-1.3130163471592868046e-23
0
0
DERIV 24
-8.977265483788673327e-8
-3.614293340396032290e-24
0
0
DERIV 25
5.625019818678546985e-8
-3.0684040288161952048e-24
0
0
DERIV 26
-3.542441761411340942e-8
-2.3866879246633387547e-24
0
0
DERIV 27
2.2413693879470814602e-8
1.6541060048259276974e-24
0
0
DERIV 28
-1.4243197025474762871e-8
7.447896037642674061e-25
0
0
DERIV 29
9.087650432801955828e-9
-5.818309356600360085e-25
0
0
DERIV 30
-5.820040921287639446e-9
-2.160291298097938853e-25
0
0
DERIV 31
3.740440063268044415e-9
1.2581291396255212746e-25
0
0
DERIV 32
-2.411814022126957930e-9
-4.956561955409307194e-26
0
0
DERIV 33
1.5599139216788690686e-9
-6.412887159661975098e-26
0
0
DERIV 34
-1.0118412246407687676e-9
-7.416170953351042546e-27
0
0
DERIV 35
6.581203029104479002e-10
-3.605169891216458884e-26
0
0
AT 23/16
0.4493175862269001564
-2.6883921492364791139e-17
0
0
DERIV 1
-0.2862283320028504718
1.2455701867196779316e-17
0
0
DERIV 2
0.09135171381756911069
3.1563036494048383249e-18
0
0
DERIV 3
-0.015651895002544841812
1.0691376859935991793e-18
0
0
DERIV 4
-0.0015269810801886365016
6.573377523946512158e-20
0
0
DERIV 5
0.002923766273344505402
9.290740267028425393e-20
0
0
DERIV 6
-0.0018620148800844091557
-7.330550142984308449e-20
0
0
DERIV 7
0.0009903948959746804257
1.0362647879391986771e-19
0
0
DERIV 8
-0.0005035881238853994607
2.0862708495181941267e-21
0
0
DERIV 9
0.0002556379291503897309
5.359871096076497095e-22
0
0
DERIV 10
-0.00013157875326228713289
7.022102260649330121e-21
0
0
DERIV 11
6.900082842999560656e-5
-1.0529798108207963470e-21
0
0
DERIV 12
-3.688726425829671709e-5
-3.0360657299189299857e-21
0
0
DERIV 13
2.0081147580027364365e-5
1.0701251348596972979e-21
0
0
DERIV 14
-1.1114685140430601435e-5
7.483901636693116228e-22
0
0
DERIV 15
6.244203549085002647e-6
3.323016692165070562e-22
0
0
DERIV 16
-3.555067112342220987e-6
1.9247226024890969633e-22
0
0
DERIV 17
2.048325956332791695e-6
9.741888885631515265e-23
0
0
DERIV 18
-1.1928724666062359979e-6
-3.927317236771424995e-23
0
0
DERIV 19
7.013976825229688648e-7
-2.2677972012508636138e-23
0
0
DERIV 20
-4.160087085543499264e-7
-2.5133821843064508758e-23
0
0
DERIV 21
2.486871316833202795e-7
1.1801741800588288610e-23
0
0
DERIV 22
-1.4972939728480322259e-7
-5.756902440695997929e-24
0
0
DERIV 23
9.073863443583346945e-8
-2.5133723790849283330e-24
0
0
DERIV 24
-5.531846512583119662e-8
8.644692075545296734e-25
0
0
DERIV 25
3.391017675490761278e-8
-9.835945385853803528e-25
0
0
DERIV 26
-2.0892256703034029175e-8
1.2738657565941435751e-24
0
0
DERIV 27
1.2932126816843333187e-8
8.239928213366694440e-25
0
0
DERIV 28
-8.039620952725183222e-9
-5.040248957380420779e-25
0
0
DERIV 29
5.018215672737357794e-9
3.427044274471598369e-25
0
0
DERIV 30
-3.144066340985699553e-9
-1.8354074831714855233e-25
0
0
DERIV 31
1.976764306704970361e-9
-7.043681829202962378e-26
0
0
DERIV 32
-1.2469277937445877307e-9
4.703311693110440586e-26
0
0
DERIV 33
7.889733941062142283e-10
1.0944426797244729179e-26
0
0
DERIV 34
-5.006536669536841945e-10
-1.3573932810692335373e-26
0
0
DERIV 35
3.185611555323229430e-10
8.806348836265249342e-27
0
0
AT 47/32
0.4404616824810940745
2.7683679716656552388e-17
0
0
DERIV 1
-0.2805648778344590477
-1.6211116289771299729e-18
0
0
DERIV 2
0.08987626773960184778
4.781516812173993905e-18
0
0
DERIV 3
-0.015815319479154533316
2.461621875992920474e-19
0
0
DERIV 4
-0.0010963930359745718227
-2.1370662350669374750e-20
0
0
DERIV 5
0.002594118450813248135
-1.5006669463101329685e-20
0
0
DERIV 6
-0.0016585060947206656853
-7.529099973744333546e-20
0
0
DERIV 7
0.0008730241559406662182
-7.858353881803590289e-21
0
0
DERIV 8
-0.0004371414520016667755
1.8000952251950118497e-20
0
0
DERIV 9
0.00021799106943805297105
-9.185721248087652253e-21
0
0
DERIV 10
-0.00011007202609454160643
4.027315053206991393e-21
0
0
DERIV 11
5.658194489801985987e-5
-1.7950636119043495643e-22
0
0
DERIV 12
-2.9636137365862383526e-5
1.4268936562600711101e-21
0
0
DERIV 13
1.5802353478165885164e-5
1.5390296708248308692e-22
0
0
DERIV 14
-8.565069635702128928e-6
-7.046084367103603275e-23
0
0
DERIV 15
4.711420283689583392e-6
2.213610688997533458e-22
0
0
DERIV 16
-2.626165630899738719e-6
1.3208941019100403674e-22
0
0
DERIV 17
1.4813001049565598822e-6
-1.4711194777396481033e-23
0
0
DERIV 18
-8.444729258784803822e-7
6.851119132294336620e-24
0
0
DERIV 19
4.860571005045099905e-7
4.372426345990561260e-23
0
0
DERIV 20
-2.821915640341103575e-7
-1.7230943463695031445e-23
0
0
DERIV 21
1.6512154726218842025e-7
-1.1495220645714409901e-23
0
0
DERIV 22
-9.731025348274586831e-8
3.858768437119130571e-24
0
0
DERIV 23
5.772164087397615544e-8
2.0198467946908741562e-24
0
0
DERIV 24
-3.444343410593783383e-8
8.482006273873174630e-26
0
0
DERIV 25
2.0665797856732115768e-8
5.868048802403328997e-25
0
0
DERIV 26
-1.2462061675820389867e-8
4.764510497054598030e-25
0
0
DERIV 27
7.550124304981001758e-9
-7.463668770158607891e-25
0
0
DERIV 28
-4.594063155645577087e-9
-2.208776443148113455e-25
0
0
DERIV 29
2.806635101416633061e-9
-1.6610739269376401748e-25
0
0
DERIV 30
-1.7210832249521573315e-9
-1.0243720819649565644e-25
0
0
DERIV 31
1.0591004282594219934e-9
4.306166839289874829e-26
0
0
DERIV 32
-6.538744756750619085e-10
-8.864128181420009983e-27
0
0
DERIV 33
4.049348691886848647e-10
3.903122758266415880e-27
0
0
DERIV 34
-2.514948000276089695e-10
1.8311150778791813164e-26
0
0
DERIV 35
1.5662186412730342052e-10
4.246845462022423558e-27
0
0
AT 3/2
0.4317813162264232396
-1.6725453110899263914e-17
0
0
DERIV 1
-0.2749940668028129087
1.0179265158293767139e-17
0
0
DERIV 2
0.08838792583269655667
6.739904909583986009e-18
0
0
DERIV 3
-0.015928019264997369392
-3.211741476584098348e-19
0
0
DERIV 4
-0.0007144524452668101541
-3.439590392627762030e-20
0
0
DERIV 5
0.002300330697312157405
1.7761047680859231795e-19
0
0
DERIV 6
-0.0014789476221693535676
6.365290485373335868e-20
0
0
DERIV 7
0.0007710165776341923417
1.5079206960991677809e-20
0
0
DERIV 8
-0.0003803971078476750555
-7.837189961602780718e-21
0
0
DERIV 9
0.00018644394285286054118
1.3166334193789229743e-20
0
0
DERIV 10
-9.240197440890687256e-5
1.5884217829299273295e-22
0
0
DERIV 11
4.658275169594942525e-5
-2.2305888349650549735e-21
0
0
DERIV 12
-2.3916463441475373838e-5
1.8340161601446078329e-22
0
0
DERIV 13
1.2496517586052132939e-5
7.534288281236938993e-22
0
0
DERIV 14
-6.635910885673711221e-6
5.806494301132015934e-23
0
0
DERIV 15
3.575717463286004752e-6
1.8718522510650362178e-22
0
0
DERIV 16
-1.952237742274124880e-6
-8.878865018176617747e-23
0
0
DERIV 17
1.0785055665666095578e-6
-7.851709948562797710e-23
0
0
DERIV 18
-6.021592790099133744e-7
3.263346685003511813e-23
0
0
DERIV 19
3.394238946316524221e-7
6.133353632704859233e-24
0
0
DERIV 20
-1.9298152112836467672e-7
1.1055538215838773799e-23
0
0
DERIV 21
1.1058137893150788463e-7
-4.243754462371165117e-24
0
0
DERIV 22
-6.381686955203857892e-8
-2.3186450675647443751e-24
0
0
DERIV 23
3.706874442442713700e-8
-6.105973276246673521e-25
0
0
DERIV 24
-2.1660219307755200886e-8
-2.578938967574498953e-25
0
0
DERIV 25
1.2725990446290558540e-8
-1.6869595610695796040e-25
0
0
DERIV 26
-7.514651922589334400e-9
-2.280087579693701691e-25
0
0
DERIV 27
4.458099468227426453e-9
1.0006759221489346303e-25
0
0
DERIV 28
-2.656237341423784279e-9
1.1560211496847569598e-25
0
0
DERIV 29
1.5890153428676729347e-9
1.1518011513947221978e-26
0
0
DERIV 30
-9.541452497083299059e-10
-6.247633648245690386e-26
0
0
DERIV 31
5.749350127291021920e-10
-3.869927935733873438e-27
0
0
DERIV 32
-3.475711395214799258e-10
1.6796401633480041549e-26
0
0
DERIV 33
2.1076626330384805482e-10
-1.2181979551429918622e-26
0
0
DERIV 34
-1.2817713476255803537e-10
4.655313457553547666e-27
0
0
DERIV 35
7.816255016871108888e-11
4.983641377019837315e-28
0
0
AT 49/32
0.4232735812739290004
-1.2789777653884927692e-17
0
0
DERIV 1
-0.2695165620613285684
-5.424515445349046965e-18
0
0
DERIV 2
0.08689116910332060628
-1.1465669096484046480e-18
0
0
DERIV 3
-0.015995739216813381622
1.7344549371804632244e-18
0
0
DERIV 4
-0.0003758912228356267918
-1.5922408351210430947e-20
0
0
DERIV 5
0.002038211518057322143
-1.2801153856984473718e-19
0
0
DERIV 6
-0.0013202291686356894176
-8.261203992130440389e-20
0
0
DERIV 7
0.0006821476993948204053
6.672957879670964529e-21
0
0
DERIV 8
-0.0003317966485713425527
-2.6589072221501984818e-20
0
0
DERIV 9
0.00015991789835926759848
5.433564344717070226e-21
0
0
DERIV 10
-7.782760315901800978e-5
-2.0193993174091374911e-21
0
0
DERIV 11
3.849665924427507415e-5
2.1865774941540989118e-21
0
0
DERIV 12
-1.9383016805092040760e-5
-3.016362601583768641e-22
0
0
DERIV 13
9.928896186369267677e-6
7.017518543176886150e-22
0
0
DERIV 14
-5.167836320897517305e-6
-1.5448888496407935420e-22
0
0
DERIV 15
2.729013215344971339e-6
1.4669882664740477323e-22
0
0
DERIV 16
-1.4600442424376227209e-6
5.044454470642224966e-23
0
0
DERIV 17
7.903426402600758180e-7
2.0932813513318773877e-23
0
0
DERIV 18
-4.323557094839978954e-7
4.972308329251055746e-24
0
0
DERIV 19
2.387766237333634057e-7
1.7374329459788206373e-23
0
0
DERIV 20
-1.3300609074663363130e-7
-2.3296878469145161460e-24
0
0
DERIV 21
7.466790580600255563e-8
-5.277273742318492280e-24
0
0
DERIV 22
-4.221585102231837959e-8
-1.3762909840066644709e-24
0
0
DERIV 23
2.4023127518761603154e-8
-4.840668395803432106e-25
0
0
DERIV 24
-1.3751843130225820751e-8
8.270831250633288220e-25
0
0
DERIV 25
7.915197705550833774e-9
-2.763996815537666650e-25
0
0
DERIV 26
-4.578757339858618037e-9
1.9534698053788263311e-25
0
0
DERIV 27
2.661056884710531030e-9
6.712821172202386712e-26
0
0
DERIV 28
-1.5532253143438761373e-9
-4.972234062752040235e-26
0
0
DERIV 29
9.102417772683135967e-10
2.658369371001466087e-26
0
0
DERIV 30
-5.354297293459764319e-10
-3.859666759517026768e-26
0
0
DERIV 31
3.160563640997328433e-10
2.2694550185628976688e-26
0
0
DERIV 32
-1.8717419425477229030e-10
-3.861608853011461818e-27
0
0
DERIV 33
1.1118820185440242344e-10
-6.287259608436304351e-27
0
0
DERIV 34
-6.624033615248103520e-11
1.8644720609215977276e-27
0
0
DERIV 35
3.956982974198282241e-11
4.208369788087522796e-28
0
0
AT 25/16
0.4149355549166743318
1.1619150395799847650e-17
0
0
DERIV 1
-0.2641327629075211902
-5.709005796244967119e-19
0
0
DERIV 2
0.08538996960930662905
-6.585705208508303263e-19
0
0
DERIV 3
-0.016023604786612806461
1.2372920627312120104e-18
0
0
DERIV 4
-7.605291942135408343e-5
5.786866681732258797e-21
0
0
DERIV 5
0.0018041095186040144709
9.250412944238953716e-20
0
0
DERIV 6
-0.0011796870510270437114
-5.438835652447893837e-20
0
0
DERIV 7
0.0006045473109131516533
3.299456380249213992e-20
0
0
DERIV 8
-0.0002900548351539837684
-1.3987418959792134710e-20
0
0
DERIV 9
0.00013754080323384568923
-5.469160069007106979e-21
0
0
DERIV 10
-6.576171245413550551e-5
-4.833298271630258185e-21
0
0
DERIV 11
3.193029539311058058e-5
-4.551034270187946360e-22
0
0
DERIV 12
-1.5773155668258448110e-5
1.4513065515723737456e-21
0
0
DERIV 13
7.924535547110909210e-6
6.095415046653948541e-22
0
0
DERIV 14
-4.044492690968711286e-6
-2.195700519656290556e-22
0
0
DERIV 15
2.094016547435874447e-6
-8.997145988187789308e-23
0
0
DERIV 16
-1.0982857972291702398e-6
8.853057017223041389e-23
0
0
DERIV 17
5.827842781414418911e-7
-4.556085804897493100e-23
0
0
DERIV 18
-3.125023359732801630e-7
2.3579133148128255781e-23
0
0
DERIV 19
1.6916322322128773372e-7
1.7645464949792814483e-24
0
0
DERIV 20
-9.235795267094059125e-8
-2.3085945388668880291e-24
0
0
DERIV 21
5.081768783844445832e-8
2.6359648589708728781e-24
0
0
DERIV 22
-2.8159593735212946215e-8
8.532827600104903123e-26
0
0
DERIV 23
1.5705207832824479590e-8
-1.1113872772231290736e-24
0
0
DERIV 24
-8.811158546073369035e-9
-2.609421839653289121e-25
0
0
DERIV 25
4.970355727468899695e-9
2.463803993386652450e-25
0
0
DERIV 26
-2.817885404192499027e-9
3.822337595898901388e-26
0
0
DERIV 27
1.6050067060269816711e-9
-2.835386389806845591e-26
0
0
DERIV 28
-9.181246055964138370e-10
-7.920454338188266297e-27
0
0
DERIV 29
5.273103237784031403e-10
-2.9747268969199760581e-27
0
0
DERIV 30
-3.039852564946326063e-10
1.0741966656731131533e-26
0
0
DERIV 31
1.7585452766772324952e-10
-7.489225087499427151e-27
0
0
DERIV 32
-1.0206400918315115342e-10
-3.368188854600494461e-27
0
0
DERIV 33
5.941852075407826616e-11
-5.765974329796880386e-27
0
0
DERIV 34
-3.469134390167035121e-11
-2.5149423869521643673e-27
0
0
DERIV 35
2.0309412606556772212e-11
1.6107187799757179819e-27
0
0
AT 51/32
0.4067643056965555837
-5.502103671646706711e-18
0
0
DERIV 1
-0.2588428348497965881
-8.255947592064899446e-18
0
0
DERIV 2
0.08388784510389299398
6.597276500686287659e-18
0
0
DERIV 3
-0.016016193462960428423
-1.5453187617249619959e-18
0
0
DERIV 4
0.00018918548768406809519
-7.225557142385045470e-21
0
0
DERIV 5
0.0015948364870669428511
-3.093708689485900681e-20
0
0
DERIV 6
-0.0010550336747925091220
-4.802300758029618469e-20
0
0
DERIV 7
0.0005366378832403163532
-4.135020984386727120e-20
0
0
DERIV 8
-0.0002541077744229042743
-1.9513648148840587600e-20
0
0
DERIV 9
0.00011860454697541436163
6.478129635916937050e-21
0
0
DERIV 10
-5.573681847598010259e-5
2.3536215211054873316e-21
0
0
DERIV 11
2.6576650298641935701e-5
1.2557198248941029695e-21
0
0
DERIV 12
-1.2885963300315386173e-5
-7.354542168810362261e-22
0
0
DERIV 13
6.352266006266978724e-6
-3.651047710450566138e-22
0
0
DERIV 14
-3.180390394825887364e-6
1.9663107324602336736e-23
0
0
DERIV 15
1.6150777077884336470e-6
7.236301475904732711e-23
0
0
DERIV 16
-8.307692539606904856e-7
-4.274573092231684214e-24
0
0
DERIV 17
4.323068606105446070e-7
-9.580495688632478303e-24
0
0
DERIV 18
-2.2731752832811380891e-7
8.561219157339347652e-24
0
0
DERIV 19
1.2065991532110466393e-7
4.819262747749021088e-24
0
0
DERIV 20
-6.459442495744188411e-8
-6.352481834932420917e-24
0
0
DERIV 21
3.484886470019723770e-8
2.8365280733429059605e-24
0
0
DERIV 22
-1.8934100741806505571e-8
1.3293803036028036738e-24
0
0
DERIV 23
1.0353800993957145223e-8
5.663884004447297910e-25
0
0
DERIV 24
-5.695364404342701756e-9
-1.1671867447835389784e-25
0
0
DERIV 25
3.149951676153238647e-9
2.3951250127158626639e-26
0
0
DERIV 26
-1.7509106560871999033e-9
-5.080960232839898991e-26
0
0
DERIV 27
9.777744513279998001e-10
-1.4451494472588027576e-26
0
0
DERIV 28
-5.483805772716139445e-10
-4.900692482565813923e-26
0
0
DERIV 29
3.087899387078002301e-10
1.6043074916627973985e-26
0
0
DERIV 30
-1.7452753941724520215e-10
1.0994190119087915705e-26
0
0
DERIV 31
9.898696118781462388e-11
-4.274060725627389255e-27
0
0
DERIV 32
-5.632597102068831858e-11
-1.1450665876520513021e-27
0
0
DERIV 33
3.214906461996018137e-11
1.5479976394293363752e-27
0
0
DERIV 34
-1.8402509145653626348e-11
8.079562527013701865e-28
0
0
DERIV 35
1.0562380094370327629e-11
-6.354669129819896053e-28
0
0
AT 13/8
0.3987569002827824338
-1.4252397944419301884e-17
0
0
DERIV 1
-0.2536467364590991869
2.0925919808100857999e-17
0
0
DERIV 2
0.08238790741790029404
1.6023815562676208742e-18
0
0
DERIV 3
-0.015977597146161270220
9.462629766405745086e-19
0
0
DERIV 4
0.0004234807562368039227
2.4824715148802582238e-20
0
0
DERIV 5
0.0014076025203426400546
-1.0451298151310782007e-19
0
0
DERIV 6
-0.0009442991646712870293
-4.360435452488756980e-20
0
0
DERIV 7
0.0004770845861087633717
1.3642880951966813029e-20
0
0
DERIV 8
-0.00022307164143436385476
3.649362161412077176e-21
0
0
DERIV 9
0.00010253188232894947082
5.007890512743773687e-21
0
0
DERIV 10
-4.737909029381125463e-5
6.360873521697784929e-22
0
0
DERIV 11
2.2194948115447413851e-5
9.582531964474108942e-22
0
0
DERIV 12
-1.0566927417707200758e-5
-1.6394578619871884741e-22
0
0
DERIV 13
5.113182136771661431e-6
-2.722994257190133011e-22
0
0
DERIV 14
-2.512331052837614420e-6
6.802721392825681167e-23
0
0
DERIV 15
1.2518659342505829648e-6
-9.779985633835352660e-23
0
0
DERIV 16
-6.317811443198034607e-7
3.937029257827078012e-23
0
0
DERIV 17
3.225277390792084009e-7
1.8466099096591931748e-23
0
0
DERIV 18
-1.6636891431841705376e-7
-9.361129872937544282e-24
0
0
DERIV 19
8.662600140010547682e-8
5.509606914016300581e-24
0
0
DERIV 20
-4.548961566322887432e-8
1.0343409017432708862e-24
0
0
DERIV 21
2.4072818690851223614e-8
-8.598101234167521072e-25
0
0
DERIV 22
-1.2829078779729699774e-8
-1.5877055702554461320e-25
0
0
DERIV 23
6.881073597632887857e-9
3.901160910130367355e-25
0
0
DERIV 24
-3.712598154127564679e-9
1.6031653946817930609e-26
0
0
DERIV 25
2.013983041567497340e-9
1.9192609351102783921e-25
0
0
DERIV 26
-1.0980133996519388013e-9
-1.4864773008570699129e-26
0
0
DERIV 27
6.014104216524838394e-10
7.289943287802832794e-27
0
0
DERIV 28
-3.308265187935567573e-10
5.256233955536482635e-27
0
0
DERIV 29
1.8271119555283016804e-10
2.840457406369398023e-28
0
0
DERIV 30
-1.0128563673792867212e-10
9.798286740759029693e-28
0
0
DERIV 31
5.634328311588570759e-11
-1.9097206338101625100e-27
0
0
DERIV 32
-3.144500817241387482e-11
-3.0782691480688159896e-27
0
0
DERIV 33
1.7603094708372814810e-11
1.5695769308076117573e-27
0
0
DERIV 34
-9.882670928400401026e-12
3.794214251234067309e-28
0
0
DERIV 35
5.563329377596914072e-12
-1.8142316380760598971e-28
0
0
AT 53/32
0.3909104095566509618
2.7012589322461447159e-17
0
0
DERIV 1
-0.24854424337151415081
-5.834675750929297542e-18
0
0
DERIV 2
0.08089290536876596327
-5.183137627036524651e-18
0
0
DERIV 3
-0.015911476727755481664
-8.070031237507623323e-19
0
0
DERIV 4
0.0006300812083801292330
2.798379064069173968e-20
0
0
DERIV 5
0.0012399611362768606006
-2.4309968347331523043e-20
0
0
DERIV 6
-0.0008457828805143602097
-2.3810087215409871509e-20
0
0
DERIV 7
0.0004247545483676898586
-9.916468683486942605e-21
0
0
DERIV 8
-0.00019620967700447237113
3.124793579611260967e-22
0
0
DERIV 9
8.885042543340380180e-5
-2.1845098281588747018e-21
0
0
DERIV 10
-4.038831121911530509e-5
2.685871336600454748e-22
0
0
DERIV 11
1.8595473991889097744e-5
-1.1018811563864380469e-21
0
0
DERIV 12
-8.696618036696101501e-6
-7.964721971264841816e-22
0
0
DERIV 13
4.132297083955868976e-6
-2.923126902817466367e-22
0
0
DERIV 14
-1.993319718173489918e-6
-1.3265127663122986844e-22
0
0
DERIV 15
9.749684466235389388e-7
1.7656259860677503263e-23
0
0
DERIV 16
-4.829309076089541726e-7
-5.239876846783868806e-24
0
0
DERIV 17
2.419564491110951080e-7
2.1782068163392573844e-23
0
0
DERIV 18
-1.2248114084639600661e-7
9.176056438934426542e-24
0
0
DERIV 19
6.258258970597435684e-8
1.9405149449853817087e-24
0
0
DERIV 20
-3.224864367415302820e-8
-5.606963026401553668e-25
0
0
DERIV 21
1.6745917017940965031e-8
3.145516851829790968e-25
0
0
DERIV 22
-8.756922194548699715e-9
4.673661389221909530e-25
0
0
DERIV 23
4.608708456355843886e-9
-1.8897429439862233945e-25
0
0
DERIV 24
-2.439845446736120049e-9
-1.8236968381755173137e-25
0
0
DERIV 25
1.2986642391919609754e-9
5.488671109839936502e-26
0
0
DERIV 26
-6.947068536292256778e-10
2.735081375544870657e-26
0
0
DERIV 27
3.733486415219945415e-10
-1.2813080876596684694e-26
0
0
DERIV 28
-2.0150737568254275822e-10
-2.8959791939509829838e-27
0
0
DERIV 29
1.0919444236539229346e-10
2.9366507873865093400e-27
0
0
DERIV 30
-5.939174083068969116e-11
-3.0733663897644427349e-27
0
0
DERIV 31
3.241615565082189299e-11
-1.8384621266907174790e-27
0
0
DERIV 32
-1.7750509226177881785e-11
-5.749102967312965571e-29
0
0
DERIV 33
9.749596544425759104e-12
4.738201605665988408e-28
0
0
DERIV 34
-5.370434142349211978e-12
1.1604238187461609985e-28
0
0
DERIV 35
2.9662403503659384535e-12
4.068742174664708204e-29
0
0
AT 27/16
0.3832219139865267188
-8.721267838434780226e-18
0
0
DERIV 1
-0.24353496976215033287
7.257011884633517143e-18
0
0
DERIV 2
0.07940526287551356865
5.366245678688552277e-18
0
0
DERIV 3
-0.015821109949074225326
1.5321757143919869260e-18
0
0
DERIV 4
0.0008118766525717995529
4.576963453774655668e-20
0
0
DERIV 5
0.0010897626945567632107
-5.289315573049162157e-20
0
0
DERIV 6
-0.0007580130053110608170
-6.657448082535316544e-21
0
0
DERIV 7
0.0003786835238415057559
1.0193046014341933033e-21
0
0
DERIV 8
-0.00017290568845516760205
-8.861271833624367115e-21
0
0
DERIV 9
7.717217375827474892e-5
2.0928273908244571404e-21
0
0
DERIV 10
-3.452239353399412123e-5
5.106372580882082504e-22
0
0
DERIV 11
1.5628073448894102312e-5
-3.573379071191650198e-23
0
0
DERIV 12
-7.182270766583396355e-6
3.953665729971126501e-22
0
0
DERIV 13
3.352458259889721265e-6
1.8511321563923516278e-22
0
0
DERIV 14
-1.5882125078732120296e-6
-3.241377274357728527e-23
0
0
DERIV 15
7.628050032784036010e-7
-4.820150888505561429e-23
0
0
DERIV 16
-3.709807139253602507e-7
2.1403018368389871694e-23
0
0
DERIV 17
1.8247879808768361736e-7
-6.814899680503594652e-24
0
0
DERIV 18
-9.068342996082584144e-8
1.5640409992877082347e-24
0
0
DERIV 19
4.548588956043896126e-8
-2.3594491657505307245e-24
0
0
DERIV 20
-2.3008297283930812656e-8
-1.5568005719008216940e-24
0
0
DERIV 21
1.1727906246361933861e-8
-7.252642760534095881e-25
0
0
DERIV 22
-6.019946304312514126e-9
3.164161980127604424e-25
0
0
DERIV 23
3.109873934716103329e-9
-1.3553058129531030146e-25
0
0
DERIV 24
-1.6160042572857434663e-9
3.332350663976462946e-26
0
0
DERIV 25
8.442848001836474179e-10
3.166777765355192075e-26
0
0
DERIV 26
-4.433040233619519660e-10
1.1903393854407834742e-26
0
0
DERIV 27
2.338403295519098647e-10
9.705901276840873045e-27
0
0
DERIV 28
-1.2387903306307859026e-10
-8.299324343939270475e-27
0
0
DERIV 29
6.588811882923515210e-11
-4.646757908270900227e-27
0
0
DERIV 30
-3.517469806231772991e-11
5.919716732196705686e-29
0
0
DERIV 31
1.8843514212139940918e-11
1.4968516428613020145e-27
0
0
DERIV 32
-1.0127583330418457759e-11
-1.3732713506693954847e-28
0
0
DERIV 33
5.459778395528942853e-12
-5.217088938082738139e-29
0
0
DERIV 34
-2.9518211267401295964e-12
-1.7602765838450842296e-28
0
0
DERIV 35
1.6002148426559093209e-12
-1.4198434047722258421e-29
0
0
AT 55/32
0.3756885083675757797
-1.1463434827109634096e-17
0
0
DERIV 1
-0.23861838757116868304
-5.681252662664521542e-18
0
0
DERIV 2
0.07792711286583690888
5.806420607507563628e-18
0
0
DERIV 3
-0.015709433450833133056
8.066967571718961386e-19
0
0
DERIV 4
0.0009714415855884106325
-1.3865777858094247307e-20
0
0
DERIV 5
0.0009551147541749480411
4.344605938505809786e-21
0
0
DERIV 6
-0.0006797127500255491141
2.2240458400682576040e-20
0
0
DERIV 7
0.0003380485152079883322
1.5392558669530354253e-20
0
0
DERIV 8
-0.00015264268459414914421
2.2725945450123095466e-21
0
0
DERIV 9
6.717729808429478012e-5
1.4526229970097457978e-21
0
0
DERIV 10
-2.9585353284905289382e-5
1.0562070108964947372e-21
0
0
DERIV 11
1.3173389168093251167e-5
-4.647497505939698056e-22
0
0
DERIV 12
-5.951494407863126827e-6
9.905431189031132518e-23
0
0
DERIV 13
2.729884719350202863e-6
1.2007471455352380170e-22
0
0
DERIV 14
-1.2705848396597413796e-6
-4.884007783618888956e-23
0
0
DERIV 15
5.994499507203485440e-7
-1.5901888803886737283e-23
0
0
DERIV 16
-2.863427404599368208e-7
2.3943976794057973025e-23
0
0
DERIV 17
1.3832718956729157063e-7
4.689609650163054128e-24
0
0
DERIV 18
-6.750835262522413953e-8
6.260191931409360665e-24
0
0
DERIV 19
3.325226735609449198e-8
2.8754734297784495475e-24
0
0
DERIV 20
-1.6516924507130451419e-8
6.801825742393978859e-26
0
0
DERIV 21
8.267110841091997959e-9
-4.705223764429914159e-25
0
0
DERIV 22
-4.166825767741357435e-9
2.673622125277638041e-25
0
0
DERIV 23
2.113623670698322415e-9
1.2150466297015964238e-25
0
0
DERIV 24
-1.0784341640124727122e-9
-2.740597515614432946e-26
0
0
DERIV 25
5.532246758135846787e-10
3.885862304641430662e-26
0
0
DERIV 26
-2.852145655928573620e-10
-6.746057144036309076e-27
0
0
DERIV 27
1.4772145748617945288e-10
-9.665856621327421562e-27
0
0
DERIV 28
-7.683751960114836510e-11
-1.9373143705859112234e-27
0
0
DERIV 29
4.012653390470288418e-11
-1.4777625327818452483e-27
0
0
DERIV 30
-2.1033034045238262919e-11
-1.2278960524468521368e-27
0
0
DERIV 31
1.1063148429534784326e-11
7.976510899000103392e-28
0
0
DERIV 32
-5.838032130227445358e-12
3.245058766342716846e-28
0
0
DERIV 33
3.0901403709566686787e-12
-1.5226493283557959057e-29
0
0
DERIV 34
-1.6403429332747385455e-12
1.6556333156727103689e-29
0
0
DERIV 35
8.730987345080175108e-13
2.0933558569148273306e-29
0
0
AT 7/4
0.3683073059925523474
5.556816875105996647e-18
0
0
DERIV 1
-0.23379384372872016873
-4.702837364240829515e-18
0
0
DERIV 2
0.07646032748254023848
5.312972229206611295e-18
0
0
DERIV 3
-0.015579079789861833075
4.951992902899259030e-20
0
0
DERIV 4
0.0011110726675566788297
9.781551997083356476e-20
0
0
DERIV 5
0.0008343482407138447460
3.575523754166193175e-20
0
0
DERIV 6
-0.0006097720020162061740
-1.0618656347030294140e-20
0
0
DERIV 7
0.0003021452107396927606
-1.8889961230516913384e-20
0
0
DERIV 8
-0.00013498558206742885201
-1.2349812944772126765e-20
0
0
DERIV 9
5.860126106132318381e-5
7.123761269901001223e-22
0
0
DERIV 10
-2.5417928010020063615e-5
2.223096853277164177e-22
0
0
DERIV 11
1.1136149642274398297e-5
7.794807459163326717e-23
0
0
DERIV 12
-4.947540992498128326e-6
-2.851092636065333367e-22
0
0
DERIV 13
2.230874869138160707e-6
1.0168509653982615848e-23
0
0
DERIV 14
-1.0204639577370559110e-6
-6.274934371904837353e-23
0
0
DERIV 15
4.730847255061883574e-7
5.709433988948642298e-26
0
0
DERIV 16
-2.2203137659120400856e-7
6.714032497977975525e-24
0
0
DERIV 17
1.0537609034055785400e-7
-5.410184234060815965e-24
0
0
DERIV 18
-5.052101054082742937e-8
-1.5972415801129321698e-24
0
0
DERIV 19
2.4445333624799141434e-8
-9.337241137052709100e-25
0
0
DERIV 20
-1.1927486220732220947e-8
7.982628045340660317e-25
0
0
DERIV 21
5.864172702532057818e-9
-3.370940793794681135e-25
0
0
DERIV 22
-2.903235645718603989e-9
2.1705613635220690579e-26
0
0
DERIV 23
1.4465089765450289234e-9
-6.146695973370579635e-26
0
0
DERIV 24
-7.249325800068508270e-10
-4.771283796315452902e-26
0
0
DERIV 25
3.652675753201520602e-10
-1.3353683737815364926e-26
0
0
DERIV 26
-1.8496213171745750442e-10
-3.912117148365543516e-27
0
0
DERIV 27
9.409203717226302636e-11
5.694216789650269013e-27
0
0
DERIV 28
-4.807042444193039390e-11
-3.1305702453613797387e-27
0
0
DERIV 29
2.4656373698429906988e-11
2.824195761904963960e-28
0
0
DERIV 30
-1.2693762787412184579e-11
1.6494617844048054939e-28
0
0
DERIV 31
6.557772451333335617e-12
-2.289578832566568410e-28
0
0
DERIV 32
-3.3988479005384297549e-12
-8.120584267770851155e-30
0
0
DERIV 33
1.7669725366250700465e-12
7.972814970660058697e-29
0
0
DERIV 34
-9.212371674852006575e-13
-8.913715719587561478e-29
0
0
DERIV 35
4.815976662404947269e-13
7.747670958753562400e-30
0
0
AT 57/32
0.3610754423127101598
1.3203368507012781767e-17
0
0
DERIV 1
-0.22906057559601000762
-6.381065148990439726e-18
0
0
DERIV 2
0.07500654502930745315
6.105988187089337799e-18
0
0
DERIV 3
-0.015432410085272954200
-5.344054462544754413e-19
0
0
DERIV 4
0.0012328213029369817534
9.737774231685554621e-20
0
0
DERIV 5
0.0007259884949027679661
-3.863277454993095751e-20
0
0
DERIV 6
-0.0005472234675254375284
-1.3868872379277011789e-20
0
0
DERIV 7
0.0002703693239473882416
1.9202923181037325195e-21
0
0
DERIV 8
-0.00011956715399225120386
-6.752845205201919939e-21
0
0
DERIV 9
5.122453689335389508e-5
-2.6597190637817060792e-21
0
0
DERIV 10
-2.1890223333973221278e-5
-6.120222211704420911e-22
0
0
DERIV 11
9.440004082998598928e-6
-7.811976560132319023e-22
0
0
DERIV 12
-4.125731604592237841e-6
-3.011929943303782324e-22
0
0
DERIV 13
1.8293639386550659087e-6
-2.692664701137576161e-23
0
0
DERIV 14
-8.226774077244244743e-7
-3.825948188221258442e-23
0
0
DERIV 15
3.748913397984777668e-7
-2.4077478273662826697e-23
0
0
DERIV 16
-1.7292773917374692317e-7
5.478588385353846783e-24
0
0
DERIV 17
8.065656564641899308e-8
-3.2596756508719954201e-24
0
0
DERIV 18
-3.800057300159621058e-8
9.358884666734938185e-25
0
0
DERIV 19
1.8068178769535134061e-8
-1.5746299454651751775e-24
0
0
DERIV 20
-8.662678356528354657e-9
-6.155623218192809797e-25
0
0
DERIV 21
4.184878646986084835e-9
-3.075300238719918908e-25
0
0
DERIV 22
-2.035737530411460525e-9
-1.7420551927099759118e-25
0
0
DERIV 23
9.965897963909560905e-10
5.602697207537030719e-26
0
0
DERIV 24
-4.907299961075144988e-10
-2.1660279690960809405e-26
0
0
DERIV 25
2.429409843516191652e-10
-1.3424989421426217846e-26
0
0
DERIV 26
-1.2086847265874302822e-10
-9.431352059689073460e-27
0
0
DERIV 27
6.041157957344968209e-11
-3.859546835633158698e-27
0
0
DERIV 28
-3.032351192762582246e-11
-5.353199790478639606e-28
0
0
DERIV 29
1.5281378248458132369e-11
-1.4381992266772032202e-28
0
0
DERIV 30
-7.729535638029138013e-12
-7.251288560954371857e-28
0
0
DERIV 31
3.923261832826014976e-12
-1.6925137960093984036e-28
0
0
DERIV 32
-1.9977864931657789618e-12
-7.322303502523635323e-29
0
0
DERIV 33
1.0204041272646534374e-12
-1.1869023488869302435e-29
0
0
DERIV 34
-5.226822689541167594e-13
8.427298018127370490e-30
0
0
DERIV 35
2.684562930553020059e-13
-5.099001483277511945e-30
0
0
AT 29/16
0.3539900781415288855
-3.519209980577383962e-19
0
0
DERIV 1
-0.22441772481405139472
1.3438308347254318989e-17
0
0
DERIV 2
0.07356719403829177495
-2.1949589210115168892e-18
0
0
DERIV 3
-0.015271542860775855904
1.8067887776530232418e-19
0
0
DERIV 4
0.0013385220282885895455
6.153444514707821307e-20
0
0
DERIV 5
0.0006287304346063774495
4.235044518605081542e-20
0
0
DERIV 6
-0.0004912225368542326529
1.7658546943822116996e-20
0
0
DERIV 7
0.00024220111003201379488
6.912255209792874674e-21
0
0
DERIV 8
-0.00010607657119122763619
1.8092009062231818187e-21
0
0
DERIV 9
4.486437396538389032e-5
-1.9252108227059963228e-21
0
0
DERIV 10
-1.8895924531770799925e-5
-6.509680063779276662e-22
0
0
DERIV 11
8.023528589223123485e-6
6.392177485416602424e-22
0
0
DERIV 12
-3.450741884497601945e-6
5.199317769722219699e-23
0
0
DERIV 13
1.5051020755370896231e-6
-3.369931670549483911e-23
0
0
DERIV 14
-6.656432130216128715e-7
9.484315622065280468e-24
0
0
DERIV 15
2.982563541527813786e-7
5.644908173953180812e-24
0
0
DERIV 16
-1.3526007802743166483e-7
2.1430431000435890360e-24
0
0
DERIV 17
6.201949061715495355e-8
-1.0643584780082351187e-24
0
0
DERIV 18
-2.8723327760825444629e-8
-9.033136212960238779e-25
0
0
DERIV 19
1.3424390406617054808e-8
1.9352790786783789258e-25
0
0
DERIV 20
-6.326335879233596218e-9
-1.7527892835654280544e-25
0
0
DERIV 21
3.003935194941627175e-9
-1.7132317025104498901e-25
0
0
DERIV 22
-1.4362414629845694816e-9
4.014376864498097744e-26
0
0
DERIV 23
6.910546418996637012e-10
-2.1411985728323280081e-26
0
0
DERIV 24
-3.344433739459137423e-10
-1.5994478638658111065e-26
0
0
DERIV 25
1.6272703771135511778e-10
8.010147321066855878e-28
0
0
DERIV 26
-7.956951300860572820e-11
-3.715365964931730836e-27
0
0
DERIV 27
3.908634749881325989e-11
-2.433988038457903895e-28
0
0
DERIV 28
-1.9282027049130102351e-11
-8.953400827421534774e-29
0
0
DERIV 29
9.549959352489559452e-12
4.504418098263095159e-28
0
0
DERIV 30
-4.747402934826610649e-12
-1.7406925976246918610e-28
0
0
DERIV 31
2.3681644887132805365e-12
1.4432035052496734429e-28
0
0
DERIV 32
-1.1851517563451304736e-12
1.3522900656532023077e-29
0
0
DERIV 33
5.949165731875649793e-13
-1.0944676327803881712e-29
0
0
DERIV 34
-2.994879973430616683e-13
-1.5613371975223679519e-29
0
0
DERIV 35
1.5117222572747740221e-13
-6.634729589587556389e-30
0
0
AT 59/32
0.3470484024483166396
-9.298288558057006682e-18
0
0
DERIV 1
-0.21986434972934326693
1.1782654645283742126e-17
0
0
DERIV 2
0.07214351479277171519
-4.593748794228033760e-18
0
0
DERIV 3
-0.015098379569287400520
-1.8881649334943304539e-19
0
0
DERIV 4
0.0014298172982362309606
-8.257936949476516413e-20
0
0
DERIV 5
0.0005414171931940481991
3.303835147136745756e-20
0
0
DERIV 6
-0.0004410302432470254654
-2.1958308670392792158e-20
0
0
DERIV 7
0.00021719247743520411374
1.3125666716413259000e-20
0
0
DERIV 8
-9.425002470878254661e-5
3.1191623176351108124e-21
0
0
DERIV 9
3.936816889522151160e-5
-2.1982539316619411829e-21
0
0
DERIV 10
-1.6347720828738947251e-5
1.4016133965425012715e-22
0
0
DERIV 11
6.837123940923858160e-6
1.4377598935115722477e-22
0
0
DERIV 12
-2.894530377880306476e-6
-8.409259582789812273e-23
0
0
DERIV 13
1.2422882826854038180e-6
5.821064244816509941e-23
0
0
DERIV 14
-5.404787000037902364e-7
1.7908387460520699356e-23
0
0
DERIV 15
2.3819484489268544199e-7
-8.278806339450672006e-24
0
0
DERIV 16
-1.0623441744172402995e-7
3.624059974094164568e-24
0
0
DERIV 17
4.790037385310602317e-8
3.553289107174776383e-25
0
0
DERIV 18
-2.1813869105785386187e-8
9.655632449727454252e-25
0
0
DERIV 19
1.0024410293404279568e-8
-7.259839087212321218e-25
0
0
DERIV 20
-4.644797713938615794e-9
-1.8273242096914389707e-26
0
0
DERIV 21
2.168417812502512736e-9
4.519318238445062438e-27
0
0
DERIV 22
-1.0193137720253590825e-9
-8.865852961083443721e-26
0
0
DERIV 23
4.821842200564410816e-10
-8.991097943797919688e-27
0
0
DERIV 24
-2.2942303706933728687e-10
-1.2182248144365174376e-26
0
0
DERIV 25
1.0974450418613156370e-10
-3.808997539838852956e-27
0
0
DERIV 26
-5.275627372392641071e-11
-1.0364075327533593471e-27
0
0
DERIV 27
2.5477293306912971600e-11
-7.123958292212838675e-28
0
0
DERIV 28
-1.2356022172573464195e-11
-1.6422623369695037040e-28
0
0
DERIV 29
6.016207100856749301e-12
3.567769378519038358e-28
0
0
DERIV 30
-2.9401565787356263120e-12
-1.1861641845374024633e-28
0
0
DERIV 31
1.4418414182977634910e-12
-3.232554590961934690e-29
0
0
DERIV 32
-7.093642141108851966e-13
2.537442354971559833e-29
0
0
DERIV 33
3.500577376416153821e-13
-5.336380822384378555e-30
0
0
DERIV 34
-1.7324078441629577066e-13
-1.0866265159187049322e-29
0
0
DERIV 35
8.596640902021049800e-14
-2.7010058407411603913e-30
0
0
AT 15/8
0.3402476347837724013
2.1096397682066664236e-17
0
0
DERIV 1
-0.21539943654623469604
2.0042567913520964739e-18
0
0
DERIV 2
0.07073657859582202501
-3.3339359522837002901e-18
0
0
DERIV 3
-0.014914627217920570224
-2.532578882823642543e-19
0
0
DERIV 4
0.0015081791701432327359
-5.105531684590452175e-20
0
0
DERIV 5
0.0004630217040672774450
-3.050133598138115952e-22
0
0
DERIV 6
-0.0003959988008193881777
1.2419094159993350025e-20
0
0
DERIV 7
0.00019495622664442472608
1.1558444416917729386e-20
0
0
DERIV 8
-8.386302548785642031e-5
3.2908909094976855262e-21
0
0
DERIV 9
3.460811689705420893e-5
-6.325145429185734201e-22
0
0
DERIV 10
-1.4173673680758555859e-5
2.863692241405630721e-22
0
0
DERIV 11
5.840595401408563141e-6
-3.164933804718144945e-22
0
0
DERIV 12
-2.434750050006563060e-6
1.1098990954821694534e-23
0
0
DERIV 13
1.0285409926750406003e-6
-9.620997637176086930e-23
0
0
DERIV 14
-4.403405308634157303e-7
6.337758207615723744e-24
0
0
DERIV 15
1.9093120133537739365e-7
-7.861195523121928904e-24
0
0
DERIV 16
-8.377041948835913497e-8
-2.6932498450167106985e-24
0
0
DERIV 17
3.715409790984969564e-8
-1.1137601981415924869e-24
0
0
DERIV 18
-1.6642345245945252722e-8
-1.1295054003707530409e-26
0
0
DERIV 19
7.522000488779658570e-9
-2.0206072477328520596e-25
0
0
DERIV 20
-3.427817776549356821e-9
-4.883829270035614205e-26
0
0
DERIV 21
1.5738292472424613910e-9
-5.587972223716363392e-28
0
0
DERIV 22
-7.275724768656546527e-10
2.3781980830443609942e-26
0
0
DERIV 23
3.384753885980789354e-10
2.2369876993937300516e-26
0
0
DERIV 24
-1.5837637393820605464e-10
1.1266919659173419506e-26
0
0
DERIV 25
7.450237855392227662e-11
-4.041310336354280389e-27
0
0
DERIV 26
-3.522014161952520408e-11
7.394242166806640539e-28
0
0
DERIV 27
1.6726160920191343451e-11
1.4189258889425205784e-27
0
0
DERIV 28
-7.977092289038509085e-12
-3.440442500265419229e-28
0
0
DERIV 29
3.819522696701347716e-12
-3.524990843804681916e-28
0
0
DERIV 30
-1.8355869665542077898e-12
-1.7269052302002670109e-28
0
0
DERIV 31
8.851937017085719513e-13
-1.3247086899495124290e-29
0
0
DERIV 32
-4.282573151343098369e-13
4.608590935648562038e-30
0
0
DERIV 33
2.0782055134582250973e-13
-5.432997591026647578e-30
0
0
DERIV 34
-1.0113722439289226843e-13
5.806775604268821361e-31
0
0
DERIV 35
4.935153757750748046e-14
1.4785219298581656661e-30
0
0
AT 61/32
0.3335850273751839179
-1.8104160165075958173e-17
0
0
DERIV 1
-0.21102190933871955991
1.2792381149737579416e-18
0
0
DERIV 2
0.06934730503953091818
2.4201054988635695442e-18
0
0
DERIV 3
-0.014721818453747329003
2.982202411584065434e-19
0
0
DERIV 4
0.0015749283122142852028
4.898365510436787904e-20
0
0
DERIV 5
0.0003926307886802566684
1.2536332287375679143e-20
0
0
DERIV 6
-0.0003555592989597286925
-1.4345860701057746098e-20
0
0
DERIV 7
0.00017515703857977598778
-2.3432177035178714626e-21
0
0
DERIV 8
-7.472406050929932431e-5
5.754414410674076113e-22
0
0
DERIV 9
3.0476877066803496284e-5
-7.442685880505340971e-22
0
0
DERIV 10
-1.2314323005054826225e-5
3.946876844412192031e-22
0
0
DERIV 11
5.001256606540439427e-6
1.5875427147796135036e-22
0
0
DERIV 12
-2.053524745919744573e-6
6.101007696385672088e-23
0
0
DERIV 13
8.541185568097628398e-7
-4.450642343753581631e-23
0
0
DERIV 14
-3.599334345181623838e-7
1.0062497964657648718e-23
0
0
DERIV 15
1.5359238368361075426e-7
-1.6229707964474768444e-25
0
0
DERIV 16
-6.631140050988641068e-8
6.564826698496197823e-24
0
0
DERIV 17
2.8938082407174495371e-8
1.4420185086328490950e-24
0
0
DERIV 18
-1.2753054221987698989e-8
7.103372049522798617e-25
0
0
DERIV 19
5.670847934951718832e-9
-9.705724889780045177e-26
0
0
DERIV 20
-2.542323117668200815e-9
1.3523283682758458928e-25
0
0
DERIV 21
1.1483019645292862764e-9
8.225324337908512745e-26
0
0
DERIV 22
-5.222158606420029413e-10
-3.029526256665292592e-26
0
0
DERIV 23
2.389835777834715894e-10
1.9239699873390745066e-26
0
0
DERIV 24
-1.0999981346888741757e-10
4.023907745793316222e-27
0
0
DERIV 25
5.090106938562754640e-11
-2.0336772470573734139e-27
0
0
DERIV 26
-2.3670021157392944502e-11
-1.2948427761221823211e-27
0
0
DERIV 27
1.1057346183443700302e-11
-3.687743721269703368e-28
0
0
DERIV 28
-5.187322414176598503e-12
-1.2139752776520435371e-28
0
0
DERIV 29
2.4431441464917295173e-12
-4.619005172469715129e-29
0
0
DERIV 30
-1.1549258535894503388e-12
2.4839336487721525051e-29
0
0
DERIV 31
5.478411952345582702e-13
2.552060709585432999e-29
0
0
DERIV 32
-2.607094357705463710e-13
1.3295890734766028655e-29
0
0
DERIV 33
1.2444418773705663178e-13
5.694192235121486346e-30
0
0
DERIV 34
-5.957034029726233466e-14
-5.390272885910754441e-30
0
0
DERIV 35
2.859246382095376683e-14
2.5794352210496657213e-30
0
0
AT 31/16
0.3270578669250256421
1.5258614662038679474e-17
0
0
DERIV 1
-0.20673063903950356091
-1.1238378218840563224e-17
0
0
DERIV 2
0.06797647749786726867
-9.799292589064540266e-19
0
0
DERIV 3
-0.014521329421718862443
-5.497755744577626061e-19
0
0
DERIV 4
0.0016312506963915369886
-9.039847278449043787e-20
0
0
DERIV 5
0.0003294313773932820819
-1.1994688983312419798e-20
0
0
DERIV 6
-0.0003192112051139284635
1.1608484054453852069e-20
0
0
DERIV 7
0.00015750390658188782086
-9.865940573022913682e-21
0
0
DERIV 8
-6.666934990082803297e-5
8.071166361512681068e-23
0
0
DERIV 9
2.6884047839566078064e-5
-1.3190343638821502483e-21
0
0
DERIV 10
-1.0720372698813492721e-5
1.3101314206385892548e-22
0
0
DERIV 11
4.292437985939567714e-6
-2.771309130528789457e-22
0
0
DERIV 12
-1.7365026191242771930e-6
1.3787193667193265750e-23
0
0
DERIV 13
7.113262101477615828e-7
3.338384673999089767e-23
0
0
DERIV 14
-2.951426895502640963e-7
2.2494329649329029927e-23
0
0
DERIV 15
1.2398228436582363279e-7
8.774456967609866044e-24
0
0
DERIV 16
-5.268691940890571567e-8
2.5002690427455273851e-24
0
0
DERIV 17
2.2629194963700687226e-8
4.383005139589575570e-25
0
0
DERIV 18
-9.814517151303500635e-9
1.2085499924213293335e-25
0
0
DERIV 19
4.294731774843278083e-9
-3.094507781003548543e-25
0
0
DERIV 20
-1.894677167494863997e-9
-1.3659424356499793256e-25
0
0
DERIV 21
8.421004309970439816e-10
-1.8234171441531417414e-26
0
0
DERIV 22
-3.768346186954172511e-10
1.0308086707045123858e-26
0
0
DERIV 23
1.6968891513020834667e-10
-7.685810455422801209e-27
0
0
DERIV 24
-7.685203142581891896e-11
3.444193544749456098e-27
0
0
DERIV 25
3.499152175892137689e-11
-2.7792225259642812862e-27
0
0
DERIV 26
-1.6010414601509528750e-11
7.786167323403808680e-28
0
0
DERIV 27
7.359004902464709083e-12
-1.6939508787734930589e-28
0
0
DERIV 28
-3.3968199661156844482e-12
-3.508398598642446810e-29
0
0
DERIV 29
1.5741163030774667485e-12
-9.461220533512243282e-29
0
0
DERIV 30
-7.321465161797789634e-13
-3.487671523440886690e-29
0
0
DERIV 31
3.417061638201214110e-13
1.3296708324639828090e-29
0
0
DERIV 32
-1.5999537698458512059e-13
-8.731356862398269934e-30
0
0
DERIV 33
7.514090323555157283e-14
-1.1703034935500084416e-30
0
0
DERIV 34
-3.539009464886661031e-14
-2.9283101521702635994e-30
0
0
DERIV 35
1.6712906001801142575e-14
1.4471890226146022450e-30
0
0
AT 63/32
0.3206634761432495262
-2.3049151868652444595e-18
0
0
DERIV 1
-0.20252445151111148069
4.873674846741854766e-18
0
0
DERIV 2
0.06662475703911815983
3.2248629240005672669e-18
0
0
DERIV 3
-0.014314395664372928790
6.397587017752883787e-19
0
0
DERIV 4
0.0016782122842805330312
-9.272526309423723293e-20
0
0
DERIV 5
0.0002726985519039328031
2.3572789816452957797e-20
0
0
DERIV 6
-0.0002865133883036339430
2.2284291646382318159e-20
0
0
DERIV 7
0.00014174376324077133976
5.730138711356738444e-21
0
0
DERIV 8
-5.955850069857886539e-5
-1.6292704452613087202e-22
0
0
DERIV 9
2.3753291580088749170e-5
8.942055301289101918e-22
0
0
DERIV 10
-9.350832722927239572e-6
4.159613021364232243e-22
0
0
DERIV 11
3.692308781613645491e-6
1.3994111355474989823e-23
0
0
DERIV 12
-1.4721207296233507896e-6
-1.5689368337008986328e-23
0
0
DERIV 13
5.940628602513632861e-7
-4.238704422066505975e-23
0
0
DERIV 14
-2.427578606265995089e-7
2.4518916636396414345e-23
0
0
DERIV 15
1.0041490067757829934e-7
-5.322216216881579826e-24
0
0
DERIV 16
-4.201285344953353052e-8
2.5241779459307724338e-24
0
0
DERIV 17
1.7764325785082274848e-8
-6.375361770853903143e-25
0
0
DERIV 18
-7.584359941264895021e-9
5.039591957112337887e-25
0
0
DERIV 19
3.266885915393132245e-9
1.7313068756348354143e-25
0
0
DERIV 20
-1.4186128814165041300e-9
-9.024414600227320707e-26
0
0
DERIV 21
6.205974278766477731e-10
-2.4209020994781676050e-26
0
0
DERIV 22
-2.733403511767452959e-10
6.488699647810509270e-28
0
0
DERIV 23
1.2114483003978280333e-10
7.853469847945401701e-27
0
0
DERIV 24
-5.400057891679405641e-11
-2.7980202776990732240e-27
0
0
DERIV 25
2.4198697206658602258e-11
-7.732646707280957236e-28
0
0
DERIV 26
-1.0897157716551006664e-11
-5.526270079179959348e-29
0
0
DERIV 27
4.929551794031182599e-12
4.038104647180597692e-28
0
0
DERIV 28
-2.2394189581051239446e-12
-4.151497486049470752e-29
0
0
DERIV 29
1.0213425097440159570e-12
-9.163020349912781112e-30
0
0
DERIV 30
-4.675220050669994055e-13
4.351756032878675714e-29
0
0
DERIV 31
2.1474564283224094278e-13
2.3956305204235515132e-32
0
0
DERIV 32
-9.895660181020634708e-14
-5.949662162816670512e-30
0
0
DERIV 33
4.573809467125143634e-14
-5.799210821249081458e-31
0
0
DERIV 34
-2.1200515415894050817e-14
7.817730442966901078e-31
0
0
DERIV 35
9.853229146223069203e-15
7.789193715905367343e-31
0
0
AT 2
0.3143992150404675279
1.5122662516123239398e-17
0
0
DERIV 1
-0.19840213479231075255
5.914725690736565603e-18
0
0
DERIV 2
0.06529269493025469107
4.444762584897202379e-18
0
0
DERIV 3
-0.014102126297300463312
2.0297344402728744064e-19
0
0
DERIV 4
0.0017167719696698738752
8.901893062471159010e-20
0
0
DERIV 5
0.00022178514716436983391
3.3877463687001838250e-21
0
0
DERIV 6
-0.0002570764249478452125
-4.754150895852586598e-21
0
0
DERIV 7
0.00012765609914549359881
-1.1381549446390878324e-20
0
0
DERIV 8
-5.327089327196730993e-5
1.6080803190678644506e-21
0
0
DERIV 9
2.1019981145682999112e-5
-9.573985119008343721e-22
0
0
DERIV 10
-8.171522424011926704e-6
-6.321897391119234696e-22
0
0
DERIV 11
3.182943184403728515e-6
1.8295784326230879959e-22
0
0
DERIV 12
-1.2510313616843262958e-6
-4.582160528881465821e-23
0
0
DERIV 13
4.974732162122446850e-7
-2.3046320933529639943e-23
0
0
DERIV 14
-2.0026416282451068975e-7
9.582719928944637504e-24
0
0
DERIV 15
8.159038056713384143e-8
-3.686725492415115892e-24
0
0
DERIV 16
-3.361835516060220574e-8
-2.0997177448438649517e-24
0
0
DERIV 17
1.3997652701966662416e-8
-2.235222224762982036e-25
0
0
DERIV 18
-5.884468388751127376e-9
-2.413241114101738283e-25
0
0
DERIV 19
2.495636056542735456e-9
1.8979910589491496266e-25
0
0
DERIV 20
-1.0669712158877627231e-9
-2.3575279283572526079e-26
0
0
DERIV 21
4.595435979473058741e-10
-2.3780047292817548859e-26
0
0
DERIV 22
-1.9926807814237255887e-10
5.023048416357617283e-27
0
0
DERIV 23
8.694558752183088274e-11
5.496012467092813093e-27
0
0
DERIV 24
-3.815424245663483205e-11
2.0212225125666179795e-27
0
0
DERIV 25
1.6831875432699860160e-11
2.929442514322670932e-28
0
0
DERIV 26
-7.461827382711349277e-12
-3.217102545430895557e-28
0
0
DERIV 27
3.3229740606448482026e-12
7.148999293885450479e-29
0
0
DERIV 28
-1.4860696519526080489e-12
1.7599711596553312429e-31
0
0
DERIV 29
6.672011205053374042e-13
3.563564899150906840e-29
0
0
DERIV 30
-3.006537438462071804e-13
1.3720808614847760834e-29
0
0
DERIV 31
1.3594589999099448745e-13
1.1248846743663082057e-29
0
0
DERIV 32
-6.166830223293115650e-14
2.4539285330110696054e-30
0
0
DERIV 33
2.8058810580927071272e-14
-2.305903915035439393e-31
0
0
DERIV 34
-1.2802956625741885715e-14
-1.3001080095978631501e-31
0
0
DERIV 35
5.857522498768239565e-15
-3.291067790789867712e-31
0
0
AT 33/16
0.3022507146961040392
-7.534773619508731658e-18
0
0
DERIV 1
-0.19040411518187042028
4.967994851514931448e-18
0
0
DERIV 2
0.06268926819048999122
-1.3043174264355208413e-18
0
0
DERIV 3
-0.013665459646105502026
6.357087251126053414e-19
0
0
DERIV 4
0.0017720530956401091098
1.0232338195310626552e-19
0
0
DERIV 5
0.00013516349764323171037
-9.168106872507906660e-21
0
0
DERIV 6
-0.00020664715953140890491
-3.0525299334633441140e-21
0
0
DERIV 7
0.00010375231820269861154
-4.114020625539495133e-21
0
0
DERIV 8
-4.276420772033214500e-5
-2.6351230636942600507e-21
0
0
DERIV 9
1.6534489090098175210e-5
8.095920001607325939e-22
0
0
DERIV 10
-6.273885097177365120e-6
1.4127480825916592797e-22
0
0
DERIV 11
2.380015632553659734e-6
3.785705906545433563e-23
0
0
DERIV 12
-9.098157230809830466e-7
-9.905374257985207646e-24
0
0
DERIV 13
3.515746221284196728e-7
-4.064584152148238608e-24
0
0
DERIV 14
-1.3745731782117927468e-7
-2.2349816228424431738e-24
0
0
DERIV 15
5.436917453741650225e-8
-1.0919667221098779544e-24
0
0
DERIV 16
-2.1743114948831902815e-8
8.269416911199101357e-27
0
0
DERIV 17
8.785113634205440737e-9
5.761110194928519024e-25
0
0
DERIV 18
-3.583306502670198395e-9
2.8000439610652375778e-27
0
0
DERIV 19
1.4743334477072584962e-9
-3.888846667970405890e-26
0
0
DERIV 20
-6.114614849468693349e-10
4.279143579810761739e-26
0
0
DERIV 21
2.554566566845231808e-10
-3.1742165629549857536e-27
0
0
DERIV 22
-1.0744355799279767853e-10
2.7298082336172660744e-27
0
0
DERIV 23
4.546998363873740057e-11
-1.2831747004443031442e-27
0
0
DERIV 24
-1.9352652802660386868e-11
1.2010538469995698049e-28
0
0
DERIV 25
8.280165316562042425e-12
-5.236842152205245351e-28
0
0
DERIV 26
-3.5600079305303517678e-12
8.772279506976853603e-29
0
0
DERIV 27
1.5375315239654156473e-12
9.368571000146364455e-29
0
0
DERIV 28
-6.668388241451310939e-13
1.3976092284547730453e-29
0
0
DERIV 29
2.903470849612281133e-13
9.033366674203229706e-30
0
0
DERIV 30
-1.2688243633169319172e-13
-6.306794444072754643e-30
0
0
DERIV 31
5.563794558977199630e-14
-3.0645217742324147845e-30
0
0
DERIV 32
-2.4475608666131357081e-14
6.907181319888879594e-31
0
0
DERIV 33
1.0799514625050332671e-14
-2.198583076372251757e-31
0
0
DERIV 34
-4.778659173746048380e-15
-5.346885441226047155e-32
0
0
DERIV 35
2.1201579543247891959e-15
1.7746250515752751851e-31
0
0
AT 17/8
0.2905920283135933202
4.860954306875395401e-18
0
0
DERIV 1
-0.18272635907092565910
-3.805919526521859950e-18
0
0
DERIV 2
0.06016881170114836419
5.730931758879214559e-19
0
0
DERIV 3
-0.013218122361473004858
7.446721865510150384e-19
0
0
DERIV 4
0.0018030262461291573107
-5.825357515155432173e-20
0
0
DERIV 5
6.562742277973243371e-5
-2.0870330139180018249e-21
0
0
DERIV 6
-0.00016561287235547725587
8.458960317764851002e-21
0
0
DERIV 7
8.452290306222459714e-5
-4.924345943736612096e-21
0
0
DERIV 8
-3.447697809583534246e-5
-6.755464925272478068e-22
0
0
DERIV 9
1.3079363922572166386e-5
-1.3901902054325938485e-22
0
0
DERIV 10
-4.849591391663364779e-6
-5.002647830296823532e-23
0
0
DERIV 11
1.7936067082963574005e-6
3.0071386166505157895e-24
0
0
DERIV 12
-6.675392681432153767e-7
-4.208144488846836337e-23
0
0
DERIV 13
2.509186133299527618e-7
-4.025150615740827800e-24
0
0
DERIV 14
-9.537210717871117324e-8
8.524178898717788046e-25
0
0
DERIV 15
3.665820786828376601e-8
-2.2281838368570039300e-24
0
0
DERIV 16
-1.4242417384967984340e-8
6.888765735234144064e-25
0
0
DERIV 17
5.589401850423560648e-9
-1.3951029539869914731e-25
0
0
DERIV 18
-2.214081158437294178e-9
-8.508968151844919016e-27
0
0
DERIV 19
8.846033240505193388e-10
-3.314680073227846852e-27
0
0
DERIV 20
-3.562281526623891611e-10
8.947817403015271607e-27
0
0
DERIV 21
1.4449535586718552822e-10
-1.0798878213471613933e-26
0
0
DERIV 22
-5.900270265352540269e-11
-4.999051096098487776e-27
0
0
DERIV 23
2.4241141366122703147e-11
-1.0987234048730384465e-28
0
0
DERIV 24
-1.0015920509695889925e-11
-3.968904462693081502e-28
0
0
DERIV 25
4.160059134582627536e-12
-2.544136434419813702e-28
0
0
DERIV 26
-1.7362478613656473777e-12
-9.676420758408032200e-29
0
0
DERIV 27
7.279085740953572962e-13
-3.820458758352389327e-30
0
0
DERIV 28
-3.064494455472243175e-13
1.3576663635083789055e-29
0
0
DERIV 29
1.2951938276489734063e-13
8.565756662598864056e-30
0
0
DERIV 30
-5.494057278966252211e-14
-2.0369216767114096096e-30
0
0
DERIV 31
2.3384758770575748950e-14
-9.869551520670933467e-32
0
0
DERIV 32
-9.985315479820876056e-15
-1.0442036560807841798e-31
0
0
DERIV 33
4.276572552542140875e-15
-2.564912917495045865e-31
0
0
DERIV 34
-1.8367845949537481000e-15
-1.0365332244064265603e-31
0
0
DERIV 35
7.910037577223791483e-16
-4.544332108375102452e-32
0
0
AT 35/16
0.2794034657767335283
-1.6875811102416332215e-17
0
0
DERIV 1
-0.17535839261829166968
2.2316140667442583925e-18
0
0
DERIV 2
0.05773279614035645158
1.0502359672851826740e-18
0
0
DERIV 3
-0.012765567523126223129
-7.120352904447770606e-19
0
0
DERIV 4
0.0018145178658094936273
-1.0095324634934087626e-19
0
0
DERIV 5
1.0008778597095426699e-5
-8.262345045301712312e-22
0
0
DERIV 6
-0.00013215157733529830464
-5.559596485247393147e-22
0
0
DERIV 7
6.899017351955828866e-5
1.5253713990327372520e-21
0
0
DERIV 8
-2.7904801154808254722e-5
1.3640911194328012767e-21
0
0
DERIV 9
1.0400426134079559815e-5
2.377895443304515357e-22
0
0
DERIV 10
-3.772424698988512115e-6
-1.3230570140026824265e-22
0
0
DERIV 11
1.3616366439208862337e-6
-4.957601890953552180e-24
0
0
DERIV 12
-4.938623936180207568e-7
-4.267728741233239370e-23
0
0
DERIV 13
1.8074263408323325749e-7
-6.084780794185256723e-25
0
0
DERIV 14
-6.684757691486283078e-8
-4.718709582576835902e-24
0
0
DERIV 15
2.4991557238710233717e-8
1.2025333587007020777e-24
0
0
DERIV 16
-9.441438019358098218e-9
-6.112762292171820530e-26
0
0
DERIV 17
3.602150384966384593e-9
5.026918376828055806e-26
0
0
DERIV 18
-1.3869654874326826228e-9
-2.569367307383933020e-28
0
0
DERIV 19
5.385752379886576159e-10
2.3343088994615867221e-26
0
0
DERIV 20
-2.1077231971004957653e-10
1.1731899981455332817e-27
0
0
DERIV 21
8.308011247036719415e-11
3.1636342959887738201e-27
0
0
DERIV 22
-3.296473164678381634e-11
-7.322773398803355404e-28
0
0
DERIV 23
1.3159714404946836917e-11
8.021297649701690199e-28
0
0
DERIV 24
-5.283052429924165370e-12
2.911756146919248559e-28
0
0
DERIV 25
2.1319738046024769779e-12
-1.8109116056272848948e-28
0
0
DERIV 26
-8.645143598621466870e-13
-2.4432855792306413504e-29
0
0
DERIV 27
3.521332039143348440e-13
-1.2400191365134469160e-29
0
0
DERIV 28
-1.4402952621704586692e-13
-1.0144206678685679080e-29
0
0
DERIV 29
5.914036516440790692e-14
4.947318845384094253e-30
0
0
DERIV 30
-2.4372150576682144639e-14
-7.680664716877926365e-31
0
0
DERIV 31
1.0078145486895280835e-14
5.792851513805625747e-32
0
0
DERIV 32
-4.180736656997526744e-15
2.253559616609518274e-31
0
0
DERIV 33
1.7395098681797823106e-15
5.347092298592899595e-32
0
0
DERIV 34
-7.258158931020175024e-16
-3.163445916118179014e-32
0
0
DERIV 35
3.036557460380482748e-16
-1.0961488657069787063e-32
0
0
AT 9/4
0.2686659960686442750
-9.942859213200960666e-18
0
0
DERIV 1
-0.16828961756964902485
-2.2115799486333575769e-18
0
0
DERIV 2
0.05538177551711164631
-3.0544161219867525280e-18
0
0
DERIV 3
-0.012312156955245970313
-2.881066432619676225e-20
0
0
DERIV 4
0.0018104632668817456555
-4.443409391380135534e-20
0
0
DERIV 5
-3.425109826936165695e-5
-7.590896109620302689e-22
0
0
DERIV 6
-0.00010481868836573709049
-6.589320811327616903e-21
0
0
DERIV 7
5.639631364677574039e-5
4.570022881274921163e-22
0
0
DERIV 8
-2.2666351643845240171e-5
4.009449635358469364e-22
0
0
DERIV 9
8.310525359545732816e-6
5.347580435089323585e-22
0
0
DERIV 10
-2.951956910593433439e-6
4.280919608905785830e-23
0
0
DERIV 11
1.0408530162320187238e-6
-5.433662990437050019e-23
0
0
DERIV 12
-3.682374463414495363e-7
-3.528820780814115011e-24
0
0
DERIV 13
1.3133092229004685325e-7
-1.0230742843950592506e-23
0
0
DERIV 14
-4.730489369865875635e-8
-1.1452303722983219857e-24
0
0
DERIV 15
1.7216437819022094218e-8
1.1192206381742274597e-24
0
0
DERIV 16
-6.329775165797265939e-9
2.731544825672184807e-25
0
0
DERIV 17
2.349735609215481932e-9
-8.285900571893273600e-26
0
0
DERIV 18
-8.801592955500339046e-10
-3.616489883608650537e-26
0
0
DERIV 19
3.324520289397571352e-10
6.166247254037876233e-27
0
0
DERIV 20
-1.2654464988076842147e-10
4.412780728579984757e-27
0
0
DERIV 21
4.851145473770394441e-11
-1.4279072914185986005e-27
0
0
DERIV 22
-1.8719301981626087832e-11
1.2088716731164922714e-27
0
0
DERIV 23
7.267084026677751363e-12
-3.479602619521199568e-28
0
0
DERIV 24
-2.8369826160976728220e-12
-8.714873005501054466e-30
0
0
DERIV 25
1.1132659643994109096e-12
-6.343363508977009053e-29
0
0
DERIV 26
-4.389591429210611643e-13
-2.2066738312243242391e-30
0
0
DERIV 27
1.7385410735133821033e-13
-2.9241753890083775243e-30
0
0
DERIV 28
-6.914300904298215646e-14
2.4279294525513222637e-30
0
0
DERIV 29
2.7605354202088012685e-14
1.2999301256138328253e-30
0
0
DERIV 30
-1.1061409971660754961e-14
6.234823976059059311e-31
0
0
DERIV 31
4.447337283103094712e-15
1.1613501648282118492e-31
0
0
DERIV 32
-1.7937882832376088283e-15
-1.9441376416937513844e-31
0
0
DERIV 33
7.256727824300659111e-16
2.905226215932675666e-32
0
0
DERIV 34
-2.943967796468266762e-16
-2.0221611679171368376e-32
0
0
DERIV 35
1.1975073100615268106e-16
1.0734006851622746290e-32
0
0
AT 37/16
0.2583612517202307224
-1.1816952869648769054e-18
0
0
DERIV 1
-0.16150941387885220379
4.406224227629835094e-18
0
0
DERIV 2
0.05311557230159523468
8.967878960879426390e-19
0
0
DERIV 3
-0.011861361933358087820
4.122919699050213403e-19
0
0
DERIV 4
0.0017940767333760310447
-3.609272685456276280e-20
0
0
DERIV 5
-6.922644176921209061e-5
-3.506243814705060117e-21
0
0
DERIV 6
-8.246302262652185813e-5
-6.097494359214817690e-21
0
0
DERIV 7
4.615029817187324304e-5
4.574169062296432523e-22
0
0
DERIV 8
-1.8471279125676937777e-5
3.917744227351886495e-22
0
0
DERIV 9
6.670742063840075573e-6
-3.897374650481367400e-22
0
0
DERIV 10
-2.322812690445743144e-6
3.437269625247190132e-23
0
0
DERIV 11
8.008198241320543857e-7
5.054916043092666125e-23
0
0
DERIV 12
-2.765968454902984226e-7
-5.308233039629617542e-24
0
0
DERIV 13
9.621381514686216674e-8
-1.2388215971695934629e-24
0
0
DERIV 14
-3.377915481406936016e-8
2.3015270222390252086e-24
0
0
DERIV 15
1.1977552424420798013e-8
-6.150610614817211792e-25
0
0
DERIV 16
-4.289055792649364516e-9
9.982494126226760219e-26
0
0
DERIV 17
1.5504044859081685891e-9
9.027017308273709344e-26
0
0
DERIV 18
-5.654174826510271548e-10
-2.778233650371025495e-26
0
0
DERIV 19
2.0790541633240211494e-10
9.169502444900521382e-27
0
0
DERIV 20
-7.703159461663714906e-11
-5.778780166900446262e-27
0
0
DERIV 21
2.8742606516306358075e-11
6.239443019247575331e-28
0
0
DERIV 22
-1.0794521467605303375e-11
-2.043323317314434048e-28
0
0
DERIV 23
4.078363805946449734e-12
-3.197983469615789023e-28
0
0
DERIV 24
-1.5494531531962358099e-12
2.588882928124619112e-29
0
0
DERIV 25
5.917027613681450716e-13
-1.8516223949687938079e-30
0
0
DERIV 26
-2.2703919876896329915e-13
1.0430769059116067932e-29
0
0
DERIV 27
8.750337270408888192e-14
-5.176822455890093697e-30
0
0
DERIV 28
-3.386442167578484427e-14
6.010416210039109341e-31
0
0
DERIV 29
1.3156424891512717322e-14
6.380714420034586125e-31
0
0
DERIV 30
-5.129780890318257395e-15
-3.398744421157957576e-31
0
0
DERIV 31
2.0069082293886316434e-15
-8.329885397181063174e-32
0
0
DERIV 32
-7.876508660164687054e-16
-2.8056172826261877487e-33
0
0
DERIV 33
3.100523829889874566e-16
-1.1836111143238634828e-32
0
0
DERIV 34
-1.2239282318008375334e-16
-8.546405385280595151e-33
0
0
DERIV 35
4.844256147168162929e-17
-6.611543335636076346e-34
0
0
AT 19/8
0.24847152752146128840
1.0880333034634051982e-17
0
0
DERIV 1
-0.15500722138294639740
3.0727411551835415368e-18
0
0
DERIV 2
0.05093342862267654508
-8.764188757543070202e-20
0
0
DERIV 3
-0.011415925866537283279
-7.241305624687580158e-19
0
0
DERIV 4
0.0017679870472840093342
8.042787153954518315e-20
0
0
DERIV 5
-9.660455737620486801e-5
-4.980814541549207746e-21
0
0
DERIV 6
-6.416286590004674668e-5
1.8237272178080541096e-21
0
0
DERIV 7
3.778851351708251941e-5
-1.3997699365548253694e-22
0
0
DERIV 8
-1.5097010889782102417e-5
-4.344643304265773652e-22
0
0
DERIV 9
5.377167592242457378e-6
-4.924076709195128735e-23
0
0
DERIV 10
-1.8373247136078464477e-6
3.798382515300178801e-23
0
0
DERIV 11
6.199181631801461352e-7
-3.849015464984222579e-23
0
0
DERIV 12
-2.0921059101904866431e-7
6.713423104579227422e-24
0
0
DERIV 13
7.103532787963693499e-8
-6.014806335112747205e-24
0
0
DERIV 14
-2.4327564103410518154e-8
3.931638201622988761e-25
0
0
DERIV 15
8.410750987881473199e-9
4.707856096329175644e-25
0
0
DERIV 16
-2.935673261428770979e-9
4.659218286681313893e-26
0
0
DERIV 17
1.0341211535044773238e-9
-9.020846667167864836e-26
0
0
DERIV 18
-3.674541968132826087e-10
-1.7406833312458229335e-27
0
0
DERIV 19
1.3162933460722116954e-10
9.941743114623271301e-28
0
0
DERIV 20
-4.750801416037454287e-11
1.3925073690820433258e-27
0
0
DERIV 21
1.7266438748146330021e-11
1.1020189361957096000e-27
0
0
DERIV 22
-6.315868134071068539e-12
1.0992508226029885638e-28
0
0
DERIV 23
2.3240647254586748767e-12
-1.8443843243314203529e-28
0
0
DERIV 24
-8.599174932419068355e-13
2.0053287535687771507e-29
0
0
DERIV 25
3.198044627865670516e-13
-5.657185031844722947e-30
0
0
DERIV 26
-1.1950146712498645579e-13
-7.184995337416812965e-30
0
0
DERIV 27
4.485175073209439239e-14
-2.901054404647117116e-31
0
0
DERIV 28
-1.6903347776747282771e-14
1.3929680097008052962e-30
0
0
DERIV 29
6.394916169963756661e-15
-4.014046151138135752e-32
0
0
DERIV 30
-2.4280526848972331090e-15
-1.4350964176920592306e-31
0
0
DERIV 31
9.250055902407570176e-16
5.542309725310530007e-32
0
0
DERIV 32
-3.535119037301630590e-16
-2.1321993568375128756e-32
0
0
DERIV 33
1.3550497732914340128e-16
-4.679553023405699578e-33
0
0
DERIV 34
-5.208622937782060947e-17
1.7567759349742026437e-33
0
0
DERIV 35
2.0074195665003855898e-17
-1.0881147065470448517e-33
0
0
AT 39/16
0.23897977468083353436
-1.1143929044834726947e-19
0
0
DERIV 1
-0.14877260435866745958
8.721133987249831583e-18
0
0
DERIV 2
0.04883412991473996129
2.4201777449359653073e-18
0
0
DERIV 3
-0.010977996614382156543
-6.446931339481287031e-19
0
0
DERIV 4
0.0017343459786059120011
-6.991801772323216085e-20
0
0
DERIV 5
-0.00011776228443523862894
3.608928528038202892e-21
0
0
DERIV 6
-4.917697823129368981e-5
-2.4230009171889572037e-21
0
0
DERIV 7
3.094531487638153600e-5
4.119690922350527479e-22
0
0
DERIV 8
-1.2371846227328320078e-5
-5.341093904480232239e-22
0
0
DERIV 9
4.351519232036659650e-6
1.2059564458693368899e-22
0
0
DERIV 10
-1.4604569184998597978e-6
8.306702578246174799e-23
0
0
DERIV 11
4.826555478722827368e-7
-1.0143177724631540242e-23
0
0
DERIV 12
-1.5928358326475082312e-7
-1.0767541631397376774e-23
0
0
DERIV 13
5.283182228122597874e-8
-2.184979268456174441e-25
0
0
DERIV 14
-1.7662701797336556157e-8
-4.205338281897431174e-25
0
0
DERIV 15
5.958385427104972338e-9
3.718195790456131109e-25
0
0
DERIV 16
-2.028594221475751531e-9
2.0624013184819739123e-25
0
0
DERIV 17
6.968681898511600112e-10
4.650291732047869928e-26
0
0
DERIV 18
-2.414344339619019487e-10
-2.0492584154771267864e-27
0
0
DERIV 19
8.431584159725023479e-11
7.219491392977562632e-28
0
0
DERIV 20
-2.966476021922551822e-11
8.006896302333321495e-28
0
0
DERIV 21
1.0508985380009810688e-11
1.2867027475466952665e-28
0
0
DERIV 22
-3.746698784947732893e-12
1.9078250430260502110e-29
0
0
DERIV 23
1.3436947566259616884e-12
-2.4698639799597262326e-29
0
0
DERIV 24
-4.845391503130836082e-13
2.528837092991761984e-29
0
0
DERIV 25
1.7561532871199507706e-13
-4.337656880499443305e-30
0
0
DERIV 26
-6.395073058751839902e-14
3.793203485857953322e-30
0
0
DERIV 27
2.3390339750724671891e-14
1.4200565617612804930e-30
0
0
DERIV 28
-8.590268445230518704e-15
-6.558451049777386879e-33
0
0
DERIV 29
3.1669339314850441157e-15
1.8669158644550949979e-31
0
0
DERIV 30
-1.1717275996880388896e-15
-7.081959890252594774e-32
0
0
DERIV 31
4.349831269437809786e-16
-8.062720382380353295e-33
0
0
DERIV 32
-1.6198968904147146025e-16
-1.2166214061937215787e-32
0
0
DERIV 33
6.050485118507736253e-17
4.973528684358591549e-33
0
0
DERIV 34
-2.2662421226551429775e-17
-2.864834987668996615e-34
0
0
DERIV 35
8.510737594287533395e-18
2.343453392157248698e-34
0
0
AT 5/2
0.22986959140233545473
1.9528989996114959534e-18
0
0
DERIV 1
-0.14279530207329563241
-4.264140448001544498e-18
0
0
DERIV 2
0.04681610612179029629
-3.2570126849933354927e-18
0
0
DERIV 3
-0.010549234443924882312
1.8559095289245927987e-19
0
0
DERIV 4
0.0016949155170787150951
3.803680518627521974e-20
0
0
DERIV 5
-0.00013382628663222159520
-4.318579686190289165e-21
0
0
DERIV 6
-3.690680911218877021e-5
1.4177258903285712811e-21
0
0
DERIV 7
2.5330852572882121625e-5
-1.6024117237551919023e-21
0
0
DERIV 8
-1.0162535955304624163e-5
-4.726133334371298303e-22
0
0
DERIV 9
3.534418284459798530e-6
-2.0333415834549571882e-22
0
0
DERIV 10
-1.1662612244000194706e-6
1.8171793896085317718e-23
0
0
DERIV 11
3.778365608024268844e-7
7.005304242971915784e-24
0
0
DERIV 12
-1.2202686077313419945e-7
-3.1340237031075661188e-24
0
0
DERIV 13
3.956694325314457555e-8
-6.364538501314519717e-25
0
0
DERIV 14
-1.2922330263352003747e-8
7.368357655376250705e-25
0
0
DERIV 15
4.256484000962205235e-9
-9.276159429383971528e-26
0
0
DERIV 16
-1.4145244323889874384e-9
-7.089129031252171669e-26
0
0
DERIV 17
4.741916214834163617e-10
-4.888627618285580210e-26
0
0
DERIV 18
-1.6029251913090268569e-10
6.294574790266841421e-27
0
0
DERIV 19
5.461049548038364868e-11
-1.4203986258678927407e-27
0
0
DERIV 20
-1.8742020653577452465e-11
-6.512931599363819958e-28
0
0
DERIV 21
6.476056257054972180e-12
-2.024451133780631763e-28
0
0
DERIV 22
-2.2518827282411087666e-12
-1.6049880998589915898e-28
0
0
DERIV 23
7.876316358613300472e-13
4.260204567239325051e-30
0
0
DERIV 24
-2.769870541036330503e-13
-1.8550109195584483817e-29
0
0
DERIV 25
9.790093164699385853e-14
-3.746518640984745166e-30
0
0
DERIV 26
-3.476577872331626012e-14
-1.9490027090482563147e-31
0
0
DERIV 27
1.2399816261946108301e-14
-4.890684783649596893e-31
0
0
DERIV 28
-4.440680473905843734e-15
3.706186036098537511e-31
0
0
DERIV 29
1.5963897709972475207e-15
2.4560802533467015725e-32
0
0
DERIV 30
-5.759408021362640269e-16
-1.0443516523734567603e-32
0
0
DERIV 31
2.0848259857790364617e-16
-4.148586001613106497e-33
0
0
DERIV 32
-7.570536306612774030e-17
-3.649010287663503210e-33
0
0
DERIV 33
2.7571956874376885577e-17
1.2182138298835023739e-33
0
0
DERIV 34
-1.0069746847276824397e-17
-3.216598281062459985e-34
0
0
DERIV 35
3.687325202356855808e-18
-1.4190234830268176265e-34
0
0
AT 41/16
0.22112521067322621349
-8.892469514857859003e-18
0
0
DERIV 1
-0.13706526786932157758
8.994091787708402865e-18
0
0
DERIV 2
0.04487751456516165388
1.3044659950952142373e-19
0
0
DERIV 3
-0.010130900360419983763
-9.420894061119485461e-20
0
0
DERIV 4
0.0016511383001154590882
-5.623590288222871593e-21
0
0
DERIV 5
-0.00014572083439834656649
-4.819283457434654894e-22
0
0
DERIV 6
-2.6867182400867442761e-5
7.671231464494373600e-22
0
0
DERIV 7
2.0714258635328399767e-5
5.721984016325844966e-22
0
0
DERIV 8
-8.365087391788193237e-6
-3.561840362390041362e-22
0
0
DERIV 9
2.880534882485661905e-6
4.086055488409456213e-23
0
0
DERIV 10
-9.353817365850299862e-7
-3.641659499371471680e-23
0
0
DERIV 11
2.973066914956151975e-7
-3.749280762436061367e-24
0
0
DERIV 12
-9.403602878768644880e-8
3.400331348305486605e-24
0
0
DERIV 13
2.982832991190036136e-8
-6.333458033031020378e-25
0
0
DERIV 14
-9.523131042315174366e-9
-1.9954872954083489539e-25
0
0
DERIV 15
3.064912909519943513e-9
6.294143777150225617e-26
0
0
DERIV 16
-9.948455712178009887e-10
1.3545366794002940516e-26
0
0
DERIV 17
3.256636264506993886e-10
7.817952419311478361e-28
0
0
DERIV 18
-1.0747796237074172989e-10
3.285887064548594386e-28
0
0
DERIV 19
3.574485310003082952e-11
5.446539270363986705e-28
0
0
DERIV 20
-1.1974007626232718055e-11
-4.880042955013734796e-28
0
0
DERIV 21
4.038165447527951097e-12
4.997373368894480364e-29
0
0
DERIV 22
-1.3703824827307579882e-12
-5.678039295008646372e-29
0
0
DERIV 23
4.677561295474274398e-13
-9.640534567449392213e-30
0
0
DERIV 24
-1.6052333095554423612e-13
-2.4320246185061532330e-30
0
0
DERIV 25
5.536473409459137390e-14
6.750792986322654349e-31
0
0
DERIV 26
-1.9184654341280382640e-14
-7.419087545374494877e-31
0
0
DERIV 27
6.676715111293157047e-15
-5.693689153186562489e-32
0
0
DERIV 28
-2.3331049694985927898e-15
-1.4869804807382379002e-31
0
0
DERIV 29
8.183776045100004639e-16
6.803426277201527617e-33
0
0
DERIV 30
-2.880823458037255701e-16
-8.813483819063565294e-33
0
0
DERIV 31
1.0174836330223453879e-16
-6.976765170380397114e-34
0
0
DERIV 32
-3.604944930094263392e-17
1.3621765363924380668e-33
0
0
DERIV 33
1.2810028350453103257e-17
-4.198601680434469436e-34
0
0
DERIV 34
-4.564657655867091213e-18
1.7035439723865643711e-35
0
0
DERIV 35
1.6308173695445232214e-18
2.899987241694388799e-35
0
0
AT 21/8
0.21273148591219262493
7.220741325815827620e-18
0
0
DERIV 1
-0.13157269886048217344
-8.858512157800874133e-18
0
0
DERIV 2
0.04301630778958975831
-3.4306041281584524784e-18
0
0
DERIV 3
-0.009723928563019913415
4.196500417244778637e-19
0
0
DERIV 4
0.0016041946920220479314
9.752341188986257397e-20
0
0
DERIV 5
-0.00015420585643965745203
8.380016514802545986e-21
0
0
DERIV 6
-1.8663423500738669499e-5
-3.200591462922278776e-22
0
0
DERIV 7
1.6910815360907249121e-5
5.583776038762903731e-22
0
0
DERIV 8
-6.897907912321738226e-6
-1.7719354770282911587e-23
0
0
DERIV 9
2.355053138061154676e-6
1.7857311338730275356e-22
0
0
DERIV 10
-7.532814415336392987e-7
4.372006407781142372e-23
0
0
DERIV 11
2.3508161597885723407e-7
-1.0272343033408871063e-23
0
0
DERIV 12
-7.287104203544671220e-8
2.6372035712201761442e-24
0
0
DERIV 13
2.2627672485123807530e-8
1.0386730562274351654e-25
0
0
DERIV 14
-7.066691774817689675e-9
2.673020272367653446e-25
0
0
DERIV 15
2.223613770726080508e-9
1.3139438250647306230e-25
0
0
DERIV 16
-7.054191548782620607e-10
-4.529341611229400000e-26
0
0
DERIV 17
2.2563173963823573535e-10
-1.8403988081003143975e-27
0
0
DERIV 18
-7.274583162416925314e-11
-2.0102242187287567838e-27
0
0
DERIV 19
2.3631904912023620620e-11
-4.848727472033019235e-28
0
0
DERIV 20
-7.731691133008130985e-12
2.795093513019757552e-28
0
0
DERIV 21
2.5464345185391251547e-12
3.1381323616822881163e-30
0
0
DERIV 22
-8.438690052218653389e-13
-9.901127839261756514e-30
0
0
DERIV 23
2.812643752281532719e-13
1.1223073673006518510e-29
0
0
DERIV 24
-9.424904796170284477e-14
-1.6235316165600941207e-30
0
0
DERIV 25
3.173953414849979097e-14
-2.9604711602901626075e-30
0
0
DERIV 26
-1.0738346858781820104e-14
4.907097224295233772e-31
0
0
DERIV 27
3.648817170829484592e-15
-1.3293035315386146107e-31
0
0
DERIV 28
-1.2448605390333996404e-15
-6.810144031754899681e-32
0
0
DERIV 29
4.263144199788958133e-16
2.3955216466056647301e-32
0
0
DERIV 30
-1.4651314466013440449e-16
-1.3101089272513692934e-33
0
0
DERIV 31
5.052027717452658944e-17
1.5243303259499423994e-33
0
0
DERIV 32
-1.7474739235191300893e-17
-1.0374247298588775919e-33
0
0
DERIV 33
6.062224014566278696e-18
-2.458024374070246551e-34
0
0
DERIV 34
-2.1089024012060727076e-18
4.856705084385888368e-35
0
0
DERIV 35
7.355580819083220483e-19
3.681124784787764835e-35
0
0
AT 43/16
0.20467387500967401670
-1.2452099128323537266e-17
0
0
DERIV 1
-0.12630805794316357638
3.606404300843007644e-18
0
0
DERIV 2
0.04123028907372907476
-2.1825335174258684064e-18
0
0
DERIV 3
-0.009328986011854089808
-4.874050499324893618e-20
0
0
DERIV 4
0.0015550492095916708130
4.407857589062586823e-20
0
0
DERIV 5
-0.00015990737918991458763
5.009134009565214737e-21
0
0
DERIV 6
-1.1973417541323692366e-5
2.660794555700200904e-22
0
0
DERIV 7
1.3772102877146527369e-5
-4.657363579732549118e-22
0
0
DERIV 8
-5.696657278271625100e-6
-2.501800107381735242e-22
0
0
DERIV 9
1.931078092123646659e-6
1.4038211957986421928e-22
0
0
DERIV 10
-6.089718264061887067e-7
4.381447893377769418e-23
0
0
DERIV 11
1.8673824005232340698e-7
-5.654528094806056846e-24
0
0
DERIV 12
-5.676937329320239371e-8
-4.198894365493845447e-25
0
0
DERIV 13
1.7267537953734638038e-8
-1.2138520382751264695e-24
0
0
DERIV 14
-5.278412097088430145e-9
-1.1613657241896318801e-25
0
0
DERIV 15
1.6248602186549760542e-9
5.359336820621282804e-27
0
0
DERIV 16
-5.040974684355362949e-10
-5.118209211475386310e-26
0
0
DERIV 17
1.5763910194171922874e-10
-5.140587442430994110e-27
0
0
DERIV 18
-4.968033199192415264e-11
3.214364090396294569e-28
0
0
DERIV 19
1.5773381686985031751e-11
-1.5295716638424678834e-27
0
0
DERIV 20
-5.043154075807580615e-12
-5.770504592405064379e-29
0
0
DERIV 21
1.6230227821705826273e-12
-8.466292160339703526e-29
0
0
DERIV 22
-5.255355862457879795e-13
3.671673391564684267e-30
0
0
DERIV 23
1.7114072775636013120e-13
6.772359215966307615e-30
0
0
DERIV 24
-5.602840348379003410e-14
-2.4223717255491667978e-30
0
0
DERIV 25
1.8433551217310884906e-14
-6.254915151673408412e-31
0
0
DERIV 26
-6.092707797959410066e-15
3.823939547138983632e-31
0
0
DERIV 27
2.0224551785696273603e-15
5.149245837839492975e-33
0
0
DERIV 28
-6.740506253946353232e-16
-3.276414223791198512e-32
0
0
DERIV 29
2.254962705474266696e-16
-4.784323670066081039e-33
0
0
DERIV 30
-7.570369713623920445e-17
-5.823224568391427670e-33
0
0
DERIV 31
2.5499515956134117159e-17
-6.678333756327320912e-34
0
0
DERIV 32
-8.615846245067356930e-18
-4.834528395735108024e-34
0
0
DERIV 33
2.9196862529183240172e-18
-1.6903686940042188976e-34
0
0
DERIV 34
-9.921426649207643766e-19
-2.735048724105427795e-35
0
0
DERIV 35
3.380220051886423252e-19
1.8596917672263420024e-35
0
0
AT 11/4
0.19693842319544963004
1.9449014557938959269e-19
0
0
DERIV 1
-0.12126208952392704410
-3.383939406779005799e-19
0
0
DERIV 2
0.03951715778954500990
-1.4307062606544016601e-18
0
0
DERIV 3
-0.008946521495143223979
8.415742561331176659e-20
0
0
DERIV 4
0.0015044884076622561716
-6.177949881824092244e-20
0
0
DERIV 5
-0.00016334198060683716592
6.732859646885586843e-21
0
0
DERIV 6
-6.533464334541222507e-6
4.290540786897337960e-23
0
0
DERIV 7
1.1178390247585711715e-5
4.175642556188093509e-22
0
0
DERIV 8
-4.710357764135827168e-6
-3.943484873718169397e-22
0
0
DERIV 9
1.5877198838149876574e-6
8.764830903172628392e-23
0
0
DERIV 10
-4.940956470605053065e-7
2.847738909267017688e-23
0
0
DERIV 11
1.4898518917307435233e-7
8.690374643017063083e-25
0
0
DERIV 12
-4.444843446796971701e-8
8.842014334577242036e-25
0
0
DERIV 13
1.3251797359212625705e-8
-4.581219036989319017e-25
0
0
DERIV 14
-3.967386514271663099e-9
-3.636295967125044335e-25
0
0
DERIV 15
1.1954745228685939998e-9
4.956059894994564887e-26
0
0
DERIV 16
-3.629096664747898243e-10
-6.228059954040073386e-28
0
0
DERIV 17
1.1101722652098370443e-10
6.043005867661744011e-28
0
0
DERIV 18
-3.421898612672524144e-11
2.7354075018431578009e-27
0
0
DERIV 19
1.0624269380188396252e-11
6.937714283140153398e-29
0
0
DERIV 20
-3.3213815980206422635e-12
-4.876273363481324191e-29
0
0
DERIV 21
1.0450694337747644316e-12
-7.330784723726167699e-29
0
0
DERIV 22
-3.308236154099095794e-13
-1.9524393436983138265e-30
0
0
DERIV 23
1.0531677286224064578e-13
-4.717380375911174506e-31
0
0
DERIV 24
-3.370410469816951481e-14
-7.175890532930362884e-31
0
0
DERIV 25
1.0839221600713435501e-14
5.760445875868264368e-31
0
0
DERIV 26
-3.5018772650003338047e-15
4.427084956224002826e-32
0
0
DERIV 27
1.1362139353120420750e-15
-4.637877853106293499e-32
0
0
DERIV 28
-3.701308328296475279e-16
2.2043971564977511880e-32
0
0
DERIV 29
1.2102524696038064359e-16
9.249706632668504553e-33
0
0
DERIV 30
-3.971193443073561036e-17
7.461332906580863903e-34
0
0
DERIV 31
1.3073673817529225336e-17
-1.2201358787367035051e-34
0
0
DERIV 32
-4.317383224251643158e-18
5.688611773634862435e-36
0
0
DERIV 33
1.4299196621692583237e-18
2.979877120179240836e-35
0
0
DERIV 34
-4.748962681396147853e-19
-1.7336585585153514710e-35
0
0
DERIV 35
1.5813049246096715446e-19
2.2075365274539904165e-36
0
0
AT 45/16
0.18951174508901755256
-9.335059447425277065e-19
0
0
DERIV 1
-0.11642583011690657568
1.7188532559379363570e-18
0
0
DERIV 2
0.03787454639295461528
-7.611048178106700646e-19
0
0
DERIV 3
-0.008576806114948133664
4.414620072335369970e-19
0
0
DERIV 4
0.0014531518905919441238
-8.928128266278073393e-20
0
0
DERIV 5
-0.00016493651403643846336
1.1042189788187810447e-20
0
0
DERIV 6
-2.127073296711511533e-6
-8.852245389317499729e-23
0
0
DERIV 7
9.032726949922878146e-6
2.0779913099546424216e-22
0
0
DERIV 8
-3.898436620357084614e-6
3.642839107954314122e-22
0
0
DERIV 9
1.3086686186328252445e-6
2.848920467728376386e-23
0
0
DERIV 10
-4.022597349824014562e-7
-1.1790724990949098560e-23
0
0
DERIV 11
1.1935741574915926753e-7
1.0873483156646276608e-23
0
0
DERIV 12
-3.496829214046614672e-8
2.1609856553134281899e-24
0
0
DERIV 13
1.0224817306454675841e-8
-2.0350743358280850388e-25
0
0
DERIV 14
-2.999799638355606271e-9
1.7591836816429188937e-25
0
0
DERIV 15
8.853081184270580764e-10
-1.3092697058328255420e-26
0
0
DERIV 16
-2.631182922079816803e-10
-5.606810379866565061e-27
0
0
DERIV 17
7.878086334880205580e-11
-6.043508628813936483e-27
0
0
DERIV 18
-2.3762211181438248675e-11
-1.3256702839694392471e-27
0
0
DERIV 19
7.218414213222399027e-12
-3.225679989959918000e-28
0
0
DERIV 20
-2.2076685723398937870e-12
-4.832873386643131092e-29
0
0
DERIV 21
6.795060588504826195e-13
-1.9227019554050025090e-29
0
0
DERIV 22
-2.1040054073837203604e-13
-7.192116972680243057e-31
0
0
DERIV 23
6.551268256612742949e-14
6.789248526072594040e-31
0
0
DERIV 24
-2.0505398658433537709e-14
1.9243894714897789116e-32
0
0
DERIV 25
6.449482311530863088e-15
3.275138076771741182e-31
0
0
DERIV 26
-2.0377722292019563307e-15
1.4362745045182055962e-31
0
0
DERIV 27
6.465939942511329539e-16
1.3915320660127156454e-32
0
0
DERIV 28
-2.0598440273051740109e-16
1.0871309084520082614e-32
0
0
DERIV 29
6.586500050279213253e-17
-2.9802366784996707370e-33
0
0
DERIV 30
-2.1134536464430008517e-17
-5.599320272453441721e-34
0
0
DERIV 31
6.803878839418713685e-18
-5.644241686204450403e-36
0
0
DERIV 32
-2.1971608137547353793e-18
1.0211219643861147790e-34
0
0
DERIV 33
7.115918139678273645e-19
-3.948799567780788654e-35
0
0
DERIV 34
-2.310959950341862709e-19
-1.7045714979332882828e-35
0
0
DERIV 35
7.524547826570329625e-20
-4.814352955412728543e-36
0
0
AT 23/8
0.18238100622270139728
-6.925241348338079670e-19
0
0
DERIV 1
-0.11179061476297698363
1.0980137654175819663e-18
0
0
DERIV 2
0.03630005050451796250
3.2595536140251911364e-18
0
0
DERIV 3
-0.008219966738805241369
-4.017963112682467763e-19
0
0
DERIV 4
0.0014015577690823684265
9.976700013200263210e-20
0
0
DERIV 5
-0.00016504407700911459425
5.470757762680446251e-21
0
0
DERIV 6
1.4239529159739038996e-6
-6.511900539260282219e-23
0
0
DERIV 7
7.256330820282686106e-6
4.038115900364126854e-22
0
0
DERIV 8
-3.228464228177342365e-6
-1.1832022365889874830e-22
0
0
DERIV 9
1.0811273783484440609e-6
2.762525170497025151e-23
0
0
DERIV 10
-3.285462383706862072e-7
1.9448180286696797946e-23
0
0
DERIV 11
9.599738568640546014e-8
1.9407463937434040387e-24
0
0
DERIV 12
-2.7635486698037577125e-8
-1.4523766756718473227e-25
0
0
DERIV 13
7.929811980001577092e-9
1.8272443955283589604e-25
0
0
DERIV 14
-2.281115398751616393e-9
-3.664247300951447102e-26
0
0
DERIV 15
6.597046301626154926e-10
2.961345080406358041e-26
0
0
DERIV 16
-1.9205848517966497786e-10
-2.6324170175412920572e-27
0
0
DERIV 17
5.631275226288559464e-11
-1.2534275027406634540e-28
0
0
DERIV 18
-1.6629743764431355591e-11
-1.1592773796352213088e-27
0
0
DERIV 19
4.945214205017643355e-12
1.9398728240630117704e-28
0
0
DERIV 20
-1.4803684858684520944e-12
8.535434327595319311e-29
0
0
DERIV 21
4.459453498498181752e-13
-2.4930791429867368423e-29
0
0
DERIV 22
-1.3513124943551626909e-13
5.487458123159220156e-30
0
0
DERIV 23
4.117462634778090719e-14
1.7080884468926845413e-30
0
0
DERIV 24
-1.2610939283719296843e-14
-2.679875202425935589e-31
0
0
DERIV 25
3.881167270876015455e-15
2.765416353822747677e-31
0
0
DERIV 26
-1.1998797358091318034e-15
2.828421904950502178e-32
0
0
DERIV 27
3.725177112662379667e-16
-2.0240506075814149412e-32
0
0
DERIV 28
-1.1611096361561315813e-16
-2.5886635184640981606e-33
0
0
DERIV 29
3.632529641240307756e-17
1.6946544731019263918e-33
0
0
DERIV 30
-1.1403966152333832494e-17
-5.054396759549525303e-34
0
0
DERIV 31
3.591886711499365460e-18
2.607629096903228304e-34
0
0
DERIV 32
-1.1348167307153231837e-18
-6.104997096718814619e-35
0
0
DERIV 33
3.595740103838371263e-19
-1.3875016673456252254e-35
0
0
DERIV 34
-1.1424558954840844392e-19
8.577606723162124493e-36
0
0
DERIV 35
3.639265932328718373e-20
-2.3901190650835431804e-36
0
0
AT 47/16
0.17553390427326875933
-1.2056855812895336655e-17
0
0
DERIV 1
-0.10734808005715602841
5.650853035175573868e-18
0
0
DERIV 2
0.03479125327755791530
3.2367678595846776836e-18
0
0
DERIV 3
-0.007876013669747857285
5.408028448647579612e-19
0
0
DERIV 4
0.0013501236120802976356
3.3467856332594408179e-21
0
0
DERIV 5
-0.00016395698574776245587
-1.2947441282497336978e-20
0
0
DERIV 6
4.266643980066631661e-6
3.384654058166379072e-22
0
0
DERIV 7
5.784970160475827380e-6
-2.287614345413794260e-22
0
0
DERIV 8
-2.674414657904910162e-6
5.839506363966999047e-23
0
0
DERIV 9
8.950084380117918802e-7
-5.151464942022906916e-23
0
0
DERIV 10
-2.691521570029158455e-7
1.8745139840918726060e-23
0
0
DERIV 11
7.749714903548984030e-8
3.2532081777182393268e-24
0
0
DERIV 12
-2.1935115933932784834e-8
9.908860060390789957e-25
0
0
DERIV 13
6.180076743638542913e-9
-6.277333808627358382e-26
0
0
DERIV 14
-1.7440457977738095365e-9
-9.552742779762721542e-26
0
0
DERIV 15
4.945212855850424106e-10
2.0361655295270710554e-26
0
0
DERIV 16
-1.4109650883792497443e-10
-1.1643114830814133489e-26
0
0
DERIV 17
4.053308662224403633e-11
2.8255731891237994978e-27
0
0
DERIV 18
-1.1725067708964114823e-11
-2.374563220119524896e-28
0
0
DERIV 19
3.4148523610705009231e-12
2.3415543163953174522e-29
0
0
DERIV 20
-1.0010606488344483435e-12
7.312724783930702395e-29
0
0
DERIV 21
2.952803956099062723e-13
-1.9147037499695336473e-29
0
0
DERIV 22
-8.760697230935106657e-14
1.3461583593635786414e-30
0
0
DERIV 23
2.6134640499341561973e-14
-1.1609731782628531749e-30
0
0
DERIV 24
-7.836413984078470776e-15
1.2345166566983331513e-31
0
0
DERIV 25
2.3610126542051121934e-15
9.465932000233664519e-32
0
0
DERIV 26
-7.145385206641124542e-16
-3.572237725772598442e-32
0
0
DERIV 27
2.1715766195393338711e-16
4.295815737035517283e-33
0
0
DERIV 28
-6.625703355966205811e-17
-5.054842688691303569e-34
0
0
DERIV 29
2.0290380988439156699e-17
8.744156199538501233e-34
0
0
DERIV 30
-6.235226281264363856e-18
1.5113435098421445249e-34
0
0
DERIV 31
1.9223311222293304026e-18
-2.661431047909165492e-35
0
0
DERIV 32
-5.944774761951005770e-19
7.311650317023531205e-36
0
0
DERIV 33
1.8437312351136247083e-19
-1.1680287894689354396e-35
0
0
DERIV 34
-5.733826229738736717e-20
-9.048790054729653354e-37
0
0
DERIV 35
1.7877683754824867535e-20
-3.637150644021171860e-37
0
0
AT 3
0.16895865019307720889
-1.8814646222043956829e-18
0
0
DERIV 1
-0.10309016443473928426
5.166210592502440437e-18
0
0
DERIV 2
0.03334574503909628479
7.270619574783012488e-19
0
0
DERIV 3
-0.007544863552219060153
-1.7408978144044017312e-19
0
0
DERIV 4
0.0012991837325105613007
9.075555342948120015e-20
0
0
DERIV 5
-0.00016191735204788810327
1.2438724211293599732e-21
0
0
DERIV 6
6.522579506046707950e-6
-2.801139048973261542e-22
0
0
DERIV 7
4.566112347908028001e-6
1.5986483405720677680e-22
0
0
DERIV 8
-2.215320874292476567e-6
-1.2255538175628369481e-22
0
0
DERIV 9
7.423241991101703769e-7
5.359290571675209657e-24
0
0
DERIV 10
-2.2112178200044889075e-7
3.730794840066130278e-25
0
0
DERIV 11
6.278355659348946904e-8
4.019160158526868299e-24
0
0
DERIV 12
-1.7482515516788644181e-8
-1.2779482642084310627e-24
0
0
DERIV 13
4.838958564841242663e-9
1.9841189420126904628e-25
0
0
DERIV 14
-1.3403537436071598490e-9
-5.843852072214158449e-26
0
0
DERIV 15
3.728101913064705108e-10
-2.847688501343941080e-28
0
0
DERIV 16
-1.0429844889957913057e-10
4.360565143780606646e-27
0
0
DERIV 17
2.936969828635459736e-11
-2.5468605613069906727e-27
0
0
DERIV 18
-8.326024348939721856e-12
7.652634521411655072e-28
0
0
DERIV 19
2.3760474333657944077e-12
-1.7415275740094048658e-28
0
0
DERIV 20
-6.824169174263341865e-13
3.317045887948571914e-29
0
0
DERIV 21
1.9719135802466187321e-13
8.191712988793375658e-30
0
0
DERIV 22
-5.730895504150809655e-14
7.635388984736180397e-31
0
0
DERIV 23
1.6745740191049765400e-14
-9.556645303797322111e-31
0
0
DERIV 24
-4.917991459585248295e-15
-1.976402380680218564e-31
0
0
DERIV 25
1.4512219224294058151e-15
9.828946535805818539e-33
0
0
DERIV 26
-4.301420476039244374e-16
1.8280339333011047711e-32
0
0
DERIV 27
1.2802659588297213790e-16
-3.235736884100981833e-33
0
0
DERIV 28
-3.825478907216213443e-17
2.2925605698320329814e-33
0
0
DERIV 29
1.1472666362179458626e-17
-6.099103857550699743e-34
0
0
DERIV 30
-3.4525465599194283801e-18
-3.105006705798249091e-35
0
0
DERIV 31
1.0423715482077282448e-18
-5.920123317950175502e-35
0
0
DERIV 32
-3.156686870259541629e-19
-1.8052456507495852380e-35
0
0
DERIV 33
9.587180292619108441e-20
3.348282876402599098e-36
0
0
DERIV 34
-2.919651536683391599e-20
-2.4632470950743266927e-36
0
0
DERIV 35
8.914305016994142150e-21
6.682283820202070521e-37
0
0
AT 49/16
0.16264394939472118229
-1.2011926630102141449e-19
0
0
DERIV 1
-0.09900910625464150183
9.686002038513422473e-19
0
0
DERIV 2
0.03196113901649696304
-1.9129099043405863963e-20
0
0
DERIV 3
-0.007226358343246695390
3.205629682455461058e-19
0
0
DERIV 4
0.0012490034797511561683
8.748108575795393416e-20
0
0
DERIV 5
-0.00015912573268421869427
-4.059934935080210695e-21
0
0
DERIV 6
8.292494561947111456e-6
-7.026752893305297952e-22
0
0
DERIV 7
3.556666488021495324e-6
8.531461671167584386e-23
0
0
DERIV 8
-1.8342297920138939019e-6
9.277228185700102160e-23
0
0
DERIV 9
6.167230788562606578e-7
-5.602467081324247785e-25
0
0
DERIV 10
-1.8214687405186461083e-7
-1.0877462319969334128e-23
0
0
DERIV 11
5.103427790636144887e-8
-1.6344881973621010410e-24
0
0
DERIV 12
-1.3988634248474111939e-8
6.884993506184978990e-25
0
0
DERIV 13
3.805802124983355146e-9
-7.211192776103302081e-26
0
0
DERIV 14
-1.0352221626794282293e-9
-1.6179146018866614679e-26
0
0
DERIV 15
2.825867343375689362e-10
2.3112829028277871186e-26
0
0
DERIV 16
-7.755400194006047946e-11
2.5306626103286281696e-27
0
0
DERIV 17
2.1416779615580807259e-11
-1.5578598302923394319e-27
0
0
DERIV 18
-5.952816250893485853e-12
-3.954645803694826083e-28
0
0
DERIV 19
1.6653156025331791337e-12
7.597399075673364376e-29
0
0
DERIV 20
-4.688046070769925128e-13
-3.114572943759852761e-29
0
0
DERIV 21
1.3276610363971393981e-13
-1.2178411102511023344e-31
0
0
DERIV 22
-3.781333142116600742e-14
-2.9436331039558966924e-30
0
0
DERIV 23
1.0827363700933136672e-14
-3.018765213670013961e-32
0
0
DERIV 24
-3.1158758202267008957e-15
8.903793842763942271e-32
0
0
DERIV 25
9.009118873596067553e-16
-3.732043611414525346e-32
0
0
DERIV 26
-2.616385800834365427e-16
5.068366204948922566e-33
0
0
DERIV 27
7.629907210860084075e-17
-2.6220152533726036470e-33
0
0
DERIV 28
-2.2336946524551674596e-17
9.687684853872438263e-34
0
0
DERIV 29
6.563154868247802993e-18
1.6400836781339745857e-34
0
0
DERIV 30
-1.9350437463433453677e-18
-1.6972765917634984645e-34
0
0
DERIV 31
5.723615769377068839e-19
-2.878921914678213721e-35
0
0
DERIV 32
-1.6981291120503156012e-19
-8.331538173531613193e-36
0
0
DERIV 33
5.052620849004437719e-20
-2.8349795554488949947e-36
0
0
DERIV 34
-1.5074377579235593638e-20
9.271478938844281613e-37
0
0
DERIV 35
4.508944254648160705e-21
-3.442432228426973150e-37
0
0
AT 25/8
0.15657898311248050205
-2.5693861130756213243e-18
0
0
DERIV 1
-0.09509744012590296003
-1.9875739585243202852e-18
0
0
DERIV 2
0.030635083821887513361
1.3173045984909694286e-18
0
0
DERIV 3
-0.006920281027031095593
-1.1675073263274067650e-19
0
0
DERIV 4
0.0011997910807975786622
6.266868782865774068e-20
0
0
DERIV 5
-0.00015574822347914145620
-1.3577908488477380046e-22
0
0
DERIV 6
9.660002985449858324e-6
3.333970129136212107e-22
0
0
DERIV 7
2.721188729483469861e-6
1.9890198825459932460e-22
0
0
DERIV 8
-1.5173864063270268177e-6
3.453153925649849806e-24
0
0
DERIV 9
5.131339615987469027e-7
2.0025775572930155751e-25
0
0
DERIV 10
-1.5041655386002511841e-7
9.029686037438115997e-25
0
0
DERIV 11
4.161596311739211431e-8
5.953374295262072144e-25
0
0
DERIV 12
-1.1235051941343470718e-8
-2.685077769467111042e-25
0
0
DERIV 13
3.006016054537451179e-9
-5.049617911139425623e-26
0
0
DERIV 14
-8.033555268854084094e-10
4.253280207514598943e-26
0
0
DERIV 15
2.1531645076400215220e-10
1.0774956877409393489e-26
0
0
DERIV 16
-5.799468441316484555e-11
-1.1476314925012930580e-27
0
0
DERIV 17
1.5712998681171032159e-11
9.229935635767219735e-28
0
0
DERIV 18
-4.283981476899111095e-12
-2.713734064651528911e-29
0
0
DERIV 19
1.1753481722683959619e-12
5.990633746865389440e-29
0
0
DERIV 20
-3.244511720691420421e-13
-1.2181038748183897805e-29
0
0
DERIV 21
9.009231051872005574e-14
4.319458199170774910e-30
0
0
DERIV 22
-2.5156692912975268605e-14
3.847121101835658088e-31
0
0
DERIV 23
7.061737732129858830e-15
1.1835465238101394487e-31
0
0
DERIV 24
-1.9921718758479602385e-15
-1.5090932718625820824e-31
0
0
DERIV 25
5.646359049088292629e-16
3.301255163520350291e-32
0
0
DERIV 26
-1.6073572345814050184e-16
-7.333014176039371901e-33
0
0
DERIV 27
4.594537791326437724e-17
-2.6253473966351194618e-33
0
0
DERIV 28
-1.3184019910327015801e-17
6.920959980991768910e-34
0
0
DERIV 29
3.796901557756224142e-18
-3.383842872565205101e-34
0
0
DERIV 30
-1.0972171994714952269e-18
-3.385632205571437626e-35
0
0
DERIV 31
3.180907261939117525e-19
2.3092116055682423543e-35
0
0
DERIV 32
-9.249631724373660398e-20
-2.7605984819821385477e-36
0
0
DERIV 33
2.6973597294394928339e-20
1.3144329521488053503e-36
0
0
DERIV 34
-7.887253974657648676e-21
4.827188272753964228e-37
0
0
DERIV 35
2.3121816817235694746e-21
-6.498282729511135403e-38
0
0
AT 51/16
0.15075339003846721653
-6.378921253160803132e-18
0
0
DERIV 1
-0.09134799184675546080
-4.770664054362552985e-18
0
0
DERIV 2
0.029365273251120913023
-8.503424508603773071e-20
0
0
DERIV 3
-0.006626368629090159841
3.664017560229983614e-19
0
0
DERIV 4
0.0011517074681886728046
-4.716162991546298879e-20
0
0
DERIV 5
-0.00015192229384401831783
-9.311971693305675608e-22
0
0
DERIV 6
1.0694617920634200519e-5
6.851618081167473051e-22
0
0
DERIV 7
2.030449619284811620e-6
-5.313061914977015658e-23
0
0
DERIV 8
-1.2535938472489114009e-6
-1.6389557591429845104e-23
0
0
DERIV 9
4.274924236140535439e-7
2.3355351707396968919e-23
0
0
DERIV 10
-1.2450390375771012662e-7
5.283715621927544765e-26
0
0
DERIV 11
3.403843191347497119e-8
-3.1177661018315632516e-24
0
0
DERIV 12
-9.055835843934610424e-9
-7.344950212497964190e-25
0
0
DERIV 13
2.384001834133016329e-9
-1.5235978573495768667e-26
0
0
DERIV 14
-6.262604650479125446e-10
1.2539917430209646289e-26
0
0
DERIV 15
1.6488084008158179665e-10
9.841261965465727064e-27
0
0
DERIV 16
-4.360426053003198497e-11
1.1148793812712333022e-27
0
0
DERIV 17
1.1595949864178312307e-11
-4.016996414606264439e-28
0
0
DERIV 18
-3.1024018748900262366e-12
9.226680336276830810e-29
0
0
DERIV 19
8.351087228212482051e-13
-3.733663009755347571e-29
0
0
DERIV 20
-2.2614815799333077210e-13
6.733694311170816709e-30
0
0
DERIV 21
6.159608848180213191e-14
2.1117405325018307368e-30
0
0
DERIV 22
-1.6869603831434529684e-14
1.6350293343151441040e-31
0
0
DERIV 23
4.644300931014653390e-15
6.054477411704668899e-32
0
0
DERIV 24
-1.2849020998345323331e-15
3.758767769848493147e-32
0
0
DERIV 25
3.571309395037660866e-16
1.2219870364735649787e-33
0
0
DERIV 26
-9.969462498359942581e-17
3.551955556414166740e-33
0
0
DERIV 27
2.794400974118230810e-17
6.860831015620473606e-34
0
0
DERIV 28
-7.862698100863060442e-18
6.684512362077637620e-34
0
0
DERIV 29
2.2203472989844990330e-18
-4.732613755962310558e-35
0
0
DERIV 30
-6.291357021307828784e-19
-2.6935821135867448481e-36
0
0
DERIV 31
1.7883656714726058097e-19
-5.663738086546354064e-36
0
0
DERIV 32
-5.098914287816228277e-20
6.902452833431243863e-37
0
0
DERIV 33
1.4579251080002604378e-20
6.061215353184213846e-37
0
0
DERIV 34
-4.179853003474161730e-21
-1.7486765357268994015e-37
0
0
DERIV 35
1.2014128562322184459e-21
-5.260011412682432161e-38
0
0
AT 13/4
0.14515724831032525421
1.5629416142432378416e-19
0
0
DERIV 1
-0.08775387226215849990
5.067331476216778961e-18
0
0
DERIV 2
0.028149453859346293405
-4.531405706415706641e-19
0
0
DERIV 3
-0.006344322987318270005
9.720748041274497056e-20
0
0
DERIV 4
0.0011048744500330560069
3.905721320183575385e-20
0
0
DERIV 5
-0.00014776159789193260194
5.824704167531400243e-22
0
0
DERIV 6
1.1454210296263666569e-5
-7.061506433396730042e-22
0
0
DERIV 7
1.4602860356676964570e-6
-7.936364069194343937e-23
0
0
DERIV 8
-1.0337092155673875817e-6
-1.1778340684912023997e-23
0
0
DERIV 9
3.565288919314960858e-7
-2.0788964196822988634e-23
0
0
DERIV 10
-1.0327984176618477870e-7
-5.816048373997074380e-24
0
0
DERIV 11
2.7920537322314152005e-8
8.002243155704933506e-25
0
0
DERIV 12
-7.324280542298255353e-9
9.357202433933405056e-26
0
0
DERIV 13
1.898086369896775479e-9
-1.4800615939161350687e-25
0
0
DERIV 14
-4.903351589454822711e-10
-3.579483193062645035e-26
0
0
DERIV 15
1.2686510742477344880e-10
3.770792788540789016e-28
0
0
DERIV 16
-3.295576461556129605e-11
2.0634670098128191103e-27
0
0
DERIV 17
8.605860559762508132e-12
-7.589652569076948148e-28
0
0
DERIV 18
-2.2602975382893829054e-12
-1.8674406220824996931e-28
0
0
DERIV 19
5.971879688352854732e-13
9.802462390225776464e-30
0
0
DERIV 20
-1.5870892244756750923e-13
1.1228745421658100126e-29
0
0
DERIV 21
4.241847747785985213e-14
2.7137620907761466796e-30
0
0
DERIV 22
-1.1398924199941297982e-14
6.246646223668700369e-31
0
0
DERIV 23
3.0789825103618766594e-15
-2.0139033312221886418e-32
0
0
DERIV 24
-8.357209772965515115e-16
4.252426785024618325e-32
0
0
DERIV 25
2.278788385187460954e-16
1.8835016831339805038e-32
0
0
DERIV 26
-6.240476823888164173e-17
-6.065482814414402217e-33
0
0
DERIV 27
1.7158969059804189892e-17
-1.0905049067124753375e-33
0
0
DERIV 28
-4.736085794764027043e-18
-1.978919747814207156e-34
0
0
DERIV 29
1.3119132989140457426e-18
-1.2081133025518944827e-35
0
0
DERIV 30
-3.646338472462659211e-19
5.805856183037981833e-36
0
0
DERIV 31
1.0166950224176440544e-19
-4.178951704409544954e-36
0
0
DERIV 32
-2.843335101720794217e-20
-9.548488642889884032e-37
0
0
DERIV 33
7.974372730133922787e-21
-5.456959565933631618e-37
0
0
DERIV 34
-2.2424820542885881973e-21
-9.113333654401134718e-38
0
0
DERIV 35
6.322125511750274140e-22
4.486881028531756842e-38
0
0
AT 53/16
0.13978105790991676716
-1.1723893591635297404e-17
0
0
DERIV 1
-0.08430847029298728368
2.3120117013788286495e-18
0
0
DERIV 2
0.026985430697285792828
1.4491057700317958588e-18
0
0
DERIV 3
-0.006073819657055649739
3.398959624693542991e-19
0
0
DERIV 4
0.0010593815113182189665
8.488374410806877559e-21
0
0
DERIV 5
-0.00014335995129307946001
3.425727581368862191e-21
0
0
DERIV 6
1.1987016084902257028e-5
-6.368212645652089627e-22
0
0
DERIV 7
9.906777737343621557e-7
5.019991622110742668e-23
0
0
DERIV 8
-8.502447210426606505e-7
4.720310768176089542e-23
0
0
DERIV 9
2.976039582945984056e-7
8.794315795529906548e-24
0
0
DERIV 10
-8.584737224124954225e-8
-6.643135624961845870e-25
0
0
DERIV 11
2.2964586585979038553e-8
1.1093520145448478743e-24
0
0
DERIV 12
-5.943158332909981054e-9
3.304214827191709845e-25
0
0
DERIV 13
1.5168669341097487787e-9
-9.634505454266746896e-26
0
0
DERIV 14
-3.855176923418508600e-10
-1.4507265329210640367e-26
0
0
DERIV 15
9.806401576795660636e-11
-8.971863641416004736e-28
0
0
DERIV 16
-2.5032598608444348190e-11
1.3298061636028275146e-27
0
0
DERIV 17
6.421361861983042287e-12
6.261603395027642624e-29
0
0
DERIV 18
-1.6563348643803138603e-12
6.760839697579205622e-29
0
0
DERIV 19
4.296969013742348289e-13
-6.671114117090143504e-30
0
0
DERIV 20
-1.1211390994596139144e-13
4.639005361085305106e-30
0
0
DERIV 21
2.941524798811171435e-14
4.364978430022530628e-31
0
0
DERIV 22
-7.758953038535791165e-15
2.937112772387814337e-31
0
0
DERIV 23
2.0570198424001598646e-15
-2.557452667199028973e-32
0
0
DERIV 24
-5.479747424279577137e-16
-1.9129850322062113916e-32
0
0
DERIV 25
1.4663972838977588939e-16
1.0770796400981698004e-32
0
0
DERIV 26
-3.940921122194287009e-17
-6.044525387993993338e-34
0
0
DERIV 27
1.0633839885046021117e-17
7.640856621885096285e-34
0
0
DERIV 28
-2.8802239886704957412e-18
1.0042191186183358518e-34
0
0
DERIV 29
7.829070140369946464e-19
3.209943969646473328e-35
0
0
DERIV 30
-2.1352678894191535145e-19
1.7067610133883515815e-36
0
0
DERIV 31
5.842108025966499057e-20
-3.446561374297495304e-36
0
0
DERIV 32
-1.6031883381861279758e-20
-9.042555044569132212e-37
0
0
DERIV 33
4.411898937146400151e-21
-9.659138260880471468e-38
0
0
DERIV 34
-1.2173798419927412367e-21
-4.667561278683366539e-38
0
0
DERIV 35
3.367630928928707716e-22
1.7423879352692026105e-39
0
0
AT 27/8
0.13461572351801739944
5.745641039233794215e-18
0
0
DERIV 1
-0.08100544534619294468
7.345030120835327239e-19
0
0
DERIV 2
0.025871071527949037611
-2.0455331444168768402e-19
0
0
DERIV 3
-0.005814515261847931493
-3.533378689742687658e-19
0
0
DERIV 4
0.0010152914825816829279
-3.349947069068647905e-20
0
0
DERIV 5
-0.00013879462600513789048
-2.9555631765635507469e-21
0
0
DERIV 6
1.2333280016321341929e-5
-7.482747983735803604e-22
0
0
DERIV 7
6.050022074370584028e-7
3.544383757922860652e-23
0
0
DERIV 8
-6.970508600267675193e-7
3.820991488534932691e-23
0
0
DERIV 9
2.485797771784804876e-7
-1.3539965471986694141e-23
0
0
DERIV 10
-7.149114449368909778e-8
2.3513704592932979877e-24
0
0
DERIV 11
1.8937071129512193502e-8
-7.198131274456525487e-25
0
0
DERIV 12
-4.837509140374127248e-9
-1.9476741431659729736e-25
0
0
DERIV 13
1.2165584241560608110e-9
-8.479444907431099088e-26
0
0
DERIV 14
-3.043234809446867704e-10
-1.9066164461063711039e-27
0
0
DERIV 15
7.613663902533298790e-11
6.434988223465267106e-27
0
0
DERIV 16
-1.9105916470505929169e-11
-1.5497838278341172425e-27
0
0
DERIV 17
4.816308823747603549e-12
3.877438744393674287e-28
0
0
DERIV 18
-1.2205321748841507843e-12
-4.473117055061792607e-29
0
0
DERIV 19
3.110242069788615091e-13
-2.5100088512192907087e-29
0
0
DERIV 20
-7.970016592581016791e-14
5.352859794394729865e-30
0
0
DERIV 21
2.0534833468430129917e-14
-5.607642940963812787e-31
0
0
DERIV 22
-5.318662324364114119e-15
-3.437876941378722635e-31
0
0
DERIV 23
1.3844838958639826061e-15
-6.438228395605255854e-32
0
0
DERIV 24
-3.621058514205929838e-16
-1.7761955413404432007e-32
0
0
DERIV 25
9.513322642468178735e-17
3.687631856136443628e-33
0
0
DERIV 26
-2.5099637637992141998e-17
8.355671715824878577e-34
0
0
DERIV 27
6.648678117151401756e-18
-2.838118551343997854e-34
0
0
DERIV 28
-1.7678097109068324623e-18
1.0486665532694589293e-34
0
0
DERIV 29
4.717086790047614928e-19
6.620535012063913384e-36
0
0
DERIV 30
-1.2628806430749722343e-19
1.1729311749187202500e-35
0
0
DERIV 31
3.391710593585250903e-20
1.1170016498493655940e-36
0
0
DERIV 32
-9.136229703415276239e-21
-1.7778867362999381281e-38
0
0
DERIV 33
2.4679484750244479830e-21
-1.2603465811227222872e-37
0
0
DERIV 34
-6.684365594766317982e-22
-4.622944001763407348e-38
0
0
DERIV 35
1.8150065453195261402e-22
-7.019648362623819410e-40
0
0
AT 55/16
0.12965253785813721232
6.331993095128381458e-19
0
0
DERIV 1
-0.07783871927872149099
6.706181265419253303e-18
0
0
DERIV 2
0.024804309790257685758
7.769262894110534223e-19
0
0
DERIV 3
-0.005566053548094161696
-1.9089100843197050592e-19
0
0
DERIV 4
0.0009726452692449525685
3.907228140726555953e-20
0
0
DERIV 5
-0.00013412908565620676677
4.125235665017678963e-21
0
0
DERIV 6
1.2526605374151742421e-5
1.8059702209147004688e-22
0
0
DERIV 7
2.894306640332565168e-7
5.387985763992258768e-24
0
0
DERIV 8
-5.690637899411747516e-7
-2.3000948584606026139e-23
0
0
DERIV 9
2.0771920968223127807e-7
2.7127816437346088963e-24
0
0
DERIV 10
-5.963857216339418226e-8
-1.8242672000459628368e-24
0
0
DERIV 11
1.5654074664847733728e-8
1.4748832128489147750e-24
0
0
DERIV 12
-3.949278808956380660e-9
8.877025111685017704e-26
0
0
DERIV 13
9.790565761763433432e-10
-5.983504423877139053e-26
0
0
DERIV 14
-2.411554132098178060e-10
1.6153812810619611703e-26
0
0
DERIV 15
5.936351341044199979e-11
-3.1264443965088889068e-27
0
0
DERIV 16
-1.4649983409806254523e-11
8.462140889333613569e-28
0
0
DERIV 17
3.6305320358761885636e-12
-9.640885861769292785e-29
0
0
DERIV 18
-9.042275648577316021e-13
-5.041067380574367656e-29
0
0
DERIV 19
2.2641762253289131368e-13
-7.030504884021470611e-30
0
0
DERIV 20
-5.700306036585112148e-14
-5.363880029114510484e-30
0
0
DERIV 21
1.4427899388776343543e-14
-1.4850279643731531674e-30
0
0
DERIV 22
-3.670693494807590373e-15
3.211295658729438656e-31
0
0
DERIV 23
9.385042073927196472e-16
-8.455227010576830649e-32
0
0
DERIV 24
-2.410801044458978342e-16
-2.3336304521635691287e-32
0
0
DERIV 25
6.220354475618062931e-17
3.552719317392347752e-33
0
0
DERIV 26
-1.6117238766659304789e-17
-3.472247113555456916e-34
0
0
DERIV 27
4.192613574807543953e-18
-3.010833957958036404e-34
0
0
DERIV 28
-1.0947116022118558518e-18
7.629092308584854217e-35
0
0
DERIV 29
2.868421163998166784e-19
-1.0836691678833360111e-35
0
0
DERIV 30
-7.540981173227495995e-20
4.682612175641943692e-36
0
0
DERIV 31
1.9887202892459314162e-20
-2.822240961159380729e-37
0
0
DERIV 32
-5.260235198664484867e-21
1.3247076181470200121e-37
0
0
DERIV 33
1.3952504744095346156e-21
2.3572276691772857131e-39
0
0
DERIV 34
-3.710646815267859703e-22
-5.519308501394948440e-39
0
0
DERIV 35
9.893203327542193382e-23
-3.162846353769054089e-39
0
0
AT 7/2
0.12488316555276442188
1.7454874231443477111e-18
0
0
DERIV 1
-0.07480246805751533667
-5.989359423537934607e-18
0
0
DERIV 2
0.023783146531886359409
1.0013408810849715878e-19
0
0
DERIV 3
-0.005328070357930765610
3.462355480579550317e-19
0
0
DERIV 4
0.0009314658003301991675
-1.3093005470944990277e-20
0
0
DERIV 5
-0.00012941526100123884407
-1.3362512641857054572e-20
0
0
DERIV 6
1.2595065387379540881e-5
-2.863356100738005895e-22
0
0
DERIV 7
3.243799787684804185e-8
3.0320560850590563012e-24
0
0
DERIV 8
-4.621031503999578737e-7
1.8888837923321065148e-23
0
0
DERIV 9
1.7360640093488494935e-7
-1.2546040371395149985e-23
0
0
DERIV 10
-4.982972756133777276e-8
-2.8897001963102851951e-24
0
0
DERIV 11
1.2970169041365417067e-8
-1.7105797850032823455e-25
0
0
DERIV 12
-3.233310597786400222e-9
-5.996989545919956543e-26
0
0
DERIV 13
7.905157861895194454e-10
4.087400883902150475e-26
0
0
DERIV 14
-1.9180640905087548126e-10
-8.469247676061488588e-27
0
0
DERIV 15
4.647470369409374947e-11
-1.8394336388045390843e-29
0
0
DERIV 16
-1.1283345931621712121e-11
-4.333886023068226716e-30
0
0
DERIV 17
2.7498815885037195540e-12
1.0513033627168239576e-28
0
0
DERIV 18
-6.733601837073101250e-13
2.1046121032494608441e-29
0
0
DERIV 19
1.6573674305779517663e-13
-3.238713713199834729e-30
0
0
DERIV 20
-4.100903081186883313e-14
2.8917136951294594518e-30
0
0
DERIV 21
1.0200139566252025796e-14
-2.919594459169951428e-32
0
0
DERIV 22
-2.5499563045446584404e-15
-1.7356482992371658854e-31
0
0
DERIV 23
6.405758878207595204e-16
-2.466184754408374052e-34
0
0
DERIV 24
-1.6166642536211237426e-16
2.2082721187691076885e-33
0
0
DERIV 25
4.098045997180726329e-17
3.076291908647916745e-34
0
0
DERIV 26
-1.0431299296627656133e-17
-4.594521101520826288e-34
0
0
DERIV 27
2.6656580775655128022e-18
-1.7746219083266220928e-34
0
0
DERIV 28
-6.837215365496524028e-19
3.265769420510494714e-35
0
0
DERIV 29
1.7598366380367979905e-19
1.1794989028982735513e-35
0
0
DERIV 30
-4.544631484973374647e-20
-6.291647511992683854e-38
0
0
DERIV 31
1.1772769010547237786e-20
3.248654335405504362e-37
0
0
DERIV 32
-3.0587073651089413284e-21
1.4519644516674235532e-38
0
0
DERIV 33
7.969065316571504831e-22
1.6859675264135966773e-38
0
0
DERIV 34
-2.0817212377912786756e-22
7.627290285065796878e-39
0
0
DERIV 35
5.451594377382349136e-23
3.416406312819250253e-39
0
0
AT 57/16
0.12029962750725356480
-2.4532470567935038691e-18
0
0
DERIV 1
-0.07189111323249709751
-4.997350805966593045e-19
0
0
DERIV 2
0.022805651496925410243
-6.708151498191668925e-19
0
0
DERIV 3
-0.005100197698646152106
-1.3497524182693817718e-20
0
0
DERIV 4
0.0008917613272335190655
2.4477003079281926922e-21
0
0
DERIV 5
-0.00012469544621853236380
3.888311233941966287e-21
0
0
DERIV 6
1.2562120636694997598e-5
7.333395840723900757e-23
0
0
DERIV 7
-1.7559708617835697646e-7
-1.0454876914219521205e-23
0
0
DERIV 8
-3.727096862264530733e-7
1.8915788985998035396e-23
0
0
DERIV 9
1.4508398856593440978e-7
-1.3064354806135899380e-23
0
0
DERIV 10
-4.169392884193744805e-8
-5.331430911765980868e-25
0
0
DERIV 11
1.0769924011148477666e-8
1.4290806420441673467e-25
0
0
DERIV 12
-2.654332947618104458e-9
-5.178113072524487062e-26
0
0
DERIV 13
6.402990425496892319e-10
-3.195532295817865297e-26
0
0
DERIV 14
-1.5309861249282631845e-10
-1.0785936086432990270e-26
0
0
DERIV 15
3.652731365281867031e-11
1.9881021544362074187e-28
0
0
DERIV 16
-8.727670533821020538e-12
1.7040166815932811375e-28
0
0
DERIV 17
2.0925158326489860439e-12
-5.422842933976063944e-29
0
0
DERIV 18
-5.039374264859559557e-13
-1.5579994591924489075e-29
0
0
DERIV 19
1.2196444034154650562e-13
2.536643122713744664e-31
0
0
DERIV 20
-2.966958796477900117e-14
2.8565257994064066676e-30
0
0
DERIV 21
7.254432836659009301e-15
1.5999468986139531380e-31
0
0
DERIV 22
-1.7826023277153154328e-15
7.922386771056186986e-32
0
0
DERIV 23
4.401332125529085344e-16
1.7827044418057126664e-32
0
0
DERIV 24
-1.0916892066165090075e-16
4.248337415021389232e-33
0
0
DERIV 25
2.7195704938324882198e-17
5.482112543949459299e-34
0
0
DERIV 26
-6.802815486009348337e-18
1.996647089935162882e-34
0
0
DERIV 27
1.7083112131645183691e-18
-8.658858814189062922e-35
0
0
DERIV 28
-4.305681717237611563e-19
2.6948501892575749892e-36
0
0
DERIV 29
1.0889925060262211650e-19
-1.1019005658039200857e-35
0
0
DERIV 30
-2.763327705251449073e-20
7.191670971485674975e-37
0
0
DERIV 31
7.033736583447459297e-21
4.143815374881420690e-38
0
0
DERIV 32
-1.7956131793100721701e-21
-1.3059375188970485961e-37
0
0
DERIV 33
4.596678268914350554e-22
4.658919827077949754e-38
0
0
DERIV 34
-1.1798216765009138266e-22
1.0914345152511240024e-39
0
0
DERIV 35
3.035779544347314933e-23
2.2013974405669160926e-39
0
0
AT 29/8
0.11589428582995575656
-5.193284852485601812e-18
0
0
DERIV 1
-0.06909931331820190481
1.8691672039446870426e-18
0
0
DERIV 2
0.021869963523416073581
-3.473551401319431983e-19
0
0
DERIV 3
-0.004882067057201646548
-1.2192273810565004508e-19
0
0
DERIV 4
0.0008535281804107880789
1.0118882957014637772e-20
0
0
DERIV 5
-0.00012000388186013639729
2.4487385960081247818e-21
0
0
DERIV 6
1.2447378146037601233e-5
-4.818089965060116312e-22
0
0
DERIV 7
-3.427187055991349928e-7
1.2934459129186330166e-23
0
0
DERIV 8
-2.980143956583541491e-7
-1.6089550344461004124e-24
0
0
DERIV 9
1.2120327110685887792e-7
2.4666816713943478978e-24
0
0
DERIV 10
-3.493145576167615308e-8
1.3982110699033626846e-24
0
0
DERIV 11
8.961385901269782360e-9
1.6026925792000155559e-25
0
0
DERIV 12
-2.184684711434185226e-9
1.7243008776203437779e-25
0
0
DERIV 13
5.201984893258010828e-10
-2.1275197839358196307e-26
0
0
DERIV 14
-1.2262020400227337705e-10
5.729182405066716786e-27
0
0
DERIV 15
2.8817695413653470304e-11
1.1988549826856516781e-27
0
0
DERIV 16
-6.778760610067185519e-12
-2.975109328709768712e-28
0
0
DERIV 17
1.5994172620295259810e-12
2.0514887121580632220e-29
0
0
DERIV 18
-3.789551616475865087e-13
-4.107663379313389318e-30
0
0
DERIV 19
9.021345600908816746e-14
2.6965360048529644165e-30
0
0
DERIV 20
-2.1582773861855372797e-14
4.763162156684729367e-31
0
0
DERIV 21
5.189236239830631342e-15
1.6676094989585037258e-31
0
0
DERIV 22
-1.2537669503185365268e-15
4.454263261776185946e-32
0
0
DERIV 23
3.043516065577672408e-16
6.236374391433973820e-33
0
0
DERIV 24
-7.421519386698800184e-17
-4.216075335711540067e-33
0
0
DERIV 25
1.8175012584915941476e-17
6.885500318409582870e-34
0
0
DERIV 26
-4.469158937900298751e-18
-1.2910802561976814950e-34
0
0
DERIV 27
1.1031942285499039637e-18
-2.1890930338939892610e-35
0
0
DERIV 28
-2.733143258071659733e-19
-8.665189743384963270e-36
0
0
DERIV 29
6.794701789916451702e-20
-4.118627239989145444e-37
0
0
DERIV 30
-1.6947048538346317784e-20
-1.6797027870921299982e-37
0
0
DERIV 31
4.239907509766399628e-21
-3.268307789521766660e-37
0
0
DERIV 32
-1.0638616729885278908e-21
4.067954909238357175e-38
0
0
DERIV 33
2.676781740355559468e-22
5.582391931409537919e-40
0
0
DERIV 34
-6.752690068239573673e-23
5.480305515152516864e-39
0
0
DERIV 35
1.7077252829828678277e-23
-7.878998302922705833e-40
0
0
AT 59/16
0.11165982929178125405
6.264169800552335238e-18
0
0
DERIV 1
-0.06642195516198455552
5.559777890962621301e-18
0
0
DERIV 2
0.020974290380325555372
-4.405426917404753039e-20
0
0
DERIV 3
-0.004673312083876167075
-3.561896694196981570e-19
0
0
DERIV 4
0.0008167530732121376646
-4.808747134642504159e-20
0
0
DERIV 5
-0.00011536807824290313412
-6.219263870651318226e-22
0
0
DERIV 6
1.2267220900596347672e-5
7.897344886959957644e-22
0
0
DERIV 7
-4.756615501891267573e-7
-2.773764929192852024e-25
0
0
DERIV 8
-2.3563274123012788324e-7
-3.178790273859429016e-25
0
0
DERIV 9
1.0118451713081535546e-7
4.134455194518772642e-24
0
0
DERIV 10
-2.9299213028398729961e-8
1.0426510309574940231e-24
0
0
DERIV 11
7.471046552837527596e-9
-4.280718755761906559e-25
0
0
DERIV 12
-1.8025891222977316406e-9
-4.633271286734790657e-26
0
0
DERIV 13
4.238539127606287350e-10
-1.9185245903627318981e-26
0
0
DERIV 14
-9.853237176382475554e-11
-3.959685321386854372e-27
0
0
DERIV 15
2.2818162653822145637e-11
-9.977977559476732164e-28
0
0
DERIV 16
-5.286022883708854122e-12
3.228777581366166233e-28
0
0
DERIV 17
1.2277897040707726772e-12
1.4831779357061951241e-30
0
0
DERIV 18
-2.862909068321616806e-13
-1.0503764187069670794e-29
0
0
DERIV 19
6.705869313045556449e-14
3.752658238434923205e-30
0
0
DERIV 20
-1.5782806844255812635e-14
9.786244394753040575e-31
0
0
DERIV 21
3.732665095743749168e-15
-1.4121313147618055847e-33
0
0
DERIV 22
-8.870094050161329939e-16
1.6120190507362160361e-32
0
0
DERIV 23
2.1176240217264942224e-16
8.645589460565844866e-33
0
0
DERIV 24
-5.078092548550390415e-17
-1.5692717740830473599e-33
0
0
DERIV 25
1.2229109095861288789e-17
-1.7469084708460510531e-34
0
0
DERIV 26
-2.9569226531359609851e-18
1.6686830726654561740e-34
0
0
DERIV 27
7.177035314985691872e-19
-1.5415168680615471733e-35
0
0
DERIV 28
-1.7483234733492602635e-19
7.373760424300900893e-36
0
0
DERIV 29
4.273516938935750839e-20
-1.0111716117926942453e-36
0
0
DERIV 30
-1.0479865258386234495e-20
6.553130069392541427e-37
0
0
DERIV 31
2.5778455054429899702e-21
2.441635283300816400e-38
0
0
DERIV 32
-6.359425902510424419e-22
3.439785544776481908e-38
0
0
DERIV 33
1.5731575728373938780e-22
-8.514554490597105511e-39
0
0
DERIV 34
-3.901733668899765409e-23
-1.1984457775089147430e-39
0
0
DERIV 35
9.700988957048801747e-24
-6.071941983991090824e-40
0
0
AT 15/4
0.10758925932399103498
5.170258659090463510e-18
0
0
DERIV 1
-0.06385414536190124613
-1.7839554739519081103e-18
0
0
DERIV 2
0.020116908152242814894
1.3358056860869656796e-18
0
0
DERIV 3
-0.004473570748710969588
-3.332786889049392516e-20
0
0
DERIV 4
0.0007814150268630438382
-4.849798563268783492e-20
0
0
DERIV 5
-0.00011080992336082081664
-3.483996683423828056e-21
0
0
DERIV 6
1.2035331024704316877e-5
4.111039809424977240e-22
0
0
DERIV 7
-5.800709231413091751e-7
-2.942317537401793568e-23
0
0
DERIV 8
-1.8357885696097199381e-7
-9.976407596650431533e-25
0
0
DERIV 9
8.438524061999065734e-8
-6.432932998170331486e-24
0
0
DERIV 10
-2.4599445339652863525e-8
-2.513379734532796134e-25
0
0
DERIV 11
6.239945520915337845e-9
3.307492929252444847e-25
0
0
DERIV 12
-1.4908381219428209147e-9
-4.901808217488161587e-26
0
0
DERIV 13
3.463167541156385309e-10
-7.125295183801186332e-27
0
0
DERIV 14
-7.942699396604910896e-11
-4.478840502701181510e-27
0
0
DERIV 15
1.8131112762233093953e-11
-1.1040646094411129807e-27
0
0
DERIV 16
-4.137833772887372343e-12
6.304540574984137572e-29
0
0
DERIV 17
9.464326861604037915e-13
-3.759959350829236404e-29
0
0
DERIV 18
-2.1725308537222590070e-13
2.3434352107592924784e-30
0
0
DERIV 19
5.008531807047723232e-14
-2.5693239155874917289e-30
0
0
DERIV 20
-1.1600163247873142398e-14
-2.823055348687110055e-31
0
0
DERIV 21
2.6994020013518090843e-15
5.092447368541731100e-33
0
0
DERIV 22
-6.311051706739630144e-16
-3.125649744734017276e-33
0
0
DERIV 23
1.4822199184945777528e-16
-7.603609340943894872e-33
0
0
DERIV 24
-3.496445699343525986e-17
2.8061672971483066169e-33
0
0
DERIV 25
8.282485974986668543e-18
-2.443870013432497377e-34
0
0
DERIV 26
-1.9698218437743273681e-18
1.2665303895813587690e-34
0
0
DERIV 27
4.702596663485586936e-19
-3.840853157802328988e-35
0
0
DERIV 28
-1.1266971670521505602e-19
2.494808071431774743e-37
0
0
DERIV 29
2.7086490916080740038e-20
1.2992365899287328904e-36
0
0
DERIV 30
-6.532744919328227675e-21
-3.233941994765416765e-37
0
0
DERIV 31
1.5803806570544610649e-21
-9.858986813203515857e-39
0
0
DERIV 32
-3.834253209099933263e-22
-3.450427515270536616e-39
0
0
DERIV 33
9.327973920979269405e-23
1.4494903505191026234e-39
0
0
DERIV 34
-2.2752015185584833080e-23
1.3831596340842154562e-40
0
0
DERIV 35
5.563152734980986109e-24
2.6731817455037853390e-40
0
0
AT 61/16
0.10367587654946898434
7.159647000495104006e-19
0
0
DERIV 1
-0.06139120178497702029
1.7418125013069825693e-20
0
0
DERIV 2
0.019296160262268328284
-7.121364912696015587e-20
0
0
DERIV 3
-0.004282487057545448193
2.351155815096439043e-19
0
0
DERIV 4
0.0007474869780854947630
-1.2148644156182389438e-20
0
0
DERIV 5
-0.00010634661154131582503
-1.0637230267243578946e-21
0
0
DERIV 6
1.1763125459272096842e-5
3.109939956510707096e-22
0
0
DERIV 7
-6.606840350228854371e-7
3.430057307907396804e-23
0
0
DERIV 8
-1.4019576455315005969e-7
1.1068844043937455383e-23
0
0
DERIV 9
7.027475818394765161e-8
-5.301115686361815220e-24
0
0
DERIV 10
-2.0670821355469532022e-8
8.086566155341318444e-25
0
0
DERIV 11
5.220637937693905446e-9
-2.321400822218665913e-25
0
0
DERIV 12
-1.2357850551042860980e-9
1.0320596729068088917e-25
0
0
DERIV 13
2.837216773033757104e-10
-2.0086050979024717187e-26
0
0
DERIV 14
-6.422117693991045948e-11
1.4103314844573034020e-28
0
0
DERIV 15
1.4455589493984577307e-11
6.505565323517092475e-28
0
0
DERIV 16
-3.2510507891363316928e-12
1.0286786384521913459e-28
0
0
DERIV 17
7.324813502959163888e-13
-3.528111620689825673e-29
0
0
DERIV 18
-1.6557570412393944210e-13
1.1396470123138746198e-29
0
0
DERIV 19
3.758087926206016265e-14
-1.4933990482454989525e-32
0
0
DERIV 20
-8.567859757073550469e-15
-6.870653925116071564e-31
0
0
DERIV 21
1.9623230179815180871e-15
-9.108445854060696537e-32
0
0
DERIV 22
-4.514968318436378670e-16
4.818076041779583294e-32
0
0
DERIV 23
1.0434706098875629519e-16
4.609399141491847931e-33
0
0
DERIV 24
-2.4220354951447265845e-17
-8.881180093198293251e-35
0
0
DERIV 25
5.645175261860540621e-18
1.4322351249349953038e-34
0
0
DERIV 26
-1.3209539628292615092e-18
-3.498816035583282416e-35
0
0
DERIV 27
3.102606794653345621e-19
-1.9642137074842687733e-36
0
0
DERIV 28
-7.313265397892729386e-20
5.144980391827676096e-36
0
0
DERIV 29
1.7296607346603961908e-20
-5.815027833497814022e-38
0
0
DERIV 30
-4.103916713280714969e-21
8.668880193578391769e-38
0
0
DERIV 31
9.766774952385356820e-22
-2.871110931432017762e-38
0
0
DERIV 32
-2.331041553356065984e-22
9.312476629052087318e-39
0
0
DERIV 33
5.578665871811744790e-23
-3.411890664443532337e-39
0
0
DERIV 34
-1.3385405525376843073e-23
-7.971541613904906329e-40
0
0
DERIV 35
3.2195618933649965920e-24
-2.898232970885100536e-41
0
0
AT 31/8
0.09991326783989036564
-4.701481419240768272e-18
0
0
DERIV 1
-0.05902864522622016524
-2.1433918296080522041e-18
0
0
DERIV 2
0.018510456208654713084
4.897516075532539995e-19
0
0
DERIV 3
-0.004099712400389171618
3.148397597133454379e-19
0
0
DERIV 4
0.0007149371205644830009
3.864140213591554857e-20
0
0
DERIV 5
-0.00010199142268706832301
-9.295601492931097829e-22
0
0
DERIV 6
1.1460119461217878846e-5
6.174318007837850113e-22
0
0
DERIV 7
-7.214797370782647571e-7
-3.679437423370845943e-23
0
0
DERIV 8
-1.0409844880550480850e-7
1.3667497244357981846e-24
0
0
DERIV 9
5.841371807126843129e-8
6.853926105756747871e-25
0
0
DERIV 10
-1.7381363981904476639e-8
9.004749774008397203e-25
0
0
DERIV 11
4.374826502736977278e-9
1.4502403651895780214e-25
0
0
DERIV 12
-1.0265701680063570343e-9
2.4588230666609182958e-27
0
0
DERIV 13
2.330380244504074955e-10
1.5966079028205046128e-26
0
0
DERIV 14
-5.207872177077339047e-11
2.1750867164662589879e-27
0
0
DERIV 15
1.1562785674981163644e-11
2.554944759525742068e-28
0
0
DERIV 16
-2.5634533621420318039e-12
1.2010112770941353196e-28
0
0
DERIV 17
5.690953926581556551e-13
-3.578562029719807580e-29
0
0
DERIV 18
-1.2671741966782218314e-13
-1.2552118875350188797e-30
0
0
DERIV 19
2.8324194192574772663e-14
-1.4600279366527830766e-30
0
0
DERIV 20
-6.358257486877442964e-15
-2.775968440069611898e-31
0
0
DERIV 21
1.4336828102339267857e-15
8.330336370902480614e-32
0
0
DERIV 22
-3.247195981644130216e-16
-5.819842633591095382e-33
0
0
DERIV 23
7.387016319612816171e-17
-5.837475678675720336e-33
0
0
DERIV 24
-1.6876225964792363590e-17
-5.488068566752875177e-34
0
0
DERIV 25
3.871280570737485401e-18
1.0901439692198380971e-34
0
0
DERIV 26
-8.915134916396625167e-19
-1.9948638010685970048e-35
0
0
DERIV 27
2.0606961055683271834e-19
-4.266510715840143834e-36
0
0
DERIV 28
-4.780046402318150473e-20
-2.4606245112199100058e-36
0
0
DERIV 29
1.1125101570840760986e-20
-2.560389165156643803e-37
0
0
DERIV 30
-2.5974925164351070518e-21
-1.5657987925451233816e-37
0
0
DERIV 31
6.082911328547901855e-22
1.3210389594482569806e-38
0
0
DERIV 32
-1.4285907792690103807e-22
2.1745481422933491811e-39
0
0
DERIV 33
3.364183225887490947e-23
2.7880377574182487795e-39
0
0
DERIV 34
-7.942679283427649451e-24
-4.220937919702026920e-40
0
0
DERIV 35
1.8798096987715749555e-24
1.7760932448064517641e-41
0
0
AT 63/16
0.09629529388895738395
3.2946931953560254339e-18
0
0
DERIV 1
-0.05676219124010529332
3.2498369941271218795e-18
0
0
DERIV 2
0.017758270078246093243
1.2233027371070152222e-19
0
0
DERIV 3
-0.003924906593168553913
3.005016593169809110e-19
0
0
DERIV 4
0.0006837300229791937580
1.9983061498654567413e-20
0
0
DERIV 5
-9.775437674780747060e-5
-2.2513225997597042458e-21
0
0
DERIV 6
1.1134230422540543901e-5
-4.540976034345867303e-22
0
0
DERIV 7
-7.658024752142797677e-7
3.030406895126912131e-23
0
0
DERIV 8
-7.412729506702290871e-8
6.396718016431278542e-24
0
0
DERIV 9
4.843757803240418955e-8
5.630059832597481994e-25
0
0
DERIV 10
-1.4622825206722965201e-8
6.999413880069023063e-25
0
0
DERIV 11
3.671505119646920899e-9
1.8430682404355810631e-25
0
0
DERIV 12
-8.545226572731121763e-10
-2.767816769832659238e-26
0
0
DERIV 13
1.9188089541203532986e-10
7.088112226400229355e-27
0
0
DERIV 14
-4.235136690850550256e-11
-1.4323590573116691747e-27
0
0
DERIV 15
9.278005361130700353e-12
3.741739388339852216e-28
0
0
DERIV 16
-2.0282658619835943692e-12
-1.7295785374384532979e-28
0
0
DERIV 17
4.438115379678229745e-13
2.0269202749295233079e-29
0
0
DERIV 18
-9.736993423061065422e-14
-2.1661306418214079478e-30
0
0
DERIV 19
2.1439689094620265702e-14
-9.332784641337260936e-31
0
0
DERIV 20
-4.740169772831069452e-15
-1.6390024758558674251e-31
0
0
DERIV 21
1.0525533884778480128e-15
-4.016455920758703204e-32
0
0
DERIV 22
-2.347406227280397498e-16
-2.1770964979225024403e-32
0
0
DERIV 23
5.257757894270878496e-17
2.2529031150352408294e-33
0
0
DERIV 24
-1.1825758010464447502e-17
3.700866160363335578e-34
0
0
DERIV 25
2.6705847280679350370e-18
7.701539997876283524e-36
0
0
DERIV 26
-6.054216375943296040e-19
-3.120772230698064760e-35
0
0
DERIV 27
1.3775453847285477025e-19
1.2093140653858665954e-36
0
0
DERIV 28
-3.145374503918666583e-20
2.0319646963508470954e-36
0
0
DERIV 29
7.205780297983312236e-21
4.229499130642502220e-37
0
0
DERIV 30
-1.6559925074603034489e-21
-2.1012696006760998889e-38
0
0
DERIV 31
3.817106320028207077e-22
9.871452354120951889e-39
0
0
DERIV 32
-8.823526136640034404e-23
3.766557659071998140e-39
0
0
DERIV 33
2.0451226908167908164e-23
1.0537411482579186039e-39
0
0
DERIV 34
-4.752332176545134306e-24
2.0391813710517857824e-40
0
0
DERIV 35
1.1070035484513515477e-24
7.494777285791762143e-41
0
0
AT 4
0.09281607729012236740
5.587953696326930616e-18
0
0
DERIV 1
-0.05458774216904078297
2.6169586130858418325e-18
0
0
DERIV 2
0.017038138889263091530
-1.2479699895456669165e-21
0
0
DERIV 3
-0.003757738664111332817
-8.670990513725511109e-20
0
0
DERIV 4
0.0006538275593022956121
-4.748382419147431866e-20
0
0
DERIV 5
-9.364278382192035583e-5
-4.307222183153539390e-21
0
0
DERIV 6
1.0792032230708661214e-5
7.136222399648722991e-22
0
0
DERIV 7
-7.964651302524774933e-7
-3.449524218786965488e-23
0
0
DERIV 8
-4.930990207978461876e-8
1.3754088022230489672e-25
0
0
DERIV 9
4.004323024457289256e-8
2.3389947382347401150e-24
0
0
DERIV 10
-1.2306195368532389080e-8
1.9730605358684377117e-25
0
0
DERIV 11
3.085498301900121156e-9
-8.924404480877588961e-26
0
0
DERIV 12
-7.126971911361613401e-10
-4.531431024216389356e-26
0
0
DERIV 13
1.5836693443736507234e-10
-6.672350384927548217e-27
0
0
DERIV 14
-3.453462600244385095e-11
3.839205560065630892e-28
0
0
DERIV 15
7.467317645031998870e-12
1.1490994851135510571e-28
0
0
DERIV 16
-1.6101688237454512758e-12
-1.6105088966281520047e-29
0
0
DERIV 17
3.473626484444915142e-13
1.9124213801871609752e-29
0
0
DERIV 18
-7.511123106389915383e-14
-1.0853854345456996736e-30
0
0
DERIV 19
1.6296294128605969614e-14
9.623297822989166770e-31
0
0
DERIV 20
-3.5495670423782495258e-15
-1.8541922068425490158e-31
0
0
DERIV 21
7.763826851902764211e-16
4.590139235583518906e-32
0
0
DERIV 22
-1.7053857137347188486e-16
1.0204039329014304490e-32
0
0
DERIV 23
3.761836614892678974e-17
1.8313010822424895633e-33
0
0
DERIV 24
-8.332264874277698422e-18
1.4584127669521056852e-34
0
0
DERIV 25
1.8528942100678941928e-18
2.2969315098597633455e-35
0
0
DERIV 26
-4.136111596298997807e-19
1.6008782408441183632e-35
0
0
DERIV 27
9.266454530296836814e-20
9.278539467061036963e-37
0
0
DERIV 28
-2.0832409108665785676e-20
-1.8664827888853349281e-37
0
0
DERIV 29
4.698896540831630258e-21
1.8507055322671119679e-37
0
0
DERIV 30
-1.0631903695241832858e-21
-5.768534459618415517e-38
0
0
DERIV 31
2.412771798410214790e-22
5.318390968023404829e-39
0
0
DERIV 32
-5.490933904104174964e-23
1.3822709502600080878e-39
0
0
DERIV 33
1.2529656729552039684e-23
7.204151650145598696e-40
0
0
DERIV 34
-2.8664007480621007243e-24
-4.026781484074383360e-41
0
0
DERIV 35
6.573318720961644931e-25
1.1271482965827111986e-41
0
0
AT 33/8
0.08625164791471257031
-2.5369527011849859843e-18
0
0
DERIV 1
-0.05049935577419232408
1.1034849989801707395e-18
0
0
DERIV 2
0.015688493269845629752
1.0466820451296546225e-19
0
0
DERIV 3
-0.003445041883519227646
1.9239846909354131357e-20
0
0
DERIV 4
0.0005977750579924371753
-6.051558533868437409e-21
0
0
DERIV 5
-8.581435070128492256e-5
-4.401098045115735233e-21
0
0
DERIV 6
1.0079531933554647675e-5
2.606248264598659008e-22
0
0
DERIV 7
-8.259026352949210235e-7
-4.536032924464178694e-23
0
0
DERIV 8
-1.1999994647155142936e-8
6.686059693496650569e-27
0
0
DERIV 9
2.7031518011510352558e-8
-7.558288709967072123e-25
0
0
DERIV 10
-8.717942953056371044e-9
7.492066056625563239e-25
0
0
DERIV 11
2.187199445939338822e-9
-1.6784347415742598327e-25
0
0
DERIV 12
-4.984736603771569342e-10
-4.078122357172330018e-26
0
0
DERIV 13
1.0860504609604427383e-10
-3.241148632214100755e-27
0
0
DERIV 14
-2.3141946257692396211e-11
1.8005074417966630984e-28
0
0
DERIV 15
4.879306514448590483e-12
-2.615667690810964988e-28
0
0
DERIV 16
-1.0245049641122688832e-12
-2.4250034321182762617e-29
0
0
DERIV 17
2.1501131092564106954e-13
1.2381415407217253326e-30
0
0
DERIV 18
-4.519835640749538254e-14
2.1322938427265907202e-30
0
0
DERIV 19
9.528585379643858222e-15
5.262570098764722955e-31
0
0
DERIV 20
-2.0159179639901347813e-15
8.665435582887592810e-33
0
0
DERIV 21
4.281593421008191844e-16
-7.408632754024753653e-33
0
0
DERIV 22
-9.130323681538272063e-17
1.9180068373721697996e-33
0
0
DERIV 23
1.9548784356283071753e-17
1.1536228251005066036e-33
0
0
DERIV 24
-4.202201314976695933e-18
1.5866650678445817395e-34
0
0
DERIV 25
9.067922830702262659e-19
3.817760793797874951e-35
0
0
DERIV 26
-1.9640448284502690143e-19
-7.965432327921573148e-36
0
0
DERIV 27
4.269140047501969301e-20
1.9021957881078876019e-36
0
0
DERIV 28
-9.311192799237836528e-21
5.549180632010462150e-37
0
0
DERIV 29
2.0374015705797831679e-21
-6.984729373458117246e-38
0
0
DERIV 30
-4.471840477834342616e-22
-4.628175625379730039e-38
0
0
DERIV 31
9.843932255900784920e-23
1.9178548153496224096e-39
0
0
DERIV 32
-2.1730050532662249831e-23
-1.4023708777604445307e-39
0
0
DERIV 33
4.809533369808699486e-24
1.4226623842603817576e-40
0
0
DERIV 34
-1.0671825875337880647e-24
3.217116442128222884e-42
0
0
DERIV 35
2.373639724517707977e-25
-6.524139079437948430e-42
0
0
AT 17/4
0.08017777591323725639
-3.487794144059666037e-18
0
0
DERIV 1
-0.04673415160769484739
-4.214063887508327573e-19
0
0
DERIV 2
0.014451004295888225312
3.554492921232874159e-19
0
0
DERIV 3
-0.003159176184701518921
-4.257228583824852192e-20
0
0
DERIV 4
0.0005464469131232564973
2.0727680374619210954e-20
0
0
DERIV 5
-7.852624538706563405e-5
-5.999346279304869650e-21
0
0
DERIV 6
9.355634189067002087e-6
-7.822362759472250700e-22
0
0
DERIV 7
-8.245758273636985759e-7
-2.939029181179193934e-23
0
0
DERIV 8
1.2929293031155448666e-8
1.3899244256196587469e-25
0
0
DERIV 9
1.7817158080280069553e-8
-8.333986582122073445e-25
0
0
DERIV 10
-6.169166370150579409e-9
5.372173866739503537e-26
0
0
DERIV 11
1.5568978544908216627e-9
4.176972854870217702e-26
0
0
DERIV 12
-3.509769199560328609e-10
3.918876043276249341e-27
0
0
DERIV 13
7.510523176760983681e-11
-2.386151562508650872e-28
0
0
DERIV 14
-1.5659292462548938376e-11
5.676868459121475418e-28
0
0
DERIV 15
3.2233054543145184622e-12
-1.5575485872364252137e-28
0
0
DERIV 16
-6.597671937838055756e-13
-4.228698112177007033e-29
0
0
DERIV 17
1.3484476203876787868e-13
-5.029529289979705990e-30
0
0
DERIV 18
-2.7585461483241425228e-14
1.0611746976252791073e-30
0
0
DERIV 19
5.656432589311766804e-15
-1.5881821949214898601e-31
0
0
DERIV 20
-1.1635156120215128903e-15
8.371461991235386073e-32
0
0
DERIV 21
2.401920755734878612e-16
7.570855207017352057e-33
0
0
DERIV 22
-4.977268074610667555e-17
-2.1389552903330018320e-33
0
0
DERIV 23
1.0353694355564639829e-17
5.061417662798624272e-34
0
0
DERIV 24
-2.1620132976213929630e-18
4.730872447130993960e-35
0
0
DERIV 25
4.531507563378830902e-19
3.360777269480273442e-35
0
0
DERIV 26
-9.532276624120155679e-20
2.6106749443206114211e-36
0
0
DERIV 27
2.0121501755325249440e-20
-4.422554201480325190e-37
0
0
DERIV 28
-4.261577153663138466e-21
2.435145483869070560e-37
0
0
DERIV 29
9.054443082080684664e-22
-3.086830636092887647e-38
0
0
DERIV 30
-1.9296134688399053183e-22
2.7796281746302021428e-39
0
0
DERIV 31
4.124141010480715638e-23
5.111149831485694606e-40
0
0
DERIV 32
-8.838753371993810724e-24
-3.6471903748404198391e-40
0
0
DERIV 33
1.8992636357223219014e-24
1.0317843931681368970e-40
0
0
DERIV 34
-4.091301482818034692e-25
1.5764336852027702588e-41
0
0
DERIV 35
8.834213539265240416e-26
-4.622922173725324992e-42
0
0
AT 35/8
0.07455576468716959559
2.0618984921610392483e-18
0
0
DERIV 1
-0.04326531196699737181
2.2552589568021746573e-18
0
0
DERIV 2
0.013316042643581636057
-4.799426790036790680e-19
0
0
DERIV 3
-0.002897864017990187894
2.0146511479547453976e-19
0
0
DERIV 4
0.0004995046537945856428
1.8723242846135910264e-20
0
0
DERIV 5
-7.177816628747848656e-5
6.754387872224665075e-21
0
0
DERIV 6
8.642414515596910757e-6
-2.610878510784358059e-22
0
0
DERIV 7
-8.029528635037883926e-7
4.050437060466173899e-23
0
0
DERIV 8
2.9097999868432529817e-8
-1.5802130384285018532e-24
0
0
DERIV 9
1.1305060631173790750e-8
5.443359320828695707e-25
0
0
DERIV 10
-4.351973923250533091e-9
-1.1765394552500179164e-25
0
0
DERIV 11
1.1118263945047161415e-9
-4.150895378633118144e-26
0
0
DERIV 12
-2.486015335431302792e-10
-5.658269331873289419e-27
0
0
DERIV 13
5.233976955765601679e-11
3.1629546398784986052e-27
0
0
DERIV 14
-1.0692328177399157897e-11
1.9783963810039459963e-28
0
0
DERIV 15
2.1511999212429136684e-12
-1.0356532952178778671e-30
0
0
DERIV 16
-4.297034901164755443e-13
1.4014850558424765536e-29
0
0
DERIV 17
8.561473609486411478e-14
1.5579340762792915379e-30
0
0
DERIV 18
-1.7060955437297829821e-14
9.145634923029594332e-31
0
0
DERIV 19
3.4059245196495326751e-15
4.574464764479954024e-32
0
0
DERIV 20
-6.817963802633449589e-16
2.962127890694725398e-34
0
0
DERIV 21
1.3692861616718313006e-16
-3.558650750789321272e-33
0
0
DERIV 22
-2.7597711689978720647e-17
-7.235287341260964530e-34
0
0
DERIV 23
5.582641151324133569e-18
-2.863863857037829368e-34
0
0
DERIV 24
-1.1334378181924274214e-18
-1.0995058856288742916e-35
0
0
DERIV 25
2.309523842552418223e-19
1.6045521606865415879e-37
0
0
DERIV 26
-4.722501572808179650e-20
2.508717523815496394e-37
0
0
DERIV 27
9.689350706123625415e-21
-1.3361123538239986260e-37
0
0
DERIV 28
-1.9944936681519047915e-21
-1.4732278606253441558e-37
0
0
DERIV 29
4.118377875046577194e-22
4.810514272813691378e-39
0
0
DERIV 30
-8.529331647082747798e-23
-2.8899872663017562357e-39
0
0
DERIV 31
1.7714942115710296394e-23
-1.4378759704997542554e-39
0
0
DERIV 32
-3.689289860540856868e-24
3.6575126074372869522e-40
0
0
DERIV 33
7.703156569558047235e-25
-2.1054090630792574872e-41
0
0
DERIV 34
-1.6123698861546425649e-25
-7.218627305284276021e-42
0
0
DERIV 35
3.382831479101151539e-26
1.7178436257832031003e-42
0
0
AT 9/2
0.06935012375841045906
-4.220555435404680852e-18
0
0
DERIV 1
-0.04006832236052041557
-1.0956277059885328753e-18
0
0
DERIV 2
0.012274801418988597404
2.931432321791223845e-19
0
0
DERIV 3
-0.002658996243315707702
-1.3097127944721117604e-19
0
0
DERIV 4
0.0004566145138433391781
-4.899113678929411512e-22
0
0
DERIV 5
-6.555632555138862924e-5
6.089366143898736392e-21
0
0
DERIV 6
7.954207588319903174e-6
5.354136664263215353e-22
0
0
DERIV 7
-7.684318678321223109e-7
-2.714617427080209610e-23
0
0
DERIV 8
3.908641094634849510e-8
8.494955237837543951e-26
0
0
DERIV 9
6.722270107740253889e-9
1.1630606414072633946e-25
0
0
DERIV 10
-3.052774565992349104e-9
-1.9610152741017752493e-25
0
0
DERIV 11
7.957750206059564940e-10
-3.921895583433275701e-27
0
0
DERIV 12
-1.7701674744129513364e-10
-5.534558344128811622e-27
0
0
DERIV 13
3.673313413913668890e-11
-2.2713290660959246495e-27
0
0
DERIV 14
-7.362446120615684442e-12
4.609757930324067001e-28
0
0
DERIV 15
1.4494600111798069919e-12
-8.435502266829632977e-29
0
0
DERIV 16
-2.828412306735725343e-13
-1.9633033982185557225e-29
0
0
DERIV 17
5.498960394529698610e-14
-7.124764582623397259e-31
0
0
DERIV 18
-1.0684361035979604061e-14
-3.562977307862164571e-31
0
0
DERIV 19
2.0784629639423762681e-15
2.935640057580626670e-32
0
0
DERIV 20
-4.052626405816387517e-16
-7.778366803379340810e-33
0
0
DERIV 21
7.925154470865744562e-17
-4.235279864003131824e-33
0
0
DERIV 22
-1.5549169933306318350e-17
-2.944340345503139650e-34
0
0
DERIV 23
3.0613071911237426277e-18
1.4978708577166792370e-34
0
0
DERIV 24
-6.048225286127145201e-19
-1.5628152520367519613e-35
0
0
DERIV 25
1.1991102787201420241e-19
-1.1055746236606099691e-37
0
0
DERIV 26
-2.3854420192437511032e-20
7.131940855967031156e-37
0
0
DERIV 27
4.761164989446039335e-21
-1.3274632935481500483e-38
0
0
DERIV 28
-9.533253070628171915e-22
-1.7931654367898605611e-38
0
0
DERIV 29
1.9146868672776951905e-22
-8.911685067613334255e-39
0
0
DERIV 30
-3.856798897960002279e-23
8.188911175359887133e-41
0
0
DERIV 31
7.790634538711018597e-24
-1.5297435263756385055e-40
0
0
DERIV 32
-1.5779033718329517941e-24
1.7511260310356960701e-41
0
0
DERIV 33
3.204030142025697576e-25
1.9094936536538757143e-41
0
0
DERIV 34
-6.521843884170754262e-26
3.711655992937886967e-42
0
0
DERIV 35
1.3306172227752347825e-26
-1.5394068970517913655e-44
0
0
AT 37/8
0.06452829339099074024
-5.321062395780817049e-18
0
0
DERIV 1
-0.03712077374250870310
2.8133072913776709824e-18
0
0
DERIV 2
0.011319233682430904914
8.222700997176753164e-19
0
0
DERIV 3
-0.002440627948432823064
-4.835656854866602007e-20
0
0
DERIV 4
0.0004174542397588975142
-6.980263480543322741e-21
0
0
DERIV 5
-5.983835184082286643e-5
-2.4633978379839949396e-21
0
0
DERIV 6
7.299886991448778502e-6
1.6867456649939383548e-22
0
0
DERIV 7
-7.262196107964694366e-7
4.567635597584295306e-23
0
0
DERIV 8
4.473890386492996593e-8
-7.849564443933638724e-25
0
0
DERIV 9
3.520097720461617292e-9
1.6324092609417496556e-25
0
0
DERIV 10
-2.122288126066262632e-9
-2.0143194811467749172e-25
0
0
DERIV 11
5.702319429047048598e-10
-4.719353655185655206e-26
0
0
DERIV 12
-1.2662178989455058638e-10
7.508582676397244233e-28
0
0
DERIV 13
2.5946875488947026085e-11
9.486263868897908246e-28
0
0
DERIV 14
-5.109303054054095983e-12
-5.646232269982805016e-29
0
0
DERIV 15
9.853925613448466868e-13
-2.2586850038081402645e-29
0
0
DERIV 16
-1.8803121610546544299e-13
-5.498014406420033225e-31
0
0
DERIV 17
3.570523330931577516e-14
2.3844376831773217236e-30
0
0
DERIV 18
-6.770177285768011698e-15
-2.940077438724392066e-32
0
0
DERIV 19
1.2844892244735986739e-15
5.151138688735891013e-33
0
0
DERIV 20
-2.441548349191622188e-16
-1.6862920605473428123e-32
0
0
DERIV 21
4.652944572850506747e-17
2.1951968313080944996e-33
0
0
DERIV 22
-8.894122335797578090e-18
1.6197393953410277688e-34
0
0
DERIV 23
1.7056404259597041275e-18
-4.908203215729667864e-35
0
0
DERIV 24
-3.281863327913896082e-19
1.2179579560676178672e-35
0
0
DERIV 25
6.335849231413740853e-20
-3.668983996468695981e-36
0
0
DERIV 26
-1.2272123115382836766e-20
2.567784038539132747e-37
0
0
DERIV 27
2.3846768755178578440e-21
-1.1990641884849030482e-37
0
0
DERIV 28
-4.648254204297640258e-22
3.821718182037111577e-38
0
0
DERIV 29
9.087642060365936460e-23
-4.679387317495292455e-39
0
0
DERIV 30
-1.7818112365268078501e-23
1.1503856363125269811e-39
0
0
DERIV 31
3.503231144408762700e-24
-3.2986203493051973362e-40
0
0
DERIV 32
-6.905903427809057687e-25
-3.166697374247212936e-41
0
0
DERIV 33
1.3647907178929073445e-25
-6.718439554292511186e-42
0
0
DERIV 34
-2.703687159586486973e-26
6.045765657252484967e-43
0
0
DERIV 35
5.368396747144385379e-27
-1.5575503289177368254e-43
0
0
AT 19/4
0.06006039296692403801
-2.7006960219259210836e-18
0
0
DERIV 1
-0.03440218012316925700
-1.0953245700174056107e-18
0
0
DERIV 2
0.010441992091343043139
1.0549258638298623742e-19
0
0
DERIV 3
-0.002240971547212720037
-1.6631833382413342553e-19
0
0
DERIV 4
0.0003817173134556968959
2.2383542146937176475e-20
0
0
DERIV 5
-5.459674116740154462e-5
-1.6952838244388746245e-21
0
0
DERIV 6
6.684494423564826881e-6
-3.998446682162929643e-22
0
0
DERIV 7
-6.799550202937998854e-7
2.6813532007716624619e-24
0
0
DERIV 8
4.737620736989288568e-8
-9.082596362536246329e-25
0
0
DERIV 9
1.3071078176277668289e-9
5.700139066124297139e-26
0
0
DERIV 10
-1.4554679228474730771e-9
-9.761514154322919711e-26
0
0
DERIV 11
4.085945251407122911e-10
2.5565109246647444764e-26
0
0
DERIV 12
-9.092447351260033423e-11
-3.0169603012044474482e-27
0
0
DERIV 13
1.8435696589596595025e-11
-1.4435176574701885496e-27
0
0
DERIV 14
-3.5714651853795414590e-12
2.850009957544302205e-29
0
0
DERIV 15
6.755227126228307513e-13
-1.9150829025453167816e-29
0
0
DERIV 16
-1.2617380620215199656e-13
9.630499616687336452e-30
0
0
DERIV 17
2.3422149740658014742e-14
-1.2107320701365427269e-30
0
0
DERIV 18
-4.337769999425483922e-15
-1.2439452708518483854e-31
0
0
DERIV 19
8.033259444208994975e-16
-4.697658211617449724e-32
0
0
DERIV 20
-1.4897599136505089013e-16
-1.2060158409919712179e-32
0
0
DERIV 21
2.7689348717051307564e-17
-1.8958283671137688732e-34
0
0
DERIV 22
-5.160614522802992782e-18
-1.1174149110200843262e-34
0
0
DERIV 23
9.647272882198343276e-19
-5.089061666034051169e-35
0
0
DERIV 24
-1.8091759790694028056e-19
-8.950790580253421717e-36
0
0
DERIV 25
3.403669705964211822e-20
3.650209036672324531e-37
0
0
DERIV 26
-6.423840232628596448e-21
1.5560409746016142122e-37
0
0
DERIV 27
1.2161746433083911750e-21
-1.0705966593487580922e-38
0
0
DERIV 28
-2.309476054439629325e-22
-1.5205148129556915803e-38
0
0
DERIV 29
4.398486925916989800e-23
2.6173073392617330136e-39
0
0
DERIV 30
-8.400749382825846378e-24
-1.3071231310403184073e-40
0
0
DERIV 31
1.6088246825787500001e-24
5.292593363974488834e-41
0
0
DERIV 32
-3.089059884742429611e-25
1.8219634129553182709e-42
0
0
DERIV 33
5.945967606112448511e-26
2.3823509543111482983e-42
0
0
DERIV 34
-1.1472296359330573347e-26
-2.866026273361656914e-44
0
0
DERIV 35
2.2185256701299313657e-27
6.770364025680343377e-44
0
0
AT 39/8
0.05591899123212305811
-1.3613759374800676190e-18
0
0
DERIV 1
-0.03189381091551823227
3.0858878361111894513e-18
0
0
DERIV 2
0.009636371465340345596
5.154444483933329006e-19
0
0
DERIV 3
-0.002058388247086752505
1.3530821478877680309e-19
0
0
DERIV 4
0.0003491153608802220211
-2.4940573218172703473e-20
0
0
DERIV 5
-4.980126911524375432e-5
8.152982059259383278e-22
0
0
DERIV 6
6.110406152555224437e-6
2.0712182045242002615e-22
0
0
DERIV 7
-6.321538536313441136e-7
-2.5752047776509311357e-23
0
0
DERIV 8
4.794470071411015846e-8
-1.5752752045023153613e-24
0
0
DERIV 9
-1.9714809163215363084e-10
1.1302218910384594095e-26
0
0
DERIV 10
-9.779328010307049035e-10
-7.338802941776745506e-26
0
0
DERIV 11
2.923465751487014033e-10
1.7745582637474473834e-26
0
0
DERIV 12
-6.549625497526652076e-11
2.4331330064766386970e-27
0
0
DERIV 13
1.3168462653641356621e-11
-2.664414726544411589e-28
0
0
DERIV 14
-2.5133045802089065866e-12
-1.0938090121867610348e-28
0
0
DERIV 15
4.667288774353415268e-13
4.387166169297657055e-29
0
0
DERIV 16
-8.541174860252030941e-14
2.994931607524869841e-32
0
0
DERIV 17
1.5513504929829164326e-14
3.217143712383782214e-31
0
0
DERIV 18
-2.8085272116189027287e-15
3.716408151406171362e-32
0
0
DERIV 19
5.080915488266072251e-16
3.997650827685076397e-32
0
0
DERIV 20
-9.200039023058412379e-17
-2.0238910394795876981e-33
0
0
DERIV 21
1.6689632482474091130e-17
9.533103369295667286e-34
0
0
DERIV 22
-3.0350834817595491762e-18
3.980836727642641945e-35
0
0
DERIV 23
5.534909239744690002e-19
9.967666469066446382e-36
0
0
DERIV 24
-1.0123834935338802930e-19
6.761251185169585401e-37
0
0
DERIV 25
1.8574053893628208060e-20
-6.722344816776743455e-37
0
0
DERIV 26
-3.418200004787176905e-21
3.070028996185999796e-37
0
0
DERIV 27
6.309567691110773414e-22
-4.544894501585469207e-39
0
0
DERIV 28
-1.1681071249986604923e-22
-7.015003553004458716e-39
0
0
DERIV 29
2.1687445477739011857e-23
8.920192593088931351e-40
0
0
DERIV 30
-4.037699012762453654e-24
-3.327039574167668480e-41
0
0
DERIV 31
7.537270826686380176e-25
3.854708717220200716e-41
0
0
DERIV 32
-1.4105969697029584242e-25
-1.0182592741629951814e-42
0
0
DERIV 33
2.646394829929162122e-26
2.5148985443891074851e-42
0
0
DERIV 34
-4.976503435635686963e-27
-1.9083832897628155762e-43
0
0
DERIV 35
9.379256040041450354e-28
-7.842562147833472955e-44
0
0
AT 5
0.05207889661872318332
-1.6005518913918135279e-18
0
0
DERIV 1
-0.029578537224922121091
-1.7140956094476496340e-18
0
0
DERIV 2
0.008896254733690841729
4.836109332446257470e-19
0
0
DERIV 3
-0.0018913786470904714668
-4.882176131871333375e-20
0
0
DERIV 4
0.0003193792983529581222
-1.4524263908918992272e-20
0
0
DERIV 5
-4.542065912627943076e-5
-2.1980558148714123354e-21
0
0
DERIV 6
5.578168755737046213e-6
1.3825607674909425402e-22
0
0
DERIV 7
-5.845271991854470220e-7
1.7698630246687560222e-23
0
0
DERIV 8
4.712208794944782793e-8
-1.2338416246677650056e-24
0
0
DERIV 9
-1.1943180696272167387e-9
-6.497848449189977353e-26
0
0
DERIV 10
-6.367173648165291658e-10
2.845030415889608543e-26
0
0
DERIV 11
2.0850929889049038745e-10
6.857925767707131034e-27
0
0
DERIV 12
-4.729154851944492675e-11
-1.6797504426952879776e-27
0
0
DERIV 13
9.450816817649349250e-12
-7.899610451461798507e-30
0
0
DERIV 14
-1.7796616888937943609e-12
1.7798154313822030758e-29
0
0
DERIV 15
3.248359831476726962e-13
4.557643533401321845e-30
0
0
DERIV 16
-5.829734577837171194e-14
6.381466033106692351e-31
0
0
DERIV 17
1.0369176186012574068e-14
-3.649493558649497162e-31
0
0
DERIV 18
-1.8364819829283458046e-15
3.963853581947781617e-32
0
0
DERIV 19
3.248012763937705797e-16
3.0701739477890375988e-33
0
0
DERIV 20
-5.746561841122839275e-17
1.5337699690305632832e-33
0
0
DERIV 21
1.0182117395586998293e-17
-7.434586485150132532e-34
0
0
DERIV 22
-1.8080239793408670362e-18
4.576716049188106634e-35
0
0
DERIV 23
3.218725066921145672e-19
-1.5082931775544903853e-35
0
0
DERIV 24
-5.746148599171856561e-20
-4.308274629634170999e-36
0
0
DERIV 25
1.0288008830482390320e-20
1.896508267527733426e-37
0
0
DERIV 26
-1.8474022719377935861e-21
1.1000883919078788564e-37
0
0
DERIV 27
3.327047243205261550e-22
-2.0981868265549934352e-38
0
0
DERIV 28
-6.008980802399758949e-23
-4.858496513564879282e-39
0
0
DERIV 29
1.0883151227150949195e-23
-2.5629374865277974876e-40
0
0
DERIV 30
-1.9764345217383937357e-24
-2.0097658007644874701e-41
0
0
DERIV 31
3.598676531043509051e-25
9.801793165190641144e-43
0
0
DERIV 32
-6.568905082200231350e-26
1.8611250686578586633e-42
0
0
DERIV 33
1.2019593865217480583e-26
-7.978128066903220081e-44
0
0
DERIV 34
-2.2044005894651516494e-27
-7.639179580324783434e-44
0
0
DERIV 35
4.051850598484908724e-28
3.997504456645894942e-45
0
0
AT 41/8
0.04851696595523783545
3.673275216107353665e-19
0
0
DERIV 1
-0.027440691203990216773
1.2230798520381397853e-18
0
0
DERIV 2
0.008216062486273651225
7.336151401084649529e-19
0
0
DERIV 3
-0.0017385729933109500631
9.914375373646302867e-20
0
0
DERIV 4
0.0002922596120252612083
5.692040857485132776e-21
0
0
DERIV 5
-4.142371785393242464e-5
-2.0746492895354456042e-22
0
0
DERIV 6
5.087097563450370507e-6
3.649729036051915042e-22
0
0
DERIV 7
-5.382104308980748595e-7
1.3085196893972542434e-23
0
0
DERIV 8
4.539262019663387412e-8
1.3584782862100433363e-24
0
0
DERIV 9
-1.8298007766435471495e-9
6.572524923018756271e-26
0
0
DERIV 10
-3.939141631785301257e-10
-1.8767450008183712566e-26
0
0
DERIV 11
1.4792587508213929665e-10
-5.346596436248566845e-27
0
0
DERIV 12
-3.419982317289033501e-11
1.4749556661378927249e-27
0
0
DERIV 13
6.811156650003775541e-12
1.1974102999254241058e-28
0
0
DERIV 14
-1.2673948691812814884e-12
-1.8817293953330955114e-29
0
0
DERIV 15
2.276310337289995598e-13
2.3952188258349948711e-29
0
0
DERIV 16
-4.010060442808769471e-14
2.4969488551863916997e-30
0
0
DERIV 17
6.990509335418795399e-15
1.8361769072236385207e-31
0
0
DERIV 18
-1.2121560745652856509e-15
3.152106478697957126e-32
0
0
DERIV 19
2.0973682859811041515e-16
-8.179515489687920517e-33
0
0
DERIV 20
-3.628392463200002704e-17
-2.428503256429137298e-34
0
0
DERIV 21
6.283710324741318192e-18
-8.693902776983252350e-36
0
0
DERIV 22
-1.0902295723185369351e-18
-7.043693754991060476e-35
0
0
DERIV 23
1.8959501304277766196e-19
4.327125184817094649e-36
0
0
DERIV 24
-3.305708977076652492e-20
-2.0498435493895277537e-36
0
0
DERIV 25
5.779573990930829467e-21
-3.362212329586342264e-37
0
0
DERIV 26
-1.0133217146905433268e-21
-3.703322275825225633e-38
0
0
DERIV 27
1.7816429667172216141e-22
-5.631138911636644669e-40
0
0
DERIV 28
-3.141235809248738797e-23
-4.378759132253601047e-40
0
0
DERIV 29
5.553422595201028660e-24
3.0172478753870761228e-40
0
0
DERIV 30
-9.843920273190203865e-25
4.152370587095352561e-41
0
0
DERIV 31
1.7493847501094443081e-25
3.396837409954327005e-42
0
0
DERIV 32
-3.116541619618587801e-26
1.3491016659566650049e-42
0
0
DERIV 33
5.565323536897457472e-27
2.5712629430668996607e-43
0
0
DERIV 34
-9.960871344021647933e-28
8.640370100182128096e-44
0
0
DERIV 35
1.7867089685614189167e-28
-3.3065165967387935776e-46
0
0
AT 21/4
0.04521192998815411201
-1.4475761749816588139e-18
0
0
DERIV 1
-0.025465937562050375981
1.1417588526260885873e-18
0
0
DERIV 2
0.007590706184821348346
-3.573167285064579009e-19
0
0
DERIV 3
-0.0015987214504627005572
6.831638712634205644e-21
0
0
DERIV 4
0.0002675260535528657820
-1.8373790671664895650e-22
0
0
DERIV 5
-3.778008923004353440e-5
1.3884445775984967969e-21
0
0
DERIV 6
4.635704280698720655e-6
-3.492410827103715798e-22
0
0
DERIV 7
-4.939282634253189352e-7
-2.5049849968137701442e-23
0
0
DERIV 8
4.310091548231079668e-8
3.1081600630495993652e-24
0
0
DERIV 9
-2.208649254990360770e-9
1.8040240218928406298e-25
0
0
DERIV 10
-2.2227001716048917083e-10
-1.2436984834320111316e-26
0
0
DERIV 11
1.0409702452880246046e-10
4.939733585887325515e-27
0
0
DERIV 12
-2.4748060491265955163e-11
-1.0257239166244126670e-27
0
0
DERIV 13
4.926578116727839984e-12
2.706504180216925424e-28
0
0
DERIV 14
-9.073272191018786563e-13
5.328782355660225122e-30
0
0
DERIV 15
1.6053530490205199717e-13
1.1396662590815741486e-29
0
0
DERIV 16
-2.7785945535591566225e-14
1.4923663541250788557e-30
0
0
DERIV 17
4.751133714306095541e-15
2.835746822049815591e-31
0
0
DERIV 18
-8.071941613418706895e-16
-4.196119361741431603e-32
0
0
DERIV 19
1.3673684406545966366e-16
3.0729453725868131947e-33
0
0
DERIV 20
-2.3145633122792164501e-17
-7.197917561370450811e-34
0
0
DERIV 21
3.920393072723415821e-18
2.488698129258996274e-34
0
0
DERIV 22
-6.650405942468427363e-19
-4.135604070461681114e-35
0
0
DERIV 23
1.1304806698837302311e-19
-6.877082126723659638e-38
0
0
DERIV 24
-1.9262787864743032326e-20
-9.212123437795688980e-37
0
0
DERIV 25
3.2907747234060261313e-21
9.140937232803009068e-38
0
0
DERIV 26
-5.636897687881591210e-22
1.1669206461697068390e-38
0
0
DERIV 27
9.681816507272510214e-23
5.168811017550126853e-39
0
0
DERIV 28
-1.6674045595570765102e-23
-3.183922454328482926e-42
0
0
DERIV 29
2.8792059104833150766e-24
-6.664472610165272435e-41
0
0
DERIV 30
-4.984528084307551372e-25
-2.614188184612143094e-41
0
0
DERIV 31
8.650910203697206139e-26
-2.0994763573652618008e-42
0
0
DERIV 32
-1.5050462724755938722e-26
-3.999870309321466986e-43
0
0
DERIV 33
2.6245239299773838377e-27
-1.5024485731390801711e-43
0
0
DERIV 34
-4.586968097996756843e-28
-5.126625260330618516e-45
0
0
DERIV 35
8.034104756225555530e-29
4.188560798219761038e-45
0
0
AT 43/8
0.04214423425267464079
2.5084048600024447557e-18
0
0
DERIV 1
-0.023641156319018367254
5.326478940006953836e-19
0
0
DERIV 2
0.007015544980528571825
1.7060071943061713456e-19
0
0
DERIV 3
-0.0014706846280690903227
-4.918899345031478837e-20
0
0
DERIV 4
0.0002449669542802929687
2.6617840529638184807e-20
0
0
DERIV 5
-3.446073654504602199e-5
1.0593138256154310186e-21
0
0
DERIV 6
4.222001332846734522e-6
-5.768022423331784087e-23
0
0
DERIV 7
-4.521139882958084201e-7
1.0530092404044178435e-24
0
0
DERIV 8
4.049064113893470138e-8
-2.2991396746731608940e-24
0
0
DERIV 9
-2.406854856235673866e-9
-1.0188169473376301616e-25
0
0
DERIV 10
-1.0211392163929505876e-10
2.2603083470375236061e-27
0
0
DERIV 11
7.238415538602132073e-11
-5.030787386184420535e-27
0
0
DERIV 12
-1.7901316850244157323e-11
6.360119907296529849e-28
0
0
DERIV 13
3.5743057896618069812e-12
1.2038322558447316262e-29
0
0
DERIV 14
-6.526697963098311372e-13
1.4406384895981411916e-29
0
0
DERIV 15
1.1389230919708278798e-13
8.578585223535965610e-30
0
0
DERIV 16
-1.9385820145837196678e-14
1.2237924698372604645e-30
0
0
DERIV 17
3.2539899078566079887e-15
1.3775679317537679852e-31
0
0
DERIV 18
-5.420547077882704260e-16
-3.938620612573228712e-32
0
0
DERIV 19
8.995770055744359760e-17
1.9915886476947387809e-33
0
0
DERIV 20
-1.4909044262464074856e-17
-4.356754821857187811e-34
0
0
DERIV 21
2.4714085510974184800e-18
3.522160844443100283e-35
0
0
DERIV 22
-4.101562625004199247e-19
-1.3364529865687605499e-35
0
0
DERIV 23
6.819231772897281433e-20
-1.1182089189976652041e-36
0
0
DERIV 24
-1.1362436967689861865e-20
-9.218967252879807644e-38
0
0
DERIV 25
1.8978306644394053613e-21
-9.653047247639958247e-38
0
0
DERIV 26
-3.177950106403562011e-22
4.600474172297461741e-39
0
0
DERIV 27
5.335346881818822903e-23
5.398222257772985422e-39
0
0
DERIV 28
-8.980598775251350118e-24
1.5419417620084818048e-40
0
0
DERIV 29
1.5155202599669282097e-24
1.2297319333514838941e-41
0
0
DERIV 30
-2.563948518954098100e-25
5.943149900071656917e-42
0
0
DERIV 31
4.348296063307245787e-26
-8.323165531187904507e-43
0
0
DERIV 32
-7.391941676433317934e-27
-7.139861896548032688e-44
0
0
DERIV 33
1.2594844632609569174e-27
8.027477430953139976e-44
0
0
DERIV 34
-2.150731615386480236e-28
1.7895755711937320526e-44
0
0
DERIV 35
3.680466279123675516e-29
2.3308836327609988464e-45
0
0
AT 11/2
0.03929589394282347742
1.7201905243621457017e-18
0
0
DERIV 1
-0.021954335916673489021
-2.0426801417216074309e-19
0
0
DERIV 2
0.006486346011673859401
2.460242110968300601e-19
0
0
DERIV 3
-0.0013534245139442775338
-4.111942588751734343e-20
0
0
DERIV 4
0.00022438830192529122631
-9.782830210573722746e-21
0
0
DERIV 5
-3.143823148716469576e-5
2.5106973507664832904e-21
0
0
DERIV 6
3.843717098895170801e-6
-1.8730906505114907259e-22
0
0
DERIV 7
-4.129957145345810973e-7
1.2314473710440602152e-23
0
0
DERIV 8
3.773242737580507022e-8
1.9390315321013946700e-24
0
0
DERIV 9
-2.479397966427637504e-9
5.052221816317533220e-26
0
0
DERIV 10
-1.9199484464602087117e-11
1.2019974000640656243e-27
0
0
DERIV 11
4.945987433290410560e-11
2.8935479342610685662e-27
0
0
DERIV 12
-1.2927907572332600015e-11
-3.962741129600300985e-28
0
0
DERIV 13
2.5995427757334616496e-12
1.0271135557583042960e-28
0
0
DERIV 14
-4.715235295340982468e-13
-2.2265154965945060256e-29
0
0
DERIV 15
8.125004974093678950e-14
-3.0899406683090266671e-30
0
0
DERIV 16
-1.3612898973122363698e-14
4.889438469924391266e-31
0
0
DERIV 17
2.2448326822004179862e-15
-4.285054372646896326e-32
0
0
DERIV 18
-3.669144187217151195e-16
1.8932602239559688341e-32
0
0
DERIV 19
5.969459932864459789e-17
6.137309131897788287e-34
0
0
DERIV 20
-9.692786213667421659e-18
-4.536171769341912324e-34
0
0
DERIV 21
1.5734132531921115210e-18
-6.194336404158247979e-37
0
0
DERIV 22
-2.556187838108941598e-19
-1.6065378870605029790e-35
0
0
DERIV 23
4.159146827594136879e-20
-1.3998068028053768598e-36
0
0
DERIV 24
-6.780646536810331703e-21
3.346549362192660602e-37
0
0
DERIV 25
1.1079295670659983329e-21
-6.405630797543226300e-38
0
0
DERIV 26
-1.8146605832007536670e-22
9.384009219291187608e-39
0
0
DERIV 27
2.979574475327549771e-23
-8.818787733582560676e-40
0
0
DERIV 28
-4.904541328687179884e-24
-4.957402271347812320e-41
0
0
DERIV 29
8.093222789748364163e-25
8.873731528256601486e-42
0
0
DERIV 30
-1.3387710565270720446e-25
-7.812961321299559620e-42
0
0
DERIV 31
2.2198746497445652910e-26
-5.668475943977502603e-43
0
0
DERIV 32
-3.689426878317206659e-27
2.2114322231548775748e-43
0
0
DERIV 33
6.145622920355091815e-28
2.460491193334443147e-44
0
0
DERIV 34
-1.0259263935816881357e-28
6.503862392257150946e-45
0
0
DERIV 35
1.7162318480711769605e-29
-1.0253816223707587018e-45
0
0
AT 45/8
0.03665036153976740374
1.0397002046075312447e-18
0
0
DERIV 1
-0.020394475838064737849
-1.4248564071365554089e-18
0
0
DERIV 2
0.005999248009715396450
-1.0845342320120236909e-19
0
0
DERIV 3
-0.0012459959067794299306
-3.504014339272764057e-20
0
0
DERIV 4
0.00020561268161144822804
1.1994856091609026833e-20
0
0
DERIV 5
-2.8686907233298037886e-5
5.800479436080031079e-22
0
0
DERIV 6
3.498446678895229502e-6
2.0602550224254770384e-22
0
0
DERIV 7
-3.766587597811977720e-7
4.397360240739849465e-24
0
0
DERIV 8
3.494407884846219308e-8
-8.201646923234657889e-25
0
0
DERIV 9
-2.466021253334178639e-9
1.4051358963532387038e-25
0
0
DERIV 10
3.681984339407174063e-11
-4.089286203571545336e-28
0
0
DERIV 11
3.292634477027561323e-11
2.5395777026374277711e-27
0
0
DERIV 12
-9.307542844703596233e-12
-2.534189351297754354e-28
0
0
DERIV 13
1.8940026237051373137e-12
-1.6620677239929430184e-28
0
0
DERIV 14
-3.419767317208739310e-13
-7.599518568560261350e-30
0
0
DERIV 15
5.826195971018562671e-14
-3.300286732914020519e-31
0
0
DERIV 16
-9.617363916668906077e-15
7.671817728245016208e-32
0
0
DERIV 17
1.5592987324149603475e-15
3.891407730172550074e-32
0
0
DERIV 18
-2.502450580464125684e-16
-1.3570966570921729018e-32
0
0
DERIV 19
3.993835778488807637e-17
-2.5484699355979536692e-33
0
0
DERIV 20
-6.357278058807770897e-18
3.663053787579138844e-34
0
0
DERIV 21
1.0111616199203999420e-18
8.445698863949885735e-35
0
0
DERIV 22
-1.6090323925242223740e-19
1.0016693018342477393e-36
0
0
DERIV 23
2.5635742319737184695e-20
-9.616650821157774958e-37
0
0
DERIV 24
-4.091515333842951201e-21
1.2913302759938509064e-37
0
0
DERIV 25
6.543621131898732623e-22
-8.000560331933360111e-40
0
0
DERIV 26
-1.0488918753456204897e-22
-6.609821291857715219e-40
0
0
DERIV 27
1.6852595091469033018e-23
-6.236062345944053674e-40
0
0
DERIV 28
-2.7142200672251411693e-24
-5.697641639121203184e-41
0
0
DERIV 29
4.381938492007453483e-25
-1.4329233131767311270e-41
0
0
DERIV 30
-7.091186665191686383e-26
3.296316470808847553e-42
0
0
DERIV 31
1.1502259943831363025e-26
3.987804089188918151e-43
0
0
DERIV 32
-1.8699664468859487899e-27
-9.694963283578399609e-44
0
0
DERIV 33
3.046787341664945744e-28
-7.095702544228985871e-45
0
0
DERIV 34
-4.974821123364196459e-29
-2.7102027940823814559e-45
0
0
DERIV 35
8.139694459956308878e-30
3.3403091719095545181e-46
0
0
AT 23/4
0.03419240606052732778
-2.4485569493274631436e-18
0
0
DERIV 1
-0.018951497932229565552
-9.273166641483520177e-19
0
0
DERIV 2
0.005550728016412898383
-3.960431875611701420e-19
0
0
DERIV 3
-0.0011475383967440879168
-7.156647966005085391e-20
0
0
DERIV 4
0.00018847815261447431489
-6.332745070834960766e-21
0
0
DERIV 5
-2.6182916892293207591e-5
1.0517966848747333124e-21
0
0
DERIV 6
3.183756037623262929e-6
1.9153174814562627720e-22
0
0
DERIV 7
-3.430907485821672242e-7
1.4861686334602943905e-23
0
0
DERIV 8
3.220525075022912825e-8
-2.1478975223934596454e-24
0
0
DERIV 9
-2.395388919633659578e-9
-1.9069369900189241947e-25
0
0
DERIV 10
7.347462743681697707e-11
-3.046624497813940744e-28
0
0
DERIV 11
2.1048426018322626042e-11
-1.2470644256389238333e-27
0
0
DERIV 12
-6.668256667118374123e-12
1.8051379370999354726e-28
0
0
DERIV 13
1.3814548945039217464e-12
7.054169757608187855e-29
0
0
DERIV 14
-2.488708359957187494e-13
-5.053373795950021992e-30
0
0
DERIV 15
4.197689587928335945e-14
1.7631145897414026674e-30
0
0
DERIV 16
-6.833444554992365435e-15
-2.398933252785520175e-31
0
0
DERIV 17
1.0901601920052332574e-15
-2.2504226335507584405e-32
0
0
DERIV 18
-1.7190096751038292911e-16
9.015104531860702666e-34
0
0
DERIV 19
2.6929595040200730477e-17
1.0854487918061307838e-33
0
0
DERIV 20
-4.204704142840282892e-18
1.7018626145339522425e-34
0
0
DERIV 21
6.556726953345790629e-19
-4.499229935994317520e-35
0
0
DERIV 22
-1.0225053621108949569e-19
3.557876937657195213e-36
0
0
DERIV 23
1.5960675657902748530e-20
-1.1782945289828048331e-36
0
0
DERIV 24
-2.4951241137918529005e-21
-6.470888401489477633e-38
0
0
DERIV 25
3.907934890151659892e-22
-1.1773624212312496500e-38
0
0
DERIV 26
-6.133597432295445498e-23
3.315567843334410451e-39
0
0
DERIV 27
9.648345500223323415e-24
1.5333438877788640165e-40
0
0
DERIV 28
-1.5212062765345688794e-24
-7.406685203479644624e-41
0
0
DERIV 29
2.403970738272745709e-25
1.0493461380894713241e-41
0
0
DERIV 30
-3.807767489181352838e-26
-1.8892752371446726454e-43
0
0
DERIV 31
6.045006959750522836e-27
2.2687990347910286906e-43
0
0
DERIV 32
-9.618048574267793437e-28
-6.187931714545473204e-44
0
0
DERIV 33
1.5336116994844236659e-28
3.487266288596934197e-45
0
0
DERIV 34
-2.4504965507775821623e-29
1.3954108976027011637e-45
0
0
DERIV 35
3.923498828728248687e-30
-3.1685024892316853644e-46
0
0
AT 47/8
0.03190800288644207727
-1.8325023615854271150e-18
0
0
DERIV 1
-0.017616165692551689209
8.927054826869352784e-19
0
0
DERIV 2
0.005137571002131456968
-9.813012861748960714e-20
0
0
DERIV 3
-0.0010572689131395889960
-7.097937233679568117e-20
0
0
DERIV 4
0.00017283711014286787461
1.3529322689300027774e-20
0
0
DERIV 5
-2.3904227153202650414e-5
1.2077172398087076921e-23
0
0
DERIV 6
2.897252477679688531e-6
1.0812540955504269493e-22
0
0
DERIV 7
-3.122141402073368281e-7
-1.8201666727729144246e-23
0
0
DERIV 8
2.9568128922006571292e-8
8.230858598049588558e-25
0
0
DERIV 9
-2.288095702613723503e-9
1.6433365762125673368e-25
0
0
DERIV 10
9.625407322619638617e-11
3.374281388962711927e-27
0
0
DERIV 11
1.2565884514304918142e-11
-4.318345708616799821e-28
0
0
DERIV 12
-4.742794029337497772e-12
2.668519530793486257e-28
0
0
DERIV 13
1.0079163306711960307e-12
5.222559432930528616e-29
0
0
DERIV 14
-1.8164844887317785771e-13
-5.360450168857637562e-31
0
0
DERIV 15
3.037625161163333672e-14
1.6598244955703992104e-30
0
0
DERIV 16
-4.881432283770221567e-15
-4.940685887145347222e-32
0
0
DERIV 17
7.668551317850274454e-16
1.1287963870235741525e-32
0
0
DERIV 18
-1.1889009763942941704e-16
-6.775721563633163390e-33
0
0
DERIV 19
1.8293224607539381575e-17
-6.151876434510318400e-34
0
0
DERIV 20
-2.8033054814883314935e-18
-1.0776537617432198096e-34
0
0
DERIV 21
4.288086125110931218e-19
2.1455993203260363731e-35
0
0
DERIV 22
-6.557041836802703349e-20
-5.517027988321005707e-36
0
0
DERIV 23
1.0032854807373933628e-20
7.452611015650500801e-37
0
0
DERIV 24
-1.5370584411767577781e-21
-6.889456529938854863e-38
0
0
DERIV 25
2.358772920592126160e-22
2.1966055642832571739e-38
0
0
DERIV 26
-3.626824382280707799e-23
-3.673933474620203096e-40
0
0
DERIV 27
5.588314864077383298e-24
3.2265558272403969008e-40
0
0
DERIV 28
-8.629525452362880345e-25
-6.314722394554362201e-41
0
0
DERIV 29
1.3355509018045829279e-25
-4.359280375757721590e-42
0
0
DERIV 30
-2.0715811063309351536e-26
-1.9300591164542111355e-43
0
0
DERIV 31
3.2203368087812355429e-27
-1.2642606419548236347e-43
0
0
DERIV 32
-5.016966035194111531e-28
3.254804911980631643e-44
0
0
DERIV 33
7.832480840800753425e-29
-5.272941963387410043e-45
0
0
DERIV 34
-1.2253228023740892903e-29
-1.0342055696515008328e-47
0
0
DERIV 35
1.9207350978260780251e-30
-1.1853652855880809743e-46
0
0
AT 6
0.029784233221401428676
-9.715507223496251090e-19
0
0
DERIV 1
-0.016380010790086708267
-1.9056924926129703683e-19
0
0
DERIV 2
0.004756842172429673679
-1.3723707212056685862e-19
0
0
DERIV 3
-0.0009744748376774608383
-4.383582899042585544e-20
0
0
DERIV 4
0.00015855516555351580423
-1.0162608372675045396e-20
0
0
DERIV 5
-2.1830568670689323778e-5
-2.659070264750179609e-22
0
0
DERIV 6
2.636630866845586464e-6
-1.9298688921520939107e-22
0
0
DERIV 7
-2.839096015026218742e-7
2.0275317537532304042e-23
0
0
DERIV 8
2.7065213885387214090e-8
3.963862571601921274e-25
0
0
DERIV 9
-2.158851824586770766e-9
2.703011171384574452e-26
0
0
DERIV 10
1.0916242324479852909e-10
-5.199577318796131108e-27
0
0
DERIV 11
6.560457529285062430e-12
2.171739102872641816e-28
0
0
DERIV 12
-3.3382490404476137726e-12
-1.8021334220088866423e-28
0
0
DERIV 13
7.349448091113599552e-13
2.4136105543948909606e-29
0
0
DERIV 14
-1.3290990282512022510e-13
-1.2285273102017210382e-29
0
0
DERIV 15
2.2069541126050520417e-14
-9.357292525536961514e-31
0
0
DERIV 16
-3.5045325963904317349e-15
1.6843812139274099636e-31
0
0
DERIV 17
5.425653825543183015e-16
-4.746092713085330927e-32
0
0
DERIV 18
-8.275964215899349121e-17
4.613759872844579916e-33
0
0
DERIV 19
1.2514610247788045997e-17
1.6871724255502386470e-34
0
0
DERIV 20
-1.8832822960598333717e-18
4.955797839451003106e-35
0
0
DERIV 21
2.827364340392263534e-19
-1.7144422596864749355e-35
0
0
DERIV 22
-4.241467557361683155e-20
-8.303991647611335269e-38
0
0
DERIV 23
6.364758778284713156e-21
-2.471036038472015589e-37
0
0
DERIV 24
-9.560640161941192626e-22
-8.448500705996376974e-38
0
0
DERIV 25
1.4382500472874677596e-22
3.951105084126998588e-39
0
0
DERIV 26
-2.1674840975187460218e-23
2.6616244109537063987e-40
0
0
DERIV 27
3.2729082174228293987e-24
-9.213429152356177477e-41
0
0
DERIV 28
-4.952402802001992988e-25
-1.1748640689380128813e-41
0
0
DERIV 29
7.509759790057587925e-26
5.140452765222764993e-42
0
0
DERIV 30
-1.1412239964808621432e-26
2.4465495127591290928e-43
0
0
DERIV 31
1.7379829132656521215e-27
6.282035336388240452e-44
0
0
DERIV 32
-2.652385649546352114e-28
1.9638530849712468121e-45
0
0
DERIV 33
4.056258335236852741e-29
2.7977991801555388525e-45
0
0
DERIV 34
-6.215696606018013139e-30
-1.6455065926311311577e-47
0
0
DERIV 35
9.543428161693662483e-31
5.405268552152704298e-47
0
0
AT 49/8
0.027809192313882760000
1.4390881282563669069e-18
0
0
DERIV 1
-0.015235266216105509268
4.478885772416286631e-19
0
0
DERIV 2
0.004405861753312745148
-3.069163631185116071e-19
0
0
DERIV 3
-0.0008985076682790640260
2.985057016362760375e-20
0
0
DERIV 4
0.00014551006693825011668
1.2621718816853509437e-20
0
0
DERIV 5
-1.9943358660910343467e-5
2.569927635363811219e-22
0
0
DERIV 6
2.399702487992916475e-6
1.2254104805747213916e-22
0
0
DERIV 7
-2.580327043567169177e-7
-1.7815125578798475332e-23
0
0
DERIV 8
2.4714998603778974138e-8
-7.788106723640892651e-25
0
0
DERIV 9
-2.018074731143190510e-9
1.9598023615239874404e-25
0
0
DERIV 10
1.1512045776062784259e-10
-5.149562357818504996e-28
0
0
DERIV 11
2.3612192945632119494e-12
-9.331652970163377766e-29
0
0
DERIV 12
-2.3147927170223899011e-12
1.2429106101130077522e-28
0
0
DERIV 13
5.350220870946579422e-13
1.4862301581787139329e-30
0
0
DERIV 14
-9.743756709276369559e-14
-1.7655540335530962515e-30
0
0
DERIV 15
1.6092535820116664782e-14
-1.1826202025318873891e-30
0
0
DERIV 16
-2.5278070003565092157e-15
4.013417369419523736e-32
0
0
DERIV 17
3.859817609149771248e-16
-1.7056032667733295886e-32
0
0
DERIV 18
-5.796365690621609271e-17
5.530999777476713858e-33
0
0
DERIV 19
8.619168438294298809e-18
-5.416626736407140717e-34
0
0
DERIV 20
-1.2744388219972102194e-18
6.651924798298861261e-35
0
0
DERIV 21
1.8788143190935433305e-19
1.0267224986789832071e-35
0
0
DERIV 22
-2.766463848738077333e-20
2.8239305707374666226e-36
0
0
DERIV 23
4.073342622297343895e-21
-3.455903816722719773e-37
0
0
DERIV 24
-6.002079217730285053e-22
1.0113938149054714797e-38
0
0
DERIV 25
8.855317923594243253e-23
9.899636958864452653e-40
0
0
DERIV 26
-1.3086022389783627952e-23
-6.004135814601544905e-40
0
0
DERIV 27
1.9373497621900882951e-24
-3.118992143003837317e-41
0
0
DERIV 28
-2.873846790981407102e-25
-4.705514824087499027e-42
0
0
DERIV 29
4.271755235053637826e-26
-3.2503972379381933680e-43
0
0
DERIV 30
-6.362820258085151560e-27
1.8044156890363542376e-43
0
0
DERIV 31
9.497160322188088477e-28
-1.7945356725010171654e-44
0
0
DERIV 32
-1.4204625700062641776e-28
-9.859609922481513487e-45
0
0
DERIV 33
2.1288372283400467559e-29
-5.889160083496416715e-46
0
0
DERIV 34
-3.196775631754091956e-30
-9.461296022893461091e-47
0
0
DERIV 35
4.809682932569641044e-31
-1.0878966312845556154e-47
0
0
AT 25/4
0.025971905654303715366
-1.2128135979301801661e-18
0
0
DERIV 1
-0.014174805439648550595
1.8866892953214071487e-19
0
0
DERIV 2
0.004082182052973005494
9.935075292114465664e-20
0
0
DERIV 3
-0.0008287772094940765426
1.4574584254247544251e-20
0
0
DERIV 4
0.00013359067379946609191
-1.0018558270109252845e-20
0
0
DERIV 5
-1.8225606763855094699e-5
-1.3604808660281808716e-21
0
0
DERIV 6
2.184411520909176438e-6
5.042272470796887366e-23
0
0
DERIV 7
-2.3442575379655236598e-7
-9.545655413077932669e-25
0
0
DERIV 8
2.2526109746023299844e-8
-7.693338820399558606e-25
0
0
DERIV 9
-1.873051888925395813e-9
3.531491478411034437e-26
0
0
DERIV 10
1.1625645304142566591e-10
6.358610458948498056e-27
0
0
DERIV 11
-5.231403421637577112e-13
-4.987985562186163203e-29
0
0
DERIV 12
-1.5706790946885079045e-12
-6.203927254406434909e-29
0
0
DERIV 13
3.883533400011339257e-13
2.4509913637627260765e-29
0
0
DERIV 14
-7.153149139416061376e-14
-5.121833747271575099e-30
0
0
DERIV 15
1.1772343469528445059e-14
-3.051132443709327279e-31
0
0
DERIV 16
-1.8312509086047568637e-15
-4.666516588056647413e-32
0
0
DERIV 17
2.760090270074585221e-16
-2.0929863368618510233e-32
0
0
DERIV 18
-4.083408287727454667e-17
1.0401778127525447488e-33
0
0
DERIV 19
5.974430725660280301e-18
2.509425544172575148e-34
0
0
DERIV 20
-8.684367143886629549e-19
4.934637607587978160e-35
0
0
DERIV 21
1.2578266363067096159e-19
2.3718565706535011448e-36
0
0
DERIV 22
-1.8187750619860760491e-20
-7.995884571170773650e-37
0
0
DERIV 23
2.6288700327131931821e-21
1.3969820847699785002e-38
0
0
DERIV 24
-3.801588907990282847e-22
1.3532827296266582037e-38
0
0
DERIV 25
5.503243189102686777e-23
-5.737446475129955694e-39
0
0
DERIV 26
-7.978067454373744472e-24
6.258826844555764788e-40
0
0
DERIV 27
1.1585427155278989367e-24
-6.983279772405434439e-41
0
0
DERIV 28
-1.6855086287608408428e-25
2.6521860811538028482e-42
0
0
DERIV 29
2.4569426416867602909e-26
1.8900805124057081614e-43
0
0
DERIV 30
-3.588594102964315521e-27
7.160242987721446898e-44
0
0
DERIV 31
5.251999568997391470e-28
-3.459836354758885047e-44
0
0
DERIV 32
-7.701788199577899278e-29
-3.824562561407633516e-45
0
0
DERIV 33
1.1316532257325679552e-29
1.9690570394153756340e-46
0
0
DERIV 34
-1.6659941179278431726e-30
1.8751464501790053871e-47
0
0
DERIV 35
2.457264541927949351e-31
-8.505180271558809610e-48
0
0
AT 51/8
0.024262252430369685846
1.4411107896929226641e-18
0
0
DERIV 1
-0.013192087035213620125
-3.856584138749062785e-19
0
0
DERIV 2
0.003783566607891205181
-1.3248884383900952333e-19
0
0
DERIV 3
-0.0007647462603226883862
1.2344175068260345398e-20
0
0
DERIV 4
0.00012269599368267003221
4.378921110619569304e-21
0
0
DERIV 5
-1.6661812006103966528e-5
7.940594432705901322e-22
0
0
DERIV 6
1.988842809582679138e-6
1.1874429854543658649e-22
0
0
DERIV 7
-2.1292606581312495560e-7
-1.1761643201949416861e-23
0
0
DERIV 8
2.0500325251771023685e-8
-5.608659258303537166e-25
0
0
DERIV 9
-1.7287921614986317457e-9
2.614207363289197986e-26
0
0
DERIV 10
1.1411784818014961152e-10
-1.3255757326765244735e-27
0
0
DERIV 11
-2.4530162846619100575e-12
-1.2425795369245859379e-28
0
0
DERIV 12
-1.0316163286644837235e-12
6.245801087789200227e-29
0
0
DERIV 13
2.806345873632397003e-13
-2.4213084249794369906e-29
0
0
DERIV 14
-5.255387596968823771e-14
-1.8970848975496575344e-30
0
0
DERIV 15
8.636548788822695811e-15
7.635311193556522226e-31
0
0
DERIV 16
-1.3319976428439003422e-15
-8.224503741880102260e-32
0
0
DERIV 17
1.9833177170392862173e-16
6.122912588492336979e-34
0
0
DERIV 18
-2.892620630539695727e-17
1.6598049557427565143e-33
0
0
DERIV 19
4.166582934030934857e-18
-9.635202230533498634e-36
0
0
DERIV 20
-5.957139533132968106e-19
2.3689155227053944941e-35
0
0
DERIV 21
8.481095009284463579e-20
1.7592595514574441446e-36
0
0
DERIV 22
-1.2048458498233329551e-20
-7.155585572899623693e-37
0
0
DERIV 23
1.7103439721212731967e-21
1.3636441990333274062e-37
0
0
DERIV 24
-2.428385583625927627e-22
1.7753795260697211876e-38
0
0
DERIV 25
3.450735478345522526e-23
-6.916825998153941566e-40
0
0
DERIV 26
-4.909675913333791761e-24
1.9997489372848976126e-40
0
0
DERIV 27
6.996256360844906865e-25
1.2817290326699052678e-42
0
0
DERIV 28
-9.986904956680216508e-26
-3.468502077688909238e-42
0
0
DERIV 29
1.4282289864227902223e-26
3.1778081840136955665e-43
0
0
DERIV 30
-2.0464150332385722650e-27
-4.691406285863961656e-44
0
0
DERIV 31
2.937852136981972331e-28
-7.045036005646837299e-46
0
0
DERIV 32
-4.225777260418693175e-29
2.3985789197118304610e-45
0
0
DERIV 33
6.089979485121143084e-30
-1.5224125195982983474e-46
0
0
DERIV 34
-8.793142468430438834e-31
-3.694562722817682802e-47
0
0
DERIV 35
1.2719617806486077682e-31
3.887549332186312757e-49
0
0
AT 13/2
0.022670895588261536641
-1.9887479443032966901e-19
0
0
DERIV 1
-0.012281104282309244710
4.559801015884535629e-19
0
0
DERIV 2
0.003507971232724655872
2.6636955897086699946e-21
0
0
DERIV 3
-0.0007059257673843803661
-3.824719806695174453e-20
0
0
DERIV 4
0.00011273428451035217581
-3.796329747965192023e-21
0
0
DERIV 5
-1.5237856348882437108e-5
5.431852224959526578e-22
0
0
DERIV 6
1.8112235770973734192e-6
-1.7774916563859661336e-23
0
0
DERIV 7
-1.9337166059208466276e-7
-4.502175092164407186e-24
0
0
DERIV 8
1.8634768434549828782e-8
-6.817139667370302387e-25
0
0
DERIV 9
-1.5886502499939185334e-9
-3.321786947559973595e-26
0
0
DERIV 10
1.0982576637660230053e-10
-6.072532608556752574e-27
0
0
DERIV 11
-3.693070362599963991e-12
-2.474878449333524474e-28
0
0
DERIV 12
-6.431914621110347201e-13
-4.478398673583219783e-29
0
0
DERIV 13
2.0148585819663178101e-13
-1.1912823430588163521e-29
0
0
DERIV 14
-3.861464814776838505e-14
1.9152798579232190199e-30
0
0
DERIV 15
6.351584933613194813e-15
-2.834943842535820690e-31
0
0
DERIV 16
-9.724639749255172356e-16
1.7971698085379658496e-32
0
0
DERIV 17
1.4316886406689772666e-16
-8.876681754801744436e-33
0
0
DERIV 18
-2.0598666026733734240e-17
4.056284996481648455e-34
0
0
DERIV 19
2.9227488795793152911e-18
1.2626907852528685685e-35
0
0
DERIV 20
-4.112346252302262165e-19
-1.6849710605800883330e-35
0
0
DERIV 21
5.757637450840782641e-20
-6.499935693017030577e-38
0
0
DERIV 22
-8.039777104071314219e-21
2.599124040619602568e-37
0
0
DERIV 23
1.1213717277225411443e-21
-8.947088870686179897e-38
0
0
DERIV 24
-1.5638989235152560576e-22
-3.587588365743902397e-39
0
0
DERIV 25
2.1823590912171971668e-23
-2.695878067536059619e-41
0
0
DERIV 26
-3.0486653806512590157e-24
5.193615012120080380e-41
0
0
DERIV 27
4.264805769965394019e-25
-2.775080441655624971e-41
0
0
DERIV 28
-5.975676698400458737e-26
-2.3892076411991084870e-42
0
0
DERIV 29
8.387487888499282464e-27
4.452560445826262449e-43
0
0
DERIV 30
-1.1794192959228224992e-27
-5.790536164105686855e-45
0
0
DERIV 31
1.6615495962305949097e-28
1.2227017147353268749e-45
0
0
DERIV 32
-2.3451574019096333277e-29
-6.150933683222792932e-46
0
0
DERIV 33
3.316196626550917711e-30
-1.1525620481533271780e-46
0
0
DERIV 34
-4.697943852049529268e-31
1.1169069476679264765e-47
0
0
DERIV 35
6.667452249393877206e-32
-3.512997457453630735e-48
0
0
AT 53/8
0.021189217907034148952
1.6066041825655172690e-18
0
0
DERIV 1
-0.011436339282223746336
5.701545173110990319e-19
0
0
DERIV 2
0.003253526805682886800
-1.6583402283691791430e-19
0
0
DERIV 3
-0.0006518704102647528663
1.9239797183097274294e-20
0
0
DERIV 4
0.00010362222349628226361
8.006378748867709287e-22
0
0
DERIV 5
-1.3940898596135140928e-5
-4.658358737319849546e-22
0
0
DERIV 6
1.6499210238753659862e-6
1.0439683231828494355e-22
0
0
DERIV 7
-1.7560507933436311779e-7
-8.148562701323702112e-24
0
0
DERIV 8
1.6923497756225196925e-8
1.2951534866835004478e-24
0
0
DERIV 9
-1.4547852172603011985e-9
-1.8274481892707176655e-26
0
0
DERIV 10
1.0418816899753952598e-10
-3.669091509094983165e-27
0
0
DERIV 11
-4.437755760439854423e-12
8.271257002461722384e-29
0
0
DERIV 12
-3.654441262288071569e-13
-9.733419834164615410e-30
0
0
DERIV 13
1.4334525138281593924e-13
-5.297875656495685075e-30
0
0
DERIV 14
-2.8353059450979200586e-14
1.4395432238348775427e-31
0
0
DERIV 15
4.680644183663003338e-15
3.552475448823729718e-31
0
0
DERIV 16
-7.123951364184022667e-16
3.912524345702337572e-33
0
0
DERIV 17
1.0379352129904670045e-16
-3.556789913911615303e-33
0
0
DERIV 18
-1.4741708792913017002e-17
-1.3653590016394233926e-33
0
0
DERIV 19
2.0616378924173374170e-18
1.2942957602465419824e-34
0
0
DERIV 20
-2.856092406431889795e-19
1.0567968614023188240e-35
0
0
DERIV 21
3.934341064123166959e-20
-1.0179612579539018825e-36
0
0
DERIV 22
-5.402385777772591715e-21
6.326456948824584648e-38
0
0
DERIV 23
7.406808575081430731e-22
1.8095576208425696414e-38
0
0
DERIV 24
-1.0150702835146014378e-22
-3.950267075865003008e-39
0
0
DERIV 25
1.3915995842528569850e-23
1.9611992879701170370e-40
0
0
DERIV 26
-1.9094770359795084929e-24
1.4222645883857450341e-40
0
0
DERIV 27
2.623327470514226427e-25
-4.487796473801883256e-42
0
0
DERIV 28
-3.609384694913168980e-26
2.0947356569055785769e-42
0
0
DERIV 29
4.974216258172352297e-27
-1.2633003636910630580e-44
0
0
DERIV 30
-6.867032262504678915e-28
3.271686030393090957e-45
0
0
DERIV 31
9.497072596891665921e-29
3.245421312440182317e-45
0
0
DERIV 32
-1.3158198173472535545e-29
-6.057229922498674350e-46
0
0
DERIV 33
1.8263712596144644267e-30
4.787937600696964532e-47
0
0
DERIV 34
-2.539572753816383310e-31
-1.8498199752901212093e-47
0
0
DERIV 35
3.537522495958516044e-32
-2.0724286753281442827e-48
0
0
AT 27/4
0.019809263547863088795
-1.2986555383559828309e-18
0
0
DERIV 1
-0.010652721177877414599
-4.079158102194494375e-19
0
0
DERIV 2
0.003018523633544977283
1.4102171006635642619e-19
0
0
DERIV 3
-0.0006021745859521992214
5.243542893121485117e-21
0
0
DERIV 4
9.528414156892448872e-5
-7.500362300839283653e-22
0
0
DERIV 5
-1.2759271195708508096e-5
6.371951541517362372e-22
0
0
DERIV 6
1.5034372119608473505e-6
-3.566137210310492190e-23
0
0
DERIV 7
-1.5947584463385003545e-7
-5.086279092370592304e-24
0
0
DERIV 8
1.5358652712300396290e-8
-4.441468213335448635e-25
0
0
DERIV 9
-1.3284973533568886563e-9
-7.824854045912287391e-26
0
0
DERIV 10
9.778294139492641881e-11
-4.717016793567481113e-27
0
0
DERIV 11
-4.829907621472347123e-12
1.0180937390425396358e-28
0
0
DERIV 12
-1.6896098087625393974e-13
-8.007087939407382941e-30
0
0
DERIV 13
1.0068405543733287571e-13
4.010162173656559249e-30
0
0
DERIV 14
-2.0785063367087758589e-14
-1.0161025087167137936e-30
0
0
DERIV 15
3.4547440416179038885e-15
-2.558304058759009738e-32
0
0
DERIV 16
-5.234888495663622359e-16
-6.224501500651315582e-33
0
0
DERIV 17
7.555060400188440105e-17
4.639245316547436195e-33
0
0
DERIV 18
-1.0599957137180007142e-17
2.323593388507812473e-34
0
0
DERIV 19
1.4619394144101980792e-18
2.781527973953597743e-35
0
0
DERIV 20
-1.9951236266482240897e-19
6.388198900699460982e-36
0
0
DERIV 21
2.7053005539020166772e-20
1.4641445946078036276e-36
0
0
DERIV 22
-3.654535605612534511e-21
1.6826453638067165448e-37
0
0
DERIV 23
4.927185825131441154e-22
3.507024962747710547e-38
0
0
DERIV 24
-6.638126827312685605e-23
-6.438426376056719771e-40
0
0
DERIV 25
8.944086435051270866e-24
-4.088617245461932555e-40
0
0
DERIV 26
-1.2059277967942150366e-24
9.734045722791059362e-42
0
0
DERIV 27
1.6276992689982974003e-25
8.607796549785330930e-42
0
0
DERIV 28
-2.1999462049583526762e-26
3.5109199498928241908e-43
0
0
DERIV 29
2.9779210121415713149e-27
-1.2315536581184768930e-43
0
0
DERIV 30
-4.037638915396916117e-28
-9.331297432973324208e-45
0
0
DERIV 31
5.483837267485718306e-29
-4.303780862678763991e-45
0
0
DERIV 32
-7.461037715211462190e-30
-5.691897151001148205e-46
0
0
DERIV 33
1.0168938481598429097e-30
1.6872148038325241846e-47
0
0
DERIV 34
-1.3883855575700461069e-31
-8.418450750629096406e-48
0
0
DERIV 35
1.8988622352094099947e-32
8.821284601669428914e-49
0
0
AT 55/8
0.018523684589172202675
-5.263764076535956516e-19
0
0
DERIV 1
-0.009925588100046900397
4.446046197761455429e-19
0
0
DERIV 2
0.002801397252735745701
-1.3829879116971276520e-19
0
0
DERIV 3
-0.0005564687601570591103
1.9082257990615448039e-20
0
0
DERIV 4
8.765132094527864563e-5
5.656626537680184838e-21
0
0
DERIV 5
-1.1682381569055622647e-5
2.829476662547046326e-22
0
0
DERIV 6
1.3704022465421812736e-6
1.0086326954907767839e-23
0
0
DERIV 7
-1.4484194639164991316e-7
-7.629807844274303322e-24
0
0
DERIV 8
1.3931273614963039180e-8
2.243033341831519862e-25
0
0
DERIV 9
-1.2104756101113141374e-9
3.148459497802806479e-26
0
0
DERIV 10
9.101904062504022553e-11
2.4499167225611218448e-29
0
0
DERIV 11
-4.974332350194732385e-12
-6.652522935920354951e-29
0
0
DERIV 12
-3.205207358576346387e-14
1.8801645198255358462e-30
0
0
DERIV 13
6.944683972343600463e-14
5.466764995385947686e-31
0
0
DERIV 14
-1.5196047434068775094e-14
1.1813155106481381808e-30
0
0
DERIV 15
2.5527120299744543656e-15
-2.785701633667328147e-32
0
0
DERIV 16
-3.857376848767034615e-16
1.0874805548569869381e-32
0
0
DERIV 17
5.519936479062416170e-17
1.7228131130225388953e-33
0
0
DERIV 18
-7.655931713369554071e-18
-6.932995829980628606e-35
0
0
DERIV 19
1.0419187957330276052e-18
3.184622920612569231e-36
0
0
DERIV 20
-1.4014320764874142441e-19
4.578026633248209550e-36
0
0
DERIV 21
1.8713771309672535040e-20
1.2861557301390372276e-36
0
0
DERIV 22
-2.4880904253180270492e-21
8.362183772106427559e-38
0
0
DERIV 23
3.300127921053566388e-22
-5.103046392960153727e-39
0
0
DERIV 24
-4.372499178956597253e-23
-2.1456194607521497352e-39
0
0
DERIV 25
5.792404850907103211e-24
-1.1050647704244068159e-40
0
0
DERIV 26
-7.677019931582037769e-25
4.183890683951641315e-41
0
0
DERIV 27
1.0184065004507113773e-25
-5.386826171964285033e-42
0
0
DERIV 28
-1.3526181903489618754e-26
-5.629974946555069971e-43
0
0
DERIV 29
1.7990506857675534289e-27
-1.7502700954262814290e-43
0
0
DERIV 30
-2.396535214795198565e-28
7.988578954860542050e-45
0
0
DERIV 31
3.197662027881580414e-29
-1.9735890423211920858e-45
0
0
DERIV 32
-4.273755696647516412e-30
2.5142787766538111297e-46
0
0
DERIV 33
5.721680374567418255e-31
-3.596922772250846263e-48
0
0
DERIV 34
-7.673158026980425761e-32
2.928921851970266895e-48
0
0
DERIV 35
1.0307540810850409377e-32
4.422204570203261019e-49
0
0
AT 7
0.017325692103582864684
-2.1030115158499644452e-19
0
0
DERIV 1
-0.009250652497657179188
-8.545754686709232889e-19
0
0
DERIV 2
0.002600715534706111824
1.6792714679536429489e-19
0
0
DERIV 3
-0.0005144161547043353501
-4.709727660335985628e-20
0
0
DERIV 4
8.066135268710442128e-5
-6.616923081349883128e-21
0
0
DERIV 5
-1.0700618959865560459e-5
-5.846663863372738760e-22
0
0
DERIV 6
1.2495664783123044564e-6
4.076225931303150026e-23
0
0
DERIV 7
-1.3157063382782583942e-7
4.040160260269457418e-24
0
0
DERIV 8
1.2631881947793335054e-8
-1.2327455937659952497e-25
0
0
DERIV 9
-1.1009791576002347246e-9
-3.679769638940291213e-27
0
0
DERIV 10
8.418158148131440245e-11
-4.654404591163931616e-27
0
0
DERIV 11
-4.947773793151088116e-12
1.0259664586576717343e-28
0
0
DERIV 12
6.129919314938092392e-14
-4.152401570776695347e-30
0
0
DERIV 13
4.665007418982477466e-14
-2.5690229721337625033e-30
0
0
DERIV 14
-1.1065028395432627249e-14
5.470564850488514182e-31
0
0
DERIV 15
1.8872569982652841917e-15
1.0420130462924686017e-31
0
0
DERIV 16
-2.849244038447281422e-16
-1.8991257453254956216e-32
0
0
DERIV 17
4.047082249476474405e-17
2.1456783758934306715e-33
0
0
DERIV 18
-5.552938533871458983e-18
1.0579408221844391062e-34
0
0
DERIV 19
7.461420411587984020e-19
-4.337163677842824925e-35
0
0
DERIV 20
-9.896317499106627010e-20
-4.009937808611507837e-36
0
0
DERIV 21
1.3019709917569523523e-20
-6.206416508220747641e-37
0
0
DERIV 22
-1.7044164198222303451e-21
1.0023820205473213557e-37
0
0
DERIV 23
2.224900540537198436e-22
2.1201700005125331841e-38
0
0
DERIV 24
-2.900200851261230164e-23
-1.0189859710335916546e-39
0
0
DERIV 25
3.778832365244400228e-24
3.3035521344008135018e-40
0
0
DERIV 26
-4.924908145296018028e-25
-1.4207941183817354595e-41
0
0
DERIV 27
6.423297409357884730e-26
-4.638110027352394357e-42
0
0
DERIV 28
-8.386525308115900190e-27
7.521636676956483609e-44
0
0
DERIV 29
1.0964013185479481970e-27
-4.994323615645150505e-44
0
0
DERIV 30
-1.4354467370490387118e-28
6.568453717053606494e-46
0
0
DERIV 31
1.8822507818757063101e-29
1.3611461128358761685e-45
0
0
DERIV 32
-2.4721011758162547079e-30
1.0611845974114038844e-46
0
0
DERIV 33
3.252116802966515856e-31
-1.5174200047659931980e-47
0
0
DERIV 34
-4.285294428708936142e-32
-1.3455778707105200121e-48
0
0
DERIV 35
5.655962877218039256e-33
4.269098128172219857e-50
0
0
AT 57/8
0.016209011373414152629
-1.4300340321139420280e-18
0
0
DERIV 1
-0.008623969541356810500
1.9688191670661484864e-19
0
0
DERIV 2
0.002415166975102453050
-2.2629078428774312079e-20
0
0
DERIV 3
-0.0004757097419038247739
1.4860384388738027155e-20
0
0
DERIV 4
7.425755060429362173e-5
2.5057945086191410797e-21
0
0
DERIV 5
-9.805267332580050316e-6
7.325697039174362344e-22
0
0
DERIV 6
1.1397922391153586742e-6
6.671998976501055345e-23
0
0
DERIV 7
-1.1953871945281503457e-7
5.175201715391653396e-24
0
0
DERIV 8
1.1450885191599573146e-8
-5.820124519223558680e-25
0
0
DERIV 9
-9.999703325886627952e-10
-2.3890039698380216616e-26
0
0
DERIV 10
7.746512623792093454e-11
7.444884479623809207e-28
0
0
DERIV 11
-4.806243988065763474e-12
2.483253012689408447e-28
0
0
DERIV 12
1.2293029311841587641e-13
3.698762607815140884e-30
0
0
DERIV 13
3.009305697226113853e-14
-1.9800992961325043337e-30
0
0
DERIV 14
-8.010802072271628663e-15
7.791700462685534207e-31
0
0
DERIV 15
1.3952204974706621926e-15
5.700906959066814409e-32
0
0
DERIV 16
-2.1089620239314699449e-16
-1.7288228902046775200e-33
0
0
DERIV 17
2.976769689571241484e-17
-3.480682138470784859e-34
0
0
DERIV 18
-4.043656875517285877e-18
1.6200392653292781803e-34
0
0
DERIV 19
5.367742428137414490e-19
-1.2833522041978421279e-35
0
0
DERIV 20
-7.023824278854955681e-20
-5.650364510929304136e-36
0
0
DERIV 21
9.108197072485982019e-21
-7.437844960785053925e-37
0
0
DERIV 22
-1.1745040303300574058e-21
7.847591089198558784e-38
0
0
DERIV 23
1.5094829460104413847e-22
-9.049881363340702811e-39
0
0
DERIV 24
-1.9365383237105277202e-23
-1.3733718402970339967e-39
0
0
DERIV 25
2.4826367377725928424e-24
-2.3458615930865193230e-42
0
0
DERIV 26
-3.182834717483484891e-25
1.2853748283513127862e-41
0
0
DERIV 27
4.082783853911302628e-26
-2.3946331246804362068e-42
0
0
DERIV 28
-5.242028155640425633e-27
-2.5506090726567965264e-43
0
0
DERIV 29
6.738348995260174269e-28
5.569960858785866359e-45
0
0
DERIV 30
-8.673496728781756601e-29
-4.093339117168357969e-45
0
0
DERIV 31
1.1180759599908113414e-29
6.100103000896564991e-46
0
0
DERIV 32
-1.4434969222339156422e-30
-2.257804800108946192e-47
0
0
DERIV 33
1.8665740304433705169e-31
8.827311397584050716e-48
0
0
DERIV 34
-2.4175007148814946956e-32
4.801367977551456483e-49
0
0
DERIV 35
3.136027337079590560e-33
-1.3981373192318103424e-49
0
0
AT 29/4
0.015167840878484309744
7.126995868481076684e-19
0
0
DERIV 1
-0.008041908318386001980
-1.5450371382578291138e-19
0
0
DERIV 2
0.002243550056771376634
-1.2853474473326144371e-19
0
0
DERIV 3
-0.0004400695186837275509
-7.381256555987553187e-21
0
0
DERIV 4
6.838841764536536365e-5
3.0148528852087264502e-21
0
0
DERIV 5
-8.988424528484036371e-6
2.702780405270307679e-22
0
0
DERIV 6
1.0400454685262170714e-6
6.544011916716768451e-23
0
0
DERIV 7
-1.0863254575052691803e-7
-3.934700388806968239e-24
0
0
DERIV 8
1.0378853297473740168e-8
7.408656008735332450e-25
0
0
DERIV 9
-9.072116799475943353e-10
1.3557279224168002796e-27
0
0
DERIV 10
7.099828638203829638e-11
-3.749292583049352977e-27
0
0
DERIV 11
-4.590429621149320410e-12
-3.210847055069006477e-29
0
0
DERIV 12
1.6159268340311347510e-13
4.397550208194727267e-30
0
0
DERIV 13
1.8148811665586949255e-14
-4.642506009760099867e-31
0
0
DERIV 14
-5.753499115463893079e-15
2.049093543929106011e-31
0
0
DERIV 15
1.0307163753178223704e-15
7.129207501991019962e-32
0
0
DERIV 16
-1.5636856986973101155e-16
-9.930321951902587905e-33
0
0
DERIV 17
2.1959692693133663205e-17
-1.3763269589052833835e-33
0
0
DERIV 18
-2.9556297960512001845e-18
-5.414630721134366590e-35
0
0
DERIV 19
3.878350127816481674e-19
1.4054235761329984165e-35
0
0
DERIV 20
-5.009279940899342752e-20
4.912659432064136156e-37
0
0
DERIV 21
6.405546377814528330e-21
-1.2494289670843430305e-37
0
0
DERIV 22
-8.139566062793115224e-22
3.161717480761934263e-38
0
0
DERIV 23
1.0303357463093838396e-22
-1.6171699638321978714e-39
0
0
DERIV 24
-1.3014126692937509316e-23
6.535674032580096358e-41
0
0
DERIV 25
1.6421491573609945843e-24
7.924966089056025800e-41
0
0
DERIV 26
-2.071682497237028800e-25
1.1536813024908781780e-41
0
0
DERIV 27
2.614534798800757103e-26
2.5770465507706992216e-42
0
0
DERIV 28
-3.302179771682522006e-27
-2.9197802180951874687e-43
0
0
DERIV 29
4.175074766598474846e-28
3.138708022057805948e-44
0
0
DERIV 30
-5.285299031122614507e-29
-3.923680455095799367e-46
0
0
DERIV 31
6.699982561027564869e-30
6.762488988328026658e-47
0
0
DERIV 32
-8.505766905772580718e-31
-1.4506595668439351408e-47
0
0
DERIV 33
1.0814614100460070189e-31
-8.576647284757779659e-48
0
0
DERIV 34
-1.3771378204324999168e-32
-5.453262164015929245e-49
0
0
DERIV 35
1.7563683195251197639e-33
5.323967447782772108e-50
0
0
AT 59/8
0.014196814723546783560
-3.309503097580587871e-19
0
0
DERIV 1
-0.007501125562990191772
-4.264549394300894701e-19
0
0
DERIV 2
0.002084763586486870681
-1.1112923598000225592e-19
0
0
DERIV 3
-0.0004072400352235089078
-3.956439405600828404e-21
0
0
DERIV 4
6.300716085953214423e-5
-3.2965721168286549061e-21
0
0
DERIV 5
-8.242927663495362199e-6
1.9040882158550786737e-22
0
0
DERIV 6
9.493874758071851878e-7
-8.723117086282746000e-24
0
0
DERIV 7
-9.874772461861883646e-8
-3.368567980107429899e-24
0
0
DERIV 8
9.406701668339008911e-9
-6.920213137646055089e-25
0
0
DERIV 9
-8.223364526631636939e-10
-1.0814535849145481143e-26
0
0
DERIV 10
6.486190973164990455e-11
-3.608051037123809239e-27
0
0
DERIV 11
-4.329688472344352628e-12
-1.2207437588978218373e-28
0
0
DERIV 12
1.8375418086282279145e-13
1.1118150076296875942e-29
0
0
DERIV 13
9.612204467911784467e-15
6.975765713813249604e-31
0
0
DERIV 14
-4.087009266502463156e-15
5.391770165613426212e-32
0
0
DERIV 15
7.602776131100061566e-16
2.9879744212049008088e-33
0
0
DERIV 16
-1.1609151246866511647e-16
6.715586809236230590e-34
0
0
DERIV 17
1.6242980738578127948e-17
-2.923359994421310403e-34
0
0
DERIV 18
-2.1679493875288300726e-18
-9.080669656816960410e-35
0
0
DERIV 19
2.813798960106956499e-19
7.127604499235037161e-36
0
0
DERIV 20
-3.589099389305666046e-20
4.114955947872142644e-37
0
0
DERIV 21
4.527707300438450871e-21
-1.0733715839295912239e-37
0
0
DERIV 22
-5.671778411437923482e-22
3.937609477782090136e-38
0
0
DERIV 23
7.073957069572269419e-23
3.621762815132958188e-39
0
0
DERIV 24
-8.800176922315763159e-24
1.1300167418988203260e-40
0
0
DERIV 25
1.0933230829611101414e-24
7.947805306587573249e-41
0
0
DERIV 26
-1.3577318103211166317e-25
-1.0639523513854890377e-41
0
0
DERIV 27
1.6863839324264719515e-26
7.327725675644406206e-43
0
0
DERIV 28
-2.0958787732748684904e-27
-8.822029944805443435e-44
0
0
DERIV 29
2.607218690151431657e-28
1.1627795568355740554e-44
0
0
DERIV 30
-3.247015389622553477e-29
-2.2547245540344247189e-46
0
0
DERIV 31
4.049033405320010746e-30
-1.8819310323665670295e-46
0
0
DERIV 32
-5.056166904853020083e-31
1.8051056096286571216e-47
0
0
DERIV 33
6.322973853227025226e-32
3.818049194570882328e-48
0
0
DERIV 34
-7.918927599934893366e-33
8.219554718524473287e-50
0
0
DERIV 35
9.932592610136155202e-34
-4.479124767751890863e-50
0
0
AT 15/2
0.013290968203146607401
-1.4862717862200507171e-19
0
0
DERIV 1
-0.006998541690506281977
-1.2817054960804449591e-20
0
0
DERIV 2
0.0019377979143949143875
8.634528294008430124e-20
0
0
DERIV 3
-0.0003769881547684122004
2.0861954597740325727e-20
0
0
DERIV 4
5.807125107503778832e-5
8.243899487668459531e-22
0
0
DERIV 5
-7.562284601012727456e-6
-3.0123160358639258682e-24
0
0
DERIV 6
8.669669992212870993e-7
-1.8786714908836343839e-24
0
0
DERIV 7
-8.978872952441042644e-8
-6.226082206639588750e-24
0
0
DERIV 8
8.525806419190314800e-9
1.6738867314660207367e-25
0
0
DERIV 9
-7.448994925388258373e-10
-4.754613993774224180e-26
0
0
DERIV 10
5.910252136961723895e-11
6.397327539244188712e-27
0
0
DERIV 11
-4.045009310926880143e-12
-9.491557688455565611e-29
0
0
DERIV 12
1.9418977086802586834e-13
-8.582166242338453850e-30
0
0
DERIV 13
3.589192664276212788e-15
-2.285261199979159189e-31
0
0
DERIV 14
-2.8591124457213071786e-15
-2.1717313968905041625e-32
0
0
DERIV 15
5.594059310959983722e-16
-4.030993410394813890e-32
0
0
DERIV 16
-8.626519485415849897e-17
8.265008504009521727e-34
0
0
DERIV 17
1.2043178831229842449e-17
-1.8752265288839402404e-34
0
0
DERIV 18
-1.5954066503251140662e-18
3.576368946340313365e-35
0
0
DERIV 19
2.0494519896957977345e-19
-6.938907553868234435e-37
0
0
DERIV 20
-2.5829402195656260030e-20
7.093706958863003034e-37
0
0
DERIV 21
3.2159443644148600120e-21
1.3761606353724465577e-39
0
0
DERIV 22
-3.972977665630058459e-22
2.7189515898065511577e-39
0
0
DERIV 23
4.884093127234102927e-23
2.7502967010530391034e-39
0
0
DERIV 24
-5.986274922777850971e-24
-2.8593097049624875801e-40
0
0
DERIV 25
7.325187314027874502e-25
2.1377652896652748746e-41
0
0
DERIV 26
-8.957368764666690473e-26
5.426772744262083617e-43
0
0
DERIV 27
1.0952984882625415339e-26
2.5288990913918321841e-43
0
0
DERIV 28
-1.3399285538439992583e-27
4.613442953075661415e-44
0
0
DERIV 29
1.6404951064739724727e-28
1.9649056870785962515e-45
0
0
DERIV 30
-2.0105562306004760122e-29
-6.855008831851981158e-47
0
0
DERIV 31
2.4670492476766602517e-30
-1.2048324975358905931e-46
0
0
DERIV 32
-3.031159907970958353e-31
-1.0875312659787585057e-47
0
0
DERIV 33
3.729419631776973617e-32
-2.4876733724109056247e-48
0
0
DERIV 34
-4.595091860029792559e-33
-2.0782362706246260051e-49
0
0
DERIV 35
5.669925167677192596e-34
-4.116659971010709388e-50
0
0
AT 61/8
0.012445706229289785899
1.8640467065020136837e-19
0
0
DERIV 1
-0.006531318924936834087
-2.942890910338350233e-19
0
0
DERIV 2
0.0018017269535571050435
6.625664693768524649e-20
0
0
DERIV 3
-0.0003491010232039526927
2.5695797696070781688e-20
0
0
DERIV 4
5.354202357553141626e-5
1.5711436041912169827e-21
0
0
DERIV 5
-6.940611235315075375e-6
-1.0614410795701102041e-22
0
0
DERIV 6
7.920126649372408824e-7
2.4637634374685997850e-23
0
0
DERIV 7
-8.166839809561564826e-8
6.312503132450821929e-24
0
0
DERIV 8
7.728070960595743653e-9
-3.281557569709736227e-25
0
0
DERIV 9
-6.744136177088564726e-10
2.1007600972758245707e-26
0
0
DERIV 10
5.374224668414404106e-11
-2.5740281849733492066e-27
0
0
DERIV 11
-3.751207507169646825e-12
-3.100724480544110822e-28
0
0
DERIV 12
1.9641787205413437632e-13
9.102014989168672329e-30
0
0
DERIV 13
-5.842304350035068318e-16
-1.3933380476369592831e-32
0
0
DERIV 14
-1.9571015208498456840e-15
-4.098676348254827740e-32
0
0
DERIV 15
4.101069681800058171e-16
-1.1689242070047451946e-32
0
0
DERIV 16
-6.412824717677824761e-17
-4.496926775855277271e-33
0
0
DERIV 17
8.947988698770045637e-18
-4.281311974419043277e-34
0
0
DERIV 18
-1.1776512117560680109e-18
-6.521405885417598073e-35
0
0
DERIV 19
1.4982730450171471938e-19
-6.734956606949921455e-36
0
0
DERIV 20
-1.8667021232927856545e-20
-5.203662616437750806e-37
0
0
DERIV 21
2.2948794521725245424e-21
8.074556792104538221e-38
0
0
DERIV 22
-2.797070490348396250e-22
8.958432247228422817e-39
0
0
DERIV 23
3.390411162360844034e-23
8.758554708518311618e-40
0
0
DERIV 24
-4.095593164912752851e-24
3.1331953979526302660e-40
0
0
DERIV 25
4.937713627754113583e-25
-3.669624293906113484e-42
0
0
DERIV 26
-5.947324545326586425e-26
1.0234293291536960513e-42
0
0
DERIV 27
7.161728518523920813e-27
1.2070668042242737740e-43
0
0
DERIV 28
-8.626580155759337461e-28
3.586596401538315443e-44
0
0
DERIV 29
1.0397867872848376225e-28
-3.099256459939962511e-45
0
0
DERIV 30
-1.2544369744760519274e-29
-6.661715069578169019e-46
0
0
DERIV 31
1.5150700568436272678e-30
-6.081553110722201175e-47
0
0
DERIV 32
-1.8321096669091828631e-31
6.265420302064368663e-48
0
0
DERIV 33
2.2184121785438009306e-32
-3.072737289150955348e-50
0
0
DERIV 34
-2.6898523546719660679e-33
-1.9766029533636782894e-52
0
0
DERIV 35
3.266052804444615272e-34
-1.2719847193986708966e-50
0
0
AT 31/4
0.011656774372341322660
-7.645508604397717925e-19
0
0
DERIV 1
-0.006096841329506692310
-3.972501237923379550e-19
0
0
DERIV 2
0.0016757009246649010904
-4.795819615427053250e-20
0
0
DERIV 3
-0.0003233842287829765240
-1.8865803616156549040e-20
0
0
DERIV 4
4.938431624188074562e-5
-1.1360805020565769314e-21
0
0
DERIV 5
-6.372574261333998960e-6
-1.2937951083877346758e-22
0
0
DERIV 6
7.238259048072657116e-7
2.681220632047567199e-23
0
0
DERIV 7
-7.430738643669306595e-8
3.2792968970391962785e-24
0
0
DERIV 8
7.005957965509197085e-9
-3.680705806453791104e-25
0
0
DERIV 9
-6.103753190630628110e-10
4.578482530898593123e-27
0
0
DERIV 10
4.878612336404838321e-11
5.515067852977532476e-29
0
0
DERIV 11
-3.4585555809684970998e-12
1.3429798811703114548e-28
0
0
DERIV 12
1.9302330974682034745e-13
-1.8568195022064757524e-30
0
0
DERIV 13
-3.4015604332853022735e-15
-4.019144886630599394e-32
0
0
DERIV 14
-1.2973366302105364344e-15
4.366545932205074094e-32
0
0
DERIV 15
2.991214691809732004e-16
1.1217530156382363694e-32
0
0
DERIV 16
-4.766626493413339977e-17
2.5004118607127224987e-33
0
0
DERIV 17
6.660170871706546137e-18
1.2875082696674042924e-34
0
0
DERIV 18
-8.717344798626660717e-19
5.121910782102964059e-35
0
0
DERIV 19
1.0991681774540159083e-19
-3.321968516757789064e-36
0
0
DERIV 20
-1.3545130205573989811e-20
-5.144479771972841085e-37
0
0
DERIV 21
1.6449350557879537173e-21
-8.167611022430567476e-39
0
0
DERIV 22
-1.9787745394083181382e-22
9.790540166354603455e-40
0
0
DERIV 23
2.3658148017770631453e-23
7.692368508723949982e-41
0
0
DERIV 24
-2.8176180884203469921e-24
9.243428083651749475e-41
0
0
DERIV 25
3.347936095888726114e-25
1.1796991379398636808e-41
0
0
DERIV 26
-3.973208414725292736e-26
-1.9584924061899453443e-42
0
0
DERIV 27
4.713167204919301568e-27
6.338058586040472174e-44
0
0
DERIV 28
-5.591571742837227974e-28
-2.0011608736528127116e-44
0
0
DERIV 29
6.637102465737079036e-29
-5.087345697382138733e-45
0
0
DERIV 30
-7.884451217309128258e-30
4.651192297890480416e-46
0
0
DERIV 31
9.375652974159651079e-31
8.513598517692071463e-48
0
0
DERIV 32
-1.1161714850574705982e-31
8.994479856459349036e-48
0
0
DERIV 33
1.3304611147207114176e-32
-1.1097191339437228062e-48
0
0
DERIV 34
-1.5879729239817742506e-33
1.6436458945300140211e-49
0
0
DERIV 35
1.8978870944124609178e-34
-1.0012187666662989327e-50
0
0
AT 63/8
0.010920232288247490315
-8.061841081774073838e-19
0
0
DERIV 1
-0.005692696567536683142
3.415314106239703014e-19
0
0
DERIV 2
0.0015589397580242092285
-6.884845795625088420e-20
0
0
DERIV 3
-0.0002996601341115297029
-7.019378038840774648e-22
0
0
DERIV 4
4.556614184073756410e-5
2.0971330653224174454e-21
0
0
DERIV 5
-5.853339074280965492e-6
3.658220030432704309e-22
0
0
DERIV 6
6.617743617407282144e-7
3.116550179246742591e-23
0
0
DERIV 7
-6.763360434280803923e-8
-6.528084089358162684e-24
0
0
DERIV 8
6.352497080189935097e-9
-6.500804316029598662e-26
0
0
DERIV 9
-5.522825889372486246e-10
-2.696852345087412685e-26
0
0
DERIV 10
4.422747360490973135e-11
1.2121549129623754626e-28
0
0
DERIV 11
-3.1739949628418173693e-12
6.499388576827621042e-29
0
0
DERIV 12
1.8589696305910117455e-13
3.955442915992911614e-30
0
0
DERIV 13
-5.229635470993005033e-15
-2.075722022677940090e-31
0
0
DERIV 14
-8.176267400307841439e-16
-3.366976041208873037e-32
0
0
DERIV 15
2.1665040494190981746e-16
4.683790601486010530e-33
0
0
DERIV 16
-3.540442008430850353e-17
-2.6582830998925229838e-33
0
0
DERIV 17
4.964546401182979400e-18
-4.952707011522277453e-35
0
0
DERIV 18
-6.469516335575135354e-19
-4.076080115765607637e-35
0
0
DERIV 19
8.090396235961790721e-20
-2.9513451832184835048e-36
0
0
DERIV 20
-9.866356191909203972e-21
-4.889177134514129805e-37
0
0
DERIV 21
1.1841165093584787209e-21
-1.7181705335442608063e-38
0
0
DERIV 22
-1.4064146401255388659e-22
3.952673091873142195e-40
0
0
DERIV 23
1.6591504635156013976e-23
-1.2275521765774926805e-39
0
0
DERIV 24
-1.9487980562018942161e-24
1.3780816550122829470e-40
0
0
DERIV 25
2.282884138471744968e-25
-4.486803544628514035e-42
0
0
DERIV 26
-2.670224668011920531e-26
-4.111453963435536041e-43
0
0
DERIV 27
3.1212057630023486174e-27
1.1586741844337664668e-43
0
0
DERIV 28
-3.648118079953745236e-28
1.7042399691073971616e-44
0
0
DERIV 29
4.265556154847216585e-29
2.4825665533553696886e-45
0
0
DERIV 30
-4.990896846037848808e-30
-1.1710689697788314123e-46
0
0
DERIV 31
5.844874081630650756e-31
4.069109057610661594e-47
0
0
DERIV 32
-6.852270782444437592e-32
1.8171566590794326202e-48
0
0
DERIV 33
8.042753277476161643e-33
-5.725659069457768425e-49
0
0
DERIV 34
-9.451878944545120393e-34
2.994891271536146878e-50
0
0
DERIV 35
1.1122314419710974091e-34
-9.547560186958473611e-52
0
0
AT 8
0.010232429325734303596
7.913307658403198416e-19
0
0
DERIV 1
-0.005316659237130844963
8.402580328156136771e-20
0
0
DERIV 2
0.0014507270913161210771
8.308444875793049587e-20
0
0
DERIV 3
-0.0002777663641025294138
-2.1968536520254314220e-20
0
0
DERIV 4
4.205839136889642722e-5
-1.9056473855375139153e-21
0
0
DERIV 5
-5.378522429589677431e-6
-2.946662730903145514e-22
0
0
DERIV 6
6.052857899732358404e-7
-3.403151338815015278e-23
0
0
DERIV 7
-6.158165166451287799e-8
-6.166188238231977112e-24
0
0
DERIV 8
5.761275991991241186e-9
-1.3682328926341076059e-25
0
0
DERIV 9
-4.996469801426517585e-10
4.809276616988198429e-26
0
0
DERIV 10
4.005183453458865664e-11
1.3256881844433411821e-28
0
0
DERIV 11
-2.9020367133454134647e-12
-8.044835501933205358e-29
0
0
DERIV 12
1.7641393563960368342e-13
1.2014690076254911767e-29
0
0
DERIV 13
-6.341040245630596617e-15
3.656556924496413467e-31
0
0
DERIV 14
-4.716529848864111661e-16
1.2084233672601706305e-32
0
0
DERIV 15
1.5543227117439584557e-16
3.145827418054789717e-33
0
0
DERIV 16
-2.6259234026370305836e-17
-4.254452012421356538e-34
0
0
DERIV 17
3.704725705797193142e-18
3.841860999438011224e-34
0
0
DERIV 18
-4.812546233118827258e-19
-1.8432855203559904277e-35
0
0
DERIV 19
5.973391804373554710e-20
-2.9119228357169651040e-36
0
0
DERIV 20
-7.212996077982947453e-21
-7.225265030225408572e-37
0
0
DERIV 21
8.558916994276471130e-22
6.729070064953053243e-38
0
0
DERIV 22
-1.0040983057289732409e-22
-2.949718814868602712e-39
0
0
DERIV 23
1.1691966932778646949e-23
9.169798433862225516e-41
0
0
DERIV 24
-1.3548426398851455646e-24
-4.909319190799992205e-41
0
0
DERIV 25
1.5651692416717284059e-25
7.836803531749718061e-42
0
0
DERIV 26
-1.8049009417907727171e-26
8.691049873327709328e-44
0
0
DERIV 27
2.0794849629820127752e-27
6.468985385193872286e-44
0
0
DERIV 28
-2.395243539204218854e-28
-5.859512281682034345e-45
0
0
DERIV 29
2.759551356930415308e-29
-1.6274378514332046161e-45
0
0
DERIV 30
-3.181043603000953276e-30
-3.949712473171409691e-47
0
0
DERIV 31
3.669861085492834119e-31
-4.839063242380950543e-48
0
0
DERIV 32
-4.237940128275151323e-32
1.0277957071494874376e-48
0
0
DERIV 33
4.899356406050474145e-33
2.3357506104390054819e-49
0
0
DERIV 34
-5.670733648748437178e-34
-4.149703967685333517e-50
0
0
DERIV 35
6.571730270203297650e-35
3.861192842632492093e-51
0
0
AT 33/4
0.008989754042449969729
5.389432806148976244e-19
0
0
DERIV 1
-0.004640849840447305343
-9.481832402965252957e-20
0
0
DERIV 2
0.0012573680622449962940
2.1720074767526752665e-20
0
0
DERIV 3
-0.00023888851169989597711
-1.1540586635273232691e-21
0
0
DERIV 4
3.587053215946164582e-5
4.472367762893848059e-22
0
0
DERIV 5
-4.546614928367612044e-6
3.397956574858075758e-22
0
0
DERIV 6
5.069759307015881891e-7
3.651149274304408702e-24
0
0
DERIV 7
-5.111181539881273649e-8
-1.9494501638477619834e-24
0
0
DERIV 8
4.742567111554368987e-9
-1.1886568544626294226e-25
0
0
DERIV 9
-4.089051816691702617e-10
-1.4270887423280331983e-26
0
0
DERIV 10
3.276916887750292531e-11
2.9123455713478276585e-27
0
0
DERIV 11
-2.4056629227625113221e-12
1.2777787332357175446e-28
0
0
DERIV 12
1.5406174518232010311e-13
7.701372839551085956e-30
0
0
DERIV 13
-7.170790056756483906e-15
1.4455311638928995052e-31
0
0
DERIV 14
-5.150033983133532528e-17
-2.0113377570047993499e-33
0
0
DERIV 15
7.655508158818696634e-17
-3.380278106420215464e-33
0
0
DERIV 16
-1.4332909698092023054e-17
1.2129148924001953907e-33
0
0
DERIV 17
2.0666941646848152650e-18
5.913690029081555409e-35
0
0
DERIV 18
-2.679115962992214526e-19
-4.621710448382756591e-36
0
0
DERIV 19
3.284069875889682437e-20
-1.6419027960902248671e-36
0
0
DERIV 20
-3.894720834827283935e-21
-1.6424302523479202190e-37
0
0
DERIV 21
4.523792780534052204e-22
2.0277184336979956238e-38
0
0
DERIV 22
-5.183698133982428597e-23
-2.8837259847718100369e-39
0
0
DERIV 23
5.886777205303802595e-24
2.8602712134320839684e-40
0
0
DERIV 24
-6.645587630514325164e-25
3.552296475663300379e-41
0
0
DERIV 25
7.473215349711815303e-26
3.196969489159169315e-42
0
0
DERIV 26
-8.383596645396543919e-27
1.6257976214819764800e-43
0
0
DERIV 27
9.391850656322468005e-28
6.922204863940604953e-44
0
0
DERIV 28
-1.0514627065198771909e-28
5.768408236223673824e-45
0
0
DERIV 29
1.1770476473437012802e-29
2.1350659166028146874e-47
0
0
DERIV 30
-1.3180252581011182294e-30
7.887094783728011700e-47
0
0
DERIV 31
1.4767556398549664911e-31
-6.826809440281874321e-48
0
0
DERIV 32
-1.6559233729663626258e-32
-7.021532101303241158e-49
0
0
DERIV 33
1.8585938295672291320e-33
1.1448694841500777772e-49
0
0
DERIV 34
-2.088277426047483042e-34
-1.9850389512434189023e-50
0
0
DERIV 35
2.3490033632897934220e-35
-1.1541792490126072056e-51
0
0
AT 17/2
0.007904530253170392526
-6.987328794529455332e-19
0
0
DERIV 1
-0.004054801412607813606
-1.7694660501761491193e-19
0
0
DERIV 2
0.0010909714084201525570
-3.172626429912907120e-20
0
0
DERIV 3
-0.00020570792062836411166
-1.2067695864180553891e-20
0
0
DERIV 4
3.063584977392851821e-5
3.964783982890813481e-23
0
0
DERIV 5
-3.849279001570561490e-6
2.245081823090597517e-22
0
0
DERIV 6
4.253188877414577404e-7
-4.774869780476383872e-24
0
0
DERIV 7
-4.248826054357357346e-8
-1.1173808696424893608e-24
0
0
DERIV 8
3.908780510541426745e-9
5.777906883112837156e-26
0
0
DERIV 9
-3.347421827467608775e-10
1.3270276509832569954e-26
0
0
DERIV 10
2.6757053466361105981e-11
-1.5728997554698515860e-27
0
0
DERIV 11
-1.9783753820350063737e-12
-1.3420743406355516307e-28
0
0
DERIV 12
1.3091749879095689743e-13
7.017339919014076462e-30
0
0
DERIV 13
-6.956888930118788571e-15
-6.944190992375274456e-32
0
0
DERIV 14
1.4717967916644308961e-16
-7.150738102317526104e-33
0
0
DERIV 15
3.381822504755765004e-17
-1.3251127166550153410e-33
0
0
DERIV 16
-7.679719450926227812e-18
7.173277491452243782e-34
0
0
DERIV 17
1.1520774692321399893e-18
2.0097378103148759850e-35
0
0
DERIV 18
-1.5007466922014160107e-19
2.4102701945797026391e-36
0
0
DERIV 19
1.8236207447384584548e-20
2.573979884330556092e-38
0
0
DERIV 20
-2.1293596969375865235e-21
1.3937124025087045401e-37
0
0
DERIV 21
2.425591249193577906e-22
-3.3996721539398402653e-40
0
0
DERIV 22
-2.719016698504035145e-23
-1.5826709769524910556e-39
0
0
DERIV 23
3.0155802777830625450e-24
-8.144594939473175228e-41
0
0
DERIV 24
-3.320652979979742700e-25
-9.277218265239068354e-42
0
0
DERIV 25
3.639208163100686136e-26
-7.152084627278654653e-43
0
0
DERIV 26
-3.975980502660484267e-27
-2.2872942031979994395e-43
0
0
DERIV 27
4.335607106768203457e-28
3.718914089183646346e-44
0
0
DERIV 28
-4.722752951228964039e-29
1.5988250522396604976e-45
0
0
DERIV 29
5.142224081187282172e-30
-2.4552834274871430380e-46
0
0
DERIV 30
-5.599072309742295823e-31
1.3191055892460766455e-47
0
0
DERIV 31
6.098694988817958629e-32
-3.707091451499108688e-48
0
0
DERIV 32
-6.646933125143903230e-33
-2.4869230538418320003e-49
0
0
DERIV 33
7.250170806017428411e-34
8.493392468360648671e-51
0
0
DERIV 34
-7.915438648044880579e-35
3.701802153201816691e-52
0
0
DERIV 35
8.650523810142045687e-36
-3.555907050820659043e-53
0
0
AT 35/4
0.006955917440314266648
3.414105524695646560e-19
0
0
DERIV 1
-0.003546043962780485569
5.988311893302063461e-20
0
0
DERIV 2
0.0009476015374600325978
-2.6380312857539186651e-20
0
0
DERIV 3
-0.00017735055993216340773
9.003467740620042583e-21
0
0
DERIV 4
2.6200780662873449664e-5
-7.188091100930117861e-22
0
0
DERIV 5
-3.263804717103243206e-6
4.745076655812930358e-23
0
0
DERIV 6
3.573865339387294743e-7
-9.936316150453552365e-24
0
0
DERIV 7
-3.537615183215456580e-8
-2.6444770118379254453e-24
0
0
DERIV 8
3.226008830573596472e-9
-8.052863898706856875e-26
0
0
DERIV 9
-2.742192918180826035e-10
1.0803974550070229859e-26
0
0
DERIV 10
2.1826128181265982576e-11
-6.395040904549437438e-29
0
0
DERIV 11
-1.6185498645155361557e-12
-9.968674120799449297e-29
0
0
DERIV 12
1.0933685667482558572e-13
-4.088131309259527993e-31
0
0
DERIV 13
-6.277459052256761664e-15
-3.391816909024494652e-31
0
0
DERIV 14
2.270356174585505733e-16
1.3466109118522596082e-32
0
0
DERIV 15
1.1225372860466649469e-17
4.483271460661601120e-34
0
0
DERIV 16
-3.978304933508799124e-18
-2.602130758832407183e-35
0
0
DERIV 17
6.387510897961660360e-19
-1.2772930605883139990e-35
0
0
DERIV 18
-8.438592481689781756e-20
-3.466077794758628948e-36
0
0
DERIV 19
1.0210686629089193981e-20
6.166622339898981567e-37
0
0
DERIV 20
-1.1771327186480449087e-21
4.426004842733709306e-38
0
0
DERIV 21
1.3176660319980670087e-22
-1.0160766861688725817e-38
0
0
DERIV 22
-1.4472776084931397328e-23
-6.737772810643753223e-40
0
0
DERIV 23
1.5697391653727437422e-24
-1.7240809149226593943e-41
0
0
DERIV 24
-1.6881508777520041148e-25
9.494147017235942884e-42
0
0
DERIV 25
1.8050885530825800811e-26
7.372235556646458164e-44
0
0
DERIV 26
-1.9227275751698573465e-27
1.6898835217899853027e-43
0
0
DERIV 27
2.042944343046459952e-28
1.2603693678411070030e-44
0
0
DERIV 28
-2.1673981160222330097e-29
-1.3851102388718356945e-45
0
0
DERIV 29
2.2975967558502087019e-30
-1.0093749935322003568e-46
0
0
DERIV 30
-2.434949701419460290e-31
-6.287346958920628603e-48
0
0
DERIV 31
2.580811073089961982e-32
-2.0421211578482990159e-48
0
0
DERIV 32
-2.7365153031198391333e-33
-1.1465548444496048310e-49
0
0
DERIV 33
2.903407223054363197e-34
4.360231774119920501e-51
0
0
DERIV 34
-3.082868143795133282e-35
-2.1203176407173922910e-51
0
0
DERIV 35
3.276339145270032437e-36
-3.1798637255551988508e-52
0
0
AT 9
0.006125959687843209739
3.266973392511245814e-19
0
0
DERIV 1
-0.003103920586289412448
8.778643729798172355e-20
0
0
DERIV 2
0.0008239241773670904915
3.026110829906036080e-20
0
0
DERIV 3
-0.00015308263955428745465
1.0862109974563752299e-20
0
0
DERIV 4
2.2437577766215535300e-5
8.867219031410344343e-22
0
0
DERIV 5
-2.771463131179292144e-6
-1.3741960210869854709e-22
0
0
DERIV 6
3.007810688850163733e-7
-5.171391609200637530e-24
0
0
DERIV 7
-2.9502208015382275689e-8
-1.2793155889036552232e-25
0
0
DERIV 8
2.666432279085501464e-9
1.6181941660457799347e-25
0
0
DERIV 9
-2.2485896879309033939e-10
9.077063844445446225e-27
0
0
DERIV 10
1.7798991784317526894e-11
1.3422109048432068379e-27
0
0
DERIV 11
-1.3198059810842636913e-12
3.024689502443158660e-29
0
0
DERIV 12
9.028140872859654555e-14
5.819314522478254189e-30
0
0
DERIV 13
-5.438683284160023724e-15
-1.7984984740385910403e-31
0
0
DERIV 14
2.451772107086944754e-16
-1.3088871050883631938e-32
0
0
DERIV 15
-1.9600354405051355778e-19
-4.260932735440924333e-36
0
0
DERIV 16
-1.9358586235076745150e-18
-1.7494583543674039263e-34
0
0
DERIV 17
3.499172275624327081e-19
-4.712350757678457065e-36
0
0
DERIV 18
-4.749236588197348656e-20
-2.0138861948915983546e-36
0
0
DERIV 19
5.754208082410707683e-21
-3.522684765330612545e-37
0
0
DERIV 20
-6.570396569274926339e-22
3.785802796976183003e-38
0
0
DERIV 21
7.243084883254580806e-23
2.4124321704958562959e-39
0
0
DERIV 22
-7.808105155331121789e-24
-2.1918142923805506962e-40
0
0
DERIV 23
8.293561196360522676e-25
4.644464021280141687e-41
0
0
DERIV 24
-8.721415810629030718e-26
-2.1844848040011564744e-43
0
0
DERIV 25
9.108840090600030300e-27
-2.3927691069886152186e-43
0
0
DERIV 26
-9.469310068746493058e-28
-3.866783493370268529e-44
0
0
DERIV 27
9.813474686822051471e-29
4.600189788961755752e-45
0
0
DERIV 28
-1.0149831967242295482e-29
-4.673970021353976492e-46
0
0
DERIV 29
1.0485251035187777292e-30
-1.1537668244705529094e-47
0
0
DERIV 30
-1.0825373378989068596e-31
-5.886494986043116891e-48
0
0
DERIV 31
1.1174920989155863692e-32
3.1762706819975048179e-49
0
0
DERIV 32
-1.1537933391457873660e-33
4.085646660264577408e-50
0
0
DERIV 33
1.1917950710509259991e-34
9.283627868554618614e-51
0
0
DERIV 34
-1.2318155919218847565e-35
-2.6205069581583982504e-52
0
0
DERIV 35
1.2741486292592529137e-36
-5.522015057792398629e-53
0
0
AT 37/4
0.005399167898066501228
9.446039939708493813e-20
0
0
DERIV 1
-0.002719311560809170667
-1.3774619199579469245e-19
0
0
DERIV 2
0.0007171102848599034303
3.555618407253566364e-20
0
0
DERIV 3
-0.00013228712432976968082
1.0261412807491360584e-20
0
0
DERIV 4
1.9239799405325860632e-5
1.1869056655833590861e-21
0
0
DERIV 5
-2.356786484786406273e-6
-1.2224570163016482428e-22
0
0
DERIV 6
2.535373590338705524e-7
-8.251005056294064857e-24
0
0
DERIV 7
-2.4643536740021084248e-8
-1.2360740098789725431e-24
0
0
DERIV 8
2.207324550260657832e-9
-9.856536625158168025e-26
0
0
DERIV 9
-1.8460269225134897906e-10
7.659565418538752157e-27
0
0
DERIV 10
1.4518586738623035785e-11
-4.795951768658962708e-29
0
0
DERIV 11
-1.0740892220073230240e-12
-8.207144888915325967e-29
0
0
DERIV 12
7.398689303653594112e-14
1.1243525709819555222e-30
0
0
DERIV 13
-4.595897105497966202e-15
3.417771266755952812e-32
0
0
DERIV 14
2.331330487219723608e-16
-7.695454337403753078e-34
0
0
DERIV 15
-5.492610865137216690e-18
3.151523412886944362e-34
0
0
DERIV 16
-8.268602216663794049e-19
3.764087048420033231e-35
0
0
DERIV 17
1.8750745278117401675e-19
1.0587710503669038405e-35
0
0
DERIV 18
-2.6655496986194201632e-20
9.673836993983860971e-37
0
0
DERIV 19
3.2572082871625537153e-21
1.3207612921747306831e-37
0
0
DERIV 20
-3.697531895117871897e-22
1.4199078086494064763e-38
0
0
DERIV 21
4.023801364504006517e-23
2.8087820891502159827e-39
0
0
DERIV 22
-4.264807854721631850e-24
1.2402529309210649028e-40
0
0
DERIV 23
4.442556810126134688e-25
-7.621211298552691721e-43
0
0
DERIV 24
-4.573763660723696358e-26
-1.6678118383956426340e-43
0
0
DERIV 25
4.671083884469235340e-27
-1.6454224342478393090e-43
0
0
DERIV 26
-4.744087087903458571e-28
2.2273776537157964304e-44
0
0
DERIV 27
4.800010815663079829e-29
-1.2221453473085263452e-45
0
0
DERIV 28
-4.844335693705646819e-30
-2.4694979686936721691e-46
0
0
DERIV 29
4.881220544258509563e-31
1.0751451401305000973e-47
0
0
DERIV 30
-4.913830022229866381e-32
-2.2323387513168380760e-48
0
0
DERIV 31
4.944580804360785524e-33
3.491955099388259179e-50
0
0
DERIV 32
-4.975326524621606485e-34
4.222730157940862339e-50
0
0
DERIV 33
5.007496832868591920e-35
-4.500207534638704694e-51
0
0
DERIV 34
-5.042202154520899633e-36
-1.2531694722752436077e-52
0
0
DERIV 35
5.080312810969834457e-37
-2.633904213061893525e-53
0
0
AT 19/2
0.004762165328695062982
1.3003479698397081670e-19
0
0
DERIV 1
-0.002384402353206218489
-9.390506801339424210e-21
0
0
DERIV 2
0.0006247559835141855162
-3.140662849340025131e-20
0
0
DERIV 3
-0.00011444433825531803294
2.0653393970751780806e-21
0
0
DERIV 4
1.6518612213078497780e-5
-4.381402136338394240e-22
0
0
DERIV 5
-2.006981083091225131e-6
-9.673246133836425625e-23
0
0
DERIV 6
2.1404313806716296684e-7
-1.1036850083020464960e-23
0
0
DERIV 7
-2.0618350567997218204e-8
-3.874552107493478476e-25
0
0
DERIV 8
1.8301703345464871056e-9
-4.688864318062864228e-26
0
0
DERIV 9
-1.5175646478831610225e-10
-6.051290969147533550e-28
0
0
DERIV 10
1.1850393464896319954e-11
7.557158707156104995e-28
0
0
DERIV 11
-8.732398926127120438e-13
4.231324945915343154e-30
0
0
DERIV 12
6.033226581069115660e-14
4.572870026286138825e-31
0
0
DERIV 13
-3.821671575241337939e-15
1.0143038989672105580e-31
0
0
DERIV 14
2.0804171077722489826e-16
2.1644665648186360515e-33
0
0
DERIV 15
-7.501886323609328565e-18
-6.650845778895619686e-34
0
0
DERIV 16
-2.418003430737825595e-19
-1.4163921434293124188e-35
0
0
DERIV 17
9.662399918628826753e-20
-5.252968020195299522e-36
0
0
DERIV 18
-1.4847022096168382830e-20
6.062085032043192995e-37
0
0
DERIV 19
1.8475970202356449558e-21
-8.523657735505142243e-38
0
0
DERIV 20
-2.0946378131377107883e-22
-3.010098419923561615e-39
0
0
DERIV 21
2.2563400939091596091e-23
8.116771807012265580e-40
0
0
DERIV 22
-2.3557684503639224668e-24
1.6538023096233165097e-40
0
0
DERIV 23
2.410165688284891434e-25
1.2815892073189154559e-41
0
0
DERIV 24
-2.4323280983246929085e-26
-1.2889710950109564653e-42
0
0
DERIV 25
2.4317047924795823751e-27
1.0632739184045431405e-43
0
0
DERIV 26
-2.415248244325951936e-28
9.857654827967159174e-46
0
0
DERIV 27
2.3880591239110516389e-29
8.945425766245018788e-46
0
0
DERIV 28
-2.3538690245452577011e-30
9.555654088129849992e-47
0
0
DERIV 29
2.315399057837534872e-31
-6.950367572151943874e-48
0
0
DERIV 30
-2.2746250683505353659e-32
-9.409457900784342993e-49
0
0
DERIV 31
2.2329733641042668894e-33
1.1545012203983917893e-49
0
0
DERIV 32
-2.191465077156965621e-34
-1.7722717381960121127e-50
0
0
DERIV 33
2.1508226772976563125e-35
3.878603368097447282e-52
0
0
DERIV 34
-2.1115486409236667390e-36
-3.259417895251935624e-53
0
0
DERIV 35
2.073983633441248931e-37
-3.905820016481793800e-54
0
0
AT 39/4
0.004203386413489938397
3.516545609331022624e-19
0
0
DERIV 1
-0.002092488240662146014
-9.298290751007650872e-20
0
0
DERIV 2
0.0005448157495466603422
-4.114405710006589540e-20
0
0
DERIV 3
-9.911592259374931086e-5
2.6842535406221833216e-21
0
0
DERIV 4
1.4199757995148792525e-5
6.357066926918763672e-22
0
0
DERIV 5
-1.7114484340478458997e-6
-3.599308841668035322e-23
0
0
DERIV 6
1.8097398256243001330e-7
1.3279434757880846251e-24
0
0
DERIV 7
-1.7278323012731330032e-8
-7.528764136204562095e-25
0
0
DERIV 8
1.5199082032136841768e-9
5.423103404267896709e-26
0
0
DERIV 9
-1.2493512746701779389e-10
5.542363399695438900e-28
0
0
DERIV 10
9.681567369921463250e-12
6.504639403109283837e-28
0
0
DERIV 11
-7.097312734886712224e-13
9.824990849049244515e-30
0
0
DERIV 12
4.904053955801850369e-14
-1.2575525630913944348e-30
0
0
DERIV 13
-3.1440870827986247842e-15
-1.3164679344311775675e-31
0
0
DERIV 14
1.7896444371839593132e-16
-3.433535172650241918e-33
0
0
DERIV 15
-7.812004785070332357e-18
-1.8877473838215003873e-34
0
0
DERIV 16
5.129533247329966996e-20
-8.522425458204079830e-39
0
0
DERIV 17
4.629990765228643832e-20
-2.7279507778923426343e-36
0
0
DERIV 18
-8.149550615819378951e-21
-6.524593716386747198e-37
0
0
DERIV 19
1.0471603864207025607e-21
8.994379428826053918e-38
0
0
DERIV 20
-1.1924377556541537787e-22
1.0812979179290015945e-38
0
0
DERIV 21
1.2754740174113241243e-23
4.677499282567117119e-40
0
0
DERIV 22
-1.3145286807904311563e-24
-5.251984158613293457e-41
0
0
DERIV 23
1.3229488483995309584e-25
7.256312297462796438e-42
0
0
DERIV 24
-1.3104064125668586563e-26
-4.638706629521395893e-43
0
0
DERIV 25
1.2838619234834978071e-27
-8.143939657180173167e-44
0
0
DERIV 26
-1.2482940641078727006e-28
4.790112148287941420e-45
0
0
DERIV 27
1.2072416806372560641e-29
5.325295531950571887e-46
0
0
DERIV 28
-1.1632018469669842090e-30
-3.477881423641318468e-47
0
0
DERIV 29
1.1179200636541915475e-31
-6.951201207237514914e-48
0
0
DERIV 30
-1.0726008858420987433e-32
6.265147482251097785e-49
0
0
DERIV 31
1.0280604180542709222e-33
7.697491422561670317e-50
0
0
DERIV 32
-9.848365838858187252e-35
-7.000084598445931959e-51
0
0
DERIV 33
9.432688231471477882e-36
2.1265003012845153130e-52
0
0
DERIV 34
-9.035556846955800835e-37
-4.712112977766979517e-54
0
0
DERIV 35
8.657964412465741388e-38
1.0897152026967468071e-54
0
0
AT 10
0.003712820491000089033
-1.9784631596804233588e-19
0
0
DERIV 1
-0.0018378095116362820963
-6.799275198293056845e-20
0
0
DERIV 2
0.0004755465627573750190
-2.1275891284876400170e-20
0
0
DERIV 3
-8.593154714405701843e-5
-2.3669886162600288629e-21
0
0
DERIV 4
1.2221062187802276495e-5
8.444159227983634319e-22
0
0
DERIV 5
-1.4613945261579137739e-6
7.618322167888012418e-23
0
0
DERIV 6
1.5324041173252525944e-7
3.896133803319756868e-24
0
0
DERIV 7
-1.4502335942939978874e-8
-5.671677701608308700e-25
0
0
DERIV 8
1.2642947997348282961e-9
1.4599508733935881043e-26
0
0
DERIV 9
-1.0301077438170871933e-10
3.270186583731147446e-27
0
0
DERIV 10
7.918725473824355355e-12
-1.5625005313427152704e-28
0
0
DERIV 11
-5.769605289163393161e-13
4.163574366733461101e-29
0
0
DERIV 12
3.978518887689734865e-14
-2.718160349109614859e-32
0
0
DERIV 13
-2.5681603119254661411e-15
1.1665474054723455772e-31
0
0
DERIV 14
1.5045951179351409266e-16
3.221854793099251826e-33
0
0
DERIV 15
-7.302975552615956941e-18
-5.973976755479777583e-34
0
0
DERIV 16
1.8396910280400248949e-19
-7.445021660915816349e-36
0
0
DERIV 17
1.8961816583657440336e-20
5.723788183982924521e-37
0
0
DERIV 18
-4.360109254312326636e-21
3.122569818295996440e-37
0
0
DERIV 19
5.907996446359930007e-22
4.698078582883359321e-38
0
0
DERIV 20
-6.808277144388155888e-23
4.482205489849338293e-39
0
0
DERIV 21
7.258546439836611735e-24
2.9687887012217562087e-40
0
0
DERIV 22
-7.401747130420301432e-25
1.9098003448258272564e-41
0
0
DERIV 23
7.339944309275165725e-26
-4.725817938655461526e-42
0
0
DERIV 24
-7.145250384428962740e-27
4.834989840441244248e-43
0
0
DERIV 25
6.868135001675340366e-28
3.916942876894229959e-44
0
0
DERIV 26
-6.543581231887925289e-29
-5.135247320786074987e-46
0
0
DERIV 27
6.195568790728585038e-30
-5.200138473213724259e-47
0
0
DERIV 28
-5.840302455015474303e-31
-4.061829320948553216e-47
0
0
DERIV 29
5.488519779046906390e-32
3.864771810326330772e-48
0
0
DERIV 30
-5.147132675737401023e-33
2.0441235013489115214e-49
0
0
DERIV 31
4.820391330261903560e-34
4.566713756802302029e-51
0
0
DERIV 32
-4.510707488545765146e-35
-1.6461520800340488295e-51
0
0
DERIV 33
4.219235645007166985e-36
-1.3032934741013029074e-52
0
0
DERIV 34
-3.946282467620457270e-37
3.236073667634705007e-53
0
0
DERIV 35
3.691594470688471875e-38
-4.915241263568416029e-55
0
0
AT 41/4
0.003281793440766271001
1.1658273853817991398e-19
0
0
DERIV 1
-0.0016154122481099534702
-9.545351226039054880e-20
0
0
DERIV 2
0.0004154611477658514741
2.3191558418838289424e-20
0
0
DERIV 3
-7.457788456250444894e-5
4.147190194947566981e-21
0
0
DERIV 4
1.0530384376252827560e-5
4.632075791643170242e-22
0
0
DERIV 5
-1.2495107816043219005e-6
-1.2075353805331934893e-23
0
0
DERIV 6
1.2994488232442270986e-7
1.2156073374008105272e-23
0
0
DERIV 7
-1.2191386987500835134e-8
6.127526935669499096e-25
0
0
DERIV 8
1.0533783045233104266e-9
-2.8943842081775242728e-27
0
0
DERIV 9
-8.506738834887976131e-11
-5.549944833074625708e-27
0
0
DERIV 10
6.485288739863922049e-12
-8.081887933294805956e-29
0
0
DERIV 11
-4.693071108197231374e-13
-4.316942764987932592e-29
0
0
DERIV 12
3.224389116845618187e-14
-1.3917548369801542624e-30
0
0
DERIV 13
-2.0877246517255763159e-15
-1.0105624802465042236e-31
0
0
DERIV 14
1.2460858677931432807e-16
8.927657207740782145e-33
0
0
DERIV 15
-6.453511860788152101e-18
3.862216946412841059e-35
0
0
DERIV 16
2.306516171881958088e-19
-1.7292484584020252098e-35
0
0
DERIV 17
4.595102339556244628e-21
-2.637584883340840415e-37
0
0
DERIV 18
-2.2304062682491676058e-21
-6.506327142003273836e-38
0
0
DERIV 19
3.301133112248621499e-22
-1.5173106109804131288e-39
0
0
DERIV 20
-3.889489137760665652e-23
1.3181436289348319200e-39
0
0
DERIV 21
4.152389297510709769e-24
3.805204796620373097e-41
0
0
DERIV 22
-4.200829422198890793e-25
-4.545012652292204507e-41
0
0
DERIV 23
4.112182522063712931e-26
2.2332655283593371901e-42
0
0
DERIV 24
-3.939695426571691124e-27
1.8212966743515942252e-43
0
0
DERIV 25
3.719549629553988633e-28
-1.3129459338111824371e-44
0
0
DERIV 26
-3.475983564025522107e-29
-1.0282143122547481625e-45
0
0
DERIV 27
3.224948087006883058e-30
-1.5707976507487307697e-46
0
0
DERIV 28
-2.976686187971647092e-31
1.2633049648837397976e-47
0
0
DERIV 29
2.737539331347104503e-32
-2.4975453755584815648e-48
0
0
DERIV 30
-2.5112050657514815466e-33
-1.4558484502075311976e-49
0
0
DERIV 31
2.299608627023991862e-34
3.870368437225364356e-51
0
0
DERIV 32
-2.1035045435667121100e-35
9.641366745183719858e-52
0
0
DERIV 33
1.9228901001790004964e-36
-2.524483984377710073e-53
0
0
DERIV 34
-1.7572880428453631015e-37
-9.431092849950465496e-54
0
0
DERIV 35
1.6059385893530172807e-38
-3.759933716682317284e-55
0
0
AT 21/2
0.002902781366112932616
1.9564009823984540855e-19
0
0
DERIV 1
-0.0014210305420026246321
3.126051249716168636e-20
0
0
DERIV 2
0.0003632887633829817416
2.5856718961276531695e-20
0
0
DERIV 3
-6.478944753179305643e-5
1.8309451501380931939e-21
0
0
DERIV 4
9.083929950804705842e-6
-2.512819602271891387e-22
0
0
DERIV 5
-1.0697132720544449208e-6
-8.660529305243344431e-23
0
0
DERIV 6
1.1034683146795062869e-7
-3.357177828650884480e-24
0
0
DERIV 7
-1.0264452962578816217e-8
1.1183231749841667297e-25
0
0
DERIV 8
8.790664344514510264e-10
9.266640764649466669e-27
0
0
DERIV 9
-7.036216637029065801e-11
-4.491732961676924073e-27
0
0
DERIV 10
5.318839485023715374e-12
3.549837951095176283e-29
0
0
DERIV 11
-3.820778001989667408e-13
-1.5007913517490229130e-29
0
0
DERIV 12
2.6123275344855540243e-14
6.005683692585822906e-31
0
0
DERIV 13
-1.6919014952813908930e-15
3.583256856754492195e-33
0
0
DERIV 14
1.0216337514267960916e-16
4.458673637274036206e-34
0
0
DERIV 15
-5.515824545746613134e-18
-1.1244877091466413702e-34
0
0
DERIV 16
2.331899859854146080e-19
-1.6061565108741263112e-35
0
0
DERIV 17
-2.5192439912649040344e-21
9.809483499430209064e-38
0
0
DERIV 18
-1.0487246204421320130e-21
-1.5233277334657920688e-38
0
0
DERIV 19
1.8130437609590788627e-22
2.5159584541990135948e-39
0
0
DERIV 20
-2.2167898521140447806e-23
-8.075730282487357272e-41
0
0
DERIV 21
2.3839392162106805477e-24
8.988550965065060722e-41
0
0
DERIV 22
-2.400257125907843519e-25
8.390798379729026914e-42
0
0
DERIV 23
2.3241094319616521073e-26
1.2722000217757899257e-42
0
0
DERIV 24
-2.1946090108748604371e-27
2.0775461885787791705e-44
0
0
DERIV 25
2.037541497517358582e-28
2.2532455946610837739e-45
0
0
DERIV 26
-1.8695759726804526994e-29
-3.1383698594692850058e-46
0
0
DERIV 27
1.7012091775154687526e-30
9.870346232791840486e-47
0
0
DERIV 28
-1.5388006694848961349e-31
9.698884784078461598e-48
0
0
DERIV 29
1.3859675436548006379e-32
-8.361919303060332391e-49
0
0
DERIV 30
-1.2445336129471890531e-33
-6.993767750787294221e-50
0
0
DERIV 31
1.1151713088259213216e-34
4.605459109319065278e-51
0
0
DERIV 32
-9.978329602950577547e-36
-2.1733807089980803179e-52
0
0
DERIV 33
8.920383733077739850e-37
-8.137881822025326418e-53
0
0
DERIV 34
-7.970647485526831842e-38
4.246552645205315295e-55
0
0
DERIV 35
7.120704734376519691e-39
-3.383629729038826352e-55
0
0
AT 43/4
0.002569251408992333750
6.853193189812563860e-20
0
0
DERIV 1
-0.0012509866994973206818
-3.530211409986823238e-21
0
0
DERIV 2
0.0003179422697583222197
1.0226256430649802111e-20
0
0
DERIV 3
-5.634096166537974686e-5
3.0698404788901857885e-21
0
0
DERIV 4
7.844857119598964144e-6
1.5816753913105702792e-23
0
0
DERIV 5
-9.169293005467198982e-7
-3.339831124968741564e-23
0
0
DERIV 6
9.383425114854209236e-8
-4.525030838439129336e-25
0
0
DERIV 7
-8.655135149363437846e-9
-4.810158110110735046e-25
0
0
DERIV 8
7.347742099812578192e-10
-2.656711047238281137e-26
0
0
DERIV 9
-5.829319360575008947e-11
-5.536267815254148539e-27
0
0
DERIV 10
4.368707111699234056e-12
-2.068866604144367548e-28
0
0
DERIV 11
-3.114033650588109660e-13
1.2039726383060233524e-29
0
0
DERIV 12
2.1168073991984159627e-14
5.334998570884245328e-31
0
0
DERIV 13
-1.3685179614090625325e-15
8.450881471089269440e-32
0
0
DERIV 14
8.319052032752296292e-17
6.567866652021901958e-35
0
0
DERIV 15
-4.615410741306039328e-18
9.207101563715388610e-36
0
0
DERIV 16
2.1482361272509026903e-19
-9.183920956954715960e-36
0
0
DERIV 17
-5.645589181574654121e-21
2.363879762084764913e-37
0
0
DERIV 18
-4.073927834133074178e-22
4.703250945739559156e-39
0
0
DERIV 19
9.669939238571508627e-23
-3.464938574393681624e-39
0
0
DERIV 20
-1.2555951342872798066e-23
6.967291192594443983e-40
0
0
DERIV 21
1.3708730944383812157e-24
-3.202956580853980998e-41
0
0
DERIV 22
-1.3789463069645622189e-25
-4.275139277307700650e-42
0
0
DERIV 23
1.3237637426404208506e-26
4.108252404111593202e-43
0
0
DERIV 24
-1.2340166834897283862e-27
5.953712889145351928e-44
0
0
DERIV 25
1.1280608919811595161e-28
5.940124232547933620e-45
0
0
DERIV 26
-1.0173433218879771217e-29
2.4893916328704401189e-46
0
0
DERIV 27
9.087495433993502863e-31
4.195587840696248546e-47
0
0
DERIV 28
-8.061925193283415684e-32
-4.078680165253247784e-48
0
0
DERIV 29
7.116775422583238779e-33
1.5065158783050081275e-49
0
0
DERIV 30
-6.260099453151910717e-34
3.424871232858934517e-50
0
0
DERIV 31
5.492614003831837350e-35
-1.1987963166836698538e-51
0
0
DERIV 32
-4.810742037202400037e-36
-1.2825754994946658991e-52
0
0
DERIV 33
4.208574725205325867e-37
2.862763847336321822e-53
0
0
DERIV 34
-3.679116318780585927e-38
-2.2906040098857518080e-54
0
0
DERIV 35
3.215056161431959985e-39
-7.738847028275086261e-56
0
0
AT 11
0.002275525569377709074
2.0562490100693141009e-19
0
0
DERIV 1
-0.0011021065647663355266
3.972605132774545254e-20
0
0
DERIV 2
0.0002784904252264116978
1.1495772073930003278e-20
0
0
DERIV 3
-4.904100645566779445e-5
1.1138138800851871962e-21
0
0
DERIV 4
6.782125787225881968e-6
3.157929516656054176e-22
0
0
DERIV 5
-7.869225114705261252e-7
1.5948312242479702367e-23
0
0
DERIV 6
7.990055753223994488e-8
-3.2230035534528056759e-24
0
0
DERIV 7
-7.308940691749434640e-9
3.709918038434691657e-25
0
0
DERIV 8
6.151379459928286526e-10
3.428619095650687223e-26
0
0
DERIV 9
-4.837277471532090922e-11
-1.3710978056821478498e-27
0
0
DERIV 10
3.5938627641200495628e-12
2.3929650080088870149e-29
0
0
DERIV 11
-2.541212329631517195e-13
-9.730191257936556773e-30
0
0
DERIV 12
1.7162215589849690291e-14
-1.0334804538364159861e-30
0
0
DERIV 13
-1.1058153765700291693e-15
-9.854240697297072543e-33
0
0
DERIV 14
6.743004148803838188e-17
3.591643585326633922e-33
0
0
DERIV 15
-3.808007252911969101e-18
3.759107822636307028e-34
0
0
DERIV 16
1.8818553850941036174e-19
-8.613643156590964947e-36
0
0
DERIV 17
-6.640229604336221781e-21
4.772457109061174927e-38
0
0
DERIV 18
-7.222684096740313619e-23
1.5866989580748590959e-39
0
0
DERIV 19
4.900541972921672366e-23
1.0351664891346101835e-41
0
0
DERIV 20
-7.029305641856686934e-24
3.100626711169915951e-41
0
0
DERIV 21
7.877279545662043736e-25
8.436397487341756996e-42
0
0
DERIV 22
-7.954029232173817514e-26
-1.1585134368682194282e-42
0
0
DERIV 23
7.590670946650989772e-27
-3.809198625567659657e-44
0
0
DERIV 24
-6.997990637619831892e-28
4.272422306047535564e-44
0
0
DERIV 25
6.306989197157339566e-29
2.4964912724020071414e-45
0
0
DERIV 26
-5.596545235078878370e-30
-1.6247709722712912466e-46
0
0
DERIV 27
4.911981502137935756e-31
-1.6487588136804827499e-47
0
0
DERIV 28
-4.277366734597155751e-32
-6.117030057643490006e-50
0
0
DERIV 29
3.703577444930008255e-33
3.3603588343172098633e-49
0
0
DERIV 30
-3.193525890973669220e-34
-6.582735402906940257e-51
0
0
DERIV 31
2.745512330843145393e-35
-7.685166297932443463e-53
0
0
DERIV 32
-2.3553457103945744598e-36
1.1832634182971755002e-52
0
0
DERIV 33
2.017661746959220079e-37
-6.032704173966346247e-54
0
0
DERIV 34
-1.7267220409907504352e-38
-8.091888668414660084e-55
0
0
DERIV 35
1.4768806722977046842e-39
-7.313463171448306673e-56
0
0
AT 45/4
0.002016664057306822525
-1.3471181894725974609e-19
0
0
DERIV 1
-0.0009716475716118522146
-6.680033413322946710e-21
0
0
DERIV 2
0.00024413454679653309124
4.440715540278677237e-21
0
0
DERIV 3
-4.272670490908419199e-5
-2.2965844726624448607e-21
0
0
DERIV 4
5.869544772560668552e-6
-1.7455903231322206393e-22
0
0
DERIV 5
-6.761493660299155156e-7
3.610368853810681613e-23
0
0
DERIV 6
6.812575065730151479e-8
5.774460235436901544e-25
0
0
DERIV 7
-6.181079803958509072e-9
-1.9699305539905553061e-25
0
0
DERIV 8
5.157836285053313590e-10
3.336590885009046130e-26
0
0
DERIV 9
-4.020562562820065916e-11
-1.0170653317038029860e-27
0
0
DERIV 10
2.9611347548893751789e-12
-2.832963714327781917e-29
0
0
DERIV 11
-2.0766144962952971397e-13
-9.730456851263839941e-31
0
0
DERIV 12
1.3926048990949436835e-14
2.973457639760996333e-31
0
0
DERIV 13
-8.932156995601624497e-16
-4.513334735647683414e-32
0
0
DERIV 14
5.449048523935053465e-17
3.390715194192429134e-34
0
0
DERIV 15
-3.1119827367367695395e-18
4.549975841338864971e-36
0
0
DERIV 16
1.5989714217250987937e-19
-8.367563483580023422e-37
0
0
DERIV 17
-6.550170506533459069e-21
2.284364317635770991e-37
0
0
DERIV 18
9.140122987382269407e-23
-9.983619645916839003e-40
0
0
DERIV 19
2.2519913489632061843e-23
-1.3157307438417050195e-39
0
0
DERIV 20
-3.858113360590779217e-24
-8.748739416951424057e-41
0
0
DERIV 21
4.509423458778869660e-25
3.813555158894463701e-41
0
0
DERIV 22
-4.599060640716359616e-26
1.0084946565787740122e-42
0
0
DERIV 23
4.377038952849137245e-27
-4.997735875554400533e-44
0
0
DERIV 24
-3.998765601658659085e-28
-1.8261456838293300287e-44
0
0
DERIV 25
3.558218620309544705e-29
4.946493953280092931e-46
0
0
DERIV 26
-3.1101387359670807076e-30
2.561849493467723568e-47
0
0
DERIV 27
2.684625234325025389e-31
-1.7247609570268589413e-47
0
0
DERIV 28
-2.2966041418946695217e-32
3.450086916835522617e-49
0
0
DERIV 29
1.9518939665253875391e-33
-1.0583985762620027462e-49
0
0
DERIV 30
-1.6510429076911571200e-34
-8.898792851905281986e-51
0
0
DERIV 31
1.3917217222474893913e-35
7.122157116679241230e-52
0
0
DERIV 32
-1.1701892439701113150e-36
6.087056071625910243e-53
0
0
DERIV 33
9.821680617937799012e-38
-6.240159676284121110e-54
0
0
DERIV 34
-8.233489513545076395e-39
-3.590589827523680875e-55
0
0
DERIV 35
6.896646550664846856e-40
-1.0622267279206421233e-56
0
0
AT 23/2
0.0017883652526843106349
-6.127910687764362376e-20
0
0
DERIV 1
-0.0008572375260206708744
2.805714821155123431e-20
0
0
DERIV 2
0.00021418881748827767663
8.675305070913243403e-21
0
0
DERIV 3
-3.725928185915189372e-5
-3.876684722088825046e-22
0
0
DERIV 4
5.084981913392189331e-6
-1.9458849565307901323e-22
0
0
DERIV 5
-5.816411793680263404e-7
-3.278807856050288927e-23
0
0
DERIV 6
5.816105088187680877e-8
-6.925557419239047063e-25
0
0
DERIV 7
-5.234680357697750297e-9
2.404972784131427680e-25
0
0
DERIV 8
4.331396286193447966e-10
-2.3361620225281382262e-26
0
0
DERIV 9
-3.347114606442237477e-11
-3.0543320967197944982e-27
0
0
DERIV 10
2.4437234078003846211e-12
1.2591786679227072643e-28
0
0
DERIV 11
-1.6994374527525038897e-13
-4.113844183052917524e-30
0
0
DERIV 12
1.1311986012750630341e-14
5.863497305157302640e-31
0
0
DERIV 13
-7.215822870480169824e-16
1.3810276137555425690e-33
0
0
DERIV 14
4.395149771578885113e-17
1.3693070891455289819e-33
0
0
DERIV 15
-2.5266171741147176390e-18
-3.625844940517933211e-36
0
0
DERIV 16
1.3320907419550446893e-19
-4.401236606454394721e-36
0
0
DERIV 17
-5.957446254879852175e-21
-1.8474355685080105386e-37
0
0
DERIV 18
1.6074438807830287107e-22
-1.0266183150042724687e-38
0
0
DERIV 19
8.177541235421535889e-24
5.630213303914120057e-40
0
0
DERIV 20
-2.0484476622030463444e-24
1.2989312934720146822e-40
0
0
DERIV 21
2.561361742062422900e-25
1.2427477185910125388e-41
0
0
DERIV 22
-2.660417065840969945e-26
-9.335906260316511285e-43
0
0
DERIV 23
2.5350037672119019535e-27
-3.886724648864327287e-44
0
0
DERIV 24
-2.300253584797643416e-28
-2.0335655590877291443e-44
0
0
DERIV 25
2.0240501992769962469e-29
6.210687820258124868e-46
0
0
DERIV 26
-1.7447491520093003564e-30
-1.5836339603891379581e-46
0
0
DERIV 27
1.4826026483144295904e-31
4.523444172168040614e-48
0
0
DERIV 28
-1.2470171895152453893e-32
4.679454453171739807e-49
0
0
DERIV 29
1.0410997603558709193e-33
-3.495776638160579048e-50
0
0
DERIV 30
-8.644634717730957728e-35
3.699894564749301425e-51
0
0
DERIV 31
7.149287205509684487e-36
-5.197259374086071367e-52
0
0
DERIV 32
-5.895310917943063221e-37
3.394698487084628060e-53
0
0
DERIV 33
4.850991220091590968e-38
1.9975601478900220486e-54
0
0
DERIV 34
-3.985687888116259226e-39
-5.562327584944336853e-56
0
0
DERIV 35
3.2713966487965176822e-40
1.3770784124332656690e-56
0
0
AT 47/4
0.0015868798050812055016
3.1276801638243890538e-21
0
0
DERIV 1
-0.0007568224493864110980
3.228914114053623178e-20
0
0
DERIV 2
0.00018806364628840485111
1.3532728247691023687e-20
0
0
DERIV 3
-3.252034301503603958e-5
8.434661475899220416e-22
0
0
DERIV 4
4.409708148609702591e-6
-1.5113200470406171975e-22
0
0
DERIV 5
-5.009070151697755532e-7
-4.492751675395457975e-24
0
0
DERIV 6
4.971635414801560647e-8
1.5409939733395619610e-24
0
0
DERIV 7
-4.439339810048612450e-9
9.571695850210685138e-26
0
0
DERIV 8
3.642853829719355392e-10
1.7204245651423410928e-26
0
0
DERIV 9
-2.7909066642053731077e-11
-1.5509250733472026492e-27
0
0
DERIV 10
2.0199801808457937765e-12
4.081429662437584521e-29
0
0
DERIV 11
-1.3928844820477423734e-13
-5.022088501946512868e-30
0
0
DERIV 12
9.199766836744878061e-15
-2.285410942542365616e-31
0
0
DERIV 13
-5.832213862798236612e-16
1.6180901739769322198e-32
0
0
DERIV 14
3.541445007173276641e-17
1.2370234594215160824e-33
0
0
DERIV 15
-2.0422737469887453756e-18
9.562590981094843482e-35
0
0
DERIV 16
1.0951673126861418780e-19
1.1385063603523853775e-35
0
0
DERIV 17
-5.177825069967249611e-21
-1.6687903937801407181e-38
0
0
DERIV 18
1.7990132659588472683e-22
1.1143316179631264490e-39
0
0
DERIV 19
7.358746967777556866e-25
-3.017614355740574113e-41
0
0
DERIV 20
-1.0262704177172759326e-24
2.2770191085778633970e-41
0
0
DERIV 21
1.4352139347521671618e-25
1.7435343930764045183e-42
0
0
DERIV 22
-1.5359700490863483632e-26
-1.0516466160629914473e-42
0
0
DERIV 23
1.4725584844782431468e-27
6.178604273384470059e-44
0
0
DERIV 24
-1.3307458503763207051e-28
-7.726133684509749841e-45
0
0
DERIV 25
1.1599508767845091159e-29
3.994163408049508951e-46
0
0
DERIV 26
-9.873465632630124005e-31
-6.081575661846090622e-47
0
0
DERIV 27
8.267772991022338889e-32
4.274227470030739824e-48
0
0
DERIV 28
-6.843086200959174708e-33
-6.116414611490052331e-49
0
0
DERIV 29
5.616277733669320761e-34
-2.615753842265989828e-50
0
0
DERIV 30
-4.580918785740375730e-35
-1.6962742186694905749e-51
0
0
DERIV 31
3.719357592349315400e-36
9.580922065292534871e-53
0
0
DERIV 32
-3.009641361411350977e-37
-3.922668968925638775e-55
0
0
DERIV 33
2.429317932089781266e-38
1.9280334724606517082e-54
0
0
DERIV 34
-1.9573812684856321788e-39
-1.0081787824167885050e-55
0
0
DERIV 35
1.5751377492054710711e-40
6.736025346443097367e-57
0
0
AT 12
0.0014089367883957466462
-7.872667550236532505e-20
0
0
DERIV 1
-0.0006686220832442629465
-4.108945304830516159e-20
0
0
DERIV 2
0.00016525158731848043725
3.590676912696487179e-21
0
0
DERIV 3
-2.8408752967271215685e-5
-1.5376499103790487168e-22
0
0
DERIV 4
3.827851973689473356e-6
-3.906437420580456186e-22
0
0
DERIV 5
-4.318536224048116591e-7
-9.793455332102859525e-24
0
0
DERIV 6
4.254997443846363937e-8
1.6503258565768957711e-24
0
0
DERIV 7
-3.769949654396231366e-9
8.249180622271021002e-26
0
0
DERIV 8
3.068291550366393177e-10
-5.010505335001222855e-27
0
0
DERIV 9
-2.3307858134152445035e-11
3.464538404797068735e-29
0
0
DERIV 10
1.6724124108283313118e-12
-6.673108566326183185e-29
0
0
DERIV 11
-1.1434136987304730309e-13
-1.1392391384482749427e-29
0
0
DERIV 12
7.491945848070674745e-15
-8.608058352022736989e-32
0
0
DERIV 13
-4.717615929823582768e-16
-1.2401543249489823971e-32
0
0
DERIV 14
2.852443458943718974e-17
1.1042148266878529275e-33
0
0
DERIV 15
-1.6459272379835861532e-18
8.486134939424582088e-35
0
0
DERIV 16
8.922559269056424592e-20
3.303412752628580298e-36
0
0
DERIV 17
-4.375690849621520195e-21
-6.728046470798761295e-38
0
0
DERIV 18
1.7379776680853215791e-22
-8.690273720866465170e-39
0
0
DERIV 19
-2.8354754413263053246e-24
-3.532496070142539011e-41
0
0
DERIV 20
-4.587634409971672659e-25
3.815368363678329717e-42
0
0
DERIV 21
7.863465631858589444e-26
3.778766360432876390e-42
0
0
DERIV 22
-8.822889540168647177e-27
3.672215949200620966e-43
0
0
DERIV 23
8.565618379661716480e-28
7.476111850921727591e-44
0
0
DERIV 24
-7.734277073215490250e-29
4.476734077916344613e-45
0
0
DERIV 25
6.691561111828204178e-30
-2.9671579340494769250e-46
0
0
DERIV 26
-5.632218765045816596e-31
-3.026359160947186579e-47
0
0
DERIV 27
4.652534981277955967e-32
8.421229079631672413e-49
0
0
DERIV 28
-3.792724373503019509e-33
-3.2673812583074427474e-49
0
0
DERIV 29
3.062357182344546407e-34
1.2630419117844113065e-50
0
0
DERIV 30
-2.455315654235140328e-35
5.810333933708602336e-52
0
0
DERIV 31
1.9583785136359103535e-36
-3.374961143655217423e-54
0
0
DERIV 32
-1.5559822421781417209e-37
-5.968779691371649682e-54
0
0
DERIV 33
1.2327257266562266980e-38
1.2856299849988740067e-54
0
0
DERIV 34
-9.745703925613433468e-40
-4.527524153136223084e-56
0
0
DERIV 35
7.693076640013708882e-41
-2.4064648948976259193e-57
0
0
AT 49/4
0.0012516801460043637875
-7.333243739914230582e-20
0
0
DERIV 1
-0.0005910918816389409665
-3.890527736766402234e-20
0
0
DERIV 2
0.00014531540785118012937
6.232090025223315145e-21
0
0
DERIV 3
-2.4838011749683411793e-5
-4.986134327957396633e-22
0
0
DERIV 4
3.325944969636353580e-6
-5.962820042555075193e-23
0
0
DERIV 5
-3.727193169678322056e-7
-2.8073660386034135076e-24
0
0
DERIV 6
3.646024395592214773e-8
-5.147187081160899587e-25
0
0
DERIV 7
-3.205740042299746883e-9
1.8860426863490771868e-25
0
0
DERIV 8
2.588092615322691811e-10
9.473414484660679411e-27
0
0
DERIV 9
-1.9495385800543825403e-11
4.080626536677464850e-28
0
0
DERIV 10
1.3868766131677610444e-12
-4.132486706902558702e-29
0
0
DERIV 11
-9.401154579248495853e-14
-4.491707100342369298e-30
0
0
DERIV 12
6.109860552854568272e-15
-2.398339175537898688e-31
0
0
DERIV 13
-3.819859922594779887e-16
8.915826186032833774e-33
0
0
DERIV 14
2.2976949081517239555e-17
-8.530433319048753978e-34
0
0
DERIV 15
-1.3240512387927558313e-18
1.5122654558569153634e-35
0
0
DERIV 16
7.224064831135630157e-20
1.1774181713463284623e-36
0
0
DERIV 17
-3.630445690314074037e-21
-2.642165514882059049e-37
0
0
DERIV 18
1.5628925097693548231e-22
2.7022194241769726832e-39
0
0
DERIV 19
-4.282827356773288701e-24
8.231256050675112345e-41
0
0
DERIV 20
-1.5250173506840464257e-25
-8.522559143518162259e-42
0
0
DERIV 21
4.150476659852378958e-26
-7.839925127881181579e-43
0
0
DERIV 22
-5.020888830572301138e-27
-1.5415242265480035245e-43
0
0
DERIV 23
4.979492977768043005e-28
-4.164615019866258645e-44
0
0
DERIV 24
-4.510570177375776772e-29
-4.570169704390455479e-46
0
0
DERIV 25
3.882445963062417697e-30
-5.375372375410056500e-47
0
0
DERIV 26
-3.236296770881136546e-31
1.2199950544843936382e-47
0
0
DERIV 27
2.640256384744255649e-32
1.6974604709395705675e-48
0
0
DERIV 28
-2.1217994373429927772e-33
-1.1122782818751087757e-49
0
0
DERIV 29
1.6867682323134604755e-34
-1.8687388343943797597e-52
0
0
DERIV 30
-1.3303140236701592050e-35
-1.1541735019538995270e-51
0
0
DERIV 31
1.0430161362068056998e-36
-6.945667386417917319e-53
0
0
DERIV 32
-8.141706128344993275e-38
4.768698184188379024e-55
0
0
DERIV 33
6.334485625754427627e-39
-3.866414593069238340e-55
0
0
DERIV 34
-4.916383978485594248e-40
2.263764727910075306e-56
0
0
DERIV 35
3.808911338242934636e-41
1.1764387542911893244e-57
0
0
AT 25/2
0.0011126139313502080366
-2.8476676788242787033e-21
0
0
DERIV 1
-0.0005228905047505452101
2.5419645618998354507e-20
0
0
DERIV 2
0.00012787796333625891707
-9.842672588504579347e-21
0
0
DERIV 3
-2.1734047047937244361e-5
1.5730138497042809507e-21
0
0
DERIV 4
2.892542601616856930e-6
1.6594696743854148114e-23
0
0
DERIV 5
-3.220192911349801959e-7
-6.286655010017379492e-24
0
0
DERIV 6
3.127862399189112624e-8
-8.096090412821289673e-25
0
0
DERIV 7
-2.729502360144840051e-9
-2.1655102206590706487e-27
0
0
DERIV 8
2.1861421067300872111e-10
9.417567096874725924e-27
0
0
DERIV 9
-1.6331379832610808975e-11
-3.936922787773796601e-28
0
0
DERIV 10
1.1519271346712302014e-12
-1.1918936788798399264e-29
0
0
DERIV 11
-7.742022685013673954e-14
-5.183702144594202819e-30
0
0
DERIV 12
4.990166641243017007e-15
-3.182977191561534432e-32
0
0
DERIV 13
-3.096561241255699170e-16
-1.6149066497067015444e-32
0
0
DERIV 14
1.8516806652793341542e-17
-1.4705635411601425615e-33
0
0
DERIV 15
-1.0640213985138018006e-18
-4.810807514139359209e-35
0
0
DERIV 16
5.823877949078217056e-20
-2.1923466086642868598e-36
0
0
DERIV 17
-2.9747806209057355674e-21
-2.867357411562208373e-38
0
0
DERIV 18
1.3486890312461008217e-22
1.0021996509131789633e-38
0
0
DERIV 19
-4.605893643929805151e-24
-1.6060019422851733057e-40
0
0
DERIV 20
5.000744357764511387e-27
-2.1572971585210309543e-44
0
0
DERIV 21
2.0510056582854322667e-26
4.627453012329443779e-43
0
0
DERIV 22
-2.8132264691116611597e-27
-9.231802649322148034e-44
0
0
DERIV 23
2.885878959216471554e-28
1.0993591228206755169e-44
0
0
DERIV 24
-2.635937670075896088e-29
-2.0326775864609088636e-45
0
0
DERIV 25
2.2634197527368896671e-30
1.6910557275043946552e-46
0
0
DERIV 26
-1.8717702318152866278e-31
-2.5994568280377054954e-48
0
0
DERIV 27
1.5099974442903835346e-32
3.675696570321837190e-49
0
0
DERIV 28
-1.1974314494315672046e-33
8.463615625104981795e-50
0
0
DERIV 29
9.379875495871198741e-35
3.130636747693709283e-51
0
0
DERIV 30
-7.281937813402483688e-36
-5.384609657459477181e-52
0
0
DERIV 31
5.615718240584072371e-37
-1.9637765651332323480e-53
0
0
DERIV 32
-4.309226103852891036e-38
2.4328214231653258561e-54
0
0
DERIV 33
3.294334138637224206e-39
8.069328590788765787e-56
0
0
DERIV 34
-2.5114073270279715638e-40
-5.537986974070599425e-58
0
0
DERIV 35
1.9105551887513076702e-41
-1.0369990570804897261e-57
0
0
AT 51/4
0.0009895550753815992185
2.4984507250254866685e-20
0
0
DERIV 1
-0.0004628519837175267253
-7.023313720133035252e-21
0
0
DERIV 2
0.00011261359422674808973
2.6946059909285818092e-21
0
0
DERIV 3
-1.9033353478643161191e-5
-1.2139044643496562964e-21
0
0
DERIV 4
2.517907326421564235e-6
8.351887411577442835e-23
0
0
DERIV 5
-2.785003026766137789e-7
7.437932299203263907e-24
0
0
DERIV 6
2.6864045898791642600e-8
1.0673363803983387985e-24
0
0
DERIV 7
-2.326955745926057197e-9
2.0404365089658979229e-25
0
0
DERIV 8
1.8491807503056977779e-10
9.454460836553277061e-27
0
0
DERIV 9
-1.3701370246542290884e-11
4.038141767363479049e-28
0
0
DERIV 10
9.582915660823126825e-13
8.990420838665704827e-30
0
0
DERIV 11
-6.385941989582426168e-14
-5.917292291779062157e-30
0
0
DERIV 12
4.081930710481471312e-15
-1.2704279959008838447e-31
0
0
DERIV 13
-2.513469100654213650e-16
1.1778566146535486973e-32
0
0
DERIV 14
1.4933470193237500665e-17
2.517894183495023921e-34
0
0
DERIV 15
-8.547017532384283580e-19
-3.825437151730954875e-35
0
0
DERIV 16
4.681636464309296787e-20
-1.4472758043859391995e-36
0
0
DERIV 17
-2.4165932231543939313e-21
2.834356835712033195e-38
0
0
DERIV 18
1.1340481014290943421e-22
-8.217807247026450899e-39
0
0
DERIV 19
-4.370409770355226228e-24
3.2475707206481158479e-40
0
0
DERIV 20
7.906191348192143041e-26
1.5517655272736174827e-42
0
0
DERIV 21
8.867823131826866400e-27
-1.7659550755327524802e-43
0
0
DERIV 22
-1.5370458747998707971e-27
-6.548028040218672434e-44
0
0
DERIV 23
1.6619697462982997037e-28
2.7057092460568191121e-45
0
0
DERIV 24
-1.5410785593496991716e-29
-1.3797121516912060672e-45
0
0
DERIV 25
1.3245130142430937629e-30
7.761946811518234516e-47
0
0
DERIV 26
-1.0888128669919524455e-31
4.118359799709258993e-48
0
0
DERIV 27
8.697513001280491598e-33
1.1000389253326992081e-49
0
0
DERIV 28
-6.812913319026462610e-34
1.1778034105637243743e-50
0
0
DERIV 29
5.263047918206403939e-35
3.348889998936024820e-51
0
0
DERIV 30
-4.024839762411796778e-36
-1.5339930483735668958e-52
0
0
DERIV 31
3.054951201725929324e-37
-2.4561321593938860844e-54
0
0
DERIV 32
-2.3057921982207618209e-38
8.846611551864543019e-55
0
0
DERIV 33
1.7329923730343311228e-39
3.157569408234905301e-56
0
0
DERIV 34
-1.2983290683601253826e-40
4.467784187758360392e-57
0
0
DERIV 35
9.703514211455139609e-42
-5.855352837422620500e-58
0
0
AT 13
0.0008805926029651766230
1.8262563308663743709e-21
0
0
DERIV 1
-0.0004099618571142993220
-5.361842850256306435e-21
0
0
DERIV 2
9.924080627192554511e-5
4.663202962535845460e-21
0
0
DERIV 3
-1.6681422126948584650e-5
-1.6466165842410384939e-22
0
0
DERIV 4
2.193743362682798151e-6
-9.131982197965005175e-24
0
0
DERIV 5
-2.411030747533036054e-7
-9.908346432740902480e-24
0
0
DERIV 6
2.3098255108421373310e-8
1.4663545431140924525e-24
0
0
DERIV 7
-1.986230146152789301e-9
4.837148516491065011e-26
0
0
DERIV 8
1.5662813695423608737e-10
3.531867008455430971e-27
0
0
DERIV 9
-1.1511800270942480821e-11
-1.5946184526524515177e-28
0
0
DERIV 10
7.984488934692558525e-13
2.823083538177182129e-29
0
0
DERIV 11
-5.275837452103707738e-14
2.508856072165219617e-31
0
0
DERIV 12
3.3442297016073935963e-15
-3.728570958954713637e-32
0
0
DERIV 13
-2.0430064789073081171e-16
7.483772440801611199e-34
0
0
DERIV 14
1.2055091768321815751e-17
-3.675367978813819666e-35
0
0
DERIV 15
-6.865962967697513205e-19
-7.443354996639732853e-36
0
0
DERIV 16
3.756575306149550374e-20
-2.3127658917679694274e-36
0
0
DERIV 17
-1.9514004584380475720e-21
9.220643331374070865e-39
0
0
DERIV 18
9.372957982041760218e-23
2.3549210430495837570e-39
0
0
DERIV 19
-3.890532956772560341e-24
1.6313788490603241084e-41
0
0
DERIV 20
1.0744924201368548373e-25
1.1165445546230824151e-41
0
0
DERIV 21
2.6137321658637816981e-27
1.2519901754050423611e-43
0
0
DERIV 22
-8.053804262472712060e-28
-9.533658069721034400e-47
0
0
DERIV 23
9.468008308721258440e-29
-3.477109573883629102e-45
0
0
DERIV 24
-8.995651111133857214e-30
-1.7003849990849537977e-46
0
0
DERIV 25
7.770860577202141442e-31
3.146815257579550493e-47
0
0
DERIV 26
-6.364856501179573574e-32
-5.352065994033416441e-49
0
0
DERIV 27
5.042089500038553751e-33
4.730187772038303657e-53
0
0
DERIV 28
-3.905656437295608303e-34
5.272022112389981297e-51
0
0
DERIV 29
2.978087778299965630e-35
1.3234187601047872826e-51
0
0
DERIV 30
-2.2450674951470818882e-36
1.5239826445376362646e-52
0
0
DERIV 31
1.6782704864197412049e-37
8.871923802476385347e-54
0
0
DERIV 32
-1.2466729050853617633e-38
-3.0997955347293226794e-55
0
0
DERIV 33
9.216608835541659128e-40
5.451066844921470684e-56
0
0
DERIV 34
-6.789197031408672319e-41
2.730827537066773901e-57
0
0
DERIV 35
4.987409218208573259e-42
1.2206033741301870743e-58
0
0
AT 53/4
0.0007840523812359919201
5.104005595256253532e-20
0
0
DERIV 1
-0.0003633366886895706685
-1.1601193375596016675e-20
0
0
DERIV 2
8.751603480838285418e-5
3.410284855164647872e-21
0
0
DERIV 3
-1.4631413200930679810e-5
4.014181812987320680e-22
0
0
DERIV 4
1.912974365207461465e-6
4.652525219612484924e-23
0
0
DERIV 5
-2.0893104480161168629e-7
-2.5004343444711357356e-24
0
0
DERIV 6
1.9881974262534520795e-8
-1.4086655057685844528e-24
0
0
DERIV 7
-1.6974438365995788163e-9
-6.960811396946160417e-26
0
0
DERIV 8
1.3284242435821300099e-10
-3.0784948984811415702e-27
0
0
DERIV 9
-9.686087010210273865e-12
-2.162087725349278538e-28
0
0
DERIV 10
6.662905374924718573e-13
-4.144127032663641521e-29
0
0
DERIV 11
-4.365659417022957086e-14
-1.6802250541694321553e-30
0
0
DERIV 12
2.7441903496687731453e-15
9.275032925510050139e-32
0
0
DERIV 13
-1.6630229748894188681e-16
-9.363383853328960013e-33
0
0
DERIV 14
9.742442387763880938e-18
-7.592026624952246793e-34
0
0
DERIV 15
-5.517823876203538773e-19
3.094457372635272519e-36
0
0
DERIV 16
3.011175727138787786e-20
-5.896484414294446822e-37
0
0
DERIV 17
-1.5692409307123191346e-21
-3.484812005444603976e-38
0
0
DERIV 18
7.655964851791937679e-23
-1.4823390442575458570e-39
0
0
DERIV 19
-3.335428194313466522e-24
-3.5640951022651033365e-40
0
0
DERIV 20
1.1182723878318953991e-25
5.156918305414180274e-42
0
0
DERIV 21
-5.685705351898411174e-28
1.4504834459708004104e-44
0
0
DERIV 22
-3.915711435997892383e-28
-1.5231100433763753185e-44
0
0
DERIV 23
5.300218449268488720e-29
2.814427898769805056e-45
0
0
DERIV 24
-5.229369758290495626e-30
-1.2478477124212054887e-46
0
0
DERIV 25
4.564674876246346676e-31
-3.320441461731182638e-47
0
0
DERIV 26
-3.735629648037124195e-32
-4.171215851711668347e-49
0
0
DERIV 27
2.9398028824383250740e-33
1.4720954979553472570e-49
0
0
DERIV 28
-2.254627957862599219e-34
-9.248285840354793315e-51
0
0
DERIV 29
1.6984851570294842291e-35
-8.872686949712369038e-52
0
0
DERIV 30
-1.2631812099260252126e-36
2.899082684239588050e-53
0
0
DERIV 31
9.305940699189622198e-38
2.863177223860013439e-54
0
0
DERIV 32
-6.807381328591652771e-39
1.3714276402066044895e-55
0
0
DERIV 33
4.953067654583493211e-40
2.553008090138896656e-56
0
0
DERIV 34
-3.589210505179034212e-41
2.6246950239486583251e-58
0
0
DERIV 35
2.5928359385352269137e-42
-8.218788341735168679e-59
0
0
AT 27/2
0.0006984666186821338616
4.194342077157329753e-20
0
0
DERIV 1
-0.0003222064673885998939
2.5554690338307785886e-20
0
0
DERIV 2
7.722832585472502514e-5
4.055072315054445099e-21
0
0
DERIV 3
-1.2843032623214690636e-5
1.1788907033301061715e-22
0
0
DERIV 4
1.6695567860374780485e-6
-7.912936495519779072e-23
0
0
DERIV 5
-1.8122434951774293739e-7
9.753793257127359120e-24
0
0
DERIV 6
1.7131736273809289098e-8
-1.3206987792157789425e-24
0
0
DERIV 7
-1.4523576102007133497e-9
-1.0269103988494518710e-25
0
0
DERIV 8
1.1281522263146303547e-10
2.7391980643414403141e-27
0
0
DERIV 9
-8.161443138275149620e-12
-7.615718583308471039e-29
0
0
DERIV 10
5.568480586883928212e-13
-1.1049423739134748681e-29
0
0
DERIV 11
-3.618215495237494656e-14
2.3716066665204600939e-30
0
0
DERIV 12
2.2554001258404274641e-15
1.2698900132947201131e-31
0
0
DERIV 13
-1.3557531318954951184e-16
-7.083364816403587724e-33
0
0
DERIV 14
7.883301732951209553e-18
1.7126265114253745287e-34
0
0
DERIV 15
-4.437465894970390316e-19
1.4874370900808164332e-35
0
0
DERIV 16
2.4126183211381671092e-20
1.3782114531278693276e-36
0
0
DERIV 17
-1.2584001381348400709e-21
-4.651201116552075039e-38
0
0
DERIV 18
6.202289099295068987e-23
-3.902338322142111242e-39
0
0
DERIV 19
-2.7915420611694363953e-24
1.3489008832680631352e-40
0
0
DERIV 20
1.0446027844178725417e-25
-5.972219826434850904e-42
0
0
DERIV 21
-2.0291401853281170008e-27
5.398765147749838902e-44
0
0
DERIV 22
-1.6257991779576440651e-28
-1.0532936183730415157e-44
0
0
DERIV 23
2.884885323471666262e-29
2.3572769663597050223e-45
0
0
DERIV 24
-3.0171216173910811844e-30
-1.2038428727952949178e-46
0
0
DERIV 25
2.680180545918804986e-31
1.2947260909084486702e-47
0
0
DERIV 26
-2.1990626205430595502e-32
5.081174577776537206e-50
0
0
DERIV 27
1.7226431100433867443e-33
9.022296868425462210e-50
0
0
DERIV 28
-1.3098161829982006053e-34
-2.8404325720928091709e-52
0
0
DERIV 29
9.758317668558518161e-36
2.0977100748222326365e-52
0
0
DERIV 30
-7.165358959922124191e-37
3.505551815607753847e-53
0
0
DERIV 31
5.205803485204256035e-38
5.120486437013899040e-54
0
0
DERIV 32
-3.752275241368008598e-39
6.919092625406741104e-56
0
0
DERIV 33
2.6884272206303689785e-40
1.0825941923872694311e-57
0
0
DERIV 34
-1.9174201341234696617e-41
-1.0205776252333228935e-57
0
0
DERIV 35
1.3627540948888589593e-42
-4.005594463511728908e-59
0
0
AT 55/4
0.0006225474486410569096
-1.5050083837746247819e-20
0
0
DERIV 1
-0.0002858994673638428794
-1.5077364559613857091e-20
0
0
DERIV 2
6.819479365910052131e-5
-4.644606370558159766e-21
0
0
DERIV 3
-1.1281579946358876430e-5
4.900893580837520085e-23
0
0
DERIV 4
1.4583229653385269418e-6
-4.145714548815330070e-23
0
0
DERIV 5
-1.5733813504875303512e-7
-4.780744914751044208e-24
0
0
DERIV 6
1.4777266161436394217e-8
9.013273432478156479e-26
0
0
DERIV 7
-1.2440912737267965547e-9
-5.660835529959281752e-26
0
0
DERIV 8
9.592902485884352636e-11
-4.111271634721695282e-27
0
0
DERIV 9
-6.886309982246762086e-12
-1.7947809852381558373e-28
0
0
DERIV 10
4.660743752255883224e-13
-1.3372001646196721479e-29
0
0
DERIV 11
-3.003431479039596424e-14
-1.8028342079840763035e-30
0
0
DERIV 12
1.8566260659969019414e-15
9.223311151786935306e-33
0
0
DERIV 13
-1.1069593824989219556e-16
5.502096643231902288e-33
0
0
DERIV 14
6.387538536441578763e-18
-2.324108981035162403e-34
0
0
DERIV 15
-3.571881784359991795e-19
-1.3150159209758597164e-35
0
0
DERIV 16
1.9330744935299391934e-20
-7.520906833138133589e-37
0
0
DERIV 17
-1.0073220044217258000e-21
7.364443920596211628e-38
0
0
DERIV 18
4.995757455361973724e-23
2.0566673375289931787e-39
0
0
DERIV 19
-2.2989018093971637073e-24
-1.6044226694144179036e-40
0
0
DERIV 20
9.214587015219882362e-26
3.054348680003315275e-42
0
0
DERIV 21
-2.5506268633266934994e-27
-1.3891459778170695798e-43
0
0
DERIV 22
-4.027204739417104499e-29
-2.3789329906998368316e-45
0
0
DERIV 23
1.4984665501391207242e-29
6.346239104792583892e-46
0
0
DERIV 24
-1.7194035624886230788e-30
-1.7459628450251127350e-46
0
0
DERIV 25
1.5697911948704845636e-31
-7.451418075989924768e-48
0
0
DERIV 26
-1.2968919815020013274e-32
1.0878443877277909050e-48
0
0
DERIV 27
1.0136612564898121165e-33
-6.259340901579792393e-50
0
0
DERIV 28
-7.652891615660005813e-35
4.715582626163879332e-52
0
0
DERIV 29
5.644690854976847914e-36
-1.8471100040074101152e-53
0
0
DERIV 30
-4.095712928563594494e-37
-3.091606376772006618e-53
0
0
DERIV 31
2.936555468166368522e-38
-1.6940386459224243985e-54
0
0
DERIV 32
-2.0868689152680695289e-39
-1.3478013216223968618e-55
0
0
DERIV 33
1.4731389975095661895e-40
1.0067082103655174677e-56
0
0
DERIV 34
-1.0346024517906835444e-41
2.3285891805687402420e-58
0
0
DERIV 35
7.237699094693243965e-43
-6.807342886992064616e-59
0
0
AT 14
0.0005551640281739245912
-3.023233812008976077e-20
0
0
DERIV 1
-0.0002538292100940279616
1.2766313488369793103e-20
0
0
DERIV 2
6.025673671052811977e-5
-8.536992643901100629e-22
0
0
DERIV 3
-9.917140402119265744e-6
-5.410689988530851921e-22
0
0
DERIV 4
1.2748490276966269228e-6
8.523874300666853535e-23
0
0
DERIV 5
-1.3672444566435358992e-7
9.418513647430601836e-24
0
0
DERIV 6
1.2759313127584447679e-8
1.1993574105914597842e-25
0
0
DERIV 7
-1.0668908572120803162e-9
2.716930087148430923e-26
0
0
DERIV 8
8.167168474168172870e-11
-3.791447326386963291e-27
0
0
DERIV 9
-5.818281954656127005e-12
-1.0280113967906539355e-28
0
0
DERIV 10
3.906678850076973753e-13
-1.1270187896674431962e-29
0
0
DERIV 11
-2.4969575195932245681e-14
-1.1452541353310354674e-30
0
0
DERIV 12
1.5307855692272269076e-15
6.274260030348667373e-33
0
0
DERIV 13
-9.052341851749265580e-17
3.950689386122172611e-33
0
0
DERIV 14
5.182932555761246206e-18
1.2399864688807864273e-34
0
0
DERIV 15
-2.878239224269936887e-19
-1.7026979494649258720e-35
0
0
DERIV 16
1.5494231631798519000e-20
6.213920546694600724e-37
0
0
DERIV 17
-8.055014148172806719e-22
1.4312859055198948777e-38
0
0
DERIV 18
4.007830742517191485e-23
2.6665508670575686073e-39
0
0
DERIV 19
-1.8721652347094751463e-24
1.0231798804885118565e-40
0
0
DERIV 20
7.852440392334337267e-26
3.511265245750974159e-42
0
0
DERIV 21
-2.5825622902575541406e-27
3.141283194347361285e-44
0
0
DERIV 22
2.1187519498398189216e-29
6.775065445249603963e-46
0
0
DERIV 23
7.147493554412544323e-30
2.482962345892829206e-47
0
0
DERIV 24
-9.609089313881478290e-31
4.495159546584302041e-47
0
0
DERIV 25
9.147259080640869153e-32
2.5138675768871176971e-48
0
0
DERIV 26
-7.651823714461414047e-33
4.182809326737260364e-49
0
0
DERIV 27
5.984463038963081720e-34
-1.0309025360508471014e-50
0
0
DERIV 28
-4.493977378126036540e-35
-8.793642182674405642e-52
0
0
DERIV 29
3.285609108905648083e-36
-4.366067912618803973e-53
0
0
DERIV 30
-2.357894324216858142e-37
-1.5308704558159754274e-53
0
0
DERIV 31
1.6695878321220988990e-38
1.1731336020803365172e-55
0
0
DERIV 32
-1.1705398257028422456e-39
5.619637300996028702e-56
0
0
DERIV 33
8.145509601723549463e-41
2.869827034528769270e-57
0
0
DERIV 34
-5.636062003169487142e-42
-1.3949824444819128104e-58
0
0
DERIV 35
3.882676060485273281e-43
2.704681689794404600e-59
0
0
AT 57/4
0.0004953226657862636571
-4.487188707934279821e-21
0
0
DERIV 1
-0.00022548322492186467130
6.935103565898632109e-21
0
0
DERIV 2
5.327631288187708713e-5
1.3851499458728871574e-21
0
0
DERIV 3
-8.723898381695118835e-6
-2.596165725475028600e-22
0
0
DERIV 4
1.1153435064533940714e-6
-7.755985183617083826e-23
0
0
DERIV 5
-1.1891707778777703036e-7
-3.785747248239792702e-24
0
0
DERIV 6
1.1027852620949846754e-8
-2.723703110510050310e-25
0
0
DERIV 7
-9.159371600846451930e-10
-6.875120573793847888e-27
0
0
DERIV 8
6.961777891837414519e-11
2.9810585449571607338e-27
0
0
DERIV 9
-4.922426118691386539e-12
-1.2317361749937640932e-28
0
0
DERIV 10
3.279309685265979248e-13
1.8204544342498570347e-29
0
0
DERIV 11
-2.0790513176251750775e-14
9.893532136770253912e-31
0
0
DERIV 12
1.2641216024751868009e-15
7.459019499946700833e-33
0
0
DERIV 13
-7.414358987743406709e-17
8.303691078219003572e-35
0
0
DERIV 14
4.211699657933623998e-18
-3.553993401758943402e-34
0
0
DERIV 15
-2.322099502936871956e-19
-9.994269719225125013e-36
0
0
DERIV 16
1.2427188979448292552e-20
5.593013690601382214e-37
0
0
DERIV 17
-6.438187567354713392e-22
3.020677924747297757e-38
0
0
DERIV 18
3.206514220598458283e-23
2.4239628422859984844e-39
0
0
DERIV 19
-1.5127185080426580687e-24
-3.781913902691481333e-41
0
0
DERIV 20
6.543409239332627921e-26
1.8788454742301901846e-42
0
0
DERIV 21
-2.3793312399931578189e-27
5.313036341782410159e-44
0
0
DERIV 22
4.859371000015483666e-29
-1.1558084983874257498e-45
0
0
DERIV 23
2.8233624704516722148e-30
-1.3990912615816793470e-46
0
0
DERIV 24
-5.205269864228268485e-31
-1.9334532948123433969e-47
0
0
DERIV 25
5.283859090249428717e-32
3.943938656255395028e-48
0
0
DERIV 26
-4.509135883220945566e-33
1.6106186747390683009e-49
0
0
DERIV 27
3.541245309963151596e-34
-9.587151489419811376e-51
0
0
DERIV 28
-2.650425620990725404e-35
2.5769463819011092455e-52
0
0
DERIV 29
1.9233253522534001179e-36
1.1024677802032025615e-52
0
0
DERIV 30
-1.3664859713201010049e-37
6.255508070435673158e-54
0
0
DERIV 31
9.563152254425602447e-39
1.9607737512390535450e-55
0
0
DERIV 32
-6.618767546780043435e-40
-6.454709548953909479e-57
0
0
DERIV 33
4.542926877038846012e-41
-4.236422056641633420e-58
0
0
DERIV 34
-3.098414208644453462e-42
9.878643074330630184e-60
0
0
DERIV 35
2.1029283344782312287e-43
8.801733367828460993e-60
0
0
AT 29/2
0.0004421495615168004214
-1.9742508555063410069e-20
0
0
DERIV 1
-0.00020041334997318515049
4.754211142873594241e-21
0
0
DERIV 2
4.713368996180119765e-5
-1.5010334068827980133e-21
0
0
DERIV 3
-7.679553362074016426e-6
-2.0551740785163954749e-22
0
0
DERIV 4
9.765533147421261669e-7
-4.266303066870805785e-23
0
0
DERIV 5
-1.0351889516259408047e-7
2.9432369348562655157e-24
0
0
DERIV 6
9.540592922997075345e-9
1.1681959196944591811e-27
0
0
DERIV 7
-7.871880432029481808e-10
2.0089546619293109313e-26
0
0
DERIV 8
5.941337956882325656e-11
-1.7310262938476700760e-27
0
0
DERIV 9
-4.169919790236105405e-12
2.704965059670576527e-28
0
0
DERIV 10
2.756560407084931343e-13
-4.890205454739879263e-30
0
0
DERIV 11
-1.7336831353366722152e-14
-1.5427148781637668086e-32
0
0
DERIV 12
1.0455427093300296337e-15
4.408835589456347244e-32
0
0
DERIV 13
-6.082350789532338629e-17
6.295982434929586938e-34
0
0
DERIV 14
3.4276423909671607125e-18
-1.3021225690926745551e-34
0
0
DERIV 15
-1.8758676703261229238e-19
2.0795858737943695274e-36
0
0
DERIV 16
9.975870713068784510e-21
1.6727200358196727658e-37
0
0
DERIV 17
-5.145815681722875798e-22
-3.751476952659674236e-38
0
0
DERIV 18
2.5608779310691830356e-23
1.2901812494537608448e-39
0
0
DERIV 19
-1.2155293138297063237e-24
2.0713748904273361080e-41
0
0
DERIV 20
5.370320294113697490e-26
-1.6195675764619647944e-42
0
0
DERIV 21
-2.0815379762045818869e-27
1.0892713285334403586e-43
0
0
DERIV 22
5.751016640827094906e-29
-1.7802135121540165067e-45
0
0
DERIV 23
5.296807513151072342e-31
2.522679026625007307e-47
0
0
DERIV 24
-2.676081640376691864e-31
-1.6936025990663843614e-47
0
0
DERIV 25
3.010214422343330200e-32
-1.1653755825067363041e-48
0
0
DERIV 26
-2.6483254247035799855e-33
1.6975816082069749658e-49
0
0
DERIV 27
2.097870568434045830e-34
-1.6870626230539720093e-50
0
0
DERIV 28
-1.5686999999586507894e-35
-3.984013302746221974e-52
0
0
DERIV 29
1.1315907938763590342e-36
1.4120700842480587631e-53
0
0
DERIV 30
-7.968033484568379091e-38
3.631430372376061044e-54
0
0
DERIV 31
5.515877183270006386e-39
2.9076886958532254515e-55
0
0
DERIV 32
-3.771211231574851899e-40
-3.351055471561504054e-56
0
0
DERIV 33
2.554555004869293475e-41
1.6728636725752136925e-57
0
0
DERIV 34
-1.7182503111288244331e-42
-8.028456998393120335e-59
0
0
DERIV 35
1.1494835619732427068e-43
-2.6792670139171347512e-61
0
0
AT 59/4
0.0003948758024756400184
2.1261241751572174698e-20
0
0
DERIV 1
-0.00017822735393385546283
-7.892085498146060956e-21
0
0
DERIV 2
4.172460087868605039e-5
-1.8823302299428497400e-21
0
0
DERIV 3
-6.764822379255917435e-6
-1.1076642036002584698e-22
0
0
DERIV 4
8.556842547347421825e-7
2.286571325561413269e-25
0
0
DERIV 5
-9.019118982894770935e-8
-4.693350367830137938e-24
0
0
DERIV 6
8.261732773760713273e-9
5.334098409531779247e-25
0
0
DERIV 7
-6.772483128959510860e-10
4.763603385946090545e-26
0
0
DERIV 8
5.076359378785563915e-11
1.0047625354624353458e-27
0
0
DERIV 9
-3.5369443924643080689e-12
4.319219675274248187e-29
0
0
DERIV 10
2.320336845184265026e-13
-2.3207913095071627155e-29
0
0
DERIV 11
-1.4478182281874356485e-14
-9.622788708815815151e-31
0
0
DERIV 12
8.660953251299271324e-16
-4.689864821119462109e-33
0
0
DERIV 13
-4.997508634786349326e-17
-4.236167669071503070e-34
0
0
DERIV 14
2.7938364115124118540e-18
-1.1698909382621925175e-34
0
0
DERIV 15
-1.5174833332201220490e-19
1.8906979071306655311e-36
0
0
DERIV 16
8.016355190333331468e-21
6.214021291848582527e-37
0
0
DERIV 17
-4.114236197494076781e-22
-1.8926597561868097864e-38
0
0
DERIV 18
2.0431136387347690678e-23
-6.760125072485549791e-40
0
0
DERIV 19
-9.729412310154381396e-25
6.327065733146263080e-41
0
0
DERIV 20
4.361040467569809566e-26
1.7408329639719447895e-43
0
0
DERIV 21
-1.7639881496835703663e-27
-1.0652350295562850500e-44
0
0
DERIV 22
5.688192504140227046e-29
4.705527577470004261e-45
0
0
DERIV 23
-6.061429897855766629e-31
-2.5649975402175481742e-48
0
0
DERIV 24
-1.2481009239741425223e-31
8.277856644642328043e-48
0
0
DERIV 25
1.6782070528979697536e-32
5.333951174530776553e-49
0
0
DERIV 26
-1.5459532233933057627e-33
-1.1906028836398695917e-49
0
0
DERIV 27
1.2424762818706926019e-34
-5.753261809441044686e-51
0
0
DERIV 28
-9.309444924331658165e-36
1.4982411072361119247e-52
0
0
DERIV 29
6.687248949192243889e-37
2.998436462618332325e-53
0
0
DERIV 30
-4.672345921342995702e-38
-2.2463478607066288622e-54
0
0
DERIV 31
3.202210870430229301e-39
-1.9929674112668566529e-55
0
0
DERIV 32
-2.1642754770720869295e-40
1.7977843854652452287e-56
0
0
DERIV 33
1.4477050413527770406e-41
1.1156085398505607697e-57
0
0
DERIV 34
-9.608242054202898406e-43
5.733669758835613592e-59
0
0
DERIV 35
6.338620886703466976e-44
-2.1231696490174047785e-60
0
0
AT 15
0.0003528243076131543587
2.0748412192167305303e-20
0
0
DERIV 1
-0.00015858169169588479195
9.785359996940003973e-21
0
0
DERIV 2
3.695824385278364936e-5
8.777520032060111480e-22
0
0
DERIV 3
-5.963015713952475899e-6
-2.520965030176104802e-22
0
0
DERIV 4
7.503337288241175230e-7
1.5126404769737227681e-23
0
0
DERIV 5
-7.864474626432756873e-8
-5.827081359712365013e-24
0
0
DERIV 6
7.160926274059523411e-9
4.165995116564972009e-26
0
0
DERIV 7
-5.832622008222107959e-10
3.808251012849826916e-27
0
0
DERIV 8
4.342235093509588436e-11
8.542124774092045833e-29
0
0
DERIV 9
-3.0037860267445014903e-12
-3.442243963393053055e-29
0
0
DERIV 10
1.9557849480699384293e-13
1.1101215923609648357e-29
0
0
DERIV 11
-1.2108411044449909616e-14
6.867645019969643881e-31
0
0
DERIV 12
7.185419980259404404e-16
1.1845335253250061189e-32
0
0
DERIV 13
-4.112602448371148232e-17
2.3512873440573519907e-33
0
0
DERIV 14
2.2807650176825216981e-18
-5.754613667259600874e-35
0
0
DERIV 15
-1.2293360977156406819e-19
-3.086667835160063952e-37
0
0
DERIV 16
6.449237942476728961e-21
-1.6826910261162575314e-38
0
0
DERIV 17
-3.291447996878154712e-22
4.838895550550901607e-39
0
0
DERIV 18
1.6292483011642777073e-23
-2.3176378423831139434e-40
0
0
DERIV 19
-7.766983102464418523e-25
1.6599244010213867220e-41
0
0
DERIV 20
3.514953613089025325e-26
1.3918934542255459519e-42
0
0
DERIV 21
-1.4639310085138246567e-27
-8.061810251076790825e-44
0
0
DERIV 22
5.176545208946358247e-29
2.6074167180549852149e-45
0
0
DERIV 23
-1.0954476916271933112e-30
-2.969541857280515336e-47
0
0
DERIV 24
-4.631913420299569827e-32
2.1336477103765519767e-48
0
0
DERIV 25
9.038603950369150066e-33
6.207705250382220647e-49
0
0
DERIV 26
-8.935521588984270382e-34
4.010756875379489815e-50
0
0
DERIV 27
7.344103139047014818e-35
3.133120646723445959e-51
0
0
DERIV 28
-5.533915382714713226e-36
-3.2136605133703198969e-52
0
0
DERIV 29
3.966661943967727892e-37
2.976624039064784028e-53
0
0
DERIV 30
-2.753719531867351039e-38
2.5263378537812607664e-54
0
0
DERIV 31
1.8702701032818721648e-39
4.626171051810241425e-56
0
0
DERIV 32
-1.2505130972562083798e-40
-5.883813885407982020e-57
0
0
DERIV 33
8.265263763516235171e-42
4.902152573244556019e-58
0
0
DERIV 34
-5.415567353121478328e-43
-2.198157148423561072e-59
0
0
DERIV 35
3.524803725905615134e-44
2.2427741838422616548e-60
0
0
AT 61/4
0.0003153984587123946659
-1.6382710519636520650e-21
0
0
DERIV 1
-0.00014117523440544446612
-3.886900294776815837e-22
0
0
DERIV 2
3.275547688848071159e-5
7.424584506549884259e-22
0
0
DERIV 3
-5.259674590500635602e-6
-3.369753024138304797e-22
0
0
DERIV 4
6.584337063408164091e-7
2.0201045449082631110e-23
0
0
DERIV 5
-6.863232556183904811e-8
8.174377722956930319e-25
0
0
DERIV 6
6.212419197994269916e-9
-3.560107080214229587e-25
0
0
DERIV 7
-5.028243773493091332e-10
7.622828753487508398e-27
0
0
DERIV 8
3.718401919909817407e-11
2.7457927486530667290e-27
0
0
DERIV 9
-2.5541030150330151648e-12
-1.9169492072783837198e-28
0
0
DERIV 10
1.6506913811374981829e-13
-7.241051637165580400e-30
0
0
DERIV 11
-1.0140931508243842011e-14
-1.4697380829042418783e-31
0
0
DERIV 12
5.970242209177248008e-16
-3.128544895232798815e-32
0
0
DERIV 13
-3.389659658275949130e-17
9.135960692438197349e-34
0
0
DERIV 14
1.8648223508991957340e-18
2.966922571136634169e-35
0
0
DERIV 15
-9.973790601630408065e-20
-4.654773816835541401e-36
0
0
DERIV 16
5.195046781958425665e-21
-3.274651850753757474e-37
0
0
DERIV 17
-2.635364099150224893e-22
-2.2664065868734509909e-38
0
0
DERIV 18
1.2991586346883282020e-23
-6.663574252568811096e-40
0
0
DERIV 19
-6.189585745792548765e-25
3.306535819596428160e-42
0
0
DERIV 20
2.817944882636082053e-26
-2.1832526972416149122e-43
0
0
DERIV 21
-1.1976134653118570007e-27
-6.727971918332295267e-44
0
0
DERIV 22
4.494558198183958548e-29
-2.4260113905644701797e-46
0
0
DERIV 23
-1.2356428356065041587e-30
-5.690563854066675858e-47
0
0
DERIV 24
-5.021966869866658595e-33
1.9936891403367133774e-49
0
0
DERIV 25
4.591641795147483185e-33
-2.2339978479787807832e-49
0
0
DERIV 26
-5.085799862322579105e-34
-8.513583881308290849e-51
0
0
DERIV 27
4.322948964933932929e-35
4.559502185978189996e-52
0
0
DERIV 28
-3.291210190777203403e-36
6.400231856627715316e-53
0
0
DERIV 29
2.359873554331833280e-37
-1.3578117091902404772e-53
0
0
DERIV 30
-1.6302510263420174130e-38
-4.629136214368244263e-55
0
0
DERIV 31
1.0984236224189851304e-39
5.998862140378118270e-56
0
0
DERIV 32
-7.271491225078160474e-41
-1.3376877629219595587e-57
0
0
DERIV 33
4.751970677556098643e-42
1.7596687345952663994e-59
0
0
DERIV 34
-3.0755464245865990986e-43
-1.9909453939902029283e-59
0
0
DERIV 35
1.9758893544518946442e-44
-7.158134796886676806e-61
0
0
AT 31/2
0.0002820721914705686946
2.3757602048208324901e-20
0
0
DERIV 1
-0.00012574383775599886899
-6.355032769029051263e-21
0
0
DERIV 2
2.9047263730410175761e-5
1.5657817963958564644e-21
0
0
DERIV 3
-4.642261469850989750e-6
1.3992445080461247079e-22
0
0
DERIV 4
5.782023217993110892e-7
-7.163260427600971978e-24
0
0
DERIV 5
-5.994233533403131322e-8
-6.168784460778381526e-24
0
0
DERIV 6
5.394327275212093951e-9
7.078151170367333605e-26
0
0
DERIV 7
-4.339061904543375740e-10
-1.2073509353469733883e-26
0
0
DERIV 8
3.187651290604118184e-11
-3.0633705574191469533e-27
0
0
DERIV 9
-2.1743284956505494659e-12
-1.0753886739933796576e-28
0
0
DERIV 10
1.3949983506742140155e-13
3.721421681343313983e-31
0
0
DERIV 11
-8.505008993953829934e-15
-1.9211071278596886342e-31
0
0
DERIV 12
4.967927829924295823e-16
-4.246388929983993929e-32
0
0
DERIV 13
-2.798113703582546028e-17
1.7864451668624710415e-33
0
0
DERIV 14
1.5271164997130225531e-18
-2.3037371683194715937e-35
0
0
DERIV 15
-8.104109581947506119e-20
-3.478263468018594424e-36
0
0
DERIV 16
4.190387983838086376e-21
-3.670233694867144668e-37
0
0
DERIV 17
-2.1121431821295302244e-22
2.8186054737624779150e-39
0
0
DERIV 18
1.0362519807155412312e-23
-3.0597055138832080782e-40
0
0
DERIV 19
-4.927412737634135211e-25
-1.3467379849191648520e-41
0
0
DERIV 20
2.2506690813692703804e-26
-4.036102783566751717e-43
0
0
DERIV 21
-9.699130642092699132e-28
-7.201069399212612488e-44
0
0
DERIV 22
3.789244510842339058e-29
-2.0283313829711127906e-45
0
0
DERIV 23
-1.1976692429797390863e-30
5.356638743382481237e-47
0
0
DERIV 24
1.5082923463113524115e-32
-5.741368791328837325e-49
0
0
DERIV 25
2.0855589753803925770e-33
1.5101844355249356639e-49
0
0
DERIV 26
-2.826402336692906297e-34
8.138808271812071667e-51
0
0
DERIV 27
2.526690516800785503e-35
2.2557093676558798811e-51
0
0
DERIV 28
-1.9555854787527255123e-36
7.304608462919527566e-53
0
0
DERIV 29
1.4068929019433167886e-37
-3.018163604801802021e-54
0
0
DERIV 30
-9.688788705599616824e-39
2.6966883323273209233e-55
0
0
DERIV 31
6.483815512066938961e-40
-1.3550777452260060001e-56
0
0
DERIV 32
-4.253353817590478848e-41
-6.226626493286707022e-58
0
0
DERIV 33
2.7501776360268615610e-42
-1.1916588575978231818e-58
0
0
DERIV 34
-1.7592096679691097060e-43
-3.818497015478295897e-61
0
0
DERIV 35
1.1161469981417918197e-44
-3.831971052130732773e-61
0
0
AT 63/4
0.0002523813520356050209
5.829350371640945889e-21
0
0
DERIV 1
-0.00011205563213889656348
-2.4517433018789938788e-21
0
0
DERIV 2
2.5773334897420025917e-5
-5.094663786316497990e-23
0
0
DERIV 3
-4.099895003817118388e-6
6.198365332734521070e-25
0
0
DERIV 4
5.081027476785137993e-7
-2.1958288781435742307e-23
0
0
DERIV 5
-5.239349113048901786e-8
1.9361834020343309760e-24
0
0
DERIV 6
4.688032238796917128e-9
-1.1096710378787134335e-25
0
0
DERIV 7
-3.747944322271611977e-10
3.589226228885952294e-27
0
0
DERIV 8
2.7355616616949637744e-11
1.2523753827413555402e-27
0
0
DERIV 9
-1.8531824121930523436e-12
-1.8634144397861416782e-28
0
0
DERIV 10
1.1804103140794987992e-13
4.166045083210868004e-30
0
0
DERIV 11
-7.142768070572727468e-15
-3.997492618457235233e-31
0
0
DERIV 12
4.139919713476593907e-16
-5.868224342812678246e-33
0
0
DERIV 13
-2.3133275671636595211e-17
6.121914999783274592e-34
0
0
DERIV 14
1.2525146236001009044e-18
2.931438555355410771e-35
0
0
DERIV 15
-6.594987557077778207e-20
5.524423770296060367e-36
0
0
DERIV 16
3.3847656712817037822e-21
6.177967175531805238e-38
0
0
DERIV 17
-1.6946998121527707932e-22
8.605628522173526289e-39
0
0
DERIV 18
8.270153646019635083e-24
4.963603294522151569e-40
0
0
DERIV 19
-3.920668632018736604e-25
-1.8372667687705212384e-41
0
0
DERIV 20
1.7929297312236239288e-26
-1.0716316403739262733e-42
0
0
DERIV 21
-7.798791705687667516e-28
1.3295840072225053822e-45
0
0
DERIV 22
3.132629612273478016e-29
1.2984828998067566792e-45
0
0
DERIV 23
-1.0779900706727229782e-30
-6.007406271308309970e-47
0
0
DERIV 24
2.3389914256911205304e-32
-7.438864480996713388e-49
0
0
DERIV 25
7.144014474166909375e-34
-1.4447874114544680053e-50
0
0
DERIV 26
-1.5119519768869516437e-34
5.297289312329589314e-51
0
0
DERIV 27
1.4605182874739141943e-35
-3.358849357899961647e-53
0
0
DERIV 28
-1.1588540965986300941e-36
-7.750576063798517818e-53
0
0
DERIV 29
8.396649837583746089e-38
-7.442198923060780512e-55
0
0
DERIV 30
-5.776558275563078343e-39
1.2308612848508103721e-55
0
0
DERIV 31
3.844673807453587947e-40
-1.1923976233991174549e-56
0
0
DERIV 32
-2.501620198284812344e-41
2.0080583342635932635e-57
0
0
DERIV 33
1.6015737050173417743e-42
5.684572024078129671e-59
0
0
DERIV 34
-1.0131426021034303413e-43
7.516447114121741769e-60
0
0
DERIV 35
6.351236388199073304e-45
5.844296820715906711e-61
0
0
AT 16
0.00022591615130544836446
6.193073510960446104e-21
0
0
DERIV 1
-9.990693505051775609e-5
-3.2239446912979327812e-21
0
0
DERIV 2
2.2881032878131471388e-5
1.1524560242033628033e-22
0
0
DERIV 3
-3.623122960594334588e-6
-1.5531565952963026935e-22
0
0
DERIV 4
4.468082062183710421e-7
-2.0517635318601550619e-23
0
0
DERIV 5
-4.583030815019700686e-8
-1.0720216305110357873e-24
0
0
DERIV 6
4.077675708504589019e-9
-1.2657736644990786106e-25
0
0
DERIV 7
-3.240404291998978710e-10
1.0599064834350248197e-26
0
0
DERIV 8
2.3500303952007566336e-11
-1.3731262458246162971e-27
0
0
DERIV 9
-1.5812722415500597142e-12
-4.443828878355663506e-29
0
0
DERIV 10
1.0000746981387675990e-13
-6.750603085086685359e-31
0
0
DERIV 11
-6.006780903591695527e-15
3.117037299545790205e-31
0
0
DERIV 12
3.454867157166131966e-16
8.992887584291545515e-33
0
0
DERIV 13
-1.9154162705743009847e-17
-1.2251827694444297747e-33
0
0
DERIV 14
1.0288822805487523475e-18
-9.553969193363232631e-35
0
0
DERIV 15
-5.375153795731883955e-20
-8.238674851184858416e-39
0
0
DERIV 16
2.7379898409303468018e-21
-1.1858640303829293941e-37
0
0
DERIV 17
-1.3614259197345452375e-22
2.6363235353686819367e-39
0
0
DERIV 18
6.605400074889580833e-24
-2.5549753577424051129e-40
0
0
DERIV 19
-3.119387931136604348e-25
2.0538409603883240565e-42
0
0
DERIV 20
1.4258375232513967767e-26
8.646624715274184823e-43
0
0
DERIV 21
-6.238639879500743906e-28
-2.1591568314590238037e-44
0
0
DERIV 22
2.554922584033181506e-29
-9.082902557709494097e-46
0
0
DERIV 23
-9.294987682782565047e-31
-1.6463779398245710589e-47
0
0
DERIV 24
2.536754590854764608e-32
7.325469316206856071e-50
0
0
DERIV 25
-2.344030012480998078e-37
-6.344237731666960249e-54
0
0
DERIV 26
-7.575391333684108047e-35
4.053309403711414186e-51
0
0
DERIV 27
8.300140982414874364e-36
5.383775349237954937e-53
0
0
DERIV 28
-6.833179586159159778e-37
-3.520278096095674800e-53
0
0
DERIV 29
5.010793883995679233e-38
-9.547045576485827213e-55
0
0
DERIV 30
-3.452418089209912899e-39
-1.4632110079653044835e-55
0
0
DERIV 31
2.2888309103638687856e-40
-1.5124733023329791053e-57
0
0
DERIV 32
-1.4787529134267684597e-41
-4.149043154542358753e-58
0
0
DERIV 33
9.381229707349230804e-43
5.030269457363592955e-59
0
0
DERIV 34
-5.872497606997217266e-44
3.359763215996635902e-60
0
0
DERIV 35
3.639342666124914795e-45
1.6155118662737647840e-61
0
0
AT 33/2
0.00018125660621632857421
-7.805931049517732145e-21
0
0
DERIV 1
-7.953343172367829028e-5
6.168404838302711291e-21
0
0
DERIV 2
1.8062892884430740303e-5
-1.8685509638522711648e-22
0
0
DERIV 3
-2.834557827559876017e-6
1.2172231556110752368e-22
0
0
DERIV 4
3.462029437478919742e-7
1.2799883861104383894e-23
0
0
DERIV 5
-3.514569742657012853e-8
-2.0131623981743427731e-24
0
0
DERIV 6
3.092663593318146949e-9
-2.4684707669179385907e-27
0
0
DERIV 7
-2.428863778550610420e-10
1.9789074213336590012e-26
0
0
DERIV 8
1.7395736889354389663e-11
-9.581301328465195075e-28
0
0
DERIV 9
-1.1551227985794786852e-12
-6.088064374124659785e-29
0
0
DERIV 10
7.204559251956288076e-14
-1.6902495183504182896e-30
0
0
DERIV 11
-4.264789352690327034e-15
1.7394755952585028883e-31
0
0
DERIV 12
2.416215309168430758e-16
1.3351247502938894922e-32
0
0
DERIV 13
-1.3189912018510588524e-17
3.148287685447361078e-34
0
0
DERIV 14
6.974713517499160775e-19
-4.572970659117027007e-35
0
0
DERIV 15
-3.587187217242686958e-20
-2.7182129626109646812e-36
0
0
DERIV 16
1.7995997492263951994e-21
-1.8146931217465964074e-37
0
0
DERIV 17
-8.821129284610525926e-23
-2.3461592714181154008e-39
0
0
DERIV 18
4.226293319901303448e-24
1.5889941517720060415e-40
0
0
DERIV 19
-1.9767072550849961111e-25
-4.562943658892086040e-42
0
0
DERIV 20
8.994127856404490884e-27
-1.4199440489832026278e-43
0
0
DERIV 21
-3.953183974007175197e-28
1.5071918667868977051e-44
0
0
DERIV 22
1.6556958250077873465e-29
8.419960323568952516e-46
0
0
DERIV 23
-6.423969214052314059e-31
-8.097898689571712935e-48
0
0
DERIV 24
2.1527998968985202935e-32
-1.1815266328339265769e-48
0
0
DERIV 25
-4.752194355348804525e-34
2.198086295554294419e-50
0
0
DERIV 26
-1.0268579629134495008e-35
7.277634539268095564e-53
0
0
DERIV 27
2.4386626160875665344e-36
-2.381130386218334855e-53
0
0
DERIV 28
-2.309431118209905632e-37
-1.6844450368702244323e-53
0
0
DERIV 29
1.7729196303812777460e-38
1.0229982235870958289e-54
0
0
DERIV 30
-1.2377294696497350606e-39
-3.711591739591095674e-56
0
0
DERIV 31
8.188720686397219788e-41
3.653724384860232133e-57
0
0
DERIV 32
-5.235491212846505229e-42
8.343049945890024530e-60
0
0
DERIV 33
3.2700640981478567062e-43
-1.7942560785408146028e-59
0
0
DERIV 34
-2.0085836958788830288e-44
9.473837542562954524e-62
0
0
DERIV 35
1.2185483564865770428e-45
1.4880509393586297806e-62
0
0
AT 17
0.00014567187971917494290
-6.433785898965743138e-21
0
0
DERIV 1
-6.343378441177666333e-5
-3.442839532251052690e-21
0
0
DERIV 2
1.4289175712840639871e-5
6.927387686012175396e-22
0
0
DERIV 3
-2.222786847263685550e-6
-1.1772717036329350260e-22
0
0
DERIV 4
2.689453446600427820e-7
8.901090490267602938e-24
0
0
DERIV 5
-2.7029648560226408245e-8
8.466395476167220076e-25
0
0
DERIV 6
2.353089984599527148e-9
5.213950555781935282e-26
0
0
DERIV 7
-1.8270116856124310742e-10
-6.196256465579845998e-27
0
0
DERIV 8
1.2927211625249906625e-11
4.468727293505526644e-28
0
0
DERIV 9
-8.474395385685189447e-13
4.093803329192014058e-29
0
0
DERIV 10
5.214494864627854204e-14
1.9020299809906076491e-30
0
0
DERIV 11
-3.0433592414120333646e-15
-4.488495479961210709e-32
0
0
DERIV 12
1.6990316221548149524e-16
7.297684862016344620e-33
0
0
DERIV 13
-9.135345709918921727e-18
5.283695072028825331e-34
0
0
DERIV 14
4.756639006819517837e-19
1.0507687228408608927e-35
0
0
DERIV 15
-2.4087018592515991040e-20
-2.953474985501127316e-37
0
0
DERIV 16
1.1900068939001519450e-21
-7.386641749397948139e-39
0
0
DERIV 17
-5.747861880197878111e-23
3.354560728258539167e-39
0
0
DERIV 18
2.7168583981233135701e-24
1.3578394248527827905e-40
0
0
DERIV 19
-1.2562472976911314868e-25
4.803721836388286794e-42
0
0
DERIV 20
5.670724162598505401e-27
7.431443090457339690e-45
0
0
DERIV 21
-2.487642980975770488e-28
1.3275807209512293451e-44
0
0
DERIV 22
1.0513588925763405622e-29
-9.195612712744745827e-47
0
0
DERIV 23
-4.209598885300156311e-31
-3.667401533303927805e-47
0
0
DERIV 24
1.5405335750733507693e-32
-3.483726344455487308e-49
0
0
DERIV 25
-4.676633751682328423e-34
1.8132491519478918011e-50
0
0
DERIV 26
7.177361886670101274e-36
-1.9806737871644819195e-52
0
0
DERIV 27
5.098289633018513457e-37
3.506176932548715184e-55
0
0
DERIV 28
-7.216968523823650517e-38
-3.533033214809414829e-54
0
0
DERIV 29
6.125013648090142517e-39
-5.257781590793471371e-55
0
0
DERIV 30
-4.424384568692773127e-40
-3.969282728775422593e-56
0
0
DERIV 31
2.952132915682224065e-41
-2.1557803562345477869e-57
0
0
DERIV 32
-1.8796753350968669151e-42
-1.2447417893942665808e-58
0
0
DERIV 33
1.1608174022399523831e-43
-7.899328696836597665e-60
0
0
DERIV 34
-7.018201071616425164e-45
-4.144193300330277769e-61
0
0
DERIV 35
4.178293708348608903e-46
-3.680121787551954855e-62
0
0
AT 35/2
0.00011726543288168192567
-5.337212251988982060e-21
0
0
DERIV 1
-5.068525092665237457e-5
-2.9108973851544820481e-21
0
0
DERIV 2
1.1326717948616096829e-5
3.0823789969316456521e-24
0
0
DERIV 3
-1.7469656558380603208e-6
8.766054671982165187e-23
0
0
DERIV 4
2.0944937641761487653e-7
3.897500904354517759e-24
0
0
DERIV 5
-2.0845353167001736263e-8
1.0834937714205392764e-24
0
0
DERIV 6
1.7958710606683380398e-9
4.744562758630990265e-26
0
0
DERIV 7
-1.3789590062640409837e-10
4.802997067367968167e-27
0
0
DERIV 8
9.642505221816974618e-12
9.921494608184160123e-29
0
0
DERIV 9
-6.242689075186144517e-13
-7.768594753802890558e-30
0
0
DERIV 10
3.791092530173625146e-14
1.5790086642236274369e-30
0
0
DERIV 11
-2.1823397645748389987e-15
-1.4150181989940607016e-31
0
0
DERIV 12
1.2009980927507804983e-16
-2.9147501179560421390e-33
0
0
DERIV 13
-6.362554677014437754e-18
-2.442499243999299056e-34
0
0
DERIV 14
3.263029565740463223e-19
7.780749565961675645e-36
0
0
DERIV 15
-1.6271999730272359429e-20
1.3557124637649963709e-36
0
0
DERIV 16
7.917126410170394104e-22
4.562395842653613904e-38
0
0
DERIV 17
-3.767429784416657674e-23
1.1027876083315893349e-39
0
0
DERIV 18
1.7558205171670950642e-24
-1.0788321412575379461e-40
0
0
DERIV 19
-8.016751444677283997e-26
5.786447057422988737e-43
0
0
DERIV 20
3.582151987204122454e-27
-1.3627122768452085835e-43
0
0
DERIV 21
-1.5619619336440905445e-28
-6.655763716215381308e-45
0
0
DERIV 22
6.608698497689289656e-30
3.701790187607541694e-46
0
0
DERIV 23
-2.684611620662428543e-31
7.504204539137583294e-48
0
0
DERIV 24
1.0255918624540030261e-32
-6.214930340393098998e-49
0
0
DERIV 25
-3.517559395394929230e-34
2.887776709283513877e-51
0
0
DERIV 26
9.413367249667357515e-36
-1.0265123147304696927e-52
0
0
DERIV 27
-5.542026507406703836e-38
2.797696579129840191e-54
0
0
DERIV 28
-1.8376617282325031655e-38
9.428763071491110890e-55
0
0
DERIV 29
1.9999306921943370198e-39
-5.276930174989072084e-56
0
0
DERIV 30
-1.5552044204412267865e-40
-9.109624797573025714e-57
0
0
DERIV 31
1.0642278514135908236e-41
-2.0128820189381186329e-58
0
0
DERIV 32
-6.808660688923541381e-43
-1.5650461759565274814e-59
0
0
DERIV 33
4.180445137108345518e-44
2.1824212341249732173e-60
0
0
DERIV 34
-2.4972628311507065865e-45
5.261590134869660200e-63
0
0
DERIV 35
1.4631598056883802539e-46
-1.3515960583301538474e-63
0
0
AT 18
9.454858238692597384e-5
2.0269907948759657675e-21
0
0
DERIV 1
-4.057022447968365418e-5
3.3558351522862939869e-21
0
0
DERIV 2
8.995984022418776255e-6
-4.869953763980801119e-22
0
0
DERIV 3
-1.3759761663352962772e-6
-5.868820193284198861e-24
0
0
DERIV 4
1.6350706230642483221e-7
-2.2236191834828161969e-24
0
0
DERIV 5
-1.6118828537247125929e-8
-1.2594049033591492247e-24
0
0
DERIV 6
1.3746458471815221918e-9
-9.397593018436693645e-26
0
0
DERIV 7
-1.0441783655366577339e-10
1.8599015163651539432e-27
0
0
DERIV 8
7.218256514619597801e-12
1.7442602011087022139e-28
0
0
DERIV 9
-4.616838255308940435e-13
-4.280299953918405884e-29
0
0
DERIV 10
2.7681223048339697888e-14
7.402504115082372875e-31
0
0
DERIV 11
-1.5722509480753222592e-15
-5.119345433840035074e-32
0
0
DERIV 12
8.532437761370410564e-17
-2.7593808718096357610e-33
0
0
DERIV 13
-4.455319954505314572e-18
6.588689755242950907e-35
0
0
DERIV 14
2.251207277057757962e-19
-1.1810298112014029897e-35
0
0
DERIV 15
-1.1057940182484031439e-20
-2.079727693143157025e-37
0
0
DERIV 16
5.299235667341460906e-22
1.6375902652436389047e-38
0
0
DERIV 17
-2.4842003507749300944e-23
-2.8657417303332285085e-42
0
0
DERIV 18
1.1411731557749184390e-24
3.519163421963880342e-41
0
0
DERIV 19
-5.141000000798610911e-26
1.9852947820585489837e-43
0
0
DERIV 20
2.2705741830175774198e-27
1.3134001443276333837e-45
0
0
DERIV 21
-9.814508437517174833e-29
5.214590590133080449e-46
0
0
DERIV 22
4.136492521851060896e-30
-9.543689684944345741e-48
0
0
DERIV 23
-1.6881705351051552216e-31
-9.602465621904658161e-48
0
0
DERIV 24
6.586198672449936941e-33
-3.766212795265038238e-49
0
0
DERIV 25
-2.393877629097653147e-34
1.9689554939530914224e-50
0
0
DERIV 26
7.623797668817665625e-36
-4.273552996131979806e-53
0
0
DERIV 27
-1.7135200129019438401e-37
3.238145645609843355e-54
0
0
DERIV 28
-1.5767175958084676064e-39
-7.620726111256422936e-57
0
0
DERIV 29
5.705765656824762171e-40
-3.089282701513372612e-56
0
0
DERIV 30
-5.245888719316451057e-41
-2.658302373829498629e-57
0
0
DERIV 31
3.793080729605057555e-42
2.887910339029310453e-60
0
0
DERIV 32
-2.4718378289618867967e-43
1.3444214345583565325e-59
0
0
DERIV 33
1.5204249886752310366e-44
3.982581818654289196e-61
0
0
DERIV 34
-9.017685301143271519e-46
-7.758890223866638172e-63
0
0
DERIV 35
5.217482121403415121e-47
-8.854465897080693188e-65
0
0
AT 37/2
7.635020530029718803e-5
-5.624071371216144233e-21
0
0
DERIV 1
-3.252925942395134195e-5
-3.3224235691634684568e-21
0
0
DERIV 2
7.158355069821333442e-6
2.317019491759020711e-22
0
0
DERIV 3
-1.0860388615029532353e-6
4.965558988420390068e-23
0
0
DERIV 4
1.2793793378203133351e-7
4.495720056591948050e-24
0
0
DERIV 5
-1.2495985455792966874e-8
2.578782771467145062e-25
0
0
DERIV 6
1.0552053260356450964e-9
-9.010380599230439776e-26
0
0
DERIV 7
-7.931517616548974487e-11
-4.437628210457601578e-27
0
0
DERIV 8
5.422135951427831919e-12
-2.550739368038534309e-28
0
0
DERIV 9
-3.427355730944653434e-13
1.0515965142051078895e-29
0
0
DERIV 10
2.0295526491563530310e-14
-5.887754967940734602e-31
0
0
DERIV 11
-1.1378160089145310887e-15
8.126687949519399165e-32
0
0
DERIV 12
6.091316093724927593e-17
3.450128105245800379e-33
0
0
DERIV 13
-3.1360613332794270204e-18
1.1572321843218880060e-34
0
0
DERIV 14
1.5617317216568052063e-19
7.439299444970453644e-36
0
0
DERIV 15
-7.558212095950040049e-21
1.0900950202180040716e-38
0
0
DERIV 16
3.568190381587571519e-22
-1.7696389298184840181e-38
0
0
DERIV 17
-1.6479223538073557405e-23
-1.0890992642887383747e-39
0
0
DERIV 18
7.460404425018630298e-25
-2.925754970389237515e-41
0
0
DERIV 19
-3.314590661574940752e-26
6.177136967978756992e-43
0
0
DERIV 20
1.4455641929415534765e-27
-5.159227804773163096e-44
0
0
DERIV 21
-6.182943015065749838e-29
4.352193869480276372e-46
0
0
DERIV 22
2.5874079416892318907e-30
1.2008175278473904795e-46
0
0
DERIV 23
-1.0544830645143469769e-31
1.0764305436541317372e-47
0
0
DERIV 24
4.150316485794629434e-33
-1.1177905320866834675e-49
0
0
DERIV 25
-1.5530894977685757310e-34
-9.936350461577794271e-51
0
0
DERIV 26
5.349394716684649966e-36
-3.0165451716821031000e-52
0
0
DERIV 27
-1.5600208440097436188e-37
7.448637714953553982e-54
0
0
DERIV 28
2.6636735580008534601e-39
-5.115838547177658520e-56
0
0
DERIV 29
1.0358076665697396954e-40
-9.638294233809280510e-57
0
0
DERIV 30
-1.6110553225316868147e-41
-1.0819601623588562838e-58
0
0
DERIV 31
1.3116233224290161185e-42
2.058836467706361702e-59
0
0
DERIV 32
-8.909801195304158555e-44
2.7530463036099103921e-61
0
0
DERIV 33
5.552541379788628477e-45
-1.2975595225979606496e-61
0
0
DERIV 34
-3.2912107861362958289e-46
-4.297158167397839977e-63
0
0
DERIV 35
1.8885417900515248261e-47
1.0248176087731617104e-63
0
0
AT 19
6.174703100786835502e-5
-1.2221190276351321141e-22
0
0
DERIV 1
-2.6125180025701185771e-5
-7.080643245992703626e-22
0
0
DERIV 2
5.706523180068265068e-6
-7.648372316128359561e-23
0
0
DERIV 3
-8.589293889946477407e-7
1.4974455212196629742e-23
0
0
DERIV 4
1.0033042231774104523e-7
-4.552989074050100022e-24
0
0
DERIV 5
-9.711366268147811777e-9
-3.779397697802779814e-25
0
0
DERIV 6
8.122092283172398168e-10
2.0326944568882237619e-26
0
0
DERIV 7
-6.042885955527489280e-11
-4.608353187427194654e-27
0
0
DERIV 8
4.086448427946250654e-12
3.133494969288520233e-28
0
0
DERIV 9
-2.553587316722129564e-13
-8.275667472102171230e-32
0
0
DERIV 10
1.4939594963411489872e-14
-1.3801463879164419907e-30
0
0
DERIV 11
-8.269834746450159898e-16
-3.991978483681484012e-32
0
0
DERIV 12
4.368943414813752383e-17
7.471018453109007964e-35
0
0
DERIV 13
-2.2185396182093870021e-18
-1.7895263058717257517e-34
0
0
DERIV 14
1.0892187680379032191e-19
-2.9647089731617092653e-36
0
0
DERIV 15
-5.195235653937396249e-21
-3.637801849454107768e-37
0
0
DERIV 16
2.416681300977132491e-22
-6.050116229594574719e-39
0
0
DERIV 17
-1.0997008687942419609e-23
-5.352771349148808895e-40
0
0
DERIV 18
4.906197108032785187e-25
-1.9090084739782843658e-42
0
0
DERIV 19
-2.1491483723113523257e-26
8.356012036404039719e-43
0
0
DERIV 20
9.249510289504283309e-28
1.3598255256902813189e-44
0
0
DERIV 21
-3.910000844921868452e-29
-2.5943923963817254664e-45
0
0
DERIV 22
1.6210943297198377532e-30
5.457770183053819425e-47
0
0
DERIV 23
-6.571651199203245121e-32
-1.4275551442818202187e-48
0
0
DERIV 24
2.5902219347441983077e-33
-3.122822966349894649e-50
0
0
DERIV 25
-9.827019614496032571e-35
3.346696500690123058e-51
0
0
DERIV 26
3.520667016500814044e-36
7.511882385749555481e-53
0
0
DERIV 27
-1.1427079896403296048e-37
-4.662026598417912734e-54
0
0
DERIV 28
2.985437976287639649e-39
-2.0968739308171819625e-55
0
0
DERIV 29
-2.908556500264056267e-41
5.682923551310105843e-59
0
0
DERIV 30
-3.832169557747022520e-42
-1.4865602327202631373e-61
0
0
DERIV 31
4.239747331639689645e-43
-2.732421537001909259e-59
0
0
DERIV 32
-3.141321680304699683e-44
-2.3810395081771150252e-60
0
0
DERIV 33
2.0200153725073290144e-45
5.208050559403179570e-62
0
0
DERIV 34
-1.2079596459959178728e-46
5.747644586629405693e-63
0
0
DERIV 35
6.913529259163386583e-48
-3.405460562198537745e-64
0
0
AT 39/2
5.000968502175634169e-5
-6.750229607737680762e-22
0
0
DERIV 1
-2.1015577551646310277e-5
-1.2301216710360236017e-21
0
0
DERIV 2
4.557209030471727158e-6
-4.099060549532514406e-22
0
0
DERIV 3
-6.806417954715800730e-7
-2.3579553834121874311e-23
0
0
DERIV 4
7.885033469983491506e-8
3.490547507652039312e-24
0
0
DERIV 5
-7.565283967768023787e-9
2.877543402506958686e-26
0
0
DERIV 6
6.268168370494764284e-10
-3.164611091844684002e-26
0
0
DERIV 7
-4.617323241427661283e-11
1.9463800756536012905e-27
0
0
DERIV 8
3.0896153208576839079e-12
1.2970175067414990468e-28
0
0
DERIV 9
-1.9092303244085822905e-13
2.065507401058959562e-31
0
0
DERIV 10
1.1039104257489847630e-14
-6.676267298483291667e-31
0
0
DERIV 11
-6.035646883795950299e-16
3.970882261098262097e-32
0
0
DERIV 12
3.147691778628790463e-17
1.2787906270595324689e-33
0
0
DERIV 13
-1.5770576694544283675e-18
2.0370626774617141788e-36
0
0
DERIV 14
7.635945569384055832e-20
1.1544646026051066871e-36
0
0
DERIV 15
-3.590534982768603290e-21
-3.519531048161557977e-37
0
0
DERIV 16
1.6461359813439458061e-22
1.1318473800971949088e-38
0
0
DERIV 17
-7.381775531104102188e-24
-1.9148808396785079817e-40
0
0
DERIV 18
3.245625528270175409e-25
-2.1538298028872610978e-41
0
0
DERIV 19
-1.4015847529033137512e-26
-6.429176786019825599e-43
0
0
DERIV 20
5.950401246899966459e-28
-3.990344400550784896e-44
0
0
DERIV 21
-2.4840173241255658834e-29
-1.7792335563554828073e-46
0
0
DERIV 22
1.0188455599464058616e-30
4.692356261652174335e-47
0
0
DERIV 23
-4.097633377877367070e-32
4.575564429879990335e-49
0
0
DERIV 24
1.6098029089634482015e-33
-9.729620023755267173e-50
0
0
DERIV 25
-6.136234238723802783e-35
8.968212627232177985e-52
0
0
DERIV 26
2.2421526161672962617e-36
5.299970537017325270e-53
0
0
DERIV 27
-7.670513626697209254e-38
2.1118933359825498295e-54
0
0
DERIV 28
2.3273343567419090896e-39
-1.2417478712557966340e-55
0
0
DERIV 29
-5.248832396867280896e-41
-3.347199353600179215e-57
0
0
DERIV 30
-6.834625923305017196e-44
-4.100621857306690632e-60
0
0
DERIV 31
1.1640900569837042425e-43
4.723559093820361692e-60
0
0
DERIV 32
-1.0540414549915614003e-44
-4.685679642522814614e-61
0
0
DERIV 33
7.232754025682621179e-46
5.728149661996517658e-63
0
0
DERIV 34
-4.428342941944526435e-47
-4.736769784872851966e-63
0
0
DERIV 35
2.5482357087758009129e-48
-6.478448132162263379e-65
0
0
AT 20
4.056081945490302027e-5
3.2220203809110979943e-21
0
0
DERIV 1
-1.6931676187110506610e-5
1.3471073103769875382e-21
0
0
DERIV 2
3.645623873842562702e-6
1.3426991491728790574e-22
0
0
DERIV 3
-5.403831316310394937e-7
-4.893554369783235720e-23
0
0
DERIV 4
6.209848005985564814e-8
-6.107736175249280568e-24
0
0
DERIV 5
-5.907036375342175654e-9
1.9198254333744238333e-25
0
0
DERIV 6
4.849697474505227019e-10
4.055692584112279657e-26
0
0
DERIV 7
-3.537920165111622963e-11
1.0039310894945810650e-27
0
0
DERIV 8
2.3431168762874937287e-12
-2.817095587473876773e-29
0
0
DERIV 9
-1.4322687465575503543e-13
-5.301193650072625909e-30
0
0
DERIV 10
8.186947621132125717e-15
2.416212633212383182e-31
0
0
DERIV 11
-4.422666494492965943e-16
-2.0684070607350659215e-32
0
0
DERIV 12
2.2776395125826638668e-17
-1.2861550791151387407e-33
0
0
DERIV 13
-1.1262868087838196745e-18
-3.155833807355932427e-35
0
0
DERIV 14
5.379871894222206444e-20
-1.7513260004867687699e-36
0
0
DERIV 15
-2.4946280059219346950e-21
-1.6384476309036709963e-37
0
0
DERIV 16
1.1275085750848523997e-22
9.587572913749719255e-39
0
0
DERIV 17
-4.983610676055682655e-24
-3.5395074114114260935e-40
0
0
DERIV 18
2.159726120631770102e-25
7.376702421158769235e-43
0
0
DERIV 19
-9.194126139394587235e-27
4.075222440513224353e-43
0
0
DERIV 20
3.849602914119222681e-28
-9.756845059431438795e-45
0
0
DERIV 21
-1.5861584756536718584e-29
1.3978652190413745670e-45
0
0
DERIV 22
6.429670098444720142e-31
-1.5516202588418169891e-47
0
0
DERIV 23
-2.560955066648598557e-32
2.5996840903088828471e-48
0
0
DERIV 24
9.996880589038546893e-34
-7.613541071497788425e-50
0
0
DERIV 25
-3.806931351358517581e-35
2.4259236190070034074e-51
0
0
DERIV 26
1.4029654399066548728e-36
8.215843193716065190e-53
0
0
DERIV 27
-4.931124474936032152e-38
2.669537507933542986e-54
0
0
DERIV 28
1.6050913831252913498e-39
1.4823114923343224475e-55
0
0
DERIV 29
-4.499485851945118072e-41
1.8105402495898152856e-57
0
0
DERIV 30
8.160010118828950453e-43
-1.8045453185028146037e-59
0
0
DERIV 31
1.7029070555017418160e-44
3.0670848465583821808e-61
0
0
DERIV 32
-3.163203231273751662e-45
1.3832736175616334882e-61
0
0
DERIV 33
2.4962236794691008270e-46
4.956811747006429081e-63
0
0
DERIV 34
-1.6054691089407147851e-47
-8.978041909317178195e-64
0
0
DERIV 35
9.401661659486008624e-49
1.2616074805233046120e-65
0
0
AT 41/2
3.294254330860467997e-5
-9.414740738084302878e-22
0
0
DERIV 1
-1.3662049167036357161e-5
1.8643919279022991236e-22
0
0
DERIV 2
2.921245528777864726e-6
-2.0995062335931780702e-22
0
0
DERIV 3
-4.298148102157185262e-7
1.1030870863667349827e-23
0
0
DERIV 4
4.900445461345243426e-8
2.5741594384147482155e-24
0
0
DERIV 5
-4.622532620092735889e-9
2.099045333102946418e-25
0
0
DERIV 6
3.761418604269917894e-10
2.3108130245582834417e-26
0
0
DERIV 7
-2.7181558653782393187e-11
6.449043737192868139e-28
0
0
DERIV 8
1.7822391026699455231e-12
7.696218270487329725e-29
0
0
DERIV 9
-1.0779410273761193853e-13
3.608397777788530440e-30
0
0
DERIV 10
6.093171878507800201e-15
-2.254132860728018178e-31
0
0
DERIV 11
-3.253213748164383564e-16
-2.2587503311784005370e-32
0
0
DERIV 12
1.6549490668099663410e-17
1.0379123460749731448e-33
0
0
DERIV 13
-8.079743633434632268e-19
-3.655077050708599459e-35
0
0
DERIV 14
3.808611105847801745e-20
1.5900567815893947702e-36
0
0
DERIV 15
-1.7420881047867893382e-21
-1.2038102214660369071e-37
0
0
DERIV 16
7.764466821859605430e-23
4.369065727061419362e-41
0
0
DERIV 17
-3.383491164241868461e-24
1.7948470541168394254e-40
0
0
DERIV 18
1.4454603392078373082e-25
-4.937388090304026752e-42
0
0
DERIV 19
-6.066429267473179093e-27
-3.738667630368163118e-44
0
0
DERIV 20
2.504811163555115259e-28
1.4881832365981511441e-44
0
0
DERIV 21
-1.0183259184811461273e-29
-2.0607720903985600041e-46
0
0
DERIV 22
4.076861373881406795e-31
-2.345687072206107746e-47
0
0
DERIV 23
-1.6062007949932275510e-32
3.855855908152075257e-49
0
0
DERIV 24
6.216780007914721278e-34
-2.315085662171807114e-50
0
0
DERIV 25
-2.3563572969697055540e-35
-1.3074927165239444339e-51
0
0
DERIV 26
8.698439679670444089e-37
-3.293005791410794463e-55
0
0
DERIV 27
-3.097551745332945540e-38
-1.1380857279556304686e-54
0
0
DERIV 28
1.0454228073383427523e-39
-2.046989447860438639e-56
0
0
DERIV 29
-3.221677345054743508e-41
-1.8969273103001839707e-57
0
0
DERIV 30
8.195718349974298030e-43
9.890125134141284513e-60
0
0
DERIV 31
-1.0090191194935398892e-44
-5.387502050610709601e-61
0
0
DERIV 32
-6.864477904205381098e-46
-8.740567929848576901e-63
0
0
DERIV 33
7.955616346434256129e-47
1.0709293440491915374e-63
0
0
DERIV 34
-5.663105378388903687e-48
4.988678395401853710e-64
0
0
DERIV 35
3.443380339132338957e-49
3.467592663600612473e-65
0
0
AT 21
2.6791027251890737814e-5
7.081339510803104712e-22
0
0
DERIV 1
-1.1040039398725566886e-5
-3.552103190966759956e-22
0
0
DERIV 2
2.344587375145304703e-6
1.4848140679429774323e-23
0
0
DERIV 3
-3.424783545993024304e-7
-2.1224325481151416184e-23
0
0
DERIV 4
3.874712776291499887e-8
-9.475375300738116016e-26
0
0
DERIV 5
-3.625137692787635063e-9
2.640558574959132238e-26
0
0
DERIV 6
2.924257453639455735e-10
1.2427229704817803655e-26
0
0
DERIV 7
-2.0937672427771411057e-11
7.456600294772008602e-28
0
0
DERIV 8
1.3594852780166941653e-12
-7.884758198404513686e-29
0
0
DERIV 9
-8.138015445280733355e-14
-1.6349898736382368894e-30
0
0
DERIV 10
4.550314332660108774e-15
1.0149147145646919034e-31
0
0
DERIV 11
-2.401856562912197643e-16
-5.189665880974927991e-33
0
0
DERIV 12
1.2073252527345463841e-17
3.485566260790287488e-34
0
0
DERIV 13
-5.821332918244362699e-19
-4.266635643831549534e-35
0
0
DERIV 14
2.7087776541944901056e-20
-1.3891384907863437920e-36
0
0
DERIV 15
-1.2225821177394209109e-21
3.630702586146221530e-38
0
0
DERIV 16
5.374890231478885535e-23
-4.569836987498070022e-39
0
0
DERIV 17
-2.3097205743033319813e-24
-8.523374495765972581e-41
0
0
DERIV 18
9.729056534293275443e-26
2.6149233322000940054e-42
0
0
DERIV 19
-4.025884193166533873e-27
-3.4663709900771790690e-43
0
0
DERIV 20
1.6392171766055294325e-28
-8.238417800358556888e-45
0
0
DERIV 21
-6.574325132892630532e-30
6.744925986182197987e-46
0
0
DERIV 22
2.598346952372640039e-31
-1.4797365909258292417e-47
0
0
DERIV 23
-1.0117432565454440226e-32
2.6794764810649345953e-49
0
0
DERIV 24
3.877083661402573887e-34
-3.947823195402811348e-50
0
0
DERIV 25
-1.4589906721285646071e-35
-1.1600128634027467270e-51
0
0
DERIV 26
5.370947002430588967e-37
-2.173881705986239420e-53
0
0
DERIV 27
-1.9216663566400521546e-38
-3.0353237313950795077e-55
0
0
DERIV 28
6.606828860397906444e-40
1.1187882972690136136e-56
0
0
DERIV 29
-2.1359945274805702674e-41
-7.560028655640512847e-58
0
0
DERIV 30
6.188754899420475543e-43
-8.770133475166923453e-60
0
0
DERIV 31
-1.3876152728983402786e-44
4.743438556171042813e-61
0
0
DERIV 32
5.453503570599469146e-47
3.769321507242530278e-63
0
0
DERIV 33
2.0789233705002714570e-47
1.2021204473132599078e-63
0
0
DERIV 34
-1.8842468021204757090e-48
1.1938016942500456202e-64
0
0
DERIV 35
1.2357213517145187693e-49
6.722792647298083275e-66
0
0
AT 43/2
2.1816657422654227685e-5
1.6532976861783353453e-21
0
0
DERIV 1
-8.934017459214773090e-6
1.1688392826048104622e-23
0
0
DERIV 2
1.8847200942249429152e-6
6.844777904985243794e-23
0
0
DERIV 3
-2.733594036965412510e-7
-2.1342548600629643222e-23
0
0
DERIV 4
3.069491940697014348e-8
1.0715146060870303006e-24
0
0
DERIV 5
-2.848873536947524825e-9
1.5482297619034579931e-25
0
0
DERIV 6
2.2786221919587830477e-10
8.173584426642816035e-27
0
0
DERIV 7
-1.6168567918681985245e-11
1.0868992768789927991e-28
0
0
DERIV 8
1.0398631057795635940e-12
-3.455999112367055681e-29
0
0
DERIV 9
-6.162353153784621904e-14
-1.7928766211261450993e-30
0
0
DERIV 10
3.4092769622363585513e-15
7.786632751811871764e-32
0
0
DERIV 11
-1.7796263488718301052e-16
-7.483268434099863165e-33
0
0
DERIV 12
8.841792696866290957e-18
3.164931476788300076e-34
0
0
DERIV 13
-4.211683472784251065e-19
-1.4015569528641642046e-35
0
0
DERIV 14
1.9351789006330831634e-20
-1.3621083187552670482e-36
0
0
DERIV 15
-8.620988578970375751e-22
-6.423608688849317764e-38
0
0
DERIV 16
3.739574782846797725e-23
-1.0661243767572431438e-39
0
0
DERIV 17
-1.5851135398591559978e-24
-2.1785208726082999330e-41
0
0
DERIV 18
6.584688361449125669e-26
-4.322011231633638226e-42
0
0
DERIV 19
-2.6869230711363607070e-27
-1.3203732399160312187e-43
0
0
DERIV 20
1.0789208021042091122e-28
-8.431640025302809513e-45
0
0
DERIV 21
-4.268495068098265826e-30
3.2096699361579857984e-46
0
0
DERIV 22
1.6649850994207450291e-31
9.499999745453364114e-48
0
0
DERIV 23
-6.403817671293404131e-33
-2.6129712529808503566e-49
0
0
DERIV 24
2.427190430592184467e-34
3.606138688952226628e-52
0
0
DERIV 25
-9.052496910001360532e-36
3.2012997459831019800e-52
0
0
DERIV 26
3.313358068335795356e-37
-1.5254382990074379823e-53
0
0
DERIV 27
-1.1847712680039132508e-38
-1.2834905755692286680e-54
0
0
DERIV 28
4.107126183518177774e-40
-6.373872087390635553e-57
0
0
DERIV 29
-1.3616599651318157718e-41
1.2482557390536556046e-57
0
0
DERIV 30
4.203379278936098698e-43
2.656061742663227333e-59
0
0
DERIV 31
-1.1336371571241922755e-44
1.1953684226263617872e-60
0
0
DERIV 32
2.1258122084496247762e-46
9.096659530599705902e-63
0
0
DERIV 33
2.0849386144100679142e-48
9.793991235504256465e-65
0
0
DERIV 34
-5.490068248001246287e-49
-1.3798428652672968717e-65
0
0
DERIV 35
4.245428589984726527e-50
-2.0135893953277269282e-66
0
0
AT 22
1.7788491634281004833e-5
1.5294161655659960543e-21
0
0
DERIV 1
-7.239818712420345844e-6
-4.610992300996822842e-23
0
0
DERIV 2
1.5173657242664160432e-6
2.3192922801347517703e-23
0
0
DERIV 3
-2.1855571995457264878e-7
-7.813078163682888621e-25
0
0
DERIV 4
2.4360798904780752535e-8
-1.2918422304054188083e-24
0
0
DERIV 5
-2.243352488450614861e-9
1.2938629838744354716e-25
0
0
DERIV 6
1.7794652579034436704e-10
-8.136786313562977685e-27
0
0
DERIV 7
-1.2516050564516459629e-11
-1.7911040532274980590e-28
0
0
DERIV 8
7.974985709259790438e-13
4.138270929033021934e-29
0
0
DERIV 9
-4.679865814250328147e-14
7.542180900209623789e-31
0
0
DERIV 10
2.5624495242438674969e-15
-1.4947791708755964741e-31
0
0
DERIV 11
-1.3231288927682596133e-16
9.890488238728640288e-33
0
0
DERIV 12
6.499385104621088920e-18
2.717859601358922059e-35
0
0
DERIV 13
-3.059374490252545668e-19
2.3073853028482985403e-35
0
0
DERIV 14
1.3884863874567954726e-20
-9.139459929430423031e-37
0
0
DERIV 15
-6.107123958817727291e-22
1.0331949874798360404e-38
0
0
DERIV 16
2.6145611695099370912e-23
9.125026115547813636e-40
0
0
DERIV 17
-1.0934520740005542253e-24
-2.1704790718700015931e-41
0
0
DERIV 18
4.480621654229189515e-26
2.1179913293639351051e-42
0
0
DERIV 19
-1.8032924628781906451e-27
-1.5418494426837852549e-43
0
0
DERIV 20
7.141780608277176188e-29
1.6243571065262282168e-45
0
0
DERIV 21
-2.7871722520848327344e-30
4.461592183470734948e-47
0
0
DERIV 22
1.0728159099607172077e-31
1.0545967419777757288e-47
0
0
DERIV 23
-4.074271061509638129e-33
3.796429580403271449e-50
0
0
DERIV 24
1.5263077309000687372e-34
7.645443569180914803e-51
0
0
DERIV 25
-5.635047250941163395e-36
2.8145131727050445917e-52
0
0
DERIV 26
2.046474592126128375e-37
-1.5754272042313651703e-53
0
0
DERIV 27
-7.287438821618518980e-39
-4.026883684558900273e-55
0
0
DERIV 28
2.5309770679380028774e-40
-1.8393138321517648547e-56
0
0
DERIV 29
-8.496098634028081766e-42
-2.1052645829421399282e-58
0
0
DERIV 30
2.7117667138152086165e-43
-6.992431304131919877e-60
0
0
DERIV 31
-7.957663851879435898e-45
3.188793554566452339e-61
0
0
DERIV 32
1.9681688732352791326e-46
-7.215277376757953205e-63
0
0
DERIV 33
-2.761795290968156015e-48
2.6991583631085711130e-64
0
0
DERIV 34
-1.0484090404882670474e-49
1.6124650470879369448e-66
0
0
DERIV 35
1.3282921605714050036e-50
-1.7276642654335112247e-68
0
0
AT 45/2
1.4522059374968486101e-5
-5.948933727398724957e-22
0
0
DERIV 1
-5.874858382042495940e-6
3.876643105838286356e-22
0
0
DERIV 2
1.2234280994710375401e-6
-9.177808596526141038e-23
0
0
DERIV 3
-1.7502367939328509319e-7
-5.198067637957539876e-24
0
0
DERIV 4
1.9368272299751055926e-8
-5.359441609812589163e-26
0
0
DERIV 5
-1.7699889630939017064e-9
3.0991187157807876897e-27
0
0
DERIV 6
1.3926326467369168213e-10
-8.878217900629903970e-27
0
0
DERIV 7
-9.711383400238556090e-12
-4.579139063123122046e-28
0
0
DERIV 8
6.131926054616176371e-13
-4.782927569462590676e-29
0
0
DERIV 9
-3.563982808901158676e-14
2.9970747492419374440e-30
0
0
DERIV 10
1.9318456965787343239e-15
1.1207285097763325089e-32
0
0
DERIV 11
-9.869933094032954903e-17
-4.598585597943570833e-33
0
0
DERIV 12
4.794713008956595950e-18
-8.546727500884810284e-35
0
0
DERIV 13
-2.230957869545581092e-19
8.541733136603326434e-36
0
0
DERIV 14
1.0003900595752920199e-20
1.4388142740546420584e-37
0
0
DERIV 15
-4.345591120870078088e-22
9.651461388076916111e-39
0
0
DERIV 16
1.8366654558940157867e-23
1.1144244715945276203e-39
0
0
DERIV 17
-7.580701673644954426e-25
2.499993017624591358e-41
0
0
DERIV 18
3.064898114111018638e-26
-2.3715233687744472302e-42
0
0
DERIV 19
-1.2168559630634786138e-27
2.1139840836658590427e-44
0
0
DERIV 20
4.753876607571350857e-29
-6.426610295145765544e-46
0
0
DERIV 21
-1.8302228404885860563e-30
-5.881751481865860482e-47
0
0
DERIV 22
6.951314585142141253e-32
-3.404446780806921292e-48
0
0
DERIV 23
-2.6060949684860746891e-33
4.624604106078103355e-50
0
0
DERIV 24
9.645053514228187379e-35
6.433488501528663229e-51
0
0
DERIV 25
-3.521950350814990697e-36
-1.9703021337772839330e-52
0
0
DERIV 26
1.2672908598993525581e-37
-4.963278231223950571e-54
0
0
DERIV 27
-4.483264583740265337e-39
-2.0668216182167259952e-55
0
0
DERIV 28
1.5534378773502563178e-40
2.666858697272009605e-57
0
0
DERIV 29
-5.239191134353162363e-42
2.8027223200421765485e-58
0
0
DERIV 30
1.7016140143054617217e-43
-2.1034277754446011850e-60
0
0
DERIV 31
-5.217216938772776698e-45
1.5310961549483178050e-61
0
0
DERIV 32
1.4465354108489269689e-46
4.757995222562305625e-63
0
0
DERIV 33
-3.204915593192294482e-48
8.349361124881306395e-65
0
0
DERIV 34
2.399952934768186913e-50
-2.2799387083758985819e-66
0
0
DERIV 35
3.255464611586073561e-51
2.0746648121454014612e-67
0
0
AT 23
1.1869766556200315316e-5
7.024239059370936411e-22
0
0
DERIV 1
-4.773541940729672513e-6
-1.6269551077498095889e-22
0
0
DERIV 2
9.878569474194878749e-7
8.974767452762217635e-23
0
0
DERIV 3
-1.4038416463174616403e-7
8.152187894947969787e-24
0
0
DERIV 4
1.5425598311370849497e-8
4.600596776433258442e-25
0
0
DERIV 5
-1.3991577179493954100e-9
3.634028384930615736e-27
0
0
DERIV 6
1.0921554966536338713e-10
2.7429016677267044976e-27
0
0
DERIV 7
-7.552316474351331526e-12
5.493884954887272889e-28
0
0
DERIV 8
4.726507816905854113e-13
-1.6062627039340107565e-29
0
0
DERIV 9
-2.7215236934293060535e-14
-1.7955670034840807221e-31
0
0
DERIV 10
1.4607237430213338316e-15
6.052742013612346303e-32
0
0
DERIV 11
-7.386094884699499204e-17
3.452047130045795858e-33
0
0
DERIV 12
3.549414631423956036e-18
2.006228774321255204e-34
0
0
DERIV 13
-1.6329503880042783787e-19
9.659860170441766585e-36
0
0
DERIV 14
7.236717581119198067e-21
7.783252801569315965e-38
0
0
DERIV 15
-3.105472799928882390e-22
-1.9762783343626955086e-39
0
0
DERIV 16
1.2961297781550485448e-23
-2.8704116712984226792e-40
0
0
DERIV 17
-5.281069320376008361e-25
1.4758877296011545056e-41
0
0
DERIV 18
2.1071896833618242926e-26
-2.3634917549467677543e-43
0
0
DERIV 19
-8.254970526268536652e-28
7.444181881698166879e-44
0
0
DERIV 20
3.181752039603810204e-29
8.766392486786131559e-46
0
0
DERIV 21
-1.2085551741315341941e-30
5.926558822553640304e-47
0
0
DERIV 22
4.529353621670960653e-32
2.5288936175377839383e-48
0
0
DERIV 23
-1.6761246844018341326e-33
9.344911211485846894e-50
0
0
DERIV 24
6.126452599197528016e-35
4.234387431297290732e-51
0
0
DERIV 25
-2.2113412769700586445e-36
4.664122024809869132e-53
0
0
DERIV 26
7.875769742453865235e-38
3.279655919628998079e-56
0
0
DERIV 27
-2.7632764278147969218e-39
-1.1907227071756697239e-55
0
0
DERIV 28
9.525112762651668783e-41
5.401847250519206652e-57
0
0
DERIV 29
-3.211508786279959079e-42
2.0970619587573312645e-58
0
0
DERIV 30
1.0514059576121521219e-43
-8.173806101046048439e-62
0
0
DERIV 31
-3.300153744160616358e-45
-1.3837612384901005414e-61
0
0
DERIV 32
9.691232430056943311e-47
-2.0945957279709190529e-63
0
0
DERIV 33
-2.5170587404436203722e-48
-5.661456623610576675e-65
0
0
DERIV 34
4.799324840273412025e-50
9.106795284039675559e-67
0
0
DERIV 35
1.2530282963182200154e-52
-1.1206578089884763306e-69
0
0
AT 47/2
9.713333827612178476e-6
-6.217538783012685960e-22
0
0
DERIV 1
-3.883677873922575017e-6
-3.925283367251669007e-22
0
0
DERIV 2
7.987677835411011670e-7
-4.615567231266577611e-23
0
0
DERIV 3
-1.1277355137982909536e-7
1.3639661549610872799e-24
0
0
DERIV 4
1.2306186239560636688e-8
7.470823790936884068e-25
0
0
DERIV 5
-1.1080555037784458636e-9
6.999223244278942098e-26
0
0
DERIV 6
8.582339225828818089e-11
6.353502304548869033e-27
0
0
DERIV 7
-5.886179349750133996e-12
-1.2799988993461656053e-28
0
0
DERIV 8
3.651955425935889336e-13
-6.365431475025989219e-30
0
0
DERIV 9
-2.0836465038943372925e-14
1.4700502949774983984e-31
0
0
DERIV 10
1.1076412173681525161e-15
6.095917739741914932e-32
0
0
DERIV 11
-5.544426513015865072e-17
-9.501496064097321449e-34
0
0
DERIV 12
2.6363478547818935835e-18
1.2391909100086001044e-34
0
0
DERIV 13
-1.1995583650158927016e-19
-1.2075973833354311076e-36
0
0
DERIV 14
5.255311086276447940e-21
-6.989814929520809392e-38
0
0
DERIV 15
-2.228487284414276655e-22
-1.2964738273315401347e-38
0
0
DERIV 16
9.187316559515578319e-24
2.2080549751117190354e-40
0
0
DERIV 17
-3.696331512734171971e-25
-7.266988999035340813e-42
0
0
DERIV 18
1.4559150890887530673e-26
-5.989457771428043757e-43
0
0
DERIV 19
-5.629039824290268150e-28
2.586162555249879595e-44
0
0
DERIV 20
2.1409621712137784983e-29
-7.181693749104105687e-47
0
0
DERIV 21
-8.024396328918591884e-31
-7.991954720476853322e-49
0
0
DERIV 22
2.967673583926466824e-32
1.1643474740993461473e-48
0
0
DERIV 23
-1.0839654062130133172e-33
5.893228235634679244e-50
0
0
DERIV 24
3.912238493689827879e-35
1.4551402014093691300e-51
0
0
DERIV 25
-1.3952979898445334728e-36
2.327103701553328005e-53
0
0
DERIV 26
4.915169541069781030e-38
-5.396163702960075742e-56
0
0
DERIV 27
-1.7082915643877647876e-39
6.047455418226738536e-56
0
0
DERIV 28
5.846416472189006128e-41
-1.8043293194444523990e-57
0
0
DERIV 29
-1.9639786024040811972e-42
1.1393952765288739977e-58
0
0
DERIV 30
6.442696943629720265e-44
-1.4558979742433571591e-60
0
0
DERIV 31
-2.0462931276803021405e-45
1.3765847549345149415e-61
0
0
DERIV 32
6.197716521119365339e-47
-3.747388121127778283e-63
0
0
DERIV 33
-1.7363151434018110622e-48
-8.682277305880491064e-65
0
0
DERIV 34
4.171787482622082518e-50
6.110259185999607097e-67
0
0
DERIV 35
-6.331618816708558522e-52
-1.995516073506738384e-68
0
0
AT 24
7.957825948910797549e-6
6.779958903620194133e-22
0
0
DERIV 1
-3.163667957943072090e-6
1.2334690356472479728e-22
0
0
DERIV 2
6.467584171777254364e-7
3.423827713792338761e-24
0
0
DERIV 3
-9.072902244871832935e-8
5.067457987274711666e-24
0
0
DERIV 4
9.833652349786302622e-9
7.603478544928731414e-25
0
0
DERIV 5
-8.790871487882404067e-10
1.5261303174446217775e-26
0
0
DERIV 6
6.757312427746179976e-11
3.0503218140070318495e-27
0
0
DERIV 7
-4.597392115635695158e-12
-3.151261173286176340e-29
0
0
DERIV 8
2.828258490139918695e-13
-1.1464242988146255404e-29
0
0
DERIV 9
-1.5993166412797407426e-14
-1.4882232704146601465e-30
0
0
DERIV 10
8.422180458333304378e-16
-2.497289400317350209e-32
0
0
DERIV 11
-4.174402588973539418e-17
2.2007993160687517478e-33
0
0
DERIV 12
1.9644963143177213723e-18
-1.0011785106061669924e-34
0
0
DERIV 13
-8.842663685876023183e-20
3.984236619910138788e-36
0
0
DERIV 14
3.830738466913302990e-21
2.604460782650340598e-37
0
0
DERIV 15
-1.6055932305419051815e-22
3.513650161052168852e-39
0
0
DERIV 16
6.540146004032401838e-24
-3.0271585056797353240e-40
0
0
DERIV 17
-2.598914174459612990e-25
-8.704257856879624227e-42
0
0
DERIV 18
1.0107619831195383671e-26
-3.885883463493124425e-44
0
0
DERIV 19
-3.857746397023167337e-28
-2.1404056232777533008e-44
0
0
DERIV 20
1.4481705379972025901e-29
1.3985577932159650716e-45
0
0
DERIV 21
-5.356678987498279163e-31
-2.837976700165723538e-48
0
0
DERIV 22
1.9551368073636134593e-32
7.929080225485746876e-49
0
0
DERIV 23
-7.048776715836717681e-34
-1.5923961404231521870e-50
0
0
DERIV 24
2.511822668386394368e-35
1.4015552705493051264e-51
0
0
DERIV 25
-8.849379505164867131e-37
-6.414087513704221126e-53
0
0
DERIV 26
3.081788417749583627e-38
-1.3976023287488230460e-54
0
0
DERIV 27
-1.0601028954372012163e-39
4.821408189988601876e-56
0
0
DERIV 28
3.597040507256845476e-41
-7.450760619469115064e-58
0
0
DERIV 29
-1.2011243319122522276e-42
3.132144484217206668e-59
0
0
DERIV 30
3.932465343923601399e-44
-2.3015843287945807390e-60
0
0
DERIV 31
-1.2548161633648137813e-45
-7.692301011883844585e-62
0
0
DERIV 32
3.863371303166807696e-47
8.839104260937146953e-64
0
0
DERIV 33
-1.1268072690107262625e-48
-3.443777793086730895e-65
0
0
DERIV 34
2.995485568140574833e-50
2.7741400664158744455e-67
0
0
DERIV 35
-6.531429821571226284e-52
2.448083470459325393e-68
0
0
AT 49/2
6.526928599213361049e-6
9.167536621814308502e-23
0
0
DERIV 1
-2.580302011909580699e-6
-1.7640393398572753572e-22
0
0
DERIV 2
5.243769552406925183e-7
-3.314302985932618973e-23
0
0
DERIV 3
-7.310008488797658738e-8
2.4615140004193710663e-24
0
0
DERIV 4
7.870397152932301046e-9
8.139768909637454156e-25
0
0
DERIV 5
-6.986439069526298388e-10
3.593524935988716394e-27
0
0
DERIV 6
5.330458322134060274e-11
1.9118409830139684703e-27
0
0
DERIV 7
-3.5982085679797131513e-12
-5.827074690728211767e-30
0
0
DERIV 8
2.1952797482441212562e-13
-8.750205904236644357e-30
0
0
DERIV 9
-1.2305756791198788130e-14
7.235064176851763971e-31
0
0
DERIV 10
6.421042139538196208e-16
-1.0475100650556299463e-32
0
0
DERIV 11
-3.151992166246898417e-17
8.922215715412043553e-34
0
0
DERIV 12
1.4684371352737369334e-18
-7.313634324239680229e-35
0
0
DERIV 13
-6.540444731480270933e-20
-1.5081288246758637391e-36
0
0
DERIV 14
2.8024583622828282730e-21
-1.7209326318695933615e-37
0
0
DERIV 15
-1.1613035293080150739e-22
4.267352332433778020e-39
0
0
DERIV 16
4.675024580172231277e-24
-2.6953150233243859075e-40
0
0
DERIV 17
-1.8353639295755375065e-25
-1.1431853393165820690e-41
0
0
DERIV 18
7.049834092248448051e-27
-2.5959945543406771537e-43
0
0
DERIV 19
-2.656755538293993651e-28
6.016484725410572651e-46
0
0
DERIV 20
9.845557945697960241e-30
-4.049762593614482482e-46
0
0
DERIV 21
-3.594723448659054277e-31
-8.190001916816142794e-48
0
0
DERIV 22
1.2950331798546812997e-32
-1.0171762001160964324e-48
0
0
DERIV 23
-4.608741377378003258e-34
-1.5861841049334020017e-50
0
0
DERIV 24
1.6214769234904118439e-35
-7.611867366901165757e-52
0
0
DERIV 25
-5.642209515877139978e-37
-2.099522654532166636e-53
0
0
DERIV 26
1.9418289319874749932e-38
-8.096578791283864434e-55
0
0
DERIV 27
-6.607169349641225987e-40
-1.5500325120563427454e-56
0
0
DERIV 28
2.2204676532370830966e-41
1.8639751918070073523e-58
0
0
DERIV 29
-7.358114304915276117e-43
-1.3062284530455516660e-59
0
0
DERIV 30
2.397752533260722907e-44
-1.7659960316636815891e-60
0
0
DERIV 31
-7.650574225450588170e-46
6.299255407277078080e-62
0
0
DERIV 32
2.373662639202776525e-47
-1.0637104060388604919e-63
0
0
DERIV 33
-7.076494364649179609e-49
1.5174384310874429691e-65
0
0
DERIV 34
1.9822560633653363211e-50
4.999576214197451526e-67
0
0
DERIV 35
-4.963200456238787726e-52
-2.743995669928075632e-68
0
0
AT 25
5.359205194264929321e-6
3.109104135937083305e-22
0
0
DERIV 1
-2.107023633623950277e-6
-1.4796221004087655143e-22
0
0
DERIV 2
4.257068231689035923e-7
6.707516493379247184e-24
0
0
DERIV 3
-5.898014136776219550e-8
3.2697365082279741442e-24
0
0
DERIV 4
6.308851419511177516e-9
-4.984967846172862187e-26
0
0
DERIV 5
-5.561761264774396397e-10
2.4241132606132402036e-26
0
0
DERIV 6
4.212633151532123272e-11
-3.0611535778673919931e-27
0
0
DERIV 7
-2.8218323524926236008e-12
1.0451561650475668088e-28
0
0
DERIV 8
1.7076856846040254296e-13
3.0888025953362076183e-30
0
0
DERIV 9
-9.491008736215399383e-15
6.290033056799973099e-31
0
0
DERIV 10
4.908006374794327114e-16
-5.795746834309776732e-33
0
0
DERIV 11
-2.3866476761773881772e-17
-7.448446795505921468e-34
0
0
DERIV 12
1.1009574792964039966e-18
7.757638001241282314e-35
0
0
DERIV 13
-4.853392920878538417e-20
-2.792919237881682337e-37
0
0
DERIV 14
2.0573882518497966968e-21
-1.3864333802817494811e-37
0
0
DERIV 15
-8.431118867860745815e-23
6.434232870538511124e-40
0
0
DERIV 16
3.355208469491702863e-24
3.1870694162109275872e-40
0
0
DERIV 17
-1.3016701721869933651e-25
1.3153813029225035100e-42
0
0
DERIV 18
4.939286256703036853e-27
2.4355434338972267278e-43
0
0
DERIV 19
-1.8383432832747454143e-28
-4.445151389491877645e-45
0
0
DERIV 20
6.726851350500929604e-30
4.291512691780494336e-46
0
0
DERIV 21
-2.424756803635418999e-31
1.8768404875349417189e-47
0
0
DERIV 22
8.623484123865072303e-33
-3.396438562513393046e-50
0
0
DERIV 23
-3.029641643460974525e-34
-1.9927967035031199943e-50
0
0
DERIV 24
1.0524060764267266448e-35
-1.9340742987305710550e-52
0
0
DERIV 25
-3.616619868814116791e-37
-6.578837799170873364e-54
0
0
DERIV 26
1.2298191339190871082e-38
3.378312839043186720e-56
0
0
DERIV 27
-4.137343454374005323e-40
3.514615718564817560e-56
0
0
DERIV 28
1.3761591234182731848e-41
-1.0105353401982359559e-57
0
0
DERIV 29
-4.520191872587858217e-43
-3.639270582869540312e-60
0
0
DERIV 30
1.4632566712757759263e-44
9.093311047374129492e-61
0
0
DERIV 31
-4.653676743495120854e-46
3.063563595960066456e-63
0
0
DERIV 32
1.4468810529693147872e-47
5.169805013896945141e-64
0
0
DERIV 33
-4.362312770432562394e-49
-1.0131790864802261958e-65
0
0
DERIV 34
1.2574951336088267341e-50
5.676302234923308944e-67
0
0
DERIV 35
-3.371068053544876213e-52
-4.916457559531380298e-69
0
0
AT 51/2
4.405125125111337350e-6
-1.0217450356309283944e-22
0
0
DERIV 1
-1.7225636954126883723e-6
-1.5411515477819980881e-23
0
0
DERIV 2
3.460423818224260065e-7
-2.0215332841549034117e-23
0
0
DERIV 3
-4.765344894116759699e-8
1.8945950126759939278e-24
0
0
DERIV 4
5.064750622569808400e-9
2.170643157550736227e-25
0
0
DERIV 5
-4.434874141517639691e-10
-3.661607947790593203e-27
0
0
DERIV 6
3.335175512294931997e-11
-3.106023826551352173e-28
0
0
DERIV 7
-2.2172813932993499586e-12
-1.6185307374437396204e-28
0
0
DERIV 8
1.3312049159451870876e-13
2.8752047301042504056e-30
0
0
DERIV 9
-7.336939723655447832e-15
-7.504465998338934835e-31
0
0
DERIV 10
3.760869298587307635e-16
7.724518194992885176e-34
0
0
DERIV 11
-1.8120291147602149611e-17
1.3391676082505513680e-33
0
0
DERIV 12
8.278551707395589904e-19
-3.188676304386687855e-35
0
0
DERIV 13
-3.612862945070603729e-20
-1.5059728422646093070e-36
0
0
DERIV 14
1.5155280960617406659e-21
3.150437265048941724e-38
0
0
DERIV 15
-6.143286167033497930e-23
4.656945827038492552e-40
0
0
DERIV 16
2.4173418743964064642e-24
1.4894809522056973906e-41
0
0
DERIV 17
-9.269783746187704872e-26
4.976584846656129649e-43
0
0
DERIV 18
3.475718813722187041e-27
2.0183331696426769620e-43
0
0
DERIV 19
-1.2779040148985394706e-28
8.391722510687669969e-45
0
0
DERIV 20
4.618224571984141440e-30
5.881470896516264106e-47
0
0
DERIV 21
-1.6437970303737189764e-31
6.545302799966441657e-48
0
0
DERIV 22
5.772101767565977540e-33
-2.9502191711399742581e-49
0
0
DERIV 23
-2.002178574091520684e-34
-2.0995714400805683237e-50
0
0
DERIV 24
6.867302165136861765e-36
3.1673637876388028602e-52
0
0
DERIV 25
-2.330661432459426011e-37
-8.720798824370227334e-55
0
0
DERIV 26
7.829571310725247159e-39
3.040602430539681116e-56
0
0
DERIV 27
-2.6035716084696477174e-40
8.746488370686517163e-57
0
0
DERIV 28
8.566656860724443011e-42
4.656340534244926586e-58
0
0
DERIV 29
-2.7867338805710799292e-43
-9.577263412272434850e-60
0
0
DERIV 30
8.949248313507354932e-45
-5.640263053342612991e-61
0
0
DERIV 31
-2.8305831610842398085e-46
-1.0846402001548509441e-62
0
0
DERIV 32
8.786056409432487275e-48
5.429101660780554403e-64
0
0
DERIV 33
-2.6610853882932342554e-49
5.908210141494381851e-66
0
0
DERIV 34
7.790431927648650453e-51
-1.0587291823765495316e-67
0
0
DERIV 35
-2.1673543540915503320e-52
-5.592021115722007592e-69
0
0
AT 26
3.624700383979865513e-6
-4.805900764515002621e-23
0
0
DERIV 1
-1.4098615957935955067e-6
2.0242375861870501620e-23
0
0
DERIV 2
2.816348434972683271e-7
-8.133582463673057520e-24
0
0
DERIV 3
-3.855391347427265757e-8
-2.1997734743277363117e-24
0
0
DERIV 4
4.071955264626925381e-9
-1.8621353170977089816e-25
0
0
DERIV 5
-3.541959752317052177e-10
1.7148120462568431631e-26
0
0
DERIV 6
2.6450761834721067873e-11
7.368203106741078192e-28
0
0
DERIV 7
-1.7455447516314329817e-12
-6.776102896709283454e-29
0
0
DERIV 8
1.0398573665533909546e-13
6.303083795946618152e-30
0
0
DERIV 9
-5.684417340023662540e-15
1.7788732870208936469e-31
0
0
DERIV 10
2.888826794551334602e-16
-1.9618824717201929244e-32
0
0
DERIV 11
-1.3793639990490697062e-17
-3.481052934069330383e-34
0
0
DERIV 12
6.242613567336066167e-19
-3.382926230803912513e-35
0
0
DERIV 13
-2.6976241149024033406e-20
8.884638257934787335e-37
0
0
DERIV 14
1.1200435234544562162e-21
-6.363646974829681649e-38
0
0
DERIV 15
-4.492018157431371863e-23
-1.5368365280095760496e-39
0
0
DERIV 16
1.7481781789043884779e-24
-1.6164541024801857434e-40
0
0
DERIV 17
-6.627834717743412294e-26
-1.5704229556728504500e-42
0
0
DERIV 18
2.4561895511468782705e-27
-1.3839501094100296376e-43
0
0
DERIV 19
-8.922925401415726686e-29
-9.915190639426105058e-46
0
0
DERIV 20
3.185453581583196961e-30
1.0788280604176108086e-46
0
0
DERIV 21
-1.1198223826671563459e-31
-1.0462691579290227543e-47
0
0
DERIV 22
3.883139888086994787e-33
-5.277428708244691114e-50
0
0
DERIV 23
-1.3300678470624932187e-34
-5.355993211675258033e-51
0
0
DERIV 24
4.504940972885554475e-36
8.722708228262442542e-54
0
0
DERIV 25
-1.5099686956356337128e-37
-3.340248990337335140e-54
0
0
DERIV 26
5.010956113414679779e-39
6.568618518562605302e-56
0
0
DERIV 27
-1.6467322811974625649e-40
3.104287163527188858e-57
0
0
DERIV 28
5.358006046801127102e-42
-1.5986944404005399105e-58
0
0
DERIV 29
-1.7251082181335244978e-43
-1.2507732973759930674e-60
0
0
DERIV 30
5.490370407280752920e-45
-1.8545765260756820331e-61
0
0
DERIV 31
-1.7242872273176807764e-46
-2.712206579900445127e-63
0
0
DERIV 32
5.329382330845835630e-48
2.7766764406649373159e-64
0
0
DERIV 33
-1.6143658391319295892e-49
-2.1366263541841130044e-66
0
0
DERIV 34
4.761205734686807604e-51
1.8847391675076862552e-67
0
0
DERIV 35
-1.3520427854069518791e-52
-9.063362493148585202e-69
0
0
AT 53/2
2.985602886404366687e-6
-4.845349180679214422e-23
0
0
DERIV 1
-1.1552121211083278877e-6
-3.555552470653994368e-23
0
0
DERIV 2
2.2949285723359195338e-7
-1.2771426277173443975e-23
0
0
DERIV 3
-3.123300958121610032e-8
2.0004525216092620812e-24
0
0
DERIV 4
3.278452393849094814e-9
1.5760823382600402660e-25
0
0
DERIV 5
-2.833224851940605689e-10
1.5769704853586048926e-26
0
0
DERIV 6
2.1013170081854573366e-11
5.360921201134102620e-28
0
0
DERIV 7
-1.3766980585952929822e-12
4.424203939023770734e-29
0
0
DERIV 8
8.138957346041625852e-14
-1.3651716183792909974e-30
0
0
DERIV 9
-4.413638096084036894e-15
-1.1679708304814763638e-31
0
0
DERIV 10
2.224196375920287493e-16
2.2503630012709397436e-32
0
0
DERIV 11
-1.0526752430088784026e-17
-5.121118750478823864e-34
0
0
DERIV 12
4.720286616173406452e-19
-1.2863980994910959189e-35
0
0
DERIV 13
-2.0201956021855630610e-20
-8.493961349606895576e-37
0
0
DERIV 14
8.303930021835516463e-22
2.1786842952696188224e-38
0
0
DERIV 15
-3.295785106426667223e-23
2.0452439158994766671e-39
0
0
DERIV 16
1.2688512544847005467e-24
7.123671755662092414e-41
0
0
DERIV 17
-4.757215568418844697e-26
-2.4249224478626423179e-42
0
0
DERIV 18
1.7428480344996451764e-27
-1.2940890590763028559e-43
0
0
DERIV 19
-6.257430197749595746e-29
-4.310806530242283584e-45
0
0
DERIV 20
2.2072051187930999554e-30
8.994964014566572124e-47
0
0
DERIV 21
-7.665042463988143094e-32
-1.3365604768666106764e-48
0
0
DERIV 22
2.6252874193034319754e-33
-7.415051281168480859e-50
0
0
DERIV 23
-8.880906580353619394e-35
-8.760860439593492976e-52
0
0
DERIV 24
2.9706756113461177070e-36
-1.7045448223848964659e-53
0
0
DERIV 25
-9.834389541665162215e-38
-8.602463355468524486e-54
0
0
DERIV 26
3.223963606344467948e-39
1.4911333120895262254e-55
0
0
DERIV 27
-1.0469278842310221321e-40
-6.295153092338909691e-57
0
0
DERIV 28
3.367667332864542751e-42
-4.884355078907683501e-59
0
0
DERIV 29
-1.0727056620395360464e-43
-6.252763478021421312e-61
0
0
DERIV 30
3.381001097316673271e-45
-2.3143563405367214543e-61
0
0
DERIV 31
-1.0530966087429751471e-46
4.074424272314257113e-63
0
0
DERIV 32
3.235035122406750753e-48
1.8182241814038398100e-64
0
0
DERIV 33
-9.771117507961779770e-50
-9.322127364037290622e-66
0
0
DERIV 34
2.888006854939065939e-51
1.8733737413187261177e-67
0
0
DERIV 35
-8.289286822551776175e-53
-1.3070188587890935597e-69
0
0
AT 27
2.461662281292750625e-6
3.902086398525576691e-23
0
0
DERIV 1
-9.475895388113912784e-7
-5.232649923410829992e-23
0
0
DERIV 2
1.8722569913949839056e-7
3.473091332010821595e-26
0
0
DERIV 3
-2.5334752767517129035e-8
-1.0500139732655046907e-24
0
0
DERIV 4
2.643261918908872363e-9
-1.9212396715040599591e-26
0
0
DERIV 5
-2.2697399175498581627e-10
-2.4196812182103241818e-27
0
0
DERIV 6
1.6720884522249961235e-11
2.768597290664747956e-28
0
0
DERIV 7
-1.0877321648150112429e-12
-8.901769809428100616e-29
0
0
DERIV 8
6.382713693967305087e-14
-2.7632369232364049185e-30
0
0
DERIV 9
-3.4341552576514934801e-15
-1.5418532869567680737e-31
0
0
DERIV 10
1.7163776261332723793e-16
3.935054038455576075e-34
0
0
DERIV 11
-8.053383023410303683e-18
3.916898960893689853e-34
0
0
DERIV 12
3.578685250060574012e-19
3.0035856408006657289e-36
0
0
DERIV 13
-1.5172163969118471413e-20
1.1839810775253366261e-36
0
0
DERIV 14
6.175428756020213784e-22
-4.566628561106293339e-38
0
0
DERIV 15
-2.4260874710828924710e-23
-9.885133109465578528e-40
0
0
DERIV 16
9.241950816747285960e-25
6.449482407976321323e-41
0
0
DERIV 17
-3.427369209819078557e-26
2.4389288714397465666e-42
0
0
DERIV 18
1.2416040357905550276e-27
6.289416910145525300e-44
0
0
DERIV 19
-4.406649115476039260e-29
-2.0473351486467832395e-45
0
0
DERIV 20
1.5361464301966737732e-30
4.692254678475728491e-47
0
0
DERIV 21
-5.270943616900866581e-32
1.4046090106506588051e-48
0
0
DERIV 22
1.7834527698514249245e-33
4.077820180429301099e-50
0
0
DERIV 23
-5.959419989043788083e-35
2.5846589762559046053e-51
0
0
DERIV 24
1.9689864620554376036e-36
-6.156756687601919225e-53
0
0
DERIV 25
-6.438541221568635751e-38
5.070380874601882753e-54
0
0
DERIV 26
2.0851342891958895690e-39
1.3299596903312832616e-55
0
0
DERIV 27
-6.690586693785166065e-41
-1.1736811798935102748e-57
0
0
DERIV 28
2.1273597586386196915e-42
1.0135906321659398291e-58
0
0
DERIV 29
-6.701882175202225089e-44
2.562502039490143314e-60
0
0
DERIV 30
2.0908015754637676771e-45
-1.1410519245161856307e-62
0
0
DERIV 31
-6.453315177082313588e-47
-3.324703571123749742e-63
0
0
DERIV 32
1.9676780416110952916e-48
-9.362549777929051284e-66
0
0
DERIV 33
-5.913248909568564459e-50
-1.3378159831608961148e-66
0
0
DERIV 34
1.7453249097125702639e-51
9.377727498435247649e-69
0
0
DERIV 35
-5.031922904664383963e-53
2.755738572221772465e-69
0
0
AT 55/2
2.031665456517373668e-6
5.795124893062845888e-23
0
0
DERIV 1
-7.781111825936254886e-7
-2.3951801373578679201e-23
0
0
DERIV 2
1.5291973436974304696e-7
1.1395139770900595209e-23
0
0
DERIV 3
-2.0576133765861503108e-8
6.333107506317969594e-25
0
0
DERIV 4
2.134037693091716634e-9
-6.433050670337746515e-26
0
0
DERIV 5
-1.8210089041518788281e-10
1.3633405709463072600e-27
0
0
DERIV 6
1.3326694719025633032e-11
-7.896968196680195347e-28
0
0
DERIV 7
-8.609140825504456056e-13
-4.283105109857426223e-29
0
0
DERIV 8
5.014875123828481801e-14
1.3935498168010712307e-30
0
0
DERIV 9
-2.6775002655871911526e-15
1.8196980799576806462e-31
0
0
DERIV 10
1.3274305071696336454e-16
-9.193347302685231648e-33
0
0
DERIV 11
-6.175880804682322020e-18
1.6259928303870006903e-34
0
0
DERIV 12
2.720175654153276054e-19
-1.8615434772260234794e-35
0
0
DERIV 13
-1.1426301708904203767e-20
-2.916467903297810352e-37
0
0
DERIV 14
4.606212325850077045e-22
-4.189291584362659021e-38
0
0
DERIV 15
-1.7915949245750880991e-23
-1.0902427257770451461e-39
0
0
DERIV 16
6.754561160185179707e-25
-7.073186917947792458e-42
0
0
DERIV 17
-2.4782535293497855123e-26
5.509141336610110879e-44
0
0
DERIV 18
8.879329998840139298e-28
-8.962066679508270501e-44
0
0
DERIV 19
-3.115949195585433447e-29
1.6265036980747329043e-45
0
0
DERIV 20
1.0737068964555267307e-30
8.294421289564471602e-47
0
0
DERIV 21
-3.640954457042085096e-32
-4.820731943161709532e-49
0
0
DERIV 22
1.2172599883907017599e-33
4.749802758371272452e-50
0
0
DERIV 23
-4.018491939574126639e-35
1.2097463858819917766e-51
0
0
DERIV 24
1.3116153040849110894e-36
-7.222958897587412648e-53
0
0
DERIV 25
-4.236937042809075334e-38
-1.7663126990621380832e-54
0
0
DERIV 26
1.3555942385322958606e-39
3.426263748643431195e-56
0
0
DERIV 27
-4.297963916279963627e-41
-1.9238009696976868463e-57
0
0
DERIV 28
1.3507199257157869829e-42
-3.919271696840744511e-59
0
0
DERIV 29
-4.207606144184349478e-44
2.1876325459332811520e-60
0
0
DERIV 30
1.2987896990146728382e-45
-4.898551883621321521e-62
0
0
DERIV 31
-3.969968274012327882e-47
-2.0105026543187284620e-63
0
0
DERIV 32
1.2003056418120324145e-48
2.770969619447729086e-65
0
0
DERIV 33
-3.583418140327860205e-50
1.4135424155085118354e-66
0
0
DERIV 34
1.0535669687284764868e-51
1.7305766816583787318e-68
0
0
DERIV 35
-3.038428390523947277e-53
-7.190127787344422888e-70
0
0
AT 28
1.6783956704897612897e-6
-2.2632244716650440023e-23
0
0
DERIV 1
-6.396110285945115325e-7
3.915336793688264026e-23
0
0
DERIV 2
1.2504091415872094475e-7
1.6480119972544051503e-24
0
0
DERIV 3
-1.6731792751798651121e-8
-1.5086422535271792004e-24
0
0
DERIV 4
1.7252033514197025251e-9
-8.598684752328813029e-26
0
0
DERIV 5
-1.4630964685062479731e-10
8.820769230962358073e-27
0
0
DERIV 6
1.0638079803542990390e-11
2.690027279680496678e-28
0
0
DERIV 7
-6.825463737867102004e-13
4.132322663675507547e-29
0
0
DERIV 8
3.947395855930309035e-14
-5.515213193576676493e-31
0
0
DERIV 9
-2.0917060282456949770e-15
1.2125092406336867852e-32
0
0
DERIV 10
1.0288272304786156686e-16
2.4323188892187159976e-33
0
0
DERIV 11
-4.747070864511487326e-18
-2.260000158040038926e-34
0
0
DERIV 12
2.0727905434395907086e-19
2.8401690499934083617e-36
0
0
DERIV 13
-8.628426065668460002e-21
-3.062612299705435523e-37
0
0
DERIV 14
3.445678944750323874e-22
1.0240504909422697827e-39
0
0
DERIV 15
-1.3271394850170846110e-23
-2.6377866437736932562e-40
0
0
DERIV 16
4.952971343749110463e-25
-2.2055251335999859586e-41
0
0
DERIV 17
-1.7982881067379940168e-26
-1.4231204002777959941e-42
0
0
DERIV 18
6.373826846406269584e-28
-3.888491784222279849e-45
0
0
DERIV 19
-2.2120209854585186663e-29
5.042149417757610562e-46
0
0
DERIV 20
7.536128303527035593e-31
6.704543687445628300e-49
0
0
DERIV 21
-2.526044083183293651e-32
2.1223696851755883855e-48
0
0
DERIV 22
8.346193473614279109e-34
2.967695938426958183e-50
0
0
DERIV 23
-2.722595809471465316e-35
1.7932472301543243111e-51
0
0
DERIV 24
8.780094072419640012e-37
7.914845176022918478e-53
0
0
DERIV 25
-2.802209121964341601e-38
1.4858870289557716995e-54
0
0
DERIV 26
8.858235610153943731e-40
-3.696937899923116306e-56
0
0
DERIV 27
-2.775224155254081795e-41
-5.683006105168948625e-58
0
0
DERIV 28
8.620067082418877807e-43
-5.883036650603292304e-59
0
0
DERIV 29
-2.654831741503277270e-44
-4.478529752779582360e-61
0
0
DERIV 30
8.106133676095162637e-46
-2.542937185624878241e-62
0
0
DERIV 31
-2.452699214686239117e-47
-1.2865661897180779699e-63
0
0
DERIV 32
7.347994075741496051e-49
1.1727548555343503426e-66
0
0
DERIV 33
-2.176783436604083464e-50
-8.890272921683930847e-67
0
0
DERIV 34
6.363819998967862033e-52
-4.348829167888843114e-69
0
0
DERIV 35
-1.8305364814094317552e-53
1.2868881192921779323e-70
0
0
AT 57/2
1.3878623247090218467e-6
1.0351416369724676576e-22
0
0
DERIV 1
-5.263001567065714634e-7
-1.8834388542864278648e-23
0
0
DERIV 2
1.0235768497749976548e-7
9.798659507416246980e-25
0
0
DERIV 3
-1.3621991609226662186e-8
6.849547010279832612e-25
0
0
DERIV 4
1.3965006813817857907e-9
-8.305868067985420430e-26
0
0
DERIV 5
-1.1771815320343664002e-10
-1.0191047469373177059e-26
0
0
DERIV 6
8.504806972644931027e-12
2.284781601363992321e-28
0
0
DERIV 7
-5.420256535717882778e-13
-2.4293522089124314405e-29
0
0
DERIV 8
3.112688492578422610e-14
-1.7295818838517596839e-30
0
0
DERIV 9
-1.6372294844063218955e-15
-4.902420296040520424e-32
0
0
DERIV 10
7.990584239618194569e-17
5.040406566932167424e-33
0
0
DERIV 11
-3.657040940606344944e-18
3.772622608785699256e-34
0
0
DERIV 12
1.5833143307362102391e-19
-5.163749588758936528e-38
0
0
DERIV 13
-6.532667354576249879e-21
-3.409025436392593467e-37
0
0
DERIV 14
2.584770982063837253e-22
-1.8249822096436186940e-38
0
0
DERIV 15
-9.860436548710029881e-24
-5.958845277504796859e-40
0
0
DERIV 16
3.643562859762402641e-25
8.367003433006208035e-42
0
0
DERIV 17
-1.3093488875202769347e-26
1.1972286292312908832e-42
0
0
DERIV 18
4.591924471976557427e-28
2.0001859889432494384e-44
0
0
DERIV 19
-1.5763565340170170888e-29
-1.7291719815646973207e-46
0
0
DERIV 20
5.310899090679527657e-31
1.5021685765295129334e-47
0
0
DERIV 21
-1.7599988333231194664e-32
-1.3683900506480156759e-48
0
0
DERIV 22
5.748095729827631626e-34
-7.838069393475859832e-51
0
0
DERIV 23
-1.8531587565277307145e-35
2.1320144697250503570e-52
0
0
DERIV 24
5.905711393388028042e-37
-2.982027279106185167e-53
0
0
DERIV 25
-1.8624715743462132456e-38
-6.549754940144734628e-55
0
0
DERIV 26
5.817699077150006217e-40
-3.165084564037657406e-56
0
0
DERIV 27
-1.8011376896423018230e-41
4.478837818450633358e-58
0
0
DERIV 28
5.529316898469835700e-43
-1.5793519323442791138e-59
0
0
DERIV 29
-1.6835374324708124071e-44
2.0062900034855266274e-61
0
0
DERIV 30
5.083879293320805342e-46
-2.633584259599613521e-62
0
0
DERIV 31
-1.5221849259987430132e-47
-2.7539175499329009011e-64
0
0
DERIV 32
4.516278432725765663e-49
-6.796812672192908517e-66
0
0
DERIV 33
-1.3264908342360897332e-50
8.371252786280262075e-67
0
0
DERIV 34
3.851037972176069380e-52
-2.746519405518831732e-68
0
0
DERIV 35
-1.1025964610823611925e-53
-6.535348994907433121e-70
0
0
AT 29
1.1486826500207580949e-6
-2.784993568024815317e-23
0
0
DERIV 1
-4.334959647615316229e-7
-1.5942829939294420248e-23
0
0
DERIV 2
8.387993161763427840e-8
3.674771942372100980e-24
0
0
DERIV 3
-1.1103156897351432809e-8
4.095992924589221627e-25
0
0
DERIV 4
1.1318569488767002234e-9
7.980061606247422272e-26
0
0
DERIV 5
-9.484376814740206926e-11
-1.5555024144102143838e-27
0
0
DERIV 6
6.809412636960698506e-12
2.347611284269307991e-28
0
0
DERIV 7
-4.311262678254829067e-13
-1.1003567772618892141e-29
0
0
DERIV 8
2.4587513796735231650e-14
-2.728896762202227556e-31
0
0
DERIV 9
-1.2839069683019293179e-15
8.026229491063830563e-32
0
0
DERIV 10
6.218633232017653166e-17
2.8736710028925717715e-33
0
0
DERIV 11
-2.8234725537428975079e-18
1.5785683808515186707e-34
0
0
DERIV 12
1.2122767773914537777e-19
-1.1111507703186065385e-35
0
0
DERIV 13
-4.958490268785964956e-21
-8.939574593378721064e-38
0
0
DERIV 14
1.9442396492827095389e-22
-3.485522464781145094e-39
0
0
DERIV 15
-7.347502854456284141e-24
9.506918074440729653e-41
0
0
DERIV 16
2.688666447720900072e-25
-2.1116328525084010600e-41
0
0
DERIV 17
-9.565107128184667617e-27
5.982163009946499240e-43
0
0
DERIV 18
3.319838337503241983e-28
-1.6338747793596738822e-44
0
0
DERIV 19
-1.1275535140946980458e-29
-5.174371259952124148e-46
0
0
DERIV 20
3.757461186874298881e-31
1.6935368383645248908e-47
0
0
DERIV 21
-1.2313399170122348814e-32
-4.099109573518785908e-49
0
0
DERIV 22
3.975923313853396746e-34
3.140673991259089426e-50
0
0
DERIV 23
-1.2670687706570801462e-35
-1.0138392428583828943e-51
0
0
DERIV 24
3.990951115703506853e-37
-1.3887557380176436875e-53
0
0
DERIV 25
-1.2438670713556525989e-38
-1.0578327894387525356e-54
0
0
DERIV 26
3.839747343987054478e-40
4.027252964512853078e-59
0
0
DERIV 27
-1.1748423815669594927e-41
6.168931840016440226e-58
0
0
DERIV 28
3.5647737203845702168e-43
9.081219305745313504e-60
0
0
DERIV 29
-1.0729923053974644882e-44
2.7264225811783760626e-61
0
0
DERIV 30
3.2041761612432828388e-46
1.5938894012490555928e-62
0
0
DERIV 31
-9.491430120937778294e-48
2.2603579281258147816e-64
0
0
DERIV 32
2.7878221969208262216e-49
-5.712424423484008760e-66
0
0
DERIV 33
-8.113279260311087220e-51
-1.8299406138710305788e-67
0
0
DERIV 34
2.3368017456658629919e-52
1.3598458599886862539e-69
0
0
DERIV 35
-6.649476315052570148e-54
-2.2923459344653079046e-71
0
0
AT 59/2
9.515846362462772485e-7
3.726490998023321920e-23
0
0
DERIV 1
-3.574058799168175587e-7
6.804482717293402016e-25
0
0
DERIV 2
6.881053828904579599e-8
-5.832897276011501563e-24
0
0
DERIV 3
-9.060430577533145590e-9
-3.467310400823481163e-25
0
0
DERIV 4
9.184993604615379599e-10
-2.2956186829856494378e-26
0
0
DERIV 5
-7.651647125207000143e-11
-4.552831373206293082e-27
0
0
DERIV 6
5.459879390668935395e-12
1.6564970351468628685e-28
0
0
DERIV 7
-3.434539420202426255e-13
-1.9871765672411800733e-29
0
0
DERIV 8
1.9454854379986376553e-14
-7.854340405398497244e-31
0
0
DERIV 9
-1.0086742635072666132e-15
8.371420543926424430e-32
0
0
DERIV 10
4.849173030567991821e-17
1.4730494443036401404e-33
0
0
DERIV 11
-2.1845426610083444942e-18
-7.875861209721713250e-35
0
0
DERIV 12
9.303157293300294185e-20
-4.182895410048583338e-37
0
0
DERIV 13
-3.772912282073390474e-21
8.014337042672170418e-38
0
0
DERIV 14
1.4663027027017633996e-22
-5.665225133096935915e-39
0
0
DERIV 15
-5.490480370757097779e-24
1.1169170452433396069e-40
0
0
DERIV 16
1.9900225743875033844e-25
8.973038019276746166e-42
0
0
DERIV 17
-7.010035673642118121e-27
-2.5426447838075700987e-43
0
0
DERIV 18
2.408363334059021191e-28
1.9472985349892547667e-44
0
0
DERIV 19
-8.094505766499108602e-30
-6.163613650363283080e-46
0
0
DERIV 20
2.668571119169210119e-31
-4.926550755952219542e-48
0
0
DERIV 21
-8.649429687175691118e-33
4.413568612285569073e-49
0
0
DERIV 22
2.761719795087906638e-34
-2.6620536528523833962e-51
0
0
DERIV 23
-8.701521425077535625e-36
-6.127822066524011130e-52
0
0
DERIV 24
2.709333058834850437e-37
2.1492880509034779149e-54
0
0
DERIV 25
-8.346549132283196139e-39
1.5505653581882057808e-55
0
0
DERIV 26
2.5465934292739813604e-40
-1.4342402254813182199e-56
0
0
DERIV 27
-7.701258134894244728e-42
-3.367513800700167039e-58
0
0
DERIV 28
2.3097687719080841609e-43
-5.318574610620107116e-60
0
0
DERIV 29
-6.873067548663384773e-45
-2.364086297354383893e-62
0
0
DERIV 30
2.0295133952065151253e-46
6.894235199849418962e-63
0
0
DERIV 31
-5.946812120028080855e-48
4.266527109100525318e-64
0
0
DERIV 32
1.7286873439638096245e-49
8.459530714547170522e-66
0
0
DERIV 33
-4.982606898727817172e-51
2.2606596129835038332e-67
0
0
DERIV 34
1.4227297169211564482e-52
-7.674536047445272062e-69
0
0
DERIV 35
-4.019146521099652755e-54
2.4961220256149977612e-70
0
0
AT 30
7.890068748096938673e-7
-1.1350052808419888283e-23
0
0
DERIV 1
-2.949543389344549437e-7
2.0314300490611080681e-23
0
0
DERIV 2
5.650689735575686990e-8
1.6863478236250785515e-24
0
0
DERIV 3
-7.401791875559610137e-9
-4.039696320620163734e-25
0
0
DERIV 4
7.462614160392549998e-10
-1.4171832625591083248e-26
0
0
DERIV 5
-6.181135894490307005e-11
-4.731037919224392449e-27
0
0
DERIV 6
4.383989703347372557e-12
-6.705624526129464925e-29
0
0
DERIV 7
-2.740280679416126952e-13
1.1333805526315146424e-29
0
0
DERIV 8
1.5419029004054628490e-14
-3.484921145232054600e-31
0
0
DERIV 9
-7.938545460038098646e-16
-4.913147883810732008e-32
0
0
DERIV 10
3.788556719328342377e-17
-5.248955142856098406e-34
0
0
DERIV 11
-1.6936958764048547493e-18
1.0816745229740191441e-35
0
0
DERIV 12
7.155255841587285645e-20
-1.4703781659193888738e-36
0
0
DERIV 13
-2.8776768773375795037e-21
4.421703811002412924e-38
0
0
DERIV 14
1.1086915487758404402e-22
-2.5753646508036620078e-39
0
0
DERIV 15
-4.114076801565046223e-24
1.2962762273460723953e-40
0
0
DERIV 16
1.4772411044688119953e-25
-9.577152990328804853e-42
0
0
DERIV 17
-5.153542837138843620e-27
-1.8937299589046291048e-43
0
0
DERIV 18
1.7529392614081783413e-28
-2.997832187885965948e-45
0
0
DERIV 19
-5.831344332507422159e-30
-6.074971007388269303e-47
0
0
DERIV 20
1.9022767375813386080e-31
5.535718574566959249e-48
0
0
DERIV 21
-6.099472115347495076e-33
-1.6396390164516995643e-49
0
0
DERIV 22
1.926190471128732784e-34
7.972286546165569697e-51
0
0
DERIV 23
-6.001334542260658390e-36
1.2922948704721226208e-52
0
0
DERIV 24
1.8474857996647936934e-37
8.084599863674890279e-54
0
0
DERIV 25
-5.626541002908630217e-39
2.2578043024803427308e-55
0
0
DERIV 26
1.6969873204737924304e-40
-2.3849698548022715782e-57
0
0
DERIV 27
-5.072887918529437029e-42
1.4391154892090840324e-58
0
0
DERIV 28
1.5040134971400361033e-43
-7.167895137636171438e-60
0
0
DERIV 29
-4.424536693047127847e-45
2.4976347949024449582e-61
0
0
DERIV 30
1.2918812105632182150e-46
4.523664902381983780e-64
0
0
DERIV 31
-3.744132367878214306e-48
4.884056351999860340e-65
0
0
DERIV 32
1.0769546476143829270e-49
9.359386917193020546e-66
0
0
DERIV 33
-3.073269717622395743e-51
1.0451409673462225906e-67
0
0
DERIV 34
8.695103734211775893e-53
3.010119926405998385e-69
0
0
DERIV 35
-2.4365411641940679906e-54
-6.269694609652158900e-71
0
0
AT 61/2
6.547759818482072229e-7
-3.018389953121403283e-23
0
0
DERIV 1
-2.436441778642664559e-7
2.0702553189499001179e-23
0
0
DERIV 2
4.645027415625824626e-8
-1.8391993384912317561e-25
0
0
DERIV 3
-6.053410927160906337e-9
-2.0581866591612823704e-25
0
0
DERIV 4
6.070385597968215914e-10
-3.080600238895859655e-26
0
0
DERIV 5
-4.999606904191514244e-11
2.7451101089922462891e-27
0
0
DERIV 6
3.5249629869049284331e-12
1.2840108061310716094e-28
0
0
DERIV 7
-2.1896159516840022494e-13
-3.996610652706726688e-30
0
0
DERIV 8
1.2240066623769182865e-14
6.949853712676207536e-31
0
0
DERIV 9
-6.258693019195471519e-16
3.831785983436969107e-32
0
0
DERIV 10
2.965454803956800276e-17
2.1455970625864558445e-33
0
0
DERIV 11
-1.3157824509520133820e-18
-1.5941062499909495671e-35
0
0
DERIV 12
5.515179956064270908e-20
1.2203373713310998052e-36
0
0
DERIV 13
-2.1999686376392134266e-21
-1.5364500770945816892e-37
0
0
DERIV 14
8.403876693373331931e-23
3.308644933079620066e-39
0
0
DERIV 15
-3.0909497978319208364e-24
6.282644070112160448e-41
0
0
DERIV 16
1.0997160562441301614e-25
-3.471442940709394730e-42
0
0
DERIV 17
-3.800212088040558201e-27
-1.9299160596168010743e-44
0
0
DERIV 18
1.2800005307466083312e-28
-1.0148388976650181258e-44
0
0
DERIV 19
-4.215301425345773344e-30
4.874081988339853024e-47
0
0
DERIV 20
1.3609235243121931271e-31
-7.299018351756849740e-48
0
0
DERIV 21
-4.317627405564774261e-33
7.561526888327376302e-50
0
0
DERIV 22
1.3488031987257993646e-34
8.094907684313407131e-51
0
0
DERIV 23
-4.156323368543175563e-36
-1.1758120223981513902e-52
0
0
DERIV 24
1.2652723747984125995e-37
-9.883119588888325040e-54
0
0
DERIV 25
-3.810047081765947379e-39
3.1041305202986612802e-55
0
0
DERIV 26
1.1360958846170622748e-40
1.6304437361258668880e-57
0
0
DERIV 27
-3.357531611221608966e-42
-2.7919095318106017867e-58
0
0
DERIV 28
9.841200008942822999e-44
-8.272171288566400680e-60
0
0
DERIV 29
-2.862360536586942275e-45
-2.9302738804964638917e-61
0
0
DERIV 30
8.264156192838619466e-47
2.534198901492339824e-63
0
0
DERIV 31
-2.3688777451865395564e-48
-1.1122995373699280874e-65
0
0
DERIV 32
6.741342849149028485e-50
2.8505063899373088643e-67
0
0
DERIV 33
-1.9041796725585925568e-51
-1.0985145381559307194e-67
0
0
DERIV 34
5.336029714230171759e-53
8.925450871608327461e-70
0
0
DERIV 35
-1.4823016329715908118e-54
1.0312750210819636667e-70
0
0
AT 31
5.438462160356010339e-7
2.859169264331826854e-23
0
0
DERIV 1
-2.0144542866985417443e-7
9.482803187651527623e-24
0
0
DERIV 2
3.822138666224136674e-8
1.2293783473302626819e-24
0
0
DERIV 3
-4.955969925554913055e-9
1.3174057253064501345e-25
0
0
DERIV 4
4.943602213605513087e-10
3.113408197044562778e-26
0
0
DERIV 5
-4.048975234844791327e-11
-2.980150062112423312e-29
0
0
DERIV 6
2.8380772295628534397e-12
1.8148017849347558011e-28
0
0
DERIV 7
-1.7521516398469670112e-13
-8.798941963287077418e-30
0
0
DERIV 8
9.731751989553118239e-15
-7.810430407984576007e-31
0
0
DERIV 9
-4.942651815998251241e-16
4.603538194799939576e-32
0
0
DERIV 10
2.3254081186267857050e-17
-2.559863022945497550e-34
0
0
DERIV 11
-1.0241966679004283012e-18
1.2610066275274770434e-35
0
0
DERIV 12
4.259989753131230451e-20
2.3826640969895032733e-36
0
0
DERIV 13
-1.6856694063452243394e-21
8.221536408450468199e-38
0
0
DERIV 14
6.385580052695397439e-23
-4.449134365601237002e-39
0
0
DERIV 15
-2.3282868671882807616e-24
-3.861901690028632570e-41
0
0
DERIV 16
8.209384101582718726e-26
-2.6727555126862905396e-42
0
0
DERIV 17
-2.8105328795733945237e-27
-3.817873947146119576e-45
0
0
DERIV 18
9.375881826049187530e-29
3.722246740730675483e-46
0
0
DERIV 19
-3.0572310707725982554e-30
-1.1941365831892187670e-46
0
0
DERIV 20
9.770458763276040233e-32
2.5361544035198745316e-48
0
0
DERIV 21
-3.0676133932547441110e-33
4.590145164914190899e-50
0
0
DERIV 22
9.481582172709561069e-35
4.486985888822036569e-51
0
0
DERIV 23
-2.8902274783562500811e-36
6.312821598348293493e-53
0
0
DERIV 24
8.702086533721593621e-38
2.0754712917019644922e-54
0
0
DERIV 25
-2.5913526610993612436e-39
2.965433299100227041e-56
0
0
DERIV 26
7.640532852988094532e-41
-1.0199447222899825421e-57
0
0
DERIV 27
-2.2326177649489413058e-42
5.863474797594910307e-59
0
0
DERIV 28
6.470246585136260956e-44
-2.1421740670971170791e-60
0
0
DERIV 29
-1.8607638581141319694e-45
1.4564515563627077997e-61
0
0
DERIV 30
5.312535576171925408e-47
-3.824058707342927257e-63
0
0
DERIV 31
-1.5061091255151034193e-48
1.0834228251525200259e-64
0
0
DERIV 32
4.240173275857160240e-50
4.634627700908552045e-67
0
0
DERIV 33
-1.1853054311655480039e-51
7.396508597729634817e-68
0
0
DERIV 34
3.288899111754327730e-53
-1.3244053827920067932e-69
0
0
DERIV 35
-9.052897114974391348e-55
2.9846442662513569909e-71
0
0
AT 63/2
4.520890273477738722e-7
-1.1814990047393360136e-23
0
0
DERIV 1
-1.6670597882208421079e-7
9.611968342757742679e-24
0
0
DERIV 2
3.148090975057531997e-8
2.2665318306200075279e-24
0
0
DERIV 3
-4.061745550800888871e-9
-3.869672071120497833e-25
0
0
DERIV 4
4.030527677456856102e-10
-7.016584710825954964e-27
0
0
DERIV 5
-3.283099435723213554e-11
-4.248355447019302081e-28
0
0
DERIV 6
2.2880476512771050556e-12
-1.8801836445639380848e-28
0
0
DERIV 7
-1.4040784469352065438e-13
-1.1747499982714900974e-29
0
0
DERIV 8
7.749296051417907111e-15
-5.927652625444163528e-32
0
0
DERIV 9
-3.909774910435084626e-16
-1.5244608432479543697e-33
0
0
DERIV 10
1.8267421484613283312e-17
-1.3518418345504775456e-33
0
0
DERIV 11
-7.987503444239744290e-19
-3.327907059842744487e-35
0
0
DERIV 12
3.297216526289877315e-20
-5.202357556832001060e-37
0
0
DERIV 13
-1.2944439661433380617e-21
3.596357129142022058e-38
0
0
DERIV 14
4.863444591099353680e-23
2.8504776017224596319e-39
0
0
DERIV 15
-1.7582266138026378330e-24
1.5453843785247523932e-40
0
0
DERIV 16
6.144801992376137074e-26
-3.795872865165813500e-42
0
0
DERIV 17
-2.0845510253539143184e-27
1.4407007800545180621e-43
0
0
DERIV 18
6.888658344327266479e-29
-1.8162661760121883844e-45
0
0
DERIV 19
-2.2244736233448324017e-30
-1.1391121708909167658e-46
0
0
DERIV 20
7.038418699485930109e-32
1.3626264493198020972e-48
0
0
DERIV 21
-2.1873314482906806629e-33
8.261839792184478558e-50
0
0
DERIV 22
6.690374964061580898e-35
-4.203761960173368846e-51
0
0
DERIV 23
-2.0177600074697399528e-36
6.579196857256530015e-53
0
0
DERIV 24
6.009694621288084131e-38
5.194441356630034396e-54
0
0
DERIV 25
-1.7700418161112227528e-39
5.901701993666611798e-56
0
0
DERIV 26
5.161302762169841988e-41
-2.689215740212140177e-57
0
0
DERIV 27
-1.4914038894401240423e-42
7.836386126060252364e-59
0
0
DERIV 28
4.273968040201897317e-44
6.776252793288344490e-61
0
0
DERIV 29
-1.2154465100192675340e-45
-5.462507252152572025e-62
0
0
DERIV 30
3.431694688866517512e-47
2.3034176729043101999e-63
0
0
DERIV 31
-9.622349339230589109e-49
7.060244859126185544e-65
0
0
DERIV 32
2.679878831412892706e-50
5.256341628545418891e-68
0
0
DERIV 33
-7.413081894565080775e-52
-2.472232741608441836e-68
0
0
DERIV 34
2.0362835853739649354e-53
-1.0770927983496802930e-69
0
0
DERIV 35
-5.551938994332235791e-55
-2.7863399055647987584e-71
0
0
AT 32
3.761227466932686915e-7
1.1026808448657612691e-23
0
0
DERIV 1
-1.3807969741371263867e-7
-3.1361089003358237878e-24
0
0
DERIV 2
2.5953888018552916047e-8
-3.153878174667885868e-25
0
0
DERIV 3
-3.332291459499837145e-9
1.5531457209626240427e-25
0
0
DERIV 4
3.289735978634062423e-10
-5.655110778653366297e-27
0
0
DERIV 5
-2.6652688175765905994e-11
-7.911649675868938001e-28
0
0
DERIV 6
1.8469886907384214266e-12
-1.4305412949941721801e-28
0
0
DERIV 7
-1.1267113819586427803e-13
-9.581329938477481844e-31
0
0
DERIV 8
6.179901819635218653e-15
2.493073876501529570e-31
0
0
DERIV 9
-3.097714012822600198e-16
-9.797066389715143468e-33
0
0
DERIV 10
1.4374944022620909010e-17
3.466006151082754706e-34
0
0
DERIV 11
-6.240881405582250744e-19
2.523713672611008359e-35
0
0
DERIV 12
2.5571319740149834299e-20
1.1795939126020111365e-36
0
0
DERIV 13
-9.961474666535640424e-22
4.922248724278624179e-38
0
0
DERIV 14
3.712640702884194639e-23
3.6664626498634713592e-40
0
0
DERIV 15
-1.3309973045193752782e-24
5.787412710740372735e-41
0
0
DERIV 16
4.611480523074583228e-26
6.273561052734431206e-43
0
0
DERIV 17
-1.5504044434643906164e-27
8.110576503144014653e-44
0
0
DERIV 18
5.076227491295864463e-29
-3.067241653027136396e-45
0
0
DERIV 19
-1.6236292080860582799e-30
-2.223487570690118944e-47
0
0
DERIV 20
5.087136558868590899e-32
9.181217824625492581e-49
0
0
DERIV 21
-1.5651088596856062988e-33
3.728920898619663346e-50
0
0
DERIV 22
4.738201272903946333e-35
-2.0536860674998806797e-51
0
0
DERIV 23
-1.4140886782635802625e-36
6.193364129320614501e-53
0
0
DERIV 24
4.167016992103005542e-38
-1.6000376823395668372e-54
0
0
DERIV 25
-1.2141030829394724813e-39
4.937628675396018324e-56
0
0
DERIV 26
3.501684509801152356e-41
1.2921662117439568298e-58
0
0
DERIV 27
-1.0007360058878573579e-42
-2.752558416621040120e-59
0
0
DERIV 28
2.836215082823571930e-44
-1.5393949225190322435e-60
0
0
DERIV 29
-7.976688586692784607e-46
1.1038031016602491399e-63
0
0
DERIV 30
2.227359887885178641e-47
-1.0238250464611924574e-63
0
0
DERIV 31
-6.177292125420324160e-49
2.325488671495807251e-65
0
0
DERIV 32
1.7019098070372005998e-50
-7.413442615592661936e-68
0
0
DERIV 33
-4.658312702872231269e-52
-7.567870729203062552e-69
0
0
DERIV 34
1.2665556465967092455e-53
1.0837558226682403967e-69
0
0
DERIV 35
-3.419719153421520698e-55
2.5564370320274515642e-71
0
0
AT 33
2.609687069497552314e-7
-2.3886290520474832099e-23
0
0
DERIV 1
-9.497582478190364400e-8
2.337282961420657619e-25
0
0
DERIV 2
1.7689829581576533972e-8
9.037389734658187324e-25
0
0
DERIV 3
-2.249605984749301256e-9
9.134150731345609424e-26
0
0
DERIV 4
2.1986788420975398370e-10
-1.7136546764997132260e-27
0
0
DERIV 5
-1.7626453429971980957e-11
1.0360915489256766606e-27
0
0
DERIV 6
1.2080596098236058156e-12
-4.400993386930630140e-29
0
0
DERIV 7
-7.284598744063237921e-14
-2.4768746353424983342e-30
0
0
DERIV 8
3.947336390947010776e-15
-2.390592178030260798e-31
0
0
DERIV 9
-1.9536520626799422069e-16
-1.1611294818908045233e-32
0
0
DERIV 10
8.946291167636331688e-18
-3.562023339303822027e-34
0
0
DERIV 11
-3.830508628082985881e-19
2.0246430006972603618e-35
0
0
DERIV 12
1.5469503499056148872e-20
4.551337911293260672e-37
0
0
DERIV 13
-5.936036308935034978e-22
-3.402610636078873914e-38
0
0
DERIV 14
2.1779205923659475088e-23
-1.0690558687841311331e-39
0
0
DERIV 15
-7.681753768952839815e-25
4.312840752409727870e-41
0
0
DERIV 16
2.616910139795133519e-26
-6.574726590220264241e-43
0
0
DERIV 17
-8.645796888460569195e-28
-4.314474157754862358e-44
0
0
DERIV 18
2.780137677188501865e-29
-1.2803094663748249951e-45
0
0
DERIV 19
-8.728510878192191884e-31
7.166870694779045713e-48
0
0
DERIV 20
2.683050938431100926e-32
-1.6319677416908369587e-48
0
0
DERIV 21
-8.094493635946401909e-34
4.323637855978648672e-50
0
0
DERIV 22
2.4018774450476499838e-35
-2.739033974481438835e-53
0
0
DERIV 23
-7.023052120648714852e-37
3.983122060366317371e-53
0
0
DERIV 24
2.0268666275962525606e-38
5.917418223772859507e-55
0
0
DERIV 25
-5.781837534154930590e-40
2.770848450148659945e-56
0
0
DERIV 26
1.6322273398497418308e-41
7.640460853145957403e-58
0
0
DERIV 27
-4.564832071910611187e-43
8.211396433553333331e-60
0
0
DERIV 28
1.2658509013063832387e-44
9.959851394864938312e-61
0
0
DERIV 29
-3.4831482812862998387e-46
-6.115250250039608290e-63
0
0
DERIV 30
9.515877382409760588e-48
5.026687867541396940e-65
0
0
DERIV 31
-2.5823159802707664300e-49
6.351943791346860596e-66
0
0
DERIV 32
6.962921468798552314e-51
5.447950999712876095e-67
0
0
DERIV 33
-1.8658402381122603654e-52
-5.470600328222294646e-70
0
0
DERIV 34
4.969087056352705275e-54
3.1223162147740913570e-71
0
0
DERIV 35
-1.3150749118445540663e-55
7.675380781112242225e-72
0
0
AT 34
1.8163648616963027440e-7
1.0000348175892300622e-23
0
0
DERIV 1
-6.554687596173062602e-8
-3.908383554676225875e-24
0
0
DERIV 2
1.2100649401461953428e-8
-7.638906245111418131e-25
0
0
DERIV 3
-1.5245817458207285420e-9
9.370867102891874056e-26
0
0
DERIV 4
1.4756035874633874432e-10
5.191254686497129858e-27
0
0
DERIV 5
-1.1709337660221509323e-11
-7.822536212563970897e-28
0
0
DERIV 6
7.939675279607657586e-13
4.457674028379710263e-30
0
0
DERIV 7
-4.734199227394471429e-14
-1.6302251694320087457e-30
0
0
DERIV 8
2.5353834577534254714e-15
-5.160583820220850669e-32
0
0
DERIV 9
-1.2395119098794765992e-16
1.0254871942890779635e-32
0
0
DERIV 10
5.603636312124948323e-18
2.695725212639281864e-34
0
0
DERIV 11
-2.367344028497186997e-19
-1.2340442645189407671e-35
0
0
DERIV 12
9.427797265525574700e-21
5.958370668664927915e-37
0
0
DERIV 13
-3.565397190344902063e-22
1.2342714365125505781e-38
0
0
DERIV 14
1.2884828921704117782e-23
2.7920041898296831615e-40
0
0
DERIV 15
-4.473740066865953199e-25
-3.072227650993669528e-41
0
0
DERIV 16
1.4994220707128425866e-26
1.3095795942474688539e-42
0
0
DERIV 17
-4.871021647891294973e-28
-2.929461863055538851e-44
0
0
DERIV 18
1.5392974363522270561e-29
2.6939479650905037004e-46
0
0
DERIV 19
-4.746863591338591559e-31
2.0354352022817098249e-47
0
0
DERIV 20
1.4324671688679984924e-32
5.546949900517702533e-49
0
0
DERIV 21
-4.240576140330080746e-34
1.6822886209947260794e-50
0
0
DERIV 22
1.2341526159527661641e-35
4.306849663181825798e-52
0
0
DERIV 23
-3.537895805047093684e-37
-1.7147714178031201458e-53
0
0
DERIV 24
1.0006454652257834568e-38
2.4929717265784678882e-55
0
0
DERIV 25
-2.7964677808764130764e-40
1.0650574565049192994e-56
0
0
DERIV 26
7.731901449654914418e-42
2.8615556633749010001e-58
0
0
DERIV 27
-2.1173212601931395330e-43
-1.2595886222817143886e-59
0
0
DERIV 28
5.748031206993326878e-45
-2.1616798140660404771e-61
0
0
DERIV 29
-1.5482018284445467982e-46
8.803348703405101826e-63
0
0
DERIV 30
4.139967433322453233e-48
-9.330474237686881122e-65
0
0
DERIV 31
-1.0996536483200386414e-49
-7.212922565912614166e-66
0
0
DERIV 32
2.902549096550050998e-51
-8.293714149433995060e-69
0
0
DERIV 33
-7.615356796056992890e-53
2.794507352278589661e-69
0
0
DERIV 34
1.9863572500851004021e-54
1.9520832249536186361e-71
0
0
DERIV 35
-5.151043973623256897e-56
-2.607791093427654151e-72
0
0
AT 35
1.2680227792697093896e-7
-3.825337286894457401e-24
0
0
DERIV 1
-4.538317601731491515e-8
-8.433708171171443778e-26
0
0
DERIV 2
8.306155039189979268e-9
-6.849947695605016510e-25
0
0
DERIV 3
-1.0370791016825494961e-9
2.3069588390463416053e-26
0
0
DERIV 4
9.942917569245245367e-11
1.9768240066293635537e-27
0
0
DERIV 5
-7.812040929120118404e-12
-4.141184946620930915e-28
0
0
DERIV 6
5.242279471795592834e-13
2.945261784768975434e-29
0
0
DERIV 7
-3.091995698528355110e-14
1.8059789392027854286e-30
0
0
DERIV 8
1.6371690855284491479e-15
1.4129465096280949815e-32
0
0
DERIV 9
-7.909231380425464521e-17
-4.837615956247785416e-33
0
0
DERIV 10
3.531487623043722137e-18
-3.191045134101082333e-34
0
0
DERIV 11
-1.4727159890714839209e-19
-3.876472987629348339e-36
0
0
DERIV 12
5.786283994444517284e-21
-1.8214874228743428610e-37
0
0
DERIV 13
-2.157688866600522140e-22
9.177999782763585887e-39
0
0
DERIV 14
7.684388273413532604e-24
4.665869280361275652e-40
0
0
DERIV 15
-2.627905648528421276e-25
2.4900683572768170955e-42
0
0
DERIV 16
8.670252718194305933e-27
-3.2505011122863577815e-43
0
0
DERIV 17
-2.771153816960441721e-28
1.8913075780344032537e-44
0
0
DERIV 18
8.611221692408229137e-30
-1.5482092585014075969e-46
0
0
DERIV 19
-2.609914390575603763e-31
2.0536379232528778045e-47
0
0
DERIV 20
7.736872465418170670e-33
-3.664941694717518691e-49
0
0
DERIV 21
-2.248851441756546931e-34
3.833621312058085611e-51
0
0
DERIV 22
6.423404555049918850e-36
-4.607121286900781101e-52
0
0
DERIV 23
-1.8064264794405497833e-37
-3.085908045846841217e-54
0
0
DERIV 24
5.010338851120614950e-39
1.6844580364006608444e-55
0
0
DERIV 25
-1.3726408806364541638e-40
2.621561865437517191e-57
0
0
DERIV 26
3.719286051050078071e-42
9.812748535127313478e-59
0
0
DERIV 27
-9.978629278954010534e-44
-3.501811532562207993e-60
0
0
DERIV 28
2.6535005075799777831e-45
-1.4267382603012888402e-61
0
0
DERIV 29
-6.999560916501812119e-47
-4.478995880472585013e-63
0
0
DERIV 30
1.8328832882156243784e-48
-6.724145607596269110e-65
0
0
DERIV 31
-4.767237457743767410e-50
-1.0040541131648867263e-66
0
0
DERIV 32
1.2321731136003497531e-51
-6.245839053850969758e-68
0
0
DERIV 33
-3.165964770048168980e-53
1.1463336523116155502e-69
0
0
DERIV 34
8.088697956897269940e-55
-5.773017178833889586e-71
0
0
DERIV 35
-2.055181401863544089e-56
-7.649934987200058751e-74
0
0
AT 36
8.878028985138354111e-8
2.0327087447165698691e-25
0
0
DERIV 1
-3.152050539859073502e-8
9.504331251225631484e-25
0
0
DERIV 2
5.720629623710686202e-9
3.442737544708256662e-25
0
0
DERIV 3
-7.079950093477487900e-10
-6.814265981728447924e-27
0
0
DERIV 4
6.725552369456552020e-11
-5.457618360636485373e-27
0
0
DERIV 5
-5.233450290407569181e-12
1.4891099907571415488e-28
0
0
DERIV 6
3.476637993340651589e-13
9.339742155314740379e-30
0
0
DERIV 7
-2.0290511457546056235e-14
-8.127887539317289656e-32
0
0
DERIV 8
1.0625633968957560481e-15
4.625267347099145286e-34
0
0
DERIV 9
-5.074450606352811197e-17
-2.7866553794788148451e-33
0
0
DERIV 10
2.2386521858069515948e-18
8.113626273974426757e-35
0
0
DERIV 11
-9.219305829716300338e-20
-2.8482688327281687959e-36
0
0
DERIV 12
3.575210784020101312e-21
-2.427687037511423258e-37
0
0
DERIV 13
-1.3151739649955508699e-22
-5.999202717850978677e-39
0
0
DERIV 14
4.618112844349955246e-24
9.248375029521656539e-41
0
0
DERIV 15
-1.5563029685499973071e-25
9.637331331213882160e-43
0
0
DERIV 16
5.057254809886693346e-27
-3.0323804698311671228e-43
0
0
DERIV 17
-1.5911631521694467104e-28
7.986439368377705710e-45
0
0
DERIV 18
4.864815400987301438e-30
-1.9179689319308642853e-46
0
0
DERIV 19
-1.4499652565375845866e-31
8.932146922231602449e-48
0
0
DERIV 20
4.224895055721592666e-33
-2.1183985374592064804e-49
0
0
DERIV 21
-1.2065031620097696701e-34
9.042184523460984752e-51
0
0
DERIV 22
3.384217624207988986e-36
1.1780152937964607962e-52
0
0
DERIV 23
-9.342392377089692627e-38
5.140542241860277352e-54
0
0
DERIV 24
2.5426226036707339562e-39
-1.1253711489091060870e-55
0
0
DERIV 25
-6.832739426106188209e-41
-3.144770728896508354e-57
0
0
DERIV 26
1.8154401778302428940e-42
1.2197883747766369884e-59
0
0
DERIV 27
-4.774802372131386926e-44
3.650803136893276442e-60
0
0
DERIV 28
1.2444036034970258740e-45
7.180480315745853157e-62
0
0
DERIV 29
-3.216510514279133041e-47
1.2186137261771414761e-63
0
0
DERIV 30
8.251944264656755759e-49
1.8858599818485550066e-65
0
0
DERIV 31
-2.1025837782294687657e-50
4.518809045625978013e-67
0
0
DERIV 32
5.323605695438524776e-52
3.628065039316574000e-70
0
0
DERIV 33
-1.3399793701697559364e-53
6.808009714421561753e-70
0
0
DERIV 34
3.354054453232685641e-55
-3.4063170118960478042e-71
0
0
DERIV 35
-8.350620566902934734e-57
1.4491556312158311359e-73
0
0
AT 37
6.233476952781658148e-8
-3.904850330598873544e-24
0
0
DERIV 1
-2.1958424321450307102e-8
-4.717863517541265336e-25
0
0
DERIV 2
3.952660112047895453e-9
-3.915447351299451854e-25
0
0
DERIV 3
-4.850088141992254306e-10
3.667130132171203505e-27
0
0
DERIV 4
4.566148833490654704e-11
2.9131101985232970920e-27
0
0
DERIV 5
-3.5199342742882958721e-12
-1.5589225615362983357e-28
0
0
DERIV 6
2.315500704398648602e-13
-2.3922710620994135092e-29
0
0
DERIV 7
-1.3375971161729050661e-14
8.518194671856291958e-33
0
0
DERIV 8
6.930037306481662205e-16
1.0614396245300659425e-32
0
0
DERIV 9
-3.272757023485069297e-17
-1.9048800107881854159e-33
0
0
DERIV 10
1.4270714582829795430e-18
-8.317374129352127954e-35
0
0
DERIV 11
-5.806006270217525414e-20
3.053915058090459498e-36
0
0
DERIV 12
2.2232242084522005044e-21
1.7968640421547036189e-37
0
0
DERIV 13
-8.071357974725317352e-23
-5.831235683978147819e-39
0
0
DERIV 14
2.7956809281291188822e-24
-2.766252450572599329e-41
0
0
DERIV 15
-9.288686566302319058e-26
-5.414784001265251309e-42
0
0
DERIV 16
2.9743384200429338139e-27
-1.7914307540585419455e-43
0
0
DERIV 17
-9.216925513740648992e-29
3.957433415015253214e-45
0
0
DERIV 18
2.7740704934844182774e-30
-1.5351125124640906270e-46
0
0
DERIV 19
-8.135369761027536369e-32
-2.7199877877185511119e-48
0
0
DERIV 20
2.3313057268680248025e-33
4.669031903464374030e-50
0
0
DERIV 21
-6.544522250340253802e-35
-3.622915186453500739e-51
0
0
DERIV 22
1.8037873937957324802e-36
7.405541709276452580e-53
0
0
DERIV 23
-4.890848415218482169e-38
3.394550907219553585e-54
0
0
DERIV 24
1.3068920465535788690e-39
5.835661992608982569e-56
0
0
DERIV 25
-3.446905695969798373e-41
1.8327854819323049238e-57
0
0
DERIV 26
8.985694623493245763e-43
7.638275182658131393e-59
0
0
DERIV 27
-2.318105501749040685e-44
1.8371567814534846006e-60
0
0
DERIV 28
5.924280347855719975e-46
-1.2437550721793969295e-62
0
0
DERIV 29
-1.5012775538892990004e-47
4.379527493800697850e-64
0
0
DERIV 30
3.775348103443562282e-49
1.988839756305901708e-65
0
0
DERIV 31
-9.428032054325132511e-51
3.437348622725985489e-67
0
0
DERIV 32
2.3393970534913085148e-52
1.4590772454014998707e-68
0
0
DERIV 33
-5.770491194179799929e-54
4.156042083960348778e-70
0
0
DERIV 34
1.4155110142652811789e-55
-3.322671763078461902e-72
0
0
DERIV 35
-3.454069449414979738e-57
7.909890766871320683e-74
0
0
AT 38
4.388635689402215396e-8
-9.088901313989498840e-25
0
0
DERIV 1
-1.5341783326220068409e-8
6.531059463327624383e-25
0
0
DERIV 2
2.739613899456500788e-9
-1.8219063788970449773e-28
0
0
DERIV 3
-3.333631399556619846e-10
6.673081459609776604e-27
0
0
DERIV 4
3.111157718734651699e-11
-1.4275344206947743631e-27
0
0
DERIV 5
-2.3765102504745376051e-12
-9.745159160940125730e-29
0
0
DERIV 6
1.5484804583137771495e-13
4.570902648007296347e-30
0
0
DERIV 7
-8.856413772257614192e-15
7.594475384999989414e-31
0
0
DERIV 8
4.540983552749015810e-16
-3.962753914401868826e-33
0
0
DERIV 9
-2.1213596016314732587e-17
-1.8500636790388663227e-34
0
0
DERIV 10
9.146011601362843400e-19
6.824493320836759090e-36
0
0
DERIV 11
-3.677426040847226912e-20
-1.0446740438277830687e-36
0
0
DERIV 12
1.3909817390311124572e-21
-5.339773645412671083e-38
0
0
DERIV 13
-4.985917176285246873e-23
4.167246602567623400e-41
0
0
DERIV 14
1.7042494256965512357e-24
8.997367349716152262e-41
0
0
DERIV 15
-5.585127655858335915e-26
-4.489856664367326013e-42
0
0
DERIV 16
1.7631490576208659800e-27
-1.2989640776543283679e-43
0
0
DERIV 17
-5.383848823787538852e-29
1.0379279312871280861e-45
0
0
DERIV 18
1.5959657998861515579e-30
3.084024181058613987e-47
0
0
DERIV 19
-4.607634474397564774e-32
-9.011642661799272931e-49
0
0
DERIV 20
1.2992577044652671053e-33
-7.601792678868259288e-50
0
0
DERIV 21
-3.587374229054267597e-35
2.2601786169689896871e-51
0
0
DERIV 22
9.720796323866342325e-37
4.734183749754765294e-54
0
0
DERIV 23
-2.590254630201739690e-38
-9.553992180441300698e-55
0
0
DERIV 24
6.799448680815251765e-40
-1.8129424248001152555e-56
0
0
DERIV 25
-1.7611002018531945984e-41
-4.841894187914829304e-58
0
0
DERIV 26
4.506961956585762507e-43
-2.443489389317020172e-59
0
0
DERIV 27
-1.1410712540466348194e-44
-4.957516043943374005e-61
0
0
DERIV 28
2.8611856156390425679e-46
-1.8606216792428979493e-62
0
0
DERIV 29
-7.112143685610006169e-48
-2.4482609980709993347e-64
0
0
DERIV 30
1.7540402249329981993e-49
-3.985457144030640288e-67
0
0
DERIV 31
-4.295139710024940052e-51
-4.191745607329589729e-68
0
0
DERIV 32
1.0449188751373568745e-52
-4.495131911945606555e-69
0
0
DERIV 33
-2.5268648109824927757e-54
9.939203479806778987e-71
0
0
DERIV 34
6.076627340303641641e-56
-3.641607362419784357e-72
0
0
DERIV 35
-1.4536964176603323651e-57
1.0054547830088289048e-73
0
0
AT 39
3.097970581963578443e-8
-2.998203815319018592e-25
0
0
DERIV 1
-1.0749210645676417249e-8
4.218284221437169435e-25
0
0
DERIV 2
1.904577566494125858e-9
1.6757733930104520850e-25
0
0
DERIV 3
-2.2987119573385432359e-10
-1.2238137564382453916e-26
0
0
DERIV 4
2.1271066697443811443e-11
1.4065763554755315866e-27
0
0
DERIV 5
-1.6104355393819461583e-12
1.3141314630659776948e-29
0
0
DERIV 6
1.0396224240381606070e-13
1.1700356399163290984e-30
0
0
DERIV 7
-5.888678145412601478e-15
-1.9566330289529572801e-31
0
0
DERIV 8
2.988944374810513157e-16
-2.2846728492498198187e-32
0
0
DERIV 9
-1.3816650755771260535e-17
-7.181002486989264707e-34
0
0
DERIV 10
5.891807376411415041e-19
2.898148288229553031e-35
0
0
DERIV 11
-2.3420302495501335588e-20
2.925940477691841283e-37
0
0
DERIV 12
8.753901112706094914e-22
4.989170189152942214e-38
0
0
DERIV 13
-3.099231800588544243e-23
-2.0789097638028507398e-39
0
0
DERIV 14
1.0458423506051733742e-24
7.567562055310646534e-42
0
0
DERIV 15
-3.382085890109652925e-26
2.1004055124315616325e-42
0
0
DERIV 16
1.0530611016403326115e-27
6.362925656430146308e-44
0
0
DERIV 17
-3.170050779319238254e-29
-2.6725738587966241217e-45
0
0
DERIV 18
9.259850104882017438e-31
9.589865243573292238e-48
0
0
DERIV 19
-2.633098650303186470e-32
-7.195708076025616919e-49
0
0
DERIV 20
7.309699772923089797e-34
3.840677082569310306e-50
0
0
DERIV 21
-1.9861325663111999736e-35
-6.712447004982614062e-52
0
0
DERIV 22
5.293949058245910206e-37
1.3025147433730802038e-54
0
0
DERIV 23
-1.3870550730693204277e-38
-9.986979124486528320e-55
0
0
DERIV 24
3.5787728710787910804e-40
-1.3393347845777860667e-57
0
0
DERIV 25
-9.107503893207722152e-42
5.394550265586984674e-58
0
0
DERIV 26
2.2893405967478354928e-43
1.9443573682489870376e-59
0
0
DERIV 27
-5.691390229876340694e-45
-2.5225918949559119612e-61
0
0
DERIV 28
1.4009120673254416150e-46
-7.232623800424504706e-63
0
0
DERIV 29
-3.417573424388955227e-48
3.0329672511006628268e-64
0
0
DERIV 30
8.270209261453644217e-50
1.7524577586514161500e-66
0
0
DERIV 31
-1.9867157538103036911e-51
-8.670026541438360029e-68
0
0
DERIV 32
4.740892193473158846e-53
-2.775318018755519374e-69
0
0
DERIV 33
-1.1244314081772364584e-54
-1.6032077974971277232e-71
0
0
DERIV 34
2.651914792297836528e-56
2.1835497846436363588e-72
0
0
DERIV 35
-6.221699655259720309e-58
-3.1756217328724571898e-74
0
0
AT 40
2.1924960535086353053e-8
-1.2143878770391109379e-24
0
0
DERIV 1
-7.552052185639514742e-9
5.150357115105971381e-25
0
0
DERIV 2
1.3279296924036988154e-9
1.0251612886511061538e-25
0
0
DERIV 3
-1.5900249871364971273e-10
-5.167068823111254388e-27
0
0
DERIV 4
1.4591517025546573230e-11
5.843042750561067879e-28
0
0
DERIV 5
-1.0951888267243917066e-12
8.325093055839780820e-29
0
0
DERIV 6
7.006360740415760685e-14
-1.6394570664369444182e-30
0
0
DERIV 7
-3.931305574775683048e-15
7.770761852951370335e-32
0
0
DERIV 8
1.9758973080123514634e-16
-1.6351287226760797901e-33
0
0
DERIV 9
-9.040597877434148523e-18
7.110252107518600288e-34
0
0
DERIV 10
3.814225333555270293e-19
2.7380568560999110997e-36
0
0
DERIV 11
-1.4994265781563069461e-20
1.1682268078620059195e-36
0
0
DERIV 12
5.540094985488666306e-22
3.867722189694614869e-38
0
0
DERIV 13
-1.9380175974890810287e-23
1.3222735078795086424e-39
0
0
DERIV 14
6.458939729417320240e-25
-8.329916763313906911e-42
0
0
DERIV 15
-2.0619266342270407753e-26
2.9979811533752381277e-43
0
0
DERIV 16
6.334871862907225814e-28
2.954107933632464285e-44
0
0
DERIV 17
-1.8808284978984153350e-29
-7.693674425540061077e-47
0
0
DERIV 18
5.416149166433461802e-31
2.356656118699690854e-47
0
0
DERIV 19
-1.5176283780011642512e-32
1.1864547650942579922e-48
0
0
DERIV 20
4.149745955204612237e-34
-6.690689299563289672e-51
0
0
DERIV 21
-1.1101226485226627325e-35
-4.953178392529668509e-52
0
0
DERIV 22
2.912101002972186521e-37
1.3791720914697956197e-53
0
0
DERIV 23
-7.506103678326440321e-39
-1.0993892055539480639e-55
0
0
DERIV 24
1.9045279702247745694e-40
-3.183800847963115109e-57
0
0
DERIV 25
-4.764660297439108738e-42
2.8750788846535021324e-58
0
0
DERIV 26
1.1770067124928470903e-43
3.283336386862276890e-60
0
0
DERIV 27
-2.874681853870552432e-45
1.0091269188192953227e-61
0
0
DERIV 28
6.949654004824623979e-47
-3.534666739780187723e-63
0
0
DERIV 29
-1.6647183345109787578e-48
-1.2182414578630818929e-64
0
0
DERIV 30
3.954687128460222170e-50
-1.0906370844815670916e-66
0
0
DERIV 31
-9.324365999297502224e-52
5.595184965365806092e-68
0
0
DERIV 32
2.183537615304231616e-53
1.9927486375827624574e-69
0
0
DERIV 33
-5.081528560677133082e-55
-1.5535315311056009665e-71
0
0
DERIV 34
1.1758211336872111163e-56
6.225523281897525232e-73
0
0
DERIV 35
-2.7063716382086559456e-58
7.229016306596351751e-75
0
0
AT 41
1.5555398192553634630e-8
1.9305816755820718259e-25
0
0
DERIV 1
-5.319915807490940466e-9
-3.878735702670782944e-25
0
0
DERIV 2
9.284930302681552251e-10
2.860429430738722651e-26
0
0
DERIV 3
-1.1031429339782259731e-10
4.204827838153943695e-28
0
0
DERIV 4
1.0041698885315038438e-11
-7.535026190879355597e-28
0
0
DERIV 5
-7.473490835827567801e-13
2.642221757654448561e-29
0
0
DERIV 6
4.739122249233622708e-14
2.7868395357918831322e-30
0
0
DERIV 7
-2.6348190455968571515e-15
-7.682994201882362995e-32
0
0
DERIV 8
1.3116541711964618472e-16
-7.812724426084409982e-33
0
0
DERIV 9
-5.941835202838414900e-18
-3.844239357668664198e-34
0
0
DERIV 10
2.480968560966544311e-19
-1.4406725020928612586e-35
0
0
DERIV 11
-9.648294961451228040e-21
5.735934219363883139e-37
0
0
DERIV 12
3.525076962655939916e-22
-8.809027018260431382e-39
0
0
DERIV 13
-1.2188435373337744617e-23
6.597412103246539051e-40
0
0
DERIV 14
4.013295590984060518e-25
-1.9010495265237673764e-42
0
0
DERIV 15
-1.2652386035443320847e-26
-3.4157013386003100995e-43
0
0
DERIV 16
3.837122767826443728e-28
-1.6193449359359439055e-44
0
0
DERIV 17
-1.1240758691215570262e-29
-6.494586117834465248e-46
0
0
DERIV 18
3.192472108254658344e-31
1.0030080518667324198e-47
0
0
DERIV 19
-8.818729750578404991e-33
4.003790433356282903e-49
0
0
DERIV 20
2.376204137706868331e-34
6.310616411446650806e-51
0
0
DERIV 21
-6.261477916748750469e-36
6.158774401740725947e-52
0
0
DERIV 22
1.6172731880958684979e-37
-8.340360603035953552e-54
0
0
DERIV 23
-4.102950492496061608e-39
-2.2899973393584248989e-55
0
0
DERIV 24
1.0242705289239858480e-40
-2.641412555960483436e-57
0
0
DERIV 25
-2.5203080945576210803e-42
2.048471844895893440e-59
0
0
DERIV 26
6.121423533930341145e-44
1.2992955536966279490e-61
0
0
DERIV 27
-1.4695414667528554390e-45
-1.1989860765646247728e-61
0
0
DERIV 28
3.491005715290256878e-47
-1.6480745204913438108e-63
0
0
DERIV 29
-8.215060909370377574e-49
5.500501498139878198e-65
0
0
DERIV 30
1.9167403920985076265e-50
1.0509366880462196220e-66
0
0
DERIV 31
-4.437739960976121606e-52
-3.337616898633899594e-68
0
0
DERIV 32
1.0202748352283262051e-53
4.674304691126446495e-70
0
0
DERIV 33
-2.3307754206335353861e-55
-1.2923620786325040790e-71
0
0
DERIV 34
5.293540746454908128e-57
4.263445576734300885e-73
0
0
DERIV 35
-1.1957913986635700201e-58
-1.5336696419988396139e-75
0
0
AT 42
1.1063000353600577061e-8
-2.286038248779521252e-25
0
0
DERIV 1
-3.757175675197382161e-9
-2.442710285671584688e-25
0
0
DERIV 2
6.509858590698420253e-10
2.1129658922216496687e-27
0
0
DERIV 3
-7.675850850607711844e-11
-6.557564122984688107e-28
0
0
DERIV 4
6.932085128717379372e-12
-1.1206002272707597252e-28
0
0
DERIV 5
-5.116780293010117943e-13
4.265566938882025581e-29
0
0
DERIV 6
3.216895546954107587e-14
-2.5447973423128181670e-30
0
0
DERIV 7
-1.7725545196814754735e-15
-1.9006593224131097458e-32
0
0
DERIV 8
8.742122339614420143e-17
1.2155503794982739265e-33
0
0
DERIV 9
-3.921941635129094011e-18
8.062853755976139629e-35
0
0
DERIV 10
1.6211183008523221735e-19
9.456453564146124053e-36
0
0
DERIV 11
-6.238540642218588261e-21
-1.0232273050126529158e-37
0
0
DERIV 12
2.254564995119663819e-22
3.698358899941149084e-39
0
0
DERIV 13
-7.707682947859793913e-24
-6.452858162909027626e-40
0
0
DERIV 14
2.508284087816880933e-25
-9.465897081559668506e-42
0
0
DERIV 15
-7.812038471324622665e-27
-6.798412165837860965e-43
0
0
DERIV 16
2.339538408341645623e-28
-1.1002779355826443513e-44
0
0
DERIV 17
-6.765021706579914428e-30
-4.429495261010559255e-46
0
0
DERIV 18
1.8956909764437436370e-31
5.488603283142806855e-49
0
0
DERIV 19
-5.164558950548568131e-33
-1.6661021534157735830e-49
0
0
DERIV 20
1.3718943791045362572e-34
-1.0367236480579254464e-50
0
0
DERIV 21
-3.562463181782486533e-36
-1.3427731023976995591e-52
0
0
DERIV 22
9.064110587805320224e-38
-1.6175933401487460696e-54
0
0
DERIV 23
-2.2643505775000516892e-39
-1.3616991703946931675e-55
0
0
DERIV 24
5.564310684995944628e-41
4.216696358681537041e-57
0
0
DERIV 25
-1.3472571846897002001e-42
-3.236200610670225662e-59
0
0
DERIV 26
3.218905293859698072e-44
1.0301848537538155471e-60
0
0
DERIV 27
-7.599126924162861517e-46
-6.446298108898175749e-62
0
0
DERIV 28
1.7747399879773304041e-47
-1.1131900978955362718e-63
0
0
DERIV 29
-4.104716031346539388e-49
2.026952982195567605e-65
0
0
DERIV 30
9.410652086747733376e-51
-4.436096058057372341e-67
0
0
DERIV 31
-2.1404688294670776032e-52
3.807539067410545504e-69
0
0
DERIV 32
4.833620122328522760e-54
-4.515276574256326069e-71
0
0
DERIV 33
-1.0844095685381556856e-55
3.762136954537443491e-72
0
0
DERIV 34
2.4183450035826766078e-57
-2.2457243653268067987e-74
0
0
DERIV 35
-5.363656191720619054e-59
2.1664353651231997257e-75
0
0
AT 43
7.886502916122698196e-9
4.094516180442104507e-25
0
0
DERIV 1
-2.660128260728970387e-9
9.709303948020795903e-26
0
0
DERIV 2
4.576336882886044630e-10
-2.1808989793116246936e-26
0
0
DERIV 3
-5.356102396605860509e-11
-9.724591133967808805e-28
0
0
DERIV 4
4.799847318154994462e-12
3.038044660579682446e-28
0
0
DERIV 5
-3.514483784360735324e-13
1.5458897779619050428e-29
0
0
DERIV 6
2.1910782079406365855e-14
-1.2497798725610199129e-30
0
0
DERIV 7
-1.1968137818917185515e-15
5.282845788364527102e-33
0
0
DERIV 8
5.849180882884993564e-17
-3.529598601274253327e-33
0
0
DERIV 9
-2.5993880530559914015e-18
7.725381411035488458e-35
0
0
DERIV 10
1.0639298412962507759e-19
-1.1737897222490009031e-36
0
0
DERIV 11
-4.052679958910674442e-21
-1.7297124985077827368e-37
0
0
DERIV 12
1.4491473813973369318e-22
-1.1699248163446855685e-38
0
0
DERIV 13
-4.899941809356670775e-24
1.8775343906156299580e-40
0
0
DERIV 14
1.5764703625547678626e-25
-7.909890242289300987e-42
0
0
DERIV 15
-4.852201328704290310e-27
-1.6312512054868546014e-43
0
0
DERIV 16
1.4354652261870623222e-28
-5.497724362163903596e-45
0
0
DERIV 17
-4.098666653297075906e-30
7.251293464991459593e-48
0
0
DERIV 18
1.1336412997121033165e-31
3.256643357011357384e-48
0
0
DERIV 19
-3.0472049247201520569e-33
-6.043057329135014193e-50
0
0
DERIV 20
7.983211293321293137e-35
-3.825272855291303150e-52
0
0
DERIV 21
-2.0437488719874297255e-36
-9.837208877736587582e-53
0
0
DERIV 22
5.124582370742092223e-38
-1.5360118430326434746e-54
0
0
DERIV 23
-1.2611712705421572374e-39
5.066345283355947226e-56
0
0
DERIV 24
3.052007918270391144e-41
2.1873391665630163841e-57
0
0
DERIV 25
-7.274814353083071264e-43
4.908030759994448410e-59
0
0
DERIV 26
1.7105551484376616394e-44
9.199075316340818797e-62
0
0
DERIV 27
-3.972995846046343565e-46
3.540954037126563195e-62
0
0
DERIV 28
9.126220937643888088e-48
5.089452939234838680e-64
0
0
DERIV 29
-2.0755166894187182879e-49
-1.8104618325161269340e-65
0
0
DERIV 30
4.677824609103825326e-51
-2.5953195298725685539e-67
0
0
DERIV 31
-1.0457264598716799450e-52
-6.172532473759672464e-69
0
0
DERIV 32
2.3204948375310025937e-54
7.096229075710567875e-72
0
0
DERIV 33
-5.114754087428593632e-56
4.383060997571021700e-72
0
0
DERIV 34
1.1204910441575379779e-57
4.557520030917795122e-74
0
0
DERIV 35
-2.440937470436078830e-59
-7.969931689755235939e-76
0
0
AT 44
5.634916488619192051e-9
-2.165225284372979483e-25
0
0
DERIV 1
-1.887978276112488644e-9
1.5505786570421853596e-25
0
0
DERIV 2
3.225402939234294225e-10
1.9620125567274853509e-26
0
0
DERIV 3
-3.747672199687846979e-11
-1.5072021807533721342e-27
0
0
DERIV 4
3.3331666520458980684e-12
-9.631008748720041937e-29
0
0
DERIV 5
-2.421437095178829167e-13
-2.2193414327061018545e-29
0
0
DERIV 6
1.4973103788589131330e-14
1.5534807067185961125e-30
0
0
DERIV 7
-8.109206319027241769e-16
4.467475065173911854e-32
0
0
DERIV 8
3.928217895690881960e-17
-1.2746905993893035994e-33
0
0
DERIV 9
-1.7296849536271087947e-18
-7.904217826378714359e-35
0
0
DERIV 10
7.012080196689301711e-20
-1.4317536674039164352e-36
0
0
DERIV 11
-2.6445586197595947131e-21
1.1898381265579951658e-37
0
0
DERIV 12
9.359147587109115733e-23
-5.302371971554223373e-39
0
0
DERIV 13
-3.1308387913374010517e-24
-1.3101934900834874075e-40
0
0
DERIV 14
9.961683911237395987e-26
2.1306304110549937112e-42
0
0
DERIV 15
-3.0310464938444025438e-27
4.706780086847888037e-44
0
0
DERIV 16
8.860989363359291810e-29
4.208733643615103753e-45
0
0
DERIV 17
-2.4991755615552428708e-30
-4.947705771688221591e-47
0
0
DERIV 18
6.825336106215321854e-32
5.445889337095641018e-48
0
0
DERIV 19
-1.8108202146660173783e-33
-1.3384684460171690809e-49
0
0
DERIV 20
4.680690466647553623e-35
6.489442778853950901e-52
0
0
DERIV 21
-1.1818295056962546661e-36
4.641171434593765804e-53
0
0
DERIV 22
2.921601271852287942e-38
-2.2878656781322940037e-54
0
0
DERIV 23
-7.086248819755402746e-40
3.843343625157555317e-56
0
0
DERIV 24
1.6894982988810802040e-41
3.849033543091235177e-58
0
0
DERIV 25
-3.966245326875872154e-43
2.017454159233027577e-59
0
0
DERIV 26
9.182111211550675371e-45
5.933927542326547125e-61
0
0
DERIV 27
-2.0991364432443200649e-46
-6.454995448404520385e-64
0
0
DERIV 28
4.744685548920183473e-48
6.420124540370522700e-65
0
0
DERIV 29
-1.0615033866404980417e-49
-4.946557099296125218e-66
0
0
DERIV 30
2.3529407560011129560e-51
-3.334886598780400683e-68
0
0
DERIV 31
-5.172006508376323303e-53
1.5410583794650199319e-69
0
0
DERIV 32
1.1282534015102204276e-54
2.8434581717885496580e-71
0
0
DERIV 33
-2.444311709617902542e-56
-1.6942177063468101057e-72
0
0
DERIV 34
5.262312373102858019e-58
1.7458769687126446929e-74
0
0
DERIV 35
-1.1264248889637201357e-59
1.7920587003209835794e-76
0
0
AT 45
4.035107007179000046e-9
-2.248348817873950051e-25
0
0
DERIV 1
-1.3431214446538939168e-9
-1.4277645926824530084e-26
0
0
DERIV 2
2.2789629862172888299e-10
-1.2518216553783890043e-28
0
0
DERIV 3
-2.6292350123859339761e-11
-1.5673625419597412488e-27
0
0
DERIV 4
2.3212081482405853266e-12
1.4991389483629798200e-28
0
0
DERIV 5
-1.6733603939709994211e-13
-7.762193467293903197e-30
0
0
DERIV 6
1.0264851812952749767e-14
-4.276915222827213153e-31
0
0
DERIV 7
-5.513209914096138479e-16
1.7519098635743119005e-32
0
0
DERIV 8
2.6476677408639899728e-17
-1.1115830781477869399e-34
0
0
DERIV 9
-1.1553908644639693758e-18
6.857713496059756144e-35
0
0
DERIV 10
4.640355269769910837e-20
-2.1858224112267063849e-36
0
0
DERIV 11
-1.7331850231452908608e-21
-1.8644496204204234922e-37
0
0
DERIV 12
6.072356427492442562e-23
8.165250229155265715e-41
0
0
DERIV 13
-2.0102503576531210831e-24
1.2182350942932122612e-40
0
0
DERIV 14
6.327437423354085429e-26
6.635882769761638535e-43
0
0
DERIV 15
-1.9038338491218821423e-27
8.403891326926861077e-44
0
0
DERIV 16
5.501673677780590802e-29
-1.7922793681123393533e-45
0
0
DERIV 17
-1.5332754110354792385e-30
-9.335189367608635720e-49
0
0
DERIV 18
4.136122300159327061e-32
-8.403352227355265456e-50
0
0
DERIV 19
-1.0834950643886648423e-33
5.154516616237921101e-50
0
0
DERIV 20
2.764280408496339608e-35
1.9800677550779848878e-51
0
0
DERIV 21
-6.886341192678942039e-37
3.240261269787716127e-53
0
0
DERIV 22
1.6790380179663967488e-38
-3.974123842976526800e-55
0
0
DERIV 23
-4.015228495595703092e-40
2.222637032098298104e-56
0
0
DERIV 24
9.435372063674163013e-42
-6.235716442283320928e-58
0
0
DERIV 25
-2.1824620567108605903e-43
2.1162383101429421454e-60
0
0
DERIV 26
4.976681956197040394e-45
2.7388532508306038653e-61
0
0
DERIV 27
-1.1203120134882103351e-46
-3.790741835447278547e-63
0
0
DERIV 28
2.4927826813024466398e-48
8.490527520046482968e-65
0
0
DERIV 29
-5.488605629233474387e-50
-2.2110783449377620504e-66
0
0
DERIV 30
1.1970381975964379385e-51
-2.220854384784634212e-68
0
0
DERIV 31
-2.588291806916430862e-53
1.3386568843003814493e-69
0
0
DERIV 32
5.552993523349178647e-55
3.4725577598644202820e-71
0
0
DERIV 33
-1.1829362482039460556e-56
7.053256741697325859e-73
0
0
DERIV 34
2.5037590736915321223e-58
-4.942500658595859918e-75
0
0
DERIV 35
-5.268240499087014418e-60
-2.3422200316613586932e-77
0
0
AT 46
2.895753122028656209e-9
-6.166680705518433650e-26
0
0
DERIV 1
-9.576998136615241765e-10
6.684759942297195251e-26
0
0
DERIV 2
1.6141623353158559152e-10
6.580474510039608047e-27
0
0
DERIV 3
-1.8493486186948768549e-11
-1.3815314372499310168e-28
0
0
DERIV 4
1.6209214833964025955e-12
-7.108000906781020127e-29
0
0
DERIV 5
-1.1597661606216489491e-13
-1.0677434250442648315e-30
0
0
DERIV 6
7.058895862388591479e-15
-1.1220801252060006910e-31
0
0
DERIV 7
-3.760603190145019384e-16
-7.078476674604145799e-33
0
0
DERIV 8
1.7907993377445272096e-17
-1.2674769318639127426e-33
0
0
DERIV 9
-7.746409179835235713e-19
-3.384334637585749039e-35
0
0
DERIV 10
3.082937398807189507e-20
-1.0972259973631965505e-37
0
0
DERIV 11
-1.1406460646382713287e-21
8.383565528535490299e-38
0
0
DERIV 12
3.957339235671500194e-23
9.269439316053259622e-40
0
0
DERIV 13
-1.2968244991984643816e-24
8.042438336617316559e-42
0
0
DERIV 14
4.039121051155000964e-26
1.3902537605331480443e-43
0
0
DERIV 15
-1.2021465011990902550e-27
-4.616344727964440182e-45
0
0
DERIV 16
3.435049242526912032e-29
4.891644579372631446e-46
0
0
DERIV 17
-9.462550619937092103e-31
5.443979871413974317e-47
0
0
DERIV 18
2.522154929754978012e-32
1.5942903543957744295e-48
0
0
DERIV 19
-6.525850163169761395e-34
1.0933284943309335820e-50
0
0
DERIV 20
1.6438686804368923474e-35
-1.2098497309086714776e-51
0
0
DERIV 21
-4.041977218941474244e-37
2.535501291725669296e-53
0
0
DERIV 22
9.723768156610418254e-39
-2.5031117073304305594e-55
0
0
DERIV 23
-2.2935339022765774560e-40
3.927571236797972287e-57
0
0
DERIV 24
5.314117151126427796e-42
1.4927905800314628025e-58
0
0
DERIV 25
-1.2115942407329883054e-43
-8.040428648343898516e-60
0
0
DERIV 26
2.7224216352408981056e-45
7.992411755186090908e-62
0
0
DERIV 27
-6.037150135533412138e-47
-2.1294298704312111813e-63
0
0
DERIV 28
1.3229203560287715377e-48
-3.048379260292792664e-65
0
0
DERIV 29
-2.867828368859867779e-50
-1.8998005177799279004e-66
0
0
DERIV 30
6.156496576243181283e-52
-1.7180636614052947351e-68
0
0
DERIV 31
-1.3100065198996719379e-53
1.1512777346826045725e-69
0
0
DERIV 32
2.7652205908621300028e-55
-2.656569333358552592e-72
0
0
DERIV 33
-5.794582684676915331e-57
3.400895733521797445e-73
0
0
DERIV 34
1.2062453598630744742e-58
-2.727999622255147684e-75
0
0
DERIV 35
-2.495879631095616815e-60
2.1311896502552923597e-77
0
0
AT 47
2.082487700577726104e-9
-1.2230033365408404738e-25
0
0
DERIV 1
-6.844041447645992788e-10
3.576014208732646249e-26
0
0
DERIV 2
1.1459999874557463995e-10
4.536437854979014818e-27
0
0
DERIV 3
-1.3040609310442810009e-11
-5.095861657771168167e-28
0
0
DERIV 4
1.1349218010924414445e-12
2.3792599289808997943e-29
0
0
DERIV 5
-8.060799293939257238e-14
-3.984956466750962248e-30
0
0
DERIV 6
4.868809252806139624e-15
-1.3721115389262462028e-31
0
0
DERIV 7
-2.573310853270431284e-16
-6.314481810063009558e-33
0
0
DERIV 8
1.2153374139613705371e-17
-6.376164573491668135e-34
0
0
DERIV 9
-5.212285772613466693e-19
2.3988358777363162485e-35
0
0
DERIV 10
2.0560298643837867139e-20
1.2432771072754086612e-37
0
0
DERIV 11
-7.537171085928966067e-22
3.440508618253184815e-38
0
0
DERIV 12
2.5900397123885200298e-23
-1.3211721722413978354e-39
0
0
DERIV 13
-8.403891569904745330e-25
6.826017379689907477e-41
0
0
DERIV 14
2.590780141996189813e-26
9.718891873815642637e-43
0
0
DERIV 15
-7.629434616599801995e-28
-2.495355537091333424e-44
0
0
DERIV 16
2.1562791917704186403e-29
9.814247140720325698e-46
0
0
DERIV 17
-5.873036034443985585e-31
-1.7801946917946072323e-47
0
0
DERIV 18
1.5472274366292779774e-32
-5.659881565591987961e-49
0
0
DERIV 19
-3.955430438608491976e-34
-4.122117126609309146e-51
0
0
DERIV 20
9.841147856760724342e-36
-1.7664756791597776370e-52
0
0
DERIV 21
-2.389154618897423241e-37
-1.3987849934385982196e-54
0
0
DERIV 22
5.672953244415560904e-39
3.734295403857231061e-56
0
0
DERIV 23
-1.3202607831643938000e-40
5.153730537281230647e-57
0
0
DERIV 24
3.017346853663041039e-42
-4.757244250389949851e-59
0
0
DERIV 25
-6.783516474301437846e-44
-2.991329986081683805e-60
0
0
DERIV 26
1.5025384317254188784e-45
1.8184902001454084595e-62
0
0
DERIV 27
-3.283590882974329173e-47
2.4026101110448572235e-63
0
0
DERIV 28
7.088882848130547898e-49
5.913958871095269996e-65
0
0
DERIV 29
-1.5135984536010457324e-50
1.1258387052462887263e-66
0
0
DERIV 30
3.1996134826529162170e-52
1.1985729021967381420e-68
0
0
DERIV 31
-6.702602888401218690e-54
-2.8507920909263694278e-70
0
0
DERIV 32
1.3925567577005095002e-55
6.764251908573278333e-72
0
0
DERIV 33
-2.871657874572456210e-57
2.7073833533391597685e-73
0
0
DERIV 34
5.881600695496477262e-59
-3.246726734663472670e-75
0
0
DERIV 35
-1.1971888140347977784e-60
6.279392467891879645e-77
0
0
AT 48
1.5007018821865563041e-9
2.5464645598381815911e-26
0
0
DERIV 1
-4.901618236936377465e-10
-3.745499675878313239e-26
0
0
DERIV 2
8.154957229305944489e-11
-3.0912386471773782040e-27
0
0
DERIV 3
-9.217993284306621043e-12
7.280729776855498795e-28
0
0
DERIV 4
7.966965297709801075e-13
-2.564983502733921640e-29
0
0
DERIV 5
-5.617932360418547082e-14
-2.9878356617751538053e-30
0
0
DERIV 6
3.3679949403545322587e-15
-1.2100256402726220036e-31
0
0
DERIV 7
-1.7663065655162540724e-16
-7.521985125573143078e-33
0
0
DERIV 8
8.274979331518339861e-18
5.565427143199175393e-36
0
0
DERIV 9
-3.519345406708566959e-19
-2.2540037384949283145e-35
0
0
DERIV 10
1.3762289845790137946e-20
-1.4155888696093296884e-37
0
0
DERIV 11
-4.999862935879250323e-22
-4.704600548717332516e-39
0
0
DERIV 12
1.7021687253403499890e-23
-3.1289313204391606132e-40
0
0
DERIV 13
-5.469890681678224711e-25
4.540569357968832788e-41
0
0
DERIV 14
1.6694919233471538340e-26
-7.702540451116353585e-43
0
0
DERIV 15
-4.865793108640906932e-28
-3.691003041651552625e-44
0
0
DERIV 16
1.3605819095425318488e-29
5.377480406670110001e-46
0
0
DERIV 17
-3.665144865406116044e-31
8.081024179215608339e-48
0
0
DERIV 18
9.546447885622457593e-33
4.723420450352853421e-49
0
0
DERIV 19
-2.412079208653550811e-34
1.6713600424206024735e-50
0
0
DERIV 20
5.929334248140816123e-36
2.5053336732913184234e-52
0
0
DERIV 21
-1.4217419722447321881e-37
8.257518026956925385e-54
0
0
DERIV 22
3.333177591147761292e-39
3.2401592512492837317e-55
0
0
DERIV 23
-7.656689172529540464e-41
1.998919564558851101e-59
0
0
DERIV 24
1.7266384271350669983e-42
1.2477777026554357038e-58
0
0
DERIV 25
-3.829065312941752544e-44
9.024466217875369806e-62
0
0
DERIV 26
8.363663859079276919e-46
-2.208301730509126880e-62
0
0
DERIV 27
-1.8018948354955626486e-47
4.338140651618226562e-64
0
0
DERIV 28
3.833975343021373933e-49
-1.6381674660073910678e-65
0
0
DERIV 29
-8.066046929398838946e-51
-5.139323793710678111e-67
0
0
DERIV 30
1.6796532717095744608e-52
-1.2607889114661055119e-68
0
0
DERIV 31
-3.465273506345595891e-54
1.3605604556742800962e-70
0
0
DERIV 32
7.089005356631514610e-56
8.703925757753019487e-73
0
0
DERIV 33
-1.4391192076526365161e-57
1.2671441710077355578e-74
0
0
DERIV 34
2.901159668973139312e-59
-1.7345852724743582835e-75
0
0
DERIV 35
-5.811367773143552751e-61
-3.4097490876279273418e-77
0
0
AT 49
1.0836153540084454837e-9
6.616986472529412497e-26
0
0
DERIV 1
-3.517917347395853007e-10
9.533540394360559199e-27
0
0
DERIV 2
5.816100868570519461e-11
-2.9298503252231322865e-27
0
0
DERIV 3
-6.531387166524383605e-12
-3.827624699433021779e-28
0
0
DERIV 4
5.606754008132456284e-13
2.3334671477801445342e-29
0
0
DERIV 5
-3.925829274660776664e-14
-1.5725422723822717833e-30
0
0
DERIV 6
2.3363911887691784608e-15
1.2334004689780819079e-31
0
0
DERIV 7
-1.2160138920131537544e-16
-4.978748388409070683e-33
0
0
DERIV 8
5.652142700660619648e-18
-1.3162240356810784917e-34
0
0
DERIV 9
-2.384260792660029176e-19
-1.3600749353347531740e-35
0
0
DERIV 10
9.244785741957924178e-21
-6.704855586229345379e-37
0
0
DERIV 11
-3.329232432648193938e-22
4.134699762844062530e-39
0
0
DERIV 12
1.1231333803594662923e-23
-5.876612503068963554e-40
0
0
DERIV 13
-3.575283905268294898e-25
-1.0248667217844438765e-41
0
0
DERIV 14
1.0806319671423520145e-26
-6.583879011064293255e-44
0
0
DERIV 15
-3.117924494256637491e-28
8.587563996611953033e-45
0
0
DERIV 16
8.628014520464094676e-30
-2.989300320544380890e-47
0
0
DERIV 17
-2.299358452428823094e-31
1.4257010303854431773e-47
0
0
DERIV 18
5.923000228016066150e-33
-9.407555013406185291e-50
0
0
DERIV 19
-1.4795560323687303138e-34
-8.826031239753668778e-51
0
0
DERIV 20
3.594530713155425870e-36
3.1228697351021410885e-52
0
0
DERIV 21
-8.515527042387764999e-38
4.040212788377012034e-54
0
0
DERIV 22
1.9718045623266951880e-39
-1.4564733801204811604e-55
0
0
DERIV 23
-4.472228010685058788e-41
-2.1797775044243718134e-57
0
0
DERIV 24
9.954692466244345793e-43
-9.402733671842618354e-61
0
0
DERIV 25
-2.1783739628457580578e-44
-3.299798262553661249e-61
0
0
DERIV 26
4.693785949929773760e-46
1.0507828193771184065e-62
0
0
DERIV 27
-9.972903008829801312e-48
3.605171423648456752e-64
0
0
DERIV 28
2.0921377142264867791e-49
1.3067060927748526854e-65
0
0
DERIV 29
-4.338495571091861386e-51
-1.6087222816672282484e-67
0
0
DERIV 30
8.902865249910435745e-53
-7.802557570549671379e-69
0
0
DERIV 31
-1.8095875787056969871e-54
-2.931214372950605519e-72
0
0
DERIV 32
3.646411215158811193e-56
1.3072903878604776505e-72
0
0
DERIV 33
-7.290008499900509284e-58
3.2329116771786082711e-74
0
0
DERIV 34
1.4470150239221943859e-59
-1.0558962411966391058e-75
0
0
DERIV 35
-2.8534866666592537300e-61
1.0670709630220241517e-78
0
0
AT 50
7.839768781085466572e-10
-1.6889864954734120038e-26
0
0
DERIV 1
-2.530042584305970567e-10
1.5046500049414389748e-26
0
0
DERIV 2
4.157095897727942565e-11
-2.2629404331210420854e-27
0
0
DERIV 3
-4.638499166569172445e-12
9.377588089020407978e-29
0
0
DERIV 4
3.955412014473768311e-13
1.7033011209406010679e-29
0
0
DERIV 5
-2.7504912150690670096e-14
2.774480703397706341e-31
0
0
DERIV 6
1.6252110589784734869e-15
2.2609190888786755944e-32
0
0
DERIV 7
-8.395975995787596794e-17
2.9913800897239108593e-33
0
0
DERIV 8
3.872520932404975527e-18
-4.607474631139404395e-35
0
0
DERIV 9
-1.6205357246801799620e-19
-1.1491458726547950516e-35
0
0
DERIV 10
6.231590658151018388e-21
1.0798932149962461469e-37
0
0
DERIV 11
-2.224915290486258377e-22
-1.1401127913065908412e-38
0
0
DERIV 12
7.439357324153440548e-24
1.0970009644393388168e-40
0
0
DERIV 13
-2.346466853104855489e-25
2.1615090521127113816e-41
0
0
DERIV 14
7.024972268664940384e-27
-4.392444193727939686e-44
0
0
DERIV 15
-2.0070437545946067151e-28
-5.378497847600202414e-45
0
0
DERIV 16
5.497774731670589806e-30
-2.5387700397035286993e-46
0
0
DERIV 17
-1.4498640528937343051e-31
5.429727548564170099e-48
0
0
DERIV 18
3.694591186616407461e-33
2.6015420345408432555e-49
0
0
DERIV 19
-9.126829102318579667e-35
-4.344461522284172670e-51
0
0
DERIV 20
2.1920740343450614551e-36
8.669266955877769705e-53
0
0
DERIV 21
-5.132288753192879342e-38
-1.4858201515517287881e-54
0
0
DERIV 22
1.1741236629018249227e-39
5.429908129466589645e-56
0
0
DERIV 23
-2.630211159153186218e-41
2.5612051781747583386e-58
0
0
DERIV 24
5.780699536651431170e-43
-3.842183723823708797e-59
0
0
DERIV 25
-1.2486576334514809803e-44
-1.1648519167473748823e-60
0
0
DERIV 26
2.6550269099153797083e-46
-1.5419521258064986458e-62
0
0
DERIV 27
-5.565221756904557236e-48
-4.531017792782405285e-64
0
0
DERIV 28
1.1514669761993163535e-49
8.894996149395857541e-66
0
0
DERIV 29
-2.3544568960033050312e-51
3.833556919146713942e-68
0
0
DERIV 30
4.762851060536619499e-53
2.609125182699922801e-69
0
0
DERIV 31
-9.541203436611637259e-55
8.509492718094900512e-73
0
0
DERIV 32
1.8944449579629464361e-56
5.489023032249004565e-73
0
0
DERIV 33
-3.731208764487932962e-58
2.7130761825840476791e-74
0
0
DERIV 34
7.294880497418412706e-60
2.911327381466437586e-76
0
0
DERIV 35
-1.4166720568930865156e-61
-8.484549874879606742e-78
0
0
AT 51
5.682746607457392216e-10
5.409004652888485998e-27
0
0
DERIV 1
-1.8232400460103536036e-10
-7.741119064429187470e-27
0
0
DERIV 2
2.977637744099018129e-11
-8.674853959337891079e-28
0
0
DERIV 3
-3.3016138913816055352e-12
1.5161513648360225079e-28
0
0
DERIV 4
2.797081114285231728e-13
-2.3188243868352668611e-29
0
0
DERIV 5
-1.9318885160626938055e-14
-3.122929610811558495e-31
0
0
DERIV 6
1.1335231596913786320e-15
4.167169430920717795e-32
0
0
DERIV 7
-5.813364023744383435e-17
-3.308692773904795774e-33
0
0
DERIV 8
2.6611496209538910880e-18
-1.1420646509493459490e-35
0
0
DERIV 9
-1.1049269474230588264e-19
8.331301839040571476e-36
0
0
DERIV 10
4.214543112121698290e-21
-2.888313797603345549e-37
0
0
DERIV 11
-1.4921622322213208269e-22
-6.200055189637481940e-39
0
0
DERIV 12
4.946075424206844291e-24
-5.714888212167148930e-41
0
0
DERIV 13
-1.5460800776005136998e-25
1.1305035776710593035e-41
0
0
DERIV 14
4.585872382320207970e-27
2.1320840292041919756e-43
0
0
DERIV 15
-1.2976571136872915948e-28
-1.1050060781946099543e-44
0
0
DERIV 16
3.519497106287182731e-30
-2.1536854463715397062e-46
0
0
DERIV 17
-9.187039317255101973e-32
3.2778265890280502696e-49
0
0
DERIV 18
2.3165041518699493021e-33
-1.2664031026890926192e-49
0
0
DERIV 19
-5.660684951954124346e-35
-5.011809727404509706e-51
0
0
DERIV 20
1.3444706024663527914e-36
6.750628480761824970e-53
0
0
DERIV 21
-3.111859850538364651e-38
1.3728839121459227987e-54
0
0
DERIV 22
7.035632290790033482e-40
-2.053615528398330832e-56
0
0
DERIV 23
-1.5571480111714848951e-41
-5.747481712545526408e-58
0
0
DERIV 24
3.3801962880245759817e-43
9.769094383088324525e-60
0
0
DERIV 25
-7.209455539900781093e-45
4.834019136144001081e-61
0
0
DERIV 26
1.5132280996455182173e-46
3.793779907014293837e-63
0
0
DERIV 27
-3.130235516465203225e-48
1.4196011365646745039e-64
0
0
DERIV 28
6.389870112253525226e-50
2.0130884272678465990e-66
0
0
DERIV 29
-1.2887503268582350610e-51
-6.963382067851285043e-70
0
0
DERIV 30
2.570862801575896131e-53
-7.396890215257830898e-70
0
0
DERIV 31
-5.077505183694984532e-55
1.6644632889768421716e-71
0
0
DERIV 32
9.937366993462936900e-57
-1.7238919179046828475e-73
0
0
DERIV 33
-1.9288272215992932234e-58
-1.5273895811376832732e-74
0
0
DERIV 34
3.715646705783237923e-60
1.1264471736191439782e-76
0
0
DERIV 35
-7.108563730412158818e-62
2.395392390887429185e-78
0
0
AT 52
4.126868868648268147e-10
1.8387581164135716785e-26
0
0
DERIV 1
-1.3164743883448819747e-10
-8.950071595878943278e-27
0
0
DERIV 2
2.1372448340975326364e-11
1.1846746504987478856e-27
0
0
DERIV 3
-2.3551942863258226089e-12
-5.980789080232333528e-30
0
0
DERIV 4
1.9825505216125986774e-13
-8.878081980386415157e-30
0
0
DERIV 5
-1.3602453494142688987e-14
-5.845168843922546556e-31
0
0
DERIV 6
7.926389152313806894e-16
1.5107568851925488045e-33
0
0
DERIV 7
-4.036200953413077796e-17
-3.0220435951817284591e-33
0
0
DERIV 8
1.8340114378081781880e-18
1.6474481675779023392e-34
0
0
DERIV 9
-7.556799445411123896e-20
3.835645930213723906e-36
0
0
DERIV 10
2.8596150100916267477e-21
1.6670034837939198287e-37
0
0
DERIV 11
-1.0041630955312681167e-22
5.414925873681558001e-39
0
0
DERIV 12
3.3003196141132291311e-24
-1.3704829580987916046e-40
0
0
DERIV 13
-1.0226051708298591158e-25
-5.634698192824627622e-42
0
0
DERIV 14
3.0057334815405886625e-27
1.8537724730872768835e-44
0
0
DERIV 15
-8.425800307473600747e-29
-1.4799988633921449193e-46
0
0
DERIV 16
2.2632031602590388818e-30
1.9594149742766103267e-47
0
0
DERIV 17
-5.848957265200974231e-32
4.258427076340928962e-48
0
0
DERIV 18
1.4597005427792889504e-33
4.844402121365375543e-50
0
0
DERIV 19
-3.529355784057474894e-35
2.4215637000920380249e-51
0
0
DERIV 20
8.291670524316048734e-37
1.6890317613955550394e-53
0
0
DERIV 21
-1.8977741910739577567e-38
1.2173572143647022507e-54
0
0
DERIV 22
4.241626309939922753e-40
3.928285666701233398e-56
0
0
DERIV 23
-9.277625633660976921e-42
-1.3523663119952562246e-58
0
0
DERIV 24
1.9897652253515735894e-43
3.882606158188844060e-60
0
0
DERIV 25
-4.191731372212814035e-45
-7.929866180824713576e-62
0
0
DERIV 26
8.687758282640824523e-47
4.695832983544299771e-63
0
0
DERIV 27
-1.7740979070015899888e-48
-1.4376213637722905987e-64
0
0
DERIV 28
3.574198305492294686e-50
-3.723488011252157998e-68
0
0
DERIV 29
-7.112700124645834275e-52
5.567273118830116631e-68
0
0
DERIV 30
1.3996559032589146283e-53
-3.454540497088621231e-70
0
0
DERIV 31
-2.7262882169385003738e-55
7.310538427224480228e-72
0
0
DERIV 32
5.261130290919141276e-57
-1.2211571284274566643e-73
0
0
DERIV 33
-1.0066995779458891095e-58
-5.882015322247403310e-75
0
0
DERIV 34
1.9114266025639091704e-60
-7.125185750888678465e-77
0
0
DERIV 35
-3.603669964604830253e-62
-1.8872917920970966906e-78
0
0
AT 53
3.002421087217667741e-10
1.5013143973275563470e-26
0
0
DERIV 1
-9.523862975140660562e-11
1.8360184844561594773e-28
0
0
DERIV 2
1.5371461996794592690e-11
-3.420389467975641062e-28
0
0
DERIV 3
-1.6836618204393031001e-12
9.443095110905112957e-29
0
0
DERIV 4
1.4083912626387750892e-13
6.769797042517249967e-30
0
0
DERIV 5
-9.600362411089745891e-15
-3.256427989611606898e-32
0
0
DERIV 6
5.556664666722631022e-16
-2.966824772863269140e-32
0
0
DERIV 7
-2.809790124059249967e-17
2.7911364794088179963e-33
0
0
DERIV 8
1.2675240328067798868e-18
6.346464734165372200e-35
0
0
DERIV 9
-5.183616702909488278e-20
-1.6215345890468817325e-37
0
0
DERIV 10
1.9463829510704502029e-21
4.444290853858677896e-38
0
0
DERIV 11
-6.780051397989164926e-23
1.2981195918050312620e-39
0
0
DERIV 12
2.2098997623750871458e-24
9.407650695381857411e-41
0
0
DERIV 13
-6.788754033189476864e-26
1.2660676930695919297e-42
0
0
DERIV 14
1.9777612556259899611e-27
7.086654613175609258e-44
0
0
DERIV 15
-5.493512294420850333e-29
-3.711753910453293638e-45
0
0
DERIV 16
1.4616757987602368650e-30
-3.235937394977826340e-47
0
0
DERIV 17
-3.740819467791753094e-32
-1.9449600951462594860e-48
0
0
DERIV 18
9.242397481860046799e-34
-5.293141720129298705e-50
0
0
DERIV 19
-2.2116717131174464717e-35
-4.868169448560922109e-52
0
0
DERIV 20
5.140955136478941000e-37
3.603651198531590871e-54
0
0
DERIV 21
-1.1638471121890867968e-38
4.994478456992392769e-56
0
0
DERIV 22
2.5722180846682655887e-40
1.1779456275861380000e-57
0
0
DERIV 23
-5.561760870517321010e-42
-1.6222997821885917890e-58
0
0
DERIV 24
1.1788421210407219373e-43
6.611487088054831917e-60
0
0
DERIV 25
-2.4536149549276777137e-45
8.023751488549990870e-62
0
0
DERIV 26
5.023005121966109514e-47
-3.240176680627747032e-63
0
0
DERIV 27
-1.0128927821533922487e-48
4.553973648817386963e-65
0
0
DERIV 28
2.0145834281358314664e-50
5.198097500364194950e-67
0
0
DERIV 29
-3.956912943477061050e-52
1.2419080576432437402e-68
0
0
DERIV 30
7.683472500318670633e-54
4.428418132531066462e-70
0
0
DERIV 31
-1.4764734066463453439e-55
1.2973894529366360094e-73
0
0
DERIV 32
2.810337786270986557e-57
-7.847701260705944213e-74
0
0
DERIV 33
-5.302953271451635611e-59
-3.328719545704010496e-75
0
0
DERIV 34
9.927315604754242148e-61
-2.2423047121229737661e-77
0
0
DERIV 35
-1.8450089112701479948e-62
-5.902744505513688434e-79
0
0
AT 54
2.1882304669670229382e-10
-9.203232201555153431e-27
0
0
DERIV 1
-6.902818952023346932e-11
-3.472991742066628235e-27
0
0
DERIV 2
1.1077286318592925796e-11
-7.201476847724504894e-28
0
0
DERIV 3
-1.2061121867505320042e-12
-1.7321139248133617298e-30
0
0
DERIV 4
1.0027146740386103159e-13
8.266367381130705494e-31
0
0
DERIV 5
-6.791508716980869200e-15
8.371839920822220016e-32
0
0
DERIV 6
3.904969405864142430e-16
2.6062765679100754767e-33
0
0
DERIV 7
-1.9610979010886484758e-17
-1.2417253848257471685e-34
0
0
DERIV 8
8.784108103051252062e-19
1.7850256782551237345e-36
0
0
DERIV 9
-3.566002704800136469e-20
-7.233599511149079036e-37
0
0
DERIV 10
1.3288406299922047210e-21
-5.957848485125861950e-38
0
0
DERIV 11
-4.592607686318107163e-23
1.0693150786729586419e-39
0
0
DERIV 12
1.4847874040962586407e-24
8.446717172985248637e-41
0
0
DERIV 13
-4.523020729666928027e-26
2.7736635153932714894e-42
0
0
DERIV 14
1.3062875863239739966e-27
1.4812831385321083803e-44
0
0
DERIV 15
-3.595998912736362957e-29
-7.090711227437976831e-47
0
0
DERIV 16
9.479859438508746636e-31
2.505852946255720453e-47
0
0
DERIV 17
-2.4031174672833663185e-32
3.660156540713832161e-49
0
0
DERIV 18
5.879302948000047466e-34
-1.2269777255140456368e-50
0
0
DERIV 19
-1.3927406661691292331e-35
-2.0493298170748094743e-52
0
0
DERIV 20
3.203889802745860126e-37
1.0701364475310754744e-53
0
0
DERIV 21
-7.176130854531981377e-39
-2.6540192421252746364e-55
0
0
DERIV 22
1.5687021934106110832e-40
3.747544990474994900e-57
0
0
DERIV 23
-3.353995878887478046e-42
-2.7603344888693533463e-58
0
0
DERIV 24
7.027559076851302513e-44
-2.4811010868630073822e-60
0
0
DERIV 25
-1.4455642977795352415e-45
1.4910321384971500569e-61
0
0
DERIV 26
2.923903109086380886e-47
-1.1491321076912361391e-63
0
0
DERIV 27
-5.823987759374945591e-49
-1.4745431284643414929e-65
0
0
DERIV 28
1.1439117057604383345e-50
9.392259414472411580e-67
0
0
DERIV 29
-2.2182492021397648782e-52
1.3795143058650700407e-68
0
0
DERIV 30
4.251657077582953797e-54
-1.8269152753549970945e-70
0
0
DERIV 31
-8.062645989691205728e-56
3.150228376508278595e-72
0
0
DERIV 32
1.5141557753016705763e-57
-1.1696354636828667632e-73
0
0
DERIV 33
-2.818404027083870636e-59
-1.4678380615176033060e-75
0
0
DERIV 34
5.203657844631148489e-61
-3.116027300230201737e-78
0
0
DERIV 35
-9.536514654340644330e-63
1.0981420437257942813e-79
0
0
AT 55
1.5975988299699479118e-10
8.043935066098452174e-27
0
0
DERIV 1
-5.012261269333153139e-11
4.801313319366038884e-28
0
0
DERIV 2
7.998132468252445592e-12
7.244420299038469958e-28
0
0
DERIV 3
-8.657715019981943292e-13
2.2653411421293478166e-29
0
0
DERIV 4
7.154225386050245882e-14
4.018973980664847070e-30
0
0
DERIV 5
-4.815345020479169645e-15
3.680675906620550437e-32
0
0
DERIV 6
2.750792846901399778e-16
-1.1843907290978149287e-32
0
0
DERIV 7
-1.3722045633178895350e-17
6.247069876518099376e-34
0
0
DERIV 8
6.103710540487599942e-19
-2.942042042084285151e-35
0
0
DERIV 9
-2.4600795848756276648e-20
4.465018596969682786e-37
0
0
DERIV 10
9.099206685172608964e-22
5.002427968068938692e-38
0
0
DERIV 11
-3.120631978509796128e-23
5.647838282820903679e-40
0
0
DERIV 12
1.0008919649620553044e-24
2.2454375892016170545e-41
0
0
DERIV 13
-3.023961905465910567e-26
-1.0196015059686288024e-42
0
0
DERIV 14
8.659536141050974476e-28
-8.517306252615845410e-45
0
0
DERIV 15
-2.3630082187593278651e-29
-7.958523628771779065e-46
0
0
DERIV 16
6.173308411671613989e-31
-3.748617636028270304e-47
0
0
DERIV 17
-1.5503906320842975665e-32
-3.724219448428518215e-49
0
0
DERIV 18
3.756826745139224785e-34
2.0450743781359993599e-50
0
0
DERIV 19
-8.811985031847960607e-36
-3.504520593550605177e-52
0
0
DERIV 20
2.006635198602379684e-37
1.4581821310155559883e-53
0
0
DERIV 21
-4.447831981728717359e-39
5.896599855146898597e-56
0
0
DERIV 22
9.619367246024742233e-41
-5.113916461905604731e-57
0
0
DERIV 23
-2.0342236828213444325e-42
-5.312742035733634832e-59
0
0
DERIV 24
4.214585253048092876e-44
1.1108353310131506955e-61
0
0
DERIV 25
-8.570142222968603141e-46
-4.246431837862427304e-62
0
0
DERIV 26
1.7131779998027586594e-47
-1.1445928599512225662e-63
0
0
DERIV 27
-3.3716331063382155066e-49
-2.2239540981469873888e-66
0
0
DERIV 28
6.541649818051471564e-51
2.4129678581443726372e-67
0
0
DERIV 29
-1.2527893797883921483e-52
3.012061225867135684e-69
0
0
DERIV 30
2.3708309344969573759e-54
-8.158453249560719977e-72
0
0
DERIV 31
-4.438131491055562687e-56
-4.404112421517362622e-72
0
0
DERIV 32
8.225892692723488053e-58
-2.2602255410980136782e-74
0
0
DERIV 33
-1.5108439352894205527e-59
-5.870888209783367410e-76
0
0
DERIV 34
2.7519930992831890946e-61
-1.2602842951834587919e-77
0
0
DERIV 35
-4.974775182876509211e-63
-1.7385144990685713546e-79
0
0
AT 56
1.1683662012264655512e-10
-1.0504849771229196734e-26
0
0
DERIV 1
-3.646001088076406265e-11
3.320582927869750187e-28
0
0
DERIV 2
5.785772305582863298e-12
3.993322471780631153e-28
0
0
DERIV 3
-6.227024040988691955e-13
-3.303976887891032210e-29
0
0
DERIV 4
5.115125396471462714e-14
2.5755407386817242557e-30
0
0
DERIV 5
-3.4217355537432454515e-15
-4.067486770864292339e-32
0
0
DERIV 6
1.9422642936054329030e-16
-5.409726269772784244e-33
0
0
DERIV 7
-9.625069814735603997e-18
5.324720609431917907e-34
0
0
DERIV 8
4.252202578446916792e-19
-9.142432563437319123e-36
0
0
DERIV 9
-1.7017739773673432097e-20
-1.3610967854233884389e-36
0
0
DERIV 10
6.248620056760162077e-22
-4.155152323398184832e-38
0
0
DERIV 11
-2.1268838491801110727e-23
-8.200050151697471130e-40
0
0
DERIV 12
6.768611668829694939e-25
-4.136067082066388083e-41
0
0
DERIV 13
-2.0285626654528663839e-26
-7.309050732904830111e-43
0
0
DERIV 14
5.760938388557746920e-28
3.163691305851568797e-45
0
0
DERIV 15
-1.5586032989799607961e-29
-3.3466742155983719107e-46
0
0
DERIV 16
4.035934831656228509e-31
-1.8282807980580941417e-48
0
0
DERIV 17
-1.0043989955673957561e-32
3.470797720797756837e-49
0
0
DERIV 18
2.411059042303661923e-34
-1.8633628721570154655e-50
0
0
DERIV 19
-5.600983992277895969e-36
2.8124320370478504335e-52
0
0
DERIV 20
1.2628314908702448309e-37
-6.797265467633496258e-54
0
0
DERIV 21
-2.7707334390586192412e-39
6.890305017330351207e-56
0
0
DERIV 22
5.929883325953306345e-41
1.8166212799346596208e-57
0
0
DERIV 23
-1.2406141753680159786e-42
-6.592953115393589367e-60
0
0
DERIV 24
2.542248470837051368e-44
1.2219718989123934886e-60
0
0
DERIV 25
-5.111695665971537158e-46
-3.691553699477461028e-62
0
0
DERIV 26
1.0101462297491731149e-47
4.921714736122148256e-64
0
0
DERIV 27
-1.9648096164870823141e-49
-1.8090135174762052198e-65
0
0
DERIV 28
3.766711776688048420e-51
-2.436148001114011443e-68
0
0
DERIV 29
-7.126032663959485455e-53
1.2265607616487766763e-69
0
0
DERIV 30
1.3318893071775664102e-54
1.1815021238091356182e-70
0
0
DERIV 31
-2.461910870390391614e-56
-2.1702407063044075565e-73
0
0
DERIV 32
4.504747771310900894e-58
-6.825727103413728200e-76
0
0
DERIV 33
-8.166519582670511755e-60
-5.078749959738151577e-76
0
0
DERIV 34
1.4679577341945978320e-61
-4.476713216632823151e-78
0
0
DERIV 35
-2.618252965465318124e-63
1.9040105857718780089e-79
0
0
AT 57
8.558759367194376770e-11
-5.367589313320500318e-27
0
0
DERIV 1
-2.6567975906092404636e-11
-1.4889162281277206400e-27
0
0
DERIV 2
4.193077852032142964e-12
4.036207451827598561e-28
0
0
DERIV 3
-4.487446381720567985e-13
-9.049642011576398333e-30
0
0
DERIV 4
3.664684089913110240e-14
-8.607404795966697583e-31
0
0
DERIV 5
-2.4366871943648859867e-15
-2.2032618526569011454e-32
0
0
DERIV 6
1.3744960481856218126e-16
-6.460894975292100202e-33
0
0
DERIV 7
-6.767478514655547361e-18
1.6923675865494352176e-34
0
0
DERIV 8
2.969806051359038681e-19
4.494163819718920978e-36
0
0
DERIV 9
-1.1803420884370154718e-20
-2.763718526938466209e-38
0
0
DERIV 10
4.303088418293032451e-22
-5.796324275422381582e-39
0
0
DERIV 11
-1.4538714284137338479e-23
1.0393021463796905086e-39
0
0
DERIV 12
4.591575114269746443e-25
3.640222796409607382e-41
0
0
DERIV 13
-1.3652815636717612618e-26
-9.603303853878394585e-43
0
0
DERIV 14
3.845818951936997485e-28
-5.880802256159187307e-45
0
0
DERIV 15
-1.0317669809945687443e-29
4.444208769040644262e-46
0
0
DERIV 16
2.648671020034643116e-31
-2.0068010447792954845e-47
0
0
DERIV 17
-6.533027376746828903e-33
6.840957769290443406e-49
0
0
DERIV 18
1.5539114772158652191e-34
3.678819899464590559e-51
0
0
DERIV 19
-3.575844205685300768e-36
1.3023088376350485183e-52
0
0
DERIV 20
7.984379273897555451e-38
3.595936757786872543e-54
0
0
DERIV 21
-1.7344351937274988025e-39
8.519015055559334691e-56
0
0
DERIV 22
3.674209313170380396e-41
3.540289221123427323e-58
0
0
DERIV 23
-7.606709797305093645e-43
-1.8915585293803772034e-59
0
0
DERIV 24
1.5420905427104003180e-44
-1.2044673362915906478e-60
0
0
DERIV 25
-3.0667603490963394555e-46
1.1901670145534393303e-62
0
0
DERIV 26
5.992601340494480467e-48
-3.0058160723291449606e-64
0
0
DERIV 27
-1.1522949217294491189e-49
-9.045783243059518065e-66
0
0
DERIV 28
2.1833132507242131682e-51
2.902938248794022922e-68
0
0
DERIV 29
-4.081439735384293583e-53
2.0669407665132895334e-69
0
0
DERIV 30
7.536162921174171256e-55
-3.885318519018024668e-71
0
0
DERIV 31
-1.3758754428266312674e-56
1.0523403973955551559e-72
0
0
DERIV 32
2.4860715349595668230e-58
-8.963487402243230278e-76
0
0
DERIV 33
-4.449712848589774212e-60
1.1734561140580567154e-76
0
0
DERIV 34
7.895502549906202780e-62
6.026171587090056510e-78
0
0
DERIV 35
-1.3898647294216802800e-63
1.0812185602266603489e-79
0
0
AT 58
6.279829210113591143e-11
1.7185964545866208031e-27
0
0
DERIV 1
-1.9392870589877729336e-11
1.6105821902452676872e-27
0
0
DERIV 2
3.0442856471179153978e-12
-5.227717567505101229e-29
0
0
DERIV 3
-3.239963274088710944e-13
2.9498245213637705653e-30
0
0
DERIV 4
2.6307674447873869350e-14
-1.5599505080234051798e-30
0
0
DERIV 5
-1.7388608636413157346e-15
9.555346116631638152e-32
0
0
DERIV 6
9.748527471488785315e-17
2.4271975639165348010e-33
0
0
DERIV 7
-4.769376059183817551e-18
-2.170401405661900375e-34
0
0
DERIV 8
2.0792563075822715277e-19
8.778061516284663358e-36
0
0
DERIV 9
-8.207987690854756769e-21
-7.045999793717655428e-37
0
0
DERIV 10
2.971386581853969497e-22
-2.5885460686383859230e-39
0
0
DERIV 11
-9.966758801640790765e-24
-5.535966408667185006e-40
0
0
DERIV 12
3.124176666735053712e-25
2.2663528363642783231e-41
0
0
DERIV 13
-9.218007236542594752e-27
6.894270811869387855e-43
0
0
DERIV 14
2.575952628859682912e-28
1.6666081610532861920e-44
0
0
DERIV 15
-6.854199003576255555e-30
4.403001242036027274e-46
0
0
DERIV 16
1.7446960401839431323e-31
-6.414710266385436880e-48
0
0
DERIV 17
-4.265918945674498052e-33
4.065662813191148862e-50
0
0
DERIV 18
1.0055873924212499513e-34
-7.415517373699611109e-51
0
0
DERIV 19
-2.2927478214359930329e-36
-1.5980154151980563444e-52
0
0
DERIV 20
5.070978147045483553e-38
-4.192038483723644250e-54
0
0
DERIV 21
-1.0908639375734341912e-39
-6.852462041209331363e-56
0
0
DERIV 22
2.2878525516467350720e-41
-4.865902432041297094e-58
0
0
DERIV 23
-4.688169534282403983e-43
-1.6757301911836627809e-59
0
0
DERIV 24
9.404823902420401011e-45
5.531953811076446926e-61
0
0
DERIV 25
-1.8503275692244369304e-46
3.037448400048533773e-63
0
0
DERIV 26
3.576084361077120430e-48
-6.658449236751210136e-65
0
0
DERIV 27
-6.799507420170864465e-50
1.6529847825628099597e-66
0
0
DERIV 28
1.2736545760902740192e-51
-4.272304769702179703e-68
0
0
DERIV 29
-2.353281884647959237e-53
1.1101988969943715115e-69
0
0
DERIV 30
4.293801422586919871e-55
4.239737855427081077e-73
0
0
DERIV 31
-7.744819332646848712e-57
3.576376116853999023e-74
0
0
DERIV 32
1.3822897165183464109e-58
5.792602832411532701e-75
0
0
DERIV 33
-2.4433578845818997080e-60
1.1203334400388191413e-76
0
0
DERIV 34
4.280796493594910122e-62
2.335951847973746087e-78
0
0
DERIV 35
-7.439280422341630608e-64
-2.638409487961705770e-82
0
0
AT 59
4.615037256045523380e-11
2.5448280041558890767e-27
0
0
DERIV 1
-1.4179198765980803985e-11
-6.235014575981145515e-28
0
0
DERIV 2
2.2141217644387082646e-12
-1.3822842151965202686e-28
0
0
DERIV 3
-2.343604724788959621e-13
-4.721639607132284551e-30
0
0
DERIV 4
1.8922300934415690398e-14
3.885494060636543807e-31
0
0
DERIV 5
-1.2434259733550635990e-15
7.389635730820501005e-32
0
0
DERIV 6
6.929015706787532941e-17
-1.1042647935163818481e-33
0
0
DERIV 7
-3.3688585028432492979e-18
1.2512419352360446170e-35
0
0
DERIV 8
1.4592398072405273355e-19
2.2042394527595258128e-36
0
0
DERIV 9
-5.722148534233349327e-21
2.742516495884172454e-37
0
0
DERIV 10
2.0572611538313515607e-22
-2.1628501540976019899e-40
0
0
DERIV 11
-6.851630348702127792e-24
-4.442706215203281068e-42
0
0
DERIV 12
2.131989754742417562e-25
1.0744771981585862152e-41
0
0
DERIV 13
-6.243011260002228458e-27
-2.4590333168023477349e-43
0
0
DERIV 14
1.7310070071776481101e-28
9.609061829042849165e-45
0
0
DERIV 15
-4.568950381770529661e-30
-2.6209429848179246319e-46
0
0
DERIV 16
1.1533788596673052440e-31
-4.090676585875518766e-48
0
0
DERIV 17
-2.7960829635993332711e-33
-6.817360087388810289e-50
0
0
DERIV 18
6.533330346025556263e-35
-3.129997322307702392e-51
0
0
DERIV 19
-1.4761828806684881019e-36
7.461688684926062905e-53
0
0
DERIV 20
3.234717489508948108e-38
-1.1137762600948169968e-54
0
0
DERIV 21
-6.892358457493040145e-40
-1.2841060503107474235e-56
0
0
DERIV 22
1.4314310335154659963e-41
1.1334758967814589945e-57
0
0
DERIV 23
-2.9039168815019804999e-43
-1.2686475016180171133e-60
0
0
DERIV 24
5.765866196842204282e-45
-3.432995803046308087e-61
0
0
DERIV 25
-1.1225134983422468650e-46
3.234479072696464996e-63
0
0
DERIV 26
2.1462366517618731332e-48
6.190864021669787188e-65
0
0
DERIV 27
-4.036213415598658508e-50
6.387649785636705480e-67
0
0
DERIV 28
7.476139782272176697e-52
-5.164857913613525769e-68
0
0
DERIV 29
-1.3656318811657395106e-53
8.349314428848090090e-70
0
0
DERIV 30
2.4628801304016782184e-55
-1.9399867553856225143e-72
0
0
DERIV 31
-4.390004268695618961e-57
1.2496798380938611179e-73
0
0
DERIV 32
7.741390517104887350e-59
2.438217677066552266e-75
0
0
DERIV 33
-1.3517317449451321071e-60
-1.1463749724749121022e-76
0
0
DERIV 34
2.339011339670829134e-62
-7.590459147357040115e-79
0
0
DERIV 35
-4.013907801272588044e-64
-2.2583271286823658917e-80
0
0
AT 60
3.396868002309478638e-11
-3.0261421064510421464e-27
0
0
DERIV 1
-1.0384171303859419268e-11
-4.040059638842459405e-28
0
0
DERIV 2
1.6131123879709702509e-12
-6.614736269226192289e-29
0
0
DERIV 3
-1.6982992069678807303e-13
2.6885096250711166432e-30
0
0
DERIV 4
1.3636148106677556165e-14
-6.800931486714761993e-31
0
0
DERIV 5
-8.909314686222836120e-16
-1.1716265970695238708e-32
0
0
DERIV 6
4.935358234306983466e-17
1.0334073902706601819e-33
0
0
DERIV 7
-2.3848792019235662724e-18
-1.7514110728662817280e-34
0
0
DERIV 8
1.0264979067741153762e-19
-5.137293701484452047e-37
0
0
DERIV 9
-3.998962093482992117e-21
-2.668303137520223336e-37
0
0
DERIV 10
1.4280423792757248122e-22
-4.928531736382496279e-39
0
0
DERIV 11
-4.722954319144264609e-24
-1.6287215726551223434e-40
0
0
DERIV 12
1.4590687557351215880e-25
1.3278326775487824153e-42
0
0
DERIV 13
-4.240884603299071894e-27
-2.7636478464422387667e-43
0
0
DERIV 14
1.1668958772898351306e-28
3.071379639957232564e-45
0
0
DERIV 15
-3.0557547826441040881e-30
-1.4326678676775721287e-46
0
0
DERIV 16
7.651374747001322016e-32
8.922388897600387974e-49
0
0
DERIV 17
-1.8394105516248382968e-33
8.483451862362472861e-50
0
0
DERIV 18
4.261077134946515705e-35
-1.5284764662860664337e-51
0
0
DERIV 19
-9.542797711031855521e-37
7.514950714614966132e-53
0
0
DERIV 20
2.0721308801269509455e-38
-7.202629107102976724e-55
0
0
DERIV 21
-4.374099200908174412e-40
2.044021026562354049e-56
0
0
DERIV 22
8.997591975591393257e-42
3.488087956375014524e-58
0
0
DERIV 23
-1.8074698724466899482e-43
2.984104864720491387e-60
0
0
DERIV 24
3.552871221324226053e-45
4.345027308978674269e-62
0
0
DERIV 25
-6.845936561627780781e-47
1.8658852854133930986e-63
0
0
DERIV 26
1.2952253125412841404e-48
2.421983742381617343e-66
0
0
DERIV 27
-2.409740119852356310e-50
9.804038626202445347e-67
0
0
DERIV 28
4.414748902348077599e-52
-1.864882860520542131e-68
0
0
DERIV 29
-7.974460483550000393e-54
1.9041420972712535068e-70
0
0
DERIV 30
1.4218677800483112789e-55
2.275610632508046356e-72
0
0
DERIV 31
-2.5051930926032721155e-57
6.126392018215455568e-74
0
0
DERIV 32
4.365868361870444433e-59
-3.012378462064356451e-75
0
0
DERIV 33
-7.532442461206223275e-61
-1.8228692096537367529e-77
0
0
DERIV 34
1.2876352288279213220e-62
-6.777454854158981827e-79
0
0
DERIV 35
-2.1825696863952832992e-64
1.0774006014714246256e-80
0
0
AT 61
2.5040583470639795184e-11
-1.3182741802452306201e-27
0
0
DERIV 1
-7.617066140999145412e-12
-5.431684173329243322e-28
0
0
DERIV 2
1.1772231575135952378e-12
7.822776876598011949e-29
0
0
DERIV 3
-1.2328561321789569956e-13
3.837844903453986085e-30
0
0
DERIV 4
9.845033842387981214e-15
-6.211577450389884233e-31
0
0
DERIV 5
-6.396140037620547048e-16
-3.065138784863169764e-32
0
0
DERIV 6
3.522564401409971932e-17
1.8746467010102322150e-33
0
0
DERIV 7
-1.6919569157004589153e-18
8.120954663932864596e-35
0
0
DERIV 8
7.237313266193175190e-20
-2.8210404684404423450e-36
0
0
DERIV 9
-2.8013957705353042112e-21
6.703859922175438883e-38
0
0
DERIV 10
9.937690978331899044e-23
4.302653696645987696e-39
0
0
DERIV 11
-3.2642441719094488368e-24
-4.291358699090756308e-41
0
0
DERIV 12
1.0013237796514935649e-25
9.906829056169389897e-43
0
0
DERIV 13
-2.8892740066457861849e-27
5.684890467852879990e-44
0
0
DERIV 14
7.890416413780358572e-29
5.475800128427452935e-45
0
0
DERIV 15
-2.0503240792629843376e-30
1.6420940814257972421e-46
0
0
DERIV 16
5.093064240303089705e-32
3.051916916463216970e-48
0
0
DERIV 17
-1.2143742583386531740e-33
-3.962745165641215520e-50
0
0
DERIV 18
2.789493181687781166e-35
9.953730756792779825e-52
0
0
DERIV 19
-6.193142127436719244e-37
2.582272645669196716e-53
0
0
DERIV 20
1.3328434971680142481e-38
7.991461068052039401e-55
0
0
DERIV 21
-2.7878832674952110727e-40
3.146998624313681167e-57
0
0
DERIV 22
5.681120079608661010e-42
2.0344818283554425404e-58
0
0
DERIV 23
-1.1303134021277848224e-43
-2.906354778428961286e-60
0
0
DERIV 24
2.2000208714377951390e-45
-9.720879875610056329e-62
0
0
DERIV 25
-4.196626991041870724e-47
-3.0285269472806424648e-64
0
0
DERIV 26
7.858418433833210598e-49
7.043791520926433841e-66
0
0
DERIV 27
-1.4467260810015637810e-50
5.552552078421908770e-67
0
0
DERIV 28
2.6221308967163964138e-52
-1.7453319708574571831e-68
0
0
DERIV 29
-4.684790527185593305e-54
-1.7517983396306727978e-70
0
0
DERIV 30
8.260366437995572552e-56
-7.738866700159978652e-72
0
0
DERIV 31
-1.4389507913154416363e-57
-1.2262151051902384018e-73
0
0
DERIV 32
2.478884328005905087e-59
1.6131062713191219538e-75
0
0
DERIV 33
-4.226896272986268846e-61
1.4733679119665726523e-77
0
0
DERIV 34
7.140048316516334060e-63
-1.1409563278196013086e-80
0
0
DERIV 35
-1.1957065013655994336e-64
-7.788127109081689825e-82
0
0
AT 62
1.8486693897130019408e-11
-6.747167994848961034e-28
0
0
DERIV 1
-5.596094535377699342e-12
1.5035361319023371111e-28
0
0
DERIV 2
8.605351643378820493e-13
-4.789676033488945433e-29
0
0
DERIV 3
-8.965249451168800680e-14
3.047546814307662295e-32
0
0
DERIV 4
7.120862974685382317e-15
3.389933456464312401e-31
0
0
DERIV 5
-4.600677047063554209e-16
-2.1259961222097940620e-32
0
0
DERIV 6
2.5192524935656409966e-17
-4.381842350073678525e-35
0
0
DERIV 7
-1.2028994685327117577e-18
-8.415191427532198198e-35
0
0
DERIV 8
5.114000279294532919e-20
7.981403544245028470e-37
0
0
DERIV 9
-1.9670485512286546217e-21
-8.724159412944684176e-38
0
0
DERIV 10
6.932583981842306692e-23
-3.266999923761539408e-39
0
0
DERIV 11
-2.2618883064543919344e-24
7.422060280947069924e-41
0
0
DERIV 12
6.890486481656750438e-26
1.0718756179094501035e-42
0
0
DERIV 13
-1.9740456082942000043e-27
2.740036454378271975e-44
0
0
DERIV 14
5.351384856829772041e-29
2.6217428305293947611e-45
0
0
DERIV 15
-1.3800344653832483009e-30
-4.547544980078403195e-47
0
0
DERIV 16
3.401339002218121360e-32
2.4399612931077714968e-48
0
0
DERIV 17
-8.045034334553203215e-34
-4.125503442998873459e-51
0
0
DERIV 18
1.8327607050610570984e-35
-1.0487677929341808010e-51
0
0
DERIV 19
-4.034564655318154686e-37
-4.579551418415266183e-54
0
0
DERIV 20
8.607356946111480051e-39
5.711197868149166371e-55
0
0
DERIV 21
-1.7843094343591118402e-40
-6.973495209602613691e-57
0
0
DERIV 22
3.602754918247877016e-42
-2.9241103740813964739e-58
0
0
DERIV 23
-7.100772950138649687e-44
-5.358699666386559644e-61
0
0
DERIV 24
1.3688039651046971752e-45
-1.1755535591270549684e-63
0
0
DERIV 25
-2.585385893846863427e-47
2.5768233279557227780e-64
0
0
DERIV 26
4.792641640498804342e-49
8.912116561830091985e-67
0
0
DERIV 27
-8.732665469170136955e-51
4.199047312601166824e-67
0
0
DERIV 28
1.5661861682177683455e-52
-7.925986003999689590e-69
0
0
DERIV 29
-2.768328431433646285e-54
-2.0217882948253067418e-70
0
0
DERIV 30
4.828112846657965083e-56
-1.0626180772161046910e-72
0
0
DERIV 31
-8.317435904304627313e-58
5.888631764711452994e-74
0
0
DERIV 32
1.4167155156518701362e-59
5.010441604911590549e-76
0
0
DERIV 33
-2.3880924283851981509e-61
9.291660351541194989e-78
0
0
DERIV 34
3.987099730033294082e-63
-1.9131489786694017347e-79
0
0
DERIV 35
-6.598318601863997183e-65
-1.7191281519561840655e-81
0
0
AT 63
1.3668166865714045123e-11
-2.599625667338986941e-28
0
0
DERIV 1
-4.117655449922689960e-12
-3.524335190057704734e-28
0
0
DERIV 2
6.300561726950501730e-13
-2.3641767985923192009e-29
0
0
DERIV 3
-6.530526407411487887e-14
3.815562995497357302e-30
0
0
DERIV 4
5.159656640619287880e-15
3.451013598247560177e-32
0
0
DERIV 5
-3.315409746382266942e-16
1.4398303718855323651e-32
0
0
DERIV 6
1.8052490524481568712e-17
1.2058451941066919629e-33
0
0
DERIV 7
-8.569691560525918255e-19
3.724117176378383785e-35
0
0
DERIV 8
3.621473660507067970e-20
-1.1628020342245869754e-36
0
0
DERIV 9
-1.3843457841864504745e-21
-4.201573855950615563e-38
0
0
DERIV 10
4.847789309974641359e-23
2.0881110090819304715e-39
0
0
DERIV 11
-1.5712710241668674283e-24
-6.238814275128741104e-41
0
0
DERIV 12
4.754136348769548900e-26
2.0594953327965099420e-44
0
0
DERIV 13
-1.3524758499585585470e-27
-3.876509701009677063e-44
0
0
DERIV 14
3.639958111105984822e-29
-2.0942977315121324326e-45
0
0
DERIV 15
-9.317168144790834655e-31
4.129457089483208664e-47
0
0
DERIV 16
2.2788330330863851774e-32
-9.040984024541504995e-49
0
0
DERIV 17
-5.347649302847413431e-34
-4.002688036777909873e-50
0
0
DERIV 18
1.2084156201000485913e-35
6.506454718605534732e-52
0
0
DERIV 19
-2.638064577748263329e-37
5.469724910266722451e-54
0
0
DERIV 20
5.580063173098555621e-39
1.5288847438476997654e-55
0
0
DERIV 21
-1.1466276763184026512e-40
2.5136711219976135348e-57
0
0
DERIV 22
2.2944181201293177143e-42
6.513901972678249286e-59
0
0
DERIV 23
-4.480559390089867266e-44
1.4967122919723999903e-60
0
0
DERIV 24
8.555799330941189462e-46
1.957312739263868341e-62
0
0
DERIV 25
-1.6004511712652363160e-47
9.858031236429737345e-65
0
0
DERIV 26
2.9376226934367012916e-49
-1.6579139479801718096e-65
0
0
DERIV 27
-5.298826552012866927e-51
1.7719270786246284870e-67
0
0
DERIV 28
9.405841789273125120e-53
-1.1723771412359309026e-69
0
0
DERIV 29
-1.6451475943113438622e-54
7.845275373390385781e-71
0
0
DERIV 30
2.838646946736747386e-56
1.4367985733141458570e-72
0
0
DERIV 31
-4.837113320373633392e-58
7.427245985857244653e-76
0
0
DERIV 32
8.148185927884511523e-60
-2.6954091685210859336e-76
0
0
DERIV 33
-1.3581014965557843925e-61
-6.100881564991231393e-78
0
0
DERIV 34
2.2416363490320889074e-63
1.1704992901085366945e-79
0
0
DERIV 35
-3.666868897249660536e-65
9.474584820332470704e-82
0
0
AT 64
1.0120107670476982521e-11
4.614678295996415469e-28
0
0
DERIV 1
-3.0343753811797649753e-12
1.8951960381157518315e-29
0
0
DERIV 2
4.620366678499265332e-13
1.9232219702514125674e-29
0
0
DERIV 3
-4.764907405961560729e-14
2.8571725034204044376e-30
0
0
DERIV 4
3.745115493266357096e-15
-1.984116406953304898e-31
0
0
DERIV 5
-2.393572596032234343e-16
-7.287479569917551686e-33
0
0
DERIV 6
1.2960930153713617362e-17
4.509057254336207286e-34
0
0
DERIV 7
-6.117534326189855461e-19
-4.721486182379992910e-35
0
0
DERIV 8
2.5699765949540761648e-20
1.4384410664714749507e-36
0
0
DERIV 9
-9.764262228024335727e-22
-6.505908762515485356e-38
0
0
DERIV 10
3.397864436035037876e-23
-4.679776176685464578e-40
0
0
DERIV 11
-1.0941968378370080465e-24
7.538194187695687764e-42
0
0
DERIV 12
3.288598551280524357e-26
-2.4747029565231206135e-42
0
0
DERIV 13
-9.291264656934456579e-28
-7.121072134750173583e-44
0
0
DERIV 14
2.4828902006410463540e-29
2.5791000757289293076e-46
0
0
DERIV 15
-6.309127404363184227e-31
2.751287282114978610e-47
0
0
DERIV 16
1.5315436897673319019e-32
-1.2931642250113480466e-48
0
0
DERIV 17
-3.566298296920165534e-34
9.888279540828487189e-51
0
0
DERIV 18
7.994927929887190629e-36
-7.920169800984774784e-53
0
0
DERIV 19
-1.7311401188286973669e-37
1.3837216320989180244e-54
0
0
DERIV 20
3.631109208494341193e-39
2.9416399592639790087e-55
0
0
DERIV 21
-7.397428766467736817e-41
9.270284644430038910e-58
0
0
DERIV 22
1.4672161414103341344e-42
-6.721253483695332827e-59
0
0
DERIV 23
-2.839372475293253895e-44
-1.6984876210614439800e-60
0
0
DERIV 24
5.371869507209531244e-46
-6.905599212594991854e-63
0
0
DERIV 25
-9.953804607018028342e-48
5.666337351678055130e-64
0
0
DERIV 26
1.8093925030014317945e-49
-3.019530697490950941e-66
0
0
DERIV 27
-3.231590006259916536e-51
-8.645100025742214646e-69
0
0
DERIV 28
5.678653065152919795e-53
3.690090302827858503e-69
0
0
DERIV 29
-9.830527795767733756e-55
3.962363867687965852e-71
0
0
DERIV 30
1.6785059620959961377e-56
8.093798951219490286e-73
0
0
DERIV 31
-2.8297936914664196621e-58
-1.5290419555695832937e-74
0
0
DERIV 32
4.715267199193909213e-60
-1.7132729752590941859e-76
0
0
DERIV 33
-7.772788860384872405e-62
-3.222121082713504654e-78
0
0
DERIV 34
1.2686275447324766628e-63
7.715658841145939063e-80
0
0
DERIV 35
-2.051712664417053877e-65
-5.605820369247579961e-82
0
0
AT 66
5.571330709606205822e-12
6.905367442088367113e-30
0
0
DERIV 1
-1.6550838211461078077e-12
2.740334754234168348e-29
0
0
DERIV 2
2.496178568053705224e-13
-1.0132434253406216697e-29
0
0
DERIV 3
-2.5489989739405765988e-14
-1.4857202747336426182e-30
0
0
DERIV 4
1.9831688377341004399e-15
1.8125671430759261496e-31
0
0
DERIV 5
-1.2542366427528125725e-16
7.468846948585045443e-33
0
0
DERIV 6
6.718347353578268428e-18
5.701637507926734826e-36
0
0
DERIV 7
-3.135790412068096001e-19
1.2331118389076489987e-35
0
0
DERIV 8
1.3022400559445577354e-20
-2.211044861663366308e-37
0
0
DERIV 9
-4.889175762995777175e-22
-5.158022915304705831e-39
0
0
DERIV 10
1.6806447833378773310e-23
-1.2871547338957438708e-39
0
0
DERIV 11
-5.344102525289013747e-25
3.162123668005675936e-41
0
0
DERIV 12
1.5853751547798608974e-26
-8.519058502067765826e-43
0
0
DERIV 13
-4.419439339521966373e-28
-3.927662146337596136e-44
0
0
DERIV 14
1.1647895546674629371e-29
3.0449690553293848710e-46
0
0
DERIV 15
-2.917969524117630317e-31
-9.526669307923519933e-48
0
0
DERIV 16
6.980459592276040366e-33
-2.3858490118912697163e-49
0
0
DERIV 17
-1.6011619954536994632e-34
-8.433788539846655322e-51
0
0
DERIV 18
3.534381840677886652e-36
4.033441963975344226e-53
0
0
DERIV 19
-7.532336209650443745e-38
2.880164666721631805e-54
0
0
DERIV 20
1.5543612406448128520e-39
-7.877845146323178986e-56
0
0
DERIV 21
-3.114045978371810589e-41
1.9734843337691378250e-57
0
0
DERIV 22
6.071368185496376810e-43
-1.9853863249987320473e-59
0
0
DERIV 23
-1.1544641971613582630e-44
7.077173951370936261e-61
0
0
DERIV 24
2.1451997779111784433e-46
1.6920237911290245944e-62
0
0
DERIV 25
-3.902436019159663118e-48
-2.2751280791794510366e-64
0
0
DERIV 26
6.961553338144852297e-50
-4.280522063242174498e-66
0
0
DERIV 27
-1.2196666360285209561e-51
6.618924071305926084e-68
0
0
DERIV 28
2.101597434223809357e-53
9.821122684773946080e-70
0
0
DERIV 29
-3.566083247657262384e-55
-3.1613984561261966496e-71
0
0
DERIV 30
5.965994565449088196e-57
-1.3007607976857816730e-74
0
0
DERIV 31
-9.851424119795734463e-59
9.390971895386613714e-76
0
0
DERIV 32
1.6072305442709811554e-60
1.0837412258056493887e-76
0
0
DERIV 33
-2.593130642823534357e-62
-1.5243258291366423912e-78
0
0
DERIV 34
4.141048172387968033e-64
1.8664171598759068402e-80
0
0
DERIV 35
-6.550574912420789745e-66
-8.415339602849181520e-83
0
0
AT 68
3.0838246564660901737e-12
-3.467355591585041610e-29
0
0
DERIV 1
-9.079030329817501022e-13
-2.2824661467957050797e-29
0
0
DERIV 2
1.3566301835756260165e-13
-8.419409004956892248e-30
0
0
DERIV 3
-1.3721309336078709530e-14
-5.805968267597309299e-31
0
0
DERIV 4
1.0570498411601232212e-15
1.9270072482553816518e-32
0
0
DERIV 5
-6.617455944145881062e-17
-4.107196109052425113e-33
0
0
DERIV 6
3.507614687182516011e-18
-2.330574558177718502e-34
0
0
DERIV 7
-1.6195432393463665536e-19
8.922201091595765946e-36
0
0
DERIV 8
6.651003394234267437e-21
2.579431242447223792e-37
0
0
DERIV 9
-2.468500621650911498e-22
-1.5227417793154026792e-38
0
0
DERIV 10
8.385372428408774789e-24
-4.474072134102755390e-40
0
0
DERIV 11
-2.633989549286651910e-25
-1.6156412498929810969e-41
0
0
DERIV 12
7.716226937181766163e-27
-1.7774990733755721980e-43
0
0
DERIV 13
-2.123301538411747341e-28
1.4923637315987099164e-44
0
0
DERIV 14
5.522028855686472650e-30
-3.275011062164426360e-47
0
0
DERIV 15
-1.3644931637150153601e-31
-9.026377990232164912e-48
0
0
DERIV 16
3.218433807410652159e-33
2.0619160385138359024e-49
0
0
DERIV 17
-7.276030268029256774e-35
-3.927795164301558139e-51
0
0
DERIV 18
1.5823354891811446223e-36
-1.4949198654446759770e-52
0
0
DERIV 19
-3.320983914939534134e-38
6.978639435392613077e-55
0
0
DERIV 20
6.746311152056508979e-40
-4.012960262263650125e-56
0
0
DERIV 21
-1.3299698343475795599e-41
-3.506209337846485277e-58
0
0
DERIV 22
2.5505321777131569414e-43
-1.7249376562486202980e-59
0
0
DERIV 23
-4.768455980602873991e-45
2.5212791173619191918e-61
0
0
DERIV 24
8.708526051989296079e-47
3.616262483367593518e-63
0
0
DERIV 25
-1.5563962813747598819e-48
1.2940808683153067622e-65
0
0
DERIV 26
2.726639181165650740e-50
4.837780017523039768e-67
0
0
DERIV 27
-4.689554601973722312e-52
-2.164710667663232584e-68
0
0
DERIV 28
7.929454245476914926e-54
1.8442656078770907646e-70
0
0
DERIV 29
-1.3198539533444292071e-55
7.207514077653116147e-72
0
0
DERIV 30
2.1652023844391592987e-57
5.831650568849812609e-74
0
0
DERIV 31
-3.504613549365566800e-59
-1.9285958029984510877e-75
0
0
DERIV 32
5.602642745053144861e-61
-1.4108221113082662944e-78
0
0
DERIV 33
-8.854522422619843670e-63
-2.5882108752457446024e-79
0
0
DERIV 34
1.3846302693042679084e-64
7.083949335931945689e-81
0
0
DERIV 35
-2.1441107387680195349e-66
-9.050065597598841860e-83
0
0
AT 70
1.7159007423339318331e-12
-5.198468826137400099e-29
0
0
DERIV 1
-5.007678529097780135e-13
7.028433988003071914e-31
0
0
DERIV 2
7.415425877755004881e-14
2.3876021335688866413e-30
0
0
DERIV 3
-7.430659039565199697e-15
-2.689785538818845535e-31
0
0
DERIV 4
5.669702204311313985e-16
4.904261354102870298e-32
0
0
DERIV 5
-3.514479759646854445e-17
3.227728822237753582e-34
0
0
DERIV 6
1.8439776407496645122e-18
-7.625711138728420429e-35
0
0
DERIV 7
-8.425100789774510775e-20
-2.3461558187719111225e-36
0
0
DERIV 8
3.422709267653257008e-21
5.803400518697349912e-38
0
0
DERIV 9
-1.2562452895138455495e-22
1.0383192937324849521e-39
0
0
DERIV 10
4.218681153891140102e-24
1.0962555820084636710e-40
0
0
DERIV 11
-1.3095833591126386629e-25
8.476133336281657428e-42
0
0
DERIV 12
3.789984702531847762e-27
1.3285887445692498864e-43
0
0
DERIV 13
-1.0299195534529357323e-28
-8.380279496011710645e-46
0
0
DERIV 14
2.6441900546154201828e-30
-9.944809941528733766e-48
0
0
DERIV 15
-6.447755691827548754e-32
3.895236055234939494e-48
0
0
DERIV 16
1.5002504375070274055e-33
-2.876579731375878980e-50
0
0
DERIV 17
-3.344510828680855110e-35
-2.4435467337980184819e-51
0
0
DERIV 18
7.169536445899460035e-37
-3.717251814421898276e-53
0
0
DERIV 19
-1.4826819248542420168e-38
-5.637873588793644330e-55
0
0
DERIV 20
2.9666738961791245258e-40
2.4404848513066337105e-57
0
0
DERIV 21
-5.758382664900724951e-42
6.358195298632566970e-58
0
0
DERIV 22
1.0868705702105639933e-43
-3.884550438860656231e-60
0
0
DERIV 23
-1.9991547468170589042e-45
1.3608863328553695329e-61
0
0
DERIV 24
3.590615744475568613e-47
-1.1061110995035109082e-63
0
0
DERIV 25
-6.308632444962846366e-49
2.932705895300860848e-65
0
0
DERIV 26
1.0861006705834097865e-50
-1.1176906459504271183e-66
0
0
DERIV 27
-1.8350159359340012887e-52
1.7512534700186886924e-68
0
0
DERIV 28
3.046899009270288239e-54
-2.1211535749727694586e-70
0
0
DERIV 29
-4.978407236259866927e-56
1.4706476066449349060e-72
0
0
DERIV 30
8.014178037211739341e-58
4.170374919331854360e-74
0
0
DERIV 31
-1.2724653381086385543e-59
-3.795856322347680950e-76
0
0
DERIV 32
1.9947891080971267233e-61
-3.726908083331043598e-78
0
0
DERIV 33
-3.090466937425155352e-63
-2.6322564388765021628e-79
0
0
DERIV 34
4.735963675149261777e-65
-4.597806045898482153e-82
0
0
DERIV 35
-7.184594066731485118e-67
5.195937336780559734e-83
0
0
AT 72
9.595917357121243791e-13
5.510728900549378840e-29
0
0
DERIV 1
-2.776677281449408572e-13
1.3535527922906480564e-29
0
0
DERIV 2
4.075754374848244949e-14
-1.4394246661826240906e-30
0
0
DERIV 3
-4.047315518476501018e-15
-1.3297835487491494497e-31
0
0
DERIV 4
3.059491494779387820e-16
9.012961121894281438e-33
0
0
DERIV 5
-1.8783535795362233138e-17
-2.163496877222411602e-34
0
0
DERIV 6
9.758293469475216404e-19
-6.209035895710976949e-35
0
0
DERIV 7
-4.413331197682355682e-20
5.940537715543009397e-37
0
0
DERIV 8
1.7742000488794378875e-21
-4.547084655400848513e-38
0
0
DERIV 9
-6.441884547990393198e-23
1.1961791279429188880e-39
0
0
DERIV 10
2.1393544663736569733e-24
1.0842944164651543101e-40
0
0
DERIV 11
-6.565463599790467176e-26
3.664250532948082098e-42
0
0
DERIV 12
1.8778103114233367868e-27
-1.3271222884927867654e-43
0
0
DERIV 13
-5.041418076818210118e-29
9.326626621320427772e-46
0
0
DERIV 14
1.2782855639904076827e-30
2.560498304931188880e-47
0
0
DERIV 15
-3.077357797324519127e-32
-7.584583303424345069e-49
0
0
DERIV 16
7.066652922711187614e-34
-3.953403901885402051e-50
0
0
DERIV 17
-1.5542032126207947840e-35
-6.132951691849617019e-52
0
0
DERIV 18
3.285750701608650969e-37
1.2607420498181899121e-53
0
0
DERIV 19
-6.698874265804555235e-39
5.258613399260760180e-55
0
0
DERIV 20
1.3209155408494460939e-40
-8.548397351569865958e-57
0
0
DERIV 21
-2.5257929477689595633e-42
-8.127285852443429450e-60
0
0
DERIV 22
4.694695545095183214e-44
-1.2932260600498050226e-60
0
0
DERIV 23
-8.500587798403975321e-46
-2.573176423601456150e-62
0
0
DERIV 24
1.5023997450868293913e-47
2.8738412076074011648e-64
0
0
DERIV 25
-2.5966163408324250038e-49
-7.898228916776605629e-66
0
0
DERIV 26
4.395839562130437193e-51
-9.550660291143383546e-68
0
0
DERIV 27
-7.300549808577813893e-53
-5.107775552685054047e-70
0
0
DERIV 28
1.1911445730613393996e-54
-1.6141870030427559355e-71
0
0
DERIV 29
-1.9117737377924535979e-56
-6.477148401367654187e-73
0
0
DERIV 30
3.0220124436856496200e-58
-1.7389867515004685059e-74
0
0
DERIV 31
-4.710085723111569807e-60
-1.6634849907093267217e-76
0
0
DERIV 32
7.245743633685120646e-62
-4.170637447496226416e-78
0
0
DERIV 33
-1.1012201069119792385e-63
4.833368341350934072e-80
0
0
DERIV 34
1.6549580914207083139e-65
4.977320107429042508e-82
0
0
DERIV 35
-2.4613754289657638329e-67
1.1326855653643800992e-83
0
0
AT 74
5.392592708051279583e-13
1.2723741575542474873e-29
0
0
DERIV 1
-1.5474838332482057524e-13
1.5299882432341109239e-30
0
0
DERIV 2
2.2521194259368382197e-14
-2.207305993201064780e-31
0
0
DERIV 3
-2.2167823780051211151e-15
5.671479640197550348e-32
0
0
DERIV 4
1.6605979265935588672e-16
6.930965661873311495e-33
0
0
DERIV 5
-1.0100323154065910328e-17
1.3728422238392134893e-34
0
0
DERIV 6
5.197023955393481858e-19
2.1372262766473857750e-35
0
0
DERIV 7
-2.3272731896358631334e-20
6.369146855182233797e-37
0
0
DERIV 8
9.260989919623675631e-22
6.472746021512884623e-38
0
0
DERIV 9
-3.327458780925786860e-23
2.9356735746423265023e-39
0
0
DERIV 10
1.0931894270158986399e-24
-7.315303245611178573e-41
0
0
DERIV 11
-3.317845640495090649e-26
-8.102232641440367302e-43
0
0
DERIV 12
9.381733369437617802e-28
-4.429047485451507408e-44
0
0
DERIV 13
-2.4893422506295333640e-29
-1.0179166246445787009e-45
0
0
DERIV 14
6.236169149575053066e-31
1.6120768446674970692e-47
0
0
DERIV 15
-1.4827963535054169491e-32
9.943708423506715195e-49
0
0
DERIV 16
3.361895782373147027e-34
1.3879213464067566367e-50
0
0
DERIV 17
-7.297884681102018845e-36
-6.487175350235651608e-52
0
0
DERIV 18
1.5222738742170777560e-37
-8.919494724522094523e-54
0
0
DERIV 19
-3.061104082309902240e-39
-6.650835699856455778e-56
0
0
DERIV 20
5.951378931429278077e-41
8.674958723842218508e-58
0
0
DERIV 21
-1.1216418000452230510e-42
1.2784320872600922309e-59
0
0
DERIV 22
2.0541165383807368442e-44
-9.507995791582119333e-62
0
0
DERIV 23
-3.663322643728280889e-46
1.6079302562966018695e-62
0
0
DERIV 24
6.374821196297655051e-48
-3.828020113490413268e-64
0
0
DERIV 25
-1.0844137321723942555e-49
4.439857188673646503e-66
0
0
DERIV 26
1.8062722843294556253e-51
1.3750595192881368341e-67
0
0
DERIV 27
-2.950542739637425405e-53
1.5394166456538124310e-69
0
0
DERIV 28
4.733345821079893277e-55
1.0220544518524582633e-71
0
0
DERIV 29
-7.467102311483744002e-57
4.390538921702537815e-73
0
0
DERIV 30
1.1597928116574444852e-58
7.831363036142040148e-75
0
0
DERIV 31
-1.7755821882847253098e-60
6.037919696713931463e-77
0
0
DERIV 32
2.682160711623594807e-62
-1.1165474237911105504e-78
0
0
DERIV 33
-4.001574830922720418e-64
-3.0808405994618728712e-80
0
0
DERIV 34
5.901564756974244098e-66
-3.083023438449009655e-82
0
0
DERIV 35
-8.610993619466143184e-68
-3.351649355453688074e-84
0
0
AT 76
3.044772716540487911e-13
2.3640101944047848174e-29
0
0
DERIV 1
-8.666887372865613192e-14
-5.604422433530448901e-30
0
0
DERIV 2
1.2508516420911104987e-14
8.942672762429342039e-32
0
0
DERIV 3
-1.2207011355032643541e-15
-6.269669377548517181e-32
0
0
DERIV 4
9.063880903341149080e-17
5.576506014829264872e-33
0
0
DERIV 5
-5.463071145539353639e-18
3.783348558994012383e-34
0
0
DERIV 6
2.784797752875201309e-19
5.680104552260311947e-36
0
0
DERIV 7
-1.2351114540989903052e-20
-5.611191267051733619e-37
0
0
DERIV 8
4.866487317972023760e-22
4.186792462419243748e-38
0
0
DERIV 9
-1.7308003266861886301e-23
6.950369161729991254e-40
0
0
DERIV 10
5.627036421156786742e-25
3.277675457300955462e-41
0
0
DERIV 11
-1.6895137959462799509e-26
-3.2264991651214236435e-43
0
0
DERIV 12
4.724747448745023757e-28
-1.9249284392608342859e-44
0
0
DERIV 13
-1.2394709130622392778e-29
5.984520162414789231e-46
0
0
DERIV 14
3.068950201759861582e-31
-9.738664235193807613e-48
0
0
DERIV 15
-7.210005876586838209e-33
-2.5116378813737094469e-51
0
0
DERIV 16
1.6146580224142794689e-34
-3.842441320923465884e-51
0
0
DERIV 17
-3.460938480615643263e-36
7.983584667874010429e-53
0
0
DERIV 18
7.126022530257518457e-38
-4.987530495534199541e-54
0
0
DERIV 19
-1.4139881156820036780e-39
6.887512698020925735e-56
0
0
DERIV 20
2.711773163385823104e-41
-1.5931759252507413542e-57
0
0
DERIV 21
-5.039787346836971598e-43
-2.768020243765940139e-59
0
0
DERIV 22
9.098277785129539524e-45
-3.416255963036503575e-61
0
0
DERIV 23
-1.5989655966158258103e-46
-9.617101207244008099e-63
0
0
DERIV 24
2.741042537654610442e-48
2.1348246285453296571e-64
0
0
DERIV 25
-4.591780433663822690e-50
-1.9639006123824756830e-66
0
0
DERIV 26
7.529445945847771354e-52
2.2924480399851908134e-69
0
0
DERIV 27
-1.2104083487979631686e-53
7.648475469575569720e-70
0
0
DERIV 28
1.9103211095112382312e-55
-1.2063543459259253339e-71
0
0
DERIV 29
-2.963862456121462536e-57
-1.4568129029654622622e-73
0
0
DERIV 30
4.526013334781498288e-59
1.2364521571707170267e-75
0
0
DERIV 31
-6.810352718432739592e-61
-4.293066175474928767e-77
0
0
DERIV 32
1.0108192036041312143e-62
9.796695711942598671e-79
0
0
DERIV 33
-1.4813193443489961450e-64
2.816887038185272658e-81
0
0
DERIV 34
2.1452907398221767389e-66
5.866445434923245713e-83
0
0
DERIV 35
-3.072902651314068059e-68
2.2055365331482820902e-86
0
0
AT 78
1.7269974149101280223e-13
-2.7175271455938139009e-30
0
0
DERIV 1
-4.877142950370133050e-14
-4.960157884196899111e-31
0
0
DERIV 2
6.981928886035149235e-15
2.528640639313849495e-31
0
0
DERIV 3
-6.756863631697245722e-16
-4.493491360274610076e-32
0
0
DERIV 4
4.974073745065870873e-17
1.6196135624235263572e-34
0
0
DERIV 5
-2.9715995718872282645e-18
1.2189811068536210145e-34
0
0
DERIV 6
1.5010419448742297905e-19
9.157741843892134259e-36
0
0
DERIV 7
-6.595361149784063453e-21
-3.388454704358770704e-37
0
0
DERIV 8
2.573748186713082804e-22
-1.8081431264002468892e-38
0
0
DERIV 9
-9.063532735765586480e-24
-1.4878875198744490059e-40
0
0
DERIV 10
2.916820969480669851e-25
-1.3860462410552154259e-41
0
0
DERIV 11
-8.666588722048325673e-27
2.8825028718638258756e-43
0
0
DERIV 12
2.397705849058498883e-28
-1.9513826652296222976e-44
0
0
DERIV 13
-6.220949284218334811e-30
-2.0776330707415578578e-46
0
0
DERIV 14
1.5229413612752214107e-31
9.846672552374460110e-48
0
0
DERIV 15
-3.536470040136646623e-33
-1.1604306832655867494e-50
0
0
DERIV 16
7.825680831167319324e-35
-5.005609003363133103e-51
0
0
DERIV 17
-1.6569417257655328985e-36
8.989429539030785954e-53
0
0
DERIV 18
3.368957103647530080e-38
2.3007420475943968650e-54
0
0
DERIV 19
-6.599194948148958802e-40
-1.4830924164312442742e-56
0
0
DERIV 20
1.2489829134714692230e-41
5.438165503817535705e-59
0
0
DERIV 21
-2.2899902389429725127e-43
-5.226639388592054587e-60
0
0
DERIV 22
4.077169867769296930e-45
1.7320707261116711097e-61
0
0
DERIV 23
-7.064422808184575030e-47
-4.372871654402800336e-63
0
0
DERIV 24
1.1935789959574140910e-48
-1.5315259283978214663e-65
0
0
DERIV 25
-1.9700380337239604776e-50
-9.330829934581715075e-67
0
0
DERIV 26
3.1818198141086048654e-52
-8.377100813151952616e-69
0
0
DERIV 27
-5.036460802197468135e-54
1.9442027938513949214e-70
0
0
DERIV 28
7.824274289953421063e-56
1.4834916678032271365e-72
0
0
DERIV 29
-1.1945505922842738403e-57
-1.7856417611418460171e-75
0
0
DERIV 30
1.7944756778265430841e-59
6.353992437132131650e-76
0
0
DERIV 31
-2.6554311727494797755e-61
-7.187786843265693782e-78
0
0
DERIV 32
3.874836051910810161e-63
1.5845937812526748836e-79
0
0
DERIV 33
-5.581052780044039472e-65
-8.417645002545885173e-83
0
0
DERIV 34
7.941765295388318216e-67
-1.3302281978877575898e-83
0
0
DERIV 35
-1.1174340102741818440e-68
-6.805073818646312197e-85
0
0
AT 80
9.838869172681474830e-14
-3.777695687295007657e-30
0
0
DERIV 1
-2.7571865330576082777e-14
-8.319966240214680356e-31
0
0
DERIV 2
3.915875946373556701e-15
-2.585613621002230453e-31
0
0
DERIV 3
-3.758845479893142733e-16
-2.0883610766357476379e-32
0
0
DERIV 4
2.7439590295823851949e-17
1.4910629726743374227e-33
0
0
DERIV 5
-1.6252094638713507618e-18
7.893283583666991637e-35
0
0
DERIV 6
8.136927035410576357e-20
1.6865804957871883581e-36
0
0
DERIV 7
-3.542802500398936514e-21
1.5902418085289276965e-37
0
0
DERIV 8
1.3696348464146029508e-22
-1.0244424245649597901e-38
0
0
DERIV 9
-4.776982915053258870e-24
3.2977301618062659713e-40
0
0
DERIV 10
1.5221868101782748817e-25
-3.748453166924000040e-42
0
0
DERIV 11
-4.477035360881100070e-27
-2.4022667167850681125e-43
0
0
DERIV 12
1.2257509642136319777e-28
4.068085761488896798e-45
0
0
DERIV 13
-3.1463328101963837427e-30
-1.4309749641307045468e-46
0
0
DERIV 14
7.618130873649741018e-32
2.870877130119127297e-48
0
0
DERIV 15
-1.7491463828725922649e-33
-1.1527908848122241420e-49
0
0
DERIV 16
3.825966424004264549e-35
-9.913177423630004282e-53
0
0
DERIV 17
-8.004965391449999663e-37
-6.148624309337160140e-53
0
0
DERIV 18
1.6078660925049829931e-38
-8.759698524344399248e-56
0
0
DERIV 19
-3.1103934068817143206e-40
7.482795424228577885e-57
0
0
DERIV 20
5.811893872126445699e-42
1.7029130000524300931e-58
0
0
DERIV 21
-1.0517142197821501601e-43
9.737388530309262152e-61
0
0
DERIV 22
1.8475300018168763299e-45
5.189939030530206729e-62
0
0
DERIV 23
-3.157500062447232409e-47
-1.9314669694174353395e-63
0
0
DERIV 24
5.260381923199987554e-49
-1.0931538756379988456e-65
0
0
DERIV 25
-8.558661756811770660e-51
-9.311439429611334420e-68
0
0
DERIV 26
1.3621917317932825092e-52
5.815380561384611675e-69
0
0
DERIV 27
-2.1241568780585777403e-54
1.3040981906415393417e-70
0
0
DERIV 28
3.249913461558424442e-56
1.3495019142835360441e-72
0
0
DERIV 29
-4.885042208884012496e-58
-2.7845360180288469511e-74
0
0
DERIV 30
7.222846636073680199e-60
2.3433331187703037167e-76
0
0
DERIV 31
-1.0516850696693996123e-61
8.051219923494539299e-78
0
0
DERIV 32
1.5095887507974380357e-63
1.2341158611924730623e-79
0
0
DERIV 33
-2.138223797908688807e-65
-1.9681850252896919228e-81
0
0
DERIV 34
2.991336484477616598e-67
-5.200012970330253660e-85
0
0
DERIV 35
-4.136789184910319973e-69
-4.286698125379773221e-86
0
0
AT 82
5.629320212773145863e-14
2.9644993718965088199e-30
0
0
DERIV 1
-1.5656760287986010475e-14
-9.194166152385764416e-31
0
0
DERIV 2
2.2064749915540173556e-15
-1.4970235541028141437e-31
0
0
DERIV 3
-2.1011917090874158453e-16
1.1190050660155429974e-32
0
0
DERIV 4
1.5213676649404142639e-17
1.4237753010786730977e-34
0
0
DERIV 5
-8.935378090544173760e-19
-1.4350937726461535398e-35
0
0
DERIV 6
4.435169128014987190e-20
-1.0245481295104211982e-37
0
0
DERIV 7
-1.9139893046288886763e-21
7.859286016837699771e-38
0
0
DERIV 8
7.332200173821231859e-23
-6.285510210978671422e-40
0
0
DERIV 9
-2.5334473436205801540e-24
5.030069307100420439e-41
0
0
DERIV 10
7.995473519038310404e-26
-5.088061226421751566e-42
0
0
DERIV 11
-2.3284765891801485457e-27
2.667061750486395319e-44
0
0
DERIV 12
6.310642683391188305e-29
-2.5059003387381923113e-45
0
0
DERIV 13
-1.6030563533208558361e-30
-5.153652018970239675e-48
0
0
DERIV 14
3.840132053200722824e-32
1.7927647870847176379e-48
0
0
DERIV 15
-8.720802747353690389e-34
-4.748006396230024103e-50
0
0
DERIV 16
1.8861721510911544524e-35
-1.1286039835815071098e-51
0
0
DERIV 17
-3.901083651344732691e-37
-2.337390818422630163e-56
0
0
DERIV 18
7.743471897796348535e-39
-5.001073795392855511e-55
0
0
DERIV 19
-1.4799071689798650628e-40
-2.742249109130182343e-57
0
0
DERIV 20
2.7311303389912233810e-42
-3.093820120885089941e-59
0
0
DERIV 21
-4.879773352144716635e-44
-3.157099280957509645e-60
0
0
DERIV 22
8.461387591112836268e-46
-3.017275208217903185e-62
0
0
DERIV 23
-1.4269619053582512893e-47
-6.894195597882455879e-64
0
0
DERIV 24
2.3451784201585711692e-49
-5.200828783277707530e-66
0
0
DERIV 25
-3.762919594056234138e-51
-2.2914752023310133447e-67
0
0
DERIV 26
5.904580713084852787e-53
-2.703155471170593196e-69
0
0
DERIV 27
-9.074884628268564716e-55
1.4891566320603071603e-71
0
0
DERIV 28
1.3680528676001602626e-56
1.0985765609870101664e-72
0
0
DERIV 29
-2.0255826416956337447e-58
-1.2152110721555849461e-74
0
0
DERIV 30
2.949279812668446940e-60
1.3278216588924461232e-76
0
0
DERIV 31
-4.227622543113648311e-62
-3.004608814482118918e-79
0
0
DERIV 32
5.972426901713761331e-64
-2.3407747271876343356e-80
0
0
DERIV 33
-8.323535624082647771e-66
2.640126914298182061e-82
0
0
DERIV 34
1.1454217930606384172e-67
-5.540706818133140777e-84
0
0
DERIV 35
-1.5577380564009423773e-69
7.382444971097258993e-86
0
0
AT 84
3.234206483547552133e-14
3.0272974254696219678e-30
0
0
DERIV 1
-8.929208057823820057e-15
2.400667825729682772e-31
0
0
DERIV 2
1.2488839644903482949e-15
-6.000942038954450222e-32
0
0
DERIV 3
-1.1800792385146170969e-16
-1.1904424540057091418e-32
0
0
DERIV 4
8.476372496477293248e-18
-3.973605696780206398e-34
0
0
DERIV 5
-4.937699756038101655e-19
-3.441480078924373075e-35
0
0
DERIV 6
2.4303059493280728596e-20
5.219672082781758868e-37
0
0
DERIV 7
-1.0397526535846236735e-21
-6.719344912883407742e-38
0
0
DERIV 8
3.947871514269421983e-23
-1.5331726005620880484e-39
0
0
DERIV 9
-1.3516829739842121553e-24
2.555477298841867199e-41
0
0
DERIV 10
4.226056207114648366e-26
-1.2843743448863584728e-42
0
0
DERIV 11
-1.2189411922867411614e-27
6.835944600715195230e-44
0
0
DERIV 12
3.271100250504502940e-29
-2.7822661863506693565e-45
0
0
DERIV 13
-8.225570543593304824e-31
-3.701012271239790736e-47
0
0
DERIV 14
1.9500515126951698815e-32
-1.2567749861428019921e-48
0
0
DERIV 15
-4.381501989462980811e-34
3.050095853391073290e-50
0
0
DERIV 16
9.373392806256389358e-36
-1.2268105605556438102e-53
0
0
DERIV 17
-1.917037141385108278e-37
1.5398762810110825210e-53
0
0
DERIV 18
3.761753087087946706e-39
-4.653102843579195071e-56
0
0
DERIV 19
-7.105206543141748029e-41
2.570399912200434790e-57
0
0
DERIV 20
1.2955368035121174978e-42
5.264383241253942448e-59
0
0
DERIV 21
-2.286381696730166514e-44
-7.320401816726486832e-61
0
0
DERIV 22
3.914790555371281673e-46
2.862241000671921597e-62
0
0
DERIV 23
-6.517378433541927085e-48
2.3487113711563877202e-64
0
0
DERIV 24
1.0570747469288949479e-49
3.062627121860906076e-67
0
0
DERIV 25
-1.6733998361260535424e-51
-1.0258364648518010489e-67
0
0
DERIV 26
2.589911171215591182e-53
1.6858596346104091891e-69
0
0
DERIV 27
-3.924953641569745366e-55
9.509370269498242564e-72
0
0
DERIV 28
5.832721983390269600e-57
3.806522408633942053e-73
0
0
DERIV 29
-8.510825635712308286e-59
5.944074761780092241e-75
0
0
DERIV 30
1.2208733081390561614e-60
-4.907401659859726681e-77
0
0
DERIV 31
-1.7237119913159497296e-62
-3.861997889990783247e-79
0
0
DERIV 32
2.3978158268376537987e-64
9.848884325076543887e-81
0
0
DERIV 33
-3.289680515603591615e-66
1.8730526125250656492e-82
0
0
DERIV 34
4.455317281024907753e-68
-4.042238328634506461e-84
0
0
DERIV 35
-5.961609454890951606e-70
-4.192866216318419169e-86
0
0
AT 86
1.8656374270565178501e-14
7.408627249705290739e-31
0
0
DERIV 1
-5.113787070674197162e-15
2.778760900034368630e-32
0
0
DERIV 2
7.099667556488404315e-16
-1.7653319048595198536e-32
0
0
DERIV 3
-6.657743456942179105e-17
1.5034107771618879730e-33
0
0
DERIV 4
4.745012098965834675e-18
1.7207554427628481096e-34
0
0
DERIV 5
-2.742032017363386471e-19
-4.476711050674051953e-36
0
0
DERIV 6
1.3385549808226462675e-20
7.349567093526430844e-38
0
0
DERIV 7
-5.678548422973392693e-22
-2.502570734359571894e-38
0
0
DERIV 8
2.1374930962340563727e-23
-1.0549658202058148243e-39
0
0
DERIV 9
-7.253559304812362035e-25
2.2946525644792985649e-41
0
0
DERIV 10
2.2472131498671478565e-26
1.3721968419601698358e-42
0
0
DERIV 11
-6.421262473848862884e-28
4.346172461360364679e-44
0
0
DERIV 12
1.7066882311795467800e-29
1.6107855679556655418e-46
0
0
DERIV 13
-4.249532312671398367e-31
-1.3288620155492846146e-47
0
0
DERIV 14
9.973009719497257040e-33
-4.907711643092721540e-49
0
0
DERIV 15
-2.217669486227384274e-34
4.126996541523129197e-51
0
0
DERIV 16
4.694088801369705075e-36
-3.1384497869175400683e-52
0
0
DERIV 17
-9.496231282307735484e-38
-1.4175010418384421539e-55
0
0
DERIV 18
1.8427296677914086534e-39
1.0939745962271875487e-55
0
0
DERIV 19
-3.440977444133208558e-41
-2.4848443602367882071e-57
0
0
DERIV 20
6.201130764883521044e-43
1.6853354578587601259e-59
0
0
DERIV 21
-1.0813526590423143762e-44
6.063183888030999834e-62
0
0
DERIV 22
1.8289655131644531485e-46
-2.514459153164091549e-63
0
0
DERIV 23
-3.006967865478579621e-48
-4.666701586587145538e-65
0
0
DERIV 24
4.815049090178303371e-50
2.1740354058031396282e-66
0
0
DERIV 25
-7.523401646484967667e-52
6.209023898605163851e-68
0
0
DERIV 26
1.1489455812292869260e-53
-5.007744748439136061e-70
0
0
DERIV 27
-1.7176322534453767131e-55
-1.0946120539756324636e-71
0
0
DERIV 28
2.5172691070757806538e-57
-3.1649163289408325716e-74
0
0
DERIV 29
-3.621389891860692838e-59
2.4337192770306286500e-76
0
0
DERIV 30
5.120389312460192417e-61
2.4080480618091595794e-77
0
0
DERIV 31
-7.123783425194840560e-63
4.584696797573716703e-79
0
0
DERIV 32
9.762515368406863065e-65
1.3490347923116643628e-81
0
0
DERIV 33
-1.3191295577661188464e-66
7.155578951662784479e-84
0
0
DERIV 34
1.7590975140344332813e-68
7.747442559330633049e-85
0
0
DERIV 35
-2.3170961101637632018e-70
-3.070698170285657907e-87
0
0
AT 88
1.0803982478515634785e-14
-3.064210316034331219e-31
0
0
DERIV 1
-2.9406091803585227086e-15
-8.624684345131129526e-32
0
0
DERIV 2
4.053123192904695599e-16
8.307133080895013340e-33
0
0
DERIV 3
-3.772705237318761370e-17
-1.1156185181413079914e-33
0
0
DERIV 4
2.6684059206378524803e-18
1.7410449767712046096e-34
0
0
DERIV 5
-1.5299893065339347355e-19
6.909538663171283888e-37
0
0
DERIV 6
7.409071327839691122e-21
1.4274247482974047509e-37
0
0
DERIV 7
-3.117344667449243114e-22
-1.8917961890678935076e-38
0
0
DERIV 8
1.1635318099892624254e-23
2.7507149332164118969e-40
0
0
DERIV 9
-3.914306270423947943e-25
4.407374196085107927e-42
0
0
DERIV 10
1.2019323308141863686e-26
6.943277423444970369e-43
0
0
DERIV 11
-3.403206710018571630e-28
1.3437111978410900493e-44
0
0
DERIV 12
8.960915844122177019e-30
1.9213342495612940621e-46
0
0
DERIV 13
-2.209866100359015813e-31
7.222046126961889749e-49
0
0
DERIV 14
5.135376343581153294e-33
1.7213030435846987673e-49
0
0
DERIV 15
-1.1304647623323438920e-34
-2.7420148617597928664e-52
0
0
DERIV 16
2.3681932453889211830e-36
6.228206114676830429e-53
0
0
DERIV 17
-4.740376284108239944e-38
-1.2231236277391643440e-54
0
0
DERIV 18
9.099293582737510328e-40
2.780822594314166893e-56
0
0
DERIV 19
-1.6803513919610193541e-41
-5.094519864373770338e-58
0
0
DERIV 20
2.9939750939223434338e-43
-1.8807114917011888653e-59
0
0
DERIV 21
-5.160474690666242163e-45
1.0892868587167462448e-61
0
0
DERIV 22
8.624982363438882139e-47
1.2361742598016623622e-64
0
0
DERIV 23
-1.4008668424945149550e-48
1.4798980096184343798e-64
0
0
DERIV 24
2.215485404158714589e-50
3.363910072854685267e-69
0
0
DERIV 25
-3.417961905677017596e-52
-3.005178089438570133e-69
0
0
DERIV 26
5.152548253437098127e-54
-2.2301800630969952117e-70
0
0
DERIV 27
-7.601645667111508941e-56
-6.722898005595704412e-73
0
0
DERIV 28
1.0991264038631472526e-57
-9.724419726229306863e-75
0
0
DERIV 29
-1.5596254373720188995e-59
8.758477373842780959e-76
0
0
DERIV 30
2.1745151523854353914e-61
-7.248794026202876858e-78
0
0
DERIV 31
-2.982449601357666218e-63
-2.6300027676179988118e-79
0
0
DERIV 32
4.028254538999899632e-65
3.550086062579436935e-81
0
0
DERIV 33
-5.363233288766562579e-67
4.093286528332694628e-84
0
0
DERIV 34
7.045407984104035677e-69
-3.660904288562880155e-85
0
0
DERIV 35
-9.139701407362657091e-71
7.529832669608036096e-87
0
0
AT 90
6.280432573352238884e-15
-1.6695174626059231705e-31
0
0
DERIV 1
-1.6976415013887610641e-15
9.748699099228601288e-32
0
0
DERIV 2
2.323397004804244259e-16
-6.738207180719215014e-33
0
0
DERIV 3
-2.1469964774231947748e-17
8.862346657556005104e-35
0
0
DERIV 4
1.5072767752225950901e-18
5.683977486512996384e-35
0
0
DERIV 5
-8.576456979049316204e-20
-4.686517682196144661e-36
0
0
DERIV 6
4.120741714702336991e-21
2.311536239893096279e-37
0
0
DERIV 7
-1.7198881168493022655e-22
9.545790663363376718e-39
0
0
DERIV 8
6.366592178768849666e-24
-1.8953332287398926313e-41
0
0
DERIV 9
-2.123756077894116462e-25
-1.3212991522419222085e-41
0
0
DERIV 10
6.464823013148643900e-27
1.9420639636328298410e-44
0
0
DERIV 11
-1.8142435699653212717e-28
1.5230866797894706892e-45
0
0
DERIV 12
4.733608520898227728e-30
-3.1440325084806423186e-46
0
0
DERIV 13
-1.1564819722549973035e-31
-2.965560066081779431e-48
0
0
DERIV 14
2.6618083712877454972e-33
7.598116291849243387e-50
0
0
DERIV 15
-5.802166881080830375e-35
-1.7395149667236397661e-51
0
0
DERIV 16
1.2033019386109785469e-36
-5.186272948027369364e-53
0
0
DERIV 17
-2.383904551220736088e-38
1.1413926773891590484e-54
0
0
DERIV 18
4.527884630946463568e-40
-5.993888511345136496e-57
0
0
DERIV 19
-8.271635665689375927e-42
-5.512753379975141997e-59
0
0
DERIV 20
1.4575858096317779938e-43
8.980979039438795229e-60
0
0
DERIV 21
-2.4840511333321279638e-45
4.909066832535014859e-62
0
0
DERIV 22
4.103965261582099381e-47
-8.439996130858483554e-65
0
0
DERIV 23
-6.587279596227249915e-49
-1.5389777367348726441e-66
0
0
DERIV 24
1.0292736111659263037e-50
1.6355169017103049434e-67
0
0
DERIV 25
-1.5684500425274424007e-52
-6.051923943836455292e-69
0
0
DERIV 26
2.3348338049928056490e-54
6.263716135949571432e-71
0
0
DERIV 27
-3.400643696170829778e-56
1.5828221169226484515e-72
0
0
DERIV 28
4.853000922061540908e-58
1.7383370158097808946e-74
0
0
DERIV 29
-6.794891394170199952e-60
2.4181082307151605219e-76
0
0
DERIV 30
9.345772185448571548e-62
-9.170035806908850441e-79
0
0
DERIV 31
-1.2641786860403224968e-63
5.490306934189126382e-80
0
0
DERIV 32
1.6835579583527442851e-65
-7.832963381243716232e-82
0
0
DERIV 33
-2.2095723092282282840e-67
1.2786438372213653127e-83
0
0
DERIV 34
2.860579851439185946e-69
-2.2001355269806711570e-85
0
0
DERIV 35
-3.656318380389408486e-71
-3.569553780379088979e-87
0
0
AT 92
3.664363856752861104e-15
3.097838849693660989e-31
0
0
DERIV 1
-9.838303928685877467e-16
9.916034167199315533e-33
0
0
DERIV 2
1.3371729036183334083e-16
-1.0555288518228087504e-32
0
0
DERIV 3
-1.2268969084822673742e-17
8.321352020132505517e-35
0
0
DERIV 4
8.550727816552182872e-19
-6.146132380414156451e-36
0
0
DERIV 5
-4.829143301578228925e-20
-2.9277942222933830107e-36
0
0
DERIV 6
2.3025363260344017881e-21
8.723168852205252931e-39
0
0
DERIV 7
-9.534876689146808485e-23
-4.867799187763110174e-39
0
0
DERIV 8
3.501214027712641104e-24
-3.6139870774387527617e-40
0
0
DERIV 9
-1.1583080565816451664e-25
-2.918109708555625172e-42
0
0
DERIV 10
3.496174675991531178e-27
3.5192538128260059573e-43
0
0
DERIV 11
-9.726499055039309522e-29
2.6858149611995268332e-45
0
0
DERIV 12
2.5152633647177153566e-30
1.3711408924286310443e-46
0
0
DERIV 13
-6.089255480847557608e-32
4.626694446986559022e-48
0
0
DERIV 14
1.3884772161312251321e-33
-3.485705076919833793e-50
0
0
DERIV 15
-2.997711054545952380e-35
-1.6179546373708932696e-51
0
0
DERIV 16
6.156179701435858395e-37
-1.7787979821632647886e-53
0
0
DERIV 17
-1.2074270259242396170e-38
1.2164292145886111812e-54
0
0
DERIV 18
2.2698637979346270087e-40
1.7603594929983550383e-56
0
0
DERIV 19
-4.103214893023770584e-42
1.4922137900738630621e-58
0
0
DERIV 20
7.153037452251965017e-44
1.3327941883575642368e-60
0
0
DERIV 21
-1.2056873511877115038e-45
3.400313049420405515e-62
0
0
DERIV 22
1.9696512216341048557e-47
-6.195341062945628011e-64
0
0
DERIV 23
-3.1253339693586059575e-49
1.1248730259216604507e-65
0
0
DERIV 24
4.826349219837840851e-51
2.5715853596974725356e-67
0
0
DERIV 25
-7.266895358861061406e-53
-1.0135227056746523335e-69
0
0
DERIV 26
1.0686051552425032372e-54
-6.116631336761336008e-71
0
0
DERIV 27
-1.5370870297149885876e-56
-8.292164249431427594e-73
0
0
DERIV 28
2.1657935693840977226e-58
9.720918207476799179e-75
0
0
DERIV 29
-2.993315035150778981e-60
-1.3836691394680512628e-76
0
0
DERIV 30
4.062963209766677833e-62
-3.501113513816908119e-78
0
0
DERIV 31
-5.422373151784008661e-64
4.003326161976750750e-81
0
0
DERIV 32
7.122930907360586020e-66
3.707179234779781805e-82
0
0
DERIV 33
-9.219052364893939669e-68
-6.552323634134103257e-84
0
0
DERIV 34
1.1767347304067644290e-69
7.739416559409192152e-86
0
0
DERIV 35
-1.4825708493947322217e-71
1.2602583781547086579e-88
0
0
AT 94
2.1456923165132485456e-15
1.3657510568606884083e-31
0
0
DERIV 1
-5.722871401078563159e-16
-3.580556110591582960e-32
0
0
DERIV 2
7.725622044314970075e-17
2.5978372368469335333e-33
0
0
DERIV 3
-7.039332321141745203e-18
2.371359611459497503e-34
0
0
DERIV 4
4.871104841333300275e-19
-1.0391991291949572351e-35
0
0
DERIV 5
-2.730971105949378256e-20
-5.350389233965228854e-37
0
0
DERIV 6
1.2923968035901192291e-21
3.252811308773531393e-38
0
0
DERIV 7
-5.310858660444423928e-23
-2.7336214977307950940e-39
0
0
DERIV 8
1.9348383171301553668e-24
-7.001434427598980565e-41
0
0
DERIV 9
-6.349517662346857930e-26
4.683805457014431283e-42
0
0
DERIV 10
1.9006972333816938337e-27
-2.756416680327742421e-44
0
0
DERIV 11
-5.243126534352549519e-29
-4.826981565434464699e-45
0
0
DERIV 12
1.3441272153424430697e-30
2.810001032536933710e-48
0
0
DERIV 13
-3.225163806336019236e-32
2.3781302009748382668e-48
0
0
DERIV 14
7.287239450661299499e-34
1.3226136675910369504e-50
0
0
DERIV 15
-1.5586741672633472674e-35
3.432912178596338572e-52
0
0
DERIV 16
3.170453397347517427e-37
5.070857887095280882e-54
0
0
DERIV 17
-6.157685041434931112e-39
4.517072206098076918e-55
0
0
DERIV 18
1.1460503569119228578e-40
4.625257484824832045e-57
0
0
DERIV 19
-2.0505732468401254565e-42
-6.318232161200337043e-60
0
0
DERIV 20
3.537427419785281963e-44
-1.9098224744462512325e-60
0
0
DERIV 21
-5.898965756289321341e-46
-1.6207191235315128372e-62
0
0
DERIV 22
9.531738347337785009e-48
4.023018278783679188e-64
0
0
DERIV 23
-1.4956081252672909696e-49
-6.213184243963206031e-66
0
0
DERIV 24
2.2833651858962580765e-51
-1.4450087213926256682e-67
0
0
DERIV 25
-3.398108549015889903e-53
7.641565162949262944e-70
0
0
DERIV 26
4.937802857157064067e-55
-1.2065387065943913684e-71
0
0
DERIV 27
-7.016808791005795844e-57
-2.7470409714264400683e-73
0
0
DERIV 28
9.765169843794179938e-59
-1.7273362301257636525e-75
0
0
DERIV 29
-1.3327050218588981031e-60
-1.0781094235050875389e-76
0
0
DERIV 30
1.7858348148761890035e-62
8.866550883017250849e-79
0
0
DERIV 31
-2.3523572591189706216e-64
1.0729039852960702556e-80
0
0
DERIV 32
3.049212669729192637e-66
-1.2859538032087070590e-82
0
0
DERIV 33
-3.893418335599226498e-68
1.3445147776758250585e-84
0
0
DERIV 34
4.901636307541563002e-70
9.339859930118837434e-87
0
0
DERIV 35
-6.089743139967984740e-72
4.077847040362756939e-88
0
0
AT 96
1.2608244966428409214e-15
6.706381657788445939e-32
0
0
DERIV 1
-3.341052958880312018e-16
-3.259347478428099364e-33
0
0
DERIV 2
4.480378266340950323e-17
2.5710100885907411809e-33
0
0
DERIV 3
-4.054641207698570662e-18
1.1144977924176305101e-34
0
0
DERIV 4
2.786212737685199383e-19
-2.0959602870163078905e-35
0
0
DERIV 5
-1.5509366128402112346e-20
-9.942091323719891475e-37
0
0
DERIV 6
7.285938478617681566e-22
-3.122269275896732085e-38
0
0
DERIV 7
-2.971582695486006461e-23
9.335753342883971914e-40
0
0
DERIV 8
1.0742867949393410008e-24
1.1762384297270295597e-41
0
0
DERIV 9
-3.497728434135290350e-26
-9.813687650263265291e-43
0
0
DERIV 10
1.0385890060211302110e-27
-7.484992839613639542e-44
0
0
DERIV 11
-2.841322550657594106e-29
-1.7933700479120914989e-45
0
0
DERIV 12
7.222414363261779207e-31
4.243928385508619992e-47
0
0
DERIV 13
-1.7179736855003289292e-32
-1.2708251356803869598e-48
0
0
DERIV 14
3.847333966886022696e-34
-2.786698606372933308e-51
0
0
DERIV 15
-8.154405899104093540e-36
3.457807422853568978e-52
0
0
DERIV 16
1.6432559823011814008e-37
7.304307226924148570e-54
0
0
DERIV 17
-3.161212464418004993e-39
-2.1926568746467355867e-55
0
0
DERIV 18
5.826351375958034238e-41
4.658399644908541284e-57
0
0
DERIV 19
-1.0321157407789102365e-42
6.848583205208319903e-59
0
0
DERIV 20
1.7623951500992669226e-44
-5.606775611148756832e-62
0
0
DERIV 21
-2.9084124006806886551e-46
-1.3854432534993142157e-62
0
0
DERIV 22
4.649622249136621042e-48
2.7089489473264589240e-64
0
0
DERIV 23
-7.216546253392638084e-50
1.4585004249568682990e-66
0
0
DERIV 24
1.0895651327786008388e-51
7.386845893342725199e-68
0
0
DERIV 25
-1.6031763562588981342e-53
-9.296670648911966284e-71
0
0
DERIV 26
2.3027349098152188406e-55
8.231702904528761265e-72
0
0
DERIV 27
-3.233821026433951382e-57
1.6488627100111563102e-74
0
0
DERIV 28
4.446543036615445649e-59
4.133212351140411561e-75
0
0
DERIV 29
-5.994372022727895665e-61
-1.5032874274782685557e-77
0
0
DERIV 30
7.932663510565909439e-63
3.965384708800831144e-79
0
0
DERIV 31
-1.0316940480459819150e-64
-6.461401787202609330e-82
0
0
DERIV 32
1.3201032285259992626e-66
9.878299872769670372e-84
0
0
DERIV 33
-1.6635175356592718489e-68
-7.993697017202552903e-86
0
0
DERIV 34
2.0664183215240102209e-70
1.4807693793135390111e-86
0
0
DERIV 35
-2.532578581772317143e-72
-1.1419316017601920605e-89
0
0
AT 98
7.433966310206267854e-16
2.3099019609293316860e-32
0
0
DERIV 1
-1.9574312643172062330e-16
1.3645605798764954938e-33
0
0
DERIV 2
2.6078765342407060767e-17
-6.990686871693104586e-34
0
0
DERIV 3
-2.3443595969206554400e-18
5.914190949804877224e-35
0
0
DERIV 4
1.5999782867631537405e-19
-7.625092359791647473e-37
0
0
DERIV 5
-8.844000151490760546e-21
-7.472146581960287341e-37
0
0
DERIV 6
4.124964675047821932e-22
-1.7447372588021423846e-39
0
0
DERIV 7
-1.6700369344596565185e-23
-4.441081413536049074e-40
0
0
DERIV 8
5.992165926827642256e-25
-1.8319768151982489106e-41
0
0
DERIV 9
-1.9359547242663104133e-26
9.088911065752013485e-43
0
0
DERIV 10
5.703177869201300842e-28
3.329216966065626100e-44
0
0
DERIV 11
-1.5476573833692995579e-29
-1.3677653715203649566e-45
0
0
DERIV 12
3.901514811029286424e-31
-1.2202863409981517627e-47
0
0
DERIV 13
-9.201909445425151660e-33
4.819388812023561563e-49
0
0
DERIV 14
2.042887888786798917e-34
1.1513644492578978549e-50
0
0
DERIV 15
-4.291523013438883491e-36
-1.8558082280204152983e-52
0
0
DERIV 16
8.569763386186451783e-38
-3.411473270737423703e-55
0
0
DERIV 17
-1.6333175345937189772e-39
-1.5837580525118076377e-55
0
0
DERIV 18
2.981773842042252230e-41
2.2247936252974685904e-57
0
0
DERIV 19
-5.230874448615289405e-43
-1.8462219094262994819e-60
0
0
DERIV 20
8.843475013209389154e-45
6.418871441734532922e-63
0
0
DERIV 21
-1.4446231244625771546e-46
6.158539711503591245e-63
0
0
DERIV 22
2.2855969933336306985e-48
-3.543890997370584803e-65
0
0
DERIV 23
-3.509932617110521544e-50
1.6284851717674775528e-66
0
0
DERIV 24
5.242199790533279103e-52
3.286978677738163811e-68
0
0
DERIV 25
-7.628444839080414932e-54
-7.705461896266346669e-71
0
0
DERIV 26
1.0834184543028886697e-55
-4.569705864867431165e-72
0
0
DERIV 27
-1.5040736339541989656e-57
1.4879028971823808296e-74
0
0
DERIV 28
2.043995249830946374e-59
8.649270020352206593e-76
0
0
DERIV 29
-2.7227582448720158444e-61
-1.2778672457723452913e-77
0
0
DERIV 30
3.559562528397435799e-63
1.9283763400664995824e-79
0
0
DERIV 31
-4.572413688900148678e-65
6.930381673006273253e-82
0
0
DERIV 32
5.777301197249104604e-67
2.8373672624174996043e-83
0
0
DERIV 33
-7.187426619211848103e-69
3.405741842108734068e-85
0
0
DERIV 34
8.812529997634389485e-71
-2.243516032628264298e-87
0
0
DERIV 35
-1.0658354165010763163e-72
-1.4628702833686494322e-89
0
0
AT 100
4.397719261732609356e-16
-1.5085660646014807624e-32
0
0
DERIV 1
-1.1507568041510908750e-16
1.0140538140421985950e-32
0
0
DERIV 2
1.5233802887548657436e-17
4.842170561940901802e-34
0
0
DERIV 3
-1.3605118786467084657e-18
8.594211937717098459e-35
0
0
DERIV 4
9.223163429448039443e-20
-4.305960794346827327e-36
0
0
DERIV 5
-5.063275231643777486e-21
2.097702594479139388e-37
0
0
DERIV 6
2.345025989441989505e-22
-4.503538368963609058e-39
0
0
DERIV 7
-9.425929345547108403e-24
-6.330394744254748677e-40
0
0
DERIV 8
3.357198859006533500e-25
-1.2333552529582970107e-41
0
0
DERIV 9
-1.0764812068970680215e-26
3.954268929224691827e-43
0
0
DERIV 10
3.146788418561019121e-28
1.1539075930406568646e-44
0
0
DERIV 11
-8.471975111195391205e-30
-1.9604778276816301495e-46
0
0
DERIV 12
2.118462204639243462e-31
-2.0618446736494833255e-47
0
0
DERIV 13
-4.955186592508198673e-33
-3.2897358013021694467e-49
0
0
DERIV 14
1.0907791379525614415e-34
2.812879532350465848e-51
0
0
DERIV 15
-2.2715814551914988327e-36
-3.135896366282421630e-53
0
0
DERIV 16
4.495970078263908293e-38
9.136498606974363740e-55
0
0
DERIV 17
-8.491314278738606034e-40
6.242988434230215657e-57
0
0
DERIV 18
1.5358176271190250618e-41
5.576399107681932379e-58
0
0
DERIV 19
-2.6687622747829012150e-43
6.479995186251420855e-60
0
0
DERIV 20
4.468258857751356098e-45
1.6691212587400123093e-61
0
0
DERIV 21
-7.227000625435185916e-47
4.254914035512352569e-63
0
0
DERIV 22
1.1318766039006409423e-48
2.000434257135484535e-65
0
0
DERIV 23
-1.7202886292893858296e-50
1.0150364681608401609e-66
0
0
DERIV 24
2.5422955355381641684e-52
1.2182857381518908330e-68
0
0
DERIV 25
-3.659863939429259358e-54
-2.8198013636973352832e-70
0
0
DERIV 26
5.141004846837191557e-56
-2.642126407567690827e-72
0
0
DERIV 27
-7.057487419465951234e-58
-7.002616819762767953e-74
0
0
DERIV 28
9.481927279321288528e-60
3.386901397396460296e-76
0
0
DERIV 29
-1.2484417675203198858e-61
4.117436715595353665e-79
0
0
DERIV 30
1.6128925570061888554e-63
7.032219979702123295e-80
0
0
DERIV 31
-2.046970505920754825e-65
7.080101035025328383e-83
0
0
DERIV 32
2.5547984390865714454e-67
-7.633672860728556158e-85
0
0
DERIV 33
-3.138916092557585149e-69
-2.2675272984238281644e-85
0
0
DERIV 34
3.800069464643766402e-71
-2.921522111039180673e-87
0
0
DERIV 35
-4.537083168352507962e-73
1.2187858748804272666e-89
0
0
AT 102
2.609992455911553908e-16
8.751971275237495451e-33
0
0
DERIV 1
-6.787913895141464138e-17
-2.1840457979209970409e-33
0
0
DERIV 2
8.929730625306435695e-18
1.5975233079305596430e-34
0
0
DERIV 3
-7.923996816539767568e-19
-2.1390672507015311580e-35
0
0
DERIV 4
5.336627681222877814e-20
-2.0003783039835071586e-36
0
0
DERIV 5
-2.9100144420351461030e-21
-1.0873965679061678360e-37
0
0
DERIV 6
1.3384985056973867486e-22
1.0518359207155485721e-38
0
0
DERIV 7
-5.342315194515875100e-24
-4.642475514466524354e-41
0
0
DERIV 8
1.8890543176392184302e-25
-1.0478383911012103822e-41
0
0
DERIV 9
-6.012586498950226805e-27
1.0135971614237355077e-43
0
0
DERIV 10
1.7443511548681937866e-28
-6.552957715964095798e-45
0
0
DERIV 11
-4.659991013224434276e-30
4.956172293280515244e-47
0
0
DERIV 12
1.1560491770934796933e-31
-8.282033572991942055e-48
0
0
DERIV 13
-2.6821964149319049850e-33
-1.0812854698437031273e-49
0
0
DERIV 14
5.855457870555120804e-35
-4.282136022917312543e-51
0
0
DERIV 15
-1.2091023983760206810e-36
-7.103347636659172259e-53
0
0
DERIV 16
2.372384055401937078e-38
-2.0630648282872254453e-54
0
0
DERIV 17
-4.440974731082641983e-40
-3.025909876121561571e-56
0
0
DERIV 18
7.959738579248455371e-42
-2.0239004822029265800e-58
0
0
DERIV 19
-1.3703700254037684912e-43
-8.046876642842025400e-60
0
0
DERIV 20
2.2727270639762660268e-45
-1.5053704957006465378e-61
0
0
DERIV 21
-3.640487137697149225e-47
-8.793387177035805645e-65
0
0
DERIV 22
5.645517475028932373e-49
2.476707453878163760e-66
0
0
DERIV 23
-8.494142484175687265e-51
4.319417861233284534e-67
0
0
DERIV 24
1.2424178393461221542e-52
-2.448677126882528156e-69
0
0
DERIV 25
-1.7698627078422676988e-54
-1.2397180782916219734e-71
0
0
DERIV 26
2.459603167406478050e-56
1.7176378441522589152e-72
0
0
DERIV 27
-3.339787847303284041e-58
2.9162697431430225988e-74
0
0
DERIV 28
4.437379194894795169e-60
1.4913562573868928357e-76
0
0
DERIV 29
-5.776555964534420964e-62
-4.180540766535761196e-79
0
0
DERIV 30
7.377120032825080374e-64
2.3103473066193839849e-80
0
0
DERIV 31
-9.253032989249917961e-66
-4.352600024964074397e-82
0
0
DERIV 32
1.1411198361590660194e-67
-8.192198294851264179e-84
0
0
DERIV 33
-1.3850583837356021542e-69
1.4858612873879577152e-86
0
0
DERIV 34
1.6561747687088244208e-71
-7.329125059075476649e-88
0
0
DERIV 35
-1.9526798845601135066e-73
1.2830490366584098856e-89
0
0
AT 104
1.5538936072813874478e-16
5.052492279855934613e-33
0
0
DERIV 1
-4.017060668382066565e-17
4.001826302922653858e-34
0
0
DERIV 2
5.252168650047002204e-18
-1.1735894607966864512e-34
0
0
DERIV 3
-4.631370756235464255e-19
4.723914531960698136e-35
0
0
DERIV 4
3.099076780070582732e-20
-2.3420220537496011333e-36
0
0
DERIV 5
-1.6787827019734603995e-21
2.802837215770296391e-38
0
0
DERIV 6
7.669788613136186609e-23
-5.417083786449757958e-39
0
0
DERIV 7
-3.0401286007588445317e-24
2.427885460423738472e-41
0
0
DERIV 8
1.0674146558464067037e-25
6.312323476133490122e-42
0
0
DERIV 9
-3.372905781653499440e-27
1.6804035785457375195e-43
0
0
DERIV 10
9.713090263280980631e-29
-2.3680315374507234951e-45
0
0
DERIV 11
-2.5752199076215132953e-30
-7.408675870135859214e-47
0
0
DERIV 12
6.339208592708577703e-32
-5.383370806427865620e-48
0
0
DERIV 13
-1.4591544436891282705e-33
2.760862218878818922e-50
0
0
DERIV 14
3.159691671537735523e-35
-1.1737983595772469803e-51
0
0
DERIV 15
-6.470533707377598864e-37
4.061195413735706069e-53
0
0
DERIV 16
1.2588502734844265673e-38
1.1347205174922210985e-54
0
0
DERIV 17
-2.3361313931925491803e-40
-1.8970167374152930639e-56
0
0
DERIV 18
4.150156564617248519e-42
-1.1295798848117453878e-58
0
0
DERIV 19
-7.080536440067587022e-44
1.5352704348383195458e-60
0
0
DERIV 20
1.1634650201682157224e-45
-4.990734560376208100e-62
0
0
DERIV 21
-1.8461103316246571823e-47
-3.661725850983279764e-64
0
0
DERIV 22
2.8353569993115871086e-49
1.2164147375309600538e-65
0
0
DERIV 23
-4.224181590840372939e-51
1.997096988282873452e-68
0
0
DERIV 24
6.116775499566195792e-53
-1.5127805478925970532e-69
0
0
DERIV 25
-8.624595399119544402e-55
-3.5025466393227413442e-71
0
0
DERIV 26
1.1860984773405748104e-56
2.3949888886489147504e-73
0
0
DERIV 27
-1.5934678880772406888e-58
-1.6324189400314372148e-74
0
0
DERIV 28
2.0942663798454472873e-60
-1.7259774267124357141e-77
0
0
DERIV 29
-2.696296629787559512e-62
1.1463478796977720755e-78
0
0
DERIV 30
3.404798965347355257e-64
-5.630485344369632505e-81
0
0
DERIV 31
-4.221897665090184908e-66
-2.6146544312654961280e-82
0
0
DERIV 32
5.146208169498213395e-68
-3.897787480922205846e-84
0
0
DERIV 33
-6.172638471376072538e-70
4.770349320742444768e-86
0
0
DERIV 34
7.292400182340849475e-72
-3.460732184407255993e-88
0
0
DERIV 35
-8.493226449101441459e-74
-4.989681044550462458e-90
0
0
AT 106
9.279840181562033540e-17
-5.000944547249064666e-33
0
0
DERIV 1
-2.3848709019253942570e-17
3.593477800467558309e-34
0
0
DERIV 2
3.0993633224653394547e-18
-1.6100751500554243370e-34
0
0
DERIV 3
-2.716185136784694918e-19
1.4217300834667194322e-35
0
0
DERIV 4
1.8060733017572218661e-20
1.1679782830547444529e-36
0
0
DERIV 5
-9.720453766477510163e-22
7.726534930042053297e-38
0
0
DERIV 6
4.411627594690963391e-23
2.4225781386450303022e-39
0
0
DERIV 7
-1.7368558358914267254e-24
-5.825404984908756963e-41
0
0
DERIV 8
6.056098366779990814e-26
-1.4120895850939276967e-44
0
0
DERIV 9
-1.9001247268108503971e-27
1.0067917909583552785e-43
0
0
DERIV 10
5.432282052420001397e-29
-4.442817658400257795e-45
0
0
DERIV 11
-1.4295972926369765784e-30
-6.011339705180031881e-47
0
0
DERIV 12
3.492490089816167368e-32
-1.5833334364467835585e-48
0
0
DERIV 13
-7.976771135624888221e-34
-2.785029803709850065e-50
0
0
DERIV 14
1.7136419624927250416e-35
-1.3122381537951895057e-51
0
0
DERIV 15
-3.480868628581367041e-37
1.9999526196329901867e-53
0
0
DERIV 16
6.716071227935230893e-39
6.166668285612839641e-55
0
0
DERIV 17
-1.2358127646598640728e-40
3.311482626964149522e-57
0
0
DERIV 18
2.1764747769302459889e-42
4.278774393158030994e-59
0
0
DERIV 19
-3.680507708767858068e-44
3.389402397224329879e-61
0
0
DERIV 20
5.993288342350501100e-46
-1.5292400878872209521e-62
0
0
DERIV 21
-9.422299590754456015e-48
-5.846582520908895074e-64
0
0
DERIV 22
1.4335436887407786471e-49
-2.435497381915817695e-66
0
0
DERIV 23
-2.1152693372182097226e-51
-5.694255528388858656e-68
0
0
DERIV 24
3.033060647206810936e-53
-2.1944105781220677203e-69
0
0
DERIV 25
-4.233971805802838210e-55
2.3228939457648270629e-71
0
0
DERIV 26
5.763624175701726304e-57
2.6696447119059540992e-73
0
0
DERIV 27
-7.662999184433876929e-59
2.0966317503936547321e-75
0
0
DERIV 28
9.965126634096931961e-61
-3.559348604737343341e-77
0
0
DERIV 29
-1.2691968854475811720e-62
9.312807597452401497e-79
0
0
DERIV 30
1.5851794875164823622e-64
-1.3723135750604942190e-80
0
0
DERIV 31
-1.9437296587605047242e-66
1.2684296056650121532e-82
0
0
DERIV 32
2.342462764665171802e-68
2.3034602432011730870e-85
0
0
DERIV 33
-2.7773456392719212025e-70
1.6397914302031269951e-87
0
0
DERIV 34
3.242802880920254642e-72
-2.2430665609936786028e-88
0
0
DERIV 35
-3.731914845160405753e-74
-3.549493725402274717e-90
0
0
AT 108
5.558597094147158698e-17
-4.652140797625327623e-33
0
0
DERIV 1
-1.4202747954128915869e-17
6.244533923938794570e-34
0
0
DERIV 2
1.8348672990784399935e-18
1.3478093891780956503e-34
0
0
DERIV 3
-1.5982941178337502419e-19
-1.7794635099696131167e-36
0
0
DERIV 4
1.0561777035497051474e-20
-2.614610362423647444e-37
0
0
DERIV 5
-5.648462030874108053e-22
-2.2850543537252941659e-38
0
0
DERIV 6
2.5469532554186227871e-23
-6.631000545666896693e-40
0
0
DERIV 7
-9.960918997245782019e-25
-4.534795819108810555e-41
0
0
DERIV 8
3.449655898623530184e-26
1.8286483509424230893e-42
0
0
DERIV 9
-1.0748418766220499116e-27
-3.171839646085162183e-44
0
0
DERIV 10
3.051093300692499656e-29
2.7717934257774703957e-45
0
0
DERIV 11
-7.971268303574919620e-31
2.201491021160254485e-47
0
0
DERIV 12
1.9329383911671126275e-32
-8.782816143943636242e-49
0
0
DERIV 13
-4.381335051115914998e-34
3.414685026954487059e-50
0
0
DERIV 14
9.339468354193882019e-36
6.485227261928207237e-52
0
0
DERIV 15
-1.882077702921475626e-37
1.7392656729504555951e-53
0
0
DERIV 16
3.601945375464212203e-39
8.615219102595533110e-56
0
0
DERIV 17
-6.573088553080856303e-41
-2.5103652768214230154e-58
0
0
DERIV 18
1.1478563895005346786e-42
4.055200403220744034e-59
0
0
DERIV 19
-1.9243321339104229275e-44
9.524610546129095765e-61
0
0
DERIV 20
3.1059634513554019727e-46
6.138741079050122521e-63
0
0
DERIV 21
-4.839123706668238189e-48
-2.5536611736262911973e-64
0
0
DERIV 22
7.294886740398644861e-50
-4.169569317312296473e-66
0
0
DERIV 23
-1.0663253282880776914e-51
-6.740987195201617314e-68
0
0
DERIV 24
1.5143970799221973767e-53
8.274988143515007762e-70
0
0
DERIV 25
-2.0934331404725606338e-55
-4.660758216004241838e-72
0
0
DERIV 26
2.821479222129976490e-57
2.1884612567396392803e-73
0
0
DERIV 27
-3.713363942263786026e-59
-4.152173117789420237e-76
0
0
DERIV 28
4.779214524725663701e-61
-1.7505512756264913403e-77
0
0
DERIV 29
-6.023170699290788080e-63
2.758772441348702514e-79
0
0
DERIV 30
7.442430216832592109e-65
2.702995678998877925e-81
0
0
DERIV 31
-9.026727072222436969e-67
-7.632501146138456411e-84
0
0
DERIV 32
1.0758299503234859566e-68
-5.287162488162105290e-85
0
0
DERIV 33
-1.2612355663263343527e-70
5.443787036662478631e-87
0
0
DERIV 34
1.4557997267777157879e-72
-5.324997175812338739e-89
0
0
DERIV 35
-1.6559521281615966186e-74
5.941029976538243068e-92
0
0
AT 110
3.339373315013644100e-17
3.299408366298981277e-34
0
0
DERIV 1
-8.483965633516820155e-18
-5.300576783168136078e-34
0
0
DERIV 2
1.0896862902804026590e-18
-3.880830651077502180e-35
0
0
DERIV 3
-9.435525336142708004e-20
-3.964737913440388974e-36
0
0
DERIV 4
6.197262303971858078e-21
2.831438008575770899e-37
0
0
DERIV 5
-3.293716598858686719e-22
2.0162552444336188073e-38
0
0
DERIV 6
1.4757352388097123925e-23
-9.842559019675125976e-40
0
0
DERIV 7
-5.733969412194811860e-25
1.8679593085923534849e-41
0
0
DERIV 8
1.9725861408519386889e-26
-3.900476583670767244e-43
0
0
DERIV 9
-6.104407215997141418e-28
2.2001388558861184268e-44
0
0
DERIV 10
1.7207839960386110296e-29
-5.495323113189556176e-46
0
0
DERIV 11
-4.463774649954190768e-31
-3.739540021586802054e-47
0
0
DERIV 12
1.0745524842236116135e-32
3.443568427059405442e-49
0
0
DERIV 13
-2.417578246824238369e-34
1.0186864580781011113e-50
0
0
DERIV 14
5.114335701405141996e-36
-2.7544554608331640211e-52
0
0
DERIV 15
-1.0226454946060369612e-37
-1.5236540687587011284e-54
0
0
DERIV 16
1.9416530300674684342e-39
8.417125109968639433e-57
0
0
DERIV 17
-3.514604195115826678e-41
2.0810565677346917100e-57
0
0
DERIV 18
6.086834920050844615e-43
-3.153720915623651689e-59
0
0
DERIV 19
-1.0118235381605741254e-44
2.7398109946402162118e-61
0
0
DERIV 20
1.6190671022969131675e-46
-3.706364549050684532e-63
0
0
DERIV 21
-2.5003527461743292458e-48
1.3883107337861054310e-64
0
0
DERIV 22
3.735432024591720966e-50
-1.9493915988465237717e-66
0
0
DERIV 23
-5.410294191107889790e-52
-1.1153415805526279984e-68
0
0
DERIV 24
7.612030054983193769e-54
5.216430665200018271e-70
0
0
DERIV 25
-1.0422448377388457379e-55
-6.673626715527638080e-72
0
0
DERIV 26
1.3910973900309721944e-57
7.617821001399542915e-74
0
0
DERIV 27
-1.8127509924169210768e-59
6.310087039357312599e-76
0
0
DERIV 28
2.3096011632766362734e-61
7.923606587708888480e-78
0
0
DERIV 29
-2.880947711093352522e-63
2.4307099849140180327e-79
0
0
DERIV 30
3.522692757041224551e-65
-1.9748574234971189268e-81
0
0
DERIV 31
-4.227273908250842094e-67
-8.727341205745362811e-85
0
0
DERIV 32
4.983843816779422422e-69
2.0686775929768823691e-85
0
0
DERIV 33
-5.778681978770122287e-71
3.994363570322083756e-87
0
0
DERIV 34
6.595802262735460572e-73
3.881212774831553060e-89
0
0
DERIV 35
-7.417702899003886610e-75
-6.347528632269342021e-92
0
0
AT 112
2.0119197150848188561e-17
1.2182867213237143769e-33
0
0
DERIV 1
-5.082925445812680658e-18
-3.703125508474474489e-34
0
0
DERIV 2
6.491284966314930882e-19
8.190567292247015462e-36
0
0
DERIV 3
-5.587963361510762990e-20
5.521951129816415100e-36
0
0
DERIV 4
3.648281069170998975e-21
-3.211100695296809076e-37
0
0
DERIV 5
-1.9271565671205453891e-22
-1.0286518341915323536e-38
0
0
DERIV 6
8.580680652176181662e-24
-1.9391318519622721607e-40
0
0
DERIV 7
-3.312760965252211969e-25
2.0528312522398177195e-41
0
0
DERIV 8
1.1322174047979364409e-26
5.971786379855575988e-43
0
0
DERIV 9
-3.480430243383117245e-28
-1.4847554540896353163e-44
0
0
DERIV 10
9.744210371154855163e-30
1.2060360485243999808e-46
0
0
DERIV 11
-2.510079669522413619e-31
-2.1042618623736748336e-47
0
0
DERIV 12
5.999440876816768496e-33
2.3814208487797255972e-49
0
0
DERIV 13
-1.3399648971040830198e-34
-6.741647395487505903e-51
0
0
DERIV 14
2.8136016559598611362e-36
1.9891638678393053593e-53
0
0
DERIV 15
-5.583271069362517419e-38
-1.1590824336149840012e-54
0
0
DERIV 16
1.0518509279152060376e-39
3.813394311499120461e-56
0
0
DERIV 17
-1.8888860719922512600e-41
7.547469877889469509e-58
0
0
DERIV 18
3.2448495453799000120e-43
1.0798396431995598957e-60
0
0
DERIV 19
-5.349431501677044906e-45
1.3377601586481857907e-61
0
0
DERIV 20
8.487755751818761307e-47
-2.730602002592676984e-63
0
0
DERIV 21
-1.2995086089657734281e-48
-7.268656060414723814e-65
0
0
DERIV 22
1.9243880191555761502e-50
-3.229075855932522436e-67
0
0
DERIV 23
-2.7622956797297290568e-52
1.7325804287378317836e-68
0
0
DERIV 24
3.850971970082468315e-54
-9.749613745905371131e-71
0
0
DERIV 25
-5.223756691604926395e-56
6.357985150359891116e-73
0
0
DERIV 26
6.906158194740894497e-58
5.702716430709546143e-75
0
0
DERIV 27
-8.912616740614164961e-60
2.2855180723523608064e-77
0
0
DERIV 28
1.1243832609261097476e-61
-2.905461785682950767e-78
0
0
DERIV 29
-1.3884980583646633963e-63
-8.490224139226223247e-80
0
0
DERIV 30
1.6805038323883195540e-65
1.1206729162706217046e-82
0
0
DERIV 31
-1.9957332404959933799e-67
9.286286217116123885e-84
0
0
DERIV 32
2.328127196438275499e-69
2.0836591568861049026e-85
0
0
DERIV 33
-2.6705115561070897491e-71
-1.0971195606254328792e-87
0
0
DERIV 34
3.014951818103859706e-73
-1.3835242557487005279e-89
0
0
DERIV 35
-3.353154289331338027e-75
5.822189462903108109e-92
0
0
AT 114
1.2155538262907328227e-17
4.369600820288973503e-34
0
0
DERIV 1
-3.0541294027788010603e-18
1.7138131573930287445e-34
0
0
DERIV 2
3.878477250072649970e-19
1.5703968747750392193e-35
0
0
DERIV 3
-3.319605907630553501e-20
-1.1488447282524570074e-36
0
0
DERIV 4
2.1546066331555603851e-21
1.2500715738219058778e-37
0
0
DERIV 5
-1.1313227947626503917e-22
-9.911965883437256318e-39
0
0
DERIV 6
5.006370905882210689e-24
-1.4740215132173728510e-40
0
0
DERIV 7
-1.9207190374007817149e-25
3.553758108715703665e-42
0
0
DERIV 8
6.522522028278330848e-27
4.780226012201012790e-43
0
0
DERIV 9
-1.9919067700780515492e-28
9.611775446239703395e-46
0
0
DERIV 10
5.539496327582352000e-30
6.314877123404336651e-47
0
0
DERIV 11
-1.4172118161860852670e-31
1.0898972887753076004e-47
0
0
DERIV 12
3.363695253419141004e-33
7.806686271275234047e-50
0
0
DERIV 13
-7.459192141392932667e-35
-1.7726412932529946121e-51
0
0
DERIV 14
1.5548423355640756574e-36
1.2299791954552129506e-53
0
0
DERIV 15
-3.062454889029433412e-38
-4.401105530383008420e-55
0
0
DERIV 16
5.725630722874141382e-40
-2.212079238786782162e-56
0
0
DERIV 17
-1.0202181975672695463e-41
5.727500572410739539e-58
0
0
DERIV 18
1.7387181307490754959e-43
2.4351383877425335205e-60
0
0
DERIV 19
-2.843268846117168048e-45
1.9327633634087139748e-61
0
0
DERIV 20
4.474108113013926002e-47
-3.628740845301708961e-63
0
0
DERIV 21
-6.792396465922377549e-49
3.757457849730508921e-65
0
0
DERIV 22
9.972249605660843363e-51
-4.478387011510017890e-67
0
0
DERIV 23
-1.4189043839914869419e-52
7.254335083803766227e-69
0
0
DERIV 24
1.9604744629294494045e-54
-1.3427162272642626050e-70
0
0
DERIV 25
-2.635158050919705786e-56
-2.6179132022036206487e-73
0
0
DERIV 26
3.451579608281934339e-58
-8.502448511562618212e-75
0
0
DERIV 27
-4.412338280668670917e-60
-2.4242655218956633260e-76
0
0
DERIV 28
5.512956726443017054e-62
2.173085306282778403e-78
0
0
DERIV 29
-6.741345068249565759e-64
-3.507897938025333670e-80
0
0
DERIV 30
8.077860636314317019e-66
-2.2389044783715346462e-82
0
0
DERIV 31
-9.495975160473090825e-68
6.425083525182417535e-84
0
0
DERIV 32
1.0963492650424204914e-69
-2.951414536016984684e-87
0
0
DERIV 33
-1.2444203247241972295e-71
-7.729382171986782503e-88
0
0
DERIV 34
1.3899818049010384813e-73
4.744693968848783312e-90
0
0
DERIV 35
-1.5292010993300527792e-75
-1.1489142077572737704e-91
0
0
AT 116
7.364252753665292487e-18
-6.047271200004395077e-34
0
0
DERIV 1
-1.8403129597895004993e-18
1.1611657843858058939e-34
0
0
DERIV 2
2.324146346140973537e-19
-1.5765241058938762334e-35
0
0
DERIV 3
-1.9780341142363102476e-20
-1.3578205520029239265e-36
0
0
DERIV 4
1.2764569125415970932e-21
-8.213082924044212359e-38
0
0
DERIV 5
-6.662854904306304965e-23
-4.892159370162372354e-39
0
0
DERIV 6
2.9307317402517698032e-24
2.911009791555643364e-41
0
0
DERIV 7
-1.1174768688426808809e-25
1.1061304168897252779e-41
0
0
DERIV 8
3.770971064335466674e-27
-3.3604076275312781770e-43
0
0
DERIV 9
-1.1442205958569831229e-28
2.4365378616847479328e-45
0
0
DERIV 10
3.161208890821439386e-30
2.1295182139283911098e-46
0
0
DERIV 11
-8.033370762592930966e-32
4.202032555689215119e-48
0
0
DERIV 12
1.8936369753529345509e-33
4.392405120691607494e-50
0
0
DERIV 13
-4.169891784300847410e-35
8.918085068116327869e-52
0
0
DERIV 14
8.629927061124597067e-37
-7.262589549441111103e-53
0
0
DERIV 15
-1.6873771052643633565e-38
3.2380153023783275617e-55
0
0
DERIV 16
3.1312695469966142360e-40
1.5459255864045200399e-56
0
0
DERIV 17
-5.537031056170920671e-42
-2.9256501999721598318e-58
0
0
DERIV 18
9.363347231001026024e-44
2.637839135554592613e-60
0
0
DERIV 19
-1.5190372733389929114e-45
-1.8607766834400077794e-62
0
0
DERIV 20
2.371020590725447781e-47
1.7035663525956177006e-63
0
0
DERIV 21
-3.569927217743848556e-49
1.2509517475791353786e-65
0
0
DERIV 22
5.197153052443151924e-51
1.2622202215792320424e-69
0
0
DERIV 23
-7.331444624411436255e-53
4.524936017182897474e-69
0
0
DERIV 24
1.0041284314035736984e-54
1.4347524788910958895e-71
0
0
DERIV 25
-1.3376842215339040595e-56
-4.071331719276803675e-74
0
0
DERIV 26
1.7362434342796121563e-58
2.347997788998418950e-75
0
0
DERIV 27
-2.1990445267593785906e-60
-1.2400295798692015450e-76
0
0
DERIV 28
2.721754146657208689e-62
8.801781728606316893e-79
0
0
DERIV 29
-3.296374155990539904e-64
2.7601055260947269713e-80
0
0
DERIV 30
3.911456643419207294e-66
2.6136763243420829662e-82
0
0
DERIV 31
-4.552612378925127009e-68
-2.494286574172155524e-84
0
0
DERIV 32
5.203264591229854530e-70
2.7353043958904192669e-86
0
0
DERIV 33
-5.845574380689695350e-72
-1.7624990390045459139e-88
0
0
DERIV 34
6.461449461598899055e-74
3.905431176004622027e-90
0
0
DERIV 35
-7.033545143215566858e-76
5.976599887901731397e-92
0
0
AT 118
4.473508013426998923e-18
-4.540167865198488731e-35
0
0
DERIV 1
-1.1119859270623101580e-18
-1.4799781814860617273e-35
0
0
DERIV 2
1.3967181550939828875e-19
-3.945890583518057797e-36
0
0
DERIV 3
-1.1821301618239623912e-20
1.898833402458057368e-37
0
0
DERIV 4
7.585274309341520485e-22
2.417869803732278840e-38
0
0
DERIV 5
-3.936455794611090276e-23
-1.1184849201217105137e-39
0
0
DERIV 6
1.7212587130431680100e-24
-1.3157904277980505843e-40
0
0
DERIV 7
-6.523456204109184351e-26
-2.1337805932064406935e-42
0
0
DERIV 8
2.1877843031131522738e-27
-5.562573574812285132e-44
0
0
DERIV 9
-6.596522397805918493e-29
-3.122568700685350176e-45
0
0
DERIV 10
1.8107282288250577286e-30
-1.1209500590930649535e-46
0
0
DERIV 11
-4.571223509517201588e-32
-2.0228922233404782939e-48
0
0
DERIV 12
1.0702979284198068552e-33
3.786366148772107235e-50
0
0
DERIV 13
-2.3406895066325061567e-35
1.1562801651786835188e-51
0
0
DERIV 14
4.810320306880247757e-37
-2.129032338837300082e-53
0
0
DERIV 15
-9.338190327163733892e-39
-2.2344212395652963891e-55
0
0
DERIV 16
1.7202425277767333088e-40
-3.108357096833736791e-57
0
0
DERIV 17
-3.019249130247270469e-42
1.3159042739280359038e-58
0
0
DERIV 18
5.066863313821579343e-44
1.4083142053950676960e-60
0
0
DERIV 19
-8.156336047717383732e-46
-2.959915575882100173e-62
0
0
DERIV 20
1.2630265490516833865e-47
-3.162260741829681063e-64
0
0
DERIV 21
-1.8863323065353689814e-49
-1.2542868198826740621e-65
0
0
DERIV 22
2.723558256031739491e-51
-1.9590321496522206384e-67
0
0
DERIV 23
-3.809808660505469471e-53
-1.6458003760707524678e-69
0
0
DERIV 24
5.173387287610434496e-55
3.0067093141151673159e-71
0
0
DERIV 25
-6.831888319448018275e-57
-8.334406907309490960e-74
0
0
DERIV 26
8.788772104874928152e-59
2.318334972391601595e-75
0
0
DERIV 27
-1.1030896946495737067e-60
-4.716492870920224634e-78
0
0
DERIV 28
1.3527375815124769772e-62
9.388802824539140078e-79
0
0
DERIV 29
-1.6229965576765196303e-64
-1.5129812067201800933e-80
0
0
DERIV 30
1.9075004531114713824e-66
1.0482504456740622120e-82
0
0
DERIV 31
-2.198672427384368759e-68
-1.6268137135931454210e-84
0
0
DERIV 32
2.4881603743429701223e-70
4.850269703665867842e-87
0
0
DERIV 33
-2.767332825936859048e-72
1.7477665837971971640e-88
0
0
DERIV 34
3.0277874778603297561e-74
2.990214084539086574e-91
0
0
DERIV 35
-3.261826550366842614e-76
2.1432775674615540787e-92
0
0
AT 120
2.7246321200317729339e-18
-1.1821321318466830789e-34
0
0
DERIV 1
-6.737272176118921878e-19
3.271298218665289522e-35
0
0
DERIV 2
8.417240015494929977e-20
5.369689419818827531e-36
0
0
DERIV 3
-7.085202572893820249e-21
5.194777818165343519e-37
0
0
DERIV 4
4.520985763506671978e-22
-3.461835705878467374e-38
0
0
DERIV 5
-2.3328663775293945817e-23
-1.3535299613736252616e-39
0
0
DERIV 6
1.0141447921392562064e-24
-2.567945832177041423e-41
0
0
DERIV 7
-3.820731507120423010e-26
-9.865260887645051588e-43
0
0
DERIV 8
1.2735992625674068185e-27
-7.334606412422878865e-46
0
0
DERIV 9
-3.816334172417806496e-29
-1.4548991928086919182e-45
0
0
DERIV 10
1.0409507600074371150e-30
-5.978645374620477931e-47
0
0
DERIV 11
-2.610937181643899909e-32
1.6289731150527795183e-48
0
0
DERIV 12
6.072901089381141629e-34
-1.0077895081681254720e-50
0
0
DERIV 13
-1.3191750531567444395e-35
-1.5023730668992253252e-52
0
0
DERIV 14
2.692392207626225069e-37
1.3959867726961403762e-53
0
0
DERIV 15
-5.190037139910277107e-39
-2.8651726597913630062e-55
0
0
DERIV 16
9.492436119271592840e-41
5.259655858844405506e-57
0
0
DERIV 17
-1.6538770879903691005e-42
1.2696851403253756211e-58
0
0
DERIV 18
2.754831155416256434e-44
-4.255001049525020828e-61
0
0
DERIV 19
-4.400853687742605458e-46
-8.961582735906577393e-63
0
0
DERIV 20
6.761984100086656794e-48
-3.653168121322325204e-64
0
0
DERIV 21
-1.0019196915872363815e-49
-2.3129408445266672464e-66
0
0
DERIV 22
1.4349509345430139195e-51
-1.4154454337174784478e-67
0
0
DERIV 23
-1.9907711671547129916e-53
-5.097751742272576363e-70
0
0
DERIV 24
2.6806656175085567737e-55
3.802403339416548805e-72
0
0
DERIV 25
-3.509855129536792081e-57
1.4968963048417054631e-74
0
0
DERIV 26
4.475982881839544894e-59
-1.9229236687786945535e-75
0
0
DERIV 27
-5.568184151981384165e-61
-2.4804185616552283938e-77
0
0
DERIV 28
6.766895613607818045e-63
4.196616326730199780e-79
0
0
DERIV 29
-8.044465741012051236e-65
-8.020277410016705307e-81
0
0
DERIV 30
9.366524344932821358e-67
4.959766532073194762e-83
0
0
DERIV 31
-1.0693974647792026845e-68
6.143670962167033155e-85
0
0
DERIV 32
1.1985400167951644050e-70
3.860643958429281692e-87
0
0
DERIV 33
-1.3199640060293900227e-72
7.028054962590114928e-89
0
0
DERIV 34
1.4298283018544129666e-74
7.470838500832951509e-91
0
0
DERIV 35
-1.5247857947595418988e-76
-3.213191222741196657e-94
0
0
AT 122
1.6637330470724296557e-18
6.953412771396626682e-35
0
0
DERIV 1
-4.092803663155546705e-19
1.3218187610096187637e-35
0
0
DERIV 2
5.086509461110902036e-20
-2.4482021563790804049e-36
0
0
DERIV 3
-4.258601368167389666e-21
2.980193399679588796e-37
0
0
DERIV 4
2.702480943934495365e-22
2.1180614561483796447e-38
0
0
DERIV 5
-1.3867025858711269549e-23
8.695685116341255807e-40
0
0
DERIV 6
5.993845360994465110e-25
-3.888124826947723084e-41
0
0
DERIV 7
-2.2449740191656561894e-26
-1.1753132052944158618e-42
0
0
DERIV 8
7.438800901727078694e-28
-1.3923081368925131578e-44
0
0
DERIV 9
-2.2154755935932305669e-29
1.1144224113730783840e-46
0
0
DERIV 10
6.005446589382531221e-31
1.9192821374836551005e-47
0
0
DERIV 11
-1.4967498747691471102e-32
3.626876938796835379e-49
0
0
DERIV 12
3.458827350765596208e-34
3.636558742059633431e-53
0
0
DERIV 13
-7.463735329555947419e-36
-1.1891326058975051795e-52
0
0
DERIV 14
1.5130511235974884533e-37
2.969040659987939228e-54
0
0
DERIV 15
-2.8965878266511717702e-39
-1.3580978185480191284e-55
0
0
DERIV 16
5.260578684423407297e-41
1.2471254279751871381e-57
0
0
DERIV 17
-9.099897812870776192e-43
7.459941900853707852e-59
0
0
DERIV 18
1.5046753430168099986e-44
-1.9100111167324018877e-61
0
0
DERIV 19
-2.3858089058246942090e-46
-1.9283166950787526888e-62
0
0
DERIV 20
3.637973119261343409e-48
2.4973484008776837518e-64
0
0
DERIV 21
-5.348598065104611814e-50
3.778086098589879898e-66
0
0
DERIV 22
7.599768243831127623e-52
-5.997547526377715616e-68
0
0
DERIV 23
-1.0458632956531114961e-53
2.0534189445190841350e-70
0
0
DERIV 24
1.3967545757123031934e-55
5.006450550910543902e-72
0
0
DERIV 25
-1.8135258467595197586e-57
-9.610113030650075325e-74
0
0
DERIV 26
2.293047157126490173e-59
1.1600813395914758419e-75
0
0
DERIV 27
-2.8278791111076716842e-61
4.066496233666179912e-78
0
0
DERIV 28
3.406370685424665594e-63
3.2067725340471207689e-80
0
0
DERIV 29
-4.013166842979846842e-65
-2.441812219007269634e-81
0
0
DERIV 30
4.630079289772636861e-67
1.9174000561205928270e-83
0
0
DERIV 31
-5.237228073936582793e-69
2.834481636363296309e-85
0
0
DERIV 32
5.814331579960397799e-71
8.560211392263377114e-88
0
0
DERIV 33
-6.342011213512747764e-73
5.755796114215053860e-89
0
0
DERIV 34
6.802984472112914882e-75
1.3002662682096418708e-91
0
0
DERIV 35
-7.183042886680037873e-77
2.155758912923628703e-93
0
0
AT 124
1.0184797733425300388e-18
-1.4341437713528642720e-36
0
0
DERIV 1
-2.492788893869394520e-19
-2.2391599566520666843e-35
0
0
DERIV 2
3.082008212513943956e-20
2.9399046008036944091e-36
0
0
DERIV 3
-2.5667454179251688720e-21
-4.179238080411228022e-38
0
0
DERIV 4
1.6200627878207359869e-22
1.1467482211197209044e-38
0
0
DERIV 5
-8.267162324310780571e-24
-3.1973279515975585483e-40
0
0
DERIV 6
3.553302221113365653e-25
1.7846108685814625731e-41
0
0
DERIV 7
-1.3232440782759658555e-26
2.0863365296621480992e-43
0
0
DERIV 8
4.358942847785758735e-28
1.0369676631546987378e-44
0
0
DERIV 9
-1.2904506902690530217e-29
8.454170907130032107e-46
0
0
DERIV 10
3.476655080321348835e-31
1.3221669853516106523e-47
0
0
DERIV 11
-8.610970292499083121e-33
2.8771335376560612124e-49
0
0
DERIV 12
1.977252336604420654e-34
1.5365058061520167280e-50
0
0
DERIV 13
-4.238992887414800813e-36
-3.2536011981993275871e-52
0
0
DERIV 14
8.536411141445350962e-38
1.3834369969068720260e-56
0
0
DERIV 15
-1.6231732006737777588e-39
9.941456858154948587e-56
0
0
DERIV 16
2.927578102464029900e-41
-2.2617962416507690157e-57
0
0
DERIV 17
-5.028609153430464286e-43
-3.666304306708866533e-59
0
0
DERIV 18
8.255234625126737313e-45
-1.2305364671632289774e-61
0
0
DERIV 19
-1.2993785166495507246e-46
3.856988032967300980e-63
0
0
DERIV 20
1.9665746325659481876e-48
-1.3381619701154511039e-65
0
0
DERIV 21
-2.869318381054503177e-50
9.022921720955058286e-67
0
0
DERIV 22
4.045417218073202177e-52
6.474344153745230358e-69
0
0
DERIV 23
-5.523291346816899937e-54
5.087845717874986214e-70
0
0
DERIV 24
7.317093859208732512e-56
3.276440392157030128e-72
0
0
DERIV 25
-9.422644832169475716e-58
6.806285311321967671e-74
0
0
DERIV 26
1.1814826534300398202e-59
2.7322214191077644231e-76
0
0
DERIV 27
-1.4446910722998075556e-61
3.188257754264102986e-78
0
0
DERIV 28
1.7252027962669892958e-63
-7.708069143266502182e-80
0
0
DERIV 29
-2.014669249876722600e-65
5.081849340022927600e-82
0
0
DERIV 30
2.3036018562398412530e-67
1.4204011000259558612e-85
0
0
DERIV 31
-2.582005166839953894e-69
-1.0204640372234363828e-85
0
0
DERIV 32
2.8400521777951081990e-71
7.210357086090758708e-88
0
0
DERIV 33
-3.068731401036562569e-73
4.713791263148911716e-90
0
0
DERIV 34
3.260403732009075875e-75
-1.8170678279996379718e-91
0
0
DERIV 35
-3.4092227910839703299e-77
9.810179871572450733e-94
0
0
AT 126
6.250170636947184744e-19
-3.057373366390341139e-35
0
0
DERIV 1
-1.5221396438576736061e-19
6.520390867690887580e-37
0
0
DERIV 2
1.8723499809442665104e-20
-2.974318260993585454e-37
0
0
DERIV 3
-1.5512222665064481813e-21
8.174935718790007469e-38
0
0
DERIV 4
9.738988855773903275e-23
-9.510920740171519324e-40
0
0
DERIV 5
-4.942891834851999908e-24
6.545356834860512265e-41
0
0
DERIV 6
2.112760572182255214e-25
-1.2564666193007009035e-41
0
0
DERIV 7
-7.823507662419804748e-27
-1.8604069186182301746e-43
0
0
DERIV 8
2.562330362286362473e-28
9.970933114276539143e-46
0
0
DERIV 9
-7.541119108712890776e-30
2.554755733475630978e-47
0
0
DERIV 10
2.019498577910566451e-31
2.0261158756250390248e-47
0
0
DERIV 11
-4.971275249636157960e-33
-4.429406450865893559e-50
0
0
DERIV 12
1.1343757023822400582e-34
6.957179868351248762e-51
0
0
DERIV 13
-2.4164680842323172264e-36
-2.614770564900878593e-53
0
0
DERIV 14
4.834603608201441814e-38
2.871199024251047725e-54
0
0
DERIV 15
-9.131883919937327164e-40
3.824625605142017070e-56
0
0
DERIV 16
1.6358971360676067242e-41
-4.918987412720397757e-58
0
0
DERIV 17
-2.7905424097965752389e-43
-1.5726802193331306574e-59
0
0
DERIV 18
4.548874494860162600e-45
2.9321322009574061799e-61
0
0
DERIV 19
-7.108596643466114574e-47
3.148289950880938371e-63
0
0
DERIV 20
1.0680006443117920761e-48
1.990483129238858939e-65
0
0
DERIV 21
-1.5466475658622257069e-50
8.925654669699071593e-67
0
0
DERIV 22
2.1640415271506601170e-52
1.4119798228453584083e-68
0
0
DERIV 23
-2.931753805118446410e-54
1.4859873114099190197e-70
0
0
DERIV 24
3.853298341200078511e-56
4.486711889004864988e-73
0
0
DERIV 25
-4.922300365190280431e-58
-3.1550812981484421288e-74
0
0
DERIV 26
6.121536163538039076e-60
4.558280168639972000e-76
0
0
DERIV 27
-7.423044833260765696e-62
-4.065474258366535071e-78
0
0
DERIV 28
8.789361475800708787e-64
1.7747841284588711944e-80
0
0
DERIV 29
-1.0175761844358454067e-65
-1.3436868090481842016e-82
0
0
DERIV 30
1.1533270145925637257e-67
-4.549714758592493712e-84
0
0
DERIV 31
-1.2812087348893861027e-69
-8.744583383561021997e-87
0
0
DERIV 32
1.3965059341713629936e-71
6.955235349181840995e-88
0
0
DERIV 33
-1.4950823373959875122e-73
1.6115541994264845448e-90
0
0
DERIV 34
1.5736338010015807834e-75
-1.4851723392711903977e-92
0
0
DERIV 35
-1.6298600198788665368e-77
2.977109267863031629e-94
0
0
AT 128
3.844860038974570534e-19
-2.0990816178289507290e-35
0
0
DERIV 1
-9.317628119891948703e-20
7.675978109234871691e-38
0
0
DERIV 2
1.1403967659477921822e-20
-1.5577794538407937469e-37
0
0
DERIV 3
-9.399742939625901097e-22
-7.398433200158114863e-38
0
0
DERIV 4
5.870604446189492410e-23
3.0168565271072269619e-40
0
0
DERIV 5
-2.9636720042067973579e-24
-1.0746855641482585856e-40
0
0
DERIV 6
1.2598868657574956645e-25
-8.782048446998156355e-42
0
0
DERIV 7
-4.639447304251240201e-27
2.6735803423075415411e-43
0
0
DERIV 8
1.5108927924400215068e-28
-6.227674866779439301e-45
0
0
DERIV 9
-4.420969726149930770e-30
3.3634800617359657191e-46
0
0
DERIV 10
1.1769473552047990526e-31
9.051382336221947822e-48
0
0
DERIV 11
-2.8797891800216764701e-33
-1.0742839717710122755e-50
0
0
DERIV 12
6.530944574484125565e-35
-1.2601411193936341699e-51
0
0
DERIV 13
-1.3825227937801658205e-36
-2.947759596608722428e-54
0
0
DERIV 14
2.748333328202936755e-38
-6.138721058218539669e-55
0
0
DERIV 15
-5.157396983067954745e-40
4.849194244847021569e-57
0
0
DERIV 16
9.177648235221673043e-42
2.0154480844610229485e-58
0
0
DERIV 17
-1.5549346380850907838e-43
3.526679800025248697e-60
0
0
DERIV 18
2.5172000055788433851e-45
-1.1898178389556671459e-61
0
0
DERIV 19
-3.905974512837983825e-47
-1.9608090405509107344e-63
0
0
DERIV 20
5.826257817507110396e-49
-1.4985694319944447505e-65
0
0
DERIV 21
-8.375726944128467708e-51
-5.588099736685336699e-67
0
0
DERIV 22
1.1631868605828667743e-52
3.874126227267488507e-69
0
0
DERIV 23
-1.5638800865095489030e-54
-1.3521697951369418420e-71
0
0
DERIV 24
2.039574250669923158e-56
-1.2639373676642535765e-72
0
0
DERIV 25
-2.5849040852078435984e-58
6.511533521760250265e-75
0
0
DERIV 26
3.188925427516153008e-60
1.0673042451226524841e-76
0
0
DERIV 27
-3.835408054657522869e-62
-9.077168884594225889e-79
0
0
DERIV 28
4.503706624692935308e-64
-1.8440391419777553855e-81
0
0
DERIV 29
-5.170119269998923780e-66
4.364233903825091802e-82
0
0
DERIV 30
5.809576366699777949e-68
-1.2465391853288601100e-84
0
0
DERIV 31
-6.397462690614846007e-70
-7.843098899528275795e-87
0
0
DERIV 32
6.911368948171592823e-72
-6.122551345813667097e-89
0
0
DERIV 33
-7.332591492287269339e-74
-3.587747844560618175e-90
0
0
DERIV 34
7.647244766669499178e-76
-3.350978605609339303e-92
0
0
DERIV 35
-7.846909639383155094e-78
1.5663713848960512057e-94
0
0
AT 132
1.4652884624461095761e-19
2.0062396044953272851e-36
0
0
DERIV 1
-3.516953225654313720e-20
6.816217949808755477e-37
0
0
DERIV 2
4.262366413841449334e-21
-2.549119233186691961e-37
0
0
DERIV 3
-3.478224180972214726e-22
-3.085282018528171165e-39
0
0
DERIV 4
2.1502187651223805536e-23
4.133187886639555532e-41
0
0
DERIV 5
-1.0742315189969135456e-24
-2.5989066187566591676e-42
0
0
DERIV 6
4.518301044984943328e-26
2.3856642878827895102e-42
0
0
DERIV 7
-1.6458563138001106429e-27
-1.6172781567971905484e-44
0
0
DERIV 8
5.300853984071144500e-29
4.268839241135065907e-45
0
0
DERIV 9
-1.5336243821079435059e-30
3.374465485404397635e-47
0
0
DERIV 10
4.035978391175058378e-32
-2.5259164099628572995e-48
0
0
DERIV 11
-9.759829200008090060e-34
-9.899453842766179249e-51
0
0
DERIV 12
2.1869809935576572102e-35
1.2758135688677700345e-51
0
0
DERIV 13
-4.573250231695657801e-37
2.206315115721053705e-53
0
0
DERIV 14
8.978428607073789398e-39
-3.856581727781432167e-55
0
0
DERIV 15
-1.6635385058328904940e-40
-7.187068217787830404e-57
0
0
DERIV 16
2.922111057404920627e-42
-2.9860256972272311309e-58
0
0
DERIV 17
-4.885744042652934916e-44
2.0037987499281380464e-60
0
0
DERIV 18
7.803303090268479189e-46
3.234415596555239808e-63
0
0
DERIV 19
-1.1943180228221013883e-47
8.413083967599150241e-64
0
0
DERIV 20
1.7566958230235491000e-49
-1.1530250896818408391e-65
0
0
DERIV 21
-2.4896082733831184816e-51
1.7752620877353191994e-68
0
0
DERIV 22
3.407563493340033406e-53
-1.1969322421305200459e-69
0
0
DERIV 23
-4.514059371494392229e-55
3.643477125103764995e-72
0
0
DERIV 24
5.799028346068390223e-57
-3.676159213468022782e-73
0
0
DERIV 25
-7.237587744174622110e-59
8.902343490175281012e-76
0
0
DERIV 26
8.790399954838382495e-61
2.2590568600387202396e-77
0
0
DERIV 27
-1.0405701058763952899e-62
-5.323804778428463122e-80
0
0
DERIV 28
1.2022798597349012120e-64
-3.920906743036793970e-81
0
0
DERIV 29
-1.3576619870521674452e-66
-1.0910303169664361953e-82
0
0
DERIV 30
1.5002750744304098844e-68
-4.446623227135033510e-85
0
0
DERIV 31
-1.6242361296834919862e-70
1.4173050946549583133e-86
0
0
DERIV 32
1.7246467271568431377e-72
-5.217876260675377196e-89
0
0
DERIV 33
-1.7979105714066437919e-74
-3.112931288653133943e-91
0
0
DERIV 34
1.8419178529091686774e-76
-1.0322475846654662528e-92
0
0
DERIV 35
-1.8560904875563896652e-78
-5.907289014457206800e-95
0
0
AT 136
5.635370644833307571e-20
4.417267715460240259e-36
0
0
DERIV 1
-1.3399979976991145917e-20
-1.7861124138266615517e-37
0
0
DERIV 2
1.6085907106704844252e-21
1.2908655212390049289e-38
0
0
DERIV 3
-1.2999508765307699700e-22
7.678987152398340149e-39
0
0
DERIV 4
7.956871622794401205e-24
-6.646325982397608076e-40
0
0
DERIV 5
-3.935156631390484207e-25
-2.0694848701275012248e-41
0
0
DERIV 6
1.6381595057609962230e-26
3.0969267733672840480e-43
0
0
DERIV 7
-5.904738433046124665e-28
4.114563630349516096e-44
0
0
DERIV 8
1.8814450072173267221e-29
-1.7747447117937335225e-46
0
0
DERIV 9
-5.384052052466388051e-31
-2.269763479203007674e-47
0
0
DERIV 10
1.4011662618014564667e-32
-4.728243242031198429e-51
0
0
DERIV 11
-3.349948485537495430e-34
-4.228230244744245075e-51
0
0
DERIV 12
7.419915180943158959e-36
2.336530798992406459e-53
0
0
DERIV 13
-1.5333396641488170522e-37
-1.4632705807640562726e-54
0
0
DERIV 14
2.974220784999319058e-39
2.0810287399828880262e-55
0
0
DERIV 15
-5.443318787632982873e-41
-2.790386519877055901e-57
0
0
DERIV 16
9.442410455258390282e-43
-4.431896625818203735e-59
0
0
DERIV 17
-1.5587196144350336742e-44
4.206673187893212840e-62
0
0
DERIV 18
2.4573189028817623632e-46
-3.013976401294127592e-63
0
0
DERIV 19
-3.711438019920335403e-48
-1.3030432855594834249e-64
0
0
DERIV 20
5.385800549263536928e-50
-1.2305242872487961906e-66
0
0
DERIV 21
-7.528481996104178384e-52
-3.375077829405300230e-68
0
0
DERIV 22
1.0160926201487960001e-53
-3.661609598453087556e-70
0
0
DERIV 23
-1.3269632254663231109e-55
8.687690035416778560e-73
0
0
DERIV 24
1.6801097397438100543e-57
-7.689714881521110339e-75
0
0
DERIV 25
-2.066116678509967037e-59
1.0037157154855301920e-75
0
0
DERIV 26
2.4719254530657549162e-61
-1.2397722354441679055e-78
0
0
DERIV 27
-2.881710962130564405e-63
-1.1203896455596294756e-79
0
0
DERIV 28
3.278107196673386175e-65
2.0154250104520766848e-81
0
0
DERIV 29
-3.643624142850797298e-67
-3.1528449378053041248e-83
0
0
DERIV 30
3.962075384774453064e-69
-1.8155242156792428224e-85
0
0
DERIV 31
-4.219844071569201861e-71
1.8520022520007300911e-87
0
0
DERIV 32
4.406849642907207501e-73
-1.8035818862170764623e-90
0
0
DERIV 33
-4.517129718774918170e-75
-4.241648041958617059e-91
0
0
DERIV 34
4.549009807939211477e-77
2.446396035357638433e-93
0
0
DERIV 35
-4.504887623746631162e-79
-1.4855511150372220161e-95
0
0
AT 140
2.1864081373855475774e-20
2.195710745221257799e-37
0
0
DERIV 1
-5.151859265676896075e-21
1.8089058028758857331e-37
0
0
DERIV 2
6.127442727155024630e-22
4.605893036944330772e-38
0
0
DERIV 3
-4.905189008016579889e-23
-1.1189869205333135540e-39
0
0
DERIV 4
2.9736233665855013505e-24
1.3398913041721645391e-40
0
0
DERIV 5
-1.4562589484754608720e-25
2.3883332098388750250e-42
0
0
DERIV 6
6.001811952540498045e-27
-1.1886716547480725651e-43
0
0
DERIV 7
-2.141369404378530303e-28
2.2366470662677855924e-44
0
0
DERIV 8
6.752440938070272668e-30
4.165932382742915678e-46
0
0
DERIV 9
-1.9119166615035403599e-31
7.154373471820921863e-48
0
0
DERIV 10
4.922100165102593513e-33
3.2024603810901435722e-49
0
0
DERIV 11
-1.1638824990224872459e-34
3.867684022929942722e-51
0
0
DERIV 12
2.5491061119903840052e-36
-3.235956811221886555e-53
0
0
DERIV 13
-5.207768056639547064e-38
4.394160310428666684e-54
0
0
DERIV 14
9.984256072193966325e-40
-2.126096229409716478e-56
0
0
DERIV 15
-1.8056731455591117847e-41
2.8273782366589783612e-58
0
0
DERIV 16
3.0945210045453123844e-43
1.4874507272565122590e-59
0
0
DERIV 17
-5.045623402356385188e-45
5.312077178750586788e-62
0
0
DERIV 18
7.854969668212698290e-47
9.338148971014100984e-64
0
0
DERIV 19
-1.1712783345403408214e-48
-5.614487838924968953e-65
0
0
DERIV 20
1.6776475975155638950e-50
-1.0464776759444405241e-66
0
0
DERIV 21
-2.3141266161091389982e-52
-9.322773706646301697e-70
0
0
DERIV 22
3.081328018360011409e-54
7.199466173530327731e-71
0
0
DERIV 23
-3.969020022566559960e-56
1.5524007626282125479e-72
0
0
DERIV 24
4.955367327894389406e-58
3.2612867750390651669e-74
0
0
DERIV 25
-6.007588337613484390e-60
2.959025733263139268e-76
0
0
DERIV 26
7.084031668340031902e-62
2.702437014189013578e-78
0
0
DERIV 27
-8.137434091970896438e-64
1.8460868073783910613e-80
0
0
DERIV 28
9.118929132599732632e-66
-2.3259556295237524157e-82
0
0
DERIV 29
-9.982267531074429551e-68
3.957746008782383506e-84
0
0
DERIV 30
1.0687702760463596946e-69
-3.573895244926953545e-86
0
0
DERIV 31
-1.1205078913020760882e-71
3.205958467345971488e-88
0
0
DERIV 32
1.1515808840056244039e-73
-8.655669438007290676e-92
0
0
DERIV 33
-1.1613612185408436946e-75
-8.669530503544279371e-92
0
0
DERIV 34
1.1504060310809175596e-77
3.175829482012925611e-94
0
0
DERIV 35
-1.1203119472939253268e-79
-1.4317637210405185633e-96
0
0
AT 144
8.554830497884283390e-21
-1.5541838665011408948e-37
0
0
DERIV 1
-1.9980300082325339018e-21
-1.6500565835101164658e-37
0
0
DERIV 2
2.355056724567792146e-22
-8.251135957888419894e-39
0
0
DERIV 3
-1.8680425797639400359e-23
-3.6511554362624536986e-40
0
0
DERIV 4
1.1218874207802880168e-24
-2.1798264722095646957e-41
0
0
DERIV 5
-5.441970211010161126e-26
1.6688984254115857630e-42
0
0
DERIV 6
2.2211335976677906848e-27
1.2774346857779634712e-43
0
0
DERIV 7
-7.846531391867150998e-29
-4.641813679598141617e-45
0
0
DERIV 8
2.4493926332048484882e-30
1.6445888063881851763e-46
0
0
DERIV 9
-6.864269389455589113e-32
4.756555899595445031e-49
0
0
DERIV 10
1.7487125439960639032e-33
1.4804121924856186961e-49
0
0
DERIV 11
-4.091035335103334416e-35
1.5928484015131867784e-51
0
0
DERIV 12
8.862990255517594346e-37
-2.642472362905589089e-53
0
0
DERIV 13
-1.7907010330617580308e-38
-1.0615315960134358524e-55
0
0
DERIV 14
3.3944998352852749822e-40
3.660577216247160036e-58
0
0
DERIV 15
-6.068706430942085083e-42
4.999106828682679858e-59
0
0
DERIV 16
1.0279083497922513142e-43
-3.631938563357196657e-60
0
0
DERIV 17
-1.6560965090728448824e-45
-4.459369768245159932e-62
0
0
DERIV 18
2.547005727898966840e-47
-7.992543781181259709e-64
0
0
DERIV 19
-3.751144433935460680e-49
1.3256842806874802654e-65
0
0
DERIV 20
5.305487819253976509e-51
-7.350940804260870082e-68
0
0
DERIV 21
-7.224940493541390152e-53
-2.4643228384420707398e-70
0
0
DERIV 22
9.495294173511402802e-55
-5.008311489742674424e-71
0
0
DERIV 23
-1.2069159630374946404e-56
9.554587487480764525e-73
0
0
DERIV 24
1.4865926710834647389e-58
3.539252934277241816e-75
0
0
DERIV 25
-1.7776126546740281010e-60
1.1626394394063309779e-76
0
0
DERIV 26
2.066979220195875864e-62
1.5330706858879191073e-78
0
0
DERIV 27
-2.3407714864930961187e-64
-6.115844667110577749e-81
0
0
DERIV 28
2.585402102836080434e-66
2.3741242431503970588e-82
0
0
DERIV 29
-2.788833648178038140e-68
-1.6562202482197725844e-84
0
0
DERIV 30
2.941596169002685214e-70
-3.1210567882886831939e-86
0
0
DERIV 31
-3.037489682084230632e-72
1.5542411757265934123e-88
0
0
DERIV 32
3.0739115097942145375e-74
1.2461768718242312001e-90
0
0
DERIV 33
-3.051806883547632818e-76
1.0153309903119291803e-92
0
0
DERIV 34
2.975291742098946242e-78
1.4648886990576523532e-94
0
0
DERIV 35
-2.8510319236134483168e-80
1.3978583716708830947e-97
0
0
AT 148
3.3746877704312430637e-21
1.8690178038867263441e-37
0
0
DERIV 1
-7.814175055491461204e-22
2.1025550919836706159e-38
0
0
DERIV 2
9.130003294646895674e-23
-4.855912016962186975e-39
0
0
DERIV 3
-7.177495172359995653e-24
-1.6587041282747046859e-40
0
0
DERIV 4
4.271484015508673205e-25
2.2847251910738907783e-41
0
0
DERIV 5
-2.0528370665453188210e-26
-2.1956998916109179627e-43
0
0
DERIV 6
8.299767266983883837e-28
-8.672829183188659127e-44
0
0
DERIV 7
-2.903919818811484832e-29
-1.4442371431320105857e-45
0
0
DERIV 8
8.976404392664609839e-31
-3.355776972756645462e-47
0
0
DERIV 9
-2.490551497732210642e-32
-3.689992965430761392e-50
0
0
DERIV 10
6.280520501101651307e-34
-2.216213151286144468e-50
0
0
DERIV 11
-1.4541324276814831742e-35
-9.784704657490039021e-52
0
0
DERIV 12
3.117171955003879551e-37
-9.557649296498116851e-54
0
0
DERIV 13
-6.230577900377312690e-39
5.251192410527508314e-55
0
0
DERIV 14
1.1682063869977979546e-40
-6.003931338245445578e-58
0
0
DERIV 15
-2.0653375710279807486e-42
-1.2830353070932182547e-58
0
0
DERIV 16
3.458691943870475457e-44
1.2539778007307102231e-60
0
0
DERIV 17
-5.508280247206989693e-46
3.575156813817869172e-63
0
0
DERIV 18
8.372255190538019912e-48
2.7939871366395356642e-64
0
0
DERIV 19
-1.2183349273375170285e-49
-5.632706036219957452e-66
0
0
DERIV 20
1.7022598091483435178e-51
1.1991761101165274493e-67
0
0
DERIV 21
-2.289489882240139604e-53
-9.060215141529388866e-70
0
0
DERIV 22
2.9711340861334085146e-55
9.308556468337346903e-72
0
0
DERIV 23
-3.728248594422066356e-57
2.5147751887697830081e-73
0
0
DERIV 24
4.532498849441662037e-59
-2.960311582169230164e-75
0
0
DERIV 25
-5.348154291331312375e-61
3.3541298904547034409e-77
0
0
DERIV 26
6.135169489605951564e-63
-2.1092494933426499919e-79
0
0
DERIV 27
-6.852912229374211245e-65
4.239072242329334589e-82
0
0
DERIV 28
7.463997972756021520e-67
-2.9712962393584740282e-83
0
0
DERIV 29
-7.937696040837438420e-69
-4.422292420111611677e-85
0
0
DERIV 30
8.252474823395500573e-71
-4.277856423623413563e-87
0
0
DERIV 31
-8.397420497576641485e-73
-4.158257670071529362e-89
0
0
DERIV 32
8.372455822000112785e-75
2.706978023257336119e-91
0
0
DERIV 33
-8.187463596496430309e-77
2.922020489263359012e-93
0
0
DERIV 34
7.860554024134664537e-79
-1.2803327418721933955e-95
0
0
DERIV 35
-7.415791109623955746e-81
-1.0935143598526515748e-97
0
0
AT 152
1.3417642313751449066e-21
-8.044942187355080586e-38
0
0
DERIV 1
-3.080921100212879018e-22
1.2217199494275737388e-38
0
0
DERIV 2
3.569075287444617359e-23
-6.355265942111895007e-40
0
0
DERIV 3
-2.7814820259863960798e-24
-5.820576511408127915e-41
0
0
DERIV 4
1.6407056675561452960e-25
-9.778548123557536628e-42
0
0
DERIV 5
-7.814183749793356895e-27
3.5761485963436069161e-43
0
0
DERIV 6
3.130399281561686390e-28
-1.7613099821226012634e-44
0
0
DERIV 7
-1.0850488714300759421e-29
4.239973577727201924e-46
0
0
DERIV 8
3.322177786179412781e-31
4.251894542594191541e-48
0
0
DERIV 9
-9.128416535088200062e-33
-4.557337980011701210e-49
0
0
DERIV 10
2.279278920369038101e-34
1.9810335134048622826e-50
0
0
DERIV 11
-5.224310089463589923e-36
8.496373283036801271e-54
0
0
DERIV 12
1.1084827515842605426e-37
2.808351934883107143e-54
0
0
DERIV 13
-2.1925957580530532978e-39
6.313278728683125440e-57
0
0
DERIV 14
4.067519028171832782e-41
2.1428456167043479612e-57
0
0
DERIV 15
-7.113730959197478592e-43
-2.827996135910504818e-59
0
0
DERIV 16
1.1782302046914947734e-44
-5.910457721485112686e-61
0
0
DERIV 17
-1.8554985736429165580e-46
5.087369450937359263e-63
0
0
DERIV 18
2.788218539067327152e-48
8.970661784435649638e-65
0
0
DERIV 19
-4.010543715392656556e-50
8.788247992440512784e-67
0
0
DERIV 20
5.537657962094036376e-52
3.439113540820014580e-68
0
0
DERIV 21
-7.358907804289696794e-54
2.915623506242913841e-70
0
0
DERIV 22
9.433677558873738728e-56
8.144729766196382865e-73
0
0
DERIV 23
-1.1691138112422797279e-57
-9.739544964281191332e-75
0
0
DERIV 24
1.4034310009792407416e-59
4.263228474647124073e-76
0
0
DERIV 25
-1.6348064495508803986e-61
1.1338296749661655289e-77
0
0
DERIV 26
1.8509941394524239741e-63
-1.3272711121632304902e-79
0
0
DERIV 27
-2.040216177658669391e-65
5.096067579521656594e-82
0
0
DERIV 28
2.1923054975144918709e-67
1.1013372857691631389e-83
0
0
DERIV 29
-2.2996310866638208933e-69
-5.110432971220805438e-86
0
0
DERIV 30
2.3576934467310687233e-71
-1.8503404810876509567e-87
0
0
DERIV 31
-2.3653394356856316560e-73
-9.364157265450409989e-90
0
0
DERIV 32
2.324607972744347828e-75
3.143483513650829434e-92
0
0
DERIV 33
-2.2402695148127055828e-77
1.8189638572404072029e-93
0
0
DERIV 34
2.1191553341949600769e-79
-1.0122122040609171573e-95
0
0
DERIV 35
-1.9693850882767764160e-81
-4.806191841964535557e-98
0
0
AT 156
5.375573637611574248e-22
-3.795347750770117784e-38
0
0
DERIV 1
-1.2242639961081513009e-22
-3.2249189750892214442e-40
0
0
DERIV 2
1.4064730894036505381e-23
-1.0572355382436375813e-39
0
0
DERIV 3
-1.0868442678636635109e-24
-3.089000241852798810e-41
0
0
DERIV 4
6.355796959075033536e-26
3.497256651614493249e-42
0
0
DERIV 5
-3.0005645120161685026e-27
1.6700122616756873199e-43
0
0
DERIV 6
1.1913233177823861650e-28
-6.927698117949573267e-46
0
0
DERIV 7
-4.091844517540002392e-30
1.3709396265848607483e-46
0
0
DERIV 8
1.2412543621820399434e-31
6.395152355940680888e-48
0
0
DERIV 9
-3.378535356720921546e-33
1.7162386874537975004e-49
0
0
DERIV 10
8.355095964049071991e-35
1.3147625437674918098e-51
0
0
DERIV 11
-1.8963939745538053849e-36
8.973228599666011894e-53
0
0
DERIV 12
3.983802370086894161e-38
-5.579848117215188096e-55
0
0
DERIV 13
-7.800440103942513479e-40
-7.939936493538433531e-56
0
0
DERIV 14
1.4321984507831246117e-41
1.0381591097525673945e-57
0
0
DERIV 15
-2.4785884915696885720e-43
-7.257774430144381219e-60
0
0
DERIV 16
4.061531393232488474e-45
-2.729971261001013694e-62
0
0
DERIV 17
-6.326903898984250239e-47
4.585913263453687447e-63
0
0
DERIV 18
9.402550755575831496e-49
-7.218225828008833340e-65
0
0
DERIV 19
-1.3372936241160083287e-50
3.262952952976191118e-67
0
0
DERIV 20
1.8254493181464042801e-52
-2.859576258090549333e-69
0
0
DERIV 21
-2.3976831258321762361e-54
2.4405155303898017258e-71
0
0
DERIV 22
3.037442488060395456e-56
-9.894417920452526281e-73
0
0
DERIV 23
-3.719165640732622145e-58
-3.4147557135809166120e-74
0
0
DERIV 24
4.410155183112716852e-60
9.341340292908095046e-77
0
0
DERIV 25
-5.073585203742074835e-62
2.337475037584298711e-78
0
0
DERIV 26
5.672187942264749087e-64
3.3282455312344404439e-80
0
0
DERIV 27
-6.172048361170676709e-66
-4.575316273108356608e-82
0
0
DERIV 28
6.545938394176804993e-68
2.242628545921419527e-84
0
0
DERIV 29
-6.775735689159158821e-70
-2.406294363436717795e-87
0
0
DERIV 30
6.853658568663170744e-72
5.456548742692387341e-89
0
0
DERIV 31
-6.782262141995166648e-74
2.302003152331436337e-90
0
0
DERIV 32
6.573334271074660022e-76
8.072676822724181901e-93
0
0
DERIV 33
-6.245970863566255963e-78
-1.0081273881807229157e-94
0
0
DERIV 34
5.824181516178178357e-80
-4.047684374048357785e-97
0
0
DERIV 35
-5.334379744620544202e-82
1.8870417012294426795e-98
0
0
AT 160
2.169559431814340184e-22
8.119808469945074237e-39
0
0
DERIV 1
-4.901785637006278096e-23
2.6094677775823366671e-39
0
0
DERIV 2
5.585745140834174765e-24
2.7045692920769592147e-40
0
0
DERIV 3
-4.280793568696933258e-25
2.565569121231858794e-41
0
0
DERIV 4
2.4823896731863965667e-26
8.338283547975514236e-43
0
0
DERIV 5
-1.1619313123549271789e-27
3.957418470045776513e-44
0
0
DERIV 6
4.573178175160210439e-29
-9.977406402009028711e-46
0
0
DERIV 7
-1.5568648838416249839e-30
8.741144931087860265e-47
0
0
DERIV 8
4.680229194092484552e-32
3.920543067429697418e-49
0
0
DERIV 9
-1.2622327481687016750e-33
-7.933129498064398400e-50
0
0
DERIV 10
3.092402909977946759e-35
-1.0284878521846073206e-51
0
0
DERIV 11
-6.952400544949681478e-37
2.543172401924863089e-53
0
0
DERIV 12
1.4464134664478023178e-38
9.564666850774305572e-55
0
0
DERIV 13
-2.8043230820403503511e-40
1.7901748303729036079e-56
0
0
DERIV 14
5.097429137631798190e-42
-1.5991194852056709061e-58
0
0
DERIV 15
-8.732030943285966848e-44
2.5052040774190518282e-61
0
0
DERIV 16
1.4160751229614216002e-45
-1.0956124718464928681e-61
0
0
DERIV 17
-2.1827058309645919132e-47
3.236052360521295846e-64
0
0
DERIV 18
3.2090617786673728835e-49
-1.8628054260391888754e-65
0
0
DERIV 19
-4.514478900385675300e-51
-1.1797710196303815338e-67
0
0
DERIV 20
6.094222209950018208e-53
-4.374622371546518570e-69
0
0
DERIV 21
-7.914551753649636661e-55
5.844970421488419651e-71
0
0
DERIV 22
9.911656408042141655e-57
4.684013462692965197e-73
0
0
DERIV 23
-1.1995109499080819841e-58
6.318182187858292380e-75
0
0
DERIV 24
1.4055596847105212100e-60
-1.3170878695473469430e-76
0
0
DERIV 25
-1.5975802307192444534e-62
1.0408632068242452803e-78
0
0
DERIV 26
1.7642723543290503474e-64
1.5386984345340209885e-80
0
0
DERIV 27
-1.8959466351735748078e-66
-4.645119597605239867e-83
0
0
DERIV 28
1.985475279684974185e-68
1.4813289585121793571e-84
0
0
DERIV 29
-2.0288895757374920513e-70
3.144083440465846499e-87
0
0
DERIV 30
2.0255690787633836774e-72
9.257948717166001829e-89
0
0
DERIV 31
-1.9780386595069443144e-74
1.0743767531458619102e-90
0
0
DERIV 32
1.8914474591384902679e-76
-4.218413682898377749e-93
0
0
DERIV 33
-1.7728397192091313289e-78
-3.723091980176780132e-95
0
0
DERIV 34
1.6303388641529742723e-80
-1.3762873992096704768e-97
0
0
DERIV 35
-1.4723560736693141711e-82
-6.731335597548699904e-99
0
0
AT 164
8.818903680171118815e-23
2.7209948463393292348e-39
0
0
DERIV 1
-1.9770257559963405158e-23
4.983136563567451766e-40
0
0
DERIV 2
2.2350873815303558403e-24
-9.943793197823294487e-41
0
0
DERIV 3
-1.6991526765787620309e-25
-1.7479072761603650955e-42
0
0
DERIV 4
9.772621712746280075e-27
-6.611313674110933806e-43
0
0
DERIV 5
-4.536196120138058059e-28
1.7314827104696071380e-44
0
0
DERIV 6
1.7702552227295832499e-29
3.379285315540833922e-47
0
0
DERIV 7
-5.974618530378718428e-31
3.314994937257504779e-47
0
0
DERIV 8
1.7803358029923608545e-32
2.1606738185830072814e-49
0
0
DERIV 9
-4.758639427536507492e-34
2.719293342640737851e-50
0
0
DERIV 10
1.1552605645979468473e-35
-4.851607831357342900e-52
0
0
DERIV 11
-2.573298266748206798e-37
-4.184537244327647794e-54
0
0
DERIV 12
5.303336735129645342e-39
-7.972110589022147332e-56
0
0
DERIV 13
-1.0183923825912415510e-40
-3.139722369811763350e-57
0
0
DERIV 14
1.8331441229034505094e-42
1.5805476576585547622e-58
0
0
DERIV 15
-3.109181059688359921e-44
-1.7325359429150313852e-60
0
0
DERIV 16
4.991469932970202196e-46
2.393381268631090274e-62
0
0
DERIV 17
-7.615071288188258169e-48
-3.141883618301880835e-64
0
0
DERIV 18
1.1079438327129978416e-49
4.775278472292741729e-66
0
0
DERIV 19
-1.5421678774832021498e-51
6.743506954411091090e-68
0
0
DERIV 20
2.0594408054506377359e-53
-4.243950703144120481e-70
0
0
DERIV 21
-2.6453687611871131424e-55
6.848461849357640540e-72
0
0
DERIV 22
3.276092330601139153e-57
3.1406422493248504442e-74
0
0
DERIV 23
-3.919986193067895809e-59
7.446777953549553013e-76
0
0
DERIV 24
4.540668662065449639e-61
-7.867341446288723439e-78
0
0
DERIV 25
-5.100850099565283436e-63
-1.9142642877798649546e-79
0
0
DERIV 26
5.566388012763336605e-65
-5.904200349105864245e-82
0
0
DERIV 27
-5.909898316545040875e-67
-6.178612964181754397e-84
0
0
DERIV 28
6.113389451054941935e-69
-1.5082691908467227411e-85
0
0
DERIV 29
-6.169598319346546320e-71
1.3153265720661751629e-87
0
0
DERIV 30
6.081956449066902464e-73
2.5103808006064838570e-89
0
0
DERIV 31
-5.863343874506161915e-75
-4.300782407046593251e-91
0
0
DERIV 32
5.533954112611021872e-77
-1.0882357476613166295e-93
0
0
DERIV 33
-5.118675398303674169e-79
-3.006938862520478760e-96
0
0
DERIV 34
4.644392239475173762e-81
2.1343565744542707421e-97
0
0
DERIV 35
-4.137545189051904952e-83
-2.8417665175550696770e-99
0
0
AT 168
3.609588618398449140e-23
4.231558908076439843e-40
0
0
DERIV 1
-8.030618837156353637e-24
-1.0287989433013081281e-40
0
0
DERIV 2
9.008811349469885161e-25
6.221210065320230426e-42
0
0
DERIV 3
-6.794905280057221324e-26
3.672224925950079931e-42
0
0
DERIV 4
3.876866255841018333e-27
3.5184420196953106500e-43
0
0
DERIV 5
-1.7849250543947611028e-28
5.033267110264415872e-46
0
0
DERIV 6
6.908140770903639172e-30
-3.845795164737306574e-46
0
0
DERIV 7
-2.311906715848686224e-31
1.8081500300279912778e-47
0
0
DERIV 8
6.830202576886980275e-33
4.633235199959549160e-49
0
0
DERIV 9
-1.8097630046337884400e-34
-6.459715779395932206e-51
0
0
DERIV 10
4.354726053531867290e-36
4.413500210581247484e-53
0
0
DERIV 11
-9.612730522704213379e-38
7.578138365671474104e-55
0
0
DERIV 12
1.9629733458488826992e-39
6.075831701467272560e-56
0
0
DERIV 13
-3.734399429596402356e-41
1.0668473608694024647e-57
0
0
DERIV 14
6.658457108613518070e-43
-3.418946055739809279e-59
0
0
DERIV 15
-1.1184701975047851287e-44
7.220117740561773847e-62
0
0
DERIV 16
1.7780231969063483585e-46
-2.3014799924339122973e-63
0
0
DERIV 17
-2.6856028471628277834e-48
8.699109892458104310e-65
0
0
DERIV 18
3.867869994254152805e-50
-1.0844265759200609614e-66
0
0
DERIV 19
-5.328423492994392405e-52
-2.412716129332206051e-68
0
0
DERIV 20
7.041338538749401431e-54
1.7599679640925125761e-70
0
0
DERIV 21
-8.948620490007924104e-56
-6.379545180838497162e-72
0
0
DERIV 22
1.0962620459536736125e-57
-3.929440102602523383e-74
0
0
DERIV 23
-1.2973432750082517521e-59
-1.2911786028400755451e-76
0
0
DERIV 24
1.4860226015117957661e-61
-4.904976744600290879e-78
0
0
DERIV 25
-1.6504634856048861089e-63
-4.318871941599330206e-80
0
0
DERIV 26
1.7803958221859943122e-65
4.860529519049509053e-82
0
0
DERIV 27
-1.8682040169845217056e-67
-1.5975029699146326699e-83
0
0
DERIV 28
1.9096271296550892844e-69
-7.972989132594479626e-86
0
0
DERIV 29
-1.9039968882372616680e-71
-1.9604866251130445106e-88
0
0
DERIV 30
1.8540256605122898885e-73
1.1731518631032663438e-89
0
0
DERIV 31
-1.7652281595985176854e-75
3.126454829362576900e-92
0
0
DERIV 32
1.6451056386469211147e-77
7.783305446313085893e-94
0
0
DERIV 33
-1.5022357737970098165e-79
4.335645529198178910e-96
0
0
DERIV 34
1.3453988609628871760e-81
-7.824874771832430640e-98
0
0
DERIV 35
-1.1828396461424882594e-83
-8.699092504195201077e-100
0
0
AT 172
1.4873383343807340275e-23
1.2164528351447673990e-39
0
0
DERIV 1
-3.2845031172410194655e-24
1.7770289329099966698e-41
0
0
DERIV 2
3.656803741150750485e-25
-2.0121342680376252312e-42
0
0
DERIV 3
-2.737001288221151065e-26
1.0398727435270759099e-42
0
0
DERIV 4
1.5494331193146295923e-27
-5.287619308774118997e-44
0
0
DERIV 5
-7.077085720751902541e-29
1.7083126180322684826e-45
0
0
DERIV 6
2.7169346080853260663e-30
-1.1782793723283247196e-46
0
0
DERIV 7
-9.018036406904402418e-32
5.484247285408832894e-49
0
0
DERIV 8
2.6420323072451216827e-33
1.3952377385478185328e-49
0
0
DERIV 9
-6.941084973742362871e-35
1.9358085415881297744e-51
0
0
DERIV 10
1.6557887816434519386e-36
-8.581378320014335840e-53
0
0
DERIV 11
-3.622978121914304827e-38
1.5883443384835114721e-54
0
0
DERIV 12
7.332358540479019883e-40
-1.9905365272600107508e-56
0
0
DERIV 13
-1.3822767741241153169e-41
7.174858598263295979e-58
0
0
DERIV 14
2.4418924307147982157e-43
-1.6499719545385041045e-59
0
0
DERIV 15
-4.063393524722657317e-45
-1.6029465635933548108e-61
0
0
DERIV 16
6.398018045072862564e-47
1.2067664922902544299e-63
0
0
DERIV 17
-9.570279059197153315e-49
-6.651383791520109486e-65
0
0
DERIV 18
1.3647712470111525217e-50
4.780490076234067342e-67
0
0
DERIV 19
-1.8613221724039722415e-52
1.1738371893752461559e-68
0
0
DERIV 20
2.4346792598418097157e-54
-1.2189753137102735319e-71
0
0
DERIV 21
-3.062206802147431936e-56
-1.0951836745249332106e-72
0
0
DERIV 22
3.712036183841940438e-58
9.233457131841699521e-75
0
0
DERIV 23
-4.346092603822952899e-60
2.6208869851688822823e-76
0
0
DERIV 24
4.924271341324016186e-62
-2.897460942977270592e-78
0
0
DERIV 25
-5.409045571665370391e-64
-1.4497772899698289959e-80
0
0
DERIV 26
5.769717921421732093e-66
5.284941421368950589e-83
0
0
DERIV 27
-5.985635356263973002e-68
-3.938473096724622962e-84
0
0
DERIV 28
6.047928780270063981e-70
-5.120694670238280094e-86
0
0
DERIV 29
-5.959643211848004865e-72
1.2340869575186963784e-88
0
0
DERIV 30
5.734415295861390064e-74
-7.350198469362629369e-91
0
0
DERIV 31
-5.394072243006448692e-76
2.8379482705161768829e-92
0
0
DERIV 32
4.965638413227582198e-78
2.436954680897723124e-94
0
0
DERIV 33
-4.478241021903909211e-80
3.082372084567127994e-96
0
0
DERIV 34
3.960326601966315448e-82
-2.7063420147958126151e-98
0
0
DERIV 35
-3.437469265212927448e-84
-1.2229870103940267156e-100
0
0
AT 176
6.168569154345410309e-24
5.998719127299274640e-41
0
0
DERIV 1
-1.3523360534718842155e-24
-2.357828007153074773e-41
0
0
DERIV 2
1.4945271726222067647e-25
5.978352521903334434e-42
0
0
DERIV 3
-1.1102234833796258564e-26
5.951279166384801285e-43
0
0
DERIV 4
6.237156084729743148e-28
-3.445662553738906754e-44
0
0
DERIV 5
-2.826772291427113108e-29
-9.297562354624001150e-46
0
0
DERIV 6
1.0766671618718241574e-30
4.641764935894121049e-47
0
0
DERIV 7
-3.545051906784448698e-32
-2.0787015852123364803e-48
0
0
DERIV 8
1.0301455647708412908e-33
-5.310549631558621002e-50
0
0
DERIV 9
-2.683974160644696214e-35
9.256820466803318638e-52
0
0
DERIV 10
6.348719761641342547e-37
1.0326842630626481760e-53
0
0
DERIV 11
-1.3772604263534380934e-38
-8.763887082210302696e-55
0
0
DERIV 12
2.7631293009710701991e-40
-2.675089758791951702e-57
0
0
DERIV 13
-5.162937365382845979e-42
2.8362727002741225376e-58
0
0
DERIV 14
9.038763896511256938e-44
6.799246210019914622e-60
0
0
DERIV 15
-1.4903476396222874254e-45
3.021121391975492949e-62
0
0
DERIV 16
2.324850677275084517e-47
1.5238977857964128459e-64
0
0
DERIV 17
-3.444760585230411845e-49
1.2176865059147000898e-65
0
0
DERIV 18
4.865330195255202048e-51
1.7480938748912993423e-67
0
0
DERIV 19
-6.570893964684217559e-53
2.1690430992242615860e-72
0
0
DERIV 20
8.509946790452064556e-55
-5.604432773271587722e-71
0
0
DERIV 21
-1.0595777489967752434e-56
-9.590841224482342012e-73
0
0
DERIV 22
1.2713178001347630484e-58
6.466969378920299797e-75
0
0
DERIV 23
-1.4730391292006976932e-60
-3.756685367368513225e-77
0
0
DERIV 24
1.6514287510226869799e-62
7.644334443913767509e-79
0
0
DERIV 25
-1.7946083579634110034e-64
1.9181282004688162355e-81
0
0
DERIV 26
1.8934895439778369789e-66
1.1722799282015875367e-82
0
0
DERIV 27
-1.942698905687799926e-68
8.638618104436745412e-85
0
0
DERIV 28
1.9409573968905666530e-70
-1.3710413664138996212e-86
0
0
DERIV 29
-1.8909083472523451885e-72
9.526695962146315631e-89
0
0
DERIV 30
1.7984844179507745649e-74
-3.023089315445993475e-91
0
0
DERIV 31
-1.6719671512501469690e-76
1.5236482384365447139e-92
0
0
DERIV 32
1.5209165353611552441e-78
5.206849697412941725e-95
0
0
DERIV 33
-1.3551354550972828805e-80
2.3012479248064433864e-97
0
0
DERIV 34
1.1837954912925323756e-82
8.772966946495114117e-100
0
0
DERIV 35
-1.0147996250678040890e-84
3.847376252244674918e-101
0
0
AT 180
2.5745407301855083958e-24
-3.046341590018482998e-42
0
0
DERIV 1
-5.604137604005122399e-25
2.919988423737088124e-41
0
0
DERIV 2
6.148733485823530753e-26
-2.1542757625039150337e-42
0
0
DERIV 3
-4.534171575350064570e-27
-1.2664410023942180660e-43
0
0
DERIV 4
2.528290538629287223e-28
5.946543659665087261e-45
0
0
DERIV 5
-1.1371828467516223756e-29
6.996080044833185119e-46
0
0
DERIV 6
4.297990727651447992e-31
-3.009227679817334159e-47
0
0
DERIV 7
-1.4040924653662466652e-32
9.573905091704953472e-49
0
0
DERIV 8
4.047664728830832934e-34
3.492006043252931548e-50
0
0
DERIV 9
-1.0460681233803751179e-35
6.235306563946297836e-52
0
0
DERIV 10
2.454062037798961440e-37
6.506832991280494890e-54
0
0
DERIV 11
-5.279276419799466671e-39
-9.654137571258762099e-56
0
0
DERIV 12
1.0501682552560120801e-40
7.177280025184162572e-57
0
0
DERIV 13
-1.9453307992579473464e-42
-6.051693681311392868e-59
0
0
DERIV 14
3.375851745669444382e-44
1.8461769045055103976e-60
0
0
DERIV 15
-5.516677973145600193e-46
3.174422368718440349e-62
0
0
DERIV 16
8.527821154334362818e-48
4.356944897627328065e-64
0
0
DERIV 17
-1.2519631112870970063e-49
5.162986951169261991e-66
0
0
DERIV 18
1.7517416328683314454e-51
1.3365066266786411078e-67
0
0
DERIV 19
-2.343378830342143547e-53
-8.896126349652240771e-70
0
0
DERIV 20
3.0056581699133423924e-55
-6.357543409052716439e-72
0
0
DERIV 21
-3.705731967334017262e-57
-2.1360048428505007512e-73
0
0
DERIV 22
4.402068918618844010e-59
-1.7844391821673593612e-76
0
0
DERIV 23
-5.049065825152110590e-61
-8.522342075117557770e-78
0
0
DERIV 24
5.602509022594248636e-63
-4.249427289452233012e-79
0
0
DERIV 25
-6.024899140640403675e-65
-1.5372304693013028807e-81
0
0
DERIV 26
6.289719421767293671e-67
-4.169155149823311890e-83
0
0
DERIV 27
-6.383995171832952118e-69
-2.3311854350746783689e-85
0
0
DERIV 28
6.308872449151879852e-71
-3.445364208160552850e-87
0
0
DERIV 29
-6.078333401292772676e-73
-4.244599004524909490e-89
0
0
DERIV 30
5.716474441266941491e-75
-3.277197514975982491e-91
0
0
DERIV 31
-5.253948580276529589e-77
-2.653420661332727722e-93
0
0
DERIV 32
4.724203803732441946e-79
2.1027915522139904697e-95
0
0
DERIV 33
-4.160059754974167260e-81
2.2596189244221647081e-97
0
0
DERIV 34
3.591000221303438648e-83
1.2757026881666604723e-100
0
0
DERIV 35
-3.041368732133303784e-85
1.0596147353175717029e-101
0
0
AT 184
1.0811299828182699668e-24
-1.0802612653834761129e-41
0
0
DERIV 1
-2.337014447835488205e-25
-1.3697224506468294601e-41
0
0
DERIV 2
2.5460293493163951044e-26
6.942778138662915306e-43
0
0
DERIV 3
-1.8640204334858792292e-27
-7.158810391143596899e-44
0
0
DERIV 4
1.0318194671883543895e-28
1.0072796935377902812e-44
0
0
DERIV 5
-4.606587011966177614e-30
3.1640107039867568136e-46
0
0
DERIV 6
1.7279616556860111444e-31
1.4196574501336078337e-48
0
0
DERIV 7
-5.601838447265838615e-33
-2.1419933121321287875e-49
0
0
DERIV 8
1.6023280525720157620e-34
-6.913294487047417969e-51
0
0
DERIV 9
-4.108316465464240332e-36
7.695186072020674252e-53
0
0
DERIV 10
9.560721481374305462e-38
1.7404577125028731328e-54
0
0
DERIV 11
-2.0399716833562231757e-39
5.104568948662065933e-56
0
0
DERIV 12
4.024350991048586675e-41
-1.9176054426396545056e-57
0
0
DERIV 13
-7.391958287068674047e-43
3.871269224646730753e-59
0
0
DERIV 14
1.2718022350320567734e-44
2.7342766631116986332e-61
0
0
DERIV 15
-2.0602711202175499461e-46
6.605767772314595036e-63
0
0
DERIV 16
3.156712062399590190e-48
-7.512009837274538117e-65
0
0
DERIV 17
-4.592799352431839944e-50
-1.3340374954530116991e-66
0
0
DERIV 18
6.367709773677627932e-52
1.3015928627592180811e-68
0
0
DERIV 19
-8.439573937467313938e-54
5.513564186154307751e-70
0
0
DERIV 20
1.0723074105699575564e-55
2.755289191825316290e-72
0
0
DERIV 21
-1.3094583347170639168e-57
-9.914201904622716102e-75
0
0
DERIV 22
1.5404518714201837143e-59
3.867841612661352451e-76
0
0
DERIV 23
-1.7494882249340756822e-61
-1.2591414453693055457e-77
0
0
DERIV 24
1.9218778393432515225e-63
5.479961712147204118e-81
0
0
DERIV 25
-2.045833227243619447e-65
1.1158287633300833877e-81
0
0
DERIV 26
2.1137930824123587662e-67
-4.020017277780438643e-84
0
0
DERIV 27
-2.1230859084514922013e-69
-7.753400906219248386e-86
0
0
DERIV 28
2.0758846938714618631e-71
-1.0173257530486999565e-87
0
0
DERIV 29
-1.9785394650513788657e-73
-1.3016206313962048300e-89
0
0
DERIV 30
1.8404714936712700420e-75
-5.721882585147690343e-92
0
0
DERIV 31
-1.6728572245001304823e-77
-9.909387682294333760e-95
0
0
DERIV 32
1.4873228183654492551e-79
-1.0660111264694423450e-96
0
0
DERIV 33
-1.2948242999322576634e-81
7.133123824390818004e-99
0
0
DERIV 34
1.1048218906597667608e-83
1.4871354191518991149e-100
0
0
DERIV 35
-9.247881278417666298e-86
5.754799486380429988e-102
0
0
AT 188
4.567145340349754012e-25
-6.436561154316408354e-42
0
0
DERIV 1
-9.805407910663152811e-26
-1.8849044923745161653e-42
0
0
DERIV 2
1.0608583533137317723e-26
3.4426104146115442520e-43
0
0
DERIV 3
-7.712336927626481711e-28
-2.1000522563710439402e-45
0
0
DERIV 4
4.238685570868169979e-29
6.527633698171580752e-46
0
0
DERIV 5
-1.8786633955805514189e-30
9.214550115696018475e-47
0
0
DERIV 6
6.995121850864435649e-32
-4.943560886085119711e-48
0
0
DERIV 7
-2.2507733101333468048e-33
8.786995769337968623e-50
0
0
DERIV 8
6.389109672777395871e-35
-2.4920346385439475474e-51
0
0
DERIV 9
-1.6255019693162344000e-36
-4.649958656917814562e-53
0
0
DERIV 10
3.753143706059485355e-38
2.5073771242698038216e-54
0
0
DERIV 11
-7.944289207114286928e-40
3.933451626480964338e-56
0
0
DERIV 12
1.5545255281819310646e-41
-6.756251199924096792e-58
0
0
DERIV 13
-2.8318914415124860254e-43
4.959887296233472678e-60
0
0
DERIV 14
4.831645121689613753e-45
-1.4334513976158080022e-61
0
0
DERIV 15
-7.760696954275277675e-47
3.670146495349234714e-64
0
0
DERIV 16
1.1788378848021079340e-48
-3.366980657853656259e-65
0
0
DERIV 17
-1.7001237335550511351e-50
2.0335724693823214295e-67
0
0
DERIV 18
2.3362040683364262346e-52
-6.307698240451310339e-70
0
0
DERIV 19
-3.068402755109744495e-54
4.112671159860324313e-72
0
0
DERIV 20
3.862911157076461989e-56
6.421865440517802540e-73
0
0
DERIV 21
-4.673360762308735804e-58
3.4135697700555923846e-74
0
0
DERIV 22
5.445854425629567033e-60
5.452969141920298770e-77
0
0
DERIV 23
-6.125572586540939934e-62
1.1579179186556536763e-78
0
0
DERIV 24
6.663711571374442169e-64
4.787827221269670693e-80
0
0
DERIV 25
-7.023471983529834305e-66
-4.122305522666898804e-83
0
0
DERIV 26
7.184082459948609575e-68
1.6237221964442164511e-84
0
0
DERIV 27
-7.142317719918113949e-70
3.1910989155608624157e-86
0
0
DERIV 28
6.911506575990822854e-72
6.157321258930395663e-89
0
0
DERIV 29
-6.518488117458378566e-74
6.662585243107997160e-92
0
0
DERIV 30
5.999268982389338517e-76
-6.155422986341733344e-93
0
0
DERIV 31
-5.394228024661003634e-78
2.413785698357925248e-94
0
0
DERIV 32
4.743628680509766353e-80
3.079585073711253240e-96
0
0
DERIV 33
-4.083992231417151545e-82
1.1680301730371549728e-98
0
0
DERIV 34
3.445627791803506269e-84
-1.8986905980569775765e-100
0
0
DERIV 35
-2.8513702187251446930e-86
1.6015340989100658872e-103
0
0
AT 192
1.9405732238411780189e-25
-8.340228426876868852e-42
0
0
DERIV 1
-4.138553054303497324e-26
-3.5453554970327160435e-43
0
0
DERIV 2
4.447253847430146141e-27
-6.278678386866035611e-44
0
0
DERIV 3
-3.210890018246745292e-28
2.1720726246360406117e-45
0
0
DERIV 4
1.7523791372519254581e-29
-1.0728667602042692333e-45
0
0
DERIV 5
-7.711787683429519628e-31
1.1299656458377452899e-48
0
0
DERIV 6
2.850766433299477083e-32
1.4698653677119739892e-48
0
0
DERIV 7
-9.105602316488992493e-34
-5.946282893334349146e-50
0
0
DERIV 8
2.565531849781930226e-35
4.506707879196387950e-54
0
0
DERIV 9
-6.477889869132214386e-37
-3.118362726266499182e-53
0
0
DERIV 10
1.4842203147182573635e-38
-1.2866652599587231757e-55
0
0
DERIV 11
-3.1171862363264875593e-40
5.023354819193736016e-57
0
0
DERIV 12
6.051412923065305557e-42
5.111585162802960183e-58
0
0
DERIV 13
-1.0935351753736559016e-43
3.737647065837551324e-60
0
0
DERIV 14
1.8505197399326637528e-45
-1.1608937714589799556e-61
0
0
DERIV 15
-2.947722451698413217e-47
1.2256081723365314509e-63
0
0
DERIV 16
4.439878516579071190e-49
-1.0642319701120752646e-65
0
0
DERIV 17
-6.348512637096224615e-51
-2.0557091775282098239e-67
0
0
DERIV 18
8.648073495049418303e-53
-8.979214596253128365e-69
0
0
DERIV 19
-1.1258490382978449611e-54
-1.5811730095141275920e-71
0
0
DERIV 20
1.4046987053916970710e-56
8.722547910096520969e-73
0
0
DERIV 21
-1.6839892660491916487e-58
-2.694518582170416722e-75
0
0
DERIV 22
1.9442759883718979419e-60
-2.7518449517216961431e-77
0
0
DERIV 23
-2.166507704296450548e-62
1.0127714187577507039e-79
0
0
DERIV 24
2.3344827939470783794e-64
3.195129113984889606e-81
0
0
DERIV 25
-2.436834696572555459e-66
7.553456209006783494e-83
0
0
DERIV 26
2.468218384799885166e-68
-6.777097019917905955e-85
0
0
DERIV 27
-2.4295587032552668765e-70
1.4191086217501905455e-86
0
0
DERIV 28
2.327418114124027971e-72
-4.689856585218328114e-89
0
0
DERIV 29
-2.1726968755512775124e-74
-1.4610260992740587207e-90
0
0
DERIV 30
1.9789642890621364412e-76
4.599290278907431093e-93
0
0
DERIV 31
-1.7607299944601073160e-78
-3.268143084391744025e-96
0
0
DERIV 32
1.5319133146626045804e-80
3.347075331850660333e-97
0
0
DERIV 33
-1.3046812515985656807e-82
-1.0225049985378127022e-99
0
0
DERIV 34
1.0887286465221238566e-84
5.059647220236350255e-101
0
0
DERIV 35
-8.909888543603512253e-87
-7.813418737424082766e-103
0
0
AT 196
8.292134384428181636e-26
1.4933078330534431885e-42
0
0
DERIV 1
-1.7568730369345471282e-26
-2.5109829401633146700e-43
0
0
DERIV 2
1.8754040678036697777e-27
-1.8194052859994359083e-44
0
0
DERIV 3
-1.3449132538986230564e-28
-1.1125029224930010815e-44
0
0
DERIV 4
7.289822401576233093e-30
-5.281633379326767508e-46
0
0
DERIV 5
-3.185791763923721728e-31
-1.6157477720422087248e-47
0
0
DERIV 6
1.1693650719283300298e-32
6.518812343419819431e-49
0
0
DERIV 7
-3.708304021046168868e-34
-1.6873124120888680097e-50
0
0
DERIV 8
1.0372263699948828204e-35
1.2616184983203146686e-53
0
0
DERIV 9
-2.599619607377778461e-37
7.699312755671402089e-54
0
0
DERIV 10
5.911594676177813891e-39
-3.995987609370969181e-55
0
0
DERIV 11
-1.2321066680551610293e-40
-2.799413184350985596e-57
0
0
DERIV 12
2.3733959455790696123e-42
1.1880276120536084914e-58
0
0
DERIV 13
-4.255219000127315710e-44
-5.207902065730407676e-61
0
0
DERIV 14
7.143414903693575448e-46
-7.671330087857587833e-62
0
0
DERIV 15
-1.1286735089890890222e-47
-9.643321427977168878e-64
0
0
DERIV 16
1.6860419569053712129e-49
-8.815153857495237387e-66
0
0
DERIV 17
-2.3907279723703998390e-51
-8.694751581756190804e-68
0
0
DERIV 18
3.229112365190533749e-53
1.8165953679821098486e-69
0
0
DERIV 19
-4.167673542472246519e-55
-2.797081328549429942e-72
0
0
DERIV 20
5.154541239855173947e-57
-7.767268985974380551e-74
0
0
DERIV 21
-6.124666724784710426e-59
-3.471922393065185741e-75
0
0
DERIV 22
7.007769763126508767e-61
-3.700263047361017156e-77
0
0
DERIV 23
-7.737539272583593711e-63
1.4931302822939501918e-79
0
0
DERIV 24
8.260293422259875087e-65
4.693553125158358279e-81
0
0
DERIV 25
-8.541497476538051833e-67
2.1493097870906161408e-83
0
0
DERIV 26
8.569100084211608923e-69
-4.051016390074847301e-87
0
0
DERIV 27
-8.353391377729691674e-71
6.456520472322610535e-88
0
0
DERIV 28
7.923797449723981980e-73
3.491266277822409201e-89
0
0
DERIV 29
-7.323538617416347599e-75
-4.824249364197433165e-94
0
0
DERIV 30
6.603310172721754497e-77
1.1762903547255556799e-93
0
0
DERIV 31
-5.815099179390995309e-79
1.7552995309288119597e-95
0
0
DERIV 32
5.007000383935101396e-81
-2.492596335426249383e-97
0
0
DERIV 33
-4.219540236861764403e-83
-4.578289502414446043e-100
0
0
DERIV 34
3.483659014160503920e-85
2.3525324893280895249e-101
0
0
DERIV 35
-2.820209469215917856e-87
1.0163046018395218375e-103
0
0
AT 200
3.562785092134586801e-26
-8.617050972600091553e-43
0
0
DERIV 1
-7.500234547791864062e-27
2.743086323458808918e-44
0
0
DERIV 2
7.954217738652168604e-28
4.002983159148111057e-44
0
0
DERIV 3
-5.666584366812745474e-29
-1.9760926110013058040e-45
0
0
DERIV 4
3.0508730388271393557e-30
1.0209589016069124335e-46
0
0
DERIV 5
-1.3242184626536386468e-31
-1.0946106496049758710e-47
0
0
DERIV 6
4.827049265719948907e-33
-2.0294251976964569047e-49
0
0
DERIV 7
-1.5200221980625691433e-34
-3.137969278805382028e-51
0
0
DERIV 8
4.221279319370528218e-36
4.730634490195742537e-53
0
0
DERIV 9
-1.0503367989850570320e-37
2.4215046690214621947e-54
0
0
DERIV 10
2.3709549389192959966e-39
1.1075526259715505924e-55
0
0
DERIV 11
-4.904760610458901766e-41
4.141392496656017296e-57
0
0
DERIV 12
9.376503012060937491e-43
1.4498747931240068728e-59
0
0
DERIV 13
-1.6681823060445925972e-44
8.676741768672896598e-61
0
0
DERIV 14
2.7786089547175697156e-46
1.7990399164933487844e-63
0
0
DERIV 15
-4.355502805774768925e-48
-2.1197587181347959535e-64
0
0
DERIV 16
6.454083716633439754e-50
-8.278923356086551924e-67
0
0
DERIV 17
-9.076948546929124025e-52
-1.4497664590230518625e-68
0
0
DERIV 18
1.2158584641576145122e-53
-6.239210615053461352e-70
0
0
DERIV 19
-1.5560724125242657100e-55
-4.424430995553472448e-72
0
0
DERIV 20
1.9081297936630064037e-57
-1.2661328100550329562e-73
0
0
DERIV 21
-2.247642014811184315e-59
-9.735734303230805991e-76
0
0
DERIV 22
2.5491522567232402628e-61
-1.9868606571322500956e-78
0
0
DERIV 23
-2.789549514956884573e-63
2.2074997308134975833e-80
0
0
DERIV 24
2.951110347052775923e-65
1.2112461845059359999e-81
0
0
DERIV 25
-3.023610257796477273e-67
1.6539223494209117831e-83
0
0
DERIV 26
3.005186627361272440e-69
-2.0130333184345846318e-85
0
0
DERIV 27
-2.9019218538184043098e-71
-1.8047970435421488698e-87
0
0
DERIV 28
2.7263695877523974897e-73
-7.305072720663906138e-91
0
0
DERIV 29
-2.495412182320111044e-75
1.5756034998306064428e-91
0
0
DERIV 30
2.2278918624895917684e-77
2.983924968729406546e-94
0
0
DERIV 31
-1.9424125382422787175e-79
-8.696768337885320235e-96
0
0
DERIV 32
1.6555964220414004351e-81
-3.096390677105289572e-98
0
0
DERIV 33
-1.3809400500801475899e-83
5.020724516518980869e-100
0
0
DERIV 34
1.1282836385668938779e-85
-4.167943964007206976e-102
0
0
DERIV 35
-9.038095368371882124e-88
4.247417763430912906e-104
0
0
AT 204
1.5390003240949026700e-26
-8.350284956701831348e-43
0
0
DERIV 1
-3.2195011016559028895e-27
9.981405050185425292e-44
0
0
DERIV 2
3.392612170034156787e-28
1.8435915256879948029e-44
0
0
DERIV 3
-2.4012579965354284072e-29
-8.916893016765585345e-46
0
0
DERIV 4
1.2843381982427735524e-30
-5.335614907640303213e-47
0
0
DERIV 5
-5.537441294721518616e-32
5.330961375943308309e-48
0
0
DERIV 6
2.0048470751574568727e-33
-1.1856335401352263427e-49
0
0
DERIV 7
-6.269813546572155944e-35
-7.502459980696782695e-52
0
0
DERIV 8
1.7290536788398499796e-36
-1.1393878693294513276e-52
0
0
DERIV 9
-4.271756999727265509e-38
-1.0485207680290213103e-54
0
0
DERIV 10
9.573441389468662835e-40
5.132069948968504709e-56
0
0
DERIV 11
-1.9659933777683336813e-41
-8.768978371934510371e-58
0
0
DERIV 12
3.730582043571660494e-43
-1.9390922700512600848e-59
0
0
DERIV 13
-6.587218519658180711e-45
1.0726783710288120812e-61
0
0
DERIV 14
1.0888289265337165334e-46
-4.120654622485660893e-63
0
0
DERIV 15
-1.6935357894963113565e-48
2.965027726902964788e-65
0
0
DERIV 16
2.489798251109994234e-50
-8.976364468839527590e-69
0
0
DERIV 17
-3.473697264883962575e-52
-1.923833146812488379e-68
0
0
DERIV 18
4.615365865629352540e-54
-1.7025863728378808492e-70
0
0
DERIV 19
-5.858303604656525878e-56
4.351375140058837594e-72
0
0
DERIV 20
7.123876076475431999e-58
-5.599733959780798935e-74
0
0
DERIV 21
-8.320489021825909793e-60
-4.144434123106768071e-76
0
0
DERIV 22
9.355718578461159480e-62
-4.388213786049016786e-78
0
0
DERIV 23
-1.0148948014377355701e-63
-3.953233149420705044e-80
0
0
DERIV 24
1.0642004455668854893e-65
-6.889911092077840682e-82
0
0
DERIV 25
-1.0805872664608413364e-67
3.999243546688068951e-84
0
0
DERIV 26
1.0642560434073485551e-69
-1.7571875630715749896e-86
0
0
DERIV 27
-1.0182284543929410946e-71
-6.477347128799868797e-88
0
0
DERIV 28
9.477044215644174058e-74
7.481400820631722152e-90
0
0
DERIV 29
-8.592164945733586236e-76
2.0714280039674021892e-92
0
0
DERIV 30
7.597482521309285375e-78
-1.3593910524833483875e-94
0
0
DERIV 31
-6.559567677995794197e-80
-1.8578894210663261519e-97
0
0
DERIV 32
5.535909105929221143e-82
-1.1334239539630667747e-99
0
0
DERIV 33
-4.571433097650218619e-84
3.970777761711724256e-100
0
0
DERIV 34
3.697268897052971237e-86
-8.398172734668321766e-103
0
0
DERIV 35
-2.931344229458380688e-88
2.3497058558707827647e-104
0
0
AT 208
6.682748020197872280e-27
-1.8306663322856657579e-43
0
0
DERIV 1
-1.3893800393306300310e-27
1.0319686265330694735e-44
0
0
DERIV 2
1.4549312177339101772e-28
5.095122008052389602e-46
0
0
DERIV 3
-1.0232503309172337538e-29
-5.300952903815922412e-46
0
0
DERIV 4
5.437706102082045894e-31
2.299342962836293590e-47
0
0
DERIV 5
-2.3291451501336275773e-32
-1.1044264162598960289e-48
0
0
DERIV 6
8.376777307479430448e-34
-6.488035598724904512e-50
0
0
DERIV 7
-2.602047649012390395e-35
-1.9330358802460843114e-51
0
0
DERIV 8
7.126724784701820674e-37
3.884826267052316419e-54
0
0
DERIV 9
-1.7484947370557598414e-38
-9.577752543952766875e-56
0
0
DERIV 10
3.890961508099003852e-40
1.7439930276605606406e-56
0
0
DERIV 11
-7.933341532034842102e-42
-1.3177231183827028850e-59
0
0
DERIV 12
1.4944780482347573560e-43
6.379073083957056215e-61
0
0
DERIV 13
-2.6194304408925189330e-45
9.882991836580158580e-62
0
0
DERIV 14
4.297429273798081953e-47
-1.1425195016461069092e-64
0
0
DERIV 15
-6.633452440352405384e-49
2.928085139849459244e-65
0
0
DERIV 16
9.677359097437570484e-51
-4.627796744090138558e-67
0
0
DERIV 17
-1.3396238815769649658e-52
6.286148988797369351e-70
0
0
DERIV 18
1.7658161447193509625e-54
-2.0707456672660050138e-71
0
0
DERIV 19
-2.223357781322660728e-56
-2.1563021095953986836e-72
0
0
DERIV 20
2.6816441683154931099e-58
1.0872619369928885389e-74
0
0
DERIV 21
-3.106201666349022154e-60
1.7369372112296827300e-77
0
0
DERIV 22
3.463396039671342993e-62
-1.0052976531233613033e-78
0
0
DERIV 23
-3.725100447004796621e-64
-1.9011534091121570208e-80
0
0
DERIV 24
3.872394976853155178e-66
1.2292212429490504030e-82
0
0
DERIV 25
-3.897644095158897525e-68
-8.176769496272769085e-85
0
0
DERIV 26
3.804705499983261487e-70
2.839264133635244351e-87
0
0
DERIV 27
-3.607437498264076788e-72
-3.794358748341171812e-89
0
0
DERIV 28
3.3269852229910540047e-74
-1.2079334784020270054e-91
0
0
DERIV 29
-2.988479786646216597e-76
-9.836375695623978959e-93
0
0
DERIV 30
2.617774509063790308e-78
1.1210252747280342182e-94
0
0
DERIV 31
-2.2387072880491883168e-80
1.4496232708540102774e-96
0
0
DERIV 32
1.8711780502590305482e-82
1.0378344641731628613e-98
0
0
DERIV 33
-1.5301248056326356170e-84
-2.8568122365044722876e-101
0
0
DERIV 34
1.2253154001752795108e-86
2.879548948446384886e-103
0
0
DERIV 35
-9.617670642442968246e-89
1.6948601918066951753e-106
0
0
AT 212
2.9166397370307788160e-27
1.3699899973168190130e-43
0
0
DERIV 1
-6.027183389759988101e-28
2.979750795137955126e-44
0
0
DERIV 2
6.272813443760808805e-29
-4.703918964052255478e-45
0
0
DERIV 3
-4.384183108683422985e-30
-1.7804050565195199143e-46
0
0
DERIV 4
2.315096715280515215e-31
-1.5796652832839416843e-47
0
0
DERIV 5
-9.852710607396075950e-33
-5.901237335878809518e-49
0
0
DERIV 6
3.520468552969191650e-34
1.9687840211948009333e-50
0
0
DERIV 7
-1.0863281839668788811e-35
3.623337213085494314e-52
0
0
DERIV 8
2.955394671637497230e-37
-1.9739894958438817403e-53
0
0
DERIV 9
-7.201555918406940987e-39
-5.097536688588296039e-55
0
0
DERIV 10
1.5915184920769273869e-40
3.141588082000233081e-57
0
0
DERIV 11
-3.222250635162890771e-42
-1.2220397712269268906e-58
0
0
DERIV 12
6.026930982988786022e-44
1.9567987638319894735e-60
0
0
DERIV 13
-1.0487490923336985440e-45
-3.002676343027847301e-62
0
0
DERIV 14
1.7079906968380788679e-47
-1.2110583688184409168e-63
0
0
DERIV 15
-2.6168682497034630556e-49
-3.276866821749033861e-66
0
0
DERIV 16
3.788937782338526285e-51
2.8234740680539166537e-67
0
0
DERIV 17
-5.204922341809369892e-53
3.664022449682843646e-69
0
0
DERIV 18
6.807685328559664007e-55
2.8623600325796969068e-71
0
0
DERIV 19
-8.504275450405000789e-57
-3.305535529831147272e-73
0
0
DERIV 20
1.0175457689404694389e-58
-1.5314167404901531832e-75
0
0
DERIV 21
-1.1691161974637769253e-60
4.048533748757303908e-77
0
0
DERIV 22
1.2928714219702627782e-62
-9.572578950592866539e-79
0
0
DERIV 23
-1.3790048546264209776e-64
6.471185397460510392e-81
0
0
DERIV 24
1.4214484959591039931e-66
6.006379776337459250e-83
0
0
DERIV 25
-1.4184889785362850196e-68
1.0380881014859538689e-85
0
0
DERIV 26
1.3726675764067541036e-70
3.811656329815898037e-87
0
0
DERIV 27
-1.2900648745399772994e-72
-1.9246669918205244881e-89
0
0
DERIV 28
1.1791784162481735308e-74
-1.9967828570579852643e-91
0
0
DERIV 29
-1.0496440804397638113e-76
-9.855919181138067288e-94
0
0
DERIV 30
9.110326154459741162e-79
-1.2332225384268700319e-95
0
0
DERIV 31
-7.718902097873097452e-81
1.0264817608884167418e-97
0
0
DERIV 32
6.391108268209037939e-83
3.3623372604955491045e-99
0
0
DERIV 33
-5.176507291532838722e-85
-3.911430117632748040e-101
0
0
DERIV 34
4.105373168435891060e-87
8.549806102617101880e-104
0
0
DERIV 35
-3.190913956235971739e-89
-2.5920231027782594508e-105
0
0
AT 216
1.2792877482742630418e-27
-7.158038025494743816e-44
0
0
DERIV 1
-2.627926703373904504e-28
-2.2285547288676473682e-44
0
0
DERIV 2
2.718546065490993937e-29
-2.3118799625345279158e-45
0
0
DERIV 3
-1.8884262256657401877e-30
3.075071501992278745e-47
0
0
DERIV 4
9.910109640168122918e-32
1.0708386460692689268e-47
0
0
DERIV 5
-4.191055722019542583e-33
-2.4450667294564637860e-49
0
0
DERIV 6
1.4879433911377316694e-34
3.327962107856019538e-51
0
0
DERIV 7
-4.561676692149811041e-36
2.7913165055341923705e-52
0
0
DERIV 8
1.2328640260008110797e-37
-4.011815370770911268e-54
0
0
DERIV 9
-2.984148569618453834e-39
1.9707958521278750088e-55
0
0
DERIV 10
6.550249160562969759e-41
3.940059833576945157e-57
0
0
DERIV 11
-1.3170872497048636247e-42
-7.317573257936236811e-59
0
0
DERIV 12
2.446341420934619531e-44
1.2478013660643454767e-60
0
0
DERIV 13
-4.226822989047432870e-46
8.110836366276503975e-63
0
0
DERIV 14
6.834473038431472399e-48
4.443911826847215864e-64
0
0
DERIV 15
-1.0395213129958780924e-49
-8.307095094396558578e-66
0
0
DERIV 16
1.4940166601289390317e-51
2.714217677001646746e-68
0
0
DERIV 17
-2.0370071892168123852e-53
9.776496849399896578e-70
0
0
DERIV 18
2.6440614260897082938e-55
1.2926183224043221219e-72
0
0
DERIV 19
-3.277600964467692474e-57
-9.850334163321029671e-74
0
0
DERIV 20
3.891095292770250253e-59
-9.883754640388586879e-76
0
0
DERIV 21
-4.435338243606273332e-61
-1.9198829753615045266e-78
0
0
DERIV 22
4.865495896210465855e-63
-2.934355978143217407e-79
0
0
DERIV 23
-5.147441246091021807e-65
-4.212032846343270751e-81
0
0
DERIV 24
5.262126260373705561e-67
-8.748448423327316985e-84
0
0
DERIV 25
-5.207280103203961481e-69
-4.177380651529420816e-85
0
0
DERIV 26
4.996375937260960559e-71
2.710120985790389268e-87
0
0
DERIV 27
-4.655384964095033864e-73
7.666721414355639164e-90
0
0
DERIV 28
4.218199328820986427e-75
2.6354222768431225628e-92
0
0
DERIV 29
-3.721705910671037576e-77
-1.6258746039796478798e-93
0
0
DERIV 30
3.201362935763219647e-79
-2.6266762295768336178e-95
0
0
DERIV 31
-2.687854865424682390e-81
-2.0009759641931226648e-97
0
0
DERIV 32
2.2050771540602211702e-83
-6.600495930159944630e-100
0
0
DERIV 33
-1.7694144872989937949e-85
-8.856419494112196490e-102
0
0
DERIV 34
1.3900746046612131671e-87
8.767513414831382703e-104
0
0
DERIV 35
-1.0701402091556945917e-89
-2.1516449755156936616e-107
0
0
AT 220
5.638454826471267653e-28
-2.582485260325328529e-44
0
0
DERIV 1
-1.1515015761286084632e-28
-8.622997216970768025e-45
0
0
DERIV 2
1.1841606604023465333e-29
1.4508508940050854971e-46
0
0
DERIV 3
-8.176346358056797613e-31
2.943358509571771342e-47
0
0
DERIV 4
4.264667560637441735e-32
-4.147565986335655280e-49
0
0
DERIV 5
-1.7924177127225412394e-33
-9.019238720996121284e-50
0
0
DERIV 6
6.323715648855335904e-35
-4.516753572006503746e-51
0
0
DERIV 7
-1.9263761177448270020e-36
1.0438934555946806504e-52
0
0
DERIV 8
5.172761029993673624e-38
-4.029395431681424168e-54
0
0
DERIV 9
-1.2438779992287453243e-39
-4.230216732883334595e-56
0
0
DERIV 10
2.712215571774656542e-41
-2.3654124087628840455e-57
0
0
DERIV 11
-5.416869517015900453e-43
-2.707739722866937512e-59
0
0
DERIV 12
9.992547576347546695e-45
5.380770313253115425e-61
0
0
DERIV 13
-1.7145727283216456021e-46
8.244750376934314643e-63
0
0
DERIV 14
2.752874663241577413e-48
1.6852135411883677416e-64
0
0
DERIV 15
-4.157293739136610308e-50
-1.9406723251706809866e-66
0
0
DERIV 16
5.931773015996015617e-52
3.624665239763813587e-68
0
0
DERIV 17
-8.028396088063631770e-54
3.692368534893891136e-70
0
0
DERIV 18
1.0343554629235311769e-55
4.421438701119043895e-72
0
0
DERIV 19
-1.2725381921478424080e-57
1.5561157422319497295e-74
0
0
DERIV 20
1.4991913362199587217e-59
-7.298710636271304540e-76
0
0
DERIV 21
-1.6956488679395845591e-61
-9.666382905914255028e-78
0
0
DERIV 22
1.8454971235713981416e-63
-2.7484189424755255058e-80
0
0
DERIV 23
-1.936901014747509768e-65
1.6424336994557411939e-81
0
0
DERIV 24
1.9640807536926504696e-67
4.003205749923050048e-84
0
0
DERIV 25
-1.9277155692572731306e-69
7.628378345609714400e-86
0
0
DERIV 26
1.8343093749070351512e-71
-1.5385627253570882897e-87
0
0
DERIV 27
-1.6947658590309467174e-73
-1.4435865070600200580e-89
0
0
DERIV 28
1.5225398409859937630e-75
1.0330260512108257087e-91
0
0
DERIV 29
-1.3317465912564403396e-77
8.281340761596755603e-94
0
0
DERIV 30
1.1355405398494189212e-79
-1.966955993527771050e-96
0
0
DERIV 31
-9.449561860487986627e-82
1.1933558817733450496e-98
0
0
DERIV 32
7.682763327314509876e-84
-1.6929975531578663086e-100
0
0
DERIV 33
-6.108864554622942725e-86
-3.4909502093949055169e-102
0
0
DERIV 34
4.755054634081338772e-88
2.4392807107024448676e-104
0
0
DERIV 35
-3.626549514456054136e-90
-6.169288412629669014e-107
0
0
AT 224
2.496946023025569778e-28
-1.3157023485799044821e-45
0
0
DERIV 1
-5.070110529166173473e-29
-4.017195504298541226e-45
0
0
DERIV 2
5.183602068249811470e-30
-1.5035719829836171971e-46
0
0
DERIV 3
-3.558051398006031306e-31
6.556261531212908809e-48
0
0
DERIV 4
1.8447320403894411680e-32
1.1642764893791238263e-48
0
0
DERIV 5
-7.706288233697147227e-34
5.580734863080624181e-51
0
0
DERIV 6
2.702081812781088844e-35
2.0053455902644050713e-51
0
0
DERIV 7
-8.179920758506944975e-37
-4.681125101696080676e-53
0
0
DERIV 8
2.1825965977940249821e-38
-8.066877398488021578e-55
0
0
DERIV 9
-5.214739021886442542e-40
-1.4730411643964393745e-56
0
0
DERIV 10
1.1296474050917580482e-41
-2.235386389653161596e-59
0
0
DERIV 11
-2.2412518656590442399e-43
-1.3530839557557704130e-59
0
0
DERIV 12
4.106778447559446367e-45
-2.4069605262169093899e-61
0
0
DERIV 13
-6.998780928831526826e-47
-8.548732264872944565e-65
0
0
DERIV 14
1.1159700903346192703e-48
-6.016555992306023740e-65
0
0
DERIV 15
-1.6735325458293699005e-50
6.129303161678676107e-67
0
0
DERIV 16
2.3709507989319988835e-52
8.757723123492351313e-69
0
0
DERIV 17
-3.185944002563870527e-54
-2.5244236662438316927e-70
0
0
DERIV 18
4.074804663592024796e-56
1.0339911872663771150e-72
0
0
DERIV 19
-4.976125182967535772e-58
3.1876825088241295515e-74
0
0
DERIV 20
5.818572384122290729e-60
-3.184767720541282065e-76
0
0
DERIV 21
-6.531143047811938863e-62
-1.7831990442455083634e-78
0
0
DERIV 22
7.053669559169249800e-64
-1.4756245166780605037e-80
0
0
DERIV 23
-7.345338251044246832e-66
-1.0251452063625490971e-82
0
0
DERIV 24
7.389586331269034570e-68
2.647256893031863176e-84
0
0
DERIV 25
-7.194714423760719950e-70
-2.6203035800051289017e-86
0
0
DERIV 26
6.790567221148226744e-72
2.3796356551874685173e-88
0
0
DERIV 27
-6.222411588280686262e-74
-4.294143420960067675e-91
0
0
DERIV 28
5.543520101565258098e-76
4.858695142666937710e-92
0
0
DERIV 29
-4.807934575510519642e-78
1.1158432745555200229e-94
0
0
DERIV 30
4.064539643117640769e-80
4.743686258156744213e-97
0
0
DERIV 31
-3.353077988230263497e-82
8.469875920948641892e-99
0
0
DERIV 32
2.702240154241813266e-84
-1.2672143329468850147e-100
0
0
DERIV 33
-2.1295728545180748011e-86
1.7672021967982108312e-102
0
0
DERIV 34
1.6427210970933171286e-88
2.9506800753154422479e-105
0
0
DERIV 35
-1.2414489392156780405e-90
7.240761990107095413e-107
0
0
AT 228
1.1108825533271560861e-28
-1.3887788344474796609e-45
0
0
DERIV 1
-2.2429683473325186027e-29
-1.1992638243909479137e-45
0
0
DERIV 2
2.2800764871831759629e-30
-1.3466056253315336985e-46
0
0
DERIV 3
-1.5559901542930097979e-31
7.936700570585432187e-49
0
0
DERIV 4
8.019902881311930226e-33
-1.0072452110838549259e-49
0
0
DERIV 5
-3.330320931361624578e-34
-1.2146992592768623800e-50
0
0
DERIV 6
1.1606671318281904465e-35
3.1672258139753600334e-52
0
0
DERIV 7
-3.492122586370754541e-37
2.0400775413873107547e-53
0
0
DERIV 8
9.259923444978205587e-39
4.327246437593783987e-55
0
0
DERIV 9
-2.1984768375425995700e-40
1.3875895675094622818e-56
0
0
DERIV 10
4.732046307872160163e-42
5.767197002641703941e-59
0
0
DERIV 11
-9.327696036430624598e-44
-2.2029190050041827202e-60
0
0
DERIV 12
1.6979427473104562580e-45
4.566469670166236412e-62
0
0
DERIV 13
-2.874366495150351938e-47
7.524554426892221367e-64
0
0
DERIV 14
4.552287982381587287e-49
2.309992030029883162e-65
0
0
DERIV 15
-6.779969800664923947e-51
2.1323859648145793531e-67
0
0
DERIV 16
9.538741889366057917e-53
-8.723097481938686086e-69
0
0
DERIV 17
-1.2727401293555361188e-54
6.959669969523540647e-71
0
0
DERIV 18
1.6162148060340329047e-56
-9.175704197985087434e-73
0
0
DERIV 19
-1.9594377961270382340e-58
3.1956373173872503317e-77
0
0
DERIV 20
2.2743710015494512663e-60
3.4198664318554782543e-77
0
0
DERIV 21
-2.533932969661085121e-62
-6.924620751221456386e-79
0
0
DERIV 22
2.7160519186584973507e-64
-3.804833583931227556e-81
0
0
DERIV 23
-2.806773513877973547e-66
-7.798348116417230837e-83
0
0
DERIV 24
2.801841190018806247e-68
-7.773956411353025539e-85
0
0
DERIV 25
-2.7065721500451563998e-70
-1.0204527176338536573e-86
0
0
DERIV 26
2.534248822125930056e-72
6.798782622439839150e-89
0
0
DERIV 27
-2.3035266712702723416e-74
1.8836792043361865657e-90
0
0
DERIV 28
2.0354727182521313123e-76
8.307243562650775433e-93
0
0
DERIV 29
-1.7508014335914862384e-78
6.862725817543325888e-95
0
0
DERIV 30
1.4677147004252349005e-80
-4.431509953372296658e-97
0
0
DERIV 31
-1.2005461368469401586e-82
4.880333948428552491e-99
0
0
DERIV 32
9.592168454710302439e-85
-4.870443472860838370e-101
0
0
DERIV 33
-7.493686402741216037e-87
5.129936437208547352e-104
0
0
DERIV 34
5.729665914163798615e-89
2.8638673670997398053e-105
0
0
DERIV 35
-4.291497695721346289e-91
2.4487551001667851411e-107
0
0
AT 232
4.964685177712843583e-29
2.2475143456308964208e-45
0
0
DERIV 1
-9.968616029637823379e-30
5.423318704891109009e-46
0
0
DERIV 2
1.0076636464096770402e-30
2.197170627545406621e-47
0
0
DERIV 3
-6.837436251691386912e-32
8.311650899005118958e-49
0
0
DERIV 4
3.503815006779787404e-33
-2.0272042937983229372e-49
0
0
DERIV 5
-1.4464673188929096582e-34
-6.088447305093978046e-51
0
0
DERIV 6
5.011238750191863819e-36
-1.9642091079093636526e-52
0
0
DERIV 7
-1.4986688239299686595e-37
5.272597633874002886e-55
0
0
DERIV 8
3.949715497410251097e-39
-1.1479693830863752344e-55
0
0
DERIV 9
-9.319347531722137299e-41
-8.063036319434136876e-57
0
0
DERIV 10
1.9933350145065061135e-42
9.163281941948993755e-59
0
0
DERIV 11
-3.904230293014486326e-44
1.0149533855957766856e-60
0
0
DERIV 12
7.061149227769764604e-46
-3.394771180572886280e-62
0
0
DERIV 13
-1.1875363496826784839e-47
1.6669649033577089298e-64
0
0
DERIV 14
1.8683041777595100939e-49
1.0736086736620161643e-65
0
0
DERIV 15
-2.763878327842255666e-51
5.957179170583961088e-68
0
0
DERIV 16
3.862027304215895892e-53
1.9679851355169952677e-70
0
0
DERIV 17
-5.117482963942642595e-55
5.317461798442823381e-72
0
0
DERIV 18
6.453080644538990585e-57
3.631114547362070696e-73
0
0
DERIV 19
-7.768002147037465190e-59
-3.368204131615451932e-75
0
0
DERIV 20
8.951732629209986789e-61
2.8801758699445346537e-77
0
0
DERIV 21
-9.900714694846383734e-63
9.101632555092736962e-79
0
0
DERIV 22
1.0533978497512269966e-64
5.826278265813245258e-81
0
0
DERIV 23
-1.0804423408285821680e-66
-3.331502491556483958e-83
0
0
DERIV 24
1.0703705964961556813e-68
2.766607729676484454e-85
0
0
DERIV 25
-1.0260367210740968020e-70
5.168875774600864817e-87
0
0
DERIV 26
9.532373740650745903e-73
-3.556574663645688204e-90
0
0
DERIV 27
-8.596251505742124152e-75
-3.226446953833637060e-91
0
0
DERIV 28
7.535298327202723053e-77
4.697433545678236221e-93
0
0
DERIV 29
-6.429042507385146490e-79
4.132503894771693044e-96
0
0
DERIV 30
5.345396797036359444e-81
-9.885807629382019845e-98
0
0
DERIV 31
-4.336111701982192341e-83
2.0991608924388945514e-99
0
0
DERIV 32
3.435388531488451488e-85
2.2200526860558126507e-101
0
0
DERIV 33
-2.661006683113037891e-87
-4.879617035454753061e-104
0
0
DERIV 34
2.0170880517685740933e-89
-3.975324008087999490e-106
0
0
DERIV 35
-1.4976249890322093298e-91
-1.9529535126013180065e-108
0
0
AT 236
2.2286212159114439342e-29
-7.113375769805223337e-46
0
0
DERIV 1
-4.450487829053820703e-30
-2.980493203455072519e-47
0
0
DERIV 2
4.473874259578309943e-31
4.314564882784104554e-47
0
0
DERIV 3
-3.018725890964648433e-32
1.8029531444464991271e-48
0
0
DERIV 4
1.5381549176195286732e-33
-7.345566222057035222e-50
0
0
DERIV 5
-6.313379741426229904e-35
8.828706764535599347e-52
0
0
DERIV 6
2.1744937112878913376e-36
1.4771664312610670771e-52
0
0
DERIV 7
-6.464626699963918829e-38
6.835491438301831210e-55
0
0
DERIV 8
1.6935296170435870067e-39
-2.117325666161225418e-56
0
0
DERIV 9
-3.971602053251445842e-41
-3.640201863989645604e-58
0
0
DERIV 10
8.442621788075749669e-43
3.961468430070588258e-59
0
0
DERIV 11
-1.6432832181594884355e-44
4.185148304536896360e-61
0
0
DERIV 12
2.9532147474921798222e-46
-1.8404628055398669154e-63
0
0
DERIV 13
-4.934821485019764988e-48
-9.723830099710525627e-65
0
0
DERIV 14
7.713275286683686087e-50
-2.534968517088698905e-66
0
0
DERIV 15
-1.1335436917880174088e-51
6.876664977548486942e-68
0
0
DERIV 16
1.5733441963501904469e-53
-6.801207793821237131e-70
0
0
DERIV 17
-2.0706867795912638307e-55
-1.5422175828103308957e-71
0
0
DERIV 18
2.593192959331221005e-57
1.7332699912277475968e-73
0
0
DERIV 19
-3.099891871310530325e-59
-1.6885699581282197950e-75
0
0
DERIV 20
3.547097404994435665e-61
2.4546863456828595531e-77
0
0
DERIV 21
-3.895115267989932057e-63
-2.3025093965622012317e-79
0
0
DERIV 22
4.114267537212777461e-65
-3.325567815012801831e-81
0
0
DERIV 23
-4.188960276564753789e-67
-3.0486951574655852476e-83
0
0
DERIV 24
4.119089433404053175e-69
7.840695136541808027e-86
0
0
DERIV 25
-3.918770920579240386e-71
-3.404707045692796073e-88
0
0
DERIV 26
3.612976558043408700e-73
2.9232003856856120122e-89
0
0
DERIV 27
-3.233010962868677787e-75
3.520091891459516883e-92
0
0
DERIV 28
2.8118300407047381656e-77
1.4203581211272788370e-93
0
0
DERIV 29
-2.3800262476752678193e-79
-1.7998351811605210732e-97
0
0
DERIV 30
1.9629906995916106172e-81
-8.403464439379285132e-98
0
0
DERIV 31
-1.5794189722290683814e-83
1.5120966338549740101e-100
0
0
DERIV 32
1.2410430841116817383e-85
5.592323772437509689e-102
0
0
DERIV 33
-9.532929012383924410e-88
4.096291307166424542e-104
0
0
DERIV 34
7.165223292824909137e-90
-2.879247143850512244e-106
0
0
DERIV 35
-5.274573180817658264e-92
-1.4911174830322124074e-108
0
0
AT 240
1.0047542695098317913e-29
-2.3805443420502812583e-46
0
0
DERIV 1
-1.9957133125659652265e-30
-1.0971857329229543259e-46
0
0
DERIV 2
1.995305372242675490e-31
1.4250000134559825383e-47
0
0
DERIV 3
-1.3389119654030883056e-32
-7.354094826742994433e-49
0
0
DERIV 4
6.784196359872881297e-34
3.085472649151108925e-50
0
0
DERIV 5
-2.768834732030487760e-35
-3.0862783748504094791e-52
0
0
DERIV 6
9.481923134694309911e-37
6.522798653442157492e-53
0
0
DERIV 7
-2.802533428362825728e-38
1.3911352684695582745e-54
0
0
DERIV 8
7.298518390354514828e-40
-2.656636271464011645e-56
0
0
DERIV 9
-1.7014032055666438404e-41
-8.094607814987264157e-59
0
0
DERIV 10
3.594869086339861318e-43
1.6852958101287569428e-59
0
0
DERIV 11
-6.954190362376410526e-45
7.234716371226571755e-62
0
0
DERIV 12
1.2419992962023287315e-46
1.7915592877496525018e-63
0
0
DERIV 13
-2.0623067729838031702e-48
-1.3995110119773589554e-64
0
0
DERIV 14
3.202868195694699584e-50
-1.7082472984242846034e-66
0
0
DERIV 15
-4.676483581409317610e-52
-2.014801709839470000e-68
0
0
DERIV 16
6.448339541700830897e-54
9.984863925412584060e-71
0
0
DERIV 17
-8.430304471749054057e-56
1.3359215237011821013e-72
0
0
DERIV 18
1.0486478492389533987e-57
-6.746903585940859115e-74
0
0
DERIV 19
-1.2449969110529333187e-59
6.934724583246339835e-76
0
0
DERIV 20
1.4147583287451638944e-61
8.298972866954598438e-78
0
0
DERIV 21
-1.5426841853196378200e-63
-4.195772023300344723e-81
0
0
DERIV 22
1.6179183481150856191e-65
7.051746379662290722e-82
0
0
DERIV 23
-1.6354493855899157568e-67
-7.784931785441678327e-84
0
0
DERIV 24
1.5964597612877669023e-69
-1.6601713919773356638e-86
0
0
DERIV 25
-1.5076178969404460409e-71
-2.1407173955102713033e-88
0
0
DERIV 26
1.3795887604945930689e-73
-6.055911821587876664e-90
0
0
DERIV 27
-1.2251602948600213764e-75
-5.010837639354633654e-92
0
0
DERIV 28
1.0573867839885575515e-77
7.733373960601900326e-94
0
0
DERIV 29
-8.880618116343290838e-80
-5.109629002130453327e-96
0
0
DERIV 30
7.266974271736482064e-82
4.723730656992124312e-98
0
0
DERIV 31
-5.800476975554232511e-84
-3.962292182114745894e-100
0
0
DERIV 32
4.521067582513450878e-86
-1.5034264192746846052e-103
0
0
DERIV 33
-3.444489538540115594e-88
-1.8324070883196533485e-104
0
0
DERIV 34
2.567609618527798790e-90
-1.5308740153413950484e-107
0
0
DERIV 35
-1.8743191266640829338e-92
1.6120156717001439641e-108
0
0
AT 244
4.549065251171037407e-30
-1.2163380666437381757e-46
0
0
DERIV 1
-8.988037620430589584e-31
-6.272281620287860950e-47
0
0
DERIV 2
8.938188389651018761e-32
1.0449223058926178603e-48
0
0
DERIV 3
-5.965325016708516040e-33
-2.7267803498643994038e-49
0
0
DERIV 4
3.006011128685030012e-34
1.8370219787671571875e-50
0
0
DERIV 5
-1.2200201499071711207e-35
1.9649998357873696171e-52
0
0
DERIV 6
4.154430315835600563e-37
2.121746875223478367e-53
0
0
DERIV 7
-1.2208935217436213239e-38
3.740987469825518965e-55
0
0
DERIV 8
3.1611133814999073459e-40
2.2837343204884525829e-57
0
0
DERIV 9
-7.325832958544951369e-42
3.620428320593913373e-58
0
0
DERIV 10
1.5386606428045995382e-43
5.968524933329298952e-61
0
0
DERIV 11
-2.958567815644322194e-45
2.0427831500428558186e-61
0
0
DERIV 12
5.251655955430208618e-47
-3.364696946439368124e-63
0
0
DERIV 13
-8.666276003997653945e-49
-6.486472520202506325e-65
0
0
DERIV 14
1.3374778851292820403e-50
-3.181916698364449488e-67
0
0
DERIV 15
-1.9404337318347445624e-52
3.197965095795389568e-69
0
0
DERIV 16
2.658412243051699012e-54
2.1901181085761042027e-70
0
0
DERIV 17
-3.452832431158813043e-56
1.7062004243820408529e-72
0
0
DERIV 18
4.266601915539508420e-58
-2.0105184861404784734e-75
0
0
DERIV 19
-5.031563569634469213e-60
-2.2326035310567863322e-76
0
0
DERIV 20
5.678855833730789149e-62
3.963666979582702980e-79
0
0
DERIV 21
-6.149797336546879940e-64
-8.763290385358100982e-81
0
0
DERIV 22
6.404813918885682039e-66
-3.954359670524645909e-82
0
0
DERIV 23
-6.428561010666935874e-68
3.174822173207851402e-84
0
0
DERIV 24
6.230482181928323710e-70
5.295886828574574871e-86
0
0
DERIV 25
-5.841198145828422595e-72
1.5469132589156218049e-88
0
0
DERIV 26
5.305995987251143457e-74
2.188728986311392119e-90
0
0
DERIV 27
-4.677094478075163226e-76
-3.093406796739615187e-93
0
0
DERIV 28
4.006287612894234992e-78
9.878345364680046547e-95
0
0
DERIV 29
-3.3391447242250823666e-80
-9.423428912035740902e-97
0
0
DERIV 30
2.711365060776442320e-82
-1.9056147578242055508e-98
0
0
DERIV 31
-2.147329461585100578e-84
8.706322554868115496e-101
0
0
DERIV 32
1.6604837236744881718e-86
9.679760044321249667e-103
0
0
DERIV 33
-1.2549747012495916160e-88
-4.541312891511129312e-105
0
0
DERIV 34
9.279256917506411739e-91
-3.662345237955312139e-107
0
0
DERIV 35
-6.718298384912611934e-93
1.6198931164120421863e-109
0
0
AT 248
2.0681601772595214589e-30
-2.519222790581110751e-47
0
0
DERIV 1
-4.065066159336657647e-31
3.171088574231361177e-47
0
0
DERIV 2
4.021267403477235846e-32
-7.093138302845303891e-49
0
0
DERIV 3
-2.6694848372807236050e-33
1.3287021052710739959e-49
0
0
DERIV 4
1.3379280598034377711e-34
2.0571976416210420158e-51
0
0
DERIV 5
-5.400408873777634729e-36
-2.5120893575342590783e-52
0
0
DERIV 6
1.8287601784755259365e-37
5.615812433361075894e-54
0
0
DERIV 7
-5.344123046142743356e-39
-9.702638080321790298e-56
0
0
DERIV 8
1.3758131755680818817e-40
3.338625457142741281e-57
0
0
DERIV 9
-3.170035209213157092e-42
9.468273281040911247e-62
0
0
DERIV 10
6.619179355039923440e-44
1.2985991230705404471e-60
0
0
DERIV 11
-1.2652117228200885244e-45
2.467479900171310130e-62
0
0
DERIV 12
2.232359165008654514e-47
6.151045580227918107e-64
0
0
DERIV 13
-3.661438966680309188e-49
-9.374171901120624328e-66
0
0
DERIV 14
5.615938450668840864e-51
1.2227176410782685879e-67
0
0
DERIV 15
-8.096840300155345765e-53
1.7883450208538584248e-69
0
0
DERIV 16
1.1022606808699881219e-54
-2.0849580383668669895e-71
0
0
DERIV 17
-1.4224812350373300320e-56
-7.793334072151504951e-73
0
0
DERIV 18
1.7463274566287113990e-58
-5.787064744396382405e-75
0
0
DERIV 19
-2.0458893070215880931e-60
1.2274960538091921316e-76
0
0
DERIV 20
2.293709233776924097e-62
6.315310387057849661e-79
0
0
DERIV 21
-2.4671699530866478211e-64
-9.685525602875302948e-81
0
0
DERIV 22
2.551923065325110009e-66
-1.0851251651696873395e-82
0
0
DERIV 23
-2.543661700823149027e-68
1.0151070153927309215e-84
0
0
DERIV 24
2.4480098509478837687e-70
1.2335208853950111395e-86
0
0
DERIV 25
-2.278769787821973656e-72
-2.2718729602168311159e-88
0
0
DERIV 26
2.0551012877137783125e-74
6.203174111837953532e-91
0
0
DERIV 27
-1.7983356555704397117e-76
3.826591459408662908e-93
0
0
DERIV 28
1.5290625583990725568e-78
-6.480309282245098910e-95
0
0
DERIV 29
-1.2649310183844728588e-80
8.834357339366593194e-97
0
0
DERIV 30
1.0193604129490631918e-82
5.572005727495688747e-99
0
0
DERIV 31
-8.011356847446134190e-85
5.469635548462111928e-101
0
0
DERIV 32
6.147080105262971647e-87
-4.625292235482917883e-104
0
0
DERIV 33
-4.609513516808673889e-89
-5.733476545811519113e-106
0
0
DERIV 34
3.381255670974197465e-91
1.6146740258443162763e-107
0
0
DERIV 35
-2.428440257673702353e-93
-7.267241873152215047e-110
0
0
AT 252
9.440644776058107675e-31
2.253159630247893815e-47
0
0
DERIV 1
-1.8461274935326637783e-31
5.419817800012248022e-48
0
0
DERIV 2
1.8168200874800452455e-32
5.276436382096731868e-49
0
0
DERIV 3
-1.1997557553069202066e-33
-8.046271555090037171e-50
0
0
DERIV 4
5.981116237187000279e-35
4.029095843987701232e-51
0
0
DERIV 5
-2.4012204986555849342e-36
-4.052307546840840737e-54
0
0
DERIV 6
8.087003709143838938e-38
-2.3257474275043698201e-54
0
0
DERIV 7
-2.3501781712360597841e-39
-2.668079241816986673e-56
0
0
DERIV 8
6.016519679858051874e-41
4.214821765504881743e-57
0
0
DERIV 9
-1.3784134640551149246e-42
-2.175271945643753610e-59
0
0
DERIV 10
2.861650532378858248e-44
2.2015663210729144779e-60
0
0
DERIV 11
-5.438006250489814630e-46
3.371480565681206505e-62
0
0
DERIV 12
9.538306763571312453e-48
-2.7971998655696829497e-64
0
0
DERIV 13
-1.5550918589687688184e-49
-2.543044624318147459e-66
0
0
DERIV 14
2.3707706839896224336e-51
-6.485403021425576419e-68
0
0
DERIV 15
-3.397123180007187218e-53
5.420378805411777000e-70
0
0
DERIV 16
4.595933504730270973e-55
-2.3468237479203287751e-71
0
0
DERIV 17
-5.893787760407861744e-57
-2.0376454033280737128e-73
0
0
DERIV 18
7.189465834723043349e-59
-5.405576023192742833e-76
0
0
DERIV 19
-8.368356810115905931e-61
-6.207696932137568228e-77
0
0
DERIV 20
9.320673839547171229e-63
1.0159685892888909800e-79
0
0
DERIV 21
-9.959151665607348035e-65
-1.9286039259708337601e-81
0
0
DERIV 22
1.0232182992583396944e-66
4.432160119152415640e-83
0
0
DERIV 23
-1.0129786810997805711e-68
6.199117048046704604e-85
0
0
DERIV 24
9.681816071792597083e-71
3.586430508283779043e-87
0
0
DERIV 25
-8.949710949562078177e-73
3.396618666892121154e-89
0
0
DERIV 26
8.014354727411408199e-75
-3.192289847322642057e-91
0
0
DERIV 27
-6.962968977236413513e-77
-2.608537061422478967e-93
0
0
DERIV 28
5.877581569711567108e-79
-3.917732226145570266e-95
0
0
DERIV 29
-4.826708037534322348e-81
-1.3647734688614082293e-97
0
0
DERIV 30
3.860855513784494006e-83
3.1774480683014363635e-99
0
0
DERIV 31
-3.011577520529194892e-85
-1.7891100239587216344e-101
0
0
DERIV 32
2.293239375590676745e-87
-1.8279874367286090312e-103
0
0
DERIV 33
-1.7064293461416101696e-89
5.983591999767165623e-106
0
0
DERIV 34
1.2420065539490854756e-91
1.0864217076927325579e-107
0
0
DERIV 35
-8.850050207743994433e-94
3.600516979474660502e-110
0
0
AT 256
4.326731331348116318e-31
-1.3768381881613110932e-47
0
0
DERIV 1
-8.418392730385774093e-32
-2.807128847165494208e-48
0
0
DERIV 2
8.242369089728009669e-33
1.6166525152088196672e-49
0
0
DERIV 3
-5.414837910017251547e-34
1.9142418003612976883e-50
0
0
DERIV 4
2.685344982993160477e-35
-1.2960176005681886973e-51
0
0
DERIV 5
-1.0723654976115227321e-36
-2.316561570524721789e-53
0
0
DERIV 6
3.592200986301063159e-38
1.6127881734525576657e-54
0
0
DERIV 7
-1.0382598862770237376e-39
5.884877196065329064e-56
0
0
DERIV 8
2.643334583033171975e-41
-1.5322382485652859868e-57
0
0
DERIV 9
-6.022215988157959960e-43
2.193963638042633166e-59
0
0
DERIV 10
1.2431734321615606546e-44
-4.182049866904416903e-61
0
0
DERIV 11
-2.3488815386228850763e-46
-1.7921310584796183745e-62
0
0
DERIV 12
4.096062426909384122e-48
-4.856193193205893738e-65
0
0
DERIV 13
-6.638842944804424945e-50
-2.3553984382321405056e-66
0
0
DERIV 14
1.0060829825065269246e-51
2.7592467054894780699e-70
0
0
DERIV 15
-1.4329463993970121584e-53
5.884825974066545253e-70
0
0
DERIV 16
1.9267834842994253459e-55
-1.3304709180385993266e-71
0
0
DERIV 17
-2.4556133169933040535e-57
-1.0562718922554229787e-73
0
0
DERIV 18
2.976691710702806692e-59
-1.3739197206418287478e-75
0
0
DERIV 19
-3.442819617550833087e-61
-7.928584438381294424e-78
0
0
DERIV 20
3.809982696080167031e-63
-5.454163671144460146e-80
0
0
DERIV 21
-4.044493044401577786e-65
-1.4484895175773898829e-81
0
0
DERIV 22
4.128005077688979378e-67
1.0355235871096595341e-83
0
0
DERIV 23
-4.059440874599089006e-69
1.7534625764071294205e-85
0
0
DERIV 24
3.853720773728369901e-71
-3.611533394977251008e-87
0
0
DERIV 25
-3.537961833029488819e-73
-3.436500442420987820e-90
0
0
DERIV 26
3.146272588974963001e-75
1.7963324239385421720e-91
0
0
DERIV 27
-2.7143669279318026381e-77
-1.5191169437303482675e-93
0
0
DERIV 28
2.2750003262657956265e-79
7.357978956295674116e-96
0
0
DERIV 29
-1.8548323910865557524e-81
-3.2278005915778661578e-99
0
0
DERIV 30
1.4728887070562973004e-83
8.250367076308392388e-100
0
0
DERIV 31
-1.1404462942881967426e-85
-4.404460658880390955e-102
0
0
DERIV 32
8.619578685503821183e-88
-2.2137296606692117645e-104
0
0
DERIV 33
-6.365639776428921630e-90
3.044739913592375508e-106
0
0
DERIV 34
4.597860425637513276e-92
-2.3661301164526109997e-108
0
0
DERIV 35
-3.250997597182187811e-94
-1.3561551428504003952e-110
0
0
AT 264
9.193967277655177199e-32
3.961768993879348984e-48
0
0
DERIV 1
-1.7712923929915229908e-32
-7.205511508862538912e-49
0
0
DERIV 2
1.7170225318954991588e-33
-1.6278272909328975280e-49
0
0
DERIV 3
-1.1166481477769613554e-34
-2.693730384307703386e-51
0
0
DERIV 4
5.481271336376393153e-36
-6.731018534085558944e-53
0
0
DERIV 5
-2.166292145336589761e-37
-1.8028974321749853798e-53
0
0
DERIV 6
7.180748773135286020e-39
2.9532338307266385703e-55
0
0
DERIV 7
-2.0534839338424301488e-40
-4.366903724322382309e-57
0
0
DERIV 8
5.171946252300352094e-42
3.390102704720625666e-59
0
0
DERIV 9
-1.1655062649670415366e-43
8.403313235205634351e-60
0
0
DERIV 10
2.3794988784915499392e-45
-1.4848191192871097240e-62
0
0
DERIV 11
-4.445788237882403358e-47
-3.465786304183136748e-63
0
0
DERIV 12
7.665240275321289195e-49
-2.621243865361867279e-65
0
0
DERIV 13
-1.2281746458512723742e-50
5.361110914736923133e-67
0
0
DERIV 14
1.8396972288187041163e-52
8.813674924668805243e-69
0
0
DERIV 15
-2.5895417909860615492e-54
1.7526041304791396040e-71
0
0
DERIV 16
3.440656032968678980e-56
-5.393882133904060316e-73
0
0
DERIV 17
-4.332294374448852240e-58
-2.941639900285221758e-75
0
0
DERIV 18
5.187702831820943113e-60
-2.6434611186314654642e-77
0
0
DERIV 19
-5.926137554961515392e-62
3.322216055266614861e-78
0
0
DERIV 20
6.476330886324037161e-64
2.0649343677902956566e-80
0
0
DERIV 21
-6.788133997229374149e-66
1.1019381982995547843e-82
0
0
DERIV 22
6.839713924930563067e-68
-3.313441548338836786e-84
0
0
DERIV 23
-6.639048728663802940e-70
-1.3017229883667408434e-86
0
0
DERIV 24
6.220019467836321060e-72
-6.300387883572877869e-89
0
0
DERIV 25
-5.634636293316185476e-74
3.600819016658323412e-90
0
0
DERIV 26
4.943552747890042242e-76
1.7357302365144024748e-92
0
0
DERIV 27
-4.206973450556133866e-78
2.6339720881088670136e-95
0
0
DERIV 28
3.477513868430327817e-80
-1.0593731358315230442e-96
0
0
DERIV 29
-2.795796665643826187e-82
-1.4191104700450951226e-99
0
0
DERIV 30
2.188825763636052785e-84
7.326397370970604995e-101
0
0
DERIV 31
-1.6706398806341246876e-86
-1.0136327651296767268e-102
0
0
DERIV 32
1.2444766861088410495e-88
6.776680969547150159e-105
0
0
DERIV 33
-9.056514325353356785e-91
2.0434824489313749872e-107
0
0
DERIV 34
6.444931295217748797e-93
7.025236886181798802e-110
0
0
DERIV 35
-4.488978126271267749e-95
-1.8185503868235082784e-111
0
0
AT 272
1.9831210343075765317e-32
-2.6829878083457523387e-49
0
0
DERIV 1
-3.784243545902674735e-33
7.093250888992277655e-50
0
0
DERIV 2
3.632911747537484644e-34
7.951924013607034032e-51
0
0
DERIV 3
-2.3395484477295388419e-35
-8.974725834192009054e-52
0
0
DERIV 4
1.1370510675083484219e-36
-5.880819983344272485e-53
0
0
DERIV 5
-4.448812836625223282e-38
-1.3860050006940053136e-54
0
0
DERIV 6
1.4597217496182481227e-39
4.276486577205857056e-56
0
0
DERIV 7
-4.131511992169945576e-41
2.4617080692552960627e-57
0
0
DERIV 8
1.0297517340515693925e-42
4.484039858493171670e-59
0
0
DERIV 9
-2.296131495187933376e-44
2.7000171377368069186e-61
0
0
DERIV 10
4.637814712604318732e-46
-3.811576078731161560e-62
0
0
DERIV 11
-8.571639189516539091e-48
4.648859563636882565e-64
0
0
DERIV 12
1.4617359276103447464e-49
-3.563823452763494268e-66
0
0
DERIV 13
-2.3161756227759194840e-51
1.3252191109433740402e-68
0
0
DERIV 14
3.430563405221694133e-53
-6.664828174052929154e-70
0
0
DERIV 15
-4.774068530462430487e-55
3.5413919485947089044e-71
0
0
DERIV 16
6.270351280278297376e-57
-5.343433708239167324e-73
0
0
DERIV 17
-7.803529944377452822e-59
5.509854888396456309e-76
0
0
DERIV 18
9.234380964732027612e-61
-1.5358018542819179967e-78
0
0
DERIV 19
-1.0423183943225334612e-62
-6.651571589286580187e-79
0
0
DERIV 20
1.1253549088138448329e-64
-6.041418134855698283e-81
0
0
DERIV 21
-1.1651395371306342032e-66
-4.778598208382437194e-83
0
0
DERIV 22
1.1594905119825597557e-68
-7.744614082369597011e-86
0
0
DERIV 23
-1.1114014651168555606e-70
6.444061707733949753e-87
0
0
DERIV 24
1.0280784918652851602e-72
-3.225198207112357962e-90
0
0
DERIV 25
-9.193965766482874514e-75
1.7996263695139772081e-91
0
0
DERIV 26
7.961798091554071891e-77
-6.242225419419589666e-94
0
0
DERIV 27
-6.686652929926215128e-79
8.444442293852580772e-96
0
0
DERIV 28
5.453890973308888466e-81
4.172781066703082982e-97
0
0
DERIV 29
-4.325863561037303215e-83
2.2572651846931438873e-99
0
0
DERIV 30
3.340709541012757184e-85
2.0985658640137497072e-101
0
0
DERIV 31
-2.514785051972083000e-87
1.5143843861835663097e-103
0
0
DERIV 32
1.8472475269751123214e-89
7.326192844190711503e-107
0
0
DERIV 33
-1.3254065934323226921e-91
4.452989395436671815e-108
0
0
DERIV 34
9.297905147989236904e-94
8.023426159376499441e-112
0
0
DERIV 35
-6.382955089484079654e-96
2.984261031060090709e-112
0
0
AT 280
4.339624312699281397e-33
-1.1257987051233059294e-49
0
0
DERIV 1
-8.204308592129279870e-34
7.777666379520957779e-50
0
0
DERIV 2
7.802390749824964236e-35
3.009692529256620600e-51
0
0
DERIV 3
-4.976959985108699141e-36
3.176646972430267106e-53
0
0
DERIV 4
2.395631550456213224e-37
-7.300659605735497555e-54
0
0
DERIV 5
-9.281970850871708806e-39
-5.538782887027840479e-55
0
0
DERIV 6
3.0155712356330074314e-40
1.4659212916547252661e-56
0
0
DERIV 7
-8.450040497898125573e-42
-3.489352113739844319e-58
0
0
DERIV 8
2.0848689047097503828e-43
-7.794429346092035718e-60
0
0
DERIV 9
-4.601347036206474842e-45
2.9169785968893081915e-61
0
0
DERIV 10
9.197897982182513514e-47
1.5608816783784398784e-63
0
0
DERIV 11
-1.6821718791151775148e-48
-1.0420801748998254096e-64
0
0
DERIV 12
2.838248524139429761e-50
6.814816297312599953e-67
0
0
DERIV 13
-4.449089175775467424e-52
-8.041001200240972546e-69
0
0
DERIV 14
6.518170407905641468e-54
-6.699616311776929578e-71
0
0
DERIV 15
-8.971218991798297557e-56
-1.9196990112448694499e-72
0
0
DERIV 16
1.1651948450372233755e-57
2.1765389096556403766e-74
0
0
DERIV 17
-1.4337796062528204977e-59
-7.932745440173937814e-76
0
0
DERIV 18
1.6773506667492761218e-61
1.0701963154682649649e-77
0
0
DERIV 19
-1.8714613407268334280e-63
1.1855250719056488694e-79
0
0
DERIV 20
1.996978501410093326e-65
1.6541737749450432374e-81
0
0
DERIV 21
-2.0431663864865978149e-67
-1.3520587537353843269e-83
0
0
DERIV 22
2.0089672985602745103e-69
-3.540536276466693606e-86
0
0
DERIV 23
-1.9023653953643442320e-71
9.398810471161806806e-88
0
0
DERIV 24
1.7382148978958684929e-73
4.469847482381593392e-90
0
0
DERIV 25
-1.5352203398616692654e-75
-1.0492051299998957939e-91
0
0
DERIV 26
1.3128211416135448496e-77
2.0065614313303048472e-94
0
0
DERIV 27
-1.0885921786987442117e-79
-5.206536250876087765e-97
0
0
DERIV 28
8.765161141500556782e-82
1.3930320647664207024e-99
0
0
DERIV 29
-6.862112795027032235e-84
-4.703902816379357846e-101
0
0
DERIV 30
5.229852807449783825e-86
5.524653976831506728e-103
0
0
DERIV 31
-3.884642486390284139e-88
-1.5621646913885839168e-104
0
0
DERIV 32
2.815192192102802038e-90
-7.048509231186979701e-107
0
0
DERIV 33
-1.9924976300460350467e-92
4.389256229984711240e-109
0
0
DERIV 34
1.3785805231607031530e-94
9.820920706209080062e-111
0
0
DERIV 35
-9.332530811047200550e-97
4.772919904493635350e-113
0
0
AT 288
9.628997308311024965e-34
-7.989444747483203991e-50
0
0
DERIV 1
-1.8040222066017854209e-34
7.912078839623677734e-51
0
0
DERIV 2
1.7000072693391190497e-35
7.753369194128122756e-53
0
0
DERIV 3
-1.0743902648666730659e-36
2.649462242548990237e-54
0
0
DERIV 4
5.123229711140479583e-38
2.817796021970448768e-54
0
0
DERIV 5
-1.9662573679645300321e-39
1.3739846777912761428e-56
0
0
DERIV 6
6.326973204385216160e-41
-6.561210497253402384e-58
0
0
DERIV 7
-1.7557421297760381595e-42
5.128820594515778458e-59
0
0
DERIV 8
4.289482904959722044e-44
-2.4771686825250432509e-60
0
0
DERIV 9
-9.373106642873643377e-46
-5.798150637708447640e-63
0
0
DERIV 10
1.8548427099866303891e-47
4.904069677452345467e-64
0
0
DERIV 11
-3.3578073203966240218e-49
-1.7535012638508883817e-65
0
0
DERIV 12
5.607239777062676136e-51
5.326687503884674187e-67
0
0
DERIV 13
-8.698191259873481791e-53
-1.8847081246078055725e-69
0
0
DERIV 14
1.2609212210911157621e-54
2.9093206699712587966e-71
0
0
DERIV 15
-1.7169704068115017911e-56
-8.576130368517302867e-75
0
0
DERIV 16
2.2059881098463389268e-58
1.4841164834689268079e-75
0
0
DERIV 17
-2.684873806389124175e-60
1.3410249022730136683e-76
0
0
DERIV 18
3.106313443808768851e-62
-1.2148670389544551777e-79
0
0
DERIV 19
-3.427083881921178985e-64
-2.8245883374922882532e-80
0
0
DERIV 20
3.615611298523889439e-66
6.571630289635615419e-83
0
0
DERIV 21
-3.656941756810955480e-68
-1.7380135311553748423e-84
0
0
DERIV 22
3.554136673824595211e-70
2.5695666684373315194e-86
0
0
DERIV 23
-3.326156142351387425e-72
-2.1185754777252135791e-88
0
0
DERIV 24
3.0031678511262804222e-74
1.8150780390143217689e-90
0
0
DERIV 25
-2.6206789958096124044e-76
-8.010626084941728921e-93
0
0
DERIV 26
2.213883267232635907e-78
1.6574003129165981803e-94
0
0
DERIV 27
-1.8132556121948147615e-80
1.1156034070200843524e-96
0
0
DERIV 28
1.4419047626733878987e-82
-4.976118990097676713e-99
0
0
DERIV 29
-1.1146926576847011971e-84
-5.839010865291014676e-102
0
0
DERIV 30
8.387735561527691846e-87
-2.1102316147067162903e-103
0
0
DERIV 31
-6.150370310511181351e-89
-5.837541083350906073e-106
0
0
DERIV 32
4.399363012615741655e-91
-1.8135204548386102784e-107
0
0
DERIV 33
-3.072892316086909605e-93
7.088481654624154764e-110
0
0
DERIV 34
2.0979027014472167736e-95
-7.133901550103424316e-112
0
0
DERIV 35
-1.4011734121535952742e-97
8.052264249989803988e-115
0
0
AT 296
2.165309188654814689e-34
-9.346760112967013310e-51
0
0
DERIV 1
-4.021209528115053995e-35
-1.8378193930847600391e-51
0
0
DERIV 2
3.755743508369370804e-36
-3.079604453322077079e-53
0
0
DERIV 3
-2.352292569543869023e-37
-2.0855657081721407086e-53
0
0
DERIV 4
1.1115025874607262436e-38
4.170235992354058355e-56
0
0
DERIV 5
-4.226657821641360427e-40
3.890215970020248029e-56
0
0
DERIV 6
1.3473950592634166139e-41
-1.1992420484144847763e-57
0
0
DERIV 7
-3.703851067629172660e-43
-1.8543647402848133892e-59
0
0
DERIV 8
8.962777374712253572e-45
-3.0368814866769732398e-61
0
0
DERIV 9
-1.9396198312506178679e-46
2.0607271147462388931e-63
0
0
DERIV 10
3.800891720385665643e-48
2.6186066900460518335e-64
0
0
DERIV 11
-6.812852016694501711e-50
1.2214188465159200184e-66
0
0
DERIV 12
1.1263308224055500412e-51
4.333917249224853746e-68
0
0
DERIV 13
-1.7295686288316328214e-53
-1.1297788447823045550e-69
0
0
DERIV 14
2.4816276746565777841e-55
-5.630257855736510447e-72
0
0
DERIV 15
-3.344248915906779948e-57
4.251559052644136046e-74
0
0
DERIV 16
4.251800112307575009e-59
4.217147118601837578e-75
0
0
DERIV 17
-5.120043995852801295e-61
2.3964663126398362114e-77
0
0
DERIV 18
5.860315289762318274e-63
-6.143748083673395352e-80
0
0
DERIV 19
-6.395456909094029454e-65
1.6878739344514019374e-81
0
0
DERIV 20
6.673358651805220049e-67
2.1925377334068220019e-83
0
0
DERIV 21
-6.674841057449147814e-69
3.622014786827027578e-85
0
0
DERIV 22
6.414472553398352839e-71
3.616582210861949399e-87
0
0
DERIV 23
-5.934945292293663456e-73
-5.781338465244017375e-90
0
0
DERIV 24
5.297168823328584518e-75
-2.659869492232236531e-91
0
0
DERIV 25
-4.568888598938900912e-77
-3.516589719979812581e-93
0
0
DERIV 26
3.814397652739869642e-79
-2.8381133314279401283e-95
0
0
DERIV 27
-3.087068991917406016e-81
-4.773929860882459801e-98
0
0
DERIV 28
2.4253871568573129593e-83
1.3494548440748221468e-99
0
0
DERIV 29
-1.8522413040162639110e-85
3.736307018943066093e-102
0
0
DERIV 30
1.3766559890155981751e-87
-3.987535890881435015e-105
0
0
DERIV 31
-9.969197783410073383e-90
8.251406699911935771e-107
0
0
DERIV 32
7.041523136344016190e-92
-1.3326339179591780622e-108
0
0
DERIV 33
-4.856029198881546296e-94
-2.2545126945759937741e-111
0
0
DERIV 34
3.272769139113565398e-96
5.699238143753021071e-113
0
0
DERIV 35
-2.1575289464086159010e-98
-1.3466077396221258207e-114
0
0
AT 304
4.932485880974238666e-35
-5.236324998238494812e-51
0
0
DERIV 1
-9.081929537807411219e-36
6.194090861710357976e-52
0
0
DERIV 2
8.409093321020412147e-37
6.052517730441857600e-55
0
0
DERIV 3
-5.220741817688797076e-38
2.2894362348631414944e-54
0
0
DERIV 4
2.4450868181950007935e-39
1.0907468094921412258e-55
0
0
DERIV 5
-9.214644799384971528e-41
-8.488253142514049970e-57
0
0
DERIV 6
2.910907608712115930e-42
-9.214523476069870497e-59
0
0
DERIV 7
-7.928530310241557857e-44
-4.940179230928763054e-60
0
0
DERIV 8
1.9008187936218687327e-45
-4.254663587188124956e-62
0
0
DERIV 9
-4.074988344415717788e-47
1.4616729822419181862e-63
0
0
DERIV 10
7.909683439899136291e-49
6.338343590199164702e-65
0
0
DERIV 11
-1.4041648729080868434e-50
4.065042025132128589e-67
0
0
DERIV 12
2.2989093625871634876e-52
1.7432895101378225387e-68
0
0
DERIV 13
-3.495514400020245093e-54
-3.4655305031065025320e-71
0
0
DERIV 14
4.965666190892135784e-56
-4.139908275239306613e-72
0
0
DERIV 15
-6.624556138941359336e-58
-2.0403152096337062192e-74
0
0
DERIV 16
8.336764263890184957e-60
-4.247755113365472057e-76
0
0
DERIV 17
-9.936045749362150511e-62
7.832119355475905910e-78
0
0
DERIV 18
1.1254451007016224456e-63
-7.900680839073396041e-81
0
0
DERIV 19
-1.2153073256797898301e-65
8.839442208369328210e-82
0
0
DERIV 20
1.2546353117020402346e-67
1.0866034014050462738e-84
0
0
DERIV 21
-1.2414216290743073005e-69
-1.7229506636038363864e-86
0
0
DERIV 22
1.1800245812993931560e-71
3.389321646611729981e-88
0
0
DERIV 23
-1.0798028994342644414e-73
2.438265694413947836e-90
0
0
DERIV 24
9.530479635062382750e-76
-2.7934592479191558525e-92
0
0
DERIV 25
-8.127739383089210142e-78
3.410701186320777169e-94
0
0
DERIV 26
6.708386745189741945e-80
-3.218666978513658029e-96
0
0
DERIV 27
-5.366802953174621938e-82
-2.1810588352389545934e-98
0
0
DERIV 28
4.167460069110489901e-84
1.6378739131154900037e-100
0
0
DERIV 29
-3.1452305544817235089e-86
-4.436139958456261859e-103
0
0
DERIV 30
2.3098725431379960958e-88
9.879983879346525633e-105
0
0
DERIV 31
-1.6526208546938427832e-90
-7.138341651315904785e-107
0
0
DERIV 32
1.1531146082388819981e-92
3.756824518290603725e-109
0
0
DERIV 33
-7.854564095078941095e-95
2.5286362354492269357e-111
0
0
DERIV 34
5.227967481033547312e-97
-7.457142241570129993e-114
0
0
DERIV 35
-3.4032379598971282130e-99
-6.865769014280987577e-116
0
0
AT 312
1.1377009930102524725e-35
2.9494959672350018204e-52
0
0
DERIV 1
-2.0773532980493014031e-36
1.4618927232920521927e-52
0
0
DERIV 2
1.907258362122427628e-37
-9.638591185063051700e-54
0
0
DERIV 3
-1.1740277856870133671e-38
-5.166848957534485768e-55
0
0
DERIV 4
5.451091139509364195e-40
8.000026904587151308e-57
0
0
DERIV 5
-2.0364205334621802099e-41
-8.951989856813898170e-58
0
0
DERIV 6
6.376365777126334405e-43
1.5541591397018567813e-59
0
0
DERIV 7
-1.7212706407710061300e-44
9.954252266204037513e-61
0
0
DERIV 8
4.089442529732517897e-46
3.003244609286587924e-62
0
0
DERIV 9
-8.687032642660630825e-48
5.948745366678369788e-64
0
0
DERIV 10
1.6706295653799598544e-49
8.306617524876738276e-66
0
0
DERIV 11
-2.938116082081294082e-51
-5.778233021311162288e-68
0
0
DERIV 12
4.764922174161589490e-53
-1.8493612570728118972e-70
0
0
DERIV 13
-7.175976902539647829e-55
3.3753668844189917126e-71
0
0
DERIV 14
1.0095685633232810753e-56
3.029966058746843513e-73
0
0
DERIV 15
-1.3336914376795446057e-58
-4.080831103705347507e-75
0
0
DERIV 16
1.6618347578875316243e-60
-4.833725108500983352e-77
0
0
DERIV 17
-1.960860229974900189e-62
2.0075328797729066039e-79
0
0
DERIV 18
2.1986224453514479477e-64
1.5163804021468441165e-80
0
0
DERIV 19
-2.3499349773033115068e-66
2.4247407432962465827e-83
0
0
DERIV 20
2.400934342610195933e-68
1.5467342674267694629e-84
0
0
DERIV 21
-2.3508469634196397705e-70
-5.694790320785171109e-87
0
0
DERIV 22
2.2109920271487186783e-72
-1.0317761999701657453e-88
0
0
DERIV 23
-2.0016127668669590445e-74
1.7861893310319850919e-90
0
0
DERIV 24
1.7475827494944456669e-76
6.788528470392129812e-93
0
0
DERIV 25
-1.4741027063316438619e-78
-8.861852021518386374e-95
0
0
DERIV 26
1.2032565075735528285e-80
7.207776302800746492e-97
0
0
DERIV 27
-9.518855097634806567e-83
-3.1622652496116516294e-99
0
0
DERIV 28
7.308291525518483764e-85
-5.042258870157628399e-101
0
0
DERIV 29
-5.452784055401034640e-87
1.0244709721793013374e-103
0
0
DERIV 30
3.958411329179085164e-89
7.038720235370343099e-106
0
0
DERIV 31
-2.799101053471044842e-91
2.0553824752329734336e-107
0
0
DERIV 32
1.930079912181802217e-93
1.2083079803207379469e-109
0
0
DERIV 33
-1.2990536247070075944e-95
-3.118904617036608868e-112
0
0
DERIV 34
8.542489338509466690e-98
-1.3912660917548718237e-114
0
0
DERIV 35
-5.493315888690037936e-100
-3.131493860650320154e-116
0
0
AT 320
2.6559944488724137252e-36
7.444880717035822937e-53
0
0
DERIV 1
-4.810266148110750950e-37
3.259692124059941720e-54
0
0
DERIV 2
4.380138848026320372e-38
-1.9719697891866766810e-54
0
0
DERIV 3
-2.6738421497297945634e-39
-5.813057733078889138e-57
0
0
DERIV 4
1.2310589379123666775e-40
-1.4532401240174059911e-57
0
0
DERIV 5
-4.559942816090982764e-42
2.5544861528303033468e-58
0
0
DERIV 6
1.4155321352605317385e-43
-1.6731933153324128058e-60
0
0
DERIV 7
-3.787981516999154215e-45
7.873597964904454627e-62
0
0
DERIV 8
8.920560000609271985e-47
4.100685621282937578e-63
0
0
DERIV 9
-1.8781292072250897757e-48
-1.2475983461280382075e-64
0
0
DERIV 10
3.579450904730201655e-50
-2.3316914149529302821e-66
0
0
DERIV 11
-6.237968964788719314e-52
-2.259420465278831014e-68
0
0
DERIV 12
1.0023592711605436706e-53
-1.7599712069917710195e-70
0
0
DERIV 13
-1.4955359395657875346e-55
-1.0484844027636051822e-72
0
0
DERIV 14
2.0842715475546069610e-57
-4.006730901325778972e-74
0
0
DERIV 15
-2.727284852751042380e-59
-2.1964401664416001090e-75
0
0
DERIV 16
3.365682866974964991e-61
-1.2164225015276392823e-77
0
0
DERIV 17
-3.932740913768041518e-63
2.2264795173693796527e-79
0
0
DERIV 18
4.366318376807262131e-65
3.801960036583596431e-81
0
0
DERIV 19
-4.620499313455316843e-67
-6.009645637927777778e-84
0
0
DERIV 20
4.673406205890556032e-69
-5.097116325492243676e-85
0
0
DERIV 21
-4.529489294093461162e-71
-3.302789545239178471e-87
0
0
DERIV 22
4.216331343749607371e-73
2.3513456824125095126e-89
0
0
DERIV 23
-3.777469295394329884e-75
-1.1438754428684553328e-92
0
0
DERIV 24
3.2634894288920622380e-77
-1.8474954347214451078e-93
0
0
DERIV 25
-2.723614634757018767e-79
-5.208599713694999636e-96
0
0
DERIV 26
2.199374008331847998e-81
2.7020642804329250863e-99
0
0
DERIV 27
-1.7210665816902616528e-83
1.7167771163733730443e-102
0
0
DERIV 28
1.3069220415177252365e-85
5.928555000207398946e-102
0
0
DERIV 29
-9.643205262920866141e-88
4.585396233293415797e-104
0
0
DERIV 30
6.922156567215233301e-90
-3.776896404722872645e-106
0
0
DERIV 31
-4.839541573897277679e-92
-1.5607852261279615840e-108
0
0
DERIV 32
3.298933322433549037e-94
7.424355001146928634e-111
0
0
DERIV 33
-2.194750066678470023e-96
-4.695109891194126839e-113
0
0
DERIV 34
1.4264253047399518375e-98
-1.0431841262452579057e-115
0
0
DERIV 35
-9.064676968145594862e-101
5.015790341473883570e-118
0
0
AT 328
6.273263337858352717e-37
-2.489324900724236886e-53
0
0
DERIV 1
-1.1271470999492660999e-37
1.4450194584961531914e-54
0
0
DERIV 2
1.0181364984189335714e-38
-5.771880811007894153e-55
0
0
DERIV 3
-6.164837006188368791e-40
3.076797473847659438e-56
0
0
DERIV 4
2.815094758866722400e-41
-2.4474554839211553309e-57
0
0
DERIV 5
-1.0340989783264455594e-42
2.214254963953513662e-59
0
0
DERIV 6
3.183250043749960278e-44
1.8233718954744246727e-60
0
0
DERIV 7
-8.446300243534269622e-46
5.282556546461717072e-62
0
0
DERIV 8
1.9720473135755061221e-47
-8.719538147832169203e-64
0
0
DERIV 9
-4.116003160120740198e-49
-3.145777901940685858e-65
0
0
DERIV 10
7.775882854115561022e-51
-1.7899911730439780963e-67
0
0
DERIV 11
-1.3431273505095553152e-52
-8.073767416027321645e-69
0
0
DERIV 12
2.1389235974336710954e-54
-1.2079297626598124175e-70
0
0
DERIV 13
-3.162447771854409359e-56
-1.0407651503689554760e-72
0
0
DERIV 14
4.367086621249588645e-58
-2.6973049080203399598e-74
0
0
DERIV 15
-5.661544689399574112e-60
5.350112277540986779e-76
0
0
DERIV 16
6.921497813511082543e-62
-1.5383388213093789894e-78
0
0
DERIV 17
-8.011241020067124182e-64
-5.544716917084672420e-80
0
0
DERIV 18
8.809517781797026047e-66
4.408016311796259140e-82
0
0
DERIV 19
-9.232349353508055020e-68
-1.0370765146917481247e-84
0
0
DERIV 20
9.246925244625073327e-70
4.054566197524889672e-86
0
0
DERIV 21
-8.873747611148403617e-72
-4.021429757983071919e-88
0
0
DERIV 22
8.177861030138092009e-74
4.755284614051205858e-90
0
0
DERIV 23
-7.252802583603970649e-76
-4.215966429828390776e-92
0
0
DERIV 24
6.202109577687416241e-78
3.553129534716727377e-94
0
0
DERIV 25
-5.122797892671537386e-80
8.163181996441214943e-97
0
0
DERIV 26
4.093706104701933396e-82
-2.1611261876408449424e-98
0
0
DERIV 27
-3.169732227958404767e-84
8.543933968195153259e-101
0
0
DERIV 28
2.3814030177129699525e-86
1.6050510600618968898e-103
0
0
DERIV 29
-1.7382554209284840871e-88
-2.1420956899258621960e-105
0
0
DERIV 30
1.2342208872066498111e-90
6.551456039974374217e-107
0
0
DERIV 31
-8.534243045443124589e-93
3.361736643865587682e-109
0
0
DERIV 32
5.752986309216065812e-95
2.9492437438200283035e-111
0
0
DERIV 33
-3.784541874150523844e-97
2.3176252691597970157e-113
0
0
DERIV 34
2.4318392205195435674e-99
-1.0825427426170627469e-115
0
0
DERIV 35
-1.5277229540070141624e-101
-9.335030365677362755e-118
0
0
AT 336
1.4985360301938367192e-37
7.216002097746286843e-55
0
0
DERIV 1
-2.671657524225723956e-38
-7.320871406131981335e-55
0
0
DERIV 2
2.3943945814186075278e-39
1.1298724059407369651e-55
0
0
DERIV 3
-1.4383462325372423011e-40
-1.1368822863201381157e-57
0
0
DERIV 4
6.515521422650824250e-42
-2.8617404097546776888e-58
0
0
DERIV 5
-2.3740746247003822873e-43
7.933857879210597548e-60
0
0
DERIV 6
7.248372106738273296e-45
-2.4735840188233696310e-61
0
0
DERIV 7
-1.9073688007231834221e-46
-8.705004186515648915e-64
0
0
DERIV 8
4.416156714489951291e-48
-3.466765298527048308e-65
0
0
DERIV 9
-9.139490395881185541e-50
-1.5255873916598212432e-68
0
0
DERIV 10
1.7118861088290538579e-51
8.246133332254611706e-68
0
0
DERIV 11
-2.931437015179115429e-53
5.429355089601648632e-70
0
0
DERIV 12
4.627599854798021018e-55
-2.3301049913577162916e-71
0
0
DERIV 13
-6.781715679241008031e-57
5.291682143868271254e-73
0
0
DERIV 14
9.281578708996143103e-59
-7.413551884034211110e-75
0
0
DERIV 15
-1.1924400673221212889e-60
-3.3457420673860820225e-77
0
0
DERIV 16
1.4445435396911014192e-62
5.737284188944614050e-80
0
0
DERIV 17
-1.6565946143869399376e-64
1.2067859805610573957e-80
0
0
DERIV 18
1.8047251256898904304e-66
-7.473352172212973666e-83
0
0
DERIV 19
-1.873569653621648286e-68
6.209665895997780937e-85
0
0
DERIV 20
1.8587007558194461248e-70
1.5704982402492472958e-86
0
0
DERIV 21
-1.7665631895220254748e-72
1.0271393292501907579e-88
0
0
DERIV 22
1.6122296425086562225e-74
-1.3249386602355698483e-93
0
0
DERIV 23
-1.4158356407769769073e-76
-3.607350924394354452e-93
0
0
DERIV 24
1.1987278964040883077e-78
-2.8278263984446013795e-95
0
0
DERIV 25
-9.802043619022483066e-81
-5.737675908602558212e-97
0
0
DERIV 26
7.753682252879449927e-83
4.011009286168072969e-99
0
0
DERIV 27
-5.942226636949169292e-85
-3.481161356666267278e-101
0
0
DERIV 28
4.418225476013732688e-87
7.867657997875002916e-104
0
0
DERIV 29
-3.191314707210145415e-89
-1.5075495257755914964e-105
0
0
DERIV 30
2.2420351439912919354e-91
8.925505210741699275e-108
0
0
DERIV 31
-1.5337696214107256511e-93
-6.189499836587842657e-110
0
0
DERIV 32
1.0227886348584697550e-95
-5.334367560262881574e-112
0
0
DERIV 33
-6.655103940445206315e-98
-3.581508695849531123e-114
0
0
DERIV 34
4.229379312599791303e-100
-1.5400591081393834759e-117
0
0
DERIV 35
-2.6274692804975702318e-102
2.622423668775476929e-119
0
0
AT 344
3.619068698743258944e-38
-1.6069407582370418265e-54
0
0
DERIV 1
-6.403457969557877532e-39
-6.400483900612598550e-55
0
0
DERIV 2
5.695056854271951077e-40
1.5369937073087463237e-56
0
0
DERIV 3
-3.394676445075418858e-41
2.5040628617840002863e-57
0
0
DERIV 4
1.5257394583646549582e-42
-1.4531922693801460918e-58
0
0
DERIV 5
-5.515502476043540664e-44
-3.043837129886937482e-60
0
0
DERIV 6
1.6705273498769574599e-45
-1.0897861359303931411e-61
0
0
DERIV 7
-4.360463592027472670e-47
1.4624033038541387789e-63
0
0
DERIV 8
1.0013581783335100498e-48
-3.152974535439531484e-65
0
0
DERIV 9
-2.0553020361845043602e-50
-4.410584214871717482e-67
0
0
DERIV 10
3.817671638205006199e-52
2.691928494348475253e-68
0
0
DERIV 11
-6.482391456500560309e-54
-1.2062959262401549300e-70
0
0
DERIV 12
1.0146167720142664052e-55
-6.795600741748611140e-72
0
0
DERIV 13
-1.4741360257822060811e-57
-8.544263709200948679e-74
0
0
DERIV 14
2.000006429512039581e-59
-4.727946943031472769e-76
0
0
DERIV 15
-2.5469305332870874782e-61
-1.2342274253759156204e-77
0
0
DERIV 16
3.058026510914402541e-63
-1.4792289843691376124e-79
0
0
DERIV 17
-3.475486680407380239e-65
-1.3381298320698464568e-81
0
0
DERIV 18
3.751954482667351633e-67
2.8562950052341188076e-83
0
0
DERIV 19
-3.859414572868934854e-69
9.272493553243827463e-87
0
0
DERIV 20
3.793357558172395435e-71
-1.0617626514530793483e-87
0
0
DERIV 21
-3.571605399893562139e-73
2.2373843167715109030e-89
0
0
DERIV 22
3.228777449606444686e-75
-1.4216342851056800265e-91
0
0
DERIV 23
-2.8083908578801804975e-77
-1.7409414159654424288e-93
0
0
DERIV 24
2.3548056670814265121e-79
-5.436202138380658340e-96
0
0
DERIV 25
-1.9067631973905787526e-81
-8.837460167225067843e-98
0
0
DERIV 26
1.4934455611815653546e-83
5.970527576431507218e-100
0
0
DERIV 27
-1.1331493525582223306e-85
-8.534686059506519466e-103
0
0
DERIV 28
8.340600790371871564e-88
5.679599183194789194e-105
0
0
DERIV 29
-5.963281026187056730e-90
-2.0391127155323629624e-106
0
0
DERIV 30
4.146470828264483516e-92
2.8810548880009920904e-108
0
0
DERIV 31
-2.807184589400035749e-94
1.0810250529965508345e-110
0
0
DERIV 32
1.8523590885914010232e-96
3.240833244611409521e-113
0
0
DERIV 33
-1.1925486746119482778e-98
7.934378829634034524e-115
0
0
DERIV 34
7.497788198511905498e-101
3.725852718910362920e-117
0
0
DERIV 35
-4.607681620720146375e-103
-2.835778808522288700e-119
0
0
AT 352
8.833627742386484308e-39
1.3939578557550110228e-55
0
0
DERIV 1
-1.5514403728685465321e-39
-9.409532860279876195e-56
0
0
DERIV 2
1.3695017943423518657e-40
6.820168670223816034e-57
0
0
DERIV 3
-8.101628676570765192e-42
-3.549446010478978047e-58
0
0
DERIV 4
3.613505775353916074e-43
-8.538176998173322591e-60
0
0
DERIV 5
-1.2962015653918015021e-44
-9.591845001087287727e-61
0
0
DERIV 6
3.895331456632686943e-46
-3.770577313224921069e-62
0
0
DERIV 7
-1.0087668059118784967e-47
3.744625721941598638e-64
0
0
DERIV 8
2.2981502181335091794e-49
9.667390124545499247e-66
0
0
DERIV 9
-4.679060395366833732e-51
7.542375867946386462e-68
0
0
DERIV 10
8.620618580357022922e-53
-9.691199201539764816e-70
0
0
DERIV 11
-1.4517586924294621345e-54
-1.0442953649856314153e-70
0
0
DERIV 12
2.253422588526167067e-56
1.5963768389521977725e-72
0
0
DERIV 13
-3.246544302691500972e-58
2.8980834966554732038e-74
0
0
DERIV 14
4.367367308819811466e-60
2.1984246195418142080e-76
0
0
DERIV 15
-5.514053958313679730e-62
-3.595560124909874913e-78
0
0
DERIV 16
6.563287399536051302e-64
4.953124836867733796e-80
0
0
DERIV 17
-7.394050273938365570e-66
-3.003243516376147628e-82
0
0
DERIV 18
7.911720049980997989e-68
6.737672882046706681e-84
0
0
DERIV 19
-8.065680343319305063e-70
1.8757246224481276466e-86
0
0
DERIV 20
7.856134005919107559e-72
4.253468485737977298e-88
0
0
DERIV 21
-7.329478448999852244e-74
1.7349601182632087236e-90
0
0
DERIV 22
6.564941396274080064e-76
-2.2179913193831539470e-92
0
0
DERIV 23
-5.657072578360811240e-78
-2.422100940011089103e-94
0
0
DERIV 24
4.698819121213937001e-80
2.691883533825555526e-96
0
0
DERIV 25
-3.768665171777688597e-82
1.1551470545523859422e-98
0
0
DERIV 26
2.923443481978481628e-84
2.1525489268931864668e-100
0
0
DERIV 27
-2.1966660878458262814e-86
-6.385397643953914400e-104
0
0
DERIV 28
1.6010414879799651215e-88
7.385179182665776272e-105
0
0
DERIV 29
-1.1333795565984556695e-90
2.6197631367097147993e-107
0
0
DERIV 30
7.802068590731732399e-93
4.740784540765343765e-109
0
0
DERIV 31
-5.228764731997853492e-95
3.1980907026148688192e-111
0
0
DERIV 32
3.415119876737681312e-97
3.406798670956759156e-114
0
0
DERIV 33
-2.1760302609833850120e-99
7.072581217773729287e-116
0
0
DERIV 34
1.3538956094937712845e-101
-6.965932213512831436e-118
0
0
DERIV 35
-8.232895032707303125e-104
-4.357590315872231618e-120
0
0
AT 360
2.1785025247308428943e-39
-5.534523168697452975e-56
0
0
DERIV 1
-3.798421625886334739e-40
-7.582046162021076931e-57
0
0
DERIV 2
3.328486532417042224e-41
-4.003931915841869458e-58
0
0
DERIV 3
-1.9545163675594447121e-42
4.952711523339718701e-59
0
0
DERIV 4
8.652564043671374585e-44
-4.527590700778294107e-60
0
0
DERIV 5
-3.080375545473076552e-45
-2.793813318577192717e-62
0
0
DERIV 6
9.186629787683836238e-47
-1.8025032084424222390e-64
0
0
DERIV 7
-2.3607419611761442348e-48
1.2845072726873840216e-64
0
0
DERIV 8
5.336383207589106153e-50
-2.873247857118634921e-66
0
0
DERIV 9
-1.0779600855549499709e-51
-1.0633802799692151334e-68
0
0
DERIV 10
1.9702535596771527140e-53
8.559823694549124406e-70
0
0
DERIV 11
-3.291407626157022972e-55
-3.750774870541122897e-72
0
0
DERIV 12
5.067537438662661336e-57
-4.944327639385041474e-74
0
0
DERIV 13
-7.241123304856101196e-59
1.5281990244709149846e-75
0
0
DERIV 14
9.660452647203803117e-61
-1.5026107671648478234e-78
0
0
DERIV 15
-1.2094960130140681097e-62
-4.983296703277231934e-79
0
0
DERIV 16
1.4274888146807621100e-64
6.268856862487649187e-82
0
0
DERIV 17
-1.5944592054112748787e-66
-2.7048613013505876189e-83
0
0
DERIV 18
1.6913877309226209707e-68
-9.419425950461487725e-86
0
0
DERIV 19
-1.7092899000303922888e-70
8.811229742175736851e-87
0
0
DERIV 20
1.6502393633105036089e-72
5.978937589002869410e-89
0
0
DERIV 21
-1.5259314913551653187e-74
-9.141708168503223698e-91
0
0
DERIV 22
1.3544936486034275902e-76
4.238006795103112813e-93
0
0
DERIV 23
-1.1565967499965870943e-78
-1.1156884079195447979e-94
0
0
DERIV 24
9.518810462769077375e-81
2.3359405703460288569e-97
0
0
DERIV 25
-7.563879098684818024e-83
-1.0270558187308041971e-99
0
0
DERIV 26
5.812645563294747462e-85
-9.360986170400551653e-102
0
0
DERIV 27
-4.326373945494089923e-87
-1.7322767388987620321e-103
0
0
DERIV 28
3.1232153848982082872e-89
1.3467105141333621891e-105
0
0
DERIV 29
-2.1896376815878441181e-91
-1.3543806746023225819e-107
0
0
DERIV 30
1.4926641595430890830e-93
-9.444535018329386554e-110
0
0
DERIV 31
-9.905229886666123842e-96
2.751889974147444769e-113
0
0
DERIV 32
6.405336216922861559e-98
2.8918723909757675748e-114
0
0
DERIV 33
-4.040439255540397527e-100
-1.9120751433550890461e-116
0
0
DERIV 34
2.4884757675215897664e-102
-1.2725685041770492975e-118
0
0
DERIV 35
-1.4977594788991053003e-104
1.1684074189835030253e-120
0
0
AT 368
5.426561216109340914e-40
-5.975498805100544553e-57
0
0
DERIV 1
-9.394781966629506369e-41
-7.793790895684587276e-57
0
0
DERIV 2
8.173638531726625140e-42
-1.9466562477211518895e-58
0
0
DERIV 3
-4.764977822094721034e-43
-5.009460207991603937e-60
0
0
DERIV 4
2.0940491539895471120e-44
5.231880270572185974e-61
0
0
DERIV 5
-7.400028480055925594e-46
-7.581364874565120177e-62
0
0
DERIV 6
2.190485995562601570e-47
-4.892987650529853155e-65
0
0
DERIV 7
-5.586680860874566300e-49
6.609661865848349680e-66
0
0
DERIV 8
1.2532555481919880699e-50
-4.991229725356295308e-67
0
0
DERIV 9
-2.5121667745276926409e-52
6.927098443728335824e-69
0
0
DERIV 10
4.556030434074115323e-54
7.970085071606481706e-71
0
0
DERIV 11
-7.551445568420840924e-56
-3.086190053917785456e-72
0
0
DERIV 12
1.1534378963749823263e-57
6.760486253071671922e-74
0
0
DERIV 13
-1.6349956038308474473e-59
-5.845774129431174263e-76
0
0
DERIV 14
2.1636438147203645461e-61
2.769038047779769142e-78
0
0
DERIV 15
-2.686793606808846206e-63
1.1880084093689403680e-79
0
0
DERIV 16
3.144906683054625792e-65
1.0606688079638607922e-81
0
0
DERIV 17
-3.483509034066230336e-67
-2.8685548493288012039e-83
0
0
DERIV 18
3.664191533470242776e-69
3.624184535753798194e-90
0
0
DERIV 19
-3.671511155867182067e-71
3.601728321713860078e-88
0
0
DERIV 20
3.514249316248558283e-73
1.4201727934996421071e-89
0
0
DERIV 21
-3.221359744795507719e-75
-2.0731229662451831854e-91
0
0
DERIV 22
2.8344023101133985056e-77
-1.4532498516821808157e-93
0
0
DERIV 23
-2.3988786882578956241e-79
2.945700494286912302e-96
0
0
DERIV 24
1.9566447163119190717e-81
9.103855459588010585e-98
0
0
DERIV 25
-1.5407697469911710567e-83
-6.482295573609043578e-100
0
0
DERIV 26
1.1732524927347500596e-85
4.755654381441745712e-102
0
0
DERIV 27
-8.652199256535768906e-88
-1.3270107731145502121e-104
0
0
DERIV 28
6.187985270203556704e-90
-8.970604809261922158e-107
0
0
DERIV 29
-4.297582975049533206e-92
3.594767164586471099e-109
0
0
DERIV 30
2.901872539558862619e-94
1.2579008979065573596e-110
0
0
DERIV 31
-1.907235353805273789e-96
1.0843976050974246107e-112
0
0
DERIV 32
1.2214176762663774116e-98
2.937363446773498130e-115
0
0
DERIV 33
-7.629431745482676076e-101
-3.539198155992348121e-117
0
0
DERIV 34
4.652613033783081144e-103
4.249167541522816271e-119
0
0
DERIV 35
-2.7724507597949958019e-105
-1.2528018238517666054e-121
0
0
AT 376
1.3649487969312922402e-40
9.982324405684254011e-57
0
0
DERIV 1
-2.346714087469689928e-41
1.2362200316137977291e-57
0
0
DERIV 2
2.0274027462768395544e-42
4.835639545576004480e-59
0
0
DERIV 3
-1.1735608297151263396e-43
-3.039364628346612366e-60
0
0
DERIV 4
5.120594542916822503e-45
2.935676850116284619e-62
0
0
DERIV 5
-1.7964869433355860461e-46
-1.3512887422787047806e-62
0
0
DERIV 6
5.279057081307643543e-48
1.6793404541030601256e-64
0
0
DERIV 7
-1.3364806489561505908e-49
-5.862926735011314208e-66
0
0
DERIV 8
2.975834680420784412e-51
-2.5844683512875375369e-67
0
0
DERIV 9
-5.920318750499968836e-53
3.899657359647526578e-69
0
0
DERIV 10
1.0655589686487183842e-54
-6.864075987406209489e-72
0
0
DERIV 11
-1.7525955300481947674e-56
-1.1100029042223148801e-73
0
0
DERIV 12
2.6562730848042575861e-58
-6.563438924119706859e-75
0
0
DERIV 13
-3.735836489611263802e-60
-7.925467983434912152e-77
0
0
DERIV 14
4.904732865930536556e-62
-1.4797592466580471010e-78
0
0
DERIV 15
-6.042093882762922672e-64
1.4128967149385604627e-80
0
0
DERIV 16
7.015351664018222726e-66
4.897049930202645095e-82
0
0
DERIV 17
-7.707469084699648428e-68
-6.006744355925508676e-85
0
0
DERIV 18
8.040638451533243398e-70
-2.7979969303680029644e-86
0
0
DERIV 19
-7.989853046563790453e-72
-2.1928390366231913946e-88
0
0
DERIV 20
7.583537574129593181e-74
-2.885207272861761233e-90
0
0
DERIV 21
-6.892667189542417894e-76
3.404508806238050642e-92
0
0
DERIV 22
6.012866636463926317e-78
-3.283121292895394967e-94
0
0
DERIV 23
-5.045024353779805319e-80
6.956530438898517826e-97
0
0
DERIV 24
4.079101264115475199e-82
-1.2753807475082606072e-98
0
0
DERIV 25
-3.183831986903245661e-84
-1.1868744455312896729e-101
0
0
DERIV 26
2.4028455588081456214e-86
4.104200693207033199e-103
0
0
DERIV 27
-1.7560815476081423174e-88
-5.041325515713854362e-105
0
0
DERIV 28
1.2445512792690418667e-90
-4.281285676939723797e-107
0
0
DERIV 29
-8.564351048406988851e-93
7.814321430323903850e-109
0
0
DERIV 30
5.729493723697903794e-95
1.9993047533392101616e-112
0
0
DERIV 31
-3.730531793750190529e-97
1.3792332685679090220e-113
0
0
DERIV 32
2.3665723137087749017e-99
1.9704449441894138205e-115
0
0
DERIV 33
-1.4641893414846146237e-101
9.252336763778215508e-118
0
0
DERIV 34
8.843243364126039158e-104
-5.106882458994381890e-120
0
0
DERIV 35
-5.218527630757137603e-106
-3.631237511521514273e-122
0
0
AT 384
3.465902372921025251e-41
-1.3193738283115445623e-57
0
0
DERIV 1
-5.918398523594914642e-42
-2.3445378886250354164e-58
0
0
DERIV 2
5.078067569750761568e-43
2.317104116297630464e-59
0
0
DERIV 3
-2.919097024227856203e-44
-2.4582243831079204548e-61
0
0
DERIV 4
1.2647874672960279328e-45
-4.344848466884151232e-62
0
0
DERIV 5
-4.406004430793692876e-47
-3.825717000461834415e-64
0
0
DERIV 6
1.2854940848751060510e-48
6.591864833008845174e-65
0
0
DERIV 7
-3.231008650251508597e-50
8.788737503761381756e-67
0
0
DERIV 8
7.141912575513447093e-52
-4.145132659953545010e-69
0
0
DERIV 9
-1.4104229484459833975e-53
-2.2282994209169249888e-70
0
0
DERIV 10
2.5196967611247117231e-55
8.735775279558449953e-72
0
0
DERIV 11
-4.113264824210082915e-57
-2.4528822830408293413e-73
0
0
DERIV 12
6.186987679290063504e-59
1.1665753324976361550e-76
0
0
DERIV 13
-8.635013631204564049e-61
3.0922645959501334944e-77
0
0
DERIV 14
1.1249311767626021758e-62
1.0323614827868743865e-78
0
0
DERIV 15
-1.3749914197342214806e-64
6.366219506128716867e-81
0
0
DERIV 16
1.5839085342847603976e-66
3.408627306122673193e-83
0
0
DERIV 17
-1.7263406645647828316e-68
-1.9504323107608504982e-85
0
0
DERIV 18
1.7865078907883978505e-70
9.149830693960154222e-88
0
0
DERIV 19
-1.7608333217814784561e-72
4.068535714947101590e-89
0
0
DERIV 20
1.6576064575592693918e-74
9.476115647884713397e-91
0
0
DERIV 21
-1.4941418468239142755e-76
4.410220506209410015e-93
0
0
DERIV 22
1.2925446504671668325e-78
5.825459620039355185e-96
0
0
DERIV 23
-1.0753528093831507529e-80
-7.910232585252006134e-97
0
0
DERIV 24
8.620648017157286174e-83
-6.218501585645908780e-99
0
0
DERIV 25
-6.670786189552211056e-85
-3.765421137949371197e-101
0
0
DERIV 26
4.990771271580672765e-87
-1.3251969540684819046e-103
0
0
DERIV 27
-3.615468989816655613e-89
-1.0401328422309715457e-105
0
0
DERIV 28
2.539650091226376125e-91
9.955715008974370477e-108
0
0
DERIV 29
-1.7320459433796511835e-93
-1.0120155658442761784e-109
0
0
DERIV 30
1.1482793267214064661e-95
2.526319659801236463e-112
0
0
DERIV 31
-7.408506279827261552e-98
6.060718739199869372e-115
0
0
DERIV 32
4.656614948612136455e-100
2.4615926426187154271e-116
0
0
DERIV 33
-2.8543040879025815213e-102
-1.4850530524461052860e-118
0
0
DERIV 34
1.7077670032065268543e-104
5.058906502912388862e-121
0
0
DERIV 35
-9.982526096265570570e-107
-2.9032173134237047680e-123
0
0
AT 392
8.882054698886070596e-42
2.2231278624022907278e-58
0
0
DERIV 1
-1.5066247554790601444e-42
7.256494752782108266e-59
0
0
DERIV 2
1.2840280198865507657e-43
5.642528512365946044e-60
0
0
DERIV 3
-7.331127265654837735e-45
-3.447895573909333134e-61
0
0
DERIV 4
3.1546905881712995839e-46
-9.634141924216714774e-63
0
0
DERIV 5
-1.0913690492839249349e-47
2.0017634581624038110e-64
0
0
DERIV 6
3.1619462776365886118e-49
-1.7640686850562258884e-65
0
0
DERIV 7
-7.891329065566020832e-51
-5.857106952944067737e-67
0
0
DERIV 8
1.7319040765497789672e-52
-1.7817831722339654060e-69
0
0
DERIV 9
-3.395668618671819174e-54
2.1836570491788366595e-70
0
0
DERIV 10
6.022265794164151537e-56
1.0800249427471814684e-72
0
0
DERIV 11
-9.758943686595774970e-58
4.144993861528998949e-74
0
0
DERIV 12
1.4570296901755772254e-59
1.7982799631909350103e-76
0
0
DERIV 13
-2.0183357785331862521e-61
3.478757520699120463e-79
0
0
DERIV 14
2.609549490971275080e-63
-4.254894969090406639e-81
0
0
DERIV 15
-3.165311393635761792e-65
6.911120120005511785e-82
0
0
DERIV 16
3.618185423963786643e-67
-4.847826039999228000e-84
0
0
DERIV 17
-3.912898799170017795e-69
-1.7523233191486801381e-85
0
0
DERIV 18
4.017494613765372452e-71
-3.652515944798382871e-87
0
0
DERIV 19
-3.928379609386314343e-73
-2.0030821358809273324e-89
0
0
DERIV 20
3.668493766808457131e-75
1.4636249000167171162e-91
0
0
DERIV 21
-3.2800117307157303095e-77
-6.042040042311616750e-94
0
0
DERIV 22
2.814311272747708028e-79
-2.2451230947308253707e-95
0
0
DERIV 23
-2.322127686125062178e-81
4.622266512798308458e-98
0
0
DERIV 24
1.8460729850998406342e-83
7.950855776204900343e-100
0
0
DERIV 25
-1.4165269470885471218e-85
-9.087223174505862396e-102
0
0
DERIV 26
1.0507977636303185183e-87
8.767496309129507590e-105
0
0
DERIV 27
-7.547173138486283709e-90
3.567669359610289771e-106
0
0
DERIV 28
5.255645485422101020e-92
8.361636350545113510e-109
0
0
DERIV 29
-3.553106009139419771e-94
-7.287474849076605660e-111
0
0
DERIV 30
2.334837858565463662e-96
-2.1261752517589078663e-113
0
0
DERIV 31
-1.4930139892334139721e-98
1.1433202983941548137e-114
0
0
DERIV 32
9.300172314414124035e-101
-2.6980873424588704966e-117
0
0
DERIV 33
-5.648999512188415648e-103
-3.907365798468398261e-119
0
0
DERIV 34
3.3489874857901076531e-105
1.8538030254100487623e-122
0
0
DERIV 35
-1.9395534207312232096e-107
2.906737930774804991e-124
0
0
AT 400
2.2966865605558424945e-42
-1.0366303885010032198e-58
0
0
DERIV 1
-3.870387991996943541e-43
4.534760631534129657e-60
0
0
DERIV 2
3.276855759877796399e-44
-2.2704451117204326124e-60
0
0
DERIV 3
-1.8584848736335727020e-45
9.078041045849567600e-63
0
0
DERIV 4
7.943689224964682382e-47
-2.2442521570590013841e-63
0
0
DERIV 5
-2.7295169423145405886e-48
-5.310193849603375567e-65
0
0
DERIV 6
7.853957451694637444e-50
-1.6870667536668722264e-66
0
0
DERIV 7
-1.9465924973036014985e-51
-1.2340683127984162245e-67
0
0
DERIV 8
4.242386442754320445e-53
2.1990318398867899234e-69
0
0
DERIV 9
-8.259306598595633363e-55
-4.393845279578249380e-71
0
0
DERIV 10
1.4543878102377112813e-56
-9.496754637386327412e-73
0
0
DERIV 11
-2.3398875834342495175e-58
5.441318775467306022e-75
0
0
DERIV 12
3.468183300989603443e-60
1.0997675358157893912e-76
0
0
DERIV 13
-4.769115484715577224e-62
-2.0492131867845270003e-78
0
0
DERIV 14
6.120540686646273512e-64
-3.953459077037695819e-80
0
0
DERIV 15
-7.368673463934678331e-66
4.571714093421257539e-82
0
0
DERIV 16
8.359510241842538919e-68
4.502062644084484603e-84
0
0
DERIV 17
-8.971685431497746855e-70
-3.449680181842449053e-86
0
0
DERIV 18
9.140798541446470559e-72
-6.906123592573074850e-88
0
0
DERIV 19
-8.868771021673729876e-74
4.284484937295092948e-90
0
0
DERIV 20
8.217248722850049770e-76
-2.5371666727037958914e-92
0
0
DERIV 21
-7.289033364995640519e-78
8.411954197218953312e-95
0
0
DERIV 22
6.204253832765577293e-80
2.833585166494507883e-96
0
0
DERIV 23
-5.078005369607922811e-82
1.2367414359600164967e-99
0
0
DERIV 24
4.004165881423889458e-84
1.4623171242883095833e-100
0
0
DERIV 25
-3.0472664611895231731e-86
1.2286469625836900829e-102
0
0
DERIV 26
2.2417808490453038648e-88
-1.0469925679523509508e-104
0
0
DERIV 27
-1.5966603701336309958e-90
2.898844513412752647e-107
0
0
DERIV 28
1.1024885271967757510e-92
-5.715339442722787563e-109
0
0
DERIV 29
-7.389946691292119479e-95
-5.446309446920853075e-111
0
0
DERIV 30
4.814377182677814192e-97
-2.845915534412906493e-113
0
0
DERIV 31
-3.0518445799920841867e-99
-8.298670743375526021e-117
0
0
DERIV 32
1.8843838589231196348e-101
-4.645334134279358100e-118
0
0
DERIV 33
-1.1344732249068769835e-103
-8.458966762467828266e-121
0
0
DERIV 34
6.665686104504193773e-106
-7.370454901534049620e-123
0
0
DERIV 35
-3.825654906912205760e-108
-1.3016832336286528529e-124
0
0
AT 408
5.990733961317141758e-43
-3.823956290294401775e-59
0
0
DERIV 1
-1.0031111021920252074e-43
4.826889775359960997e-60
0
0
DERIV 2
8.438034241965565902e-45
-7.521675958261185515e-62
0
0
DERIV 3
-4.754505450028760146e-46
-1.0360446077551279034e-62
0
0
DERIV 4
2.0188478977087594034e-47
6.606382728184658014e-64
0
0
DERIV 5
-6.890878615545642426e-49
5.144854513451264476e-65
0
0
DERIV 6
1.9695043983871386885e-50
-3.201933659430796100e-67
0
0
DERIV 7
-4.848361078393212827e-52
1.3106367495935524478e-68
0
0
DERIV 8
1.0494295103184532815e-53
-1.0499377941543989408e-69
0
0
DERIV 9
-2.0289957895715498965e-55
-4.806963641796837360e-72
0
0
DERIV 10
3.547998379210150279e-57
2.3589259639996646218e-73
0
0
DERIV 11
-5.668063003678220882e-59
-3.013019147054446533e-75
0
0
DERIV 12
8.341589461290578886e-61
3.824430796583816316e-77
0
0
DERIV 13
-1.1388382595547791442e-62
5.978213114063365496e-80
0
0
DERIV 14
1.4509803591112704908e-64
-3.803580311987865386e-81
0
0
DERIV 15
-1.7341171423960981883e-66
-8.304661134161396352e-83
0
0
DERIV 16
1.952796189022469986e-68
-1.0325477994093722657e-84
0
0
DERIV 17
-2.0802063947221303903e-70
2.299068715694115871e-87
0
0
DERIV 18
2.1034971281923678809e-72
2.7255888175959735469e-89
0
0
DERIV 19
-2.0254217589406241310e-74
4.975272811189019021e-91
0
0
DERIV 20
1.8622642555528038168e-76
-1.5201476164217827510e-92
0
0
DERIV 21
-1.6391398946935845126e-78
-2.8918811611097784420e-95
0
0
DERIV 22
1.3843151465000515906e-80
1.3504937316551764642e-97
0
0
DERIV 23
-1.1241021715685945639e-82
-3.843812695008253731e-99
0
0
DERIV 24
8.793455377193077607e-85
3.054038108609613713e-101
0
0
DERIV 25
-6.638351305832952453e-87
-3.342776644582952354e-103
0
0
DERIV 26
4.844092744976063818e-89
2.9709512147685685049e-105
0
0
DERIV 27
-3.421907852227178158e-91
1.7295251033077943716e-107
0
0
DERIV 28
2.343327925248832038e-93
1.9274168625712376327e-109
0
0
DERIV 29
-1.5576506456341426703e-95
1.1711829860276600766e-111
0
0
DERIV 30
1.0062478345999087398e-97
1.5583706001077312871e-114
0
0
DERIV 31
-6.324547707888574674e-100
-4.053226979315240363e-116
0
0
DERIV 32
3.871725572687374819e-102
-9.388479325363518771e-119
0
0
DERIV 33
-2.3108049670809901378e-104
1.2676296098043665911e-120
0
0
DERIV 34
1.3459014978628712221e-106
1.0569759029643546226e-122
0
0
DERIV 35
-7.656652256400015258e-109
2.026667333200866722e-127
0
0
AT 416
1.5759837499292398198e-43
-9.593892179049625754e-60
0
0
DERIV 1
-2.622345872985294709e-44
1.6444892352403221543e-60
0
0
DERIV 2
2.1919240303559344889e-45
-1.5537195007406765010e-61
0
0
DERIV 3
-1.2271753988125304275e-46
4.611809106656826066e-63
0
0
DERIV 4
5.177206827378566102e-48
2.239916209423984602e-65
0
0
DERIV 5
-1.7556196729777056177e-49
-1.6692368909520563089e-65
0
0
DERIV 6
4.984823300816953031e-51
-1.7141979684732951832e-68
0
0
DERIV 7
-1.2189827103482883420e-52
-3.025069498271460906e-69
0
0
DERIV 8
2.620826024102392860e-54
2.6101368237856137400e-71
0
0
DERIV 9
-5.032927826823950082e-56
2.0934526630533251672e-72
0
0
DERIV 10
8.740769459166944924e-58
-1.0559634257104229594e-74
0
0
DERIV 11
-1.3867540131633883970e-59
-9.648147447187875007e-76
0
0
DERIV 12
2.0266728585682107163e-61
-1.1692110159259639925e-77
0
0
DERIV 13
-2.747503720784523393e-63
-6.436852479372929177e-80
0
0
DERIV 14
3.475763794514504442e-65
-5.247150744266026046e-82
0
0
DERIV 15
-4.124302127257110036e-67
-2.662661556121312433e-84
0
0
DERIV 16
4.610869992031357241e-69
2.1101244681113252792e-85
0
0
DERIV 17
-4.875921014223456674e-71
-6.164948010276576323e-88
0
0
DERIV 18
4.894254588557539711e-73
-1.9836382037912206566e-89
0
0
DERIV 19
-4.677614098436230646e-75
1.0680789765330533819e-92
0
0
DERIV 20
4.268587270708252185e-77
-1.3648669438335551572e-93
0
0
DERIV 21
-3.728741185282008309e-79
-1.4303753995452431826e-95
0
0
DERIV 22
3.125026795390726853e-81
2.2196028246175858235e-97
0
0
DERIV 23
-2.5180600644358828171e-83
1.0420373155122603682e-99
0
0
DERIV 24
1.9544750513543518909e-85
-1.3140804995940765272e-101
0
0
DERIV 25
-1.4638938679199040202e-87
-4.995263112851748551e-104
0
0
DERIV 26
1.0597633811519636201e-89
5.621826478877232225e-106
0
0
DERIV 27
-7.426427779384012642e-92
3.406465242619475322e-108
0
0
DERIV 28
5.044612291615709945e-94
-3.199318800979953585e-110
0
0
DERIV 29
-3.325948604891576658e-96
-1.0794495259629529521e-112
0
0
DERIV 30
2.1309273966367922612e-98
-1.4511643936789752272e-114
0
0
DERIV 31
-1.3282464332925611317e-100
4.082984828475129994e-117
0
0
DERIV 32
8.063179343808598455e-103
4.364819437368634336e-119
0
0
DERIV 33
-4.771824875835339058e-105
5.539980430595773400e-123
0
0
DERIV 34
2.755628264004476282e-107
-1.5158476745369662928e-123
0
0
DERIV 35
-1.5541715064385077256e-109
-1.1116273169553020366e-126
0
0
AT 424
4.180463666560199855e-44
2.1335255436569154490e-60
0
0
DERIV 1
-6.913260820939937044e-45
-5.846817045874525878e-61
0
0
DERIV 2
5.742666195893729366e-46
-2.071495003737002593e-62
0
0
DERIV 3
-3.194952717452398695e-47
-1.4687713535475895761e-63
0
0
DERIV 4
1.3393602554535416539e-48
6.334059550005199111e-66
0
0
DERIV 5
-4.512846558396834240e-50
-4.205351425900789097e-66
0
0
DERIV 6
1.2730985817249437621e-51
-1.1781803915071913525e-68
0
0
DERIV 7
-3.092969324962282417e-53
3.064395756869852010e-70
0
0
DERIV 8
6.606257334777228016e-55
-3.882792727869646947e-71
0
0
DERIV 9
-1.2602317399271692493e-56
4.786798531366059886e-73
0
0
DERIV 10
2.1740260629103250900e-58
1.2608638936019151440e-74
0
0
DERIV 11
-3.425883568114055129e-60
-1.0097384024349666744e-76
0
0
DERIV 12
4.972644232508453920e-62
-2.812710175855389950e-78
0
0
DERIV 13
-6.694911573174895344e-64
2.3715919387380533760e-80
0
0
DERIV 14
8.410690379437295328e-66
4.875256176306309454e-82
0
0
DERIV 15
-9.910110158838436602e-68
6.712481185301573680e-84
0
0
DERIV 16
1.1000921367890354699e-69
2.459857356971772279e-87
0
0
DERIV 17
-1.1550275529757820072e-71
-1.9232664286464095117e-88
0
0
DERIV 18
1.1510199123573364393e-73
-1.1194401351270324239e-90
0
0
DERIV 19
-1.0920741841823376222e-75
-3.464659916734896925e-92
0
0
DERIV 20
9.892681717296428156e-78
-5.995429542147309426e-94
0
0
DERIV 21
-8.577577687489473280e-80
6.453086478437408950e-97
0
0
DERIV 22
7.135081268865625030e-82
1.6738822458278048906e-98
0
0
DERIV 23
-5.705898139020820239e-84
1.9256760153903398174e-101
0
0
DERIV 24
4.395118499430784789e-86
-2.6392325143959062913e-102
0
0
DERIV 25
-3.266646535092626078e-88
1.1441558325825514204e-104
0
0
DERIV 26
2.346512730950127735e-90
1.3003770911495021033e-106
0
0
DERIV 27
-1.6314905883552389308e-92
-1.5337917632876025377e-108
0
0
DERIV 28
1.0994917091290859419e-94
-5.656189798128357046e-111
0
0
DERIV 29
-7.191309880070449846e-97
-3.985926385713405667e-113
0
0
DERIV 30
4.570439673376889506e-99
1.0532712533304157907e-115
0
0
DERIV 31
-2.8257465549642492048e-101
-2.540334788021004578e-118
0
0
DERIV 32
1.7013523375571280588e-103
2.8593873703160340155e-120
0
0
DERIV 33
-9.985592121254038170e-106
-4.351318387949375309e-122
0
0
DERIV 34
5.718460800116315362e-108
-3.302996706130952041e-124
0
0
DERIV 35
-3.198116537888158878e-110
1.9432379339581658097e-126
0
0
AT 432
1.1179175866688010382e-44
-2.1799859534398494827e-61
0
0
DERIV 1
-1.8375436755571464690e-45
1.1121816500966768307e-61
0
0
DERIV 2
1.5170968801022664294e-46
-6.686314947413985685e-63
0
0
DERIV 3
-8.388505337219826004e-48
-5.173583024044678609e-65
0
0
DERIV 4
3.494725990866616540e-49
1.1229023727961935168e-65
0
0
DERIV 5
-1.1701372367076416653e-50
5.103239116952577885e-67
0
0
DERIV 6
3.2801483569129721203e-52
-1.0589635710007411479e-68
0
0
DERIV 7
-7.918205472174898949e-54
-2.1299750786474956997e-70
0
0
DERIV 8
1.6803532802902212811e-55
-9.532669381722189275e-72
0
0
DERIV 9
-3.184663202502547820e-57
-2.2960757159774599386e-73
0
0
DERIV 10
5.457825292250926185e-59
1.6890866007582673805e-75
0
0
DERIV 11
-8.543638135304506188e-61
2.2212761446616493776e-77
0
0
DERIV 12
1.2318174446250094908e-62
3.665535470789355417e-79
0
0
DERIV 13
-1.6472732607657154507e-64
1.1856655019081189718e-80
0
0
DERIV 14
2.0553566674305139062e-66
-2.3198709493213935650e-83
0
0
DERIV 15
-2.405146096943600725e-68
-1.5127108502833769624e-84
0
0
DERIV 16
2.6513797327109122290e-70
1.5411884211554234377e-87
0
0
DERIV 17
-2.764313856856564825e-72
7.508374970542310549e-89
0
0
DERIV 18
2.7352813430158675061e-74
5.623411106083745495e-91
0
0
DERIV 19
-2.5767202845461578714e-76
-1.4445396263564195568e-92
0
0
DERIV 20
2.317377234210210429e-78
4.701409860437675000e-95
0
0
DERIV 21
-1.9947400461808528626e-80
-1.7401361788999351331e-96
0
0
DERIV 22
1.6471406664958231725e-82
-1.0313001109705249371e-98
0
0
DERIV 23
-1.3074854462897310279e-84
-3.041104754290512913e-101
0
0
DERIV 24
9.996207896117290738e-87
-5.104467851302690877e-103
0
0
DERIV 25
-7.373763982991579154e-89
2.7094214937737745143e-105
0
0
DERIV 26
5.256573665585231306e-91
3.042688727469706008e-107
0
0
DERIV 27
-3.626831022359620407e-93
-9.317320980012540462e-110
0
0
DERIV 28
2.4253117944019508528e-95
-3.044720587991418162e-112
0
0
DERIV 29
-1.5739330839522241822e-97
1.6391363664973993004e-114
0
0
DERIV 30
9.924496083821216620e-100
-9.458963981720149712e-116
0
0
DERIV 31
-6.087308469366700952e-102
-2.582752547058130478e-118
0
0
DERIV 32
3.635776676299800517e-104
-1.8842678422279402964e-120
0
0
DERIV 33
-2.1166869431553100641e-106
-1.7697096069921692972e-123
0
0
DERIV 34
1.2022940300551445929e-108
-4.127340911178933620e-125
0
0
DERIV 35
-6.668731841815924560e-111
4.839215228889487688e-127
0
0
AT 440
3.013166200370780602e-45
-1.5733509033280039499e-61
0
0
DERIV 1
-4.923429458789935244e-46
3.007809292888656599e-62
0
0
DERIV 2
4.040512703025925261e-47
-9.949797653893227384e-64
0
0
DERIV 3
-2.2206340468644332212e-48
8.450292571967316724e-65
0
0
DERIV 4
9.194978105252137248e-50
9.163073432187953031e-66
0
0
DERIV 5
-3.059815402712758120e-51
6.067179423069719709e-68
0
0
DERIV 6
8.524094385158776923e-53
-4.790467135795013443e-69
0
0
DERIV 7
-2.0448107891621791917e-54
1.3317341890016985220e-70
0
0
DERIV 8
4.311948840228499705e-56
2.1831034569316134163e-72
0
0
DERIV 9
-8.120036426996962421e-58
3.612900864844009279e-74
0
0
DERIV 10
1.3826433612395909662e-59
-5.632921255870600154e-76
0
0
DERIV 11
-2.1503237765666293698e-61
-9.084138355821498045e-78
0
0
DERIV 12
3.080009153644977817e-63
-2.5111829815167344747e-79
0
0
DERIV 13
-4.091569326900214610e-65
-1.3423961133496551793e-81
0
0
DERIV 14
5.071119196735693658e-67
5.888577425759804050e-84
0
0
DERIV 15
-5.894187922143856739e-69
-1.1980790147478026255e-85
0
0
DERIV 16
6.453475513778624932e-71
1.6946424925348164650e-87
0
0
DERIV 17
-6.682229971129466125e-73
4.419646321146758088e-89
0
0
DERIV 18
6.566308891704143883e-75
-2.740575142655565055e-91
0
0
DERIV 19
-6.142490861030209671e-77
1.0517840992613514024e-93
0
0
DERIV 20
5.485350822047076481e-79
3.430414134324974577e-95
0
0
DERIV 21
-4.688098175509296161e-81
-1.6555342976817055403e-99
0
0
DERIV 22
3.843402664070113749e-83
1.8780743790442726293e-99
0
0
DERIV 23
-3.028787147562840879e-85
-4.189713965723856360e-102
0
0
DERIV 24
2.298717239482995690e-87
-9.580363940136372535e-104
0
0
DERIV 25
-1.6831754296745573391e-89
1.4191765604825548438e-105
0
0
DERIV 26
1.1909789443729351462e-91
4.756073015111506358e-108
0
0
DERIV 27
-8.155694322583849679e-94
-1.2996854617931214265e-110
0
0
DERIV 28
5.412581016556212408e-96
3.338834135568408526e-112
0
0
DERIV 29
-3.485756514053249349e-98
1.3558615804388156138e-114
0
0
DERIV 30
2.1810406370624345863e-100
1.5871953181112693045e-117
0
0
DERIV 31
-1.3273806756141344062e-102
-1.4503773375906970321e-119
0
0
DERIV 32
7.865973376462731059e-105
3.103204590895469959e-121
0
0
DERIV 33
-4.543254104092768450e-107
2.8019113499279650709e-123
0
0
DERIV 34
2.560036015006136649e-109
1.8923036309587491104e-126
0
0
DERIV 35
-1.4085534310594863980e-111
1.9909309204910371452e-128
0
0
AT 448
8.184391257033195707e-46
9.783089835332663277e-63
0
0
DERIV 1
-1.3295028074398822009e-46
8.827526194130207968e-64
0
0
DERIV 2
1.0846699857692466098e-47
5.135837641512360551e-64
0
0
DERIV 3
-5.925918233567218257e-49
2.353103492244949566e-65
0
0
DERIV 4
2.439058903129325062e-50
7.163437286764950389e-67
0
0
DERIV 5
-8.067442442555676222e-52
4.826013315350252336e-68
0
0
DERIV 6
2.233749683709421446e-53
-8.421607389775188920e-70
0
0
DERIV 7
-5.325508297364548058e-55
3.5210310012115249911e-71
0
0
DERIV 8
1.1160378527753114144e-56
1.1243815273979699882e-72
0
0
DERIV 9
-2.0885085431727568458e-58
3.082924482121606700e-75
0
0
DERIV 10
3.533758002540788942e-60
2.3759266636196021528e-76
0
0
DERIV 11
-5.460771668585555474e-62
3.995503717850570383e-78
0
0
DERIV 12
7.771424883362050223e-64
-4.338371588135267246e-80
0
0
DERIV 13
-1.0256797994352982617e-65
4.625617406929435572e-82
0
0
DERIV 14
1.2629131989753851358e-67
5.144766589851995592e-84
0
0
DERIV 15
-1.4581956735498865678e-69
-1.2549982765622194380e-85
0
0
DERIV 16
1.5859218488188418585e-71
1.0990657789030356676e-88
0
0
DERIV 17
-1.6310969123266187703e-73
-1.0054728077087411790e-89
0
0
DERIV 18
1.5919287698368315299e-75
4.375077559875847297e-92
0
0
DERIV 19
-1.4789870131354937640e-77
5.370958064073109356e-94
0
0
DERIV 20
1.3116413982928415536e-79
-5.605514070584190231e-96
0
0
DERIV 21
-1.1131954455711387736e-81
1.0140772521921416959e-97
0
0
DERIV 22
9.062073548416645239e-84
5.962039338525192577e-100
0
0
DERIV 23
-7.090717563625346625e-86
6.001609476973752487e-102
0
0
DERIV 24
5.343050736841372874e-88
-3.811160260802352543e-104
0
0
DERIV 25
-3.884076964546407214e-90
1.4923175835768873966e-106
0
0
DERIV 26
2.7282830683195959641e-92
-3.459456835541312888e-109
0
0
DERIV 27
-1.8545784216039506511e-94
-1.8220161057216302390e-111
0
0
DERIV 28
1.2216855247693513647e-96
-5.002037415159174294e-113
0
0
DERIV 29
-7.808983067139500800e-99
1.9794628234351423260e-115
0
0
DERIV 30
4.849255765816058688e-101
-1.0114356238712797094e-117
0
0
DERIV 31
-2.928815651083436087e-103
1.4754147564396888567e-119
0
0
DERIV 32
1.7222864071875467884e-105
5.210747623259382010e-122
0
0
DERIV 33
-9.870684329547702590e-108
-5.813705627269606937e-124
0
0
DERIV 34
5.518543364978892604e-110
-6.821410372577355199e-127
0
0
DERIV 35
-3.012454636155104250e-112
1.0231849561891223758e-128
0
0
AT 456
2.2469313511266106288e-46
-9.431466549044805568e-63
0
0
DERIV 1
-3.613957781166117381e-47
-4.354898952516278679e-64
0
0
DERIV 2
2.931734852321172303e-48
-1.2716982100306742755e-64
0
0
DERIV 3
-1.5942688131352503522e-49
2.869143532320137544e-66
0
0
DERIV 4
6.523072574299831262e-51
2.3459014722907110000e-67
0
0
DERIV 5
-2.1440685885192496085e-52
1.8076217146505060883e-68
0
0
DERIV 6
5.901125842132295542e-54
-3.232463791530746971e-70
0
0
DERIV 7
-1.3985242173603606162e-55
9.054750148531825971e-72
0
0
DERIV 8
2.912948930290961052e-57
-4.843692921612296484e-76
0
0
DERIV 9
-5.417545987166568212e-59
2.536066550309031962e-75
0
0
DERIV 10
9.109661609814563456e-61
2.7103963584654251854e-77
0
0
DERIV 11
-1.3989323766053313083e-62
1.3300822133065191940e-80
0
0
DERIV 12
1.9783066440819298580e-64
9.733312494590649231e-81
0
0
DERIV 13
-2.594358354770132887e-66
2.4083445304463528684e-82
0
0
DERIV 14
3.173897307050158041e-68
9.106222352828866837e-87
0
0
DERIV 15
-3.640924192210731897e-70
1.1628406025438493672e-86
0
0
DERIV 16
3.933949993030836070e-72
2.0841422911285129385e-88
0
0
DERIV 17
-4.019321447489017788e-74
1.6543856801123188683e-90
0
0
DERIV 18
3.896701227724332497e-76
2.3557848454288089246e-92
0
0
DERIV 19
-3.595942139590826310e-78
1.5573193644961067942e-94
0
0
DERIV 20
3.1674696152157892174e-80
-7.835767274821975497e-97
0
0
DERIV 21
-2.669879982820830584e-82
-6.022188988525300206e-99
0
0
DERIV 22
2.158463275093529477e-84
1.2619045913914171009e-100
0
0
DERIV 23
-1.6771721056669132423e-86
-1.1075679495294207463e-102
0
0
DERIV 24
1.2549329449483861154e-88
6.409976087940233613e-106
0
0
DERIV 25
-9.058078167287974297e-91
-1.6388560683659073147e-108
0
0
DERIV 26
6.317245240350458216e-93
-3.846227927430895052e-109
0
0
DERIV 27
-4.263305597458857611e-95
-2.324916966587380185e-112
0
0
DERIV 28
2.788022986148752995e-97
6.909253895422746833e-114
0
0
DERIV 29
-1.7690479248738014530e-99
-5.486480598066130391e-116
0
0
DERIV 30
1.0904374798185925239e-101
-2.877528844677490912e-118
0
0
DERIV 31
-6.536879497136411917e-104
5.234828804544481087e-120
0
0
DERIV 32
3.815123639031442326e-106
1.4659946720489113320e-122
0
0
DERIV 33
-2.1699372943916517872e-108
1.7026761553795443385e-124
0
0
DERIV 34
1.2039065545638530800e-110
-3.955451204698173755e-127
0
0
DERIV 35
-6.521219224792691594e-113
-2.6655827121355762529e-129
0
0
AT 464
1.3911382288312666128e-46
7.203946801780656431e-63
0
0
DERIV 1
-5.891239092861941195e-48
-3.578474102890145143e-64
0
0
DERIV 2
5.107716734860938020e-49
-1.0277978177352131601e-65
0
0
DERIV 3
-4.818756525631128790e-50
-1.3092213884240483490e-66
0
0
DERIV 4
1.9359583414015352226e-51
-4.707141021724924924e-68
0
0
DERIV 5
-5.559829176470189620e-53
3.785233695167059748e-69
0
0
DERIV 6
1.5277773024995732854e-54
1.3449422355772511651e-70
0
0
DERIV 7
-3.734418981303693631e-56
2.1219976139889773783e-72
0
0
DERIV 8
7.722472597512455580e-58
3.793701216145867287e-74
0
0
DERIV 9
-1.4137656431199339253e-59
3.333364597037170674e-76
0
0
DERIV 10
2.3635992589809863120e-61
-1.3758573221085303167e-77
0
0
DERIV 11
-3.616541756249305985e-63
-9.024397976035481375e-80
0
0
DERIV 12
5.082177093280012465e-65
-2.826034021586688037e-81
0
0
DERIV 13
-6.618866512776184348e-67
3.2078407994837610590e-83
0
0
DERIV 14
8.046556531873553195e-69
2.774018040373227027e-85
0
0
DERIV 15
-9.173316021177639145e-71
-2.991664011879975447e-87
0
0
DERIV 16
9.847928409575942496e-73
1.8979056867644666303e-89
0
0
DERIV 17
-9.996127381211546396e-75
8.100112535803689307e-91
0
0
DERIV 18
9.627904984954814867e-77
5.628548044779546815e-93
0
0
DERIV 19
-8.826354063045229276e-79
-3.658425863755912120e-95
0
0
DERIV 20
7.722997914568366916e-81
-1.9901105046901139484e-97
0
0
DERIV 21
-6.466124152512562014e-83
1.2639756861995672345e-99
0
0
DERIV 22
5.192198799940391025e-85
-7.338165813954174964e-103
0
0
DERIV 23
-4.006943157132905833e-87
-1.6451950040234698706e-103
0
0
DERIV 24
2.9775494496284651628e-89
6.088964462577129875e-107
0
0
DERIV 25
-2.1342802615451576326e-91
1.0607931509834477414e-108
0
0
DERIV 26
1.4780664540782556970e-93
-1.2300058767036001408e-110
0
0
DERIV 27
-9.904606755440718906e-96
7.116664946924026300e-112
0
0
DERIV 28
6.431099035840388180e-98
-6.010833589770423618e-114
0
0
DERIV 29
-4.051351163477079775e-100
-6.779288628402495187e-117
0
0
DERIV 30
2.4791665977097157100e-102
5.814622703371792094e-119
0
0
DERIV 31
-1.4753434019684906674e-104
7.246734307735272997e-121
0
0
DERIV 32
8.547160183143441555e-107
-1.2052600133596073174e-123
0
0
DERIV 33
-4.825293459653873784e-109
3.005159672553977173e-125
0
0
DERIV 34
2.6570836620602140265e-111
-7.353240203751976251e-128
0
0
DERIV 35
-1.4283991631478420724e-113
4.303564061614140796e-130
0
0
AT 472
7.780271277819560664e-45
-3.202473928133342783e-61
0
0
DERIV 1
4.030280881743244853e-46
2.882248495379487046e-62
0
0
DERIV 2
-2.879004671266611815e-47
1.0681800188513566978e-63
0
0
DERIV 3
-5.148681211040048633e-49
-2.723122503803662826e-65
0
0
DERIV 4
1.8410567287121563797e-50
-8.679851905982122482e-67
0
0
DERIV 5
1.7022625186549832697e-52
8.704109368962244894e-69
0
0
DERIV 6
-3.980031626129726084e-54
-1.6678094322016967915e-70
0
0
DERIV 7
-4.229242852122139553e-56
-1.2058446812539698670e-72
0
0
DERIV 8
7.779079135129191749e-58
-4.840610327595423870e-74
0
0
DERIV 9
-4.606575623171965394e-61
1.5430906157278443636e-77
0
0
DERIV 10
1.5743871197829500564e-62
6.564610082324079082e-80
0
0
DERIV 11
-1.1567730470160280089e-63
-3.1455253331235387420e-80
0
0
DERIV 12
1.5681855876367307906e-65
9.762556435739530764e-82
0
0
DERIV 13
-1.6047159913454194901e-67
-4.807675830247754668e-85
0
0
DERIV 14
1.9588358811153999765e-69
6.258569967773190070e-87
0
0
DERIV 15
-2.3649354110537933100e-71
1.5576338094685924036e-87
0
0
DERIV 16
2.5165058669146439668e-73
-2.573840774897621891e-90
0
0
DERIV 17
-2.499861153884187574e-75
2.0687650130913621443e-91
0
0
DERIV 18
2.3939041066823667947e-77
1.4548690595890696435e-93
0
0
DERIV 19
-2.1883598277583218433e-79
6.899108155787390536e-97
0
0
DERIV 20
1.9020079217206679946e-81
-9.924943007604243327e-98
0
0
DERIV 21
-1.5806614475734792067e-83
5.587797346758745485e-100
0
0
DERIV 22
1.2608769399397787139e-85
9.214969065441470941e-103
0
0
DERIV 23
-9.667234676020990730e-88
4.446463967675978757e-105
0
0
DERIV 24
7.135164486100409924e-90
3.021759754437478715e-107
0
0
DERIV 25
-5.079405449926282872e-92
2.4978925431823696468e-108
0
0
DERIV 26
3.493539192270429755e-94
1.1563435098883282092e-110
0
0
DERIV 27
-2.324859085893437511e-96
1.9981829281873814610e-112
0
0
DERIV 28
1.4990031170691925352e-98
1.2001015605949656615e-114
0
0
DERIV 29
-9.376671678049330764e-101
-5.537977243059529920e-117
0
0
DERIV 30
5.697192402472195978e-103
-1.6352920205067335002e-119
0
0
DERIV 31
-3.3661124809052855386e-105
-1.3826752748776205891e-121
0
0
DERIV 32
1.9360260786630791053e-107
1.0670676585599201646e-123
0
0
DERIV 33
-1.0850268155352730443e-109
5.847367366014663799e-126
0
0
DERIV 34
5.930929876596781131e-112
-3.105587751459469468e-128
0
0
DERIV 35
-3.1647632838776668103e-114
-4.626489590470393061e-131
0
0
AT 480
7.209147157958755223e-43
-4.113041956059173612e-59
0
0
DERIV 1
3.784157068610220120e-44
-4.434193975523095675e-61
0
0
DERIV 2
-2.6938948305524372386e-45
5.714694608131329616e-63
0
0
DERIV 3
-4.692075323379058777e-47
-3.603216710054297786e-63
0
0
DERIV 4
1.6655142613185010195e-48
-7.806909006067071110e-65
0
0
DERIV 5
1.7317626250111933886e-50
2.8839661395284174050e-67
0
0
DERIV 6
-4.086642321591998758e-52
1.7108535940566758238e-68
0
0
DERIV 7
-3.025659039394317308e-54
-2.1904056970773717970e-70
0
0
DERIV 8
5.341336756940079319e-56
-1.6469392922361248321e-72
0
0
DERIV 9
3.0451851100921732803e-58
-1.4205118912160613392e-74
0
0
DERIV 10
-4.285988054410765880e-60
1.9125071526566357965e-76
0
0
DERIV 11
-2.031085945132983661e-62
-1.5281848413159891918e-79
0
0
DERIV 12
2.3825633878760526593e-64
1.3838655840933267795e-80
0
0
DERIV 13
8.782111544152665559e-67
-7.634706520942649717e-84
0
0
DERIV 14
-8.698111177425320838e-69
6.703152838621367864e-86
0
0
DERIV 15
-3.725527474743534014e-71
-3.953001143265333091e-88
0
0
DERIV 16
3.364666762123967134e-73
-2.4558015306680061223e-89
0
0
DERIV 17
1.7801034357180055978e-76
-1.3086000559111113425e-92
0
0
DERIV 18
-2.5452672805625509890e-79
4.063070437418781603e-96
0
0
DERIV 19
-7.135130206240600825e-80
6.035003890154970589e-96
0
0
DERIV 20
5.880883808377544673e-82
2.3135556542888699156e-98
0
0
DERIV 21
-3.624271894726026795e-84
-4.040611357791121388e-101
0
0
DERIV 22
2.9171159475355466654e-86
9.627001080022601172e-103
0
0
DERIV 23
-2.3923275408300181491e-88
7.541215599214072492e-105
0
0
DERIV 24
1.7480878526306958408e-90
-1.0011793086624083455e-106
0
0
DERIV 25
-1.2163866534840063588e-92
-6.530526807931553463e-110
0
0
DERIV 26
8.316411565344337940e-95
4.235014946960628712e-111
0
0
DERIV 27
-5.516183860826296206e-97
2.4313565767458523664e-114
0
0
DERIV 28
3.5316959557691083046e-99
2.601309472314743596e-116
0
0
DERIV 29
-2.1922790593077655325e-101
7.983512412618164687e-119
0
0
DERIV 30
1.3227889972530508273e-103
1.0980146627564869532e-119
0
0
DERIV 31
-7.761859325313450650e-106
7.641192973105325865e-123
0
0
DERIV 32
4.432610088122312494e-108
-3.351150255549592874e-124
0
0
DERIV 33
-2.4664048063591267134e-110
-5.412485674302220432e-127
0
0
DERIV 34
1.3384763514760430773e-112
8.363069125306848665e-129
0
0
DERIV 35
-7.090373912916768791e-115
2.0229646649967417620e-131
0
0
AT 488
6.211336650840877601e-41
3.158485959924701793e-57
0
0
DERIV 1
3.274240052733691492e-42
2.3698756855915570366e-58
0
0
DERIV 2
-2.3211182785722654392e-43
1.2243163091040353295e-59
0
0
DERIV 3
-4.059476083880653441e-45
-1.7631848316965678365e-61
0
0
DERIV 4
1.4349081390442525258e-46
-4.891535247372971139e-63
0
0
DERIV 5
1.4987562351222452078e-48
-1.3296329116879564212e-64
0
0
DERIV 6
-3.522085470772990746e-50
-1.5140865512418574691e-66
0
0
DERIV 7
-2.6156475267910002128e-52
-1.6831750065349040806e-68
0
0
DERIV 8
4.597527506113035184e-54
2.5340471290365094784e-70
0
0
DERIV 9
2.643412962155577249e-56
-1.2722912143723303840e-72
0
0
DERIV 10
-3.706998572617731900e-58
2.4435401674884855410e-74
0
0
DERIV 11
-1.7360723461002615113e-60
3.596563813201753228e-77
0
0
DERIV 12
2.023388898063648328e-62
-8.424244979192561823e-79
0
0
DERIV 13
7.980170986251753954e-65
-5.338308562579349093e-81
0
0
DERIV 14
-7.950626516111749620e-67
2.4740164510071662081e-83
0
0
DERIV 15
-2.707995062887868485e-69
-1.3775961894247340785e-85
0
0
DERIV 16
2.3548219585552966536e-71
1.0305210545907775670e-87
0
0
DERIV 17
7.019256033178914716e-74
-1.1434540519238821159e-90
0
0
DERIV 18
-5.407860294438342298e-76
-1.7031540413675549914e-92
0
0
DERIV 19
-1.4581225851077805713e-78
4.186508692766096354e-95
0
0
DERIV 20
1.0112247976272227178e-80
-5.476021356524483236e-97
0
0
DERIV 21
2.3004842159677254390e-83
1.6578980126681438304e-99
0
0
DERIV 22
-1.4277883912640036068e-85
2.403914182398666659e-103
0
0
DERIV 23
-3.859548935500443715e-88
1.1734512425835850916e-104
0
0
DERIV 24
2.303572511420428951e-90
2.5676430728635168438e-107
0
0
DERIV 25
7.980873996043289333e-94
-4.155311990527748405e-110
0
0
DERIV 26
2.417592372599263018e-97
-6.977489893542306500e-114
0
0
DERIV 27
-1.6854120036093531789e-97
-1.0636815884898056877e-113
0
0
DERIV 28
1.0182921966446005402e-99
-6.486315394181732486e-116
0
0
DERIV 29
-4.873330973332439158e-102
1.4547795012883687182e-118
0
0
DERIV 30
2.964236930769742009e-104
1.6981466180379568061e-120
0
0
DERIV 31
-1.8303149884174969959e-106
-4.626947457084963940e-123
0
0
DERIV 32
1.0348722497010145812e-108
-1.2597156445957463313e-125
0
0
DERIV 33
-5.652011809229583379e-111
-3.080632777163196124e-127
0
0
DERIV 34
3.047544656093986838e-113
2.0859857243134683978e-129
0
0
DERIV 35
-1.6066247682921811202e-115
-6.375839123606445054e-132
0
0
AT 496
4.977453013321007050e-39
-1.6023200601415878823e-56
0
0
DERIV 1
2.6347153264953486284e-40
7.543918694742766884e-57
0
0
DERIV 2
-1.8600396189742282804e-41
3.683270047529727261e-58
0
0
DERIV 3
-3.2665951884158725488e-43
-1.7981200233492777727e-59
0
0
DERIV 4
1.1498776706012546587e-44
6.234121362939463303e-61
0
0
DERIV 5
1.2060325160256238347e-46
-8.196544685090544698e-63
0
0
DERIV 6
-2.822478602054972504e-48
8.336338434491349970e-66
0
0
DERIV 7
-2.1047859866735408135e-50
-8.938006288072404582e-67
0
0
DERIV 8
3.684309075600391151e-52
-3.098848641886323969e-69
0
0
DERIV 9
2.1271665713816207436e-54
1.1319923321383174288e-70
0
0
DERIV 10
-2.970730854493394260e-56
1.4590827691349650641e-72
0
0
DERIV 11
-1.3969659420168320320e-58
-1.7752308103884786245e-75
0
0
DERIV 12
1.6214310506682327142e-60
1.3402746444024771753e-76
0
0
DERIV 13
6.422608235756100953e-63
3.930452796734043243e-79
0
0
DERIV 14
-6.372614033751395739e-65
4.127088148493473844e-81
0
0
DERIV 15
-2.1779078782482812095e-67
1.2110074619114509512e-83
0
0
DERIV 16
1.8858296230723814624e-69
-1.1802314402952379118e-85
0
0
DERIV 17
5.661491699233321821e-72
2.749303892399537193e-88
0
0
DERIV 18
-4.346072317447633374e-74
9.396812656304563972e-91
0
0
DERIV 19
-1.1623180773168585722e-76
7.624910038023117800e-93
0
0
DERIV 20
8.009434615236612664e-79
-5.775649088677501414e-95
0
0
DERIV 21
1.9291795212103769292e-81
-7.568069990474292836e-98
0
0
DERIV 22
-1.2053470537572970459e-83
6.106614677331653386e-100
0
0
DERIV 23
-2.6415590217930377369e-86
9.567142460262380302e-103
0
0
DERIV 24
1.5092738842273079655e-88
7.628504328946618484e-105
0
0
DERIV 25
3.018427962050472163e-91
1.5411673895097663345e-107
0
0
DERIV 26
-1.5865609631455425783e-93
-2.1883210549490637088e-110
0
0
DERIV 27
-2.975367070510162657e-96
-1.9787556469183632785e-112
0
0
DERIV 28
1.4541246393761796580e-98
-6.246426560558678822e-116
0
0
DERIV 29
2.3352662378566259645e-101
-9.453408307068725751e-118
0
0
DERIV 30
-1.0416465195292450819e-103
4.440739709776832477e-120
0
0
DERIV 31
-2.206714207362870899e-106
8.930272357455307921e-124
0
0
DERIV 32
9.951301829069288308e-109
-2.3439637100758162156e-125
0
0
DERIV 33
-1.8629009196610233253e-112
7.312438048032164021e-129
0
0
DERIV 34
2.5425581371489427748e-114
-5.418092257394184363e-131
0
0
DERIV 35
-4.306111302551285439e-116
4.911075728590015757e-133
0
0
AT 504
3.718390217768536553e-37
-1.4772147108009465440e-53
0
0
DERIV 1
1.9763134182062252726e-38
8.450793711503870808e-55
0
0
DERIV 2
-1.3895453919358149499e-39
-7.272946336099601059e-56
0
0
DERIV 3
-2.450302431836511629e-41
-6.584305841052615583e-58
0
0
DERIV 4
8.590232315152211311e-43
-4.527192477665257906e-59
0
0
DERIV 5
9.046604903131411147e-45
-3.645725026270627583e-61
0
0
DERIV 6
-2.1085632417944002731e-46
-1.7984390136622444093e-62
0
0
DERIV 7
-1.5788350437765415708e-48
-9.943850361735777902e-65
0
0
DERIV 8
2.752419992171284009e-50
3.059707770406888652e-67
0
0
DERIV 9
1.5956312196282737713e-52
-5.349754298867776863e-69
0
0
DERIV 10
-2.2193440595603463742e-54
1.2932168505543392089e-70
0
0
DERIV 11
-1.0478978497832054211e-56
8.024741730961968806e-74
0
0
DERIV 12
1.2113297114799992019e-58
2.979691065309757837e-76
0
0
DERIV 13
4.817780151182157048e-61
2.6471774025840391826e-77
0
0
DERIV 14
-4.760849198508650437e-63
-1.9365236858459565944e-79
0
0
DERIV 15
-1.6337145752790650451e-65
-4.754557731137327502e-82
0
0
DERIV 16
1.4088691008110919639e-67
-3.363411615237452585e-84
0
0
DERIV 17
4.246915926744958972e-70
-1.2441443400373089023e-86
0
0
DERIV 18
-3.246927468545923210e-72
-1.2805848216698142501e-88
0
0
DERIV 19
-8.718738144190090338e-75
-2.710679835922809950e-91
0
0
DERIV 20
5.983564618652317717e-77
1.1997327666296152005e-93
0
0
DERIV 21
1.4473420346988569280e-79
-4.248114950108072091e-96
0
0
DERIV 22
-9.006529926624429761e-82
3.481233939026387964e-98
0
0
DERIV 23
-1.9804817945529989176e-84
-1.0539107199600243200e-100
0
0
DERIV 24
1.1268063365687589987e-86
6.822834027348923882e-103
0
0
DERIV 25
2.2696955118026693614e-89
8.788272872435104671e-106
0
0
DERIV 26
-1.1889696252484549062e-91
4.535823130445401449e-108
0
0
DERIV 27
-2.2081316628102184109e-94
-1.2864841155765698752e-110
0
0
DERIV 28
1.0713821168741044240e-96
9.573614734367647717e-114
0
0
DERIV 29
1.8441792553350243024e-99
5.677635456399423426e-117
0
0
DERIV 30
-8.329828866669133808e-102
5.222738145115430444e-118
0
0
DERIV 31
-1.3372174481694459461e-104
1.7994440211054445494e-121
0
0
DERIV 32
5.649950217717232009e-107
6.043926409312651929e-123
0
0
DERIV 33
8.437083219016153657e-110
2.1459686577474408358e-126
0
0
DERIV 34
-3.341770385179770180e-112
-2.0415184166204507535e-128
0
0
DERIV 35
-4.815412337341625351e-115
-2.0758727138944701577e-131
0
0
END
