AT 1/4
0.9166590388642054110
-5.189069427156494199e-17
0
0
DERIV 1
-1.7640379873732263682
-2.5396232403357042659e-17
0
0
DERIV 2
2.765476735690018284
1.8668687695591957934e-16
0
0
DERIV 3
-4.909514366072298408
-3.169850696245199213e-17
0
0
DERIV 4
10.407041394602339679
-6.682862583574147342e-16
0
0
DERIV 5
-25.345629578470948218
-1.2039636119300530094e-15
0
0
DERIV 6
67.91564650032735529
-3.596685018756654815e-15
0
0
DERIV 7
-194.44116300644395778
6.715152387691172780e-15
0
0
DERIV 8
583.9269563902478240
4.244673863271109267e-15
0
0
DERIV 9
-1817.7396682379189770
-9.728584445956711253e-14
0
0
DERIV 10
5818.927395728079319
-1.4662178668992200010e-14
0
0
DERIV 11
-19048.480987686969456
8.435292052848327846e-13
0
0
DERIV 12
63505.95322967315588
-3.830991571589306049e-13
0
0
DERIV 13
-214970.35418246357586
-9.070255923350848071e-12
0
0
DERIV 14
737110.9889955077088
-7.443658223656135231e-12
0
0
DERIV 15
-2555504.193215868902
-6.206004556866676411e-11
0
0
DERIV 16
8944776.510432166979
-6.930944844482075157e-10
0
0
DERIV 17
-31571244.764248814434
1.0576923784152015090e-9
0
0
DERIV 18
112257490.37777554989
-4.503966720728057882e-9
0
0
DERIV 19
-401775957.6871064901
2.2007576804790690992e-8
0
0
DERIV 20
1446430373.1060559750
1.1592877036360635420e-7
0
0
DERIV 21
-5234812936.745102883
-1.3882279287329630056e-7
0
0
DERIV 22
19036031264.317852020
6.165691628350959227e-7
0
0
DERIV 23
-69523985765.91680908
-5.672244654593402559e-6
0
0
DERIV 24
254924729635.06570434
-2.089233498508788562e-6
0
0
DERIV 25
-938134040437.4848633
-3.835681027130968518e-6
0
0
DERIV 26
3463915187249.054688
0.00016381110649807566529
0
0
DERIV 27
-12829431713334.794922
0.0002859297023286649312
0
0
DERIV 28
47652556756179.80469
-0.002761368985152775051
0
0
DERIV 29
-177465958098433.96875
-0.005894387684231809296
0
0
DERIV 30
662543790178887.0000
-0.05137864199026440787
0
0
DERIV 31
-2479210253070349.500
0.21215117317795198493
0
0
DERIV 32
9297086154916524.000
0.4622219834825951335
0
0
DERIV 33
-34934667463779732.000
1.0571667059173037728
0
0
DERIV 34
131519300507637120.00
2.183466841721938057
0
0
DERIV 35
-496017541611212800.0
-25.975448711541986314
0
0
AT 33/128
0.9030439804003422832
3.114593386458948839e-17
0
0
DERIV 1
-1.7217069829921343160
2.1126979778160116035e-17
0
0
DERIV 2
2.654103987589787384
1.2574671898740317449e-16
0
0
DERIV 3
-4.599140807098349271
-4.002240888733112624e-16
0
0
DERIV 4
9.476057155743751181
6.796482577148826813e-16
0
0
DERIV 5
-22.396526259843533068
6.556555802840780767e-16
0
0
DERIV 6
58.21156791601387681
-6.934604274804157918e-16
0
0
DERIV 7
-161.62885636642667464
4.808061175935904638e-15
0
0
DERIV 8
470.7101282177109170
-3.667057782842018611e-15
0
0
DERIV 9
-1420.9507909354474577
-1.3205858009010582987e-14
0
0
DERIV 10
4410.994819079060108
3.456224100058839212e-13
0
0
DERIV 11
-14002.217466634243465
3.741814306416863543e-13
0
0
DERIV 12
45268.04368008679740
1.6561796017582257451e-13
0
0
DERIV 13
-148591.98172070170403
1.6411872372136265459e-13
0
0
DERIV 14
494069.8309976012679
-1.0238555798521910585e-11
0
0
DERIV 15
-1661001.7626500572078
6.610264668075702859e-11
0
0
DERIV 16
5637682.385171266273
-1.0063929380462378814e-11
0
0
DERIV 17
-19295681.260870877654
6.500322213976689270e-10
0
0
DERIV 18
66530502.55562318117
-2.845573873183674869e-9
0
0
DERIV 19
-230901260.05341145396
-1.2960427860838145372e-8
0
0
DERIV 20
806077191.9908262491
3.881243887484459022e-8
0
0
DERIV 21
-2828895456.667791844
1.6045040730261081022e-7
0
0
DERIV 22
9975362408.932779312
7.313475069929702125e-7
0
0
DERIV 23
-35328354166.93409729
1.5465875519990590467e-6
0
0
DERIV 24
125613733022.62904358
-5.562742511852768059e-6
0
0
DERIV 25
-448256310634.7274170
1.7009709253184049633e-6
0
0
DERIV 26
1604963239744.7480469
2.4207518869541188455e-5
0
0
DERIV 27
-5764233265621.565430
-0.0002802069512415827565
0
0
DERIV 28
20761398024542.585938
-0.0002679943734794553931
0
0
DERIV 29
-74975898696379.04688
-0.003297369079046640842
0
0
DERIV 30
271429735578827.53126
0.007642436191687421859
0
0
DERIV 31
-984900574359370.2500
0.029325265414631953437
0
0
DERIV 32
3581476178093688.000
0.09578695857542217362
0
0
DERIV 33
-13049924261762286.000
-0.08391461062042904206
0
0
DERIV 34
47640578021349312.00
-1.7760402018522434275
0
0
DERIV 35
-174229107122151200.00
-10.893697450978390151
0
0
AT 17/64
0.8897529798682640712
-1.1509549968867339881e-17
0
0
DERIV 1
-1.6810610691281813178
-9.677063139762574351e-17
0
0
DERIV 2
2.549678222687881579
-2.0929278949207715614e-18
0
0
DERIV 3
-4.316148960070457008
-2.615744339592071632e-16
0
0
DERIV 4
8.651907397506173325
-7.659946528502621297e-16
0
0
DERIV 5
-19.863091623880656300
-9.723394507957204841e-16
0
0
DERIV 6
50.12328244174410941
2.833690414107069730e-16
0
0
DERIV 7
-135.09550576684151224
-1.2437593373857658812e-14
0
0
DERIV 8
381.8912452267991853
-1.9633790620904958920e-14
0
0
DERIV 9
-1118.9663095707844604
6.342996862269456917e-14
0
0
DERIV 10
3371.476001695714786
2.2490539213775717138e-13
0
0
DERIV 11
-10387.771717605162848
-3.381044063928369992e-13
0
0
DERIV 12
32595.470437033356574
1.2121024660209385675e-12
0
0
DERIV 13
-103848.32804404404305
-3.4271827702403509859e-12
0
0
DERIV 14
335143.0220071289223
-1.1932742673639030441e-12
0
0
DERIV 15
-1093576.1513601255137
-1.0604859968724925737e-10
0
0
DERIV 16
3602601.211938215420
1.6611239676153123806e-10
0
0
DERIV 17
-11967736.700365941972
-6.965906303258922918e-10
0
0
DERIV 18
40050578.44851619005
-1.8606091273618190031e-9
0
0
DERIV 19
-134911877.15921735764
-4.045122447759459862e-9
0
0
DERIV 20
457126357.7656926513
-1.3973582144929041952e-8
0
0
DERIV 21
-1557084430.7121677399
8.606558200554411218e-8
0
0
DERIV 22
5329168950.032707215
3.900917125158696248e-7
0
0
DERIV 23
-18318490328.825538635
-6.970816167375006598e-7
0
0
DERIV 24
63217716347.93376160
-1.0191809206826797036e-6
0
0
DERIV 25
-218959327561.12997436
-7.481553891087019296e-6
0
0
DERIV 26
760917273933.2559815
-2.0136735558172173284e-5
0
0
DERIV 27
-2652462063878.929688
-0.00021121719101505978815
0
0
DERIV 28
9272556299374.818359
0.0004337682141508590042
0
0
DERIV 29
-32501229448020.292968
0.0016577935357392973963
0
0
DERIV 30
114201218221472.75000
-0.0018333694804113416250
0
0
DERIV 31
-402198909406492.6250
0.016881115935087766255
0
0
DERIV 32
1419533785566102.5000
-0.05760917301404430008
0
0
DERIV 33
-5020266962930852.000
-0.19411178710058638042
0
0
DERIV 34
17788158289732428.000
0.4710749446860800216
0
0
DERIV 35
-63140760085988496.00
3.299998556373748393
0
0
AT 35/128
0.8767732838381411264
5.022814278971989115e-17
0
0
DERIV 1
-1.6419965166094308007
-1.0497204382285170919e-19
0
0
DERIV 2
2.451594910604525168
5.960562675422836080e-17
0
0
DERIV 3
-4.057439322749154975
-2.607752266393071865e-16
0
0
DERIV 4
7.919735604755615555
-4.028414574158448986e-16
0
0
DERIV 5
-17.677023792299348059
-1.0248646569755392399e-15
0
0
DERIV 6
43.34557811899264834
-1.1125389783922296056e-15
0
0
DERIV 7
-113.50510914278588359
-2.7060831868038868548e-15
0
0
DERIV 8
311.7131053231743181
1.7111957682597614942e-14
0
0
DERIV 9
-887.2796621708649809
3.986834604538369109e-14
0
0
DERIV 10
2597.079850812463519
1.1422251796037389411e-13
0
0
DERIV 11
-7773.305555186117090
-1.4352122272145795161e-13
0
0
DERIV 12
23694.990600946344784
-1.7569493423854942167e-12
0
0
DERIV 13
-73335.34841111041897
4.039845098859373669e-12
0
0
DERIV 14
229909.90072081057588
5.347368055338305149e-12
0
0
DERIV 15
-728768.3886037664488
-1.0296472484601653515e-11
0
0
DERIV 16
2332218.485106825363
-2.0853872125948285158e-10
0
0
DERIV 17
-7526226.434676537290
-2.352348182066429527e-10
0
0
DERIV 18
24467297.837900653482
-7.504448520875688857e-10
0
0
DERIV 19
-80064347.71775205434
5.721381766291734602e-9
0
0
DERIV 20
263534129.72610244154
-4.479345798142386592e-9
0
0
DERIV 21
-872015628.1987874508
1.5023598680133803927e-8
0
0
DERIV 22
2899232219.889770985
1.8251458174497670585e-7
0
0
DERIV 23
-9681095943.644004822
7.756538077505398868e-7
0
0
DERIV 24
32455246851.391365052
-2.882147640422676136e-7
0
0
DERIV 25
-109199532916.52626038
3.726945631697709811e-6
0
0
DERIV 26
368642962330.2248535
-1.6465231331868183961e-6
0
0
DERIV 27
-1248328319397.7397461
-1.4715547883584570600e-5
0
0
DERIV 28
4239261703068.946777
-0.00013313334650527641756
0
0
DERIV 29
-14434495839690.234375
0.0006885379476173950596
0
0
DERIV 30
49270120620083.27344
0.002914353300164829793
0
0
DERIV 31
-168563995536117.09375
0.009548432078449490754
0
0
DERIV 32
577937246629720.0000
-0.05779525432437923604
0
0
DERIV 33
-1985513168395295.5000
0.11340784329302722178
0
0
DERIV 34
6834204035080712.000
0.3949977654777557801
0
0
DERIV 35
-23565558945837344.000
-1.6450690634661531142
0
0
AT 9/32
0.8640929137912275459
2.4273964182120466368e-17
0
0
DERIV 1
-1.6044185016309007175
-1.5483305077030881246e-17
0
0
DERIV 2
2.359317034340423724
2.1320542765679559817e-16
0
0
DERIV 3
-3.820337716304179399
-1.6632281740351392405e-16
0
0
DERIV 4
7.267094755394364114
-2.260552977487810696e-16
0
0
DERIV 5
-15.782758237800175394
7.069882878351479392e-16
0
0
DERIV 6
37.63737287278880928
6.235586702786988015e-16
0
0
DERIV 7
-95.83306024006958523
-5.666306372143768392e-15
0
0
DERIV 8
255.88885393622368270
-8.025647441880938870e-15
0
0
DERIV 9
-708.1742891622239995
-4.348009282949235731e-14
0
0
DERIV 10
2015.3089218662773874
8.387210174961554897e-14
0
0
DERIV 11
-5864.554898027590753
3.630083345486056750e-13
0
0
DERIV 12
17380.274037464441790
-3.716359723462185688e-13
0
0
DERIV 13
-52297.72291166454670
7.398995077705009710e-13
0
0
DERIV 14
159402.63150253493222
5.046495684051456449e-12
0
0
DERIV 15
-491241.5292575630010
1.6259277612521366946e-12
0
0
DERIV 16
1528417.6629238715395
-6.092704324403360513e-11
0
0
DERIV 17
-4795313.631188620813
-8.470486280907499024e-12
0
0
DERIV 18
15156272.625992296264
7.167216745596238264e-10
0
0
DERIV 19
-48218315.65844147653
-2.899409148410813739e-9
0
0
DERIV 20
154303595.48830571771
6.921982807220266864e-11
0
0
DERIV 21
-496397559.2184101343
-9.682709000485600976e-9
0
0
DERIV 22
1604554471.9830541611
3.519324401077380371e-8
0
0
DERIV 23
-5209091693.538471222
-3.421136611300655386e-7
0
0
DERIV 24
16978071007.931108475
3.735055117323941144e-7
0
0
DERIV 25
-55537983542.83731079
-2.972748352245651405e-6
0
0
DERIV 26
182280884604.04431152
-4.938519130241392493e-6
0
0
DERIV 27
-600108557079.1234131
-2.4806584433774781434e-5
0
0
DERIV 28
1981330884054.6730958
2.2018005170164486016e-5
0
0
DERIV 29
-6558947567085.194336
-0.0002988674834977618705
0
0
DERIV 30
21766164145573.894532
-0.00021068048497004460075
0
0
DERIV 31
-72398373047201.07813
-0.004632527037477508942
0
0
DERIV 32
241329477408846.40626
-0.004897040148675091409
0
0
DERIV 33
-806061433866094.8750
-0.018254573964046231366
0
0
DERIV 34
2697422536140738.000
0.07041236665152755814
0
0
DERIV 35
-9042831631234636.000
0.7522493512325123532
0
0
AT 37/128
0.8517006004731803026
-4.813688201277314440e-17
0
0
DERIV 1
-1.5682401243678223413
2.7725324159469001345e-17
0
0
DERIV 2
2.272365946807804793
2.5555509705193983604e-18
0
0
DERIV 3
-3.602527189657352302
1.7258636638657980116e-16
0
0
DERIV 4
6.683503643189026455
-1.2248368528129233960e-16
0
0
DERIV 5
-14.134824536125149663
3.979706449638681178e-16
0
0
DERIV 6
32.80694824560220724
2.3624678227483526476e-15
0
0
DERIV 7
-81.28756541161116900
-4.110862449371438252e-15
0
0
DERIV 8
211.19934242263337864
-1.0082339870560714132e-14
0
0
DERIV 9
-568.7224787724649105
-2.2358479945040667755e-14
0
0
DERIV 10
1574.7590289670295078
3.515219759703535578e-14
0
0
DERIV 11
-4458.779228909686935
4.172199559551550334e-13
0
0
DERIV 12
12857.119336303227101
2.3984213095135755389e-14
0
0
DERIV 13
-37642.15821960858011
-2.7033171268045233774e-12
0
0
DERIV 14
111632.57142154651228
6.124570910191189212e-12
0
0
DERIV 15
-334729.1596121434705
-1.6669696893420122522e-11
0
0
DERIV 16
1013311.7256897204788
5.579901912196382606e-11
0
0
DERIV 17
-3093287.103445330635
-1.6994005866970422090e-10
0
0
DERIV 18
9512563.103701326996
6.483741401149782519e-10
0
0
DERIV 19
-29445497.939642094076
9.524271037080080058e-10
0
0
DERIV 20
91682084.72420729697
4.832172965137400642e-10
0
0
DERIV 21
-286971992.9380138517
2.1283136307289179913e-8
0
0
DERIV 22
902538390.2375833988
1.8691104590705433359e-8
0
0
DERIV 23
-2850850758.111348152
1.8464715585072233699e-7
0
0
DERIV 24
9040699236.771400452
-9.282414688059792030e-7
0
0
DERIV 25
-28774310401.712223052
3.148893841717016499e-7
0
0
DERIV 26
91887627772.40132141
4.742584392191306042e-6
0
0
DERIV 27
-294338307824.1308594
2.552008114357585422e-6
0
0
DERIV 28
945529325902.0496826
2.8311978866367818483e-5
0
0
DERIV 29
-3045461757413.481934
0.00011646415517487586659
0
0
DERIV 30
9833358319715.058594
0.0005079723966879216412
0
0
DERIV 31
-31823630608111.144532
-0.0013768083778035971991
0
0
DERIV 32
103212482986319.76563
0.0016285266492194142712
0
0
DERIV 33
-335421515258455.0000
0.014641763233564366112
0
0
DERIV 34
1092125788011266.2500
0.030051775586852489536
0
0
DERIV 35
-3562287936626889.000
0.24345959821381521482
0
0
AT 19/64
0.8395857253872813786
4.810060033852905526e-17
0
0
DERIV 1
-1.5333815587863839358
-5.175349786648156230e-17
0
0
DERIV 2
2.190313672698434022
-1.1179481199666075137e-17
0
0
DERIV 3
-3.401992306622557472
-2.1285814458927383603e-16
0
0
DERIV 4
6.160094146953468020
7.696575214265988590e-17
0
0
DERIV 5
-12.695804442707183668
-5.843619359803511118e-16
0
0
DERIV 6
28.700865685047574516
3.768109815860175944e-16
0
0
DERIV 7
-69.25233148553051876
1.7478848566517958776e-15
0
0
DERIV 8
175.20781095979052111
1.7576060794806495705e-15
0
0
DERIV 9
-459.4076098754084114
2.3028394432776583170e-14
0
0
DERIV 10
1238.6305869062282454
2.4755673895023161243e-14
0
0
DERIV 11
-3414.834461723643017
-8.337219297985649855e-14
0
0
DERIV 12
9587.844907472428531
7.561075939722754270e-13
0
0
DERIV 13
-27332.161583754197636
-1.4196165784126366161e-12
0
0
DERIV 14
78924.44365330450819
-3.976513620871150650e-12
0
0
DERIV 15
-230427.64989215612878
1.3159865422382949509e-11
0
0
DERIV 16
679209.9799559965031
-2.3626792166792866416e-11
0
0
DERIV 17
-2018834.9033881477080
-1.9683904017668899439e-11
0
0
DERIV 18
6045015.724007570185
-2.7742241254002881124e-11
0
0
DERIV 19
-18219560.170910749584
1.6186605555646028424e-9
0
0
DERIV 20
55236023.43216169626
-1.8149378709461884975e-9
0
0
DERIV 21
-168343460.42438957095
-1.3113567141495391497e-8
0
0
DERIV 22
515514789.4044982791
-5.176382226551298814e-9
0
0
DERIV 23
-1585508422.0747303963
-1.1390887902787658114e-8
0
0
DERIV 24
4895698340.325011254
2.3745715833715262123e-7
0
0
DERIV 25
-15171763150.778375626
6.730126892510122081e-7
0
0
DERIV 26
47174425994.72124481
-3.510371414174532145e-6
0
0
DERIV 27
-147134591944.51239014
1.1803605116884829547e-5
0
0
DERIV 28
460215652926.7684326
2.4608936823962510048e-5
0
0
DERIV 29
-1443304238587.7624512
-1.1134427611906299804e-5
0
0
DERIV 30
4537586647683.381836
-8.946749569108041551e-5
0
0
DERIV 31
-14298520421034.843750
0.0003567119990991704276
0
0
DERIV 32
45153549106434.55469
0.0017581887196081911161
0
0
DERIV 33
-142879149796200.12500
0.007020752951031567629
0
0
DERIV 34
452969399282675.3125
0.028192513636808618632
0
0
DERIV 35
-1438611312018103.0000
-0.014421092413936676541
0
0
AT 39/128
0.8277382684852163663
-1.2661477815107887240e-17
0
0
DERIV 1
-1.4997693131730538418
-9.371224902763167015e-17
0
0
DERIV 2
2.112776396098502207
2.0699960657792043894e-16
0
0
DERIV 3
-3.216973308262530029
9.483714116423133307e-17
0
0
DERIV 4
5.689329001777294615
2.941715965003783269e-17
0
0
DERIV 5
-11.434743075893585740
1.2590721767758382303e-16
0
0
DERIV 6
25.195579970954170790
1.0796783536867512275e-15
0
0
DERIV 7
-59.24439605210928761
-2.6621696321484962956e-15
0
0
DERIV 8
146.05574887700441877
9.257402684371233308e-15
0
0
DERIV 9
-373.1656147804811781
-2.1008070652650483192e-14
0
0
DERIV 10
980.3390673762341976
5.537825914227501258e-14
0
0
DERIV 11
-2633.487303218867510
-1.5359839981408243024e-13
0
0
DERIV 12
7204.555996320908889
-3.774955713780374968e-13
0
0
DERIV 13
-20011.668849044694070
2.638348253388452747e-13
0
0
DERIV 14
56304.47797128671664
5.780077663563113948e-14
0
0
DERIV 15
-160172.28243621016736
-1.1379152572330785006e-11
0
0
DERIV 16
460021.0341393465060
2.8705172734235207909e-11
0
0
DERIV 17
-1332278.1955616611522
-6.315790452706379250e-11
0
0
DERIV 18
3886975.063951212913
1.1181118316783462709e-10
0
0
DERIV 19
-11414902.285231221467
-1.3059745746666815232e-10
0
0
DERIV 20
33719143.75133880228
4.108505998031873326e-10
0
0
DERIV 21
-100131350.66786722839
-1.877588392426324213e-9
0
0
DERIV 22
298768316.2756018043
-2.793637740906129775e-9
0
0
DERIV 23
-895326553.3441295624
3.612911295735511222e-8
0
0
DERIV 24
2693686146.962112427
-1.6820915249813800149e-7
0
0
DERIV 25
-8133692898.333949089
-4.465898022788934863e-7
0
0
DERIV 26
24642097228.479274750
1.8466454280305546693e-6
0
0
DERIV 27
-74886773057.03926087
6.541439686617154057e-6
0
0
DERIV 28
228229072222.38955688
-3.178595254411861178e-6
0
0
DERIV 29
-697407619818.2622071
-4.588775391106169520e-5
0
0
DERIV 30
2136352580386.0551758
0.00010251441668292204099
0
0
DERIV 31
-6559311774568.543946
0.0002741252296311090042
0
0
DERIV 32
20182651593680.949218
-0.00023053597393990829653
0
0
DERIV 33
-62226350303435.07813
0.0012624675468598334314
0
0
DERIV 34
192217738294915.40626
0.015334719505558137148
0
0
DERIV 35
-594822220887983.2500
0.05837384412474551365
0
0
AT 5/16
0.8161487612583315787
1.8871196627910031307e-17
0
0
DERIV 1
-1.4673355845369115968
6.436003847822816629e-17
0
0
DERIV 2
2.039408926199975714
-1.2649663418452667390e-16
0
0
DERIV 3
-3.045928199955527660
-3.623322566292277079e-18
0
0
DERIV 4
5.264774609138687112
2.254822177652401939e-16
0
0
DERIV 5
-10.325904201674276806
-2.773243366442249506e-16
0
0
DERIV 6
22.191045134236084380
1.5392088097246824516e-15
0
0
DERIV 7
-50.88283915205623487
2.2946199554563199520e-15
0
0
DERIV 8
122.31549785449065837
3.178778347807803818e-16
0
0
DERIV 9
-304.7114745982781869
2.5806448330990957400e-14
0
0
DERIV 10
780.5136668751658817
4.393869082364527488e-14
0
0
DERIV 11
-2044.3174179057564288
4.545212461282769937e-14
0
0
DERIV 12
5452.990503383099167
4.160978996033425752e-13
0
0
DERIV 13
-14767.931446612607033
-7.553989518273742412e-13
0
0
DERIV 14
40512.31692731811199
2.7207909938974870803e-12
0
0
DERIV 15
-112366.94251257603173
1.7090219058542441721e-12
0
0
DERIV 16
314655.5684284445015
2.5647004054646374462e-11
0
0
DERIV 17
-888502.8007656901609
1.6695449352449914639e-11
0
0
DERIV 18
2527443.740403469652
6.028777107331988583e-11
0
0
DERIV 19
-7236816.868918173015
-4.046553337278846004e-10
0
0
DERIV 20
20842863.930134177208
1.4832396078185469409e-9
0
0
DERIV 21
-60347080.68693717569
1.920785861757889605e-9
0
0
DERIV 22
175560156.33039310575
1.1006451875767082171e-9
0
0
DERIV 23
-512953532.0746347904
-1.2056981333623863578e-8
0
0
DERIV 24
1504695497.5536780357
9.220257784324694423e-8
0
0
DERIV 25
-4429904964.000964165
-7.840186806037276348e-8
0
0
DERIV 26
13085468182.292930603
-4.756919952686690874e-7
0
0
DERIV 27
-38772306298.02944183
-3.409458964759204246e-7
0
0
DERIV 28
115210581092.64328003
5.358802673573554070e-6
0
0
DERIV 29
-343251895960.5034790
1.9459714656322880510e-5
0
0
DERIV 30
1025189182419.7835693
3.855648797886021561e-5
0
0
DERIV 31
-3068980763053.861328
-8.395617713379196231e-5
0
0
DERIV 32
9207016106773.619141
-0.0003875084483423674132
0
0
DERIV 33
-27677048845930.320312
0.0013034036186288879867
0
0
DERIV 34
83357305932549.32813
-0.0012374590836321849429
0
0
DERIV 35
-251502400691889.78126
-0.0012466108441080139477
0
0
AT 41/128
0.8048082445521056449
-1.7718071327903767926e-17
0
0
DERIV 1
-1.4360176929543879698
-2.3563217865260278627e-17
0
0
DERIV 2
1.9698999739930906916
-9.790179543077868737e-18
0
0
DERIV 3
-2.887501235559228885
2.0554006011494891325e-16
0
0
DERIV 4
4.880917100828555455
1.0230571675803013883e-17
0
0
DERIV 5
-9.347788778032606771
-8.702183978907999774e-16
0
0
DERIV 6
19.605804350275825242
9.339759602544233999e-16
0
0
DERIV 7
-43.86538423961764721
-3.5206285621573614609e-15
0
0
DERIV 8
102.88290272650139912
1.1129042787375444957e-15
0
0
DERIV 9
-250.06153760736569324
-8.908805759306030063e-15
0
0
DERIV 10
624.9243422452981349
-1.1363092899797098750e-14
0
0
DERIV 11
-1596.9079533651267866
6.060047673083391706e-14
0
0
DERIV 12
4155.740125414585236
-4.498927997535440157e-13
0
0
DERIV 13
-10980.289063913069185
4.152574060709469587e-13
0
0
DERIV 14
29387.359876425616676
-6.791045500277326694e-13
0
0
DERIV 15
-79522.62157891406969
6.548184654572976667e-12
0
0
DERIV 16
217252.93195831374032
8.122419067423031960e-12
0
0
DERIV 17
-598503.5521910529351
-3.144842570616305563e-11
0
0
DERIV 18
1660989.3220969999675
8.895195337189557942e-11
0
0
DERIV 19
-4639915.942195043899
-1.4600750258192530985e-11
0
0
DERIV 20
13037578.455458940938
-4.440155675445978424e-10
0
0
DERIV 21
-36827537.49820707739
9.152577049933546519e-10
0
0
DERIV 22
104524749.59495684505
-1.6536096451389640794e-9
0
0
DERIV 23
-297953076.5611255765
2.8035752396883674003e-8
0
0
DERIV 24
852697658.2418318987
4.182650417353997984e-8
0
0
DERIV 25
-2449161347.424529076
1.0160204485962251669e-7
0
0
DERIV 26
7058115183.803144455
4.059804943586893149e-7
0
0
DERIV 27
-20403165690.933292388
-9.468143631593334523e-7
0
0
DERIV 28
59148631150.59758759
-7.569037723540782274e-7
0
0
DERIV 29
-171926038104.33245850
-1.4019993882209773702e-5
0
0
DERIV 30
500966953732.5784912
-1.8805963028720703228e-5
0
0
DERIV 31
-1463105221801.7424316
-4.184459241787396086e-5
0
0
DERIV 32
4282295257313.907715
-0.00016958462614645182075
0
0
DERIV 33
-12558962943692.607422
0.0007901363655014418145
0
0
DERIV 34
36902343550602.50781
0.002233555293892449355
0
0
DERIV 35
-108624722106849.85938
-0.007458046221734719421
0
0
AT 21/64
0.7937082305258835735
-4.732805387069467306e-17
0
0
DERIV 1
-1.4057575842783356368
-5.831595917701342142e-18
0
0
DERIV 2
1.9039681046710776879
5.716285172745180656e-17
0
0
DERIV 3
-2.740496594485801740
-1.8621678268387335409e-16
0
0
DERIV 4
4.533012609826831074
-3.901566636139390312e-17
0
0
DERIV 5
-8.482356325745172399
4.490034211050840570e-16
0
0
DERIV 6
17.373193631710105223
-8.464100082232040914e-16
0
0
DERIV 7
-37.95076745543646979
-1.0468495680950520984e-15
0
0
DERIV 8
86.89848627139664927
3.738068560792416972e-15
0
0
DERIV 9
-206.19170373787397920
6.789088449599900325e-15
0
0
DERIV 10
503.0362873563017274
-8.663700656685249693e-15
0
0
DERIV 11
-1254.8592661276295530
-7.044128599868074330e-14
0
0
DERIV 12
3187.896279706478254
-1.3807796854765191913e-13
0
0
DERIV 13
-8222.588914567244501
4.970317690526219518e-13
0
0
DERIV 14
21482.918076542315248
-8.787226096752948428e-13
0
0
DERIV 15
-56749.30119564182678
1.5534244350538324479e-12
0
0
DERIV 16
151346.38611611438682
-9.812344211501074578e-12
0
0
DERIV 17
-407013.9726268271334
-1.2765491724335521280e-11
0
0
DERIV 18
1102669.3479454361368
-8.104754731071570799e-11
0
0
DERIV 19
-3006936.237736506388
1.0711210319067854509e-10
0
0
DERIV 20
8247959.234731800854
3.452024609646968619e-10
0
0
DERIV 21
-22743514.410200547426
1.4183436237391672140e-10
0
0
DERIV 22
63014317.84561040998
2.791780527055369920e-9
0
0
DERIV 23
-175348919.94488462806
-1.2711511013359161681e-8
0
0
DERIV 24
489875064.6477887631
-1.2902597770038077896e-8
0
0
DERIV 25
-1373544204.1471948624
-1.0081429740789861283e-7
0
0
DERIV 26
3864104954.834578037
1.7794171513730829375e-7
0
0
DERIV 27
-10904170009.594997406
9.011427468252663874e-8
0
0
DERIV 28
30858485276.824031830
-1.6886118879202212993e-6
0
0
DERIV 29
-87560126105.65562439
-2.914935305847633801e-6
0
0
DERIV 30
249062642643.29727172
3.416267894827499535e-6
0
0
DERIV 31
-710084185629.7127686
1.9649125903227206521e-5
0
0
DERIV 32
2028829892403.6044922
-8.811993443753737213e-5
0
0
DERIV 33
-5808413627191.819336
-0.00017050350598090495131
0
0
DERIV 34
16660668318346.253906
0.0005871845374102311515
0
0
DERIV 35
-47874235294301.82813
0.002583518219037833370
0
0
AT 43/128
0.7828406682626672941
-1.4897641336607059190e-17
0
0
DERIV 1
-1.3765013915426203006
-8.495436495027990452e-17
0
0
DERIV 2
1.8413582556569441095
2.4561847535360066528e-17
0
0
DERIV 3
-2.603856296602405252
1.2811279070203193763e-16
0
0
DERIV 4
4.216964755635857820
-1.7649065547349843942e-16
0
0
DERIV 5
-7.714403607526437945
6.905069236633334379e-17
0
0
DERIV 6
15.438387626550570175
-4.931500994344240226e-16
0
0
DERIV 7
-32.94535829537250749
2.7830999832723321052e-15
0
0
DERIV 8
73.68911714417652093
-6.545141003736572511e-15
0
0
DERIV 9
-170.79076084618853315
7.343201053143853376e-15
0
0
DERIV 10
406.9927399028230752
1.8828583502945880873e-14
0
0
DERIV 11
-991.6812705453044146
3.167172426220198320e-14
0
0
DERIV 12
2460.754850732126215
-4.565429049933938311e-14
0
0
DERIV 13
-6199.520839148441155
1.6127288686960855740e-13
0
0
DERIV 14
15820.749806187201102
5.498918914572519137e-14
0
0
DERIV 15
-40820.44799851749849
1.9375768599079036518e-12
0
0
DERIV 16
106334.01209950806515
7.274590888689827127e-12
0
0
DERIV 17
-279313.5139500895166
6.233029817523330173e-12
0
0
DERIV 18
739111.7516989127035
-5.163716565232070620e-11
0
0
DERIV 19
-1968661.1148963954766
2.0738062993160890793e-11
0
0
DERIV 20
5274423.587794961408
3.677804204391497790e-10
0
0
DERIV 21
-14205864.998266091570
-3.926181660614910799e-10
0
0
DERIV 22
38444201.20653658360
3.996889725851030973e-10
0
0
DERIV 23
-104490329.08745807409
-7.166240714806887902e-9
0
0
DERIV 24
285127862.2744933367
3.460400248349092502e-9
0
0
DERIV 25
-780869075.0984845162
9.059862363100060710e-9
0
0
DERIV 26
2145683704.1529114246
7.316565474229104706e-8
0
0
DERIV 27
-5914125882.688396454
2.626107961732787172e-7
0
0
DERIV 28
16347587789.833137512
5.369014606988878367e-7
0
0
DERIV 29
-45307129095.74060822
-1.967857849075939177e-6
0
0
DERIV 30
125877996303.20680237
-3.279469658425678049e-6
0
0
DERIV 31
-350535583347.4768067
-3.0268890161607398209e-5
0
0
DERIV 32
978247900940.5146484
3.325024570003210161e-6
0
0
DERIV 33
-2735532174472.282715
-0.00017265988345068511325
0
0
DERIV 34
7664038826923.191407
0.0004262912760101044492
0
0
DERIV 35
-21510380867688.144532
3.779974697727354210e-5
0
0
AT 11/32
0.7721979126030019680
-3.957984550964223569e-17
0
0
DERIV 1
-1.3481990469512437070
-2.4670200331956711721e-17
0
0
DERIV 2
1.7818387301889984098
-1.0227011815022650141e-17
0
0
DERIV 3
-2.476641593010424636
7.521205618452732356e-17
0
0
DERIV 4
3.929223904245767507
3.115378800905965254e-17
0
0
DERIV 5
-7.031066085489727336
-9.106610724527087696e-17
0
0
DERIV 6
13.756086546065430909
4.421113869940407339e-16
0
0
DERIV 7
-28.692937554539305722
-1.4670539262584216112e-15
0
0
DERIV 8
62.72452290835398259
-1.0577586396732174297e-15
0
0
DERIV 9
-142.08095326503257638
1.2907932359033593581e-14
0
0
DERIV 10
330.8929897202741017
-2.0210015251116325204e-14
0
0
DERIV 11
-787.9486375588281817
4.659933265795070992e-15
0
0
DERIV 12
1910.8047674297324648
-1.0142624929589775276e-13
0
0
DERIV 13
-4704.641336363487426
3.486038258263781562e-13
0
0
DERIV 14
11733.152819110975543
7.677110009419352002e-13
0
0
DERIV 15
-29585.839418769421172
-7.815628992547247193e-13
0
0
DERIV 16
75317.55599467951106
-6.713972058733476192e-12
0
0
DERIV 17
-193345.21774437392014
-1.0408226865547709582e-11
0
0
DERIV 18
499998.5497934360756
-1.8167272463483435962e-11
0
0
DERIV 19
-1301507.0037276512012
8.716558380820973974e-11
0
0
DERIV 20
3407746.435037919786
4.651138572552461400e-11
0
0
DERIV 21
-8969671.180887989700
-4.798270989545885579e-10
0
0
DERIV 22
23722263.969607736916
-4.930166236327376341e-10
0
0
DERIV 23
-63011199.43220008165
3.065679482472521294e-10
0
0
DERIV 24
168034162.51565769315
9.919975595976344671e-9
0
0
DERIV 25
-449730523.7052394152
1.3088227328863927290e-8
0
0
DERIV 26
1207691480.4203844070
7.596304776959654846e-8
0
0
DERIV 27
-3253096731.442636490
2.1296384484429921816e-7
0
0
DERIV 28
8787719096.213180542
2.6307926525286859500e-8
0
0
DERIV 29
-23801540870.095275878
2.949407572407149175e-7
0
0
DERIV 30
64625566731.26724243
-4.327301765400304754e-8
0
0
DERIV 31
-175874405805.02941895
-2.493420242354001830e-6
0
0
DERIV 32
479662123660.0255127
5.260876301824258989e-6
0
0
DERIV 33
-1310823680611.9760742
-4.438726570860342195e-5
0
0
DERIV 34
3589021679148.558106
0.00023667817596747785258
0
0
DERIV 35
-9844244814512.255859
0.0005655449289673309754
0
0
AT 45/128
0.7617726958352120104
8.874433976968230487e-18
0
0
DERIV 1
-1.3208039376184894653
1.7453996386618204506e-17
0
0
DERIV 2
1.7251985924218480317
-1.8399674680143040779e-17
0
0
DERIV 3
-2.358017221458545976
1.6692972505784727669e-16
0
0
DERIV 4
3.666703944620981037
1.3017070827836013008e-16
0
0
DERIV 5
-6.421415783879064421
-1.3883261442330954839e-16
0
0
DERIV 6
12.288694451039816613
-1.6570829488008142882e-16
0
0
DERIV 7
-25.066837002093908638
-1.0947016922440210559e-15
0
0
DERIV 8
53.58464132144273862
-9.931898264788616677e-16
0
0
DERIV 9
-118.68645805662156079
1.1890107594453323522e-16
0
0
DERIV 10
270.2756879589854862
2.2054388673316477011e-14
0
0
DERIV 11
-629.3131536647790654
1.1915041025539200879e-14
0
0
DERIV 12
1492.2167637923128041
8.894956620031366194e-14
0
0
DERIV 13
-3592.419443505589243
-5.197765418042790268e-14
0
0
DERIV 14
8760.299974993624346
6.831270325783221514e-13
0
0
DERIV 15
-21598.871260223037098
-6.309385139649079712e-13
0
0
DERIV 16
53763.27309540126589
-2.7374050116862163348e-12
0
0
DERIV 17
-134947.48844855392235
-1.5535936072131461121e-12
0
0
DERIV 18
341225.6601136540994
2.5085138691380743219e-12
0
0
DERIV 19
-868481.8886922359234
-1.4429139417221851588e-11
0
0
DERIV 20
2223425.872079553548
4.903074352318507483e-11
0
0
DERIV 21
-5722329.734642243013
3.285477048979179303e-10
0
0
DERIV 22
14797670.182902464643
-6.063410712455662987e-10
0
0
DERIV 23
-38432241.04331466556
-2.333248578645417574e-9
0
0
DERIV 24
100211190.62009033561
-2.144674907316610740e-9
0
0
DERIV 25
-262247651.44281509518
-1.4084741580853604804e-8
0
0
DERIV 26
688582207.6824841500
3.519996052755056703e-8
0
0
DERIV 27
-1813582331.1736192703
-3.730636096542319786e-8
0
0
DERIV 28
4790236216.362688065
-3.810441256212983599e-7
0
0
DERIV 29
-12686045620.263689041
4.568671577959210183e-7
0
0
DERIV 30
33679525387.277072906
1.5999787165164480699e-6
0
0
DERIV 31
-89619933891.28617859
5.192722757293005348e-6
0
0
DERIV 32
238988915427.29986572
-7.645753201603326839e-6
0
0
DERIV 33
-638597109700.9753418
1.5221014416530139531e-5
0
0
DERIV 34
1709617965607.6958008
4.457412913451962324e-5
0
0
DERIV 35
-4585067184375.938477
0.00020072848139941431612
0
0
AT 23/64
0.7515581019233865678
4.075057541426608055e-17
0
0
DERIV 1
-1.2942725992792489809
-8.684144510395116778e-17
0
0
DERIV 2
1.6712454028841403630
4.066822943162734616e-17
0
0
DERIV 3
-2.247238033444662886
1.4974375122630452510e-16
0
0
DERIV 4
3.426713228973269576
1.0142141227812756668e-16
0
0
DERIV 5
-5.876135283422886602
1.4612755718493325967e-16
0
0
DERIV 6
11.004876492538439692
7.002616315016505392e-16
0
0
DERIV 7
-21.963857892686874606
-4.000465236954799464e-16
0
0
DERIV 8
45.93494376417340419
-2.3304120216493811142e-15
0
0
DERIV 9
-99.53627444329082152
-1.9960075341693609383e-15
0
0
DERIV 10
221.74617118887300648
-9.009310038630137170e-15
0
0
DERIV 11
-505.1032581129991286
-9.971817288637384866e-15
0
0
DERIV 12
1171.6735841331976644
-1.6891090101587172850e-14
0
0
DERIV 13
-2759.442240200718516
-2.1183930603818634091e-13
0
0
DERIV 14
6582.813926003467714
-3.385970912923368225e-13
0
0
DERIV 15
-15877.464407547668088
-2.2027999236071794324e-13
0
0
DERIV 16
38662.74471442695358
-1.5023793943215188554e-13
0
0
DERIV 17
-94935.41115075125708
-5.850897932303899850e-12
0
0
DERIV 18
234834.13711672896170
-9.371766548457141135e-12
0
0
DERIV 19
-584704.1506507664453
5.467035079032120413e-11
0
0
DERIV 20
1464379.8107209436130
-4.689043669740407054e-11
0
0
DERIV 21
-3686883.958306007087
-1.9250606373761432771e-11
0
0
DERIV 22
9326857.039886094630
-5.278337057885490946e-10
0
0
DERIV 23
-23696978.406853429974
-1.3941532380519900170e-9
0
0
DERIV 24
60446156.24517592043
-1.6683308461571587350e-10
0
0
DERIV 25
-154745921.29105648398
-1.1193354434460744859e-9
0
0
DERIV 26
397482927.1880539060
-2.1040700955209209025e-8
0
0
DERIV 27
-1024129769.3139487505
-2.4031323101187339035e-8
0
0
DERIV 28
2646242471.923806191
-1.8519741310804832006e-7
0
0
DERIV 29
-6855733568.487261772
9.660409236087115982e-8
0
0
DERIV 30
17805269556.383522034
1.5591283905930898181e-6
0
0
DERIV 31
-46349186015.25045777
3.211969242603139906e-6
0
0
DERIV 32
120912202084.39688110
1.2261575444447038916e-6
0
0
DERIV 33
-316063381277.4436646
2.5428906546752329997e-5
0
0
DERIV 34
827753737774.1149903
1.8222223727227007358e-5
0
0
DERIV 35
-2171713898241.4138184
0.00011589789232761887807
0
0
AT 47/128
0.7415475429961642106
5.148168455554370400e-17
0
0
DERIV 1
-1.2685644430600606647
-3.934368917053644085e-18
0
0
DERIV 2
1.6198032435506370952
-6.787909476568747617e-17
0
0
DERIV 3
-2.143637593460926194
2.0071015523441204749e-16
0
0
DERIV 4
3.206897022144820753
4.254234741379338470e-17
0
0
DERIV 5
-5.387252166096559769
4.418369136795237194e-16
0
0
DERIV 6
9.878410178148007148
7.533952096315801154e-16
0
0
DERIV 7
-19.299538101125715884
-1.0196158537785255527e-15
0
0
DERIV 8
39.50766448482977467
2.6657763058985989272e-15
0
0
DERIV 9
-83.79202322679942938
3.622331822756247957e-15
0
0
DERIV 10
182.70564332799514773
1.3200128090167164885e-14
0
0
DERIV 11
-407.3293587439212047
-2.2662215032703352348e-14
0
0
DERIV 12
924.7811809975848973
3.919074755608291365e-14
0
0
DERIV 13
-2131.663242327271746
1.0087780020446966698e-13
0
0
DERIV 14
4977.056501727553951
8.248126074416289096e-14
0
0
DERIV 15
-11749.110368775011011
-2.0499570858365927656e-14
0
0
DERIV 16
28001.335611495997000
5.492311126460021333e-13
0
0
DERIV 17
-67293.95899166561140
-1.4801859453084016681e-12
0
0
DERIV 18
162918.54137253027875
-6.328471680718303362e-12
0
0
DERIV 19
-397014.7502582323505
-1.6198618591513951164e-11
0
0
DERIV 20
973162.0815757767996
-5.487282590379328207e-11
0
0
DERIV 21
-2398014.121622303501
-1.4168600241167112754e-10
0
0
DERIV 22
5937290.272046529688
1.6343636810440984238e-10
0
0
DERIV 23
-14764084.636991359293
-2.661076767402332821e-10
0
0
DERIV 24
36858932.23608466983
1.3176959701453351650e-9
0
0
DERIV 25
-92353574.49272896349
-6.556783033727510997e-9
0
0
DERIV 26
232173879.03800478578
-2.107009759826151360e-9
0
0
DERIV 27
-585477485.9498119354
-1.5484573720368052817e-8
0
0
DERIV 28
1480625191.5177586079
4.067785922464907911e-8
0
0
DERIV 29
-3754306149.384892941
7.116765615709791887e-8
0
0
DERIV 30
9542991364.135061264
-7.712567667088755278e-7
0
0
DERIV 31
-24312985327.307220458
1.0078828907796284981e-6
0
0
DERIV 32
62076394348.58569336
2.588597557027363834e-6
0
0
DERIV 33
-158814697280.87481689
-6.167637809407578990e-6
0
0
DERIV 34
407078156520.3456421
-1.0402073502458046323e-5
0
0
DERIV 35
-1045296229021.2386475
5.383270119123898548e-5
0
0
AT 3/8
0.7317347378548086922
-2.944632178893083727e-17
0
0
DERIV 1
-1.2436415111258720678
9.579299173511471316e-17
0
0
DERIV 2
1.5707109902486693365
3.142040041374443883e-17
0
0
DERIV 3
-2.046618424980869211
-1.4978447317207741773e-16
0
0
DERIV 4
3.005189346891353086
-1.6697741937285986948e-16
0
0
DERIV 5
-4.947921709714935723
4.420066304553791015e-16
0
0
DERIV 6
8.887266080603479779
-6.409713900485621655e-16
0
0
DERIV 7
-17.004448136943551617
1.4394292485121577855e-15
0
0
DERIV 8
34.08743471372384448
8.783102558245424851e-16
0
0
DERIV 9
-70.79390973513731922
-5.330016589623371380e-15
0
0
DERIV 10
151.15296631004810024
-3.798205410563479284e-15
0
0
DERIV 11
-329.9719261429398216
7.976034812991657440e-15
0
0
DERIV 12
733.5569829832405731
-2.8325241425729937809e-14
0
0
DERIV 13
-1655.6752839538235094
9.501900606058339192e-14
0
0
DERIV 14
3785.206441286743939
3.112847529784246125e-14
0
0
DERIV 15
-8749.465742662176126
9.313340052012465560e-14
0
0
DERIV 16
20418.048122218020580
-5.935309326706216417e-13
0
0
DERIV 17
-48047.41415220094496
2.2188730062767060433e-13
0
0
DERIV 18
113899.69788772540051
2.724758497414474871e-13
0
0
DERIV 19
-271779.4126857892261
-4.911193753836442620e-12
0
0
DERIV 20
652308.0543165780837
4.807287125717359141e-11
0
0
DERIV 21
-1573898.7306805246044
1.0581630140944895540e-10
0
0
DERIV 22
3815668.945610902738
-1.7894491525352701101e-10
0
0
DERIV 23
-9290651.791561732069
5.215021362882838698e-10
0
0
DERIV 24
22711173.373106401414
1.0087922959331895729e-9
0
0
DERIV 25
-55719553.33001934737
3.029416781696066220e-9
0
0
DERIV 26
137158999.87279686332
5.394092111549394924e-9
0
0
DERIV 27
-338671098.9978644252
-1.2328472003792773183e-8
0
0
DERIV 28
838629268.4867292643
4.684309919620224490e-8
0
0
DERIV 29
-2082147411.8288469314
9.183453358627819695e-8
0
0
DERIV 30
5182307706.353438378
-2.3019446741844129352e-7
0
0
DERIV 31
-12928073235.924777985
5.368749750481180989e-7
0
0
DERIV 32
32320556234.509403228
7.574177850530371540e-7
0
0
DERIV 33
-80965470017.84342957
3.509774228860512576e-6
0
0
DERIV 34
203209374553.58267212
-1.4452206226108384450e-5
0
0
DERIV 35
-510930816965.1758423
1.6695893171588161466e-5
0
0
AT 49/128
0.7221136922893277577
-9.551394346102922764e-18
0
0
DERIV 1
-1.2194682576223945247
1.9521527371537702595e-17
0
0
DERIV 2
1.5238207970264867619
8.436914186752143591e-17
0
0
DERIV 3
-1.9556436369552672172
8.741383275297001656e-17
0
0
DERIV 4
2.819772534281142384
-1.1842275349972414685e-16
0
0
DERIV 5
-4.552248286396695321
1.6336705731080350032e-17
0
0
DERIV 6
8.012868575469848764
-4.141123899443775178e-16
0
0
DERIV 7
-15.021276814168810887
3.192018103453561647e-16
0
0
DERIV 8
29.500223547081311892
-6.877755910265736974e-16
0
0
DERIV 9
-60.02002393317428641
1.0149881138062592881e-15
0
0
DERIV 10
125.53859896285433706
-2.3296688472885407645e-15
0
0
DERIV 11
-268.4682333064685622
-5.935906829660490467e-15
0
0
DERIV 12
584.6581999950165028
-5.952783628945687996e-15
0
0
DERIV 13
-1292.6879346797045400
-2.2594369364202470778e-15
0
0
DERIV 14
2895.057187933939986
1.6868981116504149121e-13
0
0
DERIV 15
-6555.370798763673520
-1.8956464001905423440e-13
0
0
DERIV 16
14985.714693282456210
6.330470855438247310e-13
0
0
DERIV 17
-34544.61017059157166
-9.795170889598758215e-13
0
0
DERIV 18
80219.42334481101716
1.3662336501077744165e-12
0
0
DERIV 19
-187508.05828873292194
4.699224305048678594e-12
0
0
DERIV 20
440861.6573990331963
1.4055915139785204955e-11
0
0
DERIV 21
-1042011.2666213155026
-3.954867452013794700e-11
0
0
DERIV 22
2474641.125395707321
-1.3227852229080803076e-10
0
0
DERIV 23
-5902466.399327997118
1.4058476441592621699e-10
0
0
DERIV 24
14134245.377613402903
-7.388396976286257076e-10
0
0
DERIV 25
-33969278.40926221758
2.560093350632676360e-9
0
0
DERIV 26
81912199.10433064401
-2.077610794614367312e-9
0
0
DERIV 27
-198128952.26911377906
-1.1563367249494056120e-8
0
0
DERIV 28
480601706.1287860275
-1.0831369076600577230e-8
0
0
DERIV 29
-1168886160.3415422440
6.065261140019254689e-8
0
0
DERIV 30
2849898274.125380993
-6.788537317314062023e-8
0
0
DERIV 31
-6964426472.670495034
1.1928924630436116858e-7
0
0
DERIV 32
17055943503.166774750
8.643996557695214424e-7
0
0
DERIV 33
-41854495533.81873322
-1.953208708055090629e-6
0
0
DERIV 34
102903782744.49765015
6.356491841844943726e-6
0
0
DERIV 35
-253451585927.07284546
-9.705676030273376249e-6
0
0
AT 25/64
0.7126786810173210140
2.3102056015870870334e-17
0
0
DERIV 1
-1.1960113518409172251
-8.525406353391522118e-17
0
0
DERIV 2
1.4789967627745641554
-1.0186693630780844311e-16
0
0
DERIV 3
-1.8702297120357418425
-1.0154120189390372021e-16
0
0
DERIV 4
2.649043119798478507
2.0737216662477370008e-16
0
0
DERIV 5
-4.195137955767226146
4.070341360426334272e-17
0
0
DERIV 6
7.239498578889590697
1.7881827134049817766e-16
0
0
DERIV 7
-13.302526452699861892
-5.228693904035228295e-16
0
0
DERIV 8
25.604776700890663932
1.0641926501468978900e-15
0
0
DERIV 9
-51.05549949920975195
2.748017039263568933e-16
0
0
DERIV 10
104.65625871804520841
6.476876360572815873e-15
0
0
DERIV 11
-219.33971165095667288
-1.1759516351924688570e-14
0
0
DERIV 12
468.1227516413105718
1.7492999582392538744e-14
0
0
DERIV 13
-1014.3381600382195984
1.2597963207628771206e-14
0
0
DERIV 14
2226.261937013742227
1.6521024010690248384e-13
0
0
DERIV 15
-4940.211095422403560
3.992619195457294771e-13
0
0
DERIV 16
11067.618511894812400
3.468778248837316352e-13
0
0
DERIV 17
-25002.590849691201584
-5.332219080679731616e-13
0
0
DERIV 18
56899.95074512259453
-2.9348128464265370636e-12
0
0
DERIV 19
-130340.58105842240911
3.1335894417501503752e-12
0
0
DERIV 20
300323.4141482471023
-4.779434718049849429e-12
0
0
DERIV 21
-695642.7388637462864
-5.198954460467355921e-11
0
0
DERIV 22
1619022.5974351754412
-7.510168529923672370e-11
0
0
DERIV 23
-3784434.047721586656
-1.8909308731809876194e-10
0
0
DERIV 24
8881098.520097903908
1.2438666220997206485e-10
0
0
DERIV 25
-20917363.915382329374
1.7340622370557949084e-9
0
0
DERIV 26
49430582.03070374578
1.6960639103457417254e-9
0
0
DERIV 27
-117171377.98870079219
6.075366349648848549e-9
0
0
DERIV 28
278538552.8078271151
-7.154056996307044587e-9
0
0
DERIV 29
-663893777.1737920046
-2.8582239418459039276e-8
0
0
DERIV 30
1586288158.7472512722
1.8982030188611930416e-8
0
0
DERIV 31
-3798957165.186683178
1.8681749276834711609e-7
0
0
DERIV 32
9117611414.732284546
-4.137171530026243965e-7
0
0
DERIV 33
-21926722095.965957642
-1.0004646136876711673e-6
0
0
DERIV 34
52831043920.22902680
-3.778484753340421668e-6
0
0
DERIV 35
-127520234188.38468933
-4.662766868053591930e-6
0
0
AT 51/128
0.7034242310825348232
4.808162597558304283e-18
0
0
DERIV 1
-1.1732395009590501633
3.208731824043096876e-17
0
0
DERIV 2
1.4361137550545690633
-1.0496412835688274974e-17
0
0
DERIV 3
-1.7899402759839824206
8.893256938648661925e-17
0
0
DERIV 4
2.491582987056302212
-1.7346106204608112095e-16
0
0
DERIV 5
-3.872176315571702610
1.6804766261811680012e-16
0
0
DERIV 6
6.553808853285315373
3.919753834164914057e-16
0
0
DERIV 7
-11.808681160388839970
8.007358182280912185e-18
0
0
DERIV 8
22.285953352374463066
-1.2515789777881928814e-15
0
0
DERIV 9
-43.56900756595012325
-2.6758460447285713104e-15
0
0
DERIV 10
87.56205915575790755
1.6945197191931806987e-15
0
0
DERIV 11
-179.91957808134657171
1.0162806277965369011e-14
0
0
DERIV 12
376.4680668418074561
1.7170381419210459195e-14
0
0
DERIV 13
-799.7539297739252788
1.0654640512505721823e-14
0
0
DERIV 14
1720.8925613077076378
-5.158848158865871694e-14
0
0
DERIV 15
-3743.914718322402678
-3.567722272578778475e-14
0
0
DERIV 16
8223.125138918701851
-2.0512936603694732252e-13
0
0
DERIV 17
-18212.498137780818070
6.375568839842039928e-13
0
0
DERIV 18
40634.77110088876361
3.4101429600013312637e-12
0
0
DERIV 19
-91257.11186044826173
6.185855001655168211e-12
0
0
DERIV 20
206147.07693491847022
1.0774210517405281889e-11
0
0
DERIV 21
-468139.1840424003313
-1.0095817874319406127e-11
0
0
DERIV 22
1068174.6297067843843
1.0288697850246334733e-10
0
0
DERIV 23
-2447883.745383767877
-1.9355736407271308415e-10
0
0
DERIV 24
5631926.039314927534
-5.705156966146542043e-11
0
0
DERIV 25
-13004616.192218558863
-1.0181503926602859002e-10
0
0
DERIV 26
30129129.240492794662
-1.6408256978481197079e-9
0
0
DERIV 27
-70018468.90485568345
5.989965351060028556e-9
0
0
DERIV 28
163183618.30497071147
-5.980672983430420804e-9
0
0
DERIV 29
-381320343.0144970417
-1.5271251355087271391e-8
0
0
DERIV 30
893251100.7530611754
1.0005880744937184418e-8
0
0
DERIV 31
-2097277737.6622188092
8.612796582184486826e-8
0
0
DERIV 32
4934835464.597253800
-4.689885897285311682e-7
0
0
DERIV 33
-11634971859.735589981
-4.998490125523657312e-7
0
0
DERIV 34
27484056037.164752960
1.7124011804366115500e-6
0
0
DERIV 35
-65038531458.12194824
-2.520938704879898756e-6
0
0
AT 13/32
0.6943451065693344582
2.5364297372379420489e-17
0
0
DERIV 1
-1.1511232900711292348
-9.577509730589731852e-17
0
0
DERIV 2
1.3950563699467628531
4.815388157103690579e-17
0
0
DERIV 3
-1.7143806986798748593
8.201367684452461861e-17
0
0
DERIV 4
2.346134868133410656
2.1476573707722115571e-16
0
0
DERIV 5
-3.579526892008054073
3.640518750299256867e-17
0
0
DERIV 6
5.944428979651365630
-4.033270419083688444e-17
0
0
DERIV 7
-10.506744224867066606
-4.728833296997554931e-16
0
0
DERIV 8
19.449513541762030400
-1.0079836965861083758e-15
0
0
DERIV 9
-37.29474073909654663
-1.6094911648603957153e-15
0
0
DERIV 10
73.51379198006614502
-5.110899320762236461e-15
0
0
DERIV 11
-148.15246752058951074
-8.777599433495814805e-15
0
0
DERIV 12
304.0415920822874796
6.801653733603113223e-15
0
0
DERIV 13
-633.4809672403680452
1.5773003836279499079e-14
0
0
DERIV 14
1336.9091863725107032
9.729417946411888864e-15
0
0
DERIV 15
-2852.621216695655221
1.7735233987063456572e-13
0
0
DERIV 16
6145.035413201249867
3.635730007740428913e-13
0
0
DERIV 17
-13348.296413814327025
7.198417272729281155e-13
0
0
DERIV 18
29209.397302842302452
-9.414407377024134757e-14
0
0
DERIV 19
-64336.83145308123494
-5.131911799374896238e-15
0
0
DERIV 20
142540.43401457334403
1.1247836065443303310e-11
0
0
DERIV 21
-317470.7082721650950
-2.8519859209834025522e-11
0
0
DERIV 22
710458.2412651596824
1.1206988783758776591e-11
0
0
DERIV 23
-1596814.9966260078363
-9.477287247827481538e-12
0
0
DERIV 24
3603198.435969851911
-1.4871386514424605365e-10
0
0
DERIV 25
-8160112.064134808257
8.879679725958077812e-11
0
0
DERIV 26
18541823.645528122782
1.8154808766521823181e-9
0
0
DERIV 27
-42261577.47260367125
3.220421578296318894e-9
0
0
DERIV 28
96599935.16221663356
5.688085244371718444e-9
0
0
DERIV 29
-221389691.40145197510
1.1367182910910873472e-8
0
0
DERIV 30
508637165.2755697370
4.604044882784254352e-9
0
0
DERIV 31
-1171271453.0467879772
-1.0187803517442932478e-7
0
0
DERIV 32
2702970746.020528793
-2.3165387072864775388e-7
0
0
DERIV 33
-6250302553.271211624
-1.5631167011760660494e-7
0
0
DERIV 34
14480499549.091381073
-1.5558634044826404024e-7
0
0
DERIV 35
-33607827920.857151032
-3.445155252753267196e-7
0
0
AT 53/128
0.6854362945059393475
-1.1950154443329620434e-17
0
0
DERIV 1
-1.1296350375273267463
-2.1352077769782291381e-18
0
0
DERIV 2
1.3557180099275272234
-2.3318257280187155231e-17
0
0
DERIV 3
-1.6431934023112182430
-1.0008645882070901667e-16
0
0
DERIV 4
2.211581474494518140
-4.070595867210187786e-17
0
0
DERIV 5
-3.313846303462951504
-1.8380558623664665943e-16
0
0
DERIV 6
5.401642084662310772
1.0445621838697923085e-16
0
0
DERIV 7
-9.369064949055433189
5.328810017784343635e-16
0
0
DERIV 8
17.018020196002836997
1.6931811056212753259e-15
0
0
DERIV 9
-32.01853106200628929
5.169985786359745728e-16
0
0
DERIV 10
61.92507177061209944
3.5289305930935423237e-15
0
0
DERIV 11
-122.44612262906879607
3.1864099383101988567e-15
0
0
DERIV 12
246.54961135112577608
5.054643077315025004e-15
0
0
DERIV 13
-504.0086355461154995
2.8208817694175813446e-14
0
0
DERIV 14
1043.6094358837087839
-1.1046385095289292287e-13
0
0
DERIV 15
-2184.796096060648779
-1.4320740943844614806e-13
0
0
DERIV 16
4617.652139938472829
-1.8746206627341455509e-13
0
0
DERIV 17
-9841.293331942444638
-8.962304881280001130e-13
0
0
DERIV 18
21128.957046642321074
-5.599657982808091859e-13
0
0
DERIV 19
-45660.84773317786312
-3.900379391455183018e-13
0
0
DERIV 20
99254.67901828774484
-3.4174508587427605082e-12
0
0
DERIV 21
-216892.73460666937172
1.0703905224332864950e-11
0
0
DERIV 22
476220.6106062864419
-1.1922827765317410607e-11
0
0
DERIV 23
-1050152.5837353537790
-9.212015187133638363e-11
0
0
DERIV 24
2324952.364851701073
4.929305803132361046e-11
0
0
DERIV 25
-5165947.636270763353
-2.2872463630202672556e-10
0
0
DERIV 26
11516864.443923207000
1.6450553573958701645e-10
0
0
DERIV 27
-25754634.447310298682
1.4846277938510677092e-9
0
0
DERIV 28
57758293.34163676948
-2.935427137679274216e-9
0
0
DERIV 29
-129874145.52979962528
6.010626283242436671e-9
0
0
DERIV 30
292752866.2053518295
-2.9622103885288001063e-8
0
0
DERIV 31
-661421567.1929724217
-4.650713542576858947e-8
0
0
DERIV 32
1497579344.5303299427
6.019505351334934467e-8
0
0
DERIV 33
-3397638872.626136303
1.5490186270994984512e-7
0
0
DERIV 34
7723023954.993897438
1.6123170547600568859e-7
0
0
DERIV 35
-17586196700.580654144
1.3410593014847114522e-6
0
0
AT 27/64
0.6766929918437007974
-1.1963281729138350896e-18
0
0
DERIV 1
-1.1087486638601051769
5.304375771554150320e-17
0
0
DERIV 2
1.3180000644558682588
-4.673911588205930068e-17
0
0
DERIV 3
-1.5760537728786718770
6.802912436658795997e-17
0
0
DERIV 4
2.086927664421162731
-6.917455831161552725e-17
0
0
DERIV 5
-3.072213177207845814
1.9308543632906578432e-16
0
0
DERIV 6
4.917119243898962822
7.986536287285251312e-18
0
0
DERIV 7
-8.372393559519569095
8.439489383328805579e-16
0
0
DERIV 8
14.927602140058883862
7.275500111513266719e-16
0
0
DERIV 9
-27.567098306365107164
1.0625801438849026851e-15
0
0
DERIV 10
52.33051328916984346
9.853937603205233933e-16
0
0
DERIV 11
-101.56096303720509866
5.171908167186928121e-16
0
0
DERIV 12
200.71325438839656386
3.0001836545809818416e-15
0
0
DERIV 13
-402.7147459532489506
1.0267763786192365953e-14
0
0
DERIV 14
818.4345422336795082
-3.287754064580427018e-14
0
0
DERIV 15
-1681.6758027371374737
1.0259041024256366863e-13
0
0
DERIV 16
3488.488387681898075
-1.0764931032639927621e-13
0
0
DERIV 17
-7297.135840080929484
-9.805670968962083388e-14
0
0
DERIV 18
15376.663533109503987
-3.254088501539349257e-13
0
0
DERIV 19
-32614.559768022932986
-9.169122905020136185e-13
0
0
DERIV 20
69582.78508247929858
5.889608681611754425e-12
0
0
DERIV 21
-149237.82392947311746
1.3282512334324022117e-11
0
0
DERIV 22
321606.6570792650455
1.6826300378774783108e-11
0
0
DERIV 23
-696068.6400352888741
-1.8841148440792670636e-11
0
0
DERIV 24
1512503.6991208109539
3.560507616255680504e-11
0
0
DERIV 25
-3298488.919351922814
1.3375850399651136686e-10
0
0
DERIV 26
7217418.055224730633
-1.9894646157094493985e-10
0
0
DERIV 27
-15841106.632704880089
6.637929734468554456e-10
0
0
DERIV 28
34867993.21520893276
-1.2864360650396214369e-9
0
0
DERIV 29
-76951614.65209297836
7.095038576500295007e-9
0
0
DERIV 30
170246655.03309625387
1.3660736948788020320e-8
0
0
DERIV 31
-377518425.0239260793
-2.7722967274735108874e-8
0
0
DERIV 32
838942091.7082312107
-2.2246948742125078441e-8
0
0
DERIV 33
-1868106708.4842395782
-7.275096186394302523e-8
0
0
DERIV 34
4167677885.386510372
1.0111597827844378078e-7
0
0
DERIV 35
-9314530584.259286880
6.401800507975948917e-7
0
0
AT 55/128
0.6681105934122646417
-1.1850133983366569089e-17
0
0
DERIV 1
-1.0884395727981173163
-8.676944737010472490e-17
0
0
DERIV 2
1.2818111801782099413
-9.410420136951661656e-17
0
0
DERIV 3
-1.5126665879974590112
2.2982983687682849611e-17
0
0
DERIV 4
1.9712851589397084595
-7.989351520177808230e-17
0
0
DERIV 5
-2.852068386218120644
5.749554966932154855e-17
0
0
DERIV 6
4.483700442636500583
6.923714795258314646e-17
0
0
DERIV 7
-7.497116666606872926
3.834400078324560837e-16
0
0
DERIV 8
13.125385535981770602
-6.103694907570685922e-17
0
0
DERIV 9
-23.799681528381540830
1.7667513595411140062e-15
0
0
DERIV 10
44.35914599977690642
-5.788672533162934236e-16
0
0
DERIV 11
-84.52738945737522158
-2.1285178896492950313e-15
0
0
DERIV 12
164.01582856845311653
1.2565323133740107741e-14
0
0
DERIV 13
-323.1053377388680588
-2.8025052348594856560e-15
0
0
DERIV 14
644.7123511433375143
-3.928159425967619883e-14
0
0
DERIV 15
-1300.6449162249150504
2.1282968382135645945e-14
0
0
DERIV 16
2649.033603031499752
1.0769526075639859051e-13
0
0
DERIV 17
-5440.462257748697994
9.999536040038899027e-16
0
0
DERIV 18
11255.849333597045188
-1.5253643267420948743e-13
0
0
DERIV 19
-23440.138119504550560
1.5378134902800976764e-13
0
0
DERIV 20
49100.13692739963881
2.9803542703828361101e-12
0
0
DERIV 21
-103393.17393541820638
-6.872623035505994284e-12
0
0
DERIV 22
218761.00214624212822
1.2783809980286811608e-11
0
0
DERIV 23
-464867.0203726316104
-4.306460303812075970e-12
0
0
DERIV 24
991755.9386055347277
1.3436977504546125813e-11
0
0
DERIV 25
-2123513.409187273588
-3.432522645826513205e-11
0
0
DERIV 26
4561980.095304426737
-7.034896096589029881e-12
0
0
DERIV 27
-9830792.528105143458
-9.251418116778034929e-10
0
0
DERIV 28
21245228.519604068250
-1.8184749782702709196e-9
0
0
DERIV 29
-46034516.96629732847
-2.840893953581656191e-9
0
0
DERIV 30
99994429.19416436553
1.4522194992779673007e-9
0
0
DERIV 31
-217704148.17494401336
6.920306299967897245e-9
0
0
DERIV 32
474998068.6697846055
-2.1006432159061956421e-8
0
0
DERIV 33
-1038467295.5899122953
-3.329081399113351178e-9
0
0
DERIV 34
2274660331.283141613
-6.157642619316801272e-8
0
0
DERIV 35
-4991310969.764125824
-4.567902840355216772e-7
0
0
AT 7/16
0.6596846807614170638
1.9093289109377238435e-17
0
0
DERIV 1
-1.0686845430571429993
-6.025186629471595386e-17
0
0
DERIV 2
1.2470666095325746436
-7.881961550451503017e-17
0
0
DERIV 3
-1.4527628878430411952
-6.022975366324324896e-17
0
0
DERIV 4
1.8638594038315030588
-8.886629170018090902e-17
0
0
DERIV 5
-2.651164638361876325
-9.628023993515378693e-17
0
0
DERIV 6
4.095213273231165907
-2.654760491526528960e-16
0
0
DERIV 7
-6.726636297059459757
1.4172212743300130369e-16
0
0
DERIV 8
11.567446776433385480
-6.102061172445827329e-16
0
0
DERIV 9
-20.601494616364394830
-6.367737577028201867e-16
0
0
DERIV 10
37.71401324323812787
1.3608594589237054833e-15
0
0
DERIV 11
-70.58351658430187570
-3.5469741417530127896e-15
0
0
DERIV 12
134.51614066141090120
8.894480586459595427e-16
0
0
DERIV 13
-260.2635554670064835
1.5141753248315956083e-14
0
0
DERIV 14
510.0518502013654825
-6.307929073466059278e-15
0
0
DERIV 15
-1010.6136764900081744
-2.1034773246037337332e-14
0
0
DERIV 16
2021.5814530554816884
1.7378128301807905253e-14
0
0
DERIV 17
-4077.710551652737650
-9.376353524240420544e-14
0
0
DERIV 18
8285.815848807513248
6.055705162952719712e-13
0
0
DERIV 19
-16947.017429221210477
1.3641945460437511024e-12
0
0
DERIV 20
34865.16114131631184
1.8683856005328531132e-12
0
0
DERIV 21
-72106.84857056968031
-1.0444925241359437816e-12
0
0
DERIV 22
149840.79703837816487
8.476429015151159803e-12
0
0
DERIV 23
-312726.2279989519157
-1.7975590946622354877e-11
0
0
DERIV 24
655263.0498365281383
1.2410635986694140111e-11
0
0
DERIV 25
-1377974.2215020519216
5.286899597467700566e-11
0
0
DERIV 26
2907465.823016196955
8.720787385699469163e-11
0
0
DERIV 27
-6153537.504288204946
-1.8155293413490626564e-10
0
0
DERIV 28
13060889.874610304832
8.928707089684050648e-10
0
0
DERIV 29
-27795209.325951114296
8.025555854991055269e-10
0
0
DERIV 30
59297601.34270073474
1.1620604075124273781e-9
0
0
DERIV 31
-126795241.58322697878
3.851560482413189787e-9
0
0
DERIV 32
271708358.7243229151
1.1397296092769989313e-8
0
0
DERIV 33
-583416704.5589348078
1.9590294860617965872e-8
0
0
DERIV 34
1255097458.0429520607
-9.746529791105295633e-9
0
0
DERIV 35
-2704894722.876251221
1.3644767736908160836e-7
0
0
AT 57/128
0.6514110118100008284
-1.7541218276445877245e-17
0
0
DERIV 1
-1.0494616297602876731
9.252680245414903080e-17
0
0
DERIV 2
1.2136876281093127439
5.887853537244542896e-17
0
0
DERIV 3
-1.3960972275419423205
-3.353956607098249108e-17
0
0
DERIV 4
1.7639382446805973448
-6.665642995836976077e-17
0
0
DERIV 5
-2.467523819966133569
1.3786314765270383462e-16
0
0
DERIV 6
3.746322340161395204
5.664257179326560370e-17
0
0
DERIV 7
-6.046863585775858141
4.062779988370999456e-18
0
0
DERIV 8
10.217174076895227941
2.450799036912645214e-16
0
0
DERIV 9
-17.878584830178791520
1.2582631868855078015e-15
0
0
DERIV 10
32.15644004477047702
2.2271542103958633613e-15
0
0
DERIV 11
-59.12804005680468578
-8.507767948070576161e-16
0
0
DERIV 12
110.70979475963085292
3.633695316428218385e-15
0
0
DERIV 13
-210.44771258636376388
-1.2745083973034564187e-14
0
0
DERIV 14
405.1938811560044656
6.367563654197468733e-15
0
0
DERIV 15
-788.7699905391177708
5.469285738772600107e-14
0
0
DERIV 16
1550.1451412599358264
-1.1178055826372630289e-13
0
0
DERIV 17
-3071.941050594058652
-1.4782659324987767536e-13
0
0
DERIV 18
6132.629282039409191
1.1179286795318587366e-13
0
0
DERIV 19
-12323.082337183072013
7.097012485259567872e-13
0
0
DERIV 20
24907.615060978820110
5.968741443516583602e-14
0
0
DERIV 21
-50609.39956876926590
-5.528416930457964295e-13
0
0
DERIV 22
103323.42432866073796
-6.290152134716276557e-12
0
0
DERIV 23
-211859.01313321001362
-7.746293443464279652e-12
0
0
DERIV 24
436126.1591656670207
-8.000304985083080235e-12
0
0
DERIV 25
-901054.9689077595249
3.911135780525245775e-11
0
0
DERIV 26
1867834.8567230594344
-7.104107813877865985e-11
0
0
DERIV 27
-3883848.803199590184
1.5367230713162955282e-10
0
0
DERIV 28
8098858.024369954132
1.2718144153387668016e-10
0
0
DERIV 29
-16933022.278624065220
3.380661664993682367e-10
0
0
DERIV 30
35490746.38083974272
1.5457146587684869976e-9
0
0
DERIV 31
-74558026.98241278529
5.380158465582036380e-9
0
0
DERIV 32
156966822.77712687850
-1.1292968306829380579e-8
0
0
DERIV 33
-331128926.9973052740
-9.716432919280125701e-9
0
0
DERIV 34
699856635.5284676552
-8.233549291072120277e-9
0
0
DERIV 35
-1481819670.5008924007
3.580322151597445493e-8
0
0
AT 29/64
0.6432855112306932188
-1.8558490187442210898e-17
0
0
DERIV 1
-1.0307500744796498360
-6.210462534534863039e-17
0
0
DERIV 2
1.1816010124568869788
-9.378512387310604047e-18
0
0
DERIV 3
-1.3424452588046567048
2.820806873056636499e-17
0
0
DERIV 4
1.6708821383554188778
-3.501802554205725201e-17
0
0
DERIV 5
-2.299400791014578616
1.4098092509155098739e-16
0
0
DERIV 6
3.432403748023459045
1.0597782867939677135e-16
0
0
DERIV 7
-5.445804416212594923
2.662450484035707390e-16
0
0
DERIV 8
9.043950833941563517
-2.296039522418939828e-16
0
0
DERIV 9
-15.553775739030715641
-1.8435337363548967761e-16
0
0
DERIV 10
27.493843477437909684
-1.6226590558416999880e-15
0
0
DERIV 11
-49.68437727541364524
2.8126659868961131129e-15
0
0
DERIV 12
91.42557584858192854
3.4939943632710174694e-15
0
0
DERIV 13
-170.79646178808243917
1.3475980281858446709e-14
0
0
DERIV 14
323.1833727137462233
2.2155928713184331432e-14
0
0
DERIV 15
-618.2824492044326235
1.0548317009915926299e-14
0
0
DERIV 16
1194.1490926664091603
6.582098533982867827e-14
0
0
DERIV 17
-2325.670372059229521
-6.983694392589371558e-14
0
0
DERIV 18
4562.791987424014224
2.2123526912139119008e-13
0
0
DERIV 19
-9010.557523889799995
2.1681318075446664051e-13
0
0
DERIV 20
17898.332230791602342
1.0926798887087318879e-12
0
0
DERIV 21
-35740.40875714534195
2.7892246530325446577e-12
0
0
DERIV 22
71709.19950442003028
3.4114193979713646651e-12
0
0
DERIV 23
-144500.93400184993516
2.9635958526801686240e-12
0
0
DERIV 24
292336.7185727332253
-3.5739899381505005744e-12
0
0
DERIV 25
-593567.2799437768990
1.5761048048078945587e-11
0
0
DERIV 26
1209217.7305829729885
7.163830956883942545e-11
0
0
DERIV 27
-2471016.522067529615
-1.8630550436411747722e-10
0
0
DERIV 28
5063891.282650436275
-5.588542324585760212e-11
0
0
DERIV 29
-10405004.603682627901
6.391343867205558742e-10
0
0
DERIV 30
21432365.252465646714
-1.6433403427500143674e-9
0
0
DERIV 31
-44248292.48148710281
2.625924893573564210e-9
0
0
DERIV 32
91549734.53783443570
7.034593523204208767e-9
0
0
DERIV 33
-189798786.61394745112
-1.3361463629795709274e-8
0
0
DERIV 34
394232533.8892049790
-6.677990245845336162e-9
0
0
DERIV 35
-820324685.4684630633
-5.610678435381090776e-8
0
0
AT 59/128
0.6353042615068297261
-4.050047143935022155e-17
0
0
DERIV 1
-1.0125302230124753056
7.392226150574652451e-17
0
0
DERIV 2
1.1507385711493411939
2.0100008462204899638e-17
0
0
DERIV 3
-1.2916015964971179208
-1.7863844446193294759e-17
0
0
DERIV 4
1.5841156704172081326
6.873771758043383611e-17
0
0
DERIV 5
-2.145252565959527402
7.365989789444028038e-17
0
0
DERIV 6
3.149440153125540043
-2.0725316008171527929e-16
0
0
DERIV 7
-4.913219092141821953
3.112880358630933913e-16
0
0
DERIV 8
8.022093406628947321
-6.967024547757388871e-16
0
0
DERIV 9
-13.563452227946401152
6.942300599522183312e-16
0
0
DERIV 10
23.570244584501423902
7.522335596724299936e-16
0
0
DERIV 11
-41.87325140272564283
1.3610844386041983991e-15
0
0
DERIV 12
75.74763792082850955
3.5191351968716434010e-15
0
0
DERIV 13
-139.11132487877935660
6.809487693993990694e-15
0
0
DERIV 14
258.7696248099637728
-1.1377257231535880148e-14
0
0
DERIV 15
-486.6657647591459295
-1.5270672487901842635e-14
0
0
DERIV 16
924.0197391713618345
-3.1353242060781833992e-15
0
0
DERIV 17
-1769.0866601616603475
-1.5537087931624635148e-14
0
0
DERIV 18
3412.003312973552511
-1.9359443349291047416e-13
0
0
DERIV 19
-6623.811101830606276
8.188158060881540060e-14
0
0
DERIV 20
12934.394073922738244
5.972605715020374173e-13
0
0
DERIV 21
-25390.431800273054250
-3.282477814097428150e-13
0
0
DERIV 22
50079.77101639089233
-3.5647904654581582824e-12
0
0
DERIV 23
-99205.29963315762870
-4.757059461790545627e-12
0
0
DERIV 24
197298.70728744982626
-2.1216458581927590612e-12
0
0
DERIV 25
-393810.5895968158147
-2.3966408655949420915e-11
0
0
DERIV 26
788675.6576505400008
2.7749171581717151153e-11
0
0
DERIV 27
-1584331.3307085700799
4.129367574723223203e-11
0
0
DERIV 28
3191766.513581756968
-8.102010681608840963e-11
0
0
DERIV 29
-6447114.047756582499
-1.0285641387053350840e-10
0
0
DERIV 30
13054777.537164460868
2.753841424433748150e-10
0
0
DERIV 31
-26495502.134730916470
1.1887134646965375749e-9
0
0
DERIV 32
53890096.86802172661
1.0768824937781851209e-9
0
0
DERIV 33
-109830135.25791397691
-1.5004937221980373486e-9
0
0
DERIV 34
224262540.96134012938
9.009463994510993714e-9
0
0
DERIV 35
-458739597.4820234180
2.9701511110731905659e-8
0
0
AT 15/32
0.6274634946039661099
-3.584184539568534639e-17
0
0
DERIV 1
-0.9947834501093593129
2.1743522296980526674e-17
0
0
DERIV 2
1.1210367228908788562
6.495551863845417330e-17
0
0
DERIV 3
-1.2433779324407787659
1.0265505731904843857e-16
0
0
DERIV 4
1.5031201857340499295
7.414009016580044688e-17
0
0
DERIV 5
-2.003712004700713312
1.3930293389285236091e-16
0
0
DERIV 6
2.893932733172241978
-2.4229738195947471881e-18
0
0
DERIV 7
-4.440341844798012971
5.632240163360876766e-17
0
0
DERIV 8
7.129990913641274020
1.4496280982825490295e-16
0
0
DERIV 9
-11.855002343338513882
-2.1983320294893561831e-16
0
0
DERIV 10
20.258850469489125600
7.643309221064837078e-16
0
0
DERIV 11
-35.39163121802230450
1.6710814504794902323e-15
0
0
DERIV 12
62.95677469819993633
-7.537817359265420578e-16
0
0
DERIV 13
-113.69542136780144403
2.2929123378864735988e-15
0
0
DERIV 14
207.96934023243989032
5.701260417596670366e-15
0
0
DERIV 15
-384.6105963677454156
1.3807765082114596908e-14
0
0
DERIV 16
718.0841550247029091
1.5254801283229038690e-15
0
0
DERIV 17
-1351.9053055003373629
-7.908478794348204007e-14
0
0
DERIV 18
2563.948196396603180
-1.1308397677643202919e-13
0
0
DERIV 19
-4894.519320615590914
-3.475127887901595631e-13
0
0
DERIV 20
9398.320389339753092
-8.955677698401057199e-13
0
0
DERIV 21
-18141.621014516505966
2.845197487101243608e-13
0
0
DERIV 22
35186.00994183662260
1.6762985101814266631e-12
0
0
DERIV 23
-68540.00177606678335
7.115386972060360760e-12
0
0
DERIV 24
134040.15511870081536
-9.502009190708594978e-13
0
0
DERIV 25
-263087.0232126623159
2.2121800178233316342e-11
0
0
DERIV 26
518097.8070790959755
-2.1396214385845764261e-11
0
0
DERIV 27
-1023435.6628720132867
1.7992482202110062362e-11
0
0
DERIV 28
2027434.4205981723498
1.1030563682871449563e-10
0
0
DERIV 29
-4027005.056387671735
-4.725853504952505561e-11
0
0
DERIV 30
8018393.767562636175
-1.8773955894140676474e-10
0
0
DERIV 31
-16002620.561073508114
-9.040905001607589142e-10
0
0
DERIV 32
32005818.470542199910
-8.460481811779430857e-10
0
0
DERIV 33
-64141998.46162585914
-1.4566948669714393254e-9
0
0
DERIV 34
128788973.09901267290
-3.361809502746053767e-9
0
0
DERIV 35
-259053297.59312707186
1.3074021145302647534e-8
0
0
AT 61/128
0.6197595842046240699
-4.514026933494947580e-17
0
0
DERIV 1
-0.9774920904627758533
3.529855775453778804e-17
0
0
DERIV 2
1.0924361162501994293
-1.0556188063159438672e-16
0
0
DERIV 3
-1.1976013642525540348
-1.3663936485526846827e-18
0
0
DERIV 4
1.4274273706628370917
7.291611173540388374e-17
0
0
DERIV 5
-1.8735652922880887683
5.754392734686348817e-17
0
0
DERIV 6
2.662827123262115237
-1.7751950205163289793e-16
0
0
DERIV 7
-4.019648881617665204
-3.268113977560483979e-16
0
0
DERIV 8
6.349406081200486441
-8.566060724817687043e-19
0
0
DERIV 9
-10.384773720851896428
-1.7092295453089677285e-16
0
0
DERIV 10
17.456230123056982961
1.4381244821920998658e-15
0
0
DERIV 11
-29.996479336236717472
-1.6378835596692975300e-15
0
0
DERIV 12
52.48587670907436831
1.9584947493851143936e-18
0
0
DERIV 13
-93.23325209745527786
2.6854055642583137619e-15
0
0
DERIV 14
167.74648736934724980
1.3586799246854815467e-14
0
0
DERIV 15
-305.1409631373902585
-1.9931273580197405626e-14
0
0
DERIV 16
560.3752681518328700
-3.376804538171405529e-14
0
0
DERIV 17
-1037.7043822931980230
5.734526102501334981e-16
0
0
DERIV 18
1935.7976014855985340
-8.797733706547141698e-14
0
0
DERIV 19
-3634.826912437027204
-1.7527762325055935520e-13
0
0
DERIV 20
6865.096694614721855
2.439288637436403544e-13
0
0
DERIV 21
-13034.519342374629559
5.931214603245431983e-13
0
0
DERIV 22
24866.307772001251578
-8.802041936836348341e-13
0
0
DERIV 23
-47643.93394683039515
-7.614965415119373273e-14
0
0
DERIV 24
91647.48123886920803
4.498422510722030978e-12
0
0
DERIV 25
-176932.27342159789987
-1.3133626162905815954e-11
0
0
DERIV 26
342721.4829947242979
2.0964599019165083301e-11
0
0
DERIV 27
-665904.5783795467578
4.465075131465926866e-11
0
0
DERIV 28
1297538.0322937159799
4.633062371378965461e-11
0
0
DERIV 29
-2534995.756609719712
8.102329237829790442e-11
0
0
DERIV 30
4964827.722431104630
-8.325899065780778608e-11
0
0
DERIV 31
-9746072.083531899378
8.751302119706504424e-10
0
0
DERIV 32
19172958.302277680486
-1.1167200934801856528e-9
0
0
DERIV 33
-37794128.06224624068
-1.2159174388061625294e-9
0
0
DERIV 34
74641808.69194892049
3.844074143924549502e-9
0
0
DERIV 35
-147677458.77916330099
7.464321026715094524e-9
0
0
AT 31/64
0.6121890384597526991
-1.4090022412466105328e-17
0
0
DERIV 1
-0.9606393753430907401
5.197596726216602477e-17
0
0
DERIV 2
1.0648812863157566255
8.457917623272103595e-17
0
0
DERIV 3
-1.1541129116734687443
-8.670988734727759215e-17
0
0
DERIV 4
1.3566136508187360832
3.281335065207921390e-17
0
0
DERIV 5
-1.7537326108251531931
3.709845644480813014e-17
0
0
DERIV 6
2.453450919386824580
1.9641114794515111361e-16
0
0
DERIV 7
-3.644665955978235950
-7.321825913802936344e-18
0
0
DERIV 8
5.664904983890419743
-2.810853593644729917e-16
0
0
DERIV 9
-9.116434840855372812
-7.817952134910774872e-16
0
0
DERIV 10
15.077722724715847846
-7.868814447386780070e-16
0
0
DERIV 11
-25.492155551880333774
-1.3588017509704762019e-15
0
0
DERIV 12
43.88598862443804905
2.7944162029113539350e-15
0
0
DERIV 13
-76.70063725469100291
-5.995249969356780715e-15
0
0
DERIV 14
135.77651164068092271
-1.6765249245829591923e-15
0
0
DERIV 15
-243.00413452939142190
2.0981403439446750430e-15
0
0
DERIV 16
439.0694665381997766
1.2213667420578457498e-14
0
0
DERIV 17
-799.9603453818092476
-3.841206884959260266e-14
0
0
DERIV 18
1468.2325242971505759
8.630899591012962525e-14
0
0
DERIV 19
-2712.428946485783399
1.1053758613666657427e-13
0
0
DERIV 20
5040.350881798074625
-1.3488165748030057497e-13
0
0
DERIV 21
-9415.608655608231857
4.094606422354329771e-13
0
0
DERIV 22
17672.735665968913963
-1.0801621215179322484e-12
0
0
DERIV 23
-33314.94136874135438
-2.1582500760329301377e-12
0
0
DERIV 24
63050.83234036975773
-1.6915743387845469793e-12
0
0
DERIV 25
-119761.19126540122670
-5.350568811614617468e-12
0
0
DERIV 26
228238.58185005991254
1.3403803807633950585e-12
0
0
DERIV 27
-436313.1984755112208
3.4635786652809320504e-12
0
0
DERIV 28
836459.6763383157086
-3.2976013204536767783e-12
0
0
DERIV 29
-1607831.9958643196151
3.168890905164474967e-11
0
0
DERIV 30
3098176.037660310045
1.9851567642113827913e-11
0
0
DERIV 31
-5983702.176097010263
2.366652952095100633e-10
0
0
DERIV 32
11581582.128137240186
-6.195859556505119984e-10
0
0
DERIV 33
-22461640.964686512948
-1.2128364262140970523e-9
0
0
DERIV 34
43645318.77885336429
1.2745323006932315868e-9
0
0
DERIV 35
-84958741.48474594951
-5.478946594970384677e-9
0
0
AT 63/128
0.6047484932149524983
1.5087773374221592695e-17
0
0
DERIV 1
-0.9442093743380052251
-3.388441511210312672e-17
0
0
DERIV 2
1.0383203441617543383
-1.0362221324220254770e-16
0
0
DERIV 3
-1.1127661967418966960
6.230951065053769316e-17
0
0
DERIV 4
1.2902952896997901266
-6.343570257111690620e-17
0
0
DERIV 5
-1.6432515087412808974
2.5606983892243182204e-17
0
0
DERIV 6
2.263460793105375846
3.604548550674204122e-17
0
0
DERIV 7
-3.309808225380677538
4.834153119460651560e-17
0
0
DERIV 8
5.063390329937495160
1.6300887643502763632e-16
0
0
DERIV 9
-8.019656058137400123
-4.046838427462814862e-16
0
0
DERIV 10
13.053803191359165226
-3.324988089511972943e-16
0
0
DERIV 11
-21.720611556911691764
6.589066081436090612e-18
0
0
DERIV 12
36.80032634877404263
-1.3226447109917974158e-16
0
0
DERIV 13
-63.29691815124446208
-7.563920947678464870e-16
0
0
DERIV 14
110.27178045443893950
2.654123565276924270e-16
0
0
DERIV 15
-194.22646113501488684
1.1870199997281639640e-15
0
0
DERIV 16
345.3680360231269901
-4.326365249604464549e-15
0
0
DERIV 17
-619.2570050391116183
-4.104828349238987054e-15
0
0
DERIV 18
1118.5371672797941756
-8.465526501829860967e-14
0
0
DERIV 19
-2033.6055232675273600
-1.0427987908404717326e-13
0
0
DERIV 20
3718.960843663225205
2.0475060635563603067e-13
0
0
DERIV 21
-6836.935988372975771
-3.636754300619990637e-13
0
0
DERIV 22
12629.001198571739224
-7.035778773836675517e-13
0
0
DERIV 23
-23429.134537372367050
-6.654897165119389209e-14
0
0
DERIV 24
43637.50123044205248
-2.7122455591553074541e-12
0
0
DERIV 25
-81571.21304794507160
1.2825056927747175991e-12
0
0
DERIV 26
152989.47674848791212
9.095125250501903070e-13
0
0
DERIV 27
-287820.9947426128201
1.1125883414574254943e-11
0
0
DERIV 28
543026.0868880763883
3.785896784779932088e-11
0
0
DERIV 29
-1027230.4117381349206
-3.784725771080113129e-11
0
0
DERIV 30
1947981.2366475542076
-7.902993801278994464e-11
0
0
DERIV 31
-3702542.825100976508
-2.1059046429116664786e-10
0
0
DERIV 32
7052602.784170727246
-4.143513448520682505e-11
0
0
DERIV 33
-13460909.356625642627
7.656671698147533272e-10
0
0
DERIV 34
25740794.729634944350
-1.5462714379241768946e-9
0
0
DERIV 35
-49310986.88797703386
-1.5685449097964550951e-10
0
0
AT 1/2
0.5974347056735177519
1.5921133608341483982e-17
0
0
DERIV 1
-0.9281869417114738674
-4.571335865688192838e-17
0
0
DERIV 2
1.0127046955290814889
-5.422691401814261910e-17
0
0
DERIV 3
-1.0734262674683994199
-4.847768136847634389e-17
0
0
DERIV 4
1.2281240910869783978
5.609657447795666734e-17
0
0
DERIV 5
-1.5412625556729795395
-3.409481444900098184e-17
0
0
DERIV 6
2.090797616479586285
-2.0457487693741829730e-16
0
0
DERIV 7
-3.010246577658208356
7.971026570622571049e-17
0
0
DERIV 8
4.533718230245324499
-4.231491456061195402e-16
0
0
DERIV 9
-7.069044212258437377
3.601601009742667119e-17
0
0
DERIV 10
11.327194331711600839
6.282250060493311320e-17
0
0
DERIV 11
-18.553726959892703264
1.4886588942535906752e-15
0
0
DERIV 12
30.944299612585588478
6.543316700032533804e-16
0
0
DERIV 13
-52.39367998384346947
-2.1136650976625357017e-15
0
0
DERIV 14
89.85171830006846961
-4.206982936042349369e-15
0
0
DERIV 15
-155.78831801991734096
7.405664736412758823e-15
0
0
DERIV 16
272.6919299634075173
1.0998043784877316391e-14
0
0
DERIV 17
-481.3091427965035223
-2.6217039005467554608e-14
0
0
DERIV 18
855.7879763424931525
1.6485223921508976693e-14
0
0
DERIV 19
-1531.5976734756025053
6.970945179651889372e-14
0
0
DERIV 20
2757.157279591052884
2.1563207329828735218e-13
0
0
DERIV 21
-4989.570710426087317
7.048960364233838563e-15
0
0
DERIV 22
9072.609775525126679
-1.4110097059918182655e-13
0
0
DERIV 23
-16568.412263637110300
1.3639364973019199498e-12
0
0
DERIV 24
30377.065951948148722
-1.6785323225553148010e-12
0
0
DERIV 25
-55896.43109354851186
9.663860681970043528e-13
0
0
DERIV 26
103197.65956046484644
3.691177428234005743e-12
0
0
DERIV 27
-191113.70051161909942
-1.2932839708132466866e-11
0
0
DERIV 28
354936.8187423950876
2.1832481756575895317e-11
0
0
DERIV 29
-660935.6631535203196
-1.4603650385751921090e-11
0
0
DERIV 30
1233777.9527799228672
8.493468906022961512e-11
0
0
DERIV 31
-2308411.392085646279
-5.917683773722864923e-11
0
0
DERIV 32
4328360.195599182509
2.787593281393513974e-10
0
0
DERIV 33
-8132221.425401492045
-4.368268264659280870e-10
0
0
DERIV 34
15307968.094360038638
-4.687791398322572877e-10
0
0
DERIV 35
-28866895.002911433578
1.3583675734187367119e-9
0
0
AT 33/64
0.5831750040665795165
-2.4820860227855361614e-17
0
0
DERIV 1
-0.8973078291166357578
-1.2312670493290316345e-17
0
0
DERIV 2
0.9641298668761746349
-4.914919139836281959e-17
0
0
DERIV 3
-1.0002778963670329038
-3.516734422371913711e-17
0
0
DERIV 4
1.1149858920919326621
9.177096103730370236e-18
0
0
DERIV 5
-1.3597657163333147778
1.9413016291920798827e-17
0
0
DERIV 6
1.7904131410003918390
2.4483160429603184558e-17
0
0
DERIV 7
-2.500820252206569894
1.3207045951497568041e-17
0
0
DERIV 8
3.653253881608786280
9.463185123213020102e-17
0
0
DERIV 9
-5.524411151025089062
-8.696769747480402335e-17
0
0
DERIV 10
8.584680036349803700
-3.615624038631430786e-16
0
0
DERIV 11
-13.636284958102837805
-5.700015145271148813e-16
0
0
DERIV 12
22.054673684062695572
3.205427939068771868e-16
0
0
DERIV 13
-36.21168953798882484
3.4312921995371723367e-15
0
0
DERIV 14
60.22027340218117786
3.874123764411898418e-16
0
0
DERIV 15
-101.25005747456368965
4.566644917433507398e-16
0
0
DERIV 16
171.86008216698022011
-4.305987715821868424e-15
0
0
DERIV 17
-294.1493696246859599
-2.4258795400770024204e-14
0
0
DERIV 18
507.1659959285333912
-6.118548029111747705e-15
0
0
DERIV 19
-880.1730346968765844
-5.539816710344785028e-15
0
0
DERIV 20
1536.4688287317303548
4.659168766994418100e-14
0
0
DERIV 21
-2696.272627127807482
-5.262256227548873807e-14
0
0
DERIV 22
4754.128382829432667
-2.557936188251010550e-13
0
0
DERIV 23
-8418.938385844872755
-2.2531756896979432194e-13
0
0
DERIV 24
14967.862763042181541
2.1851540132134560796e-13
0
0
DERIV 25
-26707.631992460141192
-8.882971326977705663e-13
0
0
DERIV 26
47814.35755315589631
-6.550199150670984046e-13
0
0
DERIV 27
-85865.22963259225071
1.9265165056512201477e-12
0
0
DERIV 28
154637.02584014096647
-6.677855006571058085e-12
0
0
DERIV 29
-279227.6658352822997
-1.0725285582074169468e-11
0
0
DERIV 30
505443.9521035174257
1.8172173979704986337e-11
0
0
DERIV 31
-917034.9230681669433
4.061215695877675662e-11
0
0
DERIV 32
1667372.6170696336776
-1.0649131793560344356e-10
0
0
DERIV 33
-3037770.882314617280
2.2291426159450228651e-10
0
0
DERIV 34
5544978.540756315924
-4.219612960840638658e-11
0
0
DERIV 35
-10139554.021882506087
-7.466744921984019584e-10
0
0
AT 17/32
0.5693862019650117734
-1.6982428821737865256e-17
0
0
DERIV 1
-0.8678947783399166838
-1.7858475757355291368e-17
0
0
DERIV 2
0.9188248029419944229
2.7143497928340742680e-17
0
0
DERIV 3
-0.9337794540592979642
-4.773682270978606908e-17
0
0
DERIV 4
1.0149916082659928840
2.1607209148595800023e-17
0
0
DERIV 5
-1.2039952157948152767
1.0799096845806188504e-16
0
0
DERIV 6
1.5401909987718245265
-6.348863657244696525e-17
0
0
DERIV 7
-2.089040968356801198
-1.9391748300325072139e-16
0
0
DERIV 8
2.962724450742316940
4.118166534368198321e-17
0
0
DERIV 9
-4.349088204252219647
-3.542187499158340076e-16
0
0
DERIV 10
6.560138268198672407
3.347306949629179573e-16
0
0
DERIV 11
-10.114581002766316331
-1.1227685085163828091e-16
0
0
DERIV 12
15.878413232729343463
6.052296317936200664e-16
0
0
DERIV 13
-25.304896520454576602
-1.6856875550060111502e-15
0
0
DERIV 14
40.84550351070588192
3.1792619767231470895e-15
0
0
DERIV 15
-66.65612971879893678
1.0929427678230045320e-16
0
0
DERIV 16
109.81491942090184466
-5.464404106175955994e-15
0
0
DERIV 17
-182.42925071384914304
-7.075358203119971885e-15
0
0
DERIV 18
305.2923534664010390
-1.2414632359742574876e-15
0
0
DERIV 19
-514.2477031331463877
2.6332156685140400391e-14
0
0
DERIV 20
871.2965170936571440
1.4314174420891728793e-14
0
0
DERIV 21
-1484.0327732562318488
9.651290769433672405e-14
0
0
DERIV 22
2539.730846092918455
-9.232818626153630133e-14
0
0
DERIV 23
-4365.268101429821400
-1.8266072600885289040e-14
0
0
DERIV 24
7532.687370481792641
-1.1420877003869720629e-13
0
0
DERIV 25
-13045.534979345817192
-2.0047789111790805045e-13
0
0
DERIV 26
22668.408354604238412
5.133994806286047147e-13
0
0
DERIV 27
-39510.82432172252447
3.386238033495859474e-13
0
0
DERIV 28
69063.43523570477555
9.243528038026985108e-13
0
0
DERIV 29
-121040.01432524465781
6.802935425803083196e-12
0
0
DERIV 30
212656.79801776533714
1.2454523553987204581e-11
0
0
DERIV 31
-374479.2961841656943
2.4912218398226404135e-11
0
0
DERIV 32
660861.1286253556609
-2.1142587793120844752e-11
0
0
DERIV 33
-1168605.9882170646451
-5.297788963112235139e-11
0
0
DERIV 34
2070372.3661750769242
7.113163357535974071e-11
0
0
DERIV 35
-3674539.352704775054
-1.0645008040964077646e-10
0
0
AT 35/64
0.5560461658280305697
1.4097017835003065879e-17
0
0
DERIV 1
-0.8398502866232983033
3.675039882647304049e-17
0
0
DERIV 2
0.8764961037277221312
2.962530588422752155e-17
0
0
DERIV 3
-0.8731686214435064874
5.265184730150396215e-17
0
0
DERIV 4
0.9263027832814227924
-3.047707683802480795e-17
0
0
DERIV 5
-1.0697110066464508016
9.676505834068919742e-17
0
0
DERIV 6
1.3306395089463325387
-5.485569969778164025e-17
0
0
DERIV 7
-1.7541096655979337982
-7.379642830799732816e-17
0
0
DERIV 8
2.417279225817535959
2.5232132307929287219e-17
0
0
DERIV 9
-3.447563666352351231
1.3429339146535194192e-16
0
0
DERIV 10
5.052202898159110944
4.185986507704314722e-16
0
0
DERIV 11
-7.567550071615381846
9.540964424362317503e-17
0
0
DERIV 12
11.541056562576104128
-7.471049670363323541e-16
0
0
DERIV 13
-17.867698738229044864
-1.1102453095885833032e-15
0
0
DERIV 14
28.017554903701103796
-8.545608423421424961e-16
0
0
DERIV 15
-44.41661422269017123
3.2241784487475209512e-15
0
0
DERIV 16
71.08603059166560456
1.9885527119173428425e-15
0
0
DERIV 17
-114.71854128394558359
-1.0788134241620078970e-15
0
0
DERIV 18
186.49633049343663060
-5.095594740450054977e-15
0
0
DERIV 19
-305.1695382104015266
2.2582631479386508817e-14
0
0
DERIV 20
502.2832051611160296
-2.6222692780076392123e-14
0
0
DERIV 21
-831.0737378129310855
3.390979066876210588e-14
0
0
DERIV 22
1381.6459590263532391
8.411794146820061976e-14
0
0
DERIV 23
-2306.920906392880170
-2.0219904232925074590e-13
0
0
DERIV 24
3867.089128920183612
1.1319213663552084967e-13
0
0
DERIV 25
-6505.914947933907570
4.522356545073021219e-13
0
0
DERIV 26
10981.953300168328497
-4.962882984592167989e-13
0
0
DERIV 27
-18594.589205671247328
1.2491516461468587412e-12
0
0
DERIV 28
31574.063981562412664
-7.805887327627970016e-13
0
0
DERIV 29
-53755.50929899151379
2.2891208991135995954e-12
0
0
DERIV 30
91745.52745768011664
3.3070821548320107979e-12
0
0
DERIV 31
-156944.09616680425825
-3.918679824717309329e-12
0
0
DERIV 32
269053.6278999961214
1.3151408330581991116e-12
0
0
DERIV 33
-462176.8276070714346
1.2945583086122884454e-11
0
0
DERIV 34
795426.1903076389572
8.433005387161053448e-12
0
0
DERIV 35
-1371404.7413100020494
9.862981399461835855e-11
0
0
AT 9/16
0.5431342167668382626
4.554262597510127518e-17
0
0
DERIV 1
-0.8130854884595228871
-1.7473880988699716222e-20
0
0
DERIV 2
0.8368835635391773664
5.205939144978066413e-17
0
0
DERIV 3
-0.8177883142554167595
3.262438427323086656e-17
0
0
DERIV 4
0.8473800554062256296
3.679413008765424072e-17
0
0
DERIV 5
-0.9534651591615549426
1.4412659301430546906e-17
0
0
DERIV 6
1.1542635460953367676
-6.081246483979722364e-17
0
0
DERIV 7
-1.4800786626464588203
-7.800962784583746150e-17
0
0
DERIV 8
1.9835277952657712763
-1.0056169501802787932e-16
0
0
DERIV 9
-2.750798669616835834
-5.397956980506600046e-17
0
0
DERIV 10
3.919556027221210659
1.7913221723324819751e-16
0
0
DERIV 11
-5.708296184313737421
3.676107885711637810e-16
0
0
DERIV 12
8.464144646578240838
8.180085006730944114e-16
0
0
DERIV 13
-12.740509856395803467
-9.835632706276574737e-18
0
0
DERIV 14
19.423403372846212988
-8.734277708935663957e-16
0
0
DERIV 15
-29.937452613396690282
-1.1941490170717901956e-15
0
0
DERIV 16
46.58285275296246653
1.4891459790537446631e-15
0
0
DERIV 17
-73.08806828645340659
-3.991539130879402742e-15
0
0
DERIV 18
115.51893539864634874
-2.9873958510584986375e-15
0
0
DERIV 19
-183.77790548462002107
-4.328594122131677731e-15
0
0
DERIV 20
294.0826412735266331
1.6213358608998623807e-14
0
0
DERIV 21
-473.0732849603251680
-2.2936743299980518926e-14
0
0
DERIV 22
764.6336025931121867
4.871871899852643617e-14
0
0
DERIV 23
-1241.2428011194215287
7.419968408851782542e-14
0
0
DERIV 24
2022.9045540376694134
7.593952668489152395e-14
0
0
DERIV 25
-3308.769788762310782
-7.966380777845073148e-14
0
0
DERIV 26
5430.058967952081730
-2.2023232222924460487e-13
0
0
DERIV 27
-8938.778503407853350
2.449261912285311189e-13
0
0
DERIV 28
14756.677319565655125
-5.786146418617489635e-13
0
0
DERIV 29
-24425.725846046749212
-1.7681786075212952644e-12
0
0
DERIV 30
40529.91646726697945
-2.9172018232049227239e-12
0
0
DERIV 31
-67406.53768870992644
5.176677922086713629e-12
0
0
DERIV 32
112347.14772799874481
-5.457284517989865779e-12
0
0
DERIV 33
-187627.92151430170634
-7.934192425365881541e-12
0
0
DERIV 34
313946.2040446950123
2.3802008247601475586e-11
0
0
DERIV 35
-526243.8093089702307
-5.200532992638281946e-12
0
0
AT 37/64
0.5306310033073373678
4.283214305688071013e-18
0
0
DERIV 1
-0.7875191910079365476
5.286453798013554342e-17
0
0
DERIV 2
0.7997556477084102333
4.714343364979618066e-17
0
0
DERIV 3
-0.7670697807658365397
5.536567783930485467e-17
0
0
DERIV 4
0.7769279820688944627
9.509116935207954849e-18
0
0
DERIV 5
-0.8524372944114456674
8.155910513788992941e-19
0
0
DERIV 6
1.0051044773253667852
8.028000738949569243e-17
0
0
DERIV 7
-1.2546267392571865962
-7.065282555497217237e-17
0
0
DERIV 8
1.6364005811152326775
-8.352872508113676617e-17
0
0
DERIV 9
-2.208422948955201637
-1.1545981364861078012e-16
0
0
DERIV 10
3.062008101085190504
8.542922191761050112e-17
0
0
DERIV 11
-4.339174426280071550
-2.459689221197977168e-16
0
0
DERIV 12
6.260453680335448468
3.507788494547082931e-16
0
0
DERIV 13
-9.169082351211987003
-2.1074821131582363813e-16
0
0
DERIV 14
13.601188405362954370
-4.238591230262491803e-17
0
0
DERIV 15
-20.397462539993693298
2.619581014921345119e-16
0
0
DERIV 16
30.881275692295435676
-1.1836183066604167207e-15
0
0
DERIV 17
-47.14352723649148658
1.6461035162733871855e-15
0
0
DERIV 18
72.49935539950217845
4.846664753564592329e-15
0
0
DERIV 19
-112.22221384418820378
6.167584855448470422e-15
0
0
DERIV 20
174.72653339131861117
-1.4059207044036945662e-15
0
0
DERIV 21
-273.4773300377688656
-1.4270764604167709884e-14
0
0
DERIV 22
430.0800780147320666
2.0498864989898790970e-14
0
0
DERIV 23
-679.2902866447053612
-1.2543743610330419836e-14
0
0
DERIV 24
1077.1507923781555291
4.648211130410570196e-14
0
0
DERIV 25
-1714.2331838858244737
9.109539463474115707e-14
0
0
DERIV 26
2737.221502816816155
-1.9957990379416712934e-14
0
0
DERIV 27
-4384.150671026277451
1.1985590017434647657e-13
0
0
DERIV 28
7042.026335253000980
1.9609703158320810154e-13
0
0
DERIV 29
-11341.178893036081718
-1.6789177265275022724e-13
0
0
DERIV 30
18309.985291858902201
5.852783987971170142e-13
0
0
DERIV 31
-29628.917846497428400
-1.0677340259623974164e-12
0
0
DERIV 32
48048.21216361896950
-9.247413348904335048e-13
0
0
DERIV 33
-78075.36077917065996
4.520885482693038138e-12
0
0
DERIV 34
127108.05267068592366
3.1718706824218246104e-12
0
0
DERIV 35
-207303.23449919492122
-7.398691835396477785e-12
0
0
AT 19/32
0.5185183881814908746
-1.8938437015689759055e-17
0
0
DERIV 1
-0.7630770392784824718
-1.9510888498118110830e-17
0
0
DERIV 2
0.7649056866764650797
-2.524511682606798655e-19
0
0
DERIV 3
-0.7205187788676243876
2.9827931936202007096e-18
0
0
DERIV 4
0.7138511877170847786
-3.483312999358081766e-17
0
0
DERIV 5
-0.7643074843836625831
-3.958000496827915686e-17
0
0
DERIV 6
0.8783948955568878780
-3.822803115001034957e-17
0
0
DERIV 7
-1.0681659084428458684
-9.993345554935576200e-18
0
0
DERIV 8
1.3569244305582179866
-8.683642637883643902e-18
0
0
DERIV 9
-1.7833622943022062746
1.5526075696597571108e-17
0
0
DERIV 10
2.407843306046681953
-8.839492760323836756e-17
0
0
DERIV 11
-3.322601895602643296
2.796669740781042176e-17
0
0
DERIV 12
4.667851750879122186
-7.277038524345924973e-18
0
0
DERIV 13
-6.656887674041054304
4.286449508931216393e-16
0
0
DERIV 14
9.615067614880322466
-1.3706302418876969916e-17
0
0
DERIV 15
-14.040384456716314077
-5.050492724596311530e-16
0
0
DERIV 16
20.697766455184986256
-3.023717870505087269e-16
0
0
DERIV 17
-30.766228843713399498
8.565236476538490490e-17
0
0
DERIV 18
46.06904323933751044
1.3826642979303004352e-15
0
0
DERIV 19
-69.43459409090770862
-4.229960346841190058e-15
0
0
DERIV 20
105.26337794553778338
-3.850395709592819576e-15
0
0
DERIV 21
-160.42078392893000682
9.578266593795389635e-15
0
0
DERIV 22
245.64565125380610766
6.220284652381602751e-15
0
0
DERIV 23
-377.7767953829741146
6.145563992210929698e-16
0
0
DERIV 24
583.2788472049269331
6.317070081179972523e-15
0
0
DERIV 25
-903.8351835748295571
-4.284988862256552678e-14
0
0
DERIV 26
1405.2342452975235574
2.5572834732638179033e-14
0
0
DERIV 27
-2191.510383568551333
1.9067173428701462075e-13
0
0
DERIV 28
3427.479398604232301
8.409669173941294421e-14
0
0
DERIV 29
-5374.702653399796873
-4.365045490371177515e-13
0
0
DERIV 30
8448.958433909941960
3.946748347227940938e-13
0
0
DERIV 31
-13312.199597765629733
-1.6768837199307123211e-13
0
0
DERIV 32
21019.870864910462842
-2.604937373282254450e-13
0
0
DERIV 33
-33257.18818514145096
8.788924836926931494e-13
0
0
DERIV 34
52718.52554421124660
2.6919381392232818425e-12
0
0
DERIV 35
-83717.23604376483127
-4.872038166790546314e-12
0
0
AT 39/64
0.5067793472837340829
-1.6310350457447763659e-17
0
0
DERIV 1
-0.7396907907594996168
5.466786513122374394e-17
0
0
DERIV 2
0.7321486583450443897
3.979411250791912891e-17
0
0
DERIV 3
-0.6777042082071951246
4.978214693415269833e-17
0
0
DERIV 4
0.6572192875217326424
8.611676922843590861e-18
0
0
DERIV 5
-0.6871573789394178622
3.527121314208113883e-17
0
0
DERIV 6
0.7702974185513548067
-5.380293819084105652e-17
0
0
DERIV 7
-0.9131842841142597811
2.4459660268294349110e-17
0
0
DERIV 8
1.1306312788994983265
5.847756185571784661e-17
0
0
DERIV 9
-1.4481011189766579417
-1.9793199104063423768e-17
0
0
DERIV 10
1.9052595170342643272
7.243320117722352977e-17
0
0
DERIV 11
-2.561858952777917864
1.6718938780848072693e-16
0
0
DERIV 12
3.506997420722502312
-1.8790788435862478028e-17
0
0
DERIV 13
-4.873320924198808690
-9.237463170206761525e-17
0
0
DERIV 14
6.858630966849423416
-3.850223908504314558e-16
0
0
DERIV 15
-9.758713545543905354
8.429854157771913397e-16
0
0
DERIV 16
14.017272022343089333
7.191332052281409672e-16
0
0
DERIV 17
-20.302019725437435938
8.313056223665156553e-16
0
0
DERIV 18
29.620883952470187240
5.908607957138020281e-16
0
0
DERIV 19
-43.49984503958991411
2.427324637133004671e-16
0
0
DERIV 20
64.25566654147041845
-7.867772498717437787e-16
0
0
DERIV 21
-95.41497933496744110
7.779631841496654741e-16
0
0
DERIV 22
142.35947627551215078
1.3248608470814948550e-14
0
0
DERIV 23
-213.32100172802685734
-7.582270451163983950e-15
0
0
DERIV 24
320.9189177656248262
-1.6871126914004301187e-14
0
0
DERIV 25
-484.5391362503067967
1.3667476073667946133e-14
0
0
DERIV 26
734.0213232355422406
3.204410854451243922e-14
0
0
DERIV 27
-1115.3820641192753556
7.831220394849701689e-14
0
0
DERIV 28
1699.7107176838555915
9.854236249660407654e-14
0
0
DERIV 29
-2597.015383643024961
1.7681801662902021889e-13
0
0
DERIV 30
3977.801189112781685
9.561083400148953077e-14
0
0
DERIV 31
-6106.740346877399134
1.9003412038878396495e-13
0
0
DERIV 32
9395.271558238031503
8.420939649255627177e-13
0
0
DERIV 33
-14483.863276001413396
-5.472169985742461463e-14
0
0
DERIV 34
22370.808597437429854
-4.394394445726346286e-13
0
0
DERIV 35
-34614.08028507271956
-6.604167168300420573e-13
0
0
AT 5/8
0.4953978792171307988
6.899824286331835024e-18
0
0
DERIV 1
-0.7172976827781051279
-5.548174569567442200e-17
0
0
DERIV 2
0.7013184554661244796
-2.2452698212505953114e-17
0
0
DERIV 3
-0.6382487118310694596
-1.3909594398543602804e-17
0
0
DERIV 4
0.6062386605019363106
-4.068665303508354488e-17
0
0
DERIV 5
-0.6193927650400521401
1.6571906293010513895e-17
0
0
DERIV 6
0.6777055816915508180
-3.358904855641901221e-17
0
0
DERIV 7
-0.7837585872360874895
-5.488567606709499891e-17
0
0
DERIV 8
0.9464092833979722563
-4.003054255324387230e-17
0
0
DERIV 9
-1.1820566674774228844
-5.658327019342978093e-18
0
0
DERIV 10
1.5165159058699284600
-1.0501600490584753603e-16
0
0
DERIV 11
-1.9883162865801016217
-5.420576367448280977e-17
0
0
DERIV 12
2.653953974027959628
-4.687394318289910845e-18
0
0
DERIV 13
-3.595873381911736555
2.1005685333452160937e-16
0
0
DERIV 14
4.934396779129619937
-4.194359404353851616e-16
0
0
DERIV 15
-6.845474395527464395
2.505572658927345320e-16
0
0
DERIV 16
9.587088795054556911
-6.931403890327189597e-16
0
0
DERIV 17
-13.538583708139082518
-4.721596172831617941e-16
0
0
DERIV 18
19.259348773402727772
-9.424622462902487922e-16
0
0
DERIV 19
-27.576554935488434950
1.7658459538298599668e-15
0
0
DERIV 20
39.71657294743463496
1.9683102867806008385e-15
0
0
DERIV 21
-57.50219055198493834
-8.174387837843264426e-16
0
0
DERIV 22
83.64910021585185973
-4.184666178140760666e-15
0
0
DERIV 23
-122.21238523472081283
3.982501602976021975e-15
0
0
DERIV 24
179.25998376996258798
-3.796221293512637225e-15
0
0
DERIV 25
-263.8900930021886211
2.1366764014790391167e-14
0
0
DERIV 26
389.7704373335369610
-9.432676127120118093e-15
0
0
DERIV 27
-577.4703705196594683
-5.423189313533773383e-14
0
0
DERIV 28
857.9989404078819462
2.2296439792034070659e-14
0
0
DERIV 29
-1278.1794499164643639
-6.329680987128807809e-14
0
0
DERIV 30
1908.8238367186716004
-3.814535301266319040e-14
0
0
DERIV 31
-2857.180060707031316
-1.5759157985239014603e-13
0
0
DERIV 32
4285.907529711075768
9.547139467698111509e-14
0
0
DERIV 33
-6442.035483936873789
-2.2317347464948543033e-13
0
0
DERIV 34
9701.202202910706546
2.568507618782995506e-13
0
0
DERIV 35
-14635.305712453526212
-7.450023788052145039e-13
0
0
AT 41/64
0.4843589240916211791
6.488834006652905495e-18
0
0
DERIV 1
-0.6958398787797877016
-3.117322836736807859e-17
0
0
DERIV 2
0.6722655550166285465
-3.412879407958897137e-17
0
0
DERIV 3
-0.6018208671782763197
5.409706303267152143e-17
0
0
DERIV 4
0.5602296041430172568
2.1405898904613469204e-17
0
0
DERIV 5
-0.5596825199136749029
1.0434309024043323150e-18
0
0
DERIV 6
0.5980909701131778000
1.7003349398195403982e-17
0
0
DERIV 7
-0.6751896286198388886
-4.929524151163796014e-17
0
0
DERIV 8
0.7956662088363612995
-3.513914259756032302e-17
0
0
DERIV 9
-0.9697168743448082440
-2.935192196059258313e-17
0
0
DERIV 10
1.2138911628831419165
7.441686008992312496e-17
0
0
DERIV 11
-1.5528446208079116353
-4.370649264082616907e-17
0
0
DERIV 12
2.022253973850574926
4.898033578695967448e-17
0
0
DERIV 13
-2.673253103514060758
-2.1033478974878818980e-16
0
0
DERIV 14
3.578976502471142851
1.5325442588445481575e-16
0
0
DERIV 15
-4.844114950583786161
-4.186027056525181249e-16
0
0
DERIV 16
6.618835986491689028
1.6137650574602610021e-17
0
0
DERIV 17
-9.119069346484943495
-6.824251099714324086e-16
0
0
DERIV 18
12.656106496350595592
4.969066145970922908e-16
0
0
DERIV 19
-17.679862042937912747
-7.448120987238808986e-16
0
0
DERIV 20
24.842212266442736280
7.111690679160204391e-17
0
0
DERIV 21
-35.08988760226601045
2.4723311549673098725e-15
0
0
DERIV 22
49.80093600812929111
3.4202169067047331042e-15
0
0
DERIV 23
-70.98551504323452832
6.313956450951977223e-15
0
0
DERIV 24
101.58179031928933966
-1.1893356674489456183e-15
0
0
DERIV 25
-145.89262770061094443
-7.833785842286386916e-15
0
0
DERIV 26
210.23097535148309590
-7.932280264784444880e-16
0
0
DERIV 27
-303.8749452222962759
-3.618017625832477027e-15
0
0
DERIV 28
440.4830229570269467
-1.9490335055468263491e-15
0
0
DERIV 29
-640.1936571339242619
1.1888334998319352682e-14
0
0
DERIV 30
932.7438496367396965
2.6519477381567078144e-14
0
0
DERIV 31
-1362.1065237005659583
-4.099211268108329113e-14
0
0
DERIV 32
1993.3937791009734610
1.0159399482318576062e-14
0
0
DERIV 33
-2923.143837236841137
2.0161540217754190423e-13
0
0
DERIV 34
4294.665482411839548
3.719723396548327241e-13
0
0
DERIV 35
-6320.948368777565520
-1.4939431410298393667e-13
0
0
AT 21/32
0.4736482904336324906
2.7105074865871367536e-17
0
0
DERIV 1
-0.6752639820517700731
-2.5100738366157022146e-17
0
0
DERIV 2
0.6448550223542973692
-1.5917519541998832065e-17
0
0
DERIV 3
-0.5681286668129167383
-2.1542896706770826862e-17
0
0
DERIV 4
0.5186077438640344095
-4.031576722017899344e-17
0
0
DERIV 5
-0.5069101923508274599
-1.9428545164584145058e-17
0
0
DERIV 6
0.5293850504341844898
4.178361294137951644e-17
0
0
DERIV 7
-0.5837276956216289614
-5.249656878916325639e-17
0
0
DERIV 8
0.6717151912986493167
-3.574492604948264804e-17
0
0
DERIV 9
-0.7993080123656504110
-4.163755307296513250e-17
0
0
DERIV 10
0.9768653344208633182
1.8720899321491414968e-18
0
0
DERIV 11
-1.2199778374426113459
-4.477453592089772097e-17
0
0
DERIV 12
1.5510236504607259889
-6.608501673290805886e-17
0
0
DERIV 13
-2.001589584759964957
-2.0355877348996794973e-16
0
0
DERIV 14
2.616023483932000904
-2.0356155742560305957e-16
0
0
DERIV 15
-3.456543441986553500
-1.9749396909461196929e-16
0
0
DERIV 16
4.610540090072556829
-3.547802982332830429e-18
0
0
DERIV 17
-6.200999578423554759
-2.639362820973677449e-16
0
0
DERIV 18
8.401389122995109205
-4.067126183768791239e-16
0
0
DERIV 19
-11.456942302947092927
-5.795262161859898173e-16
0
0
DERIV 20
15.715140922550633107
8.346326959027524259e-17
0
0
DERIV 21
-21.669434584377430752
-7.981512151745054401e-16
0
0
DERIV 22
30.022043190002278834
1.5377770057264949027e-16
0
0
DERIV 23
-41.77430644492802969
-3.0057595954436390331e-15
0
0
DERIV 24
58.35685026841176893
2.8127643254304762538e-15
0
0
DERIV 25
-81.81737640791010336
1.6539909275979653940e-15
0
0
DERIV 26
115.09194323680540606
-2.3439510573399211526e-15
0
0
DERIV 27
-162.39735536984395026
-1.1342233790783171065e-15
0
0
DERIV 28
229.79941973085317386
-1.4103132305852504274e-14
0
0
DERIV 29
-326.0368503788949397
-7.200335414902266993e-17
0
0
DERIV 30
463.7171710016605175
-2.5616333531224272311e-14
0
0
DERIV 31
-661.0544385168059307
-2.5355024487656691786e-14
0
0
DERIV 32
944.3968719057677390
1.0792569322546885840e-15
0
0
DERIV 33
-1351.9070911505921231
-1.0631243726324013263e-13
0
0
DERIV 34
1938.9256656072425358
-1.0186316950740336003e-13
0
0
DERIV 35
-2785.795064246986385
3.107393269857853176e-14
0
0
AT 43/64
0.4632525892303003823
1.0661896167496477790e-17
0
0
DERIV 1
-0.6555206073115208421
4.274373491292781812e-17
0
0
DERIV 2
0.6189647954785023609
1.8270890060474091483e-17
0
0
DERIV 3
-0.5369140513283983118
3.728402968341723246e-17
0
0
DERIV 4
0.4808688267016322793
2.4184624073972026901e-17
0
0
DERIV 5
-0.4601353761789958030
1.5536305264609146640e-17
0
0
DERIV 6
0.4698872334508708004
1.5674989788749427158e-17
0
0
DERIV 7
-0.5063641916883907523
-3.053156883302659454e-17
0
0
DERIV 8
0.5693202527478735675
4.869790391702747585e-17
0
0
DERIV 9
-0.6618333364165912558
4.373647213009694338e-17
0
0
DERIV 10
0.7901369098900946630
5.471104963345605288e-17
0
0
DERIV 11
-0.9639081607012975894
9.173486093697780287e-18
0
0
DERIV 12
1.1970375119878906567
-6.156290111538646922e-18
0
0
DERIV 13
-1.5089098422301272517
-6.565845450834121867e-17
0
0
DERIV 14
1.9263017572033058755
-1.7558281373119410734e-17
0
0
DERIV 15
-2.486085169812486839
-5.270230732120058571e-17
0
0
DERIV 16
3.239029111376820147
1.0410283862961579492e-16
0
0
DERIV 17
-4.255123540162684570
-1.5978762057729305850e-16
0
0
DERIV 18
5.631028976174989431
3.600678976780485543e-16
0
0
DERIV 19
-7.500507238767062823
2.2928493068232959732e-17
0
0
DERIV 20
10.049042906879991577
5.825409716886570698e-16
0
0
DERIV 21
-13.534366492160801343
5.744707491770970918e-16
0
0
DERIV 22
18.315301246129589430
5.158079929746630897e-16
0
0
DERIV 23
-24.892365040661200482
-5.758270903881144006e-16
0
0
DERIV 24
33.96499388615679038
2.4331190721308002303e-15
0
0
DERIV 25
-46.51229583888252251
-1.3396808023916179681e-15
0
0
DERIV 26
63.90715275467999135
6.138111435374275254e-16
0
0
DERIV 27
-88.07763384891620717
-5.256401664324845974e-15
0
0
DERIV 28
121.73560099588998185
-6.415492709090829081e-15
0
0
DERIV 29
-168.70083302290723282
-1.3847168661569669895e-14
0
0
DERIV 30
234.36106739231018992
9.347246173382729910e-15
0
0
DERIV 31
-326.3256201090260333
-1.5309882284619227671e-14
0
0
DERIV 32
455.3549488726117716
9.978270444644337571e-15
0
0
DERIV 33
-636.6839032424170455
-1.9058994879401943253e-14
0
0
DERIV 34
891.9071056505399611
6.707196448548858273e-16
0
0
DERIV 35
-1251.6676112528866724
8.395839917171185247e-14
0
0
AT 11/16
0.4531591742687212654
3.480860082734929763e-18
0
0
DERIV 1
-0.6365640021289058481
1.8708157900405227616e-18
0
0
DERIV 2
0.5944842046814798886
-3.321676765579235896e-17
0
0
DERIV 3
-0.5079483049455520982
3.796759510322813079e-17
0
0
DERIV 4
0.4465762220366324975
1.2532184360986380559e-17
0
0
DERIV 5
-0.4185627249134964978
1.1195635262854712715e-17
0
0
DERIV 6
0.4181929042784341966
2.2202753041741659649e-17
0
0
DERIV 7
-0.4406724715902226586
-1.0408953438199078431e-17
0
0
DERIV 8
0.4843575250673727295
2.1831842641020790297e-17
0
0
DERIV 9
-0.5503738402163549370
-3.679699448304762368e-18
0
0
DERIV 10
0.6422155089046482912
-2.6179208779398360788e-17
0
0
DERIV 11
-0.7657128040593569329
-4.070111360188661076e-17
0
0
DERIV 12
0.9293496772955651686
-1.0603133714226768338e-17
0
0
DERIV 13
-1.1449037189667046199
-1.1065583315752661443e-16
0
0
DERIV 14
1.4284323593165433319
1.0437161124052544892e-16
0
0
DERIV 15
-1.8016808053266908374
-1.8755908162044580487e-17
0
0
DERIV 16
2.294039556319655837
-1.9788539675508492094e-16
0
0
DERIV 17
-2.945240380559498661
1.2676472356015128046e-16
0
0
DERIV 18
3.809058080156146886
1.7333614238244377707e-16
0
0
DERIV 19
-4.958390896478072740
4.696348574909558345e-17
0
0
DERIV 20
6.492237073786312429
6.359541846523769253e-17
0
0
DERIV 21
-8.545284992280244296
3.242112597932165975e-16
0
0
DERIV 22
11.301111486335615908
8.588377107884983120e-16
0
0
DERIV 23
-15.010368135047924554
7.313703282611518014e-16
0
0
DERIV 24
20.015871200064445646
-9.837486154388237124e-16
0
0
DERIV 25
-26.787257230987179924
9.346761009214247861e-16
0
0
DERIV 26
35.96890674708489399
-1.3793068739837040803e-15
0
0
DERIV 27
-48.44628988407394133
1.1942005280181872104e-15
0
0
DERIV 28
65.43791449132937999
-3.4654854752964167130e-15
0
0
DERIV 29
-88.62288888295164213
-2.6114611788962134188e-15
0
0
DERIV 30
120.31807100895994722
1.5917841712454550184e-15
0
0
DERIV 31
-163.72431630485277765
-3.815674189983599553e-15
0
0
DERIV 32
223.26909436379074236
-4.038470186587372235e-15
0
0
DERIV 33
-305.0836144147032201
-1.5160877062897861683e-15
0
0
DERIV 34
417.6678393669689058
2.0213013857845097020e-14
0
0
DERIV 35
-572.8181478747179654
3.455956910330687827e-14
0
0
AT 45/64
0.4433560880459179177
-2.6685868517086087651e-17
0
0
DERIV 1
-0.6183517114187507824
-5.239194717001495971e-17
0
0
DERIV 2
0.5713126908420523842
1.8640831264282570883e-17
0
0
DERIV 3
-0.4810281618431859196
2.5803624480418632627e-18
0
0
DERIV 4
0.4153505994047841376
2.0822240066359508354e-17
0
0
DERIV 5
-0.3815169649838538457
-9.359047095626642816e-18
0
0
DERIV 6
0.3731367528580110116
1.3500207351428263834e-17
0
0
DERIV 7
-0.3846854713397585557
1.4634297756502147442e-17
0
0
DERIV 8
0.4135609426776163389
-2.2810409245593269133e-20
0
0
DERIV 9
-0.4595757687064314090
1.0385528653273986658e-17
0
0
DERIV 10
0.5244148419112770743
-3.194049140764247396e-17
0
0
DERIV 11
-0.6114164131390199541
4.919397589200156909e-17
0
0
DERIV 12
0.7256320064542327586
-2.2440354262360756290e-17
0
0
DERIV 13
-0.8741084718407612364
-6.366496553428197257e-18
0
0
DERIV 14
1.0663761609196145130
3.235054048739205218e-17
0
0
DERIV 15
-1.3151634081230594298
-3.064814610613766504e-17
0
0
DERIV 16
1.6373877827832703513
5.548593107039994728e-17
0
0
DERIV 17
-2.055504582254156887
-4.349036216810597325e-17
0
0
DERIV 18
2.599327892167418330
-1.5172740924819632906e-16
0
0
DERIV 19
-3.308483821120324464
1.2076637157341066185e-16
0
0
DERIV 20
4.235714081763477523
5.361368596239352836e-17
0
0
DERIV 21
-5.451326864025244135
5.694886646599427016e-17
0
0
DERIV 22
7.049198672508596886
7.811264329613319814e-17
0
0
DERIV 23
-9.154875890846108533
-2.1669141058673516212e-16
0
0
DERIV 24
11.936522450080742530
-8.424079209402313772e-16
0
0
DERIV 25
-15.619729460722201253
-4.768932965911626621e-16
0
0
DERIV 26
20.507570505862691590
-1.1390228821930742799e-16
0
0
DERIV 27
-27.007788795151387972
-1.0365177872923188896e-15
0
0
DERIV 28
35.66968936267532087
-7.112537115377029886e-16
0
0
DERIV 29
-47.23424934862269709
-2.6085818134311181125e-15
0
0
DERIV 30
62.70224608752423024
2.7457213184823883386e-15
0
0
DERIV 31
-83.42696537114122180
-6.662977299876102830e-15
0
0
DERIV 32
111.24046845178196463
-4.327631244892217391e-15
0
0
DERIV 33
-148.62571045167260309
1.0851628696492988902e-14
0
0
DERIV 34
198.95135121860417370
6.096872278844084079e-15
0
0
DERIV 35
-266.7923455926459724
2.6513481676729811784e-14
0
0
AT 23/32
0.4338320126224522455
6.226576868214970358e-18
0
0
DERIV 1
-0.6008442792852777270
4.167733048716537235e-17
0
0
DERIV 2
0.5493586920195083767
5.287249856770034295e-17
0
0
DERIV 3
-0.4559725007035180244
2.7298374924293364984e-17
0
0
DERIV 4
0.3868613662036389234
-5.318611042673542736e-18
0
0
DERIV 5
-0.3484226450404641628
-2.0538438171505277177e-17
0
0
DERIV 6
0.3337479026625411183
-9.097083029152887594e-18
0
0
DERIV 7
-0.3368010476640228013
-1.7529701637140927747e-17
0
0
DERIV 8
0.3543300592191083731
2.7311556982633334781e-17
0
0
DERIV 9
-0.3852722678239215437
1.1104261987989958238e-17
0
0
DERIV 10
0.4301264316172113134
-1.2077242897285834042e-17
0
0
DERIV 11
-0.4906260092801115191
-2.5301144810370108604e-17
0
0
DERIV 12
0.5696539180434999627
-5.029129958650343861e-17
0
0
DERIV 13
-0.6713268404681433932
5.033640954067022673e-17
0
0
DERIV 14
0.8012136310717786758
-9.833787768099822040e-18
0
0
DERIV 15
-0.9666817054699998746
2.823947074718433651e-17
0
0
DERIV 16
1.1773858665684207025
-6.696832586304942757e-17
0
0
DERIV 17
-1.4459306212816565029
-5.134903406828340435e-17
0
0
DERIV 18
1.7887534604230490576
-8.801209977303926050e-17
0
0
DERIV 19
-2.227295499105029997
1.3925709286321774079e-16
0
0
DERIV 20
2.789549545636028860
4.727361520860346704e-17
0
0
DERIV 21
-3.512106392313474768
-1.9087969974908724582e-16
0
0
DERIV 22
4.442860649189745992
-1.2916384606474921518e-16
0
0
DERIV 23
-5.644591280456329408
1.1931631900868911684e-16
0
0
DERIV 24
7.199703768897804501
-2.295133404350317392e-16
0
0
DERIV 25
-9.216516675107740753
1.0736960081054886616e-16
0
0
DERIV 26
11.837603505383489377
2.948278994436444415e-16
0
0
DERIV 27
-15.250872299865289250
-2.0622670763859526982e-16
0
0
DERIV 28
19.704295039938525492
-1.7605015165849988889e-15
0
0
DERIV 29
-25.525506806103990698
5.742910472643880719e-16
0
0
DERIV 30
33.14790744560177416
-7.560709470868380493e-16
0
0
DERIV 31
-43.14545248369944375
-3.0435774381694065722e-15
0
0
DERIV 32
56.27906382930466123
3.2629412120550247679e-15
0
0
DERIV 33
-73.55859010980782387
1.7763828828351607279e-15
0
0
DERIV 34
96.32558970377405672
5.927337351267616521e-16
0
0
DERIV 35
-126.36401607598132557
-6.973499363354943716e-15
0
0
AT 47/64
0.4245762248750087342
9.447890921680154618e-18
0
0
DERIV 1
-0.5840049833643519150
1.5636145486736439096e-17
0
0
DERIV 2
0.5285386731824034401
-4.755437963752260251e-17
0
0
DERIV 3
-0.4326195281962721961
2.0839827226207355771e-17
0
0
DERIV 4
0.3608195350402252366
6.083849130828008100e-18
0
0
DERIV 5
-0.3187876450000094453
1.4982926563557531656e-17
0
0
DERIV 6
0.2992141918455977212
-4.625776012120848423e-18
0
0
DERIV 7
-0.2957083224116400233
1.2136779788946291184e-17
0
0
DERIV 8
0.3045838805987164943
2.7134371001287180392e-17
0
0
DERIV 9
-0.3242021197659927800
1.5830841027229294222e-17
0
0
DERIV 10
0.3542918914988843482
2.4781571375252215780e-17
0
0
DERIV 11
-0.3955615386206490780
-2.0429834774224793546e-19
0
0
DERIV 12
0.4495330462640835245
5.138262585849647352e-18
0
0
DERIV 13
-0.5185185275670859406
4.759950450698917067e-17
0
0
DERIV 14
0.6056942135034376617
6.318570196114369023e-18
0
0
DERIV 15
-0.7152535329706675160
6.531149594235774867e-18
0
0
DERIV 16
0.8526372538962093683
1.3484207254279232394e-17
0
0
DERIV 17
-1.0248495627712510547
1.0773928026076509207e-16
0
0
DERIV 18
1.2408777094274581199
-5.942264959886376459e-17
0
0
DERIV 19
-1.5122414407364594968
-8.330997453316273772e-17
0
0
DERIV 20
1.8537082012291528077
-1.0352230257336726498e-16
0
0
DERIV 21
-2.284222039062479670
7.690784214489554079e-17
0
0
DERIV 22
2.828109365166259881
-1.0366389505681062522e-16
0
0
DERIV 23
-3.516644373983750516
-6.511544922558209454e-17
0
0
DERIV 24
4.390082540326323724
-1.3798103496636603328e-17
0
0
DERIV 25
-5.500304079009641356
-4.164688042945280616e-16
0
0
DERIV 26
6.914253095601685218
2.403237826326195853e-16
0
0
DERIV 27
-8.718415651319530113
-2.807862252673152921e-16
0
0
DERIV 28
11.024655431795709504
-2.903403359476103265e-16
0
0
DERIV 29
-13.977824837368874711
7.386449510293041355e-16
0
0
DERIV 30
17.765699602905151266
9.645417844420264194e-16
0
0
DERIV 31
-22.631956404435406682
-8.266077104470965359e-17
0
0
DERIV 32
28.893138381762643264
8.225018649935643872e-16
0
0
DERIV 33
-36.96085035316114897
-1.6359362520377261276e-15
0
0
DERIV 34
47.37081651484167822
-2.1708887808460776596e-15
0
0
DERIV 35
-60.82094873328600926
1.8377267305824422188e-15
0
0
AT 3/4
0.4155785556733309627
-9.594590586062765495e-18
0
0
DERIV 1
-0.5677995975279401808
-3.491685836269697418e-17
0
0
DERIV 2
0.5087762781118509992
-3.473660481079744921e-17
0
0
DERIV 3
-0.4108243705711919769
1.3534847817353670544e-17
0
0
DERIV 4
0.3369717578838991034
7.192230435676733885e-18
0
0
DERIV 5
-0.2921896853343126654
7.243893080503067963e-19
0
0
DERIV 6
0.2688535951987488515
5.223229689264960061e-18
0
0
DERIV 7
-0.2603300494957468403
3.921685346895092786e-18
0
0
DERIV 8
0.2626490152523683896
-2.4193410314719778246e-17
0
0
DERIV 9
-0.2737992623527140124
-7.846355362691914363e-19
0
0
DERIV 10
0.2930167318780643737
6.373534934602197474e-18
0
0
DERIV 11
-0.3203620886892079023
-2.3111240799436078370e-17
0
0
DERIV 12
0.3565110061442768874
2.7699328883613645193e-17
0
0
DERIV 13
-0.4026728938502301403
-1.4740793851829424846e-17
0
0
DERIV 14
0.4605887554731436517
-2.1691514974937638761e-17
0
0
DERIV 15
-0.5325841355124524279
-1.7770638349802628260e-17
0
0
DERIV 16
0.6216677397596470644
1.9114021089289802973e-17
0
0
DERIV 17
-0.7316748498842077231
-5.080899056036540584e-17
0
0
DERIV 18
0.8674602709605384598
-2.3885560254713698123e-17
0
0
DERIV 19
-1.0351500206435593210
4.154773479328347977e-17
0
0
DERIV 20
1.2424652781250524747
2.820276516052613993e-17
0
0
DERIV 21
-1.4991368803015538980
-1.1420389129347572516e-17
0
0
DERIV 22
1.8174343570814344151
-7.780655077469791211e-17
0
0
DERIV 23
-2.212840587610305221
1.7712914128289612855e-16
0
0
DERIV 24
2.704912131646741269
-6.855644458694016361e-17
0
0
DERIV 25
-3.318376743198182322
-2.0504047841567442506e-16
0
0
DERIV 26
4.084534254976841972
-1.7733856620509083905e-16
0
0
DERIV 27
-5.043045885480491819
7.056292260598857606e-17
0
0
DERIV 28
6.244221289870867331
3.775992729872604931e-16
0
0
DERIV 29
-7.751943929778878584
-2.916592363502122841e-16
0
0
DERIV 30
9.647415614626357439
3.781532571750283524e-17
0
0
DERIV 31
-12.033953004553342936
1.6672200689064090188e-16
0
0
DERIV 32
15.043135874323379397
-3.194782626155435041e-16
0
0
DERIV 33
-18.842693435908348220
-1.6537429967250143499e-15
0
0
DERIV 34
23.646626726538325868
9.894576769455504274e-16
0
0
DERIV 35
-29.728209403227459972
9.448762825489982820e-16
0
0
AT 49/64
0.4068293525666903387
1.8242699293773133570e-17
0
0
DERIV 1
-0.5521961794147851599
-7.094237210018102154e-18
0
0
DERIV 2
0.4900015859500435056
-1.2660582792034669627e-17
0
0
DERIV 3
-0.3904570072453807383
1.4562900335342451745e-17
0
0
DERIV 4
0.3150953167768238972
-4.962034860680323348e-18
0
0
DERIV 5
-0.2682652424678257930
5.648230134417824242e-18
0
0
DERIV 6
0.24209124802086340322
-8.029641206733913987e-18
0
0
DERIV 7
-0.22977727711834033952
4.046399197910113388e-18
0
0
DERIV 8
0.22717358335765758248
1.1744703524741057875e-17
0
0
DERIV 9
-0.23203427838611856426
-7.106235752110668859e-18
0
0
DERIV 10
0.24328580300161628536
8.650778499558569471e-19
0
0
DERIV 11
-0.2605857399767794180
2.3059329250593655025e-17
0
0
DERIV 12
0.2840899270562568524
-9.725411543459078011e-18
0
0
DERIV 13
-0.3143410080903387693
2.7613472308666878632e-17
0
0
DERIV 14
0.3522269798161427601
-1.7592056294509099936e-17
0
0
DERIV 15
-0.3989831928111146064
1.0376959423588650948e-17
0
0
DERIV 16
0.4562251774075248290
-1.2668472174891692040e-17
0
0
DERIV 17
-0.5260072325335642951
-5.035841055118991787e-17
0
0
DERIV 18
0.6109060803979443621
-4.823764060858511281e-17
0
0
DERIV 19
-0.7141317451803000926
1.5724388803551956394e-17
0
0
DERIV 20
0.8396700394405050005
-4.248466678001550781e-17
0
0
DERIV 21
-0.9924631164721995358
-1.3822058461811586438e-17
0
0
DERIV 22
1.1786367618138473556
6.081656721546622548e-17
0
0
DERIV 23
-1.4057856643592669954
-9.540489720276689948e-17
0
0
DERIV 24
1.6833310146949860275
-7.351549588233808216e-17
0
0
DERIV 25
-2.022968620984671340
-1.1778492613683631401e-16
0
0
DERIV 26
2.439230535929501898
-6.414910915363673532e-17
0
0
DERIV 27
-2.950189224648599229
4.891368277441881715e-17
0
0
DERIV 28
3.578340911217642528
-2.0182341545553618062e-16
0
0
DERIV 29
-4.351714346233340081
-2.778646632624078762e-16
0
0
DERIV 30
5.305263376128710462
-3.738178451496701571e-16
0
0
DERIV 31
-6.482617047164413116
1.9132388921602447139e-16
0
0
DERIV 32
7.938280405730945511
-2.716323846518752414e-16
0
0
DERIV 33
-9.740403757008808228
-8.134679957472414411e-16
0
0
DERIV 34
11.974269307393356598
8.879879756204923784e-16
0
0
DERIV 35
-14.746683610549105481
-7.254852198455648524e-16
0
0
AT 25/32
0.3983194456162756913
-9.830071193426389092e-18
0
0
DERIV 1
-0.5371648797537086351
-4.834209141484523686e-17
0
0
DERIV 2
0.4721504576771941020
-1.1349882858542271942e-17
0
0
DERIV 3
-0.3714004920718804170
-1.9088869561664004759e-17
0
0
DERIV 4
0.2949939020997324191
-1.3712878419122595890e-17
0
0
DERIV 5
-0.24670040300682144485
9.683484664967102476e-18
0
0
DERIV 6
0.21844088773002107162
2.3580407964283452441e-18
0
0
DERIV 7
-0.20331349920733030046
9.208635723784729566e-18
0
0
DERIV 8
0.19706058135718429458
-4.050235022494308704e-18
0
0
DERIV 9
-0.19729429756819374941
1.2179514729483070519e-17
0
0
DERIV 10
0.20275225315145645189
-1.6983941258792637964e-18
0
0
DERIV 11
-0.21284647591485297835
9.322971627071724949e-18
0
0
DERIV 12
0.22741887234082391878
-1.2444257722061307295e-17
0
0
DERIV 13
-0.24661460672833881991
4.135597991369903283e-18
0
0
DERIV 14
0.2708209446137904708
-1.2730572845573595267e-17
0
0
DERIV 15
-0.3006439584824778799
-8.605526774289031708e-18
0
0
DERIV 16
0.3369091303435968188
7.837535110769560257e-18
0
0
DERIV 17
-0.3806790623140944851
4.609474219001537264e-18
0
0
DERIV 18
0.4332853770216743006
-1.6893771290521868764e-17
0
0
DERIV 19
-0.4963741257989541245
2.6385323192004211900e-17
0
0
DERIV 20
0.5719654692945945751
-2.6938396286953371532e-17
0
0
DERIV 21
-0.6625294851626691850
-4.587743754374846163e-17
0
0
DERIV 22
0.7710809244838814358
4.610274017750069805e-17
0
0
DERIV 23
-0.9012967209824905845
-4.015471096732795765e-17
0
0
DERIV 24
1.0576611496123753398
-6.681059221002860646e-18
0
0
DERIV 25
-1.2456448108825679544
7.109221756851707608e-17
0
0
DERIV 26
1.4719251585764876467
-5.686344261180222139e-17
0
0
DERIV 27
-1.7446581715631879206
-8.788015899430452152e-17
0
0
DERIV 28
2.073813088286077022
1.5599814514540386203e-16
0
0
DERIV 29
-2.471584987172417147
-1.6849953166865238950e-16
0
0
DERIV 30
2.952903544680208103
-2.1025057755489247611e-16
0
0
DERIV 31
-3.536060704294643031
1.6358542062056728988e-16
0
0
DERIV 32
4.243485454614833508
7.704173577221099618e-17
0
0
DERIV 33
-5.102700704101846618
1.7416303666957729175e-16
0
0
DERIV 34
6.147505679658402223
7.090714306886678952e-17
0
0
DERIV 35
-7.419437771846314256
-4.427492198099628542e-16
0
0
AT 51/64
0.3900401160538960466
1.0152650572152289289e-17
0
0
DERIV 1
-0.5226777708685225177
-4.519660892842005622e-18
0
0
DERIV 2
0.4551639601152989711
5.910374352592217774e-18
0
0
DERIV 3
-0.3535494174825390967
-2.3653580418859774615e-18
0
0
DERIV 4
0.2764940419099353730
1.1752876010133903865e-17
0
0
DERIV 5
-0.22722328740367628286
9.806361221728868855e-18
0
0
DERIV 6
0.19748979688637050001
1.0240328606388966472e-17
0
0
DERIV 7
-0.18032617063245831579
-6.116305442550314766e-18
0
0
DERIV 8
0.17141602828827953720
1.3380196969335829332e-17
0
0
DERIV 9
-0.16829147259951030002
-1.4917191878364450333e-18
0
0
DERIV 10
0.16958002711735573054
-1.3797926232051826058e-19
0
0
DERIV 11
-0.17454881872419530930
6.346018059670778209e-18
0
0
DERIV 12
0.18285469617760080618
5.563758432382443006e-18
0
0
DERIV 13
-0.19441047865376742676
4.030547959601547033e-18
0
0
DERIV 14
0.20931437976143130175
2.3953762155338809057e-18
0
0
DERIV 15
-0.22781459485818936206
-1.3098114215891578100e-17
0
0
DERIV 16
0.2502945769711986124
4.925232394901389060e-18
0
0
DERIV 17
-0.2772715435158286668
2.0894104348654387303e-17
0
0
DERIV 18
0.3094044307498661217
-7.250638807651743482e-18
0
0
DERIV 19
-0.3475095139741926076
2.5853745257606295117e-17
0
0
DERIV 20
0.3925830727874621839
2.2758528635334736884e-17
0
0
DERIV 21
-0.4458312203075495694
1.0899898379721085123e-17
0
0
DERIV 22
0.5087075487121792694
-4.157659931257016237e-17
0
0
DERIV 23
-0.5829596871898983235
3.710132219252645278e-17
0
0
DERIV 24
0.6706862900347271284
-2.892249577264119558e-17
0
0
DERIV 25
-0.7744064157661444403
2.6533551728372061321e-18
0
0
DERIV 26
0.8971437551659615650
-5.074384333060884105e-19
0
0
DERIV 27
-1.0425287450061164751
8.815878693981959940e-17
0
0
DERIV 28
1.2149222927168104036
-1.0033303471975884338e-16
0
0
DERIV 29
-1.4195656654293578036
-1.8346337291140328698e-17
0
0
DERIV 30
1.6627620993176543962
-3.911705013105980021e-17
0
0
DERIV 31
-1.9520969029231249880
9.605532634990300194e-17
0
0
DERIV 32
2.296704310473794752
2.7459677444554424171e-17
0
0
DERIV 33
-2.707591147907491447
1.2455686158446713316e-16
0
0
DERIV 34
3.198029578270447981
2.0335943452166651676e-16
0
0
DERIV 35
-3.784033883428653322
2.0575093853403818489e-17
0
0
AT 13/16
0.3819830674853237351
-2.5933860914044152802e-17
0
0
DERIV 1
-0.5087086921102331738
2.931086611911383187e-17
0
0
DERIV 2
0.4389878569708299816
8.886120488850371747e-18
0
0
DERIV 3
-0.3368085843922681843
-1.2286947059458017075e-19
0
0
DERIV 4
0.2594420716373171398
1.4149723528023295644e-17
0
0
DERIV 5
-0.20959774959764262969
1.3810591946449459701e-17
0
0
DERIV 6
0.17888653473431739838
-7.201495080493828241e-18
0
0
DERIV 7
-0.16030396690650397518
-1.3009603872083401672e-17
0
0
DERIV 8
0.14950840717814758984
-6.494359687020934389e-18
0
0
DERIV 9
-0.14399284171746640215
1.0318746091357578827e-17
0
0
DERIV 10
0.14232561497961307428
2.0779562262202257927e-18
0
0
DERIV 11
-0.14369263707579535416
1.2232740878075200030e-18
0
0
DERIV 12
0.14764558178723527493
-1.0577499694722221316e-17
0
0
DERIV 13
-0.15396524008249942717
-2.6287498987451957289e-18
0
0
DERIV 14
0.16258682147567796172
-1.1156814214394002107e-17
0
0
DERIV 15
-0.17355906938293760855
-8.387640761840022280e-18
0
0
DERIV 16
0.18702256207545844835
1.0498800083610886573e-17
0
0
DERIV 17
-0.20319951647499301384
9.989252926016845924e-18
0
0
DERIV 18
0.22239100398138145209
2.9047504820701037791e-18
0
0
DERIV 19
-0.24497939675272889515
-7.673057343279742989e-18
0
0
DERIV 20
0.2714349195578495966
-3.810054128210809973e-18
0
0
DERIV 21
-0.3023257993006572830
-2.5274249094280849628e-17
0
0
DERIV 22
0.3383318911647055227
1.8077076231436548613e-17
0
0
DERIV 23
-0.3802619268174247669
5.434360609411574172e-18
0
0
DERIV 24
0.4290747360829202384
-2.3622624316914252952e-17
0
0
DERIV 25
-0.4859049732968637181
-1.6506152697256456344e-18
0
0
DERIV 26
0.5520940543848893434
-1.0686786954299632434e-18
0
0
DERIV 27
-0.6292271949665828590
-1.3885443668009661610e-17
0
0
DERIV 28
0.7191776445619526559
-3.554557026728743770e-17
0
0
DERIV 29
-0.8241594469794869537
-3.851728425375718535e-17
0
0
DERIV 30
0.9467903317375545580
4.207609521928840953e-17
0
0
DERIV 31
-1.0901666660974929091
-9.866439040426292168e-17
0
0
DERIV 32
1.2579527834166259748
-9.017168985822900979e-17
0
0
DERIV 33
-1.4544874643315870433
-8.027664835450305113e-17
0
0
DERIV 34
1.6849108983965852548
6.892913715903012128e-17
0
0
DERIV 35
-1.9553161138343633230
-6.247682769402490631e-18
0
0
AT 53/64
0.3741403993894003022
-1.7020709669486021173e-17
0
0
DERIV 1
-0.4952331102643986460
-1.4500683745019130742e-17
0
0
DERIV 2
0.4235721580165426881
1.6688552135001182022e-17
0
0
DERIV 3
-0.3210918470061657204
-1.1387483700782883685e-17
0
0
DERIV 4
0.24370155394227854817
-2.1391519606432195310e-18
0
0
DERIV 5
-0.19361811839909662258
7.406805661802595589e-18
0
0
DERIV 6
0.16233089978304462986
5.892390937941249454e-18
0
0
DERIV 7
-0.14281854778273497808
1.3381094748309661618e-17
0
0
DERIV 8
0.13073678446737610481
1.1394088953440040470e-17
0
0
DERIV 9
-0.12356629244870326323
-5.592451477249582643e-18
0
0
DERIV 10
0.11984875730988436837
-3.1377822867138555545e-18
0
0
DERIV 11
-0.11872868091016255954
-2.6248019634670752083e-18
0
0
DERIV 12
0.11970148115364320773
-5.981409853901016064e-18
0
0
DERIV 13
-0.12247613890994217545
3.534826851376871129e-18
0
0
DERIV 14
0.12689904728798512279
-1.2030991307805679675e-17
0
0
DERIV 15
-0.13291093459204866845
-1.3158595161378610790e-17
0
0
DERIV 16
0.14052222820429219330
-7.041736166850867860e-18
0
0
DERIV 17
-0.14979913270589059748
4.587574149617092366e-18
0
0
DERIV 18
0.16085624550628188634
1.2206626438200739510e-17
0
0
DERIV 19
-0.17385340183787204027
-1.0012979406423848574e-17
0
0
DERIV 20
0.18899545668839937140
-1.1769339557964774601e-17
0
0
DERIV 21
-0.20653428435712012368
1.1644680475736691239e-17
0
0
DERIV 22
0.22677261395455161619
4.840813042992717008e-18
0
0
DERIV 23
-0.2500695287387432741
2.7672830485415528161e-17
0
0
DERIV 24
0.2768475961407416697
2.7195586579907355698e-17
0
0
DERIV 25
-0.3076016954514205759
7.204281269026814825e-18
0
0
DERIV 26
0.3429096896803431882
8.757858390076332451e-18
0
0
DERIV 27
-0.3834451580496295864
2.1502210744559321885e-17
0
0
DERIV 28
0.4299924729874746165
9.477028024563008446e-18
0
0
DERIV 29
-0.4834645752152206266
4.970937695123614440e-18
0
0
DERIV 30
0.5449238763161065036
-3.454118449263161529e-17
0
0
DERIV 31
-0.6156068032276854618
2.906487313211995839e-17
0
0
DERIV 32
0.6969525964375270499
-5.307254103313705003e-18
0
0
DERIV 33
-0.7906370863866711840
-5.260991695906410189e-17
0
0
DERIV 34
0.8986123040656794903
5.094794914415608345e-17
0
0
DERIV 35
-1.0231529358115025730
-1.3283818002911211653e-17
0
0
AT 27/32
0.3665045826924728800
-1.5894231292378979378e-17
0
0
DERIV 1
-0.4822279932383226608
-1.8169809399139401041e-17
0
0
DERIV 2
0.4088707188354159250
-1.9131185806107979134e-17
0
0
DERIV 3
-0.3063211067764498585
-2.5911523756313224493e-17
0
0
DERIV 4
0.22915107495279229965
-4.780805233383955582e-18
0
0
DERIV 5
-0.17910479280931071444
9.706598777724071876e-18
0
0
DERIV 6
0.14756568531652106135
-1.2982823076912728306e-17
0
0
DERIV 7
-0.12750986919158371902
-9.211472591420595151e-18
0
0
DERIV 8
0.11460563182327238030
3.909658356298055617e-18
0
0
DERIV 9
-0.10633871615603954219
-3.2655125999966829401e-18
0
0
DERIV 10
0.10124464237738592387
-5.120202791506318394e-18
0
0
DERIV 11
-0.09845102472347670719
-2.3720785222017413530e-18
0
0
DERIV 12
0.09742653614198559797
-1.1850467908000314752e-19
0
0
DERIV 13
-0.09784395736021263279
3.992238181185760839e-18
0
0
DERIV 14
0.09950388833415546586
5.330618852476718264e-18
0
0
DERIV 15
-0.10229105537740694476
-2.9098561062267854947e-18
0
0
DERIV 16
0.10614863870345568608
-6.574812641821566772e-18
0
0
DERIV 17
-0.11106292145507880298
6.414970328733695956e-18
0
0
DERIV 18
0.11705408285723982453
5.179290467859640309e-18
0
0
DERIV 19
-0.12417080330762648999
-6.572207633727060252e-18
0
0
DERIV 20
0.13248734520331970077
8.202036283152903733e-18
0
0
DERIV 21
-0.14210232849288892409
-6.148641627655814701e-18
0
0
DERIV 22
0.15313873990019333249
-1.7690183279019478633e-19
0
0
DERIV 23
-0.16574490569764810388
3.889028071727986770e-18
0
0
DERIV 24
0.18009627627806612526
-1.2252758438095421828e-17
0
0
DERIV 25
-0.19639794749166958332
-4.009581593855839778e-18
0
0
DERIV 26
0.21488789619688034027
-9.502898529683509732e-18
0
0
DERIV 27
-0.23584094583530562650
6.089697707834464771e-18
0
0
DERIV 28
0.2595735081494132679
-1.0353114119507934446e-17
0
0
DERIV 29
-0.2864491731916029016
8.175965305536886902e-18
0
0
DERIV 30
0.3168852439859370929
-2.5613906921406999204e-17
0
0
DERIV 31
-0.3513603362982294365
-2.7076482228748617751e-17
0
0
DERIV 32
0.3904231892101547308
-2.0241520601877084652e-18
0
0
DERIV 33
-0.4347028596024274938
-1.0369758519460788242e-17
0
0
DERIV 34
0.4849205041380414416
-2.4833811893645327333e-17
0
0
DERIV 35
-0.5419029867705942305
1.7765416732467615837e-17
0
0
AT 55/64
0.3590684372224591803
4.349068300974302674e-18
0
0
DERIV 1
-0.4696716955517607484
-2.5494660994486628969e-17
0
0
DERIV 2
0.3948408846556228369
2.7509765412461595701e-18
0
0
DERIV 3
-0.2924254339405893965
5.320392482715625792e-18
0
0
DERIV 4
0.21568235628560455952
9.806076277212598363e-18
0
0
DERIV 5
-0.16590054003574322694
-6.955080248331580645e-19
0
0
DERIV 6
0.13436988189809101479
1.0596585081320851846e-17
0
0
DERIV 7
-0.11407430370789881091
3.2385547116612683211e-18
0
0
DERIV 8
0.10070485061285536221
5.187237449493727906e-19
0
0
DERIV 9
-0.09176344289532002707
5.733611469707359743e-18
0
0
DERIV 10
0.08579214822645678251
-6.906737080594531405e-18
0
0
DERIV 11
-0.08191653232209301916
2.9272306719713886901e-18
0
0
DERIV 12
0.07959599994718938309
1.2772345794622443482e-18
0
0
DERIV 13
-0.07848779908948295969
1.6684997489071437133e-18
0
0
DERIV 14
0.07837122502039628458
3.641673342504250261e-18
0
0
DERIV 15
-0.07910404705615536880
5.573391171193380257e-18
0
0
DERIV 16
0.08059666630070155824
-5.406736251279218380e-18
0
0
DERIV 17
-0.08279636110732731258
1.9840427208645436691e-18
0
0
DERIV 18
0.08567747394728479626
-3.2900611378660473353e-18
0
0
DERIV 19
-0.08923522037592057643
4.288647611891890941e-18
0
0
DERIV 20
0.09348178362256361063
-4.590332070472895058e-18
0
0
DERIV 21
-0.09844390360669730278
6.058030792591337188e-18
0
0
DERIV 22
0.10416148108455053345
6.789888260121547959e-18
0
0
DERIV 23
-0.11068690141705847529
-2.1813595484528705746e-18
0
0
DERIV 24
0.11808489394005590445
-6.415272753711746056e-18
0
0
DERIV 25
-0.12643281255758576087
-1.2621740610001612585e-17
0
0
DERIV 26
0.13582126803782335056
-2.8498281958593194797e-18
0
0
DERIV 27
-0.14635507239136039126
9.209085826223423235e-18
0
0
DERIV 28
0.15815447645168015378
9.891097122069240515e-18
0
0
DERIV 29
-0.17135669686647869714
-9.007080777114195644e-18
0
0
DERIV 30
0.18611774032427730319
-4.070992501819375123e-18
0
0
DERIV 31
-0.20261454237327863881
9.024929345173259822e-18
0
0
DERIV 32
0.22104744655359556682
4.182338231211104217e-18
0
0
DERIV 33
-0.24164305738547300906
-4.505869635573123933e-18
0
0
DERIV 34
0.2646575084833787117
1.5619025248064717984e-17
0
0
DERIV 35
-0.2903801950394314657
1.0404136432274433024e-17
0
0
AT 7/8
0.3518251108684081196
-5.781912690358128470e-18
0
0
DERIV 1
-0.4575438543421211923
-1.9467975853684730258e-17
0
0
DERIV 2
0.3814431727331751842
-3.485713941294316474e-18
0
0
DERIV 3
-0.2793402985148888962
2.2034241508191636386e-17
0
0
DERIV 4
0.20319863289823375530
2.4800385602551888720e-18
0
0
DERIV 5
-0.15386737390100505007
-9.762312044358977944e-18
0
0
DERIV 6
0.12255305246771602823
-4.083978050705518368e-18
0
0
DERIV 7
-0.10225499393716391827
-6.284856713508128350e-18
0
0
DERIV 8
0.08869385448968475361
5.264616886603770804e-18
0
0
DERIV 9
-0.07939477792492484476
-2.2380322046384441418e-18
0
0
DERIV 10
0.07291413027401752456
-1.1940259242186976565e-18
0
0
DERIV 11
-0.06838422306601277256
9.120904024821519273e-19
0
0
DERIV 12
0.06526531162637566608
3.628977715845469183e-18
0
0
DERIV 13
-0.06321082966503197009
-2.9069806087587372022e-18
0
0
DERIV 14
0.06199238177868753724
-2.4437074302466983004e-18
0
0
DERIV 15
-0.06145662204568391740
-4.119011356875535356e-19
0
0
DERIV 16
0.06149962261008189851
2.345059059326447245e-19
0
0
DERIV 17
-0.06205115578707345175
3.4189878691452554129e-18
0
0
DERIV 18
0.06306478600126867728
3.494813746433899880e-19
0
0
DERIV 19
-0.06451147791514469376
3.634905171562175786e-18
0
0
DERIV 20
0.06637539855592394789
5.217473699200034243e-18
0
0
DERIV 21
-0.06865112884293211870
5.738991511407526842e-18
0
0
DERIV 22
0.07134180646091033140
1.0998513695720644600e-18
0
0
DERIV 23
-0.07445790186667354538
6.744429398476860511e-18
0
0
DERIV 24
0.07801643759057930172
3.4076220752686539801e-18
0
0
DERIV 25
-0.08204052797208419290
-4.084147830605140817e-18
0
0
DERIV 26
0.08655915887192276725
7.776234896106433237e-19
0
0
DERIV 27
-0.09160715438625485763
1.1915233841073725015e-18
0
0
DERIV 28
0.09722529582614500288
-5.606707976784927051e-18
0
0
DERIV 29
-0.10346057063210652160
-3.783534778161274589e-18
0
0
DERIV 30
0.11036653756511126401
-5.694744317066879346e-18
0
0
DERIV 31
-0.11800380076738849200
-6.850651922103608291e-18
0
0
DERIV 32
0.12644058995973131432
-3.605270748872746674e-18
0
0
DERIV 33
-0.13575344768596520062
-9.879859586769343789e-18
0
0
DERIV 34
0.14602802749572418861
1.9348996682512404608e-18
0
0
DERIV 35
-0.15736000952341963610
-1.0790961255900905923e-17
0
0
AT 57/64
0.3447680602902752356
-1.2702586498298676779e-17
0
0
DERIV 1
-0.4458252947558231094
-1.1053843875377617497e-17
0
0
DERIV 2
0.3686409885197818870
2.0109440540029213331e-17
0
0
DERIV 3
-0.2670068954610740342
2.0600960409238651662e-17
0
0
DERIV 4
0.19161325544067997484
-2.7401348990098285613e-18
0
0
DERIV 5
-0.14288391434674233005
8.462375753563145685e-18
0
0
DERIV 6
0.11195066141437692853
-4.512463984754930510e-18
0
0
DERIV 7
-0.09183398882827280285
-4.747915437215681563e-18
0
0
DERIV 8
0.07828883212504003652
4.104000654966001380e-18
0
0
DERIV 9
-0.06886800003529813807
4.350811139010500311e-18
0
0
DERIV 10
0.06214680077658989860
-2.8625992060014864534e-18
0
0
DERIV 11
-0.05726938016605396392
-2.4095439177378643131e-18
0
0
DERIV 12
0.05370254475936626221
-2.3603422575259547589e-18
0
0
DERIV 13
-0.05110236852224462473
-6.932862000220812270e-19
0
0
DERIV 14
0.04924011188688338925
-2.9769981050021734261e-18
0
0
DERIV 15
-0.04795969814336243503
-1.5990948089859888199e-18
0
0
DERIV 16
0.04715245356007687766
-1.1542003252210846103e-18
0
0
DERIV 17
-0.04674160661576897552
-2.0357447137055539829e-18
0
0
DERIV 18
0.04667248971175629035
2.5465019870717985788e-18
0
0
DERIV 19
-0.04690617978627296958
1.9599075081093665225e-18
0
0
DERIV 20
0.04741527460388270110
-5.156328744468831355e-19
0
0
DERIV 21
-0.04818103189474832321
-1.7515431250356780630e-18
0
0
DERIV 22
0.04919140035245185560
-1.6551350073236134430e-18
0
0
DERIV 23
-0.05043964818699667868
9.606996258473581476e-19
0
0
DERIV 24
0.05192340112164542387
1.8285997719412818520e-18
0
0
DERIV 25
-0.05364396712462671246
-3.3000622176919352769e-18
0
0
DERIV 26
0.05560586637092208157
2.1287794600798242591e-18
0
0
DERIV 27
-0.05781651144209780380
3.717754261820035522e-19
0
0
DERIV 28
0.06028600017282056273
-6.914025041949234479e-19
0
0
DERIV 29
-0.06302699518965255987
4.142816919519730405e-18
0
0
DERIV 30
0.06605467211268745142
6.599760936247876124e-19
0
0
DERIV 31
-0.06938672388542227454
3.0987243086321411222e-18
0
0
DERIV 32
0.07304341257851955371
-3.504550447073906034e-18
0
0
DERIV 33
-0.07704766280663540023
-5.877935465488651711e-18
0
0
DERIV 34
0.08142519295148370473
1.9322015828916007656e-18
0
0
DERIV 35
-0.08620468193076039065
6.284342770982549985e-18
0
0
AT 29/32
0.3378910330401568296
-2.3883218593403519695e-17
0
0
DERIV 1
-0.4344979437357111007
-2.4588396812027688199e-17
0
0
DERIV 2
0.3564003715128876704
2.3720682928210882237e-17
0
0
DERIV 3
-0.2553715510999703953
4.526197700057117269e-18
0
0
DERIV 4
0.18084848278947435185
-9.807098661786063211e-18
0
0
DERIV 5
-0.13284314709787312103
-1.3712703273086319254e-17
0
0
DERIV 6
0.10242018271291762621
-2.6612098710693662415e-18
0
0
DERIV 7
-0.08262580951076041458
-4.293962817205900605e-18
0
0
DERIV 8
0.06925251327063176865
-5.676530608262715513e-18
0
0
DERIV 9
-0.05988358088125558115
7.854532842958910580e-19
0
0
DERIV 10
0.05311600644693446199
-2.0254455861521621306e-18
0
0
DERIV 11
-0.04810863977547411019
2.3807195661969274485e-18
0
0
DERIV 12
0.04433794851810576865
3.3490334368620197234e-18
0
0
DERIV 13
-0.04146607717140644855
2.2177285216954141095e-18
0
0
DERIV 14
0.03926775988097704756
-2.8423190682827155167e-18
0
0
DERIV 15
-0.03758845856781221212
6.871724192704397959e-19
0
0
DERIV 16
0.03631954034276214244
-3.0280313129885974624e-18
0
0
DERIV 17
-0.03538306443643154942
-5.408371322168839020e-19
0
0
DERIV 18
0.03472217113916739595
-1.3496059540065699087e-18
0
0
DERIV 19
-0.03429484091368217857
-3.2664745351372633654e-18
0
0
DERIV 20
0.03406974096285547704
-2.2252771448955498649e-18
0
0
DERIV 21
-0.03402339975374226583
-1.9732429051998939419e-18
0
0
DERIV 22
0.03413824721460067407
2.3131182539058502440e-18
0
0
DERIV 23
-0.03440123200300955475
-2.6274985692276424098e-18
0
0
DERIV 24
0.03480283144400616452
3.0574757936102623106e-18
0
0
DERIV 25
-0.03533633379370566818
6.245275417511105094e-19
0
0
DERIV 26
0.03599731275638320960
4.430590413234696805e-19
0
0
DERIV 27
-0.03678324003248194252
-1.9101829350878950440e-18
0
0
DERIV 28
0.03769319858759338782
-3.0598612919726824374e-18
0
0
DERIV 29
-0.03872767059600092793
2.894409537052007704e-20
0
0
DERIV 30
0.03988838163867242104
1.1628746224992948050e-18
0
0
DERIV 31
-0.04117818797963020833
2.6524034343366881820e-18
0
0
DERIV 32
0.04260099740351779019
-2.2668670525895564791e-18
0
0
DERIV 33
-0.04416171668575374215
-3.0511217609846890199e-18
0
0
DERIV 34
0.04586622062268577715
3.924250397662011304e-20
0
0
DERIV 35
-0.04772133889751047769
-2.2722380264926879350e-18
0
0
AT 59/64
0.3311880509707416098
1.7396850870988209493e-17
0
0
DERIV 1
-0.4235447513336785819
-4.973524553743492002e-18
0
0
DERIV 2
0.3446897672434253712
1.4959898260936234222e-17
0
0
DERIV 3
-0.24438519980625247885
-5.660230267430028645e-19
0
0
DERIV 4
0.17083443617366719791
7.813081955539689966e-18
0
0
DERIV 5
-0.12365051727437505191
-2.1605207290551710251e-18
0
0
DERIV 6
0.09383784661299443552
-1.3126817193386017200e-18
0
0
DERIV 7
-0.07447216588498595247
-1.5905261726463211127e-18
0
0
DERIV 8
0.06138591392272868541
7.254960305517201764e-19
0
0
DERIV 9
-0.05219468162698011338
2.8919382651658245222e-18
0
0
DERIV 10
0.04551876602472394034
2.1585197755425086170e-19
0
0
DERIV 11
-0.04053330299099124068
2.996045523897312013e-19
0
0
DERIV 12
0.03672605867763272663
3.395453893990395848e-19
0
0
DERIV 13
-0.03376699441790347034
2.3138358840750350336e-18
0
0
DERIV 14
0.03143621042095847556
1.9284450419792265875e-18
0
0
DERIV 15
-0.029582775577661597766
4.171973001452000874e-19
0
0
DERIV 16
0.028100369390528137648
-1.0404036431368565227e-18
0
0
DERIV 17
-0.026912383443467784855
-7.857238295246896470e-19
0
0
DERIV 18
0.025962525378780795110
1.6779214437699373261e-18
0
0
DERIV 19
-0.025208726150754520723
-1.4256110411432282610e-18
0
0
DERIV 20
0.024619088980225078966
1.6429300548363738441e-18
0
0
DERIV 21
-0.024169134359693492109
1.6243782882482730752e-18
0
0
DERIV 22
0.023839888012177189863
4.356529414468310376e-19
0
0
DERIV 23
-0.023616529374726250717
6.220451391563091602e-20
0
0
DERIV 24
0.023487420403132758251
-2.263921118349939101e-19
0
0
DERIV 25
-0.023443397236193395938
6.832745052233564757e-19
0
0
DERIV 26
0.023477246641281833417
-1.5752232664952517004e-18
0
0
DERIV 27
-0.023583314401221407847
6.242780837577609152e-19
0
0
DERIV 28
0.023757209287642529205
8.977230204069759152e-19
0
0
DERIV 29
-0.023995577225367974855
4.041460934735348876e-19
0
0
DERIV 30
0.024295927658000888300
5.121178454910830962e-19
0
0
DERIV 31
-0.024656499205467478225
1.2257160597731795146e-18
0
0
DERIV 32
0.025076155239183283568
-1.4750347002747890054e-18
0
0
DERIV 33
-0.025554302492525483165
3.223729765696654122e-20
0
0
DERIV 34
0.026090827602822806025
1.3126708296829370870e-19
0
0
DERIV 35
-0.026686047765140129273
9.189352712981342463e-19
0
0
AT 15/16
0.3246533948195215458
-2.4163422801319570832e-17
0
0
DERIV 1
-0.4129496187808016638
2.5421869212844717897e-17
0
0
DERIV 2
0.3334798223313744092
1.0380137667956527995e-17
0
0
DERIV 3
-0.23400292165365188524
-4.967925504805643026e-18
0
0
DERIV 4
0.16150819099579671878
-9.478810546357912850e-18
0
0
DERIV 5
-0.11522230258686987081
-2.5059473826997139123e-18
0
0
DERIV 6
0.08609591155783904992
4.707562321825074973e-18
0
0
DERIV 7
-0.06723760312719975762
3.4000103163571697590e-18
0
0
DERIV 8
0.05452165267691453515
-2.4177304260502011863e-18
0
0
DERIV 9
-0.04559720565601307202
3.3589878992240309361e-18
0
0
DERIV 10
0.03910883802091544986
-2.3726981471026692744e-18
0
0
DERIV 11
-0.03424883728193437588
1.1610222960426834668e-18
0
0
DERIV 12
0.030517103370860474559
8.535753273917680020e-19
0
0
DERIV 13
-0.027592262172824393029
6.785505530419620543e-19
0
0
DERIV 14
0.025260665427150736512
-8.680699445156968739e-19
0
0
DERIV 15
-0.023375929126204779418
-1.6256960356108735501e-18
0
0
DERIV 16
0.021835052747742129259
-6.705182231714265419e-19
0
0
DERIV 17
-0.020563846071300906360
6.369721372595786977e-19
0
0
DERIV 18
0.019507758161340729014
1.1095676348244934214e-18
0
0
DERIV 19
-0.018625942540679271686
-1.3072718880217514475e-18
0
0
DERIV 20
0.017887318514240031775
4.058837474888361165e-19
0
0
DERIV 21
-0.017267897101304691132
8.990797690358986596e-19
0
0
DERIV 22
0.016748927854088397488
1.5313467788883351696e-18
0
0
DERIV 23
-0.016315590456354264748
1.3840316750145339285e-18
0
0
DERIV 24
0.015956055226555843768
-1.0672839769798346999e-18
0
0
DERIV 25
-0.015660798068565112001
-1.4848006739085482344e-18
0
0
DERIV 26
0.015422093905521391810
-8.545174972951811211e-19
0
0
DERIV 27
-0.015233637261929007523
-7.791159050575669701e-19
0
0
DERIV 28
0.015090254722608350754
3.378347857532199043e-19
0
0
DERIV 29
-0.014987684660253856178
-4.306664260507187755e-19
0
0
DERIV 30
0.014922406818174298315
1.7952173601941439991e-19
0
0
DERIV 31
-0.014891509263408044331
1.2452463454744314332e-19
0
0
DERIV 32
0.014892583649405195453
-4.331377528949976039e-19
0
0
DERIV 33
-0.014923642137508795133
5.464839638562649912e-19
0
0
DERIV 34
0.014983051043648960149
1.2309419578079920583e-19
0
0
DERIV 35
-0.015069477514219714945
-5.542964699645781373e-19
0
0
AT 61/64
0.3182815898685819600
1.0932427344070964867e-17
0
0
DERIV 1
-0.4026973326367359607
9.616556312319005701e-19
0
0
DERIV 2
0.3227431999435608212
-2.0929847789766453900e-17
0
0
DERIV 3
-0.22418353304905538903
-6.362172166619497731e-18
0
0
DERIV 4
0.15281298631091308482
-6.605084027978786758e-18
0
0
DERIV 5
-0.10748422132598893508
-3.3457434429015760964e-18
0
0
DERIV 6
0.07910036959280634938
-3.0238369841509270726e-18
0
0
DERIV 7
-0.06080590244642761905
7.114306389706578509e-20
0
0
DERIV 8
0.04851851946651596775
-2.5430555334692243900e-18
0
0
DERIV 9
-0.03992185348958599000
-2.3034052640115734356e-18
0
0
DERIV 10
0.03368539076851641278
-2.1366639714095258833e-18
0
0
DERIV 11
-0.029019059909448662038
-1.1770748330357092727e-18
0
0
DERIV 12
0.025435318118130312987
1.1882596711643821999e-18
0
0
DERIV 13
-0.022621851924987428778
1.5148315142830069778e-18
0
0
DERIV 14
0.020371654319771986125
2.624221783462904653e-19
0
0
DERIV 15
-0.018543284119595711962
-2.0357201544914302967e-19
0
0
DERIV 16
0.017037470418567172981
-8.898325560961824660e-19
0
0
DERIV 17
-0.015782870283633908953
-1.4796635296392040020e-20
0
0
DERIV 18
0.014727126977952205433
-7.288493312248718197e-19
0
0
DERIV 19
-0.013831096580693431897
5.357863643317477572e-19
0
0
DERIV 20
0.013065024836171570954
-6.312454833079433062e-19
0
0
DERIV 21
-0.012405957000187635073
-1.9827100194628660333e-19
0
0
DERIV 22
0.011835946461683346034
5.713399986857566886e-19
0
0
DERIV 23
-0.011340792438804829859
6.858937085656337091e-19
0
0
DERIV 24
0.010909135259316679600
-3.095235907356029743e-19
0
0
DERIV 25
-0.010531797815744009528
-1.2546842448160174514e-19
0
0
DERIV 26
0.010201299378333172560
-7.288928019282071817e-19
0
0
DERIV 27
-0.009911491964672076299
3.989443577023594671e-20
0
0
DERIV 28
0.009657285103642386168
-8.034409318186710833e-19
0
0
DERIV 29
-0.009434435196846575195
6.423616950631309066e-19
0
0
DERIV 30
0.009239382664165735407
-9.538968806038542073e-20
0
0
DERIV 31
-0.009069124836931723166
3.974902322815125417e-19
0
0
DERIV 32
0.008921115875931209804
-2.718851003998415525e-19
0
0
DERIV 33
-0.008793187320544361071
-1.6165486511029046634e-19
0
0
DERIV 34
0.008683484532465705202
5.991028537465675545e-19
0
0
DERIV 35
-0.008590415490059543843
8.444936644853786894e-19
0
0
AT 31/32
0.3120673925897698431
1.9786199870240870894e-17
0
0
DERIV 1
-0.3927735044178887747
9.205162797709233868e-18
0
0
DERIV 2
0.3124544133336117357
8.180048233669722357e-19
0
0
DERIV 3
-0.21488922354352915645
3.952922017019556953e-18
0
0
DERIV 4
0.14469753511217753328
-1.2382365364502558050e-17
0
0
DERIV 5
-0.10037023811966648557
4.268479839827594667e-18
0
0
DERIV 6
0.07276901072396023407
-3.4531263268778571511e-18
0
0
DERIV 7
-0.05507709580985997722
-2.5507445163115073494e-18
0
0
DERIV 8
0.04325704645260844416
-2.1870806725872738670e-18
0
0
DERIV 9
-0.03502775264899217478
-7.809310382864934231e-19
0
0
DERIV 10
0.029084071279482742040
7.293106736070598724e-19
0
0
DERIV 11
-0.024653880043569879887
-6.227013421976138326e-19
0
0
DERIV 12
0.021262423111026277495
4.425963299421779236e-19
0
0
DERIV 13
-0.018606635987529360210
-5.241640831799192877e-19
0
0
DERIV 14
0.016486319427504243090
3.483479591381240008e-19
0
0
DERIV 15
-0.014765130705120015769
-3.125489673249355318e-19
0
0
DERIV 16
0.013347679737335763073
-8.600014870637800779e-19
0
0
DERIV 17
-0.012165621680775142582
-3.531664571265329647e-19
0
0
DERIV 18
0.011168947041143508989
-2.204085465697120721e-19
0
0
DERIV 19
-0.010320371582276943734
8.020006440652447953e-19
0
0
DERIV 20
0.009591630062834697809
-8.124557038874802799e-19
0
0
DERIV 21
-0.008960971066084410380
-5.611067885719235753e-19
0
0
DERIV 22
0.008411428314288350860
5.757908123547117046e-19
0
0
DERIV 23
-0.007929605242440150581
2.470304114205761405e-19
0
0
DERIV 24
0.007504805771683957863
5.148059244993763153e-21
0
0
DERIV 25
-0.007128402949709441994
-2.351686424072561786e-19
0
0
DERIV 26
0.006793373808853654314
-1.6020198153784708531e-19
0
0
DERIV 27
-0.006493952188536509205
-1.8359311251307418622e-19
0
0
DERIV 28
0.006225366478977393744
4.843910247938977210e-20
0
0
DERIV 29
-0.005983639308414606152
-5.520102474905184906e-20
0
0
DERIV 30
0.005765432966597449672
-2.421152408234697528e-19
0
0
DERIV 31
-0.005567928981265649231
3.283331421530762035e-20
0
0
DERIV 32
0.005388733467080417464
2.210070849122782484e-19
0
0
DERIV 33
-0.005225802114135849955
3.176150296615816504e-19
0
0
DERIV 34
0.005077380279996583472
-1.1745881171322731453e-19
0
0
DERIV 35
-0.004941954796693531597
-3.573836602684825430e-19
0
0
AT 63/64
0.3060057781938768096
2.2682767659523819384e-17
0
0
DERIV 1
-0.3831645151716384645
-1.1311854714731145206e-17
0
0
DERIV 2
0.3025896754399524657
-6.760345783042467233e-18
0
0
DERIV 3
-0.20608523297653477679
-9.650511602899707659e-18
0
0
DERIV 4
0.13711542120896061392
-4.860943019189631506e-18
0
0
DERIV 5
-0.09382153675178814267
5.629573566357445836e-18
0
0
DERIV 6
0.06702978544843277153
-5.088404340728239767e-18
0
0
DERIV 7
-0.04996498217835990130
-1.6355935260615192263e-18
0
0
DERIV 8
0.03863588384716635377
9.236602577658761773e-19
0
0
DERIV 9
-0.030797331396293425865
-1.3386711777043936244e-18
0
0
DERIV 10
0.025169936999819026574
-1.7062582142781307373e-18
0
0
DERIV 11
-0.020999758332580657771
1.3252875116528483016e-18
0
0
DERIV 12
0.017824976491491145714
1.1416893874685804747e-18
0
0
DERIV 13
-0.015351881149750862265
8.106279169433542610e-19
0
0
DERIV 14
0.013387160197220198884
-5.211973322928578532e-19
0
0
DERIV 15
-0.011799633366444456720
-4.218339386001689303e-19
0
0
DERIV 16
0.010497846064896811796
2.1240845640930507714e-19
0
0
DERIV 17
-0.009416500505203352633
3.450219329788612286e-19
0
0
DERIV 18
0.008507979969992297137
4.196558969316508755e-19
0
0
DERIV 19
-0.007736903478046702753
-1.4979124418750536684e-19
0
0
DERIV 20
0.007076537389676548773
-3.977538449530566121e-19
0
0
DERIV 21
-0.006506375897000235380
-3.032156195694557993e-19
0
0
DERIV 22
0.006010475513420801032
-2.6679493007368372841e-20
0
0
DERIV 23
-0.005576286880014623415
-3.808944644022351884e-19
0
0
DERIV 24
0.005193821302057159174
-2.0831255145740533988e-19
0
0
DERIV 25
-0.004855046787352714291
-2.676599897249077977e-19
0
0
DERIV 26
0.004553444122858062507
-2.263774977210910193e-19
0
0
DERIV 27
-0.004283676296204991241
4.318114863234966807e-19
0
0
DERIV 28
0.004041339346701458904
3.629774679867549614e-19
0
0
DERIV 29
-0.003822772492940560655
-7.847093201190481991e-20
0
0
DERIV 30
0.003624911940035509695
-6.166236437693824485e-20
0
0
DERIV 31
-0.003445177239407993652
1.1275528607485951889e-19
0
0
DERIV 32
0.003281382165027100280
-6.342778766276742063e-20
0
0
DERIV 33
-0.003131664235683826337
1.5202824058685963263e-19
0
0
DERIV 34
0.002994428548983014363
-1.7595366049531323254e-19
0
0
DERIV 35
-0.002868302694821123905
-1.9467109499160737097e-20
0
0
AT 1
0.3000919290103277737
-1.0921175078938181510e-17
0
0
DERIV 1
-0.3738574645230560156
-2.1627048837061772010e-17
0
0
DERIV 2
0.2931267627719555402
1.0663416235687416157e-17
0
0
DERIV 3
-0.19773956392742778054
9.337778152959891927e-18
0
0
DERIV 4
0.13002457067396855361
1.7592942625466867753e-18
0
0
DERIV 5
-0.08778563449677964647
-5.111767180801447482e-18
0
0
DERIV 6
0.06181941572997689399
3.2522151513183003535e-18
0
0
DERIV 7
-0.04539505476592605587
1.7145274035290921679e-19
0
0
DERIV 8
0.03456882461311584775
1.4713493466952949627e-18
0
0
DERIV 9
-0.027132178729764616643
1.9194092931689708350e-19
0
0
DERIV 10
0.021831840358161488241
-4.816989909723392728e-19
0
0
DERIV 11
-0.017932250847815189854
1.1831600960966880241e-18
0
0
DERIV 12
0.014984651734891088828
-3.659625052302557296e-19
0
0
DERIV 13
-0.012704765734136470173
-3.529356903639332502e-19
0
0
DERIV 14
0.010906220675823764463
7.398794189140508586e-19
0
0
DERIV 15
-0.009463035685886011031
-1.9488897436061002505e-19
0
0
DERIV 16
0.008287718585706293703
-2.670732296510151901e-19
0
0
DERIV 17
-0.007318039056346642771
-3.421006403114405436e-19
0
0
DERIV 18
0.006508789224794192009
-2.506873363553042129e-19
0
0
DERIV 19
-0.005826504469306982743
-7.636594317251925096e-20
0
0
DERIV 20
0.005245993799878140296
-1.4356191910780892856e-20
0
0
DERIV 21
-0.004748006618241824850
1.3630843247461131282e-19
0
0
DERIV 22
0.004317630801100642672
3.538996910671627700e-19
0
0
DERIV 23
-0.003943172032738396192
2.838505357925820641e-19
0
0
DERIV 24
0.003615356314367614097
1.0746718098289926540e-19
0
0
DERIV 25
-0.003326753552812567426
-5.429596341806208534e-20
0
0
DERIV 26
0.003071354968241438946
6.020218002964092049e-20
0
0
DERIV 27
-0.002844259199233738905
-7.423895440748111711e-20
0
0
DERIV 28
0.002641436325372396605
6.726486781281146999e-20
0
0
DERIV 29
-0.002459548484922361149
9.541959756926222975e-20
0
0
DERIV 30
0.002295812104745208106
-4.390380987917222639e-20
0
0
DERIV 31
-0.002147891074355667319
1.2584071690223661280e-19
0
0
DERIV 32
0.002013813174445328123
-1.8504523521098308622e-19
0
0
DERIV 33
-0.0018919041533709743657
5.144962772053623092e-20
0
0
DERIV 34
0.0017807353200997291451
3.798979951113067955e-21
0
0
DERIV 35
-0.0016790815785169713268
4.790159381671718604e-20
0
0
AT 33/32
0.2886892267568222925
6.814266903064241130e-18
0
0
DERIV 1
-0.3561008926669889663
1.6183987239034371190e-17
0
0
DERIV 2
0.2753246081202495588
-2.6164897473521460574e-17
0
0
DERIV 3
-0.18230750218248786831
3.4511557787711298342e-18
0
0
DERIV 4
0.11716734592015483341
6.130594264794448855e-18
0
0
DERIV 5
-0.07706947344430017943
5.072832771490830057e-18
0
0
DERIV 6
0.05276907377704233987
9.683327179642108030e-19
0
0
DERIV 7
-0.03763207276604518814
1.1630990781243564403e-18
0
0
DERIV 8
0.027813625639053353444
1.4377939759623820910e-18
0
0
DERIV 9
-0.021180335542208755112
1.2966003262573284330e-18
0
0
DERIV 10
0.016532171606524353330
3.016995069932914106e-19
0
0
DERIV 11
-0.013170920112703111624
-1.2568370766558283245e-19
0
0
DERIV 12
0.010674286718132482144
-6.509408628618643865e-19
0
0
DERIV 13
-0.008777073480506554504
-1.8134804936844826348e-19
0
0
DERIV 14
0.007306925694631446686
3.536023402748188360e-19
0
0
DERIV 15
-0.006148352897567949810
1.4538684582364126103e-20
0
0
DERIV 16
0.005221850408603401217
8.389202620898508613e-20
0
0
DERIV 17
-0.004471366683864885783
-1.5358140161052970908e-19
0
0
DERIV 18
0.003856542783516561657
-6.140361616380641985e-20
0
0
DERIV 19
-0.003347769419381907245
-2.0424611127231547759e-19
0
0
DERIV 20
0.002922957473554173638
-3.806156359312435531e-20
0
0
DERIV 21
-0.002565379028738897556
-1.7448342330964579443e-19
0
0
DERIV 22
0.002262193821880677247
1.5094463307442636398e-19
0
0
DERIV 23
-0.002003424453440874435
1.5085440603165904748e-19
0
0
DERIV 24
0.0017812314268184845090
-3.357051936572328849e-20
0
0
DERIV 25
-0.0015893922587637235744
6.074062315417382460e-20
0
0
DERIV 26
0.0014229218570383527810
-1.1601433661609969380e-21
0
0
DERIV 27
-0.0012777922204459291229
3.971908007203258429e-20
0
0
DERIV 28
0.0011507229753997421685
6.816093095228409434e-20
0
0
DERIV 29
-0.0010390231031750947997
-1.2034804088461267883e-21
0
0
DERIV 30
0.0009404701142749603707
-3.823266723484003406e-20
0
0
DERIV 31
-0.0008532169275979568446
1.5441843097447098416e-20
0
0
DERIV 32
0.0007757194632189424966
1.6336657297004899733e-20
0
0
DERIV 33
-0.0007066798742005826793
1.7535378205118476541e-20
0
0
DERIV 34
0.0006450016945616940476
3.822014797750496008e-20
0
0
DERIV 35
-0.0005897541448222230667
-3.479869850128457849e-20
0
0
AT 17/16
0.2778244914558694045
2.6179058923966001791e-17
0
0
DERIV 1
-0.3394132643143097927
3.777517254980441529e-18
0
0
DERIV 2
0.2588970194908042921
-9.652352491372453652e-18
0
0
DERIV 3
-0.16838321912052509055
4.067009461650877546e-18
0
0
DERIV 4
0.10585981012058512385
-1.6659356957630180556e-18
0
0
DERIV 5
-0.06790191691486545389
-4.361955231702097305e-18
0
0
DERIV 6
0.04524642973670812973
2.2921579787099250218e-18
0
0
DERIV 7
-0.03136665134228522334
1.8326441062499403224e-18
0
0
DERIV 8
0.022521568549259404074
-1.4538428470551805799e-18
0
0
DERIV 9
-0.016655364576625773798
-4.150184463216797491e-19
0
0
DERIV 10
0.012622514116105904014
-2.365337220465961425e-19
0
0
DERIV 11
-0.009762832628538848506
3.873438452553833277e-19
0
0
DERIV 12
0.007680874595754712784
-1.4334059438023241772e-19
0
0
DERIV 13
-0.006130741774999618615
4.257890472943465039e-20
0
0
DERIV 14
0.004954222912327672056
2.839661643142002244e-19
0
0
DERIV 15
-0.004046387643959071211
-4.311655742824891925e-19
0
0
DERIV 16
0.003335753825431280080
-5.982608422887498459e-21
0
0
DERIV 17
-0.002772461872520706663
-5.268674548509790691e-20
0
0
DERIV 18
0.002321000931276054249
-8.330962746278694126e-20
0
0
DERIV 19
-0.001955607090738201506
1.9438466095445126565e-19
0
0
DERIV 20
0.0016572772169699907709
1.0471282051296131864e-19
0
0
DERIV 21
-0.0014117863492125474947
9.906212858312068493e-20
0
0
DERIV 22
0.0012083439315066844648
-2.1121433844153891235e-20
0
0
DERIV 23
-0.0010386658586961430850
-5.750031718179488339e-22
0
0
DERIV 24
0.0008963227088044555197
2.737781341270411002e-20
0
0
DERIV 25
-0.0007762748370908358585
-1.4962917608335307792e-20
0
0
DERIV 26
0.0006745360474102822914
-6.983806945879308745e-21
0
0
DERIV 27
-0.0005879271146417132474
3.638632073679080713e-20
0
0
DERIV 28
0.0005138929946187234879
2.4746573105342345705e-20
0
0
DERIV 29
-0.0004503657717356087829
-5.915521253630297804e-22
0
0
DERIV 30
0.0003956608534882675716
-2.6852654804092967523e-20
0
0
DERIV 31
-0.0003483976049902323549
-2.0092835214300287671e-20
0
0
DERIV 32
0.0003074381375955393390
1.8414779539308627971e-20
0
0
DERIV 33
-0.0002718397139050371478
-2.2361147689469631011e-20
0
0
DERIV 34
0.00024081745851654075708
-7.367254611975805487e-21
0
0
DERIV 35
-0.00021371493510229040745
-1.3375581092234036262e-20
0
0
AT 35/32
0.2674656163919926777
-3.3773580432849765245e-18
0
0
DERIV 1
-0.3237129043585543764
1.6258575081382563132e-17
0
0
DERIV 2
0.24371127119757354795
3.2942269349558504038e-18
0
0
DERIV 3
-0.15578724193205828463
6.369466764205961584e-18
0
0
DERIV 4
0.09588086521530697626
-2.5644719203730780919e-18
0
0
DERIV 5
-0.06002489432603730357
-1.6541941949848881775e-18
0
0
DERIV 6
0.03896050308531124468
8.451275024037722232e-19
0
0
DERIV 7
-0.026278474854867159283
-5.560237874753241076e-19
0
0
DERIV 8
0.018346191706336324040
-5.301896462087780592e-19
0
0
DERIV 9
-0.013187534068126007328
4.219476087395551433e-19
0
0
DERIV 10
0.009712478187873414825
1.5538051415377316974e-19
0
0
DERIV 11
-0.007299324412666217433
-2.0031243795650892826e-19
0
0
DERIV 12
0.005579658474160409214
4.216300373727978030e-19
0
0
DERIV 13
-0.004326920578545007633
-2.236988873755235711e-19
0
0
DERIV 14
0.003397004279167592598
1.3594178244663764636e-19
0
0
DERIV 15
-0.002695458776836033837
-1.4829541925611943461e-19
0
0
DERIV 16
0.002158721808178239339
9.822461474360574295e-20
0
0
DERIV 17
-0.0017430123289635848349
3.729481813645257845e-20
0
0
DERIV 18
0.0014175500603554049787
-1.0342504627966212487e-19
0
0
DERIV 19
-0.0011602988424135119230
8.226522417103725818e-20
0
0
DERIV 20
0.0009552261585370767959
3.769608359047177730e-20
0
0
DERIV 21
-0.0007904982988624023208
-3.342125662694326054e-20
0
0
DERIV 22
0.0006572671671618065398
-5.372773729147882278e-20
0
0
DERIV 23
-0.0005488395801668937693
-1.9401834445339359130e-22
0
0
DERIV 24
0.0004600988671572058355
-1.9857349387637668037e-20
0
0
DERIV 25
-0.0003870959669904568980
1.0339457267261124660e-20
0
0
DERIV 26
0.0003267563137771670504
1.0128767356418462830e-20
0
0
DERIV 27
-0.0002766670402794056509
-1.8859452041061964497e-20
0
0
DERIV 28
0.00023492068195191315974
7.209183410638935204e-21
0
0
DERIV 29
-0.00019999914395725518147
2.8909896055979507640e-21
0
0
DERIV 30
0.00017068670405227164086
7.623745367532632165e-22
0
0
DERIV 31
-0.00014600418698796223025
-8.246212327764642854e-21
0
0
DERIV 32
0.00012515873472356562127
-2.416167369131056693e-22
0
0
DERIV 33
-0.00010750517479757560572
1.1616979222155502836e-21
0
0
DERIV 34
9.251609053052332432e-5
-4.900365946907413717e-21
0
0
DERIV 35
-7.975847410563011207e-5
-4.550181539208513499e-21
0
0
AT 9/8
0.2575829228555138184
2.2512569303783012621e-17
0
0
DERIV 1
-0.3089259330583435936
2.0297749033255545617e-17
0
0
DERIV 2
0.22965024242014323019
-5.075367147664430674e-18
0
0
DERIV 3
-0.14436538230389839299
3.0572958398549133410e-18
0
0
DERIV 4
0.08704579458383214507
-3.3763272575031300146e-18
0
0
DERIV 5
-0.05322887540530731043
-1.4412590113110666564e-18
0
0
DERIV 6
0.03368178368172134590
2.433947872755258966e-19
0
0
DERIV 7
-0.022122155095982504180
1.7244179994490275754e-18
0
0
DERIV 8
0.015029737658725410634
6.038818218886413182e-20
0
0
DERIV 9
-0.010509736736479370969
-6.086116402968167271e-19
0
0
DERIV 10
0.007528213173338373781
3.343007850235665308e-19
0
0
DERIV 11
-0.005502053553958728520
3.030877507067126837e-20
0
0
DERIV 12
0.004089749752745831975
-2.698661063583948016e-19
0
0
DERIV 13
-0.003083850332729150181
2.1002850184164712476e-20
0
0
DERIV 14
0.002354078929579522198
2.0972726021517557977e-19
0
0
DERIV 15
-0.0018161759045634974074
-8.727609909419843997e-20
0
0
DERIV 16
0.0014142129259476564178
-8.586842296710457699e-20
0
0
DERIV 17
-0.0011102123510393728783
-7.154037655584668519e-20
0
0
DERIV 18
0.0008778642889492516881
-4.091841772795726623e-20
0
0
DERIV 19
-0.0006986168951520700839
3.0143482800294254174e-21
0
0
DERIV 20
0.0005591820703389502410
7.723517703146168209e-21
0
0
DERIV 21
-0.0004499081343831934864
2.5115986343474687091e-20
0
0
DERIV 22
0.0003636965428195410477
2.3212051103159400165e-21
0
0
DERIV 23
-0.0002952675594517318387
1.3847179064272143439e-20
0
0
DERIV 24
0.00024065424447997695663
-8.766916288958401187e-21
0
0
DERIV 25
-0.00019684854628041392657
-1.3027448727111925378e-20
0
0
DERIV 26
0.00016155040464711477592
-7.045735971491787607e-21
0
0
DERIV 27
-0.00013298767377041214948
-3.640845273652313314e-21
0
0
DERIV 28
0.00010978540762221875471
5.592044268240878189e-21
0
0
DERIV 29
-9.086998889878260429e-5
-8.702917838094979446e-22
0
0
DERIV 30
7.539814059296704959e-5
5.150285124710094189e-21
0
0
DERIV 31
-6.270389842131761913e-5
-5.656316245569818590e-22
0
0
DERIV 32
5.225867699918038248e-5
-1.5096536736288326661e-21
0
0
DERIV 33
-4.364096967959110116e-5
1.7394362864773005694e-21
0
0
DERIV 34
3.651319704915788214e-5
-2.6858924870729899531e-21
0
0
DERIV 35
-3.060390235794624946e-5
-3.1070985297128827364e-21
0
0
AT 37/32
0.24814893103820370723
-2.6308115806010306665e-18
0
0
DERIV 1
-0.2949853605887955976
1.8532600409544472404e-17
0
0
DERIV 2
0.21661024597603162345
-6.963280249340614711e-19
0
0
DERIV 3
-0.13398462760770749047
8.710732535690264182e-18
0
0
DERIV 4
0.07919950459351643435
-4.102285247990745854e-18
0
0
DERIV 5
-0.04734274100639502408
8.860740820281976836e-19
0
0
DERIV 6
0.029228025482717238936
-5.989421348158985016e-19
0
0
DERIV 7
-0.018708274209913486330
-8.714635768071816979e-19
0
0
DERIV 8
0.012378817459230345016
-5.600486982723943059e-19
0
0
DERIV 9
-0.008427202908594989134
7.106969396204622092e-19
0
0
DERIV 10
0.005875658166691339300
4.069024209864857255e-19
0
0
DERIV 11
-0.004179342178488404565
-2.195620018827540475e-19
0
0
DERIV 12
0.003023181524753110541
1.8089586916842409789e-19
0
0
DERIV 13
-0.002218313307011856444
1.1092021019543135818e-19
0
0
DERIV 14
0.0016477739610268971136
-2.771912664252703278e-20
0
0
DERIV 15
-0.0012370037199767611267
1.0055895923022798262e-19
0
0
DERIV 16
0.0009372529120580955697
-4.085292296984422473e-20
0
0
DERIV 17
-0.0007159313261963323695
5.404342702668949453e-20
0
0
DERIV 18
0.0005508226707377480774
-1.8963758305612975821e-20
0
0
DERIV 19
-0.0004265199994796354350
2.1380986133893378167e-20
0
0
DERIV 20
0.0003321749934501695353
-5.250364057974653109e-21
0
0
DERIV 21
-0.0002600452588825251528
-2.5327591631779653652e-20
0
0
DERIV 22
0.00020453803342573259908
1.0475616078155852158e-20
0
0
DERIV 23
-0.00016156941720987141159
1.0633877528332167528e-20
0
0
DERIV 24
0.00012812810902667473643
1.2408413221944034894e-20
0
0
DERIV 25
-0.00010197405707917048809
1.5135592936199760342e-21
0
0
DERIV 26
8.142755707689395097e-5
6.040670226433908395e-21
0
0
DERIV 27
-6.521988123348357834e-5
-4.980852670035576311e-21
0
0
DERIV 28
5.238633008338891534e-5
-9.884379343430013870e-22
0
0
DERIV 29
-4.218889331799930873e-5
-3.1984120584884797037e-21
0
0
DERIV 30
3.405980981637595856e-5
-6.948785157827884134e-22
0
0
DERIV 31
-2.7560032446937667743e-5
-9.703018853745345611e-22
0
0
DERIV 32
2.2348424384080120553e-5
2.181915202761736898e-22
0
0
DERIV 33
-1.8158750529150209549e-5
-1.1687609759701161789e-21
0
0
DERIV 34
1.4782377461722256946e-5
5.072625694445561858e-22
0
0
DERIV 35
-1.2055185618543753150e-5
7.016274879886730401e-22
0
0
AT 19/16
0.23913815722309628153
-3.3343992006556118951e-18
0
0
DERIV 1
-0.2818303060362643553
2.2584079199137953926e-17
0
0
DERIV 2
0.20449920559297890543
-6.216200483752287076e-18
0
0
DERIV 3
-0.12452978605363514142
3.898219894554362612e-18
0
0
DERIV 4
0.07221115946372456962
2.8605456303421912639e-18
0
0
DERIV 5
-0.04222596704393041800
-1.7577784034294800224e-18
0
0
DERIV 6
0.025453592530678623151
3.964771897703169218e-19
0
0
DERIV 7
-0.015889568715906736418
-1.1344379587421402085e-18
0
0
DERIV 8
0.010247176066406914891
-8.485613430920448442e-19
0
0
DERIV 9
-0.006796658651784239988
1.3563166221201721490e-19
0
0
DERIV 10
0.004615970199835714438
-2.510325609295698518e-19
0
0
DERIV 11
-0.003197814110791912749
8.960434430970209582e-20
0
0
DERIV 12
0.002252752050510157915
-8.103687307797094059e-20
0
0
DERIV 13
-0.0016097302994677563370
-6.246878518937321279e-20
0
0
DERIV 14
0.0011643766141604873932
-9.606935647887816055e-20
0
0
DERIV 15
-0.0008511804351508720336
4.074885479819523141e-21
0
0
DERIV 16
0.0006279924661510023071
1.8658462954775815012e-20
0
0
DERIV 17
-0.0004671004399116469017
-2.2361329371425627879e-20
0
0
DERIV 18
0.0003499352382810095100
-2.2909017237174672008e-20
0
0
DERIV 19
-0.0002638450338703475723
1.1062541243745733615e-20
0
0
DERIV 20
0.00020008177647099821355
-1.3382617442758538311e-20
0
0
DERIV 21
-0.00015251711347813418735
7.253561008049934150e-21
0
0
DERIV 22
0.00011680760476500959071
6.731531222136022116e-21
0
0
DERIV 23
-8.984259423127503765e-5
3.3639974836068254632e-21
0
0
DERIV 24
6.937333008872546532e-5
1.0184867475920867778e-21
0
0
DERIV 25
-5.376033037473614061e-5
-2.1734583519131358955e-21
0
0
DERIV 26
4.179910621239746283e-5
3.854504119010706594e-22
0
0
DERIV 27
-3.259855319174142661e-5
-2.8430483802397042495e-21
0
0
DERIV 28
2.5495204400591822073e-5
1.1902547827004899022e-21
0
0
DERIV 29
-1.9992191606883304627e-5
9.130881302270269166e-22
0
0
DERIV 30
1.5715414933211729632e-5
-1.1343649031229083705e-21
0
0
DERIV 31
-1.2381817119957319739e-5
-2.818648724495944920e-22
0
0
DERIV 32
9.776250198925382515e-6
-6.476649788352259710e-22
0
0
DERIV 33
-7.734492898781185122e-6
6.117644800747730070e-22
0
0
DERIV 34
6.130705217887552665e-6
1.4460104887567834836e-22
0
0
DERIV 35
-4.868107035458215421e-6
2.341766286908290023e-22
0
0
AT 39/32
0.23052693369819857172
2.2950637815881540416e-18
0
0
DERIV 1
-0.2694053211043813678
-1.5627645508728071151e-17
0
0
DERIV 2
0.19323511850282537594
5.967652218351457500e-18
0
0
DERIV 3
-0.11590073222592107982
-2.1412745657286591147e-18
0
0
DERIV 4
0.06596989500580566212
4.556527136724087396e-18
0
0
DERIV 5
-0.03776254984225169142
2.3381116422097962595e-18
0
0
DERIV 6
0.022241404798851126950
-1.7623184731231000121e-19
0
0
DERIV 7
-0.013550771222815258948
-4.839234853315554305e-20
0
0
DERIV 8
0.008523368614979117894
-3.226534585352805084e-19
0
0
DERIV 9
-0.005511832815090787763
6.810121142464961565e-20
0
0
DERIV 10
0.003648908540100198692
-1.3923578290133505044e-19
0
0
DERIV 11
-0.002463745271969847508
5.923246163540051883e-20
0
0
DERIV 12
0.0016914644691822930053
-6.390384173413415077e-20
0
0
DERIV 13
-0.0011778395679076635733
7.529422452185974012e-20
0
0
DERIV 14
0.0008302219072666800967
5.900772391551309516e-21
0
0
DERIV 15
-0.0005913967762656386837
-2.310611038577782019e-22
0
0
DERIV 16
0.0004251678147391436133
-9.481760113534960557e-21
0
0
DERIV 17
-0.0003081477278784213705
-1.3867870625463364712e-20
0
0
DERIV 18
0.00022494414367008901579
-2.4908816209079255649e-21
0
0
DERIV 19
-0.00016526118507952070828
-7.994808486652084218e-22
0
0
DERIV 20
0.00012211295856113794814
1.2917591477248586996e-20
0
0
DERIV 21
-9.069910150748730485e-5
-3.861526015989838475e-21
0
0
DERIV 22
6.768369186662691914e-5
3.687458048987111234e-21
0
0
DERIV 23
-5.072503569143024582e-5
2.270551310535544251e-22
0
0
DERIV 24
3.816441981825049871e-5
-2.5377462672796247219e-21
0
0
DERIV 25
-2.8817292687996525413e-5
5.103245245144958600e-22
0
0
DERIV 26
2.1831451138910339024e-5
-8.421626210141569599e-23
0
0
DERIV 27
-1.6589666323473949323e-5
4.881107070070319527e-22
0
0
DERIV 28
1.2642151647158719887e-5
1.3584308077090594205e-22
0
0
DERIV 29
-9.659299017083036471e-6
-5.485889005110941214e-22
0
0
DERIV 30
7.398324341208265133e-6
-1.3138171249621989394e-22
0
0
DERIV 31
-5.679549202649974937e-6
1.4045290992936768560e-22
0
0
DERIV 32
4.369416635014294881e-6
-3.429470763332395499e-22
0
0
DERIV 33
-3.368250670693084706e-6
-4.110873684228066363e-23
0
0
DERIV 34
2.601382278953929004e-6
-1.2888646342981156540e-22
0
0
DERIV 35
-2.012680529276071973e-6
8.945391407340598373e-23
0
0
AT 5/4
0.22229324838315911439
-1.2463843524676514581e-17
0
0
DERIV 1
-0.2576598023338959598
-2.6278410035081903300e-17
0
0
DERIV 2
0.18274475289629385499
1.0404224802468334741e-17
0
0
DERIV 3
-0.10801013367452079461
3.3247892208184062317e-18
0
0
DERIV 4
0.06038137362540138553
-3.2787651014057574588e-18
0
0
DERIV 5
-0.03385625275076049878
-1.1091219660788978582e-18
0
0
DERIV 6
0.019496803249399209668
8.247569484541225931e-19
0
0
DERIV 7
-0.011601078989183558760
-6.247373177778311499e-19
0
0
DERIV 8
0.007121867644704233183
6.622158056650927991e-20
0
0
DERIV 9
-0.004493278925750568073
4.979718207020881874e-20
0
0
DERIV 10
0.002901478688011882578
-2.2772009258863766614e-20
0
0
DERIV 11
-0.0019106597758214410431
-3.698057701442155837e-20
0
0
DERIV 12
0.0012792195825788402631
-6.661104314500892146e-20
0
0
DERIV 13
-0.0008686385973335663179
1.0083714737447656784e-20
0
0
DERIV 14
0.0005970376460659630128
-5.298880639022399974e-21
0
0
DERIV 15
-0.0004146958270350845945
6.572364316655401111e-21
0
0
DERIV 16
0.0002907007163518609324
-2.2623864323792853750e-20
0
0
DERIV 17
-0.00020543463807035905314
-5.903508670946291903e-21
0
0
DERIV 18
0.00014622237525102496592
4.401697631752056133e-22
0
0
DERIV 19
-0.00010474443721892474619
-5.335527900510664057e-22
0
0
DERIV 20
7.546404968372414312e-5
4.132693823373440175e-21
0
0
DERIV 21
-5.465091563578851032e-5
-2.598069069680456210e-22
0
0
DERIV 22
3.976425802727803863e-5
-6.757374363559328363e-22
0
0
DERIV 23
-2.9056560096368828493e-5
-6.087409732269361718e-22
0
0
DERIV 24
2.1315344454812212670e-5
-3.784921583946895127e-22
0
0
DERIV 25
-1.5692703867498575726e-5
1.6201523499616912627e-21
0
0
DERIV 26
1.1591438400624215060e-5
5.703357781141026298e-22
0
0
DERIV 27
-8.588193946395584772e-6
5.709522168397155165e-22
0
0
DERIV 28
6.381078604694636136e-6
-4.017905854639237920e-22
0
0
DERIV 29
-4.753649310557495107e-6
1.4066148059303396931e-23
0
0
DERIV 30
3.549955570204532070e-6
-6.253052299271884173e-23
0
0
DERIV 31
-2.657119501474816021e-6
9.761144320806207006e-23
0
0
DERIV 32
1.993095198649690124e-6
1.7853249642587350842e-22
0
0
DERIV 33
-1.4980147473122111756e-6
-9.614141605416243057e-23
0
0
DERIV 34
1.1280353961715060760e-6
5.233339618650628969e-24
0
0
DERIV 35
-8.509421903548456316e-7
2.845880833501380080e-23
0
0
AT 41/32
0.21441660161827921782
3.475666595070014288e-18
0
0
DERIV 1
-0.24654747847013117057
4.136287076288092963e-18
0
0
DERIV 2
0.17296253969162234121
9.002864750212815971e-19
0
0
DERIV 3
-0.10078156521883617491
-4.184803000438307323e-18
0
0
DERIV 4
0.05536499966069256817
3.486191637431211256e-19
0
0
DERIV 5
-0.030426862662350270816
-1.0667327272571108963e-18
0
0
DERIV 6
0.017142843209272808774
-1.5624458207745682416e-18
0
0
DERIV 7
-0.009968525828431336333
7.927029368491392347e-19
0
0
DERIV 8
0.005976590555376067558
3.757722133024997154e-20
0
0
DERIV 9
-0.003681160176733974838
2.1674964706707653834e-19
0
0
DERIV 10
0.002320092480710712283
-3.010385353729371576e-20
0
0
DERIV 11
-0.0014909903645125826416
-1.2204978808708036882e-20
0
0
DERIV 12
0.0009741030133435677136
-1.6053574599161043460e-20
0
0
DERIV 13
-0.0006454205516339901793
-2.883931245903787174e-20
0
0
DERIV 14
0.0004328452616413311122
1.7960351240491469809e-20
0
0
DERIV 15
-0.0002933433667671084917
2.3372780491562696585e-20
0
0
DERIV 16
0.00020063190229931867335
-2.6824498454360755004e-21
0
0
DERIV 17
-0.00013833391464386989803
2.9293084929005811883e-21
0
0
DERIV 18
9.606502204107380952e-5
-1.0696654597499698326e-21
0
0
DERIV 19
-6.713906831614382075e-5
1.1808151046542788405e-21
0
0
DERIV 20
4.719267121762591219e-5
5.773256170793986583e-22
0
0
DERIV 21
-3.334416198890800299e-5
2.4741896118735693654e-21
0
0
DERIV 22
2.3670171161943575082e-5
-6.328556051726998612e-22
0
0
DERIV 23
-1.6874753482207879054e-5
-2.756956459375602068e-22
0
0
DERIV 24
1.2077280380983702510e-5
6.102233161032051978e-22
0
0
DERIV 25
-8.674753881048736829e-6
-2.214928265267234702e-22
0
0
DERIV 26
6.251417405581800158e-6
-6.881598461158153835e-23
0
0
DERIV 27
-4.518810363208837081e-6
-3.917216293438457301e-22
0
0
DERIV 28
3.275645542632788518e-6
-2.0713481106151103161e-22
0
0
DERIV 29
-2.380729158415337550e-6
-1.7438138324665645723e-22
0
0
DERIV 30
1.7345442994579690590e-6
-1.9525403644013418461e-23
0
0
DERIV 31
-1.2666389275573711221e-6
-1.0531167040441362181e-22
0
0
DERIV 32
9.269338457164303407e-7
-2.5447178764546262997e-23
0
0
DERIV 33
-6.796971774091166571e-7
-2.4858961687051370804e-23
0
0
DERIV 34
4.993448175484541247e-7
-2.1396119988611672970e-23
0
0
DERIV 35
-3.674989550961733348e-7
-1.3995690882782835545e-23
0
0
AT 21/16
0.20687787794603285096
7.305116102695437619e-18
0
0
DERIV 1
-0.23602596189328003962
-1.5019315059554055517e-18
0
0
DERIV 2
0.16382962584929644523
-7.757413997976985596e-18
0
0
DERIV 3
-0.09414793747182965966
-2.7488011932870343556e-18
0
0
DERIV 4
0.05085165629995289094
-1.0603003716735575496e-18
0
0
DERIV 5
-0.027407223853928849161
-4.967881217594557432e-19
0
0
DERIV 6
0.015116658941320427686
-4.011400960077454789e-19
0
0
DERIV 7
-0.008595744775684244915
4.793260228664868260e-19
0
0
DERIV 8
0.005036149957324914835
-3.286849703412686110e-19
0
0
DERIV 9
-0.003030089344148159322
7.666949419326994617e-20
0
0
DERIV 10
0.0018651036526779981358
-2.5488633391362621032e-20
0
0
DERIV 11
-0.0011704136670197813445
6.633393978716206451e-20
0
0
DERIV 12
0.0007466177272208113311
5.385533086421941028e-20
0
0
DERIV 13
-0.0004829921843622928608
-1.3967591117951746138e-20
0
0
DERIV 14
0.0003162400824909303407
8.961418849580716663e-22
0
0
DERIV 15
-0.00020923558922113596505
-1.7338008987750819633e-21
0
0
DERIV 16
0.00013970943688863137855
-1.1634334071028540530e-20
0
0
DERIV 17
-9.404042072157885992e-5
2.4886341090748563311e-21
0
0
DERIV 18
6.375387210687106479e-5
-4.447840138698671611e-22
0
0
DERIV 19
-4.349790313348345181e-5
-5.408973866236459161e-22
0
0
DERIV 20
2.9848083824134478677e-5
8.990876836814383795e-22
0
0
DERIV 21
-2.0587723876783833328e-5
-9.875809891597620586e-22
0
0
DERIV 22
1.4267068758709640515e-5
8.087296542252665860e-22
0
0
DERIV 23
-9.929197728099035055e-6
-3.092960877635641460e-22
0
0
DERIV 24
6.937261092725517971e-6
-1.0064020249831036660e-22
0
0
DERIV 25
-4.864265063948134970e-6
2.6191517848662668569e-23
0
0
DERIV 26
3.421991468440016659e-6
8.230839399898753231e-24
0
0
DERIV 27
-2.414705668564296906e-6
2.0297146675415858981e-22
0
0
DERIV 28
1.7087402908216927719e-6
-4.942045409747231198e-23
0
0
DERIV 29
-1.2123491819945706485e-6
-9.839254286300086076e-23
0
0
DERIV 30
8.622660227747498824e-7
-4.748943694415641541e-23
0
0
DERIV 31
-6.146763207144045157e-7
-3.871269573316675915e-23
0
0
DERIV 32
4.391165910470014340e-7
5.125800405628791826e-24
0
0
DERIV 33
-3.143284908979876548e-7
-4.132215905108484034e-24
0
0
DERIV 34
2.2542691021700678577e-7
1.6301681953204659969e-25
0
0
DERIV 35
-1.6195637063799071163e-7
4.876090817979442885e-24
0
0
AT 43/32
0.19965923103177665721
5.730195520232572788e-19
0
0
DERIV 1
-0.22605635487533304318
6.199252928675351223e-18
0
0
DERIV 2
0.15529306260812550389
1.1018227791299834683e-17
0
0
DERIV 3
-0.08805018136803774431
-3.951145682670415245e-18
0
0
DERIV 4
0.04678185693541454110
3.1835490821020079654e-18
0
0
DERIV 5
-0.024740874107177360242
5.643626969214610027e-19
0
0
DERIV 6
0.013366637465490011777
-7.957811279203623042e-19
0
0
DERIV 7
-0.007436755113866952947
1.7394942354225414307e-19
0
0
DERIV 8
0.004260341167018442433
1.3190057431032483903e-19
0
0
DERIV 9
-0.002505407179626739558
-2.0991100379154807767e-19
0
0
DERIV 10
0.0015069643883129054448
-6.390071965589958166e-21
0
0
DERIV 11
-0.0009239647352539273953
-1.6457539760566313391e-21
0
0
DERIV 12
0.0005758263696341499880
4.228736981498795187e-20
0
0
DERIV 13
-0.0003639025608436761202
8.183264483464256119e-21
0
0
DERIV 14
0.00023275356448415352459
-6.747309342789590282e-21
0
0
DERIV 15
-0.00015043096313042692838
3.2139253009125635493e-21
0
0
DERIV 16
9.811624290700830342e-5
4.930489293179891003e-21
0
0
DERIV 17
-6.451144215124455161e-5
6.766485734006814191e-21
0
0
DERIV 18
4.271996628187826482e-5
1.3300502033680623267e-21
0
0
DERIV 19
-2.8470235864883610625e-5
7.809920506337720624e-22
0
0
DERIV 20
1.9082474621898651973e-5
6.898822405818202798e-22
0
0
DERIV 21
-1.2856411419494972467e-5
-1.9859251492770190286e-22
0
0
DERIV 22
8.702369587877784268e-6
-1.0563195016649081992e-22
0
0
DERIV 23
-5.915708617534633839e-6
-1.5662859493160356846e-22
0
0
DERIV 24
4.037097843137208084e-6
3.347923139505529852e-22
0
0
DERIV 25
-2.764942309707893856e-6
1.6333683513047552405e-22
0
0
DERIV 26
1.8999165498880733979e-6
-8.038628366894467413e-24
0
0
DERIV 27
-1.3095010669896760174e-6
8.278023215738797406e-23
0
0
DERIV 28
9.051137560199139060e-7
-2.8047536629989481183e-24
0
0
DERIV 29
-6.272486966299057289e-7
8.501915890026990537e-24
0
0
DERIV 30
4.357504217729870867e-7
-7.272820827703140697e-24
0
0
DERIV 31
-3.034080828853973119e-7
-5.500779214769681430e-24
0
0
DERIV 32
2.1171142810442222152e-7
8.207257344103448288e-24
0
0
DERIV 33
-1.4802385455251853500e-7
-1.2421919429845292386e-23
0
0
DERIV 34
1.0369002423422620109e-7
5.214049943269451132e-24
0
0
DERIV 35
-7.276328360301394725e-8
-3.563124079666171961e-24
0
0
AT 11/8
0.19274398013464286161
1.1645092638598518806e-17
0
0
DERIV 1
-0.21660290293320666466
-1.3626150385699305158e-17
0
0
DERIV 2
0.14730510689779943712
-2.9990755959059422313e-18
0
0
DERIV 3
-0.08243614231089510525
4.272300153135191917e-19
0
0
DERIV 4
0.04310422768476226268
-1.6424937077376707234e-18
0
0
DERIV 5
-0.022380150429661092859
-1.2712118300043523420e-18
0
0
DERIV 6
0.011850207993907138637
-8.186660991704521783e-19
0
0
DERIV 7
-0.006454509625820243485
3.855922172995335659e-19
0
0
DERIV 8
0.003617525382177539956
-2.2711529252377938513e-20
0
0
DERIV 9
-0.002080476718328152976
1.1971855236263312673e-19
0
0
DERIV 10
0.0012234985949582388720
4.871931896055266669e-20
0
0
DERIV 11
-0.0007333472269462101671
-1.1513827527721105525e-20
0
0
DERIV 12
0.0004467454011446212294
-1.6032600567728302570e-20
0
0
DERIV 13
-0.0002759573297952559517
-2.6085400463370113662e-20
0
0
DERIV 14
0.00017251375818535185595
-4.202253032781820769e-21
0
0
DERIV 15
-0.00010897397074094750699
-5.139416987501389503e-21
0
0
DERIV 16
6.946653433722429019e-5
-4.990491306479049262e-21
0
0
DERIV 17
-4.463895742074476471e-5
-7.184556403550093057e-23
0
0
DERIV 18
2.8889882744587510764e-5
-1.6511262910078088342e-21
0
0
DERIV 19
-1.8816537274418322119e-5
7.809672577619437782e-23
0
0
DERIV 20
1.2325771544514691855e-5
3.316608477491329083e-22
0
0
DERIV 21
-8.115730263557553774e-6
5.634430097007340439e-22
0
0
DERIV 22
5.368734143127295314e-6
-2.634656885658939658e-22
0
0
DERIV 23
-3.566696452934315381e-6
1.7009961386425097024e-22
0
0
DERIV 24
2.378769695448072240e-6
1.0531664354722446039e-22
0
0
DERIV 25
-1.5921790525267448118e-6
9.017398519749895188e-23
0
0
DERIV 26
1.0692080069599531293e-6
-9.338710870459973116e-23
0
0
DERIV 27
-7.202025445217356818e-7
4.943011179469970770e-23
0
0
DERIV 28
4.864883709148545318e-7
-4.359713364470131470e-23
0
0
DERIV 29
-3.294799901520269819e-7
-1.1163129507541134717e-23
0
0
DERIV 30
2.2369002720362828746e-7
-9.062911410498840810e-24
0
0
DERIV 31
-1.5221417367686308307e-7
4.960241269513013133e-24
0
0
DERIV 32
1.0379849475964770079e-7
4.143758930195344057e-25
0
0
DERIV 33
-7.092461323431736509e-8
-2.8090050388386551470e-24
0
0
DERIV 34
4.855349535653472318e-8
1.7140004883233631427e-25
0
0
DERIV 35
-3.329767004302287347e-8
-2.4204550146301579229e-24
0
0
AT 45/32
0.18611651676128790345
7.630124073397545876e-18
0
0
DERIV 1
-0.20763268878037113851
-3.784436367887758946e-18
0
0
DERIV 2
0.13982261808159324179
7.369123559472672416e-18
0
0
DERIV 3
-0.07725964677757182764
-2.9385866474441501727e-18
0
0
DERIV 4
0.03977425596715864625
-1.7634599282230012490e-18
0
0
DERIV 5
-0.020284663122736565355
2.2622535652846373192e-20
0
0
DERIV 6
0.010532102775550037169
6.845828371802692651e-19
0
0
DERIV 7
-0.005619010127464373928
-1.3954674997246708224e-19
0
0
DERIV 8
0.003082666409241260203
-1.0556807280657680098e-19
0
0
DERIV 9
-0.0017347011470528028287
-4.075841861818164180e-20
0
0
DERIV 10
0.0009979514873652772181
1.7359002707012528154e-20
0
0
DERIV 11
-0.0005850548418114349036
-3.669421281857942355e-20
0
0
DERIV 12
0.0003485682037908062253
-8.393802734284021004e-21
0
0
DERIV 13
-0.00021056386837771818568
6.403780959241286276e-21
0
0
DERIV 14
0.00012872467929563250334
-7.945671405577512226e-21
0
0
DERIV 15
-7.951413336486397722e-5
4.166544940778677130e-21
0
0
DERIV 16
4.956458832369428820e-5
1.1421149622327745117e-21
0
0
DERIV 17
-3.114422088433825060e-5
1.0795701476284805867e-21
0
0
DERIV 18
1.9709321358804618717e-5
-1.4547312833334290593e-21
0
0
DERIV 19
-1.2552324291269228786e-5
3.247954508378870757e-22
0
0
DERIV 20
8.039963277850245511e-6
-2.183966513821487049e-22
0
0
DERIV 21
-5.176314431304606005e-6
-4.219912101093149663e-22
0
0
DERIV 22
3.348236334510147893e-6
-1.3369303335172620520e-22
0
0
DERIV 23
-2.175003456944477918e-6
1.5975627210367980173e-22
0
0
DERIV 24
1.4183862457367024803e-6
-5.810940105596301596e-23
0
0
DERIV 25
-9.282848694900970005e-7
3.447570222125283380e-23
0
0
DERIV 26
6.095340001172095974e-7
-1.2601033806300777538e-23
0
0
DERIV 27
-4.014542029511568886e-7
2.4968044706002371198e-23
0
0
DERIV 28
2.651543863610906124e-7
-2.2473490023403486119e-23
0
0
DERIV 29
-1.7559003109417392309e-7
1.1892691106525432840e-23
0
0
DERIV 30
1.1656319227478315717e-7
-4.936691437318105761e-24
0
0
DERIV 31
-7.755566167815765681e-8
3.790356031615328666e-24
0
0
DERIV 32
5.171216585144054582e-8
5.888144667450379385e-25
0
0
DERIV 33
-3.454948736066143451e-8
-2.4257199954484036637e-24
0
0
DERIV 34
2.3126389150620470388e-8
8.385242485717762464e-25
0
0
DERIV 35
-1.5507566131184362956e-8
3.614730424570501027e-25
0
0
AT 23/16
0.17976222032186947586
4.205338981114813703e-18
0
0
DERIV 1
-0.19911536139328728234
6.251307767125679988e-18
0
0
DERIV 2
0.13280653531423494695
1.0882198991049226200e-17
0
0
DERIV 3
-0.07247971145185030939
4.948789570631630979e-18
0
0
DERIV 4
0.03675325391909502193
-1.4803306860901232488e-18
0
0
DERIV 5
-0.018420060425691487521
1.7030332506620714029e-18
0
0
DERIV 6
0.009382981199762432598
-8.622743443953285533e-19
0
0
DERIV 7
-0.004905850725639933352
2.629987478730829441e-19
0
0
DERIV 8
0.002635847833773594627
-1.9634625541822930049e-19
0
0
DERIV 9
-0.0014520611638906470806
-9.715047329747455962e-20
0
0
DERIV 10
0.0008175835090360315154
2.1398713457289077144e-20
0
0
DERIV 11
-0.0004690482831702996670
-1.4051021704531372012e-20
0
0
DERIV 12
0.0002734425474651441161
-8.865048877133807600e-21
0
0
DERIV 13
-0.00016161903149385277185
7.343565068835733642e-21
0
0
DERIV 14
9.666791639523267504e-5
-2.7920379327626312210e-21
0
0
DERIV 15
-5.842030266884555941e-5
3.744536041097591087e-22
0
0
DERIV 16
3.562710722761773166e-5
1.0681654962814685881e-21
0
0
DERIV 17
-2.1901265447947879393e-5
1.6127204707834191785e-21
0
0
DERIV 18
1.3559412877920837634e-5
-6.611704214302257673e-24
0
0
DERIV 19
-8.448251746805992662e-6
1.9404018245050861238e-22
0
0
DERIV 20
5.293795096286151480e-6
9.734197952789648507e-23
0
0
DERIV 21
-3.334276510488556867e-6
1.6468344337497440200e-22
0
0
DERIV 22
2.109905453912854284e-6
9.421347594153529022e-23
0
0
DERIV 23
-1.3408221215594290802e-6
-7.924975298492618996e-23
0
0
DERIV 24
8.553990038506354642e-7
-4.477217998210406637e-23
0
0
DERIV 25
-5.476680813507494682e-7
-2.1053773960624676504e-23
0
0
DERIV 26
3.517994209896950279e-7
2.2405285471702526672e-23
0
0
DERIV 27
-2.2666969460038135283e-7
-8.812301836895337861e-25
0
0
DERIV 28
1.4645894080829791433e-7
8.789755346608987128e-24
0
0
DERIV 29
-9.488028996996601797e-8
-2.0937262020878926725e-24
0
0
DERIV 30
6.161638072810303902e-8
7.432064987721660773e-25
0
0
DERIV 31
-4.010573303417081739e-8
-1.4310421414078365337e-24
0
0
DERIV 32
2.6160348579553666181e-8
-1.4484608082994237610e-24
0
0
DERIV 33
-1.7098182504141497038e-8
1.3530667170502945020e-24
0
0
DERIV 34
1.1196272081028012630e-8
-4.660631987578825532e-25
0
0
DERIV 35
-7.344568652150481394e-9
-3.005892361763790166e-25
0
0
AT 47/32
0.17366738176548723871
-6.153738990460826541e-20
0
0
DERIV 1
-0.19102289554686574524
9.526059339447920347e-18
0
0
DERIV 2
0.12622142332802363529
4.146396124846881933e-18
0
0
DERIV 3
-0.06805987065952019688
-2.4034205435132596362e-18
0
0
DERIV 4
0.03400749614207018018
3.269120941628392022e-19
0
0
DERIV 5
-0.016757023634276013019
-1.4727136169655492892e-18
0
0
DERIV 6
0.008378335501056008092
7.474112266277940201e-19
0
0
DERIV 7
-0.004295085122407430248
2.597416277290422021e-19
0
0
DERIV 8
0.002261145892837334009
1.0665209273388658620e-19
0
0
DERIV 9
-0.0012200281810122890966
1.7371468733279297549e-20
0
0
DERIV 10
0.0006726490803857147847
-1.4361719704505560193e-20
0
0
DERIV 11
-0.0003778159789542083740
-1.2623400566826691402e-20
0
0
DERIV 12
0.00021562224794927339401
5.581951188477845676e-21
0
0
DERIV 13
-0.00012475476950180684342
6.844225734917526006e-21
0
0
DERIV 14
7.304077950753357302e-5
-1.2443468631730340555e-21
0
0
DERIV 15
-4.320679075631778576e-5
-1.4999294199253013326e-21
0
0
DERIV 16
2.5790774946824296897e-5
6.148075104205948892e-22
0
0
DERIV 17
-1.5518209656667924666e-5
6.246578410218258789e-23
0
0
DERIV 18
9.403652066100882297e-6
-1.5965393308619270673e-22
0
0
DERIV 19
-5.734581044756289002e-6
7.678619681216785090e-23
0
0
DERIV 20
3.517045398117013889e-6
-3.076030986374113050e-23
0
0
DERIV 21
-2.168133105404962813e-6
3.786504402887867111e-23
0
0
DERIV 22
1.3428230448552049430e-6
-1.4608742826291970794e-23
0
0
DERIV 23
-8.352121146113023725e-7
4.340705781836771074e-23
0
0
DERIV 24
5.215102473054594685e-7
-2.0004512700654240811e-23
0
0
DERIV 25
-3.267976439533677838e-7
-1.4819688103350266493e-23
0
0
DERIV 26
2.0545800314927306312e-7
-6.739322140489553088e-24
0
0
DERIV 27
-1.2956481577674673537e-7
7.206052179837440880e-24
0
0
DERIV 28
8.193595763195344410e-8
2.6009289963112629279e-24
0
0
DERIV 29
-5.195162191057641519e-8
7.260297370565015615e-25
0
0
DERIV 30
3.302047179933392974e-8
3.910593363317553239e-25
0
0
DERIV 31
-2.1035707139689242323e-8
-1.3978010451232479257e-25
0
0
DERIV 32
1.3429424215080096720e-8
-2.306323380399546611e-25
0
0
DERIV 33
-8.590663555369934198e-9
2.306569044282223321e-25
0
0
DERIV 34
5.505703612040433171e-9
-2.983532080538821967e-25
0
0
DERIV 35
-3.534826165396602561e-9
5.062524318879223430e-26
0
0
AT 3/2
0.16781913430630379658
-1.0457017048662566737e-18
0
0
DERIV 1
-0.18332937786854192064
-1.1717540304890097581e-17
0
0
DERIV 2
0.12003507651131169187
-5.478671099795100222e-18
0
0
DERIV 3
-0.06396760240391455299
1.4498606232580794172e-18
0
0
DERIV 4
0.03150749957177940291
-6.033006245818241615e-19
0
0
DERIV 5
-0.015270445973407575577
-6.006667679367165176e-19
0
0
DERIV 6
0.007497616014891306420
2.315787402025975017e-19
0
0
DERIV 7
-0.003770340956753189757
-9.130069911838017229e-20
0
0
DERIV 8
0.0019457674862075773937
-2.4246196987713713573e-20
0
0
DERIV 9
-0.0010287514373322128192
-6.720450817780590816e-20
0
0
DERIV 10
0.0005556495461267231279
2.2358563484120462439e-20
0
0
DERIV 11
-0.0003057021328855628862
-1.3805655835861637565e-20
0
0
DERIV 12
0.00017087366113574929834
2.5357120187833949339e-21
0
0
DERIV 13
-9.682201051334943004e-5
6.793512015579125375e-22
0
0
DERIV 14
5.551349448924336390e-5
-7.851898043160659465e-22
0
0
DERIV 15
-3.215791826222742284e-5
1.9924769854334104006e-22
0
0
DERIV 16
1.8797207085709389640e-5
-4.660665607955323598e-22
0
0
DERIV 17
-1.1075322303518348360e-5
6.885183948786626203e-22
0
0
DERIV 18
6.571911560653091338e-6
1.5293269410891753255e-22
0
0
DERIV 19
-3.924398389254535143e-6
3.009670640297774187e-23
0
0
DERIV 20
2.356797965775629086e-6
4.124867062540038485e-23
0
0
DERIV 21
-1.4226587415222513928e-6
5.753317596053895233e-23
0
0
DERIV 22
8.627837103582554557e-7
-2.3719722843248438830e-23
0
0
DERIV 23
-5.254684204672404125e-7
-3.285032380548140796e-23
0
0
DERIV 24
3.212757890933446189e-7
-2.4035793380544901278e-23
0
0
DERIV 25
-1.9713251138888018010e-7
1.1608790947909361844e-23
0
0
DERIV 26
1.2135722653165851197e-7
-1.1665812282438948839e-23
0
0
DERIV 27
-7.493627664644396360e-8
8.567334176746099524e-25
0
0
DERIV 28
4.640249580700288137e-8
4.716601510582900370e-25
0
0
DERIV 29
-2.8808929601216508864e-8
-9.329428141667604904e-25
0
0
DERIV 30
1.7929657798756197484e-8
-3.782929759135676840e-26
0
0
DERIV 31
-1.1184231152001801392e-8
1.9749074646653981539e-25
0
0
DERIV 32
6.991435192653509667e-9
3.317076591289030441e-25
0
0
DERIV 33
-4.379204837896673249e-9
-1.7660411581416684788e-25
0
0
DERIV 34
2.748151707228691245e-9
-6.914432480265669610e-26
0
0
DERIV 35
-1.7276470245689640492e-9
1.3599782152454130061e-26
0
0
AT 49/32
0.16220539046568668851
-1.0459798405030834010e-17
0
0
DERIV 1
-0.17601081604005130998
-3.542540699003458896e-18
0
0
DERIV 2
0.11421817281524654364
-5.256433593489443374e-18
0
0
DERIV 3
-0.06017383690469294694
1.8635096947191179895e-18
0
0
DERIV 4
0.029227419726161031621
1.5196361245286148497e-18
0
0
DERIV 5
-0.013938758702283431806
2.978319465359678779e-19
0
0
DERIV 6
0.006723528544174478365
6.128360632743072241e-20
0
0
DERIV 7
-0.003318123602965189576
-1.7787863417534113896e-19
0
0
DERIV 8
0.0016793871046682112315
4.624971936197394124e-21
0
0
DERIV 9
-0.0008704461316725465442
4.413340578538971057e-20
0
0
DERIV 10
0.0004607829651240971983
2.1699188699878550452e-21
0
0
DERIV 11
-0.0002484224949642417266
2.4780663919283038835e-20
0
0
DERIV 12
0.00013605721050043831691
8.385621712716768664e-21
0
0
DERIV 13
-7.553461227415808978e-5
3.0198661783132682987e-21
0
0
DERIV 14
4.243033241149807240e-5
-2.0309591638812989453e-21
0
0
DERIV 15
-2.4080085138755850845e-5
1.5780355469761742049e-21
0
0
DERIV 16
1.3789410987850439502e-5
3.459917779211941640e-22
0
0
DERIV 17
-7.959462220261637834e-6
4.436548414409505781e-22
0
0
DERIV 18
4.626882720135541905e-6
-5.332302385534698511e-24
0
0
DERIV 19
-2.706668377624261395e-6
1.9933693531497548445e-22
0
0
DERIV 20
1.5923780362425565053e-6
-9.580483335396344334e-23
0
0
DERIV 21
-9.416376195273104073e-7
2.0333170248917895539e-23
0
0
DERIV 22
5.594253443438223452e-7
-4.480738303652314888e-23
0
0
DERIV 23
-3.337661229496383014e-7
5.126118940685142348e-24
0
0
DERIV 24
1.9990684606030643158e-7
-6.089311394348260676e-24
0
0
DERIV 25
-1.2016024457948951460e-7
-1.0278421761531708511e-23
0
0
DERIV 26
7.246363387506220555e-8
-4.438019391701233867e-27
0
0
DERIV 27
-4.383264568077237927e-8
1.2320677614983102631e-24
0
0
DERIV 28
2.6588714275900308560e-8
-1.3003186173324117993e-24
0
0
DERIV 29
-1.6170854061859030669e-8
1.6312663648241128971e-24
0
0
DERIV 30
9.858870768185742914e-9
-3.730102619278031146e-25
0
0
DERIV 31
-6.024350246393270702e-9
2.374921070003701522e-25
0
0
DERIV 32
3.689087416776299527e-9
-1.1900950153473034827e-25
0
0
DERIV 33
-2.263581183438888044e-9
2.0170528115403660324e-25
0
0
DERIV 34
1.3915199543682869998e-9
3.348950555340424196e-26
0
0
DERIV 35
-8.569419831146795998e-10
-9.877603811730833213e-27
0
0
AT 25/16
0.15681478475325499877
-1.0521454070819025515e-18
0
0
DERIV 1
-0.16904496826081355509
-7.026714518710617015e-18
0
0
DERIV 2
0.10874397039341658633
-4.279163122795495090e-18
0
0
DERIV 3
-0.05665253443128993871
1.6924573320197564210e-18
0
0
DERIV 4
0.027144542658589503048
1.1072751757453333947e-19
0
0
DERIV 5
-0.012743375749291257007
7.102773320435055447e-19
0
0
DERIV 6
0.006041467353631362058
-4.354878372381729171e-20
0
0
DERIV 7
-0.002927266097864787437
2.1104395774844057184e-19
0
0
DERIV 8
0.0014536339203057313269
-1.0111571233374157184e-19
0
0
DERIV 9
-0.0007389300717042658444
-1.5365596244486069232e-20
0
0
DERIV 10
0.0003835362253310103833
2.5272911647719690476e-20
0
0
DERIV 11
-0.00020271296023190618868
-5.040558477325671765e-21
0
0
DERIV 12
0.00010883011704169956067
4.526569534999490416e-22
0
0
DERIV 13
-5.922178177909922175e-5
1.7698440632711683914e-21
0
0
DERIV 14
3.260618356364470497e-5
-1.0374318519326534139e-21
0
0
DERIV 15
-1.8136589724991476329e-5
-5.672663711090306567e-22
0
0
DERIV 16
1.0179050924768217318e-5
-7.731906288676233381e-23
0
0
DERIV 17
-5.758399324908685388e-6
-3.333568753107456161e-22
0
0
DERIV 18
3.280630985810795225e-6
-3.375893678586267567e-23
0
0
DERIV 19
-1.8808339032720789581e-6
-8.093768113330550987e-23
0
0
DERIV 20
1.0844379234800220129e-6
6.297920267475234923e-23
0
0
DERIV 21
-6.284674140950280490e-7
6.094785560936324681e-25
0
0
DERIV 22
3.659143166202444929e-7
-7.055487974423009760e-24
0
0
DERIV 23
-2.1395186603103764231e-7
-1.1491385148483114221e-23
0
0
DERIV 24
1.2558466969621614981e-7
-1.1824264358533965730e-23
0
0
DERIV 25
-7.397819339577510012e-8
9.003577836019021368e-25
0
0
DERIV 26
4.372159543102455311e-8
8.956924569501069957e-25
0
0
DERIV 27
-2.5918253040448234090e-8
-5.750602277709958858e-25
0
0
DERIV 28
1.5407664985952061617e-8
1.2006395655596311618e-24
0
0
DERIV 29
-9.183395756514958711e-9
-2.958860026577972347e-26
0
0
DERIV 30
5.486910277207355983e-9
2.964955802754633861e-25
0
0
DERIV 31
-3.285797532046890608e-9
-8.383075373603281354e-26
0
0
DERIV 32
1.971873503991855364e-9
1.2426568157916851661e-25
0
0
DERIV 33
-1.1857287940432445507e-9
7.961264799250593037e-26
0
0
DERIV 34
7.143443672615581602e-10
-3.281643566255981361e-26
0
0
DERIV 35
-4.311200739778466401e-10
-2.0457482716042399860e-26
0
0
AT 51/32
0.15163662139336003820
3.823175622419783466e-18
0
0
DERIV 1
-0.16241119049399002638
5.160110073546520357e-18
0
0
DERIV 2
0.10358804100447875640
-4.282227614708716325e-18
0
0
DERIV 3
-0.05338032154726039813
-3.2600554584045037030e-18
0
0
DERIV 4
0.025238855936081171921
8.663334390510593455e-19
0
0
DERIV 5
-0.011668234203481094372
-7.876159389199081951e-19
0
0
DERIV 6
0.005439055578420958631
4.043693682211623058e-19
0
0
DERIV 7
-0.002588492395549000635
-1.5231176618746303571e-19
0
0
DERIV 8
0.0012616929077223350362
-4.341958860658153059e-20
0
0
DERIV 9
-0.0006292707513028287852
-1.6834739599224803923e-20
0
0
DERIV 10
0.0003203807734566687672
-1.6440478693593153908e-20
0
0
DERIV 11
-0.00016607284599110880958
6.638676640867178944e-21
0
0
DERIV 12
8.743371222475358122e-5
-2.6853703294617825919e-21
0
0
DERIV 13
-4.665460457873048711e-5
2.7060244416187412328e-21
0
0
DERIV 14
2.5186975641274345972e-5
1.3398313154713624832e-21
0
0
DERIV 15
-1.3736637630787529131e-5
4.897992015757460082e-22
0
0
DERIV 16
7.559108094056544641e-6
-2.575822841512783152e-22
0
0
DERIV 17
-4.192720198367721039e-6
-3.716921824843607105e-22
0
0
DERIV 18
2.341944326356260405e-6
-1.6651110356967096005e-22
0
0
DERIV 19
-1.3164073307182395984e-6
-9.052476700309367242e-23
0
0
DERIV 20
7.441521814744381622e-7
-4.418811844737713971e-24
0
0
DERIV 21
-4.228188226564966299e-7
1.4256917579266041752e-23
0
0
DERIV 22
2.413588608760551871e-7
2.3907967724370251203e-23
0
0
DERIV 23
-1.3835996634713589823e-7
-5.216444953250591047e-25
0
0
DERIV 24
7.962328053019349138e-8
-5.728242453846791303e-24
0
0
DERIV 25
-4.598487694609098677e-8
1.6385181174170485228e-24
0
0
DERIV 26
2.6644904895179667012e-8
-5.363468534914911198e-25
0
0
DERIV 27
-1.5485667209035651462e-8
9.950057692742425366e-25
0
0
DERIV 28
9.025397388915572041e-9
-7.069147813049879361e-25
0
0
DERIV 29
-5.273968219978034290e-9
-3.871771241084306231e-25
0
0
DERIV 30
3.089343836796771769e-9
-6.419024493393249211e-27
0
0
DERIV 31
-1.8137729398017639947e-9
5.458242742203919875e-26
0
0
DERIV 32
1.0671476482586796102e-9
-8.255371016759144422e-26
0
0
DERIV 33
-6.291204869745751284e-10
3.442789442393283106e-26
0
0
DERIV 34
3.715855272749020666e-10
-1.6643226763731116405e-26
0
0
DERIV 35
-2.1986285040302445158e-10
-1.0122835286729094771e-26
0
0
AT 13/8
0.14666082657548265566
-7.272590619839484071e-18
0
0
DERIV 1
-0.15609029935944562784
-1.2743042224826160921e-17
0
0
DERIV 2
0.09872803513699883460
5.974539165943082407e-18
0
0
DERIV 3
-0.05033617676153466503
6.221076779227096198e-19
0
0
DERIV 4
0.023492685124546341252
-1.4060921455498997342e-18
0
0
DERIV 5
-0.010699412664181189372
4.944740310336683424e-19
0
0
DERIV 6
0.004905771111064433435
-4.138501424923356645e-19
0
0
DERIV 7
-0.002294068972626395891
-1.0214474491931504676e-19
0
0
DERIV 8
0.0010979930520699893951
-7.619348955771577519e-20
0
0
DERIV 9
-0.0005375150410666235373
-2.4998259065359911912e-21
0
0
DERIV 10
0.0002685442748714768802
9.419556630432554563e-22
0
0
DERIV 11
-0.00013657612975915230428
1.0677292795270055537e-20
0
0
DERIV 12
7.054022042759943063e-5
-4.038973780212759790e-21
0
0
DERIV 13
-3.692361076227983414e-5
-1.3215167164811305023e-21
0
0
DERIV 14
1.9553156271204890200e-5
3.502287007559862754e-22
0
0
DERIV 15
-1.0460151744948090435e-5
-8.347176732453360824e-22
0
0
DERIV 16
5.645914533273250826e-6
-2.760808059296475175e-22
0
0
DERIV 17
-3.071553338209066668e-6
3.712026915036592982e-23
0
0
DERIV 18
1.6827954287802606443e-6
5.954030524765143655e-23
0
0
DERIV 19
-9.277546134880223049e-7
5.114904290872925080e-24
0
0
DERIV 20
5.143860105540876291e-7
-5.284992919375160162e-23
0
0
DERIV 21
-2.866576122659011325e-7
8.726410034747764012e-24
0
0
DERIV 22
1.6049147201202434325e-7
-1.9843993629885637381e-24
0
0
DERIV 23
-9.023538973963823075e-8
-5.452750068558938285e-24
0
0
DERIV 24
5.093106687981071599e-8
-1.1012008638266262848e-24
0
0
DERIV 25
-2.8849133023415870299e-8
2.901717827598419227e-25
0
0
DERIV 26
1.6394792359631864478e-8
1.5811947091728663045e-24
0
0
DERIV 27
-9.345333788394562534e-9
-5.130362470750765393e-25
0
0
DERIV 28
5.341997137591947408e-9
1.3496565719842474526e-25
0
0
DERIV 29
-3.061587165656073400e-9
5.601800895933247711e-26
0
0
DERIV 30
1.7589222297823234608e-9
-3.855324584950703725e-26
0
0
DERIV 31
-1.0128243199380098806e-9
3.858985000489995575e-26
0
0
DERIV 32
5.844483395492512220e-10
-4.876078618691620058e-26
0
0
DERIV 33
-3.379290394442840941e-10
-1.0283398690764917939e-27
0
0
DERIV 34
1.9575832561259296600e-10
2.6606687137568007833e-27
0
0
DERIV 35
-1.1360116997999593329e-10
-4.258732115188295789e-27
0
0
AT 53/32
0.14187790476911277260
-5.101690544984527721e-18
0
0
DERIV 1
-0.15006444882808400720
-1.1901864790184908545e-17
0
0
DERIV 2
0.09414347458584632067
-5.838060123295865328e-19
0
0
DERIV 3
-0.04750115810917415748
1.4933776167629526915e-18
0
0
DERIV 4
0.021890384779025356954
-7.248118576181574118e-19
0
0
DERIV 5
-0.009824813094003577441
4.401581073780377993e-19
0
0
DERIV 6
0.004432640823842186155
-1.3219210025875915308e-19
0
0
DERIV 7
-0.002037525658607377936
6.476268464304335755e-20
0
0
DERIV 8
0.0009579624297521408026
3.757267496507184159e-20
0
0
DERIV 9
-0.0004604810471524691017
1.4731620975585912831e-21
0
0
DERIV 10
0.00022583826790527209219
-1.0457534394822794311e-20
0
0
DERIV 11
-0.00011273179911585266128
-4.479485114663827127e-21
0
0
DERIV 12
5.714165402938495828e-5
2.5097391327213025767e-21
0
0
DERIV 13
-2.9351755530273124255e-5
-1.3932961247148770787e-21
0
0
DERIV 14
1.5252456963412260176e-5
-4.359318052758561608e-22
0
0
DERIV 15
-8.006435050603011221e-6
3.223754669515413467e-22
0
0
DERIV 16
4.240363442917052330e-6
3.737210016274941353e-22
0
0
DERIV 17
-2.263531381195444197e-6
-1.3077895889056558266e-23
0
0
DERIV 18
1.2167839981580687536e-6
-3.672333456369792813e-23
0
0
DERIV 19
-6.582098991040866048e-7
3.994641986691977294e-23
0
0
DERIV 20
3.580683836828553968e-7
-2.6048003988836765730e-23
0
0
DERIV 21
-1.9578662113294799491e-7
8.770647414593019041e-24
0
0
DERIV 22
1.0755037407922706822e-7
7.438311684451599797e-25
0
0
DERIV 23
-5.933015088424770778e-8
1.5661047489084977266e-25
0
0
DERIV 24
3.285628124820202138e-8
1.0062279797223853953e-24
0
0
DERIV 25
-1.8260145363974027198e-8
1.2603396655514775484e-24
0
0
DERIV 26
1.0181509571088319336e-8
6.990723278507144587e-25
0
0
DERIV 27
-5.694229725276365599e-9
1.2281768722053723494e-25
0
0
DERIV 28
3.193574039101901441e-9
-1.8919329280819003691e-25
0
0
DERIV 29
-1.7957774212883665409e-9
-6.324767875882616602e-26
0
0
DERIV 30
1.0122423746906554857e-9
-7.549211698962362718e-26
0
0
DERIV 31
-5.718781821651941118e-10
2.915472369759782396e-26
0
0
DERIV 32
3.237774972053457662e-10
-2.3915616331453252297e-26
0
0
DERIV 33
-1.8367786345761031874e-10
5.420416653857741525e-27
0
0
DERIV 34
1.0439555575158742854e-10
1.1827208510256158906e-27
0
0
DERIV 35
-5.943944769019799195e-11
1.4280881104333331256e-27
0
0
AT 27/16
0.13727889869739703932
-1.1756987817402669408e-17
0
0
DERIV 1
-0.14431701911831129603
-8.035359897533729864e-18
0
0
DERIV 2
0.08981556885017435987
-3.691013722273094248e-18
0
0
DERIV 3
-0.04485816642914990104
-1.9171336023679877168e-18
0
0
DERIV 4
0.020418074947812874659
4.936880194503317644e-19
0
0
DERIV 5
-0.009033894674781354703
-5.352346570279518902e-19
0
0
DERIV 6
0.004011989663411398392
2.496600868539256751e-19
0
0
DERIV 7
-0.0018134309683452149841
3.785701539930789955e-20
0
0
DERIV 8
0.0008378349089463083856
3.936833003883357788e-20
0
0
DERIV 9
-0.0003955970177939749800
2.4227992550065709441e-20
0
0
DERIV 10
0.00019052736146997530380
8.462712739383517455e-21
0
0
DERIV 11
-9.337992224980029273e-5
-3.439427631531783724e-21
0
0
DERIV 12
4.646873558265691555e-5
-1.6619685150652866608e-21
0
0
DERIV 13
-2.3432153600607024589e-5
6.423486153100429930e-22
0
0
DERIV 14
1.1952720495139316007e-5
7.549574701536986123e-23
0
0
DERIV 15
-6.158854790430592720e-6
2.517621343538420996e-22
0
0
DERIV 16
3.201745571616782301e-6
4.535916624019474797e-23
0
0
DERIV 17
-1.6775874362833253134e-6
-4.317722521785203689e-23
0
0
DERIV 18
8.851583432928943492e-7
2.8703271390088164603e-24
0
0
DERIV 19
-4.699763985223784405e-7
1.9693520979188945246e-23
0
0
DERIV 20
2.509447592961947698e-7
6.813682974759076322e-24
0
0
DERIV 21
-1.3467680154498187338e-7
5.668422762759411402e-24
0
0
DERIV 22
7.261344144780454921e-8
7.688884167635768382e-25
0
0
DERIV 23
-3.931642154855342391e-8
1.0183383076387031210e-24
0
0
DERIV 24
2.1370212183749898158e-8
2.175517619920797691e-25
0
0
DERIV 25
-1.1656959345905928325e-8
-5.584142106491230870e-25
0
0
DERIV 26
6.379443396928489266e-9
1.0842772563151825971e-25
0
0
DERIV 27
-3.501823636153397042e-9
-9.640314987208343000e-26
0
0
DERIV 28
1.927632280431227983e-9
-4.538316387561027022e-27
0
0
DERIV 29
-1.0638661232393677520e-9
-9.708397334553084046e-26
0
0
DERIV 30
5.885802791520422179e-10
-3.064368331862961203e-26
0
0
DERIV 31
-3.263705507093893184e-10
2.5193039821766929910e-26
0
0
DERIV 32
1.8135934084106811045e-10
-9.757125210631402129e-27
0
0
DERIV 33
-1.0098004435217462353e-10
4.270346960547144990e-27
0
0
DERIV 34
5.633079817538297211e-11
-2.620563020117075826e-29
0
0
DERIV 35
-3.147918930742965678e-11
-2.0585444634704627537e-27
0
0
AT 55/32
0.13285535261045355870
-4.761474781714081598e-19
0
0
DERIV 1
-0.13883251640504359892
-1.7915156065159627968e-18
0
0
DERIV 2
0.08572705225795415607
5.413389745297894445e-18
0
0
DERIV 3
-0.04239173912599422667
2.2385708130236471315e-18
0
0
DERIV 4
0.019063415813867098936
1.5383358849839639632e-18
0
0
DERIV 5
-0.008317450412752716224
-7.702704276784644299e-19
0
0
DERIV 6
0.003637233994047058341
1.2356746255346971478e-19
0
0
DERIV 7
-0.0016172105440271319389
-1.0110466762348587878e-19
0
0
DERIV 8
0.0007344968968317622379
2.716710717576077711e-20
0
0
DERIV 9
-0.0003407760479609176722
1.0012361645435140282e-20
0
0
DERIV 10
0.00016122943411195380628
1.7783330003262677301e-21
0
0
DERIV 11
-7.761386103910147252e-5
-5.713580877162500387e-21
0
0
DERIV 12
3.793137156537011950e-5
1.2157345851041661419e-21
0
0
DERIV 13
-1.8783237255737679451e-5
-1.5497480900492908857e-21
0
0
DERIV 14
9.408577519765339464e-6
-3.263937025669422702e-22
0
0
DERIV 15
-4.760371821223157121e-6
-1.8870938516555341802e-23
0
0
DERIV 16
2.429967035308668108e-6
-1.6828320777767706365e-22
0
0
DERIV 17
-1.2501530812336164122e-6
-2.4475337720743005198e-23
0
0
DERIV 18
6.476752172514730184e-7
-4.793338355429377554e-23
0
0
DERIV 19
-3.376493268749693639e-7
6.867216714216768996e-24
0
0
DERIV 20
1.7701814459583444456e-7
-7.991288443082841384e-24
0
0
DERIV 21
-9.327802082780970951e-8
-2.2626014907980950433e-24
0
0
DERIV 22
4.937965674032910230e-8
-2.4161324221992474467e-24
0
0
DERIV 23
-2.6251107765658275927e-8
-1.4905976166097606680e-24
0
0
DERIV 24
1.4009528695123419264e-8
-2.375995243819859915e-25
0
0
DERIV 25
-7.503082397966486526e-9
6.799016925881722333e-25
0
0
DERIV 26
4.031585594265686597e-9
-3.414844113884279424e-25
0
0
DERIV 27
-2.172826851960263846e-9
-7.749434968145483300e-26
0
0
DERIV 28
1.1743350535915838647e-9
-3.821935547676762714e-26
0
0
DERIV 29
-6.363428116329121248e-10
3.560887924189002182e-27
0
0
DERIV 30
3.456572221284325443e-10
1.0191888829844903909e-26
0
0
DERIV 31
-1.8818550733208020925e-10
6.611719420574123752e-27
0
0
DERIV 32
1.0267152180231287348e-10
-1.2884689425186959199e-29
0
0
DERIV 33
-5.612807167704580842e-11
1.0772486784252476136e-27
0
0
DERIV 34
3.074147089815906551e-11
2.4216744952652940253e-27
0
0
DERIV 35
-1.6866934937427577194e-11
-9.092512589148282255e-29
0
0
AT 7/4
0.12859927853980770984
-2.3277913403189912293e-18
0
0
DERIV 1
-0.13359648213069724720
5.242828824899215786e-18
0
0
DERIV 2
0.08186203917022220888
-4.445080772552062737e-19
0
0
DERIV 3
-0.04008787004000569781
-4.632135257821378996e-19
0
0
DERIV 4
0.017815414398606257279
1.3695940427321972017e-18
0
0
DERIV 5
-0.007667419016097807086
1.5017523073612550996e-19
0
0
DERIV 6
0.003302710768418266451
-1.5625408406810159698e-20
0
0
DERIV 7
-0.0014449998477821836274
1.2843126899198185214e-21
0
0
DERIV 8
0.0006453653055668467399
7.789410150677509867e-21
0
0
DERIV 9
-0.0002943181647608168706
2.4846317465889612894e-20
0
0
DERIV 10
0.00013683909729983719590
2.8375304446655291925e-21
0
0
DERIV 11
-6.472173126926511846e-5
-3.893595879085098408e-21
0
0
DERIV 12
3.107469295485423149e-5
-2.8022656368971977764e-21
0
0
DERIV 13
-1.5116261193822183283e-5
6.462038221998413544e-22
0
0
DERIV 14
7.437751024953861135e-6
-2.923084952052597623e-22
0
0
DERIV 15
-3.696466417781379991e-6
-6.389472781706445388e-23
0
0
DERIV 16
1.8533747943307656826e-6
-8.293879827834238860e-23
0
0
DERIV 17
-9.365580898656391573e-7
-4.167652948854502490e-23
0
0
DERIV 18
4.765748996184435521e-7
2.3260006732273852650e-23
0
0
DERIV 19
-2.440266723085954836e-7
-2.5763267083256166729e-23
0
0
DERIV 20
1.2565591569853344015e-7
-3.708782279090764717e-24
0
0
DERIV 21
-6.503321597870736528e-8
4.144116272321314404e-24
0
0
DERIV 22
3.381367146355961731e-8
7.813908610702377347e-25
0
0
DERIV 23
-1.7655430204665242164e-8
1.5620609023367145560e-24
0
0
DERIV 24
9.254202685408002723e-9
-3.580339345428463143e-26
0
0
DERIV 25
-4.867866858669445797e-9
-2.219639024202576196e-25
0
0
DERIV 26
2.568959473452357095e-9
1.6289970262554675156e-25
0
0
DERIV 27
-1.3598404509229669583e-9
4.081133805580811693e-26
0
0
DERIV 28
7.218310263376746047e-10
5.175393940881950622e-28
0
0
DERIV 29
-3.841622443389245617e-10
-2.5435577832667018206e-27
0
0
DERIV 30
2.0495032766107518649e-10
-8.778943650517912587e-27
0
0
DERIV 31
-1.0958928818139947634e-10
-6.324649060637521520e-27
0
0
DERIV 32
5.872330001439561525e-11
-4.350632825635740244e-27
0
0
DERIV 33
-3.152961916453735173e-11
-2.9814453643241361649e-27
0
0
DERIV 34
1.6960594432524973771e-11
-9.972341914652572616e-28
0
0
DERIV 35
-9.139661916529497411e-12
-6.883160993151305880e-28
0
0
AT 57/32
0.12450312525077544823
-2.6593301197469458667e-18
0
0
DERIV 1
-0.12859541086091791362
1.1025845328090760193e-17
0
0
DERIV 2
0.07820589499495658736
-5.997269934487179189e-18
0
0
DERIV 3
-0.03793385174189137232
-1.1393776826327456364e-18
0
0
DERIV 4
0.016664258307006601934
1.2648160624696253499e-18
0
0
DERIV 5
-0.007076725979341762923
3.232660402541054771e-19
0
0
DERIV 6
0.003003535821432157856
6.162304464185100926e-20
0
0
DERIV 7
-0.0012935241833352364212
-5.411774314121277622e-20
0
0
DERIV 8
0.0005682899685199049346
2.2793083533113970371e-20
0
0
DERIV 9
-0.0002548334606545999055
6.681952476890074407e-21
0
0
DERIV 10
0.00011646871088009358420
-5.526739452596687507e-21
0
0
DERIV 11
-5.414211490337230987e-5
-5.359108710606160351e-22
0
0
DERIV 12
2.5546408640093032068e-5
-1.7069132075218079723e-22
0
0
DERIV 13
-1.2211613386390305331e-5
-7.976992223963181678e-22
0
0
DERIV 14
5.904099862252913520e-6
2.245330289134700132e-22
0
0
DERIV 15
-2.883144906650334562e-6
1.1490944888919922375e-23
0
0
DERIV 16
1.4203624481745636774e-6
9.733436623912723798e-23
0
0
DERIV 17
-7.052099089305725083e-7
3.950764959634170372e-23
0
0
DERIV 18
3.525788113151189405e-7
-2.5994699822195400180e-23
0
0
DERIV 19
-1.7737760168571665774e-7
5.682407709176130730e-24
0
0
DERIV 20
8.973812954099787615e-8
-1.5186678991295406811e-24
0
0
DERIV 21
-4.563088091517459875e-8
3.1270989846214096531e-24
0
0
DERIV 22
2.3310042068251722963e-8
-5.334542676496630527e-25
0
0
DERIV 23
-1.1957879119683804706e-8
-6.840390212520004594e-25
0
0
DERIV 24
6.157981282950811100e-9
2.2086203735046180459e-26
0
0
DERIV 25
-3.182439886192931577e-9
-8.619506417491552133e-26
0
0
DERIV 26
1.6500602831999130378e-9
1.0473429976066931415e-27
0
0
DERIV 27
-8.581251142760670034e-10
-5.218809729079643412e-27
0
0
DERIV 28
4.475252080497300250e-10
2.3903887952700700772e-26
0
0
DERIV 29
-2.339996777967265696e-10
2.5650364557864780415e-26
0
0
DERIV 30
1.2264991039932996856e-10
7.803421644883556590e-27
0
0
DERIV 31
-6.443239289484627616e-11
-3.701167714170306299e-28
0
0
DERIV 32
3.392061424489350553e-11
-3.0143030912781477458e-27
0
0
DERIV 33
-1.7893228191589300086e-11
4.816558973847234499e-28
0
0
DERIV 34
9.456434809956770478e-12
8.740626730495578894e-29
0
0
DERIV 35
-5.006481215544375017e-12
1.1825217453969909025e-29
0
0
AT 29/16
0.12055974964055106435
-2.1028234472613780440e-18
0
0
DERIV 1
-0.12381667575947662152
-2.6351934623460170678e-18
0
0
DERIV 2
0.07474512105822349317
1.9086601379881430933e-18
0
0
DERIV 3
-0.03591813714000451768
1.3915840151125820744e-18
0
0
DERIV 4
0.015601172349402470454
-4.820597787248595738e-19
0
0
DERIV 5
-0.006539148935125847252
-1.8857118582001086057e-19
0
0
DERIV 6
0.002735485926850927778
1.6622976841405426480e-19
0
0
DERIV 7
-0.0011600006140596232519
-8.227472032380352182e-20
0
0
DERIV 8
0.0005014752916474167531
-4.527143785116689620e-20
0
0
DERIV 9
-0.00022118148459714199127
4.004520019068941347e-21
0
0
DERIV 10
9.940270985139696347e-5
-4.590782990543788210e-21
0
0
DERIV 11
-4.543038415210107699e-5
-4.250116670856042195e-23
0
0
DERIV 12
2.1072428646397271140e-5
-1.0402524853774517910e-21
0
0
DERIV 13
-9.901445804765414868e-6
4.797362282656966570e-22
0
0
DERIV 14
4.705410462252130290e-6
3.484655235873243462e-23
0
0
DERIV 15
-2.258460732293815318e-6
6.589684260206901385e-24
0
0
DERIV 16
1.0935430943437353243e-6
-4.603813776496057438e-23
0
0
DERIV 17
-5.336262286087831428e-7
1.0647849443836109315e-23
0
0
DERIV 18
2.622107582116308247e-7
-1.3145859225851035148e-23
0
0
DERIV 19
-1.2964733880460634214e-7
1.0004421154163021643e-23
0
0
DERIV 20
6.446269571594064080e-8
4.243483497270161447e-24
0
0
DERIV 21
-3.221468046568246015e-8
-2.4763933217352086189e-24
0
0
DERIV 22
1.6173316052505861902e-8
-1.4015505425478164049e-24
0
0
DERIV 23
-8.153971727530713848e-9
-7.876289779774984115e-25
0
0
DERIV 24
4.126774913988609040e-9
3.030369111980003381e-25
0
0
DERIV 25
-2.095987243982184808e-9
6.241993302158749265e-26
0
0
DERIV 26
1.0680291514340768448e-9
-3.626093642254592375e-26
0
0
DERIV 27
-5.458682310052216981e-10
-4.412265377789886620e-26
0
0
DERIV 28
2.797742951677900312e-10
1.7774472655093873670e-27
0
0
DERIV 29
-1.4376659107683090192e-10
1.1350381841362415657e-26
0
0
DERIV 30
7.405625844934800482e-11
-4.782825619003641783e-27
0
0
DERIV 31
-3.823403166772552991e-11
-1.5718962206080392296e-27
0
0
DERIV 32
1.9781553887869781319e-11
-2.665856844111559481e-28
0
0
DERIV 33
-1.0255004848428729024e-11
8.425274834562151935e-29
0
0
DERIV 34
5.326289137338482306e-12
-2.323307536260717616e-28
0
0
DERIV 35
-2.7712757086746275572e-12
6.316004709241979329e-29
0
0
AT 59/32
0.11676239035686442058
3.965496545146084729e-18
0
0
DERIV 1
-0.11924846087015227025
-3.723727577744777629e-18
0
0
DERIV 2
0.07146725164900222249
-7.039988685582852425e-20
0
0
DERIV 3
-0.03403021776377249813
-3.0171629005413256980e-18
0
0
DERIV 4
0.014618294574137278077
1.5345844288086589115e-19
0
0
DERIV 5
-0.006049203235859402714
-3.250459248279388745e-19
0
0
DERIV 6
0.002494900313655580657
1.1295225159847224015e-19
0
0
DERIV 7
-0.0010420574946159461699
-3.699088622391401428e-20
0
0
DERIV 8
0.0004434171026875500187
2.2003192106893924741e-20
0
0
DERIV 9
-0.00019242324980449907780
-1.0166765675508625024e-20
0
0
DERIV 10
8.506207674321911302e-5
-4.103433330304305730e-21
0
0
DERIV 11
-3.823296907646366304e-5
9.005200346302447391e-22
0
0
DERIV 12
1.7438567019504477683e-5
1.6314348945422010583e-21
0
0
DERIV 13
-8.056868070264135685e-6
3.421522114331462246e-23
0
0
DERIV 14
3.764555278000220763e-6
7.554369771706139806e-23
0
0
DERIV 15
-1.7764827559272428095e-6
-4.655992701604184319e-23
0
0
DERIV 16
8.456776494861375479e-7
2.5640131011055398456e-23
0
0
DERIV 17
-4.057120171094843113e-7
3.413634739400417441e-24
0
0
DERIV 18
1.9599110047328351390e-7
-9.549679148866558246e-24
0
0
DERIV 19
-9.526853917414941768e-8
2.156263030649380701e-25
0
0
DERIV 20
4.656830617030688829e-8
2.9746050151090361761e-24
0
0
DERIV 21
-2.2878562694910993453e-8
-7.756521807532757148e-25
0
0
DERIV 22
1.1291831460303802932e-8
-7.247819228193752102e-25
0
0
DERIV 23
-5.596581991225007851e-9
-3.469342196088885278e-25
0
0
DERIV 24
2.784525037480476852e-9
-1.6509684761545660919e-25
0
0
DERIV 25
-1.3903183901261701445e-9
7.856878991020055248e-26
0
0
DERIV 26
6.964546886327439786e-10
9.825052379572780940e-27
0
0
DERIV 27
-3.499296418865475136e-10
-1.4286919349633707697e-27
0
0
DERIV 28
1.7631247864609638365e-10
1.9099241269966428886e-27
0
0
DERIV 29
-8.906659303174009642e-11
4.201561156460605304e-27
0
0
DERIV 30
4.510240001009525526e-11
1.3546492838276452891e-27
0
0
DERIV 31
-2.2891195911831636151e-11
-1.3539452951409871220e-27
0
0
DERIV 32
1.1642837600258176806e-11
9.535223090560947315e-29
0
0
DERIV 33
-5.933541207865858824e-12
-9.204339901835424722e-29
0
0
DERIV 34
3.0295780369199486624e-12
9.370145357545798503e-29
0
0
DERIV 35
-1.5495876639546093528e-12
-8.633393425283611532e-29
0
0
AT 15/8
0.11310464343588683134
3.692628246338914621e-18
0
0
DERIV 1
-0.11487969949132517677
6.620052078513567385e-18
0
0
DERIV 2
0.06836076178212512067
2.9328545814918216179e-18
0
0
DERIV 3
-0.03226051648320212711
1.1351010207991676066e-18
0
0
DERIV 4
0.013708568817357241754
-5.969181423692698823e-19
0
0
DERIV 5
-0.005602044453236541648
5.792040634161631970e-20
0
0
DERIV 6
0.002278598174334789395
-1.5404182295358468738e-19
0
0
DERIV 7
-0.0009376682254855437651
-2.770630050461082935e-20
0
0
DERIV 8
0.0003928515582997303365
1.1070741478932137062e-20
0
0
DERIV 9
-0.00016778307640440622852
1.1882009062327245436e-20
0
0
DERIV 10
7.297658404437708420e-5
3.484384007003759867e-21
0
0
DERIV 11
-3.226760198924977767e-5
-1.0368294938250449072e-21
0
0
DERIV 12
1.4476738723629725580e-5
-7.295011082603803051e-22
0
0
DERIV 13
-6.578454637078201762e-6
-1.5261140286473052541e-22
0
0
DERIV 14
3.023053060949668661e-6
9.105958885213255558e-23
0
0
DERIV 15
-1.4029786607383004297e-6
-7.681336125247624825e-23
0
0
DERIV 16
6.568117733086920942e-7
-4.773301401653415509e-23
0
0
DERIV 17
-3.098782339912667386e-7
-2.0231188335465007612e-23
0
0
DERIV 18
1.4721089669405985617e-7
6.066979194723843705e-24
0
0
DERIV 19
-7.036850894614074035e-8
-3.823321724272459702e-24
0
0
DERIV 20
3.382520838521832255e-8
-2.5005273494249579626e-24
0
0
DERIV 21
-1.6341682628883168135e-8
8.496558729084139888e-25
0
0
DERIV 22
7.931363411284899237e-9
4.273651182438420484e-25
0
0
DERIV 23
-3.865624605461147272e-9
-1.0681111654956472499e-26
0
0
DERIV 24
1.891296287801987645e-9
-3.448621981107573774e-26
0
0
DERIV 25
-9.286090974591924129e-10
-3.164771588497408191e-26
0
0
DERIV 26
4.574257180384032177e-10
-2.1288487270053782891e-26
0
0
DERIV 27
-2.2600419405734946503e-10
-2.5430161717188651218e-27
0
0
DERIV 28
1.1197627915153061034e-10
6.048040743971187613e-27
0
0
DERIV 29
-5.562426957312217499e-11
1.4663746337754600664e-27
0
0
DERIV 30
2.7698421486647410119e-11
-4.603582891117974756e-28
0
0
DERIV 31
-1.3823856169401403557e-11
3.799375453615909408e-28
0
0
DERIV 32
6.913921786119093366e-12
-3.015489588639849157e-28
0
0
DERIV 33
-3.4648471751337186216e-12
6.941980161444524733e-29
0
0
DERIV 34
1.7396280964714412195e-12
-4.116894277272458890e-29
0
0
DERIV 35
-8.749722127971997959e-13
-2.4233985961364566111e-29
0
0
AT 61/32
0.10958043977902988397
8.329124950798950227e-19
0
0
DERIV 1
-0.11070001801375452255
-1.1438422037428144133e-20
0
0
DERIV 2
0.06541498441778789696
1.7275732185551146530e-18
0
0
DERIV 3
-0.030600292755727700328
4.812423924011299803e-19
0
0
DERIV 4
0.012865651346365932980
2.0605024153133024467e-19
0
0
DERIV 5
-0.005193385069331142405
1.7888950953086741788e-19
0
0
DERIV 6
0.002083809359816160642
1.3466643402562746836e-19
0
0
DERIV 7
-0.0008450965349949251387
-3.334372779079819696e-20
0
0
DERIV 8
0.0003487136564518086086
2.1828020731580869280e-20
0
0
DERIV 9
-0.00014661813380040730217
1.1302762112265401550e-20
0
0
DERIV 10
6.276301503754058459e-5
-1.7967481244277452775e-21
0
0
DERIV 11
-2.7308081201953428969e-5
-1.3724641669042584680e-21
0
0
DERIV 12
1.2054496011822986092e-5
-3.170457291001775431e-22
0
0
DERIV 13
-5.389171688407522590e-6
2.508771889838451489e-22
0
0
DERIV 14
2.436352744395073296e-6
-5.245874702293142667e-23
0
0
DERIV 15
-1.1123078528096826348e-6
-4.382934970057784314e-23
0
0
DERIV 16
5.122503404585920156e-7
4.062077067262789007e-23
0
0
DERIV 17
-2.3773371020761448217e-7
1.1101379932431802013e-23
0
0
DERIV 18
1.1109415220498848235e-7
4.033260287299116077e-24
0
0
DERIV 19
-5.223671796861322320e-8
2.1697502100947113152e-24
0
0
DERIV 20
2.4699047319351796332e-8
-1.2924313499917949639e-24
0
0
DERIV 21
-1.1737495210165080448e-8
-2.642375804705502427e-25
0
0
DERIV 22
5.603544571787603640e-9
4.615588628780993988e-26
0
0
DERIV 23
-2.686388784953555184e-9
2.3191933593876403131e-26
0
0
DERIV 24
1.2928294323645566982e-9
4.017280869422313239e-26
0
0
DERIV 25
-6.243751793753950951e-10
-1.2822925772897185444e-26
0
0
DERIV 26
3.025262836679477705e-10
-5.359365803743299488e-27
0
0
DERIV 27
-1.4702387426183192573e-10
-1.2999584003508383563e-27
0
0
DERIV 28
7.165151433203779520e-11
-9.497929329550786382e-28
0
0
DERIV 29
-3.500990337680132515e-11
3.1016904690109067834e-27
0
0
DERIV 30
1.7147793177172544840e-11
-1.3656250397582130050e-27
0
0
DERIV 31
-8.417992059446303370e-12
-1.2376214369998226471e-28
0
0
DERIV 32
4.141230358986523209e-12
1.4932551409655507632e-28
0
0
DERIV 33
-2.0413347368861738800e-12
-4.428167878684674959e-29
0
0
DERIV 34
1.0081181060310405533e-12
6.295174630187095000e-29
0
0
DERIV 35
-4.987395502961611496e-13
4.007299235876788448e-29
0
0
AT 31/16
0.10618402430677846560
-1.4770382600909223920e-18
0
0
DERIV 1
-0.10669968466555022901
-1.7714181042296419979e-18
0
0
DERIV 2
0.06262003604162187653
-1.3916415074874031158e-18
0
0
DERIV 3
-0.029041558769617264318
1.6500186214173682081e-18
0
0
DERIV 4
0.012083829560570056444
-2.377035875401874131e-19
0
0
DERIV 5
-0.004819423107645296953
-2.5555754928061124919e-20
0
0
DERIV 6
0.0019081159834445518639
-1.0659253329688297806e-19
0
0
DERIV 7
-0.0007628511376659241703
5.105742747832307485e-20
0
0
DERIV 8
0.0003101034299648286561
2.5947433658097587285e-20
0
0
DERIV 9
-0.00012839403636774393081
1.5990160320307188425e-21
0
0
DERIV 10
5.410800517788699320e-5
-2.9047583575539199039e-21
0
0
DERIV 11
-2.3172468454359397539e-5
-5.189024188528236685e-23
0
0
DERIV 12
1.0067058992191916530e-5
-5.148066763040894412e-22
0
0
DERIV 13
-4.429080582605740947e-6
3.549780934280210691e-22
0
0
DERIV 14
1.970361287379573337e-6
1.4399399362405040044e-22
0
0
DERIV 15
-8.851724303768317811e-7
-1.6108932388190076116e-23
0
0
DERIV 16
4.011159917777414670e-7
2.2541952804259514203e-24
0
0
DERIV 17
-1.8316992953505737094e-7
1.0231432713439857115e-23
0
0
DERIV 18
8.422157687089640172e-8
3.2341552566630062380e-24
0
0
DERIV 19
-3.896471252846486762e-8
-1.9658041569948017529e-24
0
0
DERIV 20
1.8127380508153166575e-8
8.933779125574521188e-25
0
0
DERIV 21
-8.475907861434726911e-9
6.162361592883225165e-25
0
0
DERIV 22
3.981318556688095236e-9
3.154347316009318397e-25
0
0
DERIV 23
-1.877950366320186447e-9
-4.077894948729070151e-26
0
0
DERIV 24
8.892131112074115230e-10
-1.2517977495479959587e-26
0
0
DERIV 25
-4.225306141936483510e-10
2.0996939567690612289e-27
0
0
DERIV 26
2.0142917270872378280e-10
8.660485458074177580e-27
0
0
DERIV 27
-9.631474997486778774e-11
-5.565373483785654975e-27
0
0
DERIV 28
4.618225419852887043e-11
6.075660610935167095e-28
0
0
DERIV 29
-2.2201623933607329150e-11
-8.799469143602070137e-28
0
0
DERIV 30
1.0699057180029578251e-11
-6.004416019120945337e-28
0
0
DERIV 31
-5.167597491320933523e-12
7.309107662409037284e-29
0
0
DERIV 32
2.5012204865716484916e-12
1.0226616841074082319e-28
0
0
DERIV 33
-1.2130503345223000030e-12
5.165470068335650155e-29
0
0
DERIV 34
5.894102136041659900e-13
-1.5891631099998212503e-29
0
0
DERIV 35
-2.868939436310208499e-13
-2.5020896618609901945e-29
0
0
AT 63/32
0.10290993664405133357
1.2360512820007755081e-18
0
0
DERIV 1
-0.10286956267231059381
2.9160820747836233865e-18
0
0
DERIV 2
0.05996674965093255066
-3.141195646269735928e-19
0
0
DERIV 3
-0.027577005086981399434
8.902468852137266165e-19
0
0
DERIV 4
0.011357951034675089000
1.9200094176774471350e-19
0
0
DERIV 5
-0.004476780838519943233
-1.4589830024540493695e-19
0
0
DERIV 6
0.0017494030783304053821
-1.7562107447544304168e-20
0
0
DERIV 7
-0.0006896480455181520268
-1.0832388207146197334e-20
0
0
DERIV 8
0.0002762583055897418084
-9.036008470049940172e-21
0
0
DERIV 9
-0.00011266521738255438705
-5.552763842770943537e-21
0
0
DERIV 10
4.675447005529992047e-5
-2.1550358542571435620e-21
0
0
DERIV 11
-1.9713907253344834094e-5
-8.898551252384470262e-22
0
0
DERIV 12
8.431218244711659676e-6
6.483642900125010739e-22
0
0
DERIV 13
-3.651352449456300969e-6
4.679726892668017084e-23
0
0
DERIV 14
1.5988742601055607044e-6
8.305611132612996012e-23
0
0
DERIV 15
-7.069804404254535880e-7
-1.1602837514881660507e-23
0
0
DERIV 16
3.153174905139450174e-7
-1.5881099663101544551e-23
0
0
DERIV 17
-1.4171686453413173113e-7
4.221983169967329410e-25
0
0
DERIV 18
6.413173102327961373e-8
2.635208365949911232e-25
0
0
DERIV 19
-2.9201011222096937093e-8
4.614488050528614602e-25
0
0
DERIV 20
1.3370081411847915787e-8
6.978513767971921415e-25
0
0
DERIV 21
-6.152540160279334161e-9
-1.2729935388497235064e-25
0
0
DERIV 22
2.844210231226034732e-9
-1.3370365847870547993e-25
0
0
DERIV 23
-1.3203322345575210917e-9
-1.0116790418475208915e-25
0
0
DERIV 24
6.152725396998927001e-10
-1.4124055708120659600e-27
0
0
DERIV 25
-2.877272080788512393e-10
-6.039206601345845538e-27
0
0
DERIV 26
1.3499104471484160030e-10
1.0622644111997296101e-26
0
0
DERIV 27
-6.352346646249575879e-11
4.431203238418320994e-27
0
0
DERIV 28
2.997605194848874102e-11
8.565288923618181034e-28
0
0
DERIV 29
-1.4182121892065389571e-11
4.489583567843527946e-28
0
0
DERIV 30
6.726025392048868875e-12
-2.410771713623681157e-28
0
0
DERIV 31
-3.1971104447912599928e-12
-5.479142620986710362e-29
0
0
DERIV 32
1.5229176592159120235e-12
1.1116689783324298417e-29
0
0
DERIV 33
-7.268726575585630050e-13
3.852456932709574255e-29
0
0
DERIV 34
3.475776683517038881e-13
1.7655359703779797994e-29
0
0
DERIV 35
-1.6649836123486803277e-13
5.336152789187885029e-31
0
0
AT 2
0.09975299320606757780
2.6088437250014753100e-18
0
0
DERIV 1
-0.09920106739615537628
2.9573628453682828014e-18
0
0
DERIV 2
0.05744661431416619307
-1.9864063708470836032e-18
0
0
DERIV 3
-0.026199934586705629636
1.0527427582921394451e-18
0
0
DERIV 4
0.010683361454849547509
1.9183201719555572012e-19
0
0
DERIV 5
-0.004162452008357634542
3.803259787500396532e-19
0
0
DERIV 6
0.0016058167910084249208
3.792416502856632726e-20
0
0
DERIV 7
-0.0006243791465737210354
-1.0327536458807746301e-20
0
0
DERIV 8
0.0002465304299900192980
5.322337360262321232e-21
0
0
DERIV 9
-9.905908942272263252e-5
-3.2206416148466932308e-21
0
0
DERIV 10
4.049082902821922247e-5
-5.265226903097020978e-23
0
0
DERIV 11
-1.6813450693352328236e-5
5.774297424203046368e-22
0
0
DERIV 12
7.080649220277653854e-6
-1.8168698284692610015e-22
0
0
DERIV 13
-3.019255339714333303e-6
9.269373900235251812e-23
0
0
DERIV 14
1.3016650405979707332e-6
6.007130537682564582e-23
0
0
DERIV 15
-5.666484953288194095e-7
-4.178803940948979177e-23
0
0
DERIV 16
2.488073046050829920e-7
2.1847007050988519032e-23
0
0
DERIV 17
-1.1008696405140867964e-7
4.204599321585388916e-24
0
0
DERIV 18
4.904327660767853563e-8
-2.7035755110753739380e-24
0
0
DERIV 19
-2.1983207733260569211e-8
3.851006405315094214e-25
0
0
DERIV 20
9.908538065354889593e-9
-7.737368726813726063e-25
0
0
DERIV 21
-4.488579660719151195e-9
-7.919082362517746661e-26
0
0
DERIV 22
2.042642617181135954e-9
-3.136617554704144239e-26
0
0
DERIV 23
-9.334432405431061039e-10
1.9996994029286410764e-26
0
0
DERIV 24
4.281977648652542437e-10
6.507531533581469746e-27
0
0
DERIV 25
-1.9711898941897211599e-10
6.134768424751473451e-27
0
0
DERIV 26
9.103783122161168801e-11
-2.3024694568403600852e-27
0
0
DERIV 27
-4.217154281712024141e-11
2.0568489494615502915e-27
0
0
DERIV 28
1.9589673317992382702e-11
1.0468423878044999581e-28
0
0
DERIV 29
-9.123483110502275209e-12
5.052293389345279950e-28
0
0
DERIV 30
4.259356631486328906e-12
2.843662358085645123e-28
0
0
DERIV 31
-1.9930060652398232845e-12
-4.199110489484490446e-29
0
0
DERIV 32
9.345281617340737747e-13
7.205350363409079042e-29
0
0
DERIV 33
-4.390751579745419909e-13
2.4950911287862985477e-29
0
0
DERIV 34
2.0667911305712737384e-13
-9.760549580090305432e-30
0
0
DERIV 35
-9.745823652122060527e-14
5.196104260606592632e-30
0
0
AT 33/16
0.09377109000154711105
-2.8064585632464307036e-18
0
0
DERIV 1
-0.09231714675484625765
-4.319899615175527842e-18
0
0
DERIV 2
0.05277471106323060324
8.353910880681922223e-19
0
0
DERIV 3
-0.023684169869054982199
-1.6089141692383531378e-18
0
0
DERIV 4
0.009471602665421258865
3.192667662499725786e-19
0
0
DERIV 5
-0.003608299944093952029
2.0026416384531118081e-19
0
0
DERIV 6
0.0013577064051136409576
-9.334636528388072372e-20
0
0
DERIV 7
-0.0005139374686242739439
9.106874197089393901e-21
0
0
DERIV 8
0.00019729991627922790261
-1.8556966827214918224e-21
0
0
DERIV 9
-7.701489176689236377e-5
-6.428153574585838621e-21
0
0
DERIV 10
3.056461454207310064e-5
-9.047709524136449354e-22
0
0
DERIV 11
-1.2318059436369840508e-5
7.344977289484517281e-22
0
0
DERIV 12
5.033570308003896186e-6
4.131162461920097000e-22
0
0
DERIV 13
-2.082326288424328375e-6
3.921100160397363180e-23
0
0
DERIV 14
8.708515774898618073e-7
-4.165462350177916959e-23
0
0
DERIV 15
-3.677215181186850000e-7
-5.026237751618991889e-25
0
0
DERIV 16
1.5660402826057469069e-7
-6.986556033856493819e-24
0
0
DERIV 17
-6.720335174011273175e-8
6.274888463939897813e-24
0
0
DERIV 18
2.9035891246703104888e-8
-1.8713641166435713299e-25
0
0
DERIV 19
-1.2622231755897108616e-8
-7.666745684925178459e-25
0
0
DERIV 20
5.517410270620792887e-9
-3.430075486412302682e-25
0
0
DERIV 21
-2.423864141345820974e-9
1.5684830995676885331e-25
0
0
DERIV 22
1.0696945166373705284e-9
1.2476081784306445233e-26
0
0
DERIV 23
-4.740441579411054463e-10
-4.441595907855890836e-26
0
0
DERIV 24
2.1087983768447629470e-10
8.424016680727761473e-27
0
0
DERIV 25
-9.414035338692616603e-11
4.049902873771375925e-27
0
0
DERIV 26
4.216221218609538187e-11
9.864505624883360233e-28
0
0
DERIV 27
-1.8939693211069158371e-11
4.914729064778907440e-28
0
0
DERIV 28
8.531605707754175013e-12
-2.509787883087159537e-28
0
0
DERIV 29
-3.853122580618454186e-12
2.206288679538704363e-28
0
0
DERIV 30
1.7443891999674240527e-12
9.344481599807740506e-29
0
0
DERIV 31
-7.915057624358130305e-13
4.754956386408993089e-29
0
0
DERIV 32
3.599008963362726999e-13
1.3188984930416900452e-29
0
0
DERIV 33
-1.6397347585137286232e-13
-5.982952970860325085e-30
0
0
DERIV 34
7.484706297594208658e-14
2.6545907468908626773e-30
0
0
DERIV 35
-3.422468727661525037e-14
-2.681669746930271263e-31
0
0
AT 17/8
0.08820177843952557717
5.486022496188816252e-18
0
0
DERIV 1
-0.08598887485690619170
-2.6073614129405493785e-18
0
0
DERIV 2
0.04854741135510656780
2.5158686279114401798e-18
0
0
DERIV 3
-0.021450853301118767702
-1.3912553509158682622e-18
0
0
DERIV 4
0.008419372339749757461
-2.506800486796985123e-19
0
0
DERIV 5
-0.003138762564244740576
1.8267876993637838468e-19
0
0
DERIV 6
0.0011529518107522226684
-4.214740674742364830e-20
0
0
DERIV 7
-0.0004252807087783370683
1.8783219568450100855e-20
0
0
DERIV 8
0.00015889112568715743927
7.891978482471024710e-21
0
0
DERIV 9
-6.030926693825412228e-5
3.979504037625094643e-22
0
0
DERIV 10
2.3260587695418986172e-5
-3.515270685133867491e-22
0
0
DERIV 11
-9.107003343868660410e-6
4.416946647251946583e-22
0
0
DERIV 12
3.614375120189673576e-6
-6.086158384291806203e-23
0
0
DERIV 13
-1.4519659536284777819e-6
8.682525691296592580e-23
0
0
DERIV 14
5.895915259384286498e-7
4.342707409559880958e-23
0
0
DERIV 15
-2.417069253369018236e-7
1.1848932385069543732e-23
0
0
DERIV 16
9.993309417335410288e-8
-1.7892012409670881485e-24
0
0
DERIV 17
-4.163071765581910065e-8
-2.1583172968300613761e-24
0
0
DERIV 18
1.7460620635217083695e-8
2.5345523649611594769e-26
0
0
DERIV 19
-7.368017542463099184e-9
-2.484650251750874731e-25
0
0
DERIV 20
3.126300476554143740e-9
-6.474420799361267806e-26
0
0
DERIV 21
-1.3331452561988119235e-9
9.981800224153068206e-26
0
0
DERIV 22
5.710800197175933454e-10
9.208150402705125168e-27
0
0
DERIV 23
-2.456514410714318258e-10
-2.3434845721048238154e-26
0
0
DERIV 24
1.0607060887078884156e-10
4.806524417814565396e-27
0
0
DERIV 25
-4.596128253241160783e-11
6.587298799809169804e-28
0
0
DERIV 26
1.9979902604792458694e-11
3.653423246869149156e-29
0
0
DERIV 27
-8.711528300200946695e-12
6.363286872739382112e-28
0
0
DERIV 28
3.808918985379886928e-12
-1.5338973258191568519e-28
0
0
DERIV 29
-1.6696741499465283731e-12
7.208673849315563837e-29
0
0
DERIV 30
7.336836574864226167e-13
4.999823592051689604e-29
0
0
DERIV 31
-3.231207924509272310e-13
-6.769381792649092639e-30
0
0
DERIV 32
1.4260609515624230861e-13
-9.584871779526433495e-30
0
0
DERIV 33
-6.306264742625116552e-14
7.658439030103182359e-31
0
0
DERIV 34
2.7939331333395999759e-14
2.128601928035198698e-31
0
0
DERIV 35
-1.2400028689952009547e-14
-2.738131567342286839e-31
0
0
AT 35/16
0.08301200060508556744
-4.845712696588093263e-19
0
0
DERIV 1
-0.08016383662550476130
-9.623746848904043209e-19
0
0
DERIV 2
0.04471529803570689632
-8.859536650163334136e-19
0
0
DERIV 3
-0.019463207411930281282
1.2992395082787766167e-18
0
0
DERIV 4
0.007502593565603292609
4.253216647038901782e-19
0
0
DERIV 5
-0.002739230205204818032
2.0248234501071454293e-19
0
0
DERIV 6
0.0009831041190104608269
7.336544623552947719e-20
0
0
DERIV 7
-0.0003536779428196478153
-1.3003893287626320080e-20
0
0
DERIV 8
0.00012871469659994679425
-7.340170267675602068e-21
0
0
DERIV 9
-4.754863429043089455e-5
-9.313580966551466188e-22
0
0
DERIV 10
1.7838329674239677101e-5
1.2932675559279302008e-23
0
0
DERIV 11
-6.790869346878629861e-6
3.487729128127380470e-22
0
0
DERIV 12
2.619931965418997040e-6
1.0458176927111078715e-22
0
0
DERIV 13
-1.0229285043321646467e-6
-4.394396682144780525e-23
0
0
DERIV 14
4.036638197391040480e-7
-6.191741388466857696e-24
0
0
DERIV 15
-1.6080518454146448347e-7
9.191355904203188467e-24
0
0
DERIV 16
6.460042170892107659e-8
-3.967096586565580848e-24
0
0
DERIV 17
-2.6147769836593172972e-8
-8.301441113174310384e-26
0
0
DERIV 18
1.0655154500274175370e-8
-1.1543777781789728530e-26
0
0
DERIV 19
-4.368357328917910339e-9
-3.089823049937166416e-25
0
0
DERIV 20
1.8007621224054699942e-9
-3.307657923576214736e-26
0
0
DERIV 21
-7.460257977955197883e-10
4.778059368719493170e-26
0
0
DERIV 22
3.104689383371775933e-10
-2.2930142334979279011e-26
0
0
DERIV 23
-1.2974197688654169055e-10
-9.451343757153563182e-27
0
0
DERIV 24
5.442423257280531787e-11
-9.577274589449395873e-28
0
0
DERIV 25
-2.2909846612704285975e-11
-8.552438954112856995e-28
0
0
DERIV 26
9.675055682834134384e-12
-6.471990946855885055e-28
0
0
DERIV 27
-4.098096952347097455e-12
1.1425797068659017359e-28
0
0
DERIV 28
1.7406659751721525145e-12
3.484229680458195359e-29
0
0
DERIV 29
-7.412583521584621456e-13
6.679873845906519115e-30
0
0
DERIV 30
3.164240410711609354e-13
1.9488334333213188207e-29
0
0
DERIV 31
-1.3537767700705732147e-13
-4.826002768449889117e-30
0
0
DERIV 32
5.804177734564080662e-14
-2.8084601277702324161e-30
0
0
DERIV 33
-2.4934137481012266886e-14
1.5508008014770444279e-30
0
0
DERIV 34
1.0731412390022670421e-14
6.365269408259508270e-31
0
0
DERIV 35
-4.626809079502878106e-15
-2.838170808375104049e-31
0
0
AT 9/4
0.07817179011478990469
-1.3953200615656706507e-18
0
0
DERIV 1
-0.07479538558651067925
5.590520014756696802e-19
0
0
DERIV 2
0.04123531924905199375
-1.4817520545442610097e-18
0
0
DERIV 3
-0.017689942127976577418
2.977348708328189958e-19
0
0
DERIV 4
0.006701297716828523779
-2.2619916685028759382e-20
0
0
DERIV 5
-0.002397906342992080480
1.8539395326270698304e-19
0
0
DERIV 6
0.0008415273766493317409
2.879607588336147176e-20
0
0
DERIV 7
-0.0002955168294837181024
-2.0232078603176714137e-20
0
0
DERIV 8
0.00010484927740195916284
5.170465761019844345e-22
0
0
DERIV 9
-3.772836992492650164e-5
-2.3926647485424642748e-21
0
0
DERIV 10
1.3779367120817964364e-5
1.8552812468588670246e-22
0
0
DERIV 11
-5.104819718368785840e-6
3.800192761920510206e-22
0
0
DERIV 12
1.916080279479971956e-6
1.0242458990243138122e-22
0
0
DERIV 13
-7.277149184269762281e-7
-3.661289436519208674e-23
0
0
DERIV 14
2.793023945323640935e-7
-3.465582854005154947e-24
0
0
DERIV 15
-1.0820702092348936096e-7
3.0134049327709274139e-24
0
0
DERIV 16
4.227302531109955998e-8
-1.1341833964024560580e-24
0
0
DERIV 17
-1.6638507179632149178e-8
-1.1518808830700678358e-24
0
0
DERIV 18
6.592882832934467971e-9
-2.0146069698691507502e-25
0
0
DERIV 19
-2.628194209192164389e-9
-1.5309023684297287300e-25
0
0
DERIV 20
1.0534399328230168136e-9
2.983575309960064568e-26
0
0
DERIV 21
-4.243398541157366151e-10
2.1065573911458184761e-26
0
0
DERIV 22
1.7170327864312514989e-10
-7.094108888411186521e-27
0
0
DERIV 23
-6.976481541130752763e-11
-6.051841878380659872e-27
0
0
DERIV 24
2.8453762438402389741e-11
1.4967049894534885621e-27
0
0
DERIV 25
-1.1645487100651948208e-11
-5.662614338756225710e-28
0
0
DERIV 26
4.781610936758139347e-12
-3.889986181990929867e-28
0
0
DERIV 27
-1.9691822791312836920e-12
4.925203581662548777e-29
0
0
DERIV 28
8.132050362435104163e-13
2.885539732706950430e-29
0
0
DERIV 29
-3.366925018077814500e-13
-6.775279922501212349e-30
0
0
DERIV 30
1.3973689264112356246e-13
-1.2565880156403134502e-29
0
0
DERIV 31
-5.812529495996430777e-14
-1.2956755586219722097e-30
0
0
DERIV 32
2.4228929426323472681e-14
8.220590393185209638e-31
0
0
DERIV 33
-1.0119576293901131084e-14
9.289595816799958901e-32
0
0
DERIV 34
4.234464407722159973e-15
-2.991239002385012891e-31
0
0
DERIV 35
-1.7749906574900074552e-15
3.061301286125912475e-32
0
0
AT 37/16
0.07365393516387079564
4.916286017775350858e-18
0
0
DERIV 1
-0.06984190870436851606
-2.5955098932890842812e-18
0
0
DERIV 2
0.03806984936379653739
9.489914995599934026e-19
0
0
DERIV 3
-0.016104329301285382620
4.360620247993935060e-19
0
0
DERIV 4
0.005998842685120029175
7.738890412481918632e-20
0
0
DERIV 5
-0.002105211065887669514
1.1002044271077336147e-19
0
0
DERIV 6
0.0007229749328777813509
-2.958589741839720996e-20
0
0
DERIV 7
-0.0002480183790000664340
1.0954697826407632795e-20
0
0
DERIV 8
8.585721189162429741e-5
-2.1441822439351300469e-21
0
0
DERIV 9
-3.0117526321125943776e-5
9.303684401208088412e-22
0
0
DERIV 10
1.0716956107488694990e-5
-7.409813267695692567e-22
0
0
DERIV 11
-3.866753533540416209e-6
-2.508409439482584957e-22
0
0
DERIV 12
1.4131577197499459452e-6
-2.0650627611238890170e-24
0
0
DERIV 13
-5.224819306474892072e-7
3.748937249204076270e-23
0
0
DERIV 14
1.9519249207784982189e-7
6.585991377842867620e-24
0
0
DERIV 15
-7.360091106950877420e-8
-9.448303962558460835e-25
0
0
DERIV 16
2.7983480361087614889e-8
1.2310312717822424997e-24
0
0
DERIV 17
-1.0718697857347230320e-8
4.036959538554371920e-26
0
0
DERIV 18
4.133101474767193513e-9
-1.0799009318518050742e-25
0
0
DERIV 19
-1.6033143359429607673e-9
-5.033812335808581148e-26
0
0
DERIV 20
6.253479024991029535e-10
1.8180513307364787143e-26
0
0
DERIV 21
-2.451143024584736523e-10
1.7267741461788445872e-26
0
0
DERIV 22
9.650950131382073182e-11
-1.4682380493578910095e-27
0
0
DERIV 23
-3.815570691172338588e-11
-2.7203905796092897812e-27
0
0
DERIV 24
1.5142241140413120656e-11
1.4878803755040568327e-27
0
0
DERIV 25
-6.030204857698789949e-12
-1.8619340271688527598e-28
0
0
DERIV 26
2.4091825742116709376e-12
-1.2043834575750079949e-28
0
0
DERIV 27
-9.653838777416302500e-13
-4.547967212024393596e-29
0
0
DERIV 28
3.879098207274446806e-13
-1.0989880035728393805e-29
0
0
DERIV 29
-1.5627121951186701533e-13
-3.157985827284021771e-30
0
0
DERIV 30
6.310590182536353929e-14
3.833928757469975373e-30
0
0
DERIV 31
-2.5540894851262195478e-14
-1.0737407578496011345e-30
0
0
DERIV 32
1.0358958279413528579e-14
-2.763021326315568526e-31
0
0
DERIV 33
-4.209728895038117044e-15
-1.7159294869603197340e-31
0
0
DERIV 34
1.7139548177823213808e-15
2.0979995260513393694e-32
0
0
DERIV 35
-6.990452405014989526e-16
1.0089385842430088761e-32
0
0
AT 19/8
0.06943368406748198773
1.2768638537594340553e-18
0
0
DERIV 1
-0.06526619847703006572
4.945835172660032587e-18
0
0
DERIV 2
0.03518590646787013443
2.5739191183067740042e-18
0
0
DERIV 3
-0.014683451303207315300
-6.317620035870190467e-19
0
0
DERIV 4
0.005381294957763998327
1.4206692199271940395e-19
0
0
DERIV 5
-0.0018533223257210121402
7.787042364640694500e-20
0
0
DERIV 6
0.0006232725918038442298
-3.035928867013765869e-20
0
0
DERIV 7
-0.00020902953120020977581
-2.3490329756920608126e-21
0
0
DERIV 8
7.065424375174798454e-5
-4.310535468739465038e-21
0
0
DERIV 9
-2.4179623002750957308e-5
-6.265603836328730682e-22
0
0
DERIV 10
8.389194100576007244e-6
-6.203547580422939998e-22
0
0
DERIV 11
-2.950156601369510235e-6
-1.6376499021512500457e-22
0
0
DERIV 12
1.0505682639591590549e-6
-8.999814047241231066e-23
0
0
DERIV 13
-3.784084179781255763e-7
-1.0848215921399536166e-23
0
0
DERIV 14
1.3770597101557550959e-7
-9.325491659212183626e-24
0
0
DERIV 15
-5.057466187789010180e-8
-6.183071115584561837e-25
0
0
DERIV 16
1.8727609368039241877e-8
2.636863578748908509e-25
0
0
DERIV 17
-6.986048056447102855e-9
4.081226824259028535e-25
0
0
DERIV 18
2.623360033145302018e-9
-1.5577134904082779366e-25
0
0
DERIV 19
-9.910143654089359460e-10
7.286565516263186270e-26
0
0
DERIV 20
3.764023717802587591e-10
-6.247834544732582994e-27
0
0
DERIV 21
-1.4366821497532033320e-10
-9.728542715411533402e-27
0
0
DERIV 22
5.508293618243375399e-11
9.570487434599705339e-28
0
0
DERIV 23
-2.1205878395020468834e-11
3.502332243471993750e-28
0
0
DERIV 24
8.194687425397631759e-12
2.3011297847024525375e-29
0
0
DERIV 25
-3.1777244065663830874e-12
1.5497718603735015056e-28
0
0
DERIV 26
1.2362116926139260024e-12
-8.702678665577902511e-29
0
0
DERIV 27
-4.823470836365774148e-13
2.3550548329498202967e-29
0
0
DERIV 28
1.8872297023216038667e-13
-4.343135167774497661e-31
0
0
DERIV 29
-7.402962755094797763e-14
1.2591993028988118062e-30
0
0
DERIV 30
2.910901920604314940e-14
-1.0933127239653231679e-30
0
0
DERIV 31
-1.1471584419474783630e-14
-4.794117810289111969e-31
0
0
DERIV 32
4.530351790583593399e-15
-1.2482060182792253048e-31
0
0
DERIV 33
-1.7926582844888454852e-15
1.5593596333900329027e-31
0
0
DERIV 34
7.106723416629845020e-16
-4.131109938004787378e-32
0
0
DERIV 35
-2.822287250317755003e-16
2.0627987947521122477e-32
0
0
AT 39/16
0.06548848716379550294
-3.726228999107332969e-18
0
0
DERIV 1
-0.06103491460868408491
2.5103789839116394299e-18
0
0
DERIV 2
0.03255449732064902985
-2.1908614489981051786e-18
0
0
DERIV 3
-0.013407587621804379144
-5.993613935735868643e-19
0
0
DERIV 4
0.004836938131265311816
-3.335464050367577071e-19
0
0
DERIV 5
-0.0016358206315682001508
2.3104050663202969861e-20
0
0
DERIV 6
0.0005390797462190248654
-1.1672877968366154371e-20
0
0
DERIV 7
-0.00017687099036949323447
-3.1726822348602346840e-21
0
0
DERIV 8
5.841652116758082309e-5
2.4835429036713985654e-21
0
0
DERIV 9
-1.9517652250817853221e-5
-5.280092251362840339e-22
0
0
DERIV 10
6.607355941430239156e-6
2.941924127242250909e-22
0
0
DERIV 11
-2.266269403737334433e-6
-1.8693753930960439421e-22
0
0
DERIV 12
7.869251433139716909e-7
-3.909032481941740209e-23
0
0
DERIV 13
-2.763325611080622524e-7
1.6488890143988060335e-23
0
0
DERIV 14
9.802331045398087705e-8
-4.514830665560703149e-24
0
0
DERIV 15
-3.508924622083166341e-8
1.8812970394128965684e-24
0
0
DERIV 16
1.2663620147919561969e-8
-3.844473366919476712e-25
0
0
DERIV 17
-4.603828974702702910e-9
-3.028352627876057763e-25
0
0
DERIV 18
1.6847697494844835548e-9
8.055839938989174621e-26
0
0
DERIV 19
-6.202181808447600757e-10
9.402139654360467130e-28
0
0
DERIV 20
2.2955590218801908994e-10
8.976193388311338172e-27
0
0
DERIV 21
-8.538079317763468976e-11
-5.253436065997728425e-27
0
0
DERIV 22
3.189872789671754713e-11
1.3695668673733463338e-28
0
0
DERIV 23
-1.1966413098334697082e-11
5.989277726808195006e-28
0
0
DERIV 24
4.505958318874940579e-12
-1.8367584903422012292e-28
0
0
DERIV 25
-1.7026070389365938710e-12
-5.992925488933747202e-29
0
0
DERIV 26
6.454036604045659686e-13
2.738767940330795862e-29
0
0
DERIV 27
-2.453782487711171873e-13
2.6122811483908430879e-30
0
0
DERIV 28
9.354850110408365963e-14
-4.503641013952382083e-30
0
0
DERIV 29
-3.575620791372273564e-14
-2.5922475230500052173e-30
0
0
DERIV 30
1.3699530960783839213e-14
-3.395338767230782714e-32
0
0
DERIV 31
-5.260565120109286716e-15
1.6155024547917440364e-31
0
0
DERIV 32
2.0242801112059078123e-15
-1.7033314759033993774e-31
0
0
DERIV 33
-7.804855132181070900e-16
-2.941745479491523167e-32
0
0
DERIV 34
3.014841582442810057e-16
-2.4545045915377391178e-32
0
0
DERIV 35
-1.1666034361325115304e-16
-8.091505790322145990e-33
0
0
AT 5/2
0.06179776994635441389
6.326104133766524088e-19
0
0
DERIV 1
-0.05711812082931825435
-3.178773984191721815e-19
0
0
DERIV 2
0.030150066614579768692
-5.453402039227768460e-19
0
0
DERIV 3
-0.012259711541457890202
-8.211736500496934114e-19
0
0
DERIV 4
0.004355879669268853012
3.483029908882584420e-19
0
0
DERIV 5
-0.0014474120088189216388
-7.632151509421167086e-20
0
0
DERIV 6
0.0004677079459614317310
-1.9395711419770485924e-22
0
0
DERIV 7
-0.00015022466901476658999
-1.2578132017152377631e-20
0
0
DERIV 8
4.851361977304646361e-5
-2.5629627054059227746e-21
0
0
DERIV 9
-1.5835519716632600831e-5
6.793583301831430644e-22
0
0
DERIV 10
5.234282608227728646e-6
-3.728255528681854299e-22
0
0
DERIV 11
-1.7522408695800213234e-6
-1.9481090157227053499e-23
0
0
DERIV 12
5.936775745367541847e-7
-3.999149439986771044e-23
0
0
DERIV 13
-2.0337725022000522974e-7
-9.107679252384801402e-24
0
0
DERIV 14
7.037118940494686377e-8
-4.830556843444594343e-24
0
0
DERIV 15
-2.4569317110795279409e-8
7.957446651062267345e-25
0
0
DERIV 16
8.647684143592634307e-9
1.6954760199197289509e-25
0
0
DERIV 17
-3.065922087817978299e-9
7.961904242709392126e-26
0
0
DERIV 18
1.0941202255233195485e-9
4.022238075007768527e-26
0
0
DERIV 19
-3.927697820061571396e-10
1.7521788712039815371e-26
0
0
DERIV 20
1.4175570890090873361e-10
-8.469760623086608884e-27
0
0
DERIV 21
-5.141175231657181418e-11
2.9147992681256783559e-27
0
0
DERIV 22
1.8729188702303700979e-11
1.5693752467024014816e-27
0
0
DERIV 23
-6.850897805667319482e-12
9.314021651651721839e-29
0
0
DERIV 24
2.5153826705310190731e-12
1.3189814616213643765e-28
0
0
DERIV 25
-9.267465728251138731e-13
4.034486783269890753e-29
0
0
DERIV 26
3.425346780587941783e-13
2.2464287629416844191e-29
0
0
DERIV 27
-1.2697935689564598429e-13
-5.482731652993192169e-30
0
0
DERIV 28
4.720147975590111859e-14
-2.7406166626605307461e-30
0
0
DERIV 29
-1.7590981100776703700e-14
-6.454629344047442072e-31
0
0
DERIV 30
6.571469704779153185e-15
2.138471584848334776e-31
0
0
DERIV 31
-2.4604016849994785598e-15
-8.733779845338517922e-33
0
0
DERIV 32
9.231235077108468014e-16
4.629816149368518788e-32
0
0
DERIV 33
-3.470312444835474217e-16
5.201491522146824168e-33
0
0
DERIV 34
1.3070187853117239166e-16
-6.897183185059084512e-33
0
0
DERIV 35
-4.931208557688424336e-17
1.8309047783254232961e-33
0
0
AT 41/16
0.05834273311101557946
-2.7784917950884139958e-18
0
0
DERIV 1
-0.05348888502217426927
-1.3981086490237846618e-18
0
0
DERIV 2
0.027950032029755624702
4.083283350316154487e-19
0
0
DERIV 3
-0.011225075140262920359
-1.9940999816468516014e-19
0
0
DERIV 4
0.003929734499634204500
1.8310031612914821850e-19
0
0
DERIV 5
-0.0012837106084314967806
7.275316557667534646e-20
0
0
DERIV 6
0.0004069821104229124731
-2.5123131272638550986e-20
0
0
DERIV 7
-0.00012804977572628158371
1.2603226021234026783e-21
0
0
DERIV 8
4.045988931461783040e-5
2.570208995273246211e-22
0
0
DERIV 9
-1.2910755580469232884e-5
-1.8798483089133591684e-22
0
0
DERIV 10
4.169482257887719293e-6
-3.696379531476079116e-22
0
0
DERIV 11
-1.3631733560062234102e-6
9.472484401670288933e-24
0
0
DERIV 12
4.509422624590640506e-7
1.6445753144643111975e-23
0
0
DERIV 13
-1.5080041607967170790e-7
-1.0392592489686225295e-23
0
0
DERIV 14
5.092910312037128506e-8
1.1748385612284103949e-24
0
0
DERIV 15
-1.7353723578338832053e-8
8.623715499072957615e-26
0
0
DERIV 16
5.960690842331650547e-9
-2.078404138813206048e-25
0
0
DERIV 17
-2.062204231337607089e-9
-1.6071209218247085757e-25
0
0
DERIV 18
7.181109725759560195e-10
1.5367863927350589146e-26
0
0
DERIV 19
-2.515398263921257782e-10
1.9948993447663922429e-26
0
0
DERIV 20
8.858100583269727186e-11
-2.8576173918389692586e-27
0
0
DERIV 21
-3.134622331718203532e-11
-2.4235633289239041156e-27
0
0
DERIV 22
1.1141858537308134799e-11
2.895641086645595054e-28
0
0
DERIV 23
-3.976458058811251767e-12
1.6912195862952848285e-28
0
0
DERIV 24
1.4244874050361906444e-12
6.401898910782867958e-30
0
0
DERIV 25
-5.120558730693275154e-13
4.219521041799274899e-29
0
0
DERIV 26
1.8465434617425736799e-13
-4.187588676998310673e-30
0
0
DERIV 27
-6.678578778718375523e-14
-2.2453574982186264328e-30
0
0
DERIV 28
2.4221454092097573282e-14
-4.664674019422926335e-31
0
0
DERIV 29
-8.806967388365914948e-15
3.960307508622879968e-31
0
0
DERIV 30
3.2098807660292649519e-15
1.4923963067141821525e-31
0
0
DERIV 31
-1.1725220924438543906e-15
1.0087708132594144977e-32
0
0
DERIV 32
4.292024693674307335e-16
1.7160977081082800460e-32
0
0
DERIV 33
-1.5741904608062476094e-16
-3.323583246495692844e-33
0
0
DERIV 34
5.784367472437458633e-17
3.281518083363962110e-33
0
0
DERIV 35
-2.1291777925515569377e-17
-1.1661183160661323271e-33
0
0
AT 21/8
0.05510617587542370605
-1.8561809763965315887e-18
0
0
DERIV 1
-0.05012293289923130946
1.9121050095289835626e-18
0
0
DERIV 2
0.025934390186363964065
1.1374926247537088560e-18
0
0
DERIV 3
-0.010290865531655576937
-1.2902033324875990481e-19
0
0
DERIV 4
0.003551369082195706805
1.7727207807535565793e-19
0
0
DERIV 5
-0.0011410670941699896808
-4.463794794598073006e-20
0
0
DERIV 6
0.0003551336463393978994
-1.9509788840287819143e-20
0
0
DERIV 7
-0.00010951979159238294404
3.540854517010999370e-21
0
0
DERIV 8
3.387882275467174806e-5
-1.5097142873939839360e-21
0
0
DERIV 9
-1.0575030848458141127e-5
2.296847019643668855e-22
0
0
DERIV 10
3.338760503649023847e-6
-1.7725385692439042040e-23
0
0
DERIV 11
-1.0667257925791448602e-6
-3.444270477960112803e-23
0
0
DERIV 12
3.447470226649280207e-7
2.1435364807848362234e-23
0
0
DERIV 13
-1.1260965654718027635e-7
-2.2138821739054838430e-24
0
0
DERIV 14
3.714263538138492571e-8
-1.3658602615841295149e-24
0
0
DERIV 15
-1.2359179397549149181e-8
4.516631606238171121e-25
0
0
DERIV 16
4.145261535361548369e-9
1.3655351746891622557e-25
0
0
DERIV 17
-1.4003012883346726048e-9
-8.152066637682646931e-26
0
0
DERIV 18
4.760994059778706654e-10
2.8517622810936094414e-27
0
0
DERIV 19
-1.6282271908317240207e-10
6.171620316209973650e-27
0
0
DERIV 20
5.598091123657357702e-11
2.1811733288194006007e-27
0
0
DERIV 21
-1.9340464396229479216e-11
1.5617832507590212800e-27
0
0
DERIV 22
6.711422237332259416e-12
2.046280499933737964e-28
0
0
DERIV 23
-2.3384216743861231390e-12
-2.680509006707322516e-29
0
0
DERIV 24
8.178051009492058326e-13
-4.692927845468080684e-29
0
0
DERIV 25
-2.869917572429477042e-13
-1.6276833665965630051e-29
0
0
DERIV 26
1.0103438699993209353e-13
4.669671773831777946e-30
0
0
DERIV 27
-3.567373542696068200e-14
-1.9195010698818290701e-30
0
0
DERIV 28
1.2630404917483038501e-14
-7.590159556693546128e-31
0
0
DERIV 29
-4.483260683220191824e-15
3.297548986159818894e-31
0
0
DERIV 30
1.5951640060137335348e-15
6.714354613797564747e-32
0
0
DERIV 31
-5.688330763502510608e-16
-4.499994464019156962e-32
0
0
DERIV 32
2.0326944894442455522e-16
-2.226891862656682477e-34
0
0
DERIV 33
-7.278001701288194645e-17
4.688561076459897737e-34
0
0
DERIV 34
2.6106867000382049079e-17
-1.4927577409034743403e-33
0
0
DERIV 35
-9.381104164856579991e-18
-6.347061654203512381e-34
0
0
AT 43/16
0.05207233948469722901
-4.079793557576517457e-19
0
0
DERIV 1
-0.04699834714164225630
-3.3378012651121280834e-18
0
0
DERIV 2
0.024085381449134957849
1.1805226052394086545e-18
0
0
DERIV 3
-0.009445918875514070293
5.093167785058001041e-19
0
0
DERIV 4
0.003214693345572920344
-8.539117794983209410e-20
0
0
DERIV 5
-0.0010164323927993490927
-3.827377736166086739e-20
0
0
DERIV 6
0.0003107176098448870597
-2.0811360964028462583e-20
0
0
DERIV 7
-9.397480074042771853e-5
-4.792038566656058027e-21
0
0
DERIV 8
2.8476760323573072845e-5
-2.663544092326602303e-22
0
0
DERIV 9
-8.700129395740434639e-6
1.4033175607566137642e-22
0
0
DERIV 10
2.686937536654959180e-6
-1.5282209064013354916e-22
0
0
DERIV 11
-8.394166503500730056e-7
1.2432143556466745666e-23
0
0
DERIV 12
2.651891681963526733e-7
1.4891397466051162636e-23
0
0
DERIV 13
-8.465952128680306753e-8
5.490275491150578385e-24
0
0
DERIV 14
2.7287069963301044122e-8
-6.047976147612321878e-26
0
0
DERIV 15
-8.871840650080992193e-9
5.411080230682541155e-25
0
0
DERIV 16
2.907256982703402367e-9
-1.9818473287403160663e-25
0
0
DERIV 17
-9.594800982817009296e-10
7.286752358555095015e-26
0
0
DERIV 18
3.186959316782279819e-10
2.4741726176389993276e-26
0
0
DERIV 19
-1.0647407624294519070e-10
4.978543247932442196e-27
0
0
DERIV 20
3.576082543441501031e-11
2.0660228931918048294e-27
0
0
DERIV 21
-1.2068802308088026774e-11
-5.515123195862302144e-29
0
0
DERIV 22
4.091045506510634243e-12
-3.667177974859401849e-28
0
0
DERIV 23
-1.3923844595322574345e-12
9.094255937738194752e-30
0
0
DERIV 24
4.756614090795497255e-13
4.047224456224949849e-29
0
0
DERIV 25
-1.6305168427871884231e-13
-8.821690468206374893e-31
0
0
DERIV 26
5.606986338777855084e-14
2.6932512089708425304e-30
0
0
DERIV 27
-1.9337952224094572067e-14
-9.277754191717754240e-31
0
0
DERIV 28
6.687724817800713041e-15
3.259398111307230054e-31
0
0
DERIV 29
-2.3187413382844535806e-15
-8.968746958747963728e-34
0
0
DERIV 30
8.058590746810788325e-16
-4.113434968557518739e-32
0
0
DERIV 31
-2.806936203545951172e-16
-5.187539547628668873e-33
0
0
DERIV 32
9.797436222267783060e-17
-8.898127265496881699e-34
0
0
DERIV 33
-3.426446731252302528e-17
-6.712784897578305715e-34
0
0
DERIV 34
1.2005412538505650611e-17
4.598885580869461654e-34
0
0
DERIV 35
-4.213722324280023067e-18
1.6316893307824068153e-34
0
0
AT 11/4
0.04922676827825113455
-2.2987041722851057949e-18
0
0
DERIV 1
-0.04409530528142801414
-2.0154779522212080553e-18
0
0
DERIV 2
0.022387203792821459142
1.4232150565084436215e-18
0
0
DERIV 3
-0.008680481463160314229
-5.158224135829613489e-20
0
0
DERIV 4
0.002914490729102724425
-1.2667398892551642911e-19
0
0
DERIV 5
-0.0009072489323232787312
-3.166703282185166683e-20
0
0
DERIV 6
0.0002725481136732816234
-1.8622759056569274874e-20
0
0
DERIV 7
-8.088519222371893917e-5
-3.3720249708656810050e-21
0
0
DERIV 8
2.4023340156952088331e-5
1.5455415478706379915e-21
0
0
DERIV 9
-7.187767365708356837e-6
9.699175870773283258e-23
0
0
DERIV 10
2.172689084391641957e-6
1.4801924627111847099e-22
0
0
DERIV 11
-6.640678929921521570e-7
-1.3614607158214565262e-23
0
0
DERIV 12
2.0519289725145568002e-7
-4.765644220560900838e-24
0
0
DERIV 13
-6.405710213560011673e-8
5.551616641484856434e-24
0
0
DERIV 14
2.0186984845792158704e-8
1.2159808101214532995e-24
0
0
DERIV 15
-6.416622302983304660e-9
-2.643308697177329195e-25
0
0
DERIV 16
2.055517724571657806e-9
-1.5450795030340524435e-25
0
0
DERIV 17
-6.631227966265197971e-10
2.2964884151339752240e-26
0
0
DERIV 18
2.1529587459332892950e-10
-2.9756614034845070561e-27
0
0
DERIV 19
-7.030554305179600124e-11
-1.5778915866862388698e-27
0
0
DERIV 20
2.3079594291340205240e-11
-1.4700952660064857368e-27
0
0
DERIV 21
-7.612907839264657848e-12
-5.736099355203401528e-28
0
0
DERIV 22
2.5221974394304101682e-12
1.4804850162874953691e-29
0
0
DERIV 23
-8.389890575752963202e-13
4.855845742461543611e-29
0
0
DERIV 24
2.801189365375113038e-13
-2.6486635954005688896e-30
0
0
DERIV 25
-9.384543908192632860e-14
-3.409743672556165368e-30
0
0
DERIV 26
3.153968067354055254e-14
1.6165382852545427864e-30
0
0
DERIV 27
-1.0631029242540462300e-14
7.052816474220992834e-31
0
0
DERIV 28
3.593170470511199106e-15
2.1955581903357029136e-32
0
0
DERIV 29
-1.2175428340120693965e-15
-2.876508038509069898e-32
0
0
DERIV 30
4.135440503445811696e-16
-1.7556140940063892471e-32
0
0
DERIV 31
-1.4077463486210003517e-16
-6.824769608477249910e-33
0
0
DERIV 32
4.802110701760282929e-17
-2.9163212390389171980e-33
0
0
DERIV 33
-1.6413091743379669658e-17
1.1368034913838653862e-33
0
0
DERIV 34
5.620166357377349274e-18
8.554286107587029146e-36
0
0
DERIV 35
-1.9278035211916470540e-18
3.980125645731039876e-35
0
0
AT 45/16
0.04655618607713642859
2.6412973287046372520e-18
0
0
DERIV 1
-0.04139585070823344898
4.569501820244389459e-19
0
0
DERIV 2
0.020825767732292031070
4.962363984516338615e-19
0
0
DERIV 3
-0.007986009340376706497
-2.0480840330964329512e-19
0
0
DERIV 4
0.002646278718533146349
-1.5678292419235097001e-20
0
0
DERIV 5
-0.0008113633738179397686
2.862415565477862350e-20
0
0
DERIV 6
0.00023964766988500323997
-2.6399441877629047404e-21
0
0
DERIV 7
-6.982384409704428107e-5
4.051757015237269157e-22
0
0
DERIV 8
2.0336862920731259014e-5
-1.6529514801551935009e-21
0
0
DERIV 9
-5.962148574741911365e-6
-7.732509048221374770e-25
0
0
DERIV 10
1.7648618603681132790e-6
5.817093198029875954e-23
0
0
DERIV 11
-5.280222070445375728e-7
-4.883429325573823889e-24
0
0
DERIV 12
1.5966295620160947609e-7
-5.875055862896121484e-24
0
0
DERIV 13
-4.876671041190845228e-8
-1.9901710882964172493e-24
0
0
DERIV 14
1.5034159756643336936e-8
7.196211124356447174e-25
0
0
DERIV 15
-4.674337536393502055e-9
2.773546427488200736e-25
0
0
DERIV 16
1.4645593415683293886e-9
-6.227694522983039823e-26
0
0
DERIV 17
-4.620899302099583457e-10
-2.0302140141691985741e-26
0
0
DERIV 18
1.4672215332944994079e-10
9.282139923267872214e-27
0
0
DERIV 19
-4.685565174042336733e-11
3.1001093002897602213e-27
0
0
DERIV 20
1.5041849095488817104e-11
1.4488039614714888995e-27
0
0
DERIV 21
-4.851934047389058339e-12
3.667743385626331772e-28
0
0
DERIV 22
1.5719079288715317440e-12
9.597860564090445695e-29
0
0
DERIV 23
-5.113071727327964456e-13
7.598836199188213857e-30
0
0
DERIV 24
1.6693237637113944462e-13
9.758899804521734168e-30
0
0
DERIV 25
-5.468643520169351683e-14
1.1721793966197095960e-30
0
0
DERIV 26
1.7971675925922558755e-14
-1.0724629313306419392e-30
0
0
DERIV 27
-5.923365086145921385e-15
-5.831998535210602618e-32
0
0
DERIV 28
1.9576291307871159254e-15
1.6410271659641384322e-31
0
0
DERIV 29
-6.486256631105995833e-16
-2.9155231961483217732e-33
0
0
DERIV 30
2.1542054087436429063e-16
8.362906186097700511e-33
0
0
DERIV 31
-7.170403993931411276e-17
4.136065299064461412e-33
0
0
DERIV 32
2.3916845467539841162e-17
1.4877172282297972395e-33
0
0
DERIV 33
-7.993066937108004422e-18
-2.895877705511126395e-35
0
0
DERIV 34
2.6762242624146593670e-18
1.1621589305600201962e-34
0
0
DERIV 35
-8.976054164601784068e-19
4.765751647723773725e-35
0
0
AT 23/8
0.04404838597302549591
9.347920458817446117e-19
0
0
DERIV 1
-0.03888369209147025246
-2.3333015222532347514e-18
0
0
DERIV 2
0.019388485756609771804
-2.705968879229957653e-19
0
0
DERIV 3
-0.007354999620827277693
1.9954198510253461866e-19
0
0
DERIV 4
0.002406193907722722122
1.9005972388595795857e-19
0
0
DERIV 5
-0.0007269562445868843394
1.3126034078765161355e-20
0
0
DERIV 6
0.00021120724292349361633
1.0019849663740943821e-20
0
0
DERIV 7
-6.044467785336561416e-5
1.6145627605845995678e-21
0
0
DERIV 8
1.7273262223832199007e-5
-1.2690939155847562415e-21
0
0
DERIV 9
-4.964481212967017386e-6
-3.959439420019628594e-22
0
0
DERIV 10
1.4398215141911756250e-6
-3.685296023040694219e-23
0
0
DERIV 11
-4.218891351576694261e-7
-6.294854814308580215e-24
0
0
DERIV 12
1.2490303322776560186e-7
-1.2621022072047902787e-23
0
0
DERIV 13
-3.734445064864659915e-8
2.0575220230456221453e-24
0
0
DERIV 14
1.1268130257139953100e-8
4.941245712744418493e-25
0
0
DERIV 15
-3.428597197623654718e-9
-1.8008143635699334995e-25
0
0
DERIV 16
1.0512178739452214278e-9
-4.109544556450897258e-26
0
0
DERIV 17
-3.245456612717030618e-10
1.3774442054335813244e-27
0
0
DERIV 18
1.0082977495380073017e-10
-3.478122967590066784e-27
0
0
DERIV 19
-3.150529756106320875e-11
-1.3743140033549544879e-27
0
0
DERIV 20
9.895535372918816624e-12
-6.408515098509789878e-29
0
0
DERIV 21
-3.1229127140626112435e-12
6.273096937016030454e-29
0
0
DERIV 22
9.898542214661419317e-13
-2.9546927965370512050e-30
0
0
DERIV 23
-3.150060713233445879e-13
-9.875496305630616359e-30
0
0
DERIV 24
1.0061561011054582984e-13
5.210785998008406054e-30
0
0
DERIV 25
-3.224689336878190791e-14
-2.389026392953788772e-31
0
0
DERIV 26
1.0367564696836258283e-14
-3.904376656840726981e-31
0
0
DERIV 27
-3.3429784723163192792e-15
4.370506943798312624e-32
0
0
DERIV 28
1.0808610157925894464e-15
5.264720127355414482e-33
0
0
DERIV 29
-3.503529216939467882e-16
-2.2615054539578418863e-32
0
0
DERIV 30
1.1383322602381962917e-16
-5.719584462447291676e-33
0
0
DERIV 31
-3.706758252631818855e-17
2.1196706626297615923e-33
0
0
DERIV 32
1.2095444814488841758e-17
-6.558294991392478499e-35
0
0
DERIV 33
-3.954553799430580124e-18
-2.120920107989905623e-34
0
0
DERIV 34
1.2953035840057623408e-18
-4.609356444417001619e-35
0
0
DERIV 35
-4.250094785578222690e-19
-8.523543501335423423e-36
0
0
AT 47/16
0.04169213187028455309
-2.4758904376249289152e-18
0
0
DERIV 1
-0.03654402725349992220
-4.384819978660952773e-19
0
0
DERIV 2
0.018064090861040979497
8.812415729461521592e-19
0
0
DERIV 3
-0.006780847969512116859
-1.3277352342232732013e-19
0
0
DERIV 4
0.002190896881434684258
1.2731147959876802238e-19
0
0
DERIV 5
-0.0006524849330708118542
-5.292058091224448221e-20
0
0
DERIV 6
0.00018655458321897641226
3.497970142444343201e-21
0
0
DERIV 7
-5.246602836184937024e-5
-1.4075087173671961494e-21
0
0
DERIV 8
1.4717739628498141660e-5
-3.538299280385904268e-22
0
0
DERIV 9
-4.148911246747196270e-6
-9.869734224462799605e-23
0
0
DERIV 10
1.1795295200236803219e-6
-1.3841027373078681715e-23
0
0
DERIV 11
-3.386561411480515327e-7
1.0818038020794717548e-23
0
0
DERIV 12
9.821265706159924743e-8
-3.883298956260480674e-24
0
0
DERIV 13
-2.8758386568167329875e-8
1.1555920878533068350e-24
0
0
DERIV 14
8.497079251485518312e-9
-5.085022649775182015e-26
0
0
DERIV 15
-2.531433537294107616e-9
-5.317658412707152450e-26
0
0
DERIV 16
7.598714663405279648e-10
1.9607482006817703487e-26
0
0
DERIV 17
-2.2966470065322249795e-10
-1.1887842925140084076e-26
0
0
DERIV 18
6.984867503249983654e-11
-4.936314517150662137e-27
0
0
DERIV 19
-2.1364281401561611096e-11
-5.674092724995979979e-28
0
0
DERIV 20
6.568512913242240628e-12
3.287066356605747831e-28
0
0
DERIV 21
-2.0290880641464931974e-12
1.8318312383311536347e-28
0
0
DERIV 22
6.295318523214024197e-13
-2.3326040790751276981e-29
0
0
DERIV 23
-1.9609404654336349552e-13
-9.683217090147649869e-30
0
0
DERIV 24
6.130622886353868493e-14
5.156058978216894161e-31
0
0
DERIV 25
-1.9231648359078137466e-14
1.0426475002600023085e-30
0
0
DERIV 26
6.051891423105551674e-15
-3.043912276975597520e-31
0
0
DERIV 27
-1.9099879606365721681e-15
-4.981139231530470118e-32
0
0
DERIV 28
6.044313434348560804e-16
-4.501243694807481304e-33
0
0
DERIV 29
-1.9176119228186336034e-16
5.322126975356592538e-33
0
0
DERIV 30
6.098176213033879135e-17
4.506739885959265347e-33
0
0
DERIV 31
-1.9435668899064430821e-17
1.0737752098282019574e-33
0
0
DERIV 32
6.207260176944192308e-18
2.876165486207686470e-34
0
0
DERIV 33
-1.9863108970866711669e-18
-1.6150466415173837679e-34
0
0
DERIV 34
6.367835663153841108e-19
-4.745954247106064319e-35
0
0
DERIV 35
-2.0449772472514712714e-19
1.1751346033208782365e-35
0
0
AT 3
0.03947707036050812635
-1.3534853718560110163e-18
0
0
DERIV 1
-0.03436338814491309013
-2.9038590717706722344e-18
0
0
DERIV 2
0.016842479703850943284
7.263304977878790578e-19
0
0
DERIV 3
-0.006257727784928785418
-2.6689651546696848541e-20
0
0
DERIV 4
0.001997493190402383455
3.692426402983461620e-20
0
0
DERIV 5
-0.0005866373014565982782
-2.0273867992434489169e-20
0
0
DERIV 6
0.00016512899912884843067
-7.674310221826534426e-22
0
0
DERIV 7
-4.565767658751116218e-5
1.1195872316112703154e-21
0
0
DERIV 8
1.2578382046593263588e-5
-5.085702276810984791e-22
0
0
DERIV 9
-3.479486614102021132e-6
-2.3991292285613886751e-23
0
0
DERIV 10
9.701387235637900037e-7
4.614409092950847121e-23
0
0
DERIV 11
-2.730535791851368773e-7
1.9842300797498022545e-23
0
0
DERIV 12
7.760553291208449189e-8
-6.067347535945646741e-25
0
0
DERIV 13
-2.2265639323130198180e-8
-2.349995492555990470e-25
0
0
DERIV 14
6.444960923576008088e-9
2.3716284080553905750e-26
0
0
DERIV 15
-1.880828890232601353e-9
1.1085945963178544278e-25
0
0
DERIV 16
5.529928785644948190e-10
2.712519357831884953e-26
0
0
DERIV 17
-1.6369806247380175893e-10
5.466569644439830958e-27
0
0
DERIV 18
4.875923377358731384e-11
-2.1839080190807281142e-27
0
0
DERIV 19
-1.4605636959484587209e-11
-8.493506279483297337e-28
0
0
DERIV 20
4.397646064694675052e-12
-2.181215144734286147e-28
0
0
DERIV 21
-1.3303476631011999025e-12
-5.263948359565517968e-29
0
0
DERIV 22
4.041894532456367038e-13
-2.2774273959096196082e-29
0
0
DERIV 23
-1.2329008618854873213e-13
1.6837351666625655486e-30
0
0
DERIV 24
3.774500260148020649e-14
-4.284375008796576235e-31
0
0
DERIV 25
-1.1594660191663863563e-14
-4.354921450179129224e-31
0
0
DERIV 26
3.572856558383263563e-15
9.131365490439963778e-32
0
0
DERIV 27
-1.1041673139398100350e-15
6.730544484090317847e-32
0
0
DERIV 28
3.421593259804087040e-16
-2.0282756049675902507e-32
0
0
DERIV 29
-1.0629602072354297415e-16
-1.2552717787834637610e-33
0
0
DERIV 30
3.310009115761292490e-17
2.1488626112526034695e-33
0
0
DERIV 31
-1.0329991577784389288e-17
-3.650053064563128703e-34
0
0
DERIV 32
3.2305035513175578619e-18
-9.679359926793146694e-35
0
0
DERIV 33
-1.0122459004605812786e-18
4.030603587275158816e-35
0
0
DERIV 34
3.177591489483022213e-19
1.0448874689855261109e-35
0
0
DERIV 35
-9.992200370140458352e-20
3.717618886293732020e-36
0
0
AT 49/16
0.03739365170176330022
-3.3857611344605222881e-18
0
0
DERIV 1
-0.03232950408314824720
2.0155985736430249757e-18
0
0
DERIV 2
0.015714576672023212317
-6.893487537470768280e-19
0
0
DERIV 3
-0.005780487442044789613
-4.238123624011818662e-19
0
0
DERIV 4
0.0018234674485827751488
-3.580593448874261610e-20
0
0
DERIV 5
-0.0005282937768327963237
-1.5426475517143114717e-20
0
0
DERIV 6
0.00014646116198833547106
4.337011669538329051e-21
0
0
DERIV 7
-3.983068485195859383e-5
-1.3638024938958645503e-21
0
0
DERIV 8
1.0781263495004041875e-5
-4.097957151826999220e-22
0
0
DERIV 9
-2.927876653073051793e-6
1.5333280967798623410e-22
0
0
DERIV 10
8.009606901922879753e-7
-2.3115474679233023396e-23
0
0
DERIV 11
-2.2109773194665391085e-7
5.822668136234104079e-25
0
0
DERIV 12
6.161119565800010237e-8
-2.2903326924612357209e-24
0
0
DERIV 13
-1.7327696584520377547e-8
-1.3537652074634986373e-24
0
0
DERIV 14
4.915847121195403918e-9
-2.965890409062398271e-25
0
0
DERIV 15
-1.4058897127983045965e-9
2.3658644491543644771e-26
0
0
DERIV 16
4.050506461415020500e-10
1.0465133611125123171e-26
0
0
DERIV 17
-1.1748811687489380971e-10
-5.803987377935713679e-27
0
0
DERIV 18
3.428838629219250812e-11
1.8366067261970475956e-27
0
0
DERIV 19
-1.0063157152504142768e-11
5.690061319768792499e-28
0
0
DERIV 20
2.9685533674455321692e-12
9.027973566628508694e-29
0
0
DERIV 21
-8.798130872299576695e-13
2.5009856524690606865e-30
0
0
DERIV 22
2.618802455000142124e-13
1.8116919751628289539e-29
0
0
DERIV 23
-7.825854176935369088e-14
-4.638031549311565325e-30
0
0
DERIV 24
2.3471638653193119585e-14
-1.5247539769449517623e-30
0
0
DERIV 25
-7.063464888067195831e-15
2.004625793878747161e-31
0
0
DERIV 26
2.1322953735574321529e-15
7.060500894676953174e-32
0
0
DERIV 27
-6.455583342773819006e-16
8.768750192636745553e-33
0
0
DERIV 28
1.9597248423092552945e-16
7.895413922030630605e-34
0
0
DERIV 29
-5.964135754861904665e-17
5.919902356110944975e-33
0
0
DERIV 30
1.8193720343071039351e-17
8.136865592866951356e-34
0
0
DERIV 31
-5.562274142536534861e-18
-1.4784855718220691410e-34
0
0
DERIV 32
1.7040457679599139443e-18
8.728308090558492140e-35
0
0
DERIV 33
-5.230634478124505986e-19
3.926772028689955819e-35
0
0
DERIV 34
1.6085056365058207146e-19
1.1230841864547976563e-36
0
0
DERIV 35
-4.954967804274849869e-20
-1.4126640593141927098e-36
0
0
AT 25/8
0.03543305883854352273
7.528167021637916775e-19
0
0
DERIV 1
-0.030431180840288948181
3.354214798192295163e-19
0
0
DERIV 2
0.014672215757450236817
-4.647972337228338992e-19
0
0
DERIV 3
-0.005344562623572668078
3.624819112543741348e-19
0
0
DERIV 4
0.0016666281755126654586
-1.4899974316575098656e-20
0
0
DERIV 5
-0.0004764962444445676416
2.1985540615636573466e-20
0
0
DERIV 6
0.00013015686614056197435
1.2313912421387679758e-20
0
0
DERIV 7
-3.482938860511943234e-5
-2.1522364431046800617e-21
0
0
DERIV 8
9.266665159408793423e-6
-3.449456875992980268e-22
0
0
DERIV 9
-2.471648555409124358e-6
2.1848995990352209301e-24
0
0
DERIV 10
6.637014867226197797e-7
-2.8813999730870249861e-24
0
0
DERIV 11
-1.7975968793992391965e-7
6.803958064534840793e-24
0
0
DERIV 12
4.913429184114776753e-8
2.8592753380969177625e-24
0
0
DERIV 13
-1.3551588760240896290e-8
7.834358173057439331e-25
0
0
DERIV 14
3.769684034439678232e-9
4.078918918129150243e-26
0
0
DERIV 15
-1.0569777007081698932e-9
7.809227283019164124e-27
0
0
DERIV 16
2.985350112002382277e-10
-1.3049767919419009325e-26
0
0
DERIV 17
-8.488356144233230177e-11
-6.418227191923064997e-27
0
0
DERIV 18
2.4282824496630493805e-11
-6.682532530885044983e-28
0
0
DERIV 19
-6.985418537536830843e-12
-3.496513826399624372e-28
0
0
DERIV 20
2.0197428603490711777e-12
4.746612537078024420e-29
0
0
DERIV 21
-5.867111418832503430e-13
7.880526224341728796e-30
0
0
DERIV 22
1.7116344342491346886e-13
2.2139067717745275140e-30
0
0
DERIV 23
-5.013114139143108961e-14
-5.848972166702083414e-31
0
0
DERIV 24
1.4736055026434188554e-14
-1.5518257693922305284e-30
0
0
DERIV 25
-4.346232614549756795e-15
-7.690842653350928626e-32
0
0
DERIV 26
1.2858669114317818446e-15
-7.759345448834891143e-32
0
0
DERIV 27
-3.815349865904378035e-16
2.1828442643120094315e-32
0
0
DERIV 28
1.1351190949088758258e-16
2.3605221732510620680e-33
0
0
DERIV 29
-3.385625733042672388e-17
-4.040694545210396424e-34
0
0
DERIV 30
1.0121759430381120826e-17
7.345643609592878850e-34
0
0
DERIV 31
-3.0326913073488763342e-18
1.3527661961155466486e-34
0
0
DERIV 32
9.105354837601558926e-19
1.4958754737800842050e-35
0
0
DERIV 33
-2.739103686750056418e-19
4.358014099531345974e-36
0
0
DERIV 34
8.254941676364071800e-20
-2.7284928396691195395e-36
0
0
DERIV 35
-2.4921177701517344322e-20
1.3294944334979515352e-36
0
0
AT 51/16
0.03358714353790460266
2.8461157825285590875e-18
0
0
DERIV 1
-0.028658193520550732936
-1.3606221758018358026e-18
0
0
DERIV 2
0.013708037650634127477
-3.914876393444635161e-19
0
0
DERIV 3
-0.004945901300762220627
2.251744930592730393e-19
0
0
DERIV 4
0.0015250614725522630265
-1.0604399815358024161e-19
0
0
DERIV 5
-0.0004304224225524168508
1.7819277503183060965e-20
0
0
DERIV 6
0.00011588391217181120388
5.122807839985048474e-21
0
0
DERIV 7
-3.052505661382066336e-5
-9.766453312789412228e-22
0
0
DERIV 8
7.986142961519739373e-6
1.9652293975343329377e-22
0
0
DERIV 9
-2.092957276849897335e-6
-1.6189065004867302908e-22
0
0
DERIV 10
5.518925946375521574e-7
3.742263297202450947e-23
0
0
DERIV 11
-1.4672379879721347951e-7
9.298099881830910632e-24
0
0
DERIV 12
3.935403285338909555e-8
-1.7366087811052047801e-24
0
0
DERIV 13
-1.0648720854224794656e-8
3.583945306530514235e-25
0
0
DERIV 14
2.905674500711519405e-9
-6.803370268905176121e-26
0
0
DERIV 15
-7.990845575683669743e-10
4.882403842975542899e-26
0
0
DERIV 16
2.2134510186362730124e-10
-4.380078777306501237e-27
0
0
DERIV 17
-6.171885549484669996e-11
1.9722854744576595868e-27
0
0
DERIV 18
1.7313765745784287353e-11
-1.5972945456954731558e-27
0
0
DERIV 19
-4.883892139368643136e-12
3.546515272524447186e-28
0
0
DERIV 20
1.3846429409903937333e-12
-4.656680910297428947e-29
0
0
DERIV 21
-3.943879135266484270e-13
2.4610079951420973035e-30
0
0
DERIV 22
1.1281304669900973176e-13
-2.4630891463445360956e-30
0
0
DERIV 23
-3.239649590403924167e-14
-1.5015215559712275022e-30
0
0
DERIV 24
9.337016410416651349e-15
-1.3486055491133092506e-31
0
0
DERIV 25
-2.7000485692537159143e-15
1.2514535765537105310e-31
0
0
DERIV 26
7.832175442747427632e-16
3.921511000376988675e-32
0
0
DERIV 27
-2.278479928904155561e-16
-2.0081914461658237542e-32
0
0
DERIV 28
6.646207575593339036e-17
-2.3121811178183189546e-33
0
0
DERIV 29
-1.9435273016855544168e-17
-3.332993749382228808e-34
0
0
DERIV 30
5.696719962613200182e-18
3.842142392225975228e-34
0
0
DERIV 31
-1.6734488581589468350e-18
-5.069597976587190215e-35
0
0
DERIV 32
4.926006081453545399e-19
-2.591551623375401926e-35
0
0
DERIV 33
-1.4528441283433163193e-19
4.785599978965572283e-37
0
0
DERIV 34
4.292752591847587104e-20
-1.7624836601657879172e-36
0
0
DERIV 35
-1.2705760728381417160e-20
-5.364002493964723763e-37
0
0
AT 13/4
0.03184836883641205957
-1.8848609870679100563e-19
0
0
DERIV 1
-0.027001191465279537895
1.0254178462276836956e-18
0
0
DERIV 2
0.012815399874457249554
1.0313634253144393011e-19
0
0
DERIV 3
-0.004580899354960954982
2.0891422222043641422e-19
0
0
DERIV 4
0.0013970919896165452222
4.720679681781062990e-20
0
0
DERIV 5
-0.0003893646737185134940
1.1911133857381521649e-20
0
0
DERIV 6
0.00010336146822411022904
-3.0976636593809458736e-21
0
0
DERIV 7
-2.6810848663515932897e-5
-3.337279201318907076e-22
0
0
DERIV 8
6.900241035387401009e-6
2.165384809408130896e-22
0
0
DERIV 9
-1.7775442138706237714e-6
3.1553751942239896792e-24
0
0
DERIV 10
4.604646002207312728e-7
-9.178987609278822444e-24
0
0
DERIV 11
-1.2021035221431767471e-7
-2.3691220600787284706e-24
0
0
DERIV 12
3.165185917563885524e-8
7.818443436705162022e-25
0
0
DERIV 13
-8.405850586958774342e-9
5.448942775103782158e-25
0
0
DERIV 14
2.250799239675325456e-9
-2.5804472689620266098e-26
0
0
DERIV 15
-6.073479537247785246e-10
-2.4818343299317212562e-26
0
0
DERIV 16
1.6505628984659034736e-10
-1.0101683989911400660e-26
0
0
DERIV 17
-4.515114946659697510e-11
1.8730876872788760306e-27
0
0
DERIV 18
1.2425370687913497802e-11
4.752822977491156129e-28
0
0
DERIV 19
-3.4382202586975311148e-12
2.4722860259474995537e-29
0
0
DERIV 20
9.561847148661806012e-13
2.574385053847135199e-29
0
0
DERIV 21
-2.671488098210777410e-13
3.462411571155493828e-30
0
0
DERIV 22
7.495592550830662486e-14
3.765008605171282332e-30
0
0
DERIV 23
-2.1113227604607661370e-14
2.734691900550333212e-31
0
0
DERIV 24
5.968550403216140405e-15
2.358540796637243183e-31
0
0
DERIV 25
-1.6929013995596149497e-15
-9.664034518482219652e-32
0
0
DERIV 26
4.816569350861473390e-16
3.751984021429083037e-32
0
0
DERIV 27
-1.3743348316381901755e-16
1.1192386791135069765e-33
0
0
DERIV 28
3.931971036450242586e-17
-7.993216984854878184e-34
0
0
DERIV 29
-1.1277521533555019612e-17
2.419207074547321697e-34
0
0
DERIV 30
3.2421447082636675074e-18
2.3657870821982331712e-35
0
0
DERIV 31
-9.341199670314177235e-19
6.108436211473930217e-35
0
0
DERIV 32
2.696908821675316595e-19
7.424341662768887652e-36
0
0
DERIV 33
-7.801355645003816914e-20
-2.4812991063827792814e-36
0
0
DERIV 34
2.2608171701406766696e-20
-5.261289132637530990e-37
0
0
DERIV 35
-6.563080426872123618e-21
-2.389874675136232701e-37
0
0
AT 53/16
0.030209757094627510965
1.6891008247696569223e-18
0
0
DERIV 1
-0.025451613673354651218
2.397369539318105285e-19
0
0
DERIV 2
0.011988298123460564351
1.0670349821250917797e-19
0
0
DERIV 3
-0.004246345179178674829
4.029863949499655595e-19
0
0
DERIV 4
0.0012812499307780301008
2.5877536171549970332e-20
0
0
DERIV 5
-0.0003527124214084539021
-2.1469904871907953516e-21
0
0
DERIV 6
9.235140646800920467e-5
5.888216754295434627e-21
0
0
DERIV 7
-2.3597787359220043094e-5
9.207456552101828252e-22
0
0
DERIV 8
5.976700141366000685e-6
-2.928928535670110907e-22
0
0
DERIV 9
-1.5139678157241632598e-6
-7.536647026375874170e-24
0
0
DERIV 10
3.854260111427916628e-7
4.444180266201838547e-24
0
0
DERIV 11
-9.884458755354092138e-8
2.3842216866033874009e-24
0
0
DERIV 12
2.5559058191044789951e-8
-1.5172751933948800398e-24
0
0
DERIV 13
-6.664485994754385731e-9
1.6682137883079812353e-25
0
0
DERIV 14
1.7518290078495116355e-9
-4.333990558312399203e-26
0
0
DERIV 15
-4.639928729232465470e-10
-8.153599316609506222e-27
0
0
DERIV 16
1.2376172671912432457e-10
-8.020863825724881323e-27
0
0
DERIV 17
-3.322573985975187060e-11
-2.3355210359140031142e-27
0
0
DERIV 18
8.973141300745260465e-12
6.117894195035231924e-28
0
0
DERIV 19
-2.4365807711984783858e-12
-6.909149628036799621e-29
0
0
DERIV 20
6.649472672279526828e-13
-3.517776166910209413e-29
0
0
DERIV 21
-1.8229973242492300731e-13
-3.544052796602496036e-30
0
0
DERIV 22
5.019001597359307896e-14
2.7444906142885542199e-30
0
0
DERIV 23
-1.3871946120345779854e-14
-2.423905018411413764e-31
0
0
DERIV 24
3.847841093706691363e-15
-8.449117539243290461e-32
0
0
DERIV 25
-1.0708793121716672997e-15
6.137628004232005785e-32
0
0
DERIV 26
2.989531879538016275e-16
1.3415658854088858838e-32
0
0
DERIV 27
-8.369720989408916799e-17
-1.2317154171637789100e-33
0
0
DERIV 28
2.3495184856686077790e-17
-2.589852772973411001e-34
0
0
DERIV 29
-6.611954431543394642e-18
2.355440062295619505e-34
0
0
DERIV 30
1.8650654072603873242e-18
-1.3120850988190353285e-34
0
0
DERIV 31
-5.272395250615897538e-19
-3.257141471930439309e-35
0
0
DERIV 32
1.4935287744046908358e-19
-4.374243189949168618e-36
0
0
DERIV 33
-4.238947433430924448e-20
-4.175959455262314874e-37
0
0
DERIV 34
1.2052934414245965729e-20
-1.0882652279236657251e-37
0
0
DERIV 35
-3.432996759746521402e-21
-2.498301013409604277e-37
0
0
AT 27/8
0.028664843043589290777
3.532286012875610674e-19
0
0
DERIV 1
-0.024001613435909018718
-1.7098400067642945472e-18
0
0
DERIV 2
0.011221297258045496298
-7.067850056352452781e-19
0
0
DERIV 3
-0.003939371881642941484
-4.148239723547095829e-19
0
0
DERIV 4
0.0011762430796485598763
-7.836520819775007538e-20
0
0
DERIV 5
-0.0003199375080663661693
2.6533974259255668500e-20
0
0
DERIV 6
8.265122076196338916e-5
6.444587222016744535e-21
0
0
DERIV 7
-2.0811526311945859638e-5
-1.2945761569076651337e-21
0
0
DERIV 8
5.189047307533588801e-6
-4.059658635802502601e-22
0
0
DERIV 9
-1.2930093980464982399e-6
3.755172837092528907e-23
0
0
DERIV 10
3.236199448142694390e-7
-2.0689293480592576025e-23
0
0
DERIV 11
-8.155937146715312797e-8
-5.023331314361948094e-24
0
0
DERIV 12
2.0718592011214690495e-8
-7.766169628204090292e-25
0
0
DERIV 13
-5.306161700753219014e-9
-6.723333455468964696e-26
0
0
DERIV 14
1.3697264206680684520e-9
-2.3644724568210888446e-26
0
0
DERIV 15
-3.562295368686017440e-10
4.105306016741401523e-27
0
0
DERIV 16
9.329163684260984068e-11
-3.514327927140654660e-27
0
0
DERIV 17
-2.4588913977830902818e-11
-1.3689408543073741774e-27
0
0
DERIV 18
6.519209193007582565e-12
2.534755513174316305e-28
0
0
DERIV 19
-1.7377981371000097687e-12
6.037444335175227956e-29
0
0
DERIV 20
4.655431301686515275e-13
4.592421930080698537e-29
0
0
DERIV 21
-1.2528580036029629045e-13
1.1762011257594620746e-29
0
0
DERIV 22
3.385846783070991814e-14
-1.1761219363456662698e-30
0
0
DERIV 23
-9.185741226032161999e-15
6.838617528886848249e-33
0
0
DERIV 24
2.5010062686993271933e-15
-1.0946437824576206465e-31
0
0
DERIV 25
-6.832097160079028917e-16
1.4845008932223787323e-32
0
0
DERIV 26
1.8720971306677808773e-16
-1.0794406057917356637e-32
0
0
DERIV 27
-5.144513833276424710e-17
-1.5778282858510328961e-33
0
0
DERIV 28
1.4174815482320037459e-17
-1.3930997335078658778e-33
0
0
DERIV 29
-3.915354092606108935e-18
-1.4653450217517302077e-34
0
0
DERIV 30
1.0840160667294048729e-18
3.593496240357546219e-35
0
0
DERIV 31
-3.007794668374740258e-19
4.810902419345904271e-36
0
0
DERIV 32
8.362781593937412660e-20
1.2887277120624663173e-36
0
0
DERIV 33
-2.3296501103337061827e-20
-4.684110254944133174e-37
0
0
DERIV 34
6.501592099241111877e-21
-1.2976330132822238109e-37
0
0
DERIV 35
-1.8175797542059635907e-21
-7.451143399225979574e-38
0
0
AT 55/16
0.027207631283324838767
-1.3247448187455873830e-18
0
0
DERIV 1
-0.022643991062900794414
-1.0139110271838512377e-18
0
0
DERIV 2
0.010509470639042351944
-1.6269436806469192674e-19
0
0
DERIV 3
-0.003657415943987121342
-3.712092710082092057e-20
0
0
DERIV 4
0.0010809330115593581388
1.1580486522398150599e-20
0
0
DERIV 5
-0.0002905819621538016607
-2.1602048596029599248e-20
0
0
DERIV 6
7.408821541885667527e-5
-2.9242552406382180848e-21
0
0
DERIV 7
-1.8389746612567573462e-5
-8.329930643442869656e-23
0
0
DERIV 8
4.515480580670676954e-6
1.4512274776878279275e-23
0
0
DERIV 9
-1.1072120164274855975e-6
4.708845069180939154e-23
0
0
DERIV 10
2.725388342171179266e-7
-1.7864503145826148753e-23
0
0
DERIV 11
-6.752247327888539534e-8
2.971147322400639566e-25
0
0
DERIV 12
1.6857111766309399425e-8
1.2700824578730018595e-24
0
0
DERIV 13
-4.241848519282134006e-9
3.969893970403444416e-25
0
0
DERIV 14
1.0756956875995904653e-9
-6.816306612092982866e-26
0
0
DERIV 15
-2.747982918833965818e-10
1.2396582700978565135e-26
0
0
DERIV 16
7.068317533989179583e-11
-5.249665249672985844e-27
0
0
DERIV 17
-1.8296671843052381279e-11
1.4645881097934076156e-27
0
0
DERIV 18
4.763916366294162037e-12
1.7858895348580779603e-28
0
0
DERIV 19
-1.2470592882705451273e-12
-9.841751164821096042e-29
0
0
DERIV 20
3.280591311974303304e-13
2.2334009891346423024e-29
0
0
DERIV 21
-8.669363444896004916e-14
-4.477908885270252710e-30
0
0
DERIV 22
2.3005766169155623605e-14
1.4568309084287167480e-30
0
0
DERIV 23
-6.128585093456331494e-15
9.260531494812399108e-32
0
0
DERIV 24
1.6384428441550796176e-15
6.301352121071527335e-32
0
0
DERIV 25
-4.394768249113296911e-16
-1.3731711780675620618e-32
0
0
DERIV 26
1.1824192911720392653e-16
-2.7418716111891940922e-33
0
0
DERIV 27
-3.190399558817506688e-17
5.892020843003744859e-34
0
0
DERIV 28
8.631230711883582244e-18
3.851661309310823258e-34
0
0
DERIV 29
-2.3408756218898621074e-18
-1.4255726688006143207e-35
0
0
DERIV 30
6.363451993487297267e-19
-1.8657300773684113125e-36
0
0
DERIV 31
-1.7336166747960730051e-19
-5.028733389800456598e-37
0
0
DERIV 32
4.732621968645966335e-20
-1.3517339295221023005e-36
0
0
DERIV 33
-1.2944535663349373326e-20
-4.327505366352884863e-38
0
0
DERIV 34
3.546981627538982746e-21
-8.915921863793000139e-38
0
0
DERIV 35
-9.735875671412833243e-22
5.984011011574715798e-38
0
0
AT 7/2
0.025832557758719638247
-1.2612685336244869113e-18
0
0
DERIV 1
-0.021372133730718667621
-1.7112455495822670856e-18
0
0
DERIV 2
0.009848346684927341416
-2.225618894506218644e-19
0
0
DERIV 3
-0.003398181375585426593
1.0001424324580066113e-19
0
0
DERIV 4
0.0009943148091483625106
6.775913252581595631e-20
0
0
DERIV 5
-0.0002642477452342654174
1.1671542453154463593e-20
0
0
DERIV 6
6.651471992836210381e-5
4.399533551407568182e-21
0
0
DERIV 7
-1.6280051166736110894e-5
1.6237725887330232302e-22
0
0
DERIV 8
3.937983320141182481e-6
1.0093279121135013605e-22
0
0
DERIV 9
-9.505209191338252922e-7
1.5318146852589761805e-23
0
0
DERIV 10
2.3018259990260142388e-7
-2.8738821323476710952e-24
0
0
DERIV 11
-5.608192570314272053e-8
3.0179919406675348831e-24
0
0
DERIV 12
1.3764320370503169087e-8
-2.954965277732037726e-25
0
0
DERIV 13
-3.404288774188445718e-9
1.7596545841346387674e-25
0
0
DERIV 14
8.483768232191333307e-10
4.057707300710343491e-26
0
0
DERIV 15
-2.1295533275536117351e-10
1.2438646401477354899e-26
0
0
DERIV 16
5.381779386472267676e-11
2.2061373483724276248e-27
0
0
DERIV 17
-1.3686331341697472150e-11
-6.107270477588630622e-28
0
0
DERIV 18
3.5007484047956420916e-12
5.220792851162143550e-29
0
0
DERIV 19
-9.002176416274203463e-13
4.112431538897336903e-29
0
0
DERIV 20
2.326279224954801240e-13
7.334374012837738184e-30
0
0
DERIV 21
-6.038578937439877789e-14
1.2157507003146000044e-30
0
0
DERIV 22
1.5740292703407685380e-14
6.023565706011528285e-31
0
0
DERIV 23
-4.118673218075672174e-15
-1.5734001365521419962e-31
0
0
DERIV 24
1.0815415453220210446e-15
-1.2635078409591495848e-32
0
0
DERIV 25
-2.849426924392379985e-16
1.9330733665583844857e-32
0
0
DERIV 26
7.530058823372120781e-17
5.461813305986303892e-33
0
0
DERIV 27
-1.9956005565952198658e-17
7.291590334734881812e-34
0
0
DERIV 28
5.302734155686929576e-18
-2.112123307186579452e-34
0
0
DERIV 29
-1.4125421685608601275e-18
-4.675738783595234684e-35
0
0
DERIV 30
3.771460327883136380e-19
6.361563907629214223e-36
0
0
DERIV 31
-1.0091636077716539711e-19
5.877826152769178742e-36
0
0
DERIV 32
2.7058290610791436277e-20
1.2790419286074562153e-36
0
0
DERIV 33
-7.268981679659221216e-21
1.3082563573237972597e-37
0
0
DERIV 34
1.9562902791618820125e-21
-9.178827830486094628e-38
0
0
DERIV 35
-5.273943792605727172e-22
-4.187056403706727467e-38
0
0
AT 57/16
0.024534454794601305572
1.5323893666290793632e-18
0
0
DERIV 1
-0.020179961609121992161
-2.620114946219961031e-19
0
0
DERIV 2
0.009233861698662850989
-2.428266818958091497e-19
0
0
DERIV 3
-0.003159608560773254603
6.701392602244799528e-20
0
0
DERIV 4
0.0009154997186844799403
5.125058735277526599e-20
0
0
DERIV 5
-0.00024058813225715547130
3.753264563671033026e-21
0
0
DERIV 6
5.980413497571683388e-5
-2.5198932190475900557e-23
0
0
DERIV 7
-1.4438255216342837082e-5
-9.346327775483098820e-23
0
0
DERIV 8
3.441617860511867723e-6
1.9915820010119396317e-22
0
0
DERIV 9
-8.180019333177866084e-7
-2.1162522872470840005e-23
0
0
DERIV 10
1.9494956102289699894e-7
-1.1428211751508666862e-23
0
0
DERIV 11
-4.672475779537700872e-8
-2.2995563969216878702e-24
0
0
DERIV 12
1.1277668780765611016e-8
-9.038559849459242693e-26
0
0
DERIV 13
-2.742415931250556044e-9
1.1380081275692314393e-25
0
0
DERIV 14
6.718401309545395314e-10
-1.2995221927686061288e-26
0
0
DERIV 15
-1.6576097550542734101e-10
6.272091016070624285e-27
0
0
DERIV 16
4.117143691298725658e-11
1.2316451726097035948e-27
0
0
DERIV 17
-1.0289704378992996878e-11
1.6957519711315419946e-28
0
0
DERIV 18
2.5864187253977970036e-12
5.774701076749200387e-29
0
0
DERIV 19
-6.535654691142524164e-13
-4.521398155478128386e-29
0
0
DERIV 20
1.6595581970351181832e-13
-3.527269813307016384e-30
0
0
DERIV 21
-4.232946772932861698e-14
8.138891203620108453e-31
0
0
DERIV 22
1.0841487350636861475e-14
-2.084187887655009056e-31
0
0
DERIV 23
-2.7873642450074026917e-15
8.413036677521761279e-32
0
0
DERIV 24
7.191733747285454613e-16
1.7773339290290156659e-32
0
0
DERIV 25
-1.8616441678626773740e-16
1.0484270658340661334e-32
0
0
DERIV 26
4.833724390845290350e-17
-7.027569399591517890e-34
0
0
DERIV 27
-1.2586291762072343250e-17
3.879049870493070018e-34
0
0
DERIV 28
3.2859545741121600385e-18
-1.8919369022893147522e-34
0
0
DERIV 29
-8.599990302012286752e-19
2.697763436744308612e-35
0
0
DERIV 30
2.255997526480486180e-19
4.276657821825738926e-37
0
0
DERIV 31
-5.930908201792495660e-20
7.197273736585305652e-37
0
0
DERIV 32
1.5623876498401326057e-20
1.2986566014579671155e-36
0
0
DERIV 33
-4.123721506955237227e-21
-3.448105069055271090e-37
0
0
DERIV 34
1.0903728877557873456e-21
-7.713828469862262094e-38
0
0
DERIV 35
-2.888032508725831356e-22
2.3184107646569487242e-38
0
0
AT 29/8
0.023308519320968779098
1.4405646346513104611e-18
0
0
DERIV 1
-0.019061879536055696682
-6.807286857923671111e-19
0
0
DERIV 2
0.008662318149363841188
-6.599270556424467204e-19
0
0
DERIV 3
-0.002939847123708746578
-1.8643403010273046388e-19
0
0
DERIV 4
0.0008437002822599580986
1.5193576673539546165e-20
0
0
DERIV 5
-0.00021930044349464906332
-8.659356191043752337e-21
0
0
DERIV 6
5.384765454480326056e-5
2.1692961174352685405e-21
0
0
DERIV 7
-1.2826993426916789335e-5
3.209737565416123674e-22
0
0
DERIV 8
3.013959959418989487e-6
-1.8014838798127264807e-22
0
0
DERIV 9
-7.056199305866723295e-7
6.722071957485873306e-24
0
0
DERIV 10
1.6555213290105626008e-7
-1.1006646073907588343e-24
0
0
DERIV 11
-3.904566982060426338e-8
5.069400231725355267e-25
0
0
DERIV 12
9.270946011251418317e-9
-5.940472584065569625e-25
0
0
DERIV 13
-2.217268366552394869e-9
1.9805902104246386951e-25
0
0
DERIV 14
5.341439588009714469e-10
5.118762416056119050e-26
0
0
DERIV 15
-1.2957701134728825818e-10
2.5421649995183736919e-27
0
0
DERIV 16
3.164129311117670302e-11
1.4888675998741265201e-27
0
0
DERIV 17
-7.773965051916030415e-12
7.169100643380903279e-28
0
0
DERIV 18
1.9208615015006276218e-12
-7.185202060465078971e-29
0
0
DERIV 19
-4.771172611664409902e-13
3.674798339641846975e-29
0
0
DERIV 20
1.1908375841276234405e-13
9.999356992240988768e-30
0
0
DERIV 21
-2.985485986494323531e-14
-4.152805347233555751e-31
0
0
DERIV 22
7.515601056511600964e-15
-3.679973123718978739e-31
0
0
DERIV 23
-1.8991680514833772116e-15
1.0296256826649388535e-31
0
0
DERIV 24
4.816057532334477909e-16
4.075562671406642029e-32
0
0
DERIV 25
-1.2252869255701901895e-16
-8.971143399863507966e-33
0
0
DERIV 26
3.126810802695032348e-17
-6.475794963163669757e-34
0
0
DERIV 27
-8.001885716780188464e-18
-4.223682610687529013e-34
0
0
DERIV 28
2.0531833815809305565e-18
9.397921485607867490e-36
0
0
DERIV 29
-5.281205342705377627e-19
-2.437220099455725524e-35
0
0
DERIV 30
1.3615709459949615885e-19
-9.098413902842827440e-36
0
0
DERIV 31
-3.517931662008565806e-20
-2.5818187291571673169e-36
0
0
DERIV 32
9.107890014543297788e-21
3.898874113583430608e-37
0
0
DERIV 33
-2.3625421168001018457e-21
-1.0139048570000488751e-37
0
0
DERIV 34
6.139389471091432854e-22
-4.340722419714138822e-39
0
0
DERIV 35
-1.5981257420821176924e-22
2.984172022785848169e-39
0
0
AT 59/16
0.022150283961987982106
-7.479882688179076390e-19
0
0
DERIV 1
-0.018012733603250046660
-7.856268622167630209e-19
0
0
DERIV 2
0.008130347710359479146
-8.183380110019489514e-20
0
0
DERIV 3
-0.002737232241568131851
-1.6510492679515329217e-19
0
0
DERIV 4
0.0007782175605120641645
5.838946474756533570e-21
0
0
DERIV 5
-0.00020011989875323512342
1.2622463133584494157e-20
0
0
DERIV 6
4.855153984948038892e-5
1.8025723455707272054e-21
0
0
DERIV 7
-1.1414580918090313588e-5
-4.703482688216810977e-22
0
0
DERIV 8
2.644644220230209531e-6
-1.9714268926952706877e-22
0
0
DERIV 9
-6.100638224531626719e-7
-7.785620969135040890e-24
0
0
DERIV 10
1.4095138364188412407e-7
-6.700106401063285795e-24
0
0
DERIV 11
-3.272313896672118978e-8
-2.8181395969374830895e-24
0
0
DERIV 12
7.645727890765205484e-9
-9.713090882085932472e-26
0
0
DERIV 13
-1.7989806273438182494e-9
-8.361192959586098398e-26
0
0
DERIV 14
4.262914276179388259e-10
-3.677760445056717122e-27
0
0
DERIV 15
-1.0170951497118755576e-10
6.093032981615521694e-27
0
0
DERIV 16
2.4424853532685959586e-11
-5.304997973169060792e-28
0
0
DERIV 17
-5.901100403649406758e-12
-3.699730683256694429e-28
0
0
DERIV 18
1.4337547350517666547e-12
-1.4579575210713962618e-29
0
0
DERIV 19
-3.501654959707853019e-13
2.1247104022361122845e-29
0
0
DERIV 20
8.593204456352276637e-14
1.0810538933505042389e-30
0
0
DERIV 21
-2.1181661653072950889e-14
2.323102871701147195e-31
0
0
DERIV 22
5.242535442886619762e-15
1.2413010671406195178e-31
0
0
DERIV 23
-1.3024641944705639917e-15
9.382309281054435438e-32
0
0
DERIV 24
3.247224210301794092e-16
-2.0352126605762794581e-32
0
0
DERIV 25
-8.122153629643686262e-17
1.6828196106831408770e-33
0
0
DERIV 26
2.0377141261323458379e-17
-3.132015071770470978e-34
0
0
DERIV 27
-5.126706113686865769e-18
3.116713818888854794e-34
0
0
DERIV 28
1.2932276934059799667e-18
7.018814319213641289e-35
0
0
DERIV 29
-3.270233127114068787e-19
-2.1053779050009100590e-36
0
0
DERIV 30
8.288614789495333408e-20
-4.808765377850483817e-37
0
0
DERIV 31
-2.1053438829348211014e-20
4.684644171216111106e-37
0
0
DERIV 32
5.358529159506450515e-21
7.752394897751229235e-38
0
0
DERIV 33
-1.3664633846027161049e-21
-2.810496971283475309e-38
0
0
DERIV 34
3.490863588790724731e-22
6.322451015134282289e-39
0
0
DERIV 35
-8.933192514008140558e-23
1.1355367866574175140e-39
0
0
AT 15/4
0.021055590699598593363
-2.436503451723882663e-19
0
0
DERIV 1
-0.017027772096507000354
9.120573210609368333e-19
0
0
DERIV 2
0.007634878453465684597
-3.436339518438697710e-19
0
0
DERIV 3
-0.002550263924716824476
-1.7909341483990691902e-19
0
0
DERIV 4
0.0007184301254401766288
-2.0482200100155549334e-20
0
0
DERIV 5
-0.00018281440632345657212
1.0307083998195024599e-20
0
0
DERIV 6
4.383484523402261194e-5
-2.4820026525935351079e-21
0
0
DERIV 7
-1.0174078775852373816e-5
-3.238656473578432929e-22
0
0
DERIV 8
2.324997352509294974e-6
-2.0704170223718069736e-22
0
0
DERIV 9
-5.286077527257612993e-7
4.657681307591750239e-23
0
0
DERIV 10
1.2030600856360859743e-7
6.224595939312203236e-24
0
0
DERIV 11
-2.7501107512873145929e-8
-1.1400530568533807437e-24
0
0
DERIV 12
6.324936115073128185e-9
-4.688230609139692424e-26
0
0
DERIV 13
-1.4645562169717791188e-9
-9.852959116550161477e-26
0
0
DERIV 14
3.414714839068274760e-10
-4.861610438026210616e-27
0
0
DERIV 15
-8.015349481354823973e-11
4.994043555617849220e-27
0
0
DERIV 16
1.8934951363950426661e-11
-5.854639271474517877e-28
0
0
DERIV 17
-4.499919469152626499e-12
-2.210500160237673931e-28
0
0
DERIV 18
1.0753788953910309910e-12
-5.664473602752807176e-29
0
0
DERIV 19
-2.583185834905191512e-13
9.590346459860423550e-31
0
0
DERIV 20
6.234733095149867477e-14
5.235343853141135979e-30
0
0
DERIV 21
-1.5114402247639181507e-14
-8.323977252018191394e-31
0
0
DERIV 22
3.679007678128431667e-15
3.664312441781272503e-31
0
0
DERIV 23
-8.988876881888460834e-16
-1.6036420552498187617e-32
0
0
DERIV 24
2.2039188733890015530e-16
1.5595872042348691142e-33
0
0
DERIV 25
-5.421166023209532800e-17
-6.123356110379328363e-34
0
0
DERIV 26
1.3375139875530777223e-17
-7.415643496022325651e-34
0
0
DERIV 27
-3.3092012421964356313e-18
2.801188327855340170e-35
0
0
DERIV 28
8.208922044910260732e-19
1.9459647937529134306e-35
0
0
DERIV 29
-2.0413308955570012188e-19
-7.735363272391206906e-36
0
0
DERIV 30
5.087890888475961780e-20
-7.403873720653494050e-37
0
0
DERIV 31
-1.2708606160637421199e-20
-3.968309663483556550e-38
0
0
DERIV 32
3.1808098392553354765e-21
1.2217881030553331948e-37
0
0
DERIV 33
-7.976378461595763665e-22
-3.918629497293460037e-38
0
0
DERIV 34
2.0038023848593048474e-22
2.0660035148165899884e-39
0
0
DERIV 35
-5.042451628797944660e-23
2.5755840907871467163e-39
0
0
AT 61/16
0.020020566855100990072
-4.222953786000491739e-19
0
0
DERIV 1
-0.016102610304256269325
1.7108540747347138626e-18
0
0
DERIV 2
0.007173105682464645493
2.830513659288829243e-19
0
0
DERIV 3
-0.002377588855743443478
-5.655104370542731773e-20
0
0
DERIV 4
0.0006637845560375284660
3.282159441714616127e-20
0
0
DERIV 5
-0.00016718013281871176674
-3.789140396636307346e-21
0
0
DERIV 6
3.962751549067503330e-5
2.1317487744909232444e-21
0
0
DERIV 7
-9.082524822078142507e-6
6.643949125601579075e-22
0
0
DERIV 8
2.047741234036780044e-6
3.787733634088266587e-23
0
0
DERIV 9
-4.590005697235325989e-7
1.3307090592275041478e-23
0
0
DERIV 10
1.0293237807100585170e-7
-3.623528623654581669e-24
0
0
DERIV 11
-2.3174885565315659133e-8
-1.6327883235336781826e-24
0
0
DERIV 12
5.247963290868214680e-9
3.247310371684204669e-25
0
0
DERIV 13
-1.1962103946627933607e-9
-3.0514000846333232250e-27
0
0
DERIV 14
2.745037686830457731e-10
-1.5807008603179184373e-26
0
0
DERIV 15
-6.340929257535077000e-11
3.955579576447760907e-27
0
0
DERIV 16
1.4739714360722626457e-11
-4.689711379528775270e-28
0
0
DERIV 17
-3.4466074725790771616e-12
1.1484409392680580149e-29
0
0
DERIV 18
8.103747083368073516e-13
-3.939934442869731366e-29
0
0
DERIV 19
-1.9151279439631942552e-13
-1.9750174114416949032e-30
0
0
DERIV 20
4.547391342148981112e-14
2.2241542570121062860e-32
0
0
DERIV 21
-1.0844895988161553254e-14
1.5652952512463926536e-31
0
0
DERIV 22
2.5968391707997925061e-15
-1.5998935786884079049e-31
0
0
DERIV 23
-6.241537203689697855e-16
1.5344045607576023900e-32
0
0
DERIV 24
1.5053821912187509701e-16
-1.1424019937322420163e-32
0
0
DERIV 25
-3.642531543479069681e-17
-2.5739069543606314672e-33
0
0
DERIV 26
8.840232865939032799e-18
5.875205128869467341e-34
0
0
DERIV 27
-2.1514901388595104150e-18
1.7897612794388457173e-34
0
0
DERIV 28
5.249884724852160331e-19
7.048768987168457073e-36
0
0
DERIV 29
-1.2841673819364192359e-19
8.556008117911069665e-36
0
0
DERIV 30
3.148387240408475508e-20
1.9840972076165797377e-36
0
0
DERIV 31
-7.735497999112834541e-21
2.160904183173715640e-37
0
0
DERIV 32
1.9044352868996593879e-21
6.469842287123085819e-38
0
0
DERIV 33
-4.697543522550718265e-22
-2.0994612781931177892e-38
0
0
DERIV 34
1.1607938157419138403e-22
9.415841316192416398e-40
0
0
DERIV 35
-2.873265991385279227e-23
-1.8084207760276389443e-39
0
0
AT 31/8
0.019041603160569610387
-4.073965416745798134e-19
0
0
DERIV 1
-0.015233198768056817676
2.862489517028286409e-19
0
0
DERIV 2
0.006742465959402096400
-3.302390005229463247e-19
0
0
DERIV 3
-0.002217984440427673599
-3.913865355152942109e-20
0
0
DERIV 4
0.0006137872131316743883
3.557492561364487829e-21
0
0
DERIV 5
-0.00015303772727546008890
1.8236045229600888477e-21
0
0
DERIV 6
3.586878938256377346e-5
-8.886032198139845663e-22
0
0
DERIV 7
-8.120298413084995582e-6
5.969167237589176443e-22
0
0
DERIV 8
1.8067516548758362695e-6
6.707693282204929935e-23
0
0
DERIV 9
-3.993774846269612927e-7
7.939250143958184631e-24
0
0
DERIV 10
8.827312830512534202e-8
-5.112416051104821039e-24
0
0
DERIV 11
-1.9580250827475579454e-8
-1.0142762731588143917e-24
0
0
DERIV 12
4.366965958842044813e-9
3.650926703100663180e-25
0
0
DERIV 13
-9.801309615533349081e-10
3.004096664909052157e-26
0
0
DERIV 14
2.2143042203506959135e-10
1.1945530306753057104e-26
0
0
DERIV 15
-5.034983438049474577e-11
1.8999916049814534312e-27
0
0
DERIV 16
1.1519875192147558328e-11
5.615170170411102724e-28
0
0
DERIV 17
-2.6511329244656137640e-12
1.5174749420475192265e-28
0
0
DERIV 18
6.134529915683818040e-13
1.8063968121944957549e-29
0
0
DERIV 19
-1.4266885105021327921e-13
7.292945930022264670e-30
0
0
DERIV 20
3.333603897053552752e-14
-1.0452778984887909975e-30
0
0
DERIV 21
-7.823206640808577877e-15
-4.971298778496541093e-31
0
0
DERIV 22
1.8433256105262529747e-15
-8.030538172027301728e-32
0
0
DERIV 23
-4.359511885337067613e-16
-1.1141332319239441689e-32
0
0
DERIV 24
1.0346073024860472009e-16
6.256989690443613134e-34
0
0
DERIV 25
-2.4632521411076914776e-17
-4.171354066794190506e-34
0
0
DERIV 26
5.882220193491728535e-18
3.910012656185816396e-35
0
0
DERIV 27
-1.4085911163273639917e-18
-1.9331342214720121717e-35
0
0
DERIV 28
3.381893746376935251e-19
-1.2687416531655190618e-35
0
0
DERIV 29
-8.139421174016495134e-20
1.0733969849206616850e-36
0
0
DERIV 30
1.9634471956746068461e-20
-1.0071060513477081773e-36
0
0
DERIV 31
-4.746531809231080663e-21
3.097229717582935828e-37
0
0
DERIV 32
1.1497660934879246153e-21
4.447178311751263595e-38
0
0
DERIV 33
-2.790407392146292834e-22
2.0431606907082482746e-38
0
0
DERIV 34
6.784283338479108043e-23
5.591595320768992849e-39
0
0
DERIV 35
-1.6522492133647129637e-23
1.1515295798578096460e-39
0
0
AT 63/16
0.018115333716922022572
-1.2186845300843173772e-19
0
0
DERIV 1
-0.014415794600661660171
-7.992268758190106906e-19
0
0
DERIV 2
0.006340613937416361701
-8.772521304589120381e-20
0
0
DERIV 3
-0.002070344774970445025
-1.8647671261171857906e-19
0
0
DERIV 4
0.0005679971058303561870
5.092017204460950336e-20
0
0
DERIV 5
-0.00014022909496180126893
8.443302861571993572e-21
0
0
DERIV 6
3.250585639552379272e-5
-1.6871493013731929287e-21
0
0
DERIV 7
-7.270594311098147943e-6
-6.103421853142292001e-23
0
0
DERIV 8
1.5968616449889159436e-6
1.8548964833593595112e-23
0
0
DERIV 9
-3.481892051532893237e-7
1.1921463821287052607e-23
0
0
DERIV 10
7.587237064920315962e-8
-6.328540210058652152e-24
0
0
DERIV 11
-1.6584984708246242308e-8
-7.169700247587200920e-25
0
0
DERIV 12
3.644033013829234378e-9
5.265716419214195454e-26
0
0
DERIV 13
-8.055471457991570512e-10
-4.349525722386146111e-26
0
0
DERIV 14
1.7921439925024879293e-10
8.428226039241796113e-27
0
0
DERIV 15
-4.012413137077710462e-11
5.727505633931487825e-28
0
0
DERIV 16
9.038249472538398026e-12
-4.367373880908742821e-28
0
0
DERIV 17
-2.0476891938772939995e-12
-5.111301144770608501e-29
0
0
DERIV 18
4.664276187620883292e-13
-4.634592788112281373e-29
0
0
DERIV 19
-1.0677818606409094628e-13
-1.8976987642687982053e-30
0
0
DERIV 20
2.4558503362045799904e-14
-1.5171032779461569102e-30
0
0
DERIV 21
-5.672761252703022500e-15
1.5342115522952073164e-31
0
0
DERIV 22
1.3155981830504658098e-15
-7.459530917906409332e-32
0
0
DERIV 23
-3.062401734871270333e-16
-2.3396957596643164385e-32
0
0
DERIV 24
7.153127828521456083e-17
-4.515746839942028195e-33
0
0
DERIV 25
-1.6761763155742994300e-17
2.635994214028511603e-34
0
0
DERIV 26
3.939468779644662461e-18
-3.817624800998564456e-34
0
0
DERIV 27
-9.284591720822493048e-19
-5.668893663541324591e-35
0
0
DERIV 28
2.193895037199410897e-19
9.376793121475293192e-36
0
0
DERIV 29
-5.196662047524321569e-20
-1.3628416376793080717e-37
0
0
DERIV 30
1.2337373278799950255e-20
2.621755513261999152e-37
0
0
DERIV 31
-2.9352845367898500179e-21
-4.478747831925920093e-38
0
0
DERIV 32
6.997642244187344647e-22
-1.1907332262839022462e-38
0
0
DERIV 33
-1.6713854501918199653e-22
-6.242340651216180884e-39
0
0
DERIV 34
3.999247575447597784e-23
-6.443151477822482236e-42
0
0
DERIV 35
-9.585480645488515214e-24
4.604347694479620888e-40
0
0
AT 4
0.017238617657432297320
-1.3398452752242598624e-18
0
0
DERIV 1
-0.013646935542260195742
6.542396532714604581e-19
0
0
DERIV 2
0.005965401665098297133
1.3474848534078192282e-19
0
0
DERIV 3
-0.0019336682768775494655
2.814458765792286402e-20
0
0
DERIV 4
0.0005260196917401143736
3.706204239054610541e-20
0
0
DERIV 5
-0.00012861463430350296368
-8.489214023897606192e-21
0
0
DERIV 6
2.9492723537573616494e-5
1.5234753413427357679e-21
0
0
DERIV 7
-6.518985612043180550e-6
1.6406160308301617764e-22
0
0
DERIV 8
1.4137006271144995426e-6
1.2122385073721390890e-23
0
0
DERIV 9
-3.041448873531899900e-7
-2.0674723969125133788e-23
0
0
DERIV 10
6.535605081233465527e-8
-9.650814635769442561e-26
0
0
DERIV 11
-1.4082273336419209987e-8
4.414123037653763183e-25
0
0
DERIV 12
3.049013341812028457e-9
5.122726572768034096e-26
0
0
DERIV 13
-6.640267298857422070e-10
-2.840287630778241514e-26
0
0
DERIV 14
1.4551540579429349687e-10
-1.2005146124592185372e-26
0
0
DERIV 15
-3.208676527407714786e-11
1.1335617589454180848e-27
0
0
DERIV 16
7.117793405175468407e-12
3.321777811046576863e-29
0
0
DERIV 17
-1.5879342567536931288e-12
-9.138731572498324661e-29
0
0
DERIV 18
3.561511139675361306e-13
-2.0065157619606222991e-29
0
0
DERIV 19
-8.027750609173863589e-14
-2.8957524335707574971e-30
0
0
DERIV 20
1.8178515936193364471e-14
-1.8691755268007121114e-31
0
0
DERIV 21
-4.134122408748470373e-15
3.741064697313778551e-31
0
0
DERIV 22
9.439172956079714083e-16
5.446377566034449929e-32
0
0
DERIV 23
-2.1631476176032670606e-16
1.0679015984908531749e-32
0
0
DERIV 24
4.974234545317551167e-17
1.2014106319381228075e-33
0
0
DERIV 25
-1.1474939356245148916e-17
-6.177080332138791400e-34
0
0
DERIV 26
2.6549960938053012098e-18
1.7934161146469173004e-34
0
0
DERIV 27
-6.159995899607193453e-19
-7.946225237601574188e-36
0
0
DERIV 28
1.4329179887407839963e-19
-2.0001098917925403014e-36
0
0
DERIV 29
-3.341295145508687548e-20
-2.5450676142386498750e-36
0
0
DERIV 30
7.808999009264949108e-21
5.786941094099450066e-37
0
0
DERIV 31
-1.8289546588941680824e-21
1.4230402738776594951e-37
0
0
DERIV 32
4.292226216906708892e-22
-2.824121714129812393e-38
0
0
DERIV 33
-1.0092155471232008089e-22
3.486618519054251780e-39
0
0
DERIV 34
2.3771718235826846620e-23
-8.898818527865870451e-41
0
0
DERIV 35
-5.608798603533907138e-24
-1.7892074004070665577e-40
0
0
AT 33/8
0.015622308027062183772
-7.831919021986616799e-19
0
0
DERIV 1
-0.012242268066470865864
-3.107296437546519131e-19
0
0
DERIV 2
0.005287182376504499966
1.4188937651780430352e-19
0
0
DERIV 3
-0.0016896557901872066593
-5.550263722132408674e-20
0
0
DERIV 4
0.0004521253092443254041
-2.0944806066059303290e-20
0
0
DERIV 5
-0.00010848838741739278530
1.4344960990543087698e-21
0
0
DERIV 6
2.4360368835890578354e-5
-2.950625224654928782e-22
0
0
DERIV 7
-5.262113643719754840e-6
1.7865357486815683910e-22
0
0
DERIV 8
1.1132968348139708688e-6
8.522998888669460172e-23
0
0
DERIV 9
-2.3334925296722355570e-7
1.0579546966770945669e-24
0
0
DERIV 10
4.879912356786541504e-8
-1.9742755156014288299e-24
0
0
DERIV 11
-1.0224397614839039956e-8
7.179930096550709952e-25
0
0
DERIV 12
2.151246259367748508e-9
-6.499836284060681462e-26
0
0
DERIV 13
-4.550692683107581361e-10
-1.3957943893943555202e-26
0
0
DERIV 14
9.682966650098982634e-11
-1.1225357156655204510e-27
0
0
DERIV 15
-2.0726072457327332430e-11
-9.011011242416092956e-29
0
0
DERIV 16
4.462106173244146855e-12
-1.0779218988241925877e-28
0
0
DERIV 17
-9.659680069329119459e-13
6.535507265458627954e-30
0
0
DERIV 18
2.1020721484881597908e-13
-4.379229953056455420e-30
0
0
DERIV 19
-4.596729499286065717e-14
-2.8424246917975182143e-30
0
0
DERIV 20
1.0097699946479392653e-14
-5.958957664017205996e-31
0
0
DERIV 21
-2.2275630908568040034e-15
9.651222379722110944e-32
0
0
DERIV 22
4.933350269758067144e-16
3.191753500535046922e-32
0
0
DERIV 23
-1.0965742875650317015e-16
5.529244755749424983e-33
0
0
DERIV 24
2.4457252826667999704e-17
1.1817315539405783644e-33
0
0
DERIV 25
-5.472041316492377085e-18
2.254045133697929199e-34
0
0
DERIV 26
1.2279208984460487444e-18
-5.581966266293543894e-35
0
0
DERIV 27
-2.763032596792074890e-19
-5.039643835976168226e-37
0
0
DERIV 28
6.233311353212071175e-20
5.202642392785502683e-36
0
0
DERIV 29
-1.4096071334190732166e-20
-2.473219322522339781e-37
0
0
DERIV 30
3.1949135131961877397e-21
-1.7819654852340123485e-37
0
0
DERIV 31
-7.256757489466774743e-22
-1.1229928968194238025e-38
0
0
DERIV 32
1.6515595909319552810e-22
2.2973631054976299529e-39
0
0
DERIV 33
-3.765859386430538228e-23
2.0472704055388346290e-39
0
0
DERIV 34
8.602134684819456089e-24
2.6553956646246560884e-40
0
0
DERIV 35
-1.9682413177354079086e-24
-1.4935166484969684312e-40
0
0
AT 17/4
0.014171443796256661882
-7.418852040384777237e-19
0
0
DERIV 1
-0.010996270966516435291
5.131009000504418891e-19
0
0
DERIV 2
0.004693915242152103817
4.314405454293820013e-19
0
0
DERIV 3
-0.0014796360030124521522
-3.517622448084371489e-20
0
0
DERIV 4
0.0003896879800900224840
2.3839989966947581077e-20
0
0
DERIV 5
-9.182979516684320947e-5
-1.4347765257333192722e-21
0
0
DERIV 6
2.0207167881122277788e-5
-8.328022568681240720e-22
0
0
DERIV 7
-4.269413044648051816e-6
-3.514457664555027217e-22
0
0
DERIV 8
8.820389899054591236e-7
-4.244294666239046873e-23
0
0
DERIV 9
-1.8028647049728501119e-7
-9.225165014867791315e-24
0
0
DERIV 10
3.672674284174257706e-8
-3.1720465692591819656e-24
0
0
DERIV 11
-7.489658866695758073e-9
-2.184614692345481185e-25
0
0
DERIV 12
1.5328338136113911289e-9
-1.2780874960284499995e-26
0
0
DERIV 13
-3.152513619974256279e-10
7.632346443187601159e-27
0
0
DERIV 14
6.519390943682097369e-11
-1.3445519675316714773e-29
0
0
DERIV 15
-1.3558669024325895728e-11
-6.537363957279990415e-29
0
0
DERIV 16
2.8356435332992285331e-12
9.950531516491479430e-29
0
0
DERIV 17
-5.962344024654478538e-13
4.386400499805681399e-29
0
0
DERIV 18
1.2600583706162439652e-13
1.0465983948995661235e-29
0
0
DERIV 19
-2.6757063132041062021e-14
-1.5972496520233794504e-32
0
0
DERIV 20
5.707222203157057704e-15
2.088822110182559603e-31
0
0
DERIV 21
-1.2224135627573996211e-15
3.562688514424625290e-32
0
0
DERIV 22
2.628415598020432567e-16
-1.2544841068683461202e-33
0
0
DERIV 23
-5.671999330400987110e-17
7.042749779882239012e-35
0
0
DERIV 24
1.2281093400483465951e-17
7.505173991512544932e-34
0
0
DERIV 25
-2.6674585666179399831e-18
4.235630389488646236e-36
0
0
DERIV 26
5.810685270875770096e-19
-4.483453149111753593e-36
0
0
DERIV 27
-1.2692375735845943284e-19
-4.280659616661371799e-36
0
0
DERIV 28
2.779510326366249475e-20
4.722048333309175699e-37
0
0
DERIV 29
-6.101460498535626168e-21
3.524161233146171644e-37
0
0
DERIV 30
1.3423805023608897405e-21
-7.175892922505309653e-38
0
0
DERIV 31
-2.959615283307603100e-22
2.0028919784122303882e-38
0
0
DERIV 32
6.538211228198358647e-23
-5.342699048331351372e-39
0
0
DERIV 33
-1.4470958239177454039e-23
-2.9155896577734972722e-40
0
0
DERIV 34
3.2085203934344269220e-24
-1.0193762031276217879e-40
0
0
DERIV 35
-7.125897051295978356e-25
9.897924983030575783e-43
0
0
AT 35/8
0.012867454848376091991
7.078779929719815322e-19
0
0
DERIV 1
-0.009889214163885112416
-6.244733798014048147e-19
0
0
DERIV 2
0.004173862794405529611
1.1230730375799818649e-20
0
0
DERIV 3
-0.0012983861061166949730
-6.098467705022432286e-20
0
0
DERIV 4
0.0003367529676301958628
8.538673444952351970e-21
0
0
DERIV 5
-7.798412351808804157e-5
1.1441478399516767622e-21
0
0
DERIV 6
1.6829527797486540288e-5
-6.648252066011658088e-22
0
0
DERIV 7
-3.480745692390065581e-6
7.209270285411494114e-23
0
0
DERIV 8
7.028001098765119620e-7
3.370973890128362500e-24
0
0
DERIV 9
-1.4020711957667380897e-7
-9.467767554406725255e-24
0
0
DERIV 10
2.7847870559029920347e-8
4.271108604050587740e-25
0
0
DERIV 11
-5.532438758457087541e-9
1.5099037478064770260e-25
0
0
DERIV 12
1.1023544369621028436e-9
-2.702096428308987825e-26
0
0
DERIV 13
-2.2062129651508933039e-10
2.2200103015277272332e-27
0
0
DERIV 14
4.438178384020527696e-11
-2.5361199950671917471e-27
0
0
DERIV 15
-8.976411046769221872e-12
7.377499764213863464e-28
0
0
DERIV 16
1.8252987122810673157e-12
-5.102671335527362654e-29
0
0
DERIV 17
-3.731002202740758061e-13
2.4485375669985620901e-29
0
0
DERIV 18
7.664262281635463594e-14
-2.7126104113795998184e-30
0
0
DERIV 19
-1.5817800238448630024e-14
1.1340364132940891023e-30
0
0
DERIV 20
3.2788831648600804967e-15
7.161804928267843089e-32
0
0
DERIV 21
-6.824725154578586807e-16
6.269313484942476238e-33
0
0
DERIV 22
1.4259504589543376485e-16
4.421647128468314580e-33
0
0
DERIV 23
-2.990002746056236356e-17
-2.512813114682306071e-34
0
0
DERIV 24
6.290458323393486739e-18
1.5845036785180024589e-35
0
0
DERIV 25
-1.3275171671320012847e-18
3.617895197649075433e-35
0
0
DERIV 26
2.809677254450101681e-19
-1.8581928890064100112e-35
0
0
DERIV 27
-5.962792289951260081e-20
-2.968191257534205744e-37
0
0
DERIV 28
1.2686596698600709864e-20
-5.455400959989993818e-37
0
0
DERIV 29
-2.7056662992960376785e-21
-5.083402816481550699e-38
0
0
DERIV 30
5.783277956987449195e-22
-7.340963831268402392e-39
0
0
DERIV 31
-1.2387591274009459327e-22
7.297213624309631613e-39
0
0
DERIV 32
2.658640013861160677e-23
-1.3642835356668108716e-39
0
0
DERIV 33
-5.716671084024448730e-24
-2.2465561347317050419e-40
0
0
DERIV 34
1.2313821052765111358e-24
-6.139978122139596097e-42
0
0
DERIV 35
-2.656849016275329080e-25
8.015783015211047062e-42
0
0
AT 9/2
0.011694063671463611476
8.117084877224677500e-19
0
0
DERIV 1
-0.008904071635671204424
7.202624408785521806e-19
0
0
DERIV 2
0.003717074941516488804
-1.4886219613367494519e-20
0
0
DERIV 3
-0.0011415658231837112844
9.356754515654505202e-20
0
0
DERIV 4
0.0002917308624958050013
1.4413266961196963040e-20
0
0
DERIV 5
-6.643133678845170194e-5
5.115346578374590489e-21
0
0
DERIV 6
1.4069701091562145258e-5
-5.773328635289119618e-22
0
0
DERIV 7
-2.850705702355483437e-6
1.2074189058132681731e-22
0
0
DERIV 8
5.629897556683103176e-7
-7.282735733692478627e-24
0
0
DERIV 9
-1.0971401516979802497e-7
-4.581156070836786080e-24
0
0
DERIV 10
2.1264408685961306315e-8
-2.486361778290086825e-25
0
0
DERIV 11
-4.119001245110051425e-9
1.2664507595818331236e-25
0
0
DERIV 12
7.997187542021300582e-10
-9.795043454581591389e-27
0
0
DERIV 13
-1.5588195395926126364e-10
4.597589787892425767e-27
0
0
DERIV 14
3.053001834574249114e-11
-2.3849243519635837394e-27
0
0
DERIV 15
-6.010049728484411155e-12
2.066408937951646274e-28
0
0
DERIV 16
1.1892400866179028944e-12
-6.985179284076487309e-29
0
0
DERIV 17
-2.365100407688417731e-13
-1.0462370736629886944e-29
0
0
DERIV 18
4.726360733855157185e-14
1.4933314251161904662e-30
0
0
DERIV 19
-9.488352465251733400e-15
4.118006615916703153e-31
0
0
DERIV 20
1.9130382669794460092e-15
1.1950740658544118648e-31
0
0
DERIV 21
-3.872643693196520475e-16
2.3070060450885834809e-32
0
0
DERIV 22
7.869161633515104645e-17
-9.749329860424597526e-34
0
0
DERIV 23
-1.6046429893502192735e-17
3.037854152328413674e-34
0
0
DERIV 24
3.2828902487393080393e-18
8.162658631489452747e-35
0
0
DERIV 25
-6.737030246483825962e-19
1.9796405519338824037e-35
0
0
DERIV 26
1.3865265548039476696e-19
1.2029343035006912276e-35
0
0
DERIV 27
-2.861249043436396334e-20
2.9150888812786703031e-36
0
0
DERIV 28
5.919397881984667081e-21
-1.9628689644018508748e-38
0
0
DERIV 29
-1.2275137837583553128e-21
4.907076679959866882e-38
0
0
DERIV 30
2.551174819229948407e-22
-1.1306593003035255223e-38
0
0
DERIV 31
-5.313272248738210605e-23
3.471907633613869351e-39
0
0
DERIV 32
1.1087649230626324475e-23
-8.849199570087922552e-42
0
0
DERIV 33
-2.3180570768441588961e-24
1.0633439508109878466e-40
0
0
DERIV 34
4.854801085963345614e-25
-2.721202909319802124e-41
0
0
DERIV 35
-1.0184512802732725229e-25
1.5524670052993150783e-42
0
0
AT 37/8
0.010636973640594179352
-3.679224333848373770e-19
0
0
DERIV 1
-0.008026113241623502106
-6.575966356852006767e-19
0
0
DERIV 2
0.003315089795295709726
-7.931127003663363955e-20
0
0
DERIV 3
-0.0010055541215055776010
4.200064684556101124e-20
0
0
DERIV 4
0.0002533232066785039149
1.5122047272180833857e-20
0
0
DERIV 5
-5.675609020186508469e-5
8.075407578301025899e-22
0
0
DERIV 6
1.1804676502991642143e-5
7.914167767152327655e-22
0
0
DERIV 7
-2.344759731074135835e-6
1.3301192587179848563e-22
0
0
DERIV 8
4.532764688767132386e-7
-5.302954157033069109e-24
0
0
DERIV 9
-8.635509601272195727e-8
3.886271204322368173e-24
0
0
DERIV 10
1.6345361791434268120e-8
1.1138933021216404331e-24
0
0
DERIV 11
-3.089554133511369644e-9
-1.7224431998724776793e-25
0
0
DERIV 12
5.849663781962245218e-10
-1.6499725148602402502e-28
0
0
DERIV 13
-1.1113991113510824058e-10
9.366715264633348425e-28
0
0
DERIV 14
2.1209090378372970581e-11
-1.1484094741272736619e-27
0
0
DERIV 15
-4.066974801831335397e-12
3.040081047672786053e-28
0
0
DERIV 16
7.837313860781429953e-13
-3.172278493860921410e-29
0
0
DERIV 17
-1.5176741762787814648e-13
8.708752846726456557e-31
0
0
DERIV 18
2.952772262498623638e-14
1.0287099350136234493e-30
0
0
DERIV 19
-5.770625456441011905e-15
2.583267993113627284e-31
0
0
DERIV 20
1.1325274267459023750e-15
7.441371695943454623e-32
0
0
DERIV 21
-2.231498602277419866e-16
-2.1384419206190517103e-32
0
0
DERIV 22
4.413244593017233773e-17
8.748958869723928663e-34
0
0
DERIV 23
-8.758487244810512920e-18
5.290285831595912698e-34
0
0
DERIV 24
1.7438624742671028861e-18
1.2898468234641474761e-34
0
0
DERIV 25
-3.482701584826554609e-19
3.664965790273694440e-36
0
0
DERIV 26
6.975200632903478915e-20
-5.936668638009125556e-36
0
0
DERIV 27
-1.4007334445773150344e-20
-4.466153710942508885e-37
0
0
DERIV 28
2.8199453147787002949e-21
-6.564015401247046369e-38
0
0
DERIV 29
-5.690441947161043123e-22
4.397939916180709033e-38
0
0
DERIV 30
1.1508279838420888517e-22
-9.790561741875736663e-39
0
0
DERIV 31
-2.3322641925367704718e-23
2.5041068199812864085e-40
0
0
DERIV 32
4.735831139982498966e-24
3.998381813228039304e-41
0
0
DERIV 33
-9.634253045726020456e-25
8.538428554612601945e-41
0
0
DERIV 34
1.9633565288799020298e-25
-1.8005030999204501639e-42
0
0
DERIV 35
-4.007733320180147531e-26
2.8354032714425537500e-42
0
0
AT 19/4
0.009683603948916347237
-5.763159993990744261e-20
0
0
DERIV 1
-0.007242564236456685775
-1.3929341074172714134e-19
0
0
DERIV 2
0.002960689307278186692
-1.2290573241810596966e-19
0
0
DERIV 3
-0.0008873188249961076746
4.310303167383966079e-20
0
0
DERIV 4
0.00022046451204269003625
-6.373162598430690226e-21
0
0
DERIV 5
-4.862491595822180718e-5
2.9276746947913688512e-21
0
0
DERIV 6
9.937948994122735734e-6
4.126904815225126243e-22
0
0
DERIV 7
-1.936462529527609549e-6
4.391440494199894387e-23
0
0
DERIV 8
3.666907201487476423e-7
-2.0819024855646461088e-23
0
0
DERIV 9
-6.834530504868610599e-8
-9.051687955893040317e-25
0
0
DERIV 10
1.2643222446520004899e-8
-4.930966946291312091e-26
0
0
DERIV 11
-2.333735592127315232e-9
1.5037410318330243006e-25
0
0
DERIV 12
4.312280321271800222e-10
1.0253123261228875080e-26
0
0
DERIV 13
-7.992019967386890170e-11
1.1062036657916122044e-28
0
0
DERIV 14
1.4871610273157625668e-11
5.067076692814842135e-28
0
0
DERIV 15
-2.7799256580331832627e-12
2.820253207618734745e-29
0
0
DERIV 16
5.221066312008330971e-13
1.7718909823905517675e-29
0
0
DERIV 17
-9.852048982813799920e-14
-2.1245370934697153787e-30
0
0
DERIV 18
1.8675654585832599717e-14
3.962342584965126957e-31
0
0
DERIV 19
-3.555663042670246164e-15
4.219547773042252246e-32
0
0
DERIV 20
6.797692419308805776e-16
3.573079312412388375e-32
0
0
DERIV 21
-1.3046524827628606374e-16
4.572621541798349993e-34
0
0
DERIV 22
2.5131451620098961092e-17
4.890878864486183029e-34
0
0
DERIV 23
-4.857695267854654384e-18
2.292671601572310727e-34
0
0
DERIV 24
9.419734106218463433e-19
-3.969297092411209533e-35
0
0
DERIV 25
-1.8321216360785901795e-19
4.966497965377199458e-37
0
0
DERIV 26
3.573509509431685769e-20
6.623823546638871257e-38
0
0
DERIV 27
-6.988504928521728549e-21
-4.189708121351338992e-37
0
0
DERIV 28
1.3700984971252309068e-21
6.771185577973956029e-38
0
0
DERIV 29
-2.692355478111835754e-22
-1.9314036369016718377e-38
0
0
DERIV 30
5.302321687747051847e-23
-2.2148414107213945787e-40
0
0
DERIV 31
-1.0463992809264342075e-23
5.065565799732830226e-40
0
0
DERIV 32
2.0690709569474920194e-24
1.7741262544309682986e-40
0
0
DERIV 33
-4.098762444166037592e-25
-1.8799594775916008048e-41
0
0
DERIV 34
8.133658197851817702e-26
-2.5262999046144977644e-42
0
0
DERIV 35
-1.6167190308662076427e-26
-7.616053386318418282e-43
0
0
AT 39/8
0.008822863522642750492
-7.317914033297634962e-19
0
0
DERIV 1
-0.006542320187798610770
-3.455593277589805371e-19
0
0
DERIV 2
0.002647698781382492542
1.0781411003076871076e-19
0
0
DERIV 3
-0.0007843119524119823889
1.8916990380832363512e-21
0
0
DERIV 4
0.00019227678465419666565
8.492982212022338164e-21
0
0
DERIV 5
-4.176875832586688752e-5
-3.3114836781012383043e-21
0
0
DERIV 6
8.393375334860369127e-6
1.7417624288568224692e-22
0
0
DERIV 7
-1.6054308859950659615e-6
3.390354204844134674e-23
0
0
DERIV 8
2.979890719917523927e-7
-1.4552932081935142327e-23
0
0
DERIV 9
-5.437463039905888369e-8
2.5975176434322204714e-24
0
0
DERIV 10
9.837791704230213156e-9
-2.315946582665790949e-25
0
0
DERIV 11
-1.7745847033224506874e-9
8.394501334515119952e-26
0
0
DERIV 12
3.202474645614317694e-10
-1.5874586719350079403e-27
0
0
DERIV 13
-5.793735006295611310e-11
1.3675991922680579573e-27
0
0
DERIV 14
1.0520136068798604127e-11
3.976264905914572381e-28
0
0
DERIV 15
-1.9183722639541925309e-12
-1.4997808813652134512e-28
0
0
DERIV 16
3.513973843804175198e-13
-1.6460850567757804362e-29
0
0
DERIV 17
-6.465916822056813189e-14
-3.914095292078715622e-30
0
0
DERIV 18
1.1950454358296501382e-14
7.299501972844128765e-31
0
0
DERIV 19
-2.2181315953752387713e-15
-9.479483955507045591e-32
0
0
DERIV 20
4.133794103335164690e-16
2.1287612677218463385e-33
0
0
DERIV 21
-7.733436800525883402e-17
-3.486174814403322889e-33
0
0
DERIV 22
1.4519812508267838162e-17
-1.2701733775714218873e-33
0
0
DERIV 23
-2.7353898232372764592e-18
-1.2396468325389170723e-35
0
0
DERIV 24
5.169593636750089587e-19
-1.7177522725951496045e-35
0
0
DERIV 25
-9.799116620192418551e-20
5.713897330801228242e-36
0
0
DERIV 26
1.8626476961922191969e-20
5.622826941242543204e-37
0
0
DERIV 27
-3.549877061682643200e-21
-4.912882787452624059e-38
0
0
DERIV 28
6.782123129335906481e-22
-3.891319259617620296e-38
0
0
DERIV 29
-1.2987450994366830155e-22
3.129743132570341635e-39
0
0
DERIV 30
2.4924648328092354531e-23
1.3216869562913812723e-39
0
0
DERIV 31
-4.793210324433699861e-24
-2.901359743118900398e-41
0
0
DERIV 32
9.235616009897129764e-25
3.381372461011039311e-41
0
0
DERIV 33
-1.7827916666849537574e-25
5.153397419339987860e-42
0
0
DERIV 34
3.447367350376310268e-26
-2.4329984866573392070e-42
0
0
DERIV 35
-6.677084266595167282e-27
4.834472008362073754e-43
0
0
AT 5
0.008044957632508025272
1.7338597423540970538e-19
0
0
DERIV 1
-0.005915707444984424392
-1.6934677429184920292e-19
0
0
DERIV 2
0.002370821691236610872
2.6920690279269710153e-20
0
0
DERIV 3
-0.0006943852882496424168
-6.125763151075264759e-21
0
0
DERIV 4
0.00016803365290803798696
-1.9859883091225089288e-21
0
0
DERIV 5
-3.596951629054196271e-5
-1.4771057491215615358e-21
0
0
DERIV 6
7.110553132904403310e-6
-8.508808881354325375e-24
0
0
DERIV 7
-1.3358574054778442757e-6
2.3149085013018976768e-23
0
0
DERIV 8
2.431994635485122966e-7
1.2907498538891101775e-23
0
0
DERIV 9
-4.347432380032763304e-8
1.3181462478784175959e-24
0
0
DERIV 10
7.698034811095668408e-9
-5.252253812426607479e-25
0
0
DERIV 11
-1.3579408331483870777e-9
8.699734034333566964e-26
0
0
DERIV 12
2.394975097066486391e-10
-9.823113949246735679e-27
0
0
DERIV 13
-4.232476150538987771e-11
6.188690773576227354e-28
0
0
DERIV 14
7.504380513222219017e-12
-7.114484189494860397e-28
0
0
DERIV 15
-1.3358504991719462572e-12
4.687742513052201631e-29
0
0
DERIV 16
2.388124994390655707e-13
1.4355316955182073715e-30
0
0
DERIV 17
-4.287910583368041583e-14
-6.587519641824689962e-31
0
0
DERIV 18
7.732090260887297862e-15
5.443193286804458651e-31
0
0
DERIV 19
-1.4000673730998918088e-15
-8.850749298610080194e-32
0
0
DERIV 20
2.545196772067337612e-16
2.1067482187270325079e-32
0
0
DERIV 21
-4.644351503645093726e-17
-2.7088440358928828922e-33
0
0
DERIV 22
8.504884438363369251e-18
4.352524233978026690e-34
0
0
DERIV 23
-1.5626468694789174707e-18
9.333163398229488646e-35
0
0
DERIV 24
2.880150194517821057e-19
1.0941201870103197249e-35
0
0
DERIV 25
-5.324128196864568797e-20
-3.294436437607470097e-37
0
0
DERIV 26
9.869227616505842995e-21
-9.404220774873095428e-38
0
0
DERIV 27
-1.8341991886851682978e-21
7.695678561667049860e-38
0
0
DERIV 28
3.417204533559114925e-22
2.6586889841365165283e-39
0
0
DERIV 29
-6.381076764398719884e-23
-3.543930925475474269e-39
0
0
DERIV 30
1.1941461506823179866e-23
5.097141878288124015e-40
0
0
DERIV 31
-2.2392770836029712258e-24
4.403481774157809584e-41
0
0
DERIV 32
4.207221247836752444e-25
-4.030194457899610851e-41
0
0
DERIV 33
-7.919067512439654193e-26
-1.5573020296389686062e-42
0
0
DERIV 34
1.4931427406254534216e-26
-2.3630582930752026937e-43
0
0
DERIV 35
-2.8199260269597540645e-27
-7.628362034051939600e-44
0
0
AT 41/8
0.007341222022184750243
1.4891635949407217360e-19
0
0
DERIV 1
-0.005354281210534676295
9.056357683869008419e-20
0
0
DERIV 2
0.002125503042251900704
-2.0417368278784141283e-19
0
0
DERIV 3
-0.0006157219554105138959
1.6815949959987078032e-20
0
0
DERIV 4
0.00014713191777232130031
-7.961217463937012585e-21
0
0
DERIV 5
-3.104961016034916011e-5
-2.5660179815028258235e-21
0
0
DERIV 6
6.041321501868229140e-6
-2.415104316453229615e-22
0
0
DERIV 7
-1.1154119032054605746e-6
2.2285857540968160540e-23
0
0
DERIV 8
1.9929327521978768718e-7
-7.413459856275075597e-24
0
0
DERIV 9
-3.492280560971475853e-8
-2.7050160576518404372e-24
0
0
DERIV 10
6.055924075232147378e-9
-6.731088634483067385e-26
0
0
DERIV 11
-1.0453579800694977443e-9
-9.869106691540315065e-26
0
0
DERIV 12
1.8030146183235434011e-10
5.750711771331839207e-27
0
0
DERIV 13
-3.114555355404432263e-11
-1.0730337816256749576e-27
0
0
DERIV 14
5.395800251345481395e-12
-3.215137317110834860e-28
0
0
DERIV 15
-9.382339904117298898e-13
-7.797399659200916237e-29
0
0
DERIV 16
1.6380366079666519192e-13
8.593782331971611587e-30
0
0
DERIV 17
-2.871758868343786365e-14
2.1518075496230385204e-30
0
0
DERIV 18
5.055611905433804647e-15
2.787535680880016632e-31
0
0
DERIV 19
-8.936176077478243518e-16
5.472385911031188214e-32
0
0
DERIV 20
1.5856640053237719176e-16
-1.0311573475637680894e-32
0
0
DERIV 21
-2.824037253266412152e-17
1.2201887638765362719e-33
0
0
DERIV 22
5.047119934323181337e-18
1.4503272794364732952e-34
0
0
DERIV 23
-9.049921803192033860e-19
-6.073996303734874827e-35
0
0
DERIV 24
1.6277601620197791362e-19
-6.070129348353222575e-36
0
0
DERIV 25
-2.936300518301813765e-20
-1.3007472843871153027e-36
0
0
DERIV 26
5.311285290757968779e-21
4.909042050630429360e-38
0
0
DERIV 27
-9.632013120113509958e-22
2.0738536539733094604e-38
0
0
DERIV 28
1.7510027454854933683e-22
-2.6768077770838863060e-39
0
0
DERIV 29
-3.190417784422911141e-23
1.1266920712737380225e-39
0
0
DERIV 30
5.825622092117551991e-24
-1.9963365802631459192e-40
0
0
DERIV 31
-1.0659044534268278185e-24
-4.169884826048000726e-41
0
0
DERIV 32
1.9540088254849826843e-25
-2.4941394976606069352e-42
0
0
DERIV 33
-3.588572100419410702e-26
-3.2635820316098195447e-43
0
0
DERIV 34
6.601789558500614267e-27
-5.368920695259940955e-43
0
0
DERIV 35
-1.2164870444546670087e-27
-3.304160756448352090e-44
0
0
AT 21/4
0.006703980269803966503
-3.856037601354578994e-19
0
0
DERIV 1
-0.004850654773723881222
3.000837564991029190e-19
0
0
DERIV 2
0.0019078159184158643980
6.857202499664651522e-20
0
0
DERIV 3
-0.0005467807103631638736
2.7012822373800749620e-20
0
0
DERIV 4
0.00012906887358575975253
-6.475406065359241095e-21
0
0
DERIV 5
-2.6863845352124062757e-5
-7.179061668559485618e-23
0
0
DERIV 6
5.147093728406750659e-6
-3.105811559285748574e-22
0
0
DERIV 7
-9.344234071950404497e-7
4.665599361622264296e-23
0
0
DERIV 8
1.6394693271961353987e-7
1.2983482677265205135e-23
0
0
DERIV 9
-2.8178905927022682196e-8
1.3899137470866991515e-24
0
0
DERIV 10
4.788332441363794864e-9
9.614080040376139947e-26
0
0
DERIV 11
-8.093204700228765876e-10
7.792593209990607853e-27
0
0
DERIV 12
1.3659600705327699798e-10
4.955517206669988871e-28
0
0
DERIV 13
-2.3078484529258050551e-11
-1.5860677286987456911e-27
0
0
DERIV 14
3.909084596094263951e-12
-3.229273844351625535e-28
0
0
DERIV 15
-6.643702193243036137e-13
-1.3826531968318255397e-29
0
0
DERIV 16
1.1334497811065582857e-13
-2.6560480978158061725e-30
0
0
DERIV 17
-1.9414570046244140379e-14
-6.365501437158092187e-31
0
0
DERIV 18
3.3388168876401768910e-15
8.356278802854514599e-32
0
0
DERIV 19
-5.764481598023002801e-16
1.0714284841677312387e-32
0
0
DERIV 20
9.990097498845582501e-17
1.7979919727616604848e-33
0
0
DERIV 21
-1.7375884310584351608e-17
-3.067125741025750399e-34
0
0
DERIV 22
3.0325772939293579731e-18
2.787891971764348705e-35
0
0
DERIV 23
-5.309862933806483951e-19
-2.3035934990583382734e-35
0
0
DERIV 24
9.325696697619905181e-20
2.3099229348344771842e-36
0
0
DERIV 25
-1.6425888299760965798e-20
8.961745002638874819e-37
0
0
DERIV 26
2.9010349707364981458e-21
-8.199542536968669725e-38
0
0
DERIV 27
-5.136706792394029667e-22
-8.688072016682250991e-39
0
0
DERIV 28
9.117166709379523062e-23
7.581542833649637387e-41
0
0
DERIV 29
-1.6218782970261085854e-23
-1.9399035116413351278e-41
0
0
DERIV 30
2.8913722024422149356e-24
-1.0752853801753685657e-40
0
0
DERIV 31
-5.164939103540418748e-25
2.527536495291515720e-41
0
0
DERIV 32
9.243866912966135433e-26
-1.4602554856086383461e-42
0
0
DERIV 33
-1.6573899696738294497e-26
-6.264864832855394573e-43
0
0
DERIV 34
2.9767114759617632400e-27
1.5302893232519592190e-43
0
0
DERIV 35
-5.354898150640599374e-28
1.4822448994897494536e-44
0
0
AT 43/8
0.006126420826073369907
-8.873638582482178482e-20
0
0
DERIV 1
-0.004398354664003416639
-4.253540008300681368e-19
0
0
DERIV 2
0.0017143669418660987223
-1.9462931678665263134e-20
0
0
DERIV 3
-0.0004862504042133003923
1.8896803799471920354e-20
0
0
DERIV 4
0.00011342414091911967935
-2.0600734437852296115e-22
0
0
DERIV 5
-2.3293032424249631086e-5
5.271594978421246256e-22
0
0
DERIV 6
4.396811476537319270e-6
4.065658035107341461e-22
0
0
DERIV 7
-7.852668910908857765e-7
9.230647223829874948e-24
0
0
DERIV 8
1.3536728759878321346e-7
-5.008291766806484988e-24
0
0
DERIV 9
-2.2834108413362000329e-8
6.724951727426106660e-25
0
0
DERIV 10
3.804387655885861558e-9
-2.309703037089637684e-25
0
0
DERIV 11
-6.299814097186025697e-10
-3.160446494464927017e-26
0
0
DERIV 12
1.0410821247599532380e-10
5.408045112315152246e-27
0
0
DERIV 13
-1.7214061888319718760e-11
-1.5912439821672298683e-27
0
0
DERIV 14
2.8524309289012454160e-12
1.5010382125222889777e-28
0
0
DERIV 15
-4.741165688888210831e-13
4.770063029745138639e-29
0
0
DERIV 16
7.908808617440604961e-14
1.5942830345234165834e-30
0
0
DERIV 17
-1.3243135982018435522e-14
7.090706195759185118e-31
0
0
DERIV 18
2.2261119065025791112e-15
-5.751727630916861807e-32
0
0
DERIV 19
-3.756261249102080154e-16
-9.828853798344772976e-33
0
0
DERIV 20
6.361595802832251931e-17
1.3694868224617724558e-33
0
0
DERIV 21
-1.0812133607914991101e-17
-3.817758863353676884e-35
0
0
DERIV 22
1.8438170654647407472e-18
-1.5287538485477954191e-34
0
0
DERIV 23
-3.154341931846949935e-19
1.6330432433790521011e-36
0
0
DERIV 24
5.412626322498781622e-20
-1.2880751886730363662e-36
0
0
DERIV 25
-9.314117587264911061e-21
-2.1645889024957299298e-38
0
0
DERIV 26
1.6070860064756602831e-21
-6.155374547675105247e-38
0
0
DERIV 27
-2.779927132491030870e-22
1.4219003328698814641e-38
0
0
DERIV 28
4.820163782072255760e-23
1.6369108895124507825e-39
0
0
DERIV 29
-8.376556673239395156e-24
-1.2914377357543620997e-40
0
0
DERIV 30
1.4587801424315049787e-24
-5.369301732065114332e-41
0
0
DERIV 31
-2.545562340184240214e-25
5.929830346262018752e-42
0
0
DERIV 32
4.450407628444929328e-26
-8.150683050117577496e-43
0
0
DERIV 33
-7.794601571894380246e-27
-4.619461266014149313e-43
0
0
DERIV 34
1.3674931019436417182e-27
3.914318470875018241e-44
0
0
DERIV 35
-2.403008758452652760e-28
-1.6979612605627733494e-44
0
0
AT 11/2
0.005602490765718550966
-1.3676970631287582427e-19
0
0
DERIV 1
-0.003991697439395179743
-1.1599070603024773468e-19
0
0
DERIV 2
0.0015422172238857181480
-4.328754947832696175e-20
0
0
DERIV 3
-0.0004330126054305617300
-2.3584780894768912174e-20
0
0
DERIV 4
9.984504654512955718e-5
-5.954877455946082571e-21
0
0
DERIV 5
-2.0238957949685150905e-5
-7.718270485700246243e-22
0
0
DERIV 6
3.765366434599902597e-6
-1.0962018945042496608e-22
0
0
DERIV 7
-6.619004833595190278e-7
1.4469657930263641207e-24
0
0
DERIV 8
1.1216279096643349327e-7
1.3255238842959177415e-24
0
0
DERIV 9
-1.8578119382410438714e-8
4.550331936352693224e-25
0
0
DERIV 10
3.036565083582689625e-9
-1.0702316382074473746e-25
0
0
DERIV 11
-4.929188796390901019e-10
1.9497666907622568081e-26
0
0
DERIV 12
7.980261795699999566e-11
-1.8840109395623793807e-28
0
0
DERIV 13
-1.2920802229363146003e-11
-5.138575318260410807e-29
0
0
DERIV 14
2.0957025917953703235e-12
1.0429014945247565235e-28
0
0
DERIV 15
-3.408616428972258754e-13
6.372054418060991491e-30
0
0
DERIV 16
5.562634386236852397e-14
1.2976213297448086890e-30
0
0
DERIV 17
-9.110795146529296540e-15
-7.782498327126489693e-31
0
0
DERIV 18
1.4977682621616887145e-15
-1.3679215332118490626e-33
0
0
DERIV 19
-2.471352280542215062e-16
-1.9822528767358581744e-32
0
0
DERIV 20
4.092466917051691659e-17
-2.4853980222812987116e-33
0
0
DERIV 21
-6.800447663145488956e-18
2.968615825461415980e-34
0
0
DERIV 22
1.1337668403488892294e-18
-5.603408729802485683e-35
0
0
DERIV 23
-1.8961475665872656840e-19
4.257043049082299423e-36
0
0
DERIV 24
3.180609004747926564e-20
-3.161516897723454845e-37
0
0
DERIV 25
-5.350166705184381277e-21
1.0645724565238197111e-37
0
0
DERIV 26
9.023500007922206841e-22
8.502575558453417330e-38
0
0
DERIV 27
-1.5256979738895151923e-22
-6.577113917163055717e-39
0
0
DERIV 28
2.5857515404535389572e-23
1.0677861014233911974e-39
0
0
DERIV 29
-4.392100847879126195e-24
-3.3495966225990744022e-40
0
0
DERIV 30
7.476037055691724182e-25
2.433472329998698143e-41
0
0
DERIV 31
-1.2750703827363259463e-25
-3.913536160045145875e-42
0
0
DERIV 32
2.1787821172593522490e-26
-5.316500091756644587e-44
0
0
DERIV 33
-3.729640340968710194e-27
-7.707134210868624620e-44
0
0
DERIV 34
6.395186177208005523e-28
-2.0226635371134524046e-44
0
0
DERIV 35
-1.0983351613341458324e-28
5.628141157650083099e-45
0
0
AT 45/8
0.005126803774815136619
-1.3450521563094691311e-19
0
0
DERIV 1
-0.003625684593433731520
9.363688948219601044e-20
0
0
DERIV 2
0.0013888160544768466103
-2.2785211312028935994e-20
0
0
DERIV 3
-0.0003861108046987841709
-1.1158460179957256684e-20
0
0
DERIV 4
8.803480624631758347e-5
-5.414804552654408966e-21
0
0
DERIV 5
-1.7620400396507040754e-5
7.979333532630009388e-22
0
0
DERIV 6
3.232375764619454176e-6
-1.2568093271419035255e-23
0
0
DERIV 7
-5.595140547602566988e-7
-4.671336430250229909e-23
0
0
DERIV 8
9.324780031354432463e-8
3.2973036703977465268e-24
0
0
DERIV 9
-1.5173858642733082190e-8
1.1051830710860771600e-24
0
0
DERIV 10
2.434363132774016713e-9
1.2547847857143760903e-25
0
0
DERIV 11
-3.875788530952264259e-10
-2.4423317439199479372e-26
0
0
DERIV 12
6.150632399868218524e-11
4.317997907435837893e-27
0
0
DERIV 13
-9.756633899159241214e-12
3.002520664961754479e-28
0
0
DERIV 14
1.5498230659679732012e-12
9.076798119410624543e-29
0
0
DERIV 15
-2.467981455158381079e-13
-1.5867390094631576518e-29
0
0
DERIV 16
3.942327066745410331e-14
6.948166609609580035e-31
0
0
DERIV 17
-6.319103291275412829e-15
1.4949002499412548690e-31
0
0
DERIV 18
1.0164972336478675155e-15
3.092196509610729879e-32
0
0
DERIV 19
-1.6409938159297069623e-16
6.794727270682244824e-33
0
0
DERIV 20
2.6584379458580335928e-17
-9.180869609038837467e-34
0
0
DERIV 21
-4.321296890186483061e-18
1.0116515315014938338e-34
0
0
DERIV 22
7.047059671140432855e-19
-2.924526321388066263e-35
0
0
DERIV 23
-1.1527659287462799825e-19
6.662946758377709413e-36
0
0
DERIV 24
1.8912335319290466655e-20
-1.3141406743466379757e-37
0
0
DERIV 25
-3.1113741854807064271e-21
-1.6863541159238363589e-37
0
0
DERIV 26
5.132118684520961231e-22
-4.378980711088049621e-38
0
0
DERIV 27
-8.486247580105240578e-23
-3.929165828974814887e-40
0
0
DERIV 28
1.4065324982514989397e-23
1.1580877766702570287e-39
0
0
DERIV 29
-2.3363768759147779195e-24
1.6713763511305319374e-40
0
0
DERIV 30
3.889041386783469613e-25
-4.259671290206889574e-42
0
0
DERIV 31
-6.486339270016709147e-26
7.379090716154462258e-43
0
0
DERIV 32
1.0838479152249052666e-26
-1.7620715544832426673e-43
0
0
DERIV 33
-1.8142865166032341656e-27
-9.142875737617163349e-44
0
0
DERIV 34
3.042092332860805480e-28
-6.335325324298023993e-45
0
0
DERIV 35
-5.108939492382612508e-29
3.972095669843524377e-45
0
0
AT 23/4
0.004694560296031551234
3.422543603577878120e-19
0
0
DERIV 1
-0.003295912683866011363
-1.9898384324268744805e-19
0
0
DERIV 2
0.0012519451057992877011
-8.928551311946561247e-20
0
0
DERIV 3
-0.0003447249508307733031
1.6761289217648114643e-20
0
0
DERIV 4
7.774293317174857550e-5
-6.233803639853400450e-21
0
0
DERIV 5
-1.5369958857337748834e-5
-1.0710321467312122911e-21
0
0
DERIV 6
2.781226971374733994e-6
1.5784231995541867248e-22
0
0
DERIV 7
-4.742607967285360442e-7
9.964162133899682697e-24
0
0
DERIV 8
7.777103441525184706e-8
6.166186941463281035e-24
0
0
DERIV 9
-1.2439164745868942715e-8
4.202155571389981658e-25
0
0
DERIV 10
1.959777895429367804e-9
2.903018304822137294e-26
0
0
DERIV 11
-3.061857117484921783e-10
1.2920125403276597469e-26
0
0
DERIV 12
4.765251810475352376e-11
2.7950106618892690629e-27
0
0
DERIV 13
-7.409649546869449123e-12
-1.7436912208339800021e-28
0
0
DERIV 14
1.1533074832964319311e-12
9.752305990764082751e-29
0
0
DERIV 15
-1.7990320380244403582e-13
1.2326615478729638403e-30
0
0
DERIV 16
2.8143618958225898121e-14
4.432679999470614491e-31
0
0
DERIV 17
-4.417035090204863805e-15
2.544085653934002014e-31
0
0
DERIV 18
6.956075277130028261e-16
-4.687014778618261056e-32
0
0
DERIV 19
-1.0992469741940719576e-16
9.806897796961585032e-35
0
0
DERIV 20
1.7430218853147225310e-17
1.3263767155443869162e-33
0
0
DERIV 21
-2.7729627367363842115e-18
1.6724135425372705490e-34
0
0
DERIV 22
4.425510330025304151e-19
-1.1158645890064919832e-35
0
0
DERIV 23
-7.084330575367792854e-20
2.6525302010695362653e-36
0
0
DERIV 24
1.1373282997127447386e-20
6.151652429434125453e-37
0
0
DERIV 25
-1.8308796849090753418e-21
-1.5447173627095110804e-37
0
0
DERIV 26
2.955000454202680436e-22
-5.672366425782345253e-39
0
0
DERIV 27
-4.780995718145532553e-23
2.5732426563108919254e-40
0
0
DERIV 28
7.753261292896433717e-24
1.4474824607825588693e-40
0
0
DERIV 29
-1.2600887619796653060e-24
2.708578197345721642e-41
0
0
DERIV 30
2.0521880493133848688e-25
-1.0176395435365802565e-41
0
0
DERIV 31
-3.348762374298955585e-26
1.3738201827646647442e-42
0
0
DERIV 32
5.474666198885974260e-27
-8.624984383145056785e-44
0
0
DERIV 33
-8.965923570806458997e-28
-8.362947809580309272e-44
0
0
DERIV 34
1.4708122228336029974e-28
4.926383471245700738e-45
0
0
DERIV 35
-2.4166157011819934805e-29
1.0622448361554486709e-45
0
0
AT 47/8
0.004301478083449134827
-1.2561342267659101379e-19
0
0
DERIV 1
-0.002998496288093904436
4.122283901202256828e-20
0
0
DERIV 2
0.0011296713440303674057
9.512932930722372835e-20
0
0
DERIV 3
-0.0003081503221264965744
-4.421907737825995328e-21
0
0
DERIV 4
6.875742157238132570e-5
5.750878712809452238e-21
0
0
DERIV 5
-1.3431517346571526260e-5
2.0656168354765663215e-22
0
0
DERIV 6
2.398329123374063995e-6
1.7833556026154860799e-22
0
0
DERIV 7
-4.030510327464010233e-7
-2.1393013336000802844e-23
0
0
DERIV 8
6.506175022555020653e-8
3.889479996428556537e-24
0
0
DERIV 9
-1.0233321288471398080e-8
-3.766896426541667877e-25
0
0
DERIV 10
1.5840414013362476964e-9
-3.675777935243929653e-26
0
0
DERIV 11
-2.429739154151662989e-10
-6.760356178443921368e-27
0
0
DERIV 12
3.710353959169899801e-11
4.585773283807322687e-28
0
0
DERIV 13
-5.658128481854827331e-12
6.375813537241210570e-29
0
0
DERIV 14
8.633749784788847001e-13
-2.582105030271671051e-29
0
0
DERIV 15
-1.3198985446275046650e-13
-5.712828702612327734e-30
0
0
DERIV 16
2.0231328727669504478e-14
1.2388974149583206180e-30
0
0
DERIV 17
-3.1105353932652478284e-15
2.1645249093279894773e-32
0
0
DERIV 18
4.798021742600423862e-16
7.022817415382277278e-33
0
0
DERIV 19
-7.425637508745813374e-17
-5.930143100342922396e-33
0
0
DERIV 20
1.1530255464101599873e-17
3.111634171792275110e-34
0
0
DERIV 21
-1.7961509902273478265e-18
-7.762029687117222572e-35
0
0
DERIV 22
2.806701863882221196e-19
1.6794507055587365410e-35
0
0
DERIV 23
-4.398881361680878077e-20
-6.312349423439953218e-38
0
0
DERIV 24
6.913853266655033720e-21
1.1595270397009695541e-37
0
0
DERIV 25
-1.0896037181156799940e-21
2.0486749279699672114e-38
0
0
DERIV 26
1.7215789599672024082e-22
-9.725867932574665320e-39
0
0
DERIV 27
-2.726695536381173518e-23
-1.0001888948052162551e-39
0
0
DERIV 28
4.328541784536782696e-24
3.4322824670506156762e-40
0
0
DERIV 29
-6.886343204800976544e-25
1.8380859049155220261e-41
0
0
DERIV 30
1.0978111184126838314e-25
-9.277284114387994811e-42
0
0
DERIV 31
-1.7535225335159000441e-26
2.0467917365760688930e-43
0
0
DERIV 32
2.8060515642409992305e-27
-2.0577591404698928101e-44
0
0
DERIV 33
-4.498204068510521207e-28
1.8804926760414538320e-44
0
0
DERIV 34
7.222760286997511716e-29
-3.248761863698911387e-45
0
0
DERIV 35
-1.1615867570359835980e-29
6.175235366078821481e-46
0
0
AT 6
0.003943731691632977251
-2.862593598315394288e-19
0
0
DERIV 1
-0.002730001798347784711
-3.176154154354950814e-20
0
0
DERIV 2
0.0010203071786005944114
-9.250619505716564686e-20
0
0
DERIV 3
-0.0002757799372351983896
-1.5097541589033201159e-20
0
0
DERIV 4
6.089835307998576607e-5
1.9342463651664252402e-22
0
0
DERIV 5
-1.1758208522446322546e-5
-2.959832418825354001e-22
0
0
DERIV 6
2.072522994814031525e-6
-8.517046985821613323e-23
0
0
DERIV 7
-3.433929804619652745e-7
-2.1000901651307114462e-24
0
0
DERIV 8
5.458901196493447430e-8
-2.3849411832351648550e-24
0
0
DERIV 9
-8.447069669273272871e-9
4.267613560702695103e-25
0
0
DERIV 10
1.2852541875984572130e-9
7.427510550227893089e-26
0
0
DERIV 11
-1.9364207338124906053e-10
1.2294080304458238333e-26
0
0
DERIV 12
2.9027830815394002829e-11
-5.619752141929633533e-28
0
0
DERIV 13
-4.343329323926670800e-12
-3.211836197913996066e-28
0
0
DERIV 14
6.500302687082742933e-13
7.389972288955418428e-30
0
0
DERIV 15
-9.743756272250091261e-14
-3.1286513235516860683e-30
0
0
DERIV 16
1.4640530409325696298e-14
-1.4045929814710204964e-31
0
0
DERIV 17
-2.2061262259390952300e-15
-1.4442289752844721429e-31
0
0
DERIV 18
3.334673359453957183e-16
9.578433658493066984e-33
0
0
DERIV 19
-5.056696887990482380e-17
-2.7276721241335991293e-33
0
0
DERIV 20
7.692556356641625656e-18
-3.430704279972376755e-34
0
0
DERIV 21
-1.1739179525238790277e-18
3.402028769337518220e-35
0
0
DERIV 22
1.7969056166955976423e-19
-2.3257030798565580839e-36
0
0
DERIV 23
-2.758552829586787102e-20
-1.1914071479309348103e-36
0
0
DERIV 24
4.246677877890987487e-21
-1.1865733402591196873e-38
0
0
DERIV 25
-6.554976263411001650e-22
-3.443185404743889121e-38
0
0
DERIV 26
1.0143522303315789675e-22
-5.552164056464244590e-39
0
0
DERIV 27
-1.5734242450565980647e-23
5.242631603640719213e-40
0
0
DERIV 28
2.4461774899980706347e-24
9.526974675786011194e-41
0
0
DERIV 29
-3.811214906944211351e-25
-1.3154546199043934092e-41
0
0
DERIV 30
5.950086683996641389e-26
9.005700398361704885e-43
0
0
DERIV 31
-9.307250187568587710e-27
4.727475157115510140e-43
0
0
DERIV 32
1.4585266757087389772e-27
-3.116016626837148424e-44
0
0
DERIV 33
-2.289610523840984055e-28
-2.5091776165791544342e-45
0
0
DERIV 34
3.600186786309135026e-29
-2.1452859860729884439e-45
0
0
DERIV 35
-5.669816708472276073e-30
-1.9083288835666644417e-46
0
0
AT 49/8
0.003617899650490658241
-8.882327047235395394e-20
0
0
DERIV 1
-0.002487390402629470910
8.197529565157613857e-20
0
0
DERIV 2
0.0009223766456534661633
7.284400185288605188e-22
0
0
DERIV 3
-0.0002470898664568230976
5.531828985572456758e-21
0
0
DERIV 4
5.401264763769264435e-5
2.769932244309819261e-22
0
0
DERIV 5
-1.0310771717724809721e-5
1.0258306074605809476e-22
0
0
DERIV 6
1.7946142453491578274e-6
-6.741732067370177004e-23
0
0
DERIV 7
-2.932691405852353213e-7
-1.6471166068165311951e-23
0
0
DERIV 8
4.593069332503835280e-8
-2.7709751881112596148e-24
0
0
DERIV 9
-6.995160438650258749e-9
8.351451230285833012e-27
0
0
DERIV 10
1.0466554861299363996e-9
4.257998967129712327e-26
0
0
DERIV 11
-1.5496224785245520531e-10
5.432623486725343476e-27
0
0
DERIV 12
2.2813703588744742909e-11
-1.1224649337446619496e-27
0
0
DERIV 13
-3.3508214245865789956e-12
5.464031988586581948e-29
0
0
DERIV 14
4.920880767385053206e-13
3.764659210314127333e-29
0
0
DERIV 15
-7.235749700176680527e-14
1.8837750342221996046e-30
0
0
DERIV 16
1.0662423908375488777e-14
4.020364770014901574e-32
0
0
DERIV 17
-1.5753862434425278863e-15
5.685491664397301128e-32
0
0
DERIV 18
2.334532454803726421e-16
-2.3855234139965820243e-33
0
0
DERIV 19
-3.470156148931570780e-17
-3.0359487020617584262e-33
0
0
DERIV 20
5.174211362098402735e-18
-2.634748495111983004e-34
0
0
DERIV 21
-7.738675776238802906e-19
-4.541704000373860331e-35
0
0
DERIV 22
1.1608606369854628135e-19
-9.701437349034272578e-36
0
0
DERIV 23
-1.7463755251500827217e-20
-2.876622171414131771e-37
0
0
DERIV 24
2.6344311609657575454e-21
-7.104973696785208286e-38
0
0
DERIV 25
-3.984490996393771237e-22
2.2966166157554207698e-38
0
0
DERIV 26
6.041438561287317646e-23
-1.1014326429636601071e-39
0
0
DERIV 27
-9.181953634803145303e-24
-1.3068708144855717230e-40
0
0
DERIV 28
1.3986354351308279193e-24
-8.574253716250380483e-42
0
0
DERIV 29
-2.135002570893603330e-25
1.4676404870671427560e-41
0
0
DERIV 30
3.265645087264704720e-26
-1.2716279870010488079e-42
0
0
DERIV 31
-5.004620561846627154e-27
1.4036179140017368147e-43
0
0
DERIV 32
7.683559040470683636e-28
-3.845195054011233723e-44
0
0
DERIV 33
-1.1816881951343955666e-28
-2.993467511475108884e-45
0
0
DERIV 34
1.8203508631279071083e-29
-1.0281842659538523401e-45
0
0
DERIV 35
-2.8085616475778176654e-30
1.0920538348171662158e-46
0
0
AT 25/4
0.003320918266585412126
-2.0128632932468407507e-19
0
0
DERIV 1
-0.002267968870343767956
-1.0859084935300204740e-19
0
0
DERIV 2
0.0008345866381031823893
-4.914235931339099290e-20
0
0
DERIV 3
-0.00022162692825005835678
-3.991038032404067670e-21
0
0
DERIV 4
4.796973919792157671e-5
-3.108931299648640582e-22
0
0
DERIV 5
-9.056223699550776713e-6
-4.353806338943136536e-22
0
0
DERIV 6
1.5570023366189052521e-6
-6.093655494896154189e-23
0
0
DERIV 7
-2.510398696294696806e-7
1.8489682837336269426e-23
0
0
DERIV 8
3.874975930748948246e-8
-1.9175556303025639719e-24
0
0
DERIV 9
-5.810765181515455906e-9
-2.069098833559539398e-25
0
0
DERIV 10
8.553512186248538021e-10
-1.4268942507450884911e-26
0
0
DERIV 11
-1.2449842516381585522e-10
1.2119391173603517470e-26
0
0
DERIV 12
1.8008460368876163823e-11
-1.4427784005051379715e-27
0
0
DERIV 13
-2.5975745354646057821e-12
1.5487089095306257762e-28
0
0
DERIV 14
3.744803209316757066e-13
1.8474126082037281829e-30
0
0
DERIV 15
-5.403881963733902113e-14
-1.7323710812200503843e-31
0
0
DERIV 16
7.812822800224091819e-15
2.709546293481339114e-31
0
0
DERIV 17
-1.1323577538301992817e-15
-4.925575170989273139e-32
0
0
DERIV 18
1.6457838509619951560e-16
1.1553824345640368111e-32
0
0
DERIV 19
-2.3990709456370914175e-17
-8.418617656289927474e-34
0
0
DERIV 20
3.507637963066193067e-18
-4.903086611342698855e-35
0
0
DERIV 21
-5.143719872387029936e-19
-1.6727667402638910013e-35
0
0
DERIV 22
7.564859067909692378e-20
-4.007519991302145938e-36
0
0
DERIV 23
-1.1156904237827678894e-20
3.434176952541118729e-37
0
0
DERIV 24
1.6498998939390662131e-21
-2.541491475401903256e-38
0
0
DERIV 25
-2.446194346064762749e-22
6.446394839017344567e-39
0
0
DERIV 26
3.635726837752731837e-23
8.445029108785253552e-40
0
0
DERIV 27
-5.416345626645671469e-24
1.7870643270819382189e-40
0
0
DERIV 28
8.086966157651586551e-25
3.372631475130316824e-41
0
0
DERIV 29
-1.2099857586391879296e-25
-8.679141930436627975e-42
0
0
DERIV 30
1.8140271343811817684e-26
-1.6910830393213474369e-43
0
0
DERIV 31
-2.7247842149701296470e-27
3.175790600873139025e-44
0
0
DERIV 32
4.100186922010454600e-28
-9.121729509850118877e-45
0
0
DERIV 33
-6.180437617426281881e-29
-2.996634972718331313e-45
0
0
DERIV 34
9.331297005840595660e-30
-5.900324688534933823e-46
0
0
DERIV 35
-1.4110339305226624982e-30
5.271220184505561735e-47
0
0
AT 51/8
0.003050041149728714100
-1.8291616833109918067e-19
0
0
DERIV 1
-0.002069346985915862091
5.005066639069358865e-20
0
0
DERIV 2
0.0007558023687606488326
-3.746342587776771161e-20
0
0
DERIV 3
-0.00019899835390794053201
-1.9408325101406747427e-21
0
0
DERIV 4
4.265800142958830386e-5
-1.4852570596866992679e-23
0
0
DERIV 5
-7.966778533297977355e-6
-4.980569964466083058e-22
0
0
DERIV 6
1.3533843012806789230e-6
-1.0449749746812788778e-22
0
0
DERIV 7
-2.1536780433335455810e-7
-1.1817873198288009480e-23
0
0
DERIV 8
3.277602416367941209e-8
3.0911279173816449113e-24
0
0
DERIV 9
-4.841260527458352709e-9
-3.530186324535575660e-25
0
0
DERIV 10
7.013729133949281797e-10
3.462720551358140760e-26
0
0
DERIV 11
-1.0040231462503477186e-10
3.1579561538288567905e-27
0
0
DERIV 12
1.4275111959887694225e-11
5.694138675197859110e-28
0
0
DERIV 13
-2.0229634254350554547e-12
-1.1316120175987368243e-29
0
0
DERIV 14
2.864175940289085304e-13
-7.134522076078776131e-30
0
0
DERIV 15
-4.057828062297912319e-14
-2.3252484920580427543e-30
0
0
DERIV 16
5.758453402541024022e-15
2.517078208819579417e-31
0
0
DERIV 17
-8.190414239602270263e-16
2.0029633611224190362e-32
0
0
DERIV 18
1.1680202608999314834e-16
1.1599736557679959562e-33
0
0
DERIV 19
-1.6703994995857907855e-17
1.3207415490294828984e-33
0
0
DERIV 20
2.3957774576865435501e-18
-1.1153164413590604465e-34
0
0
DERIV 21
-3.446089202747423361e-19
-8.507273619691475052e-36
0
0
DERIV 22
4.970924234444531591e-20
2.9531845289476930965e-36
0
0
DERIV 23
-7.190215994673539310e-21
-1.8440951539459769210e-37
0
0
DERIV 24
1.0427898201097332953e-21
-7.644033609878276099e-38
0
0
DERIV 25
-1.5161896039559037150e-22
-7.405393526095257839e-39
0
0
DERIV 26
2.2098476236157351305e-23
-5.227250137145056452e-40
0
0
DERIV 27
-3.2282962380003477699e-24
-6.889698267760830136e-41
0
0
DERIV 28
4.726479834069407593e-25
3.019945418689516588e-41
0
0
DERIV 29
-6.934391956366049179e-26
2.6322436404415736331e-42
0
0
DERIV 30
1.0193888712935932211e-26
-1.0075349092402015819e-43
0
0
DERIV 31
-1.5013754320730364793e-27
-7.534984782490152691e-44
0
0
DERIV 32
2.215215179947556458e-28
-1.3622217818672686209e-45
0
0
DERIV 33
-3.274019846855939661e-29
7.561678128913249127e-46
0
0
DERIV 34
4.846735248303559604e-30
1.1909350097756446864e-46
0
0
DERIV 35
-7.185977914175951168e-31
3.156725321229600188e-47
0
0
AT 13/2
0.002802803696327457912
1.1296287803753139278e-19
0
0
DERIV 1
-0.0018894006588168067284
-7.996951594592314736e-20
0
0
DERIV 2
0.0006850263941743168139
-1.7787161633238426866e-21
0
0
DERIV 3
-0.00017886308156419357569
-5.701751890985002492e-21
0
0
DERIV 4
3.798178395130728682e-5
-9.686583704247450563e-22
0
0
DERIV 5
-7.018966693835117986e-6
2.549115534980721087e-22
0
0
DERIV 6
1.1785173059425596409e-6
7.860809503106559964e-23
0
0
DERIV 7
-1.8515836175384506444e-7
-1.2222051759009630645e-23
0
0
DERIV 8
2.7792051533717578996e-8
1.0313629034129671003e-24
0
0
DERIV 9
-4.045030162729674028e-9
3.982322996702125106e-25
0
0
DERIV 10
5.769773712051243729e-10
2.1076406776696157417e-26
0
0
DERIV 11
-8.126430050405375052e-11
-5.369662611005610072e-27
0
0
DERIV 12
1.1361397538452037455e-11
-3.059751660037501719e-28
0
0
DERIV 13
-1.5824550805309850586e-12
5.506266261497767358e-29
0
0
DERIV 14
2.2012429640476976509e-13
-1.0345452589609983072e-29
0
0
DERIV 15
-3.063042436577003520e-14
-2.2232827648654597115e-30
0
0
DERIV 16
4.268239825843675836e-15
-1.0318184494005276739e-32
0
0
DERIV 17
-5.959996970530456861e-16
-3.333572969367455437e-32
0
0
DERIV 18
8.342922103778264743e-17
2.3249820727026990305e-33
0
0
DERIV 19
-1.1710070849943973403e-17
8.413232744133467473e-35
0
0
DERIV 20
1.6482050280333151964e-18
-5.488860987189932930e-35
0
0
DERIV 21
-2.326373384321592508e-19
-5.459804383720448580e-36
0
0
DERIV 22
3.292663643906136691e-20
4.211101048601688277e-38
0
0
DERIV 23
-4.672872588105228053e-21
-2.325728422554170168e-37
0
0
DERIV 24
6.648891801922027897e-22
4.802403486789450185e-39
0
0
DERIV 25
-9.484154185728348959e-23
-4.420753895361558087e-39
0
0
DERIV 26
1.3560788441036416591e-23
1.2618673079622038621e-39
0
0
DERIV 27
-1.9433932985073523080e-24
1.6514046243491563099e-40
0
0
DERIV 28
2.791122504623427645e-25
-2.0829705112265755832e-41
0
0
DERIV 29
-4.016926187893431040e-26
-5.674872627229862146e-43
0
0
DERIV 30
5.792441105699540073e-27
1.4789255781740405276e-43
0
0
DERIV 31
-8.368358780281456816e-28
-3.729707576190431650e-44
0
0
DERIV 32
1.2111279735702613838e-28
-1.0489175012925221200e-44
0
0
DERIV 33
-1.7557925532627765482e-29
-5.401618354176128476e-46
0
0
DERIV 34
2.5494956266051939572e-30
6.810935468894788102e-47
0
0
DERIV 35
-3.707659033726977622e-31
4.150105949885818453e-48
0
0
AT 53/8
0.002576991872531782333
-1.8990824766215330427e-19
0
0
DERIV 1
-0.0017262398916564143572
-9.804874365812731531e-20
0
0
DERIV 2
0.0006213806417375236256
-2.3768638864311047013e-20
0
0
DERIV 3
-0.00016092440323367575837
-2.3753087410244097862e-21
0
0
DERIV 4
3.385894730891155782e-5
2.1797102931645709076e-21
0
0
DERIV 5
-6.192914180115379242e-6
-2.887762379961715650e-22
0
0
DERIV 6
1.0280275985868954673e-6
-1.5840385798302258902e-23
0
0
DERIV 7
-1.5951269319378790853e-7
-7.171418620877816085e-24
0
0
DERIV 8
2.3622204422760698761e-8
-7.301984012594452957e-25
0
0
DERIV 9
-3.389026454296491427e-9
1.0301729086125410048e-25
0
0
DERIV 10
4.761225626965103987e-10
4.866045763332023714e-26
0
0
DERIV 11
-6.600399232013643152e-11
-5.822331759519884723e-27
0
0
DERIV 12
9.077466490651008112e-12
-2.525997817070203678e-28
0
0
DERIV 13
-1.2431478620590476930e-12
-5.353543910794673737e-29
0
0
DERIV 14
1.6996204177308799832e-13
5.850735337609788776e-31
0
0
DERIV 15
-2.3237825630875843047e-14
-2.669498712558336112e-31
0
0
DERIV 16
3.1808402101928605111e-15
-6.286009178842731066e-33
0
0
DERIV 17
-4.362171232053449326e-16
-1.0588097190524703970e-32
0
0
DERIV 18
5.996092525130758934e-17
-2.7278064898083332576e-33
0
0
DERIV 19
-8.263162141550007769e-18
6.528855203716025848e-34
0
0
DERIV 20
1.1417954405780102360e-18
-3.360700785040354230e-36
0
0
DERIV 21
-1.5820087826123515518e-19
9.716859463226374647e-36
0
0
DERIV 22
2.1978497127786903662e-20
-1.1685257198242410014e-36
0
0
DERIV 23
-3.0614685945110719744e-21
1.8594712694650036145e-37
0
0
DERIV 24
4.275321320334566595e-22
-7.976636751065594038e-39
0
0
DERIV 25
-5.985129825050412795e-23
4.876071502931858459e-39
0
0
DERIV 26
8.398467653568278362e-24
-5.113605625757469325e-40
0
0
DERIV 27
-1.1811442338078926684e-24
-6.612444280551411741e-41
0
0
DERIV 28
1.6647043988268148259e-25
8.393674547970431375e-42
0
0
DERIV 29
-2.3510319038272392742e-26
-3.942918589083113567e-43
0
0
DERIV 30
3.326783171433385563e-27
-8.185734361233483375e-44
0
0
DERIV 31
-4.716221674398790359e-28
4.437933137965105065e-44
0
0
DERIV 32
6.697747570323173115e-29
2.7258765530573778490e-45
0
0
DERIV 33
-9.527771164945171831e-30
1.6107015326888224082e-46
0
0
DERIV 34
1.3575223133416869166e-30
-7.440855214641037513e-47
0
0
DERIV 35
-1.9371482816186252008e-31
-1.0757920090499713557e-48
0
0
AT 27/4
0.002370614734325564386
1.7903521304220076367e-19
0
0
DERIV 1
-0.0015781809152410986117
9.215944498396737182e-20
0
0
DERIV 2
0.0005640909764689669382
-2.2074592775535668539e-20
0
0
DERIV 3
-0.00014492373880466822189
6.146157621824677696e-22
0
0
DERIV 4
3.0218806766285281993e-5
7.156560633893651857e-23
0
0
DERIV 5
-5.471750608701738255e-6
1.6899933050477301618e-23
0
0
DERIV 6
8.982562053154018194e-7
3.445920979352060894e-23
0
0
DERIV 7
-1.3769033109691768890e-7
-1.2832141416530158665e-23
0
0
DERIV 8
2.0124102581052354412e-8
-1.0983698604498170599e-24
0
0
DERIV 9
-2.846902005409561006e-9
9.900856770508413980e-26
0
0
DERIV 10
3.940732957427453871e-10
-1.9644269472824649598e-26
0
0
DERIV 11
-5.378938641432524675e-11
1.0615076565667989779e-27
0
0
DERIV 12
7.279700231939045593e-12
-4.669631087842761768e-28
0
0
DERIV 13
-9.805984052716036334e-13
5.423981111496045313e-29
0
0
DERIV 14
1.3181786646975256370e-13
6.612444474921525734e-30
0
0
DERIV 15
-1.7714854024219924219e-14
-9.804331407356376629e-31
0
0
DERIV 16
2.3828424886133062099e-15
1.0603205061240830415e-31
0
0
DERIV 17
-3.210555080590925004e-16
-1.5171286761289842426e-32
0
0
DERIV 18
4.335098278629903265e-17
1.4216559145816760102e-33
0
0
DERIV 19
-5.867764844285292835e-18
-3.365696500948070324e-34
0
0
DERIV 20
7.962761836157342445e-19
-5.895899695230914418e-36
0
0
DERIV 21
-1.0834152067721524984e-19
3.0018868423072121105e-36
0
0
DERIV 22
1.4779610443757875538e-20
-6.022253149436177815e-37
0
0
DERIV 23
-2.0213777930104406093e-21
-1.8386049986221021542e-37
0
0
DERIV 24
2.771514740783030388e-22
8.593535997251905168e-39
0
0
DERIV 25
-3.809204869335106012e-23
1.1041459624744850811e-40
0
0
DERIV 26
5.247561792690181617e-24
2.0339764492496124683e-40
0
0
DERIV 27
-7.245092926400511569e-25
-4.310439999221931962e-42
0
0
DERIV 28
1.0024214795710604417e-25
1.3966439157443327090e-42
0
0
DERIV 29
-1.3897422393087427718e-26
1.3506891700071428713e-42
0
0
DERIV 30
1.9304312723621954588e-27
1.7587571004323683645e-43
0
0
DERIV 31
-2.686401367643741609e-28
-1.5887963646952539209e-44
0
0
DERIV 32
3.744949552226311577e-29
-1.5409033022165259218e-45
0
0
DERIV 33
-5.229299033549471437e-30
-3.4153092222221939930e-46
0
0
DERIV 34
7.313566763023721728e-31
-8.808314876700903625e-48
0
0
DERIV 35
-1.0244031835749147075e-31
-3.509687560618918814e-49
0
0
AT 55/8
0.002181880201266294186
6.122767647846585181e-20
0
0
DERIV 1
-0.0014437219054613673660
1.0015274306696495529e-19
0
0
DERIV 2
0.0005124739207951169639
1.0054233201761754025e-20
0
0
DERIV 3
-0.00013063535137267448527
1.8006452154338345762e-21
0
0
DERIV 4
2.7000412287241384136e-5
-2.976879241167191266e-22
0
0
DERIV 5
-4.841121658014360293e-6
-3.523405798051801950e-22
0
0
DERIV 6
7.861338610745428060e-7
4.390170313942802275e-24
0
0
DERIV 7
-1.1907941384288429210e-7
5.183754950701882479e-24
0
0
DERIV 8
1.7181928833088986464e-8
1.2377915995477722793e-24
0
0
DERIV 9
-2.397571089385272580e-9
1.9880912793657064464e-25
0
0
DERIV 10
3.271029848831688012e-10
-2.0382490874511241732e-26
0
0
DERIV 11
-4.397682650821593239e-11
2.821762467337528814e-28
0
0
DERIV 12
5.858914747967831339e-12
7.463954160139533656e-29
0
0
DERIV 13
-7.765501321310132209e-13
-2.547650794866263443e-29
0
0
DERIV 14
1.0267435899871386366e-13
-9.176216808528978391e-32
0
0
DERIV 15
-1.3567518502132143804e-14
5.324003599106255940e-31
0
0
DERIV 16
1.7940088597632265008e-15
-1.9293312635126787304e-31
0
0
DERIV 17
-2.375679362975059528e-16
-1.6365950171056950605e-32
0
0
DERIV 18
3.152200522195515053e-17
-3.0408260483036669270e-33
0
0
DERIV 19
-4.192150330153226031e-18
1.5409483411282216611e-34
0
0
DERIV 20
5.588944881449924962e-19
-3.603464912221539459e-35
0
0
DERIV 21
-7.470060997677385926e-20
-6.322445060567236407e-38
0
0
DERIV 22
1.0009750877059533833e-20
-2.625761323994348072e-37
0
0
DERIV 23
-1.3446591309210215321e-21
-3.929288915450195246e-38
0
0
DERIV 24
1.8107733459535705036e-22
-3.383949318128797940e-39
0
0
DERIV 25
-2.4442448925183368578e-23
-4.390642609557128129e-40
0
0
DERIV 26
3.3068585807410961747e-24
-7.225083554267615128e-41
0
0
DERIV 27
-4.483696999221634217e-25
3.809301350383721771e-41
0
0
DERIV 28
6.092077301091273766e-26
9.128638894968478385e-44
0
0
DERIV 29
-8.293964511188953790e-27
2.4600836673445922680e-43
0
0
DERIV 30
1.1313229826913651213e-27
5.053911443792786377e-45
0
0
DERIV 31
-1.5459666511248170138e-28
-6.179574397718223618e-45
0
0
DERIV 32
2.1162438346337330453e-29
-1.2837916968780906743e-45
0
0
DERIV 33
-2.9016704434015298298e-30
1.1840030876626403255e-46
0
0
DERIV 34
3.984866348794744085e-31
-3.062077427848658476e-47
0
0
DERIV 35
-5.480636532996306851e-32
-4.748151679020225279e-48
0
0
AT 7
0.002009173668026707684
1.6902897917343451021e-20
0
0
DERIV 1
-0.0013215217853795970578
-9.110500488197462887e-20
0
0
DERIV 2
0.0004659252039137015255
-1.5968714644185671402e-20
0
0
DERIV 3
-0.00011786185104478138835
-2.6259186617825238186e-21
0
0
DERIV 4
2.4151105852955781332e-5
-1.6319639518639133764e-21
0
0
DERIV 5
-4.288786234604312436e-6
3.207948686016567859e-22
0
0
DERIV 6
6.890792867356044173e-7
4.830311909255015502e-23
0
0
DERIV 7
-1.0317286035119199815e-7
5.466489781643325884e-24
0
0
DERIV 8
1.4701162107869476205e-8
-7.009218740449300091e-25
0
0
DERIV 9
-2.024096972719966739e-9
-1.9052906271655334870e-25
0
0
DERIV 10
2.722669795613263936e-10
-1.7158074732228198991e-26
0
0
DERIV 11
-3.606617282257046190e-11
-2.1526778457623508927e-27
0
0
DERIV 12
4.731708230548424651e-12
5.832040655915278140e-29
0
0
DERIV 13
-6.172972285946525131e-13
4.624376409842687754e-29
0
0
DERIV 14
8.030564871626964864e-14
-2.7719887057009451328e-30
0
0
DERIV 15
-1.0437811686226626237e-14
-2.165524854136095851e-31
0
0
DERIV 16
1.3572177217132477290e-15
5.159325413294904277e-33
0
0
DERIV 17
-1.7670150894958791415e-16
-1.0745107887650092617e-32
0
0
DERIV 18
2.3047402845502448002e-17
1.1975628939608586416e-34
0
0
DERIV 19
-3.0126056574212547191e-18
-1.4838544980517770052e-34
0
0
DERIV 20
3.947160285084465528e-19
-2.7893669250222291425e-36
0
0
DERIV 21
-5.184290246190456661e-20
1.8568889625729100498e-36
0
0
DERIV 22
6.825998639376018649e-21
-5.026916398262679224e-37
0
0
DERIV 23
-9.009608622548872952e-22
7.580827337115688096e-38
0
0
DERIV 24
1.1920268825928399544e-22
-2.6874540352407890163e-39
0
0
DERIV 25
-1.5807964051952603608e-23
-1.0326182412244272306e-39
0
0
DERIV 26
2.1010678028628872470e-24
-5.596770851356681217e-41
0
0
DERIV 27
-2.798596432481928098e-25
1.4993321165086393031e-41
0
0
DERIV 28
3.735401866874469372e-26
1.4594520816181084174e-42
0
0
DERIV 29
-4.995649677275669695e-27
-1.0240920060007360739e-43
0
0
DERIV 30
6.693690496659395665e-28
-4.554687128501854876e-45
0
0
DERIV 31
-8.985057026542265945e-29
-3.502460035689675856e-45
0
0
DERIV 32
1.2081519824115993527e-29
-6.511913643645977549e-46
0
0
DERIV 33
-1.6271716403546418223e-30
-4.010846320678532601e-47
0
0
DERIV 34
2.194943866636224390e-31
1.1118845251205723476e-47
0
0
DERIV 35
-2.965245079943074296e-32
3.928768651442233302e-49
0
0
AT 57/8
0.0018510390952005898856
-3.134260641688505720e-20
0
0
DERIV 1
-0.0012103816900149908485
-7.127712216266147437e-20
0
0
DERIV 2
0.0004239098694891155639
1.3238546749329019754e-20
0
0
DERIV 3
-0.00010643036092115580496
-4.700844582364725527e-21
0
0
DERIV 4
2.1625308251952348620e-5
-3.423019687228517004e-22
0
0
DERIV 5
-3.804282657423428620e-6
9.964206980445086402e-23
0
0
DERIV 6
6.049161806271180541e-7
-4.129793041728876840e-23
0
0
DERIV 7
-8.954923548736668622e-8
3.870157937456463570e-24
0
0
DERIV 8
1.2604416314813392204e-8
2.3509110956965151084e-26
0
0
DERIV 9
-1.7128275011587540977e-9
5.176186372783596580e-26
0
0
DERIV 10
2.2722945646046308649e-10
1.1978173524911121400e-26
0
0
DERIV 11
-2.966715468546544946e-11
2.8250762056185464870e-27
0
0
DERIV 12
3.834080293070654218e-12
-3.747508195227265850e-28
0
0
DERIV 13
-4.924993660049495503e-13
8.210168369914785971e-30
0
0
DERIV 14
6.306105793536382698e-14
-4.851562641903461151e-30
0
0
DERIV 15
-8.064809390718443536e-15
7.191844426575331336e-31
0
0
DERIV 16
1.0315596633551429751e-15
-7.757259248292755951e-32
0
0
DERIV 17
-1.3208589280871146354e-16
5.847759647530178762e-33
0
0
DERIV 18
1.6940930635390126657e-17
-8.244858250563669977e-34
0
0
DERIV 19
-2.1771969774593625332e-18
1.8642785503199626504e-34
0
0
DERIV 20
2.804349313400483738e-19
5.358086415702051590e-37
0
0
DERIV 21
-3.620669332182965324e-20
-9.053479506837912863e-38
0
0
DERIV 22
4.685814807599115891e-21
2.727154879197791032e-37
0
0
DERIV 23
-6.078786574606043359e-22
-3.099565784166334423e-38
0
0
DERIV 24
7.904350832692031092e-23
3.426313790206696500e-39
0
0
DERIV 25
-1.0301632456992408281e-23
9.248931837844741889e-42
0
0
DERIV 26
1.3455624354081140829e-24
6.772838806387601478e-41
0
0
DERIV 27
-1.7612616857728351088e-25
-4.507135505539259099e-42
0
0
DERIV 28
2.3100901068815655247e-26
-1.1592335186657378108e-42
0
0
DERIV 29
-3.0358573156229101476e-27
1.6171846073885739138e-45
0
0
DERIV 30
3.997090672955783224e-28
3.401789427080999284e-45
0
0
DERIV 31
-5.272062692142704582e-29
2.2945253648946117947e-45
0
0
DERIV 32
6.965559355494530760e-30
1.5195569930227311260e-46
0
0
DERIV 33
-9.217999152593805641e-31
-4.700600318577244011e-47
0
0
DERIV 34
1.2217728363467430335e-31
8.255746973083186782e-48
0
0
DERIV 35
-1.6217610774059714083e-32
1.0813511949122942857e-48
0
0
AT 29/4
0.0017061622696451989641
-8.941040869534801741e-21
0
0
DERIV 1
-0.0011092287335704830841
3.102993745436464236e-20
0
0
DERIV 2
0.0003859537135940162571
2.3125298086777760399e-20
0
0
DERIV 3
-9.618924060869954635e-5
-4.702330286514491683e-21
0
0
DERIV 4
1.9383496289915864947e-5
1.2527861299113787709e-21
0
0
DERIV 5
-3.378651249712652461e-6
1.7651757052784704049e-22
0
0
DERIV 6
5.318052657407026497e-7
-2.3433166199314180525e-23
0
0
DERIV 7
-7.785732836843161054e-8
4.674007550445185222e-25
0
0
DERIV 8
1.0828140085496745599e-8
-8.099261591638797005e-25
0
0
DERIV 9
-1.4527207019693840072e-9
-1.3020951904909297713e-26
0
0
DERIV 10
1.9013060940061846277e-10
7.695302523391851652e-27
0
0
DERIV 11
-2.4473991471333255411e-11
-1.3846489611884022217e-27
0
0
DERIV 12
3.1167013607529103507e-12
-1.6090353593371491604e-28
0
0
DERIV 13
-3.943181090438439661e-13
1.9786246627003649542e-29
0
0
DERIV 14
4.971021113254657101e-14
-1.5266601096719133532e-30
0
0
DERIV 15
-6.257307680238019383e-15
-2.596937057447776468e-31
0
0
DERIV 16
7.875665352211603387e-16
-8.591767210214204610e-33
0
0
DERIV 17
-9.921095162478939643e-17
6.505018258890232242e-34
0
0
DERIV 18
1.2516358937107265340e-17
-2.1369355071715312302e-35
0
0
DERIV 19
-1.5820369918336076977e-18
5.364783117239532267e-37
0
0
DERIV 20
2.0039204728730121974e-19
5.808459183522681916e-36
0
0
DERIV 21
-2.5440554823066792769e-20
-1.4423867325310353170e-36
0
0
DERIV 22
3.2372702567163499973e-21
6.778200275864411260e-39
0
0
DERIV 23
-4.128945932908432630e-22
-1.9093408754626630816e-38
0
0
DERIV 24
5.278296899459134958e-23
2.5328561099093776903e-39
0
0
DERIV 25
-6.762689803785751693e-24
-4.946981066187371555e-40
0
0
DERIV 26
8.683335310441779244e-25
-4.582718994449816531e-41
0
0
DERIV 27
-1.1172795612501873925e-25
-1.0974741248723691535e-41
0
0
DERIV 28
1.4404895476691603116e-26
9.811674492700450746e-43
0
0
DERIV 29
-1.8607817194969289904e-27
-7.856340480801050855e-44
0
0
DERIV 30
2.408141616371225907e-28
-2.2256635002245769202e-44
0
0
DERIV 31
-3.122013521566995749e-29
1.8017798082151915566e-45
0
0
DERIV 32
4.054335075807312002e-30
-7.363374187485398085e-47
0
0
DERIV 33
-5.273559029161218742e-31
-1.8587577784131036415e-48
0
0
DERIV 34
6.869986992813376134e-32
-1.0255110729758127294e-48
0
0
DERIV 35
-8.962848025115935900e-33
3.0519139764345194795e-49
0
0
AT 59/8
0.0015733559662960622857
-5.509289684501900577e-20
0
0
DERIV 1
-0.0010171017712529073149
-1.0192753778654112811e-19
0
0
DERIV 2
0.0003516358606255355081
-1.2752106437546265526e-20
0
0
DERIV 3
-8.700528031284057771e-5
2.5304651760906244812e-21
0
0
DERIV 4
1.7391338453445770869e-5
1.6501361925174961501e-21
0
0
DERIV 5
-3.004203176440946348e-6
-9.575371644763916889e-23
0
0
DERIV 6
4.681884912327196463e-7
-2.3861644699989292405e-23
0
0
DERIV 7
-6.780368076952348360e-8
4.399484202829585587e-24
0
0
DERIV 8
9.319989470057228188e-9
-7.279661835652231284e-25
0
0
DERIV 9
-1.2348164796147086972e-9
-4.886389636900065091e-26
0
0
DERIV 10
1.5948430391659494383e-10
8.365451642353833497e-27
0
0
DERIV 11
-2.0246158549913558218e-11
1.0234603912448158465e-28
0
0
DERIV 12
2.5413875053039888268e-12
1.9592256033786234534e-29
0
0
DERIV 13
-3.167842649863365227e-13
1.2140123473501384283e-29
0
0
DERIV 14
3.933149941977085123e-14
-2.2852576063383368302e-30
0
0
DERIV 15
-4.874457199368513335e-15
-4.643294059647810060e-32
0
0
DERIV 16
6.038931677205852889e-16
-4.414591306199694153e-32
0
0
DERIV 17
-7.486468602969918279e-17
-5.601219114400659580e-33
0
0
DERIV 18
9.293232192311618148e-18
-3.715088321427400706e-34
0
0
DERIV 19
-1.1556250593213624363e-18
6.346446497249644902e-35
0
0
DERIV 20
1.4399360168979493728e-19
-9.261788425190315379e-36
0
0
DERIV 21
-1.7980888978122299352e-20
1.1524288473955907376e-37
0
0
DERIV 22
2.2503590510656694837e-21
-1.2665525549280027883e-37
0
0
DERIV 23
-2.822749535589866270e-22
1.6502204890436711253e-38
0
0
DERIV 24
3.548655189672945739e-23
-1.2988806691904024727e-39
0
0
DERIV 25
-4.471019218698191903e-24
-3.1774141437080226312e-40
0
0
DERIV 26
5.645130522066226967e-25
-4.860061404976693076e-43
0
0
DERIV 27
-7.142255214371395720e-26
-4.650907581528457019e-42
0
0
DERIV 28
9.054354974472545414e-27
1.0625567835440976378e-43
0
0
DERIV 29
-1.1500222330042881283e-27
4.753400222176345192e-45
0
0
DERIV 30
1.4633464470163881521e-28
7.529332591197497392e-45
0
0
DERIV 31
-1.8652900188012002616e-29
-1.1238374468851087391e-45
0
0
DERIV 32
2.3816108971730610823e-30
1.5600802166459474400e-46
0
0
DERIV 33
-3.045710008750818354e-31
2.1590291711498376513e-48
0
0
DERIV 34
3.900936985236256816e-32
6.438572891710627596e-49
0
0
DERIV 35
-5.003600971796032163e-33
1.7799503715635413071e-50
0
0
AT 15/2
0.0014515467790290586658
8.709584660604053523e-20
0
0
DERIV 1
-0.0009331388920675043070
4.165914623797958368e-20
0
0
DERIV 2
0.0003205823147238222271
-1.2948615473564154194e-20
0
0
DERIV 3
-7.876129305568360217e-5
3.631414718325105654e-21
0
0
DERIV 4
1.5618962782240066681e-5
-1.6084755276038116976e-21
0
0
DERIV 5
-2.674327310240637113e-6
-1.5635032546537141306e-22
0
0
DERIV 6
4.127430788117979885e-7
-1.2289097371184200740e-23
0
0
DERIV 7
-5.914246818174591868e-8
-2.9549799701190497093e-24
0
0
DERIV 8
8.036728810429065709e-9
4.773569012738397567e-25
0
0
DERIV 9
-1.0518211246856586907e-9
-1.2365191745913469771e-26
0
0
DERIV 10
1.3409887114489467716e-10
-7.581010520415580616e-29
0
0
DERIV 11
-1.6793743198413848984e-11
1.0638003454964835709e-27
0
0
DERIV 12
2.0784605825885403385e-12
7.751567373480519329e-29
0
0
DERIV 13
-2.553319742197630107e-13
-7.054596747219493643e-30
0
0
DERIV 14
3.123131514873162655e-14
1.3513601262136523154e-30
0
0
DERIV 15
-3.811976205473802444e-15
-3.619940231676893246e-31
0
0
DERIV 16
4.649949997036708850e-16
-6.574331285443979864e-34
0
0
DERIV 17
-5.674655651080648859e-17
3.646525488188352316e-33
0
0
DERIV 18
6.933141785021171496e-18
2.931225347928179983e-34
0
0
DERIV 19
-8.484392515786601713e-19
-1.4818281700941291008e-35
0
0
DERIV 20
1.0402505157387612638e-19
-4.046965967972708344e-36
0
0
DERIV 21
-1.2780737776665462159e-20
-6.108081893532583450e-37
0
0
DERIV 22
1.5736663178520520315e-21
2.680745203317393143e-38
0
0
DERIV 23
-1.9418734825206551513e-22
-1.0760217905341636232e-39
0
0
DERIV 24
2.4014657842504656577e-23
1.4381249989385817961e-39
0
0
DERIV 25
-2.9762070396535577808e-24
-1.1559787822367373183e-40
0
0
DERIV 26
3.696218467309005719e-25
-1.8544941858925392694e-41
0
0
DERIV 27
-4.599722184282729733e-26
-2.2549239931999882216e-42
0
0
DERIV 28
5.735271382136690708e-27
2.9607005639648031042e-43
0
0
DERIV 29
-7.164605190393233365e-28
-1.0123175741251296136e-44
0
0
DERIV 30
8.966305859093437709e-29
-2.6653787976171185295e-45
0
0
DERIV 31
-1.1240487015269053330e-29
5.614051556074793659e-46
0
0
DERIV 32
1.4114807740326398094e-30
6.032622854385720118e-47
0
0
DERIV 33
-1.7752192440629524739e-31
-3.597571712355082970e-48
0
0
DERIV 34
2.2360746596732275640e-32
1.5880068841607603529e-49
0
0
DERIV 35
-2.8206500807696273946e-33
-5.114570149206668288e-50
0
0
AT 61/8
0.0013397634186937837451
8.076674233828676918e-20
0
0
DERIV 1
-0.0008565664163851585688
-3.859529062738820195e-20
0
0
DERIV 2
0.0002924603490819258295
-4.776190446326544083e-21
0
0
DERIV 3
-7.135404449292720029e-5
2.4544956450146721505e-21
0
0
DERIV 4
1.4040335337078927195e-5
-4.797193335851788395e-22
0
0
DERIV 5
-2.383328459669274311e-6
-3.024110287756697678e-23
0
0
DERIV 6
3.643435691359523034e-7
-1.6028198553666179257e-23
0
0
DERIV 7
-5.166726372805663797e-8
-3.1199493022579942726e-24
0
0
DERIV 8
6.942547766904302170e-9
3.022305240040310894e-26
0
0
DERIV 9
-8.977793033823552351e-10
3.407435989380976542e-26
0
0
DERIV 10
1.1301555668567392816e-10
2.2511956049898999216e-27
0
0
DERIV 11
-1.3966245596847754104e-11
-5.618758165226625396e-28
0
0
DERIV 12
1.7047619238248625090e-12
-6.147646940807486341e-29
0
0
DERIV 13
-2.0645385202071521673e-13
9.071909049392312604e-30
0
0
DERIV 14
2.4885252037259015869e-14
-7.923898211367891118e-31
0
0
DERIV 15
-2.9922791169305015341e-15
-9.636786939099502001e-32
0
0
DERIV 16
3.594929081895825819e-16
-2.1071617325031296106e-32
0
0
DERIV 17
-4.319977414198056070e-17
-1.8309038337904053035e-34
0
0
DERIV 18
5.196345636444883481e-18
3.789643862450758094e-34
0
0
DERIV 19
-6.259706827987943566e-19
1.7171586537042574399e-35
0
0
DERIV 20
7.554165605585925317e-20
-5.246520408556478478e-36
0
0
DERIV 21
-9.134367853998825598e-21
4.689075057696328533e-38
0
0
DERIV 22
1.1068147234289649122e-21
5.956072492236502815e-39
0
0
DERIV 23
-1.3439845672469982700e-22
-1.0786958577307920095e-38
0
0
DERIV 24
1.6354482342678636367e-23
-1.3492028346631663266e-39
0
0
DERIV 25
-1.9942992375339117617e-24
-1.4159048050053764707e-40
0
0
DERIV 26
2.436881541314647573e-25
-1.5073832853494000412e-41
0
0
DERIV 27
-2.983618864562446627e-26
-2.1300079125538042460e-42
0
0
DERIV 28
3.660059339558475673e-27
-2.5016417007572995432e-43
0
0
DERIV 29
-4.498192417162748438e-28
-3.620715759569687696e-44
0
0
DERIV 30
5.538110127837882559e-29
-1.8926040292399303361e-45
0
0
DERIV 31
-6.830104142101374295e-30
3.4412415833740857461e-46
0
0
DERIV 32
8.437314650452180835e-31
-1.9926891809403023093e-47
0
0
DERIV 33
-1.0439078335828126969e-31
3.008725768001553522e-48
0
0
DERIV 34
1.2935162471608234669e-32
4.483590180433633551e-49
0
0
DERIV 35
-1.6051122781044453686e-33
6.283336158911750904e-50
0
0
AT 31/4
0.0012371263026803565408
8.700967544658544800e-21
0
0
DERIV 1
-0.0007866892038073152382
5.016728403350357548e-20
0
0
DERIV 2
0.0002669736163314269145
6.313665320464119381e-21
0
0
DERIV 3
-6.469246963491541219e-5
-5.891930205150189799e-21
0
0
DERIV 4
1.2632731415234492084e-5
-7.239972637889145990e-22
0
0
DERIV 5
-2.126291534647947458e-6
7.989998576041526020e-23
0
0
DERIV 6
3.220303892921146782e-7
-2.6193731960043162320e-23
0
0
DERIV 7
-4.520431411630486959e-8
-3.2363169282630146218e-24
0
0
DERIV 8
6.007707460293672264e-9
5.106518712286317769e-26
0
0
DERIV 9
-7.678141584790959721e-10
3.998848736232756554e-27
0
0
DERIV 10
9.546049883809481066e-11
-3.625901628290027543e-27
0
0
DERIV 11
-1.1643977709930809048e-11
-7.702203216063441645e-28
0
0
DERIV 12
1.4021509088838791393e-12
-8.394305194786347220e-29
0
0
DERIV 13
-1.6744447833488097661e-13
7.929819216013529745e-30
0
0
DERIV 14
1.9895073783691290974e-14
1.1702634824516633768e-31
0
0
DERIV 15
-2.3573695564211912628e-15
6.199883040296375809e-32
0
0
DERIV 16
2.790151863497720456e-16
-2.0220547575923359678e-35
0
0
DERIV 17
-3.302482031709557036e-17
-3.668482558798760032e-34
0
0
DERIV 18
3.912048206115388585e-18
4.579205959126545682e-35
0
0
DERIV 19
-4.640302083050211503e-19
-5.535837701505296338e-36
0
0
DERIV 20
5.513336357215433144e-20
5.038738706274888274e-36
0
0
DERIV 21
-6.562971645293638570e-21
-1.4991153199030077354e-37
0
0
DERIV 22
7.828099739851502307e-22
-6.505091359711613822e-39
0
0
DERIV 23
-9.356343351060073241e-23
8.127980626685105807e-40
0
0
DERIV 24
1.1206108261407142315e-23
1.6421420070748480986e-40
0
0
DERIV 25
-1.3449122995305785868e-24
-1.4079282946656813444e-41
0
0
DERIV 26
1.6173584764484312066e-25
2.4076256412409878646e-43
0
0
DERIV 27
-1.9488059852965830764e-26
4.205706576952443510e-43
0
0
DERIV 28
2.3526323278807981493e-27
-8.301467151675570595e-44
0
0
DERIV 29
-2.845336839403719213e-28
-1.6750290151244256520e-44
0
0
DERIV 30
3.447287439893123589e-29
1.1214241005577076643e-46
0
0
DERIV 31
-4.183649147754597697e-30
-2.6954207358133869291e-46
0
0
DERIV 32
5.085539307589057762e-31
-4.699441991312584276e-48
0
0
DERIV 33
-6.191465734673372193e-32
-2.2412639864902312546e-48
0
0
DERIV 34
7.549118076003160028e-33
-3.3688775251304150194e-49
0
0
DERIV 35
-9.217600359582076980e-34
7.900947412684405712e-50
0
0
AT 63/8
0.0011428382829607858489
1.0389216084924890999e-19
0
0
DERIV 1
-0.0007228821038141819639
2.0996642234295339403e-20
0
0
DERIV 2
0.00024385788062619684867
-6.633869810953770415e-21
0
0
DERIV 3
-5.869613390844371576e-5
-4.238686760254898921e-22
0
0
DERIV 4
1.1376284732961315397e-5
-6.882565320331102403e-22
0
0
DERIV 5
-1.8989672204000022474e-6
1.0225449578954053048e-22
0
0
DERIV 6
2.849837517977646433e-7
1.6945738939242741186e-23
0
0
DERIV 7
-3.960703385371871644e-8
-6.926654222941303776e-25
0
0
DERIV 8
5.207447835199214680e-9
-3.908369496599908427e-25
0
0
DERIV 9
-6.579206487764225876e-10
-1.8028551261874578075e-26
0
0
DERIV 10
8.080711841316699050e-11
3.347752616776848077e-27
0
0
DERIV 11
-9.731430057407560606e-12
9.970362922575767582e-29
0
0
DERIV 12
1.1563650178644696323e-12
-5.760884943385946180e-30
0
0
DERIV 13
-1.3620869817334841189e-13
-8.983091094848495351e-30
0
0
DERIV 14
1.5957063962749193541e-14
-8.626386849158272779e-31
0
0
DERIV 15
-1.8636964182379688708e-15
1.9215418459407327751e-31
0
0
DERIV 16
2.1737282184302059433e-16
-6.387155680380240003e-33
0
0
DERIV 17
-2.5348779538137953736e-17
-1.5072929415680737394e-33
0
0
DERIV 18
2.9579126824995414341e-18
-2.481256503627715070e-35
0
0
DERIV 19
-3.455656006694002220e-19
2.0228352371273961718e-35
0
0
DERIV 20
4.043440818336774739e-20
-2.9799916684181582364e-36
0
0
DERIV 21
-4.739662687654282006e-21
3.110127592856168162e-37
0
0
DERIV 22
5.566453346751153035e-22
2.1787927555598304895e-38
0
0
DERIV 23
-6.550499796407977199e-23
-8.877696220393109108e-40
0
0
DERIV 24
7.724041268915287553e-24
-1.5434470110089581352e-40
0
0
DERIV 25
-9.126084068966985965e-25
4.718086853201479707e-42
0
0
DERIV 26
1.0803883642849507532e-25
-5.982555247965760263e-42
0
0
DERIV 27
-1.2814754575143131263e-26
-4.802991324977750364e-43
0
0
DERIV 28
1.5228283124943041223e-27
5.406190947666482851e-44
0
0
DERIV 29
-1.8129034029528111153e-28
-9.133941398728869102e-46
0
0
DERIV 30
2.1619864394421236243e-29
-1.1394518800624217119e-45
0
0
DERIV 31
-2.5825983499419641563e-30
-1.4270925096389001512e-46
0
0
DERIV 32
3.089992944357883711e-31
1.5005899050828268570e-47
0
0
DERIV 33
-3.702767316513136885e-32
-2.1548041008579348487e-48
0
0
DERIV 34
4.443610928246057227e-33
4.577728797224633674e-50
0
0
DERIV 35
-5.340225361032820105e-34
-8.134236157725989775e-51
0
0
AT 8
0.0010561763790121882038
-2.6009239603148983477e-20
0
0
DERIV 1
-0.0006645824046413556204
1.0503225410195170964e-20
0
0
DERIV 2
0.00022287728670459988124
-1.0599686227499095091e-20
0
0
DERIV 3
-5.329390273819950016e-5
-1.8627598794068648120e-21
0
0
DERIV 4
1.0253602302818256331e-5
1.4818605231577940972e-22
0
0
DERIV 5
-1.6976755339805354390e-6
7.540305272027779567e-23
0
0
DERIV 6
2.525019252029602241e-7
1.8772985703431994450e-23
0
0
DERIV 7
-3.475148415838127779e-8
-1.6004782657852427625e-24
0
0
DERIV 8
4.521103078821857924e-9
-3.590384836833077434e-25
0
0
DERIV 9
-5.648006590535933967e-10
-1.8718724730769181155e-26
0
0
DERIV 10
6.854655346035283517e-11
6.161395469248655059e-27
0
0
DERIV 11
-8.152135664208272113e-12
-1.8698469638362712587e-28
0
0
DERIV 12
9.561506201454816368e-13
2.608260967437318790e-29
0
0
DERIV 13
-1.1111770158595170741e-13
-1.3026659023772240821e-30
0
0
DERIV 14
1.2838633739544308428e-14
-7.752552523263211690e-31
0
0
DERIV 15
-1.4784115690500363526e-15
-5.912607047095845212e-32
0
0
DERIV 16
1.6996895149475486418e-16
-1.0457713766324945962e-32
0
0
DERIV 17
-1.9533256521452392416e-17
-7.498933750862167719e-36
0
0
DERIV 18
2.2458526225352552768e-18
1.5238808917051243720e-34
0
0
DERIV 19
-2.584894918605501616e-19
1.4296016644748069417e-35
0
0
DERIV 20
2.979400264869245882e-20
2.6506988792633067797e-36
0
0
DERIV 21
-3.439918614796837226e-21
9.140050804292558687e-38
0
0
DERIV 22
3.978936058984650000e-22
-7.801405797732710948e-39
0
0
DERIV 23
-4.611273962126261467e-23
8.324392937528148306e-40
0
0
DERIV 24
5.354566603811440700e-24
4.720322087734609171e-41
0
0
DERIV 25
-6.229833769364763081e-25
2.447298396634939610e-41
0
0
DERIV 26
7.262168355070339646e-26
-1.3301021760526514829e-42
0
0
DERIV 27
-8.481563325545249890e-27
2.2964065595118495013e-43
0
0
DERIV 28
9.923907494640622145e-28
-3.641975932546811027e-44
0
0
DERIV 29
-1.1632185815294794035e-28
6.753052208169252322e-45
0
0
DERIV 30
1.3657927409772755261e-29
8.839821825166118296e-46
0
0
DERIV 31
-1.6062953747103021473e-30
1.3631173554437791990e-46
0
0
DERIV 32
1.8921490537098169234e-31
2.780352679257531780e-48
0
0
DERIV 33
-2.2322720494211167720e-32
-1.1786509016101613925e-48
0
0
DERIV 34
2.6373870658206761376e-33
-8.670127827964771282e-50
0
0
DERIV 35
-3.120394808690422375e-34
-1.7587920930128783003e-50
0
0
AT 33/4
0.0009031663458801452229
-2.720807904048251624e-20
0
0
DERIV 1
-0.0005625272533875522087
3.450332561700291307e-20
0
0
DERIV 2
0.00018650081078045726451
-3.565200718926874818e-21
0
0
DERIV 3
-4.402695582467080381e-5
-2.5212260379217634998e-21
0
0
DERIV 4
8.350393821571485561e-6
-5.892877269007085082e-22
0
0
DERIV 5
-1.3608399982575513734e-6
-1.0316076605820484573e-22
0
0
DERIV 6
1.9891021364640983612e-7
-7.051048297373635915e-24
0
0
DERIV 7
-2.6861367786496070927e-8
-8.214801336375942391e-25
0
0
DERIV 8
3.423789566634961615e-9
-2.0300815188293261198e-25
0
0
DERIV 9
-4.184574164054171702e-10
1.4921027826528031404e-26
0
0
DERIV 10
4.962192044150040994e-11
-1.7055601414655986744e-27
0
0
DERIV 11
-5.759575719728833892e-12
-3.284243262129709058e-28
0
0
DERIV 12
6.586270086788385380e-13
2.5185795070685036433e-29
0
0
DERIV 13
-7.456171911313657523e-14
6.025946255758083719e-30
0
0
DERIV 14
8.385985659853997239e-15
2.079125047814829820e-31
0
0
DERIV 15
-9.394381657707729872e-16
-2.1341450471038616948e-32
0
0
DERIV 16
1.0501701463175850781e-16
-1.9099794209983069187e-33
0
0
DERIV 17
-1.1730042305229905114e-17
-2.967582163693275444e-34
0
0
DERIV 18
1.3103589929664808867e-18
-3.986400872444581745e-35
0
0
DERIV 19
-1.4649115532362115722e-19
4.992998412336026965e-36
0
0
DERIV 20
1.6396591117892463114e-20
-1.2331886313500443596e-36
0
0
DERIV 21
-1.8379905195886158468e-21
-1.8520318456518671105e-37
0
0
DERIV 22
2.0637678965225785589e-22
8.125819297847748128e-39
0
0
DERIV 23
-2.3214194975639977620e-23
1.1136528653176001359e-39
0
0
DERIV 24
2.6160458289216418695e-24
-5.084740082256069667e-41
0
0
DERIV 25
-2.953541626991100568e-25
-2.5453024444588573339e-42
0
0
DERIV 26
3.340736855336802423e-26
6.909822567159294979e-43
0
0
DERIV 27
-3.785560429250271282e-27
-2.4458321389959862201e-43
0
0
DERIV 28
4.297230996168903440e-28
2.501622548492967341e-44
0
0
DERIV 29
-4.886479820916721781e-29
-4.124476625574482579e-46
0
0
DERIV 30
5.565811678071982652e-30
3.1408430771710050671e-46
0
0
DERIV 31
-6.349810668958322733e-31
4.237706521244817592e-47
0
0
DERIV 32
7.255499088796046404e-32
2.2372252429415139166e-48
0
0
DERIV 33
-8.302758905561125176e-33
-9.703345692020297067e-50
0
0
DERIV 34
9.514827117110720308e-34
-4.861921615577063676e-50
0
0
DERIV 35
-1.0918878275679660641e-34
1.2622543929617490388e-51
0
0
AT 17/2
0.0007735342487760986634
-1.7419937930815279145e-20
0
0
DERIV 1
-0.0004770354603068016294
7.882221622543952766e-21
0
0
DERIV 2
0.00015641048689100627424
5.870831009182789070e-22
0
0
DERIV 3
-3.646842100655313694e-5
2.7859985668302833202e-21
0
0
DERIV 4
6.822019473981572999e-6
-1.9133348372548871806e-22
0
0
DERIV 5
-1.0949287742065670608e-6
5.936822486795244104e-23
0
0
DERIV 6
1.5738347446042315437e-7
1.0745340859477974828e-23
0
0
DERIV 7
-2.0869221354076538010e-8
-1.9431572517729295565e-26
0
0
DERIV 8
2.608158728865693994e-9
-1.6150404437454788127e-25
0
0
DERIV 9
-3.121300585051816957e-10
1.6761017946058372072e-26
0
0
DERIV 10
3.619695366129701167e-11
1.9176660734690952906e-27
0
0
DERIV 11
-4.104081987330001816e-12
-4.023166568477293658e-28
0
0
DERIV 12
4.579991357462893287e-13
-4.191238957047054622e-29
0
0
DERIV 13
-5.055592022666982573e-14
4.384697693624972832e-31
0
0
DERIV 14
5.540230911386873019e-15
3.581186615360898442e-31
0
0
DERIV 15
-6.043604657545322801e-16
2.480956777299602137e-32
0
0
DERIV 16
6.575390790517032055e-17
4.417337909040377623e-33
0
0
DERIV 17
-7.145171000039991384e-18
-4.454350746663812043e-34
0
0
DERIV 18
7.762520454556687366e-19
-2.858256713058580494e-35
0
0
DERIV 19
-8.437181966997974604e-20
-4.040989252360337063e-36
0
0
DERIV 20
9.179278704652137907e-21
4.680365917639048228e-37
0
0
DERIV 21
-9.999542435279342669e-22
7.132449663113521690e-38
0
0
DERIV 22
1.0909548363858679920e-22
-5.932915638774175128e-39
0
0
DERIV 23
-1.1921955466291043866e-23
3.1044818445033007306e-40
0
0
DERIV 24
1.3050755322193265876e-24
-2.348807641323321083e-41
0
0
DERIV 25
-1.4311534462347607108e-25
-4.319033400793338722e-42
0
0
DERIV 26
1.5721756210487462309e-26
5.330909320980696980e-43
0
0
DERIV 27
-1.7301068509124178940e-27
1.0068264208262255989e-43
0
0
DERIV 28
1.9071644600122339554e-28
1.0056432824497646713e-44
0
0
DERIV 29
-2.1058563852656486739e-29
-8.102149636552574228e-46
0
0
DERIV 30
2.3290240580306322562e-30
1.0399764801327576213e-46
0
0
DERIV 31
-2.579890940963393145e-31
2.1376632141027467598e-47
0
0
DERIV 32
2.862117668008056368e-32
-5.336280368468344207e-49
0
0
DERIV 33
-3.179864848851053625e-33
1.2499384160501000688e-49
0
0
DERIV 34
3.537864736046695913e-34
-1.9926068190523308990e-50
0
0
DERIV 35
-3.941503115698754084e-35
-1.4418368289516558040e-51
0
0
AT 35/4
0.0006635068364876317787
4.455112569494339779e-21
0
0
DERIV 1
-0.0004052621671749126226
-7.095957196754126867e-21
0
0
DERIV 2
0.00013145515669114158264
4.360461479216857430e-21
0
0
DERIV 3
-3.0284266406810413379e-5
-7.230464539338209894e-22
0
0
DERIV 4
5.590169196340715539e-6
-1.6537985034561102921e-22
0
0
DERIV 5
-8.841074370486645977e-7
-2.6043423889315875452e-23
0
0
DERIV 6
1.2504488359763237251e-7
6.638703016412863559e-24
0
0
DERIV 7
-1.6292283500585733820e-8
-9.390428827557491340e-25
0
0
DERIV 8
1.997915073552698776e-9
1.9829539931785925570e-27
0
0
DERIV 9
-2.343021487591661331e-10
-7.336983004736388856e-27
0
0
DERIV 10
2.6594064235944628525e-11
1.0612379911811120350e-27
0
0
DERIV 11
-2.9479967882505683833e-12
1.2698130239673304223e-28
0
0
DERIV 12
3.213333995319443627e-13
-2.2904460138080517593e-30
0
0
DERIV 13
-3.461633197417731926e-14
-1.4476738923836133701e-30
0
0
DERIV 14
3.699516851499794567e-15
3.507749887733430685e-31
0
0
DERIV 15
-3.933322310711628822e-16
-6.221190260330218151e-33
0
0
DERIV 16
4.168807562236644394e-17
2.7766025174387106241e-33
0
0
DERIV 17
-4.411095404580358126e-18
-3.616198140178739914e-34
0
0
DERIV 18
4.664741284518218022e-19
-2.1755158818679185903e-36
0
0
DERIV 19
-4.933853393191035942e-20
-2.7077704888725486527e-36
0
0
DERIV 20
5.222225659047634028e-21
1.6147837687019840632e-37
0
0
DERIV 21
-5.533464735442543999e-22
1.4656527182546447352e-38
0
0
DERIV 22
5.871103828862779980e-23
-6.683304058764374269e-40
0
0
DERIV 23
-6.238702318242178829e-24
7.017669230575616774e-41
0
0
DERIV 24
6.639932914903110043e-25
-4.333517177090472036e-41
0
0
DERIV 25
-7.078659134855687904e-26
-3.436685042033787589e-42
0
0
DERIV 26
7.559006007734090810e-27
5.105035450634447299e-43
0
0
DERIV 27
-8.085426729094642942e-28
3.123991575246596477e-44
0
0
DERIV 28
8.662767631048697883e-29
1.3713540605273119215e-47
0
0
DERIV 29
-9.296333520291544107e-30
-1.6215261144812252589e-46
0
0
DERIV 30
9.991955161302720483e-31
-3.785556224808282477e-47
0
0
DERIV 31
-1.0756060479723602663e-31
2.2010697950030019775e-49
0
0
DERIV 32
1.1595750925051720746e-32
5.490084711475588073e-49
0
0
DERIV 33
-1.2518884355517772598e-33
3.487452857557947736e-51
0
0
DERIV 34
1.3534165782964135450e-34
3.719130674288467758e-51
0
0
DERIV 35
-1.4651247334280344362e-35
1.3246023228113883041e-51
0
0
AT 9
0.0005699550531004984183
-2.6754203444039516373e-20
0
0
DERIV 1
-0.0003448800651432680497
9.754048588664636451e-21
0
0
DERIV 2
0.00011070713443763605436
5.832126479651739770e-21
0
0
DERIV 3
-2.5209710649560535271e-5
2.1973564084613698892e-23
0
0
DERIV 4
4.593873417042881673e-6
2.849230693984638695e-22
0
0
DERIV 5
-7.162846516459553088e-7
-7.655169565384946815e-24
0
0
DERIV 6
9.974277169518286097e-8
5.526205070192345624e-24
0
0
DERIV 7
-1.2777334702837667922e-8
-8.031168822928124968e-25
0
0
DERIV 8
1.5385111271187179233e-9
5.010626470380833703e-26
0
0
DERIV 9
-1.7693604612453774469e-10
6.910158738359681870e-27
0
0
DERIV 10
1.9671270366266832941e-11
-4.700774562359392787e-28
0
0
DERIV 11
-2.1336421157029820622e-12
-8.313262148814658894e-30
0
0
DERIV 12
2.2734666830996261427e-13
-8.791097191152632862e-30
0
0
DERIV 13
-2.3921905148834457938e-14
1.8640362472580448886e-32
0
0
DERIV 14
2.4953749832124578027e-15
-6.128993873135139322e-32
0
0
DERIV 15
-2.588014060602604909e-16
1.4283494348529359559e-33
0
0
DERIV 16
2.6743384395331837775e-17
-6.390077009181429757e-34
0
0
DERIV 17
-2.7578141010244970906e-18
1.0878448898115473947e-34
0
0
DERIV 18
2.841233156267958227e-19
1.6149845560601755702e-35
0
0
DERIV 19
-2.926836098079837304e-20
7.553980636341047238e-37
0
0
DERIV 20
3.0164336972034401153e-21
3.881159201923679654e-39
0
0
DERIV 21
-3.111514609448959916e-22
1.0865941230144911582e-38
0
0
DERIV 22
3.213334528497743068e-23
-1.8298542215491515343e-39
0
0
DERIV 23
-3.322987466269923546e-24
-2.7772934428513418717e-40
0
0
DERIV 24
3.441461663410059232e-25
5.314392935291596398e-42
0
0
DERIV 25
-3.569683106630729387e-26
-1.8306831153039143876e-42
0
0
DERIV 26
3.708549446491203026e-27
5.790995484598520392e-45
0
0
DERIV 27
-3.858956684910671579e-28
-2.2390856067690070830e-44
0
0
DERIV 28
4.021820537371440396e-29
-8.558806257271977568e-46
0
0
DERIV 29
-4.198093955792945217e-30
-1.2086613751541990190e-46
0
0
DERIV 30
4.388781952011062362e-31
3.795346039248025200e-47
0
0
DERIV 31
-4.594954589738120504e-32
-8.477575845103877410e-49
0
0
DERIV 32
4.817758805438028772e-33
-3.4135422518429203618e-49
0
0
DERIV 33
-5.058429563621173622e-34
9.732892357144769239e-51
0
0
DERIV 34
5.318300738136089078e-35
-2.5286735729373217581e-51
0
0
DERIV 35
-5.598816028387924766e-36
-1.5638712287684654179e-52
0
0
AT 37/4
0.0004902775999036545389
3.842968918204190468e-20
0
0
DERIV 1
-0.0002939796281955860298
-3.1703756483507307041e-21
0
0
DERIV 2
9.341622691434556421e-5
1.4512918241719589355e-21
0
0
DERIV 3
-2.1034011777225230681e-5
3.026989905326578362e-22
0
0
DERIV 4
3.785438728458895437e-6
1.9534209404736930758e-22
0
0
DERIV 5
-5.821770235192997963e-7
2.3115516078216413191e-23
0
0
DERIV 6
7.985782471711210521e-8
5.252614187395042125e-24
0
0
DERIV 7
-1.0064119003595679548e-8
-1.6045870488979247365e-25
0
0
DERIV 8
1.1906409382061490183e-9
-1.0166929479780904384e-25
0
0
DERIV 9
-1.3437299382476073389e-10
-1.1758149322462355765e-26
0
0
DERIV 10
1.4643706073611643750e-11
2.306293812203074485e-28
0
0
DERIV 11
-1.5553026258299458388e-12
-4.791306124629520647e-29
0
0
DERIV 12
1.6212767207718770648e-13
5.779370274138020080e-30
0
0
DERIV 13
-1.6675914572122461819e-14
-6.124016503642747728e-31
0
0
DERIV 14
1.6992336071019275192e-15
8.423688195553669020e-32
0
0
DERIV 15
-1.7204799756687599957e-16
1.7839106931701029944e-33
0
0
DERIV 16
1.7347906756462689940e-17
-1.4468051962297199524e-33
0
0
DERIV 17
-1.7448577513902896086e-18
-1.0471003661471139585e-34
0
0
DERIV 18
1.7527196893623680376e-19
1.0145044862867764393e-35
0
0
DERIV 19
-1.7598910289594163993e-20
1.1069826367999527910e-36
0
0
DERIV 20
1.7674823335786668872e-21
-1.2333815456711593050e-37
0
0
DERIV 21
-1.7763010751622906524e-22
1.0672752587633938854e-38
0
0
DERIV 22
1.7869319336790833019e-23
-1.3334533552935311293e-39
0
0
DERIV 23
-1.7997985651990985769e-24
1.6413823875961681613e-40
0
0
DERIV 24
1.8152100775227736301e-25
8.003897647185279329e-42
0
0
DERIV 25
-1.8333954979212651655e-26
-1.4255375350168531333e-42
0
0
DERIV 26
1.8545290979283466339e-27
-1.2535525449079377705e-43
0
0
DERIV 27
-1.8787488939302492523e-28
-1.0512847626174686979e-44
0
0
DERIV 28
1.9061701213080752124e-29
1.3397575861413712124e-45
0
0
DERIV 29
-1.9368950396567061383e-30
9.871406366883271190e-48
0
0
DERIV 30
1.9710200772387574306e-31
-3.442743715562846610e-48
0
0
DERIV 31
-2.0086410555470227045e-32
-8.052547085833278991e-49
0
0
DERIV 32
2.0498570349350941748e-33
1.6286979095168751730e-49
0
0
DERIV 33
-2.094773174875557165e-34
-3.761058070407134125e-51
0
0
DERIV 34
2.1435028947013126571e-35
-4.092622509407777538e-52
0
0
DERIV 35
-2.1961695424248707739e-36
1.3352494468056446507e-52
0
0
AT 19/2
0.0004223067878406119272
1.9794972904151387185e-20
0
0
DERIV 1
-0.0002509897213901282620
-9.884744001409919924e-22
0
0
DERIV 2
7.897377307465785546e-5
-1.1140632167606888597e-21
0
0
DERIV 3
-1.7588791611062099598e-5
1.3060794677681797881e-21
0
0
DERIV 4
3.127390096986849690e-6
-1.0465087798240253575e-22
0
0
DERIV 5
-4.746203327032320952e-7
8.593752346226610796e-25
0
0
DERIV 6
6.416421915647610710e-8
1.7813261533297132547e-24
0
0
DERIV 7
-7.959605547591536889e-9
2.960463324345472544e-25
0
0
DERIV 8
9.257710724935875613e-10
-2.676109429224139490e-26
0
0
DERIV 9
-1.0259621945080169322e-10
-5.042455117611508106e-27
0
0
DERIV 10
1.0967051681117668233e-11
9.808844369009065173e-29
0
0
DERIV 11
-1.1413986184681006173e-12
-1.1839832058379964484e-29
0
0
DERIV 12
1.1648571923576668052e-13
-6.781071632814759862e-30
0
0
DERIV 13
-1.1720731670504756142e-14
-7.548544712700497240e-31
0
0
DERIV 14
1.1675345538905488133e-15
-2.941617576220516105e-32
0
0
DERIV 15
-1.1549482139874963262e-16
-1.8616978297067348788e-33
0
0
DERIV 16
1.1372062601921473329e-17
3.292081056417385933e-34
0
0
DERIV 17
-1.1164730256630135032e-18
1.6694516615219766653e-35
0
0
DERIV 18
1.0943154993298362442e-19
-8.107153675438181929e-36
0
0
DERIV 19
-1.0718357647696552577e-20
-5.592568984344641125e-37
0
0
DERIV 20
1.0497869456839951773e-21
2.2447523060257297639e-38
0
0
DERIV 21
-1.0286670423037083110e-22
1.7239149430189951862e-39
0
0
DERIV 22
1.0087913315453497851e-23
3.6093155387354097218e-40
0
0
DERIV 23
-9.903465073543327447e-25
-2.448439937567400694e-41
0
0
DERIV 24
9.734303037522686965e-26
4.750959896088536981e-42
0
0
DERIV 25
-9.580800459761918202e-27
6.291941350833971677e-43
0
0
DERIV 26
9.442929799951435817e-28
-1.4915509350664619104e-45
0
0
DERIV 27
-9.320406049285672030e-29
-1.4045191514444645869e-45
0
0
DERIV 28
9.212786844435579648e-30
3.2646785547517245329e-46
0
0
DERIV 29
-9.119541719653989051e-31
3.634400880431688089e-47
0
0
DERIV 30
9.040099461926809397e-32
-7.818054568538190402e-49
0
0
DERIV 31
-8.973880014569815303e-33
2.9973345509841076860e-49
0
0
DERIV 32
8.920315533051381426e-34
-6.844246156845753591e-50
0
0
DERIV 33
-8.878863866748386961e-35
4.298798896573716795e-51
0
0
DERIV 34
8.849016787107005942e-36
-1.0542849453579359609e-52
0
0
DERIV 35
-8.830304602844927006e-37
-1.3117651950858691756e-53
0
0
AT 39/4
0.0003642321615054926057
1.0358429605156009511e-20
0
0
DERIV 1
-0.00021461417852945089552
1.2703336101233269508e-20
0
0
DERIV 2
6.688439372424468668e-5
4.858663070953754803e-21
0
0
DERIV 3
-1.4739027529221788860e-5
5.656971913137264652e-22
0
0
DERIV 4
2.590156783801552179e-6
6.512310490602376919e-23
0
0
DERIV 5
-3.880588575475987321e-7
-9.578002898650127898e-24
0
0
DERIV 6
5.172885783098416463e-8
2.8212908752987830152e-24
0
0
DERIV 7
-6.319727590842847279e-9
9.592155515138199065e-26
0
0
DERIV 8
7.230430610462743911e-10
2.0814791852898332988e-26
0
0
DERIV 9
-7.873231493530890014e-11
6.296972141505215043e-27
0
0
DERIV 10
8.260579570430714158e-12
5.459432481917005345e-28
0
0
DERIV 11
-8.430101604912124332e-13
2.871783470792270640e-29
0
0
DERIV 12
8.428716444529537627e-14
-4.662880160379159805e-30
0
0
DERIV 13
-8.302320358342616170e-15
1.2921365017105185089e-31
0
0
DERIV 14
8.090525045458721481e-16
2.4184185539510425078e-32
0
0
DERIV 15
-7.824899237892831377e-17
3.333401910669320434e-33
0
0
DERIV 16
7.529202634637803756e-18
4.183701420046726052e-34
0
0
DERIV 17
-7.220521491651040460e-19
-1.0600022348096282412e-35
0
0
DERIV 18
6.910652207818815455e-20
-5.658805620971002858e-36
0
0
DERIV 19
-6.607402699408331181e-21
1.1742524400390709491e-37
0
0
DERIV 20
6.315680809099998970e-22
1.5227056384605460927e-38
0
0
DERIV 21
-6.038345335552439191e-23
-4.518081684137582161e-39
0
0
DERIV 22
5.776843307639267445e-24
-1.3333614000209788340e-40
0
0
DERIV 23
-5.531673151248381330e-25
-3.634139583708417326e-41
0
0
DERIV 24
5.302713978143260917e-26
5.388623141421123245e-42
0
0
DERIV 25
-5.089455617096596409e-27
2.8082465770913768006e-43
0
0
DERIV 26
4.891156838687748994e-28
-1.0575809649640654189e-44
0
0
DERIV 27
-4.706952526805731457e-29
3.911743706428219904e-46
0
0
DERIV 28
4.535925020228834893e-30
-6.323903134439715868e-48
0
0
DERIV 29
-4.377150570532633801e-31
-2.796996091682441300e-48
0
0
DERIV 30
4.229728679928891545e-32
2.5030249049216834085e-48
0
0
DERIV 31
-4.092799771774971752e-33
2.4673449719855737154e-49
0
0
DERIV 32
3.965554995403509274e-34
2.301358566324903057e-50
0
0
DERIV 33
-3.847240799892050458e-35
2.2104207879097540155e-51
0
0
DERIV 34
3.737160092563278634e-36
-3.609232307362589190e-53
0
0
DERIV 35
-3.634671226455339453e-37
-1.1589639729820228099e-53
0
0
AT 10
0.0003145383452660899725
4.344307040223295701e-22
0
0
DERIV 1
-0.00018378095116362822589
9.463757388989509364e-21
0
0
DERIV 2
5.674370383391891048e-5
1.0972843327664574091e-22
0
0
DERIV 3
-1.2376068303333629208e-5
-2.440140905111125929e-22
0
0
DERIV 4
2.150311341530249755e-6
1.8744594379359982627e-22
0
0
DERIV 5
-3.181643599382113536e-7
-1.1612518071871474674e-23
0
0
DERIV 6
4.183773783477013963e-8
4.749972329313690381e-25
0
0
DERIV 7
-5.036325408702867211e-9
1.1527276053200668786e-25
0
0
DERIV 8
5.671079532349837312e-10
-2.930593098698268580e-26
0
0
DERIV 9
-6.071067328128052846e-11
-5.540866667198673041e-27
0
0
DERIV 10
6.255833142697683291e-12
2.891825386673375440e-28
0
0
DERIV 11
-6.264081567732415173e-13
-8.356538802803200372e-30
0
0
DERIV 12
6.139926659190354356e-14
-2.1817828162505936374e-30
0
0
DERIV 13
-5.924440639675950501e-15
7.956127313276086775e-32
0
0
DERIV 14
5.651725820064039136e-16
3.519475861096490559e-32
0
0
DERIV 15
-5.347973854252596400e-17
-3.041824990388726115e-34
0
0
DERIV 16
5.032122398642209126e-18
2.757360874586593511e-34
0
0
DERIV 17
-4.717153382138421840e-19
-1.5556681677484857979e-35
0
0
DERIV 18
4.411488212809830926e-20
-8.233538644801523391e-37
0
0
DERIV 19
-4.120224658198345624e-21
-8.162171298131250426e-38
0
0
DERIV 20
3.846130653844546812e-22
5.381096840236132237e-39
0
0
DERIV 21
-3.590396110691678694e-23
1.8052182636497765068e-39
0
0
DERIV 22
3.353178816174217072e-24
3.1548677303235521538e-40
0
0
DERIV 23
-3.133988989769543135e-25
-1.0435786201315586965e-41
0
0
DERIV 24
2.931953611351522692e-26
-4.343145390204101770e-43
0
0
DERIV 25
-2.7459941168807081931e-27
-1.4200591016866750228e-43
0
0
DERIV 26
2.574943146220263163e-28
2.1364099614655307740e-44
0
0
DERIV 27
-2.4176191936381530625e-29
1.0541077794749886361e-45
0
0
DERIV 28
2.2728726264580640926e-30
8.321712418775556202e-47
0
0
DERIV 29
-2.139612510513868837e-31
7.980426295837545259e-48
0
0
DERIV 30
2.0168207667393656999e-32
9.048312196121768292e-49
0
0
DERIV 31
-1.9035581190257993282e-33
-1.4256319702328204095e-49
0
0
DERIV 32
1.7989648529207855279e-34
5.627900373350456163e-51
0
0
DERIV 33
-1.7022584100185688777e-35
-2.0240010050815849006e-52
0
0
DERIV 34
1.6127291615182889129e-36
-1.4023646873720009155e-52
0
0
DERIV 35
-1.5297352407680243290e-37
-4.622458766069275576e-54
0
0
AT 41/4
0.0002719543117591845271
-5.338224369003789083e-22
0
0
DERIV 1
-0.00015760119493755643744
-7.990340010177731245e-21
0
0
DERIV 2
4.822065807167119384e-5
-1.6447790081264840492e-21
0
0
DERIV 3
-1.0412194140840835572e-5
-8.106163534019755259e-22
0
0
DERIV 4
1.7892224372569223803e-6
8.900986991274315746e-23
0
0
DERIV 5
-2.615501201375473192e-7
1.3050628585208585753e-23
0
0
DERIV 6
3.394178690462232532e-8
-2.3498851283211606405e-24
0
0
DERIV 7
-4.027741189411006993e-9
-3.864353940757585902e-25
0
0
DERIV 8
4.466001800251650717e-10
-1.0166157542505824991e-26
0
0
DERIV 9
-4.702881230722209528e-11
-1.1309437659035895625e-27
0
0
DERIV 10
4.762070225986712826e-12
2.214526727260199104e-28
0
0
DERIV 11
-4.681426206552912497e-13
2.607468725719085127e-29
0
0
DERIV 12
4.501215870918436828e-14
2.6631390756418554817e-30
0
0
DERIV 13
-4.257308255029230519e-15
1.6471942389079254514e-31
0
0
DERIV 14
3.978364287825114467e-16
1.8932405028948701703e-32
0
0
DERIV 15
-3.685536703002915621e-17
-2.119829109534745589e-34
0
0
DERIV 16
3.3934203129600516884e-18
1.3004219104895729869e-35
0
0
DERIV 17
-3.111426586375229183e-19
-1.4634137197722314745e-35
0
0
DERIV 18
2.845137064503742684e-20
-2.2176856922260687426e-36
0
0
DERIV 19
-2.5974455388826766077e-21
3.606003342474687191e-38
0
0
DERIV 20
2.369442312742376539e-22
1.3186029662732919816e-38
0
0
DERIV 21
-2.1610613009231257845e-23
-8.596747944501350220e-40
0
0
DERIV 22
1.9715345829934318297e-24
-2.455992973355782318e-41
0
0
DERIV 23
-1.7997013296195479802e-25
-8.714004970356670171e-42
0
0
DERIV 24
1.6442115316614795803e-26
8.324927899863708441e-43
0
0
DERIV 25
-1.5036561698531518839e-27
8.681587637654770233e-44
0
0
DERIV 26
1.3766472240030828016e-28
9.338880237035167757e-45
0
0
DERIV 27
-1.2618642038152952198e-29
-6.066076841394174241e-46
0
0
DERIV 28
1.1580787933930630471e-30
6.867558222516360253e-47
0
0
DERIV 29
-1.0641655108129557620e-31
1.0155343816539811750e-47
0
0
DERIV 30
9.791036843528543606e-33
-6.314981068793041285e-49
0
0
DERIV 31
-9.019742519656393227e-34
-6.153007050662134171e-50
0
0
DERIV 32
8.319536694205326798e-35
3.562586349949076504e-51
0
0
DERIV 33
-7.683063913790975835e-36
-2.8912629086881702454e-52
0
0
DERIV 34
7.103768430686599025e-37
3.449688124809350316e-54
0
0
DERIV 35
-6.575814399459478477e-38
-4.823564654509112621e-54
0
0
AT 21/2
0.00023541185539830542417
5.924418993067936772e-21
0
0
DERIV 1
-0.00013533624209548805891
1.6864747943897983541e-21
0
0
DERIV 2
4.104351280292626843e-5
-2.1352727125865890711e-21
0
0
DERIV 3
-8.776360895277196268e-6
-4.429695761121572289e-22
0
0
DERIV 4
1.4920191068821527615e-6
-8.304446131468182338e-23
0
0
DERIV 5
-2.1555510072001592874e-7
9.675358301630255187e-24
0
0
DERIV 6
2.7616769720758464187e-8
1.6433922052535423849e-24
0
0
DERIV 7
-3.231997130103435463e-9
-1.6589267888143875584e-26
0
0
DERIV 8
3.530537069801863740e-10
1.4574211512208184376e-26
0
0
DERIV 9
-3.658930320819160660e-11
-2.6189647433941290082e-27
0
0
DERIV 10
3.642782130704396608e-12
-6.448084817431745133e-29
0
0
DERIV 11
-3.517807541924900324e-13
-8.741540744644919654e-30
0
0
DERIV 12
3.319894920837823269e-14
-2.9862195377156989723e-30
0
0
DERIV 13
-3.0797224171369731501e-15
-2.1759580882114544759e-32
0
0
DERIV 14
2.820862494882868348e-16
7.165480928520597648e-33
0
0
DERIV 15
-2.5599649911252159756e-17
1.1132091900238325429e-33
0
0
DERIV 16
2.3078915978842201649e-18
1.5128176121679667677e-34
0
0
DERIV 17
-2.0710976310363601355e-19
-3.241324317003778939e-38
0
0
DERIV 18
1.8529041955523036407e-20
-1.3984341539055857657e-37
0
0
DERIV 19
-1.6545261757072300772e-21
-1.2597247658608752366e-38
0
0
DERIV 20
1.4758399699054554176e-22
-4.857363790108470275e-39
0
0
DERIV 21
-1.3159261751793588981e-23
-3.3719068136713984066e-40
0
0
DERIV 22
1.1734369312150134915e-24
1.5550571544347735049e-41
0
0
DERIV 23
-1.0468350856057604555e-25
-8.865226993249771067e-42
0
0
DERIV 24
9.345436827905763822e-27
4.694565646106621812e-43
0
0
DERIV 25
-8.350347814321711897e-28
-3.502002522728239423e-44
0
0
DERIV 26
7.468783803262769806e-29
4.901747813408711595e-45
0
0
DERIV 27
-6.687658345874436705e-30
6.633489682354240429e-46
0
0
DERIV 28
5.995174607620818277e-31
2.341452298395254201e-47
0
0
DERIV 29
-5.380807327973201821e-32
-4.170777496761761364e-49
0
0
DERIV 30
4.835232116583533175e-33
-2.6584787141898590920e-49
0
0
DERIV 31
-4.350228339174980683e-34
-3.010755527342430570e-50
0
0
DERIV 32
3.918571816710720776e-35
2.2479834933376756085e-51
0
0
DERIV 33
-3.533927027498626785e-36
-8.216573986574021240e-55
0
0
DERIV 34
3.190744307069343572e-37
-1.2283511422803380535e-53
0
0
DERIV 35
-2.884164892063289760e-38
8.627280096840792354e-55
0
0
AT 43/4
0.00020401150803259676713
2.9164279372972177131e-21
0
0
DERIV 1
-0.00011637085576719262219
3.019583412137283341e-22
0
0
DERIV 2
3.498862303645754011e-5
-1.4265777821010299703e-21
0
0
DERIV 3
-7.410856777335017489e-6
1.6391979605699893038e-22
0
0
DERIV 4
1.2467906700093234021e-6
5.405499316413726139e-23
0
0
DERIV 5
-1.7808017084224916828e-7
-1.2792818499060471115e-23
0
0
DERIV 6
2.2533431955077494556e-8
8.983000239073917549e-25
0
0
DERIV 7
-2.601814455495136901e-9
1.4332533091087593810e-25
0
0
DERIV 8
2.801266845153025717e-10
-1.7744266626309061939e-26
0
0
DERIV 9
-2.8585552646761460090e-11
-2.417235906991011247e-28
0
0
DERIV 10
2.7996004180264697482e-12
-1.5305230149071570083e-28
0
0
DERIV 11
-2.657204329463984481e-13
4.006162471728314778e-31
0
0
DERIV 12
2.4627454653598392778e-14
1.3852718010516789360e-30
0
0
DERIV 13
-2.2420049326761972550e-15
1.7609052974411759064e-31
0
0
DERIV 14
2.0140020870017198620e-16
-2.7555663484541030685e-33
0
0
DERIV 15
-1.7915250126648051767e-17
-6.566059643100815735e-35
0
0
DERIV 16
1.5823600564146640946e-18
-1.5283184236878940769e-35
0
0
DERIV 17
-1.3906285044443990465e-19
-9.907197817032981497e-36
0
0
DERIV 18
1.2179511046274103229e-20
2.025976372926737700e-37
0
0
DERIV 19
-1.0643520703921923233e-21
3.350476360441876816e-38
0
0
DERIV 20
9.289102470043812509e-23
3.090745990937846698e-39
0
0
DERIV 21
-8.102025067665810174e-24
3.895415371253746508e-40
0
0
DERIV 22
7.065913088611415460e-25
-3.013311476430760002e-41
0
0
DERIV 23
-6.164021490045628078e-26
-4.535023373069937618e-42
0
0
DERIV 24
5.380265667855585286e-27
3.0415025485310000271e-43
0
0
DERIV 25
-4.699766466923949613e-28
-3.495136950169454522e-44
0
0
DERIV 26
4.109090126518425803e-29
2.6480386739010556615e-45
0
0
DERIV 27
-3.596303859510795240e-30
-1.5637227109327928267e-48
0
0
DERIV 28
3.150925752580468847e-31
9.071808628630327309e-48
0
0
DERIV 29
-2.763818963903897317e-32
2.5353150230521588861e-48
0
0
DERIV 30
2.4270610889075175241e-33
4.889521701528602458e-50
0
0
DERIV 31
-2.133807121561520014e-34
-9.549933786087542335e-51
0
0
DERIV 32
1.8781564917587893829e-35
1.6494305605295828948e-52
0
0
DERIV 33
-1.6550296850447781893e-36
8.784831735542860032e-53
0
0
DERIV 34
1.4600569099341251650e-37
8.965736779930305073e-54
0
0
DERIV 35
-1.2894794759138624891e-38
9.203770384476425153e-55
0
0
AT 11
0.00017699449010976121290
-1.0188829298267051739e-20
0
0
DERIV 1
-0.00010019150588784867808
-2.5487804047816885648e-21
0
0
DERIV 2
2.9871470742757822759e-5
-7.112407997708702622e-23
0
0
DERIV 3
-6.268665480379364820e-6
4.135783384018587684e-22
0
0
DERIV 4
1.0439658997736732733e-6
-3.799157052390353198e-23
0
0
DERIV 5
-1.4746320284449679152e-7
8.439888381115351530e-25
0
0
DERIV 6
1.8435141809332177067e-8
-1.2593177214407954660e-24
0
0
DERIV 7
-2.100953710366741332e-9
-1.5819516342055442023e-25
0
0
DERIV 8
2.2304294932397521542e-10
1.1000742787720705086e-26
0
0
DERIV 9
-2.2421197646764544508e-11
-1.0135941672010603400e-27
0
0
DERIV 10
2.1611764223825580445e-12
1.8791594493508052551e-28
0
0
DERIV 11
-2.0171155195388637628e-13
1.5268897353728695706e-30
0
0
DERIV 12
1.8369497413416262020e-14
-1.4642471274326439913e-30
0
0
DERIV 13
-1.6420249570378007763e-15
3.509301498528622923e-32
0
0
DERIV 14
1.4474250014496069013e-16
4.887748506033851097e-33
0
0
DERIV 15
-1.2627364308018965100e-17
-1.1908476724997191399e-34
0
0
DERIV 16
1.0933035979342899561e-18
6.626868709691903765e-35
0
0
DERIV 17
-9.414835010814094206e-20
2.039675357307756885e-37
0
0
DERIV 18
8.076878124752438844e-21
-6.870436883784438009e-37
0
0
DERIV 19
-6.911612596683673568e-22
4.058360881807303223e-38
0
0
DERIV 20
5.905217191300838532e-23
2.2684793485768950470e-39
0
0
DERIV 21
-5.041130524737131840e-24
-2.0713438592154067699e-41
0
0
DERIV 22
4.302225396214939416e-25
-1.9369318685720567990e-41
0
0
DERIV 23
-3.672059462411025260e-26
1.5106759153277216532e-42
0
0
DERIV 24
3.1355246167585160029e-27
-1.7121061257134504202e-43
0
0
DERIV 25
-2.679121581924183379e-28
-7.577924949904190039e-45
0
0
DERIV 26
2.2910118107337091245e-29
-1.0525414262273150875e-45
0
0
DERIV 27
-1.9609451876599054038e-30
-4.706897887294321944e-47
0
0
DERIV 28
1.6801252396470858932e-31
-6.329408276275121746e-48
0
0
DERIV 29
-1.4410491928240971357e-32
-6.643771633122780017e-49
0
0
DERIV 30
1.2373445098365672175e-33
-3.120408927043807132e-51
0
0
DERIV 31
-1.0636136795464997174e-34
-2.930375763808389169e-51
0
0
DERIV 32
9.152929954152053910e-36
-3.993613717940403626e-52
0
0
DERIV 33
-7.885274786994497887e-37
-3.575159195754330524e-53
0
0
DERIV 34
6.800620669290104383e-38
-3.632746112725970424e-54
0
0
DERIV 35
-5.871481049423936971e-39
7.433921428700512391e-56
0
0
AT 45/4
0.00015371957102170729129
-4.725777952695628317e-21
0
0
DERIV 1
-8.636867303216463768e-5
-4.207787989469276426e-21
0
0
DERIV 2
2.5539456294454705151e-5
-1.4511360036313593944e-21
0
0
DERIV 3
-5.311378587145540610e-6
1.5792240026882038122e-22
0
0
DERIV 4
8.758292189262065434e-7
9.248521023165860319e-24
0
0
DERIV 5
-1.2238335477074495640e-7
3.375048407126047948e-24
0
0
DERIV 6
1.5121055967370872944e-8
-9.829648162631387795e-25
0
0
DERIV 7
-1.7015097705642513902e-9
4.206167095057032829e-27
0
0
DERIV 8
1.7818708246658235555e-10
-1.2870924250532331011e-26
0
0
DERIV 9
-1.7652812744557676792e-11
9.105996926916719409e-28
0
0
DERIV 10
1.6754369977770030581e-12
-8.523919786852453499e-29
0
0
DERIV 11
-1.5384764382783721976e-13
-5.233785154815475893e-30
0
0
DERIV 12
1.3773604962945204604e-14
7.333711801577184606e-31
0
0
DERIV 13
-1.2095388967495697643e-15
1.0654751332750208675e-32
0
0
DERIV 14
1.0467855524504961510e-16
-5.753900653943443022e-34
0
0
DERIV 15
-8.961063789521457963e-18
-6.822862571119537080e-34
0
0
DERIV 16
7.609683950976779991e-19
-1.1694699383181842264e-35
0
0
DERIV 17
-6.424495278522309245e-20
-8.776800311013733325e-37
0
0
DERIV 18
5.401527997464303283e-21
-9.753572073521155313e-38
0
0
DERIV 19
-4.528637454879740611e-22
3.453489207335187007e-38
0
0
DERIV 20
3.789888398693195878e-23
8.636475869737003782e-40
0
0
DERIV 21
-3.1682873670908087119e-24
-3.201719377261808471e-41
0
0
DERIV 22
2.647363287593914569e-25
-4.243743334675233535e-42
0
0
DERIV 23
-2.2119912412719155565e-26
-1.1603492908258470738e-42
0
0
DERIV 24
1.8487442520317029595e-27
8.659222025903044275e-44
0
0
DERIV 25
-1.5459664851087461587e-28
-4.276078923766908553e-45
0
0
DERIV 26
1.2936931985082808622e-29
-3.963728242643897278e-46
0
0
DERIV 27
-1.0834954517842812386e-30
-6.434063934595597348e-47
0
0
DERIV 28
9.082961282046059868e-32
-2.7259740520508128035e-48
0
0
DERIV 29
-7.621836732394361309e-33
-2.2636337795313871639e-49
0
0
DERIV 30
6.402374415299645246e-34
-4.190734911911481036e-50
0
0
DERIV 31
-5.383710254337552448e-35
4.059097235411761522e-51
0
0
DERIV 32
4.531955897326659690e-36
2.3497636397874147949e-52
0
0
DERIV 33
-3.819028528229862247e-37
-2.215841696910273642e-53
0
0
DERIV 34
3.221661568548500143e-38
1.2792916007666972273e-54
0
0
DERIV 35
-2.7205756708042238990e-39
8.082752520112496221e-56
0
0
AT 23/2
0.00013364393377500222073
-6.796728775434244221e-21
0
0
DERIV 1
-7.454239356701485334e-5
-2.8634107818050773349e-21
0
0
DERIV 2
2.1866088197546532784e-5
-1.1834706140264892103e-21
0
0
DERIV 3
-4.507536868769528535e-6
-3.211026644568412504e-22
0
0
DERIV 4
7.361421360842900407e-7
2.703793901795832695e-23
0
0
DERIV 5
-1.0178738158569203795e-7
7.920905451480846621e-25
0
0
DERIV 6
1.2433379901735087331e-8
1.2214239237357539589e-25
0
0
DERIV 7
-1.3819011417924816375e-9
-4.085309372277912715e-26
0
0
DERIV 8
1.4280896762502315151e-10
-4.694437295571329609e-29
0
0
DERIV 9
-1.3948908749565088254e-11
2.141253497284331931e-28
0
0
DERIV 10
1.3041514158616489425e-12
9.955612195270912793e-29
0
0
DERIV 11
-1.1787269056635766542e-13
-5.449554965089867579e-31
0
0
DERIV 12
1.0379300205673492780e-14
-7.744648577232331451e-31
0
0
DERIV 13
-8.958673725732851590e-16
4.315659444970871213e-32
0
0
DERIV 14
7.615898640666925402e-17
3.371542335905064609e-33
0
0
DERIV 15
-6.400725027855596351e-18
1.4104418483547892775e-35
0
0
DERIV 16
5.333816337226196333e-19
2.1494890297257773837e-35
0
0
DERIV 17
-4.417075563117581855e-20
2.8618023433839395239e-36
0
0
DERIV 18
3.641527752248301139e-21
-8.509324239800860594e-38
0
0
DERIV 19
-2.992774657070773940e-22
3.703254769410480604e-39
0
0
DERIV 20
2.4544795196480040420e-23
8.489255781070945566e-40
0
0
DERIV 21
-2.0104225435663342655e-24
-4.925950721715626553e-41
0
0
DERIV 22
1.6455961130596050811e-25
-5.339341376603511652e-42
0
0
DERIV 23
-1.3466942767808155131e-26
-1.0769376168934061318e-42
0
0
DERIV 24
1.1022430255654828249e-27
-4.199902620415952554e-44
0
0
DERIV 25
-9.025328717826899532e-29
-5.427794851354743280e-45
0
0
DERIV 26
7.394544152188907158e-30
-1.1764914470834917771e-46
0
0
DERIV 27
-6.062966853670293860e-31
4.250921842622281003e-48
0
0
DERIV 28
4.975417916722212807e-32
-1.9476998180239971527e-48
0
0
DERIV 29
-4.086732004893251073e-33
-1.2879848664432545787e-49
0
0
DERIV 30
3.360053267437246253e-34
5.570325676410250270e-51
0
0
DERIV 31
-2.765366591568285907e-35
1.4990632547202810614e-51
0
0
DERIV 32
2.2782571968716054839e-36
-9.427608298938274640e-53
0
0
DERIV 33
-1.8788775546050368925e-37
7.077775043178677746e-54
0
0
DERIV 34
1.5510952792840583924e-38
9.765627490252761680e-55
0
0
DERIV 35
-1.2817950476665641386e-39
-2.100665846493971039e-56
0
0
AT 47/4
0.00011630731473877556554
3.409431907034956617e-21
0
0
DERIV 1
-6.441042122437540913e-5
-7.122076874612922453e-22
0
0
DERIV 2
1.8746285693667453565e-5
-8.364332282296800652e-22
0
0
DERIV 3
-3.831307813686326579e-6
-2.772419498004774327e-22
0
0
DERIV 4
6.198458730956976166e-7
4.988894039831778966e-23
0
0
DERIV 5
-8.483265648053903493e-8
-2.5963633789922406651e-24
0
0
DERIV 6
1.0247679536039558424e-8
-4.708272383837486095e-25
0
0
DERIV 7
-1.1253672448216125485e-9
-2.5391939147911207549e-26
0
0
DERIV 8
1.1480695508007204830e-10
-7.698231158241061950e-28
0
0
DERIV 9
-1.1060399436586855697e-11
1.5158552710528936789e-28
0
0
DERIV 10
1.0190927381935287612e-12
7.350146238113750781e-29
0
0
DERIV 11
-9.070096953336793278e-14
2.3084754496882748829e-30
0
0
DERIV 12
7.858921041900608223e-15
6.900425796444470604e-32
0
0
DERIV 13
-6.670306417312275329e-16
-8.078539804649759420e-33
0
0
DERIV 14
5.572766348638430216e-17
-5.625328534068743142e-33
0
0
DERIV 15
-4.600405078094815715e-18
-3.459953293586255821e-34
0
0
DERIV 16
3.763741695304258922e-19
1.9397505458986830215e-36
0
0
DERIV 17
-3.058828404844183734e-20
-2.7065726929942542820e-36
0
0
DERIV 18
2.4739435115945022427e-21
-8.692811666683544430e-38
0
0
DERIV 19
-1.9940426243880072511e-22
1.9419751851037741513e-39
0
0
DERIV 20
1.6034704587161142507e-23
-1.1367357065707662463e-39
0
0
DERIV 21
-1.2874575176504285912e-24
-8.691980971186560856e-41
0
0
DERIV 22
1.0328315071512574851e-25
-1.5990389416469861310e-42
0
0
DERIV 23
-8.282554932802097867e-27
4.075488588598649972e-43
0
0
DERIV 24
6.642020333813655293e-28
-2.690078980296378685e-44
0
0
DERIV 25
-5.327952708751197714e-29
-5.052522182919969432e-45
0
0
DERIV 26
4.275997271826387003e-30
4.640196531375953423e-48
0
0
DERIV 27
-3.433999380927029960e-31
-1.6097220456445962627e-47
0
0
DERIV 28
2.759936752241983068e-32
3.705550048430175776e-49
0
0
DERIV 29
-2.2200882911228592115e-33
1.0637905805033841896e-49
0
0
DERIV 30
1.7874690725344907826e-34
3.387228142778604728e-51
0
0
DERIV 31
-1.4405235778285913647e-35
1.0352926834682041221e-51
0
0
DERIV 32
1.1620517467296461272e-36
6.388679038223727978e-53
0
0
DERIV 33
-9.383360664799238859e-38
-4.017827100229753849e-54
0
0
DERIV 34
7.584375610150781686e-39
4.376410956779836136e-55
0
0
DERIV 35
-6.136310969553980203e-40
-1.7956559623775262631e-56
0
0
AT 12
0.00010131882896739626769
-3.614319290877898203e-21
0
0
DERIV 1
-5.571850693702191899e-5
3.3521424906756392464e-21
0
0
DERIV 2
1.6092570065582617242e-5
-6.874824749744113447e-22
0
0
DERIV 3
-3.261427750916079996e-6
-2.1677664379819235401e-23
0
0
DERIV 4
5.228268989063777176e-7
3.056402792286096626e-23
0
0
DERIV 5
-7.084292846082615541e-8
-2.0674517902961412382e-25
0
0
DERIV 6
8.465479012984898142e-9
-5.833871967886711918e-25
0
0
DERIV 7
-9.188395435557500362e-10
-1.5463192348853348676e-26
0
0
DERIV 8
9.256781297066005318e-11
-2.5211919369314760427e-27
0
0
DERIV 9
-8.799196546043077673e-12
-1.9929556971597120881e-28
0
0
DERIV 10
7.993074418555918018e-13
-2.4271821366003814757e-29
0
0
DERIV 11
-7.008204156938968640e-14
2.8017984704655431911e-30
0
0
DERIV 12
5.977818107223156879e-15
1.7323079860103574774e-31
0
0
DERIV 13
-4.991456281759521646e-16
-3.016141009148370689e-32
0
0
DERIV 14
4.100140030083035100e-17
1.3987739032489394560e-33
0
0
DERIV 15
-3.3261584043409928217e-18
-9.316205805034264862e-35
0
0
DERIV 16
2.672915913966871118e-19
-1.9529819661710104405e-35
0
0
DERIV 17
-2.1328687288189017415e-20
1.1389221878042555341e-36
0
0
DERIV 18
1.6931298319526243276e-21
2.8072276223593543893e-39
0
0
DERIV 19
-1.3390443424794929301e-22
4.631436272916432718e-39
0
0
DERIV 20
1.0562537424546220870e-23
5.214057052850040328e-40
0
0
DERIV 21
-8.317437329691830977e-25
6.607490419967629752e-41
0
0
DERIV 22
6.542619250935278222e-26
-4.062193836464688075e-42
0
0
DERIV 23
-5.143751133813547938e-27
2.2149860200915888953e-43
0
0
DERIV 24
4.043404499310412506e-28
-8.118813796905642354e-46
0
0
DERIV 25
-3.178960590183094694e-29
-2.7156627855806407474e-45
0
0
DERIV 26
2.5003089062713290567e-30
-1.5433359754181554902e-46
0
0
DERIV 27
-1.9676496024107871763e-31
3.652930638321470542e-48
0
0
DERIV 28
1.5495409654913810901e-32
7.707389514942564768e-49
0
0
DERIV 29
-1.2212374554850216101e-33
-6.194402979975144311e-50
0
0
DERIV 30
9.633136531331968163e-35
2.840748643907299396e-51
0
0
DERIV 31
-7.605460283539993403e-36
6.256234338395133968e-52
0
0
DERIV 32
6.010159521217961178e-37
3.426052161323069642e-53
0
0
DERIV 33
-4.753967418712354477e-38
4.331889682071096631e-54
0
0
DERIV 34
3.763906506931350868e-39
1.2102339697925742161e-56
0
0
DERIV 35
-2.9828629621824080937e-40
1.9114221762552809895e-56
0
0
AT 49/4
8.834600317572363821e-5
-8.277568533254106132e-22
0
0
DERIV 1
-4.825239850113804458e-5
3.3237403815706295872e-21
0
0
DERIV 2
1.3831967926673401138e-5
-6.295312572040289249e-22
0
0
DERIV 3
-2.780352955167266360e-6
2.2367711567039845016e-23
0
0
DERIV 4
4.417314029397390382e-7
4.566931747563575315e-24
0
0
DERIV 5
-5.927383178119375221e-8
1.7954368681771328679e-24
0
0
DERIV 6
7.008579899884376049e-9
-5.724191524256383511e-26
0
0
DERIV 7
-7.520893258939298767e-10
4.803934478619869463e-26
0
0
DERIV 8
7.484795279097614409e-11
2.0898060911731904237e-27
0
0
DERIV 9
-7.022604032042662876e-12
-1.1100309550502937363e-28
0
0
DERIV 10
6.291608360821352815e-13
4.022587437707312440e-29
0
0
DERIV 11
-5.436538303924814390e-14
-3.1177223426022769885e-30
0
0
DERIV 12
4.566922041265200455e-15
-2.263241868717238160e-31
0
0
DERIV 13
-3.753148031055297805e-16
6.713876909110921877e-33
0
0
DERIV 14
3.032518791552844679e-17
-1.2972741860401944156e-33
0
0
DERIV 15
-2.4185763232614398721e-18
1.3080053793345314517e-35
0
0
DERIV 16
1.9099232256073110950e-19
6.464721133325451624e-36
0
0
DERIV 17
-1.4970442918161041085e-20
-1.5008752753884778688e-36
0
0
DERIV 18
1.1669421139515761643e-21
8.373484694908250955e-38
0
0
DERIV 19
-9.059648451517535515e-23
-4.458301258916149024e-39
0
0
DERIV 20
7.013400698314137845e-24
-1.3286932597919315952e-40
0
0
DERIV 21
-5.418713852972351762e-25
-2.1751500038307188174e-41
0
0
DERIV 22
4.181387583291038389e-26
2.6604403190869896591e-43
0
0
DERIV 23
-3.2243209741798116515e-27
-7.319264532722631379e-44
0
0
DERIV 24
2.485606991958009699e-28
-6.513134807604977844e-45
0
0
DERIV 25
-1.9162108184890326931e-29
-1.8718473487850718371e-46
0
0
DERIV 26
1.4776713752526443334e-30
9.639032017839869571e-48
0
0
DERIV 27
-1.1400328505725714510e-31
-9.390503784341469585e-48
0
0
DERIV 28
8.800811406123438932e-33
-5.346098557400418425e-49
0
0
DERIV 29
-6.798904757149817052e-34
3.098653018202667869e-50
0
0
DERIV 30
5.256525058131543394e-35
-3.310333713216771328e-51
0
0
DERIV 31
-4.067476016371434015e-36
3.2402702471555425780e-52
0
0
DERIV 32
3.150163534348062490e-37
-7.687680020410116441e-54
0
0
DERIV 33
-2.441925858816055547e-38
2.2880120373626191996e-54
0
0
DERIV 34
1.8946454450959117431e-39
-1.3756596581975061534e-56
0
0
DERIV 35
-1.4713662079271363778e-40
1.3177293888261364500e-57
0
0
AT 25/2
7.710562782591418279e-5
2.7442954733770973000e-21
0
0
DERIV 1
-4.183124038004361518e-5
4.072683907916117698e-22
0
0
DERIV 2
1.1903486682102456482e-5
6.870734444555377218e-22
0
0
DERIV 3
-2.373576386880443866e-6
6.096275936357045920e-23
0
0
DERIV 4
3.738179913421751715e-7
1.2492886754644360760e-23
0
0
DERIV 5
-4.968589473669762654e-8
-1.4083562715054169581e-24
0
0
DERIV 6
5.814682901797798602e-9
-3.705275420645140466e-26
0
0
DERIV 7
-6.170813020777219860e-10
2.3047034784615349426e-26
0
0
DERIV 8
6.068482799928123102e-11
4.826979644128968936e-27
0
0
DERIV 9
-5.621875933224419685e-12
3.863737816380563235e-28
0
0
DERIV 10
4.969292379658566181e-13
-1.3424349449063923138e-29
0
0
DERIV 11
-4.233392636370960367e-14
1.9385410047501515405e-30
0
0
DERIV 12
3.5037012646381454459e-15
3.936148911664242247e-32
0
0
DERIV 13
-2.835073525494778779e-16
1.2627248277665106848e-33
0
0
DERIV 14
2.2541890721613252961e-17
-6.340515554381513772e-34
0
0
DERIV 15
-1.7682495524282269928e-18
4.461689921822502060e-36
0
0
DERIV 16
1.3727781879137960003e-19
-2.4359444172170666034e-36
0
0
DERIV 17
-1.0574194688082216284e-20
-5.003917369684627533e-37
0
0
DERIV 18
8.097286664606252270e-22
-4.038408497246554516e-38
0
0
DERIV 19
-6.173738094958281573e-23
-3.890669546294552732e-39
0
0
DERIV 20
4.692441011716915812e-24
-3.5994740626527956409e-40
0
0
DERIV 21
-3.558785106518033265e-25
1.8813741356099573894e-41
0
0
DERIV 22
2.695111905951786430e-26
8.361624805194247905e-43
0
0
DERIV 23
-2.0392594702719832283e-27
1.0409537581572151635e-43
0
0
DERIV 24
1.5423447591812465844e-28
-2.6128017469202435882e-45
0
0
DERIV 25
-1.1664134170293022431e-29
5.051995935037123073e-47
0
0
DERIV 26
8.822669281680179759e-31
-8.601617133372241767e-47
0
0
DERIV 27
-6.675923206640018241e-32
-2.628112772177979384e-50
0
0
DERIV 28
5.054203386310631515e-33
4.594208678115968164e-50
0
0
DERIV 29
-3.828897404769518093e-34
-1.4151447220538111345e-50
0
0
DERIV 30
2.902758490514541090e-35
-1.9635768851887252578e-51
0
0
DERIV 31
-2.2023711499575525964e-36
-3.449023991968139962e-53
0
0
DERIV 32
1.6723638323862802174e-37
-5.484770411409576763e-54
0
0
DERIV 33
-1.2709942392875316617e-38
-3.471745504458113814e-56
0
0
DERIV 34
9.667983860070361440e-40
-3.534889811185178823e-56
0
0
DERIV 35
-7.360560184726004248e-41
-3.336795201694028965e-57
0
0
AT 51/4
6.735611160547843646e-5
2.9667261861921852059e-21
0
0
DERIV 1
-3.630211637000209385e-5
-2.8096026609238626327e-21
0
0
DERIV 2
1.0256051169548952891e-5
-6.749872068567836832e-22
0
0
DERIV 3
-2.029076150981108382e-6
1.0340206553372715367e-22
0
0
DERIV 4
3.168403482084231657e-7
1.2924392358875322854e-23
0
0
DERIV 5
-4.172333970536096405e-8
-1.7846208854250714652e-24
0
0
DERIV 6
4.833999659079146343e-9
-5.374668869909491045e-26
0
0
DERIV 7
-5.074811000107257700e-10
-1.9193648477256082317e-26
0
0
DERIV 8
4.933051274823175237e-11
7.916103462922374416e-28
0
0
DERIV 9
-4.513781561697033678e-12
-2.188655918298129802e-28
0
0
DERIV 10
3.937799977733053341e-13
1.4768546604591900504e-29
0
0
DERIV 11
-3.308558714144114494e-14
1.0364860585729103953e-30
0
0
DERIV 12
2.6988537717753612225e-15
-1.9533574968388776865e-31
0
0
DERIV 13
-2.1510561141571530538e-16
1.1756533984616166801e-32
0
0
DERIV 14
1.6837207457196771137e-17
1.0193280699803216280e-33
0
0
DERIV 15
-1.2995630363363725039e-18
2.736424113857666385e-35
0
0
DERIV 16
9.922797734968173428e-20
4.010953107367050390e-36
0
0
DERIV 17
-7.514323978724486490e-21
-2.869147694890391406e-37
0
0
DERIV 18
5.655110859297980121e-22
4.832714380542675812e-39
0
0
DERIV 19
-4.236217681062172931e-23
1.3525936529626756539e-39
0
0
DERIV 20
3.1625984222409852072e-24
1.2514749802084362073e-40
0
0
DERIV 21
-2.355396607247482445e-25
3.276627778519767044e-44
0
0
DERIV 22
1.7513432677269576834e-26
-1.1662752892120428219e-42
0
0
DERIV 23
-1.3008456555275177308e-27
-2.5870353164790891655e-45
0
0
DERIV 24
9.656729157806856578e-29
-3.577287747782429912e-45
0
0
DERIV 25
-7.167065639270802334e-30
3.0456155286528560432e-46
0
0
DERIV 26
5.319629789670919143e-31
1.4738376552135448386e-47
0
0
DERIV 27
-3.949514771854703599e-32
7.598488280258398065e-49
0
0
DERIV 28
2.9335933644467672224e-33
-1.1787513139163892822e-49
0
0
DERIV 29
-2.180238818342924297e-34
1.1357541317005257053e-50
0
0
DERIV 30
1.6214241517182028614e-35
7.305328722297667399e-52
0
0
DERIV 31
-1.2067220665151436170e-36
3.818465297582543700e-53
0
0
DERIV 32
8.987875136896766341e-38
1.2624089669681380066e-54
0
0
DERIV 33
-6.699777291733409867e-39
-3.331456757429354522e-55
0
0
DERIV 34
4.998346754204800808e-40
-1.0603425760428570714e-56
0
0
DERIV 35
-3.732158199864513972e-41
2.4127023879691611324e-57
0
0
AT 13
5.889107945831428646e-5
-5.949562120659224646e-22
0
0
DERIV 1
-3.153552747033071447e-5
-3.0187046723406399420e-21
0
0
DERIV 2
8.846813077468530819e-6
6.051247071703666889e-22
0
0
DERIV 3
-1.7368690393790466839e-6
8.661444343366044290e-23
0
0
DERIV 4
2.689534724782371624e-7
-1.6271735053705049902e-24
0
0
DERIV 5
-3.509737328737641132e-8
2.542148609476231104e-25
0
0
DERIV 6
4.026620475479619631e-9
-3.489042663241118604e-25
0
0
DERIV 7
-4.182783942411784848e-10
1.8203782086050351722e-26
0
0
DERIV 8
4.020167168578978637e-11
2.0290499151218881686e-27
0
0
DERIV 9
-3.6343553497846208456e-12
2.5052820758707262731e-29
0
0
DERIV 10
3.130283621750319120e-13
-1.8204213337304580288e-29
0
0
DERIV 11
-2.5948431758613473579e-14
-4.508963006812040802e-31
0
0
DERIV 12
2.0869455497694673644e-15
1.8062985864775020615e-31
0
0
DERIV 13
-1.6390091727700065124e-16
-6.058235789022224748e-33
0
0
DERIV 14
1.2634523128337988405e-17
4.129726693914033321e-34
0
0
DERIV 15
-9.599090679398878294e-19
6.854375255099033273e-35
0
0
DERIV 16
7.211388494270309967e-20
-1.4172527152800394005e-36
0
0
DERIV 17
-5.371022474555187356e-21
1.1352825128820263457e-37
0
0
DERIV 18
3.974124551461782189e-22
-1.3793398517358802822e-38
0
0
DERIV 19
-2.926050331501978283e-23
7.841998738232332623e-41
0
0
DERIV 20
2.1465328762524982302e-24
1.6255136280595502486e-40
0
0
DERIV 21
-1.5705409944896274458e-25
3.060115908516196774e-42
0
0
DERIV 22
1.1469992024653068761e-26
-2.1090375876949922869e-43
0
0
DERIV 23
-8.366628181650889847e-28
-4.121382851322988480e-44
0
0
DERIV 24
6.098509356131357374e-29
4.286843427822106475e-47
0
0
DERIV 25
-4.443738750856985600e-30
-2.9609564127548427018e-46
0
0
DERIV 26
3.237828582281596304e-31
9.421835110438368500e-48
0
0
DERIV 27
-2.3596062385843618524e-32
1.1890770414752924745e-48
0
0
DERIV 28
1.7202138637179943936e-33
1.5590834113769603176e-50
0
0
DERIV 29
-1.2547040511511100983e-34
-7.110624067801711317e-51
0
0
DERIV 30
9.157153137137967112e-36
-3.453199817424455244e-52
0
0
DERIV 31
-6.687641578318556195e-37
2.400522151975372483e-53
0
0
DERIV 32
4.887681144990434721e-38
-1.8126952231334116896e-54
0
0
DERIV 33
-3.574925774451402059e-39
-2.1575934761928270711e-55
0
0
DERIV 34
2.6168376372447359265e-40
-3.103952676502168881e-57
0
0
DERIV 35
-1.9170744272516047402e-41
-8.972900806368002161e-58
0
0
AT 53/4
5.153400211218816916e-5
-1.9435402825061623045e-22
0
0
DERIV 1
-2.7421636882231750673e-5
1.2340297270789353783e-21
0
0
DERIV 2
7.639762509396131425e-6
-6.841653788630207750e-22
0
0
DERIV 3
-1.4886481665807370617e-6
-3.783045929658069600e-23
0
0
DERIV 4
2.2863852755796335797e-7
-1.1827356592172632281e-23
0
0
DERIV 5
-2.9572971082866593314e-8
-3.236381435059778719e-25
0
0
DERIV 6
3.360461647667171075e-9
-2.0041244094547071740e-25
0
0
DERIV 7
-3.454973233660385702e-10
-6.497463760848558679e-28
0
0
DERIV 8
3.284170432479221022e-11
-2.8719157558524377271e-27
0
0
DERIV 9
-2.9342424963541312277e-12
1.9582267168952460845e-28
0
0
DERIV 10
2.495931157895237509e-13
3.384998823422200800e-30
0
0
DERIV 11
-2.0419579374049830151e-14
-6.621521408059171543e-31
0
0
DERIV 12
1.6197840082426000629e-15
4.908825044660714443e-32
0
0
DERIV 13
-1.2539528572579069914e-16
1.1222836761696575893e-32
0
0
DERIV 14
9.523088452096891488e-18
-5.697097824537229687e-34
0
0
DERIV 15
-7.124527000938957316e-19
-2.1774450080208802878e-35
0
0
DERIV 16
5.268197461203133471e-20
-2.9325871308892289848e-36
0
0
DERIV 17
-3.860549121485508373e-21
1.1884017782738830685e-37
0
0
DERIV 18
2.809534957592293199e-22
-1.5581413434087569162e-38
0
0
DERIV 19
-2.0339765876298245401e-23
-2.7276690588964718962e-40
0
0
DERIV 20
1.4667626280201150038e-24
-6.530499047869530960e-41
0
0
DERIV 21
-1.0547059314156796737e-25
5.346787575090408200e-42
0
0
DERIV 22
7.568672009652595802e-27
5.578724387045691174e-43
0
0
DERIV 23
-5.423846889877781084e-28
3.641651927422983810e-44
0
0
DERIV 24
3.883441186327020189e-29
-1.3918428111599027503e-45
0
0
DERIV 25
-2.7792126717822458057e-30
-6.929006655536908122e-47
0
0
DERIV 26
1.988651758666661863e-31
-1.9154726064611973148e-47
0
0
DERIV 27
-1.4230943101907717808e-32
1.3458300560471913383e-48
0
0
DERIV 28
1.0186590443921646114e-33
-1.1961343733085715367e-50
0
0
DERIV 29
-7.294702029262734713e-35
-6.491112349695112999e-52
0
0
DERIV 30
5.226586546385942823e-36
1.4620111528795726805e-52
0
0
DERIV 31
-3.747115149721960053e-37
7.483162415951492689e-54
0
0
DERIV 32
2.688259613590364088e-38
-1.6202143891342718981e-54
0
0
DERIV 33
-1.9300124713294246876e-39
3.823581987924681011e-56
0
0
DERIV 34
1.3866832404463960509e-40
-6.309838201225047185e-58
0
0
DERIV 35
-9.970832904946659546e-42
-5.350009961380369837e-58
0
0
AT 27/2
4.513368296008625377e-5
6.550798383791652965e-22
0
0
DERIV 1
-2.3867145732488878645e-5
-4.913008635078242569e-22
0
0
DERIV 2
6.604585090442182710e-6
1.6171410212389673836e-22
0
0
DERIV 3
-1.2774881000130477777e-6
-5.676794069624907898e-23
0
0
DERIV 4
1.9464243415164916859e-7
5.135237701761226679e-24
0
0
DERIV 5
-2.4958392358449057082e-8
2.956475459712831737e-25
0
0
DERIV 6
2.809659005371617516e-9
-1.0076122822619195600e-25
0
0
DERIV 7
-2.859730931601555478e-10
6.449874350755922188e-27
0
0
DERIV 8
2.6891976233081418599e-11
-1.0528556985050679741e-27
0
0
DERIV 9
-2.3752164453426145124e-12
-2.0059558329689944657e-28
0
0
DERIV 10
1.9959576737012933491e-13
2.2701542154945689694e-30
0
0
DERIV 11
-1.6120952041598772378e-14
-4.021733416895728675e-31
0
0
DERIV 12
1.2616992220226643222e-15
7.080124142645708621e-32
0
0
DERIV 13
-9.631264806687246133e-17
2.8514968810622819445e-33
0
0
DERIV 14
7.208627773178089484e-18
-8.562357074971787301e-35
0
0
DERIV 15
-5.312443835404881094e-19
2.628075896983864436e-35
0
0
DERIV 16
3.867909576152512781e-20
1.8435739650803732402e-36
0
0
DERIV 17
-2.7897966646304765916e-21
9.257422531132576199e-38
0
0
DERIV 18
1.9976524829872925939e-22
1.1520019448630250181e-38
0
0
DERIV 19
-1.4225394809120257975e-23
2.0749227338591427326e-41
0
0
DERIV 20
1.0087840997856320997e-24
-7.707157172917775082e-41
0
0
DERIV 21
-7.131673347303185572e-26
6.618443545938091315e-43
0
0
DERIV 22
5.030554359401219120e-27
2.0320323209858792722e-43
0
0
DERIV 23
-3.542952408451798386e-28
-6.243987281856311576e-45
0
0
DERIV 24
2.4927097594511574903e-29
6.505784191488496746e-46
0
0
DERIV 25
-1.7527404174917948183e-30
-1.4611993740365110470e-46
0
0
DERIV 26
1.2321012580043782039e-31
1.0457951586496597446e-47
0
0
DERIV 27
-8.661047755391528188e-33
-3.647936401114075302e-49
0
0
DERIV 28
6.089439261459690913e-34
-1.9217510774560604813e-50
0
0
DERIV 29
-4.282870681915437105e-35
-1.8357794753866692639e-51
0
0
DERIV 30
3.013670175001753908e-36
2.6974813501769507029e-52
0
0
DERIV 31
-2.121775535714201037e-37
1.8114348702819283223e-53
0
0
DERIV 32
1.4947757761551495998e-38
2.5199184577727146624e-55
0
0
DERIV 33
-1.0537742728205783868e-39
2.0153897448254202745e-56
0
0
DERIV 34
7.434123781585426373e-41
-1.4690387461268027217e-57
0
0
DERIV 35
-5.248477655910973164e-42
-7.393154886192235801e-59
0
0
AT 55/4
3.956045896103129003e-5
2.5209330247307965812e-21
0
0
DERIV 1
-2.0792688535552209168e-5
-1.3429451889913496403e-21
0
0
DERIV 2
5.715719121954663285e-6
1.2686099039302126644e-22
0
0
DERIV 3
-1.0976043171632958535e-6
-4.878834678019618825e-23
0
0
DERIV 4
1.6592917841534537200e-7
-2.7602261749183464819e-24
0
0
DERIV 5
-2.1096834747711224017e-8
-3.675713318163963809e-25
0
0
DERIV 6
2.353306311602115170e-9
-1.6668325914852566827e-25
0
0
DERIV 7
-2.371789795916910945e-10
1.6076300820647288522e-26
0
0
DERIV 8
2.2069864145568960068e-11
1.0866546466917009209e-27
0
0
DERIV 9
-1.9275612364022023077e-12
-1.1349159844343158669e-28
0
0
DERIV 10
1.6006396276273240085e-13
-1.7136986145876633373e-30
0
0
DERIV 11
-1.2767055142622675875e-14
7.149802779610178785e-31
0
0
DERIV 12
9.861643597624984743e-16
1.1572380395197824576e-32
0
0
DERIV 13
-7.425465462600604782e-17
4.174386014706624982e-33
0
0
DERIV 14
5.479148309861094638e-18
-2.647927737855519494e-34
0
0
DERIV 15
-3.978952679495529948e-19
-1.9049978013790787279e-35
0
0
DERIV 16
2.853509517367311758e-20
-1.8198148239167807325e-36
0
0
DERIV 17
-2.0264641576639108604e-21
-1.1065949559002517926e-37
0
0
DERIV 18
1.4282475564546118441e-22
-5.358113014802276448e-39
0
0
DERIV 19
-1.0007750185633865380e-23
-2.2142410166801619302e-41
0
0
DERIV 20
6.981460761094088156e-25
-1.8618809086793334995e-41
0
0
DERIV 21
-4.854193830759493440e-26
2.7728323055818838160e-42
0
0
DERIV 22
3.366924692287014033e-27
1.8507658522938157297e-43
0
0
DERIV 23
-2.331310543044499865e-28
-2.1433707961499340835e-44
0
0
DERIV 24
1.6123480495462494416e-29
2.0725888784539226830e-46
0
0
DERIV 25
-1.1142954295386869899e-30
-2.0171686193746206996e-47
0
0
DERIV 26
7.697956314203260103e-32
1.8825518375308629426e-49
0
0
DERIV 27
-5.317440505771374254e-33
-3.939214294670467983e-50
0
0
DERIV 28
3.673456727362137620e-34
1.5348441783794739503e-50
0
0
DERIV 29
-2.538428288857594295e-35
1.8103506871452769534e-52
0
0
DERIV 30
1.7548050060194219271e-36
2.633060877838749686e-53
0
0
DERIV 31
-1.2136966096293510050e-37
5.102328034316240608e-54
0
0
DERIV 32
8.399272010369113340e-39
-3.2182763408045421910e-55
0
0
DERIV 33
-5.816316157356034062e-40
-4.973616141712242240e-57
0
0
DERIV 34
4.030391119928573546e-41
-2.4726307619883946911e-57
0
0
DERIV 35
-2.7948073432608595058e-42
1.3928401104361483431e-58
0
0
AT 14
3.470299732367620690e-5
-1.7201793441595216542e-21
0
0
DERIV 1
-1.8130657863859139632e-5
4.278607078810993136e-22
0
0
DERIV 2
4.951576117318406278e-6
4.474544829842435502e-23
0
0
DERIV 3
-9.441565104998717272e-7
2.4765694890961234825e-23
0
0
DERIV 4
1.4164045789796647420e-7
1.0433843617395589905e-23
0
0
DERIV 5
-1.7859772284480484654e-8
1.2109504653237328323e-24
0
0
DERIV 6
1.974461192713203643e-9
-2.4123993214900927946e-26
0
0
DERIV 7
-1.9709186894656922576e-10
3.945182180350611754e-27
0
0
DERIV 8
1.8151933576423557463e-11
-7.481897144270723586e-28
0
0
DERIV 9
-1.5680952873277269739e-12
8.105870028360396857e-30
0
0
DERIV 10
1.2871097454304654872e-13
-3.489837834477545960e-30
0
0
DERIV 11
-1.0141396575231948874e-14
-2.649888932567978957e-31
0
0
DERIV 12
7.733618402278461747e-16
3.658102718495838083e-32
0
0
DERIV 13
-5.745684903000857076e-17
4.778207162066347591e-33
0
0
DERIV 14
4.181122924340657554e-18
-3.788133043368240662e-34
0
0
DERIV 15
-2.993003798913052513e-19
-1.5626978291328558630e-35
0
0
DERIV 16
2.1149166984278370646e-20
1.3057821243496457126e-36
0
0
DERIV 17
-1.4793285537829736929e-21
6.931271470726191646e-38
0
0
DERIV 18
1.0265871011096684701e-22
2.6515401680225535345e-39
0
0
DERIV 19
-7.080556095702568815e-24
-5.611637046012310951e-41
0
0
DERIV 20
4.860751924886274164e-25
-1.8450092399517262911e-42
0
0
DERIV 21
-3.325080836009508993e-26
-1.6598065367024896149e-42
0
0
DERIV 22
2.2686139642563690141e-27
8.850321154714098290e-44
0
0
DERIV 23
-1.5448793435369139573e-28
-7.176512960937884753e-45
0
0
DERIV 24
1.0506430582683293290e-29
5.194834142223228255e-46
0
0
DERIV 25
-7.139071977549680876e-31
-9.762112344514780053e-48
0
0
DERIV 26
4.848552892114891897e-32
-2.2621286978367320280e-48
0
0
DERIV 27
-3.292237306202834631e-33
-6.145030569343688956e-50
0
0
DERIV 28
2.235512591877583018e-34
-2.0048786210806558602e-50
0
0
DERIV 29
-1.5182641854923565703e-35
-1.0364650108273684562e-51
0
0
DERIV 30
1.0314831686193639694e-36
-1.5637198348062213941e-53
0
0
DERIV 31
-7.010811712125130655e-38
-2.0921699558068485115e-54
0
0
DERIV 32
4.767621331107811778e-39
-1.3087119022151927709e-55
0
0
DERIV 33
-3.2440663295861731248e-40
-6.310917991413000039e-57
0
0
DERIV 34
2.2087799956988673634e-41
6.363997660925536364e-58
0
0
DERIV 35
-1.5048894537263602589e-42
1.2065908426942260922e-58
0
0
AT 57/4
3.0465590231709824607e-5
-2.584078547798067070e-22
0
0
DERIV 1
-1.5823384205043133639e-5
-7.021442371359560992e-22
0
0
DERIV 2
4.293895086624467256e-6
-1.9022462516801485383e-22
0
0
DERIV 3
-8.130873758674688254e-7
2.0401145112864834045e-23
0
0
DERIV 4
1.2106379216519267121e-7
2.3067187675256663538e-24
0
0
DERIV 5
-1.5141621861047801355e-8
-2.558518450619690867e-25
0
0
DERIV 6
1.6593593570869951598e-9
9.151002353967580917e-27
0
0
DERIV 7
-1.6408738108385450976e-10
-6.441881396184386316e-28
0
0
DERIV 8
1.4960999113455919136e-11
-2.047456398910339779e-28
0
0
DERIV 9
-1.2786731226188681444e-12
6.317713256729510620e-29
0
0
DERIV 10
1.0377100202691784496e-13
-5.236977701483870989e-30
0
0
DERIV 11
-8.079142999731722628e-15
-7.841691308891406697e-31
0
0
DERIV 12
6.084212410921122581e-16
1.8097863883509932755e-32
0
0
DERIV 13
-4.461496119574623869e-17
2.8672924785980934563e-33
0
0
DERIV 14
3.2027984499036181456e-18
-1.1717433347991390403e-34
0
0
DERIV 15
-2.260693686692676587e-19
7.367420154373611375e-36
0
0
DERIV 16
1.5745068218027136899e-20
1.0855803596909847775e-36
0
0
DERIV 17
-1.0851022099192454954e-21
5.146924643197154294e-39
0
0
DERIV 18
7.416729094867405805e-23
-7.936257604973842510e-41
0
0
DERIV 19
-5.036945110725553316e-24
4.807357049881711421e-41
0
0
DERIV 20
3.403882068479018824e-25
4.338229760143426766e-42
0
0
DERIV 21
-2.2916391288213514903e-26
9.581132189039623792e-43
0
0
DERIV 22
1.5384793578069766909e-27
2.1131102004827975850e-44
0
0
DERIV 23
-1.0307126936669138922e-28
1.1013505346078915296e-44
0
0
DERIV 24
6.895165344326765878e-30
-2.2371460822655161089e-46
0
0
DERIV 25
-4.608084308527158122e-31
-2.896492336369303631e-47
0
0
DERIV 26
3.077725570405978565e-32
2.3387981142643322466e-48
0
0
DERIV 27
-2.0549637062213229069e-33
2.545219995549659823e-50
0
0
DERIV 28
1.3719774660175016470e-34
-2.5616737639621206002e-51
0
0
DERIV 29
-9.160944875096566175e-36
9.318234187180278487e-53
0
0
DERIV 30
6.118548385119066855e-37
1.2874085282122517225e-53
0
0
DERIV 31
-4.088101287033391460e-38
-1.1175652689937946567e-54
0
0
DERIV 32
2.7327441728742439067e-39
5.835001594658526594e-56
0
0
DERIV 33
-1.8277224383318018935e-40
-7.805510978546764911e-57
0
0
DERIV 34
1.2231450904852496424e-41
1.1794390593755151513e-57
0
0
DERIV 35
-8.190658277580172118e-43
-4.920102717152939812e-59
0
0
AT 29/2
2.6765866647138624211e-5
7.958212612639625718e-22
0
0
DERIV 1
-1.3821610342978286182e-5
2.694605652151237044e-22
0
0
DERIV 2
3.727206560916574931e-6
1.7926903770904425845e-22
0
0
DERIV 3
-7.009901886909241657e-7
2.5047184136996551643e-23
0
0
DERIV 4
1.0360661767312545923e-7
4.889688223243376328e-24
0
0
DERIV 5
-1.2855461331109961522e-8
-4.661226159730778314e-25
0
0
DERIV 6
1.3967915424543939011e-9
-8.484770048407493466e-26
0
0
DERIV 7
-1.3685778874036453928e-10
7.037798173351788880e-27
0
0
DERIV 8
1.2356134118389119369e-11
-7.112055445772023335e-28
0
0
DERIV 9
-1.0450448357029724583e-12
7.927620857795790727e-29
0
0
DERIV 10
8.387561329939091969e-14
-4.474427319980650437e-30
0
0
DERIV 11
-6.454302682639141544e-15
-1.2362124897996223316e-31
0
0
DERIV 12
4.801370231091431973e-16
-1.0679283277502642988e-32
0
0
DERIV 13
-3.476047681670516085e-17
3.0119070771256287404e-33
0
0
DERIV 14
2.4624295176882131689e-18
1.3209345045846199796e-34
0
0
DERIV 15
-1.7143822874999618785e-19
1.3258453258022384016e-36
0
0
DERIV 16
1.1772359321806222045e-20
-6.967934209429516540e-37
0
0
DERIV 17
-7.996171838045777882e-22
-2.545685872862954868e-38
0
0
DERIV 18
5.384846801636120811e-23
1.8596828338981886068e-39
0
0
DERIV 19
-3.602059823075376645e-24
2.4193328147583396367e-40
0
0
DERIV 20
2.397006920594996222e-25
2.4046037158393297888e-42
0
0
DERIV 21
-1.5887442163186497994e-26
-2.2935854117230094792e-43
0
0
DERIV 22
1.0498479908711548501e-27
8.258981388789502910e-44
0
0
DERIV 23
-6.921881002064516291e-29
2.3286942660314443526e-45
0
0
DERIV 24
4.556350673959582217e-30
6.035354913470850470e-47
0
0
DERIV 25
-2.995858277777769299e-31
-1.3861120845842388167e-47
0
0
DERIV 26
1.9683791070032176840e-32
-3.940173360600309635e-49
0
0
DERIV 27
-1.2927568768481856493e-33
4.444694182293436782e-50
0
0
DERIV 28
8.488965437170588636e-35
-1.8773354560872625398e-51
0
0
DERIV 29
-5.574540283912842885e-36
1.9033682707386149962e-52
0
0
DERIV 30
3.661408234209239476e-37
1.6794685685666259297e-53
0
0
DERIV 31
-2.405613461612091156e-38
2.2670609587604336600e-54
0
0
DERIV 32
1.5811902956006651348e-39
8.248682670237518345e-56
0
0
DERIV 33
-1.0398137159376054048e-40
-2.993207697283248865e-57
0
0
DERIV 34
6.841713492932490921e-42
-2.4982407371385780047e-58
0
0
DERIV 35
-4.504336281631494030e-43
-2.236325758005236570e-59
0
0
AT 59/4
2.3532853991786928442e-5
6.854972392392317673e-23
0
0
DERIV 1
-1.2083210436193591016e-5
-2.192138500506718522e-22
0
0
DERIV 2
3.238386854019175713e-6
1.5976693647099663993e-22
0
0
DERIV 3
-6.049997931255616441e-7
-3.686361535107018364e-23
0
0
DERIV 4
8.877519319179074318e-8
-1.2505590276007303906e-24
0
0
DERIV 5
-1.0929582669991884443e-8
-8.167747344091615553e-25
0
0
DERIV 6
1.1776080225143921779e-9
1.5713794952819812257e-26
0
0
DERIV 7
-1.1434756731581608033e-10
-1.3137699541286508743e-27
0
0
DERIV 8
1.0224929843335235004e-11
-3.194531575402496001e-28
0
0
DERIV 9
-8.559844691439597196e-13
2.3130491720768672867e-29
0
0
DERIV 10
6.796065808460950019e-14
5.315651311629668014e-30
0
0
DERIV 11
-5.170210082876505598e-15
2.853899265475320603e-31
0
0
DERIV 12
3.800308181536761639e-16
1.6765018373801519386e-32
0
0
DERIV 13
-2.7171034891089124982e-17
6.777852194183971639e-34
0
0
DERIV 14
1.8999378370234013211e-18
3.613604511765162778e-35
0
0
DERIV 15
-1.3051007782218214893e-19
-7.218038161424830609e-36
0
0
DERIV 16
8.838613772788414493e-21
-6.977031953116317250e-37
0
0
DERIV 17
-5.918724701908456483e-22
-2.0988130168817503984e-38
0
0
DERIV 18
3.928283407991199621e-23
-7.385966615398442725e-40
0
0
DERIV 19
-2.5890344222219775336e-24
-1.3603874005892586606e-40
0
0
DERIV 20
1.6970800717197131701e-25
-2.978211026836043320e-42
0
0
DERIV 21
-1.1077332993003328730e-26
-5.959564664702182971e-43
0
0
DERIV 22
7.207254089490932903e-28
-2.0948487269971467245e-44
0
0
DERIV 23
-4.677936709106889036e-29
2.5489521218498917359e-45
0
0
DERIV 24
3.0308757086922217599e-30
-7.152981362543020637e-47
0
0
DERIV 25
-1.9612600744512223889e-31
-6.723576434316116345e-48
0
0
DERIV 26
1.2680457372411553208e-32
-1.2201221381731230581e-48
0
0
DERIV 27
-8.194280118559936513e-34
-2.559055444277256693e-50
0
0
DERIV 28
5.293920547755578945e-35
4.375327274705747607e-51
0
0
DERIV 29
-3.419999372107316468e-36
-2.3379761015848721657e-52
0
0
DERIV 30
2.209678599202469614e-37
1.1630886297074091062e-53
0
0
DERIV 31
-1.4280518886001251139e-38
-1.1697033138171778235e-56
0
0
DERIV 32
9.232423812275595324e-40
1.8576831339471256915e-56
0
0
DERIV 33
-5.971446026838313126e-41
-6.165686714112688168e-59
0
0
DERIV 34
3.864225654780365970e-42
-1.0514446201925025437e-58
0
0
DERIV 35
-2.5019884736500963666e-43
-2.1296893413192372761e-60
0
0
AT 15
2.0705333824700527243e-5
-3.701975160669868046e-22
0
0
DERIV 1
-1.0572112779725652119e-5
-2.5269024674106854081e-23
0
0
DERIV 2
2.816286682843098276e-6
1.4406239576163437927e-22
0
0
DERIV 3
-5.227026779454138769e-7
-1.8503468083611666008e-23
0
0
DERIV 4
7.615738248554519362e-8
3.698252362276190950e-24
0
0
DERIV 5
-9.304710150184248550e-9
-2.768981212824241979e-25
0
0
DERIV 6
9.943234266142042855e-10
-9.412128047256262411e-27
0
0
DERIV 7
-9.570262824229238913e-11
-3.270328361658747835e-27
0
0
DERIV 8
8.477476709806781979e-12
-1.2665352249903811533e-28
0
0
DERIV 9
-7.026213919937390352e-13
8.950349649099094305e-30
0
0
DERIV 10
5.519584984009059612e-14
2.3908343264409702638e-30
0
0
DERIV 11
-4.152430423574878827e-15
1.3993400920368178007e-31
0
0
DERIV 12
3.016624368646386178e-16
-1.1879928909443402051e-33
0
0
DERIV 13
-2.1305577234173910296e-17
-6.708828757130166654e-34
0
0
DERIV 14
1.4709676871038864705e-18
-6.318760913050819901e-35
0
0
DERIV 15
-9.972245229345720507e-20
1.8246715650221596010e-36
0
0
DERIV 16
6.662602464506190731e-21
-2.656270437365486351e-37
0
0
DERIV 17
-4.399886314776153690e-22
3.413777611452177669e-38
0
0
DERIV 18
2.878915344195937342e-23
-5.540038231811607830e-40
0
0
DERIV 19
-1.8700422099998283499e-24
-9.408451226095961450e-41
0
0
DERIV 20
1.2077930904204849198e-25
-6.882020368774616827e-42
0
0
DERIV 21
-7.766122958792888471e-27
-4.863202943243150730e-43
0
0
DERIV 22
4.976588547897541291e-28
1.3184862531211512483e-44
0
0
DERIV 23
-3.180779739791888844e-29
-1.8982968745974908255e-46
0
0
DERIV 24
2.0290768914757293011e-30
-1.8261512424790327621e-47
0
0
DERIV 25
-1.2925834745775539054e-31
-6.847344673011901916e-48
0
0
DERIV 26
8.226221359775706735e-33
5.284504821004731573e-49
0
0
DERIV 27
-5.232070308805572803e-34
9.285473021753030987e-51
0
0
DERIV 28
3.326581000728341415e-35
9.407650784471885818e-52
0
0
DERIV 29
-2.1148031277389177120e-36
-1.4024499027641547424e-53
0
0
DERIV 30
1.3445149965526312753e-37
3.183522084345839667e-54
0
0
DERIV 31
-8.549605626787431789e-39
-2.1703896601228487875e-55
0
0
DERIV 32
5.438252760816469505e-40
-2.307999200322550152e-56
0
0
DERIV 33
-3.460536389983164793e-41
-3.522310201566123034e-58
0
0
DERIV 34
2.2030668229290810496e-42
6.099709314918890338e-59
0
0
DERIV 35
-1.4032493462004151699e-43
7.692250557668989316e-60
0
0
AT 61/4
1.8230444958288483125e-5
7.572364410906962939e-22
0
0
DERIV 1
-9.257392420029146097e-6
7.521161463660665855e-22
0
0
DERIV 2
2.451421186786575896e-6
1.6982700747636031389e-22
0
0
DERIV 3
-4.520626479797827097e-7
-2.1420830770938914959e-23
0
0
DERIV 4
6.540856998856743964e-8
1.5102805722254671372e-24
0
0
DERIV 5
-7.931749610012656437e-9
6.849363500957365255e-25
0
0
DERIV 6
8.408006911259988899e-10
-2.5177293297045614607e-26
0
0
DERIV 7
-8.023020878876962227e-11
1.0371850800085580887e-27
0
0
DERIV 8
7.041668976345678704e-12
-3.164617130269855519e-28
0
0
DERIV 9
-5.779255296616580139e-13
-2.1161109511798181731e-29
0
0
DERIV 10
4.493128621699947875e-14
-5.502224426364011278e-31
0
0
DERIV 11
-3.3434462519265397445e-15
-2.1512167299137207237e-32
0
0
DERIV 12
2.401213083180581325e-16
-1.9617803319559305860e-32
0
0
DERIV 13
-1.6757182624931000768e-17
8.704378657889362118e-34
0
0
DERIV 14
1.1426271055582751611e-18
-3.526906647596898709e-35
0
0
DERIV 15
-7.647146696419852920e-20
2.2479706647177458327e-36
0
0
DERIV 16
5.041773577763576888e-21
-2.090002667393131948e-37
0
0
DERIV 17
-3.284416440222665697e-22
-5.318646119474315458e-39
0
0
DERIV 18
2.1192555565109037831e-23
-1.6395029675737956126e-40
0
0
DERIV 19
-1.3571223920240500783e-24
-3.587248633947041414e-41
0
0
DERIV 20
8.638988336060383415e-26
-2.7477867263980340331e-42
0
0
DERIV 21
-5.473684777466434518e-27
8.765920230302270387e-44
0
0
DERIV 22
3.455623938312834221e-28
1.7318969703869095319e-44
0
0
DERIV 23
-2.1755644902372589377e-29
1.3125579495702962553e-45
0
0
DERIV 24
1.3668287036876849761e-30
6.677383336572819061e-47
0
0
DERIV 25
-8.574189598328066218e-32
-3.929170688803314347e-48
0
0
DERIV 26
5.372823001109654036e-33
3.0671821427163457642e-49
0
0
DERIV 27
-3.364327912770342282e-34
-1.8273295695701851534e-50
0
0
DERIV 28
2.1057450770815369921e-35
1.4180577885091260153e-53
0
0
DERIV 29
-1.3177275031662363550e-36
-3.181711979585827701e-53
0
0
DERIV 30
8.245906510146066086e-38
-5.167833127237758713e-54
0
0
DERIV 31
-5.160699779479282895e-39
-2.9856930829229534783e-55
0
0
DERIV 32
3.2306314748326386323e-40
4.838673887805742801e-57
0
0
DERIV 33
-2.0230910456244594241e-41
-9.358441046408323228e-58
0
0
DERIV 34
1.2674314121744980215e-42
-4.037090902248972087e-59
0
0
DERIV 35
-7.944001262740003014e-44
-4.064994473202004545e-60
0
0
AT 31/2
1.6062495155439992378e-5
-9.189891634173795885e-22
0
0
DERIV 1
-8.112505661677346769e-6
-2.747110569348173080e-23
0
0
DERIV 2
2.135710745887022703e-6
-7.569933737637908792e-23
0
0
DERIV 3
-3.913592666952045838e-7
-2.0163557207099487511e-23
0
0
DERIV 4
5.624011431101383811e-8
2.8616357696810875921e-24
0
0
DERIV 5
-6.769963018247896497e-9
2.281306971287515346e-25
0
0
DERIV 6
7.119976208872263443e-10
-4.883521234924161955e-26
0
0
DERIV 7
-6.736708809680848353e-11
-3.796209684733725161e-27
0
0
DERIV 8
5.859529999403135646e-12
1.7301249145560068778e-28
0
0
DERIV 9
-4.763096520149106112e-13
-1.7583684115463344854e-29
0
0
DERIV 10
3.665667883102199623e-14
1.6964437070245350254e-30
0
0
DERIV 11
-2.6986620952710387745e-15
2.6196627174723379814e-33
0
0
DERIV 12
1.9164944324672354987e-16
3.732323671599763118e-33
0
0
DERIV 13
-1.3218600994672028241e-17
4.320513745580896598e-34
0
0
DERIV 14
8.904214005839569495e-19
8.712122216486383388e-35
0
0
DERIV 15
-5.884523030308613135e-20
4.547528878128777549e-36
0
0
DERIV 16
3.829534928579440767e-21
-1.2885318367035611464e-37
0
0
DERIV 17
-2.461601604056594108e-22
1.2199362131129449324e-38
0
0
DERIV 18
1.5667555854569919692e-23
-1.4371889687661520598e-39
0
0
DERIV 19
-9.893992855136277242e-25
-7.112759025957707042e-41
0
0
DERIV 20
6.209264593881542546e-26
9.265929146707483376e-43
0
0
DERIV 21
-3.877791376727198556e-27
-2.0705610007285354904e-43
0
0
DERIV 22
2.412529404799310692e-28
-1.7657514000119332282e-44
0
0
DERIV 23
-1.4965248480075784185e-29
-1.9566170849059226095e-46
0
0
DERIV 24
9.262438311958542057e-31
2.1132694968460017877e-48
0
0
DERIV 25
-5.723280767565416618e-32
-4.577893903673040887e-48
0
0
DERIV 26
3.532187458600379154e-33
-2.1380122245804980352e-49
0
0
DERIV 27
-2.178128255294471579e-34
-1.1313153046741127552e-50
0
0
DERIV 28
1.3424400681774186161e-35
1.0626368512947676078e-51
0
0
DERIV 29
-8.271484531124396970e-37
4.482245581234783177e-53
0
0
DERIV 30
5.096051930987690712e-38
-8.470521693860389271e-55
0
0
DERIV 31
-3.139887099290113917e-39
1.2347743130781132872e-55
0
0
DERIV 32
1.9349884446847697284e-40
-8.415304029678618078e-57
0
0
DERIV 33
-1.1928068740962611986e-41
-7.880823288202033172e-58
0
0
DERIV 34
7.355691756748980825e-43
-7.763970836119338293e-59
0
0
DERIV 35
-4.538009313105419836e-44
-4.475566494157976019e-60
0
0
AT 63/4
1.4161948919554409311e-5
-7.234063134726929611e-22
0
0
DERIV 1
-7.114643310406131351e-6
1.8045794402922792157e-22
0
0
DERIV 2
1.8622639081030535117e-6
-8.627209343211608807e-23
0
0
DERIV 3
-3.391367794213219373e-7
-1.0033987381534800362e-23
0
0
DERIV 4
4.840986236473049158e-8
-2.861352948983061465e-25
0
0
DERIV 5
-5.785484509350692783e-9
1.5059598673595117216e-25
0
0
DERIV 6
6.037631320585710722e-10
-1.1184032152540045793e-26
0
0
DERIV 7
-5.665432941443586986e-11
-6.581506679329390912e-28
0
0
DERIV 8
4.884327292354350722e-12
1.1607982331318585292e-28
0
0
DERIV 9
-3.933210585437197744e-13
-1.0279577455458351319e-29
0
0
DERIV 10
2.997015772046334600e-14
-5.905732874439210004e-31
0
0
DERIV 11
-2.1833883173502652001e-15
-8.520499380113776151e-32
0
0
DERIV 12
1.5336071506362344209e-16
1.0647346609446270799e-33
0
0
DERIV 13
-1.0456953184345577440e-17
-3.264140202241087351e-34
0
0
DERIV 14
6.960344495550744464e-19
3.901106597123358161e-35
0
0
DERIV 15
-4.543377958659347769e-20
-1.4323980834347911008e-36
0
0
DERIV 16
2.9192973989659103846e-21
1.2500889926159571788e-37
0
0
DERIV 17
-1.8520914309659861815e-22
6.181153814737428717e-39
0
0
DERIV 18
1.1631104755804337677e-23
3.968434509719916068e-40
0
0
DERIV 19
-7.245084578289513659e-25
3.680063382547362438e-41
0
0
DERIV 20
4.483887823807873084e-26
-6.296199717234994867e-43
0
0
DERIV 21
-2.7608617606757934879e-27
-2.990215519967407069e-44
0
0
DERIV 22
1.6931392637486820240e-28
-8.846570961783000857e-45
0
0
DERIV 23
-1.0351139135604066576e-29
6.330608507196388188e-46
0
0
DERIV 24
6.313162911668238145e-31
-4.302695782062666702e-47
0
0
DERIV 25
-3.843487225858629443e-32
4.786333934972676360e-49
0
0
DERIV 26
2.3368516027466454252e-33
-6.616590314861476079e-50
0
0
DERIV 27
-1.4194897527053457200e-34
9.970190979786692635e-51
0
0
DERIV 28
8.617175550112633205e-36
6.498283797724298364e-52
0
0
DERIV 29
-5.229247661746129710e-37
2.821113126603887584e-53
0
0
DERIV 30
3.172808776888229398e-38
-1.9280523364803241412e-54
0
0
DERIV 31
-1.9250878530739635149e-39
9.615949488276164917e-56
0
0
DERIV 32
1.1681985115444786952e-40
-2.8458745192421268728e-58
0
0
DERIV 33
-7.090684568882653720e-42
-5.085205868478444855e-58
0
0
DERIV 34
4.305283023827748249e-43
1.4782982962886495141e-59
0
0
DERIV 35
-2.615087348286145254e-44
-2.2632149860182412815e-60
0
0
AT 16
1.2494564169186764542e-5
-8.440423843694911873e-22
0
0
DERIV 1
-6.244183440657359756e-6
-2.0149654320612079883e-22
0
0
DERIV 2
1.6251952874037595071e-6
-3.943994207693148091e-23
0
0
DERIV 3
-2.941616553456358736e-7
-2.5710417535194337929e-23
0
0
DERIV 4
4.171434048297487253e-8
-9.043569980033900900e-25
0
0
DERIV 5
-4.950111283536056390e-9
-1.8721962451737578095e-25
0
0
DERIV 6
5.126730277990397937e-10
-4.124238686330944532e-26
0
0
DERIV 7
-4.771715331422788699e-11
-1.7441081055833384478e-27
0
0
DERIV 8
4.078300818872310819e-12
-3.438491638789629776e-28
0
0
DERIV 9
-3.254017828120070703e-13
-2.4344823947090954540e-29
0
0
DERIV 10
2.4554317146542697880e-14
-1.3549220000093657016e-30
0
0
DERIV 11
-1.7705554625280431662e-15
-8.730304593447418994e-32
0
0
DERIV 12
1.2303099310629080093e-16
2.4823045696612279429e-33
0
0
DERIV 13
-8.295077079087253450e-18
-3.234877221915834698e-34
0
0
DERIV 14
5.457158658741822804e-19
-9.540321857135919468e-37
0
0
DERIV 15
-3.519289663165972728e-20
1.8052302440947113783e-37
0
0
DERIV 16
2.2332081520694589147e-21
-1.1202871921716876267e-37
0
0
DERIV 17
-1.3987409741419142375e-22
-1.6293457096296692672e-39
0
0
DERIV 18
8.669294643712730949e-24
5.853032893542573723e-40
0
0
DERIV 19
-5.328096732104891919e-25
-4.922886863967487114e-42
0
0
DERIV 20
3.252672279890492188e-26
-2.7746341277256992484e-42
0
0
DERIV 21
-1.9751059515626485423e-27
-1.0257284492097357714e-43
0
0
DERIV 22
1.1942985213438329231e-28
7.272846849057468323e-45
0
0
DERIV 23
-7.197921789746826922e-30
-4.981727172791924302e-46
0
0
DERIV 24
4.327109954843285864e-31
-7.789478654407187030e-48
0
0
DERIV 25
-2.596267437924729145e-32
-1.2712351569672832189e-48
0
0
DERIV 26
1.5555222541692894777e-33
6.575301927971686053e-50
0
0
DERIV 27
-9.310063611545445643e-35
-3.106379899642855016e-51
0
0
DERIV 28
5.568268464901841184e-36
-2.0352058553862489734e-52
0
0
DERIV 29
-3.328844542907172623e-37
1.9872102572200183743e-53
0
0
DERIV 30
1.9895992982821881067e-38
-5.680963265170226696e-55
0
0
DERIV 31
-1.1890814791583234203e-39
-1.0710446626676607582e-56
0
0
DERIV 32
7.107094711252238130e-41
2.3749536556293679253e-57
0
0
DERIV 33
-4.248697442360727076e-42
1.5549829093560041754e-58
0
0
DERIV 34
2.5406317355059729775e-43
8.567686964335880788e-60
0
0
DERIV 35
-1.5197805191796315606e-44
6.211712321978615177e-61
0
0
AT 33/2
9.744461172137648588e-6
6.011628479868449795e-22
0
0
DERIV 1
-4.820207983253229688e-6
3.481750524045794434e-22
0
0
DERIV 2
1.2407876894580215947e-6
-9.246138939770786159e-23
0
0
DERIV 3
-2.2192421942617517392e-7
8.439208635762705571e-24
0
0
DERIV 4
3.106946111015293219e-8
-1.2120789222675473205e-24
0
0
DERIV 5
-3.636440382708634705e-9
-1.6350669608887034158e-25
0
0
DERIV 6
3.710927623581015699e-10
6.019469724288758813e-27
0
0
DERIV 7
-3.399793263319512088e-11
-1.2954536081352989744e-27
0
0
DERIV 8
2.8572077541454616977e-12
1.5750136212792821186e-28
0
0
DERIV 9
-2.2393109239312459506e-13
-8.009897245800482887e-30
0
0
DERIV 10
1.6580822768083335221e-14
-5.643592130475761085e-31
0
0
DERIV 11
-1.1720160361456029221e-15
-6.430561586502505714e-32
0
0
DERIV 12
7.975573115456438940e-17
4.132691605930450482e-33
0
0
DERIV 13
-5.261247692752496197e-18
3.032580584043986336e-34
0
0
DERIV 14
3.383585235077111539e-19
-2.3798213745097415514e-35
0
0
DERIV 15
-2.1313524895734784763e-20
1.3030078924171713385e-36
0
0
DERIV 16
1.3200623841804699813e-21
-1.0940914330944164562e-38
0
0
DERIV 17
-8.064381506335582746e-23
2.2419876970636699749e-39
0
0
DERIV 18
4.872114935472298196e-24
-2.3743579764835489390e-40
0
0
DERIV 19
-2.917187005523535931e-25
-1.4399568844715242730e-41
0
0
DERIV 20
1.7341023841281236608e-26
8.378534498833263195e-43
0
0
DERIV 21
-1.0248835877952087550e-27
4.935330833026708345e-44
0
0
DERIV 22
6.029423808595343299e-29
-3.3351114340461193728e-46
0
0
DERIV 23
-3.534251296662176263e-30
1.3400260695960880829e-46
0
0
DERIV 24
2.065768984810244817e-31
2.6507278199628375190e-48
0
0
DERIV 25
-1.2047820725898084618e-32
6.528380390888852776e-49
0
0
DERIV 26
7.014651167298242793e-34
-3.158525536733428419e-50
0
0
DERIV 27
-4.079068270334694829e-35
-1.5252872260220703442e-51
0
0
DERIV 28
2.3698745148471428125e-36
-1.5268987135349655880e-52
0
0
DERIV 29
-1.3760154592039587567e-37
5.451210417350705465e-54
0
0
DERIV 30
7.986490803236339987e-39
-2.2274504265668456594e-55
0
0
DERIV 31
-4.634530218657029123e-40
-2.945093496024213544e-56
0
0
DERIV 32
2.689300749815474121e-41
-6.262125053909924876e-58
0
0
DERIV 33
-1.5606703919505304594e-42
1.1595452953057997668e-58
0
0
DERIV 34
9.058681725092457344e-44
-8.190610096612209058e-60
0
0
DERIV 35
-5.259398431263038758e-45
-2.4047431133296109147e-61
0
0
AT 17
7.618647321459496972e-6
2.489454628156582289e-22
0
0
DERIV 1
-3.731399083045686128e-6
-1.5269450499980895627e-22
0
0
DERIV 2
9.502867796684402162e-7
1.6430701325652493678e-24
0
0
DERIV 3
-1.6801831570839093253e-7
2.3527133622653517731e-24
0
0
DERIV 4
2.3232887143607998126e-8
1.1983203099657077808e-24
0
0
DERIV 5
-2.683291663241929784e-9
-3.091805921366811835e-26
0
0
DERIV 6
2.699509629784981662e-10
-6.568098165148592229e-27
0
0
DERIV 7
-2.4358100485711688486e-11
1.4872315355277935556e-27
0
0
DERIV 8
2.0141499735439785924e-12
-1.6905522244717982929e-28
0
0
DERIV 9
-1.5516441591809476067e-13
5.637930812576856515e-30
0
0
DERIV 10
1.1281936645444931239e-14
-4.464546364450723266e-31
0
0
DERIV 11
-7.823332519250357118e-16
1.4379213319095431401e-32
0
0
DERIV 12
5.217893979294691809e-17
-2.8837700843977580599e-33
0
0
DERIV 13
-3.3706188766710811009e-18
-1.5743339905576456948e-34
0
0
DERIV 14
2.1208966389189656537e-19
-4.539239901410255991e-36
0
0
DERIV 15
-1.3061021856369770958e-20
-4.998247734157709337e-37
0
0
DERIV 16
7.902773461321654356e-22
1.6065881599783605323e-38
0
0
DERIV 17
-4.713347424826396866e-23
1.7076646843218239813e-39
0
0
DERIV 18
2.7783415470153826740e-24
-4.366626543132439053e-41
0
0
DERIV 19
-1.6221986907705893351e-25
-4.818505125484676689e-42
0
0
DERIV 20
9.398799987400265135e-27
-6.165735162423254690e-43
0
0
DERIV 21
-5.411766106668190796e-28
9.196693831093235185e-45
0
0
DERIV 22
3.100536839671121487e-29
2.7753717736793508261e-45
0
0
DERIV 23
-1.7693099288077676381e-30
-5.329292014680292499e-48
0
0
DERIV 24
1.0064670691322612523e-31
2.1582055656583036325e-48
0
0
DERIV 25
-5.711088353639136018e-33
-1.6528332545313958583e-49
0
0
DERIV 26
3.234475571267688542e-34
-1.4373251230293295906e-50
0
0
DERIV 27
-1.8291658177095511521e-35
-1.3423214268174894078e-52
0
0
DERIV 28
1.0333067638548491866e-36
-4.286607903918409902e-53
0
0
DERIV 29
-5.832649896986036670e-38
-2.2792090756471080893e-54
0
0
DERIV 30
3.290579051803671325e-39
7.956498453033853691e-57
0
0
DERIV 31
-1.8558294184107901930e-40
-1.4103188080220921374e-56
0
0
DERIV 32
1.0464929386673438249e-41
-2.1572960979152321941e-58
0
0
DERIV 33
-5.901016808309414841e-43
-3.387318551006489302e-60
0
0
DERIV 34
3.327809105706939503e-44
4.963164695658648642e-61
0
0
DERIV 35
-1.8770270049767047887e-45
5.236066132128900503e-62
0
0
AT 35/2
5.970889423233716868e-6
-2.234802453326819476e-22
0
0
DERIV 1
-2.896300052951564322e-6
-1.0583464006209180172e-22
0
0
DERIV 2
7.299924557195359059e-7
3.950139482678301979e-23
0
0
DERIV 3
-1.2763584531339529422e-7
6.781569865084356057e-24
0
0
DERIV 4
1.7438643451580647371e-8
9.719598275261634036e-25
0
0
DERIV 5
-1.988358167329500190e-9
-2.978598303733823649e-26
0
0
DERIV 6
1.9730492572054790616e-10
-4.979275262475120510e-27
0
0
DERIV 7
-1.7543680479249925644e-11
-1.3939877825959604878e-27
0
0
DERIV 8
1.4281843223520376947e-12
6.959886057057243339e-29
0
0
DERIV 9
-1.0821520473957989101e-13
3.714172146480436189e-30
0
0
DERIV 10
7.731691975277609278e-15
-6.146720335501885711e-31
0
0
DERIV 11
-5.263514657823341621e-16
4.689632679728109303e-32
0
0
DERIV 12
3.443363730907910493e-17
-9.795711911970087545e-34
0
0
DERIV 13
-2.1798543231214812182e-18
1.5707787909021995432e-34
0
0
DERIV 14
1.3431162282700368444e-19
-1.1100708457771638896e-36
0
0
DERIV 15
-8.093115106789093388e-21
2.914352897591371350e-37
0
0
DERIV 16
4.788004602075322818e-22
-3.987396377437542626e-38
0
0
DERIV 17
-2.790343000561797565e-23
3.3065880030607473507e-40
0
0
DERIV 18
1.6062319981095660764e-24
-7.765342461122927179e-41
0
0
DERIV 19
-9.153491350514548454e-26
5.065450769579561646e-42
0
0
DERIV 20
5.173732560976704352e-27
9.441296157545793288e-44
0
0
DERIV 21
-2.904891735515283619e-28
-1.6927116394039548584e-44
0
0
DERIV 22
1.6222503926055222556e-29
-9.045356810115323928e-46
0
0
DERIV 23
-9.020365045981079201e-31
-5.957997213803120751e-47
0
0
DERIV 24
4.998328964939391826e-32
-3.393519318539963236e-48
0
0
DERIV 25
-2.7620408001690087324e-33
9.287782641627651671e-50
0
0
DERIV 26
1.5229839022575070556e-34
-8.245870214537240791e-51
0
0
DERIV 27
-8.383607392648714797e-36
-4.199844716660170248e-52
0
0
DERIV 28
4.609037843216535171e-37
-2.728067915085504346e-53
0
0
DERIV 29
-2.531489255356189329e-38
-2.1597596177591830403e-54
0
0
DERIV 30
1.3894595634132786415e-39
1.4026592408153321227e-57
0
0
DERIV 31
-7.622834335200027437e-41
4.990031443339209534e-57
0
0
DERIV 32
4.180876660191880643e-42
-2.5436973969778922710e-58
0
0
DERIV 33
-2.2927879866821543542e-43
-7.625012987402123748e-60
0
0
DERIV 34
1.2573602386205017406e-44
4.033287287746545844e-61
0
0
DERIV 35
-6.896023213241816526e-46
-2.030708880626011458e-62
0
0
AT 18
4.690313760250888357e-6
-1.5841405315562614049e-22
0
0
DERIV 1
-2.253901359982424903e-6
-1.4296641547187822542e-22
0
0
DERIV 2
5.623852612449993137e-7
3.573772307809635431e-23
0
0
DERIV 3
-9.727220410177569172e-8
-3.610389354496904272e-24
0
0
DERIV 4
1.3136734187930922094e-8
2.107164045889985194e-25
0
0
DERIV 5
-1.4793453270884368899e-9
-5.635487337521300565e-26
0
0
DERIV 6
1.4485742331973440978e-10
9.834141492301235383e-27
0
0
DERIV 7
-1.2698963458683071416e-11
6.351607786061426570e-28
0
0
DERIV 8
1.0183249744981825722e-12
-7.728231221402220636e-29
0
0
DERIV 9
-7.593675448002165263e-14
6.113197351059829862e-30
0
0
DERIV 10
5.334683448908843170e-15
1.9125145610293960353e-31
0
0
DERIV 11
-3.567757319086716211e-16
9.907575924830258821e-33
0
0
DERIV 12
2.2909377696110355918e-17
3.693112220303753850e-34
0
0
DERIV 13
-1.4223576571021083994e-18
6.120567774461077297e-36
0
0
DERIV 14
8.588230051669948700e-20
-2.5003870774350698600e-36
0
0
DERIV 15
-5.067486333226123139e-21
-3.794033329294275148e-38
0
0
DERIV 16
2.933717780074242623e-22
-7.563007278721988491e-39
0
0
DERIV 17
-1.6719812116831784106e-23
-8.339829850097904202e-40
0
0
DERIV 18
9.406726012039780737e-25
-5.972729756065677832e-41
0
0
DERIV 19
-5.236519538544836279e-26
-7.222560222317686380e-43
0
0
DERIV 20
2.8898616555107512659e-27
-1.6671218038776905481e-45
0
0
DERIV 21
-1.5835523778331649750e-28
1.0764080068406634809e-44
0
0
DERIV 22
8.627431386187802338e-30
-4.156528034831216187e-46
0
0
DERIV 23
-4.678412626252982849e-31
-2.313529908083027092e-47
0
0
DERIV 24
2.527411529750152821e-32
-1.4500686999212762873e-48
0
0
DERIV 25
-1.3612521360284016540e-33
-6.753772854139310492e-50
0
0
DERIV 26
7.314000457286175900e-35
-1.8543396860946705170e-51
0
0
DERIV 27
-3.922359306438767362e-36
8.555312974848721189e-54
0
0
DERIV 28
2.100387959943731848e-37
-7.245578239636621416e-54
0
0
DERIV 29
-1.1234750129190913689e-38
-4.121643474912244757e-55
0
0
DERIV 30
6.004333095013733202e-40
-3.590235131662001298e-56
0
0
DERIV 31
-3.207063401868000196e-41
-1.1632873300788797765e-57
0
0
DERIV 32
1.7122912734833369564e-42
-4.727700408644816690e-59
0
0
DERIV 33
-9.139996718047804046e-44
2.0116872693361745539e-60
0
0
DERIV 34
4.878331351195895652e-45
1.0573443397325476099e-62
0
0
DERIV 35
-2.6037642412407817801e-46
-8.061071275916175575e-63
0
0
AT 37/2
3.692577354424623789e-6
1.0832162821093735476e-22
0
0
DERIV 1
-1.7583383472406133075e-6
4.933736038421801480e-23
0
0
DERIV 2
4.344607699157643481e-7
-7.409398153419807976e-24
0
0
DERIV 3
-7.436104728541239541e-8
-5.276002381438197193e-24
0
0
DERIV 4
9.930201040329223649e-9
5.449169349693767334e-26
0
0
DERIV 5
-1.1048727723273701211e-9
8.982978347659258154e-26
0
0
DERIV 6
1.0680716953018666569e-10
2.7270085925884361622e-27
0
0
DERIV 7
-9.235901547023538737e-12
8.290106402626201949e-29
0
0
DERIV 8
7.299216110850501136e-13
4.778799905906169920e-29
0
0
DERIV 9
-5.359755583501855630e-14
2.0247299143604051528e-30
0
0
DERIV 10
3.704504148274606769e-15
1.8095417234567287201e-31
0
0
DERIV 11
-2.435430839351641889e-16
9.189479226300262096e-33
0
0
DERIV 12
1.5360053398800888643e-17
2.308595971637455635e-34
0
0
DERIV 13
-9.359228196184748299e-19
-8.174030891993594171e-35
0
0
DERIV 14
5.541861415196796400e-20
-5.533711261521292426e-36
0
0
DERIV 15
-3.2044460524929802803e-21
3.102862570827413874e-38
0
0
DERIV 16
1.8167498445248249793e-22
-5.070567563923423908e-39
0
0
DERIV 17
-1.0133375362120733180e-23
6.522832545852737505e-40
0
0
DERIV 18
5.576459733365945612e-25
-5.648314203821765133e-42
0
0
DERIV 19
-3.034822118281064428e-26
2.0861900852756531633e-42
0
0
DERIV 20
1.6365607738709006248e-27
1.0532199227923233374e-43
0
0
DERIV 21
-8.759236424860185583e-29
-2.7581718470346765363e-45
0
0
DERIV 22
4.659367626382806149e-30
7.822306837919832379e-47
0
0
DERIV 23
-2.466072827939006588e-31
-1.0512298482954699110e-47
0
0
DERIV 24
1.2999043017835105395e-32
-6.696720732959324061e-49
0
0
DERIV 25
-6.829400133458679846e-34
-2.191171863103236959e-50
0
0
DERIV 26
3.578499916066632477e-35
-2.4142719119423009716e-51
0
0
DERIV 27
-1.8711151840963977288e-36
-4.666266840612636681e-53
0
0
DERIV 28
9.767315218190495338e-38
-3.901850219003583548e-54
0
0
DERIV 29
-5.091974685666890001e-39
2.7031612821064626212e-55
0
0
DERIV 30
2.6519630502266721064e-40
-1.0364463083225299658e-56
0
0
DERIV 31
-1.3801619577479890439e-41
1.1485734250000162689e-57
0
0
DERIV 32
7.179038353367892956e-43
-4.344560232737794890e-59
0
0
DERIV 33
-3.732954769081774142e-44
-3.209060697473891886e-61
0
0
DERIV 34
1.9406756075105278855e-45
5.011806228573439189e-62
0
0
DERIV 35
-1.0088336838430874338e-46
-7.332898673174657774e-63
0
0
AT 19
2.913315952120086373e-6
-1.8171017054312693578e-22
0
0
DERIV 1
-1.3750094750369045143e-6
-3.726654339996159772e-23
0
0
DERIV 2
3.365277851361429920e-7
2.2031872703644269962e-23
0
0
DERIV 3
-5.701480240800401919e-8
-1.9585428610159721646e-24
0
0
DERIV 4
7.531132848618108662e-9
-4.235350317687519543e-25
0
0
DERIV 5
-8.282248708969630593e-10
-3.253358806065240929e-26
0
0
DERIV 6
7.907350635428292906e-11
4.990990730540865974e-27
0
0
DERIV 7
-6.747692142952043868e-12
-3.887451152250635138e-28
0
0
DERIV 8
5.258252133173310392e-13
-2.8062051751181032762e-30
0
0
DERIV 9
-3.803994322566412427e-14
2.0460290520491026121e-30
0
0
DERIV 10
2.5881865192899579267e-15
-1.1142985618164303939e-31
0
0
DERIV 11
-1.6736212159806102084e-16
-5.379942638392182164e-33
0
0
DERIV 12
1.0373932225247023892e-17
5.608273038557797274e-34
0
0
DERIV 13
-6.207619503631025555e-19
1.7915780432421255756e-35
0
0
DERIV 14
3.607072041343382555e-20
-5.338473216884127807e-37
0
0
DERIV 15
-2.0453284933232791266e-21
1.8129838985329840254e-37
0
0
DERIV 16
1.1364018908359407281e-22
-6.789346457061595460e-39
0
0
DERIV 17
-6.208025303506273128e-24
6.703817732958516378e-41
0
0
DERIV 18
3.344081431405428301e-25
2.1808554010867301592e-41
0
0
DERIV 19
-1.7805220961963791041e-26
8.486120591374401296e-43
0
0
DERIV 20
9.389426812008436672e-28
-3.416264411456863323e-44
0
0
DERIV 21
-4.912269123170542618e-29
-1.0990631806655574918e-46
0
0
DERIV 22
2.5532071557886374077e-30
-1.2570142692182577174e-46
0
0
DERIV 23
-1.3199550847406583442e-31
6.929482880503892904e-48
0
0
DERIV 24
6.793995660827575939e-33
3.570787756279532684e-49
0
0
DERIV 25
-3.484476858178649231e-34
-1.4802786668740017625e-51
0
0
DERIV 26
1.7819290461286729903e-35
-5.893246672150632357e-52
0
0
DERIV 27
-9.091361862874928729e-37
-1.6372191670269600219e-53
0
0
DERIV 28
4.629749867123752395e-38
-1.5498325096359472237e-54
0
0
DERIV 29
-2.3542167770956938136e-39
1.5941071020604259906e-55
0
0
DERIV 30
1.1957424815621526427e-40
8.178288776182452979e-57
0
0
DERIV 31
-6.068054716397920539e-42
1.0389027214102290586e-58
0
0
DERIV 32
3.0773762051091781163e-43
8.010084333021727081e-62
0
0
DERIV 33
-1.5599590668351879355e-44
3.827529839733051025e-61
0
0
DERIV 34
7.905254322898233035e-46
4.866382221942319269e-62
0
0
DERIV 35
-4.005397168989966296e-47
6.248828553055536252e-64
0
0
AT 39/2
2.303262309149840556e-6
-1.2854080654985041195e-22
0
0
DERIV 1
-1.0777219257254518362e-6
-3.593467071805568545e-23
0
0
DERIV 2
2.613369227351001252e-7
1.2478768761359058703e-23
0
0
DERIV 3
-4.383930310914428515e-8
1.9839664579229290085e-24
0
0
DERIV 4
5.729733950343237190e-9
2.935838677281265552e-25
0
0
DERIV 5
-6.230292886175699648e-10
2.919949559543752964e-26
0
0
DERIV 6
5.876963645627955086e-11
5.193408057311354852e-27
0
0
DERIV 7
-4.951138795879953479e-12
2.739499980810005752e-28
0
0
DERIV 8
3.806082957565457962e-13
3.420530519116977266e-30
0
0
DERIV 9
-2.7140590643989120694e-14
1.2840597171982849174e-30
0
0
DERIV 10
1.8187505557476951056e-15
-6.524591235980008499e-33
0
0
DERIV 11
-1.1574227100071092501e-16
-1.1508211585744819253e-32
0
0
DERIV 12
7.055076899330235859e-18
-7.821177950901976790e-35
0
0
DERIV 13
-4.148428895261159702e-19
1.3376565561711550793e-36
0
0
DERIV 14
2.3670292833528480897e-20
5.246070147812790051e-37
0
0
DERIV 15
-1.3170670920031720245e-21
7.740525041192609023e-38
0
0
DERIV 16
7.176225625063426882e-23
2.5857956342517204783e-39
0
0
DERIV 17
-3.842190902078184282e-24
1.9404248230353309460e-41
0
0
DERIV 18
2.0273325152767933424e-25
4.235015166256626093e-42
0
0
DERIV 19
-1.0568150149932139993e-26
4.041905783366606179e-43
0
0
DERIV 20
5.453734752372066546e-28
-2.817645311942764400e-44
0
0
DERIV 21
-2.790992220466544965e-29
6.415565262108550985e-46
0
0
DERIV 22
1.4184684583142082432e-30
5.307052504264930498e-47
0
0
DERIV 23
-7.168062822703317365e-32
3.229680221525966396e-48
0
0
DERIV 24
3.605319912471977696e-33
2.3980578943477710557e-49
0
0
DERIV 25
-1.8063945940309420228e-34
5.060766596300074764e-51
0
0
DERIV 26
9.022253359167070262e-36
2.334914955492634558e-53
0
0
DERIV 27
-4.494769724929763968e-37
-1.7784516483610043308e-54
0
0
DERIV 28
2.2346233734980102573e-38
3.803551504875348097e-55
0
0
DERIV 29
-1.1091365269222535805e-39
9.788966950304489695e-57
0
0
DERIV 30
5.497933144097155502e-41
4.030838130178080181e-57
0
0
DERIV 31
-2.7225331084408557571e-42
2.789814317354822251e-59
0
0
DERIV 32
1.3471351457703401398e-43
5.164062592836533492e-60
0
0
DERIV 33
-6.661949305641547132e-45
-5.949751495836256752e-61
0
0
DERIV 34
3.2931929183395165381e-46
-1.6034248330436353815e-62
0
0
DERIV 35
-1.6274970948787111135e-47
1.0180601762941187232e-63
0
0
AT 20
1.8245951838191349274e-6
-2.6040676222012831698e-23
0
0
DERIV 1
-8.465838093555252458e-7
-1.7347929206580659934e-23
0
0
DERIV 2
2.0344578892601626093e-7
1.2441149896368288537e-23
0
0
DERIV 3
-3.380068287908585579e-8
2.8736367322637643769e-24
0
0
DERIV 4
4.372449610958501585e-9
4.421200541586412537e-28
0
0
DERIV 5
-4.702498032054487882e-10
-4.832120051400616217e-26
0
0
DERIV 6
4.384222917275316966e-11
2.3179367039875888341e-27
0
0
DERIV 7
-3.647912761388089858e-12
-3.722610167604083348e-28
0
0
DERIV 8
2.767520271251036480e-13
-1.5414387070955925663e-29
0
0
DERIV 9
-1.9461433827236802164e-14
-2.110645368601773361e-31
0
0
DERIV 10
1.2851119032822624227e-15
-1.7864077936280694347e-32
0
0
DERIV 11
-8.052750989438585117e-17
2.0188821292958274749e-33
0
0
DERIV 12
4.829663959784016316e-18
3.053833351044542489e-34
0
0
DERIV 13
-2.792219078138378966e-19
-9.746594079615128675e-36
0
0
DERIV 14
1.5653810238467861845e-20
1.2247442931306656868e-36
0
0
DERIV 15
-8.552425447579303740e-22
2.1169412386570940152e-38
0
0
DERIV 16
4.572703716095225063e-23
-2.8639262615776018238e-39
0
0
DERIV 17
-2.4010411060828899022e-24
-2.553965995757986688e-41
0
0
DERIV 18
1.2418112727929531658e-25
2.7735146127358076428e-42
0
0
DERIV 19
-6.341970230725823471e-27
5.514885056934090982e-44
0
0
DERIV 20
3.204916005300727323e-28
-7.143152232270737773e-45
0
0
DERIV 21
-1.6054584024973156356e-29
2.4989497132783908377e-46
0
0
DERIV 22
7.983898607750332511e-31
7.209186535867825813e-47
0
0
DERIV 23
-3.946434043995632595e-32
-1.6995402057418659078e-48
0
0
DERIV 24
1.9409840490264334298e-33
6.539073387269471757e-52
0
0
DERIV 25
-9.507070002894806657e-35
3.233079927759878513e-51
0
0
DERIV 26
4.640855004156297569e-36
-2.3742247664937514347e-52
0
0
DERIV 27
-2.259141365116600928e-37
-1.6837062437010691634e-53
0
0
DERIV 28
1.0972543293825591828e-38
-5.371326466021491020e-55
0
0
DERIV 29
-5.319587295244493749e-40
-4.970611861364492506e-57
0
0
DERIV 30
2.575213864427586426e-41
5.197281436660106606e-58
0
0
DERIV 31
-1.2452197711952747995e-42
-4.467708338065677704e-59
0
0
DERIV 32
6.015717250570743555e-44
2.1398475179490653481e-60
0
0
DERIV 33
-2.904230275818772389e-45
-2.9797156953424989831e-61
0
0
DERIV 34
1.4013785236026419044e-46
8.974646176798067906e-63
0
0
DERIV 35
-6.759687377772545161e-48
-1.9566671247407149539e-64
0
0
AT 41/2
1.4481988813871065787e-6
-4.919315429144940198e-23
0
0
DERIV 1
-6.664414227822612914e-7
-2.4476833017262883997e-23
0
0
DERIV 2
1.5875445073995097375e-7
1.0369237901249530162e-23
0
0
DERIV 3
-2.6129322473610692314e-8
1.0347859311673285754e-24
0
0
DERIV 4
3.346412022861485466e-9
1.5832371034180734212e-25
0
0
DERIV 5
-3.560810847991182569e-10
4.312948481234401202e-27
0
0
DERIV 6
3.282322428095562650e-11
6.366662427146490443e-28
0
0
DERIV 7
-2.6983293119317805175e-12
-4.441714669709513911e-29
0
0
DERIV 8
2.0211108539562213432e-13
-7.895212320632420998e-30
0
0
DERIV 9
-1.4021873213027015700e-14
-1.5719644693638876367e-31
0
0
DERIV 10
9.128223302552251826e-16
-9.741093556053685977e-32
0
0
DERIV 11
-5.634926131056795486e-17
3.545909219690529359e-33
0
0
DERIV 12
3.3269746440383879224e-18
3.612625086597152152e-35
0
0
DERIV 13
-1.8922087223987120877e-19
-2.9579902643886452778e-36
0
0
DERIV 14
1.0428839351696927251e-20
-3.546539048026798220e-37
0
0
DERIV 15
-5.597888536440936856e-22
-3.284597379589248870e-38
0
0
DERIV 16
2.938764480536263095e-23
-9.327667716598729188e-40
0
0
DERIV 17
-1.5142659015148173661e-24
3.155239779210691903e-41
0
0
DERIV 18
7.681395375698103317e-26
1.3853672543735802829e-42
0
0
DERIV 19
-3.845733822099227082e-27
-1.9754991427598795294e-43
0
0
DERIV 20
1.9043552426096474356e-28
1.0427543348427735447e-44
0
0
DERIV 21
-9.343923177933415852e-30
-5.726124308993897799e-46
0
0
DERIV 22
4.549700260734829862e-31
2.784874443735134002e-47
0
0
DERIV 23
-2.2012230660583390532e-32
-3.570466900127006012e-51
0
0
DERIV 24
1.0593527992122222080e-33
-2.738582798802185288e-50
0
0
DERIV 25
-5.075815903480148577e-35
5.276065362441276175e-51
0
0
DERIV 26
2.4232081032592498154e-36
2.894176129032403527e-53
0
0
DERIV 27
-1.1533830109481552823e-37
6.497868564981721572e-54
0
0
DERIV 28
5.476317017709917844e-39
-2.7709027296709274982e-55
0
0
DERIV 29
-2.5949733040528773110e-40
-1.9181480898701914955e-56
0
0
DERIV 30
1.2276438596428078658e-41
-1.1740746635097990746e-57
0
0
DERIV 31
-5.800251043585921664e-43
-2.7896399358898498136e-61
0
0
DERIV 32
2.737623766131539833e-44
-2.0742304504602862210e-60
0
0
DERIV 33
-1.2910779774837684152e-45
-6.334341515186776457e-62
0
0
DERIV 34
6.085082880071612352e-47
-1.4512281612673053949e-63
0
0
DERIV 35
-2.866726617473707239e-48
-2.641413377507056363e-65
0
0
AT 21
1.1515991331344474687e-6
-1.6847395766276819733e-23
0
0
DERIV 1
-5.257161618440746539e-7
2.3420125150363063274e-23
0
0
DERIV 2
1.2416406933654009795e-7
-1.1110334046404114972e-24
0
0
DERIV 3
-2.0250209563031548099e-8
-2.926590124034283617e-25
0
0
DERIV 4
2.568323092151840871e-9
8.471913006672597870e-26
0
0
DERIV 5
-2.704664841194813382e-10
1.4278204017825449105e-26
0
0
DERIV 6
2.4657832482389526289e-11
-1.4109000067952001810e-27
0
0
DERIV 7
-2.0034741625084149110e-12
-2.0089752098310410579e-28
0
0
DERIV 8
1.4821548429578843628e-13
7.020230800491224546e-30
0
0
DERIV 9
-1.0148916743077108792e-14
-7.708971466798353538e-33
0
0
DERIV 10
6.516352095918812811e-16
-5.167009674247168442e-33
0
0
DERIV 11
-3.964672863689277031e-17
-1.2240265798269025701e-33
0
0
DERIV 12
2.3055279576744685328e-18
-5.225360007599801828e-35
0
0
DERIV 13
-1.2906252119344796866e-19
5.908881035617815069e-36
0
0
DERIV 14
6.996740296265482644e-21
7.268399935060556847e-37
0
0
DERIV 15
-3.691844314724065864e-22
-1.7737949061378339501e-38
0
0
DERIV 16
1.9040919372389049894e-23
-2.6537738118048519402e-40
0
0
DERIV 17
-9.633612317125530243e-25
-2.663555196236211526e-41
0
0
DERIV 18
4.795865374414336576e-26
-2.0181615577582579594e-42
0
0
DERIV 19
-2.3552570603126431945e-27
-1.5742395441910655684e-43
0
0
DERIV 20
1.1435313928369352682e-28
2.6721615365163709120e-45
0
0
DERIV 21
-5.499146515792779562e-30
-6.841371007082423957e-47
0
0
DERIV 22
2.623342859888921570e-31
7.523456753315487921e-48
0
0
DERIV 23
-1.2430756192051924811e-32
-1.1176434106794340427e-49
0
0
DERIV 24
5.857388754058739360e-34
-2.800423876062861854e-50
0
0
DERIV 25
-2.747139176718688589e-35
2.2712290569894832693e-52
0
0
DERIV 26
1.2834235464944902368e-36
5.392576565772513287e-54
0
0
DERIV 27
-5.976695260167470741e-38
-2.2642069527629548117e-54
0
0
DERIV 28
2.7758619745821962026e-39
-1.1467332448152339302e-55
0
0
DERIV 29
-1.2864297816300633639e-40
4.922426885132025241e-57
0
0
DERIV 30
5.951131160992770505e-42
-6.017614363538304540e-58
0
0
DERIV 31
-2.7490644479935726515e-43
-4.525852903444639434e-60
0
0
DERIV 32
1.2684293020718254559e-44
1.8858842958887064719e-61
0
0
DERIV 33
-5.847205367254243481e-46
1.5836524079081761422e-62
0
0
DERIV 34
2.693517271802087618e-47
1.6850336278290653477e-63
0
0
DERIV 35
-1.2400963914036857609e-48
3.789418136388384334e-66
0
0
AT 43/2
9.174032316530497665e-7
3.352803011202637949e-23
0
0
DERIV 1
-4.155356957774313250e-7
1.9010934272162855487e-23
0
0
DERIV 2
9.732502056342598713e-8
-4.029836088165667524e-24
0
0
DERIV 3
-1.5732220964596523364e-8
-4.060383189712961354e-25
0
0
DERIV 4
1.976469075833373729e-9
1.0247553292411767373e-25
0
0
DERIV 5
-2.0604878128438248709e-10
-1.2241840651098411786e-26
0
0
DERIV 6
1.8584629624784359438e-11
5.312506392418985127e-29
0
0
DERIV 7
-1.4929418815912295453e-12
-4.201456486980227030e-29
0
0
DERIV 8
1.0912498847311114056e-13
-3.419902035526079075e-30
0
0
DERIV 9
-7.377838199615014108e-15
7.510577807836968031e-31
0
0
DERIV 10
4.674107600879009934e-16
-3.286297905372546656e-32
0
0
DERIV 11
-2.804100035787747371e-17
-1.1474677855777287516e-33
0
0
DERIV 12
1.6067926988335182109e-18
7.857334613285056859e-35
0
0
DERIV 13
-8.857495849954112735e-20
-3.379343918355080123e-36
0
0
DERIV 14
4.725579756088592191e-21
2.450582042200978721e-37
0
0
DERIV 15
-2.452390680734755367e-22
5.838088902270535068e-39
0
0
DERIV 16
1.2432901123132618172e-23
-2.0164096813228279921e-40
0
0
DERIV 17
-6.179845366558893008e-25
-1.1060278299194909120e-42
0
0
DERIV 18
3.020925330287069948e-26
-6.345069251040681918e-44
0
0
DERIV 19
-1.4561030545979521856e-27
5.461381190349810015e-44
0
0
DERIV 20
6.935767358504536927e-29
-5.632601935280136490e-46
0
0
DERIV 21
-3.270856850788418221e-30
-2.7203761888848744229e-46
0
0
DERIV 22
1.5296186275958230298e-31
-3.543076364065343919e-48
0
0
DERIV 23
-7.103030914359067764e-33
2.4371692112885210008e-49
0
0
DERIV 24
3.278972249296120110e-34
-3.884958687492639268e-51
0
0
DERIV 25
-1.5062038736857156307e-35
-1.2313154732400758606e-51
0
0
DERIV 26
6.890262958839033693e-37
4.031310650691259088e-53
0
0
DERIV 27
-3.141183795924641940e-38
2.0645158092888675632e-54
0
0
DERIV 28
1.4279394986935285617e-39
-4.736564203264545056e-56
0
0
DERIV 29
-6.475892117611391412e-41
8.278860788341139070e-58
0
0
DERIV 30
2.931192018518002948e-42
-1.8418200376951544798e-58
0
0
DERIV 31
-1.3246389808589435483e-43
7.531687324767275759e-60
0
0
DERIV 32
5.978464301932795539e-45
3.412493240295806454e-61
0
0
DERIV 33
-2.6954482690285262392e-46
1.0517853492559304884e-63
0
0
DERIV 34
1.2142699118674326269e-47
-2.5429783086229288833e-64
0
0
DERIV 35
-5.466656080112058624e-49
-2.502133939372928909e-65
0
0
AT 22
7.321174807109727061e-7
4.916630983371897140e-23
0
0
DERIV 1
-3.290826687463793565e-7
-2.0959055913621922011e-24
0
0
DERIV 2
7.645032084725481274e-8
-6.117172818779668305e-24
0
0
DERIV 3
-1.2251027296336781441e-8
1.9998703997979667624e-25
0
0
DERIV 4
1.5249576989560608086e-9
-2.793872262896539693e-26
0
0
DERIV 5
-1.5742357489161197808e-10
7.367137915796760279e-27
0
0
DERIV 6
1.4051492645455500261e-11
-2.082975048502038637e-28
0
0
DERIV 7
-1.1163721417165469525e-12
7.603259034132180160e-29
0
0
DERIV 8
8.065109976945261712e-14
1.1518768489008361674e-30
0
0
DERIV 9
-5.385842027465406081e-15
-3.469261011090051326e-31
0
0
DERIV 10
3.368048794983060387e-16
1.2776577713349851794e-32
0
0
DERIV 11
-1.9931779243917958162e-17
-4.349259008926927738e-34
0
0
DERIV 12
1.1259173974945099852e-18
-9.152957232084580615e-35
0
0
DERIV 13
-6.114753708833016231e-20
-4.790941740686094597e-36
0
0
DERIV 14
3.2120327155592322123e-21
1.4116933948509073103e-38
0
0
DERIV 15
-1.6402770895774497391e-22
-1.6965919439968428479e-39
0
0
DERIV 16
8.178254038317512439e-24
5.813015058521289417e-40
0
0
DERIV 17
-3.995741975162824298e-25
-4.737841888408340681e-42
0
0
DERIV 18
1.9190083978631453863e-26
-4.830243522770902286e-43
0
0
DERIV 19
-9.083350918900759677e-28
-7.546231079974999418e-44
0
0
DERIV 20
4.246982469901563772e-29
-1.1517208873717453291e-45
0
0
DERIV 21
-1.9652101975629745441e-30
4.657809479089898535e-47
0
0
DERIV 22
9.014382055937198428e-32
4.429854081190427905e-48
0
0
DERIV 23
-4.104490685219180534e-33
-1.5301429553509053423e-49
0
0
DERIV 24
1.8573186423144188745e-34
8.308801531725428166e-51
0
0
DERIV 25
-8.360801677869335474e-36
-1.1894296381866976252e-52
0
0
DERIV 26
3.747218109899673515e-37
-3.256649525740576212e-54
0
0
DERIV 27
-1.6733212009971128631e-38
-1.1280882283348245928e-54
0
0
DERIV 28
7.449406819146866251e-40
-8.115520363789635458e-56
0
0
DERIV 29
-3.307950776488720501e-41
-1.2661280833081727841e-57
0
0
DERIV 30
1.4658197353381432339e-42
1.1119396851443835965e-58
0
0
DERIV 31
-6.484058598174862227e-44
-3.617533265497298426e-60
0
0
DERIV 32
2.864142479870114364e-45
-3.0775932431350608113e-61
0
0
DERIV 33
-1.2636873085460827205e-46
9.054702808111131011e-63
0
0
DERIV 34
5.570325571476487725e-48
-3.305433280789641285e-64
0
0
DERIV 35
-2.4535865866753320777e-49
-1.2560222992170387363e-65
0
0
AT 45/2
5.852479496447828679e-7
1.3106094450571407261e-23
0
0
DERIV 1
-2.611048169796664768e-7
7.818047723122380789e-24
0
0
DERIV 2
6.017691146492758839e-8
-2.4881084633012119996e-24
0
0
DERIV 3
-9.561849794217933030e-9
1.8582327650688265208e-25
0
0
DERIV 4
1.1795404286850891881e-9
-5.453056174086988239e-26
0
0
DERIV 5
-1.2060539137964324640e-10
1.5021720461038062908e-27
0
0
DERIV 6
1.0656344777336046240e-11
1.6010945329056139010e-28
0
0
DERIV 7
-8.375730315281662063e-13
2.0670154491363333866e-29
0
0
DERIV 8
5.982528924661169414e-14
-5.173455947053936910e-30
0
0
DERIV 9
-3.947460576661717697e-15
3.356389623061650802e-31
0
0
DERIV 10
2.437582318033013333e-16
-1.7519274417150099279e-33
0
0
DERIV 11
-1.4235454377279345782e-17
-1.3101647464710271563e-33
0
0
DERIV 12
7.930613120650073007e-19
-1.0339283784361699856e-35
0
0
DERIV 13
-4.245121700919433159e-20
-2.7455817930190109367e-36
0
0
DERIV 14
2.1965727919367212467e-21
1.2209276088079333834e-37
0
0
DERIV 15
-1.1043083190642730909e-22
1.9819630668219055716e-39
0
0
DERIV 16
5.417580420942922330e-24
3.0980070105423346755e-40
0
0
DERIV 17
-2.603097505366880760e-25
1.2401497276040671907e-41
0
0
DERIV 18
1.2288759060897975830e-26
4.511252652341401852e-43
0
0
DERIV 19
-5.715039213903384106e-28
9.846209894771539422e-45
0
0
DERIV 20
2.624299961762377480e-29
2.4704092311490622924e-45
0
0
DERIV 21
-1.1921580359846260692e-30
-7.659780321867386162e-47
0
0
DERIV 22
5.366587467557256076e-32
5.022426441182167617e-48
0
0
DERIV 23
-2.3972742553386978883e-33
-1.3131512838781462549e-50
0
0
DERIV 24
1.0639281614112004098e-34
-9.766627813164825991e-51
0
0
DERIV 25
-4.695957948724010082e-36
2.6540510378443863372e-52
0
0
DERIV 26
2.063143674424590677e-37
1.2495049312746033291e-53
0
0
DERIV 27
-9.029171518131561402e-39
4.882799323030060785e-55
0
0
DERIV 28
3.938686619779887020e-40
-3.142432255294609005e-56
0
0
DERIV 29
-1.7134496671693370243e-41
-6.010723886213423120e-58
0
0
DERIV 30
7.437114748474431216e-43
4.815165865557612452e-59
0
0
DERIV 31
-3.221946662440896412e-44
1.8774548934367146585e-60
0
0
DERIV 32
1.3936560814880477915e-45
-1.9257551911947294578e-62
0
0
DERIV 33
-6.020573309386246006e-47
2.918317114416616345e-63
0
0
DERIV 34
2.5981767007781467634e-48
-6.357778768889118594e-66
0
0
DERIV 35
-1.1203056071752568276e-49
-2.520491643033046595e-66
0
0
AT 23
4.686146503432782522e-7
2.5483572731562221726e-23
0
0
DERIV 1
-2.0754530177085533356e-7
-1.6855796368694101160e-25
0
0
DERIV 2
4.746215644803981306e-8
-2.9994227869876378997e-24
0
0
DERIV 3
-7.479374011468378213e-9
1.2969149757160095427e-25
0
0
DERIV 4
9.145708182596580128e-10
-3.367749077372990951e-26
0
0
DERIV 5
-9.264410315465746752e-11
-1.5927132072182154670e-27
0
0
DERIV 6
8.105172563517881035e-12
7.389069454296931192e-28
0
0
DERIV 7
-6.304177062209105886e-13
-1.6820995760193461804e-29
0
0
DERIV 8
4.453331628842965710e-14
2.6854181160221788933e-30
0
0
DERIV 9
-2.9043655203675112808e-15
5.037310744241496306e-32
0
0
DERIV 10
1.7715881353704756067e-16
4.519064142404949279e-33
0
0
DERIV 11
-1.0213670247776365286e-17
-4.304633361944339381e-34
0
0
DERIV 12
5.613889431254619308e-19
1.7505272804563757556e-35
0
0
DERIV 13
-2.963044422043847941e-20
6.634978901098768049e-37
0
0
DERIV 14
1.5109000652216428502e-21
-3.929606815544675290e-41
0
0
DERIV 15
-7.481394235651108315e-23
4.948985784884774183e-40
0
0
DERIV 16
3.613016032207810077e-24
-2.8819479732931422492e-40
0
0
DERIV 17
-1.7080837432215900447e-25
3.975664787830547549e-43
0
0
DERIV 18
7.930039870729062142e-27
-6.990078817080361688e-43
0
0
DERIV 19
-3.625289740801678091e-28
1.9202156912970329857e-44
0
0
DERIV 20
1.6357393294443370223e-29
-5.113137374497361699e-46
0
0
DERIV 21
-7.298706512331876147e-31
1.4138821819161557632e-47
0
0
DERIV 22
3.226035864162954830e-32
-8.446433812444687702e-49
0
0
DERIV 23
-1.4145156103158643993e-33
7.637624240510135941e-50
0
0
DERIV 24
6.160182547295703820e-35
2.1148754653825404615e-51
0
0
DERIV 25
-2.6673519013482093366e-36
-1.1122972344299835915e-52
0
0
DERIV 26
1.1493561482732983072e-37
3.988055660467812796e-54
0
0
DERIV 27
-4.932261592691747501e-39
-3.922592103277956929e-56
0
0
DERIV 28
2.1092871828605536948e-40
-1.0786147506364238328e-56
0
0
DERIV 29
-8.994209695369818970e-42
6.033053238345368838e-58
0
0
DERIV 30
3.825888391863205568e-43
6.963739453365866670e-60
0
0
DERIV 31
-1.6241192064037302232e-44
6.549421128049474051e-61
0
0
DERIV 32
6.882855276668133115e-46
-3.613213021482279610e-62
0
0
DERIV 33
-2.912806300892314221e-47
8.547297692520688302e-64
0
0
DERIV 34
1.2312760226856223480e-48
-6.565767849233560814e-65
0
0
DERIV 35
-5.199875673574415435e-50
5.307748627895272126e-67
0
0
AT 47/2
3.758270042529814599e-7
7.815903647735043679e-24
0
0
DERIV 1
-1.6526288825202449530e-7
9.766446124030207939e-24
0
0
DERIV 2
3.750635011349418701e-8
-1.3270876882301367286e-24
0
0
DERIV 3
-5.862884459098945064e-9
-3.736333427060648500e-25
0
0
DERIV 4
7.107808333568019884e-10
-9.083554583246997724e-27
0
0
DERIV 5
-7.134809236016542623e-11
5.927558385143153024e-27
0
0
DERIV 6
6.182133442202526627e-12
-2.090998279780099657e-28
0
0
DERIV 7
-4.759638668782133969e-13
3.900943155272410161e-29
0
0
DERIV 8
3.326229472817130397e-14
-1.1862514723456761082e-30
0
0
DERIV 9
-2.1448063507132897111e-15
-1.6011533095664563374e-32
0
0
DERIV 10
1.2927518863872821684e-16
1.0025826747086608068e-32
0
0
DERIV 11
-7.360304846495269784e-18
-7.650365440142212616e-34
0
0
DERIV 12
3.992891048540095634e-19
1.2919002684071762863e-35
0
0
DERIV 13
-2.0788527439504993903e-20
6.330420030065139574e-37
0
0
DERIV 14
1.0450614344116570777e-21
1.2600290869676569841e-38
0
0
DERIV 15
-5.098891066208401455e-23
1.9491340977726405007e-39
0
0
DERIV 16
2.4250817151157164915e-24
1.1921685516735742238e-40
0
0
DERIV 17
-1.1285374471464219989e-25
1.5250613739197187160e-42
0
0
DERIV 18
5.155031622186507928e-27
1.4220019505656184732e-43
0
0
DERIV 19
-2.317709851411168055e-28
-1.3681572735113691606e-45
0
0
DERIV 20
1.0280513089199946804e-29
6.417839000892438449e-47
0
0
DERIV 21
-4.507831693510192009e-31
-9.467528540776251784e-48
0
0
DERIV 22
1.9573181324632933806e-32
-1.2228615454053827533e-48
0
0
DERIV 23
-8.428144190283512144e-34
1.7785735199835783284e-50
0
0
DERIV 24
3.603487389386105898e-35
-1.8007306297597964127e-51
0
0
DERIV 25
-1.5314373160830275583e-36
-3.065254958512099052e-53
0
0
DERIV 26
6.475266281956437062e-38
3.832118324932403713e-54
0
0
DERIV 27
-2.7260726643769006028e-39
7.745209183301095574e-56
0
0
DERIV 28
1.1434796132277999521e-40
-1.5194520038541014723e-57
0
0
DERIV 29
-4.781655607494582969e-42
1.7387218423696021799e-58
0
0
DERIV 30
1.9943378964600257349e-43
3.943150395911114291e-60
0
0
DERIV 31
-8.299861051939831166e-45
4.380161485272464347e-61
0
0
DERIV 32
3.4478585358629382184e-46
-6.216814988460203609e-63
0
0
DERIV 33
-1.4301026066400595218e-47
-3.564494170331678422e-64
0
0
DERIV 34
5.924308735110277479e-49
-1.0660723650948076808e-65
0
0
DERIV 35
-2.451648676624124605e-50
2.2524553115061513114e-66
0
0
AT 24
3.018815742753857564e-7
2.6376062102902666707e-23
0
0
DERIV 1
-1.3181949824762799493e-7
-3.683805552035428645e-24
0
0
DERIV 2
2.9694506929230811401e-8
-1.4349557880306364713e-24
0
0
DERIV 3
-4.605223350064119503e-9
1.5909500885362760614e-25
0
0
DERIV 4
5.536487442639330621e-10
-2.4989346707370377191e-26
0
0
DERIV 5
-5.508358934164111815e-11
6.072193844382012002e-28
0
0
DERIV 6
4.728171474812336306e-12
-1.6325178646924991086e-28
0
0
DERIV 7
-3.604212717757373876e-13
-1.2311637188253804565e-29
0
0
DERIV 8
2.4924769242406753749e-14
-2.917686537580112783e-31
0
0
DERIV 9
-1.5895215354371791812e-15
-2.1985985934721093367e-32
0
0
DERIV 10
9.469947615528298589e-17
1.4273974416302528720e-33
0
0
DERIV 11
-5.326435781590603151e-18
1.7769951891169949687e-34
0
0
DERIV 12
2.852942686434350039e-19
2.3815023576588652357e-35
0
0
DERIV 13
-1.4657299688734305374e-20
-5.550669268162814571e-38
0
0
DERIV 14
7.267120074117030693e-22
-4.521545802711673188e-38
0
0
DERIV 15
-3.495099430437972507e-23
2.6884439138687936205e-39
0
0
DERIV 16
1.6377792985161830259e-24
-5.640683672050450865e-41
0
0
DERIV 17
-7.505544821774576406e-26
4.888029907093137286e-42
0
0
DERIV 18
3.374721705238876859e-27
1.8610020171247957428e-44
0
0
DERIV 19
-1.4928664221193816148e-28
-1.1347580640641791267e-45
0
0
DERIV 20
6.512667311721387012e-30
-2.7048884240007891846e-46
0
0
DERIV 21
-2.807586748178057848e-31
-1.1106081181030824468e-47
0
0
DERIV 22
1.1981178539382418124e-32
-1.4726826946669140524e-49
0
0
DERIV 23
-5.068806418710826880e-34
-5.020341035769622165e-51
0
0
DERIV 24
2.1286618408763257837e-35
1.8461967874029425763e-52
0
0
DERIV 25
-8.883371509553839318e-37
-4.767476791597726082e-54
0
0
DERIV 26
3.687450923477482309e-38
8.187647954217579126e-55
0
0
DERIV 27
-1.5237037319150461704e-39
1.0056962783597524639e-55
0
0
DERIV 28
6.271900610675321209e-41
3.089538636671230046e-57
0
0
DERIV 29
-2.5732252537565305676e-42
-9.139955682865460985e-59
0
0
DERIV 30
1.0528232216960620939e-43
-1.8078082155808416948e-60
0
0
DERIV 31
-4.297538933000665959e-45
2.243225380890565737e-62
0
0
DERIV 32
1.7507810643233597217e-46
-5.325225439146750639e-63
0
0
DERIV 33
-7.120813189030435349e-48
-1.3943267189156973457e-64
0
0
DERIV 34
2.8922218177839727957e-49
-1.6610675060037842022e-65
0
0
DERIV 35
-1.1733826410525007245e-50
-1.7357852195940477205e-67
0
0
AT 49/2
2.428527518057069584e-7
-1.6946933503269255801e-23
0
0
DERIV 1
-1.0531844946569718379e-7
5.224429854440271223e-24
0
0
DERIV 2
2.3552497141777186347e-8
3.637758486251905063e-25
0
0
DERIV 3
-3.624561210169851981e-9
-1.0356292874193190974e-25
0
0
DERIV 4
4.321966555330486339e-10
-2.4800643784986460634e-26
0
0
DERIV 5
-4.262862168894157904e-11
-1.4701863903375909546e-27
0
0
DERIV 6
3.6256503930119150094e-12
1.6375942880899878247e-28
0
0
DERIV 7
-2.737105675447783364e-13
9.046623317506077900e-30
0
0
DERIV 8
1.8735702915350742339e-14
-1.3886098457925193537e-30
0
0
DERIV 9
-1.1820291811500907170e-15
-5.067114065786934160e-32
0
0
DERIV 10
6.962981538730208922e-17
4.703984148083065690e-33
0
0
DERIV 11
-3.870194033989535292e-18
2.1949634732455179462e-35
0
0
DERIV 12
2.0473938774547527398e-19
-8.585497482704506054e-37
0
0
DERIV 13
-1.0383455158675474052e-20
-1.0243292201524335275e-37
0
0
DERIV 14
5.079280878563870313e-22
1.6598162572353086234e-38
0
0
DERIV 15
-2.4089655847486914319e-23
-5.580903115364164076e-40
0
0
DERIV 16
1.1126153851914780363e-24
7.407679997627764661e-41
0
0
DERIV 17
-5.023280874751995923e-26
-1.6861549175007832382e-42
0
0
DERIV 18
2.2241604588850597651e-27
8.938171631516480586e-44
0
0
DERIV 19
-9.684795656861367557e-29
1.4450353158142153024e-45
0
0
DERIV 20
4.157188436158406306e-30
-1.7265437232462786088e-46
0
0
DERIV 21
-1.7627344599679716562e-31
9.526431011885302727e-48
0
0
DERIV 22
7.396381568647069367e-33
-4.583768594069668889e-49
0
0
DERIV 23
-3.075785264919341863e-34
-1.7547352884503565415e-50
0
0
DERIV 24
1.2692960154680587804e-35
-1.9925022250733605234e-52
0
0
DERIV 25
-5.203862326563705413e-37
5.791300490489443952e-54
0
0
DERIV 26
2.1215904770370498070e-38
-6.373074121537203388e-55
0
0
DERIV 27
-8.608509165134758126e-40
9.373234503467522045e-57
0
0
DERIV 28
3.478820071249304739e-41
-8.071892827900791142e-58
0
0
DERIV 29
-1.4009966944884723185e-42
-3.273790344277622044e-59
0
0
DERIV 30
5.625609510223661767e-44
1.3821785200347400955e-60
0
0
DERIV 31
-2.2533240726346220462e-45
6.719194979340790813e-62
0
0
DERIV 32
9.006711517374767283e-47
-7.264315001733475734e-63
0
0
DERIV 33
-3.593692166930448289e-48
-1.8334104743110857488e-64
0
0
DERIV 34
1.4317624078061106145e-49
-2.6837996063747020088e-67
0
0
DERIV 35
-5.697216779169226108e-51
-5.258155487252199850e-67
0
0
AT 25
1.9565431593694188549e-7
-4.509748002841109914e-24
0
0
DERIV 1
-8.428094534495801691e-8
-9.513688926174679721e-26
0
0
DERIV 2
1.8713891833655305617e-8
-1.3179833785814083295e-24
0
0
DERIV 3
-2.858242770274629319e-9
1.8247929600901707656e-25
0
0
DERIV 4
3.381013398886859678e-10
4.939343169555758009e-27
0
0
DERIV 5
-3.306628793553553821e-11
2.4659475479255671806e-27
0
0
DERIV 6
2.7872628584640335389e-12
1.7232593652939957555e-28
0
0
DERIV 7
-2.0843659210418608514e-13
-1.0526873089340090470e-29
0
0
DERIV 8
1.4126023462062615771e-14
-5.808581691602246332e-31
0
0
DERIV 9
-8.818989614330645233e-16
3.310344143544713295e-32
0
0
DERIV 10
5.138038811076763070e-17
-8.319080861327290026e-34
0
0
DERIV 11
-2.8230368199534145188e-18
-4.996693168479026496e-35
0
0
DERIV 12
1.4754964923681468676e-19
1.0391977538035991070e-35
0
0
DERIV 13
-7.389344217095342198e-21
-4.596904130228107033e-37
0
0
DERIV 14
3.567568867089617360e-22
-3.517845870805024630e-39
0
0
DERIV 15
-1.6691371317612203700e-23
7.213071323869062879e-40
0
0
DERIV 16
7.601347631901257276e-25
1.1413199124572262719e-41
0
0
DERIV 17
-3.382351883237623431e-26
-2.2137680498503503193e-42
0
0
DERIV 18
1.4753488283801125815e-27
5.989171986677896523e-44
0
0
DERIV 19
-6.326132873487167068e-29
-7.245274333403660399e-46
0
0
DERIV 20
2.6730045459451606727e-30
4.189549630540625081e-47
0
0
DERIV 21
-1.1152777182197636282e-31
-6.308678510267899759e-48
0
0
DERIV 22
4.603272470884609557e-33
1.5492280756106908378e-49
0
0
DERIV 23
-1.8824377415551591650e-34
-6.166805639892477227e-51
0
0
DERIV 24
7.636973773198800755e-36
2.6429478180218525758e-52
0
0
DERIV 25
-3.077262723660904314e-37
4.822685714354766192e-54
0
0
DERIV 26
1.2327553513801882100e-38
-7.973171546697425426e-56
0
0
DERIV 27
-4.913884721269018811e-40
3.529093161170241266e-56
0
0
DERIV 28
1.9504019002833522665e-41
6.229491730027339965e-58
0
0
DERIV 29
-7.713394324273702215e-43
-4.189311113875311446e-59
0
0
DERIV 30
3.041042738903529440e-44
-4.745202229183712373e-61
0
0
DERIV 31
-1.1957925413882499133e-45
-1.2322895444859655623e-62
0
0
DERIV 32
4.691571339998240636e-47
4.193106739773952079e-63
0
0
DERIV 33
-1.8372102556871086594e-48
6.070311782577641464e-65
0
0
DERIV 34
7.182998445070774954e-50
-2.635627987985172900e-66
0
0
DERIV 35
-2.804592239441680673e-51
1.4553984278507168812e-67
0
0
AT 51/2
1.5785517586491487741e-7
-9.321821001910627922e-24
0
0
DERIV 1
-6.755151746716425664e-8
6.142825566008226274e-24
0
0
DERIV 2
1.4894829041412083134e-8
-3.293135136705352555e-25
0
0
DERIV 3
-2.258169998775515719e-9
2.0733641087439782075e-26
0
0
DERIV 4
2.650344361431939239e-10
1.2971021790231544695e-26
0
0
DERIV 5
-2.5706469139855650771e-11
-1.0827198943009387667e-27
0
0
DERIV 6
2.1479926564508115609e-12
5.488069658334495591e-29
0
0
DERIV 7
-1.5915364533221467396e-13
-6.919124677910566602e-30
0
0
DERIV 8
1.0681565931772806008e-14
1.6455974086078136738e-31
0
0
DERIV 9
-6.600652939742112835e-16
1.2741836780507885963e-32
0
0
DERIV 10
3.804492919354984244e-17
-2.9087785196063175531e-33
0
0
DERIV 11
-2.0669251142927701502e-18
3.102998670174267036e-36
0
0
DERIV 12
1.0676613825521300384e-19
-1.8190286707749256490e-37
0
0
DERIV 13
-5.281646581966016870e-21
1.3362030463542574680e-37
0
0
DERIV 14
2.517613414857775410e-22
1.4545451185953345012e-38
0
0
DERIV 15
-1.1623926028381464598e-23
-6.581756746603498379e-40
0
0
DERIV 16
5.221479421962365078e-25
-3.103983082089132565e-41
0
0
DERIV 17
-2.2907105679334933210e-26
2.2840231326403517643e-43
0
0
DERIV 18
9.847140200341900679e-28
-2.2036995226532661849e-44
0
0
DERIV 19
-4.159519089560917502e-29
-7.495214671133671154e-46
0
0
DERIV 20
1.7307316048161904627e-30
6.594918056996049068e-47
0
0
DERIV 21
-7.108609871168743583e-32
2.986310714369083911e-48
0
0
DERIV 22
2.8873338891834004085e-33
-7.152108223254119952e-50
0
0
DERIV 23
-1.1615747021729804716e-34
-1.3852448349331075849e-51
0
0
DERIV 24
4.634701089805784129e-36
-1.3204592754959837282e-52
0
0
DERIV 25
-1.8362271331213706136e-37
-6.854667424321356849e-54
0
0
DERIV 26
7.230975394995902546e-39
-3.859769696240255864e-55
0
0
DERIV 27
-2.8327524126762744102e-40
-1.6890336564251047535e-56
0
0
DERIV 28
1.1048036283370064718e-41
-5.996533944245561169e-58
0
0
DERIV 29
-4.292448197268667154e-43
1.1665651717141354461e-59
0
0
DERIV 30
1.6622976760110267617e-44
4.076896063131860219e-61
0
0
DERIV 31
-6.419533340957232039e-46
1.0425402509683249092e-62
0
0
DERIV 32
2.473248426724173977e-47
-1.2803889910927616866e-63
0
0
DERIV 33
-9.509460229745731975e-49
4.887633556584034745e-65
0
0
DERIV 34
3.650068447947054985e-50
1.4950941789146558837e-66
0
0
DERIV 35
-1.3990016947241670399e-51
-9.973243003382383251e-68
0
0
AT 26
1.2753664682640639675e-7
5.684170976220060916e-24
0
0
DERIV 1
-5.422544599206136310e-8
-1.7666181977835275966e-24
0
0
DERIV 2
1.1874906403588422391e-8
7.392117783429074222e-25
0
0
DERIV 3
-1.7873276055127542188e-9
4.490749482145338684e-26
0
0
DERIV 4
2.0817119110621119207e-10
-6.469052482357565164e-27
0
0
DERIV 5
-2.0028189542949006888e-11
1.1568531035053507171e-27
0
0
DERIV 6
1.6592661456607143646e-12
-3.561218503434557040e-30
0
0
DERIV 7
-1.2183741832628744777e-13
-1.1088241361030384099e-29
0
0
DERIV 8
8.099749141955408770e-15
8.772187785691079224e-33
0
0
DERIV 9
-4.955459367344283176e-16
-2.2113287343356088685e-32
0
0
DERIV 10
2.826438548138919251e-17
-2.2646705384522052438e-33
0
0
DERIV 11
-1.5187898416408725741e-18
-6.215077547661430888e-35
0
0
DERIV 12
7.755712993222076222e-20
5.814451452786093191e-37
0
0
DERIV 13
-3.791055308059057629e-21
-2.891785216082839967e-37
0
0
DERIV 14
1.7847342948662126700e-22
-5.812323744656489916e-39
0
0
DERIV 15
-8.134437785711290324e-24
-5.964483777524844347e-40
0
0
DERIV 16
3.605466770387970798e-25
-2.0031923757114481819e-41
0
0
DERIV 17
-1.5600630621350978962e-26
-8.416148354706855381e-43
0
0
DERIV 18
6.611584027427574419e-28
-4.220536281676469504e-44
0
0
DERIV 19
-2.752268638793243436e-29
2.6116734139720308239e-45
0
0
DERIV 20
1.1281540634661155869e-30
7.580070392981787646e-47
0
0
DERIV 21
-4.563133383319293160e-32
-2.0962597291656046195e-48
0
0
DERIV 22
1.8246277762849045951e-33
1.1081687582197889192e-49
0
0
DERIV 23
-7.224241994399939854e-35
3.797992447984319716e-51
0
0
DERIV 24
2.8360484648417299175e-36
-1.3108806391983440124e-52
0
0
DERIV 25
-1.1052320753121631271e-37
6.189434041549191640e-54
0
0
DERIV 26
4.280125809510635019e-39
9.796186375864926607e-56
0
0
DERIV 27
-1.6485676382693684869e-40
8.400788668537696223e-57
0
0
DERIV 28
6.320270319557316056e-42
2.1097990006313344358e-58
0
0
DERIV 29
-2.4134003021245635471e-43
1.9769072625403619771e-59
0
0
DERIV 30
9.184066651768789692e-45
4.306620642700715538e-61
0
0
DERIV 31
-3.4847058307412967390e-46
3.723172562866082673e-63
0
0
DERIV 32
1.3188856141688805860e-47
5.894518883149973853e-65
0
0
DERIV 33
-4.981011699337729453e-49
3.486057184437507803e-65
0
0
DERIV 34
1.8777397740717033617e-50
-2.3740303247254667732e-67
0
0
DERIV 35
-7.067732669596741313e-52
-8.027353357125873504e-69
0
0
AT 53/2
1.0318164430398200232e-7
6.260986643581992376e-24
0
0
DERIV 1
-4.359291023050294003e-8
-4.677157567945349969e-25
0
0
DERIV 2
9.482615560333712936e-9
6.818156326673904368e-25
0
0
DERIV 3
-1.4171605014379336046e-9
-7.994340950094922370e-27
0
0
DERIV 4
1.6382350075198282549e-10
1.1538704049853844019e-26
0
0
DERIV 5
-1.5637029652665918966e-11
1.1246489185568633417e-27
0
0
DERIV 6
1.2846803066318051540e-12
8.266247982146370539e-29
0
0
DERIV 7
-9.350387196742793579e-14
5.607558486480542459e-31
0
0
DERIV 8
6.158696657808139994e-15
-3.528306258696585150e-31
0
0
DERIV 9
-3.731334009527104608e-16
-2.2340783595241790012e-32
0
0
DERIV 10
2.1065648998093140402e-17
-5.316619741257817190e-34
0
0
DERIV 11
-1.1198997142775575278e-18
-3.180852530246839126e-35
0
0
DERIV 12
5.655107168698496619e-20
4.702920499527059453e-36
0
0
DERIV 13
-2.7321866140143477485e-21
-1.7512391900091197245e-37
0
0
DERIV 14
1.2707258224462599205e-22
8.923000662693854981e-39
0
0
DERIV 15
-5.719204823619532043e-24
-1.9920082809889627631e-40
0
0
DERIV 16
2.502115387406796980e-25
3.670768891428361131e-42
0
0
DERIV 17
-1.0681712023267655309e-26
-3.3335964669904581165e-43
0
0
DERIV 18
4.464577966803852256e-28
8.689521180288320136e-45
0
0
DERIV 19
-1.8322049806989787655e-29
1.1770670983611189355e-45
0
0
DERIV 20
7.401189598276753298e-31
3.621992803635611218e-47
0
0
DERIV 21
-2.949153299908538773e-32
1.5691982762992226902e-48
0
0
DERIV 22
1.1613696675908553142e-33
-6.342928347235565968e-50
0
0
DERIV 23
-4.527110943475003569e-35
-2.0454272735351670885e-51
0
0
DERIV 24
1.7492637290433296548e-36
5.021309847237325617e-53
0
0
DERIV 25
-6.708064435087728441e-38
-4.176601946292176549e-54
0
0
DERIV 26
2.5556446480941776661e-39
-3.887054748741985682e-56
0
0
DERIV 27
-9.681826154838906728e-41
-8.342991466473224522e-58
0
0
DERIV 28
3.650118257583170027e-42
-1.6901077936226691736e-58
0
0
DERIV 29
-1.3703859158392116417e-43
5.318007635717382702e-60
0
0
DERIV 30
5.126476967110960575e-45
1.7691943461490704154e-61
0
0
DERIV 31
-1.9118552465055635231e-46
-2.4011364983059263360e-63
0
0
DERIV 32
7.111170268967291072e-48
2.3223477038664200407e-64
0
0
DERIV 33
-2.6390156361873150269e-49
-1.1738094769305752234e-65
0
0
DERIV 34
9.774632444490642188e-51
-4.298377902121753000e-67
0
0
DERIV 35
-3.614434000006198989e-52
1.5857503436988808529e-68
0
0
AT 27
8.358846769373404630e-8
-5.545268107544230075e-24
0
0
DERIV 1
-3.509590884486634536e-8
-2.223846270792137874e-25
0
0
DERIV 2
7.584209391182650919e-9
-4.235039018104694188e-25
0
0
DERIV 3
-1.1255886059866258047e-9
-1.3114360461062145393e-26
0
0
DERIV 4
1.2916493975551266097e-10
-5.134207299283502212e-27
0
0
DERIV 5
-1.2233553465162812420e-11
-2.965125252644190851e-28
0
0
DERIV 6
9.968708299957644221e-13
-2.2978545174831745310e-29
0
0
DERIV 7
-7.193306949036859731e-14
-4.370584797177003581e-30
0
0
DERIV 8
4.695132323842428473e-15
2.145996372451683062e-31
0
0
DERIV 9
-2.817631930436332220e-16
3.0503368589711720808e-33
0
0
DERIV 10
1.5749060605651747053e-17
-1.2968729491124450972e-33
0
0
DERIV 11
-8.285448461751878757e-19
1.7968190885207567925e-35
0
0
DERIV 12
4.138399879012270311e-20
-1.6133300512971665417e-36
0
0
DERIV 13
-1.9767695643305200564e-21
2.506210643088110343e-38
0
0
DERIV 14
9.085609681144195937e-23
-4.170350382497155632e-39
0
0
DERIV 15
-4.039255496352151553e-24
2.9802227768759119371e-40
0
0
DERIV 16
1.7448137442610632392e-25
-1.0510284569290627107e-41
0
0
DERIV 17
-7.351535417182885530e-27
2.8476081571318526197e-43
0
0
DERIV 18
3.031378080994630475e-28
-6.190966215226326550e-46
0
0
DERIV 19
-1.2268506584270530774e-29
-1.0873605833017122970e-46
0
0
DERIV 20
4.885639883427288631e-31
-4.244367693711244005e-47
0
0
DERIV 21
-1.9185498988366416997e-32
1.2518794416448350023e-49
0
0
DERIV 22
7.443290230512223704e-34
2.616990689945495694e-50
0
0
DERIV 23
-2.857633672239446526e-35
-1.6061005525776464379e-51
0
0
DERIV 24
1.0872089810253136062e-36
3.410319066944511038e-53
0
0
DERIV 25
-4.104096422222175886e-38
1.5582878513297335912e-54
0
0
DERIV 26
1.5387999958328164063e-39
-7.473659929512559683e-56
0
0
DERIV 27
-5.735975075305242791e-41
6.220363137828811571e-58
0
0
DERIV 28
2.1273536290665302199e-42
5.908578786719720574e-59
0
0
DERIV 29
-7.855612700468900904e-44
1.3645284816365190906e-60
0
0
DERIV 30
2.889940407901104206e-45
-1.8987014954280593803e-61
0
0
DERIV 31
-1.0597221020541056440e-46
5.520540667160738996e-63
0
0
DERIV 32
3.875120617707502857e-48
-1.0838966585834763464e-64
0
0
DERIV 33
-1.4136389664062593569e-49
-6.238480030825987186e-66
0
0
DERIV 34
5.146350366090287149e-51
-1.4130394907848419022e-67
0
0
DERIV 35
-1.8702337086106064432e-52
1.7285093204434076031e-68
0
0
AT 55/2
6.780357258547177917e-8
-3.1749502096918981465e-24
0
0
DERIV 1
-2.8294952094313655275e-8
2.720386146704110138e-25
0
0
DERIV 2
6.075171287887268197e-9
3.793432673095403213e-25
0
0
DERIV 3
-8.954999257376853945e-10
5.686805691842133270e-27
0
0
DERIV 4
1.0202409590527202543e-10
-3.1993693301443867111e-27
0
0
DERIV 5
-9.589824259614744811e-12
-6.152086542601141131e-28
0
0
DERIV 6
7.752078158316818973e-13
4.561523743822302738e-29
0
0
DERIV 7
-5.546828817061408703e-14
2.8890391374396412576e-30
0
0
DERIV 8
3.588491032275350826e-15
-1.7033576370738792865e-31
0
0
DERIV 9
-2.1335527534742434406e-16
4.752216316353237005e-33
0
0
DERIV 10
1.1809556310168918120e-17
4.514238714604110967e-34
0
0
DERIV 11
-6.149760395146932917e-19
-1.7923796771307571605e-35
0
0
DERIV 12
3.039074915044108336e-20
-1.888928461818188424e-37
0
0
DERIV 13
-1.4356109427162171556e-21
-4.950908080397204063e-38
0
0
DERIV 14
6.522503769221020994e-23
3.0101804203111323981e-40
0
0
DERIV 15
-2.8651873124295906035e-24
-1.2288469385433304033e-40
0
0
DERIV 16
1.2223888077895488903e-25
-6.503807706299386060e-42
0
0
DERIV 17
-5.084759769952388691e-27
1.2100235807689455757e-43
0
0
DERIV 18
2.069165860345512330e-28
-1.1128718534975466746e-44
0
0
DERIV 19
-8.261299322073022566e-30
-5.094433213930719045e-47
0
0
DERIV 20
3.244342273609053778e-31
1.4967309865198180449e-47
0
0
DERIV 21
-1.2559800836704667510e-32
-4.292454293750286311e-49
0
0
DERIV 22
4.802240286204850262e-34
4.235585503354417785e-50
0
0
DERIV 23
-1.8164714269964774727e-35
-9.369605614813364220e-52
0
0
DERIV 24
6.807078719806480023e-37
3.508717979737122061e-53
0
0
DERIV 25
-2.530359736470955926e-38
3.1684564854092749268e-55
0
0
DERIV 26
9.340355025448651975e-40
7.093514951456090894e-56
0
0
DERIV 27
-3.426986306203648349e-41
2.4032633507340021637e-57
0
0
DERIV 28
1.2507876111623727716e-42
-1.3282194357529402896e-59
0
0
DERIV 29
-4.544483873900927863e-44
1.4885053685373220365e-60
0
0
DERIV 30
1.6446836538202535874e-45
1.3405776344470887482e-62
0
0
DERIV 31
-5.932105545988437063e-47
-4.422845441620807937e-63
0
0
DERIV 32
2.1333664770390917231e-48
-5.865065656689015774e-65
0
0
DERIV 33
-7.652920688877038809e-50
1.1577596312866622225e-67
0
0
DERIV 34
2.739342357503947878e-51
-2.7988202704960603552e-67
0
0
DERIV 35
-9.787126243305725280e-53
6.141755363135104584e-69
0
0
AT 28
5.506904038644371541e-8
4.407922459739899622e-25
0
0
DERIV 1
-2.2843251021232553788e-8
4.529852976851965633e-25
0
0
DERIV 2
4.873662131047757916e-9
5.076854815756399395e-26
0
0
DERIV 3
-7.136036013987080355e-10
1.3842862273506322716e-26
0
0
DERIV 4
8.072878758816905542e-11
-3.441749793872064665e-27
0
0
DERIV 5
-7.531881318612858630e-12
4.133631809307145616e-28
0
0
DERIV 6
6.040945560376323926e-13
-4.116159566914169290e-29
0
0
DERIV 7
-4.286934669761614964e-14
5.463868777138022759e-31
0
0
DERIV 8
2.7494513185613294161e-15
-1.2129259117929570928e-31
0
0
DERIV 9
-1.6198795556627733589e-16
-1.5859033182460301028e-33
0
0
DERIV 10
8.881138680625398414e-18
6.220778101473672946e-34
0
0
DERIV 11
-4.578869036229881973e-19
3.676264008542057259e-35
0
0
DERIV 12
2.2393168428513032225e-20
-5.289107675624459353e-37
0
0
DERIV 13
-1.0463943955929845426e-21
2.509994692821060974e-38
0
0
DERIV 14
4.700785118714095151e-23
-2.1152554019269200711e-39
0
0
DERIV 15
-2.0409067604107998032e-24
-1.6631433414998696086e-40
0
0
DERIV 16
8.602311508071557387e-26
-2.5987653366381186165e-42
0
0
DERIV 17
-3.533779032430479549e-27
2.4754679097539967907e-43
0
0
DERIV 18
1.4195859498978061838e-28
3.255548441686967498e-45
0
0
DERIV 19
-5.593117851603702707e-30
2.1340382294182862883e-46
0
0
DERIV 20
2.166812424777221926e-31
-1.6600237124531993341e-47
0
0
DERIV 21
-8.272268889494787534e-33
-1.2292331373250975227e-49
0
0
DERIV 22
3.118170005216590340e-34
-1.5298589240519484729e-50
0
0
DERIV 23
-1.1624489204433129504e-35
1.3931862720893074943e-53
0
0
DERIV 24
4.292194605294183234e-37
4.338560051653359260e-54
0
0
DERIV 25
-1.5716884761710179331e-38
4.337986118093283700e-55
0
0
DERIV 26
5.713647412488388948e-40
1.3361724718656472727e-56
0
0
DERIV 27
-2.0641261632788907027e-41
-1.0561864546709941205e-60
0
0
DERIV 28
7.416457294847874348e-43
-3.690314740814753396e-60
0
0
DERIV 29
-2.652214486528325070e-44
1.3313363407576922529e-60
0
0
DERIV 30
9.445959549065473077e-46
-2.316426922441057487e-62
0
0
DERIV 31
-3.352328963565570534e-47
-5.391880916767811640e-64
0
0
DERIV 32
1.1860887943612719285e-48
2.412286794998474527e-65
0
0
DERIV 33
-4.185409085891780441e-50
1.3217383710019137494e-66
0
0
DERIV 34
1.4735525066604812343e-51
1.0270806751624015367e-67
0
0
DERIV 35
-5.177701326015271792e-53
-3.069073103458629933e-69
0
0
AT 57/2
4.478144925084037998e-8
-2.6362120667220195004e-24
0
0
DERIV 1
-1.8466672165142857725e-8
-1.2993811234747990356e-24
0
0
DERIV 2
3.915474423160392595e-9
2.458326489148649747e-25
0
0
DERIV 3
-5.695546628538101705e-10
-7.112869037397288641e-27
0
0
DERIV 4
6.398830450954888621e-11
2.9415678767528833864e-27
0
0
DERIV 5
-5.926624449511430081e-12
-1.4821150986766426813e-28
0
0
DERIV 6
4.717073923007411223e-13
3.951309660876042742e-29
0
0
DERIV 7
-3.320513247522288278e-14
1.4194478900032971985e-31
0
0
DERIV 8
2.1116272225124297522e-15
-4.428554018636102391e-32
0
0
DERIV 9
-1.2330636701659389062e-16
-8.652331928180530745e-33
0
0
DERIV 10
6.697599042495314698e-18
-3.094718341269433552e-34
0
0
DERIV 11
-3.419567488728004047e-19
-2.3119679810463307906e-35
0
0
DERIV 12
1.6554097761649873997e-20
2.490583562297139529e-37
0
0
DERIV 13
-7.653815080952489497e-22
-2.1424158856757747919e-38
0
0
DERIV 14
3.400661398528222638e-23
4.996007729601182931e-40
0
0
DERIV 15
-1.4596471205253839796e-24
4.178428970395769106e-41
0
0
DERIV 16
6.079913899890483013e-26
1.9400003327600923756e-42
0
0
DERIV 17
-2.4672353660700193351e-27
-7.990098858108610499e-45
0
0
DERIV 18
9.787225199366107829e-29
-1.1749567981150590428e-45
0
0
DERIV 19
-3.806478813202461055e-30
4.269374855460055830e-47
0
0
DERIV 20
1.4551736075825581896e-31
-3.431292190467501219e-48
0
0
DERIV 21
-5.480278981057596101e-33
-2.6889088807309194652e-49
0
0
DERIV 22
2.037187706663960201e-34
1.3641620524568854077e-50
0
0
DERIV 23
-7.487474399179390935e-36
-6.708182381614152055e-53
0
0
DERIV 24
2.724935943351714242e-37
8.047563806209229162e-54
0
0
DERIV 25
-9.832230396674620826e-39
-5.092779981717174016e-55
0
0
DERIV 26
3.5213465252018292350e-40
3.247710305155591662e-57
0
0
DERIV 27
-1.2529965096462869345e-41
5.005697089707753464e-58
0
0
DERIV 28
4.433472993987631503e-43
5.467363777889560359e-60
0
0
DERIV 29
-1.5610345116251546296e-44
-1.1374229778225155461e-60
0
0
DERIV 30
5.473118669605348200e-46
2.309843336052723062e-62
0
0
DERIV 31
-1.9118543673883027876e-47
-5.725019639117045989e-64
0
0
DERIV 32
6.657093693805881105e-49
-2.742333401891582153e-65
0
0
DERIV 33
-2.311583391331922131e-50
-6.378263316351907851e-67
0
0
DERIV 34
8.007389558771238369e-52
-3.987551401527745741e-68
0
0
DERIV 35
-2.768023384581557230e-53
-2.1777504334459705849e-69
0
0
AT 29
3.645960862224711642e-8
-1.1516171823166999025e-24
0
0
DERIV 1
-1.4948136715914883663e-8
-4.356588789339770333e-25
0
0
DERIV 2
3.150137930192817996e-9
7.718069505975365627e-26
0
0
DERIV 3
-4.552844431314935056e-10
1.8886473084913786042e-26
0
0
DERIV 4
5.080414762845932184e-11
2.9318209260517628721e-27
0
0
DERIV 5
-4.671968491385156133e-12
-9.551890212161356448e-29
0
0
DERIV 6
3.690593004522412033e-13
2.4187171184714404504e-29
0
0
DERIV 7
-2.5774579692077970935e-14
1.5326205439053464471e-30
0
0
DERIV 8
1.6255265871483950624e-15
-7.605442520872963261e-32
0
0
DERIV 9
-9.409722380040046873e-17
-2.6462069492845247482e-33
0
0
DERIV 10
5.064614956570240074e-18
-1.1630720322779906219e-34
0
0
DERIV 11
-2.561264816829914352e-19
-8.117251066736555475e-36
0
0
DERIV 12
1.2276216756846696272e-20
-7.469177435488605518e-38
0
0
DERIV 13
-5.617373330938405536e-22
-2.988984225086793441e-38
0
0
DERIV 14
2.4690938027624926857e-23
1.4448878040074570128e-39
0
0
DERIV 15
-1.0480130464450420208e-24
5.093388446327768028e-41
0
0
DERIV 16
4.315099571773506558e-26
-2.3747188003243738920e-42
0
0
DERIV 17
-1.7302692751782968056e-27
-5.147051822650582557e-44
0
0
DERIV 18
6.779748407190973843e-29
-3.096426518190527477e-45
0
0
DERIV 19
-2.6036113992238982064e-30
6.741607355987360528e-47
0
0
DERIV 20
9.824748096379769012e-32
4.264598235908703278e-48
0
0
DERIV 21
-3.651118229636327341e-33
2.1208235931509155477e-49
0
0
DERIV 22
1.3388795315492216198e-34
6.100339909348158728e-51
0
0
DERIV 23
-4.853014672652797886e-36
5.334553180323663583e-53
0
0
DERIV 24
1.7413451170790627323e-37
1.5837548162204754973e-55
0
0
DERIV 25
-6.193372481142984451e-39
-1.4718507435727422109e-56
0
0
DERIV 26
2.1859105453970950306e-40
-1.5953672039168750423e-56
0
0
DERIV 27
-7.663569426635409649e-42
5.620898620564431904e-59
0
0
DERIV 28
2.6711544450274981817e-43
4.329935032519493967e-60
0
0
DERIV 29
-9.263258281381997192e-45
-1.0072019636975895819e-61
0
0
DERIV 30
3.1982415936069858698e-46
-2.0595548238210342618e-64
0
0
DERIV 31
-1.0999954521212489200e-47
-1.0371755776919807571e-63
0
0
DERIV 32
3.770685573143683497e-49
1.3494313128861903824e-65
0
0
DERIV 33
-1.2888121264002146776e-50
9.997959127576960848e-67
0
0
DERIV 34
4.394047947741731396e-52
2.963414272186290843e-68
0
0
DERIV 35
-1.4948270633841110821e-53
-2.2261330168450620032e-70
0
0
AT 59/2
2.9719199023016284204e-8
-1.1335564884502086328e-24
0
0
DERIV 1
-1.2115453556502290882e-8
7.801466037508800977e-25
0
0
DERIV 2
2.537907290416845367e-9
-1.0579807731571809172e-25
0
0
DERIV 3
-3.644870769879449660e-10
1.3127755743957368586e-26
0
0
DERIV 4
4.040219214245751308e-11
5.310376399646308868e-28
0
0
DERIV 5
-3.689431354780882134e-12
2.064105214232710413e-28
0
0
DERIV 6
2.893018820221357057e-13
1.7469184666037973506e-29
0
0
DERIV 7
-2.0048372330627180693e-14
-2.108803766439387519e-31
0
0
DERIV 8
1.2541417006537341522e-15
5.316792469089426724e-32
0
0
DERIV 9
-7.198192834951138997e-17
6.133605837576217459e-33
0
0
DERIV 10
3.839846298991192254e-18
-2.155359912806657356e-34
0
0
DERIV 11
-1.9238345843144440378e-19
-5.115762858569140341e-36
0
0
DERIV 12
9.131629711700348964e-21
7.398375836710626168e-37
0
0
DERIV 13
-4.136308114924596593e-22
2.0272171552580466575e-38
0
0
DERIV 14
1.7990373688097927762e-23
-4.316759635152128846e-40
0
0
DERIV 15
-7.553049428129433660e-25
-1.8460343001705061336e-41
0
0
DERIV 16
3.074917428223338174e-26
3.0713403572040300482e-43
0
0
DERIV 17
-1.2186588134948158171e-27
1.4307810389178344853e-44
0
0
DERIV 18
4.717938574523184197e-29
-1.7719214531693582050e-45
0
0
DERIV 19
-1.7895174897014382041e-30
-1.5212130101531538875e-46
0
0
DERIV 20
6.667453312316228519e-32
1.0949753062280878664e-48
0
0
DERIV 21
-2.4457283065277403902e-33
-9.383722108695980664e-50
0
0
DERIV 22
8.849934974772872768e-35
6.892779681554395750e-52
0
0
DERIV 23
-3.164510961277546432e-36
-1.5292766742261584414e-52
0
0
DERIV 24
1.1198608961947345877e-37
5.276789630399166397e-54
0
0
DERIV 25
-3.927226954812804177e-39
5.915759484725814571e-56
0
0
DERIV 26
1.3663861380238912257e-40
-3.796876539578040015e-57
0
0
DERIV 27
-4.721328221599826149e-42
-2.2229388971303693277e-58
0
0
DERIV 28
1.6215885538079653889e-43
7.761013440739700634e-60
0
0
DERIV 29
-5.540347059700223880e-45
7.506695673180408228e-62
0
0
DERIV 30
1.8842780216601810325e-46
1.6451717110273244463e-62
0
0
DERIV 31
-6.382925358886182536e-48
-1.6904245305570429331e-64
0
0
DERIV 32
2.1546873477347020072e-49
-1.5406375054504610385e-65
0
0
DERIV 33
-7.251592748237353683e-51
-8.090955729260876681e-68
0
0
DERIV 34
2.4340961289069251206e-52
1.6232813727431611150e-68
0
0
DERIV 35
-8.151667764185989495e-54
3.422812925844579730e-70
0
0
AT 30
2.4252802393500979633e-8
4.443595883744295347e-25
0
0
DERIV 1
-9.831811297815163906e-9
-2.0518263703730032459e-25
0
0
DERIV 2
2.047426766822148395e-9
5.963130473805927361e-26
0
0
DERIV 3
-2.922247684480347398e-10
-2.1683966278628536514e-26
0
0
DERIV 4
3.218099974584270268e-11
-7.919417352964912966e-28
0
0
DERIV 5
-2.9185386247192410625e-12
-1.4735339859219501212e-28
0
0
DERIV 6
2.2720350746489134425e-13
-5.434639027192269496e-30
0
0
DERIV 7
-1.5625797716098269933e-14
-6.389529980075985070e-31
0
0
DERIV 8
9.697200668546872218e-16
-5.871868347730270814e-32
0
0
DERIV 9
-5.519426462545106013e-17
-1.0848466091502975793e-33
0
0
DERIV 10
2.9186801785396460477e-18
-1.0307482212409524781e-34
0
0
DERIV 11
-1.4490138310863595405e-19
9.903804113921375898e-36
0
0
DERIV 12
6.812627542181860611e-21
-4.853739773718019492e-37
0
0
DERIV 13
-3.055418715681303870e-22
-9.150981720720670342e-39
0
0
DERIV 14
1.3152886901599693963e-23
6.312125753227904590e-40
0
0
DERIV 15
-5.463368192130476038e-25
1.3254239441375137210e-41
0
0
DERIV 16
2.1997162615303778176e-26
-1.3074052665413781975e-42
0
0
DERIV 17
-8.618918236788643233e-28
5.932309328406773082e-44
0
0
DERIV 18
3.297676235754706042e-29
1.5201695756323246665e-45
0
0
DERIV 19
-1.2357495872868212130e-30
-8.014597024695547780e-47
0
0
DERIV 20
4.547299272268713443e-32
2.0656210218202306972e-48
0
0
DERIV 21
-1.6469028077397463462e-33
1.0816177616403359053e-49
0
0
DERIV 22
5.882208787729982720e-35
-4.018094022921574763e-51
0
0
DERIV 23
-2.0755313445979581810e-36
-1.5228675287741427173e-52
0
0
DERIV 24
7.245998172909520190e-38
1.8860508216361868769e-54
0
0
DERIV 25
-2.5062707820946676646e-39
1.4380156268493202705e-55
0
0
DERIV 26
8.598581613538275319e-41
1.0106607506100447408e-57
0
0
DERIV 27
-2.929134806568205464e-42
2.585250899729144207e-59
0
0
DERIV 28
9.916413996349244443e-44
-6.664690410263590600e-60
0
0
DERIV 29
-3.338974118478338903e-45
-1.2910101066456385741e-61
0
0
DERIV 30
1.1189543674173498969e-46
-4.597722588674251141e-63
0
0
DERIV 31
-3.734334629737929163e-48
-7.876879825341076784e-65
0
0
DERIV 32
1.2417773791066857421e-49
9.564417916875301028e-67
0
0
DERIV 33
-4.116268195780741090e-51
2.1954918920359231526e-67
0
0
DERIV 34
1.3607175071607494881e-52
4.743094804411400240e-69
0
0
DERIV 35
-4.487350919136514853e-54
-1.9707321527784199661e-70
0
0
AT 61/2
1.9814148880056232819e-8
-9.929301319041605141e-25
0
0
DERIV 1
-7.988333700467751405e-9
-5.687788520671165096e-25
0
0
DERIV 2
1.6539160985735121547e-9
4.397509544287591841e-26
0
0
DERIV 3
-2.346236609686310624e-10
-1.9857159964492605535e-26
0
0
DERIV 4
2.5672337886009667353e-11
5.906294228255298485e-28
0
0
DERIV 5
-2.3125881754335368506e-12
-3.619162352793895130e-30
0
0
DERIV 6
1.7875802622184293579e-13
-8.795818887592508186e-30
0
0
DERIV 7
-1.2202713459062572929e-14
7.295060844182533254e-31
0
0
DERIV 8
7.513915049327519677e-16
-2.562285784903801758e-32
0
0
DERIV 9
-4.241878235605806482e-17
-2.7903524105782453835e-33
0
0
DERIV 10
2.2239820380334511607e-18
1.7541800039627135516e-34
0
0
DERIV 11
-1.0942899356425233129e-19
-1.0702373378526702791e-35
0
0
DERIV 12
5.097105256651607144e-21
1.931153335754461773e-37
0
0
DERIV 13
-2.263930778540455392e-22
-2.0962042612671092572e-38
0
0
DERIV 14
9.647898710011379157e-24
-2.3749800325791315197e-40
0
0
DERIV 15
-3.965788610003018823e-25
-1.1598867362498308323e-41
0
0
DERIV 16
1.5795550420072000117e-26
1.1365953486405380751e-42
0
0
DERIV 17
-6.120200814230308387e-28
-3.847356014629137130e-44
0
0
DERIV 18
2.3148164552887830843e-29
1.0781260270294796090e-45
0
0
DERIV 19
-8.572177550190693569e-31
4.337398066154248356e-47
0
0
DERIV 20
3.116226949833885823e-32
-7.467979012052055362e-49
0
0
DERIV 21
-1.1146222724178570231e-33
2.459660020943998039e-50
0
0
DERIV 22
3.930616208341543177e-35
1.5430110665335974987e-51
0
0
DERIV 23
-1.3689679305939166710e-36
-4.093491216274937682e-53
0
0
DERIV 24
4.716245369286376704e-38
-4.229548104579815636e-54
0
0
DERIV 25
-1.6093771353086937986e-39
4.895475285374227699e-56
0
0
DERIV 26
5.446188862890505618e-41
-4.858478941729105494e-57
0
0
DERIV 27
-1.8295840411105220116e-42
1.1232092315164864124e-58
0
0
DERIV 28
6.107061488581743020e-44
-4.568527500734605408e-60
0
0
DERIV 29
-2.0271177754255615898e-45
-2.926673936792362612e-62
0
0
DERIV 30
6.695700802753319416e-47
2.3491664326067632990e-64
0
0
DERIV 31
-2.2021633537036262519e-48
6.641874629534792849e-65
0
0
DERIV 32
7.215603860301239509e-50
3.348010679218750846e-66
0
0
DERIV 33
-2.3565138246307305739e-51
1.4515378223865116156e-68
0
0
DERIV 34
7.673983251268308888e-53
3.582375077842381903e-69
0
0
DERIV 35
-2.4927727049978741959e-54
-1.0732460743917884725e-70
0
0
AT 31
1.6205668050196902628e-8
2.3396264097417143219e-26
0
0
DERIV 1
-6.498239634511424341e-9
-3.345010165792918678e-25
0
0
DERIV 2
1.3377582735321638758e-9
5.027675379698243171e-27
0
0
DERIV 3
-1.8863899272826952841e-10
-4.196940402496188114e-27
0
0
DERIV 4
2.0510950513121079610e-11
6.889383935886221476e-28
0
0
DERIV 5
-1.8354358954498314757e-12
-5.782717954557355641e-29
0
0
DERIV 6
1.4089055298186171601e-13
1.1656651408756689906e-30
0
0
DERIV 7
-9.547693390709895654e-15
3.891817097908593177e-31
0
0
DERIV 8
5.834188292394927631e-16
5.171675294152773195e-33
0
0
DERIV 9
-3.267289343481852553e-17
2.7725392960979089592e-33
0
0
DERIV 10
1.6986995250840169820e-18
2.680509767024429248e-35
0
0
DERIV 11
-8.285383753004364597e-20
5.903978930957124445e-36
0
0
DERIV 12
3.824169309694160337e-21
2.096782026111232588e-37
0
0
DERIV 13
-1.6824747890525520002e-22
9.184433147311914309e-39
0
0
DERIV 14
7.099535560243486522e-24
-2.0872050655471180938e-40
0
0
DERIV 15
-2.888554857015763666e-25
-2.1327391180279905418e-41
0
0
DERIV 16
1.1383737382614678557e-26
4.198995108522672265e-43
0
0
DERIV 17
-4.362786661756784601e-28
-4.197173894555703715e-44
0
0
DERIV 18
1.6316121959991735255e-29
4.511750520192748437e-47
0
0
DERIV 19
-5.972454764423269633e-31
-3.928193356934321853e-47
0
0
DERIV 20
2.1454444846870034393e-32
-2.8590405256117862780e-49
0
0
DERIV 21
-7.580780003006916936e-34
-2.297494862834234117e-50
0
0
DERIV 22
2.640115261629124311e-35
2.6078976552354510944e-51
0
0
DERIV 23
-9.078549643206187506e-37
1.8095219968182641519e-53
0
0
DERIV 24
3.087253353154222242e-38
-1.5565464609705682068e-55
0
0
DERIV 25
-1.0396446726251578594e-39
-3.063854450708283661e-56
0
0
DERIV 26
3.471173121266234970e-41
-2.5486363839507901952e-57
0
0
DERIV 27
-1.1502815904215561094e-42
2.871882511580494082e-59
0
0
DERIV 28
3.786782486776517042e-44
-8.477199395848783517e-61
0
0
DERIV 29
-1.2394452148862453233e-45
-2.808332903657877006e-62
0
0
DERIV 30
4.036308806941149555e-47
1.9756341519618134880e-63
0
0
DERIV 31
-1.3086181321262363110e-48
-3.478138332874337996e-65
0
0
DERIV 32
4.226211445986655207e-50
-1.6549090916782961387e-66
0
0
DERIV 33
-1.3602177340607945009e-51
7.764769758300170967e-68
0
0
DERIV 34
4.364839745920558257e-53
3.148057896080807174e-69
0
0
DERIV 35
-1.3969867774335485325e-54
-1.1558038610005894372e-70
0
0
AT 63/2
1.3268634633308854864e-8
6.161187530856652728e-25
0
0
DERIV 1
-5.292253295939180967e-9
-2.3104422704721557379e-26
0
0
DERIV 2
1.0833979809061876303e-9
7.560259106287314245e-26
0
0
DERIV 3
-1.5187336099698457406e-10
-9.918418924730826270e-27
0
0
DERIV 4
1.6411358364870605852e-11
-1.3713848613384685091e-27
0
0
DERIV 5
-1.4590501920358291724e-12
-1.9688805166643532710e-29
0
0
DERIV 6
1.1123564480339563864e-13
-2.8434759579302760231e-30
0
0
DERIV 7
-7.484212161791467410e-15
3.913362796871811120e-31
0
0
DERIV 8
4.539041807296965114e-16
1.8551757477641170314e-32
0
0
DERIV 9
-2.5220567425852374432e-17
-9.360284036314620082e-34
0
0
DERIV 10
1.3005057831073148892e-18
2.479227909388038073e-35
0
0
DERIV 11
-6.288978822434882511e-20
-9.382484151902464022e-37
0
0
DERIV 12
2.8768615175201649517e-21
1.6758869450987419946e-38
0
0
DERIV 13
-1.2539709345569078778e-22
8.889105690443416509e-39
0
0
DERIV 14
5.240463622852357807e-24
-2.5484327894523014836e-40
0
0
DERIV 15
-2.110897141311588819e-25
1.6212773803435775004e-42
0
0
DERIV 16
8.233162759419771983e-27
-9.319578193580091676e-45
0
0
DERIV 17
-3.121717489854956033e-28
5.605748898068178133e-45
0
0
DERIV 18
1.1546522459845384972e-29
-3.2706130418464887481e-46
0
0
DERIV 19
-4.178820436437238724e-31
-6.291392344368928275e-48
0
0
DERIV 20
1.4837210427187206614e-32
-6.706166946072241967e-49
0
0
DERIV 21
-5.180320014479945800e-34
5.443653364935661175e-51
0
0
DERIV 22
1.7821867997837566630e-35
1.3740682316443738477e-52
0
0
DERIV 23
-6.052306088671228570e-37
3.261691956087797790e-53
0
0
DERIV 24
2.0320940096630905940e-38
5.121755239316115513e-55
0
0
DERIV 25
-6.754966447262505452e-40
-2.264316111624182896e-56
0
0
DERIV 26
2.2258064513211750679e-41
-9.316488741130161086e-58
0
0
DERIV 27
-7.277808140604219726e-43
5.550640683928255461e-59
0
0
DERIV 28
2.363581976291147696e-44
3.994968491642839579e-61
0
0
DERIV 29
-7.630551747696553571e-46
4.665002418526542641e-62
0
0
DERIV 30
2.450593489415868791e-47
-7.976926205610635751e-64
0
0
DERIV 31
-7.834176444202513801e-49
3.600536100063937916e-65
0
0
DERIV 32
2.494395655067452272e-50
-1.5578089419594806560e-66
0
0
DERIV 33
-7.914091196475703433e-52
-7.001085199673142623e-68
0
0
DERIV 34
2.503159418057606838e-53
2.2875109737683477938e-69
0
0
DERIV 35
-7.895745928523802227e-55
-3.0228848812405185003e-71
0
0
AT 32
1.0875355106332079641e-8
-6.810634355488891757e-25
0
0
DERIV 1
-4.314990544178519958e-9
-9.800340313549449337e-26
0
0
DERIV 2
8.784807278325680008e-10
-8.324566121845042775e-27
0
0
DERIV 3
-1.2243578993921507745e-10
5.027008838879971888e-27
0
0
DERIV 4
1.3150013759931798650e-11
-4.964911232307460545e-28
0
0
DERIV 5
-1.1616468494909795892e-12
4.827289036465192621e-29
0
0
DERIV 6
8.796961662440325674e-14
5.833391749984958605e-31
0
0
DERIV 7
-5.877302085345845979e-15
1.0780394984870430111e-32
0
0
DERIV 8
3.538294107597760774e-16
-1.0992848027417734947e-32
0
0
DERIV 9
-1.9508951033397739907e-17
1.0263612019784202494e-33
0
0
DERIV 10
9.979062485212148800e-19
-5.655373847125417839e-35
0
0
DERIV 11
-4.785236372543359212e-20
1.8481616314233781763e-36
0
0
DERIV 12
2.1698745777644985590e-21
1.8767253384452715857e-37
0
0
DERIV 13
-9.372214422997672615e-23
2.9062701201812147418e-39
0
0
DERIV 14
3.879816012039028062e-24
1.8951109649482549425e-40
0
0
DERIV 15
-1.5475496611736880281e-25
3.168821702856630474e-42
0
0
DERIV 16
5.974924561430596493e-27
-1.6291479675287104964e-43
0
0
DERIV 17
-2.241832141944562295e-28
1.5569098969521753863e-44
0
0
DERIV 18
8.202839565519116885e-30
-2.4395630000482928740e-46
0
0
DERIV 19
-2.935856367318736791e-31
-1.7096313318542055465e-47
0
0
DERIV 20
1.0305553765123934778e-32
2.6254700103273115209e-49
0
0
DERIV 21
-3.556225615414827836e-34
-2.5758267393007219998e-51
0
0
DERIV 22
1.2088747261946030926e-35
1.2579234274865880124e-51
0
0
DERIV 23
-4.055386947865150528e-37
3.560212741929095626e-53
0
0
DERIV 24
1.3447231846607509062e-38
-3.549252014155908952e-55
0
0
DERIV 25
-4.413576767400838114e-40
3.666065675852345264e-56
0
0
DERIV 26
1.4356225830589416698e-41
-8.524531516677861005e-58
0
0
DERIV 27
-4.632890552711770784e-43
3.972758755908289717e-59
0
0
DERIV 28
1.4847036512848639684e-44
-1.1341291043303491644e-60
0
0
DERIV 29
-4.728980811003997524e-46
1.6651088477168563588e-62
0
0
DERIV 30
1.4981512831538694765e-47
-1.1224552883207188506e-63
0
0
DERIV 31
-4.723739823941167443e-49
-3.157181041791793889e-66
0
0
DERIV 32
1.4832231047333519110e-50
-2.0347446992749766487e-67
0
0
DERIV 33
-4.640187740853702004e-52
-3.488592061304130130e-68
0
0
DERIV 34
1.4469897485900825229e-53
1.0067582026046852488e-69
0
0
DERIV 35
-4.499513674621458977e-55
-7.253585153478680808e-72
0
0
AT 33
7.328480294544485367e-9
-1.7306672451709494336e-25
0
0
DERIV 1
-2.878055296421322646e-9
1.0734699231376293212e-25
0
0
DERIV 2
5.796623402965817038e-10
-2.4397791458551178378e-27
0
0
DERIV 3
-7.988022863475825455e-11
3.0783179229733399725e-27
0
0
DERIV 4
8.478122899570384569e-12
-6.114625593229102916e-28
0
0
DERIV 5
-7.396652045341905010e-13
-1.6812328439477546981e-29
0
0
DERIV 6
5.528628122026559458e-14
-2.5664853413656112703e-30
0
0
DERIV 7
-3.643461469290130868e-15
2.916995479752081375e-32
0
0
DERIV 8
2.1622318716896591924e-16
-9.511719237186970285e-33
0
0
DERIV 9
-1.1744351359473654427e-17
-1.2646451799730718507e-35
0
0
DERIV 10
5.914002239746248385e-19
1.9898880114264790549e-35
0
0
DERIV 11
-2.789961909266537990e-20
1.979894698174425043e-37
0
0
DERIV 12
1.2437622525454367336e-21
5.578694681494102117e-38
0
0
DERIV 13
-5.277854133370812768e-23
-1.4270341383917801086e-39
0
0
DERIV 14
2.1450864075096068007e-24
-5.903044388088688750e-41
0
0
DERIV 15
-8.394715223952273464e-26
3.791017797616132845e-43
0
0
DERIV 16
3.1778653521970877371e-27
7.801343912493917526e-44
0
0
DERIV 17
-1.1683369045550155970e-28
2.822152692379645283e-45
0
0
DERIV 18
4.186191110500768651e-30
3.3809719850810384660e-46
0
0
DERIV 19
-1.4662776819390590365e-31
-7.428639566420456948e-48
0
0
DERIV 20
5.034148156621867461e-33
-9.270255906994147443e-50
0
0
DERIV 21
-1.6981442967954515429e-34
2.1034717931159508789e-51
0
0
DERIV 22
5.639829285373183352e-36
1.0767449247165303884e-52
0
0
DERIV 23
-1.8475528874269047853e-37
-8.104005240383466698e-54
0
0
DERIV 24
5.979570242051744405e-39
3.1918732324477628098e-55
0
0
DERIV 25
-1.9147185411470204333e-40
-1.6256390069680009788e-56
0
0
DERIV 26
6.073631073692872639e-42
-3.944162790016286458e-58
0
0
DERIV 27
-1.9106560551085669248e-43
-1.7207135805384334439e-59
0
0
DERIV 28
5.966677057531297495e-45
-4.206696024828341633e-61
0
0
DERIV 29
-1.8512861820962027591e-46
1.6999653156388781788e-62
0
0
DERIV 30
5.711319443991192597e-48
-3.466658073305325598e-64
0
0
DERIV 31
-1.7531257366429632566e-49
-2.0422229040932171828e-66
0
0
DERIV 32
5.357484157760170308e-51
4.524442480958853385e-69
0
0
DERIV 33
-1.6308242959972075809e-52
-3.368259828166602381e-69
0
0
DERIV 34
4.947120442697662382e-54
-7.457957931431226475e-71
0
0
DERIV 35
-1.4961459501573719442e-55
1.8634936193506688114e-72
0
0
AT 34
4.957997415343302500e-9
2.376249319036781418e-25
0
0
DERIV 1
-1.927849292992077358e-9
6.691750237909188386e-27
0
0
DERIV 2
3.842521778811173906e-10
1.7630621447920957689e-27
0
0
DERIV 3
-5.237499601200412037e-11
1.4544403733898182482e-27
0
0
DERIV 4
5.495341345745348314e-12
-1.1698562538259985907e-28
0
0
DERIV 5
-4.736944334358173040e-13
-9.563471053661028525e-30
0
0
DERIV 6
3.496214379874353615e-14
-1.1194077851288487234e-30
0
0
DERIV 7
-2.2738101206305638770e-15
-7.938918390432429969e-32
0
0
DERIV 8
1.3308727392074027230e-16
-1.1075610438130313353e-32
0
0
DERIV 9
-7.125029118488402416e-18
6.616638770202502122e-34
0
0
DERIV 10
3.534165446695444060e-19
1.0806170938973761778e-35
0
0
DERIV 11
-1.6412416786209491135e-20
-8.449971962602738840e-37
0
0
DERIV 12
7.197797839083610691e-22
-2.1035854971645729914e-39
0
0
DERIV 13
-3.002799491934096432e-23
2.0424205129280583967e-39
0
0
DERIV 14
1.1990578547380045596e-24
-1.6699540792068506567e-41
0
0
DERIV 15
-4.607337267966861285e-26
-2.5609954047382120916e-42
0
0
DERIV 16
1.7114119880681693619e-27
-1.2298824014375962450e-43
0
0
DERIV 17
-6.170126057180953103e-29
-1.4524853695961699528e-45
0
0
DERIV 18
2.1666584448760832622e-30
-4.789734947932111618e-47
0
0
DERIV 19
-7.433265144166071209e-32
-2.2017650442072408459e-48
0
0
DERIV 20
2.4982556046546370923e-33
8.588420259888499747e-50
0
0
DERIV 21
-8.245143135544245982e-35
4.946920878599572671e-51
0
0
DERIV 22
2.6777989759009359321e-36
5.423041265784072783e-53
0
0
DERIV 23
-8.574007394044617269e-38
-6.682056462785863463e-55
0
0
DERIV 24
2.7110007503485906754e-39
3.896121220219785302e-56
0
0
DERIV 25
-8.477080877712613191e-41
3.003605120409120957e-57
0
0
DERIV 26
2.6247733677818788179e-42
1.4693813766399411040e-58
0
0
DERIV 27
-8.056740192249491006e-44
-2.970259027517105803e-60
0
0
DERIV 28
2.4540595858226637589e-45
-1.0514720327367124156e-61
0
0
DERIV 29
-7.424285365671781292e-47
-4.289356677368352038e-63
0
0
DERIV 30
2.2325899794553826987e-48
-5.834045752426935090e-65
0
0
DERIV 31
-6.678047978506034313e-50
2.3132709959940514903e-66
0
0
DERIV 32
1.9881217320096250378e-51
1.4330590640591699704e-67
0
0
DERIV 33
-5.894203490820571192e-53
-4.087611779083186756e-69
0
0
DERIV 34
1.7410236145966106441e-54
1.1926743153149570456e-70
0
0
DERIV 35
-5.125854477903605583e-56
3.966646805552952411e-73
0
0
AT 35
3.367079765766266212e-9
-7.152675927233677935e-26
0
0
DERIV 1
-1.2966621719232833255e-9
3.304096677479506075e-26
0
0
DERIV 2
2.558424607186177232e-10
-2.3179941009465276026e-27
0
0
DERIV 3
-3.450402120461794107e-11
-4.660939885957784819e-28
0
0
DERIV 4
3.5802054741690259504e-12
1.0108813852844776557e-28
0
0
DERIV 5
-3.050344373844382647e-13
-1.1257565989044622013e-29
0
0
DERIV 6
2.2240666047616892304e-14
-6.034144559496177503e-31
0
0
DERIV 7
-1.4280967150313722815e-15
5.591241374754659897e-32
0
0
DERIV 8
8.247867746231142097e-17
3.584099269719877223e-33
0
0
DERIV 9
-4.354476964878676706e-18
-2.683723473271980722e-34
0
0
DERIV 10
2.1287191118384375136e-19
-5.792995634308579675e-36
0
0
DERIV 11
-9.736900519005376673e-21
5.399525919945105240e-37
0
0
DERIV 12
4.203364610533174952e-22
-1.2628754708131753521e-38
0
0
DERIV 13
-1.7250622108176897365e-23
-3.3476684092860622439e-40
0
0
DERIV 14
6.772235168042635657e-25
-2.876544700080804839e-41
0
0
DERIV 15
-2.5567595634385374411e-26
3.2984832887867229959e-43
0
0
DERIV 16
9.325678178694456170e-28
-7.961935316443742730e-44
0
0
DERIV 17
-3.299503626007374488e-29
-1.6802904487944770531e-45
0
0
DERIV 18
1.1363771537850823301e-30
-8.697857259440223899e-47
0
0
DERIV 19
-3.821597911312049046e-32
-1.4709220264102237048e-48
0
0
DERIV 20
1.2583443606537896262e-33
2.0656550314723989194e-50
0
0
DERIV 21
-4.066595270852318635e-35
7.547386734821073866e-52
0
0
DERIV 22
1.2925972819351754376e-36
1.9621530445924069980e-53
0
0
DERIV 23
-4.048685851588462587e-38
-1.0005263132670042824e-54
0
0
DERIV 24
1.2517212836812394486e-39
5.240547155868910347e-56
0
0
DERIV 25
-3.825475772564672334e-41
-5.118854055903073180e-58
0
0
DERIV 26
1.1572201983170000685e-42
7.288724276387830830e-59
0
0
DERIV 27
-3.468989953604188947e-44
-1.1308052509170016277e-60
0
0
DERIV 28
1.0315564302911943293e-45
-2.308667964202814427e-62
0
0
DERIV 29
-3.045660365905317081e-47
2.1278828780820598618e-63
0
0
DERIV 30
8.935504807228672334e-49
2.496778146778875770e-65
0
0
DERIV 31
-2.606853274984938922e-50
1.4951331964382072437e-66
0
0
DERIV 32
7.567446918576269651e-52
7.701436506912550022e-69
0
0
DERIV 33
-2.187064806368827766e-53
1.5977107777041051371e-69
0
0
DERIV 34
6.296075287018183742e-55
-3.3049453602814189408e-71
0
0
DERIV 35
-1.8062015891031889487e-56
4.808022851992595762e-73
0
0
AT 36
2.295052095290838953e-9
9.346494289402115622e-26
0
0
DERIV 1
-8.755695944052981491e-10
-1.9553558332874782414e-26
0
0
DERIV 2
1.7106706724759266093e-10
-4.526037478010534228e-27
0
0
DERIV 3
-2.2834436690170663573e-11
-3.448158993652443284e-28
0
0
DERIV 4
2.3439264225609307828e-12
1.2484767686786781848e-28
0
0
DERIV 5
-1.9746087301267537848e-13
-3.686685971708366658e-30
0
0
DERIV 6
1.4228181301239665486e-14
8.122503641607397530e-31
0
0
DERIV 7
-9.023915397232555398e-16
1.5967764087045606413e-32
0
0
DERIV 8
5.144877761537790339e-17
3.0486180444257808194e-33
0
0
DERIV 9
-2.6799098009098034888e-18
1.4215210639163988799e-34
0
0
DERIV 10
1.2918252796182707490e-19
-2.300565034718586005e-37
0
0
DERIV 11
-5.823103335573393308e-21
-1.6449893581452511912e-37
0
0
DERIV 12
2.475848752304364471e-22
-9.520837243423582889e-39
0
0
DERIV 13
-1.0001591147990285562e-23
3.914470201747995864e-40
0
0
DERIV 14
3.862584617951846903e-25
-3.883588958292735215e-42
0
0
DERIV 15
-1.4337172070291816654e-26
-1.0417459142097600389e-42
0
0
DERIV 16
5.138431562718130712e-28
4.361749346545600942e-44
0
0
DERIV 17
-1.7853705652021353615e-29
-1.1382926123530353001e-45
0
0
DERIV 18
6.035180143551457355e-31
2.561617216772909048e-47
0
0
DERIV 19
-1.9909734277505898426e-32
4.062824468351369769e-49
0
0
DERIV 20
6.427539616486720797e-34
1.9506238243042865596e-50
0
0
DERIV 21
-2.0355470731738039991e-35
1.7352372246462383634e-52
0
0
DERIV 22
6.337344357311547914e-37
2.0459598291506426580e-54
0
0
DERIV 23
-1.9433463566202940087e-38
-3.0245621532760214814e-55
0
0
DERIV 24
5.879544033689412616e-40
-1.0179405950050988637e-56
0
0
DERIV 25
-1.7576767263756818848e-41
-2.2373544638456220513e-58
0
0
DERIV 26
5.198938314289602726e-43
-2.432171288817111020e-59
0
0
DERIV 27
-1.5232959112786461431e-44
-3.235908918643049671e-61
0
0
DERIV 28
4.425924572848722147e-46
1.4017516388426197051e-63
0
0
DERIV 29
-1.2763770932104762112e-47
1.0021308240523097493e-63
0
0
DERIV 30
3.656529535416743528e-49
3.607451607677332737e-65
0
0
DERIV 31
-1.0413431521058572531e-50
-2.337689441274315692e-68
0
0
DERIV 32
2.9501034321025957475e-52
-1.4215263902075509575e-69
0
0
DERIV 33
-8.318623042831923551e-54
-5.087023049392780807e-70
0
0
DERIV 34
2.3359341957062467672e-55
1.6083310871132261038e-71
0
0
DERIV 35
-6.535276178764160107e-57
-4.218832428139376038e-73
0
0
AT 37
1.5698749716747378788e-9
-4.150176833027480687e-26
0
0
DERIV 1
-5.934709276067650959e-10
2.637242487063977713e-26
0
0
DERIV 2
1.1484852907706156130e-10
-4.650983791479081513e-27
0
0
DERIV 3
-1.5177689195962156682e-11
-2.0854611666892583651e-29
0
0
DERIV 4
1.5417501414021127083e-12
-7.367037327974989785e-29
0
0
DERIV 5
-1.2846849695702666321e-13
1.0888278703194680004e-29
0
0
DERIV 6
9.151544628037487969e-15
-2.237468786503963341e-31
0
0
DERIV 7
-5.735176289587964261e-16
-2.580585190698841229e-32
0
0
DERIV 8
3.229274745911116518e-17
3.974483566972447934e-34
0
0
DERIV 9
-1.6603306660256624116e-18
1.3576544540311454257e-35
0
0
DERIV 10
7.895592047854258197e-20
2.3017108353108586121e-36
0
0
DERIV 11
-3.509139789949271629e-21
-1.2743563299703548973e-37
0
0
DERIV 12
1.4702528871817207395e-22
-7.447878818128658771e-39
0
0
DERIV 13
-5.849438672208640653e-24
5.112004462533665501e-41
0
0
DERIV 14
2.223595284411582928e-25
-7.526517961597042092e-42
0
0
DERIV 15
-8.119525014633448310e-27
-2.2020419920435796825e-43
0
0
DERIV 16
2.861187330070754427e-28
6.797462584870328263e-45
0
0
DERIV 17
-9.769120930761712908e-30
-5.481167087606017498e-47
0
0
DERIV 18
3.243368238823853459e-31
9.348441520008044620e-48
0
0
DERIV 19
-1.0503247630836654826e-32
-1.8940156557822830158e-50
0
0
DERIV 20
3.326862425989958634e-34
1.3009562860838512582e-52
0
0
DERIV 21
-1.0332142245239859203e-35
-5.826714621819661180e-53
0
0
DERIV 22
3.153050489109866951e-37
-1.1168412839805344137e-53
0
0
DERIV 23
-9.473097780895367681e-39
3.541839281061542181e-56
0
0
DERIV 24
2.8068317351112540094e-40
-6.688478180649237786e-57
0
0
DERIV 25
-8.214186581902117293e-42
-5.553885734572746884e-58
0
0
DERIV 26
2.3775204840814490261e-43
-9.501951269081620694e-60
0
0
DERIV 27
-6.814256000084092826e-45
5.772669205196372498e-61
0
0
DERIV 28
1.9360318240952366079e-46
-6.070255399185006788e-63
0
0
DERIV 29
-5.457837463275450917e-48
-1.8260903657943380664e-64
0
0
DERIV 30
1.5279579346425114028e-49
3.255295251092792027e-66
0
0
DERIV 31
-4.251214296086847001e-51
9.334140279131009211e-68
0
0
DERIV 32
1.1762982580225038125e-52
-8.064488663278700644e-69
0
0
DERIV 33
-3.238804778935253879e-54
-2.7865719800281486650e-70
0
0
DERIV 34
8.878640314257976496e-56
-9.862936849874637371e-73
0
0
DERIV 35
-2.4244248166619585330e-57
2.8469827799540847541e-74
0
0
AT 38
1.0774967743285213076e-9
-1.1084747437387324230e-26
0
0
DERIV 1
-4.037311401636859863e-10
-7.301901126036677041e-27
0
0
DERIV 2
7.740735446153536674e-11
-3.990200129699053991e-27
0
0
DERIV 3
-1.0130737971842601670e-11
-6.046980999590394582e-28
0
0
DERIV 4
1.0186744912165385529e-12
5.939903742262551482e-29
0
0
DERIV 5
-8.398552219599390758e-14
-2.7521353473733120302e-30
0
0
DERIV 6
5.916736341965946930e-15
-1.3767153796238047617e-31
0
0
DERIV 7
-3.665237385624021765e-16
1.5676728324141902312e-32
0
0
DERIV 8
2.0389648066236933343e-17
2.1290428107669230233e-35
0
0
DERIV 9
-1.0352033587038831905e-18
-3.127093122858952627e-35
0
0
DERIV 10
4.858642586762576809e-20
1.5537488350370468517e-36
0
0
DERIV 11
-2.1300983807881641630e-21
-1.1505684593112792683e-37
0
0
DERIV 12
8.798873477421745032e-23
-3.166705240470042226e-39
0
0
DERIV 13
-3.449461640096541463e-24
4.827636752772410392e-41
0
0
DERIV 14
1.2914002496429841655e-25
-1.2286810058496784408e-42
0
0
DERIV 15
-4.641630698033207641e-27
1.5117894513316459097e-43
0
0
DERIV 16
1.6091257465860520721e-28
-6.782535993183583543e-47
0
0
DERIV 17
-5.402253087587561538e-30
-2.2914014963446234895e-46
0
0
DERIV 18
1.7626562410371238647e-31
9.195484109360721110e-48
0
0
DERIV 19
-5.606969229920167048e-33
2.2466753314269231974e-49
0
0
DERIV 20
1.7436522297077435732e-34
-1.7652120893307795657e-51
0
0
DERIV 21
-5.314101563304364827e-36
-1.5920305388380072216e-52
0
0
DERIV 22
1.5906924012188709487e-37
7.920244338862323880e-54
0
0
DERIV 23
-4.685677171198989162e-39
1.3236841659078187358e-55
0
0
DERIV 24
1.3606277606527779971e-40
-2.0265939106802410022e-57
0
0
DERIV 25
-3.900822816873647955e-42
-2.6205110746147025428e-58
0
0
DERIV 26
1.1056545699287873094e-43
1.1505007205637390493e-60
0
0
DERIV 27
-3.102135594939023702e-45
-1.2711552236194961345e-61
0
0
DERIV 28
8.624904209317947610e-47
-4.807456477810146833e-64
0
0
DERIV 29
-2.3786073915532808421e-48
-1.4080641418119838163e-65
0
0
DERIV 30
6.512432897354749253e-50
-1.8179520914071616170e-66
0
0
DERIV 31
-1.7715443125782663822e-51
-5.606871664020780577e-68
0
0
DERIV 32
4.791251158747187365e-53
2.531224058338117531e-69
0
0
DERIV 33
-1.2891442659980241509e-54
-8.827300397383514192e-72
0
0
DERIV 34
3.452617188362076869e-56
1.6716220279669194307e-72
0
0
DERIV 35
-9.208791117753517856e-58
4.012869318577657485e-74
0
0
AT 39
7.419825092371377153e-10
-4.707989060916889637e-27
0
0
DERIV 1
-2.756207857865747893e-10
-1.1143762158297717613e-27
0
0
DERIV 2
5.236892203557470576e-11
-2.6483105406410798426e-27
0
0
DERIV 3
-6.789328472416345017e-12
-3.997082853320103449e-28
0
0
DERIV 4
6.759759756860531314e-13
-5.439798769819523595e-30
0
0
DERIV 5
-5.515939281873817027e-14
-1.3400103650896781443e-31
0
0
DERIV 6
3.844318027848663186e-15
1.6096980094205667121e-31
0
0
DERIV 7
-2.354822534248358449e-16
-2.2461007444305968363e-32
0
0
DERIV 8
1.2947215621225197555e-17
-7.139807760740280496e-34
0
0
DERIV 9
-6.493663298340254385e-19
8.285501038853660218e-36
0
0
DERIV 10
3.009257524337857482e-20
5.808288470397122152e-38
0
0
DERIV 11
-1.3019792071895114232e-21
-8.504136670616414066e-38
0
0
DERIV 12
5.304797567164945243e-23
-5.663684684746121698e-39
0
0
DERIV 13
-2.0502482093418229447e-24
1.8363106726874833910e-40
0
0
DERIV 14
7.563190408409546824e-26
-4.430423534718619698e-42
0
0
DERIV 15
-2.6771957960577511799e-27
6.790111306403610419e-44
0
0
DERIV 16
9.135723488319164809e-29
1.7239561372912521106e-45
0
0
DERIV 17
-3.0175330175193618389e-30
-6.997342831678901758e-47
0
0
DERIV 18
9.681736679005239513e-32
3.749419642541450437e-48
0
0
DERIV 19
-3.0269923694717256698e-33
1.3285882538191736304e-49
0
0
DERIV 20
9.247724944334482820e-35
-5.519114994062038574e-52
0
0
DERIV 21
-2.7675614502957857713e-36
-1.8011299546999715659e-53
0
0
DERIV 22
8.131174636870920797e-38
4.222100998450903058e-54
0
0
DERIV 23
-2.3499231738211219889e-39
3.851950282622866255e-56
0
0
DERIV 24
6.692017936802873977e-41
3.202019317271355151e-57
0
0
DERIV 25
-1.8807916945260336825e-42
-3.198116035453285224e-59
0
0
DERIV 26
5.224070800265800704e-44
-3.445885066744037774e-60
0
0
DERIV 27
-1.4358271075743298799e-45
6.118149909712598245e-62
0
0
DERIV 28
3.909330191668327979e-47
-9.541290763355449417e-65
0
0
DERIV 29
-1.0554571909588077021e-48
-1.1622763178671927392e-65
0
0
DERIV 30
2.828147121046283355e-50
1.5017056584020849524e-66
0
0
DERIV 31
-7.527149087526918282e-52
-4.009985046323070994e-68
0
0
DERIV 32
1.9912858712535943870e-53
5.682535654467024974e-70
0
0
DERIV 33
-5.239453887109549895e-55
3.5614380579959808212e-71
0
0
DERIV 34
1.3719343029293196581e-56
-5.230228566467481042e-73
0
0
DERIV 35
-3.576803016771997382e-58
-3.3344862018055853721e-74
0
0
AT 40
5.125657547590540029e-10
-2.810876054214769874e-26
0
0
DERIV 1
-1.8880130464098785303e-10
-2.6337436976043409545e-27
0
0
DERIV 2
3.555825861810481952e-11
1.6264727375122401471e-27
0
0
DERIV 3
-4.567700111476323682e-12
3.822444450945586851e-28
0
0
DERIV 4
4.504323027288454099e-13
-2.6568960559492566875e-30
0
0
DERIV 5
-3.638836672268669682e-14
-1.9045566496526500700e-30
0
0
DERIV 6
2.5096811584932464602e-15
-1.0648961715596163846e-31
0
0
DERIV 7
-1.5206152133710448979e-16
-6.340490578344387557e-33
0
0
DERIV 8
8.266089049280039296e-18
1.7485721110987093429e-34
0
0
DERIV 9
-4.097058146976323673e-19
1.7099797707000317668e-35
0
0
DERIV 10
1.8753944164584902190e-20
1.4892652958580242505e-36
0
0
DERIV 11
-8.010826482796426800e-22
-2.0029558029169440105e-38
0
0
DERIV 12
3.220838148679681110e-23
8.381940768476429548e-40
0
0
DERIV 13
-1.2277747413752736270e-24
5.044809592523859576e-41
0
0
DERIV 14
4.464926296261215315e-26
-1.8713403039079822564e-42
0
0
DERIV 15
-1.5572977943510437194e-27
3.328572392337258100e-45
0
0
DERIV 16
5.233634671237065059e-29
1.7815523394225653598e-45
0
0
DERIV 17
-1.7016505765303840207e-30
1.2925927782379674015e-46
0
0
DERIV 18
5.371823375082883447e-32
-4.165758024892798490e-48
0
0
DERIV 19
-1.6516810517567633898e-33
5.990128261224674162e-50
0
0
DERIV 20
4.960178986723465896e-35
5.482890735438142121e-52
0
0
DERIV 21
-1.4585256589695861759e-36
1.5926768019059469786e-53
0
0
DERIV 22
4.208597846011377505e-38
-2.3132020464159553494e-54
0
0
DERIV 23
-1.1940564247000120768e-39
-2.119708328131273876e-56
0
0
DERIV 24
3.336892176733305978e-41
-2.5146744966747313098e-58
0
0
DERIV 25
-9.199706298519711747e-43
3.488896599505446020e-59
0
0
DERIV 26
2.505719538344296120e-44
1.3113621886642964923e-60
0
0
DERIV 27
-6.750958240963166353e-46
2.569247306964929219e-62
0
0
DERIV 28
1.8012044974956645059e-47
5.424205320753398971e-64
0
0
DERIV 29
-4.763914577582797362e-49
2.551101169354603387e-65
0
0
DERIV 30
1.2501465344606815643e-50
-4.538706881242057544e-67
0
0
DERIV 31
-3.2576572172260220141e-52
1.5251182167459271191e-68
0
0
DERIV 32
8.435522976795330201e-54
-5.513712365965490186e-70
0
0
DERIV 33
-2.1720134811188263562e-55
-7.163833037583718317e-72
0
0
DERIV 34
5.564282112607190544e-57
-9.359786136133895834e-74
0
0
DERIV 35
-1.4189849468741055414e-58
3.515028718490288853e-75
0
0
AT 41
3.551714180547050769e-10
-2.5229078219709841790e-26
0
0
DERIV 1
-1.2975404408514490517e-10
6.301494714389623469e-27
0
0
DERIV 2
2.4228537861237262401e-11
-1.3494099937668097216e-27
0
0
DERIV 3
-3.0845524871214821119e-12
-1.0571867127555150350e-28
0
0
DERIV 4
3.013442256257597320e-13
8.183618123210322153e-30
0
0
DERIV 5
-2.4107913758130842420e-14
-1.6171715457194558423e-31
0
0
DERIV 6
1.6458817225393153678e-15
4.720799267663999850e-32
0
0
DERIV 7
-9.867255628715642566e-17
3.753097571416217347e-33
0
0
DERIV 8
5.304973265144098918e-18
-2.330717279405807365e-34
0
0
DERIV 9
-2.599357803433564609e-19
1.9033319519663220383e-35
0
0
DERIV 10
1.1757050205016467980e-20
6.620479366932459066e-37
0
0
DERIV 11
-4.960127419648075315e-22
1.8076735255628121663e-38
0
0
DERIV 12
1.9687464465040670741e-23
8.861972133882249058e-40
0
0
DERIV 13
-7.405238901198475679e-25
4.266013721617153837e-41
0
0
DERIV 14
2.655997282044547648e-26
-1.6925040694303577722e-42
0
0
DERIV 15
-9.132120488095714690e-28
-1.8508375624849993717e-44
0
0
DERIV 16
3.024020908638091782e-29
-1.0846441630150827843e-46
0
0
DERIV 17
-9.683446816825815919e-31
-2.767520415754487953e-47
0
0
DERIV 18
3.009256014019278176e-32
-2.7492727870414719212e-49
0
0
DERIV 19
-9.104261203908340815e-34
-5.620981210645140797e-51
0
0
DERIV 20
2.689085922297510097e-35
2.0051594367803291172e-51
0
0
DERIV 21
-7.773614642406802967e-37
-8.258226761218527948e-53
0
0
DERIV 22
2.2042784659495785780e-38
-3.295194442883395211e-55
0
0
DERIV 23
-6.143256880554790106e-40
5.129644325099094848e-57
0
0
DERIV 24
1.6857459445826812731e-41
-6.402341493853956852e-58
0
0
DERIV 25
-4.561821746963746842e-43
3.375274878271198284e-59
0
0
DERIV 26
1.2191486384832322497e-44
-7.697250490047211761e-61
0
0
DERIV 27
-3.2218271509301488810e-46
1.4556814357836960685e-62
0
0
DERIV 28
8.428932846509297051e-48
3.924360986684273045e-64
0
0
DERIV 29
-2.1853136782122321814e-49
-1.2979181172883626872e-65
0
0
DERIV 30
5.619863239386200116e-51
-9.874272127731466926e-68
0
0
DERIV 31
-1.4347198352526512473e-52
-3.940672778947716117e-69
0
0
DERIV 32
3.638810546155703670e-54
1.3278254014166009476e-70
0
0
DERIV 33
-9.174685614565646237e-56
3.464930818200274348e-72
0
0
DERIV 34
2.3010234133329484555e-57
-8.055850844555177154e-74
0
0
DERIV 35
-5.743558602692873578e-59
-2.806172494799639879e-75
0
0
AT 42
2.468401479210273146e-10
-6.969264492227868868e-27
0
0
DERIV 1
-8.945656369517577681e-11
5.262334904617133293e-27
0
0
DERIV 2
1.6564622402795949558e-11
7.569890742325173164e-28
0
0
DERIV 3
-2.0905140501890734351e-12
-4.045106761311962739e-29
0
0
DERIV 4
2.0238025396093296667e-13
-5.551976567135012948e-30
0
0
DERIV 5
-1.6037672201660908512e-14
8.809483584690312826e-31
0
0
DERIV 6
1.0841352929585356177e-15
9.581664682405818746e-33
0
0
DERIV 7
-6.432888910041341184e-17
2.9574683698210271563e-33
0
0
DERIV 8
3.4216428895001412971e-18
2.2354321170703761554e-35
0
0
DERIV 9
-1.6579528527027243128e-19
8.197564669273307368e-36
0
0
DERIV 10
7.412561591154223883e-21
1.0681089981629030509e-37
0
0
DERIV 11
-3.089817380431746996e-22
-1.4913988411781236636e-39
0
0
DERIV 12
1.2111660937735156062e-23
-6.257390837517437402e-40
0
0
DERIV 13
-4.497066109432219953e-25
2.731842258683823666e-41
0
0
DERIV 14
1.5914598070077414190e-26
-1.3369513865377617010e-42
0
0
DERIV 15
-5.396586508745287997e-28
2.1779874702135861717e-44
0
0
DERIV 16
1.7616281572119886782e-29
8.533551047264858497e-46
0
0
DERIV 17
-5.558345576551495322e-31
1.5470645742477687415e-47
0
0
DERIV 18
1.7012475182190845754e-32
1.2580944127866085715e-48
0
0
DERIV 19
-5.067057310023283915e-34
1.5671004213324302388e-50
0
0
DERIV 20
1.4727616246730133276e-35
-6.013021543627938649e-52
0
0
DERIV 21
-4.187801040272504426e-37
1.9150133915800194144e-53
0
0
DERIV 22
1.1675851205508039866e-38
5.092884374786993228e-55
0
0
DERIV 23
-3.1982276377192346165e-40
-1.6867334427369292218e-56
0
0
DERIV 24
8.622379098366336716e-42
-5.869088770579415312e-58
0
0
DERIV 25
-2.2916050283622339470e-43
-8.065658752604699059e-60
0
0
DERIV 26
6.012754530502844357e-45
5.100746169265430260e-61
0
0
DERIV 27
-1.5595172882567345112e-46
-7.109232159364163063e-64
0
0
DERIV 28
4.003081526298329799e-48
-1.3834017616623409231e-64
0
0
DERIV 29
-1.0179799608149276829e-49
-1.9503017072707599292e-66
0
0
DERIV 30
2.5670328960045415913e-51
-6.364438044301386030e-68
0
0
DERIV 31
-6.424457776611688466e-53
-1.8899956359075553885e-69
0
0
DERIV 32
1.5969179722203393303e-54
1.1151423361351022146e-70
0
0
DERIV 33
-3.945160655644067657e-56
1.4024704875680393067e-72
0
0
DERIV 34
9.692764331122922326e-58
-1.6694604155786389113e-74
0
0
DERIV 35
-2.369569958702051037e-59
-1.1444775828799631728e-75
0
0
AT 43
1.7204505822958441203e-10
-7.531522538802459970e-27
0
0
DERIV 1
-6.186344792392954359e-11
1.9574033118387650619e-27
0
0
DERIV 2
1.1361986331408587082e-11
-7.553770756370098159e-28
0
0
DERIV 3
-1.4217600353565347281e-12
-8.448215194213594571e-29
0
0
DERIV 4
1.3642249638773012634e-13
1.0299923881762495757e-29
0
0
DERIV 5
-1.0711311059215293148e-14
-4.852206872478829599e-31
0
0
DERIV 6
7.171366192733126451e-16
-2.577634732390979830e-32
0
0
DERIV 7
-4.212796076040500122e-17
-5.713540499611283723e-34
0
0
DERIV 8
2.2175296394001003172e-18
-1.1524636632431399635e-34
0
0
DERIV 9
-1.0629129093722150698e-19
-8.598160493652981715e-37
0
0
DERIV 10
4.698956883095917007e-21
5.018419603648988876e-38
0
0
DERIV 11
-1.9359206845449596392e-22
-8.587427321893682222e-40
0
0
DERIV 12
7.497072888907480775e-24
-5.613111342408682917e-40
0
0
DERIV 13
-2.748910879937861812e-25
-8.719682635924717645e-42
0
0
DERIV 14
9.602396431056304033e-27
5.621112021638314121e-43
0
0
DERIV 15
-3.212659999462831325e-28
-1.4644178435961934443e-45
0
0
DERIV 16
1.0342637152752247790e-29
2.2995702347571391783e-46
0
0
DERIV 17
-3.216956601232370096e-31
-6.242440024541765244e-48
0
0
DERIV 18
9.702042069220691517e-33
8.200949807162962286e-50
0
0
DERIV 19
-2.846189116470689568e-34
-1.6418908163778848585e-51
0
0
DERIV 20
8.144652999951823646e-36
5.743627543916554185e-52
0
0
DERIV 21
-2.279200291370681171e-37
-1.0420381798563044945e-54
0
0
DERIV 22
6.251298872559926638e-39
1.4468021469411267849e-55
0
0
DERIV 23
-1.6838777999877453390e-40
9.609237000213633940e-57
0
0
DERIV 24
4.462597713523941684e-42
1.6273711300753174237e-58
0
0
DERIV 25
-1.1654826140212305389e-43
1.5650289158538964088e-60
0
0
DERIV 26
3.003981103440848094e-45
1.4971461341658913801e-61
0
0
DERIV 27
-7.651214252694847658e-47
2.5959541598189489870e-64
0
0
DERIV 28
1.9280415568784367714e-48
-1.0906805028885431576e-64
0
0
DERIV 29
-4.811881474892582656e-50
-3.515558814959815008e-66
0
0
DERIV 30
1.1905274154976463624e-51
1.2958932261909746100e-68
0
0
DERIV 31
-2.922548723970862608e-53
-5.430219151410201006e-70
0
0
DERIV 32
7.123880372325286866e-55
2.5877027218918216616e-71
0
0
DERIV 33
-1.7254606089000955550e-56
9.670298046568882637e-73
0
0
DERIV 34
4.155257841575839928e-58
-2.379192529342311528e-75
0
0
DERIV 35
-9.954953339541849183e-60
-1.8146441166569500201e-76
0
0
AT 44
1.2024822491144488826e-10
-1.3746524675793328433e-27
0
0
DERIV 1
-4.290859718437474074e-11
2.3490699413557794925e-27
0
0
DERIV 2
7.818058920809472417e-12
5.660895257310793744e-28
0
0
DERIV 3
-9.701991199413209693e-13
6.120231094215983910e-29
0
0
DERIV 4
9.229127254549746918e-14
2.102152979230447817e-31
0
0
DERIV 5
-7.181289262597293489e-15
-2.0558407804271238640e-32
0
0
DERIV 6
4.763070797140956824e-16
1.7767086545480536615e-32
0
0
DERIV 7
-2.7708723706505334216e-17
-6.113951861078418681e-34
0
0
DERIV 8
1.4438025500022950549e-18
8.823891034055508695e-35
0
0
DERIV 9
-6.847874995621803632e-20
3.472998818845876253e-36
0
0
DERIV 10
2.9943562938065735787e-21
1.7683036595148920845e-37
0
0
DERIV 11
-1.2197047056905223895e-22
1.1485639165101270713e-38
0
0
DERIV 12
4.668130467258841442e-24
8.547040850320616018e-41
0
0
DERIV 13
-1.6908823408128026153e-25
-7.179071471183348466e-42
0
0
DERIV 14
5.832439595178374746e-27
1.9061207202967369596e-43
0
0
DERIV 15
-1.9260583596994438366e-28
1.0071251165793071413e-44
0
0
DERIV 16
6.117678746713994504e-30
3.2693441309617129132e-46
0
0
DERIV 17
-1.8765888301318589627e-31
4.644766306800906051e-48
0
0
DERIV 18
5.579244331241058178e-33
1.4156560227105557140e-49
0
0
DERIV 19
-1.6128227516865236378e-34
-7.624638695162530975e-51
0
0
DERIV 20
4.546024229015801726e-36
3.1300985001119613901e-52
0
0
DERIV 21
-1.2525855432893657191e-37
5.036572258329135117e-54
0
0
DERIV 22
3.381386281730548653e-39
1.0837925245466805623e-55
0
0
DERIV 23
-8.961350838291452036e-41
-3.537860987540503079e-57
0
0
DERIV 24
2.3357862542978157398e-42
-1.0729856193949181673e-58
0
0
DERIV 25
-5.997680310939750907e-44
4.465077021962163899e-60
0
0
DERIV 26
1.5193662318489992891e-45
2.945393799626912871e-63
0
0
DERIV 27
-3.802288756299128667e-47
2.3435486864560489162e-63
0
0
DERIV 28
9.411275645864690485e-49
-4.200869991181131498e-65
0
0
DERIV 29
-2.306420974112741334e-50
2.1786660712154641842e-66
0
0
DERIV 30
5.601896251308547572e-52
2.421275862192074494e-68
0
0
DERIV 31
-1.3496342207860926303e-53
-1.0320751982736850245e-70
0
0
DERIV 32
3.2279170262217027572e-55
1.7736949096049363332e-71
0
0
DERIV 33
-7.669392113005067292e-57
2.909362108963229491e-73
0
0
DERIV 34
1.8113756804660222450e-58
6.944165694231461720e-76
0
0
DERIV 35
-4.255146769299855621e-60
-2.7050265298967198139e-77
0
0
AT 45
8.427304748777790403e-11
-5.137490687166463205e-27
0
0
DERIV 1
-2.984714321453097622e-11
-3.006553012629941035e-29
0
0
DERIV 2
5.395997116199875057e-12
-1.4605550968989372992e-28
0
0
DERIV 3
-6.642151452146501938e-13
1.7446626049451560752e-29
0
0
DERIV 4
6.265265571447939825e-14
4.162578294074534557e-30
0
0
DERIV 5
-4.832403643748521405e-15
-1.9039780457436207911e-31
0
0
DERIV 6
3.175967744313300059e-16
8.995377883085808140e-33
0
0
DERIV 7
-1.8301039957000878050e-17
-1.0048398911928894389e-33
0
0
DERIV 8
9.442241638003481098e-19
8.554587795552393724e-35
0
0
DERIV 9
-4.432669405081113586e-20
1.7214336732836319001e-36
0
0
DERIV 10
1.9177239409650915747e-21
1.3433333959243238642e-37
0
0
DERIV 11
-7.725712053383660241e-23
-8.489439814270752234e-40
0
0
DERIV 12
2.9231686984653625436e-24
-5.436059355010323282e-41
0
0
DERIV 13
-1.0463466501038447932e-25
-3.359728553924244721e-42
0
0
DERIV 14
3.565225213340587534e-27
1.5468178655588647292e-43
0
0
DERIV 15
-1.1625283070162438873e-28
5.734316820260141720e-45
0
0
DERIV 16
3.644528123568417275e-30
-2.6828324471651293080e-46
0
0
DERIV 17
-1.1029821171855925049e-31
9.740495329117889551e-48
0
0
DERIV 18
3.234039028696526221e-33
-3.4145366237198076051e-49
0
0
DERIV 19
-9.216270028061064175e-35
2.1568900732616137902e-51
0
0
DERIV 20
2.5599415411454112848e-36
-4.756378810760000532e-53
0
0
DERIV 21
-6.948163738363386058e-38
-4.338726789293633614e-54
0
0
DERIV 22
1.8469724737463823962e-39
-1.3430793669023572645e-55
0
0
DERIV 23
-4.818204827274447238e-41
2.4621837524207750278e-57
0
0
DERIV 24
1.2357741109271321891e-42
-5.449186155379460881e-59
0
0
DERIV 25
-3.121309671469184252e-44
1.6073505632193035193e-61
0
0
DERIV 26
7.775394433576232173e-46
-4.096246430286328815e-62
0
0
DERIV 27
-1.9128286389890017689e-47
7.403057970383472542e-64
0
0
DERIV 28
4.652870219075388420e-49
1.978510689411233202e-65
0
0
DERIV 29
-1.1202859958535475818e-50
1.3392769481425501195e-67
0
0
DERIV 30
2.6725487757438662666e-52
-1.0129486367214696952e-68
0
0
DERIV 31
-6.322592679122360082e-54
2.1019515622631603872e-70
0
0
DERIV 32
1.4845135578299342775e-55
-4.960778988190217068e-72
0
0
DERIV 33
-3.461826496271442146e-57
-7.866446783272283161e-74
0
0
DERIV 34
8.023075505065934644e-59
1.5868512523448328313e-75
0
0
DERIV 35
-1.8490375169463259211e-60
-7.930183076230722047e-78
0
0
AT 46
5.921580669377810536e-11
5.788558113528715145e-27
0
0
DERIV 1
-2.0819561166554872139e-11
1.8883614353993896847e-28
0
0
DERIV 2
3.735348132931805369e-12
-2.804562862704771398e-28
0
0
DERIV 3
-4.561677885993472670e-13
4.788986722417756415e-29
0
0
DERIV 4
4.267494184447636562e-14
2.6129245916893050867e-30
0
0
DERIV 5
-3.2634036856031735638e-15
-1.4411024089930785397e-31
0
0
DERIV 6
2.1257388986357758565e-16
1.1246880931537534966e-32
0
0
DERIV 7
-1.2136228485350867760e-17
6.796632297816139592e-34
0
0
DERIV 8
6.201563761332017693e-19
-4.048222299832228260e-35
0
0
DERIV 9
-2.882371804569402722e-20
2.4016176351446835843e-36
0
0
DERIV 10
1.2341460919390547390e-21
-1.5028566605682185293e-38
0
0
DERIV 11
-4.918689255022041534e-23
-1.5277633529550704170e-39
0
0
DERIV 12
1.8404647216177619155e-24
7.721449899827586569e-41
0
0
DERIV 13
-6.512423937958726089e-26
2.0807297223269515548e-42
0
0
DERIV 14
2.1926895327582832190e-27
1.6823808110105127925e-43
0
0
DERIV 15
-7.062297242985843188e-29
-4.813636700727633594e-45
0
0
DERIV 16
2.1860767190926391349e-30
1.0873801880150911752e-46
0
0
DERIV 17
-6.529867462835714498e-32
4.894462199990007787e-48
0
0
DERIV 18
1.8889678213018929623e-33
9.613527907352633968e-50
0
0
DERIV 19
-5.308985823049956391e-35
-3.014385273225343418e-51
0
0
DERIV 20
1.4537837418118154390e-36
1.4163685051539815529e-53
0
0
DERIV 21
-3.888594927123540848e-38
1.4987235894784461342e-55
0
0
DERIV 22
1.0183081365033327146e-39
6.302046867663235325e-56
0
0
DERIV 23
-2.616059260709777903e-41
9.914131576062489832e-58
0
0
DERIV 24
6.605366318752564699e-43
2.068643226542438910e-59
0
0
DERIV 25
-1.6419012840729241793e-44
1.1510871927569704595e-60
0
0
DERIV 26
4.023898691759986653e-46
-2.908785336437739548e-62
0
0
DERIV 27
-9.736044392246365389e-48
-4.997686904997715081e-65
0
0
DERIV 28
2.3285323645920610842e-49
1.0927047943015076035e-66
0
0
DERIV 29
-5.510915178281208907e-51
-7.135346102085451705e-68
0
0
DERIV 30
1.2919277528904680703e-52
7.254218329529357613e-69
0
0
DERIV 31
-3.002724600168515476e-54
2.6258343793295458788e-70
0
0
DERIV 32
6.924807642390135384e-56
-3.619075740057416812e-72
0
0
DERIV 33
-1.5857441858756135528e-57
-1.8847894970273287592e-74
0
0
DERIV 34
3.608106928224405651e-59
-2.1721594013572099539e-75
0
0
DERIV 35
-8.162187221643754110e-61
-1.4600955752880993723e-77
0
0
AT 47
4.171503843989534526e-11
-2.0147784871731588989e-27
0
0
DERIV 1
-1.4561790314140409087e-11
-3.391201318561227395e-28
0
0
DERIV 2
2.5932105085669115935e-12
9.153406675391315127e-29
0
0
DERIV 3
-3.142429003437039346e-13
-1.0406141480899945360e-30
0
0
DERIV 4
2.916178673085573491e-14
-2.5654754608465888126e-30
0
0
DERIV 5
-2.2114345175335566627e-15
1.9304748100467042117e-32
0
0
DERIV 6
1.4280151810108020498e-16
8.277519752406350920e-33
0
0
DERIV 7
-8.079412479926392333e-18
-4.398511906282741355e-34
0
0
DERIV 8
4.089970225436020982e-19
-4.353157807228639021e-36
0
0
DERIV 9
-1.8825138004021125338e-20
-1.2782892318381375233e-36
0
0
DERIV 10
7.979345286692953852e-22
-4.010512331124349279e-38
0
0
DERIV 11
-3.147047095012536982e-23
8.711194640039550209e-40
0
0
DERIV 12
1.1648580601737614223e-24
7.005281204994518782e-42
0
0
DERIV 13
-4.075835640419198950e-26
6.383946844333769677e-43
0
0
DERIV 14
1.3564860989877849141e-27
-4.699795648613141074e-44
0
0
DERIV 15
-4.317015221379956274e-29
3.2285974704843557749e-46
0
0
DERIV 16
1.3198895663434314517e-30
-2.282722083387015424e-47
0
0
DERIV 17
-3.892665121407969625e-32
-1.6960168898207564353e-48
0
0
DERIV 18
1.1114113584309986224e-33
6.652130901534916555e-50
0
0
DERIV 19
-3.081827803484223107e-35
1.2412120198436468248e-51
0
0
DERIV 20
8.323087657417200138e-37
3.939401415623813755e-53
0
0
DERIV 21
-2.1948733550677802405e-38
1.0892436957777089507e-54
0
0
DERIV 22
5.664684486860504381e-40
1.4801542994978969430e-56
0
0
DERIV 23
-1.4337563064173186953e-41
-4.533129203970329185e-58
0
0
DERIV 24
3.5654279695380877222e-43
-8.079163849375231611e-61
0
0
DERIV 25
-8.725877655716399569e-45
-4.740155640928932697e-61
0
0
DERIV 26
2.1048522145480434247e-46
-1.1558607509451485425e-62
0
0
DERIV 27
-5.011178326420789270e-48
1.3229823414668711337e-64
0
0
DERIV 28
1.1789565865359182174e-49
3.854554728590680519e-66
0
0
DERIV 29
-2.743963311698367386e-51
2.9440982853405957300e-67
0
0
DERIV 30
6.324381311149744586e-53
-2.827595891171574598e-69
0
0
DERIV 31
-1.4448147446021696758e-54
9.491660488373594352e-71
0
0
DERIV 32
3.274297786390218725e-56
-1.3307874760740242564e-72
0
0
DERIV 33
-7.366473252777311492e-58
1.0957310001522349285e-74
0
0
DERIV 34
1.6463770945327866923e-59
-1.0147851671357747199e-75
0
0
DERIV 35
-3.657567298676993073e-61
-2.4346326219284757932e-79
0
0
AT 48
2.945930119923655569e-11
3.2121150931863995103e-27
0
0
DERIV 1
-1.0211704660284119720e-11
-7.803124324746485615e-28
0
0
DERIV 2
1.8053213463166980157e-12
-5.627255064458446141e-29
0
0
DERIV 3
-2.1711543434411984688e-13
7.535233916155169485e-30
0
0
DERIV 4
1.9990273031855623269e-14
9.256122174325321376e-31
0
0
DERIV 5
-1.5035737922847910562e-15
-5.137808307015751525e-32
0
0
DERIV 6
9.627027292899704045e-17
2.4797444063150418760e-33
0
0
DERIV 7
-5.398917361414762513e-18
1.2917024547560278499e-34
0
0
DERIV 8
2.708131671407553574e-19
-4.244896559735730392e-36
0
0
DERIV 9
-1.2347028248064243896e-20
1.6629647930959900567e-37
0
0
DERIV 10
5.182211514384990760e-22
3.154861676090544724e-38
0
0
DERIV 11
-2.0231175651235163275e-23
-5.174189878393222197e-40
0
0
DERIV 12
7.409777416743555362e-25
1.3566602492737830349e-41
0
0
DERIV 13
-2.5645177542105703553e-26
1.4209170952132217899e-42
0
0
DERIV 14
8.439228829106780142e-28
4.187753903185971781e-44
0
0
DERIV 15
-2.654668058848729428e-29
-2.5797233561501044636e-45
0
0
DERIV 16
8.019444197319200589e-31
-6.248499554839038339e-47
0
0
DERIV 17
-2.3360118856496468297e-32
1.2862208159321207230e-48
0
0
DERIV 18
6.585162991917178468e-34
-4.080889533019233952e-50
0
0
DERIV 19
-1.8022197238917397290e-35
-4.406419718056774516e-52
0
0
DERIV 20
4.802171171898404850e-37
1.9508743990703019305e-53
0
0
DERIV 21
-1.2490079846736853160e-38
4.685566969967055267e-55
0
0
DERIV 22
3.1782346949500441864e-40
-3.803410206233047286e-57
0
0
DERIV 23
-7.928582281315119349e-42
2.9785660650989153611e-58
0
0
DERIV 24
1.9426798152907060674e-43
8.822199092544374945e-60
0
0
DERIV 25
-4.683081570777610772e-45
1.6275250465578205260e-62
0
0
DERIV 26
1.1123602989026152365e-46
5.446898546277723344e-63
0
0
DERIV 27
-2.6069817767983037567e-48
6.676652856693968813e-66
0
0
DERIV 28
6.035985039733187676e-50
4.046284850947518182e-66
0
0
DERIV 29
-1.3821775661478871076e-51
-1.1000422425352797622e-67
0
0
DERIV 30
3.133479807876212137e-53
-1.7049909055997628993e-69
0
0
DERIV 31
-7.039431593142319215e-55
2.7472028262406194480e-71
0
0
DERIV 32
1.5684062273999526935e-56
2.9664634021863311787e-74
0
0
DERIV 33
-3.468313930685112929e-58
1.2885193912575567550e-74
0
0
DERIV 34
7.617543050681212744e-60
2.1268121449757901475e-76
0
0
DERIV 35
-1.6627157793402599134e-61
-6.495113105627774003e-78
0
0
AT 49
2.0854380280484999502e-11
4.580384222460529731e-28
0
0
DERIV 1
-7.179423157950720621e-12
3.923890448513541324e-28
0
0
DERIV 2
1.2602187809118480801e-12
-8.440381237411641557e-29
0
0
DERIV 3
-1.5043944939725745762e-13
-1.1471422831018369377e-29
0
0
DERIV 4
1.3744999752269157553e-14
6.839991920715765023e-31
0
0
DERIV 5
-1.0255978071106753914e-15
-1.2671549104481846997e-32
0
0
DERIV 6
6.512359240873621859e-17
8.879461039789550663e-34
0
0
DERIV 7
-3.620849209509110429e-18
-2.990642727139465544e-34
0
0
DERIV 8
1.8000787263226717966e-19
-8.154528564283560715e-36
0
0
DERIV 9
-8.131287289007174078e-21
3.413119557519740777e-38
0
0
DERIV 10
3.380192714707016335e-22
2.1946220147984004894e-39
0
0
DERIV 11
-1.3065581429721762349e-23
4.880193900247528273e-40
0
0
DERIV 12
4.736350363436655314e-25
-6.753882053435111280e-42
0
0
DERIV 13
-1.6218978827272792667e-26
-1.3614224765980037309e-42
0
0
DERIV 14
5.278938777762035077e-28
-4.043975277018659426e-45
0
0
DERIV 15
-1.6418232694220144095e-29
1.0225220318566892970e-45
0
0
DERIV 16
4.902062790060302011e-31
-2.196099106308961561e-47
0
0
DERIV 17
-1.4108295117917744744e-32
-6.146062873125351496e-49
0
0
DERIV 18
3.928061463819624000e-34
2.641132313469561315e-50
0
0
DERIV 19
-1.0614035549275951686e-35
-4.510446366134719301e-52
0
0
DERIV 20
2.791400915299506273e-37
-5.640913440508938273e-55
0
0
DERIV 21
-7.163326053936291248e-39
5.766321631665915462e-55
0
0
DERIV 22
1.7978622217425732742e-40
-3.650294245539011271e-57
0
0
DERIV 23
-4.422279796176774482e-42
1.3081025329143405628e-58
0
0
DERIV 24
1.0680586499239136540e-43
-4.880492036939264184e-60
0
0
DERIV 25
-2.5370891841051692551e-45
1.3257162826103183578e-61
0
0
DERIV 26
5.936504950741494143e-47
3.718745623107285416e-63
0
0
DERIV 27
-1.3701887138557773111e-48
1.3845539521877260864e-64
0
0
DERIV 28
3.123402396059777402e-50
7.671403823572628301e-67
0
0
DERIV 29
-7.039894739327246448e-52
2.910790050645513536e-68
0
0
DERIV 30
1.5705138992532070931e-53
5.189426707331348288e-71
0
0
DERIV 31
-3.471042690690182363e-55
-2.3166511498179733236e-71
0
0
DERIV 32
7.606558628820399116e-57
-9.283976978798737757e-74
0
0
DERIV 33
-1.6540934086080672012e-58
1.1203762866139729487e-74
0
0
DERIV 34
3.571724703805622457e-60
2.6213246663048918197e-76
0
0
DERIV 35
-7.663314475959099971e-62
2.363374895186893472e-78
0
0
AT 50
1.4797517530939225385e-11
-4.549653129329842082e-28
0
0
DERIV 1
-5.060085168611940746e-12
-8.681091114594390074e-29
0
0
DERIV 2
8.820200312317078477e-13
2.831072147420704775e-29
0
0
DERIV 3
-1.0453025041447288670e-13
1.3297510050341716641e-30
0
0
DERIV 4
9.478777785164629922e-15
3.207139591126075975e-31
0
0
DERIV 5
-7.017586875764474531e-16
-2.719259362174172058e-32
0
0
DERIV 6
4.420019930584359363e-17
1.2340857553135187985e-33
0
0
DERIV 7
-2.4369129015434093372e-18
-1.5942380543358350771e-34
0
0
DERIV 8
1.2009639442510918357e-19
-7.761228053076348439e-36
0
0
DERIV 9
-5.376118461362300969e-21
-8.850815854504051845e-38
0
0
DERIV 10
2.214019454675417901e-22
-1.1371232156174943433e-39
0
0
DERIV 11
-8.475320498564186140e-24
2.6819330576437984586e-40
0
0
DERIV 12
3.041680222900788853e-25
2.1750177849579113858e-42
0
0
DERIV 13
-1.0308343348488090217e-26
2.1112574446574048331e-43
0
0
DERIV 14
3.319401075595061780e-28
1.4674649422536118949e-44
0
0
DERIV 15
-1.0210302850299995310e-29
-4.898638274137974683e-46
0
0
DERIV 16
3.013986730765367152e-31
-2.899085637022440757e-48
0
0
DERIV 17
-8.573114893110511968e-33
-5.291119294775857168e-49
0
0
DERIV 18
2.358284383799711707e-34
-2.4784634346403040226e-51
0
0
DERIV 19
-6.293694126610538788e-36
6.324824616970115229e-52
0
0
DERIV 20
1.6342166909250145388e-37
1.9111756087279776961e-54
0
0
DERIV 21
-4.139251447638603431e-39
-1.9662583731915703228e-55
0
0
DERIV 22
1.0250454634931893448e-40
-2.0563127926030341727e-57
0
0
DERIV 23
-2.4869987706871734198e-42
8.269477399506468548e-59
0
0
DERIV 24
5.922887551147368144e-44
2.4258558203938752850e-60
0
0
DERIV 25
-1.3869259365105909270e-45
-2.257855397476522746e-62
0
0
DERIV 26
3.198170644503443125e-47
-3.873834885925823531e-65
0
0
DERIV 27
-7.272484111165320317e-49
-1.956996989880552422e-65
0
0
DERIV 28
1.6328439023931750692e-50
3.247141257821429006e-67
0
0
DERIV 29
-3.623969259684033855e-52
2.468163349156146255e-68
0
0
DERIV 30
7.958910780829789329e-54
-4.002677028449403118e-70
0
0
DERIV 31
-1.7312584134089661880e-55
1.0194563231978204141e-71
0
0
DERIV 32
3.733202167572461118e-57
-2.8067232675612227474e-74
0
0
DERIV 33
-7.986391411219934936e-59
-3.822497781884473049e-75
0
0
DERIV 34
1.6961971191851792309e-60
2.644012039985245801e-78
0
0
DERIV 35
-3.578803100081251355e-62
9.534585492183960756e-79
0
0
AT 51
1.0523741040462008911e-11
-5.703704860433182831e-28
0
0
DERIV 1
-3.5749804823732424630e-12
-4.883256626035554824e-29
0
0
DERIV 2
6.188993663171922043e-13
-1.4550880724221994380e-29
0
0
DERIV 3
-7.282771507698823491e-14
-3.849043530727616470e-30
0
0
DERIV 4
6.555468583064006224e-15
2.206465684026179703e-31
0
0
DERIV 5
-4.816325495505518567e-16
2.2897993826683815765e-32
0
0
DERIV 6
3.009575720882690208e-17
-2.6989674232558306081e-33
0
0
DERIV 7
-1.6456863442999110732e-18
-1.8976055695685899153e-35
0
0
DERIV 8
8.041421906306496881e-20
-2.4945937539684464767e-36
0
0
DERIV 9
-3.568078442669439560e-21
3.461554668144774725e-37
0
0
DERIV 10
1.4560419040243517237e-22
-9.743682294529469275e-39
0
0
DERIV 11
-5.521248412598582086e-24
-9.587000475497620357e-41
0
0
DERIV 12
1.9621999612592570626e-25
4.203979370321028268e-42
0
0
DERIV 13
-6.583022706473267684e-27
4.312645904664287361e-43
0
0
DERIV 14
2.097780231605537546e-28
1.1275584130420312184e-44
0
0
DERIV 15
-6.383500646769529786e-30
7.445816419942689212e-48
0
0
DERIV 16
1.8635350907124738857e-31
-2.6425067355009645653e-48
0
0
DERIV 17
-5.240430021999222306e-33
2.7064197581117241148e-49
0
0
DERIV 18
1.4246665044405867188e-34
-1.1130053693989161444e-51
0
0
DERIV 19
-3.756377553007574770e-36
1.6237383034728156347e-52
0
0
DERIV 20
9.633390740830488739e-38
-1.0217119988476098499e-53
0
0
DERIV 21
-2.4091211174408536066e-39
1.1322501428423124185e-55
0
0
DERIV 22
5.888585963101246993e-41
4.729695447699796602e-57
0
0
DERIV 23
-1.4097467642384620431e-42
-4.363885118947648680e-60
0
0
DERIV 24
3.311817538296046629e-44
-8.653004896331536078e-61
0
0
DERIV 25
-7.647628217165260642e-46
3.638221005561072336e-62
0
0
DERIV 26
1.7385719156856333130e-47
3.233969465147080599e-64
0
0
DERIV 27
-3.896478264508533894e-49
-2.599624131351925143e-65
0
0
DERIV 28
8.620206544540636418e-51
3.714085192789105782e-67
0
0
DERIV 29
-1.8846486999731347394e-52
-1.2813256588497183541e-68
0
0
DERIV 30
4.076300699604483593e-54
2.3810131670845510410e-71
0
0
DERIV 31
-8.730505190233331237e-56
4.319346384963304426e-72
0
0
DERIV 32
1.8532183534087907760e-57
-1.3291889734319955782e-74
0
0
DERIV 33
-3.901848909112238348e-59
-6.851905152868849265e-76
0
0
DERIV 34
8.154222191485978743e-61
3.2620624749101335439e-77
0
0
DERIV 35
-1.6925687818877638626e-62
3.412506393631586727e-79
0
0
AT 52
7.500934572419760978e-12
1.8577484866011494376e-28
0
0
DERIV 1
-2.5316815160478499823e-12
-1.4104777811512132075e-28
0
0
DERIV 2
4.353517134422933031e-13
1.6371187616983666727e-29
0
0
DERIV 3
-5.087363003757727395e-14
1.6169092636551549796e-30
0
0
DERIV 4
4.546351436335438908e-15
-1.9405315246399581115e-31
0
0
DERIV 5
-3.315295123694431003e-16
1.2983286632468433264e-32
0
0
DERIV 6
2.0556029016780446136e-17
1.2432127158193342375e-33
0
0
DERIV 7
-1.1150281341747202057e-18
1.0280334078344664696e-35
0
0
DERIV 8
5.403194336944343247e-20
6.803635175968539644e-37
0
0
DERIV 9
-2.3768536261592917032e-21
-1.3719941549168386275e-37
0
0
DERIV 10
9.613044756990364092e-23
4.676154774788768834e-39
0
0
DERIV 11
-3.611685106264740347e-24
2.6898943874350340163e-40
0
0
DERIV 12
1.2713521079851103239e-25
7.339881794714797450e-42
0
0
DERIV 13
-4.223386466954066913e-27
-2.4714404815558014063e-43
0
0
DERIV 14
1.3322018243402624739e-28
8.958277789320827833e-45
0
0
DERIV 15
-4.011477692560779202e-30
9.506550194512031508e-47
0
0
DERIV 16
1.1584545186605325569e-31
3.471422247984013452e-49
0
0
DERIV 17
-3.221549734096173846e-33
4.155312557301230175e-50
0
0
DERIV 18
8.658221714707495727e-35
-3.569527833906412937e-51
0
0
DERIV 19
-2.2561310805852929493e-36
8.454814191411153155e-53
0
0
DERIV 20
5.716329959591602581e-38
-4.432273299715627253e-54
0
0
DERIV 21
-1.4119034542526112539e-39
-3.822784733442622552e-56
0
0
DERIV 22
3.407478183668939266e-41
2.4910131779038066067e-57
0
0
DERIV 23
-8.052095233957935790e-43
-3.776588389833880928e-59
0
0
DERIV 24
1.8666070175438324081e-44
1.1536261624984459532e-60
0
0
DERIV 25
-4.252145911660308578e-46
-3.335394465881799361e-62
0
0
DERIV 26
9.533418589228836968e-48
-5.946791673280343958e-64
0
0
DERIV 27
-2.1066205613176118644e-49
1.8852657331691647806e-65
0
0
DERIV 28
4.593853737016067474e-51
-1.4162510764732935253e-67
0
0
DERIV 29
-9.897528846016100996e-53
-3.844902550326570091e-71
0
0
DERIV 30
2.1090898309758612440e-54
8.174895965059455281e-71
0
0
DERIV 31
-4.449391340061116407e-56
3.585222213032838924e-72
0
0
DERIV 32
9.300886326492539216e-58
-2.0161345976890292433e-74
0
0
DERIV 33
-1.9280270892772471123e-59
7.833587775456952157e-76
0
0
DERIV 34
3.966275135456246539e-61
2.4023806554877601653e-77
0
0
DERIV 35
-8.102538433056554976e-63
1.9346564164245537568e-79
0
0
AT 53
5.357965454449207249e-12
-1.3349207502072347411e-29
0
0
DERIV 1
-1.7969552783284265020e-12
-1.5587549249759767407e-29
0
0
DERIV 2
3.069799931312982015e-13
1.7508156154357266366e-29
0
0
DERIV 3
-3.562858772063210852e-14
-1.2565814663339369040e-30
0
0
DERIV 4
3.1615201331009736849e-15
-1.3728535956474571769e-31
0
0
DERIV 5
-2.288599720296325546e-16
1.1876729083214883657e-32
0
0
DERIV 6
1.4082700189250756983e-17
1.3465668458879186675e-33
0
0
DERIV 7
-7.579016437187385793e-19
-4.101233274724798258e-35
0
0
DERIV 8
3.642807492567313388e-20
2.7829940963240869641e-36
0
0
DERIV 9
-1.5889939259271258018e-21
-6.787205937691179186e-38
0
0
DERIV 10
6.370712234726158168e-23
-5.638533862359613361e-39
0
0
DERIV 11
-2.3720015047194234535e-24
-2.497201766923561916e-41
0
0
DERIV 12
8.272140518933129923e-26
-1.8361377588307220337e-42
0
0
DERIV 13
-2.7216181227672098907e-27
1.0168502891173126420e-43
0
0
DERIV 14
8.499958648886467145e-29
2.0031119673275496113e-45
0
0
DERIV 15
-2.5333598176191610927e-30
4.363502394473200518e-47
0
0
DERIV 16
7.239057788260755162e-32
1.5094303893879689442e-48
0
0
DERIV 17
-1.9913302504398655758e-33
-2.818936375000712193e-50
0
0
DERIV 18
5.292340642015282413e-35
4.546572486680083137e-51
0
0
DERIV 19
-1.3632958699653086779e-36
8.306272711993052430e-53
0
0
DERIV 20
3.413635075688560778e-38
1.0612112926310915428e-54
0
0
DERIV 21
-8.330053088027136994e-40
-5.007933039285299567e-56
0
0
DERIV 22
1.9855910181069617710e-41
-1.0214255054852521422e-57
0
0
DERIV 23
-4.632900114892780473e-43
-1.1875221267817755157e-59
0
0
DERIV 24
1.0601329681408119494e-44
1.3594995575007926261e-61
0
0
DERIV 25
-2.3831870658640512746e-46
-1.3629435710256217689e-62
0
0
DERIV 26
5.271370824652624673e-48
8.558198440780625135e-65
0
0
DERIV 27
-1.1488731415730944890e-49
-8.260311627944401549e-66
0
0
DERIV 28
2.4703779259605043037e-51
-1.4703784692786505968e-67
0
0
DERIV 29
-5.246950518085725390e-53
4.017029840361911548e-69
0
0
DERIV 30
1.1019621542480630634e-54
6.795111357104862347e-71
0
0
DERIV 31
-2.290683638955907590e-56
-1.7012711761709062239e-72
0
0
DERIV 32
4.717233120501196452e-58
3.2285366507833459154e-74
0
0
DERIV 33
-9.631286772545951754e-60
4.363027331249340930e-77
0
0
DERIV 34
1.9510839986136559683e-61
1.3040541064665357262e-77
0
0
DERIV 35
-3.924225721957403059e-63
6.438983074698025012e-80
0
0
AT 54
3.835307601391559694e-12
2.090862904182467659e-28
0
0
DERIV 1
-1.2782998059302494618e-12
-3.439638163285054695e-29
0
0
DERIV 2
2.1697104113996388369e-13
1.9415569072276655093e-30
0
0
DERIV 3
-2.5014065694639035991e-14
2.556027305262261561e-31
0
0
DERIV 4
2.2042966050896352710e-15
8.480072622821212497e-32
0
0
DERIV 5
-1.5842492594541811164e-16
1.1615648514295128367e-32
0
0
DERIV 6
9.676253929770296669e-18
-4.543554695638296430e-34
0
0
DERIV 7
-5.167576101979554330e-19
-4.705703805488056095e-35
0
0
DERIV 8
2.4640254059784003779e-20
9.070086120830689245e-37
0
0
DERIV 9
-1.0659717611322721913e-21
-8.482686520968591825e-38
0
0
DERIV 10
4.237435583354165890e-23
2.4002435465999688036e-39
0
0
DERIV 11
-1.5638558987043912131e-24
-1.4421800933127095637e-41
0
0
DERIV 12
5.404299959090032332e-26
-2.0174576006838499892e-42
0
0
DERIV 13
-1.7614083902386101755e-27
-1.7067884806124239480e-43
0
0
DERIV 14
5.447927947306557238e-29
-2.7221566423925506994e-45
0
0
DERIV 15
-1.6075429006584844455e-30
-2.346339785631193900e-47
0
0
DERIV 16
4.546402617070747836e-32
8.713974991268453887e-49
0
0
DERIV 17
-1.2374230807946534934e-33
-3.114274588585607187e-50
0
0
DERIV 18
3.252977127562674196e-35
2.0113104432961086394e-51
0
0
DERIV 19
-8.286126798571305001e-37
-5.503703555661480242e-53
0
0
DERIV 20
2.0510574558127038994e-38
-1.0183510468021945963e-54
0
0
DERIV 21
-4.946298404829914918e-40
-1.9609808049656800804e-56
0
0
DERIV 22
1.1648460838085998022e-41
4.675308823406808528e-58
0
0
DERIV 23
-2.6844447959122701451e-43
-1.3008471145374201302e-59
0
0
DERIV 24
6.065460809446399935e-45
-1.0703002981100538336e-61
0
0
DERIV 25
-1.3460012360829775753e-46
-3.778680729286066879e-64
0
0
DERIV 26
2.938189386445799929e-48
-1.0804662499582651159e-64
0
0
DERIV 27
-6.318085802325318615e-50
-2.3451255080181065327e-66
0
0
DERIV 28
1.3400651086248404731e-51
3.571979896191294907e-68
0
0
DERIV 29
-2.806816457707589324e-53
-2.0352915149024065071e-69
0
0
DERIV 30
5.811891883103022364e-55
-3.1881518563917463050e-71
0
0
DERIV 31
-1.1908659442122663597e-56
-5.685366065536656185e-73
0
0
DERIV 32
2.4167906684922224348e-58
4.103033570751404029e-75
0
0
DERIV 33
-4.861842574698535074e-60
1.2369796625966910581e-76
0
0
DERIV 34
9.702246276514028749e-62
-5.291462794137990989e-78
0
0
DERIV 35
-1.9219797602733822179e-63
1.3206561766472334845e-79
0
0
AT 55
2.7510198256972442151e-12
-3.520716076134602499e-29
0
0
DERIV 1
-9.113202307878460841e-13
6.747828363131359747e-29
0
0
DERIV 2
1.5370531970266125293e-13
7.509524535462027534e-30
0
0
DERIV 3
-1.7604394820605488221e-14
7.033336824886869477e-31
0
0
DERIV 4
1.5408281813810287759e-15
-7.636218376557388047e-32
0
0
DERIV 5
-1.0996377391970895505e-16
-7.300754970002018804e-34
0
0
DERIV 6
6.667559326482983816e-18
-2.556401508226528610e-34
0
0
DERIV 7
-3.534017542627277163e-19
1.6467854690871974765e-35
0
0
DERIV 8
1.6719956164157211429e-20
1.3369375038316609307e-36
0
0
DERIV 9
-7.175087110142711249e-22
3.818540157679273783e-38
0
0
DERIV 10
2.828506378963827004e-23
1.3105663109281042235e-39
0
0
DERIV 11
-1.0349093479875377240e-24
6.875388590618399000e-41
0
0
DERIV 12
3.544652485970845276e-26
-1.0507122736656212209e-42
0
0
DERIV 13
-1.1447179664714263490e-27
4.475297444937932580e-44
0
0
DERIV 14
3.507101839168819201e-29
-2.2644117049821000371e-45
0
0
DERIV 15
-1.0247824124818591614e-30
-4.844408317000435981e-47
0
0
DERIV 16
2.869207914307098602e-32
2.5327615025826906306e-48
0
0
DERIV 17
-7.728766564101245745e-34
7.227993232476568941e-50
0
0
DERIV 18
2.0102213434568406790e-35
-1.2149084286346846742e-51
0
0
DERIV 19
-5.064761315094186784e-37
-3.787742963560941331e-53
0
0
DERIV 20
1.2396651723530649487e-38
7.580175525001183190e-55
0
0
DERIV 21
-2.9553030830036023220e-40
-1.2995612986720933801e-59
0
0
DERIV 22
6.878014271432237698e-42
3.643704605421365821e-58
0
0
DERIV 23
-1.5660352464537561848e-43
-2.501516117749617801e-60
0
0
DERIV 24
3.494986005738774215e-45
-2.9383047310858290174e-61
0
0
DERIV 25
-7.658546886920151669e-47
1.7683902059007580005e-63
0
0
DERIV 26
1.6503937074676609779e-48
-7.255053843143599429e-65
0
0
DERIV 27
-3.502602409513290685e-50
8.109815159731315407e-67
0
0
DERIV 28
7.330317178402790737e-52
-6.493949847805097779e-68
0
0
DERIV 29
-1.5146067273300407046e-53
-9.444227388825383117e-71
0
0
DERIV 30
3.0930962361249729308e-55
-3.318136511572707274e-72
0
0
DERIV 31
-6.249331067801843786e-57
2.2992927075633928721e-73
0
0
DERIV 32
1.2502961347646154174e-58
-1.2450455354154472192e-75
0
0
DERIV 33
-2.4790777575164065865e-60
-7.886283805327822077e-77
0
0
DERIV 34
4.875205483187393595e-62
1.1902641747199850287e-78
0
0
DERIV 35
-9.515257120438398758e-64
3.617125839248595788e-80
0
0
AT 56
1.9772377143862194424e-12
-2.2596320524485747251e-29
0
0
DERIV 1
-6.510716228707868187e-13
-8.495272752808096507e-30
0
0
DERIV 2
1.0913050208961172962e-13
4.502117674145171112e-30
0
0
DERIV 3
-1.2418858431403756976e-14
1.0770358839475438528e-31
0
0
DERIV 4
1.0797392462190614733e-15
8.680974576872370742e-32
0
0
DERIV 5
-7.652726697711598047e-17
2.9639045089953517778e-33
0
0
DERIV 6
4.607127711454879380e-18
3.728733418258438619e-34
0
0
DERIV 7
-2.423935075813226943e-19
-1.6833779058110040055e-35
0
0
DERIV 8
1.1380617446041947622e-20
-4.375987726543149054e-37
0
0
DERIV 9
-4.845329316099136635e-22
1.5479919785717936856e-38
0
0
DERIV 10
1.8945386502231043806e-23
-6.717320723120237606e-41
0
0
DERIV 11
-6.873556630391601583e-25
-1.1167134993550871246e-41
0
0
DERIV 12
2.3338164130991658444e-26
1.2207914957365755379e-42
0
0
DERIV 13
-7.469383462647974616e-28
-4.594483933132283437e-45
0
0
DERIV 14
2.2672847251815323623e-29
-1.1828261483806425644e-45
0
0
DERIV 15
-6.562028052052484214e-31
4.209717696125396048e-47
0
0
DERIV 16
1.8192564518670414128e-32
2.4006851899025866154e-49
0
0
DERIV 17
-4.851143503625881473e-34
1.4381441008228239559e-50
0
0
DERIV 18
1.2486954595546218804e-35
8.247320960322781979e-52
0
0
DERIV 19
-3.112630437717217646e-37
-1.3012029616625854564e-53
0
0
DERIV 20
7.535411440538574873e-39
-4.972392179998460900e-55
0
0
DERIV 21
-1.7763063863180483325e-40
-5.294705484659626557e-57
0
0
DERIV 22
4.086702713455867650e-42
8.131131670468847255e-59
0
0
DERIV 23
-9.195775289556945995e-44
5.172522850122704846e-60
0
0
DERIV 24
2.0276547244040101550e-45
1.2592019016376394715e-61
0
0
DERIV 25
-4.388782325044649633e-47
3.071801610261652169e-63
0
0
DERIV 26
9.339516490356781718e-49
-4.395507001553826783e-65
0
0
DERIV 27
-1.9568603729790180358e-50
-8.985861054336361100e-67
0
0
DERIV 28
4.042220857471940365e-52
-1.0154078954288603722e-70
0
0
DERIV 29
-8.241852138836011948e-54
-2.2187577401716901800e-70
0
0
DERIV 30
1.6605380431045913369e-55
2.490041194926316754e-72
0
0
DERIV 31
-3.309220333602993014e-57
2.1913055932190621499e-73
0
0
DERIV 32
6.529074955908909382e-59
1.8821145635993499340e-75
0
0
DERIV 33
-1.2764064567743386672e-60
-5.960521003997714358e-77
0
0
DERIV 34
2.474394399675147800e-62
-1.9134951916312810735e-78
0
0
DERIV 35
-4.759861988167531919e-64
-2.9775211885431094468e-80
0
0
AT 57
1.4238853228014515048e-12
4.266386241476417309e-29
0
0
DERIV 1
-4.661048404577615592e-13
4.828070172546624343e-29
0
0
DERIV 2
7.765140828528112207e-14
2.8931618964987923565e-30
0
0
DERIV 3
-8.780916556062764195e-15
2.883083989921218196e-32
0
0
DERIV 4
7.584654090557574726e-16
-2.2399895826885575431e-32
0
0
DERIV 5
-5.339402669490336897e-17
1.0955690704035458412e-33
0
0
DERIV 6
3.1920110011283330838e-18
-7.755748454796536103e-35
0
0
DERIV 7
-1.6672785867007225143e-19
-1.4852282649475749295e-37
0
0
DERIV 8
7.769604938109071166e-21
6.354633235614861628e-37
0
0
DERIV 9
-3.282409892089745954e-22
6.041552203327014094e-40
0
0
DERIV 10
1.2732030388024216623e-23
4.765179828897092665e-40
0
0
DERIV 11
-4.581278484940237636e-25
2.703782990586046050e-41
0
0
DERIV 12
1.5422948056371281215e-26
1.3450472572333524716e-42
0
0
DERIV 13
-4.892874223397899553e-28
-1.3939958632412049778e-44
0
0
DERIV 14
1.4717898525224392591e-29
8.895418058655992730e-46
0
0
DERIV 15
-4.220065807044757754e-31
-3.012371373705972735e-47
0
0
DERIV 16
1.1587688972173865518e-32
4.314813606931050753e-49
0
0
DERIV 17
-3.059489050149410999e-34
-9.377628054749633828e-51
0
0
DERIV 18
7.795489321873836174e-36
3.944577687108026564e-52
0
0
DERIV 19
-1.922990283487994059e-37
-1.2716269425332028840e-53
0
0
DERIV 20
4.605752099479561665e-39
-1.5999586432529987803e-55
0
0
DERIV 21
-1.0738360990632306578e-40
5.496619392020132196e-57
0
0
DERIV 22
2.4428882431660827795e-42
1.2403382198814185489e-58
0
0
DERIV 23
-5.433941562429865266e-44
-4.623370296619950325e-60
0
0
DERIV 24
1.1841434865565534847e-45
-1.6259464951476089296e-63
0
0
DERIV 25
-2.532375056147237294e-47
-3.438103488203722418e-64
0
0
DERIV 26
5.323221315044978876e-49
-3.566182840458692039e-65
0
0
DERIV 27
-1.1014666476794318983e-50
-6.524558029144280125e-68
0
0
DERIV 28
2.2464208389331113667e-52
6.075268914067125131e-69
0
0
DERIV 29
-4.521231622670391602e-54
1.4687713273524247913e-70
0
0
DERIV 30
8.989719638652858019e-56
-4.274043072177424344e-72
0
0
DERIV 31
-1.7676498465603356597e-57
9.791308050184399341e-74
0
0
DERIV 32
3.440382355002248818e-59
-1.2143743100900976379e-75
0
0
DERIV 33
-6.633508121234354537e-61
-2.1064391409944664022e-77
0
0
DERIV 34
1.2680623151208194872e-62
-9.526763932047458557e-79
0
0
DERIV 35
-2.4049446249164782306e-64
3.878009603055644885e-81
0
0
AT 58
1.0273590781920645866e-12
-7.752643788864498590e-29
0
0
DERIV 1
-3.343598377565125330e-13
-1.4013767423034096885e-29
0
0
DERIV 2
5.537009596545123407e-14
7.427953348953635363e-31
0
0
DERIV 3
-6.222581460675377709e-15
-1.2995880175115818721e-31
0
0
DERIV 4
5.340450093686275636e-16
4.279005378259246817e-32
0
0
DERIV 5
-3.734649777821065198e-17
1.5673052083833886481e-33
0
0
DERIV 6
2.2173682102884492315e-18
1.5215223565199640362e-34
0
0
DERIV 7
-1.1499961003945176516e-19
-9.904154192107064775e-36
0
0
DERIV 8
5.319832578323231876e-21
2.748200631952536092e-37
0
0
DERIV 9
-2.230470303530242722e-22
-8.433372040255218695e-39
0
0
DERIV 10
8.584154922467564939e-24
5.726440204711457417e-40
0
0
DERIV 11
-3.063885517911039920e-25
-1.9959809115713675105e-41
0
0
DERIV 12
1.0228859295666966373e-26
3.763383624160709408e-43
0
0
DERIV 13
-3.217246758926489503e-28
-2.0270279404848892078e-44
0
0
DERIV 14
9.592062151487676706e-30
-6.858838304947866476e-46
0
0
DERIV 15
-2.725308680166336649e-31
-2.914358011911926050e-48
0
0
DERIV 16
7.413229185930833705e-33
2.6682547951246294773e-49
0
0
DERIV 17
-1.938461349405271814e-34
-9.006906875030251016e-51
0
0
DERIV 18
4.890269732133344934e-36
-9.127469193969649922e-53
0
0
DERIV 19
-1.1940749889807993118e-37
5.746529633528569230e-54
0
0
DERIV 20
2.8301190590281166097e-39
-4.939525842857446596e-56
0
0
DERIV 21
-6.527957624762269806e-41
-3.635032241600222545e-57
0
0
DERIV 22
1.4688077292808452953e-42
-1.2235713346906232624e-58
0
0
DERIV 23
-3.230626684634791996e-44
1.4080176470991622312e-60
0
0
DERIV 24
6.959482120144337256e-46
1.3096533714417810492e-62
0
0
DERIV 25
-1.4709362766487932493e-47
9.377425080277253650e-65
0
0
DERIV 26
3.0551211044443200784e-49
-1.8822418103958695138e-65
0
0
DERIV 27
-6.244688298212876781e-51
-2.281009253733459124e-68
0
0
DERIV 28
1.2578134986593309433e-52
-8.329316436335332995e-71
0
0
DERIV 29
-2.4996013928620896401e-54
-6.348378921814672899e-72
0
0
DERIV 30
4.906312911538009446e-56
-2.863808178614926837e-72
0
0
DERIV 31
-9.521597735113766208e-58
5.973203552949535203e-74
0
0
DERIV 32
1.8286788831741046903e-59
-5.166243980300916404e-76
0
0
DERIV 33
-3.478620965553375819e-61
-2.0474273025056813256e-77
0
0
DERIV 34
6.559290057884589065e-63
3.872766436171788890e-79
0
0
DERIV 35
-1.2268637608190725899e-64
-6.291536904025564102e-81
0
0
AT 59
7.426455609255916923e-13
2.3514517272164370880e-29
0
0
DERIV 1
-2.403254028132339599e-13
-1.6557815980448443563e-29
0
0
DERIV 2
3.956414348890381246e-14
3.0387112089994231333e-30
0
0
DERIV 3
-4.419263866748562303e-15
-2.0769843123137818490e-32
0
0
DERIV 4
3.768940480419849697e-16
-1.1534863666042731878e-32
0
0
DERIV 5
-2.6185444267604261262e-17
-1.3070020869650867831e-33
0
0
DERIV 6
1.5442603495629187886e-18
8.896800215190202886e-35
0
0
DERIV 7
-7.953407171254299431e-20
-3.907545051411930543e-36
0
0
DERIV 8
3.652818533432675523e-21
5.705749524000923525e-38
0
0
DERIV 9
-1.5201861596150949943e-22
-3.605171840620596436e-39
0
0
DERIV 10
5.805811351669384668e-24
2.2316963418630880664e-40
0
0
DERIV 11
-2.0558712997290794369e-25
1.1910079152890929128e-42
0
0
DERIV 12
6.807692281628374351e-27
-6.632981797970984858e-43
0
0
DERIV 13
-2.123226255013943190e-28
-1.9221955381589681549e-44
0
0
DERIV 14
6.275549566061542298e-30
-6.391384419137642964e-47
0
0
DERIV 15
-1.7671406740273394535e-31
1.7148015259977793478e-48
0
0
DERIV 16
4.762836002657518520e-33
-3.804760851349519014e-51
0
0
DERIV 17
-1.2336868038256128200e-34
2.806433194756200572e-51
0
0
DERIV 18
3.082172343491659130e-36
-1.6844324669960029576e-52
0
0
DERIV 19
-7.451077334125881471e-38
-2.2613618303451054164e-54
0
0
DERIV 20
1.7480069418522942421e-39
-7.094451009603027932e-56
0
0
DERIV 21
-3.989837901354420542e-41
2.0302369284443420789e-57
0
0
DERIV 22
8.881207909536447515e-43
-5.561036142439826811e-59
0
0
DERIV 23
-1.9320314096119926406e-44
1.2120820669983007157e-60
0
0
DERIV 24
4.115452068749796607e-46
-1.8035276480161099799e-62
0
0
DERIV 25
-8.598894041257714535e-48
2.9389156340684694351e-64
0
0
DERIV 26
1.7651532201906879893e-49
1.4037552885453138849e-65
0
0
DERIV 27
-3.565082231454756340e-51
-4.244222981836058705e-68
0
0
DERIV 28
7.093850583513348640e-53
-2.359654949686955342e-69
0
0
DERIV 29
-1.3923503266638235059e-54
1.8554904073266124578e-71
0
0
DERIV 30
2.698689257878865384e-56
-8.843217413676522607e-73
0
0
DERIV 31
-5.170568122980993644e-58
-1.9156791199542443371e-74
0
0
DERIV 32
9.801910035336147105e-60
-4.310454745858379780e-76
0
0
DERIV 33
-1.8401041022801543486e-61
-2.682991039346171030e-78
0
0
DERIV 34
3.423533097214651581e-63
1.2329473881483223512e-79
0
0
DERIV 35
-6.317133298293085216e-65
-3.478763460188696162e-81
0
0
AT 60
5.378172145709720036e-13
-3.682368006801925674e-29
0
0
DERIV 1
-1.7306952173099033964e-13
1.1778503201530249369e-29
0
0
DERIV 2
2.8327452480607756171e-14
-3.591586048494810749e-31
0
0
DERIV 3
-3.1452481502865540371e-15
2.2503781325994136460e-32
0
0
DERIV 4
2.665847369898745364e-16
-1.9833484175763231258e-32
0
0
DERIV 5
-1.8403320970236387722e-17
4.389539055724736227e-34
0
0
DERIV 6
1.0781613858600026722e-18
-3.167156872462449890e-35
0
0
DERIV 7
-5.515029221101185448e-20
-4.988618590687319883e-36
0
0
DERIV 8
2.5151049393674485550e-21
1.4034105976168624933e-38
0
0
DERIV 9
-1.0391018214127133617e-22
2.8332498060316874136e-39
0
0
DERIV 10
3.938723364245277720e-24
2.1821157629308351189e-40
0
0
DERIV 11
-1.3839353205006013150e-25
-7.690508252649469667e-42
0
0
DERIV 12
4.546126888101121466e-27
-3.868542038917976623e-45
0
0
DERIV 13
-1.4062182371807871037e-28
-2.1320186664809691307e-45
0
0
DERIV 14
4.121116591119991120e-30
-6.261750861539142969e-47
0
0
DERIV 15
-1.1503550446149047719e-31
-9.782595474051987828e-48
0
0
DERIV 16
3.0726588817110091334e-33
7.649333367358256443e-50
0
0
DERIV 17
-7.885541322058666801e-35
4.322733865930258157e-51
0
0
DERIV 18
1.9514221380003206017e-36
-1.5538719432061896167e-52
0
0
DERIV 19
-4.671659134646165956e-38
-1.7715475223001260790e-55
0
0
DERIV 20
1.0850345096734680919e-39
-4.990256441983953788e-58
0
0
DERIV 21
-2.451293532966391144e-41
5.913480757138834482e-58
0
0
DERIV 22
5.399383828681460288e-43
2.199169123487990259e-59
0
0
DERIV 23
-1.1620163137483044584e-44
1.1565911177724162854e-60
0
0
DERIV 24
2.4481434824575793632e-46
-2.1916209404934602254e-63
0
0
DERIV 25
-5.058018998870090480e-48
1.0181671483419804735e-64
0
0
DERIV 26
1.0264508531911900512e-49
-5.200169040380156329e-67
0
0
DERIV 27
-2.0490136115168089034e-51
7.817185152826738968e-68
0
0
DERIV 28
4.028849073662407850e-53
1.8771157159901227334e-69
0
0
DERIV 29
-7.812282153151862969e-55
-5.734339248317446351e-71
0
0
DERIV 30
1.4956234213491855263e-56
-7.185389507449006186e-73
0
0
DERIV 31
-2.8298280229863283241e-58
-9.305147258026804339e-76
0
0
DERIV 32
5.296637889091750159e-60
-1.8257298203099534521e-76
0
0
DERIV 33
-9.815629927925078282e-62
6.729415329987130281e-78
0
0
DERIV 34
1.8024283598121416384e-63
-5.136093792815250605e-80
0
0
DERIV 35
-3.281978958856966902e-65
-8.927985194473653918e-83
0
0
AT 61
3.901791040124156046e-13
1.9854629425686422600e-29
0
0
DERIV 1
-1.2486993673769090716e-13
-1.0145886187390269323e-29
0
0
DERIV 2
2.0322264358728537476e-14
-1.8627207279209179807e-31
0
0
DERIV 3
-2.2431768763450501140e-15
4.986374653821200253e-32
0
0
DERIV 4
1.8897404097781587468e-16
-3.521660595358588868e-33
0
0
DERIV 5
-1.2963823549906678505e-17
-7.139286507250818092e-34
0
0
DERIV 6
7.545709886178462001e-19
3.838019531201846838e-35
0
0
DERIV 7
-3.833986965248311351e-20
4.678207020350559470e-37
0
0
DERIV 8
1.7364019443910568947e-21
3.954080821462734353e-38
0
0
DERIV 9
-7.122728140245208272e-23
1.1651534290602381639e-39
0
0
DERIV 10
2.6800239843528832164e-24
-1.3213307403514623744e-40
0
0
DERIV 11
-9.345294446279101068e-26
-5.306402438573679777e-43
0
0
DERIV 12
3.0458619189514936486e-27
8.498368306190082118e-44
0
0
DERIV 13
-9.345637467063448778e-29
5.470253849298287849e-45
0
0
DERIV 14
2.7161489094233002543e-30
1.5171289912161461618e-46
0
0
DERIV 15
-7.517043270040542586e-32
-3.960531896155871433e-48
0
0
DERIV 16
1.9902118534370653530e-33
6.603286075368697833e-50
0
0
DERIV 17
-5.061499715212165102e-35
7.439877709048252041e-52
0
0
DERIV 18
1.2409505685700079237e-36
-1.6196422921402711103e-53
0
0
DERIV 19
-2.942543595892140401e-38
-1.0051625867026436295e-54
0
0
DERIV 20
6.767639202074668268e-40
2.634805268266800973e-56
0
0
DERIV 21
-1.5136481862520905220e-41
-5.169718189772949767e-58
0
0
DERIV 22
3.2999311539815914901e-43
-8.043546290362928858e-60
0
0
DERIV 23
-7.027490636958949404e-45
-1.7522780855989948623e-61
0
0
DERIV 24
1.4647048194300745908e-46
8.405070224670007137e-64
0
0
DERIV 25
-2.993080861896817793e-48
2.6753385364591215283e-64
0
0
DERIV 26
6.006236410806228520e-50
9.754310761668303656e-67
0
0
DERIV 27
-1.1853293920340265421e-51
4.144860535881899777e-68
0
0
DERIV 28
2.303621785463970866e-53
1.5235033281627765465e-69
0
0
DERIV 29
-4.414205908526252532e-55
-1.3021150845928446259e-71
0
0
DERIV 30
8.349348123565466818e-57
-1.2067043405010163590e-74
0
0
DERIV 31
-1.5604860826956251272e-58
6.804887132326272639e-75
0
0
DERIV 32
2.884605451495044855e-60
-9.974684775695152525e-77
0
0
DERIV 33
-5.278496380958574997e-62
-2.0897721567957326590e-78
0
0
DERIV 34
9.569264457463283910e-64
4.464508187881240673e-80
0
0
DERIV 35
-1.7199284267051411360e-65
-7.504070715011019774e-82
0
0
AT 62
2.835649828734192511e-13
6.931218601426012143e-30
0
0
DERIV 1
-9.025958928028547611e-14
5.275136897204034143e-30
0
0
DERIV 2
1.4607499338355236978e-14
7.117577640871475471e-31
0
0
DERIV 3
-1.6030778613536263456e-15
2.4647136204773468006e-32
0
0
DERIV 4
1.3424469952742908324e-16
-1.2325415384121729917e-32
0
0
DERIV 5
-9.152636521424172607e-18
4.476154175922200097e-35
0
0
DERIV 6
5.293503554329551596e-19
8.010633496561196697e-36
0
0
DERIV 7
-2.6719812009969386352e-20
-5.111717903847643185e-37
0
0
DERIV 8
1.2019328758333635665e-21
3.828855237378116030e-38
0
0
DERIV 9
-4.895860209269677588e-23
-5.024940214241774566e-40
0
0
DERIV 10
1.8288480919653251978e-24
1.9996866566294735442e-42
0
0
DERIV 11
-6.329802388658586617e-26
-2.5352586217528615951e-42
0
0
DERIV 12
2.0472266674076001500e-27
1.4734808383394403921e-43
0
0
DERIV 13
-6.231924679493276346e-29
5.063421480420881165e-45
0
0
DERIV 14
1.7964793643897394662e-30
1.4403542794665665472e-46
0
0
DERIV 15
-4.930239578731729150e-32
1.4537641238425289147e-48
0
0
DERIV 16
1.2941030011740512272e-33
-1.0217935281512216217e-50
0
0
DERIV 17
-3.262068917222510910e-35
-1.2862601926414954443e-53
0
0
DERIV 18
7.925167050527034872e-37
1.9803320599318946322e-53
0
0
DERIV 19
-1.8617125242829505838e-38
6.472029014842906287e-55
0
0
DERIV 20
4.240907407548307956e-40
1.9817925833299231770e-56
0
0
DERIV 21
-9.392369145353879393e-42
-2.6811208884326670787e-58
0
0
DERIV 22
2.0271287408642578437e-43
-6.661852562433448311e-60
0
0
DERIV 23
-4.272693554301021278e-45
-1.4588365577946425887e-61
0
0
DERIV 24
8.812046163402971316e-47
7.881842353912076495e-63
0
0
DERIV 25
-1.7814435823731799957e-48
-1.0455471145756594761e-64
0
0
DERIV 26
3.535791428326699587e-50
-2.1811964080350143051e-66
0
0
DERIV 27
-6.900165705092805273e-52
4.809526106286932884e-68
0
0
DERIV 28
1.3257931264262859603e-53
-1.0667364202879693002e-70
0
0
DERIV 29
-2.5111434922743926049e-55
-1.3163605808216467845e-71
0
0
DERIV 30
4.693951603007058356e-57
-6.141802509036269135e-74
0
0
DERIV 31
-8.668189354503438075e-59
-6.189610726827253311e-75
0
0
DERIV 32
1.5829070891656575251e-60
-3.784204916631694460e-77
0
0
DERIV 33
-2.860886210506949823e-62
9.169130373336132629e-80
0
0
DERIV 34
5.121697534575073136e-64
6.489176205474113379e-81
0
0
DERIV 35
-9.089024483044998721e-66
-3.373306674077662004e-82
0
0
AT 63
2.0643541091842663406e-13
2.8317735286728629697e-30
0
0
DERIV 1
-6.535961031623317597e-14
-3.590724291468936358e-30
0
0
DERIV 2
1.0519618696082011653e-14
7.896622118672233480e-32
0
0
DERIV 3
-1.1479102096005747876e-15
-7.279142170014499555e-32
0
0
DERIV 4
9.556490948920188686e-17
2.9795444982082818773e-33
0
0
DERIV 5
-6.476077813168066490e-18
-4.407100537434738054e-35
0
0
DERIV 6
3.722098735786501474e-19
-9.318450907188406757e-36
0
0
DERIV 7
-1.8666764929342502985e-20
1.0659216519553275970e-36
0
0
DERIV 8
8.340977129880217355e-22
-2.579818638443666717e-38
0
0
DERIV 9
-3.374231703982756600e-23
2.8172184173411887782e-39
0
0
DERIV 10
1.2515234672316066728e-24
3.429750039649978564e-41
0
0
DERIV 11
-4.300031159906436915e-26
-2.3797029919558311300e-42
0
0
DERIV 12
1.3802907267752036937e-27
-4.951123819044062086e-44
0
0
DERIV 13
-4.169191058701306890e-29
-2.3400131913803214051e-45
0
0
DERIV 14
1.1922777473764261258e-30
-8.057467989322630480e-47
0
0
DERIV 15
-3.245252982058858904e-32
6.791026586449165469e-49
0
0
DERIV 16
8.446440799629469105e-34
-4.617797899208990029e-50
0
0
DERIV 17
-2.1106731180436744524e-35
3.954632059830555804e-53
0
0
DERIV 18
5.082268445197825488e-37
3.547904479124776458e-54
0
0
DERIV 19
-1.1829913031811017284e-38
1.2742036671572910516e-54
0
0
DERIV 20
2.6696000878284162267e-40
-1.9765198616978033547e-56
0
0
DERIV 21
-5.855720556255085374e-42
2.8474720202779824612e-58
0
0
DERIV 22
1.2514237397128554764e-43
6.489645336241917901e-60
0
0
DERIV 23
-2.6112221442987934246e-45
3.087533550961151452e-62
0
0
DERIV 24
5.330160563037770926e-47
4.522686652955894275e-63
0
0
DERIV 25
-1.0662548113938883258e-48
-5.973179316266262747e-65
0
0
DERIV 26
2.0936623496814793878e-50
1.1806639429468834801e-67
0
0
DERIV 27
-4.041272944277084592e-52
2.525623119122205947e-68
0
0
DERIV 28
7.678612613687416864e-54
-3.578728252421398477e-70
0
0
DERIV 29
-1.4379334067776499128e-55
3.914583058724442252e-72
0
0
DERIV 30
2.656931726812809181e-57
-2.4328738195403867711e-73
0
0
DERIV 31
-4.849104101256658011e-59
-3.399781510491412714e-76
0
0
DERIV 32
8.749822525207680187e-61
1.4109287274060534483e-77
0
0
DERIV 33
-1.5623456959739619042e-62
1.0786191552096030887e-78
0
0
DERIV 34
2.7627904553618039787e-64
3.446761949603396431e-81
0
0
DERIV 35
-4.842127737989802238e-66
-3.923835496638247539e-82
0
0
AT 64
1.5053695226502482741e-13
8.785789526268734769e-30
0
0
DERIV 1
-4.741211533093382774e-14
2.961243809555862237e-31
0
0
DERIV 2
7.589730086178022907e-15
2.3671216676882678938e-33
0
0
DERIV 3
-8.235764705791815860e-16
2.818406065646765477e-32
0
0
DERIV 4
6.816871634688660536e-17
5.043627908621318778e-33
0
0
DERIV 5
-4.592066135636449036e-18
1.3123657396422950240e-34
0
0
DERIV 6
2.623070614595415408e-19
-6.819386731356929136e-37
0
0
DERIV 7
-1.3071688386361938081e-20
-2.987040318952271136e-37
0
0
DERIV 8
5.802733326188665817e-22
-3.221523169143002257e-38
0
0
DERIV 9
-2.3316011573216727098e-23
-5.691144706509609945e-40
0
0
DERIV 10
8.587977308788349021e-25
-8.492527648341021340e-42
0
0
DERIV 11
-2.929565699573215663e-26
1.2820019628011256857e-42
0
0
DERIV 12
9.334427774827039957e-28
-8.692360821430681540e-44
0
0
DERIV 13
-2.798071800938370524e-29
1.6501290205398980711e-45
0
0
DERIV 14
7.939218328255967411e-31
-4.493494708727148392e-47
0
0
DERIV 15
-2.1436038298024094770e-32
1.3588810558332819885e-48
0
0
DERIV 16
5.533081687823578793e-34
1.6016883679825952674e-50
0
0
DERIV 17
-1.3709225923972433971e-35
5.478477749085212730e-52
0
0
DERIV 18
3.272270342408861072e-37
2.2784555667003971835e-54
0
0
DERIV 19
-7.548727666209272504e-39
3.485024433049121490e-55
0
0
DERIV 20
1.6878750767801797904e-40
-9.752980114580247061e-57
0
0
DERIV 21
-3.667567109016803333e-42
-3.1072296896759600361e-58
0
0
DERIV 22
7.762618210254277464e-44
-4.890797572232139344e-61
0
0
DERIV 23
-1.6038258665580091256e-45
-2.261132666290177633e-62
0
0
DERIV 24
3.240916780477674938e-47
-1.1873237077519130965e-63
0
0
DERIV 25
-6.416657140563078949e-49
-1.2078408674424321808e-65
0
0
DERIV 26
1.2467586153372246706e-50
1.0473216694996461459e-66
0
0
DERIV 27
-2.3808458921105105265e-52
1.7764219522623221802e-68
0
0
DERIV 28
4.474501544052006387e-54
7.978653039318750355e-71
0
0
DERIV 29
-8.286345573339580939e-56
7.768526537484693548e-72
0
0
DERIV 30
1.5138500025506652344e-57
-7.167506207375554422e-74
0
0
DERIV 31
-2.731242969761383778e-59
-1.0807035057429050600e-75
0
0
DERIV 32
4.870966166993330617e-61
-7.909105393009083367e-78
0
0
DERIV 33
-8.594750027606849271e-63
-2.8648990755455333353e-80
0
0
DERIV 34
1.5016548135658557908e-64
7.345235753156208805e-81
0
0
DERIV 35
-2.599877588691910131e-66
-5.436054272073673747e-83
0
0
AT 66
8.044203543945869816e-14
-2.7869398923338516389e-30
0
0
DERIV 1
-2.5077027593122843945e-14
-1.2103293267835745447e-30
0
0
DERIV 2
3.972066221241393097e-15
-1.4435256954567317908e-31
0
0
DERIV 3
-4.263338467712125438e-16
-2.3542897731680371999e-32
0
0
DERIV 4
3.489271549715924423e-17
-1.0948037661116651482e-33
0
0
DERIV 5
-2.3233005556516461936e-18
6.807318291969553452e-35
0
0
DERIV 6
1.3112774469628242205e-19
5.306202881144261729e-36
0
0
DERIV 7
-6.454155317370912764e-21
3.976066012859130891e-38
0
0
DERIV 8
2.828755524567443479e-22
-1.8125614309646727271e-38
0
0
DERIV 9
-1.1217613815404300054e-23
1.5112205489606788034e-40
0
0
DERIV 10
4.076106101097369836e-25
1.5449388098490322590e-41
0
0
DERIV 11
-1.3711596251949428767e-26
7.169472142679956586e-43
0
0
DERIV 12
4.306471936174583538e-28
-1.2900475515595834815e-44
0
0
DERIV 13
-1.2719157884368365693e-29
1.0225550999639877360e-45
0
0
DERIV 14
3.554324568725471409e-31
-2.1902243511327022747e-48
0
0
DERIV 15
-9.447483517567783699e-33
3.0407744629323300894e-49
0
0
DERIV 16
2.399617483332702690e-34
-1.0525976492953537528e-50
0
0
DERIV 17
-5.847917438149387845e-36
-1.8254594149560193256e-52
0
0
DERIV 18
1.3723356025314945659e-37
2.0984159965443578332e-54
0
0
DERIV 19
-3.111122778620633669e-39
8.532762550900495224e-56
0
0
DERIV 20
6.833224061112749784e-41
-2.730776850898209995e-57
0
0
DERIV 21
-1.4578603662919408522e-42
-4.563526918191135124e-59
0
0
DERIV 22
3.028380006902395689e-44
1.3740810462244736763e-60
0
0
DERIV 23
-6.138144709259812297e-46
2.678173658395668695e-62
0
0
DERIV 24
1.2163012814573483307e-47
-7.709180645280766855e-64
0
0
DERIV 25
-2.3604436850227585551e-49
-1.7639071734866751882e-66
0
0
DERIV 26
4.493655641302189993e-51
-6.405941093417759875e-68
0
0
DERIV 27
-8.404379677139561827e-53
-5.847237272743961024e-69
0
0
DERIV 28
1.5463364688367685752e-54
9.278410542011697397e-71
0
0
DERIV 29
-2.802458858183677374e-56
2.0757202613023382625e-73
0
0
DERIV 30
5.008550029478479889e-58
3.0206988013554454181e-74
0
0
DERIV 31
-8.836555017386177519e-60
4.768339883950957479e-76
0
0
DERIV 32
1.5405520026308849120e-61
-2.216526641741172462e-78
0
0
DERIV 33
-2.656335868021394821e-63
-5.298143001309879904e-80
0
0
DERIV 34
4.533807817772955871e-65
-3.102332991127213593e-81
0
0
DERIV 35
-7.665648398171136695e-67
1.8031497712195574647e-83
0
0
AT 68
4.325714530166284591e-14
-3.121290300899058939e-31
0
0
DERIV 1
-1.3351515190908090667e-14
5.924148669077042873e-31
0
0
DERIV 2
2.0932172934267153504e-15
-8.176724731656907152e-32
0
0
DERIV 3
-2.223056989955370418e-16
-2.1270927225096057904e-32
0
0
DERIV 4
1.7996751697158472438e-17
-1.2946507138148122038e-33
0
0
DERIV 5
-1.1848817764586116215e-18
-2.0244958631467757670e-35
0
0
DERIV 6
6.610317893477488909e-20
-4.595340502611429221e-36
0
0
DERIV 7
-3.2149145822502222535e-21
-8.271211655814803860e-38
0
0
DERIV 8
1.3917725961328254190e-22
-8.971753741540118541e-39
0
0
DERIV 9
-5.449458556196210622e-24
2.4868255669290502953e-40
0
0
DERIV 10
1.9543948719096121988e-25
1.0657029811287887876e-41
0
0
DERIV 11
-6.486341411931724684e-27
6.404969601767314906e-43
0
0
DERIV 12
2.0091235144292911162e-28
1.5009489572949866112e-45
0
0
DERIV 13
-5.849819250283281101e-30
-2.4158945188009804116e-46
0
0
DERIV 14
1.6108829226186268172e-31
1.1614501611059201039e-48
0
0
DERIV 15
-4.217623369841765096e-33
-3.3114306313931874593e-49
0
0
DERIV 16
1.0547728995054863267e-34
6.339849335610951281e-51
0
0
DERIV 17
-2.5298977376935571063e-36
6.257674458944281865e-53
0
0
DERIV 18
5.840710812585871527e-38
2.2550682720823383743e-54
0
0
DERIV 19
-1.3021013081300065218e-39
2.985585228835059854e-56
0
0
DERIV 20
2.811216702836995612e-41
1.3228423913107220338e-58
0
0
DERIV 21
-5.893116286977526626e-43
-2.642053476596900053e-59
0
0
DERIV 22
1.2023205209640208611e-44
-4.817976298805828394e-61
0
0
DERIV 23
-2.3924872261250044336e-46
1.1877586428744651786e-62
0
0
DERIV 24
4.652430681718713803e-48
8.835998675004191180e-65
0
0
DERIV 25
-8.856955493859889083e-50
-9.234488614537955365e-66
0
0
DERIV 26
1.6533739030362226530e-51
3.161933282254116075e-68
0
0
DERIV 27
-3.031019548162899945e-53
1.2844606259763559833e-69
0
0
DERIV 28
5.464285697885170960e-55
1.1892971793453835371e-71
0
0
DERIV 29
-9.699582362463145868e-57
7.029887998032840769e-74
0
0
DERIV 30
1.6972743139441472174e-58
-1.1516838229543151600e-74
0
0
DERIV 31
-2.930860124352830788e-60
1.0722271344427408469e-76
0
0
DERIV 32
4.999316205841351548e-62
2.261797513123301995e-78
0
0
DERIV 33
-8.431285320034257492e-64
-1.6095584638459979147e-80
0
0
DERIV 34
1.4070495013731643674e-65
5.236003481527920581e-82
0
0
DERIV 35
-2.3253811190073806363e-67
7.678858217989418277e-85
0
0
AT 70
2.3402422433161597631e-14
7.533928851579375848e-31
0
0
DERIV 1
-7.153826470139685546e-15
-3.505815081181724519e-31
0
0
DERIV 2
1.1104453144659985413e-15
-5.354277648771602095e-32
0
0
DERIV 3
-1.1672794165536951427e-16
5.354241593587467759e-33
0
0
DERIV 4
9.350231095323694622e-18
-6.333745296247092194e-34
0
0
DERIV 5
-6.089283210389642383e-19
-3.767430562819260001e-35
0
0
DERIV 6
3.359168440403049570e-20
-4.689256363529068855e-37
0
0
DERIV 7
-1.6149125749150994872e-21
1.3679602997802434177e-38
0
0
DERIV 8
6.908225386719955765e-23
9.939177082906017660e-40
0
0
DERIV 9
-2.6718710976191387825e-24
-3.393916042843534947e-41
0
0
DERIV 10
9.461950202497664314e-26
1.8056496880391357875e-42
0
0
DERIV 11
-3.0996580717839856688e-27
1.0322825805339313070e-43
0
0
DERIV 12
9.473339907143573006e-29
3.215325235494622487e-45
0
0
DERIV 13
-2.7205452838967531327e-30
9.730728853323493226e-47
0
0
DERIV 14
7.386300964823844570e-32
-5.007620664209693213e-48
0
0
DERIV 15
-1.9059480846185434118e-33
1.5043526100586159617e-49
0
0
DERIV 16
4.695823952624159394e-35
1.5452667906119185843e-51
0
0
DERIV 17
-1.1091585489879083069e-36
-4.445440300327398077e-53
0
0
DERIV 18
2.520703248842338779e-38
5.990561126847339705e-55
0
0
DERIV 19
-5.529595116646067170e-40
-3.848504148603490380e-56
0
0
DERIV 20
1.1742556081418413309e-41
-8.411184679562581627e-58
0
0
DERIV 21
-2.4202527727298193629e-43
-9.275815013529851971e-60
0
0
DERIV 22
4.853016933244065885e-45
6.129660322228942887e-62
0
0
DERIV 23
-9.487387062618744939e-47
-5.560986372443159707e-63
0
0
DERIV 24
1.8118135732597904516e-48
-3.227342962405960207e-65
0
0
DERIV 25
-3.386006106893833342e-50
-1.0049922969935572812e-66
0
0
DERIV 26
6.202679676237059435e-52
3.240274008010246946e-68
0
0
DERIV 27
-1.1154238193247701718e-53
-1.1277808078064251188e-69
0
0
DERIV 28
1.9718245075370206816e-55
-6.123288900499786828e-72
0
0
DERIV 29
-3.430958975181783078e-57
2.6884981087129333202e-73
0
0
DERIV 30
5.882873542471758387e-59
-2.561046861053783106e-75
0
0
DERIV 31
-9.950812523295877930e-61
4.972333975373462259e-77
0
0
DERIV 32
1.6620912485771439743e-62
1.8392672419209822089e-79
0
0
DERIV 33
-2.7439593440680356135e-64
5.959015865352400984e-81
0
0
DERIV 34
4.481215749989607911e-66
-2.1499096037833232071e-82
0
0
DERIV 35
-7.245200601355382181e-68
2.313923273719991456e-84
0
0
AT 72
1.2734804775715615271e-14
5.821570392949681580e-31
0
0
DERIV 1
-3.856496224235289420e-15
-7.496019169996949502e-32
0
0
DERIV 2
5.928582202861124140e-16
-1.3993251635029630965e-32
0
0
DERIV 3
-6.170214350000799991e-17
-1.2608377231576810187e-33
0
0
DERIV 4
4.892024404207566629e-18
-7.567847417826866343e-35
0
0
DERIV 5
-3.152382683156706397e-19
-7.513790239681574170e-36
0
0
DERIV 6
1.7201776442739544188e-20
-8.868552110044713512e-37
0
0
DERIV 7
-8.177457192345280502e-22
-3.194295517259135058e-38
0
0
DERIV 8
3.457954935013402650e-23
8.318230886742635107e-41
0
0
DERIV 9
-1.3216142038892092362e-24
-7.088774235697121351e-42
0
0
DERIV 10
4.623343402602701914e-26
3.1908114306460586780e-43
0
0
DERIV 11
-1.4956254245419464004e-27
7.004409883173444834e-45
0
0
DERIV 12
4.512222616555723573e-29
-1.7248021429081891957e-45
0
0
DERIV 13
-1.2786870341592458175e-30
-2.781228117417466820e-47
0
0
DERIV 14
3.424496958326974740e-32
-1.4578367386437396120e-48
0
0
DERIV 15
-8.713270775596798578e-34
-7.146283250264632215e-50
0
0
DERIV 16
2.1160200381712759762e-35
-6.579867420861746548e-52
0
0
DERIV 17
-4.924654838667804648e-37
1.5914472341015412112e-53
0
0
DERIV 18
1.1023352228881821166e-38
-4.847837508971108487e-55
0
0
DERIV 19
-2.3808402863315739552e-40
3.903946502446245805e-57
0
0
DERIV 20
4.975991406756168473e-42
-9.943406129541600416e-59
0
0
DERIV 21
-1.0090044976076158211e-43
-4.171137912545303056e-60
0
0
DERIV 22
1.9897364046066499253e-45
6.876707390482625847e-62
0
0
DERIV 23
-3.824006813869290005e-47
-7.307655538296941287e-64
0
0
DERIV 24
7.176490196821618700e-49
3.903958495879738159e-65
0
0
DERIV 25
-1.3175065180251638325e-50
2.5602756630949657443e-67
0
0
DERIV 26
2.3700238147525764947e-52
-1.8924166540837644951e-69
0
0
DERIV 27
-4.183750188617648540e-54
8.261190668705179936e-71
0
0
DERIV 28
7.257604322340972532e-56
2.406662277867784859e-72
0
0
DERIV 29
-1.2387660891835650910e-57
-1.3620842919896496497e-74
0
0
DERIV 30
2.082882125804644986e-59
2.1685823749321984820e-75
0
0
DERIV 31
-3.453751322391811380e-61
3.1440538222424024297e-77
0
0
DERIV 32
5.653327717966081426e-63
5.086073851258287450e-79
0
0
DERIV 33
-9.143381755177185025e-65
-7.996005491973036214e-81
0
0
DERIV 34
1.4624190074720228650e-66
7.852802568514400798e-83
0
0
DERIV 35
-2.314962708548768185e-68
2.0523469730115848151e-84
0
0
AT 74
6.968817288663952039e-15
-3.775409965972157378e-31
0
0
DERIV 1
-2.0911943692543319592e-15
-1.1790815573836544337e-31
0
0
DERIV 2
3.184701546485884969e-16
-1.0181381086036251417e-32
0
0
DERIV 3
-3.282561911402045187e-17
7.470957121164071941e-34
0
0
DERIV 4
2.5767433377685302737e-18
-1.1170842837239171020e-34
0
0
DERIV 5
-1.6434753816595587473e-19
5.535328510792191102e-36
0
0
DERIV 6
8.873765910058262266e-21
3.213663323836778862e-37
0
0
DERIV 7
-4.172813102989575171e-22
6.700000550160862571e-39
0
0
DERIV 8
1.7448920790188586200e-23
9.543230167832562387e-40
0
0
DERIV 9
-6.592532381453895765e-25
-4.542594130758621109e-41
0
0
DERIV 10
2.2790774883064179452e-26
-7.153063772274624100e-43
0
0
DERIV 11
-7.283424684092159202e-28
-1.0534776245436964337e-44
0
0
DERIV 12
2.1700278373678509378e-29
-2.9128122922296708608e-46
0
0
DERIV 13
-6.070871445592322469e-31
-3.961937138490796566e-47
0
0
DERIV 14
1.6045144487138122081e-32
-2.2548045580945582894e-49
0
0
DERIV 15
-4.027490773385101279e-34
7.651441707767591275e-51
0
0
DERIV 16
9.645497814083351257e-36
-5.233920703855658828e-52
0
0
DERIV 17
-2.212973009571287344e-37
3.799445056210147820e-54
0
0
DERIV 18
4.881491809205651998e-39
-1.8078243372384884724e-55
0
0
DERIV 19
-1.0386047662132991948e-40
-6.938209828122895301e-57
0
0
DERIV 20
2.1375843527642731841e-42
-5.248674592110928777e-59
0
0
DERIV 21
-4.266805975304706859e-44
-1.1828234827441221759e-60
0
0
DERIV 22
8.279698361534095113e-46
-7.088661247238258066e-62
0
0
DERIV 23
-1.5652748810781464463e-47
-4.974845994522523098e-64
0
0
DERIV 24
2.8885638026977332634e-49
-1.2075472735580881598e-65
0
0
DERIV 25
-5.212749976705700151e-51
1.1271488028061967793e-67
0
0
DERIV 26
9.214232266642844837e-53
8.374946053523694973e-69
0
0
DERIV 27
-1.5977712357503727826e-54
6.323712647971956468e-71
0
0
DERIV 28
2.721679134376629449e-56
1.3070282294938420405e-72
0
0
DERIV 29
-4.560186974177468718e-58
-2.7340164963714070027e-74
0
0
DERIV 30
7.524288585624771754e-60
2.1201313928185425911e-76
0
0
DERIV 31
-1.2239394307130324842e-61
4.428205229714851578e-78
0
0
DERIV 32
1.9647397225210939847e-63
1.3117464501807980443e-79
0
0
DERIV 33
-3.115350862519246039e-65
-7.537930780373481314e-82
0
0
DERIV 34
4.883620772529712109e-67
-2.3924148872754409545e-83
0
0
DERIV 35
-7.574578530275741619e-69
7.876711532031941310e-86
0
0
AT 76
3.834191648347322783e-15
2.547619015136807755e-31
0
0
DERIV 1
-1.1403799174823175045e-15
-9.450189794700621207e-32
0
0
DERIV 2
1.7208824183752979513e-16
-7.283889677244589805e-33
0
0
DERIV 3
-1.7571403027126546506e-17
-9.773074936328051806e-34
0
0
DERIV 4
1.3660179118915316994e-18
-2.848164631907853351e-35
0
0
DERIV 5
-8.626165098753392785e-20
-1.0573988571334854983e-36
0
0
DERIV 6
4.610059005839453081e-21
-3.096234883488466134e-37
0
0
DERIV 7
-2.145078116954248799e-22
-1.0961794886230175874e-38
0
0
DERIV 8
8.872935092509199520e-24
4.450931564119675480e-40
0
0
DERIV 9
-3.315139037161265521e-25
-1.2440560726628180175e-41
0
0
DERIV 10
1.1329817835002534540e-26
-1.3131703639269634254e-43
0
0
DERIV 11
-3.578285836173638287e-28
2.2213517799746747986e-44
0
0
DERIV 12
1.0532687892856392097e-29
6.096661855642006548e-46
0
0
DERIV 13
-2.910156613485504104e-31
-5.381046741873534826e-48
0
0
DERIV 14
7.593734849619324086e-33
6.166887490781263589e-49
0
0
DERIV 15
-1.8812489126620448800e-34
-2.3546702672875935535e-51
0
0
DERIV 16
4.445169576361771487e-36
2.5983131230784496954e-52
0
0
DERIV 17
-1.0058720386397389247e-37
-1.0054185031434546639e-53
0
0
DERIV 18
2.1876217259750799804e-39
1.1846445322949810103e-55
0
0
DERIV 19
-4.587462968525589512e-41
1.5195433316775122889e-57
0
0
DERIV 20
9.302451294059385040e-43
2.712042138525617510e-59
0
0
DERIV 21
-1.8288506275987727328e-44
7.869601274173745031e-61
0
0
DERIV 22
3.4941432001710054042e-46
9.441011952073046740e-63
0
0
DERIV 23
-6.501565167387077607e-48
-1.4514841984216709026e-65
0
0
DERIV 24
1.1804880468948105254e-49
6.597621294108474907e-67
0
0
DERIV 25
-2.0953244320860531604e-51
3.307869304092767001e-69
0
0
DERIV 26
3.641683717679935832e-53
1.2459893913956823026e-69
0
0
DERIV 27
-6.206861699669753396e-55
6.421241918371058850e-72
0
0
DERIV 28
1.0388827864539381088e-56
-1.0572571108035744808e-72
0
0
DERIV 29
-1.7097966943494786096e-58
1.2220910401802896538e-74
0
0
DERIV 30
2.770269479845586711e-60
-2.4777590427580283197e-76
0
0
DERIV 31
-4.423606868527550685e-62
2.619488948352127417e-78
0
0
DERIV 32
6.968668891434467775e-64
3.631742013191261605e-80
0
0
DERIV 33
-1.0840547962098081136e-65
9.019674553826777213e-82
0
0
DERIV 34
1.6667104021021308913e-67
1.4139734084346644662e-83
0
0
DERIV 35
-2.534711013198183768e-69
-1.9050613554376607750e-85
0
0
AT 78
2.1205791696969768210e-15
-1.5481810271796285509e-31
0
0
DERIV 1
-6.252747372269401726e-16
3.156682828409108405e-32
0
0
DERIV 2
9.352008018780282098e-17
-6.125955712400032281e-33
0
0
DERIV 3
-9.461962606345210815e-18
-6.422488059086086887e-34
0
0
DERIV 4
7.286821718643284556e-19
-2.631607642908103749e-35
0
0
DERIV 5
-4.557109370998321563e-20
-8.524860208139097962e-37
0
0
DERIV 6
2.4112834091334488318e-21
-8.889212469892527036e-38
0
0
DERIV 7
-1.1105353205730611038e-22
-5.003555405645653052e-39
0
0
DERIV 8
4.545469990018603702e-24
3.1410571945720286219e-40
0
0
DERIV 9
-1.6799936544450016226e-25
3.016186220405700467e-42
0
0
DERIV 10
5.677968280104065545e-27
2.665455318172667641e-44
0
0
DERIV 11
-1.7728689830253173628e-28
-6.074723867291840401e-45
0
0
DERIV 12
5.157481730980820399e-30
-3.2250919857107575350e-46
0
0
DERIV 13
-1.4079104681125069431e-31
7.760498691757313031e-48
0
0
DERIV 14
3.628572815321949356e-33
3.1205500068527168065e-49
0
0
DERIV 15
-8.875817950133076255e-35
-2.3110875996070181038e-51
0
0
DERIV 16
2.0700974563355227493e-36
7.496821703933439028e-53
0
0
DERIV 17
-4.622139414734722803e-38
1.0825061740410507140e-54
0
0
DERIV 18
9.915783327360814828e-40
-6.262067240596412474e-56
0
0
DERIV 19
-2.0503967874988182271e-41
-9.740687676988458834e-58
0
0
DERIV 20
4.098538284096598139e-43
1.1335403457488868776e-59
0
0
DERIV 21
-7.940205170923955096e-45
-2.7075907148316371837e-61
0
0
DERIV 22
1.4944175156196246891e-46
1.3636529889579260098e-63
0
0
DERIV 23
-2.738314258776826295e-48
-1.8389485614678287230e-64
0
0
DERIV 24
4.894611317032315135e-50
4.010851219515112920e-66
0
0
DERIV 25
-8.549826792403825487e-52
5.051990643877095884e-68
0
0
DERIV 26
1.4618983480124227830e-53
4.175170500222545203e-70
0
0
DERIV 27
-2.4505128781698080328e-55
1.3627824599249535201e-72
0
0
DERIV 28
4.032592294984175467e-57
1.7009965337591506173e-73
0
0
DERIV 29
-6.523189718647252514e-59
-3.262232767338453000e-75
0
0
DERIV 30
1.0384904793827633462e-60
1.6215727210745064669e-77
0
0
DERIV 31
-1.6288896202235850721e-62
-5.612100289891115271e-79
0
0
DERIV 32
2.5198338779265118075e-64
-1.0893332609423893890e-80
0
0
DERIV 33
-3.848180196883982415e-66
1.0608688999317554420e-82
0
0
DERIV 34
5.806634558879777736e-68
-2.968900760631780366e-84
0
0
DERIV 35
-8.664313749505816459e-70
-3.859195935912937490e-86
0
0
AT 80
1.1787561452765635424e-15
5.208824402262432775e-32
0
0
DERIV 1
-3.446483166322010347e-16
-1.0399957800268350719e-32
0
0
DERIV 2
5.110250130862071030e-17
1.7633633676302128670e-33
0
0
DERIV 3
-5.124411027438268130e-18
1.8648335734321637753e-34
0
0
DERIV 4
3.910362320800319155e-19
1.4482593252852520029e-35
0
0
DERIV 5
-2.4225480619192203918e-20
1.0825757584782533830e-36
0
0
DERIV 6
1.2694646358762409358e-21
-9.050342589031048004e-38
0
0
DERIV 7
-5.788643806794643208e-23
4.300903938997100898e-39
0
0
DERIV 8
2.3451764743864174588e-24
1.5551134626536759068e-40
0
0
DERIV 9
-8.576980282023703510e-26
-3.473008955229023741e-42
0
0
DERIV 10
2.8676437944505101753e-27
6.396216753320715618e-44
0
0
DERIV 11
-8.854980331158773483e-29
9.583041081552440394e-46
0
0
DERIV 12
2.5468218682123161821e-30
-4.187190630628195501e-47
0
0
DERIV 13
-6.871556629913537249e-32
3.073476376308772396e-48
0
0
DERIV 14
1.7498577537497530445e-33
1.5660660265201417290e-49
0
0
DERIV 15
-4.227933691298786049e-35
1.7210951552166528097e-51
0
0
DERIV 16
9.737067824496095002e-37
3.705849700511787981e-53
0
0
DERIV 17
-2.1461580650484378201e-38
9.449517036721586004e-55
0
0
DERIV 18
4.543491442424523390e-40
-1.2250642150561588234e-56
0
0
DERIV 19
-9.268442150946972936e-42
-5.653290158187301960e-59
0
0
DERIV 20
1.8271142394407588123e-43
-3.572398188179529583e-60
0
0
DERIV 21
-3.489778774061924091e-45
-2.3570709411135326517e-61
0
0
DERIV 22
6.473353084958619094e-47
-2.726500666592007939e-63
0
0
DERIV 23
-1.1686753766596519111e-48
-6.684785335744772708e-65
0
0
DERIV 24
2.0575234520235397723e-50
9.015265358670044183e-67
0
0
DERIV 25
-3.538860862029718893e-52
-2.859949191418511645e-68
0
0
DERIV 26
5.956178200835015910e-54
-2.2554183740232878197e-70
0
0
DERIV 27
-9.824669857837592976e-56
2.332605059886982850e-72
0
0
DERIV 28
1.5904627816305844081e-57
-6.784544201811763565e-74
0
0
DERIV 29
-2.530154322906034334e-59
-8.710054965809285885e-76
0
0
DERIV 30
3.960125636354001788e-61
-1.4181923227486455379e-77
0
0
DERIV 31
-6.105080897192396311e-63
-2.5711778464573837629e-79
0
0
DERIV 32
9.279857337440715753e-65
-3.355889936920118114e-81
0
0
DERIV 33
-1.3921091671556426421e-66
1.0232948777297850873e-82
0
0
DERIV 34
2.062873035417650568e-68
1.7557537740427360621e-84
0
0
DERIV 35
-3.022015905406651721e-70
1.0132689069788484504e-86
0
0
AT 82
6.584299888492798550e-16
-4.620886908267816218e-32
0
0
DERIV 1
-1.9093610107300013736e-16
-1.5921428050922517028e-33
0
0
DERIV 2
2.807247612305508904e-17
-3.127654581335633989e-34
0
0
DERIV 3
-2.7906604267168084368e-18
-8.959947755843037470e-35
0
0
DERIV 4
2.1105697523709451368e-19
-1.1536351565312822729e-35
0
0
DERIV 5
-1.2955894990781621609e-20
-2.459534654236165846e-37
0
0
DERIV 6
6.725398834040799903e-22
-3.086098704398315910e-38
0
0
DERIV 7
-3.037136660771202085e-23
5.229848945847636165e-41
0
0
DERIV 8
1.2182554575604918455e-24
5.897338500128584174e-41
0
0
DERIV 9
-4.410172053261403370e-26
9.540971407492303435e-43
0
0
DERIV 10
1.4591010203626308090e-27
2.547386903327039511e-44
0
0
DERIV 11
-4.457234222240348355e-29
1.1740624003147534420e-46
0
0
DERIV 12
1.2678586244444928318e-30
-6.320207207352694835e-47
0
0
DERIV 13
-3.382179745450754122e-32
-2.0377775265001255149e-49
0
0
DERIV 14
8.513082355023512509e-34
1.9998452476612365445e-50
0
0
DERIV 15
-2.0324812535010937351e-35
-9.326826400751415433e-52
0
0
DERIV 16
4.623930885668817231e-37
-3.976919887030222184e-53
0
0
DERIV 17
-1.0064656832393223008e-38
2.6144702985435082170e-55
0
0
DERIV 18
2.1035342839499935676e-40
5.054233595295982008e-58
0
0
DERIV 19
-4.235035514872742338e-42
2.9528839523589997201e-58
0
0
DERIV 20
8.237090339171131917e-44
1.4472273088147102101e-60
0
0
DERIV 21
-1.5517830846600562973e-45
-1.6280526176249466994e-62
0
0
DERIV 22
2.838275913431786034e-47
9.211067758933143523e-64
0
0
DERIV 23
-5.051017705129325627e-49
2.821490053410690501e-65
0
0
DERIV 24
8.763093968586391541e-51
2.1477588052978192850e-67
0
0
DERIV 25
-1.4848158297438012008e-52
-7.389705469186748397e-69
0
0
DERIV 26
2.4611775608637733245e-54
5.314327746582713616e-71
0
0
DERIV 27
-3.996964999041699672e-56
-6.388100809570482736e-73
0
0
DERIV 28
6.368620873995226030e-58
-2.7652453294676527167e-74
0
0
DERIV 29
-9.969019389446580711e-60
-5.849651058703123568e-76
0
0
DERIV 30
1.5348778726585539261e-61
1.6062899717441171649e-78
0
0
DERIV 31
-2.3269852896699028636e-63
1.0499334967486899456e-79
0
0
DERIV 32
3.477450840901334672e-65
-2.916457867608861467e-82
0
0
DERIV 33
-5.127350128171302194e-67
-2.9465558732420821525e-83
0
0
DERIV 34
7.465814031338403052e-69
3.343719745086225112e-85
0
0
DERIV 35
-1.0744198921238282141e-70
5.822944112187486506e-88
0
0
AT 84
3.695241764645468699e-16
2.4137262776854042832e-32
0
0
DERIV 1
-1.0630009592647404595e-16
5.101375746156584619e-34
0
0
DERIV 2
1.5500404910161728507e-17
7.499408007610805198e-34
0
0
DERIV 3
-1.5278753229155104029e-18
-7.047794622890054443e-36
0
0
DERIV 4
1.1455094034123720112e-19
9.089086225255814579e-36
0
0
DERIV 5
-6.969175331866665704e-21
-5.822417507250061603e-37
0
0
DERIV 6
3.584607809901144955e-22
7.949188875934644429e-40
0
0
DERIV 7
-1.6035770852097028240e-23
-9.479732343281624091e-40
0
0
DERIV 8
6.370239837890371461e-25
-1.7123571307010423715e-41
0
0
DERIV 9
-2.2832458513452652791e-26
-9.115432254828670177e-43
0
0
DERIV 10
7.477354134911174678e-28
4.059910181206518964e-44
0
0
DERIV 11
-2.2603579274962476425e-29
1.1994255979986146771e-45
0
0
DERIV 12
6.360827401638169750e-31
3.580925950493195594e-47
0
0
DERIV 13
-1.6782266106810533235e-32
1.2912617877450751489e-48
0
0
DERIV 14
4.176672373859359162e-34
3.709244239170530026e-50
0
0
DERIV 15
-9.856820879045693566e-36
-1.6782114225426681396e-52
0
0
DERIV 16
2.215971711947824751e-37
-8.216366150547529041e-54
0
0
DERIV 17
-4.765068543047061161e-39
3.959041710918810782e-56
0
0
DERIV 18
9.835828095197293226e-41
3.532390270302908779e-57
0
0
DERIV 19
-1.9551618423135620129e-42
3.228521113375057943e-59
0
0
DERIV 20
3.753500659178573178e-44
-4.496198194284593576e-61
0
0
DERIV 21
-6.977552653906176650e-46
-2.778237079359708212e-62
0
0
DERIV 22
1.2589502053582138984e-47
-5.326728696868799142e-64
0
0
DERIV 23
-2.2094655753119634522e-49
-1.2685160305714238684e-65
0
0
DERIV 24
3.779141972146261992e-51
-3.061636022568388430e-68
0
0
DERIV 25
-6.311162058793410403e-53
-4.633527436989188766e-69
0
0
DERIV 26
1.0307543128271092168e-54
-2.8261312131206549534e-71
0
0
DERIV 27
-1.6488971325283575936e-56
-4.012987186357084280e-73
0
0
DERIV 28
2.5872382709080957123e-58
3.844289716816512218e-75
0
0
DERIV 29
-3.987030621058800433e-60
2.1444412975875415875e-76
0
0
DERIV 30
6.041670129161780914e-62
4.240740644555234128e-78
0
0
DERIV 31
-9.012487542459595632e-64
-4.868660541385568017e-80
0
0
DERIV 32
1.3248408492375461247e-65
2.2693000862046843115e-82
0
0
DERIV 33
-1.9210264385675805050e-67
1.1447295975390595756e-83
0
0
DERIV 34
2.750068320315645757e-69
-1.7318159663991271686e-85
0
0
DERIV 35
-3.890066530028921269e-71
1.1425127065366683335e-87
0
0
AT 86
2.0833344412486046154e-16
9.075151195246722797e-33
0
0
DERIV 1
-5.946264035667670546e-17
-5.409889032125450115e-33
0
0
DERIV 2
8.601140416595102250e-18
-2.813120728557116828e-34
0
0
DERIV 3
-8.408317230288975445e-19
-2.3633865117243723708e-35
0
0
DERIV 4
6.250739408415707511e-20
-5.071235916414349355e-36
0
0
DERIV 5
-3.769873453530980204e-21
-1.1685316324975293297e-37
0
0
DERIV 6
1.9217570952909628397e-22
-8.583437879757874384e-39
0
0
DERIV 7
-8.518335802750752634e-24
6.195465765710859081e-40
0
0
DERIV 8
3.352148231365984914e-25
4.922230706631299814e-42
0
0
DERIV 9
-1.1899123978583868014e-26
3.1976349391256948585e-43
0
0
DERIV 10
3.858295706906623480e-28
-1.2418427253070483720e-44
0
0
DERIV 11
-1.1545120959979251997e-29
3.581597589717540973e-46
0
0
DERIV 12
3.215105797493385380e-31
1.1973347473049301587e-47
0
0
DERIV 13
-8.392235208823685279e-33
-4.543971432177166508e-49
0
0
DERIV 14
2.065790646076989373e-34
-1.1882121986112736385e-50
0
0
DERIV 15
-4.820628785929349873e-36
2.465616258654951425e-53
0
0
DERIV 16
1.0713288707184268264e-37
-5.374953219793206904e-54
0
0
DERIV 17
-2.2766658762939795463e-39
1.5447410201637059610e-55
0
0
DERIV 18
4.642923379666861054e-41
-1.1093458896118364286e-57
0
0
DERIV 19
-9.115740041158779893e-43
-5.168502007419206674e-60
0
0
DERIV 20
1.7280330004632979223e-44
3.308680280160438111e-62
0
0
DERIV 21
-3.1710446206619356010e-46
-1.8440698064168770152e-62
0
0
DERIV 22
5.646362490672231090e-48
4.221261648084142423e-64
0
0
DERIV 23
-9.776553877694460601e-50
2.558485858652050384e-66
0
0
DERIV 24
1.6493309949188561248e-51
-1.4584831643811800896e-67
0
0
DERIV 25
-2.715927813686742324e-53
-5.353635897016693590e-70
0
0
DERIV 26
4.372575154478086701e-55
-1.9108024560640859594e-72
0
0
DERIV 27
-6.893325790674221720e-57
1.6963609072905652400e-74
0
0
DERIV 28
1.0656284524349080201e-58
-3.261197406552568830e-75
0
0
DERIV 29
-1.6174670150189827370e-60
-1.3430516444809868072e-76
0
0
DERIV 30
2.413477184997328934e-62
-2.0397335811978430345e-78
0
0
DERIV 31
-3.544187703226701942e-64
2.8283783761595580268e-80
0
0
DERIV 32
5.127538807373899929e-66
-4.500176541698916281e-82
0
0
DERIV 33
-7.315451629395584876e-68
-2.202265904222716598e-84
0
0
DERIV 34
1.0301614885336013834e-69
-7.331316023419312995e-87
0
0
DERIV 35
-1.4330673420503528331e-71
7.231508865192155578e-88
0
0
AT 88
1.1797684264225661595e-16
2.1734813056612390187e-33
0
0
DERIV 1
-3.341601341316503302e-17
1.2610043506129733336e-33
0
0
DERIV 2
4.795685522693773316e-18
3.673697067471039408e-34
0
0
DERIV 3
-4.650474551702666289e-19
-6.706359979747911554e-36
0
0
DERIV 4
3.428626718199491778e-20
-1.5207880488749367405e-36
0
0
DERIV 5
-2.0503175499885158607e-21
-1.1510770280685393618e-37
0
0
DERIV 6
1.0360987825185744101e-22
-2.6310474980317755350e-39
0
0
DERIV 7
-4.551624247931192852e-24
-2.3705650489792060087e-40
0
0
DERIV 8
1.7747715132764112094e-25
-1.8221879318024634467e-42
0
0
DERIV 9
-6.240773805558941798e-27
-1.9965367884617298830e-43
0
0
DERIV 10
2.0040931514937399087e-28
1.1154951992797712312e-44
0
0
DERIV 11
-5.937624517060091558e-30
-3.781901684953275719e-47
0
0
DERIV 12
1.6367884452379464061e-31
-6.048134217133425262e-48
0
0
DERIV 13
-4.228122434224000084e-33
-5.754101996381685945e-50
0
0
DERIV 14
1.0297147764208452786e-34
9.783131879655052547e-51
0
0
DERIV 15
-2.3767407806724994233e-36
-9.877712861169821889e-53
0
0
DERIV 16
5.223167871897033211e-38
3.658334245465881893e-54
0
0
DERIV 17
-1.0973067030761538801e-39
1.4146550272832469076e-56
0
0
DERIV 18
2.2116756566428115041e-41
3.701527372085380644e-58
0
0
DERIV 19
-4.290480757585525037e-43
1.3093222999470696240e-59
0
0
DERIV 20
8.034013424577945116e-45
2.3329329937835965438e-61
0
0
DERIV 21
-1.4558995508417207911e-46
6.542287303444333471e-63
0
0
DERIV 22
2.5593415169029790422e-48
8.864699545788260000e-65
0
0
DERIV 23
-4.373787092353724470e-50
9.058074268178725184e-67
0
0
DERIV 24
7.280717463254962240e-52
3.962992813839735955e-68
0
0
DERIV 25
-1.1826648489092933694e-53
-1.2084566666662708685e-70
0
0
DERIV 26
1.8777642780449646157e-55
-5.773369229106155035e-72
0
0
DERIV 27
-2.918615931412885487e-57
2.6706479975443357823e-73
0
0
DERIV 28
4.447165968194643826e-59
-5.084987587557762758e-77
0
0
DERIV 29
-6.651637335158251219e-61
-5.516266993835051354e-78
0
0
DERIV 30
9.777762776180012075e-63
1.0512012151917076155e-78
0
0
DERIV 31
-1.4141818948954840754e-64
3.896170579123485752e-82
0
0
DERIV 32
2.0145615506590798844e-66
-1.1968423623264580063e-82
0
0
DERIV 33
-2.829360863430448034e-68
7.073693655885372800e-85
0
0
DERIV 34
3.921233143020003347e-70
9.027386011355090730e-87
0
0
DERIV 35
-5.367236421702902716e-72
-3.378981376328644210e-88
0
0
AT 90
6.709623923552702030e-17
5.171008429861847784e-33
0
0
DERIV 1
-1.8862683348764010865e-17
1.2450366093042056170e-34
0
0
DERIV 2
2.6863449128311824502e-18
4.427498530426772520e-35
0
0
DERIV 3
-2.584540153642896552e-19
-3.979755684198365449e-36
0
0
DERIV 4
1.8901303186064581126e-20
9.990805223258811201e-37
0
0
DERIV 5
-1.1209512482149426687e-21
8.616651408450441004e-38
0
0
DERIV 6
5.616519727646062482e-23
-2.1477789962347812751e-39
0
0
DERIV 7
-2.4458934372274209505e-24
-8.922115189345185543e-41
0
0
DERIV 8
9.451943262603158835e-26
1.1670324855374116359e-42
0
0
DERIV 9
-3.293254235941923213e-27
1.8710875774111997766e-43
0
0
DERIV 10
1.0476390917218193066e-28
9.804204749026507154e-45
0
0
DERIV 11
-3.0740474936198714813e-30
-2.0536980620657935824e-47
0
0
DERIV 12
8.390539322277528761e-32
4.500794965369786249e-48
0
0
DERIV 13
-2.1455481047904275259e-33
1.4253034426366206410e-49
0
0
DERIV 14
5.171225600024126792e-35
-2.832407534178250855e-51
0
0
DERIV 15
-1.1809604564188906016e-36
1.3757344303010211755e-53
0
0
DERIV 16
2.567169296115209255e-38
1.0205229718624313659e-54
0
0
DERIV 17
-5.333404320823258886e-40
-1.9350318085502178829e-57
0
0
DERIV 18
1.0627765235248872961e-41
1.5825226238067366698e-58
0
0
DERIV 19
-2.0377827595472388988e-43
-4.747168087455205705e-60
0
0
DERIV 20
3.770532701335172134e-45
1.8032128271977937311e-61
0
0
DERIV 21
-6.750038509348049679e-47
3.411561128748900151e-63
0
0
DERIV 22
1.1719093154096727895e-48
5.035331961118331625e-65
0
0
DERIV 23
-1.9774274401128249953e-50
4.179058149031835883e-68
0
0
DERIV 24
3.2492313791933892052e-52
-1.6500674237881721398e-69
0
0
DERIV 25
-5.208569073947884248e-54
-2.8765027485799631480e-70
0
0
DERIV 26
8.158970332414959345e-56
5.657689939001808951e-72
0
0
DERIV 27
-1.2508255491333388511e-57
-6.833561933400925568e-74
0
0
DERIV 28
1.8793925558877962529e-59
1.1115825204298078696e-76
0
0
DERIV 29
-2.7711945060517958446e-61
-1.1529454644054111318e-77
0
0
DERIV 30
4.014887304883251521e-63
2.2719557813433164280e-79
0
0
DERIV 31
-5.721726108019625251e-65
-1.3069527744564987553e-81
0
0
DERIV 32
8.029422361663062380e-67
1.7078155071704597562e-83
0
0
DERIV 33
-1.1106309824166651144e-68
2.769704041921281795e-85
0
0
DERIV 34
1.5155815004785352639e-70
8.346953891156522448e-88
0
0
DERIV 35
-2.0421233443693057343e-72
1.3407250767010549499e-89
0
0
AT 92
3.831847458784738943e-17
-1.6901722899130307693e-33
0
0
DERIV 1
-1.0693808618136823736e-17
5.097161858634156984e-34
0
0
DERIV 2
1.5115673333793668520e-18
-9.238076823799035699e-35
0
0
DERIV 3
-1.4431174609140129331e-19
8.900828038719396288e-36
0
0
DERIV 4
1.0470723817649665643e-20
5.688956325191991164e-38
0
0
DERIV 5
-6.159566529337176246e-22
-3.558948289897200698e-38
0
0
DERIV 6
3.060688626970108462e-23
6.727278074397935845e-40
0
0
DERIV 7
-1.3215569656187627240e-24
8.456400460912206103e-41
0
0
DERIV 8
5.062583013727237237e-26
-2.2369942541508592186e-42
0
0
DERIV 9
-1.7481689517169802470e-27
8.957962027006019995e-45
0
0
DERIV 10
5.510355144061753745e-29
3.250235484781533131e-45
0
0
DERIV 11
-1.6017296546052366106e-30
2.477033499197213997e-47
0
0
DERIV 12
4.329908204462879257e-32
1.2435646612342967319e-48
0
0
DERIV 13
-1.0963145460248561237e-33
-2.568982452003856978e-50
0
0
DERIV 14
2.615743022062133474e-35
1.6733212092479670645e-51
0
0
DERIV 15
-5.912033922250664075e-37
3.709889694447557658e-53
0
0
DERIV 16
1.2715990764723755916e-38
-3.975651772720724265e-57
0
0
DERIV 17
-2.6132893007845319966e-40
-2.904506225782839385e-57
0
0
DERIV 18
5.149967782376831993e-42
-2.4368399570120094383e-58
0
0
DERIV 19
-9.763186673354383035e-44
3.265492453195724855e-60
0
0
DERIV 20
1.7856592165150684724e-45
-1.3287053596722926314e-61
0
0
DERIV 21
-3.159038235261040989e-47
2.1980269064037750099e-63
0
0
DERIV 22
5.418583488954158511e-49
-3.284248768081747011e-65
0
0
DERIV 23
-9.030790078083148592e-51
4.614875902963545900e-67
0
0
DERIV 24
1.4653104758696584009e-52
8.470578200519604682e-69
0
0
DERIV 25
-2.3188995573054112909e-54
9.865431996824439847e-71
0
0
DERIV 26
3.585126378300182413e-56
-3.936156118928379135e-73
0
0
DERIV 27
-5.423294510390879274e-58
2.1537373493253863000e-74
0
0
DERIV 28
8.038477163171912501e-60
2.918823825859865566e-76
0
0
DERIV 29
-1.1689786228942509249e-61
-2.210725827869646578e-78
0
0
DERIV 30
1.6699010758417865550e-63
3.602006616449175493e-80
0
0
DERIV 31
-2.345946319978402155e-65
1.7582756104951946783e-81
0
0
DERIV 32
3.244487595886017054e-67
-1.4484908415100451917e-83
0
0
DERIV 33
-4.421820680912468395e-69
-1.2200807687067667920e-85
0
0
DERIV 34
5.944023762913729736e-71
-3.795888476711460473e-87
0
0
DERIV 35
-7.887788436890758986e-73
4.316792404069642754e-89
0
0
AT 94
2.1972255484442662178e-17
1.4525583338840591107e-33
0
0
DERIV 1
-6.088161064977194964e-18
-2.661739725249713359e-34
0
0
DERIV 2
8.542585210174286882e-19
4.544327849594901936e-35
0
0
DERIV 3
-8.094508512574500648e-20
-1.8972930503063484953e-36
0
0
DERIV 4
5.827864872102540510e-21
-3.675295593416254023e-37
0
0
DERIV 5
-3.401276910337852736e-22
5.439373495777037037e-39
0
0
DERIV 6
1.6764218575726314022e-23
1.4232956746304290277e-39
0
0
DERIV 7
-7.178501788532942316e-25
2.688694615524243166e-41
0
0
DERIV 8
2.726550237900837727e-26
2.7906609090466916111e-42
0
0
DERIV 9
-9.333104121079008930e-28
-6.688066291010316430e-44
0
0
DERIV 10
2.915613408807238978e-29
3.2325906673293317570e-46
0
0
DERIV 11
-8.397536360343368998e-31
-4.532942287516047486e-47
0
0
DERIV 12
2.2488312571353743714e-32
3.1665013827713323971e-49
0
0
DERIV 13
-5.639370259246541422e-34
-2.974323594360212289e-50
0
0
DERIV 14
1.3323188881418179828e-35
-7.109508478437883740e-52
0
0
DERIV 15
-2.981033825740117785e-37
1.0651883858522813112e-53
0
0
DERIV 16
6.345928307424338333e-39
-2.4666101851772045419e-55
0
0
DERIV 17
-1.2904599413215470856e-40
-3.954310538389038884e-57
0
0
DERIV 18
2.5157639141182573948e-42
-1.0163350409795963418e-58
0
0
DERIV 19
-4.716945248829283832e-44
-3.268710115503653582e-60
0
0
DERIV 20
8.530346176779895375e-46
7.421392692056686589e-63
0
0
DERIV 21
-1.4918196779010824129e-47
3.927411897329244876e-64
0
0
DERIV 22
2.5289186460380008694e-49
-1.1042443741674563569e-66
0
0
DERIV 23
-4.164440198611642364e-51
-2.1736626640729983266e-67
0
0
DERIV 24
6.674773449892640639e-53
-1.3599345881324501226e-69
0
0
DERIV 25
-1.0431799000971089509e-54
-6.072391410979370193e-71
0
0
DERIV 26
1.5923807254924749936e-56
1.1078725516021010471e-72
0
0
DERIV 27
-2.3777495113680062213e-58
-1.7087152772908873330e-74
0
0
DERIV 28
3.478028585469600298e-60
-1.4884689217815447192e-76
0
0
DERIV 29
-4.990214454404139745e-62
-1.0436831243466356901e-78
0
0
DERIV 30
7.031605093049848922e-64
-3.974417876025918157e-80
0
0
DERIV 31
-9.741634448324762070e-66
8.590396593621653076e-82
0
0
DERIV 32
1.3283426639940218719e-67
-7.066922693346913832e-84
0
0
DERIV 33
-1.7845017973980058807e-69
-7.160243309532138190e-86
0
0
DERIV 34
2.3640213629466679970e-71
5.517918755149102751e-88
0
0
DERIV 35
-3.090906605777345126e-73
-1.3091187382585165555e-89
0
0
AT 96
1.2648756064895985920e-17
5.372071285468790453e-35
0
0
DERIV 1
-3.480263498833658352e-18
-3.395153623362603683e-35
0
0
DERIV 2
4.848324418002743199e-19
2.8840617025299083304e-36
0
0
DERIV 3
-4.560273787047312316e-20
-2.8714470566392782757e-36
0
0
DERIV 4
3.2585763247018204124e-21
2.352959571928928500e-38
0
0
DERIV 5
-1.8871069987670386075e-22
9.822810321050684418e-39
0
0
DERIV 6
9.227632962767583960e-24
-6.145827139605661922e-40
0
0
DERIV 7
-3.919294441378362244e-25
-4.466946165131781450e-42
0
0
DERIV 8
1.4762761026666122862e-26
-8.531692966260944064e-43
0
0
DERIV 9
-5.010389436174827480e-28
-2.557405011202402880e-44
0
0
DERIV 10
1.5515875575800673513e-29
-2.5967034146123213523e-46
0
0
DERIV 11
-4.429017389491876061e-31
7.663830724835246546e-48
0
0
DERIV 12
1.1752444760724999265e-32
-1.1229602268800905674e-50
0
0
DERIV 13
-2.919598687850502831e-34
-1.2033266029689274506e-50
0
0
DERIV 14
6.831656136790242568e-36
-3.2627706979348004395e-52
0
0
DERIV 15
-1.5136060722335054144e-37
-6.682606969985656573e-54
0
0
DERIV 16
3.189855911479263624e-39
-2.2570200901985762647e-55
0
0
DERIV 17
-6.420239367571954533e-41
-3.070014027929302538e-57
0
0
DERIV 18
1.2385323727775918158e-42
-5.107980845156098817e-59
0
0
DERIV 19
-2.297356457499777893e-44
2.0908767939967821649e-60
0
0
DERIV 20
4.109253942420891299e-46
7.247145956775746518e-63
0
0
DERIV 21
-7.106237066602792591e-48
3.239790035988734475e-64
0
0
DERIV 22
1.1909217229150772473e-49
-3.852494043656088228e-66
0
0
DERIV 23
-1.9383303571981325950e-51
8.368177217154008317e-68
0
0
DERIV 24
3.069928880305705949e-53
1.9947682844343452371e-69
0
0
DERIV 25
-4.739904251408725032e-55
-1.5973040021081292419e-72
0
0
DERIV 26
7.146182449535809719e-57
3.049178301220941168e-73
0
0
DERIV 27
-1.0536802137409248813e-58
-7.035605539189103570e-75
0
0
DERIV 28
1.5215657095806631031e-60
-5.735394636593440333e-77
0
0
DERIV 29
-2.154724092462983600e-62
9.762773511050402158e-80
0
0
DERIV 30
2.9960065699001477985e-64
-1.0346461350599695670e-80
0
0
DERIV 31
-4.094849213253691623e-66
-2.5950606777552888833e-82
0
0
DERIV 32
5.507279587359909861e-68
-1.9111892989554628165e-84
0
0
DERIV 33
-7.295739440412659892e-70
-4.847198078762147339e-86
0
0
DERIV 34
9.528726239749819914e-72
7.034529303195964851e-88
0
0
DERIV 35
-1.2280266146235863356e-73
2.188234545192364686e-90
0
0
AT 98
7.309379349567854384e-18
1.5884476266723717463e-34
0
0
DERIV 1
-1.9973788411400064467e-18
1.0039441158347277820e-34
0
0
DERIV 2
2.763005588058884012e-19
-7.672491063827986365e-37
0
0
DERIV 3
-2.5801632341407288242e-20
-6.809769765113100735e-37
0
0
DERIV 4
1.8300923768609270410e-21
-1.0236621941262360551e-37
0
0
DERIV 5
-1.0518442911203574232e-22
-9.834940496728849926e-40
0
0
DERIV 6
5.103573045219169634e-24
2.0546715885875422442e-40
0
0
DERIV 7
-2.150495972062550565e-25
-1.4093321748966835820e-41
0
0
DERIV 8
8.034540716716707754e-27
3.4887671374984335599e-43
0
0
DERIV 9
-2.704220531946730151e-28
6.211665930719788802e-45
0
0
DERIV 10
8.303037089748324444e-30
3.0554844761151179508e-46
0
0
DERIV 11
-2.349468303043656900e-31
-5.490337166708096112e-50
0
0
DERIV 12
6.178769478387045521e-33
5.276400287807772292e-49
0
0
DERIV 13
-1.5209580575445174238e-34
1.4918994795048344585e-51
0
0
DERIV 14
3.525720494977690144e-36
2.9036570104328984096e-52
0
0
DERIV 15
-7.736934158589858548e-38
-3.976461682708144602e-55
0
0
DERIV 16
1.6146060367208615969e-39
5.359070949060169224e-56
0
0
DERIV 17
-3.217292597576651327e-41
-3.620991850474888746e-58
0
0
DERIV 18
6.143191797934445283e-43
1.4270497831186721607e-59
0
0
DERIV 19
-1.1276265675967266380e-44
-8.974045987188451439e-61
0
0
DERIV 20
1.9955027964671726671e-46
9.558580930590834145e-63
0
0
DERIV 21
-3.413369365551874394e-48
4.023041945246453310e-65
0
0
DERIV 22
5.656952250924361885e-50
-2.885134330645188693e-66
0
0
DERIV 23
-9.102990226880122315e-52
4.477733550348097799e-68
0
0
DERIV 24
1.4250917099959247474e-53
3.706454129605966225e-70
0
0
DERIV 25
-2.1744209443919686820e-55
1.4672594728045798919e-72
0
0
DERIV 26
3.238987575418929313e-57
7.847000178072243345e-74
0
0
DERIV 27
-4.717447659775341471e-59
-1.9811536372147949726e-76
0
0
DERIV 28
6.727512893921308867e-61
2.1249358538199867734e-77
0
0
DERIV 29
-9.406416260770060729e-63
2.983926306214838022e-79
0
0
DERIV 30
1.2910644469872613776e-64
-4.349101051977825789e-81
0
0
DERIV 31
-1.7414883425019191126e-66
6.355226686117618824e-83
0
0
DERIV 32
2.311017297473106710e-68
-8.657458640962143087e-86
0
0
DERIV 33
-3.020131767549118948e-70
-1.6360208354674605178e-86
0
0
DERIV 34
3.890364655494533401e-72
3.775476104023455478e-89
0
0
DERIV 35
-4.943925302167691600e-74
3.909837155556628325e-90
0
0
AT 100
4.239627448836367380e-18
-2.081933421846053690e-34
0
0
DERIV 1
-1.1507568041510908673e-18
9.370166162667085280e-35
0
0
DERIV 2
1.5809181289624203159e-19
1.4847673372266991038e-36
0
0
DERIV 3
-1.4659064205775364988e-20
9.698933663810675418e-37
0
0
DERIV 4
1.0322593244881191516e-21
-2.0241152810275725371e-38
0
0
DERIV 5
-5.889082691234272290e-23
-2.9125433266567197866e-39
0
0
DERIV 6
2.8357828803781789898e-24
-1.4810941063991124177e-40
0
0
DERIV 7
-1.1856600385871261442e-25
-8.865498922458001886e-42
0
0
DERIV 8
4.394651392770268819e-27
1.1634775374422319869e-44
0
0
DERIV 9
-1.4671168862544251481e-28
-6.313236157561735609e-45
0
0
DERIV 10
4.467193616190002237e-30
-3.0983678700561574679e-46
0
0
DERIV 11
-1.2533060216822665249e-31
-6.309510547473393043e-48
0
0
DERIV 12
3.267326057847987393e-33
2.3482026149237492703e-49
0
0
DERIV 13
-7.971179876675572323e-35
1.2533879493381590485e-51
0
0
DERIV 14
1.8309601265010073245e-36
1.3485548724087612814e-52
0
0
DERIV 15
-3.980477573259106006e-38
1.7965563358022856001e-54
0
0
DERIV 16
8.227667803194320630e-40
-5.338334831716173382e-56
0
0
DERIV 17
-1.6235001622921495181e-41
-2.9278431800701110366e-58
0
0
DERIV 18
3.0691233359504996208e-43
6.925502634519301983e-60
0
0
DERIV 19
-5.576352803578111597e-45
2.1404771755006339018e-61
0
0
DERIV 20
9.765794021150562365e-47
-2.853538169130046770e-63
0
0
DERIV 21
-1.6527756836054769213e-48
7.898613374841733168e-65
0
0
DERIV 22
2.709526120069505371e-50
-1.5034718982791423816e-66
0
0
DERIV 23
-4.312009265877608192e-52
7.888353502063593703e-69
0
0
DERIV 24
6.674637748670871988e-54
7.714190400947481607e-71
0
0
DERIV 25
-1.0067516178153296447e-55
-3.763210853554011722e-72
0
0
DERIV 26
1.4821308864292283441e-57
9.509581622051723087e-74
0
0
DERIV 27
-2.132985891841407570e-59
-1.9435338604115060389e-75
0
0
DERIV 28
3.0050005522077721709e-61
-8.271192548282176702e-78
0
0
DERIV 29
-4.149821611031272059e-63
-1.8329729999744790602e-79
0
0
DERIV 30
5.624386781003085175e-65
2.520075942503325474e-81
0
0
DERIV 31
-7.489925455278579756e-67
3.311201893474445517e-83
0
0
DERIV 32
9.810663723887695831e-69
-5.754891205855308503e-85
0
0
DERIV 33
-1.2652286976327472068e-70
3.839428018298125569e-87
0
0
DERIV 34
1.6080230353432194446e-72
6.262111669794535120e-90
0
0
DERIV 35
-2.0157878368829494918e-74
-1.8734166994009968027e-90
0
0
AT 102
2.4680075891042760086e-18
-5.907200072507610760e-35
0
0
DERIV 1
-6.654817544256337994e-19
3.900911788351055529e-35
0
0
DERIV 2
9.080854414234561792e-20
-2.8733967219198031890e-36
0
0
DERIV 3
-8.362144226296148890e-21
-1.3916484938936925548e-38
0
0
DERIV 4
5.846851468818714374e-22
1.1837291117228510504e-38
0
0
DERIV 5
-3.311531921118277639e-23
-1.7581881953643009824e-39
0
0
DERIV 6
1.5828034305136372119e-24
4.785853921968386633e-41
0
0
DERIV 7
-6.567650832590049042e-26
8.147576032536781734e-43
0
0
DERIV 8
2.4154154563635760286e-27
5.909665407612038419e-44
0
0
DERIV 9
-7.999629862904210080e-29
-5.470679252220896310e-46
0
0
DERIV 10
2.4159978848329144263e-30
-8.002494391913177089e-47
0
0
DERIV 11
-6.721914437949904052e-32
3.131071259763481161e-48
0
0
DERIV 12
1.7374751639596934628e-33
1.1874080204771900211e-49
0
0
DERIV 13
-4.201980042355285507e-35
-2.5377931202020220734e-51
0
0
DERIV 14
9.565976942464314243e-37
-5.069719455867186137e-53
0
0
DERIV 15
-2.0607126598098267011e-38
-1.2970309914313081403e-54
0
0
DERIV 16
4.219904092131028853e-40
9.287847596855101079e-57
0
0
DERIV 17
-8.247695265426838728e-42
8.950505482542123573e-59
0
0
DERIV 18
1.5440420149168217049e-43
-8.236073662622687783e-60
0
0
DERIV 19
-2.7775947756023937061e-45
-1.0546961852741628488e-61
0
0
DERIV 20
4.815139314508372618e-47
-7.223256790293968658e-64
0
0
DERIV 21
-8.065033435191764425e-49
4.276518483572920242e-65
0
0
DERIV 22
1.3082312236616022204e-50
8.215973059202448852e-67
0
0
DERIV 23
-2.0595743663324523646e-52
8.957323399400809323e-69
0
0
DERIV 24
3.153114320668028503e-54
-1.7634843382856749418e-70
0
0
DERIV 25
-4.702796525179974988e-56
-4.086965791587763781e-72
0
0
DERIV 26
6.844630297212210799e-58
-4.408519020858792592e-74
0
0
DERIV 27
-9.736189528130215522e-60
1.7869557378503200863e-76
0
0
DERIV 28
1.3554752616126402895e-61
5.772120252729276046e-78
0
0
DERIV 29
-1.8494022860819388375e-63
5.859463820855693860e-81
0
0
DERIV 30
2.475948574995145851e-65
1.5986492055084081203e-81
0
0
DERIV 31
-3.256257416715026226e-67
6.070612910522652867e-84
0
0
DERIV 32
4.211391380982105383e-69
4.370688990357666880e-86
0
0
DERIV 33
-5.361599847139103716e-71
-3.916219215527111944e-87
0
0
DERIV 34
6.725569120290958743e-73
4.080604254734086934e-89
0
0
DERIV 35
-8.319695967773013674e-75
2.464957803269276991e-91
0
0
AT 104
1.4417698477052173683e-18
3.491376178237678949e-35
0
0
DERIV 1
-3.862558334982756313e-19
3.847909906646655405e-36
0
0
DERIV 2
5.235862083457826618e-20
2.0937965311044860699e-36
0
0
DERIV 3
-4.788873296601909393e-21
1.900286503393853955e-37
0
0
DERIV 4
3.325232958957428514e-22
3.236950966050318961e-39
0
0
DERIV 5
-1.8700012872019756319e-23
1.8547349696298278755e-41
0
0
DERIV 6
8.873195210709453459e-25
7.963039277304557163e-41
0
0
DERIV 7
-3.654507875238678916e-26
-2.1889111546984669291e-42
0
0
DERIV 8
1.3338308605094145553e-27
5.151693732266737610e-44
0
0
DERIV 9
-4.383205012709060952e-29
2.1730417194651762668e-46
0
0
DERIV 10
1.3132668052614553272e-30
-1.6565636669304775076e-47
0
0
DERIV 11
-3.624133482207272858e-32
1.1549632748556621394e-48
0
0
DERIV 12
9.289741299421709094e-34
-2.685454221986870273e-50
0
0
DERIV 13
-2.2275663703598163760e-35
-2.5530699229492031425e-52
0
0
DERIV 14
5.027063613750405581e-37
2.495326991927068895e-53
0
0
DERIV 15
-1.0733134371998055232e-38
2.0002305700932974631e-55
0
0
DERIV 16
2.1779630969800426926e-40
-5.793854900035337828e-57
0
0
DERIV 17
-4.217287513345815805e-42
1.1223525947532168610e-58
0
0
DERIV 18
7.820336853097721049e-44
2.216163145807712251e-62
0
0
DERIV 19
-1.3931996746813922792e-45
-7.613947930501933038e-62
0
0
DERIV 20
2.391350683764940623e-47
1.5619519566142497694e-63
0
0
DERIV 21
-3.964987666639955257e-49
2.586208850276766175e-65
0
0
DERIV 22
6.365498032530330847e-51
1.8670428185529520484e-67
0
0
DERIV 23
-9.916268114757352736e-53
7.344689501848084394e-69
0
0
DERIV 24
1.5019101707892940589e-54
-2.2782991051454890394e-71
0
0
DERIV 25
-2.215666638336227503e-56
-1.4082056829246145393e-72
0
0
DERIV 26
3.188987661585082996e-58
-2.7377143147721168443e-74
0
0
DERIV 27
-4.484947014932252494e-60
-1.3337545007056894215e-76
0
0
DERIV 28
6.172150688147092511e-62
3.633074554954491527e-78
0
0
DERIV 29
-8.322706284216108367e-64
1.7740013863799285828e-80
0
0
DERIV 30
1.1009693948804096890e-65
-9.434686542980424522e-82
0
0
DERIV 31
-1.4304269419414349974e-67
7.613922935360057766e-84
0
0
DERIV 32
1.8272566509188329834e-69
7.473257458153312078e-86
0
0
DERIV 33
-2.2972587349925320136e-71
8.867835318580910432e-88
0
0
DERIV 34
2.845127230619695981e-73
-2.6388639068534033638e-89
0
0
DERIV 35
-3.474192813541887511e-75
1.1435369767481122086e-91
0
0
AT 106
8.451560809687435397e-19
-2.901730570818626788e-35
0
0
DERIV 1
-2.249878209363579588e-19
1.3383106126864923482e-35
0
0
DERIV 2
3.030053993333507639e-20
1.5975346433950916787e-36
0
0
DERIV 3
-2.7530082418304356678e-21
-1.4562023464997070939e-37
0
0
DERIV 4
1.8986310565042497446e-22
-5.694316059196379239e-39
0
0
DERIV 5
-1.0603168501585763314e-23
-2.655463312688792962e-41
0
0
DERIV 6
4.995495254550104724e-25
-4.047071747170972115e-41
0
0
DERIV 7
-2.0424916447398989858e-26
5.357659971083537162e-43
0
0
DERIV 8
7.399319392384341878e-28
-1.1715446835261973358e-45
0
0
DERIV 9
-2.4130584963527386884e-29
9.713787809699297541e-46
0
0
DERIV 10
7.173617640695722347e-31
-2.5619677780170767524e-49
0
0
DERIV 11
-1.9639097649830588097e-32
3.0357778179069218295e-49
0
0
DERIV 12
4.993151611054060394e-34
3.838076321103424599e-50
0
0
DERIV 13
-1.1873428453974766913e-35
5.978229523962995632e-52
0
0
DERIV 14
2.656768494950495087e-37
-1.4352187666605417747e-53
0
0
DERIV 15
-5.623131343272165230e-39
-2.9316138483016161042e-55
0
0
DERIV 16
1.1309204587031025797e-40
-6.209945135000840129e-57
0
0
DERIV 17
-2.1700080099038473916e-42
5.773482180783159845e-59
0
0
DERIV 18
3.986723383286678981e-44
-8.935200454147618866e-61
0
0
DERIV 19
-7.035286363741287306e-46
1.8135555981817035899e-62
0
0
DERIV 20
1.1959255082928985780e-47
-1.1415535617328915869e-63
0
0
DERIV 21
-1.9634024845661424132e-49
8.904277655260878240e-66
0
0
DERIV 22
3.120472269647775142e-51
9.432429781591929660e-68
0
0
DERIV 23
-4.811385754235844566e-53
4.263694637540651560e-69
0
0
DERIV 24
7.211294334920907254e-55
-3.1911641200068970248e-71
0
0
DERIV 25
-1.0525296572949914404e-56
5.970002004876817529e-73
0
0
DERIV 26
1.4985001556313234468e-58
-2.1524860195718017970e-75
0
0
DERIV 27
-2.0842453474628187407e-60
-1.3428263459693167299e-76
0
0
DERIV 28
2.836151582108069981e-62
3.620293749574457368e-79
0
0
DERIV 29
-3.780707676545406721e-64
-2.9849215378413738643e-80
0
0
DERIV 30
4.943267523437461827e-66
-4.964159088047153500e-82
0
0
DERIV 31
-6.346732961798523238e-68
-2.692836445306489679e-84
0
0
DERIV 32
8.010245586233482399e-70
1.2214755225192175533e-86
0
0
DERIV 33
-9.947977840350052666e-72
6.927992533039073826e-89
0
0
DERIV 34
1.2168106733708113166e-73
-3.500174496831651213e-90
0
0
DERIV 35
-1.4672039043846092624e-75
-3.541510769675338546e-92
0
0
AT 108
4.970865757374309713e-19
4.313996451089629691e-36
0
0
DERIV 1
-1.3150692550119366902e-19
9.348512788281592242e-36
0
0
DERIV 2
1.7598340387305898785e-20
-1.0243940788192098259e-36
0
0
DERIV 3
-1.5885336917430150429e-21
1.4567270105125011078e-39
0
0
DERIV 4
1.0882571578059549675e-22
-1.0703048964265928729e-38
0
0
DERIV 5
-6.036173849184140738e-24
-1.5950778002923942634e-40
0
0
DERIV 6
2.824044206343180112e-25
-5.475931191110165868e-42
0
0
DERIV 7
-1.1464378071267136841e-26
-4.143898316662449989e-43
0
0
DERIV 8
4.122952759129078403e-28
1.8628456020507114861e-44
0
0
DERIV 9
-1.3345616354837152026e-29
-6.084759715187959297e-46
0
0
DERIV 10
3.937221085766521857e-31
6.082914054884853930e-48
0
0
DERIV 11
-1.0694963147894724858e-32
-1.0538650445475363427e-49
0
0
DERIV 12
2.697509271349502043e-34
1.1240620353931766895e-50
0
0
DERIV 13
-6.362355193782116845e-36
2.9244064689487368862e-52
0
0
DERIV 14
1.4117934819965731408e-37
9.014536690545160428e-54
0
0
DERIV 15
-2.962732980973713321e-39
-7.475654189543571681e-56
0
0
DERIV 16
5.906951430673211784e-41
-1.1967187168704565388e-57
0
0
DERIV 17
-1.1233863196794440866e-42
-5.402260475912457484e-59
0
0
DERIV 18
2.0452151463765521290e-44
1.0015561146204662857e-60
0
0
DERIV 19
-3.575837386894540497e-46
-1.4371624071814587465e-62
0
0
DERIV 20
6.021304600838162602e-48
3.020277421717891523e-65
0
0
DERIV 21
-9.790462515731757502e-50
8.217987226347430789e-68
0
0
DERIV 22
1.5407711326563007608e-51
1.0254055247309316587e-67
0
0
DERIV 23
-2.351950381202270803e-53
-2.8547990075701488853e-70
0
0
DERIV 24
3.489212526457753701e-55
-3.0052242949936870177e-71
0
0
DERIV 25
-5.039886264696300001e-57
5.208567504018881324e-74
0
0
DERIV 26
7.099558988347111179e-59
4.006539954929383697e-75
0
0
DERIV 27
-9.768496575382273980e-61
-5.359458179805305631e-77
0
0
DERIV 28
1.3147070576310845639e-62
6.134460585654223372e-79
0
0
DERIV 29
-1.7330457420694015946e-64
1.2149743686383191245e-80
0
0
DERIV 30
2.2402968262503217305e-66
-1.2992342818796903069e-82
0
0
DERIV 31
-2.843242494366762277e-68
-5.497653051119028732e-85
0
0
DERIV 32
3.546501034019709889e-70
2.1483979683069985282e-86
0
0
DERIV 33
-4.352098955594830145e-72
-2.4686695961694114567e-88
0
0
DERIV 34
5.259162751772105980e-74
1.7255203234158122590e-90
0
0
DERIV 35
-6.263752858357341462e-76
4.399061185718718334e-92
0
0
AT 110
2.933225761791244414e-19
8.869399759287781037e-36
0
0
DERIV 1
-7.712696030469836789e-20
-1.9735823985566309851e-36
0
0
DERIV 2
1.0256816094843198244e-20
-1.5548442928329689301e-38
0
0
DERIV 3
-9.199375523453564210e-22
-8.952288448326654168e-38
0
0
DERIV 4
6.261104971118978314e-23
-3.654822004305595791e-39
0
0
DERIV 5
-3.449640905952913101e-24
-3.1108126870592185892e-40
0
0
DERIV 6
1.6029139220961712644e-25
1.8967215119140659072e-42
0
0
DERIV 7
-6.461723301031260726e-27
-2.3630960939143148518e-43
0
0
DERIV 8
2.307260845174703655e-28
-3.296754123683289772e-45
0
0
DERIV 9
-7.413914313673929509e-30
2.4080759056629650823e-46
0
0
DERIV 10
2.170942076608422527e-31
-1.5564869147675619585e-47
0
0
DERIV 11
-5.852143959965316471e-33
2.5010673221646288879e-49
0
0
DERIV 12
1.4645445580791809229e-34
-4.266838288785120628e-51
0
0
DERIV 13
-3.426786846550018437e-36
-3.0707893596918774988e-52
0
0
DERIV 14
7.542138235378066897e-38
-1.5931508379664830759e-54
0
0
DERIV 15
-1.5696167241587785415e-39
-1.3004890051527209135e-55
0
0
DERIV 16
3.102880644514839258e-41
2.3898474213568592811e-57
0
0
DERIV 17
-5.849965862524410835e-43
3.582328543622774603e-60
0
0
DERIV 18
1.0556184253728797108e-44
-8.865345344724847063e-62
0
0
DERIV 19
-1.8289846354910402136e-46
-9.735167989379110096e-63
0
0
DERIV 20
3.051456823648546499e-48
2.5148108783074088088e-64
0
0
DERIV 21
-4.915001910936443779e-50
2.1841943136964901124e-66
0
0
DERIV 22
7.660931597962113982e-52
5.528829474338655987e-68
0
0
DERIV 23
-1.1580128915045375014e-53
1.3436344203619063610e-71
0
0
DERIV 24
1.7008775998698497029e-55
-1.2717846872254185676e-71
0
0
DERIV 25
-2.4318975760126375803e-57
-5.361171413802130491e-74
0
0
DERIV 26
3.390418585353888945e-59
-1.3805519481566864001e-75
0
0
DERIV 27
-4.615998653685453429e-61
-3.2052517642640177808e-77
0
0
DERIV 28
6.146129747443281697e-63
-2.3301307376870301604e-79
0
0
DERIV 29
-8.013765409094641813e-65
-7.282600764147983478e-81
0
0
DERIV 30
1.0244847865908526758e-66
-5.666120133923738489e-83
0
0
DERIV 31
-1.2856038918857241000e-68
7.972917843458106798e-85
0
0
DERIV 32
1.5852846835838521582e-70
3.048308376087174641e-87
0
0
DERIV 33
-1.9228308651411754494e-72
-9.511396810007126070e-89
0
0
DERIV 34
2.2962338567636192421e-74
1.5460583309458723245e-91
0
0
DERIV 35
-2.7021795136747184406e-76
4.799635935389998490e-93
0
0
AT 112
1.7363729484609084775e-19
7.473334373390171291e-36
0
0
DERIV 1
-4.538326290904179503e-20
1.3279841564610950025e-37
0
0
DERIV 2
5.998394000767982122e-21
-3.493654200103323076e-38
0
0
DERIV 3
-5.346300263299370295e-22
1.3686501307086238573e-38
0
0
DERIV 4
3.615404990105760237e-23
-4.397884200049279472e-40
0
0
DERIV 5
-1.9789187199366129062e-24
1.3170262260486746521e-40
0
0
DERIV 6
9.133731772729188893e-26
4.941660068185845822e-42
0
0
DERIV 7
-3.656832375051402357e-27
-1.9129952057836448389e-43
0
0
DERIV 8
1.2965984264419054805e-28
7.627221606974773804e-45
0
0
DERIV 9
-4.136573373212628851e-30
-2.1534378886123276405e-46
0
0
DERIV 10
1.2024220006291269115e-31
3.0494037499371503354e-49
0
0
DERIV 11
-3.217134445701121595e-33
-2.6144428784764227034e-49
0
0
DERIV 12
7.989714986942973482e-35
1.2114773735939714089e-51
0
0
DERIV 13
-1.8548902229865829576e-36
-4.080694317535545611e-53
0
0
DERIV 14
4.049999750144364361e-38
1.2616758695451471096e-54
0
0
DERIV 15
-8.360063246574932531e-40
3.995386855570774224e-57
0
0
DERIV 16
1.6389346940014340043e-41
-7.853677753312204789e-58
0
0
DERIV 17
-3.0637614668010092202e-43
1.3673224770043676873e-59
0
0
DERIV 18
5.480716108752745930e-45
-1.5504759521771537081e-61
0
0
DERIV 19
-9.412222203449871916e-47
-1.2599282646829592138e-64
0
0
DERIV 20
1.5561934683121553672e-48
-6.671999556497180181e-65
0
0
DERIV 21
-2.483569309291001367e-50
1.1133801834001880407e-66
0
0
DERIV 22
3.834881977132049724e-52
-1.7189289941824361880e-68
0
0
DERIV 23
-5.741467551657176429e-54
4.022912685861633778e-70
0
0
DERIV 24
8.351081881327912334e-56
8.619481356319878553e-73
0
0
DERIV 25
-1.1822138658642609333e-57
1.7693672176318677271e-74
0
0
DERIV 26
1.6315713582737929799e-59
-9.756115790279984732e-76
0
0
DERIV 27
-2.1985754138484411265e-61
-2.0087522295791935248e-78
0
0
DERIV 28
2.896819753821396164e-63
-1.9662402430121866052e-80
0
0
DERIV 29
-3.736988817720884505e-65
-1.3156003915073367171e-81
0
0
DERIV 30
4.725827103736762857e-67
2.8043279707939656208e-83
0
0
DERIV 31
-5.865280632703879037e-69
-1.6888476010373998349e-85
0
0
DERIV 32
7.151890901223356156e-71
-1.8493500158575415378e-87
0
0
DERIV 33
-8.576498652345274776e-73
-1.9445928690441526596e-90
0
0
DERIV 34
1.0124286169719676636e-74
1.9034360612618040786e-91
0
0
DERIV 35
-1.1775156374925149593e-76
5.881889568722760509e-93
0
0
AT 114
1.0310785292545535472e-19
5.065192634542827705e-36
0
0
DERIV 1
-2.6790608796305270347e-20
-6.084217704545635831e-37
0
0
DERIV 2
3.519675696538751186e-21
1.1402568073292883938e-37
0
0
DERIV 3
-3.117763994795149441e-22
-5.705294977383628239e-40
0
0
DERIV 4
2.0951218708466638071e-23
-1.8861189878904712557e-40
0
0
DERIV 5
-1.1394145126582311628e-24
-5.984509458754437427e-41
0
0
DERIV 6
5.224458771722867863e-26
4.649222161907517853e-42
0
0
DERIV 7
-2.0776577098795980216e-27
-6.761782864112896186e-44
0
0
DERIV 8
7.316203968792087083e-29
3.335462903735175084e-45
0
0
DERIV 9
-2.3177508874986485942e-30
7.666324417140091503e-47
0
0
DERIV 10
6.689010637132575213e-32
-1.2812511893519096398e-49
0
0
DERIV 11
-1.7765821862184618067e-33
-7.033791335304986889e-50
0
0
DERIV 12
4.379148179052103583e-35
-2.4696086323484786240e-51
0
0
DERIV 13
-1.0089019972114262267e-36
-1.4139801182023574360e-54
0
0
DERIV 14
2.1856841266695239236e-38
-9.272550845014756369e-55
0
0
DERIV 15
-4.475812930340049115e-40
2.567275647876542678e-56
0
0
DERIV 16
8.703250302691172891e-42
-1.1449727925730969607e-58
0
0
DERIV 17
-1.6134628401934704674e-43
-5.040719086518508913e-61
0
0
DERIV 18
2.861880830252063965e-45
2.3539686679073188807e-61
0
0
DERIV 19
-4.872389797819175628e-47
-3.505828435776253619e-64
0
0
DERIV 20
7.984981071001879537e-49
-1.3450085704300271947e-65
0
0
DERIV 21
-1.2629070476374582637e-50
-1.4169769520880217549e-68
0
0
DERIV 22
1.9322167915805614475e-52
-1.2446830217463283794e-68
0
0
DERIV 23
-2.865887499869433353e-54
-1.7453981422880640068e-70
0
0
DERIV 24
4.128903494418997105e-56
-2.623209359480699681e-72
0
0
DERIV 25
-5.788513513650827245e-58
2.4410973783665894822e-74
0
0
DERIV 26
7.910050865607320090e-60
-6.267447168078792101e-77
0
0
DERIV 27
-1.0552126578422497126e-61
6.337590652498142867e-78
0
0
DERIV 28
1.3761597931009145289e-63
-9.000940301408778600e-80
0
0
DERIV 29
-1.7568776438218192592e-65
-3.923275533438947000e-82
0
0
DERIV 30
2.1983343151981201938e-67
-1.7197112080035615604e-84
0
0
DERIV 31
-2.699138439541884108e-69
-1.3814070794079655014e-86
0
0
DERIV 32
3.2553856389022990474e-71
-1.6017758163096790587e-87
0
0
DERIV 33
-3.860664836809465268e-73
2.0908588699081905476e-89
0
0
DERIV 34
4.506226031510517658e-75
-1.9313498951862288850e-91
0
0
DERIV 35
-5.181296329521540305e-77
3.283193199717501655e-93
0
0
AT 116
6.141298047934332952e-20
-1.8670200320413740401e-36
0
0
DERIV 1
-1.5864766894737070779e-20
-1.4894344430790963701e-36
0
0
DERIV 2
2.0719570522540160777e-21
7.804938815996627331e-38
0
0
DERIV 3
-1.8242798141263604328e-22
-2.1554190791993437933e-39
0
0
DERIV 4
1.2183430160354086783e-23
-1.8741129543722580579e-40
0
0
DERIV 5
-6.584076997529855093e-25
-4.088132042659580501e-41
0
0
DERIV 6
2.999486916706256536e-26
1.7981392111800918830e-42
0
0
DERIV 7
-1.1849790926012955323e-27
3.700689090691027484e-44
0
0
DERIV 8
4.144679112380689439e-29
1.2694484582056591685e-45
0
0
DERIV 9
-1.3039969973771454765e-30
-7.328405362854063441e-47
0
0
DERIV 10
3.736901886604198898e-32
-1.1064214920247659220e-48
0
0
DERIV 11
-9.853926117128857921e-34
2.505497334689840720e-50
0
0
DERIV 12
2.411132358698057400e-35
-3.1087921165638725851e-52
0
0
DERIV 13
-5.513407261292287742e-37
-2.949539077668556151e-53
0
0
DERIV 14
1.1853034067274882812e-38
-2.2282622570671741043e-55
0
0
DERIV 15
-2.4083278317902462791e-40
-1.3222784030037280645e-57
0
0
DERIV 16
4.645755939051698601e-42
-7.578085097371901482e-59
0
0
DERIV 17
-8.542678650087871404e-44
-4.411610876786133559e-60
0
0
DERIV 18
1.5027097088578175441e-45
-4.148219539723120645e-62
0
0
DERIV 19
-2.536773273724209745e-47
9.371902464736386110e-64
0
0
DERIV 20
4.121513104106419584e-49
3.477700170521269300e-65
0
0
DERIV 21
-6.461360166451117039e-51
-1.8937884661335481193e-67
0
0
DERIV 22
9.797254335784593250e-53
-6.104970161392109612e-69
0
0
DERIV 23
-1.4398906362395953815e-54
-5.141463673585537567e-71
0
0
DERIV 24
2.055192779712516729e-56
-5.965236335806433811e-73
0
0
DERIV 25
-2.8540252500499310161e-58
-7.514490398047385058e-75
0
0
DERIV 26
3.862498691728056635e-60
1.9395251766610727814e-76
0
0
DERIV 27
-5.102144578781376507e-62
2.990139599076803494e-78
0
0
DERIV 28
6.587654548445166865e-64
-5.050519928376126532e-80
0
0
DERIV 29
-8.324886381694123540e-66
2.5467927688011141118e-82
0
0
DERIV 30
1.0309350700336374071e-67
-4.526810170751124029e-84
0
0
DERIV 31
-1.2525347740733318898e-69
-1.6660846283250214849e-86
0
0
DERIV 32
1.4945857944021773113e-71
7.216252798579466368e-88
0
0
DERIV 33
-1.7533213395283613229e-73
-1.6506724766311140571e-91
0
0
DERIV 34
2.0240500094795178688e-75
-7.398699503119701698e-92
0
0
DERIV 35
-2.3013573478708888148e-77
-2.594656675726937469e-94
0
0
AT 118
3.668749485713485214e-20
2.4166592376978993072e-36
0
0
DERIV 1
-9.423609551375510477e-21
5.375207133502858189e-37
0
0
DERIV 2
1.2235900024159834109e-21
-2.2956279669739505542e-38
0
0
DERIV 3
-1.0709346005522834953e-22
-6.230280931295913042e-39
0
0
DERIV 4
7.108877338776045852e-24
-6.022635810646474543e-40
0
0
DERIV 5
-3.817937272638283167e-25
1.0947840640442149631e-41
0
0
DERIV 6
1.7283221630760097734e-26
-5.600437129476344817e-43
0
0
DERIV 7
-6.783792543247016148e-28
3.788424377649593892e-44
0
0
DERIV 8
2.3570899581756492015e-29
3.4021028378857914597e-46
0
0
DERIV 9
-7.365858874355787289e-31
-1.9953757512454816327e-47
0
0
DERIV 10
2.0963182436585410241e-32
6.959362712899494357e-49
0
0
DERIV 11
-5.488955396092036599e-34
3.403101186712603608e-50
0
0
DERIV 12
1.3334340449674381520e-35
-1.1515159946604418061e-51
0
0
DERIV 13
-3.026738730497512166e-37
1.0803012325222646144e-53
0
0
DERIV 14
6.458358825229486182e-39
6.446286110786002601e-55
0
0
DERIV 15
-1.3022027031676204343e-40
-5.886350876729802076e-57
0
0
DERIV 16
2.4924216627087944573e-42
2.582486100885726021e-59
0
0
DERIV 17
-4.546659113536605462e-44
-9.471649322104453427e-61
0
0
DERIV 18
7.932991741003329425e-46
3.855982055711916631e-62
0
0
DERIV 19
-1.3281188057301081147e-47
2.7661343235552131884e-64
0
0
DERIV 20
2.1396096733010897673e-49
9.513533094022060965e-66
0
0
DERIV 21
-3.325471021116406414e-51
9.904773253581729941e-68
0
0
DERIV 22
4.998196189373759852e-53
-3.333008037130415013e-69
0
0
DERIV 23
-7.280247433966414855e-55
-4.373290805845488879e-71
0
0
DERIV 24
1.0296856846182132257e-56
4.719901230868247518e-74
0
0
DERIV 25
-1.4166839738799037941e-58
-5.083334092878703029e-75
0
0
DERIV 26
1.8992146942526860403e-60
7.187840575479818115e-77
0
0
DERIV 27
-2.484714494855879657e-62
-1.0250158928871484960e-78
0
0
DERIV 28
3.176874807610717779e-64
-1.1929326720731309470e-80
0
0
DERIV 29
-3.974850811973091054e-66
2.2539837735654016352e-82
0
0
DERIV 30
4.872759523744739780e-68
-2.707723982476104022e-84
0
0
DERIV 31
-5.859530644102176261e-70
-3.893242715492169711e-86
0
0
DERIV 32
6.919136174421147337e-72
-4.823977873954671359e-89
0
0
DERIV 33
-8.031184921350618104e-74
3.313749851531437125e-90
0
0
DERIV 34
9.171831422029451925e-76
-2.9984077545833686096e-92
0
0
DERIV 35
-1.0314920039027622862e-77
-3.645714312853359678e-94
0
0
AT 120
2.1980437692806448574e-20
1.0799245780225376839e-36
0
0
DERIV 1
-5.614393480099101013e-21
-2.801038072796731128e-37
0
0
DERIV 2
7.248299741249904597e-22
5.250577630216727632e-39
0
0
DERIV 3
-6.307018796369844803e-23
3.257506169427764013e-39
0
0
DERIV 4
4.161676811028675233e-24
-2.5997643747521088992e-40
0
0
DERIV 5
-2.221500435343073901e-25
-2.8135756880293689240e-42
0
0
DERIV 6
9.993915236815380850e-27
-2.2628935339081042630e-43
0
0
DERIV 7
-3.897794010944308189e-28
-1.5999386951010132638e-44
0
0
DERIV 8
1.3455468654375282009e-29
-3.565638864098893634e-46
0
0
DERIV 9
-4.176979858820415276e-31
-1.0493438598610483288e-48
0
0
DERIV 10
1.1807324560843953298e-32
2.9423313269551825220e-49
0
0
DERIV 11
-3.070275269615670522e-34
7.194906664785887009e-52
0
0
DERIV 12
7.406100072107366013e-36
2.3719242106669336544e-52
0
0
DERIV 13
-1.6690125498440074472e-37
-7.895222666284725102e-54
0
0
DERIV 14
3.535157979448765047e-39
-1.2087339720505527679e-55
0
0
DERIV 15
-7.074598267274270988e-41
4.398067901954623201e-57
0
0
DERIV 16
1.3437393329034352266e-42
-5.956342394965247778e-59
0
0
DERIV 17
-2.432144108935844901e-44
3.733671281695544300e-61
0
0
DERIV 18
4.209880122657499288e-46
-3.183739694565090785e-62
0
0
DERIV 19
-6.990967643637916071e-48
-1.950708313667919294e-65
0
0
DERIV 20
1.1169502801285563433e-49
4.959793641731783965e-66
0
0
DERIV 21
-1.7214015526152020048e-51
-7.276825779132477753e-68
0
0
DERIV 22
2.565089135032785950e-53
-8.816999130903579362e-70
0
0
DERIV 23
-3.703612239684046378e-55
-3.2287872794647610282e-71
0
0
DERIV 24
5.191633900449251066e-57
2.3923190595764745986e-73
0
0
DERIV 25
-7.078186394973394577e-59
1.4416882824238295774e-75
0
0
DERIV 26
9.401609448787275742e-61
6.383416920342184555e-77
0
0
DERIV 27
-1.2184654869505140060e-62
-8.362323541233934174e-79
0
0
DERIV 28
1.5430320198144574946e-64
8.996096023682658715e-82
0
0
DERIV 29
-1.9118921610270045951e-66
-3.1662742112520864969e-83
0
0
DERIV 30
2.320679047349488970e-68
-8.873314379044803339e-85
0
0
DERIV 31
-2.7626799147483857247e-70
3.212048631407710758e-87
0
0
DERIV 32
3.229071820173052404e-72
1.6542696949099638774e-88
0
0
DERIV 33
-3.709320970820897738e-74
-5.293016323269382600e-92
0
0
DERIV 34
4.191709664219109717e-76
-1.8372940634480827158e-92
0
0
DERIV 35
-4.663943604762706930e-78
9.083195673375386170e-96
0
0
AT 122
1.3206480114023337383e-20
-4.059306999741620244e-37
0
0
DERIV 1
-3.3547571009471692640e-21
-6.669678220760127197e-38
0
0
DERIV 2
4.306760095211688564e-22
1.7929579600799585223e-38
0
0
DERIV 3
-3.725998940859154778e-23
1.7563227175832399011e-39
0
0
DERIV 4
2.4442056266384691260e-24
-1.3318119587939290926e-40
0
0
DERIV 5
-1.2969172426247578069e-25
1.1221404259954015040e-41
0
0
DERIV 6
5.798860434301991636e-27
-2.6943120005538207001e-43
0
0
DERIV 7
-2.247556720695642845e-28
1.0852727347834419156e-44
0
0
DERIV 8
7.709354944537512484e-30
5.889700766780660509e-46
0
0
DERIV 9
-2.377665236609206394e-31
6.830895519871238549e-48
0
0
DERIV 10
6.676512542894112760e-33
-3.776219993570179807e-49
0
0
DERIV 11
-1.7243488200711423106e-34
-2.880687122056163149e-51
0
0
DERIV 12
4.130721668713778460e-36
2.4467086028906623252e-52
0
0
DERIV 13
-9.243204243933963834e-38
2.4930446701269724066e-54
0
0
DERIV 14
1.9437284102739455450e-39
8.864690091728799537e-56
0
0
DERIV 15
-3.861257658120372704e-41
1.6518008094765244686e-57
0
0
DERIV 16
7.279104704025619912e-43
3.148032765162280552e-59
0
0
DERIV 17
-1.3074442530531006911e-44
-1.1028263784779135960e-60
0
0
DERIV 18
2.2454785280603503605e-46
-3.017349494147768681e-63
0
0
DERIV 19
-3.699265863492471904e-48
-3.657548200013779338e-65
0
0
DERIV 20
5.862521057032124723e-50
-1.3107461014676192325e-66
0
0
DERIV 21
-8.960615944880535718e-52
-2.690332840811791857e-68
0
0
DERIV 22
1.3240232347495380957e-53
9.453911701529078582e-70
0
0
DERIV 23
-1.8953445104957736251e-55
1.3531201203084151682e-71
0
0
DERIV 24
2.633710162517010743e-57
-2.1989302200184438749e-73
0
0
DERIV 25
-3.558924264570368998e-59
1.8066388121973943745e-75
0
0
DERIV 26
4.684499769847035553e-61
5.844721137012730050e-79
0
0
DERIV 27
-6.015474499572861390e-63
-1.4300847510742876274e-79
0
0
DERIV 28
7.546726893453100033e-65
5.241341324964101282e-82
0
0
DERIV 29
-9.262017848024373943e-67
-5.030980695675322371e-83
0
0
DERIV 30
1.1133904270106174189e-68
-1.3054745493939460394e-85
0
0
DERIV 31
-1.3124568968673170446e-70
7.067797766316483130e-87
0
0
DERIV 32
1.5187506367510272560e-72
-1.1915293320723867248e-88
0
0
DERIV 33
-1.7269909930607287133e-74
9.672077398848289346e-91
0
0
DERIV 34
1.9315537602745409943e-76
-1.2191342669041913054e-92
0
0
DERIV 35
-2.1267793431549068798e-78
5.400464480842432311e-95
0
0
AT 124
7.956891406494728270e-21
6.816329596104755194e-37
0
0
DERIV 1
-2.0103136240882215447e-21
-9.245767097009717160e-38
0
0
DERIV 2
2.566551527192222180e-22
-7.981471196559325072e-39
0
0
DERIV 3
-2.2079426234446104473e-23
-6.225528228740556869e-40
0
0
DERIV 4
1.4400471649831304778e-24
7.105036593571275076e-41
0
0
DERIV 5
-7.596129077659100517e-26
-5.688153059412978374e-42
0
0
DERIV 6
3.376058852891094902e-27
-6.873274013525504204e-44
0
0
DERIV 7
-1.3005004446620297360e-28
4.271056759161367414e-45
0
0
DERIV 8
4.432968336181479844e-30
-1.5090251764317280074e-46
0
0
DERIV 9
-1.3584615485095574404e-31
7.576180677696077015e-48
0
0
DERIV 10
3.789734253209637614e-33
-3.649177491915027869e-50
0
0
DERIV 11
-9.722728427389022942e-35
-1.0265302158749632255e-50
0
0
DERIV 12
2.3133084213293668261e-36
-1.5586953934271560125e-52
0
0
DERIV 13
-5.140608473470522203e-38
1.9042329930646153528e-54
0
0
DERIV 14
1.0733736528534084433e-39
-3.519628145169657426e-56
0
0
DERIV 15
-2.1169262983900206170e-41
4.691610685887705537e-58
0
0
DERIV 16
3.961448796132801399e-43
1.8039843626393227197e-59
0
0
DERIV 17
-7.062122217573184185e-45
-8.306690128815267354e-62
0
0
DERIV 18
1.2036303806049525569e-46
-3.914500475562051481e-63
0
0
DERIV 19
-1.9674676853663246900e-48
5.688470105278290425e-65
0
0
DERIV 20
3.093281398116093978e-50
3.445684259442559218e-67
0
0
DERIV 21
-4.689758600785961849e-52
5.655681358191353744e-69
0
0
DERIV 22
6.872584655942655161e-54
5.185551976292338587e-70
0
0
DERIV 23
-9.755699979226056213e-56
3.989474765804147007e-72
0
0
DERIV 24
1.3440569628468039394e-57
6.557703909832647592e-74
0
0
DERIV 25
-1.8004509415724834371e-59
9.169862661091900140e-76
0
0
DERIV 26
2.3489399047299353804e-61
9.322098761520039169e-78
0
0
DERIV 27
-2.989220324822972515e-63
-1.6856349242697992888e-79
0
0
DERIV 28
3.715859074472809961e-65
-3.601465074504288015e-82
0
0
DERIV 29
-4.518060687754828185e-67
-2.8570392051918391016e-83
0
0
DERIV 30
5.379887516991539384e-69
-4.845074215054137006e-86
0
0
DERIV 31
-6.280925746144244362e-71
-1.7700435301213481686e-88
0
0
DERIV 32
7.197337898687374412e-73
5.989914432736490823e-89
0
0
DERIV 33
-8.103200121999085550e-75
4.189688823653409838e-91
0
0
DERIV 34
8.971995515044553555e-77
1.1936368452949794747e-93
0
0
DERIV 35
-9.778125465425202149e-79
-2.2537816130215909470e-95
0
0
AT 126
4.807059842992678940e-21
-3.528087198552662805e-38
0
0
DERIV 1
-1.2080473363949795689e-21
-2.683542190329407625e-38
0
0
DERIV 2
1.5339304347333460776e-22
-1.6217835698381410469e-39
0
0
DERIV 3
-1.3122891234037070880e-23
-5.047761094344706810e-40
0
0
DERIV 4
8.510480712957684807e-25
-4.253084001992009491e-42
0
0
DERIV 5
-4.463278009435408348e-26
-1.8876882882009853630e-42
0
0
DERIV 6
1.9719844494459306371e-27
-7.914766765685177825e-44
0
0
DERIV 7
-7.550619085443788441e-29
-3.974285978559682155e-45
0
0
DERIV 8
2.5579440732243602089e-30
1.0572978089453316995e-46
0
0
DERIV 9
-7.789561249048579924e-32
-2.6648286972578565889e-48
0
0
DERIV 10
2.1591738812102689159e-33
3.010607079606561314e-50
0
0
DERIV 11
-5.503302060469006278e-35
-3.429580562391092830e-52
0
0
DERIV 12
1.3006706808930416470e-36
-8.118770624974816648e-53
0
0
DERIV 13
-2.870704106577327395e-38
-2.0640724081449075902e-55
0
0
DERIV 14
5.952585255120489779e-40
3.467645895970439903e-56
0
0
DERIV 15
-1.1656849331785542041e-41
-9.998133057902610807e-58
0
0
DERIV 16
2.1656561594623027760e-43
-1.2902137363632029612e-59
0
0
DERIV 17
-3.832386532116649020e-45
-9.700796317857843685e-62
0
0
DERIV 18
6.482817987366224530e-47
-2.3305258674018772911e-63
0
0
DERIV 19
-1.0516042606451471271e-48
5.824798437440161975e-65
0
0
DERIV 20
1.6404957872418108983e-50
6.306785239692416894e-67
0
0
DERIV 21
-2.4674797667400967694e-52
1.2550075240290436059e-68
0
0
DERIV 22
3.586796129107379523e-54
-1.8707427106954506872e-70
0
0
DERIV 23
-5.049684346379800100e-56
-8.690126663174503121e-73
0
0
DERIV 24
6.898872359640783750e-58
-3.624590869270141543e-74
0
0
DERIV 25
-9.162871294004311930e-60
1.8507825532585412778e-76
0
0
DERIV 26
1.1850785183214187867e-61
8.215823078409108787e-78
0
0
DERIV 27
-1.4948342894227206329e-63
-9.219973993338579319e-80
0
0
DERIV 28
1.8415742048371724213e-65
4.687638076362933347e-82
0
0
DERIV 29
-2.2187681194329597232e-67
5.457444766308997537e-84
0
0
DERIV 30
2.617568410088167878e-69
-1.3244964141451752990e-85
0
0
DERIV 31
-3.0272535351821814713e-71
1.6479895358380238678e-87
0
0
DERIV 32
3.435839520935794708e-73
-1.0142735762421159462e-89
0
0
DERIV 33
-3.830798023184536218e-75
2.7802607487069630873e-92
0
0
DERIV 34
4.199810550867027216e-77
-1.2917391268931747825e-93
0
0
DERIV 35
-4.531488875855765054e-79
-2.2220294740711964488e-95
0
0
AT 128
2.9118598936683269673e-21
-1.5909797382563766096e-37
0
0
DERIV 1
-7.279396968665584924e-22
5.996857897839743508e-40
0
0
DERIV 2
9.193701178055626202e-23
-4.892777567249112136e-39
0
0
DERIV 3
-7.822387774606466743e-24
4.270592484189759240e-40
0
0
DERIV 4
5.044752757253888664e-25
-5.885099631776867032e-42
0
0
DERIV 5
-2.630665800614928592e-26
3.4512747768266855935e-43
0
0
DERIV 6
1.1555539186005778940e-27
-6.338308536527061603e-44
0
0
DERIV 7
-4.398376634080596681e-29
-2.8942198243657295354e-46
0
0
DERIV 8
1.4810552718141199814e-30
6.280120321172446931e-47
0
0
DERIV 9
-4.482393203981105502e-32
9.751944145345107129e-49
0
0
DERIV 10
1.2346583934086708345e-33
-3.022422902070709843e-50
0
0
DERIV 11
-3.126723360392410920e-35
-2.5420324279101929707e-51
0
0
DERIV 12
7.341490355346746300e-37
3.272094349972607454e-53
0
0
DERIV 13
-1.6095303332667218185e-38
-3.593870139022767327e-55
0
0
DERIV 14
3.3147634446042687277e-40
1.2376696189295615025e-56
0
0
DERIV 15
-6.446231404712452429e-42
1.1756739084504840895e-58
0
0
DERIV 16
1.1891398575890310931e-43
-5.509535750291849948e-60
0
0
DERIV 17
-2.0891602283488527681e-45
-1.4242086206134247104e-61
0
0
DERIV 18
3.508043575622815858e-47
3.913993371131663622e-64
0
0
DERIV 19
-5.647956418796561420e-49
-3.620729276766671337e-65
0
0
DERIV 20
8.743606574503003519e-51
-4.418227199745270147e-67
0
0
DERIV 21
-1.3049196328748433712e-52
1.1295293130770860656e-69
0
0
DERIV 22
1.8818687224145873783e-54
-4.500519030000885418e-72
0
0
DERIV 23
-2.628069085694311914e-56
-1.5484760842589331780e-72
0
0
DERIV 24
3.561047232651280075e-58
2.0879676798954104787e-74
0
0
DERIV 25
-4.690241741057087746e-60
-2.2732347360913360275e-76
0
0
DERIV 26
6.014666605824734748e-62
2.375409582338098754e-78
0
0
DERIV 27
-7.521335336435076436e-64
3.501129635216195036e-80
0
0
DERIV 28
9.184705345288762699e-66
-3.534649455442106969e-82
0
0
DERIV 29
-1.0967273935831199918e-67
4.939767677542688062e-84
0
0
DERIV 30
1.2821308206773389776e-69
-1.2854711970006768069e-85
0
0
DERIV 31
-1.4691547117244502203e-71
-9.055703377365389440e-88
0
0
DERIV 32
1.6518597826564224245e-73
-1.4733744469341665306e-89
0
0
DERIV 33
-1.8242676365898082489e-75
-5.773239139009721273e-92
0
0
DERIV 34
1.9807321740381426796e-77
1.7597338923851858190e-94
0
0
DERIV 35
-2.1162740548021850169e-79
-1.1668837171603886384e-95
0
0
AT 132
1.0767671356481463767e-21
7.777003078763846114e-38
0
0
DERIV 1
-2.664358504283571171e-22
2.2261901125452026992e-38
0
0
DERIV 2
3.329988135648202949e-23
-2.0154763172832969632e-39
0
0
DERIV 3
-2.8031995378904760812e-24
1.1667420309963929078e-40
0
0
DERIV 4
1.7882263109577016771e-25
3.128815964633500886e-42
0
0
DERIV 5
-9.221891089950982327e-27
-1.3431318266808524188e-43
0
0
DERIV 6
4.005145431172367640e-28
1.1674031730760999585e-44
0
0
DERIV 7
-1.5069352224355189145e-29
-5.380351919579311219e-46
0
0
DERIV 8
5.014713866441078607e-31
1.9982366194022957812e-47
0
0
DERIV 9
-1.4995278225693900250e-32
-6.714262976296501173e-49
0
0
DERIV 10
4.079964720823870872e-34
-2.596161990015224754e-50
0
0
DERIV 11
-1.0203703058424772306e-35
-2.7539071869689931233e-52
0
0
DERIV 12
2.365394273166612370e-37
-1.2888906290566732663e-53
0
0
DERIV 13
-5.118705378207627961e-39
2.151454750269770116e-56
0
0
DERIV 14
1.0402660736782045608e-40
3.547641959452466845e-57
0
0
DERIV 15
-1.9957981120701121250e-42
-1.3939345903404365950e-58
0
0
DERIV 16
3.631190748083826004e-44
1.8959501878330418472e-60
0
0
DERIV 17
-6.290405556793275710e-46
-1.0401399605724728470e-62
0
0
DERIV 18
1.0412304296730568670e-47
1.3575522995801221418e-64
0
0
DERIV 19
-1.6520809476768320369e-49
-4.565816948822019730e-66
0
0
DERIV 20
2.5198278206943480247e-51
5.341383956971370066e-68
0
0
DERIV 21
-3.704124464463652622e-53
4.984428901208870799e-70
0
0
DERIV 22
5.260089896942748845e-55
3.4028250642251643016e-71
0
0
DERIV 23
-7.231401293712500151e-57
6.885753980718978475e-74
0
0
DERIV 24
9.643273676168840092e-59
1.3601556108600969908e-75
0
0
DERIV 25
-1.2496310964618717476e-60
-1.1905045724340208756e-76
0
0
DERIV 26
1.5762184526260661354e-62
5.753383451508570852e-79
0
0
DERIV 27
-1.9381894676470369218e-64
5.357191608303384779e-81
0
0
DERIV 28
2.3267032386105850670e-66
1.1370971486405082902e-82
0
0
DERIV 29
-2.730404605684672025e-68
2.609023658026861906e-85
0
0
DERIV 30
3.136110752468883608e-70
-1.9448084852243563667e-86
0
0
DERIV 31
-3.529683347855687992e-72
7.403552498977867482e-89
0
0
DERIV 32
3.896990507872757814e-74
3.345658255770426124e-90
0
0
DERIV 33
-4.224856407445994128e-76
-6.199820403060332063e-93
0
0
DERIV 34
4.501904377108501551e-78
-2.1890599070717172251e-94
0
0
DERIV 35
-4.719218958574950189e-80
2.836717862738435965e-96
0
0
AT 136
4.021753757749577050e-22
-1.4639609317654892099e-38
0
0
DERIV 1
-9.852926453669960233e-23
-1.3133179513431333500e-39
0
0
DERIV 2
1.2190112815726722771e-23
-4.188554916270267394e-40
0
0
DERIV 3
-1.0156016877222656822e-24
-3.511983814038056373e-41
0
0
DERIV 4
6.410715359254484895e-26
2.7345421919369702770e-42
0
0
DERIV 5
-3.270598426566796415e-27
-7.540515980221175278e-44
0
0
DERIV 6
1.4049333637070312598e-28
8.454293078804437283e-45
0
0
DERIV 7
-5.227181640080363480e-30
2.6103370101495590694e-46
0
0
DERIV 8
1.7197230887679107071e-31
-5.560320409181353296e-48
0
0
DERIV 9
-5.082863822086664915e-33
-9.477579480773638526e-50
0
0
DERIV 10
1.3666352983744531407e-34
3.359523847543475484e-51
0
0
DERIV 11
-3.376723684803274476e-36
2.8233555770702626923e-52
0
0
DERIV 12
7.731797959813353252e-38
-7.076161121878542776e-55
0
0
DERIV 13
-1.6522383023591995332e-39
1.1657747971372881009e-55
0
0
DERIV 14
3.315030930706935835e-41
2.0193918987379283387e-57
0
0
DERIV 15
-6.277461511979992847e-43
1.1230040798847243141e-59
0
0
DERIV 16
1.1270243104955613729e-44
-1.2086191058636574739e-60
0
0
DERIV 17
-1.9260649832752834180e-46
8.677750129597990159e-64
0
0
DERIV 18
3.144397261746386401e-48
3.536422855511342306e-65
0
0
DERIV 19
-4.919368153634726899e-50
4.675143203042034688e-66
0
0
DERIV 20
7.396470805306269160e-52
6.302530359191888721e-68
0
0
DERIV 21
-1.0715249930823288392e-53
-1.1375870231094717031e-69
0
0
DERIV 22
1.4991999497995460756e-55
2.0959188708091925323e-72
0
0
DERIV 23
-2.0301327711417981358e-57
6.845839861731647599e-75
0
0
DERIV 24
2.665921798103946013e-59
6.861901606934282281e-77
0
0
DERIV 25
-3.401030591683643254e-61
-2.1390098978840502205e-77
0
0
DERIV 26
4.222167041057712664e-63
-1.5829477825994132718e-79
0
0
DERIV 27
-5.108456945670636138e-65
-2.201883686830167072e-81
0
0
DERIV 28
6.032440626049421860e-67
4.150513435136416344e-83
0
0
DERIV 29
-6.961801158013614341e-69
-1.2345411008468751097e-85
0
0
DERIV 30
7.861629782490892361e-71
-5.836174542962238191e-88
0
0
DERIV 31
-8.696965362746015485e-73
-1.9430515147816570404e-89
0
0
DERIV 32
9.435319733873095244e-75
4.716693156624146894e-91
0
0
DERIV 33
-1.0048919612377703759e-76
-7.083524519958658070e-93
0
0
DERIV 34
1.0516450706712747193e-78
3.412019023909941658e-95
0
0
DERIV 35
-1.0824167875196754961e-80
5.062779632493060184e-97
0
0
AT 140
1.5166384002687539854e-22
1.4550962033884589052e-39
0
0
DERIV 1
-3.679899475483497230e-23
1.6279311022891434296e-39
0
0
DERIV 2
4.508169786377999658e-24
3.0218734958030723917e-40
0
0
DERIV 3
-3.718381186029843081e-25
2.2492016615014669638e-41
0
0
DERIV 4
2.3232156825269568194e-26
1.0825602072514440125e-42
0
0
DERIV 5
-1.1729401450554410669e-27
6.519580049729547486e-44
0
0
DERIV 6
4.985187195300022696e-29
2.2861432872841578080e-45
0
0
DERIV 7
-1.8347651171254820541e-30
-1.8674376002361134509e-47
0
0
DERIV 8
5.969900296825050337e-32
-4.101785385407890275e-48
0
0
DERIV 9
-1.7446960469041191958e-33
-5.318334877651831696e-50
0
0
DERIV 10
4.637376148083072340e-35
-8.528659365209687286e-52
0
0
DERIV 11
-1.1324729634630150340e-36
-6.790443047784137100e-55
0
0
DERIV 12
2.562290234641534183e-38
-7.238597035106398173e-55
0
0
DERIV 13
-5.409256458901786657e-40
9.448836368742493401e-57
0
0
DERIV 14
1.0719383621246874781e-41
2.6404294508355876958e-58
0
0
DERIV 15
-2.0043921072920144617e-43
1.0879882323653798424e-59
0
0
DERIV 16
3.552599003665411636e-45
-2.1553048544201931789e-61
0
0
DERIV 17
-5.992318567172484755e-47
3.004999059872866668e-63
0
0
DERIV 18
9.653129748800032584e-49
-5.749233689389820719e-65
0
0
DERIV 19
-1.4898466881243058284e-50
2.8073155257395755090e-67
0
0
DERIV 20
2.2092871080240387867e-52
-5.380061319805665258e-71
0
0
DERIV 21
-3.155863982951452301e-54
9.463764610033932294e-71
0
0
DERIV 22
4.352674027464309579e-56
4.502676044902742093e-72
0
0
DERIV 23
-5.808890966560425685e-58
3.3759082934874564274e-74
0
0
DERIV 24
7.515872264891522225e-60
-3.034490259348446200e-76
0
0
DERIV 25
-9.444875508506675945e-62
8.458182919656377165e-78
0
0
DERIV 26
1.1546887667294168407e-63
-4.412708512952130835e-80
0
0
DERIV 27
-1.3754756609334987757e-65
-7.605150335178647458e-82
0
0
DERIV 28
1.5987460310327479027e-67
4.921512529064056675e-84
0
0
DERIV 29
-1.8156025790402164512e-69
1.7656981055937751331e-86
0
0
DERIV 30
2.0170376922275493619e-71
-1.6334446555488119380e-87
0
0
DERIV 31
-2.1946284653730606640e-73
-2.026687639706746152e-90
0
0
DERIV 32
2.341162292739840539e-75
1.3262653384712933308e-91
0
0
DERIV 33
-2.4511279995567693988e-77
-1.3747448050070306430e-95
0
0
DERIV 34
2.5210300218933737277e-79
-2.369849986421501076e-96
0
0
DERIV 35
-2.549508957135961032e-81
-4.728789929813270147e-98
0
0
AT 144
5.772491125855730332e-23
3.436551329469254764e-39
0
0
DERIV 1
-1.3875208390503708631e-23
-1.6629400175234133662e-40
0
0
DERIV 2
1.6836338656391044511e-24
1.3715279079872971950e-40
0
0
DERIV 3
-1.3751978038008429597e-25
1.0434767457488985902e-41
0
0
DERIV 4
8.507133722676049472e-27
5.914585408491432328e-43
0
0
DERIV 5
-4.251764520016837123e-28
3.421214322326850057e-44
0
0
DERIV 6
1.7885050747702735610e-29
-3.4887838173315665136e-46
0
0
DERIV 7
-6.513566487271001751e-31
-3.710904542501204291e-47
0
0
DERIV 8
2.0967567366951815991e-32
-1.1412705899169294982e-48
0
0
DERIV 9
-6.061148024588098481e-34
2.196302150942174573e-50
0
0
DERIV 10
1.5932054626451339488e-35
5.926833943022170480e-53
0
0
DERIV 11
-3.846808289936111737e-37
-4.077694105774566219e-53
0
0
DERIV 12
8.603632769415993370e-39
-1.6560753348690622556e-55
0
0
DERIV 13
-1.7950573051870750905e-40
-3.684188467506888547e-57
0
0
DERIV 14
3.514818584396122308e-42
3.641410448553123300e-59
0
0
DERIV 15
-6.492502622485045700e-44
-5.526454437565936812e-61
0
0
DERIV 16
1.1365142157293223995e-45
4.319923233997445660e-62
0
0
DERIV 17
-1.8928867690321699502e-47
-1.0051146081265130480e-63
0
0
DERIV 18
3.0102306394956903212e-49
-2.2406092469816069327e-66
0
0
DERIV 19
-4.585376306860240120e-51
-2.2290495470427292129e-67
0
0
DERIV 20
6.709441188035559075e-53
-2.1309336052502776871e-69
0
0
DERIV 21
-9.454780890379642273e-55
3.768054596633772325e-71
0
0
DERIV 22
1.2861327983435080061e-56
-1.8595397906737183188e-73
0
0
DERIV 23
-1.6924513500428608067e-58
-1.0158267649453131608e-75
0
0
DERIV 24
2.1586980658850969684e-60
6.204494364045038606e-77
0
0
DERIV 25
-2.673585276335917595e-62
1.4109042829180728040e-78
0
0
DERIV 26
3.220648814997081090e-64
-8.578121153583684435e-81
0
0
DERIV 27
-3.779261813920722893e-66
7.996813133197602617e-83
0
0
DERIV 28
4.326173805934269938e-68
2.681975967459343649e-84
0
0
DERIV 29
-4.837381282646615786e-70
-3.351890179720499512e-87
0
0
DERIV 30
5.290091256176676546e-72
-4.846827277100792699e-88
0
0
DERIV 31
-5.664536689738159486e-74
2.872680164661847074e-90
0
0
DERIV 32
5.945438491651427539e-76
5.069191805447205020e-92
0
0
DERIV 33
-6.122972619737322799e-78
4.875181815789462102e-95
0
0
DERIV 34
6.193178424891662859e-80
2.940787526175768123e-96
0
0
DERIV 35
-6.157821106602921378e-82
-6.613918724525678123e-100
0
0
AT 148
2.2167214955942842243e-23
3.0439717167174945288e-40
0
0
DERIV 1
-5.279848010467203099e-24
-2.7491826012387426204e-40
0
0
DERIV 2
6.347294388628551012e-25
-9.543074494679501744e-42
0
0
DERIV 3
-5.135573061893175310e-26
1.6628271049557008247e-42
0
0
DERIV 4
3.1463864832099065230e-27
-5.765804455958603414e-44
0
0
DERIV 5
-1.5571270170284536682e-28
4.645366371403680131e-45
0
0
DERIV 6
6.484711563856482870e-30
-2.2080468884660285496e-46
0
0
DERIV 7
-2.337670431466629820e-31
4.877403925060918193e-48
0
0
DERIV 8
7.447206770403993429e-33
1.8824572535966920941e-49
0
0
DERIV 9
-2.130084751945427082e-34
-1.4864147163352609904e-50
0
0
DERIV 10
5.538916741792253632e-36
1.4652107181896577955e-52
0
0
DERIV 11
-1.3227502116884870603e-37
-2.637356024780402127e-54
0
0
DERIV 12
2.9254682313412113767e-39
-1.4818083153995092514e-55
0
0
DERIV 13
-6.034466293191246862e-41
-1.6960381439746071799e-57
0
0
DERIV 14
1.1679389767913991702e-42
7.793529022742173519e-59
0
0
DERIV 15
-2.1320364522747432643e-44
-9.726847394549723193e-61
0
0
DERIV 16
3.687483863431113271e-46
-1.0594185288830664448e-62
0
0
DERIV 17
-6.066792766987943083e-48
5.224366348950974548e-64
0
0
DERIV 18
9.528381023591569089e-50
-5.095986230827149471e-66
0
0
DERIV 19
-1.4331240918164171857e-51
1.1401566375283157525e-67
0
0
DERIV 20
2.0700862813337432307e-53
-8.489047103308907715e-70
0
0
DERIV 21
-2.8790544772753473760e-55
-1.9287288866847691959e-73
0
0
DERIV 22
3.864407061354953300e-57
1.4896707152017027080e-73
0
0
DERIV 23
-5.016647268552188166e-59
-3.264449178588419378e-75
0
0
DERIV 24
6.310891316534353595e-61
-6.359642412031597957e-77
0
0
DERIV 25
-7.707168888651547921e-63
2.8780695768665434380e-80
0
0
DERIV 26
9.152641084876387737e-65
8.417180913116105703e-81
0
0
DERIV 27
-1.0585517977975220814e-66
4.557883015906864113e-83
0
0
DERIV 28
1.1940176849481165714e-68
8.855523094392787510e-85
0
0
DERIV 29
-1.3152799090628108568e-70
6.511393782205391497e-87
0
0
DERIV 30
1.4166788701127930463e-72
4.812517207685398761e-89
0
0
DERIV 31
-1.4937308118106229395e-74
-4.929254723973870952e-91
0
0
DERIV 32
1.5434441257713190555e-76
8.372491217841046620e-93
0
0
DERIV 33
-1.5644726022342431751e-78
1.0564533246927666047e-94
0
0
DERIV 34
1.5571041247175652039e-80
-1.5411816243432402319e-97
0
0
DERIV 35
-1.5231044232448081222e-82
-2.2579105269991158811e-99
0
0
AT 152
8.585921168503096783e-24
1.4167990447799003823e-40
0
0
DERIV 1
-2.0269217764558413045e-24
-7.429399685638166458e-41
0
0
DERIV 2
2.414750905439084978e-25
1.2980357214741811661e-41
0
0
DERIV 3
-1.9358325129489046266e-26
-7.419545044050751657e-43
0
0
DERIV 4
1.1749296750179691069e-27
5.410691756753676964e-45
0
0
DERIV 5
-5.759294401189297428e-29
1.7342316086326937306e-45
0
0
DERIV 6
2.3752240010926278987e-30
-5.777700059235482647e-47
0
0
DERIV 7
-8.477891447994462547e-32
1.3866910465571876610e-48
0
0
DERIV 8
2.6736797946571896680e-33
-7.018596827927370321e-51
0
0
DERIV 9
-7.569092629609015261e-35
4.982938870195593147e-51
0
0
DERIV 10
1.9476955638380590653e-36
-9.963044436959502055e-53
0
0
DERIV 11
-4.601935802779909077e-38
6.267958141233040510e-55
0
0
DERIV 12
1.0067939913415037085e-39
-4.826748320917384134e-56
0
0
DERIV 13
-2.0539105643111202330e-41
-4.599539299742804839e-58
0
0
DERIV 14
3.930737957257999459e-43
-1.3636705944867260932e-59
0
0
DERIV 15
-7.093697183753253285e-45
5.489479949402093467e-62
0
0
DERIV 16
1.2126738918870803582e-46
3.961140848013634588e-63
0
0
DERIV 17
-1.9716044126208541092e-48
1.2371230608873336118e-64
0
0
DERIV 18
3.059400903427135006e-50
-2.0665127690070834822e-66
0
0
DERIV 19
-4.545344420157510034e-52
-3.291787326310331172e-68
0
0
DERIV 20
6.484036290291889512e-54
-3.244886556786958641e-70
0
0
DERIV 21
-8.904066093230620488e-56
-1.3595390848620202888e-72
0
0
DERIV 22
1.1798035115223244838e-57
-6.125190435696973976e-74
0
0
DERIV 23
-1.5115931038919786546e-59
7.159921256693003276e-76
0
0
DERIV 24
1.8763428018919211739e-61
4.957066913351191960e-78
0
0
DERIV 25
-2.2605891706362663071e-63
8.362626438790504081e-80
0
0
DERIV 26
2.647787876813504047e-65
-1.1290588137487903127e-81
0
0
DERIV 27
-3.019695945271325238e-67
3.2468495135672026022e-83
0
0
DERIV 28
3.357996815148767770e-69
-1.9157840529657998719e-85
0
0
DERIV 29
-3.645944018543926717e-71
-2.243091371410338111e-87
0
0
DERIV 30
3.869806577625130222e-73
-1.4356759054423916389e-90
0
0
DERIV 31
-4.019943120437361858e-75
5.876620541379821470e-93
0
0
DERIV 32
4.091399914913185469e-77
1.5823335400909350977e-93
0
0
DERIV 33
-4.084005009291092916e-79
4.739482409816178040e-96
0
0
DERIV 34
4.002001677036275319e-81
-8.960945396035374171e-98
0
0
DERIV 35
-3.853318329115047443e-83
-1.8885398166537207836e-99
0
0
AT 156
3.353206670260743107e-24
2.4022658815877082346e-40
0
0
DERIV 1
-7.847846128898405492e-25
-3.032433149418269423e-41
0
0
DERIV 2
9.267386666975272356e-26
-1.6761003535488523088e-42
0
0
DERIV 3
-7.362992600278837809e-27
5.443710181410844736e-44
0
0
DERIV 4
4.428218848779453446e-28
-4.223127286555369835e-44
0
0
DERIV 5
-2.1505269358452081912e-29
1.2870913106411006203e-45
0
0
DERIV 6
8.785473690830043072e-31
7.102493601911292270e-47
0
0
DERIV 7
-3.105695589494326284e-32
8.895731617181596936e-49
0
0
DERIV 8
9.698735424761496620e-34
4.916319959479549818e-50
0
0
DERIV 9
-2.718362289907228383e-35
-2.5304534671027138723e-51
0
0
DERIV 10
6.924116682670242623e-37
-3.822412291294656870e-53
0
0
DERIV 11
-1.6191404663614276555e-38
-1.1185647300574180259e-54
0
0
DERIV 12
3.5051374770843182268e-40
-1.3387038840608811599e-56
0
0
DERIV 13
-7.074327962340458938e-42
2.2633288269483897778e-58
0
0
DERIV 14
1.3391668801284955083e-43
2.0251769511936815553e-60
0
0
DERIV 15
-2.3900497305702679361e-45
1.1262525219033344879e-61
0
0
DERIV 16
4.039873727975714229e-47
2.1400016621867814180e-63
0
0
DERIV 17
-6.493037176860621254e-49
-6.429537967246803279e-66
0
0
DERIV 18
9.958245926175053434e-51
5.670309280303514303e-67
0
0
DERIV 19
-1.4619912795316886943e-52
-6.507717758003959903e-69
0
0
DERIV 20
2.0604750216035312786e-54
-1.4216690175617185661e-70
0
0
DERIV 21
-2.794897621323147802e-56
-3.632797927551019727e-73
0
0
DERIV 22
3.657243146419429144e-58
-1.6817977664333323719e-74
0
0
DERIV 23
-4.626537317672177948e-60
-2.7536533594906904653e-76
0
0
DERIV 24
5.669179559325996578e-62
-1.6216927009384741032e-78
0
0
DERIV 25
-6.741024090189121995e-64
-5.433981682492024434e-80
0
0
DERIV 26
7.790988381499298522e-66
7.658305362922046782e-84
0
0
DERIV 27
-8.765693344505937240e-68
7.422492954587684255e-84
0
0
DERIV 28
9.614468757752078834e-70
6.418680535181690081e-86
0
0
DERIV 29
-1.0294019898379174368e-71
3.660138459110619477e-88
0
0
DERIV 30
1.0772143891301093324e-73
5.253818863556631629e-91
0
0
DERIV 31
-1.1030075333765156227e-75
-1.0530745877865185297e-92
0
0
DERIV 32
1.1063281891448497337e-77
-3.499680720103015689e-94
0
0
DERIV 33
-1.0880770377312321868e-79
-4.651954142237503509e-96
0
0
DERIV 34
1.0503159766239908041e-81
-4.285276515569289869e-98
0
0
DERIV 35
-9.959903353733991453e-84
6.236116498652414497e-100
0
0
AT 160
1.3201063577465213604e-24
-7.739398266049337301e-41
0
0
DERIV 1
-3.063616023128923534e-25
-1.1241475237507758789e-41
0
0
DERIV 2
3.586828713744138304e-26
-4.269090235376076779e-43
0
0
DERIV 3
-2.8249471768415889532e-27
6.646488251049036821e-44
0
0
DERIV 4
1.6839129446559473139e-28
7.141950623636480561e-45
0
0
DERIV 5
-8.104027174546267853e-30
-4.609943616162335804e-46
0
0
DERIV 6
3.280321108149416279e-31
-9.154949004943908863e-49
0
0
DERIV 7
-1.1487720403375914792e-32
4.730285362132281084e-49
0
0
DERIV 8
3.553377955867423014e-34
1.6969158754317522753e-50
0
0
DERIV 9
-9.863053540425176210e-36
-4.119093838135314162e-52
0
0
DERIV 10
2.487548580385132736e-37
1.0923242702065919111e-53
0
0
DERIV 11
-5.758630215812376365e-39
1.2061277601492403601e-55
0
0
DERIV 12
1.2339299393107938514e-40
4.607186870398592086e-57
0
0
DERIV 13
-2.4645845835699077690e-42
1.2452057276619035868e-58
0
0
DERIV 14
4.616232478270266827e-44
-2.2910751134617748424e-60
0
0
DERIV 15
-8.150321618544718117e-46
4.099883952379304746e-64
0
0
DERIV 16
1.3626048591874930226e-47
-1.4021536850164088488e-64
0
0
DERIV 17
-2.1657234144631601155e-49
1.8487087650704542061e-65
0
0
DERIV 18
3.284042016037723068e-51
1.0415670410657939951e-67
0
0
DERIV 19
-4.766047874868646287e-53
-9.636314615119010026e-70
0
0
DERIV 20
6.638729806922020518e-55
-6.218927029258250010e-71
0
0
DERIV 21
-8.898219731103653236e-57
-2.0242473960341600029e-73
0
0
DERIV 22
1.1503382253696131530e-58
5.421474059377732050e-75
0
0
DERIV 23
-1.4373965436417763648e-60
-1.2269016723045429900e-76
0
0
DERIV 24
1.7394154410628479573e-62
9.192360604346685034e-79
0
0
DERIV 25
-2.0421369088372366927e-64
1.4483992047378591739e-80
0
0
DERIV 26
2.3299159599395727448e-66
1.3180122236430165710e-83
0
0
DERIV 27
-2.587230882132301307e-68
8.505170143783940454e-85
0
0
DERIV 28
2.8001906618024867660e-70
1.6082109459953545556e-86
0
0
DERIV 29
-2.957826211785708880e-72
-2.2647062417886985242e-88
0
0
DERIV 30
3.0530006771809807998e-74
-2.523920565498343739e-91
0
0
DERIV 31
-3.082847152422272326e-76
2.7640256645937942368e-92
0
0
DERIV 32
3.048722273779729151e-78
-2.2967347633310333883e-94
0
0
DERIV 33
-2.9557352934631185940e-80
2.2860670214318892566e-97
0
0
DERIV 34
2.811962979144927226e-82
-6.377839123264828468e-99
0
0
DERIV 35
-2.627485783381312668e-84
-2.2280183193391113767e-100
0
0
AT 164
5.237419161261776918e-25
2.2380025771722601297e-42
0
0
DERIV 1
-1.2055035097538662017e-25
6.398333129906661877e-42
0
0
DERIV 2
1.3996113152549079695e-26
-1.3585999637160959648e-43
0
0
DERIV 3
-1.0929634741437536911e-27
8.613958510310232043e-44
0
0
DERIV 4
6.458746535581765344e-29
-3.331523492712460676e-45
0
0
DERIV 5
-3.0810340506003652855e-30
-1.1464696003665282084e-47
0
0
DERIV 6
1.2359805245607399874e-31
7.028707626517945062e-48
0
0
DERIV 7
-4.289042932057096408e-33
-2.294300883162071805e-50
0
0
DERIV 8
1.3144067436264370724e-34
9.183783162379182343e-52
0
0
DERIV 9
-3.614024986235776242e-36
-2.9187114038976005187e-52
0
0
DERIV 10
9.027578130238821758e-38
-4.972539188028391008e-54
0
0
DERIV 11
-2.0695043827311028994e-39
-1.0973178432436201995e-56
0
0
DERIV 12
4.390477084938916219e-41
2.0205608420848843789e-57
0
0
DERIV 13
-8.680897502632664265e-43
-3.019389579220118229e-60
0
0
DERIV 14
1.6092850380692845334e-44
1.8120103900505533514e-62
0
0
DERIV 15
-2.8116953832640401337e-46
9.696566011564894951e-63
0
0
DERIV 16
4.650874606573316816e-48
2.3873131390008476513e-64
0
0
DERIV 17
-7.312417704604500451e-50
1.9728312144686429060e-66
0
0
DERIV 18
1.0966835733963961336e-51
-4.818504638644086665e-68
0
0
DERIV 19
-1.5738605261012827813e-53
7.579834755964601837e-70
0
0
DERIV 20
2.1674440885651562009e-55
5.743591997747715776e-72
0
0
DERIV 21
-2.871708064931257368e-57
1.1752512794798626567e-73
0
0
DERIV 22
3.669065982172435075e-59
1.8898930109614188686e-75
0
0
DERIV 23
-4.530199736170604143e-61
2.8026053953975669696e-77
0
0
DERIV 24
5.415920777985128900e-63
1.2176884774440695816e-79
0
0
DERIV 25
-6.280569540506711785e-65
-9.831693713942983569e-82
0
0
DERIV 26
7.076461698980172394e-67
-8.466964769866096806e-84
0
0
DERIV 27
-7.758700513102994466e-69
2.1757152570044232774e-85
0
0
DERIV 28
8.289630193452074052e-71
-5.617951998292738700e-87
0
0
DERIV 29
-8.642304387672579971e-73
1.3085358761101062654e-89
0
0
DERIV 30
8.802551234034795019e-75
-3.678711254582143180e-91
0
0
DERIV 31
-8.769476733492031389e-77
7.070457238904919397e-94
0
0
DERIV 32
8.554502864744772527e-79
9.650239746116689176e-96
0
0
DERIV 33
-8.179238355799223721e-81
2.823918488473361688e-97
0
0
DERIV 34
7.672600464195306375e-83
9.315781368284314502e-100
0
0
DERIV 35
-7.067639327516674366e-85
9.492276581471663441e-102
0
0
AT 168
2.093518118912883541e-25
-4.522264785801153372e-42
0
0
DERIV 1
-4.780130260212115315e-26
-6.574046531035471009e-44
0
0
DERIV 2
5.504653489571720789e-27
3.722666844032980707e-44
0
0
DERIV 3
-4.263025106763096439e-28
-1.9571940788343855815e-44
0
0
DERIV 4
2.4979721064572922840e-29
-6.209114669782712812e-46
0
0
DERIV 5
-1.1814064422091336957e-30
7.935406173016338593e-47
0
0
DERIV 6
4.698003654411458508e-32
-9.450638165547417210e-49
0
0
DERIV 7
-1.6158290139105167242e-33
-5.744355663905099529e-50
0
0
DERIV 8
4.907174383368263669e-35
-2.5207397407173905031e-52
0
0
DERIV 9
-1.3368787399734594843e-36
-3.530635403596400369e-54
0
0
DERIV 10
3.308283880659512684e-38
-2.6019406531854834908e-54
0
0
DERIV 11
-7.512060311490339263e-40
-5.420298510982959970e-57
0
0
DERIV 12
1.5783207585727167004e-41
-1.1462284397333401542e-57
0
0
DERIV 13
-3.0900660113381790545e-43
1.0459927305267837490e-59
0
0
DERIV 14
5.671311975679659339e-45
-5.576569786957921060e-61
0
0
DERIV 15
-9.808289574810832520e-47
-4.621323434173179286e-63
0
0
DERIV 16
1.6056847288957522245e-48
1.1337540552086311757e-64
0
0
DERIV 17
-2.498116388799023326e-50
-7.158123252285349782e-67
0
0
DERIV 18
3.706667940018457467e-52
-2.480383234993868115e-68
0
0
DERIV 19
-5.261906932557195855e-54
4.564353982769189389e-71
0
0
DERIV 20
7.166756026594486853e-56
-1.7115956885989019022e-72
0
0
DERIV 21
-9.389346678629710013e-58
4.552501091004466250e-74
0
0
DERIV 22
1.1860225388556062357e-59
5.985132678859651075e-76
0
0
DERIV 23
-1.4474997717394702266e-61
1.1878369182720651550e-78
0
0
DERIV 24
1.7102439778345959557e-63
7.969082613701278516e-80
0
0
DERIV 25
-1.959701014479820434e-65
-1.0200839830820858365e-82
0
0
DERIV 26
2.1813831670977875340e-67
1.1441584230745114666e-83
0
0
DERIV 27
-2.362378104125321314e-69
1.2258011077047974968e-85
0
0
DERIV 28
2.4926396352407772352e-71
1.8584975261148751542e-87
0
0
DERIV 29
-2.5658829955998020130e-73
-5.450839357873999517e-90
0
0
DERIV 30
2.579987632693709497e-75
2.9506075647502618813e-92
0
0
DERIV 31
-2.5368990385630825688e-77
1.3652378552005935414e-93
0
0
DERIV 32
2.4420991561041116268e-79
-1.3940519927357563381e-95
0
0
DERIV 33
-2.303769003077793914e-81
8.127621212844387767e-98
0
0
DERIV 34
2.1317916382056260904e-83
-7.816453267081384926e-100
0
0
DERIV 35
-1.9367398522785436857e-85
-1.3293378076522851989e-101
0
0
AT 172
8.429159881112930400e-26
-3.595409648186825070e-43
0
0
DERIV 1
-1.9095948356052437952e-26
-6.975753192319002685e-43
0
0
DERIV 2
2.1815601644947749110e-27
-1.0978198917468039756e-43
0
0
DERIV 3
-1.6758364142562805590e-28
-3.087961987389084973e-45
0
0
DERIV 4
9.739074711534014500e-30
5.207536327632693555e-46
0
0
DERIV 5
-4.567564940508502429e-31
3.521002610770948285e-47
0
0
DERIV 6
1.8009098952292835921e-32
5.666632924679672326e-50
0
0
DERIV 7
-6.140507825557019401e-34
-3.772700176845693002e-50
0
0
DERIV 8
1.8484457802217216596e-35
-1.1723962733181728243e-51
0
0
DERIV 9
-4.990783656683141667e-37
-2.218220005330776784e-53
0
0
DERIV 10
1.2238135527586829257e-38
-5.506495667825071056e-56
0
0
DERIV 11
-2.7532185448543434178e-40
-1.6341092082393128959e-56
0
0
DERIV 12
5.730315236392733298e-42
1.5818664591256000835e-59
0
0
DERIV 13
-1.1111796219715912355e-43
8.325755399769814227e-60
0
0
DERIV 14
2.0195942323769874810e-45
-3.543682329554135100e-62
0
0
DERIV 15
-3.458341942795259285e-47
1.2276521382763723629e-63
0
0
DERIV 16
5.604775358397336113e-49
2.0912836076771450964e-66
0
0
DERIV 17
-8.631024272938063979e-51
-1.7245342816379854807e-67
0
0
DERIV 18
1.2673974066600598633e-52
6.266184578637994671e-69
0
0
DERIV 19
-1.7802409606963448905e-54
6.104360972054130233e-71
0
0
DERIV 20
2.398783821222870631e-56
-1.1240605688584898412e-72
0
0
DERIV 21
-3.1085830362556334006e-58
-1.3540678534145637216e-74
0
0
DERIV 22
3.883325576265618186e-60
9.961610692715826857e-77
0
0
DERIV 23
-4.686382521885022988e-62
-8.901743921763193676e-79
0
0
DERIV 24
5.474062746975095102e-64
-3.2806864622660754866e-80
0
0
DERIV 25
-6.200084772535733465e-66
2.3307146930209485225e-83
0
0
DERIV 26
6.820545287798711428e-68
-7.217815003479308385e-85
0
0
DERIV 27
-7.298585962573079063e-70
3.1687375425758721227e-86
0
0
DERIV 28
7.608052882828797800e-72
2.5656971740227320436e-89
0
0
DERIV 29
-7.735668281130683866e-74
6.935211934194538956e-90
0
0
DERIV 30
7.681527888151773025e-76
4.579833466126699288e-92
0
0
DERIV 31
-7.458028435441731004e-78
-1.5022588476352268719e-94
0
0
DERIV 32
7.087560151198697888e-80
-5.053533780155976631e-96
0
0
DERIV 33
-6.599434083178071404e-82
4.022529723317741261e-98
0
0
DERIV 34
6.026546327149983544e-84
3.661902340626718774e-100
0
0
DERIV 35
-5.402225903746709315e-86
-2.8504223864187360920e-102
0
0
AT 176
3.417769643917566433e-26
2.0823614630292068827e-42
0
0
DERIV 1
-7.683727576544796157e-27
-6.557600922131929070e-43
0
0
DERIV 2
8.709919377868925832e-28
-7.831126259403776274e-44
0
0
DERIV 3
-6.638009162303515178e-29
2.3192073131992606922e-45
0
0
DERIV 4
3.826708393126424056e-30
4.912227179605474255e-47
0
0
DERIV 5
-1.7800619107256972571e-31
2.4559341558271197240e-48
0
0
DERIV 6
6.960259400183516765e-33
1.2770311964399627009e-49
0
0
DERIV 7
-2.353207710032569109e-34
-8.545077478786621788e-51
0
0
DERIV 8
7.023018405674381394e-36
-4.718594287666968697e-52
0
0
DERIV 9
-1.8796832178246067094e-37
2.791550068649936096e-54
0
0
DERIV 10
4.568428782774709685e-39
-2.1661190844243223355e-55
0
0
DERIV 11
-1.0185068942490976046e-40
8.580937754085351622e-58
0
0
DERIV 12
2.1004321708519371773e-42
1.1550282284087980997e-58
0
0
DERIV 13
-4.035112403854905763e-44
1.0057345438224658720e-60
0
0
DERIV 14
7.264576128298351138e-46
3.332585140851734901e-62
0
0
DERIV 15
-1.2320311050739395582e-47
5.105647276928809747e-64
0
0
DERIV 16
1.9772044535692628033e-49
1.6274125618993510925e-65
0
0
DERIV 17
-3.014578917313676615e-51
-8.131372286550571320e-68
0
0
DERIV 18
4.382063923892870540e-53
1.6169113786704304712e-69
0
0
DERIV 19
-6.092228946144492139e-55
3.2557688615880980284e-71
0
0
DERIV 20
8.123616073459846748e-57
5.348832366973376888e-73
0
0
DERIV 21
-1.0416224262946962969e-58
-4.209137678528029105e-75
0
0
DERIV 22
1.2872691775607801349e-60
1.2352309979261444965e-76
0
0
DERIV 23
-1.5365568645739429215e-62
-9.957081508886331254e-79
0
0
DERIV 24
1.7749786436966186633e-64
1.5387583726880049626e-80
0
0
DERIV 25
-1.9878340090410028329e-66
-3.565693557250104916e-83
0
0
DERIV 26
2.161857044786906496e-68
-1.0973594949976596419e-84
0
0
DERIV 27
-2.2866404380898604405e-70
1.3512153612508760694e-86
0
0
DERIV 28
2.355643241504912543e-72
1.1279655686029029603e-89
0
0
DERIV 29
-2.3666605178772639339e-74
-1.5765608780577589267e-90
0
0
DERIV 30
2.3217365067606798455e-76
-2.170098189882706974e-93
0
0
DERIV 31
-2.226595984083118518e-78
5.715475806998170368e-96
0
0
DERIV 32
2.0897337471259525331e-80
-5.868296225230136487e-97
0
0
DERIV 33
-1.9213317824765980800e-82
5.185607292760237140e-99
0
0
DERIV 34
1.7321690428755654098e-84
3.139762962003521806e-101
0
0
DERIV 35
-1.5326580249211422637e-86
-5.391798703465466923e-103
0
0
AT 180
1.3952759391318175940e-26
-2.576352246971823776e-44
0
0
DERIV 1
-3.1134097800028456574e-27
4.264411014078717659e-44
0
0
DERIV 2
3.502446652679818254e-28
-2.1218654624363485909e-45
0
0
DERIV 3
-2.648704454923362607e-29
6.329189702609511537e-46
0
0
DERIV 4
1.5149685404158553296e-30
-6.691320206717132975e-47
0
0
DERIV 5
-6.991001833249392585e-32
-3.406263536553561529e-48
0
0
DERIV 6
2.7114301187530909767e-33
5.709391488945428871e-51
0
0
DERIV 7
-9.091670895885381161e-35
-2.4805814940619123337e-51
0
0
DERIV 8
2.6906588512337802373e-36
-1.5030991001321780716e-52
0
0
DERIV 9
-7.140209994697777012e-38
-4.996765716559023766e-54
0
0
DERIV 10
1.7203782985120896986e-39
1.3280667991253133242e-56
0
0
DERIV 11
-3.801809272874496479e-41
-6.446101609095842786e-58
0
0
DERIV 12
7.770374658904672921e-43
-6.894995297218396492e-59
0
0
DERIV 13
-1.4792200846597829273e-44
-1.0548891038196093974e-60
0
0
DERIV 14
2.6385629182519604581e-46
-7.234192797795734027e-64
0
0
DERIV 15
-4.432964831581905435e-48
8.467388847249711721e-65
0
0
DERIV 16
7.046514268856888171e-50
4.511666506201317052e-66
0
0
DERIV 17
-1.0639802523546297130e-51
-2.632631024678482907e-68
0
0
DERIV 18
1.5314510395573665242e-53
-4.301795803457411635e-70
0
0
DERIV 19
-2.1079039908927873597e-55
5.710229153101493873e-72
0
0
DERIV 20
2.782314978478605673e-57
3.0130717473731214178e-74
0
0
DERIV 21
-3.530864309089589528e-59
8.203168710384124656e-76
0
0
DERIV 22
4.318021886376160587e-61
-3.2977259702710013572e-77
0
0
DERIV 23
-5.099637571951064277e-63
-2.4446141095469612057e-79
0
0
DERIV 24
5.827589830952232138e-65
2.938963904504986150e-81
0
0
DERIV 25
-6.455214099085859763e-67
3.388458078921438235e-83
0
0
DERIV 26
6.942586697502053971e-69
-3.334339128723766605e-85
0
0
DERIV 27
-7.260805015937100299e-71
-6.898998585711798493e-87
0
0
DERIV 28
7.394646111241157502e-73
2.9387884881729286064e-89
0
0
DERIV 29
-7.343328730885878430e-75
3.039826103188027661e-91
0
0
DERIV 30
7.119458637661087579e-77
-5.316801823709919892e-93
0
0
DERIV 31
-6.746526256602241047e-79
2.4239400880853270781e-95
0
0
DERIV 32
6.255500619342146152e-81
-7.605570740248876165e-98
0
0
DERIV 33
-5.681110971937646032e-83
-2.0688411856702870602e-99
0
0
DERIV 34
5.058344274481360220e-85
-8.380830873874589917e-102
0
0
DERIV 35
-4.419549380270347571e-87
3.751033052064737279e-103
0
0
AT 184
5.733883864408900034e-27
3.1978167828351049919e-43
0
0
DERIV 1
-1.2701165477366784973e-27
5.033505180994298935e-44
0
0
DERIV 2
1.4182256395126245797e-28
-7.086510596782729893e-45
0
0
DERIV 3
-1.0644395703551020123e-29
5.505002837249849067e-46
0
0
DERIV 4
6.041589320461886984e-31
-3.698551757191541359e-47
0
0
DERIV 5
-2.766257694349526108e-32
-1.0231280166718940294e-48
0
0
DERIV 6
1.0643930055517055492e-33
7.184732816973453181e-50
0
0
DERIV 7
-3.540312668025706782e-35
-1.6980315991302393650e-51
0
0
DERIV 8
1.0391877233827528037e-36
-5.854916444561331765e-53
0
0
DERIV 9
-2.734803742526581389e-38
2.1385212149593169892e-54
0
0
DERIV 10
6.533720026982733258e-40
-2.724422112651858882e-56
0
0
DERIV 11
-1.4314925169911652834e-41
-9.984564768435480586e-58
0
0
DERIV 12
2.9003002526941057588e-43
8.405398834848849747e-60
0
0
DERIV 13
-5.472368761046071610e-45
2.1817813817760146225e-61
0
0
DERIV 14
9.673645450236292619e-47
-6.862334744385041294e-63
0
0
DERIV 15
-1.6104047258548572174e-48
8.304033253873645391e-65
0
0
DERIV 16
2.536123093961151497e-50
-4.185101530528935921e-67
0
0
DERIV 17
-3.793336269012778482e-52
2.012449869334188711e-68
0
0
DERIV 18
5.407774531987154152e-54
-2.901410559022523350e-70
0
0
DERIV 19
-7.371048237632943855e-56
-1.9128511793266321730e-72
0
0
DERIV 20
9.633461919266777978e-58
6.545344050118290834e-74
0
0
DERIV 21
-1.2102885317699767821e-59
8.111751039851073863e-76
0
0
DERIV 22
1.4650691783204928324e-61
8.475783200947669244e-78
0
0
DERIV 23
-1.7124232300693428878e-63
7.678045147193306448e-80
0
0
DERIV 24
1.936385924724477471e-65
-8.590293119421510185e-82
0
0
DERIV 25
-2.1221541929234334729e-67
-1.8867394069917128285e-84
0
0
DERIV 26
2.2577858479474741588e-69
8.670807205327669420e-87
0
0
DERIV 27
-2.3354619882211075172e-71
3.168239120405556462e-88
0
0
DERIV 28
2.3521398507447754310e-73
2.372742242332520223e-90
0
0
DERIV 29
-2.309549481022183397e-75
4.560838066931629327e-92
0
0
DERIV 30
2.2136065173873445409e-77
-3.504822074750889473e-94
0
0
DERIV 31
-2.0734005869762338958e-79
1.7250305638751455523e-96
0
0
DERIV 32
1.8999617592384108548e-81
-8.611863194761763226e-98
0
0
DERIV 33
-1.7050062284814502098e-83
1.5624201664466545460e-99
0
0
DERIV 34
1.4998265636560090658e-85
-8.018088989726090052e-102
0
0
DERIV 35
-1.2944361434591015119e-87
2.840503205850896461e-104
0
0
AT 188
2.3715168530667793103e-27
-1.4944716344909465717e-43
0
0
DERIV 1
-5.215642505671889583e-28
-3.101574982932518735e-44
0
0
DERIV 2
5.781577477883464009e-29
1.1981077861735995058e-45
0
0
DERIV 3
-4.307327354336194431e-30
-2.5393798744085659077e-46
0
0
DERIV 4
2.426454852363502435e-31
3.553481661474447816e-48
0
0
DERIV 5
-1.1025424381753358856e-32
-3.1694279790814428951e-49
0
0
DERIV 6
4.209525114899227858e-34
2.4056721039823609696e-51
0
0
DERIV 7
-1.3891434832730214567e-35
-1.0464971232815054844e-51
0
0
DERIV 8
4.045005436511323942e-37
2.538014112125709517e-53
0
0
DERIV 9
-1.0558819192112984619e-38
3.546096857663497249e-55
0
0
DERIV 10
2.5018284219944970567e-40
-1.4739377598929730258e-56
0
0
DERIV 11
-5.435467383858903367e-42
3.152134875444623398e-59
0
0
DERIV 12
1.0919025026785446558e-43
-7.984391730054316680e-60
0
0
DERIV 13
-2.0424475765877598075e-45
-1.1876230380747123321e-61
0
0
DERIV 14
3.578831694502107438e-47
6.812009996427275232e-64
0
0
DERIV 15
-5.904755249544633705e-49
2.880401582481634456e-66
0
0
DERIV 16
9.214939837483602666e-51
3.382910528620212625e-68
0
0
DERIV 17
-1.3656447813019284394e-52
-1.0838632871751102798e-69
0
0
DERIV 18
1.9287126037880748942e-54
3.976825664274368159e-71
0
0
DERIV 19
-2.604044770864235682e-56
1.2361089189398838018e-72
0
0
DERIV 20
3.370613664573130899e-58
-1.3668322987644253632e-74
0
0
DERIV 21
-4.193334582065502997e-60
-4.150262535203173488e-77
0
0
DERIV 22
5.025841962940668654e-62
-3.825660759801875304e-78
0
0
DERIV 23
-5.815372171025354317e-64
6.587226481030843298e-81
0
0
DERIV 24
6.508923706705890347e-66
-2.5639135364390897913e-83
0
0
DERIV 25
-7.059595075514622161e-68
3.227116851684313364e-84
0
0
DERIV 26
7.431997153161403064e-70
3.551927751667851215e-86
0
0
DERIV 27
-7.605880701733363584e-72
-4.217957428788966952e-88
0
0
DERIV 28
7.577525894273249409e-74
3.971171762604725170e-90
0
0
DERIV 29
-7.358893625200732573e-76
-6.037931894309778400e-92
0
0
DERIV 30
6.974928805008889944e-78
4.069204115274317344e-94
0
0
DERIV 31
-6.459659109724739503e-80
4.334426316461722090e-97
0
0
DERIV 32
5.851820980348727425e-82
2.4108287586068633126e-98
0
0
DERIV 33
-5.190683671952374121e-84
1.2879337228071042182e-100
0
0
DERIV 34
4.512576753688165440e-86
2.1070797883233646420e-102
0
0
DERIV 35
-3.848412876607563875e-88
1.0863271589185339246e-104
0
0
AT 192
9.869911131123185023e-28
4.228487248889640279e-44
0
0
DERIV 1
-2.155496382449738339e-28
1.3100644298108959653e-44
0
0
DERIV 2
2.3724107638294962325e-29
1.1569425758434485564e-45
0
0
DERIV 3
-1.7547139249142596380e-30
7.541439188073035137e-47
0
0
DERIV 4
9.812409800106743338e-32
5.065209074855769749e-48
0
0
DERIV 5
-4.425406493457322126e-33
-3.3452609077216137930e-49
0
0
DERIV 6
1.6768491186220074318e-34
-8.710946452582606395e-51
0
0
DERIV 7
-5.491094563032365511e-36
-2.3899545272056404747e-52
0
0
DERIV 8
1.5864597000246157855e-37
-4.107599152473397616e-54
0
0
DERIV 9
-4.108373056851091093e-39
-2.4006923988712917014e-55
0
0
DERIV 10
9.656114009556538637e-41
7.932097775324064715e-57
0
0
DERIV 11
-2.0807368659634424548e-42
1.2377746010076979260e-58
0
0
DERIV 12
4.145184921978365343e-44
4.118617827852420615e-61
0
0
DERIV 13
-7.688373071406876617e-46
-2.639342885732805442e-62
0
0
DERIV 14
1.3356458836267198937e-47
4.391433505262267598e-65
0
0
DERIV 15
-2.1845444148003568911e-49
1.2078256699553059969e-65
0
0
DERIV 16
3.379108804924169761e-51
-2.0095275475016351339e-67
0
0
DERIV 17
-4.962942883254366688e-53
-1.9038576491713279988e-69
0
0
DERIV 18
6.945467358976092255e-55
5.528924574899632407e-72
0
0
DERIV 19
-9.290836889752198811e-57
1.4853265077908456486e-73
0
0
DERIV 20
1.1913167759990395114e-58
8.819347265077395496e-75
0
0
DERIV 21
-1.4680086832096680841e-60
-7.545843046359546962e-79
0
0
DERIV 22
1.7424776063348670897e-62
-4.667013702169813567e-79
0
0
DERIV 23
-1.9964715701581845696e-64
-1.5237263298620288957e-80
0
0
DERIV 24
2.2123791920218778633e-66
-3.1761157445277010222e-83
0
0
DERIV 25
-2.375374333809144950e-68
1.0463804933677523822e-84
0
0
DERIV 26
2.4751209204732700426e-70
-1.3719599562385196764e-86
0
0
DERIV 27
-2.506775249232199535e-72
8.686705287171873947e-89
0
0
DERIV 28
2.4711800395227336231e-74
1.3766063034273028398e-90
0
0
DERIV 29
-2.3743040678452514845e-76
9.449103606534838488e-93
0
0
DERIV 30
2.226106712489173533e-78
-1.8342019461208527227e-94
0
0
DERIV 31
-2.0390764651031337016e-80
-1.5894186857507560719e-96
0
0
DERIV 32
1.8267024167871175547e-82
-8.525001984442905445e-99
0
0
DERIV 33
-1.6020984633828980729e-84
-7.772325313608442112e-101
0
0
DERIV 34
1.3769305035751815859e-86
-3.240781223666659433e-103
0
0
DERIV 35
-1.1607179616691736145e-88
-2.2969271608747576442e-105
0
0
AT 196
4.132710285038797217e-28
2.347118708753817692e-44
0
0
DERIV 1
-8.963637943543608003e-29
7.779370603681417455e-46
0
0
DERIV 2
9.797052334292794988e-30
-9.481133360320603645e-47
0
0
DERIV 3
-7.195035388404295050e-31
1.5056953948165161730e-47
0
0
DERIV 4
3.994617375360486889e-32
1.9395207337509334661e-48
0
0
DERIV 5
-1.7884495683431433055e-33
1.1583451293712714794e-50
0
0
DERIV 6
6.726543550800640018e-35
-3.777968971541277105e-51
0
0
DERIV 7
-2.1861555596066740464e-36
6.387778981352641275e-53
0
0
DERIV 8
6.267933578879932629e-38
-7.729247493933932740e-57
0
0
DERIV 9
-1.6105965606294755565e-39
-1.5525814412454399821e-55
0
0
DERIV 10
3.755679377930786369e-41
1.7745027926398143724e-57
0
0
DERIV 11
-8.028224826779943832e-43
3.364397601660660238e-59
0
0
DERIV 12
1.5863859972962063082e-44
9.567892566458103868e-61
0
0
DERIV 13
-2.9181506659815379011e-46
1.5550352558441766633e-62
0
0
DERIV 14
5.027105222648325019e-48
-8.413582292513226723e-65
0
0
DERIV 15
-8.152397941001357265e-50
-4.519415177215617404e-66
0
0
DERIV 16
1.2501679917725756735e-51
4.628406380445970784e-68
0
0
DERIV 17
-1.8200799339333135663e-53
-6.686451996238373082e-70
0
0
DERIV 18
2.5245289526727876113e-55
-1.2479580799757096989e-71
0
0
DERIV 19
-3.346598239932407852e-57
2.4909696891386117069e-73
0
0
DERIV 20
4.251943657036204684e-59
-4.485858844757353898e-76
0
0
DERIV 21
-5.190886160379082249e-61
1.5485535314300796923e-77
0
0
DERIV 22
6.103421710499627100e-63
-2.742196091825632402e-79
0
0
DERIV 23
-6.926323888651606625e-65
-3.422676045128821262e-81
0
0
DERIV 24
7.601030858274319145e-67
2.134570454548997045e-84
0
0
DERIV 25
-8.080860765551733974e-69
2.908188286086625794e-85
0
0
DERIV 26
8.336305363585070489e-71
-3.568616185094460651e-87
0
0
DERIV 27
-8.357624842250821817e-73
-1.2039780616998780357e-89
0
0
DERIV 28
8.154559025747880786e-75
-2.2350399668996756061e-94
0
0
DERIV 29
-7.753523445214897146e-77
2.006669615687607479e-93
0
0
DERIV 30
7.193052467566065961e-79
-4.873753750160519589e-95
0
0
DERIV 31
-6.518427396117557656e-81
-1.6725169107195451121e-97
0
0
DERIV 32
5.776391287716318681e-83
3.4364176011265979420e-99
0
0
DERIV 33
-5.010657838951150880e-85
5.119934502079166156e-102
0
0
DERIV 34
4.258645185576907565e-87
-2.2172411840953165477e-104
0
0
DERIV 35
-3.549581162276559392e-89
-5.186985703029004611e-106
0
0
AT 200
1.7406839280555584610e-28
6.863485412173892139e-45
0
0
DERIV 1
-3.750117273895931762e-29
-2.5533387117021753724e-45
0
0
DERIV 2
4.070861801173482568e-30
2.3455847478465927619e-46
0
0
DERIV 3
-2.968987576778822360e-31
9.773277926091135145e-48
0
0
DERIV 4
1.6367735535427755766e-32
-1.2829077611177849738e-49
0
0
DERIV 5
-7.275801734685303656e-34
-3.505899191280541507e-50
0
0
DERIV 6
2.716683038471862078e-35
-5.835385631391001398e-52
0
0
DERIV 7
-8.764403721086501399e-37
3.740265088395972335e-53
0
0
DERIV 8
2.494082322482798681e-38
-1.2843682025218595319e-54
0
0
DERIV 9
-6.360165027139862160e-40
-1.3975700209792458280e-57
0
0
DERIV 10
1.4716848956809418607e-41
-9.246506871044266539e-59
0
0
DERIV 11
-3.1213279850844240794e-43
-1.6527641467592811454e-59
0
0
DERIV 12
6.118860165860829367e-45
5.631131149059371921e-61
0
0
DERIV 13
-1.1165000837543344628e-46
-9.689419627451314253e-63
0
0
DERIV 14
1.9076795162447257889e-48
1.2343508622181256622e-64
0
0
DERIV 15
-3.068001843801589774e-50
-2.2056438261816178711e-66
0
0
DERIV 16
4.665167722598715484e-52
-3.385993267024342142e-68
0
0
DERIV 17
-6.733847319393369105e-54
-1.0678984325206507085e-70
0
0
DERIV 18
9.259164666057163688e-56
-4.225218439516644509e-72
0
0
DERIV 19
-1.2166282167595773933e-57
-5.959960915287142479e-74
0
0
DERIV 20
1.5319632997923023823e-59
4.636279056869578657e-76
0
0
DERIV 21
-1.8533273406400218468e-61
-8.720603570142711856e-78
0
0
DERIV 22
2.1591187227579943134e-63
-8.706055842434686218e-80
0
0
DERIV 23
-2.427396755319222225e-65
1.0181096657502955273e-81
0
0
DERIV 24
2.6386827854501821026e-67
-1.4635508140702937816e-83
0
0
DERIV 25
-2.778372865914326112e-69
2.1883529369161045735e-85
0
0
DERIV 26
2.8383494992163697926e-71
-7.098503374173061776e-88
0
0
DERIV 27
-2.8175736487541211385e-73
1.3849822834097734553e-89
0
0
DERIV 28
2.721657803096935748e-75
-9.567523427483433751e-92
0
0
DERIV 29
-2.5616098581723693715e-77
1.6517200181414725002e-93
0
0
DERIV 30
2.3520573626947744186e-79
-6.970754595372894742e-96
0
0
DERIV 31
-2.109298541392804244e-81
-1.6621298730733574304e-97
0
0
DERIV 32
1.8494896920078396633e-83
1.7475425190456268920e-99
0
0
DERIV 33
-1.5871922999529657501e-85
-6.239659019848343288e-102
0
0
DERIV 34
1.3343969060253273770e-87
8.915708423675467535e-105
0
0
DERIV 35
-1.1000404084880388428e-89
2.747062456277150292e-106
0
0
AT 204
7.373946612682805394e-29
5.528042994581194707e-45
0
0
DERIV 1
-1.5781868145372071999e-29
-4.998664675452436552e-46
0
0
DERIV 2
1.7017262307652045252e-30
5.038266258456603980e-47
0
0
DERIV 3
-1.2326992215293016947e-31
-5.286957492418274451e-49
0
0
DERIV 4
6.748973724791524746e-33
3.843730295322804508e-49
0
0
DERIV 5
-2.979097643482764636e-34
-1.1599003761236650686e-50
0
0
DERIV 6
1.1044633392717421056e-35
-3.853244206644010424e-52
0
0
DERIV 7
-3.537498239610332209e-37
-4.164310935469626222e-54
0
0
DERIV 8
9.993062621596833107e-39
-8.005211288336701551e-56
0
0
DERIV 9
-2.5294260944892623484e-40
-1.2369093114916878707e-57
0
0
DERIV 10
5.808786703190685489e-42
5.269175214920588952e-58
0
0
DERIV 11
-1.2225808314903010745e-43
-6.078688903778688544e-60
0
0
DERIV 12
2.3780789897570765754e-45
6.241539529950713517e-62
0
0
DERIV 13
-4.305082527625990330e-47
-1.4871706743282366088e-63
0
0
DERIV 14
7.296993087319963728e-49
7.381223799201336566e-65
0
0
DERIV 15
-1.1640139596304777651e-50
-1.7684291965448488380e-67
0
0
DERIV 16
1.7554222246390033468e-52
1.6041897251314483620e-68
0
0
DERIV 17
-2.5126761562067884234e-54
-1.8245098892761986671e-71
0
0
DERIV 18
3.425710246101409050e-56
1.5877709631827735342e-72
0
0
DERIV 19
-4.462604564455607312e-58
-2.5177083138942488661e-74
0
0
DERIV 20
5.570269810151106620e-60
5.493573822106026954e-76
0
0
DERIV 21
-6.679170533645337898e-62
4.160844281184525766e-78
0
0
DERIV 22
7.711416887983457480e-64
3.1902061235797063796e-80
0
0
DERIV 23
-8.590728385897597252e-66
2.6910752235738095522e-83
0
0
DERIV 24
9.252345992885973147e-68
-1.6735836745635264110e-84
0
0
DERIV 25
-9.651041577342621005e-70
-8.553080213192573855e-87
0
0
DERIV 26
9.765886325781979418e-72
-7.797666267164383237e-88
0
0
DERIV 27
-9.601211458903877285e-74
5.855028724325390692e-91
0
0
DERIV 28
9.183997679069354865e-76
5.212595008514030673e-92
0
0
DERIV 29
-8.558565220422852474e-78
1.1284800002241886342e-94
0
0
DERIV 30
7.779785409012112837e-80
-4.902383665464529773e-96
0
0
DERIV 31
-6.906074640863899829e-82
5.388226841690669545e-98
0
0
DERIV 32
5.993220056012805430e-84
2.405872489022078862e-100
0
0
DERIV 33
-5.089725698378891312e-86
-2.9196708118071658158e-102
0
0
DERIV 34
4.233969010183166883e-88
-1.8548963146608540482e-104
0
0
DERIV 35
-3.453109164947773029e-90
1.5001576747718727793e-106
0
0
AT 208
3.141305308923415991e-29
1.2711653622230886287e-45
0
0
DERIV 1
-6.679711727551106457e-30
5.886019240149503552e-46
0
0
DERIV 2
7.155431617171469454e-31
3.135210143203020712e-47
0
0
DERIV 3
-5.148813501755017321e-32
-1.2269024121471587299e-49
0
0
DERIV 4
2.7999361128431116971e-33
4.519567528246485002e-50
0
0
DERIV 5
-1.2274711726735945366e-34
4.376541480694530733e-52
0
0
DERIV 6
4.519072092006774739e-36
2.1744848605414129563e-52
0
0
DERIV 7
-1.4372099449375549645e-37
8.167373976483857568e-54
0
0
DERIV 8
4.030905522366433001e-39
2.8548692413319674846e-55
0
0
DERIV 9
-1.0128833894975953703e-40
2.3665910920409341125e-58
0
0
DERIV 10
2.3089214224263654540e-42
-1.3776013358445034580e-58
0
0
DERIV 11
-4.823250484119183520e-44
1.0957714843351444526e-60
0
0
DERIV 12
9.310621839482448014e-46
-5.751372334996607143e-63
0
0
DERIV 13
-1.6725348350215118276e-47
-9.520979938078197008e-64
0
0
DERIV 14
2.8127391033122526807e-49
1.4135839137580255864e-65
0
0
DERIV 15
-4.451286347809539127e-51
1.5647300763107387492e-67
0
0
DERIV 16
6.658865407937025645e-53
-2.573504791325418081e-69
0
0
DERIV 17
-9.453560701218225740e-55
3.630229265402386586e-71
0
0
DERIV 18
1.2781982851767974439e-56
1.0126937389813678355e-72
0
0
DERIV 19
-1.6510973425686465934e-58
-9.443808266436109096e-76
0
0
DERIV 20
2.0433589633440901557e-60
-1.5692601278960140572e-77
0
0
DERIV 21
-2.428970106689818468e-62
6.931425565339539054e-79
0
0
DERIV 22
2.7797876991533158066e-64
-2.824099328919489183e-81
0
0
DERIV 23
-3.069244140102074875e-66
-2.4589091608390685466e-82
0
0
DERIV 24
3.275843242524508468e-68
-1.5494360494802845004e-84
0
0
DERIV 25
-3.385795003837704366e-70
-2.4299530680838726188e-86
0
0
DERIV 26
3.394364239931719932e-72
1.2950567815506119129e-89
0
0
DERIV 27
-3.3058098769828130872e-74
-1.7640565401790632320e-90
0
0
DERIV 28
3.132081952649132259e-76
1.2317691663972326860e-92
0
0
DERIV 29
-2.890653323722081855e-78
-2.2145763385292905000e-94
0
0
DERIV 30
2.6019580394207388096e-80
-1.4281082506698236644e-96
0
0
DERIV 31
-2.2868899986375154042e-82
-1.0888867666152741195e-100
0
0
DERIV 32
1.9647128540572710343e-84
-2.4330759491305107305e-101
0
0
DERIV 33
-1.6515869742964693973e-86
1.5746671360700942343e-102
0
0
DERIV 34
1.3597722533617504494e-88
-3.564384894831607902e-105
0
0
DERIV 35
-1.0974464816325535488e-90
-6.207512901917009282e-107
0
0
AT 212
1.3455141967343009427e-29
2.0227106775296874665e-46
0
0
DERIV 1
-2.8430110329056547316e-30
1.0833436662299829466e-46
0
0
DERIV 2
3.025926412927401654e-31
-2.0764348051177816303e-47
0
0
DERIV 3
-2.1631658189678850958e-32
-8.964538201603580345e-49
0
0
DERIV 4
1.1685538451429747681e-33
-2.941192725934395118e-50
0
0
DERIV 5
-5.088468718637008001e-35
2.976235573130221151e-51
0
0
DERIV 6
1.8606167985167967513e-36
2.0243942628185233518e-53
0
0
DERIV 7
-5.876460489810128084e-38
6.702828909353620599e-55
0
0
DERIV 8
1.6365966813659827473e-39
-8.972571225007964109e-56
0
0
DERIV 9
-4.083164398144147599e-41
7.611486638094471812e-58
0
0
DERIV 10
9.240581546744813890e-43
7.110334801737488341e-59
0
0
DERIV 11
-1.9161808976645204010e-44
5.703421483329727929e-61
0
0
DERIV 12
3.671429310934558197e-46
-8.402100535696813383e-63
0
0
DERIV 13
-6.545520091966455367e-48
-7.506274160262926622e-65
0
0
DERIV 14
1.0923532976849559983e-49
1.6803292351257351924e-66
0
0
DERIV 15
-1.7152820727402933130e-51
-1.0011806507272960141e-67
0
0
DERIV 16
2.545761662987052729e-53
-6.749093640930083346e-70
0
0
DERIV 17
-3.585345905065264240e-55
-3.601065960369597072e-72
0
0
DERIV 18
4.808417617929335437e-57
2.5428851624821080205e-73
0
0
DERIV 19
-6.160197385313382739e-59
-1.7295428793721856541e-75
0
0
DERIV 20
7.560210002571890776e-61
-2.0851944716824785656e-77
0
0
DERIV 21
-8.911019800512825264e-63
5.300328626101256765e-79
0
0
DERIV 22
1.0110701729078625636e-64
2.124990975271506920e-81
0
0
DERIV 23
-1.1066582333958297496e-66
1.4991062003985211021e-83
0
0
DERIV 24
1.1707528158632582122e-68
6.558478347062394548e-85
0
0
DERIV 25
-1.1992507932853835213e-70
5.156140333606728716e-87
0
0
DERIV 26
1.1914119524439439153e-72
1.0549202104272333614e-88
0
0
DERIV 27
-1.1496936124409841465e-74
6.949116925605335956e-92
0
0
DERIV 28
1.0791563879861089605e-76
3.662711008894915373e-93
0
0
DERIV 29
-9.865981977287606207e-79
3.700471791629288687e-96
0
0
DERIV 30
8.795963238602717815e-81
-6.757120045461601280e-97
0
0
DERIV 31
-7.656190842850692811e-83
-7.328313576158553240e-101
0
0
DERIV 32
6.513227899632381097e-85
-4.634586528589620345e-101
0
0
DERIV 33
-5.420926721109489004e-87
-2.895674894049874200e-103
0
0
DERIV 34
4.418330598271829497e-89
-3.4044565996476966349e-105
0
0
DERIV 35
-3.529720064818075863e-91
2.3998923388718539511e-107
0
0
AT 216
5.793953570614959682e-30
-1.0885524718950761367e-46
0
0
DERIV 1
-1.2166327330434743141e-30
-7.286570377792713927e-47
0
0
DERIV 2
1.2867489361773922817e-31
5.244891954768114333e-48
0
0
DERIV 3
-9.139858741099844605e-33
5.239424526298532417e-49
0
0
DERIV 4
4.905369928588246272e-34
1.5269626918646916867e-50
0
0
DERIV 5
-2.1219839427345381899e-35
-2.1684000738990279642e-52
0
0
DERIV 6
7.707293455396342092e-37
-1.9879104550250050557e-54
0
0
DERIV 7
-2.417732335865508168e-38
1.9302656944223185802e-54
0
0
DERIV 8
6.687109284208532069e-40
2.791485713266337615e-56
0
0
DERIV 9
-1.6567399461899645206e-41
8.611842384231507736e-58
0
0
DERIV 10
3.722831070432378907e-43
-1.3659779191842222277e-59
0
0
DERIV 11
-7.664474249657356237e-45
-4.322111217760626545e-61
0
0
DERIV 12
1.4578325125709309042e-46
-3.193550146644338797e-63
0
0
DERIV 13
-2.5798678421819015729e-48
-1.978499818843039093e-65
0
0
DERIV 14
4.273178058412875084e-50
-6.710313312643665316e-67
0
0
DERIV 15
-6.659033634788949879e-52
-1.4896912026916267154e-69
0
0
DERIV 16
9.806949367548162421e-54
1.3212162844092286395e-70
0
0
DERIV 17
-1.3703769391275290961e-55
-1.5342344243554459659e-72
0
0
DERIV 18
1.8232899597423544560e-57
8.140225397627977811e-74
0
0
DERIV 19
-2.317096432754594077e-59
9.196847553563043923e-77
0
0
DERIV 20
2.8205263443921826029e-61
4.487493984024907691e-78
0
0
DERIV 21
-3.297015652636141892e-63
6.366551344136547663e-80
0
0
DERIV 22
3.709558889351624944e-65
7.170606928928295570e-82
0
0
DERIV 23
-4.025793965898334706e-67
1.3292706143457721211e-83
0
0
DERIV 24
4.222305005104757200e-69
2.5640232086834826455e-85
0
0
DERIV 25
-4.287357827826170648e-71
-2.120286988046363297e-87
0
0
DERIV 26
4.221683049580470796e-73
2.3417624493493476611e-89
0
0
DERIV 27
-4.037365454726648593e-75
-2.2446111644209795202e-91
0
0
DERIV 28
3.755265351928028057e-77
3.123801115807271383e-94
0
0
DERIV 29
-3.401610811996246516e-79
1.4084430536749325952e-96
0
0
DERIV 30
3.004438296617094626e-81
-2.6183284980338606065e-98
0
0
DERIV 31
-2.5904517581642473759e-83
8.951701276834539076e-100
0
0
DERIV 32
2.1826746735101090787e-85
2.4543131948762044188e-102
0
0
DERIV 33
-1.7990497703870691242e-87
-3.197621235008712061e-104
0
0
DERIV 34
1.4519496048645769337e-89
3.824007464417460669e-106
0
0
DERIV 35
-1.1484284905535043154e-91
-2.0933561887076715035e-108
0
0
AT 220
2.5079189597247131716e-30
1.9495121311691074972e-47
0
0
DERIV 1
-5.234098073311850552e-31
-5.977054102153834453e-48
0
0
DERIV 2
5.501505230767755524e-32
2.2075981367311191468e-48
0
0
DERIV 3
-3.883233351564234855e-33
-6.915901559903824613e-50
0
0
DERIV 4
2.070868210002163115e-34
-9.709802802117712264e-52
0
0
DERIV 5
-8.900396225103246023e-36
-5.720138188855658227e-52
0
0
DERIV 6
3.211552424673002818e-37
-1.2824303561306993954e-55
0
0
DERIV 7
-1.0007509272089344692e-38
4.131203011770341654e-55
0
0
DERIV 8
2.7492809505915867177e-40
1.1423109428943189293e-57
0
0
DERIV 9
-6.764811491682816501e-42
-4.915637139578256860e-58
0
0
DERIV 10
1.5095675481936862805e-43
1.0622501158365245826e-60
0
0
DERIV 11
-3.086001659880651615e-45
-7.572467064636613700e-62
0
0
DERIV 12
5.827901105108247082e-47
4.684770455701196794e-63
0
0
DERIV 13
-1.0238785592416534829e-48
2.791514561212210623e-65
0
0
DERIV 14
1.6834631998546618286e-50
-1.0584706042146230475e-66
0
0
DERIV 15
-2.6038754813640734541e-52
7.084174386851300802e-69
0
0
DERIV 16
3.805866490806742809e-54
2.7149615925348270786e-70
0
0
DERIV 17
-5.277449127005070259e-56
1.2240592363993796998e-72
0
0
DERIV 18
6.967187335487924866e-58
-3.1748476388395292822e-74
0
0
DERIV 19
-8.784488721217050173e-60
1.9150625024329942577e-77
0
0
DERIV 20
1.0607808021525356180e-61
2.440837128490657843e-78
0
0
DERIV 21
-1.2299619538913851972e-63
1.1887322565232822023e-79
0
0
DERIV 22
1.3725235072373934207e-65
7.428555966347422335e-82
0
0
DERIV 23
-1.4771589031307386649e-67
-2.652568894639502666e-84
0
0
DERIV 24
1.5362233496331554634e-69
-1.1999601616758457338e-85
0
0
DERIV 25
-1.5465863567750465415e-71
9.420198156403537436e-88
0
0
DERIV 26
1.5097325641076760754e-73
-6.965419669369810768e-91
0
0
DERIV 27
-1.4311738192026117512e-75
-8.455221441850277126e-92
0
0
DERIV 28
1.3193637770467264284e-77
-2.6502669898601808955e-95
0
0
DERIV 29
-1.1843704843847195354e-79
-1.5859957975282396788e-96
0
0
DERIV 30
1.0365600036763550354e-81
2.5692511606124577197e-98
0
0
DERIV 31
-8.854903501144195744e-84
7.285135695453696675e-100
0
0
DERIV 32
7.391341406385431566e-86
-3.717717756354836062e-102
0
0
DERIV 33
-6.034648144723015562e-88
1.3925362442599175288e-104
0
0
DERIV 34
4.823733239767714069e-90
3.087183944916325289e-106
0
0
DERIV 35
-3.778391729325508875e-92
-3.128989348241279400e-109
0
0
AT 224
1.0910617326975931021e-30
3.736282916184355333e-47
0
0
DERIV 1
-2.263442200520449756e-31
2.5594284556101941051e-48
0
0
DERIV 2
2.3646313295874794785e-32
1.7068050994120899383e-49
0
0
DERIV 3
-1.6587917351094913445e-33
6.438448161568399556e-50
0
0
DERIV 4
8.790809913047502908e-35
4.851594855951241439e-52
0
0
DERIV 5
-3.754264744080765282e-36
-8.546469638604419409e-53
0
0
DERIV 6
1.3459541107683739762e-37
7.385570253541624957e-54
0
0
DERIV 7
-4.166783799372380120e-39
1.2502308762159583709e-55
0
0
DERIV 8
1.1371384733210298792e-40
6.709588659235272289e-57
0
0
DERIV 9
-2.7792539178346335934e-42
-2.582054508364661338e-59
0
0
DERIV 10
6.159733293289621922e-44
-4.469037185723767725e-60
0
0
DERIV 11
-1.2505480444618144951e-45
-6.257619299954311173e-62
0
0
DERIV 12
2.345140247760167815e-47
4.962067276591695828e-64
0
0
DERIV 13
-4.090859720052605202e-49
3.687995206887901025e-66
0
0
DERIV 14
6.677837659678908144e-51
-5.684316743782726955e-68
0
0
DERIV 15
-1.0253559794937804127e-52
8.675568637273246640e-69
0
0
DERIV 16
1.4875991204050972529e-54
7.887141311699484811e-71
0
0
DERIV 17
-2.047338076945046175e-56
-5.788761313820812384e-73
0
0
DERIV 18
2.6823222036885473919e-58
8.234534762062283133e-75
0
0
DERIV 19
-3.355925238317129578e-60
1.5723215166285741777e-76
0
0
DERIV 20
4.020848821662305058e-62
1.3057130382253608849e-79
0
0
DERIV 21
-4.625233427663622707e-64
-1.9528852283587806999e-80
0
0
DERIV 22
5.119939778463059451e-66
7.214383170087833036e-83
0
0
DERIV 23
-5.465478550081618852e-68
2.763987938568922145e-84
0
0
DERIV 24
5.637203843049368813e-70
-7.667720385420343150e-87
0
0
DERIV 25
-5.627870586200051007e-72
2.5040249884322220071e-89
0
0
DERIV 26
5.447313056402046370e-74
-7.714138132681598152e-91
0
0
DERIV 27
-5.119630495205551334e-76
1.7957677446109931549e-92
0
0
DERIV 28
4.678708326122084078e-78
1.2981708615814549246e-94
0
0
DERIV 29
-4.163083987395680977e-80
1.8573834192983914497e-96
0
0
DERIV 30
3.611095609047678230e-82
-1.4257911494636275355e-98
0
0
DERIV 31
-3.057002965244362276e-84
1.1626517901101265549e-100
0
0
DERIV 32
2.5284427575099503154e-86
1.2276383785351183957e-102
0
0
DERIV 33
-2.0452661314855909907e-88
1.2722103891214769531e-104
0
0
DERIV 34
1.6195680099815819388e-90
1.8503890207144610014e-107
0
0
DERIV 35
-1.2565819542337055783e-92
2.430018404761349171e-109
0
0
AT 228
4.770131181696524690e-31
1.0426341176035022197e-47
0
0
DERIV 1
-9.837580470717357612e-32
-2.0285750383870908604e-48
0
0
DERIV 2
1.0216071883946106043e-32
-6.009608740048036440e-49
0
0
DERIV 3
-7.123233772752403463e-34
-3.557205575688229476e-50
0
0
DERIV 4
3.751818164151452095e-35
-2.6639409943423354501e-51
0
0
DERIV 5
-1.5923098177600583880e-36
2.1913797457961730963e-54
0
0
DERIV 6
5.672629897551104765e-38
1.0691034435133812628e-54
0
0
DERIV 7
-1.7448894763864230517e-39
-1.1995227293955515238e-55
0
0
DERIV 8
4.731009533691256897e-41
-2.583777528778679319e-57
0
0
DERIV 9
-1.1486890431206702504e-42
-5.402526373835180454e-59
0
0
DERIV 10
2.528888792403858474e-44
-1.8752109610566061133e-61
0
0
DERIV 11
-5.099423617415299909e-46
-2.179289447940886268e-62
0
0
DERIV 12
9.497324176492058229e-48
-2.4135286394458501591e-64
0
0
DERIV 13
-1.6451941109563098728e-49
2.3681996471462940695e-66
0
0
DERIV 14
2.6666527316971891538e-51
2.644322863329921822e-68
0
0
DERIV 15
-4.065283194553640920e-53
1.3111139925017819025e-69
0
0
DERIV 16
5.855238984324603009e-55
-1.8007738911327264304e-71
0
0
DERIV 17
-7.999216866347646115e-57
-1.5715048639173408337e-73
0
0
DERIV 18
1.0402177188451167940e-58
-8.272681609932297585e-75
0
0
DERIV 19
-1.2916259710439940559e-60
-1.1226306242982121312e-76
0
0
DERIV 20
1.5357086289654586929e-62
-2.980157296542918941e-79
0
0
DERIV 21
-1.7528564106556384748e-64
1.6588274863609614760e-80
0
0
DERIV 22
1.9251022096143411447e-66
-1.2774070144175644838e-82
0
0
DERIV 23
-2.038673520799178227e-68
1.9926739028790284093e-84
0
0
DERIV 24
2.0857763073617039094e-70
8.706038117859824298e-87
0
0
DERIV 25
-2.0653146513650842548e-72
-1.0415156891020974379e-88
0
0
DERIV 26
1.9825124099089287675e-74
-8.682048643982945451e-91
0
0
DERIV 27
-1.8476371472048325310e-76
-5.236632992256517403e-93
0
0
DERIV 28
1.6741766774058607645e-78
1.1925562299429034743e-94
0
0
DERIV 29
-1.4768631055885843782e-80
-6.934255089024969542e-97
0
0
DERIV 30
1.2698899279945320451e-82
4.059296385306033618e-99
0
0
DERIV 31
-1.0655578393051938959e-84
-2.0016915765798500912e-101
0
0
DERIV 32
8.734543869727792991e-87
-3.2388388353491610020e-105
0
0
DERIV 33
-7.001555756535745852e-89
1.9596526696839628431e-105
0
0
DERIV 34
5.493549807111052185e-91
5.006087622960289604e-108
0
0
DERIV 35
-4.222846024962692982e-93
1.5565103566569384393e-109
0
0
AT 232
2.095590691072499678e-31
2.1310778113357361737e-47
0
0
DERIV 1
-4.296817253260865579e-32
9.655573493106260023e-49
0
0
DERIV 2
4.435981606656896096e-33
-3.1307392988814422626e-49
0
0
DERIV 3
-3.074641534122363692e-34
1.4234251235661999217e-50
0
0
DERIV 4
1.6096608283484378400e-35
-6.724485451876836418e-52
0
0
DERIV 5
-6.789828384233087459e-37
2.608402851209331297e-53
0
0
DERIV 6
2.403904216482651638e-38
1.6536839834943579549e-54
0
0
DERIV 7
-7.347921365413265253e-40
-2.999902435020211208e-57
0
0
DERIV 8
1.9795942314128830016e-41
8.241874128944955380e-58
0
0
DERIV 9
-4.775425365744507863e-43
-3.928999241400167352e-59
0
0
DERIV 10
1.0444496971656422400e-44
3.330463260843039544e-61
0
0
DERIV 11
-2.0921250076340921410e-46
-1.2397160155064229975e-62
0
0
DERIV 12
3.870228657227159032e-48
-1.3963592196652973664e-64
0
0
DERIV 13
-6.658569938510261015e-50
-4.113927369807915716e-66
0
0
DERIV 14
1.0718103266224466049e-51
-2.068264585440228770e-68
0
0
DERIV 15
-1.6225149278835727374e-53
4.230173854734167579e-70
0
0
DERIV 16
2.3203168315115197422e-55
1.4092940804193458417e-71
0
0
DERIV 17
-3.147116625030657852e-57
-5.181586201472316442e-76
0
0
DERIV 18
4.062654076322393632e-59
-3.451816328023223614e-75
0
0
DERIV 19
-5.007255312330194334e-61
2.9853144114457498191e-77
0
0
DERIV 20
5.908890162036064636e-63
-2.0687198349929695366e-79
0
0
DERIV 21
-6.693202213310659183e-65
-1.1483398903599905123e-81
0
0
DERIV 22
7.294372520078248429e-67
1.4295056802633748752e-83
0
0
DERIV 23
-7.664504007351862528e-69
1.5533250999984092012e-85
0
0
DERIV 24
7.779679154600757488e-71
4.624957555422666586e-87
0
0
DERIV 25
-7.641749654809350832e-73
-5.162072625478141373e-89
0
0
DERIV 26
7.275952563447499517e-75
9.501742597367806659e-92
0
0
DERIV 27
-6.725312217507540451e-77
-2.700471461291516175e-93
0
0
DERIV 28
6.043284837351906409e-79
2.7260883642572194898e-95
0
0
DERIV 29
-5.286180263971798545e-81
-4.162436468962541194e-97
0
0
DERIV 30
4.506625453538404375e-83
8.214680569580654539e-100
0
0
DERIV 31
-3.748862991763071568e-85
2.4247144761896139428e-101
0
0
DERIV 32
3.046163601189192695e-87
2.1332235759191324658e-105
0
0
DERIV 33
-2.4201992656842268268e-89
-1.6261539154935927764e-105
0
0
DERIV 34
1.8819418043573910804e-91
5.961421239793543706e-110
0
0
DERIV 35
-1.4335332015305249319e-93
6.015087124803631975e-111
0
0
AT 236
9.249743846995341250e-32
-2.3476099864033017003e-48
0
0
DERIV 1
-1.8857999083152877147e-32
1.0071454472448614112e-48
0
0
DERIV 2
1.9356628262859243189e-33
-1.6857330160972401335e-49
0
0
DERIV 3
-1.3338008844594924546e-34
-2.6187698285185138512e-51
0
0
DERIV 4
6.941482976295667370e-36
-3.0982421175090476466e-52
0
0
DERIV 5
-2.910465413315036066e-37
1.4952403195382627222e-53
0
0
DERIV 6
1.0241663120143937263e-38
2.2138873551568292927e-55
0
0
DERIV 7
-3.1112218389112021813e-40
1.9428687733996122442e-56
0
0
DERIV 8
8.329497999223135954e-42
-2.5248545153179414123e-58
0
0
DERIV 9
-1.9966109640955168376e-43
1.1477010942920472332e-59
0
0
DERIV 10
4.338801549123556372e-45
1.9635902559504322535e-61
0
0
DERIV 11
-8.634405604397453850e-47
-3.937961141683659033e-64
0
0
DERIV 12
1.5867381050341485826e-48
4.511348943844699357e-65
0
0
DERIV 13
-2.711653734210066783e-50
-2.1639277412257640338e-66
0
0
DERIV 14
4.335270961211542655e-52
-1.1290365245821604654e-68
0
0
DERIV 15
-6.517665175853614301e-54
2.8976388564306053515e-70
0
0
DERIV 16
9.255827570279868469e-56
2.752762280332434615e-72
0
0
DERIV 17
-1.2465353780034187755e-57
-5.698822411738645108e-74
0
0
DERIV 18
1.5976594796144721175e-59
8.553092792181938109e-76
0
0
DERIV 19
-1.9548576313104642610e-61
-5.504300183738165943e-78
0
0
DERIV 20
2.2899204045505657495e-63
-9.992727623430818989e-80
0
0
DERIV 21
-2.574572815149308551e-65
-1.1602800483563360697e-81
0
0
DERIV 22
2.7846670827584127118e-67
6.399814437623665398e-84
0
0
DERIV 23
-2.903624948078011144e-69
-1.8310286436010960206e-85
0
0
DERIV 24
2.9244618680701180650e-71
1.3126040644159710547e-87
0
0
DERIV 25
-2.850107760138370246e-73
3.386540704098870156e-90
0
0
DERIV 26
2.692146097010884892e-75
-4.608787034458777998e-93
0
0
DERIV 27
-2.4684101462607861857e-77
-1.7620057166428549469e-93
0
0
DERIV 28
2.2000350346364090712e-79
-1.2317689351083996428e-95
0
0
DERIV 29
-1.9085584768030716328e-81
7.686128230743504972e-98
0
0
DERIV 30
1.6135298985174773448e-83
-6.722359703036142552e-100
0
0
DERIV 31
-1.3308896267718074726e-85
-4.094305504896465554e-102
0
0
DERIV 32
1.0721789873079959045e-87
-5.096195104893653081e-105
0
0
DERIV 33
-8.444837356795431556e-90
3.826795505556045707e-106
0
0
DERIV 34
6.509187745891028105e-92
4.299079380043994313e-108
0
0
DERIV 35
-4.914315311003789166e-94
-3.571624289585011998e-110
0
0
AT 240
4.101603792023911730e-32
-2.4462147624402607704e-48
0
0
DERIV 1
-8.315468196550579237e-33
-5.991778141304347301e-49
0
0
DERIV 2
8.487012613069054167e-34
-1.5552685799635677247e-50
0
0
DERIV 3
-5.814550895170794087e-35
-1.1039488973327475821e-51
0
0
DERIV 4
3.0084530644191547981e-36
2.2602598703935211815e-54
0
0
DERIV 5
-1.2539628715063501723e-37
9.374302409523402091e-54
0
0
DERIV 6
4.386205134924471521e-39
-2.0177314660891765364e-55
0
0
DERIV 7
-1.3243724538715866086e-40
-4.833355220957109413e-57
0
0
DERIV 8
3.523893441735383024e-42
5.273996017370599631e-59
0
0
DERIV 9
-8.394325730249809224e-44
-2.2243497449389220816e-60
0
0
DERIV 10
1.8126493356600246432e-45
-1.1053700325630427078e-62
0
0
DERIV 11
-3.584188915588848937e-47
-2.0033239917252852294e-63
0
0
DERIV 12
6.543958110390737353e-49
-1.3157258643096868214e-65
0
0
DERIV 13
-1.1109851852284390062e-50
5.203823185150313298e-67
0
0
DERIV 14
1.7643738735214577746e-52
1.8159112389278001797e-68
0
0
DERIV 15
-2.634680220876828675e-54
2.3057030731545850390e-70
0
0
DERIV 16
3.715980103619377958e-56
-1.7364709580442497601e-72
0
0
DERIV 17
-4.969873962676480689e-58
-2.5954053542073910926e-74
0
0
DERIV 18
6.325103477524652889e-60
4.503295394854210271e-76
0
0
DERIV 19
-7.684238502097275868e-62
-5.134888224653028862e-79
0
0
DERIV 20
8.936504110181401570e-64
-5.596336763675759413e-81
0
0
DERIV 21
-9.974082561919040434e-66
-6.545614685197205242e-83
0
0
DERIV 22
1.0708291105789064232e-67
-7.352939836877234212e-84
0
0
DERIV 23
-1.1082169619801563512e-69
2.4247094182327095094e-86
0
0
DERIV 24
1.1077087568827967411e-71
3.082939983311732355e-88
0
0
DERIV 25
-1.0712576264783028796e-73
-3.953602852204446807e-90
0
0
DERIV 26
1.0040184044041209969e-75
-4.598450746520634309e-92
0
0
DERIV 27
-9.133303468476502133e-78
-3.649828337561270608e-94
0
0
DERIV 28
8.075409124489009980e-80
8.659807645315417289e-97
0
0
DERIV 29
-6.948985357178846042e-82
-4.647219107665245175e-98
0
0
DERIV 30
5.826802826531681105e-84
1.8644263546496104043e-100
0
0
DERIV 31
-4.766382675243705379e-86
2.6940534847852924864e-102
0
0
DERIV 32
3.807708666314912758e-88
-2.1949205243373291207e-104
0
0
DERIV 33
-2.973672122397740339e-90
1.6506376003411427169e-106
0
0
DERIV 34
2.2724253317288061718e-92
9.141037865559189984e-110
0
0
DERIV 35
-1.7007575084764560391e-94
1.0474506198055494455e-112
0
0
AT 244
1.8269409051099091743e-32
-7.691127361662794788e-49
0
0
DERIV 1
-3.683545293863161176e-33
2.5378989508743834780e-49
0
0
DERIV 2
3.738699983992614673e-34
1.0746622565994932166e-50
0
0
DERIV 3
-2.546969027505115243e-35
-5.644837874756450192e-52
0
0
DERIV 4
1.3102571394640724301e-36
7.972403663759014763e-53
0
0
DERIV 5
-5.429668136747918272e-38
1.6372704762377112216e-55
0
0
DERIV 6
1.8880759105101644246e-39
5.087465038688543411e-56
0
0
DERIV 7
-5.666922180921292174e-41
2.3064872554597772838e-57
0
0
DERIV 8
1.4987575954155388989e-42
-1.6563756588651701348e-59
0
0
DERIV 9
-3.548385801457697135e-44
3.188150967866303041e-61
0
0
DERIV 10
7.614817354019070915e-46
-7.245357516440350426e-62
0
0
DERIV 11
-1.4962393404773456871e-47
-8.900521917354273562e-64
0
0
DERIV 12
2.7144297640483087910e-49
-6.401130512641091435e-66
0
0
DERIV 13
-4.578648953236935321e-51
-1.2487140413565421006e-67
0
0
DERIV 14
7.223926839195439687e-53
2.454802833510967466e-69
0
0
DERIV 15
-1.0715847971260468088e-54
1.4596807605988687858e-71
0
0
DERIV 16
1.5012389297783389486e-56
2.1067481201704588778e-73
0
0
DERIV 17
-1.9941652410151006855e-58
1.4909299232094099673e-74
0
0
DERIV 18
2.520483688247746463e-60
1.7170755260297138230e-76
0
0
DERIV 19
-3.040733697459145051e-62
-1.6345832351526923693e-78
0
0
DERIV 20
3.511292150059969147e-64
5.329723174631691616e-81
0
0
DERIV 21
-3.890936515769641380e-66
-1.6906575704157385124e-82
0
0
DERIV 22
4.147085936056413954e-68
2.233745978623871866e-84
0
0
DERIV 23
-4.260384779734607910e-70
2.4851551548112081022e-86
0
0
DERIV 24
4.226783167691220079e-72
-1.0902255599877321277e-88
0
0
DERIV 25
-4.056930322463605451e-74
3.471956523366139795e-90
0
0
DERIV 26
3.773315790197832701e-76
-2.7972528131961226779e-92
0
0
DERIV 27
-3.406007308032417345e-78
-2.2749680440067476005e-94
0
0
DERIV 28
2.9879720503206878374e-80
1.8379159442982170438e-96
0
0
DERIV 29
-2.5508537932660596173e-82
1.3616572212283459672e-98
0
0
DERIV 30
2.121799341912698717e-84
-6.148536968130180586e-101
0
0
DERIV 31
-1.7215916653426640137e-86
6.322051788132658429e-103
0
0
DERIV 32
1.3640473973258984904e-88
-8.089481611989328386e-105
0
0
DERIV 33
-1.0564292331801449604e-90
3.695559846311203727e-108
0
0
DERIV 34
8.005260151213426752e-93
-6.820513076104320259e-110
0
0
DERIV 35
-5.940506892426205459e-95
3.0088796708230325776e-111
0
0
AT 248
8.165830969866949730e-33
6.692751099897971390e-49
0
0
DERIV 1
-1.6377172365597655415e-33
1.1154467986726383283e-50
0
0
DERIV 2
1.6549722996051989020e-34
3.707528670793315803e-51
0
0
DERIV 3
-1.1211427509256036330e-35
5.701925449115678071e-52
0
0
DERIV 4
5.733440675516142565e-37
-9.327205304715117279e-54
0
0
DERIV 5
-2.362404854444381063e-38
-4.041934918636678425e-55
0
0
DERIV 6
8.168046328412275307e-40
1.6669180456378324743e-56
0
0
DERIV 7
-2.437225483566899779e-41
-8.423814598474940342e-58
0
0
DERIV 8
6.407501038045142119e-43
8.188761574366961407e-60
0
0
DERIV 9
-1.5078951427412136255e-44
-6.524486692634523253e-61
0
0
DERIV 10
3.2162492057426186040e-46
4.959734548811319628e-63
0
0
DERIV 11
-6.280641124295593259e-48
-2.0043269812450143090e-64
0
0
DERIV 12
1.1322917244928950425e-49
-7.337323009167332932e-66
0
0
DERIV 13
-1.8978349637329305378e-51
1.0418043652122190201e-67
0
0
DERIV 14
2.975086478335388822e-53
1.2458268147990880942e-69
0
0
DERIV 15
-4.384511275573290123e-55
3.2838596633551656035e-71
0
0
DERIV 16
6.102050730377640276e-57
-4.994402817660832038e-73
0
0
DERIV 17
-8.051580169874592449e-59
5.702693940517070290e-75
0
0
DERIV 18
1.0107880983806257620e-60
1.5900304167948259515e-77
0
0
DERIV 19
-1.2110798526204569729e-62
-5.639012142510101735e-80
0
0
DERIV 20
1.3888044720050974587e-64
-6.929497644929371377e-82
0
0
DERIV 21
-1.5281616444427325518e-66
-8.246291007329862477e-83
0
0
DERIV 22
1.6171866199881219732e-68
2.694868760751587766e-85
0
0
DERIV 23
-1.6494096206358844854e-70
2.331102954179437060e-87
0
0
DERIV 24
1.6244734155586048643e-72
7.317812364651761017e-89
0
0
DERIV 25
-1.5476872043318350133e-74
-8.181057201090795440e-91
0
0
DERIV 26
1.4287347020692689505e-76
2.528786537629888267e-93
0
0
DERIV 27
-1.2799009103084420151e-78
6.702843034858705337e-95
0
0
DERIV 28
1.1142148072208928694e-80
4.368739240878560527e-97
0
0
DERIV 29
-9.438405747403943505e-83
6.329544859171942406e-99
0
0
DERIV 30
7.789272722574415559e-85
4.152554782807748825e-101
0
0
DERIV 31
-6.269904317742816522e-87
-2.752301645620753820e-103
0
0
DERIV 32
4.927842706885475805e-89
-1.0850218140498755343e-105
0
0
DERIV 33
-3.785495022910814673e-91
9.056969678306720016e-108
0
0
DERIV 34
2.844924437490282618e-93
2.5594954750674871743e-110
0
0
DERIV 35
-2.0935811047609356672e-95
-4.915142174299676285e-112
0
0
AT 252
3.529272756166106399e-33
1.3091674437160140872e-49
0
0
DERIV 1
-7.074128607915592058e-34
1.3858379899314385558e-50
0
0
DERIV 2
7.434288283724541553e-35
-2.6302541369918297938e-51
0
0
DERIV 3
-5.001724535305791267e-36
-1.9992751479943771360e-52
0
0
DERIV 4
2.513713133669029669e-37
-1.6893102092725382989e-53
0
0
DERIV 5
-1.0303782169426852505e-38
-4.109458996616465993e-55
0
0
DERIV 6
3.5533023877120411079e-40
2.581520983706880427e-57
0
0
DERIV 7
-1.0540280875840046607e-41
-7.032539974259489105e-59
0
0
DERIV 8
2.7527670355294286050e-43
-1.9700234997045202402e-59
0
0
DERIV 9
-6.440108002418588986e-45
4.701925166082486071e-61
0
0
DERIV 10
1.3656722787489511234e-46
8.109957399144566258e-63
0
0
DERIV 11
-2.6506762881598141089e-48
1.3203797733586034013e-64
0
0
DERIV 12
4.749163468448852113e-50
-4.389418763307033831e-66
0
0
DERIV 13
-7.910575462523125196e-52
2.311203231306409905e-68
0
0
DERIV 14
1.2322763909028067473e-53
-9.875254389392788764e-70
0
0
DERIV 15
-1.8044654526253267433e-55
-9.270420420793380232e-72
0
0
DERIV 16
2.4950849907068153253e-57
-1.4065877281317313248e-73
0
0
DERIV 17
-3.270675101109172000e-59
-3.268835892489733267e-76
0
0
DERIV 18
4.078745549545156441e-61
4.078839672345983938e-78
0
0
DERIV 19
-4.854139694613660400e-63
1.4551753058013575392e-79
0
0
DERIV 20
5.528613483753758914e-65
2.965987510271321098e-81
0
0
DERIV 21
-6.041467354655445415e-67
-8.717087342087893471e-84
0
0
DERIV 22
6.348824732302127012e-69
4.846462980124146342e-85
0
0
DERIV 23
-6.429593533487882427e-71
5.725011574300576631e-88
0
0
DERIV 24
6.287107083329292952e-73
-1.2083627898649215561e-89
0
0
DERIV 25
-5.946561010620866954e-75
-3.396721603584423336e-91
0
0
DERIV 26
5.449286451164427883e-77
1.8654855216764817071e-93
0
0
DERIV 27
-4.845408731994508874e-79
1.2899597325560575170e-95
0
0
DERIV 28
4.186484122745894645e-81
-7.189981598619851456e-98
0
0
DERIV 29
-3.519377237607503499e-83
3.3002110550011262006e-99
0
0
DERIV 30
2.882111181296192625e-85
1.0042760143907504397e-101
0
0
DERIV 31
-2.301871973571250590e-87
-2.1277987193820727578e-104
0
0
DERIV 32
1.7949118452308203884e-89
5.381234859222947930e-106
0
0
DERIV 33
-1.3678372711646457808e-91
-2.7290856753486134001e-108
0
0
DERIV 34
1.0196878242614449558e-93
-1.6548074013608784595e-110
0
0
DERIV 35
-7.442694076189749755e-96
2.117775812004126970e-112
0
0
AT 256
1.6572903996565166149e-33
2.992347285500518806e-50
0
0
DERIV 1
-3.288434660306943005e-34
-1.0965347059240211752e-50
0
0
DERIV 2
3.283902665134123640e-35
1.8222561428938592236e-51
0
0
DERIV 3
-2.2006893571716900220e-36
7.002961162116043565e-53
0
0
DERIV 4
1.1134362049925926151e-37
-4.749005561703581431e-56
0
0
DERIV 5
-4.536876539105195799e-39
-1.5559532460480395578e-55
0
0
DERIV 6
1.5508882934478501279e-40
-4.155676639701340996e-58
0
0
DERIV 7
-4.574973314736537694e-42
-1.5562432478596504988e-58
0
0
DERIV 8
1.1889237297158668027e-43
-5.142235815706811821e-60
0
0
DERIV 9
-2.7652488598588788753e-45
-1.0387715251312681106e-61
0
0
DERIV 10
5.828304021675233764e-47
-4.793174862181613851e-63
0
0
DERIV 11
-1.1245028745215543528e-48
-1.8454564664190885770e-65
0
0
DERIV 12
2.0026784095914617091e-50
1.0633317195615739622e-66
0
0
DERIV 13
-3.3154176441573038579e-52
9.790980058389927195e-69
0
0
DERIV 14
5.132590595004428426e-54
1.0010519090903487557e-70
0
0
DERIV 15
-7.468703860406609789e-56
4.245134577927692696e-73
0
0
DERIV 16
1.0261619028174003606e-57
-1.8152388547812509816e-74
0
0
DERIV 17
-1.3364893573980831944e-59
1.0196611662249106136e-75
0
0
DERIV 18
1.6558326794361529159e-61
9.103266689796518067e-78
0
0
DERIV 19
-1.9576184408576600451e-63
6.362014280056713408e-81
0
0
DERIV 20
2.214734458943337376e-65
1.2919563959969475325e-81
0
0
DERIV 21
-2.4038140459691198106e-67
-1.0464547579811037000e-83
0
0
DERIV 22
2.508810487828641022e-69
7.946922733312444083e-86
0
0
DERIV 23
-2.5231143146740685513e-71
1.5245356302167285748e-87
0
0
DERIV 24
2.4498848926918039225e-73
1.4876291579503873173e-89
0
0
DERIV 25
-2.300723175786570452e-75
-1.5757360565170558194e-91
0
0
DERIV 26
2.0931665671276037000e-77
8.510138768561018302e-94
0
0
DERIV 27
-1.8476596903859429101e-79
2.975085802962068999e-97
0
0
DERIV 28
1.5846375666275494448e-81
-8.524037318394679471e-98
0
0
DERIV 29
-1.3221981574229727293e-83
-4.793872860143448438e-100
0
0
DERIV 30
1.0746146845957699694e-85
-2.1106851898708363060e-102
0
0
DERIV 31
-8.517171832258971985e-88
3.578198526292135936e-104
0
0
DERIV 32
6.590073788283085439e-90
3.912669402809112717e-106
0
0
DERIV 33
-4.982818108986897892e-92
-1.9442925163201976614e-108
0
0
DERIV 34
3.685205101886984155e-94
-2.3787152085614362909e-110
0
0
DERIV 35
-2.668324658097477988e-96
-3.993410748750852340e-113
0
0
AT 264
3.416253903039528627e-34
1.1219974463646115986e-50
0
0
DERIV 1
-6.709440882543647466e-35
-4.997160780101915501e-51
0
0
DERIV 2
6.630945970864458761e-36
4.660186006308103300e-52
0
0
DERIV 3
-4.397175963065875001e-37
-4.175266508208900538e-53
0
0
DERIV 4
2.2011589142448233296e-38
5.755040990495025503e-55
0
0
DERIV 5
-8.872669918470362383e-40
-5.421660129344849235e-56
0
0
DERIV 6
3.000052247351445532e-41
1.3412813199199541127e-57
0
0
DERIV 7
-8.752391171703397395e-43
-1.9516811110370386983e-59
0
0
DERIV 8
2.249159272660757306e-44
4.948213345659202976e-61
0
0
DERIV 9
-5.172089142606051499e-46
-2.509864222329408633e-62
0
0
DERIV 10
1.0776465535326115877e-47
-3.697592295792000267e-65
0
0
DERIV 11
-2.0551011071636554314e-49
-9.861620206785778220e-66
0
0
DERIV 12
3.617076877609080631e-51
1.1479249468964879107e-67
0
0
DERIV 13
-5.916888883798786933e-53
-8.996527213654869329e-70
0
0
DERIV 14
9.049706913528215519e-55
-6.945291270109423183e-71
0
0
DERIV 15
-1.3008261753467278533e-56
-1.8659258631238211184e-73
0
0
DERIV 16
1.7652199137713015753e-58
5.587034655924728079e-75
0
0
DERIV 17
-2.2703325086000737642e-60
-9.214504621492033868e-77
0
0
DERIV 18
2.777237029018902358e-62
-1.8786432532848428824e-78
0
0
DERIV 19
-3.241365232587899183e-64
-4.348013162550987506e-81
0
0
DERIV 20
3.619556006546417102e-66
1.8331242263319229570e-82
0
0
DERIV 21
-3.877019012856154439e-68
2.909117848663065998e-85
0
0
DERIV 22
3.992615454863147555e-70
2.2025990625166652194e-86
0
0
DERIV 23
-3.961390987586573150e-72
-6.244044671061572345e-91
0
0
DERIV 24
3.794072915760146692e-74
-1.2677899321840882409e-90
0
0
DERIV 25
-3.513994807744668855e-76
-1.6099032931171363952e-93
0
0
DERIV 26
3.152421935296588236e-78
1.1742806584241092579e-94
0
0
DERIV 27
-2.7434238704086267534e-80
5.794040606920881833e-97
0
0
DERIV 28
2.3193023920059806417e-82
1.0337828433445363584e-98
0
0
DERIV 29
-1.9072436034461653313e-84
-3.816732280834554500e-101
0
0
DERIV 30
1.5274600682957118729e-86
1.4306761733546464288e-103
0
0
DERIV 31
-1.1927375164776297910e-88
-3.641103559420663016e-105
0
0
DERIV 32
9.090686193926306591e-91
2.746929708112907388e-107
0
0
DERIV 33
-6.769592871238550997e-93
-2.752949045019485399e-109
0
0
DERIV 34
4.930082762792732101e-95
2.2388236481598282970e-111
0
0
DERIV 35
-3.514470220286225903e-97
-3.471084675776600959e-114
0
0
AT 272
7.154765749365588298e-35
4.390495291363737945e-51
0
0
DERIV 1
-1.3912660095230422448e-35
8.896670968228798066e-52
0
0
DERIV 2
1.3612040617697193957e-36
2.759959729851321398e-53
0
0
DERIV 3
-8.934909504341372902e-38
-4.800185668529368326e-54
0
0
DERIV 4
4.426701797025399653e-39
-1.5499063105164945592e-55
0
0
DERIV 5
-1.7657900663188438172e-40
-7.278661718134277511e-57
0
0
DERIV 6
5.907613683130460116e-42
1.7090691918249246482e-59
0
0
DERIV 7
-1.7051025291527254340e-43
-5.896861179033652118e-60
0
0
DERIV 8
4.334368402031003090e-45
2.8449051227637934740e-61
0
0
DERIV 9
-9.858120170880802633e-47
8.197606296939438471e-63
0
0
DERIV 10
2.0312667382292611606e-48
5.795661833414890322e-65
0
0
DERIV 11
-3.830237248227758723e-50
1.3123205217013553846e-66
0
0
DERIV 12
6.664856649624592796e-52
2.839328139841223698e-69
0
0
DERIV 13
-1.0777180734060086418e-53
3.013314718372169604e-70
0
0
DERIV 14
1.6291550059711614253e-55
4.739589894660502796e-72
0
0
DERIV 15
-2.3141960304052134273e-57
-1.1689610059657322852e-73
0
0
DERIV 16
3.102908109846758970e-59
5.192156835001477549e-76
0
0
DERIV 17
-3.942615458736263574e-61
-2.9653848293088127646e-77
0
0
DERIV 18
4.763956702689807528e-63
1.2201334709492358247e-79
0
0
DERIV 19
-5.491325765667529356e-65
1.7773060229302047070e-81
0
0
DERIV 20
6.055260502030367567e-67
2.4292390978507790034e-83
0
0
DERIV 21
-6.403790490862054902e-69
4.746242208815553353e-85
0
0
DERIV 22
6.510152288507124074e-71
-2.853586097188402899e-87
0
0
DERIV 23
-6.375410603005650176e-73
-1.9949710471455840839e-89
0
0
DERIV 24
6.025938754852916417e-75
1.9319058407692100629e-91
0
0
DERIV 25
-5.506936386449144885e-77
-7.060510126608825378e-94
0
0
DERIV 26
4.873871041312704662e-79
2.5147346667868802743e-95
0
0
DERIV 27
-4.183827290061793969e-81
2.0618948937280471394e-97
0
0
DERIV 28
3.488344066233157914e-83
1.7866797454320408427e-99
0
0
DERIV 29
-2.828647022370819045e-85
-8.940034779465396073e-102
0
0
DERIV 30
2.233481003420790115e-87
4.064024688217062991e-104
0
0
DERIV 31
-1.7191978974591825245e-89
-2.960482031897806786e-106
0
0
DERIV 32
1.2914413566686381360e-91
-1.1099479057898754535e-107
0
0
DERIV 33
-9.476887365938398242e-94
-1.7301361340807505722e-110
0
0
DERIV 34
6.800022254623715492e-96
-6.480608042968907875e-113
0
0
DERIV 35
-4.775254041902826545e-98
-1.5650751613066425229e-114
0
0
AT 280
1.5214769107483193758e-35
5.677363636634942350e-53
0
0
DERIV 1
-2.9301102114747425719e-36
3.913409301037387317e-53
0
0
DERIV 2
2.838891521570965030e-37
-1.4974748841504793523e-53
0
0
DERIV 3
-1.8450783642428918270e-38
1.2428711618453688485e-54
0
0
DERIV 4
9.050044384908678037e-40
6.381573176740919463e-56
0
0
DERIV 5
-3.573562286308715404e-41
-1.8691591723811780297e-57
0
0
DERIV 6
1.1833457474376430451e-42
6.331472259276194698e-60
0
0
DERIV 7
-3.380120304587384647e-44
-3.511769965048669540e-61
0
0
DERIV 8
8.502247969146952038e-46
-3.785234683243160128e-62
0
0
DERIV 9
-1.9132508611577711135e-47
-8.821506847514799126e-65
0
0
DERIV 10
3.899937056151610010e-49
-1.2373364214694266716e-65
0
0
DERIV 11
-7.273970041044988787e-51
5.743968724060115745e-67
0
0
DERIV 12
1.2517961111554358659e-52
-3.297473095955189137e-70
0
0
DERIV 13
-2.0016404565644591337e-54
1.2522111942723263777e-70
0
0
DERIV 14
2.991727337908595762e-56
-1.8188477275335351456e-72
0
0
DERIV 15
-4.201249228754638373e-58
1.7398970296284959928e-74
0
0
DERIV 16
5.568078429403466789e-60
9.843730694582511105e-77
0
0
DERIV 17
-6.992264452383087266e-62
-3.033373954508843714e-78
0
0
DERIV 18
8.349039994154409045e-64
-1.1948858642091495468e-80
0
0
DERIV 19
-9.508653658512739368e-66
8.443005821952331425e-82
0
0
DERIV 20
1.0358216424888584992e-67
-5.239983305896940505e-84
0
0
DERIV 21
-1.0820225674489069345e-69
3.1691142293492884763e-86
0
0
DERIV 22
1.0863596507265110504e-71
4.392510288185998307e-88
0
0
DERIV 23
-1.0505328634994278834e-73
-5.520275496169267360e-90
0
0
DERIV 24
9.803484138391025137e-76
-2.1246384247888990542e-92
0
0
DERIV 25
-8.844124346954313755e-78
3.161484304633168408e-94
0
0
DERIV 26
7.725777547985982772e-80
-5.999404376473250805e-96
0
0
DERIV 27
-6.544842652067413375e-82
-3.163513086785792268e-98
0
0
DERIV 28
5.384378361834639648e-84
1.4751246507615557046e-100
0
0
DERIV 29
-4.307436763388594220e-86
2.7149768168596651954e-104
0
0
DERIV 30
3.354895837640032796e-88
-7.369143523525227999e-105
0
0
DERIV 31
-2.546898527733868426e-90
-1.7740194990400876562e-106
0
0
DERIV 32
1.8866071931589238972e-92
9.459953732641131025e-109
0
0
DERIV 33
-1.3649767529502675665e-94
3.420578898846534455e-112
0
0
DERIV 34
9.655038932229278670e-97
7.547065100007068923e-113
0
0
DERIV 35
-6.682754102882117531e-99
1.5392432049752570702e-115
0
0
AT 288
3.283286318881784349e-36
2.7493965461094311989e-52
0
0
DERIV 1
-6.263965995145087989e-37
-3.688030925448230940e-55
0
0
DERIV 2
6.011552428176543294e-38
9.948883210538417722e-55
0
0
DERIV 3
-3.869678059217072099e-39
2.7274227703598074719e-55
0
0
DERIV 4
1.8796720713825554729e-40
1.7003805131919954642e-56
0
0
DERIV 5
-7.349413658594217306e-42
3.969778849387186605e-58
0
0
DERIV 6
2.4095223411810421391e-43
-1.8177711979840781760e-59
0
0
DERIV 7
-6.813446583899251807e-45
-1.4317209538331630784e-61
0
0
DERIV 8
1.6964095420315646596e-46
4.258127380921926889e-63
0
0
DERIV 9
-3.778134109649510072e-48
-2.8836564354147290955e-64
0
0
DERIV 10
7.621092985607938336e-50
4.503058156556682452e-66
0
0
DERIV 11
-1.4064701234207954759e-51
-1.3504642534859864729e-67
0
0
DERIV 12
2.394619464189261262e-53
7.338769752622416431e-70
0
0
DERIV 13
-3.787711537089380077e-55
-3.1187197573054316385e-71
0
0
DERIV 14
5.599435043028724476e-57
-3.733917117891755976e-73
0
0
DERIV 15
-7.776334528336282512e-59
-3.918790045368832016e-76
0
0
DERIV 16
1.0191039832909254443e-60
5.248839566266431275e-77
0
0
DERIV 17
-1.2652883668560032513e-62
5.198851262895390456e-79
0
0
DERIV 18
1.4935097265646198821e-64
-2.334939985807675197e-81
0
0
DERIV 19
-1.6812457754873091616e-66
-1.1351411544184263990e-82
0
0
DERIV 20
1.8099981893183448322e-68
6.941326646673019213e-85
0
0
DERIV 21
-1.8683158181117222812e-70
-5.266159081601191115e-87
0
0
DERIV 22
1.8533086964092056367e-72
2.582574434855864356e-90
0
0
DERIV 23
-1.7704465971480137702e-74
-1.1426130560505552624e-90
0
0
DERIV 24
1.6318909166874283000e-76
1.4081726943167500033e-92
0
0
DERIV 25
-1.4539216235519249122e-78
-1.4029300278678399804e-95
0
0
DERIV 26
1.2541266765070334329e-80
-3.220126396336780143e-97
0
0
DERIV 27
-1.0489351224079586092e-82
-3.2378057875252045434e-99
0
0
DERIV 28
8.518673320916387183e-85
-3.909410595374386956e-101
0
0
DERIV 29
-6.726337688149211799e-87
-1.1501742624573332546e-103
0
0
DERIV 30
5.170090969932382810e-89
2.2888035246189456161e-105
0
0
DERIV 31
-3.872806997354593616e-91
3.565817734635175446e-108
0
0
DERIV 32
2.830258608091320886e-93
-5.130852338472530395e-110
0
0
DERIV 33
-2.0199255249346620952e-95
4.412846892190223926e-112
0
0
DERIV 34
1.4091731430969077798e-97
5.887637113011160553e-114
0
0
DERIV 35
-9.618348838360187778e-100
-7.958516408825765754e-116
0
0
AT 296
7.186055727043531422e-37
-2.175210385584293254e-53
0
0
DERIV 1
-1.3585167324713020029e-37
-8.466251927729084324e-54
0
0
DERIV 2
1.2917801841192351732e-38
-7.951779106260439116e-55
0
0
DERIV 3
-8.237875839476864053e-40
6.360232545051948794e-56
0
0
DERIV 4
3.963806271137846958e-41
8.064173425189041305e-58
0
0
DERIV 5
-1.5350548389636443932e-42
-1.3425930453668076291e-58
0
0
DERIV 6
4.984176675147702900e-44
4.937796497222994029e-60
0
0
DERIV 7
-1.3956304767612370862e-45
2.276631101434121450e-62
0
0
DERIV 8
3.440525014148086481e-47
-9.618744098601815930e-64
0
0
DERIV 9
-7.585960395110371114e-49
-4.079260030786697675e-65
0
0
DERIV 10
1.5147392418735133098e-50
-1.8466591506952386540e-67
0
0
DERIV 11
-2.7668539497043809819e-52
-1.7270033207273686786e-68
0
0
DERIV 12
4.662023990298823517e-54
-2.3868979394755743691e-70
0
0
DERIV 13
-7.296990894794650679e-56
-7.002918251928131092e-73
0
0
DERIV 14
1.0672991218249308185e-57
2.5241796818197305207e-74
0
0
DERIV 15
-1.4663495820754668794e-59
-2.1480459946317148412e-76
0
0
DERIV 16
1.9008455559132856182e-61
7.458335407075618673e-78
0
0
DERIV 17
-2.3341469957096620212e-63
7.698367349347145775e-80
0
0
DERIV 18
2.724590355532769823e-65
8.891197410355407031e-82
0
0
DERIV 19
-3.032651274402140767e-67
-3.2196595327609153387e-83
0
0
DERIV 20
3.227830190029477700e-69
1.0506183555104701269e-85
0
0
DERIV 21
-3.2935692729572336068e-71
-1.8626870026916350310e-87
0
0
DERIV 22
3.229166936530492513e-73
1.1740659911606618997e-89
0
0
DERIV 23
-3.048551914312942307e-75
1.9923207563014581773e-91
0
0
DERIV 24
2.7765870747337230508e-77
7.022141387059247352e-94
0
0
DERIV 25
-2.4440581725281336583e-79
5.698559333701344855e-96
0
0
DERIV 26
2.0825856715753629832e-81
1.0606367742030334795e-97
0
0
DERIV 27
-1.7204465746087261173e-83
-1.5937160171125556604e-99
0
0
DERIV 28
1.3798612199136145243e-85
5.227447111736897434e-102
0
0
DERIV 29
-1.0758517238356577571e-87
1.6168481653039690864e-104
0
0
DERIV 30
8.164344556497975057e-90
1.2541563709364058642e-106
0
0
DERIV 31
-6.037221752186699591e-92
2.9098117449477876060e-108
0
0
DERIV 32
4.354757334045567702e-94
2.0498613412642615333e-110
0
0
DERIV 33
-3.067170334280806595e-96
-1.3675094316919846061e-112
0
0
DERIV 34
2.1113947909492034192e-98
1.5395994226520905277e-114
0
0
DERIV 35
-1.4218237067236920269e-100
1.0858228860584705415e-116
0
0
AT 304
1.5943753978135560688e-37
-5.070451980948456937e-55
0
0
DERIV 1
-2.987476821647174716e-38
1.7627802269100484539e-54
0
0
DERIV 2
2.8152852506917007852e-39
1.6222426189598009070e-55
0
0
DERIV 3
-1.7790879937724484524e-40
-9.281074666227130181e-57
0
0
DERIV 4
8.481968479368205421e-42
3.1461812659996406200e-58
0
0
DERIV 5
-3.2543428545179040689e-43
-1.5334316945049153981e-59
0
0
DERIV 6
1.0467443574304630692e-44
4.158149162767017881e-61
0
0
DERIV 7
-2.9032038682459439800e-46
3.632314796258772777e-63
0
0
DERIV 8
7.088319513465095158e-48
-4.702615955104868994e-64
0
0
DERIV 9
-1.5477174967292957722e-49
-8.032418085661906453e-66
0
0
DERIV 10
3.060075390445889226e-51
-1.7605032194049438889e-68
0
0
DERIV 11
-5.534057713048697541e-53
1.6116739771899880355e-69
0
0
DERIV 12
9.230914428563468004e-55
-5.979447970690215436e-72
0
0
DERIV 13
-1.4301311871087891140e-56
-6.091188520781240572e-73
0
0
DERIV 14
2.0702780099836501266e-58
1.1913594684119477888e-74
0
0
DERIV 15
-2.814741978594111507e-60
-2.5884046821404945811e-76
0
0
DERIV 16
3.610389759480974890e-62
2.1281566082341803365e-78
0
0
DERIV 17
-4.386203829157355969e-64
1.8339287738737671232e-80
0
0
DERIV 18
5.064795015021328091e-66
2.5611233394493980131e-82
0
0
DERIV 19
-5.576085563530885523e-68
-2.316466729127633805e-84
0
0
DERIV 20
5.869616579728534564e-70
-3.795302323549876768e-86
0
0
DERIV 21
-5.922476091794724446e-72
-1.8471157368756485821e-88
0
0
DERIV 22
5.741288962523261555e-74
-2.063263736892896425e-90
0
0
DERIV 23
-5.358452861061106426e-76
-6.129209767818741564e-93
0
0
DERIV 24
4.824231456221252776e-78
3.563718050008956175e-94
0
0
DERIV 25
-4.197039993770267596e-80
2.251646111189164227e-96
0
0
DERIV 26
3.534211224939144118e-82
1.9487953043216833051e-98
0
0
DERIV 27
-2.884907061210191818e-84
-7.198214335378932086e-101
0
0
DERIV 28
2.2859653734465332797e-86
-1.1665241549799195781e-102
0
0
DERIV 29
-1.7606478735988307969e-88
1.2982249750507938637e-104
0
0
DERIV 30
1.3196816296985303887e-90
4.093968911591815481e-107
0
0
DERIV 31
-9.637276675134236541e-93
4.011484829444342973e-109
0
0
DERIV 32
6.864229559679313474e-95
-4.419547996795748322e-111
0
0
DERIV 33
-4.773285098159320623e-97
-1.9862658170955288604e-113
0
0
DERIV 34
3.2437045529643788593e-99
-5.540293944476288983e-116
0
0
DERIV 35
-2.1560083026051537765e-101
-6.928347908485583630e-118
0
0
AT 312
3.584280449380283543e-38
2.1010120252202044598e-54
0
0
DERIV 1
-6.658183647593914017e-39
-2.6763283636007323953e-55
0
0
DERIV 2
6.219709231924349890e-40
-2.0006802990012028606e-56
0
0
DERIV 3
-3.895809339422572075e-41
2.2645935139357454290e-57
0
0
DERIV 4
1.8407938589634798112e-42
4.879133484447780785e-59
0
0
DERIV 5
-6.998987314677110692e-44
-4.883577117551215596e-60
0
0
DERIV 6
2.2306457435949017486e-45
1.1870410824675997209e-61
0
0
DERIV 7
-6.129707844118124313e-47
7.629478797800707481e-64
0
0
DERIV 8
1.4826256301579660039e-48
4.347513451639107016e-65
0
0
DERIV 9
-3.206705798618568584e-50
1.9180528716915228986e-66
0
0
DERIV 10
6.279593228383432965e-52
2.449790692552857341e-69
0
0
DERIV 11
-1.1246757031258061996e-53
7.245103952466836235e-71
0
0
DERIV 12
1.8576522121881129086e-55
-1.4737421591159345091e-71
0
0
DERIV 13
-2.849593843177336715e-57
1.6406631878745758349e-73
0
0
DERIV 14
4.083890083025748985e-59
3.268694848942771472e-75
0
0
DERIV 15
-5.496328564407952743e-61
2.179773614261198003e-78
0
0
DERIV 16
6.977934489746080667e-63
-7.843680507402682965e-80
0
0
DERIV 17
-8.389766043206454582e-65
6.197262955227878554e-81
0
0
DERIV 18
9.586503968977393069e-67
-3.473230183396937054e-83
0
0
DERIV 19
-1.0442724647928850177e-68
-2.0584069261874854940e-85
0
0
DERIV 20
1.0874978154369990504e-70
-5.222331075919802090e-87
0
0
DERIV 21
-1.0854356309608122051e-72
-1.0137129829736604635e-89
0
0
DERIV 22
1.0407338701551408442e-74
-3.454559870758960514e-91
0
0
DERIV 23
-9.606081212563148659e-77
4.252890260284807645e-93
0
0
DERIV 24
8.551812603734232886e-79
3.635290970487558469e-95
0
0
DERIV 25
-7.356015116314519911e-81
-4.170163905104841120e-97
0
0
DERIV 26
6.123607863375083479e-83
-1.1659518954840473021e-99
0
0
DERIV 27
-4.940917522363389632e-85
-1.2723959817117890856e-101
0
0
DERIV 28
3.869470419165854600e-87
-3.560627539576989180e-104
0
0
DERIV 29
-2.9451360449079787668e-89
-1.1682742651518792835e-105
0
0
DERIV 30
2.1812103117276063014e-91
-5.490552028097449159e-108
0
0
DERIV 31
-1.5737018404614410032e-93
2.779038008644797339e-110
0
0
DERIV 32
1.1072447340156484941e-95
-6.151663758618326503e-113
0
0
DERIV 33
-7.604953487163170658e-98
1.7863588057735474753e-114
0
0
DERIV 34
5.103771706124684458e-100
-3.650582654013776318e-116
0
0
DERIV 35
-3.3497645980988151028e-102
1.0393521682144460115e-118
0
0
AT 320
8.160754550957838062e-39
3.534315041832514416e-55
0
0
DERIV 1
-1.5032081712846096066e-39
-5.506650679229792920e-56
0
0
DERIV 2
1.3922810176845469835e-40
9.727107584088527474e-57
0
0
DERIV 3
-8.645815263256555384e-42
4.653428904434149811e-59
0
0
DERIV 4
4.049695476208721295e-43
4.310701872617974998e-60
0
0
DERIV 5
-1.5262245169336501761e-44
1.0862049014152597709e-60
0
0
DERIV 6
4.820992223973966040e-46
2.953999626256170207e-62
0
0
DERIV 7
-1.3128779443472525562e-47
-6.665145997278575989e-64
0
0
DERIV 8
3.1466650630978495942e-49
-8.152219164683476071e-66
0
0
DERIV 9
-6.743227401216697578e-51
1.0754895735820986306e-67
0
0
DERIV 10
1.3082316783874075180e-52
4.280442567901876238e-69
0
0
DERIV 11
-2.3210220283110792891e-54
1.2070419517664138091e-71
0
0
DERIV 12
3.797248824236643619e-56
-1.1882796633500178781e-72
0
0
DERIV 13
-5.768910048903656592e-58
2.7361790194617129278e-74
0
0
DERIV 14
8.187362662798939661e-60
9.543677780082776479e-77
0
0
DERIV 15
-1.0910745941496698310e-61
-5.760445819900636918e-78
0
0
DERIV 16
1.3714266559344626835e-63
-6.161893716175379103e-80
0
0
DERIV 17
-1.6323423167097078712e-65
7.777863307762138294e-82
0
0
DERIV 18
1.8462421903922875323e-67
-7.252657646252032778e-84
0
0
DERIV 19
-1.9904908944525032008e-69
-1.3563903816756140325e-86
0
0
DERIV 20
2.0513664236313853661e-71
1.2624895444799968385e-87
0
0
DERIV 21
-2.0259911257230714700e-73
2.378524739078050595e-90
0
0
DERIV 22
1.9219474886743732240e-75
-1.0320234377134858745e-91
0
0
DERIV 23
-1.7549543280557852223e-77
-5.276565145716504646e-94
0
0
DERIV 24
1.5454127062329757715e-79
1.4783192923549418347e-95
0
0
DERIV 25
-1.3147533852314610850e-81
-7.186247612720640208e-98
0
0
DERIV 26
1.0823624861468097824e-83
3.650522431664021577e-100
0
0
DERIV 27
-8.635442401094226648e-86
-1.9398292412489507712e-102
0
0
DERIV 28
6.686329424715481696e-88
5.307445229442418748e-104
0
0
DERIV 29
-5.030928626257959563e-90
4.342052892815545060e-106
0
0
DERIV 30
3.682933616436852322e-92
-2.1285960314998982331e-108
0
0
DERIV 31
-2.626147150039528248e-94
2.6283470334626976843e-110
0
0
DERIV 32
1.8259416793857317796e-96
4.758610738918975580e-113
0
0
DERIV 33
-1.2391750562569406485e-98
1.6190784011823101134e-115
0
0
DERIV 34
8.216106361915202234e-101
2.4673195143629447327e-117
0
0
DERIV 35
-5.326886698126899503e-103
3.713172783899926800e-119
0
0
AT 328
1.8810156938944676917e-39
-1.5273405027300786950e-55
0
0
DERIV 1
-3.4364240852111769748e-40
-1.1509829621654471044e-56
0
0
DERIV 2
3.156459203795699313e-41
7.446033299080895641e-58
0
0
DERIV 3
-1.9436791523703502092e-42
7.415862616964445358e-59
0
0
DERIV 4
9.027044802727128401e-44
9.125282438593205668e-60
0
0
DERIV 5
-3.372912612037385701e-45
-1.8849153821520944562e-61
0
0
DERIV 6
1.0561969801076451399e-46
-3.290246954150291073e-63
0
0
DERIV 7
-2.851101201454083282e-48
-9.291557711915338951e-65
0
0
DERIV 8
6.772922770435177475e-50
3.611053068030732950e-66
0
0
DERIV 9
-1.4384270547911521076e-51
1.1303867581055511993e-67
0
0
DERIV 10
2.765386342508413957e-53
-4.261710116090713690e-70
0
0
DERIV 11
-4.861360088168936418e-55
-1.8614974398243496002e-71
0
0
DERIV 12
7.879720342019787381e-57
-2.978418608182121068e-73
0
0
DERIV 13
-1.1859166380049499846e-58
-4.102100046414560530e-76
0
0
DERIV 14
1.6671630877952654508e-60
-5.218606447218161915e-77
0
0
DERIV 15
-2.200476698579823461e-62
-1.0078175501154379024e-78
0
0
DERIV 16
2.7391599751309958833e-64
1.4646632557493511380e-80
0
0
DERIV 17
-3.228437176169961564e-66
-3.103698541774204955e-84
0
0
DERIV 18
3.615426017398980847e-68
-9.795992254236862127e-85
0
0
DERIV 19
-3.858990789952417993e-70
-1.8504161535592667178e-86
0
0
DERIV 20
3.936880028987765620e-72
-7.045816394734876747e-89
0
0
DERIV 21
-3.848523525172354653e-74
-1.0032181213858672062e-90
0
0
DERIV 22
3.613247459695918742e-76
-1.6597953326864825907e-92
0
0
DERIV 23
-3.264924490140529689e-78
2.1727091955757526286e-94
0
0
DERIV 24
2.8448157156723853078e-80
6.007099695499386846e-97
0
0
DERIV 25
-2.3944576157673862425e-82
-1.1658714777428804386e-98
0
0
DERIV 26
1.9500210965810848343e-84
8.194516515671548461e-101
0
0
DERIV 27
-1.5388811954153695448e-86
-8.286872425861415200e-103
0
0
DERIV 28
1.1784524909862602036e-88
2.1477599436503608627e-105
0
0
DERIV 29
-8.768511033908886632e-91
4.407828904437010973e-107
0
0
DERIV 30
6.347084208794233963e-93
4.118554763463436228e-109
0
0
DERIV 31
-4.474567866567307844e-95
-2.1112973505551119322e-111
0
0
DERIV 32
3.075525588400349318e-97
6.483980487001201128e-115
0
0
DERIV 33
-2.0630700358072657199e-99
-1.4854895216304778105e-115
0
0
DERIV 34
1.3518996115432590182e-101
4.986863915254953126e-118
0
0
DERIV 35
-8.661575799888179630e-104
-4.452527777616702916e-120
0
0
AT 336
4.387483679451454075e-40
-2.392412162590865116e-56
0
0
DERIV 1
-7.951361679243226061e-41
-2.1788307756345182276e-57
0
0
DERIV 2
7.244498183972690369e-42
-5.708243778438687347e-58
0
0
DERIV 3
-4.424532402074583937e-43
-1.2365859458849574431e-59
0
0
DERIV 4
2.0379051645257195615e-44
1.2416290430107099923e-61
0
0
DERIV 5
-7.550913803162022688e-46
-4.483978769868827723e-62
0
0
DERIV 6
2.344528251091797955e-47
1.5357932647332434922e-63
0
0
DERIV 7
-6.274786800900239358e-49
3.826696815554706760e-66
0
0
DERIV 8
1.4777382617764054723e-50
-5.653127875923739112e-67
0
0
DERIV 9
-3.1110224754345871130e-52
3.608929319014374652e-69
0
0
DERIV 10
5.928208725054067476e-54
3.130289880662057425e-70
0
0
DERIV 11
-1.0328467503253337125e-55
-7.855516677372909233e-72
0
0
DERIV 12
1.6590404888679294776e-57
1.1379141323504447893e-73
0
0
DERIV 13
-2.474148115763467246e-59
-7.623046639671457115e-76
0
0
DERIV 14
3.446131535520218614e-61
-3.2647313519923229223e-77
0
0
DERIV 15
-4.506187531658755259e-63
2.1215611563059450783e-79
0
0
DERIV 16
5.556543514238421870e-65
-1.1240141382220234531e-81
0
0
DERIV 17
-6.486795880139959699e-67
-3.328366884938802398e-83
0
0
DERIV 18
7.194544520280416448e-69
-3.626434438237719452e-86
0
0
DERIV 19
-7.604637148389108604e-71
5.538495406392747856e-87
0
0
DERIV 20
7.681968109870272999e-73
-5.389716290970568667e-89
0
0
DERIV 21
-7.435057142815061817e-75
-2.2056963896131899741e-91
0
0
DERIV 22
6.910534650311427139e-77
-3.029924281855381285e-93
0
0
DERIV 23
-6.181081258871067459e-79
7.566800427037175028e-96
0
0
DERIV 24
5.330599753112794031e-81
3.252680779110774951e-97
0
0
DERIV 25
-4.440303387503204182e-83
-5.051442362707852182e-100
0
0
DERIV 26
3.578334744304553709e-85
2.7068539627410577791e-102
0
0
DERIV 27
-2.794056685951785552e-87
8.707157979920892993e-104
0
0
DERIV 28
2.1168138164230733337e-89
-1.5106389329658012674e-105
0
0
DERIV 29
-1.5580758761180240399e-91
-8.289798036813794737e-108
0
0
DERIV 30
1.1155283207059669224e-93
-5.434570842581055160e-110
0
0
DERIV 31
-7.777717730886280983e-96
-4.046034385255081929e-113
0
0
DERIV 32
5.286473333446661462e-98
-2.2444227442269404995e-114
0
0
DERIV 33
-3.506363426271509653e-100
9.441742334889520745e-117
0
0
DERIV 34
2.2716114294060987999e-102
-6.740285370260828866e-119
0
0
DERIV 35
-1.4387433113709380715e-104
2.644903874948942253e-121
0
0
AT 344
1.0352288939042283183e-40
-6.382028524694457655e-58
0
0
DERIV 1
-1.8614703399877551972e-41
-8.528825296477855505e-58
0
0
DERIV 2
1.6825960381602730991e-42
-1.3561867610023480163e-58
0
0
DERIV 3
-1.0194329983389836073e-43
3.991583858476579907e-60
0
0
DERIV 4
4.657549224535112222e-45
-6.933898044956164462e-62
0
0
DERIV 5
-1.7116588412809156615e-46
-1.9033000474690695859e-63
0
0
DERIV 6
5.270830193751066892e-48
-5.779470312565733625e-65
0
0
DERIV 7
-1.3989096038389928371e-49
-1.0308595815749862784e-66
0
0
DERIV 8
3.266752234504133677e-51
-2.6845620223242993633e-67
0
0
DERIV 9
-6.818837245886255438e-53
1.5201313467974017280e-69
0
0
DERIV 10
1.2881880785856887464e-54
4.529847442265884852e-71
0
0
DERIV 11
-2.224846374401771792e-56
-2.1264376811941976965e-72
0
0
DERIV 12
3.542328555235742358e-58
1.9365966943861481173e-74
0
0
DERIV 13
-5.235814535208311982e-60
-9.651320496691542639e-78
0
0
DERIV 14
7.227294208666810866e-62
-4.303584786665846437e-78
0
0
DERIV 15
-9.364761606868187294e-64
-4.261274823626053447e-80
0
0
DERIV 16
1.1441781719646206931e-65
-5.590436933466967538e-82
0
0
DERIV 17
-1.3233605389596339380e-67
-6.551661810815869995e-84
0
0
DERIV 18
1.4540101720013907212e-69
-1.4035952625381786709e-86
0
0
DERIV 19
-1.5223540388698714456e-71
4.446276950275388563e-88
0
0
DERIV 20
1.5231377602031317348e-73
-2.2274326557871244925e-91
0
0
DERIV 21
-1.4599455786520961853e-75
-8.928124837407116146e-92
0
0
DERIV 22
1.3437098446489930910e-77
6.088188574025052480e-94
0
0
DERIV 23
-1.1900228300495702857e-79
-4.784510682715451664e-96
0
0
DERIV 24
1.0160593641120924160e-81
3.381809363876214972e-98
0
0
DERIV 25
-8.378430775983103433e-84
-3.485754743857188703e-101
0
0
DERIV 26
6.683325305308414927e-86
-4.096579223033468954e-102
0
0
DERIV 27
-5.164909379077721869e-88
-1.9735042095042025722e-105
0
0
DERIV 28
3.872398000057214361e-90
9.447025861430679117e-107
0
0
DERIV 29
-2.8203918781177491331e-92
-2.323705066889031004e-109
0
0
DERIV 30
1.9979214080750895249e-94
6.525006377754352744e-112
0
0
DERIV 31
-1.3780979418009545800e-96
5.267311051632960704e-113
0
0
DERIV 32
9.265672877067079903e-99
7.769041429902747857e-115
0
0
DERIV 33
-6.078599318957800078e-101
-1.9760939072560741778e-117
0
0
DERIV 34
3.894652669929994788e-103
1.5660560560587402589e-119
0
0
DERIV 35
-2.4392611918839282253e-105
-2.3476258783979357622e-122
0
0
AT 352
2.470020969438240657e-41
-1.9343860089026911631e-57
0
0
DERIV 1
-4.407501059285643731e-42
-9.352442958895623440e-59
0
0
DERIV 2
3.953236646701079704e-43
2.765481910527474015e-59
0
0
DERIV 3
-2.376470962031487712e-44
-2.2676297066857999373e-60
0
0
DERIV 4
1.0771991754279196957e-45
7.250632024636069857e-62
0
0
DERIV 5
-3.927208805187599856e-47
-8.566556799766646201e-64
0
0
DERIV 6
1.1996019480298256969e-48
3.072478696510420027e-65
0
0
DERIV 7
-3.157925653490683811e-50
1.0506568049921472051e-66
0
0
DERIV 8
7.313831570494160055e-52
-6.787769518713618385e-68
0
0
DERIV 9
-1.5139712378376525697e-53
9.476812948049957923e-70
0
0
DERIV 10
2.8361342881849178054e-55
-1.7689532356306209136e-71
0
0
DERIV 11
-4.856787165524018992e-57
-1.8550376128976872861e-73
0
0
DERIV 12
7.666557041759097153e-59
3.410346622275992884e-75
0
0
DERIV 13
-1.1233597986254463247e-60
-4.449801956458037463e-77
0
0
DERIV 14
1.5370702050651007500e-62
2.933055137162960669e-79
0
0
DERIV 15
-1.9740490955609205441e-64
-1.4263639427247189560e-80
0
0
DERIV 16
2.390329098472845215e-66
-6.089253754012104238e-83
0
0
DERIV 17
-2.739707891586192282e-68
6.529399322385962082e-85
0
0
DERIV 18
2.982733507838119455e-70
-7.958595922130353252e-87
0
0
DERIV 19
-3.094155646892238908e-72
-4.795896919228117122e-89
0
0
DERIV 20
3.0669266677462315482e-74
-1.6169846614303038513e-91
0
0
DERIV 21
-2.912034372076860669e-76
2.2367549312501323476e-92
0
0
DERIV 22
2.654718911823913252e-78
-2.1083122124293118651e-94
0
0
DERIV 23
-2.3285139002275785219e-80
7.582335315521341171e-97
0
0
DERIV 24
1.9688385252647822726e-82
-9.047161716117398348e-99
0
0
DERIV 25
-1.6075994761454203732e-84
9.572887872936543425e-101
0
0
DERIV 26
1.2696625593867574089e-86
-3.493579708798722722e-103
0
0
DERIV 27
-9.713932124988742118e-89
3.780927468546506376e-105
0
0
DERIV 28
7.209494561780501586e-91
4.601380332359514889e-107
0
0
DERIV 29
-5.197354223583524791e-93
1.6444662986337955279e-109
0
0
DERIV 30
3.643800475434415017e-95
-2.4111618685425009364e-111
0
0
DERIV 31
-2.487222516082898752e-97
1.8458068911509647350e-113
0
0
DERIV 32
1.6547206503389174560e-99
-3.189173305484142119e-116
0
0
DERIV 33
-1.0740363242363728371e-101
6.995366661306539596e-118
0
0
DERIV 34
6.807791562716286606e-104
3.779370997195611569e-120
0
0
DERIV 35
-4.217664279846667010e-106
-5.206909718231905570e-123
0
0
AT 360
5.957472502354226059e-42
4.329746505554498671e-58
0
0
DERIV 1
-1.0551171183017596108e-42
-6.000348605551849237e-59
0
0
DERIV 2
9.392339967589250058e-44
4.060178470127478819e-60
0
0
DERIV 3
-5.603144353731591720e-45
5.630221592899442657e-62
0
0
DERIV 4
2.5202221861670119010e-46
1.8421139270625040826e-62
0
0
DERIV 5
-9.116648112128993358e-48
1.7316205058787445553e-64
0
0
DERIV 6
2.7628751288040517197e-49
-1.4969041187238972485e-65
0
0
DERIV 7
-7.215443970442635260e-51
4.640417163389043317e-67
0
0
DERIV 8
1.6577040430563433653e-52
8.200505483999143337e-69
0
0
DERIV 9
-3.403643211246797526e-54
-1.8716450838015836562e-70
0
0
DERIV 10
6.323837357470456933e-56
2.724897687274129951e-72
0
0
DERIV 11
-1.0739727587171139472e-57
5.044621016705750149e-74
0
0
DERIV 12
1.6811145743018561653e-59
4.547828830515844573e-76
0
0
DERIV 13
-2.4424781592895636923e-61
-1.5581141817865843305e-77
0
0
DERIV 14
3.313463355786063094e-63
-1.2848291436450765758e-79
0
0
DERIV 15
-4.218757202465094854e-65
3.084519975764222022e-81
0
0
DERIV 16
5.063881395588512938e-67
2.0064239882992437824e-83
0
0
DERIV 17
-5.752943909302825917e-69
3.1209904172236110836e-86
0
0
DERIV 18
6.207559228768824201e-71
7.487386795536200259e-88
0
0
DERIV 19
-6.381595718181481810e-73
1.0453577459356096347e-90
0
0
DERIV 20
6.268030434827068087e-75
-1.9885899001921598791e-91
0
0
DERIV 21
-5.896907696840292506e-77
2.588993727754654621e-93
0
0
DERIV 22
5.326056367757578656e-79
-1.6641467335236177864e-95
0
0
DERIV 23
-4.627904499877799158e-81
-1.6708776577070503737e-97
0
0
DERIV 24
3.876079335690361422e-83
2.3399457867301785049e-99
0
0
DERIV 25
-3.134698683596546064e-85
1.4224154521070144388e-101
0
0
DERIV 26
2.451883031363002915e-87
7.185726168209005323e-104
0
0
DERIV 27
-1.8576240261705608104e-89
5.293418723567768577e-107
0
0
DERIV 28
1.3651376932912200322e-91
-1.6780921973098197143e-108
0
0
DERIV 29
-9.743615725881382547e-94
-9.576690091333817069e-110
0
0
DERIV 30
6.762630591791544920e-96
-3.070482297702082516e-112
0
0
DERIV 31
-4.569364195702474622e-98
-7.934689057689749703e-115
0
0
DERIV 32
3.008863272641565116e-100
-5.623456450409978019e-117
0
0
DERIV 33
-1.9328124592370640635e-102
3.466885806340577785e-119
0
0
DERIV 34
1.2123446670797153717e-104
-6.628289528984137226e-122
0
0
DERIV 35
-7.431849241442777731e-107
-3.513959077257630787e-123
0
0
AT 368
1.4520511863725426362e-42
-1.1835496562647100985e-58
0
0
DERIV 1
-2.5529298822362791645e-43
4.795545030190597792e-60
0
0
DERIV 2
2.255783974412619163e-44
1.0337837513540826890e-60
0
0
DERIV 3
-1.3356965816274173196e-45
9.316412224552525310e-63
0
0
DERIV 4
5.962571732640226734e-47
6.628907594629887894e-64
0
0
DERIV 5
-2.1404984289856372433e-48
1.5188889484056435185e-64
0
0
DERIV 6
6.437121914795483674e-50
-6.406215110583021481e-68
0
0
DERIV 7
-1.6680527630046293101e-51
-1.0906253154547346099e-67
0
0
DERIV 8
3.802201535203514063e-53
-2.2057226467634690350e-69
0
0
DERIV 9
-7.744946316096631278e-55
-4.304429404395607061e-71
0
0
DERIV 10
1.4274661963377207625e-56
-4.065418080914277175e-73
0
0
DERIV 11
-2.4046581822135982014e-58
-1.3813673385328104020e-74
0
0
DERIV 12
3.733328522856600253e-60
4.189002191361848303e-77
0
0
DERIV 13
-5.379376479353874859e-62
-1.2603482813547828938e-78
0
0
DERIV 14
7.236840611266526328e-64
-4.125973697232120336e-80
0
0
DERIV 15
-9.136500173533664124e-66
-2.936748209597714255e-82
0
0
DERIV 16
1.0873515147617954202e-67
-5.679960268848569086e-84
0
0
DERIV 17
-1.2247007323419859659e-69
-7.000566189259324916e-86
0
0
DERIV 18
1.3100144935428461652e-71
3.933785967088521595e-88
0
0
DERIV 19
-1.3349395429812312833e-73
1.5117747774165430926e-90
0
0
DERIV 20
1.2995765983915021979e-75
1.1210699449800831526e-92
0
0
DERIV 21
-1.2116988432781536924e-77
8.686778923491032246e-94
0
0
DERIV 22
1.0845173731637350208e-79
2.916802243900067244e-96
0
0
DERIV 23
-9.337617206939244914e-82
-9.754416697015470653e-99
0
0
DERIV 24
7.748640485444556699e-84
-1.5127538376599642637e-100
0
0
DERIV 25
-6.208258786939805593e-86
-2.4974255417725433853e-102
0
0
DERIV 26
4.810327317982129813e-88
-6.869957899255564472e-105
0
0
DERIV 27
-3.609882147685196455e-90
-1.7746384879072336902e-106
0
0
DERIV 28
2.6274301781172351016e-92
-1.0270468278280696700e-108
0
0
DERIV 29
-1.8571772044951185365e-94
7.781027202827086269e-111
0
0
DERIV 30
1.2763977818580101912e-96
-6.761258362878057670e-113
0
0
DERIV 31
-8.539290798010499640e-99
-6.939090476297367882e-115
0
0
DERIV 32
5.567014870444686592e-101
-1.3373913140652817394e-118
0
0
DERIV 33
-3.540149237937733020e-103
4.319197338832230415e-120
0
0
DERIV 34
2.1980000639431742532e-105
-7.844132390762428227e-123
0
0
DERIV 35
-1.3336007668237017754e-107
5.334141052942297968e-124
0
0
AT 376
3.5754327298536633389e-43
7.241048073090762707e-60
0
0
DERIV 1
-6.241260870930026551e-44
4.770750533282773490e-60
0
0
DERIV 2
5.475024070828430152e-45
-1.0141228814042003862e-62
0
0
DERIV 3
-3.2182473143279677939e-46
-3.651949649946922459e-63
0
0
DERIV 4
1.4260540136945266657e-47
-3.801238668910528275e-64
0
0
DERIV 5
-5.081306554338160446e-49
4.307154953475129333e-66
0
0
DERIV 6
1.5166221527045630913e-50
-3.878824381536902736e-67
0
0
DERIV 7
-3.900204344344906193e-52
2.745678400927334026e-68
0
0
DERIV 8
8.822081278061073213e-54
-2.8267082175321759774e-70
0
0
DERIV 9
-1.7831127002644376334e-55
-1.4307656449111315013e-71
0
0
DERIV 10
3.260742318277973082e-57
-2.7061108037564983625e-73
0
0
DERIV 11
-5.449538962477784604e-59
4.224864841069953442e-75
0
0
DERIV 12
8.393122756289151669e-61
1.1443694961686288465e-77
0
0
DERIV 13
-1.1996240113030566682e-62
-5.427692653156743937e-79
0
0
DERIV 14
1.6007099595358520071e-64
-4.850942395015913680e-81
0
0
DERIV 15
-2.0042792140947830420e-66
-3.2251873961434426804e-83
0
0
DERIV 16
2.365522188093638797e-68
1.2513951382984473913e-84
0
0
DERIV 17
-2.6419794970180263471e-70
-4.609144865367383296e-87
0
0
DERIV 18
2.802085454741501482e-72
6.669760892453880881e-89
0
0
DERIV 19
-2.8309734892225512453e-74
1.4432712430779755490e-90
0
0
DERIV 20
2.7321708481093128549e-76
2.780601033871559807e-93
0
0
DERIV 21
-2.525195389343680473e-78
-2.0404266705517211454e-94
0
0
DERIV 22
2.2402341535109245554e-80
-1.6012027923962279716e-96
0
0
DERIV 23
-1.9116641016902850745e-82
-4.849546486608596003e-99
0
0
DERIV 24
1.5721044401335102619e-84
-7.181839617362495416e-101
0
0
DERIV 25
-1.2481521939977169436e-86
6.731363124369075178e-103
0
0
DERIV 26
9.582425263804696797e-89
-6.909616442822699973e-105
0
0
DERIV 27
-7.124557473533496602e-91
3.641386171458908726e-107
0
0
DERIV 28
5.137133453464438584e-93
1.4218683946903629357e-109
0
0
DERIV 29
-3.596899459838654681e-95
-2.9288515182768328289e-111
0
0
DERIV 30
2.448536312466827184e-97
2.0160212967566704576e-114
0
0
DERIV 31
-1.6223625169891962958e-99
1.6861014317582361308e-116
0
0
DERIV 32
1.0474031920324624925e-101
5.874739884722180556e-119
0
0
DERIV 33
-6.595353837365496624e-104
2.1254523241371481295e-120
0
0
DERIV 34
4.054419203796516704e-106
1.3676447896682642171e-124
0
0
DERIV 35
-2.4354006079451472885e-108
-1.0359586108573000674e-124
0
0
AT 384
8.891539251082702352e-44
1.1400051547710188207e-60
0
0
DERIV 1
-1.5412496155195091874e-44
1.0489140018602830091e-60
0
0
DERIV 2
1.3424817839913378906e-45
-6.418836466852491543e-62
0
0
DERIV 3
-7.834884921425205159e-47
8.217562753632724613e-64
0
0
DERIV 4
3.446742458871658717e-48
-5.144830311549299924e-65
0
0
DERIV 5
-1.2192041217456838191e-49
6.707357694206692970e-66
0
0
DERIV 6
3.612225073838315363e-51
-7.746357809092633501e-69
0
0
DERIV 7
-9.220385266392689376e-53
9.813082194872616807e-70
0
0
DERIV 8
2.0699729912298976732e-54
7.752612060466409287e-71
0
0
DERIV 9
-4.152136842881299288e-56
3.935792380125771172e-72
0
0
DERIV 10
7.534867387979241818e-58
-3.835659332315242194e-74
0
0
DERIV 11
-1.2495449918155813817e-59
3.229794146897600029e-76
0
0
DERIV 12
1.9094801879655414677e-61
1.3446621569119986708e-77
0
0
DERIV 13
-2.707711127028161415e-63
-2.0091613246973391854e-79
0
0
DERIV 14
3.584274728387842559e-65
7.646424197317435198e-82
0
0
DERIV 15
-4.451884707596579748e-67
-2.7741439855431853908e-83
0
0
DERIV 16
5.211647722973801344e-69
2.4228708723514609136e-85
0
0
DERIV 17
-5.773043451954563227e-71
-3.467371490879145347e-87
0
0
DERIV 18
6.072238990525740182e-73
4.931075648162852228e-89
0
0
DERIV 19
-6.083588719407130500e-75
1.3932062823125167442e-91
0
0
DERIV 20
5.821737984122257328e-77
1.4838601424580690086e-93
0
0
DERIV 21
-5.334877821372360355e-79
1.1463563993728584443e-96
0
0
DERIV 22
4.692143197817190881e-81
-1.6501536532285374713e-97
0
0
DERIV 23
-3.969183610848085061e-83
-1.6489126934982831659e-99
0
0
DERIV 24
3.235533587904522677e-85
3.795935327592221179e-102
0
0
DERIV 25
-2.546067300505352191e-87
-2.1470274838579203021e-103
0
0
DERIV 26
1.9372169027817637172e-89
9.080256234556256502e-106
0
0
DERIV 27
-1.4273273745888846781e-91
6.072121565756732666e-110
0
0
DERIV 28
1.0197920542060865741e-93
-7.307163584798236681e-110
0
0
DERIV 29
-7.074668631086594130e-96
2.643071586568283643e-112
0
0
DERIV 30
4.771260315259836527e-98
1.3691987333844357561e-115
0
0
DERIV 31
-3.131733065628698081e-100
1.4332306651213019614e-116
0
0
DERIV 32
2.0027295197760254316e-102
4.446968476852517115e-119
0
0
DERIV 33
-1.2490481339458491353e-104
-6.242044376568207992e-121
0
0
DERIV 34
7.604370904506352096e-107
4.081602038294614258e-123
0
0
DERIV 35
-4.523340953292492095e-109
-2.0587248844758846403e-125
0
0
AT 392
2.2325842300122652365e-44
1.2071612477066700941e-60
0
0
DERIV 1
-3.843430498671071899e-45
2.8671560046985787196e-61
0
0
DERIV 2
3.3246050315813931447e-46
1.7203453866623315089e-62
0
0
DERIV 3
-1.9267264288504075103e-47
-4.954112469696957386e-64
0
0
DERIV 4
8.416313954936429024e-49
-3.138049294655081490e-65
0
0
DERIV 5
-2.955866226845449988e-50
1.2917084096825265665e-66
0
0
DERIV 6
8.694562406140414673e-52
9.782806192631375212e-69
0
0
DERIV 7
-2.203208487705772772e-53
2.2152831886500345958e-69
0
0
DERIV 8
4.909910253122535975e-55
-1.3925627514627775930e-71
0
0
DERIV 9
-9.775778279632765871e-57
-3.610841457567785132e-73
0
0
DERIV 10
1.7607361835028318395e-58
-5.223155619723338219e-75
0
0
DERIV 11
-2.897860444981025952e-60
2.4537224759979294622e-77
0
0
DERIV 12
4.394558412326967493e-62
7.538628536966312070e-79
0
0
DERIV 13
-6.183641133383787070e-64
-6.676903883465895988e-80
0
0
DERIV 14
8.121797803753057051e-66
-3.598234844229683844e-82
0
0
DERIV 15
-1.0008535345202501454e-67
5.667677799203445457e-84
0
0
DERIV 16
1.1623687787185002577e-69
1.0846651212627800308e-86
0
0
DERIV 17
-1.2772686081240442704e-71
5.799066341490896092e-89
0
0
DERIV 18
1.3326030241763811588e-73
-6.393907020784933332e-90
0
0
DERIV 19
-1.3241953143597588047e-75
-3.481675394928849917e-93
0
0
DERIV 20
1.2567549274107725723e-77
-8.626813303226732899e-94
0
0
DERIV 21
-1.1420717309675144110e-79
-1.4254594119054071213e-96
0
0
DERIV 22
9.960384317111244384e-82
3.522756133795883745e-98
0
0
DERIV 23
-8.354234946597289327e-84
-7.631657020425216268e-100
0
0
DERIV 24
6.751752978270615220e-86
-3.881412418387894026e-102
0
0
DERIV 25
-5.267079676026852374e-88
-2.6979457208107376440e-104
0
0
DERIV 26
3.972570746120036735e-90
-1.0721778911838805813e-106
0
0
DERIV 27
-2.9011764374362300886e-92
-9.686710854166424860e-109
0
0
DERIV 28
2.0543899180265767131e-94
-1.2863511274106162245e-110
0
0
DERIV 29
-1.4124119631402824833e-96
-6.284247729480994534e-113
0
0
DERIV 30
9.439207711567355360e-99
3.416095601326572454e-115
0
0
DERIV 31
-6.138994140959339552e-101
-2.0201627357758116026e-117
0
0
DERIV 32
3.889623185833797148e-103
-1.7064683350470933379e-119
0
0
DERIV 33
-2.4032539103965617816e-105
-3.818210817756922393e-123
0
0
DERIV 34
1.4493769024606106173e-107
1.2516752877733506106e-123
0
0
DERIV 35
-8.539590700382913164e-110
-5.798956402959106710e-126
0
0
AT 400
5.658585511145162345e-45
-3.145696569853182786e-61
0
0
DERIV 1
-9.675969979992358914e-46
1.7705157206091367369e-62
0
0
DERIV 2
8.313089024444394763e-47
1.4864925575345052650e-63
0
0
DERIV 3
-4.784763667824671360e-48
-2.8789142767463778307e-64
0
0
DERIV 4
2.0756366250128830392e-49
9.368818804684521139e-66
0
0
DERIV 5
-7.238919680788928269e-51
3.849981062332869101e-68
0
0
DERIV 6
2.1143001896067620382e-52
-4.793959162053105060e-69
0
0
DERIV 7
-5.319545569603310354e-54
1.5876744832037942516e-70
0
0
DERIV 8
1.1769616700236525506e-55
2.614878524635054373e-72
0
0
DERIV 9
-2.3263736874319424270e-57
7.048923525532038987e-74
0
0
DERIV 10
4.159403605266464775e-59
2.2072775252287151453e-75
0
0
DERIV 11
-6.795037959782547179e-61
-3.4123142211181394452e-77
0
0
DERIV 12
1.0227654451590841905e-62
7.849499731481111390e-79
0
0
DERIV 13
-1.4283016662156061928e-64
8.116564882030289835e-81
0
0
DERIV 14
1.8617052013187624680e-66
8.714131312576951042e-83
0
0
DERIV 15
-2.276566246291380887e-68
1.5545601228261051368e-84
0
0
DERIV 16
2.6234477744351771765e-70
2.464099589271856729e-87
0
0
DERIV 17
-2.860203187153301822e-72
-2.0204053612142151174e-88
0
0
DERIV 18
2.9605253878839248589e-74
3.039645920009807012e-91
0
0
DERIV 19
-2.918369820969888531e-76
2.7431496541362694562e-92
0
0
DERIV 20
2.747425013192860754e-78
8.619386833741924171e-95
0
0
DERIV 21
-2.4764071539138770493e-80
7.398756119316115392e-97
0
0
DERIV 22
2.1420242562844787542e-82
-8.194669731712327787e-99
0
0
DERIV 23
-1.7817245341221820731e-84
-4.807802513696607964e-101
0
0
DERIV 24
1.4279129733227451242e-86
7.665130641736687415e-103
0
0
DERIV 25
-1.1045157288948396782e-88
6.746007256889220395e-105
0
0
DERIV 26
8.259538009379701203e-91
-4.306197024015762966e-107
0
0
DERIV 27
-5.980058223888449914e-93
8.908719556910460807e-110
0
0
DERIV 28
4.197842496965047573e-95
1.0176262642965774667e-111
0
0
DERIV 29
-2.860758999676662384e-97
1.8053508147860204494e-113
0
0
DERIV 30
1.8949443872579801122e-99
6.389390562933488139e-116
0
0
DERIV 31
-1.2214154322378549022e-101
-6.010479825439305168e-118
0
0
DERIV 32
7.669075147258853581e-104
3.764171904858954444e-120
0
0
DERIV 33
-4.695352794936005225e-106
-3.353674824243589035e-122
0
0
DERIV 34
2.8057350719561086246e-108
-2.692423513059603658e-125
0
0
DERIV 35
-1.6378065299173921057e-110
-2.634100124130883772e-127
0
0
AT 408
1.4473343911951408546e-45
-1.2652807113746217622e-61
0
0
DERIV 1
-2.4586056426275122448e-46
-1.2489606423366685018e-62
0
0
DERIV 2
2.0982756186512108171e-47
1.2101130588672463817e-63
0
0
DERIV 3
-1.1996055125667094772e-48
4.909447244682129840e-65
0
0
DERIV 4
5.168672331253095304e-50
-3.874221474982401438e-66
0
0
DERIV 5
-1.7902873534426200533e-51
9.196020434376643352e-68
0
0
DERIV 6
5.192879929348096905e-53
2.557858838414091875e-69
0
0
DERIV 7
-1.2974179098866018197e-54
2.5058341502566802203e-71
0
0
DERIV 8
2.850376415278262061e-56
-2.1023623496607669406e-72
0
0
DERIV 9
-5.594025936374335437e-58
2.0553328564396055403e-74
0
0
DERIV 10
9.930050768342747036e-60
-2.5899111166440106195e-76
0
0
DERIV 11
-1.6104889440464165996e-61
-6.276203259739523093e-78
0
0
DERIV 12
2.4063409297385116000e-63
1.3444613380491440288e-79
0
0
DERIV 13
-3.335691268834529407e-65
2.0695717388614402425e-81
0
0
DERIV 14
4.315497842619515524e-67
2.8410966179110039101e-83
0
0
DERIV 15
-5.237492502550457108e-69
2.1186003612266623619e-85
0
0
DERIV 16
5.989733115530821848e-71
-2.386574617114707790e-87
0
0
DERIV 17
-6.480259759966195784e-73
4.520502339683435743e-89
0
0
DERIV 18
6.655690345779569180e-75
-2.2393755892004647669e-91
0
0
DERIV 19
-6.509707951789871433e-77
2.174755519033084288e-93
0
0
DERIV 20
6.080113997482455074e-79
-5.877235106895490574e-95
0
0
DERIV 21
-5.436760712363467246e-81
3.521952354069583426e-97
0
0
DERIV 22
4.664898698636855814e-83
-2.2533065531160562991e-99
0
0
DERIV 23
-3.848798708767983572e-85
-3.2614554413489109761e-102
0
0
DERIV 24
3.059286145366600013e-87
1.9924122946401256437e-103
0
0
DERIV 25
-2.3468789228884530359e-89
-1.4823512643064299303e-105
0
0
DERIV 26
1.7403693857615856251e-91
-6.159003022272294939e-108
0
0
DERIV 27
-1.2494654687721044707e-93
-1.5894497643861313660e-110
0
0
DERIV 28
8.696494184507539351e-96
-5.196687146239149283e-112
0
0
DERIV 29
-5.875765081136852599e-98
-2.3836285821776339752e-114
0
0
DERIV 30
3.858427595857364260e-100
-2.1718145876530107162e-116
0
0
DERIV 31
-2.4653210532911666515e-102
7.356885069713220839e-119
0
0
DERIV 32
1.5343150350645080539e-104
-1.2552422865673788465e-120
0
0
DERIV 33
-9.310356880253782566e-107
3.264357897729504783e-123
0
0
DERIV 34
5.513612213968793332e-109
3.918722038710760045e-125
0
0
DERIV 35
-3.1893952678497164237e-111
-1.0687547424704672912e-127
0
0
AT 416
3.734974336115439537e-46
-2.579496286814396319e-62
0
0
DERIV 1
-6.303716040829563695e-47
2.938317175951636013e-63
0
0
DERIV 2
5.344813967692163285e-48
1.4421556931869636947e-64
0
0
DERIV 3
-3.0355949325252524604e-49
1.5783150433079160339e-65
0
0
DERIV 4
1.2992491459899148537e-50
-3.704739558734015257e-67
0
0
DERIV 5
-4.470095203502134798e-52
-1.1680457973479229971e-68
0
0
DERIV 6
1.2878200082793533799e-53
1.0398851378865841714e-69
0
0
DERIV 7
-3.1955944290541362740e-55
-1.0072049148576111975e-71
0
0
DERIV 8
6.972212828472673508e-57
5.508253904486785338e-73
0
0
DERIV 9
-1.3588173265008992305e-58
-1.6092771916600839505e-75
0
0
DERIV 10
2.3951214069754211630e-60
1.8780108122169269040e-77
0
0
DERIV 11
-3.856952699251026203e-62
-1.0093127910206310004e-78
0
0
DERIV 12
5.721699173075852727e-64
1.1922265495089715983e-80
0
0
DERIV 13
-7.874184056562467657e-66
-4.155402311866155880e-82
0
0
DERIV 14
1.0112831798889813012e-67
-2.757115207421614695e-84
0
0
DERIV 15
-1.2183092376170255202e-69
5.228755853713397664e-86
0
0
DERIV 16
1.3829410822830094301e-71
-9.361828091687081655e-88
0
0
DERIV 17
-1.4849789954514552509e-73
2.248996705728999724e-90
0
0
DERIV 18
1.5136381612808553536e-75
1.5825101396136185835e-92
0
0
DERIV 19
-1.4691315128206450642e-77
9.015639349164081369e-94
0
0
DERIV 20
1.3616014922807367778e-79
-5.328900722289822343e-96
0
0
DERIV 21
-1.2080539690537650758e-81
5.763234555703030563e-98
0
0
DERIV 22
1.0284060625953349964e-83
2.349068728255559133e-100
0
0
DERIV 23
-8.417675047985229887e-86
7.028778807724440230e-102
0
0
DERIV 24
6.637425264710583632e-88
2.3772490908648008983e-104
0
0
DERIV 25
-5.050689166663749889e-90
-4.029945288648971673e-106
0
0
DERIV 26
3.714919640034248161e-92
2.9681643784602433367e-108
0
0
DERIV 27
-2.645134087288628881e-94
3.440649170845326613e-111
0
0
DERIV 28
1.8257878135476721234e-96
-4.917257596411367641e-114
0
0
DERIV 29
-1.2232639947048287648e-98
-2.782282545247587261e-115
0
0
DERIV 30
7.964942127046778761e-101
-3.689867217893350967e-118
0
0
DERIV 31
-5.045786741098769664e-103
2.789329461561497363e-119
0
0
DERIV 32
3.1132897233769308289e-105
-1.2387271489678052284e-121
0
0
DERIV 33
-1.8727818476881409362e-107
1.1977146250841452143e-123
0
0
DERIV 34
1.0993577626545590098e-109
6.395951772087218932e-126
0
0
DERIV 35
-6.303170786785904786e-112
-3.850881158199159977e-128
0
0
AT 424
9.722221137227427944e-47
9.019368227739797844e-64
0
0
DERIV 1
-1.6304860426013021558e-47
-4.096427566567676323e-64
0
0
DERIV 2
1.3736298343867596457e-48
-1.1240169153285027623e-65
0
0
DERIV 3
-7.751245376856612088e-50
-6.944303121770834650e-67
0
0
DERIV 4
3.295977820267582452e-51
-3.534638754470666264e-68
0
0
DERIV 5
-1.1265388641512132861e-52
8.151027227151795149e-69
0
0
DERIV 6
3.224001934907995070e-54
2.0789765629563487662e-70
0
0
DERIV 7
-7.946491386692548071e-56
-4.169010111702331751e-72
0
0
DERIV 8
1.7220696535653093556e-57
-1.3146012077580578317e-73
0
0
DERIV 9
-3.333265561371482498e-59
-2.3489872355959898418e-77
0
0
DERIV 10
5.834952743946790478e-61
-1.1222807878518803822e-77
0
0
DERIV 11
-9.330975984820788618e-63
-2.4366201125257581966e-79
0
0
DERIV 12
1.3745244570244956002e-64
3.218882802599720542e-81
0
0
DERIV 13
-1.8782319291648398700e-66
2.635817851698790976e-84
0
0
DERIV 14
2.394991246483560643e-68
3.292941575642810819e-85
0
0
DERIV 15
-2.8644894627884757059e-70
-1.2038556873877620604e-86
0
0
DERIV 16
3.227919867748719178e-72
-4.634438890172606833e-89
0
0
DERIV 17
-3.4406409807139601859e-74
1.5856906249156661845e-90
0
0
DERIV 18
3.481059760173713518e-76
-1.4697540350362963489e-92
0
0
DERIV 19
-3.353440549624764644e-78
-9.220586350830663330e-95
0
0
DERIV 20
3.0845401508113100862e-80
1.9875501440079153675e-98
0
0
DERIV 21
-2.715857305183121524e-82
1.2623587741984971720e-98
0
0
DERIV 22
2.294219461019396515e-84
-5.883011878442743396e-101
0
0
DERIV 23
-1.8632945584485805579e-86
-1.2983245782031381217e-102
0
0
DERIV 24
1.4577301378798761206e-88
-9.141300771574924416e-105
0
0
DERIV 25
-1.1004876102493648413e-90
-3.808638028578245336e-108
0
0
DERIV 26
8.029891260970377980e-93
-1.1524490397548660335e-109
0
0
DERIV 27
-5.671555133133685847e-95
-1.8975792442871707019e-111
0
0
DERIV 28
3.882999217914029309e-97
9.493670904205322729e-114
0
0
DERIV 29
-2.5802859842520809195e-99
-8.559321072443990808e-116
0
0
DERIV 30
1.6662066332123979553e-101
1.3811330632742672606e-117
0
0
DERIV 31
-1.0467463648833206333e-103
-3.722639757109096373e-120
0
0
DERIV 32
6.404216694664728554e-106
1.8903834054279294682e-122
0
0
DERIV 33
-3.819750387583294775e-108
7.945975022555683287e-125
0
0
DERIV 34
2.2230815066190583493e-110
-1.0822384416675522863e-126
0
0
DERIV 35
-1.2636041108566949002e-112
-7.371728845451120960e-129
0
0
AT 432
2.552162096771123141e-47
6.716465938393996852e-64
0
0
DERIV 1
-4.253573219618267870e-48
8.371333371971539230e-65
0
0
DERIV 2
3.561029430813222191e-49
-3.065051840985125269e-66
0
0
DERIV 3
-1.9967378148427616482e-50
-4.003160455738995130e-68
0
0
DERIV 4
8.436299412773454712e-52
-3.045596261996558282e-68
0
0
DERIV 5
-2.864878772124262851e-53
-2.6930006668888030387e-70
0
0
DERIV 6
8.145574652706007120e-55
-4.044819993222777946e-71
0
0
DERIV 7
-1.9945364791459245733e-56
-1.4287349964563075850e-73
0
0
DERIV 8
4.293692645374649092e-58
-2.0178132248970098462e-74
0
0
DERIV 9
-8.255381413131544516e-60
-4.619830351920711378e-76
0
0
DERIV 10
1.4353725969846981193e-61
3.161455168159363453e-78
0
0
DERIV 11
-2.2797505358194874291e-63
7.080052848293654530e-80
0
0
DERIV 12
3.335172632174526951e-65
-7.666690341963689665e-82
0
0
DERIV 13
-4.525776272851468302e-67
3.2826182332142492779e-83
0
0
DERIV 14
5.730572503076218092e-69
4.685798782807952875e-85
0
0
DERIV 15
-6.805554468913095961e-71
-4.930060827038695388e-88
0
0
DERIV 16
7.614352926329050523e-73
-5.967354477673643562e-89
0
0
DERIV 17
-8.057775088324876176e-75
-3.017664687216269547e-91
0
0
DERIV 18
8.093271839561134942e-77
-6.410148889116499653e-93
0
0
DERIV 19
-7.739470603995420060e-79
1.5340515023556030228e-95
0
0
DERIV 20
7.066266068495090062e-81
1.5412671013313913588e-100
0
0
DERIV 21
-6.175272608772780048e-83
-9.191934188862643999e-100
0
0
DERIV 22
5.177311357463238390e-85
-4.246638272395848973e-102
0
0
DERIV 23
-4.172931788555068816e-87
-2.1151346360046985321e-103
0
0
DERIV 24
3.239645260837017737e-89
-1.6719444907533529032e-105
0
0
DERIV 25
-2.4268109799525703920e-91
6.834038690613638783e-108
0
0
DERIV 26
1.7569550374290440743e-93
2.5635301657539989205e-110
0
0
DERIV 27
-1.2311837155081012706e-95
-8.432182354176270040e-113
0
0
DERIV 28
8.362325608628750269e-98
-1.1588340696235108864e-114
0
0
DERIV 29
-5.512338053861350071e-100
-3.532197497121434952e-116
0
0
DERIV 30
3.5308077629368489849e-102
5.325725769645394217e-120
0
0
DERIV 31
-2.2000507425214547315e-104
5.884652117268691934e-121
0
0
DERIV 32
1.3349712576660786973e-106
-9.773032715623128116e-123
0
0
DERIV 33
-7.896306773950599724e-109
1.3796654923783943360e-125
0
0
DERIV 34
4.557176564264154013e-111
-5.182998788797716795e-128
0
0
DERIV 35
-2.5684498521728741814e-113
-8.048244831330986454e-131
0
0
AT 440
6.755261037650695086e-48
5.060768573246623902e-64
0
0
DERIV 1
-1.1189478976220680405e-48
3.250601063261486609e-65
0
0
DERIV 2
9.310041183960780589e-50
-2.537197421823277977e-66
0
0
DERIV 3
-5.187974927212767269e-51
-1.1954608429697540319e-67
0
0
DERIV 4
2.1782048940635868233e-52
1.3705845628285452671e-68
0
0
DERIV 5
-7.350155871505259886e-54
-1.7360894168528599926e-70
0
0
DERIV 6
2.0765003008301714480e-55
5.057248500548228192e-72
0
0
DERIV 7
-5.051811674496411285e-57
-1.4853153093376420443e-73
0
0
DERIV 8
1.0804507113521610507e-58
7.911556495680225744e-75
0
0
DERIV 9
-2.0637355446750070480e-60
-1.1037522028966649442e-77
0
0
DERIV 10
3.564498863880788877e-62
-8.579294145704601321e-79
0
0
DERIV 11
-5.623566305957924716e-64
4.314074323821601033e-81
0
0
DERIV 12
8.171597189822573206e-66
-4.085120480747926268e-82
0
0
DERIV 13
-1.1013342233892647358e-67
1.8474573148954085762e-84
0
0
DERIV 14
1.3849515176762459738e-69
-6.347673215480968132e-86
0
0
DERIV 15
-1.6333657606792058868e-71
4.074612421196069273e-88
0
0
DERIV 16
1.8147172540627718830e-73
-1.0888496807181181362e-89
0
0
DERIV 17
-1.9068634429802543212e-75
1.2064568386702459246e-92
0
0
DERIV 18
1.9016444263573315621e-77
-1.3991297392844150346e-93
0
0
DERIV 19
-1.8054656225308614876e-79
1.3927472423656747352e-95
0
0
DERIV 20
1.6364870826335549578e-81
2.8128592194730070366e-98
0
0
DERIV 21
-1.4196948413041639072e-83
6.399456161479085606e-100
0
0
DERIV 22
1.1814922549224912445e-85
1.9445984681312593659e-102
0
0
DERIV 23
-9.452068577325610888e-88
4.194864056526493553e-104
0
0
DERIV 24
7.283046541240275003e-90
-1.3055247047547899774e-106
0
0
DERIV 25
-5.414427040072891149e-92
1.3827862126283670550e-108
0
0
DERIV 26
3.889993020443389983e-94
1.4221560817396188809e-110
0
0
DERIV 27
-2.704912165331102947e-96
6.281166691130723387e-113
0
0
DERIV 28
1.8229293581779173898e-98
-6.228096009431067289e-115
0
0
DERIV 29
-1.1922332361796385311e-100
1.2361291675228539547e-116
0
0
DERIV 30
7.576210830385008171e-103
-3.030915636977057999e-119
0
0
DERIV 31
-4.683096292902750872e-105
1.2992551732395664667e-121
0
0
DERIV 32
2.818800661411882037e-107
-6.281571530240313600e-124
0
0
DERIV 33
-1.6537810371917446934e-109
-7.037566512762988050e-126
0
0
DERIV 34
9.466310076038516933e-112
-5.012588580198602399e-128
0
0
DERIV 35
-5.291222360104740162e-114
3.2038541752217829877e-130
0
0
AT 448
1.8326146002548242213e-48
8.919853660568597328e-65
0
0
DERIV 1
-2.9518708177405730410e-49
-3.240237165676745611e-66
0
0
DERIV 2
2.442857211302200759e-50
1.1157180589900263535e-66
0
0
DERIV 3
-1.3612411943080705838e-51
1.3697894123473957335e-67
0
0
DERIV 4
5.678985894951952122e-53
-3.454562276988138886e-70
0
0
DERIV 5
-1.9013193302546725888e-54
1.5672273746773321016e-71
0
0
DERIV 6
5.338096708739574062e-56
3.603543782577266596e-72
0
0
DERIV 7
-1.2910239065456738490e-57
-7.406841283281543108e-75
0
0
DERIV 8
2.743514774036379896e-59
9.733182882455033897e-76
0
0
DERIV 9
-5.206020624685941300e-61
3.2304970521703436998e-77
0
0
DERIV 10
8.933543844998320551e-63
3.226830655427340005e-79
0
0
DERIV 11
-1.4002160576524675195e-64
7.504992219876344426e-81
0
0
DERIV 12
2.0212041310856638216e-66
-7.876273615552373153e-84
0
0
DERIV 13
-2.705914590703447375e-68
1.0478241050503016000e-84
0
0
DERIV 14
3.379855449290695890e-70
-9.409984810301239711e-87
0
0
DERIV 15
-3.959039831622891156e-72
-9.783162416107164381e-89
0
0
DERIV 16
4.368487163729688506e-74
3.341582487092415522e-90
0
0
DERIV 17
-4.558590111442099678e-76
-8.038983428681471318e-93
0
0
DERIV 18
4.514424526355520098e-78
-4.107344429647802167e-94
0
0
DERIV 19
-4.255958474807176220e-80
2.496066535950370326e-96
0
0
DERIV 20
3.830262209411763430e-82
1.5131487765148396065e-98
0
0
DERIV 21
-3.299067660946542991e-84
1.5070668456080584252e-100
0
0
DERIV 22
2.7257106171170266221e-86
1.2819577466958425455e-102
0
0
DERIV 23
-2.1647140711472469877e-88
1.3518972696240313715e-104
0
0
DERIV 24
1.6557072301785856713e-90
-1.0805570711881794680e-106
0
0
DERIV 25
-1.2217758713554934529e-92
-7.072538373562794851e-109
0
0
DERIV 26
8.712204374377674374e-95
6.619248881377705884e-111
0
0
DERIV 27
-6.012346954513262647e-97
2.1867883102565475213e-113
0
0
DERIV 28
4.021088286943173706e-99
5.907821677932640127e-116
0
0
DERIV 29
-2.6096904323940903954e-101
7.367569925892989107e-118
0
0
DERIV 30
1.6455260082839827073e-103
-9.638371544028458998e-120
0
0
DERIV 31
-1.0092098605450556611e-105
-3.452550934723554425e-122
0
0
DERIV 32
6.026692990160105942e-108
-1.0393612580501450682e-124
0
0
DERIV 33
-3.507756754328469023e-110
5.631371057339714749e-127
0
0
DERIV 34
1.9917702685274410601e-112
-4.474640591605947358e-129
0
0
DERIV 35
-1.1043118711439974055e-114
-7.084629231487149950e-131
0
0
AT 456
3.760600134717870924e-48
-2.5280216543421681746e-64
0
0
DERIV 1
9.201534422229829122e-50
8.343599603721711336e-66
0
0
DERIV 2
-5.812103006230503905e-51
4.917068460383848873e-67
0
0
DERIV 3
-5.730933502521396266e-52
2.636709045973236142e-68
0
0
DERIV 4
2.257393338271428292e-53
-3.777628763160155649e-71
0
0
DERIV 5
-4.167420182424072169e-55
2.2975191183106661745e-71
0
0
DERIV 6
1.1949418212503875274e-56
-9.282026341853757096e-73
0
0
DERIV 7
-3.467161002172080870e-58
7.961821260126522953e-75
0
0
DERIV 8
7.276163857256250624e-60
-5.080992245641572576e-76
0
0
DERIV 9
-1.3107819240876647518e-61
3.201888292633180342e-78
0
0
DERIV 10
2.2389729670691218707e-63
1.0695263395252835748e-79
0
0
DERIV 11
-3.527666859451825523e-65
-1.2407083185209776801e-81
0
0
DERIV 12
5.056789259892941292e-67
-2.5822662888355372212e-83
0
0
DERIV 13
-6.706403022722363064e-69
-3.475919473147118549e-85
0
0
DERIV 14
8.322428878142029574e-71
5.407749243597336421e-87
0
0
DERIV 15
-9.690297838646608626e-73
4.937479918127519861e-89
0
0
DERIV 16
1.0620340928809092240e-74
-8.433971855948016230e-91
0
0
DERIV 17
-1.1005660514605893459e-76
-5.119706142297343821e-93
0
0
DERIV 18
1.0824610452636818246e-78
-5.618246993509229400e-95
0
0
DERIV 19
-1.0134862426687822573e-80
3.576227547028582906e-97
0
0
DERIV 20
9.057674815866341536e-83
-4.051291851351747896e-99
0
0
DERIV 21
-7.746719589218185435e-85
2.3473248205568011391e-101
0
0
DERIV 22
6.355088253854907610e-87
-3.874709332847419035e-103
0
0
DERIV 23
-5.011078468368573733e-89
-6.311607549066523604e-106
0
0
DERIV 24
3.805178976735343788e-91
-4.730809339212409996e-108
0
0
DERIV 25
-2.787510519345557575e-93
2.871336146345306866e-110
0
0
DERIV 26
1.9731455041046778811e-95
-5.012422075607516591e-112
0
0
DERIV 27
-1.3516166326649047740e-97
-8.040799855862655054e-114
0
0
DERIV 28
8.972297419984734809e-100
-2.734880456541634238e-116
0
0
DERIV 29
-5.779251517816219380e-102
1.7235084130571352403e-118
0
0
DERIV 30
3.616443986532665974e-104
-1.7310424790013979984e-120
0
0
DERIV 31
-2.201022810090393085e-106
2.0579291661461362173e-122
0
0
DERIV 32
1.3042465981573470616e-108
-9.170331233126857557e-125
0
0
DERIV 33
-7.532151902296860515e-111
-4.876468796444504969e-127
0
0
DERIV 34
4.243351659590584635e-113
-2.6685811297332115664e-129
0
0
DERIV 35
-2.334064093437010793e-115
-8.043289742776949963e-132
0
0
AT 464
3.2662397364627838108e-46
1.1391913938344519163e-62
0
0
DERIV 1
1.7131676508805094724e-47
-3.132621828061738822e-64
0
0
DERIV 2
-1.2275334967508001401e-48
4.912976565809313376e-66
0
0
DERIV 3
-2.152211885365981419e-50
1.8821680945507641684e-66
0
0
DERIV 4
7.695709936551908233e-52
-5.707205849537195207e-69
0
0
DERIV 5
7.839064967246171105e-54
-1.0313790936562275253e-70
0
0
DERIV 6
-1.8570492167112104902e-55
8.920513992048771928e-72
0
0
DERIV 7
-1.4876448232655735854e-57
-1.5688966435305120512e-74
0
0
DERIV 8
2.671095172206036398e-59
2.1210558409645342626e-75
0
0
DERIV 9
1.0862979135664275999e-61
-3.497811736397369877e-78
0
0
DERIV 10
-1.4457256137662866715e-63
-4.221747391690319254e-80
0
0
DERIV 11
-1.8355145108691106546e-65
-4.287166743320273674e-82
0
0
DERIV 12
2.3826373734881497034e-67
-1.5640918019721301362e-83
0
0
DERIV 13
-1.2425600263189637155e-69
-1.2032007587017749896e-85
0
0
DERIV 14
1.6304282610421013540e-71
-8.160830053074933195e-88
0
0
DERIV 15
-2.5426576479301382327e-73
2.2918681102160747547e-91
0
0
DERIV 16
2.737079720800659495e-75
-1.5139389462087558004e-91
0
0
DERIV 17
-2.6438676795409485338e-77
8.475201504746950108e-94
0
0
DERIV 18
2.5906480684195949129e-79
-1.3957614349706150754e-95
0
0
DERIV 19
-2.445465034083745548e-81
2.3881988167075692425e-98
0
0
DERIV 20
2.1691201144206234516e-83
1.7416904038221307868e-99
0
0
DERIV 21
-1.8362735186401653071e-85
1.7531751253180589948e-102
0
0
DERIV 22
1.4961902599575666610e-87
8.200784579106307456e-104
0
0
DERIV 23
-1.1723628834009168599e-89
-4.598635348427504733e-106
0
0
DERIV 24
8.839193743935474521e-92
3.791391519257582232e-108
0
0
DERIV 25
-6.428102812131248362e-94
3.899577268103775433e-110
0
0
DERIV 26
4.517501616656248123e-96
1.9152993228204340236e-112
0
0
DERIV 27
-3.072198582883754479e-98
9.834852931040327743e-115
0
0
DERIV 28
2.0244836610134348419e-100
1.1719892648496622831e-116
0
0
DERIV 29
-1.2943980168693642056e-102
-9.853912478729204819e-119
0
0
DERIV 30
8.039689542759465635e-105
-2.331668610093718335e-121
0
0
DERIV 31
-4.856420819393592180e-107
3.0160435564565066597e-123
0
0
DERIV 32
2.855995512405610220e-109
6.819701355638505655e-127
0
0
DERIV 33
-1.6367980028492262285e-111
-3.858505799294243780e-128
0
0
DERIV 34
9.150302743121151401e-114
4.173276279754119567e-130
0
0
DERIV 35
-4.994150364480251736e-116
-1.8598762846035010292e-134
0
0
AT 472
3.007696324382333125e-44
-1.2207793208773590752e-60
0
0
DERIV 1
1.5870456192716631692e-45
-1.1055576933950839628e-61
0
0
DERIV 2
-1.1324320209579593358e-46
8.675977376372610459e-63
0
0
DERIV 3
-1.9824816066952966995e-48
-1.4762476834406494934e-64
0
0
DERIV 4
7.053276642950768307e-50
4.694566734209719385e-66
0
0
DERIV 5
7.373498452241590916e-52
-2.357152207402675300e-68
0
0
DERIV 6
-1.7440409967207578313e-53
1.9315067661457393236e-70
0
0
DERIV 7
-1.2966469658231663682e-55
7.327186807504689408e-72
0
0
DERIV 8
2.2939750333152025328e-57
1.1839211317546541624e-73
0
0
DERIV 9
1.3189519451475434598e-59
-6.548922687246186849e-76
0
0
DERIV 10
-1.8613606464044473115e-61
5.798510604119410402e-78
0
0
DERIV 11
-8.753714494499235870e-64
4.284123744538410857e-80
0
0
DERIV 12
1.0273676044161475750e-65
-3.428490481629952191e-82
0
0
DERIV 13
4.000730408737752744e-68
1.8989305120617389566e-84
0
0
DERIV 14
-4.002222714541233044e-70
2.804393330441717388e-87
0
0
DERIV 15
-1.4405495720499859231e-72
-4.302033651603387186e-90
0
0
DERIV 16
1.2728800029463949681e-74
-3.627462451759270772e-92
0
0
DERIV 17
2.9550931502773781682e-77
-7.968257466479784953e-94
0
0
DERIV 18
-2.1638577536110698995e-79
7.968273873226879659e-96
0
0
DERIV 19
-1.3393137081367113741e-81
-1.3695909631054061173e-98
0
0
DERIV 20
1.0423140940973192406e-83
-2.2469931884683275506e-100
0
0
DERIV 21
-3.1528765319480162786e-86
-1.3017880448837040383e-102
0
0
DERIV 22
2.773128736092168392e-88
-2.1303177383516612136e-104
0
0
DERIV 23
-2.942093917698338626e-90
1.3073444008335646989e-106
0
0
DERIV 24
2.1734236785080907421e-92
-7.447810758324974878e-110
0
0
DERIV 25
-1.4781235673923478998e-94
1.1825355108787575194e-110
0
0
DERIV 26
1.0347665072039564481e-96
-8.482844950320108876e-113
0
0
DERIV 27
-7.077651267478108736e-99
-2.710414717071847732e-115
0
0
DERIV 28
4.627402446268524538e-101
-2.6045608098820743702e-117
0
0
DERIV 29
-2.929562754147724008e-103
-1.5622749684427324959e-119
0
0
DERIV 30
1.8065988261706596328e-105
-1.2963545541665047021e-121
0
0
DERIV 31
-1.0838396384961166317e-107
-5.792599465489351142e-124
0
0
DERIV 32
6.326528482453806505e-110
-3.817231518975141497e-126
0
0
DERIV 33
-3.598353429269176899e-112
9.410872748963379937e-129
0
0
DERIV 34
1.9964785458557905401e-114
1.6301744120385987446e-130
0
0
DERIV 35
-1.0814088057997636393e-116
5.913511992804732107e-133
0
0
AT 480
2.5678197166067386529e-42
-2.358304420116188913e-59
0
0
DERIV 1
1.3607621002839675932e-43
9.245186117187695238e-60
0
0
DERIV 2
-9.668250465930334989e-45
-3.644473677506082583e-61
0
0
DERIV 3
-1.6997972946518914797e-46
-2.908849041420714091e-63
0
0
DERIV 4
6.021729976682246251e-48
7.733428370287254536e-65
0
0
DERIV 5
6.322514520917919059e-50
-2.0028755998383463731e-66
0
0
DERIV 6
-1.4890869099476814723e-51
7.535241895162717234e-68
0
0
DERIV 7
-1.1115891288491349445e-53
1.0592113557540702385e-69
0
0
DERIV 8
1.9581317808916060131e-55
1.7434194460427489443e-71
0
0
DERIV 9
1.1316665761279535515e-57
4.892473856229791578e-74
0
0
DERIV 10
-1.5904522107157251991e-59
1.0520994708459025348e-75
0
0
DERIV 11
-7.486272278807758144e-62
-1.7147805280709089073e-78
0
0
DERIV 12
8.744009401456524211e-64
-3.0237228271297948033e-80
0
0
DERIV 13
3.466652534479855315e-66
2.3203987147912280298e-82
0
0
DERIV 14
-3.461278007390135185e-68
-1.0978090371415300230e-84
0
0
DERIV 15
-1.1841841062159130072e-70
-4.227996491686877424e-87
0
0
DERIV 16
1.0318324132489293092e-72
-1.1052010960730383873e-89
0
0
DERIV 17
3.098281849294846146e-75
-2.2708904951015407044e-91
0
0
DERIV 18
-2.3929656337109755913e-77
-1.3841851327780745560e-93
0
0
DERIV 19
-6.423617144475752966e-80
-1.941748031655645948e-96
0
0
DERIV 20
4.456654029901037588e-82
-1.8002357033286051930e-98
0
0
DERIV 21
1.0607743070449746339e-84
9.220971423151296714e-102
0
0
DERIV 22
-6.650436179296269309e-87
1.0955341131148747005e-103
0
0
DERIV 23
-1.5424381823831637662e-89
-7.109315904234642152e-106
0
0
DERIV 24
8.977751380131729062e-92
5.794211305020593406e-108
0
0
DERIV 25
1.3510396875201289612e-94
-9.982203063512901836e-111
0
0
DERIV 26
-6.572567986710703776e-97
1.1228602630862452075e-113
0
0
DERIV 27
-3.3074151645013111573e-99
4.048361807871240765e-116
0
0
DERIV 28
1.8825233572297637118e-101
5.951873293571261020e-118
0
0
DERIV 29
-5.305681724591967580e-104
-2.6843951203055037082e-120
0
0
DERIV 30
3.466825981908674252e-106
-1.1234055360961523146e-122
0
0
DERIV 31
-2.5474601882738344862e-108
4.880824944834326065e-125
0
0
DERIV 32
1.4605972481350392456e-110
-1.0911340472756496232e-126
0
0
DERIV 33
-7.935513147664137484e-113
-1.3530673173566177324e-129
0
0
DERIV 34
4.380154364226333361e-115
1.8996169222477162570e-131
0
0
DERIV 35
-2.3725876994211848179e-117
-8.529050838497609104e-134
0
0
AT 488
2.0368482626086383476e-40
-7.109417902855583833e-58
0
0
DERIV 1
1.0839469201710915041e-41
7.573098110357504628e-59
0
0
DERIV 2
-7.669108841334016253e-43
2.641108112907953501e-59
0
0
DERIV 3
-1.3540205521862398847e-44
6.099082354534830614e-61
0
0
DERIV 4
4.776624361567670988e-46
-8.747752327036907498e-63
0
0
DERIV 5
5.036401596674355716e-48
1.3763427228973096475e-64
0
0
DERIV 6
-1.1811981492674505428e-49
7.725109091498063923e-66
0
0
DERIV 7
-8.854760214138907322e-52
2.471617271534849352e-68
0
0
DERIV 8
1.5532703862723829927e-53
-2.6160291313813285942e-70
0
0
DERIV 9
9.014764565140759533e-56
1.7812247598928624898e-72
0
0
DERIV 10
-1.2616237368387536927e-57
-5.680641679234413481e-74
0
0
DERIV 11
-5.963476216690170749e-60
-1.7768049409959796627e-76
0
0
DERIV 12
6.936133365606522728e-62
3.879370659520108931e-78
0
0
DERIV 13
2.7616161286372523548e-64
-9.220564909670615491e-81
0
0
DERIV 14
-2.745785200067404200e-66
-1.6963872886477538204e-82
0
0
DERIV 15
-9.432049734693656780e-69
1.9879254871776447810e-85
0
0
DERIV 16
8.183852724872098419e-71
-6.183665688581679547e-87
0
0
DERIV 17
2.4694137161065603245e-73
-3.682989401442162356e-91
0
0
DERIV 18
-1.8995090027197735991e-75
1.1198658031748366361e-92
0
0
DERIV 19
-5.105600911969253695e-78
-3.048658885146511772e-94
0
0
DERIV 20
3.525286319066205514e-80
4.190509355993707353e-97
0
0
DERIV 21
8.534854435901244947e-83
6.923851973099781813e-99
0
0
DERIV 22
-5.343317689067507898e-85
3.5633640495346434138e-102
0
0
DERIV 23
-1.1762330796764617679e-87
4.320195696015920379e-104
0
0
DERIV 24
6.733063610526832402e-90
7.423835844169439108e-107
0
0
DERIV 25
1.3563529535790050307e-92
-3.997384545446902540e-109
0
0
DERIV 26
-7.146784164970305269e-95
-4.310928519370447085e-111
0
0
DERIV 27
-1.3332702774625234372e-97
-6.902260653979649387e-115
0
0
DERIV 28
6.513940785676915835e-100
3.729413626273680314e-117
0
0
DERIV 29
1.1026129148508179667e-102
1.7617065023883716723e-119
0
0
DERIV 30
-4.986646965534630396e-105
3.617871641548702627e-121
0
0
DERIV 31
-8.712850617539793554e-108
-5.072009236306254891e-124
0
0
DERIV 32
3.786324332678001263e-110
2.6534408305940948278e-126
0
0
DERIV 33
3.404555176244911034e-113
1.3115107585853097582e-129
0
0
DERIV 34
-1.0923793864069289542e-115
-6.033158028642828390e-132
0
0
DERIV 35
-8.174303814754139746e-118
-4.633571068523645629e-134
0
0
AT 496
1.5047166805413412109e-38
-6.904779120774125255e-55
0
0
DERIV 1
8.040963895023312076e-40
1.4484338060942577557e-56
0
0
DERIV 2
-5.665572206297709943e-41
-1.0788005323097858802e-57
0
0
DERIV 3
-1.0044484762144316426e-42
-4.275821661290818987e-60
0
0
DERIV 4
3.528765200749990414e-44
-1.4196915762012405222e-60
0
0
DERIV 5
3.736156435045235830e-46
1.3664464377964582290e-62
0
0
DERIV 6
-8.726240991998929279e-48
-4.420131018181930630e-64
0
0
DERIV 7
-6.568765739288115546e-50
2.2858047484754585023e-66
0
0
DERIV 8
1.1475041236244423396e-51
-2.873087662141339416e-68
0
0
DERIV 9
6.687497187392797135e-54
-3.952407908603068035e-71
0
0
DERIV 10
-9.320512098523115320e-56
-5.026368753998119497e-72
0
0
DERIV 11
-4.423957358302788802e-58
2.4271400743034186922e-74
0
0
DERIV 12
5.124246877512317604e-60
2.0663836692432869869e-76
0
0
DERIV 13
2.048693632489120406e-62
-1.8448558786282172452e-78
0
0
DERIV 14
-2.0285322568838874487e-64
-1.5644302755919353162e-80
0
0
DERIV 15
-6.997159342391231106e-67
-3.506492128102725754e-83
0
0
DERIV 16
6.046103198770812840e-69
1.4563445919609184998e-85
0
0
DERIV 17
1.8319457421103905664e-71
-1.5296289091213317108e-87
0
0
DERIV 18
-1.4033398484382769420e-73
-9.730493487337071317e-91
0
0
DERIV 19
-3.787599134329238051e-76
2.9225357163819647333e-92
0
0
DERIV 20
2.604436561466025842e-78
2.3106566065944896244e-95
0
0
DERIV 21
6.331864749238440912e-81
-3.221780285615847691e-97
0
0
DERIV 22
-3.947786280887570467e-83
2.586785442973961277e-100
0
0
DERIV 23
-8.724874858638056940e-86
1.3304682159974786591e-102
0
0
DERIV 24
4.973538147819466552e-88
2.1246748002107282933e-104
0
0
DERIV 25
1.0068546187674148326e-90
1.2158744113432335731e-107
0
0
DERIV 26
-5.284343318753509215e-93
2.666994304400493553e-109
0
0
DERIV 27
-9.862732366009967829e-96
8.176591459598484958e-113
0
0
DERIV 28
4.794313109227725739e-98
1.1738443844465723639e-114
0
0
DERIV 29
8.294769782665295222e-101
3.361613914045360109e-117
0
0
DERIV 30
-3.753687937107448265e-103
-2.2683813412364416692e-119
0
0
DERIV 31
-6.051490605468176921e-106
4.822772068514121708e-122
0
0
DERIV 32
2.5611145658241823068e-108
9.282203297991821583e-125
0
0
DERIV 33
3.856022952109214564e-111
-1.0705137467174739786e-127
0
0
DERIV 34
-1.5313926643124729196e-113
5.881906576243053181e-130
0
0
DERIV 35
-2.1826036138990105535e-116
-4.426904010843431140e-133
0
0
AT 504
1.0376279251186303280e-36
7.586589667872103647e-53
0
0
DERIV 1
5.567654574802411716e-38
4.722169746206806714e-54
0
0
DERIV 2
-3.906910658571652085e-39
-1.4096508357054766565e-55
0
0
DERIV 3
-6.954951799688804299e-41
-2.662085163765001239e-57
0
0
DERIV 4
2.4334096451183557725e-42
8.429506127855453721e-59
0
0
DERIV 5
2.586984229097059726e-44
9.845707922416848137e-61
0
0
DERIV 6
-6.017587371815434247e-46
-1.0623461678555803516e-62
0
0
DERIV 7
-4.548359164893986103e-48
-8.753127375806611835e-65
0
0
DERIV 8
7.913200558566729849e-50
1.0480198910840718871e-66
0
0
DERIV 9
4.630595221203811593e-52
3.606419897488150125e-68
0
0
DERIV 10
-6.427474855897672704e-54
1.0999970161056836612e-70
0
0
DERIV 11
-3.063277554214297721e-56
8.082203927034793243e-74
0
0
DERIV 12
3.533729716029295173e-58
-3.0630860627720002187e-74
0
0
DERIV 13
1.4185825875860472076e-60
-3.842319090595890438e-77
0
0
DERIV 14
-1.3989038058922900253e-62
8.276522255898094404e-79
0
0
DERIV 15
-4.845086579649154566e-65
-3.769289951549677304e-81
0
0
DERIV 16
4.169501333218487475e-67
-2.0283740437541164744e-83
0
0
DERIV 17
1.2685118866598830010e-69
1.1234674964530652345e-85
0
0
DERIV 18
-9.677741776376295625e-72
-4.786247974376889935e-88
0
0
DERIV 19
-2.6226966729261954156e-74
-4.402658524432737981e-92
0
0
DERIV 20
1.7960876509790335907e-76
-1.4642170872952433293e-92
0
0
DERIV 21
4.384477617286657115e-79
2.3366403568604785628e-95
0
0
DERIV 22
-2.722513311313641022e-81
2.1721107912960112019e-97
0
0
DERIV 23
-6.041535025877761252e-84
9.595598461775651406e-101
0
0
DERIV 24
3.429920664881121201e-86
2.8764944143986409449e-102
0
0
DERIV 25
6.972009929316917067e-89
-5.493710273836672978e-105
0
0
DERIV 26
-3.644295188946799148e-91
8.149471840743161244e-108
0
0
DERIV 27
-6.829449279098426719e-94
-3.419307793649462636e-110
0
0
DERIV 28
3.306321110481938977e-96
3.323999828332936735e-113
0
0
DERIV 29
5.744043675383629092e-99
-2.998014861835751902e-115
0
0
DERIV 30
-2.5888673192011039640e-101
-1.0771565476576445675e-117
0
0
DERIV 31
-4.189545952052824405e-104
1.1578469531450258833e-121
0
0
DERIV 32
1.7657685373947823541e-106
4.531314315700044586e-123
0
0
DERIV 33
2.672985713713092572e-109
-8.263435778676041365e-126
0
0
DERIV 34
-1.0576561413805756892e-111
-6.349484829804997626e-128
0
0
DERIV 35
-1.5032723818466532993e-114
5.331686730750816009e-131
0
0
END
