2025-04-08 01:12:58-0700 logd[25]: libtrace_kic=0
2025-04-08 01:12:58-0700 logd[25]: _read_kernel_uuid calling _logd_uuiddb_harvest_kernel for FAD66064-42E1-3834-A041-64EB64CDD8CD
2025-04-08 01:12:58-0700 logd[25]: _logd_read_kernel_info calling _logd_uuiddb_harvest_kernel for FAD66064-42E1-3834-A041-64EB64CDD8CD
2025-04-08 01:13:02-0700 logd_helper[91]: Harvesting: 49E18B84-2CD0-3C1E-9270-0E198C2FDF68
2025-04-08 01:13:21-0700 logd_helper[91]: Harvest Complete for 49E18B84-2CD0-3C1E-9270-0E198C2FDF68: 0
2025-04-08 01:13:21-0700 logd_helper[91]: Beginning merge of prelogin uuiddb at /System/Volumes/Preboot/B2821111-241C-31D4-8402-0A360F1527FE/PreLoginData/uuidtext
2025-04-09 02:43:13-0700 logd[25]: flush for power button
2025-04-09 02:43:50-0700 logd[25]: flush for power button
2025-04-09 02:43:50-0700 logd[25]: flush for power button
2025-05-13 08:28:33-0700 logd[64]: libtrace_kic=0
2025-05-13 08:28:33-0700 logd[64]: _read_kernel_uuid calling _logd_uuiddb_harvest_kernel for FAD66064-42E1-3834-A041-64EB64CDD8CD
2025-05-13 08:28:33-0700 logd[64]: _logd_read_kernel_info calling _logd_uuiddb_harvest_kernel for FAD66064-42E1-3834-A041-64EB64CDD8CD
2025-05-14 09:16:47-0700 logd[66]: libtrace_kic=0
2025-05-14 09:16:47-0700 logd[66]: _read_kernel_uuid calling _logd_uuiddb_harvest_kernel for FAD66064-42E1-3834-A041-64EB64CDD8CD
2025-05-14 09:16:47-0700 logd[66]: _logd_read_kernel_info calling _logd_uuiddb_harvest_kernel for FAD66064-42E1-3834-A041-64EB64CDD8CD
2025-06-13 08:09:51-0700 logd[66]: libtrace_kic=0
2025-06-13 08:09:51-0700 logd[66]: _read_kernel_uuid calling _logd_uuiddb_harvest_kernel for FAD66064-42E1-3834-A041-64EB64CDD8CD
2025-06-13 08:09:51-0700 logd[66]: _logd_read_kernel_info calling _logd_uuiddb_harvest_kernel for FAD66064-42E1-3834-A041-64EB64CDD8CD
2025-06-13 12:14:19-0700 logd[66]: Time zone changed, updating file headers
2025-06-13 14:14:36-0500 logd[66]: Time zone changed, updating file headers
2025-06-13 14:14:45-0500 logd[66]: Time zone changed, updating file headers
2025-06-13 14:32:19-0500 logd[66]: flush for power button
2025-06-13 14:32:19-0500 logd[66]: flush for power button
2025-06-13 14:53:37-0500 logd[66]: Error connecting to logd_helper: Connection invalid
2025-06-13 14:53:37-0500 logd[66]: Unable to get path for 48188
2025-06-13 14:53:37-0500 logd[66]: Unable to get path for 48188
2025-06-13 14:53:37-0500 logd[66]: Unable to get path for 48188
2025-06-13 14:53:37-0500 logd[66]: Unable to get path for 48188
2025-06-13 14:53:37-0500 logd[66]: Unable to get path for 48188
2025-06-13 14:53:38-0500 logd[66]: No userlevel firehose clients left
2025-06-13 14:58:58-0500 logd[75]: libtrace_kic=0
2025-06-13 14:58:58-0500 logd[75]: _read_kernel_uuid calling _logd_uuiddb_harvest_kernel for AAF3C70C-3331-335A-96FB-D338CFE178F0
2025-06-13 14:58:58-0500 logd[75]: _logd_read_kernel_info calling _logd_uuiddb_harvest_kernel for AAF3C70C-3331-335A-96FB-D338CFE178F0
2025-06-13 14:59:09-0500 logd_helper[142]: Harvesting: 246818C3-4B9F-3462-BCAF-FDF71975E5FE
2025-06-13 14:59:25-0500 logd_helper[142]: Harvest Complete for 246818C3-4B9F-3462-BCAF-FDF71975E5FE: 0
2025-06-13 14:59:25-0500 logd_helper[142]: Beginning merge of prelogin uuiddb at /System/Volumes/Preboot/B2821111-241C-31D4-8402-0A360F1527FE/PreLoginData/uuidtext
2025-06-25 14:21:34-0500 logd[75]: Unable to get path for 358
2025-06-25 14:21:34-0500 logd[75]: Error connecting to logd_helper: Connection invalid
2025-06-25 14:21:34-0500 logd[75]: Error connecting to logd_helper: Connection invalid
2025-06-25 14:21:34-0500 logd[75]: Error connecting to logd_helper: Connection invalid
2025-06-25 14:21:34-0500 logd[75]: Unable to get path for 513
2025-06-25 14:21:35-0500 logd[75]: Unable to get path for 185
2025-06-25 14:21:35-0500 logd[75]: No userlevel firehose clients left
2025-06-26 15:01:07-0500 logd[77]: libtrace_kic=0
2025-06-26 15:01:07-0500 logd[77]: _read_kernel_uuid calling _logd_uuiddb_harvest_kernel for AAF3C70C-3331-335A-96FB-D338CFE178F0
2025-06-26 15:01:08-0500 logd[77]: _logd_read_kernel_info calling _logd_uuiddb_harvest_kernel for AAF3C70C-3331-335A-96FB-D338CFE178F0
2025-06-30 14:03:39-0500 logd[77]: flush for power button
2025-06-30 14:03:39-0500 logd[77]: flush for power button
2025-07-18 12:45:41-0500 logd[77]: No userlevel firehose clients left
2025-07-18 12:49:36-0500 logd[79]: libtrace_kic=0
2025-07-18 12:49:36-0500 logd[79]: _read_kernel_uuid calling _logd_uuiddb_harvest_kernel for AAF3C70C-3331-335A-96FB-D338CFE178F0
2025-07-18 12:49:37-0500 logd[79]: _logd_read_kernel_info calling _logd_uuiddb_harvest_kernel for AAF3C70C-3331-335A-96FB-D338CFE178F0
2025-07-18 13:07:08-0500 logd[79]: Unable to get path for 198
2025-07-18 13:07:08-0500 logd[79]: No userlevel firehose clients left
2025-07-19 15:48:21-0500 logd[79]: libtrace_kic=0
2025-07-19 15:48:21-0500 logd[79]: _read_kernel_uuid calling _logd_uuiddb_harvest_kernel for AAF3C70C-3331-335A-96FB-D338CFE178F0
2025-07-19 15:48:22-0500 logd[79]: _logd_read_kernel_info calling _logd_uuiddb_harvest_kernel for AAF3C70C-3331-335A-96FB-D338CFE178F0
2025-07-19 16:12:04-0500 logd[79]: Unable to get path for 241
2025-07-19 16:12:04-0500 logd[79]: Unable to get path for 145
2025-07-19 16:12:04-0500 logd[79]: Error connecting to logd_helper: Connection invalid
2025-07-19 16:12:04-0500 logd[79]: No userlevel firehose clients left
2025-07-19 16:28:36-0500 logd[79]: libtrace_kic=0
2025-07-19 16:28:36-0500 logd[79]: _read_kernel_uuid calling _logd_uuiddb_harvest_kernel for AAF3C70C-3331-335A-96FB-D338CFE178F0
2025-07-19 16:28:37-0500 logd[79]: _logd_read_kernel_info calling _logd_uuiddb_harvest_kernel for AAF3C70C-3331-335A-96FB-D338CFE178F0
2025-07-19 16:31:46-0500 logd[79]: Unable to get path for 293
2025-07-19 16:31:46-0500 logd[79]: Unable to get path for 461
2025-07-19 16:31:46-0500 logd[79]: Unable to get path for 461
2025-07-19 16:31:46-0500 logd[79]: Unable to get path for 461
2025-07-19 16:31:47-0500 logd[79]: No userlevel firehose clients left
2025-07-21 13:57:58-0500 logd[79]: libtrace_kic=0
2025-07-21 13:57:58-0500 logd[79]: _read_kernel_uuid calling _logd_uuiddb_harvest_kernel for AAF3C70C-3331-335A-96FB-D338CFE178F0
2025-07-21 13:57:59-0500 logd[79]: _logd_read_kernel_info calling _logd_uuiddb_harvest_kernel for AAF3C70C-3331-335A-96FB-D338CFE178F0
2025-07-21 15:01:37-0500 logd[79]: Error connecting to logd_helper: Connection invalid
2025-07-21 15:01:37-0500 logd[79]: No userlevel firehose clients left
2025-07-22 13:12:25-0500 logd[79]: libtrace_kic=0
2025-07-22 13:12:25-0500 logd[79]: _read_kernel_uuid calling _logd_uuiddb_harvest_kernel for AAF3C70C-3331-335A-96FB-D338CFE178F0
2025-07-22 13:12:26-0500 logd[79]: _logd_read_kernel_info calling _logd_uuiddb_harvest_kernel for AAF3C70C-3331-335A-96FB-D338CFE178F0
2025-07-22 13:37:33-0500 logd[79]: Error connecting to logd_helper: Connection invalid
2025-07-22 13:37:33-0500 logd[79]: Unable to get path for 145
2025-07-22 13:37:33-0500 logd[79]: No userlevel firehose clients left
2025-07-23 16:59:40-0500 logd[79]: libtrace_kic=0
2025-07-23 16:59:40-0500 logd[79]: _read_kernel_uuid calling _logd_uuiddb_harvest_kernel for AAF3C70C-3331-335A-96FB-D338CFE178F0
2025-07-23 16:59:41-0500 logd[79]: _logd_read_kernel_info calling _logd_uuiddb_harvest_kernel for AAF3C70C-3331-335A-96FB-D338CFE178F0
2025-07-23 17:18:20-0500 logd[79]: Unable to get path for 193
2025-07-23 17:18:20-0500 logd[79]: Unable to get path for 193
2025-07-23 17:18:20-0500 logd[79]: Unable to get path for 193
2025-07-23 17:18:20-0500 logd[79]: Error connecting to logd_helper: Connection invalid
2025-07-23 17:18:20-0500 logd[79]: Unable to get path for 145
2025-07-23 17:18:20-0500 logd[79]: No userlevel firehose clients left
2025-07-26 14:23:42-0500 logd[79]: libtrace_kic=0
2025-07-26 14:23:42-0500 logd[79]: _read_kernel_uuid calling _logd_uuiddb_harvest_kernel for AAF3C70C-3331-335A-96FB-D338CFE178F0
2025-07-26 14:23:43-0500 logd[79]: _logd_read_kernel_info calling _logd_uuiddb_harvest_kernel for AAF3C70C-3331-335A-96FB-D338CFE178F0
2025-07-29 16:40:10-0500 logd[79]: Error connecting to logd_helper: Connection invalid
2025-07-29 16:40:10-0500 logd[79]: Error connecting to logd_helper: Connection invalid
2025-07-29 16:40:10-0500 logd[79]: Unable to get path for 402
2025-07-29 16:40:11-0500 logd[79]: No userlevel firehose clients left
2025-07-29 16:56:49-0500 logd[79]: libtrace_kic=0
2025-07-29 16:56:49-0500 logd[79]: _read_kernel_uuid calling _logd_uuiddb_harvest_kernel for AAF3C70C-3331-335A-96FB-D338CFE178F0
2025-07-29 16:56:49-0500 logd[79]: _logd_read_kernel_info calling _logd_uuiddb_harvest_kernel for AAF3C70C-3331-335A-96FB-D338CFE178F0
2025-07-29 17:09:14-0500 logd[79]: No userlevel firehose clients left
2025-07-30 17:36:30-0500 logd[79]: libtrace_kic=0
2025-07-30 17:36:30-0500 logd[79]: _read_kernel_uuid calling _logd_uuiddb_harvest_kernel for AAF3C70C-3331-335A-96FB-D338CFE178F0
2025-07-30 17:36:31-0500 logd[79]: _logd_read_kernel_info calling _logd_uuiddb_harvest_kernel for AAF3C70C-3331-335A-96FB-D338CFE178F0
2025-08-02 12:29:43-0500 logd[79]: Unable to get path for 269
2025-08-02 12:29:43-0500 logd[79]: No userlevel firehose clients left
2025-08-02 13:57:21-0500 logd[79]: libtrace_kic=0
2025-08-02 13:57:21-0500 logd[79]: _read_kernel_uuid calling _logd_uuiddb_harvest_kernel for AAF3C70C-3331-335A-96FB-D338CFE178F0
2025-08-02 13:57:21-0500 logd[79]: _logd_read_kernel_info calling _logd_uuiddb_harvest_kernel for AAF3C70C-3331-335A-96FB-D338CFE178F0
2025-08-02 15:09:00-0500 logd[79]: Error connecting to logd_helper: Connection invalid
2025-08-02 15:09:01-0500 logd[79]: No userlevel firehose clients left
2025-08-06 12:09:03-0500 logd[79]: libtrace_kic=0
2025-08-06 12:09:03-0500 logd[79]: _read_kernel_uuid calling _logd_uuiddb_harvest_kernel for AAF3C70C-3331-335A-96FB-D338CFE178F0
2025-08-06 12:09:03-0500 logd[79]: _logd_read_kernel_info calling _logd_uuiddb_harvest_kernel for AAF3C70C-3331-335A-96FB-D338CFE178F0
2025-08-06 12:24:53-0500 logd[79]: Error connecting to logd_helper: Connection invalid
2025-08-06 12:24:53-0500 logd[79]: Unable to get path for 145
2025-08-06 12:24:53-0500 logd[79]: No userlevel firehose clients left
2025-08-06 14:18:14-0500 logd[79]: libtrace_kic=0
2025-08-06 14:18:14-0500 logd[79]: _read_kernel_uuid calling _logd_uuiddb_harvest_kernel for AAF3C70C-3331-335A-96FB-D338CFE178F0
2025-08-06 14:18:15-0500 logd[79]: _logd_read_kernel_info calling _logd_uuiddb_harvest_kernel for AAF3C70C-3331-335A-96FB-D338CFE178F0
2025-08-06 14:34:34-0500 logd[79]: Unable to get path for 145
2025-08-06 14:34:34-0500 logd[79]: No userlevel firehose clients left
2025-08-06 14:36:32-0500 logd[79]: libtrace_kic=0
2025-08-06 14:36:32-0500 logd[79]: _read_kernel_uuid calling _logd_uuiddb_harvest_kernel for AAF3C70C-3331-335A-96FB-D338CFE178F0
2025-08-06 14:36:33-0500 logd[79]: _logd_read_kernel_info calling _logd_uuiddb_harvest_kernel for AAF3C70C-3331-335A-96FB-D338CFE178F0
2025-08-06 14:53:29-0500 logd[79]: Unable to get path for 690
2025-08-06 14:53:29-0500 logd[79]: Unable to get path for 291
2025-08-06 14:53:29-0500 logd[79]: Unable to get path for 145
2025-08-06 14:53:29-0500 logd[79]: No userlevel firehose clients left
2025-08-07 14:16:02-0500 logd[79]: libtrace_kic=0
2025-08-07 14:16:02-0500 logd[79]: _read_kernel_uuid calling _logd_uuiddb_harvest_kernel for AAF3C70C-3331-335A-96FB-D338CFE178F0
2025-08-07 14:16:03-0500 logd[79]: _logd_read_kernel_info calling _logd_uuiddb_harvest_kernel for AAF3C70C-3331-335A-96FB-D338CFE178F0
2025-08-07 14:29:06-0500 logd[79]: Unable to get path for 301
2025-08-07 14:29:06-0500 logd[79]: Error connecting to logd_helper: Connection invalid
2025-08-07 14:29:06-0500 logd[79]: No userlevel firehose clients left
2025-08-09 13:01:43-0500 logd[79]: libtrace_kic=0
2025-08-09 13:01:43-0500 logd[79]: _read_kernel_uuid calling _logd_uuiddb_harvest_kernel for AAF3C70C-3331-335A-96FB-D338CFE178F0
2025-08-09 13:01:44-0500 logd[79]: _logd_read_kernel_info calling _logd_uuiddb_harvest_kernel for AAF3C70C-3331-335A-96FB-D338CFE178F0
2025-08-09 13:05:01-0500 logd[79]: Unable to get path for 272
2025-08-09 13:05:01-0500 logd[79]: Unable to get path for 145
2025-08-09 13:05:01-0500 logd[79]: No userlevel firehose clients left
2025-08-14 10:09:19-0500 logd[79]: libtrace_kic=0
2025-08-14 10:09:19-0500 logd[79]: _read_kernel_uuid calling _logd_uuiddb_harvest_kernel for AAF3C70C-3331-335A-96FB-D338CFE178F0
2025-08-14 10:09:20-0500 logd[79]: _logd_read_kernel_info calling _logd_uuiddb_harvest_kernel for AAF3C70C-3331-335A-96FB-D338CFE178F0
2025-08-14 10:28:22-0500 logd[79]: Unable to get path for 273
2025-08-14 10:28:22-0500 logd[79]: Unable to get path for 449
2025-08-14 10:28:22-0500 logd[79]: Error connecting to logd_helper: Connection invalid
2025-08-14 10:28:22-0500 logd[79]: Unable to get path for 185
2025-08-14 10:28:22-0500 logd[79]: No userlevel firehose clients left
2025-08-18 14:38:39-0500 logd[79]: libtrace_kic=0
2025-08-18 14:38:39-0500 logd[79]: _read_kernel_uuid calling _logd_uuiddb_harvest_kernel for AAF3C70C-3331-335A-96FB-D338CFE178F0
2025-08-18 14:38:40-0500 logd[79]: _logd_read_kernel_info calling _logd_uuiddb_harvest_kernel for AAF3C70C-3331-335A-96FB-D338CFE178F0
2025-08-18 15:01:07-0500 logd[79]: Unable to get path for 190
2025-08-18 15:01:07-0500 logd[79]: Unable to get path for 362
2025-08-18 15:01:07-0500 logd[79]: Unable to get path for 362
2025-08-18 15:01:07-0500 logd[79]: Unable to get path for 362
2025-08-18 15:01:08-0500 logd[79]: No userlevel firehose clients left
2025-08-18 15:31:35-0500 logd[79]: libtrace_kic=0
2025-08-18 15:31:35-0500 logd[79]: _read_kernel_uuid calling _logd_uuiddb_harvest_kernel for AAF3C70C-3331-335A-96FB-D338CFE178F0
2025-08-18 15:31:35-0500 logd[79]: _logd_read_kernel_info calling _logd_uuiddb_harvest_kernel for AAF3C70C-3331-335A-96FB-D338CFE178F0
2025-08-18 15:37:46-0500 logd[79]: Unable to get path for 444
2025-08-18 15:37:46-0500 logd[79]: Unable to get path for 444
2025-08-18 15:37:46-0500 logd[79]: Unable to get path for 444
2025-08-18 15:37:46-0500 logd[79]: Unable to get path for 293
2025-08-18 15:37:47-0500 logd[79]: No userlevel firehose clients left
2025-08-19 14:23:39-0500 logd[79]: libtrace_kic=0
2025-08-19 14:23:39-0500 logd[79]: _read_kernel_uuid calling _logd_uuiddb_harvest_kernel for AAF3C70C-3331-335A-96FB-D338CFE178F0
2025-08-19 14:23:40-0500 logd[79]: _logd_read_kernel_info calling _logd_uuiddb_harvest_kernel for AAF3C70C-3331-335A-96FB-D338CFE178F0
2025-08-19 14:35:30-0500 logd[79]: Error connecting to logd_helper: Connection invalid
2025-08-19 14:35:30-0500 logd[79]: Unable to get path for 197
2025-08-19 14:35:30-0500 logd[79]: No userlevel firehose clients left
2025-08-20 13:13:05-0500 logd[79]: libtrace_kic=0
2025-08-20 13:13:05-0500 logd[79]: _read_kernel_uuid calling _logd_uuiddb_harvest_kernel for AAF3C70C-3331-335A-96FB-D338CFE178F0
2025-08-20 13:13:06-0500 logd[79]: _logd_read_kernel_info calling _logd_uuiddb_harvest_kernel for AAF3C70C-3331-335A-96FB-D338CFE178F0
2025-08-20 13:40:05-0500 logd[79]: No userlevel firehose clients left
2025-08-20 13:48:03-0500 logd[79]: libtrace_kic=0
2025-08-20 13:48:03-0500 logd[79]: _read_kernel_uuid calling _logd_uuiddb_harvest_kernel for AAF3C70C-3331-335A-96FB-D338CFE178F0
2025-08-20 13:48:04-0500 logd[79]: _logd_read_kernel_info calling _logd_uuiddb_harvest_kernel for AAF3C70C-3331-335A-96FB-D338CFE178F0
2025-08-20 13:56:13-0500 logd[79]: Unable to get path for 291
2025-08-20 13:56:14-0500 logd[79]: No userlevel firehose clients left
2025-08-21 12:33:28-0500 logd[79]: libtrace_kic=0
2025-08-21 12:33:28-0500 logd[79]: _read_kernel_uuid calling _logd_uuiddb_harvest_kernel for AAF3C70C-3331-335A-96FB-D338CFE178F0
2025-08-21 12:33:28-0500 logd[79]: _logd_read_kernel_info calling _logd_uuiddb_harvest_kernel for AAF3C70C-3331-335A-96FB-D338CFE178F0
2025-08-21 12:37:59-0500 logd[79]: Unable to get path for 597
2025-08-21 12:37:59-0500 logd[79]: Unable to get path for 597
2025-08-21 12:37:59-0500 logd[79]: Unable to get path for 146
2025-08-21 12:37:59-0500 logd[79]: Unable to get path for 146
2025-08-21 12:37:59-0500 logd[79]: Unable to get path for 146
2025-08-21 12:37:59-0500 logd[79]: Unable to get path for 171
2025-08-21 12:37:59-0500 logd[79]: Unable to get path for 145
2025-08-21 12:37:59-0500 logd[79]: No userlevel firehose clients left
2025-08-22 13:03:20-0500 logd[79]: libtrace_kic=0
2025-08-22 13:03:20-0500 logd[79]: _read_kernel_uuid calling _logd_uuiddb_harvest_kernel for AAF3C70C-3331-335A-96FB-D338CFE178F0
2025-08-22 13:03:21-0500 logd[79]: _logd_read_kernel_info calling _logd_uuiddb_harvest_kernel for AAF3C70C-3331-335A-96FB-D338CFE178F0
2025-08-22 13:25:29-0500 logd[79]: No userlevel firehose clients left
2025-08-23 11:03:05-0500 logd[79]: libtrace_kic=0
2025-08-23 11:03:05-0500 logd[79]: _read_kernel_uuid calling _logd_uuiddb_harvest_kernel for AAF3C70C-3331-335A-96FB-D338CFE178F0
2025-08-23 11:03:06-0500 logd[79]: _logd_read_kernel_info calling _logd_uuiddb_harvest_kernel for AAF3C70C-3331-335A-96FB-D338CFE178F0
2025-08-23 11:22:43-0500 logd[79]: Error connecting to logd_helper: Connection invalid
2025-08-23 11:22:43-0500 logd[79]: Unable to get path for 145
2025-08-23 11:22:43-0500 logd[79]: No userlevel firehose clients left
2025-08-30 11:38:04-0500 logd[79]: libtrace_kic=0
2025-08-30 11:38:04-0500 logd[79]: _read_kernel_uuid calling _logd_uuiddb_harvest_kernel for AAF3C70C-3331-335A-96FB-D338CFE178F0
2025-08-30 11:38:04-0500 logd[79]: _logd_read_kernel_info calling _logd_uuiddb_harvest_kernel for AAF3C70C-3331-335A-96FB-D338CFE178F0
2025-08-30 11:54:55-0500 logd[79]: Unable to get path for 460
2025-08-30 11:54:55-0500 logd[79]: No userlevel firehose clients left
2025-09-03 12:53:07-0500 logd[79]: libtrace_kic=0
2025-09-03 12:53:07-0500 logd[79]: _read_kernel_uuid calling _logd_uuiddb_harvest_kernel for AAF3C70C-3331-335A-96FB-D338CFE178F0
2025-09-03 12:53:07-0500 logd[79]: _logd_read_kernel_info calling _logd_uuiddb_harvest_kernel for AAF3C70C-3331-335A-96FB-D338CFE178F0
2025-09-03 13:01:50-0500 logd[79]: Unable to get path for 242
2025-09-03 13:01:50-0500 logd[79]: Unable to get path for 146
2025-09-03 13:01:50-0500 logd[79]: Unable to get path for 450
2025-09-03 13:01:50-0500 logd[79]: No userlevel firehose clients left
2025-09-03 13:36:10-0500 logd[79]: libtrace_kic=0
2025-09-03 13:36:10-0500 logd[79]: _read_kernel_uuid calling _logd_uuiddb_harvest_kernel for AAF3C70C-3331-335A-96FB-D338CFE178F0
2025-09-03 13:36:10-0500 logd[79]: _logd_read_kernel_info calling _logd_uuiddb_harvest_kernel for AAF3C70C-3331-335A-96FB-D338CFE178F0
2025-09-03 13:51:34-0500 logd[79]: Unable to get path for 292
2025-09-03 13:51:34-0500 logd[79]: Unable to get path for 387
2025-09-03 13:51:34-0500 logd[79]: Unable to get path for 387
2025-09-03 13:51:34-0500 logd[79]: Unable to get path for 387
2025-09-03 13:51:34-0500 logd[79]: Unable to get path for 449
2025-09-03 13:51:34-0500 logd[79]: Unable to get path for 604
2025-09-03 13:51:34-0500 logd[79]: Unable to get path for 604
2025-09-03 13:51:34-0500 logd[79]: No userlevel firehose clients left
2025-09-03 14:07:37-0500 logd[79]: libtrace_kic=0
2025-09-03 14:07:37-0500 logd[79]: _read_kernel_uuid calling _logd_uuiddb_harvest_kernel for AAF3C70C-3331-335A-96FB-D338CFE178F0
2025-09-03 14:07:38-0500 logd[79]: _logd_read_kernel_info calling _logd_uuiddb_harvest_kernel for AAF3C70C-3331-335A-96FB-D338CFE178F0
2025-09-03 14:32:55-0500 logd[79]: No userlevel firehose clients left
2025-09-05 12:45:45-0500 logd[79]: libtrace_kic=0
2025-09-05 12:45:45-0500 logd[79]: _read_kernel_uuid calling _logd_uuiddb_harvest_kernel for AAF3C70C-3331-335A-96FB-D338CFE178F0
2025-09-05 12:45:46-0500 logd[79]: _logd_read_kernel_info calling _logd_uuiddb_harvest_kernel for AAF3C70C-3331-335A-96FB-D338CFE178F0
2025-09-05 13:02:53-0500 logd[79]: Error connecting to logd_helper: Connection invalid
2025-09-05 13:02:53-0500 logd[79]: Unable to get path for 873
2025-09-05 13:02:53-0500 logd[79]: Unable to get path for 392
2025-09-05 13:02:53-0500 logd[79]: Unable to get path for 460
2025-09-05 13:02:53-0500 logd[79]: Unable to get path for 145
2025-09-05 13:02:53-0500 logd[79]: No userlevel firehose clients left
2025-09-09 12:48:05-0500 logd[79]: libtrace_kic=0
2025-09-09 12:48:05-0500 logd[79]: _read_kernel_uuid calling _logd_uuiddb_harvest_kernel for AAF3C70C-3331-335A-96FB-D338CFE178F0
2025-09-09 12:48:06-0500 logd[79]: _logd_read_kernel_info calling _logd_uuiddb_harvest_kernel for AAF3C70C-3331-335A-96FB-D338CFE178F0
2025-09-09 13:15:39-0500 logd[79]: Unable to get path for 242
2025-09-09 13:15:39-0500 logd[79]: No userlevel firehose clients left
2025-09-13 11:31:35-0500 logd[79]: libtrace_kic=0
2025-09-13 11:31:35-0500 logd[79]: _read_kernel_uuid calling _logd_uuiddb_harvest_kernel for AAF3C70C-3331-335A-96FB-D338CFE178F0
2025-09-13 11:31:35-0500 logd[79]: _logd_read_kernel_info calling _logd_uuiddb_harvest_kernel for AAF3C70C-3331-335A-96FB-D338CFE178F0
2025-09-13 13:38:59-0500 logd[79]: Unable to get path for 149
2025-09-13 13:38:59-0500 logd[79]: Unable to get path for 293
2025-09-13 13:39:00-0500 logd[79]: No userlevel firehose clients left
2025-09-16 12:19:26-0500 logd[79]: libtrace_kic=0
2025-09-16 12:19:26-0500 logd[79]: _read_kernel_uuid calling _logd_uuiddb_harvest_kernel for AAF3C70C-3331-335A-96FB-D338CFE178F0
2025-09-16 12:19:27-0500 logd[79]: _logd_read_kernel_info calling _logd_uuiddb_harvest_kernel for AAF3C70C-3331-335A-96FB-D338CFE178F0
2025-09-16 13:34:00-0500 logd[79]: Error connecting to logd_helper: Connection invalid
2025-09-16 13:34:00-0500 logd[79]: Error connecting to logd_helper: Connection invalid
2025-09-16 13:34:00-0500 logd[79]: Unable to get path for 187
2025-09-16 13:34:01-0500 logd[79]: No userlevel firehose clients left
2025-09-17 15:05:35-0500 logd[79]: libtrace_kic=0
2025-09-17 15:05:35-0500 logd[79]: _read_kernel_uuid calling _logd_uuiddb_harvest_kernel for AAF3C70C-3331-335A-96FB-D338CFE178F0
2025-09-17 15:05:35-0500 logd[79]: _logd_read_kernel_info calling _logd_uuiddb_harvest_kernel for AAF3C70C-3331-335A-96FB-D338CFE178F0
2025-09-17 16:29:40-0500 logd[79]: Unable to get path for 468
2025-09-17 16:29:40-0500 logd[79]: Unable to get path for 468
2025-09-17 16:29:40-0500 logd[79]: Unable to get path for 468
2025-09-17 16:29:40-0500 logd[79]: Unable to get path for 468
2025-09-17 16:29:40-0500 logd[79]: Unable to get path for 468
2025-09-17 16:29:40-0500 logd[79]: Unable to get path for 468
2025-09-17 16:29:40-0500 logd[79]: Unable to get path for 468
2025-09-17 16:29:40-0500 logd[79]: Unable to get path for 468
2025-09-17 16:29:40-0500 logd[79]: Unable to get path for 177
2025-09-17 16:29:40-0500 logd[79]: Error connecting to logd_helper: Connection invalid
2025-09-17 16:29:40-0500 logd[79]: Unable to get path for 145
2025-09-17 16:29:40-0500 logd[79]: No userlevel firehose clients left
2025-09-19 13:19:14-0500 logd[79]: libtrace_kic=0
2025-09-19 13:19:14-0500 logd[79]: _read_kernel_uuid calling _logd_uuiddb_harvest_kernel for AAF3C70C-3331-335A-96FB-D338CFE178F0
2025-09-19 13:19:14-0500 logd[79]: _logd_read_kernel_info calling _logd_uuiddb_harvest_kernel for AAF3C70C-3331-335A-96FB-D338CFE178F0
2025-09-19 14:18:07-0500 logd[79]: No userlevel firehose clients left
2025-09-20 12:56:12-0500 logd[79]: libtrace_kic=0
2025-09-20 12:56:12-0500 logd[79]: _read_kernel_uuid calling _logd_uuiddb_harvest_kernel for AAF3C70C-3331-335A-96FB-D338CFE178F0
2025-09-20 12:56:13-0500 logd[79]: _logd_read_kernel_info calling _logd_uuiddb_harvest_kernel for AAF3C70C-3331-335A-96FB-D338CFE178F0
2025-09-20 13:14:22-0500 logd[79]: Unable to get path for 272
2025-09-20 13:14:22-0500 logd[79]: Unable to get path for 520
2025-09-20 13:14:22-0500 logd[79]: No userlevel firehose clients left
2025-09-22 10:02:04-0500 logd[79]: libtrace_kic=0
2025-09-22 10:02:04-0500 logd[79]: _read_kernel_uuid calling _logd_uuiddb_harvest_kernel for AAF3C70C-3331-335A-96FB-D338CFE178F0
2025-09-22 10:02:04-0500 logd[79]: _logd_read_kernel_info calling _logd_uuiddb_harvest_kernel for AAF3C70C-3331-335A-96FB-D338CFE178F0
2025-09-22 10:03:55-0500 logd[79]: flush for power button
2025-09-22 12:37:21-0500 logd[79]: Error connecting to logd_helper: Connection invalid
2025-09-22 12:37:21-0500 logd[79]: Error connecting to logd_helper: Connection invalid
2025-09-22 12:37:22-0500 logd[79]: Unable to get path for 179
2025-09-22 12:37:22-0500 logd[79]: Unable to get path for 274
2025-09-22 12:37:22-0500 logd[79]: Unable to get path for 146
2025-09-22 12:37:22-0500 logd[79]: Unable to get path for 372
2025-09-22 12:37:22-0500 logd[79]: Unable to get path for 457
2025-09-22 12:37:22-0500 logd[79]: No userlevel firehose clients left
2025-09-23 14:52:43-0500 logd[79]: libtrace_kic=0
2025-09-23 14:52:43-0500 logd[79]: _read_kernel_uuid calling _logd_uuiddb_harvest_kernel for AAF3C70C-3331-335A-96FB-D338CFE178F0
2025-09-23 14:52:43-0500 logd[79]: _logd_read_kernel_info calling _logd_uuiddb_harvest_kernel for AAF3C70C-3331-335A-96FB-D338CFE178F0
2025-09-23 16:28:13-0500 logd[79]: Unable to get path for 150
2025-09-23 16:28:14-0500 logd[79]: Unable to get path for 383
2025-09-23 16:28:14-0500 logd[79]: Unable to get path for 544
2025-09-23 16:28:14-0500 logd[79]: Unable to get path for 185
2025-09-23 16:28:14-0500 logd[79]: No userlevel firehose clients left
2025-09-24 10:11:05-0500 logd[79]: libtrace_kic=0
2025-09-24 10:11:05-0500 logd[79]: _read_kernel_uuid calling _logd_uuiddb_harvest_kernel for AAF3C70C-3331-335A-96FB-D338CFE178F0
2025-09-24 10:11:05-0500 logd[79]: _logd_read_kernel_info calling _logd_uuiddb_harvest_kernel for AAF3C70C-3331-335A-96FB-D338CFE178F0
2025-09-24 10:30:25-0500 logd[79]: Unable to get path for 257
2025-09-24 10:30:25-0500 logd[79]: No userlevel firehose clients left
2025-09-24 10:31:02-0500 logd[79]: libtrace_kic=0
2025-09-24 10:31:02-0500 logd[79]: _read_kernel_uuid calling _logd_uuiddb_harvest_kernel for AAF3C70C-3331-335A-96FB-D338CFE178F0
2025-09-24 10:31:02-0500 logd[79]: _logd_read_kernel_info calling _logd_uuiddb_harvest_kernel for AAF3C70C-3331-335A-96FB-D338CFE178F0
2025-09-24 10:40:21-0500 logd[79]: Unable to get path for 165
2025-09-24 10:40:21-0500 logd[79]: Unable to get path for 293
2025-09-24 10:40:21-0500 logd[79]: Unable to get path for 145
2025-09-24 10:40:22-0500 logd[79]: No userlevel firehose clients left
2025-09-26 11:13:18-0500 logd[79]: libtrace_kic=0
2025-09-26 11:13:18-0500 logd[79]: _read_kernel_uuid calling _logd_uuiddb_harvest_kernel for AAF3C70C-3331-335A-96FB-D338CFE178F0
2025-09-26 11:13:18-0500 logd[79]: _logd_read_kernel_info calling _logd_uuiddb_harvest_kernel for AAF3C70C-3331-335A-96FB-D338CFE178F0
2025-09-26 11:30:10-0500 logd[79]: Unable to get path for 291
2025-09-26 11:30:10-0500 logd[79]: Unable to get path for 197
2025-09-26 11:30:10-0500 logd[79]: Unable to get path for 149
2025-09-26 11:30:10-0500 logd[79]: No userlevel firehose clients left
2025-09-26 12:00:32-0500 logd[79]: libtrace_kic=0
2025-09-26 12:00:32-0500 logd[79]: _read_kernel_uuid calling _logd_uuiddb_harvest_kernel for AAF3C70C-3331-335A-96FB-D338CFE178F0
2025-09-26 12:00:32-0500 logd[79]: _logd_read_kernel_info calling _logd_uuiddb_harvest_kernel for AAF3C70C-3331-335A-96FB-D338CFE178F0
2025-09-26 13:11:31-0500 logd[79]: Unable to get path for 432
2025-09-26 13:11:31-0500 logd[79]: Unable to get path for 432
2025-09-26 13:11:31-0500 logd[79]: Unable to get path for 432
2025-09-26 13:11:31-0500 logd[79]: Unable to get path for 432
2025-09-26 13:11:31-0500 logd[79]: Unable to get path for 432
2025-09-26 13:11:31-0500 logd[79]: Unable to get path for 432
2025-09-26 13:11:31-0500 logd[79]: No userlevel firehose clients left
2025-09-28 14:08:28-0500 logd[79]: libtrace_kic=0
2025-09-28 14:08:28-0500 logd[79]: _read_kernel_uuid calling _logd_uuiddb_harvest_kernel for AAF3C70C-3331-335A-96FB-D338CFE178F0
2025-09-28 14:08:28-0500 logd[79]: _logd_read_kernel_info calling _logd_uuiddb_harvest_kernel for AAF3C70C-3331-335A-96FB-D338CFE178F0
2025-09-28 14:15:49-0500 logd[79]: Unable to get path for 191
2025-09-28 14:15:49-0500 logd[79]: No userlevel firehose clients left
2025-09-30 13:32:34-0500 logd[79]: libtrace_kic=0
2025-09-30 13:32:34-0500 logd[79]: _read_kernel_uuid calling _logd_uuiddb_harvest_kernel for AAF3C70C-3331-335A-96FB-D338CFE178F0
2025-09-30 13:32:34-0500 logd[79]: _logd_read_kernel_info calling _logd_uuiddb_harvest_kernel for AAF3C70C-3331-335A-96FB-D338CFE178F0
2025-09-30 17:07:41-0500 logd[79]: Unable to get path for 371
2025-09-30 17:07:41-0500 logd[79]: Unable to get path for 371
2025-09-30 17:07:41-0500 logd[79]: No userlevel firehose clients left
2025-10-01 13:10:21-0500 logd[79]: libtrace_kic=0
2025-10-01 13:10:21-0500 logd[79]: _read_kernel_uuid calling _logd_uuiddb_harvest_kernel for AAF3C70C-3331-335A-96FB-D338CFE178F0
2025-10-01 13:10:21-0500 logd[79]: _logd_read_kernel_info calling _logd_uuiddb_harvest_kernel for AAF3C70C-3331-335A-96FB-D338CFE178F0
2025-10-01 13:45:17-0500 logd[79]: Error connecting to logd_helper: Connection invalid
2025-10-01 13:45:18-0500 logd[79]: No userlevel firehose clients left
2025-10-01 13:45:36-0500 logd[79]: libtrace_kic=0
2025-10-01 13:45:36-0500 logd[79]: _read_kernel_uuid calling _logd_uuiddb_harvest_kernel for AAF3C70C-3331-335A-96FB-D338CFE178F0
2025-10-01 13:45:36-0500 logd[79]: _logd_read_kernel_info calling _logd_uuiddb_harvest_kernel for AAF3C70C-3331-335A-96FB-D338CFE178F0
2025-10-01 13:48:17-0500 logd[79]: Unable to get path for 187
2025-10-01 13:48:17-0500 logd[79]: Unable to get path for 293
2025-10-01 13:48:17-0500 logd[79]: Unable to get path for 578
2025-10-01 13:48:17-0500 logd[79]: Unable to get path for 578
2025-10-01 13:48:17-0500 logd[79]: Unable to get path for 145
2025-10-01 13:48:17-0500 logd[79]: No userlevel firehose clients left
2025-10-01 15:21:38-0500 logd[79]: libtrace_kic=0
2025-10-01 15:21:38-0500 logd[79]: _read_kernel_uuid calling _logd_uuiddb_harvest_kernel for AAF3C70C-3331-335A-96FB-D338CFE178F0
2025-10-01 15:21:38-0500 logd[79]: _logd_read_kernel_info calling _logd_uuiddb_harvest_kernel for AAF3C70C-3331-335A-96FB-D338CFE178F0
2025-10-01 16:17:58-0500 logd[79]: No userlevel firehose clients left
2025-10-01 16:40:49-0500 logd[79]: libtrace_kic=0
2025-10-01 16:40:49-0500 logd[79]: _read_kernel_uuid calling _logd_uuiddb_harvest_kernel for AAF3C70C-3331-335A-96FB-D338CFE178F0
2025-10-01 16:40:49-0500 logd[79]: _logd_read_kernel_info calling _logd_uuiddb_harvest_kernel for AAF3C70C-3331-335A-96FB-D338CFE178F0
2025-10-01 16:55:58-0500 logd[79]: No userlevel firehose clients left
2025-10-02 13:52:03-0500 logd[79]: libtrace_kic=0
2025-10-02 13:52:03-0500 logd[79]: _read_kernel_uuid calling _logd_uuiddb_harvest_kernel for AAF3C70C-3331-335A-96FB-D338CFE178F0
2025-10-02 13:52:03-0500 logd[79]: _logd_read_kernel_info calling _logd_uuiddb_harvest_kernel for AAF3C70C-3331-335A-96FB-D338CFE178F0
2025-10-02 14:15:50-0500 logd[79]: Unable to get path for 241
2025-10-02 14:15:50-0500 logd[79]: No userlevel firehose clients left
2025-10-02 15:00:48-0500 logd[79]: libtrace_kic=0
2025-10-02 15:00:48-0500 logd[79]: _read_kernel_uuid calling _logd_uuiddb_harvest_kernel for AAF3C70C-3331-335A-96FB-D338CFE178F0
2025-10-02 15:00:48-0500 logd[79]: _logd_read_kernel_info calling _logd_uuiddb_harvest_kernel for AAF3C70C-3331-335A-96FB-D338CFE178F0
2025-10-02 15:22:15-0500 logd[79]: Unable to get path for 292
2025-10-02 15:22:15-0500 logd[79]: Unable to get path for 429
2025-10-02 15:22:15-0500 logd[79]: Unable to get path for 145
2025-10-02 15:22:15-0500 logd[79]: No userlevel firehose clients left
2025-10-02 16:13:56-0500 logd[79]: libtrace_kic=0
2025-10-02 16:13:56-0500 logd[79]: _read_kernel_uuid calling _logd_uuiddb_harvest_kernel for AAF3C70C-3331-335A-96FB-D338CFE178F0
2025-10-02 16:13:56-0500 logd[79]: _logd_read_kernel_info calling _logd_uuiddb_harvest_kernel for AAF3C70C-3331-335A-96FB-D338CFE178F0
2025-10-02 16:15:42-0500 logd[79]: Unable to get path for 186
2025-10-02 16:15:42-0500 logd[79]: Unable to get path for 241
2025-10-02 16:15:42-0500 logd[79]: No userlevel firehose clients left
2025-10-04 14:08:23-0500 logd[79]: libtrace_kic=0
2025-10-04 14:08:23-0500 logd[79]: _read_kernel_uuid calling _logd_uuiddb_harvest_kernel for AAF3C70C-3331-335A-96FB-D338CFE178F0
2025-10-04 14:08:23-0500 logd[79]: _logd_read_kernel_info calling _logd_uuiddb_harvest_kernel for AAF3C70C-3331-335A-96FB-D338CFE178F0
2025-10-04 14:16:29-0500 logd[79]: Unable to get path for 190
2025-10-04 14:16:29-0500 logd[79]: Unable to get path for 277
2025-10-04 14:16:30-0500 logd[79]: No userlevel firehose clients left
2025-10-04 15:08:38-0500 logd[79]: libtrace_kic=0
2025-10-04 15:08:38-0500 logd[79]: _read_kernel_uuid calling _logd_uuiddb_harvest_kernel for AAF3C70C-3331-335A-96FB-D338CFE178F0
2025-10-04 15:08:38-0500 logd[79]: _logd_read_kernel_info calling _logd_uuiddb_harvest_kernel for AAF3C70C-3331-335A-96FB-D338CFE178F0
2025-10-04 15:27:26-0500 logd[79]: Unable to get path for 191
2025-10-04 15:27:26-0500 logd[79]: Unable to get path for 191
2025-10-04 15:27:26-0500 logd[79]: Unable to get path for 191
2025-10-04 15:27:26-0500 logd[79]: No userlevel firehose clients left
2025-10-06 13:30:41-0500 logd[79]: libtrace_kic=0
2025-10-06 13:30:41-0500 logd[79]: _read_kernel_uuid calling _logd_uuiddb_harvest_kernel for AAF3C70C-3331-335A-96FB-D338CFE178F0
2025-10-06 13:30:41-0500 logd[79]: _logd_read_kernel_info calling _logd_uuiddb_harvest_kernel for AAF3C70C-3331-335A-96FB-D338CFE178F0
2025-10-06 13:36:37-0500 logd[79]: Unable to get path for 440
2025-10-06 13:36:37-0500 logd[79]: Unable to get path for 145
2025-10-06 13:36:38-0500 logd[79]: No userlevel firehose clients left
2025-10-06 14:40:53-0500 logd[79]: libtrace_kic=0
2025-10-06 14:40:53-0500 logd[79]: _read_kernel_uuid calling _logd_uuiddb_harvest_kernel for AAF3C70C-3331-335A-96FB-D338CFE178F0
2025-10-06 14:40:53-0500 logd[79]: _logd_read_kernel_info calling _logd_uuiddb_harvest_kernel for AAF3C70C-3331-335A-96FB-D338CFE178F0
2025-10-06 15:08:42-0500 logd[79]: Unable to get path for 200
2025-10-06 15:08:42-0500 logd[79]: Unable to get path for 389
2025-10-06 15:08:42-0500 logd[79]: Unable to get path for 292
2025-10-06 15:08:42-0500 logd[79]: Unable to get path for 292
2025-10-06 15:08:42-0500 logd[79]: Unable to get path for 389
2025-10-06 15:08:42-0500 logd[79]: Unable to get path for 292
2025-10-06 15:08:42-0500 logd[79]: Unable to get path for 389
2025-10-06 15:08:42-0500 logd[79]: Unable to get path for 435
2025-10-06 15:08:42-0500 logd[79]: No userlevel firehose clients left
2025-10-06 15:32:41-0500 logd[79]: libtrace_kic=0
2025-10-06 15:32:41-0500 logd[79]: _read_kernel_uuid calling _logd_uuiddb_harvest_kernel for AAF3C70C-3331-335A-96FB-D338CFE178F0
2025-10-06 15:32:41-0500 logd[79]: _logd_read_kernel_info calling _logd_uuiddb_harvest_kernel for AAF3C70C-3331-335A-96FB-D338CFE178F0
2025-10-06 15:36:53-0500 logd[79]: No userlevel firehose clients left
2025-10-08 13:03:09-0500 logd[79]: libtrace_kic=0
2025-10-08 13:03:09-0500 logd[79]: _read_kernel_uuid calling _logd_uuiddb_harvest_kernel for AAF3C70C-3331-335A-96FB-D338CFE178F0
2025-10-08 13:03:09-0500 logd[79]: _logd_read_kernel_info calling _logd_uuiddb_harvest_kernel for AAF3C70C-3331-335A-96FB-D338CFE178F0
2025-10-08 13:14:25-0500 logd[79]: Unable to get path for 269
2025-10-08 13:14:25-0500 logd[79]: Unable to get path for 438
2025-10-08 13:14:25-0500 logd[79]: Unable to get path for 385
2025-10-08 13:14:26-0500 logd[79]: No userlevel firehose clients left
2025-10-08 13:19:05-0500 logd[79]: libtrace_kic=0
2025-10-08 13:19:05-0500 logd[79]: _read_kernel_uuid calling _logd_uuiddb_harvest_kernel for AAF3C70C-3331-335A-96FB-D338CFE178F0
2025-10-08 13:19:05-0500 logd[79]: _logd_read_kernel_info calling _logd_uuiddb_harvest_kernel for AAF3C70C-3331-335A-96FB-D338CFE178F0
2025-10-08 13:35:10-0500 logd[79]: Unable to get path for 192
2025-10-08 13:35:10-0500 logd[79]: Unable to get path for 432
2025-10-08 13:35:10-0500 logd[79]: Unable to get path for 149
2025-10-08 13:35:11-0500 logd[79]: No userlevel firehose clients left
2025-10-10 11:19:51-0500 logd[79]: libtrace_kic=0
2025-10-10 11:19:51-0500 logd[79]: _read_kernel_uuid calling _logd_uuiddb_harvest_kernel for AAF3C70C-3331-335A-96FB-D338CFE178F0
2025-10-10 11:19:51-0500 logd[79]: _logd_read_kernel_info calling _logd_uuiddb_harvest_kernel for AAF3C70C-3331-335A-96FB-D338CFE178F0
2025-10-10 11:58:33-0500 logd[79]: No userlevel firehose clients left
2025-10-11 12:28:51-0500 logd[79]: libtrace_kic=0
2025-10-11 12:28:51-0500 logd[79]: _read_kernel_uuid calling _logd_uuiddb_harvest_kernel for AAF3C70C-3331-335A-96FB-D338CFE178F0
2025-10-11 12:28:51-0500 logd[79]: _logd_read_kernel_info calling _logd_uuiddb_harvest_kernel for AAF3C70C-3331-335A-96FB-D338CFE178F0
2025-10-11 13:00:42-0500 logd[79]: Unable to get path for 253
2025-10-11 13:00:42-0500 logd[79]: Unable to get path for 150
2025-10-11 13:00:42-0500 logd[79]: Unable to get path for 150
2025-10-11 13:00:42-0500 logd[79]: Unable to get path for 150
2025-10-11 13:00:42-0500 logd[79]: Unable to get path for 438
2025-10-11 13:00:42-0500 logd[79]: Unable to get path for 607
2025-10-11 13:00:42-0500 logd[79]: Unable to get path for 145
2025-10-11 13:00:42-0500 logd[79]: No userlevel firehose clients left
2025-10-11 13:33:14-0500 logd[79]: libtrace_kic=0
2025-10-11 13:33:14-0500 logd[79]: _read_kernel_uuid calling _logd_uuiddb_harvest_kernel for AAF3C70C-3331-335A-96FB-D338CFE178F0
2025-10-11 13:33:14-0500 logd[79]: _logd_read_kernel_info calling _logd_uuiddb_harvest_kernel for AAF3C70C-3331-335A-96FB-D338CFE178F0
2025-10-11 14:08:32-0500 logd[79]: Unable to get path for 177
2025-10-11 14:08:32-0500 logd[79]: Unable to get path for 177
2025-10-11 14:08:32-0500 logd[79]: Unable to get path for 177
2025-10-11 14:08:32-0500 logd[79]: Error connecting to logd_helper: Connection invalid
2025-10-11 14:08:32-0500 logd[79]: Error connecting to logd_helper: Connection invalid
2025-10-11 14:08:33-0500 logd[79]: No userlevel firehose clients left
2025-10-14 12:01:22-0500 logd[79]: libtrace_kic=0
2025-10-14 12:01:22-0500 logd[79]: _read_kernel_uuid calling _logd_uuiddb_harvest_kernel for AAF3C70C-3331-335A-96FB-D338CFE178F0
2025-10-14 12:01:22-0500 logd[79]: _logd_read_kernel_info calling _logd_uuiddb_harvest_kernel for AAF3C70C-3331-335A-96FB-D338CFE178F0
2025-10-14 12:11:27-0500 logd[79]: No userlevel firehose clients left
2025-10-18 12:08:21-0500 logd[79]: libtrace_kic=0
2025-10-18 12:08:21-0500 logd[79]: _read_kernel_uuid calling _logd_uuiddb_harvest_kernel for AAF3C70C-3331-335A-96FB-D338CFE178F0
2025-10-18 12:08:21-0500 logd[79]: _logd_read_kernel_info calling _logd_uuiddb_harvest_kernel for AAF3C70C-3331-335A-96FB-D338CFE178F0
2025-10-18 12:15:24-0500 logd[79]: Unable to get path for 274
2025-10-18 12:15:24-0500 logd[79]: Unable to get path for 462
2025-10-18 12:15:24-0500 logd[79]: No userlevel firehose clients left
2025-10-19 13:05:14-0500 logd[79]: libtrace_kic=0
2025-10-19 13:05:14-0500 logd[79]: _read_kernel_uuid calling _logd_uuiddb_harvest_kernel for AAF3C70C-3331-335A-96FB-D338CFE178F0
2025-10-19 13:05:14-0500 logd[79]: _logd_read_kernel_info calling _logd_uuiddb_harvest_kernel for AAF3C70C-3331-335A-96FB-D338CFE178F0
2025-10-19 13:07:15-0500 logd[79]: Unable to get path for 294
2025-10-19 13:07:15-0500 logd[79]: Unable to get path for 347
2025-10-19 13:07:15-0500 logd[79]: Unable to get path for 580
2025-10-19 13:07:15-0500 logd[79]: Unable to get path for 580
2025-10-19 13:07:16-0500 logd[79]: No userlevel firehose clients left
2025-10-20 12:12:31-0500 logd[79]: libtrace_kic=0
2025-10-20 12:12:31-0500 logd[79]: _read_kernel_uuid calling _logd_uuiddb_harvest_kernel for AAF3C70C-3331-335A-96FB-D338CFE178F0
2025-10-20 12:12:31-0500 logd[79]: _logd_read_kernel_info calling _logd_uuiddb_harvest_kernel for AAF3C70C-3331-335A-96FB-D338CFE178F0
2025-10-20 13:10:03-0500 logd[79]: No userlevel firehose clients left
2025-10-21 10:14:37-0500 logd[79]: libtrace_kic=0
2025-10-21 10:14:37-0500 logd[79]: _read_kernel_uuid calling _logd_uuiddb_harvest_kernel for AAF3C70C-3331-335A-96FB-D338CFE178F0
2025-10-21 10:14:37-0500 logd[79]: _logd_read_kernel_info calling _logd_uuiddb_harvest_kernel for AAF3C70C-3331-335A-96FB-D338CFE178F0
2025-10-21 10:22:07-0500 logd[79]: flush for power button
2025-10-21 10:22:07-0500 logd[79]: flush for power button
2025-10-21 11:11:46-0500 logd[79]: flush for power button
2025-10-21 14:45:51-0500 logd[79]: Unable to get path for 275
2025-10-21 14:45:51-0500 logd[79]: Unable to get path for 450
2025-10-21 14:45:51-0500 logd[79]: Error connecting to logd_helper: Connection invalid
2025-10-21 14:45:51-0500 logd[79]: No userlevel firehose clients left
2025-10-21 15:24:55-0500 logd[79]: libtrace_kic=0
2025-10-21 15:24:55-0500 logd[79]: _read_kernel_uuid calling _logd_uuiddb_harvest_kernel for AAF3C70C-3331-335A-96FB-D338CFE178F0
2025-10-21 15:24:55-0500 logd[79]: _logd_read_kernel_info calling _logd_uuiddb_harvest_kernel for AAF3C70C-3331-335A-96FB-D338CFE178F0
2025-10-21 15:40:06-0500 logd[79]: Error connecting to logd_helper: Connection invalid
2025-10-21 15:40:06-0500 logd[79]: Unable to get path for 268
2025-10-21 15:40:06-0500 logd[79]: Unable to get path for 446
2025-10-21 15:40:06-0500 logd[79]: Unable to get path for 150
2025-10-21 15:40:06-0500 logd[79]: Unable to get path for 150
2025-10-21 15:40:06-0500 logd[79]: Unable to get path for 150
2025-10-21 15:40:06-0500 logd[79]: Unable to get path for 145
2025-10-21 15:40:07-0500 logd[79]: No userlevel firehose clients left
2025-10-22 14:03:50-0500 logd[79]: libtrace_kic=0
2025-10-22 14:03:50-0500 logd[79]: _read_kernel_uuid calling _logd_uuiddb_harvest_kernel for AAF3C70C-3331-335A-96FB-D338CFE178F0
2025-10-22 14:03:50-0500 logd[79]: _logd_read_kernel_info calling _logd_uuiddb_harvest_kernel for AAF3C70C-3331-335A-96FB-D338CFE178F0
2025-10-22 14:47:41-0500 logd[79]: Error connecting to logd_helper: Connection invalid
2025-10-22 14:47:41-0500 logd[79]: Unable to get path for 269
2025-10-22 14:47:41-0500 logd[79]: Unable to get path for 588
2025-10-22 14:47:41-0500 logd[79]: Unable to get path for 185
2025-10-22 14:47:41-0500 logd[79]: No userlevel firehose clients left
2025-10-23 12:02:04-0500 logd[79]: libtrace_kic=0
2025-10-23 12:02:04-0500 logd[79]: _read_kernel_uuid calling _logd_uuiddb_harvest_kernel for AAF3C70C-3331-335A-96FB-D338CFE178F0
2025-10-23 12:02:04-0500 logd[79]: _logd_read_kernel_info calling _logd_uuiddb_harvest_kernel for AAF3C70C-3331-335A-96FB-D338CFE178F0
2025-10-23 13:03:54-0500 logd[79]: Unable to get path for 450
2025-10-23 13:03:54-0500 logd[79]: Unable to get path for 450
2025-10-23 13:03:54-0500 logd[79]: Unable to get path for 450
2025-10-23 13:03:54-0500 logd[79]: Unable to get path for 450
2025-10-23 13:03:54-0500 logd[79]: Unable to get path for 450
2025-10-23 13:03:54-0500 logd[79]: Unable to get path for 450
2025-10-23 13:03:54-0500 logd[79]: Unable to get path for 450
2025-10-23 13:03:54-0500 logd[79]: Unable to get path for 450
2025-10-23 13:03:54-0500 logd[79]: Unable to get path for 145
2025-10-23 13:03:55-0500 logd[79]: No userlevel firehose clients left
2025-10-26 13:41:34-0500 logd[79]: libtrace_kic=0
2025-10-26 13:41:34-0500 logd[79]: _read_kernel_uuid calling _logd_uuiddb_harvest_kernel for AAF3C70C-3331-335A-96FB-D338CFE178F0
2025-10-26 13:41:34-0500 logd[79]: _logd_read_kernel_info calling _logd_uuiddb_harvest_kernel for AAF3C70C-3331-335A-96FB-D338CFE178F0
2025-10-26 13:51:30-0500 logd[79]: Unable to get path for 240
2025-10-26 13:51:30-0500 logd[79]: No userlevel firehose clients left
2025-10-29 12:51:17-0500 logd[79]: libtrace_kic=0
2025-10-29 12:51:17-0500 logd[79]: _read_kernel_uuid calling _logd_uuiddb_harvest_kernel for AAF3C70C-3331-335A-96FB-D338CFE178F0
2025-10-29 12:51:17-0500 logd[79]: _logd_read_kernel_info calling _logd_uuiddb_harvest_kernel for AAF3C70C-3331-335A-96FB-D338CFE178F0
2025-10-29 13:03:09-0500 logd[79]: Error connecting to logd_helper: Connection invalid
2025-10-29 13:03:10-0500 logd[79]: No userlevel firehose clients left
2025-10-30 11:51:26-0500 logd[79]: libtrace_kic=0
2025-10-30 11:51:26-0500 logd[79]: _read_kernel_uuid calling _logd_uuiddb_harvest_kernel for AAF3C70C-3331-335A-96FB-D338CFE178F0
2025-10-30 11:51:26-0500 logd[79]: _logd_read_kernel_info calling _logd_uuiddb_harvest_kernel for AAF3C70C-3331-335A-96FB-D338CFE178F0
2025-10-30 12:31:04-0500 logd[79]: No userlevel firehose clients left
2025-10-31 11:25:38-0500 logd[79]: libtrace_kic=0
2025-10-31 11:25:38-0500 logd[79]: _read_kernel_uuid calling _logd_uuiddb_harvest_kernel for AAF3C70C-3331-335A-96FB-D338CFE178F0
2025-10-31 11:25:38-0500 logd[79]: _logd_read_kernel_info calling _logd_uuiddb_harvest_kernel for AAF3C70C-3331-335A-96FB-D338CFE178F0
2025-10-31 12:29:25-0500 logd[79]: Unable to get path for 186
2025-10-31 12:29:25-0500 logd[79]: Error connecting to logd_helper: Connection invalid
2025-10-31 12:29:25-0500 logd[79]: Unable to get path for 145
2025-10-31 12:29:26-0500 logd[79]: No userlevel firehose clients left
2025-10-31 12:34:09-0500 logd[79]: libtrace_kic=0
2025-10-31 12:34:09-0500 logd[79]: _read_kernel_uuid calling _logd_uuiddb_harvest_kernel for AAF3C70C-3331-335A-96FB-D338CFE178F0
2025-10-31 12:34:09-0500 logd[79]: _logd_read_kernel_info calling _logd_uuiddb_harvest_kernel for AAF3C70C-3331-335A-96FB-D338CFE178F0
2025-10-31 12:37:19-0500 logd[79]: Unable to get path for 188
2025-10-31 12:37:19-0500 logd[79]: No userlevel firehose clients left
2025-10-31 13:58:28-0500 logd[79]: libtrace_kic=0
2025-10-31 13:58:28-0500 logd[79]: _read_kernel_uuid calling _logd_uuiddb_harvest_kernel for AAF3C70C-3331-335A-96FB-D338CFE178F0
2025-10-31 13:58:28-0500 logd[79]: _logd_read_kernel_info calling _logd_uuiddb_harvest_kernel for AAF3C70C-3331-335A-96FB-D338CFE178F0
2025-10-31 14:05:03-0500 logd[79]: Unable to get path for 166
2025-10-31 14:05:03-0500 logd[79]: Unable to get path for 166
2025-10-31 14:05:03-0500 logd[79]: Unable to get path for 166
2025-10-31 14:05:03-0500 logd[79]: Error connecting to logd_helper: Connection invalid
2025-10-31 14:05:04-0500 logd[79]: No userlevel firehose clients left
2025-10-31 14:16:06-0500 logd[79]: libtrace_kic=0
2025-10-31 14:16:06-0500 logd[79]: _read_kernel_uuid calling _logd_uuiddb_harvest_kernel for AAF3C70C-3331-335A-96FB-D338CFE178F0
2025-10-31 14:16:06-0500 logd[79]: _logd_read_kernel_info calling _logd_uuiddb_harvest_kernel for AAF3C70C-3331-335A-96FB-D338CFE178F0
2025-10-31 14:21:13-0500 logd[79]: Unable to get path for 173
2025-10-31 14:21:13-0500 logd[79]: Unable to get path for 292
2025-10-31 14:21:13-0500 logd[79]: No userlevel firehose clients left
2025-11-01 09:24:40-0500 logd[79]: libtrace_kic=0
2025-11-01 09:24:40-0500 logd[79]: _read_kernel_uuid calling _logd_uuiddb_harvest_kernel for AAF3C70C-3331-335A-96FB-D338CFE178F0
2025-11-01 09:24:40-0500 logd[79]: _logd_read_kernel_info calling _logd_uuiddb_harvest_kernel for AAF3C70C-3331-335A-96FB-D338CFE178F0
2025-11-01 09:58:35-0500 logd[79]: Unable to get path for 439
2025-11-01 09:58:36-0500 logd[79]: Unable to get path for 145
2025-11-01 09:58:36-0500 logd[79]: No userlevel firehose clients left
2025-11-01 10:06:50-0500 logd[79]: libtrace_kic=0
2025-11-01 10:06:50-0500 logd[79]: _read_kernel_uuid calling _logd_uuiddb_harvest_kernel for AAF3C70C-3331-335A-96FB-D338CFE178F0
2025-11-01 10:06:50-0500 logd[79]: _logd_read_kernel_info calling _logd_uuiddb_harvest_kernel for AAF3C70C-3331-335A-96FB-D338CFE178F0
2025-11-01 10:14:08-0500 logd[79]: Unable to get path for 292
2025-11-01 10:14:08-0500 logd[79]: Unable to get path for 430
2025-11-01 10:14:08-0500 logd[79]: Unable to get path for 430
2025-11-01 10:14:09-0500 logd[79]: No userlevel firehose clients left
2025-11-01 11:20:01-0500 logd[79]: libtrace_kic=0
2025-11-01 11:20:01-0500 logd[79]: _read_kernel_uuid calling _logd_uuiddb_harvest_kernel for AAF3C70C-3331-335A-96FB-D338CFE178F0
2025-11-01 11:20:01-0500 logd[79]: _logd_read_kernel_info calling _logd_uuiddb_harvest_kernel for AAF3C70C-3331-335A-96FB-D338CFE178F0
2025-11-01 11:51:32-0500 logd[79]: Error connecting to logd_helper: Connection invalid
2025-11-01 11:51:32-0500 logd[79]: Error connecting to logd_helper: Connection invalid
2025-11-01 11:51:32-0500 logd[79]: Error connecting to logd_helper: Connection invalid
2025-11-01 11:51:32-0500 logd[79]: Error connecting to logd_helper: Connection invalid
2025-11-01 11:51:33-0500 logd[79]: No userlevel firehose clients left
2025-11-03 13:37:52-0600 logd[79]: libtrace_kic=0
2025-11-03 13:37:52-0600 logd[79]: _read_kernel_uuid calling _logd_uuiddb_harvest_kernel for AAF3C70C-3331-335A-96FB-D338CFE178F0
2025-11-03 13:37:52-0600 logd[79]: _logd_read_kernel_info calling _logd_uuiddb_harvest_kernel for AAF3C70C-3331-335A-96FB-D338CFE178F0
2025-11-03 14:17:59-0600 logd[79]: Unable to get path for 389
2025-11-03 14:17:59-0600 logd[79]: No userlevel firehose clients left
2025-11-05 12:57:09-0600 logd[79]: libtrace_kic=0
2025-11-05 12:57:09-0600 logd[79]: _read_kernel_uuid calling _logd_uuiddb_harvest_kernel for AAF3C70C-3331-335A-96FB-D338CFE178F0
2025-11-05 12:57:09-0600 logd[79]: _logd_read_kernel_info calling _logd_uuiddb_harvest_kernel for AAF3C70C-3331-335A-96FB-D338CFE178F0
2025-11-05 13:19:54-0600 logd[79]: Unable to get path for 189
2025-11-05 13:19:55-0600 logd[79]: No userlevel firehose clients left
2025-11-05 13:57:43-0600 logd[79]: libtrace_kic=0
2025-11-05 13:57:43-0600 logd[79]: _read_kernel_uuid calling _logd_uuiddb_harvest_kernel for AAF3C70C-3331-335A-96FB-D338CFE178F0
2025-11-05 13:57:43-0600 logd[79]: _logd_read_kernel_info calling _logd_uuiddb_harvest_kernel for AAF3C70C-3331-335A-96FB-D338CFE178F0
2025-11-05 14:19:43-0600 logd[79]: Unable to get path for 434
2025-11-05 14:19:43-0600 logd[79]: Unable to get path for 271
2025-11-05 14:19:43-0600 logd[79]: Unable to get path for 495
2025-11-05 14:19:43-0600 logd[79]: Unable to get path for 145
2025-11-05 14:19:44-0600 logd[79]: No userlevel firehose clients left
2025-11-07 12:28:36-0600 logd[79]: libtrace_kic=0
2025-11-07 12:28:36-0600 logd[79]: _read_kernel_uuid calling _logd_uuiddb_harvest_kernel for AAF3C70C-3331-335A-96FB-D338CFE178F0
2025-11-07 12:28:36-0600 logd[79]: _logd_read_kernel_info calling _logd_uuiddb_harvest_kernel for AAF3C70C-3331-335A-96FB-D338CFE178F0
2025-11-07 14:16:20-0600 logd[79]: Unable to get path for 145
2025-11-07 14:16:20-0600 logd[79]: No userlevel firehose clients left
2025-11-08 12:08:09-0600 logd[79]: libtrace_kic=0
2025-11-08 12:08:09-0600 logd[79]: _read_kernel_uuid calling _logd_uuiddb_harvest_kernel for AAF3C70C-3331-335A-96FB-D338CFE178F0
2025-11-08 12:08:09-0600 logd[79]: _logd_read_kernel_info calling _logd_uuiddb_harvest_kernel for AAF3C70C-3331-335A-96FB-D338CFE178F0
2025-11-08 13:27:40-0600 logd[79]: Unable to get path for 169
2025-11-08 13:27:40-0600 logd[79]: No userlevel firehose clients left
2025-11-10 12:55:56-0600 logd[79]: libtrace_kic=0
2025-11-10 12:55:56-0600 logd[79]: _read_kernel_uuid calling _logd_uuiddb_harvest_kernel for AAF3C70C-3331-335A-96FB-D338CFE178F0
2025-11-10 12:55:56-0600 logd[79]: _logd_read_kernel_info calling _logd_uuiddb_harvest_kernel for AAF3C70C-3331-335A-96FB-D338CFE178F0
2025-11-10 13:02:57-0600 logd[79]: Error connecting to logd_helper: Connection invalid
2025-11-10 13:02:57-0600 logd[79]: No userlevel firehose clients left
2025-11-10 13:14:09-0600 logd[79]: libtrace_kic=0
2025-11-10 13:14:09-0600 logd[79]: _read_kernel_uuid calling _logd_uuiddb_harvest_kernel for AAF3C70C-3331-335A-96FB-D338CFE178F0
2025-11-10 13:14:09-0600 logd[79]: _logd_read_kernel_info calling _logd_uuiddb_harvest_kernel for AAF3C70C-3331-335A-96FB-D338CFE178F0
2025-11-10 13:21:29-0600 logd[79]: Unable to get path for 181
2025-11-10 13:21:29-0600 logd[79]: Unable to get path for 145
2025-11-10 13:21:29-0600 logd[79]: No userlevel firehose clients left
2025-11-10 14:00:32-0600 logd[79]: libtrace_kic=0
2025-11-10 14:00:32-0600 logd[79]: _read_kernel_uuid calling _logd_uuiddb_harvest_kernel for AAF3C70C-3331-335A-96FB-D338CFE178F0
2025-11-10 14:00:32-0600 logd[79]: _logd_read_kernel_info calling _logd_uuiddb_harvest_kernel for AAF3C70C-3331-335A-96FB-D338CFE178F0
2025-11-10 14:19:28-0600 logd[79]: Unable to get path for 441
2025-11-10 14:19:28-0600 logd[79]: Unable to get path for 441
2025-11-10 14:19:28-0600 logd[79]: Unable to get path for 441
2025-11-10 14:19:28-0600 logd[79]: Unable to get path for 252
2025-11-10 14:19:28-0600 logd[79]: Unable to get path for 441
2025-11-10 14:19:28-0600 logd[79]: Unable to get path for 441
2025-11-10 14:19:28-0600 logd[79]: Unable to get path for 441
2025-11-10 14:19:28-0600 logd[79]: Unable to get path for 441
2025-11-10 14:19:28-0600 logd[79]: Unable to get path for 441
2025-11-10 14:19:29-0600 logd[79]: Unable to get path for 148
2025-11-10 14:19:29-0600 logd[79]: No userlevel firehose clients left
2025-11-11 09:57:08-0600 logd[79]: libtrace_kic=0
2025-11-11 09:57:08-0600 logd[79]: _read_kernel_uuid calling _logd_uuiddb_harvest_kernel for AAF3C70C-3331-335A-96FB-D338CFE178F0
2025-11-11 09:57:08-0600 logd[79]: _logd_read_kernel_info calling _logd_uuiddb_harvest_kernel for AAF3C70C-3331-335A-96FB-D338CFE178F0
2025-11-11 10:11:10-0600 logd[79]: Unable to get path for 447
2025-11-11 10:11:10-0600 logd[79]: Unable to get path for 145
2025-11-11 10:11:10-0600 logd[79]: No userlevel firehose clients left
2025-11-11 13:08:40-0600 logd[79]: libtrace_kic=0
2025-11-11 13:08:40-0600 logd[79]: _read_kernel_uuid calling _logd_uuiddb_harvest_kernel for AAF3C70C-3331-335A-96FB-D338CFE178F0
2025-11-11 13:08:40-0600 logd[79]: _logd_read_kernel_info calling _logd_uuiddb_harvest_kernel for AAF3C70C-3331-335A-96FB-D338CFE178F0
2025-11-11 13:17:51-0600 logd[79]: Unable to get path for 181
2025-11-11 13:17:51-0600 logd[79]: Unable to get path for 181
2025-11-11 13:17:51-0600 logd[79]: Unable to get path for 181
2025-11-11 13:17:51-0600 logd[79]: Unable to get path for 145
2025-11-11 13:17:51-0600 logd[79]: No userlevel firehose clients left
2025-11-14 13:46:23-0600 logd[79]: libtrace_kic=0
2025-11-14 13:46:23-0600 logd[79]: _read_kernel_uuid calling _logd_uuiddb_harvest_kernel for AAF3C70C-3331-335A-96FB-D338CFE178F0
2025-11-14 13:46:23-0600 logd[79]: _logd_read_kernel_info calling _logd_uuiddb_harvest_kernel for AAF3C70C-3331-335A-96FB-D338CFE178F0
2025-11-14 15:29:56-0600 logd[79]: Unable to get path for 449
2025-11-14 15:29:56-0600 logd[79]: Unable to get path for 245
2025-11-14 15:29:56-0600 logd[79]: Unable to get path for 449
2025-11-14 15:29:56-0600 logd[79]: Unable to get path for 449
2025-11-14 15:29:56-0600 logd[79]: Unable to get path for 449
2025-11-14 15:29:56-0600 logd[79]: Unable to get path for 449
2025-11-14 15:29:56-0600 logd[79]: Unable to get path for 449
2025-11-14 15:29:56-0600 logd[79]: Unable to get path for 449
2025-11-14 15:29:56-0600 logd[79]: Unable to get path for 196
2025-11-14 15:29:56-0600 logd[79]: No userlevel firehose clients left
2025-11-15 14:17:13-0600 logd[79]: libtrace_kic=0
2025-11-15 14:17:13-0600 logd[79]: _read_kernel_uuid calling _logd_uuiddb_harvest_kernel for AAF3C70C-3331-335A-96FB-D338CFE178F0
2025-11-15 14:17:13-0600 logd[79]: _logd_read_kernel_info calling _logd_uuiddb_harvest_kernel for AAF3C70C-3331-335A-96FB-D338CFE178F0
2025-11-15 14:50:11-0600 logd[79]: Error connecting to logd_helper: Connection invalid
2025-11-15 14:50:11-0600 logd[79]: Unable to get path for 436
2025-11-15 14:50:11-0600 logd[79]: Error connecting to logd_helper: Connection invalid
2025-11-15 14:50:11-0600 logd[79]: No userlevel firehose clients left
2025-11-15 15:04:16-0600 logd[79]: libtrace_kic=0
2025-11-15 15:04:16-0600 logd[79]: _read_kernel_uuid calling _logd_uuiddb_harvest_kernel for AAF3C70C-3331-335A-96FB-D338CFE178F0
2025-11-15 15:04:16-0600 logd[79]: _logd_read_kernel_info calling _logd_uuiddb_harvest_kernel for AAF3C70C-3331-335A-96FB-D338CFE178F0
2025-11-15 15:46:22-0600 logd[79]: Unable to get path for 293
2025-11-15 15:46:22-0600 logd[79]: Unable to get path for 145
2025-11-15 15:46:22-0600 logd[79]: No userlevel firehose clients left
2025-11-17 12:27:37-0600 logd[79]: libtrace_kic=0
2025-11-17 12:27:37-0600 logd[79]: _read_kernel_uuid calling _logd_uuiddb_harvest_kernel for AAF3C70C-3331-335A-96FB-D338CFE178F0
2025-11-17 12:27:37-0600 logd[79]: _logd_read_kernel_info calling _logd_uuiddb_harvest_kernel for AAF3C70C-3331-335A-96FB-D338CFE178F0
2025-11-17 12:58:58-0600 logd[79]: Error connecting to logd_helper: Connection invalid
2025-11-17 12:58:58-0600 logd[79]: Unable to get path for 200
2025-11-17 12:58:59-0600 logd[79]: No userlevel firehose clients left
2025-11-17 13:50:02-0600 logd[79]: libtrace_kic=0
2025-11-17 13:50:02-0600 logd[79]: _read_kernel_uuid calling _logd_uuiddb_harvest_kernel for AAF3C70C-3331-335A-96FB-D338CFE178F0
2025-11-17 13:50:02-0600 logd[79]: _logd_read_kernel_info calling _logd_uuiddb_harvest_kernel for AAF3C70C-3331-335A-96FB-D338CFE178F0
2025-11-17 14:38:28-0600 logd[79]: Unable to get path for 252
2025-11-17 14:38:28-0600 logd[79]: No userlevel firehose clients left
2025-11-17 14:54:21-0600 logd[79]: libtrace_kic=0
2025-11-17 14:54:21-0600 logd[79]: _read_kernel_uuid calling _logd_uuiddb_harvest_kernel for AAF3C70C-3331-335A-96FB-D338CFE178F0
2025-11-17 14:54:21-0600 logd[79]: _logd_read_kernel_info calling _logd_uuiddb_harvest_kernel for AAF3C70C-3331-335A-96FB-D338CFE178F0
2025-11-17 15:05:30-0600 logd[79]: Unable to get path for 293
2025-11-17 15:05:31-0600 logd[79]: No userlevel firehose clients left
2025-11-19 11:03:23-0600 logd[79]: libtrace_kic=0
2025-11-19 11:03:23-0600 logd[79]: _read_kernel_uuid calling _logd_uuiddb_harvest_kernel for AAF3C70C-3331-335A-96FB-D338CFE178F0
2025-11-19 11:03:23-0600 logd[79]: _logd_read_kernel_info calling _logd_uuiddb_harvest_kernel for AAF3C70C-3331-335A-96FB-D338CFE178F0
2025-11-19 11:54:10-0600 logd[79]: Unable to get path for 247
2025-11-19 11:54:11-0600 logd[79]: No userlevel firehose clients left
2025-11-19 12:07:25-0600 logd[79]: libtrace_kic=0
2025-11-19 12:07:25-0600 logd[79]: _read_kernel_uuid calling _logd_uuiddb_harvest_kernel for AAF3C70C-3331-335A-96FB-D338CFE178F0
2025-11-19 12:07:25-0600 logd[79]: _logd_read_kernel_info calling _logd_uuiddb_harvest_kernel for AAF3C70C-3331-335A-96FB-D338CFE178F0
2025-11-19 12:17:50-0600 logd[79]: Unable to get path for 292
2025-11-19 12:17:51-0600 logd[79]: No userlevel firehose clients left
2025-11-19 12:18:41-0600 logd[79]: libtrace_kic=0
2025-11-19 12:18:41-0600 logd[79]: _read_kernel_uuid calling _logd_uuiddb_harvest_kernel for AAF3C70C-3331-335A-96FB-D338CFE178F0
2025-11-19 12:18:41-0600 logd[79]: _logd_read_kernel_info calling _logd_uuiddb_harvest_kernel for AAF3C70C-3331-335A-96FB-D338CFE178F0
2025-11-19 12:21:07-0600 logd[79]: Unable to get path for 574
2025-11-19 12:21:07-0600 logd[79]: No userlevel firehose clients left
2025-11-20 12:50:44-0600 logd[79]: libtrace_kic=0
2025-11-20 12:50:44-0600 logd[79]: _read_kernel_uuid calling _logd_uuiddb_harvest_kernel for AAF3C70C-3331-335A-96FB-D338CFE178F0
2025-11-20 12:50:44-0600 logd[79]: _logd_read_kernel_info calling _logd_uuiddb_harvest_kernel for AAF3C70C-3331-335A-96FB-D338CFE178F0
2025-11-20 13:07:52-0600 logd[79]: Unable to get path for 243
2025-11-20 13:07:52-0600 logd[79]: Unable to get path for 836
2025-11-20 13:07:52-0600 logd[79]: Unable to get path for 146
2025-11-20 13:07:52-0600 logd[79]: No userlevel firehose clients left
2025-11-21 12:18:51-0600 logd[79]: libtrace_kic=0
2025-11-21 12:18:51-0600 logd[79]: _read_kernel_uuid calling _logd_uuiddb_harvest_kernel for AAF3C70C-3331-335A-96FB-D338CFE178F0
2025-11-21 12:18:51-0600 logd[79]: _logd_read_kernel_info calling _logd_uuiddb_harvest_kernel for AAF3C70C-3331-335A-96FB-D338CFE178F0
2025-11-21 13:14:32-0600 logd[79]: Error connecting to logd_helper: Connection invalid
2025-11-21 13:14:32-0600 logd[79]: No userlevel firehose clients left
2025-11-21 13:25:20-0600 logd[79]: libtrace_kic=0
2025-11-21 13:25:20-0600 logd[79]: _read_kernel_uuid calling _logd_uuiddb_harvest_kernel for AAF3C70C-3331-335A-96FB-D338CFE178F0
2025-11-21 13:25:20-0600 logd[79]: _logd_read_kernel_info calling _logd_uuiddb_harvest_kernel for AAF3C70C-3331-335A-96FB-D338CFE178F0
2025-11-21 13:55:15-0600 logd[79]: Error connecting to logd_helper: Connection invalid
2025-11-21 13:55:15-0600 logd[79]: Unable to get path for 200
2025-11-21 13:55:15-0600 logd[79]: Unable to get path for 200
2025-11-21 13:55:15-0600 logd[79]: Unable to get path for 148
2025-11-21 13:55:15-0600 logd[79]: No userlevel firehose clients left
2025-11-22 10:36:22-0600 logd[79]: libtrace_kic=0
2025-11-22 10:36:22-0600 logd[79]: _read_kernel_uuid calling _logd_uuiddb_harvest_kernel for AAF3C70C-3331-335A-96FB-D338CFE178F0
2025-11-22 10:36:22-0600 logd[79]: _logd_read_kernel_info calling _logd_uuiddb_harvest_kernel for AAF3C70C-3331-335A-96FB-D338CFE178F0
2025-11-22 10:46:12-0600 logd[79]: Unable to get path for 438
2025-11-22 10:46:12-0600 logd[79]: Unable to get path for 386
2025-11-22 10:46:12-0600 logd[79]: Unable to get path for 276
2025-11-22 10:46:12-0600 logd[79]: No userlevel firehose clients left
2025-11-22 11:07:58-0600 logd[79]: libtrace_kic=0
2025-11-22 11:07:58-0600 logd[79]: _read_kernel_uuid calling _logd_uuiddb_harvest_kernel for AAF3C70C-3331-335A-96FB-D338CFE178F0
2025-11-22 11:07:58-0600 logd[79]: _logd_read_kernel_info calling _logd_uuiddb_harvest_kernel for AAF3C70C-3331-335A-96FB-D338CFE178F0
2025-11-22 11:40:55-0600 logd[79]: Error connecting to logd_helper: Connection invalid
2025-11-22 11:40:55-0600 logd[79]: Unable to get path for 440
2025-11-22 11:40:55-0600 logd[79]: Unable to get path for 440
2025-11-22 11:40:55-0600 logd[79]: Unable to get path for 293
2025-11-22 11:40:55-0600 logd[79]: Unable to get path for 440
2025-11-22 11:40:55-0600 logd[79]: Unable to get path for 801
2025-11-22 11:40:55-0600 logd[79]: Unable to get path for 440
2025-11-22 11:40:55-0600 logd[79]: Unable to get path for 440
2025-11-22 11:40:55-0600 logd[79]: Unable to get path for 440
2025-11-22 11:40:55-0600 logd[79]: Unable to get path for 440
2025-11-22 11:40:55-0600 logd[79]: Unable to get path for 440
2025-11-22 11:40:55-0600 logd[79]: Unable to get path for 801
2025-11-22 11:40:55-0600 logd[79]: No userlevel firehose clients left
2025-11-22 12:30:52-0600 logd[79]: libtrace_kic=0
2025-11-22 12:30:52-0600 logd[79]: _read_kernel_uuid calling _logd_uuiddb_harvest_kernel for AAF3C70C-3331-335A-96FB-D338CFE178F0
2025-11-22 12:30:52-0600 logd[79]: _logd_read_kernel_info calling _logd_uuiddb_harvest_kernel for AAF3C70C-3331-335A-96FB-D338CFE178F0
2025-11-22 12:36:05-0600 logd[79]: Unable to get path for 291
2025-11-22 12:36:05-0600 logd[79]: No userlevel firehose clients left
2025-11-26 11:21:21-0600 logd[79]: libtrace_kic=0
2025-11-26 11:21:21-0600 logd[79]: _read_kernel_uuid calling _logd_uuiddb_harvest_kernel for AAF3C70C-3331-335A-96FB-D338CFE178F0
2025-11-26 11:21:21-0600 logd[79]: _logd_read_kernel_info calling _logd_uuiddb_harvest_kernel for AAF3C70C-3331-335A-96FB-D338CFE178F0
2025-11-26 11:59:20-0600 logd[79]: Error connecting to logd_helper: Connection invalid
2025-11-26 11:59:20-0600 logd[79]: Unable to get path for 241
2025-11-26 11:59:20-0600 logd[79]: Error connecting to logd_helper: Connection invalid
2025-11-26 11:59:20-0600 logd[79]: Unable to get path for 381
2025-11-26 11:59:20-0600 logd[79]: Unable to get path for 469
2025-11-26 11:59:21-0600 logd[79]: No userlevel firehose clients left
2025-11-26 12:34:43-0600 logd[79]: libtrace_kic=0
2025-11-26 12:34:43-0600 logd[79]: _read_kernel_uuid calling _logd_uuiddb_harvest_kernel for AAF3C70C-3331-335A-96FB-D338CFE178F0
2025-11-26 12:34:43-0600 logd[79]: _logd_read_kernel_info calling _logd_uuiddb_harvest_kernel for AAF3C70C-3331-335A-96FB-D338CFE178F0
2025-11-26 13:04:13-0600 logd[79]: Error connecting to logd_helper: Connection invalid
2025-11-26 13:04:14-0600 logd[79]: Unable to get path for 149
2025-11-26 13:04:14-0600 logd[79]: No userlevel firehose clients left
2025-11-29 12:52:41-0600 logd[79]: libtrace_kic=0
2025-11-29 12:52:41-0600 logd[79]: _read_kernel_uuid calling _logd_uuiddb_harvest_kernel for AAF3C70C-3331-335A-96FB-D338CFE178F0
2025-11-29 12:52:41-0600 logd[79]: _logd_read_kernel_info calling _logd_uuiddb_harvest_kernel for AAF3C70C-3331-335A-96FB-D338CFE178F0
2025-11-29 13:18:58-0600 logd[79]: Error connecting to logd_helper: Connection invalid
2025-11-29 13:18:58-0600 logd[79]: Error connecting to logd_helper: Connection invalid
2025-11-29 13:18:58-0600 logd[79]: No userlevel firehose clients left
2025-11-29 13:49:08-0600 logd[79]: libtrace_kic=0
2025-11-29 13:49:08-0600 logd[79]: _read_kernel_uuid calling _logd_uuiddb_harvest_kernel for AAF3C70C-3331-335A-96FB-D338CFE178F0
2025-11-29 13:49:08-0600 logd[79]: _logd_read_kernel_info calling _logd_uuiddb_harvest_kernel for AAF3C70C-3331-335A-96FB-D338CFE178F0
2025-11-29 14:01:08-0600 logd[79]: Unable to get path for 692
2025-11-29 14:01:08-0600 logd[79]: Unable to get path for 147
2025-11-29 14:01:08-0600 logd[79]: Unable to get path for 292
2025-11-29 14:01:08-0600 logd[79]: Unable to get path for 692
2025-11-29 14:01:08-0600 logd[79]: Unable to get path for 692
2025-11-29 14:01:08-0600 logd[79]: Unable to get path for 692
2025-11-29 14:01:08-0600 logd[79]: Unable to get path for 146
2025-11-29 14:01:08-0600 logd[79]: No userlevel firehose clients left
2025-12-01 12:38:53-0600 logd[79]: libtrace_kic=0
2025-12-01 12:38:53-0600 logd[79]: _read_kernel_uuid calling _logd_uuiddb_harvest_kernel for AAF3C70C-3331-335A-96FB-D338CFE178F0
2025-12-01 12:38:53-0600 logd[79]: _logd_read_kernel_info calling _logd_uuiddb_harvest_kernel for AAF3C70C-3331-335A-96FB-D338CFE178F0
2025-12-01 14:35:10-0600 logd[79]: Error connecting to logd_helper: Connection invalid
2025-12-01 14:35:10-0600 logd[79]: Error connecting to logd_helper: Connection invalid
2025-12-01 14:35:10-0600 logd[79]: Error connecting to logd_helper: Connection invalid
2025-12-01 14:35:10-0600 logd[79]: Unable to get path for 455
2025-12-01 14:35:10-0600 logd[79]: Unable to get path for 151
2025-12-01 14:35:10-0600 logd[79]: Unable to get path for 266
2025-12-01 14:35:10-0600 logd[79]: Unable to get path for 151
2025-12-01 14:35:10-0600 logd[79]: Unable to get path for 151
2025-12-01 14:35:11-0600 logd[79]: No userlevel firehose clients left
2025-12-06 13:52:35-0600 logd[79]: libtrace_kic=0
2025-12-06 13:52:35-0600 logd[79]: _read_kernel_uuid calling _logd_uuiddb_harvest_kernel for AAF3C70C-3331-335A-96FB-D338CFE178F0
2025-12-06 13:52:35-0600 logd[79]: _logd_read_kernel_info calling _logd_uuiddb_harvest_kernel for AAF3C70C-3331-335A-96FB-D338CFE178F0
2025-12-06 14:06:45-0600 logd[79]: Error connecting to logd_helper: Connection invalid
2025-12-06 14:06:46-0600 logd[79]: No userlevel firehose clients left
2025-12-08 12:34:33-0600 logd[79]: libtrace_kic=0
2025-12-08 12:34:33-0600 logd[79]: _read_kernel_uuid calling _logd_uuiddb_harvest_kernel for AAF3C70C-3331-335A-96FB-D338CFE178F0
2025-12-08 12:34:33-0600 logd[79]: _logd_read_kernel_info calling _logd_uuiddb_harvest_kernel for AAF3C70C-3331-335A-96FB-D338CFE178F0
2025-12-08 13:37:31-0600 logd[79]: Error connecting to logd_helper: Connection invalid
2025-12-08 13:37:31-0600 logd[79]: Error connecting to logd_helper: Connection invalid
2025-12-08 13:37:32-0600 logd[79]: No userlevel firehose clients left
2025-12-09 13:07:38-0600 logd[79]: libtrace_kic=0
2025-12-09 13:07:38-0600 logd[79]: _read_kernel_uuid calling _logd_uuiddb_harvest_kernel for AAF3C70C-3331-335A-96FB-D338CFE178F0
2025-12-09 13:07:38-0600 logd[79]: _logd_read_kernel_info calling _logd_uuiddb_harvest_kernel for AAF3C70C-3331-335A-96FB-D338CFE178F0
2025-12-09 13:28:20-0600 logd[79]: Error connecting to logd_helper: Connection invalid
2025-12-09 13:28:20-0600 logd[79]: No userlevel firehose clients left
2025-12-12 11:04:05-0600 logd[79]: libtrace_kic=0
2025-12-12 11:04:05-0600 logd[79]: _read_kernel_uuid calling _logd_uuiddb_harvest_kernel for AAF3C70C-3331-335A-96FB-D338CFE178F0
2025-12-12 11:04:06-0600 logd[79]: _logd_read_kernel_info calling _logd_uuiddb_harvest_kernel for AAF3C70C-3331-335A-96FB-D338CFE178F0
2025-12-12 13:13:56-0600 logd[79]: No userlevel firehose clients left
2025-12-15 13:32:04-0600 logd[79]: libtrace_kic=0
2025-12-15 13:32:04-0600 logd[79]: _read_kernel_uuid calling _logd_uuiddb_harvest_kernel for AAF3C70C-3331-335A-96FB-D338CFE178F0
2025-12-15 13:32:04-0600 logd[79]: _logd_read_kernel_info calling _logd_uuiddb_harvest_kernel for AAF3C70C-3331-335A-96FB-D338CFE178F0
2025-12-15 14:45:34-0600 logd[79]: Unable to get path for 464
2025-12-15 14:45:35-0600 logd[79]: Unable to get path for 146
2025-12-15 14:45:35-0600 logd[79]: No userlevel firehose clients left
2025-12-15 15:28:53-0600 logd[79]: libtrace_kic=0
2025-12-15 15:28:53-0600 logd[79]: _read_kernel_uuid calling _logd_uuiddb_harvest_kernel for AAF3C70C-3331-335A-96FB-D338CFE178F0
2025-12-15 15:28:53-0600 logd[79]: _logd_read_kernel_info calling _logd_uuiddb_harvest_kernel for AAF3C70C-3331-335A-96FB-D338CFE178F0
2025-12-15 15:33:58-0600 logd[79]: Unable to get path for 146
2025-12-15 15:33:58-0600 logd[79]: No userlevel firehose clients left
2025-12-16 12:00:36-0600 logd[79]: libtrace_kic=0
2025-12-16 12:00:36-0600 logd[79]: _read_kernel_uuid calling _logd_uuiddb_harvest_kernel for AAF3C70C-3331-335A-96FB-D338CFE178F0
2025-12-16 12:00:36-0600 logd[79]: _logd_read_kernel_info calling _logd_uuiddb_harvest_kernel for AAF3C70C-3331-335A-96FB-D338CFE178F0
2025-12-16 12:57:04-0600 logd[79]: Unable to get path for 444
2025-12-16 12:57:04-0600 logd[79]: No userlevel firehose clients left
2025-12-17 14:50:30-0600 logd[79]: libtrace_kic=0
2025-12-17 14:50:30-0600 logd[79]: _read_kernel_uuid calling _logd_uuiddb_harvest_kernel for AAF3C70C-3331-335A-96FB-D338CFE178F0
2025-12-17 14:50:30-0600 logd[79]: _logd_read_kernel_info calling _logd_uuiddb_harvest_kernel for AAF3C70C-3331-335A-96FB-D338CFE178F0
2025-12-17 15:55:51-0600 logd[79]: Unable to get path for 473
2025-12-17 15:55:51-0600 logd[79]: No userlevel firehose clients left
2025-12-19 11:39:14-0600 logd[79]: libtrace_kic=0
2025-12-19 11:39:14-0600 logd[79]: _read_kernel_uuid calling _logd_uuiddb_harvest_kernel for AAF3C70C-3331-335A-96FB-D338CFE178F0
2025-12-19 11:39:15-0600 logd[79]: _logd_read_kernel_info calling _logd_uuiddb_harvest_kernel for AAF3C70C-3331-335A-96FB-D338CFE178F0
2025-12-19 13:43:37-0600 logd[79]: No userlevel firehose clients left
2025-12-19 14:13:08-0600 logd[79]: libtrace_kic=0
2025-12-19 14:13:08-0600 logd[79]: _read_kernel_uuid calling _logd_uuiddb_harvest_kernel for AAF3C70C-3331-335A-96FB-D338CFE178F0
2025-12-19 14:13:09-0600 logd[79]: _logd_read_kernel_info calling _logd_uuiddb_harvest_kernel for AAF3C70C-3331-335A-96FB-D338CFE178F0
2025-12-19 14:34:45-0600 logd[79]: Unable to get path for 432
2025-12-19 14:34:45-0600 logd[79]: Error connecting to logd_helper: Connection invalid
2025-12-19 14:34:45-0600 logd[79]: Unable to get path for 290
2025-12-19 14:34:45-0600 logd[79]: Unable to get path for 376
2025-12-19 14:34:46-0600 logd[79]: No userlevel firehose clients left
2025-12-19 14:47:48-0600 logd[79]: libtrace_kic=0
2025-12-19 14:47:48-0600 logd[79]: _read_kernel_uuid calling _logd_uuiddb_harvest_kernel for AAF3C70C-3331-335A-96FB-D338CFE178F0
2025-12-19 14:47:49-0600 logd[79]: _logd_read_kernel_info calling _logd_uuiddb_harvest_kernel for AAF3C70C-3331-335A-96FB-D338CFE178F0
2025-12-19 14:59:45-0600 logd[79]: No userlevel firehose clients left
2025-12-19 15:09:13-0600 logd[79]: libtrace_kic=0
2025-12-19 15:09:13-0600 logd[79]: _read_kernel_uuid calling _logd_uuiddb_harvest_kernel for AAF3C70C-3331-335A-96FB-D338CFE178F0
2025-12-19 15:09:14-0600 logd[79]: _logd_read_kernel_info calling _logd_uuiddb_harvest_kernel for AAF3C70C-3331-335A-96FB-D338CFE178F0
2025-12-19 15:14:09-0600 logd[79]: Unable to get path for 174
2025-12-19 15:14:09-0600 logd[79]: Error connecting to logd_helper: Connection invalid
2025-12-19 15:14:10-0600 logd[79]: No userlevel firehose clients left
2025-12-20 12:34:56-0600 logd[79]: libtrace_kic=0
2025-12-20 12:34:56-0600 logd[79]: _read_kernel_uuid calling _logd_uuiddb_harvest_kernel for AAF3C70C-3331-335A-96FB-D338CFE178F0
2025-12-20 12:34:56-0600 logd[79]: _logd_read_kernel_info calling _logd_uuiddb_harvest_kernel for AAF3C70C-3331-335A-96FB-D338CFE178F0
2025-12-20 13:20:29-0600 logd[79]: Unable to get path for 440
2025-12-20 13:20:29-0600 logd[79]: Unable to get path for 294
2025-12-20 13:20:29-0600 logd[79]: Unable to get path for 193
2025-12-20 13:20:30-0600 logd[79]: No userlevel firehose clients left
2025-12-23 12:13:05-0600 logd[79]: libtrace_kic=0
2025-12-23 12:13:05-0600 logd[79]: _read_kernel_uuid calling _logd_uuiddb_harvest_kernel for AAF3C70C-3331-335A-96FB-D338CFE178F0
2025-12-23 12:13:06-0600 logd[79]: _logd_read_kernel_info calling _logd_uuiddb_harvest_kernel for AAF3C70C-3331-335A-96FB-D338CFE178F0
2025-12-23 13:21:13-0600 logd[79]: No userlevel firehose clients left
2025-12-24 11:55:55-0600 logd[79]: libtrace_kic=0
2025-12-24 11:55:55-0600 logd[79]: _read_kernel_uuid calling _logd_uuiddb_harvest_kernel for AAF3C70C-3331-335A-96FB-D338CFE178F0
2025-12-24 11:55:56-0600 logd[79]: _logd_read_kernel_info calling _logd_uuiddb_harvest_kernel for AAF3C70C-3331-335A-96FB-D338CFE178F0
2025-12-24 12:06:36-0600 logd[79]: Unable to get path for 249
2025-12-24 12:06:36-0600 logd[79]: Unable to get path for 146
2025-12-24 12:06:37-0600 logd[79]: No userlevel firehose clients left
2025-12-26 15:41:57-0600 logd[79]: libtrace_kic=0
2025-12-26 15:41:57-0600 logd[79]: _read_kernel_uuid calling _logd_uuiddb_harvest_kernel for AAF3C70C-3331-335A-96FB-D338CFE178F0
2025-12-26 15:41:58-0600 logd[79]: _logd_read_kernel_info calling _logd_uuiddb_harvest_kernel for AAF3C70C-3331-335A-96FB-D338CFE178F0
2025-12-26 16:02:37-0600 logd[79]: No userlevel firehose clients left
2025-12-27 14:54:37-0600 logd[79]: libtrace_kic=0
2025-12-27 14:54:37-0600 logd[79]: _read_kernel_uuid calling _logd_uuiddb_harvest_kernel for AAF3C70C-3331-335A-96FB-D338CFE178F0
2025-12-27 14:54:38-0600 logd[79]: _logd_read_kernel_info calling _logd_uuiddb_harvest_kernel for AAF3C70C-3331-335A-96FB-D338CFE178F0
2025-12-27 15:20:04-0600 logd[79]: Error connecting to logd_helper: Connection invalid
2025-12-27 15:20:04-0600 logd[79]: Unable to get path for 274
2025-12-27 15:20:04-0600 logd[79]: No userlevel firehose clients left
2025-12-29 15:28:20-0600 logd[79]: libtrace_kic=0
2025-12-29 15:28:20-0600 logd[79]: _read_kernel_uuid calling _logd_uuiddb_harvest_kernel for AAF3C70C-3331-335A-96FB-D338CFE178F0
2025-12-29 15:28:21-0600 logd[79]: _logd_read_kernel_info calling _logd_uuiddb_harvest_kernel for AAF3C70C-3331-335A-96FB-D338CFE178F0
2025-12-29 15:57:15-0600 logd[79]: Unable to get path for 598
2025-12-29 15:57:15-0600 logd[79]: No userlevel firehose clients left
2025-12-29 16:39:43-0600 logd[79]: libtrace_kic=0
2025-12-29 16:39:43-0600 logd[79]: _read_kernel_uuid calling _logd_uuiddb_harvest_kernel for AAF3C70C-3331-335A-96FB-D338CFE178F0
2025-12-29 16:39:44-0600 logd[79]: _logd_read_kernel_info calling _logd_uuiddb_harvest_kernel for AAF3C70C-3331-335A-96FB-D338CFE178F0
2025-12-29 16:51:41-0600 logd[79]: No userlevel firehose clients left
2025-12-30 15:54:47-0600 logd[79]: libtrace_kic=0
2025-12-30 15:54:47-0600 logd[79]: _read_kernel_uuid calling _logd_uuiddb_harvest_kernel for AAF3C70C-3331-335A-96FB-D338CFE178F0
2025-12-30 15:54:48-0600 logd[79]: _logd_read_kernel_info calling _logd_uuiddb_harvest_kernel for AAF3C70C-3331-335A-96FB-D338CFE178F0
2025-12-30 16:09:53-0600 logd[79]: No userlevel firehose clients left
2025-12-30 16:18:47-0600 logd[79]: libtrace_kic=0
2025-12-30 16:18:47-0600 logd[79]: _read_kernel_uuid calling _logd_uuiddb_harvest_kernel for AAF3C70C-3331-335A-96FB-D338CFE178F0
2025-12-30 16:18:48-0600 logd[79]: _logd_read_kernel_info calling _logd_uuiddb_harvest_kernel for AAF3C70C-3331-335A-96FB-D338CFE178F0
2025-12-30 16:23:43-0600 logd[79]: Unable to get path for 197
2025-12-30 16:23:43-0600 logd[79]: Unable to get path for 291
2025-12-30 16:23:43-0600 logd[79]: Unable to get path for 558
2025-12-30 16:23:44-0600 logd[79]: Unable to get path for 151
2025-12-30 16:23:44-0600 logd[79]: No userlevel firehose clients left
2026-01-02 12:32:29-0600 logd[79]: libtrace_kic=0
2026-01-02 12:32:29-0600 logd[79]: _read_kernel_uuid calling _logd_uuiddb_harvest_kernel for AAF3C70C-3331-335A-96FB-D338CFE178F0
2026-01-02 12:32:30-0600 logd[79]: _logd_read_kernel_info calling _logd_uuiddb_harvest_kernel for AAF3C70C-3331-335A-96FB-D338CFE178F0
2026-01-02 13:08:17-0600 logd[79]: No userlevel firehose clients left
2026-01-02 14:06:02-0600 logd[79]: libtrace_kic=0
2026-01-02 14:06:02-0600 logd[79]: _read_kernel_uuid calling _logd_uuiddb_harvest_kernel for AAF3C70C-3331-335A-96FB-D338CFE178F0
2026-01-02 14:06:03-0600 logd[79]: _logd_read_kernel_info calling _logd_uuiddb_harvest_kernel for AAF3C70C-3331-335A-96FB-D338CFE178F0
2026-01-02 14:18:54-0600 logd[79]: Unable to get path for 243
2026-01-02 14:18:54-0600 logd[79]: Error connecting to logd_helper: Connection invalid
2026-01-02 14:18:54-0600 logd[79]: Unable to get path for 437
2026-01-02 14:18:54-0600 logd[79]: Unable to get path for 378
2026-01-02 14:18:54-0600 logd[79]: Unable to get path for 146
2026-01-02 14:18:55-0600 logd[79]: No userlevel firehose clients left
2026-01-02 14:19:14-0600 logd[79]: libtrace_kic=0
2026-01-02 14:19:14-0600 logd[79]: _read_kernel_uuid calling _logd_uuiddb_harvest_kernel for AAF3C70C-3331-335A-96FB-D338CFE178F0
2026-01-02 14:19:15-0600 logd[79]: _logd_read_kernel_info calling _logd_uuiddb_harvest_kernel for AAF3C70C-3331-335A-96FB-D338CFE178F0
2026-01-02 14:28:10-0600 logd[79]: No userlevel firehose clients left
2026-01-05 13:29:16-0600 logd[79]: libtrace_kic=0
2026-01-05 13:29:16-0600 logd[79]: _read_kernel_uuid calling _logd_uuiddb_harvest_kernel for AAF3C70C-3331-335A-96FB-D338CFE178F0
2026-01-05 13:29:17-0600 logd[79]: _logd_read_kernel_info calling _logd_uuiddb_harvest_kernel for AAF3C70C-3331-335A-96FB-D338CFE178F0
2026-01-05 16:00:03-0600 logd[79]: Unable to get path for 403
2026-01-05 16:00:03-0600 logd[79]: Unable to get path for 298
2026-01-05 16:00:03-0600 logd[79]: Error connecting to logd_helper: Connection invalid
2026-01-05 16:00:04-0600 logd[79]: No userlevel firehose clients left
2026-01-08 14:48:43-0600 logd[79]: libtrace_kic=0
2026-01-08 14:48:43-0600 logd[79]: _read_kernel_uuid calling _logd_uuiddb_harvest_kernel for AAF3C70C-3331-335A-96FB-D338CFE178F0
2026-01-08 14:48:44-0600 logd[79]: _logd_read_kernel_info calling _logd_uuiddb_harvest_kernel for AAF3C70C-3331-335A-96FB-D338CFE178F0
2026-01-08 15:07:32-0600 logd[79]: Unable to get path for 440
2026-01-08 15:07:32-0600 logd[79]: Unable to get path for 241
2026-01-08 15:07:32-0600 logd[79]: Unable to get path for 146
2026-01-08 15:07:32-0600 logd[79]: No userlevel firehose clients left
2026-01-08 15:09:55-0600 logd[79]: libtrace_kic=0
2026-01-08 15:09:55-0600 logd[79]: _read_kernel_uuid calling _logd_uuiddb_harvest_kernel for AAF3C70C-3331-335A-96FB-D338CFE178F0
2026-01-08 15:09:56-0600 logd[79]: _logd_read_kernel_info calling _logd_uuiddb_harvest_kernel for AAF3C70C-3331-335A-96FB-D338CFE178F0
2026-01-08 15:13:54-0600 logd[79]: Unable to get path for 385
2026-01-08 15:13:54-0600 logd[79]: Unable to get path for 385
2026-01-08 15:13:54-0600 logd[79]: Unable to get path for 397
2026-01-08 15:13:54-0600 logd[79]: Unable to get path for 146
2026-01-08 15:13:54-0600 logd[79]: No userlevel firehose clients left
2026-01-09 10:59:59-0600 logd[79]: libtrace_kic=0
2026-01-09 10:59:59-0600 logd[79]: _read_kernel_uuid calling _logd_uuiddb_harvest_kernel for AAF3C70C-3331-335A-96FB-D338CFE178F0
2026-01-09 11:00:00-0600 logd[79]: _logd_read_kernel_info calling _logd_uuiddb_harvest_kernel for AAF3C70C-3331-335A-96FB-D338CFE178F0
2026-01-09 13:23:33-0600 logd[79]: Unable to get path for 255
2026-01-09 13:23:34-0600 logd[79]: No userlevel firehose clients left
2026-01-09 14:47:57-0600 logd[79]: libtrace_kic=0
2026-01-09 14:47:57-0600 logd[79]: _read_kernel_uuid calling _logd_uuiddb_harvest_kernel for AAF3C70C-3331-335A-96FB-D338CFE178F0
2026-01-09 14:47:58-0600 logd[79]: _logd_read_kernel_info calling _logd_uuiddb_harvest_kernel for AAF3C70C-3331-335A-96FB-D338CFE178F0
2026-01-09 14:48:26-0600 logd[79]: No userlevel firehose clients left
2026-01-12 12:42:45-0600 logd[79]: libtrace_kic=0
2026-01-12 12:42:45-0600 logd[79]: _read_kernel_uuid calling _logd_uuiddb_harvest_kernel for AAF3C70C-3331-335A-96FB-D338CFE178F0
2026-01-12 12:42:46-0600 logd[79]: _logd_read_kernel_info calling _logd_uuiddb_harvest_kernel for AAF3C70C-3331-335A-96FB-D338CFE178F0
2026-01-12 13:00:35-0600 logd[79]: Unable to get path for 495
2026-01-12 13:00:35-0600 logd[79]: Unable to get path for 193
2026-01-12 13:00:35-0600 logd[79]: Unable to get path for 437
2026-01-12 13:00:35-0600 logd[79]: Unable to get path for 538
2026-01-12 13:00:35-0600 logd[79]: Error connecting to logd_helper: Connection invalid
2026-01-12 13:00:35-0600 logd[79]: No userlevel firehose clients left
2026-01-12 14:26:30-0600 logd[79]: libtrace_kic=0
2026-01-12 14:26:30-0600 logd[79]: _read_kernel_uuid calling _logd_uuiddb_harvest_kernel for AAF3C70C-3331-335A-96FB-D338CFE178F0
2026-01-12 14:26:31-0600 logd[79]: _logd_read_kernel_info calling _logd_uuiddb_harvest_kernel for AAF3C70C-3331-335A-96FB-D338CFE178F0
2026-01-12 14:49:29-0600 logd[79]: Unable to get path for 147
2026-01-12 14:49:30-0600 logd[79]: No userlevel firehose clients left
2026-01-12 15:13:47-0600 logd[79]: libtrace_kic=0
2026-01-12 15:13:47-0600 logd[79]: _read_kernel_uuid calling _logd_uuiddb_harvest_kernel for AAF3C70C-3331-335A-96FB-D338CFE178F0
2026-01-12 15:13:48-0600 logd[79]: _logd_read_kernel_info calling _logd_uuiddb_harvest_kernel for AAF3C70C-3331-335A-96FB-D338CFE178F0
2026-01-12 15:29:18-0600 logd[79]: No userlevel firehose clients left
2026-01-13 15:09:28-0600 logd[79]: libtrace_kic=0
2026-01-13 15:09:28-0600 logd[79]: _read_kernel_uuid calling _logd_uuiddb_harvest_kernel for AAF3C70C-3331-335A-96FB-D338CFE178F0
2026-01-13 15:09:29-0600 logd[79]: _logd_read_kernel_info calling _logd_uuiddb_harvest_kernel for AAF3C70C-3331-335A-96FB-D338CFE178F0
2026-01-13 15:35:24-0600 logd[79]: Unable to get path for 148
2026-01-13 15:35:24-0600 logd[79]: Error connecting to logd_helper: Connection invalid
2026-01-13 15:35:24-0600 logd[79]: Unable to get path for 201
2026-01-13 15:35:25-0600 logd[79]: Unable to get path for 147
2026-01-13 15:35:25-0600 logd[79]: No userlevel firehose clients left
2026-01-13 16:03:59-0600 logd[79]: libtrace_kic=0
2026-01-13 16:03:59-0600 logd[79]: _read_kernel_uuid calling _logd_uuiddb_harvest_kernel for AAF3C70C-3331-335A-96FB-D338CFE178F0
2026-01-13 16:04:00-0600 logd[79]: _logd_read_kernel_info calling _logd_uuiddb_harvest_kernel for AAF3C70C-3331-335A-96FB-D338CFE178F0
2026-01-13 16:17:51-0600 logd[79]: No userlevel firehose clients left
2026-01-15 15:49:18-0600 logd[79]: libtrace_kic=0
2026-01-15 15:49:18-0600 logd[79]: _read_kernel_uuid calling _logd_uuiddb_harvest_kernel for AAF3C70C-3331-335A-96FB-D338CFE178F0
2026-01-15 15:49:19-0600 logd[79]: _logd_read_kernel_info calling _logd_uuiddb_harvest_kernel for AAF3C70C-3331-335A-96FB-D338CFE178F0
2026-01-15 17:02:44-0600 logd[79]: Unable to get path for 410
2026-01-15 17:02:44-0600 logd[79]: Unable to get path for 410
2026-01-15 17:02:44-0600 logd[79]: Unable to get path for 152
2026-01-15 17:02:44-0600 logd[79]: Error connecting to logd_helper: Connection invalid
2026-01-15 17:02:44-0600 logd[79]: Error connecting to logd_helper: Connection invalid
2026-01-15 17:02:45-0600 logd[79]: No userlevel firehose clients left
2026-01-16 10:38:02-0600 logd[79]: libtrace_kic=0
2026-01-16 10:38:02-0600 logd[79]: _read_kernel_uuid calling _logd_uuiddb_harvest_kernel for AAF3C70C-3331-335A-96FB-D338CFE178F0
2026-01-16 10:38:02-0600 logd[79]: _logd_read_kernel_info calling _logd_uuiddb_harvest_kernel for AAF3C70C-3331-335A-96FB-D338CFE178F0
2026-01-16 14:47:36-0600 logd[79]: Unable to get path for 240
2026-01-16 14:47:36-0600 logd[79]: Unable to get path for 461
2026-01-16 14:47:36-0600 logd[79]: Unable to get path for 383
2026-01-16 14:47:36-0600 logd[79]: Unable to get path for 147
2026-01-16 14:47:37-0600 logd[79]: No userlevel firehose clients left
2026-01-17 12:05:06-0600 logd[79]: libtrace_kic=0
2026-01-17 12:05:06-0600 logd[79]: _read_kernel_uuid calling _logd_uuiddb_harvest_kernel for AAF3C70C-3331-335A-96FB-D338CFE178F0
2026-01-17 12:05:06-0600 logd[79]: _logd_read_kernel_info calling _logd_uuiddb_harvest_kernel for AAF3C70C-3331-335A-96FB-D338CFE178F0
2026-01-17 16:27:37-0600 logd[79]: Unable to get path for 241
2026-01-17 16:27:37-0600 logd[79]: No userlevel firehose clients left
2026-01-17 16:27:37-0600 logd[79]: Error connecting to logd_helper: Connection invalid
2026-01-17 16:27:37-0600 logd[79]: Error connecting to logd_helper: Connection invalid
2026-01-18 14:23:05-0600 logd[79]: libtrace_kic=0
2026-01-18 14:23:05-0600 logd[79]: _read_kernel_uuid calling _logd_uuiddb_harvest_kernel for AAF3C70C-3331-335A-96FB-D338CFE178F0
2026-01-18 14:23:05-0600 logd[79]: _logd_read_kernel_info calling _logd_uuiddb_harvest_kernel for AAF3C70C-3331-335A-96FB-D338CFE178F0
2026-01-18 16:12:22-0600 logd[79]: No userlevel firehose clients left
2026-01-18 16:16:51-0600 logd[79]: libtrace_kic=0
2026-01-18 16:16:51-0600 logd[79]: _read_kernel_uuid calling _logd_uuiddb_harvest_kernel for AAF3C70C-3331-335A-96FB-D338CFE178F0
2026-01-18 16:16:51-0600 logd[79]: _logd_read_kernel_info calling _logd_uuiddb_harvest_kernel for AAF3C70C-3331-335A-96FB-D338CFE178F0
2026-01-18 16:20:09-0600 logd[79]: Unable to get path for 299
2026-01-18 16:20:09-0600 logd[79]: Unable to get path for 197
2026-01-18 16:20:10-0600 logd[79]: No userlevel firehose clients left
2026-01-19 11:16:08-0600 logd[79]: libtrace_kic=0
2026-01-19 11:16:08-0600 logd[79]: _read_kernel_uuid calling _logd_uuiddb_harvest_kernel for AAF3C70C-3331-335A-96FB-D338CFE178F0
2026-01-19 11:16:08-0600 logd[79]: _logd_read_kernel_info calling _logd_uuiddb_harvest_kernel for AAF3C70C-3331-335A-96FB-D338CFE178F0
2026-01-19 11:25:39-0600 logd[79]: Unable to get path for 301
2026-01-19 11:25:39-0600 logd[79]: No userlevel firehose clients left
2026-01-19 13:37:33-0600 logd[79]: libtrace_kic=0
2026-01-19 13:37:33-0600 logd[79]: _read_kernel_uuid calling _logd_uuiddb_harvest_kernel for AAF3C70C-3331-335A-96FB-D338CFE178F0
2026-01-19 13:37:33-0600 logd[79]: _logd_read_kernel_info calling _logd_uuiddb_harvest_kernel for AAF3C70C-3331-335A-96FB-D338CFE178F0
2026-01-19 14:21:44-0600 logd[79]: No userlevel firehose clients left
2026-01-21 15:58:47-0600 logd[79]: libtrace_kic=0
2026-01-21 15:58:47-0600 logd[79]: _read_kernel_uuid calling _logd_uuiddb_harvest_kernel for AAF3C70C-3331-335A-96FB-D338CFE178F0
2026-01-21 15:58:47-0600 logd[79]: _logd_read_kernel_info calling _logd_uuiddb_harvest_kernel for AAF3C70C-3331-335A-96FB-D338CFE178F0
2026-01-21 16:37:27-0600 logd[79]: Unable to get path for 294
2026-01-21 16:37:27-0600 logd[79]: Unable to get path for 272
2026-01-21 16:37:28-0600 logd[79]: No userlevel firehose clients left
2026-01-22 13:34:28-0600 logd[79]: libtrace_kic=0
2026-01-22 13:34:28-0600 logd[79]: _read_kernel_uuid calling _logd_uuiddb_harvest_kernel for AAF3C70C-3331-335A-96FB-D338CFE178F0
2026-01-22 13:34:28-0600 logd[79]: _logd_read_kernel_info calling _logd_uuiddb_harvest_kernel for AAF3C70C-3331-335A-96FB-D338CFE178F0
2026-01-22 18:00:00-0600 logd[79]: Unable to get path for 146
2026-01-22 18:00:01-0600 logd[79]: No userlevel firehose clients left
2026-01-23 13:51:06-0600 logd[81]: libtrace_kic=0
2026-01-23 13:51:06-0600 logd[81]: _read_kernel_uuid calling _logd_uuiddb_harvest_kernel for AAF3C70C-3331-335A-96FB-D338CFE178F0
2026-01-23 13:51:06-0600 logd[81]: _logd_read_kernel_info calling _logd_uuiddb_harvest_kernel for AAF3C70C-3331-335A-96FB-D338CFE178F0
2026-01-23 14:31:11-0600 logd[81]: Unable to get path for 443
2026-01-23 14:31:12-0600 logd[81]: No userlevel firehose clients left
2026-01-23 16:01:15-0600 logd[81]: libtrace_kic=0
2026-01-23 16:01:15-0600 logd[81]: _read_kernel_uuid calling _logd_uuiddb_harvest_kernel for AAF3C70C-3331-335A-96FB-D338CFE178F0
2026-01-23 16:01:15-0600 logd[81]: _logd_read_kernel_info calling _logd_uuiddb_harvest_kernel for AAF3C70C-3331-335A-96FB-D338CFE178F0
2026-01-23 16:02:56-0600 logd[81]: Unable to get path for 82
2026-01-23 16:02:56-0600 logd[81]: Unable to get path for 294
2026-01-23 16:02:56-0600 logd[81]: Unable to get path for 392
2026-01-23 16:02:56-0600 logd[81]: Unable to get path for 452
2026-01-23 16:02:56-0600 logd[81]: Unable to get path for 392
2026-01-23 16:02:56-0600 logd[81]: Unable to get path for 392
2026-01-23 16:02:56-0600 logd[81]: Unable to get path for 464
2026-01-23 16:02:56-0600 logd[81]: Unable to get path for 148
2026-01-23 16:02:57-0600 logd[81]: No userlevel firehose clients left
2026-01-26 15:11:50-0600 logd[81]: libtrace_kic=0
2026-01-26 15:11:50-0600 logd[81]: _read_kernel_uuid calling _logd_uuiddb_harvest_kernel for AAF3C70C-3331-335A-96FB-D338CFE178F0
2026-01-26 15:11:50-0600 logd[81]: _logd_read_kernel_info calling _logd_uuiddb_harvest_kernel for AAF3C70C-3331-335A-96FB-D338CFE178F0
2026-01-26 16:11:09-0600 logd[81]: Unable to get path for 413
2026-01-26 16:11:10-0600 logd[81]: Error connecting to logd_helper: Connection invalid
2026-01-26 16:11:10-0600 logd[81]: No userlevel firehose clients left
2026-01-26 16:11:10-0600 logd[81]: Error connecting to logd_helper: Connection invalid
2026-01-26 16:11:10-0600 logd[81]: Error connecting to logd_helper: Connection invalid
2026-01-26 16:11:10-0600 logd[81]: Error connecting to logd_helper: Connection invalid
2026-01-27 12:59:31-0600 logd[81]: libtrace_kic=0
2026-01-27 12:59:31-0600 logd[81]: _read_kernel_uuid calling _logd_uuiddb_harvest_kernel for AAF3C70C-3331-335A-96FB-D338CFE178F0
2026-01-27 12:59:31-0600 logd[81]: _logd_read_kernel_info calling _logd_uuiddb_harvest_kernel for AAF3C70C-3331-335A-96FB-D338CFE178F0
2026-01-27 18:54:47-0600 logd[81]: Error connecting to logd_helper: Connection invalid
2026-01-27 18:54:47-0600 logd[81]: Unable to get path for 148
2026-01-27 18:54:47-0600 logd[81]: No userlevel firehose clients left
2026-01-27 19:09:48-0600 logd[81]: libtrace_kic=0
2026-01-27 19:09:48-0600 logd[81]: _read_kernel_uuid calling _logd_uuiddb_harvest_kernel for AAF3C70C-3331-335A-96FB-D338CFE178F0
2026-01-27 19:09:48-0600 logd[81]: _logd_read_kernel_info calling _logd_uuiddb_harvest_kernel for AAF3C70C-3331-335A-96FB-D338CFE178F0
2026-01-27 19:17:25-0600 logd[81]: Unable to get path for 245
2026-01-27 19:17:25-0600 logd[81]: Unable to get path for 401
2026-01-27 19:17:25-0600 logd[81]: No userlevel firehose clients left
2026-01-28 15:42:49-0600 logd[81]: libtrace_kic=0
2026-01-28 15:42:49-0600 logd[81]: _read_kernel_uuid calling _logd_uuiddb_harvest_kernel for AAF3C70C-3331-335A-96FB-D338CFE178F0
2026-01-28 15:42:49-0600 logd[81]: _logd_read_kernel_info calling _logd_uuiddb_harvest_kernel for AAF3C70C-3331-335A-96FB-D338CFE178F0
2026-01-28 15:58:20-0600 logd[81]: Unable to get path for 274
2026-01-28 15:58:20-0600 logd[81]: Unable to get path for 469
2026-01-28 15:58:21-0600 logd[81]: No userlevel firehose clients left
2026-01-29 14:39:25-0600 logd[81]: libtrace_kic=0
2026-01-29 14:39:25-0600 logd[81]: _read_kernel_uuid calling _logd_uuiddb_harvest_kernel for AAF3C70C-3331-335A-96FB-D338CFE178F0
2026-01-29 14:39:25-0600 logd[81]: _logd_read_kernel_info calling _logd_uuiddb_harvest_kernel for AAF3C70C-3331-335A-96FB-D338CFE178F0
2026-01-29 18:59:20-0600 logd[81]: Unable to get path for 383
2026-01-29 18:59:20-0600 logd[81]: Unable to get path for 383
2026-01-29 18:59:20-0600 logd[81]: Unable to get path for 383
2026-01-29 18:59:20-0600 logd[81]: Error connecting to logd_helper: Connection invalid
2026-01-29 18:59:20-0600 logd[81]: No userlevel firehose clients left
2026-01-30 10:40:20-0600 logd[81]: libtrace_kic=0
2026-01-30 10:40:20-0600 logd[81]: _read_kernel_uuid calling _logd_uuiddb_harvest_kernel for AAF3C70C-3331-335A-96FB-D338CFE178F0
2026-01-30 10:40:20-0600 logd[81]: _logd_read_kernel_info calling _logd_uuiddb_harvest_kernel for AAF3C70C-3331-335A-96FB-D338CFE178F0
2026-01-30 13:36:53-0600 logd[81]: Unable to get path for 388
2026-01-30 13:36:53-0600 logd[81]: Unable to get path for 451
2026-01-30 13:36:53-0600 logd[81]: Unable to get path for 149
2026-01-30 13:36:54-0600 logd[81]: No userlevel firehose clients left
2026-02-01 14:04:38-0600 logd[81]: libtrace_kic=0
2026-02-01 14:04:38-0600 logd[81]: _read_kernel_uuid calling _logd_uuiddb_harvest_kernel for AAF3C70C-3331-335A-96FB-D338CFE178F0
2026-02-01 14:04:38-0600 logd[81]: _logd_read_kernel_info calling _logd_uuiddb_harvest_kernel for AAF3C70C-3331-335A-96FB-D338CFE178F0
2026-02-01 14:06:54-0600 logd[81]: flush for power button
2026-02-01 15:02:34-0600 logd[81]: Unable to get path for 481
2026-02-01 15:02:35-0600 logd[81]: No userlevel firehose clients left
2026-02-04 10:02:50-0600 logd[81]: libtrace_kic=0
2026-02-04 10:02:50-0600 logd[81]: _read_kernel_uuid calling _logd_uuiddb_harvest_kernel for AAF3C70C-3331-335A-96FB-D338CFE178F0
2026-02-04 10:02:50-0600 logd[81]: _logd_read_kernel_info calling _logd_uuiddb_harvest_kernel for AAF3C70C-3331-335A-96FB-D338CFE178F0
2026-02-04 17:36:22-0600 logd[81]: Error connecting to logd_helper: Connection invalid
2026-02-04 17:36:22-0600 logd[81]: Error connecting to logd_helper: Connection invalid
2026-02-04 17:36:23-0600 logd[81]: No userlevel firehose clients left
2026-02-05 08:10:41-0600 logd[81]: libtrace_kic=0
2026-02-05 08:10:41-0600 logd[81]: _read_kernel_uuid calling _logd_uuiddb_harvest_kernel for AAF3C70C-3331-335A-96FB-D338CFE178F0
2026-02-05 08:10:41-0600 logd[81]: _logd_read_kernel_info calling _logd_uuiddb_harvest_kernel for AAF3C70C-3331-335A-96FB-D338CFE178F0
2026-02-05 09:03:07-0600 logd[81]: Unable to get path for 196
2026-02-05 09:03:07-0600 logd[81]: Unable to get path for 299
2026-02-05 09:03:07-0600 logd[81]: Unable to get path for 401
2026-02-05 09:03:07-0600 logd[81]: No userlevel firehose clients left
2026-02-05 10:34:34-0600 logd[81]: libtrace_kic=0
2026-02-05 10:34:34-0600 logd[81]: _read_kernel_uuid calling _logd_uuiddb_harvest_kernel for AAF3C70C-3331-335A-96FB-D338CFE178F0
2026-02-05 10:34:34-0600 logd[81]: _logd_read_kernel_info calling _logd_uuiddb_harvest_kernel for AAF3C70C-3331-335A-96FB-D338CFE178F0
2026-02-05 11:21:54-0600 logd[81]: Unable to get path for 302
2026-02-05 11:21:55-0600 logd[81]: No userlevel firehose clients left
2026-02-05 12:57:21-0600 logd[81]: libtrace_kic=0
2026-02-05 12:57:21-0600 logd[81]: _read_kernel_uuid calling _logd_uuiddb_harvest_kernel for AAF3C70C-3331-335A-96FB-D338CFE178F0
2026-02-05 12:57:21-0600 logd[81]: _logd_read_kernel_info calling _logd_uuiddb_harvest_kernel for AAF3C70C-3331-335A-96FB-D338CFE178F0
2026-02-05 19:38:19-0600 logd[81]: Unable to get path for 524
2026-02-05 19:38:19-0600 logd[81]: No userlevel firehose clients left
2026-02-06 09:02:37-0600 logd[81]: libtrace_kic=0
2026-02-06 09:02:37-0600 logd[81]: _read_kernel_uuid calling _logd_uuiddb_harvest_kernel for AAF3C70C-3331-335A-96FB-D338CFE178F0
2026-02-06 09:02:37-0600 logd[81]: _logd_read_kernel_info calling _logd_uuiddb_harvest_kernel for AAF3C70C-3331-335A-96FB-D338CFE178F0
2026-02-06 13:29:57-0600 logd[81]: Unable to get path for 195
2026-02-06 13:29:57-0600 logd[81]: Unable to get path for 278
2026-02-06 13:29:58-0600 logd[81]: No userlevel firehose clients left
2026-02-06 15:26:59-0600 logd[81]: libtrace_kic=0
2026-02-06 15:26:59-0600 logd[81]: _read_kernel_uuid calling _logd_uuiddb_harvest_kernel for AAF3C70C-3331-335A-96FB-D338CFE178F0
2026-02-06 15:26:59-0600 logd[81]: _logd_read_kernel_info calling _logd_uuiddb_harvest_kernel for AAF3C70C-3331-335A-96FB-D338CFE178F0
2026-02-06 16:38:24-0600 logd[81]: Unable to get path for 296
2026-02-06 16:38:24-0600 logd[81]: Unable to get path for 477
2026-02-06 16:38:25-0600 logd[81]: No userlevel firehose clients left
2026-02-10 12:09:59-0600 logd[81]: libtrace_kic=0
2026-02-10 12:09:59-0600 logd[81]: _read_kernel_uuid calling _logd_uuiddb_harvest_kernel for AAF3C70C-3331-335A-96FB-D338CFE178F0
2026-02-10 12:09:59-0600 logd[81]: _logd_read_kernel_info calling _logd_uuiddb_harvest_kernel for AAF3C70C-3331-335A-96FB-D338CFE178F0
2026-02-10 15:18:16-0600 logd[81]: Unable to get path for 299
2026-02-10 15:18:17-0600 logd[81]: No userlevel firehose clients left
2026-02-10 15:18:28-0600 logd[81]: libtrace_kic=0
2026-02-10 15:18:28-0600 logd[81]: _read_kernel_uuid calling _logd_uuiddb_harvest_kernel for AAF3C70C-3331-335A-96FB-D338CFE178F0
2026-02-10 15:18:28-0600 logd[81]: _logd_read_kernel_info calling _logd_uuiddb_harvest_kernel for AAF3C70C-3331-335A-96FB-D338CFE178F0
2026-02-10 15:38:13-0600 logd[81]: Unable to get path for 185
2026-02-10 15:38:13-0600 logd[81]: Error connecting to logd_helper: Connection invalid
2026-02-10 15:38:13-0600 logd[81]: Unable to get path for 185
2026-02-10 15:38:13-0600 logd[81]: Unable to get path for 185
2026-02-10 15:38:13-0600 logd[81]: Unable to get path for 424
2026-02-10 15:38:13-0600 logd[81]: No userlevel firehose clients left
2026-02-10 15:38:28-0600 logd[81]: libtrace_kic=0
2026-02-10 15:38:28-0600 logd[81]: _read_kernel_uuid calling _logd_uuiddb_harvest_kernel for AAF3C70C-3331-335A-96FB-D338CFE178F0
2026-02-10 15:38:28-0600 logd[81]: _logd_read_kernel_info calling _logd_uuiddb_harvest_kernel for AAF3C70C-3331-335A-96FB-D338CFE178F0
2026-02-10 15:45:52-0600 logd[81]: Unable to get path for 432
2026-02-10 15:45:52-0600 logd[81]: Unable to get path for 293
2026-02-10 15:45:52-0600 logd[81]: Unable to get path for 467
2026-02-10 15:45:52-0600 logd[81]: Unable to get path for 369
2026-02-10 15:45:53-0600 logd[81]: No userlevel firehose clients left
2026-02-10 15:46:05-0600 logd[81]: libtrace_kic=0
2026-02-10 15:46:05-0600 logd[81]: _read_kernel_uuid calling _logd_uuiddb_harvest_kernel for AAF3C70C-3331-335A-96FB-D338CFE178F0
2026-02-10 15:46:05-0600 logd[81]: _logd_read_kernel_info calling _logd_uuiddb_harvest_kernel for AAF3C70C-3331-335A-96FB-D338CFE178F0
2026-02-10 18:44:53-0600 logd[81]: Error connecting to logd_helper: Connection invalid
2026-02-10 18:44:54-0600 logd[81]: No userlevel firehose clients left
2026-02-11 10:43:01-0600 logd[81]: libtrace_kic=0
2026-02-11 10:43:01-0600 logd[81]: _read_kernel_uuid calling _logd_uuiddb_harvest_kernel for AAF3C70C-3331-335A-96FB-D338CFE178F0
2026-02-11 10:43:01-0600 logd[81]: _logd_read_kernel_info calling _logd_uuiddb_harvest_kernel for AAF3C70C-3331-335A-96FB-D338CFE178F0
2026-02-11 14:13:12-0600 logd[81]: Unable to get path for 414
2026-02-11 14:13:12-0600 logd[81]: No userlevel firehose clients left
2026-02-13 09:57:56-0600 logd[81]: libtrace_kic=0
2026-02-13 09:57:56-0600 logd[81]: _read_kernel_uuid calling _logd_uuiddb_harvest_kernel for AAF3C70C-3331-335A-96FB-D338CFE178F0
2026-02-13 09:57:56-0600 logd[81]: _logd_read_kernel_info calling _logd_uuiddb_harvest_kernel for AAF3C70C-3331-335A-96FB-D338CFE178F0
2026-02-13 11:14:30-0600 logd[81]: Unable to get path for 202
2026-02-13 11:14:30-0600 logd[81]: Unable to get path for 276
2026-02-13 11:14:31-0600 logd[81]: No userlevel firehose clients left
2026-02-13 11:14:41-0600 logd[81]: libtrace_kic=0
2026-02-13 11:14:41-0600 logd[81]: _read_kernel_uuid calling _logd_uuiddb_harvest_kernel for AAF3C70C-3331-335A-96FB-D338CFE178F0
2026-02-13 11:14:41-0600 logd[81]: _logd_read_kernel_info calling _logd_uuiddb_harvest_kernel for AAF3C70C-3331-335A-96FB-D338CFE178F0
2026-02-13 13:00:13-0600 logd[81]: Unable to get path for 297
2026-02-13 13:00:13-0600 logd[81]: Unable to get path for 447
2026-02-13 13:00:14-0600 logd[81]: No userlevel firehose clients left
2026-02-13 13:00:32-0600 logd[81]: libtrace_kic=0
2026-02-13 13:00:32-0600 logd[81]: _read_kernel_uuid calling _logd_uuiddb_harvest_kernel for AAF3C70C-3331-335A-96FB-D338CFE178F0
2026-02-13 13:00:32-0600 logd[81]: _logd_read_kernel_info calling _logd_uuiddb_harvest_kernel for AAF3C70C-3331-335A-96FB-D338CFE178F0
2026-02-13 13:39:23-0600 logd[81]: Unable to get path for 543
2026-02-13 13:39:23-0600 logd[81]: Unable to get path for 245
2026-02-13 13:39:23-0600 logd[81]: No userlevel firehose clients left
2026-02-13 14:20:46-0600 logd[81]: libtrace_kic=0
2026-02-13 14:20:46-0600 logd[81]: _read_kernel_uuid calling _logd_uuiddb_harvest_kernel for AAF3C70C-3331-335A-96FB-D338CFE178F0
2026-02-13 14:20:46-0600 logd[81]: _logd_read_kernel_info calling _logd_uuiddb_harvest_kernel for AAF3C70C-3331-335A-96FB-D338CFE178F0
2026-02-13 14:26:50-0600 logd[81]: Unable to get path for 149
2026-02-13 14:26:50-0600 logd[81]: No userlevel firehose clients left
2026-02-13 14:27:01-0600 logd[81]: libtrace_kic=0
2026-02-13 14:27:01-0600 logd[81]: _read_kernel_uuid calling _logd_uuiddb_harvest_kernel for AAF3C70C-3331-335A-96FB-D338CFE178F0
2026-02-13 14:27:01-0600 logd[81]: _logd_read_kernel_info calling _logd_uuiddb_harvest_kernel for AAF3C70C-3331-335A-96FB-D338CFE178F0
2026-02-13 14:27:35-0600 logd[81]: Unable to get path for 296
2026-02-13 14:27:35-0600 logd[81]: No userlevel firehose clients left
2026-02-13 14:29:14-0600 logd[81]: libtrace_kic=0
2026-02-13 14:29:14-0600 logd[81]: _read_kernel_uuid calling _logd_uuiddb_harvest_kernel for AAF3C70C-3331-335A-96FB-D338CFE178F0
2026-02-13 14:29:14-0600 logd[81]: _logd_read_kernel_info calling _logd_uuiddb_harvest_kernel for AAF3C70C-3331-335A-96FB-D338CFE178F0
2026-02-13 14:36:00-0600 logd[81]: No userlevel firehose clients left
2026-02-13 14:40:34-0600 logd[81]: libtrace_kic=0
2026-02-13 14:40:34-0600 logd[81]: _read_kernel_uuid calling _logd_uuiddb_harvest_kernel for AAF3C70C-3331-335A-96FB-D338CFE178F0
2026-02-13 14:40:34-0600 logd[81]: _logd_read_kernel_info calling _logd_uuiddb_harvest_kernel for AAF3C70C-3331-335A-96FB-D338CFE178F0
2026-02-13 14:54:15-0600 logd[81]: Unable to get path for 392
2026-02-13 14:54:15-0600 logd[81]: Unable to get path for 304
2026-02-13 14:54:15-0600 logd[81]: Unable to get path for 13518
2026-02-13 14:54:15-0600 logd[81]: Unable to get path for 13518
2026-02-13 14:54:15-0600 logd[81]: Unable to get path for 13518
2026-02-13 14:54:15-0600 logd[81]: Unable to get path for 190
2026-02-13 14:54:16-0600 logd[81]: No userlevel firehose clients left
2026-02-13 14:54:27-0600 logd[81]: libtrace_kic=0
2026-02-13 14:54:27-0600 logd[81]: _read_kernel_uuid calling _logd_uuiddb_harvest_kernel for AAF3C70C-3331-335A-96FB-D338CFE178F0
2026-02-13 14:54:27-0600 logd[81]: _logd_read_kernel_info calling _logd_uuiddb_harvest_kernel for AAF3C70C-3331-335A-96FB-D338CFE178F0
2026-02-13 14:58:07-0600 logd[81]: Unable to get path for 183
2026-02-13 14:58:07-0600 logd[81]: Unable to get path for 296
2026-02-13 14:58:08-0600 logd[81]: No userlevel firehose clients left
2026-02-13 14:58:19-0600 logd[81]: libtrace_kic=0
2026-02-13 14:58:19-0600 logd[81]: _read_kernel_uuid calling _logd_uuiddb_harvest_kernel for AAF3C70C-3331-335A-96FB-D338CFE178F0
2026-02-13 14:58:19-0600 logd[81]: _logd_read_kernel_info calling _logd_uuiddb_harvest_kernel for AAF3C70C-3331-335A-96FB-D338CFE178F0
2026-02-13 15:29:44-0600 logd[81]: Unable to get path for 293
2026-02-13 15:29:44-0600 logd[81]: Unable to get path for 474
2026-02-13 15:29:44-0600 logd[81]: Unable to get path for 474
2026-02-13 15:29:44-0600 logd[81]: Unable to get path for 474
2026-02-13 15:29:44-0600 logd[81]: Unable to get path for 474
2026-02-13 15:29:44-0600 logd[81]: Unable to get path for 474
2026-02-13 15:29:45-0600 logd[81]: Unable to get path for 474
2026-02-13 15:29:45-0600 logd[81]: Unable to get path for 474
2026-02-13 15:29:45-0600 logd[81]: Unable to get path for 474
2026-02-13 15:29:45-0600 logd[81]: No userlevel firehose clients left
2026-02-13 15:31:40-0600 logd[81]: libtrace_kic=0
2026-02-13 15:31:40-0600 logd[81]: _read_kernel_uuid calling _logd_uuiddb_harvest_kernel for AAF3C70C-3331-335A-96FB-D338CFE178F0
2026-02-13 15:31:40-0600 logd[81]: _logd_read_kernel_info calling _logd_uuiddb_harvest_kernel for AAF3C70C-3331-335A-96FB-D338CFE178F0
2026-02-13 15:49:41-0600 logd[81]: No userlevel firehose clients left
2026-02-14 09:12:03-0600 logd[81]: libtrace_kic=0
2026-02-14 09:12:03-0600 logd[81]: _read_kernel_uuid calling _logd_uuiddb_harvest_kernel for AAF3C70C-3331-335A-96FB-D338CFE178F0
2026-02-14 09:12:03-0600 logd[81]: _logd_read_kernel_info calling _logd_uuiddb_harvest_kernel for AAF3C70C-3331-335A-96FB-D338CFE178F0
2026-02-14 16:10:04-0600 logd[81]: Error connecting to logd_helper: Connection invalid
2026-02-14 16:10:04-0600 logd[81]: Unable to get path for 444
2026-02-14 16:10:04-0600 logd[81]: Unable to get path for 444
2026-02-14 16:10:04-0600 logd[81]: Unable to get path for 395
2026-02-14 16:10:04-0600 logd[81]: Unable to get path for 444
2026-02-14 16:10:04-0600 logd[81]: Unable to get path for 444
2026-02-14 16:10:04-0600 logd[81]: Unable to get path for 444
2026-02-14 16:10:04-0600 logd[81]: Unable to get path for 444
2026-02-14 16:10:04-0600 logd[81]: Unable to get path for 444
2026-02-14 16:10:04-0600 logd[81]: Unable to get path for 444
2026-02-14 16:10:04-0600 logd[81]: Unable to get path for 444
2026-02-14 16:10:04-0600 logd[81]: Unable to get path for 444
2026-02-14 16:10:04-0600 logd[81]: Unable to get path for 444
2026-02-14 16:10:04-0600 logd[81]: Unable to get path for 444
2026-02-14 16:10:04-0600 logd[81]: Unable to get path for 444
2026-02-14 16:10:05-0600 logd[81]: No userlevel firehose clients left
2026-02-15 13:22:10-0600 logd[81]: libtrace_kic=0
2026-02-15 13:22:10-0600 logd[81]: _read_kernel_uuid calling _logd_uuiddb_harvest_kernel for AAF3C70C-3331-335A-96FB-D338CFE178F0
2026-02-15 13:22:10-0600 logd[81]: _logd_read_kernel_info calling _logd_uuiddb_harvest_kernel for AAF3C70C-3331-335A-96FB-D338CFE178F0
2026-02-15 14:40:20-0600 logd[81]: No userlevel firehose clients left
2026-02-17 12:05:24-0600 logd[81]: libtrace_kic=0
2026-02-17 12:05:24-0600 logd[81]: _read_kernel_uuid calling _logd_uuiddb_harvest_kernel for AAF3C70C-3331-335A-96FB-D338CFE178F0
2026-02-17 12:05:24-0600 logd[81]: _logd_read_kernel_info calling _logd_uuiddb_harvest_kernel for AAF3C70C-3331-335A-96FB-D338CFE178F0
2026-02-17 18:12:39-0600 logd[81]: Error connecting to logd_helper: Connection invalid
2026-02-17 18:12:39-0600 logd[81]: Unable to get path for 454
2026-02-17 18:12:39-0600 logd[81]: No userlevel firehose clients left
2026-02-20 11:12:11-0600 logd[81]: libtrace_kic=0
2026-02-20 11:12:11-0600 logd[81]: _read_kernel_uuid calling _logd_uuiddb_harvest_kernel for AAF3C70C-3331-335A-96FB-D338CFE178F0
2026-02-20 11:12:11-0600 logd[81]: _logd_read_kernel_info calling _logd_uuiddb_harvest_kernel for AAF3C70C-3331-335A-96FB-D338CFE178F0
2026-02-20 13:03:11-0600 logd[81]: Unable to get path for 265
2026-02-20 13:03:11-0600 logd[81]: Unable to get path for 479
2026-02-20 13:03:12-0600 logd[81]: No userlevel firehose clients left
2026-02-22 13:32:25-0600 logd[81]: libtrace_kic=0
2026-02-22 13:32:25-0600 logd[81]: _read_kernel_uuid calling _logd_uuiddb_harvest_kernel for AAF3C70C-3331-335A-96FB-D338CFE178F0
2026-02-22 13:32:25-0600 logd[81]: _logd_read_kernel_info calling _logd_uuiddb_harvest_kernel for AAF3C70C-3331-335A-96FB-D338CFE178F0
2026-02-22 13:52:49-0600 logd[81]: Unable to get path for 299
2026-02-22 13:52:50-0600 logd[81]: No userlevel firehose clients left
2026-02-22 14:09:35-0600 logd[81]: libtrace_kic=0
2026-02-22 14:09:35-0600 logd[81]: _read_kernel_uuid calling _logd_uuiddb_harvest_kernel for AAF3C70C-3331-335A-96FB-D338CFE178F0
2026-02-22 14:09:35-0600 logd[81]: _logd_read_kernel_info calling _logd_uuiddb_harvest_kernel for AAF3C70C-3331-335A-96FB-D338CFE178F0
2026-02-22 14:13:46-0600 logd[81]: Unable to get path for 203
2026-02-22 14:13:46-0600 logd[81]: Unable to get path for 303
2026-02-22 14:13:46-0600 logd[81]: Unable to get path for 398
2026-02-22 14:13:47-0600 logd[81]: No userlevel firehose clients left
2026-02-25 13:47:56-0600 logd[81]: libtrace_kic=0
2026-02-25 13:47:56-0600 logd[81]: _read_kernel_uuid calling _logd_uuiddb_harvest_kernel for AAF3C70C-3331-335A-96FB-D338CFE178F0
2026-02-25 13:47:56-0600 logd[81]: _logd_read_kernel_info calling _logd_uuiddb_harvest_kernel for AAF3C70C-3331-335A-96FB-D338CFE178F0
2026-02-25 19:04:07-0600 logd[81]: No userlevel firehose clients left
2026-02-26 01:26:54-0600 logd[81]: libtrace_kic=0
2026-02-26 01:26:54-0600 logd[81]: _read_kernel_uuid calling _logd_uuiddb_harvest_kernel for AAF3C70C-3331-335A-96FB-D338CFE178F0
2026-02-26 01:26:54-0600 logd[81]: _logd_read_kernel_info calling _logd_uuiddb_harvest_kernel for AAF3C70C-3331-335A-96FB-D338CFE178F0
2026-02-26 11:49:19-0600 logd[81]: No userlevel firehose clients left
2026-02-26 12:35:35-0600 logd[81]: libtrace_kic=0
2026-02-26 12:35:35-0600 logd[81]: _read_kernel_uuid calling _logd_uuiddb_harvest_kernel for AAF3C70C-3331-335A-96FB-D338CFE178F0
2026-02-26 12:35:35-0600 logd[81]: _logd_read_kernel_info calling _logd_uuiddb_harvest_kernel for AAF3C70C-3331-335A-96FB-D338CFE178F0
2026-02-26 19:32:30-0600 logd[81]: Unable to get path for 277
2026-02-26 19:32:30-0600 logd[81]: No userlevel firehose clients left
2026-02-26 22:54:55-0600 logd[81]: libtrace_kic=0
2026-02-26 22:54:55-0600 logd[81]: _read_kernel_uuid calling _logd_uuiddb_harvest_kernel for AAF3C70C-3331-335A-96FB-D338CFE178F0
2026-02-26 22:54:55-0600 logd[81]: _logd_read_kernel_info calling _logd_uuiddb_harvest_kernel for AAF3C70C-3331-335A-96FB-D338CFE178F0
2026-02-26 23:32:45-0600 logd[81]: flush for power button
2026-02-26 23:32:46-0600 logd[81]: flush for power button
2026-02-27 05:17:53-0600 logd[81]: No userlevel firehose clients left
2026-02-27 09:41:39-0600 logd[81]: libtrace_kic=0
2026-02-27 09:41:39-0600 logd[81]: _read_kernel_uuid calling _logd_uuiddb_harvest_kernel for AAF3C70C-3331-335A-96FB-D338CFE178F0
2026-02-27 09:41:39-0600 logd[81]: _logd_read_kernel_info calling _logd_uuiddb_harvest_kernel for AAF3C70C-3331-335A-96FB-D338CFE178F0
2026-02-27 13:20:09-0600 logd[81]: Unable to get path for 149
2026-02-27 13:20:09-0600 logd[81]: No userlevel firehose clients left
2026-03-04 20:28:43-0600 logd[81]: libtrace_kic=0
2026-03-04 20:28:43-0600 logd[81]: _read_kernel_uuid calling _logd_uuiddb_harvest_kernel for AAF3C70C-3331-335A-96FB-D338CFE178F0
2026-03-04 20:28:43-0600 logd[81]: _logd_read_kernel_info calling _logd_uuiddb_harvest_kernel for AAF3C70C-3331-335A-96FB-D338CFE178F0
2026-03-05 11:37:13-0600 logd[81]: Unable to get path for 59105
2026-03-05 11:37:13-0600 logd[81]: Unable to get path for 58909
2026-03-05 11:37:14-0600 logd[81]: No userlevel firehose clients left
2026-03-05 11:37:14-0600 logd[81]: Error connecting to logd_helper: Connection invalid
2026-03-05 15:13:53-0600 logd[81]: libtrace_kic=0
2026-03-05 15:13:53-0600 logd[81]: _read_kernel_uuid calling _logd_uuiddb_harvest_kernel for AAF3C70C-3331-335A-96FB-D338CFE178F0
2026-03-05 15:13:53-0600 logd[81]: _logd_read_kernel_info calling _logd_uuiddb_harvest_kernel for AAF3C70C-3331-335A-96FB-D338CFE178F0
2026-03-05 19:50:30-0600 logd[81]: Unable to get path for 268
2026-03-05 19:50:31-0600 logd[81]: Unable to get path for 149
2026-03-05 19:50:31-0600 logd[81]: No userlevel firehose clients left
2026-03-05 22:32:11-0600 logd[81]: libtrace_kic=0
2026-03-05 22:32:11-0600 logd[81]: _read_kernel_uuid calling _logd_uuiddb_harvest_kernel for AAF3C70C-3331-335A-96FB-D338CFE178F0
2026-03-05 22:32:11-0600 logd[81]: _logd_read_kernel_info calling _logd_uuiddb_harvest_kernel for AAF3C70C-3331-335A-96FB-D338CFE178F0
2026-03-06 09:04:09-0600 logd[81]: Unable to get path for 456
2026-03-06 09:04:09-0600 logd[81]: Unable to get path for 2664
2026-03-06 09:04:09-0600 logd[81]: Unable to get path for 2664
2026-03-06 09:04:09-0600 logd[81]: Unable to get path for 2664
2026-03-06 09:04:10-0600 logd[81]: No userlevel firehose clients left
2026-03-06 10:29:42-0600 logd[81]: libtrace_kic=0
2026-03-06 10:29:42-0600 logd[81]: _read_kernel_uuid calling _logd_uuiddb_harvest_kernel for AAF3C70C-3331-335A-96FB-D338CFE178F0
2026-03-06 10:29:42-0600 logd[81]: _logd_read_kernel_info calling _logd_uuiddb_harvest_kernel for AAF3C70C-3331-335A-96FB-D338CFE178F0
2026-03-06 16:55:00-0600 logd[81]: Unable to get path for 275
2026-03-06 16:55:00-0600 logd[81]: Unable to get path for 444
2026-03-06 16:55:00-0600 logd[81]: Unable to get path for 195
2026-03-06 16:55:01-0600 logd[81]: Error connecting to logd_helper: Connection invalid
2026-03-06 16:55:01-0600 logd[81]: Error connecting to logd_helper: Connection invalid
2026-03-06 16:55:01-0600 logd[81]: No userlevel firehose clients left
2026-03-06 16:55:01-0600 logd[81]: Error connecting to logd_helper: Connection invalid
2026-03-06 16:55:01-0600 logd[81]: Error connecting to logd_helper: Connection invalid
2026-03-06 16:55:01-0600 logd[81]: Error connecting to logd_helper: Connection invalid
2026-03-06 19:19:24-0600 logd[81]: libtrace_kic=0
2026-03-06 19:19:24-0600 logd[81]: _read_kernel_uuid calling _logd_uuiddb_harvest_kernel for AAF3C70C-3331-335A-96FB-D338CFE178F0
2026-03-06 19:19:24-0600 logd[81]: _logd_read_kernel_info calling _logd_uuiddb_harvest_kernel for AAF3C70C-3331-335A-96FB-D338CFE178F0
2026-03-07 05:26:22-0600 logd[81]: Unable to get path for 149
2026-03-07 05:26:22-0600 logd[81]: No userlevel firehose clients left
2026-03-09 13:52:43-0500 logd[81]: libtrace_kic=0
2026-03-09 13:52:43-0500 logd[81]: _read_kernel_uuid calling _logd_uuiddb_harvest_kernel for AAF3C70C-3331-335A-96FB-D338CFE178F0
2026-03-09 13:52:43-0500 logd[81]: _logd_read_kernel_info calling _logd_uuiddb_harvest_kernel for AAF3C70C-3331-335A-96FB-D338CFE178F0
2026-03-09 15:00:36-0500 logd[81]: Unable to get path for 306
2026-03-09 15:00:37-0500 logd[81]: No userlevel firehose clients left
2026-03-14 12:54:52-0500 logd[81]: libtrace_kic=0
2026-03-14 12:54:52-0500 logd[81]: _read_kernel_uuid calling _logd_uuiddb_harvest_kernel for AAF3C70C-3331-335A-96FB-D338CFE178F0
2026-03-14 12:54:52-0500 logd[81]: _logd_read_kernel_info calling _logd_uuiddb_harvest_kernel for AAF3C70C-3331-335A-96FB-D338CFE178F0
2026-03-14 14:35:32-0500 logd[81]: Unable to get path for 461
2026-03-14 14:35:32-0500 logd[81]: Unable to get path for 461
2026-03-14 14:35:32-0500 logd[81]: Unable to get path for 461
2026-03-14 14:35:32-0500 logd[81]: Unable to get path for 461
2026-03-14 14:35:32-0500 logd[81]: Unable to get path for 461
2026-03-14 14:35:32-0500 logd[81]: Unable to get path for 461
2026-03-14 14:35:32-0500 logd[81]: Unable to get path for 461
2026-03-14 14:35:32-0500 logd[81]: Unable to get path for 461
2026-03-14 14:35:32-0500 logd[81]: No userlevel firehose clients left
2026-03-16 13:40:09-0500 logd[81]: libtrace_kic=0
2026-03-16 13:40:09-0500 logd[81]: _read_kernel_uuid calling _logd_uuiddb_harvest_kernel for AAF3C70C-3331-335A-96FB-D338CFE178F0
2026-03-16 13:40:09-0500 logd[81]: _logd_read_kernel_info calling _logd_uuiddb_harvest_kernel for AAF3C70C-3331-335A-96FB-D338CFE178F0
2026-03-16 15:07:07-0500 logd[81]: Unable to get path for 149
2026-03-16 15:07:07-0500 logd[81]: No userlevel firehose clients left
2026-03-17 08:43:54-0500 logd[81]: libtrace_kic=0
2026-03-17 08:43:54-0500 logd[81]: _read_kernel_uuid calling _logd_uuiddb_harvest_kernel for AAF3C70C-3331-335A-96FB-D338CFE178F0
2026-03-17 08:43:54-0500 logd[81]: _logd_read_kernel_info calling _logd_uuiddb_harvest_kernel for AAF3C70C-3331-335A-96FB-D338CFE178F0
2026-03-17 16:40:50-0500 logd[81]: Unable to get path for 441
2026-03-17 16:40:50-0500 logd[81]: Unable to get path for 184
2026-03-17 16:40:50-0500 logd[81]: No userlevel firehose clients left
2026-03-18 13:31:57-0500 logd[81]: libtrace_kic=0
2026-03-18 13:31:57-0500 logd[81]: _read_kernel_uuid calling _logd_uuiddb_harvest_kernel for AAF3C70C-3331-335A-96FB-D338CFE178F0
2026-03-18 13:31:57-0500 logd[81]: _logd_read_kernel_info calling _logd_uuiddb_harvest_kernel for AAF3C70C-3331-335A-96FB-D338CFE178F0
2026-03-18 15:30:06-0500 logd[81]: Unable to get path for 245
2026-03-18 15:30:06-0500 logd[81]: Unable to get path for 473
2026-03-18 15:30:06-0500 logd[81]: Unable to get path for 413
2026-03-18 15:30:06-0500 logd[81]: No userlevel firehose clients left
2026-03-20 11:56:30-0500 logd[81]: libtrace_kic=0
2026-03-20 11:56:30-0500 logd[81]: _read_kernel_uuid calling _logd_uuiddb_harvest_kernel for AAF3C70C-3331-335A-96FB-D338CFE178F0
2026-03-20 11:56:30-0500 logd[81]: _logd_read_kernel_info calling _logd_uuiddb_harvest_kernel for AAF3C70C-3331-335A-96FB-D338CFE178F0
2026-03-20 12:55:30-0500 logd[81]: Unable to get path for 150
2026-03-20 12:55:30-0500 logd[81]: No userlevel firehose clients left
2026-03-23 12:26:38-0500 logd[81]: libtrace_kic=0
2026-03-23 12:26:38-0500 logd[81]: _read_kernel_uuid calling _logd_uuiddb_harvest_kernel for AAF3C70C-3331-335A-96FB-D338CFE178F0
2026-03-23 12:26:38-0500 logd[81]: _logd_read_kernel_info calling _logd_uuiddb_harvest_kernel for AAF3C70C-3331-335A-96FB-D338CFE178F0
2026-03-23 13:52:59-0500 logd[81]: Error connecting to logd_helper: Connection invalid
2026-03-23 13:52:59-0500 logd[81]: Unable to get path for 275
2026-03-23 13:52:59-0500 logd[81]: Unable to get path for 394
2026-03-23 13:53:00-0500 logd[81]: No userlevel firehose clients left
2026-03-26 12:47:59-0500 logd[81]: libtrace_kic=0
2026-03-26 12:47:59-0500 logd[81]: _read_kernel_uuid calling _logd_uuiddb_harvest_kernel for AAF3C70C-3331-335A-96FB-D338CFE178F0
2026-03-26 12:47:59-0500 logd[81]: _logd_read_kernel_info calling _logd_uuiddb_harvest_kernel for AAF3C70C-3331-335A-96FB-D338CFE178F0
2026-03-26 16:29:54-0500 logd[81]: No userlevel firehose clients left
2026-03-26 20:00:47-0500 logd[81]: libtrace_kic=0
2026-03-26 20:00:47-0500 logd[81]: _read_kernel_uuid calling _logd_uuiddb_harvest_kernel for AAF3C70C-3331-335A-96FB-D338CFE178F0
2026-03-26 20:00:47-0500 logd[81]: _logd_read_kernel_info calling _logd_uuiddb_harvest_kernel for AAF3C70C-3331-335A-96FB-D338CFE178F0
2026-03-27 08:47:54-0500 logd[81]: No userlevel firehose clients left
2026-03-27 10:21:30-0500 logd[81]: libtrace_kic=0
2026-03-27 10:21:30-0500 logd[81]: _read_kernel_uuid calling _logd_uuiddb_harvest_kernel for AAF3C70C-3331-335A-96FB-D338CFE178F0
2026-03-27 10:21:30-0500 logd[81]: _logd_read_kernel_info calling _logd_uuiddb_harvest_kernel for AAF3C70C-3331-335A-96FB-D338CFE178F0
2026-03-27 16:45:10-0500 logd[81]: Unable to get path for 3761
2026-03-27 16:45:10-0500 logd[81]: No userlevel firehose clients left
2026-03-27 19:28:22-0500 logd[81]: libtrace_kic=0
2026-03-27 19:28:22-0500 logd[81]: _read_kernel_uuid calling _logd_uuiddb_harvest_kernel for AAF3C70C-3331-335A-96FB-D338CFE178F0
2026-03-27 19:28:22-0500 logd[81]: _logd_read_kernel_info calling _logd_uuiddb_harvest_kernel for AAF3C70C-3331-335A-96FB-D338CFE178F0
2026-03-28 09:31:50-0500 logd[81]: Unable to get path for 4005
2026-03-28 09:31:50-0500 logd[81]: No userlevel firehose clients left
2026-03-30 16:03:40-0500 logd[81]: libtrace_kic=0
2026-03-30 16:03:40-0500 logd[81]: _read_kernel_uuid calling _logd_uuiddb_harvest_kernel for AAF3C70C-3331-335A-96FB-D338CFE178F0
2026-03-30 16:03:40-0500 logd[81]: _logd_read_kernel_info calling _logd_uuiddb_harvest_kernel for AAF3C70C-3331-335A-96FB-D338CFE178F0
2026-03-30 17:40:21-0500 logd[81]: Unable to get path for 281
2026-03-30 17:40:21-0500 logd[81]: Unable to get path for 458
2026-03-30 17:40:21-0500 logd[81]: Unable to get path for 194
2026-03-30 17:40:21-0500 logd[81]: No userlevel firehose clients left
2026-03-31 14:51:41-0500 logd[81]: libtrace_kic=0
2026-03-31 14:51:41-0500 logd[81]: _read_kernel_uuid calling _logd_uuiddb_harvest_kernel for AAF3C70C-3331-335A-96FB-D338CFE178F0
2026-03-31 14:51:41-0500 logd[81]: _logd_read_kernel_info calling _logd_uuiddb_harvest_kernel for AAF3C70C-3331-335A-96FB-D338CFE178F0
2026-03-31 15:19:36-0500 logd[81]: Unable to get path for 457
2026-03-31 15:19:36-0500 logd[81]: Unable to get path for 457
2026-03-31 15:19:36-0500 logd[81]: Unable to get path for 457
2026-03-31 15:19:36-0500 logd[81]: Unable to get path for 457
2026-03-31 15:19:36-0500 logd[81]: Unable to get path for 457
2026-03-31 15:19:36-0500 logd[81]: Unable to get path for 149
2026-03-31 15:19:37-0500 logd[81]: No userlevel firehose clients left
2026-04-01 14:00:38-0500 logd[81]: libtrace_kic=0
2026-04-01 14:00:38-0500 logd[81]: _read_kernel_uuid calling _logd_uuiddb_harvest_kernel for AAF3C70C-3331-335A-96FB-D338CFE178F0
2026-04-01 14:00:38-0500 logd[81]: _logd_read_kernel_info calling _logd_uuiddb_harvest_kernel for AAF3C70C-3331-335A-96FB-D338CFE178F0
2026-04-01 15:15:59-0500 logd[81]: Unable to get path for 150
2026-04-01 15:15:59-0500 logd[81]: Unable to get path for 283
2026-04-01 15:15:59-0500 logd[81]: Unable to get path for 459
2026-04-01 15:15:59-0500 logd[81]: No userlevel firehose clients left
2026-04-02 13:21:07-0500 logd[81]: libtrace_kic=0
2026-04-02 13:21:07-0500 logd[81]: _read_kernel_uuid calling _logd_uuiddb_harvest_kernel for AAF3C70C-3331-335A-96FB-D338CFE178F0
2026-04-02 13:21:07-0500 logd[81]: _logd_read_kernel_info calling _logd_uuiddb_harvest_kernel for AAF3C70C-3331-335A-96FB-D338CFE178F0
2026-04-02 15:01:56-0500 logd[81]: Unable to get path for 275
2026-04-02 15:01:56-0500 logd[81]: Error connecting to logd_helper: Connection invalid
2026-04-02 15:01:56-0500 logd[81]: Error connecting to logd_helper: Connection invalid
2026-04-02 15:01:56-0500 logd[81]: Unable to get path for 190
2026-04-02 15:01:56-0500 logd[81]: Unable to get path for 149
2026-04-02 15:01:56-0500 logd[81]: No userlevel firehose clients left
2026-04-03 09:33:41-0500 logd[81]: libtrace_kic=0
2026-04-03 09:33:41-0500 logd[81]: _read_kernel_uuid calling _logd_uuiddb_harvest_kernel for AAF3C70C-3331-335A-96FB-D338CFE178F0
2026-04-03 09:33:41-0500 logd[81]: _logd_read_kernel_info calling _logd_uuiddb_harvest_kernel for AAF3C70C-3331-335A-96FB-D338CFE178F0
2026-04-03 16:58:20-0500 logd[81]: No userlevel firehose clients left
2026-04-03 18:29:50-0500 logd[81]: libtrace_kic=0
2026-04-03 18:29:50-0500 logd[81]: _read_kernel_uuid calling _logd_uuiddb_harvest_kernel for AAF3C70C-3331-335A-96FB-D338CFE178F0
2026-04-03 18:29:50-0500 logd[81]: _logd_read_kernel_info calling _logd_uuiddb_harvest_kernel for AAF3C70C-3331-335A-96FB-D338CFE178F0
2026-04-09 10:16:31-0500 logd[81]: Unable to get path for 149
2026-04-09 10:16:31-0500 logd[81]: Unable to get path for 444
2026-04-09 10:16:31-0500 logd[81]: Unable to get path for 444
2026-04-09 10:16:31-0500 logd[81]: Unable to get path for 444
2026-04-09 10:16:31-0500 logd[81]: Unable to get path for 444
2026-04-09 10:16:31-0500 logd[81]: Unable to get path for 444
2026-04-09 10:16:31-0500 logd[81]: Unable to get path for 444
2026-04-09 10:16:31-0500 logd[81]: Unable to get path for 444
2026-04-09 10:16:31-0500 logd[81]: Unable to get path for 444
2026-04-09 10:16:31-0500 logd[81]: Unable to get path for 195
2026-04-09 10:16:31-0500 logd[81]: No userlevel firehose clients left
2026-04-10 13:48:41-0500 logd[81]: libtrace_kic=0
2026-04-10 13:48:41-0500 logd[81]: _read_kernel_uuid calling _logd_uuiddb_harvest_kernel for AAF3C70C-3331-335A-96FB-D338CFE178F0
2026-04-10 13:48:41-0500 logd[81]: _logd_read_kernel_info calling _logd_uuiddb_harvest_kernel for AAF3C70C-3331-335A-96FB-D338CFE178F0
2026-04-10 16:20:26-0500 logd[81]: Unable to get path for 463
2026-04-10 16:20:26-0500 logd[81]: Unable to get path for 463
2026-04-10 16:20:26-0500 logd[81]: Unable to get path for 463
2026-04-10 16:20:26-0500 logd[81]: Unable to get path for 463
2026-04-10 16:20:26-0500 logd[81]: Error connecting to logd_helper: Connection invalid
2026-04-10 16:20:26-0500 logd[81]: Unable to get path for 463
2026-04-10 16:20:26-0500 logd[81]: Unable to get path for 463
2026-04-10 16:20:26-0500 logd[81]: Unable to get path for 463
2026-04-10 16:20:26-0500 logd[81]: Unable to get path for 463
2026-04-10 16:20:26-0500 logd[81]: Unable to get path for 149
2026-04-10 16:20:27-0500 logd[81]: No userlevel firehose clients left
2026-04-11 14:08:55-0500 logd[81]: libtrace_kic=0
2026-04-11 14:08:55-0500 logd[81]: _read_kernel_uuid calling _logd_uuiddb_harvest_kernel for AAF3C70C-3331-335A-96FB-D338CFE178F0
2026-04-11 14:08:55-0500 logd[81]: _logd_read_kernel_info calling _logd_uuiddb_harvest_kernel for AAF3C70C-3331-335A-96FB-D338CFE178F0
2026-04-11 16:25:01-0500 logd[81]: Unable to get path for 280
2026-04-11 16:25:01-0500 logd[81]: No userlevel firehose clients left
2026-04-13 13:28:50-0500 logd[81]: libtrace_kic=0
2026-04-13 13:28:50-0500 logd[81]: _read_kernel_uuid calling _logd_uuiddb_harvest_kernel for AAF3C70C-3331-335A-96FB-D338CFE178F0
2026-04-13 13:28:50-0500 logd[81]: _logd_read_kernel_info calling _logd_uuiddb_harvest_kernel for AAF3C70C-3331-335A-96FB-D338CFE178F0
2026-04-13 17:17:52-0500 logd[81]: Unable to get path for 446
2026-04-13 17:17:53-0500 logd[81]: No userlevel firehose clients left
2026-04-14 14:56:33-0500 logd[81]: libtrace_kic=0
2026-04-14 14:56:33-0500 logd[81]: _read_kernel_uuid calling _logd_uuiddb_harvest_kernel for AAF3C70C-3331-335A-96FB-D338CFE178F0
2026-04-14 14:56:33-0500 logd[81]: _logd_read_kernel_info calling _logd_uuiddb_harvest_kernel for AAF3C70C-3331-335A-96FB-D338CFE178F0
2026-04-14 17:41:54-0500 logd[81]: Unable to get path for 149
2026-04-14 17:41:54-0500 logd[81]: No userlevel firehose clients left
2026-04-15 09:57:07-0500 logd[81]: libtrace_kic=0
2026-04-15 09:57:07-0500 logd[81]: _read_kernel_uuid calling _logd_uuiddb_harvest_kernel for AAF3C70C-3331-335A-96FB-D338CFE178F0
2026-04-15 09:57:07-0500 logd[81]: _logd_read_kernel_info calling _logd_uuiddb_harvest_kernel for AAF3C70C-3331-335A-96FB-D338CFE178F0
2026-04-15 09:59:17-0500 logd[81]: Unable to get path for 353
2026-04-15 09:59:17-0500 logd[81]: No userlevel firehose clients left
2026-04-16 15:07:34-0500 logd[81]: libtrace_kic=0
2026-04-16 15:07:34-0500 logd[81]: _read_kernel_uuid calling _logd_uuiddb_harvest_kernel for AAF3C70C-3331-335A-96FB-D338CFE178F0
2026-04-16 15:07:34-0500 logd[81]: _logd_read_kernel_info calling _logd_uuiddb_harvest_kernel for AAF3C70C-3331-335A-96FB-D338CFE178F0
2026-04-16 17:33:05-0500 logd[81]: Unable to get path for 245
2026-04-16 17:33:05-0500 logd[81]: Unable to get path for 455
2026-04-16 17:33:05-0500 logd[81]: Unable to get path for 455
2026-04-16 17:33:05-0500 logd[81]: Unable to get path for 455
2026-04-16 17:33:05-0500 logd[81]: Unable to get path for 455
2026-04-16 17:33:05-0500 logd[81]: Unable to get path for 455
2026-04-16 17:33:05-0500 logd[81]: Unable to get path for 455
2026-04-16 17:33:05-0500 logd[81]: Unable to get path for 455
2026-04-16 17:33:05-0500 logd[81]: Unable to get path for 455
2026-04-16 17:33:05-0500 logd[81]: Error connecting to logd_helper: Connection invalid
2026-04-16 17:33:05-0500 logd[81]: No userlevel firehose clients left
2026-04-17 11:44:17-0500 logd[81]: libtrace_kic=0
2026-04-17 11:44:17-0500 logd[81]: _read_kernel_uuid calling _logd_uuiddb_harvest_kernel for AAF3C70C-3331-335A-96FB-D338CFE178F0
2026-04-17 11:44:17-0500 logd[81]: _logd_read_kernel_info calling _logd_uuiddb_harvest_kernel for AAF3C70C-3331-335A-96FB-D338CFE178F0
2026-04-17 14:14:49-0500 logd[81]: No userlevel firehose clients left
2026-04-19 12:00:36-0500 logd[81]: libtrace_kic=0
2026-04-19 12:00:36-0500 logd[81]: _read_kernel_uuid calling _logd_uuiddb_harvest_kernel for AAF3C70C-3331-335A-96FB-D338CFE178F0
2026-04-19 12:00:36-0500 logd[81]: _logd_read_kernel_info calling _logd_uuiddb_harvest_kernel for AAF3C70C-3331-335A-96FB-D338CFE178F0
2026-04-19 12:05:58-0500 logd[81]: Unable to get path for 458
2026-04-19 12:05:58-0500 logd[81]: Unable to get path for 367
2026-04-19 12:05:58-0500 logd[81]: Unable to get path for 399
2026-04-19 12:05:58-0500 logd[81]: Unable to get path for 522
2026-04-19 12:05:58-0500 logd[81]: Unable to get path for 183
2026-04-19 12:05:58-0500 logd[81]: Unable to get path for 183
2026-04-19 12:05:58-0500 logd[81]: Unable to get path for 183
2026-04-19 12:05:58-0500 logd[81]: Unable to get path for 152
2026-04-19 12:05:59-0500 logd[81]: No userlevel firehose clients left
2026-04-19 15:18:16-0500 logd[81]: libtrace_kic=0
2026-04-19 15:18:16-0500 logd[81]: _read_kernel_uuid calling _logd_uuiddb_harvest_kernel for AAF3C70C-3331-335A-96FB-D338CFE178F0
2026-04-19 15:18:16-0500 logd[81]: _logd_read_kernel_info calling _logd_uuiddb_harvest_kernel for AAF3C70C-3331-335A-96FB-D338CFE178F0
2026-04-19 15:21:21-0500 logd[81]: Unable to get path for 204
2026-04-19 15:21:21-0500 logd[81]: Unable to get path for 458
2026-04-19 15:21:21-0500 logd[81]: Unable to get path for 584
2026-04-19 15:21:21-0500 logd[81]: Unable to get path for 298
2026-04-19 15:21:21-0500 logd[81]: Unable to get path for 390
2026-04-19 15:21:21-0500 logd[81]: Unable to get path for 584
2026-04-19 15:21:21-0500 logd[81]: No userlevel firehose clients left
2026-04-23 11:07:18-0500 logd[81]: libtrace_kic=0
2026-04-23 11:07:18-0500 logd[81]: _read_kernel_uuid calling _logd_uuiddb_harvest_kernel for AAF3C70C-3331-335A-96FB-D338CFE178F0
2026-04-23 11:07:18-0500 logd[81]: _logd_read_kernel_info calling _logd_uuiddb_harvest_kernel for AAF3C70C-3331-335A-96FB-D338CFE178F0
2026-04-23 11:44:19-0500 logd[81]: Unable to get path for 245
2026-04-23 11:44:19-0500 logd[81]: Error connecting to logd_helper: Connection invalid
2026-04-23 11:44:19-0500 logd[81]: Error connecting to logd_helper: Connection invalid
2026-04-23 11:44:19-0500 logd[81]: Unable to get path for 441
2026-04-23 11:44:19-0500 logd[81]: No userlevel firehose clients left
2026-04-24 07:45:27-0500 logd[81]: libtrace_kic=0
2026-04-24 07:45:27-0500 logd[81]: _read_kernel_uuid calling _logd_uuiddb_harvest_kernel for AAF3C70C-3331-335A-96FB-D338CFE178F0
2026-04-24 07:45:27-0500 logd[81]: _logd_read_kernel_info calling _logd_uuiddb_harvest_kernel for AAF3C70C-3331-335A-96FB-D338CFE178F0
2026-04-24 07:47:49-0500 logd[81]: Unable to get path for 395
2026-04-24 07:47:49-0500 logd[81]: Unable to get path for 601
2026-04-24 07:47:49-0500 logd[81]: Unable to get path for 599
2026-04-24 07:47:49-0500 logd[81]: Unable to get path for 267
2026-04-24 07:47:49-0500 logd[81]: Unable to get path for 355
2026-04-24 07:47:49-0500 logd[81]: Unable to get path for 203
2026-04-24 07:47:49-0500 logd[81]: No userlevel firehose clients left
2026-04-24 12:56:32-0500 logd[81]: libtrace_kic=0
2026-04-24 12:56:32-0500 logd[81]: _read_kernel_uuid calling _logd_uuiddb_harvest_kernel for AAF3C70C-3331-335A-96FB-D338CFE178F0
2026-04-24 12:56:32-0500 logd[81]: _logd_read_kernel_info calling _logd_uuiddb_harvest_kernel for AAF3C70C-3331-335A-96FB-D338CFE178F0
2026-04-24 13:48:37-0500 logd[81]: Error connecting to logd_helper: Connection invalid
2026-04-24 13:48:37-0500 logd[81]: Unable to get path for 255
2026-04-24 13:48:37-0500 logd[81]: Unable to get path for 456
2026-04-24 13:48:37-0500 logd[81]: Unable to get path for 638
2026-04-24 13:48:37-0500 logd[81]: No userlevel firehose clients left
2026-04-24 14:14:17-0500 logd[81]: libtrace_kic=0
2026-04-24 14:14:17-0500 logd[81]: _read_kernel_uuid calling _logd_uuiddb_harvest_kernel for AAF3C70C-3331-335A-96FB-D338CFE178F0
2026-04-24 14:14:17-0500 logd[81]: _logd_read_kernel_info calling _logd_uuiddb_harvest_kernel for AAF3C70C-3331-335A-96FB-D338CFE178F0
2026-04-24 14:20:41-0500 logd[81]: Unable to get path for 390
2026-04-24 14:20:41-0500 logd[81]: Unable to get path for 698
2026-04-24 14:20:41-0500 logd[81]: Unable to get path for 444
2026-04-24 14:20:41-0500 logd[81]: Unable to get path for 444
2026-04-24 14:20:41-0500 logd[81]: Unable to get path for 154
2026-04-24 14:20:41-0500 logd[81]: Unable to get path for 444
2026-04-24 14:20:41-0500 logd[81]: Unable to get path for 444
2026-04-24 14:20:41-0500 logd[81]: Unable to get path for 444
2026-04-24 14:20:41-0500 logd[81]: Unable to get path for 444
2026-04-24 14:20:41-0500 logd[81]: Unable to get path for 444
2026-04-24 14:20:41-0500 logd[81]: Unable to get path for 297
2026-04-24 14:20:41-0500 logd[81]: Unable to get path for 184
2026-04-24 14:20:42-0500 logd[81]: No userlevel firehose clients left
2026-04-24 16:09:24-0500 logd[81]: libtrace_kic=0
2026-04-24 16:09:24-0500 logd[81]: _read_kernel_uuid calling _logd_uuiddb_harvest_kernel for AAF3C70C-3331-335A-96FB-D338CFE178F0
2026-04-24 16:09:24-0500 logd[81]: _logd_read_kernel_info calling _logd_uuiddb_harvest_kernel for AAF3C70C-3331-335A-96FB-D338CFE178F0
2026-04-24 16:14:07-0500 logd[81]: Unable to get path for 458
2026-04-24 16:14:07-0500 logd[81]: Unable to get path for 458
2026-04-24 16:14:07-0500 logd[81]: Unable to get path for 458
2026-04-24 16:14:07-0500 logd[81]: Unable to get path for 458
2026-04-24 16:14:07-0500 logd[81]: Unable to get path for 458
2026-04-24 16:14:07-0500 logd[81]: Unable to get path for 458
2026-04-24 16:14:07-0500 logd[81]: No userlevel firehose clients left
2026-04-25 00:10:19-0500 logd[81]: libtrace_kic=0
2026-04-25 00:10:19-0500 logd[81]: _read_kernel_uuid calling _logd_uuiddb_harvest_kernel for AAF3C70C-3331-335A-96FB-D338CFE178F0
2026-04-25 00:10:19-0500 logd[81]: _logd_read_kernel_info calling _logd_uuiddb_harvest_kernel for AAF3C70C-3331-335A-96FB-D338CFE178F0
2026-04-25 01:08:45-0500 logd[81]: Unable to get path for 305
2026-04-25 01:08:45-0500 logd[81]: Error connecting to logd_helper: Connection invalid
2026-04-25 01:08:45-0500 logd[81]: No userlevel firehose clients left
2026-04-25 01:08:56-0500 logd[81]: libtrace_kic=0
2026-04-25 01:08:56-0500 logd[81]: _read_kernel_uuid calling _logd_uuiddb_harvest_kernel for AAF3C70C-3331-335A-96FB-D338CFE178F0
2026-04-25 01:08:56-0500 logd[81]: _logd_read_kernel_info calling _logd_uuiddb_harvest_kernel for AAF3C70C-3331-335A-96FB-D338CFE178F0
2026-04-26 11:08:44-0500 logd[81]: Unable to get path for 300
2026-04-26 11:08:45-0500 logd[81]: No userlevel firehose clients left
2026-04-29 07:08:23-0500 logd[81]: libtrace_kic=0
2026-04-29 07:08:23-0500 logd[81]: _read_kernel_uuid calling _logd_uuiddb_harvest_kernel for AAF3C70C-3331-335A-96FB-D338CFE178F0
2026-04-29 07:08:23-0500 logd[81]: _logd_read_kernel_info calling _logd_uuiddb_harvest_kernel for AAF3C70C-3331-335A-96FB-D338CFE178F0
2026-04-29 13:41:07-0500 logd[81]: flush for power button
2026-04-29 16:47:42-0500 logd[81]: No userlevel firehose clients left
2026-04-29 17:44:03-0500 logd[81]: libtrace_kic=0
2026-04-29 17:44:03-0500 logd[81]: _read_kernel_uuid calling _logd_uuiddb_harvest_kernel for AAF3C70C-3331-335A-96FB-D338CFE178F0
2026-04-29 17:44:03-0500 logd[81]: _logd_read_kernel_info calling _logd_uuiddb_harvest_kernel for AAF3C70C-3331-335A-96FB-D338CFE178F0
2026-04-29 19:01:44-0500 logd[81]: Unable to get path for 299
2026-04-29 19:01:44-0500 logd[81]: Unable to get path for 446
2026-04-29 19:01:44-0500 logd[81]: Unable to get path for 399
2026-04-29 19:01:44-0500 logd[81]: Unable to get path for 169
2026-04-29 19:01:44-0500 logd[81]: No userlevel firehose clients left
2026-04-29 19:11:22-0500 logd[81]: libtrace_kic=0
2026-04-29 19:11:22-0500 logd[81]: _read_kernel_uuid calling _logd_uuiddb_harvest_kernel for AAF3C70C-3331-335A-96FB-D338CFE178F0
2026-04-29 19:11:22-0500 logd[81]: _logd_read_kernel_info calling _logd_uuiddb_harvest_kernel for AAF3C70C-3331-335A-96FB-D338CFE178F0
2026-04-29 19:47:30-0500 logd[81]: Unable to get path for 244
2026-04-29 19:47:30-0500 logd[81]: Unable to get path for 441
2026-04-29 19:47:30-0500 logd[81]: Unable to get path for 373
2026-04-29 19:47:31-0500 logd[81]: No userlevel firehose clients left
2026-04-29 22:40:09-0500 logd[81]: libtrace_kic=0
2026-04-29 22:40:09-0500 logd[81]: _read_kernel_uuid calling _logd_uuiddb_harvest_kernel for AAF3C70C-3331-335A-96FB-D338CFE178F0
2026-04-29 22:40:09-0500 logd[81]: _logd_read_kernel_info calling _logd_uuiddb_harvest_kernel for AAF3C70C-3331-335A-96FB-D338CFE178F0
2026-04-30 09:25:22-0500 logd[81]: flush for power button
2026-04-30 10:52:01-0500 logd[81]: Error connecting to logd_helper: Connection invalid
2026-04-30 10:52:02-0500 logd[81]: No userlevel firehose clients left
2026-04-30 22:11:57-0500 logd[83]: libtrace_kic=0
2026-04-30 22:11:57-0500 logd[83]: _read_kernel_uuid calling _logd_uuiddb_harvest_kernel for AAF3C70C-3331-335A-96FB-D338CFE178F0
2026-04-30 22:11:57-0500 logd[83]: _logd_read_kernel_info calling _logd_uuiddb_harvest_kernel for AAF3C70C-3331-335A-96FB-D338CFE178F0
2026-05-01 08:48:57-0500 logd[83]: Unable to get path for 152
2026-05-01 08:48:57-0500 logd[83]: Unable to get path for 273
2026-05-01 08:48:57-0500 logd[83]: Unable to get path for 444
2026-05-01 08:48:57-0500 logd[83]: Unable to get path for 444
2026-05-01 08:48:57-0500 logd[83]: Unable to get path for 444
2026-05-01 08:48:57-0500 logd[83]: Unable to get path for 400
2026-05-01 08:48:57-0500 logd[83]: Unable to get path for 444
2026-05-01 08:48:57-0500 logd[83]: Unable to get path for 444
2026-05-01 08:48:57-0500 logd[83]: Unable to get path for 444
2026-05-01 08:48:57-0500 logd[83]: Unable to get path for 444
2026-05-01 08:48:57-0500 logd[83]: Unable to get path for 444
2026-05-01 08:48:57-0500 logd[83]: Unable to get path for 151
2026-05-01 08:48:57-0500 logd[83]: No userlevel firehose clients left
2026-05-05 14:11:48-0500 logd[83]: libtrace_kic=0
2026-05-05 14:11:48-0500 logd[83]: _read_kernel_uuid calling _logd_uuiddb_harvest_kernel for AAF3C70C-3331-335A-96FB-D338CFE178F0
2026-05-05 14:11:48-0500 logd[83]: _logd_read_kernel_info calling _logd_uuiddb_harvest_kernel for AAF3C70C-3331-335A-96FB-D338CFE178F0
2026-05-05 15:23:33-0500 logd[83]: No userlevel firehose clients left
2026-05-06 07:10:03-0500 logd[83]: libtrace_kic=0
2026-05-06 07:10:03-0500 logd[83]: _read_kernel_uuid calling _logd_uuiddb_harvest_kernel for AAF3C70C-3331-335A-96FB-D338CFE178F0
2026-05-06 07:10:03-0500 logd[83]: _logd_read_kernel_info calling _logd_uuiddb_harvest_kernel for AAF3C70C-3331-335A-96FB-D338CFE178F0
2026-05-06 07:58:28-0500 logd[83]: No userlevel firehose clients left
2026-05-06 08:34:14-0500 logd[83]: libtrace_kic=0
2026-05-06 08:34:14-0500 logd[83]: _read_kernel_uuid calling _logd_uuiddb_harvest_kernel for AAF3C70C-3331-335A-96FB-D338CFE178F0
2026-05-06 08:34:14-0500 logd[83]: _logd_read_kernel_info calling _logd_uuiddb_harvest_kernel for AAF3C70C-3331-335A-96FB-D338CFE178F0
2026-05-07 11:59:07-0500 logd[83]: No userlevel firehose clients left
2026-05-08 11:53:36-0500 logd[83]: libtrace_kic=0
2026-05-08 11:53:36-0500 logd[83]: _read_kernel_uuid calling _logd_uuiddb_harvest_kernel for AAF3C70C-3331-335A-96FB-D338CFE178F0
2026-05-08 11:53:36-0500 logd[83]: _logd_read_kernel_info calling _logd_uuiddb_harvest_kernel for AAF3C70C-3331-335A-96FB-D338CFE178F0
2026-05-08 12:33:49-0500 logd[83]: Error connecting to logd_helper: Connection invalid
2026-05-08 12:33:50-0500 logd[83]: Unable to get path for 151
2026-05-08 12:33:50-0500 logd[83]: No userlevel firehose clients left
2026-05-15 09:39:44-0500 logd[83]: libtrace_kic=0
2026-05-15 09:39:44-0500 logd[83]: _read_kernel_uuid calling _logd_uuiddb_harvest_kernel for AAF3C70C-3331-335A-96FB-D338CFE178F0
2026-05-15 09:39:44-0500 logd[83]: _logd_read_kernel_info calling _logd_uuiddb_harvest_kernel for AAF3C70C-3331-335A-96FB-D338CFE178F0
2026-05-15 15:28:46-0500 logd[83]: Unable to get path for 485
2026-05-15 15:28:46-0500 logd[83]: No userlevel firehose clients left
2026-05-16 11:52:27-0500 logd[83]: libtrace_kic=0
2026-05-16 11:52:27-0500 logd[83]: _read_kernel_uuid calling _logd_uuiddb_harvest_kernel for AAF3C70C-3331-335A-96FB-D338CFE178F0
2026-05-16 11:52:27-0500 logd[83]: _logd_read_kernel_info calling _logd_uuiddb_harvest_kernel for AAF3C70C-3331-335A-96FB-D338CFE178F0
2026-05-16 12:04:30-0500 logd[83]: Unable to get path for 203
2026-05-16 12:04:30-0500 logd[83]: Unable to get path for 454
2026-05-16 12:04:30-0500 logd[83]: Unable to get path for 276
2026-05-16 12:04:30-0500 logd[83]: Unable to get path for 157
2026-05-16 12:04:30-0500 logd[83]: Unable to get path for 151
2026-05-16 12:04:31-0500 logd[83]: No userlevel firehose clients left
2026-05-18 13:29:47-0500 logd[83]: libtrace_kic=0
2026-05-18 13:29:47-0500 logd[83]: _read_kernel_uuid calling _logd_uuiddb_harvest_kernel for AAF3C70C-3331-335A-96FB-D338CFE178F0
2026-05-18 13:29:47-0500 logd[83]: _logd_read_kernel_info calling _logd_uuiddb_harvest_kernel for AAF3C70C-3331-335A-96FB-D338CFE178F0
2026-05-18 14:44:32-0500 logd[83]: No userlevel firehose clients left
2026-05-19 20:30:09-0500 logd[83]: libtrace_kic=0
2026-05-19 20:30:09-0500 logd[83]: _read_kernel_uuid calling _logd_uuiddb_harvest_kernel for AAF3C70C-3331-335A-96FB-D338CFE178F0
2026-05-19 20:30:09-0500 logd[83]: _logd_read_kernel_info calling _logd_uuiddb_harvest_kernel for AAF3C70C-3331-335A-96FB-D338CFE178F0
2026-05-19 21:37:35-0500 logd[83]: Unable to get path for 151
2026-05-19 21:37:36-0500 logd[83]: No userlevel firehose clients left
2026-05-22 11:53:39-0500 logd[83]: libtrace_kic=0
2026-05-22 11:53:39-0500 logd[83]: _read_kernel_uuid calling _logd_uuiddb_harvest_kernel for AAF3C70C-3331-335A-96FB-D338CFE178F0
2026-05-22 11:53:39-0500 logd[83]: _logd_read_kernel_info calling _logd_uuiddb_harvest_kernel for AAF3C70C-3331-335A-96FB-D338CFE178F0
2026-05-22 12:31:48-0500 logd[83]: Unable to get path for 285
2026-05-22 12:31:48-0500 logd[83]: No userlevel firehose clients left
2026-05-23 01:52:19-0500 logd[83]: libtrace_kic=0
2026-05-23 01:52:19-0500 logd[83]: _read_kernel_uuid calling _logd_uuiddb_harvest_kernel for AAF3C70C-3331-335A-96FB-D338CFE178F0
2026-05-23 01:52:19-0500 logd[83]: _logd_read_kernel_info calling _logd_uuiddb_harvest_kernel for AAF3C70C-3331-335A-96FB-D338CFE178F0
2026-05-23 10:18:12-0500 logd[83]: libtrace_kic=0
2026-05-23 10:18:12-0500 logd[83]: _read_kernel_uuid calling _logd_uuiddb_harvest_kernel for AAF3C70C-3331-335A-96FB-D338CFE178F0
2026-05-23 10:18:12-0500 logd[83]: _logd_read_kernel_info calling _logd_uuiddb_harvest_kernel for AAF3C70C-3331-335A-96FB-D338CFE178F0
2026-05-23 11:38:08-0500 logd[83]: flush for power button
2026-05-24 19:32:42-0500 logd[83]: flush for power button
2026-05-24 19:32:42-0500 logd[83]: flush for power button
2026-05-24 22:50:20-0500 logd[83]: assertion failed: 21H1320: logd + 67194 [6A33E488-FDBD-3AB0-9E12-BFA585F04A89]: 0x1c
2026-05-24 22:50:21-0500 logd[83]: assertion failed: 21H1320: logd + 67194 [6A33E488-FDBD-3AB0-9E12-BFA585F04A89]: 0x1c
2026-05-24 22:50:23-0500 logd[83]: assertion failed: 21H1320: logd + 67688 [6A33E488-FDBD-3AB0-9E12-BFA585F04A89]: 0x1c
2026-05-24 22:50:28-0500 logd[83]: assertion failed: 21H1320: logd + 67194 [6A33E488-FDBD-3AB0-9E12-BFA585F04A89]: 0x1c
2026-05-24 22:50:29-0500 logd[83]: assertion failed: 21H1320: logd + 67194 [6A33E488-FDBD-3AB0-9E12-BFA585F04A89]: 0x1c
2026-05-24 22:50:36-0500 logd[83]: assertion failed: 21H1320: logd + 67688 [6A33E488-FDBD-3AB0-9E12-BFA585F04A89]: 0x1c
2026-05-24 22:50:36-0500 logd[83]: assertion failed: 21H1320: logd + 67194 [6A33E488-FDBD-3AB0-9E12-BFA585F04A89]: 0x1c
2026-05-24 22:50:56-0500 logd[83]: assertion failed: 21H1320: logd + 67194 [6A33E488-FDBD-3AB0-9E12-BFA585F04A89]: 0x1c
2026-05-24 22:51:09-0500 logd[83]: assertion failed: 21H1320: logd + 67194 [6A33E488-FDBD-3AB0-9E12-BFA585F04A89]: 0x1c
2026-05-24 22:51:14-0500 logd[83]: assertion failed: 21H1320: logd + 67194 [6A33E488-FDBD-3AB0-9E12-BFA585F04A89]: 0x1c
2026-05-25 15:39:19-0500 logd[83]: flush for power button
2026-05-26 00:57:13-0500 logd[83]: assertion failed: 21H1320: logd + 67194 [6A33E488-FDBD-3AB0-9E12-BFA585F04A89]: 0x1c
2026-05-26 00:57:15-0500 logd[83]: assertion failed: 21H1320: logd + 67194 [6A33E488-FDBD-3AB0-9E12-BFA585F04A89]: 0x1c
2026-05-26 01:02:35-0500 logd[83]: assertion failed: 21H1320: logd + 67688 [6A33E488-FDBD-3AB0-9E12-BFA585F04A89]: 0x1c
2026-05-26 01:02:54-0500 logd[83]: assertion failed: 21H1320: logd + 67194 [6A33E488-FDBD-3AB0-9E12-BFA585F04A89]: 0x1c
2026-05-26 01:02:56-0500 logd[83]: assertion failed: 21H1320: logd + 67194 [6A33E488-FDBD-3AB0-9E12-BFA585F04A89]: 0x1c
2026-05-26 01:02:59-0500 logd[83]: assertion failed: 21H1320: logd + 67194 [6A33E488-FDBD-3AB0-9E12-BFA585F04A89]: 0x1c
2026-05-26 01:03:10-0500 logd[83]: assertion failed: 21H1320: logd + 67194 [6A33E488-FDBD-3AB0-9E12-BFA585F04A89]: 0x1c
2026-05-26 01:03:11-0500 logd[83]: assertion failed: 21H1320: logd + 67194 [6A33E488-FDBD-3AB0-9E12-BFA585F04A89]: 0x1c
2026-05-26 01:03:26-0500 logd[83]: assertion failed: 21H1320: logd + 67194 [6A33E488-FDBD-3AB0-9E12-BFA585F04A89]: 0x1c
2026-05-26 01:03:26-0500 logd[83]: assertion failed: 21H1320: logd + 67194 [6A33E488-FDBD-3AB0-9E12-BFA585F04A89]: 0x1c
2026-05-26 01:03:36-0500 logd[83]: assertion failed: 21H1320: logd + 67688 [6A33E488-FDBD-3AB0-9E12-BFA585F04A89]: 0x1c
2026-05-26 01:03:37-0500 logd[83]: assertion failed: 21H1320: logd + 67194 [6A33E488-FDBD-3AB0-9E12-BFA585F04A89]: 0x1c
2026-05-26 01:04:18-0500 logd[83]: assertion failed: 21H1320: logd + 67194 [6A33E488-FDBD-3AB0-9E12-BFA585F04A89]: 0x1c
2026-05-26 01:05:13-0500 logd_helper[33700]: assertion failed: 21H1320: logd_helper + 16786 [F3D1A6E6-530B-3557-94AB-3E65E0E9C6D0]: 0x1c
2026-05-26 01:05:37-0500 logd[83]: assertion failed: 21H1320: logd + 67194 [6A33E488-FDBD-3AB0-9E12-BFA585F04A89]: 0x1c
2026-05-26 01:05:39-0500 logd[83]: assertion failed: 21H1320: logd + 67194 [6A33E488-FDBD-3AB0-9E12-BFA585F04A89]: 0x1c
2026-05-26 01:06:18-0500 logd[83]: assertion failed: 21H1320: logd + 67194 [6A33E488-FDBD-3AB0-9E12-BFA585F04A89]: 0x1c
2026-05-26 01:06:41-0500 logd[83]: assertion failed: 21H1320: logd + 67194 [6A33E488-FDBD-3AB0-9E12-BFA585F04A89]: 0x1c
2026-05-26 01:06:48-0500 logd[83]: assertion failed: 21H1320: logd + 67688 [6A33E488-FDBD-3AB0-9E12-BFA585F04A89]: 0x1c
2026-05-26 01:06:55-0500 logd[83]: assertion failed: 21H1320: logd + 67194 [6A33E488-FDBD-3AB0-9E12-BFA585F04A89]: 0x1c
2026-05-26 01:07:10-0500 logd[83]: assertion failed: 21H1320: logd + 67194 [6A33E488-FDBD-3AB0-9E12-BFA585F04A89]: 0x1c
2026-05-26 01:07:21-0500 logd[83]: assertion failed: 21H1320: logd + 67194 [6A33E488-FDBD-3AB0-9E12-BFA585F04A89]: 0x1c
2026-05-26 01:07:30-0500 logd[83]: assertion failed: 21H1320: logd + 67194 [6A33E488-FDBD-3AB0-9E12-BFA585F04A89]: 0x1c
2026-05-26 01:07:35-0500 logd[83]: assertion failed: 21H1320: logd + 67194 [6A33E488-FDBD-3AB0-9E12-BFA585F04A89]: 0x1c
2026-05-26 01:08:00-0500 logd[83]: assertion failed: 21H1320: logd + 67194 [6A33E488-FDBD-3AB0-9E12-BFA585F04A89]: 0x1c
2026-05-26 01:09:49-0500 logd[83]: flush for power button
2026-05-26 01:18:39-0500 logd[83]: assertion failed: 21H1320: logd + 67688 [6A33E488-FDBD-3AB0-9E12-BFA585F04A89]: 0x1c
2026-05-26 01:18:39-0500 logd[83]: assertion failed: 21H1320: logd + 67194 [6A33E488-FDBD-3AB0-9E12-BFA585F04A89]: 0x1c
2026-05-26 01:18:39-0500 logd[83]: assertion failed: 21H1320: logd + 67194 [6A33E488-FDBD-3AB0-9E12-BFA585F04A89]: 0x1c
2026-05-26 01:18:39-0500 logd[83]: assertion failed: 21H1320: logd + 67194 [6A33E488-FDBD-3AB0-9E12-BFA585F04A89]: 0x1c
2026-05-26 01:18:39-0500 logd[83]: assertion failed: 21H1320: logd + 67194 [6A33E488-FDBD-3AB0-9E12-BFA585F04A89]: 0x1c
2026-05-26 01:18:39-0500 logd[83]: assertion failed: 21H1320: logd + 67194 [6A33E488-FDBD-3AB0-9E12-BFA585F04A89]: 0x1c
2026-05-26 01:18:40-0500 logd[83]: assertion failed: 21H1320: logd + 67194 [6A33E488-FDBD-3AB0-9E12-BFA585F04A89]: 0x1c
2026-05-26 01:18:40-0500 logd[83]: assertion failed: 21H1320: logd + 67194 [6A33E488-FDBD-3AB0-9E12-BFA585F04A89]: 0x1c
2026-05-26 01:18:40-0500 logd[83]: assertion failed: 21H1320: logd + 67194 [6A33E488-FDBD-3AB0-9E12-BFA585F04A89]: 0x1c
2026-05-26 01:18:40-0500 logd[83]: assertion failed: 21H1320: logd + 67194 [6A33E488-FDBD-3AB0-9E12-BFA585F04A89]: 0x1c
2026-05-26 01:18:40-0500 logd[83]: assertion failed: 21H1320: logd + 67194 [6A33E488-FDBD-3AB0-9E12-BFA585F04A89]: 0x1c
2026-05-26 01:18:40-0500 logd[83]: assertion failed: 21H1320: logd + 67194 [6A33E488-FDBD-3AB0-9E12-BFA585F04A89]: 0x1c
2026-05-26 01:18:40-0500 logd[83]: assertion failed: 21H1320: logd + 67194 [6A33E488-FDBD-3AB0-9E12-BFA585F04A89]: 0x1c
2026-05-26 01:18:40-0500 logd[83]: assertion failed: 21H1320: logd + 67194 [6A33E488-FDBD-3AB0-9E12-BFA585F04A89]: 0x1c
2026-05-26 01:18:40-0500 logd[83]: assertion failed: 21H1320: logd + 67194 [6A33E488-FDBD-3AB0-9E12-BFA585F04A89]: 0x1c
2026-05-26 01:18:40-0500 logd[83]: assertion failed: 21H1320: logd + 67194 [6A33E488-FDBD-3AB0-9E12-BFA585F04A89]: 0x1c
2026-05-26 01:18:40-0500 logd[83]: assertion failed: 21H1320: logd + 67194 [6A33E488-FDBD-3AB0-9E12-BFA585F04A89]: 0x1c
2026-05-26 01:18:40-0500 logd[83]: assertion failed: 21H1320: logd + 67194 [6A33E488-FDBD-3AB0-9E12-BFA585F04A89]: 0x1c
2026-05-26 01:18:40-0500 logd[83]: assertion failed: 21H1320: logd + 67194 [6A33E488-FDBD-3AB0-9E12-BFA585F04A89]: 0x1c
2026-05-26 01:18:40-0500 logd[83]: assertion failed: 21H1320: logd + 67194 [6A33E488-FDBD-3AB0-9E12-BFA585F04A89]: 0x1c
2026-05-26 01:18:40-0500 logd[83]: assertion failed: 21H1320: logd + 67194 [6A33E488-FDBD-3AB0-9E12-BFA585F04A89]: 0x1c
2026-05-26 01:18:40-0500 logd[83]: assertion failed: 21H1320: logd + 67194 [6A33E488-FDBD-3AB0-9E12-BFA585F04A89]: 0x1c
2026-05-26 01:18:40-0500 logd[83]: assertion failed: 21H1320: logd + 67194 [6A33E488-FDBD-3AB0-9E12-BFA585F04A89]: 0x1c
2026-05-26 01:18:40-0500 logd[83]: assertion failed: 21H1320: logd + 67194 [6A33E488-FDBD-3AB0-9E12-BFA585F04A89]: 0x1c
2026-05-26 01:18:40-0500 logd[83]: assertion failed: 21H1320: logd + 67194 [6A33E488-FDBD-3AB0-9E12-BFA585F04A89]: 0x1c
2026-05-26 01:18:40-0500 logd[83]: assertion failed: 21H1320: logd + 67194 [6A33E488-FDBD-3AB0-9E12-BFA585F04A89]: 0x1c
2026-05-26 01:18:40-0500 logd[83]: assertion failed: 21H1320: logd + 67194 [6A33E488-FDBD-3AB0-9E12-BFA585F04A89]: 0x1c
2026-05-26 01:18:40-0500 logd[83]: assertion failed: 21H1320: logd + 67194 [6A33E488-FDBD-3AB0-9E12-BFA585F04A89]: 0x1c
2026-05-26 01:18:40-0500 logd[83]: assertion failed: 21H1320: logd + 67194 [6A33E488-FDBD-3AB0-9E12-BFA585F04A89]: 0x1c
2026-05-26 01:18:40-0500 logd[83]: assertion failed: 21H1320: logd + 67194 [6A33E488-FDBD-3AB0-9E12-BFA585F04A89]: 0x1c
2026-05-26 01:18:40-0500 logd[83]: assertion failed: 21H1320: logd + 67194 [6A33E488-FDBD-3AB0-9E12-BFA585F04A89]: 0x1c
2026-05-26 01:18:40-0500 logd[83]: assertion failed: 21H1320: logd + 67194 [6A33E488-FDBD-3AB0-9E12-BFA585F04A89]: 0x1c
2026-05-26 01:18:40-0500 logd[83]: assertion failed: 21H1320: logd + 67194 [6A33E488-FDBD-3AB0-9E12-BFA585F04A89]: 0x1c
2026-05-26 01:18:40-0500 logd[83]: assertion failed: 21H1320: logd + 67194 [6A33E488-FDBD-3AB0-9E12-BFA585F04A89]: 0x1c
2026-05-26 01:18:40-0500 logd[83]: assertion failed: 21H1320: logd + 67194 [6A33E488-FDBD-3AB0-9E12-BFA585F04A89]: 0x1c
2026-05-26 01:18:40-0500 logd[83]: assertion failed: 21H1320: logd + 67194 [6A33E488-FDBD-3AB0-9E12-BFA585F04A89]: 0x1c
2026-05-26 01:18:40-0500 logd[83]: assertion failed: 21H1320: logd + 67194 [6A33E488-FDBD-3AB0-9E12-BFA585F04A89]: 0x1c
2026-05-26 01:18:41-0500 logd[83]: assertion failed: 21H1320: logd + 67194 [6A33E488-FDBD-3AB0-9E12-BFA585F04A89]: 0x1c
2026-05-26 01:18:41-0500 logd[83]: assertion failed: 21H1320: logd + 67194 [6A33E488-FDBD-3AB0-9E12-BFA585F04A89]: 0x1c
2026-05-26 01:18:41-0500 logd[83]: assertion failed: 21H1320: logd + 67194 [6A33E488-FDBD-3AB0-9E12-BFA585F04A89]: 0x1c
2026-05-26 01:18:41-0500 logd[83]: assertion failed: 21H1320: logd + 67194 [6A33E488-FDBD-3AB0-9E12-BFA585F04A89]: 0x1c
2026-05-26 01:18:41-0500 logd[83]: assertion failed: 21H1320: logd + 67194 [6A33E488-FDBD-3AB0-9E12-BFA585F04A89]: 0x1c
2026-05-26 01:18:41-0500 logd[83]: assertion failed: 21H1320: logd + 67194 [6A33E488-FDBD-3AB0-9E12-BFA585F04A89]: 0x1c
2026-05-26 01:18:41-0500 logd[83]: assertion failed: 21H1320: logd + 67194 [6A33E488-FDBD-3AB0-9E12-BFA585F04A89]: 0x1c
2026-05-26 01:18:41-0500 logd[83]: assertion failed: 21H1320: logd + 67194 [6A33E488-FDBD-3AB0-9E12-BFA585F04A89]: 0x1c
2026-05-26 01:18:41-0500 logd[83]: assertion failed: 21H1320: logd + 67194 [6A33E488-FDBD-3AB0-9E12-BFA585F04A89]: 0x1c
2026-05-26 01:18:41-0500 logd[83]: assertion failed: 21H1320: logd + 67194 [6A33E488-FDBD-3AB0-9E12-BFA585F04A89]: 0x1c
2026-05-26 01:18:41-0500 logd[83]: assertion failed: 21H1320: logd + 67194 [6A33E488-FDBD-3AB0-9E12-BFA585F04A89]: 0x1c
2026-05-26 01:18:41-0500 logd[83]: assertion failed: 21H1320: logd + 67194 [6A33E488-FDBD-3AB0-9E12-BFA585F04A89]: 0x1c
2026-05-26 01:18:41-0500 logd[83]: assertion failed: 21H1320: logd + 67194 [6A33E488-FDBD-3AB0-9E12-BFA585F04A89]: 0x1c
2026-05-26 01:18:41-0500 logd[83]: assertion failed: 21H1320: logd + 67194 [6A33E488-FDBD-3AB0-9E12-BFA585F04A89]: 0x1c
2026-05-26 01:18:41-0500 logd[83]: assertion failed: 21H1320: logd + 67194 [6A33E488-FDBD-3AB0-9E12-BFA585F04A89]: 0x1c
2026-05-26 01:18:41-0500 logd[83]: assertion failed: 21H1320: logd + 67194 [6A33E488-FDBD-3AB0-9E12-BFA585F04A89]: 0x1c
2026-05-26 01:18:41-0500 logd[83]: assertion failed: 21H1320: logd + 67194 [6A33E488-FDBD-3AB0-9E12-BFA585F04A89]: 0x1c
2026-05-26 01:18:41-0500 logd[83]: assertion failed: 21H1320: logd + 67194 [6A33E488-FDBD-3AB0-9E12-BFA585F04A89]: 0x1c
2026-05-26 01:18:41-0500 logd[83]: assertion failed: 21H1320: logd + 67194 [6A33E488-FDBD-3AB0-9E12-BFA585F04A89]: 0x1c
2026-05-26 01:18:41-0500 logd[83]: assertion failed: 21H1320: logd + 67194 [6A33E488-FDBD-3AB0-9E12-BFA585F04A89]: 0x1c
2026-05-26 01:18:41-0500 logd[83]: assertion failed: 21H1320: logd + 67194 [6A33E488-FDBD-3AB0-9E12-BFA585F04A89]: 0x1c
2026-05-26 01:18:41-0500 logd_helper[34297]: assertion failed: 21H1320: logd_helper + 16786 [F3D1A6E6-530B-3557-94AB-3E65E0E9C6D0]: 0x1c
2026-05-26 01:18:41-0500 logd[83]: assertion failed: 21H1320: logd + 67194 [6A33E488-FDBD-3AB0-9E12-BFA585F04A89]: 0x1c
2026-05-26 01:18:41-0500 logd[83]: assertion failed: 21H1320: logd + 67194 [6A33E488-FDBD-3AB0-9E12-BFA585F04A89]: 0x1c
2026-05-26 01:18:42-0500 logd[83]: assertion failed: 21H1320: logd + 67194 [6A33E488-FDBD-3AB0-9E12-BFA585F04A89]: 0x1c
2026-05-26 01:18:42-0500 logd[83]: assertion failed: 21H1320: logd + 67194 [6A33E488-FDBD-3AB0-9E12-BFA585F04A89]: 0x1c
2026-05-26 01:18:42-0500 logd[83]: assertion failed: 21H1320: logd + 67194 [6A33E488-FDBD-3AB0-9E12-BFA585F04A89]: 0x1c
2026-05-26 01:18:42-0500 logd[83]: assertion failed: 21H1320: logd + 67688 [6A33E488-FDBD-3AB0-9E12-BFA585F04A89]: 0x1c
2026-05-26 01:18:42-0500 logd_helper[34297]: assertion failed: 21H1320: logd_helper + 16786 [F3D1A6E6-530B-3557-94AB-3E65E0E9C6D0]: 0x1c
2026-05-26 01:36:18-0500 logd[83]: flush for power button
2026-05-26 01:36:19-0500 logd[83]: flush for power button
2026-05-26 02:23:13-0500 logd[83]: flush for power button
2026-05-26 03:29:30-0500 logd[83]: assertion failed: 21H1320: logd + 67194 [6A33E488-FDBD-3AB0-9E12-BFA585F04A89]: 0x1c
2026-05-26 03:29:41-0500 logd[83]: assertion failed: 21H1320: logd + 67194 [6A33E488-FDBD-3AB0-9E12-BFA585F04A89]: 0x1c
2026-05-26 03:29:50-0500 logd[83]: assertion failed: 21H1320: logd + 67194 [6A33E488-FDBD-3AB0-9E12-BFA585F04A89]: 0x1c
2026-05-26 03:29:59-0500 logd[83]: assertion failed: 21H1320: logd + 67194 [6A33E488-FDBD-3AB0-9E12-BFA585F04A89]: 0x1c
2026-05-26 09:01:34-0500 logd[83]: flush for power button
2026-05-26 09:16:30-0500 logd[83]: assertion failed: 21H1320: logd + 67688 [6A33E488-FDBD-3AB0-9E12-BFA585F04A89]: 0x1c
2026-05-26 09:17:08-0500 logd[83]: assertion failed: 21H1320: logd + 67194 [6A33E488-FDBD-3AB0-9E12-BFA585F04A89]: 0x1c
