:02000004FF00FB
:204000004252434D6366674400000000CB8902000301F401B4F121000000000000000000F3
:204020004F92080000000000000000000F420B00A191080000000000000000000000000001
:20404000AD91080000000000000000004F420B00B99108000000000000000000000000002C
:2040600000000000000000000000000000000000811E24000000000000000000000000007D
:20408000A31E24000000000000000000000000000000000000000000BD5E0600411C1000AD
:2040A0002730100000000000B71C100000000000E12510009F2B1000A32810009B670600E3
:2040C000AB58060000000000131BEA2A2636DE3EFD45034C3A51D455F159AA5D1161316480
:2040E0001667C8694D6CAC6EE77004730575ED76BE787A7A247CBC7D447FBE802A828883D9
:20410000DB842386618795880301F401A4F22100BF89E18AFB8B0D8D178E1B8F18900F9178
:204120000092EC92D193B2948E95659638970698D0989699589A169BD19B899C3D9DEE9D0A
:204140009C9E479FEF9F94A037A1D7A174A20FA3A8A33EA4D3A465A5F4A582A60EA798A702
:2041600020A8A6A82BA9AEA92FAAAEAA2CABA8AB23AC9CAC14AD8AADFFAD73AEE5AE56AF2F
:20418000C6AF34B0A1B00DB178B1E2B14BB2B3B219B37FB3E3B347B4A9B40BB56BB5CBB54D
:2041A0002AB688B6E5B641B79CB7F7B750B8A9B801B959B9AFB905BA5ABAAFBA02BB55BBA7
:2041C000A8BBF9BB4ABC9BBCEABC39BD88BDD6BD23BE6FBEBCBE07BF52BF9CBFE6BF2FC0A9
:2041E00078C0C0C008C14FC196C1DCC122C267C2ACC2F0C234C377C3BAC3FCC33EC480C45A
:204200000301F40194F32100C1C402C542C582C5C1C501C63FC67EC6BBC6F9C636C773C756
:20422000AFC7EBC727C862C89DC8D8C812C94CC986C9BFC9F8C931CA69CAA1CAD9CA10CB99
:2042400048CB7ECBB5CBEBCB21CC57CC8CCCC1CCF6CC2ACD5ECD92CDC6CDF9CD2DCE60CE12
:2042600092CEC5CEF7CE29CF5ACF8CCFBDCFEECF1ED04FD07FD0AFD0DFD00ED13DD16CD10D
:204280009BD1CAD1F8D126D254D282D2B0D2DDD20AD337D364D391D3BDD3E9D315D441D4DF
:2042A0006CD498D4C3D4EED419D543D56ED598D5C2D5ECD516D63FD669D692D6BBD6E4D6F8
:2042C0000DD735D75ED786D7AED7D6D7FED725D84DD874D8010000070005090D1115191D68
:2042E0000005090D1115191D00000000000000000B0602FEF6F2F0EE0301F40184F42100DE
:204300000702FEFAF6F2EEEA0B0602FEF6F2F0EE0000000000000000000000000000000005
:2043200000000000000000000509A500000000000000000000000000000000002509A500F7
:2043400000000000000000000000000000000000000000000000000000000000000000005D
:2043600000000000000000000000000000000000000000000000000000000000000000003D
:2043800000000000000000000000000000000000000000000000000000000000000000001D
:2043A0000000000000000000000000000000000000000000000000000000000000000000FD
:2043C00000000000000000000000000000000000000000000000000000000000E53D1000AB
:2043E0000D000600053E1000040006001D3E10000301F40174F521000400060021422500CD
:20440000FE0000001D0100000000000000000000000000003F000100000000000000000040
:2044200000000000DB000001000000000000000000000000AF0000000100000000000000F0
:2044400000000000390000000001000000000000000000009102000000000100000000008E
:2044600000000000950000000000000100000000000000001B00000000000000010000008A
:204480000000000009060000000000000001000000000000150200000000000000000100F4
:2044A000000000003B010000000000000000000100000000DD0000000000000000000000E2
:2044C000010000009D0400000000000000000000000100004F0100000000000000000000E9
:2044E00000000100E70000000301F40164F621000000000000000000000000018FB06CBFF5
:204500009B8B92CFD418D2ABA075E200EFEFF6CF58C2187FB359763DF6E301008B8019198A
:204520005A0A03B13A6C6CF6BE010000D96A73D37F4617DE6999B86A0100000047527155D5
:20454000EC50DA91320663010000000011834654C06CAA52932C00000000000073A0F37984
:20456000E2FCFFF7B3000000000000002580ECC75B81ABA100000000000000004DB0D8114E
:2045800080C902000000000000000000BBA4F9248E0500000000000000000000D72460A7BF
:2045A0000C0000000000000000000000B9269C1C000000000000000000000000E3D9260076
:2045C000000000000000000000000000774300000000000000000000000000008900000098
:2045E0000301F40154F7210000000000000000000000000000000000000000000000000056
:20460000000000000000000001020000000000000000000000000000D0D1000000000000F6
:2046200000000000D7980800020000000000000000000000BB1F2400000000000000000003
:2046400000000000EB1E2400020000000000000000000000EB1E240000000000E5410B00CD
:20466000F7410B00D11D240000000000EC092200080100004E4CE802FFFFFFFF0000000045
:204680005A005A000000000000000000000000000000000000000000000000000000000066
:2046A000010000000000000000000000000000000000000000000000516324005163240049
:2046C00000000000000000005F62240000000000000000005F6324000301F40144F82100B9
:2046E00037642400000000005F622400000000007162240000000000376424000000000060
:204700005F62240000000000716224000000000000000000756424005F62240000000000DB
:20472000716224008964240000000000000000005F62240000000000A96624008D64240044
:2047400000000000000000000000000000000100430053000000000066007F0000000000DD
:2047600043005300AA00BB0066007F0002011B01CC00FD00000000003401800100000000BB
:20478000CC00FF0005023702350180010903550300000000000000000000000000000000F3
:2047A0000000000000000000000000000000000000000000000000000000000000000000F9
:2047C000000000000000000000000000000000000301F40134F92100000000000000000092
:2047E0000000000000000000000000000000000000000000000000000000000000000000B9
:204800000000000000000000FFFFFFFFFFFFFFFFFFFFFFFFFFFFFFFFFFFFFFFF00000000AC
:20482000000000000000000000000000000000000000000000000000000000000000000078
:204840000000000040420F0073990D00D81E0C006ACD0A00ADA00900A5940800C3A5070065
:20486000DCD006001B130600FD69050044D30400EE4C040035D50300806A0300660B030020
:20488000A4B60200196B0200C6270200C5EB01004AB60100DFEFBF004000000000010100C6
:2048A00088632000CC28200000000000803E0000000000000000000000000000000000001B
:2048C00000000000000000000301F40124FA210000000000000000000000000000000000A0
:2048E0001700191318141A1501021200580200000400040000000000200000000000000083
:2049000000000000000201030101010101000100FFFFFFFFFFFFFFFFFFFFFFFFFFFFFFFF9B
:20492000FFFFFFFFFFFFFFFFFFFFFFFFFFFFFFFFFFFFFFFFFFFFFFFFFFFFFFFFFFFFFFFF97
:20494000FFFFFFFFFFFFFFFFFFFFFFFFFFFFFFFFFFFFFFFFFFFFFFFFFFFFFFFFFFFFFFFF77
:20496000FFFFFFFFFFFFFFFFFFFFFFFFFFFFFFFFFFFFFFFFFFFFFFFFFFFFFFFFFFFFFFFF57
:20498000FFFFFFFFFFFFFFFFFFFFFFFFFFFFFFFFFFFFFFFFFFFFFFFFFFFFFFFFFFFFFFFF37
:2049A000FFFFFFFFFFFFFFFFFFFFFFFFFFFFFFFFFFFFFFFFFFFFFFFFFFFFFFFFFFFFFFFF17
:2049C0000301F40114FB2100FFFFFFFFFFFFFFFFFFFFFFFFFFFFFFFFFFFFFFFFFFFFFFFFC6
:2049E000FFFFFFFFFFFFFFFFFFFFFFFFFFFFFFFFFFFFFFFFFFFFFFFFFFFFFFFFFFFFFFFFD7
:204A0000FFFFFFFFFFFFFFFF0BFF0000FF00D6FF00000A00ECB50000FF00C00A0005040142
:204A20000001DD00000000000000000000000000000000001E001C000E0000000000000050
:204A4000800902000000000000000000000000000000000000000000E2DFDCD9D6D3D0CE0E
:204A6000CCCAC8C6C4C2C0BEBCBAB8B6B4B29C970000000000000000000000000000000091
:204A8000000000000000000000002101050100010801000000010532001401050001010888
:204AA000000100040000020000000000000000FF00000000000000000301F40104FC2100D6
:204AC0000008080800000000000000000000000000000000180360001C0360002003600041
:204AE00024036000B0036000B4036000B8036000BC0360004A4A4A4A5757575766666666AF
:204B000079797979878787879D9D9D9D414141414D4D4D4D5D5D5D5D707070707B7B7B7BC9
:204B20008C8C8C8C180360001C03600020036000240360004A4A4A4A575757576666666625
:204B400079797979878787879D9D9D9D0000000000000000060102003200005F040C000037
:204B60000C0601000000010000000050010000000000000000000100FF00010500000000CA
:204B8000C0010003600033FF000000000000000100000000000000000000000000000000BE
:204BA000000000000000000000000000000000000301F401F4FC21000000000000000000EB
:204BC0000000000000000000E8C9000061500000B732000049280000E8230000E521000008
:204BE000EF200000772000003B2000001E2000000F20000007200000D8C4A60A04000800C8
:204C000004001400000203000000000034FD2100000000000000000000000000000000FF26
:204C20007818F8983818B898000000000100010001000000000000000405060000000000A2
:204C400000000000000000000000000004070C121800000000000000000000000000000013
:204C60000000000000000000000000000000000000000000000000A54442454441403F3F81
:204C80003F4F4C4F4E4C4B4A4A4A5B595B5B59575555566B696A696A676567677975777589
:204CA00077737375758A88880301F401E4FD21008686848484854B484C4A47464444445A1F
:204CC000565A5855545252536864686664636262637C787C7A78767474768D898B8B898732
:204CE000858587A29FA1A1A19D9B9B9F4442454441403F3F3F4F4C4F4E4C4B4A4A4A5B59DF
:204D00005B5B59575555566B696A696A676567677975777577737375758A888886868484B3
:204D20008485A55252525252525252526060606060606060606F6F6F6F6F6E6E6E6E7B7BAA
:204D40007B7B7B7B7B7B7B8A8A8A8A8A8A8A8A8A90909090909090909057575757575757AB
:204D600057576262606060606060606F6F6F6F6E6E6E6E6E7A7A7A7A7A7A7A7A7A8282826F
:204D80008282828282828D8D8D8D8D8D8D8D8D525252525252525252606060606060606030
:204DA0000301F401D4FE2100606F6F6F6F6F6E6E6E6E7B7B7B7B7B7B7B7B7B8A8A8A8A8ABF
:204DC0008A8A8A8A909090909090909090A556565656545454545466666666656565656569
:204DE0007575757574737373737F7F7F7F7E7E7E7E7E8E8E8E8E8E8E8E8E8E939393939350
:204E0000939393935858585857575757576767676666666666667777777675757575757EF8
:204E20007E7E7D7D7D7D7D7D8D8D8D8D8D8D8D8D8D93939393939393939356565656545468
:204E40005454546666666665656565657575757574737373737F7F7F7F7E7E7E7E7E8E8E23
:204E60008E8E8E8E8E8E8E93939393939393939309000A131D28313A444E000064016000F8
:204E8000680160006C0160007001600074016000780160007C0160000301F401C4FF210043
:204EA00084016000040603051090000000000000010000000000000000000000000000005A
:204EC0000000000000000000000000000000000000000000000000000000000000000000D2
:204EE000000000000000000000000000000000000000000000005F4A3E342D28232034309B
:204F00002D282623211F7F604E4138322D28413C38322F2D2A28A1785F50443D3731504AA6
:204F2000443D3A373331E39D7A64564B433E645C564B4743413EFEB488705F534942706872
:204F40005F534D494542FFFBB18C76665A508C847666605A55502D2A272522201E1C232117
:204F60001F1D1B1918173935312E2B2826242C29272523211F1D49443F3A3734312F3835C9
:204F8000322F2D2B28255F59514C47433F3C48440301F401B4002200403D3A3734316C682F
:204FA0006057504E4845534F4B47433F3C38847E726A615C5752645E5A52504A47435F4A66
:204FC0003E342D28232034302D282623211F7F604E4138322D28413C38322F2D2A28A178AA
:204FE0005F50443D3731504A443D3A373331E39D7A64564B433E645C564B4743413EFEB48D
:2050000088705F53494270685F534D494542FFFBB18C76665A508C847666605A55502D2A55
:20502000272522201E1C23211F1D1B1918173935312E2B2826242C29272523211F1D4944AD
:205040003F3A3734312F3835322F2D2B28255F59514C47433F3C4844403D3A3734316C688C
:205060006057504E4845534F4B47433F3C38847E726A615C5752645E5A52504A47435640B8
:20508000362E2925211F2D2B0301F401A4012200282623221F1E785A4D423A35302D413D8B
:2050A0003A3733312E2CA67D6B5C524B44405B56514D4845413EEFB59B86786E645E857EEB
:2050C00076716A65605BFFC8AC95857A6F69938B837D75716A66FFFFDCBFAB9D8F87BDB345
:2050E000A9A1979189835640362E2925211F2D2B282623221F1E785A4D423A35302D413DD7
:205100003A3733312E2CA67D6B5C524B44405B56514D4845413EEFB59B86786E645E857E8A
:2051200076716A65605BFFC8AC95857A6F69938B837D75716A66FFFFDCBFAB9D8F87BDB3E4
:20514000A9A1979189835640362E2925211F2D2B282623221F1E785A4D423A35302D413D76
:205160003A3733312E2CA67D6B5C524B44405B56514D4845413EEFB59B86786E645E857E2A
:205180000301F4019402220076716A65605BFFC8AC95857A6F69938B837D75716A66FFFF3C
:2051A000DCBFAB9D8F87BDB3A9A1979189835640362E2925211F2D2B282623221F1E785A86
:2051C0004D423A35302D413D3A3733312E2CA67D6B5C524B44405B56514D4845413EEFB5BD
:2051E0009B86786E645E857E76716A65605BFFC8AC95857A6F69938B837D75716A66FFFFC1
:20520000DCBFAB9D8F87BDB3A9A19791898302020202020202020202020202020202020283
:2052200002020202020202020202020202020202020202020202020202020202020202022E
:2052400002020202020202020202020202020000000000000000050505050505050500000A
:205260000000000000000505050505050505000000000000000005050301F401840322005A
:2052800005050505050500000000000000000505050505050505081A2A3A4A7F7F7F7F00FC
:2052A0002F840B00D90525005B840B0079840B00EB0525006D062500CD062500ED860B0018
:2052C000000000000000000000000000000103020400000079020000790200007902000053
:2052E00079020000040000000000000000000000000000000000000000000000000000002F
:205300000000000001404040404040404040400100000000010000000F00000000000000FB
:205320000001000094803100B0000000D80441003184000000000000000000009480310060
:20534000C2000000D8044100588200000000000000000000E5252500BCBCBCBC4343434369
:2053600000000000FC0260000D000000FF0000000301F4017404220000000000BC01600013
:2053800001000000FF0000000000000097790000BCBCBCBC43434343000000000C01600094
:2053A00000000000FF00000000000000177D0000BCBCBCBC434343430000000020006000DE
:2053C000BE000000FF000000000000001C006000FF000000FF00000000000000180060001E
:2053E0000F000000FF0000000000000014006000FF000000FF0000000000000024006000A9
:20540000FF000000FF000000000000002C00600030000000FF00000000000000DC04600093
:2054200008000000FF00000000000000E804410002C20000FF0000000000000064044100CC
:20544000BA400000FFFF0000000000003406410000480000FFFF000000000000E802600049
:2054600045000000FFFF00000301F4016405220000000000117B0000BCBCBCBC43434343DD
:20548000000000003B7B0000BCBCBCBC4343434300000000BD7B0000BCBCBCBC4343434326
:2054A00000000000037C0000BCBCBCBC4343434300000000F0066000000000000200000019
:2054C00000000000E97A0000BCBCBCBC43434343000000002D262500BCBCBCBC43434343F9
:2054E00000000000377D0000BCBCBCBC4343434300000000CF262500BCBCBCBC43434343E6
:2055000000000000677B0000BCBCBCBC4343434300000000000000000000000000000000AD
:20552000000000000000000000000000000000000100000001000000000000000000000069
:2055400000000000000000000000000000000000000000000000000000000000000000004B
:205560000301F401540622000000000000000000000000000100000000000D0000D00700D1
:20558000010F030000000000000000010203040000000000010000009F0507001300060029
:2055A0007B391000050007003996240006000600D596240007000600D191240004000600F0
:2055C000797C240000000F000D9E10000400F2005395100008000700AF9024002A0000005E
:2055E00035E2240004000600839424000A00060029962400060006002B922400060006003F
:205600002598240003004600732C2500040006005501070003000700A92C25000700060024
:205620005D2D250008000600898A240006000000EB902400050006008F7C240000000F0088
:205640006D9224001C000000579224000B00060069301000050006000301F40144072200D3
:20566000EB79240008000800397A2400D1000700B5862400000058008B30100000000F0052
:20568000D9152400060009004F162400060028006118240006000600B7182400040006008C
:2056A000DD182400040006002B19240006000600B519240004000600997924000700070013
:2056C000B379240004000700C779240003000700D77924002D000600E11924000A0006002C
:2056E000637A240005001700E17A24000D000700277B24001A000700F37B24001200070068
:20570000B183240003000000D5341000EC00070095381000D5000600AD3A1000000008006B
:20572000B137100000000F00CD3B10000400240067952400120006000D3C10000B00060080
:205740009D3D10000B000600F33C1000110006000301F40134082200353E100000000F000F
:205760005B3E100000000F006F3E100000000F007F3E100006000600D18410000000000067
:20578000ED3F10000000070039401000000008003998240017000000CD9824001800000088
:2057A0003F401000040006009140100006000600BB40100000000000FF962400030000009C
:2057C0005797240000000600779724000A0006005390240000000000034310000700080003
:2057E0002F44100004000E00E72D25000000060057441000060006002B9224000700060030
:20580000999510000A000F000000FF01000000000000000001000000280000001E000000EA
:20582000000000000000000000000000000000000000000000000000000000000000000068
:20584000000000000000000003010824092200000000000301F4014C09220000000000007D
:20586000000000000000000000000000000000000000000000000000000000000000000028
:20588000000000000000000000000000000000000000000000000000000000000000000008
:2058A0000000000000000000000000000000000000000000000000000000000000000000E8
:2058C0000000000000000000000000000000000000000000000000000000000000000000C8
:2058E0000000000000000000000000000000000000000000000000000000000000000000A8
:20590000000000000000000000000000000000000000000000000000000000000000000087
:20592000000000000000000000000000000000000000000000000000000000000000000067
:2059400000000000000000000000000301F4013C0A220000000000000000000000000000E6
:20596000000000000000000000000000000000000000000000000000000000000000000027
:20598000000000000000000000000000000000000000000000000000000000000000000007
:2059A0000000000000000000000000000000000000000000000000000000000000000000E7
:2059C0000000000000000000000000000000000000000000000000000000000000000000C7
:2059E0000000000000000000000000000000000000000000000000000000000000000000A7
:205A0000000000000000000000000000000000000000000000000000000000000000000086
:205A2000000000000000000000000000000000000000000000000000000000000000000066
:205A40000000000301F4012C0B2200000000000000000000000000000000000000000000F4
:205A6000000000000000000000000000000000000000000000000000000000000000000026
:205A8000000000000000000000000000000000000000000000000000000000000000000006
:205AA0000000000000000000000000000000000000000000000000000000000000000000E6
:205AC0000000000000000000000000000000000000000000000000000000000000000000C6
:205AE0000000000000000000000000000000000000000000000000000000000000000000A6
:205B0000000000000000000000000000000000000000000000000000000000000000000085
:205B20000000000000000000000000000000000000000000000000000000000301F4011C50
:205B40000C2200000000000000000000000000000000000000000000000000000000000017
:205B6000000000000000000000000000000000000000000000000000000000000000000025
:205B8000000000000000000000000000000000000000000000000000000000000000000005
:205BA0000000000000000000000000000000000000000000000000000000000000000000E5
:205BC0000000000000000000000000000000000000000000000000000000000000000000C5
:205BE0000000000000000000000000000000000000000000000000000000000000000000A5
:205C0000000000000000000000000000000000000000000000000000000000000000000084
:205C2000000000000000000000000000000000000000000301F4010C0D2200000000000030
:205C4000000000000000000000000000000000000000000000000000000000000000000044
:205C6000000000000000000000000000000000000000000000000000000000000000000024
:205C8000000000000000000000000000000000000000000000000000000000000000000004
:205CA0000000000000000000000000000000000000000000000000000000000000000000E4
:205CC0000000000000000000000000000000000000000000000000000000000000000000C4
:205CE0000000000000000000000000000000000000000000000000000000000000000000A4
:205D0000000000000000000000000000000000000000000000000000000000000000000083
:205D200000000000000000000000000301F401FC0D2200000000000000000000000000003F
:205D4000000000000000000000000000000000000000000000000000000000000000000043
:205D6000000000000000000000000000000000000000000000000000000000000000000023
:205D8000000000000000000000000000000000000000000000000000000000000000000003
:205DA0000000000000000000000000000000000000000000000000000000000000000000E3
:205DC0000000000000000000000000000000000000000000000000000000000000000000C3
:205DE0000000000000000000000000000000000000000000000000000000000000000000A3
:205E0000000000000000000000000000000000000000000000000000000000000000000082
:205E20000000000301F401EC0E22000000000000000000000000000000000000000000004D
:205E4000000000000000000000000000000000000000000000000000000000000000000042
:205E6000000000000000000000000000000000000000000000000000000000000000000022
:205E8000000000000000000000000000000000000000000000000000000000000000000002
:205EA0000000000000000000000000000000000000000000000000000000000000000000E2
:205EC0000000000000000000000000000000000000000000000000000000000000000000C2
:205EE0000000000000000000000000000000000000000000000000000000000000000000A2
:205F00000000000000000000000000000000000000000000000000000000000301F401DCAC
:205F20000F2200000000000000000000000000000000000000000000000000000000000030
:205F4000000000000000000000000000000000000000000000000000000000000000000041
:205F6000000000000000000000000000000000000000000000000000000000000000000021
:205F8000000000000000000000000000000000000000000000000000000000000000000001
:205FA0000000000000000000000000000000000000000000000000000000000000000000E1
:205FC0000000000000000000000000000000000000000000000000000000000000000000C1
:205FE0000000000000000000000000000000000000000000000000000000000000000000A1
:20600000000000000000000000000000000000000000000301F401CC102200000000000089
:20602000000000000000000000000000000000000000000000000000000000000000000060
:20604000000000000000000000000000000000000000000000000000000000000000000040
:20606000000000000000000000000000000000000000000000000000000000000000000020
:20608000000000000000000000000000000000000000000000000000000000000000000000
:2060A0000000000000000000000000000000000000000000000000000000000000000000E0
:2060C0000000000000000000000000000000000000000000000000000000000000000000C0
:2060E0000000000000000000000000000000000000000000000000000000000000000000A0
:2061000000000000000000000000000301F401BC1122000000000000000000000000000097
:2061200000000000000000000000000000000000000000000000000000000000000000005F
:2061400000000000000000000000000000000000000000000000000000000000000000003F
:2061600000000000000000000000000000000000000000000000000000000000000000001F
:206180000000000000000000000000000000000000000000000000000000000000000000FF
:2061A0000000000000000000000000000000000000000000000000000000000000000000DF
:2061C0000000000000000000000000000000000000000000000000000000000000000000BF
:2061E00000000000000000000000000000000000000000000000000000000000000000009F
:206200000000000301F401AC122200000000000000000000000000000000000000000000A5
:2062200000000000000000000000000000000000000000000000000000000000000000005E
:2062400000000000000000000000000000000000000000000000000000000000000000003E
:2062600000000000000000000000000000000000000000000000000000000000000000001E
:206280000000000000000000000000000000000000000000000000000000000000000000FE
:2062A0000000000000000000000000000000000000000000000000000000000000000000DE
:2062C0000000000000000000000000000000000000000000000000000000000000000000BE
:2062E0000000000000000000000000000000000000000000000000000000000301F4019C09
:20630000132200000000000000000000000000000000000000000000000000000000000048
:2063200000000000000000000000000000000000000000000000000000000000000000005D
:2063400000000000000000000000000000000000000000000000000000000000000000003D
:2063600000000000000000000000000000000000000000000000000000000000000000001D
:206380000000000000000000000000000000000000000000000000000000000000000000FD
:2063A0000000000000000000000000000000000000000000000000000000000000000000DD
:2063C0000000000000000000000000000000000000000000000000000000000000000000BD
:2063E000000000000000000000000000000000000000000301F4018C1422000000000000E2
:2064000000000000000000000000000000000000000000000000000000000000000000007C
:2064200000000000000000000000000000000000000000000000000000000000000000005C
:2064400000000000000000000000000000000000000000000000000000000000000000003C
:2064600000000000000000000000000000000000000000000000000000000000000000001C
:206480000000000000000000000000000000000000000000000000000000000000000000FC
:2064A0000000000000000000000000000000000000000000000000000000000000000000DC
:2064C0000000000000000000000000000000000000000000000000000000000000000000BC
:2064E00000000000000000000000000301F4017C15220000000000000000000000000000F0
:2065000000000000000000000000000000000000000000000000000000000000000000007B
:2065200000000000000000000000000000000000000000000000000000000000000000005B
:2065400000000000000000000000000000000000000000000000000000000000000000003B
:2065600000000000000000000000000000000000000000000000000000000000000000001B
:206580000000000000000000000000000000000000000000000000000000000000000000FB
:2065A0000000000000000000000000000000000000000000000000000000000000000000DB
:2065C0000000000000000000000000000000000000000000000000000000000000000000BB
:2065E0000000000301F4016C162200000000000000000000000000000000000000000000FE
:2066000000000000000000000000000000000000000000000000000000000000000000007A
:2066200000000000000000000000000000000000000000000000000000000000000000005A
:2066400000000000000000000000000000000000000000000000000000000000000000003A
:2066600000000000000000000000000000000000000000000000000000000000000000001A
:206680000000000000000000000000000000000000000000000000000000000000000000FA
:2066A0000000000000000000000000000000000000000000000000000000000000000000DA
:2066C0000000000000000000000000000000000000000000000000000000000301F4015C65
:2066E000172200000000000000000000000000000000000000000000000000000000000061
:20670000000000000000000000000000000000000000000000000000000000000000000079
:20672000000000000000000000000000000000000000000000000000000000000000000059
:20674000000000000000000000000000000000000000000000000000000000000000000039
:20676000000000000000000000000000000000000000000000000000000000000000000019
:206780000000000000000000000000000000000000000000000000000000000000000000F9
:2067A0000000000000000000000000000000000000000000000000000000000000000000D9
:2067C000000000000000000000000000000000000000000301F4014C18220000000000003A
:2067E000000000000000000000000000000000000000000000000000000000000000000099
:20680000000000000000000000000000000000000000000000000000000000000000000078
:20682000000000000000000000000000000000000000000000000000000000000000000058
:20684000000000000000000000000000000000000000000000000000000000000000000038
:20686000000000000000000000000000000000000000000000000000000000000000000018
:206880000000000000000000000000000000000000000000000000000000000000000000F8
:2068A0000000000000000000000000000000000000000000000000000000000000000000D8
:2068C00000000000000000000000000301F4013C1922000000000000000000000000000048
:2068E000000000000000000000000000000000000000000000000000000000000000000098
:20690000000000000000000000000000000000000000000000000000000000000000000077
:20692000000000000000000000000000000000000000000000000000000000000000000057
:20694000000000000000000000000000000000000000000000000000000000000000000037
:20696000000000000000000000000000000000000000000000000000000000000000000017
:206980000000000000000000000000000000000000000000000000000000000000000000F7
:2069A0000000000000000000000000000000000000000000000000000000000000000000D7
:2069C0000000000301F4012C1A220000000000000000000000000000000000000000000056
:2069E000000000000000000000000000000000000000000000000000000000000000000097
:206A0000000000000000000000000000000000000000000000000000000000000000000076
:206A2000000000000000000000000000000000000000000000000000000000000000000056
:206A4000000000000000000000000000000000000000000000000000000000000000000036
:206A6000000000000000000000000000000000000000000000000000000000000000000016
:206A80000000000000000000000000000000000000000000000000000000000000000000F6
:206AA0000000000000000000000000000000000000000000000000000000000301F4011CC1
:206AC0001B2200000000000000000000000000000000000000000000000000000000000079
:206AE000000000000000000000000000000000000000000000000000000000000000000096
:206B0000000000000000000000000000000000000000000000000000000000000000000075
:206B2000000000000000000000000000000000000000000000000000000000000000000055
:206B4000000000000000000000000000000000000000000000000000000000000000000035
:206B6000000000000000000000000000000000000000000000000000000000000000000015
:206B80000000000000000000000000000000000000000000000000000000000000000000F5
:206BA000000000000000000000000000000000000000000301F4010C1C2200000000000092
:206BC0000000000000000000000000000000000000000000000000000000000000000000B5
:206BE000000000000000000000000000000000000000000000000000000000000000000095
:206C0000000000000000000000000000000000000000000000000000000000000000000074
:206C2000000000000000000000000000000000000000000000000000000000000000000054
:206C4000000000000000000000000000000000000000000000000000000000000000000034
:206C6000000000000000000000000000000000000000000000000000000000000000000014
:206C80000000000000000000000000000000000000000000000000000000000000000000F4
:206CA00000000000000000000000000301F401FC1C220000000000000000000000000000A1
:206CC0000000000000000000000000000000000000000000000000000000000000000000B4
:206CE000000000000000000000000000000000000000000000000000000000000000000094
:206D0000000000000000000000000000000000000000000000000000000000000000000073
:206D2000000000000000000000000000000000000000000000000000000000000000000053
:206D4000000000000000000000000000000000000000000000000000000000000000000033
:206D6000000000000000000000000000000000000000000000000000000000000000000013
:206D80000000000000000000000000000000000000000000000000000000000000000000F3
:206DA0000000000301F401EC1D2200000000000000000000000000000000000000000000AF
:206DC0000000000000000000000000000000000000000000000000000000000000000000B3
:206DE000000000000000000000000000000000000000000000000000000000000000000093
:206E0000000000000000000000000000000000000000000000000000000000000000000072
:206E2000000000000000000000000000000000000000000000000000000000000000000052
:206E4000000000000000000000000000000000000000000000000000000000000000000032
:206E6000000000000000000000000000000000000000000000000000000000000000000012
:206E80000000000000000000000000000000000000000000000000000000000301F401DC1D
:206EA0001E2200000000000000000000000000000000000000000000000000000000000092
:206EC0000000000000000000000000000000000000000000000000000000000000000000B2
:206EE000000000000000000000000000000000000000000000000000000000000000000092
:206F0000000000000000000000000000000000000000000000000000000000000000000071
:206F2000000000000000000000000000000000000000000000000000000000000000000051
:206F4000000000000000000000000000000000000000000000000000000000000000000031
:206F6000000000000000000000000000000000000000000000000000000000000000000011
:206F8000000000000000000000000000000000000000000301F401CC1F22000000000000EB
:206FA0000000000000000000000000000000000000000000000000000000000000000000D1
:206FC0000000000000000000000000000000000000000000000000000000000000000000B1
:206FE000000000000000000000000000000000000000000000000000000000000000000091
:20700000000000000000000000000000000000000000000000000000000000000000000070
:20702000000000000000000000000000000000000000000000000000000000000000000050
:20704000000000000000000000000000000000000000000000000000000000000000000030
:20706000000000000000000000000000000000000000000000000000000000000000000010
:2070800000000000000000000000000301F401BC20220000000000000000000000000000F9
:2070A0000000000000000000000000000000000000000000000000000000000000000000D0
:2070C0000000000000000000000000000000000000000000000000000000000000000000B0
:2070E000000000000000000000000000000000000000000000000000000000000000000090
:2071000000000000000000000000000000000000000000000000000000000000000000006F
:2071200000000000000000000000000000000000000000000000000000000000000000004F
:2071400000000000000000000000000000000000000000000000000000000000000000002F
:2071600000000000000000000000000000000000000000000000000000000000000000000F
:207180000000000301F401AC21220000000000000000000000000000000000000000000007
:2071A0000000000000000000000000000000000000000000000000000000000000000000CF
:2071C0000000000000000000000000000000000000000000000000000000000000000000AF
:2071E00000000000000000000000000000000000000000000000000000000000000000008F
:2072000000000000000000000000000000000000000000000000000000000000000000006E
:2072200000000000000000000000000000000000000000000000000000000000000000004E
:2072400000000000000000000000000000000000000000000000000000000000000000002E
:207260000000000000000000000000000000000000000000000000000000000301F4019C79
:207280002222000000000000000000000000000000000000000000000000000000000000AA
:2072A0000000000000000000000000000000000000000000000000000000000000000000CE
:2072C0000000000000000000000000000000000000000000000000000000000000000000AE
:2072E00000000000000000000000000000000000000000000000000000000000000000008E
:2073000000000000000000000000000000000000000000000000000000000000000000006D
:2073200000000000000000000000000000000000000000000000000000000000000000004D
:2073400000000000000000000000000000000000000000000000000000000000000000002D
:20736000000000000000000000000000000000000000000301F4018C232200000000000043
:207380000000000000000000000000000000000000000000000000000000000000000000ED
:2073A0000000000000000000000000000000000000000000000000000000000000000000CD
:2073C0000000000000000000000000000000000000000000000000000000000000000000AD
:2073E00000000000000000000000000000000000000000000000000000000000000000008D
:2074000000000000000000000000000000000000000000000000000000000000000000006C
:2074200000000000000000000000000000000000000000000000000000000000000000004C
:2074400000000000000000000000000000000000000000000000000000000000000000002C
:2074600000000000000000000000000301F4017C2422000000000000000000000000000051
:207480000000000000000000000000000000000000000000000000000000000000000000EC
:2074A0000000000000000000000000000000000000000000000000000000000000000000CC
:2074C0000000000000000000000000000000000000000000000000000000000000000000AC
:2074E00000000000000000000000000000000000000000000000000000000000000000008C
:2075000000000000000000000000000000000000000000000000000000000000000000006B
:2075200000000000000000000000000000000000000000000000000000000000000000004B
:2075400000000000000000000000000000000000000000000000000000000000000000002B
:207560000000000301F4016C2522000000000000000000000000000000000000000000005F
:207580000000000000000000000000000000000000000000000000000000000000000000EB
:2075A0000000000000000000000000000000000000000000000000000000000000000000CB
:2075C0000000000000000000000000000000000000000000000000000000000000000000AB
:2075E00000000000000000000000000000000000000000000000000000000000000000008B
:2076000000000000000000000000000000000000000000000000000000000000000000006A
:2076200000000000000000000000000000000000000000000000000000000000000000004A
:207640000000000000000000000000000000000000000000000000000000000301F4015CD5
:207660002622000000000000000000000000000000000000000000000000000000000000C2
:207680000000000000000000000000000000000000000000000000000000000000000000EA
:2076A0000000000000000000000000000000000000000000000000000000000000000000CA
:2076C0000000000000000000000000000000000000000000000000000000000000000000AA
:2076E00000000000000000000000000000000000000000000000000000000000000000008A
:20770000000000000000000000000000000000000000000000000000000000000000000069
:20772000000000000000000000000000000000000000000000000000000000000000000049
:20774000000000000000000000000000000000000000000301F4014C27220000000000009B
:20776000000000000000000000000000000000000000000000000000000000000000000009
:207780000000000000000000000000000000000000000000000000000000000000000000E9
:2077A0000000000000000000000000000000000000000000000000000000000000000000C9
:2077C0000000000000000000000000000000000000000000000000000000000000000000A9
:2077E000000000000000000000000000000000000000000000000000000000000000000089
:20780000000000000000000000000000000000000000000000000000000000000000000068
:20782000000000000000000000000000000000000000000000000000000000000000000048
:2078400000000000000000000000000301F4013C28220000000000000000000000000000A9
:20786000000000000000000000000000000000000000000000000000000000000000000008
:207880000000000000000000000000000000000000000000000000000000000000000000E8
:2078A0000000000000000000000000000000000000000000000000000000000000000000C8
:2078C0000000000000000000000000000000000000000000000000000000000000000000A8
:2078E000000000000000000000000000000000000000000000000000000000000000000088
:20790000000000000000000000000000000000000000000000000000000000000000000067
:20792000000000000000000000000000000000000000000000000000000000000000000047
:207940000000000301F4012C292200000000000000000000000000000000000000000000B7
:20796000000000000000000000000000000000000000000000000000000000000000000007
:207980000000000000000000000000000000000000000000000000000000000000000000E7
:2079A0000000000000000000000000000000000000000000000000000000000000000000C7
:2079C0000000000000000000000000000000000000000000000000000000000000000000A7
:2079E000000000000000000000000000000000000000000000000000000000000000000087
:207A0000000000000000000000000000000000000000000000000000000000000000000066
:207A20000000000000000000000000000000000000000000000000000000000301F4011C31
:207A40002A22000000000000000000000000000000000000000000000000000000000000DA
:207A6000000000000000000000000000000000000000000000000000000000000000000006
:207A80000000000000000000000000000000000000000000000000000000000000000000E6
:207AA0000000000000000000000000000000000000000000000000000000000000000000C6
:207AC0000000000000000000000000000000000000000000000000000000000000000000A6
:207AE000000000000000000000000000000000000000000000000000000000000000000086
:207B0000000000000000000000000000000000000000000000000000000000000000000065
:207B2000000000000000000000000000000000000000000301F4010C2B22000000000000F3
:207B4000000000000000000000000000000000000000000000000000000000000000000025
:207B6000000000000000000000000000000000000000000000000000000000000000000005
:207B80000000000000000000000000000000000000000000000000000000000000000000E5
:207BA0000000000000000000000000000000000000000000000000000000000000000000C5
:207BC0000000000000000000000000000000000000000000000000000000000000000000A5
:207BE000000000000000000000000000000000000000000000000000000000000000000085
:207C0000000000000000000000000000000000000000000000000000000000000000000064
:207C200000000000000000000000000301F401FC2B22000000000000000000000000000002
:207C4000000000000000000000000000000000000000000000000000000000000000000024
:207C6000000000000000000000000000000000000000000000000000000000000000000004
:207C80000000000000000000000000000000000000000000000000000000000000000000E4
:207CA0000000000000000000000000000000000000000000000000000000000000000000C4
:207CC0000000000000000000000000000000000000000000000000000000000000000000A4
:207CE000000000000000000000000000000000000000000000000000000000000000000084
:207D0000000000000000000000000000000000000000000000000000000000000000000063
:207D20000000000301F401EC2C220000000000000000000000000000000000000000000010
:207D4000000000000000000000000000000000000000000000000000000000000000000023
:207D6000000000000000000000000000000000000000000000000000000000000000000003
:207D80000000000000000000000000000000000000000000000000000000000000000000E3
:207DA0000000000000000000000000000000000000000000000000000000000000000000C3
:207DC0000000000000000000000000000000000000000000000000000000000000000000A3
:207DE000000000000000000000000000000000000000000000000000000000000000000083
:207E00000000000000000000000000000000000000000000000000000000000301F401DC8D
:207E20002D22000000000000000000000000000000000000000000000000000000000000F3
:207E4000000000000000000000000000000000000000000000000000000000000000000022
:207E6000000000000000000000000000000000000000000000000000000000000000000002
:207E80000000000000000000000000000000000000000000000000000000000000000000E2
:207EA0000000000000000000000000000000000000000000000000000000000000000000C2
:207EC0000000000000000000000000000000000000000000000000000000000000000000A2
:207EE000000000000000000000000000000000000000000000000000000000000000000082
:207F0000000000000000000000000000000000000000000301F401CC2E220000000000004C
:207F2000000000000000000000000000000000000000000000000000000000000000000041
:207F4000000000000000000000000000000000000000000000000000000000000000000021
:207F6000000000000000000000000000000000000000000000000000000000000000000001
:207F80000000000000000000000000000000000000000000000000000000000000000000E1
:207FA0000000000000000000000000000000000000000000000000000000000000000000C1
:207FC0000000000000000000000000000000000000000000000000000000000000000000A1
:207FE000000000000000000000000000000000000000000000000000000000000000000081
:2080000000000000000000000000000301F401BC2F2200000000000000000000000000005A
:20802000000000000000000000000000000000000000000000000000000000000000000040
:20804000000000000000000000000000000000000000000000000000000000000000000020
:20806000000000000000000000000000000000000000000000000000000000000000000000
:208080000000000000000000000000000000000000000000000000000000000000000000E0
:2080A0000000000000000000000000000000000000000000000000000000000000000000C0
:2080C0000000000000000000000000000000000000000000000000000000000000000000A0
:2080E000000000000000000000000000000000000000000000000000000000000000000080
:208100000000000301F401AC30220000000000000000000000000000000000000000000068
:2081200000000000000000000000000000000000000000000000000000000000000000003F
:2081400000000000000000000000000000000000000000000000000000000000000000001F
:208160000000000000000000000000000000000000000000000000000000000000000000FF
:208180000000000000000000000000000000000000000000000000000000000000000000DF
:2081A0000000000000000000000000000000000000000000000000000000000000000000BF
:2081C00000000000000000000000000000000000000000000000000000000000000000009F
:2081E0000000000000000000000000000000000000000000000000000000000301F4019CEA
:2082000031220000000000000000000000000000000000000000000000000000000000000B
:2082200000000000000000000000000000000000000000000000000000000000000000003E
:2082400000000000000000000000000000000000000000000000000000000000000000001E
:208260000000000000000000000000000000000000000000000000000000000000000000FE
:208280000000000000000000000000000000000000000000000000000000000000000000DE
:2082A0000000000000000000000000000000000000000000000000000000000000000000BE
:2082C00000000000000000000000000000000000000000000000000000000000000000009E
:2082E000000000000000000000000000000000000000000301F4018C3222000000000000A5
:2083000000000000000000000000000000000000000000000000000000000000000000005D
:2083200000000000000000000000000000000000000000000000000000000000000000003D
:2083400000000000000000000000000000000000000000000000000000000000000000001D
:208360000000000000000000000000000000000000000000000000000000000000000000FD
:208380000000000000000000000000000000000000000000000000000000000000000000DD
:2083A0000000000000000000000000000000000000000000000000000000000000000000BD
:2083C00000000000000000000000000000000000000000000000000000000000000000009D
:2083E00000000000000000000000000301F4017C33220000000000000000000000000000B3
:2084000000000000000000000000000000000000000000000000000000000000000000005C
:2084200000000000000000000000000000000000000000000000000000000000000000003C
:2084400000000000000000000000000000000000000000000000000000000000000000001C
:208460000000000000000000000000000000000000000000000000000000000000000000FC
:208480000000000000000000000000000000000000000000000000000000000000000000DC
:2084A0000000000000000000000000000000000000000000000000000000000000000000BC
:2084C00000000000000000000000000000000000000000000000000000000000000000009C
:2084E0000000000301F4016C342200000000000000000000000000000000000000000000C1
:2085000000000000000000000000000000000000000000000000000000000000000000005B
:2085200000000000000000000000000000000000000000000000000000000000000000003B
:2085400000000000000000000000000000000000000000000000000000000000000000001B
:208560000000000000000000000000000000000000000000000000000000000000000000FB
:208580000000000000000000000000000000000000000000000000000000000000000000DB
:2085A0000000000000000000000000000000000000000000000000000000000000000000BB
:2085C0000000000000000000000000000000000000000000000000000000000301F4015C46
:2085E000352200000000000000000000000000000000000000000000000000000000000024
:2086000000000000000000000000000000000000000000000000000000000000000000005A
:2086200000000000000000000000000000000000000000000000000000000000000000003A
:2086400000000000000000000000000000000000000000000000000000000000000000001A
:208660000000000000000000000000000000000000000000000000000000000000000000FA
:208680000000000000000000000000000000000000000000000000000000000000000000DA
:2086A0000000000000000000000000000000000000000000000000000000000000000000BA
:2086C000000000000000000000000000000000000000000301F4014C3622000000000000FD
:2086E00000000000000000000000000000000000000000000000000000000000000000007A
:20870000000000000000000000000000000000000000000000000000000000000000000059
:20872000000000000000000000000000000000000000000000000000000000000000000039
:20874000000000000000000000000000000000000000000000000000000000000000000019
:208760000000000000000000000000000000000000000000000000000000000000000000F9
:208780000000000000000000000000000000000000000000000000000000000000000000D9
:2087A0000000000000000000000000000000000000000000000000000000000000000000B9
:2087C00000000000000000000000000301F4013C372200000000000000000000000000000B
:2087E000000000000000000000000000000000000000000000000000000000000000000079
:20880000000000000000000000000000000000000000000000000000000000000000000058
:20882000000000000000000000000000000000000000000000000000000000000000000038
:20884000000000000000000000000000000000000000000000000000000000000000000018
:208860000000000000000000000000000000000000000000000000000000000000000000F8
:208880000000000000000000000000000000000000000000000000000000000000000000D8
:2088A0000000000000000000000000000000000000000000000000000000000000000000B8
:2088C0000000000301F4012C38220000000000000000000000000000000000000000000019
:2088E000000000000000000000000000000000000000000000000000000000000000000078
:20890000000000000000000000000000000000000000000000000000000000000000000057
:20892000000000000000000000000000000000000000000000000000000000000000000037
:20894000000000000000000000000000000000000000000000000000000000000000000017
:208960000000000000000000000000000000000000000000000000000000000000000000F7
:208980000000000000000000000000000000000000000000000000000000000000000000D7
:2089A0000000000000000000000000000000000000000000000000000000000301F4011CA2
:2089C00039220000000000000000000000000000000000000000000000000000000000003C
:2089E000000000000000000000000000000000000000000000000000000000000000000077
:208A0000000000000000000000000000000000000000000000000000000000000000000056
:208A2000000000000000000000000000000000000000000000000000000000000000000036
:208A4000000000000000000000000000000000000000000000000000000000000000000016
:208A60000000000000000000000000000000000000000000000000000000000000000000F6
:208A80000000000000000000000000000000000000000000000000000000000000000000D6
:208AA000000000000000000000000000000000000000000301F4010C3A2200000000000055
:208AC000000000000000000000000000000000000000000000000000000000000000000096
:208AE000000000000000000000000000000000000000000000000000000000000000000076
:208B0000000000000000000000000000000000000000000000000000000000000000000055
:208B2000000000000000000000000000000000000000000000000000000000000000000035
:208B4000000000000000000000000000000000000000000000000000000000000000000015
:208B60000000000000000000000000000000000000000000000000000000000000000000F5
:208B80000000000000000000000000000000000000000000000000000000000000000000D5
:208BA00000000000000000000000000301F401FC3A22000000000000000000000000000064
:208BC000000000000000000000000000000000000000000000000000000000000000000095
:208BE000000000000000000000000000000000000000000000000000000000000000000075
:208C0000000000000000000000000000000000000000000000000000000000000000000054
:208C2000000000000000000000000000000000000000000000000000000000000000000034
:208C4000000000000000000000000000000000000000000000000000000000000000000014
:208C60000000000000000000000000000000000000000000000000000000000000000000F4
:208C80000000000000000000000000000000000000000000000000000000000000000000D4
:208CA0000000000301F401EC3B220000000000000000000000000000000000000000000072
:208CC000000000000000000000000000000000000000000000000000000000000000000094
:208CE000000000000000000000000000000000000000000000000000000000000000000074
:208D0000000000000000000000000000000000000000000000000000000000000000000053
:208D2000000000000000000000000000000000000000000000000000000000000000000033
:208D4000000000000000000000000000000000000000000000000000000000000000000013
:208D60000000000000000000000000000000000000000000000000000000000000000000F3
:208D80000000000000000000000000000000000000000000000000000000000301F401DCFE
:208DA0003C2200000000000000000000000000000000000000000000000000000000000055
:208DC000000000000000000000000000000000000000000000000000000000000000000093
:208DE000000000000000000000000000000000000000000000000000000000000000000073
:208E0000000000000000000000000000000000000000000000000000000000000000000052
:208E2000000000000000000000000000000000000000000000000000000000000000000032
:208E4000000000000000000000000000000000000000000000000000000000000000000012
:208E60000000000000000000000000000000000000000000000000000000000000000000F2
:208E8000000000000000000000000000000000000000000301F401CC3D22000000000000AE
:208EA0000000000000000000000000000000000000000000000000000000000000000000B2
:208EC000000000000000000000000000000000000000000000000000000000000000000092
:208EE000000000000000000000000000000000000000000000000000000000000000000072
:208F0000000000000000000000000000000000000000000000000000000000000000000051
:208F2000000000000000000000000000000000000000000000000000000000000000000031
:208F4000000000000000000000000000000000000000000000000000000000000000000011
:208F60000000000000000000000000000000000000000000000000000000000000000000F1
:208F800000000000000000000000000301F401BC3E220000000000000000000000000000BC
:208FA0000000000000000000000000000000000000000000000000000000000000000000B1
:208FC000000000000000000000000000000000000000000000000000000000000000000091
:208FE000000000000000000000000000000000000000000000000000000000000000000071
:20900000000000000000000000000000000000000000000000000000000000000000000050
:20902000000000000000000000000000000000000000000000000000000000000000000030
:20904000000000000000000000000000000000000000000000000000000000000000000010
:209060000000000000000000000000000000000000000000000000000000000000000000F0
:209080000000000301F401AC3F2200000000000000000000000000000000000000000000CA
:2090A0000000000000000000000000000000000000000000000000000000000000000000B0
:2090C000000000000000000000000000000000000000000000000000000000000000000090
:2090E000000000000000000000000000000000000000000000000000000000000000000070
:2091000000000000000000000000000000000000000000000000000000000000000000004F
:2091200000000000000000000000000000000000000000000000000000000000000000002F
:2091400000000000000000000000000000000000000000000000000000000000000000000F
:209160000000000000000000000000000000000000000000000000000000000301F4019C5A
:2091800040220000000000000000000000000000000000000000000000000000000000006D
:2091A0000000000000000000000000000000000000000000000000000000000000000000AF
:2091C00000000000000000000000000000000000000000000000000000000000000000008F
:2091E00000000000000000000000000000000000000000000000000000000000000000006F
:2092000000000000000000000000000000000000000000000000000000000000000000004E
:2092200000000000000000000000000000000000000000000000000000000000000000002E
:2092400000000000000000000000000000000000000000000000000000000000000000000E
:20926000000000000000000000000000000000000000000301F4018C412200000000000006
:209280000000000000000000000000000000000000000000000000000000000000000000CE
:2092A0000000000000000000000000000000000000000000000000000000000000000000AE
:2092C00000000000000000000000000000000000000000000000000000000000000000008E
:2092E00000000000000000000000000000000000000000000000000000000000000000006E
:2093000000000000000000000000000000000000000000000000000000000000000000004D
:2093200000000000000000000000000000000000000000000000000000000000000000002D
:2093400000000000000000000000000000000000000000000000000000000000000000000D
:2093600000000000000000000000000301F4017C4222000000000000000000000000000014
:209380000000000000000000000000000000000000000000000000000000000000000000CD
:2093A0000000000000000000000000000000000000000000000000000000000000000000AD
:2093C00000000000000000000000000000000000000000000000000000000000000000008D
:2093E00000000000000000000000000000000000000000000000000000000000000000006D
:2094000000000000000000000000000000000000000000000000000000000000000000004C
:2094200000000000000000000000000000000000000000000000000000000000000000002C
:2094400000000000000000000000000000000000000000000000000000000000000000000C
:209460000000000301F4016C43220000000000000000000000000000000000000000000022
:209480000000000000000000000000000000000000000000000000000000000000000000CC
:2094A0000000000000000000000000000000000000000000000000000000000000000000AC
:2094C00000000000000000000000000000000000000000000000000000000000000000008C
:2094E00000000000000000000000000000000000000000000000000000000000000000006C
:2095000000000000000000000000000000000000000000000000000000000000000000004B
:2095200000000000000000000000000000000000000000000000000000000000000000002B
:209540000000000000000000000000000000000000000000000000000000000301F4015CB6
:20956000442200000000000000000000000000000000000000000000000000000000000085
:209580000000000000000000000000000000000000000000000000000000000000000000CB
:2095A0000000000000000000000000000000000000000000000000000000000000000000AB
:2095C00000000000000000000000000000000000000000000000000000000000000000008B
:2095E00000000000000000000000000000000000000000000000000000000000000000006B
:2096000000000000000000000000000000000000000000000000000000000000000000004A
:2096200000000000000000000000000000000000000000000000000000000000000000002A
:20964000000000000000000000000000000000000000000301F4014C45220000000000005E
:209660000000000000000000000000000000000000000000000000000000000000000000EA
:209680000000000000000000000000000000000000000000000000000000000000000000CA
:2096A0000000000000000000000000000000000000000000000000000000000000000000AA
:2096C00000000000000000000000000000000000000000000000000000000000000000008A
:2096E00000000000000000000000000000000000000000000000000000000000000000006A
:20970000000000000000000000000000000000000000000000000000000000000000000049
:20972000000000000000000000000000000000000000000000000000000000000000000029
:2097400000000000000000000000000301F4013C462200000000000000000000000000006C
:209760000000000000000000000000000000000000000000000000000000000000000000E9
:209780000000000000000000000000000000000000000000000000000000000000000000C9
:2097A0000000000000000000000000000000000000000000000000000000000000000000A9
:2097C000000000000000000000000000000000000000000000000000000000000000000089
:2097E000000000000000000000000000000000000000000000000000000000000000000069
:20980000000000000000000000000000000000000000000000000000000000000000000048
:20982000000000000000000000000000000000000000000000000000000000000000000028
:209840000000000301F4012C4722000000000000000000000000000000000000000000007A
:209860000000000000000000000000000000000000000000000000000000000000000000E8
:209880000000000000000000000000000000000000000000000000000000000000000000C8
:2098A0000000000000000000000000000000000000000000000000000000000000000000A8
:2098C000000000000000000000000000000000000000000000000000000000000000000088
:2098E000000000000000000000000000000000000000000000000000000000000000000068
:20990000000000000000000000000000000000000000000000000000000000000000000047
:209920000000000000000000000000000000000000000000000000000000000301F4011C12
:2099400048220000000000000000000000000000000000000000000000000000000000009D
:209960000000000000000000000000000000000000000000000000000000000000000000E7
:209980000000000000000000000000000000000000000000000000000000000000000000C7
:2099A0000000000000000000000000000000000000000000000000000000000000000000A7
:2099C000000000000000000000000000000000000000000000000000000000000000000087
:2099E000000000000000000000000000000000000000000000000000000000000000000067
:209A0000000000000000000000000000000000000000000000000000000000000000000046
:209A2000000000000000000000000000000000000000000301F4010C4922000000000000B6
:209A4000000000000000000000000000000000000000000000000000000000000000000006
:209A60000000000000000000000000000000000000000000000000000000000000000000E6
:209A80000000000000000000000000000000000000000000000000000000000000000000C6
:209AA0000000000000000000000000000000000000000000000000000000000000000000A6
:209AC000000000000000000000000000000000000000000000000000000000000000000086
:209AE000000000000000000000000000000000000000000000000000000000000000000066
:209B0000000000000000000000000000000000000000000000000000000000000000000045
:209B200000000000000000000000000301F401FC49220000000000000000000000000000C5
:209B4000000000000000000000000000000000000000000000000000000000000000000005
:209B60000000000000000000000000000000000000000000000000000000000000000000E5
:209B80000000000000000000000000000000000000000000000000000000000000000000C5
:209BA0000000000000000000000000000000000000000000000000000000000000000000A5
:209BC000000000000000000000000000000000000000000000000000000000000000000085
:209BE000000000000000000000000000000000000000000000000000000000000000000065
:209C0000000000000000000000000000000000000000000000000000000000000000000044
:209C20000000000301F401EC4A2200000000000000000000000000000000000000000000D3
:209C4000000000000000000000000000000000000000000000000000000000000000000004
:209C60000000000000000000000000000000000000000000000000000000000000000000E4
:209C80000000000000000000000000000000000000000000000000000000000000000000C4
:209CA0000000000000000000000000000000000000000000000000000000000000000000A4
:209CC000000000000000000000000000000000000000000000000000000000000000000084
:209CE000000000000000000000000000000000000000000000000000000000000000000064
:209D00000000000000000000000000000000000000000000000000000000000301F401DC6E
:209D20004B22000000000000000000000000000000000000000000000000000000000000B6
:209D4000000000000000000000000000000000000000000000000000000000000000000003
:209D60000000000000000000000000000000000000000000000000000000000000000000E3
:209D80000000000000000000000000000000000000000000000000000000000000000000C3
:209DA0000000000000000000000000000000000000000000000000000000000000000000A3
:209DC000000000000000000000000000000000000000000000000000000000000000000083
:209DE000000000000000000000000000000000000000000000000000000000000000000063
:209E0000000000000000000000000000000000000000000301F401CC4C220000000000000F
:209E2000000000000000000000000000000000000000000000000000000000000000000022
:209E4000000000000000000000000000000000000000000000000000000000000000000002
:209E60000000000000000000000000000000000000000000000000000000000000000000E2
:209E80000000000000000000000000000000000000000000000000000000000000000000C2
:209EA0000000000000000000000000000000000000000000000000000000000000000000A2
:209EC000000000000000000000000000000000000000000000000000000000000000000082
:209EE000000000000000000000000000000000000000000000000000000000000000000062
:209F00000000000000000000000000030108BC4D22000000000003010648092200752003F5
:209F20000108440922000D0000000301083A092200570052000301063809220057000301BA
:209F40000840092200030002000301063E0922000300030105300922000103010834092243
:209F6000002800000003010C2809220027000000270000000301F4010003100050F128FC97
:209F80009AF772BCBDE8704001F045BCBDE8F04701F04DBD02F0BBFB70BD0000BDE8F84032
:209FA00004F0B1BC05F01BFABDE8F08705F0A4FB10BDBDE8F04705F074BC000070B5F84952
:209FC000446891F90000002801DD401E0870002C3AD0217C204601290AD0162934D1F148B5
:209FE000D0F80811204639B1884700282CD10EE0BDE8704049F19EBB4EF178FA0546214603
:20A0000000204EF196FAE88A001284F8C20194F8B90148B194F8C001062805D0606D04F539
:20A02000DC71008F64F77AFCDF48007E00280BD094F8C101BDE8704060F3070160F30F214A
:20A0400089B23C2061F783BF70BD10B50446D44886B090F9001003290FDC491C0170204655
:20A060004EF144FA616DB1F84A1041840301F401F00310000C20ADF800000194684660F766
:20A0800019F806B010BD2DE9F35FC1784768884639448278C979DFF81C93DFF81CA302F047
:20A0A0000F06C2F380154FF0000489064FF0010B43D4D9F80010097A01293ED19AF80010CE
:20A0C00001293AD1012E02D19BF788F8A0B3BB480078012808D0294638469AF79CFC042E20
:20A0E0001CD0FF281FD022E0B54A01980223116800EBC01003EB40030B443C681C60B9888A
:20A10000998013680BEB40015D54116801EB400007EB08019BF744FA04464CE09AF79EFCB2
:20A1200007E0012447E0294638469AF7E3FC9AF7C5FC0028F5D13EE0FFE7A248007858B3DE
:20A14000DFF88482042E15D0D9F8000005F00101012390F90A2038469BF7AFF958B3386809
:20A16000C8F810000301F401E0041000B888A8F8140045F0800088F81600D6E79448062222
:20A180003946103063F7D6FCC8B998F8160000F00F01A94213D1010611D520F08000EAE790
:20A1A0008C480068C00504D58B4D012E0AD00020E8709AF80000012817D00328B5D02046B4
:20A1C000BDE8FC9FE87838B107EB08010322824863F7B0FC0028F2D007EB080085F803B0F2
:20A1E000018829808078A8709FE7D9F80000007A01289AD1E3E72DE9F14F88B0002508989B
:20A200000224AA4641684088C0F30520801F01906A480068007A012800D000206F4A0590B4
:20A220000198127890420BDC062809DB01F1060B05269BF8000018B1019A411C914203DDFB
:20A24000022009B0BDE8F08F9BF80110FF296FD19BF802104C29FAD19BF803100301F4016F
:20A26000D0051000002967D10490D3E00BEB06084FF0000918F8017C1F2F06D8524840680A
:20A28000F840C00701D04FF00109012F34D0022F53D045F15EFF00B346F149F8FF281CD04C
:20A2A00087421AD1089808994068C97801448979069008988078C0F3801200F00F00CDE951
:20A2C000022048B29BF78DFE08F10101009142B2DDE90210069B45F1B4FF43480078002838
:20A2E00068D042480078002864D03A464046089944F179FF0546A0E0B0F710FCD0B13C48F1
:20A300000078B8B14046B0F768FC0546022809D0B9F1000F01D0032409E05DB1012D01D1D5
:20A32000059838B1012C02D0032C00D000241136F6B26FE00124FAE770E02B48007840B105
:20A340002A48007828B13A464046089944F14BFF0546284F0301F401C0061000387838B1EA
:20A360002748007820B140460899B0F7C8FD82461F48007838B11F48007820B1022D0BD048
:20A38000012D09D004E03878C8B11D480078B0B1BAF1010F63D068E0BAF1010F5FD038789B
:20A3A00080B31748007868B3BAF1000F2BD0BAF1020F5AD0BAF1030F57D028E040E05AE097
:20A3C000D3302000005A2000C05F2000143D200074F72100CF3020002096200074312000EA
:20A3E0007C7C2000E0302000EC3020007C3F20008740200085402000884020009B4020004F
:20A400009C402000FFE7B9F1010F28D033E098F80000C0F304003044801CC6B20498864262
:20A420007FF628AF9BF800000199091A491E49B20191002921DD0BF1010100EB010BFFE68B
:20A440000124B9F1000F01D1042D01D10301F401B00710004FF00109022D01D0012D08D139
:20A46000B9F1000F01D00324D5E7022D07D0012D05D0012CCFD0032CCDD00024CBE70124D3
:20A48000C9E745F16EFE00B100242046E5E62DE9FF5F06468078012500F00F0470684FF06C
:20A4A000000900905FF77FF88046002003907068F1784FF0000A0844C779B80601D54FF0D4
:20A4C0000008FE48DFF8F8B3007848B9042C07D0A0F7D3FF20B1DBF80000002180F8FC1179
:20A4E000B8F1010F02D0B8F1030F01D1F8077CD1A0F7C3FF002878D0F048007838B9042C5E
:20A5000005D1DBF8000090F8FC0100286DD10021F7780098042C23D1DBF8000000F58171A1
:20A52000CDE90110017A781C0844FA283DD8DDE900103A466CF7A4F9DBF8001001980A7A6C
:20A54000029938440301F401A008100009316CF79BF9DBF8001091F8010181F8FB01087A9D
:20A560003844C7B201F58170D84A1268920721D5B17841EA072201461046A0F78EFE70B176
:20A5800024B1062C02D0042C06D032E0DBF80000012180F8FC112CE04FF0010A29E05FF79B
:20A5A000AAF8012805D10CB1062C02D130469AF7D4FD8CE0C3480078D8B13046A1F7E1FCFD
:20A5C000C5B2C34824B1062C02D0042C05D010E0057030469AF7C1FD0BE00078854208D0EF
:20A5E00025EA000111F0030945EA000501D08145D2D1B64F3868C00509D5009838B1B5480A
:20A60000807AC00603D530469AF720FE5FE0012C03D130469AF7F6FDB8B1AF4FBAF1000F22
:20A6200036D05FF784F860B15FF78CF848B15FEA897006D5A949DBF8000078F70301F40114
:20A6400090091000D4F8012003905FEAC9701BD116E0B8F1030F02D0B8F1020F09D1B07824
:20A66000C1097068801D63F7B1FD10B13046B8F78FFF386840052ED53046AFF7A3FA2AE074
:20A68000039848B1387838B19748007A10B19648B8F733FE9AF7A0FD8C480078B8B1D5B14C
:20A6A00000245FF748F868B15FF750F850B1A80708D530469AF755FD8A49DBF8000078F72E
:20A6C00096F80124E80702D12CB1387818B1012004B0BDE8F09F0020FAE72DE9F041834D8E
:20A6E0000746286880B10024814E0AE0286804EB440100EB41000622394663F72FFA30B174
:20A70000641C30788442F1D30020BDE8F081286804EB440100EB41000021016081800120BD
:20A72000F3E72DE9F04107460024724D724E0CE004EB84000301F401800A100000EBC40067
:20A740002844801C0622394663F70CFA30B1641CE4B230788442EFD30020DAE704EB84006F
:20A7600000EBC40028440D216AF7B2FE0120D0E764490978012900D0B3E7D6E77CB5466849
:20A7800080783346C0F3801000905F4801AA0088C1B25E4868F75BFE0546FF2815D05B48D0
:20A7A00000EBC504E08820F47E40E080C0F3010060B1022809D13046FFF7DAFFE08840F0A5
:20A7C0000300E0802846AFF7C1F97CBD3046FFF7CFFFE08820F00300401CF2E72DE9F041DE
:20A7E000054680786E68E97800F00F0031440428CC791AD0DFF8E480D8F8000040070DD5DC
:20A80000434F787850B1284699F79BFF30B9387820B15EF778FF08B924F00104D8F800003D
:20A82000000702D52846FFF7A9FF68F70301F401700B100068FF10B128469AF728FFA0F766
:20A840002CFE08B924F010041CB916B1304668F735FA204661E72DE9F043541E4FF0010993
:20A8600009FA04F700242646A2F1080C0DE010F8015B05FA0CF56C40002564003C4200D0CF
:20A880005C406D1C082DF8D3761C8E42EFD309FA02F0401E2040BDE8F08370B504460D46E2
:20A8A00040F25B631822FFF7D6FF6055020A6119000C4A70887070BD2DE9FF5F4768817861
:20A8C00090F803A0064607EB0A0001F00F054FEA91194FF0000890F908101FE0483F20008F
:20A8E000E430200078312000D4302000DC3F2000C4402000DC302000209620007C7C2000BE
:20A90000CC302000A27D2000D1302000CF30200024312000288A2000443120000291407A73
:20A92000039002200301F401600C1000F8490190012008705EF7E2FEF64C60B95EF792FE0D
:20A9400048B92079C00706D1F3488068000709D5F248007830B1F248405D062806D005281C
:20A9600004D006E0002F7DD1BDE8FF9F2079C007F8D0514628469AF712FB002873D0E94CF2
:20A98000DFF8A4B3217A9BF80400814202D32046B8F7BFFCBBF80200B8B19BF8001059B124
:20A9A000607A18B1E14806F740FE70B100206072A072BBF8020039E0217AB1B3DB4806F77E
:20A9C00034FE10B1D748B8F7A4FC207A0090D64801790098814245D9D148032D415DD148DB
:20A9E0000268009800EBC01402F8141025D0052D23D050F7B7F800287ED050F7BCF80028CF
:20AA00007AD009F00101384663F7ECFB002873D0384650F72EF95FEA000B73D00301F4014B
:20AA2000500D10005EF7D7FD01284ED003284CD051E0FFE700EB80000101BE4806F7E7FD87
:20AA4000C7E7DFF8E882012101EB4401D8F80020AAF10600434602F80190D8F800200821F6
:20AA600001EB44015054D8F8001001E056E0B2E1092000EB4400084439680160B98881808F
:20AA800002201A6800EB44001044D7F806200260B91D7A898280052D0AD1D8F800200F2031
:20AAA00000EB44001044891DAAF10C026BF700FF7068F178D8F800200844817940F20110A9
:20AAC00000EB44001154012046E1012D03D09BF80700FF2822D098480068800424D4DBF84F
:20AAE00000203A60BBF80400B8809BF80690B07809F0010120F0400040EA8110B07001E055
:20AB000012E003E04FF6FF7030800DE05EF763FD012803D00301F401400E1000032807D104
:20AB2000012D05D004B03846BDE8F05F68F7D2B88348DFF810B209F001090068C1020CD590
:20AB4000082104206BF711F851463846FFF7B1FE082105206BF709F80FE09BF80010012916
:20AB600007D051B97449097819B9012D05D1C00505D5514638469AF774FE042D06D070684A
:20AB8000F178084470498079096888723046FFF735FE00283FF4F0AE20283FF4EBAE60488F
:20ABA000407820B930460099FFF799FA80463188A1F57F40FF3808D15E4909F102000A6873
:20ABC000012101EB4401505406E05A490A68012101EB440102F80190DFF85891022000EBD8
:20ABE0004400D9F800103A6801440A60B88888805148007860B1D9F8000007EB0A0100EBBC
:20AC000044009AF718F8C0B2FF2801D00301F401300F10004FF00008AAF10601CAB29BF8A5
:20AC2000001007F10600CB0714D0890701D5062300E00323C3F1F301914205D308E0835CA1
:20AC4000521C4354D2B2491CF329F8D3F32201E0D118CAB2012D2CD0D9F80030082101EB84
:20AC600044015A54D9F80030092101EB44010B44014618466BF724FE7068F178D9F80020DB
:20AC80000844DFF8A490817940F2011000EB4400115499F80100022802D0B8F1000F03D073
:20ACA0003046FFF714FC804699F80100012808D00CE00020D9F80020082101EB44015054C4
:20ACC000DAE730460099FFF70EFA80462148224900780978084305D1AFF748FF10B945F106
:20ACE00060FA50B12DB1022D03D0042D01D0062D03D13046FFF7ABFA0190019828B10128D3
:20AD000003D002280301F4012010100004D0032808D189F8000005E0B8F1000F22D00121F3
:20AD200089F8001099F8010002281DD021E0000074F721008868200008212200F2F72100E7
:20AD4000F630200020962000F0302000947C2000E0302000CE302000143D20009B402000AD
:20AD6000874020000020D4E730460099FFF7BFF98046C7484078032804D130460099FFF7C2
:20AD8000B6F98046C3488068000704D5C248007808B14FF0010845F108FA00287FF4F2AD76
:20ADA000B8F1000F1AD0BD4D287A401C28729BF72CF940B12868012101EB4401029A435C89
:20ADC00043EA02124254B648007838B12868039910F8142042EA011100F81410AF48017A09
:20ADE000B0480079814202D3AC48B8F7A2FA17B1384667F777FFA848017800290301F40166
:20AE0000101110003FF4C4AD00210170C0E52DE9F04104460D461F461AB194F8DA00AAF70B
:20AE2000D2FB002684F87861E06BC0F3C031294306D020F40040E06339462046B8F714FD5D
:20AE4000B4F8440020F40050A4F8440094F8D900384306D19648017821F00101017085F7B0
:20AE60002DFF4DB194F87E0130B100222146082090F754FC84F87E612046BDE8F04199F70D
:20AE800047B82DE9F04781468A48DFF82C820078012814D058F717F804468DF779FA84425E
:20AEA00034D158F710F870B34B4641F204026F2140466BF709F948468CF7F3FC26E00024A5
:20AEC0007E4D1BE020468DF7AEFA07462030824658F72DF8064638468DF7B2FA86420BD1A3
:20AEE000504658F724F820B1494638468DF7CAFA02E038460301F401001210008DF7B2FA80
:20AF0000641CE4B22878401C8442DFD302E0FFE78CF75CFC5EF70AFC04469CF7D2FC844238
:20AF200016D15EF703FC50B14B4641F211026F2140466BF7CDF848469BF784FE08E0002314
:20AF400041F216026F2140466BF7C2F89BF741FE5EF7A0FB04465C4866F734FB18B15A48CE
:20AF600067F721F880B101218C4218D15EF792FB60B14B464FF481526F2140466BF7A8F89E
:20AF800048469FF765FC0AE00021EDE7002341F225026F2140466BF79BF89FF72EFCA6F768
:20AFA00055FA80B1A6F776F9002858D04B4641F22F026F2140466BF78BF84946BDE8F0475A
:20AFC0000120A6F7E0B9364CA068002847D0A6F754F960B1002341F243026F2140466BF743
:20AFE00077F8A5F712FDBDE8F0473AF70301F401F0121000C5B937484FF0000500688005F1
:20B000001ED5354E3078D8B16AF734FA6AF7B9FA4FF44611D1F84023D20705D0D1F8402346
:20B0200022F00102C1F8402335706AF7AEFA6AF789F8002341F269026F2140466BF74CF8D2
:20B04000A560A6F766FA022804D0BDE8F0470420A6F704BABDE8F04700231A460C2142F2D5
:20B060000E0001F75BB9BDE8F0872DE9F041478804460679384667F7B0FF0546204699F7EF
:20B0800022F9002D0DD00C2E0BD1384663F736FF040006D0288F50F121FCA17D60F3C60141
:20B0A000A175BDE8F081000074F7210008212200F2F721002096200054312000F0302000C8
:20B0C00038602000F03C2000080001001C31200098CE2000E0302000D5302000406D90F8E6
:20B0E000470100280301F401E013100000D0012070477CB50446012084F81101A07B694648
:20B1000062F704FAE0694100009861F7DEFE401C45082046FFF7E6FF38B9606DB0F85000E2
:20B12000A84202D8FE480078A0744FF00040C4F82C017CBD2DE9FC5F456D04464FF0000923
:20B1400095F8DA608AF7FEFC8246D4F88800002780B14108D4F8AC0061F77EFFC4F8AC003B
:20B16000D4F88800CDE90007A07B694662F724F8C4F88870204663F7A4FE94F88F00010746
:20B1800020D58006B1B207D50E2098F7C1FE94F88F0020F02A0006E0082098F7B9FE94F844
:20B1A0008F0020F00E0084F88F00DE4800210068826A2046904728B190F8280010B120464F
:20B1C00065F7ABF9D4F8B03094F82311D4F8B400591840F10000C4F8B010C4F80301F401B0
:20B1E000D0141000B400D4F8B83094F82411D4F8BC00591840F10000C4F8B810C4F8BC000C
:20B2000084F8237184F82471BB4694F88500C64F032858D0A07B62F70FFB8146D4F8A810CA
:20B2200062F788FA8046D4F8AC10484662F782FA8146B4F8A200C0B1404516D8304665F7B7
:20B2400077FA032084F88500204666F790FBB1B2052098F761FEB648C07C002803D000213F
:20B26000502060F736FDBDE8FC9F94F88500032829D0B4F82811414512D9A07B6DF757FE35
:20B2800030B1AC49B5F8CE0009784843404507D9204665F738FA18B9204665F7EAF940B191
:20B2A000B879A074606DD0F80811491CC0F8081126E094F8850030B9A07B9F49085C0328D3
:20B2C00001D278791BE0BAF1000F01D0387916E09A489B4A0301F401C0151000B4F82811F3
:20B2E000007812784843994BB0FBF2F01B785943B1FBF2F119B1894501D3F87803E080B1A2
:20B3000081450ED3B878A0742046FFF7F3FE90B1606D8F4990F84701012804D0022805D043
:20B3200009E07878EFE7A27C087801E0A27C4878824200D2A074204666F7BFFEC8B1022636
:20B34000B5F8CE2094F82410B5F8CC00334659F764FEA5F8CC0084F8A0B0B5F8CC0020849C
:20B36000B5F8CE00608484F82460012084F8250006E0204665F724F90146204665F762F983
:20B38000204664F719FA72E770B504468AF7E2FB0146606DB0F84420520731D471B1B0F86B
:20B3A0005210B0F8CE00814200D3014640F27120414368480088B1FBF0F022E0A57C204644
:20B3C000FFF798FE10B95A480078A0740301F401B01610000021204666F748FCA574626D0B
:20B3E000B2F8CE108B1E834200DC881EB2F85210814200DC08465A49088040F27121414369
:20B40000204664F762F900B901205649088270BD70B5564D044654482860606DA1F7D5F878
:20B42000616D08B1012000E00020A1F7D2F894F8870062F762FC606D4C490068383120F0F5
:20B440007F4008604748807C000703D5286840F400702860606D002190F8DA004DF1C1FF51
:20B46000424900200C39086094F8F1018EF7F2FD05468EF715FC002D08D0687C002805D0BB
:20B48000E17B2846BDE870408EF7E1BB70BD2DE9F0410446406DA1F798F800B1402040F098
:20B4A00008060021204666F7C1FC051E03DABDE8F04161F70DB994F8850048B9A07B62F763
:20B4C000C3F9616D0301F401A0171000D1F8D41062F740F900280EDC274800680C280AD0EC
:20B4E0000D2803D194F88500022804D094F8850030B1002D04DD2046BDE8F04164F75DBA86
:20B50000E17B012903D110B9012084F8850094F87E001A4940F08000086094F8D80070B1DC
:20B52000174D184F28883978401A28803146052060F7E1FE288839780844288028E023E0AB
:20B54000C4302000B4302000C05F20009930200060AC2000A5302000A7302000A63020009D
:20B56000E0F72100AA302000B23020008CCC2000402100016C8B310088682000A48631006A
:20B58000522720009B3020003146052060F7B3FE61F7A6FA002832D163F7FAFB1421F8489C
:20B5A00067F75AF9F64D0320A8742046FFF7F4FE64F76BF8A87C000706D5606D0301F40180
:20B5C00090181000D0F8041101F10101C0F80411B4F8920060B9ED48007848B194F8360155
:20B5E000800705D463F7D8FBA87C40F00800A874002084F88E002046FFF712FF2046BDE8A4
:20B60000F04162F724BCBDE8F08109B144F156BA44F12BBA2DE9F04705468846B0F8A4409F
:20B620009146406D0021FFF7F0FFB9F1000F0ED0D5F8E06004F00C0181F00804F268A2EB77
:20B640000807002F34DD874204D907460BE0D5F8DC60EFE7B9F1000F10D0686D90F8DA000E
:20B6600003F7D1FA08B144F0100400223946A0B262F7A4FBB8F1000F06D010E0D5F8E000EE
:20B68000C0680028EFDCF0E77168B268914206D1347C31460443284665F785F901E040F054
:20B6A0000104BB480068042804D184F0080401E044F001040301F40180191000B748B84ED8
:20B6C0008568B54216D08046BD4211D204F00307032F0DD000222946A0B262F773FB40F011
:20B6E0001004022F04D11DB924F0030040F00104C8F808602046BDE8F0877CB5D0F8DC503F
:20B70000D0F8E040406D69468DF73AF8A86828B9284603F758F8A86800280ED0A06848B16F
:20B72000207C022801D0012807D1BDF80000E168884202DD204603F746F87CBD2DE9F041AC
:20B740000446FFF7DAFF20468AF7DFFB934E94480127B06094F8A600002570B10022114629
:20B760002046FFF75BFFA4F8A400757384F8A65084F82A5184F837710CE0B4F8A400002101
:20B7800062F74CFB10B184F82A7101E084F82A5184F83751B4F8A40020F01000A4F8A400A5
:20B7A00035E770B5044690F8850001250301F401701A100060BB0320E07484F8255094F829
:20B7C0008F00C0F3420003280FD1606DC08B0001A4F8A200A07B62F747F8C4F8A80094F8E0
:20B7E0008F0040F0080084F88F00E06994F8241009B180F08060618C31F771FD218C814271
:20B8000006D02084616DA1F8D000616DA1F8CC00204666F79AFB20B1204665F7D6F9002862
:20B820005CD0D4F80C11E06961F79CFF616DB1F8CE10B0FBF1F1204663F7D4FC204665F783
:20B8400090F9E069C4F80C01606D8EF752FF2046FFF778FF002084F8110184F82B01606DB4
:20B86000C06B00051FD451480068C0061BD594F88500C0B1E07B012815D1A07B61F7F4FF9C
:20B88000616DD1F8D41061F76DFF0146606D484BB0F8CE201B785A438A4204D890F8DA10E2
:20B8A000122098F70301F401601B100051FB204665F7A8FE58B1A07B61F7B9FF4108E069C9
:20B8C00061F754FF052802D23C4880F88C503C48C079002806D0B4F89210BDE870404C201A
:20B8E00060F713BA70BD70B50446456D90F8850088B1204666F7A4FB60B30221204666F735
:20B90000A9FA616DB1F8521081422CDC204666F7ADFBA0B127E0A07B61F7AAFF0646D5F8E8
:20B92000D41061F727FF00281DDDD5F8D410304661F71CFFE978B0EB410F11DA13E0204857
:20B94000807D18B11A212D2060F7DFF9204660F7FEFE05E00121204666F77CFA002802DD6A
:20B96000204664F73AF894F8D80080070DD5606DB0F84400400708D41248EB8803220178C0
:20B980002046BDE870408DF71CBC70BD10B5044666F770F90028204616D0BDE80301F4017C
:20B9A000501C1000104008E78CCC2000A4302000886820005C0B2200EFBEADDEE03020005F
:20B9C0009A302000185F2000C05F2000A830200066F749FB0028204609D0FFF7CFFB94F85B
:20B9E0002420218C608CBDE8104002F728BA66F7C2FA002804D02046BDE8104064F7D4BD3E
:20BA000010BDFA49F8480860704770B5044651B1002501292AD002293BD0042972D1BDE8B2
:20BA200070404BF79FBF66F7CCFDD8B161F729F8A04217D1A07B61F7FEFE4108E06961F76B
:20BA400099FE05280ED360F7BEFE30B961F78FF918B1BDE8704060F721BE2046BDE8704056
:20BA600066F719BC2046BDE8704028E54FF448111020C86584F834512046A5F7D0FD20469D
:20BA80008AF7C6FA00283DD12046BDE8704043F117B8D7490301F401401D10004FF0FF307D
:20BAA0004860606D012190F8DA004CF74CFF606D012190F8DA004CF7A9FF606D90F8D91085
:20BAC000012903D190F8DA004DF727F8E07B012804D1A06A10B1B4F84610A181204643F7BB
:20BAE0006DFA66F73AFA18B1BDE8704060F79FBBE07B08B963F716F984F8105101209DF768
:20BB000037FDA07B61F7BCFEC4F8AC0070BD2DE9F84F002705468DF8007090F8DA00B74A08
:20BB200000EB80014FF00208B94602EBC10663F711FA04007ED04FF4FC7169F719FD24217B
:20BB400005F1E80069F714FD142105F5867069F70FFD85F8207116202074677495F8DA00EB
:20BB60004DF122FBDFF898C2DFF898A24FF0640BDCF80000417809061FD5A349096AA1B139
:20BB80004B4602226946E14607F058F80301F401301E1000F070D9F80010D1F88810085C76
:20BBA000B0709AF8000008B3D9F8000090F82C001AE0F770DCF80000D0F888000078B07076
:20BBC00014E04B4600226946E14607F03BF8F070D9F80010D1F88010085CB0709AF800000E
:20BBE00020B1D9F80000007FB070F770894986F804B0B078887688480168F27821F0FF01BF
:20BC000041EA02010160A07B8449095C8448032901D2407900E04078A07495F8D800A073A0
:20BC200095F8D900E073B5F8CC002084B5F8CE00608495F8DC0084F8240000E0A2E0D5F897
:20BC4000D410204663F7CBF8656584F87F704FF00209744884F87E9084F8877001780120AB
:20BC600011B984F8A6000820A4F8A400E07B012808D1B5F8CE10A5F852106B48616D008880
:20BC8000A1F850000301F401201F100095F8DA0084F8F50095F8DA0084F8090104F1E400D5
:20BCA000C4F8DC0014306349C4F8E000608C09784843A4F8A200204663F7ECFAEA68297C8D
:20BCC000204663F75CFA4FF6FF76A4F89260D5F8D400C4F80C010121204663F797FA56498A
:20BCE000606D098FA0F8741195F8D900012802D1284658F7A2FD84F8B9717F2084F8C10181
:20BD0000A62084F8C2018007C4F82C0195F8D900012804D14948007808B14FF003083948BD
:20BD200042460168204665F79DFD84F8C871062084F8C001A4F820614020414E84F8A7006F
:20BD40000622311D05F1580061F764FF70B995F8DA00306086F80D9000206FF07F013218E0
:20BD6000401C82F838100728F9D33773204643F7EEF803F76AF9FF2084F8F1010301F40197
:20BD80001020100095F8DA0001214BF70DFF606D80F84771BDE8F88F2DE9F0410446406D25
:20BDA0000E461C4990F8DA0000EB800001EBC005B4F8A400002162F74DF8C6F3001184F8F7
:20BDC000A110B4F8A410C6F38006C1F3C00720B11E480068032800D13E4694F8360181072E
:20BDE00004D41EB140F0020084F8360120468AF726FA002845D00021A869B74248D0002808
:20BE000026DD401EA86124E034F22100B4302000E0F721006C31220080FD210064F7210098
:20BE2000D8522000108820000483310060AC2000C4302000A3302000B0302000A130200024
:20BE4000D0872000A2302000507B200088682000A96194F83601C00705D0606D012190F89E
:20BE6000DA0064F798F894F8A600002809D1F748008A01280301F4010021100006D8E07B74
:20BE8000012803D0012084F81001A9E42046BDE8F041012163F70DB84FF6FE72904201DA8C
:20BEA000801C01E04FF6FF70A86184F82A1197E470B50546E848046828462146FFF770FFD0
:20BEC00028468AF7ACF92146284602F7B5FF002805D121462846BDE8704063F7E3BF70BDFB
:20BEE000DE4800889830704770B50E4614460546A0F797FB032150B116B1012E03D006E0FA
:20BF000095F8760101E095F87701022801D0502001E02C200221216070BD2DE9F843054632
:20BF200088461446002690F8DA0063F723F807461DB36A4641462846FFF7D6FF0646CCB186
:20BF4000D7F83001B0B9B8F1000F03D0B8F1010F08D00FE0288F65F7AAF990F8D800C00790
:20BF600007D107E0288F65F7A2F990F80301F401F0211000D800800700D5241D00988440E1
:20BF800026443046BDE8F88370B5040016464FF000000FD00A4600212046FFF7C2FF054625
:20BFA000324601212046FFF7BCFF2918AD4800889830084470BD70B5AB4C4FF0FF35406D95
:20BFC0000121FFF74AFB217B032904D16188814200D208460546284670BD2DE9F04704461E
:20BFE00089466DF705FC30B16DF705FCA17B884201D14AF1BFFB94F8A600E8B399484FF02D
:20C0000000084646058849469835204643F12DF8B4F8A400002161F725FF0246606D0021C1
:20C02000FFF77FFF00EB0507B4F8A400C00603D5204642F1E3FB804694F8A10050B12046D6
:20C04000FFF7B9FF0646401C04D1606D0121FFF704FB0646606D32464146FFF795FF834963
:20C06000284438440301F401E0221000496888420FD894F8A10028B9B4F8A400C00600E067
:20C0800007E006D57749022008824946204642F1EAFD79480068000710D594F88500022813
:20C0A0000CD194F83601800708D5B4F89000002161F7DCFE20B1002084F8A000BDE8F087C4
:20C0C0000120F9E770B50D46694C4FF0FF36406D0121FFF7C6FA217B032907D16188A942C5
:20C0E00004D9491B814200D208460646304670BD2DE9F34F81B004466DF77EFB20B1606DDF
:20C1000090F8DA004AF1A6FEDFF858B1BBF8100018B1A0F10100ABF810004FF44610C0696B
:20C1200040047DD500273D46606D0121FFF799FA06464E484FF0010A008800F19809B4F855
:20C14000A400C0060BD52046029942F164FF07464A48874203D147484068401C0301F401F6
:20C16000D023100010E094F8A10038B12046FFF72AFF0546401C01D135468246606D2A4638
:20C180003946FFF709FF48443C498046496888427AD894F8A10018B9B4F8A400C00673D522
:20C1A00094F8A600002851D000272046029942F164FFB4F8A400C00603D5204642F126FB9E
:20C1C0000746BAF1000F08D029462046FFF77EFF0546401C02D1002500E0354694F8A10011
:20C1E00008B105B9354657EA050031D0606D2A463946FFF7D1FE21494844404449684FF01B
:20C200000208884208D8ABF81080029903B02046BDE8F04F42F12BBDD7B1461A606D6A461F
:20C220000021FFF76DFE00E02EE000998F40B7420ED3B81BC84050EA050109D00E49ABF85E
:20C24000108088602046029942F111FDBDE8FE8F4FF446100301F401C0241000C16921F42D
:20C260008041C16104483038016821F010110160F0E700008CCC2000988B3100AC3020008C
:20C280005C0B2200E0F7210084312000EFBEADDE0121204661F73EFF2046BDE8FE4F63F741
:20C2A000C4BB2DE9F0410746B0F89000FD4C00F00306002161F7E2FD0546384689F78AFCCA
:20C2C000002D29D0032E27D0042D05D997F8D810890701D500B92D1F207B0021F24B022202
:20C2E00050B1012803D0022806D0032814D1022E18D0012E21D013E0022E11D1042D0FD9DB
:20C3000018682D1F80B2A84207D9A0EB05006080207B00F101002073C7E501D12273C4E509
:20C320002173C2E52173042DF6D918682D1F80B2A842F1D90121217302E06088A84203D936
:20C34000A0EB05006080B0E5EAD1E7E70301F401B02510001CB5D749C0690A6800924968A2
:20C3600001914FEA4001104660F7FBFD0090684661F744FAD0498968814201D9081A1CBD96
:20C3800000201CBD2DE9F05F04460026A4F8906080F8A16090F82B01B046401CC0B284F8D6
:20C3A0002B01E17B11B1012804D008E02046FEF7ECFE04E0D4F81C01401CC4F81C01606D3A
:20C3C00090F8201121B1D0F81411491CC0F81411E07B012803D1012120464BF11AFBB74873
:20C3E0000568D4F8AC0168B194F82B11012909D1A90736D5690702D594F8C21100E02A21E6
:20C4000050F7B2FFDFF8B8A29AF8070000284FEA857033D000282BDAA84814380768002108
:20C42000384661F72FFD834607F01F090021384661F728FD01464846C5F3410261F3491079
:20C44000032A10D00301F401A026100020F48061204694F8850060F3CD2102D1BBF1000FC5
:20C4600008D04B205FF781FC0EE02921CCE740F48061EDE74A20F5E794F8851049205FF7AC
:20C4800074FC3CE000283ADA94F82B0101281CD18E488078C8B994F8C001062815D194F9C9
:20C4A000C20110B184F8C10102E07F2184F8C1119AF8180048B194F8C11161F30700C1B21B
:20C4C00001F5FE413C205FF750FC814A507B022815D1606D116890F8DA0081420FD1137BAA
:20C4E00002F1380194F8C2015854107B401C0721B0FBF1F301FB1300107382F83F8029463D
:20C50000204642F79DFD0546204689F74EFE02F7D6FDC5F3410003280CD06E49012081F848
:20C520008C00A807606D38D5D0F8FC10491CC0F8FC1038E0A07B61F7CBF9C4F80301F401E5
:20C5400090271000A800D4F8881021B1490860F7D7FDC4F8A8002046FFF7C6FC94F82B0180
:20C56000012804D1D4F81801401CC4F818012046FFF7F8FE5449486029462046FFF79DFEAA
:20C58000E07B29460028204608D0FFF73EFD0021204661F7CBFD84F88E8033E0FFF7BCFD47
:20C5A000F5E7D0F8F81001F10101C0F8F810606D90F8201179B1A90705D5D0F81C11491C87
:20C5C000C0F81C1104E0D0F81811491CC0F81811012605B1812684F82A812946204602F7E2
:20C5E00016FDA8070BD53E4994F88E000978884205D2E17B19B1401C84F88E0002E0204602
:20C6000063F71FFA204602F762FD94F8340120F0040184F8341194F8AA0170B13148007809
:20C6200058B9606D012190F8DA004BF7DBFB606D012190F80301F40180281000DA004BF73C
:20C640008CFC606D324690F8DA1094F9C2014DF123F82046BDE8F05F01214FF1B4BA2DE9B2
:20C66000F0411C4F0446143F38681A49FF200D68E90301D5002002E0690300D501201C495F
:20C680000978C9B110B1012802D015E0194800E01948007880B1194E3078142801D1002066
:20C6A000307061F7EEF80146154A307802EB800200F1010011603070A80779D52146002058
:20C6C00020E000005C0B2200000A370070823100E0F72100AC8B3100C05F20001B3C200057
:20C6E000507B2000185F20009D302000D4292000163C2000183C2000193C20001A3C2000DD
:20C70000A0CC20004CF122F994F9C2112046FDF73CFD204689F728FD054694F8110190BB03
:20C7200084F74CFCE07B01282DD1A07B0301F4017029100061F7D8F8E16920F00105A94284
:20C7400012D0FD48807D40B1284661F74FF8002803DA202132205FF714FBE069294661F7AA
:20C7600041F84000C4F88800204665F778FE606D95F76BFB18B1606D214695F7BFF9A07BA9
:20C7800061F7B2F8E062204663F727FE05463868002161F787FB01462046A4F7F9FF15B184
:20C7A000204663F756F994F88500012804D12046BDE8F04163F7FCBDC2E570B5064662F79B
:20C7C000FDFB04002CD0656D304689F7C2F8002826D168F7AFFE68F734FF0646E07B012852
:20C7E00017D1204665F785FC98B1608CB5F8CE1088420ED0002084F8A000B5F8CC0020844D
:20C80000B5F8CE006084012084F82500204665F77AFD304668F719FFBDE8704068F7F2BC6F
:20C8200070BD70B50301F401602A1000D0F8DC400546E068002811DC606800280ED0204653
:20C8400002F72FF8D5F8DC100020E0606060A060D5F8E000C5F8DC00C5F8E01070BD70B59A
:20C8600004460E46B0F8A400002161F71FFB616D91F8202122B1D1F81021521CC1F810217E
:20C88000F0B3D4F8DC10CA68121ACA60B4F8A410C943890705D0616DD1F8EC20521CC1F81A
:20C8A000EC20D4F8DC20D168002921DD116895684A688B6802EB1342521B0FE0904201D2E6
:20C8C000034600E01346C01A002805DD096839B18A684D68120CF1E71D4430B10029EDD1D1
:20C8E00040F6AD317D2069F79FFED4F8DC00856094F8D800C00706D094F82301401C00E010
:20C9000001E084F82301012084F8A6002046FFF78CFF002E04D02046BDE870400301F401B6
:20C92000502B1000FEF735BF70BD2DE9F041040017D00021FEF7B9FE85B201212046FEF7A3
:20C94000B4FE86B268F785FE0746324629462046FFF742FBA4F87C013846BDE8F04168F772
:20C960007CBEF5E410B1B0F87C0170477748408870472DE9F14F764884B0049C06687548B6
:20C98000012545737048C07998B1B4F8A400002100F01F0761F78EFA60F3491794F8850054
:20C9A00060F38C27394617F4787F63D04E205FF7F0F9B4F8A400C143890709D0002161F7DA
:20C9C00079FA28B1606DD0F8E810491CC0F8E810606D90F8201121B1D0F80C11491CC0F80F
:20C9E0000C11204642F7F8FAE07BE0B32046FEF7E4FBDFF86481002084F82A01B8F810001E
:20CA000018B1A0F10100A8F810004FF44610C069400472D50301F401402C10004FF0000901
:20CA20005048CDF800904D460788B4F8A400CB4600F0100103919837494661F73FFA0246BA
:20CA4000606D0021FFF799FA3844029094F8A100C8B3606D0121FEF72CFE82462046FFF777
:20CA6000D6FA8146401C2FD04946204600E007E0FFF750FB0546401C29D029E04D209AE730
:20CA800094F88500A0B984F88550A07B60F738FF616DD1F8D41060F7B1FE010008D0606D0B
:20CAA00058F775F8606DB0F8CC00208484F8255094F82B01002805D1D4F81C0100F1010053
:20CAC000C4F81C0184E003E0D1464D4600E05546B4F8A400C00618D5606D0021FEF7E9FD45
:20CAE0000190304642F1DCFA5FEA000A0AD0002161F7E4F900905FEACA6006D5DDF804B03C
:20CB000003E062E0019800908346606D0301F401302D10004A460099FFF766FA00EB070951
:20CB2000606D2A465946FFF75FFA029AC11902EB09004218094949688A422AD90C4AF303E6
:20CB4000136817D523F480131360B8F80E3023F01003A8F80E3016E0C05F2000E0F7210032
:20CB6000AC8B31005C0B22008CCC2000AC302000688B310023F010031360B8F80C3023F094
:20CB80001003A8F80C30B4F8A42022F01002A4F8A42088421DD894F8A1000399084318D0F7
:20CBA00098F8120000070FD49E48026822F4007202609D4802689D4B02EA030202609C4841
:20CBC000026822F4002202604FF00200A8F8100002E0204662F74DFF204676F7B9F8E07B94
:20CBE000012802D12046FEF7F0FAF00304D594F8340120F0010005E0700305D594F8340163
:20CC000040F001000301F401202E100084F8340194F8130101280FD8B4F8A400C043800751
:20CC20000AD194F83401C0F3400100F00100814202D1FF2084F8130194F83401012140F01B
:20CC4000040084F83401606D90F8DA004BF7C3FE606D012190F8DA004BF720FF606D90F8E6
:20CC6000DA004BF7A2FF7548016811B14168491C4160049805B00121BDE8F04F4EF19EBF6D
:20CC800070B50546446D62F7D4FDB4F8CE00218B00EB4101E86960F74FFAC4F8D40001462E
:20CCA000284662F7E0F895F88F0040F0040085F88F00B4F8D210D4F8D40060F7A7FDC5F893
:20CCC0000C01B4F8D000A4F8CC002884B4F8D200A4F8CE00688494F8DD0084F8DC0085F8A5
:20CCE0002400E87B012804D1E07D40F2E2414843A862E07DE070208BA080E1880301F4018E
:20CD0000102F1000608B814207D16189E28B914203D12189A28B914208D0E080E08B608112
:20CD2000A08B2081E06B40F00200E0632846BDE8704062F7F3BA70B50D460446002128464D
:20CD400061F7C8F80146B4F8A400C5F3C002C0F380039A425BD13C4EB27C120700D5E1B92C
:20CD60003A490968022902D1E943890715D080F00400A4F8A400204688F758FF90B1408C23
:20CD800010F4C06F0ED02B49091F0868B4F8A420520704D540F0041003E0002504E020F094
:20CDA00004100860A4F890500021284661F792F800282CD094F8D810890700D5001F0246A6
:20CDC0002348C1880C39914200D20A46B0682149001D96F793F894F8D800800717D594F84B
:20CDE000240100F1010084F824011B48006840040ED5606D0301F4010030100090F8DA0021
:20CE000066F767F93D2180F8CB100120A4F88C000020A4F8900070BD2046BDE870408CF7A4
:20CE20008BBA10B5416D044619B191F8CB104EF170FF2046BDE8104062F7E2BB6C8B31009B
:20CE400064833100FFFBFFFE608B3100142122008CCC200088682000DB212000000A37006B
:20CE6000AC8B310070B5144600F10905FEF609FE012802D01220607170BDFF49B5F80300AE
:20CE800008800020F7E710B501691446C8B2C1F307214DF1BCF90020607110BD2DE9F0472F
:20CEA0008046154600F10904002666F7D8F868B1F249607E12270978884209D840B156F72B
:20CEC0009AF8814656F7B7F848B904E0072007E06F71BDE8F087484656F7ABF810B10C20A3
:20CEE0006871F6E7E6480078002894F90301F401F03010001A0003D046305A2803D903E054
:20CF000015301E2800D80126607A0328E4D8A0882028E1D3E188B1F5804FDDD88842DBD892
:20CF2000E17D4907D8D0002ED6D0217A022901D0032901D1A028CFD368F7A3FB0646217AE4
:20CF4000484656F794F8617A484656F792F8607A18B1607E04F10A0104E0002066F7B1FA9D
:20CF60000146607E56F787F8E17D484656F78EF8A08820F00101484656F78AF8E08820F0F2
:20CF80000101484656F786F894F91A10484656F790F8207A08F11A05012807D0042805D069
:20CFA000607A02280CD003280AD011E0217C484656F776F82946484656F774F8002108E0F6
:20CFC000217C484656F76CF82946484656F76AF8217E484656F76BF83046BDE8F04768F73B
:20CFE00054BB70B50301F401E031100004461046A84D00230CE0E25C50400022C60702D0B0
:20D0000085EA500000E04008521C082AF6D35B1C8B42F0D370BD2DE9F84F9F4F00240546D2
:20D0200097F80C9097F87220861DA34622B3797807F1680841B14146B86869F7D5FC97F891
:20D040007210B8680844B860787B97F8721007EB8000426C4046FFF7C8FF797B07EB8101FB
:20D060004864B88897F87210401AB88087F872B00A21404665F760FC97F801C0BA8882B152
:20D08000387BE6287ED2BCF1000F04D0B968835D01F8013BB960521E401CBA803873641C6F
:20D0A000ECE7797BB84607EB810ADAF83000022830D04D44E1B24646A81D0C46DAF8442005
:20D0C000FFF793FFC043070E707B214606EB8000426CA81DFFF789FF4FF47F010301F40140
:20D0E000D03210008143707B47EA112706EB80002146426CA81DFFF77CFF4FF47F41814383
:20D10000707B47EA012706EB80002146426CA81DFFF76FFFC04347EA00604FE0002088F8B9
:20D12000010098F80C70E02F1ED805EB0900A41D801DE1B2DAF84420FFF75BFF98F80D10C0
:20D1400008EB8101486498F80D10C04308EB810100BA486498F80C005149304424390268B2
:20D160004A61808808832DE0012088F801004C481038C8F808000090E62F0ED2C7F1E600FB
:20D18000834602464648B919103800E02EE069F72FFC00995944C8F80810E03FA8F804701C
:20D1A000002088F80C00E01B801DC1B205EB09004646801DDAF84420FFF71BFF717B06EB73
:20D1C0008101486498F80D10404608EB8101096B012909D10301F401C03310004178002923
:20D1E00006D0D8F80810314851F8041CC0F81415BDE8F88F787BE1B207EB8000426C05EBEC
:20D200000900801DFFF7F9FE797B07EB81014864EEE72DE9F047244D06462946687B0F7BAC
:20D2200005EB800991F87240D9F830004FF00008012804D0022817D085F8018059E6F0783F
:20D24000C00705D0A7EB04003044807B687001E085F801801548A86068780028EED01249F0
:20D26000A8882439886044E6F078800702D50120687001E085F801800D48A8600A4868302A
:20D28000824624B101462246723869F7B5FBB61DC4F10802B9190DE0F20822001C312000AE
:20D2A000503D20002083B8ED24F9210000462200942F2200F848204469F79EFB0821F648EA
:20D2C000D9F84420FFF799FE697B05EB0301F401B034100081014864287B95F87210401A91
:20D2E0000830287385F872800A21504665F730FBA8880E38A88000E62DE9F05FDFF8A083C1
:20D300004FF0000982F8069008F10A0882F8059098F8021000F10905481C88F80200A888E4
:20D32000144628B198F8030020F0010088F80300DFF86CB30BF14A0B71B198F80C00E62880
:20D3400003D898F8721000296AD0E63888F80C002846FFF762FF67E0A87D464688F8000096
:20D36000042801D904203070002014E000EB800105EB810106EB8002D1F822301361D1F826
:20D380001E301362D1F81A301363D1F82610401C09BAC0B2916531788142E7D8D5F80E00B5
:20D3A00000BA7065306A326C0C38C1B205F112008246FFF726FEC043070E306A326C0C3871
:20D3C000C1B250460301F401A0351000FFF71DFE4FF47F018143306A47EA11270C38C1B214
:20D3E0005046326CFFF711FE4FF47F418143306A47EA01270C38C1B25046326CFFF705FE56
:20D40000C04347EA00603064726D0121904207D1326AA81D10440088B0803369984201D085
:20D42000A1717BE0327397E7E62801D388F80C9098F80360F0070DD09B4874210A3065F789
:20D440008BFAFF22282158469BF700FE88F80360BDE8F09F2846FFF7EEFDB8F8040000286D
:20D4600029D198F80D00022708EB80000326016B0229816D406C03D081420CD0A7714DE068
:20D48000814201D0A67149E04BF15DFC98F80C00801D88F80C0098F80D00401CC1B288F872
:20D4A0000D1098F80000814206D198F8030040F0010088F803007CE008EB81000301F40115
:20D4C00090361000026B022A15D9491C88F80D10A88848B9764874210A3065F741FAFF2277
:20D4E000282158469BF7B6FD98F8030040F0010088F80300B0E700694FF0E60A82B2A8F8B6
:20D50000042098F80C00DC2842D8A91D08440088824213D0A67198F80D0008EB8000006B5A
:20D520000128AFD0624874210A3065F719FA5846BDE8F05FFF2228219BF78CBD2846FFF720
:20D5400074FE98F80300C00702D12846FFF777FDB8F8040030B998F80D0008EB8000016B3B
:20D56000022907D098F80C00E62826D9E63888F80C0022E0816D406C814287D14BF1E7FB81
:20D5800088F80CA098F80D00401C88F80D0090E7E62812D2A91D01440B889A42BAD1C0F1BA
:20D5A000E6024348723069F733FA98F80C00C0F1E60088F80301F40180371000720088F864
:20D5C0000CA0A88878B93C4874210A3065F7CCF9FF22282158469BF741FD98F8030040F02F
:20D5E000010088F8030084F8059039E72DE9FE4F00F1090631483249154690F8009009782B
:20D6000000204FF01008FF2900D08946D6F80710DFF8B0A0CA0740D0274AC1F303210A325A
:20D620008AF80010D278D24392070FD1264B01EB41016A4603EB81010B189B7C1354401CC4
:20D64000C0B20C28F8D3104606F0F6FE022404F00101600808EB010705F048F8417801F0BB
:20D660007F014170D6F8072022FA07F2D20700D0802211434170090602D500F1140100E053
:20D68000011D641CE4B2C167062CE0D34946002005F007FC08B9122068719AF80000A8712B
:20D6A0000A4800684078C009E87100200301F40170381000A860A881A873BDE8FE8F000087
:20D6C0001AF9210057FD21005BFD210064FD2100284C220080FD21002DE9F04100F109042D
:20D6E000804617461222E11CFE4869F799F9FD4D0022002000EB0213191900EB400305EBC2
:20D7000083031344401C497DC0B299741028F1D3521CD2B20C2AECD3F3480026C17841F0DD
:20D720000201C170C4F80360F048C4F80700F149EF48D1F80A200260D1F80E204260498A69
:20D74000018101220621EC489BF78CFC0021084604F0D0FFA97C89080177297D890880F8A0
:20D7600024100121002004F0C5FFE97C002289080177697D890880F8241011464046FFF7F5
:20D7800039FF0021084604F0B5FF04460021012004F0B0FF014600792071087B2073012182
:20D7A000002004F00301F40160391000A7FF04460021022004F0A2FF01792171007B2073D1
:20D7C0007E71BDE8F08110B5C94B09300024243B1C70C178597019B1007900F00F00187057
:20D7E00054711878907110BD10B5C14C5022243CC449E06847F70DFB40F6FF71E06847F79B
:20D80000D8FAE068BDE810405022BE4947F7F2B92DE9FF4FFDB0884679A97B9177A97C915D
:20D82000B349002624399246C9683EAC6D46374601F5807B01F5407980B101282CD1042229
:20D8400076A9484647F7E5FA7698411C28D0010A809A000C401E117004B24AE0042276A966
:20D86000584647F7D6FA7698411C19D08099000AD222087004F10C010BF1040047F7C9FA16
:20D88000002120467B9AFFF72BFFFF218AF800109DF8E91188F800100DF5017D0301F40182
:20D8A000503A1000BDE8F08F112088F80000F7E7032028737320704309EB4000A5F80D40F9
:20D8C000001DE62205F10F0147F7A7FA002128467C9AFFF729FD641E761C9DF8E20124B21B
:20D8E000F6B220B1401E012181403943CFB28AF800709DF8E11188F80010002CD8DACFE7D4
:20D900002DE9F84F00F109047B4815462438C668FF20907137468246D071002006F580764D
:20D9200007F54077507146F7BBFF47F73DF84FF01208B0B3E07838B101285FD002282FD18A
:20D94000207900285DD062E020794FF01109D0B904226946304647F760FA0098401C1DD157
:20D96000D222A11D301D47F749F994F905104FF4803040EA012021790422084300906946FE
:20D98000304647F73BF92079012832D104226946384647F70301F401403B100042FA0098F1
:20D9A000401C03D085F8059042E405E0B4F8EC00B4F8EE10884202D885F8058038E4401ABD
:20D9C000401EC0B27321484307EB4000001DE622A11D47F717F9B4F9EC00B4F8EE1061B998
:20D9E00094F90510000440EA012021790422084300906946384647F705F96079A87185F8C3
:20DA000007A015E4FFF7F8FE12E4AB1DEA1D691D0020FFF705FF20790128C5D1AB1DEA1DEE
:20DA2000691DFFF7FDFE03E4007B1221012803D002280FD051717047012090710C20D071CD
:20DA400034481838036893604368D360806810615170704730480221006A91710421D1717F
:20DA600090600A20507070472DE9F04100F109042A4815460078012802D001205071A8E620
:20DA800065F71DFB40B1E078122618B10301F401303C100024490978884204D96E719CE65D
:20DAA0000720687199E655F719FA0C2730B1E07855F7D5FA804655F7F2FA08B16F718CE6F8
:20DAC000404655F7EAFA0028F8D1A0882028E5D3E188B1F5804FE1D88842DFD8607A40073E
:20DAE000DCD0207A0128E9D00428E7D067F7F9FD0546217A404655F7EAFA617A404655F77E
:20DB0000F5FA13E0284C220024F9210001000300D42E2200004622009CFD210020212200A2
:20DB2000D8522000F03C20001C312000A08820F00101404655F7DCFAE08820F00101404600
:20DB400055F7D8FAA17A404655F7E1FA2846BDE8F04167F7CABD1120507170472DE9F74FB1
:20DB600006001746C2EBC70000EB0711FF484FF000084FF0120A026802EB8105A5F13C052E
:20DB800028D0297B0301F401203D1000B14225D100248146DFF8E0B315E0C4EBC40000EBF2
:20DBA0000411D9F8000000EB81002030C17CC90708D0017B55F765FA01460622019860F758
:20DBC000A9F858B1641C9BF800008442E5D3E87CC00716D0287B012802D012E0504680E56E
:20DBE000012E0ED167F781FDE44A07EB4701126802EB810201990B6813608988918067F7E9
:20DC000078FD08F0FF006CE570B500F10905DC4814460078012802D00120507170BD65F7C7
:20DC200056FA40B1E87818B1D3490978884204D91220607170BD0720FBE755F753F928B18C
:20DC4000EA782879691DFFF78DFFF2E70C20F0E770B500F1090500201446507142F136F81D
:20DC6000E81C42F16FF8002801D11220607170BD10B5002151711446007B42F10301F40133
:20DC8000103E1000B8F8002801D10C20607110BD10B50021144651710C3042F1FAFA002825
:20DCA00001D10C20607110BD70B500F110051446008A65F7B4FA010004D02A460F208DF7B7
:20DCC000EDFD00E0022060712888E08070BD10B5144600F11002002110208DF7DFFD6071A6
:20DCE00010BD10B51446002111208DF7D7FD607110BD1FB5A54C0930236823F07E0343F0A0
:20DD00000103236000238DF80C30B0F80330ADF80D3040798DF80F0068467BF771FA1FBD27
:20DD20002DE9FF4700F1090517468089052166F758FA0646B5F8030065F771FA824695F934
:20DD400005407BF796FD034600216EB9BAF1000F0AD1B5F80300FE2803D0FF2803D002208E
:20DD600049E0012100E002218948C07C000701D5112040E00301F401003F1000DFF81C924D
:20DD8000EC4699F8020088B199F8035099F804200CEB45052A7099F8050068708048814A10
:20DDA000007801284FF0000004D012E0012289F80220F3E7D2F8008008EB000292F82450E0
:20DDC0000CEB400215705070401CC0B20828F3D30CE0D2F8008008EB0002157F0CEB400209
:20DDE00015705070401CC0B20828F4D39DF90000A04203DB9DF90E00A04203DD3020787124
:20DE0000BDE8FF87002001E0401CC0B20CEB400292F90020A24201DB9842F5D3401EC2B2F0
:20DE20000CEB420089F8032090F9003089F8043090F801C089F805C0C578E71AA5EB0C0529
:20DE40007D4390F902700470FB1A95FBF3F3634443702EB186F8A02030687BF7E7FCCFE7EE
:20DE6000504665F745FDCBE770B5494B0301F401F03F100000F1090415461B78012B01D0E2
:20DE8000012017E0E378062B13D2DFE803F0120306090C0FFFF746F80DE06EF78EF90AE009
:20DEA0006EF760F907E06EF737F904E06EF79BF801E012206871E078A87170BD114643F137
:20DEC0009EBF2DE9F041007B164600B3DFF8E08000250024A32105FB01F008EB4007A320E2
:20DEE00000FB047006F001FC641CE4B2022CF6D36D1CEDB2062DECD32E4D0024A32000FB3C
:20DF0000045006F0F2FB641CE4B2052CF6D30020707172E470B500F109041546808965F780
:20DF200086F950B1A178022905D0617980F847110020687170BD0021F8E71220F9E72DE950
:20DF4000F84F4FF0000B00F1090782F805B016468089012166F74DF9050035D0D5F8FC0003
:20DF60004FF00C080301F401E040100040077CD42868134AC0EBC00102EB0114703C71F71F
:20DF8000AAF879790122B2EB510F41D10D4A0020126819E05C3C20001C312000603C2000F0
:20DFA000F03C200000F82100F853200000F9210058FD210080FD21005B3822002C3522002B
:20DFC0009C222200903A2000D64B93F800C00EE00220707100E5C0EBC00302EB4303DF7A3B
:20DFE000042F03D1DB792F68BB4202D0401C6045F1DBB171C0EBC00002EB40010E22F01D9B
:20E0000068F732FD012084F86C0086F805B0E3E401F00109E969C1F3C4020A2A37D195F8DF
:20E02000B5200323B3EBD20F31D109042FD494F84C1011B1B9F1000F29D151EA090126D0BC
:20E0400097F80680B7F807A0B7F809104FF0120E0091B9F1010F17D81CD1B8F10301F40165
:20E06000D0411000000F13D0BAF1000F10D0C28E00E010E008F1010140F271235943B5F8C9
:20E080005C3040F2712C4A4303FB0CF39A4205D986F805E0A4E486F80580A1E484F84C9016
:20E0A000B9F1000F02D04FF0010201E04FF0000284F84D203FD084F84E8084F84F80A4F848
:20E0C00050A00099A4F85210818EA4F85410C18E08F1010801FB08F1A4F85610818EA4F8B7
:20E0E0005810C08EA4F85A0084F86DB0E06D58B94FF0200064F7C7FDE06560B12A688C4942
:20E1000067F7C9FBE06D30B14FF47A700AFB00F1E06D67F777FD206E40B9202064F7B3FD9B
:20E12000206618B12A68824967F7B5FB0021284643F155FF2CE0028CB4F858108A4204D1BF
:20E14000428CB4F85A309A420ED00184B4F85A104184B4F80301F401C0421000581081867B
:20E16000B4F85A10C186C4F868B0012180F82510E06D30B167F765FDE06D64F78BFEC4F8C4
:20E180005CB0206E30B167F75CFD206E64F782FEC4F860B084F86CB07879B07124E42DE950
:20E1A000F04700F1090617468089012166F72DF80500B6F80300F8804FF0000179714FF087
:20E1C0000C0224D028685D4BC0EBC00003EB0014703C1CD0A1808846E180617C584821F022
:20E1E00001016174A4F80880A4F80A80C4F81480007878B15348007860B1B079DFF8489110
:20E200005249A8B3707998B34878142805D37A71BDE8F08701207871FAE7A07E30B901EB1B
:20E2200080025268DAB1401C1428F8DB7079A07670790870B079C0008870204646F115FCBD
:20E24000284646F1CAFBA07EC10712D00301F401B0431000032121744FF6FF7121806180A0
:20E26000A181E1810BE001EB80002A684260487800F101004870DDE709E084F810808007E5
:20E2800002D5B079C00021E089F80080C4E7A07E90B1002001EB80022B6852689A4208D122
:20E2A00001EB8000C0F80480487828B1401E487002E0401C1428EDDB84F8108084F81A80A3
:20E2C0004A784046002AA7D18870087089F80000A2E7204B09305C3BC178196049B1596832
:20E2E000C2F806109968C2F80A10C07808B1022802D1002058609860704770B500F10904E1
:20E3000015468089012165F784FF70B100680121814011480068014209D062790F48002AF3
:20E32000026907D01143016170BD122000E00C20687170BD8A43026170BD0000883A200035
:20E3400055BC24000301F401A04410009C222200FAF92100F9F9210045FA21007021220081
:20E36000F027200000F9210010B504464BF1FCF90100FB4894F8A81000EB011006D050F86A
:20E380000C1C491C40F80C1CF64805E050F8081C491C40F8081CF4480168491C016094F849
:20E3A0002101022809D0012843D1D4F8FC00401CC4F8FC00401C0DD010E0D4F8F800401CD6
:20E3C000C4F8F800401C34D194F8A800BDE810402AF763BF94F8A8002AF75FFF94F822015A
:20E3E000002826D0E148D4F8FC100088B1FBF0F200FB121000281CD1D4F8F8002CF751FC82
:20E4000094F82211814202D294F823217AB181420FD994F8230100280BD0002084F823018D
:20E4200094F8A810BDE81040212036F79DBF0120F4E710BD30B4D9B9CD4A12780301F40100
:20E4400090451000C2B1CD4BCD4C5A78521C52B25A7094F90040A2420EDB1A78C94C521C76
:20E4600052B21A7094F90040A24202DC30BC5EF7F7B900221A705A7030BC2CF7CFB82DE96C
:20E48000F05FC14F3868807B5FF7A6FA05463868C16E28465FF71EFA396804460026B1F8DC
:20E4A000020138B3A04225D2084663F722FE08BB386863F701F8E8B9386890F8A80065F74A
:20E4C000C1FB90F8A200082814D03868A0F8026163F71DFB386890F8A8100D2036F748FFB4
:20E4E000AA48C07C002870D0BDE8F05F002150205DF7BFBC386890F8141169B1B0F806110C
:20E50000A8B25FF7A8FAA04206D33868B0F80611A8B25FF7A0FA04463868D0F8A41069B1C5
:20E52000B0F80811A8B25FF796FAA04206D33868B0F808110301F40180461000A8B25FF73F
:20E540008EFA04463868B0F80411A8B25FF787FA0546AC4200D804463868B0F80011091F7F
:20E56000A94205D890F81321022A01D380F81361894A1388A34206D3A94201D8032106E031
:20E5800080F8116148E05188A14203D3042180F8111141E0918890464FF00509A14202D303
:20E5A00080F8119138E090F8A80076F771FE06004FF0060A4FF0070B03D063F796F90F2884
:20E5C00008D0B8F80600A04218D3396881F811A122E02EE071484188A14203D3396881F8AF
:20E5E000119119E080883968A04204D381F811A17520B07410E081F811B10DE0386880F80A
:20E6000011B1C27B012A07D1B8F80610A94203D290F8A8006FF795FA386890F818110129D2
:20E6200007D190F81111091F032902D20301F40170471000032180F81111BDE8F09F2DE968
:20E64000FC5F04460F46002590F8A80065F702FB30B100685449C0EBC00001EB0015703D13
:20E660000026012F05D184F89B6084F80D6184F80E617EF769FCDFF824A150B1A681E07B29
:20E68000DFF82891B84276D07EF79AFB484F70B90AE09AF8160018B1182132205DF7F1FBBA
:20E6A000BDE8FC5F5EF7ADBAF87C000704D594F89C0040F0800103E094F89C0020F08001D5
:20E6C0003C4884F89C10007841080AD0C00794F89C0002D040F0800101E020F0800184F893
:20E6E0009C10204640F7EDFAF87CB846010704F19400019001D400F792FED4F8A400012762
:20E7000000B394F8940000061CD594F8A81007FA01F01E49C968084214D1204663F72DFD48
:20E7200060B9E07B0301F40160481000012809D11B4890F8371029B90068A04202D094F8F5
:20E74000A20018B140F7D3FA002879D0B4F89C005D4660F30F05E07B4FF0030B012830D0B6
:20E7600094F80C0160B3B4F8000104286AD394F81301022866D394F81601E8B362E0C7E1AC
:20E78000EC3322004CFD210050FD21008E292000B1F8210004FA2100B2F82100B0F821000C
:20E7A000286C2000C05F2000A0292000002D20009C222200D0863100F8532000D43A200030
:20E7C00040E025F0780060F30705C5F3072020F07C0060F30F2584F813B1204663F7D1FC6E
:20E7E00078BBF8490868A0423CD1F74AD4F8F4001268104236D100E00DE094F89800022857
:20E8000030D194F89400C0F3C30001282AD884F81C714C6026E0A07B6AF765FC0301F401A5
:20E820005049100028B1EB49B4F80001098888420CD225F0780060F30705C5F3072084F8F5
:20E8400013B120F07C000FE02EE00FE025F0780000F1080060F30705C5F3072020F07C002C
:20E8600084F8137100F1040060F30F25DA49A8B200958346086084F8A07098F813000007A3
:20E8800006D40023C5F3C3011A46012000F787FF84F821619AF80400002804D04FEADB015C
:20E8A00001205DF7F6FAF3E0E07B28B984F8137184F8986084F8996094F8A30038B104F1EE
:20E8C0009D04A671207880F0020004F89D0994F8A200D8B194F8A80065F7C4F95DB1E87C5E
:20E8E000C00708D084F8286184F82171E87C20F00100E8740EE094F8280100F1010084F884
:20E9000028014FF0020084F8210103E084F8286184F821710301F401404A100084F8A270D8
:20E9200084F80D71AF4884F81D71D4F8F42001699143016198F81300C00602D5204683F73C
:20E940005FFFA749B4F89C00ADF800000860091DB4F89E00086001987EF7D4FA94F8A8002C
:20E960007CF742FB50B994F8A80070F7DCFB90F8430018B994F8A80047F114F894F89C0030
:20E980009949C0F3C300085C84F8A000401EA081E07BC0B9204663F7FCFBA0B994F8190196
:20E9A00088B320464AF723FE28B19048007884F816018F4804E08F48007884F816018E4825
:20E9C000007884F817019AF80400564690B1B4F89C00B4F89E10C0F3C60040EAC11103207E
:20E9E0005DF75BFA94F82101022803D0012165205DF753FA307AF8B1B4F89E00C0F301002A
:20EA0000032807D018E0FFE77C4800780301F401304B100084F816017B48D5E794F8210196
:20EA200002280DD0D4F8A4007F220178B2EB510F02D14178433100E049085D205DF731FA1B
:20EA4000B07A70B1B4F89E00C0F30101032908D094F8A810C0F3C90060F31F110D205DF7A4
:20EA600020FAEDB169480078D0B194F89C00C0F3C30194F8A90046F17CFB30B1D4F8A40061
:20EA800018B1A87C40F00800A87494F89C00C0F3C300022804D9D4F8A40008B15C4807704C
:20EAA000E07B01280DD15B49D4F8F4000968084207D094F89D00C00703D05748007884F8A8
:20EAC000250198F81300000702D520466FF753FD5248407A20B194F8A90000992EF7FEFB62
:20EAE000204640F7ECF994F85E0060B1B4F89E0041F6FB7108400128D9F80010484610D0EC
:20EB000021F001010301F401204C100001604648007800282DD045480078002829D0204655
:20EB2000BDE8FC5F012146F1FFB841F00101EDE784F8986084F899607EF7ACF994F85E00D1
:20EB400028B1D9F8001021F00101C9F80010A06E10B1B4F88600A08194F89C00C0F3C30057
:20EB6000022806D932480168002902D04168491C4160BDE8FC9FF8B50446D0F8A4001D4DF2
:20EB8000012638B36946204663F754F994F89C10194AC1F3C301515C814294F8A80006FAF0
:20EBA00000F6E86802DD0643EE6001E0B043E860D4F8A400002872D10B49D4F8F40009681D
:20EBC00008426CD094F89400000668D5E07B012830D03DE094F8A8008640E868B043E86026
:20EBE000EAE70000286C2000E02B200086282000CC8A310004FA21008C090D000301F40156
:20EC0000104D1000842920008529200082292000832920008029200081292000F9F92100AF
:20EC2000F8F921009429200086292000F85F2000FAF921007021220014212200FE4890F8B3
:20EC4000371049B994F81D1131B10168A14274D1B0F93000002870DD6946204663F7EEF89B
:20EC6000E67B0146B6B1009818B1A27B807B824200D0891E0023002918DC94F80F01EF49BD
:20EC800000F10100C0B284F80F010978884254D9012130E094F89D00C00705D194F8120175
:20ECA00010B1091AE6E748E0491EE3E7A27BE448805CF6B9E34FD4F8F4603F683E4218D015
:20ECC000032816D24FF0FF3606EB4000884210D1009870B1807B82420BD194F81001401C84
:20ECE000C0B284F81001042803D30828D0D384F8103100290301F401004E100021DDD448E9
:20ED00000088000703D5D348006800B1012184F80F3104F1940027F752FED4F8A4000028EB
:20ED20000FD0A07B5EF781FEA4F80801B4F89E00C0F30100022804D1D4F8F40029690843C6
:20ED40002861F8BD70B5BE4D2C68B4B1204663F772F890B194F8190178B1D4F8A40060B191
:20ED6000BD49D4F8F4000969084206D1BB49B5F9300009784942884207DCB94C00202060FA
:20ED80002BF769FAAFF243002060012070BD2DE9F047044690F8A80064F778FF00287CD02F
:20EDA0000068B049C0EBC00001EB001694F89800703E18B92068016A20468847AA4805685B
:20EDC000D4F8E80090B1A9071BD594F89810022909D1690307D5207C00217AF795FEC1B2E9
:20EDE000D4F8E80000E02A214EF76AFB0301F401F04E10007EF72EF801274FF0000830B158
:20EE000094F8980002280BD08FE02921F0E704F8997F207920F001012171A4F1990484E052
:20EE2000E07B68B96AF7A4FD50B194F89400C0F3C300401F032803D394F8A8006AF7F8F9D7
:20EE400004F19400294681462EF726FB94F8940094F89C10C0F30202C1F302018A4250D1FA
:20EE60008449C97CC9060DD58349C0F3C30009680968C1F3C331884204D12946204683F715
:20EE8000E5FB52E0B4F896004EF207010840A4F8960000232A4604F1280148462EF736F8CA
:20EEA00000E0A6E094F899107448012915D084F81F710079F0B194F89400C0F3C300012807
:20EEC000B4F89400C0F3C60101D8022010E0B4F8960041EAC01104200AE0007950B1684916
:20EEE000B4F894000301F401E04F10000978C0F3C60040EAC11105205CF7E7FF94F89D001D
:20EF0000C00716D084F8148113E0400711D194F89D0020F0010184F89D10680309D515F461
:20EF2000601F06D1022184F89910294648462DF783FF20463FF71CFFE07B012820D194F8D8
:20EF4000980001281AD002281AD194F8940010F0780F02D1D4F8A41081B1C0F3C301012924
:20EF60000AD1D4F8A41039B9484AD4F8F4101268114201D0010601D4400701D15DF7A1FC5E
:20EF800094F89B0020B9204684F89B702AF7FBFE3F48007830B12EB1307C18B101212046AE
:20EFA00045F141FE3B4D94F8A8002A68C0EB001102EBC10111F8772C7AB111F8761C61B19F
:20EFC000401E002149F771F894F8A8002A68C0EB001002EBC00000F8768C2F480301F40171
:20EFE000D0501000007830B12E48007818B11021204645F1ADFE2046BDE8F04700214CF1B9
:20F000008EBEBDE8F08710B504467DF7CFFF08B17DF791FF1A4900205039086094F8170162
:20F0200040B1E17B31B994F81311032902D1401E84F8170120462BF76FFE20463FF7B8FEB1
:20F0400020463FF714FF3FF770FF94F8A8000021401E49F754FD27E0286C2000792920009B
:20F0600060AC200094292000082122009820200004FA21007E292000D05A20009C22220054
:20F080002C8B3100F85320006C3B2000C05F2000B2282000E02B2000F9F92100E0292000B6
:20F0A000FAF921007021220094F8A8000021401E49F788FDFE48007860B1FE48007848B18B
:20F0C000FD480068C0F3C300012803D00221204645F13EFE0301F401C05110002046BDE8F1
:20F0E000104000214CF102BE2DE9F05F044690F8A80064F7DBFD05007ED02868F149C0EBC8
:20F10000C00001EB0010F049A0F1700894F8A8000860EE4894F8A9104FF000090160A4F895
:20F120000C9094F8980004F1940618B9314620462DF7B4FD94F8A800314682F753F8012667
:20F1400084F89A6094F8160130B194F81311012902D1401E84F8160194F89800DFF870B3F9
:20F16000DFF870A3022837D0DB48007920B19BF8001000205CF7B1FEE07B78B194F825010C
:20F1800000280AD0CE4960310968C907F9D0401E10F0FF0084F825010AD053E1204663F7EE
:20F1A00018F80028F9D1022120462AF7C4FA49E1D4F8F420DAF800109143CAF8001094F8C7
:20F1C000190100287ED020464AF731FA0301F401B05210000028E4D020464AF7D3FA35E15C
:20F1E000A07B5EF731FC074694F8130103280ED0A07B69F7A4FF38B1B4F80001B94900E0E6
:20F20000C8E10988884202D2022084F81301E07B48B16AF7BDFB30B16AF7BDFBA17B884217
:20F2200001D147F177FBA06E48B194F89400C0F3C300401F022802D9204663F7C0F994F84C
:20F24000940094F89C10C0F30202C1F302018A427ED1204648F19AFA10B9E766A4F80471FF
:20F260009F48007970B1D4F8A40058B194F89500C00707D094F82801494660F34801652070
:20F280005CF72FFE984920462DF765FD204662F7A4FF18B9022120462AF751FA94F89800D5
:20F2A00002286FD194F89400C0F3C300012839D8D4F8F420DAF8001020469143CAF8001046
:20F2C00084F812910301F401A053100062F789FF98B900E0C4E0E07B38BB8649D4F8F40080
:20F2E0000968084203D094F89400000608D4204684F81C6102212AF779FDE07B28B16DE0E4
:20F3000094F80D0108B984F81C6194F8A8007BF793FE50B994F8A8006FF72DFF90F84300C8
:20F3200018B994F8A80046F197FB57E0032859D3D4F8F410DAF800201143CAF80010E07B2E
:20F34000D0B9204662F74DFFB0B994F81901B8B120464AF774F900E071E028B1664801785C
:20F3600084F81611654804E065480178654884F81611017884F8171194F8140138B112E04A
:20F380006148017884F816116048F2E756E094F89500C0F3400194F8AA00814203D184F893
:20F3A0001461A4F80671E07B78B994F8A8007BF743FE50B994F8A8006FF7DDFE0301F401DB
:20F3C0009054100090F8430018B994F8A80046F1A9FB04F1FF0414F8651CE174E673E677FE
:20F3E000A4F1FF0494F89800022832D1204662F7FCFE38BB484991F8370018BBE07B0128D0
:20F4000001D0B0B125E094F81201012824D90868A04203D1B1F9301000291DDCA04202D00A
:20F420005DF727FC15E090F82001A8B15DF721FC06E0B1F93000002810DC0968A1420DD1E7
:20F440002AF725FF05E0400703D05DF712FC8BF80060E07B012801D184F8259194F81901F5
:20F4600010B1204641F114FE20462AF7EEFF28B120462AF7B5FF20462AF79EFF2046217C72
:20F4800073F7EEFC25482649C07C0A684007002894F8A800C0EB001002EBC00002DB10F89E
:20F4A000770C0AE010F8772C8AB194F89420C2F3C302042A0301F4018055100002D210F857
:20F4C000750C40B11948007828B994F8A8000968C0EB00102CE035E0FAF9210070212200B8
:20F4E000CC8A31009C222200C0282000C4282000B228200094292000C05F200086282000AD
:20F500007C090D00E02B200084292000852920008229200083292000802920008129200069
:20F52000286C2000F8532000E0292000D429200001EBC000002100F8766C94F8A800401E2D
:20F5400048F714FDFE48007848B1B8F1000F06D098F8100018B10021204645F17CFBF94838
:20F56000007830B1F848007818B10821204645F103FCF6488068400718D594F89800022845
:20F5800014D194F8A800F24FA7F14F08C05D78B102280BD094F89400000615D5A07B5EF757
:20F5A0005FFA2A6808EB820141F8040C0301F40170561000BDE8F09FA07B5EF755FA2A684D
:20F5C00008EB820141F8040C94F8A800C655F1E7E24EB0680028EDD0A07B5EF745FA2A68D7
:20F5E00008EB820151F8041C5EF7BCF971688842E0D914F8A81F0220C8552078BDE8F05F28
:20F6000040F400410D2035F7FBBE10B5044690F8A80064F75FFB20B190F8A21020464CF1C1
:20F620001CFC94F8A81001208840CC494A69824320464A6145F1D9FD2046BDE810402AF75F
:20F6400016B9C848C6490161AFF68D71C160AFF23F510162AFF24D018160AFF22561C161E9
:20F66000AFF68D018161704710B5002490F8A80064F730FB58B1D0F8D41041B143F6982285
:20F68000914204D890F8DF00022800D10124204610BD10B50C46FFF7E7FF10B13F2C00D210
:20F6A0003F2420460301F4016057100010BD2DE9F047AF4D0026A9682868884204D085F8C9
:20F6C000396085F83A60A86090F81911A94CE9B3A94A95F83910DFF8A4821278DFF8A092D6
:20F6E000A84F91421ED290F8111179B9D0F8F410D8F80020114203D090F89420120605D465
:20F70000D9F800203B681A4311420BD09E490978E9B390F8A80028F707FBC0B3286890F8EA
:20F72000190198B12868D9F80010D0F8F420D8F8000008433968084302420BD095F83A002C
:20F740009249401CC0B285F83A0000E002E00978884203D385F8396085F83A6066782868CB
:20F7600090F8111119B1615CB14200D90E4688490968090700D5E678D0F8EC10491C1ED09C
:20F78000807B5EF775F92968D1F8EC1000E009E05EF7F0F800280CDB29684FF00301F40177
:20F7A00050581000FF30C1F8EC000CE095F83900401C85F83900A678D5E7286890F82701DF
:20F7C000B04200D9064631462868FFF76AFF296888747248007885F8380032E42DE9F05FBD
:20F7E000064665F76FFF304629F701FC070005D062F714F810B1384662F731FA304665F78A
:20F80000E2F904007DD0304664F76CFA4FF0010A0546D04684F813A052465649204662F7B5
:20F82000F0F884F810800220607454480078A074E869C0F3C030E073304664F73BFFA07351
:20F8400084F8A86008FA06F0C4F8F40094F89C00E969534A61F3020084F89C00002184F85A
:20F8600015111288A4F80021B5F85C20A4F8022104F1940440F08000627A42F00202627200
:20F880002072E173207840F08000207084F8168095F8A3200301F40140591000A4F1940479
:20F8A000B8EB521F01D1022000E0012084F8A900C4F8B01095F89F0084F80A013B48894699
:20F8C000C8460078404284F80B0184F8C010102104F12C0065F74CFFC4F8288065F77DFF17
:20F8E0008346A07B5EF7CCF88046584665F779FFC4F86C80A4F804814FF0FF30C4F8EC00F4
:20F90000204629F768FB304600E064E0A4F726F8204661F72CFE65F741FD95F8F50010B9DE
:20F92000304627F704FB69F728FE304681F737FCDFF87C80062208F1040105F128005EF721
:20F9400061FAB8BBC8F80060414688F80DA000206FF07F020B18401C83F8382007282AE07A
:20F96000F9F92100FAF921007021220008212200AB2B220004FA210089451000A82920007C
:20F98000286C200098292000892920000301F401305A1000E02B2000203A200094292000EB
:20F9A0008B2920008A2920007C222000872920008C2920008F222000507B200002E0CDD3FF
:20F9C00088F80C900021701E48F7E6F9B5F864004CF1B4F8B97D60F3C601B9752046F9E582
:20F9E00070B504467DF76DFA014604F1940028F71BF8A44E012530B994F8A81005FA01F086
:20FA0000716908421CD094F86100002818D0A06CE16C401C41F10001A064E1649A4908605D
:20FA2000091DE06C0860A07B5EF70DF8A065002084F8640094F8A80085407069A8437061E4
:20FA400070BD2DE9F04705460F4616464FF001084FF00009006829F7C8FB04007ED099F773
:20FA600099FB20B965F736FE65F7BBFE81462FB11022394604F12C0067F762F895F857005F
:20FA8000C0F3C0010301F401205B10004FEA8101C0F3800241EAC201C20603D5400701D5D3
:20FAA000012000E0002041EA0010A06257B11EB13068E063706804E0D5F82801E063D5F874
:20FAC0002C01206495F85700C0F3C00084F8600095F85700C0F3800084F85F00284665F786
:20FAE000E0F80021E8B1A06A20F01000A0628FB1226D636D1A4300D088460023236563653B
:20FB0000A364E36484F8651026B9B8F1000F01D084F8661028B1012084F85E0084F8631089
:20FB200001E084F85E1099F739FBA8B162F71AFB054694F8A8007BF79DFAA54202D038B145
:20FB4000854205D15CF7CDFCBDE8F0475CF7E4BEBDE8F0475DF7A9B8484665F74AFE65F7FC
:20FB600025FC00E014E094F8A8007BF783FA050007D061F75FFE20B1284661F70301F4014C
:20FB8000105C10000EFF102804D02046BDE8F04762F7CEBB2846F9E72FE62DE9F0470E46A8
:20FBA0009046054629F729FB040035D065F721FE8146284649F755FD384A012707FA05F1F4
:20FBC000136896B11943116010B949F75AFDC8B1002205704260B8F1000F03D0477002211F
:20FBE00081700FE0427087700CE08B4313602C4A13688B4313602B4A13688B43136008B133
:20FC0000FF21017084F81961204629F7F0F94846BDE8F04765F7F1BDEFE570B529F7EDFA7A
:20FC2000040035D065F7E5FD0546204662F7FDFAF8B994F8190140B11B48007828B118491F
:20FC4000D4F8F4000968084213D0204662F70CFB78B962F717F9A0420BD0204662F7DFFA91
:20FC600038B9204662F7A5FA18B9204661F784FC20B128460301F401005D1000BDE870402C
:20FC800065F7BFBD0120E074284665F7BAFD2046BDE8704062F713BC70BD000004FA210067
:20FCA000EC893100F027200010F92100203A20008829200070B5FF4D0021286884B244F462
:20FCC00080702860FC4B1868C0F30E021A60084642F400461E601A68C2F30E021A60401C43
:20FCE000C2F30D02C0B211446428F3D332316426B1FBF6F0F149C8634FF47A7148431C214D
:20FD0000B0FBF1F0401D0A2190FBF1F049F1C2FAA0F50040A0F5E25000EB8000800001D510
:20FD2000323800E0323090FBF6F024F4807100B2296070BD2DE9F041DFF884830026344670
:20FD4000B8F800003546374610F0FF0F1ED1DD480068D949C0F30420091F096801F03F06A9
:20FD6000D54950310968C1F30334072C0301F401F05D100001DD103C64B2D1493C390968BF
:20FD8000C1F385051F2D01DD403D6DB20B3800EB400047B2FFF792FF0A2190FBF1F0B8F82A
:20FDA000001000B211F0FF0F07D1B9192944611A01EB810100EB410000B2BDE8F08110B5B9
:20FDC00065F798FCC2490120086008614FF4C001C1F8BC01BF484FF0CF0181604FF00F0176
:20FDE00001614FF0300141604FF0C0010160BA490868B44A5086B94803689386D0F8103259
:20FE0000D3860A6822F060020A60016821F4C0610160D0F8101221F40071C0F81012B049F6
:20FE20004FF4C0400860AF494FF000000860AE49086010BD2DE9FF5F054603980021144677
:20FE40004FF00A080170FFF739FFA0F132014FF0640B91FBFBF29B4991F906108A422ADB72
:20FE6000A24988420301F401E05E100027DADFF858A2AAF13C0ADAF800101FFA81F929F045
:20FE8000FC0141F03001CAF80010142001F7FBFB00273E46FFF716FF761C76B207444645C9
:20FEA000F8DB08EBD870A7EB600191FBF8F6CAF80090142001F7E7FBA6F5E16630B26FF044
:20FEC0001801DFF80CA2694300EB81022AF81420894A4FF0010E0A2302F804E0002801DAE5
:20FEE000401F00E0401D90FBF3F0DFF8E08101B2019E98F9079098F906C0C9F100000CEB3E
:20FF00008C0200EB8000C1EB420201EB400012B200B21EB998F81760012E11D0B8F92A701D
:20FF20004646BA4201DCB84276DD002A5EDD491F91FBF3F1A1EB0C01691AB57A294463E0D7
:20FF40001826002A1DDD98F9127007EB8707B1EB470F61DD491F91FBF3F188F80301F4012B
:20FF6000D05F100012108946A11E91FBF6F706FB171101EB4106ACEB0901314498F81560A2
:20FF80003144294488F809104AE0002848DD022C02D9671EFFB200E0274698F913C00CEB88
:20FFA0008C0CB1EB4C0F21DA5549CE3931F91710002901DA323900E0323191FBFBF188F817
:20FFC0001310BF1E97FBF6F106FB1171C9B2C1F1160198F8137001EB4106A7EB090131448A
:20FFE00098F815603144691A88F80910039D85F800E015E000280CDD002901DA491F00E01C
:02000004FF01FA
:20000000491D91FBF3F7A7EB0901691AB57A491B7172824202DDA8F82A2001E0A8F82A0037
:2000200098F90910002903DD002188F8091005E06FF06306B14201DA88F8096047F6FF753E
:20004000002A01DC002806DD2D492AF8145000200855401E0301F401C060100000E000208E
:200060003AF91410A94208D0002901DA491F00E0491D91FBF3F12AF8141004B0BDE8F09F16
:200080002DE9F05F0E46DDE90A7B1C49002591469A46A8460D601A4A81B2121D1160C0F3D6
:2000A0000A40111F40F400400860142001F7F3FA0A4C012E84F811804FF0010806D10848D0
:2000C00030F91700A0F5FE41FF3925D15B463A4651461BE0CC054100E806410054FB21007A
:2000E000942F22003404410060016500880164003406410070014100FC0441002804410014
:200100001C07410048F4FFFF382E22004846FFF79DFE054684F811802846AFE72DE9F05FD9
:200120000E46DDE90A7BFC49002591469A46A8460D60FA4940F040000860142001F7ABFAB8
:20014000F74C012E84F811804FF001080301F401B061100006D1F54830F91700A0F5FE4196
:20016000FF3908D15B463A4651464846FFF772FE054684F81180284684E72DE9F04FBBB0D1
:20018000017835914178349190F90290C178369100793290E6484FF0FF344FF0000A0168FA
:2001A000379140683599DFF88CB3E04F389001297ED1002001F094F9DF4C207F40F00100E2
:2001C000207701F049FC207FD74E20F0010020774FF0FF30307100247471FF217170B470A9
:2001E000F47086F8264086F827404FF0010886F81D80347230747485B473F473C020B0749A
:200200000A20F0747472F47286F8178074748DF8CC4086F81980F4766721584665F7CCFAAD
:20022000CE21384665F7C8FAEA21C44865F7C4FAC3488BF80080032180783238C0B260F3A9
:200240001F2139800301F401A0621000FFF7CBFD4FF4C87001F727FABC480068C00402D541
:2002600086F81E8000E0B4770020F077014602A848F14CFD01211AA848F148FD002002AC2D
:200280001AAD54F8201055F82020914202D086F81F801820401C80B21828F2D3B07F0128A9
:2002A00019D1F07FB8B90221204648F12FFD03211AA848F12BFD00E03BE00020424654F850
:2002C000201055F82030994201D0F2771820401C80B21828F3D3022048F1DAFD06F8200F11
:2002E000032048F1D5FD3070002048F1D1FD182430707470A6F1200618280CD1F07F0128D7
:200300001BD148F1C5FD86F8210096F82010182901D1182811D000203076002048F1A3FDA6
:2003200086F8220086F82340182809D086F824000124359802280ED0EFE386F80301F4013E
:20034000906310001880ECE7F07F012803D148F18EFD86F8230016F8230F7070ECE77648AD
:200360000021418541728DF8CC10027A012A0ED0C17390F90C30994503DC90F90D309945A3
:2003800018DA01218173881F3BB0BDE8F08F4378349A9A4207D1369A042A04D190F91030C6
:2003A000329A9A4202D06FF00300EDE701720122C273DEE700218173864690F904000090FF
:2003C000072804DD01208EF80300C01EDCE7329810B1022813D06BE09EF8012034997046A5
:2003E000914265D090F8261000294FF0010103D08EF82710081FC7E78EF8261058E09EF8DE
:200400001D00012854D100209EF81F809EF81E403021B8F1000F02D0012C11D031E007EB3C
:2004200040020BEB0005938893860122AA76012C27D107EB0301F4018064100041050BEBC8
:200440000103AE88AE869A7607EB410207EB4005B2F90430AE88AD8E9E1B4FFA86FC968EBA
:20046000751B6DB217280BD2162802D1D6889B1BD3804CEA052393800BEB01050123AB708D
:20048000002393860BEB01029376401C491C80B2C9B21828C1D307F19407388F38804FF08B
:2004A00001008BF84A004FF0000038878BF86600A7F194078EF81D002149349849788842F0
:2004C0001F4803D1C07B012819D064E0C17BB1B900991A4C491C01710020D43420601920F3
:2004E00001F7E9F83498801C40F080011C4801604FF4C04020604FF4C87001F7DCF8329871
:2005000010B1022804D00CE00D48002141712FE00B4991F9040070B14A79012A22D000F026
:20052000FF0ABAF1000F23D0054846210301F4017065100001EB8A0180F8251020E015E05A
:200540001C0741002804410054FB2100942F220010016400382E2200D8522000623022007A
:20056000412320007001410004016000401C00F0FF0A01204871D8E7FA49002081F82500F1
:20058000F84A92F82500401CC0B2672805D2349927F8101001210BF800103498507032989F
:2005A000002547F6FF7810B102286ED0DEE2ED490020087781F82800887F0028C87F07D0B6
:2005C00058B10420824600EB4A00002639904BE108B10220F6E70120F4E70320F2E7B01C5A
:2005E000C4B25EB11820B6FBF0F100FB1160DD49C8B1087FFF2815D0401C0877D948007F93
:20060000FF280FD01BF80410F1B3D64800214174D448017E012976D0BAF1010F74D0BAF160
:20062000020F72D00301F40160661000FAE091F82800401CC0B281F828008A7F012A05D194
:20064000CA7F1AB901280ED003280CD0C74900200877C7490860192001F735F8C348807FE1
:20066000012805D013E0FF2017360877B6B2D9E0BE4890F82800022809D14FF44610416980
:2006800041F0004141614FF42F7001F71CF801E01DE046E1B548C17F012905D190F8280066
:2006A00001280FD003280DD0B248016821F480510160AF494FF4C04008604FF4C87001F76A
:2006C00002F89FE7AB48016841F44051F0E7A749172805D191F82820012A0CD0022A54D074
:2006E00033AACDE900424A46C97B329BFFF72EFD284445B290E70BEB040212F8012C012A2B
:2007000008D027F814804FF0FF316818F1E74FE05CE06BE0CA7E92B1CB8D974A0301F40114
:2007200050671000136033AACDE9004291494A46329BC97BFFF70EFD01468E4890F91B006D
:2007400018B1C9B121E08B8DEBE791B907EB440137F8142031F8021C8A1A86490B7F07EB51
:2007600043039A80002227F814800BF80420401CC8764FF0FF3108E007EB440037F8142093
:2007800030F8020C801A27F814007D4A37981060BFE77C4A0B8E136033AACDE900424A4673
:2007A000C97B329BFFF7D6FC284445B24FF4C8013898C1F8140133E7BAF1010F36D1017FF7
:2007C00002780AE0704931F914103239642291FBF2F124E0017F90F82020914226D137F908
:2007E0001420424522D0417C01291FD1C17A0029E8D01BE0017F90F82120914216D137F92B
:200800001420424512D0417C01290FD1C17A69B95D4931F90301F401406810001420323AF6
:20082000642192FBF1F1C279521A02EB0901827D891AC1729DF8CC0001281ED14F48017FC1
:20084000FF291AD0FF210177601E182190FBF1F201FB120000F0FF0C00205B46014609E0CF
:20086000401CC0B222180CF1010C27F8128099540CF0FF0CBCF1180FF2D3761C3998B6B25D
:20088000B6EBC00FFFF4B7AE3C4CA07F012809D14FF44610416921F0004141614FF42F70CD
:2008A00000F719FFE07F012804D136490A6822F480520A60A17F012901D001280CD1304EEA
:2008C00000203060192000F706FF4FF4C04030604FF4C87000F7FFFE94F8240018280CD223
:2008E0009BF86610662049B100206074B7F9CC10414502D0607C01280CD039E133A9CDE90A
:2009000000014A46E17B329BA06BFFF70301F40130691000D9FB284445B2EBE71E48642186
:20092000B0F9CC00323890FBF1F0E179091A01EB0900A17D401AE0721EE1DFF848A05646D6
:200940009AF82000182853D296F82510C91CCCB21BF8041049B10020707437F9140040456C
:2009600025D0717C012919D021E033A9CDE90041401E4A46F17BC0B2329BFFF7F3FB0546E6
:20098000EBE7000054FB2100FC044100E006410010016400140164006A2D220096F8201048
:2009A00007EB41014988401AC0B227F8140096F82500801CC4B21BF8040048B1002070745A
:2009C00037F91400404502D0717C01290DD0AAE033A8CDE900404A46F17B96F82000329BB6
:2009E000FFF7C0FB284445B2EAE796F8201093E096F82100182872D29AF82500C01CC4B2A5
:200A0000FE4801680301F401206A100041F440510160FD4E00203060192000F764FE4FF49D
:200A2000C04030604FF4C87000F75DFE1BF8040058B100218AF8111037F9140040451CD0C0
:200A40009AF81120012A0FD017E033A8CDE900409AF821004A46401E9AF80F10C0B2329B70
:200A6000FFF784FB0546E7E79AF8211007EB41014988401AC0B227F814009AF825005646CE
:200A8000801CC4B21BF80400E0B100207074DD48016821F440510160DB490020086019201E
:200AA00000F721FED8494FF4C04008604FF4C87000F719FE37F91400404538D0717C0129E3
:200AC0000ED034E033A8CDE900404A46F17B96F82100329BFFF74AFB284445B2D7E702E09D
:200AE00096F821101CE096F82500801CC4B21BF8040048B10020707437F914000301F40125
:200B0000106B1000404516D0717C01290BD012E033A8CDE900404A46F17B3078329BFFF7C3
:200B200029FB0546ECE7317807EB41018988401AC0B227F814009AF824005646182823D2FF
:200B400096F82500001DC4B21BF8040050B10020707437F91400404516D0717C01290DD090
:200B600012E04DE033A8CDE900404A46F17B329BB06BFFF7B1FA284445B2EAE7B7F8941079
:200B8000401AC0B227F81400002D07DAA14832994FF0FF340174012101720CE000210846BD
:200BA0005A46135C401C1944C0B2C9B26728F8D3672903D00124329810B121E00024FAE70D
:200BC000012C02D19348C17A41729248417E012911D19BF8021001290DD18F496422B1F9F2
:200BE0000410323991FBF2F1827E521A02EB0901017500210301F401006C10004176C17DA3
:200C0000012901D10021C175DFF808A235980AF13C0A03287ED1814C0020403404F1080515
:200C20000AE048B107EBC00101F190018A88D3B20A8863F31F220A80215C2B5CCAB207EBDF
:200C4000C00100F1010063F31F22C0B2A1F894200828E6D3714D95F82000182803D395F894
:200C6000211018290BD295F82410182901D204200CE0182807D395F82100182803D395F8D5
:200C80002400182801D2032000E00220A97F0029297901FB00F115D04A3195F82400CAB28B
:200CA000182801D2521CD2B2002108465B461C5C401C2144C0B2C9B26728F8D3B7F8C830F8
:200CC00013B106E03231E8E7524B94331B68A7F8CC30914201D1012404E009B1002401E049
:200CE0004FF0FF34A878012800D1C41E0301F401F06C1000E878012800D1041F95F82700F0
:200D0000012800D1441F287A012800D1841FA87B012800D1C41F3698042800E016E001D096
:200D2000002028753E4800260660192000F7E7FCCAF800603948698EAC3801603B48A98E38
:200D40000160E98EC0F8101292F7B4FC359804280FD0344A92F9090092F90C10884203DC6E
:200D600092F90D10884200DA51723BB02046BDE8F08F002000F0E4FBFFF761F84FF000086A
:200D8000CAF8008034984FF4C005801C40F08000C5F8040123494046503101E0401CC0B20D
:200DA0000B564B4501DD1728F8D3DFF8749040F04001A9F1D409C9F80010194E4FF4C0401C
:200DC00030604FF4C87000F79AFC1448B83000684FF4461100F02000496900290BDA01283C
:200DE00007D00E480301F401E06D100000686FEA1030800701D002240AE0032408E00128CF
:200E00002FD0084800686FEA1030800729D000240548C8380068C0F3042BD5F8040100F085
:200E20007F0009E0E0064100FC04410054FB21006A2D220070014100801E1FFA80FA4E4840
:200E40008578323DFEF7BEFF0146388810F0FF0F09D053465A462046009547F14BFC044689
:200E600002E00124D4E70C464546C6F80080192000F749FCC9F8005040484149428E0A60C3
:200E80004049828E0A60C08EC1F8100292F716FC6FE710B564F772FC3B4901200860086141
:200EA0004FF4C001C1F8BC0138484FF0CF0181604FF00F0101614FF0300141604FF0C00186
:200EC00001602F490868324A10602E4803682B4A9386D0F81032D3860A6822F00301F4018E
:200EE000D06E100060020A60016821F4C0610160D0F8101221F40071C0F8101227480168B6
:200F00004FF6BF7201EA0201016025494FF40040086010BD10B564F735FC2248016821F0B1
:200F2000030101F10201016019494FF00100086008611D49C1F8BC01C8671C494FF0300005
:200F40000860114908680F4A5086104803689386D0F81032D3860A6822F060020A60016838
:200F600021F4C0610160D0F8101221F40071C0F810120A494FF0000008600949086010BD0F
:200F80004123200054FB210034064100700141006001650088016400CC05410028044100FE
:200FA0001C074100A08031004001600090006400F84B10B59A1C01215B7803E0545C8442DB
:200FC00002D8491C8B42F9DC491EC8B210BD70B5044608460301F401C06F1000E1B2F04CBE
:200FE000049E9A4234F81150C1B234F8111015D0B01A42F2107670439A1A90FBF2F205FBE7
:2010000006F0491B02FB010090FBF6F1FF2034F810208A4202DD401EF9D5FF2070BD2DE952
:20102000FC4104004FF00000DE4E8DF8050057D014F1110F54DD112C52DA06F1290196F8E5
:201040002830087891F9042049784FF00108151BA3B14FF47A735A43009296F92E204FF4FE
:201060007A776B437A43FFF7B6FF96F82A10C0B2884219D1002C16DD401C15E004EB840296
:2010800042F35D02104496F82B20904203DB96F82C20904200DD104606F8291F70707571F4
:2010A00006F8018C0FE0401E96F82B20904203DB96F82C20904202DD8DF8058005E006F857
:2010C000291F70707571A6F12906B16B0301F401B070100096F82A00086096F82F100129E0
:2010E00005D1F16B086002E002208DF8050096F82A008DF80400BDF80400BDE8FC81AC48B8
:201100008078704710B5A94C606B002808D16C2061F781FE6063BDE810406C2164F78CBB50
:2011200010BD2DE9F04F85B00446FFF7EBFF9F481CB1406B05B0BDE8F08F9C48406B90F8DF
:20114000681001297ED12A21984C2A3064F774FB616BDFF85CA2087881F82A009AF80200F3
:2011600081F82B008A7881F82C200A7B81F836208A7D81F84020FFF723FF616B451C05285E
:2011800081F8540000D305258A486E1E01F12D09425D0192805D0090824906EB860001EB32
:2011A000C00705EB8500002401EBC008381990F86D01029008EB040090F86D0103909AF830
:2011C000021068460301F401A07110007BF7EBFD09F80400641CE4B2052CEBD378480068A9
:2011E00000061DD573490024443101EB860001EB850B04900498204490F8200002900BEBF0
:20120000040090F8200003909AF8021068467BF7CAFD09EB0401641CE4B24871042CE9D350
:2012200064480024406B00F13709381990F87201029008EB040090F8720103909AF80210FB
:2012400068467BF7B0FD09F8040000E08BE0641CE4B2052CE9D35A48006800061DD55549CE
:201260000024443101EB860001EB850B04900498204490F8380002900BEB040090F8380047
:2012800003909AF8021068467BF78DFD09EB0401641CE4B24871042CE9D346484949002475
:2012A000406B00F14109C6EB061008440490C5EB051000EB010B0498204490F80301F40164
:2012C00090721000A20002900BEB040090F8A2000390029850B9039840B9381990F86D0193
:2012E000029008EB040090F86D0103909AF8021068467BF75CFD09F80400641CE4B2052C73
:20130000DDD34FF4C007D7F8280300062FD52B480024943000EB860600EB85053019007C03
:2013200002902819007C03909AF8021068467BF73EFD09EB0401641CE4B24871042CEDD314
:201340001E4B596B91F8200081F84A004B31002008E080B107EB8002D2F82823921E0A54A8
:20136000401CC0B25A6B92F84A208242F1D81348406B2A30E6E6D7F8282382F08002921E6F
:201380000A70EDE74FF4C002D2F828130B0600F102014FD5D2F82C0300F07F00884201D9C0
:2013A00000207047D2F8300300F07F0088420FD9012070470301F4018073100036162000F8
:2013C00060F22100D4FB21004123200030162000280360000B192000D2F8340300F07F0081
:2013E000884201D90220E8E7D2F8380300F07F00884201D90320E0E7D2F83C0300F07F00DE
:20140000884201D90420D8E7D2F8400300F07F00884201D90520D0E7D2F8440300F07F00C9
:20142000884201D90620C8E7D2F8480300F07F00884201D90720C0E70820BEE73E28E1D851
:20144000C1F30310B9E7F94A10B51268120648D560B102280AD0F5486038092913D2DFE8A6
:2014600001F012282B2E3134373A3D00EF488C38092908D2DFE801F00705080B0E111417AD
:201480001A00EA48883810BDE848843810BDE748803810BDE5487C3810BDE448103810BD17
:2014A000E2480C3810BDE148083810BD0301F40170741000DF48001F10BDDE485C3810BD34
:2014C000DC48583810BDDB48543810BDD948503810BDD848883010BDD6488C3010BDD54830
:2014E000903010BDD348943010BDD34B01EB4102D11848B101280CD0D048D0F84D401044BE
:20150000B0F852002018EFD1D3F89B00B1F8A01003E0D3F8AF00B1F8B410084410BD10B572
:20152000C74C0020A07140F2E2402081002099F7F4FBC4484FF44611026812B9D1F894207B
:201540000260BE20C1F89400607961F774FC206018B12279617999F729FCBB490C20086052
:20156000BA48016941F001010161016841F00101016099F72CFCBDE81040B14899F7E7BB95
:20158000B34A1178C1F3000383420FD010B141F0010001E021F00100AE491070086880F02D
:2015A000040040F00301F401607510000100086092F75FB809E72DE9F0410D46002678B137
:2015C00001280DD00020FFF7DFFFA54F386890B39F48066099F7C5FB00244FF4805826E058
:2015E000A14AA04913684B6292880A859D4A0121243204239171D57113720F23937240F686
:20160000FF73A2F80B30092353730D239373D67330B15672BDE8F0419248243026F7B8BCD4
:201620005172F7E7386830B1012000F78CF82046641C4045F6DBE80707D183482521067161
:201640004171C571BDE8F0416DE7BDE8F081854B403303EB011101EB800001684FEA82206F
:2016600000F5005000FB01F0801200D500200021B0F5005F01DDA0F500517C48D0F80A0033
:201680004843800AB0F5007F01DA00209DE6B0F57F3F01DDFF2098E600F500700301F40157
:2016A00050761000C0F3872093E62DE9FF47724E05460C46706B91464078FFF799FC726BF6
:2016C000014682F85400401C052900D305204FF4C008A0F10101D8F828331B062BD5052C58
:2016E00029D3654F443725B1012D0CD0022D16D057E007EB80032344DB7E039307EB810352
:201700002344DB7E4CE007EB8003234493F83330039307EB8103234493F8333040E0564BF1
:20172000943303EB8007274403EB8103FF7A23440397DB7A34E0444B25B1012D12D0022D09
:2017400020D02EE000EB800703EBC707274497F86D71039701EB810703EBC703234493F8CD
:201760006D311DE000EB800703EBC707274497F87271039701EB810703EBC703234493F80B
:2017800072310DE0314BC0EB00171F44274497F8A27003970301F40140771000C1EB0117EE
:2017A0003B44234493F8A2300293364B185C0190585C0090517868467BF70DFB0146D8F87F
:2017C000280300060DD5052C0BD32DB1706B012D05D01730005D0CE0706BC01CFAE70D30C6
:2017E000F8E7294A04EBC40002EB800202EB0900407D04B008300831800290FBF1F0A0F51A
:2018000080608002801200F58060BDE8F0872DE9F0471D4DDFF838900E46022903D04FF0FC
:20182000000496B170E00024022221463046FFF740FF04EBC40105EB8101641C0862052C72
:20184000F2DB0025DFF80CA032E036E028036000361620000B19200048CF2000C840200051
:20186000A0016400600165002C162000F022200018CF2000A02E22008820200070112000A9
:20188000D4FB210030162000D05820000301F40130781000C5EB0511002401EB0A0808EB1E
:2018A0000407022117F8A22F2046B0F721FC641C3870052CF3DB6D1C99F80100A842E9DCFF
:2018C0004CE0002221463046FFF7F7FE04EBC40105EB8101641C8861052CF2DB002512E04E
:2018E00005EB8501002409EBC10808EB0407002197F86D212046B0F7FBFB641C87F86D01E5
:20190000052CF2DB6D1C99F80110A942E8DC25E0012221463046FFF7D0FE04EBC40105EB82
:201920008101641CC861052CF2DB002512E005EB8501002409EBC10808EB0407012197F861
:2019400072212046B0F7D4FB641C87F87201052CF2DB6D1C99F80110A942E8DCF748006827
:2019600000063FD5F648052400EB0615324621461046FFF7A2FE05EB8401641C41F8140CC7
:20198000092CF3DB0301F401207910000025DFF8BC8327E0002426B1012E08D0022E1DD140
:2019A00011E008EB8500071907F1200704E008EB8500071907F1380731463A782046FFF747
:2019C00056FE38700AE0E1483146503000EB8500071920463A7CFFF74AFE3874641C042CBB
:2019E000D9DB6D1C99F80100A842D3DC15E72DE9F041D74BD74D00229C78AB5C9C4203D800
:201A0000531E062A04D206E0521CD2B2062AF4D30522042302E00AB901220023CE4E022801
:201A200004D0CA4F70B1012818D023E0C74F503707EB82000844007CF06007EB830008449A
:201A4000007C16E007EB8200084490F82000F06007EB8300084490F820000AE007EB820095
:201A6000084490F83800F06007EB8300084490F83800B060A85C7060E85C30600301F401D8
:201A8000107A10002146B6487BF7B1F9FF2800D9FF20EEE52DE9F05F8146AC4800680006AB
:201AA00040D5DFF8B0A2DFF8BC82DFF8A8B200240AF1500AB9F1000F11D00AEB040598F801
:201AC000000095F82860C00629D521460220FFF792FFC0B2864222D085F828001FE00BEB57
:201AE000840635682868C7B298F80000400707D521460020FFF77FFFC0B2874200D0286075
:201B000035692868C6B298F80000000707D521460120FFF770FFC0B2B04200D02860641C83
:201B2000042CC7DBBDE8F09F8E4810B500788E4CC0070FD13021204663F7A6FE8B4801681A
:201B400041F008010160204691F716FEBDE8104091F7F5BD10BD864B002103EB0122824225
:201B600003D0491C0629F8DB03E0062901DAC8B23FE4FF200301F401007B10003DE42DE9C7
:201B8000F0470C460546FFF7EAFFA32148437B4905EB840801EB4009A32104FB01F6D8F844
:201BA0008C1009EB06078F4213D001B97349A322384665F751F8A978A00140EA4110697858
:201BC00001F03F01084340F0800009F80600C8F88C702AE610B50C461146012200F081FE06
:201BE000002803D02146BDE81040C8E710BD4843800AB0F5007F01D2002014E4B0F57F3F8B
:201C000001D9FF200FE400F50070C0F387200AE4083080024843810A0020B1F5005F01D95C
:201C2000A1F5005007E470B54B49554E0C390844642390F901400020012235780DE0B15CAB
:201C4000611A49B2002901DA494249B2994202DA501E0B46C0B2521CD2B29542EFD270BDE5
:201C6000A1F580618802801200F580600301F401F07B100003E42DE9FF4105468846FFF73C
:201C800071FA394EB078FFF7CBF93649441C44390528496B81F8540000D30524671E08F0ED
:201CA000FF00FFF7C4FF04EBC4012944095C039107EBC7012944085C02902C48015D0191D1
:201CC000C05D0090B17868467BF799F804B0D8E410B5084614461946FFF7CDFF083408300B
:201CE000A102B1FBF0F010BD2DE9F84F1C4E002481468A4617461D46403E3A5D2346514691
:201D000048460095FFF7E4FF01462A460020FFF7ABFF46F82400641C092CEEDB0025B04655
:201D200005EBC507002407EB0A06E0B2FFF77FFF305C58F82410FFF76FFF38B11349D1F839
:201D40000A10FFF758FF07EB09010855641C092CEBDB6D1C062DE3DBBDE8F88F2803600017
:201D6000E02E22000301F401E07C100018FC21004123200030162000C05820002C16200015
:201D8000AC592000F0222000004022005B3822009CFF2100701120000099022B00EB810046
:201DA000D0F89410D0F88C0005D0012B07D0491CD21C401C9CE76D3117326D30FAE737318C
:201DC0000D323730F6E770B505460020FFF7FCFBFE4C207F40F001002077FFF7B1FE207F0E
:201DE00020F00100207715B101209BF73EFCBDE8704091F7A3BC30B50023CC5CD55C2C447B
:201E0000C4545B1C052BF8DB30BD2DE9FE4FF04CFF25884684F82750FFF7A8F92A22414655
:201E2000606B64F721FF616BEA480A6A42634A6A82630A8D828791F82100000627D491F8D8
:201E4000200020B3213100204FF4C00207E078B10B5C02EB80069B1CC6F828330301F40165
:201E6000D07D1000401C636B93F820308342F2DC606B90F820000BE00B7883F080039B1CDF
:201E8000C2F82833EEE702EB8001C1F82853401C0928F8DB02E0D2487F21016098F80000C9
:201EA00000067DD5CF4902200125087098F80000C0F30019C0F380108DF8040098F800003A
:201EC000C0F34016C848761C855598F8001001F00F0145544946304600F034FD07005FD0E7
:201EE0002A22414607F1D40064F7C2FE98F80100FFF79EF8B8494A46496B81F85400BB48F6
:201F00008178029198F8011081709DF804103046FFF76CFE9DF804600024AA468DF804602E
:201F20000023224601A9384601F024F89DF80400022802D300208DF80400C0B2394600901F
:201F4000234642460846FFF72BFF9DF804000AFA04F200EB0301F401C07E1000800007EBEB
:201F60008000641C10F84F1FE4B211430170032CD8D3DFF884B200225C46DBF800500121A0
:201F80003846CBF8007000F030FF25603878400748D5002699489DF8041000EB06252846A4
:201FA000FFF7FDFDBD4200E07AE038D02A2207F1D401404664F760FE9DF80400002100EBF3
:201FC000800005EB80000C4680F850109DF8040000EB800105EB810292F84F300AFA04F26C
:201FE00013420CD107EB810191F84F10114206D000902346424639462846FFF7D5FE641C73
:20200000E4B2032CE2D3DBF800905C46002201212846CBF8005000F0E8FEC4F80090761CC8
:20202000062EB7DB734902988870FFF705F86C4D734F0024696B5E4681F85400397830686C
:2020400000EB8100E1B2D0F88C0000F00301F401B07F10004AFE641C032CF3DB6B48007815
:20206000FFF7BDFE686B816D01291BD1684910F85C2F0A6042784A6082788A60C278CA607E
:2020800002790A6142798A628279CA62C2790A63027A4A63427A8A63827ACA63C27AA0F11C
:2020A0005C004A6580F868A0BDE8FE8F2DE9FF4F4D4E81B00446376C88461D461FB1039AA8
:2020C000B84700286BD14FF0000A52485249DFF814B1012786F810A04FF4C009402C0DD0D8
:2020E000412C5FD0442C7BD0FFF74CF847480021017004F00F01022973D04CE13770777001
:20210000B2787274F27873791343B3743379F374B37933757275F279737A1343B375337A8B
:20212000F375B37A3376727686F81A8008600020FFF756FA9BF81C005C4640F001008BF88E
:202140001C00FFF70301F401A080100009FD207F20F001002077B27E09F54A7002F1820199
:2021600001604FF07F0141608160C160016141618161C1610162B07C012807D0B07D0128AF
:2021800007D086F800A086F801A005E1F37E002101E0F37E0121002047F1D4FC00210846A8
:2021A00001F073FCFF2005B0BDE8F08F377486F80B800020FFF718FA9BF81C005C4640F06A
:2021C00001008BF81C00FFF7CBFC207F20F001002077F07A09F54A74823020604FF07F0045
:2021E0006060A060E0601DE04CE0D7E0D8522000D4FB2100A02E22002803600056FD2100D6
:202200009CFD21004123200080FD21000040220065FD210067FD210088026000DF99100006
:2022200078FD210020616061A061E0612062707B4C46012800D0002001F0BCF90301F401CD
:2022400090811000307B022805D00128B07BC4F8640104D007E0B07BC4F89C0103E0F07BB1
:20226000C4F8C80202E0F07BC4F89C029DF790FC012026F764FAF37EF27A317B012047F193
:2022800065FCD4F89C02C0B2F07390E737777777B27FF27708600020FFF7AAF99BF81C0021
:2022A0005C4640F001008BF81C00FFF75DFC207F20F00100207796F82200012856D1C94805
:2022C00009F54A74417882312160817801F102016160C17801F10201A160017901F1020108
:2022E000E160417901F102012161817901F102016161C17901F10201A161017A01F102011A
:20230000E161407A00F10200206296F82000A4F54A74012804D096F8210001280DD025E090
:2023200004F50C7496F8230044F8CC0C4FF0010001F044F90301F4018082100096F8240034
:202340000BE004F50C7496F8250044F8CC0C4FF0000001F037F996F82600E06620676067AA
:20236000A067E067C4F8E800C4F8EC00C4F8F000C4F8F4009DF710FC012026F7E4F996F81E
:20238000200096F82110084306D00021F37EF27F084647F1DFFB03E086F81CA086F81DA082
:2023A0000021084601F079FB002004E70770904804F00301CA4601708E4808F1820180F8AC
:2023C000274009F54A7001604FF07F0141608160C160016141618161C16101624FF0000071
:2023E000FFF70AF99BF81C005E4640F001008BF81C00FFF7BDFB307F022C20F0010030777E
:2024000017D0002032F747FF4046FEF7FFFF814601462046FFF757F8064649460020FFF723
:2024200052F8DFF8D0B18146DBF834000301F40170831000816D39B124E0012032F72FFFDC
:2024400001209BF72EF9E3E70AF522710A6800F85C2F4A6842708A688270CA68C2700A6932
:2024600002718A6A4271CA6A82710A6BC2714A6B02728A6B4272CA6B8272496DC172A0F1FE
:202480005C008765B4B1022C14D000F162000AF5227102780A6042784A6082788A60C27832
:2024A000CA6002790A6140798862012C05D034B105D008E000F15C00E9E7C9F800505049FE
:2024C0004FF4806008604D483130015D4FF4C800016741462046FFF7AAF84FF47A7A504658
:2024E000FFF66DF965B33560DFF81881DBF834100BF1280798F802004870FEF7B1FDF968D4
:20250000414B81F85400C7E90469BD707D7098F802103972FC7103997971002107F828198A
:202520008CB1012C0301F4016084100014D0394901EB400212F83F1F87F82B10527887F845
:202540002C2021B11AB110E03068C5B2D0E703EB400000F1450003E003EB400000F18D00E9
:20256000017807F82B1F407878705046FFF62BF92948006800283FF494AE284909780229B7
:2025800009D28DF800101E4900230A78694600F00DFD234908603068C0B214E610B586B043
:2025A00091F7ECF81F490024086820B14FF44612C2F894000C601C48016821F00401016049
:2025C0001A4804601A48016921F001010161016821F0010101604FF0020098F7E2FB10F06A
:2025E000FF0FADF8024006D0684692F773FD9DF7DBFA06B010BD98F7F4FBF8E79CFF210064
:2026000058FD2100D4FB21008804410041232000361620000B19200080FD21000301F401BC
:202620005085100056FD210004833100C840200008402000A00164006001650070B5FE4CBF
:20264000E06A002866D0FD4A0021637C00EB0105002B02EB010393F8383102D085F8CB3040
:2026600001E085F8AF30491CC9B20529EDD3218B4FF4C005B9B1D5F82813090613D5F04AF8
:202680000021637C00EB0106002B02EB010393F8283002D086F8D03001E086F8B430491C51
:2026A000C9B20429EDD30021627C002A05EB8102D2F89C6200EB010302D003F1B90301E0FC
:2026C00003F19D031E70D2F8C82201F10101C9B25A720529E8D3218B00291BD0D5F8281338
:2026E000090617D50021627C002A05EB8102D2F8186300EB010302D003F1BE0301E003F1B3
:20270000A2031E70D2F8B02301F10101C9B25A720429E8D30301F4014086100070BD70B5A5
:20272000CB48CA4DC64C0078810708D5012128469AF7D6FD208B10B10120FFF7DFF9002110
:2027400028469AF7CDFD208B10B10020FFF7D6F9FFF778FFBF4D00202870E07C002804D0D6
:2027600001209AF7AAFF0120287070BD2DE9F04FDFF8CC92B9F81420002A4DD0B64A012938
:202780004CD013780370DFF8BCB2DFF8D0E200239246C3EB031505EB0B0703EB830503EB2A
:2027A000C30400220AEBC50C0444012939D00CEB0208A51898F86D616E7098F8726185F815
:2027C0003760BE1896F8A26085F86D60521C052AEBDBB9F81820E2B1A14A1268120618D569
:2027E000994D002205EB83070EEB830C012929D00CEB0208A51898F82060AE7198F8386097
:2028000085F83C60BE18367C85F872600301F40130871000521C042AECDB5B1C062BBCDB66
:20282000BDE8F08F03781370B1E7A5180CEB020695F8018086F86D8195F8378086F87281F3
:20284000BE1895F86D5086F8A250C3E7A5180CEB020695F8068086F8208095F83C8086F88A
:202860003880BE1895F872503574D3E710B507E010F8013B11F8014BA34201D0002010BD30
:20288000521EF5D2012010BD2DE9F04780468A460025DFF8D89113E0002409EB052707EBA2
:2028A0008400466F76B1082251463046FFF7DEFF10B13046BDE8F087641C032CEFDB6D1C59
:2028C0004545E9DD0020F5E7694B0020A3F2052153F8202012680A54401C0828F8DB5A48B9
:2028E0004F307047584A00206249573201EB40031B791354401C0828F8DB5348573070474A
:20290000514A10B50301F40120881000928A002A08D0594AFF2906D0082903D252F8211066
:202920000078086010BD002110F8013B52F821402360491C0829F7DB10BD454A938A002B4B
:2029400006D0117100EB8100FF21406F1063DBE77047F0B5474E002306EB03242578EF07F0
:2029600017D0012A04D0032A0BD0022A0BD010E0657805F03F0585420BD1A4788C4205D0FA
:2029800007E06C0700E0AC07002C02DA06EB0320F0BD5B1C062BDFDB0020F0BD70B50446E3
:2029A0000D460122FFF7D5FF002805D129462046BDE870400222CCE770BD10B500230AE0D9
:2029C000A3245C43045D944209D01AB114B11443240904D05B1C8B42F2DB002010BDA321D7
:2029E00003FB010010BD2DE9F047194B00203933234A5C1D651D00EBC00102EB0301F401D4
:202A00001089100081014E7D1E548E7D2654C97D2954401C0528F2DB02244FF00108174FDC
:202A20004FF0070903E0042C01DB012600E0002607EB062107EB0425091D281D702264F79F
:202A400047F9761C85F8008046F08000687004F00100A8701AE0000054FD21000B1920005C
:202A600068FC2100AC5920002C162000860920003616200018FC210028036000004022000D
:202A8000A8FF2100BC1A2000D0582000641C85F80390062CC7DB15E7F0B5FC4CA48A002C89
:202AA00028D0FB4D0024DE0709D0F84E075D3936365D3E4404EBC40705EB87077E759E07F6
:202AC00009D5F24E0F5D3E36365D3E4404EBC40705EB8707BE755E0709D5EC4E175D43360E
:202AE000365D3E4404EBC40705EB8707FE75641C052CD8DB0301F401008A1000F0BD2DE95C
:202B0000F0470646E348808A002833D0E24D002431462046AFF70BFB04EBC40105EB8101D0
:202B200001EB8601641C8861052CF1DB0025DFF86C93DFF86CA319E0C5EB051000EB0A0820
:202B400005EB8500002409EBC007012E13D008EB040090F8A22031462046AFF715FB3919E9
:202B6000641C81F86D01052CEFDB6D1C99F80100A842E1DCAAE6381990F86D21EBE7C54A59
:202B800010B55379002B74D0D47C4FF4C003002C63D038B911B1C80704D131E0D06A407826
:202BA00000062DD50020517C0029D16A014402D091F8CB1001E091F8AF1003EB8004C4F8EA
:202BC0009C12401CC0B20528EDD3108B002816D0D3F82803000612D50020517C0029D16AAF
:202BE000014402D091F8D01001E091F80301F401F08A1000B41003EB8004C4F81813401CEF
:202C0000C0B20428EDD390E00020517C0029D16A014402D091F8B91001E091F89D1003EB27
:202C20008004C4F89C12401CC0B20528EDD3108BE0B3D3F82803000677D50020517C00295F
:202C4000D16A014402D091F8BE1001E091F8A21003EB8004C4F81813401CC0B20428EDD39C
:202C600063E0002011790129517C07D00029D16A01440DD091F8B9100CE062E00029D16A2F
:202C8000014402D091F8C21004E091F8A61001E091F89D1003EB8004C4F89C12517C0029B6
:202CA000D16A014403D091F8C21002E03DE091F8A61003EB8004C4F8C812401CC0B2052825
:202CC000D0D3108B88B3D3F8280300062DD5002011790129517C06D00029D16A01440CD081
:202CE00091F8BE100301F401E08B10000BE00029D16A014402D091F8C71004E091F8AB101B
:202D000001E091F8A21003EB8004C4F81813517C0029D16A014402D091F8C71001E091F82C
:202D2000AB1003EB8004C4F8B013401CC0B20428D2D311795F4A01294FF6C070116801EA12
:202D4000000103D041F02C00106010BD41F01E00FAE72DE9F047DFF84C91B9F81420002AC5
:202D60006BD0DFF848810278DFF84CA188F800200022002321B101290FD002291BD027E05D
:202D800002EBC204044402EB82051C4408EBC5051D44647885F86D411AE002EBC20404444A
:202DA00002EB82051C4408EBC5051D4494F8374085F872410CE002EBC2043D4E0444C2EBCF
:202DC00002151C4435441D4494F86D4085F8A2405B1C052BCEDBB9F818305BB30301F401BA
:202DE000D08C1000374B1B681B0627D5364E02EBC20400230AEB8205044406EB820621B1DC
:202E0000012909D002290FD015E0E71805EB030CBF798CF820700EE0E71805EB030C97F8EB
:202E20003C708CF8387006E0E71806EB030C97F872708CF810705B1C042BE0DB521C062A61
:202E40009BDB4FE5194900F0010000EB8000C96A01EB80001D4910F84C2F0A604078886078
:202E600070472DE9F047044619488846164600684FF000090D4DC7B2A88A00286AD0154805
:202E800029468068897C007C6318132824D02846007900F003000EB1022823D0EA6A5278DC
:202EA000120629D4022825D026E0000054FD2100D0582000361620000B1920009404410095
:202EC00018FC21002803600068FC210008016400403F20000301F401C08D1000E0512000FA
:202EE00093F8440068744FF001090FE0F00702D093F8440009E093F8340006E0012FFAD1CE
:202F000004EBC000084490F834006874687CFFF79DFFB8F1010F07D0B8F1020F1ED13146F8
:202F20004846BDE8F0473AE66E7C002068740027687CF9B204EB8000D0F88C00FFF711FFA2
:202F40007F1C032FF4DBFFF70AFC687C401CC0B268740228EBD36E740021E1E7C6E4F94BAA
:202F60001971F94B00EBC10111449B6809791B7C132B01D11044017D4FF4C000C0F89C111B
:202F8000F24A1278002A01D0C0F864117047ED4A002001239071EC488068017C222923D039
:202FA00008DC01290DD006290ED010291AD0212922D11CE028290CD02A2910D02B291BD11D
:202FC00010E090F8A90014E090F83D000301F401B08E1000032812D012E0C08F43F2063116
:202FE00008420CD10CE090F8640006E0806AECE790F8690001E090F85D00012800D193717A
:203000009079704710B502F0030400EBC40202F1340200F1340013B1DB0705D007E0CB4BBB
:20302000DB6A5B781B0602D4022C00D102460B780020145C9C4206D0401CC0B20828F8D3AA
:2030400010780870002010BD2DE9F84F051E8A464FF0000702DAC5F3052401E005F03F0417
:20306000BA49C86A002872D042784FF000091306B94A04D41378022B01D182F80090CB8AD2
:20308000002B78D088468978022909D21278022A06D88DF8001000236946FFF7B3FF0446FB
:2030A00098F81300DFF8A8B2002638B10226BAF1000F08D05FEACA700FD012E0FFF76BFFBF
:2030C00078B101260301F401A08F10000DE0D8F82C104978090608D4DBF80810097C132917
:2030E00003D0002688F8139001279E489E4900780978084343D1DBF80800007C132800D104
:20310000012788F8124098F8130038434FF4461710D0534622463146D8F82C00FFF727FF87
:20312000D7F80403002D02DA20F47F4010E020F0FF000DE052463146D8F82C00FFF71DFCD7
:20314000002D09DAD7F8040320F47F4040EA0420C7F804030CE012E007F54177386820F060
:20316000FF0040EA0400386038688049C0B2088252464FF00201D8F82C00FFF77EFEBDE838
:20318000F88F7448818A002902D0AFF23B114162704770B56F4CA08A002858D07448007811
:2031A00000F00100401CFFF719FC002850D071496C4A0978127811436B4A12780301F40168
:2031C00090901000114346D1417801F03F0121748278E270E0626448007802282FD904F1FC
:2031E0004800405C08B1664900E066494FF4C0024878030620D40B78F3B180F08000801C7F
:20320000C2F82803012008E00B1802EB80055B789B1CC5F82833401CC0B20B788342F3D8A8
:20322000D8B2FF2105E002EB8003C3F82813401CC0B20928F7D302E07F20C2F82803002248
:203240000221E06AFFF71DFE00221146E06AFFF798FB47F109FA012070BD2DE9F04FDFF8EF
:20326000FC9085B009F15F09DFF81CA1FFF754FB0190FFF75FFB02900020009065F745FC92
:2032800032F7CDF80AF6D42504280AD10020A422A22305EB0021401C01F84E2F06280B7504
:2032A000F7DBFDF67DFBDFF8E48088B1384B03AA0421DC200301F4018091100001F02DFCD8
:2032C0009DF80C006D2802D0752802D004E0022100E0032188F800102248818A002940D02E
:2032E0000078012600BB00244FF4807B05EB04275A462A49384663F70FFD6010787004F0B4
:203300000100641CB870062CF0DB214F0024A32104FB01700A4613495F3163F7FDFC641C30
:20332000052CF4DB0F480670194898F80010A330022902D0032903D007E0A322184902E001
:203340001249A322A33963F7E7FC002211464846FFF73CFAFFF76FFB02244FF0070BA8463C
:2033600024E06CE154FD2100E051200065F72100FBFB2100E4FB2100F0FB210010882000E1
:2033800018042200D4FB2100D42E22009CFF21002C352200800622000010650060F421000A
:2033A00056FE2100042C01D3012600E00301F40170921000002608EB062108EB0425091D00
:2033C000281D702263F7ACFC01202870761C46F08000687004F00100641CA870E4B285F89B
:2033E00003B0062CE2D3FE48FC49826C0A60C26C4A60B0F850000881487802061FD40A78BA
:20340000EAB180F080004FF4C002801CC2F82803012007E00B1802EB80045B789B1CC4F8B9
:203420002833401C0B788342F4DCD8B2FF2104E002EB8003C3F82813401C0928F8DB002544
:20344000E848E94E00EB0520F0620178CA077DD0890705D5417801F03F017170807800904F
:2034600000240127F06A07FA04F2C178114243D000EBC401091D22462846FFF735FA20B16E
:20348000F16A01EB840148670EE0F06A00EBC40100EB840201F1040151674178090603D4FA
:2034A000022C01D10301F40160931000011DC167F06A00EBC4011C3100EB8400641CC0F8CC
:2034C0008010032CD2DB0024DFF82483C4EBC402FF21D8F82C0000EB820282F89C1000EBCD
:2034E0008401C1F88C90C1F894A004EB840100EB8106C04806F14C060178C90706D009E046
:2035000000EB8400019941670299D7E7317921F0030131710078800703D4307920F00400AD
:203520003071B2780020574602B30521B248FFF774FA07001DD0D8F82C00012100EB840049
:20354000C0F89470B2784846FFF767FA38B9B2780C2100E06AE0A948FFF75FFA30B1D8F83D
:203560002C10074601EB8401C1F88C00317929B903E000204F46307100E010BBA32105FBD8
:2035800001F09E49A32201EB400104FB02FB01EB0B0604913946304663F7C6FB0301F401CA
:2035A00050941000D8F82C0000EB8401C1F88C6082784078A10141EA021100F03F00014301
:2035C00041F08002049901F80B20D8F82C00474600EB84000022D0F88C000121FFF702F9F6
:2035E0007C74F86A012200EB84000021D0F88C00FFF7F8F897F81180002078740026797C45
:20360000F86A00EB81003146D0F88C00FFF7C5FB761CF6B2032EF2D3FFF7BDF8787C401C30
:20362000C0B278740228E9D3641C87F81180022CFFF64EAF6D1C062DFFF60AAF6E4C002052
:20364000E0622071A07460780099FFF7B6FDFFF7ACFD0120607105B0BDE8F08F10B50446F0
:2036600000210846FFF7CEF904F0010101EB810100EB8100644910F84C2F0A604078886014
:2036800010BD62488068007C1F280AD860490978022906D00301F40140951000012181403A
:2036A00011F4600000D0012070470020704770B5534D14460C30E98A09B14178A970017952
:2036C000C078FFF77EFD90B100206071687C8101E86A8278407841EA021100F03F000143F4
:2036E00041F08000A0714D490120087070BD12206071F8E72DE9F047414E00F10905144695
:20370000F079F778FF2800D00746D5F807004FF00008C10743D0C0F3032081460021FFF7E3
:2037200075F9417801F07F014170D5F807204FEA1242D20700D0802211434170090602D589
:2037400000F1140100E0011DC16701214846FFF75DF9417801F07F014170D5F807204FEA39
:203760005242D20700D0802211434170090602D500F1140100E0011DC16784F805803946D3
:203780004846FFF71EFD08B9122060710301F40130961000F06A4178090602D500F11401F8
:2037A00000E0011DC167F06A417801F03F01A1714078C009E071C4F80880A4F80C8084F8D3
:2037C0000E80BDE8F087002211461148FFF712B870B50D490B4A38B301280ED18B7B8C7ADE
:2037E000CD7BCE7A002002EB0021401C01F84C3F06280C754D704E75F5DB70BDD42E2200DB
:2038000054FF21000040220054FD2100701120002C3522005B38220008016400E0512000C9
:20382000FBFB2100FCF82100FFE70B7B0C7A4D7B4E7A02EB0021401C01F84C3F06280C753D
:203840004D704E75F5DBD8E72DE9F05FFF4E80464FF00009F06A4078000601D54FF0020961
:203860000024DFF8ECA3A34620465FF7E6FDC16BC9074DD0408F01284AD1F64904EB840058
:2038800001EBC0000301F401209710004A46C57890F9023090F8241029B1002221FA08F168
:2038A000C90700D00222B8F1000F12D00571F56A002105EBC2056F1897F91C709F4203DD99
:2038C000491C49B20729F6DB6B181B7F8370C17018E0017964290CD3F56A072105EBC2052A
:2038E0006F1897F91C709F4203DA491E49B20029F6DCC170F36AC9B219441C2303EBC203B2
:20390000C95C81709AF8001031B1F16A01EBC201097F817080F803B0641C64B2102CA7DB0B
:20392000DFF83C930027781C60F7E8FA0446C36994F8A310C3F3C4004A094FF0000101D05A
:20394000022A00D10121DA0256D5082801D00A2852D1C44A94F89E00B8F1000FD25721D0E1
:20396000256809EB0513002503F8040CF06A00EB8100D0F880104957914203DD0301F40114
:20398000109810006D1C6DB2072DF6DB84F89E509AF8000008B184F89EB0284675F7F0FD7C
:2039A0000146204661F73CFB284624E0236809EB031010F8040C64280CD3F36A072003EBD2
:2039C0008101D1F880301B56934203DA401E40B20028F6DC84F89E009AF8000008B184F89E
:2039E0009EB094F89E0075F7CBFD0146204661F717FB94F89E0075F7C3FD012195F7D5FC2F
:203A00007F1C7FB2142F92DDBDE8F09F10B5142196485FF745F90024601C60F773FAC369F8
:203A200090F8A310C3F3C4024FEA5111DB021DD5082A01D00A2A19D1002209B1022900D16C
:203A400001228649CB6A03EB820290F89F30D2F88020D25C854B1A55C97839B990F89E1036
:203A60000068814A02EB001000F8041C641C64B2142CD1DD0301F4010099100010BD70B5E6
:203A80007D4A784B002100EB01059C6A002C02EB010494F8384102D085F8CB4001E085F8A9
:203AA000AF40491CC9B20529EDD3198B4FF4C004B9B1D4F82813090613D5704A00219D6A54
:203AC00000EB0106002D02EB010595F8285002D086F8D05001E086F8B450491CC9B20429EF
:203AE000EDD300219A6A52B104EB8102D2F89C62451805F8B96FD2F8C8226A7209E004EBBA
:203B00008105D5F89C62421802F89D6FD5F8C8525572491CC9B20529E4D3198B00291BD0C9
:203B2000D4F82813090617D5002104EB81059A6AD5F81863002A00EB010202D002F1BE0204
:203B400001E002F1A2021670D5F8B05301F10101C9B255720429E8D35BE670B5484E002558
:203B60004FF4C0043078012822D146480301F401F0991000017846480129007804D045494F
:203B8000097801290AD016E0C4F89C0242480078012801D0414808E0414813E0C4F8C802E1
:203BA0004048007801280CD03F480078C4F864010020FFF76BFD35703C4E3078012806D08C
:203BC00053E03B480078C4F864010120F1E7394839490078012801D088B345E008783749C8
:203BE000097850EA01023FD0012802D001290CD03AE0334804F50C74007844F8CC0C4FF01E
:203C00000100FFF743FD2F480AE02F4804F50C74007844F8CC0C4FF00000FFF737FD2B48B4
:203C20000078E06620676067A067E067C4F8E800C4F8EC00C4F8F000C4F8F40014E0FFE7A8
:203C40000878012846D000210846FEF7F3FE044600220221FFF73DF9002211462046FEF7C1
:203C6000B8FE00200301F401E09A1000FFF712FD357031E054FD210064F721006C31220083
:203C8000EC332200184B22000B19200068FC2100D5FB2100E6FB2100E5FB2100EAFB21009B
:203CA000D7FB2100E8FB2100E7FB2100DBFB2100ECFB2100F1FB2100EBFB2100F6FB2100E5
:203CC000F4FB2100F5FB2100F7FB2100F8FB2100F9FB2100FAFB21000020A2E50121002088
:203CE000FEF7ACFEFF49044610F8602F0A60407888604FF000024FF002012046FFF7EDF82E
:203D0000002211462046FEF768FEB1E770B5044601798078401CC0B2FEF790FE00286FD038
:203D2000E178FF296FD020296CD201EB8102EE4901EBC202127D00F8D42FE27802EB820291
:203D400001EBC202D27D4270E27802EB820201EBC202927D8270E27802EB82020301F40172
:203D6000D09B100001EBC20292F82E200273E27802EB820201EBC20292F823208275E27832
:203D8000A0F1D40002EB820201EBC20300F18002D3F81A50C0F8D750D3F81E50C0F8DB50F9
:203DA00093F8223080F8DF30E37803EB830301EBC303D3F83250C0F8E150D3F83650C0F8DF
:203DC000E55093F83A3080F8E930E37803EB830301EBC301D1F82530C2F86B30D1F8293014
:203DE000C2F86F3091F82D1082F87310C049A1F15401D1F85E305367D1F862309367B1F8A8
:203E00006610A2F87C1068E069E000E068E0A0782179401CC0B2FEF715FE617822798901C7
:203E200041EA0211A27841EA421141F0800100F8D41FB0498978417010F8B81C890081700E
:203E400010F8B01C8900017310F8A81C890081756178A0F10301F401C09C1000D400C1EBF7
:203E6000C10100EB810101F18002D1F89D10C0F8D710D2F82110C0F8DB1092F8251080F8B5
:203E8000DF106178C1EBC10100EB810101F18002D1F8A610C0F8E110D2F82A10C0F8E51032
:203EA00092F82E1080F8E9106178C1EBC10100EB810101F18002D1F8AF10C0F8EB10D2F89C
:203EC0003310C0F8EF1092F8371080F8F3108C490A68C0F8F4204A68C0F8F8200989A0F8DD
:203EE000FC1000F1D400A4E40020A2E430B58548447CC16A8448C4EBC40201EB820200680D
:203F0000D2F89D5002F18003C0F82D50D2F8A150C0F8315092F8A52080F83520D3F826201E
:203F2000C0F83720D3F82A20C0F83B2093F82E2080F83F20D3F82F20C0F84120D3F8332049
:203F4000C0F8452000F12A0093F837200301F401B09D1000C2778B784FEA841242EA0312A5
:203F60004B7803F03F0342EA030242F080020270644A927842700A7F4FEA8202827091F8C7
:203F800024204FEA8202027391F82C104FEA810181755D49A0F12A000A68C0F84A204A688E
:203FA000C0F84E200989A0F8521000F12A0030BD2DE9F04FB9B0CE2100F1090537919246FB
:203FC000007B4F4A4FF000094FF0DC0B50287CD18AF8060000208AF8050028792E465446BC
:203FE000012859D14B484FF0E60C0368B3FBFCF00CFB103781B20FB9491E89B2B6F8050007
:20400000884212D88BB1884237D14FF0730100FB01F0DFF8048102EB40014FF001094FF02D
:204020000000EFB1A7F1040C0DE00020A072E62104F1F20061F7C0FC2EE0231811F8012B99
:20404000401C1A730301F401A09E100000B26045F7DBE019D8F868108160C7F1E6010C300A
:2040600061F7AEFCA7721BE02318401C11F8012B00B21A73E228F7DBD8F86800C4F8EE0061
:204080000CE07321484302EB400100202318401C11F8012B00B21A73E628F7DB84F80AC096
:2040A0003079022867D11F48E8464746016800914068019002A81C49379A62F765FE379835
:2040C0001A49083038440A68026089888180E62200E057E09BFBF2F002FB10B781B20FB98D
:2040E000491E89B2B6F80500884230D80B4A12686AB3884234D14FF0010987B3732148433C
:2041000016E00000080164000046220041232000D42E220054FD210008FC210008F9210073
:20412000AC4A22001AF92100942F220014F9210008EB40013A4604F10C0062F70301F40119
:20414000909F100025FEE019C7F1E6010C3061F73BFCA77213E00020A072E62104F1F2006E
:2041600061F732FC0BE0FFE77321484308EB4001E62204F10C0062F70BFEE620A072307969
:20418000E071B6F80500208184F80B90E87808B131280BD18AF8060000208AF8050001469F
:2041A000E87854461226C8B1312822D08AF8060000208AF80500E878514602280BD1FF4A94
:2041C000002001EB400432F81030401C00B2A4F807306728F5DB39B0BDE8F08FE81CFFF7DE
:2041E00091FE09E02A22E01D62F7D2FDF3E76671F1E7E81CFFF79EFD0100F8D0F2E72DE900
:20420000F74F0023EE4C99464FF07F081A4664259C464FF0010B94F809E056E003EB83061E
:2042200004EBC604029E677D4FF0000AB7424AD1667E26B10301F40180A0100009B102291B
:2042400001D17F2843D094F830601EB1012901D17F283CD04FF0000B21B1022902D00129F5
:2042600013D01AE0A27D94F82360821A861B52B276B2002A00DA6422002E00DA6426B242BA
:204280000BDD32466FF07F0A07E094F82E20821A52B2002A01DA642200E00AB3424504DAE8
:2042A00043EA0A06904606F0FF0901291CD094F91660AE4202DA35464FFA83FC94F92340D5
:2042C000AC4204DA254643F080044FFA84FC5B1CDBB2BD4C9E45A5D8B8F1640F0CD00FE0D3
:2042E00043EA0A03D8B20FE094F92E40AC42EEDA25464FFA83FCEAE77F2801D00CF0FF09DA
:20430000BBF1000F01D0FF2081464846BDE8FE8F2DE9F04F93B08246002601A80F900AF0A3
:204320007F000C4617461D460D96B1460301F40170A110000E960C960090FCF7B3FF781C29
:204340002946C0B2FEF796FB05460AF07F00A049DFF8808200EB800001EBC0010DF1400C0E
:2043600024B1012C36D0022C60D082E05FEA0A600CD591F82300D1F82520CDF80720D1F872
:204380002920CDF80B2091F82D200AE0887DD1F81A20CDF80720D1F81E20CDF80B2091F8B0
:2043A00022208DF80F208B4A8B461A3A097E12F807A0894A0023D25D18F8037002EB8707B2
:2043C0000CF803705B1CDBB2052BF5D39BF819300C9324E07F4A8B46183A91F82E0012F83E
:2043E00007A07E4A91F82F100023D25D18F8037002EB87070CF803705B1CDBB2052BF5D3C3
:204400009BF830300C93DBF83270CDF81170DBF83670CDF815709BF83A308DF81930002C95
:204420007ED0012C0301F40160A210007CD0022C15D022E0694E6C4A5FEA0A60A6F11606C2
:2044400061D591F82300D1F82530CDF81B30D1F82930CDF81F3091F82D305FE0097E002248
:204460001346860805EBC407B818521C01710677D2B280F83430082AF6D3009800EB80010E
:20448000554800EBC100C07D8DF805000F984078FCF76AFEDFF85481554F2346D8F80010B9
:2044A00081F854000F9897F8029029464078B8700C98009008460F9AFDF70EFD0C98B8B1E1
:2044C000C4EBC4004B4900EB400001EB40067078FCF74AFED8F800102346324681F85400C7
:2044E0007078B8700020294600900846FDF7F4FC484687F80290FCF737FED8F8001081F83B
:20450000540013B074E6887DD1F81A30CDF81B30D1F81E30CDF81F3091F822300301F40103
:2045200050A310008DF82330D25D82429AD100E002E00A7EF25595E7DFF8A8B09042ABF198
:20454000140B70D99DF8413083426DD200231CF80370874202D25F1C07F0FF095B1CDBB224
:20456000042BF4D9831A9B1C9B104FFA83F8CC4610E098FBFCFE06EB0E035EB2A9EB0C0734
:204580000DABACF1010CDE55A8EB0E030CF0FF0C4FFA83F8BCF1000FEBD1002315E07BB359
:2045A0000DAE1E4416F801CC05EBC4061E440CEB01073771CCEB9007377705EBC407012662
:2045C0001F445B1C87F83460DBB24B45E7D3BAF1000F22D0BAF1010F22D012E0942F2200E7
:2045E0000046220088FD210098F921009AF921009CF9210008FC2100412320002C4B22004F
:2046000006E09BF900C000210846C9F1080825E005EBC4060301F40140A41000870831714A
:20462000CEE79BF902C0F2E79BF901C0EFE782E01DE0012819D0042308B1194449B205EBD2
:20464000C40709EB00033B440AEB01061E71464257B207EB0616B6101E770026401C83F897
:204660003460C0B28045E4DC0FE76346E5E70C9B9BB305EBC40C80088CF804108CF81C00CF
:2046800001208CF83400BAF1000F09D0BAF1010F09D09BF900300021084656B2884607E02A
:2046A0009BF90230F7E79BF90130F4E7012815D0042208B1114449B20CEB00020AEB010783
:2046C0005771474206EB0717BF10401C5777C0B282F835800728E9D3D7E601E01A46E9E727
:2046E00059B101290CD09BF9000000238146184657B2984605EBC40C07E09BF90200F4E7CF
:204700009BF90100F1E7012813D004220301F40130A5100008B11A4453B20CEB0002CE1821
:204720001671464207EB0616B610401C1677C0B282F834800828EAD3ABE64A46EBE759B123
:2047400001290CD09BF9000000238146184657B2984605EBC40C07E09BF90200F4E79BF9E4
:204760000100F1E7012813D0042208B11A4453B20CEB0002CE181671464207EB0616B61050
:20478000401C1677C0B282F834800828EAD380E64A46EBE710B50C46FFF749FDBA4AFF285D
:2047A00004D1507A401EC0B240F0800054B1022C08D000F07F0000EB800002EBC00090F9BF
:2047C0002E0010BD010600F07F0000EB800002EBC00002D590F9230010BD90F9160010BD94
:2047E0002DE9FF5F0026804690F9000032463146FFF7D0FF044698F9020000220121FFF705
:20480000C9FF05460301F40120A6100098F9040000220221FFF7C2FF074698F90100012223
:204820000021FFF7BBFF0090012298F903001146FFF7B4FF019098F9050001220221FFF7FD
:20484000ADFF0022029011467F20FFF7A7FF8146002201217F20FFF7A1FF0390012200214F
:204860007F20FFF79BFF8246012211467F20FFF795FF834648464C4500DD0446039885422D
:2048800000DD054648464F4500DD07460098504501DDCDF800A00198584501DDCDF804B0A7
:2048A0000298504501DDCDF808A07A497A4A7B4B0C7015701F70009848700198507002985E
:2048C000774F587006F001000290062E01D3012000E000200190A0EB800006EB4000C0F318
:2048E0004705029818F90640002801D0504600E0484601D0594600E003996A4A0301F401E5
:2049000010A71000127C52B9022D08D2844201DD05B904468C4202DD012D00D10C468442BE
:2049200002DD022D00D1044629462046029AFFF786FC594900EB800201EBC201C5EBC50230
:2049400002EB420207EB4202CB7D537075B1012D26D0030631D5D1F82530C2F81730D1F8A4
:204960002930C2F81B3091F82D1030E002063A460AD5D1F82530C2F80330D1F82930C2F8B5
:20498000073091F82D1009E0D1F81A30C2F80330D1F81E30C2F8073091F82210D17217E034
:2049A000D1F83220C7F83720D1F83620C7F83B2091F83A1087F83F100AE0D1F81A30C2F835
:2049C0001730D1F81E30C2F81B3091F82210D177FF2805D00094DDE901322946FFF7B4FCD3
:2049E000761CF6B20C2EFFF471AF304D0027B94695F811A00301F40100A8100000267F1CDD
:204A000007F0FF0831464046FEF750F8E86285F811900024697CE86A00EB81002146D0F800
:204A20008C00FEF70EFAE86A00EBC40100EB8400091D641CE4B24167032CEBD3FDF7FFFEBA
:204A4000687C401CC0B268740228E2D3761CF6B2022ED7D3FFB2022FD0D385F811A0BDE87D
:204A6000FF9F70B500228118CC7C91F8495091F87F60002101E0022908D001EBC1030344EA
:204A800013445C7083F8375083F86D60491CC9B20629F0D3521CD2B2092AE4D370BD0000CE
:204AA0000046220098F921009AF921009CF921002C4B220054FD210070B5D849D8480A787F
:204AC0000378847862F30003C2F3400262F3C3044A7862F341038A7862F38203C2F34005C3
:204AE00065F3C303C2F3800565F345140301F401F0A81000C2F3C005C2F3001665F3C71395
:204B0000C2F34012457862F3041484704A6802610A7A66F3000562F3061303704A7A62F37F
:204B2000450545708B7AB0F8012063F38A12A0F80120CB7A027A63F301020B7B63F3830282
:204B400002724B7B028963F3881202818B7B427A63F34202CB7B63F3C40242720B7CB0F87C
:204B6000092063F3C912A0F809204A7C037AC2F3400462F3041364F345130372C2F3800415
:204B8000437AC2F3C00264F3451362F3861343728B7C027B63F304020273CB7C828963F392
:204BA0008A1282810B7DB0F80D2063F30812A0F80D204B7D827B63F3860282738B7DC27BE7
:204BC00063F30402C273CB7D027963F303020B7E63F3071202714A7E417962F3030141712E
:204BE00070BD30B50301F401E0A91000184483070AD550F8023C891E1B0C801C13701B0AB4
:204C0000537089B202F102024FEA91040DE050F8043B13704FEA132555704FEA134595700E
:204C20004FEA1363D37002F104022300A4F10104A4B2ECD1890703D500681070000A50709F
:204C4000012030BD10B5012802D0042803D049E047F19FFB46E039F131FF7748754901602E
:204C600077497648086047F1ADFC4AF175F876497448764CC1F8D001754920680A6820F432
:204C8000005042F004020A6072490968724A116072490968724A40F4801011607149724A36
:204CA00009881183714A4FF002011170704920604FF07B0008706F480078C0070BD00023F2
:204CC0001A4619460120F8F783FF00231A4619461846F8F77DFF6849012008700301F40195
:204CE000D0AA1000206840F4805020606548016821F0040101606448644902880A8082782A
:204D00008A70C278CA7000790871002010BD70B549F12EFBAFF2CB005D494D4D08605D4805
:204D2000286738F16EF85D485B4941605C4981605D495C48086060F725FE5D495B48886088
:204D40005D495C4808605E495C4808605E495D4808605F495D48086040F172FD47F116FB9C
:204D60005C48016841F400110160FFF7B1FE5B4959485C4A08605A4860210024C1712021CD
:204D8000C1721E21C173082111701021A0F801105548E86755485749C5F8D00054484860EF
:204DA00056495548086056494FF448700880554856490460544808605549F72008705548BF
:204DC00004705548C5F804025448C5F854025448012505210301F401C0AB100005605348F4
:204DE00005604FF4CA000164D0F8001241F08041C0F800124E4944204FF40C6248704D494C
:204E00004220487000214C4855F790FF4B48D822002104604A4805704A4805704A480470C2
:204E20004A4804704A4855F781FF0C220021494855F77CFF4848057070BD000064062200A9
:204E40002D342000ED2D2500B03B200085332500242F20001D1D2400005A2000E03020002F
:204E6000503120009801640040062200E80641005006220048092200D8522000442820003C
:204E8000302F20003C242000E83C2000DC3A2000082122004C222000B44A2000F11F25006D
:204EA000B50B2500282320001D0C250067202500AC212000A905250050332000A40322007C
:204EC000C0332000EF092500E022200003019401B0AC10004B082500C4332000C04D2200BD
:204EE000080720007831200077242500B8092000B41B20001E312000F30C2400494E1000F1
:204F00002D4125007C48200091422500A4482000EA28200078F7210089D52400343A200044
:204F20006E202000F2F72100972C2400AB2524000CFA2100082D2000C4302000563C20009C
:204F40009C2222007CF72100F9F92100FAF9210047FA2100F8F92100C421220014212200E4
:204F6000543120000301F40100082400BDE8FC4100F0A9B9BDE8F04100F00FBCBDE8F041CC
:204F800000F065BC00F00BFE10BDBDE8F74F00F00CBE000001F028F9BDE8F087BDE8FC4185
:204FA00001F021BC01F00EFD10BD000001F0B0BD01F0BBBD01F0CBBD01F0D3BDBDE81C4098
:204FC00002F0F9BBBDE8F04102F0EEBCBDE8704003F0CDBBBDE8104003F06BBCBDE8FF4FE7
:204FE00003F0F2BE30BC04F0C4BC0000BDE8304004F023BE04F008FF10BD04F0EFFFBDE875
:20500000F087BDE8F04F05F06BB805F067B9000005F094B9BDE8104005F023BABDE8F84F13
:2050200005F0FCBEBDE8F04705F056BF06F0B0F8BDE8F08106F030F9BDE8F081BDE870409D
:2050400006F0AFB9BDE8384006F096BA06F030BBBDE8304006F0E6BBBDE8F0470301F4012D
:20506000F008240006F07CBEBDE8F04706F041BFBDE8F04109F02CB82DE9F04109F056F8D1
:205080001FF6D2BCBDE8704009F09AB8BDE8104009F029B9BDE8104009F08AB9BDE8704077
:2050A00009F096B909F0ADFA70BD00007CB57FB409F02CFB7FBC044665F66CB8BDE87040FE
:2050C00009F08BBBBDE8704009F0FFBDBDE8F84F0AF026B82DE9F047B1E8F857A0E8F857B7
:2050E000283A282A00DBF7E7002A13DD02F1030222F00302102A05DBB1E80056A0E8005633
:20510000103AF7E7042A05DB51F8049B40F8049B121FF7E7BDE8F04770470000BDE87040A3
:205120000AF0EEBDBDE870400BF034BABDE810400BF078BCBDE810400BF085BCBDE8F05F43
:205140000CF06BBCBDE8F0410CF0ACBEBDE870400CF012BF0301F401E00924000CF078BF95
:20516000BDE8F0410DF00ABABDE8F0410DF03BBDBDE8F0410FF014BABDE8F04010F068B934
:20518000BDE8FE4F10F07EBABDE8FE4F10F0AEBBBDE8F04010F0E3BC08B0BDE8F04710F082
:2051A000B3BDBDE8FE4F11F04AB8000000B511F0F1FB00BDBDE8F04011F0ECBB11F00EBDE2
:2051C00011F09EBE10B512F043F810BD10B510BD12F0C7F870BD12F0EBB80000A12801D1E3
:2051E000C2F59CBD47F25F01701A47F25F01701AA32801D0C2F582BD606805F037FDC2F51F
:2052000083BD000012F0E7FCBDE8F087BDE8104012F09BBD12F0CDBD12F084FF70BD0000C0
:20522000BDE8F04013F01DB809B0BDE8F04F13F0ACB80000BDE8F04113F018BABDE810401D
:2052400013F0F0BBBDE8104013F006BC0301F401D00A2400BDE8104014F060B814F04DB9D4
:2052600003A805F0FCFC6868A0F5E04141F692B970B50CF0CAFEF949F94A0C1F4FF4C805E5
:20528000012802D0F748007810B30868126820F03F00104308600CF0CAFE0F280BD20CF0D1
:2052A000C6FE40B1206840F470402060D5F89C0140F0300009E0206820F4704040F460407A
:2052C0002060D5F89C0120F03000C5F89C0170BD0868526820F03F0010430860EBE72DE901
:2052E000FC41012003F67CFEDF48007808B10CF06AFCDE4EDE480027316899B1807C20B1FA
:20530000DC4801682F2021F61CFA3468204626F650FF0546204627F6C7F902280BD00E2D49
:2053200009D011E0807D002861D0BDE8FC410F212D2021F606BAE07B012805D122F62FFA7C
:2053400010B920460301F401C00B240038F621FD092D04D0E07B80F0010038F631FB204654
:205360000DF048FCFFF788FF2068806920B3C449086880B1026872B11422CDE900728846C4
:205380000C3022F669FFD8F8001000226B460C31104622F685FC86F840702068816920466C
:2053A000884796F8400038B196F83B00042801D02EF679F986F84070204626F672FE58B1E2
:2053C00096F83B00042807D0E07B10B122F6BCF810B120461DF6FBFB092D04D1E07B80F013
:2053E000010038F6EDFAA7480068002803D002B0BDE8F0410047BDE8FC81A34810B5006044
:205400004060A2480024442100604060A04800604060A048006040609F480460954827F664
:205420004BFF944880F842409C4804602AF6EDFD0446002022F614FD20462AF60301F401E8
:20544000B00C2400EAFD984C01221146236810465B1D1CF668FA236803225B1D11460020BB
:205460001CF661FA02201CF691FE03201CF68EFE8E482BF662F800230122BDE8104003218B
:205480008B4833F685BE2DE9FC47DFF8F49100252C4699F8140070B121F64AFC694622F697
:2054A00079FD0098214660F38301019860F30C112C2021F64EF902201CF62FFA10B10220AD
:2054C0001CF664FE6D4F4FF0020A4FF0010887F83BA03868A8B327F68AFA30B97868A8B3EF
:2054E0003968807C897C884231D9386848B327F67EFA88B9386827F6DFF802280CD138688A
:20550000808948B1786838B16A49807C0978884202D287F83B4051E1386890B1C17B01297F
:2055200003D138F664FA386858B1017D022908D1796988420301F401A00D240005D1002272
:2055400001215D487C61F0F541FF7868B86087F83F401CE0FFE73868808970B121F6B2FF18
:2055600010B187F83B802DE121F6D3FB99F8160018B106212D2021F6F0F83868817D0906AD
:2055800002D521F6AAFFC8E7B86087F83F80B86880B127F630FA68B13868002868D027F6A1
:2055A0002AFA18B1BC6087F83F4003E03868B86087F83F8021F6C0FBC2B287F843203C485F
:2055C000B9684FF4461611B18B7B934202D17C62BC620BE0FA68914275D197F8391029B187
:2055E0007C62BC620068A0F1030000E00068C6F890003868A8B14FF445125168890710D55C
:2056000087F83B80C2F804A01DF612F9B8683968807C897C88427DD3F06980017AD421F6B9
:205620006BFB99F8160030B121F6F1FD0301F401900E240018B107212D2021F692F838683D
:2056400020B101680A690AB103219047B868A0B11D49D1F8E01001B188470020B96821F67E
:205660004EFAB86890F90E10042950DD807B21F66CFBFF283FD04AE073E035E0E406410055
:205680002809220001F921003CFA2100E0512000C05F2000A0863100F82A200034202000A8
:2056A0003C202000442020004C20200054202000842720002C20200048332000485220003E
:2056C0002452200010202000005A2000FFE7796A31B103298ED1B96AB1F59A7F8AD983E785
:2056E000B96A022986D87FE7002021F62BFA002021F601FD40E0B868807B22F6DDF8014698
:20570000FF2804D0B868807B22F638FFBD68B8680168096909B321F673FD00E056E0B8688B
:2057200001680A690301F401800F24000021904721F675FDF0B9B86827F665F950B1BE68F5
:20574000BC6087F83F4030461CF6F9FD30461CF61DFE0CE021F604FF20B1BC60204687F836
:205760003F4005E021F6F8FE08B1BC60DDE6B86821F6C5FCB86818B915B1A87B21F634FA09
:20578000B86838F626F9032087F83B0022F61BF850B197F84300694622F608FC0098C0435B
:2057A0008107804806D00FE01DF601F800201CF6ECFE0FE07C4B028801991B78D21A914280
:2057C00002D32DF6DFFE05E003880322114602201CF6B5F80120BDE8FC872DE9F04106464B
:2057E00000F11C04807B22F652FD01464FEA5007207A800703D581F00060400800E03846EF
:20580000A18811B1E28822F6B8FD684A31681268914201D0E1880EE0B16A654A0301F401E3
:205820007010240091F8A810C1EBC10102EB0111703991F84C20002AF0D0B1F85A10F2F594
:2058400086FAE1880D1AA07A50B12946384622F657F92060022D1CD9E18822F6BBFC17E0F5
:20586000304627F630F978B9304627F633F958B921F66EFAB17B884202D1022D02D303E03C
:20588000042D01D2E08805442946384622F638F92060BDE8F0812DE9F0410446002626F6B4
:2058A000A0FC102810D1A06A4349012690F8A800C0EBC00001EB00107038816E012903D14A
:2058C000416EE1610021816604F11C05A07B22F6E2FC01462868400022F64BF80546E07C8F
:2058E0004FF00067032805D1BD4203D920461CF671F80546052D01D9BD422DD920461CF671
:205900003EF82E4E35B1BD4204D8022D04D83069A04201D00301F40160112400032000E02C
:20592000042020752068416809B120468847022020753068A042B0D121F61EFE0028ACD005
:2059400096F83B000028A8D1012086F83B001E48022211460388BDE8F04110461BF6F7BFA4
:205960000620B0EB550F14D320680021826A2046904748B190F8280030B1690820461BF6D7
:20598000DEFE20461BF683FF2046BDE8F0411BF65ABF690820461BF6F2FE002E08D0204688
:2059A0000AF02DFF002803D0BDE8F0410AF0A2BE73E70000282020001120200054282000E7
:2059C0009C222200E051200026202000104810B50421816081604FF001014160C1670D48CD
:2059E000016841F010010160016841F00C0101601DF65AFCF1F58EFCEDF50EFF41F6D7FDC0
:205A000010F6CFFE21F6A0FDBDE810400301F4015012240003F0F2BF200032008083310061
:205A20002DE9F0410546407C8046C3F53CF9040066D02668B068C0F30137404628F62DF8D1
:205A4000B1684FEA114804F058FD696880B2002379B1E968814253D2411A002950D020689D
:205A600000284DD08068C0F30130012848D12A6820E0C6490968090501D407B902272F7452
:205A80002E607168A9606960404502D9A0EB080100E00021306820603360607C401E60741F
:205AA000A07C401CA074206800B96460C5F80C80D3E7024610680028FBD11CE08668C6F3FB
:205AC0000136012E1CD1106086680246360CB14201D9891B00E00021076827600360607CE4
:205AE000401E6074A07C401CA074206800B96460E8683044E860002902D020680028DDD17E
:205B0000BDE8F0810301F401401324002DE9F0410546407C804627F6C4FF07464046C3F580
:205B2000C6F80600F0D006F1080027F60EFB040004D106F10C0027F608FB04462C600320C7
:205B40002874207BE86004F11000A86068606168064609B138468847204672F6A5FE00283C
:205B6000D2D0C0688007CFD597F8D9103078012901D10628C8D04046BDE8F04120216AF651
:205B80009FBAC1E72DE9F0410600BDD03468002CBAD0002527686068C4F524F8C2F576FD5D
:205BA000204627F60FFE6D1C3C00F3D13760707C27F677FF0400A7D0707CC3F578F8060021
:205BC000A2D0B07C744A401BB074307C2844C1B23174208F1278C4F513F9377494E710B5D1
:205BE0000446407CC3F563F8002807D090F91200002803DD2046BDE81040C3E70301F401EC
:205C00003014240010BD027C032A00D0BEE7C3F55ABD2DE9F74F0D460098467C3046C3F529
:205C20004AF8040022D0207D0327DFF878914FF000084FF0060A4FF0020B0A2816D2DFE8C2
:205C400000F005634C89193E2F75579625B1022D06D0052D0AD15BE00098FFF7E9FE32E085
:205C60000098FFF757FF4CE084F814B0BDE8FE8F27758CE085B1012D04D0052DF6D1052044
:205C80002075F3E70098FFF7AEFF94F912000028ECDC84F81480E9E70098BDE8FE4FC7E6B4
:205CA000032D02D0052DE1D144E00098C3F50DF9EFE709203C49207501200860D6E7012DF7
:205CC00003D0062DD2D10420DAE70098FFF78BFF94F9120000281BDDC8E7022D04D0042D7C
:205CE000C6D0062DC2D1D4E70098FFF713FF2AE0032D02D00301F40120152400062DB9D1D2
:205D000003E00098C3F5E5F80AE084F814A0B1E7022D0BD0052DE8D1D9F800004007ABD534
:205D20003046C3F5BBF80028A6D0A1E70098FFF7F5FE26E0032D0CD0052DDFD1D9F8000016
:205D40004007BAD53046C3F5A9F80028B5D008209AE70098C3F5BDF8012095E7022D05D0A2
:205D6000062D9AD0072D85D102988DE70098FFF7D5FE092088E7032D05D0062DC5D0072DF4
:205D80008DD1072080E70098C3F5A3F8084827750068012896D103B0B1B2BDE8F04F092025
:205DA00058F61EBE78312000E83C2000E030200060F721002DE9F04109301446B0F803601F
:205DC0004779D6800521304628F6BFFE1225012F29D828B139463EF6EDF92072BDE8F081B4
:205DE000304627F6D0FEF0B190F8DA100301F40110162400FD4B01EB810103EBC101002264
:205E000091F8243073B1FA4D2D78EB40DB0700D00222F84DCB782D682B441C2505EBC20213
:205E20009A5C8A70897880F8DF102172DAE76571D8E72DE9F05F002700F10906B0F80D00E0
:205E4000DFF8B4B31446B946B8463D46BA4608B3F17809BB27F6A8FF0028B0880CD027F625
:205E600096FE5FEA000915D099F8DA00DF4900EB800001EBC0050DE0032128F66AFE07000A
:205E800008D038681738022804D897F8D70028F671FB0746F07860B37079D84940428BF86E
:205EA0000000307942428BF801200968087070794870B0798870F079C8703089888070890B
:205EC000C880B0890881F0894881307C0873707C4873B07C28B1CA4AC2F800A0C94AC2F868
:205EE00000A007200301F401001724008873CA7822FA00F3DB076FD198E0B088E080B088F1
:205F0000BD49002876D057EA090073D0BB48DDB32A782272AA7C62722A7CA2726A7CE272C9
:205F2000AA69A2816A79E273EA782274EA69C4F812202A6AC4F8162095F824201C2372B101
:205F40000E7822FA06F2D20701D04FF00208EA780668164403EBC802B25CAA7005E002685B
:205F60005278120601D54FF00208EA780668164403EBC8023423B25CAA70A273EA780068E0
:205F8000024403EBC80032E0FFE737B384F809A03B689F4A02EB031353F80C3CC4F81230DE
:205FA0003B6802EB031252F8082CC4F8162097F89E20227497F8A320530903D00223B3EBA5
:205FC000521F0BD1006817F89E2F00F124033C30D25CA2733A780AE02EE00BE00301F401DB
:205FE000F0172400006817F89E2F00F11C033430D25CA2733A78105C84F82200844800688B
:20600000C4F81A0083480068C4F81E0004F111049BF80020A2749BF80100E0747B480068B7
:2060200082782275C2786275407BA075087804F811090BE0431E401E8B7301283FF75CAF46
:2060400091F90E00042801DD0420887384F805A0BDE8F09F70B500F109048089164600257D
:20606000F0B127F6A9FE0028B4F803000AD027F696FDA8B190F8DA00604900EB800001EB9F
:20608000C0050DE0032128F66CFD48B101681739022909D890F8D70028F674FA002803D1FE
:2060A000607928700020707170BD10B514465B4A017B91825A49007B08805A490B6823B15E
:2060C000594A01211170002198470020607110BDF0B5564B0301F401E0182400067B564C3E
:2060E000D3E9000100258EB100F40076666000F48026A66001F08066E660504E304018600C
:2061000021F080605860012020700AE026783EB1D4E901673E4330431860E06801435960D8
:2061200025705571F0BD2DE9F84300F1090500278DF80070122050711646B5F8030027F6CF
:206140003FFE90B3B5F8030027F62DFD68B390F8DA002C4900EB800001EBC00468792A4967
:2061600040F0800084F82400097820FA01F000F001056178254831B1217821B11DB901687B
:206180004978090610D5804645F08003022269460068C7F6A3FAE070D8F8001008441C217E
:2061A00001EBC501405CA07077717771BDE8F88330B5234B1F4C057B1868216A2DB140F03A
:2061C0001000186041F0080004E020F00301F401D01924001000186021F0080020620020C1
:2061E000507130BD70B515461549134A00264E70167000F10904C37B007B032B02D301236E
:20620000137010B1012823D024E01FE06C31220057FD210080FD21008F22200048FD210012
:206220004CFD210050FD2100EC3322001088200044FD210078FD210067FD2100D8522000C6
:2062400064F72100FFFDFBFFE03020004B7001E057F630FEE01C10F0F7FE0748026812B118
:20626000607A00219047054800684FF4C001C1F80C016E7170BD704778FD210004833100BC
:206280002DE9F04781466D4888464FF0150480684FF0010610F4007701D021240A262146B9
:2062A0003E20ECF552FE05006FD0E11EE81C29F6B3FEAE7085F80380484627F60EFC040061
:2062C0005FD0208F0301F401C01A2400A88094F8D900A8710026D4F87001002F5AD094F8FB
:2062E0005E10A8B304F1580022F61CFD28B1D4F8700190F82E10022910D094F85E10E9711C
:20630000A16DA960B4F85C10A9816E612E8394F85F00022811D003280FD01AE08079801C15
:20632000E871D4F870110A68AA608988A981A16D6961B4F85C102983E9E7D4F8700190F8CF
:206340002F1031B1026BC5F80E20808E68820FE003E0C5F80E606E820AE0E971A16DA96084
:20636000B4F85C10A981C5F80E606E826E612E83E18869832189A9836189E98394F8D9005A
:2063800020B1607C410985F8201029E085F8206026E034E080B194F85E1004F1580022F6A9
:2063A000C1FC48B128480068400405D4D4F8700190F82E10022918D0A06DA8600301F4010E
:2063C000B01B2400B4F85C00A88194F85E00E871E088E881208928826089688294F8D900FE
:2063E00078B1607C400928752846BDE8F04777F613BD0168A9608088A881D4F87001807952
:20640000E5E72E75F0E7BDE8F08770B504460D4608213E20ECF5A1FD002816D0172D00D12F
:2064200000250C218170C5703CB1218F818094F87611817194F8771102E000218180817137
:20644000C171BDE8704077F6E7BC70BDD0872000E03020002DE9F0412D4980460A78104478
:206460000A2801D2087038E00A22B0FBF2F502FB150008708DB30024264E274F26E0204685
:2064800027F633FB08B3C16B4A031ED590F84320AA4217D8002280F8432021F48021C163ED
:2064A0003078022803D0204669F646FE0DE001203070A1B20301F401A01C24000A2058F6DC
:2064C000AFFA69F60FFE1749087002E0511B80F84310641C38788442D5D34146002027F654
:2064E0000CFE1148007828B11048007810B140466FF6A9FB404617F696FC0D48007828B1FD
:206500000C48006810B1404602F016FD4146BDE8F04101200FF61BBD3E3D20003F3D2000E1
:206520001D312000403D20009B4020009D402000483F2000503F200002460020117C0729DD
:206540000FD0FF2915D01A2937D2172923D021B3082925D00E2923D0092924D00C2925D05C
:2065600027E0137B022B24D9917C002900D119487047137B022B20D3517C042901D2164864
:2065800018E0A1F1F002082AF2D2144800EB0110A0F57060704712487047114810307047B4
:2065A0000F48203070470E48303070470301F401901D24000C48403070470C4800EB01107B
:2065C0007047094B1B1F1A789142F9D35B789942F6D8881A064901EB00107047E4C10C0074
:2065E000A4C10C00B4F1210088F7210014C00C004C09220010B501F110010446487884F81F
:20660000C5004888A4F8C6008888A4F8C800E06B40F48070E063800501D4E06B07E00021B0
:20662000204677F646FEE06B20F40070E06341060AD4000519D4204647F64CF894F8DA00CD
:20664000202169F669FD10E094F8DA0069F653FDB4F8440020F01000A4F84400204658F68B
:20666000EFF9E06B20F04000E063B4F8C6000F2803D194F8DA0047F61AF894F8D900002895
:206680000FD1B4F8C6000F2803D0F1480078002807D0E06BC00404D42046BDE8104046F670
:2066A000F4BF10BD0301F401801E240070B5064601F1100429F6F9FC054696F8DA10A07839
:2066C0000DF03AFB2846BDE8704029F6F2BC90F8DA20887C11460DF0E1BB08B5FF238DF81E
:2066E0000030F52341EAC2028DF801308DF802200322694672F6CAF908BD08B5FF228DF8DF
:206700000020F6228DF801208DF802100322694672F6BCF908BD2DE9F041DFF840C30446E3
:206720000E7C9CF8050001F11101000702D50CF11D0200E0CA4A04F1B800002311F8015B0F
:2067400012F8017B5B1C3D4000F8015B082BF5D3E06B40F40050E063DCF80010082932D047
:20676000092E05D02046BDE8F041092146F62ABF400507D50021204677F611FDE06B20F400
:206780008060E06394F8DA0069F6B9FCB4F8440020F00800A4F84400204658F60301F401C7
:2067A000701F240055F9E06B810410D594F8B910C9070CD094F87E11002908D094F87611F3
:2067C00094F87421114204D0002084F87E01BDE8F08140F40040E063B4F8460040F4005013
:2067E000A4F846002046BDE8F04158F631B92DE9F84390F8DA9004460E4601F1100591F8D2
:206800000C80484623F612F9070027D040464FF028080D2824D0B4F84400400504D5324698
:20682000052120465CF695FB6989484646F68FFDA0B36889ADF800006878E07568882083F1
:20684000A8886083E888A0832889E0836946484623F68AF91221384625F696FABDE8F88329
:20686000287BC007FAD06989484646F670FDA8B16889ADF800004020A4F844006878E07557
:2068800068882083A8886083E888A0832889E083694648460301F4016020240023F6D6F9E9
:2068A0003221DCE7FFE784F8CB804846BDE8F843012124F6D4B82DE9FF416E480127D0E9F2
:2068C0000C10CDE900100C21684644F628FB0D21684644F624FB1F21684644F620FB002600
:2068E000DFF894816BE0304627F613F9040065D0E06BC00762D094F8D90000285ED1608F9A
:2069000000285BD0B4F8440008B1002756E094F8770102280AD1052204F10C01684621F627
:20692000E1FE58B994F8770102283CD05148052204F10C01303021F6D5FE80B394F8DA0088
:2069400023F678F8050039D00220A4F8440094F8770102281CD0204647F602FAB5F89200A6
:20696000A5F89A0002A9204647F6E9F914F8DA0F02A925F631F92078082202A972F68EF870
:2069800000284FF0010128460AD025F60301F4015021240001FA15E0009820629DF80400FA
:2069A00084F82400DEE702E025F603FAB1E7218F01204039884033490988084202D020463F
:2069C00047F6DFF9761C98F8000086428FD3384604B004E72DE9F047814649F6FAFC80462A
:2069E000484623F62BF804001FD0274F274E284D788CE0B1606D296832680089401C02FB0B
:206A00000012B8F1000F05D0084622490968884200D25200788C841847F6FF70844200D3DA
:206A2000441E484625F66EF92044BDE8F0871A480068000501D5802002E0484625F604F997
:206A40002968CA01B2FBF0F2606D346803894689C088F600B6FBF0F05B1C04FB0322824259
:206A600000D9024604FB03109042CAD90246C8E71C3D20008868200010882000D0872000BF
:206A80001D3120000301F401402224007631200084312000243D2000283D20002C3D2000DE
:206AA000E030200070B504460EF61CFE002520B1207B02281BD0032819D06561204616F627
:206AC00010FF10B104205DF64CF9A07C4CF6BDFAA07C16F6F7FE1A4978B1A07C0A6800EBF3
:206AE000400002EB800002893AB1458170BDA07A211D0EF6B6FE6061E0E7A07C096800EB70
:206B0000400001EB80004FF6FF72428170BD70B500250446C573807C4CF6E3FA204616F6CA
:206B2000E0FE08B15DF677FA054AA07C4FF6FF71126800EB400002EB80004181656170BD13
:206B4000603C200030B526480068000714D5254B254A0020D3F8041114880BE000290BD064
:206B6000CA0705D003EBC002D58825F47E45D580401C4908A042F1D330BD1C480301F40194
:206B8000302324000068002802D0412129F66CBA70471849096891F840202AB101EBC0007C
:206BA000C07908B10120704700207047114A0368126802EBC1010B6083888B8080798871D2
:206BC0000120C87112F8400F401C1070704709490022096801EBC0000260426011F8400F82
:206BE000401E08707047000078312000288A200024312000D8F7210019494FF0553008607A
:206C00001848091D806808601749C043086060F616BA164840F20A51016040F23451C16089
:206C2000134814490068086013484FF446110068C1F8940370470A481C38016841F4E02123
:206C400001600E4905200860704705481C38016821F4E02101600949002008607047000026
:206C60003087310084312000708B310040034100A81B20000301F40120242400C08B3100E7
:206C8000A41B20004406600030B5C36BDF4D1C044B7802D590F8744100E02C7F1C4054708A
:206CA000C36B1B0405D5097890F875010140917030BD0878697F0840907030BDD4490978C4
:206CC000C90707D081070BD4C10705D1400709D504207047C10701D0012070478107F5D545
:206CE00002207047002070472DE9F05F80460D4614464FF0000B5078C5F5FDF88146A0786C
:206D0000C5F5F9F882462878C5F5F5F86178A278914202D01140A170617029786A78002744
:206D2000914201D1012828D06578A678B9F1010F03DD2846FFF7C2FF0546BAF1010F03DDED
:206D4000A078FFF7BBFF0646AE4205D046EA0500800701D502252E466570A670617898F8D9
:206D60007601814200D16770A17898F80301F401102524007701814200D1A7705846BDE8D0
:206D8000F09F6078A1788842ECD0A7706770E9E72DE9F04105460E46144690F8DA0022F675
:206DA0005DFE070020D04FF00008C4F8008084F8048018202070224631462846FFF768FF8C
:206DC000224631462846FFF793FF06000ED084F8018084F8028095F8DA000522214671F6A3
:206DE00071FE3046BDE8F0810720FBE7607860B1284600F08AF9B7F89210018295F8DA008A
:206E000046F67AFEA4F80300E5E71726E3E72DE9FE430446002590F87801012701F1110357
:206E20009846022620B1012870D0022803D1AAE012B1162A36D0C6E0B4F87401ADF8000015
:206E40009DF80000C5F55BF8012816D99DF80000FFF738FFC0B28DF801008DF8000094F8AD
:206E6000761181420301F4010026240009D194F87721824205D102290DD08DF801608DF87A
:206E8000006094F8DA006A4616216EF6DCF894F8D90028B107E08DF801708DF80070F0E726
:206EA00084F8787193E084F8786190E0414602A86EF6D7F8010001D016221AE094F8D90068
:206EC00078B15648C06900909DF8000080072FD598F80110012918D002291CD003291FD02D
:206EE00026E0B4F8440040F20241084205D016222A21204647F62AF869E06A4602A92046B6
:206F0000FFF74AFF05002FD05BE08DF801708DF800700DE013E08DF801608DF8006007E076
:206F200098F800000128F0D00228F4D00328F2D094F8DA006A4617216EF685F8B3E7172AF3
:206F400006D0162A16D00D2A17D0112A15D01AE0194602A86EF685F80100CED00301F4017B
:206F6000F02624001622204646F6F4FF1E252CE094F8DA00694624F61BFE95E7162223217B
:206F8000BBE70D2A01D08D7C1FE04D7C1DE0072A21D11A2519E0182A09D0162A33D00D2A89
:206FA00039D0112AF3D18D7C232D0ED135E001F1100794F8DA0069F6C6F8787808B9B9780E
:206FC00019B1B978884209D020252B4601220021204657F645FE0120BDE8FE83B7F803101A
:206FE00094F8DA0046F6D3F928B194F8DA00394624F6DEFD5BE7282004F8CB0F0121E07B93
:2070000023F649FDE7E794F8DA0004F5BA7217216EF61DF8DFE74D7CC6E72321204677F6B4
:20702000E3F9D8E710882000DDF721002DE9F047814600F5A874B0F86851B0F86A61B0F867
:207040006C71B0F86E81B1F80100A082B1F80300E082B1F80301F401E0272400050020826E
:20706000B1F8070060824FF0000A48464CF6BEF8208BA84208D1608BB04205D1A08BB84269
:2070800002D1E18B414502D0484677F68FF920222146FE482AF6E0F95046BDE8F0872DE926
:2070A000F0410C464FF0000802F1100104282DD0012604F5A875052804D00B2817D00C284D
:2070C0002CD11BE052B30F4694F8DA0069F63FF839462046FFF7AEFF2E70B4F8440020F438
:2070E0008050A4F84400204657F6D6FC16E020464CF67CF8687840F00100687094F8DA00FA
:2071000069F625F820464CF671F8E5E72046FFF791FF18B9152120464EF6D0FD4046BDE881
:20712000F081DB4A002101EB810352F82330834203D0491CC9B20F29F5D30F2904D001EB1B
:20714000810002EB80007047002070470301F401D02824002DE9F04186B00D464FF0000887
:2071600001F5A87404281ED0082875D00A2873D12846FFF7DAFF061DA0882081E088608186
:207180003088A0817088E081142128464EF69AFD042020702089B0806089F080A08930817F
:2071A000E089708158E0E86B02F11006C0F38031E089ADF80800A089ADF81000A388C1F1AC
:2071C00003020DB1084600E000200E301844904080B2ADF80C00E388834200D81846ADF846
:2071E0000400D04005B90021401A0E38ADF80C00AA48D0F8087237B102A8009004AB01AA9B
:2072000003A92846B847A648BDF804100088814200D80146BDF80820ADF80410824200D901
:207220001046ADF80800BDF80C202281BDF81020A2816181E08131462846FFF7FFFE18B9D3
:20724000152128460301F401C02924004EF63EFD01202070B5F8460020F48050A5F846009A
:20726000404606B063E72DE9F04186B00D464FF0000801F5A87404280CD00A2856D11421C9
:2072800028464EF623FD04202070607840F0020060704BE002F11006EA6B2789ADF80C7034
:2072A000C2F38030A389C0F10301ADF81030002D01D0024601E04FF000023A4402F10E02BA
:2072C00002FA01F2ADF8042001D14FF00000184400F10E0000FA01F0ADF808007148D0F871
:2072E000087237B102A8009004AB01AA03A92846B847BDF80C002081BDF81000A081BDF882
:2073000004006081BDF80800E08131462846FFF799FE18B9152128464EF6D8FC01202070BA
:20732000B5F8460020F48050A5F84600404698E72DE9F04700270E4601F5A8740301F401BB
:20734000B02A240001280BD004287CD0082802D00F280BD104E06078C00706D1022067E0DB
:20736000002A72D06178C90701D01A2779E015460F281BD04FF0000C4E48DFF83C814C4906
:207380004E4B0088B8F8008009881B885FEA0C090FD0B5F806C0844506D3C44504D8288980
:2073A000884201D398420DD912275AE04FF0010CE2E7B2F805C08445F6D3C445F4D8B2F867
:2073C0000700EDE73E480068000316D42089B2F80510884211D16089B2F8071088420CD192
:2073E000B9F1000F07D0A089E988884205D1E0892989884201D1172733E0B2F80500A080EC
:20740000B2F80700E0803046FFF797FE001DB9F1000F08D0E9880180298941806888A08037
:20742000A888E08003E0018901804189418003202070B6F80301F401A02B2400460040F480
:207440008050A6F84600304657F636FB0DE002E0FFE7022709E002F110013046FFF7FAFD56
:2074600018B9152130464EF639FC384625E670B5024600250846072A05D100F5A87403F0A2
:2074800051F801202070284670BDAFF21D010F480160AFF253114160AFF225218160AFF2D1
:2074A0003331C160AFF2E93101617047E4CF2000300A2200005A20004C3D20004A3D20007A
:2074C000483D20004E3D2000E0302000083120007D4A002101EB810352F8233053B1491C75
:2074E000C9B20F29F6D30F2909D001EB810002EB8000DAE701EB810342F82300F3E700209D
:20750000D3E7714A002101EB810352F82330834205D101EB8101002042F82100C5E7491C33
:20752000C9B20F29EFD3C0E74FF496710301F401902C2400664825F64BBF2DE9F0410E469E
:2075400064491C464979090702D562491D3100E061494FF00008614B614DC4F800800127EB
:207560001B882D88DFF87CC10D2824D006DC022827D0032841D0062804D119E010283CD0F7
:2075800011281ED0002E73D00978890671D506F5A8750C272978052972D2534B53F8213065
:2075A000F3B3052866D0012868D00F2866D069E04BF67FFE7BE00878800661D5D38015816D
:2075C00012E0097889065BD5112814D00020BCF82010D180BCF82230138190B3BCF8200056
:2075E000D080BCF822001081BCF824005081BCF8260090815BE00120E9E7097889063FD5F0
:20760000102813D0002739483949008809887FB19688864208D39E4206D8D088884200E05B
:207620002EE001D30301F401802D2400A8420DD9122039E00127EAE7B2F803608642F7D3EB
:207640009E42F5D8B2F80500ECE729E0B2F80300ACF82000B2F80500ACF8220007B390883A
:20766000ACF82400D088ACF826001088ACF820005088ACF822001EE02CE01EE0042911D010
:20768000152214E0012901D0276014E0092802D0042806D006E03046FFF73BFF85F80080BB
:2076A00009E019B131469847206004E014222421304646F66BFC012049E5042802D005284F
:2076C00002D005E0142100E01521304645F61BFE1120E9E70220E7E7300A22008868200081
:2076E00010882000483D20004E3D2000E4CF2000083120004A3D20004C3D200010B50446F7
:2077000018480068C1042CD5C0060FD594F8D90010B11548007848B91020A4F80301F40170
:20772000702E24004400E06B40F04000E063204646F618F894F8760194F87411084206D05F
:2077400021460022BDE8104008204EF6C7BD012084F87E01B4F8460040F00800A4F8460093
:207760002046BDE8104057F6B3B910BDE03020009A3020002DE9FC41044690F8D9000026EA
:2077800001F1100501281BD1B4F84400410503D4B4F84610490513D520F48060A4F84400B4
:2077A000B4F8460020F48060A4F84600E06B810706D520F00200E0632321204676F61BFDD0
:2077C000B4F8440018B194F8D910002972D0B4F8460040056ED46D1C28465BF6CEF9C8BB05
:2077E00094F8D900012806D001AA294620465AF6A1FF002874D0294620465BF651FA0100D7
:2078000003D050488068800667D52888A4F824016888A4F80301F401602F24002601A88853
:20782000A083E888E083287A84F82801B5F80900A4F82A01002005EB400204EB4003B2F860
:207840000B20401CA3F830210628F4D34FF4806761B12946204676F621FD08B1064638E008
:20786000A4F84470042084F83E0130E0A4F84470E06B40F00200E06394F8D90001281ED03D
:2078800028F65BFC0746B4F85220B4F8501020465AF64AFE2888A4F848006888A4F84A0094
:2078A000A888A083E888E083384628F64AFC20465BF67DF8002084F83E0109E016E0E8886A
:2078C0000090AB886A88298820465BF614F8012076B102B031462046BDE8F0410F2246F665
:2078E0005DBB1A26F5E7FFE72026F2E72A26F0E7002806D094F8DA00BDE8FC41202168F643
:2079000057BCBDE8FC811CB5044600200301F4015030240000900190E388A2886188208813
:207920005AF6E9FD70B1207A638898420AD800214FF6FF7204EB4100B0F80B00904203D050
:20794000984201D31E201CBD491C0629F2D300201CBD0000D08720002DE9FC4105460E46A7
:2079600090F8DA3017224FF47F713B4829F694F995F8DA0022F6A2F804006BD005F5A7756C
:20798000687840F00400687028F6DBFBD4F80C81B4F8927028F6D9FBF07980082870616DB7
:2079A0007088381AB1F8CE1080B24143404620F699FC01467068C0F31900400020F692FC40
:2079C00005464000009000200190204624F650FD28F630FB28F6B5FB0646A07B694620F6CB
:2079E000C7F9304628F6B1FB28F68CF9208C618C2844B0FBF1F201FB12002084606DB0F82A
:207A0000CC10B0F80301F40140312400CE202944B1FBF2F302FB1311A0F8CC10606DB0F85E
:207A2000D010B0F8D2202944B1FBF2F302FB1311A0F8D010012084F82500D4F80C0129462B
:207A400020F6EAF8C4F80C01D4F8A800294620F6E3F8C4F8A800204625F684F9BDE8FC810D
:207A600003000100564955480860564944380860554900200860704770B50446504800688F
:207A8000457863F6ADFD42F20E06022C04D0042C02D0032C1CD029E0284618F6D9F92846FA
:207AA00026F67FF880B1042C02D0022C08D00BE000231A4619463046BFF514FA022100E0F2
:207AC0000821284676F6B3FA284626F6FAF90DE064F6A4FA50B93C4C206838B100231A460F
:207AE0000C213046BFF5FEF90020206037480078401E26F61CFD64F62AFA01280301F4016E
:207B00003032240003D1BDE870405CF6C8BA70BD2DE9F0412C4E044688463068407826F670
:207B200044F8050008D02C4F84B1052C38D04046BDE8F04163F683BD2848807D00283ED0AB
:207B4000BDE8F041292132201EF6A3BE64F6BEF964F601FA012802D102205CF646F9387879
:207B600078F65AFB152057F6E8F80028284607D063F6E9FC63F64BFD19490120087001E0B8
:207B800063F619FD17480178012918D1022101703068154940780978BDE8F04168F614BBC5
:207BA000387878F639FB64F6D6F9012802D102205CF61BF92846BDE8F04163F6FCBCBDE8CC
:207BC000F08100002CCE2000FC3C2000003D20007CF7210021312000CD302000C05F200003
:207BE000D53020003F3D2000403D20002DE9F04105460E460301F40120332400406D25F609
:207C0000D8FF04007ED094F8D80001211FF67CFE94F8D8004AF690FE804605F120000121F6
:207C2000074615F6A5FF0121384615F6A3FF0021384615F6C4FEFE480068A065FC48001D7B
:207C40000068FC49A4F85C00F94809680C30C1F3801184F85E1016B1C4F8706102E0696B58
:207C6000C4F8701195F82C1084F85F100068F04D6063103520465FF67AFAEE481430006855
:207C8000C00502D520465FF668FA14222946204655F6A8FEE08801254000A4F8CE00A088CF
:207CA0008100091D40461FF6F4FE4FEA5000C4F8D40041010BD5B4F8CE1080F08060B0FBD0
:207CC000F1F201FB1200A4F8CC00022008E0B4F8CE10B0FBF1F201FB1200A4F8CC00002093
:207CE00084F8DC00E07800B9E570D3480301F40110342400407900280DD0E27881B2A088D7
:207D000062F3030160F30F11482000E003E0BDE8F0411EF6C6BDBDE8F0811CB51FF6EFFD17
:207D2000002834D024F6DAFE807B694620F6DAF90098800717D0DDE9000100F00300C0EB27
:207D4000C00202EB401001EBC000BE49096888421DD3BD48007800284FF0010007D0BB4986
:207D600081F83A0005E0019800F2E240EDE725F67FF9B348807D002809D00098102160F342
:207D80004611019860F3CF112D201EF68AFD1CBD2DE9F04700F1320490F82C60456B4FF088
:207DA000000A207826F61AFB8046207826F622FB074614F8320930B115F6A4FD824694F8E4
:207DC0002E0015F674FE002021F622F8DFF86C929F49A9F12C090843C9F800005FF654F96D
:207DE0005FF68DF90301F4010035240094F8320010B1504615F65FFE35B195F82F0018B16E
:207E000005F13000012609E0022E01D0032E00D1B61E314604F1200015F673FE0168A163E0
:207E20008188884AA18784F83E60243A01681160111D8088086098F8000010B387480078B5
:207E4000C0B194F83200A8B90021022020F6B7FE20F6AFFA824A0146A8F101001378184431
:207E600001608048127808F10301037853540178491C017098F8002008F104017A4855F626
:207E8000B9FD98F800100122891D002020F672FD804694F82B0001280AD0042808D0734BDC
:207EA00060B302283BD048F00200012E4AD04BE001220C21002020F65DFD624940F0010010
:207EC00018310A1D45B195F82E302BB1AB6A0B60E96A89B2116008E0636A0B600301F401DD
:207EE000F0352400A16A89B2116094F82A10012901D140F08000D9F8002042F00802C9F822
:207F00000020D6E73A781AB1391D184655F676FD39780122891D002020F630FD40F0040183
:207F200048EA0140C5E73A781AB1391D184655F665FD397848F00605891D0122002020F651
:207F40001DFD40F0040045EA0040B2E740F040103E493039086000F00F01062901D120F0E2
:207F60000F004FF47F4101EA1021C0B20143374814380160A07B00211FF6D2FC206D20F62F
:207F8000A4FC3249E06C583108603B483B49008A0860314C4FF001002070FFF7C6FE002069
:207FA0002070BDE8F0872DE9F14F8EB000200E9D01260D90B3466C6B07460DF6E7FB02905E
:207FC00022481430D0F800801F48006800901E48001D00680301F401E036240080B201906B
:207FE00095F82B10284801295ED04078DFF864A0A874DAF80090C9F3801001460A90684605
:2080000020F608FF039014484079E8B15FEA88701AD580B269F30300002161F304104FEA7F
:20802000192161F34A10C8F3410103293ED020F40061C8F3C00060F30C3146201EF63DFCEE
:20804000472000991EF639FCC8F3410003281DE0000A3700988B3100C05F2000203C200063
:20806000F1F72100E05120004001000D163C200030882000513C20000008370000093700E2
:208080001088200004833100563C200062D1DAF80090FA4909F00F0AC9F3C010097871B1A5
:2080A000BAF1030F05D00AE000789FE740F40061BFE75FEA087102D4F14A01211160F1496B
:2080C00009680B91EF49091D09680C910301F401D037240095F83E10814207D106220DF167
:2080E0002E0105F1380020F661FB00B100260298002815D00398A0B1002E11D00DF657FBE3
:2081000000280DD03CB115F6CEFC012829D015F6CAFC042825D068460DF6C7FB07005AD0E0
:208120007AE0002E78D00DF642FB58B34AF63EF908B1204603E069460A980DF6EEFB08B3B3
:2081400090F83610012967D190F83B00C00763D10E981FF6D8F828464AF62CFA0FB0BDE86E
:20816000F08F94F83600012856D194F82E0030B10622694604F1280020F618FB18B121F6D6
:20818000DDF928B148E0022084F82E00274643E0002002900390049005909DF803008DF821
:2081A00008009DF804008DF809009DF805008DF80A0006AA02A904F1080021F6C9F8032212
:2081C000694606A80301F401C038240020F6F2FA30BB0098A062BDF80400A085D7E768465C
:2081E0000EF6A6F8070005D0D4B197F83700012809D015E0A74A1FFA89F14023121F0E9801
:2082000057F64FF90CE094F83700012808D1102204F1180107F1180020F6CCFA00B1002714
:208220000E985FEA087100F1200080461FD515F6B8FB40B1694648464AF669FB5FEA000B27
:208240000D9017D136E030004FF0000612D08CB14AF6B0F870B1A1790A9881420AD1062264
:208260006946204620F6A6FA20B9012602E08A4901200870BAF1050F1CD1404615F665FC47
:20828000C0B1BEB1BBF1000F14D039462846FFF7C9FC0D9810B10E981FF639F828464AF6B7
:2082A0007FF995F82B000128686D81B217D0032056F62EFC79480079C0073FF40301F401B0
:2082C000B039240053AFBAF1050F03D0BAF1030F7FF44CAF714A1FFA89F10123121F0E9889
:2082E00057F6E3F842E70120E6E770B56C490446002008705EF6E0FE08B1402600E000262C
:2083000024F671FC10B924F6A8FC08B3002594F82B00314603281FD00C201EF6E0FD94F87E
:208320002B206248012A6049026802EA01020260016813D05E4A114301602DB1A07B20F601
:208340007BF820F00100E0612046BDE8704037E523F606FF0125DAE70D20DEE741F0807168
:20836000EAE72DE9F041534D06460C4629787F2006F12007012902D1384615F6F6FB4E493B
:208380000A6842F000520A604C49BCB1012C3CD0022C4BD0032C5DD0042C67D0052C78D1BC
:2083A00096F82B00012874D0304624F650FA00286FD030460301F401A03A2400BDE8F04113
:2083C0004AF604B92A78012A0ED17F280CD00978C1B1C0F30311082906D100F00F006CF64E
:2083E00054FCC0B2F7F507FC24F6CFFE68B11FF62CF9B04209D11FF69EFA30B1BDE8F04162
:208400001EF630BF3049085CECE73046BDE8F0416FE70878002840D0287801283DD13846FA
:2084200015F6A7FBC0F30311082936D100F00F0001212EE024F671FB18B1BDE8F0411EF628
:20844000D6BC384615F6B5FA10B104205BF6F1FC1E480078BDE8F0415BF65CBE2978012945
:208460001BD17F2819D01A480068BDE8F041C0B2F7F5C1BB087800280FD0287801280CD1D9
:20848000384615F676FBC0F30310082805D100210846BDE8F0416CF6D7BB58E498242000C5
:2084A000A0242000040A3700543C20000301F401903B240088682000FFFF00FE94833100A7
:2084C00000000101F03C200000042000503D20006C3C20008C212000643C200010B52C2215
:2084E000064907485BF6FCFA064905480860AFF219518161AFF28511016110BDB41B0D0064
:208500006C0B2200683C2000F8B505460E46FF200090174600241146304620F68FFC48B11B
:2085200030460DF6D2F9040004D020683060A088B080A77932463B466946284663F684F9A3
:208540000646009825F6E1FB60B1A86ED0F8700100B904B904462846009963F65CF9A86E55
:20856000C0F870413046F8BD2DE9F0478EB0044659F639FDFE4F0822394608A855F656FACC
:20858000FC4EB4F84A00F178C0F38015F1B1FA49096889071AD514F8572F89B262F30301EF
:2085A000820962F30301F401803C24000411000A60F34A11607860F3CB21A078A4F1570416
:2085C00060F30C314FF043001EF68FF9442008991EF68BF994F85800002820D00DF6F2F867
:2085E000A0B1294608A820F62DFC78B90DF6F3F860B108A928460DF6A4F938B190F8361026
:20860000012903D190F83B00C00709D094F858000028E2D094F8570030B1012804D03FE15A
:2086200020461EF684FE43E1A56E7DB3684659F629FB804694F859004FF0010A38B30DF6D3
:20864000C1F8002872D00DF6C6F80028FAD000264146684620F6F6FBB146002867D094F800
:208660002F0001284BD0D5F87071002F0DD097F82E0030B1062207F12801684620F6AAF880
:20868000E0B397F83600012854D0ACE000E009E0B07D002803D0272132201EF60301F40111
:2086A000703D240026F90EB0BDE8F08721466B464246084601F0EDF90028F4D00098A8659A
:2086C000BDF80400A5F85C0085F85E80424669462046FFF721FF0028A5D0AC48806800075A
:2086E00009D5AB492046012381F800A0B4F84A103A4656F6EAFE012063F627FD012063F633
:2087000008FDD0E718E068460DF6E7F818B968460DF622FE30B1C179FF2968D00126C5F814
:20872000700164E02046B4F84A1004233A4656F6CCFE5CE09DE033E0012658E020F616FF05
:20874000F0BBCDF81490CDF808909DF803008DF808009DF804008DF809009DF805008DF83D
:208760000A00CDF80C90CDF81090E8460AAA02A907F1080020F604FE032241460AA820F610
:208780002DF8E8B90098B862BDF80400B885022087F82E000301F401603E2400F879FF2849
:2087A000CED05BF68EFCCBE794F82F00D5F8707101280ED100230222414668465BF67AFADC
:2087C000FF2806D0694600E015E040460DF6C1F8074687B1B97941450DD106226946384666
:2087E00020F600F838B987F82E90F8790126FF2801D05BF666FC94F8570001284ED1E6B336
:2088000061490DF11A06D5F870510822091D06A855F618F95E4814380068C0F3C011304654
:2088200020F618FB48B395F82F0030B1062205F1300130461FF6D6FFF8B195F83700012832
:208840002CD120F697FEC0B9CDF808909DF81D008DF808009DF81E008DF809009DF81F0066
:208860008DF80A00CDF80C90CDF81090CDF814900AAA02A905F1180000E00FE020F684FD67
:20888000032231460AA81FF6ADFF38B90301F401503F2400DDF81A002863BDF81E00A886B1
:2088A00085F82FA094F82F00012805D162F69DFFFF2801D05BF609FC3A49A07C4979884245
:2088C00002D1204662F662FE0121204659F600F8F1E610B504461EF636FD2E48C07850B1FC
:2088E000A26E81B2D378908863F3030160F30F1145201EF606F8204623F651FE2A4900202D
:208900000870A4F84C0094F86D10022056F61CF9A06E002190F8D8001FF62AF8BDE81040B0
:20892000022063F61ABC10B52C22204920485BF6E7F820491E480860AFF26901C161AFF2CD
:20894000B731816110BD70B51B4C0500A0663BD0012084F82E0095F85F0084F83100204614
:2089600058F602FF1520207400206074204662F60DFE022084F85A0001222221002020F68E
:2089800025F840F00301F401404024000501216495F85E00012815E0000A3700C05F2000D9
:2089A000AC8B310008212200F2F72100C4302000D5302000E01B0D00FC0822007C3C2000BB
:2089C000C0CD20000ED002280CD003280AD00CE00C48807D002814D0BDE870402A213220C6
:2089E0001DF693BF41F08000206495F85F00012803D0022801D0032803D1206C40F04000FF
:208A0000206470BDC05F20002DE9FC410446F54800260078D0B36AF6D7FDB8B394F85800E8
:208A2000A0B394F8570008B101282FD1EE48856E684659F637F9074694F8590030BB009813
:208A4000A865BDF80400A5F85C0085F85E706B463A46E549204601F028F8B8B13A4669469E
:208A6000E148FFF765FD060010D0E0488068000709D5DF49012003460870B4F80301F401EB
:208A8000304124004A10DD4A204656F62EFD012063F66BFB3046BDE8FC8110B5D84C58F634
:208AA000B7FE10B1204623F62BFDBDE8104017F60ABA2DE9FC5F044600250126007C2946E1
:208AC0003BF64EFD84F85F00204659F6A4FA0822CA49684654F6C2FFCA49B4F84A0049782C
:208AE000C0F3801701B3C849096889071CD514F8522F89B262F302016279000A62F3C60154
:208B000067F3C71160F30D21A07960F38E31E079A4F1520460F3CF314FF041001DF6F9FE56
:208B2000422000991DF6F5FE94F85200DFF8BC924FF00008012806D0022852D0032872D032
:208B4000042827D1FCE094F85800002822D02046FFF75EFFF8B10CF649FE002861D0394694
:208B6000684620F683F9D8BB0CF649FEC0B3694638460CF60301F40120422400FAFE002898
:208B8000E8D090F836100129DFD190F83B00C007DBD120461EF6E3FB89F80080FDE089F888
:208BA00000800CF627FEA0B13946684620F662F978B90CF628FE60B1694638460CF6D9FEAF
:208BC00038B190F83610012903D190F83B00C007E4D094F85700002878D0062876D00228B1
:208BE00074D0012872D0D8E01FE094F858000028D4D00CF6FFFDA0B13946684620F63AF99A
:208C000078B90CF600FE60B1694638460CF6B1FE38B190F83610012903D190F83B00C007F5
:208C2000B7D02046FFF7F8FE10B10026B5E07DE089F8008094F8570008B10628CFD194F88B
:208C4000590050B97348007838B194F95F200023F9B2684657F69DFA38B1204659F6FBF899
:208C6000054694F8590030B197E020460301F401104324001EF677FB84F8588091E01BF63A
:208C8000AAFB0646E80732D0DFF88CA1022EAAF1100A0AF1040B01D0032E1DD10CF6AEFD62
:208CA000D0B10CF6B4FDB8B13946684620F6E6F818B168460CF629FE03E0694638460CF644
:208CC0005CFE40B190F82F1029B1026BCAF80020818E22E029E0B61E16B1012E18D006E0A7
:208CE0004F480268CAF80020818858460160042184F852104B4848499C3990F82600086077
:208D00000026494858F6DAFF4749091F086048E046480268CAF800208188CBF800103E48F1
:208D20004438016841F04001E0E7204659F697F8054636E094F8580098B394F8570008B1A5
:208D400006282ED1B4F84800401EA4F8480028E094F85800F8B194F8570004281BD13248A6
:208D6000001F00680301F40100442400B84216D1062269462E481FF64DFD80B901250CF61D
:208D800041FD60B10CF647FD48B13946684620F679F820B168460CF6BCFD00B90325204610
:208DA00058F6F6FF204658F698FD6AF61DFC10B199F8000010B994F85E10A1745DB15CF624
:208DC00025FB08B145F020052046B4F84A10EBB2104A56F696FB1EB10121204658F68CFDF2
:208DE00084F82680BDE8FC9F10B52C22124913485AF69AFE124911480860AFF2313181615F
:208E000010BD0000823C2000C0CD200008212200F2F72100000A370030CE2000C05F200007
:208E2000AC8B3100743120008820200084312000F8F721003C3120000C1C0D00980B2200D1
:208E4000903C200070B504466FF00105294601200AF054FB0646294600200AF00301F401AB
:208E6000F0442400E2F9F08A8030001284F82C000520A0814B480068C0F34101032907D0A2
:208E800081070BD4E1698A8902F101028A810BE0E1694A8902F101024A8105E0410703D440
:208EA000E169CA89521CCA8100F070F94FF448114FF41810C865206A002813D14FF446169A
:208EC0007569E07B01280CD1706920F0800070610220C3F5CCF8F06945F0800540F00070C8
:208EE000F061756170BD10B50446C0694189491C41812D480068C3F5BAF84FF448114FF4CF
:208F00001810C8656CF6B7F8216A4FF4461089B12649244A983A0968116025490968C0F865
:208F2000A01024490968C0F89413BDE81040224823F6FABB41694161204B1968C80716D02A
:208F4000C1F34500401D2522B0FBF2F402FB14000A284FEA0301F401E0452400400201D80A
:208F6000921C00E0121D60F3460119601649D2B242F08000086010BD10B53021104824F6CF
:208F800093FA10480021016010BD10B52C220F490F485AF6D1FD0F490D480860AFF24B11AB
:208FA0008161AFF2B501C16110BD0000AC8B3100B03C20004433200040332000901B200020
:208FC00018CF200000F82100A4863100681C0D00C40B2200B43C20002DE9FF4F814683B026
:208FE0001D4601200CF6A3FA654920F07F4809EB890009684FF0000A01EB80060498CDF8BF
:2090000008A057468078D34600F00F015D480068B0B15D4A12689AB100EBC904042913D058
:2090200025713DB302AA4846049967F692FB029800B3C0F8308090F8360002281BD029E058
:20904000002007B0BDE8F08F20794DB10301F401D046240048B9059820B1014602AA48465B
:2090600067F606FC012700E020B102AA4846049967F673FB00202071002FDCD10EE002AAEF
:209080004146484667F617FA02A9CDE9001BB288717B4346484667F698FA82465046D4E78C
:2090A0002DE9F04F3948002787B000680028CCD0374800680028C8D036490878401CC0B2DC
:2090C00008700428C1D3BA4681F800A0554655E02E482D4A05EB85010068CDF810A000EB44
:2090E000C500029012688DF80CA002EB81064FF000093068F0B3307B01283ED10CF61BFA7D
:2091000020F07F400590029824F6EEF890BB029824F6F5F804460DF10C0B05F0FF089DF875
:209120000C1059EA010001D03C4600E0246804A940462768CDE9001B0494B288717B059B1F
:2091400067F643FA0301F401C04724009DF80C0020B904A9404667F6C3FA8146029824F60F
:20916000D2F8A04209D0029824F6CDF8B84204D0029824F6BDF80028D5D000E001E08DF8A7
:209180000CA06D1C064800788542A5D361E70000543F2000F43F2000F83F2000ED3F2000A4
:2091A000473F20000D4A10B5917A022915D1918809B1491E9180C0F34100032802D1D0883C
:2091C000401CD0809088002807D102210D2055F6DFFCBDE8104066F6BABE10BD20D22000AD
:2091E00070B50AF00BF8FE4D04460021A87818B3012821D002281FD1B4F92200411EFF2922
:2092000008D24FF4807191FBF0F000B200EBD070461000E00026287830B1B4F916000AF05D
:209220005CFDA06100202870B4F91610324604F118000CF06BF90146084670BD0301F401A9
:20924000B048240010B50121FF2024F612FAE7490028486005D1B221BDE81040852027F666
:20926000C7BF10BD2DE9F0410E1EE0490468D1F80480816800DC0026FF2E00DBFF26606866
:20928000A36800EB1340451A10E0AA4201D2104600E02846121AA5EB000502D10DB101443C
:2092A00007E0246814B1A0686168050C0AB1002CEBD1AE4201D8884612E0474686B17CB177
:2092C000AE4200D235462A46384628F651F9761B06D024682F441CB1A0686168050CEFE710
:2092E0004046BDE8F0812DE9F04104460B46D843164680077DD1606D90F8C21019B990F823
:20930000C300002875D0002118461FF6B3FB0100307879D0B64A1278914275D220B101284B
:209320003DD018284DD06DE0656D95F8C200A8B3B4F892100301F401A0492400B4F8980062
:209340003746081A80B2012860D9B4F89420521C104486B2701AB5F8CE1080B24143D4F8E9
:209360000C011EF6C1FC95F8DD1009B180F08060B5F8D220B5F8D0101FF6F7F80146B5F867
:20938000D200B1FBF0F200FB1211401A400828837E81288B7880761EA4F89460B4F89200F6
:2093A000A4F8980032E0606D90F8C30030B3B4F89200B4F89A10A4F89A00411AB4F8960005
:2093C0000844A4F89600F08020E0606D90F87B11A1B1B6F8031019B9717809B9B17869B1EB
:2093E000FDF72FFFB4F89210028A0182B4F826018A1A1044A4F8260101E009E006E0A6F812
:20940000030014F88F0F40F02000207001206CE700206AE770B50546B0F8A40000211FF6E8
:209420002DFB06460024686D2146BCF60301F401904A240022FFD5F8DC10C968B14201D9D7
:209440008C1B05E0D5F8E010C968002900DD0C46844200D2204670BD2DE9F04F04468BB035
:20946000B0F8A40000211FF60DFB8146606D0190B4F8A400002500F003000A900198BEF6EE
:2094800059F80021204623F631FAE07B002854D00020824601980021B0F8440040F38006C2
:2094A000012008905748A77C761C4078401EA074204623F61BFA0146A7740198628CB0F850
:2094C0005200904200D31046022902D3884200D3084640F2712200FB02F781420AD14A486B
:2094E0004A4900680988401A49490988401A0744A7F239174748002E07604748476070D03B
:20950000002002900690BDF6FFFA09902046FFF785FF009003AA00210198BDF6F9FA0490AD
:2095200007AA01210301F401804B24000198BDF6F3FA05902046BDF652FB8046401C02D048
:2095400006E00120A9E7374890F80080012002900798424608FA00F649460198BDF628FB1D
:209560008346B8427ED92E48407BE8BB0A9803285AD094F83701B8B3ABEB0700BAF1000F80
:2095800002D1864253D2801B70B3039A09FA02F1814202D9081AD04000E000208146B4F877
:2095A000A400002249461FF645FAA4F8A400BAF1000F3CD00298C0B194F8A100A8B9B8F1BA
:2095C000000F51D0079908FA01F0DDE904120A44099902EB4101814246D2411A0398009A62
:2095E00021FA00F0904201E01EE03DE007D2054B049A1B785A438A4236D80949886089E01E
:209600001B3C200004F82100803F2000C430200048332000EEF72100ECF721000301F40125
:20962000704C2400E8F721005C0B2200F0F72100BAF1000F17D194F8A600A0B9009A039956
:209640008A4002EB0B0309FA01F0181AB8420AD9C01B864207D2801B05D0824203D9101A8C
:20966000C840F74988601DB1022000E007E00890F449089808820BB02846BDE8F08FF7D2EE
:20968000029830B941462046BDF630FB8146401C04D1ED4890F8009001200690DDE90010AA
:2096A0004A46BDF689FA099908445844B84235D9079A039B09FA02F1009AC01B9A40BAF123
:2096C000000F03D17718874228D2401A30B3824201D3101A20E0BAF1000FC9D094F8A14096
:2096E000002CC5D158EA0904C2D0029C14B1B04214D9801B069C002CBAD0B9F1000FB7D052
:2097000088420BD9401A8242B2D9101ACF4A0499127851430301F401604D24008142ABD2EA
:20972000D84072E70125A3E72DE9F843044690F8F1014BF6DBFA06462046FFF799FE074651
:20974000B4F8A40000211FF6A9F905464FF44610002F65D0D4F8E010C96800290BDCE17B40
:20976000012903D115B194F82A1121B1D4F8DC10C968A94205DDB4F8A41041F01001A4F898
:20978000A410C16941F48041C161D4F8DC0000222946FFF77BFD804694F8130101280FD8B6
:2097A000B4F8A41042462046FFF7B1FD40B194F8340120F0020084F83401FF2084F8130193
:2097C000A549002000220870A4490870A4490870B4F8A40041461FF68BFC009694F8D800AA
:2097E000B4F8A41000F00103424600201FF62CFCE07B012801D0002F4BD0D4F8DC00C068C1
:20980000A84217DC012200212046BCF60301F401504E240047FD074600211FF643F901460A
:20982000D4F8E000002216E0B4F8A41021F01001A4F8A410C16921F48041A9E70022294671
:209840002046BCF62FFD074600211FF62BF90146D4F8DC002A46FFF71DFD054694F81301C3
:2098600001280BD82A4639462046FFF754FD28B194F8340140F0020084F834010122294631
:2098800038461FF639FC009694F8D8002A4600F00103B9B201201FF6DBFBBDE8F8832DE9F5
:2098A000F84F04468A46B0F8A40000211FF6FAF80746002594F8F1014BF61CFA0646D4F874
:2098C000DC00C068B84248DC012200212046BCF6E9FC804600211FF6E5F80146D4F8E00059
:2098E0000022FFF7D7FC814694F81301012806D84A4641462046FFF70EFD00B10125002199
:2099000040461FF60301F401404F2400CFF80746DFF860B15FEA8A3031D55048817C41F035
:20992000010181742DB194F8340120F0020084F834010022494640461FF6E2FB009694F883
:20994000D8004A4600F001031FFA88F100201FF683FB002F3BD0DBF80010584641F48011E5
:209960002EE0002239462046BCF6A0FC804600211FF69CF80146D4F8DC003A46B5E75FEAA0
:209980000A4024D52DB194F8340140F0020084F834010122494640461FF6B2FB009694F8E6
:2099A000D8004A4600F001031FFA88F101201FF653FB002F0BD0DBF80010584641F0100168
:2099C0000160B4F8A40040F01000A4F8A400BDE8F88F2DE9FC4180462748002514460068BB
:2099E0000E46000234D52548006888B3244F386870B390F8400058B30CB1FF200301F4011A
:209A0000305024002060D8F800200092B8F80400ADF8040040461FF669FA48B140460BF6C5
:209A2000ACFF28B1016800918188ADF80410867900223146684624F66FFD14490978884272
:209A40000AD20646FDF765F930B1386810F83600FF2801D0266001252846BDE8FC81000099
:209A60005C0B22008CCC2000F0F7210004F821001A3C2000183C2000193C2000688B31003D
:209A80007831200038312000D8F72100213120002DE9FF414FF446160346D6F8400301259D
:209AA000974F1C6800F001003C603C1D9B882360934B934C483B2C3C81B10028186806D058
:209AC00040F480001860206840F4804016E040F040001860206840F040000FE00028186871
:209AE00006D020F480001860206820F4804005E020F040000301F401205124001860206865
:209B000020F040002060D6F870020090D6F87402019002A910461EF661FB694602A81EF6F2
:209B2000B0FC08308C2805D31DF633FC002062F660FB0025284604B089E42DE9F8438D6EA0
:209B4000064690469946012725B191F82F00012809D044E06D48807D18B1282132201CF600
:209B60001CFF0020A5E695F85F406A4641461846FFF737FF50B166480099B27B006800EB6A
:209B8000C1035B1C10F83110184625E00BF672FE28B30BF678FE10B3414648461FF6AAF98B
:209BA00018B148460BF6EDFE03E0494640460BF620FFC5F87001022C01D0032C0FD120B13D
:209BC00090F82F1009B1303004E004F00104204624F663FAB27B2146FFF75EFF0746384638
:209BE00067E64C4B9B7CDB0601D500F00301F40110522400F5BC11F0030F0DD0D21CD317CB
:209C000002EB9372921004E051F8043B40F8043B521E002AF8DC7047FBF794BB40480221BC
:209C2000817004214170012101703E4838491031006808603C48016841F0800101603B482F
:209C40004AF21F0101604FF01F01416038494FF0AA30086038493748086039493748086074
:209C600038483949008800F576700860704730B40246364892F8A6205AB10022274B41F393
:209C8000C034641C997CA24205D1C9070AD1988904E00122F2E7890704D4D88930BC0021FF
:209CA0001EF610BF30BC70471C4A10B503460020917C5C0303D5C90700D1908910BDDB03E1
:209CC000FCD58907FAD4D08910BDF0B5134CB0F8A4200F04A37C02F004064FF0000505D573
:209CE000D9070AD10301F4010053240080F8A650A28906E0890304D5990702D480F8A65071
:209D0000E28902F00401B14201D082F00402A0F8A42011484573F0BDB08B3100C05F2000E0
:209D2000D8F721008CCC20001B3C2000941B20008083310044034100288731001A37020086
:209D4000A01B20009578B002A81B20009A1B2000203C2000EFBEADDE5C0B220070B5C64E3B
:209D6000054600242878012804EBC40006D800EB400006EB4000352229460AE000EB4002E1
:209D800016F81200012807D906EB4200C01D2E22E91D1EF67FFD10B1641C642CE2D3E0B28C
:209DA00070BD70B50C680D4607216170B349097809B3B34E3178F1B1001DFFF7CFFF64289F
:209DC0001BD200EBC00000EB4001AB4800EB41053621284626F614FAE81DFF220301F4018D
:209DE000F0532400162159F615FF3078401EC0B23070C0F1640020726420E07170BD0C2075
:209E000000E012202968487170BD70B59C4D0446002202EBC20000EB400005EB400090F8AD
:209E2000340020B1521CD2B2642AF2D370BD2078012802EBC2000CD900EB400605EB4600EF
:209E4000C01D2E22E11D27F6C3FB207805F8160070BD00EB400005EB40002146BDE870400D
:209E6000352227F6B5BB2DE9F0410C460E680546844907207070097839B1834F3978642955
:209E800005D321684871BDE8F0810C20F9E795F83800012801D81220F3E7281DFFF762FF17
:209EA000642801D01720ECE7281DFFF7AEFF3878401CC0B238706421F171C0F1640030728F
:209EC000E1E730B504468FB002200D468DF804002E22211D0301F401E05424000DF10B0066
:209EE00027F67AFBE07829462228684603D0FFF760FF0FB030BDFFF7BAFFFAE770B50C7804
:209F0000E20622D000EBC00000EB40025E48C4F3040400EB420202F11D00D21D00239C42FB
:209F200007D9CE180578767835401678B54204D105E015781DB105780DB1002070BD5B1CE2
:209F4000401C521CDBB2162BE9D3012070BD2DE9F74F887882B04FF00009C0F3801A48688C
:209F6000DFF824B10F464C464E46009006EBC60000EB40080BEB4805049895F834205946E1
:209F8000824241D111F81800022816D003280AD14048007888B1514600986BF653FAA0F509
:209FA0007F41FF3909D11BF8181051452CD1691C062200981EF676FC00BB30460299FFF774
:209FC0009DFFD8B17868F9784FF001090301F401D0552400084490F9060056F6BAFE7F28FA
:209FE00003D095F93310814205DB022C10D0012C0ED003240CE095F83500C10703D0022C63
:20A0000006D0012404E040F0010085F835000224761CF6B2642EADD3B9F1000F00D100245E
:20A0200005B02046BDE8F08F70B51A490120087041F21851164826F6EFF8154D002404EB4E
:20A04000C40000EB400005EB4000C01DFF22162159F6E8FD641CE4B2642CF0D30E49002098
:20A06000087070BD70B50B480C680D46007860B1FFF7DAFF6420E07107480078C0F16400F3
:20A08000207229680720487070BD11206071F8E7F00B2200844020008540200086402000E4
:20A0A000002070472DE9F041FB4EFC4C0025316801F158008860CD60217801EB01118900B4
:20A0C00026F6AAF80301F401C056240030680021FF2782680AE001EB011002EB8000A0F1E1
:20A0E0004403C36388330364C771491C20788142F1D3D563207800EB001002EB800040F8A5
:20A10000045C316820784870E7480560BDE8F0812DE9F043DFF888938DB00026D9F80000DD
:20A1200000F114048169407F009601EBC005019602960396287900F00F08206890F8360070
:20A1400001281AD16879D0B91FF67CFAA8B92F6809AAF9788DF8001039798DF8011078790C
:20A160008DF802002068694608301FF675F90322394609A81EF69EFB48B16879F0B3287946
:20A180002F68C109BF1DB8F1010F0CD03BE0206839688162B98881852168022081F82E002D
:20A1A00001206871EBE738461EF6BCFE38B3206890F83710012926D1303006220301F401A3
:20A1C000B057240039461EF679FBE0B11FF63EFAC8B9286809AA417A8DF80010817A8DF8DB
:20A1E0000110C07A8DF802002068694618301FF637F90322394609A81EF660FB18B92068AC
:20A20000396801E007E002E00163B9888186687908B1266009E02068D9F80010006C0969F7
:20A220008842F6D02060002813D10D20ADF810002868059028798DF81200E8888DF81300BB
:20A2400004A81AF6FFFD1120ADF8100004A81AF6F9FD0DB0BDE8F08370B506469248944DAD
:20A260000C46006810B10BF696FB08B10C2004E0314600200BF667FF10B10021296070BD72
:20A280002C6070BD70B5884800242546026802F12001D068136D834252D191F8263001265D
:20A2A000012B07D0022B2AD0032B33D0042B3DD02A2447E00301F401A058240093880387D8
:20A2C00091F82E30B6EB131F05D180F82F608B6A03638B8D838690F82E305BB991F82E308A
:20A2E000C3F30303012B05D180F82E600B6A83628B8C8385006CD0606F4881F82650006877
:20A3000020B3804722E09388038780F82F608B6A0363898D8186016CD160006C01210BF650
:20A3200039FD25F6BAFF054649F6D9FB284625F6B8FF0BE09388038780F82F608B6A036383
:20A340008B8D8386006CD06081F82650204670BD2DE9F041064656480F4615460068002451
:20A3600010B10BF61CFB08B10C240FE0022D01D312240BE0394630460BF65BFB28B110F8DB
:20A380003B1F65F30001017000E002242046C5E62DE9F04FDFF8189117260546D9F80070E4
:20A3A00091B0203797F8260030B104280301F4019059240004D02A2611B03046BDE8F08FBE
:20A3C0002878691C0BF639FB040005F1170A4FF0000837D10BF67AFB04004FF001006AD0C5
:20A3E00078B3D5F801002060B5F80500A0802878A0711022E91D04F1080027F601F91022E3
:20A40000514604F1180027F6FBF82D480023001F1A46017894F83B0061F3000084F83B0026
:20A42000C4F83C80C4F84080A179204659F6B6FCE07120460BF62BFB0146E07959F64AFC94
:20A4400020E0FFE704F108001022E91D83461EF63DFA38B11022E91D584627F6D1F884F8AC
:20A460002E8000265146554604F11800102282461EF62CFA40B110222946504627F6C0F898
:20A4800084F82F80002601E0002E95D14546CDF80080CDF80480CDF80880102204F1080160
:20A4A0006846CDF80301F401805A24000C801EF611FA4FF0010848B184F8368008E06BE0E1
:20A4C000703120006C31200010F8210084F83650102204F1180168461EF6FCF910B184F89F
:20A4E000378001E084F8375097F8260020B30428CFD1D9F80000C168A1424BD0096CA1421D
:20A5000011D0E16B09B1226C0A64216C09B1E26BCA63C168096C2164C168096CCC63C1687E
:20A52000E163C1680C6481884088081A401E2087022087F8260043E7D9F80000C168A1B109
:20A54000A14214D0E16B09B1226C0A64216C09B1E26BCA63C168C96B0C64C168C96BE16303
:20A56000C1682164C168CC6301E02464E46381884288891A491E2187C460012120460BF6F3
:20A5800011FC25F692FE044649F6B1FA204625F690FE15E70320CCE7072611E70301F401D0
:20A5A000705B2400044810B50068002803D00BF64AFEC0F1190010BD7031200019490978B4
:20A5C000884206D2184AFF21104480F8101459F684BB704710B50C68898841EA02414FF427
:20A5E000003242EA83421143104A02EB80000460C0F800120268A242F9D1D0F800228A4221
:20A60000F5D110BD094940F4807201EB80010860C1F800220B688342F9D1D1F800329342AD
:20A62000F5D170474C312000E89020000012370070B5D21CD31702EB937294100022064B19
:20A6400007E051F8045B53F8046B754040F8045B521CA242F5DB70BD94D120002DE9F0414A
:20A66000114F002611483D783E70DFF8448006703446C4EB041000EB4411414491F82E00CE
:20A68000820706D520F0020081F82E0020466BF6C2FB641C0301F401605C2400E4B21E2CE0
:20A6A000EBD306480670064806703D70BDE8F0819B4020009D4020008ED920009F40200013
:20A6C000A040200070B5514E054600F5A874308C2081708C60812846FCF7CAFF318C0181B7
:20A6E000718C41814A494A79D2060DD5B1F82500A0811DB1E96BC1F3803100E000210844C8
:20A70000C0007030E08107E0B18CA181F18CE181B18C8181F18CC1813E483F49008820821D
:20A7200009886182A082E1822846BDE8704048F63DBE10B525F63AFD3848016841F00301EF
:20A74000016025F69BFB3348304A008810843248008850843248818832480088814200D2E6
:20A760000846908430480088D084BDE81040FCF7ABBF1CB50446694648F682FE20465CF691
:20A78000B0FD30B194F87601022802D10301F401505D240094F8780170B1BDF80210BDF8BF
:20A7A00000007039B0EBE10F00DBC8101B490988884200D208461CBDBDF80210BDF800007E
:20A7C0003C39B0EBA10FF1DB8810EFE71CB50446694648F659FE20465CF687FD30B194F877
:20A7E0007701022802D194F8780148B1BDF80610BDF804007039B0EBE10F00DBC8101CBDA2
:20A80000BDF80610BDF804003C39B0EBA10FF6DB88101CBDE4CF2000886820004A3D200028
:20A820004C3D200014873100DB212000483D20004E3D200030B585B005461421684622F6D7
:20A8400097FEFD4804687CB1FF2D0AD02078A84207D02F20ADF80000ADF8025068461AF67D
:20A8600009FB207805B030BD0020FBE710B523F6E5F8F148001D4179491E417110BD70B5C2
:20A88000ED4D2D1D0301F401405E240028792C6801280AD104E0204624680A21FFF7EAFF60
:20A8A000002CF8D100202860287170BD70B5E44D2C683CB9A82022F6D5FF040020D0A821E5
:20A8C00025F6CEFCFFF7DFFF0020A070E0702071C4F80500C4F80900A4F80D00206160613D
:20A8E000A061202104F11C0025F6BAFC102104F13C0025F6B5FC0120FFF7A0FF01202C60A3
:20A9000070BDCF4810B50468002C0AD0FF20FFF795FF002805D0FFF7C9FF0EF001FB00203E
:20A92000607010BDC64910B50C68ACB1417A99B10168C4F805104168C4F809100089A4F8F3
:20A940000D00B4F80710B4F8050057F687FE002801D00120607010BD002010BD70B5B848DB
:20A9600004688CB319F68AFD012540B1B548006801682161416861618068A0610301F401E2
:20A98000305F2400A57013F64EF9D8B1B0482022016804F11C0026F64BFEAE48AE4E0168A2
:20A9A00021658088A4F85400307850B122F64BFFE06430B13278311D26F63AFE307884F879
:20A9C0005600E57004F158000EF024FC012070BDFFE70020FBE79C4910B5096871B180B1BD
:20A9E000487800280CD0FF20FFF72CFF02280AD0FFF7B8FF0220FFF725FF04E018B1002099
:20AA000010BD0520F7E7012010BD8F480068002802D0683025F6F1BE70478B4910B509681C
:20AA200021B168B113F6FFF870B901E0002010BD012013F647F813F625F8F5F549FB03E094
:20AA400013F69DF854F693F8012010BD2DE9F04105467D480126046834B119F613FDA842BD
:20AA600004D10120BDE8F0810020FBE705B354F64FFFD8B10301F4012060240025F62DFC0E
:20AA80000746002019F613FDB4F8050020F0010019F6ACFCB4F8070020F0010019F6A2FC40
:20AAA000012019F618FD002019F605FD384625F618FC07E000260BE0FFF7EDFE54F674F8E4
:20AAC00054F642F8284619F6E5FC284654F66BFE3046CBE770B504465D48006800280CD0CB
:20AAE000E0B20546FFF7B6FF2846FFF79AFF1CB9FFF78FFFFFF7CFFE01206CE77CB50546C5
:20AB0000534800220221046800926846019266F683F825F6E2FB514A064600981060BDF8A3
:20AB2000040090801146072001F0F2FF032013F66AF8012013F66BF8072013F670F8B4F842
:20AB4000090013F641F8B4F8090013F645F8002013F669F842481022691D00F8042B26F6A0
:20AB60006BFD304625F6BDFB7CBD2DE90301F40110612400F04138480468002C5AD0A078BC
:20AB8000002618B304F1100525F6ABFB07463748007801284BD054F610FEC0B290B154F61C
:20ABA000BFFE78B12D4829680068016069684160A96881602E606E60AE60012019F66EFC78
:20ABC00019F6D5FB384625F690FBA670E07840B325F687FB05462248202204F11C01006803
:20ABE00026F62EFD1F48216D0160B4F854108180284625F67AFB94F8565055B11A4FE16CBB
:20AC00002A46381D26F61CFD3D70E06C22F626FFE664012012F65EFF12F63CFFF5F560FAAD
:20AC2000E67004F15800BDE8F0410EF002BB53F6B3FFB3E71EE710B5040001D00EF0CAFAEA
:20AC40004FF4001120460EF07EFA2046BDE8104007210EF087BA000014F82100143D200064
:20AC6000F43C20000301F401006224003C31200030882000CF3020000420EFE510B50020A4
:20AC8000FFF7DDFFBDE810400320E7E570B50546FE480468002C17D02078A84214D000EB78
:20ACA0004001FA480C3000EBC10101EB85010E684EB1814207D38C30814204D800212846BA
:20ACC00001F02EFFB04725708DE610B50020FFF709FF0EF0D3FABDE810404EE710B5FFF7C4
:20ACE000F4FFBDE810400020A9E710B54FF44814D4F8C00000060FD5E548007822F60DFC1C
:20AD0000E449C978C1F30001484005D08020C4F8C000BDE81040B1E710BD10B5FF20FFF763
:20AD20009DFD032801D0022010BD002010BD10B5FF20FFF793FD022805D10105BDE810403C
:20AD400000200EF004BA10BD10B5FF20FFF786FD022802D10120FFF772FFBDE80301F401CA
:20AD6000F06224001040DCE770B5CA480468002C27D0AFF22300C4F88C00AFF24500C4F8D6
:20AD800090000025C4F8885004F18800C2F51EFAAFF27100C4F89800C4F89C50C4F8945070
:20ADA000002104F19400C2F50AFAAFF2B900C4F8A400C4F8A05004F1A000BDE87040C0F529
:20ADC000CBB914E610B5FFF7CFFFBDE810400EF009BA10B50120FFF736FFFFF7D3FD12F6D7
:20ADE00032FF18B112F6DBFE53F6D1FE19F65AFB002806D0002019F659FBBDE8104019F677
:20AE000009BB10BD70B50446A248006800280CD02246AFF293116830054625F62CFB2146A3
:20AE20002846BDE8704025F6DDBCE0E5994810B50068002805D0683025F616FD002800D00D
:20AE4000012010BD10B504000FD00EF006FA04210EF04AFA0301F401E06324000EF001FA9E
:20AE600062782146921C0EF061FA0EF07FF8012010BD002010BD1CB50E228DF8002004226E
:20AE80008DF8012001228DF80220ADF803008DF805106846FFF7DAFF1CBD8049096821B19E
:20AEA00028B1007808710120704700207047087970477A4810B50468FFF7FDFC0EF008F801
:20AEC0000020FFF7EAFF02284FF000010DD00020FFF7D1FFFFF7AEFF08B1FFF7AAFDA07B32
:20AEE0007149BDE81040484390E740F60340EFE710B50020FFF7FEFD0EF0C8F9BDE81040C8
:20AF00000220B3E40120A2E610B50120FFF79FFEFFF73CFD12F69BFE18B112F644FE53F62A
:20AF20003AFE19F6C3FA002806D0002019F6C2FABDE8104019F672BA10BD10B5FF20FFF74D
:20AF400095FC032801D0002010BD01200301F401D064240010BD4FF0FF3041087047006862
:20AF6000002806D0406847F20111884201D10EF032BA704770B5054630F8091F012908D0E1
:20AF8000A1F57D414B3919D08F2902D0902910D114E00446FF20FFF76DFC032809D1E078B3
:20AFA000FFF753FD2079FFF769FD20880021FFF766FF2846BDE8704022F660BD0446FFF7FA
:20AFC000B1FD0120FFF79AFDEFE710B5354C241D60791D2806D00A2022F64DFC6179491CFA
:20AFE000617110BD002010BD70B52E4C0546241D07E006222946001D1DF698FC002817D049
:20B00000246820680028F4D126490120091D08712946062001F090FD0A20FFF7D6FF30B117
:20B0200029684160A98801810021016020600120E5E42DE9F041884607461EA18AB01E4680
:20B040001848D1E90301F401C065240000310068CDE90831109C0025A0B390F90D1091426F
:20B0600057DA007B18B13046FFF7C2FF58B301250020FFF71AFF01461B2002294ED03E21A4
:20B080008DF8001002218DF802108DF8010001208DF804708DF803008DF805803068CDF8D2
:20B0A0000600B088ADF80A0010200DE014F8210064212000E01B200040420F000201060CF3
:20B0C000FF4C000028E024E08DF80C000898CDF80D00BDF82400ADF811009DF826008DF847
:20B0E000130008208DF8140007208DF815002088ADF81600A0788DF81800E0788DF81900AD
:20B10000A088ADF81A00A0798DF81C006846FFF7A5FE28460AB0C1E40020FBE7FF218DF8D3
:20B1200000108921AFE70448006808B1C07A7047FF2070477047000014F821000301F401AE
:20B14000B06624002DE9F84F80468078002500F00F0098F80340D8F804700E46042823D1EB
:20B1600016B3DFF890A0317ADAF8000000F58179601C0844FA283AD822463946484626F606
:20B1800077FA327A09EB0400521C06F1090126F66FFADAF8007096F8011187F8FB11307A8F
:20B1A00007F581772044C4B298F80200DFF8489040EA042B0024DFF844A014E0032D08D14B
:20B1C000D9F8000004EB840100EB8100007B012807D15B4632464146204600975BF6FEFC5A
:20B1E0000543641CE4B29AF800008442E6D32846BDE8F88FE4302000543F2000473F2000B9
:20B200002DE9F047414D4FF00009EC681CB1E07B012806D00BE0C5F8109085F80990BDE88D
:20B22000F087A07B05EBC0001830BFF5FDF9287A374E01280301F401A067240030681DD0E1
:20B2400020F00100306020680021826A20469047DFF8C8804FF44617D0B190F82810B9B111
:20B260000168A9B11CF6CEF9297A18F801000028F86906D040F00070F8612AE040F00100EB
:20B28000E0E720F00070F861306840F002001FE0F86920F00070F861297A214A18F80100EC
:20B2A00060B1D5F88810C8060FD41E48490690F8260001D54FEA4000106006E0D5F888000A
:20B2C000C00602D418480068F6E7306820F00200306020680121826A20469047060009D041
:20B2E0001248C07C000705D4E17B30461CF638F9306804E0002108461CF632F90020BFF5C7
:20B300008FF92C61287A6872C5F80C9085F8089089E70000185F2000A886310057030D0061
:20B32000108B310084312000C81F20000301F40190682400F853200000280FD0604B401CD7
:20B34000596853F8842907E0D3F88810D3F884108A4201D0401E0A460028F5D170477FB567
:20B36000054640B204281ADD28461BF66EFEFF2803D0054640B2042811DD002000900190F0
:20B3800002A928461CF6B9FE2A4602AB694610461CF612FE694628461CF6DAFD1AE04FF444
:20B3A0004614E66926F00070E061C4F80052D4F8040220F00400C4F804020220FFF7BCFF94
:20B3C000D4F8040240F00400C4F804020320FFF7B3FFE6613B48007C002806D004B0294673
:20B3E000BDE8704054201BF63CBB7FBD2DE9FF41064640B20D464FF00008042821DD304672
:20B400001BF623FEFF2803D0064640B2042818DDCDF8008002A93046CDF804801CF66DFE75
:20B42000324602AB0301F40180692400694610461CF6C6FD2B46FE22694630461CF67FFCC4
:20B44000694630461CF688FD24E04FF44614E76927F00070E061C4F80062D4F8040220F077
:20B460000200C4F804020220FFF76AFF2868C4F80C026868C4F80802D4F8040240F0020093
:20B48000C4F804020320FFF75BFFE761C4F80C82C4F808820D48007C002813D031465520D7
:20B4A0001BF6E3FA2868010C58201BF6DEFA296857201BF6DAFA696804B05920BDE8F041DF
:20B4C0001BF6D3BABDE8FF8184803100C05F20002DE9F0410021DFF868C10A4608460E46DB
:20B4E0004FF40047574DDCF8044008E02F602B682E609B049B0C1A4400D1401C491CA14255
:20B50000F4D36546A04203D2201AB2FBF0F000E000204FF47A7148431B21B0FB0301F401A2
:20B52000706A2400F1F0401D0A2190FBF1F040F6DFFDA0F50040A0F5E25000EB80004FEAE6
:20B54000800042F2107190FBF1F041490968A0EB010140480068C0F10B0000EB400008449F
:20B560003D490968A0EB01003C49096808442978401801D54042404240B2BDE8F0813EB538
:20B5800005463848364C90F83B00400727D520680090606801902089ADF8080032F6F2FA7D
:20B5A000B0B131484078C00712D0304832F6F9F94F212E483FF6EFFD2A462C4968463FF6EF
:20B5C0005FFDA4F1500110F0FF0081F8330206D10098206001986060BDF8080020813EBDDB
:20B5E0002DE9F0411E4D0446503D0026B5F8AC02C0B91C491A480A22091D074658F638FBE1
:20B600001420FFF7BCFF05F18C0138463FF602FD05F196010301F401606B240038463FF6E8
:20B62000FDFCFF20C5F8C46285F8C202641EB5F8AC120120A0400143A5F8AC12291905EB0F
:20B64000440081F8D062A0F8846281F8AE6298E730092200E80641002C0622004409220028
:20B660003006220034062200E8A52000F853200006222000F82720002DE9F0410F46044691
:20B680003FF614FD002810D0E069C0F3C40108290BD3000409D4394D20680126298906FAC4
:20B6A00000F2114203D085F82660BDE8F081E8F548FB0028F9D00A223946B4301DF652F95B
:20B6C0000028F2D0204609F615F980460246394620460BF632F90028E7D0216828898E4007
:20B6E00030432881424639462046BDE8F04109F6D0B870B5456828460BF67FF9284623F624
:20B70000A5F8040039D009F678F870B90301F401506C2400E069C1020BD5010409D4C0F38D
:20B72000C400072805D8204609F658F820463BF6DBFB144E012000FA05F031898143318175
:20B7400011490988490709D5B18C014206D08143B18494F8461120465EF6C2FE0B48006869
:20B76000C00403D5B4F8640009F6FEFB96F82600002806D0002086F82600BDE8704009F65B
:20B7800054B970BD0C6020004C2220007C22200070B50E46C8B0154601461C46202240A878
:20B7A00025F67EFF684677F6EFFF22463146684679F6A7FD06EB8401224608A879F6A1FDAD
:20B7C000234640AA694618A878F684F9082218A930A879F696FD30A800EB8400082220A9BD
:20B7E00079F68FFD214630A800F00AF8002805D0224618A9284679F684FD012048B070BD53
:20B800002DE9F0410301F401406D240098B08046082901D9082400E00C46082C08D02C4F19
:20B82000A7F144062036214679F691FDF0BB03E0284FA7F14406F5E708EB84052846214658
:20B8400079F685FD90BB22463946404679F66AFD002836DA22463946284679F663FD0028E5
:20B860002FDA214610A879F645FD22464146684679F6DCFD694623464246084679F6CDFDE3
:20B88000032010902346424610A908A879F6C5FD6946234608AA084679F6DAFD69462346E4
:20B8A0003246084679F6CBFD224600E009E0294608A879F6BBFD224608A9684679F632FDAF
:20B8C00018B1002018B0BDE8F0810120FAE700008CB4200070B52000F8B5A34C94F8AA0028
:20B8E00010286ED2A14904EB8000001D496810220D3125F6D9FE0020009020680301F40116
:20B90000306E24000023C18CC1F380023E2118F69FF994F8AA00001D84F8AA00206823F6A0
:20B9200074FF18B994F8AA000C2808D2206823F66CFF00286FD094F8AA0010286BD32068D8
:20B9400023F663FF8A4D8C4E7435D8B10821201DFFF75EFF08B3B6F8FE00000701D58748BD
:20B9600000E08748082388302A46211DFFF718FF20BB0522114620685EF62FFE3DF651FB99
:20B9800063212BE00621201DFFF742FF28B1B6F8FE0000070AD5794809E005221146206862
:20B9A0005EF61BFEBDE8F8403DF63BBB7448062330302A46211DFFF7F3FE38B194F8AF0016
:20B9C000800710D53DF6C3FF1CE024E00522114620685EF602FE3DF624FB7921BDE8F840E3
:20B9E000A72025F6A5BC206823F60FFF10B14022022101E00301F401206F2400302201210E
:20BA000001203DF690FF042084F8A800201D59F678F9002803D02168132081F8F200F8BD27
:20BA20005749B1F8FE10490701D4372336E0524A116809B1814205D154490B7C23B1496809
:20BA4000814201D12A2329E092F8A810012906D002291DD0A9B1032913D023231EE0C169CA
:20BA60000904FAD592F8AF1021F0020182F8AF10818C41F004018184C18C21F00401C18464
:20BA800006E0C169C1F3C401082901D2182305E03A4949688B7B032B07D92023C16941F310
:20BAA000C032521C992118F61AB902F1900242F8900C887B5077087C9077C97BD07F61F3F4
:20BAC00000003149D07701F1A801087800F1010008704FF008003EF6FFB928484068817BD9
:20BAE000032911D8244AAD321170017C0301F401107024005170C17B907861F300009070F0
:20BB00002348A8300178491C017009203EF6E8B9704770B51C481A4D1B4B90F8FD4095F836
:20BB2000AF2095F8AD00B3F8FE30C4F30301D60701D1DE0707D022F00C0000F108000521C0
:20BB400085F8AF0013E095F8AE6046EA1414E40701D100200146104C04EBC10404EB40016F
:20BB600014F81000497860F3830285F8AF20180700D5032141F01000296881F8F20070BD42
:20BB8000F07420000C292000F8532000F00C0D00C0752000C0682000980D0D0030B595B0DF
:20BBA00004461546102827D00F2C23D8102208A825F686FD1148102200EB041110390CA873
:20BBC00025F67EFD0D481022F03000EB0411103910A825F675FD0CAA08A9684677F661F9BE
:20BBE0006A4610A90301F4010071240004A877F637F9102204A9284625F666FD15B030BD88
:20BC00001022F8E780F5210010B504460D486060204623F606FE70B194F85700002220F0A0
:20BC2000080040F0040084F857002046BDE810401146E8F575B92146BDE81040162019F697
:20BC4000BFB90000894D090070B5044690F89800022806D0E07B00281ED0314800780C2868
:20BC60001AD194F8A80008F6B8FA002814D0417800250122002994F894100AD0C1F3C3013D
:20BC8000284B032915D28178012908D0032908D009E0090601D4857070BD827070BD85701C
:20BCA00001E0022181700078824018689043186070BD8270E16E416000788240186802437C
:20BCC0001A6070BD2DE9F04107460D4624F64DFB8046384608F681FAD8B1134B0301F401D7
:20BCE000F0712400012606FA07F4196806FA05F2A143114319600F4B19680C4202D0A14395
:20BD00000A431A6005702846E8F537F818B180F81961E7F52CFF012400E00024404624F6E2
:20BD20002CFB2046BDE8F081B2282000203A2000F027200010F921002DE9F05F0446B0F834
:20BD40000B004FF0010B40B9A07A012805D9584623F609FD20F6A4FC1DE1FD4D4FF0000A6F
:20BD6000012785F803A06F705646AF7024F67AFA002221463846E6F5ECFDF64AF649167083
:20BD8000A07920B1012804D0022808D00AE0504603E00F60F049E0790831086002E0C1F81A
:20BDA00000A01770584622F66DFD0646617A90F8A30061F3471086F8A300584623F6E7FC84
:20BDC00008B1BEF54CFAE548B846016821F002010160E3480301F401E0722400A17A017082
:20BDE000032971D396F8A300B4F80B7040090022BEF5C0FA5FEA000917D0B9F80200B842BD
:20BE000000D20746227A39465846E6F51BFA99F80510D148491F001D0A2964D2DFE801F0F5
:20BE20000A111625634855634D6024F687F81120BDE8F09F0188B94255D8408841E00122E1
:20BE400010E00189B9424ED840893AE0018AB94249D8418AB942F2D2818AB9424BD8C08AC0
:20BE60000DE0022285F803800CE0018BB9423AD8418BB942E3D2818BB9423CD8C08BB84250
:20BE8000EFD2032294F9110000B1A870E878A0B3521C51B294F9102095F9020001FB1021B7
:20BEA00049B22970002937DB40B34000A8703CE0018CB94217D8408C03E0018DB94212D8B3
:20BEC000408DB842BBD216E02AE0018E0301F401D0732400B9420AD8418EB942B3D2818EE4
:20BEE000B9420CD8C08ECEE7018FB94201D90122CCE7418FB942A6D2818FB94203D90222D7
:20BF0000C4E702E00CE0C08FBDE794F9101095F9020002FB101149B22970002900DB40B9C9
:20BF200085F801A0122087E7227A00215846E6F58DF99049904881F80080C0F800A04FF046
:20BF4000840101608D4940F289600860607B072804D80006800D404240B206E0082802D0CD
:20BF6000092805D009E094F90E0038F609FC02E0E07B37F6CDFF86F89F00A17A5846E7F51C
:20BF8000FCFC24F6FEF90546607A70B10021304623F69FFC284624F6F8F923F6D3FF30680B
:20BFA0000021E8F5FEF8002046E70121EFE72DE9F0470446B0F80B004FF0010840B9A07AA3
:20BFC000012805D90301F401C0742400404623F6D6FB20F671FB8BE024F650F900222146C0
:20BFE0004046E6F5C2FC614A002761491770A079012620B1012804D0022808D009E00F60B7
:20C0000007E00E605A49E0790831086001E00F601670404622F642FC0546617A90F8A3002B
:20C0200061F3471085F8A300404623F6BCFB08B1BEF521F94F48B146016821F002010160ED
:20C040004D48A17A017003292AD395F8A300B4F80B6040090022BEF595F9E0B14088B04258
:20C0600000D20646227A31464046E6F5F3F84349434881F8009007604FF08401016041490D
:20C0800040F289600860607B07280CD80006800D404240B20EE023F659FF1120BDE8F0877C
:20C0A000227A0021E0E7082802D0092805D009E094F90E0038F668FB02E0E07B0301F401A9
:20C0C000B075240037F62CFF85F89F00A17A4046E7F55BFC24F65DF90646607A70B10021F7
:20C0E000284623F6FEFB304624F657F923F632FF28680021E8F55DF80020D3E70121EFE7E1
:20C100002DE9F04707460D0044D0214802682AB13846904710B1401EC0B2C3E72946384639
:20C120005CF66FFF012835D03868804623F63FFB040064D094F82300012860D0287B41082C
:20C1400005F10C0028D017F645FE0646007968770020286024F61DF98146F07940073BD493
:20C1600004F10800824621F687F9C0B11EE00000B0F82100A23B200010843100E02B20003E
:20C18000D52D2000D42D200004823100D88A3100DC2B2000042085E75FF6B2FAD5E7404618
:20C1A00009F6CBF810B1F079800715D05146284621F642F90301F401A0762400B148012182
:20C1C00001FA08F1026811430160484624F6E9F8F869C0F3C4000A280CD008280ED010E0DF
:20C1E00004F10C01284621F62BF929463846E5F5FBFCE3E7404638F61FFF02E04046E7F5F6
:20C200003FFE002052E7284621F684FCC6E72DE9F041044623F6CFFA05003CD0204622F6D4
:20C2200045FB060037D0601E4FF00008132803D89549214401F8018C012785F8237024F6BB
:20C24000ACF89049A7400A68BA430A6024F6A9F8FCB1152C1DD00122002331462846E4F507
:20C260003EFF2846E4F531FF697E39B1B6F864004FF0FF32BDF56CFF85F819808348C07C7D
:20C28000400708D5002C06D0E0B2BDE8F0412CF62ABF0022E0E7BDE8F0812DE9F04704466F
:20C2A00091460E46084622F601FB05000301F4019077240077D095F8A3004709607840F0F9
:20C2C000040060702078C0F3C301022906D23846BDE8F04701230022BEF589B80122384643
:20C2E000BEF55CF840B161884088C1F3C902824202D960F3CC0161806088C0F301010329AD
:20C3000011D0DFF8948198F80A1039B1C0F3C900314660F31F1109201AF6E3FB61885D4A9F
:20C3200088070CD00EE02078C0F3C300032801D0082803D14946284618F671FE7BE0D07C75
:20C34000000778D5B5F86430002063F30B0061F30D30C1F3C90161F31F402178490703D148
:20C3600020F4404000F58040C9F80000D07C00073BD54A484A49007820B14A48007898B18F
:20C38000012816D0488F401C488747480078022818D0042820D04548006810B349462046AA
:20C3A000E5F547FE0301F4018078240062E070E049462046ECF504FB5CE0488F4A46401CE3
:20C3C00048872146082040F618FD53E03A48006840020AD420783949C0F3C30008702AE065
:20C3E0004946204609F6A5FA44E04846E5F520FE40E092F8380002281DD02078400705D053
:20C400006088C0F380012846E5F5FEFD608841F6F871084213D0E869C0F3C4000D280ED02D
:20C42000F8F52EFF80B16088C0F3C9014846F8F537FF1FE003E04846E4F54EFF1AE048467D
:20C44000BDE8F0473BF602BB98F80A0048B160883146C0F3C90060F31F114FF00A001AF6C8
:20C4600044FB60880023C0F3C901091D1A4648462DF60CF860880123C0F3C9022078C0F3E5
:20C48000C3013846BDF5B7FF0D48017841F00201017013E6E02B2000AC2B22000301F40169
:20C4A00070792400F8532000C05F2000713B20005CB12000703B2000D42D2000D82B2000BD
:20C4C0002C8B3100D52D20005734200010B51446C37B90F90E20417B007BC0F62FFBA0716B
:20C4E0000020607110BD10B5144690F90C00BFF622FBA071000A607110BD10B51446BFF66B
:20C5000086FBA0710020607110BD10B500F10C0114460020C0F6CDF90020607110BD70B52F
:20C5200000F109051446E81CBEF6EFFBA071E9780022022904D0032909D004290AD001E080
:20C54000401C02D0E271627170BDA54800E0A548007809E0411F0A2391FBF3F1A1714942A5
:20C5600001EB810100EB4100E071ECE710B5144609309D4A002100EB4103B3F8033022F876
:20C580001130491C89B26729F5D307F060FAA071002060710301F401607A240010BD10B586
:20C5A000002151711446417B0023007B1A46C0F6C9FAA0718F489F490078E0718E48007824
:20C5C00020728E48007860728D480078A0728D480078E0728C48007820738C4800786073AD
:20C5E0008B480078A0738B480078E0738A48007820748A480078607489480078A074894815
:20C600000078E07488480078207588480078607587480078A0750420087010BD10B5144670
:20C620000C30854A817800231170844AC1781170834A01791170834A41791170824A817934
:20C640001170824AB0F8071011807A4A417A1170417800781A46C0F675FAA0710020607185
:20C6600010BD2DE9F84F0930017BC37A994219D390F80DC0614515D3C47B057CA146AB465C
:20C68000AC420FD8447D857DA64600950301F401507B2400AC4209D8857CC47CAA46A542B2
:20C6A00004D8057E90F81980454503D91220507100203DE0684F06793E70684FB0F80560BC
:20C6C0003E80674FC6793E70664F06893E804B4F867A3E704A4E33704A4B19704A494B4B2D
:20C6E00081F800C0817B1970494B83F80090494B83F800B0484B417C1970484B484983F8A6
:20C7000000A0484B0C70017D1970474B83F800E0464B009919704649C07D08704548474962
:20C720000570454880F8008004200870002050719071BDE8F88F2DE9F04109301446017A00
:20C74000427A914205D8837A9A4202D3C579142D03D912206071BDE8F081434F06793E708C
:20C76000424FB0F805603E80414E3570414D464E2970414D2A70414A424D1370404BC27AE2
:20C780001A70037B0301F401407C24002B70457B3570404E857B35703F4EC57B35703F4E86
:20C7A000057C35703E4D407C287042EA43003D4A002310701A464420C0F6CCF900206071AB
:20C7C000A071CCE70069C0B2811E232902D836490870704712205071704770B5154600F12C
:20C7E000090417F6CBFE10B10C20687170BD2F49D4F80700086070BD5DFB210068FB210086
:20C80000942F22009EFC2100D6FB21009FFC2100A0FC2100D7FB2100D8FB2100A1FC210068
:20C82000D9FB2100DAFB210098FC2100DBFB2100DCFB2100A4FC2100DDFB2100DEFB2100B5
:20C84000A5FC2100EFFB2100E0FB2100E1FB2100E2FB2100E3FB2100A6FC2100A8FC21008D
:20C8600099FC2100A2FC21009AFC21009CFC2100AAFC2100ACFC2100AEFC21000301F4017F
:20C88000307D2400F2FB2100AFFC2100B0FC2100F4FB2100F5FB2100F6FB2100F7FB2100DA
:20C8A000F8FB2100F9FB2100FAFB2100B1FC2100F627200078F7210010B5BE4C2069BCF595
:20C8C000A9F86069BCF5A6F8BB48006821F63EF90120E6F584FCBA48B8490161B949816121
:20C8E0000421FF20E6F5D9FC332181700021C170E6F5B9FCB4484FF0FF31CA0CC0E90A1217
:20C9000010BD2DE9F041054600F19404AA48A94ED0F800C096F921309CF80A0083421FD08C
:20C9200030462279818B00274068022A56D12278C2F3C302012A51D9491C86F822708AB29E
:20C94000B2830168DFF88482C1F3CE239B1DD8F800109A4205D908463BF68CF8C8F8007032
:20C9600078E0407901282FD196F8200001F1040828BB08200301F401207E240022F69EFC59
:20C98000954801682046EBF57FF8B5F89600C0F3C902B2617068B2F57F7F0078C0F3000117
:20C9A0008E4801802178C1F3C301418001D940F2FD324146706951F655F92B2018F6F3FAD8
:20C9C000012086F82000207820F0780008302070A87B1BF634FEB06096F8230028B386F830
:20C9E00023703BE096F82320FAB90068C0F3CE20801E81421ADAA87B1BF621FEB1680446F1
:20CA0000401AF168884229D3716896F82100C978A0EB910040B286F82100002801DA86F8A6
:20CA20002170284663F63AF9B46017E096F82200401CC0B286F8220006280FD35B1C58B2B1
:20CA400086F821009CF80A108842284604D1E8F585FCBDE8F04133E763F620F92846BDE8A9
:20CA6000F041E8F57BBC70B50D46E7F50301F401107F2400DDF804461FF64AFE23F6B1FC2F
:20CA80000646A07B01211BF683F88720A07494F89C0065F3020084F89C0094F8940065F3B4
:20CAA000020084F89400002084F80C0121684E480861AFF2A110216888610021204620F6D2
:20CAC000CAFB4FF48050A066304623F68EFC204663F6E8F82046BDE870401FF64CBB2DE9D3
:20CAE000F04700F1090508200C46824622F6EAFBC6B2A87ADFF8D080DFF8C890002850D089
:20CB00000027A771E771FB2020F625FFFB222946C8F8000024F614FEB84689F82170334925
:20CB2000012789F823700220087031484C463A460770E91C5046E5F544FF504621F6DAFEE0
:20CB400020602C4807602C4FC7F8048030461AF6DCFA38600420786001202CF66DFA40F2F0
:20CB6000FD3630460301F40100802400BBF535FF0422314620612CF67DF922492069086079
:20CB80003046BBF52AFF6061697A5046FFF773FF23F62BFC0546206800210068E7F535FBFC
:20CBA0002846BDE8F04723F624BCD8F8000099F92120807A824201DA012000E00220A071C2
:20CBC00099F82100E071BDE8F087000048B72000C43B200069070300A82920000108030088
:20CBE000F8532000182820002C8B310070B7200055B30A00D42D2000C03B20001084310028
:20CC000000823100D82B200010B50122FF210320BAF575FA72228272BDE81040BAF566B9AA
:20CC200070B504460D460020FEF7AFF900281DD00922FF210B20BAF562FA024608308721B7
:20CC40008170A0F80340072C0BD0062C09D00021C0F80510A0F80910BDE870400301F40102
:20CC6000F08024001046BAF545B92968C0F80510A988F3E770BDF8B5064600208DF80000E9
:20CC8000F069C0F3C400082818D30422FF210620BAF539FA040011D004F10805306869462D
:20CCA000EBF538F94920A870B6F86400A5F803009DF8000068712046BAF51CF9F8BD70B5BE
:20CCC00004460D4600689149C0EBC00001EB001010F8040C012811D10422FF210620BAF5D0
:20CCE00012FA00280AD0D0218172B4F86410A0F80B104573BDE87040BAF5FCB870BD2DE9BC
:20CD0000F0470746B422FF21B620BAF5FCF980463868E7F572F88246384606F6E9FE0646FE
:20CD2000384602F0A9FC814638687849C0EBC00001EB0015703DB8F1000F7DD0002D7BD020
:20CD4000882088F80A00724808F108048078C00888F80C000301F401E0812400A87E88F872
:20CD60000B00288BA8F80F00A87EC0075FD0B7F86400A4F80500E86A698D90FBF1F06072F0
:20CD800095F82800A07295F82900E072686A698C90FBF1F040B2207318B9686A08B101208F
:20CDA000207395F82000607395F82100A073288EA4F80F00688EA4F81B006869A4F8110013
:20CDC000E888A4F81300A888A4F815002889A4F817006889A4F81900A6B1B6F8D000400430
:20CDE00010D5B6F8D200A4F81D001422494604F11F0024F6B1FC142209F1140104F1370004
:20CE000024F6AAFC5FEA0A000BD0D0F8B410C4F84F10D0F8B810C4F85310B0F8BC00A4F8CE
:20CE200057004F223D4904F1590024F695FCCEB3A87E800736D53A48017899B3394800E0CA
:20CE400035E0006828282DD9401CB0FB0301F401D0822400F1F201FB120038BB344B002105
:20CE6000B6F8D22013F8310090421BD103EBC1004278032A02D0192A09D010E082884588CD
:20CE8000521BA4F833204288A4F8352007E082884588521BA4F84B204288A4F84D20002254
:20CEA00082804280491CC9B20A29D9D34046BDE8F047BAF527B8BDE8F0872DE9F04704464C
:20CEC000DDE909A50E461746984612201022FF21DDF82090BAF536F90100ECD0002CEAD0C5
:20CEE00000228D72CA72B4F864308B81CA810A824A828A8201F10800C1F81620A22D07D14A
:20CF0000C6800781A0F80A80A0F80C90C0F80EA0BDE8F0470846B9F5F5BFCCE79C22220068
:20CF20007021220098A5200045FA2100E8202000002D220070B5054626480024016809B1E5
:20CF4000046054710301F401C083240024494FF480600860234940F20A5008604FF00001B0
:20CF60004FF0110042F6E7FD1F490020C1E90A00F3F555F922F66FFB10B91C48407E18B19D
:20CF80001B484079400608D50120E6F544F9B5F809000021BAF5AFF801E018F6DDF84FF4E5
:20CFA0000C61144820F688FB27F6C5FC1421124823F6F6F91421114823F6F2F9F9F77DFF9C
:20CFC0000F480460FDF7F4F80E48007808B102F020FF09F0AFFB0C48046070BD74462000BC
:20CFE0008804410040034100F8532000D0872000886820009C2222005C2B2200AC2B22006C
:20D000000C302000FAF9210010F9210070B5002801DB002004E06FF07601884200DC08467F
:20D020000A2290FBF2F102FB110040420B314AB2FE4940B251F83000002108E00301F401DA
:20D04000B08424000A23A0FB034601FB0361002500FB051120461300A2F1010252B2F1D1FC
:20D0600070BD70B550EA010202D16FF0760070BDF04E0024356805E0641C64B20A22002383
:20D0800025F67EF900222B1A8A41F5D30B3C65B2002201E0521C52B256F82230C31A71F152
:20D0A0000003F7D3501005EB8501C0EB410040B270BD10B58468C168A21809E0036844682E
:20D0C0005B1C44F1000403604460DB4CDB4B12195941D94BD94C5B428260E443D31AC1608A
:20D0E00071EB0403EAD2002010BD2DE9F05F81460C460068D249D9F80430A0FB017503FB0F
:20D10000015140F6181200FB0215224600233846294625F635F9A0FB043601FB046600222D
:20D1200000FB0262FB1A65EB0205C64A0027A0FB026C01FB0301F401A085240002C100FBE8
:20D14000071810463946A3FB00A705FB007003FB010BD9F80870D9F80C502246002338469D
:20D16000294625F611F916EB000948EB010817EB0A02A0FB046701FB0471002300FB03131C
:20D1800045EB0B05901B65EB030106460D462246002325F6F9F8A0FB042701FB04710023C0
:20D1A00000FB0313B01A65EB0301012C13D96208801A71F100010ED322460023304629466F
:20D1C00025F6E2F810EB090041EB0801401C41F10001BDE8F09F224600233046294625F6D3
:20D1E000D3F810EB090041EB0801F2E710B523F68DF89748016941F001010161016841F077
:20D200000101016093484FF0010101609248016821F07F010160914801684BF6FF7201EA1A
:20D22000020101608E48016821F400410301F4019086240001608D48016821F4004101606C
:20D240008B48016821F0080141F00101016089494FF4C040086010BD2DE9F04F99B000F10B
:20D260000904B0F81100019060894FF0000ACDF828A000907E481546383800680D907D48AD
:20D2800000680B90774800680E907648503800680C907748303800680F907148006810908D
:20D2A00071480068119071480068129071483C38006813906B486838006814906C48006836
:20D2C000159068484438006816906848A438006817906648503800681890E078022813D029
:20D2E00090B1616859B1DDE90002904207D3207BA0F19702682A02D31738742807D2122084
:20D30000687119B0BDE8F08F0C205071F9E7DDE90002861A761C58487143814202D390FB09
:20D32000F6F060600301F4018087240006F0CBFB0020BEF6D9FE534F387F40F00100387783
:20D34000BFF68EF9387F20F00100387750F686FF002169710120A8702088A5F80300E0787B
:20D36000A8712E7208462A18401C51724F28FADB207BFF281ED0010622D53C4A443A1168CE
:20D3800000F01F00404B00EB400021F4FE4103EB002001431160374A503A106820F07F019E
:20D3A000207B00F01F0000EB400003EB0020014311600AE030483838016821F0400103E065
:20D3C00040F040012C48383801600020CDE90200CDE90400019FDAE0A7F51660C0B240F0F7
:20D3E00080012A4801602A48016821F4E04141F480410160FFF702FF4FF4BE70BEF553FF04
:20D400000020CDE90600CDE90800814617485038016841F0400101600C20BEF50301F401B0
:20D420007088240044FF002082E01548016841F0080101600F486838016841F480710160C3
:20D440000E499C39086840F4404008600868C0F30E0023E0A0F9210000009C584C491FF28C
:20D4600000A0724EA086010060016500BC0160006404410034064100F0074100840741001A
:20D4800060044100FC04410040B56400D852200000DFFFFF04016000C00441000860C0F3A1
:20D4A0000D00042802D26FF0770016E04FF0FF3B5946012006F046F906465946012005F024
:20D4C000D4FFB6F91600002801DD401D00E0401FF08200B200121B2814DA0A9909F1010904
:20D4E000491C00B20A91FFF7A5FD064602468B460B4602A8FFF7EDFD32465B4606A8FFF7E5
:20D50000E8FD04E04FF07F0A0C20BEF5D0FE4548016821F40301F40160892400807101606A
:20D520004348016821F0080101600120BEF5C3FE2BF6A2FF08F101006168804641453FF6E1
:20D5400078AF3B490B989C31086038490C98183108605FEA09000BD0014606A8FFF7D9FD84
:20D56000FFF793FD334991F9071001EB000A02E01420BEF5A0FE3048016921F00101016154
:20D58000016821F0010101604FF01400BEF593FE0199791A29447F1C81F809A0BFB20098B7
:20D5A00087427FF621AF22490D983839086020490B989C3108601D490E98683108601B49C2
:20D5C0000C98183108601A490F983039086018491098091D08601949119808601749129807
:20D5E0006C39086012491398603108600F48149901600F49159808600C491698243108608D
:20D600000F49179808600E49189854310301F401508A240008600A9830B1014602A8FFF746
:20D620007CFDFFF736FD82460448C17901EB0A00E87176E6CC054100600441008F222000C7
:20D6400060016500F0074100E0064100F8B500F109068089012121F66CFC777904004FF01B
:20D66000000506D0184920680978884203D9122505E0022503E0A06B002800DB1A25308894
:20D680002946B9F596FD002D17D1E069C00115D5606C08B9A06C08B1022306E0E06B08B968
:20D6A000206C08B1012300E0002304F13C0000903A4600212046BAF5EBF9F8BD3946204609
:20D6C000BDE8F84062F659B96C20200000B58BB000208DF80500684649F67EF94FF655506F
:20D6E000ADF8280002208DF82B0069460AA849F676F86846B9F506FD0BB000BD00B58BB0B6
:20D7000000208DF80301F401408B24000500684649F666F94FF6E940ADF8280002208DF849
:20D720002B0069460AA849F65EF86846B9F5EEFCE6E7F0B5FA4F04468BB038680D4600024D
:20D7400008D5F848006828B108F649FE192801D3072006E0217D04F115001BF6C3FC20B1BB
:20D760001220296848710BB0F0BD2088C0F30900A0F58071553902D1AFF2A70601E0AFF2AA
:20D780007B063868C00705D008F66CF910B9012008F657FE207D8DF80000D4F81500CDF864
:20D7A0000100B4F81900ADF805001022211D0DF1070023F6F9FF10210DF1170022F610FE07
:20D7C0003146684608F6BEFD296810F0FF004871C9D12860C7E770B50C460D68C27A817A2F
:20D7E000001D20F6F3FD10B921680C204871216805204870CC48CD490088E8710301F40165
:20D80000308C240091F80811401A287220684178891C417070BD2DE9F04F87B00446D1F82F
:20D82000008000200290039020790490BE480D46006800020ED5DFF800A3DAF8000048B10B
:20D84000DFF8E892D9F8000020B152F6CBF920B10C2096E01120096894E0B4F81510B4F8C3
:20D860001300CDE90001B4F81130B4F80F20B4F80D10B4F80B0054F6C6FF18B1B4F81500FD
:20D8800010B111E012207CE000201CF66FFEAB49983091F82810484300F5EC7040F271218C
:20D8A000B0FBF1F0A4F81500B4F8130018B9A4480188A4F81310D4F805100291B4F809003E
:20D8C000ADF80C0006AA02A8049920F625FF9D4904F117024FF0070B09780092884279D2F9
:20D8E0000646F9F716FB0028DAF8000006EB860700EB87000301F401208D240004F10B0126
:20D9000000F106004FF00C0233D01BF6BBF840B9D9F80000072200EBC60000991BF6B2F804
:20D9200040B1DAF8000000EB8700807C20F649FB10B129E0172028E0DAF80000D4F80B109A
:20D9400000EB8700C0F80610D4F80F10C0F80A10D4F81310C0F80E10D9F80000D4F8171041
:20D9600000EBC6000160B4F81B108180617F817124E01BF687F8E8B1DAF8000000EB87007A
:20D98000807C20F61EFB28B10B202968487107B0BDE8F08FDAF80000D4F80B1000EB870008
:20D9A000C0F80610D4F80F10C0F80A10D4F81310C0F80E1031460098F9F7BCFAD9F8000091
:20D9C000634990F840000978081A88F8070088F80860296881F801B0D9E7FFE7069E8E42EC
:20D9E0001BD205AB002202A8049956F60301F401108E2400B3FA59490978884201D2074660
:20DA000008E0059F8F420CD207233A4602A8049956F653FA3B463246601D049920F6C5FE55
:20DA2000CCE7296881F805B0B5E72DE9F04705460E460C6816F6EEFD08B95EF67BFC22F6DD
:20DA400010FD3D4F44F210036A6839681A401940914208D04249096829B10C216171BDE899
:20DA6000F04722F602BD22F600FD3868000706D56868000703D40121084620F622FD39492C
:20DA800068681125096888427AD840F400103860C00704D007F6F2FF38B9012003E007F69C
:20DAA000EDFF10B1002008F6D8FC38684FF00009800306D422F6D5FC2B4A82F8089022F6FA
:20DAC000D4FC386800F004001BF6CDFF3868C00502D5012059F678FA38684FF00108C1033B
:20DAE000224807D50301F401008F24002249097811B180F8008005E0657103E0007808B1BF
:20DB000068F6A3F838681D49420307D51C4A127812B181F8008003E0657101E081F8009096
:20DB2000C1021848016802D541F0010101E021F001010160316805204870BDE8F08723E065
:20DB400078312000D8F7210024312000288A20003831200084312000B030200021312000F5
:20DB6000DCF721004C312000B8302000F0F92100707C20009B4020009A402000874020001A
:20DB800084402000503120006571D6E72DE9F0418CB001AD00F1090400958846007B1299B5
:20DBA000002605278DF809608DF80570884200D30020322832D004DC012820D01E2804D1FE
:20DBC00027E033282FD049281ED003EB80006946026820469047009900290DD00301F40129
:20DBE000F08F24004879052826D0204648F60FFE0098417901B14770A84220D1B9F59AFA15
:20DC00000CB0BDE8F08169462046FFF716FFE6E769462046FFF70FFEE1E769462046FCF75D
:20DC200019FBDCE769462046FCF71DFAD7E769462046FCF7BAF9D2E788F80060E0E70838D5
:20DC4000B9F598F9DCE738B5037B302B06D04A230093064B1B68FFF79DFF38BD044C012357
:20DC60002370BDE8384048F6DCBD00007C312000322F200010B504220E210620B9F583FA64
:20DC800000280DD0012282720022427342F22702A0F80B20BDE8104000F10801B9F56AB9B1
:20DCA00010BD70B50546AFF233010C30FCF7C4FB040013D004220E210620B9F564FA0028CE
:20DCC0000CD0012282724473B5F80920A0F80B20BDE870400301F401E090240000F1080125
:20DCE000B9F54CB970BD70B5154600F10904012616F69CFC0146E078814265D0012815D155
:20DD00002079012807D1F9480078012807D051F620FE060017D051F6CFFE18B105E051F655
:20DD200007F8F6E7F248007868B966B1E07816F681FC207916F697FCE07851F604FEE0780B
:20DD4000002638B13BE050F6FFFF50F6CDFF0720687170BD50F6F8FF50F6C6FFE5488068B9
:20DD6000800702D5F9F7C6F803E00121084620F6B4FBE1480078800701D5E0480670E048BB
:20DD8000007818B11021DF4822F642FBDE48007880B1DE4A002101EBC10000EB400002EBB8
:20DDA0004000491C10F8353FC9B223F0010303706429F0D3D648007808B1FCF733FD2088D3
:20DDC0000C28C6D16E7170BD0C20C1E70301F401D091240070B500F10904007B15462728D2
:20DDE00002D91220507170BD012057F676FD10F0FF006871F7D1E0784100C848C1710121AA
:20DE00008171C7494FF446100A6812B9D0F894200A60BE21C0F89410002050F621FAC1497E
:20DE20000C200860BDE87040BC4857F670BD30B40024BD4D5471447B2B68022C05D0012C22
:20DE400006D01120507130BC704743F0040301E023F004032B6030BCBCE710B509301446B0
:20DE6000C378827A011D1846FCF766FB607110BD2DE9FC4700F10904407C002600F00107CC
:20DE8000E07B02280CD003280AD0002504F109018946384607F6C1FE5EF65CFA58B901E053
:20DEA0000125F3E7A14844F210010068084204D05EF693FA08B10C2692E0B4F80510B4F801
:20DEC000030054F60301F401C0922400A7FC70B3618B208BCDE90001E38AA28A618A208A44
:20DEE00054F6ADFC18B312F691F818B31DB107F6D9FD0028E3D0002020F604F98046FF286C
:20DF00001AD05DF61CFD40461FF6EBFF0546E079A0B10020C5F8700122F6B7FA8146628B66
:20DF2000218B284654F6A8FCE07960B114E0FFE7122659E00D2657E0092655E04946384649
:20DF400007F66FFEE6E785F85E70D4F80900A865B4F80D00A5F85C00E07B85F85F00208ACA
:20DF6000A5F84800608AA5F84A00208AA5F84C00608AA5F84E00A08A2881E08A68812846EF
:20DF800045F6AFFB484622F684FA2946204635F690F900282ED1E079012804D1404654F6A1
:20DFA000B7FC060020D101205EF6C7F940465EF6C0F9B4F8050020F001005EF60301F401E0
:20DFC000B093240022FAB4F8030020F001005EF624FAE0795EF611FA5949002051F672F861
:20DFE000002108465EF65BF91AF680FB5549086020883146BDE8FC47B9F503B9BDE8FC87E0
:20E00000F0B50546002095F800E003460246BEF1030F3ED86C78032C3BD8AD78032D38D890
:20E02000DFF824C15FEACE779CF81C6003D19CB1344013D023465FEA8E7405D485B19CF8B7
:20E040001D4015EA040224D000280AD153EA020408D05BB172B111E01220ECE71120EAE725
:20E060001220F0BD0E709CF81D2008E032B14A700A7005E013B14B700B7001E00B704A707E
:20E080000A784B789A42ECD01A4002D04A700A70F0BD1120F0BD2DE9F04100F10906174614
:20E0A00080891FF68CFF040050D0B4F84400800403D4B4F80301F401A09424004600800481
:20E0C00001D5232547E004F5BA71701DFFF79CFF050040D194F8740194F87611884207D1ED
:20E0E00094F8750194F87711884201D1172532E0E06B40F40040E063B4F8460040F40050A8
:20E10000A4F84600204650F697FE24E0CF302000F030200008212200523C2000513C2000D3
:20E12000884020007ED9200085402000F00B22009C40200048CF2000C8402000A00164001E
:20E14000084020007831200030CE2000443D2000108820000225002038703088022D0AD067
:20E160000021B9F552F8002D09D029462046BDE8F04170F60DBB0221B9F547F8F5E7BDE816
:20E18000F08170B50646154600F109040FF62FFE10B90FF638FE08B10C2051E0B4F8031039
:20E1A00020294CD3B4F80500B0F5804F0301F4019095240047D8814245D8207C400742D09C
:20E1C000207A03283FD8607A01283CD822F669F90546E0790FF6FBFD207A0FF6FCFD207CFD
:20E1E0000FF601FEB4F8030020F001000FF6D0FDB4F8050020F001000FF6D2FDE079133651
:20E2000001280AD0042808D00FF620FD02280CD00FF61CFD032808D00DE0607A0FF6CFFD16
:20E2200030460FF6C1FD002006E0607A0FF6C7FD30460FF6B9FD607C0FF6D9FD2846BDE801
:20E24000704022F632B91220687170BD10B5144671490C30FFF7DCFE607110BD2DE9F04109
:20E2600000F109041546407B002134F609FF10B9E078272802D91220687184E7002057F609
:20E280003CFB10F0FF006871F7D120791FF6C3FB624E0C27306050B36079307120797071D1
:20E2A000E0784FF40301F4018096240046114000F0710020B07140F2E24030815A48026846
:20E2C00012B9D1F894200260BE20C1F8940000204FF6DAFF4FF4C800C0F8A07130686279E4
:20E2E0002179001D57F656FB57F665FBBDE8F0414C4857F620BB022057F603FB6F7146E710
:20E3000030B40024494D5471C47B2B68022C04D0012C05D011205071A9E543F0040301E029
:20E3200023F004032B6030BC9CE710B504464048016844F2100001420DD05EF662F850B1B4
:20E340003C4800210068407870F621F8BDE8104000205EF65AB85EF611F858B100205DF625
:20E36000FCFF354901200860BDE810403349102050F6B4BEB4F80900BDE810400C21B8F5BE
:20E380000ABF10B5144651F659FC10B10C20607110BD56F631F81FF6B5FCBDE80301F40195
:20E3A000709724001040F8F7DCBD7CB5154600F1090451F647FC08B10C2030E060680090F9
:20E3C0002089ADF804000023E1781A46684655F6EDFD1D490978884223D255F62FFE164EAA
:20E3E0003068810201D4000218D518480068A8B1E1780022684620F6BFF904461448007808
:20E4000084420BD2204620F623FA3068000205D51048006810B12046F8F7C9FD00206871B7
:20E420007CBD1220FBE700000888200048CF2000C84020000840200078312000FC3C2000F7
:20E440007CF7210030CE20004C3120003831200021312000D8F7210010B51446CCF56FFF34
:20E4600014F82D0F40F00400207010BD2DE9FC5F00F1090480896179009194F80680D4F802
:20E4800007A0D4F80BB0D4F80F60D4F813100191012120F60301F4016098240086FD4FF083
:20E4A00000070500B94604D0B8F1020F03D912271BE0022719E0009885F8DE0085F8DF80C2
:20E4C000C5F8D0B0C5F8D4600198C5F8D800BAF1000F02D13EB1761C05D0C5F8CCA0284666
:20E4E00001F05AFD01E04FF0010920883946B8F59CFEB9F1000F05D039462846BDE8FC5FC1
:20E50000B9F585B9BDE8FC9F2DE9F04700F109048089052120F649FD05006279A679E079A1
:20E52000A168D4F80C802369D4F814C04FF000094F4605D0022801D8012E03D9122710E065
:20E5400002270EE085F8DE2085F8DF00C5F8D030C5F8D4C0C5F8E08009B1012E0FD04FF09B
:20E56000010920883946B8F560FEB9F1000F10D031462846BDE8F0470022B9F59DBAC5F821
:20E58000CC100121284621F674FA28460301F4015099240001F004FDE7E7BDE8F08700003A
:20E5A00070B50C468178C31D0A46091F0125042A0AD371B1D0F803200E48824204D3481EFE
:20E5C0000D4E1044B04201D9002502E0184659F683F90E202070042060700120A0704FF668
:20E5E0004C40A4F803000DB1002000E00C20607170BD000000031000FF2410002249002037
:20E600000870FCF77ABAFEB545680446002D39D028681E49C0EBC00001EB0016703E307CBD
:20E62000C0070AD0E089A22221698DE80700A389628921892846FEF7A0FCE87EC10621D523
:20E64000317C89071ED520F0100040F00800E8762846E3F588FA686B410102D520F0806030
:20E660006863707CC1070DD140F001007074E089A12221698DE80700A389628921892846C7
:20E68000FEF77BFC0301F401409A2400FEBD0000D33020009C22220070B5194E05467168A9
:20E6A000487B8A7B904229D8EB6C002B26D0F82A24D8141A0E2C00DD0E24184409300F31DD
:20E6C000224623F6B1F87068417B807B2144814204D22846BDE8704060F6E2BFE8698002F6
:20E6E00006D52846BDE87040132200215CF631B82846BDE870400021B8F5D5BF70BD000099
:20E700000C2920002DE9F0470646FC4801784078494240424FFA80F94FFA81F896F8A800CF
:20E7200020F65CF90446304604F0C8FE07463146002004F0E6FEB7F916004FEA2025F048BC
:20E740000068400717D5EF4996F8A8300122097894F8A00049429A40EB4B49B21B681A423B
:20E7600009D08D4207DA84F89E0035F675FC0146204621F6C1F9454505DAD4F80301F401AE
:20E78000309B24000C0140F04000C4F80C014D4504DD002D02DAD4F80C0105E0D4F80C0131
:20E7A00020F08000C4F80C0140F48070C4F80C01B7F91610102207F1180007F00BF886F883
:20E7C0000B01BDE8F08730B5044685B090F8A80020F608F92146002005F004F8CD4905468D
:20E7E00091F90000032815DC401C08700C20ADF800006846019416F645FC36F61BF8C64AEF
:20E80000014694F8A8001268C0EB001002EBC00000F8741CB5F9160005B0001230BD2DE985
:20E82000F047BE49BE4EBF4F91F800A096F8009000248846C4F380003070C4F3400088F8F9
:20E84000000004F00101401CBEF65CFE002538603178386800EB81002946D0F88C00BFF66E
:20E860001CF86D1CEDB2032DF2D3BEF614FD641CE4B2082C0301F401209C2400DED3AC48DA
:20E8800086F8009088F800A00078C1B2A9480078BDE8F047BFF615BAA74810B5007808B9A9
:20E8A000FFF7C1FFA54901200870A5480021808ABDE8104055F6EDBAF8B5054620F696F880
:20E8C000A04E0446F07C000704D59B48007808B9FFF7A9FF284620F689F821F666F9002857
:20E8E000D4F80C0120F0380002D020F0070003E0303020F00700801DC4F80C01834920F46E
:20E90000A07040F080008A78097962F3502061F358400025C4F80C018DF8005094F8A30010
:20E9200040092DD002282BD00022F07C000707D47E48002369460068BFF600F984F89E0034
:20E940008148007808B184F89E5094F89E0084F8A000F07C400703D584F89E5084F8A050AC
:20E9600021687A4A642002EB011101F80301F401109D2400040C94F89E0035F679FB0146E4
:20E98000204621F6C5F8F8BD0122D2E72DE9FF474FF0000904468DF80C9090F8A300400929
:20E9A0000BD0022809D00022D4F8F80038B16A48006A20B184F8A09009E00122F4E75D4885
:20E9C000002303A90068BFF6BDF884F8A0005F48C07C400701D584F8A09094F89E6094F8B8
:20E9E000A07094F84981204621F6E3F848B15B4801254068807B48B101280ED0022812D1E7
:20EA000027E0204615F66EFABDE8FF87464502D0761C464507D1032505E0BE4202D0761E26
:20EA2000BE4200D1022584F89E60304635F620FB0146204621F66CF84949002001260A7825
:20EA400069464B4606FA00F7174204D041F8205003E03E46E6E741F82030401C0328F1D3A1
:20EA6000019802990301F401009E2400800040EA011100980143204635F686FBC8E751B14C
:20EA800090F8A01090F8A3004FF00002400905D0022803D003E090F89E10F3E70122274832
:20EAA000006800EB8200D0F88000405670472F4930B4D1F82011002009B130BC08471F4B17
:20EAC000244A01211B6892F9FC205C18247F94420EDC5818C37E007F9B1A101A5BB240B297
:20EAE000984202DC084630BC7047491E48B2FAE7491C49B20729E8DDF5E770B503461C4828
:20EB000000240078012837D012481A4AC07C00074BD502F11400D57849E000008F222000BA
:20EB20001830200068202000F0272000D3302000E02920001804220065FD210080FD2100E3
:20EB40001304220064FD2100E4FB210067FD210010882000F853200064F721000301F401DD
:20EB6000F09E2400EC332200D85220000C29200060202000005A200059FD2100BC1A20007C
:20EB8000214909680A18127F9A420DDC0144CA7E097FD21A591A52B249B2914201DC0446B5
:20EBA00030E0401E44B22DE0401C40B20728E9DD28E09578101D90F900209A4221DB00EBF3
:20EBC000450212F9022C9A4202DD6D1E6CB218E0012214E000EB420696F900609E420DDC57
:20EBE00000EB420010F8024C0078E41A181A64B240B2A04200DD521E54B202E0521CAA4271
:20EC0000E8D30C70204670BD80FD21005A4900200870704770B5054620F4004630461FF645
:20EC2000F1FE040028D0280404D5802084F8A200354602E0082084F8A200D4F8FC00400774
:20EC400004D520465AF654FB012815D0E069C0F3C4000A280301F401E09F240002D1204601
:20EC60004AF649FB20465BF6F7FB20465BF69CFB20465BF61DFB2846BDE8704020F610BEA3
:20EC800070BD70B5044605683E480088000402D52046FEF774F83C480068A04202D11020EA
:20ECA0003BF6EAF92846E5F508F9284606F68AFBE6F564FF010035480ED0E169090406D43D
:20ECC000236810F86D1F01229A40914301702046BDE870402EF6E8B800F15B0000218174F2
:20ECE000F4E770B5044615F67DF8054620465BF6B3FB204620F65DFE70B194F8A300C006AD
:20ED00000AD5E069C0F3C4000A2805D1204636F6B4F920680FF6C8FFE069C0F3C4010829C7
:20ED200003D320F0F8006830E0612046E3F581F8E1691748C1F3C03141F00E01297394F8AF
:20ED4000A110697368601348A86029460301F401D0A024002046E3F5B0F820201EF68BFE3C
:20ED600005000FD022460E4921F68DFC0D48B4F89C1040F27122007850434143284621F6CA
:20ED800039FE2565012070BDB1F8210008212200F0742000E0AE2000D1580A00AB580A00DD
:20EDA000D5570A00733A2000F8B5044640480E46404D00681146C00614D56868007C02280C
:20EDC00010D1606B10F4405F0AD1A06BC20707D1820705D4820403D4420401D4000401D5A9
:20EDE0000D221FE0E069000424D471B1204604F6E5FE0090A8B1216A09B1814203D1D0F8AE
:20EE0000E400400223D523220CE0206A0028FAD132466946204605F64EF80246009808B1BF
:20EE200015E01E2268682B21007BB1EB500F3AD0012139E0204604F6C1FE009078B1216A63
:20EE400029B181420301F401C0A1240003D023222046E0F573FF0099D1F8E400C0F30420B5
:20EE6000072805D010E0206A00900028D4D0F2E7D1F8B820C1F8C420D1F8BC20C1F8C8205B
:20EE8000D1F8C000C1F8CC00B1F8D000400406D56A68D07CC30701D000F0FE00D07420467B
:20EEA000E0F5C2F908210098E0F51EFEF8BD00212046DFF519FEF8BD183020000C29200077
:20EEC0007CB54588466804462B4666F31F434FF063024FF0C701604822F6C2F8272E19D2AB
:20EEE000DFE806F0B61414141E2226192A2A2A3B972E3E4144484C5250575B5F63B6B6B6D7
:20EF0000B6B6677A929A9EA2A9B6B300314601205BF63AF99CE031460120E9F5A8FB97E0FE
:20EF20002846F1F5E3FC93E02846F1F57FFC8FE02846F1F554FC8BE0304646F60301F40133
:20EF4000B0A22400BEFF87E02846FFF773FE280406D525F400406080606820F00D0060605D
:20EF60007AE03DF6A5FA77E006F643F974E001F6A6F871E0284601F6AEF86DE0284601F6DF
:20EF8000B8F869E0284601F6E4F865E0002100E00421284600F60DFF5EE0284601F68FF931
:20EFA0005AE0284601F662F956E0284601F644F952E0284601F6CFF84EE02A480078E7F52D
:20EFC00028F910B1002001F678F8274C20687030811DB6F56DFB2168002081F884003BE0BB
:20EFE00028461FF61FFD10B390F8A310490733D440F65341ADF8001002218DF80210B0F83C
:20F000006410ADF80310194A694629F6CDFA23E038F6CFFE25F64DF91EE024F6B9FE1BE0A3
:20F020002846B6F5D3FD17E00020F1F5A3F813E028461FF60301F401A0A32400F7FC002363
:20F0400001460B2205E028461FF6F0FC002301460C2200204EF619F802E0284600F00CF897
:20F06000BDE87C4021F63AB8020001008A2B200024282000E353090010B51FF6D7FCC169CC
:20F08000CA020FD5C1F3C4010A290BD190F8B5100322B2EBD10F05D1490703D4BDE8104057
:20F0A0004AF6F6B80068BDE8104003F08AB82DE9F8439E4F0026DFF878829E4D0446062937
:20F0C00069D011DC01291BD13878D8B1E069000418D4206820F692F924F6EDFE90B1D8F843
:20F0E0001C0078B10C2126E0092909D10096686800231821007BC0F30002204614F68CFEA0
:20F10000BDE8F88394F8B50040F0010084F8B500A4F8B060A4F8B260206820F66FF910F6C6
:20F12000E3F884F8B400B4F8BC0048B10301F40190A42400B4F8AA10884205D21221204672
:20F14000BDE8F84349F6FFBEE06920F0F8005030E061204610F660FE50B1A08C40F010008A
:20F16000A084E0690004E08C0CD540F010000BE00D21204649F6E7FEE06920F0F80040302D
:20F18000E061C1E720F01000E084204649F6CCFD14F8B50F20F0F80008302070B4E7042233
:20F1A000802116F688F8030004D06868007BC0F3000216E0E069C0F3C40108290CD13978D5
:20F1C000B1B1000414D4206820F61CF924F677FE70B1D8F81C0058B168680C23007BC0F35C
:20F1E000000201B02046BDE8F043172114F65BBE2046BDE8F84349F6F2BD70B504460D46CD
:20F20000006806F6F3F8A08C092120F01000A084206806F61AF9E069000405D594F8B50006
:20F220000321B1EB0301F40180A52400D00F02D8204635F63AFFE06920F0F8004030E06147
:20F2400020680FF649FD4DB194F8B500C00724D0082D22D0222D20D0132D1ED00023B4F87E
:20F2600064101A462846B8F573FB374A92F85C0098B1E169090410D4236801219940084276
:20F280000BD0884382F85C0007D192F87C30B2F90710507A00222DF6E7FA94F8B5000E21C2
:20F2A000C0F3400504F1A80021F60AF9206801F071FB4DB1E06920F0F8006030E061204634
:20F2C000BDE870405BF6EAB92046BDE87040042149F6DCBB10B50446006806F68BF8A08C0D
:20F2E000092120F01000A084206806F6B2F8204635F694FEB4F8B230B4F86410022200205D
:20F30000B8F526FB94F8B50020F0F800183084F8B500B4F8B210206801F06AFB0301F40118
:20F3200070A6240094F8B500800705D52046BDE810400D2149F657B92046BDE8104003219A
:20F3400049F6A8BB3CFA2100882C22000C292000E0AE200055480078010601D50920704709
:20F36000410601D508207047810601D507207047C10601D506207047810701D505207047A2
:20F38000410701D504207047C00701D0032070470220704745480078010601D50920704767
:20F3A000410601D508207047810601D507207047C10601D506207047810701D50520704762
:20F3C000410701D504207047C00701D003207047022070472DE9F04706000ED034480078C4
:20F3E00086420AD830461FF62DFB040002D0E069C00204D4FF20BDE8F0872020FBE7B4F8EE
:20F400006490206D20B121F628FB206D1EF64EFC20465AF60301F40160A724004CF82046F1
:20F4200005F66EFE206806F64CF8E0694FF00008000407D420682149072801D2087001E0E1
:20F4400081F800801E480068012817D1204620F6CBF9012812D100252F46681C1FF6F6FA65
:20F4600028B1A04203D020F6BFF9012806D06D1CEDB2072DF1D30FB905F62BFE4FF4A871C9
:20F48000204621F625F80F493046096801EB860141F8048C1FF6C2FF20F68CF930462AF650
:20F4A00068FE002211463046E4F5B5FE1FF6F8FD4846A4E76E2020006C202000732020003B
:20F4C0000C2820007C2020002DE9F05F21F635F856494FF0000A0D88A1F800A021F631F87D
:20F4E000534E70682844052801D2706043E00522B0FBF2F902FB19007060B9F1000F3AD0CE
:20F5000029F631F90FF673FA4A4890F80301F40150A82400300008B138F68CFEDFF82081E8
:20F52000DFF820B101240120316800FA04F0014222D006EB0402137A03EB0901424B1B6895
:20F540001B070DD5D8F80030184209D08343C8F800309BF8003099420DD95B1C137203E05B
:20F56000302908D93121117231688143204631605BF676F900E01172641C1A2CD3D328462B
:20F58000E8F508F80024574606EB840090F8261049B1818CA94204D820F8247F05F6CEFF49
:20F5A00001E0491B8184641C082CEDD3284635F604FB264CE07C400718D42548007858B106
:20F5C00024490888284480B2088023490968884202D3152015F69BFD204908782844C0B2ED
:20F5E0000870082802D30F70E1F508F9E07C000702D4284635F67EF8284661F60DF81848C6
:20F60000007820B10301F40140A924001748007808B100F08BF92846BDE8F05F24F6BBB8A8
:20F6200010B5134808F08AFE002805D1BDE8104010490F4821F602BA10BD00003C29200062
:20F6400004692000706220001C3020003829200018302000F85320007A2C2000782C2000E1
:20F660007C2C2000B0282000FAF92100702122004869200048E801002DE9F84FFA4C814697
:20F68000A5681FF6EBF907007ED097F8A3006168460901EB0900A24690F8B043DFF8CC8347
:20F6A000012E15D09EB30126DAF80410012201EB0900214680F8B043F0B2BAF543FF002833
:20F6C00062D0F969C1F3C22101295AD8012158E0032C09D00A2C0FD00E2C19D00F2CE3D11A
:20F6E000287898F806101AE0287898F80B108842DAD3E1F56BFB16E0287898F80301F401AD
:20F7000030AA240009108842F7D298F80A108842CED80324CCE70CE0287898F8071088424E
:20F7200029D298F808108842C2D8E1F544FB0446BEE70A2C0AD00E2C0ED00F2CB8D1A878B2
:20F7400098F801108842B3D80E24B1E7687898F805108842F8D2ABE7687898F802108842F2
:20F760000CD369464846E8F585FC98F903009DF9001088429CDC0F249AE709E098F8041052
:20F78000884295D80A2493E7103802788A42FBD8BDE8F88F10B500281DD00168B64AC1EB0E
:20F7A000C10102EB0114703C15D0002134F67EFF616A01446162618C491C618494F9211064
:20F7C000814201DC84F8210094F9201009B1814201DB84F8200010BD10B5A84B0021C1EBE8
:20F7E000011202EB811203EB8202B2F8D040E4040AD592F80301F40120AB2400D7200468AE
:20F80000A24205D101EBC1009F4901EBC00010BD491C0329E7D3002010BD2DE9F041064655
:20F82000FFF7DEFF0546002E3DD030689449C0EBC00001EB0014703C35D0A07E002832D096
:20F84000304604F609FA06002DD000272783A07EC00713D0182104F1200020F649FE6DB1D0
:20F86000B6F8D000400409D52F631421284620F63FFE142105F1140020F63AFEA07E40076E
:20F8800011D504F138001421044620F631FE002D09D0B6F8D000400405D52046BDE8F041B3
:20F8A000142120F625BEBDE8F081017C002909D000218180C180427C22F001024274018117
:20F8C00041814161704710B5FFF78AFF002834D0002303EB830100EB81010C884A8A94425D
:20F8E00000D90A804C88944200D94A800301F40110AC24008C88944200D98A80CC88944288
:20F9000000D9CA800C89944200D90A814C89944200D94A81CC88944200D9CA80CC8894422F
:20F9200000D9CA80CC89944200D9CA818C89944200D98A810C8A944200D90A825B1C022B11
:20F94000CBDB10BD2DE9F047524A9078002835D051490968491CB1FBF0F300FB13100028D1
:20F960002CD15078002829D000273C46914609EB8408D8F80400F0B11FF67CF806001FD0AE
:20F9800030684149C0EBC00001EB0015703D17D0A87E80B17F1C3046FFF799FF3046FDF7E5
:20F9A00066FA2846FFF785FF3046FFF73AFF99F80100B84202D0641C142CD8DBBDE8F0876D
:20F9C0000022C8F8042099F80110491E89F80110F1E770B586B03026DDE90A450190ADF8B2
:20F9E0000810ADF80301F40100AD24000C30ADF80060ADF80A20ADF80E406846049515F62B
:20FA00008DFB06B070BD7CB505460E4690F8A8001FF634F8002836D001681D4AC1EBC101CE
:20FA200002EB0114703C2ED0174A117831432AD0012E37D000251570218811B1A2888A4281
:20FA400004D2A18981B122898A420DD962696189CDE900122389E288A188FFF7BEFFE58043
:20FA6000A580658125816561608820B1E188814201D9E580A580E089002804D061898142B4
:20FA800001D9658125817CBDF8F92100832220009C222200BC6F2000C4212200702122000B
:20FAA000E820200095F89400C0F3C3000228EAD90928E8D0A07C40F04000A074FE49097849
:20FAC0000829E0D140F08000A074DCE710B5817CC288C1F300031A44C28082880301F40157
:20FAE000F0AD2400C1F380031A448280028EC1F340031A4402864269C1F3C0031A4442611E
:20FB00004289C1F380131A444281028902EBD1120281C27CB0F84A30C2F340042344A0F87C
:20FB20004A3022F00202C27421F00801817410BD2DE9F84305460E4690F8A8001FF68AFC68
:20FB400000F0FF0895F8A8001EF69CFF070079D03868DC49C0EBC00001EB0014703C71D05D
:20FB6000208B30B9404618F636FE4FF6FE710840208395F81901012864D1012E0FD0022E47
:20FB800017D0082E57D0102E5CD100208DF8000038686946E8F57EFA012855D06AE0E87B72
:20FBA00018B9A07C20F0E700A074A07C40F0200047E0E87B38B101282CD1C14800780C2893
:20FBC00028D00D2826D0C0480078012810D1A07C002240F00301F401E0AE24000100A0744A
:20FBE00001213846FFF7EAFD95F82101022803D1A07C40F00400A074E87B01280ED1A07CF0
:20FC0000C00605D42046FFF769FFE87B012805D1A17C608EC1F340110844608695F89C00B4
:20FC2000C0F3C300022811D9D5F8A40000280DD03846BDE8F84300220121BFE506E0E87B35
:20FC4000012803D1A07C20F0E700A074BDE8F883E16A9DF900000144E162618D491C6185BE
:20FC600094F9291009B1814201DA84F8290094F9281009B1814201DD84F8280095F89400DC
:20FC8000000603D4E07C40F00200E074E87B0028DCD1A07CC00605D42046FFF71FFFE87BD5
:20FCA0000028D3D1A17C608EC1F3401108446086CCE700EB800201EB820201EB8000D389DE
:20FCC00010F8281F03EBD111D18103780301F401D0AF24009189C3F380131944918103784F
:20FCE0009188C3F38003194491800378D188C3F3C0031944D18003781188C3F3000319441F
:20FD0000118003785188C3F340031944518003781189C3F300131944118103785189C3F3FF
:20FD20004013194451814378518AC3F34003194451824078118AC0F30000084410827047E7
:20FD4000002100EB8102491C12F8283FC9B223F0FF0313705378022923F003035370F0D396
:20FD600070472DE9F0470446806C0F46002590F8A8001EF68FFE5FEA000977D0D9F8000094
:20FD80005449C0EBC00001EB0010A0F17008484603F676FF002869D04846FFF735FD06003D
:20FDA00064D0A06C90F8A8001FF65CFBC0B2B8F1000F09D0B8F8181031B918F614FD4FF63E
:20FDC000FE7108400301F401C0B02400A8F81800306B94F86C10884200DD0125012F0CD0AB
:20FDE000022F35D0DFF8F080082F4FD0102F41D194F82C0002287AD0C3E0E07BA8B9012132
:20FE000020461DF607F8306394F86C10884201DC002500E001253046FFF796FF06EB850086
:20FE200010F8291F41F00201017094F86E00002820D094F8700000281CD194F8300010F0EE
:20FE4000780F17D02A464846BDE8F0470021BDE494F86E0078B194F8700060B994F83000A4
:20FE600010F0780F07D006EB850010F8281F41F0800106E009E006EB850010F8281F41F0E8
:20FE800040010170E07B01287ED0ABE5E07B012815D1012120461CF6BDFF306394F86C10F3
:20FEA000884201DC002500E001253046FFF74CFF06EB850010F8291F41F002010301F401C6
:20FEC000B0B12400017094F82C000228E1D098F800000C28DDD106EB850010F8281F06E07C
:20FEE000B22820009C222200F8F9210003E041F0040101707AE598F800000C2826D094F8E7
:20FF0000280094F83020C0F30201C2F3020291421CD110F0780F06D106EB850010F8281F8B
:20FF200041F00801017094F82900C00706EB850010F8281F07D041F00201017094F82C00A1
:20FF4000022803D021E041F00101F6E794F8280094F83020C0F30201C2F30202914214D1DC
:20FF600094F85910C0F3C30088420ED194F82D00022806EB850010F8281F03D041F01001B0
:20FF800002E005E041F020010170E07B0028B1D131462846BDE8F04797E654211A481DF6AA
:20FFA0004FBC012805D1042905D00A2903D00E2901D000200301F401A0B2240070470120C0
:20FFC0007047134A10B55178002920D011498B78002B1CD04978002919D0002190F8A800CE
:20FFE0000B4602EB81046468844206D102EB810043605078401E507002E0491C1429F0D397
:02000004FF02F9
:200000005078002803D1044893701370037010BD70212200F8F9210045FA210070B5054675
:200020000224D0F8CC008426B0B1401C06D02846E8F569F9D5F8CC10B0FBF1F4D5F8D40042
:2000400018B140F27121B0FBF1F6B44200D93446842C03D9842404E08424EFE7022C00D2A2
:200060000224641C4FF6FE700440A5F8DC402846BDE87040E8F530B9D0E700002DE9FF5F76
:2000800004460D461646007D1EF610FD81462078804FC0F3C300804A4FF0020B012812D9FB
:2000A000411F02290FD909280DD0D07C0301F40190B32400000727D5204629F665F918B362
:2000C00004B031462046BDE8F05F29F6D2B96178A37DC1F34001994203D1617A21F0010166
:2000E00061720321012802D884F805B009E0401F022802D8617104207EE0D07C0007DFD42F
:2001000061713970BDE8FF9F2046F9F545FE0028F8D16078A17DC0F340004FF001084FF029
:20012000080A88422BD0F5B195F83900D8B195F83A00C0B9286A696A50EA010208D17203C3
:2001400006D4607A20F00100607284F8058046E0084308D1700306D5217D08FA01F0514944
:200160000A681043086004206071607A4E4940F001006072888E00F101008886C2E77003B7
:2001800007D525B195F8390008B1002E07DB700228D5F5B195F83900D8B1700319D57002E7
:2001A00017D4002E0301F40180B4240015DA15F83B0F401CC0B2287003280AD00DD9207DA1
:2001C0001EF67CFC04B00146BDE8F05F222015F617B8217D1F20F0F507F884F80580607AEC
:2001E00020F00100607287F800A08FE716F4601F08D084F80580607A20F00100607209203F
:20020000387083E7039850B9607D012807D12078C0F3C300032802D0E7F535FD48B13146C1
:200220002046E7F519FD2078C0F3C300032808D00AE084F80580607A20F0010060720A2083
:20024000DEE737F6CEFDC0B11A480078D8B1D9F81C00C0F3C400082815D22078C0F3C30084
:20026000012810D9608841F6F87108420BD0810709D0C0F30100032805D084F80580607ACF
:2002800020F0010004E084F805B0607A40F0010060720520387004B02046BDE80301F401D6
:2002A00070B52400F05FF9F572BD0000B2282000F853200018FA21005CB12000DD272000A0
:2002C00070B52B4A0D46FF211170E3F599FD04462848057020461CF603FB20F6E3F820F676
:2002E00068F90546E17BA07B17F63AFD284620F664F920F65EF905468720A07494F89C001B
:2003000040F0070084F89C00002084F80C011A4801781A4809B11A4900E01A490161206066
:20032000E07B012806D1002120461DF67CF84FF48050A066284620F640F920461CF603F80B
:20034000BDE870401FF616BF10B5E3F585FC0E480078002803D0BDE8104017F68ABB10BD63
:20036000AFF21B010548C1610649016170470000353B2000343B2000A23B2000383B20003A
:20038000D9ED020089451000B1F821002DE9F0410546846C0301F40160B624001CF65CFCCE
:2003A000012808D1012128461CF64CFD002802DB28461CF664FF688C022846D1A07B18F60A
:2003C0004FFAE16E18F6CAF90146B4F80201002648B1884207D228461CF6CFFD18B9284671
:2003E0001BF6AEFF70B1D4F8A4000127B0B194F8A100002829D194F89C00C0F3C30003280D
:2004000032D037E0A4F8026128461CF6C4FA94F8A810BDE8F0410D20EFF5EEBE2149D4F879
:20042000F4000968084210D095F85C0078B14FF0FF3104F19400E1F5E2F9D4F8A4000028DA
:2004400003D084F8A17085F85E70BDE8F0816FF0020104F19400E1F5D2F9D4F8A4000028B7
:20046000F3D084F8A170F0E7B4F89E00C0F301000328F6D0C4F8A46004F1A204677026709E
:20048000A079BDE8F041E1F582BE10B50301F40150B724000748064C2C2204600649204666
:2004A00053F62EFDAFF20B10606210BDE02B2000C02B2200F42C2000A80C0D0070B50446D5
:2004C000856A807B18F6D0F9E96E18F64BF90646E08E94F8431009B1618F484300EB800178
:2004E000B5F802218900B1EB520F00D951088E420CD900EB8000B1EB400F07D9A06AC17B43
:20050000012903D190F8A80028F65FFAB5F8020148B1B04207D220461CF633FD18B92046E3
:200520001BF612FF08B1002070BD0020A5F8020120461CF634FA95F8A8100D20EFF560FE79
:20054000F748C07C18B10021502016F6DAFB012070BD2DE9F84F05460C4616469846184605
:200560001EF6B8FA834620F62CF84FF0010909FA08F7DFF8B0834FF0000A0090012E06D07F
:20058000042E04D00301F40140B82400022E5BD0032E7DD0B2E0288CB4F85810884204D16E
:2005A000688CB4F85A1088420CD085F82590C4F868A0688CB4F85A10884203D0002158462F
:2005C000FCF769FC009820F604F8E06D20F691FA1FF6FBFF814628461CF655FB18BB03E0CF
:2005E00084F84D6048468AE028461CF646FD18B928461CF63FFB98B195F825000028EFD0AA
:2006000084F84D60B4F858002884B4F85A006884B4F85800A886B4F85A00E88648468EE06D
:2006200028461CF623FD95F825000028D8D0B4F858002884B4F85A006884B4F85800A886C4
:20064000B4F85A00E886CBE794F84D00032801D0022853D1288CB4F85410884204D1688CFA
:20066000B4F8561088420CD085F82590C4F868A0688CB4F85610884203D001210301F4010E
:2006800030B924005846FCF70AFC94F84D00032820D1B4F8520000E06AE0002800981ED0EB
:2006A0001FF69BFFB4F852104FF47A704143E06D20F608FA1FF68DFF1FF68FFFBBF85C0014
:2006C00040F2712148434108206E20F6FBF91FF680FF009028461CF6DAFA98BB17E01FF613
:2006E0007CFFE06D9449E3E7B4F854002884B4F856006884B4F85400A886B4F856008BE056
:2007000084F84D600098BDE8F84F1FF666BF28461CF6B7FC18B928461CF6B0FAF0B195F896
:2007200025000028ECD084F84D60B4F854002884B4F856006884B4F85400A886B4F85600BD
:20074000E88655E00FE01FF648FFD8F80000074228464FD0BDE8F84F1CF69DBD28461CF62D
:2007600089FC0028CCD095F825000028C8D0BBE71FF633FF0301F40120BA2400E06D20F67B
:20078000C0F9206E20F6BDF91FF627FF0090288CB4F85810884204D1688CB4F85A10884240
:2007A0000CD085F82590C4F868A0688CB4F85A10884203D000215846FCF775FB95F82500EC
:2007C0000028A1D028461CF666FAF0B928461CF65CFC18B928461CF655FA98B1B4F8580032
:2007E0002884B4F85A006884B4F85800A886B4F85A00E88684F84D600098A8E7BDE8F84F79
:200800001CF6F8BC28461CF639FCB4F858002884B4F85A006884B4F85800A886B4F85A0083
:20082000E88671E770B5064629F6BDFB05464549C6EBC60001EB001443492868703C096821
:2008400088421CD11FF6C9FE94F84C10C1B11FF6C8FE206E8168490701D520F652F994F846
:200860006D0000280BD1012084F86D000301F40110BB24003346042221462846FFF779FE34
:20088000002084F86D0070BDBDE870401FF6ADBE2DE9F04180461EF62DF90746404629F614
:2008A00086FB05462949C8EBC80001EB001428492868703C096888422CD11FF692FE94F869
:2008C0004C10A1B11FF691FEB7F85C0040F2712148434108206E20F6FDF894F84D00012888
:2008E00009D00126042813D0022815D018E0BDE8F0411FF67ABEE06D816849070AD4B4F8AF
:200900005010BDE8F0414FF47A72514320F6E2B884F84D60BDE8F08102213846FCF7C7FA9A
:2009200094F86D000028F5D184F86D604346022221462846FFF71DFE002084F86D00E9E71B
:20094000C05F2000E02B2000D01213009C2222005428200070B5064629F629FB0546F9497B
:20096000C6EBC6000301F40100BC240001EB0014F7492868703C096888421CD11FF635FE3B
:2009800094F84C10C1B11FF634FE206E8168490701D520F6BEF894F86D0000280BD101202F
:2009A00084F86D000246334621462846FFF7E5FD002084F86D0070BDBDE870401FF619BE69
:2009C00070B5064629F6F7FA0546E049C6EBC60001EB0014DE492868703C096888422ED10E
:2009E0001FF603FE94F84C1059B11FF602FEE06D8168490701D520F68CF8B4F8520020B115
:200A000007E0BDE870401FF6F4BD94F84D00022816D0206E8168490701D520F67AF894F83A
:200A20006D0000280BD1012084F86D003346032221462846FFF7A1FD002084F86D0070BDFE
:200A4000206E80684007EAD5E06DBDE87040C14920F644B870B5BD49C0EBC0000301F401CD
:200A6000F0BC240001EB0014703C1FF6C2FDE16D002551B11FF6C1FDE06D20F64EF8E06DE8
:200A80001DF674F91FF6B5FDE565216E51B11FF6B4FD206E20F641F8206E1DF667F91FF67B
:200AA000A8FD256694F84C1011B104F84C5F6570BDE870401FF6A1BD70B50D46A549C0EB07
:200AC000C00001EB0014703C1FF693FD002184F84C1084F84D10A4F85A50BDE870401FF683
:200AE0008CBD2DE9FF470126DFF8689280460027304629F664FAC6EBC60109EB01150400F3
:200B0000A5F1700541D020461BF698FDE8B3A17B41453AD194F824008DF80900208CADF8D6
:200B20000000608CADF8020068460DF69AFC2084A08EADF80000E08EADF8020068460DF69E
:200B400090FCA08694F8430048B1208FADF80000608FADF80301F401E0BD240002006846C9
:200B60000DF683FC208795F84C0080B1B5F85400ADF80000B5F85600ADF8020068460DF641
:200B800074FCA5F85400A08EA5F85800AF6684F82470761C152EAFD3BDE8FF8770B50446BB
:200BA000806A6E49022690F8A800E28EC0EBC00001EB0015703D94F82410A08E33460FF647
:200BC0005CFAA08694F8430038B1628F94F82410208F33460FF651FA208795F84C0068B11F
:200BE000B5F8562094F82410B5F8540033460FF644FAA5F85400A08EA5F85800628C94F8C7
:200C00002410208C33460FF638FA208404F8246F012060700020A86670BD2DE9F041044634
:200C2000806A0F464D4990F8A800C0EBC00001EB0016703E204611F66AFE0620207520687C
:200C4000416831B120468847207D06280301F401D0BE240001D00D2811D101216175E26933
:200C60007266B16604F11C05F869022117F630FA2860391D201DBDE8F04105F604BE59E6C7
:200C80002DE9F04115461C460646884617F68AFD07462946304617F685FD064641462846A0
:200CA00017F680FDA04207D2B7FBF4F0B6FBF4F1884201D001203DE600203BE62DE9F0415C
:200CC0002B4805F6EEFD00287CD1DFF8A8E0254E294CDEF80010886A90F8A800C0EBC0008C
:200CE00006EB0017703F2760DEF80420906A90F8A800C0EBC00006EB0015703D6560DEF8D9
:200D00000800836A93F8A830C3EBC30306EB031CACF1700CC4F808C097F84C30012B2DD026
:200D2000CB8E95F84C60012E2BD0D68E9CF84C50012D29D0C58EB34244D1AE4242D11C318F
:200D40001C321C300301F401C0BF2400E160C4E904207646126809680068FFF795FFD0B131
:200D60003168B068BDE8F0415FE700009C22220054282000D01213003C202000F82B220074
:200D80001CFA2100B7F85A30CFE7B5F85A60D1E7BCF85A50D3E76068806E012816D12069A7
:200DA00001686069006817F601FDA8420ED960682169406E0860616800208866706811F69F
:200DC000AEFD7068BDE8F04111F60FB9B6E52DE9F05F804601689348002634460068B346E0
:200DE00081425CD1D8F82800DFF83CA290F8A800C0EBC0010AEB0117703F8C4805F655FDDD
:200E00000028EED18948056839E0281F81461BF6D4FC102832D1D9F82810484691F8A81092
:200E2000C1EBC1020AEB021197F84C20703912B1B7F85A2001E0B8F8362091F80301F40142
:200E4000B0C024004C3013B1B1F85A3000E0C38E9A4217D1032C09D0744A03681268934216
:200E600010D191F84D10022903D006E00020BDE8F09F714941F82600761C6F490C3141F89A
:200E80002400641C2D686B488542C2D1032C01D14FF0010B97F84D000228A6D1674C022E60
:200EA00002D0032E55D0B7E0634E3168886A90F8A800C0EBC0000AEB0012703A2260706891
:200EC000856A95F8A850C5EBC5050AEB0513703B6360B2F85620B3F856309A4238D11C3126
:200EE0001C30C4E903100968006817F663FC04282ED9E06801682069006817F65BFC61689F
:200F0000B1F85A10B0FBF1F041432069006817F651FC0546E0680168A94212D2284617F61D
:200F200049FC042806D820690560706811F6FBFC70686FE00301F401A0C124006068B0F889
:200F40005A10284617F63AFC0546E0682946006817F634FC0428EAD962E0394F3B68986A71
:200F600090F8A800C0EBC0000AEB0015703D25607868806A90F8A800C0EBC0000AEB00162A
:200F8000703E6660BA68906A90F8A800C0EBC0000AEB00107038A060B5F85610B6F8565012
:200FA000A9423DD1B0F85600854239D11C331C32E36062611968106817F600FC04282FD990
:200FC000E06801686069006817F6F8FBA168B1F85A10B0FBF1F041436069006817F6EEFBDC
:200FE0000546E0680168A9420BD2284617F6E6FB04280DD9A068B0F85A10284617F6DEFB51
:201000000546E0682946006817F6D8FB042807D860690560B86811F68AFCB86810F6EDFF8E
:20102000584628E70648034918302C220301F40190C224000860064952F692BF5428200078
:201040009C2222003C202000EC2B22001CFA210010040D0010B5044606F612FE10B1204661
:201060001BF676FC94F85800002803D0BDE810400DF6AEBE10BD10B5044606F601FE0028AB
:2010800004D02046BDE810401BF6B9BC10BD00002DE9F0478246044601211BF607FFFE49EF
:2010A00005460026086094F8750060B194F86C00A8426FDC94F86D00A84202DD20461BF6DF
:2010C00003FB84F87560DFF8D483F54F002D7BDB20461BF6E1FF48B916F632F9A17B884257
:2010E00004D094F86D00C01EA84213DD94F86D00A8420FDD20461BF6CFFF20B9E07B10B95A
:2011000094F8760030B194F86C00A8420BDAA08920B108E020461CF6E6F855E029462046E3
:201120002DF675FE0301F40180C3240050B194F86C0001264FF00B09A84216D1E07B4A25AB
:2011400030B10BE084F8786020462DF6C7FAE5E7E4F5DDFD10B194F87B0018B1A57484F880
:20116000786032E084F81290F9E794F8341094F82E2011440A18AA4240D1E07B012807D10D
:20118000E4F5C5FD10B194F87B0040B11920A07484F87860608C06280BD011E035E0C34854
:2011A00084F812900178891E06FA01F084F87B00EEE794F86C00012802D1BD4902200870A0
:2011C00098F8300020B1386810B120462DF686FA1BF67AFD012818D198F83000002814D0AE
:2011E000B4480078002810D150462DF66FFDB24938600860BDE8F04722F657BA00EB410021
:20120000A842E5D184F87860DAE7BDE8F0872DE9F0410446856C90F8760000280301F4015C
:2012200070C424007ED104F12C04A649207C0860A549607C086014F82C0904F1280618B988
:2012400031462046E6F576FC95F8A80031463AF615FF022120461BF631FE07469B4800215A
:2012600084F85F10007B0126D0B194F82C0002281ED014F86E0F60F30001607860F3410146
:20128000A07860F38201E078A4F16E0460F3C3018F48007860F307114FF01A0015F669FD66
:2012A00094F82C00022803D0E07B00286CD071E094F8280094F83010C0F30200C1F302017D
:2012C00088421ED1394620462EF642FB94F82C0002285FD194F85C0028BB95F8A80028F6DF
:2012E0008EFE80461BF6CAF920B140461BF6FFFC18B14FE084F85C604CE040461CF68EF8EB
:20130000F8E795F89C10C1F30201884239D1204601F084F90301F40160C5240018B9A87B20
:2013200017F6DEFAE8662946204601E09DE035E01CF616F948B1A16AC5F89410E06AC5F8A5
:2013400098002868016A28461DE095F8A80028F65AFE80461BF696F9B8B140461BF645FA3F
:20136000102812D1414620461CF6FAF868B1A16AC5F89410E06AC5F8980088F82560D8F868
:201380000000016A4046884708E016F6B6FB05E094F87B0040F0010184F87B1094F87B00BC
:2013A0000028E07B06D0B0B9A07C0B2803D11921A17400E078B994F83000C0F3C30001288D
:2013C00003D994F82900C00703D094F82C00022801D04A21A17494F86C00B8420CDD94F848
:2013E0007B0048B9E07B012806D134480178891E06FA01F084F87B0094F82E0001280AD9CC
:2014000094F86C00B84206DD16F6B6FB0301F40150C6240018B994F82E00401EA08195F870
:20142000A800C0EB00112F48006800EBC10010F8771C51B12C49097839B900F8766C95F8D1
:20144000A8000021401E01F6D5FC2848007810B1204601F037FD26480078002809D0254815
:201460000078002805D02046BDE8F0410821FEF7D8BCBDE8F0812DE9F843002504460F46DE
:20148000012901D184F82F5036F6DEFCDFF84C80B0B319480126C0F8AC62E07BB8427DD059
:2014A00084F87D50012120461BF610FD054694F87000124FC0BB2FE050FA210070622000AE
:2014C000EC2C2000E22C2000E02C2000AC202000D4202000C0282000C4282000C05F200027
:2014E000B2282000E0292000D429200018212000FAF921007021220000903100CC8A310044
:20150000FFE798F80301F40140C72400160018B11F21322015F639FCBDE8F84316F6F5BAE5
:2015200094F86D0094F83410401B401C88420DDA14F8300F20F078002070607820F07C00B3
:201540006070A4F13004208E386058E094F8730010B1204648F6A1FA206D40F6E2FF68B3B6
:2015600004F130046FF0020294F82910207861F3C6002070617B7A48084494F8281002EB3D
:201580004101415C607861F386006070A4F13004208E386094F83400A0F10100A08184F8EC
:2015A0006E6000E07DE094F87800012802D084F87D6024E0022084F87D0020E094F86C10A1
:2015C0006848A94228DB94F834100129016821F003011ED0891C016094F83400401EA081C2
:2015E00014F8300F20F078002070607820F07C006070A4F13004208E386084F80301F401D0
:2016000030C82400706094F86F0078B194F83100C0070BD084F871600BE0491C0160E3E793
:20162000016821F00301491C016085E794F8710048B194F8700030B120461BF668FB10B18C
:2016400020461BF668FE4A48407A38B1208EADF8000094F83D000099E6F5B8FD2046F8F5E0
:20166000CAFB98F80C00A8B1208EC0F3C60114F86E0F60F3C711607860F30821A07860F315
:201680004921E078A4F16E0460F38A214FF0170015F67FFB37480078B8B137480078A0B100
:2016A00001212046FEF7C5FB0FE094F87600002818D194F8730010B1204648F6D8F984F83A
:2016C0002C5084F82D5036F659FB94F83000C0F3C300022806D929480168002902D041685C
:2016E000491C4160BDE8F88310B504462EF65BF8204909780301F40120C92400002909D04C
:201700001F490878002805D02046BDE810401021FEF793BB10BD10B504462EF6FFFA1749BC
:201720000978002909D016490878002805D02046BDE810400221FEF780BB10BD10B51348AF
:20174000114C2C2204601249204652F625FCAFF211502062AFF28F606062AFF2CD20E060AC
:20176000AFF27300A061AFF25100E06110BD000034FA2100088A3100F85F2000FAF92100B7
:201780007021220014212200302C2200E82C2000740C0D0070B5FC4CFC4D20461AF682FF53
:2017A000002812D0687801280FD100206870688024F8220FA0752076617DA4F12204FD299F
:2017C00002D0012184F83910287070BD2DE9FC41ED4CEE4DEE4E94F83700FE2828D06946F8
:2017E00016F627FE94F83B00002800980301F40110CA240003D0022116F6CFFB009000F0EE
:201800000300009094F83A00002700286CD084F8387094F93A00002850DD781E20846846BC
:2018200017F60CF8218C48432084009802285AD354D003284DD054E0D848016821F07041E1
:201840000091C168C1F3080101914FF40071C160D14B4FF0000203F198036946104616F6AD
:201860000AFC0098C6F8C0000198CB4B0022C6F8C400A0336946104616F6FDFB00988007FE
:20188000009805D540F00300012116F686FB01E020F0030094F83A10400809B936F6A1FC57
:2018A000009800F003000090684616F6C7FFA0F2E2404042694616F6C9FF97E7684616F69C
:2018C000BDFFA0F2E24040422084009801284DD803D101989C2849D803E010B901989C2831
:2018E00044D384F80301F40100CB24003A7041E094F83B10012011B194F8391041B196F893
:201900003010B9B1A849009A3AB1032A0AD021E00099E1B103291AD01CE00978019A8A427A
:2019200015D917E00978019AA1F2371149428A420DD20FE0009911B1032904D00AE00199C7
:20194000022904D906E00199B1F59A7F02D984F8380001E084F8387000988007684606D504
:2019600016F670FFA0F2E2404042404201E016F669FF20848D4E307848B1B4F92000B188B9
:20198000884202DC4942884201DAFFF70BFF208C50B120461BF67FFB30B1307808B16878AF
:2019A00028B920461AF6A3FD307800281CD06878012819D194F83800002815D12869A8B1C5
:2019C000B4F92000B5F90410884204DD96F90110E868084405E005DA96F901100301F40134
:2019E000F0CB2400E868A0EB0100E860208CA880BDE8FC8116F66AFFA96816F60BFF2861C9
:201A0000B4F92000B5F90410EDE72DE9F04F89B00446644D16F65AFF86B2A18C304616F68E
:201A2000BAFF65490988884277D31BF686FBDFF884914FF0000830B194F83700FD2807D035
:201A4000FE2839D06AE0B4F92060A4F82080C6E0E18C304616F69FFF58490978884202D3B0
:201A600084F83680E684564994F936000978884264DA544A92F9002090425FDD524B091AC8
:201A80001B78994200DD19464EB2111A4F4A92F90020914200DA11464AB2B4F92010B1425D
:201AA00004DC914201DA164600E00E46891B2184304484F836005BE0B4F92000642802DA29
:201AC00010F1640F2ADC42480068000726D52BF69AF818B30301F401E0CC24002BF678F8C0
:201AE00000B3B4F92000002801DC00F2E24007A916F6B8FE07A816F6ADFE2721ADF8081070
:201B000040F27122B0FBF2F102FB1100ADF80C008DF80B1002A813F689FBA4F8208000267A
:201B200027E00FE099F800004F4670B115F634FC58B920461BF6DCFA38B916F66CF920B19C
:201B40002E20A07409B0BDE8F08F2449B4F920000E78B04205DC224991F90060B04200DB91
:201B60000646397829B1698819B9E88016F6B2FEA860208C801B2084208C98B399F800002C
:201B800010B16888401C68804546A4F8228016F6A1FEA084002ED5D01BF6D3FAF0B3002E36
:201BA00076DDCDE900567BE014622000882C220070622000C8833100852820003CFA21006D
:201BC0008628200082282000802820000301F401D0CD2400812820007E2820007F28200095
:201BE0007C2220007C2820007D282000FFE799F800004FF0010AA0B3E869C0B1DFF818B425
:201C00000127E9690AFA07F0014206D038461DF632FFBBF80010A0F800117F1C082FF0D373
:201C2000152000E023E0FD49C870C5F81C8085F801A016F653FE6861C5F81880AE806888FE
:201C4000414678B1B5F90610002900DC404206EB8000401AE86016F641FEA96816F6E2FD2F
:201C6000286101E02961E96084F838A090E7002E04DD6946304616F6F9FD15E002A97042D4
:201C800016F6F4FD0022009502AB69461046019516F642FB08E0FFE76FF070400090002072
:201CA00016F6D4F930440190684616F6ACFA68461AF6A4FC002016F60FFC99F80000002898
:201CC0003FF444AF0301F401C0CE2400A57441E72DE9F05F044690F83700D34E4FF000091B
:201CE000FE281AD1D1480068800514D51BF61CF8012810D1FFF782FDE069401CE0611BF649
:201D000028FA40B9208C30B1E0690A2803D32E20A074C4F81C9036F62DFD94F837004FF0A8
:201D2000010AFD281ED11AF6FFFF01281AD10025DFF8FCB2D046E3F5E9FF6F1C08FA07F25C
:201D400010420CD004EB4500018D491C89B20185BBF80000814202D9681C22F6EDF9FDB2EB
:201D6000072DE8D31AF6E0FF012879D094F8390038B194F83A0020B994F8380008B122F631
:201D8000ECFBDFF8B08298F80000C0B394F8380010B194F83A0048B334F6B9F810F0FE0F22
:201DA00021D07078F8B9012534F6B1F80AFA05F7384210D0F06938420DD128460301F4012E
:201DC000B0CF24001DF65FFEB8F80210A0F8001129462620EEF57CFAF0693843F0616D1CC9
:201DE000082DE5D3F06910B190492B20C87098F8000040B17078B8B9204622F668F948B9C6
:201E000098F8000080B920461BF67EF960B1A07C2E2809D1208C50B12046FFF706FE98F811
:201E2000000008B984F81290208C00281CD194F83900002818D120461AF689FF002813D023
:201E400094F83700FE280AD098F8000010B17078002809D02046BDE8F05F1AF608BE784994
:201E6000C1F8009084F81290BDE8F09F2DE9F041804672486E4D0078A8B1E86998B10124B5
:201E8000694F2646E86906FA04F1084205D020461DF6F9FD3988A0F80011641C082CF1D368
:201EA00062491520C8703C2140461EF6BDFBBDE8F04120210301F401A0D024005E481BF600
:201EC00043BD10B55C4C614820342C2204606049204652F681F8AFF2F7106062AFF26B00A0
:201EE000A06010BD70B55C495A4C097800291CD008300122618C824058481143618490F8A4
:201F000030002E2590B15649B4F920000978884205DC4042884202DC94F83A000BE0204624
:201F200022F6D9F8002800D0A57470BD454800780028FAD1208C0028F1D170BD2DE9F04178
:201F4000444C01228240618C04EB4000114361840026C6844148384D2E2790F8300058B123
:201F60003F49B4F92000097888420ADC4042884207DC94F83A0003E03248007830B9208C7C
:201F800020B1204622F6A7F800B1A774687801280BD1E3F5C3FE074633F6C1FF00F0FE00E5
:201FA0004740608C874300D12E70BDE80301F40190D12400F0812DE9F04722F62DF800282F
:201FC0007BD1E3F5AFFE0646E2F5A1FE054608244FF00108254F07E0204628F668F910B1AE
:201FE00008FA04F08543641C387808308442F3D31B480078F8B10027DFF87490DFF874A0BE
:2020000011E0384618F60AF804000BD01AF66EFB40B1E07B30B9606DB0F8CE10B9F80000B0
:2020200081424AD87F1C9AF800008742E9D31AF66FF9064320E023E08C292000982920008F
:20204000882C2200D4833100882820003CFA2100EC2A2000902820003C040D00146220000A
:20206000842820007062200085282000DD2220008E2820001D3120001AF647F9054302E0F8
:202080001AF646F9C8B9C6B1BDB1BC480078D0B933F649FF10F0FE0F15D001244546B84E6D
:2020A00033F641FF0301F40180D2240005FA04F1084209D0204633F63DFFC08E3188884295
:2020C00002D90020BDE8F087641C082CECD30120F8E72DE9F84FAD4CDFF8B4824FF00009CB
:2020E00094F837000090A748007830B920461AF601FB10B120461AF61EFDA6484FF0000B41
:2021000090F8300008B1FE200AE022F693F9002824D1A149086930B12084FD20C1F810B00F
:2021200084F8370055E0FFF74AFF20B1FF264FF6FF77082543E09348007800280ED02046B8
:202140001AF6D8FA10B120461AF6F5FCA8F802B088F801B084F837B088F800B0BDE8F88F33
:20216000E3F5E1FD0146012000FA05FA11EA0A0F03D0284628F69FF850B188480078E8B15C
:20218000E81F18F6FEF9C8B14FF001092E461BE033F6CDFE10EA0A0F0AD028460301F401BA
:2021A00070D3240033F6CAFEC08EB8420AD24FF001092E46074605E0A7F57F40FF3801D150
:2021C00081462E466D1C7848007808308542CBD3FF2E3FD0F61F84F837600121E174192052
:2021E000207484F812B084F80FB084F80EB084F838B084F83AB094F837006C4D5E46FD2889
:2022000032D084F83910FE282ED0FD282CD05F4F3978C1B10099884210D020461AF66EFAC0
:2022200010B120461AF68BFCA8F8026088F8016084F83B9088F80060387820B120461AF6DF
:202240005DFA00288ED120462968BDE8F84F03221AF647BB5648807D002883D0BDE8F84F84
:202260001321322014F6C5BD20462968BDE8F84F03221AF65BBB2DE9F0434448454E464C24
:20228000007887B0002863D06078012860D1304621F62DFF0301F40160D4240000285BD0A5
:2022A000A5696FF001094D4501DD022D40DBE3F545FD074633F643FE00F0FE004FF00008E7
:2022C000874207D02078002846D1A6F822800120207001E084F80080022D04DB0220CDE9D3
:2022E0000080AD1E0AE04D4508DC6FF070400090FE2015F6C7FE801EAD1C0190A6F822806E
:20230000684615F69CFF68461AF694F904AA02A9002016F692F8A069002805DA039A0599C4
:20232000511A01F00F014518002016F6F1F8A56116F6F0FA0546E06888B12846616916F6B3
:202340008DFAE1684143206991FBF0F0002803D0A1690844C4E9055007B0BDE8F08365614C
:20236000FAE770B50E4D01248440E96921420ED01DF69DFB11490988A0F80011E869A0430D
:20238000E861002802D10E491520C8700301F40150D5240070BDE869F7E700003CFA210040
:2023A0008C28200014622000882C220070622000E0AE200084282000DD222000902820007A
:2023C000C05F20008C292000982920002DE9FF47002704463E461AF6AFFE002871D015F686
:2023E0003EFD00286DD194F83600022869D0594890F8300038B15848007820B935F6BEFEFD
:20240000B0F51C7F5DD994F8360058B9012004F8360FE072A078A4F1360455F6EFF955F65A
:2024200016FA0126A07B02A916F60CF902984B4D10F0030006D0012807D002280ED0032850
:2024400017D102E0012102980DE028680399401D814206D20299CDE900100AE00298401CA4
:2024600003E00221029815F6C8FD00902868401D0190A07B02AB0246694615F66DFF6846FA
:2024800016F60CFA0301F40140D62400DFF8D88041466EB18B78CA7898F80B101A440A4486
:2024A00082420ED2801A1944B0FBF1F0401C07E08A7898F80B101144814202D8B0FBF1F087
:2024C000C7B200254FF002092AE03EE094F8380004F12C0139F6E4FE801CC0B240F0800136
:2024E00022484CF61DF946B198F8021098F803000844BAF528F8002603E098F80200BAF589
:2025000022F820463AF613F894F838004E2805D984F83690204604F605FE03E06D1CEDB238
:20252000BD42D3D394F84000401CC0B284F840004E280AD994F83600012806D184F8369043
:20254000204604F6EFFD3AF6E0F8BDE8FF87094907482C220860084951F656BD7062200008
:20256000AC202000483320000622200004016000D42C2200243A200018130D000301F40156
:2025800030D724002DE9F04704462D48016811B18847002844D12B4E3068002840D094F8F8
:2025A0007C00294FDFF8A4804FF0000905283FD027480468001F056835F628FBC5F3C30078
:2025C00069031BD5610319D522490C4216D103280AD0042808D00A2809D00B2807D00E2859
:2025E00005D00F2803D009E0C4F3441004E0C4F34C10F02800D3F0203168C8803068D8F8CD
:20260000082041460260B8F80C208280C088002898F8170006D040F00200C87503203870A4
:20262000BDE8F08720F00200C87587F80090F7E798F8171021F0020188F81710F5E70000F4
:20264000683A2000643A2000613A200034AC20002C8B31001100400070B505460E4600241E
:2026600090F8A8001DF643FA002807D0FE490968C90404D50301F40120D82400807E012841
:2026800000D8002070BD0068D0B1018A8268C1EB1241002901DD022400E00124006810B15D
:2026A000641CE4B2FAE7E87B012802D0012C06D006E0012E04D11CB1641EE4B200E00024EF
:2026C000204670BD01460020C97B012908D14FF4CA010A6FD20703D0096EC90700D001204E
:2026E00070474FF4CA00416EE2484160C1F30330C1F3006118B10E2801D8012901D00020AD
:20270000704701207047DC48006820B1DB49097809B1406A004700207047D948007810B14C
:20272000D84800787047D3484068C0F303307047002100280CDAC0F1000040B2A0F10A007D
:202740004FF0050190FBF1F0C1B20F2900D90F21CD4A01F00F01506820F4F00040EAC14015
:2027600050607047027C0021012A0CD10301F40110D92400C27B52B9C64AD0F8F4001268B7
:20278000104204D0C44A1268104200D00121084670472DE9F0410027C04E0446012A02D07F
:2027A000022A05D049E0102947D1BD48306044E0B74D142906D0012911D0102917D0162964
:2027C00034D03AE0B7480068800536D5B648007898B3286820F47C1040F4B01005E0807C1E
:2027E00061282AD3286840F48000286025E0A06A18B350203060AD480088411E08421CD09B
:202800002868C0F3C050C0B9E08E3F21B1EB500F13D916F693F8A16916F634F83168891E1E
:2028200088420AD3286840F40000DEE744B190F9C2017F2804D020F670FA3846BDE8F08198
:202840000020F8E738B5054699480C4600EB440069460088009028462BF622FB00990429A6
:202860002AD08B4A0301F40100DA2400012C02D0022C03D006E0A87C612803D3106840F47D
:20288000800002E0106820F4800010608B48007840B1012C06D1A87C3F2803D3106840F40D
:2028A00080001060106801F03F0120F0706020F47C1040EA01408249106008605068486091
:2028C00038BD2DE9F8430446734D0020009028687F27C0F30540884605286AD094B194F9C3
:2028E0000B6194F8A8001CF689F918B1002131F6A9FF0746304620F614FA224631463846A7
:2029000020F68BFA6C4901EB480069460088009020462BF6C9FA0098042845D1A07C6128A3
:2029200003D3286840F48000286020462BF6D4FA06462046FFF71EFFF8B194F8A8001DF6EB
:20294000E2F80746286840F08050286016B940F0005028608FB1386878B1A07B0301F40144
:20296000F0DA240016F618F83968C96821F0704115F690FF55498A68904203D3087803E084
:20298000064603E0524800788642F9D30F2E00D90F26286806F00F0120F0706040EA016016
:2029A000009920F47C1001F03F0140EA0140286045482968016069684160BDE8F883014662
:2029C00000208978022904D14FF4CA01496E2F4A516070472DE9F0473C484FF4CA0887784B
:2029E000D8F81450D8F818604FF0FF39B0023BD5A80239D54FF40011C8F81410D8F85040D2
:202A0000E00701D0C8F8E090A00725D5D8F8E400C8F8E490D8F8641000224FF610631842CD
:202A200000D001222B4BDB69DB0603D5830601D542F0020210F4700F05D0274BC1F30351C9
:202A400042F004021970C00101D542F020021AB1022100200301F401E0DB240020F671FC61
:202A6000E00301D5C8F82091A00301D5C8F82491700407D5680405D54FF48041C8F81410C0
:202A800020F617FC7F1E2ED0D8F81450354229E03C2A20000821200054212000182A2000F8
:202AA00001F9210000F9210010212000F027200010F92100EC202000FFFF0F00E0302000C6
:202AC000D530200052282000FC2A2000B72020006001650044FA21001B2A200051222000DD
:202AE000AF20200086D1BDE8F0872DE9F04780460F460026FE4D68780028F4D0032F21D0AC
:202B0000404619F6D2FEFB490F280A68FA49C2F3054451D020DC01282ED00628E3D198F86C
:202B20005A00C0EB001303EB801011EB800002D0B0F8D200C6B298F86C00E968884249DB84
:202B400003244CE0EE49ED480A6802650301F401D0DC24004A6842650989A0F85810C6E77C
:202B6000102821D01628C2D1D8F8540008B1008FC6B2C2F34170012832D0022832D032E0A8
:202B800098F8A8001CF646F810B1B0F86400C6B2022C07D0032C05D0192C03D00D2C01D03D
:202BA0000E2C20D101241EE0D8F8280090F8A8001CF630F800289AD0B0F86400C6B212E05D
:202BC00098F85A00C0EB001202EB801011EB800002D0B0F8D200C6B2022404E0192402E068
:202BE000642400E06524002E81D0DFF81893002519F83500B04223D109EBC5004078A0423F
:202C00001ED127B1012F08D0022F0CD01CE009EBC5004188491C418016E009EBC50081887C
:202C2000491C818010E015F699FED8F8181015F639FE09EBC501CA88824205D2C88003E090
:202C40006D1CEDB20301F401C0DD24000A2DD3D30A2D88D10020494611F8302022B1401CEE
:202C6000C0B20A28F8D346E701F8306009EBC0000121447037B1012F06D0022FF3D10021A1
:202C8000C18038E7418036E7818034E72DE9F041A049087808B1401E08709F4C984E206842
:202CA000401C20607178002571B128280CD9B0FBF1F201FB120038B903210020FFF71DFFF0
:202CC000F07860B100F090FA944827684FF4CA040078B7FBF0F100FB117048B124E08B482E
:202CE000502105654565A0F858501DF6D9FCEBE78B4E06EB4002517899B1491E11F0FF01CE
:202D000051700ED1616EC1F30333C1F3001131B116F81010994202D10521517001E006F811
:202D20001050401C0328E4D37E48017891B1032F10D10570206E7C490860606E0301F4016A
:202D4000B0DE240048607B49C969C90606D5800604D502221146002020F6FFFA6069A1699D
:202D6000084210D01DF6D5FC04467348016829B17248007810B1896901B188472046BDE88C
:202D8000F0411DF6CABC71E570B5054619F699FD044601281CD195F8A8001BF643FF0028EE
:202DA00056D000686649C0EBC00001EB001070380ED0817C41F010018174D5F8A41039B14A
:202DC00095F82111022903D0C17C41F00101C174284600F08AF9132C3AD05A48006840021B
:202DE0001BD52BF636FA28B1062C03D156480078022812D02BF62DFA08B1102C16D02BF64D
:202E000028FA28B30F2C23D0062C21D0082C1FD00A2C1DD0162C12D015E000202BF650F97B
:202E200014F6F3FA284619F6C7FC11E000202BF647F914F60301F401A0DF2400EAFA2846F1
:202E40001AF6CDFA08E04349012081F83A0000202BF63AF914F6C1FE012070BD70B53E481D
:202E60000025012405703D48502105703C48047244722A481DF61CFC25483A4945705020C6
:202E800008601FF63CFF3848C16E21F44071C16640F8C44CC16F41F08071C1672648406806
:202EA000C0F30010002803D0BDE8704020F6A3BB70BD70B5044621480D464FF00306C069C2
:202EC00080011CD520462CF6D1FF012817D1E07B012814D1608C062811D194F86C00012891
:202EE0000DD194F86D00052809D113484068C0F3033121B1002184F8731084F86D60204669
:202F00002CF6B4FFA0B32E60184890F8300030E044FA210010212000BC6F2000002D220089
:202F2000F8272000B1202000E82020000301F40190E02400AD202000F0202000AE202000A1
:202F4000082120005122200054212000182A20009C222200B4803100E02C2000E0512000DC
:202F600000F9210001F92100622B2000EC202000040165007062200011E000280ED0474861
:202F8000007800280AD146480068002806D01FF6FDFB4449086840F00050086070BD19206A
:202FA0002860B5E770B5806C00283DD090F90B017F2839D03C493E4B01240A79521C02F04C
:202FC0000F020A71394991F900501988A84204DA384D95F90050A84204DA04FA02F08143C1
:202FE000198003E004FA02F0084318801888B9F5AFFA31490A7822B1042805D8002008701B
:2030000002E0082800D30C70264A1068C0F30543192B09D10978012906D1284940F48000A7
:20302000106008600301F40180E124005068486070BD10B5017C01290DD1234AD0F8F4102A
:203040001268114207D02149096831B190F8A8002DF616F908B1002010BD012010BD1C49B4
:20306000182008701B481C49006888B1AFF203220260AFF699028A64AFF26F628261AFF6E7
:2030800015124262AFF285720261AFF2FF72C260AFF29D60114A1060AFF2FB20C1F8C80090
:2030A00070470000AC202000EC2C20001021200044FA2100B5202000BC202000B62020009E
:2030C000B420200060016500F0272000F82C2000AD20200054212000005A2000C0202000BF
:2030E00010B5007B5B49C006000E5B4C087002D00120207010BD502158481DF6E1FA00208A
:20310000F7E770B5064653480024007800283ED0304619F6E2FB52490F280A680301F40154
:2031200070E224005149C2F3054535D017DC012824D006282FD196F85A00C0EB001202EBAB
:20314000801011EB800002D0B0F8D200C4B2484996F86C00096888422BDB03252EE0102867
:2031600012D0162817D1706D08B1008FC4B2C2F3417001281FD002281FD01FE096F8A800E0
:2031800005E0B0F8640012E0B06A90F8A8001BF659FD0028F5D170BD96F85A00C0EB0012DB
:2031A00002EB801011EB8000F5D0B0F8D200C4B204E0192502E0642500E06525002CEAD084
:2031C0002849002011F83020A2420AD101EBC0025278AA4205D101EBC00253885B1C538039
:2031E00003E0401CC0B20A28ECD30A28D3D1002011F8302022B1401CC0B20A28F8D370BD13
:2032000001F8304001EBC00001214570418070BD70B512480301F40160E324000078002855
:203220001ED05122FF215320B4F528F9040017D07A2004F10805A0721DF67FFA06465022ED
:203240000A49E81C1EF628FC502108481DF640FA30461DF676FA2046BDE87040B3F5EEBFC8
:2032600070BD000045FA210047FA2100002D220010212000BC6F200050FA210010B54FF401
:20328000C0030021C3F8C813C3F8CC13A84900220C78C3F8D0434C78C3F8D0438C78C91C3A
:2032A000C3F8D04328B10C78824204D944F0800403E00C7801E004F07F04C3F8D043491C98
:2032C000521C5A2AE4D310BD10B5FFF74CFA994A1168814213D00E2806D0431E0D2B05D2F9
:2032E00000EB8001C91D05E0542103E0002906D0002108461060BDE810400846BEE710BDAC
:2033000010B51DF61AFA8C4A002104460301F40150E42400116089484FF0FF010160FFF757
:20332000D7FF2046BDE810401DF60FBAD0E72DE9F04184480468002C58D02068002855D021
:203340004FF445167068804F804D80054FF0000803D4E07B51F690FBF0B17D48C07D18B11F
:20336000217C5B2013F68DFDE07B08B901203870204619F6C0FA2068C16839B1406928B969
:203380002868401C2860E07D401CE0754FF4007070600120BDE8F081E07B18B9022120463C
:2033A000FFF7C7FB464687F8008015F6F7FAA0612068C168D1B14069C0B9E07BB0B920464E
:2033C0002AF6A0FE08B1634800E06348E17D0078401C884205D12868401C491C2860E1753F
:2033E00004E05E480168491C0160E6750020D1E72DE9F04104465A4800780228CAD1594ECA
:20340000594F707A0301F40140E52400385C28B12046BDE8F04100212AF685BEE57B012D1D
:20342000BCD102212046FFF788FB707A385C00B19DB1012DB2D12068C1680029AED04069CE
:203440000028ABD14FF4451040688005A6D420462AF65CFE38B1414806E02046BDE8F04115
:203460000121FFF76ABB3E48E17D0078401C884206D138480268521C491C0260E1758DE7CD
:2034800038480168491C01600020E07515F68AFAA06183E72DE9F0410E460546002419F6F5
:2034A0002CFA074630480078002847D0002D45D028462AF6EFFE38B92E48007800283DD198
:2034C00014F614FA002839D0012F0CD195F8A8001BF6C4FB002831D000682749C0EBC00025
:2034E00001EB0014703CEA7B012E0FD0002E25D1012A1DD0002A21D1012128460301F401CC
:2035000030E62400FFF71DFB00212846BDE8F0412AF60DBE22B91CB1A07C20F01000A0741B
:203520001848006880020DD4012A0BD101212846FFF707FB0121E8E7002C03D0A07C20F0B5
:203540001000A0742EE70000088D0C0054FA210004016000482A2000302A2000542A200013
:20356000C05F2000382A2000392A2000502A2000312A2000185F200057030D00362A200074
:203580009C2222003C2A2000FE49096801F03F014177FC4954310968C1F30331417507291B
:2035A00001D910394175F74938390968C1F3850181771F2901D94039817770472DE9FF5F20
:2035C0000546F14891461C4600268078B8F650FCDFF8B8E38246EE4FBEF9000010F0FF0FDA
:2035E00001D0001201E00E9840B28346E948007801E0761C0301F40120E7240076B206EB4D
:20360000860101EBC60137F91110A14201DC8642F3DBE349761E70B2495D494507D8182993
:2036200005D2032604214FF00708082210E0DD49495D182907D2494505D9052606214FF01A
:203640000B080C2204E0012602214FF009080A2200EB800303EBC00307EB430037F913C028
:2036600030F91660A4EB0C0C002E06FB0CF601DA761F00E0761D4FF00A0C96FBFCF630F9EF
:20368000111037F9133001EBC10C0CEB011106EB810130F91860A4EB0303002E4FF47A7CC4
:2036A00006FB03F602DAA6F5FA7601E006F5FA7696FBFCF330F912000E9A1844A2EB0B0284
:2036C0004243B948006800F00F0004282FD0B74B13F90A0000EBC00303EB001002EB80029F
:2036E00009F10200C3B225B3AA4CC0B20301F40110E8240004EB4000012D21D0022D22D095
:20370000B0F86030B0F93000C3F307235BB21844642300FB0311019804B000EBC00303EBD0
:203720000010C1EB8000801A3238642190FBF1F000B2BDE8F09FA04BCEE73EF91300E7E7BA
:20374000B0F93000E4E7B0F860003EF9133040B21844DDE710B5994CA0B1411C07D0811C65
:2037600008D0017C012908D0162908D00AE0934C2C3407E0914C583404E0C03001E000F5B8
:20378000E47004463CB1207828B92C2120461CF6B3FF5A202070204610BD2DE9F34F83B0E6
:2037A00080464FF0000B40F2F64A5E460498FFF7D1FF0446C07932380090207F00F07F00F6
:2037C000801E80B201902089B8F1000FC0F3042702D02069C0F304276089C0F30D0000F077
:2037E0008FFDA0F60301F40100E9240068304FF2D301484380128030051215F5027F02DAA9
:20380000B8F1000F07D0DFF89CC1BCF9001011F0FF0F03D013E04FF4FE40BBE0A7F10B008C
:20382000627FA37F00EB400040B21A441044627D101A00EB800005EB40000FFA80FAA08966
:20384000C0F34012604890F88F0040B1032806D0012806D0042804D0052802D010E07AB199
:203860000DE060884FF0010B4FEA10304FEAC07012B120B1032603E010B1022600E00126B6
:20388000E14611F0FF0F07D03A4629463046019BFFF7A0FE064600E05646B8F1000F16D11F
:2038A000207D410604D5803800EB8000400000B2401B1E303C2190FBF1F000B2042826D0F0
:2038C000032826D0022826D00020304406B25FEA0B00DFF8F8A04FF00A0B10D00301F4016B
:2038E000F0E92400701F90FBFBF29AF901309A4206DA6D1F95FBFBF19AF90000814202DB09
:2039000006F2EC4636B240F2F64086420CDCB8F1000F06D009E0F020DBE7B420D9E7782008
:20392000D7E72D498E4200DA06462AF68FFA012826D194F824004FF4877100BB1948001F6E
:203940000068264B264DC0044FF4C8024ED49AF8030087424AD3234BE08C1B8898420AD17B
:20396000B9F8920004E02B88984246D1B9F86200301A06B204E0D2F81421904200D00E468E
:2039800096FBFBF0000200B2E0820499891C02D00499491C03D1144909880844E08205B05A
:2039A000BDE8F08FE406410041232000942F220062302200D4FC2100D9FC2100D5FC2100C2
:2039C000C0076000FBFC2100F5FC2100102F2200185F20000301F401E0EA2400BCFC2100DE
:2039E0000AFBFFFF80FB210082FB210084FB210080F72100E08C1B889842B8D1B9F83200FD
:203A0000BAE7D2F81021BCE70246401A8A4201D200F59C7070470146002041F2410211423E
:203A200000D0012042F28202114201D040F0020044F20412114201D040F00400714A1142D5
:203A400001D040F00800704A114201D040F010006E4A114201D040F020006D4A114201D038
:203A600040F040006B4A114201D040F080006A4A114201D040F48070684A114201D040F447
:203A80000070002901DA40F4806070472DE9F84F634F804600240D462646B868FFF7BBFF5F
:203AA000B880A81C04D0B8F1000F04D0601E03E06FF0010000E02846FFF758FE05462AF6E4
:203AC000C9F9002861D05749486808680301F401D0EB24000090B868DFF85481820503D07D
:203AE000D8F80020C2F30904DFF848C1DFF848B110EA0C0F05D0DBF80020C2F3090244EA99
:203B000082244E4ADFF838A1104205D0DAF80030C3F3090344EA0354DFF82891830F03D052
:203B2000D9F8003044EA837404404048416800680099FFF76DFF0146B8682246830503D05D
:203B4000D8F80030C3F309043A4B184205D0DBF80030C3F3090344EA8324384B184205D0A2
:203B6000DAF80030C3F3090344EA0354830F03D0D9F8003044EA83740440A24200D0012652
:203B80000A29D2D385F824601EB92046FFF747FFE8842D482D498078E871086828814FF4CF
:203BA000C000D0F8040128770868294A00F07F002875D2F8F002C0F3C010A87125480068BD
:203BC000254928610301F401C0EC24000868C0F30E0040F4004008600868C0F30E006881FE
:203BE000086020480068A881D06F68801E48008810F0FF0F07D1B878012804D12846FFF7D7
:203C0000DFFC0020B870174824380068E8812846BDE8F88F0882000110040102200802048B
:203C20000000040800000810000050200000A040BCFC2100848031005004640000FC0F003F
:203C4000540464000000F03F580464005C04640041232000EC054100F40041003404410091
:203C6000E806410098074100942F2200F0B5DFF8A4E539B101292AD002294ED0032976D082
:203C80000020F0BD00210B460EEB4104091D2688628806F0070502F00707C6F3C40606EB73
:203CA0004716C2F3C017A48805EBC605C2F3801205EBC725C4F3400405EB02320301F401F9
:203CC000B0ED240002EB443200EB83045B1C22606029DDDB79E000210B460EEB4104091DE5
:203CE0002288160A628806F00705120A02F00707F60806EB4716A488D70905EBC605240AB1
:203D0000C2F3801205EBC725C4F3400405EB023202EB443200EB83045B1C22606029DCDB53
:203D200053E000210C460EEB4103091D9A885D88DB88C2F3421703F0030607EBC606C5F390
:203D4000C20506EB4515C2F3820CC3F3C0060CEBC505C3F3800305EBC625C2F3400205EBD6
:203D6000033303EB423200EB8403641C1A606029D9DB2AE0FFE700210C460EEB4103091D3C
:203D80005A88150A9A88DB88120A1B0A570903F0030607EBC606C5F3C20506EB4515C2F3C3
:203DA000820CC3F3C0060CEBC505C3F3800305EBC625C2F30301F401A0EE2400400205EB92
:203DC000033303EB423200EB8403641C1A606029D7DB0120F0BD10B598B0014600246846B0
:203DE000FFF74CFF684601E0641CE4B250F82410490BC90701D0182CF6D3204618B010BD64
:203E000010B598B0014600246846FFF737FF684601E0641CE4B200EB840250F82410526804
:203E2000C1F30031C2F30032914201D1172CF0D3641CE0B2E2E72DE9F04F002095B005462B
:203E4000064681461090F848DFF8E0834FF00D0B007800286CD001200DF1440C38F9104012
:203E6000002264B908EB40014B8843B98B8813F0FF0F04D1031D672B04D2098911B1761C99
:203E800076B201220021DFF8A0E3C71C0B460EF10A0E4FFA87FA13E01EF80170A74209D10A
:203EA000012812D00CF805A00CEB05030301F40190EF24006D1C19726DB20123491CC9B27C
:203EC000082903D2012B01D0012AE9D0012804D004E04A230CF80530EAE74720001DC0B2AD
:203EE0006728BFD3B54236D10020434620E00CEB0001D14A91F90810CD4F32F81120123785
:203F0000D4B21CF900207F5C4A2A67F31F2423F812400AD0C64C03EB42021A34615632F840
:203F2000024D61F31F24148000E08946401CC0B2B042DCDB012010904021684619F688FD7D
:203F40000024012138F911004F2806DA08EB4100408820B901E00220EDE7012931D16A46FA
:203F6000002002EBC402012903D00F1838F8173003E028B1032807D2002322F8103017E09F
:203F8000B8F80230138013E0B8F8943022F81030B5420DD166B1A64B02EB400C1A3313F87D
:203FA0000930DFB20301F40180F024003CF8023C67F31F232CF8023C401CC0B20428D6D397
:203FC000012900D14721641CE4B2091DC9B26729BCD30022A4F1010921E0551C1346E9B281
:203FE0006E4608E036F9310036F93370B84200DA0B46491CC9B2A142F4D3002006EBC3016F
:2040000006EBC20231F8106032F8103022F8106021F81030401CC0B20428F3D3EAB24A451A
:20402000DBDB00215BE0854D01EB810202EBC102CE353DF931E06B4625F812E04FF0010C27
:20404000604605EB420203EBC103494524D003EB400533F810802F894FFA88F67DB2BA46B6
:20406000AD1B4FF47A76B3F908707543A7EB0E0695FBF6F5CAF30727C8F307287FB24FFAF9
:2040800088F8A7EB08074FF47A7807FB08F797FBF6F62DB237B201E000252F460301F4010F
:2040A00070F1240033F8108022F81C500CF1010C0CF0FF054FFA88F622F815606D1CEDB2B2
:2040C000C8F3072822F815706D1CEDB24FFA88F822F815806D1C401CC0B205F0FF0C042834
:2040E000B7D3491CC9B2A142A1D3564BCE33188828B3641CE4B2214613E001EB810202EB16
:20410000C102002003EB420207E002EB400535F81A5C22F81050401CC0B25845F5D3491EBA
:20412000C9B20029E9D119805980022005E0C2071CD023F81010401CC0B25845F7D3404EF5
:204140000025B61C371D2846FFF766FE70552846FFF74DFE78556D1CEDB2042DF3D338486C
:204160004470109815B0C0B2BDE8F08F03EB4002528B23F81020DEE72DE9FF4F304A00206D
:20418000014612780346002A54D0DFF8B89001206D4609EB0301F40160F224004002B2F974
:2041A0000280B8F1000F01D05B1C5BB20022DFF898A0C71C14460AF10A0A4FF04A0B4FFA16
:2041C00087FC15E039F910601AF80270B61EB74208D101281CD005F801C06C18491C22724B
:2041E00049B20124521CD2B2082A04D2012C02D0B8F1000FE6D1001DC0B23B28CDD39942CA
:204200001ED1DFF84CC000204E460CF1100712E005F801B0E1E7291891F908202956401CCE
:204220003CF8124026F8114006EB410137F8122021F8022CC0B29842EDDB012004B097E747
:204240000220FBE7380B2000D3FC2100942F22004C312200474AFF2802DC32F810007047FC
:20426000FF2190FBF1F164235843C1EB012390FBF3F0B2F8C83032F8100032F81110C01A50
:20428000B2F8FE311944084470472DE90301F40150F32400F0433A49884202DA39498842C7
:2042A00000DC084600F5DC4000B24FF4206190FBF1F401FB140C0021DFF8CC904FF47A7040
:2042C0000B224FF0010808FA02F313EA0C0F0ED0C2F10B0559F82530A3FB0067DD1705FB1A
:2042E000007003FB0101700B40EAC140490B521E52B2002AE7DA08E00A22A0FB023601FB12
:204300000261002500FB05111846641EF4D2BDE8F0834FF47A7210B5821A71F1000202D27E
:204320004FF47A700021194C06E004F5206424B20A2200231EF6FCF942F21072821A71F185
:204340000002F2D2FFF78AFF00EB8000400242F2107190FBF1F02044A0F5DC4000B210BDB6
:204360000021420801E0491C5208002AFBD10A02C1F12001884042EA1060704718110D000C
:2043800000F6FFFF0301F40140F424000089FFFF04FD210000E2FFFF70B5FC4E00EB800570
:2043A00006EBC5042821204619F666FB002006F83500F748006A28B1F648007810B90120AF
:2043C00006F83500F44800684178090602D590F82C0000E0007FA07070BD10B54FF4167188
:2043E000EA4819F649FBBDE810404FF4A071EB4819F642BBF8B504460020E74D0E468DF88C
:2044000000000346024669462868B9F60FFD020007D0286800EB8600D0F88010491C012059
:2044200015E00020F8BD91F90030A3420CDA0A7811F8011CA21A091B49B252B2002900DAA3
:2044400000218A4205DCF8BD491C401CC0B29042E9D9401EC0B2F8BD2DE9F34F81B00025DF
:2044600000F00708C708AA468DF80050029819F6D8FE0298C54900EB800001EB0301F40132
:2044800030F52400C004C448006A00287DD094F82400C34930B1C44A127820FA02F0C0071C
:2044A00004D104E008684078000600D50225607800287DD0086889464078000678D4002D56
:2044C00076D1BA4EB8F1010F08D04FF0020BB8F1020F38D0B8F1040F6AD16CE0A078294624
:2044E000C01B40B2A070FFF789FFE070D9F80010002308441A46007FA0706946D9F8000052
:20450000B9F698FCE17881420ED2A178012000EB8100C1B20298F2F784FC7068007BA0B39A
:2045200094F90210012041E0A078032101EB8000C1B20298F2F775FC7068007B28B394F9D0
:204540000210082032E0A0782946384440B2A070FFF754FFE178814203D111B1491EE17057
:2045600000E0E070E178D9F80000084490F91C00A07079B10301F40120F62400012101EB75
:204580008000C1B20298F2F750FC7068007B00B100E011E094F9021002200BE00BEB800062
:2045A000C1B20298F2F741FC7068007B20B194F902100420F2F70BFAE078BDE8FE8F84F8ED
:2045C00003A0D9F80000007FA070E7E700F0030200F0FC0040B2831001EB81006F4901EB93
:2045E000C00000214371C27101724174816101747049496891F90D3049894B4343812AB144
:20460000012A05D001209040C0B270470020704780790128FBD00220704770B50D46044621
:2046200019F607FE02464FF446131DB10020C3F8040370BD594804EB840100EBC1008178EB
:2046400082F8DF10D3F8041321F0FF01C3F804135849C078088070BD00B585B02D23ADF8BF
:20466000003000238DF802308DF803000301F40110F7240002918DF80420684610F68AFE0C
:2046800005B000BD70B5474C01EB810304EBC3040125A071D2B201280CD0022812D00428D2
:2046A0001AD1E079022817D0207A002814D1002204200EE0E07903280ED0207A00280BD1CA
:2046C000012006E0E079022806D0207A002803D10220FFF7C5FF257270BD00B585B02D220B
:2046E000ADF800208DF80D0001228DF802208DF80E10684610F64EFEC2E72DE9F047294B8C
:2047000001EB810103EBC104294F94F824104FF0000531B1284B1B7821FA03F1C90704D160
:2047200004E039684978090600D50225234E4FF01C084FF00009012804D002281BD00428CE
:2047400045D14CE0A0782946801A40B2A070FFF75DFEE0703968014408EBC5000956A17045
:20476000E07807280301F40100F824007068007B02D248B301202CE030B3082029E0E078E2
:2047800010B3A0782946104440B2A070FFF742FEE0703968014408EBC5000956A170E0788D
:2047A00098B17068007B78B1022012E06C312200D852200064F7210080FD2100EC332200BC
:2047C00057FD210044FD210005E07068007B10B10420FFF786FFC4F81090C4F81490C4F8F2
:2047E0001890BDE8F087E0780028F4D084F80390386808EBC5014156A170E6E77C4949685E
:2048000091F90020824201DA0120704791F90220824201DD0320704791F90110814201DD13
:204820000220704700207047724873490068096890F83C0000F07F0001F07F01814201D140
:2048400001207047002070472DE9F0410546884601EB88006949164601EBC0040301F4011E
:20486000F0F82400404619F6F0FCFFF7E1FF624F30B1E069401CE061B868401CB86005E0E4
:20488000206A401C2062F868401CF86094F91200002817DA7A6860692902937B40FA03F3D0
:2048A000C01A6061927B11410844606100126FF07F01884204DB7F2801DD7F2100E041B25F
:2048C000A17400E0A574207A002805D1B4F90A00002803DD401E6081BDE8F081607800281E
:2048E000FAD020780028F7D04748006A0028F3D094F91200FFF786FF0500207C12D0FF28BF
:2049000001D2401C2074607C36B3FE2801D2801C6074A0694FF6FE71884207DA310605D52D
:20492000801C04E00028EED0401EEBE7401EA061786890F9002090F90110C078521A02EBCE
:20494000D27201EB62014EB2217C81421DD9022D0FD0032D0301F401E0F9240019D106E06A
:2049600008B1401E6074A0690028E3DCE4E7607878B100224146042009E0A07C301A42B280
:20498000202A00DB1F22607818B141460220FFF785FE7868617CC27891420CD90078A17CAA
:2049A000401A42B2202A00DB1F22607818B141460220FFF773FE7968207CC978B0EB410FE9
:2049C0008ED9012D8CD1A07C801B42B2202A00DB1F226078002883D04146BDE8F041012003
:2049E0005CE60A4900EB800001EBC000012141707047064900EB800001EBC00040787047AC
:204A000044FD210080FD2100080164006C312200D85220002DE9F0471546FF4CFD4ADFF80F
:204A2000FC8326681660A4889480002651B1012908D0FB4F386878B351F62BF900244FF4A2
:204A400080593DE001249471D57113720301F401D0FA2400092353730D239373D67368B1FA
:204A6000F24800789072B8F80000A2F80B00A9B15672EF480078012813D01BE041B1ED482E
:204A8000567200789072EC480088A2F80B00F0E7EA48547200789072E948F5E75472E8E788
:204AA00016E004201072E74800789072E6480088A2F80B00BDE8F047D848DEF505BA386828
:204AC00030B10120B7F5DBFD2046641C4845F6DBE80709D1DD480671B8F800104171C571FF
:204AE000BDE8F047B7F6BBBCBDE8F08770B50546D7480021D74CC0E90A11A86840F2E24699
:204B0000012802D0022822D04AE00120DFF559FB002012F6E0FE3046B7F5B1FDC448012602
:204B200022780178CC48012903780AD001210020FFF774FFC948002106700846B9F611FF6F
:204B40002EE000210301F401C0FB24000846FFF769FFC548F3E70120DFF537FB002012F66C
:204B6000BEFE3046B7F58FFDC048017889B1491E0170BF48BF4A0023007800F0010111701A
:204B8000BD4900F002001A460870BC480178442008E0BB48017839B1491E017000231A46BB
:204BA00021784020B8F6F6F92846BDE8704019F6E9B910B504460C2019F6E1F80100AFF226
:204BC000CB00B04A106108D047F2820048608C60BDE81040AC48FAF51ABE10BD10B5022014
:204BE000FFF7E7FFA94900200870A9490870AA49A848086010BD10B5A84800240470A34895
:204C00000078012808D00220FFF7D3FFA048A2490470A048086010BD924901200870BDE8B4
:204C20001040C6E72DE9F047994800240078012873D19A489D4E9B49077899480301F40136
:204C4000B0FC2400337809780278994800781D18E8B24FF4C003012F04D08E4F3F78012FE8
:204C600035D05EE0954203D83070C3F89C0258E03170C3F89C129048914A05788F48012DCF
:204C80000178107803D18F4F3D78012D02D0884234D319E08C4E8D4D32782D78AA4206D21B
:204CA000521CD0B23070C3F86401012009E0884A3C701278012A07D1884205D8C3F8640168
:204CC0000020B9F6EBFB2CE0FFF799FF29E0954203D83070C3F8C80223E03170C3F8C8126C
:204CE0007C487E4A05787C48012D0178107803D17B4F3D78012D05D0884210D2401CC0B2E8
:204D00001070DBE7774E784D32782D78AA42C7D3764A3C701278012A01D18842CED9FFF798
:204D200061FF474D287801283FD1DFF850C1704ADFF8C0A10301F401A0FD24009CF80080FE
:204D4000DFF8BC91574E584F4F4B50496D48B8F1010F05D093F800C0BCF1010F14D023E07E
:204D600091F80080007812784044904213D98CF8004099F8000008701878012814D13E49F4
:204D80000870FFF71EFF14E091F800C0007812786044904204D8C0B20870CAF8000008E063
:204DA0001C7099F8000008700220FFF70AFF3E602C7055488068007C012800D000209FE664
:204DC0002DE9F05F51484FF0000A4FF0050B504F504E514D4FF445148146C0F800A008E1BE
:204DE00060683860E1683160D9F800100143C9F8001081070BD520F002003860022060608F
:204E000040050021FFF5E6FE1EF633FFF1E010F0780F0DD06068286000F0780161604FF41C
:204E2000F04101EA00200021FFF5D4FE0301F40190FE24003B4977E07AE00000C42E22005B
:204E400088202000A8FC210018CF2000A6FC2100F0FB21009AFC21009CFC210099FC2100C9
:204E6000A2FC2100AAFC2100ACFC210048CF2000F8532000EEFB2100EFFB2100D5FB21003B
:204E8000F1FB2100AEFC2100B1FC2100F4FB2100F5FB2100F3FB21009EFC2100DC5920002C
:204EA00098792000EAFB2100D4FB2100258F100078FD2100E6FB21009FFC2100D6FB2100C1
:204EC000A0FC2100E5FB2100D7FB210098FC2100E8FB2100E9FB2100E7FB2100A1FC2100A2
:204EE000D9FB2100DBFB2100A5FC2100ECFB2100EDFB2100EBFB2100A4FC2100DDFB210032
:204F0000AFFC210018843100F2FB2100B0FC2100E0512000D0FF21005023200054232000B2
:204F2000582320000301F40180FF24002C20200028680968084000E050462860810607D524
:204F400020F0200028601EF61DFF2868002858D03868326800F0050102F0070211433ED0FC
:204F600059463BEA00020DD0C10717D020F0010038600120606080020021FFF533FE1EF679
:204F8000B1FE18E020F005003860616040F201400021FFF527FE1EF6C4FE0CE041070AD566
:204FA00020F0040038600420606001200021FFF519FE1FF654F83068C1070ED020F0010064
:204FC0003060E06800F00708C4F80C800E200021FFF508FE40461EF625FE286888B1286853
:204FE00010F0180F0DD0C00605D51EF66CFF286820F0100004E01EF6C1FF286820F008007E
:205000002860606840067FF4F3AEE068C007FAD1D9F80000400702D5BDE8F05F0301F40130
:205020007000250012E6BDE8F09F0000F0B50021DFF8F8C3FE4F0B4603EB830400220CEB2B
:20504000840502EB42042C44D5F89B60B4F8A040344418B1246847F8214002E057F82160B1
:205060002660491C521C052AEBD35B1C022BE3DBF0BD2DE9F74FEE4C82B05B3C01B11E3478
:2050800001EB8100E94BEB4EDFF8ACB3002203EB800A0090E54B02EB8205009F03EBC503DD
:2050A00003EB0709049B002003EB021300EB400C0AEB0C07B7F8A0C0DAF89B700CEB0708FF
:2050C000029FB7B109EB000797F86D7104F8017BDA4F3F786FB161B9C2EB0217DFF850C31D
:2050E00037440744ACF11F0CAC4497F8A2700CF80070DBF81470019717F803C009EB000761
:2051000087F86DC1CD4F97F800E0BEF1000F09D041B9DBF80301F401600125001870C2EB3F
:20512000021CB4448444FF5C8CF8A270C64FFF7897420DD1BEF1000F06D029B9C34F3F781E
:2051400017B1DBF8187000E0019FFF56C8F80070401C0528AED3521C062A9FD305B0BDE8B3
:20516000F08FB54ABA49643A38B1002051F8043B1354401C0928F9DB7047135C41F8043B19
:20518000401C0928F9DB7047B149B24A0020135C41F8043B401C0928F9DB70472DE9F05F7D
:2051A00083460D46AC4C1AF674F8A54E10B105211AF6BBF8DFF8A4924FF4461A4FF0010CC6
:2051C0004FF4C0077062BBF1000F2AD09C4A0020363202F1080804EB40014B791354497DAC
:2051E00008F80010401C0828F5D3706A38B100F19E008178B1710078707186F804C090496A
:20520000B9F8102001F130010A80B9F80301F4015002250012204A80B9F814008880D7F847
:205220000C01B062DAF80403F062082D4FF000003ED2804604EB4001401C81F8058081F8D7
:2052400015800828F6D3706A20B180F8A08000682FF690FBA9F81080A9F81280A9F81480CC
:20526000CAF80483C7F80C812A4600215846FFF708FF2A4601215846FFF703FFBBF1000F8A
:205280000BD0D7F89C01B060D7F86401F060D7F8680130610120FFF768FFF0694057C7F83D
:2052A0009C01072D0FD8306A4057C7F8640112E0E04604EB4001401C81F8058081F8158031
:2052C0000828F6D3BFE7A5F10800072803D8306A4057C7F86801BDE8F05F59E72DE9F04FA5
:2052E000574B5B3B00B11E335849DFF854B1DFF84CE191F80090DFF84C81002200EB800A9F
:20530000ABF11F0B0301F4014003250002EB82040EEBC40504EB0B07C2EB021400215544B3
:20532000444405EB010C1E788CF86D61B9F1000F05D020B904EB010C7E5C8CF8A2605B1CC6
:20534000491C0529EDD3521C062ADFD30FE770B5454C19F6A6FF052119F6EFFF3C4D05F1A8
:2053600036026862002002F1080304EB4001165C4E711E5C401C4E750828F6D3696A69B12D
:20538000287958B101F19E01A8798870687908702FF622F80146686A1AF66EFD00206862A3
:2053A00028712B483149303002880A8242884A82808888824FF44611E86AC1F804034FF45A
:2053C000C001A86AC1F80C011F4900205B39FFF789FF1D49BDE870403D39012082E72DE9C9
:2053E000F05FDFF86C800C4698F8001000297DD0102C00D30F2498F802101D4F0301F401EA
:20540000300425001D4EDFF87890DFF868A0DFF874B00125C9B140B198F80300844271D0E4
:2054200088F803402146002069E0002088F80200FFF791FF0020FFF709FE1348D8F8081051
:205440008163D8F80C10016020E038E036162000604D22000B192000D4FF210080092000E7
:205460004123200086092000280360009A032200BC1A200010882000403F200080FD2100C4
:2054800067FD210078FD210064016000D8F8101041604FF00000FFF770FE3868C0B20128BD
:2054A00030D1306898F80110417089F80050BAF81400DBF80020BDE8F05F002110470028E3
:2054C00020D088F802503868C0B201280ED13068417888F8011001F03F01417089F800505B
:2054E000DBF80020BAF814000021904788F80340012000E00301F4012005250006E0FFF718
:20550000A9FD21460120BDE8F05F57E6BDE8F09F10B51EF64EFAC0B21749052819D001F1FD
:2055200046024A6160328A6101F24632CA6140320A62124A1278012A0AD1052813D0104833
:2055400048616030886100F5A070C8614030086210BD0B4AC03A4A6160328A6102F5F8727C
:20556000CA614032E4E70648C0304861603088619030C8614030EAE7D4FF210064FD2100C3
:205580009A012200074910B50020086006480649064AC06801F1DC0148F6DFFE04490870ED
:2055A00010BD00000C016000B40E2000E42220007C33200010B5CB4ACB49CC4848F6CDFECF
:2055C000CB49087010BDF0B5CA490020CB4C0870C448CB4DCB4EC378C748012BC17C827C1D
:2055E00023D03BB30246022BD17F927F0301F4011006250027D0B0F92870B0F926003B1A64
:2056000003EBD37300EB630323602970C049327080020860BF49C04BBA020A609B68111AED
:205620005943BE4B891208441860501ABC490860F0BDB0F91870B0F91600E0E7B0F91C70F6
:20564000B0F91A00DBE7B0F92470B0F92200D6E7B14910B5B0480A781430A44C50F8220029
:205660004860C0F580608860AC48AE49006800F5007080120860E17867F68EFE64201BF67C
:2056800048FA32F65CFBA8490860A548A749006800F5007080120860E17867F67DFE32F6F3
:2056A0004EFBA3490860A34940F6FE30086010BD2DE9F84F8D48A04ADFF874A201789B4F5C
:2056C00002EBC106B43600219A4C8E4D0091DAF800002168884202DA206039682960DFF837
:2056E00048E222680301F40100072500DEF80010914203DA8D4A216012682A60DFF82CC21A
:205700003A68DCF80030D21A00D55242804B1B789A4201D8774C0EE07A4B1A78521CD2B281
:205720001A707C4B1B789A4213D9724CE078315C41F001013154E178286867F631FEE17894
:20574000361D2868885532F6FEFA79490860BDE8F88F814232DDDFF8CCB1714BDBF800104E
:205760009A685B684A434FEAA2296C4A12685A439312694A11606C4909EB0302D146D1F8AF
:205780000080CBF800800A6008F50078CEF800004FEAA82002F50072CCF800005549901233
:2057A0003860C97867F6FCFD32F6CDFAC9F80000216888423ADA2060386836E0DFF868B17D
:2057C000574ADFF86091DBF800309068984643439812514B52681B6853439A120301F40143
:2057E000F00725004346DFF83C811044C8F80030D9F80030CBF80030C9F8000000F5007012
:20580000CAF80010801203F500739912CCF8000039603A49F146E046C97867F6C5FD32F649
:2058200096FAC9F800002168884203DA2060D8F800002860009800283FF451AF8BE72DE994
:20584000F047424C2168002956D0414A117889B340494B68002B4FD00B68002B4CD08B6828
:20586000002B49D0C968002946D0244E2E4D91463070002005F10C072870387805F1140194
:20588000F07008686860C0F580608846A8602068006800B180472068406800B1804799F864
:2058A0000000002820680AD0806800B180472068C0680DE0FFE716490979C907D3E70069A7
:2058C00000B180472068406900B180472068806900B180470301F401E00825002068C06907
:2058E00000B180472878401CC0B22870395CF17058F820006860C0F58060A8600429CAD395
:20590000BDE8F087E4222000900F200058042200B8332000BC33200070112000E433200016
:20592000BA332000BB332000CC332000D8332000C4032200D0332000D4332000DC332000A0
:20594000E8332000E0332000EC332000F0332000D0582000C0332000B9332000349E2000FE
:205960007148724902780A6042784A6082788A60C278CA6002790A614279CA6282790A63EE
:20598000C2794A63027A8A63407AC86370476748026867490A7042684A7082688A70C26865
:2059A000CA7002690A71C26A4A71026B8A71426BCA71826B0A72C06B487270475C485B4943
:2059C00002780A6042784A6082788A600301F401D0092500C278CA6002790A614279CA6273
:2059E00082790A63C2794A63027A8A63407AC86370472DE9FE4FDC21504818F699F8504A21
:205A000017685048D0F80080D0F81C90D0F8B8A04D490B6800930B6901934FF4C003D3F81E
:205A200028B3D0F89840494E02943479E4075CD001240C600C6119464FF00204C1F8284334
:205A400011464FF048030B604FF446124FF0000111604FF448123E4B136611664FF0060251
:205A60000260C4614FF00402C0F8B820C0F898102F48A0F10100007818B1FFF78CFFFFF7A9
:205A800073FF67F629FC3079800702D50224012501E0002405252F490C703079C00704D058
:205AA00001204870204667F618FC641C6D1EF2D167F64CFE1E48401E007808B1FFF782FF55
:205AC0002048C0F80301F401C00A25000080C0F81C90C0F8B8A01C490F601D49009A0A608C
:205AE000019A0A614FF4C002C2F828B30299C0F898103078C0071AD066F6B7FF30784007B1
:205B000002D50224012501E000240525134F4FF000083C703078C00704D087F80180204635
:205B200066F62AFF641C6D1EF3D167F6E0FABDE8FE4FB8F6FEBA0000090422009C02600055
:205B4000884D2200D0582000DC04600070006400600165007011200081030FFEE4222000D4
:205B600070B5132803D0142801D07F2070BD4FF0FF3529460120FEF711F80446294600203F
:205B8000FDF79FFEB4F91600001270BD30B512B153001BB200E001230468002901DD201201
:205BA0000AE0A51895FBF3F5511A91FBF3F1641B2144016080310812404240B20301F4016E
:205BC000B00B250030BD00002DE9F0410746C44DC248C44E296801603068C0688047C1B24B
:205BE000C14829700078800607D5C048326800681269C0F3C00090472870316828784969D7
:205C000088470446306880698047E0B2A870A4F132016970B6490A6860F31F220A603068D1
:205C2000C16920468847022087F82800BDE8F08170B5AB4CA9490546E078C870AD49A2782D
:205C4000C879824201D3052007E001204B7807E00E18B678B24202D2401EE07002E0401C8C
:205C60008342F5D8A44EA6493068C0F101003060A2480978007800F00100401CB7F622FEDA
:205C8000040008D03068002204EB80000121D0F88C00B7F607FD0021284652F6BDFA00202A
:205CA000B6F6C8FE90480078800706D50121284652F6B2FA0301F401A00C25000120B6F6A5
:205CC000BDFE34B12046B8F62AFE00210846B7F6E6FE88480068000702D4284648F695FD95
:205CE000284648F613FD89480178491C017070BD2DE9F0437E49DFF81C9209788A07844927
:205D000091F800C05CD50022DFF80C822BE002EB8206002108EB860420E001EB41032344CD
:205D2000D4F84D70B3F852303B441F6806EB08050D4485F8517180B1012A02D995F83851CC
:205D40000AE052B9D9F80050BCF1000F02D095F8CB5001E095F8AF501D60491C94F851309B
:205D60008B42DAD8521C98F84B109142CFD8002221E002EB820403EB440702EBC20404EB60
:205D80000214002104EB080310E003EB8104D3F88950B4F88E402C44266807EB4105A5F87E
:205DA000606110B1B5F847512560491C0301F401900D250093F88D408C42EAD8521C98F891
:205DC0004C1043469142D8D856490968090618D5554D00214C4605EB8102126813686E180C
:205DE00086F82C3050B12368BCF1000F0B4402D093F8D03001E093F8B4301360491C042980
:205E0000E9D3BDE8F083F0B53B480078C1076CD080076AD50021424EDFF8FCC03F4F26E06C
:205E200001EB8105002006EB85021BE000EB40031344D2F84D40B3F852300129234404D9E6
:205E4000AC19044494F851410AE051B99CF80040002C3C6802D094F8B94001E094F89D40DE
:205E60001C60401C92F851308342DFD8491C96F84B008842D4D800211CE001EB810206EB92
:205E8000420501EBC10202EB0112002032440CE002EB8003D2F88940B3F88E30234405EBC7
:205EA0004004B4F80301F401800E250060411C60401C92F88D308342EED8491C96F84C00BC
:205EC0008842DED819480068000612D5184B9CF80040002003EB80010A683968014414B1A9
:205EE00091F8BE1001E091F8A2101160401C0428F0D3F0BD4523200041232000B81A2000C8
:205F00002C162000F0222000EC034100361620007CFD21001804220057FD21004023200081
:205F200065FD210080FD21000B1920002803600068FC21002DE9FE4F00270646B94609F618
:205F40000DF800280DD0F179DFF83C844FF0010A0AFA01F0D8F80010084204D08143C8F875
:205F60000010BDE8FE8F09F607F8032802D2F17A042904D0022805D2F07A042802D0C8F84D
:205F80000090EEE70024DFF804B429E04FF0FF300290C4EBC400FE49096801EB0301F401D0
:205FA000700F25004005E87AE8B1B5421BD0284608F6D8FFB8B17088A8B1698899B148F6A5
:205FC0003FF9034602280ED902A9CDE9001A4A462946304608F692FD0299084301D17F1C5F
:205FE000FFB2022F05D0641C9BF800008442D1DBBBE7C8F8009008F687FFB6E72DE9F04705
:206000000346E548DFF88C9300252C46804699F8002001684AE0C4EBC40601EB4600C77A87
:20602000CFB3C7799F4240D1C4EBC40201EB4201CD7ADA490988090501D508F6B8FFD8F8A4
:20604000000000EB4600C17A042905D1D4490A68904201D100220A6047460E211AF6F4FB57
:2060600099F800103868491E17E0C1EBC10200EB4202D27A82B1C1EBC10400EB440100EBD8
:2060800046000E221BF6C4FD38680E2100EB44001AF6DAFB0301F4016010250003E008E07C
:2060A000491EA142E5D800220421104643F6CAFC02E0641C9442B2D3002D09D0052D07D071
:2060C000062D05D0072D03D0BDE8F047EAF5B3BFBDE8F0872DE9FF5F4FF00008DDE90101E5
:2060E000C1464FF0010B88425CD0C2460E464AE04FF6FF75002727E0A949C7EBC70009680F
:2061000001EB4004E07AF0B1207BE0B1DEB16188C9B10098E279C079824214D04FF0000B18
:20612000304648F691F8039941B9E17A022901D0032903D19D490978884221D240451FD994
:20614000A84200D205467F1C944800788742D3D3BBF1000F00D00225454511D9022D0BD8A2
:20616000039800284FF00600B6FBF0F100FB116001D008B104E018B1A846B146B54209D02D
:206180000AF1010AB61E8A4909788A450301F4015011250002D201988642ADD2B9F1000F16
:2061A00004D00099A1F80290BDE8FF9F009902984880F9E72DE9FF5F4FF000084646DFF80B
:2061C000E891DFF8E0A1CDF80C803DE0D9F80000C6EBC60200EB4207F87AC8B3052832D1E5
:2061E000801F002402902AE0D9F80000C4EBC40100EB4105E87A30B305281FD06888E8B1E0
:206200007988D9B148F624F8834608F6AEFDA8B16988B1FBFBF0401C14280FD8002102A8FC
:20622000CDE900015B4639462846039A08F66EFC20B902984FF001080028B5D0641C9AF89A
:2062400000008442D0D3761C9AF800008642BDD3B8F1000FA8D0EAF56EFEA5E770B586B0F7
:2062600004460126EAF537FA0025206804A909F61CF920B1E069000406D5012504E004A880
:2062800009F6FFF80301F4014012250000287DD04C48007818B1E069000400D501250420E2
:2062A0008DF80B0001208DF80C0020688DF80700206819F67BFA8DF80800B4F8B000ADF8EE
:2062C0000000B4F8B200ADF8020094F8B4008DF809002146684608F6BDFDBDF80010C8078A
:2062E00005D1BDF8020058B1801E814208DD4FF00000002D6FD1ADF800004FF0020602E048
:206300000DB1012534E0BDF80200D8B92E48007828B9B4F8AA10B4F8A800814204D1B4F870
:20632000A800ADF802000BE0B4F8BC200AB1904200D802460123684609F6A8FABDF80200C4
:20634000A4F8B20005A9684609F66AFA050042D0022D02D0012D09D00AE0BDF80000A4F8D6
:20636000B0009DF8090084F8B40001E0022E34D00F4E04980E223168C0EBC0000301F40164
:206380003013250001EB400069461BF651FC0022042100E023E0204643F660FBD4F8FC0070
:2063A00040011BD504983168C0EBC00012E00000983A2000883A2000903A20000821220011
:2063C000943A2000853A20008A3A2000873A2000893A200001EB4000F5490860284606B052
:2063E00070BD0225BDE730B5B1F8AC2052008280B1F8AE50B1F8B230B1F8AC400BB9B1F8C3
:20640000AA302246032C04D26219032A09D9032207E0B3EB021F04D96219B3EB021F00D2F7
:206420001A09111BFF22B2EB410F01D8827130BD4900817130BDF0B58BB00446EAF553F9C9
:2064400094F8BE00C1077DD194F8BD10CA0779D1002877D0801E814274DC206808A909F610
:206460002CF8D44F05000FD008983968C0EBC00001EB40060301F401201425000E2231461A
:2064800004A81BF6D9FB0E2130461AF6F1F904E008A809F602F800286CD094F8D70018F66A
:2064A000A5FC0646B4F8D000400401D5032000E002208DF80B0002208DF80C0020688DF8E4
:2064C0000700206819F67AF904F1BC048DF808006078ADF80000A078ADF8020014F8BC095C
:2064E0008DF8090004F1B801684608F69FFCF069000405D5012609A9684609F68AFD1CE0D9
:2065000009A9684609F694F9060002D0022E0CD013E075B308983968C0EBC00001EB4000B8
:206520000E2204A91BF688FB23E0BDF8000084F8BD009DF8090084F8BC0008983968C0EB37
:20654000C00001EB40000E22694600E02FE01BF673FB43F682FB78B10998022809D298489D
:206560000088000505D508F61FFD02280301F4011015250001D308F6DFFC30460BB0F0BDA2
:2065800055B108983968C0EBC00001EB40000E2204A91BF655FB0EE004F1BC04002060704C
:2065A000207008983968C0EBC00001EB40004FF00E011AF661F90020E0E730B5814A002103
:2065C0001368824A14780FE0C1EBC10203EB4202D57A042D06D1157A25B95288824201D124
:2065E000012030BD491CC9B2A142EDD3002030BD2DE9F04788B0002604460696EAF57BF81A
:2066000094F8DA7004A92737384608F65EFFDFF8B4A105000AD00498C0EBC001DAF80000DB
:2066200000EB41000E211AF627F903E004A808F638FFE8B308204FF001098DF80B008DF8EA
:206640000C908DF8077094F8D800ADF800608DF80800ADF8026009F62BF88DF80900B4F849
:2066600050004FF00301F401001625000208401C20F0010080B2ADF80400022801D2ADF863
:206680000480B4F85200BDF80410401C20F00100884201D9401A069094F8DA003EF6C7F954
:2066A00006996FF0010208440690B4F8481002EB4102824203D800E013E04800801E8DF8E6
:2066C000060094F8D900B0B1002D7CD0B4F8D000ADF80000B4F8D200ADF8020094F8DD00C6
:2066E00093E03D48807D002803D00121322010F626FE08B004E5012729F6ECFE18B11EF65D
:20670000EBF900B90027E06B800305D5B4F83C0110B1ADF8020009E0B4F84A003B4642001A
:20672000B4F848004100684609F6C0F8BDF8020001280AD929494968401EB1FBF0F200FBF2
:20674000121020F00100ADF8000094F8DA0006AA69463EF69DF940BBE06B80030301F40110
:20676000F016250019D5B4F83C01B0B1424621466846CDF8148009F6B9F9D0B94A4621468F
:206780006846CDF8149009F6B1F990B9324621466846059609F6AAF958B905A9684609F6BA
:2067A00053F830B9ADF80060B4F84A004000ADF80200BDF80000BDB1A4F8D000BDF802007D
:2067C000A4F8D2009DF8090084F8DD0023E016E0943A2000903A200008212200883A200056
:2067E000C05F200000A03200A4F8CC00BDF80200A4F8CE009DF8090084F8DC000BE0B4F872
:20680000CC00ADF80000B4F8CE00ADF8020094F8DC008DF809000498DAF80010C0EBC00007
:2068200001EB400056460E2269461BF611FA45B904983168C0EBC00001EB4000807984F856
:20684000DE0094F8D90001287FF457AF04983168C0EBC0000301F401E017250001EB400072
:206860004088FFF7B6FE00283FF44BAFFBF7E2F847E72DE9FE430546D07A0026DDF82890B8
:2068800088461F46042835D1F87A042832D1184607F65EFF01907C88B8880290387A38B138
:2068A000002000904B4602AA01A9384608F662F80198FCB1029A8118A9420BD3B1FBF4F295
:2068C00004FB121609E0291AB1FBF4F181B101FB040086188118A942F5D3A84201D3404575
:2068E00003D3AE4206D9464504D80120BDE8FE832044EEE70020F9E72DE9FF4F87B0054626
:2069000093464FF0000A149C07F622FF0490A8880590287A039438B100200090234605AA44
:2069200004A9284608F626F8002089E06988049A08FB012005998146029008440190089870
:20694000A0B3297B007B814230D8BBF10301F401D0182500000F10D1284608F600FD60B1DE
:20696000089808F6FCFC40B1284608F6E5FC0446089808F6E1FC84421CD003980090DDE9DB
:2069800001102A46089BFFF778FF044601A902A8039B089A08F68EFCDDE90101814251D252
:2069A000F4BB5A462846089908F664FC10B10299494547D1002438E09549C4EBC40009681B
:2069C00001EB4006F07A60B3AE422DD0287B317B884229D8BBF1000F10D1284608F6BFFC3E
:2069E00060B1304608F6BBFC40B1284608F6A4FC0746304608F6A0FC874215D0324601A931
:206A000002A8039B08F656FCDDE90101814219D25A462846089908F62DFC10B1029901E055
:206A200010E001E049450DD1641C7A4800788442C2D30A990AF1010A8A4503D300200BB0DB
:206A4000BDE8F08F0301F401C019250008F101007349804609788842FFF470AF0220F2E747
:206A60002DE9FF5F814600208B46411E1446804607460391BBF1020F04D06A4900250978A0
:206A8000029146E06849F9E7634AC5EBC501126802EB4106F17A81B3728872B3BBF1020F60
:206AA0002CD1B9F8021019B1104647F6F5FB00E00020824608F67DF900B35C48007810B9F5
:206AC0002AF629F930B1F07A052803D199F80B0005280BD003A8CDE9000408F10108534684
:206AE0003A464946304608F635F80FE0CDE9007453463A4649463046F5E709E0CDE90074C0
:206B00005A4649463046029B08F63AFC00280CD16D1C424909788D42B6D3B8F1000F09D07C
:206B2000039939B1481C03D0084604B0BDE8F09F0220FAE799F80C100029F6D00301F401CA
:206B4000B01A2500CDE900745A4600214846029B08F61AFCEDE72DE9FE4F0027B846DFF8E9
:206B6000C0A0DFF8C0B0029051E0DAF80000C8EBC80200EB4205E87AE8B308F101062CE021
:206B8000DAF80000C6EBC60100EB4104E07A18B3287B08B3207BF8B1688820B1618811B148
:206BA00047F67EFB00E00020814608F606F998B10020009001904B4621462846029A07F6D2
:206BC000CDFF48B1287B247BA04200D90446022C24D0BC4200D92746761C9BF80000864256
:206BE000CED300200190029800901348022200210378284600E008E008F6C6FB28B1287B8D
:206C0000022809D0B84200D9074608F101089BF800209045A9D33846BDE8FE8F0220FBE797
:206C2000903A2000883A2000833A2000813A2000803A20000301F401A01B2500863A20003D
:206C4000823A200010B5FE4C606848B920780021C0EB4010800017F690F86060002808D0F7
:206C60002078C0EB401081006068BDE8104019F61FBE10BDF24B10B55A68D2B100211B788F
:206C800015E0C1EB411412F8244024060DD4C1EB4113491C12F8234044F0800402F823409E
:206CA00002EB83025080C8B210BD491CC9B29942E7D3002010BDE24A5168002910D00028D3
:206CC0000ED0127890420BD8C0EB401001EB800010F87C1C090603D57C387C2119F6E8BDA4
:206CE0007047D74A516889B180B1807D10F0780F0CD01278C0F3C300904207D8C0EB40128A
:206D000001EB820212F87C2C120601D400207047401EC0EB401001EB8000704702460020A9
:206D2000A9B1D2F8A410002921D092F80301F401901C25009C1092F8A920C1F3C301012A6B
:206D40000CD00B292CD023DC032913D0042925D00A2910D10EE092F89410ECE7C91E0D29D7
:206D600009D2DFE801F007090808080F080B1108080D130001207047062070470720704762
:206D800008207047092070470A2070470B2070470E29EFD00F29FAD10520704703207047C2
:206DA0000420704779B1D0F8A41039B190F8A31099B990F89800012813D014E090F898009B
:206DC00001280CD009E0A14909780C2907D090F89800012805D0082905D000207047032030
:206DE00070470220704701207047994A126831B1406D90F876010BE002280DD003E0C2F3B6
:206E00004101032901D000207047406D90F877010128F1D102207047122070478C4910B568
:206E20000A688B490301F401801D250014390968C2F34102B0F8A400032A07D0002112F622
:206E4000A5F908B1022010BD032010BDC0F3C000C1F38001884201D1012010BD002010BDDD
:206E60007D480068C0F34101032905D0800701D501207047032070470020704770B50E4690
:206E80000546FFF736FF040014D026B101212846FFF7AFFF03E028460121FFF747FF014693
:206EA0002078C0F3060004EB400010F8412F61F3C702027070BD2DE9F0410746674888460D
:206EC0000068801EC5B23846FCF728FD18B1B0F91600061200E000263846FFF70AFF040078
:206EE0006DD04F2D00D900255D482178405DC1F306012144301A08712078B8F1000FC0F31A
:206F00000600204480F8226020D03846FFF78AFF01462078C0F3060004EB40000301F40160
:206F2000701E250010F8412F61F3020202703846FFF79AFF01462078C0F3060004EB400088
:206F400010F8402F61F30202027000213846FFF754FF21E001213846FFF72CFF0146207867
:206F6000C0F3060004EB400010F8412F61F30202027000213846FFF71DFF01462078C0F3A4
:206F8000060004EB400010F8402F61F30202027000213846FFF7CEFE01462078C0F3060082
:206FA00004EB400010F8402F61F3C70202702078C0F30601491C1E22B1FBF2F302FB1311F3
:206FC00061F306002070BDE8F0812DE9F0470D468246FFF792FE040061D0082D58D1B72257
:206FE000FF21B920B0F52FFB5FEA000950D020780023C0F306019D2089F80A00608809F1B8
:207000000802A9F80B0001259C464FF01E086718D0183E790301F401601F2500467197F84C
:20702000226080F8236004EB410010F8406FC6F3020702EB0C0686F841700778FF0886F8F8
:207040007D704678C6F30207561986F841704078C00886F87D00491CB1FBF8F00AE00000C7
:207060001C042200B2282000AC8B3100A086310098A5200008FB101120785B1CAD1C0CF1BF
:20708000020CC0F30600DBB2EDB20CF0FF0C8842C1D14846B0F5D2F99AF81600BDE8F04718
:2070A000C0F3C30017E6BDE8F087000070B50546584800220C460270574811460270574844
:2070C000FDF5F7FD19F6B2FB19F637FC064639F6B3F8304619F635FC10F6D2FE30F62EFFC7
:2070E000EEF723FE0CB1B3F561FDDFF589FFDFF572FF11F6B9F885B119F600FADAF520FB45
:20710000B1F53BFBFEF5F5FE0EF630F90301F40150202500204617F6ABFEDCF59DFBDCF59C
:2071200017FC10F6C0F9012070BD10B53E4C206840F48020206001201BF6D3FE8020B5F5B7
:207140003EFBB6F505F9206840F48010206030F6B9FC00F053FAE8F5A2FD206840F4001021
:207160002060E8F5E6FEB3F5C3FCDCF533FCEFF7B1F817F694FFDCF589FB2C48417821F0A5
:207180000301417000210846D7F515FBB3F512FDE0F5D4FB4EF6A0F832F61AFA2448017897
:2071A00019B181784078FFF515FE2248007808B1CFF5F1FEDAF538FAB1F5E0FA19F63AFB3A
:2071C0000EF65AF9B1F589FAAFF5A8FE19F69AF9606840F008006060B1F5A4FE22F6D2FB56
:2071E0002FF686FFD9F592FC0021084638F63FFF11480068400701D4B8F506FFE6F591FEB5
:20720000606840F40301F4014021250080606060D9F549FC0022BDE81040114606203FF677
:2072200069BC00009C28200083282000017C40000004200010882000D72220004C04200058
:2072400080013200F849F7480860F84918300860704770B5F348F64A001FF64B0078F64C31
:20726000F64D002168B1012601280CD002280FD0042810D0082803D11170197021702E7013
:2072800070BD117000E0167019702170297070BD11701E70F9E7117019702670F6E770B569
:2072A000E74DE84AE84BE94C012806D0022803D1188810602888206070BD106818802068FE
:2072C00028804878012803D043F60210106070BD43F632101060C820B5F575FA206820F0DE
:2072E0000200E8E718B1042801D0052800D1042070474FF446120146D2F804030301F40172
:2073000030222500D44B00F00F001970C749091F497819B9D2F8040340F000400021B6F676
:207320006BBECD4AC0B21070CC4A1268002A0CD030B1CB484FF00043008843EA002003E057
:20734000C848006800F00F001047704710B5C64C012809D0207800280ED0BF490020207079
:207360000870BDE81040C8E70120FFF7DAFF2078002801D10120207010BDF0B5B54DB54E47
:20738000BA491C3D083E012812D0B9488B884C89826848880989177C222F2BD00DDC012F13
:2073A00012D0062F16D0102F22D0212F29D124E008882860C8883060F0BD282F0FD02A2F1D
:2073C00013D02B2F1DD113E092F8A92017E02B603460F0BD92F83D20032AF8D011E0D28F4B
:2073E00043F206373A42F2D10BE092F8642006E0926AE9E70301F4012023250092F86920BD
:2074000001E092F85D20012AE5D028603160F0BD2DE9F041074687480025001F2E4645700E
:20742000954884683846FFF7ACFF012F0AD08248006846F6FAFF8948AC380660207C1628FE
:2074400005D01AE07D48006846F6EFFFF6E7606D8A4990F8DA0000EB800001EBC00090F888
:20746000240050B186490968897811B1C0F3400001E000F0010040F08005824801787C4863
:2074800009B1067001E00121017029463846BDE8F0415FE77748714A1C3A418811606F497D
:2074A0000089083908607047704710B5764C2088012804D1FCF734FF2088401C2080734979
:2074C000886840F0030088604FF000020A60A1F57771104634F91030C1F8E03300F10100F7
:2074E0006728F7DB4FF4C800D0F814310301F40110242500C3B1D0F8144101F578731C60D3
:20750000D0F8100118601A604FF06A00C1F8E02300F101007C28F9DBD1F8E4034FF6FE726C
:207520001040C1F8E40310BDD0F81041E5E710B5FFF7BFFFFCF763FD47F6A7F9BDE810400B
:2075400030F618BC01464B480068474A00F00F0011704FF00001B6F657BD40483830016885
:2075600021F03F0141F0270101604B4844F6191101604CF60D118162484944F21B500860CB
:2075800001F104014CF611100860454948F22850086001F104014CF61100086001F10401D8
:2075A00044F21A70086001F104014CF60C0008603C4944F61B200860704710B504280DD10E
:2075C00019F648F9E8F561FCE8F559FBE8F5D8FCFFF76FFFBDE8104018F6A4BF10BD10B5E3
:2075E000D8F5BAFF0301F40100252500304A3149A0B917480078012810D016480078012896
:207600000CD015480078012808D014480078012804D0294810602948086010BD2848106080
:207620002848F9E7284810B500214160AFF26D018160B6F507F9254800680068BDE8104036
:207640000047000028042200A8092000B00920008209200083092000840920008509200039
:20766000720E2000AC064100700E2000F006600067FD210078FD210044FD2100048331004E
:207680008609200038092200E05120006C31220080FD2100D4FB2100942F2200DC03410035
:2076A000C4004100CC044100D8044100F80541009009200094092000580C2000180D20001A
:2076C000380B2000F80B2000B4582000B81A200010B5614C614A012807D002280301F401C6
:2076E000F025250004D14878012801D11068206010BD48780128FBD120681060206820F4B2
:20770000005040F480402060322019F68AFA206840F400502060BDE81040322019F681BAA3
:207720002DE9F0414E4E504D01281BD0022817D14878012814D02868316820F4007021F414
:20774000005140F4807441F480472C603760322019F667FA24F4807027F4804128603160D2
:20776000BDE8F0814878012816D02868316820F4007040F4807021F4005141F4804128606F
:20778000316040F4007041F4005128603160C820BDE8F04119F645BA4FF480403060286826
:2077A0004FF6FF4108402860322019F63AFA4FF4C0403060286880B240F44070286032208C
:2077C000E6E72DE9F041294A294B0128127802EB820203EB0301F401E0262500C2024FF471
:2077E0004813567D214A07D00228BDD148780128BAD15068D865B7E748780128B4D1D86DA7
:207800009846194C5060206820F4C0402060164D20203C3D2860164F38684FF6FF410840E3
:207820003860322019F601FA144806604FF0320019F6FBF9386880B240F440703860212689
:207840002E60206840F4C0402060322019F6EDF9002028604FF40071C8F85C102E60BDE85C
:20786000F041322019F6E1B9FC04410018062200E8074100E4222000B40E200004016000BE
:2078800030B44FF6FF752A464FF4461461B1012902D0022919D10CE0D4F80423244B60F37A
:2078A00007020020187010E0D4F8042360F30F220BE0D4F8043360F30F23C4F80433D4F87E
:2078C000043360F30703C4F804331A480301F401D0272500036843B121B10020104330BC1A
:2078E000002118474FF00040F8E7AA4201D0C4F8042330BC704770B5114A00240128117811
:2079000009D001290FD114700020E8F5E8FCBDE87040FEF7E8BA0B4D31B1287810B1012077
:20792000E8F5DDFC2C7070BD01201070E8F5D7FC012050F6D6FEF5E767FD210078FD210045
:2079400086092000870920002DE9F84F0446002718F690FF19F615F8009095482221016030
:207960009448002606604FF446114FF00400C1F804024FF448152E660E604FF03200B4F547
:207980003EFF8D48E8654FF445118020C860C820B4F535FF8948016821F001010160DFF8DD
:2079A00020B24FF00001CBF8001022788548DFF818A24FF480614FF4CA094FF4C005EAB10D
:2079C0000160C5F80301F401C0282500BC6181480660D5F8FC0220F00C00C5F8FC02DAF8C3
:2079E000000058B109F5B070026922F001020261026822F001020260CAF80060009818F6D4
:207A0000C8FFD5E0E278032A01D14FF490410160002046F6A9FE4FF0010809F5B070CAF8F1
:207A20000080016941F001010161016841F0010101604FF44611C1F800624FF08000C1F89D
:207A40000402E078012835D0022833D0D5F8FC0220F00C0040F00800C5F8FC025D48C0F836
:207A6000008060785B4A801E083210606078801E121F10605848086000204FF47A734FF40F
:207A800045120146401C994202D8D1680906F8D54FF448104FF400310166C820B4F5B3FE6A
:207AA000C5F8BC81009818F674FF20783346354628B17BE0D5F8FC0240F00C000301F401F3
:207AC000B0292500CCE7E8B2A17840F0010060F30705062919D2DFE801F003070E36393D1C
:207AE00020F01C0018300EE0C5F3072040F0010060F30F2509E0C5F3072141F0010161F33D
:207B00000F2540F0020060F307054FF48201D1F8400320F00100C1F840035A46CBF800302E
:207B2000E07803281AD004281FD0C5F3072160F3830161F30F252079072829D80006800D22
:207B4000404240B22BE020F0E000DCE720F0E0002030D8E720F0E000A030D4E7C5F307209A
:207B600020F00C0060F30F25E5E7C5F3072040F00C0060F30F2501F5507140F20A50086049
:207B8000086840F0010008604FF005001060D2E7082802D0092805D008E094F905002DF6CA
:207BA000F7F802E0A0792CF6BBFC0746F9B20D4846F61AFF0301F401A02A250002480560C9
:207BC0000120BDE8F88F0000C00441000082310000020C0040034100440660008804410097
:207BE0002006220010843100010080000483310058490A6858484261584A12688261584A48
:207C000012684262574A12688262574A12680263564A12684263496F0162554909688163FA
:207C2000704710B50446FFF7E3FFA41CE0B240F080014A48B83846F6DBFE4D480068464980
:207C400000F03F00C8604A4838380068C0F38500421120F020008860012A04D180F01F0031
:207C6000401C40428860424854300068C0F30330C21020F008000861012A04D180F0070018
:207C8000401C40420861354A012010603148026842F0CF0202604FF00F0282604FF01C02B6
:207CA00042673448026942F0010202610301F401902B2500026842F0010202602A4A47F215
:207CC000C1001060294A4FF4C04010602C4802684BF6FF7302EA03020B6842EA8332026015
:207CE000244A106820F07F03486843EA8011254B1B6841EA030111601D4910B14FF4C5409C
:207D000001E046F29620086010BD1548134942690A60144B82691A60C2698A60124B426AAF
:207D20001A60124B826A1A60154BC26A1A60104B026B1A600F4B426B1A60026A4A670E49C9
:207D4000806B08600D48016921F001010161016821F001010160704770470000900164005C
:207D600024062200BC01600060044100FC0441005804410028044100E406410060016500B9
:207D8000E80641004409220010B514460C30F4F7EBFA607110BD70B5F94C017BF94DE07CF4
:207DA00061F386100301F401802C2500E074410603D5297809B901212970C0F380102FF616
:207DC00018FAE07C400604D42878012801D10020287070BDF0B50930ED4BC1781C7800298B
:207DE00002D04FF0010501E04FF00005E949CD7006790D78477966F341058E7867F3871678
:207E00008E70867966F3C5050D7002D044F0020101E024F002011970047914B141F00401C3
:207E200001E021F00401DA4C19700579A47815B144F0200401E024F020049C70047914B17D
:207E400041F0800101E021F080011970CF490978012916D18079052813D2DFE800F00306FF
:207E6000090C0F004FF4FA300AE04FF47A3007E04FF4FA2004E04FF47A2001E04FF4FA1067
:207E8000186100205071F0BD38B5C04909300978012935D1C17879BBBD4A83790301F40192
:207EA000702D2500117813B141F0040101E021F00401B94B117084799B7814B143F02003D6
:207EC00001E023F020039370C37913B141F0800101E021F0800111700179052914D2DFE88D
:207EE00001F00306090C10004FF4FA310BE04FF47A3108E04FF4FA2105E04FF47A2102E031
:207F000002E04FF4FA111161C1790091837942790179C078FCF542FB38BD0C2050717047C4
:207F20002DE9F05F8146002008609D489B465E4600F5807300F18004A0F18005BBF1050FF0
:207F400072D009DC012E11D0022E15D0032E20D0BBF1040F68D128E0062EF1D0DFF844A202
:207F6000082E28D0BBF13F0FF4D180E01C2AF1D103690B6040695FE1072A02D0102AE9D1F5
:207F800003E0986E0860D86E56E1186F0860586F52E1032A0301F401602E250005D02D2A25
:207FA000DCD1036E0B60406E4AE1206E0860606E46E1022AD2D1A86E0860E86E40E11E2A68
:207FC0003FD010DC0E2A50D006DC062A35D00C2A1AD00D2AC2D11FE0102A48D0122A48D0A8
:207FE0001D2ABBD135E0322A1ED006DC1F2A38D0272A0DD0312AB1D12FE0332A19D0342A5E
:2080000023D04E2AAAD10BE083690B60C06917E1286C0860686C13E1836A0B60C06A0FE1E1
:20802000036B0B60406B0BE1286D0860686D07E1F3E0286E0860686E02E1186908605869E2
:20804000FEE0286908606869FAE0A8690860E869F6E0286A0860686AF2E0A86D0860E86D8E
:20806000EEE0186D0860586DEAE0504684E75046CAE75046EAE04FF0130E4FF0060809F167
:20808000090CB2F5A77F6FD042DCE22A0301F401502F25006DD01CDC252A6BD00CDC142A13
:2080A00069D004DC0A2A01D00C2A87D1FEE11C2A75D0242A92D18DE1542A7FD004DC4C2A68
:2080C000F4D0512A8AD16EE16D2A78D0C22A85D1A0E140F21717A2F21716BA4270D00EDCCE
:2080E000FF2A6ED004DCE92A6CD0FE2A87D185E1A2F58070153875D0012887D104E1062E51
:2081000071D004DC012E6FD0042ECED11DE1072E6BD0332EC9D175E1B2F5D47F71D02BDCFE
:2081200040F28917A2F28916BA426BD013DC40F28516A2F28514B24271D007DCB2F5AA7F32
:208140006ED0A2F58073793B6BD1CFE0022C69D0032C66D14EE10E2E70D004DC012E6ED0F3
:20816000032E5ED1EDE00F2E6AD0122E59D116E14CE148E032E10EE140F2D3160E4FA2F297
:20818000D310B2420301F4014030250072D025DCB2F5E17F7DD01ADCA2F58070AB386BD048
:2081A000042842D13EE125E1F8532000413420002D3420009C222000040722008408220021
:2081C00060F521005BE111E1A6E01AE017E0A2F58070CF3871D0032827D127E111286DD014
:2081E00008DC01286BD00A281FD15FE155E0CEE097E0D0E0332878D03D2816D158E150460D
:2082000012E7036D0B60406D22E040E195E0DCF803401D2C22D00ADC0C2C0FD0132C14D0D3
:208220001C2C02D116E080E025E179E081E0212C18D0222C1AD0232C72D11EE0836D0B60B5
:20824000C06D05E01DE07CE01FE0186808605868486003E1A86A0860E86AF9E7036A0B60FC
:20826000406AF5E7186B0860586BF1E7986B0860D86BEDE7DEE00CE0F9E0186C0301F40170
:20828000303125000860586CE6E7A06E0860E06EE2E7206F0860606FDEE7A06F0860E06F81
:2082A000DAE79CF80300402824D303D1206C0860606C14E0412807D0422809D044280BD0B5
:2082C0000EE0E4E0FCE0BDE0A06C0860E06C06E0206D0860606D02E0A06D0860E06D4860BF
:2082E0009CF803003038102875D2A86B0860E86BB2E7D2E0A0690860E069F0E799F80B407A
:20830000714B062C02D9A3F804E001E0A3F80480836E0B60C06E9FE7206A0860606A9BE7C7
:20832000A06A0860E06A97E79FE0206B0860606B92E7036F0B60406F8EE7836F0B60C06FC0
:208340008AE720680860606886E7A0680860E06882E72069086060697EE75B4B9CF803000A
:208360000424B83B50B1312808D050280ED09C80D520D8800301F40120322500286B086086
:20838000686B6DE73126DE80312801D09C80F5E7082002E0F220D88007209880EEE7036CE8
:2083A0000B60406C5CE7836C0B60C06C58E7A06B0860E06B54E7836B0B60C06B50E744485E
:2083C00099F80B30E838122B0AD0424B0360A0F804E0A0F8068028680860686840E745E0FC
:2083E000AFF22363036015238380F2E7286F0860686F35E7A86F0860E86F31E703680B6029
:2084000040682DE783680B60C06829E7A8680860E86825E798680860D86821E79869086025
:20842000D8691DE7186A0860586A19E7986A0860D86A15E7A86C0860E86C11E738680860D3
:2084400078680DE7B8680860F86809E799F80B00012803D038690860786901E71E48086038
:2084600099F80B00C01C8880A1F806800301F40110332500086800282CD15B464846BDE893
:20848000F05FB6F555B8986C0860D86CECE6986D0860D86DE8E6186E0860586EE4E6986F4E
:2084A0000860D86FE0E65046ACE79CF8053001240C48B4EB530F01D1142300E00723C38085
:2084C0005046A3E75046BFE5504678E750466AE750466CE7BDE8F09F6C0722009F05070009
:2084E0001D3E10008C08220070B5012940D12C4821F66AFC08BB2B49294821F6AFFB0DF69E
:20850000D2F8284C20882D2807D02F2816D0264D05EB80000068D8B915E0A07810B1012839
:2085200006D025E02279E178A068EEF772FD1FE094F90E10607BEEF74EFB19E06088C0B20A
:20854000F2F720FF14E0FE2140F2CE4019F638FA2088042810D00C2812D00D2814D0302844
:2085600016D00B280301F4010034250018D005EB800001680D488847E8F50FFA012070BD77
:208580000A48F6F70DFFF7E70848ACF68FFFF3E70648ADF6E5FBEFE70448F6F7C8FAEBE7E4
:2085A0000248ADF696FFE7E70C6820000C29200060050D00002070470020704700BEFEE7BF
:2085C000401EFDD270472DE9F047994E07460D46032801D1FF2D0DD018F6D2FC044640F285
:2085E00053294FF44818062F70D2DFE807F0056F1B222B49B478F2E74FF440604146C8F8D3
:20860000BC000122C8F8BC200A20401EFDD2C1F8B4400A20401EFDD2002D01D0C1F8B820F5
:20862000BDE8F087042D51D29D21484619F6CCF94CE0B470FF2C4BD10921384618F6A0FCC1
:20864000B070EDE7D8F800004446C00401D5092DE6D318F6CAF98146B078FF280301F40163
:20866000F034250003D1206800F00F00B07070782844C1B27170092900D30921384618F6D3
:2086800083FC0446484623E0D8F80000C00401D5092DC9D318F6ADF982467078A84202D222
:2086A000002070702FE0401B10F0FF0070702AD0042804D240F21F11484619F689F971780B
:2086C000092900D30921384618F65EFC0446504618F693F9FF2CA7D0D8F800104246C1F34D
:2086E000031021F0FF01022F03D0B3789C4200D31C46A04200D2204644EA001008434F49D9
:20870000092D02D00BE0B478E1E70B6843F007030B600B68DB435B07FBD140F48050106024
:20872000092D81D21068C0048FD5106820F480501060086820F00700086008684007FCD1D1
:2087400072E72DE9F0413C4C3D4D207818B92978E27891420301F401E035250027D0297865
:2087600019BB002778B118F648F9074637484FF07042D0E900108A1840F10003344818F6A0
:208780009FF9F7F7A5F9334800268660C66003218160091F0160A321816018F652F92078E4
:2087A00018B12670384618F62CF92878E070BDE8F08170B5274800248460C460224E01254D
:2087C000357018F662FB34701D4805701F48D0E90012491E42F10002C0E90012BDE870402D
:2087E00040F21B2140F2532019F614B91A490022096804E0814201D1012202E0096800297C
:20880000F8D1104670472DE9F04104000F46CED018F6F3F80646204618F643FBA06840F015
:208820000400A06018F645FAC21941F10003204618F646F93046BDE8F04118F6E2B8B6E793
:20884000E4082200B8043200611C20000301F401D0362500701C2000684E200000A0320007
:20886000681C200054495520086070472DE9F05F06460C4691469A460A9D18F6C2F8834631
:2088800026B158214FF4207019F6AAF84B4F386820B15E214FF4207019F6A2F83C60C4F8A6
:2088A000009000276760A56026736773A77384F858704348206440484038006800F00F00EE
:2088C000082804D08E214FF4207019F689F83A4854380760384E443E37603A4807604762DC
:2088E000A6F10408D8F80000C0F34110032804D09F214FF4207019F673F8D8F8001041F0E4
:208900006801C8F800104946204663F61BFD3068000604D4A4214FF4207019F661F82A49CF
:208920000220F1F501F8244810380760001F07600220207725482062224864628C38A062F7
:20894000276323490301F401C037250061634BF20101A1631A4A03210C3A1160012284F827
:2089600068201E4AE2662467A067E7671C48C4F880004AF64100C4F8840011480838016084
:2089800000210846CEF52DFC00210120CEF529FC2DB10F20ACF561FF0F20ACF5B9FF316823
:2089A000BAF1000F01D0412000E00120014331600349552008605846BDE8F05F18F629B84B
:2089C00064043600281C20008F740700A8003600D17207002174070000B04088CD74070007
:2089E00000900984F8B5354C207820F0010020706846F7F52BF9002859D0DFF8C4C0DFF8B2
:208A0000C4E09DF802609DF800309DF801500021C1EBC10202F5502292F80E7287421FD154
:208A200092F80F729F421BD192F81072AF4217D192F81172B74213D1C1EBC1000301F40129
:208A4000B038250000F5502090F812028CF8000092F814028EF80000207820F00C0040F07A
:208A600001002070617025E0491CC9B20B29D3D3BF2B17D00C206070C0B2C0EBC00000F536
:208A800050201F2B90F814028EF8000006F00F008CF80000207820F00C0040F021002070DA
:208AA00002D005E00B20E6E7432D05D0442D03D0F7F542FA0120F8BD0548017841F0010187
:208AC0000170F7E73C2420003524200034242000E71B200070B5374A0021354B14780DE0F4
:208AE00003EB41129588854207D3157C527CAA1A002A02DD03EB411070BD491C8C42EFD8E5
:208B0000392140F24F2018F655FF002070BD70B50446002517F67DFF06462046FFF7DAFF0D
:208B2000040003D0012115F6E2F90546304617F674FF20460301F401A039250015F6D5F9DF
:208B4000284670BD70B50446002517F666FF06462046FFF7C3FF040004D0002115F6CBF942
:208B6000054604E0872140F24F2018F627FF304617F657FF204615F6B8F9284670BD70B58E
:208B800005000F48046816D00CE02946204615F6C9FA30B144B129462046BDE8704015F68D
:208BA000CEBA2468002CF0D1BDE87040CE2140F24F2018F603BF70BD18072000B41B2000A4
:208BC000140720002DE9FC4117F627FF8046CBF521FAFB4E68463468CBF562FAB8B3871F73
:208BE000BDF80200B91C401C20F00102121DA01CF7F50DFBBDF802006946401C20F00100C8
:208C00000519AD1DB81DCBF50EFA044617E0BDF80200A11F401C20F00102921D2846F7F59F
:208C2000F6FABDF802006946401C20F00301F401903A250001000544AD1D2046CBF5F7F960
:208C4000044620F60DFF002CE5D127B1022239463068F7F5E0FADD4CCBF56DF820F600FF8A
:208C6000308A3168401C20F00102606AF7F5D3FA0021606A7182318A08447061CBF5CEF972
:208C8000404617F6D2FEBDE8FC81F0B587B007460C461546F6F5ACFFF7F52EF800280CD0CD
:208CA000DEF59AFB002808D047F6FE70874203D814B1B4F5803F02D3002007B0F0BDC4486B
:208CC0000078012820D0C34E307800972118491DB1FBF0F08DF814006846CBF530FD00282C
:208CE000EBD0BA48BDF812103278406A01FB020086B247F40040ADF80400A2B20021ADF818
:208D000006208DF808101BE03846CBF5D8FD2A4621463846CBF54DFD0446AB48418A39B32F
:208D2000416900680301F401803B2500A0F20510814221D3FFF74EFF1EE09DF808306F5C11
:208D4000491C3B448DF80830A142F6D39DF80810104481F0550108448DF8081080F0550050
:208D60008DF80900062201A930462EF6EBFF22462946B01D2EF6E6FF2046A2E77CB50446F8
:208D80000E461546F6F538FFF6F5BAFF002813D0DEF526FB00280FD069462046CBF5B6FBD2
:208DA000002809D0BDF80240B44200D93446224629462EF6EEFF20467CBD2DE9F04F89B05D
:208DC000002080460290F6F517FFF6F599FF002875D018217E4814F67FFFDEF501FB0028AC
:208DE0006DD07C4C7A4D7C4EE16A606A08442860317801290DD1022208A92EF6CAFFBDF8CC
:208E00002010A1F57F40FF3801D0CBF514FA606A6861002003900490059006900301F401F9
:208E2000703C2500FF2015F6BEF85FEA000B05D14FF4BB7140F24B2018F6EAFD3078022884
:208E40000ED16848E16A0078B1FBF0F0C01C870800213846CBF5BDF93946029017F6B4FDE5
:208E60005E48446A7EE00622694620462EF695FF5B480078012808D1BDF80010A1F57F4014
:208E8000FF3802D15448446171E0BDF800104FF0000A080449D5BDF802009DF80420014449
:208EA000114481F055019DF80520C9B291423CD1A11D4218484909688A4236D8002704F171
:208EC0000609C5B215E0D2E0042D01D22E4600E004263246594648462EF65FFF002003E0B9
:208EE0001BF80010401C0F44B042F9D3A81BC5B2B144002DE8D187F055009DF80410C0B2E6
:208F0000814212D1BDF8000003ABC0F30E0101F01F0201200301F401603D250090404A0975
:208F200053F82210014204D1014343F822104FF0010A2D48007801282FD0BAF1000F57D0AB
:208F40002A4DBDF802202878411D1144B1FBF0F0C3B28DF81C30012241460298CAF587FE16
:208F60009DF81C002978804400FB01441C480068A0423FF67CAF584615F61CF91A480078F5
:208F8000012847D0174800252C46C16A17482F462E460078B1FBF0F856E0BDF80200401CD3
:208FA00020F00105AD1D0E48BAF1000F03D0018A294401820EE0418A29444182BDF80000D5
:208FC000000407D50020ADF800000222694620462EF6C0FE05F1010525F001000444C5E7CB
:208FE000C05D2000DC072000300820001C242000BDF80000000407D50020ADF800000222FB
:20900000694620462EF6A6FE264808F10301F401503E2500010800780444ABE72448408ACF
:2090200060B3FFF7E3FD29E0024607AB31460298CAF5B3FE00289DF81C0003D0844205D27A
:20904000044603E0854200D205460744C0B2064440464645E8D3A54205D2E0B20299CAF582
:2090600039FF28B907E0012C05D9B5EB570F02D20298CAF5DAFE0298CAF5E2FD012009B0C8
:20908000BDE8F08F10B50446DEF5B6F900280BD0F6F5BEFDF6F540FE002805D02046CBF526
:2090A0001EFC002800D0012010BD00001C242000C05D20002DE9F04104460D002BD000205A
:2090C000286017F6BEFCE16907460029216A40F28D2004F1240601D089B90DE011B12721EE
:2090E00018F69EFCE56125620121304617F696FC2046B1F5B9FF09E0352118F691FC206A9C
:20910000056025620301F401403F25000121304617F688FC3846BDE8F04117F69ABCBDE841
:20912000F08100F024BB0000074910B589880830814201D2FFF772FA034814F6F1FF00282C
:2091400000D0083010BD0000649E20003EB50278811C022A03D0222A01D02F2A64D1491CFF
:209160000DF10502002311F8014B5B1C02F80149062BF8DB0078022811D0891C0DF10A0083
:20918000002211F8013B521C00F80139032AF8DB9DF80800402804D0802802D044E0C91C6C
:2091A000ECE70024654D0CE004EBC401084400F53370062269460FF65DFF002835D0641C9D
:2091C000E4B2286890F85C13A142EDD85C480022694600680BF6ACFEFF2825D12868032270
:2091E00090F85C1301EBC101084400F2D22002A90CF61BFD2868062290F85C130301F4012D
:209200003040250001EBC101084400F5337069460CF60FFD296891F85C03401CC0B281F8AA
:209220005C03102804D3B22140F2393018F600FC00203EBD70B501788CB0032947D1817816
:20924000054611B1052940D041E03E4E346804F5337406E006222146681D0FF60FFF30B1EC
:209260000934306800F557708442F3D32FE02C22002168460CF636FDA01D09A9002210F8D7
:20928000013B521C01F80139032AF8DB6B46581D2146002211F8015B521C00F80159062AED
:2092A000F8DB1022FF21981D0CF61CFD27488088800504D52448694600680BF620FE092217
:2092C000002120460CF60EFD01E0C3F5C3F90CB0002070BD70B505460C46C3F57BFB2A780A
:2092E000032A0AD0022A03D0222A01D02F2A03D1AFF29F100301F4012041250020600220AD
:2093000070BDAFF2C700F9E710B5002813D0ADF5A8FD012801D167F6F6FDC9F510FD0C4C53
:209320000D4920680BF66BFDAFF24F012068BDE810400BF66BBD10BD10B5ADF592FD012863
:2093400003D1BDE8104067F6DEBD10BD4C4F21007048200092342000E741250070B500F49F
:209360007C41C0F309040D0ACAF536FA00280AD1FC2D08D13A4A002102EBC1039B88A34207
:2093800002D152F8310070BD491CF5D070BD10B50446CAF544FA002804D1A4F57C41FE3965
:2093A00000D1012010BD10B5C41C0088FFF7D6FF010004D02046884708B1012010BD002025
:2093C00010BD70B5054600880E4600F47C410C0AFFF7DDFF58B1FC2C04D12888C0F3090069
:2093E000482809D0AFF24100306002200301F4011042250070BD102C02D11C4901200870E6
:20940000002070BD30B589B0057800242421684614F67EFC16484FF6FE42042D007801D06C
:20942000C8B11DE00E218DF80010012100238DF802108DF80530ADF803208DF808000422E1
:2094400007208DF806208DF801008DF8071068460BF6FDFD03E00C211046B7F55FF80124E1
:2094600009B0204630BD000078F52100A04820005944200010B5C9F5A5FDADF5F6FC0128AB
:2094800003D1BDE8104067F65DBD10BD70B51E4A04461178080704D52046BDE87040C4F503
:2094A000E6BDA38804F1080018440388A3F54065033D02D141F0020111700BF6A9FDEBE77C
:2094C00010B551F66DF811490020086010490860BDF565FE0CF605FDB4F516FBC5F528FBC8
:2094E000BDE810400301F401004325006CF691B80A4810B500680024D0F80804002806D0F6
:209500002046BDF526FE641CE4B2052CF8D310BDBC3420008423200088232000C435200075
:209520004FF454110028886A20F04000886206D0886A40F0400088623020ACF519BA3020F9
:20954000ACF52CBA03EB5203B3FBF2F310B5F54CA24203D95A420A7000210CE00022A2EB16
:2095600013120A7003F00F014A0801F0010303EB510141EA0211017010BD37B5EA4C9DF88F
:2095800000009DF80410084314D0D4F8200220F00800C4F82002D4F81C0220F00100C4F858
:2095A0001C029DF80400C4F804029DF80000C4F800023EBDDB4DDD4BD4F82002D4F81C12AC
:2095C000AA4202D940F0080001E020F008009A4202D341F0010101E021F001010301F401C2
:2095E000F0432500C4F82002C4F81C12D24B01A96846FFF7ABFFD8E7D048016821F47F0161
:209600000160016841F440310160D0F8981021F47061C0F89810D0F8981041F43061C0F8D5
:209620009810016821F07F410160016841F060510160D0F8981021F4704140F8981F0168AD
:2096400041F430410160704770B5FFF7D5FF00F0D9F9BB4C0025C4F800514FF0680020603B
:20966000606800F09F0040F081006060B54A29462846FFF786FF0420A061D4F8001141F098
:209680000401C4F80011C4F8FC0001212161A4F5077403E0D4F82023C4F81803D4F81823B8
:2096A0005207F7D404F5287444F8741CE06F40F00400E06744F8705C4FF00200A067BDE866
:2096C00070404FF001002FE700F0C0B99E49086820F001000301F401E04425000860704752
:2096E0009B49086840F00100086070479948416821F0020141604FF002010160416841F00A
:2097000002014160704710B58B4B58B1002203E0D3F820438454521C8A42F9D310BDD3F8A1
:209720002023401C8842FAD310BD30B50023824C0EE0D4F82452C5F38105022DF9D110B128
:20974000C4F820030020CD5CC4F820535B1CDBB29342EED330BD7F48016801F008010160A0
:209760000068000701D500207047012070477249D1F82422C2F38102022AF9D1C1F8200321
:20978000704710B50446FFF7E6FF012801D0002010BD6948D0F820032070012010BD1CB556
:2097A0000020FFF7C5FE644CD4F81C03400720D5D4F8180340071CD5D4F81C0320F00400DB
:2097C000C4F81C036846FFF7DCFF01280301F401D045250028D000F005F900F0B3F918B188
:2097E00047F2011000F077FA0420C4F81803D4F81C0340F00400C4F81C03D4F81C03800757
:209800002BD5D4F81803800727D504F54674606820F0020060604FF00200206000F0E5F803
:2098200000F090F9C4B213E0F1F74BFF0028CDD000F0D8F89DF8001000F01EF9C6E700F046
:20984000D4F801A900F04DF99DF80400FFF793FF2000A4F10104E4B2F1D10120FFF76CFEA8
:209860001CBD10B50446FFF77AFF012801D0002010BD3B480068C1B221700846FFF77BFFFD
:20988000012010BD314810B5016821F47F010160016841F440310160D0F8981021F4706177
:2098A000C0F89810D0F8981041F43061C0F89810016821F07F410160016841F0605101606B
:2098C000D0F898100301F401C046250021F4704140F8981F016841F4304101604FF0080187
:2098E0004FF0000017F6D9FBBDE81040B8E670B505460C4641EA440044F6DDFD002D04D06F
:209900006000BDE8704044F6D0BD70BD70B504000D460BD000220121284614F6E4F901228B
:209920000221284614F6DFF9104905E001220721284614F6D8F90021284614F68EF9BCB155
:20994000012116E060E3160000203500689D290000366E01100132001C223500C0C62D0005
:209960002022350018233500202335001162240000212846BDE8704014F673B91A4810B5B0
:20998000016821F47F010160016841F440310160016821F07F410160016841F0605140F8DA
:2099A000981B016821F47F4101604FF0000211464FF0070014F697F94FF400110301F40190
:2099C000B04725000120FFF796FF0721BDE8104001209FE706490A680260D1F898104160C6
:2099E0007047034902680A604068C1F89800704710013200C54800687047C4484068704706
:209A0000C3480E2117F610B800290AD0002808D00160C1608160531E19444160428200217D
:209A2000018270472DE9F041B84E4FF48A774FF48078D6E900451CB9384614F6E4FA044697
:209A4000424604F5C8712046FFF7DEFF1DB9384614F6D9FA0546424605F5C8712846FFF778
:209A6000D3FFC6E90045BDE8F041C9E7A74910B5D1E9000408B114F6C9FB14B1204614F66B
:209A8000C5FBBDE81040BBE770B504460D46008A618A884201D1002070BD16F6FAFF024602
:209AA000E0680570E0686168884201D0401C00E02068E0600301F401A0482500208A401C2D
:209AC0002082104616F6EDFF012070BD70B506460D46408A318A1446401AA04209DA002066
:209AE00070BD29783046FFF7D3FF20B1641EA4B26D1C002CF5D1012070BD70B50446008AEF
:209B00000D46002814D016F6C8FF0246A06800782870A0686168884201D0401C00E0206883
:209B2000A060208A401E2082104616F6BAFF012070BD70B50646008A14460D46A04209D2AD
:209B4000002070BD29463046FFF7D7FF20B1641EA4B26D1C002CF5D1012070BD008A704754
:209B6000002803D001466D48F5F599BF70472DE9F84FDFF8A0B10027674CDBF800004FF084
:209B800003080526058A8DF8007047F2021947F2031A92E06946DBF80000FFF7AEFF0028A2
:209BA00016D02078062813D2DFE800F00301F40190492500030A161A57769DF800006070F7
:209BC00004287CD8012006E09DF80000A0706078042802D00220207071E084F800806EE036
:209BE0009DF80000E070F8E76078012804D0042819D0022830D062E09DF800000C3014F670
:209C00001DFA6060F0B36188A0F809109DF80000A0816168C87210B160680B3014E06168F6
:209C2000C1F8049062E09DF800000A3014F606FA606038B3A17801729DF80000A081616806
:209C4000487220B160680930401CA06026E027706168C1F804A049E09DF80000A081042056
:209C6000B9E7A0899DF8001040EA0120A0816178022924D10C3081B26088AFF56CFA6060F0
:209C800060B100E01BE0618801816168A0894881A08918B160680C30A060267026700EE0A2
:209CA000607803280301F401804A25000BD0A089401EA081A1689DF800000870A08948B1FE
:209CC000A068401CA0606D1EADB2002D7FF46AAFBDE8F88F27706078012805D0022805D0E5
:209CE0000428F0D1504603E0484601E047F28200616848606068FFF73BFF2770E3E770B5E5
:209D0000054618F601FF0446082014F688F9010006D04D6004F1B000BDE87040F5F5C7BE00
:209D200070BD0000E8082200924D2200987920000E4810B590F85C0098B10D4C207800F089
:209D4000040100F00100401E01430AD0FFF7F0FB207840F0080020700020BCF563FC0120FF
:209D600010BD0220BCF55EFC002010BDE0172100BC342000F3F7A8BAC0490020024648804F
:209D8000AFF20F01BE4816F652BF10B5BB4C608800280ED0BA488068400702D50301F40134
:209DA000704B2500B84817F618F96188B748BDE810404143B44817F6F5B810BDB2488068DF
:209DC000400702D5B04817F608B9704770B5ADF5ABFAAC4D040005D0287830B9FFF7EEFF3E
:209DE0002C7002E0AA48007808B1002070BD287818B1FFF7CEFF00202870022070BD10B57D
:209E000004462CF653FB002816D00321082036F6E6F9A049002008704FF44811C86F40F09F
:209E20000120C867C86F20F00620C8679A49086820F060000860204610BD10B52CF636FBC0
:209E400050B99548016841F0600101604FF44810C16F21F00121C16716F62BFE0446ADF579
:209E600063FA48B10421082036F6B9F98A48001D016841F020010160864901200870204688
:209E8000BDE8104016F619BE38B5044666F675FF8248C4F80301F401604C2500D800ABF51B
:209EA000A1FB024604F1B0000090012304F1E8010020FEF737FD7C48B3F569FD7A487B49E6
:209EC0000025C0E901150121B3F55DFDAFF2C90177484160AFF295018160B3F55BFD84F81B
:209EE0008051102084F881014FF4167271492046ADF5F5F8684805706F480560BDE838408B
:209F000042E770B5ADF514FA50B16548016841F0600101604FF44810C16F21F00121C16713
:209F200016F6CBFD0546ADF503FA5D4C241D78B15A48007838B10421082036F654F92068FF
:209F400040F0200020602846BDE8704016F6B9BD51480078C006F6D4206820F02000F1E7BB
:209F60002DE9F0414C4C554D554F78B116F6A5FD06462078012240F002002070002128785B
:209F800013F6C9FEF878C0F340010AE00301F401504D250016F695FD0646207820F0020054
:209FA0002070F87840F34001491C287813F693FE3046BDE8F04116F688BD44490A686FF390
:209FC0000F0241F89029052812D2DFE800F00F0F030F0F0001F17C01486948F6880240EA65
:209FE000020048614FF0BB30086001E03848C86700207047002110B561F30F2040F0030021
:20A00000044636F603F80121204661F30F2020F0010035F6FBFF002010BD70B505460C46DF
:20A0200016F6C8FC2288A2F57C40183804D1214628462CF670FB29E0A2F57F40ED3805D172
:20A0400004F11301284661F6CAFE1FE0A2F57C402E3803D1284661F6ACFE17E0A2F57C4025
:20A060004E3804D1214628462CF63AFB0EE0A2F57C414FF47170293904D140F23A2117F622
:20A08000F1FC03E00301F401404E250040F23F2117F628FDBDE8704016F6F8BAF008220053
:20A0A000A04D220040420F00662120002C3020001C0436008B1C08005C5820007912080071
:20A0C000907B2000CB1E00003430200065212000E01B200090003200BBB9BBB92DE9F04730
:20A0E0000C463D49804647F241090878F0B38A46C00737D0B4B3606804F10805A0F5E04197
:20A10000843912D16E8806F1090013F698FF07463246291D093017F687FE47F23F007860E3
:20A1200018F602FD3946ADF522F86168494519D115F6F7F9070015D02878132812D0687812
:20A14000801DAEF5CFFF6978A0F10806891C418020F8047B6A782946921C17F665FE30468F
:20A16000ACF59FFE9AF80000400700E000E02BD41A4D687988B1687860B116F603017430E3
:20A180004F250024FE18490860E878400605D5164D286810B916F61AFE28600120ADF50BAA
:20A1A000F8002C19D0D8F8D41011484268914207D3D8F8D4100068814209D2616849450617
:20A1C000D1214608F1B000BDE8F047F5F583BC2046BDE8F04714F639B8BDE8F087000067D9
:20A1E000212000E01B20006821200034302000F408220003032142434D343336344230205C
:20A200004D617569204F6C796D7069632047454E20284D4647290010010F00DCDC0500E2B1
:20A22000F190BD00000008240010010F014CD30500E3F15CBA00000808240010010F0264CB
:20A24000D20500E3F1D4BA00001008240010010F03144F00003BF280BC0000180824001046
:20A26000010F04084900003BF289BF00001E08240010010F0568970B0087F15EB8000028D5
:20A2800008240010010F06749B0B0088F13FB80000F61B240010010F0754B90A0096F17474
:20A2A000B90000401C240010010F08E8AB090065F08ABB00000003100010010F09ECA30933
:20A2C0000066F095BE00001A11100010010F0AE8B0090066F051B800008E11100010010FA1
:20A2E0000B9C950800B7F148B900003008240010010F0C94920800B8F17CBF000090212402
:20A300000010010F0D9C900500E7F1CCBB00003808240010010F0E84940500E8F11DBF001C
:20A3200000C222240010010F0F5C280A009DF1F0BF00004008240010010F1094270A009E1C
:20A34000F156B800004408240010010F11EC270A009EF12CB800004808240010010F12CC5B
:20A36000270A009EF13EB800004C08240010010F13E8FF0A0092F132BF0000502E24001065
:20A38000010F142CE40900A4F148BD0000C02E240010010F15C8E20900A2F1C2BA0000508D
:20A3A00008240010010F16EC750A009BF1D4BD00009831240010010F1758770A009BF12802
:20A3C000BD0000AC31240010010F1890760A0099F1E2B800005808240010010F199C67068D
:20A3E0000099F0B4BD000008031000060104AE1C100010010F1A605506009AF0D6BE000050
:20A400001003100010010F1BA45706009DF027B90000F629100010010F1C385106009BF0EB
:20A42000EEB800001803100010010F1DDC7306009BF0BBBB0000562B100010010F1EBC5AD3
:20A4400006009DF0EAB90000942E100010010F1F286106009CF00BBF0000422F1000060148
:20A4600004B83B2400060104E23F240010010F20746C0A0099F1F4BD00006008240010016F
:20A480000F21D8CE0900A3F1C6BC0000680824000601047C44240010010F2274B50A009936
:20A4A000F142B80000FC4524000601040E46240010010F23D8BF0A0094F14ABC00007008E2
:20A4C000240010010F2478420600DCF1FEBA00007808240010010F25080D0B008FF1BABDCF
:20A4E00000008008240010010F26880F0500EFF17EBC00008808240010010F27BC0E0500EA
:20A50000F4F1F0BB0000A056240010010F2824110500F4F1EEBA00000457240010010F29BA
:20A5200078170500F4F164B800004458240010010F2A00140500EFF145BA00008E082400CA
:20A5400010010F2B50150500EFF1A1B900009608240010010F2C24180500EFF13BB80000EA
:20A560009E08240010010F2DF4F30900A6F1C8BB0000885B240010010F2E74F20900A6F15F
:20A5800094BC0000A05B240010010F2F98F20900A1F104BB0000A408240010010F3010EAFF
:20A5A0000800B1F14ABF0000A808240010010F31DC220A009EF1E8BA0000B008240010019D
:20A5C0000F32EC2B0600DDF164BE0000B808240010010F33D4360600E3F1F1B80000BA6847
:20A5E000240010010F3448370600E3F1FEB800004869240010010F3570760800B9F126B933
:20A600000000C008240010010F3648720800B9F13EBB0000C808240010010F3794FE0400B2
:20A62000F6F192BE0000BC6B240010010F38F0040500F0F1EEB90000D008240010010F396A
:20A64000604F0800BBF1BABC0000D808240010010F3AE4560800BBF1FCB80000E008240015
:20A6600010010F3B94570800C1F133BC0000FE6F240010010F3C88510800C1F151BF00005B
:20A680002E70240010010F3D00E40B0082F170BA0000E408240010010F3EA84D0900B2F100
:20A6A000B8B900001C71240010010F3F24F70400F7F158BD0000D871240010010F4044DF0D
:20A6C000020019F2B1BA0000AA74240010010F41ECD0020013F2FEBB0000EC0824001001BA
:20A6E0000F4264D202001AF245BA0000F276240010010F433CD5020013F2DAB90000F40830
:20A70000240010010F446401070093F0A2BE0000AC3E100010010F45241E0900B6F19FBEB4
:20A720000000668B240010010F4608200900B6F1FFBD00000A8C240010010F47642D0A004E
:20A740009DF1CABD0000FC08240010010F48B0020600E0F128BB00000409240010010F494E
:20A76000C0AB0A0095F1A6BE00001009240010010F4AF0FB0700C0F192BE0000180924009B
:20A7800010010F4B8C0D0A009FF1C8BD00002009240010010F4CD8FC0700C0F126BE00006D
:20A7A0002809240010010F4D48F50700CAF1EEBB0000289D240010010F4ED8F90700CAF145
:20A7C0001BBA0000129E240010010F4FB0FD0700CAF147B80000429E240010010F5010FC73
:20A7E0000700C0F18EBE00003009240010010F511C5A0A009AF18CBF0000380924001001BB
:20A800000F522C570A00A4F16BBC000006A0240010010F53D8580A009BF136B8000048094C
:20A82000240010010F54DCB002001FF222B8000024A1240010010F55CC420900B6F1A1B892
:20A84000000012A4240010010F56103F0900ACF11EBD00005009240010010F57D83F0900C4
:20A86000B6F126BB000028A6240010010F583CA10600E0F1B0BA0000A0A6240010010F59E5
:20A8800074A10600E0F1B4BA0000E0A6240010010F5A40AB0600DFF1EEBD000020A72400E3
:20A8A00010010F5B18090500F9F178BF00000CA8240010010F5C24C1020014F218BC0000C1
:20A8C0005809240010010F5D0830030018F2AAB9000060B3240010010F5E040E0300D3F041
:20A8E0005ABB0000BC44100010010F5F20000300D4F0D3BA0000CA45100010010F601CF88D
:20A900000200D0F080BD000020031000060104FE56100010010F6118FF0200D0F006BA007C
:20A92000002803100010010F62CCF00200D6F0DCBB00008858100010010F637CFE0200D080
:20A94000F058BA00003003100010010F6434F40200D6F053BB0000DE5A100010010F656003
:20A96000F50200D0F0E9BE00003603100010010F6664F30200D6F09FBC0000A65C1000100E
:20A98000010F6778EE020011F296BD0000A80924000601044EB7240010010F686C07080076
:20A9A000CBF104B8000078B7240010010F699C000800CBF167BE00006EBD240010010F6AE5
:20A9C000F8010800C0F1DABB0000B009240006010488C2240010010F6BE4310500EDF1E86F
:20A9E000BB0000B809240010010F6C04320500EDF1DCBB0000C009240006010460C9240036
:20AA0000060104A6D0240010010F6D2CF30600DDF1F8BE000020D1240010010F6E24F60698
:20AA200000D1F1D0B90000C809240006010402D7240010010F6F34760700C9F1CCB900004F
:20AA4000D009240010010F7080FC0900A0F1AABE0000D809240010010F71B8DE0600D2F1F6
:20AA600092BD0000E009240010010F72D0EA0600D1F188BF0000E409240010010F7318D98A
:20AA80000600E0F17DBB000016E0240010010F7440920700D4F1A1BF000086E12400060169
:20AAA00004B2E1240010010F7560920700C7F1C4BB0000EC09240010010F764C930700D5AC
:20AAC000F1EEB800002CE5240010010F77FC930700D5F1E4B80000C8E5240010010F78545E
:20AAE000B00800B5F1CEBC0000F409240010010F79E0350A009DF10CBA0000FC0924001008
:20AB0000010F7A809F0500E6F140BD0000040A240010010F7B2CA00500F6F1CCBF0000C8DB
:20AB20000F250010010F7C40A80500F6F12ABC00009810250010010F7D3C9D0500E6F16606
:20AB4000BE00000C0A240010010F7E74B10500F6F150B800001812250010010F7F089E05AD
:20AB600000F7F1C3BA00009213250010010F80ECAF0500E5F112BD0000140A240010010F5F
:20AB800081D4AA0500E5F1A2BF00001C0A240010010F82F4A20500F7F1C2BA00007C1825D6
:20ABA0000010010F8378A60500F7F1ACB90000D419250010010F8428B30500E5F17DBB00DE
:20ABC00000260A240010010F85BC7B00004AF209BB0000D221250010010F86ECB2030005E1
:20ABE000F2A0BB0000300A240010010F874CB2030017F272B800003423250010010F88505B
:20AC0000B1030005F272BC0000380A240010010F89E4E9020023F231BD00004A24250010D7
:20AC2000010F8ADCB1030005F230BC0000400A240010010F8B1CAC030017F26DBC0000FAF7
:20AC400024250010010F8C3CF20900A1F102BC0000440A240010010F8D64F20900A1F1EE7A
:20AC6000BB0000440A240010010F8E0CB2030017F2F1BA0000F227250010010F8F58290A0C
:20AC8000009EF176B80000480A240010010F90B8290A00B0F1A5B80000062B250010010F72
:20ACA000910C2A0A009EF120B80000500A240010010F92682A0A009DF1F4BF0000540A24CD
:20ACC0000010010F93BC2A0A009DF1CDBF00005A0A2400060104FAAA100010010F947C350B
:20ACE00000003DF270BA0000600A240010010F9594BE0600D4F1F8BD0000880A240010011F
:20AD00000F96A8BB0600D4F172BF0000900A240010010F97FCBC0600D4F1CCBE0000980A0B
:20AD2000240010010F9870BD0600E7F18BBC00008A36250010010F9954AB040008F280BE0C
:20AD400000005838250010010F9AC08D0600EAF1BEBD00004039250010010F9B188E0600D6
:20AD6000EAF1AFBD00007A39250010010F9CF48D0600D7F152BE00009C0A240010010F9D12
:20AD8000F88F0600EAF1F3BC0000E239250010010F9E94F7010021F286B90000A40A2400EE
:20ADA00010010F9F94F3010034F21CBC0000D03B250010010FA0BCF0010021F2F6BC0000EC
:20ADC000AC0A240010010FA170F8010034F226BB0000C03E250010010FA288A80400F6F168
:20ADE00016B90000B80A240010010FA334BA040008F28FBA0000563F250010010FA4983E52
:20AE0000000050F260B800005C3F250010010FA5640D0600DFF1ACBE0000C00A24001001A3
:20AE20000FA6B80E0600DFF106BE0000C80A240010010FA7A0B6000049F230BA0000044B76
:20AE4000250010010FA82C120800BFF150BC0000D00A240010010FA9341E0800D2F10EBF52
:20AE60000000544C250010010FAAB81E0800D2F105BF0000C64C250010010FAB641F000059
:20AE800052F2DEBE0000244D250010010FACE01F08000022002100000000000010010FAD59
:20AEA00080AE0800B5F12ABE0000D80A240010010FAE54AE0800C9F1ACBF0000B04D2500A9
:20AEC00010010FAF0C1E0800BEF166BE0000DC0A240010010FB098150800D3F11DBC000072
:20AEE000D64D250010010FB1A81F000052F272BF0000904E25001603025101130101011463
:20AF0000010FC0C62D0000C2010059013C000500000D0107010009030001001703041200BD
:20AF20000C00050315001B2850FFFF3F0005031F64AEBA0A0500FFFFFFB903050F01000048
:20AF400000180000800700190000000004050B0604060320030000020202020508000006D4
:20AF600001050100000201F00700003200700F00006008000008023200FFFFFFFF2A000055
:20AF80000044066000FF000000000000001C064100FFFF00003C40000020064100FFFF00C6
:20AFA000000040000024064100FFFF00000040000028064100FFFF0000804300002C064105
:20AFC00000FFFF00003C400000AC003200FFFFFF0100002F0070006400FF00000008000011
:20AFE00000D8006400FF0000001700000008016400FF0000001F0000000C016400FF000004
:20B00000000C00000010016400FF0000001F00000014016400FF0000000C0000009C01640C
:20B0200000FFFFFFFF0100000048026400FF000000000000004C026400FF000000070000AE
:20B040000050026400FF0000000000000054026400FF0000000000000058026400FF0000C5
:20B06000001800000064016000FF0000000800000068016000FF000000080000006C01604F
:20B0800000FF0000000800000070016000FF0000000800000074016000FF000000080000F5
:20B0A0000078016000FF000000080000007C016000FF0000000800000084016000FF0000E8
:20B0C000000800000088016000FF000000080000008C016000FF0000000800000090016093
:20B0E00000FF0000000800000098016000FF0000000800000050066000FF0000006C000028
:20B10000005C0660000F000000000000007C036000FF000000ED000000E403410004000067
:20B120000004000000F005410000FF00000021000034074100FFFF0000215F0000E0064194
:20B1400000000F000000000000E40641003F0000002700000040014100FFFF0000100500BA
:20B160000064014100FFFF0000100A000050034100FFFF00001005000078034100FFFF00B0
:20B1800000100A0000F00741003F00000039000000F40741003F0000003900000068003297
:20B1A0000000060000000000006C0032000006060600000000E400320006000000000000BD
:20B1C000000000640004000000040000000800600004000000040000008C026000FF0000A6
:20B1E00000FF00000088026000FF0000000B0000008C034100FFFF0000F76C00002C0441BA
:20B2000000FFFF0000CC0000003C064100FFFF0000E888000084074100FFFF00006506003E
:20B220000070014100FFFF0000EB17000080034100FFFF0000EB13000084034100FFFF00D6
:20B240000007960000E4074100FFFF00006D6D000098026400FFFFFF031F02CE01A4026455
:20B2600000FFFF0000FF36000094026400371F0000100E0000B8004100FFFF0000C5E2008F
:20B28000009C026400FF0100004F000000A0026400FF0700004A040000AC026400FFFF00F3
:20B2A00000E4BD0000B0026400FF0000003A000000AC016400FF000000A3000000D80441CE
:20B2C00000FFFF00003384000048014100FFFF00002E03000058034100FFFF00002E030035
:20B2E0000060014100FFFF00000509000074034100FFFF0000050900004C014100FFFF0050
:20B3000000090800005C034100FFFF00000908000044014100FFFF0000090900005403413F
:20B3200000FFFF00000909000050014100FFFF00000F07000060034100FFFF00000F07009F
:20B34000005C014100FFFF00000E0900006C034100FFFF00000E090000090104020F000056
:20B36000220302010002030BFB000801FB0008010F0F0F11030440010000F00128040000EA
:20B380000020153200FFFFFAFFD9033EFE2815320000007FFE341028029001640071000077
:20B3A00000D3000000F001280100000020153200FFFFFAFFDD033EFE9001640071000000C0
:20B3C00010000000900064003E0000000C000000F001280200000020153200FFFFFAFFD9CD
:20B3E000033EFE9001640071000000D3000000900064003E0000003E000000F001A00103D0
:20B400000000001015320000000000F0F0F0001415320000000000F0F0F00018153200007B
:20B42000000000F0F0F0001C153200000000004C4C000020153200FFFFFAFFDD033EFE24A3
:20B4400015320000000000000000002815320000007FFE341028023415320000000000F0E0
:20B460000000003815320000000000000000005015320000000000CA0600006C0164000E07
:20B480000000000C000000900164007100000010000000900064003E0000000C00000001EB
:20B4A00007B503040614324B64758705D904D904D904D904D904310531053105310531056E
:20B4C000CC05CC05CC05CC05CC05CE06CE06CE06CE06CE060F070F070F070F070F0753076B
:20B4E000530753075307530714FF14FF14FF14FF14FF14FFE003E003E003E003E00360049F
:20B5000060046004600460040A050A050A050A050A0508050805080508050805330533059F
:20B520003305330533057805780578057805780514FF14FF14FF14FF14FF14FF060000007A
:20B540006000059C02FFA002FFA402FFA802FFAC02FF0000600005C802FFCC02FFD002FF81
:20B56000D402FFD802FF00006000058803FF8C03FF9003FF9403FF9803FF00006000059CDD
:20B5800003FFA003FFA403FFA803FFAC03FF00006000058003FF8403FFA006FFB402FF380A
:20B5A00007FF0000600003A406FFE806FF9806FF42424242423D3D3D3D3D43422121014369
:20B5C00042212101A7E81805FA65CCCC4B4B4B4B4B484848484843422121014342212101D4
:20B5E000A7E81F04FA66CCCC5A5A5A5A5A535353535343422121014342212101A7E81F04FE
:20B60000FA66CCCC6868686868616161616143422121014342212101A5E81F04FA66CCCC0D
:20B6200076767676766C6C6C6C6C43422121014342212101A5E81F05FA67CCCC8989898942
:20B6400089737373737343422121014342212101A5E81F05FA67CCCC0107B50302061432DA
:20B660004B647587056B046B046B046B046B04EB04EB04EB04EB04EB0490059005900590F5
:20B68000059005CA05CA05CA05CA05CA050106010601060106010645064506450645064571
:20B6A0000614FF14FF14FF14FF14FF14FF72037203720372037203600460046004600460D9
:20B6C00004A104A104A104A104A104B804B804B804B804B804CF04CF04CF04CF04CF04263C
:20B6E00005260526052605260514FF14FF14FF14FF14FF14FF060000006000059C02FFA07F
:20B7000002FFA402FFA802FFAC02FF0000600005C802FFCC02FFD002FFD402FFD802FF00B3
:20B72000006000058803FF8C03FF9003FF9403FF9803FF00006000059C03FFA003FFA4037E
:20B74000FFA803FFAC03FF00006000058003FF8403FFA006FFB402FF3807FF00006000032A
:20B76000A406FFE806FF9806FF4545454545201F1E1E1E43422121014342212101A7E8186D
:20B7800005FA6502CC4545454545242323222343422121014342212101A7E81F04FA6602CB
:20B7A000CC4545454545302F2E2E2E43422121014342212101A7E81F04FA6602CC4545453C
:20B7C00045453E3E3E3D3E43422121014342212101A5E81F04FA6602CC4545454545484655
:20B7E00046464643422121014342212101A5E81F05FA6702CC45454545454F4C4C4C4C43EC
:20B80000422121014342212101A5E81F05FA6702CC02077F040605D904D904D904D9046B85
:20B82000043105310531053105EB04CC05CC05CC05CC059005CE06CE06CE06CE06CA050F36
:20B84000070F070F070F0701065307530753075307450614FF14FF14FF14FF14FF14FF0172
:20B860000000006000059C02FFA002FFA402FFA802FFAC02FF42424242424B4B4B4B4B5A0F
:20B880005A5A5A5A68686868687676767676898989898902077F020605D904D904D904D938
:20B8A00004D90431053105310531053105CC05CC05CC05CC05CC05CE06CE06CE06CE06CE66
:20B8C000060F070F070F070F070F075307530753075307530714FF14FF14FF14FF14FF14BF
:20B8E000FF010000006000059C02FFA002FFA402FFA802FFAC02FF42424242424B4B4B4B34
:20B900004B5A5A5A5A5A6868686868767676767689898989890007041F0000000301D20116
:20B92000942F2200031D1800F6FF130037005A007B009400B400D300F200110131014F0135
:20B9400070018F01AD01CB01EA0105021F023E025702750293020000100010002F004C0019
:20B960006B008900A700CB00ED000F0130014E016D018D01AD01C901EA0108021F023D021B
:20B980005B0279029702010000000000FFFF000B000D020D010E0008010500020001FFFFF2
:20B9A000FFFFFFFFFFFFFEFF0000FFFF0000FFFFFFFFFFFFFFFFCF00CECE0000F8FBF8CE76
:20B9C000CECE0E00FDFEFCCECECE2B00FBFBF9CECECE3F00FAF8F8CECECE4E00FEFCFCCE33
:20B9E000CECE000000000000000000000000000000000301C401380B2000FBF8BFBFEEE040
:20BA00000B0BFCF8BFBFF2E00B0BFCF99B9FF2E00B0BFCFA898FF2E00B0BFCFB8087F2E0D9
:20BA20000B0B78FC8087E0E0090938FD8087E0E0080839FD8083E4E4080819FD80816464A7
:20BA400008081AFD8080686808081B7D80806C6C08081C3D8080707008080C1D8080307449
:20BA60000808040D808010340808050580801414080806068080181808083A3A4040E8E8FF
:20BA800004041A3B404068EC04040A0A4040282804040B0B40402C2C0404010C40400430CA
:20BAA0000404020D404008340404030E40400C380404030E40400C380404030164F80B2066
:20BAC00000F83FE003F83FE003F83FE003F93FE403FA3FE803FB3FEC03FA1BE803FA09E8C1
:20BAE00003FA00E8037A00E8017B00EC017C00F0017D00F4013A40E8043B40EC043C40F077
:20BB0000043D40F4041D4074040D40340444401005454014054640180506401804064018B8
:20BB2000040301C401580C2000404080800000090948488080040409095050808000000ACE
:20BB40000A5151808020200A0A9090808024240A0A9191808000000000929280800404001B
:20BB6000009393808008080000949480800C0C00009595808010100000D4D4808014140035
:20BB800000D5D5808018180000DDDD80801C1C0000DEDE80803C3C0000E6E680805C5C0021
:20BBA00000EEEE8080505002029595000054540202A4A4000058580202A5A50000787802F7
:20BBC00002E4E400007C7C0202E5E500009C9C0202E6E60000FCFC0303E7E70000B8B8038E
:20BBE00003E7E70000B8B80303030164180D20008000000A8000000A8000000A8000000A29
:20BC00008000000A8100040A8900240A9000400A9800600A9200480A93004C0A9400500ABD
:20BC20009500540A9600580A97005C0AA600980AAE00B80AB600D80ABE00F80ABF00FC0A47
:20BC4000BF00FC0ABF00FC0ABF00FC0ABF00FC0A03013A100E20000C00001C00003C0000F0
:20BC60000500000D00001D00000E00001E00000F00001F00003F00007F0000FF0000FF007F
:20BC800000FF0000FF0000FF0000FF000003010582092000010301052404220008040798F5
:20BCA0000104321F00001C00001A02001701001530001311001102000F10000E12000D0313
:20BCC000000B11000A0200090200083000070100071400062200050000050400050700058F
:20BCE0008700040700047700032500030900032B00036C0003FB0002390002A900028C00F4
:20BD000002AE00012200013500012800016900012D0001CC0001DE0001FF00015F0101AF9C
:20BD20000101FF01016D02019D0201CD0201CF02011C03010F03012F030407980102321FF2
:20BD400000001C00001A02001701001530001311001102000F10000E12000D03000B1100AC
:20BD60000A0200090200083000070100071400062200050000050400050700058700040778
:20BD800000047700032500030900032B00036C0003FB0002390002A900028C0002AE000134
:20BDA0002200013500012800016900012D0001CC0001DE0001FF00015F0101AF0101FF01AB
:20BDC000016D02019D0201CD0201CF02011C03010F03012F0303072A010000000100000015
:20BDE000140A00040000000000000A00FE0BE4FE1C01E4FE1C010A00FE0BF1FF0F00F1FF0E
:20BE00000F000F03280278147F5A001402141E000203001EAA331905CF00800A9200000021
:20BE200000070000A20000000000000000030120640622000001000000D00700010F0300BE
:20BE400000000000000001010100000000000000030110082122001E2E8024010000000C83
:20BE6000000000030144B4F8210041004E0000000000630079000000000041004E00A9000A
:20BE8000B8006300790000011601C700F300000000002A016E0100000000C700F300FE01E9
:20BEA0002B022A016E010103430303010554FD21000103010555FD2100000301780040229B
:20BEC00000018000070005090D1115191D0005090D1115191D0000000000000000090501DD
:20BEE000FDF9F5F1ED0602FEFAF6F2EEEA0909090909090909000000000000000000000071
:20BF0000000000000000000000000000001F1FA5000000000000000000000000000000003E
:20BF2000001F1FA100000000000000000000000000000000000301780041220005800107B6
:20BF40000005090D1115191D0005090D1115191D0000000000000000090501FDF9F5F1ED1B
:20BF60000602FEFAF6F2EEEA090909090909090900000000000000000000000000000000B9
:20BF800000000000000000001F1FA500000000000000000000000000000000001F1FA100DF
:20BFA000000000000000000000000000000000000301B3062C352200054442454441403F6D
:20BFC0003F3F4F4C4F4E4C4B4A4A4A5B595B5B59575555566B696A696A676567677975770C
:20BFE0007577737375758A88888686848484854B484C4A47464444445A565A58555452529D
:20C00000536864686664636262637C787C7A78767474768D898B8B8987858587A29FA1A1BF
:20C02000A19D9B9B9F4442454441403F3F3F4F4C4F4E4C4B4A4A4A5B595B5B5957555556D9
:20C040006B696A696A676567677975777577737375758A8888868684848485A532323232F0
:20C060002D303030323C3C3A3A3A3A3A3A3C49494646444646464B575757574F5252575745
:20C08000696663636363636366777770706D6F6D71774C4C47474447474A4C5757555555DF
:20C0A0005555555773736C6C6A6C6C71738184818178817B818490908C909090909090AA10
:20C0C000AA9E9E969E9E9FAA323232322D303030323C3C3A3A3A3A3A3A3C494946464446F0
:20C0E00046464B575757574F5252545765666363636363636673747373696D6D7370A12335
:20C10000232323232323232330333333333333333344444545464646444464626463636380
:20C120006062627E7E7E7E7E7E7E7E7EA3A3A3A7A8A8A7AAAE2122232323232422242C2CFD
:20C140002C2C2C2C2C312E3E40404343434345435758585B5B5B5B5D5D6D6D6D6D6D6D6D2A
:20C160007272868B8D939090959393232221212121212222262726262626272829363432A8
:20C1800032323334363847474545454749494D585454545558585C5D6860606060646868B5
:20C1A0006AA46D706C6C6C6C6C6C6C7F7F7F7F7F7F7F7F7F9A9A9A9A9A9A9A9A9AB5B6AFA5
:20C1C000AFAFAFAFAFAFD1CECECECFCFCCCECFEFEFEAEAEAEAEAE7E7415F5A5A5A5A5A5A09
:20C1E000586C74656F6F6F6F6F6F7D7D7A7D7D7D7D7D7D9D9D9D9D9D9D9D9D9DA5A5A5A58D
:20C20000A5A5A5A5A5C5C5C5C5C5C5C5C5A56D706C6C6C6C6C6C6C7F7F7F7F7F7F7F7F7FD0
:20C220007F7F7F7F7F7F7F7F7FB5B6AFAFAFAFAFAFAFD1CECECECFCFCCCECFEFEFEAEAEA75
:20C24000EAEAE7E7A22323232323232323233033333333333333334444454546464644442B
:20C260006462646363636062627E7E7E7E7E7E7E7E7EA3A3A3A7A8A8A7AAAE21222323234E
:20C28000232422242C2C2C2C2C2C2C312E3E40404343434345435758585B5B5B5B5D5D6D92
:20C2A0006D6D6D6D6D6D7272868B8D939090959393232221212121212222262726262626ED
:20C2C00027282936343232323334363847474545454749494D585454545558585C5D6860B4
:20C2E0006060606468686A0301A70156FE2100A53737373532333333333F3F3F3E3B3D3D32
:20C300003D3C484A48484649464646595B59575557575756696A68686668686868797A77FA
:20C320007774777777764D4B4A4A4A4A4A48485E5E5E5E5B5B5B5B5E6F6F6F6F6E6E6E6EE7
:20C340006E858582827E827E82828D918D8D8D8D8D8D8DA1A2A1A19DA0A0A09E373737356C
:20C3600032333333333F3F3F3E3B3D3D3D3C484A48484649464646595B59575557575756FF
:20C38000696A68686668686868797A777774777777760301A701F9FE2100A5323232322D66
:20C3A000303030323C3C3A3A3A3A3A3A3C49494646444646464B575757574F5252575769C6
:20C3C0006663636363636366777770706D6F6D71774C4C47474447474A4C575755555555B0
:20C3E00055555773736C6C6A6C6C71738184818178817B818490908C909090909090AAAA78
:20C400009E9E969E9E9FAA323232322D303030323C3C3A3A3A3A3A3A3C4949464644464610
:20C42000464B575757574F5252545765666363636363636673747373696D6D737003010EE9
:20C440009CFF21000900081018283840484E03010518042200000301051304220000030124
:20C4600006CAFC21000000030105CCFC21000003010ACDFC2100EEEEEEEAE8EF030105BD94
:20C48000FC2100F6030105BCFC2100FF0301055CFA2100000301055DFA2100000301055E40
:20C4A000FA2100010301055FFA21000103010562FA21000103013424FB21001258FFFF165F
:20C4C0004006400E4016401E4026402E4036403E40FFFFFFFFFFFFFFFFFFFFFFFFFFFFFF1B
:20C4E000FFFFFF020001001AE01A600301C40164FA210010581158125813581458155816EB
:20C5000058175802580A5812581A5822582A5832583A585258126012681218FFFFFFFFFFE9
:20C52000FFFFFF1258925812599259125A925A125B925B125C925C125D925D12481250121A
:20C5400058124012D8FFFFFFFFFFFFFFFFFFFFFFFFFFFFFFFFFFFFFFFFFFFFFFFFFFFFFF62
:20C56000FFFFFFFFFFFFFFFFFFFFFFFFFFFFFFFFFFFFFFFFFFFFFFFFFFFFFFFFFFFFFFFFDB
:20C58000FFFFFFFFFFFFFFFFFFFFFFFFFFFFFFFFFFFFFFFFFFFFFFFFFFFFFFFFFFFFFFFFBB
:20C5A000FFFFFFFFFFFFFFFFFFFFFFFFFFFFFFFFFFFFFF03011CA4FB2100E2DFDCD9D6D38F
:20C5C000D0CECCCAC8C6C4C2C0BEBCBAB8B6B4B29C9703010AF5FC210000000000000003F5
:20C5E000010AFBFC21000000000000000301134C312200CE00CE00CE00CE00CE00CE00CEC0
:20C6000000CE03010CE5FC2100CECECECECECECECE03010CEDFC2100CECECECECECECECE40
:20C6200003011494FB2100000000000000000000000000000000000301145A2D2200000071
:20C6400000000000000000000000000000000301145C312200D3FFD4FFD4FFD2FFD2FFD227
:20C66000FFD2FFD2FF03010CDDFC2100000E182B3F4EFFFF030105D3FC2100010301055AD6
:20C68000FB2100CE0301055BFB2100FF03010560FB2100F103010561FB2100B50301055E19
:20C6A000FB21000A0301055BFA21000303010559FA2100020301055AFA210001030106804A
:20C6C000F721000000030105BFFC210005030105D4FF2100010301641A00220076665D532A
:20C6E0004A443E39645A5049443E39358A776C615750494375695D564F48433E9F897D702F
:20C70000655D554E87796C635C544E48B0988A7C70675E579586786E665D5750C5AA9B8BC5
:20C720007E746A62A796867B7369625ACDB1A29183796F66AF9D8C81786E665E0301647AFE
:20C7400000220076665D534A443E39645A5049443E39358A776C615750494375695D564FFE
:20C7600048433E9F897D70655D554E87796C635C544E48B0988A7C70675E579586786E6620
:20C780005D5750C5AA9B8B7E746A62A796867B7369625ACDB1A29183796F66AF9D8C817819
:20C7A0006E665E030164DA00220076665D534A443E39645A5049443E39358A776C61575096
:20C7C000494375695D564F48433E9F897D70655D554E87796C635C544E48B0988A7C706770
:20C7E0005E579586786E665D5750C5AA9B8B7E746A62A796867B7369625ACDB1A291837943
:20C800006F66AF9D8C81786E665E0301643A01220076665D534A443E39645A5049443E39D8
:20C82000358A776C615750494375695D564F48433E9F897D70655D554E87796C635C544ED2
:20C8400048B0988A7C70675E579586786E665D5750C5AA9B8B7E746A62A796867B7369627C
:20C860005ACDB1A29183796F66AF9D8C81786E665E0301649A01220076665D534A443E3923
:20C88000645A5049443E39358A776C615750494375695D564F48433E9F897D70655D554E2D
:20C8A00087796C635C544E48B0988A7C70675E579586786E665D5750C5AA9B8B7E746A62CB
:20C8C000A796867B7369625ACDB1A29183796F66AF9D8C81786E665E030164FA0122007602
:20C8E000665D534A443E39645A5049443E39358A776C615750494375695D564F48433E9F8D
:20C90000897D70655D554E87796C635C544E48B0988A7C70675E579586786E665D5750C51D
:20C92000AA9B8B7E746A62A796867B7369625ACDB1A29183796F66AF9D8C81786E665E030B
:20C9400001141A032200000000000000000005050505050505050301142A032200000000F4
:20C96000000000000005050505050505050301143A03220000000000000000000505050504
:20C98000050505050301145A032200000000000000000005050505050505050301146A033F
:20C9A0002200000000000000000005050505050505050301147A0322000000000000000076
:20C9C00000050505050505050504030C1401140014141A660A150000FE0000FFFFFFFFFF33
