:02000004FF00FB
:204000004252434D63666744000000003AF900000301F40168B921000CC12100085800004C
:204020000000000000000000493A0800493A0800333B08000000000085390800000000002E
:2040400000000000573A0800333B08000000000085390800000000009739080000000000B3
:20406000333B0800000000008539080000000000973908000000000000000000713B080078
:20408000853908000000000097390800853B080000000000000000008539080000000000F4
:2040A00081291000893B08000000000000000000000000005FEFBF0000000000000000006D
:2040C0000000000000000000000000000000000024000000000000000000000004000400B4
:2040E000200000000B000005040001DD0000000000000000000000001E001C000E00000066
:2041000080090200000000000301F40158BA210000000000E2DFDCD9D6D3D0CECCCAC8C607
:20412000C4C2C0BEBCBAB8B6B4B29C970100000000000000000000000000000001000000FC
:20414000FF00010000000000C001000300000000000000000000000000000000000000009B
:204160000000000060000500000000000000060606B03132333435363738394142434445EC
:204180004647484951525354555657585961626364656667686971727374757677787981D9
:2041A00082838485868788895152535455565758594B484C4A47464444445A565A58555449
:2041C0005252536864686664636262637C787C7A78767474768D898B8B8987858587A29F1C
:2041E000A1A1A19D9B9B9F5152535455565758594442454441403F3F3F4F4C4F4E4C4B4A07
:204200000301F40148BB21004A4A5B595B5B59575555566B696A696A67656767797577754E
:2042200077737375758A88888686848484855152535455565758594442454441403F3F3F36
:204240004F4C4F4E4C4B4A4A4A5B595B5B59575555566B696A696A6765676779757775779B
:20426000737375758A88888686848484855152535455565758594442454441403F3F3F4F1E
:204280004C4F4E4C4B4A4A4A5B595B5B59575555566B696A696A6765676779757775777337
:2042A0007375758A8888868684848485515253545556575859B0313233343536373839411F
:2042C000424344454647484951525354555657585961626364656667686971727374757673
:2042E0007778798182838485868788895152535455565758594B484C0301F40138BC2100BF
:204300004A47464444445A565A5855545252536864686664636262637C787C7A78767474B0
:20432000768D898B8B8987858587A29FA1A1A19D9B9B9F5152535455565758594442454498
:2043400041403F3F3F4F4C4F4E4C4B4A4A4A5B595B5B59575555566B696A696A67656767AD
:204360007975777577737375758A8888868684848485515253545556575859444245444118
:20438000403F3F3F4F4C4F4E4C4B4A4A4A5B595B5B59575555566B696A696A676567677935
:2043A00075777577737375758A888886868484848551525354555657585944424544414011
:2043C0003F3F3F4F4C4F4E4C4B4A4A4A5B595B5B59575555566B696A696A676567677975C0
:2043E000777577737375758A88888686848484850301F40128BD2100515253545556575830
:204400005900000001000000F7050B00ABB0100023060B0041060B00BD060B0043070B0027
:2044200083070B00AD080B004040404040404040404000000F000000000000000100000097
:20444000C5BC1000BCBCBCBC4343434300000000FC0260000D000000FF0000000000000065
:20446000BC01600001000000FF0000000000000037390000BCBCBCBC4343434300000000B3
:204480000C01600000000000FF000000000000009D3C0000BCBCBCBC4343434300000000DB
:2044A00020006000BE000000FF000000000000001C006000FF000000FF0000000000000045
:2044C000180060000F000000FF0000000000000014006000FF000000FF00000000000000E4
:2044E00024006000FF0000000301F40118BE2100FF000000000000002C006000300000008E
:20450000FF00000000000000DC04600008000000FF00000000000000E804410002C2000064
:20452000FF0000000000000064044100BA400000FFFF000000000000340641000048000018
:20454000FFFF000000000000E802600045000000FFFF0000000000007F3A0000BCBCBCBC27
:204560004343434300000000AD3A0000BCBCBCBC4343434300000000333B0000BCBCBCBCEE
:204580004343434300000000A73B0000BCBCBCBC4343434300000000F006600000000000DB
:2045A0000200000000000000553A0000BCBCBCBC43434343000000000DBD1000BCBCBCBCA4
:2045C0004343434300000000DB3A0000BCBCBCBC43434343000000000000000000000000BE
:2045E0000301F40108BF21000000000000000000000000000000000001000000F13E10009A
:2046000003000E008134100000000700A93410002D000600E53410000800080033351000EC
:20462000D1000700893F1000000058005D3510000400F20065391000060006008F39100048
:2046400000000800BB3A1000000006002D4310004300000029441000030046004144100029
:2046600003000800A144100018000000EF441000060000007F3B020000000600E1451000E1
:2046800003000000F34A10000000000061431000000006008D4310000A0006004B3E100087
:2046A000040006006D3E100000000800AF3E100004000E005545100006000000D33D10004E
:2046C00010000600933C1000060006002DC11000000006004F4410000301F401F8BF210061
:2046E00003000D0001000000300000004153534552543A206C6D5F636D6448616E646C6595
:20470000725461626C655B6C6D5F637572436D642E69645D20213D204E554C4C0A00000013
:20472000000000000000000000000000000000000000000000000000000000000000000079
:20474000000000000000000000000000000000000000000000000000000000000000000059
:20476000000000000000000000000000000000000000000000000000000000000000000039
:20478000000000000000000000000000000000000000000000000000000000000000000019
:2047A0000000000000000000000000000000000000000000000000000000000000000000F9
:2047C0000000000000000000000000000000000003011CE8C02100000000000000000000F0
:2047E00000000000000000000000000000000003010608C12100563003010C00C121002726
:20480000000000270000000301F4010003100000F0DAF802B0BDE8F081BDE8F04100F07C99
:20482000B9BDE8104000F072BA0000BDE8F04100F008BCBDE8FC4100F0CABDBDE8F04700EF
:20484000F01ABFBDE8FC4100F086BFBDE8F84F01F00DBBBDE8FC5F01F002BEBDE81040012C
:20486000F034BFBDE8704001F06EBF02F01CF80BB0BDE8F08FBDE8704002F02EBA0000BD11
:20488000E8704002F0E4BABDE8FF4F02F0A4BBBDE8704002F0F8BCBDE8104002F044BEBD0B
:2048A000E8704002F06ABEBDE8F04702F0FCBEBDE8F04102F0CFBFBDE8304004F02EBCBDB8
:2048C000E8F04704F062BC04F0CEBCBDE8F84004F01FBFBDE8704005F0CBBBBDE870400550
:2048E000F091BCBDE8F04706F0A4BBBDE8F04106F051BFBDE8704006F0C8BFBDE8F04103C3
:2049000001F401F00310000AF090BEBDE870400AF0A4BEBDE8F84F0AF0B6BE0BF020BB0174
:20492000703CF786FA0CF012FA3CF794BABDE810400CF011BA0000BDE810400CF06EBABD39
:20494000E870400CF0B3BABDE870400CF0B8BA0CF0C8BABDE810400CF0FABABDE870400C0F
:20496000F068BBBDE8F8400CF08DBB70B507F001F804460EF763F8FA49FB4D0A1F4FF4C885
:2049800003012C13D190B10F2810D208682C6820F03F0020430860106840F470401060D3EC
:2049A000F89C0140F03000C3F89C0170BD08686C6820F03F0020430860106820F4704040A3
:2049C000F460401060D3F89C0120F03000EBE72DE9FC41012021F72AF8E448007808B1123C
:2049E000F77FFFE24EE3480027316899B1807C20B1E14801682F200301F401E00410005BE7
:204A0000F79DF9346820465DF7F6FD054620465DF7ABFC02280BD00E2D09D011E0807D000D
:204A20002861D0BDE8FC410F212D205BF787B9E07B012805D15CF7F1FA10B920460DF74819
:204A4000FC092D04D0E07B80F001000DF74AFA204606F0A7FEFFF78DFF2068806920B3C8AD
:204A600049086880B1026872B11422CDE9007288460C305DF798F8D8F8001000226B460CB4
:204A80003110465CF75CFD86F83D70206881692046884796F83D0038B196F8390004280169
:204AA000D00AF7EEFE86F83D7020465DF714FD58B196F83900042807D0E07B10B15CF720E1
:204AC000F910B1204659F7EAF8092D04D1E07B80F001000DF706FAAB480068002803D00251
:204AE000B0BDE8F0410047BDE8FC8170B500F10301F401D00510001C04807B5DF763F80504
:204B000046216840085DF703F8E188B0FBF1F0022900D1401C50B1414320685CF729FC203D
:204B2000602946BDE8704040005CF759BB2068F7E72DE9F041064600F11C04807B5DF7420F
:204B4000F801464FEA5007207A800703D581F00060400800E03846A18811B1E2885DF79FCE
:204B6000F88C4A31681268914205D0E188B0FBF1F201FB12000FE0B16A874A91F8A410028D
:204B8000EB411111F8202D002AEFD0C989B0FBF1F201FB1200E1880D1AA07A70B129463839
:204BA000465CF7E6FB2060022D03D9E1885CF7AFFF20600220A072BDE8F08130465EF729C8
:204BC000FA78B930465EF72BFA58B95BF7CAFBB17B884202D1022D02D303E0042D01D2E0FE
:204BE000880544294638460301F401C00610005CF7C3FB2060E3E72DE9F041044600265DB9
:204C0000F702FDDFF89C81102812D1D8F8000000020ED5A06A6249012690F8A40001EB40A6
:204C2000102038C169012903D18169E1610021C16104F11C05A07B5CF7C9FF014628684012
:204C4000005CF7D1FA0546E07C4FF00067032805D1BD4203D92046FFF750FF0546052D01E4
:204C6000D9BD4235D9204657F77FFC464E35B1BD4204D8022D0CD83069A04209D003202020
:204C8000754248807E30B1002169205BF75FF801E0042020752068416809B1204688470227
:204CA0002020753068A0428AD15CF732F8002886D096F83900002882D1012086F83900391C
:204CC00048022211460388BDE8F041104657F72FBC0620B0EB550F15D320680021826A037C
:204CE00001F401B007100020469047010009D091F8250030B16A08204657F794FA204657E0
:204D0000F7B4FB2046BDE8F04157F78ABB6908204657F7A1FAD8F8000000020AD5002E0877
:204D2000D0204605F08BFB002803D0BDE8F04105F01BBB48E770B50546407D03281FD010A0
:204D4000B1284658F751F91A4E04206875346808E0A97CA27B201F914202D903F082FA40D0
:204D6000B12468B442F4D1281DBDE87040114977F71FBD6168281DBDE8704077F717BD70E8
:204D8000BD0000E406410000C12100B83B2000CC6A200088FD2000A0863100303F2000F065
:204DA000272000603B2000A4C1210098432000E0272000182820002DE9F84F60484FF000A5
:204DC0000AD146007D18B101215A205AF7C3FF002426465BF7CEFA0301F401A008100080E2
:204DE000465A48DFF868B1076824E0DBF800003D1FA8421ED028465EF7D8F8D0B928465D7A
:204E0000F7C5FAB0B95CB1A87CA17C884209D9A27B424504D116B1B07C814200D926462CD9
:204E20004607E0AA7B424504D116B1B17C884200D92E463F6845488742D7D174B1A17B4192
:204E40004562D0A07D40075FD400270097DBF8000000B3C27C032A04D01CE00020CBF804DE
:204E6000005BE0827CA37C9A4214D900F11C08807B5CF7D9FE0546B8F80610D8F800005C9A
:204E8000F783FA29465CF74FFE062803D80120DBF8007000902F4877F798FCE0B92D48D03B
:204EA000F8008015E098F80E00A17CA8F1040588420CD967B3A97B51452DD1E86949465C6B
:204EC000F738FE002802DA2F46D7F81C90D8F80301F40190091000008020498845E6D1BF13
:204EE000B1009807F11C0520B1E98828685CF750FA2860002301223946204657F78AFCC793
:204F0000B2009820B1E98828685CF711FE286037B1CBF8044005E02F4695F80EA0D8E7CB7D
:204F2000F804600E48007801280BD1DBF800005C4638B103F09EF920B12068808908B1003F
:204F400020606001218BF84110BDE8F88F000088FD200010282000CC6A2000082820008824
:204F6000C1210070B5414E0446707C58B134B3207C072160F30911207D60F38D2130205BFB
:204F8000F7A7F800E0D4B120465DF702FA022815D194F8A4005FF7E3FB05000FD02046039F
:204FA000F068F958B1286848B131494A8E8168B2EB114F03D2408AB0EB114F53D365F7E2D8
:204FC000FA65F75CFF05460301F401800A100054B1206840B1806A30B120465DF736F81001
:204FE000B994F743FE58B1B07D18B10F2131205AF7BDFE284665F74AFF65F7FFF836E036EE
:20500000F772FA1D4E70690028F3D13068A042F0D1607D0328EDD1E07C0428EAD096F839F3
:20502000000028E6D120465EF70EF80028204607D057F7E6FF204657F7A7FA022020750329
:20504000E05DF71DFE0028D4D0012086F839000B48022211460388104657F779FA2846740B
:205060006165F714FF65F7C9F857F7E3FE012070BD000088FD20007C402000CC6A2000E00F
:205080002720002DE9F0410546B422FF21B62017F79AF88046286812F71BFE074628461B7D
:2050A000F7DCF80646B8F1000F7DD0882088F80A007A4808F108048078C00888F80C00038C
:2050C00001F401700B100095F85E0188F80B00B5F85C01A8F80F0095F85E01C0076DD0B57A
:2050E000F86400A4F80500D5F87001B5F86E1190FBF1F0607295F86C01A07295F86D01E024
:2051000072D5F86801B5F8661190FBF1F040B2207320B9D5F8680108B10120207395F86465
:2051200001607395F86501A073B5F87401A4F80F00B5F87601A4F81B00D5F85801A4F8111A
:2051400000B5F84A01A4F81300B5F84801A4F81500B5F84C01A4F81700B5F84E01A4F819A3
:2051600000AEB1B6F8D000400411D5B6F8D200A4F81D00142206F5827104F11F0066F7DD7D
:20518000FC142206F58C7104F1370066F7D6FC5FB1D7F8B000C4F84F00D7F8B400C4F8535E
:2051A00000B7F8B800A4F857004F223E4901E075E003E004F159000301F401600C1000665B
:2051C000F7C0FC95F85E014FF00007800735D5A6B33848017889B33748006828282DD9404E
:2051E0001CB0FBF1F201FB120038BBDFF8CCC00021B6F8D2201CF8310090421AD10CEBC126
:20520000004278032A02D0192A09D010E082884388D21AA4F833204288A4F8352007E082F5
:20522000884388D21AA4F84B204288A4F84D2087804780491CC9B20A29DAD395F85E01409B
:20524000072BD5B5F87C01A4F8A800B5F87E01A4F8AA00B5F88C01A4F8B200B5F88E01A4FF
:20526000F8B400A5F88E71B5F88001A4F8AC00B5F88411B5F88201814202D9A4F8AE000115
:20528000E0A4F8AE10B5F88601B5F88211884202D2A4F8B01001E0A4F8B0004046BDE8F01E
:2052A0004116F795BEBDE8F0810000CC7620000301F401500D100004FE200093282000D89A
:2052C0002820006F7320000848016821F4E021016007490020086070470448016841F4E0FB
:2052E0002101600249052008607047148731004406600070B54949446891F9000000280111
:20530000DD401E0870002C3AD0217C204601290AD0162934D14248D0F81011204639B1880E
:205320004700282CD10EE0BDE8704081F74EBB96F7DEFB05462146002008F0D0FAE88A00D1
:205340001284F8DA0194F8D10148B194F8D801062805D0206D04F5E671008F52F7FBFF3046
:2053600048007E00280BD094F8D901BDE8704060F3070160F30F2189B23C205AF7B9BE70FC
:20538000BD70B504460E461D461AB194F8DE0010F759FB002084F89201E06BC0F3C041313B
:2053A0004306D020F400200301F401400E1000E0632946204611F78EFA606C20F400506011
:2053C0006494F8DD00284306D194F891010228204606D000F018F92046BDE870405FF7AC7C
:2053E000BC00F0BAF8F7E72DE9F041478804460679384653F784FC054620465FF778FE00CD
:205400002D0DD00C2E0BD1384661F707FF040006D0288F0AF0CEFBA17D60F3C601A175BD31
:20542000E8F081C444200060F8200088FD20002DE9FF41D6480127D0E90B10CDE900100C8C
:2054400021684629F701F90D21684629F7FDF81F21684629F7F9F80026DFF8388374E03037
:205460004653F74DFC04006ED0E06BC0076BD094F8DD00002867D1608F002864D094F8DE46
:205480000061F7CBFE05005ED0606C18B995F88B00C00701D0002756E094F89101022803C3
:2054A00001F401300F10000AD1052204F10C01684661F71BFE58B994F8910102283CD0B56A
:2054C00048052204F10C012C3061F70FFE98B30220606494F89101022817D0204610F73B92
:2054E000F8B5F88E00A5F8960002A9204610F722F894F8DE0002A964F7A8FC94F8DE00088E
:205500002202A9ACF7B6F960B906E0009820629DF8040084F82400E3E70121284664F7DF86
:20552000FC00279E480068412811D116222A2120460FF764FD0BE0FFE7218F0120403988BC
:205540004098490988084202D0204610F711F8761C98F80000864286D304B03846BDE8F0FD
:20556000811FB5040051D00020E16B41F30001491C084349D194F8DD00002845D1608F00B0
:205580002842D0606C00283FD18348D0E90B10CDE900100C2168460301F40120101000292B
:2055A000F75BF80D21684629F757F81F21684629F753F8052204F10C01684661F79AFD0037
:2055C0002826D094F8DE0061F730FE002820D090F88B10C9071CD102216164009921629D24
:2055E000F8041084F82410B0F88E10A0F8961002A920460FF7A3FF94F8DE0002A964F72919
:20560000FC002805D094F8DE00082202A9ACF735F91FBD0120ACE71CB5040042D00020E109
:205620006B41F30001491C08433AD194F8DD00002836D1608F002833D0606C002830D15711
:2056400048052204F10C012C3061F753FD002827D094F8DE0061F7E9FD002821D090F88BE2
:2056600010C9071DD1022161644D49CA6A226291F8301084F82410B0F88E10A0F8961069C0
:205680004620460FF75BFF94F8DE00694664F70301F40110111000E1FB002805D094F8DE1D
:2056A0000008226946ACF7EDF81CBD0120BBE738B5044602208DF800008DF8012084F8CF1E
:2056C0001084F8CE20606C40F020006064B4F8A001C00702D0384865F7A3FD94F8DE0002A2
:2056E000226946ACF7CEF82046ACF75FF838BD2DE9F047824685F7FBFD8146504661F79944
:20570000FD04002CD0DFF8B4802D4E2D4DB8F8220038B3206D296832680089401C02FB0035
:2057200013B9F1000F05D0274928680968884200D25B00B8F82200C51847F6FF708542003E
:20574000D3451E206D416CC90705D090F8CC0110B1A84200D20546504664F7B0FB2844BD52
:20576000E8F08719480068000501D5802002E0504664F79AFB2A683668D101B1FBF0F3206D
:205780006D01894789C0880301F40100121000FF00B7FBF0F0491C06FB0133834200D90313
:2057A0004606FB01209842BFD90346BDE70000607720002D2B2000A40E210016472000F073
:2057C0005C2100244720003C4520004045200044452000D44420002DE9FC47644E0F4664D6
:2057E0004934688246154622880888824201D1002D71D18946C1B2534601AA20460097538C
:20580000F7E0FC4FF0010CAAB24FF00608FF2816D0002D62D0316808EBC000CB68195A6200
:20582000F388011952326821F47E41D2681152326821F00301D26811520120BDE8FC87B928
:20584000F800100198884246D2002DF5D0E168DAF8003001EBC0010B60BAF8040088803082
:2058600068C168019808EBC005485B62F3880048533168019A20F47E40C96808EBC202033A
:2058800001F401F012100088523168019A20F00300C96808EBC2028852019960684A090068
:2058A000EB820001F01F0102680CFA01F39A4307F001038B401A4302600198A168420901B6
:2058C000EB820100F01F000A680CFA00FC22EA0C0242EA0C020A602088401C17E0FFE70038
:2058E00020AFE7A268410902EB810200F01F0013680CFA00FC23EA0C031360606800EB81DF
:2059000000016821EA0C0101602088401E208097E71B480068002802D0412165F7DEBA70F6
:20592000471749096891F840202AB101EBC000C07908B10120704700207047104A03681267
:205940006802EBC1010B6083888B80807988710120C87112F8400F401C1070704708490026
:2059600022096801EBC0000260426011F8400F401E0870704700000301F401E013100050B3
:205980002B2000362B200068B921002DE9F041244E044688463068407853F7C9F9050008BF
:2059A000D0214F84B1052C31D04046BDE8F041A5F77ABE1D48807D002830D0BDE8F0412A86
:2059C0002132205AF7FBB981F737FF3878B1F745FF15205FF7F5FA0028284607D0A5F7F48E
:2059E000FDA5F75DFE12490120087001E0A5F727FE10480178012911D10221017030680D07
:205A00004940780978BDE8F04110F749B83878B1F724FF2846BDE8F041A5F711BEBDE8F067
:205A200081000014452000B944200088FD2000C644200081512000825120002DE9F14F8EB7
:205A4000B001270E9EBB46F46B4AF799FC0290DC4825460460DC48D0F8008030466CF7C101
:205A6000FE0100D94801D0007800E04078B0740301F401D0141000D5481438D0F80090DF74
:205A8000F854A39AF80500B8B15FEA887014D581B269F30301002060F304114FEA19206000
:205AA000F34A11C8F3800060F3CB21C8F3C00060F30C3146205AF786F95FEA48707DD5C6C4
:205AC0004800680090C548001D006880B20190C9F3801001460690684651F7BBFE0D909A22
:205AE000F8050018B1472000995AF76CF9B8481438D0F800A0BA490AF00F09CAF3C01009CB
:205B000068442907D1B9F1030F04D1B04A383A1168491C1160B349097841B1B9F1030F055C
:205B2000D15FEA087102D4AF4A01211160AB49091D09680B91A949083109680C9196F8463C
:205B400010814207D106220DF12E0106F1400061F7E4FA00B100270298002848D00D987809
:205B6000B1002F44D04AF70301F401C015100018FC002840D034B330466DF752F810B39464
:205B8000F83600012825D054E0002F34D04AF708FC002830D030466DF743F808B1204603AE
:205BA000E0694606984AF7E6FC28B390F83610012976D190F83B00C00772D10E985AF7C0F7
:205BC000FE01E003E043E030466CF7E3FF0FB0BDE8F08F94F82E00022530B10622694604A5
:205BE000F1280061F79EFA18B152F7BBFB20B120E084F82E50254653E00020029003900422
:205C00009005909DF803008DF808009DF804008DF809009DF805008DF80A0007AA02A9048A
:205C2000F1080052F71DFB0322694607A861F779FA08B1002534E00098A062BDF80400A0D7
:205C40008584F82E500120254686F8490028E068464AF759FC5F490500086021D16846036E
:205C600001F401B01610004BF726FA050005D0CCB195F83700012808D014E01FFA8AF14012
:205C8000235A4A0E985FF7D7FD0EE094F83700012808D1102204F1180105F1180061F745CF
:205CA000FA00B100254D48056054480068400603D505B9F56B494805600E9D5FEA08700573
:205CC000F1280524D528464BF751FB48B1694650466DF7E7F85FEA000B86F8490017D15DD0
:205CE000E096F8490098B938004FF000070FD074B130466CF799FF50B1A179069881420627
:205D0000D106226946204661F710FA00B90127B9F1050F43D128464BF718FBD8B334480096
:205D2000680E283BD0B7B3BBF1000F37D034480068800217D500226846069953F730F81843
:205D4000B1408F00287FF446AF0D9858B168464AF7DEFB38B181790301F401A0171000001A
:205D60002253F721F810B1408F0028EFD11D4C304621686DF7FEF880B396F8490010B10E8B
:205D8000985AF7E6FD30466CF78CFE30466CF739FD0028F06E81B202D0012001E002E00353
:205DA000205EF7E4FF0F490020002F08603FF416AFBBF1000FFAD00F480079C007F6D0B9E9
:205DC000F1050F02D0B9F1030FC0D11FFA8AF10123084A0E985FF733FD00E7FFE70020205C
:205DE00060FCE614442000AC8B31000444200088FD2000000A3700A40E2100643920006C37
:205E000039200060432000D444200070B504466FF001052946012095F7BAFE0646294600CB
:205E20002007F088FDF08A00F180004FEA202084F830004FF00500A081194800684107053B
:205E4000D5E1694A8902F101024A8109E081070301F40190181000E16903D48A89521C8A41
:205E60008102E0CA89521CCA81ABF72AFF4FF448114FF41810C865206A002813D14FF44695
:205E8000167569E07B01280CD1706920F080007061022001F7A9FFF06945F0800540F0006E
:205EA00070F061756170BDAC8B3100006D90F8CD01002800D0012070477CB5044601208403
:205EC000F83401A07B69465BF746FDE069410000985BF7D5F9401C46082046FFF7E6FFFE0B
:205EE0004D20B9206DB0F85400B04214D9FC480068000312D508F7D6FF10B906F71DFC18B3
:205F0000B1A07CE979884206D0A07CA979884202D0297A884201D12878A0744FF00040C4A2
:205F2000F83C017CBD2DE9F84F002705468DF8007000F5D2764FF00208B94690F8DE0061E3
:205F4000F798F9040074D00301F401801910004FF4047164F7DEFF242105F1EC0064F7D984
:205F6000FF142105F5887064F7D4FF85F8247116202074677495F8DE0018F72FFEDFF86C2C
:205F8000C3DFF86CA34FF0640BDCF800004178090620D5D749096A090714D54B460222696F
:205FA00046E14647F76AFDF070D9F80010D1F89C10085CB0709AF8000010B3D9F8000090DF
:205FC000F83C001BE0F770DCF80000D0F89C000078B07015E04B4600226946E14647F74D52
:205FE000FDF070D9F80010D1F89410085CB0709AF8000028B1D9F8000090F82C00B070F76B
:206000007086F804B0B0787071F07886F82100B94986F82270B0788876B8480168F27821A2
:20602000F0FF0141EA02010160A17BB448415CAC48032902D2407901E0B6E04078A0740339
:2060400001F401701A100095F8DC00A07395F8DD00E073B5F8D0002084B5F8D2006084955E
:20606000F8E00084F82400D5F8D810204661F7ACF8256584F87B704FF00209A34884F87A75
:206080009084F883700178012011B984F8A6000820A4F8A400E07B012808D1B5F8D210A582
:2060A000F856109A48216D0088A1F8540095F8DE0084F8FD0095F8DE0084F8150104F1ECDB
:2060C00000C4F8E40018309249C4F8E800608C09784843A4F8A200204661F7BCFAEA682934
:2060E0007C204661F716FA4FF6FF76A4F88E60D5F8D800C4F81C010121204661F760FA85D5
:2061000049206D496BC0F88C1195F8DD00012802D1284655F72FF884F8D1717F2084F8D9A7
:2061200001A62084F8DA018007C4F83C0195F8DD00012804D179480301F401601B10000014
:206140007808B14FF0030877484246016820465CF78EFB84F8E071062084F8D801A4F830BE
:20616000617248724E0622007884F83201402084F8A700311D05F15C0060F7EBFF70B995D3
:20618000F8DE00306086F80D9000206FF07F013218401C82F838100728F9D3377320467498
:2061A000F7F5FE95F8DE0001211DF761FC204661F779F9206D80F8CD71BDE8F88F2DE9F151
:2061C0004F5C4884B0049C06680021B4F8A40051F7AFF9804661F7D7FF074694F84E0140CD
:2061E000F0200084F84E015348C07998B1B4F8A400002100F01F0551F79BF960F349159401
:20620000F8810060F38C25294615F4787F54D04E2059F7F4FDB4F8A400C043800708D0B855
:20622000F1000F05D0206DD0F8EC10491CC0F80301F401501C1000EC10206D90F82411213F
:20624000B1D0F81011491CC0F81011204674F7B3FEE07BA0B3204660F7CEFF002084F83AD6
:20626000014FF44610C06940046DD54FF00008B4F8A400454600F010010291C346C24641CD
:206280004651F75AF90246206D002161F7B5FF3844019094F8A10070B3206D012151F74087
:2062A000FC8146204661F7F7FF8046401C65D04146204662F78EF80546401C61D061E0012A
:2062C000E04D20A9E794F88100B0B9012584F88150A07B5BF7FCFC216DD1F8D8105BF7778B
:2062E000FC0746206D53F775F9164951F82010B8FBF1F0381A28E044E034E06044200098B6
:20630000432000A82D2000A8442000C46C2000A077200004833100A85721002A44200036F6
:20632000442000284420000301F401401D100060772000294420003C44200027442000EC6C
:20634000272100AC8B310088FD2000742B20007BE0401C20F00101002908DD206D54F7C3B7
:20636000FF206DB0F8D000208484F8255094F83B0100286CD1D4F82C0100F10100C4F82C84
:206380000165E0C846454600E04D46B4F8A400C00617D5206D002151F7C7FB00903046519A
:2063A000F7CCFE5FEA000909D0002151F7C9F883465FEAC96005D5DDF800A002E000988241
:2063C000468346206D4246594661F752FF00EB0708206D2A46514661F74BFF019A38440208
:2063E000EB08010B18FE48FE4A0068834218D9FD4BF5031D6807D525F480151D60D389238F
:20640000F01003D38106E025F010051D60938923F010039381B4F8A43023F01003A4F803FD
:2064200001F401301E1000A430814211D894F8A10002990843D4F8400101D098B10BE0382B
:20644000B1408C10F4C06F03D0C0F30100022802D0204661F7E3FC20460CF795FBE07B0117
:206460002815D017E0907C0007F5D4E048001D016821F400710160DE480168DE4A01EA0203
:20648000010160DD48016821F400210160E3E7204660F7B9FEF00304D594F84C0120F00181
:2064A0000005E0700305D594F84C0140F0010084F84C0194F82311B4F8A40061F7ADFDC005
:2064C000B194F84C01010714D5C0F3400100F0010081420ED1E07B48B994F8230101280580
:2064E000D194F88B0040F0800084F88B00022084F8230194F84C0140F0040084F84C012045
:206500006D90F8BD1089070ED490F8DE0001211EF78BF9206D01210301F401201F1000909F
:20652000F8DE001EF7D5F994F8C3011EF765FA204685F7C8FCB448016811B14168491C41C2
:2065400060049805B00121BDE8F04F09F070BC2DE9FC5F056D04464FF0000995F8DE60849B
:20656000F76FFF8246D4F88400002780B14108D4F8AC005AF769FFC4F8AC00D4F88400CD47
:20658000E90007A07B69465BF710F8C4F88470204660F773FE94F88B00010720D58006B1BE
:2065A000B207D50E205EF702FC94F88B0020F02A0006E008205EF7FAFB94F88B0020F00EEE
:2065C0000084F88B00914800210068826A2046904728B190F8250010B1204662F76EFDD4E4
:2065E000F8B83094F83311D4F8BC00591840F10000C4F8B810C4F8BC00D4F8C03094F83548
:2066000011D4F8C400591840F10000C4F8C0100301F40110201000C4F8C40084F83371844E
:20662000F83571BB4694F881007B4F03286CD0A07B5BF75DFB8146D4F8A8105BF7D8FA80C9
:2066400046D4F8AC1048465BF7D2FA8146B4F8A200C0B1404516D8304662F738FE0320841B
:20666000F8810020465CF7F4F9B1B205205EF7A2FB6A48C07C002803D00021502059F7D2E5
:20668000FBBDE8FC9F94F8810003283DD0B4F83811414503D9204662F704FE88B1A07C39D4
:2066A0007A88424ED8F879A074206DC16B090101D5397AA174D0F80C11491CC0F80C11402B
:2066C000E094F8810003281FD0A07B10F7ABFB30B15349B5F8D20009784843404503D92062
:2066E0004662F790FD30B1A17CB879814229D2A074206DDFE794F8810030B9A07B4949086F
:206700005C032801D278790301F401002110001BE0BAF1000F01D0387916E04448454AB408
:20672000F83811007812784843434BB0FBF2F01B785943B1FBF2F119B1894501D3F87803D3
:20674000E078B181450DD3B878A0742046FFF7D1FB90B1206D90F8CD01012804D0022805CE
:20676000D00AE07878F0E7A17C344801E0A17C33480078814200D2A07420465CF7FCFCC8EC
:20678000B10226B5F8D22094F82410B5F8D000334655F7A3F8A5F8D00084F8A0B0B5F8D02E
:2067A000002084B5F8D200608484F82460012084F8250006E0204662F7C8FC014620466298
:2067C000F70AFD204661F731FA5EE710B504469EF781FC002812D14FF48200D0F8641289D5
:2067E000040CD5D0F89C03C00708D015480078221805485830016862F30701016010BD03D3
:2068000001F401F02110004C4420002C292100688B310064833100FFFBFFFE608B31007C70
:20682000C121003C4420006044200088FD200021442000A85721002C4420002E4420002D79
:206840004420002F4420006DB92100E63D200070B50D4604460021284650F786FE0146B4A0
:20686000F8A400C5F3C002C0F380039A425CD1464EB27C120700D5D9B94549096802290255
:20688000D1E943890714D080F00400A4F8A400204684F7E2FD88B1408C10F4C06F0DD03CC2
:2068A000490868B4F8A420520704D540F0041003E0002504E020F004100860A4F88C500049
:2068C00021284650F751FE00282ED0042804DD94F8E010890700D5001F02462E48C1880C4D
:2068E00039914200D20A46B0682C49001DA0F7BFF994F8E00080070301F401E0221000175C
:20690000D594F8350100F1010084F835012648006840040ED5206D90F8DE0052F748FA3D84
:206920002180F8CF100120A4F888000020A4F88C0070BD2046BDE870403EF753BB10B5045E
:206940004662F723F92046BDE81040012109F09CBA10B5016D044619B191F8CF1009F017F1
:20696000FB2046BDE8104061F76BB810B510480E4C2C2204600F492046A6F771F9AFF28136
:2069800070E061AFF24900A061AFF23900A0603DE700002C292100A40E2100688B3100C729
:2069A0002B2000000A3700AC8B310050C121003C44200048730C002DE9F04F8BB004469DD3
:2069C000F7B1FEFE4EDFF8FC93F07800B3FE48006880071CD594F85F2081B2B4F852006280
:2069E000F30301820962F30411000A60F34A110301F401D023100094F8680060F3CB219430
:206A0000F8690060F30C31432059F71CFA4420D9F8001059F717FA94F8681004F16008D1E4
:206A2000B149F7F1FCB8B194F866104046454650F750FF80B949F7F0FC68B194F8660029CD
:206A40004649F7D4FD38B190F83610012903D190F83B00C00706D094F85A00DFF874B302E4
:206A60002804D0A5E1204659F7A7FFABE194F868000028F6D094F85F0008B10128F1D1A596
:206A80006F95B394F869004FF0010A70B349F7BBFC00287ED049F7C0FC0028FAD0E86B002F
:206AA0002720F08060E86394F866104046CDF8108050F70FFFB84600286CD094F82E000125
:206AC0002873D0D5F88861002E0DD096F82E0030B1062206F12801049860F75FFBE8B39627
:206AE000F8360001287BD00301F401C0241000D8E000E009E0B07D002858D00BB02821BD48
:206B0000E8F04F322059F7A2B9214694F8662043464646084651F7E8FE002847D0216EE990
:206B200065B4F86400A5F8600094F8660085F86200204694F866203146A4F79FFF0028942E
:206B4000D0A748007848B1A6492046012381F800A0B4F852104A465EF7AAFE9BF80510A18F
:206B60007400E03EE0012080F7BCFF012080F799FFA8F71EFC18B12946204651F75BFE998F
:206B8000488179090712D5934940390A6822F400320A60D0F82D108F4A02E0A9E055E008BD
:206BA000E0383A1160111DB0F8310008600BB0BDE8F08F049849F7E7FC18B904984AF7B7A0
:206BC000FA38B1C179FF296CD00127C5F8880168E009E02046B4F8521004234A465EF70312
:206BE00001F401B025100067FE5FE001275DE051F7FCFBE8BB04F16300CDF80080CDF80469
:206C000080CDF80880CDF80C8001788DF8001041788DF8011080788DF80200DDF810900500
:206C2000AA694606F1080051F75FFB0322494605A860F7BBFAE0B9206EB062B4F86400B0F4
:206C400085022086F82E00F079FF28CED0A9F780F8CBE794F82E00D5F8886101280FD194DC
:206C6000F8661002220498A8F773FEFF2807D000E01BE094F86600049949F7C0FC0646A680
:206C8000B1B07994F8661088420FD106223046049960F78BFA48B986F82E80F0790127FF9A
:206CA0002801D0A9F755F8C5F8886194F85F0001287BD10FB34949D5F888610822091D048A
:206CC000A89FF7E5FF46480DF1120914380068C0F3C017394648460301F401A02610005081
:206CE000F704FEF0B396F82F0030B1062206F13001484660F75EFA20B196F8370001280608
:206D0000D057E095F8630068B301284ED051E051F770FB40BBCDF800809DF815008DF800C7
:206D2000009DF816008DF801009DF817008DF80200CDF80480CDF808804F46CDF80C80066D
:206D4000AA694606F1180051F7D3FA0322394606A860F72FFA38B9DDF812003063BDF816AE
:206D60000002E005E021E012E0B08686F82FA0C8E73EB196F83700012803D196F83B00C0ED
:206D80000717D095F86300022802D0032802D010E017B10EE0012F0CD13946002052F7EB96
:206DA000F90622494660F705FA18B9E86B40F08060E86394F82E00012806D12046A4F76E25
:206DC000FDFF2801D0A8F7C8FFA17C9BF805000301F40190271000814202D12046A4F73319
:206DE000FC0320E0740DE088FD2000000A3700AC8B310060442000C0442000C1442000A434
:206E00000E21000BB02046BDE8F04F01219CF7FBBF70B5224C0500A06727D0012684F82D69
:206E20006095F8630084F8300020469CF709FF15202074002060742046A4F705FCA687A4C5
:206E4000F85060022084F86A0001222221002050F778FB40F00501A16495F8620001280EE1
:206E6000D002280CD003280AD00CE00D48807D002814D0BDE870402B21322058F7F3BF41B8
:206E8000F08000A06495F86300012803D0022801D0032803D1A06C40F04000A06470BD10DB
:206EA0005B210088FD20004848704710B5FF2080F740FE022804D0FF2080F73BFE032816C3
:206EC000D14FF44814D4F80301F40180281000C000000610D54048007899F7B1FD3F49C98B
:206EE00078C1F30001484006D08020C4F8C000BDE8104081F743B810BD70B53548046800A8
:206F00002C2AD036480168002926D1012101603448C4F898003448C4F89C000025C4F894A8
:206F20005004F1940002F766FA3048C4F8A400C4F8A850C4F8A050002104F1A00002F751E7
:206F4000FAAFF28F00C4F8B000C4F8AC5004F1AC00BDE8704001F7FBB970BD1D4910B509E0
:206F60006871B180B1487800280CD0FF2080F7E5FD02280AD080F745FF022080F7DEFD04E3
:206F8000E018B1002010BD0520F7E7012010BD70B54088C4B20F480568002D17D02878A0EF
:206FA0004214D00E4900EB4000091D01EBC00000EB840006684EB1884207D38C318842034D
:206FC00001F4017029100004D8002120462DF75EFFB0472C7070BD704700004C462000F80D
:206FE0002A20004C24200070B92100D5390800BB390800A73908002DE9FC41804689480089
:2070000025144600680E46000234D58648006888B3864F386870B390F8400058B30CB1FF92
:20702000202060D8F800200092B8F80400ADF80400404650F766FC48B1404649F7B8FA2809
:20704000B1016800918188ADF80410867900223146684652F77CFB7549097888420AD206D2
:2070600046FEF7BEFC30B1386810F83600FF2801D0266001252846BDE8FC812DE9FF414F83
:20708000F446160346D6F840030125694F1C6800F001003C603C1D9B882360654B654C48AF
:2070A0003B2C3C81B10028186806D040F480001860206840F480400301F401602A1000162C
:2070C000E040F040001860206840F040000FE00028186806D020F480001860206820F4805B
:2070E0004005E020F040001860206820F040002060D6F870020090D6F87402019002A910EB
:20710000465AF775FC694602A85AF7DAFD08308C2805D359F73AFC002080F7FBFC002504E5
:20712000B02846BDE8F0812DE9F843064644488C6F904600689946012742488279520716BE
:20714000D53E4AD0F827101160B0F82B10101D01603A484838016821F04001016037482C28
:2071600038016821F0400101600120BDE8F883CCB191F82E00012802D0E06B40014ED59408
:20718000F863506A4641461846FFF739FF98B128480099B27B006800EBC1035B1C10F8313B
:2071A00010184638E02848807D18B1292132200301F401502B100058F765FE0020D9E74918
:2071C000F742F978B349F748F960B34146484650F7A0FB18B1484649F7F2F90CE04946408A
:2071E0004649F724FA1B490968490604D518B91949002049F71BFAC4F88801022D01D003FE
:207200002D07D120B190F82F1009B1303005E005F001052946002051F7C2FFB27B2946FFA4
:20722000F734FF0746E06B20F08060E0633846A0E7000018472000582B200068B9210030C0
:207240002B2000B08B310040833100A40E210088FD20006043200008472000044810B500C8
:2072600068002803D049F72BFEC0F1190010BD044720007FB5054640B204281ADD284659E5
:20728000F715F9FF2803D0054640B2042811DD00200090019002A928465AF7A5FA2A4602DC
:2072A000AB694610465AF70301F401402C1000EFF9694628465AF7B1F91AE04FF44614E6DB
:2072C0006926F00070E061C4F80052D4F8040220F00400C4F8040202205AF705F8D4F80488
:2072E0000240F00400C4F80402032059F7FCFFE6613B48007C002806D004B02946BDE870AC
:2073000040542058F7C3BD7FBD2DE9FF41064640B20D464FF00008042821DD304659F7CAC6
:20732000F8FF2803D0064640B2042818DDCDF8008002A93046CDF804805AF759FA3246022F
:20734000AB694610465AF7A3F92B46FE22694630465AF745F8694630465AF75FF924E04F2B
:20736000F44614E76927F00070E061C4F80062D4F8040220F00200C4F80402022059F7B3BE
:20738000FF2868C4F80C026868C4F80802D4F8040240F00200C4F80402032059F7A4FF031F
:2073A00001F401302D1000E761C4F80C82C4F808820D48007C002813D03146552058F76A11
:2073C000FD2868010C582058F765FD2968572058F761FD696804B05920BDE8F04158F75AB8
:2073E000BDBDE8FF81000088FD20000120704770B5456828461BF7BEFE28465CF797FA00CE
:20740000281ED00F4C012101FA05F122898A4322810D4A1288520708D5E28C0A4205D08A8D
:2074200043E28490F83A11A3F724F994F82800002806D0002084F82800BDE8704019F791AD
:20744000BE70BDD4FD2000A08220002DE9F843E84D286800685CF76AFA04007ED095F8AA50
:207460000010287AD2E44905EB8000001D496810220D3164F7F2FB0020009028680023C141
:207480008CC1F380023E214FF7E3FB95F8AA00001D85F8AA0028680301F401202E10005DE8
:2074A000F754FA18B995F8AA000C2808D228685DF74CFA00285FD095F8AA0010285BD3282B
:2074C000685DF743FADFF83493DFF8388309F1740920B301F0F2FACB4ECC4FC00716D00873
:2074E00021281DBAF718FB28B994F8370140F0200084F8370194F83701800649D4B8F8FEA4
:2075000000000700D43E463046082327E0B8F8FE00000700D43E463046082335E001F0CDE3
:20752000FAB94EB94FC007A6F15806A7F1580724D00621281DBAF7EFFA28B994F8370140B0
:20754000F0200084F8370194F83701800620D4B8F8FE00000700D43E46304606234A4629C4
:207560001D00E008E0A7F7FAF990B994F8370140F0200084F83701BDE8F883B8F8FE0000B6
:207580000700D43E46304606234A46291DA7F70301F401102F1000E6F995F8AF008007028D
:2075A000D58BF735F80EE028685DF7D3F910B14022022101E03022012101208BF710F8045F
:2075C0002085F8A800281DA7F72DF90028D7D02968132081F83F01D2E710B5894C8EB02060
:2075E0006800685CF7ABF940B190F83701800604D5042108A8A7F72BF949E000200490053B
:20760000900690079094F8AF00C0F38100D0B1012802D0022816D103E0D4F8A400049011B9
:20762000E020685DF796F90028784802D000F59A7001E000F1EC0090E80E00C068CDE90420
:2076400012CDE9063071490CAB01F1FC014878C0F303028DF8302049884FEA1010C1F300A1
:20766000018DF831108DF8320020686A4A08A9CDE90032634A00F1280002F16402CDE902E0
:2076800001A2F1100104AB0301F4010030100001F12000A7F727F808A88AF74DFC0A208466
:2076A000F8A8000EB010BD10B58AF7EFFA574C94F8AC0000B315F707FD94F8AF000222C0B3
:2076C000F34001206819F769FB206896F7D8FE2068002180F83F1100685CF734F928B190CD
:2076E000F8371121F0200180F837118AF7BEFABDE81040A7F72CB90520DCE770B5434E8E7B
:20770000B0346820685CF71EF900285ED090F8370180065AD400250495059506950795963C
:20772000F8AF00C0F38100F0B1012802D002281AD103E0D6F8A400049015E020465DF70D18
:20774000F9002896F8AF004FEAC07002D058B1344802E040B13348483890E80E00C068CDC2
:20776000E90412CDE9063016F8AD0F8DF83000B07808ABC0F300008DF8310070788DF803EB
:2077800001F401F03010003200274A04F128010CA88DE80F001F4AA6F1AD0602F1540202CC
:2077A000F1100104AB01F11000A6F7A0FF20465DF7D8F8194910B101F58A7101E001F1BCAD
:2077C0000196F8AF00800604D4102208A85FF71DFD58B1E08C0523C0F38002412120464FD2
:2077E000F78BFA8AF761FA0EB070BD0095E08C0023C0F38002412120464FF73AFA96F8AF6E
:2078000000800702D58AF762FDEDE78AF7B2FBEAE70000C4232100780E2100E86D2000A093
:20782000720C00142521004C2820000C6F20002DE9F047044691460E4608465CF787F8055A
:207840000073D0607840F0040060702078C0F3C30195F8A70002294FEA501005D2BDE8F096
:2078600047012300220BF70ABE824601220BF7DDFD40B1618840880301F401E0311000C16D
:20788000F3C902824202D960F3CC016180608841F6F877C0F30101032911D0DFF8F8819852
:2078A000F80A1039B1C0F3C900314660F31F11092058F704FB6188784A88070ED010E0389F
:2078C000420AD02078C0F3C300032801D0082803D14946284617F742FE7FE0D07C00077C05
:2078E000D5B5F86430002063F30B0061F30D30C1F3C90161F31F402178490703D120F4401E
:207900004000F58040C9F80000D07C000725D56349488F401C48876248007802280AD0048C
:207920002812D060480068A0B14946204672F7AFF83DE04BE05D48006840020AD420785B6F
:2079400049C0F3C300087044E0494620462BF740FE2DE0484613F7B3FE29E092F838000254
:207960002837D02078400705D06088C0F380010301F401D0321000284613F791FE608838D6
:20798000422FD0E969C1F3C4010D292AD098F80A1041B1C0F3C900314660F31F114FF00A50
:2079A0000058F790FA60880023C0F3C901091D1A46484683F7DDF960880123C0F3C9022058
:2079C00078C0F3C30150460BF761FD3B48017841F002010170BDE8F08703E0484612F7AEDD
:2079E000FFE9E74846BDE8F0470FF7F3B82DE9F04104465CF764FF06004FD020465BF7AECB
:207A0000FF05004AD02E480178012908D14169A94202D08069A84202D1002000F05DFC6080
:207A20001E4FF00008142803D82649214401F8018C012786F8237063F7D1FA2249A7400AB6
:207A400068BA430A6063F7CEFA2CB3162C23D0012200232946304612F739FE304612F72C0B
:207A6000FE717E39B1B5F80301F401C033100064004FF0FF320BF7C6FB86F819800B48C0C5
:207A80007C400703D514B1E0B285F738FD012120461EF79EFD2046BDE8F0414DF7B6BE0017
:207AA00022DAE7BDE8F08188FD2000E86D2000001B2100F8412000D44020002C8B3100F909
:207AC000412000A74E200088C12100CC6B20003840200070B50C468178C31D0A46091F010E
:207AE00025042A0AD371B1D0F803200E48824204D3481E0D4E1044B04201D9002502E01858
:207B000046ACF74AF90E202070042060700120A0704FF64C40A4F803000DB1002000E00C1C
:207B200020607170BD000000031000FF24100070B509301446C578032D0AD2837990F90556
:207B4000200179284606F006FAA0710020607170BD1220507170BD10B500F10C01144603B8
:207B600001F401B0341000002006F023FB0020607110BD10B5FA4C94B050226946206864CD
:207B8000F758FC40F6FF71206864F722FC50226946206864F745FB14B010BD70B500F109FF
:207BA000051446E81C04F081FCA071E9780022022904D0032909D004290AD001E0401C0213
:207BC000D0E271627170BDE64800E0E648007809E0411F0A2391FBF3F1A171494201EB81DE
:207BE0000100EB4100E071ECE710B514460930DE4A002100EB4103B3F8033022F8113049E2
:207C00001C89B26729F5D305F07DFCA0710020607110BD2DE9F04FDFF85483F9B09346DC17
:207C200021D8F800207591CE217691D14900F10909D148096B4FF0000A09BA7791302174B4
:207C4000918078012801D1E020759099F8030050287CD18BF806000301F401A035100000DB
:207C6000208BF8050099F804004D465C4601282FD1C448D0F800C0E620BCFBF0F300FB1327
:207C8000C699B2B5F80500BF4B08B900271F700EB9491E89B2884214D8BCF1000F11D0885C
:207CA000423BD14FF0730100FB01F0197802EB4000A0EB01014FF0010A4FF00000F6B13329
:207CC0001F0DE00020A072E62104F10C0063F799F963E0271811F8012B401C3A7300B29868
:207CE00042F7DBD8F80010A019D1F8901D8160C6F1E6010C3063F785F9A6724EE02318400D
:207D00001C11F8012B00B21A73E228F7DBD8F80000D0F8900DC4F8EE003DE0732148439943
:207D20004902EB40000978471A0026D8F8000000F559618F4201D100F15C07B5F80510117C
:207D4000BB00F15C018F421ED14088012803D00301F4019036100002280ED018E0E8E08B74
:207D6000480C2101708B49A0190C360A68C2604A6802618968416109E0854820210A4601CA
:207D800070A0190C30834963F790FF203636B2A119761C17F8010B36B20873E62EC9DBE623
:207DA00020A072287902284ED177480DF1E808464601683A9140683B903CA86F49769A63B8
:207DC000F774FF76987449083030440A680260898881807598E62790FBF7F0759A81B20707
:207DE000FB10260EB9491E89B2B5F80500884218D8664A1268AAB188421BD14FF0010AC632
:207E0000B17321484308EB4001324604F10C0063F74CFFA019C6F1E6010C3063F7F6F8A6BF
:207E20007211E00020A072E62104F1F20063F7EDF809E07321484308EB4001E62204F10C3B
:207E40000063F733FFA7720301F4018037100054480078F0B32879042867D152488179C9A4
:207E6000B3018F7498001D084480B2E621B0FBF1F601FB1602B5F80510B14239D8434B1BFC
:207E8000884BB3ADF8C4117499ADF8C611ADF8CC61ADF8C8010027ADF8CE21E82168466245
:207EA000F79AFCB5F80500B0422AD1694671A848F763FA064604F10C003246694663F7F96B
:207EC000FEA1197798361DC860B6B2C6F1E601A01902E02AE007E00BE00C3063F79AF8A615
:207EE000724FF0010A21E00020A0724FF0010A01E00020A072E62104F1F20063F78AF81458
:207F0000E030B9214904F10C00749A63F7D2FE749F694671A848F730FA0646E0190C3032FE
:207F200046694663F7C6FEB819A0722879E071B5F80500208184F80BA099F8030018B1037F
:207F400001F40170381000312801D001280DD18BF8060000208BF8050099F803005C4612C9
:207F60002538B3012826D031282AD099F803008BF8060099F80300594602282DD038E008E8
:207F80002A2000034A20000C4A2000FE482000A42D200058E82000C22D2000842D20008895
:207FA00029200019F82000B52D20006F2D20008CE82000FFE7E11DA2F7BFF8C8B965711753
:207FC000E0E11D09F10300A2F703F80100F6D03E22E01D63F772FE0BE0FF4A002001EB40C4
:207FE0000432F81030401C00B2A4F807306728F5DB99F8030051280CD199F803108BF806BC
:208000001000218BF80510FA22F4490BF1070063F754FE99F8030061280CD199F803108B66
:20802000F8061000218BF80510FA22EB490BF1070063F743FE79B00301F40160391000BD03
:20804000E8F08F70B500F109041546808950F764FF50B1A178022905D0617980F8CD11003E
:2080600020687170BD0021F8E71220F9E72DE9F84F00F10904DC4815460668FF2090713729
:20808000468346D071002006F5807607F54077507163F7E1FE63F77AFF4FF0120978B3E09A
:2080A0007838B1012866D0022836D12079002864D069E020794FF0110AE8B90422694630F8
:2080C0004664F7CBF90098401C24D160794FF48038032815D0E622A11D301D64F7B5F894BF
:2080E000F90510042248EA01202179084300906946304664F7A9F82079012803D035E013A6
:20810000E0FA22E8E704226946384664F7A6F90098401C03D085F805A0BDE8F88FB4F8EC9A
:2081200000B4F8EE10884202D885F80590F4E70301F401503A1000401A401EC0B27321486B
:208140004307EB4000001DE622A11D64F781F8B4F9EC00B4F8EE1061B994F90510000440B0
:20816000EA012021790422084300906946384664F76FF86079A87185F807B0D1E768F7FD30
:20818000FCCEE7AB1DEA1D691D002068F70FFD20790128C5D1AB1DEA1D691D68F707FDBF7F
:2081A000E72DE9F05F4FF0000A00F1090782F805A01546808901215BF7F4FE06000DD0302D
:2081C000688C4901EB4014203C09F768FDF1690C22C1F3C4030A2B33D103E002206871BD8A
:2081E000E8F09F96F8B930C3F3C303032B28D1090426D497F805C0217811B1BCF1000F1F5D
:20820000D151EA0C011CD0B979B7F80790B7F809B04FF01208BCF1010F0FD813D169B1B9C5
:20822000F1000F0AD0C38E0301F401403B10004A1C40F271277A435343B6F85C207A439392
:208240004204D985F80580CEE76A71CCE784F800C0BCF1000F02D04FF0010201E04FF0008E
:2082600002627035D0A170E170A4F80490A4F806B0828E2281C28E01F1010102FB01F262F8
:2082800081818EA181C08EE081206958B94FF01800FDF635FA206160B13268584963F785BE
:2082A000F8206930B14FF47A7009FB00F1206963F751F86069002896D11820FDF620FA6011
:2082C00061002890D03268BDE8F05F4C4963F76DB8028CA1898A4203D1428CE3899A420B9A
:2082E000D00184E1894184A1898186E189C186C4F81CA0012180F82510206930B163F744C9
:20830000F82069FDF6BCFAC4F810A0606900289AD063F73AF86069FDF6B2FAC4F814A00305
:2083200001F401303C100062E770B5374C05462078012823D1606900680FF7BBFBA06900E4
:20834000680FF7B7FB2078012818D100216DB9607801280AD1606910B1A289A0F89C20A087
:208360006910B1E289A0F89C206170A078012805D12748026842F480320260A170BDE870E3
:20838000401C21214862F73BBA2DE9F041878900F109041646012138465BF70BFE05001ADE
:2083A000D06179286800220FF72FFF61790022284688F774FB1548017801292BD1617900FF
:2083C0002928D14169A94202D08069A84222D1BDE8F0410020A8E7384650F7A9FE1225F036
:2083E000B1384650F7A5FDD0B161790129C16B13D021F400010DE0FE482000E0D820000888
:208400002A2000A4C1210043D0000088C1210098432000C163BDE80301F401203D1000F0F5
:208420008141F40001EAE77571F8E770B56A4C0546207801280FD1606900685CF758FAA8AA
:208440004201D1606970BDA06900685CF750FAA84201D1A06970BD002070BD70B5044680D6
:208460008801215BF7AAFD0546E08801215BF7A5FD3DB330B3A84224D02968012202FA012E
:20848000F3564909680B421CD003689A400A4218D021894FF40062914213D2618991421053
:2084A000D2A18924290DD8E289242A0AD80623B1FBF3F403FB141121B9B2FBF3F103FB119A
:2084C0002109B1002070BD4349C1E90550012070BD70B500F10904007B154670B32046FF1A
:2084E000F7BCFF70B33E493B4D4FF001060868C20303D5AE7020F4803008606869B0F89CE6
:2085000010A981AA69B2F89C10E9812389AB800301F401103E10006189E980A0F89C30A2C7
:20852000F89C106E70A1892981E1896981E178297000680FF7BFFAA8690068BDE870400F9B
:20854000F7B9BABDE870400020F6E61220687170BD10B5007B2549C006000E244C087002BC
:20856000D00120207010BD5021224862F76EFD0020F7E770B504460D461646808901215B6C
:20858000F720FD80B10021A0F84811A0F84A1190F8552122F0010280F85521A0F84C11A0FB
:2085A000F84E11C0F85811324629462046BDE8704068F74BBF0A4B09300C3BC17819604968
:2085C000B15968C2F806109968C2F80A10C07808B1022802D1002058609860704700008887
:2085E000C121003C3A200098432000932820002DBA21006F73200010B514465BF7C5FBA052
:20860000710748408BA4F80301F401003F100007005BF7DEFB6072044800886081044800E6
:2086200088A08110BD0000C46C20005A28200008C1210010B562F78AF8F248016941F00172
:20864000010161016841F001010160EE484FF001010160ED48016821F07F010160EC48011D
:20866000684BF6FF7201EA02010160E948016821F400410160E848016821F400410160E60A
:2086800048016821F0080141F001010160E4494FF4C040086010BD2DE9F04F99B000F1093E
:2086A00004B0F81100019060894FF0000ACDF828A00090D9481546383800680D90D848000C
:2086C000680B90D24800680E90D148503800680C90D248303800680F90CC4800681090CC61
:2086E0004800681190CC4800681290CC483C3800681390C648683800681490C74800680344
:2087000001F401F03F10001590C348443800681690C348A43800681790C1485038006818E3
:2087200090E078022813D090B1616859B1DDE90002904207D3207BA0F19702682A02D31779
:2087400038742807D21220687119B0BDE8F08F0C205071F9E7DDE90002861A761CB3487141
:2087600043814202D390FBF6F0606093F720FC0020A0F797FFAE4F387F40F001003877A0C6
:20878000F779FF387F20F001003877A4F790FF002169710120A8702088A5F80300E078A84D
:2087A000712E7208462A18401C51724F28FADB207BFF281ED0010622D5974A443A11680027
:2087C000F01F009B4B00EB400021F4FE4103EB002001431160924A503A106820F07F0120D4
:2087E0007B00F01F0000EB400003EB0020014311600AE08B4838380301F401E040100001AA
:208800006821F0400103E040F040018748383801600020CDE90200CDE90400019FB4E0A73D
:20882000F51660C0B240F08001854801608548016821F4E04141F480410160FFF702FF4F73
:20884000F4BE70FFF67DFB0020CDE90600CDE90800814672485038016841F0400101600C9E
:2088600020FFF66EFB00205EE07048016841F0080101606A486838016841F48071016069B5
:20888000499C39086840F4404008600868C0F30E000860C0F30D00042802D26FF0770016E9
:2088A000E04FF0FF3B5946012093F721FA06465946012005F0EFF8B6F91600002801DD4007
:2088C0001D00E0401FF08200B200121B2814DA0A9909F10109491C00B20A91BAF7E6FE06E1
:2088E0004602468B460B4602A8BAF72EFF32460301F401D04110005B4606A8BAF729FF0482
:20890000E04FF07F0A0C20FFF61FFB46486838016821F4807101604648016821F008010164
:20892000600120FFF611FB82F712FA08F101006168804641459CD83F490B9808603A490C8B
:2089400098503908605FEA09000BD0014606A8BAF71BFFBAF7D5FE3D4991F9071001EB000A
:208960000A02E01420FFF6F0FA2C48016921F001010161016821F0010101604FF01400FF76
:20898000F6E3FA0199791A29447F1C81F809A0BFB2009887427FF647AF26490D98383908E3
:2089A0006025490B9808601F490E9808601E490C98503908601F490F98303908601949101A
:2089C0009808601949119808601949129808601E49139808601448149968380160154915B9
:2089E000980860104916980301F401C04210004439086010491798A43908600E49189850DC
:208A00003908600A9830B1014602A8BAF7C1FEBAF77BFE82461048C17901EB0A00E8719F5F
:208A2000E6000060016500BC0160006404410034064100F00741008407410060044100FCA4
:208A400004410040B56400C46C200000DFFFFF04016000C0044100732C200010B500F10963
:208A60000488B008236A46E11C3648A5F7CFFF0028208808D0002113F7C4FC694600200D8B
:208A8000F7CDFF08B010BD122113F7BBFCF9E710B514465DF7CDF910B10C20607110BD00F6
:208AA000231A4619460220A6F70EFDA6F777FD50F7A2F8BDE81040FCF7F7BF7CB5154600EE
:208AC000F109045DF7B5F908B10C2035E0606800902089ADF80400E17800226846A6F70329
:208AE00001F401B0431000B4FF064680282AD2E1780023221D0120A6F7EAFC3046A6F75513
:208B0000FE134E3068810201D4000218D511480068A8B1E1780022684650F789FE04460DAF
:208B200048007884420BD2204650F7EDFE3068000205D50948006810B12046FCF7DFFF0015
:208B40002068717CBD1220FBE700008C3A210018472000582B2000302B200068B9210010F9
:208B6000B5144641F79DF914F82F0F40F00800207010BD0120704701209071144890F84B10
:208B800001D0717047134810B50188D1801049144622310A782272007AA4F80900887D01A1
:208BA0002811D186F7ECFC90F8B0000A280BD2DFE800F00A050A0A050505050A05B4F8094D
:208BC00000801EA4F809000120A4F80B0010BDE86D2000BC2B20000301F401A04410002D27
:208BE000E9F04100F10904E01C5BF74FF9050015D02F6A0021204621F72CFD064620883157
:208C00004613F707FC002E0FD10321384635F7A1F92868BDE8F041052117F752B92088BD81
:208C2000E8F0410C2113F7F5BBBDE8F081F8B500F10906808901215BF7E0F9777904004FD8
:208C4000F0000506D0354920680978884203D9122505E0022503E0A06B002800DB1A253079
:208C600088294613F7D6FB002D0CD1E069C0010AD504F13C00009094F83C313A46002120B4
:208C80004614F7E3F8F8BD39462046BDE8F840A2F794B82DE9F041878900F10906857B00F5
:208CA00024384650F768FA68B1384650F765F948B3418F39B3416C890618D42A4622210C8F
:208CC000F7D8FB20E00F2138465BF797F960B10301F401904510000168183902290CD8D0B2
:208CE000F8E410490208D590F8A600162802D00EE002240CE017240AE0052D0ED0A5F11344
:208D00000102290AD91A2D08D0292D06D0122430882146BDE8F04113F780BB2946A1F71171
:208D2000FDF5E72C28200070B540F74CF8104C0025606998B120690AF76CFD60690AF7698D
:208D4000FD0C480068FCF6C7FD002084F7BEFB0948016841F00301016008480560084805F6
:208D600070FCF7AEFEBDE8704006F0F7BF000058282100C4432000E88A310010843100C0F3
:208D80004320002DE9F04F87B00446D1F8008000200290039020790490FF48FF270D46001F
:208DA0006800020ED5DFF8F4A3DAF8000048B1DFF8EC93D9F8000020B15DF746F820B10CC6
:208DC0002096E0112009680301F4018046100094E0B4F81510B4F81300CDE90001B4F81114
:208DE00030B4F80F20B4F80D10B4F80B00A6F770FA18B1B4F8150010B111E012207CE00017
:208E00002061F72FF9E949983091F82810484300F5EC7040F27121B0FBF1F0A4F81500B466
:208E2000F8130018B9E2480188A4F81310D4F805100291B4F80900ADF80C0005AA02A804AD
:208E40009950F701FDDB4904F117024FF0070B09780092884279D20646FCF73EFE0028DA0C
:208E6000F8000006EB860700EB870004F10B0100F106004FF00C0233D05EF723FA40B9D97E
:208E8000F80000072200EBC60000995EF71AFA40B1DAF8000000EB8700807C50F7AFF810CF
:208EA000B129E0172028E0DAF80000D4F80B1000EB8700C0F80610D4F80F10C0F80A100300
:208EC00001F40170471000D4F81310C0F80E10D9F80000D4F8171000EBC6000160B4F81B73
:208EE000108180617F817124E05EF7EFF9E8B1DAF8000000EB8700807C50F784F828B10BCE
:208F0000202968487107B0BDE8F08FDAF80000D4F80B1000EB8700C0F80610D4F80F10C068
:208F2000F80A10D4F81310C0F80E1031460098FCF7E4FDD9F80000A14990F840000978086B
:208F40001A88F8070088F80860296881F801B0D9E7FFE7059E8E4218D2002202A80499A6BB
:208F6000F787FD802801D2074608E09548807E80280BD2072202A80499A6F7A0FB3B46320B
:208F800046601D049950F7A4FCCFE7296881F805B0B8E72DE9F04705460E460C6862F77647
:208FA000F8814F44F210026B68396813401140994208D0844909680301F4016048100029BE
:208FC000B10C216171BDE8F04762F768B862F766F83868000706D56868000703D400210183
:208FE0002050F7BFFA7B4968681125096888426AD879493860096811B920F040003860DFAE
:20900000F8D881D8F800000028386802D120F008003860C00704D047F792FA38B90120036A
:20902000E047F78DFA10B1002048F733F838684FF00009800306D462F72DF8684A82F80849
:209040009062F72CF8D8F800000028386802D120F00400386000F004004FF7AAFB3868C0AD
:209060000502D5012072F74EFE38684FF00108C1035C4807D55C49097811B180F80080052D
:20908000E0657103E0007808B192F797FB38685649420307D5564A127812B181F8008003A2
:2090A000E0657101E081F80090C102514801680301F4015049100002D541F0010101E0219D
:2090C000F001010160316805204870BDE8F0876571FBE7F0B5384F04468BB038680D46004F
:2090E0000208D53648006828B147F769FF192801D3072006E0217D04F115004EF78AFC2077
:20910000B11220296848710BB0F0BD2088C0F30900A0F58071553901D1394E00E0394E384A
:2091200068C00705D047F70FFA10B9012047F7B5FF207D8DF80000D4F81500CDF80100B48B
:20914000F81900ADF805001022211D0DF1070062F7FCFD10210DF1170061F7A7FF3146686A
:209160004647F7ECFE296810F0FF004871CBD12860C9E72DE9F0418CB000F10904CDF828F6
:20918000D08846007B1299002705266D468DF805708DF80160884200D30020012846D00228
:2091A000284ED0492847D00301F401404A100003EB80000AA90268204690470A9927E018C4
:2091C000472000582B200068B921002447200036442000302B20006CB92100607720004026
:2091E00044200004BA2100542B2000502B2000402921002D4620002C462000C9512000C544
:20920000512000702B200061310A0091310A0000290DD0487905281CD020469EF741FA0A9A
:2092200098417901B14670A84216D113F7B3F80CB0BDE8F0810AA92046FFF7B7FEBDE70AAA
:20924000A92046FFF7B2FDB8E70AA92046FFF745FFB3E788F80070EAE7083812F7C0FFE61F
:20926000E738B5037B302B06D04A230093064B1B68FFF783FF38BD044C01232370BDE83846
:20928000409EF718BA00001C4720006E29200030B512B153001BB200E00123046800290389
:2092A00001F401304B100001DD20120AE0A51895FBF3F5511A91FBF3F1641B21440160805E
:2092C000310812404240B230BD2DE9F0470646424801784078494240424FFA80F94FFA81F5
:2092E000F896F8A4005AF7A2FB0446304692F707FD07463146002004F0F9FBB7F916004F28
:20930000EA202536480068400717D5354996F8A4300122097894F8A40049429A40324B4926
:20932000B21B681A4209D08D4207DA84F8A2007CF7F0FF014620465BF720FC454505DAD43B
:20934000F8000140F04000C4F800014D4504DD002D02DAD4F8000105E0D4F8000120F0805C
:2093600000C4F8000140F48070C4F80001B7F91610102207F11800FFF78EFF86F81301BD65
:20938000E8F08730B5044685B090F8A4005AF74EFB2146002092F70301F401204C1000D7E8
:2093A000FC1449054691F90000032815DC401C08700C20ADF800006846019416F7DDF87D1C
:2093C000F7BCFC0C4A014694F8A4001268C0EB001002EBC00000F8741CB5F9160005B0002E
:2093E0001230BD732C200098432000202820003C3A2000C4442000F03D20002DE9F04706EE
:20940000000ED03048007886420AD830465AF712FB040002D0E069C00204D4FF20BDE8F093
:20942000872020FBE7B4F86490206D20B161F7F4FF206DFCF66CFA204618F776F9206816D3
:20944000F779FDE0694FF00008000407D420681E49072801D2087001E081F800801C480089
:2094600068012817D120465BF7EBF9012812D100252F46681C5AF7DEFA28B1A04203D05B9B
:20948000F7DFF9012806D06D1CEDB2072DF1D30301F401104D10000FB918F733F94FF4E64C
:2094A00071204661F712FE0C493046096801EB860141F8048C5AF7FCFF5BF7ACF90022117F
:2094C0004630460EF7E9FE5AF709FE4846AAE72C28200033282000603A2000402820003804
:2094E000B5044624484068817B012902D002290CD018E00169E16341692164C17B84F83C91
:2095000011E16941F08071E1610CE0016961644169A164C17B84F83C1194F8F71041F08079
:209520000184F8F710E169C1F3C401082909D300F110010091C37B827B0021204613F7A9CF
:20954000FC38BD807B01280CD194F8F700000608D494F83C01022804D302212046A1F75178
:20956000FC02E02046A2F7DDF804F13C012046BDE8384013F7CCB9780E21002DE9F0410EF9
:2095800046B0F8D01000F10301F401004E1000B8044A0413D4A279FF2303EB5203B0F8D4C8
:2095A0001001229A40114278D190F8D7005AF74AFA10B1C069000473D50D2024E000F5AA08
:2095C00075C1F301004200D220D040E27A00F00300904201D01D2016E06088C0B14FF4C894
:2095E00062A3794243B2FBF3F26B689A420AD122888AB14FF4C863A7795343B3FBF7F32F7C
:2096000068BB420BD0202030600520BDE8F0816A68002AF7D1EBE72B68002BF3D1CB439B3E
:20962000070AD0890608D5A02801D96868B0BBA02A0CD9286890BB09E0AA2801D9696819F7
:20964000B9AA2A03D9296809B1F02834D1207A33F70AFE6989084223D0607A33F704FE69CF
:209660008908421DD0607A07281CD026281AD0C8B1372817D00321207A072815D02628031B
:2096800001F401F04E100013D090B1372810D003200E18288933F71BFBA179B1420AD10001
:2096A00020B7E70EE00BE0FFE70420B2E70121E6E70120EDE7E27911443144814201D903C7
:2096C00020A7E70120A5E72DE9F05F10F784FF00287AD0FE48FF494FF000098078DFF8F831
:2096E000A3484340F27121B0FBF1F80125DFF8ECB347E028465AF7AAF9040041D0E069C1A0
:20970000023ED581023CD4C0F3C400082801D00A2836D120465BF7A5F918B194F83701C04D
:20972000072ED128460EF725FC404502D984F8669026E0E8B22146064614F7F4FC304614E5
:20974000F76CFC060066D028465AF7BAFEE449085CB0B10AEB0507717897F8EF0381420FC8
:20976000D097F8C30360B194F85700C00708D031792046A1F7C9FF0301F401E04F10008702
:20978000F8C393707887F8EF036D1C9BF800008542B3D9DFF854B318244F46564604EBC4B5
:2097A0000000EB04110BEB0115A5F51655B5F8D000C00411D595F8D7000EF7DFFB404508A1
:2097C000D9D5F8E400C0F38140304480F8C07303E024E0E0B214F743FB641C1A2CDED9C36A
:2097E0004C2078C0B1D6F8B803B042BC4801D100F5DC704FF4DC71C6F8B80361F772FCBCF7
:2098000048D6F8BC13814200D124302421C6F8BC0361F767FC2770B74901200870BDE8F039
:209820009F10B5B14B002101EBC10202EB011203EB0212B2F8D040E40408D592F8D72004F2
:2098400068A24203D1AD4800EBC10010BD491C0329E9D3002010BD7CB505460E4690F8A444
:20986000005AF7F8F8040045D0A549087830430301F401D050100041D0012E40D000250D02
:2098800070B4F8440118B1B4F84811814206D2B4F85001E0B1B4F84C11814218D9D4F8588F
:2098A00011B4F84E01CDE90001B4F84C31B4F84A21B4F84811204614F7C6FDA4F84A51A491
:2098C000F84851A4F84E51A4F84C51C4F85851B4F8460138B1B4F84A11814203D9A4F84AB6
:2098E00051A4F84851B4F85201002807D0B4F84E11814203D9A4F84E51A4F84C517CBD95F8
:20990000F89000C0F3C3000228F8D90928F6D094F856017D4940F0400084F85601097808E2
:2099200029ECD140F0800084F856017CBD10B590F85611B0F84A21C1F300031A44A0F84AC7
:2099400021B0F84821C1F380031A44A0F84821B0F87421C1F340031A44A0F87421D0F85860
:2099600021C1F3C0031A440301F401C0511000C0F85821B0F84E21C1F380131A44A0F84E04
:2099800021B0F84C2102EBD112A0F84C2190F85721B0F88E31C2F340042344A0F88E31227C
:2099A000F0020280F8572121F0080180F8561110BDF8B505460E4690F8A4005AF78DFDC7E3
:2099C000B295F8A4005AF74EF8040033D0B4F85C0138B9384658F73AFA4FF6FE710840A46B
:2099E000F85C0195F821010021012824D0102E21D18DF800102068694697F7B3FE012819A8
:209A0000D1D4F870119DF900000144C4F87011B4F86E11491CA4F86E1194F96D1109B1811F
:209A20004201DA84F86D0194F96C1109B1814201DD84F86C01F8BD012E10D0364F022E1A3E
:209A4000D0082E7DD0102EF5D18DF800100E462068694697F786FE01287CD095E0E87B032D
:209A600001F401B052100028B994F8560120F0E70084F8560194F8560140F020006BE0E8EA
:209A80007B38B1012850D1244800780C284CD00D284AD020480078012814D194F8560100C4
:209AA0002240F0010084F856010121204614F7DFFD95F82901022805D194F8560140F00443
:209AC0000084F85601E87B01282ED194F85601C00605D42046FFF732FFE87B012824D19404
:209AE000F85611B4F87601C1F3401108441AE0642C200040420F00700921002C282000A8A2
:209B0000572100881D2100FA3B2000E00C2100FB3B200044C42100F43B2000F73B2000C9BC
:209B20004B200011E0A4F876013878012886D169F7B4FF04EB4001B1F87C21521CA1F87C7A
:209B40002184F85F01F8BD09E0E87B0128FAD194F8560120F0E7000301F401A053100084B9
:209B6000F85601F3E7D4F870119DF900000144C4F87011B4F86E11491CA4F86E1194F96DB2
:209B80001109B1814201DA84F86D0194F96C1109B1814201DD84F86C0195F89000000605FC
:209BA000D494F8570140F0020084F85701E87B88B994F85601C00604D42046FFF7C3FEE8BD
:209BC0007B40B994F85611B4F87601C1F340110844A4F8760138780128B8D195F89E00000A
:209BE00028B4F8820114D0B4F88611884201D9A4F88601B4F8841109B1884201D2A4F88468
:209C000001B4F88001401CA4F88001A4F882619DE7401CA4F8820199E710B500EB8003016B
:209C2000EB830112F82040B1F8123103EBD413A1F8123112F82040B1F81031C4F3801423EC
:209C400044A1F8103112F82040B1F80831C4F30301F4019054100080042344A1F808311227
:209C6000F82040B1F80A31C4F3C0042344A1F80A3112F82040B1F80431C4F300042344A1E7
:209C8000F8043112F82040B1F80631C4F340042344A1F8063112F82040B1F80C31C4F30014
:209CA000142344A1F80C3112F82040B1F80E31C4F34014234402EB8000A1F80E314278B1DF
:209CC000F81631C2F340021A44A1F816214078B1F81421C0F300001044A1F8140110BD0008
:209CE0002110F8212022F0FF0200F8212000EB8102491C5378C9B223F0030353700229EF9F
:209D0000D3704770B50546C3480C460078012820D169F7CBFE95F871100029B4F8821101BA
:209D2000D0491C12E0B4F88621914201D9A4F88611B4F884210AB1914201D2A4F88411B432
:209D4000F88011491CA4F80301F4018055100080110021A4F8821184F85F0170BD2DE9F0AB
:209D6000470446806C8946002590F8A40059F78AFE07006FD016F7B1FB5FEA00086AD038AC
:209D800046FFF766FD06007CD0A06C90F8A4005AF7B3FBB7F85C11C0B231B958F767F84F26
:209DA000F6FE710840A7F85C01D8F8000194F86C10884200DD0125B9F1010F0FD0B9F1020F
:209DC0000F38D0DFF85CA2B9F1080F5CD0B9F1100F57D194F82C0002287ED0C7E0E07BA8DF
:209DE000B90121204659F783F9C8F8000194F86C10884201DC002500E001253046FFF773DC
:209E0000FF06EB8500417841F00201417094F86F00002836D094F87100002832D194F83022
:209E20000010F0780F2DD02A463846BDE8F047002114F729BC94F86F0068B194F8710003AF
:209E400001F4017056100050B994F8300010F0780F05D016F8250040F0800004E015E01643
:209E6000F8250040F0400006F825006E480078012808D169F722FE07EB4000B0F87C1149D2
:209E80001CA0F87C11E07B012877D0BDE8F087E07B012815D10121204659F72DF9C8F80072
:209EA0000194F86C10884201DC002500E001253046FFF71DFF06EB8500417841F00201419B
:209EC0007094F82C000228E0D09AF800000C28DCD116F8250040F0040006F82500D5E7FFC8
:209EE000E79AF800000C2824D094F8280094F83020C0F30201C2F3020291421AD110F0788C
:209F00000F05D116F8250040F0080006F8250094F82900C00716F8250008D040F00200060F
:209F2000F8250094F82C00022803D023E040F00100F5E794F828000301F401605710009437
:209F4000F83020C0F30201C2F30202914216D194F85910C0F3C300884210D194F82D0002BF
:209F60002816F8250002D040F0100001E040F0200006F8250039462046FFF7CFFEE07B001D
:209F80002887D1324641462846BDE8F04754E610B516F7ABFA002303EB830100EB8101B194
:209FA000F80441B1F81621944201D9A1F80421B1F80641944201D9A1F80621B1F808419430
:209FC0004201D9A1F80821B1F80A41944201D9A1F80A21B1F80C41944201D9A1F80C21B11E
:209FE000F80E41944201D9A1F80E21B1F80A41944201D9A1F80A21B1F80A41944201D9A1F5
:20A00000F80A21B1F81241944201D9A1F81221B1F81041944201D9A1F81021B1F81441949F
:20A020004201D9A1F814215B1C022BB4DB10BD0301F40150581000C84B2000F73B20007090
:20A04000472DE9F84F05460C4616469846184659F725FD834661F762F84FF0010909FA08E6
:20A06000F7DFF8E8844FF0000A0090012E06D0042E04D0022E3DD0032E76D03FE0288CA19A
:20A0800089884203D1688CE189884203D085F82590C4F81CA0206961F7F3F9284658F73B2F
:20A0A000FF10BB09E0A0892884E0896884A089A886E08957E0667021E0284659F716F91810
:20A0C000B9284658F7B7FA60B195F825000028F1D06670A0892884E0896884A089A886E076
:20A0E0008957E0284659F7FBF895F825000028E1D0D8E76078032806D0022804D00098BD79
:20A10000E8F84F61F70FB8288C2189884203D1688C6189884203D085F82590C4F81CA06070
:20A1200078032810D1E1880301F4014059100099B14FF47A704143206961F78CF9BBF85C20
:20A140000040F2712148434108606961F783F9284658F7E5FE98BB0CE02069FE49ECE72028
:20A16000892884608968842089A8866089E886A5E72AE0284659F7BDF818B9284658F75EB2
:20A18000FAC0B195F82500002898D0667020892884608968842089A8866089E886009860EC
:20A1A000F7C5FFD8F80000074228463BD0BDE8F84F58F74BBA284659F796F80028D7D09562
:20A1C000F825000028CBD179E7206961F75DF9606961F75AF9288CA189884203D1688CE142
:20A1E00089884203D085F82590C4F81CA095F825000028BCD0284658F792FE00287FF47CC5
:20A20000AF284659F776F818B9284658F717FA68B1A0892884E0896884A089A886E08903BE
:20A2200001F401305A1000E8866670BBE7BDE8F84F59F72AB9284659F75AF83BE770B5062C
:20A240004607F7B4FD0546C648C74900EB461428680968203C884216D160F768FF21787185
:20A26000B160F768FF60698168490701D561F710F9334621462846BDE870400422E8E6BDE2
:20A28000E8704060F757BF70BD2DE9F041064659F70DFC0746304607F789FD0546B148B164
:20A2A0004900EB461428680968203C88422CD160F73DFF2178B1B160F73DFFB7F85C004080
:20A2C000F2712148434108606961F7C8F8607801280CD0042816D0334621462846BDE8F073
:20A2E000410222B5E6BDE8F04160F724BF20698168490709D4A188BDE8F0414FF47A725130
:20A300004361F7ACB801206070BDE8F08170B5064607F74CFD05460301F401205B1000921E
:20A3200048934900EB461428680968203C884216D160F700FF217871B160F700FF606981F5
:20A3400068490701D561F7A8F8334621462846BDE87040012280E6BDE8704060F7EFBE7082
:20A36000BD70B5064607F726FD05467F48804900EB461428680968203C88422CD160F7DA19
:20A38000FE217851B160F7DAFE20698168490701D561F782F8E08820B106E0BDE8704060B7
:20A3A000F7CDBE607802280CD060698168490701D561F772F8334621462846BDE8704003FD
:20A3C000224AE6606980684007F4D52069BDE87040654961F747B870BD70B5634901EB405D
:20A3E00014203C60F7A7FE06462069002528B161F753F82069FBF6CBFA2561606928B161B3
:20A40000F74BF86069FBF6C3FA6561207808B10301F401105C1000257065703046BDE8700A
:20A420004060F790BE70B50D46524901EB4014203C60F784FE002121706170E581BDE870B1
:20A440004060F780BE2DE9FF47012680460027DFF828914CE0304607F7B1FC040045480049
:20A46000EB4615A5F1200541D0204658F7CAF8E8B3A17B41453AD194F824008DF8090020AD
:20A480008CADF80000608CADF8020068464FF73CFB2084A08EADF80000E08EADF8020068D9
:20A4A000464FF732FBA08694F8430048B1208FADF80000608FADF8020068464FF725FB20D7
:20A4C0008795B1287880B12D48006800020CD52889ADF800006889ADF8020068464FF71428
:20A4E000FB2881A08EA881EF6184F82470761C99F80000401C8642ADD3BDE8FF872DE9F009
:20A50000410446806A1B490301F401005D1000022690F8A400E28E01EB4015203D94F824EA
:20A5200010A08E334651F7D9FAA08694F8430038B1628F94F82410208F334651F7CEFA2062
:20A5400087114F75B1287860B13868000209D56A8994F824102889334651F7BFFA2881A096
:20A560008EA881628C94F82410208C334651F7B5FA0BE038402000D0121300A4C1210060FC
:20A580003B20002C28200098432000208404F8246F01206070002D07D02878002804D038F5
:20A5A00068000201D50020E861BAE62DE9F0410446806A0F46D04990F8A40001EB401620DB
:20A5C0003E204652F77DFE062020752068416831B120468847207D062801D00D2811D1015C
:20A5E000216175E269B261F16104F11C05F869022157F732F82860391D201DBDE8F04103AE
:20A6000001F401F05D100072F741BA8DE62DE9F04115461C460646884657F7F1FB07462942
:20A6200046304657F7ECFB06464146284657F7E7FBA04207D2B7FBF4F0B6FBF4F188420106
:20A64000D0012071E600206FE62DE9F041AD4872F728FA002861D1DFF8ACC2A84BAB4CDC11
:20A66000F80010886A90F8A40003EB4016203E2660DCF80420906A90F8A40003EB4015200B
:20A680003D6560DCF80800876A97F8A47003EB4717203FA7603378012B1ED0CB8E2E7801D1
:20A6A0002E1CD0D68E3D78012D1AD0C58EB34234D1AE4232D11C311C321C30E160C4E90436
:20A6C000206646126809680068FFF7A0FF50B13168B068BDE8F0416CE7F389DFE7EE89E151
:20A6E000E7FD89E3E76068C069012816D1206901686069006857F70301F401E05E100083E7
:20A70000FBA8420ED9606821698069086061680020C861706852F7DCFD7068BDE8F04152BE
:20A72000F7C8B805E62DE9F05F804601687A48002634460068B346814252D1D8F82800DFA3
:20A74000F8C4A190F8A41070480AEB4117203F72F7ACF90028F0D16C48056832E0281F810A
:20A760004658F7C9F810282BD1D9F82810484691F8A4200AEB42113A7820390AB1FA8901D9
:20A78000E0B8F836200B780BB1CB8900E0C38E9A4216D1032C08D05F4A0368126893420FD3
:20A7A000D14978022903D007E00020BDE8F09F57490C3941F82600761C554941F824006499
:20A7C0001C2D6851488542C9D1032C01D14FF0010B7878022804D14E4C022E02D0032E4284
:20A7E000D08EE04A4E0C3E3168886A90F8A4000301F401D05F10000AEB4012203A226070B7
:20A8000068856A95F8A4500AEB4513203B636052895B899A4278D11C311C30C4E9031009AF
:20A8200068006857F7F4FA04286ED96068C189206900680FE00146284657F7E9FA0428068F
:20A84000D820690560706852F747FD70685AE06068C189284657F7DBFA0546E0680068A875
:20A8600042E8D3294657F7D3FA0428E9D94CE0294F0C3F3968886A90F8A4200AEB4213202B
:20A880003B23607A68926A92F8A4200AEB4215203D6560BA68966A96F8A4600AEB46102041
:20A8A00038A0605B896D89AB422ED1408985422BD11C321C316261E1600968106857F7A791
:20A8C000FA042821D9A068C1896069006808E00146284657F79CFA04280ED9A068C18928C7
:20A8E0004657F795FA05460301F401C0601000E0680068A842EFD3294657F78DFA042807EE
:20A90000D860690560B86852F7EBFCB86851F7D9FF584652E70000A4C12100002820006894
:20A92000C4210008BA2100603B20002DE9FC5FFE48FD4DFE4F00682C68C00316D5ACB1201F
:20A940004658F70DFB88B194F8210170B1D4F8A00058B1F749D4F8F8000968084205D1390F
:20A9600078B5F93400494288427DDC694601A80EF708FDDFF8C0932860ECB1A04216D099BD
:20A98000F800004E4601280DD1706900685AF747F8A04205D0B06900685AF741F8A04201AE
:20A9A000D1582001E0E5480078A07404E0009810B920460EF7D7FCDFF884B328684FF00153
:20A9C0000A4FF0000820B1A0420DD00EF79EFC08E0D5481830064631F715F810B9304603E7
:20A9E00001F401B061100030F7AFFF286808B10098E0B3A5F8348085F83A802868474690C2
:20AA0000B3009880B399F800004E4601282BD1706900685AF708F82968884206D0B0690092
:20AA2000685AF701F8296888421DD1A14202D191F8270140B17069006859F7F5FF29688825
:20AA40004204D130890AE085F8397009E0B069006859F7E9FF2968884202D1708985F83997
:20AA60000095F83900A88685F83BA001E009E081E09BF8060000287DD095F8390040F080DB
:20AA80000189E095F83B0058B1012685F838801CB194F8220184F82301286890F822111B9D
:20AAA000E0019810B301260EF744FA10B1A748077800E03F7895F83A00B84213D895F7FBF7
:20AAC000FFC04380070BD085F83880286B70B190F82311B9420AD20301F401A06210008902
:20AAE0001D80F8231106E085F838A0F2E785F838A000E00026474685F83B8016B185F83ADB
:20AB0000702F6395F8380018B1042128680EF700FA28684E4690F8221190F8230108448595
:20AB2000F8390099F8000001282BD17069006859F77EFF2968884201D1308907E0B069003A
:20AB40006859F775FF2968884202D1708985F83900BCB1A14215D191F8270190B9706900E3
:20AB60006859F765FF2968884206D0B069006859F75EFF2968884204D1062000E012E085AD
:20AB8000F83900286800F59270077047708770C770077195F83910A9869BF8060010B10EBC
:20ABA0002055F75CFA0120BDE8FC9F2DE9F04158F7DAF90027604E01280DD07068002859D5
:20ABC000D03168884204D102210EF7A2F90EF70301F40190631000D0FC7760BDE8F08100F0
:20ABE00024DFF87C810EE0601C59F725FF050008D057F727FD28B195F8210110B128460B6E
:20AC0000F743FC641C98F800008442ECD3306840B196F83A10891C86F83A1058F77DFB18BC
:20AC2000B10BE00EF7A9FC14E058F79EF928B158F79BF957F774FE012809D0444801780170
:20AC40002902D1C178012912D0B08E801EB0860EF7FCFD30680028C0D016F83C0F801E401C
:20AC6000B230700028B9DCBDE8F0410EF75ABB96F83A10891E86F83A10C770E8E7BDE8F0F3
:20AC8000410EF7E3BD70B5044657F704FDC8B1E1690122204618F75DFA2948183006463029
:20ACA000F7BDFE264D40B1AFF2F700286294F8A4006862304630F717FE286848B90EF75CBE
:20ACC000FC06E0204658F70301F40180641000E3FA10B120460EF70AFD204658F7DCFA2035
:20ACE000B9204658F7E4FA002803D04FF0FF30C4F8F00070BD2DE9FC5F04460F4690F8A48A
:20AD00000058F700FF00260546012F05D184F8976084F8156184F81661204690F75DFA7062
:20AD2000B1A07B57F708F9012156F7B6FCE17B69B3002294F8A4104BF7CEFE00287DD00C6E
:20AD4000F7C9F812E000002C12210098432000B63C2000D83C200088C12100E43C20008877
:20AD6000FD2000B73C20002C282000DFF80CA478B10DB185F89461A681E07BDFF80094B8AA
:20AD8000427CD00BF7E8FFFE4D80BB2CE00122D0E79AF81600574618B11821322055F76685
:20ADA000F994F89000400701D056F7FDF8002D66D095F89401F449401CC0B285F89401037F
:20ADC00001F40170651000097888425CD985F89461B87D18B12721322055F74CF90021015B
:20ADE0002058F769FC2046BDE8FC5F55F7FDBEE87C000704D594F8980040F0800103E09482
:20AE0000F8980020F08001E24884F89810007841080AD0C00794F8980002D040F0800101B9
:20AE2000E020F0800184F8981020466FF7F9FFE87CA846010704F19000019001D408F7462F
:20AE4000FA00E026E02046FDF79CFB074694F8A40059F70DFED04D9FB390B3016881B34AB0
:20AE60007DD2072ED1CD4A538E8A68B3EB124F28D394F89E308BB10021204658F78AF89417
:20AE8000F8981001E050E27AE1C1F3C301695C814217D9BDE8FC5F56F78AB890F823300446
:20AEA0002B0FD1498AB1EB124F0BD2C4F8A06001680A8A4B8AA2EB0301F4016066100003ED
:20AEC000020A8200684682E8E7FFE7D4F8A0000127D0B194F89000000616D594F835019883
:20AEE000B9204658F70EFA60B9E07B012809D1AD4890F83B1029B90068A04202D094F89E75
:20AF00000010B16FF7A3FFE8B3B4F898005D4660F30F05E07B4FF0030B01280ED094F81430
:20AF20000188B3B4F80401042849D394F81B01022845D394F81E0138B341E025F07800604E
:20AF4000F30705C5F3072020F07C0060F30F2584F81BB1204658F7D5F980BB92480168A116
:20AF6000423DD1914AD4F8F8101268114237D194F89410022933D194F89010C1F3C30101F9
:20AF8000292DD802E049E01AE003E084F82471446025E0A07B0CF772F828B18449B4F80403
:20AFA00001098888420BD225F0780060F307050301F40150671000C5F3072084F81BB12065
:20AFC000F07C000EE00FE025F0780000F1080060F30705C5F3072020F07C0084F81B7100D0
:20AFE000F1040060F30F257449A8B200958346086084F89C7098F81300000706D40023C504
:20B00000F3C3011A46012008F721FB84F829619AF80400002804D04FEADB01012055F73291
:20B02000F83BE1E07B28B984F81B7184F8946084F8956094F89F0058B104F19904A67120DA
:20B040007880F002002070E07AA4F199041CF718FA94F89E0070B394F8A40058F75FFD900D
:20B06000F85711C9070AD084F8346184F8297190F8571121F0010180F8571107E094F83415
:20B0800001401C84F83401022084F8290194F898004B49C0F3C300285C096888420FD99471
:20B0A000F8A400183803280301F401406810000AD320460DF74CFC00286DD104E0FFE78485
:20B0C000F8346184F8297184F89E703F4884F8157184F825710068C00305D53C49D4F8F85A
:20B0E0002008689043086098F81300C00602D5204682F733F93349B4F89800ADF8000008CD
:20B1000060091DB4F89A00086001980BF7C5FE94F8A40006F7CBF950B994F8A40006F782F4
:20B12000FE90F8430018B994F8A400FFF7C3F894F89800C0F3C300285C84F89C00401EA060
:20B1400081E07BC0B9204658F7E4F8A0B994F8210110B320460BF772F928B11D4800788432
:20B16000F81E011C4804E01C48007884F81E011B48007884F81F019AF80400554688B3B462
:20B18000F89800B4F89A10C0F3C60040EAC111032054F77CFF26E0F7E035E088FD200003D1
:20B1A00001F40130691000D0863100E86D200020BA2100CA402000303D20007C4020002C3A
:20B1C00012210038402000C03B2000CC8A3100DC3C200098432000D83C2000BC3C2000BDC6
:20B1E0003C2000BA3C2000BB3C200007E094F82901022803D00121652054F74CFF287AF05D
:20B20000B1B4F89A00C0F30100032806D017E0F948007884F81E01F848AEE794F8290102AA
:20B22000280DD0D4F8A0007F220178B2EB510F02D14178433100E049085D2054F72BFFA8BB
:20B240007A70B1B4F89A00C0F30101032908D094F8A410C0F3C90060F31F110D2054F71A83
:20B26000FFE748007808B394F89800C0F3C30194F8A50013F7E3F968B1D4F8A00050B194A1
:20B28000F8A40058F753FC28B190F8561141F0080180F8561194F80301F401206A100098DC
:20B2A00000C0F3C300022804D9D4F8A00008B1D6480770E07B01280DD1D549D4F8F800090A
:20B2C00068084207D094F89900C00703D0D148007884F8310198F81300000702D52046827E
:20B2E000F770FACC48407A20B194F8A500009996F7BFFA20466FF796FE94F85E0060B1B42F
:20B30000F89A0041F6FB7108400128D9F8001048461BD021F001010160C048007830B1BF99
:20B3200048007818B10121204613F71EFB94F89800C0F3C30003282FD3D4F8A00000282B53
:20B34000D02046BDE8FC5F24F734BB41F00101E2E784F8946084F895600BF768FD94F85E7F
:20B360000028B1D9F8001021F00101C9F80010A06E10B1B4F87800A08194F89800C0F3C381
:20B3800000022809D9A7480168002905D0A6490301F401106B1000097819B18168491C81BE
:20B3A0006025E44168491C416021E42DE9F047A04D0026A9682868884204D085F83D608532
:20B3C000F83E60A86090F821119B4CF1B39B4A95F83D10DFF868821278DFF868928E4F9141
:20B3E000421ED290F8191179B9D0F8F810D8F80020114203D090F89020120605D4D9F80057
:20B40000203B681A4311420BD08F490978E9B390F8A40010F7EEFEC0B3286890F82101A07D
:20B42000B12868D9F80020D0F8F810D8F8000010433A68104301420BD095F83E00834940FD
:20B440001CC0B285F83E00097800E001E0884203D385F83D6085F83E606678286890F8197D
:20B460001119B1615CB14200D90E4678490968090700D5E678D0F8F010491C2DD0807B5624
:20B48000F776FD2968D1F80301F401006C1000F01000E009E056F7F5FC00281BDB29684F6E
:20B4A000F0FF30C1F8F0001BE0286890F8A40058F749FB28B1B0F8680043F20631084202D9
:20B4C000D12868C07B20B995F83D00401C85F83D00A678C6E7286890F83301B04200D9062F
:20B4E00046314628680DF772FD296806468874D1F8EC00002820DA584A594B12781B781A5F
:20B50000431AD020F0004791F8A40059F755F856F732FD394656F7AFFC5249096888420410
:20B52000D8514829680078887406E02868D0F8EC1021F00041C0F8EC102868FDF73EF82873
:20B54000B1A078B04200D90646286886744748007885F83C00BDE8F08770B505460CF758DA
:20B56000FD040049D05FF7B2F95FF72CFE0646204657F7DFFE98BB94F8210150B13C4903C9
:20B5800001F401F06C1000D4F8F8000968084204D13A490878012805D028B3204657F7E481
:20B5A000FE08BB08E048690068A842F6D088690068A8421ED1F1E757F7FCFCA04219D020DE
:20B5C0004657F7B5FE78B9204657F78FFE58B9204656F7DFFE38B920468FF722FE20B10043
:20B5E0002120460CF78DFD04E00120E074204657F780F830465FF7EEFDBDE870405EF7A1B0
:20B60000BF70BD10B504460EF7BFFA2046BDE81040002104F075BDB83C2000B93C20002284
:20B620003C2000F43B2000D43C2000BE3C2000C0FD2000233C2000CC7620007CC121007683
:20B640002D20002C122100E43C2000C13C20003840200024502000C33C2000C23C20006018
:20B660002C2000C53C2000C63C2000E03C2000C73C2000BF3C20000301F401E06D1000402B
:20B680003A200088C1210070B504460BF755FC08B10BF719FCE07B0025012811D194F8102D
:20B6A0000148B194F81101401E10F0FF0084F8110106D184F81051A07B56F76AFCA4F80EDB
:20B6C00001C348056094F81F1141B1E07B30B994F81B01032802D1491E84F81F1120460EDA
:20B6E000F702FF20466FF70FFC20466FF76BFC6FF7C7FC94F8A4000021401E19F7E9F994EA
:20B70000F8A4000021401E19F733FA94F82101012806D194F8290102281CD00020AD490839
:20B7200070AD48AA4D0078103D28B3AB48AC4A007830B12868C0F3C30001280DD00021118D
:20B7400070A848007860B12868C0F3C300012805D0012004E08020E1E70121F0E700201066
:20B7600070107840B1A048A049C07A097888420301F401D06E100002D1012068F71AFA9D3F
:20B7800048007858B19D48007840B12868C0F3C300012803D00221204613F7FAF82046BDE8
:20B7A000E87040002104F097BC10B5044690F8A40058F7D4F920B190F8A610204604F02B9E
:20B7C000FD2046BDE810400DF746B82DE9F84F06465FF788F830460CF70BFB070005D056DF
:20B7E000F760FF10B1384657F7E1FA304659F753F904001ED0304658F7B1F9050019D04FDB
:20B80000F0010884F8138042467D49204657F764F984F810804FF0020A84F811A03046586F
:20B82000F7D7FE56F7B4FB7649C4F8EC00097849B902E00020BDE8F88F7349097851B19554
:20B84000F8AC1139B1714940F000400978A174C4F8EC0002E06E480078A074E869C0F3C0F9
:20B8600030E073304658F70301F401C06F1000B4FEA07384F8A46008FA06F0C4F8F80094C3
:20B88000F89800E969002361F30200634984F8980084F81D310988A4F80411B5F85C10A4C4
:20B8A000F8061104F1900440F08000617A424641F0020161722072E3732078C14640F0809F
:20B8C000002070A27595F8A700A4F190044FEA5010012834D084F8A590C4F8AC3095F8A325
:20B8E0000084F812014E489B46D84600781021404284F8130184F8C03004F12C005FF7790D
:20B90000FCC4F828805FF76EFC0090A07B56F743FB824600985FF76AFCC4F86CA0A4F80849
:20B92000A1A4F80EA184F810814FF0FF30C4F8F00020460CF751FA3A48007818B105E08414
:20B94000F8A5A0C9E7204656F736FD5EF706FE95F8F90010B930460FF7F6FC0BF770FE038B
:20B9600001F401B0701000304623F7A2F9DFF8C080062208F1040105F128005BF756FD78FE
:20B98000B9C8F80060414688F80D9000206FF07F020B18401C83F838200728F9D388F80C51
:20B9A000B00021701E18F7CFF930461AF747FFB5F8640004F0A2FAB97D60F3C601B9752045
:20B9C0004640E7AFF669411148C160AFF6D9414160AFF2AF318161AFF23B31C161AFF22579
:20B9E00021816070470000DC8A3100D04B2000BD4B200098292000BE4B20009929200008A0
:20BA00004C2000BF4B2000233C2000CC762000F43C2000C53C2000C63C2000C73C2000E415
:20BA20003C2000CA3C2000732C2000304C2000EC27210010B5044601F794FD94F83000C0E1
:20BA4000F3C300022809D90D480168002905D00C49097819B181680301F401A0711000497C
:20BA60001C816010BD4168491C416010BD10B50848074C2C22046007492046A1F740FAAF2F
:20BA8000F24700E06010BD7CC12100762D200074C42100984120009C710C0010B54FF4C00C
:20BAA000030021C3F8C813C3F8CC138C4900220C78C3F8D0434C78C3F8D0438C78C91CC3AB
:20BAC000F8D04328B10C78824204D944F0800403E00C7801E004F07F04C3F8D043491C5261
:20BAE0001C5A2AE4D310BD10B507F77CF97D4A1168814213D00E2806D0431E0D2B05D20088
:20BB0000EB8001C91D05E0542103E0002906D0002108461060BDE810400846BEE710BD10F3
:20BB2000B55FF768FB704A0021044611606D484FF0FF010160FFF7D7FF2046BDE810405F26
:20BB4000F75DBBD0E72DE9F05F68488B4604680301F40190721000002C71D0206800286E37
:20BB6000D0204656F71CFF4FF4451A0546DAF80400DFF88481DFF88491614E80054FF00029
:20BB80000704D4E07B594624F784F820B35D48C07D18B1217C5B2054F7A5FAE07B30B90170
:20BBA0002088F80000012D01D189F80300204656F7F8FE2068C16839B1406928B9306840BB
:20BBC0001C3060E07D401CE0754FF40071CAF804100120BDE8F09FE07B50B90221204600DF
:20BBE000F7D2FB56F7BAF9A061012D01D189F8037045480068000702D5204600F760FD8877
:20BC0000F800702068C168A1B1406990B9E07B80B9204606F740FB08B13C4800E03C48E113
:20BC20007D0078401C884205D13068401C491C3060E17504E037480168491C0160E77500E6
:20BC400020C7E72DE9F0410301F401807310000E460546002456F7A7FE07463048007800E1
:20BC60002843D0002D41D0284606F7DEFB38B92C480078002839D155F70CF8002835D0017A
:20BC80002F04D195F8A40057F77DFF0446E87B012E0FD0002E29D101281FD0002825D1018B
:20BCA00021284600F774FB00212846BDE8F04106F70FBB30B92CB194F8561121F010018404
:20BCC000F856111849096889020FD401280DD10121284600F75CFB0121E6E7002C05D0945C
:20BCE000F8560120F0100084F85601BDE8F081D4FD0B0024BA210004016000783E20006076
:20BD00003E200088C12100843E200088FD200064432000693E20006A3E2000803E2000623E
:20BD20003E2000673E20006C3E2000FE480078002817D04FF4CA00416EFC48FC4A4160035F
:20BD400001F40170741000C1F303301278C1F300612AB1F948FA4A0078127802B101211824
:20BD6000B10E2801D8012901D000207047012070472DE9F05FF3484FF4CA080778D8F81441
:20BD800040D8F81850DFF8C0B34FF0FF39DA46DBF80000800253D5A80251D5A0024FD54FE8
:20BDA000F40011C8F81410D8F85060F00701D0C8F8E090B0073BD5D8F8E420C8F8E4900152
:20BDC00020C8F84000D8F88031D8F8641000201A40130700D54020130101D540F080004FCC
:20BDE000F610631A4201D040F00100D74BDB69DB0603D5930601D540F0020012F4700F0532
:20BE0000D0D34BC1F3035140F004001970910701D040F00800510701D540F01000D101018D
:20BE2000D540F0200018B100220221FEF630FEF00301D5C8F820910301F40160751000B0E5
:20BE40000301D5C8F82491DAF80000564680060CD5A8060AD5A00608D52021C8F81410D8B2
:20BE6000F8A40101220521FEF616FEDFF8ECA29AF80000F0B13068C0040DD5E8040BD5E052
:20BE80000409D54FF48051C8F814100020FFF646FD9AF8000068B1306840040AD568040896
:20BEA000D5600406D54FF48041C8F814100020FFF635FD7F1E04D0D8F814402C427FF46A5F
:20BEC000AFBDE8F09F70B5A54DA6492868401C28600978002479B128280DD9B0FBF1F20171
:20BEE000FB120040B90321002000F759FA9748407848B100F7FEF99B489C4E0178C1B1294F
:20BF000068032909D014E09948502104604460048198485FF786F9EEE70470FEF6FDFD7085
:20BF20007930B100F7D9F9012800D00020FFF60301F4015076100062FF9149087808B1404D
:20BF40001E08708F4928680978B0FBF1F201FB120008B900F711F92868000707D18A4800C3
:20BF60007820B18948007808B100F729F97B48C069C00601D500F75CF9707908B100F79759
:20BF8000F94FF4CA014869896908420ED05FF746F904467E48016829B16948007810B18974
:20BFA0006901B1884720465FF73DF9012070BD10B5FEF68AFE63484068C0F30010002803D5
:20BFC000D0BDE81040FFF69BBE10BD10B5044656F7F6FC012817D194F8A40057F7DFFD9038
:20BFE000B190F8561141F0100180F85611D4F8A01049B194F82911022905D090F857114113
:20C00000F0010180F85711002010BD027C0021012A0CD1C27B52B95E4AD0F8F80012681080
:20C020004204D05C4A12680301F40140771000104200D00121084670472DE9F843044658CE
:20C040004D0020009028687F27C0F305408846052877D094B194F9136194F8A40057F7A20D
:20C06000FD18B100217AF767FD07463046FEF65EFE224631463846FEF6EBFE4A4901EB48F0
:20C0800000694600880090204606F74AFF0098042858D1A07C6F2803D3286840F48000284B
:20C0A00060204606F755FF064694F8A40058F72BFDDFF8F88048B10EF7D1FC30B9761C9849
:20C0C000F80000F6B2864200D206462046FFF7A1FFF8B194F8A40058F716FD074628684086
:20C0E000F08050286016B940F0005028608FB1386878B1A07B55F76FFF3968C96821F070F0
:20C100004155F7E9FE15494A68904203D3887803E0064603E098F800008642F9D30F2E037D
:20C1200001F4013078100000D90F26286806F00F0120F0706040EA0160009920F47C100108
:20C14000F03F0140EA0140286035E03FE039E0283E20001C29200075292000762920007790
:20C160002920002CBA2100B4282000362C20009428200080282000D82820009328200092C0
:20C18000282000F6282000657320006F73200096282000912820009D2820009E2820006835
:20C1A0002920003C3A2000403A200024292000343F20002B3E200010480068000701D50FD1
:20C1C0004806800F482968016069684160BDE8F8830D48006840B1AFF21B210160AFF24DDC
:20C1E000418161AFF2A5110161AFF20D3107488165AFF21721C0F8CC10704764432000ACB8
:20C20000282000600165006829200060F8200070B5FF4D002128680301F40120791000849F
:20C22000B244F480702860FC4B1868C0F30E021A60084642F400461E601A68C2F30E021AEF
:20C2400060401CC2F30D02C0B211446428F3D332316426B1FBF6F0F14908604FF47A7148AE
:20C26000431C21B0FBF1F0401D0A2190FBF1F08FF79AFFA0F50040A0F5E25000EB80008018
:20C280000001D5323800E0323090FBF6F024F4807100B2296070BD2DE9F041DFF884830015
:20C2A000263446B8F800003546374610F0FF0F1ED1DD480068D949C0F30420091F09680119
:20C2C000F03F06D54950310968C1F30334072C01DD103C64B2D1493C390968C1F385051F5E
:20C2E0002D01DD403D6DB20B3800EB400047B2FFF792FF0A2190FBF1F0B8F8001000B2118F
:20C30000F0FF0F07D1B9192944611A01EB81010301F401107A100000EB410000B2BDE8F019
:20C320008110B55EF70FFBC2490120086008614FF4C001C1F8BC01BF484FF0CF0181604F9B
:20C34000F00F0101614FF0300141604FF0C0010160BA490868BA4A5083BA480268BA4B1A34
:20C3600080D0F81022B94B1A800A6822F060020A60016821F4C0610160D0F8101221F40056
:20C3800071C0F81012B2494FF4C0400860B1494FF000000860B049086010BD2DE9FF5F0564
:20C3A000460399002014464FF00A080870FFF737FFA0F13201642291FBF2F2DFF89CA29AC3
:20C3C000F900108A422ADBA549884227DADFF854B2ABF13C0BDBF800101FFA81F929F0FC7F
:20C3E0000141F03001CBF800101420FBF69DFE00273E46FFF714FF761C76B207444645F80B
:20C40000DB08EBD870A7EB0301F401007B1000600191FBF8F6CBF800901420FBF689FEA670
:20C42000F5E16630B26FF01801DFF808B2694300EB81012BF814108C4A01210A23115500EA
:20C440002801DA401F00E0401D90FBF3F09AF900C001B20CEB8C00C1EB400002B28448DFFB
:20C46000F810A2019E90F90080C8F1000000EB800001EB400000B21EB97F4E3678012E12D5
:20C48000D07E4FB7F90060B24201DCB0427CDD7B4E002A64DD491F91FBF3F1A1EB0C0169C5
:20C4A0001A3578294469E01826DFF89CE1002A1EDDDFF8D09199F9007007EB8707B1EB47AB
:20C4C0000F62DD491F91FBF3F8A11E91FBF6F706FB171101EB4101ACEB080689F800800EEC
:20C4E000449EF80310314429448AF800104CE000284ADD022C02D9671EFFB200E0274603D1
:20C5000001F401F07B1000DFF8849199F900C00CEB8C0CB1EB4C0F22DA5E4931F9171000F2
:20C520002901DA323900E032314FF0640C91FBFCF189F80010BF1E97FBF6F106FB1171C9EE
:20C54000B2C1F1160199F8007001EB4106A7EB08010E449EF803103144691A8AF800100309
:20C560009D0121297014E000280DDD002901DA491F00E0491D91FBF3FCACEB0801691A35D8
:20C5800078491B8AF80010824201DD3A8000E038809AF90010002903DD00218AF8001005D5
:20C5A000E06FF06306B14201DA8AF8006047F6FF75002A01DC002806DD2E492BF814500062
:20C5C000200855401E00E000203BF91410A94208D0002901DA491F00E0491D91FBF3F12B18
:20C5E000F8141004B0BDE8F09F2DE9F05F0E46DDE90A7B1B4900250301F401E07C100091B4
:20C60000469A46A8460D60194A81B2121D1160C0F30A40111F40F4004008601420FBF690A5
:20C62000FD0D4C012E84F802804FF001083BD1044830F9170033E0CC054100E8064100380B
:20C640004A2000FE4820003404410060016500880164003406410034BA2100700141003072
:20C660004A2000324A2000FC044100280441001C074100004A200048F4FFFF084421000190
:20C680004A2000034A2000124A2000244A2000044A20000A4A20000B4A2000A0C42100A03D
:20C6A000F5FE41FF3908D15B463A4651464846FFF780FE054684F80280284697E72DE9F040
:20C6C0005F0E46DDE90A7BF949002591469A46A8460D60F74940F0400008601420FBF63076
:20C6E000FDF54C012E84F802804FF0010806D10301F401D07D1000F24830F91700A0F5FE4D
:20C7000041FF3908D15B463A4651464846FFF755FE054684F8028028466CE72DE9F04FBB1E
:20C72000B0017835914178349190F90290C178369100793290E4484FF0FF344FF0000A004F
:20C740006837904FF4C800D0F814013599DFF87CB3DC4F389001297ED100209DF7AAF8DB51
:20C760004C207F40F0010020779DF78CF8207FD84920F0010020774FF0FF300870D6490081
:20C7800024D64A0C70FF211170D549CC4D01260C70D449DB4A0C70D3490C70D3490C70D39D
:20C7A00049AE720C70D3490870D3490C80D3490C70D3490C70C0211170D34A0A211170D22B
:20C7C0004AEC211170D24AD6211170D1490870D14867210470D1486C700670AC708DF8CC6E
:20C7E00040AE712C7258460301F401C07E10005EF740FDCE2138465EF73CFDEA21CA485E4F
:20C80000F738FDC9488BF80060032180783238C0B260F31F213980FFF797FD4FF4C870FBB4
:20C82000F697FCC2480068C00401D5EE7200E0EC7200202873014602A800F0C3FE01211A2C
:20C84000A800F0BFFE002002AC0DF1680854F8201058F82020914201D02E73182000E04F8F
:20C86000E0401C80B21828F1D3E87A012817D1287BA8B90221204600F0A4FE03211AA800CE
:20C88000F0A0FE00202A4654F8201058F82030994201D016731820401C80B21828F3D3025B
:20C8A0002000F051FF68732C46032000F04CFF6073002000F048FF18256073A57318280AD1
:20C8C000D1207B012811D100F03EFFA073617B182901D1182809D000206071002000F00395
:20C8E00001F401B07F10001EFFE0732574182802D008E06671F5E7207B012802D100F012B4
:20C90000FF2074207C60740124359802287DD17D49002008808449087079498DF8CC0009DB
:20C9200078012912D07A4908707C4A92F90020914504DC814A92F9002091451DDA73480112
:20C94000210170881F3BB0BDE8F08F674A34991278914208D13699042905D1694A329992F9
:20C96000F90020914202D06FF00300EBE764490122087066490A70D7E76448002101705800
:20C980004890F900000090072804DD594901200870C01ED7E7329810B1022810D06AE0521E
:20C9A0004834990078814265D05348017821B1524901200870001FC5E7012101705AE043FD
:20C9C0004A907A012856D1002092F80C80D47A30219646B8F1000F0301F401A0801000021F
:20C9E000D0012C11D033E007EB40020BEB0005938893860123AB76012C29D107EB41050B34
:20CA0000EB0102AE88AE86937607EB4102B2F9043000E0BEE307EB4005AE88AD8E9E1B4F70
:20CA2000FA86FC968E751B6DB217280BD2162802D1D6889B1BD3804CEA052393800BEB01AB
:20CA40000301259D70002393860BEB01029376401C491C80B2C9B21828BFD307F194073857
:20CA60008F38804FF001008BF84A004FF0000038878BF86600A7F194078EF80A001D4C341B
:20CA800098217888422448007802D1012819D089E0B8B9154800990E4D491C01700020D4DD
:20CAA0003528601920FBF65CFB3498801C40F08001254801604FF4C04028604FF4C870FB10
:20CAC000F64FFB329810B1022843D04CE03DE00301F401908110001C0741002804410034E6
:20CAE000BA2100FE4820001001640008442100C46C2000FD492000FE492000F8492000F99C
:20CB0000492000FA4920001B4A20001C4A2000024A2000094A2000244A2000074A20000858
:20CB20004A20000A4A20000B4A2000054A2000004A2000014A2000034A2000124A20006E07
:20CB4000C521008A48200070014100064A200004016000F8480021017017E0F74890F900E5
:20CB60000060B1F4490978012908D000F0FF0ABAF1000F0AD0462101EB8A0007E0401C0037
:20CB8000F0FF0AEC4801210170F1E70020EC49087008460078401CC0B2672805D234992742
:20CBA000F8101001220BF80020349820703298002547F6FF7810B102286CD0DFE2E1490006
:20CBC0002048728874C87A0301F401808210000028087B07D058B10420824600EB4A000086
:20CBE00026399039E108B10220F6E70120F4E70320F2E7B01CC4B25EB11820B6FBF0F10061
:20CC0000FB1160D149C8B1487AFF2815D0401C4872CE48407AFF280FD01BF80410E9B3CACE
:20CC20004900208870C9484179012974D0BAF1010F72D0BAF1020F70D0E8E0887C401CC079
:20CC4000B28874CA7A012A05D10A7B1AB901280ED003280CD0BD4900204872BC4908601915
:20CC600020FBF686FAB948C07A012805D012E0FF2017364872B6B2C9E0B448807C02280996
:20CC8000D14FF44610416941F0004141614FF42F70FBF66EFAAD48017B01E01AE035E101CE
:20CCA0002904D1807C01280FD003280DD0A948016821F480510160A5494FF4C0400860032D
:20CCC00001F401708310004FF4C870FBF655FAA3E7A248016841F44051F0E7DFF874C21702
:20CCE0002805D19CF8121001290DD0022958D033A9CDE900419A494A46329B0978FFF7FAA2
:20CD0000FC284445B292E70BEB040111F8011C012908D027F814804FF0FF316818F1E7544A
:20CD2000E059E05BE09CF8081099B1BCF816208C490A6033A9CDE9004189494A46329B0975
:20CD400078FFF7D8FC0146824890F9080020B1D1B122E0BCF81420EAE791B907EB44013729
:20CD6000F8142031F8021C8A1A7A494B7A07EB43039A80002227F814800BF80420401C0862
:20CD8000724FF0FF3108E007EB440037F8142030F8020C801A27F81400724A37981060BC77
:20CDA000E77149BCF818200A6033A9CDE900416B494A46329B09780301F40160841000FF2B
:20CDC000F79DFC284445B24FF4C8013898C1F8140130E7BAF1010F21D1417A027804E04198
:20CDE0007A427B01E0417A827B914217D137F91420424513D08178012910D1417871B95C97
:20CE000049642231F91410323991FBF2F15A4A1278521A02EB09010279891A41709DF8CC5A
:20CE20000001281ED14D48417AFF291AD0FF214172601E182190FBF1F201FB120000F0FF83
:20CE40000C00205B46014609E0401CC0B222180CF1010C27F8128099540CF0FF0CBCF11859
:20CE60000FF2D3761C3998B6B2B6EBC00FFFF4C9AE3A4CE07A012809D14FF44610416921F2
:20CE8000F0004141614FF42F70FBF67AF9207B012804D133490A6822F480520A60E17A0144
:20CEA0002901D001280CD12D4E0020306019200301F40150851000FBF667F94FF4C040306C
:20CEC000604FF4C870FBF660F9607C18280CD29BF86610662049B10020A070B7F9CC1041AD
:20CEE0004502D0A07801280DD04DE133A9CDE900011F484A46329B0178E069FFF79DFB2800
:20CF00004445B2EAE71D486421B0F9CC00323890FBF1F01A490978091A20794944081A6021
:20CF20007031E1DFF83CA09AF80D00182863D20B490978C91CCCB21BF8041011B300208ADB
:20CF4000F8020037F914004646B04230D09AF80220012A23D02BE0FE492000FD492000F675
:20CF600049200034BA2100FC044100E0064100084A20001001640014016400A0C4210001EB
:20CF80004A200033A9CDE90041F949401E4A460978C0B2329BFFF7B6FB0546D2E79AF80D1A
:20CFA0001007EB410149880301F40140861000401AC0B227F81400F0480078801CC4B21BB1
:20CFC000F8040058B100208AF8020037F91400B04203D09AF80220012A0ED0AFE033A8CDAB
:20CFE000E90040E4484A46329B01789AF80D00FFF78DFB284445B2E8E79AF80D1097E09AF7
:20D00000F80E001828DD48007871D2C01CC4B2DB48016841F440510160DA4E0020306019F4
:20D0200020FBF6B6F84FF4C04030604FF4C870FBF6AFF81BF804005E4658B100208AF802E3
:20D040000037F9140040451CD09AF80220012A0FD017E033A8CDE90040C7484A46329B0128
:20D06000789AF80E00401EC0B2FFF750FB0546E7E79AF80E1007EB41014988401AC0B227C6
:20D08000F81400BD480078801CC4B2305DE8B100208AF80200BA48016821F44051016003B6
:20D0A00001F40130871000B84E002030601920FBF673F84FF4C04030604FF4C870FBF66CBD
:20D0C000F837F9140040453DD09AF80220012A0ED038E033A8CDE90040A9484A46329B018D
:20D0E000789AF80E00FFF716FB284445B2D6E79AF80E1020E0FFE7801CC4B21BF8040058DA
:20D10000B100208AF8020037F9140040451AD09AF80220012A0DD015E033A8CDE9004097EE
:20D12000484A46329B01789AF80000FFF7F3FA0546E9E79AF8001007EB41018988401AC040
:20D14000B227F814009AF811005646182823D28C480078001DC4B21BF8040048B10020B0B7
:20D160007037F91400404516D0B17801290DD012E033A8CDE9004081484A46329B0178F00E
:20D1800069FFF762FA284445B2EAE7B7F89410401AC0B227F814000301F40120881000009D
:20D1A0002D08DA7C4932984FF0FF3408707B48012101700CE0002108465A46135C401C19B2
:20D1C00044C0B2C9B26728F8D3672903D00124329810B124E00024FAE7012C03D1704841AE
:20D1E00078704801706E488179012912D19BF8021001290ED16C496422B1F904103239912E
:20D20000FBF2F1C279521A02EB0901674A11700021817166480178012901D100210170DFB9
:20D22000F86CA135980AF13C0A03287ED15C4D0020604C20350AE048B107EBC00101F1907F
:20D24000018A88D3B20A8863F31F220A80215C2B5CCAB207EBC00100F1010063F31F22C007
:20D26000B2A1F894200828E6D34D4D687B182802D3A97B182909D2697C182901D204200ACD
:20D28000E0182805D3A87B182802D3687C18280301F4011089100001D2032000E00220E9B7
:20D2A0007A00294649097801FB00F114D04A31687CCAB2182801D2521CD2B2002108465B40
:20D2C000461C5C401C2144C0B2C9B26728F8D3B7F8C83013B106E03231E9E72E4B94331BA9
:20D2E00068A7F8CC30914201D1012404E009B1002401E04FF0FF3432480078012800D1C49C
:20D300001E31480078012800D1041F2F480078012800D1441F23480078012800D1841F2BEA
:20D32000480078012800D1C41F3698042804D0002000E017E01F49087018480026066019A6
:20D3400020FAF632FFCAF800601348698BAC380160204801882048016020490988C0F8105A
:20D3600012A0F7DDFA359804283DD00F4A1C4992F9000091F90010884204DC194991F900AE
:20D3800010884200DA11700301F401008A10003BB02046BDE8F08F084A2000F6492000E09F
:20D3A000064100FC044100094A2000024A200034BA2100034A2000A0C421000C4A2000127D
:20D3C0004A2000E8432100FD492000F9492000FA4920001C4A2000074A2000304A2000706B
:20D3E000014100324A2000054A2000064A200000209CF793FAFEF7D8FF4FF00008CAF8005B
:20D400008034984FF4C005801C40F08000C5F804014046744A01E0401CC0B213564B4501BD
:20D42000DD1728F8D3DFF8C49140F04001C9F800106E4E4FF4C040D43630604FF4C870FA89
:20D44000F6B7FE6A4800684FF4461100F02000496900290CDA012808D06548B83800686F27
:20D46000EA1030800701D002240BE0032409E0012825D05E48B83800686FEA1030800703CA
:20D4800001F401F08A10001ED0002459480C300068C0F3042BD5F8040100F07F00801E1FD5
:20D4A000FA80FA55488578323DFEF741FF0146388810F0FF0F09D053465A46204600950098
:20D4C000F04CFB044602E00124DFE70C464546C6F800801920FAF670FEC9F8005044482887
:20D4E00038418B46480160464801884648016046490988C0F81012A0F71AFA4CE710B55D39
:20D50000F769FA42490120086008614FF4C001C1F8BC013F484FF0CF0181604FF00F0101F3
:20D52000614FF0300141604FF0C001016034490868394A106034480268324B1A80D0F81063
:20D5400022324B1A800A6822F060020A60016821F4C0610160D0F8101221F40071C0F8100A
:20D5600012244801684FF6BF7201EA020101602A494FF4004008600301F401E08B1000101D
:20D58000BD10B55DF72BFA2748016821F0030101F10201016020494FF001000860086122B1
:20D5A00049C1F8BC01C86721494FF03000086015490868104AA2F1280250831448026812AC
:20D5C0004B1A80D0F81022124B1A800A6822F060020A60016821F4C0610160D0F81012211A
:20D5E000F40071C0F8101204494FF0000008600C49086010BD00005CBA2100280441009832
:20D600000741008A48200034064100304A200070014100324A20006001650088016400CCEE
:20D620000541001C074100A08031004001600090006400F0B5DFF8B4E539B101292AD00235
:20D64000294ED0032976D00020F0BD00210B460EEB4104091D2688628806F0070502F007DB
:20D6600007C6F3C40606EB4716C2F3C017A4880301F401D08C100005EBC605C2F3801205AE
:20D68000EBC725C4F3400405EB023202EB443200EB83045B1C22606029DDDB79E000210B00
:20D6A000460EEB4104091D2288160A628806F00705120A02F00707F60806EB4716A488D79F
:20D6C0000905EBC605240AC2F3801205EBC725C4F3400405EB023202EB443200EB83045BE6
:20D6E0001C22606029DCDB53E000210C460EEB4103091D9A885D88DB88C2F3421703F003D5
:20D700000607EBC606C5F3C20506EB4515C2F3820CC3F3C0060CEBC505C3F3800305EBC60C
:20D7200025C2F3400205EB033303EB423200EB8403641C1A606029D9DB2AE0FFE700210C7F
:20D74000460EEB4103091D5A88150A9A88DB88120A1B0A570903F0030607EBC606C5F3C2C5
:20D760000506EB4515C2F30301F401C08D1000820CC3F3C0060CEBC505C3F3800305EBC694
:20D7800025C2F3400205EB033303EB423200EB8403641C1A606029D7DB0120F0BD10B59813
:20D7A000B0014600246846FFF74CFF684601E0641CE4B250F82410490BC90701D0182CF60F
:20D7C000D3204618B010BD10B598B0014600246846FFF737FF684601E0641CE4B200EB8415
:20D7E0000250F824105268C1F30031C2F30032914201D1172CF0D3641CE0B2E2E72DE9F099
:20D800004F002095B00546064681461090FC48DFF8F0834FF00D0B0078002869D001200D6A
:20D82000F1440C38F91040002264B908EB40014B8843B98B8813F0FF0F04D1031D672B0435
:20D84000D2098911B1761C76B201220021C71C0B46DFF8B4E34FFA87FA13E01EF8017003BB
:20D8600001F401B08E1000A74209D1012812D00CF805A00CEB05036D1C19726DB20123494E
:20D880001CC9B2082903D2012B01D0012AE9D0012804D004E04A230CF80530EAE74720004B
:20D8A0001DC0B26728C1D3B54235D1002043461FE00CEB0001D74A91F90810D64F32F811F6
:20D8C000207F5CD4B21CF9002067F31F244A2A23F812400AD0D04C03EB42020834615632C7
:20D8E000F8024D61F31F24148000E08946401CC0B2B042DDDB01201090402168465DF7DF8C
:20D90000F80024012138F911004F2806DA08EB4100408820B901E00220EDE7012931D16AEE
:20D9200046002002EBC402012903D00F1838F8173003E028B1032807D2002322F8103017DF
:20D94000E0B8F80230138013E0B8F8943022F81030B5420DD166B10301F401A08F1000AFDE
:20D960004B02EB400C083313F80930DFB23CF8023C67F31F232CF8023C401CC0B20428D6D3
:20D98000D3012900D14721641CE4B2091DC9B26729BCD30022A4F1010921E0551C1346E906
:20D9A000B26E4608E036F9310036F93370B84200DA0B46491CC9B2A142F4D3002006EBC364
:20D9C0000106EBC20231F8106032F8103022F8106021F81030401CC0B20428F3D3EAB24A05
:20D9E00045DBDB00215AE001EB81028D4D02EBC1023DF931E06B4625F812E04FF0010C6025
:20DA00004605EB420203EBC103494524D003EB400533F810802F894FFA88F67DB2BA46AD0F
:20DA20001B4FF47A76B3F908707543A7EB0E0695FBF6F5CAF30727C8F307287FB24FFA88C4
:20DA4000F8A7EB08074FF47A7807FB08F797FB0301F40190901000F6F62DB237B201E000A7
:20DA6000252F4633F8108022F81C500CF1010C0CF0FF054FFA88F622F815606D1CEDB2C87B
:20DA8000F3072822F815706D1CEDB24FFA88F822F815806D1C401CC0B205F0FF0C0428B7EB
:20DAA000D3491CC9B2A142A2D3604B188828B3641CE4B2214613E001EB810202EBC10200A6
:20DAC0002003EB420207E002EB400535F81A5C22F81050401CC0B25845F5D3491EC9B200A9
:20DAE00029E9D119805980022005E0C2071FD023F81010401CC0B25845F7D34A4E002508DD
:20DB00003E371D2846FFF76BFE70552846FFF752FE78556D1CEDB2042DF3D3424814380467
:20DB2000718AF7FDF8109815B0C0B2BDE8F08F03EB4002528B23F81020DBE7002142080175
:20DB4000E0491C5208002A0301F40180911000FBD10A02C1F12001884042EA1060704735E7
:20DB600049096801F03F014177334954310968C1F303314175072901D9103941752E49383A
:20DB8000390968C1F3850181771F2901D94039817770472DE9FF5F0546284891461C4600F7
:20DBA0002680789CF711F9DFF878E08246214FBEF9000010F0FF0F01D0001201E00E9840D4
:20DBC000B283461A481438007901E0761C76B206EB860101EBC60137F91110A14201DC8646
:20DBE00042F3DB1249761E091F70B2495D494507D8182905D2032604214FF00708082223C8
:20DC0000E00B490839495D182919D2494517D9052606214FF00B080C2216E0EC0A2000CE93
:20DC2000482000FE482000F6482000CC4920009CBA21006EC52100E40641008A4820000398
:20DC400001F40170921000012602214FF009080A2200EB800303EBC00307EB430037F9135F
:20DC6000C030F91660A4EB0C0C002E06FB0CF601DA761F00E0761D4FF00A0C96FBFCF63082
:20DC8000F9111037F9133001EBC10C0CEB011106EB810130F91860A4EB0303002E4FF47AA1
:20DCA0007C06FB03F602DAA6F5FA7601E006F5FA7696FBFCF330F912000E9A1844A2EB0B64
:20DCC000024243FE48006800F00F0004282FD0FC4B13F90A0000EBC00303EB001002EB806F
:20DCE0000209F10200C3B225B3F74CC0B204EB4000012D21D0022D22D0B0F86030B0F930A4
:20DD000000C3F307235BB21844642300FB0311019804B000EBC00303EB0010C1EB8000807F
:20DD20001A3238642190FBF1F000B2BDE8F09FE64BCEE73EF913000301F40160931000E775
:20DD4000E7B0F93000E4E7B0F860003EF9133040B21844DDE72DE9FC5F06464FF0000A8B13
:20DD60004640F2F648574608468EF7FDF80446C07932380090207F00F07F00801E80B2012C
:20DD8000902089C0F3042916B12069C0F304296089C0F30D00FFF7DDFEA0F668304FF2D37E
:20DDA00001484380128030051215F5027F00DA36B1C748B0F9002012F0FF0F03D013E04F35
:20DDC000F4FE4087E0A9F10B00617FA37F00EB400040B219440844617D081A00EB800005CD
:20DDE000EB40000FFA80F8A089C0F34011BA4890F8970040B1032806D0012806D004280408
:20DE0000D0052802D010E079B10DE060884FF0010A4FEA10304FEAC07011B120B103270358
:20DE2000E010B1022700E0012712F0FF0F06D00301F401509410004A4629463846019BFF25
:20DE4000F7B4FE00E04046B6B9217D4A0604D5803901EB8101490009B2491B1E313C2291B0
:20DE6000FBF2F109B2042922D0032922D0022922D00021084400B20A22BAF1000F11D04188
:20DE80001F91FBF2F1974F97F90130994206DA6D1F95FBF2F197F90030994202DB00F2EC3D
:20DEA0004000B240F2F64188420ADC36B109E0F021DFE7B421DDE77821DBE78A4B9842000D
:20DEC000DA084690FBF2F0000200B2E0821BF1020101D0491E03D1844909880844E082BDB3
:20DEE000E8FC9F0246401A8A4201D200F59C7070470146002041F24102114200D001204243
:20DF0000F28202114201D040F0020044F20412114201D040F00400754A114201D040F00876
:20DF200000744A114201D00301F4014095100040F01000724A114201D040F02000714A11E5
:20DF40004201D040F040006F4A114201D040F080006E4A114201D040F480706C4A114201A7
:20DF6000D040F40070002901DA40F4806070472DE9F84F5D4F804600240D462646B868FF8D
:20DF8000F7BBFFF880A81C04D0B8F1000F04D0601E03E06FF0010000E028468DF7ECFF05B1
:20DFA00046F878002862D05A49486808680090B868DFF86481820503D0D8F80020C2F3091A
:20DFC00004DFF858C1DFF858B110EA0C0F05D0DBF80020C2F3090244EA8224514ADFF84842
:20DFE000A1104205D0DAF80030C3F3090344EA0354DFF83891830F03D0D9F8003044EA8359
:20E000007404404348416800680099FFF76EFF0146B8682246830503D0D8F80030C3F303CD
:20E0200001F4013096100009043E4B184205D0DBF80030C3F3090344EA83243B4B184205D0
:20E04000D0DAF80030C3F3090344EA0354830F03D0D9F8003044EA83740440A24200D00123
:20E06000260A29D2D385F8246026B92046FFF748FFA5F82500304830498078E87108682883
:20E08000814FF4C000D0F80401287708682C4A00F07F002875D2F8F002C0F3C010A871281E
:20E0A000480068284928610868C0F30E0040F4004008600868C0F30E0068810860234800BC
:20E0C00068A881D06F68800748008810F0FF0F40D1B87801283DD12846FFF755FD37E0C09E
:20E0E000076000DE482000FE482000EA482000B8FC200088BA21000AFBFFFFCE4420000847
:20E1000082000110040102200802040000040800000810000050200301F4012097100000E3
:20E1200000A040848031005004640000FC0F00540464000000F03F580464005C0464008A0E
:20E14000482000EC054100F400410034044100E8064100980741000020B87002480068E886
:20E16000812846BDE8F88F740741002DE9F0410D46002698B1012811D003280FD004280D72
:20E18000D000209BF702FCF94F386878B3F948066097F7DAF800244FF4805823E0F74AF56D
:20E1A0004913680B6092888A8001228A71CD7104230B720F238B7240F6FF73A1F80B300958
:20E1C000234B730D238B73CE7328B14E72BDE8F041E9486BF7CFBF4A72F8E7386830B10142
:20E1E00020FAF61EF82046641C4045F6DBE80708D1E348252106714171C571BDE8F0419CB3
:20E20000F777B9BDE8F0814FF4C002D2F828130301F401109810000B0600F1020141D5D219
:20E22000F82C0300F07F00884201D900207047D2F8300300F07F00884201D901207047D213
:20E24000F8340300F07F00884201D902207047D2F8380300F07F00884201D903207047D2DF
:20E26000F83C0300F07F00884201D904207047D2F8400300F07F00884201D905207047D2AB
:20E28000F8440300F07F00884201D906207047D2F8480300F07F00884201D9072070470841
:20E2A0002070473E28E1D8C1F3031070472DE9FF4F81B004461D469BF731FEB34800214F7C
:20E2C000F00109017004F00F01022901D180F80090AF48AF4E4FF4C0080470347002990810
:20E2E000F54A70823101604FF07F0141608160C160016141618161C16101624FF000009BB4
:20E30000F748FBA44F387F0301F4010099100040F0010038779BF72AFB387F4FF4461B2065
:20E32000F001003877DBF80403002100F00F003FF7E6FD0298FFF76FFF9A49012C0BD0023F
:20E340002C0DD0032C05D0042C03D001EB8002166808E086F8009001EB8002566A02E001BA
:20E36000EB8002966C01EB8000876C3DB13560DFF834A2DAF80000817819B11EE03068C5AF
:20E38000B2F5E708F522710A6802714A6842718A688271CA68C2710A6902728A6A4272CA72
:20E3A0006A82720A6BC2724A6B02738A6B4273CA6B8273496DC17380F80290B4B1022C14BD
:20E3C000D008F52271827A0A60C27A4A60027B8A60427BCA60827B0A61C07B8862012C1277
:20E3E000D0032C10D0042C0ED00EE008F5227102790A6042794A6082798A60C279CA60031B
:20E4000001F401F0991000027A0A61407AE9E73D602CB1012C03D0032C01D0042C03D1641A
:20E42000494FF4806008606348015D4FF4C8000167022C05D15848416921F07F01491C4107
:20E440006120460299FFF79DFE4FF47A70F9F6F4FEDFF8688198F802009BF7DAFCDAF8002F
:20E460001008705648544906605648491E0760554805705548057098F802000870544854E9
:20E48000490470039808705349002008705349042008705249FF2008705248006800280FD5
:20E4A000D051490978022909D28DF800103C4900230A7869463FF705FDCBF804033068C0A3
:20E4C000B205B0BDE8F08F30B403EB8304029902EB440200EB8100521CD0F8B010D0F8A8B8
:20E4E00000022B0AD0012B0BD0032B0CD0042B0DD0491C401C30BC0301F401E09A10009B2D
:20E50000F75FBD7F317F30F9E740314030F6E7BE31BE30F3E7FD31FD30F0E72DE9F34F8723
:20E52000B00D7807980F46022828D007F1200407F102084FF02A0903262E484FF0FF0B0117
:20E540006803914168049100891849ADF81400059081F800B09BF7EEFC274821684FF4C0A9
:20E560000A016061684160218901816078000661D4207858B1611C0020524646E007F1345F
:20E580000407F102084FF03E090526D5E752E0905B2100A00164002C4321004C282000C4DD
:20E5A0005B2100802D2000742D2000772D2000C46C2000A0412100C048200088044100B690
:20E5C000BA21008A482000C4482000C8482000BA482000B9482000BF482000BD482000B8CB
:20E5E000482000BB482000BC482000A82D20000301F401D09B1000722D20007C3820003A36
:20E60000F3200098B10B5C02EB800C9B1CCCF82833401C23788342F4DC5946092811DA029F
:20E62000EB8003C3F8281300F10100F6E70B7883F0800303F10203C2F82833E9E77F21CAE6
:20E64000F8281328067DD576490220C5F340140870C5F38010C5F3001B8DF8040054EA00C0
:20E660000112D004EB8401890000EB800001EB40006D4901446D4851F80A2C026051F80643
:20E680002C426031F8021C01816949012005F00F0208558854594620463FF729FA0500501E
:20E6A000D04A46394605F1B8005DF7AFFC78789BF7B7FB5F495A46096808705E48817802C8
:20E6C00091797881709DF8041020469BF7F2FB00249DF80470A3464FF0010921E08DF80450
:20E6E000700023224601A90301F401C09C100028463FF7F3FB9DF80400022802D358468DBB
:20E70000F804B0C0B229460090234642460846FFF7E6FE9DF8040009FA04F2284410F87E3F
:20E720001F1143641C0170E4B2B442DBD3287840072FD52F46002542489DF8041050F82516
:20E740000080469BF790FBB84500E069E01ED007F1BA000024069017E09DF8040008EB00D3
:20E760000191F87E2009FA04F10A420BD13A1892F87E200A4206D0009023463946404606B1
:20E780009AFFF7ADFE641CE4B2B442E5D36D1C182DD1DB2A49029888709BF746FBDFF89CB5
:20E7A00080294D294FD8F80010002208702E7885F800B0012138683FF7F8FA85F800904C5B
:20E7C000460022012138683FF7F0FA19482E70039901600499416005990181D8F8000003C2
:20E7E00001F401B09D10008178012919D10AF5227102790A6042794A6082798A60C279CAF3
:20E8000060027A0A61427A8A62827ACA62C27A0A63027B4A63427B8A63827BCA63C27B4AB3
:20E82000650799022902D0047409B05AE602210174FAE7722D200019F820007C382000BB6D
:20E840002D2000C04820008A48200080D82000742D2000A82D20002DE9F84F3FF7DAF8823C
:20E86000463FF7E4F8002483462546FAF632F8FD4FFE4E58B1FE4B6A460421DC20F9F6EB39
:20E88000FF9DF800006D2807D075280BD03078022804D0032808D00DE0022030704FF49EC7
:20E8A00072F44904E003203070F3494FF49E7238465DF7B3FBDFF8C4C3DFF8C483F14FF146
:20E8C0004EC5EB051101EB851100200CEBC10106EBC503C0EB00120301F401A09E1000020A
:20E8E000EB801201EB820243F82020401CB1460228F3DB08EB052047F825006D1CEDB218A9
:20E900002DE2D3E449E3484FF000050860E3484FF480710068C0073DD04FF001080C2D01F4
:20E92000D3012600E00026FEB10C2D2ED057F825004FF48072DA495DF774FB57F82510A539
:20E94000F10C00887057F8251046F0800081F8008057F82510487057F825101F206D1CED1A
:20E96000B2C870182DDAD322E055B157F825004FF48072CB495DF755FB57F825008570E108
:20E98000E74FF48072C8493868F4E74FF48072C649386BD0E7C44E884606EB052157F825C6
:20E9A0000042465DF73EFB6D1CEDB2022DF4D3C048BF4902680A6042684A60008908814892
:20E9C0007802061FD40A78EAB180F080004FF40301F401909F1000C002801CC2F8280301F8
:20E9E0002007E00B1802EB80055B789B1CC5F82833401C0B788342F4DCD8B2FF2104E002D5
:20EA0000EB8003C3F82813401C0928F8DBDFF8B08200259F48474650F82530C8F8003018EB
:20EA200078C00767D000224FF0010CD9780CFA02F0014213D003EBC20103EB820001F1046C
:20EA400006C0F880605E78360604D4022A02D11E1DC3F888602C31C0F8941005E003EB8243
:20EA600000C0F880A0C0F894B0521C052ADDDBB846002609EBC507D8F80000304490F87C41
:20EA80002062B105218F483FF751F8040000D18C4CD8F8000000EB8600C0F8B04034B157F5
:20EAA000F826004FF49E7221465DF7BFFAD8F8000057F8261000EB8602C2F8A810827840FD
:20EAC00078B10141EA02110301F40180A0100000F03F00014341F0800057F82610761C0268
:20EAE0002E0870CCDB0026D8F8000000EB8600D0F8A8009AF7C2FE761C022EF4DB6D1C186F
:20EB00002D8BDB72490020C8F80000087071490870664870490068800704D56F4A087810A5
:20EB2000706F4A107009786E4AC1F38100012410706D4A24EA510010706C4A01F0010010CB
:20EB4000706B48007800F001003FF78CFA3FF785FA68480470BDE8F88F2DE9FC5F4FF000B8
:20EB60000BDFF8948182F806B082F805B098F8021000F10905481C88F80200A88814462806
:20EB8000B198F8030020F0010088F803005A48DFF8689140304FF0040A009061B198F80C30
:20EBA00000E62803D898F87210002965D098F87210FF2962D0AFE0A87D464688F8000003CD
:20EBC00001F40170A11000042801D986F800A0002014E000EB800105EB810106EB8002D1C4
:20EBE000F822301361D1F81E301362D1F81A301363D1F82610401C09BAC0B2916531788192
:20EC000042E7D8D5F80E0000BA7065306A326C0C38C1B205F11200019040F74DFDC0430776
:20EC20000E306A326C0C38C1B2019840F744FD4FF47F018143306A47EA11270C38C1B23253
:20EC40006C019840F738FD4FF47F418143306A47EA01270C38C1B2326C019840F72CFDC07B
:20EC60004347EA00603064716D884207D1316AA81D08440088B0803269904244D00120BCEA
:20EC8000E061E04AE00000162F200018BF210000106500B9BA2100F5BB210080842000C00E
:20ECA000BF200080D82000C0D72000DCD92000A42D20009C4320000301F40160A21000086E
:20ECC0003720000835200008342000083620003AF320007C382000A82D2000DA2D20007415
:20ECE0002D20007F2D20006D2D2000732D2000B34B2000B04B20007B2D2000B14B2000B2B2
:20ED00004B2000752D2000083820008CE820003173284640F74DFEFA48007878B340F7EC36
:20ED2000FE2CE088F872B0E63888F80C00284640F73FFEF348007808B398F80D0008EB801D
:20ED400000006B04281AD1012089F80E0016E0E62814D3EB4888F80CB0007878B198F80DE9
:20ED60000008EB8000006B042808D199F80E004E4620B9284640F71CFE0120B07398F8030E
:20ED800060F0070CD07421DF485BF7EDFEFF222821009880F754FD88F80360BDE8FC9F2832
:20EDA0004640F7B8FCD74E307858B198F80D000301F40150A3100008EB8000006B042804A5
:20EDC000D141F70CF808B1A0714BE0D048808800287DD1DFF8388398F80D1008EB810108DF
:20EDE0006B022807D04246012811D03378FBB104281ED064E0886D496C4746884268D1FE28
:20EE0000F759FD387B801D387359E0A0714AE1886D496C884201D00220F7E7BE49BD48D113
:20EE2000F80A200260D1F80E204260498A018146E0107BE22825D8AB1D1844006800BA88DA
:20EE400065517B08EB8101496C88420ED084F806A07421AE485BF78BFEFF222821009880A5
:20EE6000F7F2FCBDE8FC5F40F74BBEAB49086341F731F989F808A0012189F8071089F8093F
:20EE8000B01DE04A6CA5490A63C0F1E60289F809B0D2B289F807B0494689F80820042A0AB5
:20EEA000D981F808A04A7A0301F40140A41000AB1D8718FF5C9C4BD7544A7A521C4A724A9B
:20EEC0007A0B7A9A42F2D398F80D004746401CC0B288F80D0001E093E098E098F800108819
:20EEE000421CD13078A8B199F80610484689B1417A04290ED18B49D9F80A000A6B00BA824C
:20EF00004204D084F806A040F7FFFDCFE0086341F7E5F8F87840F00100F870E6E007EB8016
:20EF200002136B032B19D1042903D316D199F807309BB100F101007873A88848B94FF0747A
:20EF40000175485BF718FEFF222821009880F77FFCF87840F00100F87027E710696E4B82CC
:20EF6000B2BA80387B68334FF0E6080193DC286DD8AF1D38440088824210D00320A0716540
:20EF800048417B00EB8101096B012901D10221A1713178B1B3417B00EB810083E028460352
:20EFA00001F40130A5100040F70FFD3078B24648B15B48417B00EB8100006B042802D10164
:20EFC0002089F80E00564EF078C00710D1284640F7ADFB9AF8000050B1707B06EB80000092
:20EFE0006B042804D140F702FF00287FF4F4AEB08828B9707B06EB8000016B022906D0301E
:20F000007BE62876D9E638307373E053E0816D406C814201D0032000E78DF779F9707B4078
:20F020001C70733078042806D286F80C80F07840F00100F0705DE0307BC0F1E602C11901C6
:20F04000985DF70BF8307BC0F1E60086F8720086F80C804EE0E6284CD8337823B104290277
:20F06000D199F8071079B1E62830D0A91D014409888A422BD00320A071787B07EB800000E3
:20F080006B01280DD00EE0E228EFD9A91DC0F1E602014401985CF70301F40120A61000E1FF
:20F0A000FF387BC0F1E60024E00220A07133B1787B07EB8000006B04283FF42BAF74211935
:20F0C000485BF761FD009802B0FF22BDE8F05F282180F7C5BBA91DC0F1E602014401985C00
:20F0E000F7C0FF387BC0F1E60187F87210E62802D1FF2087F8720087F80C80A88868B9744D
:20F100002109485BF740FDFF222821009880F7A7FB0548C17841F00101C17084F805B04C6C
:20F12000E600006F2D2000083820003AF32000DCD9200058E8200096E82000FC4B10B5FAA7
:20F140004A01215B7803E0545C844202D8491C8B42F9DC491EC8B210BD2DE9FF4F00248D73
:20F16000B01F20894604940B9405941E4627460C94069425460394CDF828D0A346A246095D
:20F1800090B9F1020F01D9132009909AF703FF0301F40110A7100031460F983EF7D8FC06FE
:20F1A000464078DFF89CC300F080010F98014371700F98B9F1050F00EB8008DF4808EB00EC
:20F1C0000EDF4808EB00010D9800F07F0000EB800303EBC00076D2DFE809F0034B94E0FD0F
:20F1E000000D9909060029DCF8001001EB80010CDA91F86B40D1F86D20CDF80120D1F87150
:20F2000020CDF8052091F875100BE091F85E40D1F86220CDF80120D1F86620CDF8052091C9
:20F22000F86A108DF80910DCF80010C64B01EB800CC3489CF8605007A910F808000690BEEE
:20F240004810F8087000201A5C07EB82020A54401CC0B20528F7D39CF8610003909CF85F3C
:20F26000008DF800000D9800062CD59CF86C0027E0DCF80020DFF8D0C202EB800248789238
:20F28000F8764092F877500301F40100A8100006909EF80170002007A91CF8003007EB8398
:20F2A000030B54401CC0B20528F6D392F878000390D2F87A00CDF80100D2F87E00CDF80577
:20F2C0000002F17902B0E001E08DF80000B9F1020F57D0DFF87CE2BC427DD99DF81D00A00D
:20F2E000427BD2002007A90A5CA24202D2421CD2B20592401CC0B20428F5D9E01B801C8039
:20F30000104FFA80FC0BA90598A2E00D9A1206002ADCF8002002EB800210DA92F86B40D208
:20F32000F86D30CDF80130D2F87130CDF8053092F875300FE092F860308B7011E092F85ED1
:20F3400040D2F86230CDF80130D2F86630CDF8053092F86A308DF809309EF80230A342E949
:20F36000D0DCF8001092F8605001EB800090F86C108DF800100D99090603D490F85F000324
:20F3800001F401F0A810008DF800000020A308024606EBC9073918401C0D7181F82C30C0B6
:20F3A000B281F854200828F5D366E1DCF80020DFF8A4C102EB8002C87892F8834092F88435
:20F3C0005006909EF80370002007A91CF8003007EB83030B54401CC0B20528F6D31BE01B79
:20F3E000E100E096E0DCF80020DFF86CC102EB8002087992F8834092F8845006909EF80413
:20F4000070002007A91CF8003007EB83030B54401CC0B20528F6D392F885000390D2F887DA
:20F4200000CDF80100D2F88B00CDF8050002F18602507A8DF8090010784AE79CFBF0F804D8
:20F440009A059B42441B1A52B20492CA54401EACEB0802C0B24FFA82FC0028EED116E028C2
:20F46000B30A1812F8013C06EBC90203EB050C0244C3EB940382F80301F401E0A91000041A
:20F48000C082F82C3006EBC90301220344401C83F85420C0B2059A9042E5D3069878B10101
:20F4A0002810D09EF900004FF0000C80466046C2F1080E2DE006EBC902A3081571E0E79ECE
:20F4C000F90200F0E79EF90100EDE7012823D0042110B161444FFA81FC0699099A61449109
:20F4E0004208DC4FFA81FB41427AB202EB011189104FFA81FA059A06EBC90302441A440016
:20F500002182F804B082F82CA0401C82F85410C0B28645DADCB4E04146DBE70398A0B1065A
:20F52000EBC90CA0088CF804508CF82C0001208CF854000698B8B1012818D09EF900000033
:20F540002186460846884616E036E0181A20001E1A2000768420006C842000A42D2000B021
:20F560002D2000812D20009EF90200E8E79EF90301F401D0AA10000100E5E701281ED00406
:20F580002208B1114449B2069A099B0A449A4208DC4FFA82FB42427BB203EB021292104F84
:20F5A000FA82FA0CEB0002401C82F805B082F82DA0C0B282F855800728DFD365E07246E08B
:20F5C000E755B1012D0BD09EF90000002186460846884606EBC90C07E09EF90200F5E79ED5
:20F5E000F90100F2E701281DD0042208B1114449B2099B6A189A4208DC4FFA82FB42427B48
:20F60000B203EB021292104FFA82FA0CEB0002401C82F804B082F82CA0C0B282F85480083E
:20F6200028E0D331E07246E1E74DB1012D0AD09EF9003000210846884606EBC90C07E09E09
:20F64000F90230F6E79EF90130F3E7012836D0042208B1114449B2099F6A18BA4208DC4F49
:20F66000FA82FB424267B20301F401C0AB100007EB021292104FFA82FA0CEB0002401C82BE
:20F68000F804B082F82CA0C0B282F854800828E0D39448007868B106EBC900A1080571800F
:20F6A000F82C10039980F8541006EB8901001DC1F880008C480078E0B38C48C078C043805F
:20F6C0000702D055E01A46C8E7894A907988B38849087A012802D060BB487A50BB92F837FF
:20F6E00000854A00288549039824D00F9B00EB4300C0B2C0EB001303EB801302EB830403B6
:20F700009B06EB8303C3F8B0400B5C0BB901230B540398C0F101010F9801EB4000C0B2C02B
:20F72000EB001303EB801006EB810102EB8000C1F8B0001DE0C0EB001303EB801002EB805E
:20F7400003039806EB8000C0F8B0300398C0F10100C0EB001303EB801306EB800002EB0315
:20F7600001F401B0AC10008302C0F8B0200398085C10B9039A01208854634D0A9895F802D7
:20F780008000789AF795FB604F4A46396808700A980078A8703046039B0A993EF783FF0355
:20F7A00098C0B10F9800EBC00101EB0010584901EB400109EB890001EB400420789AF778D5
:20F7C000FB396800234A4608702078A870214630463EF768FF404685F802809AF769FB3986
:20F7E00068087011B0BDE8F08F2DE9F0471546484A4FF4C0044FF6C0761170464AD4F8FCAF
:20F800007201292DD007F0F307C4F8FC721468344044F02C041460414C404ADFF8048126D3
:20F82000681660A4880026948002293ED001249471D5711372092353730D239373D67305E0
:20F8400023B8B1384800789072B8F80000A2F80B00012915D003290301F401A0AD10001527
:20F86000D0042913D0547212E047F00C07C4F8FC721468344044F01E04D0E72D48405C90DE
:20F88000722D4830F81100E5E7567200E053722A480078012808D104201072284800789005
:20F8A0007228480088A2F80B00BDE8F0471D486AF7C1BC244F386870B195F7A6FD00244F44
:20F8C000F4805904E0386830B10120F8F609FD2046641C4845F6DBE80709D11B480671B842
:20F8E000F800104171C571BDE8F0479AF761BEBDE8F087C14320006F2D2000083820008CA4
:20F90000E8200058E820004AEE20008C2D20008A482000C0482000F2E72000742D200094E6
:20F920000441002C4321004C282000424C20003E4C2000444C2000724C2100204C200022C9
:20F940004C2000404C2000905B2100C45B21000301F40190AE10008B4810B5006800B180CB
:20F96000478A4C2068016821F40041016009205BF7C5FD2068016841F40041016003205B3F
:20F98000F7BDFD21680868C0F30D00B0F5005F00D300200A6822F400420A6010BD7C487CC5
:20F9A0004902780A6042784A6082788A60C278CA6002790A614279CA6282790A63C2794AB4
:20F9C00063027A8A63407AC86370477248714902780A6042784A6082788A60C278CA6002B9
:20F9E000790A614279CA6282790A63C2794A63027A8A63407AC86370476648026864490A18
:20FA00007042684A7082688A70C268CA7002690A71C26A4A71026B8A71426BCA71826B0AB6
:20FA200072C06B487270472DE9FC5F5B4AD2F800805B49D1F80090D1F81CA0D1F8B8B04F56
:20FA4000F4C004D4F828030301F40180AF10000090D1F89800554F01903879C30754D04EAC
:20FA60004C02238C342360482414604FF44614002222604FF448144D4D2566226606240C2F
:20FA800060CB610423C1F8B830C1F89820400703D5FFF7B6FFFFF79DFFA5F753FA3879802B
:20FAA0000702D50224012501E000240525414E41483470006800B180474048006800B18030
:20FAC000473879C00704D0012070702046A5F73AFA641C6D1EEBD1A5F761FC3879400701A3
:20FAE000D5FFF760FF3048C0F80090C0F81CA0C0F8B8B02B4AC2F800804FF4C0020099C279
:20FB0000F828130199C0F89810BDE8FC9F10B59AF78BF8DC212A485BF75EF82048234C248D
:20FB200038007818B1207940F0040020719DF7ABFE2079000701D5FFF77AFF9DF770FE03C7
:20FB400001F40170B010002079000701D4FFF773FF9DF797FEBDE810403EF77FBBAFF2492B
:20FB6000001A4908601048194920380860144918480860134918480860194917480860705E
:20FB800047064910B50D4ADC3116487FF7F6FF1549087010BD0000041A20008C12200058E6
:20FBA000C621009C02600058BD2100DC046000700064004815200081030FFEE02C200008D4
:20FBC0001A20000C1A2000CC822000DC2C2000FC472000F5BD10000DBE100025BE1000100C
:20FBE0001A200070BD2100F447200070B5094C094B002003EB800122180E6892F8375035CF
:20FC000060496A92F876200A60401CC0B20928F0D370BDDA2D2000A041210070B5132803CC
:20FC2000D0142801D07F2070BD4FF0FF35294601208CF739FA04460301F40160B1100029D5
:20FC4000460020FEF707F9B4F91600001270BD2DE9FC5F0446C0F30047C0F3C0304FF000B0
:20FC6000090190FF269048DFF840A20125DFF840B28DF80090C8464A46012909D002291054
:20FC8000D0E4B2F1B1012903D0052901D0002A74D0DFF8208204F00106002A72D088F80092
:20FCA000607BE0FCF6F6FD8349C0B20A7890427DD001220870012802D000240027E8E70114
:20FCC00024FBE77D49804FDFF800820A68042C64F31F220A607A49E2B20A70794909682068
:20FCE000D007DC64B1012C0AD0022C1AD0032C2FD105E0052C15D0102C01D0112C28D103AD
:20FD00002C03D0104665F779F80146CEB2704987F8009088F8009081F800906D49A1F800CA
:20FD20009016E0FF2202706A48CEB20088811F0301F40150B21000042902D83D7088F80011
:20FD4000900B38142803D888F8005087F80090042C19D00020604908706148007810B1009E
:20FD60002064F790FC8BF800608AF80050304665F74FF853490A6802F47F4210430860BD71
:20FD8000E8FC9F73E001E00120E4E7019848B95448C4F3820106705348017065F740F852E8
:20FDA000490870524800780028E9D198F80000DFF8409100E062E0DFF8088189F800000251
:20FDC00021D8F80000B1EB102F03D00521B1EB102F10D19FBB4848007828B94148C4F3829D
:20FDE000010670404801703D48007838B3002064F749FC23E0B5EB102F07D21021B1EB1053
:20FE00002F03D01121B1EB102F04D1C0F3072064F7F8FF06E00321B1EB102F0FD12B48009A
:20FE200068C0B28BF800000301F40140B310008AF8005064F7F1FFD8F8001001F47F4108AF
:20FE400043C8F800002F4E9BF800004C4600F0010099F8001035683DF7AEFE2A493060806B
:20FE60007808702948C07C00078DD4294620783FF724FC88E7022905D0042984D120466465
:20FE8000F750FF80E76846FCF6FCFC2049214A0B78984204D19DF800301478A34201D04FC1
:20FEA000F0010808709DF800001070B8F1000FE0D08AF8005067E7CD4B2000B44B2000B22B
:20FEC0004B2000B14B2000C34B2000DC4B2000C24B2000D84B2000C84B2000C94B2000B897
:20FEE0004B2000AC29200081292000D44B2000D54B2000B04B2000E82A2000B34B2000846A
:20FF0000292000A82D2000732D2000E86D2000C44B2000C54B20002DE9FE430546D07A0320
:20FF200001F40130B410000026DDF8289088461F46042835D1F87A042832D1184649F74F31
:20FF4000FF01907C88B8880290387A38B1002000904B4602AA01A938464AF740F80198FC7D
:20FF6000B1029A8118A9420BD3B1FBF4F204FB121609E0291AB1FBF4F181B101FB040086A4
:20FF8000188118A942F5D3A84201D3404503D3AE4206D9464504D80120BDE8FE832044EE15
:20FFA000E70020F9E72DE9FF4F87B0054693464FF0000A149C49F713FF0490A888059028CF
:20FFC0007A039438B100200090234605AA04A928464AF704F8002089E06988049A08FB01EB
:20FFE00020059981460290084401900898A0B3297B007B814230D8BBF1000F10D128464ADC
:02000004FF01FA
:20000000F71FFD60B108984AF71BFD40B128464AF705FD044608980301F40120B510004A0F
:20002000F701FD84421CD003980090DDE901102A46089BFFF778FF044601A902A8039B0853
:200040009A4AF7AAFCDDE90101814251D2ECBB5A46284608994AF780FC10B102994945472D
:20006000D1002438E02849C4EBC400096801EB4006F07A58B3AE422DD0287B317B88422948
:20008000D8BBF1000F10D128464AF7DEFC60B130464AF7DAFC40B128464AF7C4FC074630E8
:2000A000464AF7C0FC874215D0324601A902A8039B4AF772FCDDE90101814219D25A4628F8
:2000C0004608994AF749FC08B101E011E002E0029949450DD1641C0C4800788442C2D30A8E
:2000E000990AF1010A8A4503D300200BB0BDE8F08F08F101000649804609788842FFF47000
:20010000AF0220F2E70000C03D2000B83D20000301F40110B61000B33D200010B5FE4C60B5
:200120006848B920780021C0EB40108000F5F651FC6060002808D02078C0EB4010810060B6
:2001400068BDE810405BF781B910BDF24B10B55A68D2B100211B7815E0C1EB411412F824CA
:200160004024060DD4C1EB4113491C12F8234044F0800402F8234002EB83025080C8B21081
:20018000BD491CC9B29942E7D3002010BDE24A5168002910D000280ED0127890420BD8C04D
:2001A000EB401001EB800010F87C1C090603D57C387C215BF74AB97047D74A516889B18020
:2001C000B1807D10F0780F0CD01278C0F3C300904207D8C0EB401201EB820212F87C2C122C
:2001E0000601D400207047401EC0EB401001EB8000704702460020A9B1D2F8A0100029214B
:20020000D092F8981092F80301F40100B71000A520C1F3C301012A0CD00B292CD023DC031C
:200220002913D0042925D00A2910D10EE092F89010ECE7C91E0D2909D2DFE801F0070908C9
:2002400008080F080B1108080D130001207047062070470720704708207047092070470ACF
:200260002070470B2070470E29EFD00F29FAD105207047032070470420704779B1D0F8A0A9
:200280001039B190F89F1099B990F89400012813D014E090F8940001280CD009E0A14909C2
:2002A000780C2907D090F89400012805D0082905D00020704703207047022070470120707F
:2002C00047994A126831B1006D90F8900107E0022809D00AE0510708D5006D90F891010181
:2002E00028F5D10220704712207047002070478D4910B50A688C4914390968B0F8A4000388
:2003000001F401F0B71000520707D4002147F7ACFB08B1022010BD032010BDC0F3C000C12A
:20032000F38001884201D1012010BD002010BD7F480068410705D4800701D501207047034A
:200340002070470020704770B50E460546FFF73CFF040014D026B101212846FFF7B5FF03FE
:20036000E028460121FFF74DFF01462078C0F3060004EB400010F8412F61F3C7020270708D
:20038000BD2DE9F04107466A4888460068801EC5B238468BF784FEB0F9160006123846FF39
:2003A000F713FF04006DD04F2D00D9002562482178405DC1F306012144301A08712078B866
:2003C000F1000FC0F30600204480F8226020D03846FFF791FF01462078C0F3060004EB404B
:2003E0000010F8412F61F3020202703846FFF79FFF01462078C0F30301F401E0B810000670
:200400000004EB400010F8402F61F30202027000213846FFF75DFF21E001213846FFF735AF
:20042000FF01462078C0F3060004EB400010F8412F61F30202027000213846FFF726FF01F9
:20044000462078C0F3060004EB400010F8402F61F30202027000213846FFF7D7FE014620C4
:2004600078C0F3060004EB400010F8402F61F3C70202702078C0F30601491C1E22B1FBF281
:20048000F302FB131161F306002070BDE8F0812DE9F0470D468246FFF79BFE040060D00815
:2004A0002D57D1B722FF21B9200CF775F95FEA00094FD020780023C0F306019D2089F80A76
:2004C00000608809F10802A9F80B0001259C464FF01E08D01867185B1C3E79467197F8221A
:2004E0006080F8236004EB4100491C10F8406F0301F401D0B91000DBB2C6F3020702EB0C7B
:20050000060CF1020C86F8417007780CF0FF0CFF0886F87D704678C6F30207561986F841F5
:20052000704078C00886F87D00B1FBF8F008FB1011AD1CEDB209E064BD2100F73B2000AC87
:200540008B3100A086310004FE20002078C0F306008842C2D148460CF71EF89AF81600BDAC
:20056000E8F047C0F3C30021E6BDE8F087000070B5824A804B00241178012809D01C7001CB
:200580002913D11470BDE87040002108463DF75ABB7B4D022028700120187021B910700038
:2005A0002108463DF74FFB7648047070BD4FF446120146D2F804036F4B00F00F0019707189
:2005C00049097819B9D2F8040340F0004000213DF722BD684A10F0FF00107006D06B484F01
:2005E000F00042008842EA0301F401C0BA1000002003E06848006800F00F003DF710BD1067
:20060000B5604C012809D0207800280ED05C49002020700870BDE81040CCE70120FFF7DD70
:20062000FF2078002801D10120207010BD2DE9F041804659485649002480680C70012500B0
:200640007C0F2803D0062801D0012800D10D7040462BF7C7F94C4E514FB8F1010F11D03D25
:20066000F79FFF012815D034703C704D4800687FF798FA4C4804604C480178414861B104DE
:20068000700BE04A4800687FF78CFA022030703870F1E735703D70E8E705704046BDE8F016
:2006A000410021ACE770B542484AF21F01C0F880124FF01F01C0F884123F4B45F621721AD1
:2006C000603E4C4AF21921C4F8A4113C4D4FF057013C4E29704FF00305357044F6191503AF
:2006E00001F401B0BB100005604CF60D15856240F22E35C0F89452354E48F2020535603419
:200700004E44F21B55356006F104064CF611153560314E4CF61105356006F1040644F21A95
:2007200075356006F104064CF60C0535602B4E44F61B2535601A60294A1160294A4FF0022C
:200740000111604FF00001E1674FF446124FF07E41C2F89813244A4FF0AA01116002F104E1
:20076000024FF0CA011160214A2049116002F104024FF0C65111601F4A1E49116040F23450
:2007800051C0F8881270BD802D200038092000742D2000390920006CBD2100EE512000048B
:2007A000833100CC6A20006A2D20005C09200044066000304C200064092000C400410034E7
:2007C0000741001C0164002E09200031092000C0044100CC0441000301F401A0BC1000DC48
:2007E000044100F8054100D4066000E80660003C86310040C07DC0D48931008A82B002C0B2
:200800008B310010B55C4C5C4A012807D0022804D14878012801D11068206010BD487801C9
:2008200028FBD120681060206820F4005040F48040206032205AF79EFE206840F400502001
:2008400060BDE8104032205AF795BE2DE9F0474B4A4C4B484C1278484F02EB820203EBC2FE
:20086000023C3C557D484A434EDFF820814FF44813012822D002281ED1487801281BD17872
:2008800068D86510882060D8F80000316820F4007021F4005140F4807441F48045C8F80066
:2008A00040356032205AF766FE24F4807025F48041C8F800003160BDE8F08748780128FA2A
:2008C000D1D86D9946786020681080306820F40301F40190BD1000C040306020202060D809
:2008E000F800004FF6FF41084040F48070C8F8000032205AF743FE274805604FF00A005AF4
:20090000F73DFED8F8000080B240F44070C8F8000021252560306840F4C040306096205AC8
:20092000F72DFE002020604FF40071C9F85C102560BDE8F04732205AF721BE174801694127
:20094000F0010101614FF0000101604FF096005AF715BE1148016941F0010101614FF00111
:200960000101604FF032005AF709BE0B48016921F0010101614FF00001016070470000FC06
:2009800004410010BF2100E02C20008C1220004C122000E807410004016000600165003827
:2009A000B50125714C042861D1724870492C220160724970480860714972489CF7E4FB70EE
:2009C000487149816171490301F40180BE10000860F8F60BF888B16F4B6A460421DC20F71E
:2009E000F6C6FF9DF800006C496D2802D0752802D003E0022000E003200870FFF763FE68DD
:200A00004867491C2201606749016367490920087067486749057048204870002166485ABD
:200A2000F742F965480078C0070BD000231A461946012060F7EFFA00231A461946184660DA
:200A4000F7E9FA5E48102101605E49082008605E495D4808605F495D4808605F495E48088E
:200A60006060495E48086060495F480860E07840F00800E0705E49086820F40410086060C0
:200A80007820F0400060705A4805705A480570002038BD59485A4A00215AF705B970B55988
:200AA000495848086000F052FCAFF20310574908604FF4CA0005210164D0F8001241F00345
:200AC00001F40170BF10008041C0F80012534951480124486053495148086052494620486E
:200AE0007052495A20087051495820087051485149047002200870504804705048047050C6
:200B0000480460FFF76BF83B484FF42872016841F48051016000214B485AF7C9F84B4955F1
:200B20002008604A48072100250170417004218170C170484947481822086047481021A0C3
:200B4000F80110D421C171454829460470454804704548057045485AF7AAF80C22002143E0
:200B6000485AF7A5F84348434905600F200870424804704248047070BD0000A0772000B507
:200B8000C310002C3C200033C110001C512000F0720C0064C621009D14100010442000007B
:200BA00010650018BF21001D0A100004F92000FD601000C13C20000301F40160C01000C2FF
:200BC0003C20000444200088C12100B4242000CC262000D026200059581000783B200093A0
:200BE0005A10007C3B2000175B1000803B2000DB5B1000843B20001F5C1000883B2000D4F0
:200C000044200003472000BD3D20000CC121008405000090C62100AC062000E8572000DDF0
:200C2000C71000845420001DC81000B8542000604420002F4420006DB92100C0442000C240
:200C4000442000C8512000B83B200060282000A4C12100640436008C5020009670B002184C
:200C600024200028242000223C2000233C20002DBA210044C421007CC1210068BD2100648E
:200C8000BD2100443A2000814520000C20507170472DE9F0410746002008609B480C469865
:200CA000461646414600F18005052B72D009DC0301F40150C1100001290FD00229F9D00324
:200CC000291DD0B8F1040F68D13DE0062954D0082959D0B8F13F0FF6D168E0062E0BD01C0E
:200CE0002E05D0292EEFD1816E2160C06E97E0016F2160406F93E0A86B2060E86B8FE066F7
:200D00002E1DD00CDC622E1AD004DC032E10D0612E43D114E0642E12D0652E3ED10FE06762
:200D20002E0DD0692E0BD06A2E09D06B2E35D106E00120F7F731FD2868206068686FE08153
:200D40006F2160C06F6BE0012E06D0022E08D0052E0ED00C2E21D107E00168216040685E08
:200D6000E0816D2160C06D5AE0016E2160406E56E0A86D2060E86D52E0072EE0D0082EDED4
:200D8000D0092E0AD1DBE7102E08D0122E0AD0262E03D1016D2160406D41E076E028692093
:200DA0006068693CE0A8690301F40140C210002060E86938E040F21D12A6F21D1196423BA7
:200DC000D018DCE92E71D008DC0A2E6FD00C2E6DD04C2E6BD0572E5CD17DE0FF2E34D0A68A
:200DE000F58071153907F1090217D0032920D006294FD12DE0C02974D008DC012920D08BA7
:200E00002955D0922971D0A5297FD154E0E4295ED0E92954D0F32978D16BE0D1782029740F
:200E2000D281682160C0686060206890B3BDE8F081016921604069F6E781692160C069F2B6
:200E4000E7016A2160406AEEE7816A2160C06AEAE7D178314A0423303271B10D4631290BB2
:200E6000D0502911D0512915D0612915D0D523022916D0052D14D014E04525D5803129014D
:200E8000D1082104E093800CE0F221D1800721918007E03AE0D92101E040F20111D1800364
:200EA00001F40130C31000F1E7D380016B2160406BBDE726E029E0816B2160C06BB7E7018C
:200EC0006C2160406CB3E717490968090221D5816C2160C06CABE7286C2060686CA7E7A8C3
:200EE0006C2060E86CA3E700E003E0A86A2060E86A9DE7286A2060686A99E7286B2060681E
:200F00006B95E7A8682060E86891E7286D2060686D8DE74346324621463846BDE8F0411761
:200F2000F7C0BC1CBF2100984320002DE9F0410646012928D1F00426D51A487AF7A3FA042E
:200F400046194F194D1BE00EF7BDFD164915487AF73DFA38880B2804D005EB8000006820A0
:200F6000B107E01048F4F743FD09E0104930205AF785FF388805EB800001680A48884764D1
:200F80001EE1D226F480563046BDE8F08110B5044629B1012903D00301F40120C41000022F
:200FA0002901D122F780F8204610BD200E2100780E2100BC6B0C0000C02100002070470091
:200FC0002070472DE9F05F0446D1480D464FF0060800784FF00509CE49DFF840A30978DAE1
:200FE000F800204618CC48CD490778086882420FD98B460021F8F640FF0644DAF80010DB90
:20100000F80000761C081A0021F8F636FF074405E00021F8F631FF064406F10106C1484FD1
:20102000F0010B0068400302D52878022824D0287802283DD3FEF6B1FA02281DD028780242
:201040002836D3B848611C4FF00001006827D0F8F613FF00EB060A8046A2450AD2B34801C3
:201060008801EB080030443844A04208D92878032805D385F800B020E085F800B01BE0AB9E
:201080004800210068F8F6F8FE8146287803280301F40110C5100003D30AEB0700241A0B10
:2010A000E0A4EB0A0408E0F8F6EBFE8046A24800210068F8F6E5FE8146287801280BD1601E
:2010C0001C09D009EB060009F10108A04202D30020BDE8F09F241A2878022801D301210015
:2010E000E000214B46424620469CF762FA0120EFE72DE9F14F74F787F9132074F74FF95A09
:20110000F790FA0646F8F63BFA040011D06FF00045AC420AD05AF785FA31465AF786FA4036
:201120001C241A85480068844202DB8448006810B174F777F927E082488FF7F9FF0028F73F
:20114000D0AC4205D020460021F8F69AFE044601E04FF0FF34132074F7FAF85AF762FA0510
:201160004669462046FFF731FF40B17648406840070CD52220A4F731FA8047C8E074F7513C
:20118000F9132074F724F90301F40100C610000020BDE8F88F21469DF80000F8F6F5F800A9
:2011A0002600287ED09DF800008FF7F3FC9DF80000DFF8A091042807D1D9F8041021F000F2
:2011C0004141F08051C9F804108FF705FDDFF864A1614CDAF80000C00704D0206810B142EE
:2011E00068032190474E489DF800100078032902D34D49097808445849096808445749086F
:201200003909680F185AF711FA29465AF712FA9DF80010401C032901D3444A00E0444A13C5
:2012200068834200D210604FF44815286DC00705D0A86A000713D4E86AB84210D208468F63
:20124000F7FAFC9DF800008FF7B7FC9DF80000F8F680F89CF7A8F9132074F7BDF86CE79C62
:20126000F700F8D5F8C000800402D43B480C3806603B484FF0010880F800809DF800000310
:2012800001F401F0C61000042805D1D9F8042042F00042C9F80420DAF800105746C90706ED
:2012A000D0216821B1D5F8C02000E02FE08A622E490A78002AFCD18FF7C2FC9DF800008F23
:2012C000F77FFC2A4D85F800809DF800007EF78BFC2E70132074F783F874F7ABF89DF8003D
:2012E00000F8F63BF83868C00719D02068B8B182680321904720684FF0EF31816242680330
:20130000219047206803218268904708E09CF74FF9132074F764F874F78CF88DF800609D3A
:20132000F8000039E70000BD262000FCBF2100BE262000CC262000D02620005824200044AA
:20134000242000EC262000482420002424200060242000B4652000184D2100000420002478
:2013600027200028043200BF262000BC262000A72720000E4A10B50301F401E0C710000105
:20138000211170002809D02FF7EAFB012801D1ABF7E6FBBDE810402FF7E0BF10BD0649103B
:2013A000B5012008702FF7DBFB012803D1BDE81040ABF7D5BB10BDFDBF210010B530F7EC3D
:2013C000F82FF7CDFB012804D1ABF7DFFB2A490020087010BD2948002100682FF777BA1074
:2013E000B5052809D24FF00003BDE810401A464FF00B01C0B22EF79ABA08D120F711FE1F45
:201400004801210068BDE8104059F710BE072816D009282ED11B481B490078800708D01AEA
:2014200048C2790868824211D1194AD27892060DD4002008601748BDE8104059F780BC0E77
:2014400048002100682FF742FA1348F4E7401C0860124801680F4859F7E9FD10480078C07F
:201460000603D531F773FE31F74FFCBDE810400301F401D0C8100031F7B8BD10BD0000FD85
:20148000BF21008054200080B5210079B52100C8B72100D24E200018562000F4B72100CCCD
:2014A000B72100E855200076B5210010B50949094C02200870206859F746FC074800682FA5
:2014C000F7E9F920680021816200F82C1F417010BD0000E154200080B521008054200070D7
:2014E000B5A8F775F80546A8F775F80446002625B12846F4F620FC0548066024B12046F438
:20150000F61AFC03480660BDE87040A8F766B8105220001452200070B504460D46164628AE
:20152000F72FF947F6FC739C4201D3002070BD324629462046BDE870402FF7DDB810B504BB
:201540004628F71EF92046BDE810402FF74CB98D4910B5086840F0600008600021082074C9
:20156000F767FA20B989480301F401C0C91000016841F030010160012010BD86490A686F0D
:20158000F30F0241F89029052818D2DFE800F015150315150001F17C01086C40F601424094
:2015A000EA02000864486948F6880240EA020048614FF0BB30086001E07848C86700207093
:2015C00047002110B561F30F2040F00300044674F735F90121204661F30F2020F0010074B5
:2015E000F72DF9002010BD10B5044682F781F8002816D00321082074F71FFA684900200829
:20160000704FF44811C86F40F00120C867C86F20F00620C8675E49086820F060000860205C
:201620004610BD10B582F764F850B95848016841F0600101604FF44810C16F21F00121C139
:201640006759F750FF0446F4F6BBF848B10421082074F7F2F94E48001D016841F020010390
:2016600001F401B0CA100001604F49012008702046BDE8104059F73EBF10B5F4F6A5F85014
:20168000B14548016841F0600101604FF44810C16F21F00121C167F4F697F83E4C241D80C6
:2016A000B14248007800280BD13F480078002807D00421082074F7C4F9206840F020002008
:2016C0006010BD3A480078C006FAD4206820F02000F5E72DE9F041354C364D364F78B15969
:2016E000F705FF06462078012240F002002070002128788FF76EFCF878C0F340010AE059CE
:20170000F7F5FE0646207820F002002070F87840F34001491C28788FF738FC3046BDE8F0AB
:201720004159F7E8BE38B50446ABF7F7F92348C4F80001F3F610FC024604F1B4000090010A
:201740002304F588710020A6F731FC1C48F8F602F91B481B49002503018801A0CB1000C089
:20176000E901150121F8F6F5F81A481849416019498160F8F6F7F884F8A551102084F8A625
:20178000014FF4167215492046F3F6CCFE0A48057013480560BDE8384081F74CBF00001CC3
:2017A0000436000C15320090003200BBB9BBB9D0432000FDBF2100FA2A2000F92A20004C0F
:2017C00024200095F508003877200043EB080077ED0800E828210089EA08008F090000E09E
:2017E00043200006010444BF100003032542434D343336344233205472696E6964616420B6
:201800004F6C796D7069632047454E20284D464729001603026D0014010FC0C62D0000C285
:20182000010059013C000500000D01070100090300010017030412000C00050315001B284D
:2018400050FFFF3F0005031F64AEBA0A0500FFFFFFB903050F010000003800008007001953
:201860000000000004050B06040603200300000202020205080000060105010000030108F0
:20188000984320000010A000090104020F000022030201000B0104B80B000002030BFB0078
:2018A0000801FB0008010F0F0F11030440010000F001280400000020153200FFFFFAFFD941
:2018C000033EFE2815320000007FFE341028029001640071000000D3000000F0012801001C
:2018E000000020153200FFFFFAFFDD033EFE900164007100000010000000900064003E00C6
:2019000000000C000000F001280200000020153200FFFFFAFFD9033EFE90016400710000C4
:2019200000D3000000900064003E0000003E000000F001A001030000001015320000000078
:2019400000F0F0F0001415320000000000F0F0F0001815320000000000F0F0F0001C1532FA
:2019600000000000004C4C000020153200FFFFFAFFDD033EFE2415320000000000000000EA
:20198000002815320000007FFE341028023415320000000000F00000003815320000000003
:2019A00000000000005015320000000000CA0600006C0164000E0000000C000000900164E0
:2019C000007100000010000000900064003E0000000C000000F001340900000020153200B3
:2019E000FFFFFAFF010106002815320000007FFE341020006C0164000E0000000E000000AB
:201A00009001640071000000D3000000F001280700000020153200FFFFFAFF05010606906D
:201A20000164007100000010000000900064003E0000000C000000F001280800000020152C
:201A40003200FFFFFAFF010106009001640071000000D3000000900064003E0000003E00AC
:201A600000000301089C4320000D0000000301820108342000018001070005090D11151988
:201A80001D0005090D1115191D00000000000000000005090D111111110005090D11111105
:201AA00011090501FDF9F5F1ED0602FEFAF6F2EEEA09090909090909090703FFFBF7F3F354
:201AC000F30703FFFBF7F3F3F300000000000000000000000000000000000000000000003F
:201AE0000000000000000000000000000000000000A5A10301820108352000018001070033
:201B000005090D1115191D0005090D1115191D00000000000000000005090D111111110078
:201B200005090D111111110B0602FEFAF6F2EE0702FEFAF6F2EEEA0B0B0B0B0B0B0B0B0745
:201B400003FFFBF7F3F3F30703FFFBF7F3F3F30000000000000000000000000000000000E4
:201B60000000000000000000000000000000000000000000000000A5A103010E7C38200039
:201B80000900081018283840484E030105B24B200000030105B34B2000000107A4020206D3
:201BA0000A233C5A6E7D060000006000059C02FFA002FFA402FFA802FFAC02FF0000600073
:201BC00005C802FFCC02FFD002FFD402FFD802FF00006000058803FF8C03FF9003FF940345
:201BE000FF9803FF00006000059C03FFA003FFA403FFA803FFAC03FF00006000058003FFC2
:201C00008403FFA006FFB402FF3807FF0000600003A406FFE806FF9806FF42424242423D89
:201C20003D3D3D3D43422121014342212101A7E81805FA6502CC4B4B4B4B4B484848484868
:201C400043422121014342212101A7E81F04FA6602CC5A5A5A5A5A535353535343422121EC
:201C6000014342212101A7E81F04FA6602CC68686868686161616161434221210143422160
:201C80002101A5E81F04FA6602CC76767676766C6C6C6C6C43422121014342212101A5E8BD
:201CA0001F05FA6702CC8989898989737373737343422121014342212101A5E81F05FA6743
:201CC00002CC0301B00CDA2D2000054442454441403F3F3F4F4C4F4E4C4B4A4A4A5B595B41
:201CE0005B59575555566B696A696A676567677975777577737375758A88888686848484DB
:201D0000855B595B5B59575555564B484C4A47464444445A565A5855545252536864686606
:201D200064636262637C787C7A78767474768D898B8B8987858587A29FA1A1A19D9B9B9F1C
:201D40006864686664636262634442454441403F3F3F4F4C4F4E4C4B4A4A4A5B595B5B593E
:201D6000575555566B696A696A676567677975777577737375758A88888686848484855B2E
:201D8000595B5B59575555564442454441403F3F3F4F4C4F4E4C4B4A4A4A5B595B5B595770
:201DA0005555566B696A696A676567677975777577737375758A88888686848484855B59EC
:201DC0005B5B59575555564442454441403F3F3F4F4C4F4E4C4B4A4A4A5B595B5B59575534
:201DE00055566B696A696A676567677975777577737375758A88888686848484855B595BA6
:201E00005B5957555556A53737373532333333333F3F3F3E3B3D3D3D3C484A48484649461A
:201E20004646595B59575557575756696A68686668686868797A77777477777776484A484F
:201E40004846494646464D4B4A4A4A4A4A48485E5E5E5E5B5B5B5B5E6F6F6F6F6E6E6E6E89
:201E60006E858582827E827E82828D918D8D8D8D8D8D8DA1A2A1A19DA0A0A09E6F6F6F6F0F
:201E80006E6E6E6E6E3737373532333333333F3F3F3E3B3D3D3D3C484A4848464946464698
:201EA000595B59575557575756696A68686668686868797A77777477777776484A484846CD
:201EC000494646464442454441403F3F3F4F4C4F4E4C4B4A4A4A5B595B5B59575555566B68
:201EE000696A696A676567677975777577737375758A88888686848484855B595B5B5957B0
:201F00005555564442454441403F3F3F4F4C4F4E4C4B4A4A4A5B595B5B59575555566B69D9
:201F20006A696A676567677975777577737375758A8888868684848485888888888888883A
:201F40008888A11F1F1F1F1F1F1F1F1F303333333333333333424243434646464444645CCD
:201F6000645D60605D60607E7E7E7E7E7E7E7E7EA19F9FA4A6A6A6AAB042424343464646AA
:201F800044441D1E1F1F1F1F201E202C2C2C2C2C2C2C312E3E4040434343434543575858B8
:201FA0005B5B5B5B5D5D6D6D6D6D6D6D6D7272868B8D9390909593933E4040434343434501
:201FC000432322212121212122222627262626262728293634323232333436384747454546
:201FE000454749494D585454545558585C5D68606060606468686A36343232323334363809
:202000004442454441403F3F3F4F4C4F4E4C4B4A4A4A5B595B5B59575555566B696A696A9B
:20202000676567677975777577737375758A88888686848484854444444444444444444486
:2020400042454441403F3F3F4F4C4F4E4C4B4A4A4A5B595B5B59575555566B696A696A6738
:202060006567677975777577737375758A8888868684848485888888888888888888A45495
:202080004F504D5049464543605B5C595D5752514E78737471756F6A69659893928F928C82
:2020A000878682B2ADABA8A89D989996CDC8C6C3C3B5B0B1AE78737471756F6A69654442BC
:2020C0004041433F3C3B3A504C514C4D47484749625E5E5C5F5458515467616360655455E4
:2020E000484B726E6C6B6E66605B5F88848181837C777478625E5E5C5F545851545853540F
:2021000051544D4A4A44625D5E5B5F5954514E78737471756F6A676399949491928C87886B
:2021200085AFAAA9A6A59D989996CAC0C4C1C2B6B1B2AF78737471756F6A676344424544D9
:2021400041403F3F3F4F4C4F4E4C4B4A4A4A5B595B5B59575555566B696A696A67656767CF
:202160007975777577737375758A88888686848484854444444444444444444442454441D3
:20218000403F3F3F4F4C4F4E4C4B4A4A4A5B595B5B59575555566B696A696A676567677957
:2021A00075777577737375758A8888868684848485888888888888888888A21F1F1F1F1FBB
:2021C0001F1F1F1F303333333333333333424243434646464444645C645D60605D60607E7B
:2021E0007E7E7E7E7E7E7E7EA19F9FA4A6A6A6AAB04242434346464644441D1E1F1F1F1F05
:20220000201E202C2C2C2C2C2C2C312E3E40404343434345435758585B5B5B5B5D5D6D6D74
:202220006D6D6D6D6D7272868B8D9390909593933E40404343434345432322212121212151
:20224000222226272626262627282936343232323334363847474545454749494D58545485
:20226000545558585C5D68606060606468686A3634323232333436384442454441403F3FE3
:202280003F4F4C4F4E4C4B4A4A4A5B595B5B59575555566B696A696A6765676779757775B3
:2022A00077737375758A88888686848484854444444444444444444442454441403F3F3F6F
:2022C0004F4C4F4E4C4B4A4A4A5B595B5B59575555566B696A696A6765676779757775773B
:2022E000737375758A88888686848484858888888888888888880301C002B9BA2100A53759
:2023000037373532333333333F3F3F3E3B3D3D3D3C484A48484649464646595B5957555760
:20232000575756696A68686668686868797A77777477777776484A484846494646464D4BA5
:202340004A4A4A4A4A48485E5E5E5E5B5B5B5B5E6F6F6F6F6E6E6E6E6E858582827E827ECB
:2023600082828D918D8D8D8D8D8D8DA1A2A1A19DA0A0A09E6F6F6F6F6E6E6E6E6E37373739
:202380003532333333333F3F3F3E3B3D3D3D3C484A48484649464646595B595755575757A0
:2023A00056696A68686668686868797A77777477777776484A48484649464646444245445C
:2023C00041403F3F3F4F4C4F4E4C4B4A4A4A5B595B5B59575555566B696A696A676567674D
:2023E0007975777577737375758A88888686848484855B595B5B595755555644424544419B
:20240000403F3F3F4F4C4F4E4C4B4A4A4A5B595B5B59575555566B696A696A6765676779D4
:2024200075777577737375758A88888686848484858888888888888888880301C002F5BBFF
:202440002100A5323232322D303030323C3C3A3A3A3A3A3A3C49494646444646464B5757C2
:2024600057574F52525757696663636363636366777770706D6F6D71774949464644464699
:20248000464B4C4C47474447474A4C57575555555555555773736C6C6A6C6C7173818481B0
:2024A0008178817B818490908C909090909090AAAA9E9E969E9E9FAA73736C6C6A6C6C71FA
:2024C00073323232322D303030323C3C3A3A3A3A3A3A3C49494646444646464B57575757E7
:2024E0004F5252545765666363636363636673747373696D6D737049494646444646464B49
:202500004442454441403F3F3F4F4C4F4E4C4B4A4A4A5B595B5B59575555566B696A696A96
:20252000676567677975777577737375758A88888686848484855B595B5B595755555644CB
:2025400042454441403F3F3F4F4C4F4E4C4B4A4A4A5B595B5B59575555566B696A696A6733
:202560006567677975777577737375758A8888868684848485888888888888888888000781
:2025800004030000000201E40700003200700F000060080000AC003200FFFFFF0100002F22
:2025A0000008023200FFFFFFFF2A00000050034100FFFF00001005000054034100FFFF007C
:2025C00000090900005C034100FFFF00000908000060034100FFFF00000F0700006C0341D2
:2025E00000FFFF00000E09000074034100FFFF00000509000078034100FFFF0000100A002E
:20260000001C064100FFFF00003C40000020064100FFFF00000040000024064100FFFF00CF
:20262000000040000028064100FFFF0000804300002C064100FFFF00003C40000044066093
:2026400000FF0000000000000048026400FFFFFFFF00000000680032000006000000000031
:20266000006C0032000006060600000000E40032000600000000000000B8004100FFFF0097
:2026800000C5E2000040014100FFFF00001005000044014100FFFF000009090000480141DE
:2026A00000FFFF00002E0300004C014100FFFF00000908000050014100FFFF00000F0700A8
:2026C000005C014100FFFF00000E09000060014100FFFF00000509000064014100FFFF00F5
:2026E00000100A000040034100FFFF00000A0500008C034100FFFFFFFFF76C0000E40341D8
:202700000004000000040000002C044100FFFF0000CC000000D8044100FFFF0000338400A4
:2027200000F005410000FF0000002100003C064100FFFF0000E8880000E0064100000F001C
:202740000000000000E40641003F00000027000000E4074100FFFF00006D6D0000F00741AC
:20276000003F00000039000000F40741003F000000390000000800600004000000040000BD
:202780000064016000FF0000000800000068016000FF000000080000006C016000FF0000D1
:2027A000000800000070016000FF0000000800000074016000FF0000000800000078016084
:2027C00000FF000000080000007C016000FF0000000800000084016000FF00000008000022
:2027E0000088016000FF000000080000008C016000FF0000000800000090016000FF000005
:20280000000800000098016000FF0000000800000088026000FF0000000B0000008C0260CE
:2028200000FF000000FF0000007C036000FF000000ED00000050066000FF0000006C0000AE
:20284000005C0660000F0000000000000000006400040000000400000070006400FF000068
:202860000008000000D8006400FF0000001700000008016400FF0000001F0000000C016402
:2028800000FF0000000C00000010016400FF0000001F00000014016400FF0000000C000016
:2028A000009C016400FFFFFFFF01000000AC016400FF000000A30000004C026400FF0000B6
:2028C000000700000050026400FF0000000000000054026400FF00000000000000580264C5
:2028E00000FF0000001800000094026400371F0000100E000098026400FFFFFF031F02CE66
:2029000001A4026400FFFF0000FF3600009C026400FF0100004F000000A0026400FF07001C
:20292000004A040000AC026400FFFF0000E4BD0000B0026400FF0000003A0000008407417D
:2029400000FFFF00006506000070014100FFFF0000EB17000080034100FFFF0000EB13009C
:202960000084034100FFFF0000079600000301D201FE482000031D1800F6FF130037005AE6
:20298000007B009400B400D300F200110131014F0170018F01AD01CB01EA0105021F023E4F
:2029A000025702750293020000100010002F004C006B008900A700CB00ED000F0130014E33
:2029C000016D018D01AD01C901EA0108021F023D025B0279029702010000000000FFFF00BD
:2029E0000B000D020D010E0008010500020001FFFFFFFFFFFFFFFFFEFF0000FFFF0000FF9E
:202A0000FFFFFFFFFFFFFFCF00CECE0000F8FBF8CECECE0E00FDFEFCCECECE2B00FBFBF974
:202A2000CECECE3F00FAF8F8CECECE4E00FEFCFCCECECE00000000000000000000000000EB
:202A40000000000301C401EC0A2000FBF8BFBFEEE00B0BFCF8BFBFF2E00B0BFCF99B9FF2C7
:202A6000E00B0BFCFA898FF2E00B0BFCFB8087F2E00B0B78FC8087E0E0090938FD8087E01B
:202A8000E0080839FD8083E4E4080819FD8081646408081AFD8080686808081B7D80806C4B
:202AA0006C08081C3D8080707008080C1D808030740808040D8080103408080505808014F1
:202AC00014080806068080181808083A3A4040E8E804041A3B404068EC04040A0A404028CD
:202AE0002804040B0B40402C2C0404010C404004300404020D404008340404030E40400C77
:202B0000380404030E40400C380404030164AC0B2000F83FE003F83FE003F83FE003F93FD3
:202B2000E403FA3FE803FB3FEC03FA1BE803FA09E803FA00E8037A00E8017B00EC017C0047
:202B4000F0017D00F4013A40E8043B40EC043C40F0043D40F4041D4074040D40340444407E
:202B60001005454014054640180506401804064018040301C4010C0C2000404080800000BA
:202B8000090948488080040409095050808000000A0A5151808020200A0A90908080242467
:202BA0000A0A919180800000000092928080040400009393808008080000949480800C0C3D
:202BC00000009595808010100000D4D4808014140000D5D5808018180000DDDD80801C1C0F
:202BE0000000DEDE80803C3C0000E6E680805C5C0000EEEE808050500202959500005454CB
:202C00000202A4A4000058580202A5A5000078780202E4E400007C7C0202E5E500009C9CB0
:202C20000202E6E60000FCFC0303E7E70000B8B80303E7E70000B8B80303030164CC0C20DE
:202C4000008000000A8000000A8000000A8000000A8000000A8100040A8900240A900040AC
:202C60000A9800600A9200480A93004C0A9400500A9500540A9600580A97005C0AA6009867
:202C80000AAE00B80AB600D80ABE00F80ABF00FC0ABF00FC0ABF00FC0ABF00FC0ABF00FC93
:202CA0000A03013A2C0D20000C00001C00003C00000500000D00001D00000E00001E0000B4
:202CC0000F00001F00003F00007F0000FF0000FF0000FF0000FF0000FF0000FF000003010A
:202CE00005340920000103010533092000080407980104321F00001C00001A0200170100BB
:202D00001530001311001102000F10000E12000D03000B11000A0200090200083000070175
:202D20000007140006220005000005040005070005870004070004770003250003090003ED
:202D40002B00036C0003FB0002390002A900028C0002AE00012200013500012800016900CB
:202D6000012D0001CC0001DE0001FF00015F0101AF0101FF01016D02019D0201CD0201CFB6
:202D800002011C03010F03012F030407980102321F00001C00001A0200170100153000132C
:202DA00011001102000F10000E12000D03000B11000A020009020008300007010007140012
:202DC000062200050000050400050700058700040700047700032500030900032B00036CCE
:202DE0000003FB0002390002A900028C0002AE00012200013500012800016900012D000196
:202E0000CC0001DE0001FF00015F0101AF0101FF01016D02019D0201CD0201CF02011C0322
:202E2000010F03012F0303072A0000000001000000140A00040000000000000A00FE0BE4FE
:202E4000FE1C01E4FE1C010A00FE0BF1FF0F00F1FF0F00030106D04820000000030105CC30
:202E60004820000003010AAFBA2100EEEEEEEAE8EF03010589BA2100F6030105CD48200026
:202E8000FF030105164A200000030105174A200000030105184A200001030105194A200008
:202EA0000103010574BA210001030134004B20001258FFFF164006400E4016401E402640A9
:202EC0002E4036403E40FFFFFFFFFFFFFFFFFFFFFFFFFFFFFFFFFFFF020001001AE01A602B
:202EE0000301C401404A20001058115812581358145815581658175802580A5812581A586B
:202F000022582A5832583A585258126012681218FFFFFFFFFFFFFFFF125892581259925937
:202F2000125A925A125B925B125C925C125D925D124812501258124012D8FFFFFFFFFFFFC9
:202F4000FFFFFFFFFFFFFFFFFFFFFFFFFFFFFFFFFFFFFFFFFFFFFFFFFFFFFFFFFFFFFFFF91
:202F6000FFFFFFFFFFFFFFFFFFFFFFFFFFFFFFFFFFFFFFFFFFFFFFFFFFFFFFFFFFFFFFFF71
:202F8000FFFFFFFFFFFFFFFFFFFFFFFFFFFFFFFFFFFFFFFFFFFFFFFFFFFFFFFFFFFFFFFF51
:202FA000FFFFFFFFFFFFFFFF03011C304B2000E2DFDCD9D6D3D0CECCCAC8C6C4C2C0BEBCBD
:202FC000BAB8B6B4B29C9703010AEA48200000000000000003010ADE48200000000000007C
:202FE00000030113CC492000CE00CE00CE00CE00CE00CE00CE00CE03010C9CBA2100CECEF2
:20300000CECECECECECE03010CA4BA2100CECECECECECECECE030114E84321000000000079
:20302000000000000000000000000000030114F8432100000000000000000000000000001C
:20304000000000030114DC492000D3FFD4FFD4FFD2FFD2FFD2FFD2FFD2FF03010CF6482018
:2030600000000E182B3F4EFFFF030105CE48200001030105004A2000CE030105014A20007F
:20308000FF030105054A2000F1030105064A2000B5030105044A20000A030105114A200095
:2030A00003030105104A200002030105154A200001030106CE4420000000030105AEBA2131
:2030C0000005030109494C20000000000000030109584C200000000000000F032802781490
:2030E0007F5A001402141E000203001EAA331905CF00800A9200000000070000A2000000FD
:203100000000000000030110A08220001E2E8024010000000C000000030105804C20000166
:20312000030164A84C200076665D534A443E39645A5049443E39358A776C615750494375C5
:20314000695D564F48433E9F897D70655D554E87796C635C544E48B0988A7C70675E57953D
:2031600086786E665D5750C5AA9B8B7E746A62A796867B7369625ACDB1A29183796F66AF1F
:203180009D8C81786E665E030164884D200076665D534A443E39645A5049443E39358A77A5
:2031A0006C615750494375695D564F48433E9F897D70655D554E87796C635C544E48B0988F
:2031C0008A7C70675E579586786E665D5750C5AA9B8B7E746A62A796867B7369625ACDB14B
:2031E000A29183796F66AF9D8C81786E665E030164084D200076665D534A443E39645A504C
:2032000049443E39358A776C615750494375695D564F48433E9F897D70655D554E87796CE5
:20322000635C544E48B0988A7C70675E579586786E665D5750C5AA9B8B7E746A62A796868A
:203240007B7369625ACDB1A29183796F66AF9D8C81786E665E030164E84D200076665D538D
:203260004A443E39645A5049443E39358A776C615750494375695D564F48433E9F897D7043
:20328000655D554E87796C635C544E48B0988A7C70675E579586786E665D5750C5AA9B8BDA
:2032A0007E746A62A796867B7369625ACDB1A29183796F66AF9D8C81786E665E0301144895
:2032C0004E200000000000000000000505050505050505030114584E20000000000000007A
:2032E00000000505050505050505030114684D200000000000000000000505050505050596
:2033000005030114784D20000000000000000000050505050505050510010F00188C0500BA
:20332000A7F072BB00000003100010010F01EC810500A8F08DB800000A03100010010F0207
:2033400094800500A8F018BB0000C806100010010F03048B0500A7F005BC000012031000D7
:2033600010010F041C9F0500A6F0B0BC00008008100010010F05C0FE0200D0F02CBA000044
:203380001C03100010010F0688090A0060F0EAB90000600D100010010F0794090A0060F0AF
:2033A000EDB90000720D100010010F08800F06009FF004BF00008C0D100010010F0960098E
:2033C0000600A0F05BBA00001A0E100010010F0A54100100EFF066B9000024031000100135
:2033E0000F0B340D0100F0F0F8B900002811100010010F0C740D0100EFF0DABA00002C0347
:20340000100010010F0DD84C0500ABF02CBB00003403100010010F0E243308007EF062B868
:203420000000EC13100010010F0FB0CF0A0054F04CBC00004C18100010010F10102C060093
:203440009EF06FBE0000F218100010010F11D03006009DF034B900003C03100010010F1265
:20346000004D06009BF020BB00004403100010010F13FC030200DFF0A6BF00004C03100075
:2034800010010F14A84006009CF054B90000540310000601044C23100010010F15C4740A09
:2034A0000058F04ABF00005C03100010010F162C700A0059F09BB900006603100010010F3A
:2034C00017EC3908007EF05DBF0000AA28100010010F18143608007FF07AB900000C2910CB
:2034E0000010010F19403908007CF016BD00007003100010010F1AC4420500ACF058B8005F
:20350000007803100010010F1B68C80400B6F0C4B90000F42B100010010F1C34D20500A573
:20352000F0EABC00000C2C100010010F1DC8D20500A5F0E7BC00009A2C100010010F1EE0A5
:20354000CF0100E3F0CEB900008003100010010F1F6CE0080074F0B2BE0000D42D10001026
:20356000010F20DCD8080075F039BB0000522F100010010F2114D6080072F0B8BE000088E2
:2035800003100010010F22D8DC080072F05ABB00009003100010010F2330700100E9F0B291
:2035A000B900009803100010010F247C6D0100E9F010BB0000A003100010010F25B4F70A28
:2035C0000053F036BE00002434100010010F2694C4060097F012B80000BC34100010010F37
:2035E000276424080082F075BB0000524B100010010F28CC2508007DF0ECBE0000A80310B2
:203600000010010F29DC000600A0F068B90000B003100010010F2A38680A0059F0BEBD0053
:2036200000B803100010010F2B848B0300CCF036B90000F44D100010010F2C389B0100EB5B
:20364000F0FAB90000304F100010010F2DCC9C0100EBF0F4B90000B850100010010F2EECA8
:20366000A00100E6F066B90000BC03100010010F2FF49E0100EBF04BBB00008E551000101F
:20368000010F3000A20100EBF0D6BA0000B057100010010F3144D00000F3F0BEB90000C442
:2036A00003100010010F3280BA0000FAF0DDB800003E5C100010010F33B0C10000F4F00C8E
:2036C000B90000CC03100010010F3458470100EBF03CBE0000D403100010010F35D4380140
:2036E00000F3F0F9B90000CA6C100010010F367C350100F3F0D2BC0000246F1000060104C8
:203700000C711000060104AE71100010010F3708DA0000F2F0E8BC0000DC03100010010F14
:203720003890DB0000F2F028BC0000E4031000060104DA78100010010F39D075090071F0B4
:20374000D6BF00008095100010010F3A84970400C0F04CBB0000209E100010010F3B98B608
:203760000400BEF037BD00000AA1100010010F3CFC530A0065F05EB90000BCA61000100144
:203780000F3D849C0400C0F029BD0000DAA6100010010F3EFC7B070093F099B8000032AD04
:2037A000100010010F3F0C8E0A0062F040B8000090AE100010010F4064510A005BF042B9F9
:2037C0000000EC03100010010F416C79070088F042BD0000F403100010010F42580307005B
:2037E00090F050B80000FC03100010010F43645F0500B5F0A3BA0000AEB4100010010F442F
:20380000386E0300C9F0E4BA00000404100010010F45E46E0300D4F00BBE0000FEBA100081
:203820000601044EBF100010010F46484A000007F18FBD00006AC5100010010F4738C9037A
:2038400000C3F066BD00000804100010010F489CC60300C3F0BBBE00001604100010010F33
:20386000494CD10300C3F068B900002004100010010F4AA04A0B0057F04ABF000038C91017
:203880000010010F4B184C0300D7F0AABE000070C9100010010F4C7C4C0300CBF0D4BB005D
:2038A000002804100010010F4D08EB080071F092BC00003004100010010F4EC40D08007FAB
:2038C000F038BB00003804100010010F4F980D08008BF03BBE000012CA100010010F507855
:2038E000ED080071F060BB00003C04100010010F5188EA08007DF0F4BF000074CA1000109E
:20390000010F5244F708007DF0BDB90000C2CA100010010F534C0A0000FFF0FABC000044D1
:2039200004100010010F542CF808000022002100000000000010010F557CF6080070F0E65B
:20394000BE00004C041000FE0000FFFFFFFFFFFFFFFFFFFFFFFFFFFFFFFFFFFFFFFFFFFF61
