+-o Root  <class IORegistryEntry, id 0x100000100, retain 17>
  | {
  |   "IOKitBuildVersion" = "Darwin Kernel Version 21.6.0: Mon Jun 24 00:56:10 PDT 2024; root:xnu-8020.240.18.709.2~1/RELEASE_X86_64"
  |   "OS Build Version" = "21H1320"
  |   "OSKernelCPUSubtype" = 0x3
  |   "OSKernelCPUType" = 0x1000007
  |   "OSPrelinkKextCount" = 0x12
  |   "IORegistryPlanes" = {"IOPower"="IOPower","IOService"="IOService","IO80211Plane"="IO80211Plane","IOUSB"="IOUSB","CoreCapture"="CoreCapture","IOACPIPlane"="IOACPIPlane","IODeviceTree"="IODeviceTree"}
  |   "IOConsoleLocked" = No
  |   "IOConsoleUsers" = ({"kCGSSessionOnConsoleKey"=Yes,"kCGSSessionLoginwindowSafeLogin"=No,"kSCSecuritySessionID"=0x186a3,"kCGSessionLongUserNameKey"="Dr. Maxie Dion Schmidt","kCGSSessionUserIDKey"=0x1f5,"kCGSessionLoginDoneKey"=Yes,"kCGSSessionSystemSafeBoot"=No,"kCGSSessionIDKey"=0x101,"kCGSSessionGroupIDKey"=0x14,"kCGSSessionUserNameKey"="maxieds","kCGSSessionAuditIDKey"=0x186a3})
  |   "IOKitDiagnostics" = {"Instance allocation"=0x7df7c0,"Container allocation"=0x5d4304,"Pageable allocation"=0x72231000,"Classes"={"IONDRVFramebuffer"=0x0,"AppleSNBFBUserClient"=0x0,"IGAccelCommandQueue"=0xf,"IOHIDEventServiceFastPathUserClient"=0x0,"IOKitDiagnosticsClient"=0x0,"IONaturalMemoryCursor"=0x0,"AppleUSBXHCIIsochronousRequestPool"=0x1,"AppleUSBDiagnostics"=0x0,"DspFuncBuzzKill"=0x1,"IOUSBHostHIDDevice"=0x0,"AppleHDAMikeyInternalCS4208"=0x1,"IOEventLink"=0x0,"AppleUSBRequest"=0x1,"IOAudioClientBufferSet"=0x0,"AppleASMedia1042USBX$
  | }
  | 
  +-o MacBookPro12,1  <class IOPlatformExpertDevice, id 0x100000112, registered, matched, active, busy 0 (24993 ms), retain 43>
    | {
    |   "IOInterruptSpecifiers" = (<0900000005000000>)
    |   "IOPolledInterface" = "SMCPolledInterface is not serializable"
    |   "IOPlatformUUID" = "88444709-5893-595B-B063-74E5ABD8A8AF"
    |   "serial-number" = <46564835000000000000000000433137533331384146564835000000000000000000000000000000000000>
    |   "platform-feature" = <0200000000000000>
    |   "IOPlatformSystemSleepPolicy" = <534c505402001300841e120004000000001400000004000006000000000000000f250000000000000000400000004000000010000000100007000000000000000f25000000000000841e120004000000001800000008000005000000000000000f25000000000000841e120004000000081000000800000005000000000000000f250000000000002000000020000000000000000000000005000000000000000f2500000000000008000000080000000000000000000000060000000000000000010000010000000000040000000400000000000000000005000000000000000f2500000000000000000100000001000000000000000000060000000000$
    |   "IOBusyInterest" = "IOCommand is not serializable"
    |   "target-type" = <4d616300>
    |   "IOInterruptControllers" = ("io-apic-0")
    |   "name" = <2f00>
    |   "version" = <312e3000>
    |   "manufacturer" = <4170706c6520496e632e00>
    |   "compatible" = <4d6163426f6f6b50726f31322c3100>
    |   "product-name" = <4d6163426f6f6b50726f31322c3100>
    |   "IOPlatformSerialNumber" = "C17S318AFVH5"
    |   "IOConsoleSecurityInterest" = "IOCommand is not serializable"
    |   "clock-frequency" = <00e1f505>
    |   "model" = <4d6163426f6f6b50726f31322c3100>
    |   "board-id" = <4d61632d4534334331433235443438383041443600>
    |   "system-type" = <02>
    | }
    | 
    +-o AppleACPIPlatformExpert  <class AppleACPIPlatformExpert, id 0x100000113, registered, matched, active, busy 0 (13445 ms), retain 46>
    | | {
    | |   "IOClass" = "AppleACPIPlatformExpert"
    | |   "CFBundleIdentifier" = "com.apple.driver.AppleACPIPlatform"
    | |   "IOProviderClass" = "IOPlatformExpertDevice"
    | |   "IOProbeScore" = 0x2710
    | |   "IONameMatch" = "ACPI"
    | |   "IOMatchedAtBoot" = Yes
    | |   "IOMatchCategory" = "IODefaultMatchCategory"
    | |   "IOPlatformMapperPresent" = Yes
    | |   "IOPlatformMaxBusDelay" = (0xffffffffffffffff,0x0)
    | |   "acpi-mmcfg-seg0" = 0xe0000000
    | |   "IOPolledInterface" = "AppleACPIEventPoller is not serializable"
    | |   "IONameMatched" = "ACPI"
    | |   "IOPersonalityPublisher" = "com.apple.driver.AppleACPIPlatform"
    | |   "Platform Memory Ranges" = (0x0,0xffffffff)
    | |   "CFBundleIdentifierKernel" = "com.apple.driver.AppleACPIPlatform"
    | |   "IOPlatformMaxInterruptDelay" = (0xffffffffffffffff,0x0)
    | |   "Wake Reason" = <0000000000000010000000000000000000000000>
    | |   "ACPI Statistics" = {"GpeLastDispatched"=0x1c,"MethodCount"=0x23d1,"SciCount"=0xdc63b,"GpeCount"=0xdc666,"FixedEventCount"=0x5}
    | | }
    | | 
    | +-o IOSystemStateNotification  <class IOSystemStateNotification, id 0x100000117, registered, matched, active, busy 0 (12 ms), retain 6>
    | |   {
    | |     "com.apple.iokit.pm.sleepdescription" = {"com.apple.iokit.pm.sleepreason"="Idle Sleep","com.apple.iokit.pm.hibernatestate"=<00000000>}
    | |     "com.apple.iokit.pm.powersourcedescription" = {"com.apple.iokit.pm.acattached"=Yes}
    | |   }
    | |   
    | +-o IOPMrootDomain  <class IOPMrootDomain, id 0x100000118, registered, matched, active, busy 0 (223 ms), retain 102>
    | | | {
    | | |   "Wake Reason" = "SPIT"
    | | |   "IOPMSystemSleepParameters" = <0200010007000000000000000f350000000000000000000000000000000000000000000000000000000000000000000000000000000000000000000000000000>
    | | |   "IOPMUserTriggeredFullWake" = Yes
    | | |   "IOSleepSupported" = Yes
    | | |   "IOUserClientClass" = "RootDomainUserClient"
    | | |   "DriverPMAssertions" = 0x0
    | | |   "SleepRequestedByPID" = 0xad
    | | |   "IOPMSystemSleepPolicyHandler" = Yes
    | | |   "AppleClamshellCausesSleep" = Yes
    | | |   "Last Sleep Reason" = "Idle Sleep"
    | | |   "Hibernate File Min" = 0x40000000
    | | |   "IOPlatformFeatureDefaults" = {"TCPKeepAliveDuringSleep"=Yes,"DNDWhileDisplaySleeps"=No,"TCPKeepAliveExpirationTimeout"=0xa8c0,"NotificationWake"=Yes}
    | | |   "AutoPowerOff Enabled" = Yes
    | | |   "IOPMBatteryPercentageFactors" = 0x5f14
    | | |   "BootSessionUUID" = "5E7048EB-DB49-44F6-84C3-1831F4FCC792"
    | | |   "IOPowerManagement" = {"ChildrenPowerState"=0x0,"DevicePowerState"=0x4,"CurrentPowerState"=0x4,"CapabilityFlags"=0x2,"MaxPowerState"=0x4,"DriverPowerState"=0x4}
    | | |   "Power Status" = {"CPU_Power_Limits"={"CPU_Scheduler_Limit"=0x64,"CPU_Available_CPUs"=0x4,"CPU_Speed_Limit"=0x64}}
    | | |   "IOPriorityPowerStateInterest" = "IOCommand is not serializable"
    | | |   "AppleClamshellState" = No
    | | |   "SystemPowerProfileOverrideDict" = {"Battery Power"={"Hibernate Mode"=0x3,"High Standby Delay"=0x15180,"DarkWakeBackgroundTasks"=No,"AutoPowerOff Enabled"=0x1,"AutoPowerOff Delay"=0x3f480,"Standby Delay"=0x2a30,"System Sleep Timer"=0x1,"Standby Enabled"=0x1,"Standby Battery Threshold"=0x32},"UPS Power"={"Hibernate Mode"=0x3,"High Standby Delay"=0x15180,"DarkWakeBackgroundTasks"=No,"AutoPowerOff Enabled"=0x1,"AutoPowerOff Delay"=0x3f480,"Standby Delay"=0x2a30,"System Sleep Timer"=0x1,"Standby Enabled"=0x1,"Standby Battery Threshold"$
    | | |   "AutoPowerOff Delay" = 0x3f480
    | | |   "Wake Type" = "UserActivity Assertion"
    | | |   "DarkWakeServices" = {"SleepServicesModes"={"ModeA"={"Expiration"=0x0,"BatteryFloor"=0x0,"BaseIntervals"={"Battery"={"BaseSleepInterval"=0xe10,"BaseWakeCapInterval"=0xb4},"AC"={"BaseSleepInterval"=0xe10,"BaseWakeCapInterval"=0x15180}}}},"DarkWakeBackgroundTasks"=0x1,"SleepServices"=0x7}
    | | |   "Standby Timer" = 0x15180
    | | |   "DriverPMAssertionsDetailed" = ({"Assertions"=0x20,"ModifiedTime"=0x6a573bca0003ad5a,"Owner"="NHI0","RegistryEntryID"=0x1000002f1,"CreatedTime"=0x0,"Level"=0x0,"ID"=0x1f4},{"Assertions"=0x1,"ModifiedTime"=0x6a573bca00039697,"Owner"="IOThunderboltController","RegistryEntryID"=0x1000002f4,"CreatedTime"=0x0,"Level"=0x0,"ID"=0x1f5})
    | | |   "System Capabilities" = 0xf
    | | |   "IOPMDeepIdleSupported" = Yes
    | | |   "SleepDisabled" = No
    | | |   "Hibernate Mode" = 0x3
    | | |   "PMStatusCode" = 0x0
    | | |   "Standby Enabled" = Yes
    | | |   "DestroyFVKeyOnStandby" = No
    | | |   "IOPMSystemSleepType" = 0x7
    | | |   "Hibernate File" = "/var/vm/sleepimage"
    | | |   "IOHibernateState" = <00000000>
    | | |   "PCITopLevel" = ("MCHC","IGPU","HDAU","XHC1","SDMA","SPI1","HDEF","RP01","RP02","RP03","RP05","RP06","LPCB","SBUS")
    | | |   "AutoPowerOff Timer" = 0x3f46f
    | | |   "Standby Delay" = 0x2a30
    | | |   "IOPMUserIsActive" = Yes
    | | |   "Supported Features" = {"ConsoleShutdown"=0x20e0007,"Wake On Clamshell Open"=0x1f70007,"ProximityWake"=0x2050003,"WakeOnACchange"=0x1f80007,"MaintenanceWakeCalendarDate"=0x1fe0007,"PowerByCalendarDate"=0x1fb0007,"GPUSwitch"=0x20b0007,"WakeOnLid"=0x1f60007,"WakeOnMagicPacket"=(0x2010005,0x2080005),"Hibernation"=0x1f50007,"AdaptiveDimming"=0x2020007,"SleepServiceWakeCalendarKey"=0x1ff0007,"Graphics_Power_Limits"=0x20c0007,"DisplayDims"=0x2090007,"Graphics_Power_Performance"=0x20d0007,"Wake On AC Change"=0x1f90007,"UnifiedSleepSliderP$
    | | |   "IOAppPowerStateInterest" = "IOCommand is not serializable"
    | | |   "IOGeneralInterest" = "IOCommand is not serializable"
    | | |   "SleepWakeUUID" = "142DAF93-D828-43FF-9833-27D975BDAA16"
    | | | }
    | | | 
    | | +-o IORootParent  <class IORootParent, id 0x100000119, !registered, !matched, active, busy 0, retain 7>
    | | |   {
    | | |     "IOPowerManagement" = {"WQ-CheckForWork"=0x16dc9,"WQ-ScanEntries"=0xb988,"CapabilityFlags"=0x0,"MaxPowerState"=0x1,"WQ-QueueEmpty"=0x3f,"DevicePowerState"=0x1,"WQ-NoWorkDone"=0x3d,"ChildrenPowerState"=0x0,"CurrentPowerState"=0x1}
    | | |   }
    | | |   
    | | +-o RootDomainUserClient  <class RootDomainUserClient, id 0x1000003b6, !registered, !matched, active, busy 0, retain 5>
    | | |   {
    | | |     "IOUserClientCreator" = "pid 99, logd"
    | | |     "IOUserClientDefaultLocking" = Yes
    | | |   }
    | | |   
    | | +-o RootDomainUserClient  <class RootDomainUserClient, id 0x1000003b8, !registered, !matched, active, busy 0, retain 5>
    | | |   {
    | | |     "IOUserClientCreator" = "pid 122, watchdogd"
    | | |     "IOUserClientDefaultLocking" = Yes
    | | |   }
    | | |   
    | | +-o RootDomainUserClient  <class RootDomainUserClient, id 0x1000003c0, !registered, !matched, active, busy 0, retain 5>
    | | |   {
    | | |     "IOUserClientCreator" = "pid 137, opendirectoryd"
    | | |     "IOUserClientDefaultLocking" = Yes
    | | |   }
    | | |   
    | | +-o RootDomainUserClient  <class RootDomainUserClient, id 0x1000003c1, !registered, !matched, active, busy 0, retain 5>
    | | |   {
    | | |     "IOUserClientCreator" = "pid 112, powerd"
    | | |     "IOUserClientDefaultLocking" = Yes
    | | |   }
    | | |   
    | | +-o RootDomainUserClient  <class RootDomainUserClient, id 0x1000003c2, !registered, !matched, active, busy 0, retain 5>
    | | |   {
    | | |     "IOUserClientCreator" = "pid 112, powerd"
    | | |     "IOUserClientDefaultLocking" = Yes
    | | |   }
    | | |   
    | | +-o RootDomainUserClient  <class RootDomainUserClient, id 0x1000003c3, !registered, !matched, active, busy 0, retain 5>
    | | |   {
    | | |     "IOUserClientCreator" = "pid 112, powerd"
    | | |     "IOUserClientDefaultLocking" = Yes
    | | |   }
    | | |   
    | | +-o RootDomainUserClient  <class RootDomainUserClient, id 0x1000003c7, !registered, !matched, active, busy 0, retain 5>
    | | |   {
    | | |     "IOUserClientCreator" = "pid 142, securityd"
    | | |     "IOUserClientDefaultLocking" = Yes
    | | |   }
    | | |   
    | | +-o RootDomainUserClient  <class RootDomainUserClient, id 0x1000003cb, !registered, !matched, active, busy 0, retain 5>
    | | |   {
    | | |     "IOUserClientCreator" = "pid 112, powerd"
    | | |     "IOUserClientDefaultLocking" = Yes
    | | |   }
    | | |   
    | | +-o RootDomainUserClient  <class RootDomainUserClient, id 0x1000003d2, !registered, !matched, active, busy 0, retain 5>
    | | |   {
    | | |     "IOUserClientCreator" = "pid 100, UserEventAgent"
    | | |     "IOUserClientDefaultLocking" = Yes
    | | |   }
    | | |   
    | | +-o RootDomainUserClient  <class RootDomainUserClient, id 0x1000003d4, !registered, !matched, active, busy 0, retain 5>
    | | |   {
    | | |     "IOUserClientCreator" = "pid 141, usbmuxd"
    | | |     "IOUserClientDefaultLocking" = Yes
    | | |   }
    | | |   
    | | +-o RootDomainUserClient  <class RootDomainUserClient, id 0x1000003d5, !registered, !matched, active, busy 0, retain 5>
    | | |   {
    | | |     "IOUserClientCreator" = "pid 138, apsd"
    | | |     "IOUserClientDefaultLocking" = Yes
    | | |   }
    | | |   
    | | +-o RootDomainUserClient  <class RootDomainUserClient, id 0x1000003d7, !registered, !matched, active, busy 0, retain 5>
    | | |   {
    | | |     "IOUserClientCreator" = "pid 110, configd"
    | | |     "IOUserClientDefaultLocking" = Yes
    | | |   }
    | | |   
    | | +-o RootDomainUserClient  <class RootDomainUserClient, id 0x1000003dd, !registered, !matched, active, busy 0, retain 5>
    | | |   {
    | | |     "IOUserClientCreator" = "pid 211, symptomsd"
    | | |     "IOUserClientDefaultLocking" = Yes
    | | |   }
    | | |   
    | | +-o RootDomainUserClient  <class RootDomainUserClient, id 0x1000003de, !registered, !matched, active, busy 0, retain 5>
    | | |   {
    | | |     "IOUserClientCreator" = "pid 218, coreaudiod"
    | | |     "IOUserClientDefaultLocking" = Yes
    | | |   }
    | | |   
    | | +-o RootDomainUserClient  <class RootDomainUserClient, id 0x1000003e2, !registered, !matched, active, busy 0, retain 5>
    | | |   {
    | | |     "IOUserClientCreator" = "pid 283, softwareupdated"
    | | |     "IOUserClientDefaultLocking" = Yes
    | | |   }
    | | |   
    | | +-o RootDomainUserClient  <class RootDomainUserClient, id 0x1000003f2, !registered, !matched, active, busy 0, retain 5>
    | | |   {
    | | |     "IOUserClientCreator" = "pid 113, daemondo"
    | | |     "IOUserClientDefaultLocking" = Yes
    | | |   }
    | | |   
    | | +-o RootDomainUserClient  <class RootDomainUserClient, id 0x100000464, !registered, !matched, active, busy 0, retain 5>
    | | |   {
    | | |     "IOUserClientCreator" = "pid 334, thermald"
    | | |     "IOUserClientDefaultLocking" = Yes
    | | |   }
    | | |   
    | | +-o RootDomainUserClient  <class RootDomainUserClient, id 0x10000047c, !registered, !matched, active, busy 0, retain 5>
    | | |   {
    | | |     "IOUserClientCreator" = "pid 246, awdd"
    | | |     "IOUserClientDefaultLocking" = Yes
    | | |   }
    | | |   
    | | +-o RootDomainUserClient  <class RootDomainUserClient, id 0x1000004bf, !registered, !matched, active, busy 0, retain 5>
    | | |   {
    | | |     "IOUserClientCreator" = "pid 169, WindowServer"
    | | |     "IOUserClientDefaultLocking" = Yes
    | | |   }
    | | |   
    | | +-o RootDomainUserClient  <class RootDomainUserClient, id 0x1000004c5, !registered, !matched, active, busy 0, retain 5>
    | | |   {
    | | |     "IOUserClientCreator" = "pid 169, WindowServer"
    | | |     "IOUserClientDefaultLocking" = Yes
    | | |   }
    | | |   
    | | +-o RootDomainUserClient  <class RootDomainUserClient, id 0x1000004dc, !registered, !matched, active, busy 0, retain 5>
    | | |   {
    | | |     "IOUserClientCreator" = "pid 195, airportd"
    | | |     "IOUserClientDefaultLocking" = Yes
    | | |   }
    | | |   
    | | +-o RootDomainUserClient  <class RootDomainUserClient, id 0x100000515, !registered, !matched, active, busy 0, retain 5>
    | | |   {
    | | |     "IOUserClientCreator" = "pid 361, locationd"
    | | |     "IOUserClientDefaultLocking" = Yes
    | | |   }
    | | |   
    | | +-o RootDomainUserClient  <class RootDomainUserClient, id 0x100000520, !registered, !matched, active, busy 0, retain 5>
    | | |   {
    | | |     "IOUserClientCreator" = "pid 169, WindowServer"
    | | |     "IOUserClientDefaultLocking" = Yes
    | | |   }
    | | |   
    | | +-o RootDomainUserClient  <class RootDomainUserClient, id 0x100000521, !registered, !matched, active, busy 0, retain 5>
    | | |   {
    | | |     "IOUserClientCreator" = "pid 164, corebrightnessd"
    | | |     "IOUserClientDefaultLocking" = Yes
    | | |   }
    | | |   
    | | +-o RootDomainUserClient  <class RootDomainUserClient, id 0x10000052c, !registered, !matched, active, busy 0, retain 5>
    | | |   {
    | | |     "IOUserClientCreator" = "pid 173, loginwindow"
    | | |     "IOUserClientDefaultLocking" = Yes
    | | |   }
    | | |   
    | | +-o RootDomainUserClient  <class RootDomainUserClient, id 0x10000052d, !registered, !matched, active, busy 0, retain 5>
    | | |   {
    | | |     "IOUserClientCreator" = "pid 371, displaypolicyd"
    | | |     "IOUserClientDefaultLocking" = Yes
    | | |   }
    | | |   
    | | +-o RootDomainUserClient  <class RootDomainUserClient, id 0x100000538, !registered, !matched, active, busy 0, retain 5>
    | | |   {
    | | |     "IOUserClientCreator" = "pid 375, com.apple.hiserv"
    | | |     "IOUserClientDefaultLocking" = Yes
    | | |   }
    | | |   
    | | +-o RootDomainUserClient  <class RootDomainUserClient, id 0x10000053f, !registered, !matched, active, busy 0, retain 5>
    | | |   {
    | | |     "IOUserClientCreator" = "pid 376, systemstats"
    | | |     "IOUserClientDefaultLocking" = Yes
    | | |   }
    | | |   
    | | +-o RootDomainUserClient  <class RootDomainUserClient, id 0x10000055a, !registered, !matched, active, busy 0, retain 5>
    | | |   {
    | | |     "IOUserClientCreator" = "pid 340, UVCAssistant"
    | | |     "IOUserClientDefaultLocking" = Yes
    | | |   }
    | | |   
    | | +-o RootDomainUserClient  <class RootDomainUserClient, id 0x10000055b, !registered, !matched, active, busy 0, retain 5>
    | | |   {
    | | |     "IOUserClientCreator" = "pid 244, VDCAssistant"
    | | |     "IOUserClientDefaultLocking" = Yes
    | | |   }
    | | |   
    | | +-o RootDomainUserClient  <class RootDomainUserClient, id 0x100000561, !registered, !matched, active, busy 0, retain 5>
    | | |   {
    | | |     "IOUserClientCreator" = "pid 173, loginwindow"
    | | |     "IOUserClientDefaultLocking" = Yes
    | | |   }
    | | |   
    | | +-o RootDomainUserClient  <class RootDomainUserClient, id 0x100000562, !registered, !matched, active, busy 0, retain 5>
    | | |   {
    | | |     "IOUserClientCreator" = "pid 173, loginwindow"
    | | |     "IOUserClientDefaultLocking" = Yes
    | | |   }
    | | |   
    | | +-o RootDomainUserClient  <class RootDomainUserClient, id 0x100000564, !registered, !matched, active, busy 0, retain 5>
    | | |   {
    | | |     "IOUserClientCreator" = "pid 173, loginwindow"
    | | |     "IOUserClientDefaultLocking" = Yes
    | | |   }
    | | |   
    | | +-o RootDomainUserClient  <class RootDomainUserClient, id 0x100000566, !registered, !matched, active, busy 0, retain 5>
    | | |   {
    | | |     "IOUserClientCreator" = "pid 411, SystemUIServer"
    | | |     "IOUserClientDefaultLocking" = Yes
    | | |   }
    | | |   
    | | +-o RootDomainUserClient  <class RootDomainUserClient, id 0x10000056f, !registered, !matched, active, busy 0, retain 5>
    | | |   {
    | | |     "IOUserClientCreator" = "pid 417, systemsoundserve"
    | | |     "IOUserClientDefaultLocking" = Yes
    | | |   }
    | | |   
    | | +-o RootDomainUserClient  <class RootDomainUserClient, id 0x100000570, !registered, !matched, active, busy 0, retain 5>
    | | |   {
    | | |     "IOUserClientCreator" = "pid 432, com.apple.hiserv"
    | | |     "IOUserClientDefaultLocking" = Yes
    | | |   }
    | | |   
    | | +-o RootDomainUserClient  <class RootDomainUserClient, id 0x100000571, !registered, !matched, active, busy 0, retain 5>
    | | |   {
    | | |     "IOUserClientCreator" = "pid 422, rapportd"
    | | |     "IOUserClientDefaultLocking" = Yes
    | | |   }
    | | |   
    | | +-o RootDomainUserClient  <class RootDomainUserClient, id 0x10000057e, !registered, !matched, active, busy 0, retain 5>
    | | |   {
    | | |     "IOUserClientCreator" = "pid 412, Finder"
    | | |     "IOUserClientDefaultLocking" = Yes
    | | |   }
    | | |   
    | | +-o RootDomainUserClient  <class RootDomainUserClient, id 0x100000582, !registered, !matched, active, busy 0, retain 5>
    | | |   {
    | | |     "IOUserClientCreator" = "pid 430, donotdisturbd"
    | | |     "IOUserClientDefaultLocking" = Yes
    | | |   }
    | | |   
    | | +-o RootDomainUserClient  <class RootDomainUserClient, id 0x100000584, !registered, !matched, active, busy 0, retain 5>
    | | |   {
    | | |     "IOUserClientCreator" = "pid 436, NotificationCent"
    | | |     "IOUserClientDefaultLocking" = Yes
    | | |   }
    | | |   
    | | +-o RootDomainUserClient  <class RootDomainUserClient, id 0x100000587, !registered, !matched, active, busy 0, retain 5>
    | | |   {
    | | |     "IOUserClientCreator" = "pid 433, identityservices"
    | | |     "IOUserClientDefaultLocking" = Yes
    | | |   }
    | | |   
    | | +-o RootDomainUserClient  <class RootDomainUserClient, id 0x10000058a, !registered, !matched, active, busy 0, retain 5>
    | | |   {
    | | |     "IOUserClientCreator" = "pid 444, CalendarAgent"
    | | |     "IOUserClientDefaultLocking" = Yes
    | | |   }
    | | |   
    | | +-o RootDomainUserClient  <class RootDomainUserClient, id 0x10000059f, !registered, !matched, active, busy 0, retain 5>
    | | |   {
    | | |     "IOUserClientCreator" = "pid 456, callservicesd"
    | | |     "IOUserClientDefaultLocking" = Yes
    | | |   }
    | | |   
    | | +-o RootDomainUserClient  <class RootDomainUserClient, id 0x1000005a7, !registered, !matched, active, busy 0, retain 5>
    | | |   {
    | | |     "IOUserClientCreator" = "pid 427, CommCenter"
    | | |     "IOUserClientDefaultLocking" = Yes
    | | |   }
    | | |   
    | | +-o RootDomainUserClient  <class RootDomainUserClient, id 0x1000005a8, !registered, !matched, active, busy 0, retain 5>
    | | |   {
    | | |     "IOUserClientCreator" = "pid 427, CommCenter"
    | | |     "IOUserClientDefaultLocking" = Yes
    | | |   }
    | | |   
    | | +-o RootDomainUserClient  <class RootDomainUserClient, id 0x1000005a9, !registered, !matched, active, busy 0, retain 5>
    | | |   {
    | | |     "IOUserClientCreator" = "pid 427, CommCenter"
    | | |     "IOUserClientDefaultLocking" = Yes
    | | |   }
    | | |   
    | | +-o RootDomainUserClient  <class RootDomainUserClient, id 0x1000005b1, !registered, !matched, active, busy 0, retain 5>
    | | |   {
    | | |     "IOUserClientCreator" = "pid 410, ControlCenter"
    | | |     "IOUserClientDefaultLocking" = Yes
    | | |   }
    | | |   
    | | +-o RootDomainUserClient  <class RootDomainUserClient, id 0x1000005b5, !registered, !matched, active, busy 0, retain 5>
    | | |   {
    | | |     "IOUserClientCreator" = "pid 474, imagent"
    | | |     "IOUserClientDefaultLocking" = Yes
    | | |   }
    | | |   
    | | +-o RootDomainUserClient  <class RootDomainUserClient, id 0x1000005b9, !registered, !matched, active, busy 0, retain 5>
    | | |   {
    | | |     "IOUserClientCreator" = "pid 475, ScreenTimeAgent"
    | | |     "IOUserClientDefaultLocking" = Yes
    | | |   }
    | | |   
    | | +-o RootDomainUserClient  <class RootDomainUserClient, id 0x1000005bd, !registered, !matched, active, busy 0, retain 5>
    | | |   {
    | | |     "IOUserClientCreator" = "pid 471, sharingd"
    | | |     "IOUserClientDefaultLocking" = Yes
    | | |   }
    | | |   
    | | +-o RootDomainUserClient  <class RootDomainUserClient, id 0x1000005bf, !registered, !matched, active, busy 0, retain 5>
    | | |   {
    | | |     "IOUserClientCreator" = "pid 471, sharingd"
    | | |     "IOUserClientDefaultLocking" = Yes
    | | |   }
    | | |   
    | | +-o RootDomainUserClient  <class RootDomainUserClient, id 0x1000005c0, !registered, !matched, active, busy 0, retain 5>
    | | |   {
    | | |     "IOUserClientCreator" = "pid 471, sharingd"
    | | |     "IOUserClientDefaultLocking" = Yes
    | | |   }
    | | |   
    | | +-o RootDomainUserClient  <class RootDomainUserClient, id 0x1000005c1, !registered, !matched, active, busy 0, retain 5>
    | | |   {
    | | |     "IOUserClientCreator" = "pid 508, AirPlayUIAgent"
    | | |     "IOUserClientDefaultLocking" = Yes
    | | |   }
    | | |   
    | | +-o RootDomainUserClient  <class RootDomainUserClient, id 0x1000005c6, !registered, !matched, active, busy 0, retain 5>
    | | |   {
    | | |     "IOUserClientCreator" = "pid 397, itunescloudd"
    | | |     "IOUserClientDefaultLocking" = Yes
    | | |   }
    | | |   
    | | +-o RootDomainUserClient  <class RootDomainUserClient, id 0x1000005ca, !registered, !matched, active, busy 0, retain 5>
    | | |   {
    | | |     "IOUserClientCreator" = "pid 496, IMDPersistenceAg"
    | | |     "IOUserClientDefaultLocking" = Yes
    | | |   }
    | | |   
    | | +-o RootDomainUserClient  <class RootDomainUserClient, id 0x1000005cb, !registered, !matched, active, busy 0, retain 5>
    | | |   {
    | | |     "IOUserClientCreator" = "pid 455, CalNCService"
    | | |     "IOUserClientDefaultLocking" = Yes
    | | |   }
    | | |   
    | | +-o RootDomainUserClient  <class RootDomainUserClient, id 0x1000005d4, !registered, !matched, active, busy 0, retain 5>
    | | |   {
    | | |     "IOUserClientCreator" = "pid 492, assistantd"
    | | |     "IOUserClientDefaultLocking" = Yes
    | | |   }
    | | |   
    | | +-o RootDomainUserClient  <class RootDomainUserClient, id 0x1000005e7, !registered, !matched, active, busy 0, retain 5>
    | | |   {
    | | |     "IOUserClientCreator" = "pid 525, fmfd"
    | | |     "IOUserClientDefaultLocking" = Yes
    | | |   }
    | | |   
    | | +-o RootDomainUserClient  <class RootDomainUserClient, id 0x1000005f7, !registered, !matched, active, busy 0, retain 5>
    | | |   {
    | | |     "IOUserClientCreator" = "pid 520, homed"
    | | |     "IOUserClientDefaultLocking" = Yes
    | | |   }
    | | |   
    | | +-o RootDomainUserClient  <class RootDomainUserClient, id 0x100000629, !registered, !matched, active, busy 0, retain 5>
    | | |   {
    | | |     "IOUserClientCreator" = "pid 555, diagnosticextens"
    | | |     "IOUserClientDefaultLocking" = Yes
    | | |   }
    | | |   
    | | +-o RootDomainUserClient  <class RootDomainUserClient, id 0x10000063d, !registered, !matched, active, busy 0, retain 5>
    | | |   {
    | | |     "IOUserClientCreator" = "pid 513, amsaccountsd"
    | | |     "IOUserClientDefaultLocking" = Yes
    | | |   }
    | | |   
    | | +-o RootDomainUserClient  <class RootDomainUserClient, id 0x100000643, !registered, !matched, active, busy 0, retain 5>
    | | |   {
    | | |     "IOUserClientCreator" = "pid 509, cloudpaird"
    | | |     "IOUserClientDefaultLocking" = Yes
    | | |   }
    | | |   
    | | +-o RootDomainUserClient  <class RootDomainUserClient, id 0x100000645, !registered, !matched, active, busy 0, retain 5>
    | | |   {
    | | |     "IOUserClientCreator" = "pid 510, diagnostics_agen"
    | | |     "IOUserClientDefaultLocking" = Yes
    | | |   }
    | | |   
    | | +-o RootDomainUserClient  <class RootDomainUserClient, id 0x100000689, !registered, !matched, active, busy 0, retain 5>
    | | |   {
    | | |     "IOUserClientCreator" = "pid 412, Finder"
    | | |     "IOUserClientDefaultLocking" = Yes
    | | |   }
    | | |   
    | | +-o RootDomainUserClient  <class RootDomainUserClient, id 0x1000006b9, !registered, !matched, active, busy 0, retain 5>
    | | |   {
    | | |     "IOUserClientCreator" = "pid 658, mapspushd"
    | | |     "IOUserClientDefaultLocking" = Yes
    | | |   }
    | | |   
    | | +-o RootDomainUserClient  <class RootDomainUserClient, id 0x1000006cb, !registered, !matched, active, busy 0, retain 5>
    | | |   {
    | | |     "IOUserClientCreator" = "pid 561, SoftwareUpdateNo"
    | | |     "IOUserClientDefaultLocking" = Yes
    | | |   }
    | | |   
    | | +-o RootDomainUserClient  <class RootDomainUserClient, id 0x1000006e4, !registered, !matched, active, busy 0, retain 5>
    | | |   {
    | | |     "IOUserClientCreator" = "pid 796, AMPLibraryAgent"
    | | |     "IOUserClientDefaultLocking" = Yes
    | | |   }
    | | |   
    | | +-o RootDomainUserClient  <class RootDomainUserClient, id 0x100000758, !registered, !matched, active, busy 0, retain 5>
    | | |   {
    | | |     "IOUserClientCreator" = "pid 1016, tipsd"
    | | |     "IOUserClientDefaultLocking" = Yes
    | | |   }
    | | |   
    | | +-o RootDomainUserClient  <class RootDomainUserClient, id 0x100000784, !registered, !matched, active, busy 0, retain 5>
    | | |   {
    | | |     "IOUserClientCreator" = "pid 1067, appleaccountd"
    | | |     "IOUserClientDefaultLocking" = Yes
    | | |   }
    | | |   
    | | +-o RootDomainUserClient  <class RootDomainUserClient, id 0x1000007cb, !registered, !matched, active, busy 0, retain 5>
    | | |   {
    | | |     "IOUserClientCreator" = "pid 2586, PerfPowerService"
    | | |     "IOUserClientDefaultLocking" = Yes
    | | |   }
    | | |   
    | | +-o RootDomainUserClient  <class RootDomainUserClient, id 0x1000007ce, !registered, !matched, active, busy 0, retain 5>
    | | |   {
    | | |     "IOUserClientCreator" = "pid 2586, PerfPowerService"
    | | |     "IOUserClientDefaultLocking" = Yes
    | | |   }
    | | |   
    | | +-o RootDomainUserClient  <class RootDomainUserClient, id 0x100000d5c, !registered, !matched, active, busy 0, retain 5>
    | | |   {
    | | |     "IOUserClientCreator" = "pid 283, softwareupdated"
    | | |     "IOUserClientDefaultLocking" = Yes
    | | |   }
    | | |   
    | | +-o RootDomainUserClient  <class RootDomainUserClient, id 0x1000010b4, !registered, !matched, active, busy 0, retain 5>
    | | |   {
    | | |     "IOUserClientCreator" = "pid 40267, com.apple.appkit"
    | | |     "IOUserClientDefaultLocking" = Yes
    | | |   }
    | | |   
    | | +-o RootDomainUserClient  <class RootDomainUserClient, id 0x1000014ae, !registered, !matched, active, busy 0, retain 5>
    | | |   {
    | | |     "IOUserClientCreator" = "pid 455, CalNCService"
    | | |     "IOUserClientDefaultLocking" = Yes
    | | |   }
    | | |   
    | | +-o RootDomainUserClient  <class RootDomainUserClient, id 0x1000027ec, !registered, !matched, active, busy 0, retain 5>
    | | |   {
    | | |     "IOUserClientCreator" = "pid 46577, screencaptureui"
    | | |     "IOUserClientDefaultLocking" = Yes
    | | |   }
    | | |   
    | | +-o RootDomainUserClient  <class RootDomainUserClient, id 0x1000027f5, !registered, !matched, active, busy 0, retain 5>
    | | |   {
    | | |     "IOUserClientCreator" = "pid 46575, screencapture"
    | | |     "IOUserClientDefaultLocking" = Yes
    | | |   }
    | | |   
    | | +-o RootDomainUserClient  <class RootDomainUserClient, id 0x1000027fc, !registered, !matched, active, busy 0, retain 5>
    | | |   {
    | | |     "IOUserClientCreator" = "pid 46575, screencapture"
    | | |     "IOUserClientDefaultLocking" = Yes
    | | |   }
    | | |   
    | | +-o RootDomainUserClient  <class RootDomainUserClient, id 0x100002821, !registered, !matched, active, busy 0, retain 5>
    | | |   {
    | | |     "IOUserClientCreator" = "pid 24778, System Informati"
    | | |     "IOUserClientDefaultLocking" = Yes
    | | |   }
    | | |   
    | | +-o RootDomainUserClient  <class RootDomainUserClient, id 0x1000028c5, !registered, !matched, active, busy 0, retain 5>
    | | |   {
    | | |     "IOUserClientCreator" = "pid 48278, MessagesHelper"
    | | |     "IOUserClientDefaultLocking" = Yes
    | | |   }
    | | |   
    | | +-o RootDomainUserClient  <class RootDomainUserClient, id 0x100002b2c, !registered, !matched, active, busy 0, retain 5>
    | |     {
    | |       "IOUserClientCreator" = "pid 59461, com.apple.speech"
    | |       "IOUserClientDefaultLocking" = Yes
    | |     }
    | |     
    | +-o IOPCIMessagedInterruptController  <class IOPCIMessagedInterruptController, id 0x100000130, registered, matched, active, busy 0 (0 ms), retain 7>
    | |   {
    | |     "Vector Count" = 0x190
    | |     "MSIFree" = 0x136
    | |     "Base Vector Number" = 0x70
    | |     "InterruptControllerName" = "IOPCIMessagedInterruptController"
    | |   }
    | |   
    | +-o AppleVTD  <class AppleVTD, id 0x100000131, registered, matched, active, busy 0 (0 ms), retain 103>
    | |   {
    | |     "IOPlatformQuiesceAction" = 0x7ffffc17
    | |     "stats" = <00000002be04000024bf00000052020000010000000000008a2906000800000008000000fb390500da310500e6063601e6d20d009a2b1c00e870140040200c00ed300f005d520300de0602009a6c0600520e0000de060000ed0200002a5e0000ca00000005000000020000000100000000000000000000000000000000000000000000000000000000000000000000000000000000000000000000000000000000000000000000000000000000000000000000000000000000000000000000000000000000000000000000000000000000000000000000000000000000000000000000000000000000000000000000000000000000000000000000000000000000000000000000$
    | |     "IOReportLegendPublic" = Yes
    | |     "IOInterruptControllers" = ("IOPCIMessagedInterruptController","IOPCIMessagedInterruptController")
    | |     "IOInterruptSpecifiers" = (<0000000000000100>,<0100000000000100>)
    | |     "IOPlatformActiveAction" = 0x7ffffc17
    | |     "IOReportLegend" = ({"IOReportGroupName"="Interrupt Statistics (by index)","IOReportChannels"=((0x496e747200000000,0x100020001,"               First Level Interrupt Handler Count"),(0x496e747200000001,0x100020001,"              Second Level Interrupt Handler Count"),(0x496e747200000002,0x100020001,"        First Level Interrupt Handler Time (MATUs)"),(0x496e747200000003,0x100020001,"   Second Level Interrupt Handler CPU Time (MATUs)"),(0x496e747200000004,0x100020001,"Second Level Interrupt Handler System Time (MATUs)")),"IOReportCh$
    | |   }
    | |   
    | +-o cpus  <class IOPlatformDevice, id 0x100000132, registered, matched, active, busy 0 (0 ms), retain 14>
    | |   {
    | |     "name" = <6370757300>
    | |   }
    | |   
    | +-o CPU0@0  <class IOACPIPlatformDevice, id 0x100000133, registered, matched, active, busy 0 (558 ms), retain 8>
    | | | {
    | | |   "processor-lapic" = 0x0
    | | |   "clock-frequency" = <00bbeea0>
    | | |   "processor-number" = 0x0
    | | |   "timebase-frequency" = <00ca9a3b>
    | | |   "processor-id" = 0x1
    | | |   "bus-frequency" = <00e1f505>
    | | |   "plugin-type" = 0x1
    | | |   "cpu-type" = <0606>
    | | |   "device_type" = <70726f636573736f7200>
    | | |   "name" = <4350553000>
    | | |   "processor-index" = 0x0
    | | | }
    | | | 
    | | +-o AppleACPICPU  <class AppleACPICPU, id 0x10000013c, registered, matched, active, busy 0 (556 ms), retain 8>
    | |   | {
    | |   |   "IOClass" = "AppleACPICPU"
    | |   |   "CFBundleIdentifier" = "com.apple.driver.AppleACPIPlatform"
    | |   |   "IOProviderClass" = "IOACPIPlatformDevice"
    | |   |   "IOProbeScore" = 0x3e8
    | |   |   "IONameMatch" = "processor"
    | |   |   "IOMatchedAtBoot" = Yes
    | |   |   "IOMatchCategory" = "IODefaultMatchCategory"
    | |   |   "IOCPUID" = 0x10000013c
    | |   |   "IOInterruptControllers" = ("IOPlatformInterruptController","IOPlatformInterruptController")
    | |   |   "IOInterruptSpecifiers" = (<00000000>,<01000000>)
    | |   |   "IONameMatched" = "processor"
    | |   |   "IOPersonalityPublisher" = "com.apple.driver.AppleACPIPlatform"
    | |   |   "IOCPUState" = "Running"
    | |   |   "CFBundleIdentifierKernel" = "com.apple.driver.AppleACPIPlatform"
    | |   |   "IOCPUNumber" = 0x0
    | |   | }
    | |   | 
    | |   +-o AppleACPICPUInterruptController  <class AppleACPICPUInterruptController, id 0x100000144, registered, matched, active, busy 0 (0 ms), retain 6>
    | |   |   {
    | |   |     "IOPlatformInterruptController" = Yes
    | |   |   }
    | |   |   
    | |   +-o X86PlatformPlugin  <class X86PlatformPlugin, id 0x100000407, registered, matched, active, busy 0 (444 ms), retain 13>
    | |     | {
    | |     |   "IOClass" = "X86PlatformPlugin"
    | |     |   "supportRestartOnPowerFail" = No
    | |     |   "IOPersonalityPublisher" = "com.apple.driver.X86PlatformPlugin"
    | |     |   "IOResourceMatch" = "ACPI"
    | |     |   "IOPlatformPowerProfile" = {"ThermalConfiguration"={"Domain"={"CPU"={"SFIWindow"=0xc350,"SFIAppNap"={"EffortCurve"="40=0%,72=67%"},"QOSThermalThresholds"={"Utility"=0x40,"NonFocal"=0xfb},"SFIMaintenance"={"EffortCurve"="40=0%,64=50%,72=67%"},"SFIDarwinBG"={"EffortCurve"="40=0%,64=50%,72=67%"},"ThermalPressure"={"Heavy"={"HighThreshold"=0xc8,"LowThreshold"=0x5a},"Sleeping"={"HighThreshold"=0xfc,"LowThreshold"=0xfb},"Nominal"={"HighThreshold"=0x3e,"LowThreshold"=0x0},"Trapping"={"HighThreshold"=0xfa,"LowThreshold"=0xaa},"Moderate$
    | |     |   "IOProviderClass" = "AppleACPICPU"
    | |     |   "IOPowerManagement" = {"CapabilityFlags"=0x8000,"MaxPowerState"=0x1,"CurrentPowerState"=0x1}
    | |     |   "IOParentMatch" = {"IOProviderClass"="IOACPIPlatformDevice"}
    | |     |   "lastSleepEntry" = <0000000000000000000000000000000007000000000000000f35000000000000>
    | |     |   "IOProbeScore" = 0x7d0
    | |     |   "ThermalLevelsSupported" = Yes
    | |     |   "IOPropertyMatch" = {"IOCPUNumber"=0x0}
    | |     |   "lastSleepFactorsPM" = 0x200806
    | |     |   "CFBundleIdentifierKernel" = "com.apple.driver.X86PlatformPlugin"
    | |     |   "CPUOnACPower" = Yes
    | |     |   "IOMatchCategory" = "IODefaultMatchCategory"
    | |     |   "CFBundleIdentifier" = "com.apple.driver.X86PlatformPlugin"
    | |     |   "ThermalConfiguration" = {"Domain"={"CPU"={"SFIWindow"=0xc350,"SFIAppNap"={"EffortCurve"="40=0%,72=67%"},"QOSThermalThresholds"={"Utility"=0x40,"NonFocal"=0xfb},"SFIMaintenance"={"EffortCurve"="40=0%,64=50%,72=67%"},"SFIDarwinBG"={"EffortCurve"="40=0%,64=50%,72=67%"},"ThermalPressure"={"Heavy"={"HighThreshold"=0xc8,"LowThreshold"=0x5a},"Sleeping"={"HighThreshold"=0xfc,"LowThreshold"=0xfb},"Nominal"={"HighThreshold"=0x3e,"LowThreshold"=0x0},"Trapping"={"HighThreshold"=0xfa,"LowThreshold"=0xaa},"Moderate"={"HighThreshold"=0x64,"L$
    | |     |   "BootDriveIsInternalSolidState" = Yes
    | |     |   "IOPPFDiagDict" = {"IGPUSingleSlicePLimitDict"={"pMax"=0x0,"pMin"=0xf,"handlerRegistered"=Yes},"ResourceName"="Mac-E43C1C25D4880AD6.plist","IGPUPLimitDict"={"currentLimit"=0x0,"handlerRegistered"=Yes,"pMin"=0xb,"pMax"=0x0},"UpstreamASPM"={"handlerRegistered"=Yes},"PLimitVersion"=0x3,"CPUPLimitDict"={"currentLimit"=0x0,"handlerRegistered"=Yes,"pMin"=0x1a,"pMax"=0x0},"IdlePLimitDict"={"currentLimit"=0x0,"handlerRegistered"=Yes,"pMin"=0x64,"pMax"=0x0}}
    | |     |   "ForcedIdleTable" = {"0x55"=0x1c9c380,"0x41"=0x1b3f578,"0x3c"=0x17d7840,"0x64"=0x1c9c380,"0x5f"=0x1c9c380,"0x50"=0x1c9c380,"0x4b"=0x1c9c380,"0x28"=0xfe4d90,"0x5a"=0x1c9c380,"0x37"=0x15314b0,"0x23"=0xeabdc0,"0x1e"=0xdb7b80,"0x46"=0x1c9c380,"0x32"=0x1312d00,"0x2d"=0x1156b88}
    | |     |   "LastSleepType" = 0x7
    | |     |   "IOGeneralInterest" = "IOCommand is not serializable"
    | |     |   "lastSleepFactorsPP" = 0xc1207
    | |     |   "CPUPStates" = ({"Frequency"=0xc1c,"PState"=0x0},{"Frequency"=0xbb8,"PState"=0x1},{"Frequency"=0xb54,"PState"=0x2},{"Frequency"=0xaf0,"PState"=0x3},{"Frequency"=0xa8c,"PState"=0x4},{"Frequency"=0xa28,"PState"=0x5},{"Frequency"=0x9c4,"PState"=0x6},{"Frequency"=0x960,"PState"=0x7},{"Frequency"=0x8fc,"PState"=0x8},{"Frequency"=0x898,"PState"=0x9},{"Frequency"=0x834,"PState"=0xa},{"Frequency"=0x7d0,"PState"=0xb},{"Frequency"=0x76c,"PState"=0xc},{"Frequency"=0x708,"PState"=0xd},{"Frequency"=0x6a4,"PState"=0xe},{"Frequency"=0x640,"PS$
    | |     | }
    | |     | 
    | |     +-o IOPlatformEnabler  <class IOPlatformPluginDevice, id 0x10000045c, registered, matched, active, busy 0 (7 ms), retain 7>
    | |     | | {
    | |     | |   "name" = <494f506c6174666f726d456e61626c657200>
    | |     | | }
    | |     | | 
    | |     | +-o ApplePlatformEnabler  <class ApplePlatformEnabler, id 0x100000460, registered, matched, active, busy 0 (0 ms), retain 5>
    | |     |     {
    | |     |       "IOClass" = "ApplePlatformEnabler"
    | |     |       "CFBundleIdentifier" = "com.apple.driver.ApplePlatformEnabler"
    | |     |       "IOProviderClass" = "IOPlatformPluginDevice"
    | |     |       "IOCFPlugInTypes" = {"CFB68B9A-40AF-437A-AFFE-FE671C6193C5"="ApplePlatformEnabler.kext/Contents/PlugIns/ApplePlatformEnablerLib.plugin"}
    | |     |       "IOUserClientClass" = "ApplePlatformEnablerUserClient"
    | |     |       "IOProbeScore" = 0x4e20
    | |     |       "IONameMatch" = "IOPlatformEnabler"
    | |     |       "IOMatchCategory" = "IODefaultMatchCategory"
    | |     |       "DVDSupported" = Yes
    | |     |       "SSAltDefault" = Yes
    | |     |       "ODSSupported" = Yes
    | |     |       "IONameMatched" = "IOPlatformEnabler"
    | |     |       "IOPersonalityPublisher" = "com.apple.driver.ApplePlatformEnabler"
    | |     |       "CFBundleIdentifierKernel" = "com.apple.driver.ApplePlatformEnabler"
    | |     |     }
    | |     |     
    | |     +-o AGPMEnabler  <class IOPlatformPluginDevice, id 0x10000045d, registered, matched, active, busy 0 (6 ms), retain 7>
    | |     | | {
    | |     | |   "name" = <4147504d456e61626c657200>
    | |     | | }
    | |     | | 
    | |     | +-o AGPMController  <class AGPMController, id 0x10000045e, !registered, !matched, active, busy 0, retain 4>
    | |     |     {
    | |     |       "IOProbeScore" = 0x0
    | |     |       "CFBundleIdentifier" = "com.apple.driver.AGPM"
    | |     |       "IOProviderClass" = "IOPlatformPluginDevice"
    | |     |       "IOClass" = "AGPMController"
    | |     |       "IOPersonalityPublisher" = "com.apple.driver.AGPM"
    | |     |       "CFBundleIdentifierKernel" = "com.apple.driver.AGPM"
    | |     |       "IOMatchCategory" = "IODefaultMatchCategory"
    | |     |       "IONameMatch" = "AGPMEnabler"
    | |     |       "Machine" = {"MacBookPro12,1"={"IGPU"={"BoostPState"=(0x18,0x18,0x18,0x18),"NumPriorityLevels"=0x3,"Heuristic"={"ThresholdsForRingOverrideTable2"=(0xa,0x64),"ThresholdsForRingOverrideTable1"=(0x5,0xf),"ThresholdsForRingOverrideTable0"=(0x0,0xa),"DownStep"=0x1,"EvaluateUpInterval"=0x7a12,"GT3Floor"=0xa,"NumOfRingTableOverride"=0x17,"RingOverrideTable2"=(0x9,0xb,0xc,0xe,0xf,0x11,0x12,0x14,0x15,0x17,0x18,0x1a,0x1b,0x1d,0x1e,0x20,0x21,0x23,0x24,0x26,0x27,0x29,0x2a),"StartingPstateForRingTableOverride"=0xb,"IOBusynessSamplingInt$
    | |     |       "IONameMatched" = "AGPMEnabler"
    | |     |     }
    | |     |     
    | |     +-o X86PlatformShim  <class X86PlatformShim, id 0x10000045f, !registered, !matched, active, busy 0, retain 4>
    | |         {
    | |           "IOProbeScore" = 0x0
    | |           "CFBundleIdentifier" = "com.apple.driver.X86PlatformShim"
    | |           "IOProviderClass" = "X86PlatformPlugin"
    | |           "IOClass" = "X86PlatformShim"
    | |           "IOPersonalityPublisher" = "com.apple.driver.X86PlatformShim"
    | |           "CFBundleIdentifierKernel" = "com.apple.driver.X86PlatformShim"
    | |           "IOMatchCategory" = "IODefaultMatchCategory"
    | |           "IONameMatch" = "X86PlatformPlugin"
    | |           "IONameMatched" = "X86PlatformPlugin"
    | |         }
    | |         
    | +-o CPU1@2  <class IOACPIPlatformDevice, id 0x100000134, registered, matched, active, busy 0 (2 ms), retain 8>
    | | | {
    | | |   "processor-lapic" = 0x2
    | | |   "clock-frequency" = <00bbeea0>
    | | |   "processor-number" = 0x2
    | | |   "timebase-frequency" = <00ca9a3b>
    | | |   "processor-id" = 0x2
    | | |   "bus-frequency" = <00e1f505>
    | | |   "cpu-type" = <0606>
    | | |   "device_type" = <70726f636573736f7200>
    | | |   "name" = <4350553100>
    | | |   "processor-index" = 0x1
    | | | }
    | | | 
    | | +-o AppleACPICPU  <class AppleACPICPU, id 0x10000013d, registered, matched, active, busy 0 (0 ms), retain 6>
    | |     {
    | |       "IOClass" = "AppleACPICPU"
    | |       "CFBundleIdentifier" = "com.apple.driver.AppleACPIPlatform"
    | |       "IOProviderClass" = "IOACPIPlatformDevice"
    | |       "IOProbeScore" = 0x3e8
    | |       "IONameMatch" = "processor"
    | |       "IOMatchedAtBoot" = Yes
    | |       "IOMatchCategory" = "IODefaultMatchCategory"
    | |       "IOCPUID" = 0x10000013d
    | |       "IOInterruptControllers" = ("IOPlatformInterruptController","IOPlatformInterruptController")
    | |       "IOInterruptSpecifiers" = (<00020000>,<01020000>)
    | |       "IONameMatched" = "processor"
    | |       "IOPersonalityPublisher" = "com.apple.driver.AppleACPIPlatform"
    | |       "IOCPUState" = "Running"
    | |       "CFBundleIdentifierKernel" = "com.apple.driver.AppleACPIPlatform"
    | |       "IOCPUNumber" = 0x1
    | |     }
    | |     
    | +-o CPU2@1  <class IOACPIPlatformDevice, id 0x100000135, registered, matched, active, busy 0 (3 ms), retain 8>
    | | | {
    | | |   "processor-lapic" = 0x1
    | | |   "clock-frequency" = <00bbeea0>
    | | |   "processor-number" = 0x1
    | | |   "timebase-frequency" = <00ca9a3b>
    | | |   "processor-id" = 0x3
    | | |   "bus-frequency" = <00e1f505>
    | | |   "cpu-type" = <0606>
    | | |   "device_type" = <70726f636573736f7200>
    | | |   "name" = <4350553200>
    | | |   "processor-index" = 0x2
    | | | }
    | | | 
    | | +-o AppleACPICPU  <class AppleACPICPU, id 0x10000013e, registered, matched, active, busy 0 (0 ms), retain 6>
    | |     {
    | |       "IOClass" = "AppleACPICPU"
    | |       "CFBundleIdentifier" = "com.apple.driver.AppleACPIPlatform"
    | |       "IOProviderClass" = "IOACPIPlatformDevice"
    | |       "IOProbeScore" = 0x3e8
    | |       "IONameMatch" = "processor"
    | |       "IOMatchedAtBoot" = Yes
    | |       "IOMatchCategory" = "IODefaultMatchCategory"
    | |       "IOCPUID" = 0x10000013e
    | |       "IOInterruptControllers" = ("IOPlatformInterruptController","IOPlatformInterruptController")
    | |       "IOInterruptSpecifiers" = (<00010000>,<01010000>)
    | |       "IONameMatched" = "processor"
    | |       "IOPersonalityPublisher" = "com.apple.driver.AppleACPIPlatform"
    | |       "IOCPUState" = "Running"
    | |       "CFBundleIdentifierKernel" = "com.apple.driver.AppleACPIPlatform"
    | |       "IOCPUNumber" = 0x2
    | |     }
    | |     
    | +-o CPU3@3  <class IOACPIPlatformDevice, id 0x100000136, registered, matched, active, busy 0 (4 ms), retain 8>
    | | | {
    | | |   "processor-lapic" = 0x3
    | | |   "clock-frequency" = <00bbeea0>
    | | |   "processor-number" = 0x3
    | | |   "timebase-frequency" = <00ca9a3b>
    | | |   "processor-id" = 0x4
    | | |   "bus-frequency" = <00e1f505>
    | | |   "cpu-type" = <0606>
    | | |   "device_type" = <70726f636573736f7200>
    | | |   "name" = <4350553300>
    | | |   "processor-index" = 0x3
    | | | }
    | | | 
    | | +-o AppleACPICPU  <class AppleACPICPU, id 0x10000013f, registered, matched, active, busy 0 (0 ms), retain 6>
    | |     {
    | |       "IOClass" = "AppleACPICPU"
    | |       "CFBundleIdentifier" = "com.apple.driver.AppleACPIPlatform"
    | |       "IOProviderClass" = "IOACPIPlatformDevice"
    | |       "IOProbeScore" = 0x3e8
    | |       "IONameMatch" = "processor"
    | |       "IOMatchedAtBoot" = Yes
    | |       "IOMatchCategory" = "IODefaultMatchCategory"
    | |       "IOCPUID" = 0x10000013f
    | |       "IOInterruptControllers" = ("IOPlatformInterruptController","IOPlatformInterruptController")
    | |       "IOInterruptSpecifiers" = (<00030000>,<01030000>)
    | |       "IONameMatched" = "processor"
    | |       "IOPersonalityPublisher" = "com.apple.driver.AppleACPIPlatform"
    | |       "IOCPUState" = "Running"
    | |       "CFBundleIdentifierKernel" = "com.apple.driver.AppleACPIPlatform"
    | |       "IOCPUNumber" = 0x3
    | |     }
    | |     
    | +-o CPU4  <class IOACPIPlatformDevice, id 0x100000137, registered, matched, active, busy 0 (4 ms), retain 7>
    | |   {
    | |     "processor-index" = 0x4
    | |     "processor-id" = 0x5
    | |     "name" = <4350553400>
    | |     "cpu-type" = <0606>
    | |     "device_type" = <70726f636573736f7200>
    | |   }
    | |   
    | +-o CPU5  <class IOACPIPlatformDevice, id 0x100000138, registered, matched, active, busy 0 (4 ms), retain 7>
    | |   {
    | |     "processor-index" = 0x5
    | |     "processor-id" = 0x6
    | |     "name" = <4350553500>
    | |     "cpu-type" = <0606>
    | |     "device_type" = <70726f636573736f7200>
    | |   }
    | |   
    | +-o CPU6  <class IOACPIPlatformDevice, id 0x100000139, registered, matched, active, busy 0 (4 ms), retain 7>
    | |   {
    | |     "processor-index" = 0x6
    | |     "processor-id" = 0x7
    | |     "name" = <4350553600>
    | |     "cpu-type" = <0606>
    | |     "device_type" = <70726f636573736f7200>
    | |   }
    | |   
    | +-o CPU7  <class IOACPIPlatformDevice, id 0x10000013a, registered, matched, active, busy 0 (4 ms), retain 7>
    | |   {
    | |     "processor-index" = 0x7
    | |     "processor-id" = 0x8
    | |     "name" = <4350553700>
    | |     "cpu-type" = <0606>
    | |     "device_type" = <70726f636573736f7200>
    | |   }
    | |   
    | +-o io-apic@fec00000  <class IOACPIPlatformDevice, id 0x10000013b, registered, matched, active, busy 0 (0 ms), retain 7>
    | | | {
    | | |   "Physical Address" = 0xfffffffffec00000
    | | |   "Vector Limit" = 0x70
    | | |   "InterruptControllerName" = "io-apic-0"
    | | |   "Destination APIC ID" = 0x0
    | | |   "Base Vector Number" = 0x40
    | | |   "IOInterruptControllers" = ("IOPlatformInterruptController")
    | | |   "IOInterruptSpecifiers" = (<00000000>)
    | | |   "APIC ID" = 0x2
    | | | }
    | | | 
    | | +-o AppleAPICInterruptController  <class AppleAPICInterruptController, id 0x100000145, registered, matched, active, busy 0 (0 ms), retain 8>
    | |     {
    | |       "IOClass" = "AppleAPICInterruptController"
    | |       "CFBundleIdentifier" = "com.apple.driver.AppleAPIC"
    | |       "IOProviderClass" = "IOPlatformDevice"
    | |       "IOProbeScore" = 0x0
    | |       "IONameMatch" = "io-apic"
    | |       "IOMatchedAtBoot" = Yes
    | |       "IOMatchCategory" = "IODefaultMatchCategory"
    | |       "Base Vector Number" = 0x40
    | |       "Vector Count" = 0x28
    | |       "IONameMatched" = "io-apic"
    | |       "IOPersonalityPublisher" = "com.apple.driver.AppleAPIC"
    | |       "CFBundleIdentifierKernel" = "com.apple.driver.AppleAPIC"
    | |     }
    | |     
    | +-o AppleACPIEventController  <class AppleACPIEventController, id 0x100000146, !registered, !matched, active, busy 0, retain 6>
    | |   {
    | |     "InterruptControllerName" = "ACPIEventController"
    | |   }
    | |   
    | +-o boot-ec  <class IOACPIPlatformDevice, id 0x100000147, registered, matched, active, busy 0 (3 ms), retain 7>
    | | | {
    | | |   "IOReportLegendPublic" = Yes
    | | |   "IOInterruptControllers" = ("ACPIEventController")
    | | |   "IOInterruptSpecifiers" = (<5300000000000000>)
    | | |   "IOReportLegend" = ({"IOReportGroupName"="Interrupt Statistics (by index)","IOReportChannels"=((0x496e747200000000,0x100020001,"               First Level Interrupt Handler Count"),(0x496e747200000001,0x100020001,"              Second Level Interrupt Handler Count"),(0x496e747200000002,0x100020001,"        First Level Interrupt Handler Time (MATUs)"),(0x496e747200000003,0x100020001,"   Second Level Interrupt Handler CPU Time (MATUs)"),(0x496e747200000004,0x100020001,"Second Level Interrupt Handler System Time (MATUs)")),"IOReportCh$
    | | | }
    | | | 
    | | +-o AppleACPIEC  <class AppleACPIEC, id 0x100000148, registered, matched, active, busy 0 (0 ms), retain 6>
    | |     {
    | |       "IOProbeScore" = 0x0
    | |       "CFBundleIdentifier" = "com.apple.driver.AppleACPIEC"
    | |       "IOProviderClass" = "IOACPIPlatformDevice"
    | |       "IOClass" = "AppleACPIEC"
    | |       "IOPersonalityPublisher" = "com.apple.driver.AppleACPIEC"
    | |       "CFBundleIdentifierKernel" = "com.apple.driver.AppleACPIEC"
    | |       "IOMatchedAtBoot" = Yes
    | |       "IONameMatch" = ("PNP0C09","boot-ec")
    | |       "IOMatchCategory" = "IODefaultMatchCategory"
    | |       "IONameMatched" = "boot-ec"
    | |       "Statistics" = {"OBFSciTimeout"=0x0,"SpuriousQuery"=0x0,"CommandCount"=0x7716,"MaxLatency"=0x2f9322,"SCIActive"=Yes,"CommandRetry"=0x0,"SpuriousSCI"=0x3,"IBFSciTimeout"=0x0,"OBFPollTimeout"=0x0,"IBFPollTimeout"=0x0,"MissingSCI"=0x0}
    | |     }
    | |     
    | +-o bios  <class IOPlatformDevice, id 0x100000149, registered, matched, active, busy 0 (0 ms), retain 6>
    | | | {
    | | |   "IOName" = "bios"
    | | | }
    | | | 
    | | +-o AppleSMBIOS  <class AppleSMBIOS, id 0x10000014a, registered, matched, active, busy 0 (0 ms), retain 5>
    | |     {
    | |       "IOClass" = "AppleSMBIOS"
    | |       "CFBundleIdentifier" = "com.apple.driver.AppleSMBIOS"
    | |       "IOProviderClass" = "IOPlatformDevice"
    | |       "IOProbeScore" = 0x0
    | |       "IONameMatch" = "bios"
    | |       "IOMatchedAtBoot" = Yes
    | |       "IOMatchCategory" = "AppleSMBIOS"
    | |       "SMBIOS-EPS" = <5f534d5f671f020712010000000000005f444d495fad4f0700c0fa8a210000>
    | |       "IONameMatched" = "bios"
    | |       "IOPersonalityPublisher" = "com.apple.driver.AppleSMBIOS"
    | |       "SMBIOS" = <071300000180012000200020002000000404074c312043616368650000071301000180012000200020002000000403074c312043616368650000071302000181010001000120002000000505074c32204361636865000007130300018201000c000c20002000000605094c332043616368650000042a04000103cd02d4060300fffbebbf038a19008c0a1c0c412e010002000300040506020204fc00cd005533453100496e74656c28522920436f72706f726174696f6e00496e74656c28522920436f726528544d292069352d353235375520435055204020322e373047487a00200020002000000018050001020000037f8098010000000000810e0001ffff4170706c652$
    | |       "CFBundleIdentifierKernel" = "com.apple.driver.AppleSMBIOS"
    | |     }
    | |     
    | +-o PCI0@0  <class IOACPIPlatformDevice, id 0x10000014e, registered, matched, active, busy 0 (13114 ms), retain 45>
    | | | {
    | | |   "compatible" = <504e503041303300>
    | | |   "IODTPersist" = 0x0
    | | |   "_STA" = 0xffffffffffffffff
    | | |   "IOPCIConfigured" = Yes
    | | |   "acpi-address-spaces" = <0200000000000000000000000000000000000000000000000000000000000000ff00000000000000000000000000000000010000000000000000000000000000000000000000000000000000000000000100000000000000000000000000000000000000000000000000000000000000f70c0000000000000000000000000000f80c000000000000000000000000000000000000000000000000000000000000010000000000000000000000000000000000000000000000000d000000000000ffff000000000000000000000000000000f300000000000000000000000000000000000000000000000000000000000000000000000000000000000000000000$
    | | |   "IODeviceMemory" = (({"address"=0xcf8,"length"=0x8}))
    | | |   "#size-cells" = <02000000>
    | | |   "acpi-pci-routing-table" = <1800000000000000ffff1f000000000015000000000000001800000001000000ffff1f000000000013000000000000001800000002000000ffff1f000000000012000000000000001800000003000000ffff1f000000000010000000000000001800000000000000ffff03000000000010000000000000001800000000000000ffff14000000000010000000000000001800000000000000ffff15000000000014000000000000001800000001000000ffff15000000000014000000000000001800000002000000ffff15000000000015000000000000001800000003000000ffff15000000000015000000000000001800000000000000ffff1d0000000$
    | | |   "_ADR" = 0x0
    | | |   "_UID" = "0"
    | | |   "device-properties" = {"acpi-device"="IOACPIPlatformDevice is not serializable","acpi-path"="IOACPIPlane:/_SB/PCI0@0"}
    | | |   "#address-cells" = <03000000>
    | | |   "acpi-path" = "IOACPIPlane:/_SB/PCI0@0"
    | | |   "name" = <504e503041303800>
    | | |   "acpi-device" = "IOACPIPlatformDevice is not serializable"
    | | | }
    | | | 
    | | +-o AppleACPIPCI  <class AppleACPIPCI, id 0x10000025d, registered, matched, active, busy 0 (13104 ms), retain 39>
    | |   | {
    | |   |   "IOProbeScore" = 0x1388
    | |   |   "CFBundleIdentifier" = "com.apple.driver.AppleACPIPlatform"
    | |   |   "IOProviderClass" = "IOACPIPlatformDevice"
    | |   |   "IOClass" = "AppleACPIPCI"
    | |   |   "IOPersonalityPublisher" = "com.apple.driver.AppleACPIPlatform"
    | |   |   "CFBundleIdentifierKernel" = "com.apple.driver.AppleACPIPlatform"
    | |   |   "IOMatchedAtBoot" = Yes
    | |   |   "IONameMatch" = "PNP0A03"
    | |   |   "IOMatchCategory" = "IODefaultMatchCategory"
    | |   |   "IONameMatched" = "PNP0A03"
    | |   |   "IOPowerManagement" = {"ChildrenPowerState"=0x2,"CurrentPowerState"=0x2,"CapabilityFlags"=0x102,"MaxPowerState"=0x3}
    | |   | }
    | |   | 
    | |   +-o MCHC@0  <class IOPCIDevice, id 0x1000001e4, registered, matched, active, busy 0 (1 ms), retain 8>
    | |   |   {
    | |   |     "name" = <706369383038362c3136303400>
    | |   |     "subsystem-vendor-id" = <6b100000>
    | |   |     "compatible" = <706369313036622c31336600706369383038362c3136303400706369636c6173732c303630303030004d43484300>
    | |   |     "IOName" = "pci8086,1604"
    | |   |     "reg" = <0000000000000000000000000000000000000000>
    | |   |     "device-id" = <04160000>
    | |   |     "IOServiceDEXTEntitlements" = (("com.apple.developer.driverkit.transport.pci"))
    | |   |     "IOPowerManagement" = {"CurrentPowerState"=0x2,"CapabilityFlags"=0x102,"ChildProxyPowerState"=0x2,"MaxPowerState"=0x3}
    | |   |     "built-in" = <00>
    | |   |     "IOPCIResourced" = Yes
    | |   |     "revision-id" = <09000000>
    | |   |     "IOInterruptControllers" = ()
    | |   |     "vendor-id" = <86800000>
    | |   |     "pcidebug" = "0:0:0"
    | |   |     "class-code" = <00000600>
    | |   |     "IOInterruptSpecifiers" = ()
    | |   |     "acpi-path" = "IOACPIPlane:/_SB/PCI0@0/MCHC@0"
    | |   |     "subsystem-id" = <3f010000>
    | |   |     "acpi-device" = "IOACPIPlatformDevice is not serializable"
    | |   |   }
    | |   |   
    | |   +-o IGPU@2  <class IOPCIDevice, id 0x1000001e6, registered, matched, active, busy 0 (12089 ms), retain 27>
    | |   | | {
    | |   | |   "acpi-path" = "IOACPIPlane:/_SB/PCI0@0/IGPU@20000"
    | |   | |   "acpi-device" = "IOACPIPlatformDevice is not serializable"
    | |   | |   "assigned-addresses" = <101000827f000000000000a00000000000000001181000c27f0000000000009000000000000000102010008100000000003000000000000040000000>
    | |   | |   "vendor-id" = <86800000>
    | |   | |   "class-code" = <00000300>
    | |   | |   "subsystem-vendor-id" = <6b100000>
    | |   | |   "hda-gfx" = <6f6e626f6172642d3100>
    | |   | |   "IOMemoryDescriptorOptions" = 0x800
    | |   | |   "IOName" = "display"
    | |   | |   "IOPCIMSIMode" = Yes
    | |   | |   "pcidebug" = "0:2:0"
    | |   | |   "AAPL,gray-value" = <00000000>
    | |   | |   "IOServiceDEXTEntitlements" = (("com.apple.developer.driverkit.transport.pci"))
    | |   | |   "IOInterruptControllers" = ("io-apic-0","IOPCIMessagedInterruptController")
    | |   | |   "built-in" = <00>
    | |   | |   "IOPCIResourced" = Yes
    | |   | |   "StartupDisplay" = <474e020000000000000a00004006000020fc001000000000000a000040060000a000000000000000000000002e0000000000000000000000300000002000000003000000060000000000000000000000000000010000000000000000ad0b0df00100000000000000000a00004006000020fc001000000000000a000040060000a000000000000000000000002e0000000000000000000000300000002000000003000000060000000000000000000000>
    | |   | |   "saved-config" = <470000000000000000000000000000000000030002002b16006c051b00000000000000000000000000000000000000000000000000000000000000000000000000000000000000010101010006102aa002024000000000000000000220fc0010000a4006a00000002e0000003000200003000600000a4006002800000000000000000000000000000000000000000000000000000000000000000000000000000000000000000000000000000000000000000000000000000000000000000000000000000000000000000000000000000000000000000000000000000000>
    | |   | |   "IOPowerManagement" = {"ChildrenPowerState"=0x2,"CurrentPowerState"=0x2,"CapabilityFlags"=0x102,"ChildProxyPowerState"=0x2,"MaxPowerState"=0x3}
    | |   | |   "IODeviceMemory" = (({"address"=0x7fa0000000,"length"=0x1000000}),({"address"=0x7f90000000,"length"=0x10000000}),"IOSubMemoryDescriptor is not serializable")
    | |   | |   "name" = <646973706c617900>
    | |   | |   "subsystem-id" = <3f010000>
    | |   | |   "graphic-options" = <0c000000>
    | |   | |   "model" = <496e74656c2049726973204772617068696373203631303000>
    | |   | |   "IOBusyInterest" = "IOCommand is not serializable"
    | |   | |   "AAPL,gray-page" = <01000000>
    | |   | |   "compatible" = <706369313036622c31336600706369383038362c3136326200706369636c6173732c303330303030004947505500>
    | |   | |   "IOHibernateState" = <00000000>
    | |   | |   "IOReportLegendPublic" = Yes
    | |   | |   "attached-gpu-control-path" = "IOService:/AppleACPIPlatformExpert/PCI0@0/AppleACPIPCI/IGPU@2/AppleIntelFramebuffer@0/AGPM"
    | |   | |   "reg" = <0010000000000000000000000000000000000000101000020000000000000000000000000000000118100042000000000000000000000000000000102010000100000000000000000000000040000000>
    | |   | |   "IOReportLegend" = ({"IOReportGroupName"="Interrupt Statistics (by index)","IOReportChannels"=((0x496e747200010000,0x100020001,"               First Level Interrupt Handler Count"),(0x496e747200010001,0x100020001,"              Second Level Interrupt Handler Count"),(0x496e747200010002,0x100020001,"        First Level Interrupt Handler Time (MATUs)"),(0x496e747200010003,0x100020001,"   Second Level Interrupt Handler CPU Time (MATUs)"),(0x496e747200010004,0x100020001,"Second Level Interrupt Handler System Time (MATUs)")),"IORepo$
    | |   | |   "device-id" = <2b160000>
    | |   | |   "revision-id" = <09000000>
    | |   | |   "iommu-selection" = <00000000>
    | |   | |   "IOInterruptSpecifiers" = (<1000000007000000>,<0a00000000000100>)
    | |   | |   "AAPL,ig-platform-id" = <02002b16>
    | |   | | }
    | |   | | 
    | |   | +-o AppleIntelFBController  <class AppleIntelFBController, id 0x10000040a, registered, matched, active, busy 0 (13 ms), retain 10>
    | |   | | | {
    | |   | | |   "IOClass" = "AppleIntelFBController"
    | |   | | |   "CFBundleIdentifier" = "com.apple.driver.AppleIntelBDWGraphicsFramebuffer"
    | |   | | |   "FeatureControl" = {"SpreadON"=0x1,"EDPDownSpreadDisable"=0x0,"FBCEnableOnBypass"=0x1,"Enable8K"=0x1,"RenderStandby"=0x1,"EnableDEUnderrunPanic"=0x0,"EnablePlaneRotation"=0x1,"VBLWatchdogFeatureEnable"=0x1,"lp3waenable"=0x1,"HPDMetricEnable"=0x0,"Watermarks"=0x1,"GPUInterruptHandling"=0x1,"IgnorePanelTimings"=0x0,"ASRDisable"=0x0,"AllowAtomicCSCUpdates"=0x0,"DisableAutomaticIPS"=0x1,"EnableTconScaler"=0x1,"FastDisplayDetectDisable"=0x0,"RCxEIModeEnable"=0x0,"transcapenable"=0x1,"DisableFeatureIPS"=0x0,"SetRC6Voltage"=0x0,"Use$
    | |   | | |   "IOProviderClass" = "IOPCIDevice"
    | |   | | |   "IOPCIClassMatch" = "0x03000000&0xff000000"
    | |   | | |   "FBCControl" = {"Compression"=0x1}
    | |   | | |   "IOSourceVersion" = "0.0.0.0.0"
    | |   | | |   "IOProbeScore" = 0x13881
    | |   | | |   "RCxControl" = {"RC_Eval_Interval"=0x6590,"RC1_Threshold"=0x104,"RC6p_Threshold"=0x514}
    | |   | | |   "NumFrameBuffer" = <03>
    | |   | | |   "IOMatchCategory" = "IOFramebuffer"
    | |   | | |   "dpm" = <01000000>
    | |   | | |   "IOReportLegend" = ({"IOReportChannels"=((0x524330,0x180000001,"RC0"),(0x524331,0x180000001,"RC1"),(0x524336,0x180000001,"RC6")),"IOReportGroupName"="GPU C-States","IOReportChannelInfo"={"IOReportChannelUnit"=0x100007600000000}},{"IOReportChannels"=((0x445042,0x200020002,"Dynamic Pixel Backlight State")),"IOReportGroupName"="Display","IOReportChannelInfo"={"IOReportChannelUnit"=0x100007600000001}},{"IOReportChannels"=((0x505352,0x700020002,"Panel Self Refresh State")),"IOReportGroupName"="Display","IOReportChannelInfo"={"IORe$
    | |   | | |   "IOReportLegendPublic" = Yes
    | |   | | |   "IOPersonalityPublisher" = "com.apple.driver.AppleIntelBDWGraphicsFramebuffer"
    | |   | | |   "IOPCIPrimaryMatch" = "0x0BD18086 0x0BD28086 0x0BD38086 0x16068086 0x160e8086 0x16168086 0x161e8086 0x16268086 0x16228086 0x16128086 0x162b8086"
    | |   | | |   "FBMemControl" = 0xb
    | |   | | |   "CFBundleIdentifierKernel" = "com.apple.driver.AppleIntelBDWGraphicsFramebuffer"
    | |   | | |   "VRAM,totalMB" = <0006000000000000>
    | |   | | | }
    | |   | | | 
    | |   | | +-o IntelFBClientControl  <class IntelFBClientControl, id 0x10000049f, registered, matched, active, busy 0 (1 ms), retain 13>
    | |   | | | | {
    | |   | | | |   "BootData" = <00000000000000000000000000000000000000000000000000000000000000000000000000000000000000000000000000000000000000000000000000000000000000000000000000000000000000000000000000000000000000000000000000000000000000000000000000000000000000000000000000000000000000000000000000000000000000000000000000000000000000000000000000000000000000000000000000000000000000000000000000000000000000000000000000000000000000000000000000000000000000000000000000000000000000000000000000000000000000000000000000000000000000000000000000000000000$
    | |   | | | |   "IOUserClientClass" = "AppleGraphicsDeviceControlClient"
    | |   | | | |   "BootStreamConfig" = <000000000000000000000000000000000000000000000000000000000000000000000000>
    | |   | | | |   "FBValidateData" = <00000000000000000000000000000000000000000000000000000000000000000000000000000000000000000000000000000000000000000000000000000000000000000000000000000000000000000000000000000000000000000000000000000000000000000000000000000000000000000000000000000000000000000000000000000000000000000000000000000000000000000000000000000000000000000000000000000000000000000000000000000000000000000000000000000000000000000000000000000000000000000000000000000000000000000000000000000000000000000000000000000000000000000000000000000$
    | |   | | | | }
    | |   | | | | 
    | |   | | | +-o AppleGraphicsDevicePolicy  <class AppleGraphicsDevicePolicy, id 0x1000004a2, !registered, !matched, active, busy 0 (0 ms), retain 8>
    | |   | | | | | {
    | |   | | | | |   "IOClass" = "AppleGraphicsDevicePolicy"
    | |   | | | | |   "CFBundleIdentifier" = "com.apple.driver.AppleGraphicsDevicePolicy"
    | |   | | | | |   "IOProviderClass" = "AppleGraphicsDeviceControl"
    | |   | | | | |   "IOPowerManagement" = {"CapabilityFlags"=0x8000,"MaxPowerState"=0x1,"CurrentPowerState"=0x1}
    | |   | | | | |   "IOResourceMatch" = "IOKit"
    | |   | | | | |   "Config2" = {"GFX0"={"EDID"={"index"=0x0},"FeatureControl"=0xc,"unload"=No}}
    | |   | | | | |   "Default" = {"none"=""}
    | |   | | | | |   "IOMatchCategory" = "AppleGraphicsDevicePolicy"
    | |   | | | | |   "IOProbeScore" = 0x3e8
    | |   | | | | |   "ConfigMap" = {"Mac-C9CF552659EA9913"="none","Mac-F60DEB81FF30ACF6"="Config1","Mac-B809C3757DA9BB8D"="Config2","Mac-C3EC7CD22292981F"="none","Mac-FA842E06C61E91C5"="Config2","Mac-77EB7D7DAF985301"="none","Mac-AA95B1DDAB278B95"="Config3","Mac-4B7AC7E43945597E"="none","Mac-77F17D7DA9285301"="Config3","Mac-81E3E92DD6088272"="Config2","Mac-27ADBB7B4CEE8E61"="none","Mac-00BE6ED71E35EB86"="none","Mac-63001698E7A34814"="Config3","Mac-031B6874CF7F642A"="Config2","Mac-65CE76090165799A"="Config2","Mac-42FD25EABCABB274"="Config2","M$
    | |   | | | | |   "Config4" = {"IGPU"={"unload"=Yes},"display"={"EDID"={"index"=0x0},"FeatureControl"=0xc,"unload"=No},"GFX0"={"EDID"={"index"=0x0},"FeatureControl"=0xc,"unload"=No}}
    | |   | | | | |   "IOPersonalityPublisher" = "com.apple.driver.AppleGraphicsDevicePolicy"
    | |   | | | | |   "Config1" = {"GFX1"={"unload"=Yes}}
    | |   | | | | |   "CFBundleIdentifierKernel" = "com.apple.driver.AppleGraphicsDevicePolicy"
    | |   | | | | |   "Config3" = {"IGPU"={"unload"=Yes},"GFX0"={"EDID"={"index"=0x0},"FeatureControl"=0xc,"unload"=No}}
    | |   | | | | | }
    | |   | | | | | 
    | |   | | | | +-o AGDPClientControl  <class AGDPClientControl, id 0x1000004a3, registered, matched, active, busy 0 (0 ms), retain 8>
    | |   | | | |   | {
    | |   | | | |   |   "NeedsPolicyDriver" = No
    | |   | | | |   |   "IOUserClientClass" = "AGDPUserClient"
    | |   | | | |   |   "IOGeneralInterest" = "IOCommand is not serializable"
    | |   | | | |   | }
    | |   | | | |   | 
    | |   | | | |   +-o AGDPUserClient  <class AGDPUserClient, id 0x10000052f, !registered, !matched, active, busy 0, retain 5>
    | |   | | | |       {
    | |   | | | |         "IOUserClientCreator" = "pid 371, displaypolicyd"
    | |   | | | |         "IOUserClientDefaultLocking" = Yes
    | |   | | | |       }
    | |   | | | |       
    | |   | | | +-o AppleGraphicsDeviceControlClient  <class AppleGraphicsDeviceControlClient, id 0x1000004ef, !registered, !matched, active, busy 0, retain 5>
    | |   | | | |   {
    | |   | | | |     "IOUserClientCreator" = "pid 169, WindowServer"
    | |   | | | |     "IOUserClientDefaultLocking" = Yes
    | |   | | | |   }
    | |   | | | |   
    | |   | | | +-o AppleGraphicsDeviceControlClient  <class AppleGraphicsDeviceControlClient, id 0x1000004fb, !registered, !matched, active, busy 0, retain 5>
    | |   | | | |   {
    | |   | | | |     "IOUserClientCreator" = "pid 169, WindowServer"
    | |   | | | |     "IOUserClientDefaultLocking" = Yes
    | |   | | | |   }
    | |   | | | |   
    | |   | | | +-o AppleGraphicsDeviceControlClient  <class AppleGraphicsDeviceControlClient, id 0x100000507, !registered, !matched, active, busy 0, retain 5>
    | |   | | | |   {
    | |   | | | |     "IOUserClientCreator" = "pid 169, WindowServer"
    | |   | | | |     "IOUserClientDefaultLocking" = Yes
    | |   | | | |   }
    | |   | | | |   
    | |   | | | +-o AppleGraphicsDeviceControlClient  <class AppleGraphicsDeviceControlClient, id 0x10000050d, !registered, !matched, active, busy 0, retain 5>
    | |   | | | |   {
    | |   | | | |     "IOUserClientCreator" = "pid 169, WindowServer"
    | |   | | | |     "IOUserClientDefaultLocking" = Yes
    | |   | | | |   }
    | |   | | | |   
    | |   | | | +-o AppleGraphicsDeviceControlClient  <class AppleGraphicsDeviceControlClient, id 0x1000007cd, !registered, !matched, active, busy 0, retain 5>
    | |   | | |     {
    | |   | | |       "IOUserClientCreator" = "pid 2586, PerfPowerService"
    | |   | | |       "IOUserClientDefaultLocking" = Yes
    | |   | | |     }
    | |   | | |     
    | |   | | +-o AppleMEClientController  <class AppleMEClientController, id 0x1000004a1, registered, matched, active, busy 0 (0 ms), retain 6>
    | |   | |     {
    | |   | |       "IOProbeScore" = 0x3e8
    | |   | |       "CFBundleIdentifier" = "com.apple.driver.AppleIntelBDWGraphicsFramebuffer"
    | |   | |       "IOMatchCategory" = "AppleMEClientController"
    | |   | |       "IOClass" = "AppleMEClientController"
    | |   | |       "IOPersonalityPublisher" = "com.apple.driver.AppleIntelBDWGraphicsFramebuffer"
    | |   | |       "IOProviderClass" = "AppleIntelFBController"
    | |   | |       "RetryCount" = 0x3
    | |   | |       "CFBundleIdentifierKernel" = "com.apple.driver.AppleIntelBDWGraphicsFramebuffer"
    | |   | |       "IOUserClientClass" = "AppleSNBFBUserClient"
    | |   | |       "IOPowerManagement" = {"CapabilityFlags"=0x8000,"MaxPowerState"=0x1,"CurrentPowerState"=0x1}
    | |   | |     }
    | |   | |     
    | |   | +-o AppleIntelFramebuffer@0  <class AppleIntelFramebuffer, id 0x10000040e, registered, matched, active, busy 0 (71 ms), retain 21>
    | |   | | | {
    | |   | | |   "IOI2CTransactionTypes" = 0x13
    | |   | | |   "IOFBScalerInfo" = <000000000000000000000000000000000e000000ff1f0000ff1f00000000000000000000000000000000000000000000>
    | |   | | |   "IOPMStrictTreeOrder" = Yes
    | |   | | |   "av-signal-type" = <00000000>
    | |   | | |   "IOBacklightHandlerID" = 0x10000041a
    | |   | | |   "IOFBDependentIndex" = 0x0
    | |   | | |   "IOFBUIScale" = <02000000>
    | |   | | |   "audio-codec-info" = <00000000>
    | |   | | |   "IOFBMemorySize" = 0x10000000
    | |   | | |   "boot-gamma-restored" = <00000000>
    | |   | | |   "IOScreenRestoreState" = <01000000>
    | |   | | |   "IOFBGammaCount" = 0x400
    | |   | | |   "IOFBCurrentPixelCount" = 0x4450c0
    | |   | | |   "IOFBCLUTDefer" = Yes
    | |   | | |   "IOFramebufferOpenGLIndex" = 0x0
    | |   | | |   "AAPL,DisplayPipe" = <00000000>
    | |   | | |   "IOFBI2CInterfaceInfo" = ({"IOI2CInterfaceID"=0x0,"IOI2CTransactionTypes"=0x13})
    | |   | | |   "connector-type" = <02000000>
    | |   | | |   "IODisplayParameters" = "IOFramebufferParameterHandler is not serializable"
    | |   | | |   "startup-timing" = <00000000000000800010008000000000000000000000000000000000000000000000000000000000000000000100000020fc00100000000020fc00100000000020fc001000000000000a0000a00000003000000020000000400600002e000000030000000600000000000000000000000000000000000000010000000000000000000000000000000200000000000000000000000000000000000000000000000000000000000000>
    | |   | | |   "AAPL,boot-display" = Yes
    | |   | | |   "IOAccelTypes" = "IOService:/AppleACPIPlatformExpert/PCI0@0/AppleACPIPCI/IGPU@2/IntelAccelerator"
    | |   | | |   "built-in" = <>
    | |   | | |   "IOPowerManagement" = {"ChildrenPowerState"=0x2,"MaxPowerState"=0x2,"CurrentPowerState"=0x2,"CapabilityFlags"=0x8000,"ChildProxyPowerState"=0x2,"DriverPowerState"=0x1}
    | |   | | |   "IOFBCurrentPixelClock" = 0x1000fc20
    | |   | | |   "IOFBGammaWidth" = 0xa
    | |   | | |   "IOFBDependentID" = 0x10000040a
    | |   | | |   "IOAccelIndex" = 0x0
    | |   | | |   "IOFBConfig" = {"IOFBModes"=({"ID"=0xffffffff80001000,"DM"=<000a000040060000baf83b0000000000070000021e01b300000000000000000000000000>,"TM"=<0010008000000000000000000000000000000000000000000000000000000000000000000100000020fc00100000000020fc00100000000020fc001000000000000a0000a00000003000000020000000400600002e000000030000000600000000000000000000000000000000000000010000000000000000000000000000000200000000000000000000000000000000000000000000000000000000000000>},{"ID"=0xffffffff80001001,"DM"=<0005000020030000baf83b000000000003000$
    | |   | | |   "IOFBWaitCursorFrames" = 0x1d
    | |   | | |   "IOFBIntegrated" = Yes
    | |   | | |   "IOFBProbeOptions" = 0x401
    | |   | | |   "IOFBNeedsRefresh" = No
    | |   | | |   "IOFBWaitCursorPeriod" = 0x1fca055
    | |   | | |   "IOFBTransform" = 0x0
    | |   | | |   "IOAccelRevision" = 0x2
    | |   | | |   "IOFBI2CInterfaceIDs" = (0x0)
    | |   | | |   "audio-device-nvalue" = <e1000000>
    | |   | | |   "IOCFPlugInTypes" = {"ACCF0000-0000-0000-0000-000a2789904e"="IOAccelerator2D.plugin"}
    | |   | | |   "IOFBCursorInfo" = (<0100000000010000000100002000000000000000000000000000000000000000000000000400000000000000ffffff000000000000000000000000000000000000000000000000000000000000000000000000000000000000000000000000000000000000000000>)
    | |   | | |   "audio-device-mvalue" = <08000000>
    | |   | | |   "IOFBDetailedTimings" = (<0010008000000000000000000000000000000000000000000000000000000000000000000100000020fc00100000000020fc00100000000020fc001000000000000a0000a00000003000000020000000400600002e000000030000000600000000000000000000000000000000000000010000000000000000000000000000000200000000000000000000000000000000000000000000000000000000000000>,<0110008000000000000000000000000000000000000000000005000020030000000000000100000020fc00100000000020fc00100000000020fc001000000000000a0000a00000003000000020000000400600002e000000030000$
    | |   | | |   "IOFBTimingRange" = <0000000000000000000000000000000000000000000000000000000000000000002d310100000000000fbe1400000000000000000f0000000f0000000800000000000000ffffffff00000000ffffffffff1f0000ff1f0000000000000000000001010101010101010101010101010000000000000020000000000000ff1f000000000000ff1f000000000000ff1f000000000000000c000000000000ff1f000000000000ff1f000000000000ff1f000000000000000000000000000000000000000000000000000000000000000000000000000000000000000000000000000000000000000000000000000000000000000000000000000000000000000000$
    | |   | | |   "IOFBCurrentPixelCountReal" = 0x4450c0
    | |   | | |   "IOGeneralInterest" = "IOCommand is not serializable"
    | |   | | |   "port-number" = 0x0
    | |   | | |   "EnableLPVP" = 0x1
    | |   | | | }
    | |   | | | 
    | |   | | +-o AGPM  <class AGPM, id 0x10000049b, registered, matched, active, busy 0 (31 ms), retain 10>
    | |   | | | | {
    | |   | | | |   "max-value" = 0xb
    | |   | | | |   "min-value" = 0x0
    | |   | | | |   "IOReportLegendPublic" = Yes
    | |   | | | |   "GPUInternalSingleSlice" = {"max-value"=0xf,"min-value"=0x0}
    | |   | | | |   "IOPowerManagement" = {"CapabilityFlags"=0x0,"CurrentPowerState"=0x0}
    | |   | | | |   "Heuristic-ID" = <02000000>
    | |   | | | |   "IOReportLegend" = ({"IOReportChannels"=((0x506c696d69744944,0x180000001,"PlimitNS"),(0x53616d706c654944,0x180000001,"PlimitSampleTimeNS")),"IOReportGroupName"="AGPMStatistics","IOReportChannelInfo"={"IOReportChannelUnit"=0x0}})
    | |   | | | | }
    | |   | | | | 
    | |   | | | +-o AGPMClient  <class AGPMClient, id 0x100000abb, !registered, !matched, active, busy 0, retain 5>
    | |   | | | |   {
    | |   | | | |     "IOUserClientCreator" = "pid 408, Dock"
    | |   | | | |     "IOUserClientDefaultLocking" = Yes
    | |   | | | |   }
    | |   | | | |   
    | |   | | | +-o AGPMClient  <class AGPMClient, id 0x100001785, !registered, !matched, active, busy 0, retain 5>
    | |   | | |     {
    | |   | | |       "IOUserClientCreator" = "pid 425, QuickLookUIServi"
    | |   | | |       "IOUserClientDefaultLocking" = Yes
    | |   | | |     }
    | |   | | |     
    | |   | | +-o AppleMCCSControlModule  <class AppleMCCSControlModule, id 0x1000004a9, registered, matched, active, busy 0 (0 ms), retain 7>
    | |   | | | | {
    | |   | | | |   "IOProbeScore" = 0x0
    | |   | | | |   "CFBundleIdentifier" = "com.apple.driver.AppleMCCSControl"
    | |   | | | |   "IOMatchCategory" = "AppleMCCSControlFamily"
    | |   | | | |   "IOClass" = "AppleMCCSControlModule"
    | |   | | | |   "IOPersonalityPublisher" = "com.apple.driver.AppleMCCSControl"
    | |   | | | |   "IOKitDebug" = 0x0
    | |   | | | |   "IOProviderClass" = "IOFramebuffer"
    | |   | | | |   "CFBundleIdentifierKernel" = "com.apple.driver.AppleMCCSControl"
    | |   | | | |   "IOUserClientClass" = "AppleMCCSUserClient"
    | |   | | | |   "IOResourceMatch" = "IOKit"
    | |   | | | | }
    | |   | | | | 
    | |   | | | +-o AppleMCCSParameterHandler  <class AppleMCCSParameterHandler, id 0x1000004ab, registered, matched, active, busy 0 (0 ms), retain 5>
    | |   | | |     {
    | |   | | |       "IOProbeScore" = 0x0
    | |   | | |       "CFBundleIdentifier" = "com.apple.driver.AppleMCCSControl"
    | |   | | |       "IOMatchCategory" = "IODisplayParameters"
    | |   | | |       "IOClass" = "AppleMCCSParameterHandler"
    | |   | | |       "IOPersonalityPublisher" = "com.apple.driver.AppleMCCSControl"
    | |   | | |       "IOKitDebug" = 0x0
    | |   | | |       "AppleMCCSFeatures" = 0x1
    | |   | | |       "IOProviderClass" = "AppleMCCSControlFamily"
    | |   | | |       "CFBundleIdentifierKernel" = "com.apple.driver.AppleMCCSControl"
    | |   | | |       "IOResourceMatch" = "IOKit"
    | |   | | |     }
    | |   | | |     
    | |   | | +-o AppleUpstreamUserClientDriver  <class AppleUpstreamUserClientDriver, id 0x1000004aa, registered, matched, active, busy 0 (0 ms), retain 5>
    | |   | | |   {
    | |   | | |     "IOProbeScore" = 0x0
    | |   | | |     "CFBundleIdentifier" = "com.apple.driver.AppleUpstreamUserClient"
    | |   | | |     "IOMatchCategory" = "AppleUpstreamUserClientDriver"
    | |   | | |     "IOClass" = "AppleUpstreamUserClientDriver"
    | |   | | |     "IOPersonalityPublisher" = "com.apple.driver.AppleUpstreamUserClient"
    | |   | | |     "IOProviderClass" = "IOFramebuffer"
    | |   | | |     "CFBundleIdentifierKernel" = "com.apple.driver.AppleUpstreamUserClient"
    | |   | | |     "IOUserClientClass" = "AppleUpstreamUserClient"
    | |   | | |     "IOResourceMatch" = "IOKit"
    | |   | | |   }
    | |   | | |   
    | |   | | +-o IOFramebufferI2CInterface  <class IOFramebufferI2CInterface, id 0x1000004d3, registered, matched, active, busy 0 (1 ms), retain 7>
    | |   | | | | {
    | |   | | | |   "IOI2CBusType" = 0x1
    | |   | | | |   "IOI2CSupportedCommFlags" = 0x2
    | |   | | | |   "IOI2CInterfaceID" = 0x0
    | |   | | | |   "IOI2CTransactionTypes" = 0x13
    | |   | | | | }
    | |   | | | | 
    | |   | | | +-o IOI2CInterfaceUserClient  <class IOI2CInterfaceUserClient, id 0x10000275a, !registered, !matched, active, busy 0, retain 5>
    | |   | | | |   {
    | |   | | | |     "IOUserClientCreator" = "pid 24778, System Informati"
    | |   | | | |     "IOUserClientDefaultLocking" = Yes
    | |   | | | |   }
    | |   | | | |   
    | |   | | | +-o IOI2CInterfaceUserClient  <class IOI2CInterfaceUserClient, id 0x10000275d, !registered, !matched, active, busy 0, retain 5>
    | |   | | |     {
    | |   | | |       "IOUserClientCreator" = "pid 24778, System Informati"
    | |   | | |       "IOUserClientDefaultLocking" = Yes
    | |   | | |     }
    | |   | | |     
    | |   | | +-o display0  <class IODisplayConnect, id 0x1000004d4, registered, matched, active, busy 0 (1 ms), retain 6>
    | |   | | | | {
    | |   | | | | }
    | |   | | | | 
    | |   | | | +-o AppleBacklightDisplay  <class AppleBacklightDisplay, id 0x1000004d5, registered, matched, active, busy 0 (0 ms), retain 9>
    | |   | | |     {
    | |   | | |       "IOClass" = "AppleBacklightDisplay"
    | |   | | |       "CFBundleIdentifier" = "com.apple.iokit.IOGraphicsFamily"
    | |   | | |       "IOProviderClass" = "IODisplayConnect"
    | |   | | |       "DisplayProductID" = 0xa02a
    | |   | | |       "IODisplayEDID" = <00ffffffffffff0006102aa0000000000a180104a51d1278026fb1a7554c9e250c505400000001010101010101010101010101010101e26800a0a0402e60302036001eb31000001a000000fc00436f6c6f72204c43440a2020200000001000000000000000000000000000000000001000000000000000000000000000000075>
    | |   | | |       "IODisplayPrefsKeyOld" = "IOService:/AppleACPIPlatformExpert/PCI0@0/AppleACPIPCI/IGPU@2/AppleIntelFramebuffer@0/display0/AppleBacklightDisplay-610-a02a"
    | |   | | |       "IODisplayPrefsKey" = "IOService:/AppleACPIPlatformExpert/PCI0@0/AppleACPIPCI/IGPU@2-610-a02a-d3e7c091fcd66f84"
    | |   | | |       "IOProbeScore" = 0xbb8
    | |   | | |       "IODisplayGUID" = 0x610000000000000
    | |   | | |       "IODisplayParameters" = {"commit"={"reg"=0x0},"linear-brightness-probe"={"min"=0x0,"max"=0x569,"value"=0x109},"fade-time2"={"min"=0x0,"max"=0x2710,"value"=0xfa0},"ggsc"={"min"=0x0,"max"=0x10000,"value"=0x10000},"vblm"={"min"=0x0,"max"=0x30000,"value"=0x10000},"dsyp"={"min"=0x0,"max"=0x2,"value"=0x2},"rgsc"={"min"=0x0,"max"=0x10000,"value"=0x10000},"fade-style"={"min"=0x0,"max"=0xa,"value"=0x0},"fade-time1"={"min"=0x0,"max"=0x2710,"value"=0x1f4},"bgsc"={"min"=0x0,"max"=0x10000,"value"=0x10000},"brightness-probe"={"min"=0x0$
    | |   | | |       "IOMatchCategory" = "IODefaultMatchCategory"
    | |   | | |       "IOPowerManagement" = {"DevicePowerState"=0x3,"CurrentPowerState"=0x3,"CapabilityFlags"=0xc000,"MaxPowerState"=0x3}
    | |   | | |       "IOPersonalityPublisher" = "com.apple.iokit.IOGraphicsFamily"
    | |   | | |       "IODisplayConnectFlags" = <00080000>
    | |   | | |       "CFBundleIdentifierKernel" = "com.apple.iokit.IOGraphicsFamily"
    | |   | | |       "IODisplayAttributes" = {"IODisplayAttributes"=<676174760000000073676c6604000000726c6f630100000063706220020000006364670080808000676c666400000000>}
    | |   | | |       "DisplayVendorID" = 0x610
    | |   | | |       "DisplayParameterHandlerUsesCharPtr" = Yes
    | |   | | |       "DisplaySerialNumber" = 0x0
    | |   | | |     }
    | |   | | |     
    | |   | | +-o IOFramebufferUserClient  <class IOFramebufferUserClient, id 0x1000004dd, !registered, !matched, active, busy 0, retain 5>
    | |   | | |   {
    | |   | | |     "IOUserClientCreator" = "pid 169, WindowServer"
    | |   | | |     "IOUserClientDefaultLocking" = Yes
    | |   | | |   }
    | |   | | |   
    | |   | | +-o IOFramebufferSharedUserClient  <class IOFramebufferSharedUserClient, id 0x10000059d, !registered, !matched, active, busy 0, retain 4>
    | |   | |     {
    | |   | |       "IOUserClientCreator" = "pid 59633, Keyboard.remotes"
    | |   | |       "IOUserClientSharedInstance" = Yes
    | |   | |       "IOUserClientDefaultLocking" = Yes
    | |   | |     }
    | |   | |     
    | |   | +-o AppleIntelFramebuffer@1  <class AppleIntelFramebuffer, id 0x10000040f, registered, matched, active, busy 0 (36 ms), retain 17>
    | |   | | | {
    | |   | | |   "IOI2CTransactionTypes" = 0x13
    | |   | | |   "IOFBScalerInfo" = <000000000000000000000000000000003e000000ff1f0000ff1f00000000000000000000000000000000000000000000>
    | |   | | |   "IOPMStrictTreeOrder" = Yes
    | |   | | |   "IOFBDependentIndex" = 0x1
    | |   | | |   "IOFBUIScale" = <00000000>
    | |   | | |   "IOScreenRestoreState" = <02000000>
    | |   | | |   "IOFBGammaCount" = 0x400
    | |   | | |   "IOFBCLUTDefer" = Yes
    | |   | | |   "IOFramebufferOpenGLIndex" = 0x1
    | |   | | |   "AAPL,DisplayPipe" = <ffff0000>
    | |   | | |   "IOFBI2CInterfaceInfo" = ({"IOI2CInterfaceID"=0x0,"IOI2CTransactionTypes"=0x13})
    | |   | | |   "connector-type" = <00040000>
    | |   | | |   "IODisplayParameters" = "IOFramebufferParameterHandler is not serializable"
    | |   | | |   "IOAccelTypes" = "IOService:/AppleACPIPlatformExpert/PCI0@0/AppleACPIPCI/IGPU@2/IntelAccelerator"
    | |   | | |   "IOPowerManagement" = {"MaxPowerState"=0x2,"CurrentPowerState"=0x2,"CapabilityFlags"=0x8000,"ChildProxyPowerState"=0x2,"DriverPowerState"=0x1}
    | |   | | |   "IOFBGammaWidth" = 0xa
    | |   | | |   "IOFBDependentID" = 0x10000040a
    | |   | | |   "IOAccelIndex" = 0x1
    | |   | | |   "IOFBConfig" = {"IOFB0Hz"=Yes,"IOFBModes"=({"ID"=0xffffffffffffff00,"DM"=<010000000100000000000000000000000700000000000000000000000000000000000000>,"AID"=0x226})}
    | |   | | |   "IOFBWaitCursorFrames" = 0x1d
    | |   | | |   "IOFBIntegrated" = Yes
    | |   | | |   "IOFBProbeOptions" = 0x401
    | |   | | |   "IOFBNeedsRefresh" = Yes
    | |   | | |   "IOFBWaitCursorPeriod" = 0x1fca055
    | |   | | |   "IOFBTransform" = 0x0
    | |   | | |   "IOAccelRevision" = 0x2
    | |   | | |   "IOFBI2CInterfaceIDs" = (0x100000000)
    | |   | | |   "audio-device-nvalue" = <e1000000>
    | |   | | |   "IOCFPlugInTypes" = {"ACCF0000-0000-0000-0000-000a2789904e"="IOAccelerator2D.plugin"}
    | |   | | |   "IOFBCursorInfo" = ()
    | |   | | |   "audio-device-mvalue" = <08000000>
    | |   | | |   "IOFBTimingRange" = <0000000000000000000000000000000000000000000000000000000000000000002d310100000000000fbe1400000000000000000f0000000f0000000800000000000000ffffffff00000000ffffffffff1f0000ff1f0000000000000000000001010101010101010101010101010000000000000020000000000000ff1f000000000000ff1f000000000000ff1f000000000000000c000000000000ff1f000000000000ff1f000000000000ff1f000000000000000000000000000000000000000000000000000000000000000000000000000000000000000000000000000000000000000000000000000000000000000000000000000000000000000000$
    | |   | | |   "IOGeneralInterest" = "IOCommand is not serializable"
    | |   | | |   "port-number" = 0x5
    | |   | | | }
    | |   | | | 
    | |   | | +-o AppleMCCSControlModule  <class AppleMCCSControlModule, id 0x1000004a6, registered, matched, active, busy 0 (0 ms), retain 7>
    | |   | | | | {
    | |   | | | |   "IOProbeScore" = 0x0
    | |   | | | |   "CFBundleIdentifier" = "com.apple.driver.AppleMCCSControl"
    | |   | | | |   "IOMatchCategory" = "AppleMCCSControlFamily"
    | |   | | | |   "IOClass" = "AppleMCCSControlModule"
    | |   | | | |   "IOPersonalityPublisher" = "com.apple.driver.AppleMCCSControl"
    | |   | | | |   "IOKitDebug" = 0x0
    | |   | | | |   "IOProviderClass" = "IOFramebuffer"
    | |   | | | |   "CFBundleIdentifierKernel" = "com.apple.driver.AppleMCCSControl"
    | |   | | | |   "IOUserClientClass" = "AppleMCCSUserClient"
    | |   | | | |   "IOResourceMatch" = "IOKit"
    | |   | | | | }
    | |   | | | | 
    | |   | | | +-o AppleMCCSParameterHandler  <class AppleMCCSParameterHandler, id 0x1000004a8, registered, matched, active, busy 0 (0 ms), retain 5>
    | |   | | |     {
    | |   | | |       "IOProbeScore" = 0x0
    | |   | | |       "CFBundleIdentifier" = "com.apple.driver.AppleMCCSControl"
    | |   | | |       "IOMatchCategory" = "IODisplayParameters"
    | |   | | |       "IOClass" = "AppleMCCSParameterHandler"
    | |   | | |       "IOPersonalityPublisher" = "com.apple.driver.AppleMCCSControl"
    | |   | | |       "IOKitDebug" = 0x0
    | |   | | |       "AppleMCCSFeatures" = 0x1
    | |   | | |       "IOProviderClass" = "AppleMCCSControlFamily"
    | |   | | |       "CFBundleIdentifierKernel" = "com.apple.driver.AppleMCCSControl"
    | |   | | |       "IOResourceMatch" = "IOKit"
    | |   | | |     }
    | |   | | |     
    | |   | | +-o AppleUpstreamUserClientDriver  <class AppleUpstreamUserClientDriver, id 0x1000004a7, registered, matched, active, busy 0 (0 ms), retain 5>
    | |   | | |   {
    | |   | | |     "IOProbeScore" = 0x0
    | |   | | |     "CFBundleIdentifier" = "com.apple.driver.AppleUpstreamUserClient"
    | |   | | |     "IOMatchCategory" = "AppleUpstreamUserClientDriver"
    | |   | | |     "IOClass" = "AppleUpstreamUserClientDriver"
    | |   | | |     "IOPersonalityPublisher" = "com.apple.driver.AppleUpstreamUserClient"
    | |   | | |     "IOProviderClass" = "IOFramebuffer"
    | |   | | |     "CFBundleIdentifierKernel" = "com.apple.driver.AppleUpstreamUserClient"
    | |   | | |     "IOUserClientClass" = "AppleUpstreamUserClient"
    | |   | | |     "IOResourceMatch" = "IOKit"
    | |   | | |   }
    | |   | | |   
    | |   | | +-o IOFramebufferI2CInterface  <class IOFramebufferI2CInterface, id 0x1000004d9, registered, matched, active, busy 0 (0 ms), retain 5>
    | |   | | |   {
    | |   | | |     "IOI2CBusType" = 0x1
    | |   | | |     "IOI2CSupportedCommFlags" = 0x2
    | |   | | |     "IOI2CInterfaceID" = 0x100000000
    | |   | | |     "IOI2CTransactionTypes" = 0x13
    | |   | | |   }
    | |   | | |   
    | |   | | +-o IOFramebufferUserClient  <class IOFramebufferUserClient, id 0x1000004f3, !registered, !matched, active, busy 0, retain 5>
    | |   | |     {
    | |   | |       "IOUserClientCreator" = "pid 169, WindowServer"
    | |   | |       "IOUserClientDefaultLocking" = Yes
    | |   | |     }
    | |   | |     
    | |   | +-o AppleIntelFramebuffer@2  <class AppleIntelFramebuffer, id 0x100000410, registered, matched, active, busy 0 (38 ms), retain 17>
    | |   | | | {
    | |   | | |   "IOI2CTransactionTypes" = 0x13
    | |   | | |   "IOFBScalerInfo" = <000000000000000000000000000000003e000000ff1f0000ff1f00000000000000000000000000000000000000000000>
    | |   | | |   "IOPMStrictTreeOrder" = Yes
    | |   | | |   "IOFBDependentIndex" = 0x2
    | |   | | |   "IOFBUIScale" = <00000000>
    | |   | | |   "IOScreenRestoreState" = <02000000>
    | |   | | |   "IOFBGammaCount" = 0x400
    | |   | | |   "IOFBCLUTDefer" = Yes
    | |   | | |   "IOFramebufferOpenGLIndex" = 0x2
    | |   | | |   "AAPL,DisplayPipe" = <ffff0000>
    | |   | | |   "IOFBI2CInterfaceInfo" = ({"IOI2CInterfaceID"=0x0,"IOI2CTransactionTypes"=0x13})
    | |   | | |   "connector-type" = <00040000>
    | |   | | |   "IODisplayParameters" = "IOFramebufferParameterHandler is not serializable"
    | |   | | |   "IOAccelTypes" = "IOService:/AppleACPIPlatformExpert/PCI0@0/AppleACPIPCI/IGPU@2/IntelAccelerator"
    | |   | | |   "IOPowerManagement" = {"MaxPowerState"=0x2,"CurrentPowerState"=0x2,"CapabilityFlags"=0x8000,"ChildProxyPowerState"=0x2,"DriverPowerState"=0x1}
    | |   | | |   "IOFBGammaWidth" = 0xa
    | |   | | |   "IOFBDependentID" = 0x10000040a
    | |   | | |   "IOAccelIndex" = 0x2
    | |   | | |   "IOFBConfig" = {"IOFB0Hz"=Yes,"IOFBModes"=({"ID"=0xffffffffffffff00,"DM"=<010000000100000000000000000000000700000000000000000000000000000000000000>,"AID"=0x226})}
    | |   | | |   "IOFBWaitCursorFrames" = 0x1d
    | |   | | |   "IOFBIntegrated" = Yes
    | |   | | |   "IOFBProbeOptions" = 0x401
    | |   | | |   "IOFBNeedsRefresh" = Yes
    | |   | | |   "IOFBWaitCursorPeriod" = 0x1fca055
    | |   | | |   "IOFBTransform" = 0x0
    | |   | | |   "IOAccelRevision" = 0x2
    | |   | | |   "IOFBI2CInterfaceIDs" = (0x200000000)
    | |   | | |   "audio-device-nvalue" = <e1000000>
    | |   | | |   "IOCFPlugInTypes" = {"ACCF0000-0000-0000-0000-000a2789904e"="IOAccelerator2D.plugin"}
    | |   | | |   "IOFBCursorInfo" = ()
    | |   | | |   "audio-device-mvalue" = <08000000>
    | |   | | |   "IOFBTimingRange" = <0000000000000000000000000000000000000000000000000000000000000000002d310100000000000fbe1400000000000000000f0000000f0000000800000000000000ffffffff00000000ffffffffff1f0000ff1f0000000000000000000001010101010101010101010101010000000000000020000000000000ff1f000000000000ff1f000000000000ff1f000000000000000c000000000000ff1f000000000000ff1f000000000000ff1f000000000000000000000000000000000000000000000000000000000000000000000000000000000000000000000000000000000000000000000000000000000000000000000000000000000000000000$
    | |   | | |   "IOGeneralInterest" = "IOCommand is not serializable"
    | |   | | |   "port-number" = 0x6
    | |   | | | }
    | |   | | | 
    | |   | | +-o AppleMCCSControlModule  <class AppleMCCSControlModule, id 0x1000004ac, registered, matched, active, busy 0 (0 ms), retain 7>
    | |   | | | | {
    | |   | | | |   "IOProbeScore" = 0x0
    | |   | | | |   "CFBundleIdentifier" = "com.apple.driver.AppleMCCSControl"
    | |   | | | |   "IOMatchCategory" = "AppleMCCSControlFamily"
    | |   | | | |   "IOClass" = "AppleMCCSControlModule"
    | |   | | | |   "IOPersonalityPublisher" = "com.apple.driver.AppleMCCSControl"
    | |   | | | |   "IOKitDebug" = 0x0
    | |   | | | |   "IOProviderClass" = "IOFramebuffer"
    | |   | | | |   "CFBundleIdentifierKernel" = "com.apple.driver.AppleMCCSControl"
    | |   | | | |   "IOUserClientClass" = "AppleMCCSUserClient"
    | |   | | | |   "IOResourceMatch" = "IOKit"
    | |   | | | | }
    | |   | | | | 
    | |   | | | +-o AppleMCCSParameterHandler  <class AppleMCCSParameterHandler, id 0x1000004ae, registered, matched, active, busy 0 (0 ms), retain 5>
    | |   | | |     {
    | |   | | |       "IOProbeScore" = 0x0
    | |   | | |       "CFBundleIdentifier" = "com.apple.driver.AppleMCCSControl"
    | |   | | |       "IOMatchCategory" = "IODisplayParameters"
    | |   | | |       "IOClass" = "AppleMCCSParameterHandler"
    | |   | | |       "IOPersonalityPublisher" = "com.apple.driver.AppleMCCSControl"
    | |   | | |       "IOKitDebug" = 0x0
    | |   | | |       "AppleMCCSFeatures" = 0x1
    | |   | | |       "IOProviderClass" = "AppleMCCSControlFamily"
    | |   | | |       "CFBundleIdentifierKernel" = "com.apple.driver.AppleMCCSControl"
    | |   | | |       "IOResourceMatch" = "IOKit"
    | |   | | |     }
    | |   | | |     
    | |   | | +-o AppleUpstreamUserClientDriver  <class AppleUpstreamUserClientDriver, id 0x1000004ad, registered, matched, active, busy 0 (0 ms), retain 5>
    | |   | | |   {
    | |   | | |     "IOProbeScore" = 0x0
    | |   | | |     "CFBundleIdentifier" = "com.apple.driver.AppleUpstreamUserClient"
    | |   | | |     "IOMatchCategory" = "AppleUpstreamUserClientDriver"
    | |   | | |     "IOClass" = "AppleUpstreamUserClientDriver"
    | |   | | |     "IOPersonalityPublisher" = "com.apple.driver.AppleUpstreamUserClient"
    | |   | | |     "IOProviderClass" = "IOFramebuffer"
    | |   | | |     "CFBundleIdentifierKernel" = "com.apple.driver.AppleUpstreamUserClient"
    | |   | | |     "IOUserClientClass" = "AppleUpstreamUserClient"
    | |   | | |     "IOResourceMatch" = "IOKit"
    | |   | | |   }
    | |   | | |   
    | |   | | +-o IOFramebufferI2CInterface  <class IOFramebufferI2CInterface, id 0x1000004da, registered, matched, active, busy 0 (0 ms), retain 5>
    | |   | | |   {
    | |   | | |     "IOI2CBusType" = 0x1
    | |   | | |     "IOI2CSupportedCommFlags" = 0x2
    | |   | | |     "IOI2CInterfaceID" = 0x200000000
    | |   | | |     "IOI2CTransactionTypes" = 0x13
    | |   | | |   }
    | |   | | |   
    | |   | | +-o IOFramebufferUserClient  <class IOFramebufferUserClient, id 0x1000004fe, !registered, !matched, active, busy 0, retain 5>
    | |   | |     {
    | |   | |       "IOUserClientCreator" = "pid 169, WindowServer"
    | |   | |       "IOUserClientDefaultLocking" = Yes
    | |   | |     }
    | |   | |     
    | |   | +-o IntelAccelerator  <class IntelAccelerator, id 0x10000040c, registered, matched, active, busy 0 (1580 ms), retain 93>
    | |   |   | {
    | |   |   |   "IODVDBundleName" = "AppleIntelBDWGraphicsVADriver"
    | |   |   |   "InternalStatisticsAccm" = {}
    | |   |   |   "InternalStatistics" = {}
    | |   |   |   "IOGVABGRAEnc" = "Gen8"
    | |   |   |   "AGCInfo" = {"fBusyCount"=0x0,"poweredOffByAGC"=No,"fSubmissionsSinceLastCheck"=0x20e5bc,"fLastSubmissionPID"=0xb70d}
    | |   |   |   "MetalPluginName" = "AppleIntelBDWGraphicsMTLDriver"
    | |   |   |   "PerformanceStatisticsAccum" = {"orphanedReusableVidMemoryHitRate"=0x0,"texturePageOutBytes"=0x0,"swapCompleteVideoWaitTime"=0x0,"orphanedReusableSysMemoryHitRate"=0x1b,"dataBufferCount"=0x0,"oolTexturePageInBytes"=0x0,"textureCount"=0x5c5,"iosurfaceTextureCreationCount"=0x0,"surfaceReadLockIdleWaitTime"=0x0,"freeDataBufferWaitTime"=0x0,"orphanedReusableSysMemoryBytes"=0x88d000,"ioSurfaceReadOutBytes"=0x0,"agprefTextureCreationCount"=0x0,"orphanedReusableSysMemoryCount"=0x24f,"finishAll2DWaitTime"=0x0,"orphanedNonReusableSysM$
    | |   |   |   "PerformanceStatistics" = {"orphanedReusableVidMemoryHitRate"=0x0,"texturePageOutBytes"=0x0,"swapCompleteVideoWaitTime"=0x0,"orphanedReusableSysMemoryHitRate"=0x1b,"dataBufferCount"=0x0,"oolTexturePageInBytes"=0xa739000,"textureCount"=0x5c5,"Device Utilization % at cur p-state"=0x2f,"iosurfaceTextureCreationCount"=0x1cd,"freeDataBufferWaitTime"=0x0,"surfaceReadLockIdleWaitTime"=0x0,"orphanedReusableSysMemoryBytes"=0x88d000,"ioSurfaceReadOutBytes"=0x360000,"agprefTextureCreationCount"=0x86,"orphanedReusableSysMemoryCount"=0x24$
    | |   |   |   "IOGLBundleName" = "AppleIntelBDWGraphicsGLDriver"
    | |   |   |   "IOPCIClassMatch" = "0x03000000&0xff000000"
    | |   |   |   "IOSourceVersion" = "0.0.0.0.0"
    | |   |   |   "IOPersonalityPublisher" = "com.apple.driver.AppleIntelBDWGraphics"
    | |   |   |   "Development" = {"SamplerDataFetchThrottle"=0x0,"SingleChannelIndex"=0x0,"PPGTT"=0x1,"EnablePreemption"=0x0,"PreemptionTimerIntervalUS"=0x9c4,"CsbProcModeSelect"=0x0,"PreemptionDelayIntervalUS"=0xfa0,"SamplerPipeThrottle"=0x0,"SchedThrottleCapMS"=0x64,"AddressMode"=0x40,"ForceDisableEDRAM"=0x0,"RingSizeKB"=0x20,"EnableBlitLib"=0x1,"DisableTailCoalescing"=0x0,"SemaphoreWaitPoll"=0x1,"GraphicsSchedulerSelect"=0x0,"PixelBackendThrottle"=0x0,"WaitForComplete"=0x0,"EUThrottle"=0x0,"PageTableMode"=0x40,"NewUtilizationAlgorithmEnabl$
    | |   |   |   "IOPCIPrimaryMatch" = "0x0BD18086 0x0BD28086 0x0BD38086 0x16028086 0x16068086 0x160B8086 0x160A8086 0x160D8086 0x160E8086 0x16128086 0x16168086 0x161B8086 0x161A8086 0x161D8086 0x161E8086 0x16228086 0x16268086 0x162B8086 0x162A8086 0x162D8086 0x162E8086 0x16328086 0x16368086 0x163B8086 0x163A8086 0x163D8086 0x163E8086"
    | |   |   |   "IOGVAH264EncodeCapabilities" = {"VTRating"=0x190,"VTQualityRating"=0x32}
    | |   |   |   "VRAM,totalMB" = 0x600
    | |   |   |   "CFBundleIdentifier" = "com.apple.driver.AppleIntelBDWGraphics"
    | |   |   |   "IOAccelRevision" = 0x2
    | |   |   |   "IOCFPlugInTypes" = {"ACCF0000-0000-0000-0000-000a2789904e"="IOAccelerator2D.plugin"}
    | |   |   |   "IOProviderClass" = "IOPCIDevice"
    | |   |   |   "IOVARendererID" = 0x1080008
    | |   |   |   "IOGVACodec" = "Gen8"
    | |   |   |   "IOReportLegendPublic" = Yes
    | |   |   |   "IOClass" = "IntelAccelerator"
    | |   |   |   "CFBundleIdentifierKernel" = "com.apple.driver.AppleIntelBDWGraphics"
    | |   |   |   "IOGVAScaler" = "Gen8"
    | |   |   |   "IOReportLegend" = ({"IOReportChannels"=((0xfa0,0x180000001,"Overall GPU Busy"),(0xfa1,0x180000001,"Overall GPU total time"),(0x0,0x180000001,"Command Buffer Bytes"),(0x1,0x180000001,"GL Command Buffer Bytes"),(0x2,0x180000001,"CL Command Buffer Bytes"),(0x3,0x180000001,"2D Command Buffer Bytes"),(0x4,0x180000001,"Video Command Buffer Bytes"),(0x5,0x180000001,"Out-Of-Line Texture Creation Bytes"),(0x6,0x180000001,"Shared System Memory Texture Creation Bytes"),(0x7,0x180000001,"Private Video Memory Texture Creation Bytes"),(0x$
    | |   |   |   "IOMatchCategory" = "IOAccelerator"
    | |   |   |   "AccelCaps" = 0xf
    | |   |   |   "IOAccelDisplayPipeCapabilities" = {"DisplayPipeSupported"=Yes,"TransactionsSupported"=Yes}
    | |   |   |   "IOProbeScore" = 0x3e8
    | |   |   |   "IOGeneralInterest" = "IOCommand is not serializable"
    | |   |   |   "SurfaceList" = ()
    | |   |   | }
    | |   |   | 
    | |   |   +-o IGAccel2DContext  <class IGAccel2DContext, id 0x1000004e9, !registered, !matched, active, busy 0, retain 6>
    | |   |   |   {
    | |   |   |     "lastSubmittedTime" = 0x0
    | |   |   |     "accumulatedGPUTime" = 0x0
    | |   |   |     "IOUserClientCreator" = "pid 169, WindowServer"
    | |   |   |   }
    | |   |   |   
    | |   |   +-o IOAccelDisplayPipeUserClient2  <class IOAccelDisplayPipeUserClient2, id 0x1000004f1, !registered, !matched, active, busy 0, retain 6>
    | |   |   |   {
    | |   |   |     "IOUserClientCreator" = "pid 169, WindowServer"
    | |   |   |   }
    | |   |   |   
    | |   |   +-o IGAccel2DContext  <class IGAccel2DContext, id 0x1000004f5, !registered, !matched, active, busy 0, retain 6>
    | |   |   |   {
    | |   |   |     "lastSubmittedTime" = 0x0
    | |   |   |     "accumulatedGPUTime" = 0x0
    | |   |   |     "IOUserClientCreator" = "pid 169, WindowServer"
    | |   |   |   }
    | |   |   |   
    | |   |   +-o IOAccelDisplayPipeUserClient2  <class IOAccelDisplayPipeUserClient2, id 0x1000004fd, !registered, !matched, active, busy 0, retain 6>
    | |   |   |   {
    | |   |   |     "IOUserClientCreator" = "pid 169, WindowServer"
    | |   |   |   }
    | |   |   |   
    | |   |   +-o IGAccel2DContext  <class IGAccel2DContext, id 0x100000501, !registered, !matched, active, busy 0, retain 6>
    | |   |   |   {
    | |   |   |     "lastSubmittedTime" = 0x0
    | |   |   |     "accumulatedGPUTime" = 0x0
    | |   |   |     "IOUserClientCreator" = "pid 169, WindowServer"
    | |   |   |   }
    | |   |   |   
    | |   |   +-o IOAccelDisplayPipeUserClient2  <class IOAccelDisplayPipeUserClient2, id 0x100000509, !registered, !matched, active, busy 0, retain 6>
    | |   |   |   {
    | |   |   |     "IOUserClientCreator" = "pid 169, WindowServer"
    | |   |   |   }
    | |   |   |   
    | |   |   +-o IGAccelDevice  <class IGAccelDevice, id 0x10000050a, !registered, !matched, active, busy 0, retain 6>
    | |   |   |   {
    | |   |   |     "API" = "Metal"
    | |   |   |     "IOUserClientCreator" = "pid 169, WindowServer"
    | |   |   |   }
    | |   |   |   
    | |   |   +-o IGAccelSharedUserClient  <class IGAccelSharedUserClient, id 0x10000050b, !registered, !matched, active, busy 0, retain 6>
    | |   |   |   {
    | |   |   |     "IOUserClientCreator" = "pid 169, WindowServer"
    | |   |   |   }
    | |   |   |   
    | |   |   +-o IGAccelSurface  <class IGAccelSurface, id 0x100000510, !registered, !matched, active, busy 0, retain 6>
    | |   |   |   {
    | |   |   |     "IOUserClientCreator" = "pid 169, WindowServer"
    | |   |   |   }
    | |   |   |   
    | |   |   +-o IGAccelSurface  <class IGAccelSurface, id 0x100000517, !registered, !matched, active, busy 0, retain 6>
    | |   |   |   {
    | |   |   |     "IOUserClientCreator" = "pid 169, WindowServer"
    | |   |   |   }
    | |   |   |   
    | |   |   +-o IGAccelSurface  <class IGAccelSurface, id 0x100000518, !registered, !matched, active, busy 0, retain 6>
    | |   |   |   {
    | |   |   |     "IOUserClientCreator" = "pid 169, WindowServer"
    | |   |   |   }
    | |   |   |   
    | |   |   +-o IGAccelSurface  <class IGAccelSurface, id 0x100000519, !registered, !matched, active, busy 0, retain 6>
    | |   |   |   {
    | |   |   |     "IOUserClientCreator" = "pid 169, WindowServer"
    | |   |   |   }
    | |   |   |   
    | |   |   +-o IGAccelSurface  <class IGAccelSurface, id 0x10000051a, !registered, !matched, active, busy 0, retain 6>
    | |   |   |   {
    | |   |   |     "IOUserClientCreator" = "pid 169, WindowServer"
    | |   |   |   }
    | |   |   |   
    | |   |   +-o IGAccelSurface  <class IGAccelSurface, id 0x10000051b, !registered, !matched, active, busy 0, retain 6>
    | |   |   |   {
    | |   |   |     "IOUserClientCreator" = "pid 169, WindowServer"
    | |   |   |   }
    | |   |   |   
    | |   |   +-o IGAccelSurface  <class IGAccelSurface, id 0x10000051c, !registered, !matched, active, busy 0, retain 6>
    | |   |   |   {
    | |   |   |     "IOUserClientCreator" = "pid 169, WindowServer"
    | |   |   |   }
    | |   |   |   
    | |   |   +-o IGAccelSurface  <class IGAccelSurface, id 0x10000051d, !registered, !matched, active, busy 0, retain 6>
    | |   |   |   {
    | |   |   |     "IOUserClientCreator" = "pid 169, WindowServer"
    | |   |   |   }
    | |   |   |   
    | |   |   +-o IGAccelSurface  <class IGAccelSurface, id 0x10000051e, !registered, !matched, active, busy 0, retain 6>
    | |   |   |   {
    | |   |   |     "IOUserClientCreator" = "pid 169, WindowServer"
    | |   |   |   }
    | |   |   |   
    | |   |   +-o IGAccelCommandQueue  <class IGAccelCommandQueue, id 0x100000524, !registered, !matched, active, busy 0, retain 6>
    | |   |   |   {
    | |   |   |     "lastSubmittedTime" = 0x28dc3a76e86d
    | |   |   |     "IOUserClientCreator" = "pid 169, WindowServer"
    | |   |   |     "accumulatedGPUTime" = 0x15a7caaae7c
    | |   |   |   }
    | |   |   |   
    | |   |   +-o IGAccelCommandQueue  <class IGAccelCommandQueue, id 0x100000525, !registered, !matched, active, busy 0, retain 6>
    | |   |   |   {
    | |   |   |     "lastSubmittedTime" = 0x28dc3a6d2db2
    | |   |   |     "IOUserClientCreator" = "pid 169, WindowServer"
    | |   |   |     "accumulatedGPUTime" = 0x4d482fea46
    | |   |   |   }
    | |   |   |   
    | |   |   +-o IGAccelDevice  <class IGAccelDevice, id 0x100000579, !registered, !matched, active, busy 0, retain 6>
    | |   |   |   {
    | |   |   |     "API" = "Metal"
    | |   |   |     "IOUserClientCreator" = "pid 408, Dock"
    | |   |   |   }
    | |   |   |   
    | |   |   +-o IGAccelSharedUserClient  <class IGAccelSharedUserClient, id 0x10000057a, !registered, !matched, active, busy 0, retain 6>
    | |   |   |   {
    | |   |   |     "IOUserClientCreator" = "pid 408, Dock"
    | |   |   |   }
    | |   |   |   
    | |   |   +-o IGAccelDevice  <class IGAccelDevice, id 0x100000580, !registered, !matched, active, busy 0, retain 6>
    | |   |   |   {
    | |   |   |     "API" = "Metal"
    | |   |   |     "IOUserClientCreator" = "pid 447, VTDecoderXPCServ"
    | |   |   |   }
    | |   |   |   
    | |   |   +-o IGAccelSharedUserClient  <class IGAccelSharedUserClient, id 0x100000581, !registered, !matched, active, busy 0, retain 6>
    | |   |   |   {
    | |   |   |     "IOUserClientCreator" = "pid 447, VTDecoderXPCServ"
    | |   |   |   }
    | |   |   |   
    | |   |   +-o IGAccelDevice  <class IGAccelDevice, id 0x100000595, !registered, !matched, active, busy 0, retain 6>
    | |   |   |   {
    | |   |   |     "API" = "Metal"
    | |   |   |     "IOUserClientCreator" = "pid 457, avconferenced"
    | |   |   |   }
    | |   |   |   
    | |   |   +-o IGAccelSharedUserClient  <class IGAccelSharedUserClient, id 0x100000596, !registered, !matched, active, busy 0, retain 6>
    | |   |   |   {
    | |   |   |     "IOUserClientCreator" = "pid 457, avconferenced"
    | |   |   |   }
    | |   |   |   
    | |   |   +-o IGAccelDevice  <class IGAccelDevice, id 0x1000005ae, !registered, !matched, active, busy 0, retain 6>
    | |   |   |   {
    | |   |   |     "API" = "Metal"
    | |   |   |     "IOUserClientCreator" = "pid 466, com.apple.dock.e"
    | |   |   |   }
    | |   |   |   
    | |   |   +-o IGAccelSharedUserClient  <class IGAccelSharedUserClient, id 0x1000005af, !registered, !matched, active, busy 0, retain 6>
    | |   |   |   {
    | |   |   |     "IOUserClientCreator" = "pid 466, com.apple.dock.e"
    | |   |   |   }
    | |   |   |   
    | |   |   +-o IGAccelCommandQueue  <class IGAccelCommandQueue, id 0x1000005b0, !registered, !matched, active, busy 0, retain 6>
    | |   |   |   {
    | |   |   |     "lastSubmittedTime" = 0x1d9bcce02d6b
    | |   |   |     "IOUserClientCreator" = "pid 466, com.apple.dock.e"
    | |   |   |     "accumulatedGPUTime" = 0x47c25b
    | |   |   |   }
    | |   |   |   
    | |   |   +-o IGAccelDevice  <class IGAccelDevice, id 0x100000605, !registered, !matched, active, busy 0, retain 6>
    | |   |   |   {
    | |   |   |     "API" = "Metal"
    | |   |   |     "IOUserClientCreator" = "pid 552, SafeEjectGPUServ"
    | |   |   |   }
    | |   |   |   
    | |   |   +-o IGAccelSharedUserClient  <class IGAccelSharedUserClient, id 0x100000606, !registered, !matched, active, busy 0, retain 6>
    | |   |   |   {
    | |   |   |     "IOUserClientCreator" = "pid 552, SafeEjectGPUServ"
    | |   |   |   }
    | |   |   |   
    | |   |   +-o IGAccelDevice  <class IGAccelDevice, id 0x100000633, !registered, !matched, active, busy 0, retain 6>
    | |   |   |   {
    | |   |   |     "API" = "Metal"
    | |   |   |     "IOUserClientCreator" = "pid 472, WiFiAgent"
    | |   |   |   }
    | |   |   |   
    | |   |   +-o IGAccelSharedUserClient  <class IGAccelSharedUserClient, id 0x100000634, !registered, !matched, active, busy 0, retain 6>
    | |   |   |   {
    | |   |   |     "IOUserClientCreator" = "pid 472, WiFiAgent"
    | |   |   |   }
    | |   |   |   
    | |   |   +-o IGAccelCommandQueue  <class IGAccelCommandQueue, id 0x100000635, !registered, !matched, active, busy 0, retain 6>
    | |   |   |   {
    | |   |   |     "lastSubmittedTime" = 0xa8131607d
    | |   |   |     "IOUserClientCreator" = "pid 472, WiFiAgent"
    | |   |   |     "accumulatedGPUTime" = 0x1d82e
    | |   |   |   }
    | |   |   |   
    | |   |   +-o IGAccelDevice  <class IGAccelDevice, id 0x100000637, !registered, !matched, active, busy 0, retain 6>
    | |   |   |   {
    | |   |   |     "API" = "Metal"
    | |   |   |     "IOUserClientCreator" = "pid 410, ControlCenter"
    | |   |   |   }
    | |   |   |   
    | |   |   +-o IGAccelSharedUserClient  <class IGAccelSharedUserClient, id 0x100000638, !registered, !matched, active, busy 0, retain 6>
    | |   |   |   {
    | |   |   |     "IOUserClientCreator" = "pid 410, ControlCenter"
    | |   |   |   }
    | |   |   |   
    | |   |   +-o IGAccelCommandQueue  <class IGAccelCommandQueue, id 0x100000639, !registered, !matched, active, busy 0, retain 6>
    | |   |   |   {
    | |   |   |     "lastSubmittedTime" = 0x10b1484c53be
    | |   |   |     "IOUserClientCreator" = "pid 410, ControlCenter"
    | |   |   |     "accumulatedGPUTime" = 0x102a4b9
    | |   |   |   }
    | |   |   |   
    | |   |   +-o IGAccelDevice  <class IGAccelDevice, id 0x100000656, !registered, !matched, active, busy 0, retain 6>
    | |   |   |   {
    | |   |   |     "API" = "Metal"
    | |   |   |     "IOUserClientCreator" = "pid 441, iconservicesagen"
    | |   |   |   }
    | |   |   |   
    | |   |   +-o IGAccelSharedUserClient  <class IGAccelSharedUserClient, id 0x100000657, !registered, !matched, active, busy 0, retain 6>
    | |   |   |   {
    | |   |   |     "IOUserClientCreator" = "pid 441, iconservicesagen"
    | |   |   |   }
    | |   |   |   
    | |   |   +-o IGAccelCommandQueue  <class IGAccelCommandQueue, id 0x100000658, !registered, !matched, active, busy 0, retain 6>
    | |   |   |   {
    | |   |   |     "lastSubmittedTime" = 0x271cc665e6c9
    | |   |   |     "IOUserClientCreator" = "pid 441, iconservicesagen"
    | |   |   |     "accumulatedGPUTime" = 0x4da861e4
    | |   |   |   }
    | |   |   |   
    | |   |   +-o IGAccelDevice  <class IGAccelDevice, id 0x10000065a, !registered, !matched, active, busy 0, retain 6>
    | |   |   |   {
    | |   |   |     "API" = "Metal"
    | |   |   |     "IOUserClientCreator" = "pid 412, Finder"
    | |   |   |   }
    | |   |   |   
    | |   |   +-o IGAccelSharedUserClient  <class IGAccelSharedUserClient, id 0x10000065b, !registered, !matched, active, busy 0, retain 6>
    | |   |   |   {
    | |   |   |     "IOUserClientCreator" = "pid 412, Finder"
    | |   |   |   }
    | |   |   |   
    | |   |   +-o IGAccelCommandQueue  <class IGAccelCommandQueue, id 0x10000065c, !registered, !matched, active, busy 0, retain 6>
    | |   |   |   {
    | |   |   |     "lastSubmittedTime" = 0x26f9d6cfa4cc
    | |   |   |     "IOUserClientCreator" = "pid 412, Finder"
    | |   |   |     "accumulatedGPUTime" = 0x2cfb21
    | |   |   |   }
    | |   |   |   
    | |   |   +-o IGAccelDevice  <class IGAccelDevice, id 0x10000073f, !registered, !matched, active, busy 0, retain 6>
    | |   |   |   {
    | |   |   |     "API" = "Metal"
    | |   |   |     "IOUserClientCreator" = "pid 483, ScreenTimeWidget"
    | |   |   |   }
    | |   |   |   
    | |   |   +-o IGAccelSharedUserClient  <class IGAccelSharedUserClient, id 0x100000740, !registered, !matched, active, busy 0, retain 6>
    | |   |   |   {
    | |   |   |     "IOUserClientCreator" = "pid 483, ScreenTimeWidget"
    | |   |   |   }
    | |   |   |   
    | |   |   +-o IGAccelCommandQueue  <class IGAccelCommandQueue, id 0x100000741, !registered, !matched, active, busy 0, retain 6>
    | |   |   |   {
    | |   |   |     "lastSubmittedTime" = 0xa5418e72bb
    | |   |   |     "IOUserClientCreator" = "pid 483, ScreenTimeWidget"
    | |   |   |     "accumulatedGPUTime" = 0x13dcf4
    | |   |   |   }
    | |   |   |   
    | |   |   +-o IGAccelDevice  <class IGAccelDevice, id 0x1000007a8, !registered, !matched, active, busy 0, retain 6>
    | |   |   |   {
    | |   |   |     "API" = "Metal"
    | |   |   |     "IOUserClientCreator" = "pid 173, loginwindow"
    | |   |   |   }
    | |   |   |   
    | |   |   +-o IGAccelSharedUserClient  <class IGAccelSharedUserClient, id 0x1000007a9, !registered, !matched, active, busy 0, retain 6>
    | |   |   |   {
    | |   |   |     "IOUserClientCreator" = "pid 173, loginwindow"
    | |   |   |   }
    | |   |   |   
    | |   |   +-o IGAccelCommandQueue  <class IGAccelCommandQueue, id 0x1000007aa, !registered, !matched, active, busy 0, retain 6>
    | |   |   |   {
    | |   |   |     "lastSubmittedTime" = 0x2660fc1f136d
    | |   |   |     "IOUserClientCreator" = "pid 173, loginwindow"
    | |   |   |     "accumulatedGPUTime" = 0x31dbe7c
    | |   |   |   }
    | |   |   |   
    | |   |   +-o IGAccelCommandQueue  <class IGAccelCommandQueue, id 0x1000007ab, !registered, !matched, active, busy 0, retain 6>
    | |   |   |   {
    | |   |   |     "lastSubmittedTime" = 0x2660ec8fd68a
    | |   |   |     "IOUserClientCreator" = "pid 173, loginwindow"
    | |   |   |     "accumulatedGPUTime" = 0xa88fa
    | |   |   |   }
    | |   |   |   
    | |   |   +-o IGAccelDevice  <class IGAccelDevice, id 0x100000baf, !registered, !matched, active, busy 0, retain 6>
    | |   |   |   {
    | |   |   |     "API" = "Metal"
    | |   |   |     "IOUserClientCreator" = "pid 462, QuickLookSatelli"
    | |   |   |   }
    | |   |   |   
    | |   |   +-o IGAccelSharedUserClient  <class IGAccelSharedUserClient, id 0x100000bb0, !registered, !matched, active, busy 0, retain 6>
    | |   |   |   {
    | |   |   |     "IOUserClientCreator" = "pid 462, QuickLookSatelli"
    | |   |   |   }
    | |   |   |   
    | |   |   +-o IGAccelDevice  <class IGAccelDevice, id 0x100000bb2, !registered, !matched, active, busy 0, retain 6>
    | |   |   |   {
    | |   |   |     "API" = "Metal"
    | |   |   |     "IOUserClientCreator" = "pid 21307, VTDecoderXPCServ"
    | |   |   |   }
    | |   |   |   
    | |   |   +-o IGAccelSharedUserClient  <class IGAccelSharedUserClient, id 0x100000bb3, !registered, !matched, active, busy 0, retain 6>
    | |   |   |   {
    | |   |   |     "IOUserClientCreator" = "pid 21307, VTDecoderXPCServ"
    | |   |   |   }
    | |   |   |   
    | |   |   +-o IGAccelDevice  <class IGAccelDevice, id 0x1000010a2, !registered, !matched, active, busy 0, retain 6>
    | |   |   |   {
    | |   |   |     "API" = "Metal"
    | |   |   |     "IOUserClientCreator" = "pid 40267, com.apple.appkit"
    | |   |   |   }
    | |   |   |   
    | |   |   +-o IGAccelSharedUserClient  <class IGAccelSharedUserClient, id 0x1000010a3, !registered, !matched, active, busy 0, retain 6>
    | |   |   |   {
    | |   |   |     "IOUserClientCreator" = "pid 40267, com.apple.appkit"
    | |   |   |   }
    | |   |   |   
    | |   |   +-o IGAccelCommandQueue  <class IGAccelCommandQueue, id 0x1000010a4, !registered, !matched, active, busy 0, retain 6>
    | |   |   |   {
    | |   |   |     "lastSubmittedTime" = 0x25b780528c8b
    | |   |   |     "IOUserClientCreator" = "pid 40267, com.apple.appkit"
    | |   |   |     "accumulatedGPUTime" = 0xd835b4
    | |   |   |   }
    | |   |   |   
    | |   |   +-o IGAccelDevice  <class IGAccelDevice, id 0x10000113f, !registered, !matched, active, busy 0, retain 6>
    | |   |   |   {
    | |   |   |     "API" = "Metal"
    | |   |   |     "IOUserClientCreator" = "pid 40137, Terminal"
    | |   |   |   }
    | |   |   |   
    | |   |   +-o IGAccelSharedUserClient  <class IGAccelSharedUserClient, id 0x100001140, !registered, !matched, active, busy 0, retain 6>
    | |   |   |   {
    | |   |   |     "IOUserClientCreator" = "pid 40137, Terminal"
    | |   |   |   }
    | |   |   |   
    | |   |   +-o IGAccelCommandQueue  <class IGAccelCommandQueue, id 0x100001141, !registered, !matched, active, busy 0, retain 6>
    | |   |   |   {
    | |   |   |     "lastSubmittedTime" = 0x28ce66eaf797
    | |   |   |     "IOUserClientCreator" = "pid 40137, Terminal"
    | |   |   |     "accumulatedGPUTime" = 0x8541e4
    | |   |   |   }
    | |   |   |   
    | |   |   +-o IGAccelDevice  <class IGAccelDevice, id 0x10000275b, !registered, !matched, active, busy 0, retain 6>
    | |   |   |   {
    | |   |   |     "API" = "Metal"
    | |   |   |     "IOUserClientCreator" = "pid 24778, System Informati"
    | |   |   |   }
    | |   |   |   
    | |   |   +-o IGAccelSharedUserClient  <class IGAccelSharedUserClient, id 0x10000275c, !registered, !matched, active, busy 0, retain 6>
    | |   |   |   {
    | |   |   |     "IOUserClientCreator" = "pid 24778, System Informati"
    | |   |   |   }
    | |   |   |   
    | |   |   +-o IGAccelCommandQueue  <class IGAccelCommandQueue, id 0x10000275e, !registered, !matched, active, busy 0, retain 6>
    | |   |   |   {
    | |   |   |     "lastSubmittedTime" = 0x27b024f6c1d3
    | |   |   |     "IOUserClientCreator" = "pid 24778, System Informati"
    | |   |   |     "accumulatedGPUTime" = 0x773c1f
    | |   |   |   }
    | |   |   |   
    | |   |   +-o IGAccelDevice  <class IGAccelDevice, id 0x1000027ef, !registered, !matched, active, busy 0, retain 6>
    | |   |   |   {
    | |   |   |     "API" = "Metal"
    | |   |   |     "IOUserClientCreator" = "pid 46575, screencapture"
    | |   |   |   }
    | |   |   |   
    | |   |   +-o IGAccelSharedUserClient  <class IGAccelSharedUserClient, id 0x1000027f0, !registered, !matched, active, busy 0, retain 6>
    | |   |   |   {
    | |   |   |     "IOUserClientCreator" = "pid 46575, screencapture"
    | |   |   |   }
    | |   |   |   
    | |   |   +-o IGAccelDevice  <class IGAccelDevice, id 0x1000027f1, !registered, !matched, active, busy 0, retain 6>
    | |   |   |   {
    | |   |   |     "API" = "GL/CL"
    | |   |   |     "IOUserClientCreator" = "pid 46575, screencapture"
    | |   |   |   }
    | |   |   |   
    | |   |   +-o IGAccelSharedUserClient  <class IGAccelSharedUserClient, id 0x1000027f8, !registered, !matched, active, busy 0, retain 6>
    | |   |   |   {
    | |   |   |     "IOUserClientCreator" = "pid 46575, screencapture"
    | |   |   |   }
    | |   |   |   
    | |   |   +-o IGAccelGLContext  <class IGAccelGLContext, id 0x1000027f9, !registered, !matched, active, busy 0, retain 6>
    | |   |   |   {
    | |   |   |     "lastSubmittedTime" = 0x26fe8e904c07
    | |   |   |     "IOUserClientCreator" = "pid 46575, screencapture"
    | |   |   |     "accumulatedGPUTime" = 0x2ffe
    | |   |   |   }
    | |   |   |   
    | |   |   +-o IGAccelCLContext  <class IGAccelCLContext, id 0x1000027fa, !registered, !matched, active, busy 0, retain 6>
    | |   |   |   {
    | |   |   |     "lastSubmittedTime" = 0x28dc3b283432
    | |   |   |     "IOUserClientCreator" = "pid 46575, screencapture"
    | |   |   |     "accumulatedGPUTime" = 0x3646ad8ec6
    | |   |   |   }
    | |   |   |   
    | |   |   +-o IGAccelCLContext  <class IGAccelCLContext, id 0x1000027fb, !registered, !matched, active, busy 0, retain 6>
    | |   |   |   {
    | |   |   |     "lastSubmittedTime" = 0x26fe8edf309c
    | |   |   |     "IOUserClientCreator" = "pid 46575, screencapture"
    | |   |   |     "accumulatedGPUTime" = 0x5a1f
    | |   |   |   }
    | |   |   |   
    | |   |   +-o IGAccelDevice  <class IGAccelDevice, id 0x1000027fe, !registered, !matched, active, busy 0, retain 6>
    | |   |   |   {
    | |   |   |     "API" = "Metal"
    | |   |   |     "IOUserClientCreator" = "pid 46861, VTEncoderXPCServ"
    | |   |   |   }
    | |   |   |   
    | |   |   +-o IGAccelSharedUserClient  <class IGAccelSharedUserClient, id 0x1000027ff, !registered, !matched, active, busy 0, retain 6>
    | |   |   |   {
    | |   |   |     "IOUserClientCreator" = "pid 46861, VTEncoderXPCServ"
    | |   |   |   }
    | |   |   |   
    | |   |   +-o IGAccelDevice  <class IGAccelDevice, id 0x100002800, !registered, !matched, active, busy 0, retain 6>
    | |   |   |   {
    | |   |   |     "API" = "GVA"
    | |   |   |     "IOUserClientCreator" = "pid 46861, VTEncoderXPCServ"
    | |   |   |   }
    | |   |   |   
    | |   |   +-o IGAccelSharedUserClient  <class IGAccelSharedUserClient, id 0x100002801, !registered, !matched, active, busy 0, retain 6>
    | |   |   |   {
    | |   |   |     "IOUserClientCreator" = "pid 46861, VTEncoderXPCServ"
    | |   |   |   }
    | |   |   |   
    | |   |   +-o IGAccelVideoContextMain  <class IGAccelVideoContextMain, id 0x100002802, !registered, !matched, active, busy 0, retain 6>
    | |   |   |   {
    | |   |   |     "lastSubmittedTime" = 0x28dc3cf80eea
    | |   |   |     "IOUserClientCreator" = "pid 46861, VTEncoderXPCServ"
    | |   |   |     "accumulatedGPUTime" = 0xc7ecd35e14
    | |   |   |   }
    | |   |   |   
    | |   |   +-o IGAccelVideoContextMedia  <class IGAccelVideoContextMedia, id 0x100002803, !registered, !matched, active, busy 0, retain 7>
    | |   |   |   {
    | |   |   |     "lastSubmittedTime" = 0x28dc3d202e75
    | |   |   |     "IOUserClientCreator" = "pid 46861, VTEncoderXPCServ"
    | |   |   |     "accumulatedGPUTime" = 0x9350d2fa6e
    | |   |   |   }
    | |   |   |   
    | |   |   +-o IGAccelVideoContextVEBox  <class IGAccelVideoContextVEBox, id 0x100002804, !registered, !matched, active, busy 0, retain 6>
    | |   |   |   {
    | |   |   |     "lastSubmittedTime" = 0x26fe9c8f7c2c
    | |   |   |     "IOUserClientCreator" = "pid 46861, VTEncoderXPCServ"
    | |   |   |     "accumulatedGPUTime" = 0x1b67
    | |   |   |   }
    | |   |   |   
    | |   |   +-o IGAccelDevice  <class IGAccelDevice, id 0x100002805, !registered, !matched, active, busy 0, retain 6>
    | |   |   |   {
    | |   |   |     "API" = "GVA"
    | |   |   |     "IOUserClientCreator" = "pid 46575, screencapture"
    | |   |   |   }
    | |   |   |   
    | |   |   +-o IGAccelSharedUserClient  <class IGAccelSharedUserClient, id 0x100002806, !registered, !matched, active, busy 0, retain 6>
    | |   |   |   {
    | |   |   |     "IOUserClientCreator" = "pid 46575, screencapture"
    | |   |   |   }
    | |   |   |   
    | |   |   +-o IGAccelVideoContextMain  <class IGAccelVideoContextMain, id 0x100002807, !registered, !matched, active, busy 0, retain 6>
    | |   |   |   {
    | |   |   |     "lastSubmittedTime" = 0x28dc3cba5a53
    | |   |   |     "IOUserClientCreator" = "pid 46575, screencapture"
    | |   |   |     "accumulatedGPUTime" = 0x523d7c917d
    | |   |   |   }
    | |   |   |   
    | |   |   +-o IGAccelVideoContextMedia  <class IGAccelVideoContextMedia, id 0x100002808, !registered, !matched, active, busy 0, retain 6>
    | |   |   |   {
    | |   |   |     "lastSubmittedTime" = 0x26fe9e971e22
    | |   |   |     "IOUserClientCreator" = "pid 46575, screencapture"
    | |   |   |     "accumulatedGPUTime" = 0x60bc
    | |   |   |   }
    | |   |   |   
    | |   |   +-o IGAccelVideoContextVEBox  <class IGAccelVideoContextVEBox, id 0x100002809, !registered, !matched, active, busy 0, retain 6>
    | |   |   |   {
    | |   |   |     "lastSubmittedTime" = 0x26fe9e996d5a
    | |   |   |     "IOUserClientCreator" = "pid 46575, screencapture"
    | |   |   |     "accumulatedGPUTime" = 0x18c7
    | |   |   |   }
    | |   |   |   
    | |   |   +-o IGAccelDevice  <class IGAccelDevice, id 0x1000029ab, !registered, !matched, active, busy 0, retain 6>
    | |   |   |   {
    | |   |   |     "API" = "Metal"
    | |   |   |     "IOUserClientCreator" = "pid 49864, iconservicesagen"
    | |   |   |   }
    | |   |   |   
    | |   |   +-o IGAccelSharedUserClient  <class IGAccelSharedUserClient, id 0x1000029ac, !registered, !matched, active, busy 0, retain 6>
    | |   |   |   {
    | |   |   |     "IOUserClientCreator" = "pid 49864, iconservicesagen"
    | |   |   |   }
    | |   |   |   
    | |   |   +-o IGAccelCommandQueue  <class IGAccelCommandQueue, id 0x1000029ad, !registered, !matched, active, busy 0, retain 6>
    | |   |   |   {
    | |   |   |     "lastSubmittedTime" = 0x27288dd00ef0
    | |   |   |     "IOUserClientCreator" = "pid 49864, iconservicesagen"
    | |   |   |     "accumulatedGPUTime" = 0x36271b1
    | |   |   |   }
    | |   |   |   
    | |   |   +-o IGAccelDevice  <class IGAccelDevice, id 0x100002b1f, !registered, !matched, active, busy 0, retain 6>
    | |   |   |   {
    | |   |   |     "API" = "Metal"
    | |   |   |     "IOUserClientCreator" = "pid 59458, com.apple.appkit"
    | |   |   |   }
    | |   |   |   
    | |   |   +-o IGAccelSharedUserClient  <class IGAccelSharedUserClient, id 0x100002b20, !registered, !matched, active, busy 0, retain 6>
    | |   |   |   {
    | |   |   |     "IOUserClientCreator" = "pid 59458, com.apple.appkit"
    | |   |   |   }
    | |   |   |   
    | |   |   +-o IGAccelCommandQueue  <class IGAccelCommandQueue, id 0x100002b21, !registered, !matched, active, busy 0, retain 6>
    | |   |       {
    | |   |         "lastSubmittedTime" = 0x0
    | |   |         "IOUserClientCreator" = "pid 59458, com.apple.appkit"
    | |   |         "accumulatedGPUTime" = 0x0
    | |   |       }
    | |   |       
    | |   +-o HDAU@3  <class IOPCIDevice, id 0x100000253, registered, matched, active, busy 0 (160 ms), retain 10>
    | |   | | {
    | |   | |   "acpi-device" = "IOACPIPlatformDevice is not serializable"
    | |   | |   "IOPCIMSIMode" = Yes
    | |   | |   "assigned-addresses" = <101800827f000000004001a10000000000400000>
    | |   | |   "vendor-id" = <86800000>
    | |   | |   "class-code" = <00030400>
    | |   | |   "subsystem-vendor-id" = <6b100000>
    | |   | |   "hda-gfx" = <6f6e626f6172642d3100>
    | |   | |   "IOPCIExpressLinkCapabilities" = 0x0
    | |   | |   "IOName" = "pci8086,160c"
    | |   | |   "IOPCIPMCSState" = 0x3
    | |   | |   "DigitalAudioCapabilities" = {"DisplayPort"=0x1,"HDMI"=0x1}
    | |   | |   "IOPCIUseDeviceMapper" = Yes
    | |   | |   "pcidebug" = "0:3:0"
    | |   | |   "iommu-parent" = "AppleVTDDeviceMapper is not serializable"
    | |   | |   "layout-id" = <7b000000>
    | |   | |   "IOPCIExpressLinkStatus" = 0x0
    | |   | |   "pci-aspm-default" = 0x0
    | |   | |   "IOPCIExpressCapabilities" = 0x91
    | |   | |   "IOServiceDEXTEntitlements" = (("com.apple.developer.driverkit.transport.pci"))
    | |   | |   "IOInterruptControllers" = ("io-apic-0","IOPCIMessagedInterruptController")
    | |   | |   "built-in" = <00>
    | |   | |   "IOPCIResourced" = Yes
    | |   | |   "IOPowerManagement" = {"ChildrenPowerState"=0x2,"CurrentPowerState"=0x2,"CapabilityFlags"=0x102,"ChildProxyPowerState"=0x2,"MaxPowerState"=0x3}
    | |   | |   "IODeviceMemory" = (({"address"=0x7fa1014000,"length"=0x4000}))
    | |   | |   "PinConfigurations" = <e0005628>
    | |   | |   "name" = <706369383038362c3136306300>
    | |   | |   "subsystem-id" = <3f010000>
    | |   | |   "compatible" = <706369313036622c31336600706369383038362c3136306300706369636c6173732c303430333030004844415500>
    | |   | |   "IOReportLegendPublic" = Yes
    | |   | |   "reg" = <00180000000000000000000000000000000000001018000200000000000000000000000000400000>
    | |   | |   "driver-child-bundle" = "com.apple.driver.AppleHDAController"
    | |   | |   "IOReportLegend" = ({"IOReportGroupName"="Interrupt Statistics (by index)","IOReportChannels"=((0x496e747200010000,0x100020001,"               First Level Interrupt Handler Count"),(0x496e747200010001,0x100020001,"              Second Level Interrupt Handler Count"),(0x496e747200010002,0x100020001,"        First Level Interrupt Handler Time (MATUs)"),(0x496e747200010003,0x100020001,"   Second Level Interrupt Handler CPU Time (MATUs)"),(0x496e747200010004,0x100020001,"Second Level Interrupt Handler System Time (MATUs)")),"IORepo$
    | |   | |   "device-id" = <0c160000>
    | |   | |   "revision-id" = <09000000>
    | |   | |   "iommu-selection" = <11000000>
    | |   | |   "IOInterruptSpecifiers" = (<1000000007000000>,<0b00000000000100>)
    | |   | |   "acpi-path" = "IOACPIPlane:/_SB/PCI0@0/HDAU@30000"
    | |   | | }
    | |   | | 
    | |   | +-o AppleHDAController@3  <class AppleHDAController, id 0x100000411, !registered, !matched, active, busy 0, retain 7>
    | |   |   | {
    | |   |   |   "IOClass" = "AppleHDAController"
    | |   |   |   "IOHDAClockStop" = Yes
    | |   |   |   "HighFIFOLimitSupport" = ()
    | |   |   |   "IOPersonalityPublisher" = "com.apple.driver.AppleHDAController"
    | |   |   |   "RequireMaxBusStall" = ({"Layouts"=(),"MaxBusStall"=0x3a98})
    | |   |   |   "HDAControllerIndex" = 0x0
    | |   |   |   "IOPowerManagement" = {"PowerOverrideOn"=Yes,"DevicePowerState"=0x0,"CurrentPowerState"=0x0,"CapabilityFlags"=0x0,"MaxPowerState"=0x2,"DesiredPowerState"=0x2}
    | |   |   |   "IOProviderClass" = "IOPCIDevice"
    | |   |   |   "InputLowPower" = No
    | |   |   |   "status-mask" = 0x1
    | |   |   |   "IOProbeScore" = 0x1
    | |   |   |   "IOPCIUseDeviceMapper" = Yes
    | |   |   |   "CodecList" = ({"RevisionID"=0x100000,"VendorProductID"=0xffffffff80862808})
    | |   |   |   "CFBundleIdentifierKernel" = "com.apple.driver.AppleHDAController"
    | |   |   |   "IOMatchCategory" = "IODefaultMatchCategory"
    | |   |   |   "CFBundleIdentifier" = "com.apple.driver.AppleHDAController"
    | |   |   |   "DPAlwaysDisplayRouting" = (0x3,0x21,0x23,0x58)
    | |   |   |   "DPAudioDeviceExclusion" = ({"ManufacturerID"=0x610,"ProductID"=0x2792})
    | |   |   |   "OutputLowPower" = No
    | |   |   |   "CodecAddressFilterArray" = ({"CodecAddressMask"=<01000000>,"PCIVendorDeviceID"=0x10de0ac0,"LayoutID"=0x4008},{"CodecAddressMask"=<01000000>,"PCIVendorDeviceID"=0x10de0ac0,"LayoutID"=0x0},{"CodecAddressMask"=<09000000>,"PCIVendorDeviceID"=0x10de0ac0,"LayoutID"=0x41},{"CodecAddressMask"=<01000000>,"PCIVendorDeviceID"=0x10de0ac0,"LayoutID"=0x49})
    | |   |   |   "HwFactoryPrefixTranslation" = ({"LayoutID"=0x4e,"SourceDID"=0xaa40,"StandInDID"=0xaa30,"VID"=0x1002},{"LayoutID"=0x4e,"SourceDID"=0xaa38,"StandInDID"=0xaa30,"VID"=0x1002},{"LayoutID"=0x4f,"SourceDID"=0xaa40,"StandInDID"=0xaa30,"VID"=0x1002},{"LayoutID"=0x4f,"SourceDID"=0xaa38,"StandInDID"=0xaa30,"VID"=0x1002})
    | |   |   |   "IOPCIClassMatch" = "0x04010000&0xFFFD0000"
    | |   |   | }
    | |   |   | 
    | |   |   +-o IOHDACodecDevice@3,0  <class IOHDACodecDevice, id 0x10000043d, !registered, !matched, active, busy 0, retain 5>
    | |   |       {
    | |   |       }
    | |   |       
    | |   +-o XHC1@14  <class IOPCIDevice, id 0x100000254, registered, matched, active, busy 0 (1228 ms), retain 13>
    | |   | | {
    | |   | |   "acpi-device" = "IOACPIPlatformDevice is not serializable"
    | |   | |   "IOPCIMSIMode" = Yes
    | |   | |   "assigned-addresses" = <10a000827f000000000000a10000000000000100>
    | |   | |   "vendor-id" = <86800000>
    | |   | |   "class-code" = <30030c00>
    | |   | |   "subsystem-vendor-id" = <86800000>
    | |   | |   "IOName" = "pci8086,9cb1"
    | |   | |   "AAPL,current-available" = 0x834
    | |   | |   "IOPCIPMCSState" = 0x108
    | |   | |   "IOPCIUseDeviceMapper" = Yes
    | |   | |   "pcidebug" = "0:20:0"
    | |   | |   "iommu-parent" = "AppleVTDDeviceMapper is not serializable"
    | |   | |   "IOServiceDEXTEntitlements" = (("com.apple.developer.driverkit.transport.pci"))
    | |   | |   "IOInterruptControllers" = ("io-apic-0","IOPCIMessagedInterruptController")
    | |   | |   "built-in" = <00>
    | |   | |   "IOPCIResourced" = Yes
    | |   | |   "IOPowerManagement" = {"ChildrenPowerState"=0x2,"CurrentPowerState"=0x2,"CapabilityFlags"=0x102,"ChildProxyPowerState"=0x2,"MaxPowerState"=0x3}
    | |   | |   "IODeviceMemory" = (({"address"=0x7fa1000000,"length"=0x10000}))
    | |   | |   "acpi-pmcap-offset" = 0x70
    | |   | |   "name" = <706369383038362c3963623100>
    | |   | |   "subsystem-id" = <70720000>
    | |   | |   "AAPL,current-extra" = 0x898
    | |   | |   "AAPL,current-extra-in-sleep" = 0x640
    | |   | |   "compatible" = <706369383038362c3732373000706369383038362c3963623100706369636c6173732c306330333330005848433100>
    | |   | |   "IOReportLegendPublic" = Yes
    | |   | |   "reg" = <00a000000000000000000000000000000000000010a0000200000000000000000000000000000100>
    | |   | |   "driver-child-bundle" = "com.apple.driver.usb.AppleUSBXHCIPCI"
    | |   | |   "IOReportLegend" = ({"IOReportGroupName"="Interrupt Statistics (by index)","IOReportChannels"=((0x496e747200010000,0x100020001,"               First Level Interrupt Handler Count"),(0x496e747200010001,0x100020001,"              Second Level Interrupt Handler Count"),(0x496e747200010002,0x100020001,"        First Level Interrupt Handler Time (MATUs)"),(0x496e747200010003,0x100020001,"   Second Level Interrupt Handler CPU Time (MATUs)"),(0x496e747200010004,0x100020001,"Second Level Interrupt Handler System Time (MATUs)")),"IORepo$
    | |   | |   "AAPL,max-port-current-in-sleep" = 0x834
    | |   | |   "device-id" = <b19c0000>
    | |   | |   "revision-id" = <03000000>
    | |   | |   "iommu-selection" = <11000000>
    | |   | |   "IOInterruptSpecifiers" = (<1000000007000000>,<0700000000000100>)
    | |   | |   "acpi-path" = "IOACPIPlane:/_SB/PCI0@0/XHC1@140000"
    | |   | | }
    | |   | | 
    | |   | +-o XHC1@14000000  <class AppleUSBXHCIWPT, id 0x100000282, registered, matched, active, busy 0 (765 ms), retain 65>
    | |   |   | {
    | |   |   |   "IOClass" = "AppleUSBXHCIWPT"
    | |   |   |   "kUSBSleepPortCurrentLimit" = 0x834
    | |   |   |   "IOPersonalityPublisher" = "com.apple.driver.usb.AppleUSBXHCIPCI"
    | |   |   |   "IOMatchedAtBoot" = Yes
    | |   |   |   "IOPowerManagement" = {"ChildrenPowerState"=0x3,"DevicePowerState"=0x2,"CurrentPowerState"=0x3,"CapabilityFlags"=0x8000,"MaxPowerState"=0x3,"DriverPowerState"=0x0}
    | |   |   |   "IOProviderClass" = "IOPCIDevice"
    | |   |   |   "ports" = {"SSP1"={"UsbConnector"=0x3,"port"=<0c000000>},"SSP2"={"UsbConnector"=0x3,"port"=<0d000000>},"HS02"={"UsbConnector"=0x3,"port"=<02000000>},"SSP3"={"kUSBHostPortPropertyCardReader"=Yes,"kUSBHostPortPropertyCardReaderValidateDescriptors"=Yes,"UsbConnector"=0xff,"port"=<0e000000>},"HS03"={"UsbConnector"=0xff,"port"=<03000000>},"HS01"={"UsbConnector"=0x3,"port"=<01000000>}}
    | |   |   |   "IOProbeScore" = 0x1388
    | |   |   |   "UsbRTD3Supported" = Yes
    | |   |   |   "locationID" = 0x14000000
    | |   |   |   "name" = <5848433100>
    | |   |   |   "IOPCIPauseCompatible" = Yes
    | |   |   |   "IOPCIUseDeviceMapper" = Yes
    | |   |   |   "device-properties" = {"acpi-device"="IOACPIPlatformDevice is not serializable","AAPL,current-available"=0x834,"AAPL,max-port-current-in-sleep"=0x834,"AAPL,current-extra"=0x898,"AAPL,current-extra-in-sleep"=0x640,"acpi-path"="IOACPIPlane:/_SB/PCI0@0/XHC1@140000"}
    | |   |   |   "kUSBWakePortCurrentLimit" = 0x834
    | |   |   |   "CFBundleIdentifierKernel" = "com.apple.driver.usb.AppleUSBXHCIPCI"
    | |   |   |   "IOPCIPrimaryMatch" = "0x9cb18086"
    | |   |   |   "IOMatchCategory" = "IODefaultMatchCategory"
    | |   |   |   "CFBundleIdentifier" = "com.apple.driver.usb.AppleUSBXHCIPCI"
    | |   |   |   "Revision" = <0003>
    | |   |   |   "port-count" = <0e000000>
    | |   |   |   "IOGeneralInterest" = "IOCommand is not serializable"
    | |   |   |   "IOPCITunnelCompatible" = Yes
    | |   |   |   "controller-statistics" = {"kControllerStatIOCount"=0x576,"kControllerStatPowerStateTime"={"kPowerStateOff"="0ms (0%)","kPowerStateSleep"="998ms (0%)","kPowerStateOn"="44924254ms (99%)","kPowerStateSuspended"="0ms (0%)"},"kControllerStatSpuriousInterruptCount"=0x0}
    | |   |   |   "kUSBSleepSupported" = Yes
    | |   |   | }
    | |   |   | 
    | |   |   +-o HS01@14100000  <class AppleUSB20XHCIPort, id 0x100000333, registered, matched, active, busy 0 (0 ms), retain 10>
    | |   |   |   {
    | |   |   |     "kUSBSleepPortCurrentLimit" = 0x834
    | |   |   |     "IOPowerManagement" = {"DevicePowerState"=0x1,"CurrentPowerState"=0x1,"CapabilityFlags"=0x4,"MaxPowerState"=0x3,"DriverPowerState"=0x0}
    | |   |   |     "UsbConnector" = 0x3
    | |   |   |     "kUSBWakePortCurrentLimit" = 0x834
    | |   |   |     "IOGeneralInterest" = "IOCommand is not serializable"
    | |   |   |     "locationID" = 0x14100000
    | |   |   |     "kUSBBusCurrentSleepAllocation" = 0x0
    | |   |   |     "UsbMux" = "EHCA"
    | |   |   |     "port-status" = 0x0
    | |   |   |     "device-properties" = {"acpi-device"="IOACPIPlatformDevice is not serializable","acpi-path"="IOACPIPlane:/_SB/PCI0@0/XHC1@140000/RHUB@0/HS01@1"}
    | |   |   |     "kUSBBusCurrentAllocation" = 0x0
    | |   |   |     "port-statistics" = {"kPortStatEOF2ViolationCurrentConnectCount"=0x0,"kPortStatEOF2ViolationDuringResetCount"=0x0,"kPortStatPowerStateTime"={"kPowerStateOff"="0ms (0%)","kPowerStateSleep"="44924691ms (100%)","kPowerStateOn"="0ms (0%)","kPowerStateSuspended"="0ms (0%)"},"kPortStatConnectCount"=0x0,"kPortStatRemoteWakeCount"=0x0,"kPortStatEOF2ViolationRecoveryDuringResetCount"=0x0,"kPortStatAddressFailureCount"=0x0,"kPortStatEOF2ViolationCount"=0x0,"kPortStatEnumerationFailureCount"=0x0,"kPortStatOverCurrentCount"=0x0,"kPortS$
    | |   |   |     "name" = "HS01"
    | |   |   |     "port" = <01000000>
    | |   |   |   }
    | |   |   |   
    | |   |   +-o HS02@14200000  <class AppleUSB20XHCIPort, id 0x100000334, registered, matched, active, busy 0 (0 ms), retain 10>
    | |   |   |   {
    | |   |   |     "kUSBSleepPortCurrentLimit" = 0x834
    | |   |   |     "IOPowerManagement" = {"DevicePowerState"=0x1,"CurrentPowerState"=0x1,"CapabilityFlags"=0x4,"MaxPowerState"=0x3,"DriverPowerState"=0x0}
    | |   |   |     "UsbConnector" = 0x3
    | |   |   |     "kUSBWakePortCurrentLimit" = 0x834
    | |   |   |     "IOGeneralInterest" = "IOCommand is not serializable"
    | |   |   |     "locationID" = 0x14200000
    | |   |   |     "kUSBBusCurrentSleepAllocation" = 0x0
    | |   |   |     "UsbMux" = "EHCB"
    | |   |   |     "port-status" = 0x0
    | |   |   |     "device-properties" = {"acpi-device"="IOACPIPlatformDevice is not serializable","acpi-path"="IOACPIPlane:/_SB/PCI0@0/XHC1@140000/RHUB@0/HS02@2"}
    | |   |   |     "kUSBBusCurrentAllocation" = 0x0
    | |   |   |     "port-statistics" = {"kPortStatEOF2ViolationCurrentConnectCount"=0x0,"kPortStatEOF2ViolationDuringResetCount"=0x0,"kPortStatPowerStateTime"={"kPowerStateOff"="0ms (0%)","kPowerStateSleep"="44924971ms (99%)","kPowerStateOn"="84ms (0%)","kPowerStateSuspended"="0ms (0%)"},"kPortStatConnectCount"=0x0,"kPortStatRemoteWakeCount"=0x0,"kPortStatEOF2ViolationRecoveryDuringResetCount"=0x0,"kPortStatAddressFailureCount"=0x0,"kPortStatEOF2ViolationCount"=0x0,"kPortStatEnumerationFailureCount"=0x0,"kPortStatOverCurrentCount"=0x0,"kPortS$
    | |   |   |     "name" = "HS02"
    | |   |   |     "port" = <02000000>
    | |   |   |   }
    | |   |   |   
    | |   |   +-o HS03@14300000  <class AppleUSB20XHCIPort, id 0x100000335, registered, matched, active, busy 0 (541 ms), retain 14>
    | |   |   | | {
    | |   |   | |   "port" = <03000000>
    | |   |   | |   "port-status" = 0x1102
    | |   |   | |   "port-statistics" = {"kPortStatEOF2ViolationCurrentConnectCount"=0x0,"kPortStatEOF2ViolationDuringResetCount"=0x0,"kPortStatPowerStateTime"={"kPowerStateOff"="0ms (0%)","kPowerStateSleep"="1067ms (0%)","kPowerStateOn"="44923985ms (99%)","kPowerStateSuspended"="0ms (0%)"},"kPortStatConnectCount"=0x1,"kPortStatRemoteWakeCount"=0x0,"kPortStatEOF2ViolationRecoveryDuringResetCount"=0x0,"kPortStatAddressFailureCount"=0x0,"kPortStatEOF2ViolationCount"=0x0,"kPortStatEnumerationFailureCount"=0x0,"kPortStatOverCurrentCount"=0x0,"kPor$
    | |   |   | |   "IOGeneralInterest" = "IOCommand is not serializable"
    | |   |   | |   "device-properties" = {"acpi-device"="IOACPIPlatformDevice is not serializable","acpi-path"="IOACPIPlane:/_SB/PCI0@0/XHC1@140000/RHUB@0/HS03@3"}
    | |   |   | |   "UsbConnector" = 0xff
    | |   |   | |   "IOPowerManagement" = {"ChildrenPowerState"=0x3,"DevicePowerState"=0x1,"CurrentPowerState"=0x3,"CapabilityFlags"=0x8000,"MaxPowerState"=0x3,"DriverPowerState"=0x0}
    | |   |   | |   "name" = "HS03"
    | |   |   | |   "locationID" = 0x14300000
    | |   |   | | }
    | |   |   | | 
    | |   |   | +-o Bluetooth USB Host Controller@14300000  <class IOUSBHostDevice, id 0x100000399, registered, matched, active, busy 0 (540 ms), retain 37>
    | |   |   |   | {
    | |   |   |   |   "bDeviceClass" = 0xef
    | |   |   |   |   "bDeviceSubClass" = 0x2
    | |   |   |   |   "iSerialNumber" = 0x0
    | |   |   |   |   "Built-In" = Yes
    | |   |   |   |   "IOServiceDEXTEntitlements" = (("com.apple.developer.driverkit.transport.usb","com.apple.developer.driverkit.builtin"))
    | |   |   |   |   "iProduct" = 0x2
    | |   |   |   |   "USB Vendor Name" = "Broadcom Corp."
    | |   |   |   |   "USBSpeed" = 0x1
    | |   |   |   |   "IOPowerManagement" = {"PowerOverrideOn"=Yes,"CapabilityFlags"=0x8000,"MaxPowerState"=0x2,"DevicePowerState"=0x2,"DriverPowerState"=0x0,"ChildrenPowerState"=0x1,"CurrentPowerState"=0x2}
    | |   |   |   |   "bNumConfigurations" = 0x1
    | |   |   |   |   "kUSBProductString" = "Bluetooth USB Host Controller"
    | |   |   |   |   "IOServiceLegacyMatchingRegistryID" = 0x10000039b
    | |   |   |   |   "kUSBVendorString" = "Broadcom Corp."
    | |   |   |   |   "USB Product Name" = "Bluetooth USB Host Controller"
    | |   |   |   |   "iManufacturer" = 0x1
    | |   |   |   |   "idVendor" = 0x5ac
    | |   |   |   |   "Device Speed" = 0x1
    | |   |   |   |   "kUSBCurrentConfiguration" = 0x1
    | |   |   |   |   "idProduct" = 0x8290
    | |   |   |   |   "bcdDevice" = 0x169
    | |   |   |   |   "sessionID" = 0x65463e68
    | |   |   |   |   "USB Address" = 0x3
    | |   |   |   |   "non-removable" = "yes"
    | |   |   |   |   "UsbUserClientEntitlementRequired" = "com.apple.bluetooth.control"
    | |   |   |   |   "IOCFPlugInTypes" = {"9dc7b780-9ec0-11d4-a54f-000a27052861"="IOUSBHostFamily.kext/Contents/PlugIns/IOUSBLib.bundle"}
    | |   |   |   |   "IOClassNameOverride" = "IOUSBDevice"
    | |   |   |   |   "USBPortType" = 0x2
    | |   |   |   |   "bDeviceProtocol" = 0x1
    | |   |   |   |   "locationID" = 0x14300000
    | |   |   |   |   "kUSBAddress" = 0x3
    | |   |   |   |   "bcdUSB" = 0x201
    | |   |   |   |   "IOGeneralInterest" = "IOCommand is not serializable"
    | |   |   |   |   "bMaxPacketSize0" = 0x40
    | |   |   |   | }
    | |   |   |   | 
    | |   |   |   +-o AppleUSBHostLegacyClient  <class AppleUSBHostLegacyClient, id 0x10000039c, !registered, !matched, active, busy 0, retain 8>
    | |   |   |   |   {
    | |   |   |   |     "IOPowerManagement" = {"DevicePowerState"=0x0,"CurrentPowerState"=0x1,"CapabilityFlags"=0x10000,"MaxPowerState"=0x2,"DriverPowerState"=0x1}
    | |   |   |   |   }
    | |   |   |   |   
    | |   |   |   +-o AppleUSBHostCompositeDevice  <class AppleUSBHostCompositeDevice, id 0x1000003a1, !registered, !matched, active, busy 0, retain 4>
    | |   |   |   |   {
    | |   |   |   |     "IOClass" = "AppleUSBHostCompositeDevice"
    | |   |   |   |     "CFBundleIdentifier" = "com.apple.driver.usb.AppleUSBHostCompositeDevice"
    | |   |   |   |     "IOProviderClass" = "IOUSBHostDevice"
    | |   |   |   |     "kUSBPreferredConfiguration" = 0x1
    | |   |   |   |     "IOProbeScore" = 0xea60
    | |   |   |   |     "IOMatchedAtBoot" = Yes
    | |   |   |   |     "IOMatchCategory" = "IODefaultMatchCategory"
    | |   |   |   |     "bDeviceSubClass" = 0x2
    | |   |   |   |     "IOPersonalityPublisher" = "com.apple.driver.usb.AppleUSBHostCompositeDevice"
    | |   |   |   |     "bDeviceProtocol" = 0x1
    | |   |   |   |     "CFBundleIdentifierKernel" = "com.apple.driver.usb.AppleUSBHostCompositeDevice"
    | |   |   |   |     "bDeviceClass" = 0xef
    | |   |   |   |   }
    | |   |   |   |   
    | |   |   |   +-o IOUSBHostInterface@0  <class IOUSBHostInterface, id 0x1000003a2, registered, matched, active, busy 0 (537 ms), retain 12>
    | |   |   |   | | {
    | |   |   |   | |   "USBSpeed" = 0x1
    | |   |   |   | |   "iInterface" = 0x0
    | |   |   |   | |   "IOServiceLegacyMatchingRegistryID" = 0x1000003a8
    | |   |   |   | |   "bInterfaceProtocol" = 0x1
    | |   |   |   | |   "bAlternateSetting" = 0x0
    | |   |   |   | |   "idProduct" = 0x8290
    | |   |   |   | |   "bcdDevice" = 0x169
    | |   |   |   | |   "USB Product Name" = "Bluetooth USB Host Controller"
    | |   |   |   | |   "locationID" = 0x14300000
    | |   |   |   | |   "bInterfaceClass" = 0x3
    | |   |   |   | |   "bInterfaceSubClass" = 0x1
    | |   |   |   | |   "IOCFPlugInTypes" = {"2d9786c6-9ef3-11d4-ad51-000a27052861"="IOUSBHostFamily.kext/Contents/PlugIns/IOUSBLib.bundle"}
    | |   |   |   | |   "USBPortType" = 0x2
    | |   |   |   | |   "bConfigurationValue" = 0x1
    | |   |   |   | |   "bInterfaceNumber" = 0x0
    | |   |   |   | |   "USB Vendor Name" = "Broadcom Corp."
    | |   |   |   | |   "IOServiceDEXTEntitlements" = (("com.apple.developer.driverkit.transport.usb","com.apple.developer.driverkit.builtin"))
    | |   |   |   | |   "idVendor" = 0x5ac
    | |   |   |   | |   "IODEXTMatchCount" = 0x2
    | |   |   |   | |   "bNumEndpoints" = 0x1
    | |   |   |   | |   "IOGeneralInterest" = "IOCommand is not serializable"
    | |   |   |   | |   "IOClassNameOverride" = "IOUSBInterface"
    | |   |   |   | | }
    | |   |   |   | | 
    | |   |   |   | +-o AppleUserUSBHostHIDDevice  <class AppleUserHIDDevice, id 0x100000449, registered, matched, active, busy 0 (8 ms), retain 13>
    | |   |   |   |   | {
    | |   |   |   |   |   "PrimaryUsagePage" = 0x1
    | |   |   |   |   |   "MaxInputReportSize" = 0x9
    | |   |   |   |   |   "IOUserClientClass" = "IOHIDLibUserClient"
    | |   |   |   |   |   "VersionNumber" = 0x169
    | |   |   |   |   |   "VendorID" = 0x5ac
    | |   |   |   |   |   "ReportDescriptor" = <05010906a10185010508190129031500250175019503910295059101050719e029e7950881027508950181011900299126ff0095068100c0>
    | |   |   |   |   |   "Built-In" = Yes
    | |   |   |   |   |   "DebugState" = {"SetReportCount"=0x9,"SetReportTime"=0x2f03c79f3a5}
    | |   |   |   |   |   "IOUserServerOneProcess" = Yes
    | |   |   |   |   |   "BootProtocol" = 0x1
    | |   |   |   |   |   "MaxFeatureReportSize" = 0x1
    | |   |   |   |   |   "RequiresTCCAuthorization" = Yes
    | |   |   |   |   |   "Product" = "Bluetooth USB Host Controller"
    | |   |   |   |   |   "Transport" = "USB"
    | |   |   |   |   |   "Elements" = ({"ReportID"=0x0,"ElementCookie"=0x1,"CollectionType"=0x1,"Type"=0x201,"VariableSize"=0x0,"Elements"=({"VariableSize"=0x0,"UnitExponent"=0x0,"IsRelative"=No,"UsagePage"=0x7,"Max"=0x1,"IsArray"=No,"Type"=0x2,"Size"=0x1,"Min"=0x0,"Flags"=0x2,"ReportID"=0x1,"Usage"=0xe0,"ReportCount"=0x1,"Unit"=0x0,"HasNullState"=No,"ReportSize"=0x1,"HasPreferredState"=Yes,"IsNonLinear"=No,"ScaledMin"=0x0,"IsWrapping"=No,"ScaledMax"=0x1,"ElementCookie"=0x6},{"VariableSize"=0x0,"UnitExponent"=0x0,"IsRelative"=No,"UsagePage"=0$
    | |   |   |   |   |   "IOServiceDEXTEntitlements" = "com.apple.developer.driverkit.family.hid.device"
    | |   |   |   |   |   "Manufacturer" = "Broadcom Corp."
    | |   |   |   |   |   "IOUserServerCDHash" = "52ac37452d0fc71a4a5f700f9b69e06f466b8d96"
    | |   |   |   |   |   "ProductID" = 0x8290
    | |   |   |   |   |   "RegisterService" = No
    | |   |   |   |   |   "DeviceUsagePairs" = ({"DeviceUsagePage"=0x1,"DeviceUsage"=0x6})
    | |   |   |   |   |   "IOPowerManagement" = {"DevicePowerState"=0x0,"CurrentPowerState"=0x0,"CapabilityFlags"=0x0,"MaxPowerState"=0x2}
    | |   |   |   |   |   "IOUserServerName" = "com.apple.driverkit.AppleUserHIDDrivers"
    | |   |   |   |   |   "ReportInterval" = 0x1f40
    | |   |   |   |   |   "InputReportElements" = ({"ReportID"=0x1,"ElementCookie"=0xf8,"Size"=0x48,"ReportCount"=0x1,"Type"=0x1,"VariableSize"=0x0,"UsagePage"=0x0,"ReportSize"=0x48,"Usage"=0x0})
    | |   |   |   |   |   "bInterfaceProtocol" = 0x1
    | |   |   |   |   |   "IOMatchedPersonality" = {"IOClass"="AppleUserHIDDevice","CFBundleIdentifier"="com.apple.AppleUserHIDDrivers","IOProviderClass"="IOUSBHostInterface","IOUserServerCDHash"="52ac37452d0fc71a4a5f700f9b69e06f466b8d96","IOProbeScore"=0x1,"bInterfaceSubClass"=0x1,"IOUserServerName"="com.apple.driverkit.AppleUserHIDDrivers","HIDDefaultBehavior"="","bInterfaceProtocol"=0x1,"CFBundleIdentifierKernel"="com.apple.iokit.IOHIDFamily","IOUserServerOneProcess"=Yes,"bInterfaceClass"=0x3,"IOUserClass"="AppleUserUSBHostHIDDevice"}
    | |   |   |   |   |   "CFBundleIdentifier" = "com.apple.AppleUserHIDDrivers"
    | |   |   |   |   |   "MaxOutputReportSize" = 0x2
    | |   |   |   |   |   "IOCFPlugInTypes" = {"FA12FA38-6F1A-11D4-BA0C-0005028F18D5"="IOHIDFamily.kext/Contents/PlugIns/IOHIDLib.plugin","40A57A4E-26A0-11D8-9295-000A958A2C78"="IOHIDFamily.kext/Contents/PlugIns/IOHIDLib.plugin","7DDEECA8-A7B4-11DA-8A0E-0014519758EF"="IOHIDFamily.kext/Contents/PlugIns/IOHIDLib.plugin"}
    | |   |   |   |   |   "IOProviderClass" = "IOUSBHostInterface"
    | |   |   |   |   |   "IOUserClass" = "AppleUserUSBHostHIDDevice"
    | |   |   |   |   |   "LocationID" = 0x14300000
    | |   |   |   |   |   "CFBundleIdentifierKernel" = "com.apple.iokit.IOHIDFamily"
    | |   |   |   |   |   "IOClass" = "AppleUserHIDDevice"
    | |   |   |   |   |   "PrimaryUsage" = 0x6
    | |   |   |   |   |   "HIDDefaultBehavior" = ""
    | |   |   |   |   |   "CountryCode" = 0x0
    | |   |   |   |   |   "RequestTimeout" = 0x4c4b40
    | |   |   |   |   |   "bInterfaceSubClass" = 0x1
    | |   |   |   |   |   "IOMatchCategory" = "IODefaultMatchCategory"
    | |   |   |   |   |   "IOProbeScore" = 0xea61
    | |   |   |   |   |   "DeviceOpenedByEventSystem" = Yes
    | |   |   |   |   |   "bInterfaceClass" = 0x3
    | |   |   |   |   |   "HIDDKStart" = Yes
    | |   |   |   |   | }
    | |   |   |   |   | 
    | |   |   |   |   +-o IOHIDInterface  <class IOHIDInterface, id 0x100000454, registered, matched, active, busy 0 (7 ms), retain 10>
    | |   |   |   |     | {
    | |   |   |   |     |   "Transport" = "USB"
    | |   |   |   |     |   "BootProtocol" = 0x1
    | |   |   |   |     |   "HIDDefaultBehavior" = ""
    | |   |   |   |     |   "Manufacturer" = "Broadcom Corp."
    | |   |   |   |     |   "Product" = "Bluetooth USB Host Controller"
    | |   |   |   |     |   "MaxInputReportSize" = 0x9
    | |   |   |   |     |   "Built-In" = Yes
    | |   |   |   |     |   "DeviceUsagePairs" = ({"DeviceUsagePage"=0x1,"DeviceUsage"=0x6})
    | |   |   |   |     |   "DebugState" = {"ReleasedBuffers"=0x0,"ReportAvailableCalls"=0x0,"ReportAvailableRuns"=0x0,"CreatedBuffers"=0x0}
    | |   |   |   |     |   "MaxOutputReportSize" = 0x2
    | |   |   |   |     |   "ReportDescriptor" = <05010906a10185010508190129031500250175019503910295059101050719e029e7950881027508950181011900299126ff0095068100c0>
    | |   |   |   |     |   "CountryCode" = 0x0
    | |   |   |   |     |   "VendorID" = 0x5ac
    | |   |   |   |     |   "VersionNumber" = 0x169
    | |   |   |   |     |   "IOServiceDEXTEntitlements" = (("com.apple.developer.driverkit.transport.hid","com.apple.developer.driverkit.builtin"))
    | |   |   |   |     |   "IODEXTMatchCount" = 0x1
    | |   |   |   |     |   "PrimaryUsage" = 0x6
    | |   |   |   |     |   "LocationID" = 0x14300000
    | |   |   |   |     |   "ProductID" = 0x8290
    | |   |   |   |     |   "ReportInterval" = 0x1f40
    | |   |   |   |     |   "PrimaryUsagePage" = 0x1
    | |   |   |   |     |   "DeviceOpenedByEventSystem" = Yes
    | |   |   |   |     |   "MaxFeatureReportSize" = 0x1
    | |   |   |   |     | }
    | |   |   |   |     | 
    | |   |   |   |     +-o AppleUserHIDEventDriver  <class AppleUserHIDEventService, id 0x100000458, registered, matched, active, busy 0 (0 ms), retain 15>
    | |   |   |   |       | {
    | |   |   |   |       |   "IOGeneralInterest" = "IOCommand is not serializable"
    | |   |   |   |       |   "PrimaryUsagePage" = 0x1
    | |   |   |   |       |   "SensorProperties" = {}
    | |   |   |   |       |   "IOUserClientClass" = "IOHIDEventServiceUserClient"
    | |   |   |   |       |   "VersionNumber" = 0x169
    | |   |   |   |       |   "VendorID" = 0x5ac
    | |   |   |   |       |   "Built-In" = Yes
    | |   |   |   |       |   "IOUserServerOneProcess" = Yes
    | |   |   |   |       |   "Product" = "Bluetooth USB Host Controller"
    | |   |   |   |       |   "Transport" = "USB"
    | |   |   |   |       |   "HIDKeyboardSupportedModifiers" = 0x11e20ff
    | |   |   |   |       |   "IOServiceDEXTEntitlements" = "com.apple.developer.driverkit.family.hid.eventservice"
    | |   |   |   |       |   "GameControllerType" = 0x0
    | |   |   |   |       |   "Manufacturer" = "Broadcom Corp."
    | |   |   |   |       |   "LED" = {"Elements"=({"VariableSize"=0x0,"UnitExponent"=0x0,"IsRelative"=No,"UsagePage"=0x8,"Max"=0x1,"IsArray"=No,"Type"=0x81,"Size"=0x1,"Min"=0x0,"Flags"=0x2,"ReportID"=0x1,"Usage"=0x1,"ReportCount"=0x1,"Unit"=0x0,"HasNullState"=No,"ReportSize"=0x1,"HasPreferredState"=Yes,"IsNonLinear"=No,"ScaledMin"=0x0,"IsWrapping"=No,"ScaledMax"=0x1,"ElementCookie"=0xf5},{"VariableSize"=0x0,"UnitExponent"=0x0,"IsRelative"=No,"UsagePage"=0x8,"Max"=0x1,"IsArray"=No,"Type"=0x81,"Size"=0x1,"Min"=0x0,"Flags"=0x2,"ReportID"=0x1,"Us$
    | |   |   |   |       |   "IOUserServerCDHash" = "52ac37452d0fc71a4a5f700f9b69e06f466b8d96"
    | |   |   |   |       |   "ProductID" = 0x8290
    | |   |   |   |       |   "DeviceUsagePairs" = ({"DeviceUsagePage"=0x1,"DeviceUsage"=0x6})
    | |   |   |   |       |   "RegisterService" = No
    | |   |   |   |       |   "Keyboard" = {"Elements"=({"VariableSize"=0x0,"UnitExponent"=0x0,"IsRelative"=No,"UsagePage"=0x7,"Max"=0x1,"IsArray"=No,"Type"=0x2,"Size"=0x1,"Min"=0x0,"Flags"=0x2,"ReportID"=0x1,"Usage"=0xe0,"ReportCount"=0x1,"Unit"=0x0,"HasNullState"=No,"ReportSize"=0x1,"HasPreferredState"=Yes,"IsNonLinear"=No,"ScaledMin"=0x0,"IsWrapping"=No,"ScaledMax"=0x1,"ElementCookie"=0x6},{"VariableSize"=0x0,"UnitExponent"=0x0,"IsRelative"=No,"UsagePage"=0x7,"Max"=0x1,"IsArray"=No,"Type"=0x2,"Size"=0x1,"Min"=0x0,"Flags"=0x2,"ReportID"=0x1,$
    | |   |   |   |       |   "GameControllerPointer" = {"Elements"=({"VariableSize"=0x0,"UnitExponent"=0x0,"IsRelative"=No,"UsagePage"=0x8,"Max"=0x1,"IsArray"=No,"Type"=0x81,"Size"=0x1,"Min"=0x0,"Flags"=0x2,"ReportID"=0x1,"Usage"=0x1,"ReportCount"=0x1,"Unit"=0x0,"HasNullState"=No,"ReportSize"=0x1,"HasPreferredState"=Yes,"IsNonLinear"=No,"ScaledMin"=0x0,"IsWrapping"=No,"ScaledMax"=0x1,"ElementCookie"=0xf5},{"VariableSize"=0x0,"UnitExponent"=0x0,"IsRelative"=No,"UsagePage"=0x8,"Max"=0x1,"IsArray"=No,"Type"=0x81,"Size"=0x1,"Min"=0x0,"Flags"=0x2,$
    | |   |   |   |       |   "IOUserServerName" = "com.apple.driverkit.AppleUserHIDDrivers"
    | |   |   |   |       |   "IOPowerManagement" = {"DevicePowerState"=0x0,"CurrentPowerState"=0x0,"CapabilityFlags"=0x0,"MaxPowerState"=0x2}
    | |   |   |   |       |   "ReportInterval" = 0x0
    | |   |   |   |       |   "VendorIDSource" = 0x0
    | |   |   |   |       |   "IOMatchedPersonality" = {"IOClass"="AppleUserHIDEventService","CFBundleIdentifier"="com.apple.AppleUserHIDDrivers","IOProviderClass"="IOHIDInterface","IOUserServerCDHash"="52ac37452d0fc71a4a5f700f9b69e06f466b8d96","HIDAccelCurves"=({"HIDAccelGainLinear"=0x10000,"HIDAccelIndex"=0x0,"HIDAccelTangentSpeedLinear"=0x80000},{"HIDAccelGainLinear"=0xeb85,"HIDAccelTangentSpeedLinear"=0x83333,"HIDAccelGainCubic"=0x147b,"HIDAccelGainParabolic"=0x6666,"HIDAccelTangentSpeedParabolicRoot"=0x130000,"HIDAccelIndex"=0x2000},{"HID$
    | |   |   |   |       |   "HIDEventServiceProperties" = {"HIDMouseKeysOptionToggles"=0x0,"JitterNoClick"=0x1,"ActuateDetents"=0x1,"Dragging"=0x0,"HIDSlowKeysDelay"=0x0,"JitterNoMove"=0x1,"FlipLeftAndRightEdgeGestures"=No,"HIDTrackpadScrollAcceleration"=0x5000,"HIDInitialKeyRepeat"=0x1dcd6500,"TrackpadThreeFingerHorizSwipeGesture"=0x2,"TrackpadThreeFingerDrag"=No,"MTGestureConfiguration"={"Version"=0x1,"Behaviors"=({"BehaviorID"=0x5})},"MTGestureConfigurationOverride"={"Version"=0x1,"Behaviors"=({"BehaviorID"=0x1})},"HIDPointerAcceleration"$
    | |   |   |   |       |   "CFBundleIdentifier" = "com.apple.AppleUserHIDDrivers"
    | |   |   |   |       |   "HIDKeyboardKeysDefined" = Yes
    | |   |   |   |       |   "IOCFPlugInTypes" = {"7DDEECA8-A7B4-11DA-8A0E-0014519758EF"="IOHIDFamily.kext/Contents/PlugIns/IOHIDLib.plugin","FA12FA38-6F1A-11D4-BA0C-0005028F18D5"="IOHIDFamily.kext/Contents/PlugIns/IOHIDLib.plugin"}
    | |   |   |   |       |   "HIDAccelCurves" = ({"HIDAccelGainLinear"=0x10000,"HIDAccelIndex"=0x0,"HIDAccelTangentSpeedLinear"=0x80000},{"HIDAccelGainLinear"=0xeb85,"HIDAccelTangentSpeedLinear"=0x83333,"HIDAccelGainCubic"=0x147b,"HIDAccelGainParabolic"=0x6666,"HIDAccelTangentSpeedParabolicRoot"=0x130000,"HIDAccelIndex"=0x2000},{"HIDAccelGainLinear"=0xee14,"HIDAccelTangentSpeedLinear"=0x84ccd,"HIDAccelGainCubic"=0x199a,"HIDAccelGainParabolic"=0x8ccd,"HIDAccelTangentSpeedParabolicRoot"=0x120000,"HIDAccelIndex"=0x8000},{"HIDAccelGainLinear"=0xf$
    | |   |   |   |       |   "IOUserClass" = "AppleUserHIDEventDriver"
    | |   |   |   |       |   "IOProviderClass" = "IOHIDInterface"
    | |   |   |   |       |   "LocationID" = 0x14300000
    | |   |   |   |       |   "CFBundleIdentifierKernel" = "com.apple.iokit.IOHIDFamily"
    | |   |   |   |       |   "IOClass" = "AppleUserHIDEventService"
    | |   |   |   |       |   "PrimaryUsage" = 0x6
    | |   |   |   |       |   "HIDDefaultBehavior" = ""
    | |   |   |   |       |   "CountryCode" = 0x0
    | |   |   |   |       |   "SensorPropertySupported" = 0x0
    | |   |   |   |       |   "IOMatchCategory" = "IODefaultMatchCategory"
    | |   |   |   |       |   "StandardType" = 0x0
    | |   |   |   |       |   "IOProbeScore" = 0x4b1
    | |   |   |   |       |   "HIDKeyboardSupportsEscKey" = Yes
    | |   |   |   |       |   "HIDServiceSupport" = Yes
    | |   |   |   |       |   "HIDDKStart" = Yes
    | |   |   |   |       | }
    | |   |   |   |       | 
    | |   |   |   |       +-o IOHIDEventServiceUserClient  <class IOHIDEventServiceUserClient, id 0x1000004b9, !registered, !matched, active, busy 0, retain 6>
    | |   |   |   |           {
    | |   |   |   |             "DebugState" = {"EventQueue"={"NoFullMsg"=0x0,"tail"=0x0,"NotificationForce"=0x0,"NotificationCount"=0x0,"head"=0x0}}
    | |   |   |   |             "IOUserClientCreator" = "pid 169, WindowServer"
    | |   |   |   |             "IOUserClientDefaultLocking" = Yes
    | |   |   |   |           }
    | |   |   |   |           
    | |   |   |   +-o IOUSBHostInterface@1  <class IOUSBHostInterface, id 0x1000003a3, registered, matched, active, busy 0 (530 ms), retain 12>
    | |   |   |   | | {
    | |   |   |   | |   "USBSpeed" = 0x1
    | |   |   |   | |   "iInterface" = 0x0
    | |   |   |   | |   "IOServiceLegacyMatchingRegistryID" = 0x1000003a9
    | |   |   |   | |   "bInterfaceProtocol" = 0x2
    | |   |   |   | |   "bAlternateSetting" = 0x0
    | |   |   |   | |   "idProduct" = 0x8290
    | |   |   |   | |   "bcdDevice" = 0x169
    | |   |   |   | |   "USB Product Name" = "Bluetooth USB Host Controller"
    | |   |   |   | |   "locationID" = 0x14300000
    | |   |   |   | |   "bInterfaceClass" = 0x3
    | |   |   |   | |   "bInterfaceSubClass" = 0x1
    | |   |   |   | |   "IOCFPlugInTypes" = {"2d9786c6-9ef3-11d4-ad51-000a27052861"="IOUSBHostFamily.kext/Contents/PlugIns/IOUSBLib.bundle"}
    | |   |   |   | |   "USBPortType" = 0x2
    | |   |   |   | |   "bConfigurationValue" = 0x1
    | |   |   |   | |   "bInterfaceNumber" = 0x1
    | |   |   |   | |   "USB Vendor Name" = "Broadcom Corp."
    | |   |   |   | |   "IOServiceDEXTEntitlements" = (("com.apple.developer.driverkit.transport.usb","com.apple.developer.driverkit.builtin"))
    | |   |   |   | |   "idVendor" = 0x5ac
    | |   |   |   | |   "IODEXTMatchCount" = 0x1
    | |   |   |   | |   "bNumEndpoints" = 0x1
    | |   |   |   | |   "IOGeneralInterest" = "IOCommand is not serializable"
    | |   |   |   | |   "IOClassNameOverride" = "IOUSBInterface"
    | |   |   |   | | }
    | |   |   |   | | 
    | |   |   |   | +-o AppleUserUSBHostHIDDevice  <class AppleUserHIDDevice, id 0x100000443, registered, matched, active, busy 0 (7 ms), retain 12>
    | |   |   |   |   | {
    | |   |   |   |   |   "PrimaryUsagePage" = 0x1
    | |   |   |   |   |   "MaxInputReportSize" = 0x4
    | |   |   |   |   |   "IOUserClientClass" = "IOHIDLibUserClient"
    | |   |   |   |   |   "VersionNumber" = 0x169
    | |   |   |   |   |   "VendorID" = 0x5ac
    | |   |   |   |   |   "ReportDescriptor" = <05010902a10185020901a100050919012903150025017501950381029501750581010501093009311581257f750895028106c0c0>
    | |   |   |   |   |   "Built-In" = Yes
    | |   |   |   |   |   "DebugState" = {}
    | |   |   |   |   |   "IOUserServerOneProcess" = Yes
    | |   |   |   |   |   "BootProtocol" = 0x2
    | |   |   |   |   |   "MaxFeatureReportSize" = 0x1
    | |   |   |   |   |   "RequiresTCCAuthorization" = Yes
    | |   |   |   |   |   "Product" = "Bluetooth USB Host Controller"
    | |   |   |   |   |   "Transport" = "USB"
    | |   |   |   |   |   "Elements" = ({"ReportID"=0x0,"ElementCookie"=0x1,"CollectionType"=0x1,"Type"=0x201,"VariableSize"=0x0,"Elements"=({"ReportID"=0x0,"ElementCookie"=0x2,"CollectionType"=0x0,"Type"=0x201,"VariableSize"=0x0,"Elements"=({"VariableSize"=0x0,"UnitExponent"=0x0,"IsRelative"=No,"UsagePage"=0x9,"Max"=0x1,"IsArray"=No,"Type"=0x2,"Size"=0x1,"Min"=0x0,"Flags"=0x2,"ReportID"=0x2,"Usage"=0x1,"ReportCount"=0x1,"Unit"=0x0,"HasNullState"=No,"ReportSize"=0x1,"HasPreferredState"=Yes,"IsNonLinear"=No,"ScaledMin"=0x0,"IsWrapping"=No,"Scal$
    | |   |   |   |   |   "IOServiceDEXTEntitlements" = "com.apple.developer.driverkit.family.hid.device"
    | |   |   |   |   |   "Manufacturer" = "Broadcom Corp."
    | |   |   |   |   |   "IOUserServerCDHash" = "52ac37452d0fc71a4a5f700f9b69e06f466b8d96"
    | |   |   |   |   |   "ProductID" = 0x8290
    | |   |   |   |   |   "RegisterService" = No
    | |   |   |   |   |   "DeviceUsagePairs" = ({"DeviceUsagePage"=0x1,"DeviceUsage"=0x2},{"DeviceUsagePage"=0x1,"DeviceUsage"=0x1})
    | |   |   |   |   |   "IOPowerManagement" = {"DevicePowerState"=0x0,"CurrentPowerState"=0x0,"CapabilityFlags"=0x0,"MaxPowerState"=0x2}
    | |   |   |   |   |   "IOUserServerName" = "com.apple.driverkit.AppleUserHIDDrivers"
    | |   |   |   |   |   "ReportInterval" = 0x1f40
    | |   |   |   |   |   "InputReportElements" = ({"ReportID"=0x2,"ElementCookie"=0xc,"Size"=0x20,"ReportCount"=0x1,"Type"=0x1,"VariableSize"=0x0,"UsagePage"=0x0,"ReportSize"=0x20,"Usage"=0x0})
    | |   |   |   |   |   "IOMatchedPersonality" = {"IOClass"="AppleUserHIDDevice","CFBundleIdentifier"="com.apple.AppleUserHIDDrivers","IOProviderClass"="IOUSBHostInterface","IOUserServerCDHash"="52ac37452d0fc71a4a5f700f9b69e06f466b8d96","IOProbeScore"=0x1,"bInterfaceSubClass"=0x1,"IOUserServerName"="com.apple.driverkit.AppleUserHIDDrivers","HIDDefaultBehavior"="","CFBundleIdentifierKernel"="com.apple.iokit.IOHIDFamily","IOUserServerOneProcess"=Yes,"bInterfaceClass"=0x3,"IOUserClass"="AppleUserUSBHostHIDDevice"}
    | |   |   |   |   |   "CFBundleIdentifier" = "com.apple.AppleUserHIDDrivers"
    | |   |   |   |   |   "MaxOutputReportSize" = 0x1
    | |   |   |   |   |   "IOCFPlugInTypes" = {"FA12FA38-6F1A-11D4-BA0C-0005028F18D5"="IOHIDFamily.kext/Contents/PlugIns/IOHIDLib.plugin","40A57A4E-26A0-11D8-9295-000A958A2C78"="IOHIDFamily.kext/Contents/PlugIns/IOHIDLib.plugin","7DDEECA8-A7B4-11DA-8A0E-0014519758EF"="IOHIDFamily.kext/Contents/PlugIns/IOHIDLib.plugin"}
    | |   |   |   |   |   "IOProviderClass" = "IOUSBHostInterface"
    | |   |   |   |   |   "IOUserClass" = "AppleUserUSBHostHIDDevice"
    | |   |   |   |   |   "LocationID" = 0x14300000
    | |   |   |   |   |   "CFBundleIdentifierKernel" = "com.apple.iokit.IOHIDFamily"
    | |   |   |   |   |   "IOClass" = "AppleUserHIDDevice"
    | |   |   |   |   |   "PrimaryUsage" = 0x2
    | |   |   |   |   |   "HIDDefaultBehavior" = ""
    | |   |   |   |   |   "CountryCode" = 0x0
    | |   |   |   |   |   "RequestTimeout" = 0x4c4b40
    | |   |   |   |   |   "bInterfaceSubClass" = 0x1
    | |   |   |   |   |   "IOMatchCategory" = "IODefaultMatchCategory"
    | |   |   |   |   |   "IOProbeScore" = 0xc351
    | |   |   |   |   |   "DeviceOpenedByEventSystem" = Yes
    | |   |   |   |   |   "bInterfaceClass" = 0x3
    | |   |   |   |   |   "HIDDKStart" = Yes
    | |   |   |   |   | }
    | |   |   |   |   | 
    | |   |   |   |   +-o IOHIDInterface  <class IOHIDInterface, id 0x100000451, registered, matched, active, busy 0 (7 ms), retain 10>
    | |   |   |   |     | {
    | |   |   |   |     |   "Transport" = "USB"
    | |   |   |   |     |   "BootProtocol" = 0x2
    | |   |   |   |     |   "HIDDefaultBehavior" = ""
    | |   |   |   |     |   "Manufacturer" = "Broadcom Corp."
    | |   |   |   |     |   "Product" = "Bluetooth USB Host Controller"
    | |   |   |   |     |   "MaxInputReportSize" = 0x4
    | |   |   |   |     |   "Built-In" = Yes
    | |   |   |   |     |   "DeviceUsagePairs" = ({"DeviceUsagePage"=0x1,"DeviceUsage"=0x2},{"DeviceUsagePage"=0x1,"DeviceUsage"=0x1})
    | |   |   |   |     |   "DebugState" = {"ReleasedBuffers"=0x0,"ReportAvailableCalls"=0x0,"ReportAvailableRuns"=0x0,"CreatedBuffers"=0x0}
    | |   |   |   |     |   "MaxOutputReportSize" = 0x1
    | |   |   |   |     |   "ReportDescriptor" = <05010902a10185020901a100050919012903150025017501950381029501750581010501093009311581257f750895028106c0c0>
    | |   |   |   |     |   "CountryCode" = 0x0
    | |   |   |   |     |   "VendorID" = 0x5ac
    | |   |   |   |     |   "VersionNumber" = 0x169
    | |   |   |   |     |   "IOServiceDEXTEntitlements" = (("com.apple.developer.driverkit.transport.hid","com.apple.developer.driverkit.builtin"))
    | |   |   |   |     |   "IODEXTMatchCount" = 0x1
    | |   |   |   |     |   "PrimaryUsage" = 0x2
    | |   |   |   |     |   "LocationID" = 0x14300000
    | |   |   |   |     |   "ProductID" = 0x8290
    | |   |   |   |     |   "ReportInterval" = 0x1f40
    | |   |   |   |     |   "PrimaryUsagePage" = 0x1
    | |   |   |   |     |   "DeviceOpenedByEventSystem" = Yes
    | |   |   |   |     |   "MaxFeatureReportSize" = 0x1
    | |   |   |   |     | }
    | |   |   |   |     | 
    | |   |   |   |     +-o AppleUserHIDEventDriver  <class AppleUserHIDEventService, id 0x100000455, registered, matched, active, busy 0 (0 ms), retain 15>
    | |   |   |   |       | {
    | |   |   |   |       |   "PrimaryUsagePage" = 0x1
    | |   |   |   |       |   "SensorProperties" = {}
    | |   |   |   |       |   "IOUserClientClass" = "IOHIDEventServiceUserClient"
    | |   |   |   |       |   "VersionNumber" = 0x169
    | |   |   |   |       |   "VendorID" = 0x5ac
    | |   |   |   |       |   "Built-In" = Yes
    | |   |   |   |       |   "HIDPointerResolution" = 0x1900000
    | |   |   |   |       |   "IOUserServerOneProcess" = Yes
    | |   |   |   |       |   "RelativePointer" = {"Elements"=({"VariableSize"=0x0,"UnitExponent"=0x0,"IsRelative"=Yes,"UsagePage"=0x1,"Max"=0x7f,"IsArray"=No,"Type"=0x1,"Size"=0x8,"Min"=0xffffffffffffff81,"Flags"=0x6,"ReportID"=0x2,"Usage"=0x30,"ReportCount"=0x1,"Unit"=0x0,"HasNullState"=No,"ReportSize"=0x8,"HasPreferredState"=Yes,"IsNonLinear"=No,"ScaledMin"=0xffffffffffffff81,"IsWrapping"=No,"ScaledMax"=0x7f,"ElementCookie"=0xa},{"VariableSize"=0x0,"UnitExponent"=0x0,"IsRelative"=Yes,"UsagePage"=0x1,"Max"=0x7f,"IsArray"=No,"Type"=0x1,"Size"$
    | |   |   |   |       |   "Product" = "Bluetooth USB Host Controller"
    | |   |   |   |       |   "Transport" = "USB"
    | |   |   |   |       |   "HIDPointerAccelerationType" = "HIDMouseAcceleration"
    | |   |   |   |       |   "IOServiceDEXTEntitlements" = "com.apple.developer.driverkit.family.hid.eventservice"
    | |   |   |   |       |   "Manufacturer" = "Broadcom Corp."
    | |   |   |   |       |   "IOUserServerCDHash" = "52ac37452d0fc71a4a5f700f9b69e06f466b8d96"
    | |   |   |   |       |   "ProductID" = 0x8290
    | |   |   |   |       |   "DeviceUsagePairs" = ({"DeviceUsagePage"=0x1,"DeviceUsage"=0x2},{"DeviceUsagePage"=0x1,"DeviceUsage"=0x1})
    | |   |   |   |       |   "RegisterService" = No
    | |   |   |   |       |   "IOPowerManagement" = {"DevicePowerState"=0x0,"CurrentPowerState"=0x0,"CapabilityFlags"=0x0,"MaxPowerState"=0x2}
    | |   |   |   |       |   "IOUserServerName" = "com.apple.driverkit.AppleUserHIDDrivers"
    | |   |   |   |       |   "ReportInterval" = 0x0
    | |   |   |   |       |   "HIDPointerButtonCount" = 0x3
    | |   |   |   |       |   "VendorIDSource" = 0x0
    | |   |   |   |       |   "IOMatchedPersonality" = {"IOProbeScore"=0x1,"CFBundleIdentifier"="com.apple.AppleUserHIDDrivers","IOUserServerCDHash"="52ac37452d0fc71a4a5f700f9b69e06f466b8d96","IOUserServerOneProcess"=Yes,"IOClass"="AppleUserHIDEventService","IOProviderClass"="IOHIDInterface","CFBundleIdentifierKernel"="com.apple.iokit.IOHIDFamily","IOUserClass"="AppleUserHIDEventDriver","DeviceUsagePairs"=({"DeviceUsagePage"=0x1,"DeviceUsage"=0x1},{"DeviceUsagePage"=0x1,"DeviceUsage"=0x2},{"DeviceUsagePage"=0x1,"DeviceUsage"=0x5},{"DeviceUsage$
    | |   |   |   |       |   "HIDEventServiceProperties" = {"HIDMouseKeysOptionToggles"=0x0,"JitterNoClick"=0x1,"ActuateDetents"=0x1,"Dragging"=0x0,"HIDSlowKeysDelay"=0x0,"JitterNoMove"=0x1,"FlipLeftAndRightEdgeGestures"=No,"HIDTrackpadScrollAcceleration"=0x5000,"HIDInitialKeyRepeat"=0x1dcd6500,"TrackpadThreeFingerHorizSwipeGesture"=0x2,"TrackpadThreeFingerDrag"=No,"MTGestureConfiguration"={"Version"=0x1,"Behaviors"=({"BehaviorID"=0x5})},"MTGestureConfigurationOverride"={"Version"=0x1,"Behaviors"=({"BehaviorID"=0x1})},"HIDPointerAcceleration"$
    | |   |   |   |       |   "CFBundleIdentifier" = "com.apple.AppleUserHIDDrivers"
    | |   |   |   |       |   "IOCFPlugInTypes" = {"7DDEECA8-A7B4-11DA-8A0E-0014519758EF"="IOHIDFamily.kext/Contents/PlugIns/IOHIDLib.plugin","FA12FA38-6F1A-11D4-BA0C-0005028F18D5"="IOHIDFamily.kext/Contents/PlugIns/IOHIDLib.plugin"}
    | |   |   |   |       |   "IOProviderClass" = "IOHIDInterface"
    | |   |   |   |       |   "IOUserClass" = "AppleUserHIDEventDriver"
    | |   |   |   |       |   "LocationID" = 0x14300000
    | |   |   |   |       |   "IOClass" = "AppleUserHIDEventService"
    | |   |   |   |       |   "CFBundleIdentifierKernel" = "com.apple.iokit.IOHIDFamily"
    | |   |   |   |       |   "PrimaryUsage" = 0x2
    | |   |   |   |       |   "CountryCode" = 0x0
    | |   |   |   |       |   "HIDServiceSupport" = Yes
    | |   |   |   |       |   "SensorPropertySupported" = 0x0
    | |   |   |   |       |   "IOMatchCategory" = "IODefaultMatchCategory"
    | |   |   |   |       |   "StandardType" = 0x0
    | |   |   |   |       |   "IOProbeScore" = 0x4b1
    | |   |   |   |       |   "IOGeneralInterest" = "IOCommand is not serializable"
    | |   |   |   |       |   "HIDDKStart" = Yes
    | |   |   |   |       | }
    | |   |   |   |       | 
    | |   |   |   |       +-o IOHIDEventServiceUserClient  <class IOHIDEventServiceUserClient, id 0x1000004ba, !registered, !matched, active, busy 0, retain 6>
    | |   |   |   |           {
    | |   |   |   |             "DebugState" = {"EventQueue"={"NoFullMsg"=0x0,"tail"=0x0,"NotificationForce"=0x0,"NotificationCount"=0x0,"head"=0x0}}
    | |   |   |   |             "IOUserClientCreator" = "pid 169, WindowServer"
    | |   |   |   |             "IOUserClientDefaultLocking" = Yes
    | |   |   |   |           }
    | |   |   |   |           
    | |   |   |   +-o IOUSBHostInterface@2  <class IOUSBHostInterface, id 0x1000003a4, registered, matched, active, busy 0 (3 ms), retain 6>
    | |   |   |   |   {
    | |   |   |   |     "USBSpeed" = 0x1
    | |   |   |   |     "iInterface" = 0x0
    | |   |   |   |     "IOServiceLegacyMatchingRegistryID" = 0x1000003aa
    | |   |   |   |     "bInterfaceProtocol" = 0x1
    | |   |   |   |     "bAlternateSetting" = 0x0
    | |   |   |   |     "idProduct" = 0x8290
    | |   |   |   |     "bcdDevice" = 0x169
    | |   |   |   |     "USB Product Name" = "Bluetooth USB Host Controller"
    | |   |   |   |     "locationID" = 0x14300000
    | |   |   |   |     "bInterfaceClass" = 0xff
    | |   |   |   |     "bInterfaceSubClass" = 0x1
    | |   |   |   |     "IOCFPlugInTypes" = {"2d9786c6-9ef3-11d4-ad51-000a27052861"="IOUSBHostFamily.kext/Contents/PlugIns/IOUSBLib.bundle"}
    | |   |   |   |     "USBPortType" = 0x2
    | |   |   |   |     "bConfigurationValue" = 0x1
    | |   |   |   |     "bInterfaceNumber" = 0x2
    | |   |   |   |     "USB Vendor Name" = "Broadcom Corp."
    | |   |   |   |     "IOServiceDEXTEntitlements" = (("com.apple.developer.driverkit.transport.usb","com.apple.developer.driverkit.builtin"))
    | |   |   |   |     "idVendor" = 0x5ac
    | |   |   |   |     "bNumEndpoints" = 0x3
    | |   |   |   |     "IOGeneralInterest" = "IOCommand is not serializable"
    | |   |   |   |     "IOClassNameOverride" = "IOUSBInterface"
    | |   |   |   |   }
    | |   |   |   |   
    | |   |   |   +-o IOUSBHostInterface@3  <class IOUSBHostInterface, id 0x1000003a5, registered, matched, active, busy 0 (2 ms), retain 6>
    | |   |   |   |   {
    | |   |   |   |     "USBSpeed" = 0x1
    | |   |   |   |     "iInterface" = 0x0
    | |   |   |   |     "IOServiceLegacyMatchingRegistryID" = 0x1000003ab
    | |   |   |   |     "bInterfaceProtocol" = 0x1
    | |   |   |   |     "bAlternateSetting" = 0x0
    | |   |   |   |     "idProduct" = 0x8290
    | |   |   |   |     "bcdDevice" = 0x169
    | |   |   |   |     "USB Product Name" = "Bluetooth USB Host Controller"
    | |   |   |   |     "locationID" = 0x14300000
    | |   |   |   |     "bInterfaceClass" = 0xe0
    | |   |   |   |     "bInterfaceSubClass" = 0x1
    | |   |   |   |     "IOCFPlugInTypes" = {"2d9786c6-9ef3-11d4-ad51-000a27052861"="IOUSBHostFamily.kext/Contents/PlugIns/IOUSBLib.bundle"}
    | |   |   |   |     "USBPortType" = 0x2
    | |   |   |   |     "bConfigurationValue" = 0x1
    | |   |   |   |     "bInterfaceNumber" = 0x3
    | |   |   |   |     "USB Vendor Name" = "Broadcom Corp."
    | |   |   |   |     "IOServiceDEXTEntitlements" = (("com.apple.developer.driverkit.transport.usb","com.apple.developer.driverkit.builtin"))
    | |   |   |   |     "idVendor" = 0x5ac
    | |   |   |   |     "bNumEndpoints" = 0x2
    | |   |   |   |     "IOGeneralInterest" = "IOCommand is not serializable"
    | |   |   |   |     "IOClassNameOverride" = "IOUSBInterface"
    | |   |   |   |   }
    | |   |   |   |   
    | |   |   |   +-o IOUSBHostInterface@4  <class IOUSBHostInterface, id 0x1000003a6, registered, matched, active, busy 0 (2 ms), retain 6>
    | |   |   |   |   {
    | |   |   |   |     "USBSpeed" = 0x1
    | |   |   |   |     "iInterface" = 0x0
    | |   |   |   |     "IOServiceLegacyMatchingRegistryID" = 0x1000003ac
    | |   |   |   |     "bInterfaceProtocol" = 0xff
    | |   |   |   |     "bAlternateSetting" = 0x0
    | |   |   |   |     "idProduct" = 0x8290
    | |   |   |   |     "bcdDevice" = 0x169
    | |   |   |   |     "USB Product Name" = "Bluetooth USB Host Controller"
    | |   |   |   |     "locationID" = 0x14300000
    | |   |   |   |     "bInterfaceClass" = 0xff
    | |   |   |   |     "bInterfaceSubClass" = 0xff
    | |   |   |   |     "IOCFPlugInTypes" = {"2d9786c6-9ef3-11d4-ad51-000a27052861"="IOUSBHostFamily.kext/Contents/PlugIns/IOUSBLib.bundle"}
    | |   |   |   |     "USBPortType" = 0x2
    | |   |   |   |     "bConfigurationValue" = 0x1
    | |   |   |   |     "bInterfaceNumber" = 0x4
    | |   |   |   |     "USB Vendor Name" = "Broadcom Corp."
    | |   |   |   |     "IOServiceDEXTEntitlements" = (("com.apple.developer.driverkit.transport.usb","com.apple.developer.driverkit.builtin"))
    | |   |   |   |     "idVendor" = 0x5ac
    | |   |   |   |     "bNumEndpoints" = 0x2
    | |   |   |   |     "IOGeneralInterest" = "IOCommand is not serializable"
    | |   |   |   |     "IOClassNameOverride" = "IOUSBInterface"
    | |   |   |   |   }
    | |   |   |   |   
    | |   |   |   +-o IOUSBHostInterface@5  <class IOUSBHostInterface, id 0x1000003a7, registered, matched, active, busy 0 (3 ms), retain 6>
    | |   |   |       {
    | |   |   |         "USBSpeed" = 0x1
    | |   |   |         "iInterface" = 0x0
    | |   |   |         "IOServiceLegacyMatchingRegistryID" = 0x1000003ad
    | |   |   |         "bInterfaceProtocol" = 0x1
    | |   |   |         "bAlternateSetting" = 0x0
    | |   |   |         "idProduct" = 0x8290
    | |   |   |         "bcdDevice" = 0x169
    | |   |   |         "USB Product Name" = "Bluetooth USB Host Controller"
    | |   |   |         "locationID" = 0x14300000
    | |   |   |         "bInterfaceClass" = 0xfe
    | |   |   |         "bInterfaceSubClass" = 0x1
    | |   |   |         "IOCFPlugInTypes" = {"2d9786c6-9ef3-11d4-ad51-000a27052861"="IOUSBHostFamily.kext/Contents/PlugIns/IOUSBLib.bundle"}
    | |   |   |         "USBPortType" = 0x2
    | |   |   |         "bConfigurationValue" = 0x1
    | |   |   |         "bInterfaceNumber" = 0x5
    | |   |   |         "USB Vendor Name" = "Broadcom Corp."
    | |   |   |         "IOServiceDEXTEntitlements" = (("com.apple.developer.driverkit.transport.usb","com.apple.developer.driverkit.builtin"))
    | |   |   |         "idVendor" = 0x5ac
    | |   |   |         "bNumEndpoints" = 0x0
    | |   |   |         "IOGeneralInterest" = "IOCommand is not serializable"
    | |   |   |         "IOClassNameOverride" = "IOUSBInterface"
    | |   |   |       }
    | |   |   |       
    | |   |   +-o SSP1@14400000  <class AppleUSB30XHCIPort, id 0x100000336, registered, matched, active, busy 0 (0 ms), retain 14>
    | |   |   |   {
    | |   |   |     "link-error-count" = 0x7e0
    | |   |   |     "kUSBSleepPortCurrentLimit" = 0x834
    | |   |   |     "IOPowerManagement" = {"DevicePowerState"=0x1,"CurrentPowerState"=0x1,"CapabilityFlags"=0x4,"MaxPowerState"=0x3,"DriverPowerState"=0x0}
    | |   |   |     "UsbConnector" = 0x3
    | |   |   |     "kUSBWakePortCurrentLimit" = 0x834
    | |   |   |     "IOGeneralInterest" = "IOCommand is not serializable"
    | |   |   |     "locationID" = 0x14400000
    | |   |   |     "kUSBBusCurrentSleepAllocation" = 0x0
    | |   |   |     "port-status" = 0x0
    | |   |   |     "device-properties" = {"acpi-device"="IOACPIPlatformDevice is not serializable","acpi-path"="IOACPIPlane:/_SB/PCI0@0/XHC1@140000/RHUB@0/SSP1@c"}
    | |   |   |     "kUSBBusCurrentAllocation" = 0x96
    | |   |   |     "port-statistics" = {"kPortStatEOF2ViolationCurrentConnectCount"=0x0,"kPortStatEOF2ViolationDuringResetCount"=0x0,"kPortStatPowerStateTime"={"kPowerStateOff"="0ms (0%)","kPowerStateSleep"="44924802ms (99%)","kPowerStateOn"="308ms (0%)","kPowerStateSuspended"="0ms (0%)"},"kPortStatConnectCount"=0x0,"kPortStatRemoteWakeCount"=0x0,"kPortStatEOF2ViolationRecoveryDuringResetCount"=0x0,"kPortStatAddressFailureCount"=0x0,"kPortStatEOF2ViolationCount"=0x0,"kPortStatEnumerationFailureCount"=0x0,"kPortStatOverCurrentCount"=0x0,"kPort$
    | |   |   |     "name" = "SSP1"
    | |   |   |     "port" = <0c000000>
    | |   |   |   }
    | |   |   |   
    | |   |   +-o SSP2@14500000  <class AppleUSB30XHCIPort, id 0x100000337, registered, matched, active, busy 0 (0 ms), retain 14>
    | |   |   |   {
    | |   |   |     "link-error-count" = 0x7e0
    | |   |   |     "kUSBSleepPortCurrentLimit" = 0x834
    | |   |   |     "IOPowerManagement" = {"DevicePowerState"=0x1,"CurrentPowerState"=0x1,"CapabilityFlags"=0x4,"MaxPowerState"=0x3,"DriverPowerState"=0x0}
    | |   |   |     "UsbConnector" = 0x3
    | |   |   |     "kUSBWakePortCurrentLimit" = 0x834
    | |   |   |     "IOGeneralInterest" = "IOCommand is not serializable"
    | |   |   |     "locationID" = 0x14500000
    | |   |   |     "kUSBBusCurrentSleepAllocation" = 0x0
    | |   |   |     "port-status" = 0x0
    | |   |   |     "device-properties" = {"acpi-device"="IOACPIPlatformDevice is not serializable","acpi-path"="IOACPIPlane:/_SB/PCI0@0/XHC1@140000/RHUB@0/SSP2@d"}
    | |   |   |     "kUSBBusCurrentAllocation" = 0x96
    | |   |   |     "port-statistics" = {"kPortStatEOF2ViolationCurrentConnectCount"=0x0,"kPortStatEOF2ViolationDuringResetCount"=0x0,"kPortStatPowerStateTime"={"kPowerStateOff"="0ms (0%)","kPowerStateSleep"="44924801ms (99%)","kPowerStateOn"="308ms (0%)","kPowerStateSuspended"="0ms (0%)"},"kPortStatConnectCount"=0x0,"kPortStatRemoteWakeCount"=0x0,"kPortStatEOF2ViolationRecoveryDuringResetCount"=0x0,"kPortStatAddressFailureCount"=0x0,"kPortStatEOF2ViolationCount"=0x0,"kPortStatEnumerationFailureCount"=0x0,"kPortStatOverCurrentCount"=0x0,"kPort$
    | |   |   |     "name" = "SSP2"
    | |   |   |     "port" = <0d000000>
    | |   |   |   }
    | |   |   |   
    | |   |   +-o SSP3@14600000  <class AppleUSB30XHCICardReaderPort, id 0x100000338, registered, matched, active, busy 0 (407 ms), retain 15>
    | |   |       {
    | |   |         "kUSBHostPortPropertyCardReader" = Yes
    | |   |         "name" = "SSP3"
    | |   |         "link-error-count" = 0x100
    | |   |         "kUSBHostPortExternalDevicePowerController" = "IOACPIPlatformDevice is not serializable"
    | |   |         "IOPowerManagement" = {"PowerOverrideOn"=Yes,"DevicePowerState"=0x0,"CurrentPowerState"=0x0,"CapabilityFlags"=0x100,"MaxPowerState"=0x3,"DriverPowerState"=0x0}
    | |   |         "UsbConnector" = 0xff
    | |   |         "IOGeneralInterest" = "IOCommand is not serializable"
    | |   |         "locationID" = 0x14600000
    | |   |         "port-status" = 0x2
    | |   |         "device-properties" = {"acpi-device"="IOACPIPlatformDevice is not serializable","acpi-path"="IOACPIPlane:/_SB/PCI0@0/XHC1@140000/RHUB@0/SSP3@e"}
    | |   |         "kUSBHostPortExternalDeviceResetController" = "IOACPIPlatformDevice is not serializable"
    | |   |         "port-statistics" = {"kPortStatEOF2ViolationCurrentConnectCount"=0x0,"kPortStatEOF2ViolationDuringResetCount"=0x0,"kPortStatPowerStateTime"={"kPowerStateOff"="44680759ms (99%)","kPowerStateSleep"="58ms (0%)","kPowerStateOn"="244295ms (0%)","kPowerStateSuspended"="0ms (0%)"},"kPortStatConnectCount"=0x4,"kPortStatRemoteWakeCount"=0x0,"kPortStatEOF2ViolationRecoveryDuringResetCount"=0x0,"kPortStatAddressFailureCount"=0x0,"kPortStatEOF2ViolationCount"=0x0,"kPortStatEnumerationFailureCount"=0x0,"kPortStatOverCurrentCount"=0x0,"k$
    | |   |         "kUSBHostPortPropertyCardReaderValidateDescriptors" = Yes
    | |   |         "port" = <0e000000>
    | |   |       }
    | |   |       
    | |   +-o SDMA@15  <class IOPCIDevice, id 0x100000250, registered, matched, active, busy 0 (3 ms), retain 10>
    | |   | | {
    | |   | |   "assigned-addresses" = <10a800820000000000a081c10000000000100000>
    | |   | |   "IOInterruptSpecifiers" = (<1400000007000000>)
    | |   | |   "class-code" = <02010800>
    | |   | |   "IODeviceMemory" = (({"address"=0xc181a000,"length"=0x1000}))
    | |   | |   "IOPowerManagement" = {"ChildrenPowerState"=0x2,"CurrentPowerState"=0x2,"CapabilityFlags"=0x102,"ChildProxyPowerState"=0x2,"MaxPowerState"=0x3}
    | |   | |   "subsystem-vendor-id" = <86800000>
    | |   | |   "built-in" = <00>
    | |   | |   "acpi-device" = "IOACPIPlatformDevice is not serializable"
    | |   | |   "IOInterruptControllers" = ("io-apic-0")
    | |   | |   "vendor-id" = <86800000>
    | |   | |   "name" = <706369383038362c3963653000>
    | |   | |   "device-id" = <e09c0000>
    | |   | |   "IOPCIResourced" = Yes
    | |   | |   "compatible" = <706369383038362c3963653000706369636c6173732c3038303130320053444d4100>
    | |   | |   "iommu-selection" = <00000000>
    | |   | |   "IOServiceDEXTEntitlements" = (("com.apple.developer.driverkit.transport.pci"))
    | |   | |   "acpi-path" = "IOACPIPlane:/_SB/PCI0@0/SDMA@150000"
    | |   | |   "subsystem-id" = <e09c0000>
    | |   | |   "revision-id" = <03000000>
    | |   | |   "IOPCIPMCSState" = 0xb
    | |   | |   "pcidebug" = "0:21:0"
    | |   | |   "IOName" = "pci8086,9ce0"
    | |   | |   "reg" = <00a800000000000000000000000000000000000010a8000200000000000000000000000000100000>
    | |   | | }
    | |   | | 
    | |   | +-o AppleIntelLpssDmac  <class AppleIntelLpssDmac, id 0x100000286, registered, matched, active, busy 0 (0 ms), retain 6>
    | |   |     {
    | |   |       "IOClass" = "AppleIntelLpssDmac"
    | |   |       "CFBundleIdentifier" = "com.apple.driver.AppleIntelLpssDmac"
    | |   |       "IOProviderClass" = "IOPCIDevice"
    | |   |       "registerServiceTime" = 0x281d1dbf
    | |   |       "IOPCIClassMatch" = "08010200&0xfffffff00"
    | |   |       "IOPowerManagement" = {"DevicePowerState"=0x1,"CurrentPowerState"=0x1,"CapabilityFlags"=0x2,"MaxPowerState"=0x1}
    | |   |       "IOProbeScore" = 0x64
    | |   |       "IOPCIMatch" = "0x00008086&0x000fffff"
    | |   |       "IOMatchedAtBoot" = Yes
    | |   |       "IOMatchCategory" = "IODefaultMatchCategory"
    | |   |       "HasPCIPowermanagement" = "true"
    | |   |       "IOPersonalityPublisher" = "com.apple.driver.AppleIntelLpssDmac"
    | |   |       "IOKitDebug" = 0x0
    | |   |       "CFBundleIdentifierKernel" = "com.apple.driver.AppleIntelLpssDmac"
    | |   |     }
    | |   |     
    | |   +-o SPI1@15,4  <class IOPCIDevice, id 0x100000251, registered, matched, active, busy 0 (269 ms), retain 11>
    | |   | | {
    | |   | |   "gspi-pin-cs" = <5700000000000000>
    | |   | |   "assigned-addresses" = <10ac008200000000009081c10000000000100000>
    | |   | |   "IOInterruptSpecifiers" = (<1500000007000000>)
    | |   | |   "class-code" = <00800c00>
    | |   | |   "IODeviceMemory" = (({"address"=0xc1819000,"length"=0x1000}))
    | |   | |   "IOPowerManagement" = {"ChildrenPowerState"=0x2,"CurrentPowerState"=0x2,"CapabilityFlags"=0x102,"ChildProxyPowerState"=0x2,"MaxPowerState"=0x3}
    | |   | |   "subsystem-vendor-id" = <86800000>
    | |   | |   "built-in" = <00>
    | |   | |   "acpi-device" = "IOACPIPlatformDevice is not serializable"
    | |   | |   "IOInterruptControllers" = ("io-apic-0")
    | |   | |   "gspi-pin-miso" = <5a00000000000000>
    | |   | |   "vendor-id" = <86800000>
    | |   | |   "device-id" = <e69c0000>
    | |   | |   "gspi-pin-mosi" = <5900000000000000>
    | |   | |   "gspi-pin-clk" = <5800000000000000>
    | |   | |   "name" = <706369383038362c3963653600>
    | |   | |   "compatible" = <706369383038362c3963653600706369636c6173732c306338303030005350493100>
    | |   | |   "IOPCIResourced" = Yes
    | |   | |   "IOServiceDEXTEntitlements" = (("com.apple.developer.driverkit.transport.pci"))
    | |   | |   "iommu-selection" = <00000000>
    | |   | |   "gspi-sysclk-period" = <0a00000000000000>
    | |   | |   "acpi-path" = "IOACPIPlane:/_SB/PCI0@0/SPI1@150004"
    | |   | |   "subsystem-id" = <e69c0000>
    | |   | |   "revision-id" = <03000000>
    | |   | |   "pcidebug" = "0:21:4"
    | |   | |   "IOName" = "pci8086,9ce6"
    | |   | |   "reg" = <00ac00000000000000000000000000000000000010ac000200000000000000000000000000100000>
    | |   | |   "gspi-channel-number" = <0100000000000000>
    | |   | | }
    | |   | | 
    | |   | +-o AppleIntelLpssGspi@1  <class AppleIntelLpssGspi, id 0x100000280, registered, matched, active, busy 0 (267 ms), retain 9>
    | |   |   | {
    | |   |   |   "IOClass" = "AppleIntelLpssGspi"
    | |   |   |   "CFBundleIdentifier" = "com.apple.driver.AppleIntelLpssGspi"
    | |   |   |   "IOProviderClass" = "IOPCIDevice"
    | |   |   |   "registerServiceTime" = 0x280d6996
    | |   |   |   "IOPowerManagement" = {"ChildrenPowerState"=0x1,"CurrentPowerState"=0x1,"CapabilityFlags"=0x2,"MaxPowerState"=0x1}
    | |   |   |   "IOProbeScore" = 0x64
    | |   |   |   "IOPCIMatch" = "0x80208086&0xc230ffff"
    | |   |   |   "IOMatchedAtBoot" = Yes
    | |   |   |   "IOMatchCategory" = "IODefaultMatchCategory"
    | |   |   |   "HasPCIPowermanagement" = "false"
    | |   |   |   "IOPersonalityPublisher" = "com.apple.driver.AppleIntelLpssGspi"
    | |   |   |   "IOKitDebug" = 0x0
    | |   |   |   "CFBundleIdentifierKernel" = "com.apple.driver.AppleIntelLpssGspi"
    | |   |   | }
    | |   |   | 
    | |   |   +-o AppleIntelLpssSpiController@1  <class AppleIntelLpssSpiController, id 0x100000285, registered, matched, active, busy 0 (266 ms), retain 8>
    | |   |     | {
    | |   |     |   "IOClass" = "AppleIntelLpssSpiController"
    | |   |     |   "CFBundleIdentifier" = "com.apple.driver.AppleIntelLpssSpiController"
    | |   |     |   "IOProviderClass" = "AppleIntelLpssGspi"
    | |   |     |   "IOPowerManagement" = {"ChildrenPowerState"=0x1,"CurrentPowerState"=0x1,"CapabilityFlags"=0x2,"MaxPowerState"=0x1}
    | |   |     |   "IOProbeScore" = 0x64
    | |   |     |   "IOMatchedAtBoot" = Yes
    | |   |     |   "Stats" = {"MmioDpxMultiRequest"=0xceede,"CSCtlIntFalseSucces"=0xceede,"SetPowerStateSuccess"=0x5,"MmioDpxMultiError"=0x0,"DmaDpxErrorCalcTime"=0x0,"CSCtlExtFalseError"=0x0,"CSCtlExtFalseSucces"=0x544,"CSCtlIntFalseOffline"=0x0,"MmioDpxWordSuccess"=0x0,"CSCtlExtFalseOffline"=0x0,"PollTimeout"=0x0,"DmaDpxRequest"=0x0,"DmaDpxErrorWait"=0x0,"CSCtlExtTrueError"=0x0,"DmaDpxErrorSetWm"=0x0,"DmaDpxError"=0x0,"TransfersError"=0x0,"DmaDpxStart"=0x0,"ResetSuccess"=0x2,"PollHist"=(0x0,0x0,0x0,0x0,0x0,0x0,0x0,0x0,0x0,0x0,0x0,0x0,0x0,0x$
    | |   |     |   "IOMatchCategory" = "IODefaultMatchCategory"
    | |   |     |   "addMatchingNotificationGspiTime" = 0x2819b246
    | |   |     |   "fMaxCompletionTime" = "10000000"
    | |   |     |   "IOPersonalityPublisher" = "com.apple.driver.AppleIntelLpssSpiController"
    | |   |     |   "IOKitDebug" = 0x0
    | |   |     |   "CFBundleIdentifierKernel" = "com.apple.driver.AppleIntelLpssSpiController"
    | |   |     |   "matchingMsec" = 0x7d00
    | |   |     |   "OSBundleEnableKextLogging" = 0x6
    | |   |     |   "kNotificationIntelLpssGspi" = "true"
    | |   |     | }
    | |   |     | 
    | |   |     +-o AppleIntelLpssSpiDevice@0  <class AppleIntelLpssSpiDevice, id 0x10000028b, registered, matched, active, busy 0 (266 ms), retain 7>
    | |   |       | {
    | |   |       |   "spiDeviceId" = 0x1000000
    | |   |       |   "compatible" = <6170706c652d7370692d746f706361736500>
    | |   |       | }
    | |   |       | 
    | |   |       +-o AppleHSSPIController  <class AppleHSSPIController, id 0x10000028c, registered, matched, active, busy 0 (244 ms), retain 9>
    | |   |         | {
    | |   |         |   "IOClass" = "AppleHSSPIController"
    | |   |         |   "CFBundleIdentifier" = "com.apple.driver.AppleHSSPISupport"
    | |   |         |   "IOProviderClass" = "AppleIntelSPIDevice"
    | |   |         |   "boot-args" = 0x0
    | |   |         |   "IOPowerManagement" = {"ChildrenPowerState"=0x2,"DevicePowerState"=0x2,"CurrentPowerState"=0x2,"CapabilityFlags"=0x8000,"MaxPowerState"=0x2}
    | |   |         |   "IOUserClientClass" = "AppleHSSPIControllerUserClient"
    | |   |         |   "IOProbeScore" = 0x0
    | |   |         |   "IONameMatch" = "apple-spi-topcase"
    | |   |         |   "IOMatchedAtBoot" = Yes
    | |   |         |   "IOMatchCategory" = "IODefaultMatchCategory"
    | |   |         |   "LocationID" = 0x1000000
    | |   |         |   "IONameMatched" = "apple-spi-topcase"
    | |   |         |   "IOPersonalityPublisher" = "com.apple.driver.AppleHSSPISupport"
    | |   |         |   "CFBundleIdentifierKernel" = "com.apple.driver.AppleHSSPISupport"
    | |   |         | }
    | |   |         | 
    | |   |         +-o Apple Internal Keyboard / Trackpad  <class AppleHSSPIDevice, id 0x1000002a7, registered, matched, active, busy 0 (244 ms), retain 29>
    | |   |           | {
    | |   |           |   "SPI Serial" = "D3H6285CNT1GHJGAF6BF"
    | |   |           |   "ProtocolVersion" = 0x11
    | |   |           |   "SPI Vendor Name" = "Apple Inc."
    | |   |           |   "idProduct" = 0x273
    | |   |           |   "IOPowerManagement" = {"IdleTimerElapsedTime"=0x29c,"CapabilityFlags"=0x8000,"MaxPowerState"=0x2,"ActivityTickles"=0x31,"DevicePowerState"=0x2,"IdleTimerPeriod"=0xbb8,"TimeSinceLastTickle"=0x112,"DriverPowerState"=0x1,"ChildrenPowerState"=0x2,"CurrentPowerState"=0x2}
    | |   |           |   "bcdDevice" = 0x622
    | |   |           |   "idVendor" = 0x5ac
    | |   |           |   "LocationID" = 0x1000000
    | |   |           |   "SPI Product Name" = "Apple Internal Keyboard / Trackpad"
    | |   |           | }
    | |   |           | 
    | |   |           +-o Device Management  <class AppleHSSPIInterface, id 0x1000002a9, registered, matched, active, busy 0 (23 ms), retain 8>
    | |   |           | | {
    | |   |           | |   "bcdDevice" = 0x622
    | |   |           | |   "wMaxInputPacketLength" = 0x10
    | |   |           | |   "idProduct" = 0x273
    | |   |           | |   "bInterfaceSubClass" = 0x0
    | |   |           | |   "wMaxControlRequestPacketLength" = 0x200
    | |   |           | |   "wMaxOutputPacketLength" = 0x0
    | |   |           | |   "LocationID" = 0x1000000
    | |   |           | |   "bInterfaceProtocol" = 0x0
    | |   |           | |   "SPI Product Name" = "Apple Internal Keyboard / Trackpad"
    | |   |           | |   "idVendor" = 0x5ac
    | |   |           | |   "bInterfaceNumber" = 0x0
    | |   |           | |   "bInterfaceClass" = 0x3
    | |   |           | | }
    | |   |           | | 
    | |   |           | +-o AppleHSSPIHIDDriver  <class AppleHSSPIHIDDriver, id 0x1000002ae, registered, matched, active, busy 0 (19 ms), retain 9>
    | |   |           |   | {
    | |   |           |   |   "IOMatchedAtBoot" = Yes
    | |   |           |   |   "PrimaryUsagePage" = 0xff00
    | |   |           |   |   "MaxInputReportSize" = 0x5
    | |   |           |   |   "IOUserClientClass" = "IOHIDLibUserClient"
    | |   |           |   |   "VersionNumber" = 0x622
    | |   |           |   |   "ReportDescriptor" = <0600ff090ba1010600ff090b150026ff00750896040085e08122c0>
    | |   |           |   |   "VendorID" = 0x5ac
    | |   |           |   |   "BootProtocol" = 0x0
    | |   |           |   |   "MaxFeatureReportSize" = 0x1
    | |   |           |   |   "Product" = "Apple Internal Keyboard / Trackpad"
    | |   |           |   |   "Transport" = "SPI"
    | |   |           |   |   "Elements" = ({"ReportID"=0x0,"ElementCookie"=0x1,"CollectionType"=0x1,"Type"=0x201,"VariableSize"=0x0,"Elements"=({"VariableSize"=0x0,"UnitExponent"=0x0,"IsRelative"=No,"UsagePage"=0xff00,"Max"=0xff,"IsArray"=No,"Type"=0x1,"Size"=0x20,"Min"=0x0,"Flags"=0x22,"ReportID"=0xe0,"Usage"=0xb,"ReportCount"=0x1,"Unit"=0x0,"HasNullState"=No,"ReportSize"=0x20,"HasPreferredState"=No,"IsNonLinear"=No,"ScaledMin"=0x0,"IsWrapping"=No,"ScaledMax"=0xff,"ElementCookie"=0x6}),"UsagePage"=0xff00,"Usage"=0xb},{"VariableSize"=0x0,"Uni$
    | |   |           |   |   "ExtendedData" = (0x3010000,0x3020000,0x3030000,0x3040000,0x3b00000,0x3b10000,0x3b20000,0x3b30000,0x3b60000)
    | |   |           |   |   "ProductID" = 0x273
    | |   |           |   |   "IOPersonalityPublisher" = "com.apple.driver.AppleHSSPIHIDDriver"
    | |   |           |   |   "DeviceUsagePairs" = ({"DeviceUsagePage"=0xff00,"DeviceUsage"=0xb})
    | |   |           |   |   "IOPowerManagement" = {"CapabilityFlags"=0x10000,"MaxPowerState"=0x2,"ActivityTickles"=0x0,"DevicePowerState"=0x0,"IdleTimerPeriod"=0xbb8,"TimeSinceLastTickle"=0x284973,"DriverPowerState"=0x1,"CurrentPowerState"=0x1}
    | |   |           |   |   "InputReportElements" = ({"ReportID"=0xe0,"ElementCookie"=0x7,"Size"=0x28,"ReportCount"=0x1,"Type"=0x1,"VariableSize"=0x0,"UsagePage"=0x0,"ReportSize"=0x28,"Usage"=0x0})
    | |   |           |   |   "ReportInterval" = 0x1f40
    | |   |           |   |   "bInterfaceProtocol" = 0x0
    | |   |           |   |   "CFBundleIdentifier" = "com.apple.driver.AppleHSSPIHIDDriver"
    | |   |           |   |   "MaxOutputReportSize" = 0x1
    | |   |           |   |   "IOCFPlugInTypes" = {"FA12FA38-6F1A-11D4-BA0C-0005028F18D5"="IOHIDFamily.kext/Contents/PlugIns/IOHIDLib.plugin","40A57A4E-26A0-11D8-9295-000A958A2C78"="IOHIDFamily.kext/Contents/PlugIns/IOHIDLib.plugin","7DDEECA8-A7B4-11DA-8A0E-0014519758EF"="IOHIDFamily.kext/Contents/PlugIns/IOHIDLib.plugin"}
    | |   |           |   |   "IOProviderClass" = "AppleHSSPIInterface"
    | |   |           |   |   "bInterfaceNumber" = 0x0
    | |   |           |   |   "LocationID" = 0x1000000
    | |   |           |   |   "IOClass" = "AppleHSSPIHIDDriver"
    | |   |           |   |   "CFBundleIdentifierKernel" = "com.apple.driver.AppleHSSPIHIDDriver"
    | |   |           |   |   "PrimaryUsage" = 0xb
    | |   |           |   |   "CountryCode" = 0x0
    | |   |           |   |   "bInterfaceSubClass" = 0x0
    | |   |           |   |   "IOMatchCategory" = "IODefaultMatchCategory"
    | |   |           |   |   "IOProbeScore" = 0xea60
    | |   |           |   |   "bInterfaceClass" = 0x3
    | |   |           |   | }
    | |   |           |   | 
    | |   |           |   +-o IOHIDInterface  <class IOHIDInterface, id 0x1000002b2, registered, matched, active, busy 0 (19 ms), retain 9>
    | |   |           |     | {
    | |   |           |     |   "MaxOutputReportSize" = 0x1
    | |   |           |     |   "VendorID" = 0x5ac
    | |   |           |     |   "CountryCode" = 0x0
    | |   |           |     |   "IOServiceDEXTEntitlements" = ("com.apple.developer.driverkit.transport.hid")
    | |   |           |     |   "Product" = "Apple Internal Keyboard / Trackpad"
    | |   |           |     |   "VersionNumber" = 0x622
    | |   |           |     |   "PrimaryUsage" = 0xb
    | |   |           |     |   "LocationID" = 0x1000000
    | |   |           |     |   "BootProtocol" = 0x0
    | |   |           |     |   "ProductID" = 0x273
    | |   |           |     |   "DeviceUsagePairs" = ({"DeviceUsagePage"=0xff00,"DeviceUsage"=0xb})
    | |   |           |     |   "Transport" = "SPI"
    | |   |           |     |   "ReportInterval" = 0x1f40
    | |   |           |     |   "ReportDescriptor" = <0600ff090ba1010600ff090b150026ff00750896040085e08122c0>
    | |   |           |     |   "PrimaryUsagePage" = 0xff00
    | |   |           |     |   "MaxFeatureReportSize" = 0x1
    | |   |           |     |   "DebugState" = {"ReleasedBuffers"=0x0,"ReportAvailableCalls"=0x0,"ReportAvailableRuns"=0x0,"CreatedBuffers"=0x0}
    | |   |           |     |   "MaxInputReportSize" = 0x5
    | |   |           |     | }
    | |   |           |     | 
    | |   |           |     +-o AppleDeviceManagementHIDEventService  <class AppleDeviceManagementHIDEventService, id 0x1000002b3, registered, matched, active, busy 0 (0 ms), retain 7>
    | |   |           |         {
    | |   |           |           "IOClass" = "AppleDeviceManagementHIDEventService"
    | |   |           |           "HasBattery" = No
    | |   |           |           "StandardType" = 0x0
    | |   |           |           "Transport" = "SPI"
    | |   |           |           "IOPersonalityPublisher" = "com.apple.driver.AppleTopCaseHIDEventDriver"
    | |   |           |           "IOMatchedAtBoot" = Yes
    | |   |           |           "Built-In" = Yes
    | |   |           |           "Product" = "Apple Internal Keyboard / Trackpad"
    | |   |           |           "IOProviderClass" = "IOHIDInterface"
    | |   |           |           "WakeReason" = "Keyboard (0x02)"
    | |   |           |           "DeviceUsagePairs" = ({"DeviceUsagePage"=0xff00,"DeviceUsage"=0xb})
    | |   |           |           "IOProbeScore" = 0x1c07
    | |   |           |           "VendorIDSource" = 0x0
    | |   |           |           "HIDServiceSupport" = No
    | |   |           |           "CountryCode" = 0x0
    | |   |           |           "VendorID" = 0x5ac
    | |   |           |           "CFBundleIdentifierKernel" = "com.apple.driver.AppleTopCaseHIDEventDriver"
    | |   |           |           "BluetoothDevice" = No
    | |   |           |           "IOMatchCategory" = "IODefaultMatchCategory"
    | |   |           |           "CFBundleIdentifier" = "com.apple.driver.AppleTopCaseHIDEventDriver"
    | |   |           |           "VersionNumber" = 0x622
    | |   |           |           "PrimaryUsage" = 0xb
    | |   |           |           "LocationID" = 0x1000000
    | |   |           |           "ProductID" = 0x273
    | |   |           |           "SerialNumber" = "D3H6285CNT1GHJGAF6BF"
    | |   |           |           "IOGeneralInterest" = "IOCommand is not serializable"
    | |   |           |           "ReportInterval" = 0x1f40
    | |   |           |           "PrimaryUsagePage" = 0xff00
    | |   |           |           "STFW Version" = 0x622
    | |   |           |           "ProductIDArray" = (0x272,0x273,0x274,0x275,0x276,0x277,0x278,0x279,0x2)
    | |   |           |           "ColorID" = 0x0
    | |   |           |         }
    | |   |           |         
    | |   |           +-o Keyboard / Boot  <class AppleHSSPIInterface, id 0x1000002aa, registered, matched, active, busy 0 (185 ms), retain 8>
    | |   |           | | {
    | |   |           | |   "bcdDevice" = 0x622
    | |   |           | |   "wMaxInputPacketLength" = 0xa
    | |   |           | |   "idProduct" = 0x273
    | |   |           | |   "bInterfaceSubClass" = 0x1
    | |   |           | |   "wMaxControlRequestPacketLength" = 0x200
    | |   |           | |   "wMaxOutputPacketLength" = 0x0
    | |   |           | |   "LocationID" = 0x1000000
    | |   |           | |   "bInterfaceProtocol" = 0x1
    | |   |           | |   "SPI Product Name" = "Apple Internal Keyboard / Trackpad"
    | |   |           | |   "idVendor" = 0x5ac
    | |   |           | |   "bInterfaceNumber" = 0x1
    | |   |           | |   "bInterfaceClass" = 0x3
    | |   |           | | }
    | |   |           | | 
    | |   |           | +-o AppleHSSPIHIDDriver  <class AppleHSSPIHIDDriver, id 0x1000002b6, registered, matched, active, busy 0 (182 ms), retain 10>
    | |   |           |   | {
    | |   |           |   |   "IOMatchedAtBoot" = Yes
    | |   |           |   |   "PrimaryUsagePage" = 0x1
    | |   |           |   |   "MaxInputReportSize" = 0x41
    | |   |           |   |   "IOUserClientClass" = "IOHIDLibUserClient"
    | |   |           |   |   "VersionNumber" = 0x622
    | |   |           |   |   "ReportDescriptor" = <05010906a1018501050719e029e71500250175019508810295017508810195057501050819012905910295017503910195067508150026ff000507190029ff8100050c7501950109b815002501810205ff0903750795018102c0050c0901a1018552150025017501950109cd810209b3810209b4810209b5810209b68102810181018101850915002501750895010601ff090bb10275089502b101c00600ff0906a1010600ff0906150026ff0075089540853f8122c0>
    | |   |           |   |   "VendorID" = 0x5ac
    | |   |           |   |   "BootProtocol" = 0x1
    | |   |           |   |   "MaxFeatureReportSize" = 0x4
    | |   |           |   |   "RequiresTCCAuthorization" = Yes
    | |   |           |   |   "Product" = "Apple Internal Keyboard / Trackpad"
    | |   |           |   |   "Transport" = "SPI"
    | |   |           |   |   "Elements" = ({"ReportID"=0x0,"ElementCookie"=0x1,"CollectionType"=0x1,"Type"=0x201,"VariableSize"=0x0,"Elements"=({"VariableSize"=0x0,"UnitExponent"=0x0,"IsRelative"=No,"UsagePage"=0x7,"Max"=0x1,"IsArray"=No,"Type"=0x2,"Size"=0x1,"Min"=0x0,"Flags"=0x2,"ReportID"=0x1,"Usage"=0xe0,"ReportCount"=0x1,"Unit"=0x0,"HasNullState"=No,"ReportSize"=0x1,"HasPreferredState"=Yes,"IsNonLinear"=No,"ScaledMin"=0x0,"IsWrapping"=No,"ScaledMax"=0x1,"ElementCookie"=0xe},{"VariableSize"=0x0,"UnitExponent"=0x0,"IsRelative"=No,"UsagePag$
    | |   |           |   |   "ProductID" = 0x273
    | |   |           |   |   "IOPersonalityPublisher" = "com.apple.driver.AppleHSSPIHIDDriver"
    | |   |           |   |   "DeviceUsagePairs" = ({"DeviceUsagePage"=0x1,"DeviceUsage"=0x6},{"DeviceUsagePage"=0xc,"DeviceUsage"=0x1},{"DeviceUsagePage"=0xff00,"DeviceUsage"=0x6})
    | |   |           |   |   "IOPowerManagement" = {"CapabilityFlags"=0x8000,"MaxPowerState"=0x2,"ActivityTickles"=0x1d,"DevicePowerState"=0x2,"IdleTimerPeriod"=0xbb8,"TimeSinceLastTickle"=0x11d,"DriverPowerState"=0x1,"IdleTimerElapsedTime"=0x29c,"CurrentPowerState"=0x2}
    | |   |           |   |   "InputReportElements" = ({"ReportID"=0x1,"ElementCookie"=0x12b,"Size"=0x50,"ReportCount"=0x1,"Type"=0x1,"VariableSize"=0x0,"UsagePage"=0x0,"ReportSize"=0x50,"Usage"=0x0},{"ReportID"=0x52,"ElementCookie"=0x12c,"Size"=0x10,"ReportCount"=0x1,"Type"=0x1,"VariableSize"=0x0,"UsagePage"=0x0,"ReportSize"=0x10,"Usage"=0x0},{"ReportID"=0x9,"ElementCookie"=0x12d,"Size"=0x8,"ReportCount"=0x1,"Type"=0x1,"VariableSize"=0x0,"UsagePage"=0x0,"ReportSize"=0x8,"Usage"=0x0},{"ReportID"=0x3f,"ElementCookie"=0x12e,"Size"=0x208,"ReportC$
    | |   |           |   |   "ReportInterval" = 0x1f40
    | |   |           |   |   "bInterfaceProtocol" = 0x1
    | |   |           |   |   "CFBundleIdentifier" = "com.apple.driver.AppleHSSPIHIDDriver"
    | |   |           |   |   "MaxOutputReportSize" = 0x2
    | |   |           |   |   "IOCFPlugInTypes" = {"FA12FA38-6F1A-11D4-BA0C-0005028F18D5"="IOHIDFamily.kext/Contents/PlugIns/IOHIDLib.plugin","40A57A4E-26A0-11D8-9295-000A958A2C78"="IOHIDFamily.kext/Contents/PlugIns/IOHIDLib.plugin","7DDEECA8-A7B4-11DA-8A0E-0014519758EF"="IOHIDFamily.kext/Contents/PlugIns/IOHIDLib.plugin"}
    | |   |           |   |   "IOProviderClass" = "AppleHSSPIInterface"
    | |   |           |   |   "bInterfaceNumber" = 0x1
    | |   |           |   |   "LocationID" = 0x1000000
    | |   |           |   |   "IOClass" = "AppleHSSPIHIDDriver"
    | |   |           |   |   "CFBundleIdentifierKernel" = "com.apple.driver.AppleHSSPIHIDDriver"
    | |   |           |   |   "PrimaryUsage" = 0x6
    | |   |           |   |   "CountryCode" = 0x21
    | |   |           |   |   "DeviceOpenedByEventSystem" = Yes
    | |   |           |   |   "bInterfaceSubClass" = "*"
    | |   |           |   |   "IOMatchCategory" = "IODefaultMatchCategory"
    | |   |           |   |   "IOProbeScore" = 0xdea8
    | |   |           |   |   "bInterfaceClass" = "*"
    | |   |           |   | }
    | |   |           |   | 
    | |   |           |   +-o IOHIDInterface  <class IOHIDInterface, id 0x1000002b9, registered, matched, active, busy 0 (181 ms), retain 9>
    | |   |           |     | {
    | |   |           |     |   "Transport" = "SPI"
    | |   |           |     |   "BootProtocol" = 0x1
    | |   |           |     |   "Product" = "Apple Internal Keyboard / Trackpad"
    | |   |           |     |   "MaxInputReportSize" = 0x41
    | |   |           |     |   "DeviceUsagePairs" = ({"DeviceUsagePage"=0x1,"DeviceUsage"=0x6},{"DeviceUsagePage"=0xc,"DeviceUsage"=0x1},{"DeviceUsagePage"=0xff00,"DeviceUsage"=0x6})
    | |   |           |     |   "DebugState" = {"ReleasedBuffers"=0x0,"ReportAvailableCalls"=0x0,"ReportAvailableRuns"=0x0,"CreatedBuffers"=0x0}
    | |   |           |     |   "MaxOutputReportSize" = 0x2
    | |   |           |     |   "ReportDescriptor" = <05010906a1018501050719e029e71500250175019508810295017508810195057501050819012905910295017503910195067508150026ff000507190029ff8100050c7501950109b815002501810205ff0903750795018102c0050c0901a1018552150025017501950109cd810209b3810209b4810209b5810209b68102810181018101850915002501750895010601ff090bb10275089502b101c00600ff0906a1010600ff0906150026ff0075089540853f8122c0>
    | |   |           |     |   "CountryCode" = 0x21
    | |   |           |     |   "VendorID" = 0x5ac
    | |   |           |     |   "VersionNumber" = 0x622
    | |   |           |     |   "IOServiceDEXTEntitlements" = ("com.apple.developer.driverkit.transport.hid")
    | |   |           |     |   "IODEXTMatchCount" = 0x1
    | |   |           |     |   "PrimaryUsage" = 0x6
    | |   |           |     |   "LocationID" = 0x1000000
    | |   |           |     |   "ProductID" = 0x273
    | |   |           |     |   "ReportInterval" = 0x1f40
    | |   |           |     |   "PrimaryUsagePage" = 0x1
    | |   |           |     |   "DeviceOpenedByEventSystem" = Yes
    | |   |           |     |   "MaxFeatureReportSize" = 0x4
    | |   |           |     | }
    | |   |           |     | 
    | |   |           |     +-o AppleHIDKeyboardEventDriverV2  <class AppleHIDKeyboardEventDriverV2, id 0x1000002ba, registered, matched, active, busy 0 (0 ms), retain 8>
    | |   |           |       | {
    | |   |           |       |   "PrimaryUsage" = 0x6
    | |   |           |       |   "HIDKeyboardSupportsEscKey" = Yes
    | |   |           |       |   "IOMatchedAtBoot" = Yes
    | |   |           |       |   "PrimaryUsagePage" = 0x1
    | |   |           |       |   "SensorProperties" = {}
    | |   |           |       |   "HIDServiceSupport" = Yes
    | |   |           |       |   "HasBattery" = No
    | |   |           |       |   "VendorID" = 0x5ac
    | |   |           |       |   "FnFunctionUsageMap" = "0x0007003a,0x00ff0005,0x0007003b,0x00ff0004,0x0007003c,0xff010010,0x0007003d,0xff010004,0x0007003e,0x00ff0009,0x0007003f,0x00ff0008,0x00070040,0x000c00b4,0x00070041,0x000c00cd,0x00070042,0x000c00b3,0x00070043,0x000c00e2,0x00070044,0x000c00ea,0x00070045,0x000c00e9,0x00ff0003,0x00000000"
    | |   |           |       |   "Built-In" = Yes
    | |   |           |       |   "DebugState" = {"LastReportTime"=0x1210a6e0}
    | |   |           |       |   "VersionNumber" = 0x622
    | |   |           |       |   "FnModifierUsagePage" = 0xff
    | |   |           |       |   "IOUserClientClass" = "IOHIDEventServiceUserClient"
    | |   |           |       |   "BootProtocol" = Yes
    | |   |           |       |   "IOGeneralInterest" = "IOCommand is not serializable"
    | |   |           |       |   "KeyboardEnabled" = Yes
    | |   |           |       |   "Product" = "Apple Internal Keyboard / Trackpad"
    | |   |           |       |   "Transport" = "SPI"
    | |   |           |       |   "HIDKeyboardSupportedModifiers" = 0x19e20ff
    | |   |           |       |   "GameControllerType" = 0x0
    | |   |           |       |   "Keyboard" = {"Elements"=({"VariableSize"=0x0,"UnitExponent"=0x0,"IsRelative"=No,"UsagePage"=0x7,"Max"=0x1,"IsArray"=No,"Type"=0x2,"Size"=0x1,"Min"=0x0,"Flags"=0x2,"ReportID"=0x1,"Usage"=0xe0,"ReportCount"=0x1,"Unit"=0x0,"HasNullState"=No,"ReportSize"=0x1,"HasPreferredState"=Yes,"IsNonLinear"=No,"ScaledMin"=0x0,"IsWrapping"=No,"ScaledMax"=0x1,"ElementCookie"=0xe},{"VariableSize"=0x0,"UnitExponent"=0x0,"IsRelative"=No,"UsagePage"=0x7,"Max"=0x1,"IsArray"=No,"Type"=0x2,"Size"=0x1,"Min"=0x0,"Flags"=0x2,"ReportID"=$
    | |   |           |       |   "LED" = {"Elements"=({"VariableSize"=0x0,"UnitExponent"=0x0,"IsRelative"=No,"UsagePage"=0x8,"Max"=0x1,"IsArray"=No,"Type"=0x81,"Size"=0x1,"Min"=0x0,"Flags"=0x2,"ReportID"=0x1,"Usage"=0x1,"ReportCount"=0x1,"Unit"=0x0,"HasNullState"=No,"ReportSize"=0x1,"HasPreferredState"=Yes,"IsNonLinear"=No,"ScaledMin"=0x0,"IsWrapping"=No,"ScaledMax"=0x1,"ElementCookie"=0x123},{"VariableSize"=0x0,"UnitExponent"=0x0,"IsRelative"=No,"UsagePage"=0x8,"Max"=0x1,"IsArray"=No,"Type"=0x81,"Size"=0x1,"Min"=0x0,"Flags"=0x2,"ReportID"=0x$
    | |   |           |       |   "FnKeyboardUsageMap" = "0x00070050,0x0007004a,0x00070052,0x0007004b,0x0007002a,0x0007004c,0x0007004f,0x0007004d,0x00070051,0x0007004e,0x00070028,0x00070058"
    | |   |           |       |   "ProductID" = 0x273
    | |   |           |       |   "DeviceUsagePairs" = ({"DeviceUsagePage"=0x1,"DeviceUsage"=0x6},{"DeviceUsagePage"=0xc,"DeviceUsage"=0x1},{"DeviceUsagePage"=0xff00,"DeviceUsage"=0x6})
    | |   |           |       |   "IOPersonalityPublisher" = "com.apple.driver.AppleTopCaseHIDEventDriver"
    | |   |           |       |   "KeyboardLanguage" = "U.S."
    | |   |           |       |   "GameControllerPointer" = {"Elements"=({"VariableSize"=0x0,"UnitExponent"=0x0,"IsRelative"=No,"UsagePage"=0x8,"Max"=0x1,"IsArray"=No,"Type"=0x81,"Size"=0x1,"Min"=0x0,"Flags"=0x2,"ReportID"=0x1,"Usage"=0x1,"ReportCount"=0x1,"Unit"=0x0,"HasNullState"=No,"ReportSize"=0x1,"HasPreferredState"=Yes,"IsNonLinear"=No,"ScaledMin"=0x0,"IsWrapping"=No,"ScaledMax"=0x1,"ElementCookie"=0x123},{"VariableSize"=0x0,"UnitExponent"=0x0,"IsRelative"=No,"UsagePage"=0x8,"Max"=0x1,"IsArray"=No,"Type"=0x81,"Size"=0x1,"Min"=0x0,"Flags"$
    | |   |           |       |   "ReportInterval" = 0x1f40
    | |   |           |       |   "CapsLockLanguageSwitch" = No
    | |   |           |       |   "VendorIDSource" = 0x0
    | |   |           |       |   "NumLockKeyboardUsageMap" = "0x00070029,0x00070029,0x0007002a,0x0007002a,0x0007002b,0x0007002b,0x0007003a,0x0007003a,0x0007003b,0x0007003b,0x0007003c,0x0007003c,0x0007003d,0x0007003d,0x0007003e,0x0007003e,0x0007003f,0x0007003f,0x00070040,0x00070040,0x00070041,0x00070041,0x00070042,0x00070042,0x00070043,0x00070043,0x00070044,0x00070044,0x00070045,0x00070045,0x0007004a,0x0007004a,0x0007004b,0x0007004b,0x0007004c,0x0007004c,0x0007004d,0x0007004d,0x0007004e,0x0007004e,0x0007004f,0x0007004f,0x00070050,0x00070050,0x$
    | |   |           |       |   "CFBundleIdentifier" = "com.apple.driver.AppleHIDKeyboard"
    | |   |           |       |   "HIDKeyboardKeysDefined" = Yes
    | |   |           |       |   "IOCFPlugInTypes" = {"7DDEECA8-A7B4-11DA-8A0E-0014519758EF"="IOHIDFamily.kext/Contents/PlugIns/IOHIDLib.plugin","FA12FA38-6F1A-11D4-BA0C-0005028F18D5"="IOHIDFamily.kext/Contents/PlugIns/IOHIDLib.plugin"}
    | |   |           |       |   "IOProviderClass" = "IOHIDInterface"
    | |   |           |       |   "HIDEventServiceProperties" = {"HIDMouseKeysOptionToggles"=0x0,"JitterNoClick"=0x1,"ActuateDetents"=0x1,"Dragging"=0x0,"HIDSlowKeysDelay"=0x0,"JitterNoMove"=0x1,"FlipLeftAndRightEdgeGestures"=No,"HIDTrackpadScrollAcceleration"=0x5000,"HIDInitialKeyRepeat"=0x1dcd6500,"TrackpadThreeFingerHorizSwipeGesture"=0x2,"TrackpadThreeFingerDrag"=No,"MTGestureConfiguration"={"Version"=0x1,"Behaviors"=({"BehaviorID"=0x5})},"MTGestureConfigurationOverride"={"Version"=0x1,"Behaviors"=({"BehaviorID"=0x1})},"HIDPointerAccelerat$
    | |   |           |       |   "LocationID" = 0x1000000
    | |   |           |       |   "BluetoothDevice" = No
    | |   |           |       |   "IOClass" = "AppleHIDKeyboardEventDriverV2"
    | |   |           |       |   "CapsLockDelay" = 0x4b
    | |   |           |       |   "CFBundleIdentifierKernel" = "com.apple.driver.AppleHIDKeyboard"
    | |   |           |       |   "ProductIDArray" = (0x272,0x273,0x274,0x275,0x276,0x279,0x290,0x291,0x2)
    | |   |           |       |   "FnModifierUsage" = 0x3
    | |   |           |       |   "alt_handler_id" = 0x2b
    | |   |           |       |   "IOMatchCategory" = "IODefaultMatchCategory"
    | |   |           |       |   "StandardType" = 0x0
    | |   |           |       |   "IOProbeScore" = 0x1c07
    | |   |           |       |   "AppleVendorSupported" = Yes
    | |   |           |       |   "SensorPropertySupported" = 0x0
    | |   |           |       |   "CountryCode" = 0x21
    | |   |           |       | }
    | |   |           |       | 
    | |   |           |       +-o IOHIDEventServiceUserClient  <class IOHIDEventServiceUserClient, id 0x1000004bb, !registered, !matched, active, busy 0, retain 6>
    | |   |           |           {
    | |   |           |             "DebugState" = {"EventQueue"={"NoFullMsg"=0x0,"tail"=0x1580,"NotificationForce"=0x0,"NotificationCount"=0x1bff1,"head"=0x1580},"EnqueueEventCount"=0x1c056,"LastEventType"=0x3,"LastEventTime"=0x128f8bae}
    | |   |           |             "IOUserClientCreator" = "pid 169, WindowServer"
    | |   |           |             "IOUserClientDefaultLocking" = Yes
    | |   |           |           }
    | |   |           |           
    | |   |           +-o Trackpad / Boot  <class AppleHSSPIInterface, id 0x1000002ab, registered, matched, active, busy 0 (173 ms), retain 8>
    | |   |           | | {
    | |   |           | |   "bcdDevice" = 0x622
    | |   |           | |   "wMaxInputPacketLength" = 0x3e0
    | |   |           | |   "idProduct" = 0x273
    | |   |           | |   "bInterfaceSubClass" = 0x1
    | |   |           | |   "wMaxControlRequestPacketLength" = 0x200
    | |   |           | |   "wMaxOutputPacketLength" = 0x0
    | |   |           | |   "LocationID" = 0x1000000
    | |   |           | |   "bInterfaceProtocol" = 0x2
    | |   |           | |   "SPI Product Name" = "Apple Internal Keyboard / Trackpad"
    | |   |           | |   "idVendor" = 0x5ac
    | |   |           | |   "bInterfaceNumber" = 0x2
    | |   |           | |   "bInterfaceClass" = 0x3
    | |   |           | | }
    | |   |           | | 
    | |   |           | +-o AppleHSSPIHIDDriver  <class AppleHSSPIHIDDriver, id 0x1000002bd, registered, matched, active, busy 0 (169 ms), retain 10>
    | |   |           |   | {
    | |   |           |   |   "IOMatchedAtBoot" = Yes
    | |   |           |   |   "PrimaryUsagePage" = 0x1
    | |   |           |   |   "MaxInputReportSize" = 0x3e0
    | |   |           |   |   "IOUserClientClass" = "IOHIDLibUserClient"
    | |   |           |   |   "VersionNumber" = 0x622
    | |   |           |   |   "ReportDescriptor" = <05010902a1010901a1000509190129031500250185029503750181029501750581010501093009311581257f750895028106950475088101c0c0050d0905a1010600ff090c150026ff0075089510853f8122c00600ff090ca1010600ff090c150026ff008544750896df038100c0>
    | |   |           |   |   "VendorID" = 0x5ac
    | |   |           |   |   "BootProtocol" = 0x2
    | |   |           |   |   "MaxFeatureReportSize" = 0x1
    | |   |           |   |   "RequiresTCCAuthorization" = Yes
    | |   |           |   |   "Product" = "Apple Internal Keyboard / Trackpad"
    | |   |           |   |   "Transport" = "SPI"
    | |   |           |   |   "Elements" = ({"ReportID"=0x0,"ElementCookie"=0x1,"CollectionType"=0x1,"Type"=0x201,"VariableSize"=0x0,"Elements"=({"ReportID"=0x0,"ElementCookie"=0x2,"CollectionType"=0x0,"Type"=0x201,"VariableSize"=0x0,"Elements"=({"VariableSize"=0x0,"UnitExponent"=0x0,"IsRelative"=No,"UsagePage"=0x9,"Max"=0x1,"IsArray"=No,"Type"=0x2,"Size"=0x1,"Min"=0x0,"Flags"=0x2,"ReportID"=0x2,"Usage"=0x1,"ReportCount"=0x1,"Unit"=0x0,"HasNullState"=No,"ReportSize"=0x1,"HasPreferredState"=Yes,"IsNonLinear"=No,"ScaledMin"=0x0,"IsWrapping"=No,"$
    | |   |           |   |   "ProductID" = 0x273
    | |   |           |   |   "IOPersonalityPublisher" = "com.apple.driver.AppleHSSPIHIDDriver"
    | |   |           |   |   "DeviceUsagePairs" = ({"DeviceUsagePage"=0x1,"DeviceUsage"=0x2},{"DeviceUsagePage"=0x1,"DeviceUsage"=0x1},{"DeviceUsagePage"=0xd,"DeviceUsage"=0x5},{"DeviceUsagePage"=0xff00,"DeviceUsage"=0xc})
    | |   |           |   |   "IOPowerManagement" = {"CapabilityFlags"=0x8000,"MaxPowerState"=0x2,"ActivityTickles"=0x13,"DevicePowerState"=0x2,"IdleTimerPeriod"=0xbb8,"TimeSinceLastTickle"=0x4c8,"DriverPowerState"=0x1,"IdleTimerElapsedTime"=0x53f,"CurrentPowerState"=0x2}
    | |   |           |   |   "InputReportElements" = ({"ReportID"=0x2,"ElementCookie"=0x3f4,"Size"=0x40,"ReportCount"=0x1,"Type"=0x1,"VariableSize"=0x0,"UsagePage"=0x0,"ReportSize"=0x40,"Usage"=0x0},{"ReportID"=0x3f,"ElementCookie"=0x3f5,"Size"=0x88,"ReportCount"=0x1,"Type"=0x1,"VariableSize"=0x0,"UsagePage"=0x0,"ReportSize"=0x88,"Usage"=0x0},{"ReportID"=0x44,"ElementCookie"=0x3f6,"Size"=0x1f00,"ReportCount"=0x1,"Type"=0x1,"VariableSize"=0x0,"UsagePage"=0x0,"ReportSize"=0x1f00,"Usage"=0x0})
    | |   |           |   |   "ReportInterval" = 0x1f40
    | |   |           |   |   "bInterfaceProtocol" = 0x2
    | |   |           |   |   "CFBundleIdentifier" = "com.apple.driver.AppleHSSPIHIDDriver"
    | |   |           |   |   "MaxOutputReportSize" = 0x1
    | |   |           |   |   "IOCFPlugInTypes" = {"FA12FA38-6F1A-11D4-BA0C-0005028F18D5"="IOHIDFamily.kext/Contents/PlugIns/IOHIDLib.plugin","40A57A4E-26A0-11D8-9295-000A958A2C78"="IOHIDFamily.kext/Contents/PlugIns/IOHIDLib.plugin","7DDEECA8-A7B4-11DA-8A0E-0014519758EF"="IOHIDFamily.kext/Contents/PlugIns/IOHIDLib.plugin"}
    | |   |           |   |   "IOProviderClass" = "AppleHSSPIInterface"
    | |   |           |   |   "bInterfaceNumber" = 0x2
    | |   |           |   |   "LocationID" = 0x1000000
    | |   |           |   |   "IOClass" = "AppleHSSPIHIDDriver"
    | |   |           |   |   "CFBundleIdentifierKernel" = "com.apple.driver.AppleHSSPIHIDDriver"
    | |   |           |   |   "PrimaryUsage" = 0x2
    | |   |           |   |   "CountryCode" = 0x0
    | |   |           |   |   "bInterfaceSubClass" = "*"
    | |   |           |   |   "IOMatchCategory" = "IODefaultMatchCategory"
    | |   |           |   |   "IOProbeScore" = 0xdea8
    | |   |           |   |   "bInterfaceClass" = "*"
    | |   |           |   | }
    | |   |           |   | 
    | |   |           |   +-o IOHIDInterface  <class IOHIDInterface, id 0x1000002ca, registered, matched, active, busy 0 (162 ms), retain 8>
    | |   |           |     | {
    | |   |           |     |   "MaxOutputReportSize" = 0x1
    | |   |           |     |   "VendorID" = 0x5ac
    | |   |           |     |   "CountryCode" = 0x0
    | |   |           |     |   "IOServiceDEXTEntitlements" = ("com.apple.developer.driverkit.transport.hid")
    | |   |           |     |   "Product" = "Apple Internal Keyboard / Trackpad"
    | |   |           |     |   "VersionNumber" = 0x622
    | |   |           |     |   "PrimaryUsage" = 0x2
    | |   |           |     |   "LocationID" = 0x1000000
    | |   |           |     |   "BootProtocol" = 0x2
    | |   |           |     |   "ProductID" = 0x273
    | |   |           |     |   "DeviceUsagePairs" = ({"DeviceUsagePage"=0x1,"DeviceUsage"=0x2},{"DeviceUsagePage"=0x1,"DeviceUsage"=0x1},{"DeviceUsagePage"=0xd,"DeviceUsage"=0x5},{"DeviceUsagePage"=0xff00,"DeviceUsage"=0xc})
    | |   |           |     |   "Transport" = "SPI"
    | |   |           |     |   "ReportInterval" = 0x1f40
    | |   |           |     |   "ReportDescriptor" = <05010902a1010901a1000509190129031500250185029503750181029501750581010501093009311581257f750895028106950475088101c0c0050d0905a1010600ff090c150026ff0075089510853f8122c00600ff090ca1010600ff090c150026ff008544750896df038100c0>
    | |   |           |     |   "IODEXTMatchCount" = 0x1
    | |   |           |     |   "PrimaryUsagePage" = 0x1
    | |   |           |     |   "MaxFeatureReportSize" = 0x1
    | |   |           |     |   "DebugState" = {"ReleasedBuffers"=0x0,"ReportAvailableCalls"=0x0,"ReportAvailableRuns"=0x0,"CreatedBuffers"=0x0}
    | |   |           |     |   "MaxInputReportSize" = 0x3e0
    | |   |           |     | }
    | |   |           |     | 
    | |   |           |     +-o AppleMultitouchTrackpadHIDEventDriver  <class AppleMultitouchTrackpadHIDEventDriver, id 0x1000002cb, registered, matched, active, busy 0 (2 ms), retain 8>
    | |   |           |       | {
    | |   |           |       |   "mt-device-id" = 0x200000001000000
    | |   |           |       |   "IOGeneralInterest" = "IOCommand is not serializable"
    | |   |           |       |   "IOMatchedAtBoot" = Yes
    | |   |           |       |   "PrimaryUsagePage" = 0x1
    | |   |           |       |   "SensorProperties" = {}
    | |   |           |       |   "ApplePreferencesDefaultPreferences" = {"TrackpadPinch"=0x1,"TrackpadFourFingerVertSwipeGesture"=0x2,"ActuateDetents"=0x1,"FirstClickThreshold"=0x1,"SecondClickThreshold"=0x1,"TrackpadFourFingerPinchGesture"=0x2,"TrackpadHorizScroll"=0x1,"TrackpadMomentumScroll"=Yes,"TrackpadRotate"=0x1,"TrackpadThreeFingerHorizSwipeGesture"=0x2,"Clicking"=0x0,"TrackpadScroll"=Yes,"DragLock"=0x0,"TrackpadFiveFingerPinchGesture"=0x2,"ForceSuppressed"=No,"TrackpadThreeFingerVertSwipeGesture"=0x2,"Dragging"=0x0,"TrackpadCornerSec$
    | |   |           |       |   "VendorID" = 0x5ac
    | |   |           |       |   "VersionNumber" = 0x622
    | |   |           |       |   "DebugState" = {}
    | |   |           |       |   "HIDPointerResolution" = 0x1900000
    | |   |           |       |   "RelativePointer" = {"Elements"=({"VariableSize"=0x0,"UnitExponent"=0x0,"IsRelative"=Yes,"UsagePage"=0x1,"Max"=0x7f,"IsArray"=No,"Type"=0x1,"Size"=0x8,"Min"=0xffffffffffffff81,"Flags"=0x6,"ReportID"=0x2,"Usage"=0x30,"ReportCount"=0x1,"Unit"=0x0,"HasNullState"=No,"ReportSize"=0x8,"HasPreferredState"=Yes,"IsNonLinear"=No,"ScaledMin"=0xffffffffffffff81,"IsWrapping"=No,"ScaledMax"=0x7f,"ElementCookie"=0x3f1},{"VariableSize"=0x0,"UnitExponent"=0x0,"IsRelative"=Yes,"UsagePage"=0x1,"Max"=0x7f,"IsArray"=No,"Type"=0x1,$
    | |   |           |       |   "MTEventSource" = Yes
    | |   |           |       |   "BootProtocol" = Yes
    | |   |           |       |   "DoReportIntervalHack" = Yes
    | |   |           |       |   "Product" = "Apple Internal Keyboard / Trackpad"
    | |   |           |       |   "Transport" = "SPI"
    | |   |           |       |   "HIDPointerAccelerationType" = "HIDTrackpadAcceleration"
    | |   |           |       |   "HIDScrollAccelerationTable" = <000080005553422a000700000000000100010000000100000000200000100000713b00004ce300030000000760000004c000000e80000006f14a0017e95e000957820023105a000b67a1002c117b000d8dd40034dd3a000f7e9a003bd0b8001258a000465d3500150000004ed9d80017c0000055caed001ab3e5005b6150001d9000005ed2aa0020bef9006120cb00242d7b006275ef0027b0000063465f0000800000130000713b0000567f000100000002e000000200000009600000030000001200000004c0000020c000000680000030800000086a790041fdb6000aedb50057866e000d01d8006b3d39000efd7f008$
    | |   |           |       |   "HIDDisallowRemappingOfPrimaryClick" = Yes
    | |   |           |       |   "HIDScrollAccelerationType" = "HIDTrackpadScrollAcceleration"
    | |   |           |       |   "TrackpadEmbedded" = Yes
    | |   |           |       |   "ApplePreferenceCapability" = 0x2
    | |   |           |       |   "DeviceUsagePairs" = ({"DeviceUsagePage"=0x1,"DeviceUsage"=0x2},{"DeviceUsagePage"=0x1,"DeviceUsage"=0x1},{"DeviceUsagePage"=0xd,"DeviceUsage"=0x5},{"DeviceUsagePage"=0xff00,"DeviceUsage"=0xc})
    | |   |           |       |   "ApplePreferenceIdentifier" = "com.apple.AppleMultitouchTrackpad"
    | |   |           |       |   "HIDScrollResolution" = 0x1900000
    | |   |           |       |   "IOPersonalityPublisher" = "com.apple.driver.AppleTopCaseHIDEventDriver"
    | |   |           |       |   "ProductID" = 0x273
    | |   |           |       |   "DefaultMultitouchProperties" = {"HIDScrollAccelerationType"="HIDTrackpadScrollAcceleration","SupportsGestureScrolling"=Yes,"parser-type"=0x3e8,"HIDScrollResolutionX"=0x1900000,"HIDScrollResolutionY"=0x1900000,"HIDScrollAccelerationTable"=<000080005553422a000700000000000100010000000100000000200000100000713b00004ce300030000000760000004c000000e80000006f14a0017e95e000957820023105a000b67a1002c117b000d8dd40034dd3a000f7e9a003bd0b8001258a000465d3500150000004ed9d80017c0000055caed001ab3e5005b6150001d9000005ed2aa0020bef$
    | |   |           |       |   "ReportInterval" = 0x1f40
    | |   |           |       |   "BuildAMDWithMTInit" = Yes
    | |   |           |       |   "VendorIDSource" = 0x0
    | |   |           |       |   "HIDPointerButtonCount" = 0x3
    | |   |           |       |   "CFBundleIdentifier" = "com.apple.driver.AppleTopCaseHIDEventDriver"
    | |   |           |       |   "IOCFPlugInTypes" = {"0516B563-B15B-11DA-96EB-0014519758EF"="AppleMultitouchDriver.kext/Contents/PlugIns/MultitouchHID.plugin"}
    | |   |           |       |   "HIDAccelCurves" = ({"HIDAccelGainLinear"=0x10000,"HIDAccelTangentSpeedLinear"=0x76666,"HIDAccelTangentSpeedParabolicRoot"=0x150000,"HIDAccelIndex"=0x0},{"HIDAccelGainLinear"=0xfd71,"HIDAccelTangentSpeedLinear"=0x74ccd,"HIDAccelGainCubic"=0x147b,"HIDAccelGainParabolic"=0x8000,"HIDAccelTangentSpeedParabolicRoot"=0x140000,"HIDAccelIndex"=0x2000},{"HIDAccelGainLinear"=0xfae1,"HIDAccelTangentSpeedLinear"=0x73333,"HIDAccelGainCubic"=0x199a,"HIDAccelGainParabolic"=0xa8f6,"HIDAccelTangentSpeedParabolicRoot"=0x130000,$
    | |   |           |       |   "IOProviderClass" = "IOHIDInterface"
    | |   |           |       |   "LocationID" = 0x1000000
    | |   |           |       |   "HIDPointerAccelerationTable" = <000080005553422a00070000000000020004000000040000001000000010000000002000000d00008000000080000001400000018000000200000002e000000300000004e000000400000007400000050000000a000000060000000d40000008000000160000000ac00000230000000d0000002f0000000ec0000038c00000104000004100000011c0000048c00000005000000f0000800000008000000100000001400000018000000240000002000000038000000280000004e000000300000006600000040000000a000000050000000e4000000600000013400000080000001ec000000ac000002ec000000d000000$
    | |   |           |       |   "HIDServiceSupport" = No
    | |   |           |       |   "IOClass" = "AppleMultitouchTrackpadHIDEventDriver"
    | |   |           |       |   "HIDScrollAccelCurves" = ({"HIDAccelGainLinear"=0x10000,"HIDAccelTangentSpeedLinear"=0x60000,"HIDAccelTangentSpeedParabolicRoot"=0xc0000,"HIDAccelIndex"=0x0},{"HIDAccelGainLinear"=0xf333,"HIDAccelTangentSpeedLinear"=0x63333,"HIDAccelTangentSpeedParabolicRoot"=0xc0000,"HIDAccelGainParabolic"=0x999a,"HIDAccelIndex"=0x2000},{"HIDAccelGainLinear"=0xe666,"HIDAccelTangentSpeedLinear"=0x66666,"HIDAccelTangentSpeedParabolicRoot"=0xc0000,"HIDAccelGainParabolic"=0xe666,"HIDAccelIndex"=0x8000},{"HIDAccelGainLinear"=0xd99$
    | |   |           |       |   "ProductIDArray" = (0x272,0x273,0x274,0x275,0x279)
    | |   |           |       |   "CFBundleIdentifierKernel" = "com.apple.driver.AppleTopCaseHIDEventDriver"
    | |   |           |       |   "IOMatchCategory" = "IODefaultMatchCategory"
    | |   |           |       |   "SensorPropertySupported" = 0x0
    | |   |           |       |   "IOProbeScore" = 0x1c07
    | |   |           |       |   "StandardType" = 0x0
    | |   |           |       |   "CountryCode" = 0x0
    | |   |           |       |   "PrimaryUsage" = 0x2
    | |   |           |       | }
    | |   |           |       | 
    | |   |           |       +-o AppleMultitouchDevice  <class AppleMultitouchDevice, id 0x1000002d0, registered, matched, active, busy 0 (0 ms), retain 8>
    | |   |           |         | {
    | |   |           |         |   "Sensor Surface Descriptor" = <04290000b01d000024ed35ffe114931a>
    | |   |           |         |   "HIDPointerAccelerationTable" = <000080005553422a00070000000000020004000000040000001000000010000000002000000d00008000000080000001400000018000000200000002e000000300000004e000000400000007400000050000000a000000060000000d40000008000000160000000ac00000230000000d0000002f0000000ec0000038c00000104000004100000011c0000048c00000005000000f0000800000008000000100000001400000018000000240000002000000038000000280000004e000000300000006600000040000000a000000050000000e4000000600000013400000080000001ec000000ac000002ec000000d0000$
    | |   |           |         |   "Multitouch ID" = 0x200000001000000
    | |   |           |         |   "HIDAccelCurves" = ({"HIDAccelGainLinear"=0x10000,"HIDAccelTangentSpeedLinear"=0x76666,"HIDAccelTangentSpeedParabolicRoot"=0x150000,"HIDAccelIndex"=0x0},{"HIDAccelGainLinear"=0xfd71,"HIDAccelTangentSpeedLinear"=0x74ccd,"HIDAccelGainCubic"=0x147b,"HIDAccelGainParabolic"=0x8000,"HIDAccelTangentSpeedParabolicRoot"=0x140000,"HIDAccelIndex"=0x2000},{"HIDAccelGainLinear"=0xfae1,"HIDAccelTangentSpeedLinear"=0x73333,"HIDAccelGainCubic"=0x199a,"HIDAccelGainParabolic"=0xa8f6,"HIDAccelTangentSpeedParabolicRoot"=0x13000$
    | |   |           |         |   "HIDScrollResolution" = 0x1900000
    | |   |           |         |   "Sensor Surface Height" = 0x1db0
    | |   |           |         |   "HIDServiceSupport" = Yes
    | |   |           |         |   "parser-options" = 0x27
    | |   |           |         |   "TrackpadThreeFingerDrag" = Yes
    | |   |           |         |   "HIDScrollResolutionY" = 0x1900000
    | |   |           |         |   "VersionNumber" = 0x622
    | |   |           |         |   "Sensor Region Descriptor" = <0201000c01001400020c0201090200>
    | |   |           |         |   "Sensor Surface Width" = 0x2904
    | |   |           |         |   "Critical Errors" = 0x0
    | |   |           |         |   "SupportsGestureScrolling" = Yes
    | |   |           |         |   "IOReportLegend" = ({"IOReportGroupName"="Multitouch","IOReportChannels"=((0x4672616d44726f70,0x100080001,"Frames dropped")),"IOReportChannelInfo"={"IOReportChannelUnit"=0x0},"IOReportSubGroupName"="Drop packets"})
    | |   |           |         |   "IOUserClientClass" = "AppleMultitouchDeviceUserClient"
    | |   |           |         |   "IOGeneralInterest" = "IOCommand is not serializable"
    | |   |           |         |   "bcdVersion" = 0x410
    | |   |           |         |   "parser-type" = 0x3e8
    | |   |           |         |   "Product" = "Apple Internal Keyboard / Trackpad"
    | |   |           |         |   "TrackpadSecondaryClickCorners" = Yes
    | |   |           |         |   "ForceSupported" = Yes
    | |   |           |         |   "IOCFPlugInTypes" = {"0516B563-B15B-11DA-96EB-0014519758EF"="AppleMultitouchDriver.kext/Contents/PlugIns/MultitouchHID.plugin"}
    | |   |           |         |   "MultitouchPreferences" = {"TrackpadHandResting"=Yes,"TrackpadPinch"=0x1,"TrackpadFourFingerVertSwipeGesture"=0x2,"USBMouseStopsTrackpad"=0x0,"ActuateDetents"=0x1,"FirstClickThreshold"=0x1,"SecondClickThreshold"=0x1,"TrackpadFourFingerPinchGesture"=0x2,"TrackpadHorizScroll"=0x1,"TrackpadMomentumScroll"=Yes,"TrackpadRotate"=0x1,"TrackpadThreeFingerHorizSwipeGesture"=0x2,"Clicking"=0x0,"TrackpadTwoFingerDoubleTapGesture"=0x1,"UserPreferences"=Yes,"TrackpadScroll"=Yes,"DragLock"=0x0,"TrackpadFiveFingerPinchGest$
    | |   |           |         |   "Max Packet Size" = 0x400
    | |   |           |         |   "ReportInterval" = 0x1f40
    | |   |           |         |   "ResetCount" = 0x0
    | |   |           |         |   "VendorID" = 0x5ac
    | |   |           |         |   "EnumerationReason" = 0x2
    | |   |           |         |   "TrackpadFourFingerGestures" = Yes
    | |   |           |         |   "IOReportLegendPublic" = Yes
    | |   |           |         |   "Endianness" = 0x1
    | |   |           |         |   "ProductID" = 0x273
    | |   |           |         |   "Sensor Rows" = 0xe
    | |   |           |         |   "HIDScrollResolutionX" = 0x1900000
    | |   |           |         |   "HIDPointerResolution" = 0x1900000
    | |   |           |         |   "HIDScrollResolutionZ" = 0x1900000
    | |   |           |         |   "Family ID" = 0x67
    | |   |           |         |   "DeviceUsagePairs" = ({"DeviceUsagePage"=0x1,"DeviceUsage"=0x2},{"DeviceUsagePage"=0x1,"DeviceUsage"=0x1},{"DeviceUsagePage"=0xd,"DeviceUsage"=0x5},{"DeviceUsagePage"=0xff00,"DeviceUsage"=0xc})
    | |   |           |         |   "MT Built-In" = Yes
    | |   |           |         |   "Sensor Region Param" = <00000400fe01>
    | |   |           |         |   "EnumerationReasonString" = "Ready at start"
    | |   |           |         |   "HIDScrollAccelCurves" = ({"HIDAccelGainLinear"=0x10000,"HIDAccelTangentSpeedLinear"=0x60000,"HIDAccelTangentSpeedParabolicRoot"=0xc0000,"HIDAccelIndex"=0x0},{"HIDAccelGainLinear"=0xf333,"HIDAccelTangentSpeedLinear"=0x63333,"HIDAccelTangentSpeedParabolicRoot"=0xc0000,"HIDAccelGainParabolic"=0x999a,"HIDAccelIndex"=0x2000},{"HIDAccelGainLinear"=0xe666,"HIDAccelTangentSpeedLinear"=0x66666,"HIDAccelTangentSpeedParabolicRoot"=0xc0000,"HIDAccelGainParabolic"=0xe666,"HIDAccelIndex"=0x8000},{"HIDAccelGainLinear"=0xd$
    | |   |           |         |   "DisablerPresent" = No
    | |   |           |         |   "HIDScrollAccelerationTable" = <000080005553422a000700000000000100010000000100000000200000100000713b00004ce300030000000760000004c000000e80000006f14a0017e95e000957820023105a000b67a1002c117b000d8dd40034dd3a000f7e9a003bd0b8001258a000465d3500150000004ed9d80017c0000055caed001ab3e5005b6150001d9000005ed2aa0020bef9006120cb00242d7b006275ef0027b0000063465f0000800000130000713b0000567f000100000002e000000200000009600000030000001200000004c0000020c000000680000030800000086a790041fdb6000aedb50057866e000d01d8006b3d39000efd7f0$
    | |   |           |         |   "TrackpadMomentumScroll" = Yes
    | |   |           |         |   "ActuationSupported" = Yes
    | |   |           |         |   "HIDScrollAccelerationType" = "HIDTrackpadScrollAcceleration"
    | |   |           |         |   "MTPowerStatsDisable" = Yes
    | |   |           |         |   "Transport" = "SPI"
    | |   |           |         |   "Sensor Columns" = 0x14
    | |   |           |         |   "MTHIDDevice" = Yes
    | |   |           |         |   "VendorIDSource" = 0x0
    | |   |           |         |   "HIDPointerReportRate" = 0x78
    | |   |           |         |   "HIDPointerAccelerationType" = "HIDTrackpadAcceleration"
    | |   |           |         |   "UseProviderWorkLoop" = Yes
    | |   |           |         |   "CountryCode" = 0x0
    | |   |           |         |   "LocationID" = 0x1000000
    | |   |           |         | }
    | |   |           |         | 
    | |   |           |         +-o AppleMultitouchDeviceUserClient  <class AppleMultitouchDeviceUserClient, id 0x1000004b7, !registered, !matched, active, busy 0, retain 6>
    | |   |           |             {
    | |   |           |               "IOUserClientCreator" = "pid 169, WindowServer"
    | |   |           |               "IOUserClientDefaultLocking" = Yes
    | |   |           |             }
    | |   |           |             
    | |   |           +-o Actuator  <class AppleHSSPIInterface, id 0x1000002ac, registered, matched, active, busy 0 (9 ms), retain 8>
    | |   |           | | {
    | |   |           | |   "bcdDevice" = 0x622
    | |   |           | |   "wMaxInputPacketLength" = 0x10
    | |   |           | |   "idProduct" = 0x273
    | |   |           | |   "bInterfaceSubClass" = 0x0
    | |   |           | |   "wMaxControlRequestPacketLength" = 0x200
    | |   |           | |   "wMaxOutputPacketLength" = 0x40
    | |   |           | |   "LocationID" = 0x1000000
    | |   |           | |   "bInterfaceProtocol" = 0x0
    | |   |           | |   "SPI Product Name" = "Apple Internal Keyboard / Trackpad"
    | |   |           | |   "idVendor" = 0x5ac
    | |   |           | |   "bInterfaceNumber" = 0x3
    | |   |           | |   "bInterfaceClass" = 0x3
    | |   |           | | }
    | |   |           | | 
    | |   |           | +-o AppleHSSPIHIDDriver  <class AppleHSSPIHIDDriver, id 0x1000002d3, registered, matched, active, busy 0 (6 ms), retain 9>
    | |   |           |   | {
    | |   |           |   |   "IOMatchedAtBoot" = Yes
    | |   |           |   |   "PrimaryUsagePage" = 0xff00
    | |   |           |   |   "MaxInputReportSize" = 0x10
    | |   |           |   |   "IOUserClientClass" = "IOHIDLibUserClient"
    | |   |           |   |   "VersionNumber" = 0x622
    | |   |           |   |   "ReportDescriptor" = <0600ff090da1010600ff090d150026ff007508853f960f0081028553963f009102c0>
    | |   |           |   |   "VendorID" = 0x5ac
    | |   |           |   |   "BootProtocol" = 0x0
    | |   |           |   |   "MaxFeatureReportSize" = 0x1
    | |   |           |   |   "Product" = "Apple Internal Keyboard / Trackpad"
    | |   |           |   |   "Transport" = "SPI"
    | |   |           |   |   "Elements" = ({"ReportID"=0x0,"ElementCookie"=0x1,"CollectionType"=0x1,"Type"=0x201,"VariableSize"=0x0,"Elements"=({"VariableSize"=0x0,"UnitExponent"=0x0,"IsRelative"=No,"UsagePage"=0xff00,"Max"=0xff,"IsArray"=No,"Type"=0x1,"Size"=0x78,"Min"=0x0,"Flags"=0x2,"ReportID"=0x3f,"Usage"=0xd,"ReportCount"=0x1,"Unit"=0x0,"HasNullState"=No,"ReportSize"=0x78,"HasPreferredState"=Yes,"IsNonLinear"=No,"ScaledMin"=0x0,"IsWrapping"=No,"ScaledMax"=0xff,"ElementCookie"=0x8}),"UsagePage"=0xff00,"Usage"=0xd},{"VariableSize"=0x0,"Uni$
    | |   |           |   |   "ExtendedData" = (0x3010000,0x3020000,0x3030000,0x3040000,0x3b00000,0x3b10000,0x3b20000,0x3b30000,0x3b60000)
    | |   |           |   |   "ProductID" = 0x273
    | |   |           |   |   "IOPersonalityPublisher" = "com.apple.driver.AppleHSSPIHIDDriver"
    | |   |           |   |   "DeviceUsagePairs" = ({"DeviceUsagePage"=0xff00,"DeviceUsage"=0xd})
    | |   |           |   |   "IOPowerManagement" = {"CapabilityFlags"=0x10000,"MaxPowerState"=0x2,"ActivityTickles"=0x0,"DevicePowerState"=0x0,"IdleTimerPeriod"=0xbb8,"TimeSinceLastTickle"=0xc96b,"DriverPowerState"=0x1,"CurrentPowerState"=0x1}
    | |   |           |   |   "InputReportElements" = ({"ReportID"=0x3f,"ElementCookie"=0x9,"Size"=0x80,"ReportCount"=0x1,"Type"=0x1,"VariableSize"=0x0,"UsagePage"=0x0,"ReportSize"=0x80,"Usage"=0x0},{"ReportID"=0x53,"ElementCookie"=0xa,"Size"=0x8,"ReportCount"=0x1,"Type"=0x1,"VariableSize"=0x0,"UsagePage"=0x0,"ReportSize"=0x8,"Usage"=0x0})
    | |   |           |   |   "ReportInterval" = 0x1f40
    | |   |           |   |   "bInterfaceProtocol" = 0x0
    | |   |           |   |   "CFBundleIdentifier" = "com.apple.driver.AppleHSSPIHIDDriver"
    | |   |           |   |   "MaxOutputReportSize" = 0x40
    | |   |           |   |   "IOCFPlugInTypes" = {"FA12FA38-6F1A-11D4-BA0C-0005028F18D5"="IOHIDFamily.kext/Contents/PlugIns/IOHIDLib.plugin","40A57A4E-26A0-11D8-9295-000A958A2C78"="IOHIDFamily.kext/Contents/PlugIns/IOHIDLib.plugin","7DDEECA8-A7B4-11DA-8A0E-0014519758EF"="IOHIDFamily.kext/Contents/PlugIns/IOHIDLib.plugin"}
    | |   |           |   |   "IOProviderClass" = "AppleHSSPIInterface"
    | |   |           |   |   "bInterfaceNumber" = 0x3
    | |   |           |   |   "LocationID" = 0x1000000
    | |   |           |   |   "IOClass" = "AppleHSSPIHIDDriver"
    | |   |           |   |   "CFBundleIdentifierKernel" = "com.apple.driver.AppleHSSPIHIDDriver"
    | |   |           |   |   "PrimaryUsage" = 0xd
    | |   |           |   |   "CountryCode" = 0x0
    | |   |           |   |   "bInterfaceSubClass" = 0x0
    | |   |           |   |   "IOMatchCategory" = "IODefaultMatchCategory"
    | |   |           |   |   "IOProbeScore" = 0xea60
    | |   |           |   |   "bInterfaceClass" = 0x3
    | |   |           |   | }
    | |   |           |   | 
    | |   |           |   +-o IOHIDInterface  <class IOHIDInterface, id 0x1000002e5, registered, matched, active, busy 0 (6 ms), retain 7>
    | |   |           |     | {
    | |   |           |     |   "MaxOutputReportSize" = 0x40
    | |   |           |     |   "VendorID" = 0x5ac
    | |   |           |     |   "CountryCode" = 0x0
    | |   |           |     |   "IOServiceDEXTEntitlements" = ("com.apple.developer.driverkit.transport.hid")
    | |   |           |     |   "Product" = "Apple Internal Keyboard / Trackpad"
    | |   |           |     |   "VersionNumber" = 0x622
    | |   |           |     |   "PrimaryUsage" = 0xd
    | |   |           |     |   "LocationID" = 0x1000000
    | |   |           |     |   "BootProtocol" = 0x0
    | |   |           |     |   "ProductID" = 0x273
    | |   |           |     |   "DeviceUsagePairs" = ({"DeviceUsagePage"=0xff00,"DeviceUsage"=0xd})
    | |   |           |     |   "Transport" = "SPI"
    | |   |           |     |   "ReportInterval" = 0x1f40
    | |   |           |     |   "ReportDescriptor" = <0600ff090da1010600ff090d150026ff007508853f960f0081028553963f009102c0>
    | |   |           |     |   "PrimaryUsagePage" = 0xff00
    | |   |           |     |   "MaxFeatureReportSize" = 0x1
    | |   |           |     |   "DebugState" = {"ReleasedBuffers"=0x0,"ReportAvailableCalls"=0x0,"ReportAvailableRuns"=0x0,"CreatedBuffers"=0x0}
    | |   |           |     |   "MaxInputReportSize" = 0x10
    | |   |           |     | }
    | |   |           |     | 
    | |   |           |     +-o AppleActuatorHIDEventDriver  <class AppleActuatorHIDEventDriver, id 0x1000002f5, !registered, !matched, active, busy 0 (0 ms), retain 6>
    | |   |           |       | {
    | |   |           |       |   "IOClass" = "AppleActuatorHIDEventDriver"
    | |   |           |       |   "CFBundleIdentifier" = "com.apple.driver.AppleActuatorDriver"
    | |   |           |       |   "IOProviderClass" = "IOHIDInterface"
    | |   |           |       |   "DefaultActuatorProperties" = {"ActuatorRevision"=0x2}
    | |   |           |       |   "VendorID" = 0x5ac
    | |   |           |       |   "IOProbeScore" = 0x1c07
    | |   |           |       |   "IOMatchedAtBoot" = Yes
    | |   |           |       |   "IOMatchCategory" = "IODefaultMatchCategory"
    | |   |           |       |   "LocationID" = 0x1000000
    | |   |           |       |   "DeviceUsagePairs" = ({"DeviceUsagePage"=0xff00,"DeviceUsage"=0xd})
    | |   |           |       |   "Transport" = "SPI"
    | |   |           |       |   "IOPersonalityPublisher" = "com.apple.driver.AppleTopCaseActuatorHIDDriver"
    | |   |           |       |   "CFBundleIdentifierKernel" = "com.apple.driver.AppleActuatorDriver"
    | |   |           |       |   "ProductIDArray" = (0x273)
    | |   |           |       | }
    | |   |           |       | 
    | |   |           |       +-o AppleActuatorDevice  <class AppleActuatorDevice, id 0x1000002f6, registered, matched, active, busy 0 (0 ms), retain 9>
    | |   |           |         | {
    | |   |           |         |   "Transport" = "SPI"
    | |   |           |         |   "IOUserClientClass" = "AppleActuatorDeviceUserClient"
    | |   |           |         |   "LocationID" = 0x1000000
    | |   |           |         |   "Multitouch Actuator ID" = 0x200000001000000
    | |   |           |         |   "ActuatorRevision" = 0x2
    | |   |           |         | }
    | |   |           |         | 
    | |   |           |         +-o AppleActuatorDeviceUserClient  <class AppleActuatorDeviceUserClient, id 0x1000004b8, !registered, !matched, active, busy 0, retain 6>
    | |   |           |             {
    | |   |           |               "IOUserClientCreator" = "pid 169, WindowServer"
    | |   |           |               "IOUserClientDefaultLocking" = Yes
    | |   |           |             }
    | |   |           |             
    | |   |           +-o Accelerometer  <class AppleHSSPIInterface, id 0x1000002ad, registered, matched, active, busy 0 (5 ms), retain 8>
    | |   |             | {
    | |   |             |   "bcdDevice" = 0x622
    | |   |             |   "wMaxInputPacketLength" = 0x6c
    | |   |             |   "idProduct" = 0x273
    | |   |             |   "bInterfaceSubClass" = 0x0
    | |   |             |   "wMaxControlRequestPacketLength" = 0x200
    | |   |             |   "wMaxOutputPacketLength" = 0x0
    | |   |             |   "LocationID" = 0x1000000
    | |   |             |   "bInterfaceProtocol" = 0x0
    | |   |             |   "SPI Product Name" = "Apple Internal Keyboard / Trackpad"
    | |   |             |   "idVendor" = 0x5ac
    | |   |             |   "bInterfaceNumber" = 0x4
    | |   |             |   "bInterfaceClass" = 0x3
    | |   |             | }
    | |   |             | 
    | |   |             +-o AppleHSSPIHIDDriver  <class AppleHSSPIHIDDriver, id 0x1000002f8, registered, matched, active, busy 0 (3 ms), retain 9>
    | |   |               | {
    | |   |               |   "IOMatchedAtBoot" = Yes
    | |   |               |   "PrimaryUsagePage" = 0xff00
    | |   |               |   "MaxInputReportSize" = 0x6c
    | |   |               |   "IOUserClientClass" = "IOHIDLibUserClient"
    | |   |               |   "VersionNumber" = 0x622
    | |   |               |   "ReportDescriptor" = <0600ff0903a1010600ff0903150026ff0085c0966b0075088102c0>
    | |   |               |   "VendorID" = 0x5ac
    | |   |               |   "BootProtocol" = 0x0
    | |   |               |   "MaxFeatureReportSize" = 0x1
    | |   |               |   "Product" = "Apple Internal Keyboard / Trackpad"
    | |   |               |   "Transport" = "SPI"
    | |   |               |   "Elements" = ({"ReportID"=0x0,"ElementCookie"=0x1,"CollectionType"=0x1,"Type"=0x201,"VariableSize"=0x0,"Elements"=({"VariableSize"=0x0,"UnitExponent"=0x0,"IsRelative"=No,"UsagePage"=0xff00,"Max"=0xff,"IsArray"=No,"Type"=0x1,"Size"=0x358,"Min"=0x0,"Flags"=0x2,"ReportID"=0xc0,"Usage"=0x3,"ReportCount"=0x1,"Unit"=0x0,"HasNullState"=No,"ReportSize"=0x358,"HasPreferredState"=Yes,"IsNonLinear"=No,"ScaledMin"=0x0,"IsWrapping"=No,"ScaledMax"=0xff,"ElementCookie"=0x6}),"UsagePage"=0xff00,"Usage"=0x3},{"VariableSize"=0x0,"U$
    | |   |               |   "ExtendedData" = (0x3010000,0x3020000,0x3030000,0x3040000,0x3b00000,0x3b10000,0x3b20000,0x3b30000,0x3b60000)
    | |   |               |   "ProductID" = 0x273
    | |   |               |   "IOPersonalityPublisher" = "com.apple.driver.AppleHSSPIHIDDriver"
    | |   |               |   "DeviceUsagePairs" = ({"DeviceUsagePage"=0xff00,"DeviceUsage"=0x3})
    | |   |               |   "IOPowerManagement" = {"CapabilityFlags"=0x10000,"MaxPowerState"=0x2,"ActivityTickles"=0x0,"DevicePowerState"=0x0,"IdleTimerPeriod"=0xbb8,"DriverPowerState"=0x1,"CurrentPowerState"=0x1}
    | |   |               |   "InputReportElements" = ({"ReportID"=0xc0,"ElementCookie"=0x7,"Size"=0x360,"ReportCount"=0x1,"Type"=0x1,"VariableSize"=0x0,"UsagePage"=0x0,"ReportSize"=0x360,"Usage"=0x0})
    | |   |               |   "ReportInterval" = 0x1f40
    | |   |               |   "bInterfaceProtocol" = 0x0
    | |   |               |   "CFBundleIdentifier" = "com.apple.driver.AppleHSSPIHIDDriver"
    | |   |               |   "MaxOutputReportSize" = 0x1
    | |   |               |   "IOCFPlugInTypes" = {"FA12FA38-6F1A-11D4-BA0C-0005028F18D5"="IOHIDFamily.kext/Contents/PlugIns/IOHIDLib.plugin","40A57A4E-26A0-11D8-9295-000A958A2C78"="IOHIDFamily.kext/Contents/PlugIns/IOHIDLib.plugin","7DDEECA8-A7B4-11DA-8A0E-0014519758EF"="IOHIDFamily.kext/Contents/PlugIns/IOHIDLib.plugin"}
    | |   |               |   "IOProviderClass" = "AppleHSSPIInterface"
    | |   |               |   "bInterfaceNumber" = 0x4
    | |   |               |   "LocationID" = 0x1000000
    | |   |               |   "IOClass" = "AppleHSSPIHIDDriver"
    | |   |               |   "CFBundleIdentifierKernel" = "com.apple.driver.AppleHSSPIHIDDriver"
    | |   |               |   "PrimaryUsage" = 0x3
    | |   |               |   "CountryCode" = 0x0
    | |   |               |   "bInterfaceSubClass" = 0x0
    | |   |               |   "IOMatchCategory" = "IODefaultMatchCategory"
    | |   |               |   "IOProbeScore" = 0xea60
    | |   |               |   "bInterfaceClass" = 0x3
    | |   |               | }
    | |   |               | 
    | |   |               +-o IOHIDInterface  <class IOHIDInterface, id 0x1000002fc, registered, matched, active, busy 0 (3 ms), retain 6>
    | |   |                   {
    | |   |                     "MaxOutputReportSize" = 0x1
    | |   |                     "VendorID" = 0x5ac
    | |   |                     "CountryCode" = 0x0
    | |   |                     "IOServiceDEXTEntitlements" = ("com.apple.developer.driverkit.transport.hid")
    | |   |                     "Product" = "Apple Internal Keyboard / Trackpad"
    | |   |                     "VersionNumber" = 0x622
    | |   |                     "PrimaryUsage" = 0x3
    | |   |                     "LocationID" = 0x1000000
    | |   |                     "BootProtocol" = 0x0
    | |   |                     "ProductID" = 0x273
    | |   |                     "DeviceUsagePairs" = ({"DeviceUsagePage"=0xff00,"DeviceUsage"=0x3})
    | |   |                     "Transport" = "SPI"
    | |   |                     "ReportInterval" = 0x1f40
    | |   |                     "ReportDescriptor" = <0600ff0903a1010600ff0903150026ff0085c0966b0075088102c0>
    | |   |                     "PrimaryUsagePage" = 0xff00
    | |   |                     "MaxFeatureReportSize" = 0x1
    | |   |                     "DebugState" = {"ReleasedBuffers"=0x0,"ReportAvailableCalls"=0x0,"ReportAvailableRuns"=0x0,"CreatedBuffers"=0x0}
    | |   |                     "MaxInputReportSize" = 0x6c
    | |   |                   }
    | |   |                   
    | |   +-o pci8086,9cba@16  <class IOPCIDevice, id 0x100000271, registered, matched, active, busy 0 (1 ms), retain 10>
    | |   | | {
    | |   | |   "assigned-addresses" = <10b000827f000000009101a10000000020000000>
    | |   | |   "IOInterruptSpecifiers" = (<1000000007000000>,<0e00000000000100>)
    | |   | |   "class-code" = <00800700>
    | |   | |   "IODeviceMemory" = (({"address"=0x7fa1019100,"length"=0x20}))
    | |   | |   "IOReportLegendPublic" = Yes
    | |   | |   "IOPowerManagement" = {"ChildrenPowerState"=0x2,"CurrentPowerState"=0x2,"CapabilityFlags"=0x102,"ChildProxyPowerState"=0x2,"MaxPowerState"=0x3}
    | |   | |   "subsystem-vendor-id" = <86800000>
    | |   | |   "IOPCIMSIMode" = Yes
    | |   | |   "IOInterruptControllers" = ("io-apic-0","IOPCIMessagedInterruptController")
    | |   | |   "vendor-id" = <86800000>
    | |   | |   "name" = <706369383038362c3963626100>
    | |   | |   "device-id" = <ba9c0000>
    | |   | |   "acpi-pmcap-offset" = 0x50
    | |   | |   "IOPCIResourced" = Yes
    | |   | |   "compatible" = <706369383038362c3732373000706369383038362c3963626100706369636c6173732c30373830303000>
    | |   | |   "iommu-selection" = <00000000>
    | |   | |   "IOServiceDEXTEntitlements" = (("com.apple.developer.driverkit.transport.pci"))
    | |   | |   "subsystem-id" = <70720000>
    | |   | |   "revision-id" = <03000000>
    | |   | |   "pcidebug" = "0:22:0"
    | |   | |   "IOName" = "pci8086,9cba"
    | |   | |   "IOReportLegend" = ({"IOReportGroupName"="Interrupt Statistics (by index)","IOReportChannels"=((0x496e747200010000,0x100020001,"               First Level Interrupt Handler Count"),(0x496e747200010001,0x100020001,"              Second Level Interrupt Handler Count"),(0x496e747200010002,0x100020001,"        First Level Interrupt Handler Time (MATUs)"),(0x496e747200010003,0x100020001,"   Second Level Interrupt Handler CPU Time (MATUs)"),(0x496e747200010004,0x100020001,"Second Level Interrupt Handler System Time (MATUs)")),"IORepo$
    | |   | |   "reg" = <00b000000000000000000000000000000000000010b0000200000000000000000000000020000000>
    | |   | | }
    | |   | | 
    | |   | +-o AppleIntelMEIDriver  <class AppleIntelMEIDriver, id 0x100000498, registered, matched, active, busy 0 (0 ms), retain 8>
    | |   |     {
    | |   |       "IOPowerManagement" = {"ChildrenPowerState"=0x1,"CurrentPowerState"=0x1,"CapabilityFlags"=0x2,"MaxPowerState"=0x1}
    | |   |     }
    | |   |     
    | |   +-o HDEF@1B  <class IOPCIDevice, id 0x1000001f4, registered, matched, active, busy 0 (343 ms), retain 10>
    | |   | | {
    | |   | |   "acpi-device" = "IOACPIPlatformDevice is not serializable"
    | |   | |   "IOPCIMSIMode" = Yes
    | |   | |   "assigned-addresses" = <10d800827f000000000001a10000000000400000>
    | |   | |   "vendor-id" = <86800000>
    | |   | |   "class-code" = <00030400>
    | |   | |   "subsystem-vendor-id" = <86800000>
    | |   | |   "IOName" = "pci8086,9ca0"
    | |   | |   "IOPCIPMCSState" = 0xb
    | |   | |   "IOPCIUseDeviceMapper" = Yes
    | |   | |   "multiEQDevicePresence" = <0c000100>
    | |   | |   "pcidebug" = "0:27:0"
    | |   | |   "layout-id" = <7b000000>
    | |   | |   "iommu-parent" = "AppleVTDDeviceMapper is not serializable"
    | |   | |   "IOServiceDEXTEntitlements" = (("com.apple.developer.driverkit.transport.pci"))
    | |   | |   "IOInterruptControllers" = ("io-apic-0","IOPCIMessagedInterruptController")
    | |   | |   "built-in" = <00>
    | |   | |   "IOPCIResourced" = Yes
    | |   | |   "IOPowerManagement" = {"ChildrenPowerState"=0x2,"CurrentPowerState"=0x2,"CapabilityFlags"=0x102,"ChildProxyPowerState"=0x2,"MaxPowerState"=0x3}
    | |   | |   "IODeviceMemory" = (({"address"=0x7fa1010000,"length"=0x4000}))
    | |   | |   "PinConfigurations" = <20402b0010011090120110904090ab000001a69030e04b00>
    | |   | |   "name" = <706369383038362c3963613000>
    | |   | |   "subsystem-id" = <70720000>
    | |   | |   "acpi-pmcap-offset" = 0x50
    | |   | |   "MaximumBootBeepVolumeAlt" = <f1>
    | |   | |   "compatible" = <706369383038362c3732373000706369383038362c3963613000706369636c6173732c303430333030004844454600>
    | |   | |   "IOReportLegendPublic" = Yes
    | |   | |   "reg" = <00d800000000000000000000000000000000000010d8000200000000000000000000000000400000>
    | |   | |   "driver-child-bundle" = "com.apple.driver.AppleHDAController"
    | |   | |   "MaximumBootBeepVolume" = <ef>
    | |   | |   "IOReportLegend" = ({"IOReportGroupName"="Interrupt Statistics (by index)","IOReportChannels"=((0x496e747200010000,0x100020001,"               First Level Interrupt Handler Count"),(0x496e747200010001,0x100020001,"              Second Level Interrupt Handler Count"),(0x496e747200010002,0x100020001,"        First Level Interrupt Handler Time (MATUs)"),(0x496e747200010003,0x100020001,"   Second Level Interrupt Handler CPU Time (MATUs)"),(0x496e747200010004,0x100020001,"Second Level Interrupt Handler System Time (MATUs)")),"IORepo$
    | |   | |   "device-id" = <a09c0000>
    | |   | |   "revision-id" = <03000000>
    | |   | |   "iommu-selection" = <11000000>
    | |   | |   "IOInterruptSpecifiers" = (<1600000007000000>,<0c00000000000100>)
    | |   | |   "acpi-path" = "IOACPIPlane:/_SB/PCI0@0/HDEF@1b0000"
    | |   | | }
    | |   | | 
    | |   | +-o AppleHDAController@1B  <class AppleHDAController, id 0x100000415, registered, matched, active, busy 0 (159 ms), retain 9>
    | |   |   | {
    | |   |   |   "IOClass" = "AppleHDAController"
    | |   |   |   "IOHDAClockStop" = Yes
    | |   |   |   "HighFIFOLimitSupport" = ()
    | |   |   |   "IOPersonalityPublisher" = "com.apple.driver.AppleHDAController"
    | |   |   |   "RequireMaxBusStall" = ({"Layouts"=(),"MaxBusStall"=0x3a98})
    | |   |   |   "HDAControllerIndex" = 0x1
    | |   |   |   "IOPowerManagement" = {"ChildrenPowerState"=0x2,"DevicePowerState"=0x2,"CurrentPowerState"=0x2,"CapabilityFlags"=0x8000,"MaxPowerState"=0x2}
    | |   |   |   "IOProviderClass" = "IOPCIDevice"
    | |   |   |   "InputLowPower" = No
    | |   |   |   "status-mask" = 0x1
    | |   |   |   "IOProbeScore" = 0x1
    | |   |   |   "IOPCIUseDeviceMapper" = Yes
    | |   |   |   "CodecList" = ({"RevisionID"=0x100300,"VendorProductID"=0x10134208})
    | |   |   |   "CFBundleIdentifierKernel" = "com.apple.driver.AppleHDAController"
    | |   |   |   "IOMatchCategory" = "IODefaultMatchCategory"
    | |   |   |   "CFBundleIdentifier" = "com.apple.driver.AppleHDAController"
    | |   |   |   "DPAlwaysDisplayRouting" = (0x3,0x21,0x23,0x58)
    | |   |   |   "DPAudioDeviceExclusion" = ({"ManufacturerID"=0x610,"ProductID"=0x2792})
    | |   |   |   "OutputLowPower" = Yes
    | |   |   |   "CodecAddressFilterArray" = ({"CodecAddressMask"=<01000000>,"PCIVendorDeviceID"=0x10de0ac0,"LayoutID"=0x4008},{"CodecAddressMask"=<01000000>,"PCIVendorDeviceID"=0x10de0ac0,"LayoutID"=0x0},{"CodecAddressMask"=<09000000>,"PCIVendorDeviceID"=0x10de0ac0,"LayoutID"=0x41},{"CodecAddressMask"=<01000000>,"PCIVendorDeviceID"=0x10de0ac0,"LayoutID"=0x49})
    | |   |   |   "HwFactoryPrefixTranslation" = ({"LayoutID"=0x4e,"SourceDID"=0xaa40,"StandInDID"=0xaa30,"VID"=0x1002},{"LayoutID"=0x4e,"SourceDID"=0xaa38,"StandInDID"=0xaa30,"VID"=0x1002},{"LayoutID"=0x4f,"SourceDID"=0xaa40,"StandInDID"=0xaa30,"VID"=0x1002},{"LayoutID"=0x4f,"SourceDID"=0xaa38,"StandInDID"=0xaa30,"VID"=0x1002})
    | |   |   |   "IOPCIClassMatch" = "0x04010000&0xFFFD0000"
    | |   |   | }
    | |   |   | 
    | |   |   +-o IOHDACodecDevice@1B,0  <class IOHDACodecDevice, id 0x10000043f, registered, matched, active, busy 0 (159 ms), retain 7>
    | |   |     | {
    | |   |     |   "IOHDACodecVendorID" = 0x10134208
    | |   |     |   "IOHDACodecRevisionID" = 0x100300
    | |   |     |   "IOHDACodecAddress" = 0x0
    | |   |     | }
    | |   |     | 
    | |   |     +-o IOHDACodecDriver  <class IOHDACodecDriver, id 0x100000442, !registered, !matched, active, busy 0 (119 ms), retain 5>
    | |   |       | {
    | |   |       |   "IOProbeScore" = 0x0
    | |   |       |   "CFBundleIdentifier" = "com.apple.iokit.IOHDAFamily"
    | |   |       |   "IOProviderClass" = "IOHDACodecDevice"
    | |   |       |   "IOClass" = "IOHDACodecDriver"
    | |   |       |   "IOPersonalityPublisher" = "com.apple.iokit.IOHDAFamily"
    | |   |       |   "CFBundleIdentifierKernel" = "com.apple.iokit.IOHDAFamily"
    | |   |       |   "IOMatchCategory" = "IODefaultMatchCategory"
    | |   |       | }
    | |   |       | 
    | |   |       +-o IOHDACodecFunction@1B,0,1  <class IOHDACodecFunction, id 0x100000445, registered, matched, active, busy 0 (119 ms), retain 7>
    | |   |         | {
    | |   |         |   "IOHDACodecFunctionGroupType" = 0x1
    | |   |         |   "IOHDACodecFunctionSubsystemID" = 0x106b7b00
    | |   |         | }
    | |   |         | 
    | |   |         +-o AppleHDACodecGeneric  <class AppleHDACodecGeneric, id 0x100000446, registered, matched, active, busy 0 (28 ms), retain 6>
    | |   |           | {
    | |   |           |   "IOProbeScore" = 0x1
    | |   |           |   "CFBundleIdentifier" = "com.apple.driver.AppleHDA"
    | |   |           |   "IOProviderClass" = "IOHDACodecFunction"
    | |   |           |   "IOClass" = "AppleHDACodecGeneric"
    | |   |           |   "IOPersonalityPublisher" = "com.apple.driver.AppleHDA"
    | |   |           |   "CFBundleIdentifierKernel" = "com.apple.driver.AppleHDA"
    | |   |           |   "IOMatchCategory" = "IODefaultMatchCategory"
    | |   |           |   "vendorcodecID" = 0x10134208
    | |   |           |   "IOHDACodecFunctionGroupType" = 0x1
    | |   |           | }
    | |   |           | 
    | |   |           +-o AppleHDADriver  <class AppleHDADriver, id 0x10000044d, registered, matched, active, busy 0 (25 ms), retain 8>
    | |   |             | {
    | |   |             |   "IOClass" = "AppleHDADriver"
    | |   |             |   "IOAudioDeviceName" = "DeviceN"
    | |   |             |   "IOAudioDeviceShortName" = "DeviceS"
    | |   |             |   "IOAudioDeviceModelID" = "AppleHDA:123"
    | |   |             |   "OutputSampleLatency" = 0x0
    | |   |             |   "IOPersonalityPublisher" = "com.apple.driver.AppleHDA"
    | |   |             |   "IOAudioDeviceManufacturerName" = "ManufacturerName"
    | |   |             |   "IOPowerManagement" = {"CurrentPowerState"=0x1,"CapabilityFlags"=0x8000,"MaxPowerState"=0x1,"DriverPowerState"=0x1}
    | |   |             |   "IOProviderClass" = "AppleHDACodec"
    | |   |             |   "InputSampleLatency" = 0x0
    | |   |             |   "IOAudioDeviceTransportType" = 0x626c746e
    | |   |             |   "IOProbeScore" = 0x0
    | |   |             |   "SystemSpecificSampleOffsetPad" = ({"SampleOffsetPad"=0x104,"LayoutID"=0x8})
    | |   |             |   "IOAudioPowerState" = 0x2
    | |   |             |   "CFBundleIdentifierKernel" = "com.apple.driver.AppleHDA"
    | |   |             |   "IOAudioDeviceLocalizedBundle" = "AppleHDA.kext"
    | |   |             |   "IOMatchCategory" = "IODefaultMatchCategory"
    | |   |             |   "CFBundleIdentifier" = "com.apple.driver.AppleHDA"
    | |   |             |   "MultiDisplayPorts" = (0x20,0x23,0x42)
    | |   |             |   "PeriodicTasks" = No
    | |   |             |   "PowerProfile" = {"PowerIdentity"="Built-in Audio","MaximumPowerLimit"=0x2978e,"IdlePowerLevel"=0x178,"CurrentPowerLevel"=0x178}
    | |   |             |   "IOAudioDeviceCanBeDefaults" = 0x7
    | |   |             |   "SampleOffsetPad" = 0x0
    | |   |             |   "IOPMUnattendedWakePowerState" = 0x0
    | |   |             | }
    | |   |             | 
    | |   |             +-o AppleHDAEngineInput@1B,0,1,0  <class AppleHDAEngineInput, id 0x100000467, registered, matched, active, busy 0 (20 ms), retain 26>
    | |   |             | | {
    | |   |             | |   "IOAudioEngineGlobalUniqueIDLegacy" = "AppleHDAEngineInput:1"
    | |   |             | |   "IOAudioEngineCoreAudioPlugIn" = "AppleHDA.kext/Contents/PlugIns/AppleHDAHALPlugIn.bundle"
    | |   |             | |   "IOAudioEngineInputSampleOffset" = 0x39
    | |   |             | |   "IOAudioEngineDeviceDescription" = {"num-internal-mics"=0x2,"driver digital input gain"=0xfffffffffffffff1,"layout-id"=0x7b,"post-processing input gain"=0x19,"VP-pregain"=0x19}
    | |   |             | |   "IOGeneralInterest" = "IOCommand is not serializable"
    | |   |             | |   "IOAudioEngineState" = 0x0
    | |   |             | |   "IOAudioEngineInputSampleLatency" = 0x9
    | |   |             | |   "IOAudioEngineDescription" = "DevShortNameIMic"
    | |   |             | |   "IOAudioEngineClientDescription" = {"kind"=0x0}
    | |   |             | |   "IOAudioDeviceCanBeDefaults" = 0x1
    | |   |             | |   "IOAudioEngineDisableClockBoundsCheck" = Yes
    | |   |             | |   "IOAudioEngineNumSampleFramesPerBuffer" = 0x6000
    | |   |             | |   "IOAudioEngineGlobalUniqueID" = "AppleHDAEngineInput:1B,0,1,0:1"
    | |   |             | |   "IOAudioEngineClockDomain" = 0x737973
    | |   |             | |   "IOAudioSampleRate" = {"IOAudioSampleRateWholeNumber"=0xac44,"IOAudioSampleRateFraction"=0x0}
    | |   |             | |   "IOAudioEngineSampleOffset" = 0x0
    | |   |             | |   "IOAudioEngineFlavor" = 0x1
    | |   |             | |   "IOAudioEngineNumActiveUserClients" = 0x0
    | |   |             | | }
    | |   |             | | 
    | |   |             | +-o AppleHDAStream  <class AppleHDAStream, id 0x100000468, registered, matched, active, busy 0 (0 ms), retain 8>
    | |   |             | |   {
    | |   |             | |     "IOAudioStreamAvailableFormats" = ({"IOAudioStreamMaximumSampleRate"={"IOAudioSampleRateWholeNumber"=0xac44,"IOAudioSampleRateFraction"=0x0},"IOAudioStreamAlignment"=0x0,"IOAudioStreamNumericRepresentation"=0x73696e74,"IOAudioStreamIsMixable"=0x1,"IOAudioStreamFormatFlags"=0x0,"IOAudioStreamByteOrder"=0x1,"IOAudioStreamBitDepth"=0x10,"IOAudioStreamSampleFormat"=0x6c70636d,"IOAudioStreamDriverTag"=0x0,"IOAudioStreamNumChannels"=0x2,"IOAudioStreamBytesPerPacket"=0x4,"IOAudioStreamBitWidth"=0x10,"IOAudioStreamFrame$
    | |   |             | |     "IOAudioStreamDirection" = 0x1
    | |   |             | |     "IOAudioStreamID" = 0x0
    | |   |             | |     "IOAudioStreamStartingChannelID" = 0x1
    | |   |             | |     "IOAudioStreamTerminalType" = 0x201
    | |   |             | |     "IOAudioStreamFormat" = {"IOAudioStreamAlignment"=0x0,"IOAudioStreamNumericRepresentation"=0x73696e74,"IOAudioStreamIsMixable"=0x1,"IOAudioStreamFormatFlags"=0x0,"IOAudioStreamByteOrder"=0x1,"IOAudioStreamBitDepth"=0x18,"IOAudioStreamSampleFormat"=0x6c70636d,"IOAudioStreamDriverTag"=0x0,"IOAudioStreamNumChannels"=0x2,"IOAudioStreamBytesPerPacket"=0x8,"IOAudioStreamBitWidth"=0x20,"IOAudioStreamFramesPerPacket"=0x1}
    | |   |             | |     "IOAudioStreamAvailable" = 0x1
    | |   |             | |     "IOAudioStreamNumClients" = 0x0
    | |   |             | |     "IOAudioStreamStartingChannelNumber" = 0x1
    | |   |             | |   }
    | |   |             | |   
    | |   |             | +-o IOAudioSelectorControl  <class IOAudioSelectorControl, id 0x100000469, !registered, !matched, active, busy 0, retain 8>
    | |   |             | | | {
    | |   |             | | |   "IOAudioControlType" = 0x736c6374
    | |   |             | | |   "IOAudioSelectorControlAvailableSelections" = ({"IOAudioSelectorControlSelectionValue"=0x696d6963,"IOAudioSelectorControlSelectionDescriptionKey"="InternalMic"})
    | |   |             | | |   "IOAudioControlChannelNumber" = 0x0
    | |   |             | | |   "IOAudioControlChannelID" = 0x0
    | |   |             | | |   "IOAudioControlUsage" = 0x696e7074
    | |   |             | | |   "IOAudioControlValue" = 0x696d6963
    | |   |             | | |   "IOAudioControlID" = 0x0
    | |   |             | | |   "IOAudioControlSubType" = 0x696e7074
    | |   |             | | | }
    | |   |             | | | 
    | |   |             | | +-o IOAudioControlUserClient  <class IOAudioControlUserClient, id 0x100000480, !registered, !matched, active, busy 0, retain 6>
    | |   |             | |     {
    | |   |             | |       "IOUserClientCreator" = "pid 218, coreaudiod"
    | |   |             | |       "IOUserClientDefaultLocking" = Yes
    | |   |             | |     }
    | |   |             | |     
    | |   |             | +-o IOAudioLevelControl  <class IOAudioLevelControl, id 0x10000046a, !registered, !matched, active, busy 0, retain 8>
    | |   |             | | | {
    | |   |             | | |   "IOAudioLevelControlMinValue" = 0x0
    | |   |             | | |   "IOAudioLevelControlMinDB" = 0xfffffffffff40000
    | |   |             | | |   "IOAudioControlChannelNumber" = 0x0
    | |   |             | | |   "IOAudioLevelControlMaxValue" = 0x18
    | |   |             | | |   "IOAudioControlID" = 0x0
    | |   |             | | |   "IOAudioControlValue" = 0x17
    | |   |             | | |   "IOAudioLevelControlMaxDB" = 0xc0000
    | |   |             | | |   "IOAudioLevelControlUseLinearScale" = 0x0
    | |   |             | | |   "IOAudioControlType" = 0x6c65766c
    | |   |             | | |   "IOAudioControlChannelID" = 0x0
    | |   |             | | |   "IOAudioControlSubType" = 0x766c6d65
    | |   |             | | |   "IOAudioControlChannelName" = "All Channels"
    | |   |             | | |   "IOAudioControlUsage" = 0x696e7074
    | |   |             | | | }
    | |   |             | | | 
    | |   |             | | +-o IOAudioControlUserClient  <class IOAudioControlUserClient, id 0x100000481, !registered, !matched, active, busy 0, retain 6>
    | |   |             | |     {
    | |   |             | |       "IOUserClientCreator" = "pid 218, coreaudiod"
    | |   |             | |       "IOUserClientDefaultLocking" = Yes
    | |   |             | |     }
    | |   |             | |     
    | |   |             | +-o IOAudioToggleControl  <class IOAudioToggleControl, id 0x10000046b, !registered, !matched, active, busy 0, retain 8>
    | |   |             | | | {
    | |   |             | | |   "IOAudioControlType" = 0x746f676c
    | |   |             | | |   "IOAudioControlChannelNumber" = 0x0
    | |   |             | | |   "IOAudioControlChannelID" = 0x0
    | |   |             | | |   "IOAudioControlUsage" = 0x696e7074
    | |   |             | | |   "IOAudioControlChannelName" = "All Channels"
    | |   |             | | |   "IOAudioControlValue" = 0x0
    | |   |             | | |   "IOAudioControlID" = 0x1
    | |   |             | | |   "IOAudioControlSubType" = 0x6d757465
    | |   |             | | | }
    | |   |             | | | 
    | |   |             | | +-o IOAudioControlUserClient  <class IOAudioControlUserClient, id 0x100000482, !registered, !matched, active, busy 0, retain 6>
    | |   |             | |     {
    | |   |             | |       "IOUserClientCreator" = "pid 218, coreaudiod"
    | |   |             | |       "IOUserClientDefaultLocking" = Yes
    | |   |             | |     }
    | |   |             | |     
    | |   |             | +-o IOAudioToggleControl  <class IOAudioToggleControl, id 0x10000046c, !registered, !matched, active, busy 0, retain 8>
    | |   |             | | | {
    | |   |             | | |   "IOAudioControlType" = 0x746f676c
    | |   |             | | |   "IOAudioControlChannelNumber" = 0x0
    | |   |             | | |   "IOAudioControlChannelID" = 0x0
    | |   |             | | |   "IOAudioControlUsage" = 0x696e7074
    | |   |             | | |   "IOAudioControlChannelName" = "All Channels"
    | |   |             | | |   "IOAudioControlValue" = 0x0
    | |   |             | | |   "IOAudioControlID" = 0x0
    | |   |             | | |   "IOAudioControlSubType" = 0x6a61636b
    | |   |             | | |   "IOAudioControlValueIsReadOnly" = Yes
    | |   |             | | | }
    | |   |             | | | 
    | |   |             | | +-o IOAudioControlUserClient  <class IOAudioControlUserClient, id 0x100000483, !registered, !matched, active, busy 0, retain 6>
    | |   |             | |     {
    | |   |             | |       "IOUserClientCreator" = "pid 218, coreaudiod"
    | |   |             | |       "IOUserClientDefaultLocking" = Yes
    | |   |             | |     }
    | |   |             | |     
    | |   |             | +-o IOAudioEngineUserClient  <class IOAudioEngineUserClient, id 0x100000484, !registered, !matched, active, busy 0, retain 6>
    | |   |             | |   {
    | |   |             | |     "IOAudioEngineUserClientActive" = 0x0
    | |   |             | |     "IOUserClientCreator" = "pid 218, coreaudiod"
    | |   |             | |     "IOUserClientDefaultLocking" = Yes
    | |   |             | |   }
    | |   |             | |   
    | |   |             | +-o IOAudioEngineUserClient  <class IOAudioEngineUserClient, id 0x10000048f, !registered, !matched, active, busy 0, retain 6>
    | |   |             | |   {
    | |   |             | |     "IOUserClientCreator" = "pid 105, mediaremoted"
    | |   |             | |     "IOUserClientDefaultLocking" = Yes
    | |   |             | |   }
    | |   |             | |   
    | |   |             | +-o IOAudioEngineUserClient  <class IOAudioEngineUserClient, id 0x10000058c, !registered, !matched, active, busy 0, retain 6>
    | |   |             | |   {
    | |   |             | |     "IOUserClientCreator" = "pid 410, ControlCenter"
    | |   |             | |     "IOUserClientDefaultLocking" = Yes
    | |   |             | |   }
    | |   |             | |   
    | |   |             | +-o IOAudioEngineUserClient  <class IOAudioEngineUserClient, id 0x1000005b6, !registered, !matched, active, busy 0, retain 6>
    | |   |             | |   {
    | |   |             | |     "IOUserClientCreator" = "pid 456, callservicesd"
    | |   |             | |     "IOUserClientDefaultLocking" = Yes
    | |   |             | |   }
    | |   |             | |   
    | |   |             | +-o IOAudioEngineUserClient  <class IOAudioEngineUserClient, id 0x1000005d5, !registered, !matched, active, busy 0, retain 6>
    | |   |             | |   {
    | |   |             | |     "IOUserClientCreator" = "pid 492, assistantd"
    | |   |             | |     "IOUserClientDefaultLocking" = Yes
    | |   |             | |   }
    | |   |             | |   
    | |   |             | +-o IOAudioEngineUserClient  <class IOAudioEngineUserClient, id 0x1000007d1, !registered, !matched, active, busy 0, retain 6>
    | |   |             | |   {
    | |   |             | |     "IOUserClientCreator" = "pid 2586, PerfPowerService"
    | |   |             | |     "IOUserClientDefaultLocking" = Yes
    | |   |             | |   }
    | |   |             | |   
    | |   |             | +-o IOAudioEngineUserClient  <class IOAudioEngineUserClient, id 0x10000104f, !registered, !matched, active, busy 0, retain 6>
    | |   |             | |   {
    | |   |             | |     "IOUserClientCreator" = "pid 40137, Terminal"
    | |   |             | |     "IOUserClientDefaultLocking" = Yes
    | |   |             | |   }
    | |   |             | |   
    | |   |             | +-o IOAudioToggleControl  <class IOAudioToggleControl, id 0x100002790, !registered, !matched, active, busy 0 (8 ms), retain 24>
    | |   |             | | | {
    | |   |             | | |   "IOAudioControlType" = 0x746f676c
    | |   |             | | |   "IOAudioControlChannelNumber" = 0x0
    | |   |             | | |   "IOAudioControlChannelID" = 0x0
    | |   |             | | |   "IOAudioControlUsage" = 0x696e7074
    | |   |             | | |   "IOAudioControlChannelName" = "All Channels"
    | |   |             | | |   "IOAudioControlValue" = 0x1
    | |   |             | | |   "IOAudioControlID" = 0x696d6963
    | |   |             | | |   "IOAudioControlSubType" = 0x646f6e7a
    | |   |             | | | }
    | |   |             | | | 
    | |   |             | | +-o IOAudioControlUserClient  <class IOAudioControlUserClient, id 0x1000027a1, !registered, !matched, active, busy 0, retain 6>
    | |   |             | | |   {
    | |   |             | | |     "IOUserClientCreator" = "pid 218, coreaudiod"
    | |   |             | | |     "IOUserClientDefaultLocking" = Yes
    | |   |             | | |   }
    | |   |             | | |   
    | |   |             | | +-o IOAudioControlUserClient  <class IOAudioControlUserClient, id 0x100002beb, !registered, !matched, active, busy 0, retain 6>
    | |   |             | | |   {
    | |   |             | | |     "IOUserClientCreator" = "pid 40137, Terminal"
    | |   |             | | |     "IOUserClientDefaultLocking" = Yes
    | |   |             | | |   }
    | |   |             | | |   
    | |   |             | | +-o IOAudioControlUserClient  <class IOAudioControlUserClient, id 0x100002bec, !registered, !matched, active, busy 0, retain 6>
    | |   |             | | |   {
    | |   |             | | |     "IOUserClientCreator" = "pid 46577, screencaptureui"
    | |   |             | | |     "IOUserClientDefaultLocking" = Yes
    | |   |             | | |   }
    | |   |             | | |   
    | |   |             | | +-o IOAudioControlUserClient  <class IOAudioControlUserClient, id 0x100002bed, !registered, !matched, active, busy 0, retain 6>
    | |   |             | | |   {
    | |   |             | | |     "IOUserClientCreator" = "pid 410, ControlCenter"
    | |   |             | | |     "IOUserClientDefaultLocking" = Yes
    | |   |             | | |   }
    | |   |             | | |   
    | |   |             | | +-o IOAudioControlUserClient  <class IOAudioControlUserClient, id 0x100002bee, !registered, !matched, active, busy 0, retain 6>
    | |   |             | | |   {
    | |   |             | | |     "IOUserClientCreator" = "pid 2586, PerfPowerService"
    | |   |             | | |     "IOUserClientDefaultLocking" = Yes
    | |   |             | | |   }
    | |   |             | | |   
    | |   |             | | +-o IOAudioControlUserClient  <class IOAudioControlUserClient, id 0x100002bef, !registered, !matched, active, busy 0, retain 6>
    | |   |             | | |   {
    | |   |             | | |     "IOUserClientCreator" = "pid 105, mediaremoted"
    | |   |             | | |     "IOUserClientDefaultLocking" = Yes
    | |   |             | | |   }
    | |   |             | | |   
    | |   |             | | +-o IOAudioControlUserClient  <class IOAudioControlUserClient, id 0x100002bf0, !registered, !matched, active, busy 0, retain 6>
    | |   |             | | |   {
    | |   |             | | |     "IOUserClientCreator" = "pid 492, assistantd"
    | |   |             | | |     "IOUserClientDefaultLocking" = Yes
    | |   |             | | |   }
    | |   |             | | |   
    | |   |             | | +-o IOAudioControlUserClient  <class IOAudioControlUserClient, id 0x100002bf1, !registered, !matched, active, busy 0, retain 6>
    | |   |             | | |   {
    | |   |             | | |     "IOUserClientCreator" = "pid 456, callservicesd"
    | |   |             | | |     "IOUserClientDefaultLocking" = Yes
    | |   |             | | |   }
    | |   |             | | |   
    | |   |             | | +-o IOAudioControlUserClient  <class IOAudioControlUserClient, id 0x100002bf6, !registered, !matched, active, busy 0, retain 6>
    | |   |             | |     {
    | |   |             | |       "IOUserClientCreator" = "pid 24778, System Informati"
    | |   |             | |       "IOUserClientDefaultLocking" = Yes
    | |   |             | |     }
    | |   |             | |     
    | |   |             | +-o IOAudioEngineUserClient  <class IOAudioEngineUserClient, id 0x1000027e9, !registered, !matched, active, busy 0, retain 6>
    | |   |             | |   {
    | |   |             | |     "IOUserClientCreator" = "pid 46577, screencaptureui"
    | |   |             | |     "IOUserClientDefaultLocking" = Yes
    | |   |             | |   }
    | |   |             | |   
    | |   |             | +-o IOAudioEngineUserClient  <class IOAudioEngineUserClient, id 0x100002bf5, !registered, !matched, active, busy 0, retain 6>
    | |   |             |     {
    | |   |             |       "IOUserClientCreator" = "pid 24778, System Informati"
    | |   |             |       "IOUserClientDefaultLocking" = Yes
    | |   |             |     }
    | |   |             |     
    | |   |             +-o AppleHDAEngineOutput@1B,0,1,1  <class AppleHDAEngineOutput, id 0x10000046d, registered, matched, active, busy 0 (10 ms), retain 43>
    | |   |               | {
    | |   |               |   "IOAudioEngineNumSampleFramesPerBuffer" = 0xc000
    | |   |               |   "IOAudioEngineNumActiveUserClients" = 0x0
    | |   |               |   "IOAudioEngineFlavor" = 0x1
    | |   |               |   "IOAudioEngineOutputSampleLatency" = 0x2a0
    | |   |               |   "IOAudioEngineInputSampleLatency" = 0x292
    | |   |               |   "IOAudioEngineDescription" = "DevShortNameOut"
    | |   |               |   "IOAudioEngineSampleOffset" = 0x5d
    | |   |               |   "IOAudioEngineClientDescription" = {"kind"=0x0}
    | |   |               |   "SupportAudioAUUC" = 0x1
    | |   |               |   "IOAudioEngineClockDomain" = 0x737973
    | |   |               |   "IOAudioEngineGlobalUniqueIDLegacy" = "AppleHDAEngineOutput:0"
    | |   |               |   "IOAudioEngineState" = 0x0
    | |   |               |   "IOAudioEngineInputSampleOffset" = 0x1
    | |   |               |   "IOGeneralInterest" = "IOCommand is not serializable"
    | |   |               |   "IOAudioDeviceCanBeDefaults" = 0x6
    | |   |               |   "IOAudioEngineCoreAudioPlugIn" = "AppleHDA.kext/Contents/PlugIns/AppleHDAHALPlugIn.bundle"
    | |   |               |   "IOAudioEngineDisableClockBoundsCheck" = Yes
    | |   |               |   "IOAudioEngineGlobalUniqueID" = "AppleHDAEngineOutput:1B,0,1,1:0"
    | |   |               |   "DeviceEqID" = 0xc0000
    | |   |               |   "IOAudioSampleRate" = {"IOAudioSampleRateWholeNumber"=0xac44,"IOAudioSampleRateFraction"=0x0}
    | |   |               | }
    | |   |               | 
    | |   |               +-o AppleHDAStream  <class AppleHDAStream, id 0x10000046e, registered, matched, active, busy 0 (0 ms), retain 8>
    | |   |               |   {
    | |   |               |     "IOAudioStreamAvailableFormats" = ({"IOAudioStreamMaximumSampleRate"={"IOAudioSampleRateWholeNumber"=0xac44,"IOAudioSampleRateFraction"=0x0},"IOAudioStreamAlignment"=0x0,"IOAudioStreamNumericRepresentation"=0x666c6f74,"IOAudioStreamIsMixable"=0x1,"IOAudioStreamFormatFlags"=0x0,"IOAudioStreamByteOrder"=0x1,"IOAudioStreamBitDepth"=0x20,"IOAudioStreamSampleFormat"=0x6c70636d,"IOAudioStreamDriverTag"=0x0,"IOAudioStreamNumChannels"=0xa,"IOAudioStreamBytesPerPacket"=0x28,"IOAudioStreamBitWidth"=0x20,"IOAudioStreamFram$
    | |   |               |     "IOAudioStreamTap" = 0x1
    | |   |               |     "IOAudioStreamDirection" = 0x1
    | |   |               |     "IOAudioStreamID" = 0x1
    | |   |               |     "IOAudioStreamStartingChannelID" = 0x1
    | |   |               |     "IOAudioStreamTerminalType" = 0x200
    | |   |               |     "IOAudioStreamFormat" = {"IOAudioStreamSampleFormat"=0x6c70636d,"IOAudioStreamIsMixable"=0x1,"IOAudioStreamNumChannels"=0x1,"IOAudioStreamNumericRepresentation"=0x666c6f74,"IOAudioStreamBitWidth"=0x20,"IOAudioStreamDriverTag"=0x0,"IOAudioStreamAlignment"=0x0,"IOAudioStreamBitDepth"=0x20,"IOAudioStreamByteOrder"=0x1}
    | |   |               |     "IOAudioStreamAvailable" = 0x0
    | |   |               |     "IOAudioStreamNumClients" = 0x0
    | |   |               |     "IOAudioStreamStartingChannelNumber" = 0x0
    | |   |               |   }
    | |   |               |   
    | |   |               +-o IOAudioToggleControl  <class IOAudioToggleControl, id 0x10000046f, !registered, !matched, active, busy 0, retain 8>
    | |   |               | | {
    | |   |               | |   "IOAudioControlType" = 0x746f676c
    | |   |               | |   "IOAudioControlChannelNumber" = 0x0
    | |   |               | |   "IOAudioControlChannelID" = 0x0
    | |   |               | |   "IOAudioControlUsage" = 0x6f757470
    | |   |               | |   "IOAudioControlChannelName" = "All Channels"
    | |   |               | |   "IOAudioControlValue" = 0x0
    | |   |               | |   "IOAudioControlID" = 0x0
    | |   |               | |   "IOAudioControlSubType" = 0x65766973
    | |   |               | | }
    | |   |               | | 
    | |   |               | +-o IOAudioControlUserClient  <class IOAudioControlUserClient, id 0x100000485, !registered, !matched, active, busy 0, retain 6>
    | |   |               |     {
    | |   |               |       "IOUserClientCreator" = "pid 218, coreaudiod"
    | |   |               |       "IOUserClientDefaultLocking" = Yes
    | |   |               |     }
    | |   |               |     
    | |   |               +-o AppleHDAStream  <class AppleHDAStream, id 0x100000471, registered, matched, active, busy 0 (0 ms), retain 8>
    | |   |               |   {
    | |   |               |     "IOAudioStreamAvailableFormats" = ({"IOAudioStreamMaximumSampleRate"={"IOAudioSampleRateWholeNumber"=0xac44,"IOAudioSampleRateFraction"=0x0},"IOAudioStreamAlignment"=0x0,"IOAudioStreamNumericRepresentation"=0x73696e74,"IOAudioStreamIsMixable"=0x1,"IOAudioStreamFormatFlags"=0x0,"IOAudioStreamByteOrder"=0x1,"IOAudioStreamBitDepth"=0x10,"IOAudioStreamSampleFormat"=0x6c70636d,"IOAudioStreamDriverTag"=0x0,"IOAudioStreamNumChannels"=0x2,"IOAudioStreamBytesPerPacket"=0x4,"IOAudioStreamBitWidth"=0x10,"IOAudioStreamFrame$
    | |   |               |     "IOAudioStreamDirection" = 0x0
    | |   |               |     "IOAudioStreamID" = 0x0
    | |   |               |     "IOAudioStreamStartingChannelID" = 0x1
    | |   |               |     "IOAudioStreamTerminalType" = 0x301
    | |   |               |     "IOAudioStreamFormat" = {"IOAudioStreamAlignment"=0x0,"IOAudioStreamNumericRepresentation"=0x73696e74,"IOAudioStreamIsMixable"=0x1,"IOAudioStreamFormatFlags"=0x0,"IOAudioStreamByteOrder"=0x1,"IOAudioStreamBitDepth"=0x18,"IOAudioStreamSampleFormat"=0x6c70636d,"IOAudioStreamDriverTag"=0x0,"IOAudioStreamNumChannels"=0x2,"IOAudioStreamBytesPerPacket"=0x8,"IOAudioStreamBitWidth"=0x20,"IOAudioStreamFramesPerPacket"=0x1}
    | |   |               |     "IOAudioStreamAvailable" = 0x1
    | |   |               |     "IOAudioStreamNumClients" = 0x0
    | |   |               |     "IOAudioStreamStartingChannelNumber" = 0x1
    | |   |               |   }
    | |   |               |   
    | |   |               +-o IOAudioSelectorControl  <class IOAudioSelectorControl, id 0x100000472, !registered, !matched, active, busy 0, retain 8>
    | |   |               | | {
    | |   |               | |   "IOAudioControlType" = 0x736c6374
    | |   |               | |   "IOAudioSelectorControlAvailableSelections" = ({"IOAudioSelectorControlSelectionValue"=0x6973706b,"IOAudioSelectorControlSelectionDescriptionKey"="IntSpeakers"})
    | |   |               | |   "IOAudioControlChannelNumber" = 0x0
    | |   |               | |   "IOAudioControlChannelID" = 0x0
    | |   |               | |   "IOAudioControlUsage" = 0x6f757470
    | |   |               | |   "IOAudioControlValue" = 0x6973706b
    | |   |               | |   "IOAudioControlID" = 0x0
    | |   |               | |   "IOAudioControlSubType" = 0x6f757470
    | |   |               | | }
    | |   |               | | 
    | |   |               | +-o IOAudioControlUserClient  <class IOAudioControlUserClient, id 0x100000486, !registered, !matched, active, busy 0, retain 6>
    | |   |               |     {
    | |   |               |       "IOUserClientCreator" = "pid 218, coreaudiod"
    | |   |               |       "IOUserClientDefaultLocking" = Yes
    | |   |               |     }
    | |   |               |     
    | |   |               +-o IOAudioLevelControl  <class IOAudioLevelControl, id 0x100000473, !registered, !matched, active, busy 0, retain 8>
    | |   |               | | {
    | |   |               | |   "IOAudioLevelControlMinValue" = 0x0
    | |   |               | |   "IOAudioLevelControlMinDB" = 0xffffffffffc08000
    | |   |               | |   "IOAudioControlChannelNumber" = 0x2
    | |   |               | |   "IOAudioLevelControlMaxValue" = 0x7f
    | |   |               | |   "IOAudioControlID" = 0x4
    | |   |               | |   "IOAudioControlValue" = 0x0
    | |   |               | |   "IOAudioLevelControlMaxDB" = 0x0
    | |   |               | |   "IOAudioControlType" = 0x6c65766c
    | |   |               | |   "IOAudioControlChannelID" = 0x2
    | |   |               | |   "IOAudioControlSubType" = 0x766c6d65
    | |   |               | |   "IOAudioControlChannelName" = "Right"
    | |   |               | |   "IOAudioControlUsage" = 0x6f757470
    | |   |               | | }
    | |   |               | | 
    | |   |               | +-o IOAudioControlUserClient  <class IOAudioControlUserClient, id 0x100000487, !registered, !matched, active, busy 0, retain 6>
    | |   |               |     {
    | |   |               |       "IOUserClientCreator" = "pid 218, coreaudiod"
    | |   |               |       "IOUserClientDefaultLocking" = Yes
    | |   |               |     }
    | |   |               |     
    | |   |               +-o IOAudioLevelControl  <class IOAudioLevelControl, id 0x100000474, !registered, !matched, active, busy 0, retain 8>
    | |   |               | | {
    | |   |               | |   "IOAudioLevelControlMinValue" = 0x0
    | |   |               | |   "IOAudioLevelControlMinDB" = 0xffffffffffc08000
    | |   |               | |   "IOAudioControlChannelNumber" = 0x1
    | |   |               | |   "IOAudioLevelControlMaxValue" = 0x7f
    | |   |               | |   "IOAudioControlID" = 0x2
    | |   |               | |   "IOAudioControlValue" = 0x0
    | |   |               | |   "IOAudioLevelControlMaxDB" = 0x0
    | |   |               | |   "IOAudioControlType" = 0x6c65766c
    | |   |               | |   "IOAudioControlChannelID" = 0x1
    | |   |               | |   "IOAudioControlSubType" = 0x766c6d65
    | |   |               | |   "IOAudioControlChannelName" = "Left"
    | |   |               | |   "IOAudioControlUsage" = 0x6f757470
    | |   |               | | }
    | |   |               | | 
    | |   |               | +-o IOAudioControlUserClient  <class IOAudioControlUserClient, id 0x100000488, !registered, !matched, active, busy 0, retain 6>
    | |   |               |     {
    | |   |               |       "IOUserClientCreator" = "pid 218, coreaudiod"
    | |   |               |       "IOUserClientDefaultLocking" = Yes
    | |   |               |     }
    | |   |               |     
    | |   |               +-o IOAudioToggleControl  <class IOAudioToggleControl, id 0x100000475, !registered, !matched, active, busy 0, retain 6>
    | |   |               |   {
    | |   |               |     "IOAudioControlType" = 0x746f676c
    | |   |               |     "IOAudioControlChannelNumber" = 0xffffffffffffffff
    | |   |               |     "IOAudioControlChannelID" = 0x5
    | |   |               |     "IOAudioControlUsage" = 0x6f757470
    | |   |               |     "IOAudioControlChannelName" = "RightRear"
    | |   |               |     "IOAudioControlValue" = 0x1
    | |   |               |     "IOAudioControlID" = 0x7
    | |   |               |     "IOAudioControlSubType" = 0x6d757465
    | |   |               |   }
    | |   |               |   
    | |   |               +-o IOAudioToggleControl  <class IOAudioToggleControl, id 0x100000476, !registered, !matched, active, busy 0, retain 6>
    | |   |               |   {
    | |   |               |     "IOAudioControlType" = 0x746f676c
    | |   |               |     "IOAudioControlChannelNumber" = 0xffffffffffffffff
    | |   |               |     "IOAudioControlChannelID" = 0x4
    | |   |               |     "IOAudioControlUsage" = 0x6f757470
    | |   |               |     "IOAudioControlChannelName" = "LeftRear"
    | |   |               |     "IOAudioControlValue" = 0x1
    | |   |               |     "IOAudioControlID" = 0x6
    | |   |               |     "IOAudioControlSubType" = 0x6d757465
    | |   |               |   }
    | |   |               |   
    | |   |               +-o IOAudioToggleControl  <class IOAudioToggleControl, id 0x100000477, !registered, !matched, active, busy 0, retain 8>
    | |   |               | | {
    | |   |               | |   "IOAudioControlType" = 0x746f676c
    | |   |               | |   "IOAudioControlChannelNumber" = 0x2
    | |   |               | |   "IOAudioControlChannelID" = 0x2
    | |   |               | |   "IOAudioControlUsage" = 0x6f757470
    | |   |               | |   "IOAudioControlChannelName" = "Right"
    | |   |               | |   "IOAudioControlValue" = 0x1
    | |   |               | |   "IOAudioControlID" = 0x5
    | |   |               | |   "IOAudioControlSubType" = 0x6d757465
    | |   |               | | }
    | |   |               | | 
    | |   |               | +-o IOAudioControlUserClient  <class IOAudioControlUserClient, id 0x100000489, !registered, !matched, active, busy 0, retain 6>
    | |   |               |     {
    | |   |               |       "IOUserClientCreator" = "pid 218, coreaudiod"
    | |   |               |       "IOUserClientDefaultLocking" = Yes
    | |   |               |     }
    | |   |               |     
    | |   |               +-o IOAudioToggleControl  <class IOAudioToggleControl, id 0x100000478, !registered, !matched, active, busy 0, retain 8>
    | |   |               | | {
    | |   |               | |   "IOAudioControlType" = 0x746f676c
    | |   |               | |   "IOAudioControlChannelNumber" = 0x1
    | |   |               | |   "IOAudioControlChannelID" = 0x1
    | |   |               | |   "IOAudioControlUsage" = 0x6f757470
    | |   |               | |   "IOAudioControlChannelName" = "Left"
    | |   |               | |   "IOAudioControlValue" = 0x1
    | |   |               | |   "IOAudioControlID" = 0x3
    | |   |               | |   "IOAudioControlSubType" = 0x6d757465
    | |   |               | | }
    | |   |               | | 
    | |   |               | +-o IOAudioControlUserClient  <class IOAudioControlUserClient, id 0x10000048a, !registered, !matched, active, busy 0, retain 6>
    | |   |               |     {
    | |   |               |       "IOUserClientCreator" = "pid 218, coreaudiod"
    | |   |               |       "IOUserClientDefaultLocking" = Yes
    | |   |               |     }
    | |   |               |     
    | |   |               +-o IOAudioToggleControl  <class IOAudioToggleControl, id 0x100000479, !registered, !matched, active, busy 0, retain 8>
    | |   |               | | {
    | |   |               | |   "IOAudioControlType" = 0x746f676c
    | |   |               | |   "IOAudioControlChannelNumber" = 0x0
    | |   |               | |   "IOAudioControlChannelID" = 0x0
    | |   |               | |   "IOAudioControlUsage" = 0x6f757470
    | |   |               | |   "IOAudioControlChannelName" = "All Channels"
    | |   |               | |   "IOAudioControlValue" = 0x1
    | |   |               | |   "IOAudioControlID" = 0x8
    | |   |               | |   "IOAudioControlSubType" = 0x6d757465
    | |   |               | | }
    | |   |               | | 
    | |   |               | +-o IOAudioControlUserClient  <class IOAudioControlUserClient, id 0x10000048b, !registered, !matched, active, busy 0, retain 6>
    | |   |               |     {
    | |   |               |       "IOUserClientCreator" = "pid 218, coreaudiod"
    | |   |               |       "IOUserClientDefaultLocking" = Yes
    | |   |               |     }
    | |   |               |     
    | |   |               +-o IOAudioToggleControl  <class IOAudioToggleControl, id 0x10000047a, !registered, !matched, active, busy 0, retain 8>
    | |   |               | | {
    | |   |               | |   "IOAudioControlType" = 0x746f676c
    | |   |               | |   "IOAudioControlChannelNumber" = 0x0
    | |   |               | |   "IOAudioControlChannelID" = 0x0
    | |   |               | |   "IOAudioControlUsage" = 0x6f757470
    | |   |               | |   "IOAudioControlChannelName" = "All Channels"
    | |   |               | |   "IOAudioControlValue" = 0x0
    | |   |               | |   "IOAudioControlID" = 0x0
    | |   |               | |   "IOAudioControlSubType" = 0x6a61636b
    | |   |               | |   "IOAudioControlValueIsReadOnly" = Yes
    | |   |               | | }
    | |   |               | | 
    | |   |               | +-o IOAudioControlUserClient  <class IOAudioControlUserClient, id 0x10000048c, !registered, !matched, active, busy 0, retain 6>
    | |   |               |     {
    | |   |               |       "IOUserClientCreator" = "pid 218, coreaudiod"
    | |   |               |       "IOUserClientDefaultLocking" = Yes
    | |   |               |     }
    | |   |               |     
    | |   |               +-o AudioAUUCDriver  <class AudioAUUCDriver, id 0x10000047d, registered, matched, active, busy 0 (0 ms), retain 5>
    | |   |               |   {
    | |   |               |     "IOProbeScore" = 0x0
    | |   |               |     "CFBundleIdentifier" = "com.apple.driver.AudioAUUC"
    | |   |               |     "IOMatchCategory" = "AudioAUUCDriver"
    | |   |               |     "IOClass" = "AudioAUUCDriver"
    | |   |               |     "IOPersonalityPublisher" = "com.apple.driver.AudioAUUC"
    | |   |               |     "IOProviderClass" = "IOAudioEngine"
    | |   |               |     "CFBundleIdentifierKernel" = "com.apple.driver.AudioAUUC"
    | |   |               |     "IOUserClientClass" = "AudioAUUC"
    | |   |               |     "IOResourceMatch" = "IOKit"
    | |   |               |   }
    | |   |               |   
    | |   |               +-o IOAudioEngineUserClient  <class IOAudioEngineUserClient, id 0x10000048d, !registered, !matched, active, busy 0, retain 6>
    | |   |               |   {
    | |   |               |     "IOAudioEngineUserClientActive" = 0x0
    | |   |               |     "IOUserClientCreator" = "pid 218, coreaudiod"
    | |   |               |     "IOUserClientDefaultLocking" = Yes
    | |   |               |   }
    | |   |               |   
    | |   |               +-o IOAudioEngineUserClient  <class IOAudioEngineUserClient, id 0x10000048e, !registered, !matched, active, busy 0, retain 6>
    | |   |               |   {
    | |   |               |     "IOUserClientCreator" = "pid 165, AirPlayXPCHelper"
    | |   |               |     "IOUserClientDefaultLocking" = Yes
    | |   |               |   }
    | |   |               |   
    | |   |               +-o IOAudioEngineUserClient  <class IOAudioEngineUserClient, id 0x100000491, !registered, !matched, active, busy 0, retain 6>
    | |   |               |   {
    | |   |               |     "IOUserClientCreator" = "pid 105, mediaremoted"
    | |   |               |     "IOUserClientDefaultLocking" = Yes
    | |   |               |   }
    | |   |               |   
    | |   |               +-o IOAudioEngineUserClient  <class IOAudioEngineUserClient, id 0x10000058e, !registered, !matched, active, busy 0, retain 6>
    | |   |               |   {
    | |   |               |     "IOUserClientCreator" = "pid 410, ControlCenter"
    | |   |               |     "IOUserClientDefaultLocking" = Yes
    | |   |               |   }
    | |   |               |   
    | |   |               +-o IOAudioEngineUserClient  <class IOAudioEngineUserClient, id 0x1000005b8, !registered, !matched, active, busy 0, retain 6>
    | |   |               |   {
    | |   |               |     "IOUserClientCreator" = "pid 456, callservicesd"
    | |   |               |     "IOUserClientDefaultLocking" = Yes
    | |   |               |   }
    | |   |               |   
    | |   |               +-o IOAudioEngineUserClient  <class IOAudioEngineUserClient, id 0x1000005d7, !registered, !matched, active, busy 0, retain 6>
    | |   |               |   {
    | |   |               |     "IOUserClientCreator" = "pid 492, assistantd"
    | |   |               |     "IOUserClientDefaultLocking" = Yes
    | |   |               |   }
    | |   |               |   
    | |   |               +-o IOAudioEngineUserClient  <class IOAudioEngineUserClient, id 0x100000636, !registered, !matched, active, busy 0, retain 6>
    | |   |               |   {
    | |   |               |     "IOUserClientCreator" = "pid 376, systemstats"
    | |   |               |     "IOUserClientDefaultLocking" = Yes
    | |   |               |   }
    | |   |               |   
    | |   |               +-o IOAudioEngineUserClient  <class IOAudioEngineUserClient, id 0x10000068a, !registered, !matched, active, busy 0, retain 6>
    | |   |               |   {
    | |   |               |     "IOUserClientCreator" = "pid 417, systemsoundserve"
    | |   |               |     "IOUserClientDefaultLocking" = Yes
    | |   |               |   }
    | |   |               |   
    | |   |               +-o IOAudioEngineUserClient  <class IOAudioEngineUserClient, id 0x1000007d3, !registered, !matched, active, busy 0, retain 6>
    | |   |               |   {
    | |   |               |     "IOUserClientCreator" = "pid 2586, PerfPowerService"
    | |   |               |     "IOUserClientDefaultLocking" = Yes
    | |   |               |   }
    | |   |               |   
    | |   |               +-o IOAudioEngineUserClient  <class IOAudioEngineUserClient, id 0x100001051, !registered, !matched, active, busy 0, retain 6>
    | |   |               |   {
    | |   |               |     "IOUserClientCreator" = "pid 40137, Terminal"
    | |   |               |     "IOUserClientDefaultLocking" = Yes
    | |   |               |   }
    | |   |               |   
    | |   |               +-o IOAudioEngineUserClient  <class IOAudioEngineUserClient, id 0x1000027eb, !registered, !matched, active, busy 0, retain 6>
    | |   |               |   {
    | |   |               |     "IOUserClientCreator" = "pid 46577, screencaptureui"
    | |   |               |     "IOUserClientDefaultLocking" = Yes
    | |   |               |   }
    | |   |               |   
    | |   |               +-o IOAudioEngineUserClient  <class IOAudioEngineUserClient, id 0x100002b31, !registered, !matched, active, busy 0, retain 6>
    | |   |               |   {
    | |   |               |     "IOUserClientCreator" = "pid 59461, com.apple.speech"
    | |   |               |     "IOUserClientDefaultLocking" = Yes
    | |   |               |   }
    | |   |               |   
    | |   |               +-o IOAudioEngineUserClient  <class IOAudioEngineUserClient, id 0x100002bf7, !registered, !matched, active, busy 0, retain 6>
    | |   |                   {
    | |   |                     "IOUserClientCreator" = "pid 24778, System Informati"
    | |   |                     "IOUserClientDefaultLocking" = Yes
    | |   |                   }
    | |   |                   
    | |   +-o RP01@1C  <class IOPCIDevice, id 0x1000001f5, registered, matched, active, busy 0 (86 ms), retain 10>
    | |   | | {
    | |   | |   "IOInterruptSpecifiers" = (<1000000007000000>)
    | |   | |   "#address-cells" = <03000000>
    | |   | |   "class-code" = <00040600>
    | |   | |   "IOPowerManagement" = {"ChildrenPowerState"=0x2,"CurrentPowerState"=0x2,"CapabilityFlags"=0x102,"ChildProxyPowerState"=0x2,"MaxPowerState"=0x3}
    | |   | |   "built-in" = <00>
    | |   | |   "acpi-device" = "IOACPIPlatformDevice is not serializable"
    | |   | |   "pci-aspm-default" = 0x0
    | |   | |   "reg-ltrovr" = <0004000000000000>
    | |   | |   "IOInterruptControllers" = ("io-apic-0")
    | |   | |   "vendor-id" = <86800000>
    | |   | |   "name" = <7063692d62726964676500>
    | |   | |   "device-id" = <909c0000>
    | |   | |   "acpi-pmcap-offset" = 0xa0
    | |   | |   "IOPCIResourced" = Yes
    | |   | |   "IODTPersist" = 0x0
    | |   | |   "compatible" = <706369383038362c3963393000706369636c6173732c303630343030005250303100>
    | |   | |   "ranges" = <0000008200000000000000000000008200000000000000000000000000000000000000c20000000000000000000000c2000000000000000000000000000000000000008100000000000000000000008100000000000000000000000000000000>
    | |   | |   "IOServiceDEXTEntitlements" = (("com.apple.developer.driverkit.transport.pci","com.apple.developer.driverkit.transport.pci.bridge"))
    | |   | |   "IOPCIExpressLinkCapabilities" = 0x1314c12
    | |   | |   "acpi-path" = "IOACPIPlane:/_SB/PCI0@0/RP01@1c0000"
    | |   | |   "IOPCIConfigured" = Yes
    | |   | |   "revision-id" = <e3000000>
    | |   | |   "IOPCIExpressLinkStatus" = 0x1001
    | |   | |   "IOPCIExpressCapabilities" = 0x42
    | |   | |   "pcidebug" = "0:28:0(1:1)"
    | |   | |   "IOName" = "pci-bridge"
    | |   | |   "#size-cells" = <02000000>
    | |   | |   "reg" = <00e0000000000000000000000000000000000000>
    | |   | | }
    | |   | | 
    | |   | +-o IOPP  <class IOPCI2PCIBridge, id 0x1000002a0, registered, matched, active, busy 0 (0 ms), retain 6>
    | |   |     {
    | |   |       "IOClass" = "IOPCI2PCIBridge"
    | |   |       "CFBundleIdentifier" = "com.apple.iokit.IOPCIFamily"
    | |   |       "IOProviderClass" = "IOPCIDevice"
    | |   |       "IOPCIPowerOnProbe" = Yes
    | |   |       "IOPowerManagement" = {"CapabilityFlags"=0x102,"MaxPowerState"=0x3,"CurrentPowerState"=0x2}
    | |   |       "IOProbeScore" = 0xffffffffffffff9c
    | |   |       "IONameMatch" = "pci-bridge"
    | |   |       "IOMatchedAtBoot" = Yes
    | |   |       "IOMatchCategory" = "IODefaultMatchCategory"
    | |   |       "IONameMatched" = "pci-bridge"
    | |   |       "IOPersonalityPublisher" = "com.apple.iokit.IOPCIFamily"
    | |   |       "CFBundleIdentifierKernel" = "com.apple.iokit.IOPCIFamily"
    | |   |     }
    | |   |     
    | |   +-o RP02@1C,1  <class IOPCIDevice, id 0x1000001f6, registered, matched, active, busy 0 (745 ms), retain 11>
    | |   | | {
    | |   | |   "acpi-device" = "IOACPIPlatformDevice is not serializable"
    | |   | |   "IOPCIExpressLinkCapabilities" = 0x2323c12
    | |   | |   "vendor-id" = <86800000>
    | |   | |   "class-code" = <00040600>
    | |   | |   "subsystem-vendor-id" = <7f000000>
    | |   | |   "IOName" = "pci-bridge"
    | |   | |   "#size-cells" = <02000000>
    | |   | |   "IOPCIExpressSlotCapabilities" = 0xcb200
    | |   | |   "IOPMPCIConfigSpaceVolatile" = No
    | |   | |   "pcidebug" = "0:28:1(2:2)"
    | |   | |   "IOPCIExpressLinkStatus" = 0x7012
    | |   | |   "pci-aspm-default" = 0x2
    | |   | |   "IOPCIExpressCapabilities" = 0x142
    | |   | |   "IOServiceDEXTEntitlements" = (("com.apple.developer.driverkit.transport.pci","com.apple.developer.driverkit.transport.pci.bridge"))
    | |   | |   "reg-ltrovr" = <0004000000000000>
    | |   | |   "IOPCIConfigured" = Yes
    | |   | |   "IODTPersist" = 0x0
    | |   | |   "IOInterruptControllers" = ("io-apic-0")
    | |   | |   "built-in" = <00>
    | |   | |   "IOPCIResourced" = Yes
    | |   | |   "IOPowerManagement" = {"ChildrenPowerState"=0x0,"CurrentPowerState"=0x0,"CapabilityFlags"=0x0,"ChildProxyPowerState"=0x2,"MaxPowerState"=0x3}
    | |   | |   "ranges" = <0000008200000000000060c10000008200000000000060c10000000000002000000000c27f00000000000080000000c27f0000000000008000000000000000100000008100000000000000000000008100000000000000000000000000000000>
    | |   | |   "acpi-pmcap-offset" = 0xa0
    | |   | |   "name" = <7063692d62726964676500>
    | |   | |   "subsystem-id" = <00000000>
    | |   | |   "compatible" = <70636937662c3000706369383038362c3963393200706369636c6173732c303630343030005250303200>
    | |   | |   "IOPCIExpressSlotStatus" = 0x40
    | |   | |   "reg" = <00e1000000000000000000000000000000000000>
    | |   | |   "device-id" = <929c0000>
    | |   | |   "#address-cells" = <03000000>
    | |   | |   "revision-id" = <e3000000>
    | |   | |   "IOInterruptSpecifiers" = (<1100000007000000>)
    | |   | |   "acpi-path" = "IOACPIPlane:/_SB/PCI0@0/RP02@1c0001"
    | |   | | }
    | |   | | 
    | |   | +-o IOPP  <class IOPCI2PCIBridge, id 0x100000299, registered, matched, active, busy 0 (669 ms), retain 8>
    | |   |   | {
    | |   |   |   "IOClass" = "IOPCI2PCIBridge"
    | |   |   |   "CFBundleIdentifier" = "com.apple.iokit.IOPCIFamily"
    | |   |   |   "IOProviderClass" = "IOPCIDevice"
    | |   |   |   "IOPCIPowerOnProbe" = Yes
    | |   |   |   "IOPowerManagement" = {"ChildrenPowerState"=0x0,"CurrentPowerState"=0x0,"CapabilityFlags"=0x0,"MaxPowerState"=0x3}
    | |   |   |   "IOProbeScore" = 0xffffffffffffff9c
    | |   |   |   "IONameMatch" = "pci-bridge"
    | |   |   |   "IOMatchedAtBoot" = Yes
    | |   |   |   "IOMatchCategory" = "IODefaultMatchCategory"
    | |   |   |   "IONameMatched" = "pci-bridge"
    | |   |   |   "IOPersonalityPublisher" = "com.apple.iokit.IOPCIFamily"
    | |   |   |   "CFBundleIdentifierKernel" = "com.apple.iokit.IOPCIFamily"
    | |   |   | }
    | |   |   | 
    | |   |   +-o CMRA@0  <class IOPCIDevice, id 0x1000001f7, registered, matched, active, busy 0 (669 ms), retain 10>
    | |   |     | {
    | |   |     |   "assigned-addresses" = <1000028200000000000070c10000000000000100180002c27f0000000000008000000000000000102000028200000000000060c10000000000001000>
    | |   |     |   "IOInterruptSpecifiers" = (<1100000007000000>,<0d00000000000100>)
    | |   |     |   "class-code" = <00800400>
    | |   |     |   "IODeviceMemory" = (({"address"=0xc1700000,"length"=0x10000}),({"address"=0x7f80000000,"length"=0x10000000}),({"address"=0xc1600000,"length"=0x100000}))
    | |   |     |   "IOReportLegendPublic" = Yes
    | |   |     |   "IOPowerManagement" = {"ChildrenPowerState"=0x0,"CurrentPowerState"=0x0,"CapabilityFlags"=0x0,"ChildProxyPowerState"=0x2,"MaxPowerState"=0x3}
    | |   |     |   "subsystem-vendor-id" = <e4140000>
    | |   |     |   "built-in" = <00>
    | |   |     |   "acpi-device" = "IOACPIPlatformDevice is not serializable"
    | |   |     |   "pci-aspm-default" = 0x2
    | |   |     |   "IOPCIMSIMode" = Yes
    | |   |     |   "IOInterruptControllers" = ("io-apic-0","IOPCIMessagedInterruptController")
    | |   |     |   "vendor-id" = <e4140000>
    | |   |     |   "name" = <706369313465342c3135373000>
    | |   |     |   "device-id" = <70150000>
    | |   |     |   "IOChildIndex" = 0x1
    | |   |     |   "acpi-pmcap-offset" = 0x48
    | |   |     |   "IOPCIResourced" = Yes
    | |   |     |   "compatible" = <706369313465342c3135373000706369636c6173732c30343830303000434d524100>
    | |   |     |   "iommu-selection" = <00000000>
    | |   |     |   "IOServiceDEXTEntitlements" = (("com.apple.developer.driverkit.transport.pci"))
    | |   |     |   "IOPCIExpressLinkCapabilities" = 0x46dc12
    | |   |     |   "acpi-path" = "IOACPIPlane:/_SB/PCI0@0/RP02@1c0001/CMRA@0"
    | |   |     |   "IOPMPCIConfigSpaceVolatile" = No
    | |   |     |   "subsystem-id" = <70150000>
    | |   |     |   "revision-id" = <00000000>
    | |   |     |   "IOPCIExpressLinkStatus" = 0x1012
    | |   |     |   "IOPCIExpressCapabilities" = 0x2
    | |   |     |   "pcidebug" = "2:0:0"
    | |   |     |   "IOName" = "pci14e4,1570"
    | |   |     |   "IOReportLegend" = ({"IOReportGroupName"="Interrupt Statistics (by index)","IOReportChannels"=((0x496e747200010000,0x100020001,"               First Level Interrupt Handler Count"),(0x496e747200010001,0x100020001,"              Second Level Interrupt Handler Count"),(0x496e747200010002,0x100020001,"        First Level Interrupt Handler Time (MATUs)"),(0x496e747200010003,0x100020001,"   Second Level Interrupt Handler CPU Time (MATUs)"),(0x496e747200010004,0x100020001,"Second Level Interrupt Handler System Time (MATUs)")),"IO$
    | |   |     |   "reg" = <0000020000000000000000000000000000000000100002020000000000000000000000000000010018000242000000000000000000000000000000102000020200000000000000000000000000001000>
    | |   |     | }
    | |   |     | 
    | |   |     +-o AppleCamIn  <class AppleCamIn, id 0x100000412, registered, matched, active, busy 0 (0 ms), retain 7>
    | |   |       | {
    | |   |       |   "IOClass" = "AppleCamIn"
    | |   |       |   "CFBundleIdentifier" = "com.apple.driver.AppleCameraInterface"
    | |   |       |   "IOProviderClass" = "IOPCIDevice"
    | |   |       |   "CameraModuleSerialNumber" = <0a870700>
    | |   |       |   "CFBundleVersion" = "1.0.0"
    | |   |       |   "IOPCITunnelCompatible" = Yes
    | |   |       |   "IOPowerManagement" = {"DevicePowerState"=0x0,"CurrentPowerState"=0x0,"CapabilityFlags"=0x0,"MaxPowerState"=0x1}
    | |   |       |   "IOProbeScore" = 0x1000
    | |   |       |   "IOPCIMatch" = "0x157014E4"
    | |   |       |   "IOGeneralInterest" = "IOCommand is not serializable"
    | |   |       |   "IOMatchCategory" = "IODefaultMatchCategory"
    | |   |       |   "CameraModuleSerialString" = "CC26266CJRGG1HNAH"
    | |   |       |   "IOPersonalityPublisher" = "com.apple.driver.AppleCameraInterface"
    | |   |       |   "CameraActive" = No
    | |   |       |   "CFBundleIdentifierKernel" = "com.apple.driver.AppleCameraInterface"
    | |   |       |   "IOPCIUseDeviceMapper" = Yes
    | |   |       |   "CameraSensorSerialNumber" = <0000000000000000>
    | |   |       | }
    | |   |       | 
    | |   |       +-o AppleCamInUserClient  <class AppleCamInUserClient, id 0x10000055f, !registered, !matched, active, busy 0, retain 5>
    | |   |           {
    | |   |             "IOUserClientCreator" = "pid 389, AppleCameraAssis"
    | |   |           }
    | |   |           
    | |   +-o RP03@1C,2  <class IOPCIDevice, id 0x1000001f8, registered, matched, active, busy 0 (748 ms), retain 11>
    | |   | | {
    | |   | |   "IOInterruptSpecifiers" = (<1200000007000000>)
    | |   | |   "#address-cells" = <03000000>
    | |   | |   "class-code" = <00040600>
    | |   | |   "IOPCIExpressSlotStatus" = 0x40
    | |   | |   "IOPowerManagement" = {"ChildrenPowerState"=0x1,"CurrentPowerState"=0x1,"CapabilityFlags"=0x0,"ChildProxyPowerState"=0x2,"MaxPowerState"=0x3}
    | |   | |   "built-in" = <00>
    | |   | |   "acpi-device" = "IOACPIPlatformDevice is not serializable"
    | |   | |   "pci-aspm-default" = 0x3
    | |   | |   "reg-ltrovr" = <0004000000000000>
    | |   | |   "IOInterruptControllers" = ("io-apic-0")
    | |   | |   "vendor-id" = <86800000>
    | |   | |   "name" = <7063692d62726964676500>
    | |   | |   "device-id" = <949c0000>
    | |   | |   "acpi-pmcap-offset" = 0xa0
    | |   | |   "IOPCIResourced" = Yes
    | |   | |   "IODTPersist" = 0x0
    | |   | |   "compatible" = <706369383038362c3963393400706369636c6173732c303630343030005250303300>
    | |   | |   "ranges" = <0000008200000000000000c10000008200000000000000c10000000000005000000000c20000000000000000000000c2000000000000000000000000000000000000008100000000000000000000008100000000000000000000000000000000>
    | |   | |   "IOServiceDEXTEntitlements" = (("com.apple.developer.driverkit.transport.pci","com.apple.developer.driverkit.transport.pci.bridge"))
    | |   | |   "IOPCIExpressLinkCapabilities" = 0x3323c12
    | |   | |   "acpi-path" = "IOACPIPlane:/_SB/PCI0@0/RP03@1c0002"
    | |   | |   "IOPCIConfigured" = Yes
    | |   | |   "revision-id" = <e3000000>
    | |   | |   "IOPCIExpressLinkStatus" = 0x7011
    | |   | |   "IOPCIExpressCapabilities" = 0x142
    | |   | |   "pcidebug" = "0:28:2(3:3)"
    | |   | |   "IOName" = "pci-bridge"
    | |   | |   "#size-cells" = <02000000>
    | |   | |   "reg" = <00e2000000000000000000000000000000000000>
    | |   | |   "IOPCIExpressSlotCapabilities" = 0x14b200
    | |   | | }
    | |   | | 
    | |   | +-o IOPP  <class IOPCI2PCIBridge, id 0x10000029d, registered, matched, active, busy 0 (665 ms), retain 8>
    | |   |   | {
    | |   |   |   "IOClass" = "IOPCI2PCIBridge"
    | |   |   |   "CFBundleIdentifier" = "com.apple.iokit.IOPCIFamily"
    | |   |   |   "IOProviderClass" = "IOPCIDevice"
    | |   |   |   "IOPCIPowerOnProbe" = Yes
    | |   |   |   "IOPowerManagement" = {"ChildrenPowerState"=0x1,"CurrentPowerState"=0x1,"CapabilityFlags"=0x0,"MaxPowerState"=0x3}
    | |   |   |   "IOProbeScore" = 0xffffffffffffff9c
    | |   |   |   "IONameMatch" = "pci-bridge"
    | |   |   |   "IOMatchedAtBoot" = Yes
    | |   |   |   "IOMatchCategory" = "IODefaultMatchCategory"
    | |   |   |   "IONameMatched" = "pci-bridge"
    | |   |   |   "IOPersonalityPublisher" = "com.apple.iokit.IOPCIFamily"
    | |   |   |   "CFBundleIdentifierKernel" = "com.apple.iokit.IOPCIFamily"
    | |   |   | }
    | |   |   | 
    | |   |   +-o ARPT@0  <class IOPCIDevice, id 0x1000001f9, registered, matched, active, busy 0 (665 ms), retain 12>
    | |   |     | {
    | |   |     |   "acpi-device" = "IOACPIPlatformDevice is not serializable"
    | |   |     |   "IOPCIMSIMode" = Yes
    | |   |     |   "assigned-addresses" = <1000038200000000000040c100000000008000001800038200000000000000c10000000000004000>
    | |   |     |   "vendor-id" = <e4140000>
    | |   |     |   "class-code" = <00800200>
    | |   |     |   "subsystem-vendor-id" = <6b100000>
    | |   |     |   "IOPCIExpressLinkCapabilities" = 0x46dc11
    | |   |     |   "IOName" = "pci14e4,43ba"
    | |   |     |   "IOPCIPMCSState" = 0x4108
    | |   |     |   "pcidebug" = "3:0:0"
    | |   |     |   "IOChildIndex" = 0x1
    | |   |     |   "IOPCIExpressLinkStatus" = 0x1011
    | |   |     |   "pci-aspm-default" = 0x103
    | |   |     |   "IOPCIExpressCapabilities" = 0x2
    | |   |     |   "IOServiceDEXTEntitlements" = (("com.apple.developer.driverkit.transport.pci"))
    | |   |     |   "IOInterruptControllers" = ("io-apic-0","IOPCIMessagedInterruptController")
    | |   |     |   "built-in" = <00>
    | |   |     |   "IOPCIResourced" = Yes
    | |   |     |   "IOPowerManagement" = {"ChildrenPowerState"=0x1,"CurrentPowerState"=0x1,"CapabilityFlags"=0x0,"ChildProxyPowerState"=0x2,"MaxPowerState"=0x3}
    | |   |     |   "IODeviceMemory" = (({"address"=0xc1400000,"length"=0x8000}),({"address"=0xc1000000,"length"=0x400000}))
    | |   |     |   "acpi-pmcap-offset" = 0x48
    | |   |     |   "name" = <706369313465342c3433626100>
    | |   |     |   "subsystem-id" = <33010000>
    | |   |     |   "compatible" = <706369313036622c31333300706369313465342c3433626100706369636c6173732c303238303030004152505400>
    | |   |     |   "acpi-wake-type" = 0x2
    | |   |     |   "IOReportLegendPublic" = Yes
    | |   |     |   "reg" = <000003000000000000000000000000000000000010000302000000000000000000000000008000001800030200000000000000000000000000004000>
    | |   |     |   "IOReportLegend" = ({"IOReportGroupName"="Interrupt Statistics (by index)","IOReportChannels"=((0x496e747200010000,0x100020001,"               First Level Interrupt Handler Count"),(0x496e747200010001,0x100020001,"              Second Level Interrupt Handler Count"),(0x496e747200010002,0x100020001,"        First Level Interrupt Handler Time (MATUs)"),(0x496e747200010003,0x100020001,"   Second Level Interrupt Handler CPU Time (MATUs)"),(0x496e747200010004,0x100020001,"Second Level Interrupt Handler System Time (MATUs)")),"IO$
    | |   |     |   "device-id" = <ba430000>
    | |   |     |   "revision-id" = <01000000>
    | |   |     |   "iommu-selection" = <00000000>
    | |   |     |   "IOInterruptSpecifiers" = (<1200000007000000>,<0900000000000100>)
    | |   |     |   "acpi-path" = "IOACPIPlane:/_SB/PCI0@0/RP03@1c0002/ARPT@0"
    | |   |     | }
    | |   |     | 
    | |   |     +-o AirPort_BrcmNIC  <class AirPort_BrcmNIC, id 0x1000002d7, registered, matched, active, busy 0 (125 ms), retain 42>
    | |   |       | {
    | |   |       |   "IO80211Family.BuildDate" = "Jul  8 2024 21:14:08"
    | |   |       |   "IOMatchedAtBoot" = Yes
    | |   |       |   "IO80211Family.BuildTag" = "IO80211Legacy_kexts-37.1"
    | |   |       |   "IO80211Family.BuildTagGit" = ""IO80211Legacy_kexts-37.1""
    | |   |       |   "IOMaxPacketSize" = 0x5ee
    | |   |       |   "IOPacketFilters" = {"IONetworkFilterGroup"=0x113,"IOEthernetDisabledWakeOnLANFilterGroup"=0x1,"IOEthernetWakeOnLANFilterGroup"=0x1}
    | |   |       |   "APTAPD" = 0x1
    | |   |       |   "mDNS_Keepalive" = Yes
    | |   |       |   "IOMinPacketSize" = 0x40
    | |   |       |   "IONameMatched" = "pci14e4,43ba"
    | |   |       |   "APFeatures" = 0x1
    | |   |       |   "IOModel" = "Wireless Network Adapter (802.11 a/b/g/n/ac)"
    | |   |       |   "APChipRev" = 0x1
    | |   |       |   "IOPersonalityPublisher" = "com.apple.driver.AirPort.BrcmNIC"
    | |   |       |   "IOPowerManagement" = {"DevicePowerState"=0x1,"CurrentPowerState"=0x1,"CapabilityFlags"=0x400,"MaxPowerState"=0x2}
    | |   |       |   "mDNS_KEY" = "2009-07-30"
    | |   |       |   "IOMediumDictionary" = {"00000080"={"Index"=0x0,"Type"=0x80,"Flags"=0x0,"Speed"=0xa7d8c0}}
    | |   |       |   "TruePowerOff" = Yes
    | |   |       |   "IOMACAddress" = <9801a7af6b15>
    | |   |       |   "IOFeatures" = 0x8
    | |   |       |   "AVBControllerState" = 0x1
    | |   |       |   "IOLinkSpeed" = 0x0
    | |   |       |   "IOVendor" = "Apple"
    | |   |       |   "CFBundleIdentifier" = "com.apple.driver.AirPort.BrcmNIC"
    | |   |       |   "IOProviderClass" = "IOPCIDevice"
    | |   |       |   "IOSelectedMedium" = "00000080"
    | |   |       |   "IONameMatch" = ("pci14e4,43ba","pci14e4,43a3","pci14e4,43a0")
    | |   |       |   "IOReportLegendPublic" = Yes
    | |   |       |   "IOClass" = "AirPort_BrcmNIC"
    | |   |       |   "CFBundleIdentifierKernel" = "com.apple.driver.AirPort.BrcmNIC"
    | |   |       |   "IOLinkStatus" = 0x1
    | |   |       |   "IOActiveMedium" = ""
    | |   |       |   "IOFirmwareVersion" = "Broadcom BCM43xx 1.0 (7.77.111.1 AirPortDriverBrcmNIC-1710.4)"
    | |   |       |   "IOReportLegend" = ({"IOReportGroupName"="Chip","IOReportChannels"=((0x2054436e42797465,0x100140001,"  Tx Bytes"),(0x2052436e42797465,0x100140001,"  Rx Bytes")),"IOReportChannelInfo"={"IOReportChannelUnit"=0x900820000000000},"IOReportSubGroupName"="Bytes Transferred"},{"IOReportGroupName"="Chip","IOReportChannels"=((0x5478436e54784672,0x180100001,"       Tx Data Frames"),(0x5478436e54785265,0x180100001,"   Tx Retransmissions"),(0x5478436e54784465,0x180100001,"       Tx Data Errors"),(0x5478436e54784472,0x180100001,"      $
    | |   |       |   "IOMatchCategory" = "IODefaultMatchCategory"
    | |   |       |   "IOProbeScore" = 0x578
    | |   |       | }
    | |   |       | 
    | |   |       +-o CCLogPipe  <class CCLogPipe, id 0x100000327, registered, matched, active, busy 0 (0 ms), retain 10>
    | |   |       | | {
    | |   |       | |   "LogDataType" = 0x3
    | |   |       | |   "IOClass" = "CCLogPipe"
    | |   |       | |   "Filename" = "CCIOReporter"
    | |   |       | |   "LogType" = 0x0
    | |   |       | |   "Name" = "OneStats"
    | |   |       | |   "NumberOfFiles" = 0x2
    | |   |       | |   "LogIdentifier" = "CCIOReporters"
    | |   |       | |   "PipeSize" = 0x10000
    | |   |       | |   "MinLogSizeToNotify" = 0x6666
    | |   |       | |   "IOReportLegend" = ({"IOReportGroupName"="CoreCapture","IOReportChannels"=((0x434350204c202020,0x180100001,"                              Log Calls"),(0x434350204c4d4442,0x180100001,"   Log Messages Dropped Short Of Buffer"),(0x434350204c435220,0x180100001,"                       Capture Requests")),"IOReportChannelInfo"={"IOReportChannelUnit"=0x6400000000000000},"IOReportSubGroupName"="Pipe OneStats"})
    | |   |       | |   "LogPolicy" = 0x0
    | |   |       | |   "Owner" = "com.apple.iokit.IO80211Family"
    | |   |       | |   "FileOptions" = 0x0
    | |   |       | |   "NotifyThreshold" = 0x3e8
    | |   |       | |   "DirectoryName" = ""
    | |   |       | |   "IOReportLegendPublic" = Yes
    | |   |       | |   "Statistics" = {"timestamp"=0x277f3b424a9a,"Errors"={"metaDataCounts: invalidState"=0x0,"metaDataCounts: invalidPaddingSize"=0x0,"metaDataCounts: invalidLogLevel"=0x0,"reserveRingEntryDrops"=0x0,"metaDataCounts: invalidPayloadSize"=0x0}}
    | |   |       | |   "PipeType" = 0x0
    | |   |       | |   "FileSize" = 0x200000
    | |   |       | | }
    | |   |       | | 
    | |   |       | +-o CCIOReporterLogStream  <class CCIOReporterLogStream, id 0x100000329, registered, matched, active, busy 0 (0 ms), retain 7>
    | |   |       |     {
    | |   |       |       "IOClass" = "CCLogStream"
    | |   |       |       "CoreCaptureLevel" = 0x5
    | |   |       |       "Name" = "IO80211 IOReporter Stream"
    | |   |       |       "Id" = 0x1
    | |   |       |       "LogIdentifier" = "CCIOReporters"
    | |   |       |       "ConsoleFlag" = 0x0
    | |   |       |       "ConsoleLevel" = 0xffffffffffffffff
    | |   |       |       "MiscInfo" = 0x0
    | |   |       |       "IOReportLegend" = ({"IOReportGroupName"="CoreCapture","IOReportChannels"=((0x434353204c202020,0x180100001,"                           Log Calls"),(0x434353204c444343,0x180100001,"        Log Calls Dropped CC Filters"),(0x434353204c444320,0x180100001,"   Log Calls Dropped Console Filters"),(0x434353204c4c4520,0x180100001,"               Log Calls [Emergency]"),(0x434353204c4c4120,0x180100001,"               Log Calls     [Alert]"),(0x434353204c4c4320,0x180100001,"               Log Calls      [Crit]"),(0x434353204c4c5$
    | |   |       |       "IOReportLegendPublic" = Yes
    | |   |       |       "CoreCaptureFlag" = 0x0
    | |   |       |       "CCIOReportRkey" = {"CCIOReportStream"=({"CCIOReportInterestSubscriptionIDx"=0x1,"CCIOReportInterests"=({"IOReportGroupName"="Interface awdl0","DriverID"=0x1000002d7,"IOReportChannels"=((0x7766202020434341,0x180100001,"        Interface Avgerage CCA")),"IOReportSubGroupName"="Average CCA"})},{"CCIOReportInterestSubscriptionIDx"=0x2,"CCIOReportInterests"=({"IOReportGroupName"="Interface awdl0","DriverID"=0x1000002d7,"IOReportChannels"=((0x7766417667434341,0x980100002,"   Interface Average CCA State")),"IOReportSubGroup$
    | |   |       |     }
    | |   |       |     
    | |   |       +-o CCLogPipe  <class CCLogPipe, id 0x10000033f, registered, matched, active, busy 0 (0 ms), retain 13>
    | |   |       | | {
    | |   |       | |   "LogDataType" = 0x0
    | |   |       | |   "IOClass" = "CCLogPipe"
    | |   |       | |   "Filename" = "ControlPath"
    | |   |       | |   "LogType" = 0x0
    | |   |       | |   "Name" = "ControlPath"
    | |   |       | |   "NumberOfFiles" = 0x2
    | |   |       | |   "LogIdentifier" = "ControlPath"
    | |   |       | |   "PipeSize" = 0x10000
    | |   |       | |   "MinLogSizeToNotify" = 0x6666
    | |   |       | |   "IOReportLegend" = ({"IOReportGroupName"="CoreCapture","IOReportChannels"=((0x434350204c202020,0x180100001,"                              Log Calls"),(0x434350204c4d4442,0x180100001,"   Log Messages Dropped Short Of Buffer"),(0x434350204c435220,0x180100001,"                       Capture Requests")),"IOReportChannelInfo"={"IOReportChannelUnit"=0x6400000000000000},"IOReportSubGroupName"="Pipe ControlPath"})
    | |   |       | |   "LogPolicy" = 0x0
    | |   |       | |   "Owner" = "com.apple.iokit.IO80211Family"
    | |   |       | |   "FileOptions" = 0x0
    | |   |       | |   "NotifyThreshold" = 0x3e8
    | |   |       | |   "DirectoryName" = ""
    | |   |       | |   "IOReportLegendPublic" = Yes
    | |   |       | |   "Statistics" = {"timestamp"=0x0,"Errors"={"metaDataCounts: invalidState"=0x0,"metaDataCounts: invalidPaddingSize"=0x0,"metaDataCounts: invalidLogLevel"=0x0,"reserveRingEntryDrops"=0x0,"metaDataCounts: invalidPayloadSize"=0x0}}
    | |   |       | |   "PipeType" = 0x0
    | |   |       | |   "FileSize" = 0x200000
    | |   |       | | }
    | |   |       | | 
    | |   |       | +-o CCLogStream  <class CCLogStream, id 0x100000340, registered, matched, active, busy 0 (0 ms), retain 7>
    | |   |       | |   {
    | |   |       | |     "IOClass" = "CCLogStream"
    | |   |       | |     "StreamHeader" = <0600000000007373>
    | |   |       | |     "Name" = "IO80211 IOCTL Stream"
    | |   |       | |     "Id" = 0x1
    | |   |       | |     "LogIdentifier" = "ioctl"
    | |   |       | |     "CoreCaptureLevel" = 0x5
    | |   |       | |     "ConsoleLevel" = 0xffffffffffffffff
    | |   |       | |     "MiscInfo" = 0x96
    | |   |       | |     "ConsoleFlag" = 0x0
    | |   |       | |     "IOReportLegend" = ({"IOReportGroupName"="CoreCapture","IOReportChannels"=((0x434353204c202020,0x180100001,"                           Log Calls"),(0x434353204c444343,0x180100001,"        Log Calls Dropped CC Filters"),(0x434353204c444320,0x180100001,"   Log Calls Dropped Console Filters"),(0x434353204c4c4520,0x180100001,"               Log Calls [Emergency]"),(0x434353204c4c4120,0x180100001,"               Log Calls     [Alert]"),(0x434353204c4c4320,0x180100001,"               Log Calls      [Crit]"),(0x434353204c4c5$
    | |   |       | |     "CoreCaptureFlag" = 0x0
    | |   |       | |     "IOReportLegendPublic" = Yes
    | |   |       | |   }
    | |   |       | |   
    | |   |       | +-o CCLogStream  <class CCLogStream, id 0x100000341, registered, matched, active, busy 0 (0 ms), retain 7>
    | |   |       |     {
    | |   |       |       "IOClass" = "CCLogStream"
    | |   |       |       "StreamHeader" = <0700000000007373>
    | |   |       |       "Name" = "IO80211 Event Stream"
    | |   |       |       "Id" = 0x2
    | |   |       |       "LogIdentifier" = "event"
    | |   |       |       "CoreCaptureLevel" = 0x5
    | |   |       |       "ConsoleLevel" = 0xffffffffffffffff
    | |   |       |       "MiscInfo" = 0x96
    | |   |       |       "ConsoleFlag" = 0x0
    | |   |       |       "IOReportLegend" = ({"IOReportGroupName"="CoreCapture","IOReportChannels"=((0x434353204c202020,0x180100001,"                           Log Calls"),(0x434353204c444343,0x180100001,"        Log Calls Dropped CC Filters"),(0x434353204c444320,0x180100001,"   Log Calls Dropped Console Filters"),(0x434353204c4c4520,0x180100001,"               Log Calls [Emergency]"),(0x434353204c4c4120,0x180100001,"               Log Calls     [Alert]"),(0x434353204c4c4320,0x180100001,"               Log Calls      [Crit]"),(0x434353204c4c5$
    | |   |       |       "CoreCaptureFlag" = 0x0
    | |   |       |       "IOReportLegendPublic" = Yes
    | |   |       |     }
    | |   |       |     
    | |   |       +-o CCDataPipe  <class CCDataPipe, id 0x100000342, registered, matched, active, busy 0 (0 ms), retain 10>
    | |   |       | | {
    | |   |       | |   "LogDataType" = 0x2
    | |   |       | |   "IOClass" = "CCDataPipe"
    | |   |       | |   "Filename" = "StateSnapshots"
    | |   |       | |   "LogType" = 0x2
    | |   |       | |   "Name" = "StateSnapshots"
    | |   |       | |   "NumberOfFiles" = 0x0
    | |   |       | |   "LogIdentifier" = "StateSnapshots"
    | |   |       | |   "PipeSize" = 0x80
    | |   |       | |   "MinLogSizeToNotify" = 0x0
    | |   |       | |   "IOReportLegend" = ({"IOReportGroupName"="CoreCapture","IOReportChannels"=((0x434350204c202020,0x180100001,"                              Log Calls"),(0x434350204c4d4442,0x180100001,"   Log Messages Dropped Short Of Buffer"),(0x434350204c435220,0x180100001,"                       Capture Requests")),"IOReportChannelInfo"={"IOReportChannelUnit"=0x6400000000000000},"IOReportSubGroupName"="Pipe StateSnapshots"})
    | |   |       | |   "LogPolicy" = 0x0
    | |   |       | |   "Owner" = "com.apple.iokit.IO80211Family"
    | |   |       | |   "FileOptions" = 0x0
    | |   |       | |   "NotifyThreshold" = 0x0
    | |   |       | |   "DirectoryName" = ""
    | |   |       | |   "IOReportLegendPublic" = Yes
    | |   |       | |   "Statistics" = {"timestamp"=0x0,"Errors"={"metaDataCounts: invalidState"=0x0,"metaDataCounts: invalidPaddingSize"=0x0,"metaDataCounts: invalidLogLevel"=0x0,"reserveRingEntryDrops"=0x0,"metaDataCounts: invalidPayloadSize"=0x0}}
    | |   |       | |   "PipeType" = 0x1
    | |   |       | |   "FileSize" = 0x0
    | |   |       | | }
    | |   |       | | 
    | |   |       | +-o CCDataStream  <class CCDataStream, id 0x100000343, registered, matched, active, busy 0 (0 ms), retain 9>
    | |   |       |   | {
    | |   |       |   |   "IOReportLegend" = ({"IOReportGroupName"="CoreCapture","IOReportChannels"=((0x434353204c202020,0x180100001,"                           Log Calls"),(0x434353204c444343,0x180100001,"        Log Calls Dropped CC Filters"),(0x434353204c444320,0x180100001,"   Log Calls Dropped Console Filters"),(0x434353204c4c4520,0x180100001,"               Log Calls [Emergency]"),(0x434353204c4c4120,0x180100001,"               Log Calls     [Alert]"),(0x434353204c4c4320,0x180100001,"               Log Calls      [Crit]"),(0x434353204c4c5$
    | |   |       |   |   "LogIdentifier" = ""
    | |   |       |   |   "Name" = "FaultReporter"
    | |   |       |   |   "IOReportLegendPublic" = Yes
    | |   |       |   |   "IOClass" = "CCDataStream"
    | |   |       |   |   "Id" = 0x1
    | |   |       |   | }
    | |   |       |   | 
    | |   |       |   +-o CCFaultReporter  <class CCFaultReporter, id 0x100000344, !registered, !matched, active, busy 0, retain 6>
    | |   |       |       {
    | |   |       |         "IOClass" = "CCFaultReporter"
    | |   |       |       }
    | |   |       |       
    | |   |       +-o CCLogPipe  <class CCLogPipe, id 0x100000375, registered, matched, active, busy 0 (0 ms), retain 10>
    | |   |       | | {
    | |   |       | |   "LogDataType" = 0x1
    | |   |       | |   "IOClass" = "CCLogPipe"
    | |   |       | |   "Filename" = "AirPortBrcm4360_Logs"
    | |   |       | |   "LogType" = 0x0
    | |   |       | |   "Name" = "DriverLogs"
    | |   |       | |   "NumberOfFiles" = 0x8
    | |   |       | |   "LogIdentifier" = "Brcm4360"
    | |   |       | |   "PipeSize" = 0x1000000
    | |   |       | |   "MinLogSizeToNotify" = 0x1000
    | |   |       | |   "IOReportLegend" = ({"IOReportGroupName"="CoreCapture","IOReportChannels"=((0x434350204c202020,0x180100001,"                              Log Calls"),(0x434350204c4d4442,0x180100001,"   Log Messages Dropped Short Of Buffer"),(0x434350204c435220,0x180100001,"                       Capture Requests")),"IOReportChannelInfo"={"IOReportChannelUnit"=0x6400000000000000},"IOReportSubGroupName"="Pipe DriverLogs"})
    | |   |       | |   "LogPolicy" = 0x0
    | |   |       | |   "Owner" = "com.apple.driver.AirPort.Brcm4360.0"
    | |   |       | |   "FileOptions" = 0x0
    | |   |       | |   "NotifyThreshold" = 0x3e8
    | |   |       | |   "DirectoryName" = ""
    | |   |       | |   "IOReportLegendPublic" = Yes
    | |   |       | |   "Statistics" = {"timestamp"=0x28f9783b9b3d,"Errors"={"metaDataCounts: invalidState"=0x0,"metaDataCounts: invalidPaddingSize"=0x0,"metaDataCounts: invalidLogLevel"=0x0,"reserveRingEntryDrops"=0x0,"metaDataCounts: invalidPayloadSize"=0x0}}
    | |   |       | |   "PipeType" = 0x0
    | |   |       | |   "FileSize" = 0x2000000
    | |   |       | | }
    | |   |       | | 
    | |   |       | +-o CCLogStream  <class CCLogStream, id 0x100000376, registered, matched, active, busy 0 (0 ms), retain 7>
    | |   |       |     {
    | |   |       |       "IOReportLegend" = ({"IOReportGroupName"="CoreCapture","IOReportChannels"=((0x434353204c202020,0x180100001,"                           Log Calls"),(0x434353204c444343,0x180100001,"        Log Calls Dropped CC Filters"),(0x434353204c444320,0x180100001,"   Log Calls Dropped Console Filters"),(0x434353204c4c4520,0x180100001,"               Log Calls [Emergency]"),(0x434353204c4c4120,0x180100001,"               Log Calls     [Alert]"),(0x434353204c4c4320,0x180100001,"               Log Calls      [Crit]"),(0x434353204c4c5$
    | |   |       |       "Id" = 0x1
    | |   |       |       "CoreCaptureFlag" = 0x0
    | |   |       |       "CoreCaptureLevel" = 0x6
    | |   |       |       "ConsoleLevel" = 0xffffffffffffffff
    | |   |       |       "IOClass" = "CCLogStream"
    | |   |       |       "IOReportLegendPublic" = Yes
    | |   |       |       "LogIdentifier" = "Brcm4360"
    | |   |       |       "Name" = "DriverLogs"
    | |   |       |       "ConsoleFlag" = 0x0
    | |   |       |       "MiscInfo" = 0xffffffffaaaa0000
    | |   |       |     }
    | |   |       |     
    | |   |       +-o CCDataPipe  <class CCDataPipe, id 0x100000377, registered, matched, active, busy 0 (0 ms), retain 10>
    | |   |       | | {
    | |   |       | |   "LogDataType" = 0x2
    | |   |       | |   "IOClass" = "CCDataPipe"
    | |   |       | |   "Filename" = "StateSnapshots"
    | |   |       | |   "LogType" = 0x2
    | |   |       | |   "Name" = "StateSnapshots"
    | |   |       | |   "NumberOfFiles" = 0x8
    | |   |       | |   "LogIdentifier" = "Brcm4360"
    | |   |       | |   "PipeSize" = 0x1000000
    | |   |       | |   "MinLogSizeToNotify" = 0x1000
    | |   |       | |   "IOReportLegend" = ({"IOReportGroupName"="CoreCapture","IOReportChannels"=((0x434350204c202020,0x180100001,"                              Log Calls"),(0x434350204c4d4442,0x180100001,"   Log Messages Dropped Short Of Buffer"),(0x434350204c435220,0x180100001,"                       Capture Requests")),"IOReportChannelInfo"={"IOReportChannelUnit"=0x6400000000000000},"IOReportSubGroupName"="Pipe StateSnapshots"})
    | |   |       | |   "LogPolicy" = 0x0
    | |   |       | |   "Owner" = "com.apple.driver.AirPort.Brcm4360.0"
    | |   |       | |   "FileOptions" = 0x0
    | |   |       | |   "NotifyThreshold" = 0x3e8
    | |   |       | |   "DirectoryName" = ""
    | |   |       | |   "IOReportLegendPublic" = Yes
    | |   |       | |   "Statistics" = {"timestamp"=0x0,"Errors"={"metaDataCounts: invalidState"=0x0,"metaDataCounts: invalidPaddingSize"=0x0,"metaDataCounts: invalidLogLevel"=0x0,"reserveRingEntryDrops"=0x0,"metaDataCounts: invalidPayloadSize"=0x0}}
    | |   |       | |   "PipeType" = 0x1
    | |   |       | |   "FileSize" = 0x2000000
    | |   |       | | }
    | |   |       | | 
    | |   |       | +-o CCDataStream  <class CCDataStream, id 0x100000378, registered, matched, active, busy 0 (0 ms), retain 7>
    | |   |       |     {
    | |   |       |       "IOReportLegend" = ({"IOReportGroupName"="CoreCapture","IOReportChannels"=((0x434353204c202020,0x180100001,"                           Log Calls"),(0x434353204c444343,0x180100001,"        Log Calls Dropped CC Filters"),(0x434353204c444320,0x180100001,"   Log Calls Dropped Console Filters"),(0x434353204c4c4520,0x180100001,"               Log Calls [Emergency]"),(0x434353204c4c4120,0x180100001,"               Log Calls     [Alert]"),(0x434353204c4c4320,0x180100001,"               Log Calls      [Crit]"),(0x434353204c4c5$
    | |   |       |       "LogIdentifier" = "Brcm4360"
    | |   |       |       "Name" = "StateSnapshots"
    | |   |       |       "IOReportLegendPublic" = Yes
    | |   |       |       "IOClass" = "CCDataStream"
    | |   |       |       "Id" = 0x1
    | |   |       |     }
    | |   |       |     
    | |   |       +-o en0  <class AirPort_BrcmNIC_Interface, id 0x10000037a, registered, matched, active, busy 0 (18 ms), retain 14>
    | |   |       | | {
    | |   |       | |   "IONetworkData" = {"IOOutputQueueStatsKey"={"Size"=0x2c,"Data"=<0000000000000000000000000000000000000000000000000000000000000000000000000000000000000000>,"Access Types"=0x9},"IONetworkStatsKey"={"Size"=0x14,"Data"=<4381630100000000c32762010000000000000000>,"Access Types"=0x9},"IOEthernetStatsKey"={"Size"=0xd8,"Data"=<00000000000000000000000000000000000000000000000000000000000000000000000000000000000000000000000000000000000000000000000000000000000000000000000000000000000000000000000000000000000000000000000000000000000000$
    | |   |       | |   "IOInterfaceState" = 0x7
    | |   |       | |   "IOPrimaryInterface" = Yes
    | |   |       | |   "IOControllerEnabled" = No
    | |   |       | |   "IOMaxTransferUnit" = 0x5dc
    | |   |       | |   "IOActivePacketFilters" = {"IONetworkFilterGroup"=0x13,"IOEthernetWakeOnLANFilterGroup"=0x0}
    | |   |       | |   "IO80211DriverVersion" = "Broadcom BCM43xx 1.0 (7.77.111.1 AirPortDriverBrcmNIC-1710.4)"
    | |   |       | |   "IORequiredPacketFilters" = {"IONetworkFilterGroup"=0x13,"IOEthernetWakeOnLANFilterGroup"=0x0}
    | |   |       | |   "IOInterfaceUnit" = 0x0
    | |   |       | |   "IO80211Locale" = "FCC"
    | |   |       | |   "IOMediaAddressLength" = 0x6
    | |   |       | |   "IOBuiltin" = Yes
    | |   |       | |   "IOInterfaceType" = 0x6
    | |   |       | |   "IOMACAddress" = <9801a7af6b15>
    | |   |       | |   "BSD Name" = "en0"
    | |   |       | |   "IO80211CountryCode" = "X0"
    | |   |       | |   "IOInterfaceFlags" = 0x8823
    | |   |       | |   "IOMulticastAddressList" = <01005e0000fb3333000000fb010393df0b92>
    | |   |       | |   "IOInterfaceExtraFlags" = 0x41200080
    | |   |       | |   "IOMediaHeaderLength" = 0xe
    | |   |       | |   "IO80211HardwareVersion" = "vendorid: 0x14e4 deviceid: 0x43ba radiorev: 0x72069 chipnum: 0xaa52 chiprev: 0x1 corerev: 0x31 boardid: 0x133 boardvendor: 0x106b boardrev: 0x1319 driverrev: 0x74d6f01 ucoderev: 0x0 bus: 0x1 "
    | |   |       | |   "IOLocation" = ""
    | |   |       | |   "IOInterfaceNamePrefix" = "en"
    | |   |       | | }
    | |   |       | | 
    | |   |       | +-o IONetworkStack  <class IONetworkStack, id 0x10000031f, registered, matched, active, busy 0 (0 ms), retain 12>
    | |   |       |   | {
    | |   |       |   |   "IOProbeScore" = 0x0
    | |   |       |   |   "CFBundleIdentifier" = "com.apple.iokit.IONetworkingFamily"
    | |   |       |   |   "IOMatchCategory" = "IONetworkStack"
    | |   |       |   |   "IOClass" = "IONetworkStack"
    | |   |       |   |   "IOPersonalityPublisher" = "com.apple.iokit.IONetworkingFamily"
    | |   |       |   |   "IOProviderClass" = "IOResources"
    | |   |       |   |   "CFBundleIdentifierKernel" = "com.apple.iokit.IONetworkingFamily"
    | |   |       |   |   "IOMatchedAtBoot" = Yes
    | |   |       |   |   "IOUserClientClass" = "IONetworkStackUserClient"
    | |   |       |   |   "IOResourceMatch" = "IOBSD"
    | |   |       |   |   "IONetworkMbufDMADrivers" = ("com.apple.driver.AirPort.BrcmNIC")
    | |   |       |   | }
    | |   |       |   | 
    | |   |       |   +-o IONetworkStackUserClient  <class IONetworkStackUserClient, id 0x1000003cd, !registered, !matched, active, busy 0, retain 5>
    | |   |       |       {
    | |   |       |         "IOUserClientCreator" = "pid 110, configd"
    | |   |       |         "IOUserClientDefaultLocking" = Yes
    | |   |       |       }
    | |   |       |       
    | |   |       +-o CCDataPipe  <class CCDataPipe, id 0x1000003ce, registered, matched, active, busy 0 (0 ms), retain 10>
    | |   |       | | {
    | |   |       | |   "LogDataType" = 0x5
    | |   |       | |   "IOClass" = "CCDataPipe"
    | |   |       | |   "Filename" = "AssociationEventHistory"
    | |   |       | |   "LogType" = 0x2
    | |   |       | |   "Name" = "AssociationEventHistory"
    | |   |       | |   "NumberOfFiles" = 0x0
    | |   |       | |   "LogIdentifier" = "AssociationEventHistory"
    | |   |       | |   "PipeSize" = 0x40
    | |   |       | |   "MinLogSizeToNotify" = 0x0
    | |   |       | |   "IOReportLegend" = ({"IOReportGroupName"="CoreCapture","IOReportChannels"=((0x434350204c202020,0x180100001,"                              Log Calls"),(0x434350204c4d4442,0x180100001,"   Log Messages Dropped Short Of Buffer"),(0x434350204c435220,0x180100001,"                       Capture Requests")),"IOReportChannelInfo"={"IOReportChannelUnit"=0x6400000000000000},"IOReportSubGroupName"="Pipe AssociationEventHistory"})
    | |   |       | |   "LogPolicy" = 0x0
    | |   |       | |   "Owner" = "com.apple.iokit.IO80211Family"
    | |   |       | |   "FileOptions" = 0x0
    | |   |       | |   "NotifyThreshold" = 0x0
    | |   |       | |   "DirectoryName" = ""
    | |   |       | |   "IOReportLegendPublic" = Yes
    | |   |       | |   "Statistics" = {"timestamp"=0x0,"Errors"={"metaDataCounts: invalidState"=0x0,"metaDataCounts: invalidPaddingSize"=0x0,"metaDataCounts: invalidLogLevel"=0x0,"reserveRingEntryDrops"=0x0,"metaDataCounts: invalidPayloadSize"=0x0}}
    | |   |       | |   "PipeType" = 0x1
    | |   |       | |   "FileSize" = 0x0
    | |   |       | | }
    | |   |       | | 
    | |   |       | +-o CCIOReporterDataStream  <class CCIOReporterDataStream, id 0x1000003cf, registered, matched, active, busy 0 (0 ms), retain 7>
    | |   |       |     {
    | |   |       |       "CCIOReportRkey" = {"CCIOReportStream"=({"CCIOReportInterestSubscriptionIDx"=0x0,"CCIOReportInterests"=({"IOReportGroupName"="Chip","DriverID"=0x1000002d7,"IOReportChannels"=((0x2054436e42797465,0x100140001,"  Tx Bytes"),(0x2052436e42797465,0x100140001,"  Rx Bytes")),"IOReportSubGroupName"="Bytes Transferred"},{"IOReportGroupName"="Chip","DriverID"=0x1000002d7,"IOReportChannels"=((0x5478436e54784672,0x180100001,"       Tx Data Frames"),(0x5478436e54785265,0x180100001,"   Tx Retransmissions"),(0x5478436e54784465,0x1801$
    | |   |       |       "Id" = 0x1
    | |   |       |       "IOClass" = "CCDataStream"
    | |   |       |       "IOReportLegendPublic" = Yes
    | |   |       |       "LogIdentifier" = "AssociationEventHistory"
    | |   |       |       "Name" = "com.apple.iokit.IO80211Family"
    | |   |       |       "IOReportLegend" = ({"IOReportGroupName"="CoreCapture","IOReportChannels"=((0x434353204c202020,0x180100001,"                           Log Calls"),(0x434353204c444343,0x180100001,"        Log Calls Dropped CC Filters"),(0x434353204c444320,0x180100001,"   Log Calls Dropped Console Filters"),(0x434353204c4c4520,0x180100001,"               Log Calls [Emergency]"),(0x434353204c4c4120,0x180100001,"               Log Calls     [Alert]"),(0x434353204c4c4320,0x180100001,"               Log Calls      [Crit]"),(0x434353204c4c5$
    | |   |       |     }
    | |   |       |     
    | |   |       +-o AirPort_BrcmNIC_P2PInterface  <class AirPort_BrcmNIC_P2PInterface, id 0x1000004b2, registered, matched, active, busy 0 (0 ms), retain 9>
    | |   |       |   {
    | |   |       |     "IOMACAddress" = <0a01a7af6b15>
    | |   |       |     "BSD Name" = "p2p0"
    | |   |       |     "IO80211VirtualInterfaceRole" = "P2P Device"
    | |   |       |   }
    | |   |       |   
    | |   |       +-o CCLogPipe  <class CCLogPipe, id 0x1000004c6, registered, matched, active, busy 0 (0 ms), retain 10>
    | |   |       | | {
    | |   |       | |   "LogDataType" = 0x0
    | |   |       | |   "IOClass" = "CCLogPipe"
    | |   |       | |   "Filename" = "io80211Family"
    | |   |       | |   "LogType" = 0x0
    | |   |       | |   "Name" = "IO80211P2PPeerManager"
    | |   |       | |   "NumberOfFiles" = 0x2
    | |   |       | |   "LogIdentifier" = ""
    | |   |       | |   "PipeSize" = 0x10000
    | |   |       | |   "MinLogSizeToNotify" = 0x6666
    | |   |       | |   "IOReportLegend" = ({"IOReportGroupName"="CoreCapture","IOReportChannels"=((0x434350204c202020,0x180100001,"                              Log Calls"),(0x434350204c4d4442,0x180100001,"   Log Messages Dropped Short Of Buffer"),(0x434350204c435220,0x180100001,"                       Capture Requests")),"IOReportChannelInfo"={"IOReportChannelUnit"=0x6400000000000000},"IOReportSubGroupName"="Pipe IO80211P2PPeerManager"})
    | |   |       | |   "LogPolicy" = 0x0
    | |   |       | |   "Owner" = "com.apple.iokit.IO80211Family"
    | |   |       | |   "FileOptions" = 0x0
    | |   |       | |   "NotifyThreshold" = 0x3e8
    | |   |       | |   "DirectoryName" = ""
    | |   |       | |   "IOReportLegendPublic" = Yes
    | |   |       | |   "Statistics" = {"timestamp"=0x0,"Errors"={"metaDataCounts: invalidState"=0x0,"metaDataCounts: invalidPaddingSize"=0x0,"metaDataCounts: invalidLogLevel"=0x0,"reserveRingEntryDrops"=0x0,"metaDataCounts: invalidPayloadSize"=0x0}}
    | |   |       | |   "PipeType" = 0x0
    | |   |       | |   "FileSize" = 0xa00000
    | |   |       | | }
    | |   |       | | 
    | |   |       | +-o CCLogStream  <class CCLogStream, id 0x1000004c7, registered, matched, active, busy 0 (0 ms), retain 7>
    | |   |       |     {
    | |   |       |       "IOClass" = "CCLogStream"
    | |   |       |       "StreamHeader" = <0500000000007373>
    | |   |       |       "Name" = "bpfIO80211AWDL"
    | |   |       |       "Id" = 0x1
    | |   |       |       "LogIdentifier" = "IO80211P2P"
    | |   |       |       "CoreCaptureLevel" = 0x4
    | |   |       |       "ConsoleLevel" = 0xffffffffffffffff
    | |   |       |       "MiscInfo" = 0x96
    | |   |       |       "ConsoleFlag" = 0x0
    | |   |       |       "IOReportLegend" = ({"IOReportGroupName"="CoreCapture","IOReportChannels"=((0x434353204c202020,0x180100001,"                           Log Calls"),(0x434353204c444343,0x180100001,"        Log Calls Dropped CC Filters"),(0x434353204c444320,0x180100001,"   Log Calls Dropped Console Filters"),(0x434353204c4c4520,0x180100001,"               Log Calls [Emergency]"),(0x434353204c4c4120,0x180100001,"               Log Calls     [Alert]"),(0x434353204c4c4320,0x180100001,"               Log Calls      [Crit]"),(0x434353204c4c5$
    | |   |       |       "CoreCaptureFlag" = 0x4
    | |   |       |       "IOReportLegendPublic" = Yes
    | |   |       |     }
    | |   |       |     
    | |   |       +-o AirPort_BrcmNIC_P2PInterface  <class AirPort_BrcmNIC_P2PInterface, id 0x1000004c8, registered, matched, active, busy 0 (0 ms), retain 12>
    | |   |       | | {
    | |   |       | |   "IOMACAddress" = <56a10c47acf7>
    | |   |       | |   "BSD Name" = "awdl0"
    | |   |       | |   "IO80211VirtualInterfaceRole" = "AirLink"
    | |   |       | | }
    | |   |       | | 
    | |   |       | +-o IO80211AsyncEventUserClient  <class IO80211AsyncEventUserClient, id 0x1000026bd, !registered, !matched, active, busy 0, retain 5>
    | |   |       | |   {
    | |   |       | |     "IOUserClientCreator" = "pid 88499, wifip2pd"
    | |   |       | |     "IOUserClientDefaultLocking" = Yes
    | |   |       | |   }
    | |   |       | |   
    | |   |       | +-o IO80211P2PDaemonUserClient  <class IO80211P2PDaemonUserClient, id 0x1000026be, !registered, !matched, active, busy 0, retain 5>
    | |   |       |     {
    | |   |       |       "IOUserClientCreator" = "pid 88499, wifip2pd"
    | |   |       |       "IOUserClientDefaultLocking" = Yes
    | |   |       |     }
    | |   |       |     
    | |   |       +-o AirPort_Brcm43xxLLSkywalkInterface  <class AirPort_Brcm43xxLLSkywalkInterface, id 0x1000004c9, registered, matched, active, busy 0 (106 ms), retain 9>
    | |   |         | {
    | |   |         |   "IOInterfaceNamePrefix" = "llw"
    | |   |         |   "IOMACAddress" = <56a10c47acf7>
    | |   |         |   "IO80211InterfaceRole" = "LowLatency"
    | |   |         |   "IOInterfaceUnit" = 0x0
    | |   |         |   "IOPowerManagement" = {"CapabilityFlags"=0x0,"CurrentPowerState"=0x0}
    | |   |         |   "IOInterfaceType" = 0x6
    | |   |         |   "BSD Name" = "llw0"
    | |   |         | }
    | |   |         | 
    | |   |         +-o IOSkywalkNetworkBSDClient  <class IOSkywalkNetworkBSDClient, id 0x1000004cc, registered, matched, active, busy 0 (0 ms), retain 8>
    | |   |             {
    | |   |               "IOProbeScore" = 0x3e8
    | |   |               "CFBundleIdentifier" = "com.apple.iokit.IOSkywalkFamily"
    | |   |               "IOProviderClass" = "IOSkywalkNetworkInterface"
    | |   |               "IOClass" = "IOSkywalkNetworkBSDClient"
    | |   |               "IOPersonalityPublisher" = "com.apple.iokit.IOSkywalkFamily"
    | |   |               "CFBundleIdentifierKernel" = "com.apple.iokit.IOSkywalkFamily"
    | |   |               "IOMatchedAtBoot" = Yes
    | |   |               "IOMatchCategory" = "IODefaultMatchCategory"
    | |   |               "IOPowerManagement" = {"DevicePowerState"=0x1,"CurrentPowerState"=0x0,"CapabilityFlags"=0x0,"MaxPowerState"=0x1,"DesiredPowerState"=0x1}
    | |   |               "IOResourceMatch" = "IOBSD"
    | |   |               "IOSkywalkNexusUUID" = "D56BCA6A-41D3-4E84-995F-08B5D0D75E64"
    | |   |             }
    | |   |             
    | |   +-o RP05@1C,4  <class IOPCIDevice, id 0x1000001fa, registered, matched, active, busy 0 (686 ms), retain 11>
    | |   | | {
    | |   | |   "acpi-device" = "IOACPIPlatformDevice is not serializable"
    | |   | |   "IOPCIExpressLinkCapabilities" = 0x5324c42
    | |   | |   "vendor-id" = <86800000>
    | |   | |   "class-code" = <00040600>
    | |   | |   "subsystem-vendor-id" = <7f000000>
    | |   | |   "IOName" = "pci-bridge"
    | |   | |   "#size-cells" = <02000000>
    | |   | |   "IOPCIExpressSlotCapabilities" = 0x24fd00
    | |   | |   "IOPCIHPType" = 0x32
    | |   | |   "pcidebug" = "0:28:4(5:255)"
    | |   | |   "IOPCIExpressLinkStatus" = 0x7042
    | |   | |   "pci-aspm-default" = 0x0
    | |   | |   "IOPCIExpressCapabilities" = 0x142
    | |   | |   "IOServiceDEXTEntitlements" = (("com.apple.developer.driverkit.transport.pci","com.apple.developer.driverkit.transport.pci.bridge"))
    | |   | |   "reg-ltrovr" = <0004000000000000>
    | |   | |   "IOPCIConfigured" = Yes
    | |   | |   "IODTPersist" = 0x0
    | |   | |   "IOInterruptControllers" = ("io-apic-0")
    | |   | |   "built-in" = <00>
    | |   | |   "IOPCIResourced" = Yes
    | |   | |   "IOPowerManagement" = {"PowerOverrideOn"=Yes,"CapabilityFlags"=0x0,"ChildProxyPowerState"=0x2,"MaxPowerState"=0x3,"DevicePowerState"=0x0,"ChildrenPowerState"=0x2,"CurrentPowerState"=0x0}
    | |   | |   "ranges" = <0000008200000000000090c10000008200000000000090c1000000000000701e000000c27f000000000010a1000000c27f000000000010a1000000000000f05e0000008100000000004000000000008100000000004000000000000000a00000>
    | |   | |   "acpi-pmcap-offset" = 0xa0
    | |   | |   "name" = <7063692d62726964676500>
    | |   | |   "subsystem-id" = <00000000>
    | |   | |   "compatible" = <70636937662c3000706369383038362c3963393800706369636c6173732c303630343030005250303500>
    | |   | |   "IOPCIExpressSlotStatus" = 0x40
    | |   | |   "reg" = <00e4000000000000000000000000000000000000>
    | |   | |   "device-id" = <989c0000>
    | |   | |   "#address-cells" = <03000000>
    | |   | |   "revision-id" = <e3000000>
    | |   | |   "IOInterruptSpecifiers" = (<1000000007000000>)
    | |   | |   "acpi-path" = "IOACPIPlane:/_SB/PCI0@0/RP05@1c0004"
    | |   | | }
    | |   | | 
    | |   | +-o IOPP  <class IOPCI2PCIBridge, id 0x1000002a3, registered, matched, active, busy 0 (603 ms), retain 8>
    | |   |   | {
    | |   |   |   "IOClass" = "IOPCI2PCIBridge"
    | |   |   |   "CFBundleIdentifier" = "com.apple.iokit.IOPCIFamily"
    | |   |   |   "IOProviderClass" = "IOPCIDevice"
    | |   |   |   "IOPCIPowerOnProbe" = Yes
    | |   |   |   "IOPowerManagement" = {"ChildrenPowerState"=0x2,"CurrentPowerState"=0x0,"CapabilityFlags"=0x0,"MaxPowerState"=0x3,"DesiredPowerState"=0x2}
    | |   |   |   "IOProbeScore" = 0xffffffffffffff9c
    | |   |   |   "IONameMatch" = "pci-bridge"
    | |   |   |   "IOMatchedAtBoot" = Yes
    | |   |   |   "IOMatchCategory" = "IODefaultMatchCategory"
    | |   |   |   "IONameMatched" = "pci-bridge"
    | |   |   |   "IOPersonalityPublisher" = "com.apple.iokit.IOPCIFamily"
    | |   |   |   "CFBundleIdentifierKernel" = "com.apple.iokit.IOPCIFamily"
    | |   |   | }
    | |   |   | 
    | |   |   +-o UPSB@0  <class IOPCIDevice, id 0x1000001fb, registered, matched, active, busy 0 (603 ms), retain 15>
    | |   |     | {
    | |   |     |   "acpi-device" = "IOACPIPlatformDevice is not serializable"
    | |   |     |   "IOPCIExpressLinkCapabilities" = 0x55c42
    | |   |     |   "vendor-id" = <86800000>
    | |   |     |   "class-code" = <00040600>
    | |   |     |   "subsystem-vendor-id" = <7f000000>
    | |   |     |   "IOName" = "pci-bridge"
    | |   |     |   "#size-cells" = <02000000>
    | |   |     |   "IOPCIHPType" = 0x31
    | |   |     |   "pcidebug" = "5:0:0(6:255)"
    | |   |     |   "IOChildIndex" = 0x1
    | |   |     |   "IOPCIExpressLinkStatus" = 0x1042
    | |   |     |   "pci-aspm-default" = 0x0
    | |   |     |   "IOPCIExpressCapabilities" = 0x52
    | |   |     |   "IOServiceDEXTEntitlements" = (("com.apple.developer.driverkit.transport.pci","com.apple.developer.driverkit.transport.pci.bridge"))
    | |   |     |   "IOPCIConfigured" = Yes
    | |   |     |   "IODTPersist" = 0x0
    | |   |     |   "IOInterruptControllers" = ()
    | |   |     |   "built-in" = <00>
    | |   |     |   "IOPCIResourced" = Yes
    | |   |     |   "IOPowerManagement" = {"ChildrenPowerState"=0x2,"DesiredPowerState"=0x2,"CurrentPowerState"=0x0,"CapabilityFlags"=0x0,"ChildProxyPowerState"=0x2,"MaxPowerState"=0x3}
    | |   |     |   "ranges" = <0000008200000000000090c10000008200000000000090c1000000000000701e000000c27f000000000010a1000000c27f000000000010a1000000000000f05e0000008100000000004000000000008100000000004000000000000000a00000>
    | |   |     |   "acpi-pmcap-offset" = 0x80
    | |   |     |   "name" = <7063692d62726964676500>
    | |   |     |   "subsystem-id" = <00000000>
    | |   |     |   "compatible" = <70636937662c3000706369383038362c3135366400706369636c6173732c303630343030005550534200>
    | |   |     |   "PCI-Thunderbolt" = 0x1
    | |   |     |   "reg" = <0000050000000000000000000000000000000000>
    | |   |     |   "IOPCITunnelL1Enable" = No
    | |   |     |   "device-id" = <6d150000>
    | |   |     |   "#address-cells" = <03000000>
    | |   |     |   "revision-id" = <00000000>
    | |   |     |   "IOInterruptSpecifiers" = ()
    | |   |     |   "acpi-path" = "IOACPIPlane:/_SB/PCI0@0/RP05@1c0004/UPSB@0"
    | |   |     | }
    | |   |     | 
    | |   |     +-o IOPP  <class IOPCI2PCIBridge, id 0x1000002d4, registered, matched, active, busy 0 (598 ms), retain 16>
    | |   |       | {
    | |   |       |   "IOClass" = "IOPCI2PCIBridge"
    | |   |       |   "CFBundleIdentifier" = "com.apple.iokit.IOPCIFamily"
    | |   |       |   "IOProviderClass" = "IOPCIDevice"
    | |   |       |   "IOPCIPowerOnProbe" = Yes
    | |   |       |   "IOPowerManagement" = {"ChildrenPowerState"=0x2,"CurrentPowerState"=0x0,"CapabilityFlags"=0x0,"MaxPowerState"=0x3,"DesiredPowerState"=0x2}
    | |   |       |   "IOProbeScore" = 0xffffffffffffff9c
    | |   |       |   "IONameMatch" = "pci-bridge"
    | |   |       |   "IOMatchedAtBoot" = Yes
    | |   |       |   "IOMatchCategory" = "IODefaultMatchCategory"
    | |   |       |   "IONameMatched" = "pci-bridge"
    | |   |       |   "IOPersonalityPublisher" = "com.apple.iokit.IOPCIFamily"
    | |   |       |   "CFBundleIdentifierKernel" = "com.apple.iokit.IOPCIFamily"
    | |   |       | }
    | |   |       | 
    | |   |       +-o DSB0@0  <class IOPCIDevice, id 0x1000001fc, registered, matched, active, busy 0 (598 ms), retain 11>
    | |   |       | | {
    | |   |       | |   "IOInterruptSpecifiers" = ()
    | |   |       | |   "#address-cells" = <03000000>
    | |   |       | |   "class-code" = <00040600>
    | |   |       | |   "IOPCIExpressSlotStatus" = 0x40
    | |   |       | |   "IOPowerManagement" = {"ChildrenPowerState"=0x2,"DesiredPowerState"=0x2,"CurrentPowerState"=0x0,"CapabilityFlags"=0x0,"ChildProxyPowerState"=0x2,"MaxPowerState"=0x3}
    | |   |       | |   "built-in" = <00>
    | |   |       | |   "acpi-device" = "IOACPIPlatformDevice is not serializable"
    | |   |       | |   "pci-aspm-default" = 0x0
    | |   |       | |   "IOInterruptControllers" = ()
    | |   |       | |   "IOPCIHPType" = 0x1
    | |   |       | |   "vendor-id" = <86800000>
    | |   |       | |   "name" = <7063692d62726964676500>
    | |   |       | |   "device-id" = <6d150000>
    | |   |       | |   "IOChildIndex" = 0x1
    | |   |       | |   "acpi-pmcap-offset" = 0x80
    | |   |       | |   "IOPCIResourced" = Yes
    | |   |       | |   "compatible" = <706369383038362c3135366400706369636c6173732c303630343030004453423000>
    | |   |       | |   "ranges" = <0000008200000000000090c10000008200000000000090c10000000000001000000000c20000000000000000000000c2000000000000000000000000000000000000008100000000000000000000008100000000000000000000000000000000>
    | |   |       | |   "IOServiceDEXTEntitlements" = (("com.apple.developer.driverkit.transport.pci","com.apple.developer.driverkit.transport.pci.bridge"))
    | |   |       | |   "IOPCIExpressLinkCapabilities" = 0x315c41
    | |   |       | |   "IODTPersist" = 0x0
    | |   |       | |   "acpi-path" = "IOACPIPlane:/_SB/PCI0@0/RP05@1c0004/UPSB@0/DSB0@0"
    | |   |       | |   "IOPCIConfigured" = Yes
    | |   |       | |   "IOPCITunnelL1Enable" = No
    | |   |       | |   "revision-id" = <00000000>
    | |   |       | |   "IOPCIExpressLinkStatus" = 0x3041
    | |   |       | |   "IOPCIExpressCapabilities" = 0x162
    | |   |       | |   "pcidebug" = "6:0:0(7:7)"
    | |   |       | |   "IOName" = "pci-bridge"
    | |   |       | |   "#size-cells" = <02000000>
    | |   |       | |   "reg" = <0000060000000000000000000000000000000000>
    | |   |       | |   "IOPCIExpressSlotCapabilities" = 0x40060
    | |   |       | | }
    | |   |       | | 
    | |   |       | +-o IOPP  <class IOPCI2PCIBridge, id 0x1000002dd, registered, matched, active, busy 0 (595 ms), retain 8>
    | |   |       |   | {
    | |   |       |   |   "IOClass" = "IOPCI2PCIBridge"
    | |   |       |   |   "CFBundleIdentifier" = "com.apple.iokit.IOPCIFamily"
    | |   |       |   |   "IOProviderClass" = "IOPCIDevice"
    | |   |       |   |   "IOPCIPowerOnProbe" = Yes
    | |   |       |   |   "IOPowerManagement" = {"ChildrenPowerState"=0x2,"CurrentPowerState"=0x0,"CapabilityFlags"=0x0,"MaxPowerState"=0x3,"DesiredPowerState"=0x2}
    | |   |       |   |   "IOProbeScore" = 0xffffffffffffff9c
    | |   |       |   |   "IONameMatch" = "pci-bridge"
    | |   |       |   |   "IOMatchedAtBoot" = Yes
    | |   |       |   |   "IOMatchCategory" = "IODefaultMatchCategory"
    | |   |       |   |   "IONameMatched" = "pci-bridge"
    | |   |       |   |   "IOPersonalityPublisher" = "com.apple.iokit.IOPCIFamily"
    | |   |       |   |   "CFBundleIdentifierKernel" = "com.apple.iokit.IOPCIFamily"
    | |   |       |   | }
    | |   |       |   | 
    | |   |       |   +-o NHI0@0  <class IOPCIDevice, id 0x1000001fd, registered, matched, active, busy 0 (595 ms), retain 10>
    | |   |       |     | {
    | |   |       |     |   "acpi-device" = "IOACPIPlatformDevice is not serializable"
    | |   |       |     |   "IOPCIMSIMode" = Yes
    | |   |       |     |   "assigned-addresses" = <1000078200000000000090c100000000000004001400078200000000000094c10000000000100000>
    | |   |       |     |   "vendor-id" = <86800000>
    | |   |       |     |   "class-code" = <00800800>
    | |   |       |     |   "IOPCIExpressLinkCapabilities" = 0x55c41
    | |   |       |     |   "IOName" = "pci8086,156c"
    | |   |       |     |   "pathcr" = <0400000000000000000007001000100005000000000000000000070010001000010000000b000e000e000000000000000200000000000000000004000200010003000000000000000000070002000100>
    | |   |       |     |   "TBTDPLowToHigh" = <01000000>
    | |   |       |     |   "IOPCIHPType" = 0x1
    | |   |       |     |   "power-save" = 0x1
    | |   |       |     |   "pcidebug" = "7:0:0"
    | |   |       |     |   "IOChildIndex" = 0x1
    | |   |       |     |   "IOPCIExpressLinkStatus" = 0x1041
    | |   |       |     |   "TBTFlags" = <03000000>
    | |   |       |     |   "pci-aspm-default" = 0x0
    | |   |       |     |   "IOPCIExpressCapabilities" = 0x2
    | |   |       |     |   "IOServiceDEXTEntitlements" = (("com.apple.developer.driverkit.transport.pci"))
    | |   |       |     |   "IOInterruptControllers" = ("io-apic-0","IOPCIMessagedInterruptController")
    | |   |       |     |   "linkDetails" = <0800000003000000>
    | |   |       |     |   "IOPCITunnelControllerID" = 0x1000002f1
    | |   |       |     |   "built-in" = <00>
    | |   |       |     |   "IOPCIResourced" = Yes
    | |   |       |     |   "IOPowerManagement" = {"ChildrenPowerState"=0x2,"DesiredPowerState"=0x2,"CurrentPowerState"=0x0,"CapabilityFlags"=0x0,"ChildProxyPowerState"=0x2,"MaxPowerState"=0x3}
    | |   |       |     |   "IODeviceMemory" = (({"address"=0xc1900000,"length"=0x40000}),({"address"=0xc1940000,"length"=0x1000}))
    | |   |       |     |   "acpi-pmcap-offset" = 0x80
    | |   |       |     |   "name" = <706369383038362c3135366300>
    | |   |       |     |   "ThunderboltUUID" = <3fa6ecd088d8bc5280a585380d59800b>
    | |   |       |     |   "compatible" = <706369383038362c3135366300706369636c6173732c303838303030004e48493000>
    | |   |       |     |   "ThunderboltDROM" = <27204cd806130001007e8b5ccb01620001000b000101088180028000000008829001800000000883800480010000088490038001000008850000000000000386600387800388a00389c002ca058b500082058c5000840d014170706c6520496e632e000c024d6163696e746f736800>
    | |   |       |     |   "sscOffset" = <0007>
    | |   |       |     |   "IOReportLegendPublic" = Yes
    | |   |       |     |   "reg" = <000007000000000000000000000000000000000010000702000000000000000000000000000004001400070200000000000000000000000000100000>
    | |   |       |     |   "driver-child-bundle" = "com.apple.driver.AppleThunderboltNHI"
    | |   |       |     |   "IOPCITunnelL1Enable" = No
    | |   |       |     |   "IOReportLegend" = ({"IOReportGroupName"="Interrupt Statistics (by index)","IOReportChannels"=((0x496e747200010000,0x100020001,"               First Level Interrupt Handler Count"),(0x496e747200010001,0x100020001,"              Second Level Interrupt Handler Count"),(0x496e747200010002,0x100020001,"        First Level Interrupt Handler Time (MATUs)"),(0x496e747200010003,0x100020001,"   Second Level Interrupt Handler CPU Time (MATUs)"),(0x496e747200010004,0x100020001,"Second Level Interrupt Handler System Time (MATUs$
    | |   |       |     |   "device-id" = <6c150000>
    | |   |       |     |   "ThunderboltConfig" = <0000ffff300001005d000200310001003200010001000200>
    | |   |       |     |   "revision-id" = <00000000>
    | |   |       |     |   "iommu-selection" = <00000000>
    | |   |       |     |   "IOInterruptSpecifiers" = (<1000000007000000>,<0800000000000100>)
    | |   |       |     |   "acpi-path" = "IOACPIPlane:/_SB/PCI0@0/RP05@1c0004/UPSB@0/DSB0@0/NHI0@0"
    | |   |       |     | }
    | |   |       |     | 
    | |   |       |     +-o AppleThunderboltHAL  <class AppleThunderboltHAL, id 0x1000002f1, registered, matched, active, busy 0 (260 ms), retain 11>
    | |   |       |       | {
    | |   |       |       |   "IOClass" = "AppleThunderboltHAL"
    | |   |       |       |   "CFBundleIdentifier" = "com.apple.driver.AppleThunderboltNHI"
    | |   |       |       |   "IOProviderClass" = "IOPCIDevice"
    | |   |       |       |   "IOPCIClassMatch" = "0x08800000&0xffff0000"
    | |   |       |       |   "IOPCITunnelCompatible" = Yes
    | |   |       |       |   "IOPlatformSleepAction" = 0x30d40
    | |   |       |       |   "IOProbeScore" = 0x0
    | |   |       |       |   "IOPCIMatch" = "0x15008086&0xff00ffff"
    | |   |       |       |   "IOMatchedAtBoot" = Yes
    | |   |       |       |   "IOMatchCategory" = "IODefaultMatchCategory"
    | |   |       |       |   "IOPlatformWakeAction" = 0x30d40
    | |   |       |       |   "NVM Loaded" = 0x1000027
    | |   |       |       |   "Statistics" = {"Total Rx Packets"="3013","Total Tx Packets"="3012"}
    | |   |       |       |   "IOPowerManagement" = {"ChildrenPowerState"=0x3,"DevicePowerState"=0x3,"CurrentPowerState"=0x0,"CapabilityFlags"=0x0,"MaxPowerState"=0x3,"DesiredPowerState"=0x3}
    | |   |       |       |   "IOPersonalityPublisher" = "com.apple.driver.AppleThunderboltNHI"
    | |   |       |       |   "CFBundleIdentifierKernel" = "com.apple.driver.AppleThunderboltNHI"
    | |   |       |       |   "Hardware Owner" = "AppleThunderboltNHIType2"
    | |   |       |       | }
    | |   |       |       | 
    | |   |       |       +-o AppleThunderboltNHIType2  <class AppleThunderboltNHIType2, id 0x1000002f3, registered, matched, active, busy 0 (260 ms), retain 9>
    | |   |       |         | {
    | |   |       |         |   "RTPC" = Yes
    | |   |       |         | }
    | |   |       |         | 
    | |   |       |         +-o IOThunderboltController  <class IOThunderboltController, id 0x1000002f4, registered, matched, active, busy 0 (260 ms), retain 18>
    | |   |       |           | {
    | |   |       |           |   "User Client Version" = 0x5
    | |   |       |           |   "Generation" = 0xa
    | |   |       |           |   "IOCFPlugInTypes" = {"3A0F596B-5D02-41D3-99D4-E27D4F218A54"="IOThunderboltFamily.kext/Contents/PlugIns/IOThunderboltLib.plugin"}
    | |   |       |           |   "JTAG Device Count" = 0x0
    | |   |       |           |   "IOUserClientClass" = "IOThunderboltFamilyUserClient"
    | |   |       |           |   "IOPowerManagement" = {"ChildrenPowerState"=0x2,"DesiredPowerState"=0x2,"CurrentPowerState"=0x0,"CapabilityFlags"=0x0,"MaxPowerState"=0x2,"DriverPowerState"=0x2}
    | |   |       |           |   "Using Bus Power" = No
    | |   |       |           |   "TMU Mode" = 0x3
    | |   |       |           | }
    | |   |       |           | 
    | |   |       |           +-o IOThunderboltLocalNode  <class IOThunderboltLocalNode, id 0x10000030f, registered, matched, active, busy 0 (173 ms), retain 7>
    | |   |       |           | | {
    | |   |       |           | |   "XDP" = <0144585518000000646e65766469726f01000076270a0000646e65766469726f030000741a0000006976656464696563010000760a0000006976656464696563040000741d000000697665647672656301000076000100806878616d6469706f010000760f0000006c7070416e49206500002e634263614d506b6f6f32316f720000312c00000000000000000000000000000000>
    | |   |       |           | |   "Domain UUID" = "3FA6ECD0-88D8-BC52-80A5-85380D59800B"
    | |   |       |           | | }
    | |   |       |           | | 
    | |   |       |           | +-o AppleThunderboltIPService  <class AppleThunderboltIPService, id 0x1000003fe, registered, matched, active, busy 0 (140 ms), retain 9>
    | |   |       |           |   | {
    | |   |       |           |   |   "IOProbeScore" = 0x1000
    | |   |       |           |   |   "CFBundleIdentifier" = "com.apple.driver.AppleThunderboltIP"
    | |   |       |           |   |   "IOMatchCategory" = "AppleThunderboltIPService"
    | |   |       |           |   |   "IOClass" = "AppleThunderboltIPService"
    | |   |       |           |   |   "IOPersonalityPublisher" = "com.apple.driver.AppleThunderboltIP"
    | |   |       |           |   |   "IOProviderClass" = "IOThunderboltLocalNode"
    | |   |       |           |   |   "CFBundleIdentifierKernel" = "com.apple.driver.AppleThunderboltIP"
    | |   |       |           |   |   "Protocol Settings" = 0x2
    | |   |       |           |   |   "IOResourceMatch" = "IOKit"
    | |   |       |           |   | }
    | |   |       |           |   | 
    | |   |       |           |   +-o AppleThunderboltIPPort  <class AppleThunderboltIPPort, id 0x1000003ff, registered, matched, active, busy 0 (137 ms), retain 7>
    | |   |       |           |   | | {
    | |   |       |           |   | |   "IOLocation" = "1"
    | |   |       |           |   | |   "IOModel" = "ThunderboltIP"
    | |   |       |           |   | |   "IOPacketFilters" = {"IONetworkFilterGroup"=0x23,"IOEthernetWakeOnLANFilterGroup"=0x0}
    | |   |       |           |   | |   "IOMACAddress" = <82131b613080>
    | |   |       |           |   | |   "IOLinkSpeed" = 0x2540be400
    | |   |       |           |   | |   "AVBControllerState" = 0x1
    | |   |       |           |   | |   "IOVendor" = "Apple"
    | |   |       |           |   | |   "IOSelectedMedium" = "00100020"
    | |   |       |           |   | |   "IOMinPacketSize" = 0x40
    | |   |       |           |   | |   "IOFeatures" = 0x38
    | |   |       |           |   | |   "IORevision" = "4.0.3"
    | |   |       |           |   | |   "IOLinkStatus" = 0x1
    | |   |       |           |   | |   "IOMaxPacketSize" = 0x233a
    | |   |       |           |   | |   "IOActiveMedium" = "00100020"
    | |   |       |           |   | |   "IOMediumDictionary" = {"00100020"={"Index"=0x0,"Type"=0x100020,"Flags"=0x0,"Speed"=0x2540be400}}
    | |   |       |           |   | | }
    | |   |       |           |   | | 
    | |   |       |           |   | +-o en1  <class IOEthernetInterface, id 0x100000401, registered, matched, active, busy 0 (137 ms), retain 11>
    | |   |       |           |   |   | {
    | |   |       |           |   |   |   "IOLocation" = "1"
    | |   |       |           |   |   |   "IORequiredPacketFilters" = {"IONetworkFilterGroup"=0x3,"IOEthernetWakeOnLANFilterGroup"=0x0}
    | |   |       |           |   |   |   "BSD Name" = "en1"
    | |   |       |           |   |   |   "IOMaxTransferUnit" = 0x2328
    | |   |       |           |   |   |   "IOInterfaceFlags" = 0x8963
    | |   |       |           |   |   |   "IOInterfaceType" = 0x6
    | |   |       |           |   |   |   "IOMediaAddressLength" = 0x6
    | |   |       |           |   |   |   "IOInterfaceState" = 0x3
    | |   |       |           |   |   |   "IOMediaHeaderLength" = 0xe
    | |   |       |           |   |   |   "IOActivePacketFilters" = {"IONetworkFilterGroup"=0x3,"IOEthernetWakeOnLANFilterGroup"=0x0}
    | |   |       |           |   |   |   "IOInterfaceExtraFlags" = 0x41000080
    | |   |       |           |   |   |   "IOPrimaryInterface" = No
    | |   |       |           |   |   |   "IOControllerEnabled" = Yes
    | |   |       |           |   |   |   "IOInterfaceUnit" = 0x1
    | |   |       |           |   |   |   "IOInterfaceNamePrefix" = "en"
    | |   |       |           |   |   |   "IOBuiltin" = Yes
    | |   |       |           |   |   |   "IONetworkData" = {"IONetworkStatsKey"={"Size"=0x14,"Data"=<0000000000000000000000000000000000000000>,"Access Types"=0x9},"IOEthernetStatsKey"={"Size"=0xd8,"Data"=<0000000000000000000000000000000000000000000000000000000000000000000000000000000000000000000000000000000000000000000000000000000000000000000000000000000000000000000000000000000000000000000000000000000000000000000000000000000000000000000000000000000000000000000000000000000000000000000000000000000000000000000000000000000000000000000000000000000$
    | |   |       |           |   |   | }
    | |   |       |           |   |   | 
    | |   |       |           |   |   +-o IONetworkStack  <class IONetworkStack, id 0x10000031f, registered, matched, active, busy 0 (0 ms), retain 12>
    | |   |       |           |   |     | {
    | |   |       |           |   |     |   "IOProbeScore" = 0x0
    | |   |       |           |   |     |   "CFBundleIdentifier" = "com.apple.iokit.IONetworkingFamily"
    | |   |       |           |   |     |   "IOMatchCategory" = "IONetworkStack"
    | |   |       |           |   |     |   "IOClass" = "IONetworkStack"
    | |   |       |           |   |     |   "IOPersonalityPublisher" = "com.apple.iokit.IONetworkingFamily"
    | |   |       |           |   |     |   "IOProviderClass" = "IOResources"
    | |   |       |           |   |     |   "CFBundleIdentifierKernel" = "com.apple.iokit.IONetworkingFamily"
    | |   |       |           |   |     |   "IOMatchedAtBoot" = Yes
    | |   |       |           |   |     |   "IOUserClientClass" = "IONetworkStackUserClient"
    | |   |       |           |   |     |   "IOResourceMatch" = "IOBSD"
    | |   |       |           |   |     |   "IONetworkMbufDMADrivers" = ("com.apple.driver.AirPort.BrcmNIC")
    | |   |       |           |   |     | }
    | |   |       |           |   |     | 
    | |   |       |           |   |     +-o IONetworkStackUserClient  <class IONetworkStackUserClient, id 0x1000003cd, !registered, !matched, active, busy 0, retain 5>
    | |   |       |           |   |         {
    | |   |       |           |   |           "IOUserClientCreator" = "pid 110, configd"
    | |   |       |           |   |           "IOUserClientDefaultLocking" = Yes
    | |   |       |           |   |         }
    | |   |       |           |   |         
    | |   |       |           |   +-o AppleThunderboltIPPort  <class AppleThunderboltIPPort, id 0x100000402, registered, matched, active, busy 0 (140 ms), retain 7>
    | |   |       |           |     | {
    | |   |       |           |     |   "IOLocation" = "2"
    | |   |       |           |     |   "IOModel" = "ThunderboltIP"
    | |   |       |           |     |   "IOPacketFilters" = {"IONetworkFilterGroup"=0x23,"IOEthernetWakeOnLANFilterGroup"=0x0}
    | |   |       |           |     |   "IOMACAddress" = <82131b613081>
    | |   |       |           |     |   "IOLinkSpeed" = 0x2540be400
    | |   |       |           |     |   "AVBControllerState" = 0x1
    | |   |       |           |     |   "IOVendor" = "Apple"
    | |   |       |           |     |   "IOSelectedMedium" = "00100020"
    | |   |       |           |     |   "IOMinPacketSize" = 0x40
    | |   |       |           |     |   "IOFeatures" = 0x38
    | |   |       |           |     |   "IORevision" = "4.0.3"
    | |   |       |           |     |   "IOLinkStatus" = 0x1
    | |   |       |           |     |   "IOMaxPacketSize" = 0x233a
    | |   |       |           |     |   "IOActiveMedium" = "00100020"
    | |   |       |           |     |   "IOMediumDictionary" = {"00100020"={"Index"=0x0,"Type"=0x100020,"Flags"=0x0,"Speed"=0x2540be400}}
    | |   |       |           |     | }
    | |   |       |           |     | 
    | |   |       |           |     +-o en2  <class IOEthernetInterface, id 0x100000404, registered, matched, active, busy 0 (140 ms), retain 11>
    | |   |       |           |       | {
    | |   |       |           |       |   "IOLocation" = "2"
    | |   |       |           |       |   "IORequiredPacketFilters" = {"IONetworkFilterGroup"=0x3,"IOEthernetWakeOnLANFilterGroup"=0x0}
    | |   |       |           |       |   "BSD Name" = "en2"
    | |   |       |           |       |   "IOMaxTransferUnit" = 0x2328
    | |   |       |           |       |   "IOInterfaceFlags" = 0x8963
    | |   |       |           |       |   "IOInterfaceType" = 0x6
    | |   |       |           |       |   "IOMediaAddressLength" = 0x6
    | |   |       |           |       |   "IOInterfaceState" = 0x3
    | |   |       |           |       |   "IOMediaHeaderLength" = 0xe
    | |   |       |           |       |   "IOActivePacketFilters" = {"IONetworkFilterGroup"=0x3,"IOEthernetWakeOnLANFilterGroup"=0x0}
    | |   |       |           |       |   "IOInterfaceExtraFlags" = 0x41000080
    | |   |       |           |       |   "IOPrimaryInterface" = No
    | |   |       |           |       |   "IOControllerEnabled" = Yes
    | |   |       |           |       |   "IOInterfaceUnit" = 0x2
    | |   |       |           |       |   "IOInterfaceNamePrefix" = "en"
    | |   |       |           |       |   "IOBuiltin" = Yes
    | |   |       |           |       |   "IONetworkData" = {"IONetworkStatsKey"={"Size"=0x14,"Data"=<0000000000000000000000000000000000000000>,"Access Types"=0x9},"IOEthernetStatsKey"={"Size"=0xd8,"Data"=<0000000000000000000000000000000000000000000000000000000000000000000000000000000000000000000000000000000000000000000000000000000000000000000000000000000000000000000000000000000000000000000000000000000000000000000000000000000000000000000000000000000000000000000000000000000000000000000000000000000000000000000000000000000000000000000000000000000$
    | |   |       |           |       | }
    | |   |       |           |       | 
    | |   |       |           |       +-o IONetworkStack  <class IONetworkStack, id 0x10000031f, registered, matched, active, busy 0 (0 ms), retain 12>
    | |   |       |           |         | {
    | |   |       |           |         |   "IOProbeScore" = 0x0
    | |   |       |           |         |   "CFBundleIdentifier" = "com.apple.iokit.IONetworkingFamily"
    | |   |       |           |         |   "IOMatchCategory" = "IONetworkStack"
    | |   |       |           |         |   "IOClass" = "IONetworkStack"
    | |   |       |           |         |   "IOPersonalityPublisher" = "com.apple.iokit.IONetworkingFamily"
    | |   |       |           |         |   "IOProviderClass" = "IOResources"
    | |   |       |           |         |   "CFBundleIdentifierKernel" = "com.apple.iokit.IONetworkingFamily"
    | |   |       |           |         |   "IOMatchedAtBoot" = Yes
    | |   |       |           |         |   "IOUserClientClass" = "IONetworkStackUserClient"
    | |   |       |           |         |   "IOResourceMatch" = "IOBSD"
    | |   |       |           |         |   "IONetworkMbufDMADrivers" = ("com.apple.driver.AirPort.BrcmNIC")
    | |   |       |           |         | }
    | |   |       |           |         | 
    | |   |       |           |         +-o IONetworkStackUserClient  <class IONetworkStackUserClient, id 0x1000003cd, !registered, !matched, active, busy 0, retain 5>
    | |   |       |           |             {
    | |   |       |           |               "IOUserClientCreator" = "pid 110, configd"
    | |   |       |           |               "IOUserClientDefaultLocking" = Yes
    | |   |       |           |             }
    | |   |       |           |             
    | |   |       |           +-o IOThunderboltPort@5  <class IOThunderboltPort, id 0x100000310, registered, matched, active, busy 0 (85 ms), retain 8>
    | |   |       |             | {
    | |   |       |             |   "Max Credits" = 0xf
    | |   |       |             |   "Description" = "Thunderbolt Native Host Interface Adapter"
    | |   |       |             |   "Port Number" = 0x5
    | |   |       |             |   "Max In Hop ID" = 0xb
    | |   |       |             |   "Hop Table" = ()
    | |   |       |             |   "Thunderbolt Version" = 0x2
    | |   |       |             |   "Maximum Bandwidth Allocated" = 0x0
    | |   |       |             |   "Required Bandwidth Allocated" = 0x0
    | |   |       |             |   "Device ID" = 0x156d
    | |   |       |             |   "Revision ID" = 0x0
    | |   |       |             |   "Max Out Hop ID" = 0xb
    | |   |       |             |   "Vendor ID" = 0x8086
    | |   |       |             |   "Adapter Type" = 0x2
    | |   |       |             | }
    | |   |       |             | 
    | |   |       |             +-o IOThunderboltSwitchType2  <class IOThunderboltSwitchType2, id 0x100000311, registered, matched, active, busy 0 (58 ms), retain 26>
    | |   |       |               | {
    | |   |       |               |   "Depth" = 0x0
    | |   |       |               |   "IOPowerManagement" = {"DesiredPowerState"=0x2,"CurrentPowerState"=0x0,"CapabilityFlags"=0x0,"MaxPowerState"=0x2,"DriverPowerState"=0x2}
    | |   |       |               |   "Revision ID" = 0x0
    | |   |       |               |   "DPP Crossed" = No
    | |   |       |               |   "Max Port Number" = 0xc
    | |   |       |               |   "Self-Reset Count" = 0x0
    | |   |       |               |   "Device Model Name" = "Macintosh"
    | |   |       |               |   "Thunderbolt Version" = 0x2
    | |   |       |               |   "UID" = 0x1001306d84c20
    | |   |       |               |   "ROM Version" = 0x27
    | |   |       |               |   "Min Required TMU Mode" = 0x3
    | |   |       |               |   "Device Vendor ID" = 0x1
    | |   |       |               |   "Router ID" = 0x0
    | |   |       |               |   "Route String" = 0x0
    | |   |       |               |   "Device Vendor Name" = "Apple Inc."
    | |   |       |               |   "EEPROM Revision" = 0x1
    | |   |       |               |   "Vendor ID" = 0x8086
    | |   |       |               |   "Device ID" = 0x156d
    | |   |       |               |   "Upstream Port Number" = 0x5
    | |   |       |               |   "Device Model ID" = 0xb
    | |   |       |               |   "Device Model Revision" = 0x1
    | |   |       |               | }
    | |   |       |               | 
    | |   |       |               +-o IOThunderboltPort@1  <class IOThunderboltPort, id 0x10000034c, registered, matched, active, busy 0 (58 ms), retain 8>
    | |   |       |               |   {
    | |   |       |               |     "Max In Hop ID" = 0xf
    | |   |       |               |     "Micro Type" = 0x4
    | |   |       |               |     "Supported Link Width" = 0x3
    | |   |       |               |     "Max Credits" = 0x3c
    | |   |       |               |     "Micro Route String" = 0x0
    | |   |       |               |     "Target Link Width" = 0x1
    | |   |       |               |     "Required Bandwidth Allocated" = 0x0
    | |   |       |               |     "Lane" = 0x1
    | |   |       |               |     "Socket ID" = "1"
    | |   |       |               |     "Max Out Hop ID" = 0xf
    | |   |       |               |     "Revision ID" = 0x0
    | |   |       |               |     "Maximum Bandwidth Allocated" = 0x0
    | |   |       |               |     "Current Link Width" = 0x1
    | |   |       |               |     "Port Number" = 0x1
    | |   |       |               |     "Target Link Speed" = 0x8
    | |   |       |               |     "Thunderbolt Version" = 0x2
    | |   |       |               |     "Link Bandwidth" = 0x64
    | |   |       |               |     "Dual-Link Port" = 0x2
    | |   |       |               |     "Micro Address" = 0x0
    | |   |       |               |     "Supported Link Speed" = 0x8
    | |   |       |               |     "Description" = "Thunderbolt Port"
    | |   |       |               |     "Dual-Link Port RID" = 0x0
    | |   |       |               |     "Adapter Type" = 0x1
    | |   |       |               |     "Hop Table" = ()
    | |   |       |               |     "Vendor ID" = 0x8086
    | |   |       |               |     "Micro Version" = 0x1500
    | |   |       |               |     "Device ID" = 0x156d
    | |   |       |               |     "Bus Power" = 0x0
    | |   |       |               |     "Current Link Speed" = 0x8
    | |   |       |               |   }
    | |   |       |               |   
    | |   |       |               +-o IOThunderboltPort@2  <class IOThunderboltPort, id 0x10000034d, registered, matched, active, busy 0 (57 ms), retain 7>
    | |   |       |               |   {
    | |   |       |               |     "Max In Hop ID" = 0xf
    | |   |       |               |     "Micro Type" = 0x4
    | |   |       |               |     "Supported Link Width" = 0x3
    | |   |       |               |     "Max Credits" = 0x3c
    | |   |       |               |     "Micro Route String" = 0x0
    | |   |       |               |     "Target Link Width" = 0x1
    | |   |       |               |     "Required Bandwidth Allocated" = 0x0
    | |   |       |               |     "Lane" = 0x2
    | |   |       |               |     "Socket ID" = "1"
    | |   |       |               |     "Max Out Hop ID" = 0xf
    | |   |       |               |     "Revision ID" = 0x0
    | |   |       |               |     "Maximum Bandwidth Allocated" = 0x0
    | |   |       |               |     "Current Link Width" = 0x1
    | |   |       |               |     "Port Number" = 0x2
    | |   |       |               |     "Target Link Speed" = 0x8
    | |   |       |               |     "Thunderbolt Version" = 0x2
    | |   |       |               |     "Link Bandwidth" = 0x64
    | |   |       |               |     "Dual-Link Port" = 0x1
    | |   |       |               |     "Micro Address" = 0x0
    | |   |       |               |     "Supported Link Speed" = 0x8
    | |   |       |               |     "Description" = "Thunderbolt Port"
    | |   |       |               |     "Dual-Link Port RID" = 0x0
    | |   |       |               |     "Adapter Type" = 0x1
    | |   |       |               |     "Hop Table" = ()
    | |   |       |               |     "Vendor ID" = 0x8086
    | |   |       |               |     "Micro Version" = 0x1500
    | |   |       |               |     "Device ID" = 0x156d
    | |   |       |               |     "Bus Power" = 0x0
    | |   |       |               |     "Current Link Speed" = 0x8
    | |   |       |               |   }
    | |   |       |               |   
    | |   |       |               +-o IOThunderboltPort@3  <class IOThunderboltPort, id 0x10000034f, registered, matched, active, busy 0 (55 ms), retain 8>
    | |   |       |               |   {
    | |   |       |               |     "Max In Hop ID" = 0xf
    | |   |       |               |     "Micro Type" = 0x4
    | |   |       |               |     "Supported Link Width" = 0x3
    | |   |       |               |     "Max Credits" = 0x3c
    | |   |       |               |     "Micro Route String" = 0x0
    | |   |       |               |     "Target Link Width" = 0x1
    | |   |       |               |     "Required Bandwidth Allocated" = 0x0
    | |   |       |               |     "Lane" = 0x1
    | |   |       |               |     "Socket ID" = "2"
    | |   |       |               |     "Max Out Hop ID" = 0xf
    | |   |       |               |     "Revision ID" = 0x0
    | |   |       |               |     "Maximum Bandwidth Allocated" = 0x0
    | |   |       |               |     "Current Link Width" = 0x1
    | |   |       |               |     "Port Number" = 0x3
    | |   |       |               |     "Target Link Speed" = 0x8
    | |   |       |               |     "Thunderbolt Version" = 0x2
    | |   |       |               |     "Link Bandwidth" = 0x64
    | |   |       |               |     "Dual-Link Port" = 0x4
    | |   |       |               |     "Micro Address" = 0x1
    | |   |       |               |     "Supported Link Speed" = 0x8
    | |   |       |               |     "Description" = "Thunderbolt Port"
    | |   |       |               |     "Dual-Link Port RID" = 0x0
    | |   |       |               |     "Adapter Type" = 0x1
    | |   |       |               |     "Hop Table" = ()
    | |   |       |               |     "Vendor ID" = 0x8086
    | |   |       |               |     "Micro Version" = 0x1500
    | |   |       |               |     "Device ID" = 0x156d
    | |   |       |               |     "Bus Power" = 0x0
    | |   |       |               |     "Current Link Speed" = 0x8
    | |   |       |               |   }
    | |   |       |               |   
    | |   |       |               +-o IOThunderboltPort@4  <class IOThunderboltPort, id 0x100000350, registered, matched, active, busy 0 (55 ms), retain 7>
    | |   |       |               |   {
    | |   |       |               |     "Max In Hop ID" = 0xf
    | |   |       |               |     "Micro Type" = 0x4
    | |   |       |               |     "Supported Link Width" = 0x3
    | |   |       |               |     "Max Credits" = 0x3c
    | |   |       |               |     "Micro Route String" = 0x0
    | |   |       |               |     "Target Link Width" = 0x1
    | |   |       |               |     "Required Bandwidth Allocated" = 0x0
    | |   |       |               |     "Lane" = 0x2
    | |   |       |               |     "Socket ID" = "2"
    | |   |       |               |     "Max Out Hop ID" = 0xf
    | |   |       |               |     "Revision ID" = 0x0
    | |   |       |               |     "Maximum Bandwidth Allocated" = 0x0
    | |   |       |               |     "Current Link Width" = 0x1
    | |   |       |               |     "Port Number" = 0x4
    | |   |       |               |     "Target Link Speed" = 0x8
    | |   |       |               |     "Thunderbolt Version" = 0x2
    | |   |       |               |     "Link Bandwidth" = 0x64
    | |   |       |               |     "Dual-Link Port" = 0x3
    | |   |       |               |     "Micro Address" = 0x1
    | |   |       |               |     "Supported Link Speed" = 0x8
    | |   |       |               |     "Description" = "Thunderbolt Port"
    | |   |       |               |     "Dual-Link Port RID" = 0x0
    | |   |       |               |     "Adapter Type" = 0x1
    | |   |       |               |     "Hop Table" = ()
    | |   |       |               |     "Vendor ID" = 0x8086
    | |   |       |               |     "Micro Version" = 0x1500
    | |   |       |               |     "Device ID" = 0x156d
    | |   |       |               |     "Bus Power" = 0x0
    | |   |       |               |     "Current Link Speed" = 0x8
    | |   |       |               |   }
    | |   |       |               |   
    | |   |       |               +-o IOThunderboltPort@6  <class IOThunderboltPort, id 0x100000352, registered, matched, active, busy 0 (57 ms), retain 8>
    | |   |       |               | | {
    | |   |       |               | |   "Max Credits" = 0x7
    | |   |       |               | |   "Description" = "PCIe Adapter"
    | |   |       |               | |   "Port Number" = 0x6
    | |   |       |               | |   "Max In Hop ID" = 0x8
    | |   |       |               | |   "Hop Table" = ()
    | |   |       |               | |   "Thunderbolt Version" = 0x2
    | |   |       |               | |   "PCI Device" = 0x3
    | |   |       |               | |   "Link Bandwidth" = 0x8c
    | |   |       |               | |   "Maximum Bandwidth Allocated" = 0x0
    | |   |       |               | |   "Required Bandwidth Allocated" = 0x0
    | |   |       |               | |   "Device ID" = 0x156d
    | |   |       |               | |   "Revision ID" = 0x0
    | |   |       |               | |   "Max Out Hop ID" = 0x8
    | |   |       |               | |   "PCI Function" = 0x0
    | |   |       |               | |   "PCI Path" = "IOService:/AppleACPIPlatformExpert/PCI0@0/AppleACPIPCI/RP05@1C,4/IOPP/UPSB@0/IOPP/DSB1@3"
    | |   |       |               | |   "PCI Entry ID" = 0x1000001fe
    | |   |       |               | |   "Vendor ID" = 0x8086
    | |   |       |               | |   "Adapter Type" = 0x100101
    | |   |       |               | | }
    | |   |       |               | | 
    | |   |       |               | +-o AppleThunderboltPCIDownAdapter  <class AppleThunderboltPCIDownAdapter, id 0x10000035a, registered, matched, active, busy 0 (0 ms), retain 5>
    | |   |       |               |     {
    | |   |       |               |       "IOProbeScore" = 0x1000
    | |   |       |               |       "CFBundleIdentifier" = "com.apple.driver.AppleThunderboltPCIDownAdapter"
    | |   |       |               |       "IOProviderClass" = "IOThunderboltPort"
    | |   |       |               |       "IOClass" = "AppleThunderboltPCIDownAdapter"
    | |   |       |               |       "IOPersonalityPublisher" = "com.apple.driver.AppleThunderboltPCIDownAdapter"
    | |   |       |               |       "Adapter Type" = 0x100101
    | |   |       |               |       "CFBundleIdentifierKernel" = "com.apple.driver.AppleThunderboltPCIDownAdapter"
    | |   |       |               |       "IOMatchedAtBoot" = Yes
    | |   |       |               |       "IOMatchCategory" = "IODefaultMatchCategory"
    | |   |       |               |     }
    | |   |       |               |     
    | |   |       |               +-o IOThunderboltPort@7  <class IOThunderboltPort, id 0x100000353, registered, matched, active, busy 0 (57 ms), retain 8>
    | |   |       |               | | {
    | |   |       |               | |   "Max Credits" = 0x7
    | |   |       |               | |   "Description" = "PCIe Adapter"
    | |   |       |               | |   "Port Number" = 0x7
    | |   |       |               | |   "Max In Hop ID" = 0x8
    | |   |       |               | |   "Hop Table" = ()
    | |   |       |               | |   "Thunderbolt Version" = 0x2
    | |   |       |               | |   "PCI Device" = 0x4
    | |   |       |               | |   "Link Bandwidth" = 0x64
    | |   |       |               | |   "Maximum Bandwidth Allocated" = 0x0
    | |   |       |               | |   "Required Bandwidth Allocated" = 0x0
    | |   |       |               | |   "Device ID" = 0x156d
    | |   |       |               | |   "Revision ID" = 0x0
    | |   |       |               | |   "Max Out Hop ID" = 0x8
    | |   |       |               | |   "PCI Function" = 0x0
    | |   |       |               | |   "PCI Path" = "IOService:/AppleACPIPlatformExpert/PCI0@0/AppleACPIPCI/RP05@1C,4/IOPP/UPSB@0/IOPP/DSB2@4"
    | |   |       |               | |   "PCI Entry ID" = 0x100000218
    | |   |       |               | |   "Vendor ID" = 0x8086
    | |   |       |               | |   "Adapter Type" = 0x100101
    | |   |       |               | | }
    | |   |       |               | | 
    | |   |       |               | +-o AppleThunderboltPCIDownAdapter  <class AppleThunderboltPCIDownAdapter, id 0x10000035b, registered, matched, active, busy 0 (0 ms), retain 5>
    | |   |       |               |     {
    | |   |       |               |       "IOProbeScore" = 0x1000
    | |   |       |               |       "CFBundleIdentifier" = "com.apple.driver.AppleThunderboltPCIDownAdapter"
    | |   |       |               |       "IOProviderClass" = "IOThunderboltPort"
    | |   |       |               |       "IOClass" = "AppleThunderboltPCIDownAdapter"
    | |   |       |               |       "IOPersonalityPublisher" = "com.apple.driver.AppleThunderboltPCIDownAdapter"
    | |   |       |               |       "Adapter Type" = 0x100101
    | |   |       |               |       "CFBundleIdentifierKernel" = "com.apple.driver.AppleThunderboltPCIDownAdapter"
    | |   |       |               |       "IOMatchedAtBoot" = Yes
    | |   |       |               |       "IOMatchCategory" = "IODefaultMatchCategory"
    | |   |       |               |     }
    | |   |       |               |     
    | |   |       |               +-o IOThunderboltPort@8  <class IOThunderboltPort, id 0x100000354, registered, matched, active, busy 0 (57 ms), retain 8>
    | |   |       |               | | {
    | |   |       |               | |   "Max Credits" = 0x7
    | |   |       |               | |   "Description" = "PCIe Adapter"
    | |   |       |               | |   "Port Number" = 0x8
    | |   |       |               | |   "Max In Hop ID" = 0x8
    | |   |       |               | |   "Hop Table" = ()
    | |   |       |               | |   "Thunderbolt Version" = 0x2
    | |   |       |               | |   "PCI Device" = 0x5
    | |   |       |               | |   "Link Bandwidth" = 0x8c
    | |   |       |               | |   "Maximum Bandwidth Allocated" = 0x0
    | |   |       |               | |   "Required Bandwidth Allocated" = 0x0
    | |   |       |               | |   "Device ID" = 0x156d
    | |   |       |               | |   "Revision ID" = 0x0
    | |   |       |               | |   "Max Out Hop ID" = 0x8
    | |   |       |               | |   "PCI Function" = 0x0
    | |   |       |               | |   "PCI Path" = "IOService:/AppleACPIPlatformExpert/PCI0@0/AppleACPIPCI/RP05@1C,4/IOPP/UPSB@0/IOPP/DSB3@5"
    | |   |       |               | |   "PCI Entry ID" = 0x100000232
    | |   |       |               | |   "Vendor ID" = 0x8086
    | |   |       |               | |   "Adapter Type" = 0x100101
    | |   |       |               | | }
    | |   |       |               | | 
    | |   |       |               | +-o AppleThunderboltPCIDownAdapter  <class AppleThunderboltPCIDownAdapter, id 0x10000035d, registered, matched, active, busy 0 (0 ms), retain 5>
    | |   |       |               |     {
    | |   |       |               |       "IOProbeScore" = 0x1000
    | |   |       |               |       "CFBundleIdentifier" = "com.apple.driver.AppleThunderboltPCIDownAdapter"
    | |   |       |               |       "IOProviderClass" = "IOThunderboltPort"
    | |   |       |               |       "IOClass" = "AppleThunderboltPCIDownAdapter"
    | |   |       |               |       "IOPersonalityPublisher" = "com.apple.driver.AppleThunderboltPCIDownAdapter"
    | |   |       |               |       "Adapter Type" = 0x100101
    | |   |       |               |       "CFBundleIdentifierKernel" = "com.apple.driver.AppleThunderboltPCIDownAdapter"
    | |   |       |               |       "IOMatchedAtBoot" = Yes
    | |   |       |               |       "IOMatchCategory" = "IODefaultMatchCategory"
    | |   |       |               |     }
    | |   |       |               |     
    | |   |       |               +-o IOThunderboltPort@9  <class IOThunderboltPort, id 0x100000356, registered, matched, active, busy 0 (56 ms), retain 8>
    | |   |       |               | | {
    | |   |       |               | |   "Max Credits" = 0x7
    | |   |       |               | |   "Description" = "PCIe Adapter"
    | |   |       |               | |   "Port Number" = 0x9
    | |   |       |               | |   "Max In Hop ID" = 0x8
    | |   |       |               | |   "Hop Table" = ()
    | |   |       |               | |   "Thunderbolt Version" = 0x2
    | |   |       |               | |   "PCI Device" = 0x6
    | |   |       |               | |   "Link Bandwidth" = 0x64
    | |   |       |               | |   "Maximum Bandwidth Allocated" = 0x0
    | |   |       |               | |   "Required Bandwidth Allocated" = 0x0
    | |   |       |               | |   "Device ID" = 0x156d
    | |   |       |               | |   "Revision ID" = 0x0
    | |   |       |               | |   "Max Out Hop ID" = 0x8
    | |   |       |               | |   "PCI Function" = 0x0
    | |   |       |               | |   "PCI Path" = "IOService:/AppleACPIPlatformExpert/PCI0@0/AppleACPIPCI/RP05@1C,4/IOPP/UPSB@0/IOPP/DSB4@6"
    | |   |       |               | |   "PCI Entry ID" = 0x10000024c
    | |   |       |               | |   "Vendor ID" = 0x8086
    | |   |       |               | |   "Adapter Type" = 0x100101
    | |   |       |               | | }
    | |   |       |               | | 
    | |   |       |               | +-o AppleThunderboltPCIDownAdapter  <class AppleThunderboltPCIDownAdapter, id 0x10000035e, registered, matched, active, busy 0 (0 ms), retain 5>
    | |   |       |               |     {
    | |   |       |               |       "IOProbeScore" = 0x1000
    | |   |       |               |       "CFBundleIdentifier" = "com.apple.driver.AppleThunderboltPCIDownAdapter"
    | |   |       |               |       "IOProviderClass" = "IOThunderboltPort"
    | |   |       |               |       "IOClass" = "AppleThunderboltPCIDownAdapter"
    | |   |       |               |       "IOPersonalityPublisher" = "com.apple.driver.AppleThunderboltPCIDownAdapter"
    | |   |       |               |       "Adapter Type" = 0x100101
    | |   |       |               |       "CFBundleIdentifierKernel" = "com.apple.driver.AppleThunderboltPCIDownAdapter"
    | |   |       |               |       "IOMatchedAtBoot" = Yes
    | |   |       |               |       "IOMatchCategory" = "IODefaultMatchCategory"
    | |   |       |               |     }
    | |   |       |               |     
    | |   |       |               +-o IOThunderboltPort@B  <class IOThunderboltPort, id 0x100000358, registered, matched, active, busy 0 (56 ms), retain 9>
    | |   |       |               | | {
    | |   |       |               | |   "Max Credits" = 0xf
    | |   |       |               | |   "Description" = "DP or HDMI Adapter"
    | |   |       |               | |   "Port Affinity" = (0x1,0x2)
    | |   |       |               | |   "Port Number" = 0xb
    | |   |       |               | |   "Max In Hop ID" = 0x9
    | |   |       |               | |   "Hop Table" = ()
    | |   |       |               | |   "Thunderbolt Version" = 0x2
    | |   |       |               | |   "Preferred Null Port" = 0x2
    | |   |       |               | |   "Maximum Bandwidth Allocated" = 0x0
    | |   |       |               | |   "Required Bandwidth Allocated" = 0x0
    | |   |       |               | |   "Device ID" = 0x156d
    | |   |       |               | |   "Revision ID" = 0x0
    | |   |       |               | |   "Max Out Hop ID" = 0x9
    | |   |       |               | |   "Sink" = 0x0
    | |   |       |               | |   "Vendor ID" = 0x8086
    | |   |       |               | |   "Adapter Type" = 0xe0101
    | |   |       |               | | }
    | |   |       |               | | 
    | |   |       |               | +-o AppleThunderboltDPInAdapterGFXPolicy1  <class AppleThunderboltDPInAdapterGFXPolicy1, id 0x10000035c, registered, matched, active, busy 0 (0 ms), retain 6>
    | |   |       |               |     {
    | |   |       |               |       "IOProbeScore" = 0x1000
    | |   |       |               |       "CFBundleIdentifier" = "com.apple.driver.AppleThunderboltDPInAdapter"
    | |   |       |               |       "IOProviderClass" = "IOThunderboltPort"
    | |   |       |               |       "IOClass" = "AppleThunderboltDPInAdapterGFXPolicy1"
    | |   |       |               |       "IOPersonalityPublisher" = "com.apple.driver.AppleThunderboltDPInAdapter"
    | |   |       |               |       "Adapter Type" = 0xe0101
    | |   |       |               |       "CFBundleIdentifierKernel" = "com.apple.driver.AppleThunderboltDPInAdapter"
    | |   |       |               |       "IOMatchedAtBoot" = Yes
    | |   |       |               |       "IOMatchCategory" = "IODefaultMatchCategory"
    | |   |       |               |     }
    | |   |       |               |     
    | |   |       |               +-o IOThunderboltPort@C  <class IOThunderboltPort, id 0x100000359, registered, matched, active, busy 0 (56 ms), retain 9>
    | |   |       |                 | {
    | |   |       |                 |   "Max Credits" = 0xf
    | |   |       |                 |   "Description" = "DP or HDMI Adapter"
    | |   |       |                 |   "Port Affinity" = (0x3,0x4)
    | |   |       |                 |   "Port Number" = 0xc
    | |   |       |                 |   "Max In Hop ID" = 0x9
    | |   |       |                 |   "Hop Table" = ()
    | |   |       |                 |   "Thunderbolt Version" = 0x2
    | |   |       |                 |   "Preferred Null Port" = 0x4
    | |   |       |                 |   "Maximum Bandwidth Allocated" = 0x0
    | |   |       |                 |   "Required Bandwidth Allocated" = 0x0
    | |   |       |                 |   "Device ID" = 0x156d
    | |   |       |                 |   "Revision ID" = 0x0
    | |   |       |                 |   "Max Out Hop ID" = 0x9
    | |   |       |                 |   "Sink" = 0x1
    | |   |       |                 |   "Vendor ID" = 0x8086
    | |   |       |                 |   "Adapter Type" = 0xe0101
    | |   |       |                 | }
    | |   |       |                 | 
    | |   |       |                 +-o AppleThunderboltDPInAdapterGFXPolicy1  <class AppleThunderboltDPInAdapterGFXPolicy1, id 0x10000035f, registered, matched, active, busy 0 (0 ms), retain 6>
    | |   |       |                     {
    | |   |       |                       "IOProbeScore" = 0x1000
    | |   |       |                       "CFBundleIdentifier" = "com.apple.driver.AppleThunderboltDPInAdapter"
    | |   |       |                       "IOProviderClass" = "IOThunderboltPort"
    | |   |       |                       "IOClass" = "AppleThunderboltDPInAdapterGFXPolicy1"
    | |   |       |                       "IOPersonalityPublisher" = "com.apple.driver.AppleThunderboltDPInAdapter"
    | |   |       |                       "Adapter Type" = 0xe0101
    | |   |       |                       "CFBundleIdentifierKernel" = "com.apple.driver.AppleThunderboltDPInAdapter"
    | |   |       |                       "IOMatchedAtBoot" = Yes
    | |   |       |                       "IOMatchCategory" = "IODefaultMatchCategory"
    | |   |       |                     }
    | |   |       |                     
    | |   |       +-o DSB1@3  <class IOPCIDevice, id 0x1000001fe, registered, matched, active, busy 0 (3 ms), retain 12>
    | |   |       | | {
    | |   |       | |   "acpi-device" = "IOACPIPlatformDevice is not serializable"
    | |   |       | |   "IOPCIMSIMode" = Yes
    | |   |       | |   "IOPCIExpressLinkCapabilities" = 0x3315c41
    | |   |       | |   "vendor-id" = <86800000>
    | |   |       | |   "class-code" = <00040600>
    | |   |       | |   "IOName" = "pci-bridge"
    | |   |       | |   "#size-cells" = <02000000>
    | |   |       | |   "IOPCIExpressSlotCapabilities" = 0x1c0060
    | |   |       | |   "IOPCIHPType" = 0x30
    | |   |       | |   "pcidebug" = "6:3:0(194:194)"
    | |   |       | |   "IOChildIndex" = 0x2
    | |   |       | |   "Thunderbolt Path" = "IOService:/AppleACPIPlatformExpert/PCI0@0/AppleACPIPCI/RP05@1C,4/IOPP/UPSB@0/IOPP/DSB0@0/IOPP/NHI0@0/AppleThunderboltHAL/AppleThunderboltNHIType2/IOThunderboltController/IOThunderboltPort@5/IOThunderboltSwitchType2/IOThunderboltPort@6"
    | |   |       | |   "IOPCIExpressLinkStatus" = 0x1041
    | |   |       | |   "pci-aspm-default" = 0x0
    | |   |       | |   "IOPCIExpressCapabilities" = 0x162
    | |   |       | |   "IOServiceDEXTEntitlements" = (("com.apple.developer.driverkit.transport.pci","com.apple.developer.driverkit.transport.pci.bridge"))
    | |   |       | |   "IOPCIConfigured" = Yes
    | |   |       | |   "IOInterruptControllers" = ("io-apic-0","IOPCIMessagedInterruptController")
    | |   |       | |   "IODTPersist" = 0x0
    | |   |       | |   "Thunderbolt Entry ID" = 0x100000352
    | |   |       | |   "IOPCIResourced" = Yes
    | |   |       | |   "IOPowerManagement" = {"ChildrenPowerState"=0x2,"DesiredPowerState"=0x2,"CurrentPowerState"=0x0,"CapabilityFlags"=0x0,"ChildProxyPowerState"=0x2,"MaxPowerState"=0x3}
    | |   |       | |   "ranges" = <0000008200000000000000000000008200000000000000000000000000000000000000c20000000000000000000000c2000000000000000000000000000000000000008100000000000000000000008100000000000000000000000000000000>
    | |   |       | |   "AAPL,slot-name" = <536c6f742d203200>
    | |   |       | |   "acpi-pmcap-offset" = 0x80
    | |   |       | |   "name" = <7063692d62726964676500>
    | |   |       | |   "IOPCITunnelLinkChange" = Yes
    | |   |       | |   "compatible" = <706369383038362c3135366400706369636c6173732c303630343030004453423100>
    | |   |       | |   "IOReportLegendPublic" = Yes
    | |   |       | |   "IOPCIExpressSlotStatus" = 0x0
    | |   |       | |   "reg" = <0018060000000000000000000000000000000000>
    | |   |       | |   "IOReportLegend" = ({"IOReportGroupName"="Interrupt Statistics (by index)","IOReportChannels"=((0x496e747200010000,0x100020001,"               First Level Interrupt Handler Count"),(0x496e747200010001,0x100020001,"              Second Level Interrupt Handler Count"),(0x496e747200010002,0x100020001,"        First Level Interrupt Handler Time (MATUs)"),(0x496e747200010003,0x100020001,"   Second Level Interrupt Handler CPU Time (MATUs)"),(0x496e747200010004,0x100020001,"Second Level Interrupt Handler System Time (MATUs)"))$
    | |   |       | |   "device-id" = <6d150000>
    | |   |       | |   "IOPCITunnelID" = 0x1000002f1
    | |   |       | |   "#address-cells" = <03000000>
    | |   |       | |   "revision-id" = <00000000>
    | |   |       | |   "IOInterruptSpecifiers" = (<1300000007000000>,<0400000000000100>)
    | |   |       | |   "acpi-path" = "IOACPIPlane:/_SB/PCI0@0/RP05@1c0004/UPSB@0/DSB1@30000"
    | |   |       | | }
    | |   |       | | 
    | |   |       | +-o IOPP  <class IOPCI2PCIBridge, id 0x1000002e9, registered, matched, active, busy 0 (0 ms), retain 6>
    | |   |       |     {
    | |   |       |       "IOClass" = "IOPCI2PCIBridge"
    | |   |       |       "CFBundleIdentifier" = "com.apple.iokit.IOPCIFamily"
    | |   |       |       "IOProviderClass" = "IOPCIDevice"
    | |   |       |       "IOPCIPowerOnProbe" = Yes
    | |   |       |       "IOPowerManagement" = {"DesiredPowerState"=0x2,"CurrentPowerState"=0x0,"CapabilityFlags"=0x0,"MaxPowerState"=0x3,"DriverPowerState"=0x2}
    | |   |       |       "IOProbeScore" = 0xffffffffffffff9c
    | |   |       |       "IONameMatch" = "pci-bridge"
    | |   |       |       "IOMatchedAtBoot" = Yes
    | |   |       |       "IOMatchCategory" = "IODefaultMatchCategory"
    | |   |       |       "IONameMatched" = "pci-bridge"
    | |   |       |       "IOPersonalityPublisher" = "com.apple.iokit.IOPCIFamily"
    | |   |       |       "CFBundleIdentifierKernel" = "com.apple.iokit.IOPCIFamily"
    | |   |       |     }
    | |   |       |     
    | |   |       +-o DSB2@4  <class IOPCIDevice, id 0x100000218, registered, matched, active, busy 0 (1 ms), retain 12>
    | |   |       | | {
    | |   |       | |   "acpi-device" = "IOACPIPlatformDevice is not serializable"
    | |   |       | |   "IOPCIMSIMode" = Yes
    | |   |       | |   "IOPCIExpressLinkCapabilities" = 0x4315c41
    | |   |       | |   "vendor-id" = <86800000>
    | |   |       | |   "class-code" = <00040600>
    | |   |       | |   "IOName" = "pci-bridge"
    | |   |       | |   "#size-cells" = <02000000>
    | |   |       | |   "IOPCIExpressSlotCapabilities" = 0x240060
    | |   |       | |   "IOPCIHPType" = 0x30
    | |   |       | |   "pcidebug" = "6:4:0(132:132)"
    | |   |       | |   "IOChildIndex" = 0x3
    | |   |       | |   "Thunderbolt Path" = "IOService:/AppleACPIPlatformExpert/PCI0@0/AppleACPIPCI/RP05@1C,4/IOPP/UPSB@0/IOPP/DSB0@0/IOPP/NHI0@0/AppleThunderboltHAL/AppleThunderboltNHIType2/IOThunderboltController/IOThunderboltPort@5/IOThunderboltSwitchType2/IOThunderboltPort@7"
    | |   |       | |   "IOPCIExpressLinkStatus" = 0x1041
    | |   |       | |   "pci-aspm-default" = 0x0
    | |   |       | |   "IOPCIExpressCapabilities" = 0x162
    | |   |       | |   "IOServiceDEXTEntitlements" = (("com.apple.developer.driverkit.transport.pci","com.apple.developer.driverkit.transport.pci.bridge"))
    | |   |       | |   "IOPCIConfigured" = Yes
    | |   |       | |   "IOInterruptControllers" = ("io-apic-0","IOPCIMessagedInterruptController")
    | |   |       | |   "IODTPersist" = 0x0
    | |   |       | |   "Thunderbolt Entry ID" = 0x100000353
    | |   |       | |   "IOPCIResourced" = Yes
    | |   |       | |   "IOPowerManagement" = {"ChildrenPowerState"=0x2,"DesiredPowerState"=0x2,"CurrentPowerState"=0x0,"CapabilityFlags"=0x0,"ChildProxyPowerState"=0x2,"MaxPowerState"=0x3}
    | |   |       | |   "ranges" = <0000008200000000000000000000008200000000000000000000000000000000000000c20000000000000000000000c2000000000000000000000000000000000000008100000000000000000000008100000000000000000000000000000000>
    | |   |       | |   "AAPL,slot-name" = <536c6f742d203300>
    | |   |       | |   "acpi-pmcap-offset" = 0x80
    | |   |       | |   "name" = <7063692d62726964676500>
    | |   |       | |   "IOPCITunnelLinkChange" = Yes
    | |   |       | |   "compatible" = <706369383038362c3135366400706369636c6173732c303630343030004453423200>
    | |   |       | |   "IOReportLegendPublic" = Yes
    | |   |       | |   "IOPCIExpressSlotStatus" = 0x0
    | |   |       | |   "reg" = <0020060000000000000000000000000000000000>
    | |   |       | |   "IOReportLegend" = ({"IOReportGroupName"="Interrupt Statistics (by index)","IOReportChannels"=((0x496e747200010000,0x100020001,"               First Level Interrupt Handler Count"),(0x496e747200010001,0x100020001,"              Second Level Interrupt Handler Count"),(0x496e747200010002,0x100020001,"        First Level Interrupt Handler Time (MATUs)"),(0x496e747200010003,0x100020001,"   Second Level Interrupt Handler CPU Time (MATUs)"),(0x496e747200010004,0x100020001,"Second Level Interrupt Handler System Time (MATUs)"))$
    | |   |       | |   "device-id" = <6d150000>
    | |   |       | |   "IOPCITunnelID" = 0x1000002f1
    | |   |       | |   "#address-cells" = <03000000>
    | |   |       | |   "revision-id" = <00000000>
    | |   |       | |   "IOInterruptSpecifiers" = (<1000000007000000>,<0200000000000100>)
    | |   |       | |   "acpi-path" = "IOACPIPlane:/_SB/PCI0@0/RP05@1c0004/UPSB@0/DSB2@40000"
    | |   |       | | }
    | |   |       | | 
    | |   |       | +-o IOPP  <class IOPCI2PCIBridge, id 0x1000002e1, registered, matched, active, busy 0 (0 ms), retain 6>
    | |   |       |     {
    | |   |       |       "IOClass" = "IOPCI2PCIBridge"
    | |   |       |       "CFBundleIdentifier" = "com.apple.iokit.IOPCIFamily"
    | |   |       |       "IOProviderClass" = "IOPCIDevice"
    | |   |       |       "IOPCIPowerOnProbe" = Yes
    | |   |       |       "IOPowerManagement" = {"DesiredPowerState"=0x2,"CurrentPowerState"=0x0,"CapabilityFlags"=0x0,"MaxPowerState"=0x3,"DriverPowerState"=0x2}
    | |   |       |       "IOProbeScore" = 0xffffffffffffff9c
    | |   |       |       "IONameMatch" = "pci-bridge"
    | |   |       |       "IOMatchedAtBoot" = Yes
    | |   |       |       "IOMatchCategory" = "IODefaultMatchCategory"
    | |   |       |       "IONameMatched" = "pci-bridge"
    | |   |       |       "IOPersonalityPublisher" = "com.apple.iokit.IOPCIFamily"
    | |   |       |       "CFBundleIdentifierKernel" = "com.apple.iokit.IOPCIFamily"
    | |   |       |     }
    | |   |       |     
    | |   |       +-o DSB3@5  <class IOPCIDevice, id 0x100000232, registered, matched, active, busy 0 (2 ms), retain 12>
    | |   |       | | {
    | |   |       | |   "acpi-device" = "IOACPIPlatformDevice is not serializable"
    | |   |       | |   "IOPCIMSIMode" = Yes
    | |   |       | |   "IOPCIExpressLinkCapabilities" = 0x5315c41
    | |   |       | |   "vendor-id" = <86800000>
    | |   |       | |   "class-code" = <00040600>
    | |   |       | |   "IOName" = "pci-bridge"
    | |   |       | |   "#size-cells" = <02000000>
    | |   |       | |   "IOPCIExpressSlotCapabilities" = 0x2c0060
    | |   |       | |   "IOPCIHPType" = 0x30
    | |   |       | |   "pcidebug" = "6:5:0(70:70)"
    | |   |       | |   "IOChildIndex" = 0x4
    | |   |       | |   "Thunderbolt Path" = "IOService:/AppleACPIPlatformExpert/PCI0@0/AppleACPIPCI/RP05@1C,4/IOPP/UPSB@0/IOPP/DSB0@0/IOPP/NHI0@0/AppleThunderboltHAL/AppleThunderboltNHIType2/IOThunderboltController/IOThunderboltPort@5/IOThunderboltSwitchType2/IOThunderboltPort@8"
    | |   |       | |   "IOPCIExpressLinkStatus" = 0x1041
    | |   |       | |   "pci-aspm-default" = 0x0
    | |   |       | |   "IOPCIExpressCapabilities" = 0x162
    | |   |       | |   "IOServiceDEXTEntitlements" = (("com.apple.developer.driverkit.transport.pci","com.apple.developer.driverkit.transport.pci.bridge"))
    | |   |       | |   "IOPCIConfigured" = Yes
    | |   |       | |   "IOInterruptControllers" = ("io-apic-0","IOPCIMessagedInterruptController")
    | |   |       | |   "IODTPersist" = 0x0
    | |   |       | |   "Thunderbolt Entry ID" = 0x100000354
    | |   |       | |   "IOPCIResourced" = Yes
    | |   |       | |   "IOPowerManagement" = {"ChildrenPowerState"=0x2,"DesiredPowerState"=0x2,"CurrentPowerState"=0x0,"CapabilityFlags"=0x0,"ChildProxyPowerState"=0x2,"MaxPowerState"=0x3}
    | |   |       | |   "ranges" = <0000008200000000000000000000008200000000000000000000000000000000000000c20000000000000000000000c2000000000000000000000000000000000000008100000000000000000000008100000000000000000000000000000000>
    | |   |       | |   "AAPL,slot-name" = <536c6f742d203400>
    | |   |       | |   "acpi-pmcap-offset" = 0x80
    | |   |       | |   "name" = <7063692d62726964676500>
    | |   |       | |   "IOPCITunnelLinkChange" = Yes
    | |   |       | |   "compatible" = <706369383038362c3135366400706369636c6173732c303630343030004453423300>
    | |   |       | |   "IOReportLegendPublic" = Yes
    | |   |       | |   "IOPCIExpressSlotStatus" = 0x0
    | |   |       | |   "reg" = <0028060000000000000000000000000000000000>
    | |   |       | |   "IOReportLegend" = ({"IOReportGroupName"="Interrupt Statistics (by index)","IOReportChannels"=((0x496e747200010000,0x100020001,"               First Level Interrupt Handler Count"),(0x496e747200010001,0x100020001,"              Second Level Interrupt Handler Count"),(0x496e747200010002,0x100020001,"        First Level Interrupt Handler Time (MATUs)"),(0x496e747200010003,0x100020001,"   Second Level Interrupt Handler CPU Time (MATUs)"),(0x496e747200010004,0x100020001,"Second Level Interrupt Handler System Time (MATUs)"))$
    | |   |       | |   "device-id" = <6d150000>
    | |   |       | |   "IOPCITunnelID" = 0x1000002f1
    | |   |       | |   "#address-cells" = <03000000>
    | |   |       | |   "revision-id" = <00000000>
    | |   |       | |   "IOInterruptSpecifiers" = (<1100000007000000>,<0300000000000100>)
    | |   |       | |   "acpi-path" = "IOACPIPlane:/_SB/PCI0@0/RP05@1c0004/UPSB@0/DSB3@50000"
    | |   |       | | }
    | |   |       | | 
    | |   |       | +-o IOPP  <class IOPCI2PCIBridge, id 0x1000002e7, registered, matched, active, busy 0 (0 ms), retain 6>
    | |   |       |     {
    | |   |       |       "IOClass" = "IOPCI2PCIBridge"
    | |   |       |       "CFBundleIdentifier" = "com.apple.iokit.IOPCIFamily"
    | |   |       |       "IOProviderClass" = "IOPCIDevice"
    | |   |       |       "IOPCIPowerOnProbe" = Yes
    | |   |       |       "IOPowerManagement" = {"DesiredPowerState"=0x2,"CurrentPowerState"=0x0,"CapabilityFlags"=0x0,"MaxPowerState"=0x3,"DriverPowerState"=0x2}
    | |   |       |       "IOProbeScore" = 0xffffffffffffff9c
    | |   |       |       "IONameMatch" = "pci-bridge"
    | |   |       |       "IOMatchedAtBoot" = Yes
    | |   |       |       "IOMatchCategory" = "IODefaultMatchCategory"
    | |   |       |       "IONameMatched" = "pci-bridge"
    | |   |       |       "IOPersonalityPublisher" = "com.apple.iokit.IOPCIFamily"
    | |   |       |       "CFBundleIdentifierKernel" = "com.apple.iokit.IOPCIFamily"
    | |   |       |     }
    | |   |       |     
    | |   |       +-o DSB4@6  <class IOPCIDevice, id 0x10000024c, registered, matched, active, busy 0 (2 ms), retain 11>
    | |   |         | {
    | |   |         |   "acpi-device" = "IOACPIPlatformDevice is not serializable"
    | |   |         |   "IOPCIMSIMode" = Yes
    | |   |         |   "IOPCIExpressLinkCapabilities" = 0x6315c41
    | |   |         |   "vendor-id" = <86800000>
    | |   |         |   "class-code" = <00040600>
    | |   |         |   "IOName" = "pci-bridge"
    | |   |         |   "#size-cells" = <02000000>
    | |   |         |   "IOPCIExpressSlotCapabilities" = 0x340060
    | |   |         |   "IOPCIHPType" = 0x30
    | |   |         |   "pcidebug" = "6:6:0(8:8)"
    | |   |         |   "IOChildIndex" = 0x5
    | |   |         |   "Thunderbolt Path" = "IOService:/AppleACPIPlatformExpert/PCI0@0/AppleACPIPCI/RP05@1C,4/IOPP/UPSB@0/IOPP/DSB0@0/IOPP/NHI0@0/AppleThunderboltHAL/AppleThunderboltNHIType2/IOThunderboltController/IOThunderboltPort@5/IOThunderboltSwitchType2/IOThunderboltPort@9"
    | |   |         |   "IOPCIExpressLinkStatus" = 0x1041
    | |   |         |   "pci-aspm-default" = 0x0
    | |   |         |   "IOPCIExpressCapabilities" = 0x162
    | |   |         |   "IOServiceDEXTEntitlements" = (("com.apple.developer.driverkit.transport.pci","com.apple.developer.driverkit.transport.pci.bridge"))
    | |   |         |   "IOPCIConfigured" = Yes
    | |   |         |   "IOInterruptControllers" = ("io-apic-0","IOPCIMessagedInterruptController")
    | |   |         |   "IODTPersist" = 0x0
    | |   |         |   "Thunderbolt Entry ID" = 0x100000356
    | |   |         |   "IOPCIResourced" = Yes
    | |   |         |   "IOPowerManagement" = {"ChildrenPowerState"=0x2,"DesiredPowerState"=0x2,"CurrentPowerState"=0x0,"CapabilityFlags"=0x0,"ChildProxyPowerState"=0x2,"MaxPowerState"=0x3}
    | |   |         |   "ranges" = <0000008200000000000000000000008200000000000000000000000000000000000000c20000000000000000000000c2000000000000000000000000000000000000008100000000000000000000008100000000000000000000000000000000>
    | |   |         |   "AAPL,slot-name" = <536c6f742d203500>
    | |   |         |   "acpi-pmcap-offset" = 0x80
    | |   |         |   "name" = <7063692d62726964676500>
    | |   |         |   "IOPCITunnelLinkChange" = Yes
    | |   |         |   "compatible" = <706369383038362c3135366400706369636c6173732c303630343030004453423400>
    | |   |         |   "IOReportLegendPublic" = Yes
    | |   |         |   "IOPCIExpressSlotStatus" = 0x0
    | |   |         |   "reg" = <0030060000000000000000000000000000000000>
    | |   |         |   "IOReportLegend" = ({"IOReportGroupName"="Interrupt Statistics (by index)","IOReportChannels"=((0x496e747200010000,0x100020001,"               First Level Interrupt Handler Count"),(0x496e747200010001,0x100020001,"              Second Level Interrupt Handler Count"),(0x496e747200010002,0x100020001,"        First Level Interrupt Handler Time (MATUs)"),(0x496e747200010003,0x100020001,"   Second Level Interrupt Handler CPU Time (MATUs)"),(0x496e747200010004,0x100020001,"Second Level Interrupt Handler System Time (MATUs)"))$
    | |   |         |   "device-id" = <6d150000>
    | |   |         |   "IOPCITunnelID" = 0x1000002f1
    | |   |         |   "#address-cells" = <03000000>
    | |   |         |   "revision-id" = <00000000>
    | |   |         |   "IOInterruptSpecifiers" = (<1200000007000000>,<0500000000000100>)
    | |   |         |   "acpi-path" = "IOACPIPlane:/_SB/PCI0@0/RP05@1c0004/UPSB@0/DSB4@60000"
    | |   |         | }
    | |   |         | 
    | |   |         +-o IOPP  <class IOPCI2PCIBridge, id 0x1000002eb, registered, matched, active, busy 0 (0 ms), retain 6>
    | |   |             {
    | |   |               "IOClass" = "IOPCI2PCIBridge"
    | |   |               "CFBundleIdentifier" = "com.apple.iokit.IOPCIFamily"
    | |   |               "IOProviderClass" = "IOPCIDevice"
    | |   |               "IOPCIPowerOnProbe" = Yes
    | |   |               "IOPowerManagement" = {"DesiredPowerState"=0x2,"CurrentPowerState"=0x0,"CapabilityFlags"=0x0,"MaxPowerState"=0x3,"DriverPowerState"=0x2}
    | |   |               "IOProbeScore" = 0xffffffffffffff9c
    | |   |               "IONameMatch" = "pci-bridge"
    | |   |               "IOMatchedAtBoot" = Yes
    | |   |               "IOMatchCategory" = "IODefaultMatchCategory"
    | |   |               "IONameMatched" = "pci-bridge"
    | |   |               "IOPersonalityPublisher" = "com.apple.iokit.IOPCIFamily"
    | |   |               "CFBundleIdentifierKernel" = "com.apple.iokit.IOPCIFamily"
    | |   |             }
    | |   |             
    | |   +-o RP06@1C,5  <class IOPCIDevice, id 0x10000024d, registered, matched, active, busy 0 (455 ms), retain 11>
    | |   | | {
    | |   | |   "IOInterruptSpecifiers" = (<1100000007000000>)
    | |   | |   "#address-cells" = <03000000>
    | |   | |   "class-code" = <00040600>
    | |   | |   "IOPCIExpressSlotStatus" = 0x40
    | |   | |   "IOPowerManagement" = {"ChildrenPowerState"=0x2,"CurrentPowerState"=0x2,"CapabilityFlags"=0x102,"ChildProxyPowerState"=0x2,"MaxPowerState"=0x3}
    | |   | |   "built-in" = <00>
    | |   | |   "acpi-device" = "IOACPIPlatformDevice is not serializable"
    | |   | |   "pci-aspm-default" = 0x2
    | |   | |   "reg-ltrovr" = <0004000000000000>
    | |   | |   "IOInterruptControllers" = ("io-apic-0")
    | |   | |   "vendor-id" = <86800000>
    | |   | |   "name" = <7063692d62726964676500>
    | |   | |   "device-id" = <9a9c0000>
    | |   | |   "acpi-pmcap-offset" = 0xa0
    | |   | |   "IOPCIResourced" = Yes
    | |   | |   "IODTPersist" = 0x0
    | |   | |   "compatible" = <706369383038362c3963396100706369636c6173732c303630343030005250303600>
    | |   | |   "ranges" = <0000008200000000000050c10000008200000000000050c10000000000001000000000c20000000000000000000000c2000000000000000000000000000000000000008100000000000000000000008100000000000000000000000000000000>
    | |   | |   "IOServiceDEXTEntitlements" = (("com.apple.developer.driverkit.transport.pci","com.apple.developer.driverkit.transport.pci.bridge"))
    | |   | |   "IOPCIExpressLinkCapabilities" = 0x6323c42
    | |   | |   "acpi-path" = "IOACPIPlane:/_SB/PCI0@0/RP06@1c0005"
    | |   | |   "IOPCIConfigured" = Yes
    | |   | |   "revision-id" = <e3000000>
    | |   | |   "IOPCIExpressLinkStatus" = 0x7042
    | |   | |   "IOPCIExpressCapabilities" = 0x142
    | |   | |   "pcidebug" = "0:28:5(4:4)"
    | |   | |   "IOName" = "pci-bridge"
    | |   | |   "#size-cells" = <02000000>
    | |   | |   "reg" = <00e5000000000000000000000000000000000000>
    | |   | |   "IOPCIExpressSlotCapabilities" = 0x2cfd00
    | |   | | }
    | |   | | 
    | |   | +-o IOPP  <class IOPCI2PCIBridge, id 0x1000002c1, registered, matched, active, busy 0 (453 ms), retain 8>
    | |   |   | {
    | |   |   |   "IOClass" = "IOPCI2PCIBridge"
    | |   |   |   "CFBundleIdentifier" = "com.apple.iokit.IOPCIFamily"
    | |   |   |   "IOProviderClass" = "IOPCIDevice"
    | |   |   |   "IOPCIPowerOnProbe" = Yes
    | |   |   |   "IOPowerManagement" = {"ChildrenPowerState"=0x2,"CurrentPowerState"=0x2,"CapabilityFlags"=0x102,"MaxPowerState"=0x3}
    | |   |   |   "IOProbeScore" = 0xffffffffffffff9c
    | |   |   |   "IONameMatch" = "pci-bridge"
    | |   |   |   "IOMatchedAtBoot" = Yes
    | |   |   |   "IOMatchCategory" = "IODefaultMatchCategory"
    | |   |   |   "IONameMatched" = "pci-bridge"
    | |   |   |   "IOPersonalityPublisher" = "com.apple.iokit.IOPCIFamily"
    | |   |   |   "CFBundleIdentifierKernel" = "com.apple.iokit.IOPCIFamily"
    | |   |   | }
    | |   |   | 
    | |   |   +-o SSD0@0  <class IOPCIDevice, id 0x10000024e, registered, matched, active, busy 0 (453 ms), retain 12>
    | |   |     | {
    | |   |     |   "assigned-addresses" = <2400048200000000000050c10000000000200000>
    | |   |     |   "IOInterruptSpecifiers" = (<1000000007000000>,<0600000000000100>)
    | |   |     |   "use-msi" = 0x1
    | |   |     |   "class-code" = <01060100>
    | |   |     |   "IODeviceMemory" = (({"address"=0xc1500000,"length"=0x2000}))
    | |   |     |   "IOPowerManagement" = {"ChildrenPowerState"=0x2,"CurrentPowerState"=0x2,"CapabilityFlags"=0x102,"ChildProxyPowerState"=0x2,"MaxPowerState"=0x3}
    | |   |     |   "subsystem-vendor-id" = <4d140000>
    | |   |     |   "built-in" = <00>
    | |   |     |   "acpi-device" = "IOACPIPlatformDevice is not serializable"
    | |   |     |   "pci-aspm-default" = 0x102
    | |   |     |   "IOPCIMSIMode" = Yes
    | |   |     |   "IOInterruptControllers" = ("io-apic-0","IOPCIMessagedInterruptController")
    | |   |     |   "vendor-id" = <4d140000>
    | |   |     |   "name" = <706369313434642c6138303100>
    | |   |     |   "device-id" = <01a80000>
    | |   |     |   "IOChildIndex" = 0x1
    | |   |     |   "IOPCIResourced" = Yes
    | |   |     |   "compatible" = <706369313434642c6138303100706369636c6173732c303130363031005353443000>
    | |   |     |   "iommu-selection" = <00000000>
    | |   |     |   "IOServiceDEXTEntitlements" = (("com.apple.developer.driverkit.transport.pci"))
    | |   |     |   "IOPCIExpressLinkCapabilities" = 0x476843
    | |   |     |   "acpi-path" = "IOACPIPlane:/_SB/PCI0@0/RP06@1c0005/SSD0@0"
    | |   |     |   "sata-express-power-off" = 0x1
    | |   |     |   "revision-id" = <01000000>
    | |   |     |   "subsystem-id" = <01a80000>
    | |   |     |   "IOPCIExpressCapabilities" = 0x2
    | |   |     |   "pcidebug" = "4:0:0"
    | |   |     |   "IOName" = "pci144d,a801"
    | |   |     |   "IOPCIExpressLinkStatus" = 0x1042
    | |   |     |   "reg" = <00000400000000000000000000000000000000002400040200000000000000000000000000200000>
    | |   |     |   "IOPCIPMCSState" = 0x8
    | |   |     | }
    | |   |     | 
    | |   |     +-o AppleAHCI  <class AppleAHCI, id 0x1000002cf, registered, matched, active, busy 0 (403 ms), retain 9>
    | |   |       | {
    | |   |       |   "IOClass" = "AppleAHCI"
    | |   |       |   "AHCI-Ejectable" = No
    | |   |       |   "IOPolledInterface" = "AppleAHCIPolledAdapter is not serializable"
    | |   |       |   "IOPrimaryDriverTerminateOptions" = Yes
    | |   |       |   "IOPersonalityPublisher" = "com.apple.driver.AppleAHCIPort"
    | |   |       |   "IOMatchedAtBoot" = Yes
    | |   |       |   "Trace ID" = 0x4000000
    | |   |       |   "sata-express" = Yes
    | |   |       |   "IOProviderClass" = "IOPCIDevice"
    | |   |       |   "AHCI-Built-In" = Yes
    | |   |       |   "IOPowerManagement" = {"ChildrenPowerState"=0x2,"CurrentPowerState"=0x2,"CapabilityFlags"=0x8000,"ChildProxyPowerState"=0x2,"MaxPowerState"=0x2}
    | |   |       |   "IOProbeScore" = 0x320
    | |   |       |   "IOPCIPauseCompatible" = Yes
    | |   |       |   "Chipset Name" = "SSD Controller"
    | |   |       |   "CFBundleIdentifierKernel" = "com.apple.driver.AppleAHCIPort"
    | |   |       |   "Controller Characteristics" = {"Low Power Mode"=Yes}
    | |   |       |   "Vendor Name" = "Apple"
    | |   |       |   "CFBundleIdentifier" = "com.apple.driver.AppleAHCIPort"
    | |   |       |   "IOMatchCategory" = "IODefaultMatchCategory"
    | |   |       |   "IOPMResetPowerStateOnWake" = Yes
    | |   |       |   "sata-express-power-off" = 0x1
    | |   |       |   "IOPCITunnelCompatible" = Yes
    | |   |       |   "AHCI-CAP" = 0xffffffffc3349f80
    | |   |       |   "IOPCIClassMatch" = "0x01060100&0xffffff00"
    | |   |       | }
    | |   |       | 
    | |   |       +-o PRT0@0  <class AppleAHCIPort, id 0x10000024f, registered, matched, active, busy 0 (402 ms), retain 12>
    | |   |         | {
    | |   |         |   "AHCI-Ejectable" = No
    | |   |         |   "IOPolledInterface" = "AppleAHCIPortPolledAdapter is not serializable"
    | |   |         |   "AHCI Port Hot Plug" = No
    | |   |         |   "IOMaximumSegmentByteCountRead" = 0x400000
    | |   |         |   "64-bit" = Yes
    | |   |         |   "Trace ID" = 0x4000000
    | |   |         |   "IOMaximumSegmentByteCountWrite" = 0x400000
    | |   |         |   "IOPowerManagement" = {"ChildrenPowerState"=0x2,"CurrentPowerState"=0x2,"CapabilityFlags"=0x8000,"ChildProxyPowerState"=0x2,"MaxPowerState"=0x2}
    | |   |         |   "AHCI-Built-In" = Yes
    | |   |         |   "AHCI Port SNotification" = No
    | |   |         |   "acpi-device" = "IOACPIPlatformDevice is not serializable"
    | |   |         |   "AHCI Port ESATA" = No
    | |   |         |   "AHCI Port Optimized Device Number" = 0x0
    | |   |         |   "Physical Interconnect Location" = "Internal"
    | |   |         |   "IOMaximumSegmentCountRead" = 0x100
    | |   |         |   "IOMaximumSegmentCountWrite" = 0x100
    | |   |         |   "Controller Characteristics" = {"Vendor Name"="Apple","Product Name"="SSD Controller","Port Description"="AHCI Version 1.30 Supported"}
    | |   |         |   "acpi-path" = "IOACPIPlane:/_SB/PCI0@0/RP06@1c0005/SSD0@0/PRT0@ffff"
    | |   |         |   "Protocol Characteristics" = {"Physical Interconnect"="PCI","Physical Interconnect Location"="Internal"}
    | |   |         |   "AHCI Port ALPM" = No
    | |   |         | }
    | |   |         | 
    | |   |         +-o IOAHCIDevice@0  <class IOAHCIDevice, id 0x100000300, registered, matched, active, busy 0 (402 ms), retain 12>
    | |   |           | {
    | |   |           |   "IOUnit" = 0x0
    | |   |           |   "Trace ID" = 0x4000000
    | |   |           |   "Protocol Characteristics" = {"Physical Interconnect"="PCI","Physical Interconnect Location"="Internal","AHCI Port Number"=0x0}
    | |   |           | }
    | |   |           | 
    | |   |           +-o AppleAHCIDiskDriver  <class AppleAHCIDiskDriver, id 0x100000301, registered, matched, active, busy 0 (400 ms), retain 7>
    | |   |             | {
    | |   |             |   "IOClass" = "AppleAHCIDiskDriver"
    | |   |             |   "IOPolledInterface" = "AppleAHCIDiskPolledInterface is not serializable"
    | |   |             |   "Logical Block Size" = 0x200
    | |   |             |   "IOMaximumBlockCountWrite" = 0x10000
    | |   |             |   "IOPlatformPanicAction" = 0x0
    | |   |             |   "IOPersonalityPublisher" = "com.apple.iokit.IOAHCIBlockStorage"
    | |   |             |   "IOMatchedAtBoot" = Yes
    | |   |             |   "Trace ID" = 0x4000000
    | |   |             |   "IOProviderClass" = "IOAHCIDevice"
    | |   |             |   "Physical Interconnect Location" = "Internal"
    | |   |             |   "IOProbeScore" = 0x0
    | |   |             |   "Queue Depth" = 0x20
    | |   |             |   "SATA Features" = 0x3e
    | |   |             |   "Serial Number" = "S29CNYBH640110      "
    | |   |             |   "CFBundleIdentifierKernel" = "com.apple.iokit.IOAHCIBlockStorage"
    | |   |             |   "IOMatchCategory" = "IODefaultMatchCategory"
    | |   |             |   "CFBundleIdentifier" = "com.apple.iokit.IOAHCIBlockStorage"
    | |   |             |   "Model" = "APPLE SSD SM0256G                       "
    | |   |             |   "Revision" = "BXW1SA0Q"
    | |   |             |   "IOMaximumBlockCountRead" = 0x10000
    | |   |             |   "Physical Block Size" = 0x1000
    | |   |             |   "NCQ" = Yes
    | |   |             | }
    | |   |             | 
    | |   |             +-o IOAHCIBlockStorageDevice  <class IOAHCIBlockStorageDevice, id 0x100000302, registered, matched, active, busy 0 (400 ms), retain 7>
    | |   |               | {
    | |   |               |   "IOCFPlugInTypes" = {"24514B7A-2804-11D6-8A02-003065704866"="SMARTLib.plugin"}
    | |   |               |   "device-type" = "Generic"
    | |   |               |   "Protocol Characteristics" = {"Physical Interconnect"="PCI","Physical Interconnect Location"="Internal"}
    | |   |               |   "IOStorageFeatures" = {"Unmap"=Yes}
    | |   |               |   "SMART Capable" = Yes
    | |   |               |   "Device Characteristics" = {"Product Name"="APPLE SSD SM0256G                       ","Logical Block Size"=0x200,"Medium Type"="Solid State","Physical Block Size"=0x1000,"SATA Features"=0x3e,"Serial Number"="S29CNYBH640110      ","Product Revision Level"="BXW1SA0Q"}
    | |   |               |   "IOMinimumSegmentAlignmentByteCount" = 0x4
    | |   |               | }
    | |   |               | 
    | |   |               +-o IOBlockStorageDriver  <class IOBlockStorageDriver, id 0x100000305, registered, matched, active, busy 0 (399 ms), retain 8>
    | |   |                 | {
    | |   |                 |   "IOPropertyMatch" = {"device-type"="Generic"}
    | |   |                 |   "CFBundleIdentifier" = "com.apple.iokit.IOStorageFamily"
    | |   |                 |   "IOProviderClass" = "IOBlockStorageDevice"
    | |   |                 |   "IOClass" = "IOBlockStorageDriver"
    | |   |                 |   "IOProbeScore" = 0x0
    | |   |                 |   "CFBundleIdentifierKernel" = "com.apple.iokit.IOStorageFamily"
    | |   |                 |   "IOMatchedAtBoot" = Yes
    | |   |                 |   "Statistics" = {"Operations (Write)"=0x6bca0d,"Latency Time (Write)"=0x0,"Bytes (Read)"=0x3529062200,"Errors (Write)"=0x0,"Total Time (Read)"=0x272ee89ec77,"Latency Time (Read)"=0x0,"Retries (Read)"=0x0,"Errors (Read)"=0x0,"Total Time (Write)"=0x110ee699c1c,"Bytes (Write)"=0x46cfaf6000,"Operations (Read)"=0x1078418,"Retries (Write)"=0x0}
    | |   |                 |   "IOMatchCategory" = "IODefaultMatchCategory"
    | |   |                 |   "IOGeneralInterest" = "IOCommand is not serializable"
    | |   |                 | }
    | |   |                 | 
    | |   |                 +-o APPLE SSD SM0256G Media  <class IOMedia, id 0x100000306, registered, matched, active, busy 0 (399 ms), retain 12>
    | |   |                   | {
    | |   |                   |   "Content" = "GUID_partition_scheme"
    | |   |                   |   "Removable" = No
    | |   |                   |   "Whole" = Yes
    | |   |                   |   "Leaf" = No
    | |   |                   |   "BSD Name" = "disk0"
    | |   |                   |   "Ejectable" = No
    | |   |                   |   "Preferred Block Size" = 0x200
    | |   |                   |   "IOMediaIcon" = {"IOBundleResourceFile"="Internal.icns","CFBundleIdentifier"="com.apple.iokit.IOStorageFamily"}
    | |   |                   |   "BSD Minor" = 0x0
    | |   |                   |   "IOPolledInterfaceStack" = "IOPolledFilePollers is not serializable"
    | |   |                   |   "Writable" = Yes
    | |   |                   |   "IOGeneralInterest" = "IOCommand is not serializable"
    | |   |                   |   "BSD Major" = 0x1
    | |   |                   |   "Size" = 0x3a70c70000
    | |   |                   |   "IOBusyInterest" = "IOCommand is not serializable"
    | |   |                   |   "Open" = Yes
    | |   |                   |   "Content Hint" = ""
    | |   |                   |   "BSD Unit" = 0x0
    | |   |                   | }
    | |   |                   | 
    | |   |                   +-o IOMediaBSDClient  <class IOMediaBSDClient, id 0x100000307, registered, matched, active, busy 0 (0 ms), retain 6>
    | |   |                   |   {
    | |   |                   |     "IOProbeScore" = 0x7530
    | |   |                   |     "CFBundleIdentifier" = "com.apple.iokit.IOStorageFamily"
    | |   |                   |     "IOMatchCategory" = "IOMediaBSDClient"
    | |   |                   |     "IOClass" = "IOMediaBSDClient"
    | |   |                   |     "IOProviderClass" = "IOMedia"
    | |   |                   |     "CFBundleIdentifierKernel" = "com.apple.iokit.IOStorageFamily"
    | |   |                   |     "IOMatchedAtBoot" = Yes
    | |   |                   |     "IOResourceMatch" = "IOBSD"
    | |   |                   |   }
    | |   |                   |   
    | |   |                   +-o IOGUIDPartitionScheme  <class IOGUIDPartitionScheme, id 0x100000309, !registered, !matched, active, busy 0 (83 ms), retain 7>
    | |   |                     | {
    | |   |                     |   "IOProbeScore" = 0xfa0
    | |   |                     |   "CFBundleIdentifier" = "com.apple.iokit.IOStorageFamily"
    | |   |                     |   "IOMatchCategory" = "IOStorage"
    | |   |                     |   "IOClass" = "IOGUIDPartitionScheme"
    | |   |                     |   "IOPropertyMatch" = {"Whole"=Yes}
    | |   |                     |   "IOProviderClass" = "IOMedia"
    | |   |                     |   "CFBundleIdentifierKernel" = "com.apple.iokit.IOStorageFamily"
    | |   |                     |   "IOMatchedAtBoot" = Yes
    | |   |                     |   "Content Mask" = "GUID_partition_scheme"
    | |   |                     |   "UUID" = "40E34FA7-155F-4591-9570-EB0FBD487143"
    | |   |                     | }
    | |   |                     | 
    | |   |                     +-o EFI System Partition@1  <class IOMedia, id 0x100000328, registered, matched, active, busy 0 (1 ms), retain 10>
    | |   |                     | | {
    | |   |                     | |   "Open" = No
    | |   |                     | |   "Preferred Block Size" = 0x200
    | |   |                     | |   "Base" = 0x5000
    | |   |                     | |   "Writable" = Yes
    | |   |                     | |   "IOBusyInterest" = "IOCommand is not serializable"
    | |   |                     | |   "Size" = 0xc800000
    | |   |                     | |   "Content" = "C12A7328-F81F-11D2-BA4B-00A0C93EC93B"
    | |   |                     | |   "BSD Minor" = 0x1
    | |   |                     | |   "Whole" = No
    | |   |                     | |   "Removable" = No
    | |   |                     | |   "UUID" = "C283455E-F289-4FAD-B1FB-37A2CC300269"
    | |   |                     | |   "BSD Unit" = 0x0
    | |   |                     | |   "BSD Major" = 0x1
    | |   |                     | |   "Ejectable" = No
    | |   |                     | |   "BSD Name" = "disk0s1"
    | |   |                     | |   "Partition ID" = 0x1
    | |   |                     | |   "IOGeneralInterest" = "IOCommand is not serializable"
    | |   |                     | |   "GPT Attributes" = 0x0
    | |   |                     | |   "Content Hint" = "C12A7328-F81F-11D2-BA4B-00A0C93EC93B"
    | |   |                     | |   "Leaf" = Yes
    | |   |                     | | }
    | |   |                     | | 
    | |   |                     | +-o IOMediaBSDClient  <class IOMediaBSDClient, id 0x100000331, registered, matched, active, busy 0 (0 ms), retain 6>
    | |   |                     |     {
    | |   |                     |       "IOProbeScore" = 0x7530
    | |   |                     |       "CFBundleIdentifier" = "com.apple.iokit.IOStorageFamily"
    | |   |                     |       "IOMatchCategory" = "IOMediaBSDClient"
    | |   |                     |       "IOClass" = "IOMediaBSDClient"
    | |   |                     |       "IOProviderClass" = "IOMedia"
    | |   |                     |       "CFBundleIdentifierKernel" = "com.apple.iokit.IOStorageFamily"
    | |   |                     |       "IOMatchedAtBoot" = Yes
    | |   |                     |       "IOResourceMatch" = "IOBSD"
    | |   |                     |     }
    | |   |                     |     
    | |   |                     +-o Untitled 2@2  <class IOMedia, id 0x10000032a, registered, matched, active, busy 0 (83 ms), retain 12>
    | |   |                       | {
    | |   |                       |   "Open" = Yes
    | |   |                       |   "Preferred Block Size" = 0x200
    | |   |                       |   "Base" = 0xc805000
    | |   |                       |   "Writable" = Yes
    | |   |                       |   "IOBusyInterest" = "IOCommand is not serializable"
    | |   |                       |   "Size" = 0x3a5c466000
    | |   |                       |   "Content" = "7C3457EF-0000-11AA-AA11-00306543ECAC"
    | |   |                       |   "BSD Minor" = 0x2
    | |   |                       |   "Whole" = No
    | |   |                       |   "Removable" = No
    | |   |                       |   "UUID" = "2098B56F-50E2-4855-8E86-066BB12F9ED9"
    | |   |                       |   "BSD Unit" = 0x0
    | |   |                       |   "BSD Major" = 0x1
    | |   |                       |   "Ejectable" = No
    | |   |                       |   "BSD Name" = "disk0s2"
    | |   |                       |   "Partition ID" = 0x2
    | |   |                       |   "IOGeneralInterest" = "IOCommand is not serializable"
    | |   |                       |   "GPT Attributes" = 0x0
    | |   |                       |   "Content Hint" = "7C3457EF-0000-11AA-AA11-00306543ECAC"
    | |   |                       |   "Leaf" = No
    | |   |                       |   "TierType" = "Main"
    | |   |                       | }
    | |   |                       | 
    | |   |                       +-o IOMediaBSDClient  <class IOMediaBSDClient, id 0x10000032c, registered, matched, active, busy 0 (0 ms), retain 6>
    | |   |                       |   {
    | |   |                       |     "IOProbeScore" = 0x7530
    | |   |                       |     "CFBundleIdentifier" = "com.apple.iokit.IOStorageFamily"
    | |   |                       |     "IOMatchCategory" = "IOMediaBSDClient"
    | |   |                       |     "IOClass" = "IOMediaBSDClient"
    | |   |                       |     "IOProviderClass" = "IOMedia"
    | |   |                       |     "CFBundleIdentifierKernel" = "com.apple.iokit.IOStorageFamily"
    | |   |                       |     "IOMatchedAtBoot" = Yes
    | |   |                       |     "IOResourceMatch" = "IOBSD"
    | |   |                       |   }
    | |   |                       |   
    | |   |                       +-o AppleAPFSContainerScheme  <class AppleAPFSContainerScheme, id 0x10000032d, !registered, !matched, active, busy 0 (71 ms), retain 7>
    | |   |                         | {
    | |   |                         |   "IOClass" = "AppleAPFSContainerScheme"
    | |   |                         |   "CFBundleIdentifier" = "com.apple.filesystems.apfs"
    | |   |                         |   "IOProviderClass" = "IOMedia"
    | |   |                         |   "IOPropertyMatch" = ({"Content Hint"="7C3457EF-0000-11AA-AA11-00306543ECAC"})
    | |   |                         |   "IOProbeScore" = 0x7d0
    | |   |                         |   "IOMatchedAtBoot" = Yes
    | |   |                         |   "IOGeneralInterest" = "IOCommand is not serializable"
    | |   |                         |   "IOMatchCategory" = "IOStorage"
    | |   |                         |   "Statistics" = {"Operations (Read)"=0x10778de,"Bytes (Write)"=0x46cfaf6000,"Operations (Write)"=0x6bca0d,"Bytes (Read)"=0x3528b6d000}
    | |   |                         |   "IOPersonalityPublisher" = "com.apple.filesystems.apfs"
    | |   |                         |   "CFBundleIdentifierKernel" = "com.apple.filesystems.apfs"
    | |   |                         |   "APFSComposited" = No
    | |   |                         | }
    | |   |                         | 
    | |   |                         +-o AppleAPFSMedia  <class AppleAPFSMedia, id 0x100000347, registered, matched, active, busy 0 (71 ms), retain 11>
    | |   |                           | {
    | |   |                           |   "Logical Block Size" = 0x1000
    | |   |                           |   "Open" = Yes
    | |   |                           |   "Preferred Block Size" = 0x1000
    | |   |                           |   "Writable" = Yes
    | |   |                           |   "IOBusyInterest" = "IOCommand is not serializable"
    | |   |                           |   "Size" = 0x3a5c466000
    | |   |                           |   "Content" = "EF57347C-0000-11AA-AA11-00306543ECAC"
    | |   |                           |   "BSD Minor" = 0x3
    | |   |                           |   "Whole" = Yes
    | |   |                           |   "IOStorageFeatures" = {"Unmap"=Yes}
    | |   |                           |   "Removable" = No
    | |   |                           |   "EncryptionBlockSize" = 0x200
    | |   |                           |   "UUID" = "C423623B-8279-4D1C-AE12-20702CC1C05E"
    | |   |                           |   "BSD Unit" = 0x1
    | |   |                           |   "BSD Major" = 0x1
    | |   |                           |   "Ejectable" = No
    | |   |                           |   "BSD Name" = "disk1"
    | |   |                           |   "Physical Block Size" = 0x1000
    | |   |                           |   "IOGeneralInterest" = "IOCommand is not serializable"
    | |   |                           |   "Content Hint" = "EF57347C-0000-11AA-AA11-00306543ECAC"
    | |   |                           |   "Leaf" = No
    | |   |                           | }
    | |   |                           | 
    | |   |                           +-o AppleAPFSMediaBSDClient  <class AppleAPFSMediaBSDClient, id 0x100000348, registered, matched, active, busy 0 (0 ms), retain 7>
    | |   |                           |   {
    | |   |                           |     "IOProbeScore" = 0x7918
    | |   |                           |     "CFBundleIdentifier" = "com.apple.filesystems.apfs"
    | |   |                           |     "IOMatchCategory" = "IOMediaBSDClient"
    | |   |                           |     "IOClass" = "AppleAPFSMediaBSDClient"
    | |   |                           |     "IOPersonalityPublisher" = "com.apple.filesystems.apfs"
    | |   |                           |     "IOProviderClass" = "AppleAPFSMedia"
    | |   |                           |     "CFBundleIdentifierKernel" = "com.apple.filesystems.apfs"
    | |   |                           |     "IOMatchedAtBoot" = Yes
    | |   |                           |     "IOResourceMatch" = "IOBSD"
    | |   |                           |   }
    | |   |                           |   
    | |   |                           +-o AppleAPFSContainer  <class AppleAPFSContainer, id 0x100000357, registered, matched, active, busy 0 (3 ms), retain 13>
    | |   |                             | {
    | |   |                             |   "IOClass" = "AppleAPFSContainer"
    | |   |                             |   "CFBundleIdentifier" = "com.apple.filesystems.apfs"
    | |   |                             |   "IOProviderClass" = "IOMedia"
    | |   |                             |   "IOPropertyMatch" = ({"Content Hint"="EF57347C-0000-11AA-AA11-00306543ECAC"})
    | |   |                             |   "Logical Block Size" = 0x1000
    | |   |                             |   "IOUserClientClass" = "AppleAPFSUserClient"
    | |   |                             |   "IOProbeScore" = 0x3e8
    | |   |                             |   "IOMatchedAtBoot" = Yes
    | |   |                             |   "IOGeneralInterest" = "IOCommand is not serializable"
    | |   |                             |   "IOMatchCategory" = "IOStorage"
    | |   |                             |   "Statistics" = {"Metadata: Number of spaceman bitmap bytes read"=0x8c71000,"Metadata: Number of write errors"=0x0,"Number of times device's cache flushed"=0x0,"Write burst: Total number of I/Os"=0x536a2eab,"Write burst: Total time"=0x12c699da5365,"Bytes read from block device"=0x2ad17c8000,"Object cache: Number of writes"=0x484ee3,"Object cache: Number of objects processed by partial cache flushes"=0x0,"Read requests sent to block device"=0x61bc15,"Metadata: Number of bytes written"=0x484ee3000,"Writ$
    | |   |                             |   "UUID" = "C423623B-8279-4D1C-AE12-20702CC1C05E"
    | |   |                             |   "ContainerBlockSize" = 0x1000
    | |   |                             |   "IOPersonalityPublisher" = "com.apple.filesystems.apfs"
    | |   |                             |   "Status" = "Online"
    | |   |                             |   "CFBundleIdentifierKernel" = "com.apple.filesystems.apfs"
    | |   |                             |   "IOAPFSPreBootDevice" = ("Preboot@2")
    | |   |                             | }
    | |   |                             | 
    | |   |                             +-o Macintosh HD - Data@1  <class AppleAPFSVolume, id 0x100000360, registered, matched, active, busy 0 (0 ms), retain 11>
    | |   |                             | | {
    | |   |                             | |   "Logical Block Size" = 0x1000
    | |   |                             | |   "Open" = Yes
    | |   |                             | |   "Preferred Block Size" = 0x1000
    | |   |                             | |   "RoleValue" = 0x40
    | |   |                             | |   "Writable" = Yes
    | |   |                             | |   "Sealed" = "No"
    | |   |                             | |   "IOBusyInterest" = "IOCommand is not serializable"
    | |   |                             | |   "FullName" = "Macintosh HD - Data"
    | |   |                             | |   "Size" = 0x3a5c466000
    | |   |                             | |   "Content" = "41504653-0000-11AA-AA11-00306543ECAC"
    | |   |                             | |   "BSD Minor" = 0x4
    | |   |                             | |   "FormattedBy" = "hfs_convert (1934.141.2.700.2)"
    | |   |                             | |   "Whole" = No
    | |   |                             | |   "IOStorageFeatures" = {"Unmap"=Yes}
    | |   |                             | |   "Removable" = No
    | |   |                             | |   "UUID" = "B2821111-241C-31D4-8402-0A360F1527FE"
    | |   |                             | |   "CaseSensitive" = No
    | |   |                             | |   "Statistics" = {"Metadata: Number of fsroot bytes written"=0x13424c000,"Bytes read from block device"=0x299da80000,"Calls to VNOP_ALLOCATE"=0x6a2d,"Calls to VNOP_LOOKUP"=0x19b8d09,"Calls to VNOP_GETATTRLISTBULK"=0x7ed375,"Calls to VNOP_CLOSE"=0x1fae3ef,"Calls to VNOP_MNOMAP"=0x1c0236,"Calls to VNOP_INACTIVE"=0x138a1ef,"Calls to VNOP_REMOVENAMEDSTREAM"=0x0,"Calls to VNOP_READ"=0x1cf7f00,"File defrag: Number of failed defrag attempts"=0x0,"Calls to VNOP_BLOCKMAP"=0x87f1be,"Calls to VNOP_CREATE"=0xad5$
    | |   |                             | |   "BSD Unit" = 0x1
    | |   |                             | |   "Ejectable" = No
    | |   |                             | |   "VolGroupUUID" = "B2821111-241C-31D4-8402-0A360F1527FE"
    | |   |                             | |   "Role" = ("Data")
    | |   |                             | |   "BSD Name" = "disk1s1"
    | |   |                             | |   "BSD Major" = 0x1
    | |   |                             | |   "Physical Block Size" = 0x1000
    | |   |                             | |   "IOGeneralInterest" = "IOCommand is not serializable"
    | |   |                             | |   "VolGroupMntFromName" = "/dev/disk1s1"
    | |   |                             | |   "Status" = "Online"
    | |   |                             | |   "Content Hint" = "41504653-0000-11AA-AA11-00306543ECAC"
    | |   |                             | |   "Leaf" = Yes
    | |   |                             | | }
    | |   |                             | | 
    | |   |                             | +-o AppleAPFSVolumeBSDClient  <class AppleAPFSVolumeBSDClient, id 0x100000365, registered, matched, active, busy 0 (0 ms), retain 7>
    | |   |                             |     {
    | |   |                             |       "IOProbeScore" = 0x7918
    | |   |                             |       "CFBundleIdentifier" = "com.apple.filesystems.apfs"
    | |   |                             |       "IOMatchCategory" = "IOMediaBSDClient"
    | |   |                             |       "IOClass" = "AppleAPFSVolumeBSDClient"
    | |   |                             |       "IOPersonalityPublisher" = "com.apple.filesystems.apfs"
    | |   |                             |       "IOProviderClass" = "AppleAPFSVolume"
    | |   |                             |       "CFBundleIdentifierKernel" = "com.apple.filesystems.apfs"
    | |   |                             |       "IOMatchedAtBoot" = Yes
    | |   |                             |       "IOResourceMatch" = "IOBSD"
    | |   |                             |     }
    | |   |                             |     
    | |   |                             +-o Preboot@2  <class AppleAPFSVolume, id 0x100000361, registered, matched, active, busy 0 (0 ms), retain 11>
    | |   |                             | | {
    | |   |                             | |   "Logical Block Size" = 0x1000
    | |   |                             | |   "Open" = Yes
    | |   |                             | |   "Preferred Block Size" = 0x1000
    | |   |                             | |   "RoleValue" = 0x10
    | |   |                             | |   "Writable" = Yes
    | |   |                             | |   "Sealed" = "No"
    | |   |                             | |   "IOBusyInterest" = "IOCommand is not serializable"
    | |   |                             | |   "FullName" = "Preboot"
    | |   |                             | |   "Size" = 0x3a5c466000
    | |   |                             | |   "Content" = "41504653-0000-11AA-AA11-00306543ECAC"
    | |   |                             | |   "BSD Minor" = 0x5
    | |   |                             | |   "FormattedBy" = "hfs_convert (1934.141.2.700.2)"
    | |   |                             | |   "Whole" = No
    | |   |                             | |   "IOStorageFeatures" = {"Unmap"=Yes}
    | |   |                             | |   "Removable" = No
    | |   |                             | |   "UUID" = "39E390F4-9206-4252-A320-441A4ABF7058"
    | |   |                             | |   "CaseSensitive" = No
    | |   |                             | |   "Statistics" = {"Metadata: Number of fsroot bytes written"=0x11000,"Bytes read from block device"=0x12304000,"Calls to VNOP_ALLOCATE"=0x0,"Calls to VNOP_LOOKUP"=0xc73,"Calls to VNOP_GETATTRLISTBULK"=0xcb5,"Calls to VNOP_CLOSE"=0x2bc3,"Calls to VNOP_MNOMAP"=0x0,"Calls to VNOP_INACTIVE"=0x1301,"Calls to VNOP_REMOVENAMEDSTREAM"=0x0,"Calls to VNOP_READ"=0x291d,"File defrag: Number of failed defrag attempts"=0x0,"Calls to VNOP_BLOCKMAP"=0x7ec,"Calls to VNOP_CREATE"=0x0,"Metadata: Number of objects faile$
    | |   |                             | |   "BSD Unit" = 0x1
    | |   |                             | |   "Ejectable" = No
    | |   |                             | |   "VolGroupUUID" = "00000000-0000-0000-0000-000000000000"
    | |   |                             | |   "Role" = ("Preboot")
    | |   |                             | |   "BSD Name" = "disk1s2"
    | |   |                             | |   "BSD Major" = 0x1
    | |   |                             | |   "Physical Block Size" = 0x1000
    | |   |                             | |   "IOGeneralInterest" = "IOCommand is not serializable"
    | |   |                             | |   "autodiskmount" = No
    | |   |                             | |   "Status" = "Online"
    | |   |                             | |   "Content Hint" = "41504653-0000-11AA-AA11-00306543ECAC"
    | |   |                             | |   "Leaf" = Yes
    | |   |                             | | }
    | |   |                             | | 
    | |   |                             | +-o AppleAPFSVolumeBSDClient  <class AppleAPFSVolumeBSDClient, id 0x10000036c, registered, matched, active, busy 0 (0 ms), retain 7>
    | |   |                             |     {
    | |   |                             |       "IOProbeScore" = 0x7918
    | |   |                             |       "CFBundleIdentifier" = "com.apple.filesystems.apfs"
    | |   |                             |       "IOMatchCategory" = "IOMediaBSDClient"
    | |   |                             |       "IOClass" = "AppleAPFSVolumeBSDClient"
    | |   |                             |       "IOPersonalityPublisher" = "com.apple.filesystems.apfs"
    | |   |                             |       "IOProviderClass" = "AppleAPFSVolume"
    | |   |                             |       "CFBundleIdentifierKernel" = "com.apple.filesystems.apfs"
    | |   |                             |       "IOMatchedAtBoot" = Yes
    | |   |                             |       "IOResourceMatch" = "IOBSD"
    | |   |                             |     }
    | |   |                             |     
    | |   |                             +-o Recovery@3  <class AppleAPFSVolume, id 0x100000362, registered, matched, active, busy 0 (1 ms), retain 9>
    | |   |                             | | {
    | |   |                             | |   "Logical Block Size" = 0x1000
    | |   |                             | |   "Open" = No
    | |   |                             | |   "Preferred Block Size" = 0x1000
    | |   |                             | |   "RoleValue" = 0x4
    | |   |                             | |   "Writable" = Yes
    | |   |                             | |   "Sealed" = "No"
    | |   |                             | |   "IOBusyInterest" = "IOCommand is not serializable"
    | |   |                             | |   "FullName" = "Recovery"
    | |   |                             | |   "Size" = 0x3a5c466000
    | |   |                             | |   "Content" = "41504653-0000-11AA-AA11-00306543ECAC"
    | |   |                             | |   "BSD Minor" = 0x9
    | |   |                             | |   "FormattedBy" = "diskmanageme (1934.141.2.700.2)"
    | |   |                             | |   "Whole" = No
    | |   |                             | |   "IOStorageFeatures" = {"Unmap"=Yes}
    | |   |                             | |   "Removable" = No
    | |   |                             | |   "UUID" = "842C97EC-23D9-4906-ACCF-CA0DE468CEF8"
    | |   |                             | |   "CaseSensitive" = No
    | |   |                             | |   "Statistics" = {"Metadata: Number of fsroot bytes written"=0x0,"Bytes read from block device"=0x0,"Calls to VNOP_ALLOCATE"=0x0,"Calls to VNOP_LOOKUP"=0x0,"Calls to VNOP_GETATTRLISTBULK"=0x0,"Calls to VNOP_CLOSE"=0x0,"Calls to VNOP_MNOMAP"=0x0,"Calls to VNOP_INACTIVE"=0x0,"Calls to VNOP_REMOVENAMEDSTREAM"=0x0,"Calls to VNOP_READ"=0x0,"File defrag: Number of failed defrag attempts"=0x0,"Calls to VNOP_BLOCKMAP"=0x0,"Calls to VNOP_CREATE"=0x0,"Metadata: Number of objects failed to write"=0x0,"Calls to $
    | |   |                             | |   "BSD Unit" = 0x1
    | |   |                             | |   "Ejectable" = No
    | |   |                             | |   "VolGroupUUID" = "00000000-0000-0000-0000-000000000000"
    | |   |                             | |   "Role" = ("Recovery")
    | |   |                             | |   "BSD Name" = "disk1s3"
    | |   |                             | |   "BSD Major" = 0x1
    | |   |                             | |   "Physical Block Size" = 0x1000
    | |   |                             | |   "IOGeneralInterest" = "IOCommand is not serializable"
    | |   |                             | |   "autodiskmount" = No
    | |   |                             | |   "Status" = "Online"
    | |   |                             | |   "Content Hint" = "41504653-0000-11AA-AA11-00306543ECAC"
    | |   |                             | |   "Leaf" = Yes
    | |   |                             | | }
    | |   |                             | | 
    | |   |                             | +-o AppleAPFSVolumeBSDClient  <class AppleAPFSVolumeBSDClient, id 0x100000367, registered, matched, active, busy 0 (0 ms), retain 6>
    | |   |                             |     {
    | |   |                             |       "IOProbeScore" = 0x7918
    | |   |                             |       "CFBundleIdentifier" = "com.apple.filesystems.apfs"
    | |   |                             |       "IOMatchCategory" = "IOMediaBSDClient"
    | |   |                             |       "IOClass" = "AppleAPFSVolumeBSDClient"
    | |   |                             |       "IOPersonalityPublisher" = "com.apple.filesystems.apfs"
    | |   |                             |       "IOProviderClass" = "AppleAPFSVolume"
    | |   |                             |       "CFBundleIdentifierKernel" = "com.apple.filesystems.apfs"
    | |   |                             |       "IOMatchedAtBoot" = Yes
    | |   |                             |       "IOResourceMatch" = "IOBSD"
    | |   |                             |     }
    | |   |                             |     
    | |   |                             +-o VM@4  <class AppleAPFSVolume, id 0x100000363, registered, matched, active, busy 0 (0 ms), retain 11>
    | |   |                             | | {
    | |   |                             | |   "Logical Block Size" = 0x1000
    | |   |                             | |   "Open" = Yes
    | |   |                             | |   "Preferred Block Size" = 0x1000
    | |   |                             | |   "RoleValue" = 0x8
    | |   |                             | |   "Writable" = Yes
    | |   |                             | |   "Sealed" = "No"
    | |   |                             | |   "IOBusyInterest" = "IOCommand is not serializable"
    | |   |                             | |   "FullName" = "VM"
    | |   |                             | |   "Size" = 0x3a5c466000
    | |   |                             | |   "Content" = "41504653-0000-11AA-AA11-00306543ECAC"
    | |   |                             | |   "BSD Minor" = 0x6
    | |   |                             | |   "FormattedBy" = "diskmanageme (1934.141.2.700.2)"
    | |   |                             | |   "Whole" = No
    | |   |                             | |   "IOStorageFeatures" = {"Unmap"=Yes}
    | |   |                             | |   "Removable" = No
    | |   |                             | |   "UUID" = "EE76C81F-E589-4055-9E95-C5F24CAFA18E"
    | |   |                             | |   "CaseSensitive" = No
    | |   |                             | |   "Statistics" = {"Metadata: Number of fsroot bytes written"=0x6000,"Bytes read from block device"=0x356d9000,"Calls to VNOP_ALLOCATE"=0x0,"Calls to VNOP_LOOKUP"=0x6f,"Calls to VNOP_GETATTRLISTBULK"=0xe,"Calls to VNOP_CLOSE"=0x80,"Calls to VNOP_MNOMAP"=0x0,"Calls to VNOP_INACTIVE"=0x3,"Calls to VNOP_REMOVENAMEDSTREAM"=0x0,"Calls to VNOP_READ"=0x7,"File defrag: Number of failed defrag attempts"=0x0,"Calls to VNOP_BLOCKMAP"=0x2f46,"Calls to VNOP_CREATE"=0x2,"Metadata: Number of objects failed to write"$
    | |   |                             | |   "BSD Unit" = 0x1
    | |   |                             | |   "Ejectable" = No
    | |   |                             | |   "VolGroupUUID" = "00000000-0000-0000-0000-000000000000"
    | |   |                             | |   "Role" = ("VM")
    | |   |                             | |   "BSD Name" = "disk1s4"
    | |   |                             | |   "BSD Major" = 0x1
    | |   |                             | |   "Physical Block Size" = 0x1000
    | |   |                             | |   "IOGeneralInterest" = "IOCommand is not serializable"
    | |   |                             | |   "autodiskmount" = No
    | |   |                             | |   "Status" = "Online"
    | |   |                             | |   "Content Hint" = "41504653-0000-11AA-AA11-00306543ECAC"
    | |   |                             | |   "Leaf" = Yes
    | |   |                             | | }
    | |   |                             | | 
    | |   |                             | +-o AppleAPFSVolumeBSDClient  <class AppleAPFSVolumeBSDClient, id 0x100000369, registered, matched, active, busy 0 (0 ms), retain 7>
    | |   |                             |     {
    | |   |                             |       "IOProbeScore" = 0x7918
    | |   |                             |       "CFBundleIdentifier" = "com.apple.filesystems.apfs"
    | |   |                             |       "IOMatchCategory" = "IOMediaBSDClient"
    | |   |                             |       "IOClass" = "AppleAPFSVolumeBSDClient"
    | |   |                             |       "IOPersonalityPublisher" = "com.apple.filesystems.apfs"
    | |   |                             |       "IOProviderClass" = "AppleAPFSVolume"
    | |   |                             |       "CFBundleIdentifierKernel" = "com.apple.filesystems.apfs"
    | |   |                             |       "IOMatchedAtBoot" = Yes
    | |   |                             |       "IOResourceMatch" = "IOBSD"
    | |   |                             |     }
    | |   |                             |     
    | |   |                             +-o Macintosh HD@5  <class AppleAPFSVolume, id 0x100000364, registered, matched, active, busy 0 (3 ms), retain 14>
    | |   |                             | | {
    | |   |                             | |   "Logical Block Size" = 0x1000
    | |   |                             | |   "Open" = Yes
    | |   |                             | |   "Preferred Block Size" = 0x1000
    | |   |                             | |   "RoleValue" = 0x1
    | |   |                             | |   "Writable" = Yes
    | |   |                             | |   "Sealed" = "Yes"
    | |   |                             | |   "IOBusyInterest" = "IOCommand is not serializable"
    | |   |                             | |   "FullName" = "Macintosh HD"
    | |   |                             | |   "Size" = 0x3a5c466000
    | |   |                             | |   "Content" = "41504653-0000-11AA-AA11-00306543ECAC"
    | |   |                             | |   "VolBootable" = Yes
    | |   |                             | |   "FormattedBy" = "storagekitd (1934.141.2.700.2)"
    | |   |                             | |   "Whole" = No
    | |   |                             | |   "BSD Minor" = 0x7
    | |   |                             | |   "IOStorageFeatures" = {"Unmap"=Yes}
    | |   |                             | |   "Removable" = No
    | |   |                             | |   "UUID" = "8007F100-EB7B-435F-B2A4-1E0D7F78C9A0"
    | |   |                             | |   "CaseSensitive" = No
    | |   |                             | |   "Statistics" = {"Metadata: Number of fsroot bytes written"=0x0,"Bytes read from block device"=0xec03b000,"Calls to VNOP_ALLOCATE"=0x0,"Calls to VNOP_LOOKUP"=0x1dd2c20,"Calls to VNOP_GETATTRLISTBULK"=0x1882b8,"Calls to VNOP_CLOSE"=0x706ec0,"Calls to VNOP_MNOMAP"=0x55e7a,"Calls to VNOP_INACTIVE"=0x277c61,"Calls to VNOP_REMOVENAMEDSTREAM"=0x0,"Calls to VNOP_READ"=0x682340,"File defrag: Number of failed defrag attempts"=0x0,"Calls to VNOP_BLOCKMAP"=0x2c271,"Calls to VNOP_CREATE"=0x0,"Metadata: Number o$
    | |   |                             | |   "BSD Unit" = 0x1
    | |   |                             | |   "Ejectable" = No
    | |   |                             | |   "VolGroupUUID" = "B2821111-241C-31D4-8402-0A360F1527FE"
    | |   |                             | |   "Role" = ("System")
    | |   |                             | |   "BSD Name" = "disk1s5"
    | |   |                             | |   "BSD Major" = 0x1
    | |   |                             | |   "Physical Block Size" = 0x1000
    | |   |                             | |   "IOGeneralInterest" = "IOCommand is not serializable"
    | |   |                             | |   "VolGroupMntFromName" = "/dev/disk1s5s1"
    | |   |                             | |   "Status" = "Online"
    | |   |                             | |   "autodiskmount" = No
    | |   |                             | |   "Content Hint" = "41504653-0000-11AA-AA11-00306543ECAC"
    | |   |                             | |   "Leaf" = Yes
    | |   |                             | | }
    | |   |                             | | 
    | |   |                             | +-o AppleAPFSVolumeBSDClient  <class AppleAPFSVolumeBSDClient, id 0x10000036e, registered, matched, active, busy 0 (0 ms), retain 6>
    | |   |                             | |   {
    | |   |                             | |     "IOProbeScore" = 0x7918
    | |   |                             | |     "CFBundleIdentifier" = "com.apple.filesystems.apfs"
    | |   |                             | |     "IOMatchCategory" = "IOMediaBSDClient"
    | |   |                             | |     "IOClass" = "AppleAPFSVolumeBSDClient"
    | |   |                             | |     "IOPersonalityPublisher" = "com.apple.filesystems.apfs"
    | |   |                             | |     "IOProviderClass" = "AppleAPFSVolume"
    | |   |                             | |     "CFBundleIdentifierKernel" = "com.apple.filesystems.apfs"
    | |   |                             | |     "IOMatchedAtBoot" = Yes
    | |   |                             | |     "IOResourceMatch" = "IOBSD"
    | |   |                             | |   }
    | |   |                             | |   
    | |   |                             | +-o com.apple.os.update-CB0A7655FB68BF1B8B5973B5F00D93A3F92BA208F5379F3D5FF0D1F31BA7268C@1  <class AppleAPFSSnapshot, id 0x100000373, registered, matched, active, busy 0 (1 ms), retain 10>
    | |   |                             |   | {
    | |   |                             |   |   "Logical Block Size" = 0x1000
    | |   |                             |   |   "Open" = Yes
    | |   |                             |   |   "Preferred Block Size" = 0x1000
    | |   |                             |   |   "Writable" = No
    | |   |                             |   |   "Sealed" = "Yes"
    | |   |                             |   |   "IOBusyInterest" = "IOCommand is not serializable"
    | |   |                             |   |   "FullName" = "com.apple.os.update-CB0A7655FB68BF1B8B5973B5F00D93A3F92BA208F5379F3D5FF0D1F31BA7268C"
    | |   |                             |   |   "Size" = 0x3a5c466000
    | |   |                             |   |   "Content" = "41504653-0000-11AA-AA11-00306543ECAC"
    | |   |                             |   |   "BSD Minor" = 0xa
    | |   |                             |   |   "FormattedBy" = "storagekitd (1934.141.2.700.2)"
    | |   |                             |   |   "Whole" = No
    | |   |                             |   |   "IOStorageFeatures" = {"Unmap"=Yes}
    | |   |                             |   |   "Removable" = No
    | |   |                             |   |   "UUID" = "6DE14D40-42D2-4ED5-BC55-B20FA2556390"
    | |   |                             |   |   "BSD Unit" = 0x1
    | |   |                             |   |   "BSD Major" = 0x1
    | |   |                             |   |   "Ejectable" = No
    | |   |                             |   |   "VolGroupUUID" = "B2821111-241C-31D4-8402-0A360F1527FE"
    | |   |                             |   |   "BSD Name" = "disk1s5s1"
    | |   |                             |   |   "Physical Block Size" = 0x1000
    | |   |                             |   |   "IOGeneralInterest" = "IOCommand is not serializable"
    | |   |                             |   |   "Status" = "Online"
    | |   |                             |   |   "Content Hint" = "41504653-0000-11AA-AA11-00306543ECAC"
    | |   |                             |   |   "Leaf" = Yes
    | |   |                             |   | }
    | |   |                             |   | 
    | |   |                             |   +-o IOMediaBSDClient  <class IOMediaBSDClient, id 0x100000374, registered, matched, active, busy 0 (0 ms), retain 7>
    | |   |                             |       {
    | |   |                             |         "IOProbeScore" = 0x7530
    | |   |                             |         "CFBundleIdentifier" = "com.apple.iokit.IOStorageFamily"
    | |   |                             |         "IOMatchCategory" = "IOMediaBSDClient"
    | |   |                             |         "IOClass" = "IOMediaBSDClient"
    | |   |                             |         "IOProviderClass" = "IOMedia"
    | |   |                             |         "CFBundleIdentifierKernel" = "com.apple.iokit.IOStorageFamily"
    | |   |                             |         "IOMatchedAtBoot" = Yes
    | |   |                             |         "IOResourceMatch" = "IOBSD"
    | |   |                             |       }
    | |   |                             |       
    | |   |                             +-o Update@6  <class AppleAPFSVolume, id 0x10000036b, registered, matched, active, busy 0 (1 ms), retain 11>
    | |   |                               | {
    | |   |                               |   "Logical Block Size" = 0x1000
    | |   |                               |   "Open" = Yes
    | |   |                               |   "Preferred Block Size" = 0x1000
    | |   |                               |   "RoleValue" = 0xc0
    | |   |                               |   "Writable" = Yes
    | |   |                               |   "Sealed" = "No"
    | |   |                               |   "IOBusyInterest" = "IOCommand is not serializable"
    | |   |                               |   "FullName" = "Update"
    | |   |                               |   "Size" = 0x3a5c466000
    | |   |                               |   "Content" = "41504653-0000-11AA-AA11-00306543ECAC"
    | |   |                               |   "BSD Minor" = 0x8
    | |   |                               |   "FormattedBy" = "com.apple.Mo (1934.141.2.700.2)"
    | |   |                               |   "Whole" = No
    | |   |                               |   "IOStorageFeatures" = {"Unmap"=Yes}
    | |   |                               |   "Removable" = No
    | |   |                               |   "UUID" = "7420904D-BF96-4167-88D9-73C9D69894F9"
    | |   |                               |   "CaseSensitive" = No
    | |   |                               |   "Statistics" = {"Metadata: Number of fsroot bytes written"=0xb000,"Bytes read from block device"=0x330000,"Calls to VNOP_ALLOCATE"=0x0,"Calls to VNOP_LOOKUP"=0x227f,"Calls to VNOP_GETATTRLISTBULK"=0x23cf,"Calls to VNOP_CLOSE"=0x25a7,"Calls to VNOP_MNOMAP"=0x0,"Calls to VNOP_INACTIVE"=0x22f4,"Calls to VNOP_REMOVENAMEDSTREAM"=0x0,"Calls to VNOP_READ"=0x4f,"File defrag: Number of failed defrag attempts"=0x0,"Calls to VNOP_BLOCKMAP"=0x140,"Calls to VNOP_CREATE"=0x1,"Metadata: Number of objects failed t$
    | |   |                               |   "BSD Unit" = 0x1
    | |   |                               |   "Ejectable" = No
    | |   |                               |   "VolGroupUUID" = "00000000-0000-0000-0000-000000000000"
    | |   |                               |   "Role" = ("Update")
    | |   |                               |   "BSD Name" = "disk1s6"
    | |   |                               |   "BSD Major" = 0x1
    | |   |                               |   "Physical Block Size" = 0x1000
    | |   |                               |   "IOGeneralInterest" = "IOCommand is not serializable"
    | |   |                               |   "autodiskmount" = No
    | |   |                               |   "Status" = "Online"
    | |   |                               |   "Content Hint" = "41504653-0000-11AA-AA11-00306543ECAC"
    | |   |                               |   "Leaf" = Yes
    | |   |                               |   "OSInternal" = Yes
    | |   |                               | }
    | |   |                               | 
    | |   |                               +-o AppleAPFSVolumeBSDClient  <class AppleAPFSVolumeBSDClient, id 0x100000370, registered, matched, active, busy 0 (0 ms), retain 7>
    | |   |                                   {
    | |   |                                     "IOProbeScore" = 0x7918
    | |   |                                     "CFBundleIdentifier" = "com.apple.filesystems.apfs"
    | |   |                                     "IOMatchCategory" = "IOMediaBSDClient"
    | |   |                                     "IOClass" = "AppleAPFSVolumeBSDClient"
    | |   |                                     "IOPersonalityPublisher" = "com.apple.filesystems.apfs"
    | |   |                                     "IOProviderClass" = "AppleAPFSVolume"
    | |   |                                     "CFBundleIdentifierKernel" = "com.apple.filesystems.apfs"
    | |   |                                     "IOMatchedAtBoot" = Yes
    | |   |                                     "IOResourceMatch" = "IOBSD"
    | |   |                                   }
    | |   |                                   
    | |   +-o LPCB@1F  <class IOPCIDevice, id 0x1000001f3, registered, matched, active, busy 0 (196 ms), retain 22>
    | |   | | {
    | |   | |   "name" = <706369383038362c3963633300>
    | |   | |   "subsystem-vendor-id" = <86800000>
    | |   | |   "compatible" = <706369383038362c3732373000706369383038362c3963633300706369636c6173732c303630313030004c50434200>
    | |   | |   "IOName" = "pci8086,9cc3"
    | |   | |   "reg" = <00f8000000000000000000000000000000000000>
    | |   | |   "device-id" = <c39c0000>
    | |   | |   "IOServiceDEXTEntitlements" = (("com.apple.developer.driverkit.transport.pci"))
    | |   | |   "IOPowerManagement" = {"ChildrenPowerState"=0x2,"CurrentPowerState"=0x2,"CapabilityFlags"=0x102,"ChildProxyPowerState"=0x2,"MaxPowerState"=0x3}
    | |   | |   "built-in" = <00>
    | |   | |   "IOPCIResourced" = Yes
    | |   | |   "revision-id" = <03000000>
    | |   | |   "IOInterruptControllers" = ()
    | |   | |   "vendor-id" = <86800000>
    | |   | |   "pcidebug" = "0:31:0"
    | |   | |   "class-code" = <00010600>
    | |   | |   "IOInterruptSpecifiers" = ()
    | |   | |   "acpi-path" = "IOACPIPlane:/_SB/PCI0@0/LPCB@1f0000"
    | |   | |   "subsystem-id" = <70720000>
    | |   | |   "acpi-device" = "IOACPIPlatformDevice is not serializable"
    | |   | | }
    | |   | | 
    | |   | +-o AppleLPC  <class AppleLPC, id 0x100000438, registered, matched, active, busy 0 (0 ms), retain 7>
    | |   | |   {
    | |   | |     "IOProbeScore" = 0x3e8
    | |   | |     "CFBundleIdentifier" = "com.apple.driver.AppleLPC"
    | |   | |     "IOProviderClass" = "IOPCIDevice"
    | |   | |     "IOClass" = "AppleLPC"
    | |   | |     "IOPersonalityPublisher" = "com.apple.driver.AppleLPC"
    | |   | |     "LCTL_Offset" = 0x50
    | |   | |     "CFBundleIdentifierKernel" = "com.apple.driver.AppleLPC"
    | |   | |     "IONameMatch" = ("pci8086,9cc1","pci8086,9cc2","pci8086,9cc3","pci8086,9cc5","pci8086,9cc6","pci8086,9cc7","pci8086,9cc9")
    | |   | |     "IOMatchCategory" = "IODefaultMatchCategory"
    | |   | |     "IONameMatched" = "pci8086,9cc3"
    | |   | |     "IOPowerManagement" = {"CapabilityFlags"=0x8000,"MaxPowerState"=0x1,"CurrentPowerState"=0x1}
    | |   | |   }
    | |   | |   
    | |   | +-o com_apple_driver_eficheck  <class com_apple_driver_eficheck, id 0x100000439, registered, matched, active, busy 0 (0 ms), retain 5>
    | |   |     {
    | |   |       "IOProbeScore" = 0x0
    | |   |       "CFBundleIdentifier" = "com.apple.driver.eficheck"
    | |   |       "IOMatchCategory" = "com_apple_driver_eficheck"
    | |   |       "IOClass" = "com_apple_driver_eficheck"
    | |   |       "IOPersonalityPublisher" = "com.apple.driver.eficheck"
    | |   |       "IOKitDebug" = 0xffff
    | |   |       "IOProviderClass" = "IOPCIDevice"
    | |   |       "IONameMatch" = ("pci8086,1c41","pci8086,1c42","pci8086,1c43","pci8086,1c44","pci8086,1c46","pci8086,1c47","pci8086,1c49","pci8086,1c4a","pci8086,1c4b","pci8086,1c4c","pci8086,1c4d","pci8086,1c4e","pci8086,1c4f","pci8086,1c50","pci8086,1c52","pci8086,1c5c","pci8086,1d41","pci8086,1e42","pci8086,1e44","pci8086,1e46","pci8086,1e47","pci8086,1e48","pci8086,1e49","pci8086,1e4a","pci8086,1e53","pci8086,1e55","pci8086,1e56","pci8086,1e57","pci8086,1e58","pci8086,1e59","pci8086,1e5d","pci8086,1e5e","pci8086,1e5f","pci8086,3b02","pci$
    | |   |       "IOUserClientClass" = "com_apple_driver_eficheckuserclient"
    | |   |       "CFBundleIdentifierKernel" = "com.apple.driver.eficheck"
    | |   |       "IONameMatched" = "pci8086,9cc3"
    | |   |     }
    | |   |     
    | |   +-o SBUS@1F,3  <class IOPCIDevice, id 0x1000001f0, registered, matched, active, busy 0 (185 ms), retain 10>
    | |   |   {
    | |   |     "assigned-addresses" = <10fb00827f000000009001a1000000000001000020fb008100000000a0ef00000000000020000000>
    | |   |     "IOInterruptSpecifiers" = (<1200000007000000>)
    | |   |     "class-code" = <00050c00>
    | |   |     "IODeviceMemory" = (({"address"=0x7fa1019000,"length"=0x100}),"IOSubMemoryDescriptor is not serializable")
    | |   |     "IOPowerManagement" = {"CurrentPowerState"=0x2,"CapabilityFlags"=0x102,"ChildProxyPowerState"=0x2,"MaxPowerState"=0x3}
    | |   |     "subsystem-vendor-id" = <86800000>
    | |   |     "built-in" = <00>
    | |   |     "acpi-device" = "IOACPIPlatformDevice is not serializable"
    | |   |     "IOInterruptControllers" = ("io-apic-0")
    | |   |     "vendor-id" = <86800000>
    | |   |     "name" = <706369383038362c3963613200>
    | |   |     "device-id" = <a29c0000>
    | |   |     "IOPCIResourced" = Yes
    | |   |     "compatible" = <706369383038362c3732373000706369383038362c3963613200706369636c6173732c306330353030005342555300>
    | |   |     "iommu-selection" = <00000000>
    | |   |     "IOServiceDEXTEntitlements" = (("com.apple.developer.driverkit.transport.pci"))
    | |   |     "acpi-path" = "IOACPIPlane:/_SB/PCI0@0/SBUS@1f0003"
    | |   |     "subsystem-id" = <70720000>
    | |   |     "revision-id" = <03000000>
    | |   |     "pcidebug" = "0:31:3"
    | |   |     "IOName" = "pci8086,9ca2"
    | |   |     "reg" = <00fb00000000000000000000000000000000000010fb00020000000000000000000000000001000020fb000100000000000000000000000020000000>
    | |   |   }
    | |   |   
    | |   +-o pci8086,9ca4@1F,6  <class IOPCIDevice, id 0x100000272, registered, matched, active, busy 0 (0 ms), retain 8>
    | |       {
    | |         "iommu-selection" = <00000000>
    | |         "subsystem-vendor-id" = <86800000>
    | |         "compatible" = <706369383038362c3732373000706369383038362c3963613400706369636c6173732c31313830303000>
    | |         "IOName" = "pci8086,9ca4"
    | |         "reg" = <00fe00000000000000000000000000000000000010fe000200000000000000000000000000100000>
    | |         "assigned-addresses" = <10fe00827f000000008001a10000000000100000>
    | |         "device-id" = <a49c0000>
    | |         "IOServiceDEXTEntitlements" = (("com.apple.developer.driverkit.transport.pci"))
    | |         "IOPowerManagement" = {"CurrentPowerState"=0x2,"CapabilityFlags"=0x102,"ChildProxyPowerState"=0x2,"MaxPowerState"=0x3}
    | |         "IOPCIResourced" = Yes
    | |         "revision-id" = <03000000>
    | |         "IODeviceMemory" = (({"address"=0x7fa1018000,"length"=0x1000}))
    | |         "vendor-id" = <86800000>
    | |         "pcidebug" = "0:31:6"
    | |         "class-code" = <00801100>
    | |         "IOInterruptControllers" = ("io-apic-0","IOPCIMessagedInterruptController")
    | |         "IOInterruptSpecifiers" = (<1200000007000000>,<1300000000000100>)
    | |         "subsystem-id" = <70720000>
    | |         "name" = <706369383038362c3963613400>
    | |       }
    | |       
    | +-o DMAC  <class IOACPIPlatformDevice, id 0x10000015f, registered, matched, active, busy 0 (0 ms), retain 7>
    | |   {
    | |     "name" = <504e503032303000>
    | |     "_STA" = 0xffffffffffffffff
    | |     "IODeviceMemory" = (({"address"=0x0,"length"=0x20}),({"address"=0x81,"length"=0x11}),({"address"=0x93,"length"=0xd}),({"address"=0xc0,"length"=0x20}))
    | |   }
    | |   
    | +-o FWHD  <class IOACPIPlatformDevice, id 0x100000160, registered, matched, active, busy 0 (0 ms), retain 7>
    | |   {
    | |     "name" = <494e543038303000>
    | |     "_STA" = 0xffffffffffffffff
    | |     "IODeviceMemory" = (({"address"=0xff000000,"length"=0x1000000}))
    | |   }
    | |   
    | +-o HPET  <class IOACPIPlatformDevice, id 0x100000161, registered, matched, active, busy 0 (1 ms), retain 8>
    | | | {
    | | |   "_STA" = 0xf
    | | |   "IODeviceMemory" = (({"address"=0xfed00000,"length"=0x4000}))
    | | |   "name" = <504e503031303300>
    | | |   "IOInterruptControllers" = ("io-apic-0","io-apic-0","io-apic-0","io-apic-0")
    | | |   "IOInterruptSpecifiers" = (<0200000000000000>,<0800000000000000>,<0b00000000000000>,<0c00000000000000>)
    | | |   "compatible" = <504e503043303100>
    | | | }
    | | | 
    | | +-o AppleHPET  <class AppleHPET, id 0x10000025e, !registered, !matched, active, busy 0, retain 4>
    | |     {
    | |       "IOProbeScore" = 0x0
    | |       "CFBundleIdentifier" = "com.apple.driver.AppleHPET"
    | |       "IOProviderClass" = "IOACPIPlatformDevice"
    | |       "IOClass" = "AppleHPET"
    | |       "IOPersonalityPublisher" = "com.apple.driver.AppleHPET"
    | |       "CFBundleIdentifierKernel" = "com.apple.driver.AppleHPET"
    | |       "IOMatchedAtBoot" = Yes
    | |       "IONameMatch" = "PNP0103"
    | |       "IOMatchCategory" = "IODefaultMatchCategory"
    | |       "IONameMatched" = "PNP0103"
    | |       "HPTC" = 0x0
    | |     }
    | |     
    | +-o IPIC  <class IOACPIPlatformDevice, id 0x100000162, registered, matched, active, busy 0 (2 ms), retain 7>
    | |   {
    | |     "name" = <504e503030303000>
    | |     "_STA" = 0xffffffffffffffff
    | |     "IODeviceMemory" = (({"address"=0x20,"length"=0x2}),({"address"=0x24,"length"=0x2}),({"address"=0x28,"length"=0x2}),({"address"=0x2c,"length"=0x2}),({"address"=0x30,"length"=0x2}),({"address"=0x34,"length"=0x2}),({"address"=0x38,"length"=0x2}),({"address"=0x3c,"length"=0x2}),({"address"=0xa0,"length"=0x2}),({"address"=0xa4,"length"=0x2}),({"address"=0xa8,"length"=0x2}),({"address"=0xac,"length"=0x2}),({"address"=0xb0,"length"=0x2}),({"address"=0xb4,"length"=0x2}),({"address"=0xb8,"length"=0x2}),({"address"=0xbc,"length"=0x2}),({"ad$
    | |   }
    | |   
    | +-o MATH  <class IOACPIPlatformDevice, id 0x100000163, registered, matched, active, busy 0 (5 ms), retain 7>
    | |   {
    | |     "_STA" = 0xffffffffffffffff
    | |     "IODeviceMemory" = (({"address"=0xf0,"length"=0x1}))
    | |     "IOInterruptControllers" = ("io-apic-0")
    | |     "IOInterruptSpecifiers" = (<0d00000000000000>)
    | |     "name" = <504e503043303400>
    | |   }
    | |   
    | +-o LDRC  <class IOACPIPlatformDevice, id 0x100000164, registered, matched, active, busy 0 (1 ms), retain 7>
    | |   {
    | |     "_STA" = 0xffffffffffffffff
    | |     "IODeviceMemory" = (({"address"=0x2e,"length"=0x2}),({"address"=0x4e,"length"=0x2}),({"address"=0x61,"length"=0x1}),({"address"=0x63,"length"=0x1}),({"address"=0x65,"length"=0x1}),({"address"=0x67,"length"=0x1}),({"address"=0x80,"length"=0x1}),({"address"=0x92,"length"=0x1}),({"address"=0xb2,"length"=0x2}),({"address"=0xffff,"length"=0x1}),({"address"=0x1800,"length"=0x80}),({"address"=0x800,"length"=0x80}))
    | |     "_UID" = "2"
    | |     "name" = <504e503043303200>
    | |   }
    | |   
    | +-o RTC  <class IOACPIPlatformDevice, id 0x100000165, registered, matched, active, busy 0 (13 ms), retain 9>
    | | | {
    | | |   "_STA" = 0xffffffffffffffff
    | | |   "IODeviceMemory" = (({"address"=0x70,"length"=0x8}))
    | | |   "IOInterruptSpecifiers" = (<0400000000000000>)
    | | |   "acpi-wake-type" = 0x4
    | | |   "name" = <504e503042303000>
    | | |   "IOInterruptControllers" = ("ACPIEventController")
    | | | }
    | | | 
    | | +-o AppleRTC  <class AppleRTC, id 0x10000026e, registered, matched, active, busy 0 (0 ms), retain 8>
    | |     {
    | |       "IOClass" = "AppleRTC"
    | |       "CFBundleIdentifier" = "com.apple.driver.AppleRTC"
    | |       "IOProviderClass" = "IOACPIPlatformDevice"
    | |       "IOPowerManagement" = {"CapabilityFlags"=0x0,"MaxPowerState"=0x2,"CurrentPowerState"=0x2}
    | |       "IOPlatformWakeAction" = 0x2710
    | |       "IOProbeScore" = 0x0
    | |       "IONameMatch" = "PNP0B00"
    | |       "IOMatchedAtBoot" = Yes
    | |       "IOMatchCategory" = "IODefaultMatchCategory"
    | |       "IONameMatched" = "PNP0B00"
    | |       "IOPersonalityPublisher" = "com.apple.driver.AppleRTC"
    | |       "CFBundleIdentifierKernel" = "com.apple.driver.AppleRTC"
    | |     }
    | |     
    | +-o TIMR  <class IOACPIPlatformDevice, id 0x100000166, registered, matched, active, busy 0 (3 ms), retain 7>
    | |   {
    | |     "name" = <504e503031303000>
    | |     "_STA" = 0xffffffffffffffff
    | |     "IODeviceMemory" = (({"address"=0x40,"length"=0x4}),({"address"=0x50,"length"=0x4}))
    | |   }
    | |   
    | +-o SMC  <class IOACPIPlatformDevice, id 0x100000167, registered, matched, active, busy 0 (32 ms), retain 8>
    | | | {
    | | |   "IODeviceMemory" = (({"address"=0x300,"length"=0x20}),({"address"=0xfef00000,"length"=0x10000}))
    | | |   "compatible" = <736d632d6875726f6e726976657200>
    | | |   "IOReportLegendPublic" = Yes
    | | |   "IOInterruptControllers" = ("io-apic-0")
    | | |   "_STA" = 0xb
    | | |   "IOInterruptSpecifiers" = (<0600000000000000>)
    | | |   "name" = <4150503030303100>
    | | |   "IOReportLegend" = ({"IOReportGroupName"="Interrupt Statistics (by index)","IOReportChannels"=((0x496e747200000000,0x100020001,"               First Level Interrupt Handler Count"),(0x496e747200000001,0x100020001,"              Second Level Interrupt Handler Count"),(0x496e747200000002,0x100020001,"        First Level Interrupt Handler Time (MATUs)"),(0x496e747200000003,0x100020001,"   Second Level Interrupt Handler CPU Time (MATUs)"),(0x496e747200000004,0x100020001,"Second Level Interrupt Handler System Time (MATUs)")),"IOReportCh$
    | | | }
    | | | 
    | | +-o AppleSMC  <class AppleSMC, id 0x100000265, registered, matched, active, busy 0 (9 ms), retain 17>
    | |   | {
    | |   |   "IOClass" = "AppleSMC"
    | |   |   "NumIrqMissWithKeyStatOk" = 0x0
    | |   |   "IOPlatformSleepAction" = 0xffffffffffffffff
    | |   |   "IOPlatformPanicAction" = 0x15ba8
    | |   |   "IOPersonalityPublisher" = "com.apple.driver.AppleSMC"
    | |   |   "IOMatchedAtBoot" = Yes
    | |   |   "ShutdownCause" = "5"
    | |   |   "IOPowerManagement" = {"ChildrenPowerState"=0x1,"CurrentPowerState"=0x1,"CapabilityFlags"=0x8000,"MaxPowerState"=0x1}
    | |   |   "IOProviderClass" = "IOACPIPlatformDevice"
    | |   |   "SleepCause" = "5"
    | |   |   "IOProbeScore" = 0x7d0
    | |   |   "IOUserClientClass" = "AppleSMCClient"
    | |   |   "smc-count" = 0x1
    | |   |   "IOMode" = "MMIO"
    | |   |   "NumDirtyArbitration" = 0x0
    | |   |   "IONameMatch" = "APP0001"
    | |   |   "IOPlatformHaltRestartAction" = 0x15ba8
    | |   |   "NumIrqMissing" = 0x0
    | |   |   "CFBundleIdentifierKernel" = "com.apple.driver.AppleSMC"
    | |   |   "Generation" = 0x2
    | |   |   "IOMatchCategory" = "IODefaultMatchCategory"
    | |   |   "CFBundleIdentifier" = "com.apple.driver.AppleSMC"
    | |   |   "IONameMatched" = "APP0001"
    | |   |   "NumIrqMissWithAttnSet" = 0x0
    | |   |   "smc-version" = "2.28f7"
    | |   |   "NumIrqMissWithKeyDoneSet" = 0x0
    | |   |   "IOPlatformWakeAction" = 0xffffffffffffffff
    | |   | }
    | |   | 
    | |   +-o SMCWatchDogTimer  <class SMCWatchDogTimer, id 0x100000270, registered, matched, active, busy 0 (1 ms), retain 7>
    | |   | | {
    | |   | |   "PanicWatchdogEnabled" = Yes
    | |   | | }
    | |   | | 
    | |   | +-o IOWatchdogUserClient  <class IOWatchdogUserClient, id 0x1000003b7, registered, matched, active, busy 0 (1 ms), retain 6>
    | |   |     {
    | |   |       "IOUserClientCreator" = "pid 122, watchdogd"
    | |   |       "IOUserClientDefaultLocking" = Yes
    | |   |     }
    | |   |     
    | |   +-o KextAudit  <class KextAudit, id 0x10000028d, registered, matched, active, busy 0 (0 ms), retain 6>
    | |   | | {
    | |   | |   "IOProbeScore" = 0x0
    | |   | |   "CFBundleIdentifier" = "com.apple.private.KextAudit"
    | |   | |   "IOMatchCategory" = "KextAudit"
    | |   | |   "IOClass" = "KextAudit"
    | |   | |   "IOPersonalityPublisher" = "com.apple.private.KextAudit"
    | |   | |   "IOProviderClass" = "AppleSMC"
    | |   | |   "CFBundleIdentifierKernel" = "com.apple.private.KextAudit"
    | |   | |   "IOMatchedAtBoot" = Yes
    | |   | |   "IOUserClientClass" = "KextAuditUserClient"
    | |   | | }
    | |   | | 
    | |   | +-o KextAuditUserClient  <class KextAuditUserClient, id 0x1000003d8, !registered, !matched, active, busy 0, retain 5>
    | |   |     {
    | |   |       "IOUserClientCreator" = "pid 128, kernelmanagerd"
    | |   |       "IOUserClientDefaultLocking" = Yes
    | |   |     }
    | |   |     
    | |   +-o AppleSMCClient  <class AppleSMCClient, id 0x10000052a, !registered, !matched, active, busy 0, retain 6>
    | |   |   {
    | |   |     "IOUserClientCreator" = "pid 108, systemstats"
    | |   |     "IOUserClientDefaultLocking" = Yes
    | |   |   }
    | |   |   
    | |   +-o AppleSMCClient  <class AppleSMCClient, id 0x10000074f, !registered, !matched, active, busy 0, retain 6>
    | |   |   {
    | |   |     "IOUserClientCreator" = "pid 485, spindump"
    | |   |     "IOUserClientDefaultLocking" = Yes
    | |   |   }
    | |   |   
    | |   +-o AppleSMCClient  <class AppleSMCClient, id 0x1000007ca, !registered, !matched, active, busy 0, retain 6>
    | |       {
    | |         "IOUserClientCreator" = "pid 2586, PerfPowerService"
    | |         "IOUserClientDefaultLocking" = Yes
    | |       }
    | |       
    | +-o ALS0  <class IOACPIPlatformDevice, id 0x100000168, registered, matched, active, busy 0 (364 ms), retain 8>
    | | | {
    | | |   "compatible" = <736d632d616c7300>
    | | |   "_STA" = 0xf
    | | |   "name" = <414350493030303800>
    | | | }
    | | | 
    | | +-o AppleLMUController  <class AppleLMUController, id 0x100000405, registered, matched, active, busy 0 (245 ms), retain 7>
    | |     {
    | |       "IOCFPlugInTypes" = {"0516B563-B15B-11DA-96EB-0014519758EF"="AppleSMCLMU.kext/Contents/PlugIns/AmbientLightSensorHID.plugin"}
    | |       "CFBundleIdentifier" = "com.apple.driver.AppleSMCLMU"
    | |       "IOClass" = "AppleLMUController"
    | |       "IOProviderClass" = "IOService"
    | |       "IOPowerManagement" = {"CapabilityFlags"=0x2,"MaxPowerState"=0x1,"CurrentPowerState"=0x1}
    | |       "IOProbeScore" = 0x0
    | |       "IONameMatch" = "ACPI0008"
    | |       "IOGeneralInterest" = "IOCommand is not serializable"
    | |       "IOMatchCategory" = "IODefaultMatchCategory"
    | |       "IONameMatched" = "ACPI0008"
    | |       "IOPersonalityPublisher" = "com.apple.driver.AppleSMCLMU"
    | |       "KeyboardBacklightBrightness" = 0x0
    | |       "HIDServiceSupport" = Yes
    | |       "CFBundleIdentifierKernel" = "com.apple.driver.AppleSMCLMU"
    | |     }
    | |     
    | +-o EC  <class IOACPIPlatformDevice, id 0x100000169, registered, matched, active, busy 0 (5 ms), retain 10>
    | |   {
    | |     "_STA" = 0xffffffffffffffff
    | |     "IODeviceMemory" = (({"address"=0x62,"length"=0x1}),({"address"=0x66,"length"=0x1}))
    | |     "_UID" = "0"
    | |     "name" = <504e503043303900>
    | |     "acpi-wake-gpe" = 0x70
    | |   }
    | |   
    | +-o SMB0  <class IOACPIPlatformDevice, id 0x10000016a, registered, matched, active, busy 0 (4 ms), retain 10>
    | | | {
    | | |   "name" = <414350493030303100>
    | | |   "_STA" = 0xf
    | | | }
    | | | 
    | | +-o AppleECSMBusController  <class AppleECSMBusController, id 0x100000261, registered, matched, active, busy 0 (3 ms), retain 6>
    | |   | {
    | |   |   "_SBS" = 0x1
    | |   |   "IOSMBusSmartBatteryManager" = Yes
    | |   | }
    | |   | 
    | |   +-o AppleSmartBatteryManager  <class AppleSmartBatteryManager, id 0x10000026a, registered, matched, active, busy 0 (0 ms), retain 7>
    | |     | {
    | |     |   "IOPropertyMatch" = {"IOSMBusSmartBatteryManager"=Yes}
    | |     |   "CFBundleIdentifier" = "com.apple.driver.AppleSmartBatteryManager"
    | |     |   "IOProviderClass" = "IOSMBusController"
    | |     |   "IOClass" = "AppleSmartBatteryManager"
    | |     |   "IOPersonalityPublisher" = "com.apple.driver.AppleSmartBatteryManager"
    | |     |   "CFBundleIdentifierKernel" = "com.apple.driver.AppleSmartBatteryManager"
    | |     |   "IOProbeScore" = 0x0
    | |     |   "IOMatchedAtBoot" = Yes
    | |     |   "IOMatchCategory" = "IODefaultMatchCategory"
    | |     |   "IOUserClientClass" = "AppleSmartBatteryManagerUserClient"
    | |     |   "IOPowerManagement" = {"CapabilityFlags"=0x2,"MaxPowerState"=0x1,"CurrentPowerState"=0x1}
    | |     | }
    | |     | 
    | |     +-o AppleSmartBattery  <class AppleSmartBattery, id 0x10000026b, registered, matched, active, busy 0 (0 ms), retain 6>
    | |         {
    | |           "TimeRemaining" = 0x0
    | |           "AvgTimeToEmpty" = 0xffff
    | |           "AdapterDetails" = {"Watts"=0x3c,"SerialNumber"=0x4d7e33,"AdapterID"=0x100,"AdapterRevision"=0x0,"FamilyCode"=0xba}
    | |           "AppleRawCurrentCapacity" = 0x1259
    | |           "InstantTimeToEmpty" = 0xffff
    | |           "AppleRawMaxCapacity" = 0x1259
    | |           "ExternalChargeCapable" = Yes
    | |           "FullPathUpdated" = 0x6a574557
    | |           "Voltage" = 0x321b
    | |           "PermanentFailureStatus" = 0x0
    | |           "BatteryInvalidWakeSeconds" = 0x1e
    | |           "AdapterInfo" = 0x0
    | |           "MaxCapacity" = 0x1259
    | |           "DesignCycleCount70" = 0xffff
    | |           "UpdateTime" = 0x6a57460b
    | |           "Manufacturer" = "SMP"
    | |           "AppleRawAdapterDetails" = ({"Watts"=0x3c,"SerialNumber"=0x4d7e33,"AdapterID"=0x100,"AdapterRevision"=0x0,"FamilyCode"=0xba})
    | |           "Location" = 0x0
    | |           "CurrentCapacity" = 0x1259
    | |           "LegacyBatteryInfo" = {"Amperage"=0x0,"Flags"=0x5,"Capacity"=0x1259,"Current"=0x1259,"Voltage"=0x321b,"Cycle Count"=0x384}
    | |           "BatteryInstalled" = Yes
    | |           "FirmwareSerialNumber" = 0x1
    | |           "CycleCount" = 0x384
    | |           "ChargerData" = {"ChargingVoltage"=0x32fa,"ChargingCurrent"=0x0,"NotChargingReason"=0x4}
    | |           "AvgTimeToFull" = 0xffff
    | |           "BatteryData" = {"StateOfCharge"=0x64,"PMUConfigured"=0x0,"CellVoltage"=(0x10b4,0x10b4,0x10b3),"LifetimeData"={"UpdateTime"=0x6a57460b},"Serial"="D866294W7DZFY5HDX","SystemPower"=0x199c,"DesignCapacity"=0x199f,"CycleCount"=0x384,"Voltage"=0x321c,"Qmax"=(0x154b,0x1535,0x14e2)}
    | |           "OperationStatus" = 0xe443
    | |           "PackReserve" = 0xc8
    | |           "DesignCapacity" = 0x199f
    | |           "BootPathUpdated" = 0x6a56d87d
    | |           "PostDischargeWaitSeconds" = 0x78
    | |           "Serial" = "D866294W7DZFY5HDX"
    | |           "Temperature" = 0xbcf
    | |           "UserVisiblePathUpdated" = 0x6a57460b
    | |           "IOReportLegendPublic" = Yes
    | |           "InstantAmperage" = 0x0
    | |           "ManufacturerData" = <000000000702000132170000033330380330303703534449032b00>
    | |           "FullyCharged" = Yes
    | |           "MaxErr" = 0x1
    | |           "DeviceName" = "bq20z451"
    | |           "IOGeneralInterest" = "IOCommand is not serializable"
    | |           "IOReportLegend" = ({"IOReportChannels"=((0x6379636c65636e74,0x181120001,"BatteryCycleCount")),"IOReportGroupName"="Battery","IOReportChannelInfo"={"IOReportChannelUnit"=0x0}})
    | |           "Amperage" = 0x0
    | |           "IsCharging" = No
    | |           "DesignCycleCount9C" = 0x3e8
    | |           "PostChargeWaitSeconds" = 0x78
    | |           "ExternalConnected" = Yes
    | |         }
    | |         
    | +-o SBS0  <class IOACPIPlatformDevice, id 0x10000016b, registered, matched, active, busy 0 (3 ms), retain 7>
    | |   {
    | |     "name" = <414350493030303200>
    | |     "_STA" = 0xffffffffffffffff
    | |   }
    | |   
    | +-o SPIT@0  <class IOACPIPlatformDevice, id 0x1000001ca, registered, matched, active, busy 0 (3 ms), retain 10>
    | |   {
    | |     "compatible" = <6170706c652d7370692d746f706361736500>
    | |     "_STA" = 0xf
    | |     "IOReportLegend" = ({"IOReportGroupName"="Interrupt Statistics (by index)","IOReportChannels"=((0x496e747200000000,0x100020001,"               First Level Interrupt Handler Count"),(0x496e747200000001,0x100020001,"              Second Level Interrupt Handler Count"),(0x496e747200000002,0x100020001,"        First Level Interrupt Handler Time (MATUs)"),(0x496e747200000003,0x100020001,"   Second Level Interrupt Handler CPU Time (MATUs)"),(0x496e747200000004,0x100020001,"Second Level Interrupt Handler System Time (MATUs)")),"IOReportCh$
    | |     "IOInterruptSpecifiers" = (<2100000001000000>)
    | |     "IOInterruptControllers" = ("ACPIEventController")
    | |     "IOReportLegendPublic" = Yes
    | |     "_UID" = "2"
    | |     "acpi-wake-gpe" = 0x1c
    | |     "_ADR" = 0x0
    | |     "device-properties" = {"spiSPO"=<0000000000000000>,"spiSPH"=<0000000000000000>,"spiCSDelay"=<0a00000000000000>,"resetA2RUsec"=<0a00000000000000>,"acpi-path"="IOACPIPlane:/_SB/PCI0@0/SPI1@150004/SPIT@0","spiBitOrder"=<0100000000000000>,"resetRecUsec"=<0a00000000000000>,"acpi-device"="IOACPIPlatformDevice is not serializable","spiWordSize"=<0800000000000000>,"spiSclkPeriod"=<7d00000000000000>}
    | |     "acpi-wake-type" = 0x1
    | |     "spiDeviceId" = 0x1000000
    | |     "name" = <4150503030304400>
    | |   }
    | |   
    | +-o PDRC  <class IOACPIPlatformDevice, id 0x1000001cb, registered, matched, active, busy 0 (2 ms), retain 7>
    | |   {
    | |     "_STA" = 0xffffffffffffffff
    | |     "IODeviceMemory" = (({"address"=0xfed1c000,"length"=0x4000}),({"address"=0xfed10000,"length"=0x8000}),({"address"=0xfed18000,"length"=0x1000}),({"address"=0xfed19000,"length"=0x1000}),({"address"=0xe0000000,"length"=0x10000000}),({"address"=0xfed20000,"length"=0x20000}),({"address"=0xfed90000,"length"=0x4000}),({"address"=0xfed45000,"length"=0x4b000}),({"address"=0xff000000,"length"=0x1000000}),({"address"=0xfee00000,"length"=0x100000}))
    | |     "_UID" = "1"
    | |     "name" = <504e503043303200>
    | |   }
    | |   
    | +-o MEM2  <class IOACPIPlatformDevice, id 0x1000001d6, registered, matched, active, busy 0 (3 ms), retain 7>
    | |   {
    | |     "_STA" = 0xffffffffffffffff
    | |     "IODeviceMemory" = (({"address"=0x20000000,"length"=0x200000}),({"address"=0x40000000,"length"=0x200000}))
    | |     "_UID" = "2"
    | |     "name" = <504e503043303100>
    | |   }
    | |   
    | +-o ADP1  <class IOACPIPlatformDevice, id 0x1000001df, registered, matched, active, busy 0 (8 ms), retain 8>
    | | | {
    | | |   "name" = <414350493030303300>
    | | |   "acpi-wake-gpe" = 0x70
    | | |   "_STA" = 0xffffffffffffffff
    | | | }
    | | | 
    | | +-o AppleACPIACAdapter  <class AppleACPIACAdapter, id 0x100000269, !registered, !matched, active, busy 0, retain 4>
    | |     {
    | |       "IOProbeScore" = 0x0
    | |       "CFBundleIdentifier" = "com.apple.driver.AppleACPIButtons"
    | |       "IOProviderClass" = "IOACPIPlatformDevice"
    | |       "IOClass" = "AppleACPIACAdapter"
    | |       "IOPersonalityPublisher" = "com.apple.driver.AppleACPIButtons"
    | |       "CFBundleIdentifierKernel" = "com.apple.driver.AppleACPIButtons"
    | |       "IOMatchedAtBoot" = Yes
    | |       "IONameMatch" = "ACPI0003"
    | |       "IOMatchCategory" = "IODefaultMatchCategory"
    | |       "IONameMatched" = "ACPI0003"
    | |     }
    | |     
    | +-o LID0  <class IOACPIPlatformDevice, id 0x1000001e0, registered, matched, active, busy 0 (7 ms), retain 11>
    | | | {
    | | |   "_STA" = 0xffffffffffffffff
    | | |   "DeviceOpenedByEventSystem" = Yes
    | | |   "name" = <504e503043304400>
    | | |   "acpi-wake-gpe" = 0x70
    | | | }
    | | | 
    | | +-o AppleACPILid  <class AppleACPILid, id 0x100000268, registered, matched, active, busy 0 (0 ms), retain 8>
    | |   | {
    | |   |   "IOClass" = "AppleACPILid"
    | |   |   "IOPersonalityPublisher" = "com.apple.driver.AppleACPIButtons"
    | |   |   "IOMatchedAtBoot" = Yes
    | |   |   "HIDDefaultBehavior" = ""
    | |   |   "Built-In" = Yes
    | |   |   "IOProviderClass" = "IOACPIPlatformDevice"
    | |   |   "DeviceUsagePairs" = ({"DeviceUsagePage"=0xff00,"DeviceUsage"=0x29})
    | |   |   "IOProbeScore" = 0x0
    | |   |   "VendorIDSource" = 0x0
    | |   |   "IOUserClientClass" = "IOHIDEventServiceUserClient"
    | |   |   "HIDServiceSupport" = Yes
    | |   |   "IONameMatch" = "PNP0C0D"
    | |   |   "IOCFPlugInTypes" = {"7DDEECA8-A7B4-11DA-8A0E-0014519758EF"="IOHIDFamily.kext/Contents/PlugIns/IOHIDLib.plugin","FA12FA38-6F1A-11D4-BA0C-0005028F18D5"="IOHIDFamily.kext/Contents/PlugIns/IOHIDLib.plugin"}
    | |   |   "CountryCode" = 0x0
    | |   |   "VendorID" = 0x0
    | |   |   "CFBundleIdentifierKernel" = "com.apple.driver.AppleACPIButtons"
    | |   |   "RegisterService" = No
    | |   |   "IOMatchCategory" = "IODefaultMatchCategory"
    | |   |   "CFBundleIdentifier" = "com.apple.driver.AppleACPIButtons"
    | |   |   "VersionNumber" = 0x0
    | |   |   "IONameMatched" = "PNP0C0D"
    | |   |   "LocationID" = 0x0
    | |   |   "ProductID" = 0x0
    | |   |   "PrimaryUsage" = 0x29
    | |   |   "IOGeneralInterest" = "IOCommand is not serializable"
    | |   |   "ReportInterval" = 0x4650
    | |   |   "PrimaryUsagePage" = 0xff00
    | |   |   "HIDEventServiceProperties" = {"HIDMouseKeysOptionToggles"=0x0,"JitterNoClick"=0x1,"ActuateDetents"=0x1,"Dragging"=0x0,"HIDSlowKeysDelay"=0x0,"JitterNoMove"=0x1,"FlipLeftAndRightEdgeGestures"=No,"HIDTrackpadScrollAcceleration"=0x5000,"HIDInitialKeyRepeat"=0x1dcd6500,"TrackpadThreeFingerHorizSwipeGesture"=0x2,"TrackpadThreeFingerDrag"=No,"MTGestureConfiguration"={"Version"=0x1,"Behaviors"=({"BehaviorID"=0x5})},"MTGestureConfigurationOverride"={"Version"=0x1,"Behaviors"=({"BehaviorID"=0x1})},"HIDPointerAcceleration"=0xb000,"UserPre$
    | |   | }
    | |   | 
    | |   +-o IOHIDEventServiceUserClient  <class IOHIDEventServiceUserClient, id 0x1000004bc, !registered, !matched, active, busy 0, retain 6>
    | |       {
    | |         "DebugState" = {"EventQueue"={"NoFullMsg"=0x0,"tail"=0x80,"NotificationForce"=0x0,"NotificationCount"=0x2,"head"=0x80},"EnqueueEventCount"=0x2,"LastEventType"=0x3,"LastEventTime"=0x1894c9dc80ed}
    | |         "IOUserClientCreator" = "pid 169, WindowServer"
    | |         "IOUserClientDefaultLocking" = Yes
    | |       }
    | |       
    | +-o PWRB  <class IOACPIPlatformDevice, id 0x1000001e1, registered, matched, active, busy 0 (2 ms), retain 10>
    | | | {
    | | |   "IOReportLegend" = ({"IOReportGroupName"="Interrupt Statistics (by index)","IOReportChannels"=((0x496e747200000000,0x100020001,"               First Level Interrupt Handler Count"),(0x496e747200000001,0x100020001,"              Second Level Interrupt Handler Count"),(0x496e747200000002,0x100020001,"        First Level Interrupt Handler Time (MATUs)"),(0x496e747200000003,0x100020001,"   Second Level Interrupt Handler CPU Time (MATUs)"),(0x496e747200000004,0x100020001,"Second Level Interrupt Handler System Time (MATUs)")),"IOReportCh$
    | | |   "DeviceOpenedByEventSystem" = Yes
    | | |   "IOReportLegendPublic" = Yes
    | | |   "IOInterruptControllers" = ("ACPIEventController")
    | | |   "_STA" = 0xffffffffffffffff
    | | |   "IOInterruptSpecifiers" = (<0200000000000000>)
    | | |   "name" = <504e503043304300>
    | | |   "acpi-wake-type" = 0x1
    | | | }
    | | | 
    | | +-o AppleACPIButton  <class AppleACPIButton, id 0x100000263, registered, matched, active, busy 0 (0 ms), retain 7>
    | |   | {
    | |   |   "IOMatchedAtBoot" = Yes
    | |   |   "PrimaryUsagePage" = 0xc
    | |   |   "IOUserClientClass" = "IOHIDEventServiceUserClient"
    | |   |   "VersionNumber" = 0x0
    | |   |   "VendorID" = 0x0
    | |   |   "PressCountTrackingEnabled" = Yes
    | |   |   "Built-In" = Yes
    | |   |   "PressCountDoublePressTimeout" = 0x493e0
    | |   |   "power-button-usagepage" = 0xc
    | |   |   "IONameMatched" = "PNP0C0C"
    | |   |   "power-button-usage" = 0x30
    | |   |   "ButtonDownMS" = 0xd9
    | |   |   "PressCountTriplePressTimeout" = 0x927c0
    | |   |   "ButtonEvents" = 0x5
    | |   |   "ProductID" = 0x0
    | |   |   "DeviceUsagePairs" = ({"DeviceUsagePage"=0xc,"DeviceUsage"=0x1})
    | |   |   "HIDServiceGlobalModifiersUsage" = 0x2
    | |   |   "ReportInterval" = 0x4650
    | |   |   "VendorIDSource" = 0x0
    | |   |   "HIDEventServiceProperties" = {"HIDMouseKeysOptionToggles"=0x0,"JitterNoClick"=0x1,"ActuateDetents"=0x1,"Dragging"=0x0,"HIDSlowKeysDelay"=0x0,"JitterNoMove"=0x1,"FlipLeftAndRightEdgeGestures"=No,"HIDTrackpadScrollAcceleration"=0x5000,"HIDInitialKeyRepeat"=0x1dcd6500,"TrackpadThreeFingerHorizSwipeGesture"=0x2,"TrackpadThreeFingerDrag"=No,"MTGestureConfiguration"={"Version"=0x1,"Behaviors"=({"BehaviorID"=0x5})},"MTGestureConfigurationOverride"={"Version"=0x1,"Behaviors"=({"BehaviorID"=0x1})},"HIDPointerAcceleration"=0xb000,"UserPre$
    | |   |   "CFBundleIdentifier" = "com.apple.driver.AppleACPIButtons"
    | |   |   "IOCFPlugInTypes" = {"7DDEECA8-A7B4-11DA-8A0E-0014519758EF"="IOHIDFamily.kext/Contents/PlugIns/IOHIDLib.plugin","FA12FA38-6F1A-11D4-BA0C-0005028F18D5"="IOHIDFamily.kext/Contents/PlugIns/IOHIDLib.plugin"}
    | |   |   "IOProviderClass" = "IOACPIPlatformDevice"
    | |   |   "IONameMatch" = ("PNP0C0C","power-button","PNP0C0E","sleep-button")
    | |   |   "LocationID" = 0x0
    | |   |   "IOClass" = "AppleACPIButton"
    | |   |   "CFBundleIdentifierKernel" = "com.apple.driver.AppleACPIButtons"
    | |   |   "PrimaryUsage" = 0x1
    | |   |   "HIDDefaultBehavior" = ""
    | |   |   "CountryCode" = 0x0
    | |   |   "HIDServiceSupport" = Yes
    | |   |   "IOMatchCategory" = "IODefaultMatchCategory"
    | |   |   "IOGeneralInterest" = "IOCommand is not serializable"
    | |   |   "IOProbeScore" = 0x0
    | |   | }
    | |   | 
    | |   +-o IOHIDEventServiceUserClient  <class IOHIDEventServiceUserClient, id 0x1000004be, !registered, !matched, active, busy 0, retain 6>
    | |       {
    | |         "DebugState" = {"EventQueue"={"NoFullMsg"=0x0,"tail"=0x280,"NotificationForce"=0x0,"NotificationCount"=0xa,"head"=0x280},"EnqueueEventCount"=0xa,"LastEventType"=0x3,"LastEventTime"=0x34d8589d5a0}
    | |         "IOUserClientCreator" = "pid 169, WindowServer"
    | |         "IOUserClientDefaultLocking" = Yes
    | |       }
    | |       
    | +-o PNLF@0  <class IOACPIPlatformDevice, id 0x1000001e2, registered, matched, active, busy 0 (187 ms), retain 10>
    | | | {
    | | |   "acpi-path" = "IOACPIPlane:/_SB/PNLF@0"
    | | |   "compatible" = <6261636b6c6967687400>
    | | |   "AppleBacklightAtBoot" = 0x1b
    | | |   "AppleMaxBrightness" = 0x569
    | | |   "_UID" = "15"
    | | |   "device-properties" = {"acpi-device"="IOACPIPlatformDevice is not serializable","acpi-path"="IOACPIPlane:/_SB/PNLF@0"}
    | | |   "ApplePanelRawBrightness" = 0x109
    | | |   "_STA" = 0xb
    | | |   "acpi-device" = "IOACPIPlatformDevice is not serializable"
    | | |   "_ADR" = 0x0
    | | |   "name" = <4150503030303200>
    | | | }
    | | | 
    | | +-o AppleIntelPanelA  <class AppleIntelPanelA, id 0x10000041a, registered, matched, active, busy 0 (7 ms), retain 6>
    | |     {
    | |       "IOProbeScore" = 0x7d0
    | |       "CFBundleIdentifier" = "com.apple.driver.AppleBacklight"
    | |       "IOMatchCategory" = "IODisplayParameters"
    | |       "IOClass" = "AppleIntelPanelA"
    | |       "IOPersonalityPublisher" = "com.apple.driver.AppleBacklight"
    | |       "IOProviderClass" = "IOACPIPlatformDevice"
    | |       "CFBundleIdentifierKernel" = "com.apple.driver.AppleBacklight"
    | |       "IONameMatch" = "backlight"
    | |       "IONameMatched" = "backlight"
    | |       "IODisplayParameters" = {"commit"={"reg"=0x0}}
    | |       "ApplePanel" = {"F15Ta02a"=<0011000000170026003900520070009500c200f9013d018e01f2026b02fe03ac04780569>}
    | |     }
    | |     
    | +-o SLPB  <class IOACPIPlatformDevice, id 0x1000001e3, registered, matched, active, busy 0 (3 ms), retain 9>
    | | | {
    | | |   "name" = <504e503043304500>
    | | |   "_STA" = 0xb
    | | |   "DeviceOpenedByEventSystem" = Yes
    | | | }
    | | | 
    | | +-o AppleACPIButton  <class AppleACPIButton, id 0x100000266, registered, matched, active, busy 0 (0 ms), retain 7>
    | |   | {
    | |   |   "IOClass" = "AppleACPIButton"
    | |   |   "PressCountDoublePressTimeout" = 0x493e0
    | |   |   "IOMatchedAtBoot" = Yes
    | |   |   "HIDDefaultBehavior" = ""
    | |   |   "HIDServiceGlobalModifiersUsage" = 0x2
    | |   |   "IOProviderClass" = "IOACPIPlatformDevice"
    | |   |   "Built-In" = Yes
    | |   |   "PressCountTrackingEnabled" = Yes
    | |   |   "power-button-usage" = 0x30
    | |   |   "DeviceUsagePairs" = ({"DeviceUsagePage"=0xc,"DeviceUsage"=0x1})
    | |   |   "IOProbeScore" = 0x0
    | |   |   "PressCountTriplePressTimeout" = 0x927c0
    | |   |   "VendorIDSource" = 0x0
    | |   |   "power-button-usagepage" = 0xc
    | |   |   "IOUserClientClass" = "IOHIDEventServiceUserClient"
    | |   |   "HIDServiceSupport" = Yes
    | |   |   "IONameMatch" = ("PNP0C0C","power-button","PNP0C0E","sleep-button")
    | |   |   "IOCFPlugInTypes" = {"7DDEECA8-A7B4-11DA-8A0E-0014519758EF"="IOHIDFamily.kext/Contents/PlugIns/IOHIDLib.plugin","FA12FA38-6F1A-11D4-BA0C-0005028F18D5"="IOHIDFamily.kext/Contents/PlugIns/IOHIDLib.plugin"}
    | |   |   "CountryCode" = 0x0
    | |   |   "VendorID" = 0x0
    | |   |   "CFBundleIdentifierKernel" = "com.apple.driver.AppleACPIButtons"
    | |   |   "VersionNumber" = 0x0
    | |   |   "IOMatchCategory" = "IODefaultMatchCategory"
    | |   |   "CFBundleIdentifier" = "com.apple.driver.AppleACPIButtons"
    | |   |   "HIDEventServiceProperties" = {"HIDMouseKeysOptionToggles"=0x0,"JitterNoClick"=0x1,"ActuateDetents"=0x1,"Dragging"=0x0,"HIDSlowKeysDelay"=0x0,"JitterNoMove"=0x1,"FlipLeftAndRightEdgeGestures"=No,"HIDTrackpadScrollAcceleration"=0x5000,"HIDInitialKeyRepeat"=0x1dcd6500,"TrackpadThreeFingerHorizSwipeGesture"=0x2,"TrackpadThreeFingerDrag"=No,"MTGestureConfiguration"={"Version"=0x1,"Behaviors"=({"BehaviorID"=0x5})},"MTGestureConfigurationOverride"={"Version"=0x1,"Behaviors"=({"BehaviorID"=0x1})},"HIDPointerAcceleration"=0xb000,"UserPre$
    | |   |   "IONameMatched" = "PNP0C0E"
    | |   |   "LocationID" = 0x0
    | |   |   "ProductID" = 0x0
    | |   |   "PrimaryUsage" = 0x1
    | |   |   "IOGeneralInterest" = "IOCommand is not serializable"
    | |   |   "ReportInterval" = 0x4650
    | |   |   "PrimaryUsagePage" = 0xc
    | |   | }
    | |   | 
    | |   +-o IOHIDEventServiceUserClient  <class IOHIDEventServiceUserClient, id 0x1000004bd, !registered, !matched, active, busy 0, retain 6>
    | |       {
    | |         "DebugState" = {"EventQueue"={"NoFullMsg"=0x0,"tail"=0x0,"NotificationForce"=0x0,"NotificationCount"=0x0,"head"=0x0}}
    | |         "IOUserClientCreator" = "pid 169, WindowServer"
    | |         "IOUserClientDefaultLocking" = Yes
    | |       }
    | |       
    | +-o AppleEFIRuntime  <class AppleEFIRuntime, id 0x100000260, registered, matched, active, busy 0 (459 ms), retain 9>
    |   | {
    |   |   "IOProbeScore" = 0x0
    |   |   "CFBundleIdentifier" = "com.apple.driver.AppleEFIRuntime"
    |   |   "IOMatchCategory" = "AppleEFIRuntime"
    |   |   "IOClass" = "AppleEFIRuntime"
    |   |   "IOPersonalityPublisher" = "com.apple.driver.AppleEFIRuntime"
    |   |   "IOProviderClass" = "AppleACPIPlatformExpert"
    |   |   "CFBundleIdentifierKernel" = "com.apple.driver.AppleEFIRuntime"
    |   |   "IOMatchedAtBoot" = Yes
    |   |   "IOResourceMatch" = "ACPI"
    |   | }
    |   | 
    |   +-o AppleEFINVRAM  <class AppleEFINVRAM, id 0x100000262, registered, matched, active, busy 0 (0 ms), retain 86>
    |       {
    |         "fm-activation-locked" = <4e4f>
    |         "efi-boot-device" = <3c61727261793e3c646963743e3c6b65793e494f4d617463683c2f6b65793e3c646963743e3c6b65793e494f50726f7669646572436c6173733c2f6b65793e3c737472696e673e494f4d656469613c2f737472696e673e3c6b65793e494f50726f70657274794d617463683c2f6b65793e3c646963743e3c6b65793e555549443c2f6b65793e3c737472696e673e33394533393046342d393230362d343235322d413332302d3434314134414246373035383c2f737472696e673e3c2f646963743e3c2f646963743e3c6b65793e424c4c6173744253444e616d653c2f6b65793e3c737472696e673e6469736b3173323c2f737472696e673e3c2f646963743e3c$
    |         "multiupdater-state" = <010000000000000000000000>
    |         "fm-spstatus" = <594553>
    |         "prev-lang:kbd" = <656e3a30>
    |         "efi-apple-recovery" = <3c61727261793e3c646963743e3c6b65793e494f4d617463683c2f6b65793e3c646963743e3c6b65793e494f50726f7669646572436c6173733c2f6b65793e3c737472696e673e494f4d656469613c2f737472696e673e3c6b65793e494f50726f70657274794d617463683c2f6b65793e3c646963743e3c6b65793e555549443c2f6b65793e3c737472696e673e32393437353442302d374345442d344233372d414246382d3641323044373343464541383c2f737472696e673e3c2f646963743e3c2f646963743e3c6b65793e424c4c6173744253444e616d653c2f6b65793e3c737472696e673e6469736b3073313c2f737472696e673e3c2f646963743$
    |         "PSFU_STATUS" = <4e4f555044>
    |         "IONVRAM-SYNCNOW-PROPERTY" = <494f4e5652414d2d53594e434e4f572d50524f5045525459>
    |         "preferred-networks" = <0000000000000000000000000700000043504c57494649000000000000000000000000000000000000000000000000000000000000000000000000000000000000000000000000000000000000000000000000000000000000000000000000000000000000000000000000000000000000000000000000000000000000000000000000000000000000000000000000000000000000000000000000000000000000000000000000000000000000000000000000000000000000000000000000000000000000000000040005000d0000004c61426f756c616e6765726965000000000000000000000000000000000000000000000000000000000000000000000$
    |         "SystemAudioVolumeDB" = <80>
    |         "BootCampProcessorPstates" = <0b00>
    |         "csr-active-config" = <10000000>
    |         "preferred-count" = 0x6
    |         "bluetoothExternalDongleFailed" = <00>
    |         "prev-lang-diags:kbd" = <656e00>
    |         "fmm-computer-name" = <44722ee2809973204d6163426f6f6b2050726f>
    |         "efi-backup-boot-device" = <3c61727261793e3c646963743e3c6b65793e494f4d617463683c2f6b65793e3c646963743e3c6b65793e494f50726f7669646572436c6173733c2f6b65793e3c737472696e673e494f4d656469613c2f737472696e673e3c6b65793e494f50726f70657274794d617463683c2f6b65793e3c646963743e3c6b65793e555549443c2f6b65793e3c737472696e673e33394533393046342d393230362d343235322d413332302d3434314134414246373035383c2f737472696e673e3c2f646963743e3c2f646963743e3c6b65793e424c4c6173744253444e616d653c2f6b65793e3c737472696e673e6469736b3173323c2f737472696e673e3c2f64696$
    |         "backlight-level" = <0901>
    |         "efi-backup-boot-device-data" = <02010c00d041030a0000000001010600051c01010600000003120a0000000000000004012a0002000000284006000000000030232e1d000000006fb59820e25055488e86066bb12f9ed9020204032400f7fc74be7c0bf349914701f4042e6842f490e33906925242a320441a4abf705804049a005c00420032003800320031003100310031002d0032003400310043002d0033003100440034002d0038003400300032002d003000410033003600300046003100350032003700460045005c00530079007300740065006d005c004c006900620072006100720079005c0043006f0072006500530065007200760069006300650073005c0062006f$
    |         "bluetoothActiveControllerInfo" = <9082ac050000000030149801a7af6b16>
    |         "multiupdater-retry-limits" = <0100000000000000>
    |         "previous-system-uuid" = <42323832313131312d323431432d333144342d383430322d304133363046313532374645>
    |         "auto-boot" = <74727565>
    |         "ota-updateType" = <696e6372656d656e74616c00>
    |         "ota-controllerVersion" = <53554d6163436f6e74726f6c6c65722d322e3400>
    |         "efi-backup-boot-device-data-data" = <02010c00d041030a0000000001010600051c01010600000003120a0000000000000004012a000200000028400600000000003023321d00000000a46d09c84cada74ba59262f722e421b1020204032400f7fc74be7c0bf349914701f4042e684239a5f125df8f0643aab8769c21fbc1db04049a005c00390039003700370033003200370031002d0036003400430032002d0033004100420045002d0038004200310034002d004400430036003500320036003600320044003400450030005c00530079007300740065006d005c004c006900620072006100720079005c0043006f0072006500530065007200760069006300650073005c006$
    |         "StartupMute" = <01>
    |         "efi-boot-device-data" = <02010c00d041030a0000000001010600051c01010600000003120a0000000000000004012a0002000000284006000000000030232e1d000000006fb59820e25055488e86066bb12f9ed9020204032400f7fc74be7c0bf349914701f4042e6842f490e33906925242a320441a4abf705804049a005c00420032003800320031003100310031002d0032003400310043002d0033003100440034002d0038003400300032002d003000410033003600300046003100350032003700460045005c00530079007300740065006d005c004c006900620072006100720079005c0043006f0072006500530065007200760069006300650073005c0062006f006f007$
    |         "ALS_Data" = <86cd898a00000000>
    |         "bluetoothInternalControllerInfo" = <9082ac05000030149801a7af6b16>
    |         "SystemAudioVolume" = <80>
    |       }
    |       
    +-o IOResources  <class IOResources, id 0x100000115, registered, matched, active, busy 0 (2496 ms), retain 61>
    | | {
    | |   "KeyboardBacklight" = Yes
    | |   "intel_cpupm_matching" = 0x3
    | |   "AppleUSBRestrictedModeWithReason" = 0x0
    | |   "WindowServer" = "IOService"
    | |   "AppleUSBRestrictedMode" = No
    | |   "IOBSD" = "IOService"
    | |   "IOResourceMatched" = ("intel_cpupm_matching","IOKit","IOTimeSyncTime","AppleUSBRestrictedModeWithReason","AppleUSBRestrictedMode","AppleUSBRestrictedModeTimeout","AKSFileSystemKeyServices","AKSKernelServices","AKSFileVaultServices","IOResourceMatched","ACPI","SMBIOS","efi-runtime","IORTC","IOPlatformUUID","IONVRAM","com.apple.AppleFSCompression.Type1","IOBSD","com.apple.AppleFSCompression.Type5","com.apple.AppleFSCompression.Type3","com.apple.AppleFSCompression.Type4","com.apple.AppleFSCompression.Type7","com.apple.AppleFSCompressio$
    | |   "ACPI" = "AppleACPIPlatformExpert is not serializable"
    | |   "AppleUSBRestrictedModeTimeout" = 0x3f480
    | |   "IONVRAM" = "IOService"
    | |   "com.apple.AppleFSCompression.Type10" = Yes
    | |   "IOPlatformDeviceASPMEnable" = "X86PlatformPlugin is not serializable"
    | |   "IOAVBNub" = "IOService"
    | |   "com.apple.AppleFSCompression.Type1" = Yes
    | |   "IOTimeSyncTime" = "IOService"
    | |   "SMBIOS" = "IOService"
    | |   "com.apple.AppleFSCompression.Type11" = Yes
    | |   "IORTC" = "AppleRTC is not serializable"
    | |   "com.apple.AppleFSCompression.Type3" = Yes
    | |   "AKSFileSystemKeyServices" = "AppleKeyStore is not serializable"
    | |   "com.apple.AppleFSCompression.Type12" = Yes
    | |   "boot-uuid-media" = "AppleAPFSVolume is not serializable"
    | |   "als-lgp-version" = 0x4
    | |   "com.apple.AppleFSCompression.Type4" = Yes
    | |   "IOPlatformPlugin" = "X86PlatformPlugin is not serializable"
    | |   "com.apple.display.ArmTBTTO" = Yes
    | |   "GmuxS0iReady" = "X86PlatformPlugin is not serializable"
    | |   "com.apple.AppleFSCompression.Type5" = Yes
    | |   "com.apple.AppleFSCompression.Type13" = Yes
    | |   "AKSFileVaultServices" = "AppleKeyStore is not serializable"
    | |   "efi-runtime" = "AppleEFIRuntime is not serializable"
    | |   "AKSKernelServices" = "AppleKeyStore is not serializable"
    | |   "com.apple.AppleFSCompression.Type7" = Yes
    | |   "com.apple.AppleFSCompression.Type14" = Yes
    | |   "CCPipe" = "IOService"
    | |   "com.apple.iokit.SCSISubsystemGlobals" = Yes
    | |   "FB_Triage" = "FB Driver Info :  59 0 ff 54 57 55 57 56"
    | |   "com.apple.AppleFSCompression.Type8" = Yes
    | |   "IOKit" = "IOService"
    | |   "Triage" = "0102030405060708090a0b0c0d0e0f10111213141516171819"
    | |   "IOPlatformUUID" = "88444709-5893-595B-B063-74E5ABD8A8AF"
    | |   "IOAFTriage-IGPU" = <0102030405060708090a0b0c0d0e0f101112131415161718191a>
    | |   "com.apple.AppleFSCompression.Type9" = Yes
    | |   "IOTimeSyncClockManager" = "IOService"
    | |   "IOConsoleUsers" = ({"kCGSSessionOnConsoleKey"=Yes,"kCGSSessionLoginwindowSafeLogin"=No,"kSCSecuritySessionID"=0x186a3,"kCGSessionLongUserNameKey"="Dr. Maxie Dion Schmidt","kCGSSessionUserIDKey"=0x1f5,"kCGSessionLoginDoneKey"=Yes,"kCGSSessionSystemSafeBoot"=No,"kCGSSessionIDKey"=0x101,"kCGSSessionGroupIDKey"=0x14,"kCGSSessionUserNameKey"="maxieds","kCGSSessionAuditIDKey"=0x186a3})
    | |   "IOConsoleUsersSeed" = <db000000>
    | | }
    | | 
    | +-o AppleCredentialManager  <class AppleCredentialManager, id 0x10000011b, registered, matched, active, busy 0 (4 ms), retain 14>
    | | | {
    | | |   "IOClass" = "AppleCredentialManager"
    | | |   "CFBundleIdentifier" = "com.apple.driver.AppleCredentialManager"
    | | |   "IOProviderClass" = "IOResources"
    | | |   "TRM_CacheMiss" = No
    | | |   "IOUserClientClass" = "AppleCredentialManagerUserClient"
    | | |   "IOProbeScore" = 0x0
    | | |   "IOMatchedAtBoot" = Yes
    | | |   "ACMTRMStore_PolicySave" = <0800000000000000000000000000000000000000000000d03b576a00000000d03b576a000000000000>
    | | |   "IOMatchCategory" = "AppleCredentialManager"
    | | |   "ACMTRMStore_PolicyLoad" = <0800000000000000000000000000000000000000000000762a546a00000000762a546a000000000000>
    | | |   "TRM_PolicyTimeout" = 0x3f480
    | | |   "TRM_PolicyReason" = 0x0
    | | |   "ACMTRMStore_AnalyticsLoad" = <0600000000000000f20f536a00000000000000000000000000000000000000000000000000000000000000000000000000000000>
    | | |   "ACMTRMStore_AnalyticsSave" = <060000000000000087dc566a00000000000000000000000000000000000000000000000000000000000000000000000000000000>
    | | |   "IOPersonalityPublisher" = "com.apple.driver.AppleCredentialManager"
    | | |   "CFBundleIdentifierKernel" = "com.apple.driver.AppleCredentialManager"
    | | |   "TRM_GracePeriodTimeout" = 0x2a300
    | | | }
    | | | 
    | | +-o AppleCredentialManagerUserClient  <class AppleCredentialManagerUserClient, id 0x1000003bc, !registered, !matched, active, busy 0, retain 5>
    | | |   {
    | | |     "IOUserClientCreator" = "pid 154, AppleCredentialM"
    | | |     "IOUserClientDefaultLocking" = Yes
    | | |   }
    | | |   
    | | +-o AppleCredentialManagerUserClient  <class AppleCredentialManagerUserClient, id 0x100000559, !registered, !matched, active, busy 0, retain 5>
    | | |   {
    | | |     "IOUserClientCreator" = "pid 384, coreauthd"
    | | |     "IOUserClientDefaultLocking" = Yes
    | | |   }
    | | |   
    | | +-o AppleCredentialManagerUserClient  <class AppleCredentialManagerUserClient, id 0x1000005a1, !registered, !matched, active, busy 0, retain 5>
    | |     {
    | |       "IOUserClientCreator" = "pid 469, coreauthd"
    | |       "IOUserClientDefaultLocking" = Yes
    | |     }
    | |     
    | +-o AppleFDEKeyStore  <class AppleFDEKeyStore, id 0x10000011c, registered, matched, active, busy 0 (1 ms), retain 6>
    | |   {
    | |     "IOProbeScore" = 0x0
    | |     "CFBundleIdentifier" = "com.apple.driver.AppleFDEKeyStore"
    | |     "IOMatchCategory" = "AppleFDEKeyStore"
    | |     "IOClass" = "AppleFDEKeyStore"
    | |     "IOProviderClass" = "IOResources"
    | |     "CFBundleIdentifierKernel" = "com.apple.driver.AppleFDEKeyStore"
    | |     "IOMatchedAtBoot" = Yes
    | |     "IOUserClientClass" = "AppleFDEKeyStoreUserClient"
    | |     "IOPowerManagement" = {"CapabilityFlags"=0x2,"MaxPowerState"=0x1,"CurrentPowerState"=0x1}
    | |     "IOResourceMatch" = "IOKit"
    | |   }
    | |   
    | +-o AppleKeyStore  <class AppleKeyStore, id 0x10000011d, registered, matched, active, busy 0 (59 ms), retain 35>
    | | | {
    | | |   "IOProbeScore" = 0x0
    | | |   "CFBundleIdentifier" = "com.apple.driver.AppleKeyStore"
    | | |   "IOMatchCategory" = "AppleKeyStore"
    | | |   "IOClass" = "AppleKeyStore"
    | | |   "IOPlatformWakeAction" = 0x3e8
    | | |   "IOProviderClass" = "IOResources"
    | | |   "CFBundleIdentifierKernel" = "com.apple.driver.AppleKeyStore"
    | | |   "IOMatchedAtBoot" = Yes
    | | |   "IOUserClientClass" = "AppleKeyStoreUserClient"
    | | |   "IOGeneralInterest" = "IOCommand is not serializable"
    | | |   "IOResourceMatch" = "IOKit"
    | | | }
    | | | 
    | | +-o AppleKeyStoreUserClient  <class AppleKeyStoreUserClient, id 0x1000003cc, !registered, !matched, active, busy 0, retain 6>
    | | |   {
    | | |     "IOUserClientCreator" = "pid 100, UserEventAgent"
    | | |     "IOUserClientDefaultLocking" = Yes
    | | |   }
    | | |   
    | | +-o AppleKeyStoreUserClient  <class AppleKeyStoreUserClient, id 0x1000003dc, !registered, !matched, active, busy 0, retain 6>
    | | |   {
    | | |     "IOUserClientCreator" = "pid 232, containermanager"
    | | |     "IOUserClientDefaultLocking" = Yes
    | | |   }
    | | |   
    | | +-o AppleKeyStoreUserClient  <class AppleKeyStoreUserClient, id 0x1000003e1, !registered, !matched, active, busy 0, retain 6>
    | | |   {
    | | |     "IOUserClientCreator" = "pid 266, containermanager"
    | | |     "IOUserClientDefaultLocking" = Yes
    | | |   }
    | | |   
    | | +-o AppleKeyStoreUserClient  <class AppleKeyStoreUserClient, id 0x1000004b1, !registered, !matched, active, busy 0, retain 6>
    | | |   {
    | | |     "IOUserClientCreator" = "pid 161, bluetoothd"
    | | |     "IOUserClientDefaultLocking" = Yes
    | | |   }
    | | |   
    | | +-o AppleKeyStoreUserClient  <class AppleKeyStoreUserClient, id 0x100000533, !registered, !matched, active, busy 0, retain 6>
    | | |   {
    | | |     "IOUserClientCreator" = "pid 137, opendirectoryd"
    | | |     "IOUserClientDefaultLocking" = Yes
    | | |   }
    | | |   
    | | +-o AppleKeyStoreUserClient  <class AppleKeyStoreUserClient, id 0x10000053c, !registered, !matched, active, busy 0, retain 6>
    | | |   {
    | | |     "IOUserClientCreator" = "pid 380, GSSCred"
    | | |     "IOUserClientDefaultLocking" = Yes
    | | |   }
    | | |   
    | | +-o AppleKeyStoreUserClient  <class AppleKeyStoreUserClient, id 0x10000055d, !registered, !matched, active, busy 0, retain 6>
    | | |   {
    | | |     "IOUserClientCreator" = "pid 388, securityd_servic"
    | | |     "IOUserClientDefaultLocking" = Yes
    | | |   }
    | | |   
    | | +-o AppleKeyStoreUserClient  <class AppleKeyStoreUserClient, id 0x10000055e, !registered, !matched, active, busy 0, retain 6>
    | | |   {
    | | |     "IOUserClientCreator" = "pid 388, securityd_servic"
    | | |     "IOUserClientDefaultLocking" = Yes
    | | |   }
    | | |   
    | | +-o AppleKeyStoreUserClient  <class AppleKeyStoreUserClient, id 0x100000560, !registered, !matched, active, busy 0, retain 6>
    | | |   {
    | | |     "IOUserClientCreator" = "pid 173, loginwindow"
    | | |     "IOUserClientDefaultLocking" = Yes
    | | |   }
    | | |   
    | | +-o AppleKeyStoreUserClient  <class AppleKeyStoreUserClient, id 0x100000563, !registered, !matched, active, busy 0, retain 6>
    | | |   {
    | | |     "IOUserClientCreator" = "pid 401, secd"
    | | |     "IOUserClientDefaultLocking" = Yes
    | | |   }
    | | |   
    | | +-o AppleKeyStoreUserClient  <class AppleKeyStoreUserClient, id 0x100000568, !registered, !matched, active, busy 0, retain 6>
    | | |   {
    | | |     "IOUserClientCreator" = "pid 416, containermanager"
    | | |     "IOUserClientDefaultLocking" = Yes
    | | |   }
    | | |   
    | | +-o AppleKeyStoreUserClient  <class AppleKeyStoreUserClient, id 0x100000569, !registered, !matched, active, busy 0, retain 6>
    | | |   {
    | | |     "IOUserClientCreator" = "pid 418, CloudKeychainPro"
    | | |     "IOUserClientDefaultLocking" = Yes
    | | |   }
    | | |   
    | | +-o AppleKeyStoreUserClient  <class AppleKeyStoreUserClient, id 0x1000005a0, !registered, !matched, active, busy 0, retain 6>
    | | |   {
    | | |     "IOUserClientCreator" = "pid 467, ctkd"
    | | |     "IOUserClientDefaultLocking" = Yes
    | | |   }
    | | |   
    | | +-o AppleKeyStoreUserClient  <class AppleKeyStoreUserClient, id 0x1000005a2, !registered, !matched, active, busy 0, retain 6>
    | | |   {
    | | |     "IOUserClientCreator" = "pid 467, ctkd"
    | | |     "IOUserClientDefaultLocking" = Yes
    | | |   }
    | | |   
    | | +-o AppleKeyStoreUserClient  <class AppleKeyStoreUserClient, id 0x1000005b2, !registered, !matched, active, busy 0, retain 6>
    | | |   {
    | | |     "IOUserClientCreator" = "pid 422, rapportd"
    | | |     "IOUserClientDefaultLocking" = Yes
    | | |   }
    | | |   
    | | +-o AppleKeyStoreUserClient  <class AppleKeyStoreUserClient, id 0x1000005be, !registered, !matched, active, busy 0, retain 6>
    | | |   {
    | | |     "IOUserClientCreator" = "pid 471, sharingd"
    | | |     "IOUserClientDefaultLocking" = Yes
    | | |   }
    | | |   
    | | +-o AppleKeyStoreUserClient  <class AppleKeyStoreUserClient, id 0x1000005c9, !registered, !matched, active, busy 0, retain 6>
    | | |   {
    | | |     "IOUserClientCreator" = "pid 471, sharingd"
    | | |     "IOUserClientDefaultLocking" = Yes
    | | |   }
    | | |   
    | | +-o AppleKeyStoreUserClient  <class AppleKeyStoreUserClient, id 0x1000005dc, !registered, !matched, active, busy 0, retain 6>
    | | |   {
    | | |     "IOUserClientCreator" = "pid 521, com.apple.siri.e"
    | | |     "IOUserClientDefaultLocking" = Yes
    | | |   }
    | | |   
    | | +-o AppleKeyStoreUserClient  <class AppleKeyStoreUserClient, id 0x10000062c, !registered, !matched, active, busy 0, retain 6>
    | | |   {
    | | |     "IOUserClientCreator" = "pid 526, iCloudNotificati"
    | | |     "IOUserClientDefaultLocking" = Yes
    | | |   }
    | | |   
    | | +-o AppleKeyStoreUserClient  <class AppleKeyStoreUserClient, id 0x100000644, !registered, !matched, active, busy 0, retain 6>
    | | |   {
    | | |     "IOUserClientCreator" = "pid 509, cloudpaird"
    | | |     "IOUserClientDefaultLocking" = Yes
    | | |   }
    | | |   
    | | +-o AppleKeyStoreUserClient  <class AppleKeyStoreUserClient, id 0x1000006c1, !registered, !matched, active, busy 0, retain 6>
    | | |   {
    | | |     "IOUserClientCreator" = "pid 684, appstoreagent"
    | | |     "IOUserClientDefaultLocking" = Yes
    | | |   }
    | | |   
    | | +-o AppleKeyStoreUserClient  <class AppleKeyStoreUserClient, id 0x1000006f8, !registered, !matched, active, busy 0, retain 6>
    | | |   {
    | | |     "IOUserClientCreator" = "pid 119, keybagd"
    | | |     "IOUserClientDefaultLocking" = Yes
    | | |   }
    | | |   
    | | +-o AppleKeyStoreUserClient  <class AppleKeyStoreUserClient, id 0x1000007c9, !registered, !matched, active, busy 0, retain 6>
    | | |   {
    | | |     "IOUserClientCreator" = "pid 2586, PerfPowerService"
    | | |     "IOUserClientDefaultLocking" = Yes
    | | |   }
    | | |   
    | | +-o AppleKeyStoreUserClient  <class AppleKeyStoreUserClient, id 0x100001198, !registered, !matched, active, busy 0, retain 6>
    | | |   {
    | | |     "IOUserClientCreator" = "pid 527, akd"
    | | |     "IOUserClientDefaultLocking" = Yes
    | | |   }
    | | |   
    | | +-o AppleKeyStoreUserClient  <class AppleKeyStoreUserClient, id 0x100001199, !registered, !matched, active, busy 0, retain 6>
    | | |   {
    | | |     "IOUserClientCreator" = "pid 672, followupd"
    | | |     "IOUserClientDefaultLocking" = Yes
    | | |   }
    | | |   
    | | +-o AppleKeyStoreUserClient  <class AppleKeyStoreUserClient, id 0x100002224, !registered, !matched, active, busy 0, retain 6>
    | | |   {
    | | |     "IOUserClientCreator" = "pid 60127, secd"
    | | |     "IOUserClientDefaultLocking" = Yes
    | | |   }
    | | |   
    | | +-o AppleKeyStoreUserClient  <class AppleKeyStoreUserClient, id 0x100002225, !registered, !matched, active, busy 0, retain 6>
    | |     {
    | |       "IOUserClientCreator" = "pid 60128, containermanager"
    | |       "IOUserClientDefaultLocking" = Yes
    | |     }
    | |     
    | +-o AppleSSE  <class AppleSSE, id 0x10000011e, registered, matched, active, busy 0 (0 ms), retain 8>
    | |   {
    | |     "IOProbeScore" = 0x0
    | |     "CFBundleIdentifier" = "com.apple.driver.AppleSSE"
    | |     "IOMatchCategory" = "AppleSSE"
    | |     "IOClass" = "AppleSSE"
    | |     "IOPersonalityPublisher" = "com.apple.driver.AppleSSE"
    | |     "IOProviderClass" = "IOResources"
    | |     "CFBundleIdentifierKernel" = "com.apple.driver.AppleSSE"
    | |     "IOMatchedAtBoot" = Yes
    | |     "IOUserClientClass" = "AppleSSEUserClient"
    | |     "IOPowerManagement" = {"CapabilityFlags"=0x2,"MaxPowerState"=0x1,"CurrentPowerState"=0x1}
    | |   }
    | |   
    | +-o CoreAnalyticsHub  <class CoreAnalyticsHub, id 0x10000011f, registered, matched, active, busy 0 (0 ms), retain 11>
    | | | {
    | | |   "IOClass" = "CoreAnalyticsHub"
    | | |   "CFBundleIdentifier" = "com.apple.iokit.CoreAnalyticsFamily"
    | | |   "IOProviderClass" = "IOResources"
    | | |   "IOUserClientClass" = "CoreAnalyticsUserClient"
    | | |   "IOResourceMatch" = "IOKit"
    | | |   "IOProbeScore" = 0x0
    | | |   "IOMatchedAtBoot" = Yes
    | | |   "IOMatchCategory" = "CoreAnalyticsHub"
    | | |   "IOReportLegendPublic" = Yes
    | | |   "IOGeneralInterest" = "IOCommand is not serializable"
    | | |   "IOReportLegend" = ({"IOReportGroupName"="Hub Stats","IOReportChannels"=((0x4573692020202020,0x180000001,"API calls"),(0x4573702020202020,0x180000001,"Pending Retained Items"),(0x4573662020202020,0x180000001,"API dropped and freed"),(0x45736d2020202020,0x180000001,"Serialized Messages"),(0x4573622020202020,0x180000001,"Serialized Message Bytes"),(0x4573662020202020,0x180000001,"Serializing Failures"),(0x45756d2020202020,0x180000001,"MessageClient Sent"),(0x45756c2020202020,0x180000001,"UserClient Launches"),(0x4575632020202020,0x18$
    | | |   "IOPersonalityPublisher" = "com.apple.iokit.CoreAnalyticsFamily"
    | | |   "CFBundleIdentifierKernel" = "com.apple.iokit.CoreAnalyticsFamily"
    | | | }
    | | | 
    | | +-o CoreAnalyticsUserClient  <class CoreAnalyticsUserClient, id 0x1000003e3, !registered, !matched, active, busy 0, retain 6>
    | |     {
    | |       "IOUserClientCreator" = "pid 220, analyticsd"
    | |       "IOUserClientDefaultLocking" = Yes
    | |     }
    | |     
    | +-o Dont_Steal_Mac_OS_X  <class Dont_Steal_Mac_OS_X, id 0x100000120, !registered, !matched, active, busy 0, retain 5>
    | |   {
    | |     "IOProbeScore" = 0x0
    | |     "CFBundleIdentifier" = "com.apple.Dont_Steal_Mac_OS_X"
    | |     "IOMatchCategory" = "Dont_Steal_Mac_OS_X"
    | |     "IOClass" = "Dont_Steal_Mac_OS_X"
    | |     "IOPersonalityPublisher" = "com.apple.Dont_Steal_Mac_OS_X"
    | |     "IOProviderClass" = "IOResources"
    | |     "CFBundleIdentifierKernel" = "com.apple.Dont_Steal_Mac_OS_X"
    | |     "IOMatchedAtBoot" = Yes
    | |     "IOResourceMatch" = "IOKit"
    | |   }
    | |   
    | +-o EndpointSecurityDriver  <class EndpointSecurityDriver, id 0x100000121, registered, matched, active, busy 0 (0 ms), retain 7>
    | | | {
    | | |   "IOProbeScore" = 0x0
    | | |   "CFBundleIdentifier" = "com.apple.iokit.EndpointSecurity"
    | | |   "IOMatchCategory" = "EndpointSecurityDriver"
    | | |   "IOClass" = "EndpointSecurityDriver"
    | | |   "IOPersonalityPublisher" = "com.apple.iokit.EndpointSecurity"
    | | |   "IOProviderClass" = "IOResources"
    | | |   "CFBundleIdentifierKernel" = "com.apple.iokit.EndpointSecurity"
    | | |   "IOMatchedAtBoot" = Yes
    | | |   "IOUserClientClass" = "EndpointSecurityDriverClient"
    | | |   "IOPowerManagement" = {"CapabilityFlags"=0x2,"MaxPowerState"=0x1,"CurrentPowerState"=0x1}
    | | |   "IOResourceMatch" = "IOKit"
    | | | }
    | | | 
    | | +-o EndpointSecurityDriverClient  <class EndpointSecurityDriverClient, id 0x1000003b5, !registered, !matched, active, busy 0, retain 5>
    | |     {
    | |       "IOUserClientCreator" = "pid 111, endpointsecurity"
    | |       "IOUserClientDefaultLocking" = Yes
    | |     }
    | |     
    | +-o IOBluetoothHCIController  <class IOBluetoothHCIController, id 0x100000122, registered, matched, active, busy 0 (0 ms), retain 8>
    | | | {
    | | |   "IOProbeScore" = 0x0
    | | |   "CFBundleIdentifier" = "com.apple.iokit.IOBluetoothFamily"
    | | |   "IOMatchCategory" = "IOBluetoothHCIController"
    | | |   "IOClass" = "IOBluetoothHCIController"
    | | |   "IOPersonalityPublisher" = "com.apple.iokit.IOBluetoothFamily"
    | | |   "IOProviderClass" = "IOResources"
    | | |   "CFBundleIdentifierKernel" = "com.apple.iokit.IOBluetoothFamily"
    | | |   "IOMatchedAtBoot" = Yes
    | | |   "BluetoothTransportConnected" = Yes
    | | |   "Built-In" = Yes
    | | |   "IOResourceMatch" = "IOKit"
    | | | }
    | | | 
    | | +-o IOBluetoothACPIMethods  <class IOBluetoothACPIMethods, id 0x10000012b, !registered, !matched, active, busy 0, retain 5>
    | | |   {
    | | |   }
    | | |   
    | | +-o IOBluetoothHCIUserClient  <class IOBluetoothHCIUserClient, id 0x1000004b3, !registered, !matched, active, busy 0, retain 6>
    | |     {
    | |       "IOUserClientCreator" = "pid 161, bluetoothd"
    | |       "IOUserClientDefaultLocking" = Yes
    | |     }
    | |     
    | +-o IOHDIXController  <class IOHDIXController, id 0x100000123, registered, matched, active, busy 0 (0 ms), retain 5>
    | |   {
    | |     "IOClass" = "IOHDIXController"
    | |     "CFBundleIdentifier" = "com.apple.driver.DiskImages"
    | |     "IOProviderClass" = "IOResources"
    | |     "Product Name" = "Disk Image Driver for MacOS X"
    | |     "IOUserClientClass" = "IOHDIXControllerUserClient"
    | |     "IOResourceMatch" = "IOKit"
    | |     "IOProbeScore" = 0x0
    | |     "IOMatchedAtBoot" = Yes
    | |     "IOMatchCategory" = "IOHDIXController"
    | |     "revision" = "623.100.1"
    | |     "Vendor Name" = "Apple"
    | |     "Product Revision Level" = "623.100.1"
    | |     "vendor" = "Apple"
    | |     "IOPersonalityPublisher" = "com.apple.driver.DiskImages"
    | |     "CFBundleIdentifierKernel" = "com.apple.driver.DiskImages"
    | |     "model" = "Disk Image Driver for MacOS X"
    | |   }
    | |   
    | +-o IOKitRegistryCompatibility  <class IOKitRegistryCompatibility, id 0x100000124, !registered, !matched, active, busy 0 (0 ms), retain 6>
    | | | {
    | | |   "IOProbeScore" = 0x0
    | | |   "CFBundleIdentifier" = "com.apple.iokit.IOKitRegistryCompatibility"
    | | |   "IOMatchCategory" = "IOKitRegistryCompatibility"
    | | |   "IOClass" = "IOKitRegistryCompatibility"
    | | |   "IOPersonalityPublisher" = "com.apple.iokit.IOKitRegistryCompatibility"
    | | |   "Entries" = ({"IOName"="display","IOClass"="IOPCIDevice","class-code"=<00000300>,"model"=<556e6b6e6f776e20556e6b6e6f776e00>,"device-id"=<10680000>,"vendor-id"=<02100000>,"revision-id"=<00000000>,"subsystem-id"=<00000000>},{"IOClass"="IOFramebuffer","IOName"="IOFB","ParentIndex"=0x0},{"IOName"="IOAccelerator","CFBundleIdentifier"="com.unknown.bundle","ParentIndex"=0x0,"IOClass"="IOAccelerator","PerformanceStatistics"={"vramFreeBytes"=0xf00000},"IOGLBundleName"="AppleMetalGLRenderer","MetalPluginName"="AGXMetalA12","VRAM,totalMB"=0x4$
    | | |   "IOProviderClass" = "IOResources"
    | | |   "CFBundleIdentifierKernel" = "com.apple.iokit.IOKitRegistryCompatibility"
    | | |   "IOMatchedAtBoot" = Yes
    | | |   "IOResourceMatch" = "IOKit"
    | | | }
    | | | 
    | | +-o display  <class IOServiceCompatibility, id 0x10000012c, registered, matched, active, busy 0 (0 ms), retain 7>
    | | | | {
    | | | |   "IOCompatibilityProperties" = {"IOName"="display","IOClass"="IOPCIDevice","class-code"=<00000300>,"model"=<556e6b6e6f776e20556e6b6e6f776e00>,"device-id"=<10680000>,"vendor-id"=<02100000>,"revision-id"=<00000000>,"subsystem-id"=<00000000>}
    | | | | }
    | | | | 
    | | | +-o IOFB  <class IOServiceCompatibility, id 0x10000012d, registered, matched, active, busy 0 (0 ms), retain 5>
    | | | |   {
    | | | |     "IOCompatibilityProperties" = {"IOClass"="IOFramebuffer","IOName"="IOFB","ParentIndex"=0x0}
    | | | |   }
    | | | |   
    | | | +-o IOAccelerator  <class IOServiceCompatibility, id 0x10000012e, registered, matched, active, busy 0 (0 ms), retain 5>
    | | |     {
    | | |       "IOCompatibilityProperties" = {"IOName"="IOAccelerator","CFBundleIdentifier"="com.unknown.bundle","ParentIndex"=0x0,"IOClass"="IOAccelerator","PerformanceStatistics"={"vramFreeBytes"=0xf00000},"IOGLBundleName"="AppleMetalGLRenderer","MetalPluginName"="AGXMetalA12","VRAM,totalMB"=0x4000}
    | | |     }
    | | |     
    | | +-o memory  <class IOServiceCompatibility, id 0x10000012f, registered, matched, active, busy 0 (0 ms), retain 5>
    | |     {
    | |       "IOCompatibilityProperties" = {"IOClass"="IOService","IOName"="memory","compat-dimm-serial-number"=<30783031323334353637003078373635343332313000>,"IOPath"="IODeviceTree:/memory"}
    | |     }
    | |     
    | +-o IOReportHub  <class IOReportHub, id 0x100000125, registered, matched, active, busy 0 (1 ms), retain 9>
    | | | {
    | | |   "IOProbeScore" = 0x0
    | | |   "CFBundleIdentifier" = "com.apple.iokit.IOReportFamily"
    | | |   "IOMatchCategory" = "IOReportHub"
    | | |   "IOClass" = "IOReportHub"
    | | |   "IOPersonalityPublisher" = "com.apple.iokit.IOReportFamily"
    | | |   "IOProviderClass" = "IOResources"
    | | |   "CFBundleIdentifierKernel" = "com.apple.iokit.IOReportFamily"
    | | |   "IOMatchedAtBoot" = Yes
    | | |   "IOUserClientClass" = "IOReportUserClient"
    | | |   "IOResourceMatch" = "IOKit"
    | | | }
    | | | 
    | | +-o IOReportUserClient  <class IOReportUserClient, id 0x100000529, !registered, !matched, active, busy 0, retain 5>
    | | |   {
    | | |     "IOUserClientCreator" = "pid 108, systemstats"
    | | |     "IOUserClientDefaultLocking" = Yes
    | | |   }
    | | |   
    | | +-o IOReportUserClient  <class IOReportUserClient, id 0x1000007cc, !registered, !matched, active, busy 0, retain 5>
    | | |   {
    | | |     "IOUserClientCreator" = "pid 2586, PerfPowerService"
    | | |     "IOUserClientDefaultLocking" = Yes
    | | |   }
    | | |   
    | | +-o IOReportUserClient  <class IOReportUserClient, id 0x1000007d0, !registered, !matched, active, busy 0, retain 5>
    | | |   {
    | | |     "IOUserClientCreator" = "pid 2586, PerfPowerService"
    | | |     "IOUserClientDefaultLocking" = Yes
    | | |   }
    | | |   
    | | +-o IOReportUserClient  <class IOReportUserClient, id 0x100000aed, !registered, !matched, active, busy 0, retain 5>
    | |     {
    | |       "IOUserClientCreator" = "pid 365, wifianalyticsd"
    | |       "IOUserClientDefaultLocking" = Yes
    | |     }
    | |     
    | +-o IOTimeSyncClockManager  <class IOTimeSyncClockManager, id 0x100000126, registered, matched, active, busy 0 (0 ms), retain 9>
    | | | {
    | | |   "IOClass" = "IOTimeSyncClockManager"
    | | |   "CFBundleIdentifier" = "com.apple.iokit.IOTimeSyncFamily"
    | | |   "IOProviderClass" = "IOResources"
    | | |   "TimeSyncTimeCoreAudioClockDomain" = 0x63690000
    | | |   "TranslationClockID" = 0x9801a7af6b150001
    | | |   "IOUserClientClass" = "IOTimeSyncClockManagerUserClient"
    | | |   "TimeSyncTimeClockID" = 0x9801a7af6b150000
    | | |   "IOProbeScore" = 0x0
    | | |   "IOMatchedAtBoot" = Yes
    | | |   "IOMatchCategory" = "IOTimeSyncClockManager"
    | | |   "IOPersonalityPublisher" = "com.apple.iokit.IOTimeSyncFamily"
    | | |   "CFBundleIdentifierKernel" = "com.apple.iokit.IOTimeSyncFamily"
    | | | }
    | | | 
    | | +-o IOTimeSyncTranslationMach  <class IOTimeSyncTranslationMach, id 0x1000003d9, registered, matched, active, busy 0 (0 ms), retain 8>
    | | | | {
    | | | |   "ClockIdentifier" = 0x9801a7af6b150001
    | | | |   "IOUserClientClass" = "IOTimeSyncUserClient"
    | | | |   "ClockLockState" = 0x2
    | | | |   "IOGeneralInterest" = "IOCommand is not serializable"
    | | | | }
    | | | | 
    | | | +-o IOTimeSyncUserClient  <class IOTimeSyncUserClient, id 0x1000003e5, !registered, !matched, active, busy 0, retain 6>
    | | |     {
    | | |       "IOUserClientCreator" = "pid 218, coreaudiod"
    | | |       "IOUserClientDefaultLocking" = Yes
    | | |     }
    | | |     
    | | +-o IOTimeSyncClockManagerUserClient  <class IOTimeSyncClockManagerUserClient, id 0x1000003e4, !registered, !matched, active, busy 0, retain 5>
    | |     {
    | |       "IOUserClientCreator" = "pid 218, coreaudiod"
    | |       "IOUserClientDefaultLocking" = Yes
    | |     }
    | |     
    | +-o IOUSBMassStorageResource  <class IOUSBMassStorageResource, id 0x100000127, registered, matched, active, busy 0 (0 ms), retain 7>
    | | | {
    | | |   "IOClass" = "IOUSBMassStorageResource"
    | | |   "CFBundleIdentifier" = "com.apple.iokit.IOUSBMassStorageDriver"
    | | |   "IOProviderClass" = "IOResources"
    | | |   "IOUserClientClass" = "IOUSBMassStorageUserClient"
    | | |   "IOResourceMatch" = "IOKit"
    | | |   "IOProbeScore" = 0x0
    | | |   "IOMatchedAtBoot" = Yes
    | | |   "IOMatchCategory" = "IOUSBMassStorageResource"
    | | |   "Devices Referenced" = 0x1
    | | |   "Device Stats" = {"05AC8406"={"ON to OFF transition"=0x0,"RESET: Device Error"=0x0,"RESET: IO Timed Out"=0x0,"RESET: Command Phase Error"=0x0,"Number Of InterfaceNubs"=0x1,"UAS Reset: Stream Status Failure"=0x0,"bInterfaceProtocol"=0x50,"RESET: Device Unresponsive"=0x0,"RESET: Bulk Send Failure"=0x0,"RESET: Data Overrun"=0x0,"UAS Reset: Command Failure"=0x0,"OFF to ON transition"=0x0,"RESET: IO Aborted"=0x0,"UAS RESET: UAS Request for Status Failure"=0x0,"UAS RESET: UAS Response IU Failure"=0x0,"RESET: Pipe Stalled"=0x0,"RESET: CSW$
    | | |   "IOPersonalityPublisher" = "com.apple.iokit.IOUSBMassStorageDriver"
    | | |   "CFBundleIdentifierKernel" = "com.apple.iokit.IOUSBMassStorageDriver"
    | | | }
    | | | 
    | | +-o com_apple_driver_AppleUSBCardReaderDriverNub  <class com_apple_driver_AppleUSBCardReaderDriverNub, id 0x10000038c, registered, matched, active, busy 0 (142 ms), retain 15>
    | |   | {
    | |   |   "IOClass" = "com_apple_driver_AppleUSBCardReaderDriverNub"
    | |   |   "Number Of InterfaceNubs" = 0x3
    | |   |   "IOPersonalityPublisher" = "com.apple.driver.AppleUSBCardReader"
    | |   |   "idProduct" = 0x8406
    | |   |   "IOMatchedAtBoot" = Yes
    | |   |   "bInterfaceProtocol" = 0x50
    | |   |   "IOProviderClass" = "com_apple_driver_AppleUSBCardReaderInterfaceNub"
    | |   |   "USB Device Info" = {"bcdDevice"=0x820,"idProduct"=0x8406,"bInterfaceSubClass"=0x6,"locationID"=0x14600000,"bConfigurationValue"=0x1,"kUSBVendorString"="Apple","kUSBSerialNumberString"="000000000820","USB Product Name"="Internal Memory Card Reader","kUSBProductString"="Internal Memory Card Reader","idVendor"=0x5ac,"bInterfaceProtocol"=0x50,"bInterfaceNumber"=0x0,"bInterfaceClass"=0x8,"bNumConfigurations"=0x1}
    | |   |   "USB Product Name" = "Internal Memory Card Reader"
    | |   |   "Physical Interconnect Location" = "Internal"
    | |   |   "IOPowerManagement" = {"ChildrenPowerState"=0x0,"MaxPowerState"=0x2,"CurrentPowerState"=0x0,"CapabilityFlags"=0x0,"ChildProxyPowerState"=0x2,"DriverPowerState"=0x0}
    | |   |   "IOProbeScore" = 0xc350
    | |   |   "PowerGating" = Yes
    | |   |   "bInterfaceClass" = 0x8
    | |   |   "bInterfaceSubClass" = 0x6
    | |   |   "CFBundleIdentifierKernel" = "com.apple.driver.AppleUSBCardReader"
    | |   |   "bConfigurationValue" = 0x1
    | |   |   "bInterfaceNumber" = 0x0
    | |   |   "CFBundleIdentifier" = "com.apple.driver.AppleUSBCardReader"
    | |   |   "IOMatchCategory" = "IODefaultMatchCategory"
    | |   |   "idVendor" = 0x5ac
    | |   |   "USB Mass Storage Trace ID" = 0x5ac840614600000
    | |   |   "PlatformSettings" = 0xfbe
    | |   |   "kUSBVendorString" = "Apple"
    | |   | }
    | |   | 
    | |   +-o com_apple_driver_AppleUSBCardReaderUMC  <class com_apple_driver_AppleUSBCardReaderUMC, id 0x10000038f, !registered, !matched, active, busy 0 (140 ms), retain 9>
    | |     | {
    | |     |   "IOClass" = "com_apple_driver_AppleUSBCardReaderUMC"
    | |     |   "Write Time Out Duration" = 0x7530
    | |     |   "No INQUIRY VPD Pages" = Yes
    | |     |   "IOPersonalityPublisher" = "com.apple.driver.AppleUSBCardReader"
    | |     |   "idProduct" = 0x8406
    | |     |   "IOMatchedAtBoot" = Yes
    | |     |   "IOPowerManagement" = {"ChildrenPowerState"=0x0,"MaxPowerState"=0x2,"CurrentPowerState"=0x0,"CapabilityFlags"=0x0,"ChildProxyPowerState"=0x2,"DriverPowerState"=0x0}
    | |     |   "IOProviderClass" = "com_apple_driver_AppleUSBCardReaderDriverNub"
    | |     |   "IOMediaIcon" = {"IOBundleResourceFile"="SD.icns","CFBundleIdentifier"="com.apple.iokit.IOSCSIArchitectureModelFamily"}
    | |     |   "Physical Interconnect Location" = "Internal"
    | |     |   "IOProbeScore" = 0x61a8
    | |     |   "PowerGating" = Yes
    | |     |   "Read Time Out Duration" = 0x7530
    | |     |   "IOUnit" = 0x2
    | |     |   "Physical Interconnect" = "USB"
    | |     |   "CFBundleIdentifierKernel" = "com.apple.driver.AppleUSBCardReader"
    | |     |   "bConfigurationValue" = 0x1
    | |     |   "bInterfaceNumber" = 0x0
    | |     |   "CFBundleIdentifier" = "com.apple.driver.AppleUSBCardReader"
    | |     |   "IOMatchCategory" = "IODefaultMatchCategory"
    | |     |   "idVendor" = 0x5ac
    | |     |   "SCSI Device Characteristics" = {"IOMaximumBlockCountRead"=0x2000,"IOMaximumBlockCountWrite"=0x2000,"IOMaximumByteCountWrite"=0x400000,"IOMaximumByteCountRead"=0x400000}
    | |     |   "USB Mass Storage Characteristics" = {"Max Logical Unit Number"=0x0,"USB3LPM"=0x3}
    | |     |   "USB Mass Storage Trace ID" = 0x5ac840614600000
    | |     |   "PlatformSettings" = 0xfbe
    | |     |   "Retry Count" = 0x9
    | |     |   "Protocol Characteristics" = {"Read Time Out Duration"=0x7530,"Physical Interconnect Location"="Internal","Write Time Out Duration"=0x7530,"Retry Count"=0x9}
    | |     |   "Device Speed" = 0x3
    | |     | }
    | |     | 
    | |     +-o IOSCSILogicalUnitNub@0  <class IOSCSILogicalUnitNub, id 0x100000392, registered, matched, active, busy 0 (38 ms), retain 8>
    | |       | {
    | |       |   "TPGS Information" = 0x0
    | |       |   "Peripheral Device Type" = 0x0
    | |       |   "Vendor Identification" = "APPLE"
    | |       |   "SCSI Logical Unit Number" = 0x0
    | |       |   "SCSI Device Characteristics" = {"IOMaximumBlockCountRead"=0x2000,"IOMaximumBlockCountWrite"=0x2000,"IOMaximumByteCountWrite"=0x400000,"IOMaximumByteCountRead"=0x400000}
    | |       |   "IOMatchCategory" = "SCSITaskUserClientIniter"
    | |       |   "Product Identification" = "SD Card Reader"
    | |       |   "Protocol Characteristics" = {"Physical Interconnect"="USB","Read Time Out Duration"=0x7530,"SCSI Logical Unit Number"=0x0,"Physical Interconnect Location"="Internal","Write Time Out Duration"=0x7530,"Retry Count"=0x9}
    | |       |   "IOUnitLUN" = 0x0
    | |       |   "Product Revision Level" = "3.00"
    | |       | }
    | |       | 
    | |       +-o com_apple_driver_AppleUSBCardReaderSBC  <class com_apple_driver_AppleUSBCardReaderSBC, id 0x100000393, registered, matched, active, busy 0 (0 ms), retain 9>
    | |         | {
    | |         |   "IOClass" = "com_apple_driver_AppleUSBCardReaderSBC"
    | |         |   "S104" = 0x0
    | |         |   "IOMaximumBlockCountWrite" = 0x2000
    | |         |   "IOPrimaryDriverTerminateOptions" = Yes
    | |         |   "IOPersonalityPublisher" = "com.apple.driver.AppleUSBCardReader"
    | |         |   "Product Identification" = "SD Card Reader"
    | |         |   "IOMatchedAtBoot" = Yes
    | |         |   "IOPowerManagement" = {"CapabilityFlags"=0x0,"MaxPowerState"=0x2,"ActivityTickles"=0x0,"DevicePowerState"=0x0,"IdleTimerPeriod"=0xafc8,"TimeSinceLastTickle"=0x284b14,"DriverPowerState"=0x0,"CurrentPowerState"=0x0}
    | |         |   "IOProviderClass" = "IOSCSILogicalUnitNub"
    | |         |   "_GPE" = 0x3b
    | |         |   "Peripheral Device Type" = 0x0
    | |         |   "IOMaximumSegmentCountRead" = 0x400
    | |         |   "IOProbeScore" = 0x3a98
    | |         |   "S025" = 0x0
    | |         |   "IOMaximumSegmentCountWrite" = 0x400
    | |         |   "WriteCacheState" = No
    | |         |   "Physical Interconnect" = "USB"
    | |         |   "CFBundleIdentifierKernel" = "com.apple.driver.AppleUSBCardReader"
    | |         |   "Vendor Identification" = "APPLE"
    | |         |   "IOMatchCategory" = "IODefaultMatchCategory"
    | |         |   "CFBundleIdentifier" = "com.apple.driver.AppleUSBCardReader"
    | |         |   "USB Mass Storage Trace ID" = 0x5ac840614600000
    | |         |   "IOMaximumByteCountRead" = 0x400000
    | |         |   "SCSI Device Characteristics" = {"IOMaximumBlockCountRead"=0x2000,"IOMaximumBlockCountWrite"=0x2000,"IOMaximumByteCountWrite"=0x400000,"IOMaximumByteCountRead"=0x400000}
    | |         |   "IOMaximumByteCountWrite" = 0x400000
    | |         |   "IOMaximumBlockCountRead" = 0x2000
    | |         |   "PlatformSettings" = 0xfbe
    | |         |   "S050" = 0x0
    | |         | }
    | |         | 
    | |         +-o AppleUSBCardReaderBlockStorageServices  <class AppleUSBCardReaderBlockStorageServices, id 0x100000397, registered, matched, active, busy 0 (0 ms), retain 6>
    | |           | {
    | |           |   "IOMinimumSegmentAlignmentByteCount" = 0x4
    | |           |   "device-type" = "Generic"
    | |           |   "Protocol Characteristics" = {"Physical Interconnect"="USB","Read Time Out Duration"=0x7530,"SCSI Logical Unit Number"=0x0,"Physical Interconnect Location"="Internal","Write Time Out Duration"=0x7530,"Retry Count"=0x9}
    | |           |   "Device Characteristics" = {"Vendor Name"="APPLE","Product Name"="SD Card Reader","Product Revision Level"="3.00"}
    | |           | }
    | |           | 
    | |           +-o IOBlockStorageDriver  <class IOBlockStorageDriver, id 0x100000398, registered, matched, active, busy 0 (0 ms), retain 6>
    | |               {
    | |                 "IOPropertyMatch" = {"device-type"="Generic"}
    | |                 "CFBundleIdentifier" = "com.apple.iokit.IOStorageFamily"
    | |                 "IOProviderClass" = "IOBlockStorageDevice"
    | |                 "IOClass" = "IOBlockStorageDriver"
    | |                 "IOProbeScore" = 0x0
    | |                 "CFBundleIdentifierKernel" = "com.apple.iokit.IOStorageFamily"
    | |                 "IOMatchedAtBoot" = Yes
    | |                 "Statistics" = {"Operations (Write)"=0x0,"Latency Time (Write)"=0x0,"Bytes (Read)"=0x0,"Errors (Write)"=0x0,"Total Time (Read)"=0x0,"Latency Time (Read)"=0x0,"Retries (Read)"=0x0,"Errors (Read)"=0x0,"Total Time (Write)"=0x0,"Bytes (Write)"=0x0,"Operations (Read)"=0x0,"Retries (Write)"=0x0}
    | |                 "IOMatchCategory" = "IODefaultMatchCategory"
    | |               }
    | |               
    | +-o AppleUSBHostResources  <class AppleUSBHostResources, id 0x10000027a, registered, matched, active, busy 0 (455 ms), retain 14>
    | | | {
    | | |   "IOClass" = "AppleUSBHostResources"
    | | |   "CFBundleIdentifier" = "com.apple.iokit.IOUSBHostFamily"
    | | |   "IOProviderClass" = "IOResources"
    | | |   "kUSBSleepPortCurrentLimit" = 0x834
    | | |   "kUSBWakePowerSupply" = 0xc80
    | | |   "kUSBWakePortCurrentLimit" = 0x834
    | | |   "IOResourceMatch" = "IORTC"
    | | |   "IOProbeScore" = 0x0
    | | |   "IOMatchedAtBoot" = Yes
    | | |   "IOMatchCategory" = "AppleUSBHostResources"
    | | |   "kUSBSleepPowerSupply" = 0xa28
    | | |   "UsbBusCurrentPoolID" = 0x10000027a
    | | |   "IOGeneralInterest" = "IOCommand is not serializable"
    | | |   "IOPersonalityPublisher" = "com.apple.iokit.IOUSBHostFamily"
    | | |   "CFBundleIdentifierKernel" = "com.apple.iokit.IOUSBHostFamily"
    | | | }
    | | | 
    | | +-o AppleUSBLegacyRoot  <class AppleUSBLegacyRoot, id 0x10000028f, registered, matched, active, busy 0 (4 ms), retain 12>
    | |   | {
    | |   |   "IOProbeScore" = 0x64
    | |   |   "CFBundleIdentifier" = "com.apple.iokit.IOUSBFamily"
    | |   |   "IOProviderClass" = "AppleUSBHostResources"
    | |   |   "IOClass" = "AppleUSBLegacyRoot"
    | |   |   "IOPersonalityPublisher" = "com.apple.iokit.IOUSBFamily"
    | |   |   "CFBundleIdentifierKernel" = "com.apple.iokit.IOUSBFamily"
    | |   |   "IOMatchedAtBoot" = Yes
    | |   |   "IOMatchCategory" = "IODefaultMatchCategory"
    | |   |   "IOPowerManagement" = {"ChildrenPowerState"=0x4,"DevicePowerState"=0x0,"CurrentPowerState"=0x4,"CapabilityFlags"=0x8000,"MaxPowerState"=0x4,"DriverPowerState"=0x4}
    | |   |   "HIDVirtualDevice" = No
    | |   | }
    | |   | 
    | |   +-o AppleUSBXHCI@14000000  <class AppleUSBController, id 0x10000037d, registered, matched, active, busy 0 (4 ms), retain 9>
    | |     | {
    | |     |   "locationID" = 0x14000000
    | |     | }
    | |     | 
    | |     +-o AppleUSBXHCI Root Hub Simulation@14000000  <class AppleUSBRootHubDevice, id 0x10000037e, registered, matched, active, busy 0 (0 ms), retain 9>
    | |     |   {
    | |     |     "idProduct" = 0x8007
    | |     |     "bNumConfigurations" = 0x1
    | |     |     "Built-In" = Yes
    | |     |     "bDeviceClass" = 0x9
    | |     |     "bMaxPacketSize0" = 0x8
    | |     |     "iManufacturer" = 0x0
    | |     |     "iProduct" = 0x0
    | |     |     "iSerialNumber" = 0x0
    | |     |     "USB Product Name" = "AppleUSBXHCI Root Hub Simulation"
    | |     |     "IOPowerManagement" = {"DevicePowerState"=0x0,"CurrentPowerState"=0x4,"CapabilityFlags"=0x8000,"MaxPowerState"=0x4,"DriverPowerState"=0x4}
    | |     |     "IOUserClientClass" = "AppleUSBLegacyDeviceUserClient"
    | |     |     "locationID" = 0x14000000
    | |     |     "bDeviceSubClass" = 0xff
    | |     |     "bcdUSB" = 0x100
    | |     |     "non-removable" = "yes"
    | |     |     "IOCFPlugInTypes" = {"9dc7b780-9ec0-11d4-a54f-000a27052861"="IOUSBFamily.kext/Contents/PlugIns/IOUSBLib.bundle"}
    | |     |     "bDeviceProtocol" = 0x3
    | |     |     "Device Speed" = 0x3
    | |     |     "USB Vendor Name" = "Apple Inc."
    | |     |     "idVendor" = 0x5ac
    | |     |     "IOClassNameOverride" = "IOUSBRootHubDevice"
    | |     |   }
    | |     |   
    | |     +-o Bluetooth USB Host Controller@14300000  <class AppleUSBDevice, id 0x10000039b, registered, matched, active, busy 0 (0 ms), retain 21>
    | |       | {
    | |       |   "sessionID" = 0x65463e68
    | |       |   "idProduct" = 0x8290
    | |       |   "iManufacturer" = 0x1
    | |       |   "bDeviceClass" = 0xef
    | |       |   "bMaxPacketSize0" = 0x40
    | |       |   "bcdDevice" = 0x169
    | |       |   "iProduct" = 0x2
    | |       |   "iSerialNumber" = 0x0
    | |       |   "bNumConfigurations" = 0x1
    | |       |   "Bus Power Available" = 0xfa
    | |       |   "USB Address" = 0x3
    | |       |   "Built-In" = Yes
    | |       |   "locationID" = 0x14300000
    | |       |   "bDeviceSubClass" = 0x2
    | |       |   "bcdUSB" = 0x201
    | |       |   "USB Product Name" = "Bluetooth USB Host Controller"
    | |       |   "PortNum" = 0x3
    | |       |   "non-removable" = "yes"
    | |       |   "AppleUSBAlternateServiceRegistryID" = 0x100000399
    | |       |   "bDeviceProtocol" = 0x1
    | |       |   "IOCFPlugInTypes" = {"9dc7b780-9ec0-11d4-a54f-000a27052861"="IOUSBHostFamily.kext/Contents/PlugIns/IOUSBLib.bundle"}
    | |       |   "IOPowerManagement" = {"DevicePowerState"=0x2,"CurrentPowerState"=0x3,"CapabilityFlags"=0x10000,"MaxPowerState"=0x4,"DriverPowerState"=0x3}
    | |       |   "kUSBCurrentConfiguration" = 0x1
    | |       |   "Device Speed" = 0x1
    | |       |   "USB Vendor Name" = "Broadcom Corp."
    | |       |   "idVendor" = 0x5ac
    | |       |   "IOGeneralInterest" = "IOCommand is not serializable"
    | |       |   "kUSBProductString" = "Bluetooth USB Host Controller"
    | |       |   "kUSBVendorString" = "Broadcom Corp."
    | |       |   "IOClassNameOverride" = "IOUSBDevice"
    | |       | }
    | |       | 
    | |       +-o AppleUSBInterface@0  <class AppleUSBInterface, id 0x1000003a8, registered, matched, active, busy 0 (0 ms), retain 5>
    | |       |   {
    | |       |     "IOCFPlugInTypes" = {"2d9786c6-9ef3-11d4-ad51-000a27052861"="IOUSBHostFamily.kext/Contents/PlugIns/IOUSBLib.bundle"}
    | |       |     "bcdDevice" = 0x169
    | |       |     "idProduct" = 0x8290
    | |       |     "bInterfaceSubClass" = 0x1
    | |       |     "bConfigurationValue" = 0x1
    | |       |     "locationID" = 0x14300000
    | |       |     "AppleUSBAlternateServiceRegistryID" = 0x1000003a2
    | |       |     "IOClassNameOverride" = "IOUSBInterface"
    | |       |     "bInterfaceProtocol" = 0x1
    | |       |     "iInterface" = 0x0
    | |       |     "bAlternateSetting" = 0x0
    | |       |     "idVendor" = 0x5ac
    | |       |     "bInterfaceNumber" = 0x0
    | |       |     "bInterfaceClass" = 0x3
    | |       |     "bNumEndpoints" = 0x1
    | |       |   }
    | |       |   
    | |       +-o AppleUSBInterface@1  <class AppleUSBInterface, id 0x1000003a9, registered, matched, active, busy 0 (0 ms), retain 5>
    | |       |   {
    | |       |     "IOCFPlugInTypes" = {"2d9786c6-9ef3-11d4-ad51-000a27052861"="IOUSBHostFamily.kext/Contents/PlugIns/IOUSBLib.bundle"}
    | |       |     "bcdDevice" = 0x169
    | |       |     "idProduct" = 0x8290
    | |       |     "bInterfaceSubClass" = 0x1
    | |       |     "bConfigurationValue" = 0x1
    | |       |     "locationID" = 0x14300000
    | |       |     "AppleUSBAlternateServiceRegistryID" = 0x1000003a3
    | |       |     "IOClassNameOverride" = "IOUSBInterface"
    | |       |     "bInterfaceProtocol" = 0x2
    | |       |     "iInterface" = 0x0
    | |       |     "bAlternateSetting" = 0x0
    | |       |     "idVendor" = 0x5ac
    | |       |     "bInterfaceNumber" = 0x1
    | |       |     "bInterfaceClass" = 0x3
    | |       |     "bNumEndpoints" = 0x1
    | |       |   }
    | |       |   
    | |       +-o AppleUSBInterface@2  <class AppleUSBInterface, id 0x1000003aa, registered, matched, active, busy 0 (0 ms), retain 5>
    | |       |   {
    | |       |     "IOCFPlugInTypes" = {"2d9786c6-9ef3-11d4-ad51-000a27052861"="IOUSBHostFamily.kext/Contents/PlugIns/IOUSBLib.bundle"}
    | |       |     "bcdDevice" = 0x169
    | |       |     "idProduct" = 0x8290
    | |       |     "bInterfaceSubClass" = 0x1
    | |       |     "bConfigurationValue" = 0x1
    | |       |     "locationID" = 0x14300000
    | |       |     "AppleUSBAlternateServiceRegistryID" = 0x1000003a4
    | |       |     "IOClassNameOverride" = "IOUSBInterface"
    | |       |     "bInterfaceProtocol" = 0x1
    | |       |     "iInterface" = 0x0
    | |       |     "bAlternateSetting" = 0x0
    | |       |     "idVendor" = 0x5ac
    | |       |     "bInterfaceNumber" = 0x2
    | |       |     "bInterfaceClass" = 0xff
    | |       |     "bNumEndpoints" = 0x3
    | |       |   }
    | |       |   
    | |       +-o AppleUSBInterface@3  <class AppleUSBInterface, id 0x1000003ab, registered, matched, active, busy 0 (0 ms), retain 5>
    | |       |   {
    | |       |     "IOCFPlugInTypes" = {"2d9786c6-9ef3-11d4-ad51-000a27052861"="IOUSBHostFamily.kext/Contents/PlugIns/IOUSBLib.bundle"}
    | |       |     "bcdDevice" = 0x169
    | |       |     "idProduct" = 0x8290
    | |       |     "bInterfaceSubClass" = 0x1
    | |       |     "bConfigurationValue" = 0x1
    | |       |     "locationID" = 0x14300000
    | |       |     "AppleUSBAlternateServiceRegistryID" = 0x1000003a5
    | |       |     "IOClassNameOverride" = "IOUSBInterface"
    | |       |     "bInterfaceProtocol" = 0x1
    | |       |     "iInterface" = 0x0
    | |       |     "bAlternateSetting" = 0x0
    | |       |     "idVendor" = 0x5ac
    | |       |     "bInterfaceNumber" = 0x3
    | |       |     "bInterfaceClass" = 0xe0
    | |       |     "bNumEndpoints" = 0x2
    | |       |   }
    | |       |   
    | |       +-o AppleUSBInterface@4  <class AppleUSBInterface, id 0x1000003ac, registered, matched, active, busy 0 (0 ms), retain 5>
    | |       |   {
    | |       |     "IOCFPlugInTypes" = {"2d9786c6-9ef3-11d4-ad51-000a27052861"="IOUSBHostFamily.kext/Contents/PlugIns/IOUSBLib.bundle"}
    | |       |     "bcdDevice" = 0x169
    | |       |     "idProduct" = 0x8290
    | |       |     "bInterfaceSubClass" = 0xff
    | |       |     "bConfigurationValue" = 0x1
    | |       |     "locationID" = 0x14300000
    | |       |     "AppleUSBAlternateServiceRegistryID" = 0x1000003a6
    | |       |     "IOClassNameOverride" = "IOUSBInterface"
    | |       |     "bInterfaceProtocol" = 0xff
    | |       |     "iInterface" = 0x0
    | |       |     "bAlternateSetting" = 0x0
    | |       |     "idVendor" = 0x5ac
    | |       |     "bInterfaceNumber" = 0x4
    | |       |     "bInterfaceClass" = 0xff
    | |       |     "bNumEndpoints" = 0x2
    | |       |   }
    | |       |   
    | |       +-o AppleUSBInterface@5  <class AppleUSBInterface, id 0x1000003ad, registered, matched, active, busy 0 (0 ms), retain 5>
    | |           {
    | |             "IOCFPlugInTypes" = {"2d9786c6-9ef3-11d4-ad51-000a27052861"="IOUSBHostFamily.kext/Contents/PlugIns/IOUSBLib.bundle"}
    | |             "bcdDevice" = 0x169
    | |             "idProduct" = 0x8290
    | |             "bInterfaceSubClass" = 0x1
    | |             "bConfigurationValue" = 0x1
    | |             "locationID" = 0x14300000
    | |             "AppleUSBAlternateServiceRegistryID" = 0x1000003a7
    | |             "IOClassNameOverride" = "IOUSBInterface"
    | |             "bInterfaceProtocol" = 0x1
    | |             "iInterface" = 0x0
    | |             "bAlternateSetting" = 0x0
    | |             "idVendor" = 0x5ac
    | |             "bInterfaceNumber" = 0x5
    | |             "bInterfaceClass" = 0xfe
    | |             "bNumEndpoints" = 0x0
    | |           }
    | |           
    | +-o com_apple_AppleFSCompression_AppleFSCompressionTypeDataless  <class com_apple_AppleFSCompression_AppleFSCompressionTypeDataless, id 0x100000315, !registered, !matched, active, busy 0, retain 4>
    | |   {
    | |     "IOProbeScore" = 0x0
    | |     "CFBundleIdentifier" = "com.apple.AppleFSCompression.AppleFSCompressionTypeDataless"
    | |     "IOMatchCategory" = "com_apple_AppleFSCompression_AppleFSCompressionTypeDataless"
    | |     "IOClass" = "com_apple_AppleFSCompression_AppleFSCompressionTypeDataless"
    | |     "IOPersonalityPublisher" = "com.apple.AppleFSCompression.AppleFSCompressionTypeDataless"
    | |     "IOProviderClass" = "IOResources"
    | |     "com.apple.AppleFSCompression.providesType5" = Yes
    | |     "CFBundleIdentifierKernel" = "com.apple.AppleFSCompression.AppleFSCompressionTypeDataless"
    | |     "IOMatchedAtBoot" = Yes
    | |     "IOResourceMatch" = "IOBSD"
    | |   }
    | |   
    | +-o com_apple_AppleFSCompression_AppleFSCompressionTypeZlib  <class com_apple_AppleFSCompression_AppleFSCompressionTypeZlib, id 0x100000316, !registered, !matched, active, busy 0, retain 4>
    | |   {
    | |     "IOClass" = "com_apple_AppleFSCompression_AppleFSCompressionTypeZlib"
    | |     "CFBundleIdentifier" = "com.apple.AppleFSCompression.AppleFSCompressionTypeZlib"
    | |     "IOProviderClass" = "IOResources"
    | |     "com.apple.AppleFSCompression.providesType7" = Yes
    | |     "IOResourceMatch" = "IOBSD"
    | |     "com.apple.AppleFSCompression.providesType9" = Yes
    | |     "IOProbeScore" = 0x0
    | |     "IOMatchCategory" = "com_apple_AppleFSCompression_AppleFSCompressionTypeZlib"
    | |     "com.apple.AppleFSCompression.providesType4" = Yes
    | |     "IOMatchedAtBoot" = Yes
    | |     "IOPersonalityPublisher" = "com.apple.AppleFSCompression.AppleFSCompressionTypeZlib"
    | |     "com.apple.AppleFSCompression.providesType10" = Yes
    | |     "com.apple.AppleFSCompression.providesType8" = Yes
    | |     "com.apple.AppleFSCompression.providesType11" = Yes
    | |     "CFBundleIdentifierKernel" = "com.apple.AppleFSCompression.AppleFSCompressionTypeZlib"
    | |     "com.apple.AppleFSCompression.providesType12" = Yes
    | |     "com.apple.AppleFSCompression.providesType3" = Yes
    | |   }
    | |   
    | +-o AppleImage4  <class AppleImage4, id 0x100000317, registered, matched, active, busy 0 (0 ms), retain 5>
    | |   {
    | |     "IOProbeScore" = 0x0
    | |     "CFBundleIdentifier" = "com.apple.security.AppleImage4"
    | |     "IOMatchCategory" = "AppleImage4"
    | |     "IOClass" = "AppleImage4"
    | |     "IOPersonalityPublisher" = "com.apple.security.AppleImage4"
    | |     "IOProviderClass" = "IOResources"
    | |     "CFBundleIdentifierKernel" = "com.apple.security.AppleImage4"
    | |     "IOMatchedAtBoot" = Yes
    | |     "IOUserClientClass" = "AppleImage4UserClient"
    | |     "IOResourceMatch" = "IOBSD"
    | |   }
    | |   
    | +-o AppleMobileFileIntegrity  <class AppleMobileFileIntegrity, id 0x100000318, registered, matched, active, busy 0 (0 ms), retain 7>
    | |   {
    | |     "IOProbeScore" = 0x0
    | |     "CFBundleIdentifier" = "com.apple.driver.AppleMobileFileIntegrity"
    | |     "IOMatchCategory" = "AppleMobileFileIntegrity"
    | |     "IOClass" = "AppleMobileFileIntegrity"
    | |     "IOPersonalityPublisher" = "com.apple.driver.AppleMobileFileIntegrity"
    | |     "IOProviderClass" = "IOResources"
    | |     "CFBundleIdentifierKernel" = "com.apple.driver.AppleMobileFileIntegrity"
    | |     "IOMatchedAtBoot" = Yes
    | |     "IOUserClientClass" = "AppleMobileFileIntegrityUserClient"
    | |     "IOResourceMatch" = "IOBSD"
    | |   }
    | |   
    | +-o AppleSystemPolicy  <class AppleSystemPolicy, id 0x100000319, registered, matched, active, busy 0 (0 ms), retain 7>
    | | | {
    | | |   "IOProbeScore" = 0x0
    | | |   "CFBundleIdentifier" = "com.apple.AppleSystemPolicy"
    | | |   "IOMatchCategory" = "AppleSystemPolicy"
    | | |   "IOClass" = "AppleSystemPolicy"
    | | |   "IOPersonalityPublisher" = "com.apple.AppleSystemPolicy"
    | | |   "IOProviderClass" = "IOResources"
    | | |   "CFBundleIdentifierKernel" = "com.apple.AppleSystemPolicy"
    | | |   "IOMatchedAtBoot" = Yes
    | | |   "IOUserClientClass" = "AppleSystemPolicyUserClient"
    | | |   "IOPowerManagement" = {"CapabilityFlags"=0x2,"MaxPowerState"=0x1,"CurrentPowerState"=0x1}
    | | |   "IOResourceMatch" = "IOBSD"
    | | | }
    | | | 
    | | +-o AppleSystemPolicyUserClient  <class AppleSystemPolicyUserClient, id 0x1000003df, !registered, !matched, active, busy 0, retain 5>
    | |     {
    | |       "IOUserClientCreator" = "pid 174, syspolicyd"
    | |       "IOUserClientDefaultLocking" = Yes
    | |     }
    | |     
    | +-o com_apple_BootCache  <class com_apple_BootCache, id 0x10000031a, !registered, !matched, active, busy 0, retain 4>
    | |   {
    | |     "IOProbeScore" = 0x0
    | |     "CFBundleIdentifier" = "com.apple.BootCache"
    | |     "IOMatchCategory" = "com_apple_BootCache"
    | |     "IOClass" = "com_apple_BootCache"
    | |     "IOPersonalityPublisher" = "com.apple.BootCache"
    | |     "IOProviderClass" = "IOResources"
    | |     "CFBundleIdentifierKernel" = "com.apple.BootCache"
    | |     "IOMatchedAtBoot" = Yes
    | |     "IOResourceMatch" = "IOBSD"
    | |   }
    | |   
    | +-o com_apple_filesystems_hfs  <class com_apple_filesystems_hfs, id 0x10000031b, !registered, !matched, active, busy 0, retain 4>
    | |   {
    | |     "IOProbeScore" = 0x0
    | |     "CFBundleIdentifier" = "com.apple.filesystems.hfs.kext"
    | |     "IOMatchCategory" = "com_apple_filesystems_hfs"
    | |     "IOClass" = "com_apple_filesystems_hfs"
    | |     "IOPersonalityPublisher" = "com.apple.filesystems.hfs.kext"
    | |     "IOProviderClass" = "IOResources"
    | |     "CFBundleIdentifierKernel" = "com.apple.filesystems.hfs.kext"
    | |     "IOMatchedAtBoot" = Yes
    | |     "IOResourceMatch" = "IOBSD"
    | |   }
    | |   
    | +-o com_apple_filesystems_hfs_encodings  <class com_apple_filesystems_hfs_encodings, id 0x10000031c, !registered, !matched, active, busy 0, retain 4>
    | |   {
    | |     "IOProbeScore" = 0x0
    | |     "CFBundleIdentifier" = "com.apple.filesystems.hfs.encodings.kext"
    | |     "IOMatchCategory" = "com_apple_filesystems_hfs_encodings"
    | |     "IOClass" = "com_apple_filesystems_hfs_encodings"
    | |     "IOPersonalityPublisher" = "com.apple.filesystems.hfs.encodings.kext"
    | |     "IOProviderClass" = "IOResources"
    | |     "CFBundleIdentifierKernel" = "com.apple.filesystems.hfs.encodings.kext"
    | |     "IOMatchedAtBoot" = Yes
    | |     "IOResourceMatch" = "IOBSD"
    | |   }
    | |   
    | +-o IOHIDResource  <class IOHIDResource, id 0x10000031d, registered, matched, active, busy 0 (3 ms), retain 7>
    | | | {
    | | |   "IOProbeScore" = 0x0
    | | |   "CFBundleIdentifier" = "com.apple.iokit.IOHIDFamily"
    | | |   "IOMatchCategory" = "IOHIDResource"
    | | |   "IOClass" = "IOHIDResource"
    | | |   "IOPersonalityPublisher" = "com.apple.iokit.IOHIDFamily"
    | | |   "IOProviderClass" = "IOResources"
    | | |   "CFBundleIdentifierKernel" = "com.apple.iokit.IOHIDFamily"
    | | |   "IOMatchedAtBoot" = Yes
    | | |   "IOUserClientClass" = "IOHIDResourceDeviceUserClient"
    | | |   "IOResourceMatch" = "IOBSD"
    | | | }
    | | | 
    | | +-o IOHIDResourceDeviceUserClient  <class IOHIDResourceDeviceUserClient, id 0x1000004c0, !registered, !matched, active, busy 0 (3 ms), retain 7>
    | |   | {
    | |   |   "IOHIDUserDeviceDebugState" = {"MaxClientTimeoutUS"=0xf4240,"ReportQueue"={"EnqueueTimestamp"=0x2705e544397e,"tail"=0x1710,"QueueSize"=0x4000,"head"=0x1710},"SetReportCount"=0x95,"SetReportCompletedCount"=0x95}
    | |   |   "IOUserClientCreator" = "pid 169, WindowServer"
    | |   |   "IOUserClientDefaultLocking" = Yes
    | |   | }
    | |   | 
    | |   +-o IOHIDUserDevice  <class IOHIDUserDevice, id 0x1000004c1, registered, matched, active, busy 0 (3 ms), retain 10>
    | |     | {
    | |     |   "HIDVirtualDevice" = Yes
    | |     |   "Transport" = "USB"
    | |     |   "Built-In" = Yes
    | |     |   "Product" = "Keyboard Backlight"
    | |     |   "KeyboardUniqueID" = 0x5ac0273
    | |     |   "HIDDefaultBehavior" = Yes
    | |     |   "MaxInputReportSize" = 0x1
    | |     |   "Privileged" = Yes
    | |     |   "DeviceUsagePairs" = ({"DeviceUsagePage"=0xff00,"DeviceUsage"=0xf})
    | |     |   "ReportDescriptor" = <0600ff0a0f00a10185010670ff090116c80026fb0f75209501b1420902660110550d150027ffff000075209501b142850309031500250175089501b1420904660110550d150027ffff000075209501b142c0>
    | |     |   "MaxOutputReportSize" = 0x1
    | |     |   "IOUserClientClass" = "IOHIDLibUserClient"
    | |     |   "IOCFPlugInTypes" = {"FA12FA38-6F1A-11D4-BA0C-0005028F18D5"="IOHIDFamily.kext/Contents/PlugIns/IOHIDLib.plugin","40A57A4E-26A0-11D8-9295-000A958A2C78"="IOHIDFamily.kext/Contents/PlugIns/IOHIDLib.plugin","7DDEECA8-A7B4-11DA-8A0E-0014519758EF"="IOHIDFamily.kext/Contents/PlugIns/IOHIDLib.plugin"}
    | |     |   "VendorID" = 0x5ac
    | |     |   "PrimaryUsage" = 0xf
    | |     |   "ProductID" = 0x273
    | |     |   "Elements" = ({"ReportID"=0x0,"ElementCookie"=0x1,"CollectionType"=0x1,"Type"=0x201,"VariableSize"=0x0,"Elements"=({"VariableSize"=0x0,"UnitExponent"=0x0,"IsRelative"=No,"UsagePage"=0xff70,"Max"=0xffb,"IsArray"=No,"Type"=0x101,"Size"=0x20,"Min"=0xc8,"Flags"=0x42,"ReportID"=0x1,"Usage"=0x1,"ReportCount"=0x1,"Unit"=0x0,"HasNullState"=Yes,"ReportSize"=0x20,"HasPreferredState"=Yes,"IsNonLinear"=No,"ScaledMin"=0xc8,"IsWrapping"=No,"ScaledMax"=0xffb,"ElementCookie"=0x8},{"VariableSize"=0x0,"UnitExponent"=0xd,"IsRelative"=No,"UsagePag$
    | |     |   "IOGeneralInterest" = "IOCommand is not serializable"
    | |     |   "PrimaryUsagePage" = 0xff00
    | |     |   "ReportInterval" = 0x1f40
    | |     |   "MaxFeatureReportSize" = 0x9
    | |     |   "InputReportElements" = ({"ReportID"=0x1,"ElementCookie"=0xc,"Size"=0x8,"ReportCount"=0x1,"Type"=0x1,"VariableSize"=0x0,"UsagePage"=0x0,"ReportSize"=0x8,"Usage"=0x0},{"ReportID"=0x3,"ElementCookie"=0xd,"Size"=0x8,"ReportCount"=0x1,"Type"=0x1,"VariableSize"=0x0,"UsagePage"=0x0,"ReportSize"=0x8,"Usage"=0x0})
    | |     | }
    | |     | 
    | |     +-o IOHIDInterface  <class IOHIDInterface, id 0x1000004c4, registered, matched, active, busy 0 (3 ms), retain 6>
    | |     |   {
    | |     |     "MaxOutputReportSize" = 0x1
    | |     |     "DebugState" = {"ReleasedBuffers"=0x0,"ReportAvailableCalls"=0x0,"ReportAvailableRuns"=0x0,"CreatedBuffers"=0x0}
    | |     |     "VendorID" = 0x5ac
    | |     |     "IOServiceDEXTEntitlements" = (("com.apple.developer.driverkit.transport.hid","com.apple.developer.driverkit.builtin"))
    | |     |     "Product" = "Keyboard Backlight"
    | |     |     "PrimaryUsage" = 0xf
    | |     |     "ProductID" = 0x273
    | |     |     "DeviceUsagePairs" = ({"DeviceUsagePage"=0xff00,"DeviceUsage"=0xf})
    | |     |     "Transport" = "USB"
    | |     |     "ReportInterval" = 0x1f40
    | |     |     "ReportDescriptor" = <0600ff0a0f00a10185010670ff090116c80026fb0f75209501b1420902660110550d150027ffff000075209501b142850309031500250175089501b1420904660110550d150027ffff000075209501b142c0>
    | |     |     "HIDDefaultBehavior" = Yes
    | |     |     "PrimaryUsagePage" = 0xff00
    | |     |     "MaxFeatureReportSize" = 0x9
    | |     |     "Built-In" = Yes
    | |     |     "MaxInputReportSize" = 0x1
    | |     |   }
    | |     |   
    | |     +-o IOHIDLibUserClient  <class IOHIDLibUserClient, id 0x1000004d2, !registered, !matched, active, busy 0, retain 6>
    | |         {
    | |           "DebugState" = {"MaxEnqueueReportSize"=0x2000,"EventQueueMap"=(),"ClientOpened"=Yes,"Privileged"=Yes}
    | |           "IOUserClientCreator" = "pid 164, corebrightnessd"
    | |           "IOUserClientDefaultLocking" = Yes
    | |         }
    | |         
    | +-o IOHIDSystem  <class IOHIDSystem, id 0x10000031e, registered, matched, active, busy 0 (7 ms), retain 14>
    | | | {
    | | |   "IOClass" = "IOHIDSystem"
    | | |   "HIDScrollCountMaxTimeDeltaBetween" = 0x258
    | | |   "IOPersonalityPublisher" = "com.apple.iokit.IOHIDFamily"
    | | |   "IOResourceMatch" = "IOBSD"
    | | |   "IOMatchedAtBoot" = Yes
    | | |   "HIDServiceGlobalModifiersUsage" = 0x1
    | | |   "IOProviderClass" = "IOResources"
    | | |   "IOReportLegendPublic" = Yes
    | | |   "IOProbeScore" = 0x0
    | | |   "HIDIdleTime" = 0x223e6b3d
    | | |   "HIDScrollCountIgnoreMomentumScrolls" = Yes
    | | |   "HIDScrollCountAccelerationFactor" = 0x28000
    | | |   "HIDServiceSupport" = Yes
    | | |   "HIDScrollCountMouseCanReset" = Yes
    | | |   "IOCFPlugInTypes" = {"0516B563-B15B-11DA-96EB-0014519758EF"="IOHIDFamily.kext/Contents/PlugIns/IOHIDNXEventRouter.plugin"}
    | | |   "VendorID" = 0x5ac
    | | |   "CFBundleIdentifierKernel" = "com.apple.iokit.IOHIDFamily"
    | | |   "HIDScrollCountMinDeltaToSustain" = 0x14
    | | |   "IOMatchCategory" = "IOHID"
    | | |   "CFBundleIdentifier" = "com.apple.iokit.IOHIDFamily"
    | | |   "HIDScrollCountBootDefault" = {"HIDScrollCountMinDeltaToStart"=0x1e,"HIDScrollCountAccelerationFactor"=0x28000,"HIDScrollCountMouseCanReset"=Yes,"HIDScrollCountIgnoreMomentumScrolls"=Yes,"HIDScrollCountMinDeltaToSustain"=0x14,"HIDScrollCountMax"=0x7d0,"HIDScrollCountMaxTimeDeltaBetween"=0x258,"HIDScrollCountMaxTimeDeltaToSustain"=0xfa}
    | | |   "PrimaryUsage" = 0x17
    | | |   "CursorState" = {"LastMoveCursor (Seconds ago)"="44903.492889","LastShowCursor (Seconds ago)"="44903.486108","LastHideCursor (Seconds ago)"="44903.486115"}
    | | |   "HIDPowerOnDelayNS" = 0x1dcd6500
    | | |   "IOGeneralInterest" = "IOCommand is not serializable"
    | | |   "PrimaryUsagePage" = 0xff00
    | | |   "HIDScrollCountMinDeltaToStart" = 0x1e
    | | |   "HIDScrollCountMaxTimeDeltaToSustain" = 0xfa
    | | |   "IOReportLegend" = ({"IOReportGroupName"="Cursor","IOReportChannels"=((0x437572736f72546f,0xf00180003,"Cursor Total Latency")),"IOReportChannelInfo"={"IOReportChannelConfig"=<6400000000000000000000000a000000204e0000000000000100000005000000>,"IOReportChannelUnit"=0x100007900000000},"IOReportSubGroupName"="Total"},{"IOReportGroupName"="Cursor","IOReportChannels"=((0x437572736f724772,0xf00180003,"Cursor Graphics Latency")),"IOReportChannelInfo"={"IOReportChannelConfig"=<6400000000000000000000000a000000204e0000000000000100000005000000>$
    | | |   "HIDParameters" = {"HIDMouseKeysOptionToggles"=0x0,"JitterNoClick"=0x1,"ActuateDetents"=0x1,"Dragging"=0x0,"HIDSlowKeysDelay"=0x0,"JitterNoMove"=0x1,"TrackpadThreeFingerHorizSwipeGesture"=0x2,"HIDInitialKeyRepeat"=0x1dcd6500,"TrackpadThreeFingerDrag"=No,"HIDPointerAcceleration"=0xb000,"UserPreferences"=Yes,"HIDDefaultParameters"=Yes,"TrackpadHorizScroll"=0x1,"HIDF12EjectDelay"=0xfa,"TrackpadFourFingerVertSwipeGesture"=0x2,"TrackpadTwoFingerFromRightEdgeSwipeGesture"=0x3,"USBMouseStopsTrackpad"=0x0,"TrackpadThreeFingerTapGesture"=0x$
    | | |   "HIDScrollCountMax" = 0x7d0
    | | | }
    | | | 
    | | +-o IOHIDUserClient  <class IOHIDUserClient, id 0x1000004af, !registered, !matched, active, busy 0, retain 5>
    | | |   {
    | | |     "IOUserClientCrossEndianCompatible" = Yes
    | | |     "IOUserClientCreator" = "pid 169, WindowServer"
    | | |     "IOUserClientDefaultLocking" = Yes
    | | |   }
    | | |   
    | | +-o IOHIDEventSystemUserClient  <class IOHIDEventSystemUserClient, id 0x1000004b6, !registered, !matched, active, busy 0, retain 5>
    | | |   {
    | | |     "IOUserClientCrossEndianCompatible" = Yes
    | | |     "IOUserClientCreator" = "pid 169, WindowServer"
    | | |     "IOUserClientDefaultLocking" = Yes
    | | |   }
    | | |   
    | | +-o IOHIDParamUserClient  <class IOHIDParamUserClient, id 0x10000050e, !registered, !matched, active, busy 0, retain 5>
    | | |   {
    | | |     "IOUserClientCrossEndianCompatible" = Yes
    | | |     "IOUserClientCreator" = "pid 169, WindowServer"
    | | |     "IOUserClientDefaultLocking" = Yes
    | | |   }
    | | |   
    | | +-o IOHIDParamUserClient  <class IOHIDParamUserClient, id 0x100000522, !registered, !matched, active, busy 0, retain 5>
    | | |   {
    | | |     "IOUserClientCrossEndianCompatible" = Yes
    | | |     "IOUserClientCreator" = "pid 173, loginwindow"
    | | |     "IOUserClientDefaultLocking" = Yes
    | | |   }
    | | |   
    | | +-o IOHIDParamUserClient  <class IOHIDParamUserClient, id 0x10000056a, !registered, !matched, active, busy 0, retain 5>
    | | |   {
    | | |     "IOUserClientCrossEndianCompatible" = Yes
    | | |     "IOUserClientCreator" = "pid 408, Dock"
    | | |     "IOUserClientDefaultLocking" = Yes
    | | |   }
    | | |   
    | | +-o IOHIDParamUserClient  <class IOHIDParamUserClient, id 0x10000056b, !registered, !matched, active, busy 0, retain 5>
    | | |   {
    | | |     "IOUserClientCrossEndianCompatible" = Yes
    | | |     "IOUserClientCreator" = "pid 169, WindowServer"
    | | |     "IOUserClientDefaultLocking" = Yes
    | | |   }
    | | |   
    | | +-o IOHIDParamUserClient  <class IOHIDParamUserClient, id 0x1000027e8, !registered, !matched, active, busy 0, retain 5>
    | |     {
    | |       "IOUserClientCrossEndianCompatible" = Yes
    | |       "IOUserClientCreator" = "pid 46575, screencapture"
    | |       "IOUserClientDefaultLocking" = Yes
    | |     }
    | |     
    | +-o IONetworkStack  <class IONetworkStack, id 0x10000031f, registered, matched, active, busy 0 (0 ms), retain 12>
    | | | {
    | | |   "IOProbeScore" = 0x0
    | | |   "CFBundleIdentifier" = "com.apple.iokit.IONetworkingFamily"
    | | |   "IOMatchCategory" = "IONetworkStack"
    | | |   "IOClass" = "IONetworkStack"
    | | |   "IOPersonalityPublisher" = "com.apple.iokit.IONetworkingFamily"
    | | |   "IOProviderClass" = "IOResources"
    | | |   "CFBundleIdentifierKernel" = "com.apple.iokit.IONetworkingFamily"
    | | |   "IOMatchedAtBoot" = Yes
    | | |   "IOUserClientClass" = "IONetworkStackUserClient"
    | | |   "IOResourceMatch" = "IOBSD"
    | | |   "IONetworkMbufDMADrivers" = ("com.apple.driver.AirPort.BrcmNIC")
    | | | }
    | | | 
    | | +-o IONetworkStackUserClient  <class IONetworkStackUserClient, id 0x1000003cd, !registered, !matched, active, busy 0, retain 5>
    | |     {
    | |       "IOUserClientCreator" = "pid 110, configd"
    | |       "IOUserClientDefaultLocking" = Yes
    | |     }
    | |     
    | +-o IOSurfaceRoot  <class IOSurfaceRoot, id 0x100000320, registered, matched, active, busy 0 (389 ms), retain 290>
    | | | {
    | | |   "IOProbeScore" = 0x0
    | | |   "CFBundleIdentifier" = "com.apple.iokit.IOSurface"
    | | |   "IOMatchCategory" = "IOSurfaceRoot"
    | | |   "IOClass" = "IOSurfaceRoot"
    | | |   "IOPersonalityPublisher" = "com.apple.iokit.IOSurface"
    | | |   "IOProviderClass" = "IOResources"
    | | |   "CFBundleIdentifierKernel" = "com.apple.iokit.IOSurface"
    | | |   "IOMatchedAtBoot" = Yes
    | | |   "IOResourceMatch" = "IOBSD"
    | | | }
    | | | 
    | | +-o IOSurfaceRootUserClient  <class IOSurfaceRootUserClient, id 0x1000004f2, !registered, !matched, active, busy 0, retain 5>
    | | |   {
    | | |     "IOUserClientCreator" = "pid 169, WindowServer"
    | | |   }
    | | |   
    | | +-o IOSurfaceRootUserClient  <class IOSurfaceRootUserClient, id 0x100000578, !registered, !matched, active, busy 0, retain 5>
    | | |   {
    | | |     "IOUserClientCreator" = "pid 408, Dock"
    | | |   }
    | | |   
    | | +-o IOSurfaceRootUserClient  <class IOSurfaceRootUserClient, id 0x10000057f, !registered, !matched, active, busy 0, retain 5>
    | | |   {
    | | |     "IOUserClientCreator" = "pid 447, VTDecoderXPCServ"
    | | |   }
    | | |   
    | | +-o IOSurfaceRootUserClient  <class IOSurfaceRootUserClient, id 0x100000594, !registered, !matched, active, busy 0, retain 5>
    | | |   {
    | | |     "IOUserClientCreator" = "pid 457, avconferenced"
    | | |   }
    | | |   
    | | +-o IOSurfaceRootUserClient  <class IOSurfaceRootUserClient, id 0x1000005a5, !registered, !matched, active, busy 0, retain 5>
    | | |   {
    | | |     "IOUserClientCreator" = "pid 410, ControlCenter"
    | | |   }
    | | |   
    | | +-o IOSurfaceRootUserClient  <class IOSurfaceRootUserClient, id 0x1000005a6, !registered, !matched, active, busy 0, retain 5>
    | | |   {
    | | |     "IOUserClientCreator" = "pid 466, com.apple.dock.e"
    | | |   }
    | | |   
    | | +-o IOSurfaceRootUserClient  <class IOSurfaceRootUserClient, id 0x1000005cd, !registered, !matched, active, busy 0, retain 5>
    | | |   {
    | | |     "gpu-policies" = {"GPUSelectionPolicy"="avoidRemovable"}
    | | |     "IOUserClientCreator" = "pid 173, loginwindow"
    | | |     "gpu-policies-info" = {"GPUSelectionPolicy"="bundle"}
    | | |   }
    | | |   
    | | +-o IOSurfaceRootUserClient  <class IOSurfaceRootUserClient, id 0x100000604, !registered, !matched, active, busy 0, retain 5>
    | | |   {
    | | |     "IOUserClientCreator" = "pid 552, SafeEjectGPUServ"
    | | |   }
    | | |   
    | | +-o IOSurfaceRootUserClient  <class IOSurfaceRootUserClient, id 0x100000632, !registered, !matched, active, busy 0, retain 5>
    | | |   {
    | | |     "IOUserClientCreator" = "pid 472, WiFiAgent"
    | | |   }
    | | |   
    | | +-o IOSurfaceRootUserClient  <class IOSurfaceRootUserClient, id 0x100000655, !registered, !matched, active, busy 0, retain 5>
    | | |   {
    | | |     "IOUserClientCreator" = "pid 441, iconservicesagen"
    | | |   }
    | | |   
    | | +-o IOSurfaceRootUserClient  <class IOSurfaceRootUserClient, id 0x100000659, !registered, !matched, active, busy 0, retain 5>
    | | |   {
    | | |     "IOUserClientCreator" = "pid 412, Finder"
    | | |   }
    | | |   
    | | +-o IOSurfaceRootUserClient  <class IOSurfaceRootUserClient, id 0x10000073e, !registered, !matched, active, busy 0, retain 5>
    | | |   {
    | | |     "IOUserClientCreator" = "pid 483, ScreenTimeWidget"
    | | |   }
    | | |   
    | | +-o IOSurfaceRootUserClient  <class IOSurfaceRootUserClient, id 0x10000081e, !registered, !matched, active, busy 0, retain 5>
    | | |   {
    | | |     "IOUserClientCreator" = "pid 6552, LinkedNotesUISer"
    | | |   }
    | | |   
    | | +-o IOSurfaceRootUserClient  <class IOSurfaceRootUserClient, id 0x100000bae, !registered, !matched, active, busy 0, retain 5>
    | | |   {
    | | |     "IOUserClientCreator" = "pid 462, QuickLookSatelli"
    | | |   }
    | | |   
    | | +-o IOSurfaceRootUserClient  <class IOSurfaceRootUserClient, id 0x100000bb1, !registered, !matched, active, busy 0, retain 5>
    | | |   {
    | | |     "IOUserClientCreator" = "pid 21307, VTDecoderXPCServ"
    | | |   }
    | | |   
    | | +-o IOSurfaceRootUserClient  <class IOSurfaceRootUserClient, id 0x10000105e, !registered, !matched, active, busy 0, retain 5>
    | | |   {
    | | |     "IOUserClientCreator" = "pid 40137, Terminal"
    | | |   }
    | | |   
    | | +-o IOSurfaceRootUserClient  <class IOSurfaceRootUserClient, id 0x1000010a1, !registered, !matched, active, busy 0, retain 5>
    | | |   {
    | | |     "IOUserClientCreator" = "pid 40267, com.apple.appkit"
    | | |   }
    | | |   
    | | +-o IOSurfaceRootUserClient  <class IOSurfaceRootUserClient, id 0x1000017dc, !registered, !matched, active, busy 0, retain 5>
    | | |   {
    | | |     "IOUserClientCreator" = "pid 65889, LookupViewServic"
    | | |   }
    | | |   
    | | +-o IOSurfaceRootUserClient  <class IOSurfaceRootUserClient, id 0x10000274f, !registered, !matched, active, busy 0, retain 5>
    | | |   {
    | | |     "IOUserClientCreator" = "pid 24778, System Informati"
    | | |   }
    | | |   
    | | +-o IOSurfaceRootUserClient  <class IOSurfaceRootUserClient, id 0x1000027e7, !registered, !matched, active, busy 0, retain 5>
    | | |   {
    | | |     "IOUserClientCreator" = "pid 46577, screencaptureui"
    | | |   }
    | | |   
    | | +-o IOSurfaceRootUserClient  <class IOSurfaceRootUserClient, id 0x1000027ed, !registered, !matched, active, busy 0, retain 5>
    | | |   {
    | | |     "IOUserClientCreator" = "pid 46575, screencapture"
    | | |   }
    | | |   
    | | +-o IOSurfaceRootUserClient  <class IOSurfaceRootUserClient, id 0x1000027fd, !registered, !matched, active, busy 0, retain 5>
    | | |   {
    | | |     "IOUserClientCreator" = "pid 46861, VTEncoderXPCServ"
    | | |   }
    | | |   
    | | +-o IOSurfaceRootUserClient  <class IOSurfaceRootUserClient, id 0x1000029aa, !registered, !matched, active, busy 0, retain 5>
    | | |   {
    | | |     "IOUserClientCreator" = "pid 49864, iconservicesagen"
    | | |   }
    | | |   
    | | +-o IOSurfaceRootUserClient  <class IOSurfaceRootUserClient, id 0x100002b1e, !registered, !matched, active, busy 0, retain 5>
    | |     {
    | |       "IOUserClientCreator" = "pid 59458, com.apple.appkit"
    | |     }
    | |     
    | +-o com_apple_filesystems_apfs  <class com_apple_filesystems_apfs, id 0x100000321, !registered, !matched, active, busy 0, retain 4>
    | |   {
    | |     "IOProbeScore" = 0x0
    | |     "CFBundleIdentifier" = "com.apple.filesystems.apfs"
    | |     "IOMatchCategory" = "com_apple_filesystems_apfs"
    | |     "IOClass" = "com_apple_filesystems_apfs"
    | |     "IOPersonalityPublisher" = "com.apple.filesystems.apfs"
    | |     "IOProviderClass" = "IOResources"
    | |     "CFBundleIdentifierKernel" = "com.apple.filesystems.apfs"
    | |     "IOMatchedAtBoot" = Yes
    | |     "IOResourceMatch" = "IOBSD"
    | |   }
    | |   
    | +-o com_apple_filesystems_lifs  <class com_apple_filesystems_lifs, id 0x100000322, registered, matched, active, busy 0 (0 ms), retain 5>
    | |   {
    | |     "IOProbeScore" = 0x0
    | |     "CFBundleIdentifier" = "com.apple.filesystems.lifs"
    | |     "IOMatchCategory" = "com_apple_filesystems_lifs"
    | |     "IOClass" = "com_apple_filesystems_lifs"
    | |     "IOPersonalityPublisher" = "com.apple.filesystems.lifs"
    | |     "IOProviderClass" = "IOResources"
    | |     "CFBundleIdentifierKernel" = "com.apple.filesystems.lifs"
    | |     "IOMatchedAtBoot" = Yes
    | |     "IOUserClientClass" = "AppleLIFSUserClient"
    | |     "IOResourceMatch" = "IOBSD"
    | |   }
    | |   
    | +-o AppleBSDKextStarterTMPFS  <class AppleBSDKextStarter, id 0x100000323, !registered, !matched, active, busy 0, retain 4>
    | |   {
    | |     "IOName" = "AppleBSDKextStarterTMPFS"
    | |     "CFBundleIdentifier" = "com.apple.driver.AppleBSDKextStarter"
    | |     "IOMatchCategory" = "com_apple_driver_AppleBSDKextStarterTMPFS"
    | |     "IOClass" = "AppleBSDKextStarter"
    | |     "AppleBSDKextStarterBundleIdentifiers" = "com.apple.filesystems.tmpfs"
    | |     "IOPersonalityPublisher" = "com.apple.driver.AppleBSDKextStarterTMPFS"
    | |     "IOProviderClass" = "IOResources"
    | |     "CFBundleIdentifierKernel" = "com.apple.driver.AppleBSDKextStarter"
    | |     "IOProbeScore" = 0x0
    | |     "IOMatchedAtBoot" = Yes
    | |     "IOResourceMatch" = "IOBSD"
    | |   }
    | |   
    | +-o AppleSCSISubsystemGlobals  <class AppleSCSISubsystemGlobals, id 0x1000003c9, registered, matched, active, busy 0 (0 ms), retain 6>
    | |   {
    | |     "IOProbeScore" = 0x0
    | |     "CFBundleIdentifier" = "com.apple.iokit.IOSCSIArchitectureModelFamily"
    | |     "IOMatchCategory" = "com.apple.iokit.IOSCSIArchitectureModelFamily"
    | |     "IOClass" = "AppleSCSISubsystemGlobals"
    | |     "IOPersonalityPublisher" = "com.apple.iokit.IOSCSIArchitectureModelFamily"
    | |     "IOProviderClass" = "IOResources"
    | |     "CFBundleIdentifierKernel" = "com.apple.iokit.IOSCSIArchitectureModelFamily"
    | |     "IOMatchedAtBoot" = Yes
    | |     "IOResourceMatch" = "com.apple.iokit.SCSISubsystemGlobals"
    | |   }
    | |   
    | +-o AppleIntelSlowAdaptiveClockingManager  <class AppleIntelSlowAdaptiveClockingManager, id 0x10000041f, registered, matched, active, busy 0 (2 ms), retain 5>
    | |   {
    | |     "IOProbeScore" = 0xfa0
    | |     "CFBundleIdentifier" = "com.apple.driver.AppleIntelSlowAdaptiveClocking"
    | |     "IOMatchCategory" = "AppleIntelSlowAdaptiveClockingManager"
    | |     "IOClass" = "AppleIntelSlowAdaptiveClockingManager"
    | |     "IOPersonalityPublisher" = "com.apple.driver.AppleIntelSlowAdaptiveClocking"
    | |     "IOProviderClass" = "IOResources"
    | |     "CFBundleIdentifierKernel" = "com.apple.driver.AppleIntelSlowAdaptiveClocking"
    | |   }
    | |   
    | +-o AppleGPUWrangler  <class AppleGPUWrangler, id 0x100000420, registered, matched, active, busy 0 (9 ms), retain 10>
    | | | {
    | | |   "IOClass" = "AppleGPUWrangler"
    | | |   "CFBundleIdentifier" = "com.apple.AppleGPUWrangler"
    | | |   "IOProviderClass" = "IOResources"
    | | |   "stats" = <0100000000000000000000000000000000000000000000000000000000000000000000000000000000000000000000000000000000000000000000000000000000000000000000000000000000000000>
    | | |   "IOUserClientClass" = "AppleGPUWranglerClient"
    | | |   "IOProbeScore" = 0x64
    | | |   "IOResourceMatch" = "IOKit"
    | | |   "Config" = {"default"=({"InitFlags"=0x7,"default"=Yes})}
    | | |   "IOMatchCategory" = "AppleGPUWrangler"
    | | |   "diagnose" = <0000000000000000>
    | | |   "IOGeneralInterest" = "IOCommand is not serializable"
    | | |   "NeedsPolicyDriver" = No
    | | |   "PlatformSupportsExternalGPUs" = <00>
    | | |   "IOPersonalityPublisher" = "com.apple.AppleGPUWrangler"
    | | |   "CFBundleIdentifierKernel" = "com.apple.AppleGPUWrangler"
    | | |   "debug-gpus" = ({"id"=0x7e3e,"acc"=0x10000040c,"fbs"=(0x10000040e,0x10000040f,0x100000410),"gpuc"=0x0,"pci"=0x1000001e6,"agdp"=0x1000004a3,"tsa"=0x51ec54357,"tgp"=0x14f9189,"cc"=0x7,"tgd"=0xb26975,"flags"=0xb2000010,"tds"=0x0})
    | | | }
    | | | 
    | | +-o AppleGraphicsDeviceControlPlugin  <class AppleGraphicsDeviceControlPlugin, id 0x100000433, registered, matched, active, busy 0 (1 ms), retain 6>
    | | | | {
    | | | | }
    | | | | 
    | | | +-o AGDCPluginDisplayMetrics  <class AGDCPluginDisplayMetrics, id 0x100000434, !registered, !matched, active, busy 0, retain 5>
    | | |     {
    | | |       "IOProbeScore" = 0x3e8
    | | |       "CFBundleIdentifier" = "com.apple.AGDCPluginDisplayMetrics"
    | | |       "IOMatchCategory" = "AGDCPluginDisplayMetrics"
    | | |       "IOClass" = "AGDCPluginDisplayMetrics"
    | | |       "IOPersonalityPublisher" = "com.apple.AGDCPluginDisplayMetrics"
    | | |       "IOProviderClass" = "AppleGraphicsDeviceControlPlugin"
    | | |       "CFBundleIdentifierKernel" = "com.apple.AGDCPluginDisplayMetrics"
    | | |       "IOResourceMatch" = "IOKit"
    | | |     }
    | | |     
    | | +-o AppleGPUWranglerClient  <class AppleGPUWranglerClient, id 0x1000004d1, !registered, !matched, active, busy 0, retain 5>
    | | |   {
    | | |     "IOUserClientCreator" = "pid 169, WindowServer"
    | | |     "IOUserClientDefaultLocking" = Yes
    | | |   }
    | | |   
    | | +-o AppleGPUWranglerClient  <class AppleGPUWranglerClient, id 0x100000526, !registered, !matched, active, busy 0, retain 5>
    | | |   {
    | | |     "IOUserClientCreator" = "pid 169, WindowServer"
    | | |     "IOUserClientDefaultLocking" = Yes
    | | |   }
    | | |   
    | | +-o AppleGPUWranglerClient  <class AppleGPUWranglerClient, id 0x10000052e, !registered, !matched, active, busy 0, retain 5>
    | | |   {
    | | |     "IOUserClientCreator" = "pid 371, displaypolicyd"
    | | |     "IOUserClientDefaultLocking" = Yes
    | | |   }
    | | |   
    | | +-o AppleGPUWranglerClient  <class AppleGPUWranglerClient, id 0x100000603, !registered, !matched, active, busy 0, retain 5>
    | |     {
    | |       "IOUserClientCreator" = "pid 552, SafeEjectGPUServ"
    | |       "IOUserClientDefaultLocking" = Yes
    | |     }
    | |     
    | +-o AppleDiskImagesController  <class AppleDiskImagesController, id 0x100000422, registered, matched, active, busy 0 (6 ms), retain 5>
    | |   {
    | |     "IOProbeScore" = 0x0
    | |     "CFBundleIdentifier" = "com.apple.driver.AppleDiskImages2"
    | |     "IOMatchCategory" = "AppleDiskImageDevice"
    | |     "IOClass" = "AppleDiskImagesController"
    | |     "IOPersonalityPublisher" = "com.apple.driver.AppleDiskImages2"
    | |     "IOProviderClass" = "IOResources"
    | |     "CFBundleIdentifierKernel" = "com.apple.driver.AppleDiskImages2"
    | |     "IOUserClientClass" = "DIDeviceCreatorUserClient"
    | |     "IOResourceMatch" = "IOKit"
    | |   }
    | |   
    | +-o AppleHV  <class AppleHV, id 0x100000423, registered, matched, active, busy 0 (5 ms), retain 5>
    | |   {
    | |     "IOProbeScore" = 0x0
    | |     "CFBundleIdentifier" = "com.apple.driver.AppleHV"
    | |     "IOMatchCategory" = "AppleHV"
    | |     "IOClass" = "AppleHV"
    | |     "IOPersonalityPublisher" = "com.apple.driver.AppleHV"
    | |     "IOProviderClass" = "IOResources"
    | |     "CFBundleIdentifierKernel" = "com.apple.driver.AppleHV"
    | |     "IOUserClientClass" = "AppleHVClient"
    | |     "IOResourceMatch" = "IOKit"
    | |   }
    | |   
    | +-o AppleIPAppender  <class AppleIPAppender, id 0x100000424, registered, matched, active, busy 0 (5 ms), retain 6>
    | |   {
    | |     "IOProbeScore" = 0x0
    | |     "CFBundleIdentifier" = "com.apple.driver.AppleIPAppender"
    | |     "IOMatchCategory" = "AppleIPAppender"
    | |     "IOClass" = "AppleIPAppender"
    | |     "IOPersonalityPublisher" = "com.apple.driver.AppleIPAppender"
    | |     "IOKitDebug" = 0xffff
    | |     "IOProviderClass" = "IOResources"
    | |     "CFBundleIdentifierKernel" = "com.apple.driver.AppleIPAppender"
    | |     "IOUserClientClass" = "AppleIPAppenderUserClient"
    | |     "IOPowerManagement" = {"CapabilityFlags"=0x2,"MaxPowerState"=0x1,"CurrentPowerState"=0x1}
    | |     "IOResourceMatch" = "IOKit"
    | |   }
    | |   
    | +-o BroadcomBluetooth20703USBTransport  <class BroadcomBluetooth20703USBTransport, id 0x100000425, !registered, !matched, active, busy 0, retain 4>
    | |   {
    | |     "IOProbeScore" = 0x0
    | |     "CFBundleIdentifier" = "com.apple.iokit.BroadcomBluetooth20703USBTransport"
    | |     "IOMatchCategory" = "BroadcomBluetooth20703USBTransport"
    | |     "IOClass" = "BroadcomBluetooth20703USBTransport"
    | |     "IOPersonalityPublisher" = "com.apple.iokit.BroadcomBluetooth20703USBTransport"
    | |     "IOProviderClass" = "IOResources"
    | |     "CFBundleIdentifierKernel" = "com.apple.iokit.BroadcomBluetooth20703USBTransport"
    | |     "IOResourceMatch" = "IOKit"
    | |   }
    | |   
    | +-o BroadcomBluetoothHostControllerUSBTransport  <class BroadcomBluetoothHostControllerUSBTransport, id 0x100000426, !registered, !matched, active, busy 0, retain 4>
    | |   {
    | |     "IOProbeScore" = 0x0
    | |     "CFBundleIdentifier" = "com.apple.iokit.BroadcomBluetoothHostControllerUSBTransport"
    | |     "IOMatchCategory" = "BroadcomBluetoothHostControllerUSBTransport"
    | |     "IOClass" = "BroadcomBluetoothHostControllerUSBTransport"
    | |     "IOPersonalityPublisher" = "com.apple.iokit.BroadcomBluetoothHostControllerUSBTransport"
    | |     "IOProviderClass" = "IOResources"
    | |     "CFBundleIdentifierKernel" = "com.apple.iokit.BroadcomBluetoothHostControllerUSBTransport"
    | |     "IOResourceMatch" = "IOKit"
    | |   }
    | |   
    | +-o CSRBluetoothHostControllerUSBTransport  <class CSRBluetoothHostControllerUSBTransport, id 0x100000427, !registered, !matched, active, busy 0, retain 4>
    | |   {
    | |     "IOProbeScore" = 0x0
    | |     "CFBundleIdentifier" = "com.apple.iokit.CSRBluetoothHostControllerUSBTransport"
    | |     "IOMatchCategory" = "CSRBluetoothHostControllerUSBTransport"
    | |     "IOClass" = "CSRBluetoothHostControllerUSBTransport"
    | |     "IOPersonalityPublisher" = "com.apple.iokit.CSRBluetoothHostControllerUSBTransport"
    | |     "IOProviderClass" = "IOResources"
    | |     "CFBundleIdentifierKernel" = "com.apple.iokit.CSRBluetoothHostControllerUSBTransport"
    | |     "IOResourceMatch" = "IOKit"
    | |   }
    | |   
    | +-o IOAVBNub  <class IOAVBNub, id 0x100000428, registered, matched, active, busy 0 (5 ms), retain 5>
    | |   {
    | |     "IOProbeScore" = 0x0
    | |     "CFBundleIdentifier" = "com.apple.iokit.IOAVBFamily"
    | |     "IOMatchCategory" = "IOAVBNub"
    | |     "IOClass" = "IOAVBNub"
    | |     "IOPersonalityPublisher" = "com.apple.iokit.IOAVBFamily"
    | |     "IOProviderClass" = "IOResources"
    | |     "CFBundleIdentifierKernel" = "com.apple.iokit.IOAVBFamily"
    | |     "IOUserClientClass" = "IOAVBNubUserClient"
    | |     "IOResourceMatch" = "IOTimeSyncClockManager"
    | |   }
    | |   
    | +-o IOBluetoothHostControllerPCIeTransport  <class IOBluetoothHostControllerPCIeTransport, id 0x100000429, !registered, !matched, active, busy 0, retain 4>
    | |   {
    | |     "IOProbeScore" = 0x0
    | |     "CFBundleIdentifier" = "com.apple.driver.IOBluetoothHostControllerPCIeTransport"
    | |     "IOMatchCategory" = "IOBluetoothHostControllerPCIeTransport"
    | |     "IOClass" = "IOBluetoothHostControllerPCIeTransport"
    | |     "IOPersonalityPublisher" = "com.apple.driver.IOBluetoothHostControllerPCIeTransport"
    | |     "IOProviderClass" = "IOResources"
    | |     "CFBundleIdentifierKernel" = "com.apple.driver.IOBluetoothHostControllerPCIeTransport"
    | |     "IOResourceMatch" = "IOKit"
    | |   }
    | |   
    | +-o IOBluetoothHostControllerTransport  <class IOBluetoothHostControllerTransport, id 0x10000042a, !registered, !matched, active, busy 0, retain 4>
    | |   {
    | |     "IOProbeScore" = 0x0
    | |     "CFBundleIdentifier" = "com.apple.iokit.IOBluetoothHostControllerTransport"
    | |     "IOMatchCategory" = "IOBluetoothHostControllerTransport"
    | |     "IOClass" = "IOBluetoothHostControllerTransport"
    | |     "IOPersonalityPublisher" = "com.apple.iokit.IOBluetoothHostControllerTransport"
    | |     "IOProviderClass" = "IOResources"
    | |     "CFBundleIdentifierKernel" = "com.apple.iokit.IOBluetoothHostControllerTransport"
    | |     "IOResourceMatch" = "IOKit"
    | |   }
    | |   
    | +-o IOBluetoothHostControllerUARTTransport  <class IOBluetoothHostControllerUARTTransport, id 0x10000042b, !registered, !matched, active, busy 0, retain 4>
    | |   {
    | |     "IOProbeScore" = 0x0
    | |     "CFBundleIdentifier" = "com.apple.iokit.IOBluetoothHostControllerUARTTransport"
    | |     "IOMatchCategory" = "IOBluetoothHostControllerUARTTransport"
    | |     "IOClass" = "IOBluetoothHostControllerUARTTransport"
    | |     "IOPersonalityPublisher" = "com.apple.iokit.IOBluetoothHostControllerUARTTransport"
    | |     "IOProviderClass" = "IOResources"
    | |     "CFBundleIdentifierKernel" = "com.apple.iokit.IOBluetoothHostControllerUARTTransport"
    | |     "IOResourceMatch" = "IOKit"
    | |   }
    | |   
    | +-o IOBluetoothHostControllerUSBTransport  <class IOBluetoothHostControllerUSBTransport, id 0x10000042c, !registered, !matched, active, busy 0, retain 4>
    | |   {
    | |     "IOProbeScore" = 0x0
    | |     "CFBundleIdentifier" = "com.apple.iokit.IOBluetoothHostControllerUSBTransport"
    | |     "IOMatchCategory" = "IOBluetoothHostControllerUSBTransport"
    | |     "IOClass" = "IOBluetoothHostControllerUSBTransport"
    | |     "IOPersonalityPublisher" = "com.apple.iokit.IOBluetoothHostControllerUSBTransport"
    | |     "IOProviderClass" = "IOResources"
    | |     "CFBundleIdentifierKernel" = "com.apple.iokit.IOBluetoothHostControllerUSBTransport"
    | |     "IOResourceMatch" = "IOKit"
    | |   }
    | |   
    | +-o IOBluetoothPacketLogger  <class IOBluetoothPacketLogger, id 0x10000042d, !registered, !matched, active, busy 0, retain 4>
    | |   {
    | |     "IOProbeScore" = 0x0
    | |     "CFBundleIdentifier" = "com.apple.iokit.IOBluetoothPacketLogger"
    | |     "IOMatchCategory" = "IOBluetoothPacketLogger"
    | |     "IOClass" = "IOBluetoothPacketLogger"
    | |     "IOPersonalityPublisher" = "com.apple.iokit.IOBluetoothPacketLogger"
    | |     "IOProviderClass" = "IOResources"
    | |     "CFBundleIdentifierKernel" = "com.apple.iokit.IOBluetoothPacketLogger"
    | |     "IOResourceMatch" = "IOKit"
    | |   }
    | |   
    | +-o IOBluetoothSerialManager  <class IOBluetoothSerialManager, id 0x10000042e, !registered, !matched, active, busy 0, retain 4>
    | |   {
    | |     "IOProbeScore" = 0x0
    | |     "CFBundleIdentifier" = "com.apple.iokit.IOBluetoothSerialManager"
    | |     "IOMatchCategory" = "IOBluetoothSerialManager"
    | |     "IOClass" = "IOBluetoothSerialManager"
    | |     "IOPersonalityPublisher" = "com.apple.iokit.IOBluetoothSerialManager"
    | |     "IOProviderClass" = "IOResources"
    | |     "CFBundleIdentifierKernel" = "com.apple.iokit.IOBluetoothSerialManager"
    | |     "IOResourceMatch" = "IOKit"
    | |   }
    | |   
    | +-o IODisplayWrangler  <class IODisplayWrangler, id 0x10000042f, registered, matched, active, busy 0 (5 ms), retain 11>
    | | | {
    | | |   "IOClass" = "IODisplayWrangler"
    | | |   "CFBundleIdentifier" = "com.apple.iokit.IOGraphicsFamily"
    | | |   "IOProviderClass" = "IOResources"
    | | |   "IOPowerManagement" = {"CapabilityFlags"=0x8040,"MaxPowerState"=0x4,"ActivityTickles"=0x3c,"DevicePowerState"=0x4,"IdleTimerPeriod"=0x36b000,"TimeSinceLastTickle"=0x5942,"IdleTimerElapsedTime"=0x1e71c4,"CurrentPowerState"=0x4}
    | | |   "IOGraphicsIgnoreParameters" = {"aupc"=Yes,"auph"=Yes," bpc"=Yes,"aums"=Yes,"aupp"=Yes}
    | | |   "IOGraphicsPrefsParameters" = {"thue"=Yes,"pscn"=Yes,"vbst"=Yes,"oscn"=Yes,"tbri"=Yes,"cyuv"=0x10000000,"tsat"=Yes}
    | | |   "IOResourceMatch" = "IOKit"
    | | |   "IOProbeScore" = 0x0
    | | |   "IOMatchCategory" = "IOGraphics"
    | | |   "IOGeneralInterest" = "IOCommand is not serializable"
    | | |   "IOPersonalityPublisher" = "com.apple.iokit.IOGraphicsFamily"
    | | |   "CFBundleIdentifierKernel" = "com.apple.iokit.IOGraphicsFamily"
    | | | }
    | | | 
    | | +-o IOGDiagnosticGTraceClient  <class IOGDiagnosticGTraceClient, id 0x1000004d0, !registered, !matched, active, busy 0, retain 5>
    | | |   {
    | | |     "IOUserClientCreator" = "pid 169, WindowServer"
    | | |     "IOUserClientDefaultLocking" = Yes
    | | |   }
    | | |   
    | | +-o IOAccelerationUserClient  <class IOAccelerationUserClient, id 0x10000050f, !registered, !matched, active, busy 0, retain 5>
    | |     {
    | |       "IOUserClientCreator" = "pid 169, WindowServer"
    | |       "IOUserClientDefaultLocking" = Yes
    | |     }
    | |     
    | +-o AppleUSBUserHCIResources  <class AppleUSBUserHCIResources, id 0x100000430, registered, matched, active, busy 0 (5 ms), retain 5>
    | |   {
    | |     "IOProbeScore" = 0x0
    | |     "CFBundleIdentifier" = "com.apple.driver.usb.AppleUSBUserHCI"
    | |     "IOMatchCategory" = "AppleUSBUserHCIResources"
    | |     "IOClass" = "AppleUSBUserHCIResources"
    | |     "IOPersonalityPublisher" = "com.apple.driver.usb.AppleUSBUserHCI"
    | |     "IOProviderClass" = "IOResources"
    | |     "CFBundleIdentifierKernel" = "com.apple.driver.usb.AppleUSBUserHCI"
    | |     "IOResourceMatch" = "IORTC"
    | |   }
    | |   
    | +-o IOUserEthernetResource  <class IOUserEthernetResource, id 0x100000431, registered, matched, active, busy 0 (5 ms), retain 5>
    | |   {
    | |     "IOProbeScore" = 0x0
    | |     "CFBundleIdentifier" = "com.apple.iokit.IOUserEthernet"
    | |     "IOMatchCategory" = "IOUserEthernetResource"
    | |     "IOClass" = "IOUserEthernetResource"
    | |     "IOPersonalityPublisher" = "com.apple.iokit.IOUserEthernet"
    | |     "IOProviderClass" = "IOResources"
    | |     "CFBundleIdentifierKernel" = "com.apple.iokit.IOUserEthernet"
    | |     "IOUserClientClass" = "IOUserEthernetResourceUserClient"
    | |     "IOResourceMatch" = "IOKit"
    | |   }
    | |   
    | +-o com_apple_driver_pmtelemetry  <class com_apple_driver_pmtelemetry, id 0x100000432, registered, matched, active, busy 0 (0 ms), retain 5>
    |     {
    |       "IOProbeScore" = 0x0
    |       "CFBundleIdentifier" = "com.apple.driver.pmtelemetry"
    |       "IOMatchCategory" = "com_apple_driver_pmtelemetry"
    |       "IOClass" = "com_apple_driver_pmtelemetry"
    |       "IOPersonalityPublisher" = "com.apple.driver.pmtelemetry"
    |       "IOProviderClass" = "IOResources"
    |       "CFBundleIdentifierKernel" = "com.apple.driver.pmtelemetry"
    |       "IOReportLegendPublic" = Yes
    |       "IOResourceMatch" = "IOBSD"
    |       "IOReportLegend" = ({"IOReportChannels"=((0x4c54525f53504100,0x100020001,"SPA Raw"),(0x4c54525f53504101,0x100020001,"SPA Snoop"),(0x4c54525f53504102,0x100020001,"SPA No Snoop"),(0x4c54525f53504103,0x100020001,"SPA Ign"),(0x4c54525f53504200,0x100020001,"SPB Raw"),(0x4c54525f53504201,0x100020001,"SPB Snoop"),(0x4c54525f53504202,0x100020001,"SPB No Snoop"),(0x4c54525f53504203,0x100020001,"SPB Ign"),(0x4c54525f53415441,0x100020001,"SATA Raw"),(0x4c54525f53415442,0x100020001,"SATA Snoop"),(0x4c54525f53415443,0x100020001,"SATA No Snoop")$
    |     }
    |     
    +-o IOUserResources  <class IOUserResources, id 0x100000116, registered, matched, active, busy 0 (0 ms), retain 6>
    |   {
    |     "IOKit" = "IOService"
    |     "IOResourceMatched" = ("IOKit")
    |   }
    |   
    +-o IOUserServer(com.apple.driverkit.AppleUserHIDDrivers-0x100000443)  <class IOUserServer, id 0x10000044e, registered, matched, active, busy 0 (0 ms), retain 17>
        {
          "IOUserClientDefaultLocking" = Yes
          "IOPowerManagement" = {"CapabilityFlags"=0x0,"MaxPowerState"=0x2,"CurrentPowerState"=0x0}
          "IOUserClientCreator" = "pid 333, com.apple.AppleU"
          "IOUserServerName" = "com.apple.driverkit.AppleUserHIDDrivers"
          "IOUserServerTag" = 0x100000443
          "IOAssociatedServices" = (0x100000443,0x100000449,0x100000455,0x100000458)
        }
        
