a60 @0.23a (lang, algol)
Algol 60 interpreter NASE A60

abella @2.0.8.3 (math, ocaml)
Interactive theorem prover

accountsservice @0.6.42_2 (gnome, security)
AccountsService provides a set of D-Bus interfaces for querying and manipulating user account information.

actionlint @1.7.10 (devel)
Static checker for GitHub Actions workflow files

add @20250914 (math)
Fixed-point, full screen calculator.

aeson-pretty @0.8.10_1 (devel, haskell)
JSON pretty-printing library and command-line tool.

AfterStep @2.2.11_2 (x11)
Window Manager based on NeXTStep interface.

aida @3.2.1 (science)
AIDA -- Abstract Interfaces for Data Analysis

aide @0.18.6 (security)
Advanced Intrusion Detection Environment

alpine @2.26 (mail)
alpine - a Program for Internet News and Email

altermime @0.3.11 (mail)
integrated email manipulation utility

amavisd-new @2.11.1_1 (mail)
amavisd-new is a high-performance interface between mailer (MTA) and content checkers: virus scanners, and/or SpamAssassin.

amttools @1.6_2 (sysutils)
Intel AMT® Serial-over-LAN client and tools

android-platform-tools-i386 @23.0.1 (java, devel)
Platform-Tools for Google Android SDK (adb and fastboot): legacy version for 32-bit Intel CPUs

android-platform-tools-no_sse4 @31.0.3 (java, devel)
Platform-Tools for Google Android SDK (adb and fastboot): legacy version for non-SSE4 64-bit Intel CPUs

ansible-lint @26.1.1_1 (sysutils)
Best practices checker for Ansible playbooks

antic @2022.11.30_1 (math)
Obsolete port, replaced by flint

AntTweakBar @1.14_2 (graphics)
Graphics Library for graphical user interface

ap-utils @1.3.3 (net)
Utilities for AMTEL, NWN, ME102 wireless access points

aqbanking5 @5.8.2_1 (devel, net, finance)
a generic online banking interface

aqbanking5-gtk @5.8.2_1 (devel, net, finance)
a generic online banking interface

aqbanking5-gtk3 @5.8.2_1 (devel, net, finance)
a generic online banking interface

aqbanking6 @6.8.4 (devel, net, finance)
a generic online banking interface

aqbanking6-gtk2 @6.8.4 (devel, net, finance)
a generic online banking interface

aqbanking6-gtk3 @6.8.4 (devel, net, finance)
a generic online banking interface

argh @0.2.3 (lang)
an interpreter for the GOTO languages Argh! and Aargh!

arm-none-linux-gnueabi-runtime @cs2005q3.2 (cross, devel)
headers and precompiled libraries arm-none-linux-gnueabi (Nokia Internet Tablet), obtained from scratchbox.

arp-scan @1.10.0 (net)
ARP scanning and fingerprinting tool

arpeggio @1.4.4_2 (science, python)
Calculation of interatomic interactions in molecular structures

arpeggio-devel @20241024-258855b8_1 (science, python)
Calculation of interatomic interactions in molecular structures

as-tree @0.12.0 (sysutils)
Print a list of paths as a tree of paths

aspell-dict-ia @0.50-1 (textproc)
Interlingua dictionary for aspell

asprint @0.5.0_1 (sysutils)
prints out the contents of a compiled AppleScript file

ast-grep @0.40.5 (devel, textproc)
A CLI tool for code structural search, lint and rewriting.

autogen @5.18.16_7 (devel)
tool to simplify the creation and maintenance of programs

autopano-sift-c @2.5.1_1 (graphics)
Detects control points in photos using SIFT algorithm

azmq @1.0.3 (devel)
C++ language binding library integrating ZeroMQ with Boost Asio

bahamut @2.2.4 (irc)
Bahamut is an Internet Relay Chat Daemon (IRCd) designed for DALnet.

balena-cli @12.55.2 (devel)
The official balena Command Line Interface.

barcode @0.99_2 (textproc, print)
convert text strings to printed barcodes

bash @5.3.9 (shells)
Bash (bourne-again shell) is a UNIX command interpreter

bash-devel @20241126 (shells)
Bash (bourne-again shell) is a UNIX command interpreter

bashforth @0.63a (lang)
a Forth interpreter written in Bash

basiliskii-gui @20220412 (emulators)
Graphical user interface to configure basiliskii.

bat @0.26.1 (textproc)
A cat(1) clone with syntax highlighting and Git integration.

bat-extras @2024.08.24 (textproc)
Bash scripts that integrate bat with various command line tools.

bd @1.03 (sysutils)
a tool to cd into parent directories, instead of ../../.., etc

beanshell @2.1.1 (java)
BeanShell Scripting Language, JSR-274, Java source interpreter

beets-check @0.15.0 (audio)
beets plugin verifying file integrity with checksums

beets-moveall @20210908 (audio)
A beet plugin that move all files into beets library

bibclean @2.17 (tex)
BibTeX bibliography prettyprinter and syntax checker

bitcoin @28.1 (finance, crypto)
server daemon and client user interface for a peer-to-peer digital currency

blassic @0.10.0_2 (lang)
Blassic is a classic Basic interpreter

blinkensim @2.7_1 (graphics, blinkenlights)
Blinkenlights simulator and blinkenproxy interface

blueprint-compiler @0.14.0 (gnome, devel)
Markup language for GTK user interfaces

bmon @4.0_3 (net)
An interface bandwidth monitor

bovo @4.14.3_3 (kde, kde4, games)
Bovo is a Gomoku (from Japanese, lit. five points).

brlaser @6 (print)
Driver for Brother laser printers

brs @4.03_1 (textproc)
An interactive King James Bible

buildbot @3.10.1 (devel)
buildmaster for Buildbot continuous integration system

buildbot-0.8 @0.8.14_1 (devel, python)
buildmaster for Buildbot continuous integration system

buildbot-slave-0.8 @0.8.14 (devel, python)
build slave for Buildbot continuous integration system

buildbot-worker @3.10.1 (devel)
build worker for Buildbot continuous integration system

butane @0.25.1 (sysutils)
Butane translates Butane Configs into Ignition Configs.

bzflag @2.4.26_2 (games)
3D tank game, multiplayer and internet gaming available

cableswig @4.0 (devel)
Create wrappers to interpreted languages

camlimages @5.0.1_6 (ocaml, devel, graphics)
Objective Caml interface to image manipulation functions.

camlp5 @8.03.01 (lang, ocaml)
Camlp5 is a preprocessor-pretty-printer of OCaml.

capnproto @1.2.0 (devel)
Cap’n Proto is an insanely fast data interchange format and capability-based RPC system. Think JSON, except binary. Or think Protocol Buffers, except faster.

carapace @1.5.7 (sysutils)
Command-line interface completion framework

carlson-elliptic-integrals @1.0.0 (fortran, math)
Carlson symmetric forms of elliptic integrals

ccfits @2.7 (science)
C++ interface for cfitsio

certgraph @20220513 (net, security)
An open source intelligence tool to crawl the graph of certificate Alternate Names

cgdb @0.8.0 (devel)
A curses-based interface to the GNU Debugger (GDB).

cheat @4.4.2 (devel)
create and view interactive cheatsheets on the command-line

checkmake @0.2.2 (devel)
experimental tool for linting and checking Makefiles

chef @19930426 (textproc, amusements)
trunsletes inpoot text intu sveedeesh

chromaprint @1.5.1 (audio)
Chromaprint is an audio fingerprint library

cl-acclimation @20231023 (lisp, devel)
Library supporting internationalization

cl-ansi-text @2.0.1 (lisp, devel)
Enables ANSI colors for printing.

cl-cffi @0.24.1.20240811 (lisp, devel)
The Common Foreign Function Interface

cl-clsql @6.7.0_1 (lisp, devel)
A multi-platform SQL interface for Common Lisp

cl-dbi @20230917 (lisp, devel)
Database independent interface for Common Lisp

cl-dissect @20240325 (lisp, devel)
A lib for introspecting the call stack and active restarts.

cl-enchant @2021.11 (lisp, devel)
Programming interface for Enchant spell-checker library for Common Lisp.

cl-gobject-introspection @20240519 (lisp, devel)
Common Lisp bindings to gobject-introspection

cl-hu.dwim.stefil @20211211 (lisp, devel)
Common Lisp testing framework blending into normal Slime development.

cl-idna @0.2.2 (lisp, devel)
IDNA (international domain names) string encoding and decoding routines

cl-interpol @0.2.7 (lisp, devel)
Common Lisp surface syntax niceties

cl-introspect-environment @20220110 (lisp, devel)
CL environment introspection portability layer

cl-ndebug @0.2.0 (lisp, devel)
A toolkit to construct interface-aware yet standard-compliant debugger hooks.

cl-nfiles @1.1.4 (lisp, devel)
A toolkit to construct interface-aware yet standard-compliant debugger hooks.

cl-osicat @20231003 (lisp, devel)
Osicat is a lightweight operating system interface for Common Lisp

cl-parse-float @20200109 (lisp, devel)
Parse a floating point value from a string in Common Lisp.

cl-plus-ssl @20230731_1 (lisp, devel)
A Common Lisp interface to OpenSSL / LibreSSL

cl-postgres @1.33.10 (lisp, devel)
A Common Lisp PostgreSQL programming interface

cl-postmodern @1.33.10 (lisp, devel)
A Common Lisp PostgreSQL programming interface

cl-pythonic-string-reader @20180618 (lisp, devel)
A simple and unintrusive read table modification inspired by Python's three quote strings.

cl-rove @20240620 (lisp, devel)
Yet another testing framework intended to be a successor of Prove

cl-trivial-indent @20230703 (lisp, devel)
A very simple library to allow indentation hints for SWANK.

cl-trivial-rfc-1123 @20220402 (lisp, devel)
parse and print RFC-1123 timestamps

cl-trivial-shell @20230111 (lisp, devel)
A simple Common-Lisp interface to the underlying Operating System

cl-trivial-sockets @0.4 (lisp, devel)
A trivial networking library for undemanding Internet applications

cl-try @20230828 (lisp, devel)
Try is an extensible test framework with equal support for interactive and non-interactive workflows.

clex @4.7 (sysutils)
file manager with curses interface

clifm @1.26.3 (sysutils)
Command Line Interface File Manager

clingcon @5.2.1 (math)
Extension of clingo to handle constraints over integers

closure-linter @2.3.13 (devel, python)
Closure Linter

cloudman @0.1.7_1 (sysutils, net)
Textual user interface to manage ec2 instances.

cloudmonkey @6.5.0 (sysutils)
CloudMonkey is a command line interface for Apache Cloudstack.

clpbar @1.11.1 (sysutils)
tool to copy a stream of data and print a progress bar

clutter-gst @2.0.18_1 (graphics)
Clutter GStreamer integration library.

clutter-gst3 @3.0.27_1 (graphics)
Clutter GStreamer integration library.

clutter-gtk @1.8.4_1 (graphics)
Clutter GTK integration library.

cmconvert @v1.9.6_1 (textproc)
Converts GPX files with GPS coordinates into into CacheMate PDB files

cmdseq @0.2 (sysutils)
cmdseq allows users to execute interleaved sequences of commands.

cocoa-tlassemble @1.0 (sysutils)
tlassemble is a simple Mac OS X command line utility that combines a sequence of images into a movie.

CocoaRestClient @1.4.7 (www)
A free, native macOS app for testing HTTP/REST endpoints

coinor-osi @0.108.9 (math)
A uniform API for calling embedded linear and mixed-integer programming solvers.

cointop @1.6.10 (finance)
A fast and lightweight interactive terminal based UI application for tracking cryptocurrencies in realtime.

committed @1.1.10 (devel)
A linter for git commit messages

convertlit @1.8_3 (textproc)
converts Microsoft Reader eBooks into open format

corelocationcli @4.0.6 (sysutils)
Command line program to print location information from CoreLocation

cpi @2.1.0 (lang, devel)
Cpi is a tiny interpreter for C++11, C++14 or C++17.

cpio @2.15 (archivers)
copies files into or out of a cpio or tar archives

cppman @0.5.9 (lang, devel)
C++ 98/11/14/17/20 manual page fetcher / interface.

crafty @25.2_1 (games)
Crafty is a chess program, that can be interfaced with xboard.

cryptcat @1.2.1_1 (net, security)
lightweight netcat with integrated transport encryption

ctop @0.7.6_1 (sysutils, devel)
Top-like interface for container metrics

cue @0.15.4 (devel, lang)
Open-source data constraint language which aims to simplify tasks involving defining and using data.

cupl @1.10 (lang)
CUPL/CORC interpreter

cups-pdf @2.6.1 (print, textproc)
Provides a print-to-PDF feature through CUPS

cups-ppdc @2.4.2 (print, textproc)
Compiler for PostScript Printer Description (PPD) files

curves @20220312 (math, graphics)
Curves provide mapping a point from 1D to 2D hilbert space.

cvsdiff2patch @1.0.1_1 (devel)
Turn cvs diff output into patch input.

cvsgrab @2.3 (devel, www)
CVSGrab reads a repository via its web interface (ViewCVS or CvsWeb)

cvsweb @3.0.6_7 (devel, www)
WWW interface for CVS repositories

daemon @0.8.4 (sysutils)
Daemon turns other process into daemons

daktilo @0.6.0 (games)
Turn your keyboard into a typewriter!

darcs @2.18.5 (devel, haskell)
A distributed, interactive, smart revision control system

dblab @0.24.0 (databases)
Interactive client for PostgreSQL and MySQL

dconf-editor @3.26.2 (gnome)
The dconf-editor program provides a graphical interface for editing settings that are stored in the dconf database.

deletemail @0.5_4 (mail)
non-interactive tool for removing mail from IMAP4 mailboxes

devtodo @0.1.20_2 (devel)
Command line application for maintaining lists of tasks.

dialog @1.3-20260107 (devel)
a utility to create nice user interfaces for command-line scripts

digital_rf @2.6.1_17 (science)
Read, write, and interact with data in the Digital RF and Digital Metadata formats.

dirac @1.0.2_4 (multimedia)
Dirac is a general-purpose video codec aimed at resolutions from QCIF (176x144) to HDTV (1920x1080) progressive or interlaced.

docbook2X @0.8.8_11 (textproc)
Converts DocBook documents into the traditional Unix man page format and the GNU Texinfo format.

doctl @1.149.0 (www, devel)
A command line interface for the DigitalOcean API

dosbox-x @2025.10.07 (emulators)
maintained and updated fork of dosbox DOS emulator

dotnet-cli @10.0.2 (dotnet)
The .NET command-line interface (CLI) is a cross-platform toolchain for developing, building, running, and publishing .NET applications.

dpkg @1.21.2 (sysutils, archivers)
Debian package maintenance system

dprint @0.50.1 (devel)
Pluggable and configurable code formatting platform written in Rust

drgeo1 @1.1.0 (math)
Dr Geo is an interactive geometry software.

DSDP @5.8_6 (math, science)
DSDP is a open source implementation of an interior-point method for semidefinite programming

dualist @0.3 (java, math, textproc)
An interactive machine learning system for building classifiers quickly.

duktape @2.7.0 (devel)
Duktape is an embeddable Javascript engine, with a focus on portability and compact footprint.

dumpasn1 @20210212 (textproc, security)
an ASN.1 decoder and pretty-printer

dust @1.2.4 (sysutils)
A more intuitive version of du in rust

dyncall @1.4 (devel)
Foreign Function Interface and Dynamic Binding Linkage Framework

e_dbus @1.7.10 (devel)
convenience wrappers around dbus to ease integrating dbus with EFL-based applications

eblook @1.6.1-media-20220426 (textproc, japanese)
Interactive EB interface command for searching words in CD-ROM books.

eboard @1.1.3 (games)
eboard is a chess interface just like xboard.

editorconfig-core-c @0.12.10 (devel)
EditorConfig makes it easy to maintain the correct coding style

efreet @1.7.10 (x11)
an implementation of several specifications from freedesktop.org intended for use in Enlightenment DR17

eggdrop @1.10.1 (irc)
Eggdrop is the world's most popular Internet Relay Chat (IRC) bot.

eibd @0.0.5_1 (net)
eibd provides an interface to the EIB / KNX bus

elvish @0.21.0 (shells)
Elvish = Expressive Programming Language + Versatile Interactive Shell

et @6.2.11 (net)
a remote shell that automatically reconnects without interrupting the session

ettercap @0.8.3.1_1 (net, security)
multipurpose sniffer/interceptor/logger for switched LAN

execline @2.9.8.0 (lang)
non-interactive scripting language

exercism @3.5.8 (devel)
Command-line tool to interact with exercism.org

exodriver @2.5.1_1 (science)
The Exodriver is a thin interface (think exoskeleton) to LabJack devices

expenses @0.2.2 (finance)
Simple, Interactive, command line Expense logger

expresso @1.3.0 (sysutils, net)
expresso is a command line interface to control the ExpressVPN app

eyeclock @2.0_2 (x11)
A clock with eyes following the mouse pointer

eza @0.23.4 (sysutils)
A modern, maintained replacement for ls

fast_double_parser @0.8.0 (devel)
Fast function to parse strings into double (binary64) floating-point values

FDclone @3.01a_1 (sysutils, shells)
File & Directory Maintenance Tool

ffe @0.3.9a_1 (textproc)
Flat file extractor can be used for parsing different flat file structures and printing them in different formats

ffp @0.0.8_5 (net, security)
generates fuzzy fingerprints to facilitate MiM attacks

fgsl @1.6.0 (math, science)
Fortran interface to the GNU scientific library

figlet @2.2.5 (textproc, amusements)
banner-like program prints strings as ASCII art

finterp @1.3.0 (fortran, math)
Multidimensional linear interpolation with modern Fortran

firemime @0.9.4 (textproc)
callback-based interface for parsing MIME-encoded messages

fish @4.3.2 (shells)
The friendly interactive shell: a command line shell for the 90s

fizmo @0.8.5_1 (games)
Z-Machine interpreter for Infocom games.

flint @3.1.3-p1 (math, devel)
Fast Library for Number Theory

FlowUI @0.2.1 (devel)
A flow-based data presentation interface

fnc @0.18 (devel)
An interactive text-based user interface for Fossil

fondu @060102_1 (print)
A set of programs to interconvert between Mac font formats and pfb, ttf, otf and bdf files on UNIX.

fop @1.1_1 (textproc, java)
Apache FOP Java XSL-FO Print Formatter

fop2 @2.11 (textproc, java)
Apache FOP Java XSL-FO Print Formatter

forgex-cli @3.5 (fortran, textproc)
Fortran Regular Expression Command Line Interface

fortran-bspline @7.4.0 (fortran, math)
Multidimensional B-Spline interpolation of data on a regular grid

fortran-curl @0.3.0 (fortran, devel, net)
Fortran 2018 ISO_C_BINDING interfaces to Perl-compatible Regular Expressions 2

fortran-git @2023.04.27_2 (fortran, devel)
Fortran 2008 interface bindings to libgit2

fortran-lua53 @0.2.0 (fortran, devel)
Fortran 2008 interface bindings to Lua 5.3

fortran-pcre2 @0.1.1 (fortran, devel)
Fortran 2018 ISO_C_BINDING interfaces to Perl-compatible Regular Expressions 2

fortran-sqlite3 @0.2.0 (fortran, databases)
Fortran 2018 interface bindings to SQLite 3

fortran-xlib @2023.05.27 (fortran, graphics)
Fortran 2003 interface bindings to Xlib

fortran-zlib @0.2.0 (fortran, archivers)
Collection of Fortran 2018 ISO_C_BINDING interfaces to selected zlib functions

fortrancl @0.1alpha4_2 (devel, parallel, science)
OpenCL Fortran 90 interface

fplll @5.5.0 (math)
Lattice algorithms using floating-point arithmetic

fragroute @1.2_5 (net, security)
intercept, modify, and rewrite egress traffic

freedv-gui @1.8.12 (science, comms)
GUI Application for FreeDV - an open source digital voice protocol that integrates the modems, codecs, and FEC

freesci @0.6.4_5 (emulators)
Interpreter for SCI (old Sierra Online) games

frotz @2.55 (games)
interpreter for Infocom Z-Code games

frotz-sdl @2.55 (games)
interpreter for Infocom Z-Code games (SDL GUI)

FScript @2.1_2 (aqua, lang)
Open-source interactive Cocoa scripting environment

fscript-cli @2.2 (lang, sysutils)
Command-line interface to the F-Script interpreter

FTXUI @5.0.0 (devel, sysutils)
C++ Functional Terminal User Interface

funky @3.5.5_1 (sysutils, python)
Funky takes shell functions to the next level by making them easier to define, more flexible, and more interactive.

fxscintilla @1.78.0 (x11)
FOX wrapper for the Scintilla source code library

gauche @0.9.4_2 (lang)
A script interpreter based on Scheme

gauche-c-wrapper @0.6.1_2 (lang)
c-wrapper is a FFI (Foreign Function Interface) for Gauche.

gc-utils @0.2.3_1 (devel)
scripts for interacting with CVS repositories using git

gcalcli @4.3.0_1 (office, python)
Google Calendar Command Line Interface

gcli @2.9.1 (devel)
CLI utility to interact with various Git forges

gdrive @2.1.1 (net)
A command line utility for interacting with Google Drive

gdsreader @0.3 (graphics, cad)
Calma (GDSii) reader/parser/print tool

gdu @5.32.0 (sysutils)
Disk usage analyzer with console interface written in Go

gecode @4.4.0_4 (devel, math)
Generic Constraint Development Environment

gelide @0.1.5_1 (emulators)
configurable user interface for managing emulated systems

geomview @1.9.5 (science, graphics, x11)
interactive 3D viewing program

gettext @0.22.5 (devel)
GNU internationalization (i18n) and localization (l10n) tools

gettext-runtime @0.22.5 (devel)
GNU internationalization (i18n) and localization (l10n) runtime library

gettext-tools-libs @0.22.5 (devel)
GNU internationalization (i18n) and localization (l10n) tools libraries

ggc @7.0.5 (devel)
A modern Git CLI tool with both traditional command-line and interactive incremental-search UI.

ghostscript @10.06.0 (print)
GPL Ghostscript, An interpreter for PostScript and PDF

gimp-print @4.2.7 (print)
Print Plugin & Ghostscript (and CUPS) Driver

git-annex @10.20250828 (devel, haskell)
git-annex allows managing files with git, without checking the file contents into git

git-cinnabar @0.7.3 (devel, python)
Git remote helper to interact with mercurial repositories.

git-fuzzy @20210729 (devel)
interactive `git` with the help of `fzf`

git-interactive-rebase-tool @2.4.1 (devel)
Native cross platform full feature terminal based sequence editor for git interactive rebase.

git-recall @1.2.4 (devel)
An interactive way to peruse your git history in the terminal

git-town @22.5.0 (devel)
High-level command-line interface for Git

git-tui @1.2.0_1 (devel, sysutils)
Terminal interfaces for git

git-when-merged @1.2.1_1 (devel)
Determine when a particular commit was merged into a git branch

gitea-tea @0.9.2 (devel)
A command line tool to interact with Gitea servers

gitlint @0.19.1 (devel, python)
Linting for your git commit messages

gl2ps @1.4.2 (graphics, print)
an OpenGL to PostScript printing library

glade @3.40.0_2 (devel, gnome)
Glade is a RAD tool to enable quick & easy development of user interfaces for the GTK+ 3.* toolkit and the GNOME desktop environment.

glade3 @3.8.6_2 (devel, gnome)
Glade is a RAD tool to enable quick & easy development of user interfaces for the GTK+ 2.* toolkit and the GNOME desktop environment.

glibmm @2.78.0 (devel, x11)
C++ interface to glib

glibmm-2.4 @2.62.0 (devel, x11)
C++ interface to glib

glibmm-devel @2.78.0 (devel, x11)
C++ interface to glib

glom @1.32.0_15 (gnome, databases)
Glom is an easy-to-use database designer and user interface.

glui @2.37_1 (x11)
A GLUT-based C++ user interface library.

gmic @3.6.6 (science, graphics)
G'MIC is an interpreter of image processing macros (Stand-alone binary).

gmic-clib @3.6.6 (science, graphics)
G'MIC is an interpreter of image processing macros (C library).

gmic-gimp @3.6.6 (science, graphics)
G'MIC is an interpreter of image processing macros (GIMP plug-in).

gmic-lib @3.6.6 (science, graphics)
G'MIC is an interpreter of image processing macros (C++ library).

gmic-qt @3.6.6 (science, graphics)
G'MIC is an interpreter of image processing macros (GUI application)

gmime @2.6.23_4 (mail)
GMime is a C/C++ library for parsing and creating messages using the Multipurpose Internet Mail Extension (MIME). This is GMime-2.6 which installs in parallel with GMime-3.0 (port gmime3).

gmime3 @3.2.7_3 (mail)
GMime is a C/C++ library for parsing and creating messages using the Multipurpose Internet Mail Extension (MIME). This is GMime-3.0 which installs in parallel with GMime-2.6 (port gmime).

gmp-ecm @6.3 (math)
Factor integers using the Elliptic Curve Method

gnome-control-center @3.26.2_4 (gnome)
GNOME's main interface for configuration of the various aspects of your desktop.

gnome-internet-radio-locator @12.7.0 (gnome)
GNOME Internet Radio Locator

gnome-photo-print @0.7.0 (gnome)
Gnome Photo Printer is intended for printing photos in an easy way.

gnomint @1.2.1_5 (security)
Single-user PKI with graphical (GTK) and CLI interface

gnu-apl @1.9 (lang)
GNU APL is a free interpreter for the programming language APL.

gnuplot @6.0.4 (math, science)
A command-driven interactive function plotting program

gnustep-gui @0.17.0_8 (gnustep)
A library of graphical user interface Objective C classes

go-critic @0.14.2 (devel)
The most opinionated Go source code linter for code audit.

go-md2man @2.0.7 (textproc)
Converts markdown into roff (man pages).

goawk @1.31.0 (lang)
POSIX-compliant AWK interpreter written in Go, with CSV and TSV support

gobject-introspection @1.78.1_5 (gnome)
GObject Introspection

gobject-introspection-devel @1.78.1_3 (gnome)
GObject Introspection

golangci-lint @2.7.2 (devel)
Fast linters runner for Go.

google-cloud-sdk @555.0.0 (devel, python)
Command-line interface for Google Cloud Platform products and services

gopass-hibp @1.16.1 (security)
Gopass haveibeenpwnd.com integration

gpg-tui @0.11.0_1 (security)
gpg-tui is a Terminal User Interface for GnuPG.

gphoto2 @2.5.32 (graphics)
command line interface to libgphoto2.

gplcver @2.12a_1 (science)
GPL Cver is an open-source, interpreted Verilog simulator by Pragmatic C Software

gpsbabel @1.7.0_1 (textproc, comms)
GPSBabel converts/uploads GPS waypoints, tracks, and routes

gpsbabel-app @1.7.0_1 (textproc, comms)
GPSBabel converts/uploads GPS waypoints, tracks, and routes

gpython @0.2.0 (lang)
gpython is a python interpreter written in go, "batteries not included"

gr-hermeslite2 @20211214-3cabd011 (science, comms)
GNU Radio interface module for Hermes Lite 2

gr37-pyqt @20160712_1 (science, comms)
Provides augmented functionality for GNU Radio: pyqt based plotters intended for plotting bursted events.

grads @2.2.1_22 (science)
interactive visualization tool for earth science data

grafx2 @2.7_1 (graphics)
The ultimate 256-color painting program

grep @3.12 (sysutils)
grep prints lines that contain a match for a pattern

grpcurl @1.9.3 (devel, net)
Like cURL, but for gRPC: Command-line tool for interacting with gRPC servers.

gsmartcontrol @1.1.4_1 (sysutils, gnome)
GSmartControl is a graphical user interface for smartctl

gtk-internet-radio-locator @5.4.8 (gnome)
GTK Internet Radio Locator

gtk-osx-application @3.0.2_1 (devel)
Mac OS X menu bar integration library for GTK2 quartz

gtk-osx-application-common-gtk2 @3.0.2_1 (devel)
Mac OS X menu bar integration library for GTK2 quartz

gtk-osx-application-common-gtk3 @3.0.2_1 (devel)
Mac OS X menu bar integration library for GTK2 quartz

gtk-osx-application-gtk2 @3.0.2_1 (devel)
Mac OS X menu bar integration library for GTK2 quartz

gtk-osx-application-gtk3 @3.0.2_1 (devel)
Mac OS X menu bar integration library for GTK2 quartz

gtk-radio @549.0 (gnome)
GTK Internet Radio Locator

gtkmm @2.24.5_2 (x11, devel)
C++ interface to GTK+ version 2.

gtkmm3 @3.24.9_1 (x11, devel)
C++ interface to GTK+ version 3.

gtkmm4 @4.14.0 (gnome, devel)
C++ interface to GTK+ version 4

gtkpod @2.1.5_5 (multimedia, gnome)
gtkpod is a platform independent Graphical User Interface for Apple's iPod using GTK3.

guile-1.8 @1.8.8_8 (lang)
GNU's Ubiquitous Intelligent Language for Extension (guile)

guile-2.2 @2.2.7_4 (lang)
GNU's Ubiquitous Intelligent Language for Extension (guile)

guile-3.0 @3.0.10_1 (lang)
GNU's Ubiquitous Intelligent Language for Extension (guile)

gupnp @1.6.6 (net, gnome)
GUPnP is an elegant, object-oriented open source framework for creating UPnP devices and control points.

gupnp-tools @0.12.1 (net, gnome)
GUPnP Tools are free replacements of Intel UPnP tools that use GUPnP.

gutenprint @5.3.3 (print)
Gutenprint print plugin for GIMP

gvemod-crayola @0.4_1 (science, graphics, x11)
An interactive tool for colouring faces of geometric objects within Geomview

gvemod-labeler @0.4_1 (science, graphics, x11)
An interactive tool for generating short texts as vector objects inside Geomview

Gyoto @2.0.2-20251105 (science)
General relativistic geodesic integration and ray-tracing

h5fortran @4.11.0 (fortran, science)
Object-oriented Fortran HDF5 interface

Hackintool @4.1.5 (sysutils, aqua)
The Swiss army knife of vanilla Hackintoshing

hadolint @2.9.2 (devel, haskell)
Dockerfile linter, validate inline bash, written in Haskell

hakrawler @2.1 (www, security)
Simple, fast web crawler designed for easy, quick discovery of endpoints and assets within a web application

hamlet @2021.06.16 (lang)
SML reference interpreter

hcloud @1.61.0 (devel)
hcloud is a command-line interface for Hetzner Cloud.

herrie @2.2_3 (audio)
Small command line interface music player

hidapi @0.12.0 (comms)
library for interacting with HID-class devices

highway @1.3.0 (devel)
portable SIMD/vector intrinsics

hindent @6.2.0 (textproc, haskell)
Extensible Haskell pretty printer.

hledger @1.50.3 (finance, textproc, haskell)
Command-line interface for the hledger accounting system

hlint @3.10 (devel, haskell)
A tool for suggesting possible improvements to Haskell code.

horcrux @0.3 (sysutils)
Split your file into encrypted fragments so that you don't need to remember a passcode

hrsh2csv @1.3_1 (palm)
converts Hours pdb files into CSV text files

hss @1.10 (net)
An interactive parallel ssh client featuring autocomplete and asynchronous execution.

htcondor @8.8.1_3 (science, parallel, net)
specialized workload management system for compute-intensive jobs

html2text @2.4.0_1 (textproc)
Utility to convert HTML documents into plain text.

htop @3.4.1 (sysutils)
an interactive text-mode process viewer for Unix

http-prompt @2.1.0_2 (net)
HTTPie + prompt_toolkit = an interactive command-line HTTP client featuring autocomplete and syntax highlighting

hugs98 @plus-Sep2006_3 (lang, haskell)
The HUGS Haskell Interpreter

i2pd @2.58.0 (security, net)
End-to-End encrypted and anonymous Internet

iAIDA @1.1.4_8 (science)
An implementation in C++ of the AIDA Abstract Interfaces for Data Analysis

ibex-lib @2.8.5 (math)
IBEX is a C++ library for constraint processing over real numbers.

icalbuddy64 @20200908 (office)
Command-line utility for printing events and tasks from the macOS calendar database.

icmake @9.03.01_1 (devel)
The Icmake program maintenance utility

icns-gimp @0.1_3 (graphics)
Gimp file format plug-in for Macintosh icon files (.icns)

icoconvert @2.0_1 (graphics)
convert Windows .ico icon files into .xpm and .png files

icu @76.1 (devel, textproc)
International Components for Unicode

icu-devel @78.2 (devel, textproc)
International Components for Unicode

icu-devel-docs @78.2 (devel, textproc)
International Components for Unicode (documentation)

icu-docs @76.1 (devel, textproc)
International Components for Unicode (documentation)

icu58 @58.3_1 (devel, textproc)
International Components for Unicode -- Legacy Version

idnits @2.14.01 (textproc)
Looks for problems in internet draft formatting

ifstat @1.1_8 (sysutils, net)
ifstat is a tool to report network interface bandwidth

iftop @1.0pre4_1 (net)
display bandwidth usage on an interface

ige-mac-integration @0.9.8_5 (devel)
Mac OS X menu bar integration library for GTK2 quartz

igrep @1.3.0 (textproc)
Interactive Grep

ihook @1.2.0 (aqua)
A graphical interface frontend for commandline executables

ijq @1.2.0 (textproc, devel, sysutils)
Interactive jq tool. Like jqplay for the commandline.

imager @202511 (science)
Radio-interferometry data analysis software

imposm @0.14.2 (gis)
Imposm imports OpenStreetMap data into PostGIS

integrit @4.1 (security)
integrit is the most simple Tripwire alternative

interceptty @0.6 (sysutils)
port interceptor for serial ports

internetarchive @5.7.1 (python, net)
A Python interface to archive.org.

intltool @0.51.0_7 (textproc, gnome)
A collection of i18n tools

iplike @2.3.0 (databases)
PostgreSQL IP address query interface

ipmitool @1.8.19 (sysutils)
Intelligent Platform Management Interface management utility

ipopt @3.14.16 (math)
COIN-OR Interior Point Optimizer IPOPT

ipsvd @1.0.0_2 (net)
internet protocol service daemons

irrtoolset @5.1.3 (net)
a set of tools to work with Internet routing policies

iselect @1.4.0_2 (sysutils)
OSSP iselect is an interactive line selection tool for textual files, operating via a full-screen Curses-based terminal session.

isl @0.24_1 (devel, math)
Integer Set Library

isl-devel @0.27 (devel, math)
Integer Set Library

isl14 @0.14.1 (devel, math)
Integer Set Library

isl18 @0.18 (devel, math)
Integer Set Library

ispc @1.19.0 (lang, parallel)
Intel SPMD program compiler

ispell @3.4.06 (textproc, spelling)
An interactive spelling checker for multiple languages

itstool @2.0.7_4 (textproc)
ITS Tool allows you to translate your XML documents with PO files, using rules from the W3C Internationalization Tag Set.

ivy @0.4.0 (math)
ivy is an interpreter for an APL-like language.

ixion-0.17 @0.17.0_1 (devel)
General purpose formula parser and interpreter.

ixion-0.18 @0.18.1_1 (devel)
General purpose formula parser and interpreter.

javascript-lint @0.3.0 (lang, devel)
Lint program for JavaScript

jerm @8095_1 (comms)
communication terminal through serial and TCP/IP interfaces

jimtcl @0.83 (lang, devel)
Jim is a small footprint implementation of the Tcl programming language written from scratch.

jira-cli @1.7.0 (devel)
Feature-rich interactive Jira command line

jjui @0.9.10 (devel)
Jujutsu UI (jjui) is a Text User Interface (TUI) designed for interacting with the Jujutsu version control system.

jlint @1.23 (lang, devel)
Java code verifier

jlv @1.2.2 (textproc)
Interactive viewer for JSON logs.

jnv @0.6.1 (textproc)
interactive JSON filter using jq

jp @0.2.1 (textproc)
Command line interface to JMESPath

jpeginfo @1.7.1 (multimedia)
Prints information and tests integrity of JPEG/JFIF files.

jpegpixi @1.1.1_2 (graphics)
JPEG Pixel Interpolator

jrrd @1.0.4_1 (java)
Java interface to RRDTool

jslint @2011-05-10 (lang)
The JavaScript Code Quality Tool

jtbl @1.6.0_1 (textproc, python)
A simple CLI tool to print JSON and JSON Lines data as a table in the terminal.

jtidy @04aug2000r7 (java, devel, textproc)
Java library for syntax checking and pretty printing HTML

junkbuster @2.0.2p1.1_1 (net, www)
Internet Junkbuster Proxy with zlib compression support

kalker @2.2.2 (math)
Kalker (or kalk) is a calculator that supports user-defined variables, functions, derivation, and integration.

kde-l10n-ia @4.14.3 (kde, kde4)
KDE Interlingua language files.

kde4-kile @2.1.3_8 (tex, kde, kde4)
KDE Integrated LaTeX Environment

KeyArcher @0.1 (gnustep)
An interactive keyed-archive explorer.

keybase @6.5.1 (security)
Command-line interface to Keybase.io

ki-shell @0.5.2_1 (java)
Kotlin Language Interactive Shell (ki)

kibana @7.16.0 (databases)
Your window into the Elastic Stack

kicad-footprints @7.0.11_2 (science)
Kicad footprints

kig @4.14.3_6 (kde, kde4)
Interactive Geometry

KlustaKwik @2.0.1_1 (science)
A program for automatic clustering of continuous data into a mixture of Gaussians.

koio @0.1.2 (devel)
koio is a tool & library for embedding files into C programs

kolourpaint @4.14.3_3 (kde, kde4)
KolourPaint is a free, easy-to-use paint program for KDE.

kotlin-language-server @1.3.13 (devel, java)
Kotlin code completion, linting and more for any editor/IDE using the Language Server Protocol

kqtquickcharts @4.14.3_3 (kde, kde4)
Interactive charts for Qt Quick 1.0

kristall-devel @0.4 (net)
Small-Internet Browser for Gemini, Gopher, Finger & HTTP

kross-interpreters @4.14.3_3 (kde, kde4)
WEB Development package for the K Desktop Environment.

ktlint @1.8.0 (devel, java)
An anti-bikeshedding Kotlin linter with built-in formatter

kube-linter @0.8.2 (devel)
KubeLinter is a static analysis tool that checks Kubernetes YAML files and Helm charts to ensure the applications represented in them adhere to best practices.

lablgl @1.06 (graphics, ocaml)
Objective Caml interface to OpenGL

lablgtk2 @2.18.13_1 (x11, ocaml)
OCaml interface to gtk+ 2.x

lambda @0.1.4 (math)
A lambda calculus interpreter

lastpass-cli @1.6.1 (security)
command line interface to LastPass.com

lastpass-cli-doc @1.6.1 (security)
Documentation for command line interface to LastPass.com

laszip @3.4.4 (gis)
a library to handle compressed point cloud data

latex2html @2021_1 (print)
Convert LaTeX into HTML.

latex2man @1.23 (textproc)
Translator program intended to translate a LaTeX document into man

latex2rtf @2.3.18_3 (tex)
Translator program intended to translate a LaTeX document into RTF

latte-int @1.7.6_3 (math)
LattE integrale, software for counting lattice points and integration over convex polytopes

ledit @2.04 (editors)
A line editor to be used with interactive commands.

lfortran @0.42.0 (lang, fortran)
Modern open-source interactive Fortran compiler

lib2geom @1.3_2 (graphics)
2Geom is a computational geometry library intended for use with 2D vector graphics.

lib2geom-devel @1.4 (graphics)
2Geom is a computational geometry library intended for use with 2D vector graphics.

libasprintf @0.22.5 (devel)
autosprintf library, part of gettext

libb64 @1.2.1 (mail, net)
C library for fast encoding/decoding into and from base64

libbacktrace @20240410-7939218 (devel)
A C library that may be linked into a C/C++ program to produce symbolic backtraces

libchamplain @0.12.20 (gnome)
A Clutter based widget to display rich, interactive maps.

libchewing @0.5.1 (devel)
The intelligent phonetic input method library

libdialog @1.3-20260107 (devel)
a library to create nice user interfaces for command-line programs

libds @1.5.3 (devel)
provides interfaces for data structures, simple threading

libepoxy @1.5.10_4 (graphics)
Epoxy is a library for handling OpenGL function pointer management for you

libffi @3.4.8 (devel)
A portable foreign function interface library

libfixmath @2023.08.08 (math)
Q16.16 format fixed point operations in C

libgee @0.20.8 (devel)
Collection library providing GObject-based interfaces

libggi @2.2.2 (graphics)
General Graphics Interface

libgii @1.0.2 (devel)
General Input Interface

libgnomecups @0.2.3_3 (gnome)
This is an implementation of the Gnome Printing Architecture

libgnomeprint @2.18.8_3 (gnome)
This is an implementation of the Gnome Printing Architecture

libgnomeprintui @2.18.6_5 (gnome)
This is an implementation of the Gnome Printing Architecture

libgtkhtml @2.11.1_3 (gnome, www)
Lightweight HTML rendering/printing/editing engine

libidn @1.43 (mail)
GNU International Domain Name Library (legacy version 1).

libidn2 @2.3.8 (mail)
GNU International Domain Name Library (current version 2)

libiio @0.24_3 (science, comms)
libiio is used to interface to the Industrial Input/Output (IIO) Subsystem

libint @2.0.3 (science)
a library for the evaluation of molecular integrals of many-body operators over Gaussian functions

libirman @0.5.2 (sysutils)
interface with Irman-compatible IR receivers

libkcddb @4.14.3_3 (kde, kde4)
KDE interface to compact disc database.

libkdcraw @4.14.3_8 (kde, kde4)
LibKDcraw is a C++ interface around LibRaw library used to decode RAW picture files

libkipi @4.14.3_3 (kde, kde4)
LibKipi is a C++ interface to use kipi-plugins from a KDE applications.

liblangtag @0.6.7 (textproc, devel)
an interface library to access tags for identifying languages

libLASi @1.1.3_1 (print)
unicode PostScript printing engine

liblog @2023.07.06 (devel)
C-library: functions for logging, debug printouts

libmpdclient @2.22 (audio)
libmpdclient is a stable, documented, asynchronous API library for interfacing MPD in the C, C++ & Objective C languages.

libmypaint @1.6.1_1 (graphics)
The MyPaint Brush Library

libnewt @0.52.25 (devel)
text-mode widget-based user interface library

libnice @0.1.22 (net, comms)
Libnice is an implementation of IETF's Interactive Connectivity Establishment (ICE) standard (RFC 5245).

libnids @1.24_1 (net)
E-component of Network Intrusion Detection System

libnifalcon @1.1 (devel)
Novint Falcon hardware support

libofa @0.9.3_1 (audio)
Open Fingerprint Architecture

libp11 @0.4.12 (security)
Interface to access PKCS#11 objects.

libpapilo @2.3.0 (math)
Parallel Presolve for Integer and Linear Optimization

libpcl @1.14.1 (gis, graphics, science)
Point Cloud Library

libphonenumber-cpp @8.13.49_3 (devel)
Google's C++ library for parsing, formatting, storing and validating international phone numbers.

libpointing @1.0.7 (devel)
An open-source cross-platform library to get raw events from pointing devices and master transfer functions.

libtagedit @1.1.1_2 (audio)
C++ interface to music file tag editing

libVLC2 @2.2.8_24 (multimedia, devel)
The core engine and interface to VLC's multimedia framework

libxmlxx2 @2.42.3 (textproc)
libxml++ is a C++ interface for working with XML files

libxmlxx3 @3.2.5 (textproc)
libxml++ is a C++ interface for working with XML files

libxmlxx5 @5.4.0_1 (textproc)
libxml++ is a C++ interface for working with XML files

linalg @1.8.2 (math, science)
Linear algebra library that provides a user-friendly interface to several BLAS and LAPACK routines

Lingon @2.1.1_1 (aqua, sysutils)
Graphical interface for creating launchd configurations

linuxdoc-tools @0.9.82 (textproc)
convert LinuxDoc SGML source into other formats

listat @2.1.1-20170611 (mail, textproc)
generates interesting statistics on mailing list demographics

litecoin @0.16.3_11 (finance)
Litecoin is a P2P Internet currency that enables instant payments to anyone in the world.

lookup @1.4-media-20121122_1 (textproc, japanese)
Dictionary search interface for Emacs, including the media patch

lua-ansicolors @1.0.2 (lua, devel)
Ansicolors is a simple Lua function for printing to the console in color

lua-copas @4.7.0 (lua, devel)
Coroutine Oriented Portable Asynchronous Services long_description Copas is a dispatcher based on coroutines that can be used by TCP/IP servers. It uses LuaSocket as the interface with the TCP/IP stack. A server registered with Copas should provide a handler for requests and use Copas socket functions to send the response. Copas loops through requests and invokes the corresponding handlers. For a full implementation of a Copas HTTP server you can refer to Xavante as an example.

lua-luacheck @1.1.0 (lua, devel)
A tool for linting and static analysis of Lua code

lua-luasql-sqlite3 @2.7.0 (lua, devel)
LuaSQL is a simple interface from Lua to a DBMS.

lua-readline @3.2 (lua, devel)
Lua interface for readline packages.

lua51-ansicolors @1.0.2 (lua, devel)
Ansicolors is a simple Lua function for printing to the console in color

lua51-copas @4.7.0 (lua, devel)
Coroutine Oriented Portable Asynchronous Services long_description Copas is a dispatcher based on coroutines that can be used by TCP/IP servers. It uses LuaSocket as the interface with the TCP/IP stack. A server registered with Copas should provide a handler for requests and use Copas socket functions to send the response. Copas loops through requests and invokes the corresponding handlers. For a full implementation of a Copas HTTP server you can refer to Xavante as an example.

lua51-luacheck @1.1.0 (lua, devel)
A tool for linting and static analysis of Lua code

lua51-luasql-sqlite3 @2.7.0 (lua, devel)
LuaSQL is a simple interface from Lua to a DBMS.

lua51-readline @3.2 (lua, devel)
Lua interface for readline packages.

lua52-ansicolors @1.0.2 (lua, devel)
Ansicolors is a simple Lua function for printing to the console in color

lua52-copas @4.7.0 (lua, devel)
Coroutine Oriented Portable Asynchronous Services long_description Copas is a dispatcher based on coroutines that can be used by TCP/IP servers. It uses LuaSocket as the interface with the TCP/IP stack. A server registered with Copas should provide a handler for requests and use Copas socket functions to send the response. Copas loops through requests and invokes the corresponding handlers. For a full implementation of a Copas HTTP server you can refer to Xavante as an example.

lua52-luacheck @1.1.0 (lua, devel)
A tool for linting and static analysis of Lua code

lua52-luasql-sqlite3 @2.7.0 (lua, devel)
LuaSQL is a simple interface from Lua to a DBMS.

lua52-readline @3.2 (lua, devel)
Lua interface for readline packages.

lua53-ansicolors @1.0.2 (lua, devel)
Ansicolors is a simple Lua function for printing to the console in color

lua53-copas @4.7.0 (lua, devel)
Coroutine Oriented Portable Asynchronous Services long_description Copas is a dispatcher based on coroutines that can be used by TCP/IP servers. It uses LuaSocket as the interface with the TCP/IP stack. A server registered with Copas should provide a handler for requests and use Copas socket functions to send the response. Copas loops through requests and invokes the corresponding handlers. For a full implementation of a Copas HTTP server you can refer to Xavante as an example.

lua53-luacheck @1.1.0 (lua, devel)
A tool for linting and static analysis of Lua code

lua53-luasql-sqlite3 @2.7.0 (lua, devel)
LuaSQL is a simple interface from Lua to a DBMS.

lua53-readline @3.2 (lua, devel)
Lua interface for readline packages.

lua54-ansicolors @1.0.2 (lua, devel)
Ansicolors is a simple Lua function for printing to the console in color

lua54-copas @4.7.0 (lua, devel)
Coroutine Oriented Portable Asynchronous Services long_description Copas is a dispatcher based on coroutines that can be used by TCP/IP servers. It uses LuaSocket as the interface with the TCP/IP stack. A server registered with Copas should provide a handler for requests and use Copas socket functions to send the response. Copas loops through requests and invokes the corresponding handlers. For a full implementation of a Copas HTTP server you can refer to Xavante as an example.

lua54-luacheck @1.1.0 (lua, devel)
A tool for linting and static analysis of Lua code

lua54-luasql-sqlite3 @2.7.0 (lua, devel)
LuaSQL is a simple interface from Lua to a DBMS.

lua54-readline @3.2 (lua, devel)
Lua interface for readline packages.

luajit-openresty @2.1-20220411 (lang)
OpenResty's maintained branch of LuaJIT

luamake @1.7 (devel, lua)
a platform independent configuration and build system that uses the standard Lua command-line interpreter

macos-fortress-hosts @2025.09.21 (net, security)
A community managed and maintained hosts file.

MacPorts_daemondo @1.1_20141017 (sysutils)
HACK to get daemondo into mpkg

Maelstrom @3.0.7 (games)
Ambrosia Software's 1992 Macintosh video game Maelstrom by Andrew Welch based on Asteroids and Blasteroids by Atari

magicpoint @1.13a_1 (graphics)
An X11 based presentation tool.

makeztxt @1.60 (palm, textproc)
converts text files into Palm zTXT databases

mariadb-lib_mysqludf_fPROJ4 @0.1.0_3 (databases, lang)
Based on program PROJ.4, lib_mysqludf_fPROJ4 converts geographic longitude and latitude coordinates into cartesian coordinates.

marksman @2024-12-18 (devel)
Write Markdown with code assist and intelligence in the comfort of your favourite editor

mas @5.0.2 (sysutils)
Mac App Store command line interface

maskedKlustaKwik @3.0.2 (science)
A program for automatic clustering of continuous data into a mixture of Gaussians.

mawk @1.3.4-20260129 (lang)
mawk is an interpreter for the AWK Programming Language

mdtree @0.1.0 (textproc)
Convert markdown lists into ASCII trees

mdtree-cpp @1.0.0 (textproc)
Simple tree cli program, but prints it in Markdown instead, as nested list

mediaserv @0.05_8 (net)
On-demand transcoding server for videos, targetting the Nokia Internet Tablets.

melonds @0.9.4_1 (emulators, games)
Nintendo DS emulator.

metabase @0.57.7 (databases, java)
Metabase is an open-source business intelligence platform. You can use Metabase to ask questions about your data, or embed Metabase in your app to let your customers explore their data on their own.

metakit @2.4.9.8 (databases)
an efficient embedded database library with a small footprint

mhddfs @0.1.10_4 (fuse)
FUSE-based filesystem for combined mountpoints

micro @2.0.15 (editors)
A modern and intuitive terminal-based text editor

mingw-w64-wine-gecko @2.47.4 (cross)
Wine's built-in replacement for Microsoft's Internet Explorer

mingw-w64-wine-gecko-2.47.2 @2.47.2 (cross)
Wine's built-in replacement for Microsoft's Internet Explorer

mingw-w64-wine-gecko-2.47.3 @2.47.3 (cross)
Wine's built-in replacement for Microsoft's Internet Explorer

mingw-w64-wine-gecko-2.47.4 @2.47.4 (cross)
Wine's built-in replacement for Microsoft's Internet Explorer

minivmac @36.04 (emulators, aqua)
an emulator of the Macintosh Plus and other early Macintosh models

minivmac-128k @36.04 (emulators, aqua)
a Macintosh 128K emulator

minivmac-128k-devel @37.03 (emulators, aqua)
a Macintosh 128K emulator

minivmac-512k @36.04 (emulators, aqua)
a Macintosh 512K emulator

minivmac-512k-devel @37.03 (emulators, aqua)
a Macintosh 512K emulator

minivmac-512ke @36.04 (emulators, aqua)
a Macintosh 512Ke emulator

minivmac-512ke-devel @37.03 (emulators, aqua)
a Macintosh 512Ke emulator

minivmac-classic @36.04 (emulators, aqua)
a Macintosh Classic emulator

minivmac-classic-devel @37.03 (emulators, aqua)
a Macintosh Classic emulator

minivmac-custom @36.04 (emulators, aqua)
an emulator of the Macintosh Plus and other early Macintosh models

minivmac-custom-devel @37.03 (emulators, aqua)
an emulator of the Macintosh Plus and other early Macintosh models

minivmac-devel @37.03 (emulators, aqua)
an emulator of the Macintosh Plus and other early Macintosh models

minivmac-ii @36.04 (emulators, aqua)
a Macintosh II emulator

minivmac-ii-devel @37.03 (emulators, aqua)
a Macintosh II emulator

minivmac-plus @36.04 (emulators, aqua)
a Macintosh Plus emulator

minivmac-plus-devel @37.03 (emulators, aqua)
a Macintosh Plus emulator

minivmac-se @36.04 (emulators, aqua)
a Macintosh SE emulator

minivmac-se-devel @37.03 (emulators, aqua)
a Macintosh SE emulator

minivmac-sefdhd @36.04 (emulators, aqua)
a Macintosh SE FDHD emulator

minivmac-sefdhd-devel @37.03 (emulators, aqua)
a Macintosh SE FDHD emulator

minizinc @2.9.4 (devel)
MiniZinc is a free and open-source constraint modeling language.

mint @0.18.0 (devel)
A package manager that installs and runs executable Swift packages

missfits @2.8.0 (science)
MissFITS is a program that performs basic maintenance and packaging tasks on FITS files.

mkcatalog @1.1 (textproc)
Maintenance utility for SGML catalog files

MMDAgent @1.3.1 (audio, japanese, multimedia)
a toolkit for building voice interaction systems

mod_perl2 @2.0.13 (www)
Embeds a Perl interpreter in the Apache2 server

mod_security2 @2.9.12 (www, security)
Apache 2 intrusion detection and prevention engine for web applications

mox @0.0.12 (mail)
Modern full-featured open source secure mail server for low-maintenance self-hosted email

mp3val @0.1.8 (audio)
mp3val is a small, high-speed, free software tool for checking MPEG audio files' integrity.

MP4Joiner @2.2_2 (multimedia, aqua)
simple tool to join multiple MP4 files into one

mpage @2.5.5 (print)
Print several pages on a single sheet of paper

mpdecimal @4.0.1 (math)
mpdecimal is a package for correctly-rounded arbitrary precision decimal floating point arithmetic.

mpfi @1.5.4 (math)
A multiple precision interval arithmetic library based on MPFR

mpfr @4.2.2 (devel, math)
C library for multiple-precision floating-point computations

mpi-doc @4.3.2 (science, parallel, net)
Message Passing Interface (MPI) Library Man Pages

mpich @4.3.2 (science, parallel, net)
Message Passing Interface (MPI) Library

mpich-clang @4.3.2 (science, parallel, net)
Message Passing Interface (MPI) Library

mpich-clang10 @4.3.2 (science, parallel, net)
Message Passing Interface (MPI) Library

mpich-clang11 @4.3.2 (science, parallel, net)
Message Passing Interface (MPI) Library

mpich-clang12 @4.3.2 (science, parallel, net)
Message Passing Interface (MPI) Library

mpich-clang13 @4.3.2 (science, parallel, net)
Message Passing Interface (MPI) Library

mpich-clang14 @4.3.2 (science, parallel, net)
Message Passing Interface (MPI) Library

mpich-clang15 @4.3.2 (science, parallel, net)
Message Passing Interface (MPI) Library

mpich-clang16 @4.3.2 (science, parallel, net)
Message Passing Interface (MPI) Library

mpich-clang17 @4.3.2 (science, parallel, net)
Message Passing Interface (MPI) Library

mpich-clang18 @4.3.2 (science, parallel, net)
Message Passing Interface (MPI) Library

mpich-clang19 @4.3.2 (science, parallel, net)
Message Passing Interface (MPI) Library

mpich-clang20 @4.3.2 (science, parallel, net)
Message Passing Interface (MPI) Library

mpich-clang90 @4.3.2 (science, parallel, net)
Message Passing Interface (MPI) Library

mpich-default @4.3.2 (science, parallel, net)
Message Passing Interface (MPI) Library

mpich-gcc7 @4.3.2 (science, parallel, net)
Message Passing Interface (MPI) Library

mpich-gcc9 @4.3.2 (science, parallel, net)
Message Passing Interface (MPI) Library

mpich-gcc10 @4.3.2 (science, parallel, net)
Message Passing Interface (MPI) Library

mpich-gcc11 @4.3.2 (science, parallel, net)
Message Passing Interface (MPI) Library

mpich-gcc12 @4.3.2 (science, parallel, net)
Message Passing Interface (MPI) Library

mpich-gcc13 @4.3.2 (science, parallel, net)
Message Passing Interface (MPI) Library

mpich-gcc14 @4.3.2 (science, parallel, net)
Message Passing Interface (MPI) Library

mpich-gcc15 @4.3.2 (science, parallel, net)
Message Passing Interface (MPI) Library

mpir @3.0.0_2 (devel, math)
Multiple Precision Integers and Rationals

mpir-devel @20201225-b3367eb1 (devel, math)
Multiple Precision Integers and Rationals

msieve @1.53 (math)
A library for factoring large integers

msieve-devel @1045 (math)
A library for factoring large integers

mtpaint @3.50 (graphics)
Mark Tyler's Painting Program

multimarkdown @6.7.0 (textproc)
turn minimally marked-up plain text into well formatted documents

muttprint @0.72d_6 (mail)
pretty printing of your mails

MyPaint @2.0.1_3 (graphics)
a fast and easy graphics application for digital painters

mypaint-brushes @2.0.2_1 (graphics)
libmypaint brush data version 2 (used by MyPaint)

mypaint-brushes1 @1.3.1 (graphics)
libmypaint brush data version 1 (used by GIMP)

mysql5-lib_mysqludf_fPROJ4 @0.1.0_3 (databases, lang)
Based on program PROJ.4, lib_mysqludf_fPROJ4 converts geographic longitude and latitude coordinates into cartesian coordinates.

mysql51-lib_mysqludf_fPROJ4 @0.1.0_3 (databases, lang)
Based on program PROJ.4, lib_mysqludf_fPROJ4 converts geographic longitude and latitude coordinates into cartesian coordinates.

mysql55-lib_mysqludf_fPROJ4 @0.1.0_3 (databases, lang)
Based on program PROJ.4, lib_mysqludf_fPROJ4 converts geographic longitude and latitude coordinates into cartesian coordinates.

n @10.2.0 (devel)
A simple tool to interactively manage Node.js versions

napari @0.6.6 (science, python)
napari is a fast, interactive, multi-dimensional image viewer for Python.

natscli @0.3.0 (devel)
The NATS Command Line Interface

navi @2.24.0 (sysutils)
An interactive cheatsheet tool for the command-line

ncftp @3.3.0 (net)
FTP client with an advanced user interface

ncplot @4.11.0_3 (science)
ncplot is an interactive plotting tool

ncview @2.1.11_1 (science)
X windows point'n'click NetCDF viewer.

neon @0.33.0 (www)
An HTTP and WebDAV client library with a C interface

NetBeans @28 (aqua, devel, java)
Java integrated development environment

netselect @0.4 (net)
An ultrafast intelligent parallelizing binary-search implementation of ping

newmat @11 (math)
This C++ library is intended for scientists and engineers who need to manipulate a variety of types of matrices using standard matrix operations.

newt0 @0.1.3_2 (lang)
Newt/0 is a NewtonScript compiler and interpreter.

nip2 @8.9.1 (graphics)
nip2 is a user-interface to the VIPS image processing library.

nMOLDYN @3.0.9_1 (science, chemistry)
An interactive analysis program for Molecular Dynamics simulations.

nslint @3.2 (net)
Lint program for dns files

nu @0.4.0_3 (devel)
Nu is an interpreted object-oriented lisp-like language written in Objective-C.

nu2 @2.1.2_2 (devel)
Nu is an interpreted object-oriented lisp-like language written in Objective-C.

nvtop @3.3.1 (sysutils, graphics)
GPU & Accelerator process monitoring for AMD, Apple, Huawei, Intel, NVIDIA and Qualcomm

nwntools @2.3.2_1 (games)
Tools for the game Neverwinter Nights

ocaml-bigstringaf @0.10.0 (ocaml, devel)
Bigstring intrinsics and fast blits based on memcpy/memmove

ocaml-bos @0.2.1 (ocaml, devel)
Basic OS interaction for OCaml

ocaml-camlp4 @4.14-1 (lang, devel, ocaml)
Caml Preprocessor and Pretty-Printer

ocaml-cmdliner @1.3.0 (ocaml, devel)
ocaml-cmdliner allows the declarative definition of command line interfaces for OCaml

ocaml-crunch @3.3.1 (ocaml, devel)
Convert a filesystem into a static OCaml module

ocaml-cryptokit @1.13 (ocaml, devel, security)
OCaml interface to cryptographic functions.

ocaml-csexp @1.5.2_1 (ocaml, devel)
Parsing and printing of S-expressions in Canonical form

ocaml-easy-format @1.3.4 (ocaml, devel)
High-level functional interface to the OCaml Format module

ocaml-fix @20230505 (ocaml, devel)
Memoization and fixed points library for OCaml

ocaml-fmt @0.9.0 (ocaml, devel)
Fmt exposes combinators to devise format pretty-printing functions

ocaml-int_repr @0.16.0_1 (ocaml)
Integers of various widths

ocaml-integers @0.7.0 (ocaml, devel)
Various signed and unsigned integer types for OCaml.

ocaml-labltk @8.06.12 (graphics, devel, ocaml)
OCaml interface to the Tcl/Tk GUI framework

ocaml-lacaml @7.0.13_1 (math, devel, ocaml)
OCaml interfaces to the BLAS- and LAPACK-library

ocaml-mew_vi @0.5.0 (ocaml, textproc)
Modal editing witch, VI interpreter

ocaml-num @1.5 (ocaml, devel)
Legacy OCaml arbitrary-precision integer library

ocaml-ocaml_intrinsics @0.16.0 (ocaml, devel)
Library of intrinsics for OCaml

ocaml-ocamlbuild @0.14.2_1 (ocaml, devel)
Caml Preprocessor and Pretty-Printer

ocaml-ocamlnet @4.1.9 (ocaml, devel)
Internet protocols and helper data structures for OCaml.

ocaml-ocamlrss @2.2.0_4 (www, devel, ocaml)
OCaml-RSS is a small OCaml library providing functions to parse and print RSS 2.0 files

ocaml-ocplib-endian @1.2 (ocaml, devel)
Optimized fixed-width integer functions for OCaml

ocaml-pprint @20230830 (ocaml, devel)
Pretty-printing library for OCaml

ocaml-ppx_custom_printf @0.16.0_1 (ocaml)
Extensions to printf-style format-strings for user-defined string conversion

ocaml-ppx_derivers @1.2.1_3 (ocaml, devel)
Allow OCaml ppx_deriving and ppx_type_conv to interoperate

ocaml-ppx_fixed_literal @0.16.0_1 (ocaml)
Simpler notation for fixed point literals

ocaml-ppx_import @1.11.0 (ocaml, devel)
A syntax extension for importing declarations from interface files

ocaml-ppx_stable_witness @0.16.0_1 (ocaml, devel)
ppx extension for deriving a witness that a type is intended to be stable

ocaml-ppx_string @0.16.0_1 (ocaml, devel)
Extension providing a syntax for string interpolation

ocaml-sexp_pretty @0.16.0_1 (ocaml, devel)
Library for pretty-printing s-expressions

ocaml-splittable_random @0.16.0_1 (ocaml, devel)
PRNG that can be split into independent streams

ocaml-stdint @0.7.2 (ocaml, devel)
Fixed width integer types for OCaml

ocaml-unidecode @0.4.0 (ocaml, devel)
Convert unicode strings into its ASCII representation

ocaml-yojson @2.2.2 (ocaml, devel)
JSON parsing and printing library for OCaml

ocaml-zarith @1.14 (ocaml, devel)
Arbitrary-precision integers for OCaml

octave-bim @1.1.8 (octave, math, science)
Package for solving Diffusion Advection Reaction (DAR) Partial Differential Equaltions based on the Finite Volume Scharfetter-Gummel (FVSG) method a.k.a Box Integration Method (BIM).

octave-cgi @0.1.2_5 (octave, math, science)
Common Gateway Interface for Octave

octave-database @2.4.4_6 (octave, math, science)
Interface to SQL databases, currently only postgresql using libpq.

octave-divand @1.1.2_5 (octave, math, science)
divand performs an n-dimensional variational analysis (interpolation) of arbitrarily located observations.

octave-fxp @1.0.1 (octave, math, science)
A lightweight fixed-point numeric data type for GNU Octave, implemented as a class (@fxp/fxp.m).

octave-instrument-control @0.10.0 (octave, math, science)
Low level I/O functions for serial, tcp, vxi11, and udp interfaces.

octave-internal-fluid-flow @1.0.0_1 (octave, math, science)
A toolbox for internal fluid flow for GNU Octave.

octave-interval @3.2.1_4 (octave, math, science)
The interval package for real-valued interval arithmetic provides data types and operations for verified computing.

octave-netcdf @1.0.19 (octave, math, science)
A MATLAB compatible NetCDF interface for Octave.

octave-optiminterp @0.3.7_3 (octave, math, science)
An optimal interpolation toolbox for octave. This package provides functions to perform a n-dimensional optimal interpolations of arbitrarily distributed data points.

octave-piqp @0.6.2_1 (octave, math, science)
PIQP is a Proximal Interior Point Quadratic Programming solver.

octave-pythonic @0.1.3_2 (octave, math, science)
Pythonic is a package that provides a Python native calling interface for GNU Octave.

octave-statistics-resampling @5.6.0_2 (octave, math, science)
Estimate bias, uncertainty (standard errors and confidence intervals) and test hypotheses (p-values) using bootstrap resampling methods.

octave-windows @1.7.0 (octave, math, science)
Provides COM interface.

oggsplit @0.1.0_1 (audio)
Split multiplexed (grouped or chained) Ogg files into separate streams

olaf-devel @20230929 (audio)
Overly Lightweight Acoustic Fingerprinting

Omega @1.4.2_3 (lang)
An interpreted, functional language with an expressive type system

oorexx @4.0.1_2 (lang)
Open Object Rexx is an interpreter for the Rexx language

openbrowser @1.0.1_10 (sysutils)
opens files and URLs into the default web browser

openiked @7.4 (net)
Internet Key Exchange (IKEv2) daemon

OpenIPMI @2.0.37 (sysutils)
OpenIPMI provides a full-function IPMI interface.

openjdk17-sap @17.0.18 (java, devel)
OpenJDK 17 builds (Long Term Support) maintained and supported by SAP

openjk @20180401 (games)
Community effort to maintain and improve Jedi Academy + Jedi Outcast released by Raven Software.

openmpi @5.0.7 (science, parallel, net)
Message Passing Interface (MPI) Library

openmpi-clang @5.0.7 (science, parallel, net)
Message Passing Interface (MPI) Library

openmpi-clang10 @5.0.7 (science, parallel, net)
Message Passing Interface (MPI) Library

openmpi-clang11 @5.0.7 (science, parallel, net)
Message Passing Interface (MPI) Library

openmpi-clang12 @5.0.7 (science, parallel, net)
Message Passing Interface (MPI) Library

openmpi-clang13 @5.0.7 (science, parallel, net)
Message Passing Interface (MPI) Library

openmpi-clang14 @5.0.7 (science, parallel, net)
Message Passing Interface (MPI) Library

openmpi-clang15 @5.0.7 (science, parallel, net)
Message Passing Interface (MPI) Library

openmpi-clang16 @5.0.7 (science, parallel, net)
Message Passing Interface (MPI) Library

openmpi-clang17 @5.0.7 (science, parallel, net)
Message Passing Interface (MPI) Library

openmpi-clang18 @5.0.7 (science, parallel, net)
Message Passing Interface (MPI) Library

openmpi-clang19 @5.0.7 (science, parallel, net)
Message Passing Interface (MPI) Library

openmpi-clang20 @5.0.7 (science, parallel, net)
Message Passing Interface (MPI) Library

openmpi-clang90 @5.0.7 (science, parallel, net)
Message Passing Interface (MPI) Library

openmpi-default @5.0.7 (science, parallel, net)
Message Passing Interface (MPI) Library

openmpi-gcc7 @5.0.7 (science, parallel, net)
Message Passing Interface (MPI) Library

openmpi-gcc9 @5.0.7 (science, parallel, net)
Message Passing Interface (MPI) Library

openmpi-gcc10 @5.0.7 (science, parallel, net)
Message Passing Interface (MPI) Library

openmpi-gcc11 @5.0.7 (science, parallel, net)
Message Passing Interface (MPI) Library

openmpi-gcc12 @5.0.7 (science, parallel, net)
Message Passing Interface (MPI) Library

openmpi-gcc13 @5.0.7 (science, parallel, net)
Message Passing Interface (MPI) Library

openmpi-gcc14 @5.0.7 (science, parallel, net)
Message Passing Interface (MPI) Library

openmpi-gcc15 @5.0.7 (science, parallel, net)
Message Passing Interface (MPI) Library

openni @1.5.7.10 (graphics)
APIs for natural interaction devices

openssl @3_29 (devel, security)
Shim port installing symbolic links in primary prefix pointing to the openssl3 installation.

p0f @3.09b (net, security)
versatile passive OS fingerprinting, masquerade detection tool

p5-algorithm-diff @1.201.0 (perl)
This is a Perl extension for computing intelligent differences between two files / lists.

p5-alt-crypt-rsa-bigint @0.60.0 (perl)
Alt::Crypt::RSA::BigInt - RSA public-key cryptosystem, using Math::BigInt

p5-app-cli @0.520.0 (perl)
Dispatcher module for command line interface programs.

p5-archive-zip @1.680.0 (perl)
Interface to zip archive files

p5-astro-fits-cfitsio @1.180.0 (perl)
Interface to William Pence's cfitsio subroutine library

p5-async-interrupt @1.260.0 (perl)
Async::Interrupt - allow C/XS libraries to interrupt perl asynchronously

p5-audio-flac-header @2.400.0_5 (perl)
Interface to FLAC header metadata

p5-authen-pam @0.160.0 (perl)
Authen::PAM - Perl interface to PAM library

p5-b-debug @1.260.0 (perl)
B::Debug - Walk Perl syntax tree, printing debug info about ops

p5-bio-db-embl @1.7.4 (perl)
Bio::DB::EMBL - Database object interface for EMBL entry retrieval

p5-bit-vector @7.400.0 (perl)
Efficient bit vector, set of integers and big int math library

p5-business-isbn @3.12.0 (perl)
Business::ISBN - work with International Standard Book Numbers

p5-business-ismn @1.205.0 (perl)
International Standard Music Numbers

p5-business-issn @1.8.0 (perl)
Business::ISSN - Perl extension for International Standard Serial Numbers

p5-cache-cache @1.80.0 (perl)
Cache::Cache, the Cache interface

p5-cache-fastmmap @1.600.0 (perl)
Cache::FastMmap - Uses an mmap'ed file to act as a shared memory interprocess cache

p5-cairo @1.109.0 (perl)
Perl interface to the cairo 2d vector graphics library

p5-cairo-gobject @1.5.0 (perl)
Cairo::GObject - Integrate Cairo into the Glib type system

p5-catalyst-plugin-session-state-cookie @0.180.0 (perl)
Maintain session IDs using cookies.

p5-cgi @4.710.0 (perl)
CGI - Handle Common Gateway Interface requests and responses

p5-cgi-fast @2.170.0 (perl)
CGI::Fast - CGI Interface for Fast CGI

p5-cgi-fasttemplate @1.90.0_1 (perl)
CGI::FastTemplate - Perl extension for managing templates, and performing variable interpolation.

p5-cgi-simple @1.282.0 (perl)
CGI::Simple - A Simple totally OO CGI interface that is CGI.pm compliant

p5-chi @0.610.0 (perl)
CHI - Unified cache handling interface

p5-common-sense @3.750.0 (perl)
common::sense - best-practice strictures and pragmas condensed into a single 'use'

p5-compress-bzip2 @2.280.0 (perl)
Perl interface to the bzip2 compression algorithms

p5-compress-raw-bzip2 @2.217.0 (perl)
Compress::Raw::Bzip2 - Low-Level Interface to bzip2 compression library

p5-compress-raw-lzma @2.217.0 (perl)
Compress::Raw::Lzma - Low-Level Perl Interface to lzma compression library

p5-compress-raw-zlib @2.218.0 (perl)
Compress::Raw::Zlib - Low-Level Interface to zlib or zlib-ng compression library

p5-compress-snappy @0.250.0 (perl)
Perl interface to Google's Snappy (de)compressor

p5-compress-stream-zstd @0.217.0 (perl)
Compress::Stream::Zstd - Perl interface to the Zstd (Zstandard) (de)compressor

p5-convert-ascii-armour @1.400.0_3 (perl)
Convert binary octets into ASCII armoured messages.

p5-convert-uulib @1.800.0 (perl)
Perl interface to the uulib library

p5-crypt-argon2 @0.30.0 (perl)
Crypt::Argon2 - Perl interface to the Argon2 key derivation functions

p5-crypt-dh @0.70.0_1 (perl)
Perl5 interface to a Diffie-Hellman key exchange system

p5-crypt-gcrypt @1.260.0_2 (perl)
Perl interface to the GNU Cryptographic library

p5-crypt-openssl-bignum @0.90.0_2 (perl)
OpenSSL's multiprecision integer arithmetic

p5-crypt-passwdmd5 @1.420.0 (perl)
provides interoperable MD5-based crypt() functions for perl

p5-crypt-sysrandom @0.7.0 (perl)
Crypt::SysRandom - Perl interface to system randomness

p5-crypt-sysrandom-xs @0.9.0 (perl)
Crypt::SysRandom::XS - Perl interface to system randomness, XS version

p5-crypt-unixcrypt_xs @0.110.0 (perl)
Crypt::UnixCrypt_XS - perl xs interface for a portable traditional crypt function.

p5-curses-ui @0.960.900 (perl)
A curses based OO user interface framework

p5-data-dump @1.250.0 (perl)
Pretty printing of data structures

p5-data-dumper @2.183.0 (perl)
Stringified Perl data structures, suitable for both printing and eval

p5-data-float @0.15.0 (perl)
Data::Float - details of the floating point data type

p5-data-integer @0.7.0 (perl)
Data::Integer - Details of the native integer data type

p5-data-printer @1.2.1 (perl)
Data::Printer - colored pretty-print of Perl data structures and objects

p5-datetime-format-flexible @0.370.0 (perl)
DateTime::Format::Flexible - Flexibly parse strings and turn them into DateTime objects.

p5-dbd-mysql @5.13.0 (perl)
DBD::mysql - MySQL driver for the Perl5 Database Interface (DBI)

p5-dbd-sqlite2 @0.380.0 (perl)
perl dbd interface to SQLite (old version 2)

p5-dbix-class-introspectablem2m @0.1.2 (perl)
DBIx::Class::IntrospectableM2M - Introspect many-to-many shortcuts

p5-declare-constraints-simple @0.30.0 (perl)
Declare::Constraints::Simple - Declarative Validation of Data Structures

p5-devel-dumptrace @0.290.0 (perl)
Evaluate and print out each line before it is executed.

p5-devel-globaldestruction @0.140.0 (perl)
Devel::GlobalDestruction - Provides function returning true if the interpreter is in global destruction.

p5-devel-overloadinfo @0.8.0 (perl)
Devel::OverloadInfo - introspect overloaded operators

p5-devel-partialdump @0.200.0 (perl)
Devel::PartialDump - Partial dumping of data structures, optimized for argument printing.

p5-devel-repl @1.3.29 (perl)
Devel::REPL - a modern perl interactive shell

p5-devel-trace @0.120.0 (perl)
Devel::Trace - Print out each line before it is executed (like sh -x)

p5-digest-bubblebabble @0.20.0 (perl)
Create bubble-babble fingerprints

p5-digest-gost @0.60.0 (perl)
Digest::GOST - Perl interface to the GOST R 34.11-94 digest algorithm

p5-digest-md2 @2.40.0 (perl)
Perl interface to the MD2 Algorithm

p5-digest-md4 @1.900.0 (perl)
Perl interface to the MD4 Algorithm

p5-digest-sha1 @2.130.0_4 (perl)
Perl interface to the SHA-1 Algorithm

p5-dist-zilla-app-command-regenerate @0.1.3 (perl)
Dist::Zilla::App::Command::regenerate - Write content into your source tree from your release staging

p5-dist-zilla-plugin-git-pushinitial @0.20.0 (perl)
Dist::Zilla::Plugin::Git::PushInitial - do initial git push from your minting profile

p5-email-abstract @3.10.0 (perl)
Email::Abstract - unified interface to mail representations

p5-email-mime-encodings @1.317.0 (perl)
A unified interface to MIME encoding and decoding

p5-email-send @2.202.0 (perl)
This module provides a very simple, specific interface to multiple Email mailers.

p5-email-valid @1.204.0 (perl)
Check validity of Internet email addresses

p5-ev @4.370.0 (perl)
EV - perl interface to libev, a high performance full-featured event loop

p5-extutils-builder-compiler @0.35.0 (perl)
ExtUtils::Builder::Compiler - An interface around different compilers

p5-extutils-pkgconfig @1.160.0 (perl)
Simplistic interface to pkg-config

p5-file-find-object-rule @0.31.300 (perl)
File::Find::Object::Rule - Alternative interface to File::Find::Object

p5-file-find-rule @0.350.0 (perl)
File::Find::Rule - Alternative interface to File::Find

p5-file-keepass @2.30.0 (perl)
Interface to KeePass V1 and V2 database files

p5-file-modified @0.100.0 (perl)
checks intelligently if files have changed

p5-file-monitor @1.0.0_1 (perl)
File monitoring interface

p5-file-monitor-lite @0.652.3_1 (perl)
A friendly interface to File::Monitor

p5-file-tempdir @0.20.0_3 (perl)
Provides an object interface to tempdir() from File::Temp.

p5-flickr-api @1.290.0 (perl)
Perl interface to the Flickr API

p5-font-afm @1.200.0_2 (perl)
Interface to Adobe Font Metrics files.

p5-gd @2.840.0 (perl)
GD.pm - Interface to Gd Graphics Library

p5-getopt-argvfile @1.110.0 (perl, devel)
Getopt::ArgvFile - interpolates script options from files into @ARGV or another array

p5-git-wrapper @0.48.0 (perl)
Git::Wrapper - Wrap git(7) command-line interface

p5-glib-object-introspection @0.52.0 (perl)
Glib::Object::Introspection - Dynamically create Perl language bindings

p5-gnupg-interface @1.50.0 (perl)
GnuPG::Interface - Perl interface to GnuPG

p5-goocanvas2 @0.60.0 (perl)
GooCanvas2 - Perl binding for GooCanvas2 widget using Glib::Object::Introspection

p5-google-protocolbuffers @0.120.0 (perl)
simple interface to Google Protocol Buffers

p5-gps @0.170.0 (perl)
Perl interface to GPS receivers using Garmin or NMEA protocols

p5-graphics-gnuplotif @1.800.0 (perl)
Graphics::GnuplotIF - A dynamic Perl interface to gnuplot.

p5-graphviz @2.260.0 (perl)
Interface to the GraphViz graphing tool

p5-gtk3 @0.38.0 (perl)
Gtk3 - Perl interface to the 3.x series of the gtk+ toolkit

p5-gtk3-simplelist @0.210.0 (perl)
Gtk3::SimpleList - A simple interface to Gtk3's complex MVC list widget

p5-hash-merge @0.302.0 (perl)
Merges arbitrarily deep hashes into a single hash

p5-html-entities-interpolate @1.100.0 (perl)
HTML::Entities::Interpolate - Call HTML::Entities::encode_entities, via a hash, within a string

p5-html-formatter @2.160.0 (perl)
Perl modules that format HTML as plaintext, PostScript or RTF.

p5-html-lint @2.320.0 (perl)
a pure-Perl HTML parser and checker for syntactic legitmacy

p5-html-tokeparser-simple @3.160.0_1 (perl)
a simpler interface to HTML::TokeParser

p5-http-recorder @0.70.0 (perl)
Record interaction with websites

p5-http-tiny-mech @1.1.2 (perl)
HTTP::Tiny::Mech - Wrap a WWW::Mechanize instance in an HTTP::Tiny compatible interface.

p5-ifeffit @1.2.13_2 (perl)
Perl interface to ifeffit

p5-image-imlib2 @2.30.0_1 (perl)
Perl interface to the Imlib2 image library

p5-import-into @1.2.5 (perl)
Import::Into - import packages into other packages

p5-importer @0.26.0 (perl)
Importer - Alternative but compatible interface to modules that export symbols.

p5-internals @1.100.0_3 (perl)
This is a Perl extension for write protecting variables and manipulating refcounts.

p5-io-interface @1.90.0 (perl)
Perl extension for access to network card configuration information

p5-io-kqueue @0.390.0_1 (perl)
Perl interface to the BSD kqueue system call

p5-io-pty-easy @0.100.0 (perl)
Easy interface to IO::Pty

p5-io-socket-inet6 @2.730.0 (perl)
IO::Socket::INET6 object interface to IPv6

p5-io-socket-ssl @2.98.0 (perl)
IO::Socket::SSL - SSL sockets with IO::Socket interface

p5-io-string @1.80.0_4 (perl)
IO::String - Emulate file interface for in-core strings

p5-io-stty @0.40.0 (perl)
Provide an interface to TTYs and PTYs

p5-io-tty @1.200.0 (perl)
Provide an interface to TTYs and PTYs

p5-io-zlib @1.150.0 (perl)
IO::-style interface to Compress::Zlib

p5-ipc-sharelite @0.170.0_1 (perl)
Lightweight interface to shared memory

p5-iri @0.13.0 (perl)
IRI - Internationalized Resource Identifiers

p5-javascript-spidermonkey @0.250.0 (perl, www)
Perl interface to the JavaScript Engine

p5-json-parse @0.620.0 (perl)
Read JSON into a Perl variable

p5-lexical-sealrequirehints @0.12.0 (perl)
Lexical::SealRequireHints - prevent leakage of lexical hints

p5-libintl-perl @1.350.0 (perl)
Perl internationalization library

p5-lingua-en-numbers @2.30.0 (perl)
Lingua::EN::Numbers - turn "407" into "four hundred and seven", etc.

p5-lingua-ja-name-splitter @0.120.0 (perl)
Lingua::JA::Name::Splitter - split a Japanese name into given and family

p5-locale-gettext @1.70.0_1 (perl)
Perl interface to GNU gettext

p5-locale-maketext-fuzzy @0.110.0 (perl)
Maketext from already interpolated strings

p5-locale-maketext-simple @0.210.0_3 (perl)
Simple interface to Locale::Maketext::Lexicon.

p5-log-message-simple @0.100.0 (perl)
Log::Message::Simple - Simplified interface to Log::Message

p5-long-jump @0.0.3 (perl)
Long::Jump - Mechanism for returning to a specific point from a deeply nested stack

p5-mail-dkim @1.202.409.230 (perl, mail)
Mail::DKIM - Signs/verifies Internet mail with DKIM/DomainKey signatures

p5-mail-srs @0.310.0_3 (perl)
Mail::SRS - Interface to Sender Rewriting Scheme

p5-mail-webmail-gmail @1.90.0_3 (perl)
An interface to Google's webmail service

p5-math-anynum @0.410.0 (perl)
Math::AnyNum - Arbitrary size precision for integers, rationals, floating-points and complex numbers.

p5-math-bigint @2.5.3 (perl, math)
Math::BigInt - arbitrary size integer math package

p5-math-bigint-fastcalc @0.502.0 (perl)
Math::BigInt::FastCalc - Math::BigInt::Calc with some XS for more speed

p5-math-bigint-gmp @1.700.300 (perl)
Math::BigInt::GMP - Use the GMP library for Math::BigInt routines

p5-math-bigint-gmpz @0.1.800 (perl)
Math::BigInt::GMPz - a math backend library based on Math::GMPz

p5-math-bigrat @0.262.400_1 (perl)
Obsolete port, replaced by p5-math-bigint

p5-math-gmp @2.250.0 (perl)
high speed arbitrary size integer math

p5-math-gmpf @0.530.0 (perl)
Math::GMPf - perl interface to the GMP library's floating point (mpf) functions.

p5-math-gmpq @0.680.0 (perl)
Math::GMPq - perl interface to the GMP library's rational (mpq) functions.

p5-math-gmpz @0.680.0 (perl)
Math::GMPz - perl interface to the GMP library's integer (mpz) functions.

p5-math-int64 @0.570.0 (perl)
Math::Int64 - Manipulate 64-bit integers in Perl

p5-math-longdouble @0.260.0 (perl)
Math::LongDouble - perl interface to C's long double operations

p5-math-mpc @1.330.0 (perl)
Math::MPC - perl interface to the MPC (multi precision complex) library.

p5-math-mpfi @0.130.0 (perl)
Perl interface to the MPFI (interval arithmetic) library.

p5-math-mpfr @4.460.0 (perl, math)
Math::MPFR - perl interface to the MPFR (floating point) library.

p5-math-pari @2.30.528 (perl)
Math::Pari - Perl interface to PARI.

p5-math-random-isaac @1.4.0 (perl, math)
Perl interface to the ISAAC PRNG algorithm

p5-math-spline @0.20.0 (perl)
Cubic Spline Interpolation of data

p5-mediawiki-api @0.520.0 (perl)
MediaWiki::API - Provides a Perl interface to the MediaWiki API

p5-monotone-automatestdio @1.100.0 (perl)
Perl interface to Monotone via automate stdio

p5-moosex-meta-typeconstraint-mooish @0.1.0 (perl)
MooseX::Meta::TypeConstraint::Mooish - Translate Moo-style constraints to Moose-style

p5-moosex-methodattributes @0.320.0 (perl)
code attribute introspection

p5-moosex-singleton @0.300.0 (perl)
MooseX::Singleton - turn your Moose class into a singleton

p5-moosex-types-common @0.1.15 (perl)
MooseX::Types::Common - A library of commonly used type constraints

p5-moosex-types-datetime @0.140.0 (perl)
MooseX::Types::DateTime - DateTime related constraints and coercions for Moose

p5-moosex-types-loadableclass @0.16.0 (perl)
MooseX::Types::LoadableClass - ClassName type constraint with coercion to load the class.

p5-moosex-types-stringlike @0.3.0 (perl)
MooseX::Types::Stringlike - Moose type constraints for strings or string-like objects

p5-moosex-types-structured @0.360.0 (perl)
MooseX::Types::Structured - Structured Type Constraints for Moose

p5-mro-compat @0.150.0 (perl)
mro::* interface compatibility for Perls < 5.9.5

p5-net @3.150.0 (perl)
libnet is a collection of Perl modules which provides a simple and consistent programming interface (API) to the client side of various protocols used in the internet community.

p5-net-cli-interact @2.400.2 (perl)
Net::CLI::Interact - A toolkit for CLI automation

p5-net-curl @0.580.0 (perl)
Net::Curl - Perl interface for libcurl

p5-net-dns @1.540.0 (perl)
Net::DNS - Perl Interface to the Domain Name System

p5-net-eboks @0.110.0 (perl)
Interface for e-Boks, the Danish national email system.

p5-net-frame-layer-icmpv6 @1.110.0 (perl)
Internet Control Message Protocol v6 layer object

p5-net-frame-layer-ipv6 @1.80.0 (perl)
Internet Protocol v6 layer object

p5-net-github @1.50.0 (perl)
Net::GitHub - Perl Interface for github.com

p5-net-idn-encode @2.500.0 (perl)
The Net::IDN::Encode perl module is used for internationalizing domain names in applications

p5-net-ldap-express @0.120.0 (perl)
Net::LDAP::Express - Simplified interface for Net::LDAP

p5-net-pcap @0.210.0 (perl)
Interface to pcap(3) LBL packet capture library

p5-net-ping-external @0.150.0 (perl)
Cross-platform interface to ICMP 'ping' utilities

p5-net-radius @2.103.0_1 (perl)
An interface to the RADIUS protocol.

p5-net-smtp-tls-butmaintained @0.240.0 (perl)
Net::SMTP::TLS::ButMaintained - An SMTP client supporting TLS and AUTH

p5-net-snmp @6.0.1_1 (perl)
Object oriented interface to SNMP

p5-net-ssh-perl @2.144.0 (perl)
Net::SSH::Perl - Perl client Interface to SSH

p5-net-telnet @3.50.0 (perl)
Interact with TELNET port or other TCP ports

p5-net-twitter @4.10.430 (perl)
DEPRECATED: A Perl interface to the Twitter API

p5-net-twitter-lite @0.120.80 (perl)
A perl interface to the Twitter API

p5-ole-storage_lite @0.240.0 (perl)
OLE::Storage_Lite - Simple Class for OLE document interface

p5-pdl-fftw3 @0.203.0 (perl)
PDL::FFTW3 - PDL interface to the Fastest Fourier Transform in the West v3

p5-pdl-graphics-plplot @0.740.0 (perl)
PDL::Graphics::PLplot - An object-oriented interface from Perl/PDL to the PLPLOT plotting library

p5-pdl-gsl @2.101.0 (perl)
PDL::GSL - PDL interface to the GNU Scientific Library

p5-pdl-io-gd @2.103.0 (perl)
PDL::IO::GD - Interface to the GD image library

p5-pdl-io-hdf @2.3.0 (perl)
PDL::IO::HDF - A PDL interface to the HDF4 library

p5-pdl-io-hdf5 @0.762.0 (perl)
PDL::IO::HDF5 - PDL Interface to the HDF5 Data Format.

p5-perl-ldap @0.680.0_1 (perl)
A client interface to LDAP servers

p5-plack-test-agent @1.600.0 (perl)
Plack::Test::Agent - OO interface for testing low-level Plack/PSGI apps

p5-pod-coverage-trustpod @0.100.6 (perl)
allow a module's pod to contain Pod::Coverage hints

p5-pod-elemental-transformer-list @0.102.1 (perl)
Pod::Elemental::Transformer::List - transform :list regions into =over/=back to save typing

p5-pod-elemental-transformer-verbatim @0.1.0 (perl)
Pod::Elemental::Transformer::Verbatim - Transform :verbatim regions into verbatim paragraphs

p5-psgi @1.102.0_1 (perl)
Perl Web Server Gateway Interface Specification

p5-regexp-assemble @0.380.0 (perl)
Combine several regular expressions into one

p5-session-storage-secure @1.0.0 (perl)
Session::Storage::Secure - Encrypted, expiring, compressed, serialized session data with integrity

p5-set-infinite @0.650.0 (perl)
Set::Infinite - Sets of intervals

p5-set-intspan @1.190.0 (perl)
Set::IntSpan - Manages sets of integers

p5-sgml-parser-opensp @0.994.0_5 (perl)
Provides an interface to the OpenSP SGML parser.

p5-sgmlspm @1.100.0_1 (perl)
Convert SGML, HTML, or XML documents into new formats.

p5-smart-comments @1.60.0 (perl)
Smart::Comments - Turn comments into debugging messages

p5-soap-lite @1.270.0 (perl)
A simple interface to the Simple Object Access Protocol

p5-specio @0.530.0 (perl)
Specio - Type constraints and coercions for Perl

p5-spiffy @0.460.0 (perl)
Spiffy Perl Interface Framework For You

p5-statistics-caseresampling @0.170.0 (perl)
Statistics::CaseResampling - Efficient resampling and calculation of medians with confidence intervals

p5-string-crc32 @2.100.0 (perl)
Perl interface for cyclic redundency check generation

p5-string-errf @0.9.0 (perl)
String::Errf - a simple sprintf-like dialect

p5-string-format @1.180.0 (perl)
String::Format - sprintf-like string formatting capabilities with arbitrary format definitions

p5-string-formatter @1.235.0 (perl)
String::Formatter - build sprintf-like functions of your own

p5-string-print @1.20.0 (perl)
String::Print - printf alternative

p5-sub-install @0.929.0 (perl)
install subroutines into packages easily

p5-svn-dump @0.80.0 (perl)
A Perl interface to Subversion dumps

p5-sys-syslog @0.360.0 (perl)
Perl interface to the UNIX syslog(3) calls

p5-tcl-ptk @1.110.0 (perl)
Tcl::pTk - Interface to Tcl/Tk with Perl/Tk compatible syntax

p5-template-gd @2.660.0_4 (perl)
Template Toolkit plugin to interface with GD modules

p5-template-plugin-cgi @3.101.0 (perl)
Template::Plugin::CGI - Simple Template Toolkit plugin interfacing to the CGI.pm module

p5-term-editline @0.110.0 (perl)
Term::EditLine is an object oriented perl interface to the NetBSD editline library.

p5-term-readline @1.140.0 (perl)
Term::ReadLine - Perl interface to various readline packages.

p5-term-table @0.28.0 (perl)
Term::Table - Format a header and rows into a table

p5-test-deep-type @0.8.0 (perl)
Test::Deep::Type - A Test::Deep plugin for validating type constraints

p5-test-directory @0.52.0 (perl)
Test::Directory - Perl extension for maintaining test directories.

p5-test-inter @1.120.0 (perl)
Test::Inter - framework for more readable interactive test scripts

p5-test-manifest @2.26.0 (perl)
Test::Manifest - interact with a t/test_manifest file

p5-test-mockobject @1.202.1.220 (perl)
Perl extension for emulating troublesome interfaces

p5-test-requiresinternet @0.50.0 (perl)
Test::RequiresInternet - Easily test network connectivity

p5-test-taint @1.80.0 (perl)
Test::Taint - Tools to test taintedness

p5-test2-harness @1.0.161 (perl)
Test2::Harness - A new and improved test harness with better Test2 integration

p5-test2-plugin-ioevents @0.1.1 (perl)
Test2::Plugin::IOEvents - Turn STDOUT and STDERR into Test2 events.

p5-tex-encode @2.10.0 (perl)
Encode/decode Perl utf-8 strings into TeX

p5-text-aspell @0.90.0_2 (perl)
perl interface to GNU aspell.

p5-text-bibtex @0.910.0 (perl)
Text::BibTeX - interface to read and parse BibTeX files

p5-text-iconv @1.700.0 (perl)
Perl interface to iconv() codeset conversion function

p5-text-kakasi @2.40.0_4 (perl, textproc, japanese)
This module provides interface to kakasi.

p5-text-parsewords @3.310.0 (perl)
parse text into an array of tokens or array of arrays

p5-text-spellchecker @0.140.0 (perl)
OO interface for spell-checking a block of text

p5-text-wikiformat @0.810.0_2 (perl)
Module for translating Wiki formatted text into other formats

p5-tk @804.36.0_1 (perl)
p5-tk is a Perl interface to Tk

p5-tk-graphviz @1.100.0_1 (perl)
Tk::GraphViz - Render an interactive GraphViz graph

p5-tkx @1.100.0 (perl)
Yet another Tk interface

p5-type-tiny @2.10.1 (perl)
Type::Tiny - tiny, yet Moo(se)-compatible type constraint

p5-type-tiny-xs @0.25.0 (perl)
Type::Tiny::XS - provides an XS boost for some of Type::Tiny's built-in type constraints

p5-unix-groups-ffi @1.0.0 (perl)
Unix::Groups::FFI - Interface to Unix group syscalls

p5-user-identity @4.0.0 (perl)
User::Identity - maintains info about a physical person

p5-uuid-tiny @1.40.0 (perl)
UUID::Tiny - Pure Perl UUID Support With Functional Interface

p5-www-curl @4.170.0_12 (perl)
Perl extension interface for libcurl

p5-www-shorten @3.94.0 (perl)
Interface to URL shortening sites

p5-www-shorten-googl @1.100.0 (perl)
Perl interface to goo.gl

p5-www-wolframalpha @1.100.0_3 (perl)
WWW::WolframAlpha API - Interface to Wolfram|Alpha API

p5-wx @0.993.200 (perl)
Interface to the wxWidgets cross-platform GUI toolkit

p5-xml-libxml @2.21.0_1 (perl, textproc)
Perl interface to libxml2

p5-xml-libxslt @2.3.0_3 (perl, textproc)
Perl interface to libxslt.

p5-xml-parser @2.470.0 (perl, textproc)
This is a Perl extension interface to expat.

p5-xml-xml2json @0.60.0 (perl)
XML::XML2JSON - Convert XML into JSON (and back again) using XML::LibXML

p5-xsloader @0.240.0 (perl)
XSLoader - Dynamically load C libraries into Perl code

p5.28-algorithm-diff @1.201.0 (perl)
This is a Perl extension for computing intelligent differences between two files / lists.

p5.28-alt-crypt-rsa-bigint @0.60.0 (perl)
Alt::Crypt::RSA::BigInt - RSA public-key cryptosystem, using Math::BigInt

p5.28-app-cli @0.520.0 (perl)
Dispatcher module for command line interface programs.

p5.28-archive-zip @1.680.0 (perl)
Interface to zip archive files

p5.28-astro-fits-cfitsio @1.180.0 (perl)
Interface to William Pence's cfitsio subroutine library

p5.28-async-interrupt @1.260.0 (perl)
Async::Interrupt - allow C/XS libraries to interrupt perl asynchronously

p5.28-audio-flac-header @2.400.0_5 (perl)
Interface to FLAC header metadata

p5.28-authen-pam @0.160.0 (perl)
Authen::PAM - Perl interface to PAM library

p5.28-b-debug @1.260.0 (perl)
B::Debug - Walk Perl syntax tree, printing debug info about ops

p5.28-bio-db-embl @1.7.4 (perl)
Bio::DB::EMBL - Database object interface for EMBL entry retrieval

p5.28-bit-vector @7.400.0 (perl)
Efficient bit vector, set of integers and big int math library

p5.28-business-isbn @3.12.0 (perl)
Business::ISBN - work with International Standard Book Numbers

p5.28-business-ismn @1.205.0 (perl)
International Standard Music Numbers

p5.28-business-issn @1.8.0 (perl)
Business::ISSN - Perl extension for International Standard Serial Numbers

p5.28-cache-cache @1.80.0 (perl)
Cache::Cache, the Cache interface

p5.28-cache-fastmmap @1.600.0 (perl)
Cache::FastMmap - Uses an mmap'ed file to act as a shared memory interprocess cache

p5.28-cairo @1.109.0 (perl)
Perl interface to the cairo 2d vector graphics library

p5.28-cairo-gobject @1.5.0 (perl)
Cairo::GObject - Integrate Cairo into the Glib type system

p5.28-catalyst-plugin-session-state-cookie @0.180.0 (perl)
Maintain session IDs using cookies.

p5.28-cgi @4.710.0 (perl)
CGI - Handle Common Gateway Interface requests and responses

p5.28-cgi-fast @2.170.0 (perl)
CGI::Fast - CGI Interface for Fast CGI

p5.28-cgi-fasttemplate @1.90.0_1 (perl)
CGI::FastTemplate - Perl extension for managing templates, and performing variable interpolation.

p5.28-cgi-simple @1.282.0 (perl)
CGI::Simple - A Simple totally OO CGI interface that is CGI.pm compliant

p5.28-chi @0.610.0 (perl)
CHI - Unified cache handling interface

p5.28-common-sense @3.750.0 (perl)
common::sense - best-practice strictures and pragmas condensed into a single 'use'

p5.28-compress-bzip2 @2.280.0 (perl)
Perl interface to the bzip2 compression algorithms

p5.28-compress-raw-bzip2 @2.217.0 (perl)
Compress::Raw::Bzip2 - Low-Level Interface to bzip2 compression library

p5.28-compress-raw-lzma @2.217.0 (perl)
Compress::Raw::Lzma - Low-Level Perl Interface to lzma compression library

p5.28-compress-raw-zlib @2.218.0 (perl)
Compress::Raw::Zlib - Low-Level Interface to zlib or zlib-ng compression library

p5.28-compress-snappy @0.250.0 (perl)
Perl interface to Google's Snappy (de)compressor

p5.28-compress-stream-zstd @0.217.0 (perl)
Compress::Stream::Zstd - Perl interface to the Zstd (Zstandard) (de)compressor

p5.28-convert-ascii-armour @1.400.0_3 (perl)
Convert binary octets into ASCII armoured messages.

p5.28-convert-uulib @1.800.0 (perl)
Perl interface to the uulib library

p5.28-crypt-argon2 @0.30.0 (perl)
Crypt::Argon2 - Perl interface to the Argon2 key derivation functions

p5.28-crypt-dh @0.70.0_1 (perl)
Perl5 interface to a Diffie-Hellman key exchange system

p5.28-crypt-gcrypt @1.260.0_2 (perl)
Perl interface to the GNU Cryptographic library

p5.28-crypt-openssl-bignum @0.90.0_2 (perl)
OpenSSL's multiprecision integer arithmetic

p5.28-crypt-passwdmd5 @1.420.0 (perl)
provides interoperable MD5-based crypt() functions for perl

p5.28-crypt-sysrandom @0.7.0 (perl)
Crypt::SysRandom - Perl interface to system randomness

p5.28-crypt-sysrandom-xs @0.9.0 (perl)
Crypt::SysRandom::XS - Perl interface to system randomness, XS version

p5.28-crypt-unixcrypt_xs @0.110.0 (perl)
Crypt::UnixCrypt_XS - perl xs interface for a portable traditional crypt function.

p5.28-curses-ui @0.960.900 (perl)
A curses based OO user interface framework

p5.28-data-dump @1.250.0 (perl)
Pretty printing of data structures

p5.28-data-dumper @2.183.0 (perl)
Stringified Perl data structures, suitable for both printing and eval

p5.28-data-float @0.15.0 (perl)
Data::Float - details of the floating point data type

p5.28-data-integer @0.7.0 (perl)
Data::Integer - Details of the native integer data type

p5.28-data-printer @1.2.1 (perl)
Data::Printer - colored pretty-print of Perl data structures and objects

p5.28-datetime-format-flexible @0.370.0 (perl)
DateTime::Format::Flexible - Flexibly parse strings and turn them into DateTime objects.

p5.28-dbd-mysql @5.13.0 (perl)
DBD::mysql - MySQL driver for the Perl5 Database Interface (DBI)

p5.28-dbd-sqlite2 @0.380.0 (perl)
perl dbd interface to SQLite (old version 2)

p5.28-dbix-class-introspectablem2m @0.1.2 (perl)
DBIx::Class::IntrospectableM2M - Introspect many-to-many shortcuts

p5.28-declare-constraints-simple @0.30.0 (perl)
Declare::Constraints::Simple - Declarative Validation of Data Structures

p5.28-devel-dumptrace @0.290.0 (perl)
Evaluate and print out each line before it is executed.

p5.28-devel-globaldestruction @0.140.0 (perl)
Devel::GlobalDestruction - Provides function returning true if the interpreter is in global destruction.

p5.28-devel-overloadinfo @0.8.0 (perl)
Devel::OverloadInfo - introspect overloaded operators

p5.28-devel-partialdump @0.200.0 (perl)
Devel::PartialDump - Partial dumping of data structures, optimized for argument printing.

p5.28-devel-repl @1.3.29 (perl)
Devel::REPL - a modern perl interactive shell

p5.28-devel-trace @0.120.0 (perl)
Devel::Trace - Print out each line before it is executed (like sh -x)

p5.28-digest-bubblebabble @0.20.0 (perl)
Create bubble-babble fingerprints

p5.28-digest-gost @0.60.0 (perl)
Digest::GOST - Perl interface to the GOST R 34.11-94 digest algorithm

p5.28-digest-md2 @2.40.0 (perl)
Perl interface to the MD2 Algorithm

p5.28-digest-md4 @1.900.0 (perl)
Perl interface to the MD4 Algorithm

p5.28-digest-sha1 @2.130.0_4 (perl)
Perl interface to the SHA-1 Algorithm

p5.28-dist-zilla-app-command-regenerate @0.1.3 (perl)
Dist::Zilla::App::Command::regenerate - Write content into your source tree from your release staging

p5.28-dist-zilla-plugin-git-pushinitial @0.20.0 (perl)
Dist::Zilla::Plugin::Git::PushInitial - do initial git push from your minting profile

p5.28-email-abstract @3.10.0 (perl)
Email::Abstract - unified interface to mail representations

p5.28-email-mime-encodings @1.317.0 (perl)
A unified interface to MIME encoding and decoding

p5.28-email-send @2.202.0 (perl)
This module provides a very simple, specific interface to multiple Email mailers.

p5.28-email-valid @1.204.0 (perl)
Check validity of Internet email addresses

p5.28-ev @4.370.0 (perl)
EV - perl interface to libev, a high performance full-featured event loop

p5.28-extutils-builder-compiler @0.35.0 (perl)
ExtUtils::Builder::Compiler - An interface around different compilers

p5.28-extutils-pkgconfig @1.160.0 (perl)
Simplistic interface to pkg-config

p5.28-file-find-object-rule @0.31.300 (perl)
File::Find::Object::Rule - Alternative interface to File::Find::Object

p5.28-file-find-rule @0.350.0 (perl)
File::Find::Rule - Alternative interface to File::Find

p5.28-file-keepass @2.30.0 (perl)
Interface to KeePass V1 and V2 database files

p5.28-file-modified @0.100.0 (perl)
checks intelligently if files have changed

p5.28-file-monitor @1.0.0_1 (perl)
File monitoring interface

p5.28-file-monitor-lite @0.652.3_1 (perl)
A friendly interface to File::Monitor

p5.28-file-tempdir @0.20.0_3 (perl)
Provides an object interface to tempdir() from File::Temp.

p5.28-flickr-api @1.290.0 (perl)
Perl interface to the Flickr API

p5.28-font-afm @1.200.0_2 (perl)
Interface to Adobe Font Metrics files.

p5.28-gd @2.840.0 (perl)
GD.pm - Interface to Gd Graphics Library

p5.28-getopt-argvfile @1.110.0 (perl, devel)
Getopt::ArgvFile - interpolates script options from files into @ARGV or another array

p5.28-git-wrapper @0.48.0 (perl)
Git::Wrapper - Wrap git(7) command-line interface

p5.28-glib-object-introspection @0.52.0 (perl)
Glib::Object::Introspection - Dynamically create Perl language bindings

p5.28-gnupg-interface @1.50.0 (perl)
GnuPG::Interface - Perl interface to GnuPG

p5.28-goocanvas2 @0.60.0 (perl)
GooCanvas2 - Perl binding for GooCanvas2 widget using Glib::Object::Introspection

p5.28-google-protocolbuffers @0.120.0 (perl)
simple interface to Google Protocol Buffers

p5.28-gps @0.170.0 (perl)
Perl interface to GPS receivers using Garmin or NMEA protocols

p5.28-graphics-gnuplotif @1.800.0 (perl)
Graphics::GnuplotIF - A dynamic Perl interface to gnuplot.

p5.28-graphviz @2.260.0 (perl)
Interface to the GraphViz graphing tool

p5.28-gtk3 @0.38.0 (perl)
Gtk3 - Perl interface to the 3.x series of the gtk+ toolkit

p5.28-gtk3-simplelist @0.210.0 (perl)
Gtk3::SimpleList - A simple interface to Gtk3's complex MVC list widget

p5.28-hash-merge @0.302.0 (perl)
Merges arbitrarily deep hashes into a single hash

p5.28-html-entities-interpolate @1.100.0 (perl)
HTML::Entities::Interpolate - Call HTML::Entities::encode_entities, via a hash, within a string

p5.28-html-formatter @2.160.0 (perl)
Perl modules that format HTML as plaintext, PostScript or RTF.

p5.28-html-lint @2.320.0 (perl)
a pure-Perl HTML parser and checker for syntactic legitmacy

p5.28-html-tokeparser-simple @3.160.0_1 (perl)
a simpler interface to HTML::TokeParser

p5.28-http-recorder @0.70.0 (perl)
Record interaction with websites

p5.28-http-tiny-mech @1.1.2 (perl)
HTTP::Tiny::Mech - Wrap a WWW::Mechanize instance in an HTTP::Tiny compatible interface.

p5.28-ifeffit @1.2.13_2 (perl)
Perl interface to ifeffit

p5.28-image-imlib2 @2.30.0_1 (perl)
Perl interface to the Imlib2 image library

p5.28-import-into @1.2.5 (perl)
Import::Into - import packages into other packages

p5.28-importer @0.26.0 (perl)
Importer - Alternative but compatible interface to modules that export symbols.

p5.28-internals @1.100.0_3 (perl)
This is a Perl extension for write protecting variables and manipulating refcounts.

p5.28-io-interface @1.90.0 (perl)
Perl extension for access to network card configuration information

p5.28-io-kqueue @0.390.0_1 (perl)
Perl interface to the BSD kqueue system call

p5.28-io-pty-easy @0.100.0 (perl)
Easy interface to IO::Pty

p5.28-io-socket-inet6 @2.730.0 (perl)
IO::Socket::INET6 object interface to IPv6

p5.28-io-socket-ssl @2.98.0 (perl)
IO::Socket::SSL - SSL sockets with IO::Socket interface

p5.28-io-string @1.80.0_4 (perl)
IO::String - Emulate file interface for in-core strings

p5.28-io-stty @0.40.0 (perl)
Provide an interface to TTYs and PTYs

p5.28-io-tty @1.200.0 (perl)
Provide an interface to TTYs and PTYs

p5.28-io-zlib @1.150.0 (perl)
IO::-style interface to Compress::Zlib

p5.28-ipc-sharelite @0.170.0_1 (perl)
Lightweight interface to shared memory

p5.28-iri @0.13.0 (perl)
IRI - Internationalized Resource Identifiers

p5.28-javascript-spidermonkey @0.250.0 (perl, www)
Perl interface to the JavaScript Engine

p5.28-json-parse @0.620.0 (perl)
Read JSON into a Perl variable

p5.28-lexical-sealrequirehints @0.12.0 (perl)
Lexical::SealRequireHints - prevent leakage of lexical hints

p5.28-libintl-perl @1.350.0 (perl)
Perl internationalization library

p5.28-lingua-en-numbers @2.30.0 (perl)
Lingua::EN::Numbers - turn "407" into "four hundred and seven", etc.

p5.28-lingua-ja-name-splitter @0.120.0 (perl)
Lingua::JA::Name::Splitter - split a Japanese name into given and family

p5.28-locale-gettext @1.70.0_1 (perl)
Perl interface to GNU gettext

p5.28-locale-maketext-fuzzy @0.110.0 (perl)
Maketext from already interpolated strings

p5.28-locale-maketext-simple @0.210.0_3 (perl)
Simple interface to Locale::Maketext::Lexicon.

p5.28-log-message-simple @0.100.0 (perl)
Log::Message::Simple - Simplified interface to Log::Message

p5.28-long-jump @0.0.3 (perl)
Long::Jump - Mechanism for returning to a specific point from a deeply nested stack

p5.28-mail-dkim @1.202.409.230 (perl, mail)
Mail::DKIM - Signs/verifies Internet mail with DKIM/DomainKey signatures

p5.28-mail-srs @0.310.0_3 (perl)
Mail::SRS - Interface to Sender Rewriting Scheme

p5.28-mail-webmail-gmail @1.90.0_3 (perl)
An interface to Google's webmail service

p5.28-math-anynum @0.410.0 (perl)
Math::AnyNum - Arbitrary size precision for integers, rationals, floating-points and complex numbers.

p5.28-math-bigint @2.5.3 (perl, math)
Math::BigInt - arbitrary size integer math package

p5.28-math-bigint-fastcalc @0.502.0 (perl)
Math::BigInt::FastCalc - Math::BigInt::Calc with some XS for more speed

p5.28-math-bigint-gmp @1.700.300 (perl)
Math::BigInt::GMP - Use the GMP library for Math::BigInt routines

p5.28-math-bigint-gmpz @0.1.800 (perl)
Math::BigInt::GMPz - a math backend library based on Math::GMPz

p5.28-math-bigrat @0.262.400_1 (perl)
Obsolete port, replaced by p5.28-math-bigint

p5.28-math-gmp @2.250.0 (perl)
high speed arbitrary size integer math

p5.28-math-gmpf @0.530.0 (perl)
Math::GMPf - perl interface to the GMP library's floating point (mpf) functions.

p5.28-math-gmpq @0.680.0 (perl)
Math::GMPq - perl interface to the GMP library's rational (mpq) functions.

p5.28-math-gmpz @0.680.0 (perl)
Math::GMPz - perl interface to the GMP library's integer (mpz) functions.

p5.28-math-int64 @0.570.0 (perl)
Math::Int64 - Manipulate 64-bit integers in Perl

p5.28-math-longdouble @0.260.0 (perl)
Math::LongDouble - perl interface to C's long double operations

p5.28-math-mpc @1.330.0 (perl)
Math::MPC - perl interface to the MPC (multi precision complex) library.

p5.28-math-mpfi @0.130.0 (perl)
Perl interface to the MPFI (interval arithmetic) library.

p5.28-math-mpfr @4.460.0 (perl, math)
Math::MPFR - perl interface to the MPFR (floating point) library.

p5.28-math-pari @2.30.528 (perl)
Math::Pari - Perl interface to PARI.

p5.28-math-random-isaac @1.4.0 (perl, math)
Perl interface to the ISAAC PRNG algorithm

p5.28-math-spline @0.20.0 (perl)
Cubic Spline Interpolation of data

p5.28-mediawiki-api @0.520.0 (perl)
MediaWiki::API - Provides a Perl interface to the MediaWiki API

p5.28-monotone-automatestdio @1.100.0 (perl)
Perl interface to Monotone via automate stdio

p5.28-moosex-meta-typeconstraint-mooish @0.1.0 (perl)
MooseX::Meta::TypeConstraint::Mooish - Translate Moo-style constraints to Moose-style

p5.28-moosex-methodattributes @0.320.0 (perl)
code attribute introspection

p5.28-moosex-singleton @0.300.0 (perl)
MooseX::Singleton - turn your Moose class into a singleton

p5.28-moosex-types-common @0.1.15 (perl)
MooseX::Types::Common - A library of commonly used type constraints

p5.28-moosex-types-datetime @0.140.0 (perl)
MooseX::Types::DateTime - DateTime related constraints and coercions for Moose

p5.28-moosex-types-loadableclass @0.16.0 (perl)
MooseX::Types::LoadableClass - ClassName type constraint with coercion to load the class.

p5.28-moosex-types-stringlike @0.3.0 (perl)
MooseX::Types::Stringlike - Moose type constraints for strings or string-like objects

p5.28-moosex-types-structured @0.360.0 (perl)
MooseX::Types::Structured - Structured Type Constraints for Moose

p5.28-mro-compat @0.150.0 (perl)
mro::* interface compatibility for Perls < 5.9.5

p5.28-net @3.150.0 (perl)
libnet is a collection of Perl modules which provides a simple and consistent programming interface (API) to the client side of various protocols used in the internet community.

p5.28-net-cli-interact @2.400.2 (perl)
Net::CLI::Interact - A toolkit for CLI automation

p5.28-net-curl @0.580.0 (perl)
Net::Curl - Perl interface for libcurl

p5.28-net-dns @1.540.0 (perl)
Net::DNS - Perl Interface to the Domain Name System

p5.28-net-frame-layer-icmpv6 @1.110.0 (perl)
Internet Control Message Protocol v6 layer object

p5.28-net-frame-layer-ipv6 @1.80.0 (perl)
Internet Protocol v6 layer object

p5.28-net-github @1.50.0 (perl)
Net::GitHub - Perl Interface for github.com

p5.28-net-idn-encode @2.500.0 (perl)
The Net::IDN::Encode perl module is used for internationalizing domain names in applications

p5.28-net-ldap-express @0.120.0 (perl)
Net::LDAP::Express - Simplified interface for Net::LDAP

p5.28-net-pcap @0.210.0 (perl)
Interface to pcap(3) LBL packet capture library

p5.28-net-ping-external @0.150.0 (perl)
Cross-platform interface to ICMP 'ping' utilities

p5.28-net-radius @2.103.0_1 (perl)
An interface to the RADIUS protocol.

p5.28-net-smtp-tls-butmaintained @0.240.0 (perl)
Net::SMTP::TLS::ButMaintained - An SMTP client supporting TLS and AUTH

p5.28-net-snmp @6.0.1_1 (perl)
Object oriented interface to SNMP

p5.28-net-ssh-perl @2.144.0 (perl)
Net::SSH::Perl - Perl client Interface to SSH

p5.28-net-telnet @3.50.0 (perl)
Interact with TELNET port or other TCP ports

p5.28-net-twitter @4.10.430 (perl)
DEPRECATED: A Perl interface to the Twitter API

p5.28-net-twitter-lite @0.120.80 (perl)
A perl interface to the Twitter API

p5.28-ole-storage_lite @0.240.0 (perl)
OLE::Storage_Lite - Simple Class for OLE document interface

p5.28-pdl-fftw3 @0.203.0 (perl)
PDL::FFTW3 - PDL interface to the Fastest Fourier Transform in the West v3

p5.28-pdl-graphics-plplot @0.740.0 (perl)
PDL::Graphics::PLplot - An object-oriented interface from Perl/PDL to the PLPLOT plotting library

p5.28-pdl-gsl @2.101.0 (perl)
PDL::GSL - PDL interface to the GNU Scientific Library

p5.28-pdl-io-gd @2.103.0 (perl)
PDL::IO::GD - Interface to the GD image library

p5.28-pdl-io-hdf @2.3.0 (perl)
PDL::IO::HDF - A PDL interface to the HDF4 library

p5.28-pdl-io-hdf5 @0.762.0 (perl)
PDL::IO::HDF5 - PDL Interface to the HDF5 Data Format.

p5.28-perl-ldap @0.680.0_1 (perl)
A client interface to LDAP servers

p5.28-plack-test-agent @1.600.0 (perl)
Plack::Test::Agent - OO interface for testing low-level Plack/PSGI apps

p5.28-pod-coverage-trustpod @0.100.6 (perl)
allow a module's pod to contain Pod::Coverage hints

p5.28-pod-elemental-transformer-list @0.102.1 (perl)
Pod::Elemental::Transformer::List - transform :list regions into =over/=back to save typing

p5.28-pod-elemental-transformer-verbatim @0.1.0 (perl)
Pod::Elemental::Transformer::Verbatim - Transform :verbatim regions into verbatim paragraphs

p5.28-psgi @1.102.0_1 (perl)
Perl Web Server Gateway Interface Specification

p5.28-regexp-assemble @0.380.0 (perl)
Combine several regular expressions into one

p5.28-session-storage-secure @1.0.0 (perl)
Session::Storage::Secure - Encrypted, expiring, compressed, serialized session data with integrity

p5.28-set-infinite @0.650.0 (perl)
Set::Infinite - Sets of intervals

p5.28-set-intspan @1.190.0 (perl)
Set::IntSpan - Manages sets of integers

p5.28-sgml-parser-opensp @0.994.0_5 (perl)
Provides an interface to the OpenSP SGML parser.

p5.28-sgmlspm @1.100.0_1 (perl)
Convert SGML, HTML, or XML documents into new formats.

p5.28-smart-comments @1.60.0 (perl)
Smart::Comments - Turn comments into debugging messages

p5.28-soap-lite @1.270.0 (perl)
A simple interface to the Simple Object Access Protocol

p5.28-specio @0.530.0 (perl)
Specio - Type constraints and coercions for Perl

p5.28-spiffy @0.460.0 (perl)
Spiffy Perl Interface Framework For You

p5.28-statistics-caseresampling @0.170.0 (perl)
Statistics::CaseResampling - Efficient resampling and calculation of medians with confidence intervals

p5.28-string-crc32 @2.100.0 (perl)
Perl interface for cyclic redundency check generation

p5.28-string-errf @0.9.0 (perl)
String::Errf - a simple sprintf-like dialect

p5.28-string-format @1.180.0 (perl)
String::Format - sprintf-like string formatting capabilities with arbitrary format definitions

p5.28-string-formatter @1.235.0 (perl)
String::Formatter - build sprintf-like functions of your own

p5.28-string-print @1.20.0 (perl)
String::Print - printf alternative

p5.28-sub-install @0.929.0 (perl)
install subroutines into packages easily

p5.28-svn-dump @0.80.0 (perl)
A Perl interface to Subversion dumps

p5.28-sys-syslog @0.360.0 (perl)
Perl interface to the UNIX syslog(3) calls

p5.28-tcl-ptk @1.110.0 (perl)
Tcl::pTk - Interface to Tcl/Tk with Perl/Tk compatible syntax

p5.28-template-gd @2.660.0_4 (perl)
Template Toolkit plugin to interface with GD modules

p5.28-template-plugin-cgi @3.101.0 (perl)
Template::Plugin::CGI - Simple Template Toolkit plugin interfacing to the CGI.pm module

p5.28-term-editline @0.110.0 (perl)
Term::EditLine is an object oriented perl interface to the NetBSD editline library.

p5.28-term-readline @1.140.0 (perl)
Term::ReadLine - Perl interface to various readline packages.

p5.28-term-table @0.28.0 (perl)
Term::Table - Format a header and rows into a table

p5.28-test-deep-type @0.8.0 (perl)
Test::Deep::Type - A Test::Deep plugin for validating type constraints

p5.28-test-directory @0.52.0 (perl)
Test::Directory - Perl extension for maintaining test directories.

p5.28-test-inter @1.120.0 (perl)
Test::Inter - framework for more readable interactive test scripts

p5.28-test-manifest @2.26.0 (perl)
Test::Manifest - interact with a t/test_manifest file

p5.28-test-mockobject @1.202.1.220 (perl)
Perl extension for emulating troublesome interfaces

p5.28-test-requiresinternet @0.50.0 (perl)
Test::RequiresInternet - Easily test network connectivity

p5.28-test-taint @1.80.0 (perl)
Test::Taint - Tools to test taintedness

p5.28-test2-harness @1.0.161 (perl)
Test2::Harness - A new and improved test harness with better Test2 integration

p5.28-test2-plugin-ioevents @0.1.1 (perl)
Test2::Plugin::IOEvents - Turn STDOUT and STDERR into Test2 events.

p5.28-tex-encode @2.10.0 (perl)
Encode/decode Perl utf-8 strings into TeX

p5.28-text-aspell @0.90.0_2 (perl)
perl interface to GNU aspell.

p5.28-text-bibtex @0.910.0 (perl)
Text::BibTeX - interface to read and parse BibTeX files

p5.28-text-iconv @1.700.0 (perl)
Perl interface to iconv() codeset conversion function

p5.28-text-kakasi @2.40.0_4 (perl, textproc, japanese)
This module provides interface to kakasi.

p5.28-text-parsewords @3.310.0 (perl)
parse text into an array of tokens or array of arrays

p5.28-text-spellchecker @0.140.0 (perl)
OO interface for spell-checking a block of text

p5.28-text-wikiformat @0.810.0_2 (perl)
Module for translating Wiki formatted text into other formats

p5.28-tk @804.36.0_1 (perl)
p5-tk is a Perl interface to Tk

p5.28-tk-graphviz @1.100.0_1 (perl)
Tk::GraphViz - Render an interactive GraphViz graph

p5.28-tkx @1.100.0 (perl)
Yet another Tk interface

p5.28-type-tiny @2.10.1 (perl)
Type::Tiny - tiny, yet Moo(se)-compatible type constraint

p5.28-type-tiny-xs @0.25.0 (perl)
Type::Tiny::XS - provides an XS boost for some of Type::Tiny's built-in type constraints

p5.28-unix-groups-ffi @1.0.0 (perl)
Unix::Groups::FFI - Interface to Unix group syscalls

p5.28-user-identity @4.0.0 (perl)
User::Identity - maintains info about a physical person

p5.28-uuid-tiny @1.40.0 (perl)
UUID::Tiny - Pure Perl UUID Support With Functional Interface

p5.28-www-curl @4.170.0_12 (perl)
Perl extension interface for libcurl

p5.28-www-shorten @3.94.0 (perl)
Interface to URL shortening sites

p5.28-www-shorten-googl @1.100.0 (perl)
Perl interface to goo.gl

p5.28-www-wolframalpha @1.100.0_3 (perl)
WWW::WolframAlpha API - Interface to Wolfram|Alpha API

p5.28-wx @0.993.200 (perl)
Interface to the wxWidgets cross-platform GUI toolkit

p5.28-xml-libxml @2.21.0_1 (perl, textproc)
Perl interface to libxml2

p5.28-xml-libxslt @2.3.0_3 (perl, textproc)
Perl interface to libxslt.

p5.28-xml-parser @2.470.0 (perl, textproc)
This is a Perl extension interface to expat.

p5.28-xml-xml2json @0.60.0 (perl)
XML::XML2JSON - Convert XML into JSON (and back again) using XML::LibXML

p5.28-xsloader @0.240.0 (perl)
XSLoader - Dynamically load C libraries into Perl code

p5.30-algorithm-diff @1.201.0 (perl)
This is a Perl extension for computing intelligent differences between two files / lists.

p5.30-alt-crypt-rsa-bigint @0.60.0 (perl)
Alt::Crypt::RSA::BigInt - RSA public-key cryptosystem, using Math::BigInt

p5.30-app-cli @0.520.0 (perl)
Dispatcher module for command line interface programs.

p5.30-archive-zip @1.680.0 (perl)
Interface to zip archive files

p5.30-astro-fits-cfitsio @1.180.0 (perl)
Interface to William Pence's cfitsio subroutine library

p5.30-async-interrupt @1.260.0 (perl)
Async::Interrupt - allow C/XS libraries to interrupt perl asynchronously

p5.30-audio-flac-header @2.400.0_5 (perl)
Interface to FLAC header metadata

p5.30-authen-pam @0.160.0 (perl)
Authen::PAM - Perl interface to PAM library

p5.30-b-debug @1.260.0 (perl)
B::Debug - Walk Perl syntax tree, printing debug info about ops

p5.30-bio-db-embl @1.7.4 (perl)
Bio::DB::EMBL - Database object interface for EMBL entry retrieval

p5.30-bit-vector @7.400.0 (perl)
Efficient bit vector, set of integers and big int math library

p5.30-business-isbn @3.12.0 (perl)
Business::ISBN - work with International Standard Book Numbers

p5.30-business-ismn @1.205.0 (perl)
International Standard Music Numbers

p5.30-business-issn @1.8.0 (perl)
Business::ISSN - Perl extension for International Standard Serial Numbers

p5.30-cache-cache @1.80.0 (perl)
Cache::Cache, the Cache interface

p5.30-cache-fastmmap @1.600.0 (perl)
Cache::FastMmap - Uses an mmap'ed file to act as a shared memory interprocess cache

p5.30-cairo @1.109.0 (perl)
Perl interface to the cairo 2d vector graphics library

p5.30-cairo-gobject @1.5.0 (perl)
Cairo::GObject - Integrate Cairo into the Glib type system

p5.30-catalyst-plugin-session-state-cookie @0.180.0 (perl)
Maintain session IDs using cookies.

p5.30-cgi @4.710.0 (perl)
CGI - Handle Common Gateway Interface requests and responses

p5.30-cgi-fast @2.170.0 (perl)
CGI::Fast - CGI Interface for Fast CGI

p5.30-cgi-fasttemplate @1.90.0_1 (perl)
CGI::FastTemplate - Perl extension for managing templates, and performing variable interpolation.

p5.30-cgi-simple @1.282.0 (perl)
CGI::Simple - A Simple totally OO CGI interface that is CGI.pm compliant

p5.30-chi @0.610.0 (perl)
CHI - Unified cache handling interface

p5.30-common-sense @3.750.0 (perl)
common::sense - best-practice strictures and pragmas condensed into a single 'use'

p5.30-compress-bzip2 @2.280.0 (perl)
Perl interface to the bzip2 compression algorithms

p5.30-compress-raw-bzip2 @2.217.0 (perl)
Compress::Raw::Bzip2 - Low-Level Interface to bzip2 compression library

p5.30-compress-raw-lzma @2.217.0 (perl)
Compress::Raw::Lzma - Low-Level Perl Interface to lzma compression library

p5.30-compress-raw-zlib @2.218.0 (perl)
Compress::Raw::Zlib - Low-Level Interface to zlib or zlib-ng compression library

p5.30-compress-snappy @0.250.0 (perl)
Perl interface to Google's Snappy (de)compressor

p5.30-compress-stream-zstd @0.217.0 (perl)
Compress::Stream::Zstd - Perl interface to the Zstd (Zstandard) (de)compressor

p5.30-convert-ascii-armour @1.400.0_3 (perl)
Convert binary octets into ASCII armoured messages.

p5.30-convert-uulib @1.800.0 (perl)
Perl interface to the uulib library

p5.30-crypt-argon2 @0.30.0 (perl)
Crypt::Argon2 - Perl interface to the Argon2 key derivation functions

p5.30-crypt-dh @0.70.0_1 (perl)
Perl5 interface to a Diffie-Hellman key exchange system

p5.30-crypt-gcrypt @1.260.0_2 (perl)
Perl interface to the GNU Cryptographic library

p5.30-crypt-openssl-bignum @0.90.0_2 (perl)
OpenSSL's multiprecision integer arithmetic

p5.30-crypt-passwdmd5 @1.420.0 (perl)
provides interoperable MD5-based crypt() functions for perl

p5.30-crypt-sysrandom @0.7.0 (perl)
Crypt::SysRandom - Perl interface to system randomness

p5.30-crypt-sysrandom-xs @0.9.0 (perl)
Crypt::SysRandom::XS - Perl interface to system randomness, XS version

p5.30-crypt-unixcrypt_xs @0.110.0 (perl)
Crypt::UnixCrypt_XS - perl xs interface for a portable traditional crypt function.

p5.30-curses-ui @0.960.900 (perl)
A curses based OO user interface framework

p5.30-data-dump @1.250.0 (perl)
Pretty printing of data structures

p5.30-data-dumper @2.183.0 (perl)
Stringified Perl data structures, suitable for both printing and eval

p5.30-data-float @0.15.0 (perl)
Data::Float - details of the floating point data type

p5.30-data-integer @0.7.0 (perl)
Data::Integer - Details of the native integer data type

p5.30-data-printer @1.2.1 (perl)
Data::Printer - colored pretty-print of Perl data structures and objects

p5.30-datetime-format-flexible @0.370.0 (perl)
DateTime::Format::Flexible - Flexibly parse strings and turn them into DateTime objects.

p5.30-dbd-mysql @5.13.0 (perl)
DBD::mysql - MySQL driver for the Perl5 Database Interface (DBI)

p5.30-dbd-sqlite2 @0.380.0 (perl)
perl dbd interface to SQLite (old version 2)

p5.30-dbix-class-introspectablem2m @0.1.2 (perl)
DBIx::Class::IntrospectableM2M - Introspect many-to-many shortcuts

p5.30-declare-constraints-simple @0.30.0 (perl)
Declare::Constraints::Simple - Declarative Validation of Data Structures

p5.30-devel-dumptrace @0.290.0 (perl)
Evaluate and print out each line before it is executed.

p5.30-devel-globaldestruction @0.140.0 (perl)
Devel::GlobalDestruction - Provides function returning true if the interpreter is in global destruction.

p5.30-devel-overloadinfo @0.8.0 (perl)
Devel::OverloadInfo - introspect overloaded operators

p5.30-devel-partialdump @0.200.0 (perl)
Devel::PartialDump - Partial dumping of data structures, optimized for argument printing.

p5.30-devel-repl @1.3.29 (perl)
Devel::REPL - a modern perl interactive shell

p5.30-devel-trace @0.120.0 (perl)
Devel::Trace - Print out each line before it is executed (like sh -x)

p5.30-digest-bubblebabble @0.20.0 (perl)
Create bubble-babble fingerprints

p5.30-digest-gost @0.60.0 (perl)
Digest::GOST - Perl interface to the GOST R 34.11-94 digest algorithm

p5.30-digest-md2 @2.40.0 (perl)
Perl interface to the MD2 Algorithm

p5.30-digest-md4 @1.900.0 (perl)
Perl interface to the MD4 Algorithm

p5.30-digest-sha1 @2.130.0_4 (perl)
Perl interface to the SHA-1 Algorithm

p5.30-dist-zilla-app-command-regenerate @0.1.3 (perl)
Dist::Zilla::App::Command::regenerate - Write content into your source tree from your release staging

p5.30-dist-zilla-plugin-git-pushinitial @0.20.0 (perl)
Dist::Zilla::Plugin::Git::PushInitial - do initial git push from your minting profile

p5.30-email-abstract @3.10.0 (perl)
Email::Abstract - unified interface to mail representations

p5.30-email-mime-encodings @1.317.0 (perl)
A unified interface to MIME encoding and decoding

p5.30-email-send @2.202.0 (perl)
This module provides a very simple, specific interface to multiple Email mailers.

p5.30-email-valid @1.204.0 (perl)
Check validity of Internet email addresses

p5.30-ev @4.370.0 (perl)
EV - perl interface to libev, a high performance full-featured event loop

p5.30-extutils-builder-compiler @0.35.0 (perl)
ExtUtils::Builder::Compiler - An interface around different compilers

p5.30-extutils-pkgconfig @1.160.0 (perl)
Simplistic interface to pkg-config

p5.30-file-find-object-rule @0.31.300 (perl)
File::Find::Object::Rule - Alternative interface to File::Find::Object

p5.30-file-find-rule @0.350.0 (perl)
File::Find::Rule - Alternative interface to File::Find

p5.30-file-keepass @2.30.0 (perl)
Interface to KeePass V1 and V2 database files

p5.30-file-modified @0.100.0 (perl)
checks intelligently if files have changed

p5.30-file-monitor @1.0.0_1 (perl)
File monitoring interface

p5.30-file-monitor-lite @0.652.3_1 (perl)
A friendly interface to File::Monitor

p5.30-file-tempdir @0.20.0_3 (perl)
Provides an object interface to tempdir() from File::Temp.

p5.30-flickr-api @1.290.0 (perl)
Perl interface to the Flickr API

p5.30-font-afm @1.200.0_2 (perl)
Interface to Adobe Font Metrics files.

p5.30-gd @2.840.0 (perl)
GD.pm - Interface to Gd Graphics Library

p5.30-getopt-argvfile @1.110.0 (perl, devel)
Getopt::ArgvFile - interpolates script options from files into @ARGV or another array

p5.30-git-wrapper @0.48.0 (perl)
Git::Wrapper - Wrap git(7) command-line interface

p5.30-glib-object-introspection @0.52.0 (perl)
Glib::Object::Introspection - Dynamically create Perl language bindings

p5.30-gnupg-interface @1.50.0 (perl)
GnuPG::Interface - Perl interface to GnuPG

p5.30-goocanvas2 @0.60.0 (perl)
GooCanvas2 - Perl binding for GooCanvas2 widget using Glib::Object::Introspection

p5.30-google-protocolbuffers @0.120.0 (perl)
simple interface to Google Protocol Buffers

p5.30-gps @0.170.0 (perl)
Perl interface to GPS receivers using Garmin or NMEA protocols

p5.30-graphics-gnuplotif @1.800.0 (perl)
Graphics::GnuplotIF - A dynamic Perl interface to gnuplot.

p5.30-graphviz @2.260.0 (perl)
Interface to the GraphViz graphing tool

p5.30-gtk3 @0.38.0 (perl)
Gtk3 - Perl interface to the 3.x series of the gtk+ toolkit

p5.30-gtk3-simplelist @0.210.0 (perl)
Gtk3::SimpleList - A simple interface to Gtk3's complex MVC list widget

p5.30-hash-merge @0.302.0 (perl)
Merges arbitrarily deep hashes into a single hash

p5.30-html-entities-interpolate @1.100.0 (perl)
HTML::Entities::Interpolate - Call HTML::Entities::encode_entities, via a hash, within a string

p5.30-html-formatter @2.160.0 (perl)
Perl modules that format HTML as plaintext, PostScript or RTF.

p5.30-html-lint @2.320.0 (perl)
a pure-Perl HTML parser and checker for syntactic legitmacy

p5.30-html-tokeparser-simple @3.160.0_1 (perl)
a simpler interface to HTML::TokeParser

p5.30-http-recorder @0.70.0 (perl)
Record interaction with websites

p5.30-http-tiny-mech @1.1.2 (perl)
HTTP::Tiny::Mech - Wrap a WWW::Mechanize instance in an HTTP::Tiny compatible interface.

p5.30-ifeffit @1.2.13_2 (perl)
Perl interface to ifeffit

p5.30-image-imlib2 @2.30.0_1 (perl)
Perl interface to the Imlib2 image library

p5.30-import-into @1.2.5 (perl)
Import::Into - import packages into other packages

p5.30-importer @0.26.0 (perl)
Importer - Alternative but compatible interface to modules that export symbols.

p5.30-internals @1.100.0_3 (perl)
This is a Perl extension for write protecting variables and manipulating refcounts.

p5.30-io-interface @1.90.0 (perl)
Perl extension for access to network card configuration information

p5.30-io-kqueue @0.390.0_1 (perl)
Perl interface to the BSD kqueue system call

p5.30-io-pty-easy @0.100.0 (perl)
Easy interface to IO::Pty

p5.30-io-socket-inet6 @2.730.0 (perl)
IO::Socket::INET6 object interface to IPv6

p5.30-io-socket-ssl @2.98.0 (perl)
IO::Socket::SSL - SSL sockets with IO::Socket interface

p5.30-io-string @1.80.0_4 (perl)
IO::String - Emulate file interface for in-core strings

p5.30-io-stty @0.40.0 (perl)
Provide an interface to TTYs and PTYs

p5.30-io-tty @1.200.0 (perl)
Provide an interface to TTYs and PTYs

p5.30-io-zlib @1.150.0 (perl)
IO::-style interface to Compress::Zlib

p5.30-ipc-sharelite @0.170.0_1 (perl)
Lightweight interface to shared memory

p5.30-iri @0.13.0 (perl)
IRI - Internationalized Resource Identifiers

p5.30-javascript-spidermonkey @0.250.0 (perl, www)
Perl interface to the JavaScript Engine

p5.30-json-parse @0.620.0 (perl)
Read JSON into a Perl variable

p5.30-lexical-sealrequirehints @0.12.0 (perl)
Lexical::SealRequireHints - prevent leakage of lexical hints

p5.30-libintl-perl @1.350.0 (perl)
Perl internationalization library

p5.30-lingua-en-numbers @2.30.0 (perl)
Lingua::EN::Numbers - turn "407" into "four hundred and seven", etc.

p5.30-lingua-ja-name-splitter @0.120.0 (perl)
Lingua::JA::Name::Splitter - split a Japanese name into given and family

p5.30-locale-gettext @1.70.0_1 (perl)
Perl interface to GNU gettext

p5.30-locale-maketext-fuzzy @0.110.0 (perl)
Maketext from already interpolated strings

p5.30-locale-maketext-simple @0.210.0_3 (perl)
Simple interface to Locale::Maketext::Lexicon.

p5.30-log-message-simple @0.100.0 (perl)
Log::Message::Simple - Simplified interface to Log::Message

p5.30-long-jump @0.0.3 (perl)
Long::Jump - Mechanism for returning to a specific point from a deeply nested stack

p5.30-mail-dkim @1.202.409.230 (perl, mail)
Mail::DKIM - Signs/verifies Internet mail with DKIM/DomainKey signatures

p5.30-mail-srs @0.310.0_3 (perl)
Mail::SRS - Interface to Sender Rewriting Scheme

p5.30-mail-webmail-gmail @1.90.0_3 (perl)
An interface to Google's webmail service

p5.30-math-anynum @0.410.0 (perl)
Math::AnyNum - Arbitrary size precision for integers, rationals, floating-points and complex numbers.

p5.30-math-bigint @2.5.3 (perl, math)
Math::BigInt - arbitrary size integer math package

p5.30-math-bigint-fastcalc @0.502.0 (perl)
Math::BigInt::FastCalc - Math::BigInt::Calc with some XS for more speed

p5.30-math-bigint-gmp @1.700.300 (perl)
Math::BigInt::GMP - Use the GMP library for Math::BigInt routines

p5.30-math-bigint-gmpz @0.1.800 (perl)
Math::BigInt::GMPz - a math backend library based on Math::GMPz

p5.30-math-bigrat @0.262.400_1 (perl)
Obsolete port, replaced by p5.30-math-bigint

p5.30-math-gmp @2.250.0 (perl)
high speed arbitrary size integer math

p5.30-math-gmpf @0.530.0 (perl)
Math::GMPf - perl interface to the GMP library's floating point (mpf) functions.

p5.30-math-gmpq @0.680.0 (perl)
Math::GMPq - perl interface to the GMP library's rational (mpq) functions.

p5.30-math-gmpz @0.680.0 (perl)
Math::GMPz - perl interface to the GMP library's integer (mpz) functions.

p5.30-math-int64 @0.570.0 (perl)
Math::Int64 - Manipulate 64-bit integers in Perl

p5.30-math-longdouble @0.260.0 (perl)
Math::LongDouble - perl interface to C's long double operations

p5.30-math-mpc @1.330.0 (perl)
Math::MPC - perl interface to the MPC (multi precision complex) library.

p5.30-math-mpfi @0.130.0 (perl)
Perl interface to the MPFI (interval arithmetic) library.

p5.30-math-mpfr @4.460.0 (perl, math)
Math::MPFR - perl interface to the MPFR (floating point) library.

p5.30-math-pari @2.30.528 (perl)
Math::Pari - Perl interface to PARI.

p5.30-math-random-isaac @1.4.0 (perl, math)
Perl interface to the ISAAC PRNG algorithm

p5.30-math-spline @0.20.0 (perl)
Cubic Spline Interpolation of data

p5.30-mediawiki-api @0.520.0 (perl)
MediaWiki::API - Provides a Perl interface to the MediaWiki API

p5.30-monotone-automatestdio @1.100.0 (perl)
Perl interface to Monotone via automate stdio

p5.30-moosex-meta-typeconstraint-mooish @0.1.0 (perl)
MooseX::Meta::TypeConstraint::Mooish - Translate Moo-style constraints to Moose-style

p5.30-moosex-methodattributes @0.320.0 (perl)
code attribute introspection

p5.30-moosex-singleton @0.300.0 (perl)
MooseX::Singleton - turn your Moose class into a singleton

p5.30-moosex-types-common @0.1.15 (perl)
MooseX::Types::Common - A library of commonly used type constraints

p5.30-moosex-types-datetime @0.140.0 (perl)
MooseX::Types::DateTime - DateTime related constraints and coercions for Moose

p5.30-moosex-types-loadableclass @0.16.0 (perl)
MooseX::Types::LoadableClass - ClassName type constraint with coercion to load the class.

p5.30-moosex-types-stringlike @0.3.0 (perl)
MooseX::Types::Stringlike - Moose type constraints for strings or string-like objects

p5.30-moosex-types-structured @0.360.0 (perl)
MooseX::Types::Structured - Structured Type Constraints for Moose

p5.30-mro-compat @0.150.0 (perl)
mro::* interface compatibility for Perls < 5.9.5

p5.30-net @3.150.0 (perl)
libnet is a collection of Perl modules which provides a simple and consistent programming interface (API) to the client side of various protocols used in the internet community.

p5.30-net-cli-interact @2.400.2 (perl)
Net::CLI::Interact - A toolkit for CLI automation

p5.30-net-curl @0.580.0 (perl)
Net::Curl - Perl interface for libcurl

p5.30-net-dns @1.540.0 (perl)
Net::DNS - Perl Interface to the Domain Name System

p5.30-net-eboks @0.110.0 (perl)
Interface for e-Boks, the Danish national email system.

p5.30-net-frame-layer-icmpv6 @1.110.0 (perl)
Internet Control Message Protocol v6 layer object

p5.30-net-frame-layer-ipv6 @1.80.0 (perl)
Internet Protocol v6 layer object

p5.30-net-github @1.50.0 (perl)
Net::GitHub - Perl Interface for github.com

p5.30-net-idn-encode @2.500.0 (perl)
The Net::IDN::Encode perl module is used for internationalizing domain names in applications

p5.30-net-ldap-express @0.120.0 (perl)
Net::LDAP::Express - Simplified interface for Net::LDAP

p5.30-net-pcap @0.210.0 (perl)
Interface to pcap(3) LBL packet capture library

p5.30-net-ping-external @0.150.0 (perl)
Cross-platform interface to ICMP 'ping' utilities

p5.30-net-radius @2.103.0_1 (perl)
An interface to the RADIUS protocol.

p5.30-net-smtp-tls-butmaintained @0.240.0 (perl)
Net::SMTP::TLS::ButMaintained - An SMTP client supporting TLS and AUTH

p5.30-net-snmp @6.0.1_1 (perl)
Object oriented interface to SNMP

p5.30-net-ssh-perl @2.144.0 (perl)
Net::SSH::Perl - Perl client Interface to SSH

p5.30-net-telnet @3.50.0 (perl)
Interact with TELNET port or other TCP ports

p5.30-net-twitter @4.10.430 (perl)
DEPRECATED: A Perl interface to the Twitter API

p5.30-net-twitter-lite @0.120.80 (perl)
A perl interface to the Twitter API

p5.30-ole-storage_lite @0.240.0 (perl)
OLE::Storage_Lite - Simple Class for OLE document interface

p5.30-pdl-fftw3 @0.203.0 (perl)
PDL::FFTW3 - PDL interface to the Fastest Fourier Transform in the West v3

p5.30-pdl-graphics-plplot @0.740.0 (perl)
PDL::Graphics::PLplot - An object-oriented interface from Perl/PDL to the PLPLOT plotting library

p5.30-pdl-gsl @2.101.0 (perl)
PDL::GSL - PDL interface to the GNU Scientific Library

p5.30-pdl-io-gd @2.103.0 (perl)
PDL::IO::GD - Interface to the GD image library

p5.30-pdl-io-hdf @2.3.0 (perl)
PDL::IO::HDF - A PDL interface to the HDF4 library

p5.30-pdl-io-hdf5 @0.762.0 (perl)
PDL::IO::HDF5 - PDL Interface to the HDF5 Data Format.

p5.30-perl-ldap @0.680.0_1 (perl)
A client interface to LDAP servers

p5.30-plack-test-agent @1.600.0 (perl)
Plack::Test::Agent - OO interface for testing low-level Plack/PSGI apps

p5.30-pod-coverage-trustpod @0.100.6 (perl)
allow a module's pod to contain Pod::Coverage hints

p5.30-pod-elemental-transformer-list @0.102.1 (perl)
Pod::Elemental::Transformer::List - transform :list regions into =over/=back to save typing

p5.30-pod-elemental-transformer-verbatim @0.1.0 (perl)
Pod::Elemental::Transformer::Verbatim - Transform :verbatim regions into verbatim paragraphs

p5.30-psgi @1.102.0_1 (perl)
Perl Web Server Gateway Interface Specification

p5.30-regexp-assemble @0.380.0 (perl)
Combine several regular expressions into one

p5.30-session-storage-secure @1.0.0 (perl)
Session::Storage::Secure - Encrypted, expiring, compressed, serialized session data with integrity

p5.30-set-infinite @0.650.0 (perl)
Set::Infinite - Sets of intervals

p5.30-set-intspan @1.190.0 (perl)
Set::IntSpan - Manages sets of integers

p5.30-sgml-parser-opensp @0.994.0_5 (perl)
Provides an interface to the OpenSP SGML parser.

p5.30-sgmlspm @1.100.0_1 (perl)
Convert SGML, HTML, or XML documents into new formats.

p5.30-smart-comments @1.60.0 (perl)
Smart::Comments - Turn comments into debugging messages

p5.30-soap-lite @1.270.0 (perl)
A simple interface to the Simple Object Access Protocol

p5.30-specio @0.530.0 (perl)
Specio - Type constraints and coercions for Perl

p5.30-spiffy @0.460.0 (perl)
Spiffy Perl Interface Framework For You

p5.30-statistics-caseresampling @0.170.0 (perl)
Statistics::CaseResampling - Efficient resampling and calculation of medians with confidence intervals

p5.30-string-crc32 @2.100.0 (perl)
Perl interface for cyclic redundency check generation

p5.30-string-errf @0.9.0 (perl)
String::Errf - a simple sprintf-like dialect

p5.30-string-format @1.180.0 (perl)
String::Format - sprintf-like string formatting capabilities with arbitrary format definitions

p5.30-string-formatter @1.235.0 (perl)
String::Formatter - build sprintf-like functions of your own

p5.30-string-print @1.20.0 (perl)
String::Print - printf alternative

p5.30-sub-install @0.929.0 (perl)
install subroutines into packages easily

p5.30-svn-dump @0.80.0 (perl)
A Perl interface to Subversion dumps

p5.30-sys-syslog @0.360.0 (perl)
Perl interface to the UNIX syslog(3) calls

p5.30-tcl-ptk @1.110.0 (perl)
Tcl::pTk - Interface to Tcl/Tk with Perl/Tk compatible syntax

p5.30-template-gd @2.660.0_4 (perl)
Template Toolkit plugin to interface with GD modules

p5.30-template-plugin-cgi @3.101.0 (perl)
Template::Plugin::CGI - Simple Template Toolkit plugin interfacing to the CGI.pm module

p5.30-term-editline @0.110.0 (perl)
Term::EditLine is an object oriented perl interface to the NetBSD editline library.

p5.30-term-readline @1.140.0 (perl)
Term::ReadLine - Perl interface to various readline packages.

p5.30-term-table @0.28.0 (perl)
Term::Table - Format a header and rows into a table

p5.30-test-deep-type @0.8.0 (perl)
Test::Deep::Type - A Test::Deep plugin for validating type constraints

p5.30-test-directory @0.52.0 (perl)
Test::Directory - Perl extension for maintaining test directories.

p5.30-test-inter @1.120.0 (perl)
Test::Inter - framework for more readable interactive test scripts

p5.30-test-manifest @2.26.0 (perl)
Test::Manifest - interact with a t/test_manifest file

p5.30-test-mockobject @1.202.1.220 (perl)
Perl extension for emulating troublesome interfaces

p5.30-test-requiresinternet @0.50.0 (perl)
Test::RequiresInternet - Easily test network connectivity

p5.30-test-taint @1.80.0 (perl)
Test::Taint - Tools to test taintedness

p5.30-test2-harness @1.0.161 (perl)
Test2::Harness - A new and improved test harness with better Test2 integration

p5.30-test2-plugin-ioevents @0.1.1 (perl)
Test2::Plugin::IOEvents - Turn STDOUT and STDERR into Test2 events.

p5.30-tex-encode @2.10.0 (perl)
Encode/decode Perl utf-8 strings into TeX

p5.30-text-aspell @0.90.0_2 (perl)
perl interface to GNU aspell.

p5.30-text-bibtex @0.910.0 (perl)
Text::BibTeX - interface to read and parse BibTeX files

p5.30-text-iconv @1.700.0 (perl)
Perl interface to iconv() codeset conversion function

p5.30-text-kakasi @2.40.0_4 (perl, textproc, japanese)
This module provides interface to kakasi.

p5.30-text-parsewords @3.310.0 (perl)
parse text into an array of tokens or array of arrays

p5.30-text-spellchecker @0.140.0 (perl)
OO interface for spell-checking a block of text

p5.30-text-wikiformat @0.810.0_2 (perl)
Module for translating Wiki formatted text into other formats

p5.30-tk @804.36.0_1 (perl)
p5-tk is a Perl interface to Tk

p5.30-tk-graphviz @1.100.0_1 (perl)
Tk::GraphViz - Render an interactive GraphViz graph

p5.30-tkx @1.100.0 (perl)
Yet another Tk interface

p5.30-type-tiny @2.10.1 (perl)
Type::Tiny - tiny, yet Moo(se)-compatible type constraint

p5.30-type-tiny-xs @0.25.0 (perl)
Type::Tiny::XS - provides an XS boost for some of Type::Tiny's built-in type constraints

p5.30-unix-groups-ffi @1.0.0 (perl)
Unix::Groups::FFI - Interface to Unix group syscalls

p5.30-user-identity @4.0.0 (perl)
User::Identity - maintains info about a physical person

p5.30-uuid-tiny @1.40.0 (perl)
UUID::Tiny - Pure Perl UUID Support With Functional Interface

p5.30-www-curl @4.170.0_12 (perl)
Perl extension interface for libcurl

p5.30-www-shorten @3.94.0 (perl)
Interface to URL shortening sites

p5.30-www-shorten-googl @1.100.0 (perl)
Perl interface to goo.gl

p5.30-www-wolframalpha @1.100.0_3 (perl)
WWW::WolframAlpha API - Interface to Wolfram|Alpha API

p5.30-wx @0.993.200 (perl)
Interface to the wxWidgets cross-platform GUI toolkit

p5.30-xml-libxml @2.21.0_1 (perl, textproc)
Perl interface to libxml2

p5.30-xml-libxslt @2.3.0_3 (perl, textproc)
Perl interface to libxslt.

p5.30-xml-parser @2.470.0 (perl, textproc)
This is a Perl extension interface to expat.

p5.30-xml-xml2json @0.60.0 (perl)
XML::XML2JSON - Convert XML into JSON (and back again) using XML::LibXML

p5.30-xsloader @0.240.0 (perl)
XSLoader - Dynamically load C libraries into Perl code

p5.32-algorithm-diff @1.201.0 (perl)
This is a Perl extension for computing intelligent differences between two files / lists.

p5.32-alt-crypt-rsa-bigint @0.60.0 (perl)
Alt::Crypt::RSA::BigInt - RSA public-key cryptosystem, using Math::BigInt

p5.32-app-cli @0.520.0 (perl)
Dispatcher module for command line interface programs.

p5.32-archive-zip @1.680.0 (perl)
Interface to zip archive files

p5.32-astro-fits-cfitsio @1.180.0 (perl)
Interface to William Pence's cfitsio subroutine library

p5.32-async-interrupt @1.260.0 (perl)
Async::Interrupt - allow C/XS libraries to interrupt perl asynchronously

p5.32-audio-flac-header @2.400.0_5 (perl)
Interface to FLAC header metadata

p5.32-authen-pam @0.160.0 (perl)
Authen::PAM - Perl interface to PAM library

p5.32-b-debug @1.260.0 (perl)
B::Debug - Walk Perl syntax tree, printing debug info about ops

p5.32-bio-db-embl @1.7.4 (perl)
Bio::DB::EMBL - Database object interface for EMBL entry retrieval

p5.32-bit-vector @7.400.0 (perl)
Efficient bit vector, set of integers and big int math library

p5.32-business-isbn @3.12.0 (perl)
Business::ISBN - work with International Standard Book Numbers

p5.32-business-ismn @1.205.0 (perl)
International Standard Music Numbers

p5.32-business-issn @1.8.0 (perl)
Business::ISSN - Perl extension for International Standard Serial Numbers

p5.32-cache-cache @1.80.0 (perl)
Cache::Cache, the Cache interface

p5.32-cache-fastmmap @1.600.0 (perl)
Cache::FastMmap - Uses an mmap'ed file to act as a shared memory interprocess cache

p5.32-cairo @1.109.0 (perl)
Perl interface to the cairo 2d vector graphics library

p5.32-cairo-gobject @1.5.0 (perl)
Cairo::GObject - Integrate Cairo into the Glib type system

p5.32-catalyst-plugin-session-state-cookie @0.180.0 (perl)
Maintain session IDs using cookies.

p5.32-cgi @4.710.0 (perl)
CGI - Handle Common Gateway Interface requests and responses

p5.32-cgi-fast @2.170.0 (perl)
CGI::Fast - CGI Interface for Fast CGI

p5.32-cgi-fasttemplate @1.90.0_1 (perl)
CGI::FastTemplate - Perl extension for managing templates, and performing variable interpolation.

p5.32-cgi-simple @1.282.0 (perl)
CGI::Simple - A Simple totally OO CGI interface that is CGI.pm compliant

p5.32-chi @0.610.0 (perl)
CHI - Unified cache handling interface

p5.32-common-sense @3.750.0 (perl)
common::sense - best-practice strictures and pragmas condensed into a single 'use'

p5.32-compress-bzip2 @2.280.0 (perl)
Perl interface to the bzip2 compression algorithms

p5.32-compress-raw-bzip2 @2.217.0 (perl)
Compress::Raw::Bzip2 - Low-Level Interface to bzip2 compression library

p5.32-compress-raw-lzma @2.217.0 (perl)
Compress::Raw::Lzma - Low-Level Perl Interface to lzma compression library

p5.32-compress-raw-zlib @2.218.0 (perl)
Compress::Raw::Zlib - Low-Level Interface to zlib or zlib-ng compression library

p5.32-compress-snappy @0.250.0 (perl)
Perl interface to Google's Snappy (de)compressor

p5.32-compress-stream-zstd @0.217.0 (perl)
Compress::Stream::Zstd - Perl interface to the Zstd (Zstandard) (de)compressor

p5.32-convert-ascii-armour @1.400.0_3 (perl)
Convert binary octets into ASCII armoured messages.

p5.32-convert-uulib @1.800.0 (perl)
Perl interface to the uulib library

p5.32-crypt-argon2 @0.30.0 (perl)
Crypt::Argon2 - Perl interface to the Argon2 key derivation functions

p5.32-crypt-dh @0.70.0_1 (perl)
Perl5 interface to a Diffie-Hellman key exchange system

p5.32-crypt-gcrypt @1.260.0_2 (perl)
Perl interface to the GNU Cryptographic library

p5.32-crypt-openssl-bignum @0.90.0_2 (perl)
OpenSSL's multiprecision integer arithmetic

p5.32-crypt-passwdmd5 @1.420.0 (perl)
provides interoperable MD5-based crypt() functions for perl

p5.32-crypt-sysrandom @0.7.0 (perl)
Crypt::SysRandom - Perl interface to system randomness

p5.32-crypt-sysrandom-xs @0.9.0 (perl)
Crypt::SysRandom::XS - Perl interface to system randomness, XS version

p5.32-crypt-unixcrypt_xs @0.110.0 (perl)
Crypt::UnixCrypt_XS - perl xs interface for a portable traditional crypt function.

p5.32-curses-ui @0.960.900 (perl)
A curses based OO user interface framework

p5.32-data-dump @1.250.0 (perl)
Pretty printing of data structures

p5.32-data-dumper @2.183.0 (perl)
Stringified Perl data structures, suitable for both printing and eval

p5.32-data-float @0.15.0 (perl)
Data::Float - details of the floating point data type

p5.32-data-integer @0.7.0 (perl)
Data::Integer - Details of the native integer data type

p5.32-data-printer @1.2.1 (perl)
Data::Printer - colored pretty-print of Perl data structures and objects

p5.32-datetime-format-flexible @0.370.0 (perl)
DateTime::Format::Flexible - Flexibly parse strings and turn them into DateTime objects.

p5.32-dbd-mysql @5.13.0 (perl)
DBD::mysql - MySQL driver for the Perl5 Database Interface (DBI)

p5.32-dbd-sqlite2 @0.380.0 (perl)
perl dbd interface to SQLite (old version 2)

p5.32-dbix-class-introspectablem2m @0.1.2 (perl)
DBIx::Class::IntrospectableM2M - Introspect many-to-many shortcuts

p5.32-declare-constraints-simple @0.30.0 (perl)
Declare::Constraints::Simple - Declarative Validation of Data Structures

p5.32-devel-dumptrace @0.290.0 (perl)
Evaluate and print out each line before it is executed.

p5.32-devel-globaldestruction @0.140.0 (perl)
Devel::GlobalDestruction - Provides function returning true if the interpreter is in global destruction.

p5.32-devel-overloadinfo @0.8.0 (perl)
Devel::OverloadInfo - introspect overloaded operators

p5.32-devel-partialdump @0.200.0 (perl)
Devel::PartialDump - Partial dumping of data structures, optimized for argument printing.

p5.32-devel-repl @1.3.29 (perl)
Devel::REPL - a modern perl interactive shell

p5.32-devel-trace @0.120.0 (perl)
Devel::Trace - Print out each line before it is executed (like sh -x)

p5.32-digest-bubblebabble @0.20.0 (perl)
Create bubble-babble fingerprints

p5.32-digest-gost @0.60.0 (perl)
Digest::GOST - Perl interface to the GOST R 34.11-94 digest algorithm

p5.32-digest-md2 @2.40.0 (perl)
Perl interface to the MD2 Algorithm

p5.32-digest-md4 @1.900.0 (perl)
Perl interface to the MD4 Algorithm

p5.32-digest-sha1 @2.130.0_4 (perl)
Perl interface to the SHA-1 Algorithm

p5.32-dist-zilla-app-command-regenerate @0.1.3 (perl)
Dist::Zilla::App::Command::regenerate - Write content into your source tree from your release staging

p5.32-dist-zilla-plugin-git-pushinitial @0.20.0 (perl)
Dist::Zilla::Plugin::Git::PushInitial - do initial git push from your minting profile

p5.32-email-abstract @3.10.0 (perl)
Email::Abstract - unified interface to mail representations

p5.32-email-mime-encodings @1.317.0 (perl)
A unified interface to MIME encoding and decoding

p5.32-email-send @2.202.0 (perl)
This module provides a very simple, specific interface to multiple Email mailers.

p5.32-email-valid @1.204.0 (perl)
Check validity of Internet email addresses

p5.32-ev @4.370.0 (perl)
EV - perl interface to libev, a high performance full-featured event loop

p5.32-extutils-builder-compiler @0.35.0 (perl)
ExtUtils::Builder::Compiler - An interface around different compilers

p5.32-extutils-pkgconfig @1.160.0 (perl)
Simplistic interface to pkg-config

p5.32-file-find-object-rule @0.31.300 (perl)
File::Find::Object::Rule - Alternative interface to File::Find::Object

p5.32-file-find-rule @0.350.0 (perl)
File::Find::Rule - Alternative interface to File::Find

p5.32-file-keepass @2.30.0 (perl)
Interface to KeePass V1 and V2 database files

p5.32-file-modified @0.100.0 (perl)
checks intelligently if files have changed

p5.32-file-monitor @1.0.0_1 (perl)
File monitoring interface

p5.32-file-monitor-lite @0.652.3_1 (perl)
A friendly interface to File::Monitor

p5.32-file-tempdir @0.20.0_3 (perl)
Provides an object interface to tempdir() from File::Temp.

p5.32-flickr-api @1.290.0 (perl)
Perl interface to the Flickr API

p5.32-font-afm @1.200.0_2 (perl)
Interface to Adobe Font Metrics files.

p5.32-gd @2.840.0 (perl)
GD.pm - Interface to Gd Graphics Library

p5.32-getopt-argvfile @1.110.0 (perl, devel)
Getopt::ArgvFile - interpolates script options from files into @ARGV or another array

p5.32-git-wrapper @0.48.0 (perl)
Git::Wrapper - Wrap git(7) command-line interface

p5.32-glib-object-introspection @0.52.0 (perl)
Glib::Object::Introspection - Dynamically create Perl language bindings

p5.32-gnupg-interface @1.50.0 (perl)
GnuPG::Interface - Perl interface to GnuPG

p5.32-goocanvas2 @0.60.0 (perl)
GooCanvas2 - Perl binding for GooCanvas2 widget using Glib::Object::Introspection

p5.32-google-protocolbuffers @0.120.0 (perl)
simple interface to Google Protocol Buffers

p5.32-gps @0.170.0 (perl)
Perl interface to GPS receivers using Garmin or NMEA protocols

p5.32-graphics-gnuplotif @1.800.0 (perl)
Graphics::GnuplotIF - A dynamic Perl interface to gnuplot.

p5.32-graphviz @2.260.0 (perl)
Interface to the GraphViz graphing tool

p5.32-gtk3 @0.38.0 (perl)
Gtk3 - Perl interface to the 3.x series of the gtk+ toolkit

p5.32-gtk3-simplelist @0.210.0 (perl)
Gtk3::SimpleList - A simple interface to Gtk3's complex MVC list widget

p5.32-hash-merge @0.302.0 (perl)
Merges arbitrarily deep hashes into a single hash

p5.32-html-entities-interpolate @1.100.0 (perl)
HTML::Entities::Interpolate - Call HTML::Entities::encode_entities, via a hash, within a string

p5.32-html-formatter @2.160.0 (perl)
Perl modules that format HTML as plaintext, PostScript or RTF.

p5.32-html-lint @2.320.0 (perl)
a pure-Perl HTML parser and checker for syntactic legitmacy

p5.32-html-tokeparser-simple @3.160.0_1 (perl)
a simpler interface to HTML::TokeParser

p5.32-http-recorder @0.70.0 (perl)
Record interaction with websites

p5.32-http-tiny-mech @1.1.2 (perl)
HTTP::Tiny::Mech - Wrap a WWW::Mechanize instance in an HTTP::Tiny compatible interface.

p5.32-ifeffit @1.2.13_2 (perl)
Perl interface to ifeffit

p5.32-image-imlib2 @2.30.0_1 (perl)
Perl interface to the Imlib2 image library

p5.32-import-into @1.2.5 (perl)
Import::Into - import packages into other packages

p5.32-importer @0.26.0 (perl)
Importer - Alternative but compatible interface to modules that export symbols.

p5.32-internals @1.100.0_3 (perl)
This is a Perl extension for write protecting variables and manipulating refcounts.

p5.32-io-interface @1.90.0 (perl)
Perl extension for access to network card configuration information

p5.32-io-kqueue @0.390.0_1 (perl)
Perl interface to the BSD kqueue system call

p5.32-io-pty-easy @0.100.0 (perl)
Easy interface to IO::Pty

p5.32-io-socket-inet6 @2.730.0 (perl)
IO::Socket::INET6 object interface to IPv6

p5.32-io-socket-ssl @2.98.0 (perl)
IO::Socket::SSL - SSL sockets with IO::Socket interface

p5.32-io-string @1.80.0_4 (perl)
IO::String - Emulate file interface for in-core strings

p5.32-io-stty @0.40.0 (perl)
Provide an interface to TTYs and PTYs

p5.32-io-tty @1.200.0 (perl)
Provide an interface to TTYs and PTYs

p5.32-io-zlib @1.150.0 (perl)
IO::-style interface to Compress::Zlib

p5.32-ipc-sharelite @0.170.0_1 (perl)
Lightweight interface to shared memory

p5.32-iri @0.13.0 (perl)
IRI - Internationalized Resource Identifiers

p5.32-javascript-spidermonkey @0.250.0 (perl, www)
Perl interface to the JavaScript Engine

p5.32-json-parse @0.620.0 (perl)
Read JSON into a Perl variable

p5.32-lexical-sealrequirehints @0.12.0 (perl)
Lexical::SealRequireHints - prevent leakage of lexical hints

p5.32-libintl-perl @1.350.0 (perl)
Perl internationalization library

p5.32-lingua-en-numbers @2.30.0 (perl)
Lingua::EN::Numbers - turn "407" into "four hundred and seven", etc.

p5.32-lingua-ja-name-splitter @0.120.0 (perl)
Lingua::JA::Name::Splitter - split a Japanese name into given and family

p5.32-locale-gettext @1.70.0_1 (perl)
Perl interface to GNU gettext

p5.32-locale-maketext-fuzzy @0.110.0 (perl)
Maketext from already interpolated strings

p5.32-locale-maketext-simple @0.210.0_3 (perl)
Simple interface to Locale::Maketext::Lexicon.

p5.32-log-message-simple @0.100.0 (perl)
Log::Message::Simple - Simplified interface to Log::Message

p5.32-long-jump @0.0.3 (perl)
Long::Jump - Mechanism for returning to a specific point from a deeply nested stack

p5.32-mail-dkim @1.202.409.230 (perl, mail)
Mail::DKIM - Signs/verifies Internet mail with DKIM/DomainKey signatures

p5.32-mail-srs @0.310.0_3 (perl)
Mail::SRS - Interface to Sender Rewriting Scheme

p5.32-mail-webmail-gmail @1.90.0_3 (perl)
An interface to Google's webmail service

p5.32-math-anynum @0.410.0 (perl)
Math::AnyNum - Arbitrary size precision for integers, rationals, floating-points and complex numbers.

p5.32-math-bigint @2.5.3 (perl, math)
Math::BigInt - arbitrary size integer math package

p5.32-math-bigint-fastcalc @0.502.0 (perl)
Math::BigInt::FastCalc - Math::BigInt::Calc with some XS for more speed

p5.32-math-bigint-gmp @1.700.300 (perl)
Math::BigInt::GMP - Use the GMP library for Math::BigInt routines

p5.32-math-bigint-gmpz @0.1.800 (perl)
Math::BigInt::GMPz - a math backend library based on Math::GMPz

p5.32-math-bigrat @0.262.400_1 (perl)
Obsolete port, replaced by p5.32-math-bigint

p5.32-math-gmp @2.250.0 (perl)
high speed arbitrary size integer math

p5.32-math-gmpf @0.530.0 (perl)
Math::GMPf - perl interface to the GMP library's floating point (mpf) functions.

p5.32-math-gmpq @0.680.0 (perl)
Math::GMPq - perl interface to the GMP library's rational (mpq) functions.

p5.32-math-gmpz @0.680.0 (perl)
Math::GMPz - perl interface to the GMP library's integer (mpz) functions.

p5.32-math-int64 @0.570.0 (perl)
Math::Int64 - Manipulate 64-bit integers in Perl

p5.32-math-longdouble @0.260.0 (perl)
Math::LongDouble - perl interface to C's long double operations

p5.32-math-mpc @1.330.0 (perl)
Math::MPC - perl interface to the MPC (multi precision complex) library.

p5.32-math-mpfi @0.130.0 (perl)
Perl interface to the MPFI (interval arithmetic) library.

p5.32-math-mpfr @4.460.0 (perl, math)
Math::MPFR - perl interface to the MPFR (floating point) library.

p5.32-math-pari @2.30.528 (perl)
Math::Pari - Perl interface to PARI.

p5.32-math-random-isaac @1.4.0 (perl, math)
Perl interface to the ISAAC PRNG algorithm

p5.32-math-spline @0.20.0 (perl)
Cubic Spline Interpolation of data

p5.32-mediawiki-api @0.520.0 (perl)
MediaWiki::API - Provides a Perl interface to the MediaWiki API

p5.32-monotone-automatestdio @1.100.0 (perl)
Perl interface to Monotone via automate stdio

p5.32-moosex-meta-typeconstraint-mooish @0.1.0 (perl)
MooseX::Meta::TypeConstraint::Mooish - Translate Moo-style constraints to Moose-style

p5.32-moosex-methodattributes @0.320.0 (perl)
code attribute introspection

p5.32-moosex-singleton @0.300.0 (perl)
MooseX::Singleton - turn your Moose class into a singleton

p5.32-moosex-types-common @0.1.15 (perl)
MooseX::Types::Common - A library of commonly used type constraints

p5.32-moosex-types-datetime @0.140.0 (perl)
MooseX::Types::DateTime - DateTime related constraints and coercions for Moose

p5.32-moosex-types-loadableclass @0.16.0 (perl)
MooseX::Types::LoadableClass - ClassName type constraint with coercion to load the class.

p5.32-moosex-types-stringlike @0.3.0 (perl)
MooseX::Types::Stringlike - Moose type constraints for strings or string-like objects

p5.32-moosex-types-structured @0.360.0 (perl)
MooseX::Types::Structured - Structured Type Constraints for Moose

p5.32-mro-compat @0.150.0 (perl)
mro::* interface compatibility for Perls < 5.9.5

p5.32-net @3.150.0 (perl)
libnet is a collection of Perl modules which provides a simple and consistent programming interface (API) to the client side of various protocols used in the internet community.

p5.32-net-cli-interact @2.400.2 (perl)
Net::CLI::Interact - A toolkit for CLI automation

p5.32-net-curl @0.580.0 (perl)
Net::Curl - Perl interface for libcurl

p5.32-net-dns @1.540.0 (perl)
Net::DNS - Perl Interface to the Domain Name System

p5.32-net-eboks @0.110.0 (perl)
Interface for e-Boks, the Danish national email system.

p5.32-net-frame-layer-icmpv6 @1.110.0 (perl)
Internet Control Message Protocol v6 layer object

p5.32-net-frame-layer-ipv6 @1.80.0 (perl)
Internet Protocol v6 layer object

p5.32-net-github @1.50.0 (perl)
Net::GitHub - Perl Interface for github.com

p5.32-net-idn-encode @2.500.0 (perl)
The Net::IDN::Encode perl module is used for internationalizing domain names in applications

p5.32-net-ldap-express @0.120.0 (perl)
Net::LDAP::Express - Simplified interface for Net::LDAP

p5.32-net-pcap @0.210.0 (perl)
Interface to pcap(3) LBL packet capture library

p5.32-net-ping-external @0.150.0 (perl)
Cross-platform interface to ICMP 'ping' utilities

p5.32-net-radius @2.103.0_1 (perl)
An interface to the RADIUS protocol.

p5.32-net-smtp-tls-butmaintained @0.240.0 (perl)
Net::SMTP::TLS::ButMaintained - An SMTP client supporting TLS and AUTH

p5.32-net-snmp @6.0.1_1 (perl)
Object oriented interface to SNMP

p5.32-net-ssh-perl @2.144.0 (perl)
Net::SSH::Perl - Perl client Interface to SSH

p5.32-net-telnet @3.50.0 (perl)
Interact with TELNET port or other TCP ports

p5.32-net-twitter @4.10.430 (perl)
DEPRECATED: A Perl interface to the Twitter API

p5.32-net-twitter-lite @0.120.80 (perl)
A perl interface to the Twitter API

p5.32-ole-storage_lite @0.240.0 (perl)
OLE::Storage_Lite - Simple Class for OLE document interface

p5.32-pdl-fftw3 @0.203.0 (perl)
PDL::FFTW3 - PDL interface to the Fastest Fourier Transform in the West v3

p5.32-pdl-graphics-plplot @0.740.0 (perl)
PDL::Graphics::PLplot - An object-oriented interface from Perl/PDL to the PLPLOT plotting library

p5.32-pdl-gsl @2.101.0 (perl)
PDL::GSL - PDL interface to the GNU Scientific Library

p5.32-pdl-io-gd @2.103.0 (perl)
PDL::IO::GD - Interface to the GD image library

p5.32-pdl-io-hdf @2.3.0 (perl)
PDL::IO::HDF - A PDL interface to the HDF4 library

p5.32-pdl-io-hdf5 @0.762.0 (perl)
PDL::IO::HDF5 - PDL Interface to the HDF5 Data Format.

p5.32-perl-ldap @0.680.0_1 (perl)
A client interface to LDAP servers

p5.32-plack-test-agent @1.600.0 (perl)
Plack::Test::Agent - OO interface for testing low-level Plack/PSGI apps

p5.32-pod-coverage-trustpod @0.100.6 (perl)
allow a module's pod to contain Pod::Coverage hints

p5.32-pod-elemental-transformer-list @0.102.1 (perl)
Pod::Elemental::Transformer::List - transform :list regions into =over/=back to save typing

p5.32-pod-elemental-transformer-verbatim @0.1.0 (perl)
Pod::Elemental::Transformer::Verbatim - Transform :verbatim regions into verbatim paragraphs

p5.32-psgi @1.102.0_1 (perl)
Perl Web Server Gateway Interface Specification

p5.32-regexp-assemble @0.380.0 (perl)
Combine several regular expressions into one

p5.32-session-storage-secure @1.0.0 (perl)
Session::Storage::Secure - Encrypted, expiring, compressed, serialized session data with integrity

p5.32-set-infinite @0.650.0 (perl)
Set::Infinite - Sets of intervals

p5.32-set-intspan @1.190.0 (perl)
Set::IntSpan - Manages sets of integers

p5.32-sgml-parser-opensp @0.994.0_5 (perl)
Provides an interface to the OpenSP SGML parser.

p5.32-sgmlspm @1.100.0_1 (perl)
Convert SGML, HTML, or XML documents into new formats.

p5.32-smart-comments @1.60.0 (perl)
Smart::Comments - Turn comments into debugging messages

p5.32-soap-lite @1.270.0 (perl)
A simple interface to the Simple Object Access Protocol

p5.32-specio @0.530.0 (perl)
Specio - Type constraints and coercions for Perl

p5.32-spiffy @0.460.0 (perl)
Spiffy Perl Interface Framework For You

p5.32-statistics-caseresampling @0.170.0 (perl)
Statistics::CaseResampling - Efficient resampling and calculation of medians with confidence intervals

p5.32-string-crc32 @2.100.0 (perl)
Perl interface for cyclic redundency check generation

p5.32-string-errf @0.9.0 (perl)
String::Errf - a simple sprintf-like dialect

p5.32-string-format @1.180.0 (perl)
String::Format - sprintf-like string formatting capabilities with arbitrary format definitions

p5.32-string-formatter @1.235.0 (perl)
String::Formatter - build sprintf-like functions of your own

p5.32-string-print @1.20.0 (perl)
String::Print - printf alternative

p5.32-sub-install @0.929.0 (perl)
install subroutines into packages easily

p5.32-svn-dump @0.80.0 (perl)
A Perl interface to Subversion dumps

p5.32-sys-syslog @0.360.0 (perl)
Perl interface to the UNIX syslog(3) calls

p5.32-tcl-ptk @1.110.0 (perl)
Tcl::pTk - Interface to Tcl/Tk with Perl/Tk compatible syntax

p5.32-template-gd @2.660.0_4 (perl)
Template Toolkit plugin to interface with GD modules

p5.32-template-plugin-cgi @3.101.0 (perl)
Template::Plugin::CGI - Simple Template Toolkit plugin interfacing to the CGI.pm module

p5.32-term-editline @0.110.0 (perl)
Term::EditLine is an object oriented perl interface to the NetBSD editline library.

p5.32-term-readline @1.140.0 (perl)
Term::ReadLine - Perl interface to various readline packages.

p5.32-term-table @0.28.0 (perl)
Term::Table - Format a header and rows into a table

p5.32-test-deep-type @0.8.0 (perl)
Test::Deep::Type - A Test::Deep plugin for validating type constraints

p5.32-test-directory @0.52.0 (perl)
Test::Directory - Perl extension for maintaining test directories.

p5.32-test-inter @1.120.0 (perl)
Test::Inter - framework for more readable interactive test scripts

p5.32-test-manifest @2.26.0 (perl)
Test::Manifest - interact with a t/test_manifest file

p5.32-test-mockobject @1.202.1.220 (perl)
Perl extension for emulating troublesome interfaces

p5.32-test-requiresinternet @0.50.0 (perl)
Test::RequiresInternet - Easily test network connectivity

p5.32-test-taint @1.80.0 (perl)
Test::Taint - Tools to test taintedness

p5.32-test2-harness @1.0.161 (perl)
Test2::Harness - A new and improved test harness with better Test2 integration

p5.32-test2-plugin-ioevents @0.1.1 (perl)
Test2::Plugin::IOEvents - Turn STDOUT and STDERR into Test2 events.

p5.32-tex-encode @2.10.0 (perl)
Encode/decode Perl utf-8 strings into TeX

p5.32-text-aspell @0.90.0_2 (perl)
perl interface to GNU aspell.

p5.32-text-bibtex @0.910.0 (perl)
Text::BibTeX - interface to read and parse BibTeX files

p5.32-text-iconv @1.700.0 (perl)
Perl interface to iconv() codeset conversion function

p5.32-text-kakasi @2.40.0_4 (perl, textproc, japanese)
This module provides interface to kakasi.

p5.32-text-parsewords @3.310.0 (perl)
parse text into an array of tokens or array of arrays

p5.32-text-spellchecker @0.140.0 (perl)
OO interface for spell-checking a block of text

p5.32-text-wikiformat @0.810.0_2 (perl)
Module for translating Wiki formatted text into other formats

p5.32-tk @804.36.0_1 (perl)
p5-tk is a Perl interface to Tk

p5.32-tk-graphviz @1.100.0_1 (perl)
Tk::GraphViz - Render an interactive GraphViz graph

p5.32-tkx @1.100.0 (perl)
Yet another Tk interface

p5.32-type-tiny @2.10.1 (perl)
Type::Tiny - tiny, yet Moo(se)-compatible type constraint

p5.32-type-tiny-xs @0.25.0 (perl)
Type::Tiny::XS - provides an XS boost for some of Type::Tiny's built-in type constraints

p5.32-unix-groups-ffi @1.0.0 (perl)
Unix::Groups::FFI - Interface to Unix group syscalls

p5.32-user-identity @4.0.0 (perl)
User::Identity - maintains info about a physical person

p5.32-uuid-tiny @1.40.0 (perl)
UUID::Tiny - Pure Perl UUID Support With Functional Interface

p5.32-www-curl @4.170.0_12 (perl)
Perl extension interface for libcurl

p5.32-www-shorten @3.94.0 (perl)
Interface to URL shortening sites

p5.32-www-shorten-googl @1.100.0 (perl)
Perl interface to goo.gl

p5.32-www-wolframalpha @1.100.0_3 (perl)
WWW::WolframAlpha API - Interface to Wolfram|Alpha API

p5.32-wx @0.993.200 (perl)
Interface to the wxWidgets cross-platform GUI toolkit

p5.32-xml-libxml @2.21.0_1 (perl, textproc)
Perl interface to libxml2

p5.32-xml-libxslt @2.3.0_3 (perl, textproc)
Perl interface to libxslt.

p5.32-xml-parser @2.470.0 (perl, textproc)
This is a Perl extension interface to expat.

p5.32-xml-xml2json @0.60.0 (perl)
XML::XML2JSON - Convert XML into JSON (and back again) using XML::LibXML

p5.32-xsloader @0.240.0 (perl)
XSLoader - Dynamically load C libraries into Perl code

p5.34-algorithm-diff @1.201.0 (perl)
This is a Perl extension for computing intelligent differences between two files / lists.

p5.34-alt-crypt-rsa-bigint @0.60.0 (perl)
Alt::Crypt::RSA::BigInt - RSA public-key cryptosystem, using Math::BigInt

p5.34-app-cli @0.520.0 (perl)
Dispatcher module for command line interface programs.

p5.34-archive-zip @1.680.0 (perl)
Interface to zip archive files

p5.34-astro-fits-cfitsio @1.180.0 (perl)
Interface to William Pence's cfitsio subroutine library

p5.34-async-interrupt @1.260.0 (perl)
Async::Interrupt - allow C/XS libraries to interrupt perl asynchronously

p5.34-audio-flac-header @2.400.0_5 (perl)
Interface to FLAC header metadata

p5.34-authen-pam @0.160.0 (perl)
Authen::PAM - Perl interface to PAM library

p5.34-b-debug @1.260.0 (perl)
B::Debug - Walk Perl syntax tree, printing debug info about ops

p5.34-bio-db-embl @1.7.4 (perl)
Bio::DB::EMBL - Database object interface for EMBL entry retrieval

p5.34-bit-vector @7.400.0 (perl)
Efficient bit vector, set of integers and big int math library

p5.34-business-isbn @3.12.0 (perl)
Business::ISBN - work with International Standard Book Numbers

p5.34-business-ismn @1.205.0 (perl)
International Standard Music Numbers

p5.34-business-issn @1.8.0 (perl)
Business::ISSN - Perl extension for International Standard Serial Numbers

p5.34-cache-cache @1.80.0 (perl)
Cache::Cache, the Cache interface

p5.34-cache-fastmmap @1.600.0 (perl)
Cache::FastMmap - Uses an mmap'ed file to act as a shared memory interprocess cache

p5.34-cairo @1.109.0 (perl)
Perl interface to the cairo 2d vector graphics library

p5.34-cairo-gobject @1.5.0 (perl)
Cairo::GObject - Integrate Cairo into the Glib type system

p5.34-catalyst-plugin-session-state-cookie @0.180.0 (perl)
Maintain session IDs using cookies.

p5.34-cgi @4.710.0 (perl)
CGI - Handle Common Gateway Interface requests and responses

p5.34-cgi-fast @2.170.0 (perl)
CGI::Fast - CGI Interface for Fast CGI

p5.34-cgi-fasttemplate @1.90.0_1 (perl)
CGI::FastTemplate - Perl extension for managing templates, and performing variable interpolation.

p5.34-cgi-simple @1.282.0 (perl)
CGI::Simple - A Simple totally OO CGI interface that is CGI.pm compliant

p5.34-chi @0.610.0 (perl)
CHI - Unified cache handling interface

p5.34-common-sense @3.750.0 (perl)
common::sense - best-practice strictures and pragmas condensed into a single 'use'

p5.34-compress-bzip2 @2.280.0 (perl)
Perl interface to the bzip2 compression algorithms

p5.34-compress-raw-bzip2 @2.217.0 (perl)
Compress::Raw::Bzip2 - Low-Level Interface to bzip2 compression library

p5.34-compress-raw-lzma @2.217.0 (perl)
Compress::Raw::Lzma - Low-Level Perl Interface to lzma compression library

p5.34-compress-raw-zlib @2.218.0 (perl)
Compress::Raw::Zlib - Low-Level Interface to zlib or zlib-ng compression library

p5.34-compress-snappy @0.250.0 (perl)
Perl interface to Google's Snappy (de)compressor

p5.34-compress-stream-zstd @0.217.0 (perl)
Compress::Stream::Zstd - Perl interface to the Zstd (Zstandard) (de)compressor

p5.34-convert-ascii-armour @1.400.0_3 (perl)
Convert binary octets into ASCII armoured messages.

p5.34-convert-uulib @1.800.0 (perl)
Perl interface to the uulib library

p5.34-crypt-argon2 @0.30.0 (perl)
Crypt::Argon2 - Perl interface to the Argon2 key derivation functions

p5.34-crypt-dh @0.70.0_1 (perl)
Perl5 interface to a Diffie-Hellman key exchange system

p5.34-crypt-gcrypt @1.260.0_2 (perl)
Perl interface to the GNU Cryptographic library

p5.34-crypt-openssl-bignum @0.90.0_2 (perl)
OpenSSL's multiprecision integer arithmetic

p5.34-crypt-passwdmd5 @1.420.0 (perl)
provides interoperable MD5-based crypt() functions for perl

p5.34-crypt-sysrandom @0.7.0 (perl)
Crypt::SysRandom - Perl interface to system randomness

p5.34-crypt-sysrandom-xs @0.9.0 (perl)
Crypt::SysRandom::XS - Perl interface to system randomness, XS version

p5.34-crypt-unixcrypt_xs @0.110.0 (perl)
Crypt::UnixCrypt_XS - perl xs interface for a portable traditional crypt function.

p5.34-curses-ui @0.960.900 (perl)
A curses based OO user interface framework

p5.34-data-dump @1.250.0 (perl)
Pretty printing of data structures

p5.34-data-dumper @2.183.0 (perl)
Stringified Perl data structures, suitable for both printing and eval

p5.34-data-float @0.15.0 (perl)
Data::Float - details of the floating point data type

p5.34-data-integer @0.7.0 (perl)
Data::Integer - Details of the native integer data type

p5.34-data-printer @1.2.1 (perl)
Data::Printer - colored pretty-print of Perl data structures and objects

p5.34-datetime-format-flexible @0.370.0 (perl)
DateTime::Format::Flexible - Flexibly parse strings and turn them into DateTime objects.

p5.34-dbd-mysql @5.13.0 (perl)
DBD::mysql - MySQL driver for the Perl5 Database Interface (DBI)

p5.34-dbd-sqlite2 @0.380.0 (perl)
perl dbd interface to SQLite (old version 2)

p5.34-dbix-class-introspectablem2m @0.1.2 (perl)
DBIx::Class::IntrospectableM2M - Introspect many-to-many shortcuts

p5.34-declare-constraints-simple @0.30.0 (perl)
Declare::Constraints::Simple - Declarative Validation of Data Structures

p5.34-devel-dumptrace @0.290.0 (perl)
Evaluate and print out each line before it is executed.

p5.34-devel-globaldestruction @0.140.0 (perl)
Devel::GlobalDestruction - Provides function returning true if the interpreter is in global destruction.

p5.34-devel-overloadinfo @0.8.0 (perl)
Devel::OverloadInfo - introspect overloaded operators

p5.34-devel-partialdump @0.200.0 (perl)
Devel::PartialDump - Partial dumping of data structures, optimized for argument printing.

p5.34-devel-repl @1.3.29 (perl)
Devel::REPL - a modern perl interactive shell

p5.34-devel-trace @0.120.0 (perl)
Devel::Trace - Print out each line before it is executed (like sh -x)

p5.34-digest-bubblebabble @0.20.0 (perl)
Create bubble-babble fingerprints

p5.34-digest-gost @0.60.0 (perl)
Digest::GOST - Perl interface to the GOST R 34.11-94 digest algorithm

p5.34-digest-md2 @2.40.0 (perl)
Perl interface to the MD2 Algorithm

p5.34-digest-md4 @1.900.0 (perl)
Perl interface to the MD4 Algorithm

p5.34-digest-sha1 @2.130.0_4 (perl)
Perl interface to the SHA-1 Algorithm

p5.34-dist-zilla-app-command-regenerate @0.1.3 (perl)
Dist::Zilla::App::Command::regenerate - Write content into your source tree from your release staging

p5.34-dist-zilla-plugin-git-pushinitial @0.20.0 (perl)
Dist::Zilla::Plugin::Git::PushInitial - do initial git push from your minting profile

p5.34-email-abstract @3.10.0 (perl)
Email::Abstract - unified interface to mail representations

p5.34-email-mime-encodings @1.317.0 (perl)
A unified interface to MIME encoding and decoding

p5.34-email-send @2.202.0 (perl)
This module provides a very simple, specific interface to multiple Email mailers.

p5.34-email-valid @1.204.0 (perl)
Check validity of Internet email addresses

p5.34-ev @4.370.0 (perl)
EV - perl interface to libev, a high performance full-featured event loop

p5.34-extutils-builder-compiler @0.35.0 (perl)
ExtUtils::Builder::Compiler - An interface around different compilers

p5.34-extutils-pkgconfig @1.160.0 (perl)
Simplistic interface to pkg-config

p5.34-file-find-object-rule @0.31.300 (perl)
File::Find::Object::Rule - Alternative interface to File::Find::Object

p5.34-file-find-rule @0.350.0 (perl)
File::Find::Rule - Alternative interface to File::Find

p5.34-file-keepass @2.30.0 (perl)
Interface to KeePass V1 and V2 database files

p5.34-file-modified @0.100.0 (perl)
checks intelligently if files have changed

p5.34-file-monitor @1.0.0_1 (perl)
File monitoring interface

p5.34-file-monitor-lite @0.652.3_1 (perl)
A friendly interface to File::Monitor

p5.34-file-tempdir @0.20.0_3 (perl)
Provides an object interface to tempdir() from File::Temp.

p5.34-flickr-api @1.290.0 (perl)
Perl interface to the Flickr API

p5.34-font-afm @1.200.0_2 (perl)
Interface to Adobe Font Metrics files.

p5.34-gd @2.840.0 (perl)
GD.pm - Interface to Gd Graphics Library

p5.34-getopt-argvfile @1.110.0 (perl, devel)
Getopt::ArgvFile - interpolates script options from files into @ARGV or another array

p5.34-git-wrapper @0.48.0 (perl)
Git::Wrapper - Wrap git(7) command-line interface

p5.34-glib-object-introspection @0.52.0 (perl)
Glib::Object::Introspection - Dynamically create Perl language bindings

p5.34-gnupg-interface @1.50.0 (perl)
GnuPG::Interface - Perl interface to GnuPG

p5.34-goocanvas2 @0.60.0 (perl)
GooCanvas2 - Perl binding for GooCanvas2 widget using Glib::Object::Introspection

p5.34-google-protocolbuffers @0.120.0 (perl)
simple interface to Google Protocol Buffers

p5.34-gps @0.170.0 (perl)
Perl interface to GPS receivers using Garmin or NMEA protocols

p5.34-graphics-gnuplotif @1.800.0 (perl)
Graphics::GnuplotIF - A dynamic Perl interface to gnuplot.

p5.34-graphviz @2.260.0 (perl)
Interface to the GraphViz graphing tool

p5.34-gtk3 @0.38.0 (perl)
Gtk3 - Perl interface to the 3.x series of the gtk+ toolkit

p5.34-gtk3-simplelist @0.210.0 (perl)
Gtk3::SimpleList - A simple interface to Gtk3's complex MVC list widget

p5.34-hash-merge @0.302.0 (perl)
Merges arbitrarily deep hashes into a single hash

p5.34-html-entities-interpolate @1.100.0 (perl)
HTML::Entities::Interpolate - Call HTML::Entities::encode_entities, via a hash, within a string

p5.34-html-formatter @2.160.0 (perl)
Perl modules that format HTML as plaintext, PostScript or RTF.

p5.34-html-lint @2.320.0 (perl)
a pure-Perl HTML parser and checker for syntactic legitmacy

p5.34-html-tokeparser-simple @3.160.0_1 (perl)
a simpler interface to HTML::TokeParser

p5.34-http-recorder @0.70.0 (perl)
Record interaction with websites

p5.34-http-tiny-mech @1.1.2 (perl)
HTTP::Tiny::Mech - Wrap a WWW::Mechanize instance in an HTTP::Tiny compatible interface.

p5.34-ifeffit @1.2.13_2 (perl)
Perl interface to ifeffit

p5.34-image-imlib2 @2.30.0_1 (perl)
Perl interface to the Imlib2 image library

p5.34-import-into @1.2.5 (perl)
Import::Into - import packages into other packages

p5.34-importer @0.26.0 (perl)
Importer - Alternative but compatible interface to modules that export symbols.

p5.34-internals @1.100.0_3 (perl)
This is a Perl extension for write protecting variables and manipulating refcounts.

p5.34-io-interface @1.90.0 (perl)
Perl extension for access to network card configuration information

p5.34-io-kqueue @0.390.0_1 (perl)
Perl interface to the BSD kqueue system call

p5.34-io-pty-easy @0.100.0 (perl)
Easy interface to IO::Pty

p5.34-io-socket-inet6 @2.730.0 (perl)
IO::Socket::INET6 object interface to IPv6

p5.34-io-socket-ssl @2.98.0 (perl)
IO::Socket::SSL - SSL sockets with IO::Socket interface

p5.34-io-string @1.80.0_4 (perl)
IO::String - Emulate file interface for in-core strings

p5.34-io-stty @0.40.0 (perl)
Provide an interface to TTYs and PTYs

p5.34-io-tty @1.200.0 (perl)
Provide an interface to TTYs and PTYs

p5.34-io-zlib @1.150.0 (perl)
IO::-style interface to Compress::Zlib

p5.34-ipc-sharelite @0.170.0_1 (perl)
Lightweight interface to shared memory

p5.34-iri @0.13.0 (perl)
IRI - Internationalized Resource Identifiers

p5.34-javascript-spidermonkey @0.250.0 (perl, www)
Perl interface to the JavaScript Engine

p5.34-json-parse @0.620.0 (perl)
Read JSON into a Perl variable

p5.34-lexical-sealrequirehints @0.12.0 (perl)
Lexical::SealRequireHints - prevent leakage of lexical hints

p5.34-libintl-perl @1.350.0 (perl)
Perl internationalization library

p5.34-lingua-en-numbers @2.30.0 (perl)
Lingua::EN::Numbers - turn "407" into "four hundred and seven", etc.

p5.34-lingua-ja-name-splitter @0.120.0 (perl)
Lingua::JA::Name::Splitter - split a Japanese name into given and family

p5.34-locale-gettext @1.70.0_1 (perl)
Perl interface to GNU gettext

p5.34-locale-maketext-fuzzy @0.110.0 (perl)
Maketext from already interpolated strings

p5.34-locale-maketext-simple @0.210.0_3 (perl)
Simple interface to Locale::Maketext::Lexicon.

p5.34-log-message-simple @0.100.0 (perl)
Log::Message::Simple - Simplified interface to Log::Message

p5.34-long-jump @0.0.3 (perl)
Long::Jump - Mechanism for returning to a specific point from a deeply nested stack

p5.34-mail-dkim @1.202.409.230 (perl, mail)
Mail::DKIM - Signs/verifies Internet mail with DKIM/DomainKey signatures

p5.34-mail-srs @0.310.0_3 (perl)
Mail::SRS - Interface to Sender Rewriting Scheme

p5.34-mail-webmail-gmail @1.90.0_3 (perl)
An interface to Google's webmail service

p5.34-math-anynum @0.410.0 (perl)
Math::AnyNum - Arbitrary size precision for integers, rationals, floating-points and complex numbers.

p5.34-math-bigint @2.5.3 (perl, math)
Math::BigInt - arbitrary size integer math package

p5.34-math-bigint-fastcalc @0.502.0 (perl)
Math::BigInt::FastCalc - Math::BigInt::Calc with some XS for more speed

p5.34-math-bigint-gmp @1.700.300 (perl)
Math::BigInt::GMP - Use the GMP library for Math::BigInt routines

p5.34-math-bigint-gmpz @0.1.800 (perl)
Math::BigInt::GMPz - a math backend library based on Math::GMPz

p5.34-math-bigrat @0.262.400_1 (perl)
Obsolete port, replaced by p5.34-math-bigint

p5.34-math-gmp @2.250.0 (perl)
high speed arbitrary size integer math

p5.34-math-gmpf @0.530.0 (perl)
Math::GMPf - perl interface to the GMP library's floating point (mpf) functions.

p5.34-math-gmpq @0.680.0 (perl)
Math::GMPq - perl interface to the GMP library's rational (mpq) functions.

p5.34-math-gmpz @0.680.0 (perl)
Math::GMPz - perl interface to the GMP library's integer (mpz) functions.

p5.34-math-int64 @0.570.0 (perl)
Math::Int64 - Manipulate 64-bit integers in Perl

p5.34-math-longdouble @0.260.0 (perl)
Math::LongDouble - perl interface to C's long double operations

p5.34-math-mpc @1.330.0 (perl)
Math::MPC - perl interface to the MPC (multi precision complex) library.

p5.34-math-mpfi @0.130.0 (perl)
Perl interface to the MPFI (interval arithmetic) library.

p5.34-math-mpfr @4.460.0 (perl, math)
Math::MPFR - perl interface to the MPFR (floating point) library.

p5.34-math-pari @2.30.528 (perl)
Math::Pari - Perl interface to PARI.

p5.34-math-random-isaac @1.4.0 (perl, math)
Perl interface to the ISAAC PRNG algorithm

p5.34-math-spline @0.20.0 (perl)
Cubic Spline Interpolation of data

p5.34-mediawiki-api @0.520.0 (perl)
MediaWiki::API - Provides a Perl interface to the MediaWiki API

p5.34-monotone-automatestdio @1.100.0 (perl)
Perl interface to Monotone via automate stdio

p5.34-moosex-meta-typeconstraint-mooish @0.1.0 (perl)
MooseX::Meta::TypeConstraint::Mooish - Translate Moo-style constraints to Moose-style

p5.34-moosex-methodattributes @0.320.0 (perl)
code attribute introspection

p5.34-moosex-singleton @0.300.0 (perl)
MooseX::Singleton - turn your Moose class into a singleton

p5.34-moosex-types-common @0.1.15 (perl)
MooseX::Types::Common - A library of commonly used type constraints

p5.34-moosex-types-datetime @0.140.0 (perl)
MooseX::Types::DateTime - DateTime related constraints and coercions for Moose

p5.34-moosex-types-loadableclass @0.16.0 (perl)
MooseX::Types::LoadableClass - ClassName type constraint with coercion to load the class.

p5.34-moosex-types-stringlike @0.3.0 (perl)
MooseX::Types::Stringlike - Moose type constraints for strings or string-like objects

p5.34-moosex-types-structured @0.360.0 (perl)
MooseX::Types::Structured - Structured Type Constraints for Moose

p5.34-mro-compat @0.150.0 (perl)
mro::* interface compatibility for Perls < 5.9.5

p5.34-net @3.150.0 (perl)
libnet is a collection of Perl modules which provides a simple and consistent programming interface (API) to the client side of various protocols used in the internet community.

p5.34-net-cli-interact @2.400.2 (perl)
Net::CLI::Interact - A toolkit for CLI automation

p5.34-net-curl @0.580.0 (perl)
Net::Curl - Perl interface for libcurl

p5.34-net-dns @1.540.0 (perl)
Net::DNS - Perl Interface to the Domain Name System

p5.34-net-eboks @0.110.0 (perl)
Interface for e-Boks, the Danish national email system.

p5.34-net-frame-layer-icmpv6 @1.110.0 (perl)
Internet Control Message Protocol v6 layer object

p5.34-net-frame-layer-ipv6 @1.80.0 (perl)
Internet Protocol v6 layer object

p5.34-net-github @1.50.0 (perl)
Net::GitHub - Perl Interface for github.com

p5.34-net-idn-encode @2.500.0 (perl)
The Net::IDN::Encode perl module is used for internationalizing domain names in applications

p5.34-net-ldap-express @0.120.0 (perl)
Net::LDAP::Express - Simplified interface for Net::LDAP

p5.34-net-pcap @0.210.0 (perl)
Interface to pcap(3) LBL packet capture library

p5.34-net-ping-external @0.150.0 (perl)
Cross-platform interface to ICMP 'ping' utilities

p5.34-net-radius @2.103.0_1 (perl)
An interface to the RADIUS protocol.

p5.34-net-smtp-tls-butmaintained @0.240.0 (perl)
Net::SMTP::TLS::ButMaintained - An SMTP client supporting TLS and AUTH

p5.34-net-snmp @6.0.1_1 (perl)
Object oriented interface to SNMP

p5.34-net-ssh-perl @2.144.0 (perl)
Net::SSH::Perl - Perl client Interface to SSH

p5.34-net-telnet @3.50.0 (perl)
Interact with TELNET port or other TCP ports

p5.34-net-twitter @4.10.430 (perl)
DEPRECATED: A Perl interface to the Twitter API

p5.34-net-twitter-lite @0.120.80 (perl)
A perl interface to the Twitter API

p5.34-ole-storage_lite @0.240.0 (perl)
OLE::Storage_Lite - Simple Class for OLE document interface

p5.34-pdl-fftw3 @0.203.0 (perl)
PDL::FFTW3 - PDL interface to the Fastest Fourier Transform in the West v3

p5.34-pdl-graphics-plplot @0.740.0 (perl)
PDL::Graphics::PLplot - An object-oriented interface from Perl/PDL to the PLPLOT plotting library

p5.34-pdl-gsl @2.101.0 (perl)
PDL::GSL - PDL interface to the GNU Scientific Library

p5.34-pdl-io-gd @2.103.0 (perl)
PDL::IO::GD - Interface to the GD image library

p5.34-pdl-io-hdf @2.3.0 (perl)
PDL::IO::HDF - A PDL interface to the HDF4 library

p5.34-pdl-io-hdf5 @0.762.0 (perl)
PDL::IO::HDF5 - PDL Interface to the HDF5 Data Format.

p5.34-perl-ldap @0.680.0_1 (perl)
A client interface to LDAP servers

p5.34-plack-test-agent @1.600.0 (perl)
Plack::Test::Agent - OO interface for testing low-level Plack/PSGI apps

p5.34-pod-coverage-trustpod @0.100.6 (perl)
allow a module's pod to contain Pod::Coverage hints

p5.34-pod-elemental-transformer-list @0.102.1 (perl)
Pod::Elemental::Transformer::List - transform :list regions into =over/=back to save typing

p5.34-pod-elemental-transformer-verbatim @0.1.0 (perl)
Pod::Elemental::Transformer::Verbatim - Transform :verbatim regions into verbatim paragraphs

p5.34-psgi @1.102.0_1 (perl)
Perl Web Server Gateway Interface Specification

p5.34-regexp-assemble @0.380.0 (perl)
Combine several regular expressions into one

p5.34-session-storage-secure @1.0.0 (perl)
Session::Storage::Secure - Encrypted, expiring, compressed, serialized session data with integrity

p5.34-set-infinite @0.650.0 (perl)
Set::Infinite - Sets of intervals

p5.34-set-intspan @1.190.0 (perl)
Set::IntSpan - Manages sets of integers

p5.34-sgml-parser-opensp @0.994.0_5 (perl)
Provides an interface to the OpenSP SGML parser.

p5.34-sgmlspm @1.100.0_1 (perl)
Convert SGML, HTML, or XML documents into new formats.

p5.34-smart-comments @1.60.0 (perl)
Smart::Comments - Turn comments into debugging messages

p5.34-soap-lite @1.270.0 (perl)
A simple interface to the Simple Object Access Protocol

p5.34-specio @0.530.0 (perl)
Specio - Type constraints and coercions for Perl

p5.34-spiffy @0.460.0 (perl)
Spiffy Perl Interface Framework For You

p5.34-statistics-caseresampling @0.170.0 (perl)
Statistics::CaseResampling - Efficient resampling and calculation of medians with confidence intervals

p5.34-string-crc32 @2.100.0 (perl)
Perl interface for cyclic redundency check generation

p5.34-string-errf @0.9.0 (perl)
String::Errf - a simple sprintf-like dialect

p5.34-string-format @1.180.0 (perl)
String::Format - sprintf-like string formatting capabilities with arbitrary format definitions

p5.34-string-formatter @1.235.0 (perl)
String::Formatter - build sprintf-like functions of your own

p5.34-string-print @1.20.0 (perl)
String::Print - printf alternative

p5.34-sub-install @0.929.0 (perl)
install subroutines into packages easily

p5.34-svn-dump @0.80.0 (perl)
A Perl interface to Subversion dumps

p5.34-sys-syslog @0.360.0 (perl)
Perl interface to the UNIX syslog(3) calls

p5.34-tcl-ptk @1.110.0 (perl)
Tcl::pTk - Interface to Tcl/Tk with Perl/Tk compatible syntax

p5.34-template-gd @2.660.0_4 (perl)
Template Toolkit plugin to interface with GD modules

p5.34-template-plugin-cgi @3.101.0 (perl)
Template::Plugin::CGI - Simple Template Toolkit plugin interfacing to the CGI.pm module

p5.34-term-editline @0.110.0 (perl)
Term::EditLine is an object oriented perl interface to the NetBSD editline library.

p5.34-term-readline @1.140.0 (perl)
Term::ReadLine - Perl interface to various readline packages.

p5.34-term-table @0.28.0 (perl)
Term::Table - Format a header and rows into a table

p5.34-test-deep-type @0.8.0 (perl)
Test::Deep::Type - A Test::Deep plugin for validating type constraints

p5.34-test-directory @0.52.0 (perl)
Test::Directory - Perl extension for maintaining test directories.

p5.34-test-inter @1.120.0 (perl)
Test::Inter - framework for more readable interactive test scripts

p5.34-test-manifest @2.26.0 (perl)
Test::Manifest - interact with a t/test_manifest file

p5.34-test-mockobject @1.202.1.220 (perl)
Perl extension for emulating troublesome interfaces

p5.34-test-requiresinternet @0.50.0 (perl)
Test::RequiresInternet - Easily test network connectivity

p5.34-test-taint @1.80.0 (perl)
Test::Taint - Tools to test taintedness

p5.34-test2-harness @1.0.161 (perl)
Test2::Harness - A new and improved test harness with better Test2 integration

p5.34-test2-plugin-ioevents @0.1.1 (perl)
Test2::Plugin::IOEvents - Turn STDOUT and STDERR into Test2 events.

p5.34-tex-encode @2.10.0 (perl)
Encode/decode Perl utf-8 strings into TeX

p5.34-text-aspell @0.90.0_2 (perl)
perl interface to GNU aspell.

p5.34-text-bibtex @0.910.0 (perl)
Text::BibTeX - interface to read and parse BibTeX files

p5.34-text-iconv @1.700.0 (perl)
Perl interface to iconv() codeset conversion function

p5.34-text-kakasi @2.40.0_4 (perl, textproc, japanese)
This module provides interface to kakasi.

p5.34-text-parsewords @3.310.0 (perl)
parse text into an array of tokens or array of arrays

p5.34-text-spellchecker @0.140.0 (perl)
OO interface for spell-checking a block of text

p5.34-text-wikiformat @0.810.0_2 (perl)
Module for translating Wiki formatted text into other formats

p5.34-tk @804.36.0_1 (perl)
p5-tk is a Perl interface to Tk

p5.34-tk-graphviz @1.100.0_1 (perl)
Tk::GraphViz - Render an interactive GraphViz graph

p5.34-tkx @1.100.0 (perl)
Yet another Tk interface

p5.34-type-tiny @2.10.1 (perl)
Type::Tiny - tiny, yet Moo(se)-compatible type constraint

p5.34-type-tiny-xs @0.25.0 (perl)
Type::Tiny::XS - provides an XS boost for some of Type::Tiny's built-in type constraints

p5.34-unix-groups-ffi @1.0.0 (perl)
Unix::Groups::FFI - Interface to Unix group syscalls

p5.34-user-identity @4.0.0 (perl)
User::Identity - maintains info about a physical person

p5.34-uuid-tiny @1.40.0 (perl)
UUID::Tiny - Pure Perl UUID Support With Functional Interface

p5.34-www-curl @4.170.0_12 (perl)
Perl extension interface for libcurl

p5.34-www-shorten @3.94.0 (perl)
Interface to URL shortening sites

p5.34-www-shorten-googl @1.100.0 (perl)
Perl interface to goo.gl

p5.34-www-wolframalpha @1.100.0_3 (perl)
WWW::WolframAlpha API - Interface to Wolfram|Alpha API

p5.34-wx @0.993.200 (perl)
Interface to the wxWidgets cross-platform GUI toolkit

p5.34-xml-libxml @2.21.0_1 (perl, textproc)
Perl interface to libxml2

p5.34-xml-libxslt @2.3.0_3 (perl, textproc)
Perl interface to libxslt.

p5.34-xml-parser @2.470.0 (perl, textproc)
This is a Perl extension interface to expat.

p5.34-xml-xml2json @0.60.0 (perl)
XML::XML2JSON - Convert XML into JSON (and back again) using XML::LibXML

p5.34-xsloader @0.240.0 (perl)
XSLoader - Dynamically load C libraries into Perl code

p5.36-locale-gettext @1.70.0_1 (perl)
Perl interface to GNU gettext

p5.38-locale-gettext @1.70.0_1 (perl)
Perl interface to GNU gettext

packr @2.8.3_1 (devel)
The simple and easy way to embed static files into Go binaries.

packr1 @1.30.1 (devel)
The simple and easy way to embed static files into Go binaries (legacy version / v1).

Paintbrush @2.0.1 (graphics, aqua)
Cocoa-based image editor

pangomm @2.54.0 (x11, devel)
C++ interface to Pango.

pangomm-1.4 @2.46.4 (x11, devel)
C++ interface to Pango.

pangomm-1.4-devel @2.46.4 (x11, devel)
C++ interface to Pango.

pangomm-devel @2.54.0 (x11, devel)
C++ interface to Pango.

papilo @2.3.0 (math)
Parallel Presolve for Integer and Linear Optimization

paracode @3.2 (textproc)
converts UTF-8 input to use different codepoints

pcb @4.2.0_6 (x11, graphics, electronics)
Printed Circuit Board Layout Tool

pdal @2.9.2_1 (gis)
PDAL - Point Cloud Manipulation Library

pdal-pgpointcloud @2.9.2_1 (gis)
PDAL - pgpointcloud driver

pdfposter @0.8.1 (print, python)
scale and tile PDF images/pages to print on multiple pages

pdftk-java @3.3.3 (textproc, graphics, pdf, java)
A port of pdftk into java

pdl-cli @2.100.0 (perl)
Command line interface scripts for the Perl Data Language (PDL)

pearl @0.2.0_5 (devel, macports)
Helper for maintaining Macports Portfiles

peco @0.5.10 (sysutils)
Simplistic interactive filtering tool

pg12-pgpointcloud @1.2.5_4 (databases, gis)
pgPointcloud is a PostgreSQL extension for storing point cloud (LIDAR) data

pg12-timescaledb @2.11.2 (databases)
A time-series database that integrates with PostgreSQL.

pg13-pgpointcloud @1.2.5_4 (databases, gis)
pgPointcloud is a PostgreSQL extension for storing point cloud (LIDAR) data

pg13-timescaledb @2.15.3 (databases)
A time-series database that integrates with PostgreSQL.

pg14-pgpointcloud @1.2.5_4 (databases, gis)
pgPointcloud is a PostgreSQL extension for storing point cloud (LIDAR) data

pg14-timescaledb @2.19.3 (databases)
A time-series database that integrates with PostgreSQL.

pg15-pgpointcloud @1.2.5_4 (databases, gis)
pgPointcloud is a PostgreSQL extension for storing point cloud (LIDAR) data

pg15-timescaledb @2.23.0 (databases)
A time-series database that integrates with PostgreSQL.

pg16-pgpointcloud @1.2.5_4 (databases, gis)
pgPointcloud is a PostgreSQL extension for storing point cloud (LIDAR) data

pg16-timescaledb @2.23.0 (databases)
A time-series database that integrates with PostgreSQL.

pg17-pgpointcloud @1.2.5_4 (databases, gis)
pgPointcloud is a PostgreSQL extension for storing point cloud (LIDAR) data

pg17-timescaledb @2.23.0 (databases)
A time-series database that integrates with PostgreSQL.

pg18-timescaledb @2.23.0 (databases)
A time-series database that integrates with PostgreSQL.

pgintcl @3.4.0 (databases)
Pure Tcl PostgreSQL interface

pgpointcloud @1.2.5_4 (databases, gis)
pgPointcloud is a PostgreSQL extension for storing point cloud (LIDAR) data

pgtcl @3.1.1 (databases)
Tcl PostgreSQL interface

php-amqp @2.1.2 (php, net)
AMQP interface for PHP

php-big_int @1.0.7_1 (php, devel)
big_int library

php-dbase @7.1.1 (php, databases)
a PHP interface for accessing dBase databases

php-excel @1.0.2 (php, textproc)
PHP interface to LibXL for reading and writing Microsoft Excel spreadsheets

php-gdchart @0.2.0 (php, devel)
GDChart Based Graphing Interface

php-imlib2 @0.1.00_1 (php, devel)
Provides an image manipulation interface using libimlib2

php-mcrypt @1.0.7 (php, security)
a PHP interface to the mcrypt library, which offers a wide variety of algorithms

php-psr @1.2.0 (php)
interfaces to PHP Standards Recommendations

php-solr @2.8.0 (php, devel)
a PHP interface to Apache Solr

php-taint @2.1.0 (php)
detects XSS and SQL-injection vulnerabilities

php-vld @0.18.0 (php, devel)
Dump the internal representation of PHP scripts

php-yaml @2.2.4 (php, devel)
a PHP interface to the YAML parsing library

php5-unit-selenium @1.0.3 (php, devel)
Selenium RC integration for PHPUnit

php52-curl @5.2.17 (php, net, www)
a PHP interface to the curl library, which lets you download files from servers with a variety of protocols

php52-dba @5.2.17 (php, databases)
a PHP interface for accessing DBM databases such as BerkeleyDB

php52-exif @5.2.17 (php, graphics)
a PHP interface to the EXIF image metadata functions

php52-gd @5.2.17_1 (php, graphics)
a PHP interface to the gd library

php52-gettext @5.2.17 (php, devel)
a PHP interface to the gettext natural language support functions

php52-gmp @5.2.17 (php, devel, math)
a PHP interface to GMP, the GNU multiprocessing library through which you can work with arbitrary-length integers

php52-iconv @5.2.17 (php, textproc)
a PHP interface to the libiconv character encoding conversion functions

php52-imap @5.2.17 (php, mail)
a PHP interface to the IMAP protocol

php52-ipc @5.2.17 (php)
interprocess communication extensions for PHP

php52-ldap @5.2.17_1 (php, databases)
a PHP interface to LDAP

php52-mcrypt @5.2.17 (php, security)
a PHP interface to the mcrypt library, which offers a wide variety of algorithms

php52-mssql @5.2.17 (php, databases)
a PHP interface to MSSQL using FreeTDS, including the mssql and pdo_dblib extensions

php52-mysql @5.2.17 (php, databases)
a PHP interface to MySQL databases, including the mysql, mysqli and pdo_mysql extensions

php52-odbc @5.2.17 (php, databases)
a PHP interface for accessing databases via Open DataBase Connectivity (ODBC)

php52-openssl @5.2.17_3 (php, devel, security)
a PHP interface to OpenSSL signature-generation and -verification and data-encryption and -decryption functions

php52-oracle @5.2.17 (php, databases)
a PHP interface to Oracle, including the oci8 and pdo_oci extensions

php52-pcntl @5.2.17 (php, sysutils)
a PHP interface to Unix-style process creation, program execution, signal handling and process termination functions

php52-posix @5.2.17 (php, sysutils)
a PHP interface to additional POSIX functions

php52-postgresql @5.2.17 (php, databases)
a PHP interface to PostgreSQL, including the pgsql and pdo_pgsql extensions

php52-pspell @5.2.17 (php, textproc)
a PHP interface to the aspell library, which lets you check spelling and offer spelling suggestions

php52-snmp @5.2.17_2 (php, sysutils)
a PHP interface to the Simple Network Management Protocol (SNMP)

php52-sockets @5.2.17 (php, net)
a PHP interface to BSD socket communication functions

php52-tidy @5.2.17_3 (php, www)
a PHP interface to tidy, the HTML cleaning and repair utility

php52-wddx @5.2.17 (php, textproc)
a PHP interface to Web Distributed Data Exchange

php52-xsl @5.2.17_1 (php, textproc)
a PHP interface to libxslt, which implements the XSL standard and lets you perform XSL transformations

php53-amqp @1.9.3 (php, net)
AMQP interface for PHP

php53-big_int @1.0.7_1 (php, devel)
big_int library

php53-curl @5.3.29 (php, net, www)
a PHP interface to the curl library, which lets you download files from servers with a variety of protocols

php53-dba @5.3.29 (php, databases)
a PHP interface for accessing DBM databases such as BerkeleyDB

php53-dbase @5.1.1 (php, databases)
a PHP interface for accessing dBase databases

php53-enchant @5.3.29 (php, textproc, devel)
a PHP interface to enchant

php53-excel @1.0.2 (php, textproc)
PHP interface to LibXL for reading and writing Microsoft Excel spreadsheets

php53-exif @5.3.29 (php, graphics)
a PHP interface to the EXIF image metadata functions

php53-gd @5.3.29_1 (php, graphics)
a PHP interface to the gd library

php53-gdchart @0.2.0 (php, devel)
GDChart Based Graphing Interface

php53-gettext @5.3.29 (php, devel)
a PHP interface to the gettext natural language support functions

php53-gmp @5.3.29 (php, devel, math)
a PHP interface to GMP, the GNU multiprocessing library through which you can work with arbitrary-length integers

php53-iconv @5.3.29 (php, textproc)
a PHP interface to the libiconv character encoding conversion functions

php53-imap @5.3.29 (php, mail)
a PHP interface to the IMAP protocol

php53-imlib2 @0.1.00_1 (php, devel)
Provides an image manipulation interface using libimlib2

php53-intl @5.3.29_10 (php, devel)
internationalization extension for PHP

php53-ipc @5.3.29 (php)
interprocess communication extensions for PHP

php53-ldap @5.3.29_1 (php, databases)
a PHP interface to LDAP

php53-mcrypt @5.3.29 (php, security)
a PHP interface to the mcrypt library, which offers a wide variety of algorithms

php53-mssql @5.3.29 (php, databases)
a PHP interface to MSSQL using FreeTDS, including the mssql and pdo_dblib extensions

php53-mysql @5.3.29 (php, databases)
a PHP interface to MySQL databases, including the mysql, mysqli and pdo_mysql extensions

php53-odbc @5.3.29 (php, databases)
a PHP interface for accessing databases via Open DataBase Connectivity (ODBC)

php53-openssl @5.3.29_3 (php, devel, security)
a PHP interface to OpenSSL signature-generation and -verification and data-encryption and -decryption functions

php53-oracle @5.3.29 (php, databases)
a PHP interface to Oracle, including the oci8 and pdo_oci extensions

php53-pcntl @5.3.29 (php, sysutils)
a PHP interface to Unix-style process creation, program execution, signal handling and process termination functions

php53-posix @5.3.29 (php, sysutils)
a PHP interface to additional POSIX functions

php53-postgresql @5.3.29 (php, databases)
a PHP interface to PostgreSQL, including the pgsql and pdo_pgsql extensions

php53-pspell @5.3.29 (php, textproc)
a PHP interface to the aspell library, which lets you check spelling and offer spelling suggestions

php53-snmp @5.3.29_2 (php, sysutils)
a PHP interface to the Simple Network Management Protocol (SNMP)

php53-sockets @5.3.29 (php, net)
a PHP interface to BSD socket communication functions

php53-solr @2.4.0_2 (php, devel)
a PHP interface to Apache Solr

php53-sqlite @5.3.29 (php, databases)
a PHP interface to SQLite, including the sqlite, sqlite3 and pdo_sqlite extensions

php53-taint @1.2.2 (php)
detects XSS and SQL-injection vulnerabilities

php53-tidy @5.3.29_3 (php, www)
a PHP interface to tidy, the HTML cleaning and repair utility

php53-vld @0.13.0 (php, devel)
Dump the internal representation of PHP scripts

php53-wddx @5.3.29 (php, textproc)
a PHP interface to Web Distributed Data Exchange

php53-xsl @5.3.29_1 (php, textproc)
a PHP interface to libxslt, which implements the XSL standard and lets you perform XSL transformations

php53-yaml @1.3.1 (php, devel)
a PHP interface to the YAML parsing library

php54-amqp @1.9.3 (php, net)
AMQP interface for PHP

php54-big_int @1.0.7_1 (php, devel)
big_int library

php54-curl @5.4.45 (php, net, www)
a PHP interface to the curl library, which lets you download files from servers with a variety of protocols

php54-dba @5.4.45 (php, databases)
a PHP interface for accessing DBM databases such as BerkeleyDB

php54-dbase @5.1.1 (php, databases)
a PHP interface for accessing dBase databases

php54-enchant @5.4.45 (php, textproc, devel)
a PHP interface to enchant

php54-excel @1.0.2 (php, textproc)
PHP interface to LibXL for reading and writing Microsoft Excel spreadsheets

php54-exif @5.4.45 (php, graphics)
a PHP interface to the EXIF image metadata functions

php54-gd @5.4.45_1 (php, graphics)
a PHP interface to the gd library

php54-gdchart @0.2.0 (php, devel)
GDChart Based Graphing Interface

php54-gettext @5.4.45 (php, devel)
a PHP interface to the gettext natural language support functions

php54-gmp @5.4.45 (php, devel, math)
a PHP interface to GMP, the GNU multiprocessing library through which you can work with arbitrary-length integers

php54-iconv @5.4.45 (php, textproc)
a PHP interface to the libiconv character encoding conversion functions

php54-imap @5.4.45 (php, mail)
a PHP interface to the IMAP protocol

php54-imlib2 @0.1.00_1 (php, devel)
Provides an image manipulation interface using libimlib2

php54-intl @5.4.45_8 (php, devel)
internationalization extension for PHP

php54-ipc @5.4.45 (php)
interprocess communication extensions for PHP

php54-ldap @5.4.45_1 (php, databases)
a PHP interface to LDAP

php54-mcrypt @5.4.45 (php, security)
a PHP interface to the mcrypt library, which offers a wide variety of algorithms

php54-mssql @5.4.45 (php, databases)
a PHP interface to MSSQL using FreeTDS, including the mssql and pdo_dblib extensions

php54-mysql @5.4.45 (php, databases)
a PHP interface to MySQL databases, including the mysql, mysqli and pdo_mysql extensions

php54-odbc @5.4.45 (php, databases)
a PHP interface for accessing databases via Open DataBase Connectivity (ODBC)

php54-openssl @5.4.45_3 (php, devel, security)
a PHP interface to OpenSSL signature-generation and -verification and data-encryption and -decryption functions

php54-oracle @5.4.45 (php, databases)
a PHP interface to Oracle, including the oci8 and pdo_oci extensions

php54-pcntl @5.4.45 (php, sysutils)
a PHP interface to Unix-style process creation, program execution, signal handling and process termination functions

php54-posix @5.4.45 (php, sysutils)
a PHP interface to additional POSIX functions

php54-postgresql @5.4.45 (php, databases)
a PHP interface to PostgreSQL, including the pgsql and pdo_pgsql extensions

php54-pspell @5.4.45 (php, textproc)
a PHP interface to the aspell library, which lets you check spelling and offer spelling suggestions

php54-snmp @5.4.45_2 (php, sysutils)
a PHP interface to the Simple Network Management Protocol (SNMP)

php54-sockets @5.4.45 (php, net)
a PHP interface to BSD socket communication functions

php54-solr @2.4.0_2 (php, devel)
a PHP interface to Apache Solr

php54-sqlite @5.4.45 (php, databases)
a PHP interface to SQLite, including the sqlite3 and pdo_sqlite extensions

php54-taint @1.2.2 (php)
detects XSS and SQL-injection vulnerabilities

php54-tidy @5.4.45_2 (php, www)
a PHP interface to tidy, the HTML cleaning and repair utility

php54-vld @0.14.0 (php, devel)
Dump the internal representation of PHP scripts

php54-wddx @5.4.45 (php, textproc)
a PHP interface to Web Distributed Data Exchange

php54-xsl @5.4.45_1 (php, textproc)
a PHP interface to libxslt, which implements the XSL standard and lets you perform XSL transformations

php54-yaml @1.3.1 (php, devel)
a PHP interface to the YAML parsing library

php55-amqp @1.9.3 (php, net)
AMQP interface for PHP

php55-big_int @1.0.7_1 (php, devel)
big_int library

php55-curl @5.5.38 (php, net, www)
a PHP interface to the curl library, which lets you download files from servers with a variety of protocols

php55-dba @5.5.38 (php, databases)
a PHP interface for accessing DBM databases such as BerkeleyDB

php55-dbase @5.1.1 (php, databases)
a PHP interface for accessing dBase databases

php55-enchant @5.5.38 (php, textproc, devel)
a PHP interface to enchant

php55-excel @1.0.2 (php, textproc)
PHP interface to LibXL for reading and writing Microsoft Excel spreadsheets

php55-exif @5.5.38 (php, graphics)
a PHP interface to the EXIF image metadata functions

php55-gd @5.5.38_1 (php, graphics)
a PHP interface to the gd library

php55-gdchart @0.2.0 (php, devel)
GDChart Based Graphing Interface

php55-gettext @5.5.38 (php, devel)
a PHP interface to the gettext natural language support functions

php55-gmp @5.5.38 (php, devel, math)
a PHP interface to GMP, the GNU multiprocessing library through which you can work with arbitrary-length integers

php55-iconv @5.5.38 (php, textproc)
a PHP interface to the libiconv character encoding conversion functions

php55-imap @5.5.38 (php, mail)
a PHP interface to the IMAP protocol

php55-imlib2 @0.1.00_1 (php, devel)
Provides an image manipulation interface using libimlib2

php55-intl @5.5.38_8 (php, devel)
internationalization extension for PHP

php55-ipc @5.5.38 (php)
interprocess communication extensions for PHP

php55-ldap @5.5.38_1 (php, databases)
a PHP interface to LDAP

php55-mcrypt @5.5.38 (php, security)
a PHP interface to the mcrypt library, which offers a wide variety of algorithms

php55-mssql @5.5.38 (php, databases)
a PHP interface to MSSQL using FreeTDS, including the mssql and pdo_dblib extensions

php55-mysql @5.5.38 (php, databases)
a PHP interface to MySQL databases, including the mysql, mysqli and pdo_mysql extensions

php55-odbc @5.5.38 (php, databases)
a PHP interface for accessing databases via Open DataBase Connectivity (ODBC)

php55-openssl @5.5.38_3 (php, devel, security)
a PHP interface to OpenSSL signature-generation and -verification and data-encryption and -decryption functions

php55-oracle @5.5.38 (php, databases)
a PHP interface to Oracle, including the oci8 and pdo_oci extensions

php55-pcntl @5.5.38 (php, sysutils)
a PHP interface to Unix-style process creation, program execution, signal handling and process termination functions

php55-posix @5.5.38 (php, sysutils)
a PHP interface to additional POSIX functions

php55-postgresql @5.5.38 (php, databases)
a PHP interface to PostgreSQL, including the pgsql and pdo_pgsql extensions

php55-pspell @5.5.38 (php, textproc)
a PHP interface to the aspell library, which lets you check spelling and offer spelling suggestions

php55-snmp @5.5.38_2 (php, sysutils)
a PHP interface to the Simple Network Management Protocol (SNMP)

php55-sockets @5.5.38 (php, net)
a PHP interface to BSD socket communication functions

php55-solr @2.4.0_2 (php, devel)
a PHP interface to Apache Solr

php55-sqlite @5.5.38 (php, databases)
a PHP interface to SQLite, including the sqlite3 and pdo_sqlite extensions

php55-tidy @5.5.38_1 (php, www)
a PHP interface to tidy, the HTML cleaning and repair utility

php55-vld @0.14.0 (php, devel)
Dump the internal representation of PHP scripts

php55-wddx @5.5.38 (php, textproc)
a PHP interface to Web Distributed Data Exchange

php55-xsl @5.5.38_1 (php, textproc)
a PHP interface to libxslt, which implements the XSL standard and lets you perform XSL transformations

php55-yaml @1.3.1 (php, devel)
a PHP interface to the YAML parsing library

php56-amqp @1.11.0 (php, net)
AMQP interface for PHP

php56-big_int @1.0.7_1 (php, devel)
big_int library

php56-curl @5.6.40 (php, net, www)
a PHP interface to the curl library, which lets you download files from servers with a variety of protocols

php56-dba @5.6.40 (php, databases)
a PHP interface for accessing DBM databases such as BerkeleyDB

php56-dbase @5.1.1 (php, databases)
a PHP interface for accessing dBase databases

php56-enchant @5.6.40 (php, textproc, devel)
a PHP interface to enchant

php56-excel @1.0.2 (php, textproc)
PHP interface to LibXL for reading and writing Microsoft Excel spreadsheets

php56-exif @5.6.40 (php, graphics)
a PHP interface to the EXIF image metadata functions

php56-gd @5.6.40_1 (php, graphics)
a PHP interface to the gd library

php56-gdchart @0.2.0 (php, devel)
GDChart Based Graphing Interface

php56-gettext @5.6.40 (php, devel)
a PHP interface to the gettext natural language support functions

php56-gmp @5.6.40 (php, devel, math)
a PHP interface to GMP, the GNU multiprocessing library through which you can work with arbitrary-length integers

php56-iconv @5.6.40 (php, textproc)
a PHP interface to the libiconv character encoding conversion functions

php56-imap @5.6.40 (php, mail)
a PHP interface to the IMAP protocol

php56-imlib2 @0.1.00_1 (php, devel)
Provides an image manipulation interface using libimlib2

php56-intl @5.6.40_7 (php, devel)
internationalization extension for PHP

php56-ipc @5.6.40 (php)
interprocess communication extensions for PHP

php56-ldap @5.6.40_1 (php, databases)
a PHP interface to LDAP

php56-mcrypt @5.6.40 (php, security)
a PHP interface to the mcrypt library, which offers a wide variety of algorithms

php56-mssql @5.6.40 (php, databases)
a PHP interface to MSSQL using FreeTDS, including the mssql and pdo_dblib extensions

php56-mysql @5.6.40 (php, databases)
a PHP interface to MySQL databases, including the mysql, mysqli and pdo_mysql extensions

php56-odbc @5.6.40 (php, databases)
a PHP interface for accessing databases via Open DataBase Connectivity (ODBC)

php56-openssl @5.6.40_3 (php, devel, security)
a PHP interface to OpenSSL signature-generation and -verification and data-encryption and -decryption functions

php56-oracle @5.6.40 (php, databases)
a PHP interface to Oracle, including the oci8 and pdo_oci extensions

php56-pcntl @5.6.40 (php, sysutils)
a PHP interface to Unix-style process creation, program execution, signal handling and process termination functions

php56-posix @5.6.40 (php, sysutils)
a PHP interface to additional POSIX functions

php56-postgresql @5.6.40 (php, databases)
a PHP interface to PostgreSQL, including the pgsql and pdo_pgsql extensions

php56-pspell @5.6.40 (php, textproc)
a PHP interface to the aspell library, which lets you check spelling and offer spelling suggestions

php56-snmp @5.6.40_1 (php, sysutils)
a PHP interface to the Simple Network Management Protocol (SNMP)

php56-sockets @5.6.40 (php, net)
a PHP interface to BSD socket communication functions

php56-solr @2.4.0_2 (php, devel)
a PHP interface to Apache Solr

php56-sqlite @5.6.40 (php, databases)
a PHP interface to SQLite, including the sqlite3 and pdo_sqlite extensions

php56-tidy @5.6.40_1 (php, www)
a PHP interface to tidy, the HTML cleaning and repair utility

php56-vld @0.14.0 (php, devel)
Dump the internal representation of PHP scripts

php56-wddx @5.6.40 (php, textproc)
a PHP interface to Web Distributed Data Exchange

php56-xsl @5.6.40_1 (php, textproc)
a PHP interface to libxslt, which implements the XSL standard and lets you perform XSL transformations

php56-yaml @1.3.1 (php, devel)
a PHP interface to the YAML parsing library

php70-amqp @1.11.0 (php, net)
AMQP interface for PHP

php70-curl @7.0.33 (php, net, www)
a PHP interface to the curl library, which lets you download files from servers with a variety of protocols

php70-dba @7.0.33 (php, databases)
a PHP interface for accessing DBM databases such as BerkeleyDB

php70-dbase @7.1.1 (php, databases)
a PHP interface for accessing dBase databases

php70-enchant @7.0.33 (php, textproc, devel)
a PHP interface to enchant

php70-excel @1.0.2 (php, textproc)
PHP interface to LibXL for reading and writing Microsoft Excel spreadsheets

php70-exif @7.0.33 (php, graphics)
a PHP interface to the EXIF image metadata functions

php70-gd @7.0.33_1 (php, graphics)
a PHP interface to the gd library

php70-gettext @7.0.33 (php, devel)
a PHP interface to the gettext natural language support functions

php70-gmp @7.0.33 (php, devel, math)
a PHP interface to GMP, the GNU multiprocessing library through which you can work with arbitrary-length integers

php70-iconv @7.0.33 (php, textproc)
a PHP interface to the libiconv character encoding conversion functions

php70-imap @7.0.33 (php, mail)
a PHP interface to the IMAP protocol

php70-intl @7.0.33_7 (php, devel)
internationalization extension for PHP

php70-ipc @7.0.33 (php)
interprocess communication extensions for PHP

php70-ldap @7.0.33_1 (php, databases)
a PHP interface to LDAP

php70-mcrypt @7.0.33 (php, security)
a PHP interface to the mcrypt library, which offers a wide variety of algorithms

php70-mysql @7.0.33 (php, databases)
a PHP interface to MySQL databases, including the mysqli and pdo_mysql extensions

php70-odbc @7.0.33 (php, databases)
a PHP interface for accessing databases via Open DataBase Connectivity (ODBC)

php70-openssl @7.0.33_2 (php, devel, security)
a PHP interface to OpenSSL signature-generation and -verification and data-encryption and -decryption functions

php70-oracle @7.0.33 (php, databases)
a PHP interface to Oracle, including the oci8 and pdo_oci extensions

php70-pcntl @7.0.33 (php, sysutils)
a PHP interface to Unix-style process creation, program execution, signal handling and process termination functions

php70-posix @7.0.33 (php, sysutils)
a PHP interface to additional POSIX functions

php70-postgresql @7.0.33 (php, databases)
a PHP interface to PostgreSQL, including the pgsql and pdo_pgsql extensions

php70-pspell @7.0.33 (php, textproc)
a PHP interface to the aspell library, which lets you check spelling and offer spelling suggestions

php70-psr @1.1.0 (php)
interfaces to PHP Standards Recommendations

php70-snmp @7.0.33_1 (php, sysutils)
a PHP interface to the Simple Network Management Protocol (SNMP)

php70-sockets @7.0.33 (php, net)
a PHP interface to BSD socket communication functions

php70-solr @2.6.0_1 (php, devel)
a PHP interface to Apache Solr

php70-sqlite @7.0.33 (php, databases)
a PHP interface to SQLite, including the sqlite3 and pdo_sqlite extensions

php70-taint @2.1.0 (php)
detects XSS and SQL-injection vulnerabilities

php70-tidy @7.0.33_1 (php, www)
a PHP interface to tidy, the HTML cleaning and repair utility

php70-vld @0.18.0 (php, devel)
Dump the internal representation of PHP scripts

php70-wddx @7.0.33 (php, textproc)
a PHP interface to Web Distributed Data Exchange

php70-xsl @7.0.33_1 (php, textproc)
a PHP interface to libxslt, which implements the XSL standard and lets you perform XSL transformations

php70-yaml @2.0.4 (php, devel)
a PHP interface to the YAML parsing library

php71-amqp @1.11.0 (php, net)
AMQP interface for PHP

php71-curl @7.1.33 (php, net, www)
a PHP interface to the curl library, which lets you download files from servers with a variety of protocols

php71-dba @7.1.33 (php, databases)
a PHP interface for accessing DBM databases such as BerkeleyDB

php71-dbase @7.1.1 (php, databases)
a PHP interface for accessing dBase databases

php71-enchant @7.1.33 (php, textproc, devel)
a PHP interface to enchant

php71-excel @1.0.2 (php, textproc)
PHP interface to LibXL for reading and writing Microsoft Excel spreadsheets

php71-exif @7.1.33 (php, graphics)
a PHP interface to the EXIF image metadata functions

php71-gd @7.1.33_1 (php, graphics)
a PHP interface to the gd library

php71-gettext @7.1.33 (php, devel)
a PHP interface to the gettext natural language support functions

php71-gmp @7.1.33 (php, devel, math)
a PHP interface to GMP, the GNU multiprocessing library through which you can work with arbitrary-length integers

php71-iconv @7.1.33 (php, textproc)
a PHP interface to the libiconv character encoding conversion functions

php71-imap @7.1.33 (php, mail)
a PHP interface to the IMAP protocol

php71-intl @7.1.33_6 (php, devel)
internationalization extension for PHP

php71-ipc @7.1.33 (php)
interprocess communication extensions for PHP

php71-ldap @7.1.33_1 (php, databases)
a PHP interface to LDAP

php71-mcrypt @7.1.33 (php, security)
a PHP interface to the mcrypt library, which offers a wide variety of algorithms

php71-mysql @7.1.33 (php, databases)
a PHP interface to MySQL databases, including the mysqli and pdo_mysql extensions

php71-odbc @7.1.33 (php, databases)
a PHP interface for accessing databases via Open DataBase Connectivity (ODBC)

php71-openssl @7.1.33_1 (php, devel, security)
a PHP interface to OpenSSL signature-generation and -verification and data-encryption and -decryption functions

php71-oracle @7.1.33 (php, databases)
a PHP interface to Oracle, including the oci8 and pdo_oci extensions

php71-pcntl @7.1.33 (php, sysutils)
a PHP interface to Unix-style process creation, program execution, signal handling and process termination functions

php71-posix @7.1.33 (php, sysutils)
a PHP interface to additional POSIX functions

php71-postgresql @7.1.33 (php, databases)
a PHP interface to PostgreSQL, including the pgsql and pdo_pgsql extensions

php71-pspell @7.1.33 (php, textproc)
a PHP interface to the aspell library, which lets you check spelling and offer spelling suggestions

php71-psr @1.1.0 (php)
interfaces to PHP Standards Recommendations

php71-snmp @7.1.33_1 (php, sysutils)
a PHP interface to the Simple Network Management Protocol (SNMP)

php71-sockets @7.1.33 (php, net)
a PHP interface to BSD socket communication functions

php71-solr @2.6.0_1 (php, devel)
a PHP interface to Apache Solr

php71-sqlite @7.1.33 (php, databases)
a PHP interface to SQLite, including the sqlite3 and pdo_sqlite extensions

php71-taint @2.1.0 (php)
detects XSS and SQL-injection vulnerabilities

php71-tidy @7.1.33_1 (php, www)
a PHP interface to tidy, the HTML cleaning and repair utility

php71-vld @0.18.0 (php, devel)
Dump the internal representation of PHP scripts

php71-wddx @7.1.33 (php, textproc)
a PHP interface to Web Distributed Data Exchange

php71-xsl @7.1.33_1 (php, textproc)
a PHP interface to libxslt, which implements the XSL standard and lets you perform XSL transformations

php71-yaml @2.2.4 (php, devel)
a PHP interface to the YAML parsing library

php72-amqp @1.11.0 (php, net)
AMQP interface for PHP

php72-curl @7.2.34 (php, net, www)
a PHP interface to the curl library, which lets you download files from servers with a variety of protocols

php72-dba @7.2.34 (php, databases)
a PHP interface for accessing DBM databases such as BerkeleyDB

php72-dbase @7.1.1 (php, databases)
a PHP interface for accessing dBase databases

php72-enchant @7.2.34 (php, textproc, devel)
a PHP interface to enchant

php72-excel @1.0.2 (php, textproc)
PHP interface to LibXL for reading and writing Microsoft Excel spreadsheets

php72-exif @7.2.34 (php, graphics)
a PHP interface to the EXIF image metadata functions

php72-gd @7.2.34_1 (php, graphics)
a PHP interface to the gd library

php72-gettext @7.2.34 (php, devel)
a PHP interface to the gettext natural language support functions

php72-gmp @7.2.34 (php, devel, math)
a PHP interface to GMP, the GNU multiprocessing library through which you can work with arbitrary-length integers

php72-iconv @7.2.34 (php, textproc)
a PHP interface to the libiconv character encoding conversion functions

php72-imap @7.2.34 (php, mail)
a PHP interface to the IMAP protocol

php72-intl @7.2.34_5 (php, devel)
internationalization extension for PHP

php72-ipc @7.2.34 (php)
interprocess communication extensions for PHP

php72-ldap @7.2.34_1 (php, databases)
a PHP interface to LDAP

php72-mcrypt @1.0.7 (php, security)
a PHP interface to the mcrypt library, which offers a wide variety of algorithms

php72-mysql @7.2.34 (php, databases)
a PHP interface to MySQL databases, including the mysqli and pdo_mysql extensions

php72-odbc @7.2.34 (php, databases)
a PHP interface for accessing databases via Open DataBase Connectivity (ODBC)

php72-openssl @7.2.34_1 (php, devel, security)
a PHP interface to OpenSSL signature-generation and -verification and data-encryption and -decryption functions

php72-oracle @7.2.34 (php, databases)
a PHP interface to Oracle, including the oci8 and pdo_oci extensions

php72-pcntl @7.2.34 (php, sysutils)
a PHP interface to Unix-style process creation, program execution, signal handling and process termination functions

php72-posix @7.2.34 (php, sysutils)
a PHP interface to additional POSIX functions

php72-postgresql @7.2.34 (php, databases)
a PHP interface to PostgreSQL, including the pgsql and pdo_pgsql extensions

php72-pspell @7.2.34 (php, textproc)
a PHP interface to the aspell library, which lets you check spelling and offer spelling suggestions

php72-psr @1.1.0 (php)
interfaces to PHP Standards Recommendations

php72-snmp @7.2.34_1 (php, sysutils)
a PHP interface to the Simple Network Management Protocol (SNMP)

php72-sockets @7.2.34 (php, net)
a PHP interface to BSD socket communication functions

php72-sodium @7.2.34_1 (php, security)
a PHP interface to libsodium, a modern and easy-to-use crypto library

php72-solr @2.6.0_1 (php, devel)
a PHP interface to Apache Solr

php72-sqlite @7.2.34 (php, databases)
a PHP interface to SQLite, including the sqlite3 and pdo_sqlite extensions

php72-taint @2.1.0 (php)
detects XSS and SQL-injection vulnerabilities

php72-tidy @7.2.34_1 (php, www)
a PHP interface to tidy, the HTML cleaning and repair utility

php72-vld @0.18.0 (php, devel)
Dump the internal representation of PHP scripts

php72-wddx @7.2.34 (php, textproc)
a PHP interface to Web Distributed Data Exchange

php72-xsl @7.2.34_1 (php, textproc)
a PHP interface to libxslt, which implements the XSL standard and lets you perform XSL transformations

php72-yaml @2.2.4 (php, devel)
a PHP interface to the YAML parsing library

php73-amqp @1.11.0 (php, net)
AMQP interface for PHP

php73-curl @7.3.33 (php, net, www)
a PHP interface to the curl library, which lets you download files from servers with a variety of protocols

php73-dba @7.3.33 (php, databases)
a PHP interface for accessing DBM databases such as BerkeleyDB

php73-dbase @7.1.1 (php, databases)
a PHP interface for accessing dBase databases

php73-enchant @7.3.33 (php, textproc, devel)
a PHP interface to enchant

php73-excel @1.0.2 (php, textproc)
PHP interface to LibXL for reading and writing Microsoft Excel spreadsheets

php73-exif @7.3.33 (php, graphics)
a PHP interface to the EXIF image metadata functions

php73-gd @7.3.33 (php, graphics)
a PHP interface to the gd library

php73-gettext @7.3.33 (php, devel)
a PHP interface to the gettext natural language support functions

php73-gmp @7.3.33 (php, devel, math)
a PHP interface to GMP, the GNU multiprocessing library through which you can work with arbitrary-length integers

php73-iconv @7.3.33 (php, textproc)
a PHP interface to the libiconv character encoding conversion functions

php73-imap @7.3.33 (php, mail)
a PHP interface to the IMAP protocol

php73-intl @7.3.33_5 (php, devel)
internationalization extension for PHP

php73-ipc @7.3.33 (php)
interprocess communication extensions for PHP

php73-ldap @7.3.33_1 (php, databases)
a PHP interface to LDAP

php73-mcrypt @1.0.7 (php, security)
a PHP interface to the mcrypt library, which offers a wide variety of algorithms

php73-mysql @7.3.33 (php, databases)
a PHP interface to MySQL databases, including the mysqli and pdo_mysql extensions

php73-odbc @7.3.33 (php, databases)
a PHP interface for accessing databases via Open DataBase Connectivity (ODBC)

php73-openssl @7.3.33 (php, devel, security)
a PHP interface to OpenSSL signature-generation and -verification and data-encryption and -decryption functions

php73-oracle @7.3.33 (php, databases)
a PHP interface to Oracle, including the oci8 and pdo_oci extensions

php73-pcntl @7.3.33 (php, sysutils)
a PHP interface to Unix-style process creation, program execution, signal handling and process termination functions

php73-posix @7.3.33 (php, sysutils)
a PHP interface to additional POSIX functions

php73-postgresql @7.3.33 (php, databases)
a PHP interface to PostgreSQL, including the pgsql and pdo_pgsql extensions

php73-pspell @7.3.33 (php, textproc)
a PHP interface to the aspell library, which lets you check spelling and offer spelling suggestions

php73-psr @1.2.0 (php)
interfaces to PHP Standards Recommendations

php73-snmp @7.3.33 (php, sysutils)
a PHP interface to the Simple Network Management Protocol (SNMP)

php73-sockets @7.3.33 (php, net)
a PHP interface to BSD socket communication functions

php73-sodium @7.3.33_1 (php, security)
a PHP interface to libsodium, a modern and easy-to-use crypto library

php73-solr @2.6.0_1 (php, devel)
a PHP interface to Apache Solr

php73-sqlite @7.3.33 (php, databases)
a PHP interface to SQLite, including the sqlite3 and pdo_sqlite extensions

php73-taint @2.1.0 (php)
detects XSS and SQL-injection vulnerabilities

php73-tidy @7.3.33 (php, www)
a PHP interface to tidy, the HTML cleaning and repair utility

php73-vld @0.18.0 (php, devel)
Dump the internal representation of PHP scripts

php73-wddx @7.3.33 (php, textproc)
a PHP interface to Web Distributed Data Exchange

php73-xsl @7.3.33_1 (php, textproc)
a PHP interface to libxslt, which implements the XSL standard and lets you perform XSL transformations

php73-yaml @2.2.4 (php, devel)
a PHP interface to the YAML parsing library

php74-amqp @2.1.2 (php, net)
AMQP interface for PHP

php74-curl @7.4.33 (php, net, www)
a PHP interface to the curl library, which lets you download files from servers with a variety of protocols

php74-dba @7.4.33 (php, databases)
a PHP interface for accessing DBM databases such as BerkeleyDB

php74-dbase @7.1.1 (php, databases)
a PHP interface for accessing dBase databases

php74-enchant @7.4.33 (php, textproc, devel)
a PHP interface to enchant

php74-excel @1.0.2 (php, textproc)
PHP interface to LibXL for reading and writing Microsoft Excel spreadsheets

php74-exif @7.4.33 (php, graphics)
a PHP interface to the EXIF image metadata functions

php74-ffi @7.4.33 (php, devel)
a PHP interface to allow loading of shared libraries

php74-gd @7.4.33 (php, graphics)
a PHP interface to the gd library

php74-gettext @7.4.33 (php, devel)
a PHP interface to the gettext natural language support functions

php74-gmp @7.4.33 (php, devel, math)
a PHP interface to GMP, the GNU multiprocessing library through which you can work with arbitrary-length integers

php74-iconv @7.4.33 (php, textproc)
a PHP interface to the libiconv character encoding conversion functions

php74-imap @7.4.33 (php, mail)
a PHP interface to the IMAP protocol

php74-intl @7.4.33_3 (php, devel)
internationalization extension for PHP

php74-ipc @7.4.33 (php)
interprocess communication extensions for PHP

php74-ldap @7.4.33 (php, databases)
a PHP interface to LDAP

php74-mcrypt @1.0.7 (php, security)
a PHP interface to the mcrypt library, which offers a wide variety of algorithms

php74-mysql @7.4.33 (php, databases)
a PHP interface to MySQL databases, including the mysqli and pdo_mysql extensions

php74-odbc @7.4.33 (php, databases)
a PHP interface for accessing databases via Open DataBase Connectivity (ODBC)

php74-openssl @7.4.33 (php, devel, security)
a PHP interface to OpenSSL signature-generation and -verification and data-encryption and -decryption functions

php74-oracle @7.4.33 (php, databases)
a PHP interface to Oracle, including the oci8 and pdo_oci extensions

php74-pcntl @7.4.33 (php, sysutils)
a PHP interface to Unix-style process creation, program execution, signal handling and process termination functions

php74-posix @7.4.33 (php, sysutils)
a PHP interface to additional POSIX functions

php74-postgresql @7.4.33 (php, databases)
a PHP interface to PostgreSQL, including the pgsql and pdo_pgsql extensions

php74-pspell @7.4.33 (php, textproc)
a PHP interface to the aspell library, which lets you check spelling and offer spelling suggestions

php74-psr @1.2.0 (php)
interfaces to PHP Standards Recommendations

php74-snmp @7.4.33 (php, sysutils)
a PHP interface to the Simple Network Management Protocol (SNMP)

php74-sockets @7.4.33 (php, net)
a PHP interface to BSD socket communication functions

php74-sodium @7.4.33_1 (php, security)
a PHP interface to libsodium, a modern and easy-to-use crypto library

php74-solr @2.8.0 (php, devel)
a PHP interface to Apache Solr

php74-sqlite @7.4.33 (php, databases)
a PHP interface to SQLite, including the sqlite3 and pdo_sqlite extensions

php74-taint @2.1.0 (php)
detects XSS and SQL-injection vulnerabilities

php74-tidy @7.4.33 (php, www)
a PHP interface to tidy, the HTML cleaning and repair utility

php74-vld @0.18.0 (php, devel)
Dump the internal representation of PHP scripts

php74-xsl @7.4.33 (php, textproc)
a PHP interface to libxslt, which implements the XSL standard and lets you perform XSL transformations

php74-yaml @2.2.4 (php, devel)
a PHP interface to the YAML parsing library

php80-amqp @2.1.2 (php, net)
AMQP interface for PHP

php80-curl @8.0.30 (php, net, www)
a PHP interface to the curl library, which lets you download files from servers with a variety of protocols

php80-dba @8.0.30 (php, databases)
a PHP interface for accessing DBM databases such as BerkeleyDB

php80-dbase @7.1.1 (php, databases)
a PHP interface for accessing dBase databases

php80-enchant @8.0.30_1 (php, textproc, devel)
a PHP interface to enchant

php80-exif @8.0.30 (php, graphics)
a PHP interface to the EXIF image metadata functions

php80-ffi @8.0.30 (php, devel)
a PHP interface to allow loading of shared libraries

php80-gd @8.0.30 (php, graphics)
a PHP interface to the gd library

php80-gettext @8.0.30 (php, devel)
a PHP interface to the gettext natural language support functions

php80-gmp @8.0.30 (php, devel, math)
a PHP interface to GMP, the GNU multiprocessing library through which you can work with arbitrary-length integers

php80-iconv @8.0.30 (php, textproc)
a PHP interface to the libiconv character encoding conversion functions

php80-imap @8.0.30 (php, mail)
a PHP interface to the IMAP protocol

php80-intl @8.0.30_2 (php, devel)
internationalization extension for PHP

php80-ipc @8.0.30 (php)
interprocess communication extensions for PHP

php80-ldap @8.0.30 (php, databases)
a PHP interface to LDAP

php80-mcrypt @1.0.7 (php, security)
a PHP interface to the mcrypt library, which offers a wide variety of algorithms

php80-mysql @8.0.30 (php, databases)
a PHP interface to MySQL databases, including the mysqli and pdo_mysql extensions

php80-odbc @8.0.30 (php, databases)
a PHP interface for accessing databases via Open DataBase Connectivity (ODBC)

php80-openssl @8.0.30 (php, devel, security)
a PHP interface to OpenSSL signature-generation and -verification and data-encryption and -decryption functions

php80-oracle @8.0.30 (php, databases)
a PHP interface to Oracle, including the oci8 and pdo_oci extensions

php80-pcntl @8.0.30 (php, sysutils)
a PHP interface to Unix-style process creation, program execution, signal handling and process termination functions

php80-posix @8.0.30 (php, sysutils)
a PHP interface to additional POSIX functions

php80-postgresql @8.0.30 (php, databases)
a PHP interface to PostgreSQL, including the pgsql and pdo_pgsql extensions

php80-pspell @8.0.30 (php, textproc)
a PHP interface to the aspell library, which lets you check spelling and offer spelling suggestions

php80-psr @1.2.0 (php)
interfaces to PHP Standards Recommendations

php80-snmp @8.0.30 (php, sysutils)
a PHP interface to the Simple Network Management Protocol (SNMP)

php80-sockets @8.0.30 (php, net)
a PHP interface to BSD socket communication functions

php80-sodium @8.0.30_1 (php, security)
a PHP interface to libsodium, a modern and easy-to-use crypto library

php80-solr @2.8.0 (php, devel)
a PHP interface to Apache Solr

php80-sqlite @8.0.30 (php, databases)
a PHP interface to SQLite, including the sqlite3 and pdo_sqlite extensions

php80-tidy @8.0.30 (php, www)
a PHP interface to tidy, the HTML cleaning and repair utility

php80-vld @0.18.0 (php, devel)
Dump the internal representation of PHP scripts

php80-xsl @8.0.30 (php, textproc)
a PHP interface to libxslt, which implements the XSL standard and lets you perform XSL transformations

php80-yaml @2.2.4 (php, devel)
a PHP interface to the YAML parsing library

php81-amqp @2.1.2 (php, net)
AMQP interface for PHP

php81-curl @8.1.30 (php, net, www)
a PHP interface to the curl library, which lets you download files from servers with a variety of protocols

php81-dba @8.1.30 (php, databases)
a PHP interface for accessing DBM databases such as BerkeleyDB

php81-dbase @7.1.1 (php, databases)
a PHP interface for accessing dBase databases

php81-enchant @8.1.30 (php, textproc, devel)
a PHP interface to enchant

php81-exif @8.1.30 (php, graphics)
a PHP interface to the EXIF image metadata functions

php81-ffi @8.1.30 (php, devel)
a PHP interface to allow loading of shared libraries

php81-gd @8.1.30 (php, graphics)
a PHP interface to the gd library

php81-gettext @8.1.30 (php, devel)
a PHP interface to the gettext natural language support functions

php81-gmp @8.1.30 (php, devel, math)
a PHP interface to GMP, the GNU multiprocessing library through which you can work with arbitrary-length integers

php81-iconv @8.1.30 (php, textproc)
a PHP interface to the libiconv character encoding conversion functions

php81-imap @8.1.30 (php, mail)
a PHP interface to the IMAP protocol

php81-intl @8.1.30_1 (php, devel)
internationalization extension for PHP

php81-ipc @8.1.30 (php)
interprocess communication extensions for PHP

php81-ldap @8.1.30 (php, databases)
a PHP interface to LDAP

php81-mcrypt @1.0.7 (php, security)
a PHP interface to the mcrypt library, which offers a wide variety of algorithms

php81-mysql @8.1.30 (php, databases)
a PHP interface to MySQL databases, including the mysqli and pdo_mysql extensions

php81-odbc @8.1.30 (php, databases)
a PHP interface for accessing databases via Open DataBase Connectivity (ODBC)

php81-openssl @8.1.30 (php, devel, security)
a PHP interface to OpenSSL signature-generation and -verification and data-encryption and -decryption functions

php81-oracle @8.1.30 (php, databases)
a PHP interface to Oracle, including the oci8 and pdo_oci extensions

php81-pcntl @8.1.30 (php, sysutils)
a PHP interface to Unix-style process creation, program execution, signal handling and process termination functions

php81-posix @8.1.30 (php, sysutils)
a PHP interface to additional POSIX functions

php81-postgresql @8.1.30 (php, databases)
a PHP interface to PostgreSQL, including the pgsql and pdo_pgsql extensions

php81-pspell @8.1.30 (php, textproc)
a PHP interface to the aspell library, which lets you check spelling and offer spelling suggestions

php81-psr @1.2.0 (php)
interfaces to PHP Standards Recommendations

php81-snmp @8.1.30 (php, sysutils)
a PHP interface to the Simple Network Management Protocol (SNMP)

php81-sockets @8.1.30 (php, net)
a PHP interface to BSD socket communication functions

php81-sodium @8.1.30 (php, security)
a PHP interface to libsodium, a modern and easy-to-use crypto library

php81-solr @2.8.0 (php, devel)
a PHP interface to Apache Solr

php81-sqlite @8.1.30 (php, databases)
a PHP interface to SQLite, including the sqlite3 and pdo_sqlite extensions

php81-tidy @8.1.30 (php, www)
a PHP interface to tidy, the HTML cleaning and repair utility

php81-vld @0.18.0 (php, devel)
Dump the internal representation of PHP scripts

php81-xsl @8.1.30 (php, textproc)
a PHP interface to libxslt, which implements the XSL standard and lets you perform XSL transformations

php81-yaml @2.2.4 (php, devel)
a PHP interface to the YAML parsing library

php82-amqp @2.1.2 (php, net)
AMQP interface for PHP

php82-curl @8.2.24 (php, net, www)
a PHP interface to the curl library, which lets you download files from servers with a variety of protocols

php82-dba @8.2.24 (php, databases)
a PHP interface for accessing DBM databases such as BerkeleyDB

php82-dbase @7.1.1 (php, databases)
a PHP interface for accessing dBase databases

php82-enchant @8.2.24 (php, textproc, devel)
a PHP interface to enchant

php82-exif @8.2.24 (php, graphics)
a PHP interface to the EXIF image metadata functions

php82-ffi @8.2.24 (php, devel)
a PHP interface to allow loading of shared libraries

php82-gd @8.2.24 (php, graphics)
a PHP interface to the gd library

php82-gettext @8.2.24 (php, devel)
a PHP interface to the gettext natural language support functions

php82-gmp @8.2.24 (php, devel, math)
a PHP interface to GMP, the GNU multiprocessing library through which you can work with arbitrary-length integers

php82-iconv @8.2.24 (php, textproc)
a PHP interface to the libiconv character encoding conversion functions

php82-imap @8.2.24 (php, mail)
a PHP interface to the IMAP protocol

php82-intl @8.2.24_1 (php, devel)
internationalization extension for PHP

php82-ipc @8.2.24 (php)
interprocess communication extensions for PHP

php82-ldap @8.2.24 (php, databases)
a PHP interface to LDAP

php82-mcrypt @1.0.7 (php, security)
a PHP interface to the mcrypt library, which offers a wide variety of algorithms

php82-mysql @8.2.24 (php, databases)
a PHP interface to MySQL databases, including the mysqli and pdo_mysql extensions

php82-odbc @8.2.24 (php, databases)
a PHP interface for accessing databases via Open DataBase Connectivity (ODBC)

php82-openssl @8.2.24 (php, devel, security)
a PHP interface to OpenSSL signature-generation and -verification and data-encryption and -decryption functions

php82-oracle @8.2.24 (php, databases)
a PHP interface to Oracle, including the oci8 and pdo_oci extensions

php82-pcntl @8.2.24 (php, sysutils)
a PHP interface to Unix-style process creation, program execution, signal handling and process termination functions

php82-posix @8.2.24 (php, sysutils)
a PHP interface to additional POSIX functions

php82-postgresql @8.2.24 (php, databases)
a PHP interface to PostgreSQL, including the pgsql and pdo_pgsql extensions

php82-pspell @8.2.24 (php, textproc)
a PHP interface to the aspell library, which lets you check spelling and offer spelling suggestions

php82-psr @1.2.0 (php)
interfaces to PHP Standards Recommendations

php82-snmp @8.2.24 (php, sysutils)
a PHP interface to the Simple Network Management Protocol (SNMP)

php82-sockets @8.2.24 (php, net)
a PHP interface to BSD socket communication functions

php82-sodium @8.2.24 (php, security)
a PHP interface to libsodium, a modern and easy-to-use crypto library

php82-solr @2.8.0 (php, devel)
a PHP interface to Apache Solr

php82-sqlite @8.2.24 (php, databases)
a PHP interface to SQLite, including the sqlite3 and pdo_sqlite extensions

php82-tidy @8.2.24 (php, www)
a PHP interface to tidy, the HTML cleaning and repair utility

php82-vld @0.18.0 (php, devel)
Dump the internal representation of PHP scripts

php82-xsl @8.2.24 (php, textproc)
a PHP interface to libxslt, which implements the XSL standard and lets you perform XSL transformations

php82-yaml @2.2.4 (php, devel)
a PHP interface to the YAML parsing library

php83-amqp @2.1.2 (php, net)
AMQP interface for PHP

php83-curl @8.3.12 (php, net, www)
a PHP interface to the curl library, which lets you download files from servers with a variety of protocols

php83-dba @8.3.12 (php, databases)
a PHP interface for accessing DBM databases such as BerkeleyDB

php83-dbase @7.1.1 (php, databases)
a PHP interface for accessing dBase databases

php83-enchant @8.3.12 (php, textproc, devel)
a PHP interface to enchant

php83-exif @8.3.12 (php, graphics)
a PHP interface to the EXIF image metadata functions

php83-ffi @8.3.12 (php, devel)
a PHP interface to allow loading of shared libraries

php83-gd @8.3.12 (php, graphics)
a PHP interface to the gd library

php83-gettext @8.3.12 (php, devel)
a PHP interface to the gettext natural language support functions

php83-gmp @8.3.12 (php, devel, math)
a PHP interface to GMP, the GNU multiprocessing library through which you can work with arbitrary-length integers

php83-iconv @8.3.12 (php, textproc)
a PHP interface to the libiconv character encoding conversion functions

php83-imap @8.3.12 (php, mail)
a PHP interface to the IMAP protocol

php83-intl @8.3.12_1 (php, devel)
internationalization extension for PHP

php83-ipc @8.3.12 (php)
interprocess communication extensions for PHP

php83-ldap @8.3.12 (php, databases)
a PHP interface to LDAP

php83-mcrypt @1.0.7 (php, security)
a PHP interface to the mcrypt library, which offers a wide variety of algorithms

php83-mysql @8.3.12 (php, databases)
a PHP interface to MySQL databases, including the mysqli and pdo_mysql extensions

php83-odbc @8.3.12 (php, databases)
a PHP interface for accessing databases via Open DataBase Connectivity (ODBC)

php83-openssl @8.3.12 (php, devel, security)
a PHP interface to OpenSSL signature-generation and -verification and data-encryption and -decryption functions

php83-oracle @8.3.12 (php, databases)
a PHP interface to Oracle, including the oci8 and pdo_oci extensions

php83-pcntl @8.3.12 (php, sysutils)
a PHP interface to Unix-style process creation, program execution, signal handling and process termination functions

php83-posix @8.3.12 (php, sysutils)
a PHP interface to additional POSIX functions

php83-postgresql @8.3.12 (php, databases)
a PHP interface to PostgreSQL, including the pgsql and pdo_pgsql extensions

php83-pspell @8.3.12 (php, textproc)
a PHP interface to the aspell library, which lets you check spelling and offer spelling suggestions

php83-psr @1.2.0 (php)
interfaces to PHP Standards Recommendations

php83-snmp @8.3.12 (php, sysutils)
a PHP interface to the Simple Network Management Protocol (SNMP)

php83-sockets @8.3.12 (php, net)
a PHP interface to BSD socket communication functions

php83-sodium @8.3.12 (php, security)
a PHP interface to libsodium, a modern and easy-to-use crypto library

php83-solr @2.8.0 (php, devel)
a PHP interface to Apache Solr

php83-sqlite @8.3.12 (php, databases)
a PHP interface to SQLite, including the sqlite3 and pdo_sqlite extensions

php83-tidy @8.3.12 (php, www)
a PHP interface to tidy, the HTML cleaning and repair utility

php83-vld @0.18.0 (php, devel)
Dump the internal representation of PHP scripts

php83-xsl @8.3.12 (php, textproc)
a PHP interface to libxslt, which implements the XSL standard and lets you perform XSL transformations

php83-yaml @2.2.4 (php, devel)
a PHP interface to the YAML parsing library

php84-curl @8.4.0RC1 (php, net, www)
a PHP interface to the curl library, which lets you download files from servers with a variety of protocols

php84-dba @8.4.0RC1 (php, databases)
a PHP interface for accessing DBM databases such as BerkeleyDB

php84-enchant @8.4.0RC1 (php, textproc, devel)
a PHP interface to enchant

php84-exif @8.4.0RC1 (php, graphics)
a PHP interface to the EXIF image metadata functions

php84-ffi @8.4.0RC1 (php, devel)
a PHP interface to allow loading of shared libraries

php84-gd @8.4.0RC1 (php, graphics)
a PHP interface to the gd library

php84-gettext @8.4.0RC1 (php, devel)
a PHP interface to the gettext natural language support functions

php84-gmp @8.4.0RC1 (php, devel, math)
a PHP interface to GMP, the GNU multiprocessing library through which you can work with arbitrary-length integers

php84-iconv @8.4.0RC1 (php, textproc)
a PHP interface to the libiconv character encoding conversion functions

php84-intl @8.4.0RC1_1 (php, devel)
internationalization extension for PHP

php84-ipc @8.4.0RC1 (php)
interprocess communication extensions for PHP

php84-ldap @8.4.0RC1 (php, databases)
a PHP interface to LDAP

php84-mysql @8.4.0RC1 (php, databases)
a PHP interface to MySQL databases, including the mysqli and pdo_mysql extensions

php84-odbc @8.4.0RC1 (php, databases)
a PHP interface for accessing databases via Open DataBase Connectivity (ODBC)

php84-openssl @8.4.0RC1 (php, devel, security)
a PHP interface to OpenSSL signature-generation and -verification and data-encryption and -decryption functions

php84-pcntl @8.4.0RC1 (php, sysutils)
a PHP interface to Unix-style process creation, program execution, signal handling and process termination functions

php84-posix @8.4.0RC1 (php, sysutils)
a PHP interface to additional POSIX functions

php84-postgresql @8.4.0RC1 (php, databases)
a PHP interface to PostgreSQL, including the pgsql and pdo_pgsql extensions

php84-snmp @8.4.0RC1 (php, sysutils)
a PHP interface to the Simple Network Management Protocol (SNMP)

php84-sockets @8.4.0RC1 (php, net)
a PHP interface to BSD socket communication functions

php84-sodium @8.4.0RC1 (php, security)
a PHP interface to libsodium, a modern and easy-to-use crypto library

php84-sqlite @8.4.0RC1 (php, databases)
a PHP interface to SQLite, including the sqlite3 and pdo_sqlite extensions

php84-tidy @8.4.0RC1 (php, www)
a PHP interface to tidy, the HTML cleaning and repair utility

php84-xsl @8.4.0RC1 (php, textproc)
a PHP interface to libxslt, which implements the XSL standard and lets you perform XSL transformations

phpmyadmin @5.2.3 (www, php, databases)
A tool written in PHP intended to handle the administration of MySQL and MariaDB over the Web.

phpsh @1.3-20140514 (php, devel)
PHP read-eval-print-loop

pine @4.64 (mail)
Pine - a Program for Internet News and Email

pinentry-mac @1.3.1.1 (aqua, security)
Cocoa interface for the password entry software pinentry.

pinpoint @0.1.8 (office, multimedia)
A tool for making hackers do excellent presentations

pkcs11-helper @1.29.0 (security)
Library that simplifies the interaction with PKCS#11 providers for end-user applications using a simple API and optional OpenSSL engine

plumber @2.9.0 (net, devel)
A swiss army knife CLI tool for interacting with Kafka, RabbitMQ and other messaging systems.

pngpaste @0.2.3_1 (sysutils)
Paste PNG into files

poke @4.3_1 (sysutils)
interactive, extensible editor for binary data

policykit-gnome @0.105_1 (gnome, security)
PolicyKit-gnome provides an Authentication Agent for PolicyKit that integrates well with the GNOME desktop environment.

polygraph @4.3.2_4 (benchmarks, www)
Web Polygraph is a performance testing tool for caching proxies and other Web intermediaries.

Pothos @0.6.1 (science)
Pothos is Software Defined Radio (SDR) with a complete data-flow framework for creating topologies of interconnected processing blocks.

PothosSoapy @0.5.1_3 (science)
SDR source and sink blocks for interfacing SDR hardware with Pothos.

potrace @1.16 (graphics)
Transform bitmaps into vector graphics

ppmtomd @1.6_1 (print)
driver for the Alps Micro-Dry series of printers

pre-commit @4.5.1 (python, devel)
A framework for managing and maintaining multi-language pre-commit hooks.

prips @1.2.2 (net)
prips is a tool that can be used to print all of the IP address on a given range.

prips.sh @0.1.0 (net)
Print the IP addresses in a given range

ProjectCenter @0.6.2 (gnustep)
GNUstep's integrated developement environment (IDE).

ProjectManager @0.2_1 (gnustep)
Integrated Development Environment (IDE) for GNUstep

ProofGeneral @4.2 (math)
An emacs mode for interactive prooving

proselint @0.14.0_1 (textproc, python)
A linter for English prose

psfex @3.24.2 (science)
tool to extract the point spread function from astronomical images

pure-audio @0.6 (pure, audio)
a digital audio interface for the Pure programming language

pure-bonjour @0.2 (pure, devel)
an interface to Bonjour which enables you to publish and discover Zeroconf services from Pure

pure-csv @1.6 (pure, devel)
an interface to read and write comma separated value files in Pure

pure-fastcgi @0.6_1 (pure, www)
an interface to the FastCGI library in Pure

pure-ffi @0.16 (pure, devel)
an interface to libffi which enables you to call C functions from Pure and vice versa

pure-g2 @0.3 (pure, graphics)
an interface to the g2 graphics library for Pure

pure-gl @0.9 (pure, graphics)
an interface to access OpenGL functions from Pure

pure-glpk @0.6 (pure, math, lang)
an interface to the GNU Linear Programming Kit (GLPK) for the Pure programming language

pure-liblo @0.9 (pure, audio)
an interface to liblo, which implements Berkeley’s Open Sound Control (OSC) protocol

pure-lilv @0.5 (pure, audio, devel)
a Pure interface to David Robillard’s Lilv, an LV2 plugin host library

pure-midi @0.6 (pure, audio)
a MIDI interface for the Pure programming language

pure-mpfr @0.5_1 (pure, devel, math)
an interface to GNU MPFR from Pure

pure-octave @0.13 (pure, math, science)
an interface to run Octave commands from Pure

pure-odbc @0.10 (pure, databases)
a simple ODBC interface for the Pure programming language

pure-readline @0.3_2 (pure, devel)
an interface to use readline from Pure

pure-reduce @0.4 (pure, devel, math)
a Pure interface to the Reduce computer algebra system

pure-sockets @0.8 (pure, net)
an interface to the Berkeley socket functions for Pure

pure-sql3 @0.5 (pure, databases)
an SQLite interface for the Pure programming language

pure-stldict @0.8 (pure, devel)
a Pure interface to the C++ dictionary containers

pure-stllib @0.6 (pure, devel)
a Pure interface to some C++ container types

pure-tk @0.5 (pure, x11)
a basic interface between Pure and Tcl/Tk

pure-xml @0.7 (pure, textproc)
an interface to libxml2 and libxslt for Pure

py-acoustid @1.3.0 (python, devel, audio)
Chromaprint and Acoustid for Python

py-aiopg @1.4.0 (python, devel)
Postgres integration with asyncio.

py-analytics-python @1.4.0 (python, devel, math)
Integrate analytics into any python application.

py-annotated_types @0.7.0 (python, devel)
Reusable constraint types to use with typing.Annotated

py-ansible-compat @25.12.0 (python)
Functions that help interacting with various versions of Ansible

py-arpeggio @2.0.2 (python)
Packrat parser interpreter

py-asdf @5.1.0 (python)
The Advanced Scientific Data Format (ASDF) is a next-generation interchange format for scientific data.

py-aws-sam-translator @1.106.0 (python)
AWS SAM Translator is a library that transform SAM templates into AWS CloudFormation templates

py-awscli-plugin-endpoint @0.4 (python)
An awscli plugin to configure service endpoint from aws configure file

py-babel @2.17.0 (python, devel)
A collection of tools for internationalizing Python applications.

py-beancount-import @1.4.0 (python, finance)
Semi-automatic imports of financial data into Beancount

py-bigfloat @0.4.0 (python, math)
Arbitrary-precision correctly-rounded floating-point arithmetic, via MPFR.

py-bpython @0.24 (python)
fancy interface to the Python interpreter

py-bqplot @0.12.40 (python, graphics, math, science)
Interactive plotting for the Jupyter notebook

py-breathe @4.36.0 (python)
Breathe is a Sphinx plugin providing beautifully integrated Doxygen output in your user-facing documentation.

py-cachelib @0.10.2 (python)
A collection of cache libraries in the same API interface

py-certomancer-csc-dummy @0.2.3 (python)
A Certomancer-based demo CSC server for integration tests

py-cffi @2.0.0 (python, devel)
Foreign Function Interface for Python calling C code.

py-cfgrib @0.9.10.2 (python, science)
Python interface to map GRIB files to the NetCDF Common Data Model following the CF Convention using ecCodes

py-cfn-lint @1.43.4 (python)
Checks cloudformation for practices and behaviour that could potentially be improved

py-cleo @2.1.0 (python, devel)
Cleo allows you to create beautiful and testable command-line interfaces.

py-click-plugins @1.1.1.2 (python)
An extension module for click to enable registering CLI commands via setuptools entry-points.

py-cliff @4.9.1 (python)
Command Line Interface Formulation Framework

py-cligj @0.7.2 (python, gis)
Click params for commmand line interfaces to GeoJSON

py-clikit @0.6.2 (python, devel)
CliKit is a group of utilities to build beautiful and testable command line interfaces.

py-clint @0.5.1_1 (python, devel)
Clint: Python Command-line Application Tools

py-clnum @1.6 (python)
a Python interface to the Class Library for Numbers (CLN)

py-cloudflare @4.3.1 (python)
Python interface to the CloudFlare API.

py-cloudflare2 @2.20.0 (python, net)
Python interface to the CloudFlare API.

py-cmd2 @3.1.0 (python)
Tool for building interactive command line applications in Python

py-columnize @0.3.11 (python)
Format a simple list into aligned columns

py-conllu @6.0.0 (python, textproc)
Convert a CoNLL-U string into a nested python dictionary.

py-curl @7.45.7 (python, net, devel)
Python interface to libcurl

py-cx_Freeze @6.10 (python, devel)
Scripts and modules for freezing Python scripts into executables

py-demjson @2.2.4 (python)
encoder, decoder, and lint/validator for JSON compliant with RFC 4627

py-diskcache-stubs @5.6.3.6.20240818 (python)
This library provides type hints only.

py-django-mailman3 @1.3.15 (python, mail)
Django library to help interaction with Mailman

py-docutils @0.22.4 (python, textproc)
A set of tools for processing plaintext documentation

py-dolfin @2019.1.0_1 (python, math, science)
Python interface to DOLFIN, a part of FEniCS

py-dqsegdb2 @1.2.1 (python, science)
Simplified python interface to DQSEGDB

py-drms @0.9.0 (python)
The drms module provides an easy-to-use interface for accessing HMI, AIA and MDI data with Python.

py-eccodes @2.45.0 (python, science)
Python interface to the ecCodes GRIB and BUFR decoder/encoder

py-editorconfig @0.17.1 (python)
EditorConfig File Locator and Interpreter for Python

py-entrypoints @0.4 (python, devel)
Discover and load entry points from installed packages.

py-ephemeral-port-reserve @1.1.4 (python)
Bind to an ephemeral port, force it into the TIME_WAIT state, and unbind it.

py-erf @1.0.1 (python, math, science)
Bootstrap confidence interval estimation routines for SciPy.

py-esridump @1.13.0 (python)
Dump geodata from ESRI endpoints to GeoJSON

py-exifread @3.5.1 (python)
EXIF.py - Python interface to the EXIF meta-data

py-ezdxf @1.2.0 (python)
Python interface to DXF

py-fire @0.7.0 (python)
A library for automatically generating command line interfaces.

py-flask-frozen @1.0.2 (python, www)
Freeze a Flask application into a set of static files.

py-flask-wtf @1.2.2 (python, www)
Simple integration of Flask and WTForms

py-flufl.i18n @6.0.0 (python, devel)
High level API for internationalizing Python libraries and applications.

py-ftputil @5.1.0 (python, net)
High level Python interface to the ftplib module

py-fuse @0.2.1_4 (fuse, python)
Python interface for FUSE

py-fusepy @3.0.1_1 (python, devel)
a simple interface to FUSE and MacFUSE

py-gitfs @0.5.2 (python, devel)
a FUSE file system that fully integrates with git

py-gitpython @3.1.46 (python)
A python library used to interact with Git repositories.

py-gnuplot @1.8_2 (python, devel, math)
A Python interface to the gnuplot plotting program.

py-gsecrets @1.3.3 (python, security, sysutils)
Helper library and CLI for interacting with the secrets store

py-gsl @2.6.3 (python, science)
Python interface to the GNU Scientific Library

py-gssapi @1.11.1 (python)
Python interface to RFC 2743/2744

py-gwosc @0.8.1 (python, science)
A python interface to the GW Open Science data archive

py-h5netcdf @1.8.1 (python, science)
A Python interface for the netCDF4 file-format

py-hdfs @2.7.3 (python, net, sysutils, parallel)
API and command line interface for HDFS

py-healpy @1.16.1 (python, science)
Python language interface for HEALPix

py-html2text @2025.4.15 (python, textproc)
Script to turn HTML into equivalent Markdown-structured text.

py-humanfriendly @10.0 (python, devel)
Human friendly output for text interfaces using Python

py-hyperkitty @1.3.5_1 (python, mail)
A web interface to access GNU Mailman v3 archives

py-hypy @1.0.1 (python, textproc)
Fulltext search interface for Python applications

py-idna @3.11 (python, devel)
Internationalized Domain Names in Applications (IDNA).

py-ifaddr @0.2.0 (python)
Cross-platform network interface and IP address enumeration library

py-igraph @1.0.0 (python, math, science)
Python interface to the igraph library.

py-imageio @2.37.2 (python, graphics)
Easy interface to read and write a wide range of image data.

py-imread @0.7.6 (python, graphics)
Reads images into numpy arrays

py-intelhex @2.3.0 (python)
The Intel HEX file format is widely used in microprocessors and microcontrollers area (embedded systems etc) as the de facto standard for representation of code to be programmed into microelectronic devices.

py-intervaltree @3.2.1 (python)
A mutable, self-balancing interval tree for Python 2 and 3

py-intervaltree2 @2.1.0 (python)
A mutable, self-balancing interval tree for Python 2 and 3

py-ipdb @0.13.13 (python)
An enhanced Interactive Python shell

py-ipyparallel @8.7.0 (python, devel, science)
Interactive Parallel Computing with IPython.

py-ipython @8.31.0 (python, devel, science)
An enhanced interactive Python shell.

py-isbnlib @3.10.14 (python)
Extract, clean, transform, hyphenate and metadata for ISBNs (International Standard Book Number).

py-itables @2.2.3 (python, math)
Pandas and Polar DataFrames as interactive DataTables

py-itemadapter @0.13.1 (python)
Common interface for data container classes

py-iterable-io @1.0.0 (python)
Python library to adapt iterables to a file-like interface

py-janus @2.0.0 (python)
Mixed sync async queue to interoperate between asyncio tasks and classic threads

py-jsonpickle @4.1.1 (python, textproc)
Python library for serializing any arbitrary object graph into JSON.

py-jsonpointer @3.0.0 (python)
Identify specific nodes in a JSON document (RFC 6901)

py-jupyter @1.0.0_3 (python, devel, science)
Web application for interactive data science and scientific computing.

py-jupyterlab @4.1.5 (python, devel)
Next-generation web-based notebook environment for interactive computing.

py-jupyterlab_widgets @3.0.10 (python, devel)
Jupyter interactive widgets for JupyterLab

py-keyring @25.7.0 (python, security)
Python interface to access the system keyring service

py-kiwisolver @1.4.9 (python, math)
Kiwi is an efficient C++ implementation of the Cassowary constraint solving algorithm.

py-libarchive-c @5.3 (python)
Python interface to libarchive

py-libcloud @3.0.0 (python, net)
Apache libcloud a unified interface into the cloud

py-ligo-segments @1.4.0_1 (python, science)
Representations of semi-open intervals

py-lmfit @1.3.4_1 (python, math)
Least-Squares Minimization with Bounds and Constraints

py-logilab-constraint @1.0 (python, devel)
python module for solving constraint satisfaction problems

py-macfsevents @0.8.4 (python)
Thread-based interface to file system observation primitives.

py-macresources @1.2 (python, devel)
a library for working with legacy Macintosh resource forks

py-makelive @0.6.2 (python)
Convert an photo + video pair into a Live Photo.

py-mechanicalsoup @1.3.0 (python, devel)
A Python library for automating interaction with websites.

py-metar @1.4 (python)
python interface to the weather reports of the NOAA

py-minecraft-overviewer @0.12.280_2018-11-18 (python)
Render high-resolution maps of a Minecraft world with a Google Maps powered interface

py-mkl @2023.2.1 (python)
Math library for Intel and compatible processors

py-mpl-animators @1.2.4 (python)
An interactive animation framework for matplotlib

py-mpld3 @0.5.10 (python, graphics, www)
MPLD3 offer an interactive, D3-based viewer for Matplotlib

py-mpmath @1.3.0 (python, math)
Arbitrary-precision floating-point library for Python

py-mssql @2.3.8 (python, databases)
A simple database interface to MS-SQL for Python.

py-mygpoclient @1.10 (python, net)
python module for interacting with my.gpodder.org web services

py-mysql @1.2.3_1 (python, devel, databases)
Python interface to mysql

py-mysqlclient @2.2.7 (python, devel, databases)
Python3 interface to MySQL/MariaDB, fork of MySQL-python

py-netcdf4 @1.7.3 (python, science)
Python/numpy interface to netCDF

py-netdevicelib @0.1_1 (python, net)
python module for interacting with network devices like routers

py-netifaces @0.11.0 (python)
an easy way to get the address(es) of the machine’s network interfaces from Python

py-notebook @7.1.2 (python, devel, science)
Web-based notebook environment for interactive computing.

py-notify2 @0.3.1 (python, devel)
Python interface to DBus notifications

py-ntplib @0.4.0 (python)
Simple interface to query NTP servers from Python.

py-objexplore @1.6.3 (python, devel)
Interactive Python Object Explorer

py-openbabel @3.1.1.1_1 (python, science, chemistry, devel)
Python interface to the Open Babel chemistry library

py-openbabel2 @2.4.1 (python, science, chemistry, devel)
Python interface to the Open Babel chemistry library

py-pexpect @4.9.0 (python, devel)
Allows easy control of interactive console applications.

py-phonenumbers @8.13.30 (python, textproc)
parsing, formatting, storing and validating international phone numbers

py-photoscript @0.4.0 (python)
Python wrapper around Apple Photos applescript interface

py-pint @0.25.2 (python, science)
Pint: a Python units library

py-pkgconfig @1.5.5 (python)
Python module to interface with pkg-config.

py-plotly @6.5.2 (python, graphics)
Interactive graphing library for Python.

py-plyvel @1.5.1 (python, devel)
Plyvel is a fast and feature-rich Python interface to LevelDB.

py-pointpats @2.5.1 (python, gis)
Point Pattern Analysis (pointpats)

py-postgresql @1.3.0 (python, devel, databases)
Python interface to PostgreSQL

py-postorius @1.3.6 (python, mail)
A web user interface for GNU Mailman

py-pptx @1.0.2 (python)
Python module for creating and updating PowerPoint files.

py-prompt_toolkit @3.0.52 (python)
Library for building powerful interactive command lines in Python

py-py2app @0.28.9 (python, devel)
converts python scripts into executable Mac OS X apps

py-pybonjour @1.1.3 (python)
pybonjour provides a pure-Python interface to Apple Bonjour and compatible DNS-SD libraries (such as Avahi).

py-pycares @5.0.1 (python, devel)
Python interface for c-ares.

py-pydantic @2.12.4 (python, devel)
Data validation and settings management using Python type hinting

py-pydot @1.4.2_1 (python, graphics)
Python interface to Graphviz's Dot

py-pydub @0.25.1 (python, audio)
Manipulate audio with an simple and easy high level interface

py-pyFAI @2025.3.0_1 (python)
Azimuthal Integration library

py-pyfiglet @1.0.4 (python)
A full port of FIGlet into pure python

py-pyfsevents @0.2b1 (python)
Python interface to Mac OS X's FSEvents

py-pygithub @2.6.1 (python)
Typed interactions with the GitHub API v3

py-pygmt @0.17.0 (python, science)
Python interface for the Generic Mapping Tools

py-pygresql @6.0 (python, databases)
Python module that interfaces to a PostgreSQL database

py-pygrib @2.1.4_1 (python, science)
Python interface to the Grib API library

py-pyheif @0.8.0 (python)
Python interface to libheif library

py-pyinstaller @6.4.0 (python)
converts (packages) Python programs into stand-alone executables

py-pyinterval @1.2.0 (python, math)
Interval arithmetic in Python

py-pykeepass @4.1.0.post1 (python, security)
Library to interact with keepass databases

py-pykerberos @1.3.1 (python, devel)
A GSSAPI interface module for Python

py-pylast @7.0.0 (python, devel, audio)
A Python interface to Last.fm and Libre.fm

py-pylint @4.0.4 (python, devel)
Error (and style) checking for python

py-pylint-venv @3.0.4 (python, devel)
pylint-venv provides a Pylint init-hook to use the same Pylint installation with different virtual environments.

py-pymacs @0.25 (python)
python/emacs integration

py-pypeg2 @2.15.2 (python, lang)
An intrinsic PEG Parser-Interpreter for Python

py-pypostal @1.1.11 (python, textproc)
International address parsing/normalization

py-pyproj @3.7.2 (python, devel)
Python interfaces to PROJ.4 functions.

py-pyproject_api @1.10.0 (python)
API to interact with the python pyproject.toml based projects

py-pyqt5-scintilla @2.14.1 (python, devel)
PyQt5 bindings for the QScintilla programmers editor widget

py-pyqt6-scintilla @2.14.1 (python, devel)
PyQt6 bindings for the QScintilla programmers editor widget

py-pysam @0.22.0 (python, science)
Python interface for the SAM/BAM sequence alignment and mapping format

py-pytest-pylint @0.21.0 (python, devel)
pytest plugin to check source code with pylint

py-python-ivi @20211008-250702b5 (python)
Python Interchangeable Virtual Instrument Library

py-python-lsp-ruff @2.3.0 (python, devel)
Ruff linting plugin for pylsp

py-pyvis @0.3.2 (python)
Python package for creating and visualizing interactive network graphs

py-qscintilla-qt4 @2.11.6_1 (devel, python)
QScintilla is a port to Qt of Neil Hodgson's Scintilla C++ editor control.

py-qscintilla-qt5 @2.11.6_1 (devel, python)
QScintilla is a port to Qt of Neil Hodgson's Scintilla C++ editor control.

py-questionary @2.1.1 (python)
Questionary is a Python library for effortlessly building pretty command line interfaces

py-rbtools @2.0.1 (python, devel)
Tools for Review Board integration

py-repoze.sphinx.autointerface @1.0.0_1 (python)
An extension for the Sphinx documentation system to allow generation of API documentation by introspection of zope.interface instances in code.

py-rfc3987-syntax @1.1.0 (python)
Helper functions to parse and validate the syntax of terms defined in RFC 3987 — the IETF standard for Internationalized Resource Identifiers (IRIs).

py-roman @5.1 (python, textproc)
Integer to Roman numerals converter

py-rpncalc @2.7 (python)
an interpreter for Reverse Polish Notation (RPN) that easily integrates with the standard Python interpreter

py-rtm @0.4.2 (python, devel)
Python interface for Remember The Milk API.

py-s3fs @2025.9.0 (python, devel)
Convenient Filesystem interface over S3

py-scikit-hep-particle @0.23.1 (python)
Particle provides a pythonic interface to the Particle Data Group (PDG) data.

py-scikits-bootstrap @1.1.1 (python, math, science)
Bootstrap confidence interval estimation routines for Numpy/Scipy/Pandas

py-scikits-bvp_solver @1.1_1 (python, science)
Python package for solving two-point boundary-value problems.

py-sh @2.2.2 (python, devel)
A full-fledged subprocess interface for Python

py-shellwords @0.2_1 (python, textproc)
Parse strings into words like a POSIX shell does.

py-sigma-cli @2.0.1 (python)
Sigma Command Line Interface (conversion, check etc.) based on pySigma

py-south @1.0.2 (python, www)
intelligent schema migrations for Django apps

py-sparqlwrapper @2.0.0 (python, devel, databases)
SPARQL Endpoint interface to Python

py-spatialite @3.0.1_8 (python)
Python interface to SQLite 3 and Spatialite

py-speg @0.3 (python)
A PEG-based parser interpreter with memoization.

py-spglib @2.6.0_1 (python, science)
Python interface for spglib (a C library for crystal symmetries).

py-sphinx-autodoc-typehints @3.6.2 (python, textproc, devel)
Type hints (PEP 484) support for the Sphinx autodoc extension

py-spint @1.0.7 (python, gis)
Spatial Interaction Modeling Package (spint)

py-strpdatetime @0.4.0 (python, devel)
Parse strings into Python datetime objects, extends Python's datetime.strptime() with additional features.

py-survey @5.4.2 (python, sysutils)
Simple library for creating beautiful interactive prompts

py-swiginac @1.5.1.1 (python)
interface to GiNaC providing Python with symbolic mathematics

py-tabulate @0.9.0 (python, devel)
Pretty-print tabular data

py-textual @7.3.0 (python, devel)
Textual is a TUI (Text User Interface) framework for Python inspired by modern web development.

py-tkinter @2.4.6_2 (python, graphics)
Python bindings to the Tk widget set

py-tobler @0.13.0 (python, gis)
Spatial interpolation, Dasymetric Mapping, & Change of Support (tobler)

py-torrequest @0.1.0 (python)
A simple Python interface for HTTP(s) requests over Tor.

py-tracer @2.0.0 (python)
A more flexible interface to sys.settrace

py-tropycal @1.4 (python, science)
Tropycal is a Python package intended to simplify the process of retrieving and analyzing tropical cyclone data, both for past storms and in real time, and is geared towards the research and operational meteorology sectors.

py-twisted @24.11.0 (python, devel, net)
An event-based Python framework for internet applications

py-twitter @1.0 (python, devel)
Interface for the Twitter API.

py-typedapi @0.2.0 (python)
Typedapi gradually add types hints to your public API.

py-typer @0.21.1 (python, devel)
Typer, build great CLIs. Easy to code. Based on Python type hints.

py-typing @3.10.0.0 (python, devel)
Type hints for Python

py-typing-inspection @0.4.2 (python, devel)
Runtime typing introspection tools

py-typing_extensions @4.15.0 (python)
Backported and Experimental Type Hints for Python

py-uncertainties @3.2.4 (python, math)
The Python uncertainties package

py-utidylib @0.10 (python)
Python interface to html tidy

py-vispy @0.16.1 (python)
VisPy is a high-performance interactive 2D/3D data visualization library.

py-wasabi @1.1.2 (python)
A lightweight console printing and formatting toolkit

py-wcwidth @0.2.14 (python)
Library for building powerful interactive command lines in Python

py-webhelpers @1.3 (python)
Web Helpers is a library of helper functions intended to make writing web applications easier.

py-widgetsnbextension @4.0.10 (python)
Interactive HTML widgets for Jupyter notebooks.

py-wxpython-3.0 @3.0.2.0 (python, graphics, devel)
Python interface to the wxWidgets 3.0 cross platform GUI

py-wxpython-4.0 @4.2.4 (python, graphics, devel)
Python interface to the wxWidgets 3.2 cross platform GUI

py-xraydb @4.5.8_1 (python, science)
X-ray reference data in a SQLite library, including a Python interface.

py-zc-lockfile @3.0.post1 (python, zope)
Basic inter-process locks

py-zconfig @3.5.0 (python, zope)
Configuration library for configuration-intensive applications

py-zope-i18nmessageid @5.0.1 (python, zope)
Message Identifiers for internationalization

py-zope-proxy @4.6.1 (python, zope)
Proxies are special objects which serve as mostly-transparent wrappers around another object, intervening in the apparent behavior of the wrapped object only when necessary to apply the policy (e.g., access checking, location brokering, etc.) for which the proxy is responsible.

py-zope-schema @6.2.0 (python, zope)
zope.interface extension for defining data schemas

py-zopeinterface @7.2 (python, zope)
Python interfaces for Zope

py26-clnum @1.6 (python)
a Python interface to the Class Library for Numbers (CLN)

py26-rpncalc @2.7 (python)
an interpreter for Reverse Polish Notation (RPN) that easily integrates with the standard Python interpreter

py26-tkinter @2.6.9 (python, graphics)
Python bindings to the Tk widget set

py27-babel @2.9.1 (python, devel)
A collection of tools for internationalizing Python applications.

py27-cffi @1.15.1 (python, devel)
Foreign Function Interface for Python calling C code.

py27-curl @7.43.0.3_2 (python, net, devel)
Python interface to libcurl

py27-docutils @0.18.1 (python, textproc)
A set of tools for processing plaintext documentation

py27-fuse @0.2.1_4 (fuse, python)
Python interface for FUSE

py27-gnome @2.28.1_7 (python, gnome)
gnome-python is a set of python interfaces to gnome-libs.

py27-gnuplot @1.8_2 (python, devel, math)
A Python interface to the gnuplot plotting program.

py27-idna @2.10 (python, devel)
Internationalized Domain Names in Applications (IDNA).

py27-intervaltree2 @2.1.0 (python)
A mutable, self-balancing interval tree for Python 2 and 3

py27-kiwisolver @1.1.0 (python, math)
Kiwi is an efficient C++ implementation of the Cassowary constraint solving algorithm.

py27-libcloud @2.8.2 (python, net)
Apache libcloud a unified interface into the cloud

py27-ligo-segments @1.4.0_1 (python, science)
Representations of semi-open intervals

py27-minecraft-overviewer @0.12.280_2018-11-18 (python)
Render high-resolution maps of a Minecraft world with a Google Maps powered interface

py27-mysql @1.2.3_1 (python, devel, databases)
Python interface to mysql

py27-netdevicelib @0.1_1 (python, net)
python module for interacting with network devices like routers

py27-osmgpsmap @0.7.3_4 (python, graphics)
Python interfaces for osm-gps-map

py27-plyvel @1.5.1 (python, devel)
Plyvel is a fast and feature-rich Python interface to LevelDB.

py27-pydot @1.4.2_1 (python, graphics)
Python interface to Graphviz's Dot

py27-pyfsevents @0.2b1 (python)
Python interface to Mac OS X's FSEvents

py27-pymacs @0.25 (python)
python/emacs integration

py27-qscintilla-qt4 @2.11.6_1 (devel, python)
Python bindings for Qt4 QScintilla

py27-qscintilla-qt5 @2.11.6_1 (devel, python)
Python bindings for Qt5 QScintilla

py27-roman @3.3 (python, textproc)
Integer to Roman numerals converter

py27-scikits-bvp_solver @1.1_1 (python, science)
Python package for solving two-point boundary-value problems.

py27-shellwords @0.2_1 (python, textproc)
Parse strings into words like a POSIX shell does.

py27-south @1.0.2 (python, www)
intelligent schema migrations for Django apps

py27-spatialite @3.0.1_8 (python)
Python interface to SQLite 3 and Spatialite

py27-swiginac @1.5.1.1 (python)
interface to GiNaC providing Python with symbolic mathematics

py27-tkinter @2.7.18 (python, graphics)
Python bindings to the Tk widget set

py27-twisted @20.3.0 (python, devel, net)
An event-based Python framework for internet applications

py27-twitter @1.0 (python, devel)
Interface for the Twitter API.

py27-typing @3.10.0.0 (python, devel)
Type hints for Python

py27-wcwidth @0.2.14 (python)
Library for building powerful interactive command lines in Python

py27-webhelpers @1.3 (python)
Web Helpers is a library of helper functions intended to make writing web applications easier.

py27-wxpython-3.0 @3.0.2.0 (python, graphics, devel)
Python interface to the wxWidgets 3.0 cross platform GUI

py27-zc-lockfile @2.0 (python, zope)
Basic inter-process locks

py27-zconfig @3.5.0 (python, zope)
Configuration library for configuration-intensive applications

py27-zopeinterface @5.5.2 (python, zope)
Python interfaces for Zope

py32-tkinter @3.2.6_2 (python, graphics)
Python bindings to the Tk widget set

py33-tkinter @3.3.7_2 (python, graphics)
Python bindings to the Tk widget set

py34-tkinter @3.4.10 (python, graphics)
Python bindings to the Tk widget set

py35-idna @2.10 (python, devel)
Internationalized Domain Names in Applications (IDNA).

py35-qscintilla-qt4 @2.11.6_1 (devel, python)
Python bindings for Qt4 QScintilla

py35-tkinter @3.5.10 (python, graphics)
Python bindings to the Tk widget set

py35-wcwidth @0.2.14 (python)
Library for building powerful interactive command lines in Python

py35-zopeinterface @5.5.2 (python, zope)
Python interfaces for Zope

py36-idna @3.3 (python, devel)
Internationalized Domain Names in Applications (IDNA).

py36-qscintilla-qt4 @2.11.6_1 (devel, python)
Python bindings for Qt4 QScintilla

py36-tkinter @3.6.15 (python, graphics)
Python bindings to the Tk widget set

py36-typing_extensions @4.1.1 (python)
Backported and Experimental Type Hints for Python

py36-zopeinterface @5.5.2 (python, zope)
Python interfaces for Zope

py37-idna @3.10 (python, devel)
Internationalized Domain Names in Applications (IDNA).

py37-py2app @0.28.9 (python, devel)
converts python scripts into executable Mac OS X apps

py37-qscintilla-qt4 @2.11.6_1 (devel, python)
Python bindings for Qt4 QScintilla

py37-tkinter @3.7.17 (python, graphics)
Python bindings to the Tk widget set

py37-typing_extensions @4.7.1 (python)
Backported and Experimental Type Hints for Python

py37-zopeinterface @6.4.post2 (python, zope)
Python interfaces for Zope

py38-babel @2.17.0 (python, devel)
A collection of tools for internationalizing Python applications.

py38-docutils @0.20.1 (python, textproc)
A set of tools for processing plaintext documentation

py38-idna @3.11 (python, devel)
Internationalized Domain Names in Applications (IDNA).

py38-macfsevents @0.8.4 (python)
Thread-based interface to file system observation primitives.

py38-py2app @0.28.9 (python, devel)
converts python scripts into executable Mac OS X apps

py38-qscintilla-qt4 @2.11.6_1 (devel, python)
Python bindings for Qt4 QScintilla

py38-roman @4.2 (python, textproc)
Integer to Roman numerals converter

py38-tkinter @3.8.20 (python, graphics)
Python bindings to the Tk widget set

py38-typing_extensions @4.13.2 (python)
Backported and Experimental Type Hints for Python

py38-zopeinterface @7.2 (python, zope)
Python interfaces for Zope

py39-babel @2.17.0 (python, devel)
A collection of tools for internationalizing Python applications.

py39-cffi @2.0.0 (python, devel)
Foreign Function Interface for Python calling C code.

py39-click-plugins @1.1.1.2 (python)
An extension module for click to enable registering CLI commands via setuptools entry-points.

py39-demjson @2.2.4 (python)
encoder, decoder, and lint/validator for JSON compliant with RFC 4627

py39-docutils @0.22.4 (python, textproc)
A set of tools for processing plaintext documentation

py39-ephemeral-port-reserve @1.1.4 (python)
Bind to an ephemeral port, force it into the TIME_WAIT state, and unbind it.

py39-fusepy @3.0.1_1 (python, devel)
a simple interface to FUSE and MacFUSE

py39-gitfs @0.5.2 (python, devel)
a FUSE file system that fully integrates with git

py39-hdfs @2.7.3 (python, net, sysutils, parallel)
API and command line interface for HDFS

py39-humanfriendly @10.0 (python, devel)
Human friendly output for text interfaces using Python

py39-idna @3.11 (python, devel)
Internationalized Domain Names in Applications (IDNA).

py39-ipython @8.18.1 (python, devel, science)
An enhanced interactive Python shell.

py39-jsonpointer @3.0.0 (python)
Identify specific nodes in a JSON document (RFC 6901)

py39-jupyterlab @4.1.5 (python, devel)
Next-generation web-based notebook environment for interactive computing.

py39-kiwisolver @1.4.9 (python, math)
Kiwi is an efficient C++ implementation of the Cassowary constraint solving algorithm.

py39-mpmath @1.3.0 (python, math)
Arbitrary-precision floating-point library for Python

py39-notebook @7.1.2 (python, devel, science)
Web-based notebook environment for interactive computing.

py39-pexpect @4.9.0 (python, devel)
Allows easy control of interactive console applications.

py39-pkgconfig @1.5.5 (python)
Python module to interface with pkg-config.

py39-prompt_toolkit @3.0.52 (python)
Library for building powerful interactive command lines in Python

py39-py2app @0.28.9 (python, devel)
converts python scripts into executable Mac OS X apps

py39-pycares @5.0.1 (python, devel)
Python interface for c-ares.

py39-pydot @1.4.2_1 (python, graphics)
Python interface to Graphviz's Dot

py39-qscintilla-qt4 @2.11.6_1 (devel, python)
Python bindings for Qt4 QScintilla

py39-rbtools @2.0.1 (python, devel)
Tools for Review Board integration

py39-roman @5.1 (python, textproc)
Integer to Roman numerals converter

py39-tabulate @0.9.0 (python, devel)
Pretty-print tabular data

py39-tkinter @3.9.25 (python, graphics)
Python bindings to the Tk widget set

py39-twisted @24.11.0 (python, devel, net)
An event-based Python framework for internet applications

py39-typedapi @0.2.0 (python)
Typedapi gradually add types hints to your public API.

py39-typing_extensions @4.15.0 (python)
Backported and Experimental Type Hints for Python

py39-wcwidth @0.2.14 (python)
Library for building powerful interactive command lines in Python

py39-zopeinterface @7.2 (python, zope)
Python interfaces for Zope

py310-acoustid @1.3.0 (python, devel, audio)
Chromaprint and Acoustid for Python

py310-aiopg @1.4.0 (python, devel)
Postgres integration with asyncio.

py310-analytics-python @1.4.0 (python, devel, math)
Integrate analytics into any python application.

py310-annotated_types @0.7.0 (python, devel)
Reusable constraint types to use with typing.Annotated

py310-ansible-compat @25.12.0 (python)
Functions that help interacting with various versions of Ansible

py310-arpeggio @2.0.2 (python)
Packrat parser interpreter

py310-asdf @5.1.0 (python)
The Advanced Scientific Data Format (ASDF) is a next-generation interchange format for scientific data.

py310-aws-sam-translator @1.106.0 (python)
AWS SAM Translator is a library that transform SAM templates into AWS CloudFormation templates

py310-awscli-plugin-endpoint @0.4 (python)
An awscli plugin to configure service endpoint from aws configure file

py310-babel @2.17.0 (python, devel)
A collection of tools for internationalizing Python applications.

py310-bigfloat @0.4.0 (python, math)
Arbitrary-precision correctly-rounded floating-point arithmetic, via MPFR.

py310-bpython @0.24 (python)
fancy interface to the Python interpreter

py310-bqplot @0.12.40 (python, graphics, math, science)
Interactive plotting for the Jupyter notebook

py310-breathe @4.36.0 (python)
Breathe is a Sphinx plugin providing beautifully integrated Doxygen output in your user-facing documentation.

py310-cachelib @0.10.2 (python)
A collection of cache libraries in the same API interface

py310-certomancer-csc-dummy @0.2.3 (python)
A Certomancer-based demo CSC server for integration tests

py310-cffi @2.0.0 (python, devel)
Foreign Function Interface for Python calling C code.

py310-cfgrib @0.9.10.2 (python, science)
Python interface to map GRIB files to the NetCDF Common Data Model following the CF Convention using ecCodes

py310-cfn-lint @1.43.4 (python)
Checks cloudformation for practices and behaviour that could potentially be improved

py310-cleo @2.1.0 (python, devel)
Cleo allows you to create beautiful and testable command-line interfaces.

py310-click-plugins @1.1.1.2 (python)
An extension module for click to enable registering CLI commands via setuptools entry-points.

py310-cliff @4.9.1 (python)
Command Line Interface Formulation Framework

py310-cligj @0.7.2 (python, gis)
Click params for commmand line interfaces to GeoJSON

py310-clikit @0.6.2 (python, devel)
CliKit is a group of utilities to build beautiful and testable command line interfaces.

py310-cloudflare @4.3.1 (python)
Python interface to the CloudFlare API.

py310-cloudflare2 @2.20.0 (python, net)
Python interface to the CloudFlare API.

py310-cmd2 @3.1.0 (python)
Tool for building interactive command line applications in Python

py310-columnize @0.3.11 (python)
Format a simple list into aligned columns

py310-conllu @6.0.0 (python, textproc)
Convert a CoNLL-U string into a nested python dictionary.

py310-curl @7.45.7 (python, net, devel)
Python interface to libcurl

py310-cx_Freeze @6.10 (python, devel)
Scripts and modules for freezing Python scripts into executables

py310-diskcache-stubs @5.6.3.6.20240818 (python)
This library provides type hints only.

py310-django-mailman3 @1.3.15 (python, mail)
Django library to help interaction with Mailman

py310-docutils @0.22.4 (python, textproc)
A set of tools for processing plaintext documentation

py310-dolfin @2019.1.0_1 (python, math, science)
Python interface to DOLFIN, a part of FEniCS

py310-drms @0.9.0 (python)
The drms module provides an easy-to-use interface for accessing HMI, AIA and MDI data with Python.

py310-eccodes @2.45.0 (python, science)
Python interface to the ecCodes GRIB and BUFR decoder/encoder

py310-editorconfig @0.17.1 (python)
EditorConfig File Locator and Interpreter for Python

py310-entrypoints @0.4 (python, devel)
Discover and load entry points from installed packages.

py310-ephemeral-port-reserve @1.1.4 (python)
Bind to an ephemeral port, force it into the TIME_WAIT state, and unbind it.

py310-exifread @3.5.1 (python)
EXIF.py - Python interface to the EXIF meta-data

py310-ezdxf @1.2.0 (python)
Python interface to DXF

py310-fire @0.7.0 (python)
A library for automatically generating command line interfaces.

py310-gitpython @3.1.46 (python)
A python library used to interact with Git repositories.

py310-gsecrets @1.3.3 (python, security, sysutils)
Helper library and CLI for interacting with the secrets store

py310-gsl @2.6.3 (python, science)
Python interface to the GNU Scientific Library

py310-gssapi @1.11.1 (python)
Python interface to RFC 2743/2744

py310-gyoto @2.0.2-20251105 (science, python)
General relativistic geodesic integration and ray-tracing

py310-h5netcdf @1.8.1 (python, science)
A Python interface for the netCDF4 file-format

py310-hdfs @2.7.3 (python, net, sysutils, parallel)
API and command line interface for HDFS

py310-healpy @1.16.1 (python, science)
Python language interface for HEALPix

py310-html2text @2025.4.15 (python, textproc)
Script to turn HTML into equivalent Markdown-structured text.

py310-humanfriendly @10.0 (python, devel)
Human friendly output for text interfaces using Python

py310-hyperkitty @1.3.5_1 (python, mail)
A web interface to access GNU Mailman v3 archives

py310-idna @3.11 (python, devel)
Internationalized Domain Names in Applications (IDNA).

py310-ifaddr @0.2.0 (python)
Cross-platform network interface and IP address enumeration library

py310-igraph @1.0.0 (python, math, science)
Python interface to the igraph library.

py310-imageio @2.37.2 (python, graphics)
Easy interface to read and write a wide range of image data.

py310-imread @0.7.6 (python, graphics)
Reads images into numpy arrays

py310-intelhex @2.3.0 (python)
The Intel HEX file format is widely used in microprocessors and microcontrollers area (embedded systems etc) as the de facto standard for representation of code to be programmed into microelectronic devices.

py310-intervaltree @3.2.1 (python)
A mutable, self-balancing interval tree for Python 2 and 3

py310-ipdb @0.13.13 (python)
An enhanced Interactive Python shell

py310-ipyparallel @8.7.0 (python, devel, science)
Interactive Parallel Computing with IPython.

py310-ipython @8.31.0 (python, devel, science)
An enhanced interactive Python shell.

py310-itemadapter @0.12.2 (python)
Common interface for data container classes

py310-iterable-io @1.0.0 (python)
Python library to adapt iterables to a file-like interface

py310-jsonpickle @4.1.1 (python, textproc)
Python library for serializing any arbitrary object graph into JSON.

py310-jsonpointer @3.0.0 (python)
Identify specific nodes in a JSON document (RFC 6901)

py310-jupyter @1.0.0_3 (python, devel, science)
Web application for interactive data science and scientific computing.

py310-jupyterlab @4.1.5 (python, devel)
Next-generation web-based notebook environment for interactive computing.

py310-jupyterlab_widgets @3.0.10 (python, devel)
Jupyter interactive widgets for JupyterLab

py310-keyring @25.7.0 (python, security)
Python interface to access the system keyring service

py310-kiwisolver @1.4.9 (python, math)
Kiwi is an efficient C++ implementation of the Cassowary constraint solving algorithm.

py310-libarchive-c @5.3 (python)
Python interface to libarchive

py310-lmfit @1.3.4_1 (python, math)
Least-Squares Minimization with Bounds and Constraints

py310-logilab-constraint @1.0 (python, devel)
python module for solving constraint satisfaction problems

py310-macfsevents @0.8.4 (python)
Thread-based interface to file system observation primitives.

py310-mechanicalsoup @1.3.0 (python, devel)
A Python library for automating interaction with websites.

py310-mkl @2023.2.1 (python)
Math library for Intel and compatible processors

py310-mkl-include @2023.2.1 (python)
Math library for Intel and compatible processors

py310-mpl-animators @1.2.4 (python)
An interactive animation framework for matplotlib

py310-mpmath @1.3.0 (python, math)
Arbitrary-precision floating-point library for Python

py310-mssql @2.3.8 (python, databases)
A simple database interface to MS-SQL for Python.

py310-mygpoclient @1.10 (python, net)
python module for interacting with my.gpodder.org web services

py310-mysqlclient @2.2.7 (python, devel, databases)
Python3 interface to MySQL/MariaDB, fork of MySQL-python

py310-netcdf4 @1.7.3 (python, science)
Python/numpy interface to netCDF

py310-netifaces @0.11.0 (python)
an easy way to get the address(es) of the machine’s network interfaces from Python

py310-notebook @7.1.2 (python, devel, science)
Web-based notebook environment for interactive computing.

py310-notify2 @0.3.1 (python, devel)
Python interface to DBus notifications

py310-objexplore @1.6.3 (python, devel)
Interactive Python Object Explorer

py310-openbabel @3.1.1.1_1 (python, science, chemistry, devel)
Python interface to the Open Babel chemistry library

py310-openbabel2 @2.4.1 (python, science, chemistry, devel)
Python interface to the Open Babel chemistry library

py310-pexpect @4.9.0 (python, devel)
Allows easy control of interactive console applications.

py310-phonenumbers @8.13.30 (python, textproc)
parsing, formatting, storing and validating international phone numbers

py310-photoscript @0.4.0 (python)
Python wrapper around Apple Photos applescript interface

py310-pint @0.25.2 (python, science)
Pint: a Python units library

py310-pkgconfig @1.5.5 (python)
Python module to interface with pkg-config.

py310-plotly @6.5.2 (python, graphics)
Interactive graphing library for Python.

py310-plyvel @1.5.1 (python, devel)
Plyvel is a fast and feature-rich Python interface to LevelDB.

py310-pointpats @2.5.1 (python, gis)
Point Pattern Analysis (pointpats)

py310-postgresql @1.3.0 (python, devel, databases)
Python interface to PostgreSQL

py310-postorius @1.3.6 (python, mail)
A web user interface for GNU Mailman

py310-pptx @1.0.2 (python)
Python module for creating and updating PowerPoint files.

py310-prompt_toolkit @3.0.52 (python)
Library for building powerful interactive command lines in Python

py310-py2app @0.28.9 (python, devel)
converts python scripts into executable Mac OS X apps

py310-pybonjour @1.1.3 (python)
pybonjour provides a pure-Python interface to Apple Bonjour and compatible DNS-SD libraries (such as Avahi).

py310-pycares @5.0.1 (python, devel)
Python interface for c-ares.

py310-pydantic @2.12.4 (python, devel)
Data validation and settings management using Python type hinting

py310-pydot @1.4.2_1 (python, graphics)
Python interface to Graphviz's Dot

py310-pydub @0.25.1 (python, audio)
Manipulate audio with an simple and easy high level interface

py310-pyFAI @2025.3.0_1 (python)
Azimuthal Integration library

py310-pyfiglet @1.0.4 (python)
A full port of FIGlet into pure python

py310-pygithub @2.6.1 (python)
Typed interactions with the GitHub API v3

py310-pygrib @2.1.4_1 (python, science)
Python interface to the Grib API library

py310-pyheif @0.8.0 (python)
Python interface to libheif library

py310-pykeepass @4.1.0.post1 (python, security)
Library to interact with keepass databases

py310-pylast @7.0.0 (python, devel, audio)
A Python interface to Last.fm and Libre.fm

py310-pylint @4.0.4 (python, devel)
Error (and style) checking for python

py310-pylint-venv @3.0.4 (python, devel)
pylint-venv provides a Pylint init-hook to use the same Pylint installation with different virtual environments.

py310-pypostal @1.1.11 (python, textproc)
International address parsing/normalization

py310-pyproj @3.7.2 (python, devel)
Python interfaces to PROJ.4 functions.

py310-pyproject_api @1.10.0 (python)
API to interact with the python pyproject.toml based projects

py310-pyqt5-scintilla @2.14.1 (python, devel)
PyQt5 bindings for the QScintilla programmers editor widget

py310-pyqt6-scintilla @2.14.1 (python, devel)
PyQt6 bindings for the QScintilla programmers editor widget

py310-pysam @0.22.0 (python, science)
Python interface for the SAM/BAM sequence alignment and mapping format

py310-pytest-pylint @0.21.0 (python, devel)
pytest plugin to check source code with pylint

py310-python-ivi @20211008-250702b5 (python)
Python Interchangeable Virtual Instrument Library

py310-python-lsp-ruff @2.3.0 (python, devel)
Ruff linting plugin for pylsp

py310-pyvis @0.3.2 (python)
Python package for creating and visualizing interactive network graphs

py310-qscintilla-qt4 @2.11.6_1 (devel, python)
Python bindings for Qt4 QScintilla

py310-questionary @2.1.1 (python)
Questionary is a Python library for effortlessly building pretty command line interfaces

py310-repoze.sphinx.autointerface @1.0.0_1 (python)
An extension for the Sphinx documentation system to allow generation of API documentation by introspection of zope.interface instances in code.

py310-rfc3987-syntax @1.1.0 (python)
Helper functions to parse and validate the syntax of terms defined in RFC 3987 — the IETF standard for Internationalized Resource Identifiers (IRIs).

py310-roman @5.1 (python, textproc)
Integer to Roman numerals converter

py310-s3fs @2025.9.0 (python, devel)
Convenient Filesystem interface over S3

py310-scikit-hep-particle @0.23.1 (python)
Particle provides a pythonic interface to the Particle Data Group (PDG) data.

py310-sh @2.2.2 (python, devel)
A full-fledged subprocess interface for Python

py310-sigma-cli @2.0.1 (python)
Sigma Command Line Interface (conversion, check etc.) based on pySigma

py310-speg @0.3 (python)
A PEG-based parser interpreter with memoization.

py310-spglib @2.6.0_1 (python, science)
Python interface for spglib (a C library for crystal symmetries).

py310-spint @1.0.7 (python, gis)
Spatial Interaction Modeling Package (spint)

py310-strpdatetime @0.4.0 (python, devel)
Parse strings into Python datetime objects, extends Python's datetime.strptime() with additional features.

py310-survey @5.4.2 (python, sysutils)
Simple library for creating beautiful interactive prompts

py310-tabulate @0.9.0 (python, devel)
Pretty-print tabular data

py310-textual @7.3.0 (python, devel)
Textual is a TUI (Text User Interface) framework for Python inspired by modern web development.

py310-tkinter @3.10.19 (python, graphics)
Python bindings to the Tk widget set

py310-tobler @0.13.0 (python, gis)
Spatial interpolation, Dasymetric Mapping, & Change of Support (tobler)

py310-torrequest @0.1.0 (python)
A simple Python interface for HTTP(s) requests over Tor.

py310-tracer @2.0.0 (python)
A more flexible interface to sys.settrace

py310-tropycal @1.4 (python, science)
Tropycal is a Python package intended to simplify the process of retrieving and analyzing tropical cyclone data, both for past storms and in real time, and is geared towards the research and operational meteorology sectors.

py310-twisted @24.11.0 (python, devel, net)
An event-based Python framework for internet applications

py310-typer @0.21.1 (python, devel)
Typer, build great CLIs. Easy to code. Based on Python type hints.

py310-typing-inspection @0.4.2 (python, devel)
Runtime typing introspection tools

py310-typing_extensions @4.15.0 (python)
Backported and Experimental Type Hints for Python

py310-uncertainties @3.2.4 (python, math)
The Python uncertainties package

py310-vispy @0.16.1 (python)
VisPy is a high-performance interactive 2D/3D data visualization library.

py310-wasabi @1.1.2 (python)
A lightweight console printing and formatting toolkit

py310-wcwidth @0.2.14 (python)
Library for building powerful interactive command lines in Python

py310-widgetsnbextension @4.0.10 (python)
Interactive HTML widgets for Jupyter notebooks.

py310-wxpython-4.0 @4.2.4 (python, graphics, devel)
Python interface to the wxWidgets 3.2 cross platform GUI

py310-xraydb @4.5.8_1 (python, science)
X-ray reference data in a SQLite library, including a Python interface.

py310-zc-lockfile @3.0.post1 (python, zope)
Basic inter-process locks

py310-zope-i18nmessageid @5.0.1 (python, zope)
Message Identifiers for internationalization

py310-zope-proxy @4.6.1 (python, zope)
Proxies are special objects which serve as mostly-transparent wrappers around another object, intervening in the apparent behavior of the wrapped object only when necessary to apply the policy (e.g., access checking, location brokering, etc.) for which the proxy is responsible.

py310-zope-schema @6.2.0 (python, zope)
zope.interface extension for defining data schemas

py310-zopeinterface @7.2 (python, zope)
Python interfaces for Zope

py311-acoustid @1.3.0 (python, devel, audio)
Chromaprint and Acoustid for Python

py311-annotated_types @0.7.0 (python, devel)
Reusable constraint types to use with typing.Annotated

py311-ansible-compat @25.12.0 (python)
Functions that help interacting with various versions of Ansible

py311-arpeggio @2.0.2 (python)
Packrat parser interpreter

py311-asdf @5.1.0 (python)
The Advanced Scientific Data Format (ASDF) is a next-generation interchange format for scientific data.

py311-aws-sam-translator @1.106.0 (python)
AWS SAM Translator is a library that transform SAM templates into AWS CloudFormation templates

py311-awscli-plugin-endpoint @0.4 (python)
An awscli plugin to configure service endpoint from aws configure file

py311-babel @2.17.0 (python, devel)
A collection of tools for internationalizing Python applications.

py311-bigfloat @0.4.0 (python, math)
Arbitrary-precision correctly-rounded floating-point arithmetic, via MPFR.

py311-bpython @0.24 (python)
fancy interface to the Python interpreter

py311-bqplot @0.12.40 (python, graphics, math, science)
Interactive plotting for the Jupyter notebook

py311-breathe @4.36.0 (python)
Breathe is a Sphinx plugin providing beautifully integrated Doxygen output in your user-facing documentation.

py311-cachelib @0.10.2 (python)
A collection of cache libraries in the same API interface

py311-certomancer-csc-dummy @0.2.3 (python)
A Certomancer-based demo CSC server for integration tests

py311-cffi @2.0.0 (python, devel)
Foreign Function Interface for Python calling C code.

py311-cfn-lint @1.43.4 (python)
Checks cloudformation for practices and behaviour that could potentially be improved

py311-cleo @2.1.0 (python, devel)
Cleo allows you to create beautiful and testable command-line interfaces.

py311-click-plugins @1.1.1.2 (python)
An extension module for click to enable registering CLI commands via setuptools entry-points.

py311-cliff @4.9.1 (python)
Command Line Interface Formulation Framework

py311-cligj @0.7.2 (python, gis)
Click params for commmand line interfaces to GeoJSON

py311-clikit @0.6.2 (python, devel)
CliKit is a group of utilities to build beautiful and testable command line interfaces.

py311-cloudflare @4.3.1 (python)
Python interface to the CloudFlare API.

py311-cloudflare2 @2.20.0 (python, net)
Python interface to the CloudFlare API.

py311-cmd2 @3.1.0 (python)
Tool for building interactive command line applications in Python

py311-columnize @0.3.11 (python)
Format a simple list into aligned columns

py311-conllu @6.0.0 (python, textproc)
Convert a CoNLL-U string into a nested python dictionary.

py311-curl @7.45.7 (python, net, devel)
Python interface to libcurl

py311-diskcache-stubs @5.6.3.6.20240818 (python)
This library provides type hints only.

py311-django-mailman3 @1.3.15 (python, mail)
Django library to help interaction with Mailman

py311-docutils @0.22.4 (python, textproc)
A set of tools for processing plaintext documentation

py311-dolfin @2019.1.0_1 (python, math, science)
Python interface to DOLFIN, a part of FEniCS

py311-drms @0.9.0 (python)
The drms module provides an easy-to-use interface for accessing HMI, AIA and MDI data with Python.

py311-eccodes @2.45.0 (python, science)
Python interface to the ecCodes GRIB and BUFR decoder/encoder

py311-editorconfig @0.17.1 (python)
EditorConfig File Locator and Interpreter for Python

py311-entrypoints @0.4 (python, devel)
Discover and load entry points from installed packages.

py311-ephemeral-port-reserve @1.1.4 (python)
Bind to an ephemeral port, force it into the TIME_WAIT state, and unbind it.

py311-exifread @3.5.1 (python)
EXIF.py - Python interface to the EXIF meta-data

py311-ezdxf @1.2.0 (python)
Python interface to DXF

py311-fire @0.7.0 (python)
A library for automatically generating command line interfaces.

py311-gitpython @3.1.46 (python)
A python library used to interact with Git repositories.

py311-gsecrets @1.3.3 (python, security, sysutils)
Helper library and CLI for interacting with the secrets store

py311-gsl @2.6.3 (python, science)
Python interface to the GNU Scientific Library

py311-gssapi @1.11.1 (python)
Python interface to RFC 2743/2744

py311-gyoto @2.0.2-20251105 (science, python)
General relativistic geodesic integration and ray-tracing

py311-h5netcdf @1.8.1 (python, science)
A Python interface for the netCDF4 file-format

py311-hdfs @2.7.3 (python, net, sysutils, parallel)
API and command line interface for HDFS

py311-html2text @2025.4.15 (python, textproc)
Script to turn HTML into equivalent Markdown-structured text.

py311-humanfriendly @10.0 (python, devel)
Human friendly output for text interfaces using Python

py311-idna @3.11 (python, devel)
Internationalized Domain Names in Applications (IDNA).

py311-ifaddr @0.2.0 (python)
Cross-platform network interface and IP address enumeration library

py311-igraph @1.0.0 (python, math, science)
Python interface to the igraph library.

py311-imageio @2.37.2 (python, graphics)
Easy interface to read and write a wide range of image data.

py311-imread @0.7.6 (python, graphics)
Reads images into numpy arrays

py311-intelhex @2.3.0 (python)
The Intel HEX file format is widely used in microprocessors and microcontrollers area (embedded systems etc) as the de facto standard for representation of code to be programmed into microelectronic devices.

py311-intervaltree @3.2.1 (python)
A mutable, self-balancing interval tree for Python 2 and 3

py311-ipdb @0.13.13 (python)
An enhanced Interactive Python shell

py311-ipyparallel @8.7.0 (python, devel, science)
Interactive Parallel Computing with IPython.

py311-ipython @8.31.0 (python, devel, science)
An enhanced interactive Python shell.

py311-itemadapter @0.13.1 (python)
Common interface for data container classes

py311-iterable-io @1.0.0 (python)
Python library to adapt iterables to a file-like interface

py311-jsonpickle @4.1.1 (python, textproc)
Python library for serializing any arbitrary object graph into JSON.

py311-jsonpointer @3.0.0 (python)
Identify specific nodes in a JSON document (RFC 6901)

py311-jupyter @1.0.0_3 (python, devel, science)
Web application for interactive data science and scientific computing.

py311-jupyterlab @4.1.5 (python, devel)
Next-generation web-based notebook environment for interactive computing.

py311-jupyterlab_widgets @3.0.10 (python, devel)
Jupyter interactive widgets for JupyterLab

py311-keyring @25.7.0 (python, security)
Python interface to access the system keyring service

py311-kiwisolver @1.4.9 (python, math)
Kiwi is an efficient C++ implementation of the Cassowary constraint solving algorithm.

py311-libarchive-c @5.3 (python)
Python interface to libarchive

py311-lmfit @1.3.4_1 (python, math)
Least-Squares Minimization with Bounds and Constraints

py311-logilab-constraint @1.0 (python, devel)
python module for solving constraint satisfaction problems

py311-macfsevents @0.8.4 (python)
Thread-based interface to file system observation primitives.

py311-mechanicalsoup @1.3.0 (python, devel)
A Python library for automating interaction with websites.

py311-mkl @2023.2.1 (python)
Math library for Intel and compatible processors

py311-mkl-include @2023.2.1 (python)
Math library for Intel and compatible processors

py311-mpl-animators @1.2.4 (python)
An interactive animation framework for matplotlib

py311-mpmath @1.3.0 (python, math)
Arbitrary-precision floating-point library for Python

py311-mssql @2.3.8 (python, databases)
A simple database interface to MS-SQL for Python.

py311-mygpoclient @1.10 (python, net)
python module for interacting with my.gpodder.org web services

py311-mysqlclient @2.2.7 (python, devel, databases)
Python3 interface to MySQL/MariaDB, fork of MySQL-python

py311-netcdf4 @1.7.3 (python, science)
Python/numpy interface to netCDF

py311-netifaces @0.11.0 (python)
an easy way to get the address(es) of the machine’s network interfaces from Python

py311-notebook @7.1.2 (python, devel, science)
Web-based notebook environment for interactive computing.

py311-notify2 @0.3.1 (python, devel)
Python interface to DBus notifications

py311-objexplore @1.6.3 (python, devel)
Interactive Python Object Explorer

py311-openbabel @3.1.1.1_1 (python, science, chemistry, devel)
Python interface to the Open Babel chemistry library

py311-openbabel2 @2.4.1 (python, science, chemistry, devel)
Python interface to the Open Babel chemistry library

py311-pexpect @4.9.0 (python, devel)
Allows easy control of interactive console applications.

py311-phonenumbers @8.13.30 (python, textproc)
parsing, formatting, storing and validating international phone numbers

py311-photoscript @0.4.0 (python)
Python wrapper around Apple Photos applescript interface

py311-pint @0.25.2 (python, science)
Pint: a Python units library

py311-pkgconfig @1.5.5 (python)
Python module to interface with pkg-config.

py311-plotly @6.5.2 (python, graphics)
Interactive graphing library for Python.

py311-plyvel @1.5.1 (python, devel)
Plyvel is a fast and feature-rich Python interface to LevelDB.

py311-pointpats @2.5.1 (python, gis)
Point Pattern Analysis (pointpats)

py311-postgresql @1.3.0 (python, devel, databases)
Python interface to PostgreSQL

py311-pptx @1.0.2 (python)
Python module for creating and updating PowerPoint files.

py311-prompt_toolkit @3.0.52 (python)
Library for building powerful interactive command lines in Python

py311-py2app @0.28.9 (python, devel)
converts python scripts into executable Mac OS X apps

py311-pycares @5.0.1 (python, devel)
Python interface for c-ares.

py311-pydantic @2.12.4 (python, devel)
Data validation and settings management using Python type hinting

py311-pydot @1.4.2_1 (python, graphics)
Python interface to Graphviz's Dot

py311-pydub @0.25.1 (python, audio)
Manipulate audio with an simple and easy high level interface

py311-pyFAI @2025.3.0_1 (python)
Azimuthal Integration library

py311-pyfiglet @1.0.4 (python)
A full port of FIGlet into pure python

py311-pygithub @2.6.1 (python)
Typed interactions with the GitHub API v3

py311-pygmt @0.17.0 (python, science)
Python interface for the Generic Mapping Tools

py311-pyheif @0.8.0 (python)
Python interface to libheif library

py311-pykeepass @4.1.0.post1 (python, security)
Library to interact with keepass databases

py311-pylast @7.0.0 (python, devel, audio)
A Python interface to Last.fm and Libre.fm

py311-pylint @4.0.4 (python, devel)
Error (and style) checking for python

py311-pylint-venv @3.0.4 (python, devel)
pylint-venv provides a Pylint init-hook to use the same Pylint installation with different virtual environments.

py311-pypostal @1.1.11 (python, textproc)
International address parsing/normalization

py311-pyproj @3.7.2 (python, devel)
Python interfaces to PROJ.4 functions.

py311-pyproject_api @1.10.0 (python)
API to interact with the python pyproject.toml based projects

py311-pyqt5-scintilla @2.14.1 (python, devel)
PyQt5 bindings for the QScintilla programmers editor widget

py311-pyqt6-scintilla @2.14.1 (python, devel)
PyQt6 bindings for the QScintilla programmers editor widget

py311-pysam @0.22.0 (python, science)
Python interface for the SAM/BAM sequence alignment and mapping format

py311-pytest-pylint @0.21.0 (python, devel)
pytest plugin to check source code with pylint

py311-python-lsp-ruff @2.3.0 (python, devel)
Ruff linting plugin for pylsp

py311-pyvis @0.3.2 (python)
Python package for creating and visualizing interactive network graphs

py311-questionary @2.1.1 (python)
Questionary is a Python library for effortlessly building pretty command line interfaces

py311-repoze.sphinx.autointerface @1.0.0_1 (python)
An extension for the Sphinx documentation system to allow generation of API documentation by introspection of zope.interface instances in code.

py311-rfc3987-syntax @1.1.0 (python)
Helper functions to parse and validate the syntax of terms defined in RFC 3987 — the IETF standard for Internationalized Resource Identifiers (IRIs).

py311-roman @5.1 (python, textproc)
Integer to Roman numerals converter

py311-s3fs @2025.9.0 (python, devel)
Convenient Filesystem interface over S3

py311-scikit-hep-particle @0.23.1 (python)
Particle provides a pythonic interface to the Particle Data Group (PDG) data.

py311-sh @2.2.2 (python, devel)
A full-fledged subprocess interface for Python

py311-sigma-cli @2.0.1 (python)
Sigma Command Line Interface (conversion, check etc.) based on pySigma

py311-speg @0.3 (python)
A PEG-based parser interpreter with memoization.

py311-spglib @2.6.0_1 (python, science)
Python interface for spglib (a C library for crystal symmetries).

py311-sphinx-autodoc-typehints @3.6.2 (python, textproc, devel)
Type hints (PEP 484) support for the Sphinx autodoc extension

py311-spint @1.0.7 (python, gis)
Spatial Interaction Modeling Package (spint)

py311-strpdatetime @0.4.0 (python, devel)
Parse strings into Python datetime objects, extends Python's datetime.strptime() with additional features.

py311-survey @5.4.2 (python, sysutils)
Simple library for creating beautiful interactive prompts

py311-tabulate @0.9.0 (python, devel)
Pretty-print tabular data

py311-textual @7.3.0 (python, devel)
Textual is a TUI (Text User Interface) framework for Python inspired by modern web development.

py311-tkinter @3.11.14 (python, graphics)
Python bindings to the Tk widget set

py311-tobler @0.13.0 (python, gis)
Spatial interpolation, Dasymetric Mapping, & Change of Support (tobler)

py311-torrequest @0.1.0 (python)
A simple Python interface for HTTP(s) requests over Tor.

py311-tracer @2.0.0 (python)
A more flexible interface to sys.settrace

py311-tropycal @1.4 (python, science)
Tropycal is a Python package intended to simplify the process of retrieving and analyzing tropical cyclone data, both for past storms and in real time, and is geared towards the research and operational meteorology sectors.

py311-twisted @24.11.0 (python, devel, net)
An event-based Python framework for internet applications

py311-typer @0.21.1 (python, devel)
Typer, build great CLIs. Easy to code. Based on Python type hints.

py311-typing-inspection @0.4.2 (python, devel)
Runtime typing introspection tools

py311-typing_extensions @4.15.0 (python)
Backported and Experimental Type Hints for Python

py311-uncertainties @3.2.4 (python, math)
The Python uncertainties package

py311-vispy @0.16.1 (python)
VisPy is a high-performance interactive 2D/3D data visualization library.

py311-wasabi @1.1.2 (python)
A lightweight console printing and formatting toolkit

py311-wcwidth @0.2.14 (python)
Library for building powerful interactive command lines in Python

py311-widgetsnbextension @4.0.10 (python)
Interactive HTML widgets for Jupyter notebooks.

py311-wxpython-4.0 @4.2.4 (python, graphics, devel)
Python interface to the wxWidgets 3.2 cross platform GUI

py311-xraydb @4.5.8_1 (python, science)
X-ray reference data in a SQLite library, including a Python interface.

py311-zc-lockfile @3.0.post1 (python, zope)
Basic inter-process locks

py311-zopeinterface @7.2 (python, zope)
Python interfaces for Zope

py312-acoustid @1.3.0 (python, devel, audio)
Chromaprint and Acoustid for Python

py312-annotated_types @0.7.0 (python, devel)
Reusable constraint types to use with typing.Annotated

py312-ansible-compat @25.12.0 (python)
Functions that help interacting with various versions of Ansible

py312-arpeggio @2.0.2 (python)
Packrat parser interpreter

py312-asdf @5.1.0 (python)
The Advanced Scientific Data Format (ASDF) is a next-generation interchange format for scientific data.

py312-aws-sam-translator @1.106.0 (python)
AWS SAM Translator is a library that transform SAM templates into AWS CloudFormation templates

py312-babel @2.17.0 (python, devel)
A collection of tools for internationalizing Python applications.

py312-bigfloat @0.4.0 (python, math)
Arbitrary-precision correctly-rounded floating-point arithmetic, via MPFR.

py312-breathe @4.36.0 (python)
Breathe is a Sphinx plugin providing beautifully integrated Doxygen output in your user-facing documentation.

py312-certomancer-csc-dummy @0.2.3 (python)
A Certomancer-based demo CSC server for integration tests

py312-cffi @2.0.0 (python, devel)
Foreign Function Interface for Python calling C code.

py312-cfn-lint @1.43.4 (python)
Checks cloudformation for practices and behaviour that could potentially be improved

py312-cleo @2.1.0 (python, devel)
Cleo allows you to create beautiful and testable command-line interfaces.

py312-click-plugins @1.1.1.2 (python)
An extension module for click to enable registering CLI commands via setuptools entry-points.

py312-cliff @4.9.1 (python)
Command Line Interface Formulation Framework

py312-cligj @0.7.2 (python, gis)
Click params for commmand line interfaces to GeoJSON

py312-clikit @0.6.2 (python, devel)
CliKit is a group of utilities to build beautiful and testable command line interfaces.

py312-clint @0.5.1_1 (python, devel)
Clint: Python Command-line Application Tools

py312-cloudflare @4.3.1 (python)
Python interface to the CloudFlare API.

py312-cloudflare2 @2.20.0 (python, net)
Python interface to the CloudFlare API.

py312-cmd2 @3.1.0 (python)
Tool for building interactive command line applications in Python

py312-columnize @0.3.11 (python)
Format a simple list into aligned columns

py312-conllu @6.0.0 (python, textproc)
Convert a CoNLL-U string into a nested python dictionary.

py312-curl @7.45.7 (python, net, devel)
Python interface to libcurl

py312-diskcache-stubs @5.6.3.6.20240818 (python)
This library provides type hints only.

py312-django-mailman3 @1.3.15 (python, mail)
Django library to help interaction with Mailman

py312-docutils @0.22.4 (python, textproc)
A set of tools for processing plaintext documentation

py312-dolfin @2019.1.0_1 (python, math, science)
Python interface to DOLFIN, a part of FEniCS

py312-dqsegdb2 @1.2.1 (python, science)
Simplified python interface to DQSEGDB

py312-drms @0.9.0 (python)
The drms module provides an easy-to-use interface for accessing HMI, AIA and MDI data with Python.

py312-eccodes @2.45.0 (python, science)
Python interface to the ecCodes GRIB and BUFR decoder/encoder

py312-editorconfig @0.17.1 (python)
EditorConfig File Locator and Interpreter for Python

py312-entrypoints @0.4 (python, devel)
Discover and load entry points from installed packages.

py312-ephemeral-port-reserve @1.1.4 (python)
Bind to an ephemeral port, force it into the TIME_WAIT state, and unbind it.

py312-esridump @1.13.0 (python)
Dump geodata from ESRI endpoints to GeoJSON

py312-exifread @3.5.1 (python)
EXIF.py - Python interface to the EXIF meta-data

py312-ezdxf @1.2.0 (python)
Python interface to DXF

py312-fire @0.7.0 (python)
A library for automatically generating command line interfaces.

py312-flask-frozen @1.0.2 (python, www)
Freeze a Flask application into a set of static files.

py312-flask-wtf @1.2.2 (python, www)
Simple integration of Flask and WTForms

py312-ftputil @5.1.0 (python, net)
High level Python interface to the ftplib module

py312-gitpython @3.1.46 (python)
A python library used to interact with Git repositories.

py312-gsecrets @1.3.3 (python, security, sysutils)
Helper library and CLI for interacting with the secrets store

py312-gsl @2.6.3 (python, science)
Python interface to the GNU Scientific Library

py312-gssapi @1.11.1 (python)
Python interface to RFC 2743/2744

py312-gwosc @0.8.1 (python, science)
A python interface to the GW Open Science data archive

py312-gyoto @2.0.2-20251105 (science, python)
General relativistic geodesic integration and ray-tracing

py312-h5netcdf @1.8.1 (python, science)
A Python interface for the netCDF4 file-format

py312-hdfs @2.7.3 (python, net, sysutils, parallel)
API and command line interface for HDFS

py312-healpy @1.16.1 (python, science)
Python language interface for HEALPix

py312-html2text @2025.4.15 (python, textproc)
Script to turn HTML into equivalent Markdown-structured text.

py312-humanfriendly @10.0 (python, devel)
Human friendly output for text interfaces using Python

py312-hypy @1.0.1 (python, textproc)
Fulltext search interface for Python applications

py312-idna @3.11 (python, devel)
Internationalized Domain Names in Applications (IDNA).

py312-ifaddr @0.2.0 (python)
Cross-platform network interface and IP address enumeration library

py312-igraph @1.0.0 (python, math, science)
Python interface to the igraph library.

py312-imageio @2.37.2 (python, graphics)
Easy interface to read and write a wide range of image data.

py312-imread @0.7.6 (python, graphics)
Reads images into numpy arrays

py312-intelhex @2.3.0 (python)
The Intel HEX file format is widely used in microprocessors and microcontrollers area (embedded systems etc) as the de facto standard for representation of code to be programmed into microelectronic devices.

py312-intervaltree @3.2.1 (python)
A mutable, self-balancing interval tree for Python 2 and 3

py312-ipdb @0.13.13 (python)
An enhanced Interactive Python shell

py312-ipyparallel @8.7.0 (python, devel, science)
Interactive Parallel Computing with IPython.

py312-ipython @8.31.0 (python, devel, science)
An enhanced interactive Python shell.

py312-itables @2.2.3 (python, math)
Pandas and Polar DataFrames as interactive DataTables

py312-itemadapter @0.13.1 (python)
Common interface for data container classes

py312-iterable-io @1.0.0 (python)
Python library to adapt iterables to a file-like interface

py312-janus @2.0.0 (python)
Mixed sync async queue to interoperate between asyncio tasks and classic threads

py312-jsonpickle @4.1.1 (python, textproc)
Python library for serializing any arbitrary object graph into JSON.

py312-jsonpointer @3.0.0 (python)
Identify specific nodes in a JSON document (RFC 6901)

py312-jupyter @1.0.0_3 (python, devel, science)
Web application for interactive data science and scientific computing.

py312-jupyterlab @4.1.5 (python, devel)
Next-generation web-based notebook environment for interactive computing.

py312-jupyterlab_widgets @3.0.10 (python, devel)
Jupyter interactive widgets for JupyterLab

py312-keyring @25.7.0 (python, security)
Python interface to access the system keyring service

py312-kiwisolver @1.4.9 (python, math)
Kiwi is an efficient C++ implementation of the Cassowary constraint solving algorithm.

py312-libarchive-c @5.3 (python)
Python interface to libarchive

py312-ligo-segments @1.4.0_1 (python, science)
Representations of semi-open intervals

py312-lmfit @1.3.4_1 (python, math)
Least-Squares Minimization with Bounds and Constraints

py312-logilab-constraint @1.0 (python, devel)
python module for solving constraint satisfaction problems

py312-macfsevents @0.8.4 (python)
Thread-based interface to file system observation primitives.

py312-makelive @0.6.2 (python)
Convert an photo + video pair into a Live Photo.

py312-metar @1.4 (python)
python interface to the weather reports of the NOAA

py312-mkl @2023.2.1 (python)
Math library for Intel and compatible processors

py312-mkl-include @2023.2.1 (python)
Math library for Intel and compatible processors

py312-mpl-animators @1.2.4 (python)
An interactive animation framework for matplotlib

py312-mpld3 @0.5.10 (python, graphics, www)
MPLD3 offer an interactive, D3-based viewer for Matplotlib

py312-mpmath @1.3.0 (python, math)
Arbitrary-precision floating-point library for Python

py312-mssql @2.3.8 (python, databases)
A simple database interface to MS-SQL for Python.

py312-mygpoclient @1.10 (python, net)
python module for interacting with my.gpodder.org web services

py312-mysqlclient @2.2.7 (python, devel, databases)
Python3 interface to MySQL/MariaDB, fork of MySQL-python

py312-netcdf4 @1.7.3 (python, science)
Python/numpy interface to netCDF

py312-notebook @7.1.2 (python, devel, science)
Web-based notebook environment for interactive computing.

py312-notify2 @0.3.1 (python, devel)
Python interface to DBus notifications

py312-objexplore @1.6.3 (python, devel)
Interactive Python Object Explorer

py312-openbabel @3.1.1.1_1 (python, science, chemistry, devel)
Python interface to the Open Babel chemistry library

py312-openbabel2 @2.4.1 (python, science, chemistry, devel)
Python interface to the Open Babel chemistry library

py312-pexpect @4.9.0 (python, devel)
Allows easy control of interactive console applications.

py312-phonenumbers @8.13.30 (python, textproc)
parsing, formatting, storing and validating international phone numbers

py312-photoscript @0.4.0 (python)
Python wrapper around Apple Photos applescript interface

py312-pint @0.25.2 (python, science)
Pint: a Python units library

py312-pkgconfig @1.5.5 (python)
Python module to interface with pkg-config.

py312-plotly @6.5.2 (python, graphics)
Interactive graphing library for Python.

py312-plyvel @1.5.1 (python, devel)
Plyvel is a fast and feature-rich Python interface to LevelDB.

py312-pointpats @2.5.1 (python, gis)
Point Pattern Analysis (pointpats)

py312-pptx @1.0.2 (python)
Python module for creating and updating PowerPoint files.

py312-prompt_toolkit @3.0.52 (python)
Library for building powerful interactive command lines in Python

py312-py2app @0.28.9 (python, devel)
converts python scripts into executable Mac OS X apps

py312-pycares @5.0.1 (python, devel)
Python interface for c-ares.

py312-pydantic @2.12.4 (python, devel)
Data validation and settings management using Python type hinting

py312-pydot @1.4.2_1 (python, graphics)
Python interface to Graphviz's Dot

py312-pydub @0.25.1 (python, audio)
Manipulate audio with an simple and easy high level interface

py312-pyFAI @2025.3.0_1 (python)
Azimuthal Integration library

py312-pyfiglet @1.0.4 (python)
A full port of FIGlet into pure python

py312-pygithub @2.6.1 (python)
Typed interactions with the GitHub API v3

py312-pygmt @0.17.0 (python, science)
Python interface for the Generic Mapping Tools

py312-pygresql @6.0 (python, databases)
Python module that interfaces to a PostgreSQL database

py312-pyheif @0.8.0 (python)
Python interface to libheif library

py312-pyinstaller @6.4.0 (python)
converts (packages) Python programs into stand-alone executables

py312-pykeepass @4.1.0.post1 (python, security)
Library to interact with keepass databases

py312-pylast @7.0.0 (python, devel, audio)
A Python interface to Last.fm and Libre.fm

py312-pylint @4.0.4 (python, devel)
Error (and style) checking for python

py312-pylint-venv @3.0.4 (python, devel)
pylint-venv provides a Pylint init-hook to use the same Pylint installation with different virtual environments.

py312-pypostal @1.1.11 (python, textproc)
International address parsing/normalization

py312-pyproj @3.7.2 (python, devel)
Python interfaces to PROJ.4 functions.

py312-pyproject_api @1.10.0 (python)
API to interact with the python pyproject.toml based projects

py312-pyqt5-scintilla @2.14.1 (python, devel)
PyQt5 bindings for the QScintilla programmers editor widget

py312-pyqt6-scintilla @2.14.1 (python, devel)
PyQt6 bindings for the QScintilla programmers editor widget

py312-pysam @0.22.0 (python, science)
Python interface for the SAM/BAM sequence alignment and mapping format

py312-pytest-pylint @0.21.0 (python, devel)
pytest plugin to check source code with pylint

py312-python-lsp-ruff @2.3.0 (python, devel)
Ruff linting plugin for pylsp

py312-pyvis @0.3.2 (python)
Python package for creating and visualizing interactive network graphs

py312-questionary @2.1.1 (python)
Questionary is a Python library for effortlessly building pretty command line interfaces

py312-repoze.sphinx.autointerface @1.0.0_1 (python)
An extension for the Sphinx documentation system to allow generation of API documentation by introspection of zope.interface instances in code.

py312-rfc3987-syntax @1.1.0 (python)
Helper functions to parse and validate the syntax of terms defined in RFC 3987 — the IETF standard for Internationalized Resource Identifiers (IRIs).

py312-roman @5.1 (python, textproc)
Integer to Roman numerals converter

py312-s3fs @2025.9.0 (python, devel)
Convenient Filesystem interface over S3

py312-scikit-hep-particle @0.23.1 (python)
Particle provides a pythonic interface to the Particle Data Group (PDG) data.

py312-sh @2.2.2 (python, devel)
A full-fledged subprocess interface for Python

py312-sigma-cli @2.0.1 (python)
Sigma Command Line Interface (conversion, check etc.) based on pySigma

py312-speg @0.3 (python)
A PEG-based parser interpreter with memoization.

py312-spglib @2.6.0_1 (python, science)
Python interface for spglib (a C library for crystal symmetries).

py312-sphinx-autodoc-typehints @3.6.2 (python, textproc, devel)
Type hints (PEP 484) support for the Sphinx autodoc extension

py312-spint @1.0.7 (python, gis)
Spatial Interaction Modeling Package (spint)

py312-strpdatetime @0.4.0 (python, devel)
Parse strings into Python datetime objects, extends Python's datetime.strptime() with additional features.

py312-survey @5.4.2 (python, sysutils)
Simple library for creating beautiful interactive prompts

py312-tabulate @0.9.0 (python, devel)
Pretty-print tabular data

py312-textual @7.3.0 (python, devel)
Textual is a TUI (Text User Interface) framework for Python inspired by modern web development.

py312-tkinter @3.12.12 (python, graphics)
Python bindings to the Tk widget set

py312-tobler @0.13.0 (python, gis)
Spatial interpolation, Dasymetric Mapping, & Change of Support (tobler)

py312-torrequest @0.1.0 (python)
A simple Python interface for HTTP(s) requests over Tor.

py312-tracer @2.0.0 (python)
A more flexible interface to sys.settrace

py312-tropycal @1.4 (python, science)
Tropycal is a Python package intended to simplify the process of retrieving and analyzing tropical cyclone data, both for past storms and in real time, and is geared towards the research and operational meteorology sectors.

py312-twisted @24.11.0 (python, devel, net)
An event-based Python framework for internet applications

py312-typer @0.21.1 (python, devel)
Typer, build great CLIs. Easy to code. Based on Python type hints.

py312-typing-inspection @0.4.2 (python, devel)
Runtime typing introspection tools

py312-typing_extensions @4.15.0 (python)
Backported and Experimental Type Hints for Python

py312-uncertainties @3.2.4 (python, math)
The Python uncertainties package

py312-vispy @0.16.1 (python)
VisPy is a high-performance interactive 2D/3D data visualization library.

py312-wasabi @1.1.2 (python)
A lightweight console printing and formatting toolkit

py312-wcwidth @0.2.14 (python)
Library for building powerful interactive command lines in Python

py312-widgetsnbextension @4.0.10 (python)
Interactive HTML widgets for Jupyter notebooks.

py312-wxpython-4.0 @4.2.4 (python, graphics, devel)
Python interface to the wxWidgets 3.2 cross platform GUI

py312-xraydb @4.5.8_1 (python, science)
X-ray reference data in a SQLite library, including a Python interface.

py312-zc-lockfile @3.0.post1 (python, zope)
Basic inter-process locks

py312-zopeinterface @7.2 (python, zope)
Python interfaces for Zope

py313-acoustid @1.3.0 (python, devel, audio)
Chromaprint and Acoustid for Python

py313-annotated_types @0.7.0 (python, devel)
Reusable constraint types to use with typing.Annotated

py313-ansible-compat @25.12.0 (python)
Functions that help interacting with various versions of Ansible

py313-arpeggio @2.0.2 (python)
Packrat parser interpreter

py313-asdf @5.1.0 (python)
The Advanced Scientific Data Format (ASDF) is a next-generation interchange format for scientific data.

py313-aws-sam-translator @1.106.0 (python)
AWS SAM Translator is a library that transform SAM templates into AWS CloudFormation templates

py313-babel @2.17.0 (python, devel)
A collection of tools for internationalizing Python applications.

py313-beancount-import @1.4.0 (python, finance)
Semi-automatic imports of financial data into Beancount

py313-bigfloat @0.4.0 (python, math)
Arbitrary-precision correctly-rounded floating-point arithmetic, via MPFR.

py313-breathe @4.36.0 (python)
Breathe is a Sphinx plugin providing beautifully integrated Doxygen output in your user-facing documentation.

py313-cffi @2.0.0 (python, devel)
Foreign Function Interface for Python calling C code.

py313-cfn-lint @1.43.4 (python)
Checks cloudformation for practices and behaviour that could potentially be improved

py313-cleo @2.1.0 (python, devel)
Cleo allows you to create beautiful and testable command-line interfaces.

py313-click-plugins @1.1.1.2 (python)
An extension module for click to enable registering CLI commands via setuptools entry-points.

py313-cliff @4.9.1 (python)
Command Line Interface Formulation Framework

py313-cligj @0.7.2 (python, gis)
Click params for commmand line interfaces to GeoJSON

py313-clikit @0.6.2 (python, devel)
CliKit is a group of utilities to build beautiful and testable command line interfaces.

py313-clint @0.5.1_1 (python, devel)
Clint: Python Command-line Application Tools

py313-cloudflare @4.3.1 (python)
Python interface to the CloudFlare API.

py313-cloudflare2 @2.20.0 (python, net)
Python interface to the CloudFlare API.

py313-cmd2 @3.1.0 (python)
Tool for building interactive command line applications in Python

py313-columnize @0.3.11 (python)
Format a simple list into aligned columns

py313-conllu @6.0.0 (python, textproc)
Convert a CoNLL-U string into a nested python dictionary.

py313-curl @7.45.7 (python, net, devel)
Python interface to libcurl

py313-diskcache-stubs @5.6.3.6.20240818 (python)
This library provides type hints only.

py313-django-mailman3 @1.3.15 (python, mail)
Django library to help interaction with Mailman

py313-docutils @0.22.4 (python, textproc)
A set of tools for processing plaintext documentation

py313-drms @0.9.0 (python)
The drms module provides an easy-to-use interface for accessing HMI, AIA and MDI data with Python.

py313-eccodes @2.45.0 (python, science)
Python interface to the ecCodes GRIB and BUFR decoder/encoder

py313-editorconfig @0.17.1 (python)
EditorConfig File Locator and Interpreter for Python

py313-entrypoints @0.4 (python, devel)
Discover and load entry points from installed packages.

py313-ephemeral-port-reserve @1.1.4 (python)
Bind to an ephemeral port, force it into the TIME_WAIT state, and unbind it.

py313-erf @1.0.1 (python, math, science)
Bootstrap confidence interval estimation routines for SciPy.

py313-exifread @3.5.1 (python)
EXIF.py - Python interface to the EXIF meta-data

py313-fire @0.7.0 (python)
A library for automatically generating command line interfaces.

py313-flask-frozen @1.0.2 (python, www)
Freeze a Flask application into a set of static files.

py313-flask-wtf @1.2.2 (python, www)
Simple integration of Flask and WTForms

py313-flufl.i18n @6.0.0 (python, devel)
High level API for internationalizing Python libraries and applications.

py313-gitpython @3.1.46 (python)
A python library used to interact with Git repositories.

py313-gsl @2.6.3 (python, science)
Python interface to the GNU Scientific Library

py313-gssapi @1.11.1 (python)
Python interface to RFC 2743/2744

py313-gwosc @0.8.1 (python, science)
A python interface to the GW Open Science data archive

py313-gyoto @2.0.2-20251105 (science, python)
General relativistic geodesic integration and ray-tracing

py313-h5netcdf @1.8.1 (python, science)
A Python interface for the netCDF4 file-format

py313-hdfs @2.7.3 (python, net, sysutils, parallel)
API and command line interface for HDFS

py313-html2text @2025.4.15 (python, textproc)
Script to turn HTML into equivalent Markdown-structured text.

py313-humanfriendly @10.0 (python, devel)
Human friendly output for text interfaces using Python

py313-idna @3.11 (python, devel)
Internationalized Domain Names in Applications (IDNA).

py313-ifaddr @0.2.0 (python)
Cross-platform network interface and IP address enumeration library

py313-igraph @1.0.0 (python, math, science)
Python interface to the igraph library.

py313-imageio @2.37.2 (python, graphics)
Easy interface to read and write a wide range of image data.

py313-intervaltree @3.2.1 (python)
A mutable, self-balancing interval tree for Python 2 and 3

py313-ipdb @0.13.13 (python)
An enhanced Interactive Python shell

py313-ipython @8.31.0 (python, devel, science)
An enhanced interactive Python shell.

py313-isbnlib @3.10.14 (python)
Extract, clean, transform, hyphenate and metadata for ISBNs (International Standard Book Number).

py313-itemadapter @0.13.1 (python)
Common interface for data container classes

py313-iterable-io @1.0.0 (python)
Python library to adapt iterables to a file-like interface

py313-jsonpickle @4.1.1 (python, textproc)
Python library for serializing any arbitrary object graph into JSON.

py313-jsonpointer @3.0.0 (python)
Identify specific nodes in a JSON document (RFC 6901)

py313-jupyter @1.0.0_3 (python, devel, science)
Web application for interactive data science and scientific computing.

py313-jupyterlab @4.1.5 (python, devel)
Next-generation web-based notebook environment for interactive computing.

py313-jupyterlab_widgets @3.0.10 (python, devel)
Jupyter interactive widgets for JupyterLab

py313-keyring @25.7.0 (python, security)
Python interface to access the system keyring service

py313-kiwisolver @1.4.9 (python, math)
Kiwi is an efficient C++ implementation of the Cassowary constraint solving algorithm.

py313-libarchive-c @5.3 (python)
Python interface to libarchive

py313-lmfit @1.3.4_1 (python, math)
Least-Squares Minimization with Bounds and Constraints

py313-macresources @1.2 (python, devel)
a library for working with legacy Macintosh resource forks

py313-makelive @0.6.2 (python)
Convert an photo + video pair into a Live Photo.

py313-mkl @2023.2.1 (python)
Math library for Intel and compatible processors

py313-mkl-include @2023.2.1 (python)
Math library for Intel and compatible processors

py313-mpl-animators @1.2.4 (python)
An interactive animation framework for matplotlib

py313-mpmath @1.3.0 (python, math)
Arbitrary-precision floating-point library for Python

py313-mssql @2.3.8 (python, databases)
A simple database interface to MS-SQL for Python.

py313-netcdf4 @1.7.3 (python, science)
Python/numpy interface to netCDF

py313-notebook @7.1.2 (python, devel, science)
Web-based notebook environment for interactive computing.

py313-notify2 @0.3.1 (python, devel)
Python interface to DBus notifications

py313-ntplib @0.4.0 (python)
Simple interface to query NTP servers from Python.

py313-objexplore @1.6.3 (python, devel)
Interactive Python Object Explorer

py313-openbabel @3.1.1.1_1 (python, science, chemistry, devel)
Python interface to the Open Babel chemistry library

py313-pexpect @4.9.0 (python, devel)
Allows easy control of interactive console applications.

py313-photoscript @0.4.0 (python)
Python wrapper around Apple Photos applescript interface

py313-pint @0.25.2 (python, science)
Pint: a Python units library

py313-pkgconfig @1.5.5 (python)
Python module to interface with pkg-config.

py313-plotly @6.5.2 (python, graphics)
Interactive graphing library for Python.

py313-plyvel @1.5.1 (python, devel)
Plyvel is a fast and feature-rich Python interface to LevelDB.

py313-pointpats @2.5.1 (python, gis)
Point Pattern Analysis (pointpats)

py313-pptx @1.0.2 (python)
Python module for creating and updating PowerPoint files.

py313-prompt_toolkit @3.0.52 (python)
Library for building powerful interactive command lines in Python

py313-py2app @0.28.9 (python, devel)
converts python scripts into executable Mac OS X apps

py313-pycares @5.0.1 (python, devel)
Python interface for c-ares.

py313-pydantic @2.12.4 (python, devel)
Data validation and settings management using Python type hinting

py313-pydot @1.4.2_1 (python, graphics)
Python interface to Graphviz's Dot

py313-pyFAI @2025.3.0_1 (python)
Azimuthal Integration library

py313-pyfiglet @1.0.4 (python)
A full port of FIGlet into pure python

py313-pygithub @2.6.1 (python)
Typed interactions with the GitHub API v3

py313-pygmt @0.17.0 (python, science)
Python interface for the Generic Mapping Tools

py313-pyheif @0.8.0 (python)
Python interface to libheif library

py313-pyinterval @1.2.0 (python, math)
Interval arithmetic in Python

py313-pykerberos @1.3.1 (python, devel)
A GSSAPI interface module for Python

py313-pylast @7.0.0 (python, devel, audio)
A Python interface to Last.fm and Libre.fm

py313-pylint @4.0.4 (python, devel)
Error (and style) checking for python

py313-pylint-venv @3.0.4 (python, devel)
pylint-venv provides a Pylint init-hook to use the same Pylint installation with different virtual environments.

py313-pypeg2 @2.15.2 (python, lang)
An intrinsic PEG Parser-Interpreter for Python

py313-pypostal @1.1.11 (python, textproc)
International address parsing/normalization

py313-pyproj @3.7.2 (python, devel)
Python interfaces to PROJ.4 functions.

py313-pyproject_api @1.10.0 (python)
API to interact with the python pyproject.toml based projects

py313-pyqt5-scintilla @2.14.1 (python, devel)
PyQt5 bindings for the QScintilla programmers editor widget

py313-pyqt6-scintilla @2.14.1 (python, devel)
PyQt6 bindings for the QScintilla programmers editor widget

py313-python-lsp-ruff @2.3.0 (python, devel)
Ruff linting plugin for pylsp

py313-repoze.sphinx.autointerface @1.0.0_1 (python)
An extension for the Sphinx documentation system to allow generation of API documentation by introspection of zope.interface instances in code.

py313-rfc3987-syntax @1.1.0 (python)
Helper functions to parse and validate the syntax of terms defined in RFC 3987 — the IETF standard for Internationalized Resource Identifiers (IRIs).

py313-roman @5.1 (python, textproc)
Integer to Roman numerals converter

py313-rtm @0.4.2 (python, devel)
Python interface for Remember The Milk API.

py313-s3fs @2025.9.0 (python, devel)
Convenient Filesystem interface over S3

py313-scikit-hep-particle @0.23.1 (python)
Particle provides a pythonic interface to the Particle Data Group (PDG) data.

py313-scikits-bootstrap @1.1.1 (python, math, science)
Bootstrap confidence interval estimation routines for Numpy/Scipy/Pandas

py313-sh @2.2.2 (python, devel)
A full-fledged subprocess interface for Python

py313-sigma-cli @2.0.1 (python)
Sigma Command Line Interface (conversion, check etc.) based on pySigma

py313-sparqlwrapper @2.0.0 (python, devel, databases)
SPARQL Endpoint interface to Python

py313-speg @0.3 (python)
A PEG-based parser interpreter with memoization.

py313-spglib @2.6.0_1 (python, science)
Python interface for spglib (a C library for crystal symmetries).

py313-sphinx-autodoc-typehints @3.6.2 (python, textproc, devel)
Type hints (PEP 484) support for the Sphinx autodoc extension

py313-spint @1.0.7 (python, gis)
Spatial Interaction Modeling Package (spint)

py313-strpdatetime @0.4.0 (python, devel)
Parse strings into Python datetime objects, extends Python's datetime.strptime() with additional features.

py313-survey @5.4.2 (python, sysutils)
Simple library for creating beautiful interactive prompts

py313-tabulate @0.9.0 (python, devel)
Pretty-print tabular data

py313-textual @7.3.0 (python, devel)
Textual is a TUI (Text User Interface) framework for Python inspired by modern web development.

py313-tkinter @3.13.11 (python, graphics)
Python bindings to the Tk widget set

py313-tobler @0.13.0 (python, gis)
Spatial interpolation, Dasymetric Mapping, & Change of Support (tobler)

py313-torrequest @0.1.0 (python)
A simple Python interface for HTTP(s) requests over Tor.

py313-tracer @2.0.0 (python)
A more flexible interface to sys.settrace

py313-tropycal @1.4 (python, science)
Tropycal is a Python package intended to simplify the process of retrieving and analyzing tropical cyclone data, both for past storms and in real time, and is geared towards the research and operational meteorology sectors.

py313-twisted @24.11.0 (python, devel, net)
An event-based Python framework for internet applications

py313-typer @0.21.1 (python, devel)
Typer, build great CLIs. Easy to code. Based on Python type hints.

py313-typing-inspection @0.4.2 (python, devel)
Runtime typing introspection tools

py313-typing_extensions @4.15.0 (python)
Backported and Experimental Type Hints for Python

py313-uncertainties @3.2.4 (python, math)
The Python uncertainties package

py313-utidylib @0.10 (python)
Python interface to html tidy

py313-vispy @0.16.1 (python)
VisPy is a high-performance interactive 2D/3D data visualization library.

py313-wasabi @1.1.2 (python)
A lightweight console printing and formatting toolkit

py313-wcwidth @0.2.14 (python)
Library for building powerful interactive command lines in Python

py313-widgetsnbextension @4.0.10 (python)
Interactive HTML widgets for Jupyter notebooks.

py313-wxpython-4.0 @4.2.4 (python, graphics, devel)
Python interface to the wxWidgets 3.2 cross platform GUI

py313-xraydb @4.5.8_1 (python, science)
X-ray reference data in a SQLite library, including a Python interface.

py313-zc-lockfile @3.0.post1 (python, zope)
Basic inter-process locks

py313-zopeinterface @7.2 (python, zope)
Python interfaces for Zope

py314-annotated_types @0.7.0 (python, devel)
Reusable constraint types to use with typing.Annotated

py314-ansible-compat @25.12.0 (python)
Functions that help interacting with various versions of Ansible

py314-asdf @5.1.0 (python)
The Advanced Scientific Data Format (ASDF) is a next-generation interchange format for scientific data.

py314-aws-sam-translator @1.106.0 (python)
AWS SAM Translator is a library that transform SAM templates into AWS CloudFormation templates

py314-babel @2.17.0 (python, devel)
A collection of tools for internationalizing Python applications.

py314-bigfloat @0.4.0 (python, math)
Arbitrary-precision correctly-rounded floating-point arithmetic, via MPFR.

py314-cffi @2.0.0 (python, devel)
Foreign Function Interface for Python calling C code.

py314-cfn-lint @1.43.4 (python)
Checks cloudformation for practices and behaviour that could potentially be improved

py314-cleo @2.1.0 (python, devel)
Cleo allows you to create beautiful and testable command-line interfaces.

py314-click-plugins @1.1.1.2 (python)
An extension module for click to enable registering CLI commands via setuptools entry-points.

py314-cligj @0.7.2 (python, gis)
Click params for commmand line interfaces to GeoJSON

py314-cloudflare2 @2.20.0 (python, net)
Python interface to the CloudFlare API.

py314-columnize @0.3.11 (python)
Format a simple list into aligned columns

py314-curl @7.45.7 (python, net, devel)
Python interface to libcurl

py314-diskcache-stubs @5.6.3.6.20240818 (python)
This library provides type hints only.

py314-docutils @0.22.4 (python, textproc)
A set of tools for processing plaintext documentation

py314-eccodes @2.45.0 (python, science)
Python interface to the ecCodes GRIB and BUFR decoder/encoder

py314-editorconfig @0.17.1 (python)
EditorConfig File Locator and Interpreter for Python

py314-ephemeral-port-reserve @1.1.4 (python)
Bind to an ephemeral port, force it into the TIME_WAIT state, and unbind it.

py314-gitpython @3.1.46 (python)
A python library used to interact with Git repositories.

py314-gsl @2.6.3 (python, science)
Python interface to the GNU Scientific Library

py314-gssapi @1.11.1 (python)
Python interface to RFC 2743/2744

py314-gyoto @2.0.2-20251105 (science, python)
General relativistic geodesic integration and ray-tracing

py314-h5netcdf @1.8.1 (python, science)
A Python interface for the netCDF4 file-format

py314-humanfriendly @10.0 (python, devel)
Human friendly output for text interfaces using Python

py314-idna @3.11 (python, devel)
Internationalized Domain Names in Applications (IDNA).

py314-igraph @1.0.0 (python, math, science)
Python interface to the igraph library.

py314-imageio @2.37.2 (python, graphics)
Easy interface to read and write a wide range of image data.

py314-intervaltree @3.2.1 (python)
A mutable, self-balancing interval tree for Python 2 and 3

py314-ipython @8.31.0 (python, devel, science)
An enhanced interactive Python shell.

py314-itemadapter @0.13.1 (python)
Common interface for data container classes

py314-jsonpickle @4.1.1 (python, textproc)
Python library for serializing any arbitrary object graph into JSON.

py314-jsonpointer @3.0.0 (python)
Identify specific nodes in a JSON document (RFC 6901)

py314-jupyterlab @4.1.5 (python, devel)
Next-generation web-based notebook environment for interactive computing.

py314-jupyterlab_widgets @3.0.10 (python, devel)
Jupyter interactive widgets for JupyterLab

py314-keyring @25.7.0 (python, security)
Python interface to access the system keyring service

py314-kiwisolver @1.4.9 (python, math)
Kiwi is an efficient C++ implementation of the Cassowary constraint solving algorithm.

py314-libarchive-c @5.3 (python)
Python interface to libarchive

py314-lmfit @1.3.4_1 (python, math)
Least-Squares Minimization with Bounds and Constraints

py314-mpmath @1.3.0 (python, math)
Arbitrary-precision floating-point library for Python

py314-mssql @2.3.8 (python, databases)
A simple database interface to MS-SQL for Python.

py314-netcdf4 @1.7.3 (python, science)
Python/numpy interface to netCDF

py314-openbabel @3.1.1.1_1 (python, science, chemistry, devel)
Python interface to the Open Babel chemistry library

py314-pexpect @4.9.0 (python, devel)
Allows easy control of interactive console applications.

py314-pint @0.25.2 (python, science)
Pint: a Python units library

py314-pkgconfig @1.5.5 (python)
Python module to interface with pkg-config.

py314-plotly @6.5.2 (python, graphics)
Interactive graphing library for Python.

py314-prompt_toolkit @3.0.52 (python)
Library for building powerful interactive command lines in Python

py314-py2app @0.28.9 (python, devel)
converts python scripts into executable Mac OS X apps

py314-pycares @5.0.1 (python, devel)
Python interface for c-ares.

py314-pydantic @2.12.4 (python, devel)
Data validation and settings management using Python type hinting

py314-pyfiglet @1.0.4 (python)
A full port of FIGlet into pure python

py314-pygithub @2.6.1 (python)
Typed interactions with the GitHub API v3

py314-pylint @4.0.4 (python, devel)
Error (and style) checking for python

py314-pylint-venv @3.0.4 (python, devel)
pylint-venv provides a Pylint init-hook to use the same Pylint installation with different virtual environments.

py314-pyproj @3.7.2 (python, devel)
Python interfaces to PROJ.4 functions.

py314-pyproject_api @1.10.0 (python)
API to interact with the python pyproject.toml based projects

py314-pyqt5-scintilla @2.14.1 (python, devel)
PyQt5 bindings for the QScintilla programmers editor widget

py314-pyqt6-scintilla @2.14.1 (python, devel)
PyQt6 bindings for the QScintilla programmers editor widget

py314-python-lsp-ruff @2.3.0 (python, devel)
Ruff linting plugin for pylsp

py314-repoze.sphinx.autointerface @1.0.0_1 (python)
An extension for the Sphinx documentation system to allow generation of API documentation by introspection of zope.interface instances in code.

py314-rfc3987-syntax @1.1.0 (python)
Helper functions to parse and validate the syntax of terms defined in RFC 3987 — the IETF standard for Internationalized Resource Identifiers (IRIs).

py314-roman @5.1 (python, textproc)
Integer to Roman numerals converter

py314-s3fs @2025.9.0 (python, devel)
Convenient Filesystem interface over S3

py314-sh @2.2.2 (python, devel)
A full-fledged subprocess interface for Python

py314-sigma-cli @2.0.1 (python)
Sigma Command Line Interface (conversion, check etc.) based on pySigma

py314-sphinx-autodoc-typehints @3.6.2 (python, textproc, devel)
Type hints (PEP 484) support for the Sphinx autodoc extension

py314-survey @5.4.2 (python, sysutils)
Simple library for creating beautiful interactive prompts

py314-tabulate @0.9.0 (python, devel)
Pretty-print tabular data

py314-textual @7.3.0 (python, devel)
Textual is a TUI (Text User Interface) framework for Python inspired by modern web development.

py314-tkinter @3.14.2 (python, graphics)
Python bindings to the Tk widget set

py314-tobler @0.13.0 (python, gis)
Spatial interpolation, Dasymetric Mapping, & Change of Support (tobler)

py314-twisted @24.11.0 (python, devel, net)
An event-based Python framework for internet applications

py314-typer @0.21.1 (python, devel)
Typer, build great CLIs. Easy to code. Based on Python type hints.

py314-typing-inspection @0.4.2 (python, devel)
Runtime typing introspection tools

py314-typing_extensions @4.15.0 (python)
Backported and Experimental Type Hints for Python

py314-uncertainties @3.2.4 (python, math)
The Python uncertainties package

py314-vispy @0.16.1 (python)
VisPy is a high-performance interactive 2D/3D data visualization library.

py314-wcwidth @0.2.14 (python)
Library for building powerful interactive command lines in Python

py314-widgetsnbextension @4.0.10 (python)
Interactive HTML widgets for Jupyter notebooks.

py314-wxpython-4.0 @4.2.4 (python, graphics, devel)
Python interface to the wxWidgets 3.2 cross platform GUI

py314-zopeinterface @7.2 (python, zope)
Python interfaces for Zope

pylint_select @0.1_2 (python)
common files for selecting default pylint version

pypy @7.3.9 (lang, python, devel)
A fast interpreter for Python 2.7

pypy-tkinter @7.3.9 (lang, python, graphics)
PyPy bindings for Python 2.7 to the Tk widget set

pypy36 @7.3.3_4 (lang, python, devel)
A fast interpreter for Python 3.6

pypy36-tkinter @7.3.3_4 (lang, python, graphics)
PyPy bindings for Python 3.6 to the Tk widget set

pypy37 @7.3.9 (lang, python, devel)
A fast interpreter for Python 3.7

pypy37-tkinter @7.3.9 (lang, python, graphics)
PyPy bindings for Python 3.7 to the Tk widget set

pypy38 @7.3.9 (lang, python, devel)
A fast interpreter for Python 3.8

pypy38-tkinter @7.3.9 (lang, python, graphics)
PyPy bindings for Python 3.8 to the Tk widget set

pypy39 @7.3.9 (lang, python, devel)
A fast interpreter for Python 3.9

pypy39-tkinter @7.3.9 (lang, python, graphics)
PyPy bindings for Python 3.9 to the Tk widget set

pystring @1.1.4 (devel)
a collection of C++ functions which match the interface and behavior of python's string class methods

python26 @2.6.9_7 (lang)
An interpreted, object-oriented programming language

python27 @2.7.18_10 (lang)
An interpreted, object-oriented programming language

python27-bootstrap @2.7.18_10 (lang)
An interpreted, object-oriented programming language

python32 @3.2.6_8 (lang)
An interpreted, object-oriented programming language

python33 @3.3.7_3 (lang)
An interpreted, object-oriented programming language

python34 @3.4.10_10 (lang)
An interpreted, object-oriented programming language

python35 @3.5.10_6 (lang)
An interpreted, object-oriented programming language

python36 @3.6.15_3 (lang)
An interpreted, object-oriented programming language

python37 @3.7.17 (lang)
An interpreted, object-oriented programming language

python38 @3.8.20 (lang)
An interpreted, object-oriented programming language

python39 @3.9.25 (lang)
An interpreted, object-oriented programming language

python310 @3.10.19 (lang)
An interpreted, object-oriented programming language

python311 @3.11.14 (lang)
An interpreted, object-oriented programming language

python312 @3.12.12 (lang)
An interpreted, object-oriented programming language

python313 @3.13.11 (lang)
An interpreted, object-oriented programming language

python313-freethreading @3.13.11 (lang)
An interpreted, object-oriented programming language (free threading)

python314 @3.14.2 (lang)
An interpreted, object-oriented programming language

python314-freethreading @3.14.2 (lang)
An interpreted, object-oriented programming language (free threading)

python315-devel @3.15.0a5 (lang)
An interpreted, object-oriented programming language

python315-freethreading-devel @3.15.0a5 (lang)
An interpreted, object-oriented programming language (free threading)

qgit @2.10 (devel)
A Qt graphical interface to git repositories

QGLE @4.2.5_18 (graphics)
graphical user interface of GLE

qprint @1.1 (mail)
qprint encodes and decodes Quoted-Printable files

qq @0.3.1 (textproc)
jq inspired (and gojq dependent) interoperable config format transcoder with interactive querying.

qscintilla @2.13.3_2 (devel)
QScintilla is a port to Qt of Neil Hodgson's Scintilla C++ editor control.

qscintilla-designer-qt4 @2.11.6_1 (devel)
Qt Designer plugin for Qt4 QScintilla

qscintilla-designer-qt5 @2.13.3 (devel)
Qt Designer plugin for Qt5 QScintilla

qscintilla-designer-qt6 @2.14.1 (devel)
Qt Designer plugin for Qt6 QScintilla

qscintilla-qt4 @2.11.6_1 (devel)
QScintilla is a port to Qt of Neil Hodgson's Scintilla C++ editor control.

qscintilla-qt5 @2.13.3 (devel)
QScintilla is a port to Qt of Neil Hodgson's Scintilla C++ editor control.

qscintilla-qt6 @2.14.1 (devel)
QScintilla is a port to Qt of Neil Hodgson's Scintilla C++ editor control.

qt4-creator-mac @2.8.1_4 (devel, aqua)
Cross-platform integrated development environment (IDE) tailored to the needs of Qt developers.

qt4-mimetypes @20170225 (devel)
Backport of QMimeType and QMimeDatabase from Qt5 into Qt4

qt4_select @0.3_3 (sysutils)
Switch the default qt4 interpreter

qt5-qtcreator @6.0.2_1 (devel, aqua)
Cross-platform integrated development environment (IDE) tailored to the needs of Qt developers.

qt5-qtcreator-docs @6.0.2_1 (devel, aqua)
Cross-platform integrated development environment (IDE) tailored to the needs of Qt developers.

qt6-qtcreator @18.0.2 (devel, aqua)
Cross-platform integrated development environment (IDE) tailored to the needs of Qt developers.

qt6-qtcreator-docs @18.0.2 (devel, aqua)
Cross-platform integrated development environment (IDE) tailored to the needs of Qt developers.

qtads @3.4.0 (games)
A multimedia TADS interactive fiction player.

Quarter @1.0.0_5 (graphics, devel)
integrates Coin and Qt

qucs @0.0.20-rc2_3 (science, electronics)
an integrated circuit simulator

R @4.5.2 (math, science)
R is GNU S - an interpreted language for statistical computing

R-acumos @0.4-4_1 (R, science, devel)
ACUMOS R interface

R-alphashape3d @1.3.2_1 (R, science)
Implementation of the 3D alpha-shape for the reconstruction of 3D sets from a point cloud

R-alphavantager @0.1.3_1 (R, science, finance, www)
Light-weight interface to the Alpha Vantage API

R-animint2 @2024.1.24 (R, science, graphics)
Animated interactive grammar of graphics

R-ARDL @0.2.4_1 (R, science, math)
ARDL, ECM and bounds-test for cointegration

R-areal @0.1.8.9000 (R, science)
Areal weighted interpolation

R-armadillo @0.3.0 (R, science, math)
Armadillo interface

R-arrangements @1.1.9_1 (R, science, math)
Fast generators and iterators for permutations, combinations, integer partitions and compositions

R-arrow @18.1.0_1 (R, science, devel)
Integration with Apache Arrow

R-askgpt @0.1.3_1 (R, science, www)
Chat interface built on top of OpenAI API endpoints

R-audio @0.1-11_1 (R, science, audio)
Audio interface for R

R-automap @1.1-12 (R, science, math)
Automatic interpolation package

R-backports @1.5.0 (R, science, devel)
Reimplementations of functions introduced since R 3.0

R-bayesammi @0.3.0 (R, science, math)
Bayesian estimation of the Additive Main effects and Multiplicative Interaction model

R-BayesDesign @0.1.1_1 (R, science, math)
Bayesian single-arm design with survival endpoints

R-BayesProject @1.0_1 (R, science, math)
Fast projection direction for multivariate changepoint detection

R-bayesWatch @0.1.3_1 (R, science)
Bayesian change-point detection for process monitoring with fault detection

R-bcp @4.0.3_1 (R, science)
Bayesian analysis of change point problems

R-bdlim @0.4.2 (R, science, math)
Bayesian Distributed Lag Interaction Models

R-beast @1.1_1 (R, science, math)
Bayesian estimation of change-points in the slope of multivariate time-series

R-bigmemory.sri @0.1.8_1 (R, science, devel)
Shared-resource interface for the bigmemory and synchronicity packages

R-bigQueryR @0.5.0.9000 (R, science, www)
Interface with Google BigQuery

R-bigrquery @1.5.1_1 (R, science, devel)
Interface to Google BigQuery API

R-bindrcpp @0.2.3.9002_1 (R, science, devel)
Rcpp interface to active bindings

R-binom @1.1-1.1_2 (R, science, math)
Binomial confidence intervals for several parameterizations

R-binomCI @1.1_1 (R, science, math)
Confidence intervals for a binomial proportion

R-biobroom @1.36.0 (R, science, bioconductor)
Turn Bioconductor objects into tidy data frames

R-biomaRt @2.60.1 (R, science, bioconductor)
Interface to BioMart databases

R-BISdata @0.2-3 (R, science, economics)
Download data from the Bank for International Settlements (BIS)

R-bit64 @4.5.2 (R, science, devel)
S3 class for vectors of 64-bit integers

R-bitops @1.0-9 (R, science)
Functions for bitwise operations on integer vectors

R-BMisc @1.4.6_1 (R, science, math)
Miscellaneous functions for panel data, quantiles and printing results

R-boinet @1.1.0 (R, science, math)
Conduct simulation study of Bayesian optimal interval design with BOIN-ET family

R-bootCT @2.1.0_1 (R, science, math)
Bootstrap ARDL tests for cointegration

R-bootES @1.3.0_1 (R, science, math)
Bootstrap confidence intervals on effect sizes

R-BootPR @1.0_1 (R, science, math)
Bootstrap prediction intervals and bias-corrected forecasting

R-bootstrap @2019.6_1 (R, science)
Functions for An Introduction to the Bootstrap

R-breakfast @2.5 (R, science)
Methods for fast multiple change-point detection and estimation

R-broom @1.0.7 (R, science)
Convert statistical objects into tidy tibbles

R-bspline @2.2.2 (R, science, math)
B-spline interpolation and regression

R-bundle @0.1.1_1 (R, science)
Serialize model objects with a consistent interface

R-ca @0.71.1_2 (R, science)
Simple, multiple and joint correspondence analysis

R-carfima @2.0.2_2 (R, science, math)
Continuous-time fractionally integrated ARMA process for irregularly spaced long-memory time series data

R-Carlson @3.0.0_1 (R, science, math)
Carlson elliptic integrals and incomplete elliptic integrals

R-causaleffect @1.3.15_1 (R, science, math)
Deriving expressions of joint interventional distributions and transport formulas in causal models

R-cbcTools @0.5.0_1 (R, science, math)
Design and evaluate choice-based conjoint survey experiments

R-changepoint @2.3 (R, science, math)
Methods for changepoint detection

R-chatAI4R @0.2.10_1 (R, science, www)
Chat-based interactive artificial intelligence for R

R-chatgpt @0.2.3_1 (R, science, www)
Interface to ChatGPT from R

R-checkthat @0.1.0_1 (R, science, devel)
Intuitive unit testing tools for data manipulation

R-ChemmineOB @1.42.0 (R, science, bioconductor)
R interface to a subset of OpenBabel functionalities

R-CIfinder @2.0.0_1 (R, science, math)
Estimate confidence intervals for predictive values

R-CIplot @1.0_1 (R, science, graphics)
Functions to plot confidence interval

R-cjbart @0.3.2_1 (R, science, math)
Heterogeneous effects analysis of conjoint experiments

R-classInt @0.4-10_1 (R, science)
Choose univariate class intervals

R-cli @3.6.3 (R, science, devel)
Tools for making beautiful & useful command line interfaces

R-cloudfs @0.1.3 (R, science, net, sysutils)
Streamlined interface to interact with cloud storage platforms

R-clusterSEs @2.6.5_1 (R, science, math)
Calculate cluster-robust p-values and confidence intervals

R-clustRcompaR @0.2.1_1 (R, science, textproc)
Easy interface for clustering a set of documents and exploring group-based patterns

R-cmdstanr @0.8.1 (R, science, math)
R interface to CmdStan

R-conclust @1.1_1 (R, science)
Pairwise Constraints Clustering

R-confintr @1.0.2_1 (R, science, math)
R package for calculation of standard and bootstrap confidence intervals

R-conformalbayes @0.1.2_2 (R, science, math)
Jackknife predictive intervals for Bayesian models

R-constants @1.0.1_1 (R, science)
Reference on constants, units and uncertainty

R-constrainedKriging @0.2-8 (R, science, math)
Constrained, covariance-matching constrained and universal point or block Kriging

R-CpGFilter @1.1_1 (R, science, math)
CpG filtering method based on intra-class correlation coefficients

R-cpp11 @0.5.1 (R, science, devel)
R-cpp11 helps you to interact with R objects using C++ code

R-cpp11armadillo @0.3.3 (R, science, math)
Armadillo interface

R-cpp11eigen @0.2.0 (R, science, math)
Eigen interface

R-cppdoubles @0.3.0 (R, science, math)
Fast relative comparisons of floating point numbers in C++

R-CptNonPar @0.2.1_1 (R, science, math)
Non-parametric change point detection for multivariate time series

R-Cronbach @0.1_1 (R, science, math)
Cronbach’s α and various formulas for confidence intervals

R-crops @1.0.3_2 (R, science, math)
Changepoints for a range of penalties

R-crosstalk @1.2.1_1 (R, science)
Inter-widget interactivity for HTML widgets

R-csci @0.9.3_1 (R, science, math)
Current Status Confidence Intervals

R-cubature @2.1.1 (R, science, math)
Adaptive multivariate integration over hypercubes

R-cvAUC @1.1.4_2 (R, science, math)
Cross-validated area under the ROC curve confidence intervals

R-DBI @1.2.3.9027 (R, science, databases)
A database interface (DBI) definition for communication between R and RDBMSs

R-dbx @0.3.2 (R, science, databases)
Fast and easy-to-use database interface for R

R-dictionar6 @0.1.3_2 (R, science, devel)
R6 dictionary interface

R-dint @2.1.5 (R, science)
Toolkit for year-quarter, year-month and year-isoweek dates

R-distillery @1.2-1_1 (R, science, math)
Method functions for confidence intervals and to distill information from an object

R-docopt @0.7.1_1 (R, science, devel)
Command-line interface specification language

R-DoE.MIParray @1.0-1_1 (R, science, math)
Creation of arrays by mixed integer programming

R-dotCall64 @1.2 (R, science, math)
Enhanced foreign function interface supporting long vectors

R-dSTEM @2.0-1_1 (R, science, math)
Multiple testing of local extrema for detection of change points

R-dygraphs @1.1.1.6_2 (R, science)
Interface to dygraphs interactive time series charting library

R-easyNCDF @0.1.2_2 (R, science, math)
Tools to easily read/write NetCDF files into/from multidimensional R arrays

R-ecp @3.1.6 (R, science, math)
Non-parametric multiple change-point analysis of multivariate data

R-EDISON @1.1.1_1 (R, science)
Network reconstruction and changepoint detection

R-eicm @1.0.3_1 (R, science)
Explicit Interaction Community Models

R-EIX @1.2.0_1 (R, science, math)
Explain interactions in XGBoost

R-eNchange @1.0_2 (R, science, math)
Ensemble methods for multiple change-point detection

R-english @1.2-6_2 (R, science)
Translate integers into English

R-enrichR @3.2_2 (R, science, www)
R interface to all Enrichr databases

R-errors @0.4.2 (R, science, math)
Uncertainty propagation for R vectors

R-esreg @0.6.2_1 (R, science, math)
Joint quantile and expected shortfall regression

R-exact2x2 @1.6.9_1 (R, science, math)
Exact tests and confidence intervals for 2×2 tables

R-exactci @1.4-4_1 (R, science, math)
Exact p-values and matching confidence intervals for simple discrete parametric cases

R-expint @0.1-8_2 (R, science, math)
Exponential integral and incomplete Gamma function

R-ezglm @1.0_1 (R, science, math)
Selects significant non-additive interaction between two variables using fast GLM implementation

R-fable.prophet @0.1.0_2 (R, science)
Prophet modelling interface for fable

R-fastcmh @0.2.7 (R, science, math)
Significant interval discovery with categorical covariates

R-fastcpd @0.14.6 (R, science, math)
Fast change point detection via sequential gradient descent

R-FastJM @1.4.2_1 (R, science, math)
Semi-parametric joint modeling of longitudinal and survival data

R-fdacluster @0.3.0_1 (R, science, math)
Joint clustering and alignment of functional data

R-fdatest @2.1.1_1 (R, science, math)
Interval testing procedure for functional data

R-FHtest @1.5.1_1 (R, science)
Tests for right and interval-censored survival data based on the Fleming–Harrington class

R-FinTS @0.4-9_1 (R, science, finance)
Analysis of Financial Time Series

R-FLAME @2.1.1_1 (R, science, math)
Interpretable matching for causal inference

R-flexiblas @3.4.0_1 (R, science, math)
FlexiBLAS API interface for R

R-flintyR @0.1.0_2 (R, science, math)
Simple and flexible tests of sample exchangeability

R-fmeffects @0.1.4 (R, science, math)
Model-agnostic interpretations with forward marginal effects

R-forge @0.2.0_2 (R, science, devel)
Helper functions with a consistent interface to coerce and verify the types and shapes of values for input checking.

R-fourierin @0.2.5_1 (R, science, math)
Numeric Fourier Integrals

R-frab @0.0-6 (R, science, math)
Alternative interpretation of named vectors

R-FRACTION @1.1.1_1 (R, science, math)
Numeric number into fraction

R-fs @1.6.5 (R, science, sysutils)
Cross-platform uniform interface to file system operations

R-gamair @1.0-2_1 (R, science)
Data for GAMs: An Introduction with R

R-gamlss.cens @5.0-7_1 (R, science, math)
Fitting an interval response variable using gamlss.family distributions

R-Gammareg @3.0.1_1 (R, science, math)
Classic Gamma regression: joint modelling of mean and shape parameters

R-gdsfmt @1.40.1 (R, science, bioconductor)
R interface to CoreArray Genomic Data Structure (GDS) files

R-GenBinomApps @1.2.1_1 (R, science, math)
Clopper–Pearson confidence interval and generalized Binomial distribution

R-genieclust @1.1.6 (R, science)
Fast and robust hierarchical clustering with noise points detection

R-GenomicRanges @1.56.1 (R, science, bioconductor)
Representation and manipulation of genomic intervals

R-GetoptLong @1.0.5_2 (R, science)
Parsing command-line arguments and simple variable interpolation

R-ggbeeswarm @0.7.2_1 (R, science, graphics)
Categorical scatter (violin point) plots

R-ggdensity @1.0.0_2 (R, science, graphics)
Interpretable bivariate density visualization with ggplot2

R-ggdist @3.3.2_1 (R, science, math)
Visualizations of distributions and uncertainty

R-ggfan @0.1.3_2 (R, science)
Summarise a distribution through colored intervals

R-ggfittext @0.10.2_1 (R, science, graphics)
R-ggplot2 extension to fit text into a box by growing, shrinking or wrapping the text

R-ggformula @0.12.0_1 (R, science)
Formula interface to the grammar of graphics

R-ggiraph @0.8.10 (R, science, graphics)
Make ggplot2 graphics interactive

R-ggstar @1.0.4_1 (R, science, graphics)
Multiple geometric shape point layer for ggplot2

R-git4r @0.1.2_1 (R, science, devel)
Interactive git for R

R-GJRM @0.2-6.5_1 (R, science, math)
Generalised Joint Regression Modelling

R-glmc @0.3-1_1 (R, science, math)
Fitting of generalized linear models subject to constraints

R-glpkAPI @1.3.4_2 (R, science, math)
R interface to C API of GLPK

R-glue @1.8.0 (R, science, devel)
Glue strings to data in R. Small, fast, dependency free interpreted string literals.

R-googleCloudStorageR @0.7.0.9000_1 (R, science, devel, www)
Interface with Google Cloud Storage API

R-googleComputeEngineR @0.3.0.9000_1 (R, science, www)
R interface for Google Compute Engine

R-googledrive @2.1.1_1 (R, science)
Interface to Google Drive

R-gptr @0.6.0 (R, science, www)
R interface to the OpenAI ChatGPT API

R-graphite @1.50.0 (R, science, bioconductor)
GRAPH interaction from pathway topological environment

R-gridBase @0.4-7_2 (R, science)
Integration of base and grid graphics

R-gRim @0.3.3 (R, science, math)
Graphical Interaction Models

R-gWidgets @0.0-54.2_1 (R, science, graphics)
API for building toolkit-independent, interactive GUIs

R-harmony @1.2.3 (R, science, biology)
Fast, sensitive and accurate integration of single cell data

R-hdf5r @1.3.11 (R, science)
Interface to the HDF5 binary data format

R-hdf5r.Extra @0.1.0 (R, science)
Extensions for HDF5 R interfaces

R-HDInterval @0.2.4_2 (R, science, math)
Highest (posterior) density intervals

R-heatmaply @1.5.0_1 (R, science, graphics)
Interactive cluster heat maps using plotly and ggplot2

R-hstats @1.2.1 (R, science, math)
Interaction statistics

R-htm2txt @2.2.2 (R, science, textproc)
Convert HTML into text

R-huxtable @5.5.7 (R, science)
An R package to create styled tables in multiple output formats, with a friendly, modern interface

R-HWEintrinsic @1.2.3_1 (R, science, math)
Objective Bayesian testing for the Hardy–Weinberg equilibrium problem

R-ibs @1.4_1 (R, science, math)
Integral of b-spline functions

R-iCARH @2.0.2.1_1 (R, science, math)
Integrative conditional autoregressive horseshoe model

R-ICcalib @1.0.8_1 (R, science, math)
Cox model with interval-censored starting time of a covariate

R-icenReg @2.0.16_1 (R, science, math)
Regression models for interval-censored data

R-ICsurv @1.0.1_1 (R, science, math)
Semi-parametric regression analysis of interval-censored data

R-ICtest @0.3-5_2 (R, science, math)
Estimating and testing the number of interesting components in linear dimension reduction

R-iml @0.11.3 (R, science)
Interpretable Machine Learning

R-InspectChangepoint @1.2_1 (R, science, math)
High-dimensional changepoint estimation via sparse projection

R-intamap @1.5-7_1 (R, science, math)
Procedures for automated interpolation

R-interactionR @0.1.7_1 (R, science)
Full reporting of interaction analyses

R-interactions @1.2.0 (R, science, math)
Comprehensive, user-friendly toolkit for probing interactions

R-InteractionSet @1.32.0 (R, science, bioconductor)
Base classes for storing genomic interaction data

R-interactiveDisplayBase @1.42.0 (R, science, bioconductor)
Base package for enabling powerful Shiny web displays of Bioconductor objects

R-intergraph @2.0-4_1 (R, science)
Coercion routines for network data objects

R-interp @1.1-6_1 (R, science, math)
Interpolation methods

R-interpolation @0.1.1_1 (R, science, math)
Interpolation of bivariate functions

R-inters @0.2.0_2 (R, science)
Tools for estimating interactions

R-interval @1.1-1.0_1 (R, science, math)
Weighted logrank tests and NPMLE for interval-censored data

R-intervals @0.15.5 (R, science, math)
Tools for working with points and intervals

R-intmap @1.0.0_2 (R, science, devel)
Ordered containers with integer keys

R-inum @1.0-5_1 (R, science, devel)
Interval and enum-type representation of vectors

R-IRanges @2.38.1 (R, science, bioconductor, math)
Foundation of integer range manipulation

R-irr @0.84.1_1 (R, science, math)
Various coefficients of interrater reliability and agreement

R-ISLR @1.4_1 (R, science)
Data for an Introduction to Statistical Learning with Applications in R

R-ISLR2 @1.3-2_1 (R, science)
Introduction to Statistical Learning (2nd ed.)

R-ismev @1.42_1 (R, science, math)
An Introduction to Statistical Modeling of Extreme Values

R-ISwR @2.0-8_1 (R, science, math)
Introductory Statistics with R (2nd ed.)

R-itdr @2.0.1_1 (R, science, math)
Integral transformation methods for SDR in regression

R-ivs @0.2.0_2 (R, science)
Interval Vectors

R-JADE @2.0-4_1 (R, science, math)
Blind source separation methods based on joint diagonalization and some BSS performance criteria

R-jeek @1.1.1_1 (R, science, math)
Fast and scalable joint estimator for integrating additional knowledge in learning multiple related sparse gaussian graphical models

R-JM @1.5-2 (R, science)
Joint modelling of longitudinal and survival data

R-JMbayes @0.8-85_2 (R, science, math)
Joint modelling of longitudinal and time-to-event data under a Bayesian approach

R-JMdesign @1.5_1 (R, science, math)
Power calculations for joint modelling of longitudinal and survival data

R-joineR @1.2.8 (R, science)
Joint modelling of repeated measurements and time-to-event data

R-joineRML @0.4.6 (R, science)
Joint modelling of multivariate longitudinal data and time-to-event outcomes

R-JointAI @1.0.6_1 (R, science, math)
Joint Analysis and Imputation of Incomplete Data

R-jointDiag @0.4_1 (R, science, math)
Joint approximate diagonalization of a set of square matrices

R-JointFPM @1.2.1 (R, science)
Parametric model for estimating the mean number of events

R-jointPm @2.3.2_2 (R, science, math)
Risk estimation using the joint probability method

R-jointseg @1.0.2_1 (R, science)
Joint segmentation of multivariate (copy number) signals

R-jomo @2.7-6_2 (R, science, math)
Multi-level joint modelling multiple imputation

R-JuliaCall @0.17.5_1 (R, science, math)
Seamless integration between R and Julia

R-JuliaConnectoR @1.1.3_1 (R, science, math)
Functionally-oriented interface for integrating Julia with R

R-kappalab @0.4-12_1 (R, science, math)
Non-additive measure and integral manipulation functions

R-kcpRS @1.1.1_1 (R, science, math)
Kernel change point detection on the running statistics

R-klic @1.0.4_1 (R, science)
Kernel Learning Integrative Clustering

R-km.ci @0.5-6_1 (R, science)
Confidence intervals for the Kaplan–Meier estimator

R-kmndirs @0.0-0_1 (R, science, math)
R interface to the k-mean-directions algorithm

R-L2hdchange @1.0_1 (R, science, math)
L2 inference for change points in high-dimensional time series

R-languageR @1.5.0_2 (R, science, textproc)
Analyzing Linguistic Data: A Practical Introduction to Statistics

R-lazyNumbers @1.2.1_2 (R, science, math)
Exact floating-point arithmetic

R-lcra @1.1.5_1 (R, science, math)
Bayesian joint latent class and regression models

R-LDAvis @0.3.2_1 (R, science, textproc)
Interactive visualization of topic models

R-leaflet @2.2.2_1 (R, science)
Create and customize interactive maps

R-leidenAlg @1.1.4 (R, science, math)
R interface to the Leiden algorithm, an iterative community detection algorithm on networks

R-levmaR @0.0.1_1 (R, science, math)
Interface for the Levenberg–Marquardt optimization algorithm provided by the levmar Library

R-lime @0.5.3_2 (R, science)
Local Interpretable Model-Agnostic Explanations

R-lintools @0.1.7_1 (R, science, math)
Manipulation of linear systems of (in)equalities

R-lintr @3.1.2_1 (R, science, devel, textproc)
Linter for R code

R-lisrelToR @0.3_1 (R, science)
Import output from LISREL into R

R-listviewer @4.0.0_1 (R, science)
htmlwidget for interactive views of R lists

R-lmtp @1.4.0 (R, science, economics)
Non-parametric causal effects of feasible interventions based on modified treatment policies

R-LOMAR @0.5.0 (R, science)
Read, register and compare point sets from single molecule localization microscopy

R-longitudinalData @2.4.5.1_1 (R, science, math)
Tools for longitudinal data and joint longitudinal data

R-lpSolve @5.6.23 (R, science, math)
Interface to Lp_solve to solve linear/integer programs

R-lpSolveAPI @5.5.2.0-17.12 (R, science, math)
R interface to lp_solve v. 5.5.2.0

R-LRTesteR @1.2.1 (R, science, math)
Likelihood ratio tests and confidence intervals

R-lucid @1.8_1 (R, science, math)
Print floating point numbers in a human-friendly format

R-lutz @0.3.2_1 (R, science)
Look up time zones of point coordinates

R-magickGUI @1.3.1_1 (R, science, graphics)
GUI tools for interactive image processing with Magick

R-manipulate @1.0.1_1 (R, science)
Interactive plots for RStudio

R-manipulateWidget @0.11.1_1 (R, science)
Even more interactivity to interactive charts

R-matahari @0.1.3_1 (R, science, sysutils)
Conveniently log everything you type into the R console

R-mcp @0.3.4_1 (R, science, math)
Regression with multiple change points

R-MCPAN @1.1-21_1 (R, science, math)
Multiple contrast tests and simultaneous confidence intervals based on normal approximation

R-memery @0.6.0 (R, science, graphics)
Internet memes for data analysts

R-MetaUtility @2.1.2_2 (R, science)
Utility functions for conducting and interpreting meta-analyses

R-mimi @0.2.0_1 (R, science)
Main effects and interactions in mixed and incomplete data

R-minioclient @0.0.6_1 (R, science, sysutils)
Interface to the MinIO client

R-minpack.lm @1.2-4_1 (R, science, math)
R interface to the Levenberg–Marquardt non-linear least-squares algorithm found in MINPACK

R-minty @0.0.4 (R, science, devel)
Minimal Type Guesser

R-mirai.promises @0.5.0_1 (R, science, devel)
Allows mirai objects from the R-mirai, encapsulating asynchronous computations, to be used interchangeably with promise objects from the R-promises

R-mirtjml @1.4.0_2 (R, science)
Joint maximum likelihood estimation for high-dimensional item factor analysis

R-mixOmics @6.28.0 (R, science, bioconductor)
Omics Data Integration Project

R-MLEcens @0.1-7.1 (R, science, math)
Computation of the MLE for bivariate interval censored data

R-mlpack @4.5.1 (R, science, math)
Rcpp integration for the mlpack library

R-modelfactory @1.0.0_1 (R, science)
Combine statistical models into a tibble for comparison

R-modelStudio @3.1.2_1 (R, science, math)
Interactive studio for explanatory model analysis

R-monoreg @2.1_2 (R, science, math)
Bayesian monotonic regression using a marked point process construction

R-mschart @0.4.0_2 (R, science, office)
Chart generation for MS Word and MS PowerPoint documents

R-MultiAssayExperiment @1.30.3 (R, science, bioconductor)
Software for the integration of multi-omics experiments

R-nanoarrow @0.6.0 (R, science, devel)
Interface to the nanoarrow C library

R-nardl @0.1.6_1 (R, science, math)
Non-linear cointegrating autoregressive distributed lag model

R-ncdf4 @1.23_1 (R, science)
Interface to unidata netCDF (v. 4 or earlier) data files

R-nfer @1.1.3_2 (R, science, math)
Event stream abstraction using interval logic

R-NlcOptim @0.6_2 (R, science, math)
Solve non-linear optimization with non-linear constraints

R-nloptr @2.1.1 (R, science, math)
R Interface to NLopt

R-nlsic @1.0.4_1 (R, science, math)
Non-linear least squares with inequality constraints

R-not @1.6 (R, science)
Narrowest-over-threshold change-point detection

R-nparcomp @3.0_1 (R, science, math)
Multiple comparisons and simultaneous confidence intervals

R-oaii @0.5.0_1 (R, science)
OpenAI API R interface

R-odbc @1.5.0 (R, science, databases)
DBI-compatible interface to ODBC databases

R-odeintr @1.7.1_2 (R, science, math)
Wraps the Boost odeint library for integration of differential equations

R-officedown @0.3.3 (R, science)
Enhanced R Markdown format for Word and PowerPoint

R-officer @0.6.7 (R, science, office)
Manipulation of Microsoft Word and PowerPoint documents

R-ompr @1.0.4_1 (R, science, math)
Model and solve mixed integer linear programs

R-OpenCL @0.2-10_1 (R, science)
Interface allowing R to use OpenCL

R-ore @1.7.4.1_1 (R, science, devel)
R interface to the Onigmo regular expression library

R-pagedown @0.21 (R, science)
Paginate the HTML output of R markdown with CSS for print

R-PAGFL @1.1.1 (R, science, math)
Joint estimation of latent groups and group-specific coefficients in panel data models

R-palm @1.1.5_1 (R, science, math)
Functions to fit point process models using the Palm likelihood

R-parallelMap @1.5.1_2 (R, science, devel)
Unified interface to parallelization back-ends

R-params @0.7.3_2 (R, science, devel)
Interface to simplify organizing parameters used in a package via external configuration files.

R-partitions @1.10-7_2 (R, science, math)
Additive partitions of integers

R-pbdMPI @0.5-2 (R, science, parallel)
Interface to MPI

R-pbdZMQ @0.3-13 (R, science, devel)
Interface to ZeroMQ

R-pcts @0.15.7_1 (R, science, math)
Periodically correlated and periodically integrated time series

R-PeakSegDisk @2024.10.1 (R, science)
Disk-based constrained change-point detection

R-PeakSegJoint @2024.10.1 (R, science)
Joint peak detection in several ChIP-Seq samples

R-PeakSegOptimal @2024.10.1 (R, science)
Optimal segmentation subject to up-down constraints

R-penaltyLearning @2024.9.3 (R, science, math)
Implementations of algorithms from Learning Sparse Penalties for Change-point Detection using Max Margin Interval Regression

R-perryExamples @0.1.1_1 (R, science, math)
Examples for integrating prediction error estimation into regression models

R-pfr @1.0.1_1 (R, science, math)
Interface to the C++ Pf library

R-Phi2rho @1.0.1_1 (R, science, math)
Owenʼs T function and bivariate normal integral

R-phia @0.3-1_1 (R, science)
Post-Hoc Interaction Analysis

R-pimeta @1.1.3_1 (R, science, math)
Prediction intervals for random-effects meta-analysis

R-plotly @4.10.4_1 (R, science)
Create interactive web graphics via plotly.js

R-plotROC @2.3.1_1 (R, science)
Generate useful ROC curve charts for print and interactive use

R-polyhedralCubature @1.1.0_1 (R, science, math)
Multiple integration over convex polyhedra

R-pomdpSolve @1.0.4_1 (R, science, math)
Interface to pomdp-solve for partially observable Markov decision processes

R-pompp @0.1.3_1 (R, science, math)
Presence-only for marked point process

R-ppgam @1.0.2 (R, science, math)
Generalised additive point process models

R-PreciseSums @0.7 (R, science, math)
Accurate floating point sums and products

R-predint @2.2.1_1 (R, science, math)
Prediction intervals

R-prettycode @1.1.0_2 (R, science, sysutils)
Pretty print R code in the Terminal

R-printr @0.3_1 (R, science)
Automatically print R objects to appropriate formats according to the knitr output format

R-profvis @0.4.0 (R, science)
Interactive visualizations for profiling R code

R-proj4 @1.0-14_1 (R, science, gis)
Simple R interface to the PROJ.4 cartographic projections library

R-propagate @1.0-6_1 (R, science, math)
Propagation of uncertainty using higher-order Taylor expansion and Monte Carlo simulation

R-purrrlyr @0.0.8_2 (R, science)
Tools at the intersection of purrr and dplyr

R-qpmadr @1.1.0-0_1 (R, science, math)
Interface to the qpmad quadratic programming solver

R-quarto @1.4.4 (R, science)
R interface to Quarto markdown publishing system

R-QuickJSR @1.4.0 (R, science, devel)
Interface for the QuickJS light-weight JavaScript engine

R-r2d3 @0.2.6_1 (R, science, graphics)
Interface to D3 visualizations

R-ratesci @0.4-0_1 (R, science, math)
Confidence intervals for comparisons of Binomial or Poisson rates

R-rattle @5.5.2_1 (R, science)
Graphical User Interface for Data Science in R

R-RBGL @1.80.0 (R, science, bioconductor, devel)
Interface to the graph algorithms contained in the Boost library

R-Rcgmin @2022-4.30_1 (R, science, math)
Conjugate gradient minimization of nonlinear functions with box constraints

R-RcmdrPlugin.temis @0.7.10_1 (R, science, textproc)
Graphical integrated text mining solution

R-rcorpora @2.0.1 (R, science)
Collection of small text corpora of interesting data

R-Rcpp @1.0.13-1 (R, science, devel)
Seamless R and C++ Integration

R-Rcpp11 @3.1.2.0.1_1 (R, science, devel)
Header-only C++11 library that facilitates integration between R and modern C++

R-RcppArmadillo @14.2.2-1 (R, science, math)
Rcpp integration for the Armadillo Templated Linear Algebra Library

R-RcppBessel @1.0.0 (R, science, math)
Bessel Functions Rcpp Interface

R-RcppBigIntAlgos @1.1.0_1 (R, science, math)
Factor big integers with the parallel quadratic sieve

R-RcppBlaze @1.0.1 (R, science, math)
Rcpp integration for the Blaze high-performance C++ math library

R-RcppCGAL @5.6.4 (R, science, math, geometry)
Rcpp Integration for CGAL

R-RcppClassicExamples @0.1.3_1 (R, science, devel)
Examples using RcppClassic to interface R and C++

R-RcppDist @0.1.1_2 (R, science, math)
Rcpp integration of additional probability distributions

R-RcppEigen @0.3.4.0.2 (R, science, math)
Rcpp integration for the Eigen Templated Linear Algebra Library

R-RcppEnsmallen @0.2.22.1.1 (R, science, math)
Rcpp integration for the Ensmallen templated C++ mathematical optimization library

R-RcppExamples @0.1.9_1 (R, science, devel)
Examples using Rcpp to interface R and C++

R-RcppFarmHash @0.0.3_1 (R, science, devel)
Interface to the Google FarmHash family of hash functions

R-RcppGetconf @0.0.3_2 (R, science, devel, sysutils)
Rcpp interface for querying system configuration variables

R-RcppGSL @0.3.13_3 (R, science, math)
Rcpp integration for GNU GSL vectors and matrices

R-RcppInt64 @0.0.5 (R, science, devel)
Rcpp-based helper functions to pass Int64 values between R and C++

R-RcppMsgPack @0.2.3_2 (R, science, devel)
MsgPack C++ header files and interface functions for R

R-RcppNumerical @0.6-0_1 (R, science, math)
Rcpp integration for numerical computing libraries

R-RcppProgress @0.4.2_2 (R, science, devel)
Interruptible progress bar with OpenMP support for C++ in R packages

R-RcppRedis @0.2.4_3 (R, science, devel)
MsgPack C++ header files and interface functions for R

R-RcppSpdlog @0.0.19 (R, science, devel)
R and C++ interfaces to spdlog C++ header library for logging

R-RcppStreams @0.1.3_2 (R, science)
Rcpp integration of the Streamulus DSEL for stream processing

R-RcppXts @0.0.6_2 (R, science)
Interface the xts API via Rcpp

R-RcppZiggurat @0.1.6_3 (R, science, math)
Rcpp integration of different Ziggurat normal RNG implementations

R-Rcsdp @0.1.57.5_3 (R, science)
R interface to the CSDP Semidefinite Programming Library

R-RCurl @1.98-1.16_1 (R, science, devel, net)
General network client interface for R

R-RDieHarder @0.2.6_2 (R, science, math)
R interface to the DieHarder RNG test-suite

R-Rdsdp @1.0.5.2.1_1 (R, science, math)
R interface to DSDP semidefinite programming library

R-re2 @0.1.3_1 (R, science, devel)
R interface to Google RE2 (C++) regular expression library

R-reactable @0.4.4_2 (R, science)
Interactive data tables for R

R-readbitmap @0.1.5_2 (R, science, graphics)
Simple unified interface to read bitmap images (BMP, JPEG, PNG, TIFF)

R-Rearrangement @2.1_2 (R, science, math)
Monotonize point and interval functional estimates by rearrangement

R-restfulr @0.0.15_2 (R, science, www)
R interface to RESTful web services

R-reticulate @1.40.0 (R, science, python)
Interface to Python

R-rfinterval @1.0.0_2 (R, science, math)
Predictive inference for random forests

R-rgeos @0.6-4_1 (R, science, math)
Interface to Geometry Engine Open Source (GEOS)

R-Rglpk @0.6-5.1_1 (R, science)
GNU Linear Programming Kit interface

R-Rgraphviz @2.48.0 (R, science, bioconductor, graphics)
Interfaces R with graphviz library for plotting R graph objects

R-rgudhi @0.2.0_2 (R, science, math)
Interface to the GUDHI library for topological data analysis

R-rhdf5 @2.48.0_1 (R, science, bioconductor)
R Interface to HDF5

R-riingo @0.3.1_1 (R, science, finance, www)
R Interface to the Tiingo Stock Price API

R-rim @0.6.4 (R, science, math)
Interface to Maxima, enabling symbolic computation

R-rintrojs @0.3.4_1 (R, science)
Wrapper for the Intro.js library

R-rlecuyer @0.3-8_1 (R, science, devel)
R interface to RNG with multiple streams

R-rmargint @2.0.3_1 (R, science, math)
Robust Marginal Integration procedures

R-RMariaDB @1.3.3 (R, science, databases)
Database interface and MariaDB driver

R-Rmosek @1.3.5 (R, science)
R to MOSEK optimization interface

R-Rmpfr @1.0-0 (R, science, math)
Multiple precision floating-point reliable

R-Rmpi @0.7-2.1 (R, science, parallel)
Interface (wrapper) to MPI

R-RMySQL @0.10.29 (R, science, databases)
Legacy R-DBI interface to MySQL/MariaDB

R-RNetCDF @2.9-2_2 (R, science)
Interface to NetCDF file formats

R-ROAuth @0.9.6_2 (R, science, net)
R interface for OAuth

R-RobAStRDA @1.2.1 (R, science, math)
Interpolation grids for the R-RobASt family of packages

R-RODBC @1.3-23_1 (R, science, databases)
ODBC database interface

R-ROI.plugin.msbinlp @1.0-1_1 (R, science, math)
Multi-Solution Binary Linear Problem plug-in for the R Optimization Interface

R-ROpenFIGI @0.2.8_1 (R, science, finance, www)
Simple interface to Bloomberg OpenFIGI API

R-rorcid @0.7.0_1 (R, science)
Interface to the Orcid.org API

R-rpanel @1.1-5.2_1 (R, science)
Simple interactive controls for R via R-tcltk

R-rpca @0.2.3_1 (R, science, math)
Decompose a matrix into low-rank and sparse components

R-Rpcop @1.1_1 (R, science, math)
Principal curves of oriented points

R-RPostgres @1.4.7 (R, science, databases)
Rcpp Interface to PostgreSQL

R-RPostgreSQL @0.7-6_1 (R, science, databases)
R interface to the PostgreSQL database system

R-RProtoBuf @0.4.22_1 (R, science, devel)
R interface to the Protocol Buffers API

R-RPushbullet @0.3.4_1 (R, science)
R Interface to the Pushbullet messaging service

R-RQuantLib @0.4.24 (R, science, finance)
R interface to the QuantLib library

R-rrcov @1.7-6 (R, science, math)
Scalable robust estimators with high breakdown point

R-rrcovNA @0.5-2 (R, science, math)
Scalable robust estimators with high breakdown point for incomplete data

R-rsconnect @1.3.3 (R, science, devel)
Deployment interface for R-rmarkdown documents and R-shiny applications

R-RSQLite @2.3.9 (R, science, databases)
SQLite interface for R

R-rstan @2.32.6_2 (R, science, lang, math)
R interface to Stan

R-rstantools @2.4.0_1 (R, science, devel, math)
Tools for developing R packages interfacing with Stan

R-RStata @1.1.1_1 (R, science)
Simple R–Stata interface allowing to execute Stata commands (both inline and from a .do file) from R

R-rsvg @2.6.1 (R, science, graphics)
Render SVG images into PDF, PNG, EPS or Bitmap

R-rtkore @1.6.12 (R, science, math)
STK++ core library integration with R via Rcpp

R-rtracklayer @1.64.0 (R, science, bioconductor)
R interface to genome annotation files and the UCSC genome browser

R-rtsdata @0.1.4_1 (R, science, databases)
R time series intelligent data storage

R-rtweet @2.0.0_1 (R, science, www)
R client for interacting with Twitter APIs

R-runjags @2.2.2-4_1 (R, science, math)
Interface utilities, model templates, parallel computing methods and additional distributions for MCMC models in JAGS

R-Runuran @0.40 (R, science)
R Interface to the UNU.RAN random variate generators

R-Rvmmin @2018-4.17.1_1 (R, science, math)
Variable metric non-linear function minimization with bounds constraints

R-rwicc @0.1.3.9000_1 (R, science, math)
Regression with interval-censored covariates

R-Ryacas @1.1.5_1 (R, science, math)
R interface to the Yacas Computer Algebra System

R-Ryacas0 @0.4.4_1 (R, science, math)
Legacy version of Ryacas, an interface to the yacas computer algebra system

R-rzmq @0.9.14 (R, science, devel)
Interface to the ZeroMQ lightweight messaging kernel

R-salty @0.1.1 (R, science)
Turn clean data into messy data

R-sasr @0.1.2_1 (R, science, math)
SAS interface

R-scattermore @1.2 (R, science, graphics)
Scatterplots with more points

R-scoringfunctions @0.0.6_1 (R, science, math)
Collection of scoring functions for assessing point forecasts

R-segmented @2.1-2 (R, science, math)
Regression models with break-points estimation

R-segMGarch @1.2_1 (R, science, math)
Multiple change-point detection for high-dimensional GARCH processes

R-semlbci @0.11.2 (R, science, math)
Likelihood-based confidence interval in structural equation models

R-semmcci @1.1.4 (R, science, math)
Monte Carlo confidence intervals in structural equation modelling

R-sentometrics @1.0.0_2 (R, science, textproc)
Integrated framework for textual sentiment time series aggregation and prediction

R-sentopics @0.7.4 (R, science, textproc)
Tools for joint sentiment and topic analysis of textual data

R-set6 @0.2.6 (R, science, math)
R6 object-oriented interface for mathematical sets

R-sets @1.0-25_1 (R, science, math)
Sets, generalized sets, customizable sets and intervals

R-shiny.i18n @0.3.0_1 (R, science)
Shiny applications internationalization

R-shinyjqui @0.4.1_1 (R, science)
jQuery UI interactions and effects for R-shiny

R-shinylight @1.2_1 (R, science, www)
Web interface to R functions

R-shinystan @2.6.0_2 (R, science, math)
Interactive visual and numerical diagnostics and posterior analysis for Bayesian models.

R-shrink @1.2.3_1 (R, science, math)
Global, parameterwise and joint shrinkage factor estimation

R-SimComp @3.3_1 (R, science, math)
Simultaneous comparisons for multiple endpoints

R-simode @1.2.2_1 (R, science, math)
Statistical inference for systems of ordinary differential equations using separable integral-matching

R-SimplicialCubature @1.3_2 (R, science, math)
Integration of functions over simplices

R-snakecase @0.11.1_1 (R, science, textproc)
Convert strings into any case

R-sparklyr @1.8.6 (R, science)
R Interface to Apache Spark

R-SparseGrid @0.8.2_2 (R, science, math)
Sparse grid integration in R

R-sparsepp @1.22_1 (R, science, devel)
Rcpp interface to sparsepp

R-sparseR @0.3.1 (R, science, math)
Variable selection under ranked sparsity principles for interactions and polynomials

R-spatial @7.3-17_1 (R, science)
Functions for Kriging and point pattern analysis

R-spatstat @3.3-0 (R, science, math)
Spatial point pattern analysis, model fitting, simulation, tests

R-SphericalCubature @1.5_2 (R, science, math)
Numerical integration over spheres and balls in n-dimensions, multivariate polar coordinates

R-splancs @2.01-45 (R, science, math)
Spatial and space-time point pattern analysis

R-spsi @0.1_1 (R, science, math)
Shape-preserving uni-variate and bi-variate spline interpolation

R-sqlhelper @0.2.1_1 (R, science, databases)
Easier SQL integration

R-SQRL @1.0.2_1 (R, science, databases)
Enhanced interaction with ODBC databases

R-statpsych @1.6.0 (R, science)
Confidence interval and sample size methods that are especially useful in psychological research

R-stdmod @0.2.11 (R, science, math)
Standardized moderation effect and its confidence interval

R-stepjglm @0.0.1_1 (R, science, math)
Variable selection for joint modeling of mean and dispersion

R-stepR @2.1-10 (R, science, math)
Multiscale change-point inference

R-stinepack @1.5_1 (R, science, math)
Stineman, a consistently well-behaved method of interpolation

R-stringmagic @1.1.2 (R, science, devel)
Character string operations and interpolation

R-styler @1.10.3_1 (R, science)
Non-invasive pretty printing of R code

R-sudachir @0.1.0_1 (R, science, textproc, japanese)
R interface to Sudachi, a Japanese morphological analyzer

R-sundialr @0.1.6 (R, science, math)
Interface to SUNDIALS ordinary differential equation (ODE) solvers

R-SurvRegCensCov @1.7_1 (R, science, math)
Weibull regression for a right-censored endpoint with interval-censored covariate

R-svd @0.5.7 (R, science, math)
Interface to Lanczos SVD and eigensolvers

R-symengine @0.2.6_3 (R, science, math)
Interface to the SymEngine library

R-sysfonts @0.8.9_1 (R, science)
Loading fonts into R

R-tempdisagg @1.1.1_1 (R, science, math)
Methods for temporal disaggregation and interpolation of time series

R-tensorMiss @1.1.1 (R, science, math)
Handle missing tensor data with C++ integration

R-thor @1.1.6 (R, science, devel)
Interface to LMDB

R-threejs @0.3.3_2 (R, science)
Interactive 3D scatter plots, networks and globes

R-tidytable @0.11.1 (R, science)
Tidy interface to R-data.table

R-tidyxl @1.0.10_1 (R, science, office)
Import non-tabular from Excel files into R

R-tinytex @0.54 (R, science, tex)
Helper functions to install and maintain TeX Live, and compile LaTeX documents

R-tolerance @3.0.0_1 (R, science, math)
Statistical tolerance intervals and regions

R-tram @1.2-0 (R, science, math)
R-Formula-based user-interfaces to specific transformation models

R-trelliscopejs @0.2.6_2 (R, science)
Create interactive trelliscope displays

R-tsibbletalk @0.1.0_2 (R, science)
Interactive graphics for tsibble objects

R-tsPI @1.0.4_1 (R, science, math)
Improved prediction intervals for ARIMA processes and structural time series

R-tspredit @1.0.787 (R, science, math)
Time series prediction integrated tuning

R-turner @0.1.9_1 (R, science, devel)
Turn vectors and lists of vectors into indexed structures

R-tvm @0.5.2_1 (R, science, finance)
Functions for managing cashflows and interest rate curves

R-tweenr @2.0.3_1 (R, science)
Interpolate data for smooth animations

R-ui @0.1.1_1 (R, science, math)
Uncertainty intervals and sensitivity analysis for missing data

R-unitizer @1.4.21 (R, science, devel)
Interactive R unit tests

R-UpSetR @1.4.0_1 (R, science)
More scalable alternative to Venn and Euler diagrams for visualizing intersecting sets

R-urca @1.3-4 (R, science, math, finance)
Unit root and cointegration tests for time series data

R-VARDetect @0.1.8 (R, science, math)
Multiple change point detection in structural VAR models

R-vccp @0.1.1_1 (R, science, math)
Vine copula change point detection in multivariate time series

R-VeryLargeIntegers @0.2.1_1 (R, science, math)
Store and operate with arbitrarily large integers

R-virtuoso @0.1.8_1 (R, science, databases)
Interface to Virtuoso using ODBC

R-vsp @0.1.1_1 (R, science, math)
Vintage Sparse PCA for semi-parametric factor analysis

R-wbs @1.4_2 (R, science)
Wild binary segmentation for multiple change-point detection

R-wbsts @2.1_1 (R, science, math)
Multiple change-point detection for non-stationary time series

R-widgetTools @1.82.0 (R, science, bioconductor, devel)
Create an interactive tcltk widget

R-winch @0.1.1.9000_1 (R, science, devel)
Portable native and joint stack traces

R-wooldridge @1.4-3_1 (R, science)
115 Data sets from Introductory Econometrics: A Modern Approach (7th ed.)

R-xoi @0.72_1 (R, science)
Tools for analyzing crossover interference

R-xplorerr @0.2.0 (R, science)
Tools for interactive data exploration

R-Zseq @0.2.1_1 (R, science, math)
Integer sequence generator

raceintospace @1.1-20200802_4 (games)
Open Source version of old MS-DOS game Buzz Aldrin's Race Into Space

rancher-cli @2.13.1 (devel, sysutils)
The Rancher Command Line Interface (CLI) is a unified tool for interacting with your Rancher Server.

rare @0.5.5 (textproc)
Realtime regex-extraction and aggregation into common formats such as histograms, bar graphs, numerical summaries, tables, and more!

rb-3llo @1.3.1 (ruby)
Interactive CLI application for Trello

rb-bdb @0.6.6 (ruby, databases)
Ruby interface to the embedded Berkeley DB

rb-bigdecimal @3.1.8 (ruby, math)
Arbitrary-precision decimal floating-point number library

rb-bioruby @0.6.2_2 (ruby, science)
Integrated environment for bioinformatics.

rb-curl_ffi @0.0.8 (ruby, net)
FFI-based libCurl interface

rb-cvs @0.2_1 (ruby, devel)
High level interface to a CVS repository

rb-fcgi @0.9.2.2 (ruby, www)
The Ruby interface to FastCGI

rb-ffi-openmpt @0.5.0 (ruby, audio)
Ruby interface to libopenmpt

rb-flickr @1.0.0 (ruby)
An insanely easy interface to the Flickr photo-sharing service. By Scott Raymond.

rb-gobject-introspection @4.2.4 (ruby, gnome, devel)
Ruby/GObjectIntrospection provides bindings of GObject Introspection

rb-google @0.6.0 (ruby, www)
Ruby interface to Googleʼs SOAP-driven Web API

rb-heroku-api @0.4.3 (ruby, www, devel)
The Heroku Ruby Client is used to interact with the Heroku Legacy API from Ruby.

rb-hmac @0.3 (ruby, security)
Provides a common interface to HMAC functionality.

rb-i18n @1.14.6 (ruby, devel)
New wave Internationalization support

rb-net-pingsimple @0.3.0_1 (ruby, net)
A simple Ruby interface to the 'ping' command

rb-net-protocol @0.2.2 (ruby, net)
The abstract interface for net-* client

rb-nitpick @1.0.2 (ruby)
A lint-like static code analyzer for Ruby

rb-numo-gsl @0.1.2_1 (ruby, math)
GSL interface for Ruby/Numo::NArray

rb-numo-linalg @0.1.7 (ruby, math)
Linear algebra library with interface to BLAS/LAPACK

rb-oauth-tty @1.0.5 (ruby, devel)
OAuth 1.0 TTY Command Line Interface

rb-pango @4.2.4 (ruby, gnome, devel)
Ruby/Pango is a Ruby binding of pango-1.x based on GObject-Introspection

rb-pastel @0.8.0 (ruby)
Terminal strings styling with intuitive and clean API

rb-path_expander @1.1.3 (ruby, devel)
PathExpander helps pre-process command-line arguments expanding directories into their constituent files

rb-pcap @0.6 (ruby, net)
Ruby interface to LBL Packet Capture library (libpcap).

rb-polyglot @0.2.9 (ruby)
Allows custom language loaders for file extensions to be hooked into require

rb-public_suffix @6.0.1 (ruby, net)
PublicSuffix can parse and decompose a domain name into top level domain, domain and subdomains

rb-rflickr @2006.02.01 (ruby)
Ruby interface to the Flickr API

rb-rice @4.3.3 (ruby, devel)
Ruby interface for C++ extensions

rb-rmagick @5.0.0_1 (ruby, graphics)
The Ruby interface to ImageMagick

rb-rufus-mnemo @1.2.3 (ruby)
Turns (large) integers into Japanese-sounding words and vice versa

rb-snaky_hash @2.0.1 (ruby, devel)
Hashie::Mash joint to make snakelife better

rb-sqlite @2.2.3 (ruby, databases)
Interface to the SQLite DB engine from Ruby

rb-sqlite3 @1.2.5 (ruby, databases)
Interface to the SQLite3 DB engine from Ruby

rb-t_algebra @0.1.6 (ruby, math)
Functor, Applicative and Monad interfaces for Ruby

rb-thor @1.3.2 (ruby, devel)
Thor is a toolkit for building powerful command-line interfaces

rb-treetop @1.4.2_1 (ruby)
Treetop is a Ruby-based DSL for text parsing and interpretation.

rb-tty-prompt @0.23.1 (ruby)
Beautiful and powerful interactive command line prompt

rb-twitter @8.1.0 (ruby, www)
Ruby interface to the Twitter API

rb-x @0.14.1 (ruby, devel, www)
Ruby interface to the X (Twitter) API

rb19-capybara @0.3.9 (ruby)
Integration testing tool for Rack-based web applications

rb19-culerity @0.2.10_1 (ruby)
Integrates Cucumber and Celerity in order to test your application's full stack.

rb19-debug @0.11.6_1 (ruby)
command line interface for ruby-debug

rb19-gli @1.1.1 (ruby)
Git-Like Interface Command Line Parser

rb19-i18n @0.5.0 (ruby, devel)
Internationalization (i18n) library for Ruby

rb19-mechanize @1.0.0 (ruby, www)
automated website interaction

rb19-parsetree @3.0.5 (ruby, textproc)
Extracts parse trees into Ruby sexps

rb19-rack @1.2.2_1 (ruby, devel)
Ruby Webserver Interface

rb19-sqlite3 @1.3.3 (ruby, databases)
Interface to the SQLite3 DB engine from Ruby

rb19-treetop @1.4.9 (ruby, textproc)
A Ruby-based text parsing and interpretation DSL

rb23-rmagick @5.0.0_1 (ruby, graphics)
The Ruby interface to ImageMagick

rb24-rmagick @5.0.0_1 (ruby, graphics)
The Ruby interface to ImageMagick

rb25-rmagick @5.0.0_1 (ruby, graphics)
The Ruby interface to ImageMagick

rb26-rmagick @5.0.0_1 (ruby, graphics)
The Ruby interface to ImageMagick

rb27-rmagick @5.0.0_1 (ruby, graphics)
The Ruby interface to ImageMagick

rb30-bigdecimal @3.1.8 (ruby, math)
Arbitrary-precision decimal floating-point number library

rb30-i18n @1.14.6 (ruby, devel)
New wave Internationalization support

rb30-net-protocol @0.2.2 (ruby, net)
The abstract interface for net-* client

rb30-path_expander @1.1.3 (ruby, devel)
PathExpander helps pre-process command-line arguments expanding directories into their constituent files

rb30-rice @4.3.3 (ruby, devel)
Ruby interface for C++ extensions

rb30-rmagick @5.0.0_1 (ruby, graphics)
The Ruby interface to ImageMagick

rb30-rufus-mnemo @1.2.3 (ruby)
Turns (large) integers into Japanese-sounding words and vice versa

rb30-thor @1.3.2 (ruby, devel)
Thor is a toolkit for building powerful command-line interfaces

rb31-3llo @1.3.1 (ruby)
Interactive CLI application for Trello

rb31-bigdecimal @3.1.8 (ruby, math)
Arbitrary-precision decimal floating-point number library

rb31-curl_ffi @0.0.8 (ruby, net)
FFI-based libCurl interface

rb31-fcgi @0.9.2.2 (ruby, www)
The Ruby interface to FastCGI

rb31-ffi-openmpt @0.5.0 (ruby, audio)
Ruby interface to libopenmpt

rb31-gobject-introspection @4.2.4 (ruby, gnome, devel)
Ruby/GObjectIntrospection provides bindings of GObject Introspection

rb31-heroku-api @0.4.3 (ruby, www, devel)
The Heroku Ruby Client is used to interact with the Heroku Legacy API from Ruby.

rb31-i18n @1.14.6 (ruby, devel)
New wave Internationalization support

rb31-net-protocol @0.2.2 (ruby, net)
The abstract interface for net-* client

rb31-nitpick @1.0.2 (ruby)
A lint-like static code analyzer for Ruby

rb31-numo-gsl @0.1.2_1 (ruby, math)
GSL interface for Ruby/Numo::NArray

rb31-numo-linalg @0.1.7 (ruby, math)
Linear algebra library with interface to BLAS/LAPACK

rb31-oauth-tty @1.0.5 (ruby, devel)
OAuth 1.0 TTY Command Line Interface

rb31-pango @4.2.4 (ruby, gnome, devel)
Ruby/Pango is a Ruby binding of pango-1.x based on GObject-Introspection

rb31-pastel @0.8.0 (ruby)
Terminal strings styling with intuitive and clean API

rb31-path_expander @1.1.3 (ruby, devel)
PathExpander helps pre-process command-line arguments expanding directories into their constituent files

rb31-public_suffix @6.0.1 (ruby, net)
PublicSuffix can parse and decompose a domain name into top level domain, domain and subdomains

rb31-rice @4.3.3 (ruby, devel)
Ruby interface for C++ extensions

rb31-rmagick @5.0.0_1 (ruby, graphics)
The Ruby interface to ImageMagick

rb31-rufus-mnemo @1.2.3 (ruby)
Turns (large) integers into Japanese-sounding words and vice versa

rb31-snaky_hash @2.0.1 (ruby, devel)
Hashie::Mash joint to make snakelife better

rb31-t_algebra @0.1.6 (ruby, math)
Functor, Applicative and Monad interfaces for Ruby

rb31-thor @1.3.2 (ruby, devel)
Thor is a toolkit for building powerful command-line interfaces

rb31-tty-prompt @0.23.1 (ruby)
Beautiful and powerful interactive command line prompt

rb31-twitter @8.1.0 (ruby, www)
Ruby interface to the Twitter API

rb31-x @0.14.1 (ruby, devel, www)
Ruby interface to the X (Twitter) API

rb32-3llo @1.3.1 (ruby)
Interactive CLI application for Trello

rb32-bigdecimal @3.1.8 (ruby, math)
Arbitrary-precision decimal floating-point number library

rb32-curl_ffi @0.0.8 (ruby, net)
FFI-based libCurl interface

rb32-fcgi @0.9.2.2 (ruby, www)
The Ruby interface to FastCGI

rb32-ffi-openmpt @0.5.0 (ruby, audio)
Ruby interface to libopenmpt

rb32-gobject-introspection @4.2.4 (ruby, gnome, devel)
Ruby/GObjectIntrospection provides bindings of GObject Introspection

rb32-heroku-api @0.4.3 (ruby, www, devel)
The Heroku Ruby Client is used to interact with the Heroku Legacy API from Ruby.

rb32-i18n @1.14.6 (ruby, devel)
New wave Internationalization support

rb32-net-protocol @0.2.2 (ruby, net)
The abstract interface for net-* client

rb32-nitpick @1.0.2 (ruby)
A lint-like static code analyzer for Ruby

rb32-numo-gsl @0.1.2_1 (ruby, math)
GSL interface for Ruby/Numo::NArray

rb32-numo-linalg @0.1.7 (ruby, math)
Linear algebra library with interface to BLAS/LAPACK

rb32-oauth-tty @1.0.5 (ruby, devel)
OAuth 1.0 TTY Command Line Interface

rb32-pango @4.2.4 (ruby, gnome, devel)
Ruby/Pango is a Ruby binding of pango-1.x based on GObject-Introspection

rb32-pastel @0.8.0 (ruby)
Terminal strings styling with intuitive and clean API

rb32-path_expander @1.1.3 (ruby, devel)
PathExpander helps pre-process command-line arguments expanding directories into their constituent files

rb32-public_suffix @6.0.1 (ruby, net)
PublicSuffix can parse and decompose a domain name into top level domain, domain and subdomains

rb32-rice @4.3.3 (ruby, devel)
Ruby interface for C++ extensions

rb32-rmagick @5.0.0_1 (ruby, graphics)
The Ruby interface to ImageMagick

rb32-rufus-mnemo @1.2.3 (ruby)
Turns (large) integers into Japanese-sounding words and vice versa

rb32-snaky_hash @2.0.1 (ruby, devel)
Hashie::Mash joint to make snakelife better

rb32-t_algebra @0.1.6 (ruby, math)
Functor, Applicative and Monad interfaces for Ruby

rb32-thor @1.3.2 (ruby, devel)
Thor is a toolkit for building powerful command-line interfaces

rb32-tty-prompt @0.23.1 (ruby)
Beautiful and powerful interactive command line prompt

rb32-twitter @8.1.0 (ruby, www)
Ruby interface to the Twitter API

rb32-x @0.14.1 (ruby, devel, www)
Ruby interface to the X (Twitter) API

rb33-3llo @1.3.1 (ruby)
Interactive CLI application for Trello

rb33-bigdecimal @3.1.8 (ruby, math)
Arbitrary-precision decimal floating-point number library

rb33-curl_ffi @0.0.8 (ruby, net)
FFI-based libCurl interface

rb33-fcgi @0.9.2.2 (ruby, www)
The Ruby interface to FastCGI

rb33-ffi-openmpt @0.5.0 (ruby, audio)
Ruby interface to libopenmpt

rb33-gobject-introspection @4.2.4 (ruby, gnome, devel)
Ruby/GObjectIntrospection provides bindings of GObject Introspection

rb33-heroku-api @0.4.3 (ruby, www, devel)
The Heroku Ruby Client is used to interact with the Heroku Legacy API from Ruby.

rb33-i18n @1.14.6 (ruby, devel)
New wave Internationalization support

rb33-net-protocol @0.2.2 (ruby, net)
The abstract interface for net-* client

rb33-nitpick @1.0.2 (ruby)
A lint-like static code analyzer for Ruby

rb33-numo-gsl @0.1.2_1 (ruby, math)
GSL interface for Ruby/Numo::NArray

rb33-numo-linalg @0.1.7 (ruby, math)
Linear algebra library with interface to BLAS/LAPACK

rb33-oauth-tty @1.0.5 (ruby, devel)
OAuth 1.0 TTY Command Line Interface

rb33-pango @4.2.4 (ruby, gnome, devel)
Ruby/Pango is a Ruby binding of pango-1.x based on GObject-Introspection

rb33-pastel @0.8.0 (ruby)
Terminal strings styling with intuitive and clean API

rb33-path_expander @1.1.3 (ruby, devel)
PathExpander helps pre-process command-line arguments expanding directories into their constituent files

rb33-public_suffix @6.0.1 (ruby, net)
PublicSuffix can parse and decompose a domain name into top level domain, domain and subdomains

rb33-rice @4.3.3 (ruby, devel)
Ruby interface for C++ extensions

rb33-rufus-mnemo @1.2.3 (ruby)
Turns (large) integers into Japanese-sounding words and vice versa

rb33-snaky_hash @2.0.1 (ruby, devel)
Hashie::Mash joint to make snakelife better

rb33-t_algebra @0.1.6 (ruby, math)
Functor, Applicative and Monad interfaces for Ruby

rb33-thor @1.3.2 (ruby, devel)
Thor is a toolkit for building powerful command-line interfaces

rb33-tty-prompt @0.23.1 (ruby)
Beautiful and powerful interactive command line prompt

rb33-twitter @8.1.0 (ruby, www)
Ruby interface to the Twitter API

rb33-x @0.14.1 (ruby, devel, www)
Ruby interface to the X (Twitter) API

redo-history @0.8.4 (sysutils)
The ultimate tool to create reusable functions from your shell history in an interactive way

reinteract @0.5.10 (devel)
a system for interactive experimentation with python

Renaissance @0.8.0 (gnustep)
create user interfaces via XML files

Renaissance-Framework @0.8.0 (graphics, gnustep, cross, devel)
create user interfaces via XML files

repgrep @0.16.1 (textproc)
An interactive replacer for ripgrep that makes it easy to find and replace across files on the command line.

replex @0.1.6.8 (multimedia)
Remultiplex an MPEG2 TS into a PS for DVD

restish @0.21.2 (devel)
Restish is a CLI for interacting with REST-ish HTTP APIs with some nice features built-in

retail @1.0.2 (textproc)
Re-Tail is a command line program which is intended as an intelligent incremental logfile reader.

revive @1.13.0 (devel)
Fast, configurable, extensible, flexible, and beautiful linter for Go.

rexx @3.9.6 (lang)
Regina Rexx is an interpreter for the Rexx language

rfcdiff @1.48 (textproc)
compare Internet Draft versions

RigCtldGUI @20220406-d49f88b9_1 (science, comms)
a graphical user interface for rig control, offering also rigctld functionality

rlpr @2.06 (print, net)
Tools to spool to remote printers without modifying printcap

rmlint @2.10.3 (sysutils)
Extremely fast tool to remove duplicates and other lint from your filesystem

rpm2html @1.11.2 (sysutils)
Translates an RPM database and dependency information into HTML

rtags @2.38_3 (devel)
A client/server indexer for c/c++/objc[++] with integration for Emacs based on clang

rtf2latex2e @2.2.2 (tex)
Filter to convert rtf files into LaTeX2e code.

rtmidi @6.0.0 (audio)
A set of C++ classes that provide a common API for realtime MIDI input/output across Linux (ALSA & JACK), Macintosh OS X (CoreMIDI) and Windows (Multimedia)

ruff @0.14.14 (devel, python)
An extremely fast Python linter, written in Rust

rustpython @0.4.0 (lang)
A Python 3 (CPython >= 3.12.0) Interpreter written in Rust

scalc @1.15_1 (math)
tool for simple integer calculations or for converting numbers

scamper @20260105 (net)
Conduct Internet measurements

scantailor @0.2.9_2 (graphics, aqua)
A fork of the original scantailor: an interactive post-processing tool for scanned pages.

scare @1.3.10 (games)
SCARE is a GPL C-based interpreter for ADRIFT games

scheme48 @1.9.2 (lang, scheme)
Scheme byte-code interpreter

scientiaCLI @0.0.1_1 (science, education)
A command line interface for scientia for Imperial DoC students

scip @9.1.0 (math)
Solving Constraint Integer Programs

scite @4.4.6_1 (editors)
SciTE is a SCIntilla-based text editor

scummvm @2.9.0_2 (emulators, games)
cross-platform interpreter for several adventure engines

scummvm-devel @20231109_1 (emulators, games)
cross-platform interpreter for several adventure engines

scute @1.7.0 (security)
PKCS#11 interface to the GnuPG Agent

scw @2.51.0 (net)
Command Line Interface for Scaleway

sd @1.0.0 (textproc)
Intuitive find & replace CLI (sed alternative)

sdcc @4.5.0 (lang)
ANSI C compiler targeting Intel 8051, Maxim 80DS390, Zilog Z80

sdcc29 @2.9.0_2 (lang)
ANSI C compiler targeting Intel 8051, Maxim 80DS390, Zilog Z80

sdf2-bundle @2.4 (devel)
Package related to the SDF2 syntax defintion formalism.

seahorse @3.20.0_2 (gnome, crypto)
Seahorse is a graphical interface for managing and using encryption keys.

sent @1 (office)
sent is a simple plaintext presentation tool.

serialDV @1.1.5 (science, comms)
C++ Minimal interface to encode and decode audio with AMBE3000 based devices in packet mode over a serial link.

sgwi @1.1.2 (www, mail, php)
web-interface to SQLGrey

shelldap @1.3.2_3 (net, sysutils)
a handy shell-like interface for browsing and editing LDAP entries

showkey @1.9 (sysutils)
echo raw keystrokes back at you in a printable form

siag @3.6.0 (x11)
Siag Office is a tightly integrated, free office package.

sicp @0.0.1_3 (lang)
Structure and Interpretation of Computer Programs (texinfo book)

sig @0.2.1 (textproc)
Interactive grep (for streaming)

sisc @1.16.6 (lang, java, scheme)
Second Interpreter of Scheme Code

SISL @2021.03.16 (math)
SISL is a comprehensive NURBS library for the modeling and interrogation of curves and surfaces.

sitecopy @0.16.6_1 (www)
sitecopy website maintenance utility

sitemap_gen @1.5_1 (www, python)
sitecopy website maintenance utility

sketchybar @2.21.0 (sysutils)
Custom macOS statusbar with shell plugin, interaction and graph support

smooth @0.9.8 (aqua)
smooth is a class library for user interfaces written in C++

snarf @7.0 (net)
Simple Non-interactive All-purpose Resource Fetcher

snort @2.9.20 (net)
Open Source Network Intrusion Detection System

so @0.4.10 (devel)
A terminal interface for Stack Overflow

socket @1.4 (net)
an interface to TCP sockets at shell level

socketxx @1.12.12_2 (devel)
a family of C++ classes that gives the same interface as the iostream classes for input and output for communication between processes

sollya @8.0 (science)
Sollya is both a tool environment and a library for safe floating-point code development

SourceKitten @0.37.2 (devel)
An adorable little framework and command line tool for interacting with SourceKit.

sowing @1.1.25 (textproc)
A parser for fortran interfaces

sparky @3.115_2 (science, chemistry)
NMR Assignment and Integration Software

splint @3.1.2 (devel)
Secure Programming Lint

SQLClient @1.2.0_1 (gnustep)
Simple OO Interface to SQL databases

sse2neon @0.0.0_20210505 (devel)
library for translating Intel SSE intrinsics to ARM Neon intrinsics

sshpass @1.10 (sysutils)
Non-interactive ssh password authentication

sshs @4.7.2 (net)
Terminal user interface for SSH

staticcheck @2025.1.1 (devel)
Staticcheck - The advanced Go linter

statik @0.1.7 (devel)
Embed files into a Go executable

step @4.14.3_5 (kde, kde4)
Interactive Physics Simulator

streamlink @8.1.2 (multimedia, python, net)
a CLI utility which pipes video streams into a video player

svn2git @1.0.18 (devel)
converts a Subversion repository into one or more Git repositories

swiftlint @0.57.0 (devel)
Swift linter

syncthingtray @0.10.3 (net)
Tray application and Dolphin/Plasma integration for Syncthing.

tablet-encode @2.30_6 (multimedia)
Transcoding video files for Nokia Internet Tablets

tabulate @1.5_1 (devel)
tabulate is a header-only library for printing aligned, formated and colorized tables in moder C++.

taskwarrior-tui @0.26.5 (office)
A terminal user interface for taskwarrior

tbb @2020.3_1 (devel)
Intel Threading Building Blocks offers a rich and complete approach to parallelism in C++

tcl2doxy @0-2 (textproc)
Tcl/Tk input filter for doxygen Tcl2doxy translates Tcl/Tk source code into C-like code which doxygen is able to parse and generate a documentation for.

tclreadline @2.3.8 (devel)
An interactive readline for tcl shells.

tecla @1.6.3 (devel)
The tecla library provides UNIX and LINUX programs with interactive command line editing facilities, similar to those of the unix tcsh shell.

tektoncd-cli @0.33.0 (devel)
A CLI for interacting with Tekton

temporal @1.4.1 (devel, sysutils)
Command-line interface for Temporal incl. local dev server

termcolor @2.1.0 (devel)
a header-only C++ library for printing colored messages to the terminal

textmate2 @2.0.23_4 (editors, aqua)
TextMate brings Apple's approach to operating systems into the world of text editors. By bridging UNIX underpinnings and GUI, TextMate cherry-picks the best of both worlds to the benefit of expert scripters and novice users alike.

tflint @0.60.0 (sysutils)
A Pluggable Terraform Linter

tfupdate @0.9.3 (sysutils)
Update version constraints in your Terraform configurations

tig @2.5.12 (devel)
A text interface to git repositories

tilde @1.1.3 (editors)
Tilde is a text editor for the console/terminal, which provides an intuitive interface for people accustomed to GUI environments such as Gnome, KDE and Windows.

timescaledb @2.23.0 (databases)
A time-series database that integrates with PostgreSQL.

timescaledb1 @1.7.5 (databases)
A time-series database that integrates with PostreSQL.

tintinxx @2.02.60 (net, games)
ncurses-based MUD client with triggers, aliases, colors

tinyows @1.2.1_1 (gis)
TinyOWS is a small footprint WFS server

tivodecode @0.2pre4 (multimedia)
utility to convert .tivo files into mpeg

tix @8.4.3_6 (x11)
Tk Interface eXtension

tkirc @2.46_1 (irc)
A Tk-based GUI for the ircII Internet Relay Chat client

tldr-pages @20251209-cb3985b (devel)
The tldr-pages project is a collection of community-maintained help pages for command-line tools

tnftp @20230507_1 (net)
Internet File Transfer Protocol client

tnftpd @20200704 (net)
Internet File Transfer Protocol server

toast @0.47.7 (devel, sysutils)
Containerize your development and continuous integration environments.

toluapp @1.0.93_2 (lang)
A extension of toLua, a tool to integrate C-Cpp code with Lua.

toot @0.51.0 (net, python)
A CLI and TUI tool for interacting with Mastodon instances

TOPCOM @1.1.2_1 (math)
Triangulations Of Point Configurations and Oriented Matroids

triage @1.0.0 (devel)
Interactive command-line GitHub issue & notification triaging tool

trio @1.16 (devel)
trio is a set of printf and string functions

tripwire @2.4.3.7_1 (security)
integrity assurance and intrusion detection tool

trueprint @5.3_1 (print)
Prettyprinter

ttfautohint @1.8.4 (graphics, fonts)
A library to autohint TrueType fonts

tuist @3.31.2 (devel)
Create, maintain, and interact with Xcode projects at scale

turbo @2024.10.23 (editors, sysutils)
Experimental text editor based on Scintilla and Turbo Vision

tv @0.7.0 (textproc)
Format json and csv into table display in the CLI

udis86 @1.7.2 (devel)
Udis86 is a disassembler engine that interprets and decodes a stream of binary machine code bytes as opcodes defined in the x86 and x86-64 class of Instruction Set Architectures.

ugrep @7.5.0 (textproc, sysutils)
ultra fast grep with interactive query UI and fuzzy search

universal-ctags @6.2.20260125.0 (devel)
A maintained ctags implementation

usql @0.19.4 (databases)
Universal command-line interface for SQL databases

vacuum @0.20.4 (devel)
vacuum is the worlds fastest OpenAPI 3, OpenAPI 2 / Swagger linter and quality analysis tool.

valabind @1.8.0_1 (devel)
This program converts vapi vala interface files into swig interfaces.

vale @3.7.1 (textproc)
A syntax-aware linter for prose built with speed and extensibility in mind.

vapor @2.2.4_32 (science)
interactive 3D scientific visualization environment

vcp @2.2 (sysutils)
vcp copies files and directories in a curses interface.

vecLibFort @0.4.3_1 (devel, math, science)
Fortran interface to vecLib BLAS/LAPACK

VIBES @0.2.3 (graphics)
Visualizer for Intervals and Boxes

viewvc @1.2.5 (devel, www)
Browser interface for CVS and Subversion

vim2html @1.46 (textproc)
vim2html converts any Vim-editable file into well-formed HTML

vint @0.3.21_1 (devel, python)
Lint tool for Vim script language

vislcg3 @1.3.7_5 (textproc)
Constraint Grammar parser for the VISL CG-3 formalism

vit @1.2_6 (office)
Vit is a full-screen terminal interface for Taskwarrior

vlang @0.4.3 (lang)
Simple, fast, safe, compiled language for developing maintainable software

vsh @0.14.0 (security)
HashiCorp Vault interactive shell and cli tool

wasm3 @0.5.0 (lang, devel)
A fast WebAssembly interpreter, and the most universal WASM runtime

waypoint @0.11.4 (devel)
A tool to build, deploy, and release any application on any platform

webify @1.5.0_1 (devel)
Turn shell commands into web services

websocketd @0.4.1_1 (net, devel)
Turn any program that uses STDIN/STDOUT into a WebSocket server. Like inetd, but for WebSockets.

wget @1.25.0_1 (net, www)
internet file retriever

wgetpro @0.1.3 (net, www)
advanced internet file retriever

wiki-tui @0.8.2 (www)
wiki-tui is a simple and easy to use Wikipedia text user interface

wmctrl @1.07 (x11)
interact with an EWMH/NetWM compatible X Window Manager

wp-cli @2.4.0 (www, php, devel)
A command line interface for WordPress

wtf @20230126 (games)
translates common Internet acronyms

wtf-x @0.1 (aqua)
A Mac OS X program to translate common Internet acronyms

wuzz @0.5.0_1 (www, net)
Interactive cli tool for HTTP inspection

WW @2.2_1 (science, education)
A command line tool to disaggregate Scantron or ZipGrade pre- and post-test responses into Walstad and Wagner learning types (Walstad and Wagner 2016) and adjusts them for guessing (Smith and Wagner 2017).

wxMaxima @24.01.0 (math, aqua)
Graphical user interface for Maxima based on wxWidgets

xaos @4.3.4 (graphics, math)
Real-time interactive fractal zoomer

xboard @4.9.1_3 (games)
X frontend for Crafty, GNUChess, Internet Chess Servers, or e-mail chess

xclip @0.13 (x11)
Command line interface to the X11 clipboard

xdg-utils @1.2.1 (sysutils)
basic desktop integration functions

xephem @4.2.0_1 (science)
interactive astronomical ephemeris program

xev @1.2.4 (x11)
Print contents of X11 events

xfig @3.2.9a (graphics, x11)
Facility for Interactive Generation of figures under X11

xfontsel @1.0.6 (x11, graphics)
Point and click selection of X11 font names

xforms @1.2.4_1 (x11)
A graphical user interface toolkit for X based on the X11 Xlib library

xfractint @20.04p16 (graphics)
A highly versatile fractal generator

xgraph @12.1_2 (math, x11)
VINT xgraph

xgsch2pcb @0.1.3_4 (cad, science, electronics)
intuitive and user-friendly graphical interface to gsch2pcb

xkbprint @1.0.5 (x11)
Print an XKB keyboard description

xlsatoms @1.1.3 (x11)
List interned atoms defined on an X11 server

xmfract @1.4 (math)
UNIX clone of the DOS based Fractint

xmh @1.0.3 (x11, mail)
Send and read mail with an X11 interface to MH

xmlgen @1.4 (lang, tcl)
The Tcl package xmlgen allows to write Tcl code which translates itself into XML.

xmodmap @1.0.10 (x11)
Modify keymaps and pointer button mappings in X11

xplanet @1.3.1_2 (x11, graphics)
Render an image of a planet into an X window or file

xpr @1.0.5 (x11)
Print an X11 window dump

xprobe2 @0.3 (net, security)
Remote, active OS fingerprinting tool

xrandr @1.5.2 (x11)
Primitive command line interface to RandR X11 extension

xraylib @4.1.2 (science)
A library for X-ray matter interaction cross sections

xsetpointer @1.0.1_1 (x11)
Set an X11 input device as the main pointer

xv @3.10a_17 (graphics, x11)
xv is an interactive image manipulation program for the X Window System.

xvinfo @1.1.4 (x11)
Print out X-Video extension adaptor information

yaegi @0.16.1 (devel)
Yaegi is Another Elegant Go Interpreter

yafic @1.2.2_4 (sysutils)
Yet Another File Integrity Checker

yajl-fort @1.3 (fortran)
Modern Fortran interface to the YAJL library

yamllint @1.38.0 (devel, python)
A linter for YAML files.

yorick @2.2.04_1 (science, yorick)
Interpreted language and scientific graphics

yorick-gy @0.0.5 (science, yorick)
GObject Introspection and Gtk bindings for Yorick

yorick-hdf5 @0.8.0_14 (science, yorick)
Hierarchical Data Format 5 interface for Yorick

youtube-viewer @3.11.3 (multimedia, net)
A very easy interface to YouTube.

zfp @2024.11.26 (science, devel)
zfp is a compressed format for representing multi-dimensional floating-point and integer arrays

zint @2.12.0 (textproc)
A barcode encoding library

zlint @3.6.5 (security)
X.509 Certificate Linter focused on Web PKI standards and requirements.

zssh @1.5c_6 (comms, security)
interactive file transfer wrapper for ssh

zvbi @0.2.35_6 (multimedia)
A library to capture and decode vertical blanking interval data

Found 4429 ports.
